2013.06.21 07:00:00.308,1.03707,1.03716,1.50,1.50
2013.06.21 07:00:00.489,1.03704,1.03715,3.19,1.50
2013.06.21 07:00:01.148,1.03703,1.03715,2.82,1.50
2013.06.21 07:00:01.700,1.03703,1.03712,1.50,1.13
2013.06.21 07:00:01.940,1.03703,1.03712,1.50,1.73
2013.06.21 07:00:06.098,1.03701,1.03711,1.69,1.50
2013.06.21 07:00:07.798,1.03703,1.03712,1.50,1.88
2013.06.21 07:00:08.779,1.03703,1.03711,1.50,1.50
2013.06.21 07:00:09.088,1.03694,1.03703,1.32,1.13
2013.06.21 07:00:09.148,1.03693,1.03702,1.20,3.23
2013.06.21 07:00:09.328,1.03693,1.03702,1.20,1.73
2013.06.21 07:00:09.628,1.03694,1.03703,1.20,1.13
2013.06.21 07:00:09.688,1.03694,1.03705,1.20,1.69
2013.06.21 07:00:10.193,1.03695,1.03706,1.50,3.19
2013.06.21 07:00:10.709,1.03695,1.03706,1.50,1.69
2013.06.21 07:00:14.390,1.03695,1.03706,1.50,2.44
2013.06.21 07:00:14.720,1.03695,1.03706,1.50,2.44
2013.06.21 07:00:15.258,1.03697,1.03707,1.50,1.13
2013.06.21 07:00:15.498,1.03698,1.0371,2.07,2.07
2013.06.21 07:00:16.024,1.03701,1.03711,1.50,1.69
2013.06.21 07:00:19.081,1.03702,1.03711,1.13,1.69
2013.06.21 07:00:19.198,1.03703,1.03713,1.88,1.32
2013.06.21 07:00:19.378,1.03703,1.03714,1.88,1.69
2013.06.21 07:00:19.891,1.03703,1.03715,2.63,2.44
2013.06.21 07:00:20.990,1.03703,1.03715,2.63,2.44
2013.06.21 07:00:21.512,1.03705,1.03716,1.50,1.69
2013.06.21 07:00:21.990,1.03707,1.03717,1.50,2.82
2013.06.21 07:00:22.528,1.03707,1.03717,2.25,1.13
2013.06.21 07:00:23.079,1.03708,1.03717,2.25,1.13
2013.06.21 07:00:23.838,1.03708,1.03717,1.50,1.13
2013.06.21 07:00:24.437,1.03707,1.03717,1.69,1.13
2013.06.21 07:00:24.738,1.03707,1.03717,1.69,2.63
2013.06.21 07:00:25.858,1.03708,1.03719,1.13,1.88
2013.06.21 07:00:25.979,1.03708,1.03719,1.32,1.50
2013.06.21 07:00:26.511,1.03711,1.03722,1.50,2.82
2013.06.21 07:00:31.971,1.03711,1.03722,1.50,4.32
2013.06.21 07:00:32.528,1.03711,1.03722,1.50,3.57
2013.06.21 07:00:32.588,1.03711,1.03722,1.50,2.07
2013.06.21 07:00:34.511,1.03712,1.03721,1.50,2.63
2013.06.21 07:00:34.571,1.03711,1.03717,1.50,1.13
2013.06.21 07:00:34.748,1.03708,1.03717,1.50,1.13
2013.06.21 07:00:44.488,1.03707,1.03717,2.25,2.82
2013.06.21 07:00:46.030,1.03707,1.03717,2.25,2.82
2013.06.21 07:00:48.378,1.03707,1.03712,2.25,1.13
2013.06.21 07:00:48.558,1.03704,1.03712,1.50,1.32
2013.06.21 07:00:53.011,1.03705,1.03715,1.50,1.69
2013.06.21 07:00:53.538,1.03706,1.03715,2.25,1.69
2013.06.21 07:01:01.378,1.03705,1.03715,1.50,1.50
2013.06.21 07:01:03.508,1.03704,1.03715,1.50,2.44
2013.06.21 07:01:03.568,1.03703,1.03712,1.50,1.13
2013.06.21 07:01:03.869,1.03701,1.03711,2.25,1.50
2013.06.21 07:01:04.538,1.03701,1.03711,1.50,1.50
2013.06.21 07:01:04.718,1.037,1.0371,1.50,1.58
2013.06.21 07:01:05.077,1.03701,1.03711,1.50,3.75
2013.06.21 07:01:06.979,1.03701,1.03711,1.50,3.19
2013.06.21 07:01:07.338,1.03701,1.03711,1.50,1.69
2013.06.21 07:01:07.526,1.03701,1.03712,1.50,2.82
2013.06.21 07:01:09.827,1.03701,1.03712,1.50,2.82
2013.06.21 07:01:10.850,1.03701,1.03712,1.50,2.82
2013.06.21 07:01:21.719,1.03701,1.03712,1.50,2.07
2013.06.21 07:01:25.558,1.03701,1.03712,1.50,2.07
2013.06.21 07:01:32.358,1.03698,1.03706,3.00,2.63
2013.06.21 07:01:32.479,1.03694,1.03703,3.75,1.13
2013.06.21 07:01:33.020,1.03693,1.03703,2.25,2.07
2013.06.21 07:01:33.578,1.03691,1.03703,1.50,2.82
2013.06.21 07:01:37.959,1.03691,1.03703,1.50,2.82
2013.06.21 07:01:40.219,1.03693,1.03703,1.50,1.88
2013.06.21 07:01:42.328,1.03693,1.03702,1.50,2.63
2013.06.21 07:01:42.509,1.0369,1.03698,1.50,1.13
2013.06.21 07:01:42.688,1.03688,1.03698,2.44,1.13
2013.06.21 07:01:43.265,1.03687,1.03698,1.50,1.73
2013.06.21 07:01:54.108,1.03688,1.03698,1.50,1.88
2013.06.21 07:02:06.169,1.03689,1.03701,1.50,2.44
2013.06.21 07:02:06.230,1.0369,1.03702,2.44,2.63
2013.06.21 07:02:06.650,1.03693,1.03705,2.63,2.44
2013.06.21 07:02:06.710,1.03693,1.03705,2.82,1.50
2013.06.21 07:02:06.769,1.03693,1.03706,3.57,2.07
2013.06.21 07:02:06.950,1.03697,1.03708,1.50,1.13
2013.06.21 07:02:07.489,1.03698,1.03708,2.25,1.13
2013.06.21 07:02:09.540,1.03698,1.03708,2.25,1.13
2013.06.21 07:02:09.935,1.03696,1.03704,1.50,2.25
2013.06.21 07:02:10.016,1.0369,1.03698,2.25,1.13
2013.06.21 07:02:26.290,1.03688,1.03696,1.50,2.25
2013.06.21 07:02:26.650,1.03684,1.03692,1.65,1.13
2013.06.21 07:02:26.709,1.03687,1.03696,1.50,2.25
2013.06.21 07:02:26.948,1.03688,1.03697,2.25,2.63
2013.06.21 07:02:34.717,1.0369,1.03697,1.50,1.13
2013.06.21 07:02:39.258,1.0369,1.03697,1.50,1.13
2013.06.21 07:02:42.464,1.0369,1.03697,1.50,1.13
2013.06.21 07:02:44.010,1.03689,1.03697,1.50,1.13
2013.06.21 07:02:44.549,1.03688,1.03696,1.50,3.57
2013.06.21 07:02:44.609,1.03686,1.03693,1.50,2.29
2013.06.21 07:02:44.790,1.03683,1.03692,2.40,1.73
2013.06.21 07:02:44.909,1.03682,1.03691,1.50,1.50
2013.06.21 07:02:45.808,1.03682,1.03692,1.50,1.13
2013.06.21 07:02:46.349,1.03683,1.03692,1.50,2.07
2013.06.21 07:02:47.448,1.03683,1.03692,1.50,2.07
2013.06.21 07:02:48.529,1.03682,1.03692,1.50,2.07
2013.06.21 07:02:49.048,1.0368,1.03691,1.50,1.54
2013.06.21 07:02:51.318,1.0368,1.03691,2.25,1.54
2013.06.21 07:02:52.258,1.03681,1.03691,1.50,1.54
2013.06.21 07:03:10.542,1.03681,1.03687,1.50,1.50
2013.06.21 07:03:10.779,1.03674,1.03682,1.50,1.88
2013.06.21 07:03:10.838,1.03673,1.03678,1.50,1.50
2013.06.21 07:03:11.030,1.03672,1.03678,1.50,4.13
2013.06.21 07:03:11.090,1.03669,1.03676,1.35,1.35
2013.06.21 07:03:11.650,1.03668,1.03677,2.85,1.13
2013.06.21 07:03:12.318,1.03669,1.03677,3.60,1.13
2013.06.21 07:03:12.438,1.03672,1.0368,1.50,1.69
2013.06.21 07:03:12.558,1.03673,1.03682,1.50,1.32
2013.06.21 07:03:13.538,1.03673,1.03684,2.63,2.44
2013.06.21 07:03:13.719,1.03674,1.03686,2.44,3.19
2013.06.21 07:03:14.381,1.03677,1.03687,1.50,2.07
2013.06.21 07:03:15.208,1.03677,1.03687,1.50,2.07
2013.06.21 07:03:15.750,1.03677,1.03687,1.50,1.32
2013.06.21 07:03:16.669,1.03676,1.03686,1.50,2.10
2013.06.21 07:03:16.729,1.03674,1.03686,1.50,3.79
2013.06.21 07:03:17.028,1.03674,1.03685,2.25,1.69
2013.06.21 07:03:17.568,1.03677,1.03686,1.50,1.54
2013.06.21 07:03:19.128,1.03675,1.03686,2.25,2.29
2013.06.21 07:03:19.838,1.03676,1.03687,1.50,2.07
2013.06.21 07:03:24.519,1.03679,1.03687,2.25,1.32
2013.06.21 07:03:24.879,1.0368,1.03687,1.50,1.13
2013.06.21 07:03:25.058,1.03678,1.03687,1.88,1.13
2013.06.21 07:03:25.179,1.0368,1.03687,1.50,1.13
2013.06.21 07:03:30.569,1.0368,1.03687,1.50,1.13
2013.06.21 07:03:30.688,1.03679,1.03687,2.07,1.13
2013.06.21 07:03:34.860,1.03679,1.0369,2.44,1.13
2013.06.21 07:03:34.920,1.03679,1.03691,3.19,2.44
2013.06.21 07:03:35.609,1.0368,1.03692,3.00,4.17
2013.06.21 07:03:36.905,1.03681,1.03692,2.25,3.42
2013.06.21 07:03:39.248,1.03681,1.03692,2.25,3.42
2013.06.21 07:03:44.796,1.03681,1.03692,1.69,3.23
2013.06.21 07:03:45.304,1.03681,1.03691,1.69,1.50
2013.06.21 07:03:55.189,1.03681,1.03691,1.50,1.69
2013.06.21 07:04:09.168,1.03682,1.03692,1.50,2.82
2013.06.21 07:04:10.572,1.03683,1.03693,1.13,2.44
2013.06.21 07:04:10.939,1.03684,1.03694,2.10,1.69
2013.06.21 07:04:11.059,1.03685,1.03694,1.50,1.50
2013.06.21 07:04:13.719,1.03685,1.03695,1.50,1.69
2013.06.21 07:04:18.035,1.03685,1.03694,2.25,2.25
2013.06.21 07:04:18.459,1.03682,1.03692,2.44,1.13
2013.06.21 07:04:18.804,1.03682,1.03694,4.69,2.82
2013.06.21 07:04:18.868,1.03683,1.03694,1.13,2.44
2013.06.21 07:04:19.414,1.03685,1.03696,1.50,3.94
2013.06.21 07:04:21.140,1.03684,1.03693,1.50,2.25
2013.06.21 07:04:21.382,1.03679,1.03691,2.82,1.69
2013.06.21 07:04:21.622,1.03678,1.03684,2.63,1.88
2013.06.21 07:04:21.681,1.03678,1.03683,1.13,1.88
2013.06.21 07:04:21.858,1.03676,1.03683,3.75,1.88
2013.06.21 07:04:22.558,1.03677,1.03686,3.00,1.73
2013.06.21 07:04:22.678,1.03679,1.03687,2.25,1.50
2013.06.21 07:04:22.798,1.0368,1.03691,1.69,1.13
2013.06.21 07:04:27.288,1.03681,1.03692,1.50,1.32
2013.06.21 07:04:27.804,1.03681,1.03693,3.94,1.88
2013.06.21 07:04:45.098,1.03682,1.03693,1.50,1.32
2013.06.21 07:04:45.638,1.03682,1.03693,1.50,1.32
2013.06.21 07:04:54.433,1.03683,1.03692,1.69,1.13
2013.06.21 07:04:57.888,1.03684,1.03692,2.44,1.13
2013.06.21 07:05:13.738,1.03685,1.03692,1.50,1.13
2013.06.21 07:05:13.859,1.03686,1.03695,1.50,2.44
2013.06.21 07:05:14.040,1.03687,1.03695,1.50,2.44
2013.06.21 07:05:14.738,1.03686,1.03695,2.25,2.44
2013.06.21 07:05:19.608,1.03686,1.03695,1.50,1.69
2013.06.21 07:05:21.328,1.03686,1.03695,1.50,1.69
2013.06.21 07:05:25.305,1.03686,1.03695,1.50,2.25
2013.06.21 07:05:26.178,1.03686,1.03695,1.50,2.25
2013.06.21 07:05:41.748,1.03687,1.03697,1.50,2.82
2013.06.21 07:05:53.019,1.03686,1.03697,1.50,4.17
2013.06.21 07:05:53.669,1.03687,1.03697,2.25,4.17
2013.06.21 07:06:05.168,1.03687,1.03697,2.25,2.82
2013.06.21 07:06:05.688,1.03686,1.03697,1.50,2.82
2013.06.21 07:06:09.830,1.03686,1.03697,1.50,2.82
2013.06.21 07:06:10.778,1.03686,1.03697,1.50,3.57
2013.06.21 07:06:21.339,1.03685,1.03696,2.25,1.69
2013.06.21 07:06:24.068,1.03685,1.03696,2.25,1.69
2013.06.21 07:06:26.539,1.03685,1.03696,1.50,1.69
2013.06.21 07:07:26.587,1.03683,1.03696,2.07,1.69
2013.06.21 07:07:29.718,1.03683,1.03696,1.13,1.80
2013.06.21 07:07:30.248,1.03683,1.03696,1.32,2.44
2013.06.21 07:07:44.852,1.03683,1.03697,2.07,3.57
2013.06.21 07:07:45.829,1.03683,1.03697,2.82,3.57
2013.06.21 07:07:46.189,1.03686,1.03697,1.50,3.57
2013.06.21 07:08:02.109,1.03686,1.03696,1.50,2.10
2013.06.21 07:08:03.471,1.03686,1.03696,1.50,2.10
2013.06.21 07:08:03.959,1.03683,1.03694,1.88,1.69
2013.06.21 07:08:30.250,1.03684,1.03695,3.00,2.44
2013.06.21 07:08:30.310,1.03686,1.03696,1.50,1.69
2013.06.21 07:08:30.846,1.03684,1.03696,2.25,2.44
2013.06.21 07:08:40.530,1.03684,1.03694,2.44,1.50
2013.06.21 07:08:40.591,1.03684,1.03693,1.69,1.50
2013.06.21 07:08:40.651,1.03682,1.03689,1.50,1.50
2013.06.21 07:08:40.770,1.0368,1.0369,1.59,1.50
2013.06.21 07:08:41.310,1.03678,1.03687,1.69,1.88
2013.06.21 07:08:45.085,1.03678,1.03687,2.44,1.13
2013.06.21 07:08:50.170,1.03679,1.0369,1.50,2.82
2013.06.21 07:09:01.181,1.03678,1.03687,1.69,1.13
2013.06.21 07:09:01.421,1.03674,1.03684,2.25,2.63
2013.06.21 07:09:01.540,1.03672,1.03684,2.85,2.63
2013.06.21 07:09:01.601,1.03672,1.03682,1.69,1.13
2013.06.21 07:09:01.780,1.0367,1.03679,1.50,1.13
2013.06.21 07:09:01.840,1.03668,1.03679,2.25,1.13
2013.06.21 07:09:02.390,1.03666,1.03678,2.44,1.13
2013.06.21 07:09:05.130,1.03668,1.03677,1.50,1.13
2013.06.21 07:09:07.140,1.03668,1.0368,2.07,3.19
2013.06.21 07:09:07.914,1.03668,1.0368,2.07,1.69
2013.06.21 07:09:13.650,1.03668,1.0368,2.82,1.50
2013.06.21 07:09:14.876,1.03669,1.0368,1.69,1.50
2013.06.21 07:09:15.060,1.03668,1.03679,1.13,1.32
2013.06.21 07:09:15.302,1.03668,1.03679,1.88,1.32
2013.06.21 07:09:15.360,1.03669,1.0368,1.50,2.44
2013.06.21 07:09:18.770,1.03669,1.03681,1.50,1.69
2013.06.21 07:09:19.030,1.03671,1.03682,1.50,1.32
2013.06.21 07:09:19.510,1.03669,1.03681,1.69,1.50
2013.06.21 07:09:22.810,1.03668,1.03681,2.82,1.69
2013.06.21 07:09:30.084,1.0367,1.03682,2.25,2.25
2013.06.21 07:09:30.634,1.03672,1.03682,1.50,1.50
2013.06.21 07:09:39.200,1.03672,1.03681,1.50,1.13
2013.06.21 07:09:39.701,1.03672,1.03681,1.50,1.13
2013.06.21 07:09:44.299,1.03672,1.03681,1.50,1.13
2013.06.21 07:09:45.388,1.0367,1.03681,1.69,1.13
2013.06.21 07:09:49.080,1.0367,1.03681,1.50,1.32
2013.06.21 07:09:49.320,1.03671,1.03682,1.50,1.32
2013.06.21 07:09:49.511,1.03671,1.03682,1.50,1.32
2013.06.21 07:09:49.871,1.03671,1.03682,1.50,1.32
2013.06.21 07:09:51.209,1.03671,1.03682,1.50,1.32
2013.06.21 07:09:56.480,1.03669,1.03681,3.19,1.88
2013.06.21 07:09:56.540,1.03669,1.0368,1.69,1.50
2013.06.21 07:09:56.661,1.03669,1.03678,1.69,1.50
2013.06.21 07:09:57.020,1.03672,1.03678,1.13,1.50
2013.06.21 07:09:57.259,1.03669,1.03678,1.50,1.50
2013.06.21 07:09:57.380,1.03667,1.03677,1.69,1.88
2013.06.21 07:09:57.940,1.03665,1.03677,5.85,1.88
2013.06.21 07:10:02.530,1.03668,1.03677,2.44,1.13
2013.06.21 07:10:11.559,1.03668,1.03679,3.57,1.50
2013.06.21 07:10:11.739,1.03669,1.03681,1.69,1.69
2013.06.21 07:10:16.731,1.03669,1.03681,1.50,3.19
2013.06.21 07:10:17.090,1.03666,1.03678,2.25,2.07
2013.06.21 07:10:17.869,1.03666,1.03678,2.25,2.07
2013.06.21 07:10:19.571,1.03667,1.03678,1.50,2.82
2013.06.21 07:10:23.360,1.03668,1.03678,1.50,2.82
2013.06.21 07:10:23.880,1.03667,1.03678,1.50,2.82
2013.06.21 07:10:25.170,1.03667,1.03677,1.50,1.32
2013.06.21 07:10:27.931,1.03667,1.03677,1.50,2.82
2013.06.21 07:11:00.812,1.03668,1.03678,2.25,1.32
2013.06.21 07:11:01.651,1.03668,1.0368,2.44,1.88
2013.06.21 07:11:02.254,1.03669,1.03681,2.44,1.32
2013.06.21 07:11:02.449,1.03669,1.03682,2.44,3.19
2013.06.21 07:11:03.529,1.0367,1.03682,1.50,2.07
2013.06.21 07:11:04.041,1.03672,1.03684,1.50,2.82
2013.06.21 07:11:05.580,1.03673,1.03685,3.94,3.00
2013.06.21 07:11:05.940,1.03676,1.03688,1.69,1.69
2013.06.21 07:11:32.380,1.03677,1.03688,2.44,1.13
2013.06.21 07:11:45.329,1.03677,1.03687,3.19,1.13
2013.06.21 07:12:00.542,1.0368,1.03687,1.50,1.13
2013.06.21 07:12:17.072,1.0368,1.03687,2.44,1.13
2013.06.21 07:12:17.605,1.0368,1.03687,1.69,1.13
2013.06.21 07:12:25.662,1.0368,1.03687,2.44,1.13
2013.06.21 07:12:27.881,1.0368,1.03687,1.50,1.13
2013.06.21 07:12:28.458,1.0368,1.03688,1.50,1.13
2013.06.21 07:12:37.421,1.0368,1.03688,1.50,1.13
2013.06.21 07:12:39.690,1.03681,1.03693,2.25,3.75
2013.06.21 07:12:39.810,1.03682,1.03693,1.50,2.82
2013.06.21 07:12:43.660,1.03682,1.0369,2.25,3.00
2013.06.21 07:12:43.841,1.03681,1.03688,1.50,1.13
2013.06.21 07:12:44.141,1.03683,1.03689,2.10,1.13
2013.06.21 07:12:44.500,1.03688,1.03692,1.13,1.50
2013.06.21 07:12:45.290,1.03686,1.03698,3.38,1.50
2013.06.21 07:12:45.410,1.03688,1.03698,2.63,1.50
2013.06.21 07:12:48.760,1.03688,1.03698,1.88,2.44
2013.06.21 07:12:49.190,1.03688,1.03697,1.13,1.69
2013.06.21 07:12:49.370,1.03686,1.03697,1.88,1.69
2013.06.21 07:12:49.432,1.03686,1.03696,1.50,1.50
2013.06.21 07:12:50.085,1.03684,1.03695,1.50,1.69
2013.06.21 07:12:50.151,1.03683,1.03694,3.00,1.32
2013.06.21 07:12:51.410,1.03682,1.03693,2.25,1.32
2013.06.21 07:12:57.860,1.03683,1.03695,2.63,3.94
2013.06.21 07:12:58.589,1.03683,1.03695,2.63,3.19
2013.06.21 07:12:59.771,1.03683,1.03695,2.63,3.19
2013.06.21 07:13:06.413,1.03683,1.03695,1.69,2.82
2013.06.21 07:13:35.420,1.03681,1.03693,3.19,1.88
2013.06.21 07:13:35.940,1.03681,1.03693,2.25,2.82
2013.06.21 07:13:41.900,1.03681,1.03689,1.50,1.13
2013.06.21 07:13:42.260,1.03678,1.03686,1.50,1.69
2013.06.21 07:13:42.500,1.03675,1.03686,2.25,1.69
2013.06.21 07:13:43.089,1.03673,1.03684,2.07,1.50
2013.06.21 07:13:47.800,1.03673,1.03684,1.13,1.69
2013.06.21 07:13:47.861,1.03672,1.03684,1.69,2.07
2013.06.21 07:13:51.101,1.03672,1.03683,2.25,1.32
2013.06.21 07:13:51.221,1.03675,1.03684,1.50,1.69
2013.06.21 07:13:55.392,1.03675,1.03684,1.50,1.69
2013.06.21 07:13:57.182,1.03676,1.03685,1.88,1.50
2013.06.21 07:13:57.541,1.03678,1.03689,1.69,1.88
2013.06.21 07:13:57.870,1.03679,1.0369,1.50,1.32
2013.06.21 07:13:58.421,1.03681,1.03689,1.50,2.07
2013.06.21 07:13:58.540,1.03679,1.03689,1.50,2.07
2013.06.21 07:14:00.660,1.03679,1.03687,1.50,1.88
2013.06.21 07:14:00.841,1.03677,1.03687,2.25,3.38
2013.06.21 07:14:00.960,1.03677,1.03687,1.50,3.38
2013.06.21 07:14:01.715,1.03675,1.03686,1.50,1.50
2013.06.21 07:14:01.901,1.03675,1.03686,1.50,1.50
2013.06.21 07:14:02.730,1.03675,1.03686,1.50,1.50
2013.06.21 07:14:03.210,1.03675,1.03686,1.50,1.50
2013.06.21 07:14:03.570,1.03678,1.03687,1.50,1.50
2013.06.21 07:14:03.690,1.03678,1.0369,2.44,3.94
2013.06.21 07:14:03.810,1.03678,1.0369,2.44,2.07
2013.06.21 07:14:04.350,1.03679,1.0369,1.50,1.32
2013.06.21 07:14:05.580,1.0368,1.03691,1.50,5.44
2013.06.21 07:14:05.820,1.03681,1.03692,2.25,1.32
2013.06.21 07:14:07.841,1.03682,1.03692,1.50,1.32
2013.06.21 07:14:08.200,1.0368,1.03689,2.63,1.13
2013.06.21 07:14:21.595,1.03679,1.03687,1.50,1.13
2013.06.21 07:14:21.661,1.03678,1.03687,1.13,1.13
2013.06.21 07:14:22.140,1.03676,1.03686,1.50,2.44
2013.06.21 07:14:26.920,1.03676,1.03686,2.25,2.07
2013.06.21 07:14:27.100,1.03678,1.03688,1.50,2.07
2013.06.21 07:14:27.580,1.03684,1.0369,2.48,1.50
2013.06.21 07:14:27.640,1.03684,1.03693,2.85,1.69
2013.06.21 07:14:27.820,1.03684,1.03696,3.00,3.19
2013.06.21 07:14:27.880,1.03683,1.03692,3.00,1.13
2013.06.21 07:14:28.060,1.03684,1.03691,1.13,1.50
2013.06.21 07:14:28.620,1.03684,1.03693,1.13,1.32
2013.06.21 07:14:33.900,1.03681,1.03693,3.00,2.07
2013.06.21 07:15:04.740,1.03681,1.03692,2.25,2.07
2013.06.21 07:15:06.022,1.03681,1.03692,2.25,1.32
2013.06.21 07:15:14.422,1.03682,1.03692,1.50,1.13
2013.06.21 07:15:15.470,1.03682,1.03692,1.50,1.88
2013.06.21 07:15:15.530,1.03682,1.03688,1.50,1.50
2013.06.21 07:15:15.592,1.03678,1.03688,1.50,1.88
2013.06.21 07:15:15.890,1.03678,1.03686,1.50,1.69
2013.06.21 07:15:16.430,1.03676,1.03686,1.50,1.69
2013.06.21 07:15:17.620,1.03676,1.03686,1.50,1.69
2013.06.21 07:15:17.920,1.03674,1.03686,1.50,2.44
2013.06.21 07:15:19.905,1.03674,1.03686,2.25,1.69
2013.06.21 07:15:20.571,1.03674,1.03686,2.25,2.44
2013.06.21 07:15:24.141,1.03674,1.03686,3.19,2.44
2013.06.21 07:15:24.671,1.03675,1.03686,1.50,1.69
2013.06.21 07:15:27.002,1.03675,1.03686,1.50,1.69
2013.06.21 07:15:28.333,1.03674,1.03685,2.25,1.32
2013.06.21 07:15:28.393,1.03673,1.03684,2.25,1.32
2013.06.21 07:15:28.631,1.03674,1.03685,1.50,2.82
2013.06.21 07:15:29.170,1.03676,1.03686,1.50,2.44
2013.06.21 07:15:29.230,1.03676,1.03686,1.50,1.69
2013.06.21 07:15:29.800,1.03676,1.03687,3.75,1.32
2013.06.21 07:15:29.860,1.03676,1.03688,4.69,1.32
2013.06.21 07:15:30.161,1.03679,1.03689,1.50,1.32
2013.06.21 07:15:30.852,1.0368,1.0369,1.50,3.19
2013.06.21 07:15:30.973,1.0368,1.03692,1.50,2.82
2013.06.21 07:15:31.572,1.0368,1.03692,2.25,2.82
2013.06.21 07:15:32.111,1.03681,1.03692,2.25,2.07
2013.06.21 07:15:34.897,1.03682,1.03692,1.50,1.32
2013.06.21 07:15:38.733,1.03683,1.03694,1.50,3.57
2013.06.21 07:15:43.810,1.03683,1.03692,1.50,1.88
2013.06.21 07:15:44.050,1.03681,1.03687,1.50,1.13
2013.06.21 07:15:50.570,1.03681,1.0369,1.50,1.69
2013.06.21 07:15:50.691,1.03682,1.03692,1.50,1.88
2013.06.21 07:15:50.870,1.03683,1.03692,1.50,1.13
2013.06.21 07:15:55.450,1.03683,1.03695,3.38,1.69
2013.06.21 07:15:55.990,1.03684,1.03696,1.69,2.44
2013.06.21 07:15:56.531,1.03684,1.03696,1.69,2.44
2013.06.21 07:15:58.320,1.03684,1.03696,4.54,1.69
2013.06.21 07:15:58.380,1.03686,1.03696,1.13,1.69
2013.06.21 07:15:58.740,1.03691,1.03703,2.63,2.44
2013.06.21 07:15:59.280,1.03691,1.03703,3.57,1.50
2013.06.21 07:16:03.461,1.03693,1.03704,2.07,1.50
2013.06.21 07:16:04.220,1.03694,1.03706,1.50,4.32
2013.06.21 07:16:04.740,1.03693,1.03706,2.07,4.32
2013.06.21 07:16:05.561,1.03693,1.03705,2.07,1.69
2013.06.21 07:16:06.121,1.03693,1.03705,2.07,1.69
2013.06.21 07:16:07.682,1.03693,1.03705,2.07,1.69
2013.06.21 07:16:08.726,1.03694,1.03704,1.50,1.50
2013.06.21 07:16:09.270,1.03694,1.03704,1.50,1.50
2013.06.21 07:16:09.810,1.03693,1.03704,1.32,2.25
2013.06.21 07:16:12.630,1.03691,1.03703,3.19,1.32
2013.06.21 07:16:21.641,1.03692,1.03702,2.25,1.32
2013.06.21 07:16:25.551,1.03692,1.03702,2.25,2.07
2013.06.21 07:16:30.872,1.03692,1.03702,1.50,2.07
2013.06.21 07:16:31.428,1.03692,1.03702,1.50,2.07
2013.06.21 07:16:32.420,1.03692,1.03702,1.50,2.07
2013.06.21 07:16:33.460,1.03692,1.03702,1.50,1.32
2013.06.21 07:16:38.898,1.03692,1.03702,1.50,2.07
2013.06.21 07:16:38.966,1.03692,1.03699,1.50,1.50
2013.06.21 07:16:39.104,1.03687,1.03696,2.85,1.50
2013.06.21 07:16:39.172,1.03685,1.03695,2.82,2.25
2013.06.21 07:16:39.651,1.03681,1.03692,1.13,2.44
2013.06.21 07:16:42.242,1.03682,1.03694,2.07,2.44
2013.06.21 07:16:42.782,1.03684,1.03694,1.50,1.69
2013.06.21 07:16:43.083,1.03686,1.03696,1.50,1.50
2013.06.21 07:16:43.393,1.03691,1.03699,1.50,1.13
2013.06.21 07:16:49.871,1.03692,1.037,2.44,1.50
2013.06.21 07:16:50.233,1.03694,1.03702,2.25,1.13
2013.06.21 07:16:50.591,1.03695,1.03706,3.94,2.25
2013.06.21 07:16:50.712,1.03699,1.03706,1.50,1.50
2013.06.21 07:16:50.832,1.03697,1.03706,2.07,1.50
2013.06.21 07:16:51.252,1.03698,1.03709,1.13,2.44
2013.06.21 07:16:53.272,1.03698,1.03709,2.63,1.50
2013.06.21 07:16:53.621,1.03699,1.03709,1.50,1.50
2013.06.21 07:16:55.570,1.037,1.03709,1.50,1.50
2013.06.21 07:16:57.241,1.03699,1.03709,2.25,1.50
2013.06.21 07:16:58.200,1.03698,1.03708,1.32,1.50
2013.06.21 07:16:58.561,1.03697,1.03707,1.32,1.50
2013.06.21 07:16:59.310,1.03698,1.03707,1.32,1.50
2013.06.21 07:17:01.011,1.03698,1.03708,1.32,2.25
2013.06.21 07:17:05.575,1.03698,1.03708,1.32,2.25
2013.06.21 07:17:07.530,1.03697,1.03708,1.69,2.25
2013.06.21 07:17:08.310,1.03699,1.03708,1.50,2.25
2013.06.21 07:17:08.892,1.03699,1.03708,1.50,2.25
2013.06.21 07:17:09.791,1.03699,1.03708,1.50,2.25
2013.06.21 07:17:10.343,1.037,1.03708,1.50,2.25
2013.06.21 07:17:13.260,1.03701,1.03708,1.50,1.50
2013.06.21 07:17:13.320,1.03701,1.0371,1.50,2.25
2013.06.21 07:17:13.380,1.03701,1.0371,1.50,1.50
2013.06.21 07:17:13.560,1.03702,1.03714,1.50,2.63
2013.06.21 07:17:13.620,1.03705,1.03714,1.50,2.63
2013.06.21 07:17:13.804,1.03705,1.03716,1.50,2.44
2013.06.21 07:17:19.411,1.03705,1.03716,1.50,3.19
2013.06.21 07:17:21.797,1.03704,1.03716,1.50,3.19
2013.06.21 07:17:23.077,1.03704,1.03716,1.50,3.94
2013.06.21 07:17:29.542,1.03702,1.03714,1.69,3.19
2013.06.21 07:17:29.664,1.03701,1.03712,1.13,1.69
2013.06.21 07:17:30.021,1.03696,1.03707,1.50,2.44
2013.06.21 07:17:30.561,1.03694,1.03706,1.69,1.69
2013.06.21 07:17:31.840,1.03694,1.03706,2.44,1.69
2013.06.21 07:17:32.200,1.03699,1.03709,1.50,1.69
2013.06.21 07:17:32.381,1.03699,1.03711,1.50,2.44
2013.06.21 07:17:32.440,1.037,1.03711,1.50,1.69
2013.06.21 07:17:32.621,1.03702,1.03714,1.50,2.82
2013.06.21 07:17:34.091,1.03702,1.03714,1.50,1.69
2013.06.21 07:17:37.860,1.03702,1.03714,1.50,1.69
2013.06.21 07:17:40.775,1.03702,1.03714,1.50,1.69
2013.06.21 07:17:42.940,1.03702,1.03714,1.50,1.69
2013.06.21 07:17:49.010,1.03702,1.03714,1.50,1.69
2013.06.21 07:17:59.401,1.03701,1.03713,2.44,1.69
2013.06.21 07:17:59.521,1.037,1.03712,2.25,1.69
2013.06.21 07:17:59.881,1.03702,1.03713,1.50,1.69
2013.06.21 07:18:08.951,1.03702,1.03714,2.25,2.44
2013.06.21 07:18:10.883,1.03703,1.03715,2.25,3.94
2013.06.21 07:18:11.012,1.03704,1.03715,2.33,2.25
2013.06.21 07:18:11.071,1.03706,1.03715,1.58,1.50
2013.06.21 07:18:11.370,1.03707,1.03717,1.69,1.50
2013.06.21 07:18:11.610,1.03707,1.0372,3.94,1.69
2013.06.21 07:18:15.822,1.03709,1.0372,1.69,1.50
2013.06.21 07:18:16.480,1.03708,1.0372,1.69,1.69
2013.06.21 07:18:19.130,1.03709,1.0372,1.69,1.50
2013.06.21 07:18:24.221,1.0371,1.0372,1.69,1.50
2013.06.21 07:18:25.340,1.03709,1.0372,2.44,1.50
2013.06.21 07:18:30.006,1.03709,1.03719,2.44,1.13
2013.06.21 07:18:41.072,1.0371,1.03721,1.50,4.62
2013.06.21 07:18:41.252,1.03711,1.03721,1.50,1.99
2013.06.21 07:18:42.100,1.03713,1.03721,2.85,1.99
2013.06.21 07:18:42.341,1.03729,1.03743,4.50,2.44
2013.06.21 07:18:42.402,1.0373,1.03743,2.25,2.44
2013.06.21 07:18:42.761,1.03734,1.03746,4.35,1.50
2013.06.21 07:18:43.063,1.03736,1.03746,2.25,1.69
2013.06.21 07:18:43.610,1.03736,1.03746,1.50,1.69
2013.06.21 07:18:44.150,1.03736,1.03746,1.50,1.69
2013.06.21 07:18:45.401,1.03736,1.03747,1.50,1.69
2013.06.21 07:18:47.191,1.03735,1.03747,2.25,1.69
2013.06.21 07:18:47.830,1.03735,1.03747,2.25,3.19
2013.06.21 07:18:48.981,1.03735,1.03747,2.25,2.44
2013.06.21 07:18:49.981,1.03735,1.03746,3.00,3.19
2013.06.21 07:18:51.581,1.03734,1.03743,2.25,1.13
2013.06.21 07:18:51.881,1.03726,1.03737,1.50,2.44
2013.06.21 07:18:51.941,1.03727,1.03736,1.50,1.50
2013.06.21 07:18:52.061,1.03726,1.03736,1.50,1.50
2013.06.21 07:18:53.561,1.03726,1.03736,2.44,1.50
2013.06.21 07:18:53.621,1.03726,1.03737,3.79,1.50
2013.06.21 07:18:53.981,1.03731,1.03738,1.50,1.69
2013.06.21 07:18:54.041,1.03728,1.03738,1.50,1.69
2013.06.21 07:18:54.557,1.03727,1.03737,1.50,1.32
2013.06.21 07:18:55.149,1.03727,1.03737,1.50,2.07
2013.06.21 07:18:56.760,1.03727,1.03737,1.50,1.88
2013.06.21 07:18:58.803,1.03725,1.03732,1.50,1.77
2013.06.21 07:18:58.921,1.03721,1.03732,1.50,4.02
2013.06.21 07:18:59.281,1.0372,1.03731,1.50,2.44
2013.06.21 07:18:59.401,1.0372,1.0373,1.50,2.44
2013.06.21 07:18:59.942,1.0372,1.0373,1.50,2.44
2013.06.21 07:19:00.670,1.03718,1.03727,1.50,1.88
2013.06.21 07:19:01.167,1.03715,1.03725,2.25,1.32
2013.06.21 07:19:01.352,1.03715,1.03726,3.00,1.69
2013.06.21 07:19:01.472,1.03715,1.03726,3.00,1.69
2013.06.21 07:19:02.012,1.03716,1.03727,1.50,2.82
2013.06.21 07:19:04.595,1.03716,1.03727,1.50,2.82
2013.06.21 07:19:05.101,1.03716,1.03725,1.50,1.50
2013.06.21 07:19:05.161,1.03715,1.03724,1.50,1.32
2013.06.21 07:19:05.341,1.03713,1.03725,2.63,3.19
2013.06.21 07:19:05.581,1.03715,1.03726,1.50,3.94
2013.06.21 07:19:06.120,1.03716,1.03726,1.50,2.44
2013.06.21 07:19:07.352,1.03716,1.03726,1.50,2.44
2013.06.21 07:19:07.472,1.03714,1.03726,2.25,5.44
2013.06.21 07:19:08.012,1.03713,1.03722,2.25,1.32
2013.06.21 07:19:09.111,1.03714,1.03723,1.50,1.69
2013.06.21 07:19:09.362,1.03714,1.03726,2.44,1.50
2013.06.21 07:19:09.754,1.03715,1.03727,3.19,2.07
2013.06.21 07:19:10.272,1.03718,1.03729,2.25,1.32
2013.06.21 07:19:10.634,1.03719,1.0373,2.25,1.69
2013.06.21 07:19:10.942,1.03722,1.0373,1.50,1.69
2013.06.21 07:19:11.423,1.03718,1.03729,2.07,2.25
2013.06.21 07:19:13.321,1.03717,1.03728,1.50,1.32
2013.06.21 07:19:15.531,1.03717,1.03727,1.50,1.13
2013.06.21 07:19:17.020,1.03717,1.03727,1.50,1.13
2013.06.21 07:19:17.595,1.03715,1.03727,3.00,2.82
2013.06.21 07:19:18.081,1.03715,1.03726,3.00,1.50
2013.06.21 07:19:19.140,1.03715,1.03725,2.25,1.50
2013.06.21 07:19:21.691,1.03715,1.03725,1.50,1.50
2013.06.21 07:19:27.501,1.03714,1.03725,1.50,2.25
2013.06.21 07:19:28.372,1.03714,1.03725,1.50,2.25
2013.06.21 07:19:28.731,1.03713,1.03724,2.25,1.13
2013.06.21 07:19:30.160,1.03713,1.03724,2.63,1.50
2013.06.21 07:19:30.521,1.03713,1.0372,2.25,1.13
2013.06.21 07:19:30.700,1.03708,1.03718,2.07,1.50
2013.06.21 07:19:31.664,1.03706,1.03718,2.44,4.50
2013.06.21 07:19:31.721,1.03706,1.03717,1.69,2.25
2013.06.21 07:19:34.003,1.03703,1.03715,3.19,1.88
2013.06.21 07:19:34.511,1.03705,1.03716,1.50,2.25
2013.06.21 07:19:35.040,1.03705,1.03716,1.50,2.25
2013.06.21 07:19:35.580,1.03705,1.03716,1.50,2.25
2013.06.21 07:19:36.181,1.03705,1.03716,2.25,1.50
2013.06.21 07:19:36.899,1.03705,1.03716,3.00,2.25
2013.06.21 07:19:40.302,1.03706,1.03716,1.50,1.69
2013.06.21 07:19:41.271,1.03706,1.03716,1.50,2.82
2013.06.21 07:19:43.070,1.03705,1.03716,1.50,3.57
2013.06.21 07:19:44.171,1.03706,1.03716,2.82,1.13
2013.06.21 07:19:44.592,1.03708,1.03718,1.50,1.50
2013.06.21 07:19:45.131,1.03708,1.03719,2.44,2.25
2013.06.21 07:19:45.691,1.03708,1.03719,2.44,2.25
2013.06.21 07:19:47.012,1.03708,1.03719,1.69,2.25
2013.06.21 07:19:47.840,1.03708,1.03719,2.44,2.25
2013.06.21 07:19:48.081,1.03706,1.03718,1.69,3.19
2013.06.21 07:19:48.589,1.03706,1.03718,1.69,3.94
2013.06.21 07:19:49.110,1.03706,1.03718,1.69,3.19
2013.06.21 07:19:50.881,1.03707,1.03717,1.50,1.50
2013.06.21 07:19:50.942,1.03707,1.03718,2.44,1.50
2013.06.21 07:19:51.181,1.03708,1.0372,4.54,1.69
2013.06.21 07:19:51.301,1.0371,1.03721,1.50,4.32
2013.06.21 07:19:51.553,1.03708,1.0372,3.79,1.69
2013.06.21 07:19:53.601,1.03708,1.0372,3.79,2.44
2013.06.21 07:19:54.711,1.03709,1.0372,1.69,1.50
2013.06.21 07:19:55.240,1.0371,1.0372,1.50,1.50
2013.06.21 07:19:56.230,1.0371,1.03722,1.50,2.44
2013.06.21 07:19:56.651,1.0371,1.0372,1.50,1.50
2013.06.21 07:19:57.140,1.03708,1.0372,3.19,2.25
2013.06.21 07:19:57.901,1.03708,1.0372,3.19,3.38
2013.06.21 07:20:08.734,1.03708,1.0372,3.19,3.57
2013.06.21 07:20:10.083,1.03708,1.0372,3.19,2.82
2013.06.21 07:20:11.480,1.03709,1.0372,2.25,1.69
2013.06.21 07:20:11.841,1.03711,1.03721,1.50,3.19
2013.06.21 07:20:11.961,1.03709,1.0372,2.25,2.07
2013.06.21 07:20:12.901,1.03709,1.0372,2.25,2.07
2013.06.21 07:20:13.509,1.03709,1.0372,1.50,2.44
2013.06.21 07:20:13.901,1.03709,1.03719,1.50,1.50
2013.06.21 07:20:14.080,1.03709,1.0372,1.50,1.69
2013.06.21 07:20:16.060,1.03709,1.0372,1.50,1.69
2013.06.21 07:20:17.222,1.03709,1.03721,2.25,3.19
2013.06.21 07:20:17.282,1.03711,1.03721,1.50,1.50
2013.06.21 07:20:17.641,1.03712,1.03723,2.25,1.69
2013.06.21 07:20:17.701,1.03712,1.03724,2.44,1.50
2013.06.21 07:20:17.761,1.03714,1.03726,1.50,2.44
2013.06.21 07:20:19.711,1.03716,1.03727,1.50,2.44
2013.06.21 07:20:20.281,1.03716,1.03727,1.50,2.44
2013.06.21 07:20:25.226,1.03716,1.03727,1.50,1.69
2013.06.21 07:20:25.711,1.03717,1.03728,1.69,1.50
2013.06.21 07:20:27.221,1.03718,1.03729,1.50,2.44
2013.06.21 07:20:29.953,1.03718,1.03729,3.00,1.69
2013.06.21 07:20:32.971,1.03718,1.03728,1.50,1.50
2013.06.21 07:20:47.391,1.03717,1.03728,3.19,1.50
2013.06.21 07:20:47.951,1.03717,1.03728,3.19,1.50
2013.06.21 07:20:50.651,1.03717,1.03727,1.50,1.50
2013.06.21 07:20:53.434,1.03716,1.03727,2.25,1.69
2013.06.21 07:20:53.976,1.03716,1.03726,1.50,1.50
2013.06.21 07:20:55.111,1.03716,1.03726,1.50,1.50
2013.06.21 07:20:55.303,1.03716,1.03725,1.50,1.28
2013.06.21 07:20:55.482,1.03709,1.03721,1.69,1.69
2013.06.21 07:20:56.020,1.03707,1.03719,3.57,1.50
2013.06.21 07:20:59.230,1.03708,1.0372,3.79,2.25
2013.06.21 07:20:59.821,1.03709,1.0372,1.69,1.50
2013.06.21 07:20:59.941,1.03709,1.0372,1.69,1.50
2013.06.21 07:21:00.301,1.03709,1.0372,3.94,1.50
2013.06.21 07:21:01.383,1.0371,1.0372,1.69,1.50
2013.06.21 07:21:01.921,1.0371,1.03721,2.25,2.44
2013.06.21 07:21:02.767,1.0371,1.03721,2.25,1.69
2013.06.21 07:21:03.442,1.03709,1.0372,2.44,1.50
2013.06.21 07:21:03.502,1.03709,1.0372,2.44,1.50
2013.06.21 07:21:03.860,1.03708,1.0372,3.19,3.00
2013.06.21 07:21:05.643,1.03709,1.0372,1.69,1.50
2013.06.21 07:21:06.371,1.03712,1.03721,1.50,2.82
2013.06.21 07:21:06.911,1.03709,1.03721,2.29,3.94
2013.06.21 07:21:07.091,1.03709,1.03719,2.44,1.50
2013.06.21 07:21:08.132,1.03708,1.03719,3.94,1.50
2013.06.21 07:21:14.961,1.03709,1.0372,2.44,1.50
2013.06.21 07:21:15.522,1.0371,1.0372,3.00,1.50
2013.06.21 07:21:16.004,1.03709,1.0372,1.69,1.50
2013.06.21 07:21:18.290,1.03708,1.03719,2.44,1.50
2013.06.21 07:21:19.451,1.03708,1.03719,1.50,1.69
2013.06.21 07:21:19.958,1.03708,1.03719,1.50,1.69
2013.06.21 07:21:21.271,1.03707,1.03719,2.44,2.44
2013.06.21 07:21:27.361,1.03708,1.03719,3.94,1.50
2013.06.21 07:21:27.730,1.03711,1.0372,1.50,1.50
2013.06.21 07:21:28.791,1.03711,1.03722,1.50,3.57
2013.06.21 07:21:29.151,1.03716,1.03726,1.50,2.25
2013.06.21 07:21:29.391,1.03716,1.03727,1.50,3.00
2013.06.21 07:21:32.932,1.03716,1.03727,1.50,3.94
2013.06.21 07:21:33.573,1.03716,1.03726,1.50,1.50
2013.06.21 07:21:35.661,1.03716,1.03725,1.50,1.50
2013.06.21 07:21:37.751,1.03716,1.03725,1.50,1.50
2013.06.21 07:21:41.633,1.03716,1.03728,3.79,1.69
2013.06.21 07:21:41.692,1.03719,1.03728,1.50,1.50
2013.06.21 07:21:42.001,1.03722,1.0373,1.50,1.50
2013.06.21 07:21:42.185,1.03722,1.0373,1.50,1.50
2013.06.21 07:21:42.611,1.0372,1.0373,2.44,1.50
2013.06.21 07:21:42.731,1.03722,1.03731,1.50,2.25
2013.06.21 07:21:43.030,1.0372,1.03731,1.50,2.25
2013.06.21 07:21:43.801,1.03724,1.03732,1.50,2.25
2013.06.21 07:21:44.041,1.03724,1.03735,1.50,2.63
2013.06.21 07:21:44.101,1.03722,1.03732,3.19,1.50
2013.06.21 07:21:44.161,1.03721,1.0373,2.44,1.50
2013.06.21 07:21:44.522,1.03722,1.03733,1.50,4.69
2013.06.21 07:21:44.582,1.03722,1.03733,2.25,2.44
2013.06.21 07:21:44.702,1.03725,1.03735,2.25,1.69
2013.06.21 07:21:44.821,1.03727,1.03735,1.50,1.50
2013.06.21 07:21:45.241,1.03728,1.03739,1.50,3.57
2013.06.21 07:21:46.581,1.03729,1.03739,2.25,1.69
2013.06.21 07:21:46.641,1.03729,1.0374,1.69,1.50
2013.06.21 07:21:46.702,1.03731,1.03742,1.50,1.69
2013.06.21 07:21:47.001,1.03735,1.03745,2.25,1.50
2013.06.21 07:21:47.554,1.03735,1.03747,2.25,3.19
2013.06.21 07:21:49.124,1.03737,1.03747,1.50,1.50
2013.06.21 07:21:50.583,1.03737,1.03744,1.50,3.00
2013.06.21 07:21:50.703,1.0373,1.0374,1.69,1.50
2013.06.21 07:21:50.821,1.0373,1.0374,1.50,2.25
2013.06.21 07:21:51.509,1.0373,1.0374,1.50,1.50
2013.06.21 07:21:53.593,1.03731,1.0374,1.50,1.69
2013.06.21 07:21:54.130,1.03731,1.03741,1.50,2.44
2013.06.21 07:21:55.551,1.03731,1.03739,1.50,1.50
2013.06.21 07:21:55.670,1.03732,1.03743,1.50,2.82
2013.06.21 07:21:55.731,1.03733,1.03744,1.50,1.50
2013.06.21 07:21:55.790,1.03733,1.03745,1.50,1.69
2013.06.21 07:21:56.031,1.03736,1.03747,1.50,1.13
2013.06.21 07:21:56.151,1.03738,1.03749,1.50,2.44
2013.06.21 07:21:59.721,1.03738,1.03749,1.50,1.69
2013.06.21 07:22:00.021,1.03741,1.03753,3.75,3.19
2013.06.21 07:22:00.260,1.03743,1.03754,2.25,2.07
2013.06.21 07:22:02.740,1.03741,1.03752,1.50,1.69
2013.06.21 07:22:03.296,1.03739,1.03751,2.25,2.25
2013.06.21 07:22:03.831,1.03739,1.0375,2.25,1.50
2013.06.21 07:22:04.486,1.03739,1.03751,2.25,2.25
2013.06.21 07:22:05.001,1.03739,1.0375,2.44,1.50
2013.06.21 07:22:14.543,1.03741,1.03752,3.19,1.50
2013.06.21 07:22:14.665,1.03745,1.03755,1.50,3.00
2013.06.21 07:22:15.211,1.03746,1.03757,1.50,2.44
2013.06.21 07:22:15.457,1.03746,1.03758,1.69,2.44
2013.06.21 07:22:16.019,1.03747,1.03759,1.50,3.57
2013.06.21 07:22:17.995,1.03747,1.03759,1.50,3.57
2013.06.21 07:22:19.761,1.03748,1.03759,2.25,2.82
2013.06.21 07:22:20.121,1.03749,1.0376,1.50,1.32
2013.06.21 07:22:20.301,1.0375,1.03761,1.69,2.25
2013.06.21 07:22:20.601,1.03749,1.0376,2.44,1.88
2013.06.21 07:22:20.911,1.03749,1.03759,1.50,1.13
2013.06.21 07:22:21.511,1.03749,1.03759,1.50,1.13
2013.06.21 07:22:26.401,1.03748,1.03759,3.94,1.88
2013.06.21 07:22:34.413,1.03747,1.03758,1.50,1.69
2013.06.21 07:22:35.251,1.03747,1.03758,1.50,2.44
2013.06.21 07:22:36.971,1.03747,1.03758,2.25,1.69
2013.06.21 07:22:37.513,1.03747,1.03758,2.25,1.69
2013.06.21 07:22:41.751,1.03747,1.03758,1.69,1.50
2013.06.21 07:22:42.413,1.03747,1.03759,2.44,3.19
2013.06.21 07:22:43.131,1.03747,1.03758,1.50,2.44
2013.06.21 07:22:43.671,1.03744,1.03756,3.94,3.00
2013.06.21 07:22:45.500,1.03744,1.03756,2.44,3.00
2013.06.21 07:22:47.613,1.03744,1.03756,2.44,3.19
2013.06.21 07:22:49.415,1.03744,1.03756,1.69,3.19
2013.06.21 07:22:49.534,1.03742,1.03754,3.19,1.50
2013.06.21 07:22:49.592,1.03742,1.03754,1.50,2.44
2013.06.21 07:22:49.772,1.0374,1.03752,1.50,1.69
2013.06.21 07:22:50.334,1.03738,1.0375,3.57,1.50
2013.06.21 07:22:53.762,1.03738,1.0375,3.19,1.50
2013.06.21 07:22:57.612,1.03738,1.03747,3.19,2.63
2013.06.21 07:22:57.973,1.03731,1.03737,2.25,1.50
2013.06.21 07:22:58.032,1.03729,1.03736,1.50,1.50
2013.06.21 07:22:58.094,1.03727,1.03736,2.25,1.50
2013.06.21 07:22:58.153,1.03726,1.03736,1.69,1.50
2013.06.21 07:22:58.541,1.03723,1.03735,1.50,1.50
2013.06.21 07:22:59.321,1.03723,1.03735,1.50,1.50
2013.06.21 07:23:00.371,1.03723,1.03735,1.50,1.50
2013.06.21 07:23:00.891,1.03723,1.03735,1.69,1.50
2013.06.21 07:23:01.401,1.03722,1.03735,2.25,2.44
2013.06.21 07:23:02.642,1.03723,1.03735,1.50,2.44
2013.06.21 07:23:03.301,1.03722,1.03733,2.44,5.76
2013.06.21 07:23:03.362,1.03722,1.0373,1.69,2.48
2013.06.21 07:23:03.483,1.03718,1.03725,1.50,1.88
2013.06.21 07:23:03.615,1.03713,1.03724,2.44,1.35
2013.06.21 07:23:13.181,1.03713,1.03721,1.50,2.25
2013.06.21 07:23:13.421,1.0371,1.03721,1.69,3.00
2013.06.21 07:23:13.964,1.03711,1.03723,2.44,1.84
2013.06.21 07:23:14.490,1.03711,1.03722,1.69,1.50
2013.06.21 07:23:14.791,1.03712,1.03724,2.25,3.19
2013.06.21 07:23:15.883,1.03711,1.03722,2.44,1.50
2013.06.21 07:23:16.432,1.03712,1.03724,2.25,3.19
2013.06.21 07:23:17.901,1.03713,1.03724,2.25,1.69
2013.06.21 07:23:22.844,1.03714,1.03725,1.50,3.19
2013.06.21 07:23:23.022,1.03715,1.03726,2.25,1.50
2013.06.21 07:23:23.082,1.03715,1.03728,2.25,2.44
2013.06.21 07:23:23.440,1.03719,1.0373,1.50,2.44
2013.06.21 07:23:23.981,1.03718,1.0373,2.25,2.44
2013.06.21 07:23:24.342,1.03724,1.03735,1.50,1.69
2013.06.21 07:23:25.183,1.03725,1.03735,1.50,1.69
2013.06.21 07:23:25.252,1.03725,1.03737,1.50,3.19
2013.06.21 07:23:25.796,1.03727,1.03738,1.50,1.69
2013.06.21 07:23:30.592,1.03727,1.03738,1.50,1.69
2013.06.21 07:23:31.182,1.03728,1.0374,1.50,3.19
2013.06.21 07:23:31.310,1.0373,1.0374,1.50,2.44
2013.06.21 07:23:32.393,1.03732,1.03742,1.50,2.44
2013.06.21 07:23:32.452,1.03733,1.03745,1.50,4.69
2013.06.21 07:23:32.812,1.03734,1.03745,1.50,1.69
2013.06.21 07:23:32.993,1.03734,1.03748,3.00,4.69
2013.06.21 07:23:33.051,1.03735,1.03748,1.50,3.94
2013.06.21 07:23:33.353,1.03738,1.03749,2.25,1.69
2013.06.21 07:23:33.893,1.03739,1.0375,1.50,2.44
2013.06.21 07:23:36.956,1.03739,1.0375,1.50,2.44
2013.06.21 07:23:37.471,1.03739,1.0375,1.50,2.44
2013.06.21 07:23:37.973,1.03739,1.03749,1.50,1.50
2013.06.21 07:23:40.582,1.03739,1.03749,1.50,1.69
2013.06.21 07:23:45.802,1.03739,1.03747,1.50,1.50
2013.06.21 07:23:51.201,1.03739,1.0375,1.50,3.19
2013.06.21 07:23:53.471,1.0374,1.0375,1.50,3.19
2013.06.21 07:23:56.232,1.03741,1.03751,1.50,1.69
2013.06.21 07:23:56.293,1.03741,1.03752,1.69,1.50
2013.06.21 07:23:56.354,1.03742,1.03754,2.25,3.57
2013.06.21 07:23:56.483,1.03743,1.03756,1.50,3.19
2013.06.21 07:23:56.782,1.03747,1.03758,1.50,1.69
2013.06.21 07:23:57.321,1.03747,1.03759,1.50,1.69
2013.06.21 07:23:57.872,1.03747,1.03759,1.50,2.44
2013.06.21 07:24:00.061,1.03747,1.03759,1.50,2.44
2013.06.21 07:24:00.851,1.03747,1.03759,1.50,3.19
2013.06.21 07:24:01.392,1.03747,1.03759,1.50,2.44
2013.06.21 07:24:01.931,1.03747,1.03759,1.50,2.44
2013.06.21 07:24:04.142,1.03747,1.03759,1.69,2.44
2013.06.21 07:24:04.835,1.03747,1.03759,1.69,1.69
2013.06.21 07:24:05.373,1.03747,1.03759,1.69,2.44
2013.06.21 07:24:07.631,1.03747,1.03759,1.69,1.69
2013.06.21 07:24:12.682,1.03748,1.03759,2.25,1.69
2013.06.21 07:24:13.302,1.0375,1.03759,1.50,1.69
2013.06.21 07:24:16.792,1.03747,1.03756,3.19,4.50
2013.06.21 07:24:16.913,1.03742,1.03754,2.82,2.85
2013.06.21 07:24:17.032,1.03742,1.03754,1.88,3.60
2013.06.21 07:24:17.272,1.03742,1.03754,1.13,2.25
2013.06.21 07:24:17.633,1.03741,1.03751,2.25,1.69
2013.06.21 07:24:18.236,1.0374,1.03751,1.50,1.69
2013.06.21 07:24:18.781,1.0374,1.03751,1.50,1.69
2013.06.21 07:24:20.021,1.0374,1.03749,1.50,1.50
2013.06.21 07:24:24.971,1.03739,1.03749,1.50,1.69
2013.06.21 07:24:25.092,1.0374,1.03749,1.50,1.50
2013.06.21 07:24:25.333,1.03742,1.03753,1.50,1.50
2013.06.21 07:24:25.391,1.03742,1.03754,2.25,3.19
2013.06.21 07:24:25.571,1.03746,1.03757,1.50,1.69
2013.06.21 07:24:27.071,1.03746,1.03758,3.75,2.44
2013.06.21 07:24:28.791,1.03748,1.03754,2.25,2.25
2013.06.21 07:24:28.851,1.03742,1.03753,3.19,1.50
2013.06.21 07:24:29.332,1.03743,1.03754,1.50,2.44
2013.06.21 07:24:29.834,1.03743,1.03754,1.69,1.50
2013.06.21 07:24:33.575,1.03743,1.03755,2.44,2.25
2013.06.21 07:24:34.112,1.03742,1.03751,3.00,1.50
2013.06.21 07:24:38.585,1.03743,1.03754,3.00,1.50
2013.06.21 07:24:44.892,1.03743,1.03754,2.44,1.50
2013.06.21 07:24:48.943,1.03744,1.03754,2.25,1.50
2013.06.21 07:24:49.062,1.03744,1.03754,2.25,1.50
2013.06.21 07:24:49.361,1.03744,1.03756,4.69,3.00
2013.06.21 07:24:49.782,1.03744,1.03755,3.94,2.25
2013.06.21 07:24:51.031,1.03744,1.03754,1.69,1.50
2013.06.21 07:24:51.571,1.03744,1.03756,1.69,2.55
2013.06.21 07:24:51.886,1.03744,1.03756,1.69,2.55
2013.06.21 07:24:52.242,1.03744,1.03756,3.19,1.50
2013.06.21 07:24:52.421,1.03746,1.03757,2.25,1.69
2013.06.21 07:24:52.542,1.03748,1.03758,2.25,1.69
2013.06.21 07:24:53.472,1.03748,1.03759,3.19,2.25
2013.06.21 07:24:54.011,1.03749,1.03759,3.00,1.50
2013.06.21 07:24:54.611,1.0375,1.03759,1.50,1.50
2013.06.21 07:24:55.293,1.03749,1.03759,1.50,1.50
2013.06.21 07:24:55.933,1.03749,1.03759,1.50,1.50
2013.06.21 07:24:57.432,1.03747,1.03759,3.94,2.25
2013.06.21 07:25:00.401,1.03748,1.03759,3.19,2.25
2013.06.21 07:25:02.073,1.03747,1.03759,1.69,3.19
2013.06.21 07:25:02.611,1.03747,1.03759,1.50,3.94
2013.06.21 07:25:04.781,1.03747,1.03759,1.50,3.94
2013.06.21 07:25:05.335,1.03748,1.03759,3.19,1.50
2013.06.21 07:25:11.223,1.03749,1.03759,1.69,3.38
2013.06.21 07:25:17.441,1.03749,1.03759,1.69,3.38
2013.06.21 07:25:17.561,1.03748,1.03759,3.19,2.63
2013.06.21 07:25:21.672,1.03748,1.03759,1.69,3.38
2013.06.21 07:25:25.771,1.03748,1.03757,1.69,3.00
2013.06.21 07:25:25.892,1.03748,1.03756,1.50,2.70
2013.06.21 07:25:26.072,1.0374,1.03753,3.94,3.19
2013.06.21 07:25:28.553,1.0374,1.03753,1.69,2.44
2013.06.21 07:25:30.211,1.0374,1.03752,2.44,1.69
2013.06.21 07:25:32.052,1.0374,1.03752,1.69,3.57
2013.06.21 07:25:32.679,1.03739,1.03751,5.07,2.25
2013.06.21 07:25:34.641,1.0374,1.03751,1.69,2.25
2013.06.21 07:25:35.961,1.03741,1.03752,1.69,1.50
2013.06.21 07:25:36.021,1.03742,1.03753,1.50,2.44
2013.06.21 07:25:39.911,1.03741,1.03752,3.00,1.13
2013.06.21 07:25:41.571,1.03741,1.03752,3.00,1.50
2013.06.21 07:25:46.172,1.0374,1.03749,2.25,1.88
2013.06.21 07:25:50.201,1.0374,1.03748,2.25,1.50
2013.06.21 07:25:50.441,1.03738,1.03748,1.50,1.50
2013.06.21 07:25:53.111,1.03738,1.03749,1.50,1.88
2013.06.21 07:25:56.701,1.03737,1.03749,3.00,2.82
2013.06.21 07:26:01.871,1.03737,1.03749,3.00,2.82
2013.06.21 07:26:02.743,1.03737,1.03748,3.00,1.50
2013.06.21 07:26:04.362,1.03738,1.03749,1.50,1.13
2013.06.21 07:26:04.822,1.03738,1.03746,1.50,2.78
2013.06.21 07:26:05.002,1.03733,1.03743,1.88,1.50
2013.06.21 07:26:05.362,1.0373,1.03743,3.19,1.50
2013.06.21 07:26:05.434,1.0373,1.03742,3.19,1.50
2013.06.21 07:26:07.172,1.03729,1.03741,3.19,2.25
2013.06.21 07:26:07.692,1.03729,1.03741,3.19,2.25
2013.06.21 07:26:11.341,1.0373,1.03741,2.44,2.25
2013.06.21 07:26:13.043,1.0373,1.03741,2.44,2.25
2013.06.21 07:26:13.492,1.0373,1.03742,2.44,2.25
2013.06.21 07:26:14.042,1.03732,1.03743,1.50,1.50
2013.06.21 07:26:15.261,1.03732,1.03743,1.50,1.50
2013.06.21 07:26:15.802,1.03732,1.03744,2.44,3.00
2013.06.21 07:26:17.791,1.03732,1.03743,1.69,1.50
2013.06.21 07:26:18.271,1.03733,1.03744,2.25,1.50
2013.06.21 07:26:18.331,1.03733,1.03745,3.00,1.50
2013.06.21 07:26:18.871,1.03735,1.03746,1.50,1.50
2013.06.21 07:26:19.214,1.03735,1.03748,2.25,3.94
2013.06.21 07:26:19.751,1.03737,1.03748,1.50,2.25
2013.06.21 07:26:20.435,1.03737,1.03749,2.25,2.44
2013.06.21 07:26:20.612,1.0374,1.0375,1.50,3.57
2013.06.21 07:26:21.132,1.03739,1.0375,2.25,3.38
2013.06.21 07:26:21.635,1.03739,1.0375,1.50,3.38
2013.06.21 07:26:22.169,1.03739,1.0375,1.50,4.13
2013.06.21 07:26:24.696,1.03739,1.0375,1.50,4.13
2013.06.21 07:26:25.382,1.03739,1.03749,1.69,2.25
2013.06.21 07:26:25.443,1.03739,1.03749,1.50,2.25
2013.06.21 07:26:36.076,1.03739,1.03749,1.69,1.50
2013.06.21 07:26:36.142,1.03738,1.03749,3.19,1.50
2013.06.21 07:26:36.277,1.0374,1.03749,1.50,1.50
2013.06.21 07:26:56.442,1.03739,1.03749,1.50,2.25
2013.06.21 07:26:59.092,1.03739,1.0375,2.44,2.63
2013.06.21 07:26:59.454,1.03742,1.03753,3.75,2.82
2013.06.21 07:26:59.811,1.03746,1.03754,1.50,3.00
2013.06.21 07:26:59.932,1.03744,1.03755,3.00,2.63
2013.06.21 07:27:00.351,1.03745,1.03755,1.50,1.50
2013.06.21 07:27:00.592,1.03744,1.03755,2.44,1.50
2013.06.21 07:27:01.014,1.03742,1.03754,1.69,1.50
2013.06.21 07:27:01.551,1.0374,1.03752,2.44,1.50
2013.06.21 07:27:02.502,1.0374,1.03752,2.44,1.50
2013.06.21 07:27:03.512,1.0374,1.03752,2.44,2.25
2013.06.21 07:27:03.981,1.0374,1.03751,1.69,1.50
2013.06.21 07:27:05.143,1.03738,1.03749,3.19,1.13
2013.06.21 07:27:05.263,1.03738,1.03749,1.50,1.13
2013.06.21 07:27:06.108,1.03738,1.03749,1.50,1.13
2013.06.21 07:27:10.722,1.03738,1.03748,3.00,1.50
2013.06.21 07:27:16.106,1.03738,1.03748,3.94,1.50
2013.06.21 07:27:17.512,1.03738,1.03748,3.19,1.50
2013.06.21 07:27:18.015,1.03738,1.03749,2.44,1.88
2013.06.21 07:27:21.751,1.03738,1.03748,2.25,1.50
2013.06.21 07:27:24.441,1.03738,1.03748,3.19,1.50
2013.06.21 07:27:24.983,1.03738,1.03748,3.19,1.50
2013.06.21 07:27:26.173,1.03738,1.03748,3.19,1.50
2013.06.21 07:27:39.273,1.03736,1.03748,2.44,3.00
2013.06.21 07:27:39.453,1.03736,1.03746,1.69,1.50
2013.06.21 07:27:39.755,1.03734,1.03744,1.69,2.63
2013.06.21 07:27:40.113,1.0373,1.03742,1.50,2.25
2013.06.21 07:27:40.232,1.03731,1.03743,2.44,2.25
2013.06.21 07:27:40.533,1.03734,1.03743,2.25,1.50
2013.06.21 07:27:40.713,1.03734,1.03745,2.25,1.50
2013.06.21 07:27:40.831,1.03734,1.03747,3.00,3.19
2013.06.21 07:27:41.075,1.03736,1.03747,1.50,1.69
2013.06.21 07:27:41.433,1.03739,1.03749,1.50,1.13
2013.06.21 07:27:41.952,1.03739,1.03749,1.50,1.13
2013.06.21 07:27:42.511,1.03739,1.03749,4.69,1.13
2013.06.21 07:27:42.937,1.03741,1.03751,1.50,1.50
2013.06.21 07:27:43.009,1.03745,1.03757,1.50,2.25
2013.06.21 07:27:43.882,1.03746,1.03758,1.50,2.82
2013.06.21 07:27:44.422,1.03745,1.03758,2.25,1.69
2013.06.21 07:27:48.591,1.03746,1.03757,1.50,1.50
2013.06.21 07:27:49.282,1.03746,1.03757,1.69,1.50
2013.06.21 07:27:50.692,1.03746,1.03758,2.44,1.50
2013.06.21 07:27:51.244,1.03746,1.03758,2.44,1.50
2013.06.21 07:27:51.523,1.03746,1.03758,3.19,1.50
2013.06.21 07:27:52.041,1.03746,1.03758,3.19,1.50
2013.06.21 07:27:52.101,1.03746,1.03759,3.19,3.19
2013.06.21 07:27:54.626,1.03747,1.03758,1.69,1.50
2013.06.21 07:27:58.354,1.03747,1.03758,1.69,1.50
2013.06.21 07:28:03.102,1.03747,1.03758,2.25,1.50
2013.06.21 07:28:03.622,1.03747,1.03757,1.50,2.25
2013.06.21 07:28:09.915,1.03747,1.03757,1.69,2.25
2013.06.21 07:28:14.433,1.03747,1.03757,1.69,2.25
2013.06.21 07:28:17.452,1.03747,1.03757,1.69,2.25
2013.06.21 07:28:22.942,1.03748,1.03757,1.69,2.25
2013.06.21 07:28:23.273,1.03747,1.03757,1.69,1.50
2013.06.21 07:28:23.831,1.03747,1.03758,1.69,2.25
2013.06.21 07:28:30.322,1.03747,1.03758,1.69,1.50
2013.06.21 07:28:30.382,1.03748,1.03759,2.85,3.00
2013.06.21 07:28:30.684,1.03751,1.03759,1.58,1.50
2013.06.21 07:28:31.102,1.03752,1.03764,1.50,3.19
2013.06.21 07:28:32.442,1.03752,1.03764,1.50,3.19
2013.06.21 07:28:34.582,1.03752,1.03764,3.19,2.82
2013.06.21 07:28:35.683,1.03752,1.03764,3.19,2.82
2013.06.21 07:28:36.246,1.03752,1.03764,3.94,2.63
2013.06.21 07:28:37.788,1.03755,1.03764,2.25,1.88
2013.06.21 07:28:38.092,1.03759,1.03768,1.50,1.50
2013.06.21 07:28:38.151,1.03759,1.0377,1.50,2.07
2013.06.21 07:28:38.452,1.0376,1.0377,1.35,1.13
2013.06.21 07:28:38.632,1.03762,1.03774,2.44,3.57
2013.06.21 07:28:39.172,1.03765,1.03774,1.50,1.13
2013.06.21 07:28:40.331,1.03765,1.03774,1.50,1.13
2013.06.21 07:28:42.342,1.03764,1.03774,1.50,1.13
2013.06.21 07:28:42.943,1.03765,1.03774,1.50,1.13
2013.06.21 07:28:44.062,1.03765,1.03776,2.25,1.32
2013.06.21 07:28:44.242,1.03771,1.03778,1.13,1.50
2013.06.21 07:28:44.481,1.03771,1.03782,1.50,1.50
2013.06.21 07:28:44.541,1.03771,1.03783,1.50,2.82
2013.06.21 07:28:45.910,1.03771,1.03783,3.00,2.82
2013.06.21 07:28:46.273,1.03771,1.03783,2.25,2.82
2013.06.21 07:28:47.762,1.03771,1.03783,2.25,2.44
2013.06.21 07:28:57.822,1.03772,1.03783,2.25,1.69
2013.06.21 07:28:58.002,1.03774,1.03785,1.50,2.07
2013.06.21 07:29:00.312,1.03776,1.03787,1.50,2.40
2013.06.21 07:29:00.372,1.03777,1.0379,1.69,2.40
2013.06.21 07:29:00.733,1.03777,1.0379,1.69,2.25
2013.06.21 07:29:00.912,1.03779,1.0379,1.69,1.50
2013.06.21 07:29:01.092,1.03779,1.03792,2.44,3.57
2013.06.21 07:29:01.153,1.03779,1.03792,1.69,3.57
2013.06.21 07:29:01.212,1.03779,1.03791,1.69,1.02
2013.06.21 07:29:01.403,1.03778,1.03789,1.69,1.50
2013.06.21 07:29:01.555,1.03778,1.03789,1.69,1.58
2013.06.21 07:29:01.872,1.03778,1.03789,1.69,1.50
2013.06.21 07:29:02.172,1.0378,1.03792,2.25,2.44
2013.06.21 07:29:02.475,1.03781,1.03793,1.50,1.69
2013.06.21 07:29:02.963,1.03781,1.03793,2.44,1.50
2013.06.21 07:29:04.341,1.03781,1.03793,3.00,1.50
2013.06.21 07:29:04.921,1.03781,1.03793,2.25,1.50
2013.06.21 07:29:06.343,1.03781,1.03793,2.44,1.50
2013.06.21 07:29:06.462,1.03781,1.03793,2.44,1.50
2013.06.21 07:29:07.277,1.03781,1.03792,1.50,1.69
2013.06.21 07:29:07.581,1.03781,1.03792,1.50,1.69
2013.06.21 07:29:08.962,1.03781,1.03792,1.50,1.69
2013.06.21 07:29:09.202,1.03781,1.03791,1.50,1.50
2013.06.21 07:29:10.121,1.03779,1.03792,2.44,2.44
2013.06.21 07:29:10.542,1.03782,1.03793,2.25,1.50
2013.06.21 07:29:11.382,1.03781,1.03793,3.79,2.25
2013.06.21 07:29:11.623,1.03781,1.03792,2.25,1.69
2013.06.21 07:29:11.862,1.03778,1.0379,2.25,3.19
2013.06.21 07:29:11.986,1.03777,1.03786,1.50,3.49
2013.06.21 07:29:12.052,1.03775,1.03786,2.25,2.74
2013.06.21 07:29:12.232,1.03771,1.03783,1.32,1.69
2013.06.21 07:29:12.532,1.0377,1.03781,2.25,1.50
2013.06.21 07:29:12.592,1.03768,1.0378,3.19,1.50
2013.06.21 07:29:12.712,1.03767,1.0378,1.69,3.38
2013.06.21 07:29:13.072,1.03766,1.03777,1.32,2.63
2013.06.21 07:29:13.432,1.03759,1.0377,3.19,1.13
2013.06.21 07:29:13.732,1.03759,1.03772,3.19,1.69
2013.06.21 07:29:15.673,1.0376,1.03771,1.69,1.88
2013.06.21 07:29:16.174,1.03759,1.0377,1.50,1.32
2013.06.21 07:29:16.722,1.03758,1.0377,3.00,1.32
2013.06.21 07:29:21.842,1.03759,1.03766,1.69,1.50
2013.06.21 07:29:22.375,1.03758,1.03769,1.50,2.07
2013.06.21 07:29:28.132,1.03757,1.03769,3.75,2.07
2013.06.21 07:29:29.334,1.03758,1.03769,1.50,2.07
2013.06.21 07:29:31.253,1.03757,1.03769,2.25,2.07
2013.06.21 07:29:31.793,1.03756,1.03768,1.69,1.69
2013.06.21 07:29:34.852,1.03757,1.03768,1.50,3.19
2013.06.21 07:29:35.033,1.03756,1.03767,1.50,2.44
2013.06.21 07:29:35.272,1.0375,1.03761,1.69,1.50
2013.06.21 07:29:35.774,1.03749,1.03761,1.69,1.69
2013.06.21 07:29:36.563,1.03749,1.03761,2.44,1.69
2013.06.21 07:29:39.785,1.03749,1.03761,1.69,1.50
2013.06.21 07:29:40.037,1.03748,1.0376,2.25,2.07
2013.06.21 07:29:48.843,1.03749,1.0376,2.25,2.07
2013.06.21 07:29:49.712,1.03749,1.03759,2.25,1.69
2013.06.21 07:29:53.772,1.03749,1.03759,2.25,1.69
2013.06.21 07:29:53.832,1.0375,1.03762,1.69,6.19
2013.06.21 07:29:53.892,1.0375,1.03761,1.88,1.69
2013.06.21 07:29:54.140,1.03751,1.03763,2.44,2.63
2013.06.21 07:29:54.643,1.03752,1.03764,1.69,1.50
2013.06.21 07:29:55.483,1.03752,1.03764,1.69,1.50
2013.06.21 07:29:56.002,1.03752,1.03764,1.69,1.69
2013.06.21 07:29:56.181,1.03751,1.03763,3.94,1.50
2013.06.21 07:29:56.722,1.03751,1.0376,1.50,1.50
2013.06.21 07:30:00.702,1.0375,1.03761,1.50,1.69
2013.06.21 07:30:01.006,1.03755,1.03764,1.50,1.69
2013.06.21 07:30:01.133,1.03755,1.03767,2.25,2.44
2013.06.21 07:30:01.766,1.03756,1.03768,2.44,1.69
2013.06.21 07:30:02.072,1.03758,1.03768,1.50,1.69
2013.06.21 07:30:12.522,1.03756,1.03766,1.69,1.50
2013.06.21 07:30:13.052,1.03755,1.03766,3.19,1.50
2013.06.21 07:30:13.798,1.03756,1.03766,1.69,1.50
2013.06.21 07:30:14.102,1.03757,1.03768,3.00,2.44
2013.06.21 07:30:15.533,1.03757,1.03768,3.00,2.44
2013.06.21 07:30:17.893,1.03756,1.03767,2.44,2.25
2013.06.21 07:30:19.164,1.03756,1.03767,2.44,1.50
2013.06.21 07:30:19.692,1.03757,1.03767,1.69,1.50
2013.06.21 07:30:20.963,1.03758,1.03768,1.50,2.25
2013.06.21 07:30:21.634,1.03758,1.03769,1.50,3.19
2013.06.21 07:30:34.153,1.03758,1.03769,1.50,3.19
2013.06.21 07:30:38.433,1.03758,1.03768,1.50,1.69
2013.06.21 07:30:43.641,1.03757,1.03768,2.25,2.44
2013.06.21 07:30:44.242,1.03756,1.03768,2.25,3.94
2013.06.21 07:30:45.522,1.03756,1.03768,3.00,3.94
2013.06.21 07:30:46.839,1.03757,1.03768,1.50,3.94
2013.06.21 07:30:47.391,1.03758,1.03768,2.25,2.44
2013.06.21 07:30:51.292,1.03757,1.03768,2.25,2.44
2013.06.21 07:31:03.082,1.03758,1.03769,2.25,3.19
2013.06.21 07:31:23.425,1.03758,1.03769,2.25,3.19
2013.06.21 07:31:34.625,1.03758,1.03768,1.69,1.50
2013.06.21 07:31:35.772,1.03758,1.03769,2.25,3.19
2013.06.21 07:31:40.082,1.03758,1.03769,2.25,3.19
2013.06.21 07:31:41.943,1.03757,1.03768,1.50,3.19
2013.06.21 07:31:42.716,1.03756,1.03768,2.25,3.94
2013.06.21 07:31:44.292,1.03756,1.03768,3.00,3.94
2013.06.21 07:31:48.952,1.03758,1.03769,1.50,2.44
2013.06.21 07:31:57.112,1.03758,1.03768,2.25,1.13
2013.06.21 07:31:57.174,1.03758,1.03767,2.25,1.20
2013.06.21 07:31:57.293,1.03756,1.03767,1.50,5.88
2013.06.21 07:31:57.773,1.03756,1.03767,1.50,7.69
2013.06.21 07:31:57.954,1.03757,1.03767,2.25,2.44
2013.06.21 07:32:01.093,1.03757,1.03768,2.25,1.69
2013.06.21 07:32:02.133,1.03759,1.03769,1.50,2.07
2013.06.21 07:32:03.102,1.03759,1.03769,1.50,2.07
2013.06.21 07:32:03.643,1.03759,1.03771,1.69,1.69
2013.06.21 07:32:04.745,1.03761,1.03772,1.50,1.69
2013.06.21 07:32:05.103,1.03764,1.03776,1.50,2.44
2013.06.21 07:32:05.678,1.03764,1.03776,1.69,1.69
2013.06.21 07:32:06.853,1.03764,1.03774,1.69,1.50
2013.06.21 07:32:08.333,1.03764,1.03774,1.69,1.50
2013.06.21 07:32:12.462,1.03764,1.03774,2.44,1.50
2013.06.21 07:32:12.873,1.03764,1.03771,1.69,1.50
2013.06.21 07:32:13.122,1.03762,1.03771,1.50,2.44
2013.06.21 07:32:15.572,1.0376,1.03771,1.50,1.69
2013.06.21 07:32:15.632,1.0376,1.03771,1.50,1.69
2013.06.21 07:32:16.172,1.03758,1.0377,1.50,3.57
2013.06.21 07:32:17.583,1.03758,1.03769,1.50,1.69
2013.06.21 07:32:18.013,1.03758,1.03769,1.50,2.44
2013.06.21 07:32:19.693,1.03758,1.03769,1.50,1.69
2013.06.21 07:32:21.672,1.03758,1.03769,1.50,1.69
2013.06.21 07:32:30.323,1.03765,1.03771,2.10,1.50
2013.06.21 07:32:30.502,1.03769,1.03778,1.88,2.25
2013.06.21 07:32:30.622,1.03773,1.0378,1.13,1.50
2013.06.21 07:32:30.802,1.03773,1.03784,1.32,2.25
2013.06.21 07:32:30.922,1.03773,1.03785,3.57,1.32
2013.06.21 07:32:31.161,1.03773,1.03785,2.82,2.07
2013.06.21 07:32:31.682,1.03773,1.03784,1.88,2.82
2013.06.21 07:32:31.882,1.03773,1.0378,1.88,1.13
2013.06.21 07:32:32.242,1.03772,1.03783,1.50,2.44
2013.06.21 07:32:32.542,1.0377,1.03783,2.44,2.44
2013.06.21 07:32:35.482,1.03773,1.03783,1.13,2.44
2013.06.21 07:32:35.783,1.03777,1.03787,2.25,1.50
2013.06.21 07:32:36.022,1.03779,1.03789,1.50,1.69
2013.06.21 07:32:37.935,1.03778,1.03789,1.50,1.69
2013.06.21 07:32:38.015,1.03778,1.03788,1.50,2.82
2013.06.21 07:32:38.554,1.03775,1.03786,1.50,1.32
2013.06.21 07:32:38.912,1.03777,1.03788,1.13,3.94
2013.06.21 07:32:39.092,1.03777,1.03789,2.63,1.69
2013.06.21 07:32:39.211,1.03777,1.03789,2.63,2.44
2013.06.21 07:32:39.392,1.03778,1.03789,1.50,1.69
2013.06.21 07:32:40.731,1.03778,1.0379,1.50,3.19
2013.06.21 07:32:42.361,1.03779,1.03791,3.00,2.44
2013.06.21 07:32:45.434,1.0378,1.03791,2.25,1.69
2013.06.21 07:32:45.494,1.03782,1.03792,1.50,2.44
2013.06.21 07:32:45.613,1.03783,1.03792,2.10,1.69
2013.06.21 07:32:45.733,1.03786,1.03795,1.88,1.13
2013.06.21 07:32:45.854,1.03786,1.03797,3.38,2.25
2013.06.21 07:32:46.392,1.03787,1.03799,1.50,1.69
2013.06.21 07:32:46.822,1.03788,1.03799,1.50,1.69
2013.06.21 07:32:47.182,1.03793,1.038,1.50,1.50
2013.06.21 07:32:47.422,1.03793,1.03804,3.00,1.69
2013.06.21 07:32:47.483,1.03794,1.03805,2.25,2.82
2013.06.21 07:32:47.902,1.03794,1.03805,2.25,1.13
2013.06.21 07:32:48.443,1.03793,1.03805,2.25,1.88
2013.06.21 07:32:49.943,1.03794,1.03807,2.44,2.44
2013.06.21 07:32:50.302,1.03796,1.03807,1.50,2.44
2013.06.21 07:32:50.422,1.03797,1.03809,1.50,3.19
2013.06.21 07:32:50.663,1.03798,1.0381,1.69,2.07
2013.06.21 07:32:51.202,1.03799,1.03812,3.94,1.50
2013.06.21 07:32:51.742,1.038,1.03812,1.69,1.50
2013.06.21 07:32:52.205,1.03799,1.0381,2.25,1.58
2013.06.21 07:32:52.762,1.038,1.03811,1.50,2.44
2013.06.21 07:32:52.942,1.038,1.03812,1.69,1.69
2013.06.21 07:33:04.605,1.038,1.03812,2.07,2.07
2013.06.21 07:33:04.963,1.03804,1.03816,2.44,1.50
2013.06.21 07:33:05.263,1.03808,1.03817,1.50,1.50
2013.06.21 07:33:05.786,1.03808,1.03819,2.25,1.69
2013.06.21 07:33:06.542,1.03808,1.0382,2.44,2.44
2013.06.21 07:33:07.082,1.03808,1.0382,5.44,2.82
2013.06.21 07:33:07.599,1.03811,1.0382,1.50,2.07
2013.06.21 07:33:09.952,1.03809,1.03817,3.75,1.50
2013.06.21 07:33:10.076,1.03807,1.03817,2.25,1.50
2013.06.21 07:33:10.613,1.03807,1.03817,1.50,2.25
2013.06.21 07:33:14.133,1.03807,1.03818,1.50,2.44
2013.06.21 07:33:14.373,1.03808,1.0382,1.50,3.57
2013.06.21 07:33:14.759,1.0381,1.0382,2.25,2.82
2013.06.21 07:33:15.453,1.03808,1.03819,3.19,1.50
2013.06.21 07:33:16.594,1.03808,1.0382,2.25,3.57
2013.06.21 07:33:16.832,1.03809,1.03817,2.44,1.50
2013.06.21 07:33:16.892,1.03809,1.03817,1.50,1.50
2013.06.21 07:33:16.953,1.03806,1.03815,2.63,1.50
2013.06.21 07:33:17.192,1.03801,1.03812,2.82,1.50
2013.06.21 07:33:17.732,1.03801,1.03813,4.32,1.50
2013.06.21 07:33:18.257,1.03801,1.03813,5.07,1.50
2013.06.21 07:33:20.122,1.03802,1.03814,2.44,2.82
2013.06.21 07:33:20.662,1.03805,1.03815,1.50,1.50
2013.06.21 07:33:21.022,1.03805,1.03817,2.25,3.19
2013.06.21 07:33:21.573,1.03805,1.03817,2.25,3.19
2013.06.21 07:33:24.173,1.03807,1.03817,2.25,3.19
2013.06.21 07:33:24.593,1.03808,1.0382,1.69,3.94
2013.06.21 07:33:24.953,1.03809,1.03821,2.25,1.50
2013.06.21 07:33:26.923,1.03809,1.03821,2.44,1.50
2013.06.21 07:33:27.482,1.03811,1.03822,2.44,1.50
2013.06.21 07:33:28.733,1.03811,1.03822,1.69,2.25
2013.06.21 07:33:29.613,1.03817,1.03822,1.50,1.50
2013.06.21 07:33:29.732,1.03817,1.03824,1.50,1.50
2013.06.21 07:33:29.972,1.03814,1.03826,3.19,1.58
2013.06.21 07:33:30.092,1.03814,1.03826,3.19,1.50
2013.06.21 07:33:30.633,1.03812,1.03824,4.69,1.50
2013.06.21 07:33:30.693,1.03814,1.03824,1.50,1.50
2013.06.21 07:33:31.327,1.03814,1.03826,3.19,1.50
2013.06.21 07:33:32.123,1.03815,1.03825,1.69,1.50
2013.06.21 07:33:32.663,1.03812,1.03823,2.44,1.50
2013.06.21 07:33:32.724,1.03812,1.03823,2.44,2.25
2013.06.21 07:33:32.964,1.03811,1.03822,2.44,1.50
2013.06.21 07:33:33.085,1.03808,1.03819,1.69,1.88
2013.06.21 07:33:33.155,1.03807,1.03818,2.44,1.50
2013.06.21 07:33:33.463,1.03806,1.03814,3.75,1.50
2013.06.21 07:33:33.824,1.03806,1.03811,3.00,1.50
2013.06.21 07:33:34.004,1.03804,1.03811,2.25,1.50
2013.06.21 07:33:34.542,1.03802,1.03811,1.50,1.50
2013.06.21 07:33:38.172,1.03803,1.03811,1.50,1.50
2013.06.21 07:33:38.365,1.03803,1.03812,1.50,1.50
2013.06.21 07:33:38.911,1.03804,1.03812,1.50,1.50
2013.06.21 07:33:40.642,1.03804,1.03812,1.50,1.50
2013.06.21 07:33:41.182,1.03804,1.03812,1.50,1.50
2013.06.21 07:33:50.042,1.03804,1.03813,1.50,2.44
2013.06.21 07:33:50.222,1.03804,1.03814,1.50,1.50
2013.06.21 07:33:50.342,1.03805,1.03814,1.50,1.50
2013.06.21 07:33:50.464,1.03808,1.03817,1.50,1.69
2013.06.21 07:33:50.582,1.03808,1.03819,1.69,1.50
2013.06.21 07:33:50.642,1.03808,1.03819,1.50,1.69
2013.06.21 07:33:50.882,1.03806,1.03817,1.69,3.75
2013.06.21 07:33:50.943,1.03805,1.03817,3.19,3.94
2013.06.21 07:33:51.302,1.03802,1.03812,2.44,2.25
2013.06.21 07:33:51.842,1.03804,1.03812,1.50,2.25
2013.06.21 07:33:56.276,1.03801,1.03811,1.69,1.50
2013.06.21 07:33:56.583,1.03799,1.0381,1.69,2.25
2013.06.21 07:33:59.312,1.03798,1.0381,1.50,3.94
2013.06.21 07:33:59.372,1.03798,1.03809,1.69,1.13
2013.06.21 07:33:59.493,1.03796,1.03805,1.50,1.13
2013.06.21 07:33:59.612,1.03796,1.03807,1.50,3.00
2013.06.21 07:33:59.732,1.03797,1.03807,1.50,2.25
2013.06.21 07:34:00.742,1.03797,1.03807,2.25,2.25
2013.06.21 07:34:03.162,1.03797,1.03807,2.25,2.25
2013.06.21 07:34:06.434,1.03797,1.03808,2.25,1.69
2013.06.21 07:34:19.973,1.03796,1.03807,2.44,1.50
2013.06.21 07:34:20.272,1.03792,1.03802,1.50,1.50
2013.06.21 07:34:21.002,1.0379,1.03802,2.25,2.25
2013.06.21 07:34:21.552,1.0379,1.03802,2.25,3.00
2013.06.21 07:34:22.168,1.0379,1.03801,1.69,1.50
2013.06.21 07:34:25.324,1.03789,1.038,1.50,1.50
2013.06.21 07:34:25.884,1.03789,1.038,1.50,1.50
2013.06.21 07:34:26.813,1.03789,1.03801,2.25,2.44
2013.06.21 07:34:27.337,1.03789,1.03801,2.25,1.69
2013.06.21 07:34:30.392,1.03788,1.03799,2.25,1.13
2013.06.21 07:34:31.107,1.03788,1.03798,1.50,1.50
2013.06.21 07:34:31.777,1.03788,1.03797,1.50,2.25
2013.06.21 07:34:32.613,1.03784,1.03794,4.69,1.50
2013.06.21 07:34:32.674,1.03783,1.03793,3.00,1.50
2013.06.21 07:34:33.033,1.03783,1.03792,1.50,2.25
2013.06.21 07:34:33.573,1.03781,1.03792,1.50,3.19
2013.06.21 07:34:34.944,1.03781,1.03793,1.50,4.69
2013.06.21 07:34:35.262,1.03781,1.03792,1.50,1.69
2013.06.21 07:34:35.812,1.03779,1.03792,2.25,3.19
2013.06.21 07:34:37.052,1.03783,1.03792,2.25,1.69
2013.06.21 07:34:37.412,1.03786,1.03792,1.50,1.69
2013.06.21 07:34:38.853,1.03784,1.03789,2.25,1.50
2013.06.21 07:34:39.092,1.03781,1.03789,1.50,2.25
2013.06.21 07:34:40.383,1.03781,1.0379,1.50,3.38
2013.06.21 07:34:44.385,1.0378,1.0379,1.50,4.50
2013.06.21 07:34:44.902,1.03778,1.03788,2.44,1.50
2013.06.21 07:34:45.444,1.03778,1.03788,1.50,1.50
2013.06.21 07:34:46.243,1.03776,1.03787,2.25,1.69
2013.06.21 07:34:46.303,1.03776,1.03787,1.50,2.44
2013.06.21 07:34:46.542,1.03775,1.03786,1.50,3.19
2013.06.21 07:34:47.092,1.03775,1.03784,1.50,1.50
2013.06.21 07:34:47.332,1.03773,1.03784,1.69,1.50
2013.06.21 07:34:47.842,1.03773,1.03784,1.69,1.50
2013.06.21 07:34:48.382,1.03773,1.03784,2.44,1.50
2013.06.21 07:34:48.813,1.03776,1.03784,2.25,1.50
2013.06.21 07:34:48.934,1.03778,1.03788,2.25,2.07
2013.06.21 07:34:48.994,1.03782,1.03788,1.50,1.13
2013.06.21 07:34:49.173,1.0379,1.03799,1.50,1.50
2013.06.21 07:34:49.595,1.03792,1.03803,1.50,1.32
2013.06.21 07:34:49.653,1.03794,1.03804,1.13,3.94
2013.06.21 07:34:49.963,1.03797,1.03804,1.50,2.25
2013.06.21 07:34:50.145,1.03798,1.03806,2.25,2.44
2013.06.21 07:34:50.384,1.038,1.03809,1.50,2.82
2013.06.21 07:34:50.563,1.038,1.0381,1.50,1.13
2013.06.21 07:34:50.622,1.03802,1.0381,1.50,1.13
2013.06.21 07:34:50.682,1.03803,1.03812,1.50,1.32
2013.06.21 07:34:50.803,1.03804,1.03812,1.50,1.32
2013.06.21 07:34:51.802,1.03804,1.03811,1.50,2.85
2013.06.21 07:34:52.163,1.03792,1.03804,3.00,3.57
2013.06.21 07:34:52.222,1.03791,1.03801,2.25,1.50
2013.06.21 07:34:52.522,1.03788,1.03799,4.50,3.00
2013.06.21 07:34:53.062,1.03788,1.03799,3.75,3.00
2013.06.21 07:34:55.564,1.03791,1.03799,1.50,2.63
2013.06.21 07:34:58.992,1.0379,1.03799,2.25,2.63
2013.06.21 07:34:59.565,1.0379,1.03799,2.25,2.63
2013.06.21 07:35:03.895,1.03789,1.03799,1.50,2.63
2013.06.21 07:35:04.253,1.03785,1.03794,1.50,2.63
2013.06.21 07:35:10.253,1.03781,1.03793,1.69,2.25
2013.06.21 07:35:10.793,1.0378,1.03791,2.44,1.50
2013.06.21 07:35:11.765,1.03779,1.03791,3.19,1.50
2013.06.21 07:35:20.954,1.0378,1.03791,1.69,1.50
2013.06.21 07:35:22.935,1.0378,1.03791,1.69,1.50
2013.06.21 07:35:24.752,1.03779,1.0379,3.94,1.50
2013.06.21 07:35:24.812,1.03779,1.0379,2.44,1.50
2013.06.21 07:35:24.932,1.03779,1.03788,2.25,1.50
2013.06.21 07:35:29.573,1.03775,1.03784,3.19,1.50
2013.06.21 07:35:30.057,1.03774,1.03783,1.69,1.88
2013.06.21 07:35:30.983,1.03772,1.03782,1.50,1.69
2013.06.21 07:35:31.342,1.03768,1.03779,3.00,2.63
2013.06.21 07:35:31.583,1.03768,1.03778,1.50,1.50
2013.06.21 07:35:33.004,1.03767,1.03777,1.50,2.44
2013.06.21 07:35:33.587,1.03767,1.03778,1.50,3.19
2013.06.21 07:35:35.102,1.03766,1.03777,1.50,1.69
2013.06.21 07:35:36.612,1.03767,1.03778,1.50,3.94
2013.06.21 07:35:37.532,1.03767,1.03777,1.50,1.69
2013.06.21 07:35:37.833,1.03764,1.03776,1.50,3.94
2013.06.21 07:35:38.356,1.03761,1.03773,2.25,2.44
2013.06.21 07:35:41.563,1.03761,1.03773,1.50,2.44
2013.06.21 07:35:42.083,1.0376,1.03773,2.44,3.94
2013.06.21 07:35:42.144,1.03759,1.0377,1.69,1.50
2013.06.21 07:35:42.686,1.03758,1.03769,3.00,1.13
2013.06.21 07:35:43.042,1.03763,1.03769,1.88,1.13
2013.06.21 07:35:43.162,1.03766,1.03774,2.25,4.50
2013.06.21 07:35:43.284,1.03768,1.03779,1.50,1.50
2013.06.21 07:35:43.581,1.0377,1.03781,1.50,1.69
2013.06.21 07:35:44.912,1.03771,1.03783,2.25,1.69
2013.06.21 07:35:45.092,1.03773,1.03784,2.25,1.32
2013.06.21 07:35:45.644,1.03775,1.03785,1.50,1.69
2013.06.21 07:35:46.814,1.03776,1.03786,1.50,2.44
2013.06.21 07:35:46.932,1.03777,1.03789,1.50,2.82
2013.06.21 07:35:47.053,1.03778,1.03789,1.50,2.07
2013.06.21 07:35:53.085,1.03778,1.03789,3.94,1.13
2013.06.21 07:35:54.512,1.03778,1.03789,3.94,1.88
2013.06.21 07:35:55.873,1.03779,1.03789,1.50,2.07
2013.06.21 07:35:56.413,1.0378,1.03789,1.50,2.07
2013.06.21 07:35:57.943,1.0378,1.03789,1.50,1.32
2013.06.21 07:35:58.483,1.0378,1.03793,2.25,3.19
2013.06.21 07:35:58.842,1.03781,1.03793,1.50,2.44
2013.06.21 07:36:07.584,1.03781,1.03791,3.00,1.50
2013.06.21 07:36:11.043,1.03782,1.03793,1.50,1.69
2013.06.21 07:36:11.103,1.03783,1.03794,2.44,1.50
2013.06.21 07:36:11.163,1.03783,1.03795,2.44,4.32
2013.06.21 07:36:11.223,1.03786,1.03795,1.50,2.07
2013.06.21 07:36:11.463,1.03783,1.03795,3.19,2.07
2013.06.21 07:36:11.643,1.03784,1.03796,1.50,2.44
2013.06.21 07:36:11.943,1.03786,1.03799,3.94,2.07
2013.06.21 07:36:12.243,1.03789,1.038,1.69,1.88
2013.06.21 07:36:13.123,1.0379,1.038,1.69,1.88
2013.06.21 07:36:14.512,1.03789,1.038,2.25,1.88
2013.06.21 07:36:15.100,1.03788,1.038,3.00,2.63
2013.06.21 07:36:16.702,1.03788,1.03799,3.19,1.13
2013.06.21 07:36:17.253,1.03788,1.03799,3.00,2.82
2013.06.21 07:36:17.312,1.03788,1.03799,1.50,3.57
2013.06.21 07:36:17.613,1.03784,1.03797,1.50,3.19
2013.06.21 07:36:17.673,1.03784,1.03796,1.50,1.69
2013.06.21 07:36:18.362,1.03784,1.03794,1.50,1.13
2013.06.21 07:36:30.593,1.03783,1.03792,1.50,1.69
2013.06.21 07:36:35.759,1.03783,1.03792,1.50,2.25
2013.06.21 07:36:42.802,1.03783,1.03792,1.50,2.44
2013.06.21 07:36:49.852,1.03781,1.03791,1.50,3.19
2013.06.21 07:36:49.972,1.03779,1.03789,1.50,1.32
2013.06.21 07:36:56.323,1.03784,1.0379,1.13,3.19
2013.06.21 07:36:56.743,1.03787,1.03792,1.50,1.50
2013.06.21 07:36:56.922,1.03787,1.03798,2.25,2.25
2013.06.21 07:37:00.253,1.03788,1.03799,1.50,1.69
2013.06.21 07:37:00.813,1.03788,1.03799,1.50,1.69
2013.06.21 07:37:01.355,1.03788,1.03798,1.50,1.50
2013.06.21 07:37:01.775,1.03786,1.03796,1.50,1.50
2013.06.21 07:37:03.391,1.03785,1.03796,3.75,2.44
2013.06.21 07:37:04.828,1.03786,1.03796,1.50,1.69
2013.06.21 07:37:06.718,1.03786,1.03796,3.00,2.44
2013.06.21 07:37:07.253,1.03787,1.03796,2.25,1.50
2013.06.21 07:37:09.803,1.03785,1.03793,1.50,2.25
2013.06.21 07:37:10.347,1.03783,1.03792,2.25,1.50
2013.06.21 07:37:10.416,1.03779,1.03791,3.57,2.25
2013.06.21 07:37:19.113,1.03779,1.0379,1.69,1.50
2013.06.21 07:37:24.626,1.03778,1.0379,3.19,2.25
2013.06.21 07:37:24.984,1.03777,1.03784,1.50,2.25
2013.06.21 07:37:25.104,1.03771,1.03782,2.44,3.00
2013.06.21 07:37:25.284,1.0377,1.03781,1.50,1.50
2013.06.21 07:37:25.793,1.03768,1.03779,3.57,1.50
2013.06.21 07:37:25.974,1.03768,1.03779,1.88,1.69
2013.06.21 07:37:28.535,1.03767,1.03778,3.19,1.50
2013.06.21 07:37:28.894,1.03765,1.03772,1.50,1.50
2013.06.21 07:37:29.133,1.03762,1.03774,2.44,2.82
2013.06.21 07:37:32.624,1.03762,1.03772,2.44,2.25
2013.06.21 07:37:33.403,1.03763,1.03774,1.69,2.25
2013.06.21 07:37:37.616,1.03764,1.03774,2.44,2.25
2013.06.21 07:37:37.745,1.03764,1.03772,1.69,2.25
2013.06.21 07:37:38.043,1.03764,1.03774,1.69,2.25
2013.06.21 07:37:38.556,1.03764,1.03774,1.69,2.25
2013.06.21 07:37:39.053,1.03764,1.03774,2.44,2.25
2013.06.21 07:37:39.172,1.03767,1.03779,1.50,3.19
2013.06.21 07:37:40.073,1.03768,1.0378,1.50,3.00
2013.06.21 07:37:40.603,1.03768,1.03777,2.25,2.25
2013.06.21 07:37:41.161,1.03768,1.03777,3.00,2.25
2013.06.21 07:37:41.693,1.03768,1.03778,3.00,2.25
2013.06.21 07:37:45.686,1.03773,1.0378,1.50,1.69
2013.06.21 07:37:45.996,1.03774,1.03784,2.44,1.50
2013.06.21 07:37:46.063,1.03775,1.03785,2.25,1.50
2013.06.21 07:37:46.604,1.03778,1.03788,3.19,2.25
2013.06.21 07:37:46.844,1.03778,1.0379,3.94,1.32
2013.06.21 07:37:47.203,1.03779,1.03791,2.44,1.50
2013.06.21 07:37:49.093,1.03779,1.03789,3.19,2.25
2013.06.21 07:37:49.632,1.03778,1.03789,3.00,2.25
2013.06.21 07:37:50.593,1.03778,1.0379,3.75,4.32
2013.06.21 07:38:02.392,1.03779,1.0379,1.50,4.32
2013.06.21 07:38:02.933,1.0378,1.03791,1.50,3.94
2013.06.21 07:38:03.983,1.0378,1.03791,1.69,2.25
2013.06.21 07:38:05.107,1.0378,1.03791,1.69,2.25
2013.06.21 07:38:05.662,1.0378,1.03791,1.69,2.25
2013.06.21 07:38:07.115,1.0378,1.03791,1.50,3.19
2013.06.21 07:38:16.124,1.03781,1.03791,1.50,3.19
2013.06.21 07:38:16.629,1.03781,1.03791,1.50,1.50
2013.06.21 07:38:17.876,1.03781,1.03791,1.50,1.50
2013.06.21 07:38:24.002,1.03782,1.03793,1.50,2.44
2013.06.21 07:38:24.123,1.03784,1.03793,2.25,2.44
2013.06.21 07:38:24.662,1.03784,1.03794,2.25,1.50
2013.06.21 07:38:26.083,1.03784,1.03793,2.25,3.19
2013.06.21 07:38:27.163,1.03784,1.03792,2.25,2.44
2013.06.21 07:38:27.283,1.0378,1.03792,3.00,2.44
2013.06.21 07:38:27.583,1.0378,1.03792,1.50,2.44
2013.06.21 07:38:28.183,1.0378,1.03792,1.58,2.44
2013.06.21 07:38:28.483,1.03788,1.03798,1.50,2.44
2013.06.21 07:38:29.023,1.03788,1.03799,1.50,3.19
2013.06.21 07:38:35.592,1.03788,1.03799,2.25,1.69
2013.06.21 07:38:35.773,1.03788,1.03798,1.50,2.82
2013.06.21 07:38:35.953,1.03786,1.03795,1.50,2.82
2013.06.21 07:38:36.074,1.03785,1.03794,1.50,1.69
2013.06.21 07:38:36.133,1.03783,1.03793,1.13,1.69
2013.06.21 07:38:39.822,1.03781,1.03792,1.50,1.69
2013.06.21 07:38:41.784,1.03781,1.03791,1.50,1.69
2013.06.21 07:38:42.633,1.03781,1.03791,1.50,1.69
2013.06.21 07:38:43.483,1.03781,1.03793,2.25,1.69
2013.06.21 07:38:50.263,1.0378,1.03791,1.50,1.69
2013.06.21 07:38:50.813,1.0378,1.03792,1.50,3.19
2013.06.21 07:38:51.052,1.0378,1.03792,1.50,4.69
2013.06.21 07:38:53.763,1.03779,1.0379,2.44,3.15
2013.06.21 07:38:53.823,1.03776,1.03787,2.25,1.09
2013.06.21 07:38:54.004,1.03774,1.03783,2.25,1.50
2013.06.21 07:38:59.633,1.03776,1.03783,1.50,1.50
2013.06.21 07:38:59.753,1.03778,1.03785,1.50,2.07
2013.06.21 07:38:59.875,1.03779,1.03789,2.25,2.25
2013.06.21 07:39:02.363,1.0378,1.03788,1.50,1.50
2013.06.21 07:39:11.372,1.0378,1.03789,1.50,1.69
2013.06.21 07:39:11.923,1.03781,1.03791,1.50,1.69
2013.06.21 07:39:12.103,1.03784,1.03792,2.25,2.07
2013.06.21 07:39:15.372,1.03781,1.03792,2.63,1.69
2013.06.21 07:39:15.873,1.03781,1.03792,1.50,1.69
2013.06.21 07:39:21.303,1.03779,1.03791,3.19,3.00
2013.06.21 07:39:21.839,1.03778,1.0379,3.00,4.32
2013.06.21 07:39:22.393,1.03778,1.03789,2.25,1.69
2013.06.21 07:39:24.173,1.03778,1.03789,1.50,3.79
2013.06.21 07:39:24.533,1.03776,1.03783,1.50,1.50
2013.06.21 07:39:24.893,1.03773,1.03781,2.44,1.50
2013.06.21 07:39:25.852,1.03773,1.03781,3.00,1.50
2013.06.21 07:39:26.726,1.03774,1.03783,1.50,1.50
2013.06.21 07:39:27.283,1.03775,1.03783,3.00,1.69
2013.06.21 07:39:27.343,1.03776,1.03785,1.50,3.19
2013.06.21 07:39:27.404,1.03778,1.03785,1.50,1.69
2013.06.21 07:39:27.584,1.03778,1.03785,3.94,1.50
2013.06.21 07:39:27.644,1.03783,1.03788,1.05,1.88
2013.06.21 07:39:28.200,1.03782,1.0379,1.73,3.57
2013.06.21 07:39:28.743,1.03782,1.0379,1.50,3.57
2013.06.21 07:39:29.504,1.0378,1.0379,1.50,3.57
2013.06.21 07:39:30.536,1.03782,1.0379,1.50,3.57
2013.06.21 07:39:30.894,1.03786,1.03796,2.07,1.50
2013.06.21 07:39:30.953,1.0379,1.03798,1.50,1.50
2013.06.21 07:39:31.012,1.0379,1.038,1.50,3.94
2013.06.21 07:39:34.213,1.0379,1.03802,3.00,1.69
2013.06.21 07:39:34.452,1.0379,1.03803,3.19,3.94
2013.06.21 07:39:35.803,1.0379,1.038,2.44,2.25
2013.06.21 07:39:35.923,1.0379,1.038,2.44,3.38
2013.06.21 07:39:38.233,1.0379,1.038,1.50,4.32
2013.06.21 07:39:44.003,1.03789,1.03797,1.50,1.50
2013.06.21 07:39:49.183,1.03788,1.03797,1.50,2.25
2013.06.21 07:39:49.543,1.03785,1.03795,1.50,1.50
2013.06.21 07:39:52.454,1.03786,1.03794,1.50,1.69
2013.06.21 07:39:52.633,1.03784,1.03792,1.50,1.50
2013.06.21 07:39:52.934,1.03784,1.0379,1.50,1.50
2013.06.21 07:39:56.642,1.03782,1.0379,1.50,1.50
2013.06.21 07:40:12.574,1.0378,1.0379,1.50,1.69
2013.06.21 07:40:12.815,1.03777,1.03788,2.25,1.69
2013.06.21 07:40:13.337,1.03777,1.03787,2.25,1.50
2013.06.21 07:40:13.407,1.03777,1.03788,2.25,1.69
2013.06.21 07:40:13.956,1.03777,1.03788,2.25,1.69
2013.06.21 07:40:14.569,1.03778,1.03789,1.50,3.19
2013.06.21 07:40:18.947,1.03778,1.03788,1.50,1.69
2013.06.21 07:40:20.483,1.03779,1.0379,2.25,2.44
2013.06.21 07:40:21.023,1.03781,1.0379,1.88,1.50
2013.06.21 07:40:21.443,1.03779,1.0379,1.69,1.50
2013.06.21 07:40:23.334,1.03778,1.03789,1.69,1.50
2013.06.21 07:40:23.882,1.03777,1.03789,3.19,1.50
2013.06.21 07:40:26.663,1.03777,1.03789,3.19,1.50
2013.06.21 07:40:27.455,1.03778,1.0379,1.69,3.19
2013.06.21 07:40:30.373,1.03778,1.03789,1.69,2.25
2013.06.21 07:40:30.734,1.03777,1.03787,1.50,1.50
2013.06.21 07:40:31.035,1.03774,1.03784,1.32,1.50
2013.06.21 07:40:31.415,1.03773,1.03784,1.69,2.25
2013.06.21 07:40:31.963,1.03772,1.03784,2.44,2.44
2013.06.21 07:40:34.174,1.03776,1.03784,1.50,1.50
2013.06.21 07:40:34.294,1.03776,1.03787,1.69,2.25
2013.06.21 07:40:34.804,1.03777,1.03788,1.69,1.50
2013.06.21 07:40:35.635,1.03777,1.03787,1.69,1.50
2013.06.21 07:40:37.123,1.03777,1.03785,1.50,1.50
2013.06.21 07:40:37.663,1.03774,1.03785,1.69,2.25
2013.06.21 07:40:43.433,1.03774,1.03785,1.69,2.25
2013.06.21 07:40:46.353,1.03773,1.03784,2.44,2.25
2013.06.21 07:40:46.893,1.03772,1.03783,1.69,1.50
2013.06.21 07:40:47.483,1.03772,1.03783,1.69,1.50
2013.06.21 07:40:49.833,1.03775,1.03783,1.50,1.69
2013.06.21 07:40:50.012,1.03777,1.03789,3.00,3.94
2013.06.21 07:40:51.662,1.03778,1.03789,1.50,2.44
2013.06.21 07:40:55.041,1.03777,1.03789,3.75,2.44
2013.06.21 07:40:55.283,1.03777,1.03788,1.50,2.44
2013.06.21 07:40:55.643,1.03775,1.03785,1.50,1.50
2013.06.21 07:40:59.233,1.03776,1.03787,1.69,2.25
2013.06.21 07:41:00.072,1.03777,1.03786,1.69,2.10
2013.06.21 07:41:00.133,1.03777,1.03786,1.69,2.48
2013.06.21 07:41:00.253,1.03776,1.03784,1.69,1.88
2013.06.21 07:41:00.553,1.03776,1.03784,2.25,1.50
2013.06.21 07:41:00.672,1.03776,1.03786,2.25,1.13
2013.06.21 07:41:00.972,1.03778,1.03788,1.50,1.50
2013.06.21 07:41:04.633,1.03778,1.03788,1.50,1.50
2013.06.21 07:41:05.115,1.03779,1.03791,1.69,3.04
2013.06.21 07:41:07.394,1.03779,1.03791,1.69,2.44
2013.06.21 07:41:08.062,1.0378,1.03792,1.50,3.94
2013.06.21 07:41:09.083,1.0378,1.03791,1.50,1.69
2013.06.21 07:41:11.593,1.0378,1.0379,1.50,1.50
2013.06.21 07:41:17.051,1.03778,1.0379,3.75,3.57
2013.06.21 07:41:17.232,1.03781,1.03792,1.50,2.44
2013.06.21 07:41:17.591,1.03788,1.03798,1.50,3.25
2013.06.21 07:41:17.892,1.0379,1.03801,1.50,1.69
2013.06.21 07:41:20.131,1.0379,1.03802,1.50,3.94
2013.06.21 07:41:20.851,1.03789,1.03801,1.69,2.07
2013.06.21 07:41:20.912,1.03789,1.038,1.69,2.63
2013.06.21 07:41:26.934,1.03789,1.03798,1.50,1.50
2013.06.21 07:41:28.162,1.03789,1.03798,1.50,1.50
2013.06.21 07:41:31.643,1.03789,1.03801,3.00,1.69
2013.06.21 07:41:32.181,1.03792,1.03803,1.50,1.69
2013.06.21 07:41:41.702,1.03792,1.03803,1.50,2.44
2013.06.21 07:41:44.514,1.03791,1.03802,1.69,1.50
2013.06.21 07:41:44.753,1.03789,1.03801,3.00,2.44
2013.06.21 07:41:45.112,1.03788,1.03797,1.50,1.50
2013.06.21 07:41:45.413,1.03793,1.038,1.50,3.19
2013.06.21 07:41:45.475,1.03793,1.038,1.50,1.50
2013.06.21 07:41:45.534,1.03795,1.03804,1.50,1.13
2013.06.21 07:41:45.713,1.03798,1.03806,1.50,2.44
2013.06.21 07:41:45.772,1.03798,1.03808,1.50,3.00
2013.06.21 07:41:46.133,1.03801,1.03813,2.25,2.44
2013.06.21 07:41:48.715,1.03801,1.03813,1.50,1.69
2013.06.21 07:41:49.012,1.038,1.03813,2.25,1.69
2013.06.21 07:41:49.536,1.038,1.03813,2.44,2.44
2013.06.21 07:41:58.105,1.03801,1.03813,1.50,1.69
2013.06.21 07:42:00.584,1.03801,1.03813,1.50,1.69
2013.06.21 07:42:01.042,1.03799,1.03812,2.44,3.19
2013.06.21 07:42:03.352,1.03798,1.03811,3.94,1.69
2013.06.21 07:42:03.892,1.03797,1.0381,2.44,2.82
2013.06.21 07:42:05.663,1.03797,1.03809,2.44,2.25
2013.06.21 07:42:05.902,1.03797,1.03808,1.50,2.44
2013.06.21 07:42:06.205,1.03794,1.03805,4.50,2.07
2013.06.21 07:42:06.323,1.03795,1.03805,1.50,2.07
2013.06.21 07:42:06.564,1.03791,1.03804,1.69,2.44
2013.06.21 07:42:11.123,1.03791,1.03803,1.50,1.69
2013.06.21 07:42:14.072,1.03791,1.03803,1.69,1.32
2013.06.21 07:42:16.452,1.0379,1.03803,3.19,1.69
2013.06.21 07:42:19.733,1.0379,1.03803,2.44,2.07
2013.06.21 07:42:20.104,1.03792,1.03803,1.50,1.32
2013.06.21 07:42:23.702,1.03793,1.03805,1.50,6.57
2013.06.21 07:42:29.636,1.03793,1.03805,1.50,5.82
2013.06.21 07:42:33.283,1.03793,1.03803,1.50,1.32
2013.06.21 07:42:33.522,1.0379,1.038,2.25,1.13
2013.06.21 07:42:33.642,1.03789,1.03802,1.69,3.19
2013.06.21 07:42:34.862,1.03793,1.03797,1.50,2.10
2013.06.21 07:42:35.043,1.0379,1.03795,1.50,1.13
2013.06.21 07:42:35.162,1.03791,1.03799,1.88,1.88
2013.06.21 07:42:35.402,1.03791,1.038,1.88,1.50
2013.06.21 07:42:35.522,1.03789,1.03797,1.50,2.10
2013.06.21 07:42:35.649,1.03788,1.03797,1.69,3.23
2013.06.21 07:42:35.892,1.03787,1.03797,1.69,2.25
2013.06.21 07:42:36.013,1.03789,1.03798,1.50,2.25
2013.06.21 07:42:36.252,1.03789,1.03798,2.44,2.25
2013.06.21 07:42:36.493,1.03789,1.03802,3.19,2.44
2013.06.21 07:42:41.362,1.03791,1.03799,1.50,1.13
2013.06.21 07:42:41.482,1.0379,1.03799,2.25,1.32
2013.06.21 07:42:42.062,1.03791,1.03799,1.50,1.32
2013.06.21 07:42:42.125,1.03791,1.03802,1.50,2.07
2013.06.21 07:42:42.797,1.03792,1.03802,1.50,1.32
2013.06.21 07:42:45.123,1.03792,1.03802,1.50,2.82
2013.06.21 07:42:45.675,1.03792,1.03802,1.50,1.32
2013.06.21 07:42:45.853,1.03789,1.03797,2.44,1.50
2013.06.21 07:42:46.036,1.03786,1.03794,2.25,1.13
2013.06.21 07:42:46.393,1.03784,1.03794,1.50,2.29
2013.06.21 07:42:46.514,1.03783,1.03795,3.00,2.44
2013.06.21 07:42:46.634,1.03783,1.03795,3.00,1.69
2013.06.21 07:42:47.203,1.03784,1.03794,1.50,1.69
2013.06.21 07:42:50.962,1.03785,1.03794,2.25,1.69
2013.06.21 07:42:51.263,1.03788,1.03795,1.50,1.50
2013.06.21 07:42:51.323,1.03789,1.03799,1.50,3.42
2013.06.21 07:42:51.382,1.03789,1.03799,1.50,1.92
2013.06.21 07:42:51.692,1.03789,1.03799,3.00,1.92
2013.06.21 07:42:53.072,1.0379,1.03799,1.50,1.92
2013.06.21 07:42:53.633,1.03789,1.03799,1.50,1.92
2013.06.21 07:42:59.453,1.03789,1.03799,1.69,1.73
2013.06.21 07:43:07.010,1.03789,1.038,1.50,4.32
2013.06.21 07:43:09.432,1.03789,1.038,1.50,3.57
2013.06.21 07:43:13.282,1.0379,1.038,1.50,3.57
2013.06.21 07:43:17.154,1.0379,1.038,1.50,2.07
2013.06.21 07:43:17.903,1.0379,1.038,1.50,2.07
2013.06.21 07:43:22.325,1.0379,1.038,2.25,1.13
2013.06.21 07:43:22.640,1.03792,1.03803,1.50,3.19
2013.06.21 07:43:25.144,1.03792,1.03802,1.50,1.13
2013.06.21 07:43:25.392,1.03792,1.03803,2.25,1.50
2013.06.21 07:43:28.122,1.03793,1.03803,1.50,1.50
2013.06.21 07:43:32.043,1.03793,1.03803,2.25,1.50
2013.06.21 07:43:32.222,1.03794,1.03805,2.25,3.00
2013.06.21 07:43:32.923,1.03795,1.03805,2.25,1.50
2013.06.21 07:43:38.985,1.03796,1.03805,1.50,1.50
2013.06.21 07:43:39.043,1.03796,1.03807,1.50,3.94
2013.06.21 07:43:39.342,1.03798,1.03807,3.75,2.44
2013.06.21 07:43:39.653,1.03801,1.03813,1.50,2.82
2013.06.21 07:43:40.762,1.03802,1.03814,1.50,3.00
2013.06.21 07:43:41.422,1.03802,1.03814,1.50,1.88
2013.06.21 07:43:42.003,1.03801,1.03813,1.69,1.50
2013.06.21 07:43:43.402,1.038,1.0381,3.00,1.13
2013.06.21 07:43:44.210,1.038,1.0381,1.50,1.88
2013.06.21 07:43:46.882,1.038,1.0381,2.25,1.32
2013.06.21 07:43:47.506,1.038,1.0381,2.25,1.32
2013.06.21 07:43:53.039,1.038,1.0381,3.00,1.13
2013.06.21 07:43:56.602,1.03798,1.03808,2.25,1.88
2013.06.21 07:43:56.724,1.03797,1.03807,1.50,2.07
2013.06.21 07:43:57.142,1.03794,1.03806,2.44,2.44
2013.06.21 07:43:57.262,1.03794,1.03804,2.44,1.50
2013.06.21 07:44:00.932,1.03794,1.03803,1.50,1.88
2013.06.21 07:44:01.483,1.03791,1.03802,4.69,2.25
2013.06.21 07:44:03.008,1.03791,1.03801,1.69,2.25
2013.06.21 07:44:03.326,1.03789,1.03797,2.44,1.50
2013.06.21 07:44:18.174,1.03791,1.03799,1.50,1.50
2013.06.21 07:44:19.095,1.03787,1.03797,1.69,2.25
2013.06.21 07:44:19.632,1.03787,1.03797,1.69,2.25
2013.06.21 07:44:22.042,1.03787,1.03797,1.69,2.25
2013.06.21 07:44:22.934,1.03788,1.03797,2.25,1.50
2013.06.21 07:44:23.472,1.03788,1.03799,2.25,1.50
2013.06.21 07:44:26.292,1.03789,1.03801,1.50,1.69
2013.06.21 07:44:26.832,1.03789,1.03801,1.69,1.50
2013.06.21 07:44:27.072,1.03791,1.03803,1.50,4.69
2013.06.21 07:44:28.915,1.03791,1.03803,5.25,1.50
2013.06.21 07:44:29.463,1.03793,1.03805,2.25,2.82
2013.06.21 07:44:30.473,1.03793,1.03805,2.44,2.82
2013.06.21 07:44:32.862,1.03793,1.03804,2.44,1.35
2013.06.21 07:44:33.421,1.03791,1.03802,3.75,2.25
2013.06.21 07:44:36.643,1.03791,1.03802,3.00,2.44
2013.06.21 07:44:40.602,1.03792,1.03802,1.50,3.00
2013.06.21 07:44:41.142,1.03793,1.03802,1.50,2.25
2013.06.21 07:44:41.322,1.03792,1.03802,1.50,2.44
2013.06.21 07:44:42.585,1.03791,1.03802,2.25,1.69
2013.06.21 07:44:43.124,1.0379,1.03801,2.44,1.50
2013.06.21 07:44:43.648,1.0379,1.03801,2.25,2.44
2013.06.21 07:44:54.515,1.03791,1.03802,1.50,3.94
2013.06.21 07:45:00.572,1.03791,1.03801,2.25,1.50
2013.06.21 07:45:09.314,1.03792,1.03801,1.69,1.50
2013.06.21 07:45:12.544,1.03791,1.03801,2.44,1.50
2013.06.21 07:45:16.632,1.03793,1.03802,1.50,2.44
2013.06.21 07:45:16.873,1.03795,1.03803,1.50,1.13
2013.06.21 07:45:16.933,1.03795,1.03804,1.50,1.50
2013.06.21 07:45:16.993,1.03796,1.03806,1.50,1.69
2013.06.21 07:45:17.114,1.03795,1.03806,1.50,2.44
2013.06.21 07:45:17.233,1.03794,1.03804,1.50,1.50
2013.06.21 07:45:17.613,1.03792,1.03803,2.44,2.25
2013.06.21 07:45:18.124,1.03791,1.03803,2.25,1.69
2013.06.21 07:45:20.152,1.03791,1.03802,1.50,1.69
2013.06.21 07:45:20.692,1.03789,1.03801,3.19,2.25
2013.06.21 07:45:22.634,1.03791,1.03802,1.50,1.69
2013.06.21 07:45:24.006,1.03793,1.03803,1.50,3.19
2013.06.21 07:45:24.643,1.03792,1.03803,1.50,3.19
2013.06.21 07:45:25.200,1.03791,1.03803,2.25,3.19
2013.06.21 07:45:25.795,1.03791,1.03803,2.25,3.19
2013.06.21 07:45:27.132,1.03792,1.03803,3.00,1.69
2013.06.21 07:45:27.253,1.03794,1.03805,1.69,2.25
2013.06.21 07:45:27.552,1.03795,1.03807,2.25,3.94
2013.06.21 07:45:27.672,1.03797,1.03809,1.50,5.07
2013.06.21 07:45:28.220,1.03797,1.03809,2.25,5.07
2013.06.21 07:45:29.483,1.03797,1.03809,2.25,5.07
2013.06.21 07:45:30.092,1.03797,1.03808,2.25,2.44
2013.06.21 07:45:32.172,1.03797,1.03808,2.25,3.19
2013.06.21 07:45:34.223,1.03797,1.03807,3.19,1.50
2013.06.21 07:45:37.282,1.03797,1.03807,3.19,1.50
2013.06.21 07:45:38.884,1.03795,1.03803,1.69,1.50
2013.06.21 07:45:39.004,1.03793,1.03802,1.13,2.25
2013.06.21 07:45:39.963,1.0379,1.03802,1.50,3.94
2013.06.21 07:45:40.082,1.03791,1.03802,1.50,3.19
2013.06.21 07:45:40.203,1.03795,1.03804,2.44,1.50
2013.06.21 07:45:40.647,1.03794,1.03804,1.88,3.00
2013.06.21 07:45:41.174,1.03794,1.03806,4.13,2.44
2013.06.21 07:45:41.692,1.03794,1.03806,3.75,1.69
2013.06.21 07:45:44.164,1.03794,1.03807,3.94,3.94
2013.06.21 07:45:44.465,1.03798,1.03809,1.50,2.44
2013.06.21 07:45:44.823,1.03797,1.03807,1.69,1.50
2013.06.21 07:45:45.573,1.03799,1.03807,1.50,1.69
2013.06.21 07:45:50.484,1.038,1.03809,1.50,1.69
2013.06.21 07:45:50.663,1.03797,1.03808,1.69,1.50
2013.06.21 07:45:54.164,1.03798,1.03808,2.25,1.69
2013.06.21 07:45:55.602,1.03799,1.03808,1.50,2.44
2013.06.21 07:45:55.783,1.03798,1.03808,1.50,2.44
2013.06.21 07:45:56.338,1.03798,1.03808,2.25,1.69
2013.06.21 07:45:56.612,1.03798,1.03808,2.25,1.69
2013.06.21 07:45:57.210,1.03798,1.03808,2.25,1.69
2013.06.21 07:45:59.834,1.03799,1.03808,1.13,1.69
2013.06.21 07:46:00.193,1.03801,1.03809,2.63,1.50
2013.06.21 07:46:00.743,1.03801,1.03809,1.13,1.50
2013.06.21 07:46:01.622,1.03798,1.03809,2.82,1.50
2013.06.21 07:46:01.683,1.03798,1.03809,3.57,1.50
2013.06.21 07:46:02.163,1.03797,1.03808,1.50,1.69
2013.06.21 07:46:02.222,1.03796,1.03807,3.00,1.69
2013.06.21 07:46:02.583,1.03796,1.03805,1.13,2.63
2013.06.21 07:46:02.643,1.03796,1.03806,2.25,1.69
2013.06.21 07:46:02.882,1.03796,1.03807,1.13,3.19
2013.06.21 07:46:02.943,1.03796,1.03807,1.88,2.44
2013.06.21 07:46:03.183,1.03798,1.03809,1.50,1.69
2013.06.21 07:46:03.733,1.03798,1.03809,2.44,1.50
2013.06.21 07:46:05.573,1.03798,1.03809,2.44,3.00
2013.06.21 07:46:05.874,1.03795,1.03804,2.25,2.82
2013.06.21 07:46:07.053,1.03791,1.03802,1.69,1.50
2013.06.21 07:46:07.564,1.03792,1.03802,2.25,1.50
2013.06.21 07:46:18.323,1.03794,1.03802,1.50,1.50
2013.06.21 07:46:19.316,1.03795,1.03802,1.50,1.50
2013.06.21 07:46:22.374,1.03792,1.03802,3.19,2.25
2013.06.21 07:46:27.274,1.03792,1.03802,3.00,2.25
2013.06.21 07:46:27.942,1.03795,1.03805,2.25,2.07
2013.06.21 07:46:28.513,1.03794,1.03804,1.50,1.50
2013.06.21 07:46:31.174,1.03792,1.03802,3.00,1.50
2013.06.21 07:46:32.544,1.03792,1.03802,3.94,1.50
2013.06.21 07:46:42.886,1.03792,1.03802,1.50,2.44
2013.06.21 07:46:43.075,1.0379,1.03799,2.25,1.50
2013.06.21 07:46:43.134,1.0379,1.03799,2.25,1.50
2013.06.21 07:46:43.315,1.0379,1.03801,1.50,3.19
2013.06.21 07:46:44.190,1.0379,1.03801,2.25,1.69
2013.06.21 07:46:45.684,1.0379,1.03801,1.50,2.44
2013.06.21 07:46:47.472,1.03789,1.03799,1.69,1.50
2013.06.21 07:46:48.013,1.03788,1.03798,1.50,1.50
2013.06.21 07:46:49.214,1.03787,1.03796,1.50,2.25
2013.06.21 07:46:49.573,1.03789,1.03799,1.50,2.25
2013.06.21 07:46:50.114,1.03789,1.03799,2.25,1.50
2013.06.21 07:46:53.903,1.03793,1.03799,2.25,1.50
2013.06.21 07:46:57.282,1.03792,1.038,2.25,2.25
2013.06.21 07:46:57.463,1.03792,1.03801,2.25,1.50
2013.06.21 07:46:57.763,1.03792,1.03804,3.19,2.82
2013.06.21 07:46:57.823,1.03797,1.03804,2.25,2.82
2013.06.21 07:46:58.363,1.03797,1.03806,2.25,1.50
2013.06.21 07:47:02.243,1.03797,1.03806,2.25,1.50
2013.06.21 07:47:04.473,1.03798,1.03807,1.50,1.69
2013.06.21 07:47:04.652,1.03798,1.03809,1.50,2.44
2013.06.21 07:47:06.813,1.038,1.03811,1.50,1.69
2013.06.21 07:47:08.845,1.038,1.03812,2.25,4.69
2013.06.21 07:47:09.567,1.038,1.03809,1.50,2.25
2013.06.21 07:47:11.843,1.03798,1.03808,1.50,1.50
2013.06.21 07:47:12.023,1.03796,1.03806,2.07,1.50
2013.06.21 07:47:12.203,1.03796,1.03806,1.13,2.25
2013.06.21 07:47:12.563,1.03792,1.03803,3.75,2.44
2013.06.21 07:47:17.112,1.03792,1.03802,1.69,1.50
2013.06.21 07:47:17.295,1.03791,1.03801,1.50,1.50
2013.06.21 07:47:17.843,1.03791,1.03802,2.25,1.69
2013.06.21 07:47:18.333,1.03795,1.03804,1.50,1.69
2013.06.21 07:47:18.452,1.03796,1.03805,1.50,1.88
2013.06.21 07:47:18.513,1.03796,1.03806,2.25,1.50
2013.06.21 07:47:18.873,1.03798,1.0381,3.00,2.82
2013.06.21 07:47:19.053,1.03799,1.03811,1.50,2.44
2013.06.21 07:47:20.104,1.03799,1.03811,1.50,3.19
2013.06.21 07:47:20.223,1.03798,1.0381,1.50,2.44
2013.06.21 07:47:22.672,1.03798,1.0381,2.44,1.69
2013.06.21 07:47:23.342,1.03798,1.03809,1.69,2.63
2013.06.21 07:47:26.102,1.03797,1.03806,2.25,1.50
2013.06.21 07:47:34.364,1.03797,1.03805,1.50,1.50
2013.06.21 07:47:34.664,1.03795,1.03804,1.50,1.69
2013.06.21 07:47:35.113,1.03793,1.03804,1.50,2.44
2013.06.21 07:47:35.844,1.03793,1.03804,1.50,3.19
2013.06.21 07:47:38.954,1.03793,1.03804,1.50,3.19
2013.06.21 07:47:47.422,1.03792,1.03804,2.44,2.44
2013.06.21 07:47:50.503,1.03794,1.03805,1.50,3.19
2013.06.21 07:47:50.564,1.03795,1.03806,2.44,1.50
2013.06.21 07:47:50.744,1.03796,1.03807,2.44,2.25
2013.06.21 07:47:52.613,1.03797,1.03807,1.50,2.25
2013.06.21 07:47:52.733,1.03796,1.03807,1.69,2.25
2013.06.21 07:47:54.683,1.03794,1.03805,2.25,1.50
2013.06.21 07:47:55.298,1.03794,1.03805,1.50,3.00
2013.06.21 07:48:00.949,1.03793,1.03804,3.00,3.19
2013.06.21 07:48:08.013,1.03795,1.03805,1.50,1.50
2013.06.21 07:48:08.193,1.03797,1.03807,2.44,2.25
2013.06.21 07:48:08.434,1.03798,1.0381,2.44,2.25
2013.06.21 07:48:08.893,1.038,1.03812,1.50,3.19
2013.06.21 07:48:14.814,1.038,1.03811,2.25,1.50
2013.06.21 07:48:19.312,1.038,1.03812,2.25,3.00
2013.06.21 07:48:27.854,1.03801,1.03812,2.25,2.25
2013.06.21 07:48:38.392,1.038,1.03812,6.19,3.00
2013.06.21 07:48:51.584,1.03801,1.03812,2.25,3.00
2013.06.21 07:48:54.862,1.038,1.0381,4.69,2.85
2013.06.21 07:48:55.163,1.03799,1.03807,2.25,3.60
2013.06.21 07:48:55.642,1.03794,1.03805,2.44,1.50
2013.06.21 07:48:55.763,1.03793,1.03803,1.50,1.50
2013.06.21 07:48:59.563,1.03792,1.03802,1.50,2.10
2013.06.21 07:48:59.623,1.03791,1.03801,4.50,1.35
2013.06.21 07:49:00.165,1.03791,1.03801,1.50,2.85
2013.06.21 07:49:01.315,1.03789,1.03801,5.44,2.85
2013.06.21 07:49:01.494,1.03789,1.03799,3.00,1.50
2013.06.21 07:49:02.033,1.03789,1.03798,2.25,3.00
2013.06.21 07:49:03.673,1.03789,1.03798,2.25,3.19
2013.06.21 07:49:05.253,1.03789,1.03799,3.19,2.25
2013.06.21 07:49:05.373,1.03789,1.038,5.07,1.50
2013.06.21 07:49:05.434,1.03791,1.038,3.57,1.50
2013.06.21 07:49:05.613,1.03791,1.03801,1.32,2.25
2013.06.21 07:49:05.733,1.03789,1.038,5.44,1.50
2013.06.21 07:49:06.093,1.03789,1.03799,3.00,4.13
2013.06.21 07:49:08.247,1.03789,1.03799,1.50,2.63
2013.06.21 07:49:08.903,1.03789,1.038,1.50,1.69
2013.06.21 07:49:09.264,1.03789,1.03801,3.19,1.50
2013.06.21 07:49:09.586,1.03789,1.03799,3.19,1.13
2013.06.21 07:49:10.684,1.03788,1.03798,1.69,1.50
2013.06.21 07:49:11.944,1.03788,1.03798,1.69,1.50
2013.06.21 07:49:15.365,1.03788,1.03798,2.82,1.50
2013.06.21 07:49:18.092,1.03789,1.03798,2.25,1.50
2013.06.21 07:49:22.314,1.03789,1.03799,1.13,1.13
2013.06.21 07:49:22.375,1.03789,1.038,1.88,1.88
2013.06.21 07:49:22.735,1.03791,1.03803,1.50,3.19
2013.06.21 07:49:22.914,1.03792,1.03803,1.88,2.44
2013.06.21 07:49:23.034,1.03795,1.03805,1.50,1.69
2013.06.21 07:49:23.094,1.03795,1.03808,3.19,3.00
2013.06.21 07:49:23.213,1.03796,1.03808,1.69,3.00
2013.06.21 07:49:23.789,1.03798,1.03808,2.25,1.50
2013.06.21 07:49:55.187,1.03798,1.03808,2.25,1.50
2013.06.21 07:50:01.543,1.03797,1.03808,1.50,2.25
2013.06.21 07:50:04.173,1.03797,1.03807,1.50,2.25
2013.06.21 07:50:06.374,1.03797,1.03807,1.50,2.25
2013.06.21 07:50:13.603,1.03797,1.03807,1.50,2.44
2013.06.21 07:50:19.312,1.03795,1.03807,3.19,3.19
2013.06.21 07:50:19.793,1.03794,1.03802,1.13,1.84
2013.06.21 07:50:19.853,1.03794,1.03802,1.13,4.09
2013.06.21 07:50:20.387,1.03793,1.03799,1.50,1.50
2013.06.21 07:50:20.577,1.03793,1.03802,1.50,1.84
2013.06.21 07:50:27.483,1.03795,1.03802,1.50,1.50
2013.06.21 07:50:27.603,1.03795,1.03807,4.69,2.25
2013.06.21 07:50:27.663,1.03797,1.03807,1.50,1.50
2013.06.21 07:50:28.193,1.038,1.03811,3.00,1.69
2013.06.21 07:50:31.673,1.038,1.03811,3.00,2.44
2013.06.21 07:50:32.864,1.038,1.0381,3.00,1.69
2013.06.21 07:50:34.852,1.038,1.0381,3.00,1.69
2013.06.21 07:50:38.874,1.038,1.0381,3.00,1.69
2013.06.21 07:50:39.373,1.03801,1.03811,1.50,1.69
2013.06.21 07:50:39.912,1.03801,1.03811,1.50,1.69
2013.06.21 07:50:41.013,1.038,1.03811,3.75,1.69
2013.06.21 07:50:48.173,1.038,1.03811,3.75,1.69
2013.06.21 07:50:49.145,1.03803,1.03812,1.50,1.69
2013.06.21 07:50:49.697,1.03803,1.03813,1.50,1.69
2013.06.21 07:50:52.123,1.03803,1.03814,2.25,1.50
2013.06.21 07:50:52.613,1.03804,1.03816,1.50,2.44
2013.06.21 07:50:55.533,1.03804,1.03815,2.25,1.69
2013.06.21 07:50:56.114,1.03804,1.03815,2.25,1.69
2013.06.21 07:51:02.093,1.03803,1.03813,2.07,1.50
2013.06.21 07:51:18.236,1.03806,1.03816,1.88,1.69
2013.06.21 07:51:18.367,1.03806,1.03816,2.82,1.50
2013.06.21 07:51:18.914,1.03806,1.03816,2.07,2.25
2013.06.21 07:51:19.419,1.03806,1.03816,2.44,1.50
2013.06.21 07:51:19.685,1.03807,1.03817,1.69,2.25
2013.06.21 07:51:21.514,1.0381,1.03817,1.50,2.25
2013.06.21 07:51:25.539,1.03812,1.03819,1.50,2.25
2013.06.21 07:51:28.313,1.0381,1.03819,1.50,1.50
2013.06.21 07:51:29.323,1.0381,1.03818,1.50,3.00
2013.06.21 07:51:29.563,1.03807,1.03818,3.00,3.19
2013.06.21 07:51:30.103,1.03807,1.03816,2.25,2.25
2013.06.21 07:51:30.643,1.03803,1.03815,3.57,3.00
2013.06.21 07:51:31.904,1.03804,1.03815,1.69,2.25
2013.06.21 07:51:32.423,1.03804,1.03816,2.44,2.44
2013.06.21 07:51:34.584,1.03804,1.03815,2.44,1.50
2013.06.21 07:51:35.533,1.03804,1.03815,1.69,1.50
2013.06.21 07:51:36.083,1.03803,1.03814,3.00,2.44
2013.06.21 07:51:36.643,1.03803,1.03814,3.38,2.44
2013.06.21 07:51:37.163,1.03803,1.03814,3.38,2.44
2013.06.21 07:51:41.644,1.03803,1.03814,1.13,3.19
2013.06.21 07:51:43.053,1.03803,1.03813,1.13,1.69
2013.06.21 07:51:43.596,1.03803,1.03814,1.13,4.69
2013.06.21 07:51:43.943,1.03803,1.03812,1.13,1.50
2013.06.21 07:51:50.144,1.03803,1.03812,1.13,1.69
2013.06.21 07:51:51.123,1.03802,1.03812,1.88,3.57
2013.06.21 07:51:51.183,1.03802,1.03812,1.13,4.32
2013.06.21 07:51:51.663,1.038,1.03809,1.50,2.25
2013.06.21 07:51:51.963,1.038,1.03807,1.50,3.19
2013.06.21 07:51:52.323,1.03795,1.03802,1.50,2.63
2013.06.21 07:51:52.443,1.03791,1.03802,1.50,3.57
2013.06.21 07:51:52.564,1.0379,1.03801,2.44,1.50
2013.06.21 07:51:52.683,1.0379,1.03801,2.44,1.50
2013.06.21 07:51:53.223,1.0379,1.03802,3.94,2.07
2013.06.21 07:51:53.344,1.03791,1.03802,3.00,1.32
2013.06.21 07:51:53.703,1.03793,1.03801,1.13,1.50
2013.06.21 07:51:54.004,1.03796,1.03801,1.50,1.50
2013.06.21 07:51:54.064,1.03796,1.03805,1.50,2.82
2013.06.21 07:51:54.183,1.03796,1.03805,1.50,1.50
2013.06.21 07:51:54.244,1.03796,1.03804,1.50,1.50
2013.06.21 07:51:54.603,1.03796,1.03802,1.50,1.13
2013.06.21 07:51:54.904,1.03796,1.03806,1.50,3.19
2013.06.21 07:51:55.411,1.03794,1.03806,1.69,3.19
2013.06.21 07:51:56.974,1.03794,1.03806,1.69,2.44
2013.06.21 07:51:57.033,1.03796,1.03806,2.25,1.69
2013.06.21 07:51:57.453,1.03798,1.03808,1.88,1.69
2013.06.21 07:52:00.579,1.03796,1.03804,2.44,2.25
2013.06.21 07:52:00.765,1.03796,1.03802,1.50,1.13
2013.06.21 07:52:00.836,1.03792,1.03802,2.25,1.13
2013.06.21 07:52:01.401,1.0379,1.03801,3.19,2.25
2013.06.21 07:52:03.803,1.03789,1.03801,3.94,2.25
2013.06.21 07:52:05.598,1.03789,1.03797,3.19,1.13
2013.06.21 07:52:06.209,1.03789,1.03797,2.25,1.13
2013.06.21 07:52:07.563,1.03788,1.03798,2.25,1.13
2013.06.21 07:52:11.473,1.03787,1.03798,1.50,2.44
2013.06.21 07:52:12.004,1.03787,1.03797,1.50,2.63
2013.06.21 07:52:12.157,1.03785,1.03797,2.44,2.63
2013.06.21 07:52:12.833,1.03785,1.03796,2.44,1.13
2013.06.21 07:52:13.013,1.03783,1.03793,3.00,1.13
2013.06.21 07:52:13.073,1.03784,1.03795,1.50,3.42
2013.06.21 07:52:13.193,1.03787,1.03796,1.88,1.50
2013.06.21 07:52:13.433,1.03788,1.03798,1.88,1.88
2013.06.21 07:52:15.614,1.03788,1.03797,2.07,3.23
2013.06.21 07:52:15.735,1.03785,1.03793,1.69,1.13
2013.06.21 07:52:15.854,1.03786,1.03796,1.50,1.88
2013.06.21 07:52:15.914,1.03787,1.03797,1.32,2.63
2013.06.21 07:52:15.973,1.03787,1.03797,2.82,1.50
2013.06.21 07:52:16.214,1.03789,1.03798,2.63,1.13
2013.06.21 07:52:21.644,1.0379,1.03802,1.69,3.57
2013.06.21 07:52:23.284,1.03793,1.03803,4.69,1.50
2013.06.21 07:52:23.343,1.03798,1.03806,1.50,2.82
2013.06.21 07:52:23.464,1.03799,1.03808,1.50,3.75
2013.06.21 07:52:23.526,1.03799,1.0381,1.50,1.69
2013.06.21 07:52:24.135,1.038,1.03811,1.13,1.69
2013.06.21 07:52:25.253,1.038,1.03812,1.13,6.57
2013.06.21 07:52:26.625,1.038,1.0381,1.50,1.50
2013.06.21 07:52:27.030,1.038,1.03807,1.50,1.50
2013.06.21 07:52:27.543,1.038,1.03807,1.50,1.50
2013.06.21 07:52:27.723,1.03801,1.03811,1.50,1.69
2013.06.21 07:52:31.933,1.038,1.03811,3.75,1.69
2013.06.21 07:52:33.906,1.038,1.0381,2.25,1.50
2013.06.21 07:52:34.324,1.03797,1.03807,3.00,1.13
2013.06.21 07:52:34.384,1.03797,1.03807,1.50,1.13
2013.06.21 07:52:34.444,1.03796,1.03807,1.50,1.88
2013.06.21 07:52:34.623,1.03794,1.03806,1.69,1.69
2013.06.21 07:52:34.925,1.03793,1.03804,1.69,1.13
2013.06.21 07:52:35.485,1.03795,1.03805,1.69,1.13
2013.06.21 07:52:35.666,1.038,1.03808,2.25,1.69
2013.06.21 07:52:35.725,1.038,1.03811,2.25,1.50
2013.06.21 07:52:36.388,1.03801,1.03812,1.50,2.07
2013.06.21 07:52:36.943,1.03801,1.03813,2.25,2.82
2013.06.21 07:52:37.145,1.03801,1.03813,2.25,3.57
2013.06.21 07:52:37.693,1.03801,1.03813,2.25,3.57
2013.06.21 07:52:38.483,1.03801,1.03813,1.50,3.57
2013.06.21 07:52:39.305,1.038,1.0381,3.94,1.50
2013.06.21 07:52:39.725,1.03799,1.03808,1.13,1.50
2013.06.21 07:52:40.024,1.03796,1.03806,1.50,1.50
2013.06.21 07:52:40.754,1.03796,1.03806,1.50,1.50
2013.06.21 07:52:45.903,1.03794,1.03804,1.50,1.13
2013.06.21 07:52:45.963,1.03794,1.03804,1.50,1.13
2013.06.21 07:52:46.964,1.03791,1.03802,1.69,1.13
2013.06.21 07:52:47.084,1.0379,1.03801,2.07,1.50
2013.06.21 07:52:47.263,1.03791,1.03802,1.69,1.13
2013.06.21 07:52:49.243,1.0379,1.03802,2.63,1.88
2013.06.21 07:52:53.333,1.0379,1.03802,2.25,2.63
2013.06.21 07:52:53.883,1.0379,1.03801,1.50,1.50
2013.06.21 07:52:59.695,1.0379,1.03801,1.50,1.50
2013.06.21 07:53:00.524,1.0379,1.03802,2.25,2.82
2013.06.21 07:53:01.028,1.0379,1.03802,2.25,2.07
2013.06.21 07:53:01.854,1.0379,1.03802,1.69,2.82
2013.06.21 07:53:01.914,1.0379,1.03801,1.50,1.32
2013.06.21 07:53:04.894,1.03787,1.03797,1.50,1.13
2013.06.21 07:53:05.014,1.03785,1.03797,3.00,1.32
2013.06.21 07:53:05.073,1.03785,1.03796,3.00,2.07
2013.06.21 07:53:05.254,1.03783,1.03793,1.50,1.50
2013.06.21 07:53:05.314,1.03783,1.03792,1.50,1.13
2013.06.21 07:53:05.434,1.03783,1.03794,2.25,1.54
2013.06.21 07:53:05.553,1.03783,1.03793,4.50,1.92
2013.06.21 07:53:05.914,1.03787,1.03796,1.32,1.50
2013.06.21 07:53:05.973,1.03787,1.03796,2.07,1.50
2013.06.21 07:53:06.497,1.03788,1.03797,1.50,1.13
2013.06.21 07:53:07.134,1.03788,1.03797,1.50,1.13
2013.06.21 07:53:07.824,1.03788,1.03797,3.00,1.13
2013.06.21 07:53:10.405,1.03789,1.03797,2.07,1.13
2013.06.21 07:53:20.037,1.03789,1.03798,1.32,1.13
2013.06.21 07:53:21.031,1.03788,1.03798,1.50,1.88
2013.06.21 07:53:21.573,1.03786,1.03796,2.25,1.13
2013.06.21 07:53:22.114,1.03787,1.03797,1.13,3.57
2013.06.21 07:53:24.145,1.03785,1.03796,1.50,1.69
2013.06.21 07:53:26.127,1.03784,1.03795,2.44,1.50
2013.06.21 07:53:26.315,1.03786,1.03797,1.50,2.07
2013.06.21 07:53:26.939,1.03787,1.03797,1.50,1.13
2013.06.21 07:53:31.664,1.03785,1.03796,1.50,2.25
2013.06.21 07:53:33.933,1.03784,1.03794,1.50,2.44
2013.06.21 07:53:36.634,1.03784,1.03794,1.50,2.44
2013.06.21 07:53:38.706,1.03784,1.03794,1.50,2.44
2013.06.21 07:53:39.334,1.03784,1.03794,1.50,1.69
2013.06.21 07:53:40.036,1.03784,1.03794,1.50,1.69
2013.06.21 07:53:41.505,1.03785,1.03794,2.25,1.69
2013.06.21 07:53:52.327,1.03787,1.03797,1.50,1.32
2013.06.21 07:53:52.395,1.03788,1.03799,3.00,1.32
2013.06.21 07:53:52.455,1.03788,1.038,3.38,1.69
2013.06.21 07:53:52.574,1.03793,1.038,1.13,1.69
2013.06.21 07:53:52.933,1.03793,1.03802,1.13,12.00
2013.06.21 07:53:53.453,1.03793,1.03802,1.88,5.25
2013.06.21 07:53:54.065,1.03793,1.03802,1.88,5.25
2013.06.21 07:53:54.573,1.03793,1.03801,1.13,3.75
2013.06.21 07:53:54.754,1.0379,1.038,1.88,1.69
2013.06.21 07:53:55.315,1.03788,1.03799,3.38,3.94
2013.06.21 07:53:55.853,1.03788,1.03798,2.63,3.75
2013.06.21 07:53:56.154,1.03788,1.03798,1.88,1.50
2013.06.21 07:53:58.453,1.03788,1.03798,2.63,4.69
2013.06.21 07:53:58.993,1.03788,1.038,4.13,3.19
2013.06.21 07:53:59.873,1.03788,1.03797,3.00,1.13
2013.06.21 07:54:01.524,1.03787,1.03797,1.32,4.88
2013.06.21 07:54:02.083,1.03787,1.03797,1.13,7.32
2013.06.21 07:54:02.603,1.03785,1.03796,1.50,1.69
2013.06.21 07:54:03.494,1.03785,1.03796,1.50,1.69
2013.06.21 07:54:04.024,1.03785,1.03795,1.50,1.69
2013.06.21 07:54:06.554,1.03785,1.03795,1.50,2.44
2013.06.21 07:54:07.083,1.03783,1.03795,3.75,3.94
2013.06.21 07:54:07.725,1.03783,1.03794,3.19,2.25
2013.06.21 07:54:08.086,1.03783,1.03791,1.88,1.50
2013.06.21 07:54:11.626,1.03783,1.03792,1.50,2.82
2013.06.21 07:54:12.219,1.03783,1.03793,2.63,6.19
2013.06.21 07:54:21.675,1.03783,1.03792,2.63,1.69
2013.06.21 07:54:24.243,1.03783,1.03794,3.38,2.44
2013.06.21 07:54:30.226,1.03784,1.03794,2.25,2.44
2013.06.21 07:54:30.284,1.03787,1.03794,1.50,2.44
2013.06.21 07:54:30.464,1.03787,1.03798,3.00,2.82
2013.06.21 07:54:30.705,1.03788,1.038,3.38,2.44
2013.06.21 07:54:31.338,1.03789,1.03801,1.69,2.44
2013.06.21 07:54:31.946,1.03789,1.03801,1.69,3.19
2013.06.21 07:54:32.663,1.03789,1.03801,3.19,3.19
2013.06.21 07:54:33.205,1.03789,1.03801,3.19,2.44
2013.06.21 07:54:33.746,1.03789,1.03801,4.69,3.19
2013.06.21 07:54:34.368,1.0379,1.03801,2.25,2.44
2013.06.21 07:54:35.153,1.0379,1.03801,2.25,2.44
2013.06.21 07:54:37.389,1.0379,1.03801,3.00,2.44
2013.06.21 07:54:39.343,1.03792,1.03802,2.25,3.57
2013.06.21 07:54:40.058,1.03793,1.03804,2.63,1.69
2013.06.21 07:54:42.754,1.03793,1.03802,2.82,1.50
2013.06.21 07:54:45.917,1.03795,1.03805,2.25,1.69
2013.06.21 07:54:46.035,1.03797,1.03806,1.50,2.44
2013.06.21 07:54:46.397,1.03803,1.03811,1.13,2.44
2013.06.21 07:54:46.465,1.03803,1.03814,1.13,2.25
2013.06.21 07:54:47.855,1.03804,1.03815,2.25,1.50
2013.06.21 07:54:52.455,1.03805,1.03813,1.69,1.50
2013.06.21 07:54:57.624,1.03802,1.03812,1.88,1.13
2013.06.21 07:54:57.683,1.03802,1.03812,1.88,1.88
2013.06.21 07:54:58.903,1.038,1.03812,2.07,2.63
2013.06.21 07:55:11.504,1.03803,1.03812,1.13,2.25
2013.06.21 07:55:14.993,1.03803,1.03812,1.13,2.25
2013.06.21 07:55:17.792,1.03803,1.03812,1.13,3.19
2013.06.21 07:55:28.617,1.03803,1.03812,1.13,2.25
2013.06.21 07:55:31.373,1.03802,1.03812,2.07,1.88
2013.06.21 07:55:31.434,1.03802,1.03811,1.13,1.50
2013.06.21 07:55:31.554,1.038,1.03811,1.50,1.69
2013.06.21 07:55:32.071,1.038,1.03811,1.50,1.69
2013.06.21 07:55:37.214,1.03799,1.03805,1.88,1.50
2013.06.21 07:55:37.394,1.03793,1.03804,1.69,2.25
2013.06.21 07:55:40.906,1.03792,1.03803,2.82,1.50
2013.06.21 07:55:41.823,1.03794,1.03804,2.88,1.50
2013.06.21 07:55:41.884,1.03795,1.03806,2.44,1.50
2013.06.21 07:55:42.004,1.03796,1.03807,1.32,1.88
2013.06.21 07:55:42.664,1.03796,1.03807,2.07,1.88
2013.06.21 07:55:43.203,1.03795,1.03806,3.19,1.50
2013.06.21 07:55:45.584,1.03794,1.03806,2.44,2.44
2013.06.21 07:55:46.123,1.03793,1.03804,2.82,1.50
2013.06.21 07:55:47.284,1.03793,1.03805,3.57,1.50
2013.06.21 07:55:50.993,1.03792,1.03804,3.57,2.25
2013.06.21 07:55:53.645,1.03792,1.03804,3.19,2.25
2013.06.21 07:55:54.113,1.03792,1.03804,3.57,2.25
2013.06.21 07:55:56.175,1.03792,1.03804,2.82,2.25
2013.06.21 07:56:01.059,1.03792,1.03804,4.32,2.25
2013.06.21 07:56:01.245,1.03793,1.03804,2.82,1.50
2013.06.21 07:56:01.929,1.03795,1.03806,2.25,1.32
2013.06.21 07:56:02.294,1.03797,1.03808,2.44,2.25
2013.06.21 07:56:02.413,1.03799,1.0381,1.69,1.50
2013.06.21 07:56:02.474,1.03799,1.03811,2.44,3.38
2013.06.21 07:56:02.983,1.03799,1.03811,2.44,1.88
2013.06.21 07:56:04.880,1.03799,1.03811,1.69,1.69
2013.06.21 07:56:05.657,1.03799,1.03811,2.44,1.69
2013.06.21 07:56:12.204,1.038,1.03811,3.00,1.69
2013.06.21 07:56:12.563,1.038,1.0381,3.00,1.32
2013.06.21 07:56:12.624,1.03801,1.03811,1.50,1.69
2013.06.21 07:56:12.864,1.03801,1.03812,1.50,1.32
2013.06.21 07:56:13.284,1.03802,1.03813,1.50,2.07
2013.06.21 07:56:13.404,1.03801,1.03812,1.50,1.32
2013.06.21 07:56:14.563,1.038,1.03811,2.44,1.50
2013.06.21 07:56:15.284,1.038,1.03812,3.19,2.82
2013.06.21 07:56:15.863,1.038,1.03812,3.19,2.07
2013.06.21 07:56:19.313,1.038,1.03812,3.00,2.82
2013.06.21 07:56:36.973,1.03801,1.03812,1.50,1.32
2013.06.21 07:56:38.305,1.03801,1.03813,2.63,2.44
2013.06.21 07:56:38.665,1.03803,1.03814,1.88,1.69
2013.06.21 07:56:39.903,1.03803,1.03813,1.88,1.50
2013.06.21 07:56:41.148,1.03805,1.03813,2.25,1.50
2013.06.21 07:56:41.220,1.0381,1.03821,2.25,1.69
2013.06.21 07:56:41.754,1.0381,1.03822,2.25,2.85
2013.06.21 07:56:45.104,1.03811,1.03822,2.25,2.85
2013.06.21 07:56:45.644,1.03813,1.03823,1.13,1.69
2013.06.21 07:56:47.954,1.03813,1.03823,1.13,1.69
2013.06.21 07:56:56.224,1.03812,1.03822,2.07,1.50
2013.06.21 07:57:02.425,1.03813,1.03822,1.13,1.50
2013.06.21 07:57:04.325,1.03814,1.03825,1.50,2.44
2013.06.21 07:57:04.850,1.03815,1.03826,3.00,1.50
2013.06.21 07:57:07.493,1.03815,1.03825,3.00,1.50
2013.06.21 07:57:14.295,1.03816,1.03828,2.25,2.44
2013.06.21 07:57:14.367,1.03828,1.03838,1.13,1.50
2013.06.21 07:57:14.624,1.03828,1.0384,1.88,3.19
2013.06.21 07:57:17.026,1.03832,1.0384,1.50,2.44
2013.06.21 07:57:17.564,1.03832,1.03841,1.32,2.25
2013.06.21 07:57:17.685,1.03834,1.03841,1.50,1.50
2013.06.21 07:57:17.984,1.03835,1.03844,1.50,1.88
2013.06.21 07:57:18.344,1.03834,1.03845,2.44,1.50
2013.06.21 07:57:18.918,1.03834,1.03846,3.19,1.50
2013.06.21 07:57:19.283,1.03836,1.03847,3.00,1.13
2013.06.21 07:57:20.508,1.03836,1.03846,2.25,1.50
2013.06.21 07:57:21.345,1.03835,1.03846,1.50,3.00
2013.06.21 07:57:21.463,1.03833,1.03842,1.69,1.13
2013.06.21 07:57:24.914,1.03831,1.0384,3.19,1.50
2013.06.21 07:57:25.093,1.0383,1.03839,3.19,1.50
2013.06.21 07:57:25.214,1.03828,1.03837,1.69,1.13
2013.06.21 07:57:27.645,1.03828,1.03838,1.13,1.69
2013.06.21 07:57:27.825,1.03831,1.03838,1.69,1.50
2013.06.21 07:57:28.014,1.03832,1.0384,4.69,1.50
2013.06.21 07:57:28.614,1.03833,1.03843,1.88,1.50
2013.06.21 07:57:28.914,1.03833,1.03845,2.82,1.50
2013.06.21 07:57:30.393,1.03834,1.03845,1.69,2.25
2013.06.21 07:57:31.006,1.03833,1.03845,3.94,2.25
2013.06.21 07:57:32.489,1.03833,1.03843,3.19,1.50
2013.06.21 07:57:34.743,1.03833,1.03843,1.13,1.50
2013.06.21 07:57:35.044,1.03831,1.03841,1.13,1.50
2013.06.21 07:57:35.774,1.03828,1.0384,2.69,1.50
2013.06.21 07:57:36.463,1.03828,1.0384,1.88,2.44
2013.06.21 07:57:37.014,1.03828,1.03839,1.13,3.00
2013.06.21 07:57:39.593,1.03828,1.03834,1.13,1.50
2013.06.21 07:57:39.715,1.03824,1.03832,1.50,1.13
2013.06.21 07:57:39.843,1.03822,1.03832,2.25,1.13
2013.06.21 07:57:39.965,1.03821,1.03832,1.69,1.88
2013.06.21 07:57:40.384,1.03819,1.03827,1.50,1.13
2013.06.21 07:57:40.445,1.03819,1.03827,1.50,1.13
2013.06.21 07:57:40.964,1.03817,1.03827,1.50,1.13
2013.06.21 07:57:44.104,1.03817,1.03824,1.50,1.50
2013.06.21 07:57:44.164,1.03814,1.03822,1.50,1.13
2013.06.21 07:57:44.285,1.03813,1.03822,2.25,1.13
2013.06.21 07:57:47.984,1.03812,1.03822,2.25,1.13
2013.06.21 07:57:50.583,1.03813,1.03823,1.50,1.13
2013.06.21 07:57:50.764,1.03814,1.03825,1.69,2.25
2013.06.21 07:57:51.066,1.03819,1.03828,1.69,2.25
2013.06.21 07:57:51.244,1.03819,1.03831,2.44,2.25
2013.06.21 07:57:51.795,1.03819,1.03831,2.44,1.50
2013.06.21 07:57:51.854,1.0382,1.03831,1.32,1.50
2013.06.21 07:57:52.525,1.03823,1.03835,1.13,3.94
2013.06.21 07:57:52.825,1.03824,1.03835,1.13,1.69
2013.06.21 07:57:53.904,1.03823,1.03835,1.88,3.19
2013.06.21 07:58:00.038,1.03823,1.03834,2.63,2.25
2013.06.21 07:58:00.464,1.03821,1.03832,1.50,1.88
2013.06.21 07:58:00.703,1.03818,1.0383,3.57,3.75
2013.06.21 07:58:01.074,1.03818,1.03827,2.82,2.25
2013.06.21 07:58:01.134,1.03817,1.03823,2.25,1.13
2013.06.21 07:58:01.374,1.03817,1.03823,1.13,1.50
2013.06.21 07:58:01.494,1.03817,1.03826,1.13,1.50
2013.06.21 07:58:01.674,1.03818,1.03826,1.88,1.50
2013.06.21 07:58:01.984,1.0382,1.03826,2.25,1.50
2013.06.21 07:58:02.284,1.03823,1.03828,1.13,1.50
2013.06.21 07:58:02.404,1.03823,1.0383,1.13,1.50
2013.06.21 07:58:02.524,1.03823,1.03832,1.13,2.63
2013.06.21 07:58:04.333,1.03821,1.03831,1.32,1.50
2013.06.21 07:58:04.573,1.03821,1.03831,1.50,1.50
2013.06.21 07:58:07.959,1.03821,1.03831,1.50,2.25
2013.06.21 07:58:14.134,1.0382,1.03829,2.44,1.13
2013.06.21 07:58:14.254,1.03819,1.03829,1.50,1.32
2013.06.21 07:58:14.374,1.03817,1.03827,1.13,1.13
2013.06.21 07:58:14.495,1.03817,1.03827,1.13,1.88
2013.06.21 07:58:14.824,1.03814,1.03825,1.50,1.50
2013.06.21 07:58:16.642,1.03814,1.03825,1.50,1.50
2013.06.21 07:58:20.599,1.03814,1.03825,1.50,2.25
2013.06.21 07:58:21.396,1.03814,1.03824,1.50,1.50
2013.06.21 07:58:29.313,1.03814,1.03824,2.25,1.50
2013.06.21 07:58:33.034,1.03814,1.03824,2.25,1.50
2013.06.21 07:58:39.624,1.03814,1.03824,1.50,1.50
2013.06.21 07:58:54.664,1.03814,1.03825,1.50,2.25
2013.06.21 07:59:06.344,1.03814,1.03825,1.50,1.50
2013.06.21 07:59:07.555,1.03814,1.03825,1.50,1.50
2013.06.21 07:59:13.954,1.03814,1.03825,1.50,1.50
2013.06.21 07:59:29.664,1.03814,1.03823,1.50,1.13
2013.06.21 07:59:33.344,1.03812,1.03818,2.03,1.13
2013.06.21 07:59:33.587,1.03811,1.03818,2.44,1.13
2013.06.21 07:59:33.764,1.03812,1.03822,2.25,1.13
2013.06.21 07:59:33.824,1.03812,1.03823,2.25,1.13
2013.06.21 07:59:36.863,1.03813,1.03824,1.88,1.50
2013.06.21 07:59:36.984,1.03813,1.03824,2.07,1.50
2013.06.21 07:59:38.904,1.03813,1.03824,2.07,1.50
2013.06.21 07:59:45.945,1.03812,1.03824,2.44,2.25
2013.06.21 07:59:47.024,1.03812,1.03824,2.25,3.19
2013.06.21 07:59:51.554,1.03812,1.03824,3.00,3.19
2013.06.21 07:59:53.644,1.03812,1.03823,2.25,3.00
2013.06.21 07:59:54.185,1.03812,1.03823,1.50,1.69
2013.06.21 07:59:55.474,1.03811,1.03823,1.50,3.19
2013.06.21 07:59:57.835,1.03811,1.03819,1.50,2.25
2013.06.21 07:59:58.365,1.0381,1.0382,1.50,2.25
2013.06.21 07:59:58.909,1.03809,1.03821,2.25,3.75
2013.06.21 07:59:59.217,1.03808,1.03817,2.63,2.25
2013.06.21 07:59:59.336,1.03807,1.03815,1.50,2.25
2013.06.21 07:59:59.395,1.03803,1.03815,1.50,3.75
2013.06.21 07:59:59.785,1.03803,1.03815,1.50,3.19
