2014.09.18 01:00:13.302,1.1007,1.1008,1.32,1.00
2014.09.18 01:00:21.087,1.10071,1.10081,1.10,1.10
2014.09.18 01:00:24.048,1.10071,1.10081,1.15,1.00
2014.09.18 01:00:25.363,1.10071,1.10081,1.01,1.10
2014.09.18 01:00:27.333,1.10071,1.10081,1.10,1.17
2014.09.18 01:00:27.838,1.10071,1.10081,1.00,1.15
2014.09.18 01:00:41.303,1.10071,1.10081,1.10,1.10
2014.09.18 01:00:46.062,1.10071,1.10081,1.00,1.40
2014.09.18 01:01:09.158,1.1007,1.1008,1.00,1.84
2014.09.18 01:01:09.361,1.10065,1.10075,1.25,1.65
2014.09.18 01:01:09.614,1.10065,1.10075,1.25,1.65
2014.09.18 01:01:18.843,1.10063,1.10075,1.00,1.65
2014.09.18 01:01:19.348,1.10062,1.10072,1.50,1.00
2014.09.18 01:01:20.380,1.10062,1.1007,1.00,1.00
2014.09.18 01:01:23.704,1.10063,1.10071,1.00,1.00
2014.09.18 01:01:24.462,1.10061,1.10071,1.10,1.00
2014.09.18 01:01:26.546,1.10061,1.10071,1.00,1.17
2014.09.18 01:01:37.295,1.10066,1.10071,1.00,1.01
2014.09.18 01:01:37.397,1.10065,1.10072,1.00,1.00
2014.09.18 01:01:37.448,1.10066,1.10072,1.01,1.00
2014.09.18 01:01:37.651,1.10069,1.10074,1.00,1.00
2014.09.18 01:01:38.156,1.10067,1.10075,1.84,1.00
2014.09.18 01:01:38.207,1.1007,1.10075,1.00,1.00
2014.09.18 01:01:38.712,1.1007,1.10074,1.00,1.00
2014.09.18 01:01:39.234,1.10064,1.10073,1.84,1.00
2014.09.18 01:01:40.609,1.10064,1.10072,1.09,1.00
2014.09.18 01:01:41.384,1.10068,1.10074,1.00,1.00
2014.09.18 01:01:41.889,1.10068,1.10075,1.00,1.00
2014.09.18 01:01:44.137,1.1007,1.10078,1.00,1.65
2014.09.18 01:01:44.289,1.10071,1.10079,1.00,1.10
2014.09.18 01:01:51.597,1.10071,1.10078,1.00,1.00
2014.09.18 01:01:52.139,1.10071,1.1008,1.00,1.17
2014.09.18 01:01:56.646,1.1007,1.10078,1.00,1.00
2014.09.18 01:02:19.055,1.1007,1.10078,1.01,1.00
2014.09.18 01:02:19.106,1.10075,1.10084,3.00,1.50
2014.09.18 01:02:19.309,1.10082,1.10087,1.35,1.00
2014.09.18 01:02:19.411,1.10081,1.10085,1.10,1.00
2014.09.18 01:02:19.562,1.10076,1.10085,1.10,1.00
2014.09.18 01:02:19.664,1.10076,1.10081,1.00,1.00
2014.09.18 01:02:19.867,1.10075,1.10084,1.00,1.09
2014.09.18 01:02:20.553,1.10073,1.10083,1.69,1.15
2014.09.18 01:02:24.046,1.10077,1.10081,1.00,1.10
2014.09.18 01:02:24.147,1.10081,1.1009,2.10,9.07
2014.09.18 01:02:24.198,1.10083,1.1009,3.04,8.32
2014.09.18 01:02:24.350,1.10086,1.10095,1.00,1.50
2014.09.18 01:02:24.806,1.10083,1.10093,1.15,1.00
2014.09.18 01:02:24.857,1.10083,1.10093,1.20,1.00
2014.09.18 01:02:25.363,1.10083,1.10092,1.20,1.00
2014.09.18 01:02:26.558,1.10083,1.10093,1.25,1.20
2014.09.18 01:02:26.710,1.10081,1.10089,1.65,1.00
2014.09.18 01:02:28.907,1.10079,1.10089,1.29,1.00
2014.09.18 01:02:29.835,1.10079,1.10089,1.10,1.00
2014.09.18 01:02:30.161,1.10069,1.10077,1.07,1.00
2014.09.18 01:02:30.212,1.1007,1.10077,1.10,1.00
2014.09.18 01:02:30.744,1.10069,1.10076,1.00,1.00
2014.09.18 01:02:31.250,1.10068,1.10076,1.01,1.00
2014.09.18 01:02:32.735,1.10064,1.10074,3.86,1.00
2014.09.18 01:02:34.479,1.10064,1.10074,1.95,1.00
2014.09.18 01:02:34.530,1.10064,1.10072,1.95,1.00
2014.09.18 01:02:34.784,1.1006,1.10069,1.10,1.00
2014.09.18 01:02:34.885,1.1006,1.10069,2.92,1.00
2014.09.18 01:02:35.088,1.1006,1.10071,1.10,1.46
2014.09.18 01:02:35.391,1.1006,1.10068,1.10,1.00
2014.09.18 01:03:02.207,1.1006,1.1007,1.10,1.10
2014.09.18 01:03:03.799,1.10062,1.1007,1.60,1.10
2014.09.18 01:03:04.002,1.10066,1.10075,1.35,1.00
2014.09.18 01:03:04.406,1.10069,1.10079,1.00,3.15
2014.09.18 01:03:04.710,1.10071,1.10077,1.00,1.17
2014.09.18 01:03:04.761,1.10069,1.10077,1.10,1.50
2014.09.18 01:03:05.064,1.10069,1.10075,1.10,1.00
2014.09.18 01:03:05.418,1.10071,1.1008,1.00,1.26
2014.09.18 01:03:05.621,1.10071,1.10077,1.00,1.00
2014.09.18 01:03:05.823,1.10071,1.10081,1.00,1.50
2014.09.18 01:03:06.076,1.10071,1.10076,1.00,1.00
2014.09.18 01:03:06.379,1.10071,1.1008,1.00,1.00
2014.09.18 01:03:06.631,1.10071,1.10078,1.00,1.00
2014.09.18 01:03:06.833,1.10071,1.1008,1.00,1.00
2014.09.18 01:03:07.178,1.10071,1.10078,1.00,1.00
2014.09.18 01:03:07.388,1.10071,1.10081,1.00,1.69
2014.09.18 01:03:07.591,1.10071,1.10077,1.00,1.00
2014.09.18 01:03:07.843,1.10071,1.1008,1.00,1.25
2014.09.18 01:03:09.341,1.10071,1.10081,1.00,1.00
2014.09.18 01:03:13.318,1.10071,1.1008,1.00,1.00
2014.09.18 01:03:14.100,1.10071,1.10081,1.00,1.25
2014.09.18 01:03:15.827,1.10071,1.10081,1.00,1.57
2014.09.18 01:03:16.433,1.10069,1.10076,1.00,1.00
2014.09.18 01:03:16.736,1.10069,1.10077,1.00,1.10
2014.09.18 01:03:16.837,1.10066,1.10077,1.12,1.01
2014.09.18 01:03:17.040,1.10062,1.10069,1.65,1.00
2014.09.18 01:03:17.091,1.10062,1.10067,1.57,1.00
2014.09.18 01:03:17.394,1.10061,1.10071,1.10,2.70
2014.09.18 01:03:17.596,1.10061,1.10067,1.00,1.00
2014.09.18 01:03:18.608,1.10061,1.10068,1.00,1.00
2014.09.18 01:03:19.114,1.10061,1.10067,1.00,1.00
2014.09.18 01:03:20.836,1.1006,1.10067,1.00,1.00
2014.09.18 01:03:22.327,1.1006,1.10065,1.00,1.00
2014.09.18 01:03:34.091,1.1006,1.10067,1.00,1.10
2014.09.18 01:03:40.327,1.1006,1.10068,2.92,1.07
2014.09.18 01:03:40.378,1.10063,1.10069,1.50,1.00
2014.09.18 01:03:40.479,1.10064,1.10071,1.42,1.00
2014.09.18 01:03:40.530,1.10068,1.10074,1.00,8.44
2014.09.18 01:03:40.581,1.10068,1.10073,1.00,1.00
2014.09.18 01:03:41.844,1.10069,1.10073,1.00,1.00
2014.09.18 01:03:42.567,1.10064,1.10071,2.02,1.00
2014.09.18 01:03:43.784,1.10067,1.10071,1.10,1.00
2014.09.18 01:03:44.038,1.10063,1.10071,1.00,1.25
2014.09.18 01:03:44.089,1.10063,1.10071,1.57,1.25
2014.09.18 01:03:44.393,1.10069,1.10073,1.00,1.00
2014.09.18 01:03:47.020,1.10069,1.10074,1.00,1.00
2014.09.18 01:03:48.872,1.10069,1.10075,1.00,1.00
2014.09.18 01:03:49.216,1.10069,1.10073,1.00,1.00
2014.09.18 01:03:49.418,1.10069,1.10075,1.00,1.00
2014.09.18 01:03:51.149,1.10069,1.10073,1.00,1.00
2014.09.18 01:04:03.791,1.10069,1.10074,1.00,1.00
2014.09.18 01:04:04.891,1.10069,1.10073,1.00,1.00
2014.09.18 01:04:05.461,1.1007,1.10077,1.00,1.25
2014.09.18 01:04:13.404,1.1007,1.10075,1.00,1.00
2014.09.18 01:04:13.929,1.1007,1.10076,1.00,1.00
2014.09.18 01:04:14.479,1.1007,1.10075,1.00,1.00
2014.09.18 01:04:20.634,1.1007,1.10076,1.10,1.00
2014.09.18 01:04:21.141,1.1007,1.10077,1.10,1.00
2014.09.18 01:04:21.649,1.1007,1.10078,1.10,1.00
2014.09.18 01:04:28.851,1.1007,1.10078,1.07,1.00
2014.09.18 01:04:38.113,1.1007,1.10079,1.15,1.00
2014.09.18 01:04:38.890,1.1007,1.10078,1.34,1.00
2014.09.18 01:04:40.873,1.10071,1.10082,9.34,2.25
2014.09.18 01:04:40.924,1.10071,1.10082,9.34,2.25
2014.09.18 01:04:41.227,1.1008,1.10087,1.10,1.00
2014.09.18 01:04:41.328,1.10081,1.1009,1.07,1.69
2014.09.18 01:04:44.874,1.10082,1.10091,1.10,1.00
2014.09.18 01:04:44.977,1.10083,1.10094,1.20,1.10
2014.09.18 01:04:45.281,1.1009,1.10097,1.15,1.00
2014.09.18 01:04:45.382,1.1009,1.10099,1.15,1.50
2014.09.18 01:04:46.844,1.10089,1.10096,7.84,1.00
2014.09.18 01:04:47.147,1.10087,1.10093,1.07,1.00
2014.09.18 01:04:49.124,1.10087,1.10096,1.15,1.00
2014.09.18 01:04:55.201,1.10086,1.10096,1.17,1.00
2014.09.18 01:04:57.790,1.10089,1.10096,1.00,1.00
2014.09.18 01:04:57.993,1.10089,1.10098,1.20,2.44
2014.09.18 01:04:58.514,1.1009,1.10098,1.00,1.50
2014.09.18 01:04:58.918,1.10091,1.101,1.10,1.50
2014.09.18 01:05:00.500,1.10091,1.10098,1.00,1.00
2014.09.18 01:05:01.121,1.10091,1.10099,1.00,1.00
2014.09.18 01:05:03.073,1.10096,1.10102,7.75,1.25
2014.09.18 01:05:03.124,1.10098,1.10102,1.00,1.00
2014.09.18 01:05:03.225,1.10098,1.10105,1.00,1.00
2014.09.18 01:05:03.327,1.10098,1.10108,1.25,1.00
2014.09.18 01:05:03.428,1.101,1.10109,1.00,1.20
2014.09.18 01:05:03.934,1.10101,1.1011,1.10,1.50
2014.09.18 01:05:04.339,1.10102,1.10113,1.25,1.10
2014.09.18 01:05:04.492,1.10103,1.10114,1.56,1.17
2014.09.18 01:05:04.543,1.10105,1.10116,1.39,1.10
2014.09.18 01:05:04.594,1.10105,1.10116,1.39,1.00
2014.09.18 01:05:05.118,1.10106,1.10117,1.09,1.00
2014.09.18 01:05:08.103,1.10106,1.10114,1.01,1.00
2014.09.18 01:05:08.406,1.10103,1.10114,1.00,1.15
2014.09.18 01:05:08.508,1.10105,1.10116,1.07,1.65
2014.09.18 01:05:08.559,1.10105,1.10116,1.17,1.57
2014.09.18 01:05:08.963,1.10107,1.10118,1.10,1.31
2014.09.18 01:05:09.165,1.10107,1.10116,1.10,1.00
2014.09.18 01:05:12.531,1.10107,1.10116,1.10,3.75
2014.09.18 01:05:12.685,1.10104,1.10112,1.00,1.00
2014.09.18 01:05:12.736,1.10102,1.10111,1.65,1.00
2014.09.18 01:05:13.242,1.101,1.10109,1.09,1.00
2014.09.18 01:05:15.840,1.101,1.10108,1.10,1.00
2014.09.18 01:05:23.456,1.101,1.10108,1.07,1.00
2014.09.18 01:05:25.181,1.101,1.10108,1.84,1.00
2014.09.18 01:05:25.233,1.10102,1.10111,1.40,1.50
2014.09.18 01:05:25.588,1.10103,1.10111,2.21,1.00
2014.09.18 01:05:25.639,1.10103,1.10114,2.21,1.00
2014.09.18 01:05:25.741,1.10105,1.10115,1.40,1.00
2014.09.18 01:05:26.247,1.10105,1.10116,1.40,1.87
2014.09.18 01:05:33.372,1.10105,1.10114,1.46,1.00
2014.09.18 01:05:34.497,1.10105,1.10114,1.46,1.00
2014.09.18 01:05:44.674,1.10104,1.10114,1.15,1.50
2014.09.18 01:05:44.725,1.10104,1.10113,1.00,1.87
2014.09.18 01:05:44.826,1.101,1.1011,1.25,1.07
2014.09.18 01:05:45.690,1.101,1.1011,1.01,1.00
2014.09.18 01:05:48.204,1.10102,1.10111,1.00,1.00
2014.09.18 01:05:48.887,1.10102,1.10113,1.00,4.09
2014.09.18 01:05:49.549,1.10102,1.10113,1.07,4.01
2014.09.18 01:06:00.489,1.10102,1.10113,1.57,2.89
2014.09.18 01:06:01.056,1.10102,1.10112,1.57,1.00
2014.09.18 01:06:02.865,1.10102,1.10112,1.57,1.19
2014.09.18 01:06:10.477,1.101,1.10111,1.40,1.69
2014.09.18 01:06:11.113,1.101,1.10111,1.84,1.00
2014.09.18 01:06:11.315,1.10104,1.10113,1.00,1.12
2014.09.18 01:06:11.651,1.10106,1.10115,1.15,1.00
2014.09.18 01:06:32.873,1.10107,1.10117,1.09,1.00
2014.09.18 01:06:32.924,1.10107,1.10117,1.40,1.00
2014.09.18 01:06:33.428,1.10108,1.10116,1.15,1.00
2014.09.18 01:06:34.833,1.10107,1.10114,1.46,1.00
2014.09.18 01:06:34.934,1.10106,1.10114,2.21,1.00
2014.09.18 01:06:35.086,1.10106,1.10116,1.46,1.00
2014.09.18 01:06:36.579,1.10106,1.10115,1.46,1.00
2014.09.18 01:06:37.450,1.10106,1.10115,1.25,2.62
2014.09.18 01:06:37.502,1.10104,1.10113,1.15,2.25
2014.09.18 01:06:37.654,1.10103,1.10113,2.25,3.71
2014.09.18 01:06:38.158,1.10102,1.10112,1.57,1.01
2014.09.18 01:06:38.360,1.10102,1.10113,1.34,3.00
2014.09.18 01:06:39.044,1.10103,1.10114,1.09,2.44
2014.09.18 01:06:39.572,1.10103,1.10114,1.40,2.25
2014.09.18 01:06:41.877,1.10106,1.10115,1.01,1.50
2014.09.18 01:06:42.228,1.10108,1.10114,1.20,1.50
2014.09.18 01:06:42.533,1.10108,1.10112,1.00,1.00
2014.09.18 01:06:43.039,1.10108,1.10117,1.17,1.00
2014.09.18 01:06:44.832,1.10108,1.10117,1.17,1.00
2014.09.18 01:06:48.922,1.10108,1.10117,1.00,1.00
2014.09.18 01:06:49.568,1.10108,1.10117,1.00,1.57
2014.09.18 01:06:51.679,1.10103,1.10111,1.01,1.00
2014.09.18 01:06:51.882,1.10101,1.10109,1.15,1.00
2014.09.18 01:06:53.045,1.101,1.10109,1.07,1.50
2014.09.18 01:06:53.096,1.10098,1.10105,1.15,1.00
2014.09.18 01:06:53.248,1.10096,1.10105,1.84,1.00
2014.09.18 01:06:53.753,1.10099,1.10106,1.10,1.00
2014.09.18 01:06:53.956,1.10096,1.10106,1.15,1.00
2014.09.18 01:06:54.461,1.10095,1.10105,1.84,1.00
2014.09.18 01:07:00.866,1.10097,1.10105,1.17,1.50
2014.09.18 01:07:00.916,1.10099,1.10107,1.10,1.25
2014.09.18 01:07:01.422,1.101,1.10108,1.00,1.00
2014.09.18 01:07:05.499,1.101,1.10108,1.15,1.00
2014.09.18 01:07:19.350,1.101,1.10108,1.00,1.00
2014.09.18 01:07:21.231,1.101,1.10108,1.17,1.00
2014.09.18 01:07:21.819,1.101,1.10108,1.27,1.00
2014.09.18 01:07:21.870,1.101,1.10108,1.27,1.00
2014.09.18 01:07:21.921,1.10102,1.1011,1.17,1.00
2014.09.18 01:07:22.124,1.10104,1.10112,1.10,1.50
2014.09.18 01:07:22.326,1.10104,1.1011,1.00,1.00
2014.09.18 01:07:22.377,1.101,1.10109,1.84,1.00
2014.09.18 01:07:24.655,1.101,1.10107,1.84,1.00
2014.09.18 01:07:30.368,1.101,1.10106,1.17,1.00
2014.09.18 01:07:30.808,1.101,1.10108,1.17,1.00
2014.09.18 01:07:33.916,1.101,1.10106,1.17,1.00
2014.09.18 01:07:35.431,1.101,1.10107,1.17,1.00
2014.09.18 01:07:42.401,1.101,1.10107,1.20,1.00
2014.09.18 01:07:43.165,1.101,1.1011,1.09,1.50
2014.09.18 01:07:44.247,1.10102,1.1011,1.25,1.00
2014.09.18 01:07:44.601,1.10105,1.10113,1.00,1.00
2014.09.18 01:07:44.702,1.10103,1.10113,1.00,1.50
2014.09.18 01:07:45.005,1.10105,1.10113,1.00,1.00
2014.09.18 01:07:45.516,1.10105,1.10113,1.17,1.00
2014.09.18 01:07:54.178,1.10103,1.10111,1.29,1.00
2014.09.18 01:07:54.279,1.10101,1.10111,1.76,1.50
2014.09.18 01:07:54.481,1.10104,1.10112,1.00,1.10
2014.09.18 01:07:54.633,1.10107,1.10116,1.00,1.57
2014.09.18 01:07:54.790,1.10108,1.10114,1.00,1.00
2014.09.18 01:07:56.329,1.10109,1.10114,1.00,1.00
2014.09.18 01:07:56.553,1.10109,1.10116,1.00,1.00
2014.09.18 01:08:00.960,1.10109,1.10117,1.00,1.00
2014.09.18 01:08:01.839,1.10109,1.10118,1.00,1.00
2014.09.18 01:08:02.817,1.10109,1.10117,1.00,1.00
2014.09.18 01:08:05.167,1.10109,1.10116,1.00,1.00
2014.09.18 01:08:05.370,1.10109,1.10114,1.00,1.00
2014.09.18 01:08:13.604,1.10109,1.10113,1.20,1.00
2014.09.18 01:08:16.967,1.10108,1.10113,1.00,1.00
2014.09.18 01:08:17.119,1.10104,1.10111,1.10,1.12
2014.09.18 01:08:17.473,1.10102,1.10111,1.10,1.12
2014.09.18 01:08:26.807,1.10102,1.1011,1.10,1.00
2014.09.18 01:08:29.554,1.10102,1.10111,1.00,1.09
2014.09.18 01:08:30.116,1.10102,1.1011,1.00,1.00
2014.09.18 01:08:31.433,1.10102,1.10106,1.00,1.00
2014.09.18 01:08:44.626,1.10102,1.10107,1.00,1.00
2014.09.18 01:08:44.931,1.101,1.10104,1.25,1.00
2014.09.18 01:08:45.846,1.101,1.10107,1.25,1.00
2014.09.18 01:08:46.048,1.101,1.1011,1.00,1.00
2014.09.18 01:08:47.066,1.101,1.1011,1.19,1.00
2014.09.18 01:08:48.765,1.101,1.1011,3.19,1.00
2014.09.18 01:08:49.069,1.10106,1.10113,1.32,1.00
2014.09.18 01:08:49.171,1.10108,1.10115,1.00,1.00
2014.09.18 01:08:49.688,1.10108,1.10115,3.00,1.00
2014.09.18 01:08:50.531,1.10108,1.10115,1.25,1.00
2014.09.18 01:08:52.118,1.10107,1.10112,1.01,1.00
2014.09.18 01:08:52.322,1.10105,1.10113,1.10,1.00
2014.09.18 01:08:52.423,1.10103,1.10113,1.00,1.12
2014.09.18 01:08:52.474,1.10101,1.1011,1.10,1.07
2014.09.18 01:08:52.777,1.10097,1.10105,1.01,1.00
2014.09.18 01:08:53.080,1.10089,1.10099,2.51,1.07
2014.09.18 01:08:53.384,1.10084,1.10093,3.26,1.00
2014.09.18 01:08:53.789,1.10085,1.10093,1.12,1.00
2014.09.18 01:08:57.833,1.10085,1.10091,1.25,1.00
2014.09.18 01:08:58.898,1.10084,1.10091,1.50,1.00
2014.09.18 01:08:59.595,1.10084,1.10092,1.50,1.00
2014.09.18 01:08:59.899,1.10096,1.10102,1.00,1.00
2014.09.18 01:08:59.950,1.10097,1.10102,1.00,1.00
2014.09.18 01:09:00.102,1.10097,1.10106,1.00,1.00
2014.09.18 01:09:00.153,1.10099,1.10106,1.00,1.00
2014.09.18 01:09:00.658,1.10099,1.10107,1.00,1.00
2014.09.18 01:09:00.962,1.10102,1.1011,1.00,1.07
2014.09.18 01:09:01.012,1.10102,1.1011,1.00,1.00
2014.09.18 01:09:01.518,1.10102,1.10112,1.00,1.07
2014.09.18 01:09:02.107,1.10102,1.10112,1.19,1.07
2014.09.18 01:09:06.651,1.101,1.10111,1.26,2.32
2014.09.18 01:09:11.629,1.10101,1.10111,1.29,1.10
2014.09.18 01:09:11.933,1.10105,1.10115,1.10,1.57
2014.09.18 01:09:12.338,1.10104,1.10113,1.09,1.00
2014.09.18 01:09:12.843,1.10104,1.10114,1.00,2.59
2014.09.18 01:09:14.662,1.10104,1.10112,1.00,1.00
2014.09.18 01:09:15.174,1.10103,1.10112,1.25,1.50
2014.09.18 01:09:16.876,1.10103,1.10112,1.00,1.57
2014.09.18 01:09:17.995,1.10102,1.10111,1.00,1.10
2014.09.18 01:09:19.395,1.10099,1.10107,1.84,1.00
2014.09.18 01:09:27.627,1.101,1.10109,1.07,1.00
2014.09.18 01:09:27.679,1.10101,1.10111,1.01,1.10
2014.09.18 01:09:28.185,1.10102,1.10113,1.10,1.57
2014.09.18 01:09:28.236,1.10102,1.10113,1.20,1.50
2014.09.18 01:09:30.875,1.10102,1.10113,1.39,1.00
2014.09.18 01:09:31.421,1.10103,1.10114,1.25,2.40
2014.09.18 01:09:33.192,1.10103,1.10114,1.19,1.65
2014.09.18 01:09:34.221,1.10103,1.10114,1.25,1.20
2014.09.18 01:09:35.186,1.10103,1.10114,1.39,1.10
2014.09.18 01:09:35.338,1.10105,1.10116,1.17,3.07
2014.09.18 01:09:37.314,1.10106,1.10116,1.36,1.57
2014.09.18 01:09:37.839,1.10106,1.10117,1.34,1.00
2014.09.18 01:09:38.359,1.10106,1.10117,1.34,1.00
2014.09.18 01:09:38.638,1.10106,1.10117,1.34,1.00
2014.09.18 01:09:38.973,1.10108,1.10118,1.39,1.50
2014.09.18 01:09:39.378,1.10106,1.10118,2.59,1.17
2014.09.18 01:09:39.631,1.10106,1.10115,1.84,1.00
2014.09.18 01:09:49.876,1.10106,1.10114,1.17,1.00
2014.09.18 01:09:50.524,1.10106,1.10114,1.00,1.00
2014.09.18 01:09:51.026,1.10106,1.10113,1.00,1.00
2014.09.18 01:09:57.324,1.10106,1.10115,1.25,1.00
2014.09.18 01:09:57.375,1.10106,1.10115,1.75,1.00
2014.09.18 01:10:05.592,1.10108,1.10116,1.12,1.00
2014.09.18 01:10:13.618,1.10108,1.10117,1.12,1.00
2014.09.18 01:10:16.139,1.10108,1.10116,1.31,1.00
2014.09.18 01:10:26.177,1.10108,1.10117,1.25,1.50
2014.09.18 01:10:27.148,1.10108,1.10116,1.00,1.00
2014.09.18 01:10:28.594,1.10108,1.10117,1.00,1.00
2014.09.18 01:10:34.878,1.10108,1.10119,1.00,1.65
2014.09.18 01:10:38.383,1.10108,1.10119,1.31,1.10
2014.09.18 01:10:39.042,1.1011,1.10119,1.19,1.10
2014.09.18 01:10:39.194,1.10116,1.10125,1.25,1.00
2014.09.18 01:10:39.397,1.10116,1.10122,1.32,1.50
2014.09.18 01:10:39.499,1.10111,1.10122,1.65,2.25
2014.09.18 01:10:39.600,1.10111,1.1012,1.50,1.00
2014.09.18 01:10:51.935,1.10111,1.1012,1.00,1.57
2014.09.18 01:11:16.646,1.10111,1.10118,1.00,1.00
2014.09.18 01:11:19.717,1.10111,1.10119,1.00,1.00
2014.09.18 01:11:26.474,1.10111,1.10118,1.00,1.00
2014.09.18 01:11:26.994,1.10111,1.10119,1.00,1.00
2014.09.18 01:11:28.659,1.10111,1.1012,1.00,4.69
2014.09.18 01:11:39.576,1.10107,1.1012,1.46,1.65
2014.09.18 01:11:40.454,1.10109,1.1012,1.00,1.65
2014.09.18 01:11:45.529,1.10107,1.1012,1.46,1.65
2014.09.18 01:11:47.153,1.10111,1.1012,1.00,1.65
2014.09.18 01:11:47.457,1.10118,1.10124,1.00,7.65
2014.09.18 01:11:47.660,1.10114,1.10122,1.00,1.00
2014.09.18 01:11:48.651,1.10113,1.10122,1.50,2.25
2014.09.18 01:11:48.803,1.1011,1.10121,1.29,1.57
2014.09.18 01:11:49.309,1.1011,1.10121,1.00,4.65
2014.09.18 01:11:49.611,1.1011,1.10118,1.00,1.00
2014.09.18 01:11:50.155,1.1011,1.10117,1.00,1.00
2014.09.18 01:12:00.636,1.1011,1.10116,1.00,1.00
2014.09.18 01:12:01.637,1.1011,1.10118,1.00,1.00
2014.09.18 01:12:15.787,1.1011,1.10118,1.00,1.69
2014.09.18 01:12:17.792,1.1011,1.10118,1.00,1.01
2014.09.18 01:12:21.242,1.1011,1.10118,1.00,1.76
2014.09.18 01:12:22.665,1.1011,1.10118,1.00,1.10
2014.09.18 01:12:33.527,1.1011,1.10118,2.81,1.10
2014.09.18 01:12:33.579,1.10113,1.10118,1.00,1.00
2014.09.18 01:12:33.680,1.10113,1.10121,1.00,1.50
2014.09.18 01:12:34.197,1.10113,1.1012,1.00,1.00
2014.09.18 01:12:34.462,1.1011,1.1012,1.07,1.00
2014.09.18 01:12:34.563,1.10109,1.1012,1.09,1.69
2014.09.18 01:12:34.665,1.10109,1.10118,1.01,1.00
2014.09.18 01:12:35.170,1.10109,1.10117,1.00,1.00
2014.09.18 01:12:36.424,1.10109,1.10115,1.00,1.00
2014.09.18 01:12:40.365,1.10109,1.10114,1.00,1.00
2014.09.18 01:12:47.188,1.10109,1.10115,1.00,1.00
2014.09.18 01:12:50.355,1.10109,1.10116,1.00,1.00
2014.09.18 01:12:52.384,1.10109,1.10115,1.00,1.00
2014.09.18 01:12:53.133,1.10109,1.10116,1.00,1.00
2014.09.18 01:12:53.653,1.10109,1.10117,1.00,1.00
2014.09.18 01:12:54.175,1.10109,1.10117,1.00,1.69
2014.09.18 01:13:11.121,1.10109,1.10118,1.00,1.00
2014.09.18 01:13:11.172,1.10112,1.10118,1.00,1.00
2014.09.18 01:13:11.627,1.1011,1.10116,1.00,1.25
2014.09.18 01:13:14.554,1.1011,1.10117,1.00,1.69
2014.09.18 01:13:16.258,1.1011,1.10118,1.00,1.10
2014.09.18 01:13:25.813,1.1011,1.10118,1.00,1.76
2014.09.18 01:13:26.732,1.1011,1.10118,1.00,1.10
2014.09.18 01:13:29.439,1.1011,1.10118,1.00,1.17
2014.09.18 01:13:45.670,1.1011,1.10118,1.00,1.50
2014.09.18 01:13:47.553,1.1011,1.10117,1.00,1.00
2014.09.18 01:13:54.845,1.1011,1.10116,1.00,1.00
2014.09.18 01:14:00.340,1.10111,1.10116,1.00,1.00
2014.09.18 01:14:01.122,1.10109,1.10115,1.00,1.00
2014.09.18 01:14:01.325,1.10107,1.10112,1.00,1.00
2014.09.18 01:14:01.577,1.10104,1.10112,1.00,2.40
2014.09.18 01:14:08.428,1.10104,1.10112,1.00,1.00
2014.09.18 01:14:08.580,1.10108,1.10114,1.00,1.32
2014.09.18 01:14:09.087,1.10108,1.10114,1.00,1.00
2014.09.18 01:14:09.597,1.10107,1.10114,1.00,1.00
2014.09.18 01:14:10.688,1.10107,1.10115,1.00,1.57
2014.09.18 01:14:11.906,1.10111,1.10117,1.00,1.01
2014.09.18 01:14:12.158,1.10111,1.10119,1.00,1.50
2014.09.18 01:14:13.207,1.10111,1.10119,1.00,1.17
2014.09.18 01:14:18.122,1.10114,1.10119,1.00,1.17
2014.09.18 01:14:18.224,1.10117,1.10125,1.50,1.17
2014.09.18 01:14:18.274,1.1012,1.10127,1.00,1.15
2014.09.18 01:14:18.325,1.1012,1.10127,1.00,1.15
2014.09.18 01:14:18.841,1.1012,1.10127,1.00,1.00
2014.09.18 01:14:19.351,1.1012,1.10128,1.00,1.10
2014.09.18 01:14:21.643,1.10125,1.1013,1.50,1.20
2014.09.18 01:14:21.744,1.10125,1.10133,1.00,1.87
2014.09.18 01:14:21.846,1.10123,1.10133,1.12,1.87
2014.09.18 01:14:21.947,1.10131,1.10139,1.00,1.15
2014.09.18 01:14:22.049,1.10131,1.1014,1.00,1.17
2014.09.18 01:14:22.100,1.10128,1.10136,1.20,1.60
2014.09.18 01:14:22.252,1.10125,1.10135,1.12,1.50
2014.09.18 01:14:22.455,1.10128,1.10138,1.00,1.40
2014.09.18 01:14:22.960,1.10127,1.10137,1.50,1.15
2014.09.18 01:14:23.370,1.10127,1.10137,1.50,1.40
2014.09.18 01:14:23.898,1.10125,1.10136,1.25,1.15
2014.09.18 01:14:24.151,1.10124,1.10134,1.19,1.15
2014.09.18 01:14:24.886,1.10124,1.10134,1.00,1.15
2014.09.18 01:14:25.846,1.10124,1.10134,1.00,1.10
2014.09.18 01:14:27.031,1.10124,1.10134,1.25,1.17
2014.09.18 01:14:27.081,1.10124,1.10132,1.25,1.07
2014.09.18 01:14:27.234,1.10122,1.10131,1.00,1.10
2014.09.18 01:14:27.638,1.10121,1.10129,1.10,1.00
2014.09.18 01:14:28.143,1.1012,1.1013,1.07,1.00
2014.09.18 01:14:28.547,1.10121,1.1013,2.62,1.00
2014.09.18 01:14:28.598,1.10124,1.10134,1.07,1.57
2014.09.18 01:14:28.649,1.10124,1.10134,1.27,1.50
2014.09.18 01:14:28.700,1.10127,1.10137,1.07,3.26
2014.09.18 01:14:28.851,1.10126,1.10134,3.07,1.00
2014.09.18 01:14:29.155,1.10128,1.10136,1.00,1.69
2014.09.18 01:14:29.509,1.10129,1.10138,1.20,1.25
2014.09.18 01:14:29.559,1.10129,1.10138,1.15,1.25
2014.09.18 01:14:29.661,1.10129,1.10136,1.00,1.00
2014.09.18 01:14:30.167,1.10126,1.10136,1.15,1.50
2014.09.18 01:14:30.268,1.10125,1.10135,1.20,1.00
2014.09.18 01:14:30.370,1.10124,1.10132,1.65,1.00
2014.09.18 01:14:30.471,1.10126,1.10135,1.15,1.00
2014.09.18 01:14:30.573,1.10129,1.10136,1.00,1.69
2014.09.18 01:14:31.380,1.10129,1.10137,1.00,1.50
2014.09.18 01:14:33.318,1.10129,1.10135,1.00,1.00
2014.09.18 01:14:33.470,1.10127,1.10135,1.10,1.50
2014.09.18 01:14:34.213,1.10126,1.10136,1.65,1.50
2014.09.18 01:14:34.264,1.10126,1.10136,1.65,1.50
2014.09.18 01:14:34.973,1.10126,1.10136,1.17,1.50
2014.09.18 01:14:35.479,1.10126,1.10136,1.15,1.50
2014.09.18 01:14:35.784,1.10125,1.10133,1.10,1.00
2014.09.18 01:14:36.289,1.10126,1.10134,1.20,1.25
2014.09.18 01:14:37.201,1.10124,1.10134,1.10,1.25
2014.09.18 01:14:39.555,1.10124,1.10134,1.00,1.76
2014.09.18 01:14:39.606,1.10124,1.10129,1.00,1.00
2014.09.18 01:14:39.708,1.1012,1.10129,1.20,1.00
2014.09.18 01:14:40.213,1.1012,1.1013,1.20,1.25
2014.09.18 01:14:51.819,1.1012,1.1013,1.84,1.00
2014.09.18 01:14:53.470,1.10122,1.10132,1.76,1.00
2014.09.18 01:14:53.774,1.10122,1.10133,3.71,1.87
2014.09.18 01:14:58.995,1.10123,1.10131,1.07,1.00
2014.09.18 01:14:59.045,1.10124,1.10131,1.10,1.00
2014.09.18 01:14:59.096,1.10125,1.10133,1.00,1.00
2014.09.18 01:14:59.197,1.10127,1.10135,1.10,1.76
2014.09.18 01:14:59.300,1.10127,1.10137,1.27,1.50
2014.09.18 01:15:04.599,1.10129,1.10138,1.20,1.00
2014.09.18 01:15:05.105,1.10129,1.10139,1.20,1.00
2014.09.18 01:15:10.920,1.10129,1.10139,1.39,1.00
2014.09.18 01:15:12.206,1.10129,1.10139,1.20,1.00
2014.09.18 01:15:13.682,1.10129,1.10138,1.20,1.00
2014.09.18 01:15:16.892,1.10129,1.10139,1.20,1.00
2014.09.18 01:15:22.515,1.10129,1.10137,1.00,1.00
2014.09.18 01:15:22.818,1.10129,1.10135,1.00,1.00
2014.09.18 01:15:23.021,1.10129,1.10137,1.00,1.00
2014.09.18 01:15:23.223,1.10129,1.10139,1.00,1.57
2014.09.18 01:15:23.757,1.10129,1.10139,1.17,1.50
2014.09.18 01:15:28.672,1.10129,1.10138,1.17,1.00
2014.09.18 01:15:29.199,1.10129,1.10137,1.17,1.00
2014.09.18 01:15:29.708,1.10129,1.10137,1.00,1.00
2014.09.18 01:15:30.219,1.10128,1.10136,1.00,1.00
2014.09.18 01:15:30.776,1.10128,1.10135,1.00,1.00
2014.09.18 01:15:38.650,1.10128,1.10136,1.00,1.00
2014.09.18 01:15:42.319,1.10127,1.10135,1.10,1.72
2014.09.18 01:15:42.420,1.10124,1.10132,1.84,1.00
2014.09.18 01:15:42.623,1.10124,1.10134,1.09,1.00
2014.09.18 01:15:42.674,1.10124,1.10134,1.09,1.00
2014.09.18 01:15:42.776,1.10126,1.10136,1.27,1.00
2014.09.18 01:15:43.224,1.10126,1.10136,1.27,1.00
2014.09.18 01:15:49.920,1.10126,1.10136,1.84,1.50
2014.09.18 01:15:50.425,1.10126,1.10136,1.65,1.50
2014.09.18 01:15:53.547,1.10126,1.10135,1.84,1.00
2014.09.18 01:15:54.083,1.10126,1.10135,1.09,1.00
2014.09.18 01:16:00.375,1.10126,1.10132,1.17,1.00
2014.09.18 01:16:00.477,1.10122,1.10131,2.02,1.00
2014.09.18 01:16:00.528,1.10122,1.10131,1.12,1.00
2014.09.18 01:16:00.629,1.10119,1.1013,1.65,1.00
2014.09.18 01:16:00.883,1.10119,1.10128,1.15,1.00
2014.09.18 01:16:01.394,1.10119,1.10128,1.00,1.00
2014.09.18 01:16:01.912,1.10119,1.10127,1.00,1.00
2014.09.18 01:16:04.280,1.10119,1.10125,1.00,1.00
2014.09.18 01:16:04.484,1.10114,1.10123,1.17,1.00
2014.09.18 01:16:04.535,1.10113,1.10122,1.10,1.50
2014.09.18 01:16:04.939,1.10113,1.10122,1.65,1.00
2014.09.18 01:16:04.990,1.10114,1.10125,1.65,1.50
2014.09.18 01:16:05.496,1.10115,1.10126,1.09,1.00
2014.09.18 01:16:07.805,1.10116,1.10127,1.00,1.20
2014.09.18 01:16:07.855,1.10116,1.10127,2.02,1.00
2014.09.18 01:16:08.360,1.10117,1.10128,1.09,1.25
2014.09.18 01:16:08.701,1.10119,1.10129,1.15,1.19
2014.09.18 01:16:09.207,1.10119,1.1013,1.15,1.19
2014.09.18 01:16:10.051,1.1012,1.10131,1.17,1.29
2014.09.18 01:16:13.458,1.1012,1.10131,1.17,1.10
2014.09.18 01:16:14.058,1.1012,1.10128,1.17,1.00
2014.09.18 01:16:14.261,1.10116,1.10125,1.00,1.60
2014.09.18 01:16:14.413,1.10119,1.10129,1.00,2.59
2014.09.18 01:16:14.464,1.10119,1.1013,1.00,3.26
2014.09.18 01:16:17.513,1.10119,1.1013,1.25,1.01
2014.09.18 01:16:19.620,1.10119,1.1013,1.00,1.29
2014.09.18 01:16:20.615,1.10119,1.1013,1.25,1.01
2014.09.18 01:16:23.781,1.10119,1.1013,1.00,1.29
2014.09.18 01:16:25.292,1.10119,1.1013,1.25,1.01
2014.09.18 01:16:35.401,1.10119,1.1013,1.32,1.01
2014.09.18 01:16:42.346,1.10119,1.10129,1.07,1.00
2014.09.18 01:16:47.736,1.10119,1.1013,1.07,1.10
2014.09.18 01:16:55.096,1.10119,1.1013,1.07,1.29
2014.09.18 01:16:57.181,1.10119,1.1013,1.32,1.01
2014.09.18 01:16:57.809,1.10119,1.1013,1.07,1.76
2014.09.18 01:16:58.112,1.10118,1.10126,1.10,1.00
2014.09.18 01:16:58.264,1.10114,1.10123,1.00,1.00
2014.09.18 01:16:58.567,1.10114,1.10123,1.00,1.32
2014.09.18 01:16:59.073,1.10114,1.10123,1.00,1.01
2014.09.18 01:17:00.758,1.10111,1.10123,1.84,1.50
2014.09.18 01:17:01.329,1.10111,1.10121,1.17,1.25
2014.09.18 01:17:01.632,1.10108,1.10118,1.40,1.00
2014.09.18 01:17:02.142,1.10111,1.10119,1.36,1.00
2014.09.18 01:17:02.193,1.10112,1.10123,1.70,1.25
2014.09.18 01:17:02.294,1.10115,1.10124,1.07,1.12
2014.09.18 01:17:02.829,1.10116,1.10126,1.20,1.69
2014.09.18 01:17:03.880,1.10116,1.10125,1.00,2.32
2014.09.18 01:17:03.931,1.10114,1.10124,1.00,1.07
2014.09.18 01:17:04.082,1.10112,1.10124,1.50,1.26
2014.09.18 01:17:04.133,1.1011,1.1012,4.84,1.00
2014.09.18 01:17:04.639,1.10109,1.1012,1.19,1.65
2014.09.18 01:17:05.258,1.10109,1.1012,1.00,1.65
2014.09.18 01:17:07.009,1.10107,1.10118,3.71,1.00
2014.09.18 01:17:07.515,1.10107,1.10118,1.57,1.76
2014.09.18 01:17:07.818,1.10105,1.10114,2.25,1.09
2014.09.18 01:17:07.920,1.10103,1.10113,1.25,1.00
2014.09.18 01:17:25.130,1.10103,1.10114,1.25,2.21
2014.09.18 01:17:28.339,1.10103,1.10114,1.32,2.21
2014.09.18 01:17:30.085,1.10103,1.10113,1.09,1.00
2014.09.18 01:17:32.938,1.10105,1.10114,2.25,1.00
2014.09.18 01:17:33.191,1.10112,1.10122,1.00,2.32
2014.09.18 01:17:33.393,1.10115,1.10123,1.00,1.00
2014.09.18 01:17:33.697,1.10116,1.1012,1.00,1.00
2014.09.18 01:17:33.747,1.10111,1.1012,1.57,1.00
2014.09.18 01:17:34.253,1.10111,1.10121,1.10,1.10
2014.09.18 01:17:34.404,1.1011,1.10118,1.17,1.00
2014.09.18 01:17:34.859,1.1011,1.10116,1.17,1.00
2014.09.18 01:17:35.359,1.1011,1.10119,1.17,1.25
2014.09.18 01:17:40.132,1.10107,1.10117,1.84,1.00
2014.09.18 01:17:45.495,1.10107,1.10117,1.09,1.00
2014.09.18 01:17:49.482,1.10109,1.10119,1.00,2.44
2014.09.18 01:17:49.684,1.10109,1.10119,1.27,1.00
2014.09.18 01:17:49.988,1.10114,1.10122,2.02,1.00
2014.09.18 01:17:50.038,1.10116,1.10124,1.10,1.00
2014.09.18 01:17:50.581,1.10117,1.10125,1.00,1.25
2014.09.18 01:18:02.428,1.10118,1.10128,1.00,2.44
2014.09.18 01:18:02.934,1.10118,1.10128,1.00,1.00
2014.09.18 01:18:10.589,1.10118,1.10128,1.19,1.00
2014.09.18 01:18:11.685,1.10118,1.10128,1.00,1.00
2014.09.18 01:18:21.807,1.10118,1.10128,1.19,1.20
2014.09.18 01:18:23.428,1.10118,1.10128,1.00,1.20
2014.09.18 01:18:41.151,1.10121,1.10129,1.00,1.15
2014.09.18 01:18:41.303,1.10122,1.10132,1.00,3.15
2014.09.18 01:18:41.405,1.10126,1.10135,1.00,1.84
2014.09.18 01:18:41.506,1.10127,1.10137,1.00,1.46
2014.09.18 01:18:41.810,1.10127,1.10137,1.20,1.31
2014.09.18 01:18:53.804,1.10128,1.10138,1.00,1.00
2014.09.18 01:19:16.624,1.10128,1.10137,1.00,1.00
2014.09.18 01:19:34.870,1.10128,1.10137,1.00,1.07
2014.09.18 01:19:49.340,1.10128,1.10135,1.00,1.84
2014.09.18 01:19:49.392,1.10123,1.10131,1.00,1.00
2014.09.18 01:19:49.544,1.10123,1.10131,1.00,1.40
2014.09.18 01:19:49.595,1.1012,1.1013,1.00,1.15
2014.09.18 01:19:49.746,1.1012,1.1013,1.00,1.15
2014.09.18 01:19:57.395,1.10119,1.10127,1.00,1.10
2014.09.18 01:19:57.699,1.10119,1.10127,1.00,1.15
2014.09.18 01:20:09.098,1.10116,1.10126,1.19,1.17
2014.09.18 01:20:09.149,1.10117,1.10125,1.25,1.57
2014.09.18 01:20:09.301,1.10115,1.10123,1.00,1.17
2014.09.18 01:20:09.402,1.1011,1.10118,1.00,1.10
2014.09.18 01:20:09.910,1.10109,1.10117,1.00,1.00
2014.09.18 01:20:10.012,1.10109,1.10117,1.00,1.57
2014.09.18 01:20:17.714,1.10109,1.10117,1.00,1.40
2014.09.18 01:20:34.958,1.10109,1.10117,1.00,1.15
2014.09.18 01:20:44.890,1.10109,1.10117,1.76,1.00
2014.09.18 01:20:44.941,1.10114,1.10122,1.00,1.27
2014.09.18 01:20:45.042,1.10114,1.10124,1.00,1.17
2014.09.18 01:20:45.144,1.10116,1.10126,1.00,2.40
2014.09.18 01:20:46.106,1.10116,1.10126,1.10,1.76
2014.09.18 01:20:50.234,1.10116,1.10126,1.00,1.84
2014.09.18 01:21:23.613,1.10116,1.10126,1.00,1.65
2014.09.18 01:21:29.052,1.10115,1.10123,1.00,1.20
2014.09.18 01:21:29.357,1.10111,1.10119,1.00,1.65
2014.09.18 01:21:30.060,1.10111,1.10119,1.00,2.77
2014.09.18 01:21:31.341,1.10109,1.10119,1.00,2.77
2014.09.18 01:21:36.023,1.10109,1.10119,1.00,2.40
2014.09.18 01:21:48.059,1.10109,1.10119,1.00,3.34
2014.09.18 01:21:54.928,1.10109,1.10118,1.00,1.19
2014.09.18 01:22:00.794,1.10108,1.10117,1.00,1.09
2014.09.18 01:22:00.896,1.10108,1.10117,1.00,1.40
2014.09.18 01:22:02.164,1.10108,1.10117,1.00,1.09
2014.09.18 01:22:03.459,1.10108,1.10117,1.00,1.17
2014.09.18 01:22:23.243,1.10108,1.10116,1.00,1.25
2014.09.18 01:22:26.807,1.10108,1.10116,1.00,1.07
2014.09.18 01:22:27.314,1.10108,1.10116,1.00,1.15
2014.09.18 01:22:31.635,1.10108,1.10116,1.00,1.00
2014.09.18 01:22:36.642,1.10108,1.10116,1.00,1.17
2014.09.18 01:22:51.673,1.10108,1.10117,1.00,1.17
2014.09.18 01:23:00.603,1.10108,1.10118,2.25,1.00
2014.09.18 01:23:00.653,1.1011,1.10119,1.50,1.20
2014.09.18 01:23:00.755,1.10111,1.10122,1.20,1.00
2014.09.18 01:23:01.270,1.10111,1.10122,1.10,1.07
2014.09.18 01:23:01.962,1.10113,1.10122,1.00,1.65
2014.09.18 01:23:02.266,1.10113,1.10122,1.17,1.00
2014.09.18 01:23:02.316,1.10114,1.10125,1.07,1.01
2014.09.18 01:23:02.939,1.10114,1.10125,1.07,1.29
2014.09.18 01:23:05.158,1.10114,1.10125,1.07,1.01
2014.09.18 01:23:08.971,1.10114,1.10124,1.07,1.00
2014.09.18 01:23:09.479,1.10114,1.10124,1.00,1.00
2014.09.18 01:23:10.900,1.10113,1.10122,1.00,1.10
2014.09.18 01:23:11.102,1.1011,1.10122,1.27,1.57
2014.09.18 01:23:15.946,1.10112,1.10121,1.00,1.50
2014.09.18 01:23:16.250,1.10116,1.10125,1.10,1.00
2014.09.18 01:23:16.755,1.10116,1.10125,1.15,1.00
2014.09.18 01:23:18.317,1.10116,1.10127,1.15,1.69
2014.09.18 01:23:18.975,1.10116,1.10127,1.10,1.26
2014.09.18 01:23:43.969,1.10116,1.10127,2.89,1.07
2014.09.18 01:23:44.503,1.10118,1.10127,1.76,1.00
2014.09.18 01:24:01.278,1.10116,1.10126,1.32,1.00
2014.09.18 01:24:01.329,1.10116,1.10126,1.00,1.00
2014.09.18 01:24:01.859,1.10116,1.10127,1.00,1.09
2014.09.18 01:24:02.012,1.10116,1.10125,1.00,1.19
2014.09.18 01:24:02.164,1.10111,1.10122,1.87,1.27
2014.09.18 01:24:02.417,1.10111,1.1012,1.00,1.00
2014.09.18 01:24:02.945,1.1011,1.10119,1.00,1.00
2014.09.18 01:24:13.227,1.1011,1.10116,1.10,1.00
2014.09.18 01:24:13.480,1.10092,1.10101,1.17,1.00
2014.09.18 01:24:13.734,1.10093,1.10103,1.07,1.00
2014.09.18 01:24:14.239,1.10093,1.10103,2.40,1.00
2014.09.18 01:24:14.341,1.101,1.10106,1.00,1.25
2014.09.18 01:24:15.076,1.10102,1.10108,1.00,1.25
2014.09.18 01:24:16.644,1.10101,1.10108,1.00,1.25
2014.09.18 01:24:16.997,1.10101,1.10111,1.27,1.12
2014.09.18 01:24:17.098,1.10105,1.10111,1.00,1.00
2014.09.18 01:24:17.402,1.10108,1.10112,1.00,1.00
2014.09.18 01:24:17.453,1.10108,1.10115,1.00,1.57
2014.09.18 01:24:17.655,1.10108,1.10117,1.00,1.00
2014.09.18 01:24:18.161,1.10108,1.10117,1.65,1.00
2014.09.18 01:24:18.262,1.10108,1.10117,1.65,1.00
2014.09.18 01:24:19.517,1.10108,1.10119,1.65,1.50
2014.09.18 01:24:36.142,1.10111,1.10119,1.95,1.00
2014.09.18 01:24:36.294,1.10114,1.10125,1.09,1.00
2014.09.18 01:24:36.345,1.10119,1.10125,1.00,1.00
2014.09.18 01:24:36.597,1.10119,1.10127,1.00,1.69
2014.09.18 01:24:39.425,1.1012,1.10127,1.00,1.69
2014.09.18 01:24:41.678,1.1012,1.10127,1.00,1.57
2014.09.18 01:24:42.395,1.10119,1.10127,1.00,2.40
2014.09.18 01:24:42.499,1.10116,1.10127,1.00,2.40
2014.09.18 01:24:52.260,1.10116,1.10126,1.00,1.76
2014.09.18 01:24:52.412,1.10111,1.10121,1.00,1.09
2014.09.18 01:24:52.514,1.10111,1.10119,1.00,1.10
2014.09.18 01:24:52.868,1.10109,1.10117,1.50,1.00
2014.09.18 01:24:55.227,1.10109,1.10117,1.00,1.07
2014.09.18 01:24:59.432,1.10109,1.10117,1.00,1.00
2014.09.18 01:25:17.820,1.10107,1.10116,1.00,1.00
2014.09.18 01:25:18.175,1.10107,1.10113,1.00,1.00
2014.09.18 01:25:18.327,1.10103,1.1011,1.50,1.10
2014.09.18 01:25:18.378,1.101,1.10109,1.10,1.00
2014.09.18 01:25:23.239,1.101,1.10109,1.10,1.19
2014.09.18 01:25:24.282,1.101,1.10109,1.00,1.20
2014.09.18 01:25:25.235,1.101,1.10109,1.00,1.39
2014.09.18 01:25:26.339,1.101,1.10109,1.00,1.09
2014.09.18 01:25:33.564,1.101,1.10109,1.00,1.39
2014.09.18 01:25:34.080,1.10099,1.10107,1.00,1.00
2014.09.18 01:25:34.131,1.10099,1.10105,1.00,1.00
2014.09.18 01:25:34.437,1.10096,1.10104,1.00,1.20
2014.09.18 01:25:34.860,1.101,1.10104,1.00,1.20
2014.09.18 01:25:35.063,1.10098,1.10108,1.00,1.84
2014.09.18 01:25:35.114,1.10098,1.10108,1.00,2.21
2014.09.18 01:25:35.165,1.10098,1.10106,1.00,1.69
2014.09.18 01:25:35.266,1.10096,1.10106,1.00,2.59
2014.09.18 01:25:35.772,1.10095,1.10103,1.00,1.00
2014.09.18 01:25:35.873,1.10099,1.10105,1.00,1.34
2014.09.18 01:25:36.327,1.10096,1.10104,1.00,1.00
2014.09.18 01:25:36.833,1.10101,1.10105,1.00,1.01
2014.09.18 01:25:37.292,1.10101,1.10107,1.00,1.25
2014.09.18 01:25:42.861,1.10101,1.10109,1.00,1.84
2014.09.18 01:25:42.912,1.10103,1.1011,1.00,3.15
2014.09.18 01:25:43.014,1.10103,1.1011,1.00,2.32
2014.09.18 01:25:44.871,1.10104,1.10112,1.00,1.15
2014.09.18 01:25:45.890,1.10105,1.10112,1.00,1.15
2014.09.18 01:25:46.093,1.10103,1.10112,1.50,1.17
2014.09.18 01:25:48.649,1.10103,1.10112,1.00,1.46
2014.09.18 01:25:49.053,1.10101,1.1011,1.00,1.20
2014.09.18 01:25:55.105,1.10103,1.1011,1.00,8.59
2014.09.18 01:25:55.612,1.10104,1.1011,1.00,7.65
2014.09.18 01:25:56.737,1.10104,1.10112,1.00,1.17
2014.09.18 01:26:02.143,1.10106,1.10113,1.00,1.15
2014.09.18 01:26:02.245,1.10106,1.10113,1.00,1.00
2014.09.18 01:26:02.763,1.10106,1.10115,1.00,1.84
2014.09.18 01:26:32.194,1.10104,1.10114,1.76,1.10
2014.09.18 01:26:32.397,1.10103,1.10112,1.76,1.00
2014.09.18 01:26:32.700,1.10101,1.10109,1.00,1.07
2014.09.18 01:26:32.852,1.10099,1.10109,1.50,1.07
2014.09.18 01:26:34.806,1.101,1.10109,1.00,1.32
2014.09.18 01:26:37.678,1.10099,1.10109,1.00,1.32
2014.09.18 01:27:00.441,1.10099,1.10109,1.00,1.39
2014.09.18 01:27:00.896,1.10096,1.10107,1.25,2.32
2014.09.18 01:27:00.947,1.10096,1.10106,1.00,1.32
2014.09.18 01:27:01.654,1.10098,1.10107,1.50,1.84
2014.09.18 01:27:02.008,1.10096,1.10106,1.00,1.09
2014.09.18 01:27:02.058,1.10096,1.10102,1.00,1.00
2014.09.18 01:27:02.210,1.10093,1.10102,1.00,1.65
2014.09.18 01:27:02.767,1.10093,1.10101,1.00,1.17
2014.09.18 01:27:02.969,1.10095,1.10102,1.00,1.20
2014.09.18 01:27:03.474,1.10096,1.10102,1.00,1.20
2014.09.18 01:27:03.979,1.10095,1.10104,1.00,1.15
2014.09.18 01:27:18.294,1.10098,1.10107,1.50,4.50
2014.09.18 01:27:18.345,1.10098,1.10107,1.50,1.00
2014.09.18 01:27:18.396,1.10101,1.10107,1.00,1.00
2014.09.18 01:27:18.649,1.10104,1.10113,1.00,1.15
2014.09.18 01:27:19.062,1.10105,1.10114,1.00,1.17
2014.09.18 01:27:21.796,1.10107,1.10116,1.00,9.07
2014.09.18 01:27:21.897,1.10109,1.10116,1.00,7.50
2014.09.18 01:27:21.999,1.1011,1.10116,1.17,7.50
2014.09.18 01:27:22.049,1.1011,1.10119,1.17,1.00
2014.09.18 01:27:22.100,1.1011,1.10119,1.50,1.00
2014.09.18 01:27:22.303,1.10111,1.10121,1.07,1.19
2014.09.18 01:27:22.636,1.10108,1.10117,1.19,1.00
2014.09.18 01:27:23.198,1.10108,1.10117,1.25,1.00
2014.09.18 01:27:23.681,1.10108,1.10117,1.39,1.00
2014.09.18 01:27:23.884,1.10111,1.1012,1.00,7.50
2014.09.18 01:27:24.595,1.10111,1.10121,1.00,1.50
2014.09.18 01:27:29.532,1.10111,1.10121,1.62,1.50
2014.09.18 01:27:29.785,1.10112,1.10123,1.20,1.00
2014.09.18 01:27:29.937,1.10115,1.10124,1.25,1.10
2014.09.18 01:27:30.442,1.10115,1.10126,1.76,1.09
2014.09.18 01:27:32.556,1.10115,1.10126,1.57,1.55
2014.09.18 01:27:32.860,1.10114,1.10123,1.00,2.96
2014.09.18 01:27:32.961,1.10112,1.10122,1.00,1.17
2014.09.18 01:27:33.467,1.10111,1.1012,1.00,1.25
2014.09.18 01:27:35.011,1.10111,1.1012,1.00,1.32
2014.09.18 01:27:35.625,1.10111,1.10118,1.00,1.00
2014.09.18 01:27:35.676,1.10107,1.10118,1.10,1.69
2014.09.18 01:27:36.204,1.10107,1.10116,1.00,1.10
2014.09.18 01:27:47.823,1.10107,1.10117,1.00,1.25
2014.09.18 01:27:49.877,1.10107,1.10118,1.50,1.65
2014.09.18 01:27:50.281,1.10109,1.1012,1.00,2.51
2014.09.18 01:27:50.836,1.1011,1.1012,1.00,1.29
2014.09.18 01:27:51.140,1.10113,1.10122,1.00,1.32
2014.09.18 01:27:51.444,1.10118,1.10126,1.07,1.00
2014.09.18 01:27:51.696,1.10119,1.10128,1.10,1.00
2014.09.18 01:27:52.233,1.10119,1.1013,1.10,1.76
2014.09.18 01:27:52.738,1.1012,1.10131,1.00,3.34
2014.09.18 01:27:54.471,1.10122,1.10131,1.00,1.36
2014.09.18 01:27:55.692,1.1012,1.10131,1.00,1.36
2014.09.18 01:27:56.197,1.1012,1.10131,1.17,1.76
2014.09.18 01:27:56.299,1.1012,1.10131,1.36,1.10
2014.09.18 01:27:56.350,1.10123,1.10132,1.00,1.09
2014.09.18 01:27:58.567,1.10124,1.10132,1.00,1.09
2014.09.18 01:27:58.669,1.10129,1.10135,1.50,1.00
2014.09.18 01:27:58.770,1.10132,1.10137,1.00,1.00
2014.09.18 01:27:58.821,1.10132,1.10141,1.00,1.10
2014.09.18 01:27:59.023,1.10131,1.10141,1.00,1.29
2014.09.18 01:27:59.277,1.10133,1.10142,1.00,1.25
2014.09.18 01:28:00.086,1.1013,1.10141,1.65,1.00
2014.09.18 01:28:00.592,1.1013,1.10141,1.57,1.36
2014.09.18 01:28:01.093,1.1013,1.10141,1.65,1.19
2014.09.18 01:28:01.196,1.10131,1.10143,1.10,2.14
2014.09.18 01:28:01.398,1.10131,1.10143,1.15,2.06
2014.09.18 01:28:01.960,1.10132,1.10143,1.10,1.01
2014.09.18 01:28:04.591,1.10134,1.10143,1.00,1.25
2014.09.18 01:28:53.351,1.10133,1.10143,3.07,1.07
2014.09.18 01:28:57.262,1.10133,1.10143,3.07,1.00
2014.09.18 01:29:12.553,1.10134,1.10143,1.00,1.00
2014.09.18 01:29:13.060,1.10135,1.10143,1.00,1.00
2014.09.18 01:29:36.100,1.10134,1.10143,1.00,1.00
2014.09.18 01:29:37.274,1.10133,1.10143,1.00,1.17
2014.09.18 01:29:37.778,1.10133,1.1014,1.00,1.00
2014.09.18 01:29:38.196,1.10133,1.10142,1.76,1.00
2014.09.18 01:30:12.536,1.10135,1.10142,1.00,1.00
2014.09.18 01:30:23.417,1.10133,1.10142,1.10,1.10
2014.09.18 01:30:23.525,1.10133,1.10142,1.00,1.15
2014.09.18 01:30:23.748,1.10133,1.10142,1.00,1.10
2014.09.18 01:30:42.554,1.10133,1.10142,1.00,1.39
2014.09.18 01:30:42.604,1.10131,1.10142,8.25,2.02
2014.09.18 01:30:42.858,1.10129,1.10139,1.00,1.00
2014.09.18 01:30:42.910,1.10129,1.10139,1.00,1.07
2014.09.18 01:30:42.960,1.10126,1.10136,2.25,1.00
2014.09.18 01:30:43.163,1.10124,1.10134,3.15,1.00
2014.09.18 01:30:43.668,1.10124,1.10133,1.50,1.20
2014.09.18 01:30:43.971,1.10124,1.10131,1.50,1.10
2014.09.18 01:30:50.470,1.10122,1.10131,1.00,1.10
2014.09.18 01:30:53.108,1.10122,1.1013,1.00,1.00
2014.09.18 01:30:53.310,1.1012,1.1013,2.81,1.00
2014.09.18 01:30:53.613,1.1012,1.10129,1.00,1.07
2014.09.18 01:30:53.967,1.10116,1.10126,1.17,1.00
2014.09.18 01:30:54.270,1.10116,1.10124,1.00,1.46
2014.09.18 01:30:54.375,1.10113,1.10123,1.25,1.17
2014.09.18 01:30:54.426,1.10113,1.10123,1.25,1.17
2014.09.18 01:30:55.438,1.10112,1.10123,1.00,1.40
2014.09.18 01:30:55.842,1.10115,1.10123,1.00,1.00
2014.09.18 01:30:55.944,1.10113,1.10122,1.00,1.20
2014.09.18 01:30:56.095,1.10113,1.10122,1.00,1.17
2014.09.18 01:30:56.721,1.10112,1.1012,2.25,1.07
2014.09.18 01:31:06.535,1.10112,1.1012,2.25,1.00
2014.09.18 01:31:21.911,1.10112,1.1012,1.00,1.07
2014.09.18 01:31:22.444,1.10112,1.1012,1.00,1.15
2014.09.18 01:31:37.744,1.10112,1.1012,1.00,1.00
2014.09.18 01:31:37.846,1.10114,1.10124,1.00,2.21
2014.09.18 01:31:39.104,1.10114,1.10124,1.00,1.15
2014.09.18 01:31:50.220,1.10115,1.10124,1.00,1.10
2014.09.18 01:31:53.472,1.10115,1.10124,1.25,1.07
2014.09.18 01:31:56.168,1.10117,1.10125,1.00,1.15
2014.09.18 01:31:56.269,1.10117,1.10125,1.00,1.00
2014.09.18 01:31:58.353,1.10115,1.10125,2.44,1.00
2014.09.18 01:32:00.818,1.10115,1.10125,2.51,1.00
2014.09.18 01:32:07.443,1.10118,1.10126,1.00,1.00
2014.09.18 01:32:12.348,1.10118,1.10126,1.00,1.07
2014.09.18 01:32:12.891,1.10118,1.10126,1.00,1.00
2014.09.18 01:32:18.121,1.10114,1.10124,2.51,1.00
2014.09.18 01:32:18.222,1.10114,1.1012,1.50,1.10
2014.09.18 01:32:18.374,1.1011,1.10119,1.10,1.00
2014.09.18 01:32:18.576,1.10108,1.10116,2.51,1.00
2014.09.18 01:32:19.418,1.10108,1.10116,2.51,1.00
2014.09.18 01:32:39.317,1.10107,1.10116,1.25,1.10
2014.09.18 01:32:42.453,1.10107,1.10116,1.19,1.10
2014.09.18 01:32:43.000,1.10107,1.10116,1.25,1.10
2014.09.18 01:32:50.895,1.10107,1.10116,1.19,1.10
2014.09.18 01:32:54.442,1.10107,1.10116,1.00,1.10
2014.09.18 01:32:56.815,1.10107,1.10116,1.19,1.10
2014.09.18 01:32:58.325,1.10107,1.10116,1.50,1.10
2014.09.18 01:32:58.889,1.10106,1.10116,1.76,1.10
2014.09.18 01:32:59.624,1.10107,1.10116,1.00,1.10
2014.09.18 01:33:02.087,1.10107,1.10113,1.00,1.00
2014.09.18 01:33:02.240,1.10108,1.10116,1.00,1.10
2014.09.18 01:33:43.631,1.10109,1.10116,2.44,1.00
2014.09.18 01:33:44.160,1.10109,1.10117,2.44,1.00
2014.09.18 01:33:49.942,1.10111,1.10117,1.25,1.00
2014.09.18 01:33:50.375,1.10111,1.10119,1.25,1.00
2014.09.18 01:33:50.931,1.10111,1.10121,1.01,1.00
2014.09.18 01:33:50.982,1.10114,1.10121,1.00,1.00
2014.09.18 01:33:51.083,1.10114,1.10123,1.01,1.50
2014.09.18 01:33:51.184,1.10115,1.10125,3.26,1.00
2014.09.18 01:33:51.487,1.10117,1.10126,1.09,1.00
2014.09.18 01:33:51.992,1.10118,1.10127,1.76,1.00
2014.09.18 01:33:52.849,1.10119,1.10127,2.44,1.00
2014.09.18 01:33:56.806,1.1012,1.10127,2.44,1.00
2014.09.18 01:33:57.321,1.1012,1.10129,2.44,1.65
2014.09.18 01:33:57.913,1.1012,1.10129,2.44,1.00
2014.09.18 01:33:58.967,1.10119,1.10129,1.01,1.00
2014.09.18 01:34:00.067,1.10119,1.10129,2.51,1.00
2014.09.18 01:34:04.679,1.1012,1.10129,2.44,1.00
2014.09.18 01:34:05.682,1.10119,1.10129,2.51,1.00
2014.09.18 01:34:08.088,1.10121,1.10129,1.25,1.00
2014.09.18 01:34:14.642,1.10121,1.10129,2.59,1.00
2014.09.18 01:34:22.743,1.10122,1.10129,2.44,1.00
2014.09.18 01:34:27.976,1.10122,1.10129,1.25,1.00
2014.09.18 01:34:29.959,1.10122,1.10129,2.44,1.00
2014.09.18 01:34:33.352,1.10122,1.10129,1.25,1.00
2014.09.18 01:34:34.382,1.10122,1.10129,2.44,1.00
2014.09.18 01:34:35.490,1.10122,1.10129,1.25,1.00
2014.09.18 01:34:40.397,1.10122,1.10129,2.44,1.00
2014.09.18 01:34:44.722,1.10122,1.10129,1.01,1.00
2014.09.18 01:34:53.598,1.10123,1.10129,2.44,1.00
2014.09.18 01:34:56.061,1.10123,1.10128,2.25,1.60
2014.09.18 01:34:56.112,1.1012,1.10124,1.00,1.00
2014.09.18 01:34:56.163,1.10119,1.10128,1.10,2.92
2014.09.18 01:34:56.366,1.10119,1.10128,1.57,1.00
2014.09.18 01:34:56.417,1.1012,1.10131,3.19,1.57
2014.09.18 01:34:57.451,1.10121,1.10131,2.44,1.10
2014.09.18 01:34:58.461,1.1012,1.10131,1.69,1.10
2014.09.18 01:34:58.562,1.1012,1.10126,1.69,1.00
2014.09.18 01:34:58.613,1.10118,1.10126,1.00,1.10
2014.09.18 01:34:58.714,1.10118,1.10128,1.15,3.60
2014.09.18 01:34:58.765,1.10118,1.10128,1.65,1.50
2014.09.18 01:34:58.991,1.10121,1.1013,1.69,1.50
2014.09.18 01:35:03.123,1.10121,1.1013,1.69,1.00
2014.09.18 01:35:05.177,1.10121,1.1013,1.69,1.00
2014.09.18 01:35:10.538,1.10121,1.1013,3.19,1.00
2014.09.18 01:35:11.541,1.10121,1.1013,1.00,1.00
2014.09.18 01:35:15.349,1.10122,1.1013,1.25,1.00
2014.09.18 01:35:16.176,1.10122,1.10129,1.25,1.00
2014.09.18 01:35:17.686,1.10122,1.10129,2.44,1.00
2014.09.18 01:35:18.700,1.10121,1.10129,1.25,1.00
2014.09.18 01:35:21.569,1.10122,1.10129,2.44,1.00
2014.09.18 01:35:21.925,1.10119,1.10129,2.59,1.00
2014.09.18 01:35:22.027,1.10119,1.10129,2.59,1.00
2014.09.18 01:35:26.423,1.10121,1.10131,2.21,1.00
2014.09.18 01:35:26.474,1.10126,1.10131,1.00,1.00
2014.09.18 01:35:26.778,1.1013,1.10137,1.10,1.00
2014.09.18 01:35:26.981,1.10131,1.10141,1.07,1.07
2014.09.18 01:35:27.234,1.10132,1.10141,1.40,1.00
2014.09.18 01:35:32.746,1.10135,1.10141,2.44,1.00
2014.09.18 01:35:33.135,1.10138,1.10146,1.00,1.50
2014.09.18 01:35:33.236,1.10141,1.10146,1.07,1.00
2014.09.18 01:35:33.287,1.10141,1.10149,1.17,1.50
2014.09.18 01:35:33.792,1.10141,1.10149,1.00,1.00
2014.09.18 01:35:35.906,1.10137,1.10147,2.21,1.00
2014.09.18 01:35:36.007,1.10137,1.10147,2.21,1.00
2014.09.18 01:35:37.959,1.10137,1.10147,3.71,1.00
2014.09.18 01:35:38.313,1.10141,1.10149,1.69,1.57
2014.09.18 01:35:38.414,1.10142,1.10149,2.51,1.00
2014.09.18 01:35:38.616,1.10144,1.10154,1.00,1.01
2014.09.18 01:35:38.818,1.10145,1.10156,3.26,1.57
2014.09.18 01:35:45.641,1.10145,1.10156,1.69,1.07
2014.09.18 01:35:46.976,1.10145,1.10153,1.69,1.00
2014.09.18 01:35:48.784,1.10146,1.10157,1.01,1.65
2014.09.18 01:35:49.321,1.10146,1.10157,2.51,1.65
2014.09.18 01:35:51.369,1.10144,1.10157,1.84,1.65
2014.09.18 01:35:51.910,1.10146,1.10157,1.47,1.17
2014.09.18 01:35:52.294,1.10146,1.10154,1.47,1.00
2014.09.18 01:35:55.151,1.10147,1.10157,1.62,1.17
2014.09.18 01:35:55.716,1.10147,1.10157,3.64,1.00
2014.09.18 01:36:01.973,1.10148,1.10157,1.62,1.00
2014.09.18 01:36:10.997,1.10147,1.10157,2.14,1.00
2014.09.18 01:36:14.235,1.10147,1.10157,1.69,1.17
2014.09.18 01:36:15.096,1.10147,1.10157,1.84,1.00
2014.09.18 01:36:21.068,1.10147,1.10157,4.46,1.00
2014.09.18 01:36:26.352,1.10149,1.10157,1.25,1.00
2014.09.18 01:36:28.549,1.10147,1.10157,1.57,1.00
2014.09.18 01:36:33.981,1.10148,1.10157,1.31,1.00
2014.09.18 01:36:34.501,1.10148,1.10157,1.56,1.00
2014.09.18 01:36:41.639,1.10149,1.10157,1.12,1.00
2014.09.18 01:36:41.892,1.1015,1.1016,2.44,1.15
2014.09.18 01:36:42.784,1.10149,1.1016,1.00,1.15
2014.09.18 01:36:42.885,1.10148,1.10157,1.37,1.17
2014.09.18 01:36:43.188,1.10145,1.10153,3.71,1.00
2014.09.18 01:36:43.441,1.10146,1.10156,1.39,1.10
2014.09.18 01:36:47.525,1.10149,1.10157,1.00,1.00
2014.09.18 01:36:48.059,1.10149,1.10157,1.37,1.00
2014.09.18 01:36:52.503,1.10149,1.10157,1.12,1.00
2014.09.18 01:36:57.959,1.10149,1.10156,1.31,1.00
2014.09.18 01:36:59.626,1.10149,1.10156,2.81,1.00
2014.09.18 01:36:59.879,1.10147,1.10156,2.51,1.00
2014.09.18 01:37:01.683,1.10147,1.10156,2.14,1.00
2014.09.18 01:37:03.288,1.10147,1.10156,2.14,1.00
2014.09.18 01:37:06.842,1.10148,1.10156,2.81,1.00
2014.09.18 01:37:07.372,1.10147,1.10156,2.81,1.00
2014.09.18 01:37:14.847,1.10149,1.10156,1.25,1.00
2014.09.18 01:37:17.070,1.10147,1.10156,2.14,1.00
2014.09.18 01:37:18.068,1.10147,1.10156,2.14,1.00
2014.09.18 01:37:25.617,1.10147,1.10156,1.39,1.00
2014.09.18 01:37:26.179,1.10147,1.10156,1.39,1.00
2014.09.18 01:37:28.527,1.10147,1.10156,3.64,1.00
2014.09.18 01:37:32.309,1.10147,1.10156,1.39,1.00
2014.09.18 01:37:32.612,1.10148,1.10156,1.62,1.00
2014.09.18 01:37:34.239,1.10148,1.10156,1.40,1.00
2014.09.18 01:37:34.494,1.10147,1.10156,2.14,1.00
2014.09.18 01:37:38.834,1.10148,1.10156,2.44,1.10
2014.09.18 01:37:55.175,1.10148,1.10156,1.25,1.00
2014.09.18 01:37:58.035,1.10147,1.10159,2.51,3.07
2014.09.18 01:37:59.141,1.10147,1.10159,2.51,1.57
2014.09.18 01:38:01.385,1.10146,1.10159,1.09,1.95
2014.09.18 01:38:01.638,1.10146,1.10154,1.09,1.00
2014.09.18 01:38:01.840,1.10143,1.10151,1.00,1.12
2014.09.18 01:38:01.992,1.10142,1.10151,1.00,2.51
2014.09.18 01:38:02.093,1.1014,1.10148,2.25,1.25
2014.09.18 01:38:02.195,1.10136,1.10143,1.07,1.00
2014.09.18 01:38:02.246,1.10135,1.10143,1.20,1.00
2014.09.18 01:38:02.448,1.10132,1.10145,1.65,3.26
2014.09.18 01:38:02.499,1.10132,1.10141,1.65,1.00
2014.09.18 01:38:02.853,1.1013,1.10141,1.65,1.25
2014.09.18 01:38:04.583,1.1013,1.10141,1.65,1.19
2014.09.18 01:38:07.330,1.1013,1.10141,1.84,1.25
2014.09.18 01:38:07.800,1.10131,1.10141,1.65,1.25
2014.09.18 01:38:08.002,1.1013,1.10141,1.84,1.25
2014.09.18 01:38:08.457,1.1013,1.10139,1.27,1.00
2014.09.18 01:38:08.609,1.1013,1.10141,2.77,1.00
2014.09.18 01:38:08.660,1.10133,1.10141,1.00,1.00
2014.09.18 01:38:08.963,1.1013,1.10138,2.77,1.00
2014.09.18 01:38:09.216,1.10131,1.10141,1.15,1.00
2014.09.18 01:38:09.419,1.10131,1.10141,1.20,1.00
2014.09.18 01:38:09.875,1.1013,1.10138,3.52,1.00
2014.09.18 01:38:10.178,1.1013,1.10138,3.15,1.00
2014.09.18 01:38:10.230,1.10132,1.1014,1.15,1.00
2014.09.18 01:38:10.432,1.10132,1.1014,1.10,1.00
2014.09.18 01:38:10.937,1.10131,1.10139,1.17,1.00
2014.09.18 01:38:44.155,1.10131,1.10139,1.00,1.25
2014.09.18 01:38:48.186,1.10128,1.10138,1.09,1.00
2014.09.18 01:39:04.380,1.10128,1.10138,1.20,1.25
2014.09.18 01:39:12.555,1.10129,1.10138,1.00,1.00
2014.09.18 01:39:12.707,1.10131,1.10139,1.00,1.00
2014.09.18 01:39:13.010,1.10134,1.10142,1.00,1.32
2014.09.18 01:39:13.263,1.10135,1.10143,1.00,1.10
2014.09.18 01:39:23.983,1.10135,1.10143,1.17,1.00
2014.09.18 01:39:38.962,1.10135,1.10146,1.65,1.00
2014.09.18 01:39:41.734,1.10135,1.10146,1.17,2.44
2014.09.18 01:39:42.800,1.10135,1.10146,1.10,2.14
2014.09.18 01:39:43.306,1.10134,1.10144,2.32,1.00
2014.09.18 01:39:58.359,1.10134,1.10144,2.32,1.19
2014.09.18 01:39:58.892,1.10134,1.10144,1.00,1.01
2014.09.18 01:39:58.993,1.10132,1.10143,3.07,1.00
2014.09.18 01:39:59.044,1.10132,1.10142,2.25,1.07
2014.09.18 01:39:59.650,1.10132,1.10139,1.57,1.00
2014.09.18 01:39:59.903,1.1013,1.10139,1.00,1.00
2014.09.18 01:40:00.481,1.10129,1.10138,1.25,1.00
2014.09.18 01:40:01.581,1.10126,1.10132,1.84,1.00
2014.09.18 01:40:01.632,1.10126,1.10132,1.69,1.00
2014.09.18 01:40:01.784,1.10122,1.10131,1.76,1.00
2014.09.18 01:40:02.087,1.10123,1.10133,2.32,1.76
2014.09.18 01:40:02.189,1.10123,1.10131,1.57,1.00
2014.09.18 01:40:03.358,1.10121,1.1013,1.17,1.00
2014.09.18 01:40:03.888,1.10118,1.10129,4.01,1.00
2014.09.18 01:40:09.172,1.1012,1.10129,2.89,1.00
2014.09.18 01:40:09.223,1.10121,1.10132,1.25,1.01
2014.09.18 01:40:10.932,1.10121,1.10132,1.00,1.29
2014.09.18 01:40:11.936,1.10121,1.10132,1.00,1.01
2014.09.18 01:40:14.074,1.10121,1.10132,1.00,1.40
2014.09.18 01:40:14.507,1.10121,1.10132,1.00,1.01
2014.09.18 01:40:15.583,1.10121,1.1013,1.00,1.00
2014.09.18 01:40:15.734,1.10118,1.10129,1.26,1.10
2014.09.18 01:40:17.644,1.10118,1.10129,1.07,1.29
2014.09.18 01:40:18.155,1.10119,1.10129,1.57,1.20
2014.09.18 01:40:22.504,1.10119,1.10129,1.69,1.15
2014.09.18 01:40:23.719,1.10119,1.10129,1.50,1.00
2014.09.18 01:40:24.211,1.10119,1.10129,1.50,1.40
2014.09.18 01:40:37.647,1.10119,1.10129,1.57,1.10
2014.09.18 01:40:38.827,1.10117,1.10128,2.21,1.00
2014.09.18 01:40:41.335,1.10119,1.1013,1.10,1.39
2014.09.18 01:40:50.034,1.10122,1.10131,1.00,1.17
2014.09.18 01:40:50.085,1.10122,1.10131,1.00,1.10
2014.09.18 01:40:51.567,1.10123,1.10132,1.00,1.10
2014.09.18 01:40:51.618,1.10126,1.10132,1.00,1.10
2014.09.18 01:40:55.653,1.10123,1.10132,1.00,1.10
2014.09.18 01:40:55.754,1.10121,1.10132,1.25,1.10
2014.09.18 01:40:56.271,1.10121,1.10132,1.15,1.25
2014.09.18 01:40:58.683,1.10121,1.10132,1.25,1.09
2014.09.18 01:41:04.344,1.10121,1.10132,1.09,1.25
2014.09.18 01:41:16.570,1.10123,1.10133,1.00,1.31
2014.09.18 01:41:17.560,1.10123,1.10133,1.00,1.31
2014.09.18 01:41:18.568,1.10123,1.10133,1.00,1.00
2014.09.18 01:41:19.557,1.10123,1.10133,1.00,1.19
2014.09.18 01:41:22.041,1.10121,1.10132,1.84,1.25
2014.09.18 01:42:04.337,1.10121,1.10132,2.51,1.25
2014.09.18 01:42:08.071,1.10121,1.10132,1.00,1.29
2014.09.18 01:42:09.178,1.10121,1.10132,1.25,1.01
2014.09.18 01:42:22.063,1.10119,1.10132,4.09,1.10
2014.09.18 01:42:22.271,1.10121,1.10134,1.17,1.76
2014.09.18 01:42:22.575,1.10121,1.10134,2.40,1.69
2014.09.18 01:42:23.299,1.10121,1.10134,2.59,1.69
2014.09.18 01:42:24.064,1.10121,1.10134,2.59,1.69
2014.09.18 01:42:24.471,1.10124,1.10133,1.52,1.00
2014.09.18 01:42:24.523,1.10126,1.10137,1.27,2.25
2014.09.18 01:42:24.574,1.10127,1.10137,1.34,2.25
2014.09.18 01:42:24.878,1.10128,1.10137,2.59,1.00
2014.09.18 01:42:37.805,1.1013,1.10137,1.00,1.00
2014.09.18 01:42:41.355,1.10131,1.10137,1.00,1.00
2014.09.18 01:42:43.888,1.10131,1.10139,1.00,1.00
2014.09.18 01:42:46.179,1.10128,1.10136,1.76,1.00
2014.09.18 01:42:46.330,1.10125,1.10134,1.50,1.00
2014.09.18 01:42:46.432,1.10124,1.10132,1.10,1.00
2014.09.18 01:42:46.937,1.10125,1.10133,1.00,1.00
2014.09.18 01:42:52.928,1.10127,1.10135,1.00,1.00
2014.09.18 01:42:53.433,1.10127,1.10135,1.15,1.00
2014.09.18 01:42:54.993,1.10124,1.10133,1.15,1.00
2014.09.18 01:42:55.043,1.10123,1.10133,1.17,1.00
2014.09.18 01:42:55.246,1.10122,1.10132,1.69,1.00
2014.09.18 01:42:55.756,1.10123,1.10133,1.00,1.20
2014.09.18 01:42:55.858,1.10126,1.10135,1.00,1.10
2014.09.18 01:42:56.213,1.10124,1.10133,1.07,1.00
2014.09.18 01:42:56.264,1.10123,1.10133,1.17,1.00
2014.09.18 01:42:56.365,1.10122,1.10132,1.17,1.00
2014.09.18 01:43:02.798,1.10125,1.10133,1.00,1.10
2014.09.18 01:43:03.152,1.10126,1.10135,2.40,1.00
2014.09.18 01:43:03.455,1.10124,1.10134,1.10,1.12
2014.09.18 01:43:03.810,1.10122,1.10132,1.07,1.00
2014.09.18 01:43:11.309,1.10122,1.10132,1.00,2.51
2014.09.18 01:43:11.613,1.10121,1.10129,1.50,1.00
2014.09.18 01:43:12.472,1.10121,1.10127,1.00,1.00
2014.09.18 01:43:13.864,1.10122,1.10127,1.00,1.00
2014.09.18 01:43:13.977,1.10119,1.10127,1.00,1.00
2014.09.18 01:43:24.398,1.10119,1.10127,1.15,1.00
2014.09.18 01:43:25.919,1.10117,1.10127,1.00,4.54
2014.09.18 01:43:26.425,1.10118,1.10126,1.10,1.00
2014.09.18 01:43:28.890,1.10118,1.10125,1.10,1.00
2014.09.18 01:43:28.991,1.10115,1.10124,1.10,1.00
2014.09.18 01:43:31.919,1.10115,1.10124,3.90,1.00
2014.09.18 01:43:32.171,1.10118,1.10128,1.15,1.00
2014.09.18 01:43:34.260,1.10117,1.10125,4.27,1.00
2014.09.18 01:43:34.766,1.10117,1.10125,1.57,1.00
2014.09.18 01:43:45.932,1.10118,1.10128,1.10,1.01
2014.09.18 01:43:46.033,1.10118,1.10128,1.15,1.25
2014.09.18 01:43:46.550,1.10118,1.10128,1.00,1.25
2014.09.18 01:43:57.142,1.10118,1.10126,1.00,1.00
2014.09.18 01:44:10.354,1.10115,1.10126,4.09,1.00
2014.09.18 01:44:10.860,1.10117,1.10126,1.20,1.00
2014.09.18 01:44:16.232,1.10117,1.10126,1.00,1.19
2014.09.18 01:44:16.333,1.10117,1.10124,1.00,1.31
2014.09.18 01:44:16.384,1.10113,1.10121,1.00,1.10
2014.09.18 01:44:16.910,1.10112,1.10121,3.00,1.10
2014.09.18 01:44:17.333,1.10114,1.10121,1.00,1.10
2014.09.18 01:44:18.659,1.10113,1.10121,1.00,1.10
2014.09.18 01:44:19.684,1.10114,1.10121,1.00,1.10
2014.09.18 01:44:23.001,1.10114,1.10124,1.00,2.59
2014.09.18 01:44:23.358,1.10115,1.10124,1.00,1.20
2014.09.18 01:44:23.511,1.10117,1.10125,1.20,1.00
2014.09.18 01:44:23.563,1.10117,1.10128,1.84,1.00
2014.09.18 01:44:23.817,1.10118,1.10128,1.65,1.00
2014.09.18 01:44:25.971,1.10118,1.10129,2.59,1.00
2014.09.18 01:44:34.744,1.10118,1.10129,2.44,1.10
2014.09.18 01:44:35.754,1.10117,1.10128,1.76,1.00
2014.09.18 01:44:36.277,1.10117,1.10128,1.57,1.19
2014.09.18 01:44:38.608,1.10117,1.10128,1.57,1.00
2014.09.18 01:44:38.926,1.10119,1.10128,1.50,1.00
2014.09.18 01:44:40.475,1.10119,1.10129,1.50,1.01
2014.09.18 01:44:46.056,1.10119,1.10129,2.59,1.00
2014.09.18 01:44:46.607,1.1012,1.1013,1.10,1.01
2014.09.18 01:44:53.160,1.10119,1.10126,1.84,1.00
2014.09.18 01:44:58.576,1.10117,1.10126,1.20,1.57
2014.09.18 01:44:58.678,1.10116,1.10124,1.50,1.00
2014.09.18 01:44:58.729,1.10116,1.10122,1.00,1.00
2014.09.18 01:44:58.931,1.10113,1.10122,2.59,1.00
2014.09.18 01:44:59.083,1.10111,1.10121,1.27,1.10
2014.09.18 01:44:59.285,1.1011,1.10118,1.76,1.00
2014.09.18 01:45:02.914,1.1011,1.10121,1.57,1.29
2014.09.18 01:45:03.352,1.10109,1.10118,1.09,1.00
2014.09.18 01:45:03.858,1.10108,1.10117,1.65,1.00
2014.09.18 01:45:04.313,1.10108,1.10117,1.57,1.00
2014.09.18 01:45:07.283,1.10108,1.10117,1.17,1.00
2014.09.18 01:45:07.826,1.10108,1.10117,1.15,1.00
2014.09.18 01:45:17.208,1.10108,1.10117,1.20,1.00
2014.09.18 01:45:23.732,1.10108,1.10117,1.15,1.00
2014.09.18 01:45:24.036,1.1011,1.10119,1.84,1.00
2014.09.18 01:45:24.591,1.10112,1.10121,1.65,1.00
2014.09.18 01:45:24.693,1.10114,1.10125,1.87,1.76
2014.09.18 01:45:24.744,1.10114,1.10125,4.20,1.69
2014.09.18 01:45:25.148,1.10117,1.10126,1.15,1.00
2014.09.18 01:45:32.605,1.10115,1.10125,2.59,1.95
2014.09.18 01:45:32.706,1.10114,1.10125,1.57,1.20
2014.09.18 01:45:32.757,1.10114,1.10121,1.00,1.00
2014.09.18 01:45:33.361,1.10111,1.10121,1.65,1.00
2014.09.18 01:45:33.613,1.1011,1.10119,1.25,1.10
2014.09.18 01:45:35.620,1.10111,1.1012,2.25,1.10
2014.09.18 01:45:35.873,1.10114,1.1012,2.25,1.00
2014.09.18 01:45:36.026,1.10115,1.10126,2.89,1.32
2014.09.18 01:45:36.593,1.10115,1.10126,2.96,1.25
2014.09.18 01:45:38.334,1.10115,1.10126,3.34,1.00
2014.09.18 01:45:40.330,1.10117,1.10127,1.00,1.20
2014.09.18 01:45:40.841,1.10116,1.10127,1.31,1.65
2014.09.18 01:45:41.136,1.10116,1.10127,1.39,1.57
2014.09.18 01:45:43.326,1.10117,1.10128,1.09,1.10
2014.09.18 01:45:43.838,1.10119,1.1013,1.00,1.40
2014.09.18 01:45:56.776,1.10119,1.1013,1.57,1.00
2014.09.18 01:46:05.384,1.10118,1.10129,1.84,1.69
2014.09.18 01:46:05.895,1.10117,1.10129,3.26,1.76
2014.09.18 01:46:20.353,1.10117,1.10127,1.32,1.00
2014.09.18 01:46:26.432,1.10117,1.10127,1.01,1.10
2014.09.18 01:46:28.015,1.10117,1.10127,1.10,1.29
2014.09.18 01:46:28.116,1.10116,1.10123,1.00,1.00
2014.09.18 01:46:28.624,1.10115,1.10124,1.12,1.17
2014.09.18 01:46:28.726,1.10112,1.10122,1.00,1.50
2014.09.18 01:46:28.827,1.10111,1.10122,1.50,1.15
2014.09.18 01:46:29.231,1.10111,1.10122,1.10,1.69
2014.09.18 01:46:29.332,1.10111,1.10121,1.00,1.07
2014.09.18 01:46:29.636,1.1011,1.10121,1.00,1.46
2014.09.18 01:46:31.451,1.10109,1.10118,1.00,1.10
2014.09.18 01:46:31.975,1.10106,1.10118,3.71,1.01
2014.09.18 01:46:32.474,1.10106,1.10115,2.96,1.00
2014.09.18 01:46:40.181,1.10107,1.10113,1.57,1.00
2014.09.18 01:46:41.217,1.10106,1.10113,3.19,1.00
2014.09.18 01:46:41.318,1.10106,1.10116,3.19,1.00
2014.09.18 01:46:43.950,1.10105,1.10116,1.69,1.65
2014.09.18 01:46:44.459,1.10104,1.10113,3.90,1.00
2014.09.18 01:46:44.777,1.10102,1.10109,1.17,1.00
2014.09.18 01:46:45.132,1.10103,1.10112,1.65,1.00
2014.09.18 01:46:52.393,1.10103,1.10112,3.64,1.10
2014.09.18 01:46:52.494,1.10102,1.10106,1.00,1.00
2014.09.18 01:46:52.595,1.101,1.10105,1.00,1.00
2014.09.18 01:46:52.697,1.10097,1.10105,1.76,1.00
2014.09.18 01:46:54.378,1.10098,1.10105,1.00,1.00
2014.09.18 01:46:54.480,1.10101,1.10107,1.00,1.00
2014.09.18 01:46:54.581,1.10102,1.1011,1.50,1.50
2014.09.18 01:46:54.733,1.10103,1.1011,1.69,1.00
2014.09.18 01:46:55.904,1.10103,1.1011,1.69,1.00
2014.09.18 01:46:59.512,1.10103,1.1011,1.69,1.00
2014.09.18 01:47:00.557,1.10103,1.1011,1.69,1.00
2014.09.18 01:47:02.390,1.10103,1.10113,1.69,1.07
2014.09.18 01:47:05.213,1.10102,1.10113,1.19,1.07
2014.09.18 01:47:05.264,1.10101,1.10112,3.00,1.55
2014.09.18 01:47:05.315,1.10101,1.10112,1.50,2.02
2014.09.18 01:47:05.719,1.10101,1.10111,2.25,1.00
2014.09.18 01:47:13.718,1.10102,1.10111,1.00,1.00
2014.09.18 01:47:13.769,1.10102,1.10111,3.26,1.00
2014.09.18 01:47:13.820,1.10102,1.10113,5.21,1.10
2014.09.18 01:47:14.023,1.10104,1.10115,1.01,1.69
2014.09.18 01:47:14.529,1.10105,1.10115,1.50,1.69
2014.09.18 01:47:16.231,1.10107,1.10115,1.00,1.00
2014.09.18 01:47:20.576,1.10107,1.10116,1.00,1.10
2014.09.18 01:47:21.763,1.10105,1.10115,2.25,1.00
2014.09.18 01:47:44.077,1.10106,1.10117,1.00,1.09
2014.09.18 01:48:00.600,1.10106,1.10117,1.10,1.57
2014.09.18 01:48:01.709,1.10106,1.10117,1.00,1.57
2014.09.18 01:48:15.025,1.10106,1.10117,1.10,1.76
2014.09.18 01:48:15.482,1.10108,1.10117,1.00,1.69
2014.09.18 01:48:16.397,1.10108,1.10117,1.00,1.50
2014.09.18 01:48:23.542,1.10105,1.10116,2.59,1.00
2014.09.18 01:48:35.881,1.10108,1.10116,1.00,1.10
2014.09.18 01:48:45.010,1.10108,1.10116,1.00,1.29
2014.09.18 01:48:54.608,1.10105,1.10115,1.00,1.25
2014.09.18 01:48:55.132,1.10106,1.10117,1.00,1.84
2014.09.18 01:48:56.604,1.10106,1.10117,1.00,2.96
2014.09.18 01:48:57.114,1.10105,1.10113,1.00,1.00
2014.09.18 01:48:57.513,1.10105,1.10113,1.00,1.15
2014.09.18 01:48:57.564,1.10102,1.10111,1.00,1.20
2014.09.18 01:48:57.616,1.10102,1.10111,1.00,1.40
2014.09.18 01:48:57.667,1.101,1.1011,1.50,1.17
2014.09.18 01:48:58.123,1.10098,1.10108,1.00,1.50
2014.09.18 01:48:58.325,1.10098,1.10106,1.00,1.00
2014.09.18 01:48:58.731,1.10095,1.10105,1.69,1.00
2014.09.18 01:49:00.214,1.10097,1.10107,1.00,1.40
2014.09.18 01:49:13.229,1.10097,1.10107,1.00,1.25
2014.09.18 01:49:18.938,1.10097,1.10107,1.17,1.69
2014.09.18 01:49:20.207,1.10096,1.10104,1.15,1.00
2014.09.18 01:49:20.766,1.10097,1.10105,1.17,1.00
2014.09.18 01:49:21.516,1.10099,1.10107,1.10,1.25
2014.09.18 01:49:21.567,1.10099,1.10107,1.15,1.00
2014.09.18 01:49:21.771,1.101,1.1011,1.15,1.87
2014.09.18 01:49:22.074,1.10103,1.10112,1.00,1.69
2014.09.18 01:49:22.277,1.10104,1.10112,1.07,1.00
2014.09.18 01:49:22.581,1.10107,1.10116,1.17,1.69
2014.09.18 01:49:22.683,1.10108,1.10117,1.07,1.69
2014.09.18 01:49:23.633,1.10108,1.10117,1.00,1.69
2014.09.18 01:49:23.835,1.10106,1.10116,1.10,1.00
2014.09.18 01:49:26.681,1.10105,1.10115,1.00,1.15
2014.09.18 01:49:42.911,1.10105,1.10115,1.00,1.25
2014.09.18 01:49:45.833,1.10105,1.10115,1.00,1.32
2014.09.18 01:49:49.051,1.10103,1.10114,1.12,1.20
2014.09.18 01:49:49.102,1.10103,1.10114,1.12,1.27
2014.09.18 01:49:49.608,1.10102,1.10112,1.00,1.17
2014.09.18 01:49:50.119,1.10101,1.10111,1.00,1.17
2014.09.18 01:49:52.662,1.101,1.10109,1.25,1.10
2014.09.18 01:49:56.231,1.10099,1.10109,1.19,1.15
2014.09.18 01:49:56.534,1.10099,1.10107,1.00,1.40
2014.09.18 01:49:56.636,1.10097,1.10105,1.00,1.10
2014.09.18 01:50:14.445,1.10097,1.10107,1.39,1.10
2014.09.18 01:50:14.546,1.101,1.10108,1.00,1.00
2014.09.18 01:50:14.901,1.10103,1.10113,1.00,1.10
2014.09.18 01:50:15.409,1.10102,1.10112,1.00,1.00
2014.09.18 01:50:15.931,1.10101,1.10111,1.00,1.20
2014.09.18 01:50:17.197,1.10102,1.10112,1.00,1.15
2014.09.18 01:50:17.400,1.10104,1.10114,1.00,1.26
2014.09.18 01:50:25.578,1.10104,1.10114,1.00,1.15
2014.09.18 01:50:32.572,1.10103,1.10113,1.00,1.40
2014.09.18 01:50:32.827,1.10101,1.10111,1.00,1.50
2014.09.18 01:50:32.928,1.101,1.10108,1.10,1.10
2014.09.18 01:50:33.507,1.10097,1.10107,1.25,1.10
2014.09.18 01:50:34.709,1.10098,1.10108,1.07,1.32
2014.09.18 01:50:35.013,1.10098,1.10108,1.25,1.17
2014.09.18 01:50:39.217,1.10097,1.10107,1.10,1.01
2014.09.18 01:50:41.336,1.10097,1.10106,1.10,1.00
2014.09.18 01:50:41.387,1.10096,1.10104,1.17,1.12
2014.09.18 01:50:41.539,1.10094,1.10102,1.00,1.10
2014.09.18 01:50:41.842,1.10092,1.10102,1.25,1.17
2014.09.18 01:50:53.085,1.10092,1.10102,1.25,1.00
2014.09.18 01:51:01.434,1.10092,1.10102,1.00,1.07
2014.09.18 01:51:41.872,1.1009,1.10103,1.31,2.40
2014.09.18 01:51:42.863,1.10089,1.10101,1.39,1.17
2014.09.18 01:51:43.166,1.10086,1.10095,1.00,1.40
2014.09.18 01:51:43.217,1.10083,1.10094,1.00,1.65
2014.09.18 01:51:55.078,1.10081,1.10092,1.76,1.32
2014.09.18 01:51:55.431,1.10081,1.10092,1.69,1.76
2014.09.18 01:51:56.115,1.10079,1.1009,1.39,1.76
2014.09.18 01:51:56.627,1.10077,1.10088,2.44,1.20
2014.09.18 01:51:57.158,1.10077,1.10088,1.69,1.20
2014.09.18 01:51:59.850,1.10077,1.10088,1.69,1.17
2014.09.18 01:52:07.978,1.10077,1.10088,1.00,1.15
2014.09.18 01:52:09.670,1.10077,1.10088,1.00,4.95
2014.09.18 01:52:09.721,1.10074,1.10085,1.00,1.15
2014.09.18 01:52:10.125,1.10072,1.10083,1.00,1.10
2014.09.18 01:52:16.933,1.10072,1.10083,2.81,1.10
2014.09.18 01:52:16.984,1.10075,1.10084,1.12,1.57
2014.09.18 01:52:17.086,1.10075,1.10086,1.00,1.20
2014.09.18 01:52:17.591,1.10075,1.10086,1.69,1.20
2014.09.18 01:52:18.130,1.10075,1.10086,2.44,1.20
2014.09.18 01:52:21.933,1.10076,1.10086,1.69,1.20
2014.09.18 01:52:27.526,1.10075,1.10086,1.84,1.00
2014.09.18 01:52:27.678,1.10075,1.10086,1.00,1.15
2014.09.18 01:52:27.982,1.10076,1.10085,1.12,1.00
2014.09.18 01:52:28.234,1.10078,1.10087,1.00,1.17
2014.09.18 01:52:32.725,1.10078,1.10087,1.00,1.20
2014.09.18 01:52:42.084,1.10078,1.10089,1.00,1.65
2014.09.18 01:52:42.338,1.10078,1.10089,1.15,1.00
2014.09.18 01:52:42.439,1.10078,1.10089,1.00,1.20
2014.09.18 01:52:44.522,1.10078,1.1009,2.21,1.10
2014.09.18 01:53:06.926,1.1008,1.10091,1.00,1.65
2014.09.18 01:53:07.438,1.1008,1.10088,1.00,1.10
2014.09.18 01:53:33.319,1.10081,1.10091,1.00,2.40
2014.09.18 01:53:35.875,1.10082,1.10092,1.00,1.65
2014.09.18 01:53:35.977,1.10082,1.10092,1.00,1.65
2014.09.18 01:54:13.572,1.10084,1.10092,1.00,1.20
2014.09.18 01:54:16.327,1.10084,1.10092,1.00,1.17
2014.09.18 01:54:23.986,1.10088,1.10095,1.00,1.15
2014.09.18 01:54:24.088,1.10089,1.10097,1.00,1.25
2014.09.18 01:54:26.920,1.10089,1.10097,1.00,1.07
2014.09.18 01:54:32.743,1.10089,1.10097,1.00,1.10
2014.09.18 01:54:35.676,1.10087,1.10097,1.69,1.10
2014.09.18 01:54:36.131,1.10087,1.10097,1.00,1.34
2014.09.18 01:54:38.214,1.10087,1.10097,1.00,2.59
2014.09.18 01:54:51.894,1.10085,1.10095,1.00,1.65
2014.09.18 01:54:51.945,1.10085,1.10095,1.00,1.65
2014.09.18 01:54:52.855,1.10084,1.10094,1.00,1.15
2014.09.18 01:55:04.252,1.10084,1.10094,1.00,1.84
2014.09.18 01:55:04.788,1.10084,1.10094,1.00,4.01
2014.09.18 01:55:13.292,1.10084,1.10094,1.00,1.34
2014.09.18 01:55:33.001,1.10084,1.10094,1.00,3.26
2014.09.18 01:55:49.828,1.10082,1.1009,1.00,1.17
2014.09.18 01:55:49.879,1.10082,1.10089,1.00,1.47
2014.09.18 01:55:50.081,1.10072,1.10081,3.00,1.15
2014.09.18 01:55:50.234,1.10072,1.1008,1.00,1.15
2014.09.18 01:55:50.386,1.10069,1.10079,1.00,2.59
2014.09.18 01:55:50.437,1.10069,1.10079,1.00,2.59
2014.09.18 01:55:51.533,1.10069,1.10079,1.00,2.59
2014.09.18 01:55:57.563,1.10069,1.10073,1.00,1.00
2014.09.18 01:55:57.666,1.10064,1.10073,1.19,1.50
2014.09.18 01:55:58.171,1.10064,1.10074,1.25,1.57
2014.09.18 01:55:58.638,1.10066,1.10075,1.12,1.00
2014.09.18 01:55:58.942,1.10068,1.10076,1.00,1.00
2014.09.18 01:56:00.503,1.10069,1.10077,1.00,1.57
2014.09.18 01:56:12.074,1.10066,1.10075,1.07,1.10
2014.09.18 01:56:12.176,1.10064,1.10073,1.25,1.00
2014.09.18 01:56:12.327,1.10062,1.10072,1.57,1.00
2014.09.18 01:56:12.782,1.10062,1.10072,1.00,9.34
2014.09.18 01:56:12.935,1.1006,1.10069,1.10,2.25
2014.09.18 01:56:13.137,1.1006,1.10067,1.10,1.00
2014.09.18 01:56:13.642,1.10058,1.10067,1.29,1.00
2014.09.18 01:56:14.192,1.10058,1.10067,1.10,1.00
2014.09.18 01:56:45.559,1.10057,1.10062,1.07,1.00
2014.09.18 01:56:45.711,1.10054,1.10062,1.10,1.50
2014.09.18 01:56:45.963,1.10052,1.1006,1.09,2.25
2014.09.18 01:56:46.116,1.10051,1.10059,1.00,1.25
2014.09.18 01:56:46.167,1.10049,1.10057,1.00,1.00
2014.09.18 01:56:48.115,1.10048,1.10057,1.10,1.50
2014.09.18 01:56:48.621,1.10048,1.10058,1.39,1.50
2014.09.18 01:56:48.924,1.10052,1.10058,1.00,1.00
2014.09.18 01:56:48.976,1.10052,1.1006,1.10,1.00
2014.09.18 01:56:49.127,1.10052,1.10062,1.09,1.00
2014.09.18 01:56:49.380,1.10052,1.10059,1.09,1.00
2014.09.18 01:56:50.246,1.10054,1.10059,1.00,1.00
2014.09.18 01:56:50.787,1.10052,1.10059,1.09,1.00
2014.09.18 01:56:50.889,1.1005,1.10059,1.09,1.00
2014.09.18 01:56:51.394,1.1005,1.1006,1.09,1.00
2014.09.18 01:56:54.603,1.1005,1.1006,1.10,1.10
2014.09.18 01:56:54.677,1.10048,1.10058,1.46,1.00
2014.09.18 01:56:54.829,1.10048,1.10058,1.39,1.10
2014.09.18 01:56:54.982,1.10048,1.10056,1.01,1.00
2014.09.18 01:57:12.555,1.1005,1.10059,1.60,4.76
2014.09.18 01:57:12.707,1.10056,1.10063,1.00,1.00
2014.09.18 01:57:12.758,1.1006,1.10068,1.00,2.40
2014.09.18 01:57:13.112,1.10061,1.1007,1.00,3.07
2014.09.18 01:57:14.410,1.10059,1.10067,1.09,1.00
2014.09.18 01:57:15.176,1.10057,1.10065,1.15,1.00
2014.09.18 01:57:15.278,1.10057,1.10065,1.07,1.00
2014.09.18 01:57:19.300,1.10057,1.10061,1.00,1.00
2014.09.18 01:57:19.502,1.10057,1.10064,1.00,1.69
2014.09.18 01:57:19.553,1.10051,1.10062,2.21,1.00
2014.09.18 01:57:21.694,1.10051,1.1006,1.46,1.00
2014.09.18 01:57:21.896,1.10051,1.10062,1.46,1.00
2014.09.18 01:57:23.084,1.10054,1.10063,1.00,1.00
2014.09.18 01:57:23.287,1.10055,1.10066,1.20,2.44
2014.09.18 01:57:24.225,1.10055,1.10066,1.20,1.50
2014.09.18 01:57:32.887,1.10055,1.10066,1.84,1.00
2014.09.18 01:57:34.319,1.10056,1.10067,1.46,2.25
2014.09.18 01:57:35.409,1.10057,1.10067,1.39,1.00
2014.09.18 01:57:36.426,1.10057,1.10067,1.39,1.00
2014.09.18 01:57:36.628,1.10059,1.1007,1.00,2.59
2014.09.18 01:57:37.169,1.1006,1.1007,1.10,2.32
2014.09.18 01:57:47.872,1.10061,1.1007,1.00,2.32
2014.09.18 01:57:52.584,1.1006,1.1007,1.10,1.10
2014.09.18 01:58:02.833,1.10059,1.1007,1.50,2.51
2014.09.18 01:58:02.885,1.10059,1.10068,1.50,1.50
2014.09.18 01:58:03.394,1.1006,1.10069,1.00,1.00
2014.09.18 01:58:09.646,1.10059,1.10069,1.25,1.00
2014.09.18 01:58:09.949,1.10059,1.10069,1.25,1.15
2014.09.18 01:58:22.774,1.10059,1.10066,1.00,1.00
2014.09.18 01:58:23.027,1.10047,1.10056,1.29,1.00
2014.09.18 01:58:23.697,1.10047,1.10056,1.00,1.00
2014.09.18 01:59:22.945,1.10045,1.10057,1.09,2.96
2014.09.18 01:59:23.795,1.10045,1.10057,1.32,2.81
2014.09.18 01:59:25.673,1.10045,1.10057,1.15,2.81
2014.09.18 01:59:27.976,1.10045,1.10057,1.20,3.71
2014.09.18 01:59:31.643,1.10045,1.10057,1.09,2.96
2014.09.18 01:59:33.046,1.10045,1.10057,1.20,2.96
2014.09.18 01:59:37.113,1.10046,1.10057,1.00,1.46
2014.09.18 01:59:37.215,1.10046,1.10057,1.07,1.39
2014.09.18 01:59:38.430,1.10046,1.10057,1.09,1.00
2014.09.18 01:59:38.582,1.10046,1.10057,1.32,1.10
2014.09.18 01:59:55.558,1.10044,1.10057,4.01,1.25
2014.09.18 01:59:55.761,1.10044,1.10057,2.59,1.01
