2013.03.04 12:00:02.225,1.02901,1.02913,3.53,3.00
2013.03.04 12:00:02.723,1.02903,1.02914,1.50,1.73
2013.03.04 12:00:03.286,1.02903,1.02915,2.25,2.48
2013.03.04 12:00:03.843,1.02902,1.02913,2.03,2.25
2013.03.04 12:00:04.663,1.02902,1.02914,1.13,3.60
2013.03.04 12:00:07.410,1.02902,1.02913,1.13,1.50
2013.03.04 12:00:07.955,1.02902,1.02913,1.13,1.50
2013.03.04 12:00:10.420,1.02902,1.02913,1.13,1.50
2013.03.04 12:00:10.933,1.02899,1.02912,2.25,2.25
2013.03.04 12:00:11.290,1.02899,1.0291,2.63,3.00
2013.03.04 12:00:12.291,1.02899,1.0291,2.63,1.50
2013.03.04 12:00:13.662,1.02899,1.02911,1.88,2.25
2013.03.04 12:00:13.843,1.02899,1.02911,2.63,2.25
2013.03.04 12:00:22.100,1.02899,1.02911,2.63,1.13
2013.03.04 12:00:22.222,1.02899,1.0291,1.13,1.50
2013.03.04 12:00:24.031,1.02899,1.02909,1.13,1.73
2013.03.04 12:00:27.241,1.02898,1.02909,1.88,1.73
2013.03.04 12:00:27.792,1.02897,1.02908,1.88,2.85
2013.03.04 12:00:28.213,1.0289,1.02901,1.88,1.73
2013.03.04 12:00:28.753,1.02889,1.029,2.63,1.73
2013.03.04 12:00:33.031,1.02888,1.02899,1.13,1.73
2013.03.04 12:00:35.901,1.02889,1.029,1.50,1.35
2013.03.04 12:00:37.922,1.02892,1.02903,2.03,3.23
2013.03.04 12:00:37.983,1.02897,1.02904,1.65,1.73
2013.03.04 12:00:38.471,1.02898,1.02907,2.25,1.13
2013.03.04 12:00:38.531,1.02898,1.02908,2.25,2.10
2013.03.04 12:00:39.262,1.02898,1.02908,2.25,2.10
2013.03.04 12:00:40.981,1.02898,1.02908,2.25,1.35
2013.03.04 12:00:41.223,1.02898,1.02908,1.50,2.85
2013.03.04 12:00:41.531,1.02894,1.02904,3.75,1.65
2013.03.04 12:00:42.034,1.02893,1.02904,1.88,1.65
2013.03.04 12:00:43.241,1.02894,1.02903,1.50,1.65
2013.03.04 12:00:45.167,1.02893,1.02904,1.88,1.65
2013.03.04 12:00:46.932,1.02894,1.02904,1.50,1.65
2013.03.04 12:00:47.243,1.02896,1.02906,1.50,2.85
2013.03.04 12:00:47.432,1.02893,1.02903,1.50,1.13
2013.03.04 12:00:47.621,1.02892,1.02903,1.88,1.13
2013.03.04 12:00:48.163,1.02895,1.02904,2.25,1.13
2013.03.04 12:00:48.231,1.02895,1.02906,1.50,2.10
2013.03.04 12:00:48.772,1.02897,1.02908,3.53,1.35
2013.03.04 12:00:57.563,1.02897,1.02909,3.90,2.10
2013.03.04 12:00:58.182,1.02897,1.02908,2.25,1.58
2013.03.04 12:00:58.314,1.02896,1.02908,1.88,3.83
2013.03.04 12:00:59.394,1.02895,1.02907,1.88,2.48
2013.03.04 12:01:04.763,1.02895,1.02906,1.50,1.13
2013.03.04 12:01:05.104,1.02897,1.02906,2.63,1.13
2013.03.04 12:01:09.372,1.02898,1.02909,2.25,2.85
2013.03.04 12:01:19.441,1.02897,1.02907,2.25,1.35
2013.03.04 12:01:23.913,1.02897,1.02907,1.50,1.35
2013.03.04 12:01:24.101,1.02895,1.02906,1.50,2.10
2013.03.04 12:01:26.500,1.02895,1.02906,1.50,2.10
2013.03.04 12:01:39.481,1.02894,1.02906,2.25,2.55
2013.03.04 12:01:39.604,1.02893,1.02905,1.13,1.73
2013.03.04 12:01:39.849,1.02891,1.02903,4.13,1.88
2013.03.04 12:01:40.031,1.02891,1.02902,1.50,3.23
2013.03.04 12:01:40.620,1.02891,1.02902,1.50,3.23
2013.03.04 12:01:41.201,1.02889,1.02901,1.88,2.48
2013.03.04 12:01:44.160,1.02889,1.02901,3.38,2.48
2013.03.04 12:01:45.317,1.02889,1.02901,3.38,3.23
2013.03.04 12:02:06.480,1.02889,1.02901,2.40,3.00
2013.03.04 12:02:14.061,1.02891,1.02902,2.24,1.13
2013.03.04 12:02:14.422,1.02893,1.02905,1.50,1.73
2013.03.04 12:02:14.481,1.02892,1.02906,2.63,2.48
2013.03.04 12:02:14.542,1.02892,1.02906,3.00,2.25
2013.03.04 12:02:19.005,1.02895,1.02906,1.88,2.25
2013.03.04 12:02:19.193,1.02897,1.02906,2.03,2.10
2013.03.04 12:02:19.262,1.02897,1.02906,2.78,1.88
2013.03.04 12:02:19.829,1.02897,1.02908,2.78,2.48
2013.03.04 12:02:24.211,1.02897,1.02908,3.15,2.85
2013.03.04 12:02:24.760,1.02897,1.02908,3.90,2.85
2013.03.04 12:02:41.173,1.02897,1.02908,4.88,1.35
2013.03.04 12:02:51.813,1.02898,1.02908,1.28,2.10
2013.03.04 12:02:51.882,1.02898,1.02906,1.13,1.13
2013.03.04 12:02:52.008,1.02896,1.02903,2.25,1.88
2013.03.04 12:02:52.132,1.02893,1.02903,1.13,1.13
2013.03.04 12:02:52.194,1.02893,1.02904,1.50,1.13
2013.03.04 12:02:52.382,1.02893,1.02903,1.13,2.10
2013.03.04 12:02:52.502,1.02891,1.02902,6.38,1.50
2013.03.04 12:02:52.741,1.02891,1.02902,1.13,1.50
2013.03.04 12:02:53.082,1.02891,1.02902,1.88,1.50
2013.03.04 12:02:54.912,1.02891,1.02902,3.75,1.13
2013.03.04 12:02:55.031,1.02892,1.02905,1.28,2.85
2013.03.04 12:02:55.331,1.02893,1.02905,1.65,2.10
2013.03.04 12:02:56.251,1.02892,1.02905,2.03,2.85
2013.03.04 12:02:57.741,1.02892,1.02904,2.03,1.73
2013.03.04 12:02:58.824,1.02892,1.02904,2.03,2.48
2013.03.04 12:03:02.752,1.02892,1.02904,1.65,1.35
2013.03.04 12:03:03.268,1.02892,1.02904,1.65,1.35
2013.03.04 12:03:03.781,1.02892,1.02904,1.65,2.10
2013.03.04 12:03:05.801,1.02892,1.02904,1.88,1.35
2013.03.04 12:03:06.350,1.02892,1.02905,1.88,2.85
2013.03.04 12:03:06.591,1.02894,1.02905,1.13,1.73
2013.03.04 12:03:06.651,1.02894,1.02906,1.13,1.73
2013.03.04 12:03:06.721,1.02897,1.02907,1.65,1.88
2013.03.04 12:03:06.780,1.02897,1.02907,1.65,1.88
2013.03.04 12:03:06.900,1.02897,1.02907,2.03,1.88
2013.03.04 12:03:08.541,1.02897,1.02907,2.78,1.88
2013.03.04 12:03:41.960,1.02897,1.02908,1.88,1.73
2013.03.04 12:03:45.616,1.02897,1.02905,1.88,1.13
2013.03.04 12:03:45.684,1.02896,1.02903,1.50,1.65
2013.03.04 12:03:45.751,1.02893,1.02903,2.48,1.65
2013.03.04 12:03:46.291,1.02892,1.02903,2.25,3.38
2013.03.04 12:03:49.691,1.02893,1.02903,1.50,2.10
2013.03.04 12:03:49.752,1.02893,1.02903,3.15,2.10
2013.03.04 12:03:50.260,1.02893,1.02904,4.13,1.13
2013.03.04 12:03:51.471,1.02896,1.02906,1.50,1.88
2013.03.04 12:03:56.461,1.02895,1.02906,1.13,1.50
2013.03.04 12:04:01.292,1.02895,1.02905,1.13,1.50
2013.03.04 12:04:04.372,1.02895,1.02905,1.13,1.88
2013.03.04 12:04:06.803,1.02895,1.02905,1.13,1.50
2013.03.04 12:04:07.687,1.02895,1.02906,1.88,1.28
2013.03.04 12:04:17.362,1.02895,1.02906,1.88,3.75
2013.03.04 12:04:43.012,1.02896,1.02907,1.58,2.03
2013.03.04 12:04:43.132,1.02896,1.02907,1.58,1.50
2013.03.04 12:04:43.193,1.02896,1.02907,1.50,1.50
2013.03.04 12:04:56.672,1.02896,1.02904,1.13,5.48
2013.03.04 12:04:56.738,1.02892,1.02903,1.88,1.88
2013.03.04 12:04:56.805,1.02891,1.02902,1.88,2.78
2013.03.04 12:04:56.874,1.02891,1.02901,1.13,1.28
2013.03.04 12:04:57.443,1.02891,1.029,1.88,1.73
2013.03.04 12:05:13.683,1.02891,1.02903,3.74,2.48
2013.03.04 12:05:13.749,1.02892,1.02903,2.40,1.50
2013.03.04 12:05:13.815,1.02892,1.02904,2.40,2.10
2013.03.04 12:05:13.885,1.02894,1.02904,1.50,1.35
2013.03.04 12:05:14.014,1.02894,1.02904,1.50,1.35
2013.03.04 12:05:22.852,1.02895,1.02904,1.50,2.10
2013.03.04 12:05:24.322,1.02895,1.02904,1.50,1.73
2013.03.04 12:05:24.874,1.02896,1.02904,1.50,1.73
2013.03.04 12:05:36.292,1.02895,1.02904,1.50,1.35
2013.03.04 12:05:36.596,1.02894,1.02902,1.50,2.03
2013.03.04 12:05:37.157,1.02892,1.02902,1.50,2.25
2013.03.04 12:05:38.332,1.02891,1.02902,1.88,2.25
2013.03.04 12:05:39.486,1.02889,1.02901,2.78,4.13
2013.03.04 12:05:39.999,1.02889,1.02898,1.65,1.73
2013.03.04 12:05:41.233,1.02887,1.02898,2.63,3.23
2013.03.04 12:05:41.352,1.02887,1.02897,2.25,1.13
2013.03.04 12:05:41.472,1.02885,1.02895,1.13,1.50
2013.03.04 12:05:42.022,1.02884,1.02894,1.65,1.35
2013.03.04 12:05:42.403,1.02887,1.02895,1.65,1.35
2013.03.04 12:05:42.544,1.02887,1.02896,3.15,1.13
2013.03.04 12:05:45.903,1.02887,1.02895,3.15,1.50
2013.03.04 12:05:46.025,1.02883,1.02892,2.63,1.65
2013.03.04 12:05:49.514,1.02883,1.02894,1.65,2.48
2013.03.04 12:05:49.573,1.02884,1.02893,1.50,1.13
2013.03.04 12:05:50.113,1.02883,1.02892,1.50,1.65
2013.03.04 12:05:51.035,1.02883,1.02892,1.50,1.65
2013.03.04 12:05:51.344,1.02883,1.02891,1.50,1.65
2013.03.04 12:05:51.583,1.02881,1.0289,1.50,1.50
2013.03.04 12:05:52.124,1.0288,1.02891,1.50,1.65
2013.03.04 12:05:53.003,1.0288,1.02889,1.13,1.50
2013.03.04 12:05:53.553,1.02879,1.02889,2.03,1.50
2013.03.04 12:05:53.672,1.02879,1.02889,2.03,1.73
2013.03.04 12:05:54.213,1.02881,1.02891,1.50,2.63
2013.03.04 12:05:54.736,1.02881,1.02891,1.50,2.63
2013.03.04 12:05:54.986,1.02879,1.02888,3.89,2.10
2013.03.04 12:05:55.567,1.02878,1.02888,1.65,2.10
2013.03.04 12:05:56.452,1.02877,1.02887,1.88,1.73
2013.03.04 12:05:57.752,1.02877,1.02888,1.88,2.10
2013.03.04 12:06:29.402,1.02877,1.02888,1.13,3.98
2013.03.04 12:06:29.463,1.02874,1.02888,3.00,6.23
2013.03.04 12:06:29.522,1.02874,1.02888,2.78,6.23
2013.03.04 12:06:30.072,1.02874,1.02886,2.03,1.88
2013.03.04 12:06:30.862,1.02874,1.02885,2.03,1.73
2013.03.04 12:06:36.215,1.02874,1.02885,2.25,1.73
2013.03.04 12:06:36.749,1.02874,1.02885,1.88,1.73
2013.03.04 12:06:48.002,1.02874,1.02885,1.88,2.85
2013.03.04 12:06:51.184,1.02874,1.02885,1.88,2.10
2013.03.04 12:06:58.132,1.02874,1.02885,1.65,1.73
2013.03.04 12:07:03.522,1.02874,1.02885,1.88,2.10
2013.03.04 12:07:04.933,1.02874,1.02885,1.88,1.35
2013.03.04 12:07:11.422,1.02874,1.02885,1.88,2.10
2013.03.04 12:07:11.948,1.02874,1.02885,1.88,1.35
2013.03.04 12:07:16.463,1.02874,1.02886,1.88,3.60
2013.03.04 12:07:16.643,1.02874,1.02886,1.88,2.85
2013.03.04 12:07:28.912,1.02874,1.02886,2.03,2.85
2013.03.04 12:07:29.874,1.02875,1.02884,1.13,1.35
2013.03.04 12:07:30.053,1.02874,1.02884,1.50,2.85
2013.03.04 12:07:30.112,1.02874,1.02884,1.65,2.48
2013.03.04 12:07:30.233,1.02874,1.02885,1.88,1.73
2013.03.04 12:07:36.402,1.02874,1.02883,1.50,1.35
2013.03.04 12:07:46.433,1.02874,1.02886,1.50,1.73
2013.03.04 12:07:53.452,1.02874,1.02886,1.88,2.48
2013.03.04 12:07:55.453,1.02876,1.02886,2.25,1.73
2013.03.04 12:07:55.573,1.02877,1.02887,1.65,1.73
2013.03.04 12:07:59.424,1.02879,1.02888,1.13,1.73
2013.03.04 12:07:59.735,1.02882,1.02894,1.50,1.35
2013.03.04 12:07:59.984,1.02886,1.02895,1.50,1.35
2013.03.04 12:08:00.163,1.02887,1.02898,2.48,2.10
2013.03.04 12:08:00.608,1.02887,1.02897,2.25,3.00
2013.03.04 12:08:00.973,1.02886,1.02898,1.88,2.85
2013.03.04 12:08:01.436,1.02888,1.02897,1.28,1.50
2013.03.04 12:08:01.758,1.02886,1.02897,1.13,1.65
2013.03.04 12:08:01.944,1.02886,1.02895,1.13,1.73
2013.03.04 12:08:04.714,1.02884,1.02892,2.03,1.50
2013.03.04 12:08:04.773,1.02884,1.02892,1.65,1.50
2013.03.04 12:08:04.833,1.02884,1.02892,1.65,1.50
2013.03.04 12:08:06.713,1.02883,1.02892,1.13,1.73
2013.03.04 12:08:11.436,1.02884,1.02894,1.65,1.73
2013.03.04 12:08:11.682,1.02884,1.02896,1.65,1.50
2013.03.04 12:08:12.853,1.02884,1.02896,1.65,1.50
2013.03.04 12:08:19.353,1.02885,1.02896,1.73,2.25
2013.03.04 12:08:19.475,1.02887,1.02896,2.63,1.13
2013.03.04 12:08:20.223,1.02888,1.02898,1.65,2.93
2013.03.04 12:08:24.476,1.02888,1.02897,1.65,1.39
2013.03.04 12:08:24.784,1.02885,1.02895,1.13,1.73
2013.03.04 12:08:25.617,1.02884,1.02895,1.28,2.48
2013.03.04 12:08:25.935,1.02882,1.02892,1.50,1.88
2013.03.04 12:08:33.743,1.0288,1.0289,2.63,2.48
2013.03.04 12:08:33.868,1.02879,1.02889,1.65,2.10
2013.03.04 12:08:34.174,1.02877,1.02887,1.50,2.25
2013.03.04 12:08:34.722,1.02876,1.02886,1.13,1.13
2013.03.04 12:08:38.626,1.02875,1.02885,1.88,1.73
2013.03.04 12:08:42.195,1.02876,1.02885,1.13,1.73
2013.03.04 12:08:52.483,1.02875,1.02884,1.13,1.35
2013.03.04 12:08:58.388,1.02873,1.02885,1.28,1.73
2013.03.04 12:08:59.415,1.02873,1.02885,1.28,1.73
2013.03.04 12:09:16.932,1.02874,1.02885,1.13,1.73
2013.03.04 12:09:18.832,1.02873,1.02885,2.78,2.10
2013.03.04 12:09:22.333,1.02873,1.02885,2.25,2.85
2013.03.04 12:09:23.319,1.02874,1.02886,2.03,2.85
2013.03.04 12:09:31.902,1.02875,1.02886,1.28,1.73
2013.03.04 12:09:37.083,1.02877,1.02885,1.50,1.13
2013.03.04 12:09:37.503,1.02877,1.02885,1.13,1.13
2013.03.04 12:09:40.215,1.02877,1.02888,1.88,2.79
2013.03.04 12:09:42.803,1.02879,1.02888,1.28,1.73
2013.03.04 12:09:43.058,1.02881,1.02891,1.88,1.13
2013.03.04 12:09:43.243,1.02882,1.02892,2.78,1.13
2013.03.04 12:09:43.553,1.02882,1.02892,3.53,1.13
2013.03.04 12:09:45.779,1.02882,1.02892,3.53,1.13
2013.03.04 12:09:53.173,1.02882,1.02894,3.90,2.10
2013.03.04 12:10:00.532,1.02882,1.02894,3.90,1.35
2013.03.04 12:10:05.022,1.02882,1.02895,4.13,2.85
2013.03.04 12:10:09.742,1.02883,1.02895,2.03,1.35
2013.03.04 12:10:12.273,1.02883,1.02895,2.03,2.10
2013.03.04 12:10:19.483,1.02883,1.02895,2.03,2.10
2013.03.04 12:10:23.017,1.02883,1.02894,1.65,1.35
2013.03.04 12:10:25.854,1.02883,1.02896,2.78,2.10
2013.03.04 12:10:37.125,1.02883,1.02895,2.03,2.10
2013.03.04 12:10:39.773,1.02884,1.02896,1.88,1.35
2013.03.04 12:10:43.794,1.02883,1.02893,1.65,1.13
2013.03.04 12:10:43.853,1.02881,1.02893,3.00,1.50
2013.03.04 12:10:43.916,1.02881,1.02888,2.25,1.50
2013.03.04 12:10:44.463,1.02882,1.02891,1.88,1.50
2013.03.04 12:10:46.354,1.02882,1.02892,1.13,1.50
2013.03.04 12:10:46.654,1.02882,1.02893,1.65,2.63
2013.03.04 12:10:46.834,1.02883,1.02893,1.65,1.13
2013.03.04 12:10:47.725,1.02884,1.02895,1.65,1.35
2013.03.04 12:10:49.238,1.02885,1.02896,1.13,1.13
2013.03.04 12:10:49.364,1.02881,1.02888,3.00,2.85
2013.03.04 12:10:49.494,1.02875,1.02883,1.13,1.88
2013.03.04 12:10:49.733,1.02872,1.02883,1.13,1.88
2013.03.04 12:10:50.293,1.02873,1.02882,1.50,1.13
2013.03.04 12:10:50.618,1.02873,1.02883,1.50,1.65
2013.03.04 12:10:52.473,1.02873,1.02883,2.63,1.50
2013.03.04 12:11:02.564,1.02873,1.02883,3.38,1.65
2013.03.04 12:11:03.145,1.02874,1.02883,1.13,1.88
2013.03.04 12:11:03.757,1.02874,1.02885,1.88,3.23
2013.03.04 12:11:12.464,1.02874,1.02884,2.25,1.73
2013.03.04 12:11:12.968,1.02874,1.02884,2.25,1.73
2013.03.04 12:11:16.145,1.02874,1.02884,2.25,1.73
2013.03.04 12:11:22.364,1.02875,1.02885,1.50,2.48
2013.03.04 12:11:23.455,1.02874,1.02885,1.88,2.48
2013.03.04 12:11:25.062,1.02874,1.02885,2.03,1.35
2013.03.04 12:11:25.253,1.02875,1.02885,1.50,1.35
2013.03.04 12:11:27.004,1.02875,1.02886,1.88,1.13
2013.03.04 12:11:33.583,1.02875,1.02886,1.13,1.13
2013.03.04 12:11:35.013,1.02875,1.02886,1.13,1.13
2013.03.04 12:11:38.710,1.02875,1.02886,1.13,2.25
2013.03.04 12:11:42.143,1.02876,1.02886,2.25,2.25
2013.03.04 12:11:42.263,1.02877,1.02888,2.78,2.10
2013.03.04 12:11:48.462,1.02877,1.02888,2.03,1.73
2013.03.04 12:11:51.423,1.02876,1.02888,1.88,2.48
2013.03.04 12:11:51.875,1.02876,1.02886,1.13,1.88
2013.03.04 12:11:55.435,1.02876,1.02887,2.10,2.10
2013.03.04 12:11:59.332,1.02877,1.02888,1.28,1.73
2013.03.04 12:12:15.583,1.02879,1.02889,1.13,1.73
2013.03.04 12:12:16.142,1.0288,1.0289,1.88,1.73
2013.03.04 12:12:16.563,1.0288,1.02891,1.88,2.85
2013.03.04 12:12:17.635,1.0288,1.02892,4.88,1.50
2013.03.04 12:12:17.945,1.02881,1.02892,1.13,2.22
2013.03.04 12:12:18.127,1.02881,1.02892,1.88,1.28
2013.03.04 12:12:18.314,1.02882,1.02892,3.38,1.13
2013.03.04 12:12:18.614,1.02885,1.02894,1.13,2.48
2013.03.04 12:12:32.333,1.02884,1.02896,2.03,2.63
2013.03.04 12:12:34.424,1.02884,1.02896,1.65,2.25
2013.03.04 12:12:35.100,1.02885,1.02896,1.50,1.13
2013.03.04 12:12:42.647,1.02885,1.02896,1.88,1.13
2013.03.04 12:12:48.383,1.02884,1.02896,2.03,2.93
2013.03.04 12:12:49.161,1.02883,1.02895,3.53,1.73
2013.03.04 12:12:55.523,1.02884,1.02896,2.78,2.25
2013.03.04 12:12:56.748,1.02885,1.02896,1.50,2.25
2013.03.04 12:13:11.772,1.02885,1.02896,1.50,1.88
2013.03.04 12:13:28.553,1.02883,1.02895,2.78,1.73
2013.03.04 12:13:32.562,1.02883,1.02895,2.40,3.60
2013.03.04 12:13:34.003,1.02883,1.02895,2.40,2.85
2013.03.04 12:13:36.092,1.02884,1.02896,2.63,2.10
2013.03.04 12:13:50.386,1.02884,1.02894,1.50,1.13
2013.03.04 12:13:50.635,1.02883,1.02893,1.50,1.13
2013.03.04 12:13:50.993,1.02882,1.02892,1.50,2.63
2013.03.04 12:13:56.354,1.02883,1.02893,1.50,2.10
2013.03.04 12:14:02.807,1.02883,1.0289,1.50,1.35
2013.03.04 12:14:03.366,1.02883,1.0289,2.40,1.13
2013.03.04 12:14:03.434,1.02883,1.0289,3.15,1.13
2013.03.04 12:14:03.554,1.02884,1.02896,1.65,1.50
2013.03.04 12:14:04.093,1.02885,1.02896,2.25,2.25
2013.03.04 12:14:04.664,1.02886,1.02896,1.50,2.25
2013.03.04 12:14:05.645,1.02885,1.02896,2.25,2.25
2013.03.04 12:14:17.174,1.02885,1.02896,1.50,1.13
2013.03.04 12:14:28.433,1.02884,1.02896,2.03,1.13
2013.03.04 12:14:33.352,1.02884,1.02895,1.65,1.73
2013.03.04 12:14:35.483,1.02884,1.02896,2.40,2.25
2013.03.04 12:14:36.024,1.02886,1.02897,2.25,1.88
2013.03.04 12:14:37.627,1.02887,1.02897,3.00,1.73
2013.03.04 12:14:37.756,1.02888,1.029,1.65,1.35
2013.03.04 12:14:38.363,1.02887,1.02898,2.78,1.73
2013.03.04 12:14:40.903,1.02887,1.02898,1.65,1.73
2013.03.04 12:14:47.054,1.02887,1.02898,2.25,1.73
2013.03.04 12:14:48.164,1.02887,1.02898,1.65,1.73
2013.03.04 12:14:49.173,1.02887,1.02898,2.78,2.10
2013.03.04 12:15:00.968,1.02887,1.02898,2.03,1.73
2013.03.04 12:15:07.230,1.02887,1.02898,3.15,2.48
2013.03.04 12:15:08.436,1.02886,1.02897,3.75,1.88
2013.03.04 12:15:08.504,1.02886,1.02896,3.00,1.73
2013.03.04 12:15:09.006,1.02884,1.02897,1.13,2.63
2013.03.04 12:15:10.744,1.02885,1.02897,1.13,2.63
2013.03.04 12:15:13.103,1.02885,1.02897,1.13,1.88
2013.03.04 12:15:13.314,1.02884,1.02897,1.13,3.38
2013.03.04 12:15:16.924,1.02887,1.02897,2.40,3.00
2013.03.04 12:15:23.189,1.02887,1.02897,2.40,3.00
2013.03.04 12:15:27.544,1.02887,1.02897,2.78,1.88
2013.03.04 12:15:38.195,1.02888,1.029,2.03,3.60
2013.03.04 12:15:39.153,1.02888,1.029,1.65,2.85
2013.03.04 12:15:39.693,1.02888,1.029,2.40,4.35
2013.03.04 12:15:43.214,1.02888,1.029,2.78,3.60
2013.03.04 12:15:45.464,1.0289,1.02901,2.63,1.73
2013.03.04 12:15:45.806,1.02891,1.02902,3.00,1.88
2013.03.04 12:15:46.088,1.02895,1.02906,1.50,1.13
2013.03.04 12:15:50.554,1.02894,1.02906,1.65,1.13
2013.03.04 12:15:51.394,1.02893,1.02906,2.78,1.13
2013.03.04 12:15:52.484,1.02894,1.02906,1.65,1.88
2013.03.04 12:15:57.405,1.02896,1.02906,2.10,1.73
2013.03.04 12:15:57.464,1.02896,1.02907,2.10,1.50
2013.03.04 12:15:58.735,1.02898,1.02908,1.28,1.73
2013.03.04 12:16:00.474,1.02899,1.02908,1.20,1.73
2013.03.04 12:16:00.978,1.02898,1.0291,3.15,2.48
2013.03.04 12:16:01.236,1.02898,1.0291,3.15,2.48
2013.03.04 12:16:01.354,1.02898,1.0291,4.65,2.48
2013.03.04 12:16:01.979,1.029,1.0291,1.50,2.48
2013.03.04 12:16:03.453,1.02898,1.02909,1.65,2.10
2013.03.04 12:16:05.454,1.02898,1.02908,1.65,1.35
2013.03.04 12:16:06.040,1.02897,1.02908,2.40,1.35
2013.03.04 12:16:07.993,1.02896,1.02906,2.63,1.13
2013.03.04 12:16:09.456,1.02896,1.02906,1.50,1.13
2013.03.04 12:16:09.645,1.02895,1.02905,1.28,1.35
2013.03.04 12:16:15.783,1.02893,1.02905,3.00,2.48
2013.03.04 12:16:15.844,1.02893,1.02904,1.88,1.35
2013.03.04 12:16:15.965,1.02893,1.02902,1.13,1.88
2013.03.04 12:16:19.565,1.02891,1.02902,1.13,1.13
2013.03.04 12:16:20.056,1.02889,1.02899,1.50,2.85
2013.03.04 12:16:20.574,1.02887,1.02897,1.65,1.13
2013.03.04 12:16:21.155,1.02886,1.02897,3.38,1.13
2013.03.04 12:16:29.906,1.02886,1.02896,1.13,1.13
2013.03.04 12:16:30.555,1.02884,1.02896,2.03,1.50
2013.03.04 12:16:40.584,1.02884,1.02896,1.28,2.25
2013.03.04 12:16:40.947,1.02884,1.02896,2.03,1.50
2013.03.04 12:16:42.145,1.02886,1.02897,3.00,1.50
2013.03.04 12:16:42.447,1.02887,1.02897,1.13,1.88
2013.03.04 12:16:42.514,1.02887,1.02897,2.25,1.13
2013.03.04 12:16:48.636,1.02887,1.02897,1.13,1.50
2013.03.04 12:16:54.734,1.02887,1.02898,2.63,2.85
2013.03.04 12:16:55.274,1.02887,1.02898,3.00,1.73
2013.03.04 12:16:58.637,1.02887,1.02893,2.25,1.50
2013.03.04 12:16:58.824,1.02884,1.02893,2.63,1.88
2013.03.04 12:16:59.255,1.02883,1.02892,1.88,1.13
2013.03.04 12:16:59.447,1.02884,1.02894,2.25,1.35
2013.03.04 12:16:59.516,1.02886,1.02894,1.50,1.35
2013.03.04 12:16:59.885,1.02888,1.02898,1.65,2.10
2013.03.04 12:17:00.444,1.02888,1.02898,1.65,2.10
2013.03.04 12:17:02.107,1.02886,1.02898,3.38,3.60
2013.03.04 12:17:02.175,1.02886,1.02898,2.63,3.60
2013.03.04 12:17:02.235,1.02886,1.02896,2.63,1.13
2013.03.04 12:17:07.514,1.02889,1.02897,2.25,1.65
2013.03.04 12:17:07.634,1.0289,1.02899,1.50,6.00
2013.03.04 12:17:07.755,1.02893,1.02902,1.35,1.88
2013.03.04 12:17:07.934,1.02892,1.02902,2.40,1.13
2013.03.04 12:17:10.555,1.02892,1.02904,3.15,1.88
2013.03.04 12:17:13.984,1.02891,1.02903,4.13,1.50
2013.03.04 12:17:14.195,1.02891,1.02903,1.88,4.88
2013.03.04 12:17:14.505,1.02887,1.02898,3.75,2.48
2013.03.04 12:17:16.975,1.02889,1.029,1.65,1.73
2013.03.04 12:17:17.566,1.02888,1.029,3.53,1.73
2013.03.04 12:17:20.784,1.02888,1.02899,3.90,2.10
2013.03.04 12:17:28.424,1.02888,1.02898,2.40,2.10
2013.03.04 12:17:36.914,1.02887,1.02898,3.53,1.35
2013.03.04 12:17:44.214,1.02886,1.02896,1.13,1.88
2013.03.04 12:17:44.513,1.02885,1.02895,2.25,1.73
2013.03.04 12:17:46.655,1.02884,1.02894,2.63,1.35
2013.03.04 12:17:47.014,1.02883,1.02892,1.88,1.13
2013.03.04 12:17:57.468,1.02882,1.02892,1.13,1.50
2013.03.04 12:17:57.595,1.02879,1.02891,3.00,3.60
2013.03.04 12:17:57.774,1.02879,1.02888,1.50,1.73
2013.03.04 12:17:58.304,1.02878,1.02887,1.28,1.50
2013.03.04 12:17:59.468,1.02878,1.02888,1.28,1.73
2013.03.04 12:18:01.791,1.02878,1.02888,1.28,1.73
2013.03.04 12:18:05.095,1.02877,1.02886,2.03,1.50
2013.03.04 12:18:05.275,1.02873,1.02882,1.88,1.13
2013.03.04 12:18:05.455,1.02872,1.02882,1.50,1.13
2013.03.04 12:18:06.080,1.02871,1.02882,1.88,1.88
2013.03.04 12:18:06.398,1.02872,1.02882,1.50,1.13
2013.03.04 12:18:13.197,1.02871,1.02882,1.88,1.13
2013.03.04 12:18:22.145,1.02872,1.02882,2.25,1.88
2013.03.04 12:18:22.206,1.02873,1.02884,1.50,1.13
2013.03.04 12:18:22.278,1.02873,1.02884,1.50,1.35
2013.03.04 12:18:25.520,1.02876,1.02889,2.03,5.25
2013.03.04 12:18:25.765,1.0288,1.02891,1.50,1.73
2013.03.04 12:18:26.544,1.02879,1.02891,1.13,3.23
2013.03.04 12:18:28.014,1.02878,1.02889,1.88,1.35
2013.03.04 12:18:28.554,1.02878,1.02889,2.63,1.35
2013.03.04 12:18:29.621,1.0288,1.0289,1.49,1.35
2013.03.04 12:18:29.696,1.0288,1.02891,1.87,1.50
2013.03.04 12:18:30.664,1.0288,1.02892,1.13,3.00
2013.03.04 12:18:31.805,1.02878,1.0289,3.53,3.23
2013.03.04 12:18:35.235,1.02878,1.02889,2.78,1.73
2013.03.04 12:18:35.741,1.02878,1.0289,3.53,3.23
2013.03.04 12:18:41.784,1.02878,1.02888,1.28,2.85
2013.03.04 12:18:46.185,1.02878,1.02887,1.28,3.38
2013.03.04 12:18:55.084,1.02878,1.02886,1.13,1.65
2013.03.04 12:18:55.204,1.02877,1.02886,1.13,3.38
2013.03.04 12:18:55.265,1.02874,1.02886,1.65,3.00
2013.03.04 12:18:55.445,1.02872,1.02882,1.88,1.50
2013.03.04 12:18:55.994,1.02871,1.02882,2.63,2.25
2013.03.04 12:18:58.028,1.02871,1.02879,1.50,1.35
2013.03.04 12:18:59.424,1.02872,1.02879,1.50,1.13
2013.03.04 12:18:59.544,1.02874,1.02882,1.50,1.50
2013.03.04 12:18:59.725,1.02871,1.02882,1.50,2.63
2013.03.04 12:18:59.934,1.02871,1.02882,1.50,2.63
2013.03.04 12:19:00.805,1.02871,1.02882,1.88,1.73
2013.03.04 12:19:00.926,1.02871,1.02882,2.63,1.50
2013.03.04 12:19:01.234,1.02872,1.02885,3.00,1.73
2013.03.04 12:19:01.413,1.02872,1.02885,3.00,1.73
2013.03.04 12:19:01.904,1.02872,1.02883,1.50,1.35
2013.03.04 12:19:02.203,1.02871,1.02882,2.25,1.13
2013.03.04 12:19:06.368,1.02871,1.02882,2.25,1.13
2013.03.04 12:19:09.286,1.02871,1.02882,2.25,1.13
2013.03.04 12:19:11.385,1.02872,1.02883,1.13,1.73
2013.03.04 12:19:11.685,1.02872,1.02883,2.25,1.73
2013.03.04 12:19:13.508,1.02874,1.02883,1.65,1.35
2013.03.04 12:19:19.632,1.02872,1.02885,2.63,2.48
2013.03.04 12:19:22.151,1.02874,1.02885,1.65,2.48
2013.03.04 12:19:22.454,1.02877,1.02888,4.13,3.23
2013.03.04 12:19:22.815,1.02877,1.02888,1.50,4.88
2013.03.04 12:19:23.124,1.02876,1.02887,1.65,1.73
2013.03.04 12:19:23.712,1.02875,1.02887,1.65,1.73
2013.03.04 12:19:25.434,1.02876,1.02888,1.65,3.75
2013.03.04 12:19:26.096,1.02875,1.02886,1.65,1.35
2013.03.04 12:19:36.270,1.02874,1.02886,1.65,2.10
2013.03.04 12:19:38.034,1.02875,1.02886,1.65,2.10
2013.03.04 12:19:38.574,1.02876,1.02886,1.50,2.10
2013.03.04 12:19:41.114,1.02877,1.02887,1.13,1.73
2013.03.04 12:19:41.500,1.02877,1.02887,3.38,1.13
2013.03.04 12:19:41.695,1.02877,1.02889,4.50,2.48
2013.03.04 12:19:42.054,1.0288,1.02891,1.50,2.25
2013.03.04 12:19:42.593,1.0288,1.02891,4.50,1.88
2013.03.04 12:19:43.674,1.02881,1.02891,1.65,1.13
2013.03.04 12:19:44.426,1.02881,1.02891,2.25,2.10
2013.03.04 12:19:47.764,1.02878,1.02891,3.53,2.10
2013.03.04 12:19:48.446,1.0288,1.0289,1.88,2.10
2013.03.04 12:20:00.314,1.02877,1.02888,3.53,1.73
2013.03.04 12:20:02.185,1.02878,1.02889,2.40,2.48
2013.03.04 12:20:02.727,1.02878,1.02889,1.65,1.73
2013.03.04 12:20:11.475,1.02878,1.02889,2.78,1.73
2013.03.04 12:20:12.858,1.02879,1.02889,2.63,2.10
2013.03.04 12:20:12.934,1.0288,1.0289,2.03,1.35
2013.03.04 12:20:13.437,1.02882,1.0289,3.00,1.13
2013.03.04 12:20:18.454,1.02882,1.02893,3.00,2.48
2013.03.04 12:20:21.030,1.02882,1.02893,3.00,2.85
2013.03.04 12:20:21.614,1.02882,1.02892,3.00,1.28
2013.03.04 12:20:21.929,1.02882,1.02892,3.00,1.50
2013.03.04 12:20:22.002,1.0288,1.0289,1.50,2.10
2013.03.04 12:20:24.884,1.02879,1.02889,3.15,1.35
2013.03.04 12:21:05.353,1.02878,1.02889,5.40,1.35
2013.03.04 12:21:06.229,1.02877,1.02887,2.40,1.88
2013.03.04 12:21:08.394,1.02878,1.02887,1.65,1.13
2013.03.04 12:21:08.933,1.02878,1.0289,2.25,2.85
2013.03.04 12:21:09.983,1.02878,1.0289,2.25,2.85
2013.03.04 12:21:10.523,1.02878,1.02889,2.63,1.73
2013.03.04 12:21:12.786,1.02878,1.02889,1.65,2.10
2013.03.04 12:21:14.744,1.02878,1.02889,1.65,2.85
2013.03.04 12:21:15.564,1.02878,1.02888,1.65,1.73
2013.03.04 12:21:16.104,1.02878,1.02888,1.65,2.85
2013.03.04 12:21:17.625,1.02878,1.02887,1.50,1.13
2013.03.04 12:21:17.695,1.02875,1.02887,1.28,2.10
2013.03.04 12:21:19.316,1.02874,1.02885,2.25,1.73
2013.03.04 12:21:51.143,1.02874,1.02885,1.65,1.73
2013.03.04 12:22:00.345,1.02874,1.02885,1.65,1.73
2013.03.04 12:22:07.404,1.02874,1.02885,1.65,1.73
2013.03.04 12:22:19.814,1.02874,1.02885,2.25,1.73
2013.03.04 12:22:23.663,1.02874,1.02886,2.25,2.48
2013.03.04 12:22:29.184,1.02874,1.02886,2.25,2.48
2013.03.04 12:22:37.232,1.02874,1.02886,1.88,2.10
2013.03.04 12:22:51.914,1.02874,1.02886,1.50,2.10
2013.03.04 12:22:58.782,1.02874,1.02886,1.13,2.10
2013.03.04 12:23:02.442,1.02874,1.02886,1.50,1.35
2013.03.04 12:23:08.453,1.02873,1.02886,1.28,2.10
2013.03.04 12:23:17.733,1.02873,1.02886,1.28,1.35
2013.03.04 12:23:18.774,1.02873,1.02885,1.28,2.10
2013.03.04 12:23:25.843,1.02873,1.02885,2.25,1.73
2013.03.04 12:23:32.194,1.02874,1.02883,1.28,2.48
2013.03.04 12:23:32.503,1.02873,1.02882,1.13,1.13
2013.03.04 12:23:35.863,1.02871,1.02881,1.88,1.13
2013.03.04 12:23:37.733,1.02869,1.02879,1.28,1.35
2013.03.04 12:23:39.722,1.0287,1.0288,2.63,1.35
2013.03.04 12:23:40.682,1.0287,1.02882,2.63,3.00
2013.03.04 12:23:48.804,1.0287,1.02882,2.63,2.25
2013.03.04 12:23:52.183,1.02871,1.02882,1.13,1.50
2013.03.04 12:23:56.035,1.02868,1.0288,4.28,2.85
2013.03.04 12:23:56.775,1.02869,1.02881,2.40,1.50
2013.03.04 12:24:00.913,1.02868,1.02877,1.88,1.50
2013.03.04 12:24:00.973,1.02867,1.02876,2.25,1.50
2013.03.04 12:24:01.333,1.02866,1.02873,2.25,1.50
2013.03.04 12:24:01.514,1.02863,1.02872,3.24,1.73
2013.03.04 12:24:03.553,1.02864,1.02872,1.13,1.50
2013.03.04 12:24:08.484,1.02865,1.02872,1.13,1.50
2013.03.04 12:24:08.604,1.02863,1.02871,1.36,1.13
2013.03.04 12:24:10.477,1.02861,1.02872,1.50,3.00
2013.03.04 12:24:13.645,1.02861,1.02872,1.13,2.63
2013.03.04 12:24:13.850,1.02858,1.02868,1.28,1.73
2013.03.04 12:24:14.383,1.02859,1.0287,2.78,2.10
2013.03.04 12:24:14.684,1.0286,1.0287,1.88,2.10
2013.03.04 12:24:33.745,1.02862,1.02873,1.88,2.10
2013.03.04 12:24:33.816,1.02862,1.02873,1.88,2.10
2013.03.04 12:24:34.343,1.02863,1.02874,1.65,1.35
2013.03.04 12:24:36.103,1.02862,1.02873,1.88,1.73
2013.03.04 12:24:36.223,1.0286,1.02872,1.88,1.73
2013.03.04 12:24:36.343,1.02858,1.02869,1.65,1.73
2013.03.04 12:24:36.883,1.02859,1.0287,2.63,1.35
2013.03.04 12:24:38.042,1.0286,1.02871,1.50,1.35
2013.03.04 12:24:42.133,1.02859,1.02871,2.63,1.35
2013.03.04 12:24:47.524,1.02861,1.02872,1.13,2.63
2013.03.04 12:24:47.705,1.02857,1.02867,1.88,1.13
2013.03.04 12:24:47.825,1.02856,1.02866,1.50,2.32
2013.03.04 12:24:47.895,1.02853,1.02866,1.28,2.54
2013.03.04 12:24:48.323,1.02853,1.02866,2.03,3.29
2013.03.04 12:24:59.117,1.02857,1.02866,1.13,1.35
2013.03.04 12:24:59.245,1.02857,1.02868,2.63,2.85
2013.03.04 12:25:01.873,1.02857,1.02867,2.25,1.65
2013.03.04 12:25:01.995,1.02856,1.02866,1.88,1.73
2013.03.04 12:25:02.552,1.02856,1.02866,1.13,1.73
2013.03.04 12:25:15.415,1.02856,1.02866,1.50,2.10
2013.03.04 12:25:15.483,1.02857,1.02866,2.63,1.88
2013.03.04 12:25:16.022,1.02858,1.02868,1.28,2.48
2013.03.04 12:25:17.244,1.02858,1.02869,3.53,2.10
2013.03.04 12:25:17.724,1.0286,1.02871,2.25,1.13
2013.03.04 12:25:18.023,1.02862,1.02875,3.00,1.35
2013.03.04 12:25:19.712,1.02863,1.02876,1.65,3.00
2013.03.04 12:25:26.503,1.02867,1.02876,1.50,3.60
2013.03.04 12:25:26.744,1.02866,1.02877,3.38,3.23
2013.03.04 12:25:33.053,1.02869,1.02877,1.50,2.85
2013.03.04 12:25:33.413,1.02871,1.0288,1.50,1.73
2013.03.04 12:25:33.653,1.0287,1.0288,1.50,1.73
2013.03.04 12:25:42.164,1.02868,1.02879,3.53,2.48
2013.03.04 12:25:42.463,1.02868,1.02879,2.03,1.73
2013.03.04 12:25:43.483,1.02868,1.02879,1.65,2.85
2013.03.04 12:25:45.004,1.02867,1.02879,4.50,3.60
2013.03.04 12:25:47.415,1.02869,1.02879,1.65,2.10
2013.03.04 12:25:48.742,1.02868,1.02878,1.65,2.10
2013.03.04 12:25:52.133,1.02867,1.02878,2.63,3.23
2013.03.04 12:25:52.253,1.02865,1.02878,1.50,4.73
2013.03.04 12:25:52.313,1.02865,1.02878,1.50,4.73
2013.03.04 12:25:56.254,1.02865,1.02876,1.50,1.13
2013.03.04 12:25:56.606,1.02865,1.02876,2.25,1.13
2013.03.04 12:25:56.795,1.02867,1.02878,2.63,2.85
2013.03.04 12:25:57.343,1.02867,1.02878,2.63,2.10
2013.03.04 12:25:57.892,1.02868,1.02878,1.65,1.35
2013.03.04 12:26:05.373,1.02869,1.0288,1.65,2.10
2013.03.04 12:26:06.683,1.02868,1.0288,2.78,2.10
2013.03.04 12:26:08.452,1.02869,1.0288,2.78,1.73
2013.03.04 12:26:11.264,1.02868,1.02879,2.40,2.10
2013.03.04 12:26:11.504,1.0287,1.0288,1.50,1.35
2013.03.04 12:26:11.807,1.02876,1.02885,1.13,2.25
2013.03.04 12:26:11.874,1.02876,1.02885,1.13,2.48
2013.03.04 12:26:12.267,1.02876,1.02886,3.38,1.13
2013.03.04 12:26:12.914,1.02875,1.02886,1.50,1.50
2013.03.04 12:26:15.332,1.02874,1.02885,2.03,1.73
2013.03.04 12:26:18.212,1.02874,1.02885,2.78,1.73
2013.03.04 12:26:30.773,1.02875,1.02885,1.50,1.35
2013.03.04 12:26:33.514,1.02876,1.02886,1.50,1.35
2013.03.04 12:26:34.373,1.02875,1.02886,1.88,1.35
2013.03.04 12:26:49.674,1.02876,1.02886,1.50,1.35
2013.03.04 12:26:53.933,1.02877,1.02887,2.40,1.73
2013.03.04 12:26:53.993,1.02877,1.02888,3.15,1.35
2013.03.04 12:26:54.513,1.02878,1.02889,1.50,2.10
2013.03.04 12:26:54.643,1.02878,1.02889,1.50,1.35
2013.03.04 12:26:56.054,1.02877,1.02889,3.90,2.10
2013.03.04 12:26:56.488,1.02881,1.02891,1.35,1.35
2013.03.04 12:26:57.080,1.02885,1.02893,1.50,1.35
2013.03.04 12:26:57.394,1.02884,1.02893,2.25,1.35
2013.03.04 12:27:00.354,1.02884,1.02895,2.25,1.50
2013.03.04 12:27:00.862,1.02884,1.02895,2.25,1.50
2013.03.04 12:27:03.952,1.02883,1.02895,1.88,1.13
2013.03.04 12:27:06.036,1.02884,1.02895,1.50,1.13
2013.03.04 12:27:19.425,1.02885,1.02896,1.50,2.25
2013.03.04 12:27:20.014,1.02884,1.02895,1.13,1.50
2013.03.04 12:27:21.125,1.02883,1.02893,4.13,1.35
2013.03.04 12:27:22.354,1.02885,1.02893,1.13,1.35
2013.03.04 12:27:22.474,1.02886,1.02896,2.40,1.13
2013.03.04 12:27:24.552,1.02886,1.02896,3.90,1.13
2013.03.04 12:27:31.983,1.02886,1.02895,3.90,1.13
2013.03.04 12:27:32.764,1.02887,1.02895,1.65,1.13
2013.03.04 12:27:33.485,1.02886,1.02895,2.25,1.28
2013.03.04 12:27:34.151,1.02884,1.02896,1.73,1.50
2013.03.04 12:27:47.155,1.02883,1.02895,3.23,1.50
2013.03.04 12:27:49.815,1.02883,1.02895,3.23,1.50
2013.03.04 12:28:38.302,1.02885,1.02897,2.48,3.23
2013.03.04 12:28:39.403,1.02886,1.02897,1.65,3.98
2013.03.04 12:28:39.703,1.02885,1.02897,2.78,3.98
2013.03.04 12:28:39.764,1.02886,1.02896,1.05,1.73
2013.03.04 12:28:40.314,1.02885,1.02895,1.50,1.13
2013.03.04 12:28:41.975,1.02887,1.02896,1.50,1.73
2013.03.04 12:28:42.033,1.02887,1.02897,1.50,3.23
2013.03.04 12:28:42.273,1.02886,1.02897,3.15,3.23
2013.03.04 12:28:43.193,1.02887,1.02897,1.13,4.35
2013.03.04 12:28:44.422,1.02887,1.02897,1.13,4.73
2013.03.04 12:28:44.483,1.02886,1.02897,1.13,4.73
2013.03.04 12:28:44.542,1.02885,1.02896,1.28,1.50
2013.03.04 12:28:45.852,1.02883,1.02893,1.13,1.73
2013.03.04 12:28:45.914,1.02881,1.02891,3.75,1.35
2013.03.04 12:28:45.974,1.02879,1.0289,1.88,2.48
2013.03.04 12:28:48.852,1.02877,1.02888,2.78,2.10
2013.03.04 12:28:52.913,1.02877,1.02885,2.03,1.88
2013.03.04 12:28:53.154,1.0287,1.02879,1.32,1.13
2013.03.04 12:28:53.213,1.0287,1.02879,1.13,1.35
2013.03.04 12:28:53.634,1.02869,1.02879,1.28,2.10
2013.03.04 12:28:54.184,1.02869,1.02879,1.05,1.73
2013.03.04 12:28:56.063,1.02869,1.02881,2.03,2.25
2013.03.04 12:28:56.125,1.02872,1.02881,1.50,1.88
2013.03.04 12:28:56.185,1.02872,1.02882,2.78,2.25
2013.03.04 12:28:56.245,1.02873,1.02884,1.13,1.88
2013.03.04 12:28:56.305,1.02874,1.02886,3.15,1.50
2013.03.04 12:28:58.164,1.02874,1.02886,2.40,2.25
2013.03.04 12:29:00.424,1.02874,1.02883,1.50,2.63
2013.03.04 12:29:00.735,1.02873,1.02882,1.13,1.13
2013.03.04 12:29:04.403,1.02874,1.02884,1.50,1.65
2013.03.04 12:29:04.463,1.02875,1.02884,1.50,1.13
2013.03.04 12:29:06.629,1.02876,1.02887,1.50,1.35
2013.03.04 12:29:06.753,1.02877,1.02887,1.88,1.35
2013.03.04 12:29:16.594,1.02878,1.02885,1.28,1.50
2013.03.04 12:29:16.832,1.02869,1.0288,1.35,2.03
2013.03.04 12:29:17.253,1.02868,1.02879,1.28,2.48
2013.03.04 12:29:20.273,1.02868,1.0288,2.03,4.35
2013.03.04 12:29:24.435,1.02868,1.02878,1.13,1.35
2013.03.04 12:29:24.496,1.02866,1.02878,1.88,1.73
2013.03.04 12:29:24.565,1.02866,1.02878,1.13,2.48
2013.03.04 12:29:25.176,1.02862,1.0287,2.25,1.35
2013.03.04 12:29:25.261,1.02861,1.02869,1.13,1.73
2013.03.04 12:29:26.704,1.02859,1.02869,1.13,2.48
2013.03.04 12:29:30.724,1.02859,1.0287,1.88,2.10
2013.03.04 12:29:40.806,1.02858,1.02868,2.03,1.35
2013.03.04 12:29:49.034,1.02859,1.02871,2.03,2.40
2013.03.04 12:29:49.095,1.0286,1.02871,1.50,1.65
2013.03.04 12:29:49.404,1.02864,1.02872,1.50,1.13
2013.03.04 12:29:49.464,1.02864,1.02872,3.75,1.13
2013.03.04 12:29:49.523,1.02864,1.02875,4.13,3.00
2013.03.04 12:29:51.054,1.02864,1.02876,1.13,2.25
2013.03.04 12:29:52.004,1.02864,1.02874,1.13,3.08
2013.03.04 12:29:52.064,1.02862,1.02873,1.50,1.65
2013.03.04 12:29:52.245,1.02861,1.02872,1.13,1.88
2013.03.04 12:29:52.544,1.02858,1.0287,3.53,2.10
2013.03.04 12:29:55.911,1.02859,1.0287,1.88,1.35
2013.03.04 12:29:57.095,1.02863,1.02871,1.35,1.73
2013.03.04 12:29:57.274,1.02863,1.02873,2.10,2.25
2013.03.04 12:29:57.334,1.02864,1.02873,1.50,1.50
2013.03.04 12:29:57.978,1.02861,1.0287,1.13,1.73
2013.03.04 12:29:58.103,1.0286,1.02869,1.13,1.35
2013.03.04 12:29:58.284,1.02857,1.0287,3.15,2.10
2013.03.04 12:30:07.454,1.02857,1.0287,3.38,2.85
2013.03.04 12:30:07.516,1.02857,1.02866,3.00,1.50
2013.03.04 12:30:07.765,1.02851,1.02863,2.25,1.88
2013.03.04 12:30:07.824,1.02851,1.0286,2.25,1.88
2013.03.04 12:30:07.884,1.02851,1.0286,1.50,1.88
2013.03.04 12:30:08.065,1.02848,1.02859,1.50,1.13
2013.03.04 12:30:12.843,1.02849,1.0286,2.48,1.13
2013.03.04 12:30:13.117,1.0285,1.02861,2.63,1.13
2013.03.04 12:30:13.183,1.02851,1.02864,3.53,4.13
2013.03.04 12:30:13.303,1.02853,1.02866,1.65,2.10
2013.03.04 12:30:13.779,1.02855,1.02866,1.50,1.35
2013.03.04 12:30:14.898,1.02855,1.02866,1.50,2.10
2013.03.04 12:30:15.223,1.02855,1.02866,1.50,2.85
2013.03.04 12:30:16.814,1.02857,1.02867,3.00,2.63
2013.03.04 12:30:17.323,1.02855,1.02866,2.25,1.73
2013.03.04 12:30:17.686,1.02856,1.02867,2.48,1.35
2013.03.04 12:30:17.755,1.02857,1.02867,1.65,1.35
2013.03.04 12:30:18.384,1.02858,1.02869,1.28,2.10
2013.03.04 12:30:19.364,1.02857,1.02866,3.75,3.75
2013.03.04 12:30:19.425,1.02857,1.02864,1.50,1.13
2013.03.04 12:30:19.664,1.02853,1.02862,1.50,1.65
2013.03.04 12:30:21.157,1.02851,1.0286,2.63,1.13
2013.03.04 12:30:21.291,1.0285,1.0286,1.88,1.50
2013.03.04 12:30:21.846,1.0285,1.0286,1.13,1.50
2013.03.04 12:30:22.545,1.02848,1.02859,1.13,2.78
2013.03.04 12:30:23.053,1.02847,1.02859,3.15,3.00
2013.03.04 12:30:28.565,1.02847,1.02858,3.15,1.35
2013.03.04 12:30:28.684,1.02847,1.02856,2.40,4.35
2013.03.04 12:30:28.745,1.02847,1.02854,2.40,1.35
2013.03.04 12:30:28.985,1.02843,1.02851,1.73,1.28
2013.03.04 12:30:29.104,1.02839,1.0285,1.65,1.88
2013.03.04 12:30:29.403,1.0284,1.02851,1.50,2.03
2013.03.04 12:30:29.463,1.0284,1.02851,3.00,1.50
2013.03.04 12:30:30.025,1.02841,1.02852,3.38,1.88
2013.03.04 12:30:30.264,1.02842,1.02853,3.00,1.13
2013.03.04 12:30:30.626,1.02845,1.02854,1.88,1.35
2013.03.04 12:30:30.755,1.02847,1.02857,1.88,1.13
2013.03.04 12:30:32.198,1.02847,1.02858,1.13,1.35
2013.03.04 12:30:32.734,1.02847,1.02858,1.13,2.10
2013.03.04 12:30:37.766,1.02847,1.02859,1.88,2.85
2013.03.04 12:30:42.105,1.02846,1.02857,3.00,2.48
2013.03.04 12:30:42.224,1.02842,1.02853,2.48,1.65
2013.03.04 12:30:42.285,1.02841,1.02851,1.88,1.13
2013.03.04 12:30:42.345,1.02841,1.02851,1.13,1.13
2013.03.04 12:30:42.525,1.02841,1.02851,2.63,1.35
2013.03.04 12:30:42.883,1.02841,1.02851,4.13,1.35
2013.03.04 12:30:43.634,1.02843,1.02852,1.13,1.50
2013.03.04 12:30:43.755,1.02846,1.02856,2.63,2.85
2013.03.04 12:30:44.056,1.02846,1.02857,2.63,2.10
2013.03.04 12:30:44.670,1.02848,1.02857,1.28,1.73
2013.03.04 12:30:47.814,1.02848,1.0286,2.03,3.98
2013.03.04 12:30:54.623,1.02851,1.02859,1.35,1.73
2013.03.04 12:30:54.808,1.02853,1.02864,2.40,1.35
2013.03.04 12:30:54.876,1.02854,1.02864,1.73,1.35
2013.03.04 12:30:54.994,1.02856,1.02868,4.13,2.10
2013.03.04 12:30:55.829,1.02856,1.02868,3.75,2.48
2013.03.04 12:30:55.910,1.02849,1.02861,2.10,2.25
2013.03.04 12:30:56.216,1.02847,1.02859,3.75,1.50
2013.03.04 12:30:56.724,1.02847,1.02859,3.53,1.73
2013.03.04 12:31:01.864,1.02849,1.02859,1.13,2.85
2013.03.04 12:31:14.363,1.02849,1.02859,1.13,3.00
2013.03.04 12:31:14.425,1.02847,1.02857,3.38,1.13
2013.03.04 12:31:14.547,1.02842,1.02853,3.75,1.73
2013.03.04 12:31:14.614,1.02842,1.02854,2.63,2.85
2013.03.04 12:31:14.735,1.02842,1.02853,1.88,3.75
2013.03.04 12:31:15.155,1.02846,1.02857,2.63,5.48
2013.03.04 12:31:15.394,1.02846,1.02857,2.63,1.50
2013.03.04 12:31:18.415,1.02847,1.02858,2.78,1.35
2013.03.04 12:31:26.275,1.02848,1.02858,1.28,2.10
2013.03.04 12:31:39.166,1.02846,1.02857,3.38,2.03
2013.03.04 12:31:39.476,1.02844,1.02853,2.63,1.13
2013.03.04 12:31:39.785,1.02843,1.02852,1.13,1.13
2013.03.04 12:31:40.324,1.02844,1.02854,1.13,3.38
2013.03.04 12:31:40.455,1.02846,1.02854,3.00,2.55
2013.03.04 12:31:40.634,1.02846,1.02857,3.00,3.23
2013.03.04 12:31:40.756,1.02846,1.02853,1.50,1.13
2013.03.04 12:31:40.936,1.02844,1.02856,1.13,4.73
2013.03.04 12:31:41.365,1.02846,1.02856,1.13,4.73
2013.03.04 12:31:41.424,1.02847,1.02856,1.88,1.88
2013.03.04 12:31:41.915,1.02847,1.02859,2.85,2.85
2013.03.04 12:31:57.464,1.02847,1.02859,2.78,2.85
2013.03.04 12:31:57.644,1.02847,1.02858,2.03,1.73
2013.03.04 12:31:58.393,1.02848,1.02859,1.65,2.10
2013.03.04 12:31:59.654,1.02847,1.02858,2.78,1.73
2013.03.04 12:32:08.234,1.02848,1.02858,3.15,1.73
2013.03.04 12:32:10.616,1.02847,1.02858,2.40,2.10
2013.03.04 12:32:12.495,1.02847,1.02858,2.63,2.10
2013.03.04 12:32:13.024,1.02848,1.02858,1.65,1.35
2013.03.04 12:32:33.545,1.02848,1.02859,1.65,2.10
2013.03.04 12:32:53.753,1.02848,1.02859,2.03,1.73
2013.03.04 12:33:01.513,1.02846,1.02858,2.63,1.35
2013.03.04 12:33:01.573,1.02846,1.02858,1.88,2.85
2013.03.04 12:33:02.744,1.02846,1.02858,2.63,1.35
2013.03.04 12:33:06.654,1.02847,1.02859,2.78,2.85
2013.03.04 12:33:23.625,1.02848,1.02859,1.28,2.48
2013.03.04 12:33:24.743,1.02848,1.02859,1.28,3.98
2013.03.04 12:33:30.583,1.02848,1.02856,1.28,1.50
2013.03.04 12:33:30.825,1.02841,1.02851,2.63,1.27
2013.03.04 12:33:30.954,1.02841,1.02851,1.13,2.24
2013.03.04 12:33:31.193,1.02838,1.02849,2.03,1.35
2013.03.04 12:33:31.444,1.0284,1.0285,2.25,1.35
2013.03.04 12:33:31.745,1.02843,1.02855,1.65,2.10
2013.03.04 12:33:31.925,1.02847,1.02856,1.13,1.13
2013.03.04 12:33:32.463,1.02847,1.02859,2.25,3.60
2013.03.04 12:34:19.711,1.02849,1.02859,1.28,2.10
2013.03.04 12:34:28.594,1.02849,1.02857,1.13,1.73
2013.03.04 12:34:28.775,1.02845,1.02853,1.13,1.13
2013.03.04 12:34:28.894,1.02844,1.02852,1.13,1.13
2013.03.04 12:34:29.386,1.02847,1.02855,2.10,2.10
2013.03.04 12:34:29.445,1.02848,1.02856,1.50,2.85
2013.03.04 12:34:29.923,1.02848,1.02858,2.03,2.10
2013.03.04 12:35:20.214,1.02849,1.0286,2.63,2.10
2013.03.04 12:35:25.605,1.02849,1.02861,1.88,3.23
2013.03.04 12:36:23.603,1.02848,1.0286,2.03,1.81
2013.03.04 12:36:26.353,1.02848,1.0286,2.78,1.81
2013.03.04 12:36:27.434,1.02849,1.0286,1.50,2.48
2013.03.04 12:36:29.594,1.02848,1.0286,2.03,2.48
2013.03.04 12:36:30.655,1.02848,1.02859,1.88,2.48
2013.03.04 12:36:30.896,1.02845,1.02858,2.78,2.85
2013.03.04 12:36:31.355,1.02846,1.02858,1.13,2.85
2013.03.04 12:36:31.414,1.02846,1.02858,1.88,2.10
2013.03.04 12:36:36.734,1.02848,1.02857,1.65,1.35
2013.03.04 12:36:42.665,1.02848,1.0286,3.53,2.85
2013.03.04 12:36:53.567,1.02848,1.02859,2.40,1.35
2013.03.04 12:37:08.898,1.02848,1.0286,2.40,3.60
2013.03.04 12:38:02.734,1.02846,1.02856,1.13,1.13
2013.03.04 12:38:07.695,1.02846,1.02857,2.78,1.35
2013.03.04 12:38:11.674,1.02846,1.02857,2.03,1.35
2013.03.04 12:38:13.865,1.02846,1.02854,1.88,1.73
2013.03.04 12:38:14.225,1.02842,1.02853,1.88,1.35
2013.03.04 12:38:14.775,1.02844,1.02853,1.50,1.28
2013.03.04 12:38:15.384,1.02843,1.02852,1.88,1.13
2013.03.04 12:38:19.595,1.02843,1.02853,2.63,1.65
2013.03.04 12:38:19.656,1.02843,1.02853,2.78,1.13
2013.03.04 12:38:19.716,1.02846,1.02856,1.50,1.66
2013.03.04 12:38:21.435,1.02846,1.02856,1.50,1.66
2013.03.04 12:38:22.826,1.02844,1.02855,3.15,1.35
2013.03.04 12:38:22.896,1.02844,1.02853,1.50,1.13
2013.03.04 12:38:23.255,1.02838,1.02849,4.47,2.10
2013.03.04 12:38:23.315,1.02838,1.02849,2.22,2.10
2013.03.04 12:38:29.416,1.02836,1.02848,3.15,2.10
2013.03.04 12:38:29.534,1.02835,1.02847,2.63,2.63
2013.03.04 12:38:38.995,1.02835,1.02846,1.50,2.10
2013.03.04 12:38:46.395,1.02835,1.02846,1.50,2.48
2013.03.04 12:38:46.707,1.02832,1.02842,2.25,1.28
2013.03.04 12:38:46.834,1.02832,1.02842,2.25,2.25
2013.03.04 12:38:48.585,1.02832,1.02842,2.25,1.50
2013.03.04 12:38:50.695,1.02832,1.02842,2.25,1.28
2013.03.04 12:38:53.024,1.02832,1.02842,2.25,1.13
2013.03.04 12:38:59.526,1.02832,1.02842,2.63,1.65
2013.03.04 12:39:03.935,1.02833,1.02844,2.03,2.48
2013.03.04 12:39:06.342,1.02834,1.02844,1.65,2.48
2013.03.04 12:39:17.596,1.02834,1.02845,1.88,3.34
2013.03.04 12:39:20.225,1.02833,1.02844,1.28,2.59
2013.03.04 12:39:20.285,1.02833,1.02844,1.28,2.59
2013.03.04 12:39:20.584,1.02833,1.02844,1.28,1.80
2013.03.04 12:39:20.705,1.02833,1.02842,1.13,1.73
2013.03.04 12:39:24.465,1.02831,1.02843,2.63,2.25
2013.03.04 12:39:25.446,1.0283,1.02838,1.13,2.33
2013.03.04 12:39:25.516,1.02826,1.02837,1.88,1.73
2013.03.04 12:39:25.876,1.02827,1.02837,1.13,1.20
2013.03.04 12:39:26.145,1.02828,1.02838,2.78,1.95
2013.03.04 12:39:32.368,1.02828,1.02838,2.78,1.20
2013.03.04 12:39:32.645,1.02827,1.02836,1.13,1.58
2013.03.04 12:39:32.705,1.02825,1.02836,2.63,1.58
2013.03.04 12:39:34.105,1.02826,1.02836,1.50,1.58
2013.03.04 12:39:34.165,1.02827,1.02836,2.40,1.35
2013.03.04 12:39:34.778,1.02827,1.02838,3.15,1.95
2013.03.04 12:39:37.475,1.02828,1.02837,1.28,1.20
2013.03.04 12:39:38.356,1.02828,1.02837,1.28,1.20
2013.03.04 12:39:39.284,1.02827,1.02838,5.03,1.88
2013.03.04 12:39:39.808,1.02827,1.02836,4.28,2.10
2013.03.04 12:39:41.315,1.02827,1.02836,3.15,2.63
2013.03.04 12:39:42.195,1.02827,1.02836,3.15,2.03
2013.03.04 12:39:45.922,1.02828,1.02837,1.65,1.95
2013.03.04 12:39:47.056,1.02827,1.02837,3.90,2.70
2013.03.04 12:39:47.546,1.02825,1.02837,1.50,2.85
2013.03.04 12:39:47.905,1.02824,1.02833,1.13,1.88
2013.03.04 12:39:48.635,1.02824,1.02833,1.13,1.88
2013.03.04 12:39:48.755,1.02824,1.02835,1.88,2.70
2013.03.04 12:39:48.995,1.02823,1.02832,1.88,1.13
2013.03.04 12:39:49.235,1.02824,1.02835,1.13,1.73
2013.03.04 12:39:49.354,1.02826,1.02835,1.13,2.48
2013.03.04 12:39:49.844,1.02828,1.02838,1.65,2.10
2013.03.04 12:39:51.515,1.02828,1.02839,1.65,2.10
2013.03.04 12:39:53.366,1.02828,1.02838,1.65,1.35
2013.03.04 12:39:55.567,1.02828,1.02837,1.65,1.35
2013.03.04 12:39:59.480,1.02828,1.02837,1.50,1.35
2013.03.04 12:40:01.475,1.02828,1.02836,1.65,1.13
2013.03.04 12:40:03.556,1.02828,1.02837,2.40,1.35
2013.03.04 12:40:09.159,1.02827,1.02837,2.25,1.50
2013.03.04 12:40:09.409,1.02826,1.02836,2.63,1.50
2013.03.04 12:40:09.479,1.02826,1.02836,1.13,1.73
2013.03.04 12:40:09.610,1.02824,1.02836,2.03,3.23
2013.03.04 12:40:10.437,1.02823,1.02835,2.03,1.58
2013.03.04 12:40:10.666,1.02827,1.02835,1.13,1.58
2013.03.04 12:40:10.836,1.02827,1.02837,1.88,2.48
2013.03.04 12:40:11.376,1.02827,1.02837,1.88,1.13
2013.03.04 12:40:15.187,1.02827,1.02838,2.25,1.95
2013.03.04 12:40:15.745,1.02827,1.02837,2.25,2.10
2013.03.04 12:40:15.867,1.02827,1.02837,1.88,2.25
2013.03.04 12:40:15.926,1.02826,1.02836,3.38,2.33
2013.03.04 12:40:16.047,1.02824,1.02835,1.88,1.20
2013.03.04 12:40:16.645,1.02826,1.02835,1.88,1.20
2013.03.04 12:40:16.778,1.02827,1.02836,1.88,1.50
2013.03.04 12:40:18.375,1.02827,1.02834,1.13,1.50
2013.03.04 12:40:18.436,1.02822,1.02832,2.48,1.09
2013.03.04 12:40:18.555,1.02819,1.02828,2.63,1.13
2013.03.04 12:40:18.677,1.02817,1.02828,1.73,2.85
2013.03.04 12:40:18.746,1.02816,1.02827,1.13,1.50
2013.03.04 12:40:19.105,1.0281,1.02826,2.78,1.13
2013.03.04 12:40:19.656,1.02816,1.02827,1.13,3.23
2013.03.04 12:40:20.016,1.02817,1.02828,3.00,2.10
2013.03.04 12:40:21.315,1.02817,1.02827,3.00,1.20
2013.03.04 12:40:21.497,1.02815,1.02826,1.88,3.08
2013.03.04 12:40:22.076,1.02814,1.02824,1.88,1.43
2013.03.04 12:40:22.629,1.02815,1.02826,1.13,1.73
2013.03.04 12:40:23.226,1.02814,1.02826,2.63,2.33
2013.03.04 12:40:27.560,1.02814,1.02824,1.88,1.20
2013.03.04 12:40:32.625,1.02814,1.02824,1.13,2.55
2013.03.04 12:40:33.156,1.02814,1.02824,1.13,3.30
2013.03.04 12:40:35.277,1.02813,1.02824,1.13,3.30
2013.03.04 12:40:35.830,1.02812,1.02823,1.50,1.95
2013.03.04 12:40:36.369,1.02812,1.02823,1.50,1.95
2013.03.04 12:40:37.216,1.02812,1.02823,2.25,1.95
2013.03.04 12:40:37.996,1.02812,1.02823,1.50,2.48
2013.03.04 12:40:38.966,1.02812,1.02823,1.88,2.40
2013.03.04 12:40:39.385,1.02811,1.02822,3.53,2.78
2013.03.04 12:40:39.915,1.02811,1.02822,3.00,4.13
2013.03.04 12:40:41.123,1.02813,1.02822,1.50,4.35
2013.03.04 12:40:41.631,1.02812,1.02822,1.88,1.65
2013.03.04 12:40:42.153,1.02813,1.02822,1.65,1.65
2013.03.04 12:40:43.446,1.02812,1.02822,1.65,1.13
2013.03.04 12:40:44.056,1.02812,1.02822,1.65,1.65
2013.03.04 12:40:44.755,1.02811,1.02822,3.53,1.13
2013.03.04 12:40:45.865,1.02812,1.02822,1.65,1.65
2013.03.04 12:40:46.757,1.02812,1.02822,1.28,1.65
2013.03.04 12:40:49.196,1.02812,1.02822,1.28,1.65
2013.03.04 12:40:49.976,1.02812,1.02822,1.28,1.65
2013.03.04 12:40:53.698,1.02814,1.02824,1.13,3.75
2013.03.04 12:40:54.066,1.02818,1.02828,2.40,1.35
2013.03.04 12:40:57.987,1.02818,1.02827,2.03,1.80
2013.03.04 12:40:58.746,1.02818,1.02827,1.28,1.28
2013.03.04 12:40:59.555,1.02818,1.02827,2.03,1.99
2013.03.04 12:40:59.795,1.02818,1.02827,1.28,1.28
2013.03.04 12:41:00.525,1.02818,1.02829,2.03,3.38
2013.03.04 12:41:01.376,1.02818,1.02827,1.28,1.28
2013.03.04 12:41:06.075,1.02817,1.02827,1.50,1.80
2013.03.04 12:41:06.196,1.02815,1.02826,4.50,3.08
2013.03.04 12:41:06.256,1.02814,1.02826,1.28,4.05
2013.03.04 12:41:07.678,1.02813,1.02825,2.03,1.13
2013.03.04 12:41:08.375,1.02814,1.02826,1.50,3.90
2013.03.04 12:41:08.555,1.02817,1.02827,2.40,2.40
2013.03.04 12:41:09.857,1.02817,1.02827,2.40,1.65
2013.03.04 12:41:10.226,1.02814,1.02826,3.15,1.80
2013.03.04 12:41:10.287,1.02814,1.02825,1.65,1.73
2013.03.04 12:41:10.853,1.02814,1.02826,1.65,4.50
2013.03.04 12:41:13.889,1.02813,1.02824,1.28,2.85
2013.03.04 12:41:14.197,1.02812,1.02823,1.88,1.35
2013.03.04 12:41:16.437,1.02811,1.02823,1.88,2.48
2013.03.04 12:41:16.679,1.02812,1.02824,1.13,4.28
2013.03.04 12:41:17.733,1.02811,1.02823,3.38,1.50
2013.03.04 12:41:17.821,1.02812,1.02823,1.50,3.15
2013.03.04 12:41:35.597,1.0281,1.02819,2.63,1.58
2013.03.04 12:41:35.730,1.02806,1.02818,1.50,3.60
2013.03.04 12:41:35.800,1.02805,1.02814,1.13,1.73
2013.03.04 12:41:35.866,1.02804,1.02814,1.28,1.73
2013.03.04 12:41:36.405,1.02803,1.02815,1.28,1.73
2013.03.04 12:41:36.945,1.02803,1.02814,1.28,1.73
2013.03.04 12:41:37.455,1.02802,1.02814,4.50,1.73
2013.03.04 12:41:37.599,1.02802,1.02813,4.13,1.35
2013.03.04 12:41:37.906,1.02802,1.02811,1.88,1.13
2013.03.04 12:41:41.647,1.028,1.0281,1.13,1.73
2013.03.04 12:41:48.736,1.02798,1.02809,3.15,2.85
2013.03.04 12:41:48.795,1.028,1.02809,1.50,1.35
2013.03.04 12:41:49.157,1.028,1.02809,1.50,1.35
2013.03.04 12:41:49.746,1.028,1.02809,1.50,1.35
2013.03.04 12:41:57.496,1.02799,1.0281,2.78,1.73
2013.03.04 12:41:58.275,1.028,1.0281,1.13,1.73
2013.03.04 12:42:01.115,1.02801,1.02813,2.40,3.60
2013.03.04 12:42:01.239,1.02802,1.02813,1.80,1.13
2013.03.04 12:42:01.807,1.02802,1.02813,1.80,1.13
2013.03.04 12:42:02.885,1.02802,1.02815,2.18,3.60
2013.03.04 12:42:02.946,1.02802,1.02815,2.18,2.85
2013.03.04 12:42:03.955,1.02802,1.02815,2.18,3.60
2013.03.04 12:42:05.686,1.02802,1.02813,2.03,1.50
2013.03.04 12:42:05.866,1.02802,1.02811,1.88,1.13
2013.03.04 12:42:20.059,1.02801,1.02812,1.65,1.28
2013.03.04 12:42:21.129,1.02801,1.02811,1.65,1.13
2013.03.04 12:42:22.365,1.02802,1.02813,1.13,1.88
2013.03.04 12:42:22.426,1.02802,1.02813,1.28,2.10
2013.03.04 12:42:22.616,1.02802,1.02813,2.03,1.35
2013.03.04 12:42:23.165,1.02802,1.02813,1.88,1.35
2013.03.04 12:42:23.284,1.02802,1.02813,1.88,1.35
2013.03.04 12:42:25.395,1.02803,1.02813,1.13,1.13
2013.03.04 12:42:26.545,1.02803,1.02814,1.13,2.10
2013.03.04 12:42:28.685,1.02803,1.02814,1.13,2.10
2013.03.04 12:42:37.415,1.02803,1.02814,1.13,1.35
2013.03.04 12:42:37.977,1.02803,1.02814,1.13,1.35
2013.03.04 12:42:38.536,1.02803,1.02814,1.13,2.10
2013.03.04 12:42:39.105,1.02803,1.02814,1.13,2.10
2013.03.04 12:42:49.965,1.02803,1.02813,1.13,1.35
2013.03.04 12:42:51.366,1.02802,1.02812,1.88,1.13
2013.03.04 12:42:54.064,1.02802,1.02813,1.50,2.10
2013.03.04 12:42:54.635,1.02802,1.02813,1.50,2.10
2013.03.04 12:42:55.655,1.02802,1.02813,1.50,2.10
2013.03.04 12:43:13.018,1.02802,1.02813,2.25,1.73
2013.03.04 12:43:13.569,1.02808,1.02814,1.13,1.50
2013.03.04 12:43:13.757,1.02808,1.02818,1.88,1.73
2013.03.04 12:43:13.820,1.02808,1.02819,1.88,1.73
2013.03.04 12:43:14.378,1.02811,1.0282,1.50,1.35
2013.03.04 12:43:15.938,1.02811,1.02821,1.88,1.35
2013.03.04 12:43:28.435,1.02811,1.02822,1.13,4.73
2013.03.04 12:43:30.587,1.02811,1.02822,2.63,3.98
2013.03.04 12:43:30.706,1.02813,1.02824,1.13,2.10
2013.03.04 12:43:35.485,1.02813,1.02825,1.13,3.23
2013.03.04 12:43:35.739,1.02813,1.02825,1.13,3.23
2013.03.04 12:43:35.986,1.02813,1.02824,1.13,1.73
2013.03.04 12:43:36.895,1.02813,1.02825,1.13,2.48
2013.03.04 12:43:39.096,1.02814,1.02824,1.13,1.73
2013.03.04 12:43:39.396,1.02818,1.02825,1.50,2.10
2013.03.04 12:43:39.576,1.02819,1.0283,1.50,1.35
2013.03.04 12:43:39.639,1.02819,1.0283,3.75,1.35
2013.03.04 12:43:40.006,1.02821,1.02834,3.90,1.73
2013.03.04 12:43:40.307,1.02822,1.02835,1.65,2.10
2013.03.04 12:43:40.824,1.02822,1.02835,1.65,2.10
2013.03.04 12:43:40.885,1.02822,1.02834,1.65,1.73
2013.03.04 12:43:47.395,1.02823,1.02834,1.13,3.98
2013.03.04 12:43:48.645,1.02823,1.02834,1.13,2.48
2013.03.04 12:43:50.447,1.02823,1.02834,1.13,3.98
2013.03.04 12:43:51.002,1.02824,1.02834,1.13,1.73
2013.03.04 12:43:52.106,1.02826,1.02835,1.28,2.10
2013.03.04 12:43:52.527,1.02827,1.02839,3.38,3.23
2013.03.04 12:43:53.287,1.02827,1.02839,4.43,1.73
2013.03.04 12:43:53.416,1.02832,1.0284,1.13,1.73
2013.03.04 12:43:53.477,1.02832,1.02841,1.13,1.50
2013.03.04 12:43:53.537,1.02832,1.02843,1.88,1.88
2013.03.04 12:43:54.755,1.02833,1.02845,1.28,2.48
2013.03.04 12:43:55.268,1.02834,1.02845,1.50,1.73
2013.03.04 12:43:55.335,1.02832,1.02844,3.53,1.73
2013.03.04 12:43:55.755,1.02832,1.02843,1.88,2.85
2013.03.04 12:43:57.806,1.02833,1.02843,1.13,3.23
2013.03.04 12:44:00.155,1.02834,1.02843,1.13,1.50
2013.03.04 12:44:00.276,1.02834,1.02844,1.88,1.73
2013.03.04 12:44:00.396,1.02832,1.02842,2.78,1.73
2013.03.04 12:44:00.695,1.02834,1.02843,1.13,2.48
2013.03.04 12:44:12.216,1.02833,1.02845,1.13,1.73
2013.03.04 12:44:18.407,1.02836,1.02846,1.65,1.73
2013.03.04 12:44:19.066,1.02838,1.02847,1.50,5.48
2013.03.04 12:44:20.326,1.02836,1.02847,2.40,5.48
2013.03.04 12:44:21.437,1.02838,1.02847,1.50,6.23
2013.03.04 12:44:26.036,1.02837,1.02847,1.20,4.73
2013.03.04 12:44:26.340,1.02841,1.02851,2.40,2.67
2013.03.04 12:44:26.409,1.02841,1.02849,1.50,1.73
2013.03.04 12:44:26.479,1.02839,1.02849,1.88,1.73
2013.03.04 12:44:26.606,1.02838,1.02849,6.00,1.35
2013.03.04 12:44:26.726,1.02838,1.02849,5.63,1.35
2013.03.04 12:44:27.278,1.02838,1.02849,3.38,2.48
2013.03.04 12:44:28.347,1.02838,1.0285,3.38,2.48
2013.03.04 12:44:30.767,1.02838,1.02848,1.88,1.73
2013.03.04 12:44:31.305,1.02838,1.0285,2.63,2.48
2013.03.04 12:44:32.652,1.02838,1.02849,1.88,2.48
2013.03.04 12:44:33.067,1.02838,1.02847,1.88,1.50
2013.03.04 12:44:35.505,1.02838,1.02847,1.88,1.50
2013.03.04 12:44:36.046,1.02838,1.02848,2.63,1.73
2013.03.04 12:44:42.406,1.02838,1.02848,1.88,2.85
2013.03.04 12:44:42.465,1.02838,1.02847,1.88,1.50
2013.03.04 12:44:43.016,1.02838,1.02847,1.88,1.50
2013.03.04 12:44:43.965,1.02837,1.02846,1.13,1.13
2013.03.04 12:44:55.175,1.02837,1.02846,1.28,1.13
2013.03.04 12:45:09.990,1.02834,1.02844,1.88,1.35
2013.03.04 12:45:10.178,1.02833,1.02842,1.88,1.50
2013.03.04 12:45:10.299,1.02829,1.02839,3.38,2.48
2013.03.04 12:45:10.439,1.02827,1.02839,3.00,3.08
2013.03.04 12:45:10.626,1.02824,1.02833,1.13,1.73
2013.03.04 12:45:10.746,1.02823,1.02833,1.50,2.48
2013.03.04 12:45:11.070,1.02819,1.0283,2.25,1.73
2013.03.04 12:45:11.202,1.02817,1.02827,2.25,1.73
2013.03.04 12:45:11.266,1.02818,1.02827,1.13,1.73
2013.03.04 12:45:11.626,1.02813,1.02824,3.75,1.73
2013.03.04 12:45:11.808,1.02812,1.02824,2.63,1.73
2013.03.04 12:45:11.936,1.02812,1.02824,2.63,1.73
2013.03.04 12:45:12.445,1.02812,1.02824,2.63,2.48
2013.03.04 12:45:12.746,1.02811,1.02822,1.13,2.48
2013.03.04 12:45:12.806,1.02812,1.02822,1.13,2.48
2013.03.04 12:45:22.929,1.02811,1.02822,1.88,2.48
2013.03.04 12:45:25.715,1.02811,1.02822,1.88,1.73
2013.03.04 12:45:27.366,1.02811,1.02821,1.88,1.73
2013.03.04 12:45:30.136,1.02811,1.02823,1.88,4.35
2013.03.04 12:45:32.099,1.0281,1.02822,2.63,2.48
2013.03.04 12:45:33.846,1.02811,1.02822,1.13,3.23
2013.03.04 12:45:34.148,1.02817,1.02825,1.50,2.10
2013.03.04 12:45:34.206,1.02814,1.02825,1.88,2.10
2013.03.04 12:45:34.895,1.02814,1.02823,1.13,1.73
2013.03.04 12:45:35.624,1.02813,1.02823,1.13,1.73
2013.03.04 12:45:36.536,1.02813,1.02823,1.13,1.73
2013.03.04 12:45:41.956,1.02813,1.02823,1.13,1.73
2013.03.04 12:45:45.226,1.02813,1.02822,1.88,1.50
2013.03.04 12:45:45.686,1.02812,1.02822,2.63,1.50
2013.03.04 12:45:55.019,1.02812,1.02822,3.38,1.50
2013.03.04 12:45:57.125,1.02812,1.02824,3.38,2.48
2013.03.04 12:46:02.055,1.02812,1.02824,3.38,2.48
2013.03.04 12:46:02.846,1.02813,1.02824,1.13,2.48
2013.03.04 12:46:07.875,1.02814,1.02823,1.13,1.13
2013.03.04 12:46:08.186,1.02814,1.02823,1.13,1.73
2013.03.04 12:46:08.305,1.02814,1.02824,1.13,1.35
2013.03.04 12:46:16.355,1.02812,1.02824,1.13,2.10
2013.03.04 12:46:38.572,1.02813,1.02824,1.13,1.73
2013.03.04 12:46:41.046,1.02812,1.02824,1.28,1.73
2013.03.04 12:46:56.056,1.02813,1.02824,1.13,1.35
2013.03.04 12:46:56.115,1.02814,1.02824,3.00,1.35
2013.03.04 12:46:57.216,1.02813,1.02824,1.13,3.00
2013.03.04 12:46:58.416,1.02812,1.02823,1.88,1.50
2013.03.04 12:47:00.186,1.02812,1.02823,2.63,1.13
2013.03.04 12:47:00.744,1.02813,1.02824,1.13,2.25
2013.03.04 12:47:01.298,1.02812,1.02824,3.38,3.00
2013.03.04 12:47:04.226,1.02812,1.02823,2.63,2.63
2013.03.04 12:47:04.766,1.0281,1.02823,1.88,4.50
2013.03.04 12:47:15.695,1.02812,1.02823,2.63,3.60
2013.03.04 12:47:25.245,1.02812,1.02823,1.88,2.85
2013.03.04 12:47:30.327,1.02809,1.02821,2.03,1.35
2013.03.04 12:47:33.025,1.02809,1.02823,1.50,5.10
2013.03.04 12:47:33.786,1.02808,1.02822,2.93,1.73
2013.03.04 12:47:37.965,1.02809,1.02821,3.00,1.35
2013.03.04 12:47:46.347,1.0281,1.02822,1.13,1.35
2013.03.04 12:48:01.686,1.02811,1.02821,4.13,1.13
2013.03.04 12:48:01.750,1.02812,1.02823,1.13,2.63
2013.03.04 12:48:02.355,1.02812,1.02823,1.13,2.63
2013.03.04 12:48:10.746,1.02811,1.02823,4.13,3.98
2013.03.04 12:48:12.015,1.02811,1.02822,1.88,2.48
2013.03.04 12:48:25.440,1.02812,1.02822,4.13,1.13
2013.03.04 12:48:25.509,1.02812,1.02824,4.13,1.13
2013.03.04 12:48:26.587,1.02813,1.02825,1.50,2.10
2013.03.04 12:48:37.311,1.02814,1.02826,1.50,2.85
2013.03.04 12:48:43.685,1.02813,1.02825,1.50,1.35
2013.03.04 12:48:46.404,1.02812,1.02826,5.63,3.60
2013.03.04 12:48:51.075,1.02813,1.02825,1.13,1.35
2013.03.04 12:49:05.606,1.02814,1.02824,1.13,1.73
2013.03.04 12:49:08.108,1.02814,1.02825,1.88,1.73
2013.03.04 12:49:14.117,1.02814,1.02825,2.03,1.73
2013.03.04 12:49:14.297,1.02817,1.02827,3.75,1.88
2013.03.04 12:49:14.357,1.02818,1.02829,1.13,1.73
2013.03.04 12:49:14.535,1.0282,1.02832,1.50,2.48
2013.03.04 12:49:14.896,1.02822,1.02833,1.50,2.25
2013.03.04 12:49:14.957,1.02822,1.02833,1.88,1.50
2013.03.04 12:49:17.462,1.02822,1.02836,3.38,3.98
2013.03.04 12:49:19.666,1.02822,1.02836,2.63,3.98
2013.03.04 12:49:20.217,1.02822,1.02836,3.38,3.98
2013.03.04 12:49:20.901,1.02823,1.02835,1.88,1.73
2013.03.04 12:49:30.957,1.02823,1.02835,1.28,1.73
2013.03.04 12:49:36.586,1.02823,1.02835,2.63,1.73
2013.03.04 12:49:37.165,1.02823,1.02835,1.88,1.73
2013.03.04 12:49:39.285,1.02824,1.02835,1.50,1.73
2013.03.04 12:49:57.878,1.02823,1.02833,1.50,2.25
2013.03.04 12:49:57.947,1.02822,1.02833,1.13,3.98
2013.03.04 12:49:58.125,1.02821,1.02833,1.13,3.60
2013.03.04 12:49:58.306,1.02818,1.02831,1.88,3.60
2013.03.04 12:49:58.856,1.02817,1.0283,4.13,2.48
2013.03.04 12:50:00.128,1.02818,1.02831,1.88,2.85
2013.03.04 12:50:00.185,1.0282,1.02831,1.50,2.85
2013.03.04 12:50:00.546,1.02821,1.02832,2.63,1.35
2013.03.04 12:50:04.078,1.02823,1.02834,1.88,1.35
2013.03.04 12:50:08.469,1.02823,1.02835,2.63,3.60
2013.03.04 12:50:08.847,1.02825,1.02835,1.50,2.10
2013.03.04 12:50:18.997,1.02826,1.02835,1.50,1.35
2013.03.04 12:50:32.220,1.02827,1.02836,3.90,1.35
2013.03.04 12:50:32.286,1.02827,1.02837,5.03,1.35
2013.03.04 12:50:32.528,1.02829,1.0284,2.25,1.35
2013.03.04 12:50:32.767,1.02832,1.02845,2.03,2.85
2013.03.04 12:50:32.827,1.02833,1.02845,1.88,2.10
2013.03.04 12:50:33.367,1.02835,1.02845,1.50,2.10
2013.03.04 12:50:39.254,1.02834,1.02845,1.50,1.35
2013.03.04 12:50:45.016,1.02834,1.02846,1.50,2.14
2013.03.04 12:50:45.528,1.02834,1.02846,1.50,2.14
2013.03.04 12:50:46.056,1.02834,1.02846,1.88,2.14
2013.03.04 12:50:46.238,1.02837,1.02848,2.78,4.73
2013.03.04 12:50:46.786,1.02838,1.02851,1.88,4.73
2013.03.04 12:50:47.577,1.02839,1.02851,1.50,5.47
2013.03.04 12:50:47.696,1.02843,1.02852,1.50,1.73
2013.03.04 12:50:47.878,1.02846,1.02854,1.65,2.85
2013.03.04 12:50:48.417,1.02847,1.02857,3.23,1.13
2013.03.04 12:50:50.957,1.02848,1.02859,2.63,1.73
2013.03.04 12:50:54.257,1.02848,1.02858,1.88,1.73
2013.03.04 12:50:55.695,1.02848,1.02858,3.00,1.73
2013.03.04 12:51:03.348,1.02848,1.02858,4.13,1.73
2013.03.04 12:51:09.006,1.02848,1.02859,4.13,1.73
2013.03.04 12:51:10.150,1.02848,1.02859,3.00,1.73
2013.03.04 12:51:19.403,1.02848,1.02858,2.63,2.10
2013.03.04 12:51:29.437,1.02848,1.02856,2.63,3.90
2013.03.04 12:51:29.796,1.02841,1.02851,2.63,1.50
2013.03.04 12:51:29.856,1.02842,1.0285,1.50,1.50
2013.03.04 12:51:30.230,1.02838,1.0285,2.63,1.73
2013.03.04 12:51:30.778,1.02838,1.02849,3.38,2.48
2013.03.04 12:51:33.218,1.02838,1.02849,2.63,2.10
2013.03.04 12:51:33.550,1.02838,1.02848,1.88,3.23
2013.03.04 12:51:33.738,1.02836,1.02846,4.50,1.50
2013.03.04 12:51:34.040,1.02835,1.02846,1.13,1.73
2013.03.04 12:51:40.168,1.02833,1.02843,4.50,1.73
2013.03.04 12:51:40.227,1.02833,1.02843,1.50,1.73
2013.03.04 12:51:43.020,1.02832,1.02843,2.63,3.98
2013.03.04 12:51:52.738,1.02836,1.02843,2.48,1.13
2013.03.04 12:51:52.856,1.02836,1.02847,3.98,1.73
2013.03.04 12:51:52.980,1.02838,1.02849,1.50,1.35
2013.03.04 12:51:53.527,1.02839,1.02849,1.13,1.35
2013.03.04 12:51:54.247,1.02839,1.0285,1.88,2.10
2013.03.04 12:51:55.188,1.0284,1.02851,1.13,1.35
2013.03.04 12:52:00.495,1.02841,1.02852,1.50,2.85
2013.03.04 12:52:01.026,1.0284,1.02851,1.13,1.35
2013.03.04 12:52:16.586,1.02839,1.02849,1.88,1.35
2013.03.04 12:52:16.767,1.02839,1.02849,1.88,1.35
2013.03.04 12:52:17.069,1.02839,1.0285,1.13,2.85
2013.03.04 12:52:18.681,1.02839,1.0285,1.88,2.85
2013.03.04 12:52:27.237,1.0284,1.02851,1.13,1.73
2013.03.04 12:52:29.780,1.02838,1.02849,2.25,2.85
2013.03.04 12:52:31.899,1.02838,1.02849,1.13,2.48
2013.03.04 12:52:34.962,1.02836,1.02846,1.65,1.35
2013.03.04 12:52:35.213,1.02835,1.02845,1.50,1.35
2013.03.04 12:52:42.198,1.02832,1.02843,3.00,2.48
2013.03.04 12:52:42.318,1.02832,1.0284,1.13,1.73
2013.03.04 12:52:42.377,1.02831,1.0284,1.50,1.73
2013.03.04 12:52:42.926,1.02829,1.0284,1.88,3.23
2013.03.04 12:52:43.106,1.0283,1.02842,1.88,2.85
2013.03.04 12:52:43.662,1.02832,1.02843,1.50,4.35
2013.03.04 12:52:49.068,1.02832,1.02843,1.88,4.35
2013.03.04 12:52:49.916,1.02832,1.02843,1.13,3.38
2013.03.04 12:52:50.491,1.02831,1.02841,1.13,1.73
2013.03.04 12:52:50.677,1.0283,1.02839,1.13,1.35
2013.03.04 12:52:52.177,1.02831,1.0284,2.25,1.35
2013.03.04 12:52:54.916,1.02832,1.02843,1.50,3.23
2013.03.04 12:53:01.756,1.02831,1.02843,2.25,4.88
2013.03.04 12:53:10.546,1.0283,1.0284,1.13,1.73
2013.03.04 12:53:11.577,1.02829,1.0284,1.13,2.85
2013.03.04 12:53:12.207,1.02828,1.02838,1.13,1.73
2013.03.04 12:53:12.737,1.02828,1.02838,1.13,1.73
2013.03.04 12:53:16.651,1.02828,1.02839,1.13,2.48
2013.03.04 12:53:16.722,1.02826,1.02838,3.53,2.85
2013.03.04 12:53:17.266,1.02826,1.02837,1.88,1.13
2013.03.04 12:53:17.966,1.02826,1.02838,1.88,2.85
2013.03.04 12:53:23.717,1.02827,1.02838,2.25,2.85
2013.03.04 12:53:24.077,1.02828,1.02839,1.88,1.35
2013.03.04 12:53:27.008,1.02825,1.02838,2.63,2.25
2013.03.04 12:53:27.076,1.02825,1.02837,2.03,1.73
2013.03.04 12:53:28.339,1.02826,1.02838,1.50,2.85
2013.03.04 12:53:28.408,1.02826,1.02838,2.40,1.35
2013.03.04 12:53:28.963,1.02828,1.02839,1.13,3.60
2013.03.04 12:53:30.327,1.0283,1.0284,1.13,2.48
2013.03.04 12:53:40.326,1.02831,1.02842,1.88,3.60
2013.03.04 12:53:50.058,1.02832,1.02844,1.88,2.48
2013.03.04 12:53:50.607,1.02832,1.02844,3.38,1.73
2013.03.04 12:53:59.927,1.02833,1.02844,1.88,1.35
2013.03.04 12:54:10.026,1.02834,1.02845,1.13,2.10
2013.03.04 12:54:10.567,1.02833,1.02844,1.88,1.35
2013.03.04 12:54:15.188,1.02833,1.02844,1.88,1.35
2013.03.04 12:54:19.706,1.02833,1.02844,1.88,1.35
2013.03.04 12:54:20.256,1.02833,1.02845,1.88,1.35
2013.03.04 12:54:25.995,1.02833,1.02845,1.88,1.35
2013.03.04 12:54:39.546,1.02833,1.02846,1.50,2.85
2013.03.04 12:54:44.665,1.02834,1.02845,1.50,1.35
2013.03.04 12:54:47.348,1.02834,1.02844,2.03,1.35
2013.03.04 12:54:47.467,1.02837,1.02846,1.50,1.13
2013.03.04 12:54:54.118,1.02837,1.02846,1.88,1.50
2013.03.04 12:54:56.288,1.02837,1.02848,1.88,2.25
2013.03.04 12:54:56.867,1.02838,1.02849,2.10,2.40
2013.03.04 12:54:56.927,1.0284,1.0285,1.13,2.85
2013.03.04 12:55:05.277,1.02837,1.02847,3.15,1.50
2013.03.04 12:55:09.484,1.02837,1.02848,2.03,1.73
2013.03.04 12:55:10.159,1.02837,1.02848,2.78,2.48
2013.03.04 12:55:11.446,1.02838,1.02848,1.50,1.73
2013.03.04 12:55:21.437,1.02838,1.02848,1.50,1.73
2013.03.04 12:55:25.197,1.02837,1.02848,2.03,2.25
2013.03.04 12:55:26.138,1.02837,1.02848,1.65,2.63
2013.03.04 12:55:26.257,1.02836,1.02847,1.50,1.50
2013.03.04 12:55:26.618,1.02832,1.02842,1.88,1.35
2013.03.04 12:55:28.978,1.02832,1.02844,2.63,2.85
2013.03.04 12:55:29.036,1.02832,1.02844,3.38,1.35
2013.03.04 12:55:29.609,1.02832,1.02843,1.13,1.73
2013.03.04 12:55:34.269,1.02832,1.02843,1.88,2.48
2013.03.04 12:55:36.948,1.02828,1.0284,3.38,2.25
2013.03.04 12:55:37.008,1.02828,1.0284,1.88,2.25
2013.03.04 12:55:37.556,1.02828,1.0284,3.38,2.25
2013.03.04 12:55:37.736,1.0283,1.02838,1.50,1.73
2013.03.04 12:55:41.546,1.02829,1.0284,1.88,1.73
2013.03.04 12:55:46.497,1.02829,1.02839,1.13,1.50
2013.03.04 12:55:46.797,1.02827,1.02837,2.25,1.73
2013.03.04 12:55:46.917,1.02827,1.02837,1.50,2.25
2013.03.04 12:55:46.978,1.02824,1.02837,4.13,1.50
2013.03.04 12:55:47.517,1.02825,1.02837,1.50,1.50
2013.03.04 12:55:49.624,1.02826,1.02837,1.50,1.50
2013.03.04 12:55:49.809,1.02827,1.02837,3.00,1.50
2013.03.04 12:55:49.942,1.02827,1.02838,1.50,1.88
2013.03.04 12:55:50.487,1.02825,1.02837,1.88,1.50
2013.03.04 12:55:52.882,1.02825,1.02836,1.88,1.50
2013.03.04 12:56:01.256,1.02825,1.02835,2.25,1.35
2013.03.04 12:56:01.377,1.02825,1.02837,1.50,1.88
2013.03.04 12:56:01.917,1.02826,1.02837,2.25,1.35
2013.03.04 12:56:02.837,1.02828,1.02837,1.50,1.35
2013.03.04 12:56:07.478,1.02827,1.02836,1.50,1.13
2013.03.04 12:56:07.537,1.02827,1.02838,2.25,1.35
2013.03.04 12:56:07.836,1.02829,1.02838,1.50,1.35
2013.03.04 12:56:08.376,1.0283,1.02842,2.25,3.00
2013.03.04 12:56:09.154,1.0283,1.02841,1.50,2.48
2013.03.04 12:56:12.826,1.0283,1.02838,1.50,2.10
2013.03.04 12:56:13.067,1.02826,1.02837,2.78,1.13
2013.03.04 12:56:13.628,1.02826,1.02837,3.53,1.88
2013.03.04 12:56:17.757,1.02828,1.02839,1.88,1.73
2013.03.04 12:56:18.296,1.02828,1.0284,3.38,1.73
2013.03.04 12:56:25.967,1.02828,1.02838,1.88,1.35
2013.03.04 12:56:26.493,1.02829,1.02839,1.13,2.85
2013.03.04 12:56:33.267,1.02827,1.02838,2.63,3.23
2013.03.04 12:56:39.664,1.02826,1.02834,2.40,1.50
2013.03.04 12:56:39.790,1.02824,1.02833,3.75,1.73
2013.03.04 12:56:40.336,1.02824,1.02833,1.50,2.85
2013.03.04 12:56:50.658,1.02824,1.02833,1.50,1.73
2013.03.04 12:56:54.817,1.02823,1.02834,1.50,1.73
2013.03.04 12:56:55.367,1.02823,1.02833,1.88,1.73
2013.03.04 12:56:58.847,1.02823,1.02834,1.88,2.10
2013.03.04 12:57:06.597,1.02824,1.02834,1.88,1.73
2013.03.04 12:57:08.506,1.02824,1.02834,1.50,1.35
2013.03.04 12:57:20.687,1.02823,1.02834,1.50,1.35
2013.03.04 12:57:21.567,1.02822,1.02834,4.50,2.85
2013.03.04 12:57:22.518,1.02822,1.02834,4.50,2.10
2013.03.04 12:57:25.427,1.02823,1.02834,1.88,1.35
2013.03.04 12:57:25.727,1.02822,1.02831,2.25,1.35
2013.03.04 12:57:26.088,1.0282,1.0283,1.13,2.10
2013.03.04 12:57:26.148,1.0282,1.02829,1.13,2.48
2013.03.04 12:57:29.017,1.02818,1.02827,1.50,1.88
2013.03.04 12:57:30.297,1.02818,1.02827,1.50,1.13
2013.03.04 12:57:30.848,1.02818,1.02827,1.13,1.13
2013.03.04 12:57:31.232,1.02818,1.02827,1.13,1.88
2013.03.04 12:57:34.330,1.02815,1.02826,1.88,1.73
2013.03.04 12:57:34.579,1.02817,1.02827,1.88,1.73
2013.03.04 12:57:34.709,1.02818,1.02828,1.88,1.35
2013.03.04 12:57:34.905,1.02818,1.02829,1.13,2.10
2013.03.04 12:57:34.979,1.02817,1.02829,3.38,2.10
2013.03.04 12:57:35.507,1.02818,1.02829,1.88,1.35
2013.03.04 12:57:35.927,1.02818,1.02829,1.88,1.35
2013.03.04 12:57:36.262,1.02821,1.02829,1.50,1.35
2013.03.04 12:57:37.639,1.02822,1.02831,1.50,1.35
2013.03.04 12:57:40.158,1.02819,1.02831,1.88,2.85
2013.03.04 12:57:40.478,1.02818,1.0283,1.50,2.48
2013.03.04 12:57:45.447,1.02818,1.02829,1.50,2.48
2013.03.04 12:57:49.888,1.02817,1.02828,1.88,1.35
2013.03.04 12:57:50.127,1.02815,1.02827,1.50,2.10
2013.03.04 12:58:00.449,1.02814,1.02825,2.25,1.73
2013.03.04 12:58:03.637,1.02814,1.02823,1.88,1.65
2013.03.04 12:58:03.996,1.02813,1.02823,1.50,2.63
2013.03.04 12:58:08.517,1.02818,1.02828,1.50,1.35
2013.03.04 12:58:09.070,1.02818,1.0283,4.13,1.35
2013.03.04 12:58:09.687,1.02818,1.0283,3.38,1.35
2013.03.04 12:58:22.644,1.02818,1.0283,2.63,2.10
2013.03.04 12:58:35.368,1.02818,1.0283,1.88,2.10
2013.03.04 12:58:41.592,1.02818,1.02829,3.38,1.35
2013.03.04 12:58:43.690,1.02819,1.02829,1.88,1.35
2013.03.04 12:58:44.199,1.02819,1.0283,1.13,1.35
2013.03.04 12:58:51.017,1.02819,1.0283,2.63,1.35
2013.03.04 12:58:52.007,1.0282,1.02831,2.63,2.10
2013.03.04 12:58:52.567,1.0282,1.02831,1.88,1.35
2013.03.04 12:58:52.748,1.02821,1.02831,1.50,1.35
2013.03.04 12:59:02.911,1.02822,1.02832,2.63,1.13
2013.03.04 12:59:02.978,1.02822,1.02834,3.38,3.23
2013.03.04 12:59:03.103,1.02823,1.02834,2.25,1.73
2013.03.04 12:59:13.877,1.02825,1.02836,1.13,2.10
2013.03.04 12:59:17.620,1.02825,1.02836,1.28,1.35
2013.03.04 12:59:17.766,1.02826,1.02837,3.53,1.13
2013.03.04 12:59:24.108,1.02827,1.02838,1.65,2.10
2013.03.04 12:59:36.588,1.02827,1.02839,1.88,1.35
2013.03.04 12:59:36.768,1.02829,1.0284,2.25,1.35
2013.03.04 12:59:37.077,1.02831,1.0284,1.50,1.35
2013.03.04 12:59:37.439,1.02834,1.02843,1.50,1.13
2013.03.04 12:59:41.211,1.02834,1.02846,1.88,2.10
2013.03.04 12:59:45.506,1.02834,1.02845,1.13,2.10
2013.03.04 12:59:47.151,1.02834,1.02846,2.63,2.85
2013.03.04 12:59:50.327,1.02834,1.02845,3.38,1.35
2013.03.04 12:59:50.508,1.02836,1.02847,4.13,1.35
2013.03.04 12:59:52.018,1.02837,1.02849,3.53,1.73
2013.03.04 12:59:53.367,1.02838,1.02851,2.63,1.73
2013.03.04 12:59:53.454,1.02841,1.02851,1.88,1.73
2013.03.04 12:59:53.698,1.02842,1.02853,1.13,1.73
2013.03.04 12:59:53.937,1.02842,1.02853,1.88,1.73
2013.03.04 12:59:59.140,1.02844,1.02854,1.13,2.10
