2009.11.20 10:00:00.032,1.06695,1.0671,2.40,1.60
2009.11.20 10:00:00.202,1.06705,1.0671,1.00,1.60
2009.11.20 10:00:00.431,1.06705,1.06715,1.00,1.60
2009.11.20 10:00:00.781,1.06705,1.06725,1.00,3.20
2009.11.20 10:00:02.641,1.06705,1.0672,1.00,1.60
2009.11.20 10:00:04.350,1.06705,1.0672,1.00,1.60
2009.11.20 10:00:05.660,1.06705,1.0672,1.00,1.60
2009.11.20 10:00:07.390,1.06705,1.0672,1.00,1.60
2009.11.20 10:00:08.570,1.06705,1.06725,1.00,3.20
2009.11.20 10:00:10.129,1.06715,1.0673,1.60,1.60
2009.11.20 10:00:10.479,1.06715,1.06735,1.60,2.30
2009.11.20 10:00:11.519,1.06715,1.06735,1.60,2.30
2009.11.20 10:00:11.859,1.0671,1.0673,1.60,3.20
2009.11.20 10:00:12.258,1.067,1.06715,2.00,1.60
2009.11.20 10:00:12.898,1.06705,1.06715,1.00,1.60
2009.11.20 10:00:14.528,1.06705,1.0672,2.10,1.60
2009.11.20 10:00:14.858,1.0671,1.0673,1.60,1.00
2009.11.20 10:00:15.158,1.0671,1.06735,1.60,7.90
2009.11.20 10:00:15.538,1.0671,1.06735,1.60,6.40
2009.11.20 10:00:15.887,1.0671,1.06735,2.40,3.60
2009.11.20 10:00:16.228,1.0671,1.06735,1.60,5.20
2009.11.20 10:00:16.637,1.0671,1.06735,1.60,5.60
2009.11.20 10:00:16.928,1.0671,1.06735,2.40,4.00
2009.11.20 10:00:17.327,1.0671,1.06735,2.40,8.40
2009.11.20 10:00:17.677,1.0671,1.06735,1.60,10.00
2009.11.20 10:00:19.887,1.0671,1.06735,1.60,10.80
2009.11.20 10:00:20.927,1.0671,1.06735,2.40,6.00
2009.11.20 10:00:21.276,1.0671,1.0673,1.60,1.60
2009.11.20 10:00:24.156,1.06705,1.0673,2.60,6.40
2009.11.20 10:00:25.555,1.06705,1.0673,3.70,3.20
2009.11.20 10:00:25.895,1.0671,1.06735,1.60,8.80
2009.11.20 10:00:27.585,1.0671,1.0673,1.60,1.60
2009.11.20 10:00:27.805,1.0671,1.0673,1.60,3.20
2009.11.20 10:00:28.045,1.06705,1.0673,3.90,3.20
2009.11.20 10:00:28.335,1.06705,1.0673,3.80,6.40
2009.11.20 10:00:30.414,1.06705,1.06725,3.80,1.60
2009.11.20 10:00:31.084,1.06705,1.0673,3.80,6.40
2009.11.20 10:00:33.034,1.0671,1.0673,1.00,6.40
2009.11.20 10:00:33.274,1.0671,1.0673,2.40,1.60
2009.11.20 10:00:33.443,1.06705,1.06725,2.70,3.20
2009.11.20 10:00:34.053,1.067,1.0672,1.60,1.60
2009.11.20 10:00:34.343,1.06695,1.0672,1.60,1.60
2009.11.20 10:00:35.833,1.06695,1.06725,1.60,6.80
2009.11.20 10:00:37.942,1.067,1.06725,1.60,6.80
2009.11.20 10:00:38.342,1.06705,1.06725,2.40,5.20
2009.11.20 10:00:38.512,1.06705,1.06725,4.00,1.00
2009.11.20 10:00:38.682,1.06705,1.0673,4.00,6.40
2009.11.20 10:00:42.631,1.06715,1.0673,1.60,3.20
2009.11.20 10:00:42.861,1.0671,1.0673,3.20,3.20
2009.11.20 10:00:43.141,1.0671,1.0673,2.40,3.20
2009.11.20 10:00:43.421,1.0671,1.06735,2.40,2.40
2009.11.20 10:00:43.711,1.06715,1.06735,1.60,1.00
2009.11.20 10:00:44.001,1.0671,1.06735,2.40,2.40
2009.11.20 10:00:44.351,1.0671,1.06735,2.40,3.20
2009.11.20 10:00:45.321,1.0671,1.06735,2.40,8.00
2009.11.20 10:00:45.611,1.0671,1.06735,2.40,4.80
2009.11.20 10:00:46.910,1.0671,1.06735,2.40,3.60
2009.11.20 10:00:47.270,1.0671,1.06735,2.40,2.00
2009.11.20 10:00:49.749,1.0671,1.06735,2.40,2.20
2009.11.20 10:00:51.649,1.0671,1.06735,2.40,2.00
2009.11.20 10:00:53.399,1.06715,1.06735,1.60,1.00
2009.11.20 10:00:53.569,1.06715,1.0674,4.00,3.20
2009.11.20 10:00:53.909,1.0672,1.0674,1.60,1.60
2009.11.20 10:00:57.018,1.06715,1.0674,3.20,1.60
2009.11.20 10:00:57.238,1.06715,1.0673,1.60,1.60
2009.11.20 10:01:07.536,1.0672,1.0673,1.60,1.60
2009.11.20 10:01:08.696,1.0672,1.0673,2.40,1.60
2009.11.20 10:01:08.875,1.0672,1.0674,2.40,1.00
2009.11.20 10:01:09.105,1.0672,1.06745,2.40,6.80
2009.11.20 10:01:09.505,1.0672,1.06745,2.40,6.40
2009.11.20 10:01:15.863,1.06725,1.06745,8.30,4.80
2009.11.20 10:01:16.203,1.06735,1.06765,1.00,5.60
2009.11.20 10:01:16.533,1.06725,1.0676,2.50,9.00
2009.11.20 10:01:16.863,1.0672,1.0676,2.20,17.70
2009.11.20 10:01:17.912,1.06725,1.06745,1.90,1.00
2009.11.20 10:01:18.083,1.06725,1.06745,1.60,1.30
2009.11.20 10:01:18.362,1.06725,1.0675,1.60,1.60
2009.11.20 10:01:18.932,1.06725,1.06755,1.60,15.40
2009.11.20 10:01:19.172,1.06725,1.06755,1.60,15.90
2009.11.20 10:01:19.392,1.06725,1.06755,1.60,16.70
2009.11.20 10:01:19.792,1.06725,1.0675,1.60,1.60
2009.11.20 10:01:23.811,1.0673,1.06755,1.60,16.90
2009.11.20 10:01:25.161,1.0673,1.06755,1.60,8.80
2009.11.20 10:01:25.501,1.0673,1.06755,1.60,7.20
2009.11.20 10:01:25.791,1.0673,1.06755,1.60,6.80
2009.11.20 10:01:27.420,1.0673,1.06755,1.60,6.00
2009.11.20 10:01:28.790,1.0673,1.06755,1.60,5.60
2009.11.20 10:01:29.250,1.0673,1.06755,1.60,3.20
2009.11.20 10:01:30.290,1.06735,1.06755,1.60,1.60
2009.11.20 10:01:30.620,1.06735,1.06765,7.20,1.60
2009.11.20 10:01:30.970,1.0673,1.0677,10.40,10.80
2009.11.20 10:01:31.490,1.0673,1.0677,13.30,6.40
2009.11.20 10:01:31.830,1.0673,1.0677,11.70,11.20
2009.11.20 10:01:32.010,1.0673,1.06765,11.70,1.60
2009.11.20 10:01:35.788,1.0674,1.06765,1.60,1.60
2009.11.20 10:01:36.468,1.0673,1.0677,13.30,11.20
2009.11.20 10:01:37.278,1.0673,1.0677,19.20,6.40
2009.11.20 10:01:37.328,1.06735,1.0677,12.80,6.40
2009.11.20 10:01:39.358,1.0673,1.06765,19.20,1.60
2009.11.20 10:01:39.758,1.0674,1.0677,1.60,11.20
2009.11.20 10:01:40.517,1.0674,1.06765,1.60,1.60
2009.11.20 10:01:40.797,1.0674,1.0677,3.70,3.20
2009.11.20 10:01:41.037,1.06745,1.0677,1.60,7.20
2009.11.20 10:01:41.317,1.0674,1.0677,4.50,3.20
2009.11.20 10:01:41.557,1.06745,1.06775,3.20,10.40
2009.11.20 10:01:41.907,1.06745,1.06775,3.20,6.40
2009.11.20 10:01:42.607,1.0674,1.0677,5.80,1.60
2009.11.20 10:01:42.847,1.06745,1.0677,3.40,1.60
2009.11.20 10:01:43.247,1.0674,1.0677,7.90,1.60
2009.11.20 10:01:43.477,1.0674,1.0677,3.10,1.60
2009.11.20 10:01:43.716,1.06745,1.0677,3.40,1.60
2009.11.20 10:01:44.007,1.06745,1.0677,3.40,1.60
2009.11.20 10:01:44.306,1.0675,1.0677,1.60,4.80
2009.11.20 10:01:44.596,1.06745,1.0677,3.40,4.80
2009.11.20 10:01:44.866,1.0675,1.0677,1.60,4.80
2009.11.20 10:01:45.196,1.0675,1.0677,1.60,1.60
2009.11.20 10:01:45.786,1.0675,1.06775,1.60,10.40
2009.11.20 10:01:46.026,1.0675,1.06775,1.60,6.40
2009.11.20 10:01:46.256,1.0675,1.06775,1.60,10.40
2009.11.20 10:01:46.536,1.0675,1.0677,1.60,1.60
2009.11.20 10:01:46.776,1.0674,1.0677,2.40,1.60
2009.11.20 10:01:46.996,1.06745,1.0677,3.20,1.60
2009.11.20 10:01:47.296,1.0674,1.0677,8.50,1.60
2009.11.20 10:01:47.645,1.06745,1.06775,3.20,8.80
2009.11.20 10:01:47.985,1.06745,1.06775,3.20,6.40
2009.11.20 10:01:48.495,1.06745,1.06775,3.20,4.80
2009.11.20 10:01:48.735,1.06745,1.06775,1.60,8.80
2009.11.20 10:01:49.235,1.0675,1.06775,1.60,6.40
2009.11.20 10:01:49.585,1.0675,1.06775,1.60,10.40
2009.11.20 10:01:49.935,1.0675,1.06775,1.60,6.40
2009.11.20 10:01:50.225,1.0675,1.06775,1.60,10.40
2009.11.20 10:01:50.555,1.0675,1.0677,1.60,1.60
2009.11.20 10:01:50.835,1.0675,1.06775,1.60,6.40
2009.11.20 10:01:51.175,1.06745,1.06775,1.60,4.80
2009.11.20 10:01:51.705,1.0675,1.06775,1.60,8.80
2009.11.20 10:01:52.072,1.06745,1.06775,3.20,4.80
2009.11.20 10:01:53.054,1.06745,1.06775,1.60,8.80
2009.11.20 10:01:53.344,1.06745,1.0677,1.60,1.60
2009.11.20 10:01:53.734,1.06745,1.06775,3.40,4.80
2009.11.20 10:01:54.874,1.06745,1.06775,1.60,8.80
2009.11.20 10:01:55.584,1.06745,1.06775,1.80,12.80
2009.11.20 10:01:58.113,1.06755,1.06775,1.60,12.90
2009.11.20 10:01:58.293,1.0675,1.06775,1.60,11.30
2009.11.20 10:01:58.453,1.0675,1.06775,4.70,3.30
2009.11.20 10:01:58.573,1.06755,1.0678,1.60,5.60
2009.11.20 10:01:58.953,1.06755,1.0678,1.60,1.60
2009.11.20 10:01:59.653,1.06755,1.06785,1.60,13.70
2009.11.20 10:02:03.402,1.0677,1.06785,3.20,9.70
2009.11.20 10:02:03.632,1.0677,1.06785,4.40,1.00
2009.11.20 10:02:03.802,1.0677,1.06785,1.60,4.80
2009.11.20 10:02:04.161,1.0676,1.06785,1.60,8.80
2009.11.20 10:02:04.511,1.0676,1.0678,1.60,4.80
2009.11.20 10:02:07.975,1.06765,1.0678,1.60,1.60
2009.11.20 10:02:08.211,1.06765,1.06785,1.60,1.60
2009.11.20 10:02:08.440,1.0676,1.06785,4.50,1.60
2009.11.20 10:02:08.660,1.06765,1.06785,1.60,1.60
2009.11.20 10:02:08.890,1.06765,1.06785,1.60,4.80
2009.11.20 10:02:09.461,1.06765,1.0678,1.60,1.60
2009.11.20 10:02:09.800,1.0676,1.0678,1.60,4.80
2009.11.20 10:02:10.490,1.06765,1.0678,1.60,4.80
2009.11.20 10:02:10.840,1.0676,1.06775,1.60,1.60
2009.11.20 10:02:11.810,1.06765,1.06775,1.60,1.60
2009.11.20 10:02:12.780,1.0676,1.06775,1.60,1.60
2009.11.20 10:02:13.070,1.0676,1.0678,1.60,6.40
2009.11.20 10:02:13.359,1.0676,1.0678,1.60,4.80
2009.11.20 10:02:13.639,1.06755,1.0678,1.60,6.40
2009.11.20 10:02:13.970,1.06755,1.06775,1.60,1.60
2009.11.20 10:02:14.319,1.06755,1.0678,1.60,6.40
2009.11.20 10:02:16.189,1.06755,1.06775,1.60,1.60
2009.11.20 10:02:16.529,1.06755,1.06765,1.60,1.60
2009.11.20 10:02:16.929,1.06755,1.0678,1.60,3.60
2009.11.20 10:02:17.269,1.06755,1.0678,1.60,3.20
2009.11.20 10:02:18.009,1.0675,1.0677,4.90,1.60
2009.11.20 10:02:18.349,1.06755,1.06775,1.60,3.20
2009.11.20 10:02:18.898,1.06755,1.06775,1.60,1.60
2009.11.20 10:02:23.257,1.06755,1.06775,1.60,3.20
2009.11.20 10:02:25.666,1.06755,1.06775,1.60,1.60
2009.11.20 10:02:26.686,1.06755,1.06775,1.60,1.60
2009.11.20 10:02:27.336,1.06755,1.0678,6.10,3.20
2009.11.20 10:02:27.556,1.0676,1.0678,1.60,1.60
2009.11.20 10:02:30.145,1.06755,1.06775,3.60,1.60
2009.11.20 10:02:30.536,1.06755,1.06775,1.60,1.60
2009.11.20 10:02:31.925,1.06755,1.0678,1.60,6.40
2009.11.20 10:02:41.522,1.0676,1.0678,1.60,1.60
2009.11.20 10:02:42.562,1.0676,1.0678,1.60,4.80
2009.11.20 10:02:43.082,1.06755,1.0678,3.20,4.80
2009.11.20 10:02:43.972,1.0676,1.0678,1.60,4.80
2009.11.20 10:02:45.052,1.0677,1.0678,1.60,4.80
2009.11.20 10:02:45.172,1.0677,1.0678,7.20,4.80
2009.11.20 10:02:45.812,1.0677,1.0679,7.20,4.00
2009.11.20 10:02:46.142,1.0676,1.0678,1.60,1.60
2009.11.20 10:02:52.410,1.06765,1.0678,1.60,1.60
2009.11.20 10:02:52.940,1.06765,1.06785,1.60,6.40
2009.11.20 10:02:53.050,1.06765,1.06785,1.60,3.20
2009.11.20 10:02:54.819,1.06765,1.06785,1.60,1.60
2009.11.20 10:03:14.705,1.06765,1.0679,1.60,8.20
2009.11.20 10:03:15.204,1.06765,1.0679,1.60,5.00
2009.11.20 10:03:17.404,1.06765,1.0679,1.60,8.20
2009.11.20 10:03:23.602,1.06765,1.0679,1.60,3.40
2009.11.20 10:03:23.782,1.0677,1.0679,1.60,1.80
2009.11.20 10:03:23.902,1.0677,1.0679,1.60,1.00
2009.11.20 10:03:25.472,1.0677,1.0679,2.40,1.00
2009.11.20 10:03:25.533,1.06775,1.0679,2.00,1.00
2009.11.20 10:03:26.352,1.06775,1.0679,1.60,1.00
2009.11.20 10:03:28.830,1.0677,1.0679,1.60,1.00
2009.11.20 10:03:30.700,1.0677,1.0679,1.60,2.60
2009.11.20 10:03:31.050,1.06765,1.0679,5.20,4.20
2009.11.20 10:03:31.380,1.06765,1.0679,2.50,7.40
2009.11.20 10:03:32.559,1.06765,1.06785,1.60,4.80
2009.11.20 10:03:32.859,1.0676,1.06785,1.60,4.80
2009.11.20 10:03:33.200,1.0676,1.06785,2.40,4.80
2009.11.20 10:03:33.369,1.06765,1.06785,1.60,4.80
2009.11.20 10:03:33.540,1.0677,1.06785,1.60,4.80
2009.11.20 10:03:33.709,1.0677,1.0679,1.60,8.20
2009.11.20 10:03:33.880,1.0677,1.0679,1.60,7.40
2009.11.20 10:03:34.569,1.06765,1.0679,6.10,7.40
2009.11.20 10:03:35.479,1.06765,1.0679,6.40,7.40
2009.11.20 10:03:35.659,1.06765,1.0679,7.70,7.40
2009.11.20 10:03:35.839,1.0677,1.0679,1.60,4.20
2009.11.20 10:03:36.009,1.06765,1.0679,7.70,4.20
2009.11.20 10:03:36.699,1.0677,1.0679,1.60,4.20
2009.11.20 10:03:37.928,1.0677,1.0679,1.60,7.40
2009.11.20 10:03:40.048,1.06765,1.0678,4.00,1.60
2009.11.20 10:03:40.348,1.06765,1.0678,3.40,1.60
2009.11.20 10:03:40.637,1.06765,1.06785,1.60,1.60
2009.11.20 10:03:41.378,1.06765,1.06785,1.60,4.80
2009.11.20 10:03:42.167,1.06765,1.06785,2.10,4.80
2009.11.20 10:03:43.251,1.0677,1.06785,1.60,1.60
2009.11.20 10:03:43.647,1.0676,1.0678,4.00,1.60
2009.11.20 10:03:43.877,1.0676,1.0678,1.60,1.60
2009.11.20 10:03:44.058,1.06755,1.0678,2.80,4.80
2009.11.20 10:03:44.587,1.06755,1.0678,2.00,4.80
2009.11.20 10:03:44.927,1.0676,1.0678,1.60,6.40
2009.11.20 10:03:45.266,1.0676,1.06785,4.50,6.40
2009.11.20 10:03:46.326,1.0676,1.06785,2.90,6.40
2009.11.20 10:03:46.676,1.0676,1.0678,1.60,1.60
2009.11.20 10:03:51.945,1.06765,1.06785,1.60,8.00
2009.11.20 10:03:52.535,1.0677,1.06785,2.40,6.40
2009.11.20 10:03:53.065,1.0677,1.06785,4.00,3.20
2009.11.20 10:03:53.275,1.06765,1.0679,1.60,7.40
2009.11.20 10:03:53.514,1.06765,1.06785,1.60,1.60
2009.11.20 10:03:55.474,1.06765,1.06785,1.60,3.20
2009.11.20 10:03:55.924,1.06765,1.06785,2.10,1.60
2009.11.20 10:03:56.084,1.06765,1.06785,2.40,1.60
2009.11.20 10:03:56.594,1.0678,1.0679,1.00,4.80
2009.11.20 10:03:56.944,1.0678,1.06795,1.00,6.50
2009.11.20 10:03:57.284,1.0678,1.06795,1.00,6.50
2009.11.20 10:03:58.963,1.06785,1.0679,1.00,1.60
2009.11.20 10:03:59.133,1.0676,1.0679,2.80,6.40
2009.11.20 10:03:59.243,1.0676,1.0679,1.60,6.40
2009.11.20 10:04:02.342,1.06765,1.0679,1.80,6.40
2009.11.20 10:04:04.292,1.06765,1.0679,1.70,6.40
2009.11.20 10:04:04.642,1.06765,1.0679,1.60,6.40
2009.11.20 10:04:14.190,1.06765,1.0679,1.80,6.40
2009.11.20 10:04:16.699,1.06765,1.06785,2.00,1.60
2009.11.20 10:04:17.039,1.06765,1.06785,2.00,3.20
2009.11.20 10:04:17.269,1.0677,1.0679,1.60,8.70
2009.11.20 10:04:18.778,1.0677,1.06785,1.60,1.00
2009.11.20 10:04:19.008,1.06765,1.0678,1.00,1.60
2009.11.20 10:04:19.248,1.06755,1.0678,3.40,5.60
2009.11.20 10:04:19.638,1.06755,1.0678,3.40,10.40
2009.11.20 10:04:24.937,1.0676,1.0678,1.60,5.60
2009.11.20 10:04:25.527,1.06765,1.06785,2.40,1.00
2009.11.20 10:04:25.707,1.0677,1.06785,1.60,1.00
2009.11.20 10:04:25.877,1.0677,1.0679,1.60,5.90
2009.11.20 10:04:26.217,1.0677,1.0679,4.00,1.00
2009.11.20 10:04:26.617,1.06775,1.0679,1.60,1.60
2009.11.20 10:04:26.966,1.0677,1.06785,1.60,1.60
2009.11.20 10:04:27.316,1.06775,1.06785,1.60,1.60
2009.11.20 10:04:27.996,1.06765,1.06785,1.60,1.60
2009.11.20 10:04:28.177,1.06765,1.06785,1.60,1.60
2009.11.20 10:04:28.286,1.0677,1.06785,1.60,1.60
2009.11.20 10:04:28.976,1.06765,1.06785,1.60,4.80
2009.11.20 10:04:29.386,1.06765,1.06785,1.60,8.00
2009.11.20 10:04:29.726,1.06765,1.0678,1.80,1.60
2009.11.20 10:04:30.066,1.06765,1.0678,1.00,1.60
2009.11.20 10:04:30.806,1.06765,1.0678,1.00,4.80
2009.11.20 10:04:31.035,1.0676,1.0678,1.60,5.50
2009.11.20 10:04:31.396,1.06755,1.0678,1.60,8.70
2009.11.20 10:04:33.035,1.06755,1.0678,1.60,5.50
2009.11.20 10:04:33.145,1.06755,1.0678,2.60,5.50
2009.11.20 10:04:33.325,1.0676,1.0678,1.60,5.50
2009.11.20 10:04:33.445,1.0676,1.0678,1.60,3.90
2009.11.20 10:04:33.615,1.0676,1.0678,1.60,2.30
2009.11.20 10:04:33.955,1.06765,1.0678,1.60,2.30
2009.11.20 10:04:34.074,1.06765,1.0678,1.60,1.00
2009.11.20 10:04:34.285,1.06765,1.0679,1.60,13.90
2009.11.20 10:04:35.145,1.06765,1.06785,1.60,1.60
2009.11.20 10:04:35.465,1.06765,1.06785,1.60,1.60
2009.11.20 10:04:36.034,1.06765,1.06785,1.60,3.20
2009.11.20 10:04:41.993,1.06765,1.06785,1.60,4.00
2009.11.20 10:04:42.213,1.06755,1.0678,2.00,10.40
2009.11.20 10:04:42.443,1.06755,1.0678,1.60,10.40
2009.11.20 10:04:42.733,1.06755,1.06775,1.60,3.20
2009.11.20 10:04:43.243,1.0675,1.06775,1.60,8.00
2009.11.20 10:04:44.042,1.0675,1.0677,1.60,1.60
2009.11.20 10:04:44.562,1.0675,1.0677,1.60,3.20
2009.11.20 10:04:44.672,1.06745,1.0677,2.50,5.50
2009.11.20 10:04:45.062,1.06745,1.0677,2.00,5.50
2009.11.20 10:04:45.752,1.06745,1.0677,1.60,5.50
2009.11.20 10:04:51.281,1.06745,1.0677,1.80,4.80
2009.11.20 10:04:51.631,1.06745,1.0677,2.00,4.80
2009.11.20 10:04:52.840,1.06745,1.0677,2.80,4.80
2009.11.20 10:04:53.120,1.06745,1.0677,2.00,5.50
2009.11.20 10:04:53.470,1.06745,1.0677,1.60,5.50
2009.11.20 10:04:58.509,1.06745,1.0677,1.80,2.30
2009.11.20 10:04:58.629,1.06745,1.0677,1.80,3.20
2009.11.20 10:04:58.749,1.06745,1.0677,1.00,6.40
2009.11.20 10:04:58.988,1.06745,1.0677,1.00,10.40
2009.11.20 10:04:59.159,1.0674,1.06765,1.60,1.00
2009.11.20 10:04:59.279,1.0674,1.06765,1.60,2.00
2009.11.20 10:04:59.858,1.0674,1.06755,1.60,1.60
2009.11.20 10:05:00.199,1.06735,1.06755,2.00,3.60
2009.11.20 10:05:00.539,1.06735,1.0675,1.00,3.20
2009.11.20 10:05:00.769,1.06735,1.0675,1.00,6.00
2009.11.20 10:05:00.998,1.06725,1.06745,6.80,1.60
2009.11.20 10:05:01.178,1.06725,1.06745,3.00,1.60
2009.11.20 10:05:01.648,1.06725,1.06745,2.50,1.60
2009.11.20 10:05:03.408,1.06735,1.06755,1.00,3.60
2009.11.20 10:05:03.518,1.06735,1.06755,1.00,3.20
2009.11.20 10:05:03.978,1.06735,1.06755,1.00,4.00
2009.11.20 10:05:04.087,1.06735,1.06755,2.40,8.00
2009.11.20 10:05:04.357,1.06735,1.06755,1.00,8.00
2009.11.20 10:05:05.047,1.0673,1.06755,1.60,8.10
2009.11.20 10:05:07.447,1.0673,1.06755,1.60,3.20
2009.11.20 10:05:07.796,1.06735,1.06755,1.80,3.20
2009.11.20 10:05:08.806,1.06735,1.06755,1.70,3.20
2009.11.20 10:05:08.866,1.06735,1.06755,1.60,3.20
2009.11.20 10:05:14.395,1.06735,1.0676,6.40,1.00
2009.11.20 10:05:14.625,1.0674,1.06765,1.60,2.00
2009.11.20 10:05:15.035,1.0674,1.06765,1.60,1.60
2009.11.20 10:05:15.915,1.06735,1.06765,4.80,1.60
2009.11.20 10:05:16.255,1.0673,1.0676,4.80,1.60
2009.11.20 10:05:16.595,1.06735,1.06765,1.60,5.60
2009.11.20 10:05:16.934,1.06735,1.06765,4.80,5.60
2009.11.20 10:05:20.603,1.06735,1.06755,3.20,3.20
2009.11.20 10:05:20.724,1.0673,1.06755,1.60,9.60
2009.11.20 10:05:20.884,1.0673,1.06755,1.60,12.80
2009.11.20 10:05:21.003,1.0673,1.0675,1.60,1.60
2009.11.20 10:05:21.403,1.06725,1.0675,2.50,3.20
2009.11.20 10:05:22.553,1.06735,1.06755,1.80,4.00
2009.11.20 10:05:22.673,1.06735,1.0676,2.00,4.00
2009.11.20 10:05:22.793,1.06725,1.06765,12.50,4.40
2009.11.20 10:05:22.903,1.06735,1.06765,5.00,4.40
2009.11.20 10:05:22.963,1.06735,1.06765,5.00,4.00
2009.11.20 10:05:23.353,1.0674,1.06765,1.60,4.00
2009.11.20 10:05:23.643,1.0674,1.0677,1.60,7.20
2009.11.20 10:05:24.063,1.06735,1.0677,7.00,7.20
2009.11.20 10:05:24.343,1.0674,1.06765,1.60,4.00
2009.11.20 10:05:24.573,1.0674,1.06765,1.60,5.60
2009.11.20 10:05:24.803,1.0674,1.06765,1.60,1.60
2009.11.20 10:05:25.142,1.0674,1.06765,1.60,4.00
2009.11.20 10:05:27.402,1.06735,1.0676,1.60,4.00
2009.11.20 10:05:28.472,1.0674,1.06765,1.60,9.70
2009.11.20 10:05:28.591,1.0674,1.06765,1.60,8.10
2009.11.20 10:05:38.609,1.0674,1.0676,1.60,1.60
2009.11.20 10:05:39.009,1.0674,1.06765,1.60,8.10
2009.11.20 10:05:52.586,1.0674,1.0676,1.60,1.00
2009.11.20 10:05:54.695,1.0674,1.0676,1.60,2.40
2009.11.20 10:05:57.685,1.0674,1.0676,1.60,1.00
2009.11.20 10:06:07.272,1.06735,1.0676,5.40,2.40
2009.11.20 10:06:08.972,1.06735,1.0676,5.60,2.40
2009.11.20 10:06:09.322,1.06735,1.0676,6.00,2.40
2009.11.20 10:06:10.181,1.06735,1.0676,2.10,2.40
2009.11.20 10:06:10.301,1.06735,1.0676,1.80,2.40
2009.11.20 10:06:10.601,1.06735,1.0676,2.00,2.40
2009.11.20 10:06:10.721,1.06735,1.0676,2.00,6.40
2009.11.20 10:06:10.832,1.06735,1.0676,1.80,6.40
2009.11.20 10:06:11.051,1.06735,1.0676,2.00,6.40
2009.11.20 10:06:11.581,1.06735,1.0676,1.80,6.40
2009.11.20 10:06:11.982,1.06735,1.0676,2.00,2.40
2009.11.20 10:06:12.331,1.06735,1.0676,2.00,6.40
2009.11.20 10:06:14.590,1.06735,1.0676,5.20,6.40
2009.11.20 10:06:14.700,1.06735,1.0676,5.20,2.40
2009.11.20 10:06:15.050,1.06735,1.0676,2.00,6.40
2009.11.20 10:06:15.410,1.06735,1.0676,5.20,2.40
2009.11.20 10:06:16.670,1.06735,1.0676,6.00,2.40
2009.11.20 10:06:16.950,1.0674,1.0676,1.60,2.40
2009.11.20 10:06:18.770,1.06735,1.0676,6.00,2.40
2009.11.20 10:06:20.149,1.06735,1.0676,5.20,2.40
2009.11.20 10:06:20.379,1.06735,1.0675,4.80,1.00
2009.11.20 10:06:20.609,1.06735,1.0676,1.60,2.40
2009.11.20 10:06:21.059,1.06735,1.0676,1.60,6.40
2009.11.20 10:06:21.759,1.0673,1.0676,1.60,8.00
2009.11.20 10:06:23.988,1.0673,1.0676,4.80,6.40
2009.11.20 10:06:24.208,1.06735,1.0676,1.60,6.40
2009.11.20 10:06:24.558,1.06735,1.0676,1.60,2.40
2009.11.20 10:06:24.838,1.0673,1.0676,6.90,2.40
2009.11.20 10:06:25.198,1.0673,1.0676,4.80,6.40
2009.11.20 10:06:26.118,1.0673,1.0676,1.60,8.00
2009.11.20 10:06:27.347,1.0673,1.0675,1.60,1.00
2009.11.20 10:06:27.577,1.06725,1.0675,2.40,2.40
2009.11.20 10:06:27.747,1.06725,1.0675,2.40,7.20
2009.11.20 10:06:29.177,1.0673,1.06755,1.60,8.80
2009.11.20 10:06:29.517,1.0673,1.0675,1.60,1.60
2009.11.20 10:06:31.616,1.0673,1.06755,1.60,8.80
2009.11.20 10:06:32.666,1.0673,1.06755,1.60,8.00
2009.11.20 10:06:34.966,1.06725,1.0675,3.70,3.20
2009.11.20 10:06:35.145,1.06725,1.0675,3.20,3.20
2009.11.20 10:06:35.325,1.06725,1.0675,3.20,6.40
2009.11.20 10:06:40.374,1.06725,1.0675,2.40,6.40
2009.11.20 10:06:41.574,1.06725,1.0675,2.40,7.20
2009.11.20 10:06:47.732,1.06725,1.0675,2.40,6.40
2009.11.20 10:06:49.132,1.06725,1.0675,2.80,6.40
2009.11.20 10:06:49.542,1.06725,1.06745,2.80,1.60
2009.11.20 10:06:50.052,1.06725,1.06745,2.60,1.60
2009.11.20 10:06:50.343,1.06725,1.0675,2.60,6.40
2009.11.20 10:06:51.932,1.06725,1.0675,3.30,3.20
2009.11.20 10:06:55.201,1.06725,1.0675,2.80,6.40
2009.11.20 10:06:56.541,1.06725,1.06745,2.80,1.60
2009.11.20 10:06:57.510,1.06725,1.0675,2.80,6.40
2009.11.20 10:07:01.769,1.06725,1.0675,3.00,3.20
2009.11.20 10:07:02.119,1.06725,1.0675,2.80,3.20
2009.11.20 10:07:03.599,1.06725,1.06745,2.80,1.60
2009.11.20 10:07:04.918,1.06725,1.06745,3.00,1.60
2009.11.20 10:07:05.648,1.06725,1.06745,2.80,1.60
2009.11.20 10:07:05.768,1.06725,1.06745,2.80,1.60
2009.11.20 10:07:09.127,1.06725,1.0675,2.80,6.40
2009.11.20 10:07:11.447,1.0672,1.0675,11.70,6.40
2009.11.20 10:07:11.787,1.0673,1.0675,1.60,1.60
2009.11.20 10:07:24.514,1.0673,1.0675,1.60,3.20
2009.11.20 10:07:27.333,1.06725,1.0675,6.10,3.20
2009.11.20 10:07:27.663,1.06725,1.0675,2.40,5.50
2009.11.20 10:07:27.833,1.06725,1.06745,2.40,1.60
2009.11.20 10:07:28.173,1.06725,1.06745,1.60,1.60
2009.11.20 10:07:28.353,1.06725,1.06745,1.60,4.80
2009.11.20 10:07:28.533,1.0672,1.06745,4.90,3.20
2009.11.20 10:07:28.822,1.06725,1.06745,1.00,3.20
2009.11.20 10:07:32.561,1.06725,1.06745,2.60,3.20
2009.11.20 10:07:32.672,1.06725,1.06745,4.80,1.60
2009.11.20 10:07:32.722,1.06725,1.06745,4.90,1.60
2009.11.20 10:07:33.241,1.06725,1.06745,6.50,1.60
2009.11.20 10:07:33.351,1.06725,1.0675,6.80,3.20
2009.11.20 10:07:38.680,1.06725,1.0675,7.10,3.20
2009.11.20 10:07:39.020,1.06725,1.06745,7.50,1.60
2009.11.20 10:07:40.110,1.06725,1.06745,6.80,1.60
2009.11.20 10:07:47.048,1.06725,1.0675,6.80,3.20
2009.11.20 10:07:47.748,1.06725,1.0675,6.40,3.20
2009.11.20 10:07:47.928,1.06725,1.0675,6.10,3.20
2009.11.20 10:07:50.028,1.06725,1.0675,3.70,4.80
2009.11.20 10:07:50.778,1.06725,1.06745,1.60,1.60
2009.11.20 10:07:56.016,1.0672,1.0674,5.70,3.20
2009.11.20 10:07:56.066,1.0672,1.0674,4.10,3.20
2009.11.20 10:07:56.186,1.0672,1.0674,2.40,3.90
2009.11.20 10:07:56.296,1.0672,1.0674,3.30,2.30
2009.11.20 10:07:56.636,1.0672,1.06745,4.90,3.20
2009.11.20 10:07:57.036,1.0672,1.06745,4.00,3.20
2009.11.20 10:07:57.376,1.06725,1.06745,1.60,1.60
2009.11.20 10:07:58.265,1.06725,1.0675,3.40,1.60
2009.11.20 10:07:58.436,1.0673,1.06755,1.60,3.20
2009.11.20 10:07:58.765,1.06725,1.0675,3.30,1.60
2009.11.20 10:07:58.945,1.0673,1.06755,1.60,2.80
2009.11.20 10:07:59.295,1.06725,1.0675,3.20,1.60
2009.11.20 10:08:06.843,1.06725,1.0675,3.20,1.60
2009.11.20 10:08:07.063,1.06725,1.0675,3.40,1.60
2009.11.20 10:08:07.573,1.06725,1.0675,6.80,1.60
2009.11.20 10:08:07.933,1.06725,1.0675,3.60,1.60
2009.11.20 10:08:10.212,1.0673,1.0675,1.60,1.60
2009.11.20 10:08:10.382,1.0673,1.0675,4.00,1.60
2009.11.20 10:08:10.443,1.0673,1.0675,4.50,1.60
2009.11.20 10:08:10.852,1.0673,1.0675,7.70,1.60
2009.11.20 10:08:14.672,1.06735,1.06755,1.60,3.10
2009.11.20 10:08:17.471,1.06735,1.06755,1.60,2.90
2009.11.20 10:08:19.320,1.0673,1.06755,4.50,2.90
2009.11.20 10:08:26.059,1.06735,1.06755,1.80,2.80
2009.11.20 10:08:26.339,1.06735,1.06755,1.00,2.40
2009.11.20 10:08:26.629,1.0673,1.06755,4.50,2.40
2009.11.20 10:08:26.979,1.06735,1.06755,1.60,2.40
2009.11.20 10:08:32.458,1.0673,1.06755,7.70,2.40
2009.11.20 10:08:36.456,1.06735,1.06755,1.60,2.40
2009.11.20 10:08:49.983,1.0673,1.06755,4.50,2.40
2009.11.20 10:08:50.633,1.0673,1.06755,1.60,2.40
2009.11.20 10:08:51.143,1.06725,1.0675,7.20,1.60
2009.11.20 10:08:51.433,1.06725,1.0675,3.40,1.60
2009.11.20 10:08:51.723,1.06725,1.0675,1.80,1.60
2009.11.20 10:08:52.013,1.06725,1.06755,3.30,8.10
2009.11.20 10:08:52.243,1.06725,1.06755,3.20,8.40
2009.11.20 10:08:52.533,1.06725,1.06755,3.20,3.90
2009.11.20 10:08:52.872,1.06725,1.06755,3.20,8.70
2009.11.20 10:08:54.742,1.06725,1.0675,3.20,1.60
2009.11.20 10:09:00.880,1.06725,1.0674,3.20,1.00
2009.11.20 10:09:01.060,1.06725,1.0674,1.60,2.40
2009.11.20 10:09:01.290,1.0672,1.0674,6.50,5.60
2009.11.20 10:09:01.641,1.06715,1.06735,1.60,1.60
2009.11.20 10:09:01.990,1.06715,1.06735,1.60,2.40
2009.11.20 10:09:02.350,1.06715,1.06735,3.20,1.60
2009.11.20 10:09:03.050,1.06715,1.0674,6.40,1.60
2009.11.20 10:09:03.400,1.06715,1.0674,9.00,1.60
2009.11.20 10:09:03.570,1.06715,1.0674,5.00,1.60
2009.11.20 10:09:03.740,1.06715,1.0674,9.00,1.60
2009.11.20 10:09:03.910,1.06715,1.0674,10.60,1.60
2009.11.20 10:09:04.210,1.06715,1.0674,6.60,1.60
2009.11.20 10:09:04.389,1.06715,1.0674,10.60,1.60
2009.11.20 10:09:04.619,1.06715,1.0674,5.00,1.60
2009.11.20 10:09:05.319,1.06715,1.0674,9.00,1.60
2009.11.20 10:09:05.599,1.06715,1.0674,6.80,1.60
2009.11.20 10:09:05.659,1.06715,1.0674,5.20,1.60
2009.11.20 10:09:05.719,1.06715,1.0674,5.00,1.60
2009.11.20 10:09:05.879,1.06715,1.0674,9.00,1.60
2009.11.20 10:09:05.999,1.06715,1.0674,10.60,1.60
2009.11.20 10:09:06.059,1.06715,1.0674,6.60,1.60
2009.11.20 10:09:06.279,1.06715,1.0674,11.40,1.60
2009.11.20 10:09:06.459,1.0672,1.0674,1.60,1.60
2009.11.20 10:09:06.579,1.06715,1.0674,8.40,1.60
2009.11.20 10:09:06.989,1.0672,1.0674,1.60,1.60
2009.11.20 10:09:07.329,1.06715,1.0674,6.80,1.60
2009.11.20 10:09:07.669,1.06715,1.0674,8.40,1.60
2009.11.20 10:09:07.849,1.06715,1.0674,11.40,1.60
2009.11.20 10:09:08.029,1.06715,1.0674,12.20,1.60
2009.11.20 10:09:08.198,1.06715,1.0674,8.20,1.60
2009.11.20 10:09:08.309,1.0672,1.0674,3.20,1.60
2009.11.20 10:09:09.048,1.06715,1.0674,10.00,1.60
2009.11.20 10:09:09.398,1.06715,1.0674,7.60,1.60
2009.11.20 10:09:09.738,1.06715,1.0674,8.40,1.60
2009.11.20 10:09:10.078,1.06715,1.0674,13.20,1.60
2009.11.20 10:09:10.368,1.0672,1.06745,3.20,1.60
2009.11.20 10:09:10.708,1.0672,1.0674,3.20,1.60
2009.11.20 10:09:10.998,1.0672,1.06745,3.20,1.60
2009.11.20 10:09:11.228,1.0672,1.06745,4.80,1.60
2009.11.20 10:09:11.908,1.0672,1.0674,3.20,1.60
2009.11.20 10:09:12.278,1.0672,1.06745,3.20,1.60
2009.11.20 10:09:13.347,1.0672,1.06745,4.80,1.60
2009.11.20 10:09:13.507,1.0672,1.06745,3.20,1.60
2009.11.20 10:09:13.677,1.0672,1.0674,3.20,1.60
2009.11.20 10:09:14.357,1.0672,1.06745,3.20,1.60
2009.11.20 10:09:14.527,1.0672,1.0674,3.20,1.60
2009.11.20 10:09:14.707,1.0672,1.06745,3.20,1.60
2009.11.20 10:09:14.987,1.0672,1.0674,3.20,1.60
2009.11.20 10:09:15.507,1.06725,1.06745,4.80,1.60
2009.11.20 10:09:15.857,1.06725,1.06745,1.60,1.60
2009.11.20 10:09:22.075,1.0672,1.06745,3.20,1.60
2009.11.20 10:09:22.435,1.06715,1.06745,11.40,1.60
2009.11.20 10:09:22.605,1.06715,1.06745,8.80,1.60
2009.11.20 10:09:22.715,1.06715,1.06745,8.00,1.60
2009.11.20 10:09:22.765,1.06715,1.06745,6.60,1.60
2009.11.20 10:09:22.885,1.06715,1.06745,10.60,1.60
2009.11.20 10:09:23.005,1.0672,1.06745,3.20,1.60
2009.11.20 10:09:23.915,1.0672,1.06745,4.80,1.60
2009.11.20 10:09:24.575,1.06725,1.06745,3.20,1.60
2009.11.20 10:09:25.275,1.0672,1.06745,4.80,1.60
2009.11.20 10:09:25.614,1.06725,1.06745,3.20,1.60
2009.11.20 10:09:25.785,1.0672,1.06745,4.80,1.60
2009.11.20 10:09:25.945,1.06725,1.06745,3.20,1.60
2009.11.20 10:09:26.125,1.0672,1.06745,4.80,1.60
2009.11.20 10:09:27.424,1.06725,1.06745,3.20,1.60
2009.11.20 10:09:27.764,1.0672,1.06745,4.80,1.60
2009.11.20 10:09:30.013,1.06725,1.06745,3.20,1.60
2009.11.20 10:09:30.313,1.0672,1.0675,4.80,5.60
2009.11.20 10:09:30.663,1.0672,1.06745,4.80,1.60
2009.11.20 10:09:31.003,1.0672,1.0675,4.80,2.40
2009.11.20 10:09:31.173,1.0672,1.06745,4.80,1.60
2009.11.20 10:09:31.413,1.0672,1.0675,4.80,1.60
2009.11.20 10:09:31.843,1.0672,1.06745,4.80,1.60
2009.11.20 10:09:32.063,1.0672,1.0675,4.80,1.60
2009.11.20 10:09:32.283,1.0672,1.06745,4.80,1.60
2009.11.20 10:09:32.793,1.06725,1.0675,3.40,1.60
2009.11.20 10:09:34.502,1.06725,1.06745,3.30,1.60
2009.11.20 10:09:34.682,1.0672,1.0675,4.80,2.40
2009.11.20 10:09:34.912,1.0672,1.0675,4.80,1.60
2009.11.20 10:09:35.082,1.0672,1.06745,4.80,1.60
2009.11.20 10:09:36.402,1.0672,1.0675,4.80,1.60
2009.11.20 10:09:37.082,1.0672,1.06745,4.80,1.60
2009.11.20 10:09:37.412,1.06725,1.0675,3.20,5.60
2009.11.20 10:09:37.581,1.06725,1.0675,3.20,1.60
2009.11.20 10:09:37.751,1.0672,1.06745,4.80,1.60
2009.11.20 10:09:37.932,1.0672,1.06745,1.60,1.60
2009.11.20 10:09:39.611,1.0672,1.06745,4.80,1.60
2009.11.20 10:09:39.891,1.0672,1.06745,1.60,1.60
2009.11.20 10:09:40.121,1.0672,1.06745,2.40,1.60
2009.11.20 10:09:40.361,1.06725,1.06745,1.60,1.60
2009.11.20 10:09:40.601,1.06725,1.0675,1.60,1.60
2009.11.20 10:09:41.341,1.06725,1.0675,6.40,1.60
2009.11.20 10:09:42.160,1.06725,1.06755,17.50,1.60
2009.11.20 10:09:42.560,1.06735,1.0676,6.40,1.60
2009.11.20 10:09:42.860,1.06735,1.06765,10.40,1.60
2009.11.20 10:09:43.150,1.06735,1.06765,7.20,1.60
2009.11.20 10:09:47.839,1.06735,1.06765,8.00,1.60
2009.11.20 10:09:48.379,1.06735,1.06765,9.60,1.60
2009.11.20 10:09:48.499,1.06735,1.06765,9.60,1.60
2009.11.20 10:09:48.619,1.06735,1.06765,9.80,1.60
2009.11.20 10:09:49.779,1.06735,1.06765,13.00,1.60
2009.11.20 10:09:52.718,1.06735,1.06765,12.90,1.60
2009.11.20 10:09:52.838,1.06735,1.06765,12.80,1.60
2009.11.20 10:09:53.008,1.06735,1.06765,8.80,1.60
2009.11.20 10:09:53.588,1.06735,1.0676,3.20,1.60
2009.11.20 10:09:58.627,1.0673,1.06755,1.60,4.40
2009.11.20 10:10:00.746,1.0673,1.06755,1.60,5.10
2009.11.20 10:10:00.986,1.0673,1.06755,1.60,4.40
2009.11.20 10:10:01.216,1.0673,1.06755,1.60,4.00
2009.11.20 10:10:02.946,1.0673,1.06755,1.60,4.40
2009.11.20 10:10:03.585,1.0673,1.06755,1.60,4.60
2009.11.20 10:10:03.936,1.0673,1.06755,1.60,4.40
2009.11.20 10:10:04.216,1.0673,1.06755,1.60,4.60
2009.11.20 10:10:05.655,1.0673,1.0675,1.60,1.60
2009.11.20 10:10:12.463,1.0673,1.06755,4.90,2.80
2009.11.20 10:10:13.443,1.0673,1.06755,4.90,3.30
2009.11.20 10:10:14.713,1.0673,1.0675,4.90,1.60
2009.11.20 10:10:15.063,1.06725,1.0675,1.60,2.40
2009.11.20 10:10:15.563,1.0673,1.0675,1.60,4.00
2009.11.20 10:10:16.022,1.06725,1.0675,1.60,4.00
2009.11.20 10:10:19.921,1.0672,1.0675,4.90,7.20
2009.11.20 10:10:20.272,1.0672,1.06745,4.90,1.60
2009.11.20 10:10:21.021,1.0672,1.06745,4.90,1.80
2009.11.20 10:10:21.191,1.0672,1.06745,4.90,2.00
2009.11.20 10:10:23.121,1.0672,1.06745,4.90,2.80
2009.11.20 10:10:23.301,1.0672,1.06745,4.90,3.00
2009.11.20 10:10:23.871,1.0672,1.06745,4.90,2.20
2009.11.20 10:10:24.091,1.06725,1.06745,1.60,1.60
2009.11.20 10:10:25.550,1.06725,1.0675,1.60,4.00
2009.11.20 10:10:25.890,1.06725,1.0675,1.60,2.40
2009.11.20 10:10:26.060,1.06725,1.0675,1.60,1.60
2009.11.20 10:10:26.180,1.06725,1.0675,3.20,1.60
2009.11.20 10:10:39.347,1.06725,1.06745,3.20,1.00
2009.11.20 10:10:39.707,1.06725,1.06745,1.60,2.60
2009.11.20 10:10:39.877,1.06725,1.06745,1.60,1.80
2009.11.20 10:10:40.437,1.06725,1.06745,1.60,3.00
2009.11.20 10:10:40.786,1.0672,1.06745,1.60,5.40
2009.11.20 10:10:41.596,1.0672,1.0674,1.60,1.60
2009.11.20 10:10:44.416,1.0672,1.06745,6.10,2.50
2009.11.20 10:10:44.585,1.0672,1.06745,4.40,3.30
2009.11.20 10:10:44.825,1.0672,1.0674,1.60,1.60
2009.11.20 10:10:48.764,1.0672,1.06745,1.60,4.50
2009.11.20 10:10:49.744,1.06715,1.0674,6.50,1.60
2009.11.20 10:10:50.084,1.06715,1.0674,1.60,2.40
2009.11.20 10:10:50.474,1.0672,1.0674,1.60,2.40
2009.11.20 10:10:50.774,1.06715,1.0674,4.80,2.40
2009.11.20 10:10:54.853,1.06715,1.0674,4.80,1.60
2009.11.20 10:11:01.442,1.06715,1.0674,1.60,1.60
2009.11.20 10:11:06.070,1.0672,1.06745,7.70,1.60
2009.11.20 10:11:10.819,1.0672,1.06745,3.70,1.60
2009.11.20 10:11:11.099,1.0672,1.06745,3.20,1.60
2009.11.20 10:11:11.729,1.0672,1.06745,4.80,1.60
2009.11.20 10:11:12.129,1.0672,1.06745,3.20,1.60
2009.11.20 10:11:12.359,1.06715,1.06745,13.00,1.60
2009.11.20 10:11:12.579,1.0672,1.06745,1.60,1.60
2009.11.20 10:11:20.847,1.0672,1.06745,1.60,1.60
2009.11.20 10:11:21.067,1.06715,1.06745,8.00,2.00
2009.11.20 10:11:21.287,1.0672,1.06745,1.60,2.00
2009.11.20 10:11:21.816,1.0672,1.06745,1.60,1.60
2009.11.20 10:11:26.935,1.06715,1.06745,7.40,1.60
2009.11.20 10:11:27.325,1.06715,1.06745,13.20,1.60
2009.11.20 10:11:28.805,1.06715,1.06745,13.00,1.60
2009.11.20 10:11:30.804,1.06715,1.06745,12.80,1.60
2009.11.20 10:11:32.924,1.0672,1.06745,1.60,1.60
2009.11.20 10:11:33.274,1.06715,1.06745,3.20,3.20
2009.11.20 10:11:33.564,1.06715,1.0674,3.20,1.00
2009.11.20 10:11:34.114,1.06715,1.06735,1.60,1.60
2009.11.20 10:11:34.394,1.06715,1.06735,3.20,1.60
2009.11.20 10:11:34.554,1.06715,1.06745,3.20,3.80
2009.11.20 10:11:35.303,1.06715,1.06745,3.20,3.40
2009.11.20 10:11:35.473,1.06715,1.06735,3.20,1.00
2009.11.20 10:11:35.713,1.0671,1.0673,2.40,1.60
2009.11.20 10:11:35.953,1.06715,1.06735,3.20,1.00
2009.11.20 10:11:36.483,1.06715,1.06745,3.20,4.00
2009.11.20 10:11:37.313,1.06715,1.06735,1.60,1.60
2009.11.20 10:11:37.543,1.0672,1.06735,2.40,1.00
2009.11.20 10:11:37.723,1.0672,1.0674,3.70,1.00
2009.11.20 10:11:37.893,1.0672,1.0674,1.60,1.00
2009.11.20 10:11:38.132,1.0672,1.0675,4.50,4.80
2009.11.20 10:11:38.312,1.0672,1.06745,2.90,1.60
2009.11.20 10:11:38.533,1.0672,1.0674,2.10,1.60
2009.11.20 10:11:38.753,1.0672,1.0674,1.60,1.60
2009.11.20 10:11:39.212,1.0672,1.06745,1.60,4.60
2009.11.20 10:11:39.722,1.0672,1.06745,1.60,3.80
2009.11.20 10:11:40.422,1.0672,1.0674,1.60,1.60
2009.11.20 10:11:41.512,1.06715,1.0674,1.60,1.60
2009.11.20 10:11:48.730,1.06715,1.0674,3.20,1.60
2009.11.20 10:11:48.850,1.06715,1.0674,6.80,1.60
2009.11.20 10:11:49.020,1.06715,1.06745,10.80,1.60
2009.11.20 10:11:50.160,1.06715,1.06745,11.00,1.60
2009.11.20 10:11:51.379,1.06715,1.06745,12.00,1.60
2009.11.20 10:11:51.540,1.06715,1.06745,12.80,1.60
2009.11.20 10:12:02.807,1.06715,1.06745,8.00,1.60
2009.11.20 10:12:03.217,1.06715,1.06745,12.80,1.60
2009.11.20 10:12:03.387,1.06715,1.06745,6.40,1.60
2009.11.20 10:12:03.616,1.0672,1.06745,1.60,1.60
2009.11.20 10:12:03.836,1.06715,1.06745,6.40,1.60
2009.11.20 10:12:04.066,1.06715,1.06745,12.80,1.60
2009.11.20 10:12:04.296,1.06715,1.06745,8.80,1.60
2009.11.20 10:12:04.636,1.0672,1.0675,1.60,1.60
2009.11.20 10:12:04.986,1.0672,1.06745,3.20,1.60
2009.11.20 10:12:05.346,1.06715,1.06745,12.80,1.60
2009.11.20 10:12:09.325,1.06715,1.06745,8.00,1.60
2009.11.20 10:12:09.375,1.0672,1.06745,1.60,1.60
2009.11.20 10:12:09.495,1.0672,1.06745,4.80,1.60
2009.11.20 10:12:09.615,1.0672,1.0675,4.80,1.60
2009.11.20 10:12:09.785,1.0672,1.06745,4.80,1.60
2009.11.20 10:12:10.205,1.0672,1.06745,3.20,1.60
2009.11.20 10:12:10.545,1.0672,1.0675,3.20,1.60
2009.11.20 10:12:10.905,1.0672,1.06745,4.80,1.60
2009.11.20 10:12:11.084,1.0672,1.06745,3.20,1.60
2009.11.20 10:12:11.315,1.06715,1.06745,8.00,1.60
2009.11.20 10:12:11.494,1.06715,1.06745,6.40,1.60
2009.11.20 10:12:14.804,1.0672,1.0675,1.60,5.60
2009.11.20 10:12:15.684,1.0672,1.06745,1.60,1.60
2009.11.20 10:12:15.963,1.06715,1.06745,6.60,1.60
2009.11.20 10:12:16.993,1.06715,1.06745,7.40,1.60
2009.11.20 10:12:17.103,1.06715,1.06745,11.40,1.60
2009.11.20 10:12:17.503,1.0672,1.0675,1.60,8.80
2009.11.20 10:12:17.783,1.0672,1.0675,4.80,1.60
2009.11.20 10:12:18.073,1.06725,1.06745,1.00,1.60
2009.11.20 10:12:18.723,1.0672,1.06745,3.20,1.60
2009.11.20 10:12:19.293,1.0672,1.0675,4.80,1.60
2009.11.20 10:12:20.983,1.0672,1.0675,1.60,1.60
2009.11.20 10:12:21.222,1.0672,1.06745,1.60,1.60
2009.11.20 10:12:21.632,1.0672,1.06745,3.20,1.60
2009.11.20 10:12:30.120,1.0672,1.06745,1.60,1.60
2009.11.20 10:12:30.500,1.0672,1.0675,1.60,5.60
2009.11.20 10:12:30.730,1.0672,1.0675,1.60,7.20
2009.11.20 10:12:34.289,1.0672,1.0675,1.60,8.80
2009.11.20 10:12:35.559,1.06715,1.06745,6.40,1.60
2009.11.20 10:12:36.259,1.06715,1.06745,7.20,1.60
2009.11.20 10:12:36.498,1.0672,1.06745,1.60,1.60
2009.11.20 10:12:36.789,1.0672,1.0675,4.80,1.60
2009.11.20 10:12:37.018,1.0672,1.0675,1.60,3.20
2009.11.20 10:12:37.308,1.0672,1.0675,1.60,7.20
2009.11.20 10:12:37.668,1.0672,1.06745,4.80,1.60
2009.11.20 10:12:37.999,1.0672,1.0675,4.80,1.60
2009.11.20 10:12:38.348,1.0672,1.06745,3.20,1.60
2009.11.20 10:12:43.007,1.0672,1.06745,1.60,1.60
2009.11.20 10:12:44.107,1.0672,1.06745,1.60,3.20
2009.11.20 10:12:44.267,1.0672,1.06745,1.60,1.60
2009.11.20 10:12:47.756,1.06715,1.06745,3.20,3.20
2009.11.20 10:12:51.546,1.06715,1.06745,3.20,6.40
2009.11.20 10:12:58.423,1.06715,1.06745,3.20,6.80
2009.11.20 10:12:59.403,1.06715,1.0674,3.20,1.60
2009.11.20 10:13:17.619,1.06715,1.0674,3.20,3.20
2009.11.20 10:13:24.787,1.06715,1.0674,3.20,6.40
2009.11.20 10:13:27.876,1.06715,1.0674,3.20,3.20
2009.11.20 10:13:38.734,1.06715,1.0674,3.20,1.60
2009.11.20 10:13:47.222,1.06715,1.0674,1.60,1.60
2009.11.20 10:13:47.922,1.06715,1.0674,1.60,3.20
2009.11.20 10:13:49.841,1.0671,1.06735,4.90,1.60
2009.11.20 10:13:52.520,1.06715,1.06735,1.60,1.60
2009.11.20 10:13:58.909,1.06715,1.0674,4.00,3.20
2009.11.20 10:13:59.139,1.06715,1.06735,6.10,1.60
2009.11.20 10:13:59.369,1.06715,1.06735,3.70,1.60
2009.11.20 10:13:59.598,1.06715,1.06735,1.60,1.60
2009.11.20 10:14:00.188,1.06715,1.0674,1.60,1.60
2009.11.20 10:14:00.458,1.06715,1.0674,1.60,3.20
2009.11.20 10:14:01.608,1.0671,1.0674,4.90,1.60
2009.11.20 10:14:01.838,1.06715,1.06735,3.20,1.60
2009.11.20 10:14:02.128,1.06715,1.06745,6.40,2.20
2009.11.20 10:14:02.308,1.06715,1.06745,10.40,2.20
2009.11.20 10:14:04.517,1.06715,1.06745,12.00,2.20
2009.11.20 10:14:04.927,1.06715,1.06745,12.80,2.20
2009.11.20 10:14:10.516,1.06715,1.06745,12.80,1.60
2009.11.20 10:14:13.055,1.06715,1.06745,13.00,1.60
2009.11.20 10:14:14.095,1.06715,1.06745,12.80,1.60
2009.11.20 10:14:14.215,1.06715,1.06745,12.00,1.60
2009.11.20 10:14:14.335,1.06715,1.06745,6.40,1.60
2009.11.20 10:14:14.395,1.06715,1.0674,3.20,1.60
2009.11.20 10:14:14.455,1.06715,1.0674,8.00,1.60
2009.11.20 10:14:14.505,1.06715,1.0674,8.00,1.60
2009.11.20 10:14:14.685,1.06715,1.0674,9.60,1.60
2009.11.20 10:14:14.855,1.0672,1.06745,1.60,1.60
2009.11.20 10:14:15.025,1.0672,1.06745,4.80,1.60
2009.11.20 10:14:15.145,1.06715,1.06745,12.40,1.60
2009.11.20 10:14:15.315,1.06715,1.0675,13.20,6.40
2009.11.20 10:14:15.485,1.06715,1.0674,11.60,1.60
2009.11.20 10:14:15.655,1.06715,1.0674,2.00,1.60
2009.11.20 10:14:16.395,1.0672,1.06745,1.60,8.00
2009.11.20 10:14:16.735,1.0672,1.0674,1.60,1.60
2009.11.20 10:14:17.015,1.06715,1.0674,2.00,1.60
2009.11.20 10:14:21.743,1.0672,1.06745,1.60,8.90
2009.11.20 10:14:22.143,1.0672,1.06745,1.60,10.50
2009.11.20 10:14:22.523,1.06715,1.0674,2.00,1.60
2009.11.20 10:14:26.082,1.06715,1.06735,1.60,1.60
2009.11.20 10:14:31.091,1.06715,1.06735,1.60,1.80
2009.11.20 10:14:31.381,1.0671,1.06735,1.60,3.40
2009.11.20 10:14:31.551,1.0671,1.0673,1.60,1.60
2009.11.20 10:14:31.961,1.0671,1.0673,1.60,3.20
2009.11.20 10:14:32.121,1.0671,1.0673,1.60,3.90
2009.11.20 10:14:32.351,1.06705,1.0673,1.60,3.90
2009.11.20 10:14:32.520,1.06705,1.06725,1.60,1.60
2009.11.20 10:14:34.930,1.06705,1.06725,1.60,1.60
2009.11.20 10:14:35.100,1.06705,1.06725,1.60,1.80
2009.11.20 10:14:35.270,1.06705,1.06725,2.40,1.00
2009.11.20 10:14:35.390,1.06705,1.06725,6.10,1.00
2009.11.20 10:14:35.560,1.06705,1.06725,2.10,1.80
2009.11.20 10:14:35.740,1.06705,1.06725,1.60,1.80
2009.11.20 10:14:46.577,1.067,1.06725,1.60,5.00
2009.11.20 10:14:46.867,1.067,1.06715,1.60,1.00
2009.11.20 10:14:49.267,1.067,1.06705,1.60,1.00
2009.11.20 10:14:58.704,1.067,1.06725,1.60,1.00
2009.11.20 10:14:58.984,1.067,1.0673,1.60,5.20
2009.11.20 10:14:59.334,1.067,1.0673,1.60,5.00
2009.11.20 10:15:00.744,1.067,1.06725,1.60,5.20
2009.11.20 10:15:04.613,1.067,1.0672,1.60,1.60
2009.11.20 10:15:04.793,1.06695,1.06715,6.10,1.60
2009.11.20 10:15:04.903,1.06695,1.06715,3.70,1.60
2009.11.20 10:15:05.083,1.06695,1.06715,1.60,3.20
2009.11.20 10:15:05.193,1.0669,1.06715,4.50,3.20
2009.11.20 10:15:06.322,1.0669,1.06715,4.50,3.30
2009.11.20 10:15:06.662,1.0669,1.06715,4.50,3.20
2009.11.20 10:15:14.430,1.06695,1.0672,5.60,7.20
2009.11.20 10:15:14.600,1.06695,1.06715,5.60,1.60
2009.11.20 10:15:14.780,1.06695,1.06715,1.60,1.60
2009.11.20 10:15:15.290,1.06695,1.0672,1.60,1.60
2009.11.20 10:15:22.348,1.0669,1.06715,6.50,1.60
2009.11.20 10:15:22.629,1.0669,1.06715,1.60,3.20
2009.11.20 10:15:24.888,1.0669,1.06715,3.20,3.20
2009.11.20 10:15:25.128,1.0669,1.06715,6.80,1.60
2009.11.20 10:15:26.568,1.0669,1.0671,2.30,1.60
2009.11.20 10:15:26.797,1.0669,1.0671,1.60,1.60
2009.11.20 10:15:35.975,1.06695,1.0672,3.20,3.20
2009.11.20 10:15:36.325,1.06695,1.06725,6.40,1.60
2009.11.20 10:15:36.665,1.06695,1.06725,7.20,3.20
2009.11.20 10:15:40.994,1.06695,1.06725,3.20,3.20
2009.11.20 10:15:41.334,1.06695,1.06725,12.80,1.60
2009.11.20 10:15:45.283,1.06695,1.0672,4.80,1.60
2009.11.20 10:15:45.523,1.06695,1.06725,11.20,1.60
2009.11.20 10:15:46.333,1.067,1.0673,1.60,6.40
2009.11.20 10:15:48.212,1.06695,1.06725,9.60,1.60
2009.11.20 10:15:50.632,1.067,1.06725,1.60,1.60
2009.11.20 10:15:50.912,1.06695,1.0672,1.60,1.60
2009.11.20 10:15:56.670,1.06695,1.06715,1.60,1.60
2009.11.20 10:16:02.059,1.06695,1.06715,1.60,3.20
2009.11.20 10:16:02.909,1.0669,1.06715,1.60,3.20
2009.11.20 10:16:06.058,1.06695,1.06715,1.60,1.60
2009.11.20 10:16:08.827,1.06695,1.0672,1.60,1.60
2009.11.20 10:16:17.675,1.06695,1.0672,1.60,2.40
2009.11.20 10:16:36.391,1.067,1.0672,1.60,1.00
2009.11.20 10:16:37.111,1.067,1.06725,1.60,9.30
2009.11.20 10:16:37.501,1.067,1.0672,1.60,1.60
2009.11.20 10:16:37.841,1.067,1.0672,1.60,1.00
2009.11.20 10:16:52.567,1.06705,1.06725,1.60,4.80
2009.11.20 10:16:52.857,1.0671,1.0673,4.90,1.00
2009.11.20 10:16:53.477,1.0671,1.06735,4.90,3.30
2009.11.20 10:16:53.827,1.0671,1.06735,8.10,2.80
2009.11.20 10:16:54.167,1.06715,1.06735,1.60,2.00
2009.11.20 10:16:54.276,1.0671,1.06735,8.10,2.00
2009.11.20 10:16:54.446,1.06715,1.06735,1.60,2.00
2009.11.20 10:16:58.705,1.0671,1.06735,7.30,2.80
2009.11.20 10:16:58.945,1.0671,1.06735,1.60,4.60
2009.11.20 10:16:59.225,1.0671,1.06735,1.60,5.40
2009.11.20 10:17:02.235,1.06695,1.0672,6.40,1.60
2009.11.20 10:17:02.465,1.06695,1.0672,3.20,1.60
2009.11.20 10:17:03.444,1.06695,1.0672,6.40,1.60
2009.11.20 10:17:06.504,1.06695,1.0672,4.80,2.40
2009.11.20 10:17:19.960,1.06695,1.0672,1.60,2.40
2009.11.20 10:17:20.011,1.06695,1.06715,1.60,1.60
2009.11.20 10:17:48.804,1.06695,1.06715,1.60,1.60
2009.11.20 10:18:13.997,1.06695,1.0672,1.60,2.40
2009.11.20 10:18:27.314,1.06695,1.06715,1.60,1.60
2009.11.20 10:18:28.934,1.06695,1.0672,1.60,2.40
2009.11.20 10:18:58.937,1.06695,1.06715,1.60,1.60
2009.11.20 10:19:06.565,1.0669,1.06715,4.90,1.60
2009.11.20 10:19:08.524,1.06695,1.06715,1.60,1.60
2009.11.20 10:19:38.577,1.06695,1.06715,4.80,1.60
2009.11.20 10:19:48.275,1.06695,1.0672,7.20,1.60
2009.11.20 10:19:48.634,1.06705,1.0672,1.00,1.60
2009.11.20 10:19:48.984,1.06705,1.0672,1.00,1.60
2009.11.20 10:19:49.264,1.067,1.0672,1.60,1.60
2009.11.20 10:20:12.089,1.06705,1.0672,1.00,2.40
2009.11.20 10:20:12.439,1.06695,1.0672,4.80,2.40
2009.11.20 10:20:14.269,1.06705,1.0672,1.00,2.40
2009.11.20 10:20:14.558,1.06695,1.0672,4.80,2.40
2009.11.20 10:20:14.788,1.06695,1.0672,1.60,2.40
2009.11.20 10:20:14.908,1.06695,1.06715,1.60,1.60
2009.11.20 10:20:42.022,1.067,1.06725,4.00,8.80
2009.11.20 10:20:42.202,1.06705,1.06725,1.90,1.60
2009.11.20 10:20:42.552,1.06705,1.0673,2.00,5.60
2009.11.20 10:20:42.831,1.0671,1.0673,1.60,5.60
2009.11.20 10:20:42.991,1.0671,1.0673,1.60,4.80
2009.11.20 10:20:43.352,1.06705,1.0673,1.70,1.60
2009.11.20 10:20:43.691,1.0671,1.06735,1.60,4.80
2009.11.20 10:20:44.091,1.06705,1.0673,1.60,1.60
2009.11.20 10:20:44.991,1.06705,1.0673,1.60,3.20
2009.11.20 10:20:47.760,1.067,1.0673,2.80,4.00
2009.11.20 10:20:47.871,1.06705,1.0673,1.60,7.20
2009.11.20 10:20:47.991,1.06705,1.0673,1.60,12.80
2009.11.20 10:20:48.340,1.06715,1.0673,2.40,6.40
2009.11.20 10:20:48.680,1.06715,1.0672,1.00,1.00
2009.11.20 10:20:49.070,1.06715,1.0673,1.60,5.50
2009.11.20 10:20:49.360,1.0671,1.06735,1.60,5.60
2009.11.20 10:20:49.650,1.0671,1.06735,1.60,5.20
2009.11.20 10:20:50.520,1.0671,1.06735,1.60,4.40
2009.11.20 10:20:51.090,1.0671,1.06735,1.60,6.00
2009.11.20 10:20:51.370,1.0671,1.06735,1.60,6.80
2009.11.20 10:20:51.719,1.06705,1.06735,1.60,6.80
2009.11.20 10:20:52.629,1.06705,1.06735,1.60,11.60
2009.11.20 10:20:52.979,1.06705,1.06735,1.60,12.40
2009.11.20 10:20:56.588,1.06705,1.06735,1.60,13.10
2009.11.20 10:20:56.758,1.06705,1.0673,1.60,1.60
2009.11.20 10:21:02.717,1.06705,1.0673,1.60,12.80
2009.11.20 10:21:02.947,1.06705,1.0673,1.60,4.80
2009.11.20 10:21:03.297,1.0671,1.06735,1.60,13.10
2009.11.20 10:21:07.606,1.0671,1.06735,1.60,13.20
2009.11.20 10:21:07.716,1.0671,1.06735,1.60,14.80
2009.11.20 10:21:07.825,1.0671,1.0673,1.60,1.00
2009.11.20 10:21:07.936,1.0671,1.0673,1.60,2.40
2009.11.20 10:21:08.055,1.0671,1.0673,1.60,6.40
2009.11.20 10:21:08.436,1.06705,1.0673,1.60,5.60
2009.11.20 10:21:08.786,1.0671,1.06735,1.60,13.10
2009.11.20 10:21:09.145,1.0671,1.06735,1.60,14.90
2009.11.20 10:21:09.445,1.06705,1.06735,1.60,14.90
2009.11.20 10:21:09.785,1.06705,1.06735,1.60,14.80
2009.11.20 10:21:12.325,1.0671,1.06735,1.60,14.80
2009.11.20 10:21:12.614,1.06715,1.06735,1.60,2.00
2009.11.20 10:21:12.904,1.06715,1.06735,1.60,1.00
2009.11.20 10:21:13.254,1.0672,1.06735,1.60,1.00
2009.11.20 10:21:13.594,1.0672,1.06745,1.60,7.90
2009.11.20 10:21:17.143,1.0672,1.06745,1.60,7.10
2009.11.20 10:21:17.383,1.0672,1.06745,1.60,6.40
2009.11.20 10:21:17.654,1.0672,1.06745,1.60,6.60
2009.11.20 10:21:18.973,1.0672,1.06745,1.60,6.40
2009.11.20 10:21:21.442,1.06725,1.06745,2.60,3.20
2009.11.20 10:21:21.672,1.06725,1.0675,1.00,8.80
2009.11.20 10:21:21.972,1.0672,1.0675,1.60,10.40
2009.11.20 10:21:22.252,1.0672,1.0675,1.60,12.80
2009.11.20 10:21:22.542,1.0672,1.0675,1.60,6.40
2009.11.20 10:21:22.772,1.0672,1.0675,1.60,12.00
2009.11.20 10:21:23.002,1.06725,1.0675,1.00,7.20
2009.11.20 10:21:23.232,1.06725,1.0675,2.40,7.20
2009.11.20 10:21:23.452,1.06725,1.0675,2.40,1.60
2009.11.20 10:21:30.130,1.0673,1.06755,1.60,7.50
2009.11.20 10:21:32.200,1.0673,1.06755,1.60,7.80
2009.11.20 10:21:32.310,1.0673,1.06755,1.60,7.50
2009.11.20 10:21:35.309,1.0673,1.06755,1.60,7.60
2009.11.20 10:21:37.778,1.06725,1.06755,2.10,7.60
2009.11.20 10:21:37.948,1.06725,1.06755,3.20,3.20
2009.11.20 10:21:38.068,1.0673,1.06755,1.60,3.20
2009.11.20 10:21:39.958,1.0673,1.06755,1.60,1.60
2009.11.20 10:21:40.777,1.0673,1.0676,1.60,15.20
2009.11.20 10:21:41.058,1.0673,1.0676,1.60,12.00
2009.11.20 10:21:44.607,1.06735,1.0676,1.60,12.00
2009.11.20 10:21:50.245,1.06735,1.0676,1.60,15.20
2009.11.20 10:21:51.175,1.06735,1.0676,1.60,11.20
2009.11.20 10:21:51.405,1.06735,1.0676,1.60,1.60
2009.11.20 10:21:51.745,1.06735,1.06765,1.60,9.60
2009.11.20 10:22:01.912,1.06735,1.06765,2.00,4.80
2009.11.20 10:22:02.252,1.0674,1.06765,1.60,1.60
2009.11.20 10:22:15.439,1.0674,1.0677,1.60,15.20
2009.11.20 10:22:15.949,1.0674,1.0677,1.60,13.60
2009.11.20 10:22:16.069,1.0674,1.0677,1.60,10.40
2009.11.20 10:22:16.369,1.06745,1.0677,1.60,8.00
2009.11.20 10:22:16.709,1.06745,1.0677,1.60,2.40
2009.11.20 10:22:19.358,1.06745,1.0677,1.80,2.40
2009.11.20 10:22:19.598,1.06755,1.06775,1.60,12.00
2009.11.20 10:22:19.778,1.06755,1.06775,1.60,1.60
2009.11.20 10:22:20.009,1.06755,1.0678,1.60,8.00
2009.11.20 10:22:20.178,1.06755,1.0678,1.60,4.80
2009.11.20 10:22:20.818,1.06755,1.06775,1.60,1.60
2009.11.20 10:22:22.547,1.0675,1.06775,1.60,3.20
2009.11.20 10:22:22.847,1.06755,1.06775,1.60,1.60
2009.11.20 10:22:25.047,1.06755,1.0678,1.60,6.40
2009.11.20 10:22:25.107,1.06755,1.0678,1.60,4.80
2009.11.20 10:22:25.567,1.0676,1.0678,1.60,4.80
2009.11.20 10:22:25.857,1.06755,1.0678,1.60,4.80
2009.11.20 10:22:27.227,1.0676,1.0678,1.60,4.80
2009.11.20 10:22:27.337,1.06755,1.0678,1.60,4.80
2009.11.20 10:22:39.603,1.0676,1.0678,1.00,4.80
2009.11.20 10:22:45.082,1.0676,1.0678,1.60,4.70
2009.11.20 10:22:48.171,1.06745,1.0676,1.60,1.00
2009.11.20 10:22:48.222,1.06745,1.0676,1.60,2.40
2009.11.20 10:22:48.621,1.06745,1.0676,1.70,6.40
2009.11.20 10:22:48.971,1.06745,1.06765,3.30,4.00
2009.11.20 10:22:49.311,1.06745,1.06765,1.70,4.00
2009.11.20 10:22:52.970,1.06745,1.06765,2.70,4.00
2009.11.20 10:22:53.150,1.06745,1.06765,5.60,2.40
2009.11.20 10:22:53.440,1.0675,1.06765,1.60,2.40
2009.11.20 10:22:53.780,1.06745,1.06765,6.00,2.40
2009.11.20 10:22:54.250,1.06745,1.06765,5.90,2.40
2009.11.20 10:23:02.618,1.0675,1.0677,1.60,8.00
2009.11.20 10:23:02.918,1.0675,1.0677,1.60,1.00
2009.11.20 10:23:03.438,1.0675,1.0676,1.60,1.00
2009.11.20 10:23:03.668,1.06745,1.0676,5.50,2.40
2009.11.20 10:23:04.017,1.06745,1.0676,3.90,2.40
2009.11.20 10:23:05.627,1.06745,1.0676,3.90,1.60
2009.11.20 10:23:05.677,1.06745,1.0676,5.50,1.60
2009.11.20 10:23:05.797,1.06745,1.06765,5.50,1.00
2009.11.20 10:23:06.008,1.0675,1.0677,1.60,2.40
2009.11.20 10:23:06.287,1.0675,1.06775,1.60,16.50
2009.11.20 10:23:14.765,1.06745,1.0677,1.60,12.80
2009.11.20 10:23:14.935,1.0674,1.06765,1.60,1.60
2009.11.20 10:23:15.055,1.0674,1.06765,1.60,5.60
2009.11.20 10:23:15.405,1.06735,1.06765,1.90,4.00
2009.11.20 10:23:16.235,1.0674,1.06765,1.60,5.60
2009.11.20 10:23:16.405,1.0674,1.06765,1.60,1.60
2009.11.20 10:23:16.565,1.0674,1.0677,1.60,12.80
2009.11.20 10:23:16.915,1.0674,1.06765,1.60,8.00
2009.11.20 10:23:17.274,1.0674,1.06765,1.60,9.60
2009.11.20 10:23:33.180,1.0674,1.06765,1.60,12.80
2009.11.20 10:23:36.230,1.0674,1.06755,1.60,1.00
2009.11.20 10:23:38.239,1.0674,1.06765,1.60,12.80
2009.11.20 10:24:16.590,1.0674,1.06765,1.60,8.80
2009.11.20 10:24:19.989,1.06735,1.06765,1.60,8.80
2009.11.20 10:24:25.978,1.06735,1.06765,1.60,8.00
2009.11.20 10:24:26.908,1.06735,1.06765,1.60,12.80
2009.11.20 10:24:29.207,1.0674,1.06765,1.60,4.80
2009.11.20 10:24:29.487,1.0674,1.06765,1.60,1.60
2009.11.20 10:24:36.335,1.06735,1.06765,5.00,1.60
2009.11.20 10:24:36.785,1.06735,1.06765,4.80,1.60
2009.11.20 10:24:49.722,1.06735,1.06765,1.60,1.60
2009.11.20 10:24:50.312,1.06735,1.06765,1.60,3.20
2009.11.20 10:24:51.412,1.06735,1.06765,4.80,1.60
2009.11.20 10:24:52.731,1.06735,1.06765,1.60,3.20
2009.11.20 10:24:53.082,1.06735,1.06765,4.80,1.60
2009.11.20 10:24:54.121,1.06735,1.06765,1.60,3.20
2009.11.20 10:25:01.939,1.06735,1.06765,4.80,1.60
2009.11.20 10:25:11.157,1.06735,1.06765,4.80,3.20
2009.11.20 10:25:11.267,1.06735,1.06765,1.60,3.20
2009.11.20 10:25:14.566,1.06735,1.06765,4.80,1.60
2009.11.20 10:25:15.516,1.06735,1.06765,4.80,3.20
2009.11.20 10:25:15.686,1.06735,1.06765,1.60,3.20
2009.11.20 10:25:16.026,1.06735,1.06765,1.60,1.60
2009.11.20 10:25:16.945,1.06735,1.06765,4.80,1.60
2009.11.20 10:25:19.875,1.06735,1.06765,1.60,3.20
2009.11.20 10:25:35.081,1.06735,1.06765,4.80,1.60
2009.11.20 10:25:35.591,1.0674,1.06765,1.60,1.60
2009.11.20 10:25:37.281,1.06735,1.0677,4.80,11.20
2009.11.20 10:25:39.840,1.06735,1.0676,4.80,1.60
2009.11.20 10:25:40.180,1.06735,1.0676,5.00,1.60
2009.11.20 10:25:41.330,1.06735,1.0676,4.80,1.60
2009.11.20 10:25:45.009,1.06735,1.06765,4.80,1.60
2009.11.20 10:25:45.189,1.06735,1.06765,4.80,8.00
2009.11.20 10:25:45.239,1.06735,1.06765,1.60,8.00
2009.11.20 10:25:45.409,1.06735,1.06765,1.60,9.60
2009.11.20 10:25:45.639,1.06735,1.06765,1.60,12.80
2009.11.20 10:25:49.268,1.06735,1.0676,1.60,1.60
2009.11.20 10:25:59.575,1.0674,1.06765,1.60,3.20
2009.11.20 10:26:01.715,1.0674,1.06765,1.60,1.60
2009.11.20 10:26:11.713,1.06735,1.06765,4.80,1.60
2009.11.20 10:26:30.728,1.06735,1.0676,4.80,1.60
2009.11.20 10:26:31.008,1.06735,1.0676,1.60,1.60
2009.11.20 10:26:34.447,1.0673,1.0676,13.60,1.60
2009.11.20 10:26:36.846,1.0673,1.06755,12.00,1.60
2009.11.20 10:26:37.366,1.0673,1.06755,11.20,1.60
2009.11.20 10:26:39.776,1.0673,1.06755,12.00,1.60
2009.11.20 10:26:40.575,1.0673,1.06755,13.60,1.60
2009.11.20 10:26:44.415,1.0673,1.06755,4.80,1.60
2009.11.20 10:26:44.714,1.0673,1.06755,3.20,1.60
2009.11.20 10:26:49.883,1.0673,1.06755,5.60,1.60
2009.11.20 10:26:50.053,1.0673,1.06755,11.20,1.60
2009.11.20 10:26:51.973,1.0673,1.0676,11.20,1.60
2009.11.20 10:26:54.832,1.0673,1.0676,12.80,1.60
2009.11.20 10:26:55.182,1.0673,1.0676,13.60,1.60
2009.11.20 10:26:55.692,1.0673,1.06755,13.60,1.60
2009.11.20 10:26:57.781,1.0673,1.06755,13.60,1.60
2009.11.20 10:26:58.021,1.0673,1.06755,13.60,1.60
2009.11.20 10:26:58.841,1.0674,1.0676,1.00,1.60
2009.11.20 10:27:21.516,1.0674,1.0676,2.40,1.60
2009.11.20 10:27:22.196,1.06735,1.0676,10.80,1.60
2009.11.20 10:27:22.435,1.06735,1.0676,6.60,1.60
2009.11.20 10:27:22.725,1.06735,1.0676,5.00,1.60
2009.11.20 10:27:22.945,1.06735,1.0676,4.90,1.60
2009.11.20 10:27:23.125,1.06735,1.0676,4.80,1.60
2009.11.20 10:27:23.575,1.06735,1.0676,3.20,1.60
2009.11.20 10:27:24.795,1.06735,1.0676,4.80,1.60
2009.11.20 10:27:25.135,1.06735,1.0676,3.20,1.60
2009.11.20 10:27:27.914,1.0673,1.0676,14.00,1.60
2009.11.20 10:27:29.694,1.06735,1.0676,3.40,1.60
2009.11.20 10:27:30.043,1.06735,1.0676,3.20,1.60
2009.11.20 10:27:30.214,1.06735,1.06765,4.80,1.60
2009.11.20 10:27:32.393,1.06735,1.0676,4.80,1.60
2009.11.20 10:27:36.312,1.06735,1.0676,5.00,1.60
2009.11.20 10:27:38.981,1.06735,1.0676,5.20,1.60
2009.11.20 10:27:44.920,1.06735,1.06755,2.00,1.60
2009.11.20 10:27:45.270,1.06735,1.06755,1.00,1.60
2009.11.20 10:27:47.420,1.06735,1.06755,3.80,1.60
2009.11.20 10:27:47.649,1.06735,1.06755,4.10,1.60
2009.11.20 10:27:48.329,1.06735,1.06755,1.00,1.60
2009.11.20 10:27:48.899,1.06735,1.06755,1.00,1.60
2009.11.20 10:27:49.459,1.06735,1.06755,1.00,1.60
2009.11.20 10:27:49.749,1.0674,1.06765,1.60,3.20
2009.11.20 10:27:50.589,1.0674,1.06765,1.60,1.60
2009.11.20 10:27:52.608,1.06745,1.06765,1.00,1.60
2009.11.20 10:27:53.888,1.06745,1.0677,4.40,1.60
2009.11.20 10:27:56.027,1.06745,1.06765,2.80,1.60
2009.11.20 10:27:56.137,1.06745,1.06765,2.00,1.60
2009.11.20 10:27:56.247,1.06745,1.06765,1.00,1.60
2009.11.20 10:27:56.407,1.06745,1.06765,2.80,1.60
2009.11.20 10:27:56.517,1.06745,1.0677,4.40,1.60
2009.11.20 10:28:02.626,1.06745,1.0677,4.20,1.60
2009.11.20 10:28:19.911,1.06745,1.0677,4.40,1.60
2009.11.20 10:28:31.719,1.06745,1.0677,4.80,1.60
2009.11.20 10:28:34.448,1.06745,1.0677,5.00,1.60
2009.11.20 10:28:37.447,1.0675,1.0677,1.60,1.60
2009.11.20 10:28:42.036,1.06745,1.0677,5.00,1.60
2009.11.20 10:28:43.426,1.06745,1.0677,4.90,1.60
2009.11.20 10:28:47.595,1.0675,1.0677,1.60,1.60
2009.11.20 10:28:48.445,1.0675,1.06775,2.40,4.80
2009.11.20 10:28:48.665,1.0675,1.06775,8.00,1.60
2009.11.20 10:28:49.285,1.06755,1.0678,1.60,6.40
2009.11.20 10:28:54.813,1.06755,1.06775,1.60,1.60
2009.11.20 10:28:55.143,1.0675,1.06775,1.60,1.60
2009.11.20 10:28:55.493,1.0675,1.06775,1.60,3.20
2009.11.20 10:28:56.193,1.0675,1.06775,1.60,6.40
2009.11.20 10:28:57.463,1.0675,1.06775,1.60,1.60
2009.11.20 10:28:57.812,1.0675,1.06775,1.60,6.40
2009.11.20 10:28:58.922,1.0675,1.06775,1.60,10.40
2009.11.20 10:28:59.102,1.06745,1.0677,1.00,1.60
2009.11.20 10:28:59.892,1.06745,1.06775,2.40,10.40
2009.11.20 10:29:02.381,1.0675,1.0677,1.60,4.80
2009.11.20 10:29:02.741,1.06745,1.0677,2.40,1.60
2009.11.20 10:29:03.091,1.06745,1.06775,2.40,12.80
2009.11.20 10:29:04.181,1.06745,1.06775,2.40,8.80
2009.11.20 10:29:04.521,1.06745,1.0677,2.00,4.80
2009.11.20 10:29:04.861,1.06745,1.06775,2.00,12.80
2009.11.20 10:29:05.421,1.06745,1.0677,2.00,1.60
2009.11.20 10:29:06.190,1.06745,1.0677,1.80,1.60
2009.11.20 10:29:07.970,1.06745,1.0677,2.00,1.60
2009.11.20 10:29:08.130,1.06745,1.06775,2.00,6.40
2009.11.20 10:29:08.300,1.06745,1.06765,1.80,1.00
2009.11.20 10:29:08.520,1.06745,1.06765,1.60,1.00
2009.11.20 10:29:09.349,1.0674,1.06765,1.60,1.00
2009.11.20 10:29:12.899,1.0674,1.06765,1.60,3.40
2009.11.20 10:29:13.199,1.0674,1.06765,1.60,1.80
2009.11.20 10:29:13.359,1.06735,1.06765,1.60,7.40
2009.11.20 10:29:13.529,1.06735,1.06765,1.60,10.60
2009.11.20 10:29:13.699,1.0674,1.06765,1.60,9.00
2009.11.20 10:29:14.029,1.0674,1.06765,1.60,1.80
2009.11.20 10:29:15.248,1.06745,1.0677,1.00,6.40
2009.11.20 10:29:16.158,1.06745,1.06775,6.20,8.00
2009.11.20 10:29:16.438,1.06745,1.06775,6.50,6.40
2009.11.20 10:29:16.728,1.0675,1.06775,1.60,4.80
2009.11.20 10:29:17.008,1.0675,1.06775,1.60,1.60
2009.11.20 10:29:17.458,1.06745,1.06775,6.50,3.20
2009.11.20 10:29:18.607,1.06745,1.06775,6.50,6.40
2009.11.20 10:29:20.797,1.06745,1.06775,7.30,6.40
2009.11.20 10:29:21.607,1.06745,1.06775,8.90,3.20
2009.11.20 10:29:21.777,1.06745,1.06775,8.90,1.60
2009.11.20 10:29:25.086,1.06745,1.06775,8.80,1.60
2009.11.20 10:29:27.175,1.0675,1.06775,1.60,7.20
2009.11.20 10:29:27.455,1.06745,1.06775,2.00,7.20
2009.11.20 10:29:32.064,1.06745,1.06775,2.00,12.80
2009.11.20 10:29:38.793,1.06745,1.06775,2.00,12.00
2009.11.20 10:29:38.852,1.06745,1.06775,1.80,4.80
2009.11.20 10:29:38.973,1.0675,1.06775,1.60,4.80
2009.11.20 10:29:39.153,1.0675,1.06775,1.60,3.20
2009.11.20 10:29:39.392,1.0675,1.06775,1.60,1.60
2009.11.20 10:29:39.852,1.0675,1.06775,1.60,3.20
2009.11.20 10:29:41.362,1.0675,1.06775,1.60,1.60
2009.11.20 10:29:41.582,1.0675,1.06775,1.60,3.20
2009.11.20 10:29:44.651,1.0675,1.0678,1.60,6.40
2009.11.20 10:29:44.981,1.0675,1.06775,1.60,1.60
2009.11.20 10:29:47.431,1.06745,1.06775,4.60,7.20
2009.11.20 10:29:47.770,1.0675,1.06775,1.60,10.40
2009.11.20 10:29:48.040,1.0674,1.0677,2.00,1.60
2009.11.20 10:29:48.311,1.06745,1.06775,1.60,10.40
2009.11.20 10:29:48.650,1.0674,1.0677,2.80,1.60
2009.11.20 10:29:49.920,1.0674,1.0677,6.00,1.60
2009.11.20 10:29:52.099,1.0674,1.0677,2.00,3.20
2009.11.20 10:29:52.449,1.06735,1.0676,2.00,1.60
2009.11.20 10:29:52.789,1.06735,1.06755,1.00,1.70
2009.11.20 10:29:52.899,1.06735,1.06755,1.00,1.80
2009.11.20 10:29:53.009,1.06735,1.0675,1.00,1.60
2009.11.20 10:29:53.239,1.06725,1.0675,1.00,1.60
2009.11.20 10:29:53.459,1.06725,1.0675,4.00,1.60
2009.11.20 10:29:53.929,1.06725,1.0675,3.60,1.60
2009.11.20 10:29:54.219,1.0673,1.0675,1.00,1.60
2009.11.20 10:29:54.559,1.06735,1.06755,1.00,1.60
2009.11.20 10:29:55.139,1.06735,1.0676,1.00,1.60
2009.11.20 10:29:55.998,1.06735,1.0676,4.40,1.60
2009.11.20 10:29:56.468,1.06735,1.06755,4.40,1.60
2009.11.20 10:29:56.688,1.06735,1.0676,4.40,1.60
2009.11.20 10:30:00.487,1.06735,1.06755,4.40,1.60
2009.11.20 10:30:00.588,1.06735,1.06755,4.40,1.90
2009.11.20 10:30:00.647,1.06735,1.06755,4.40,2.30
2009.11.20 10:30:00.758,1.0673,1.06755,8.40,2.30
2009.11.20 10:30:00.817,1.0673,1.06755,6.80,2.70
2009.11.20 10:30:01.607,1.0673,1.06755,6.80,1.60
2009.11.20 10:30:08.475,1.0673,1.06755,3.60,1.60
2009.11.20 10:30:08.655,1.0673,1.0675,7.60,1.60
2009.11.20 10:30:08.955,1.06735,1.06755,1.00,2.00
2009.11.20 10:30:09.115,1.06735,1.0675,1.00,1.60
2009.11.20 10:30:09.295,1.0673,1.0675,2.00,1.60
2009.11.20 10:30:09.685,1.0673,1.06755,2.80,1.60
2009.11.20 10:30:10.035,1.0673,1.06755,2.80,2.00
2009.11.20 10:30:10.715,1.0673,1.0675,1.20,1.60
2009.11.20 10:30:10.935,1.0673,1.0675,1.00,1.60
2009.11.20 10:30:11.115,1.06725,1.0675,1.00,1.60
2009.11.20 10:30:11.335,1.0672,1.0675,10.00,3.20
2009.11.20 10:30:12.745,1.06715,1.0675,18.50,3.20
2009.11.20 10:30:13.095,1.0672,1.0675,13.70,1.60
2009.11.20 10:30:14.104,1.0672,1.0675,13.60,1.60
2009.11.20 10:30:14.944,1.06725,1.0675,10.00,1.60
2009.11.20 10:30:15.244,1.06725,1.0675,12.40,1.60
2009.11.20 10:30:15.604,1.0673,1.0675,1.00,1.60
2009.11.20 10:30:18.773,1.0672,1.0675,13.20,1.60
2009.11.20 10:30:19.123,1.06715,1.0675,22.50,1.60
2009.11.20 10:30:28.531,1.06725,1.0675,1.60,1.60
2009.11.20 10:30:28.821,1.06725,1.0675,7.60,1.60
2009.11.20 10:30:29.180,1.06725,1.0675,10.80,1.60
2009.11.20 10:30:30.930,1.06725,1.0675,11.60,1.60
2009.11.20 10:30:31.090,1.06725,1.0675,11.70,1.60
2009.11.20 10:30:31.210,1.06725,1.0675,12.00,1.60
2009.11.20 10:30:31.320,1.06725,1.0675,13.90,1.60
2009.11.20 10:30:31.770,1.0673,1.06755,1.60,2.50
2009.11.20 10:30:34.529,1.06725,1.0675,5.00,1.60
2009.11.20 10:30:34.819,1.06725,1.0675,1.60,1.60
2009.11.20 10:30:35.219,1.0672,1.0675,13.60,1.60
2009.11.20 10:30:42.497,1.0672,1.0675,12.80,1.60
2009.11.20 10:30:46.267,1.06725,1.0675,1.00,1.60
2009.11.20 10:30:46.377,1.06725,1.0675,1.60,1.60
2009.11.20 10:30:46.496,1.06725,1.0675,1.00,1.60
2009.11.20 10:30:46.666,1.0672,1.0675,12.80,1.60
2009.11.20 10:30:47.136,1.0672,1.0675,12.80,1.60
2009.11.20 10:30:47.436,1.06725,1.0675,1.60,1.60
2009.11.20 10:30:48.316,1.0672,1.0675,12.80,1.60
2009.11.20 10:30:50.925,1.0673,1.06755,1.60,7.20
2009.11.20 10:30:55.344,1.0674,1.06755,1.60,4.00
2009.11.20 10:30:55.574,1.0674,1.0676,1.60,3.20
2009.11.20 10:30:55.974,1.0674,1.0676,7.20,1.60
2009.11.20 10:30:56.204,1.0674,1.06755,1.60,3.60
2009.11.20 10:30:56.434,1.0673,1.06755,5.60,2.00
2009.11.20 10:30:57.014,1.06725,1.0675,6.00,1.60
2009.11.20 10:30:57.244,1.06725,1.0675,1.60,1.60
2009.11.20 10:30:58.893,1.0674,1.0675,1.00,1.60
2009.11.20 10:30:59.114,1.06725,1.06755,1.60,8.00
2009.11.20 10:30:59.353,1.0673,1.06755,1.60,3.20
2009.11.20 10:30:59.583,1.0673,1.06755,1.60,8.00
2009.11.20 10:30:59.863,1.0673,1.06755,1.60,8.40
2009.11.20 10:31:00.223,1.0673,1.06755,1.60,8.40
2009.11.20 10:31:01.713,1.0673,1.0675,1.60,1.60
2009.11.20 10:31:02.062,1.06735,1.06755,1.60,8.40
2009.11.20 10:31:10.221,1.06735,1.0676,1.60,10.40
2009.11.20 10:31:12.450,1.06735,1.06755,1.60,8.20
2009.11.20 10:31:13.800,1.0674,1.06755,1.60,6.40
2009.11.20 10:31:14.100,1.0674,1.06755,1.60,3.20
2009.11.20 10:31:15.639,1.0674,1.06755,1.60,8.00
2009.11.20 10:31:15.979,1.0674,1.06755,1.60,3.20
2009.11.20 10:31:16.139,1.0674,1.06755,1.60,2.40
2009.11.20 10:31:20.578,1.0674,1.0676,1.60,4.80
2009.11.20 10:31:20.868,1.06745,1.0676,1.60,1.60
2009.11.20 10:31:21.198,1.06745,1.06765,1.60,4.80
2009.11.20 10:31:21.708,1.06745,1.06765,1.60,4.80
2009.11.20 10:31:21.818,1.06745,1.06765,1.60,5.00
2009.11.20 10:31:23.828,1.06745,1.06765,1.60,4.90
2009.11.20 10:31:23.937,1.06745,1.06765,1.60,4.80
2009.11.20 10:31:24.747,1.06745,1.06765,1.60,5.00
2009.11.20 10:31:27.097,1.06745,1.06765,1.60,1.80
2009.11.20 10:31:32.045,1.0675,1.06765,1.60,1.80
2009.11.20 10:31:38.234,1.06745,1.06765,1.60,1.80
2009.11.20 10:31:39.114,1.06745,1.06765,1.60,5.00
2009.11.20 10:31:40.443,1.06745,1.06765,1.60,6.60
2009.11.20 10:31:47.452,1.06745,1.06765,1.60,5.00
2009.11.20 10:31:51.481,1.06745,1.06765,1.60,5.30
2009.11.20 10:31:51.651,1.06745,1.06765,1.60,5.60
2009.11.20 10:31:55.790,1.0674,1.06755,1.60,1.80
2009.11.20 10:31:55.899,1.06735,1.06745,1.60,1.00
2009.11.20 10:31:55.959,1.0673,1.06745,2.00,1.00
2009.11.20 10:31:56.130,1.0673,1.06755,2.00,9.40
2009.11.20 10:31:56.290,1.0673,1.06755,1.60,9.40
2009.11.20 10:31:59.179,1.0673,1.06755,1.60,9.20
2009.11.20 10:31:59.399,1.0673,1.06755,1.60,7.60
2009.11.20 10:31:59.619,1.0673,1.06755,1.60,7.50
2009.11.20 10:32:03.717,1.0673,1.06755,1.60,4.20
2009.11.20 10:32:03.878,1.06735,1.06755,1.60,3.90
2009.11.20 10:32:05.737,1.06735,1.06755,1.60,2.30
2009.11.20 10:32:10.226,1.0673,1.06755,1.60,2.10
2009.11.20 10:32:12.626,1.0673,1.06755,1.60,5.30
2009.11.20 10:32:14.725,1.0673,1.06755,1.60,5.00
2009.11.20 10:32:14.955,1.0673,1.06755,1.60,1.60
2009.11.20 10:32:15.245,1.0673,1.0676,1.60,4.10
2009.11.20 10:32:15.485,1.0673,1.06765,1.60,14.60
2009.11.20 10:32:16.117,1.0673,1.06755,1.60,1.00
2009.11.20 10:32:16.175,1.0673,1.06755,1.60,1.00
2009.11.20 10:32:16.454,1.0673,1.06755,1.60,1.00
2009.11.20 10:32:16.565,1.0673,1.0676,1.60,1.60
2009.11.20 10:32:17.025,1.0673,1.06765,1.60,14.80
2009.11.20 10:32:22.263,1.0673,1.06765,1.60,14.80
2009.11.20 10:32:22.503,1.0673,1.06765,1.60,14.40
2009.11.20 10:32:33.401,1.0673,1.06765,1.60,14.80
2009.11.20 10:32:34.020,1.0673,1.0676,1.60,1.60
2009.11.20 10:32:37.120,1.0673,1.0676,1.60,3.20
2009.11.20 10:32:38.739,1.0673,1.0676,1.60,1.60
2009.11.20 10:32:39.129,1.0673,1.0676,4.80,1.60
2009.11.20 10:32:39.519,1.06735,1.06765,1.60,11.60
2009.11.20 10:32:39.739,1.06735,1.06765,1.60,11.20
2009.11.20 10:32:39.919,1.06735,1.06765,1.60,14.40
2009.11.20 10:32:41.239,1.06735,1.06765,1.60,14.50
2009.11.20 10:32:41.359,1.06735,1.06765,1.60,14.80
2009.11.20 10:32:41.579,1.06735,1.0676,1.60,1.60
2009.11.20 10:32:42.868,1.06735,1.0676,1.60,3.20
2009.11.20 10:32:43.978,1.0673,1.0676,6.40,3.20
2009.11.20 10:32:44.248,1.0673,1.0676,9.60,1.60
2009.11.20 10:32:44.538,1.06735,1.0676,1.60,1.60
2009.11.20 10:32:46.757,1.06735,1.06765,1.60,8.00
2009.11.20 10:32:47.327,1.06735,1.0676,1.60,1.60
2009.11.20 10:33:05.603,1.06735,1.0676,1.60,3.20
2009.11.20 10:33:11.141,1.06735,1.06765,1.60,8.00
2009.11.20 10:33:14.031,1.06735,1.0676,1.60,1.60
2009.11.20 10:33:21.919,1.06735,1.06765,1.60,8.40
2009.11.20 10:33:22.099,1.06735,1.06765,1.60,8.10
2009.11.20 10:33:22.569,1.06735,1.06765,1.60,8.00
2009.11.20 10:33:23.538,1.0673,1.06755,12.00,1.60
2009.11.20 10:33:23.758,1.0673,1.06755,1.60,7.50
2009.11.20 10:33:24.048,1.0673,1.0675,1.60,1.60
2009.11.20 10:33:28.868,1.0673,1.0675,1.60,4.00
2009.11.20 10:33:29.088,1.0673,1.06755,1.60,16.90
2009.11.20 10:33:29.377,1.06725,1.0675,1.60,4.90
2009.11.20 10:33:50.882,1.06725,1.0675,2.00,4.90
2009.11.20 10:33:51.902,1.06725,1.0675,5.20,4.90
2009.11.20 10:33:53.681,1.06725,1.0675,2.00,4.90
2009.11.20 10:33:54.311,1.0673,1.0675,1.60,2.50
2009.11.20 10:33:54.551,1.0673,1.0675,1.60,1.60
2009.11.20 10:34:04.189,1.0673,1.0675,1.60,2.40
2009.11.20 10:34:04.418,1.0673,1.0675,1.60,4.00
2009.11.20 10:34:04.649,1.0673,1.0675,1.60,4.90
2009.11.20 10:34:11.797,1.0673,1.0675,1.60,1.00
2009.11.20 10:34:11.907,1.0673,1.06755,1.60,6.90
2009.11.20 10:34:12.887,1.0673,1.06755,1.60,6.80
2009.11.20 10:34:13.236,1.0673,1.06755,1.60,6.50
2009.11.20 10:34:21.744,1.06735,1.06755,1.60,5.20
2009.11.20 10:34:21.855,1.06735,1.06755,1.60,5.10
2009.11.20 10:34:21.914,1.06735,1.06755,1.60,1.60
2009.11.20 10:34:22.025,1.06735,1.0676,1.60,3.20
2009.11.20 10:34:22.594,1.0674,1.0676,1.60,1.60
2009.11.20 10:34:22.894,1.06735,1.06765,1.60,8.00
2009.11.20 10:34:27.733,1.0674,1.06765,1.60,4.80
2009.11.20 10:34:28.023,1.06745,1.06765,1.60,1.60
2009.11.20 10:34:28.663,1.0674,1.06765,2.40,1.60
2009.11.20 10:34:29.353,1.06745,1.0677,1.60,6.10
2009.11.20 10:34:32.352,1.06745,1.0677,1.60,4.50
2009.11.20 10:34:38.431,1.06745,1.0677,1.60,3.70
2009.11.20 10:34:54.956,1.06745,1.0677,2.10,3.70
2009.11.20 10:34:55.306,1.0675,1.06775,1.60,9.60
2009.11.20 10:34:56.066,1.0675,1.06775,1.60,8.00
2009.11.20 10:34:56.356,1.0675,1.0677,1.60,1.60
2009.11.20 10:35:12.472,1.06745,1.0677,1.60,4.80
2009.11.20 10:35:13.692,1.0674,1.06765,1.60,1.60
2009.11.20 10:35:13.982,1.0674,1.06765,1.60,6.40
2009.11.20 10:35:15.261,1.0674,1.06765,1.60,10.40
2009.11.20 10:35:17.241,1.0674,1.06765,1.60,6.40
2009.11.20 10:35:17.691,1.0674,1.06765,1.60,1.60
2009.11.20 10:35:18.031,1.06745,1.06765,1.60,1.60
2009.11.20 10:35:41.805,1.0674,1.06765,1.60,1.60
2009.11.20 10:35:43.824,1.06745,1.06765,1.60,1.60
2009.11.20 10:35:45.815,1.06745,1.0677,1.60,12.90
2009.11.20 10:35:46.154,1.0675,1.06775,2.40,8.90
2009.11.20 10:35:46.384,1.0675,1.06775,2.40,6.40
2009.11.20 10:35:48.714,1.0675,1.06775,2.40,3.20
2009.11.20 10:35:56.292,1.06755,1.0678,1.60,8.90
2009.11.20 10:35:56.572,1.06755,1.0678,1.60,4.10
2009.11.20 10:35:57.082,1.06755,1.0678,1.60,8.90
2009.11.20 10:35:57.251,1.0676,1.0678,1.60,8.90
2009.11.20 10:35:58.002,1.06755,1.0678,1.60,8.90
2009.11.20 10:35:58.701,1.06755,1.06775,1.60,1.60
2009.11.20 10:35:59.731,1.06755,1.0678,1.60,8.90
2009.11.20 10:36:00.831,1.06755,1.06775,1.60,1.60
2009.11.20 10:36:03.210,1.06755,1.0678,1.60,8.90
2009.11.20 10:36:05.430,1.06755,1.06775,1.60,1.60
2009.11.20 10:36:15.627,1.06755,1.06775,1.80,1.60
2009.11.20 10:36:16.327,1.06755,1.06775,2.60,1.60
2009.11.20 10:36:16.437,1.06755,1.06775,3.10,1.60
2009.11.20 10:36:16.557,1.06755,1.06775,2.60,1.60
2009.11.20 10:36:16.667,1.06755,1.0678,2.60,8.90
2009.11.20 10:36:17.067,1.0676,1.0678,1.60,8.90
2009.11.20 10:36:17.127,1.0676,1.0678,1.60,5.70
2009.11.20 10:36:17.757,1.06765,1.0678,1.60,2.50
2009.11.20 10:36:18.157,1.0677,1.06785,1.00,3.20
2009.11.20 10:36:18.546,1.0678,1.06795,1.60,1.00
2009.11.20 10:36:18.656,1.06785,1.068,1.00,1.00
2009.11.20 10:36:18.767,1.0678,1.06805,2.40,1.60
2009.11.20 10:36:18.877,1.0679,1.0681,1.60,8.50
2009.11.20 10:36:19.566,1.0679,1.06805,1.60,1.60
2009.11.20 10:36:20.286,1.06785,1.06805,1.60,1.60
2009.11.20 10:36:21.006,1.06785,1.06805,1.60,3.20
2009.11.20 10:36:21.356,1.0679,1.06805,1.60,1.60
2009.11.20 10:36:21.696,1.06785,1.06805,1.60,1.60
2009.11.20 10:36:28.744,1.0678,1.0681,1.60,3.20
2009.11.20 10:36:28.984,1.06785,1.06815,1.60,13.30
2009.11.20 10:36:29.214,1.06785,1.06815,1.80,8.00
2009.11.20 10:36:29.554,1.0679,1.06815,1.60,3.20
2009.11.20 10:36:29.854,1.0679,1.06815,1.60,3.20
2009.11.20 10:36:30.153,1.06785,1.06815,2.00,3.40
2009.11.20 10:36:30.783,1.06785,1.06815,1.60,12.40
2009.11.20 10:36:31.133,1.06785,1.06815,1.60,12.20
2009.11.20 10:36:32.453,1.06785,1.06815,1.60,13.20
2009.11.20 10:36:32.803,1.06785,1.0681,1.60,1.60
2009.11.20 10:36:33.153,1.06785,1.06815,1.60,12.40
2009.11.20 10:36:34.063,1.06785,1.06815,1.60,12.20
2009.11.20 10:36:34.463,1.06785,1.06815,1.60,12.40
2009.11.20 10:36:34.882,1.06785,1.0681,1.60,1.60
2009.11.20 10:36:35.213,1.06785,1.06815,1.60,12.20
2009.11.20 10:36:36.582,1.06785,1.06815,1.60,12.40
2009.11.20 10:36:36.752,1.06785,1.06815,1.60,12.20
2009.11.20 10:36:36.862,1.06785,1.06815,1.60,12.00
2009.11.20 10:36:42.411,1.0679,1.06815,1.00,12.00
2009.11.20 10:36:42.581,1.0679,1.06815,2.40,3.20
2009.11.20 10:36:42.870,1.0679,1.06815,2.40,1.60
2009.11.20 10:36:43.550,1.06795,1.0682,1.60,8.90
2009.11.20 10:36:43.830,1.06795,1.0682,1.60,8.90
2009.11.20 10:36:44.170,1.0679,1.0682,2.00,8.90
2009.11.20 10:36:44.450,1.0679,1.06815,1.60,1.60
2009.11.20 10:36:45.130,1.06795,1.06815,1.60,1.60
2009.11.20 10:36:46.570,1.06795,1.06815,1.80,1.60
2009.11.20 10:36:48.179,1.06795,1.06815,1.60,1.60
2009.11.20 10:36:48.859,1.06795,1.0682,1.60,5.60
2009.11.20 10:36:49.189,1.06795,1.06825,1.60,15.30
2009.11.20 10:36:49.599,1.068,1.06825,1.60,10.50
2009.11.20 10:36:49.889,1.06805,1.0683,1.60,12.00
2009.11.20 10:36:52.639,1.06805,1.06825,1.60,9.60
2009.11.20 10:36:52.978,1.06805,1.06825,1.60,10.00
2009.11.20 10:36:53.688,1.0681,1.06825,1.60,4.00
2009.11.20 10:36:53.978,1.0681,1.06835,1.60,8.50
2009.11.20 10:36:54.268,1.06805,1.0683,4.80,1.60
2009.11.20 10:36:54.598,1.06805,1.0683,4.80,3.20
2009.11.20 10:36:55.598,1.0681,1.0683,1.60,4.80
2009.11.20 10:36:55.927,1.06805,1.0683,5.00,1.60
2009.11.20 10:36:56.218,1.0681,1.0683,1.60,1.60
2009.11.20 10:36:56.497,1.0681,1.06835,1.60,8.40
2009.11.20 10:36:57.417,1.0681,1.0683,1.60,1.60
2009.11.20 10:36:58.207,1.0681,1.06835,1.60,8.60
2009.11.20 10:36:58.587,1.0681,1.06835,1.60,8.40
2009.11.20 10:36:59.257,1.0681,1.0683,1.60,3.20
2009.11.20 10:36:59.596,1.06805,1.0683,2.20,8.70
2009.11.20 10:36:59.957,1.0681,1.0683,1.60,8.70
2009.11.20 10:37:00.526,1.06805,1.0683,2.20,8.70
2009.11.20 10:37:01.846,1.06805,1.0683,3.00,8.70
2009.11.20 10:37:02.086,1.0681,1.0683,1.60,1.60
2009.11.20 10:37:02.586,1.0681,1.0683,1.60,3.20
2009.11.20 10:37:02.936,1.0681,1.06835,1.60,8.40
2009.11.20 10:37:03.635,1.0681,1.0683,1.60,1.60
2009.11.20 10:37:03.855,1.0681,1.0683,1.60,3.20
2009.11.20 10:37:04.075,1.06805,1.0683,2.00,6.40
2009.11.20 10:37:04.635,1.06805,1.0683,2.00,9.60
2009.11.20 10:37:04.985,1.06805,1.06825,2.00,1.60
2009.11.20 10:37:05.335,1.06805,1.0683,2.00,9.60
2009.11.20 10:37:06.525,1.06805,1.0683,2.00,6.40
2009.11.20 10:37:08.694,1.0681,1.0683,1.60,6.40
2009.11.20 10:37:12.223,1.0681,1.0683,1.60,4.80
2009.11.20 10:37:16.312,1.06805,1.0683,2.80,6.40
2009.11.20 10:37:17.732,1.06805,1.0683,5.20,3.20
2009.11.20 10:37:18.062,1.0681,1.06835,1.60,8.40
2009.11.20 10:37:24.540,1.0681,1.06825,1.60,1.00
2009.11.20 10:37:24.600,1.06805,1.06825,1.60,1.60
2009.11.20 10:37:24.771,1.06805,1.06825,1.60,1.30
2009.11.20 10:37:24.881,1.06805,1.06825,1.60,4.70
2009.11.20 10:37:24.991,1.068,1.06825,1.60,6.30
2009.11.20 10:37:25.050,1.068,1.06825,1.60,4.70
2009.11.20 10:37:25.160,1.068,1.06825,1.60,7.90
2009.11.20 10:37:25.221,1.068,1.06825,1.60,5.60
2009.11.20 10:37:25.560,1.068,1.0683,1.60,7.20
2009.11.20 10:37:28.869,1.068,1.0683,1.60,8.80
2009.11.20 10:37:29.599,1.068,1.0683,1.60,7.20
2009.11.20 10:37:32.079,1.06795,1.0682,5.60,1.00
2009.11.20 10:37:32.239,1.06795,1.06815,2.40,2.30
2009.11.20 10:37:32.299,1.06795,1.06815,2.80,2.30
2009.11.20 10:37:32.479,1.06795,1.06815,1.20,1.00
2009.11.20 10:37:32.589,1.068,1.06815,1.60,1.00
2009.11.20 10:37:32.818,1.068,1.0682,1.60,1.60
2009.11.20 10:37:32.938,1.068,1.06825,1.60,1.00
2009.11.20 10:37:33.049,1.068,1.0683,1.60,1.00
2009.11.20 10:37:33.398,1.06805,1.0683,1.60,8.80
2009.11.20 10:37:35.728,1.06805,1.0683,1.60,12.00
2009.11.20 10:37:41.216,1.06805,1.0683,1.60,8.80
2009.11.20 10:37:42.606,1.068,1.06825,1.60,4.00
2009.11.20 10:37:43.066,1.068,1.06825,1.60,10.00
2009.11.20 10:37:44.985,1.068,1.06825,1.60,10.10
2009.11.20 10:37:45.155,1.068,1.0682,1.60,1.60
2009.11.20 10:37:45.505,1.068,1.06825,1.60,10.10
2009.11.20 10:37:47.924,1.068,1.06825,1.60,8.50
2009.11.20 10:37:48.225,1.068,1.0683,1.60,8.80
2009.11.20 10:37:48.505,1.06805,1.0683,1.60,8.80
2009.11.20 10:37:49.484,1.068,1.0683,1.60,8.80
2009.11.20 10:37:53.073,1.06805,1.0683,1.60,8.80
2009.11.20 10:38:06.920,1.068,1.0683,1.60,8.80
2009.11.20 10:38:26.635,1.06805,1.0683,1.60,8.80
2009.11.20 10:38:28.525,1.068,1.0683,1.60,8.80
2009.11.20 10:38:28.745,1.068,1.06825,1.60,1.60
2009.11.20 10:38:31.544,1.06805,1.0683,1.00,7.20
2009.11.20 10:38:32.054,1.06805,1.06825,2.00,1.60
2009.11.20 10:38:32.234,1.06805,1.0683,2.00,1.60
2009.11.20 10:38:36.563,1.06805,1.0683,2.20,1.60
2009.11.20 10:38:38.222,1.06805,1.0683,1.00,3.20
2009.11.20 10:38:38.572,1.068,1.0683,1.60,8.80
2009.11.20 10:38:39.982,1.068,1.06825,1.60,1.60
2009.11.20 10:38:48.790,1.068,1.06825,1.60,1.80
2009.11.20 10:38:53.089,1.068,1.06825,1.60,2.40
2009.11.20 10:38:56.478,1.068,1.06825,1.60,2.30
2009.11.20 10:38:56.598,1.068,1.06825,1.60,2.40
2009.11.20 10:38:57.708,1.068,1.06825,1.60,2.50
2009.11.20 10:38:58.058,1.068,1.06825,1.60,2.60
2009.11.20 10:38:58.348,1.068,1.06825,1.60,2.20
2009.11.20 10:38:58.977,1.068,1.06825,1.60,2.30
2009.11.20 10:38:59.317,1.06795,1.06825,7.50,2.20
2009.11.20 10:38:59.717,1.068,1.06825,1.60,3.20
2009.11.20 10:39:00.007,1.068,1.06825,1.60,2.20
2009.11.20 10:39:04.066,1.068,1.06825,1.60,2.40
2009.11.20 10:39:05.056,1.068,1.06825,2.40,2.40
2009.11.20 10:39:05.406,1.06805,1.06825,1.60,1.00
2009.11.20 10:39:05.756,1.06805,1.06825,1.60,1.00
2009.11.20 10:39:09.745,1.06805,1.06825,1.60,1.00
2009.11.20 10:39:09.805,1.06805,1.0683,1.60,1.60
2009.11.20 10:39:16.983,1.0681,1.0683,1.60,1.60
2009.11.20 10:39:30.610,1.06805,1.0683,1.60,3.20
2009.11.20 10:39:33.869,1.06805,1.0683,1.80,3.20
2009.11.20 10:39:38.388,1.06805,1.06825,1.80,3.20
2009.11.20 10:39:41.157,1.06805,1.0682,1.00,1.60
2009.11.20 10:39:41.337,1.06805,1.06825,1.00,14.80
2009.11.20 10:39:41.507,1.06805,1.0682,1.00,1.60
2009.11.20 10:39:41.687,1.068,1.0682,1.60,1.60
2009.11.20 10:39:45.536,1.068,1.06815,1.60,1.00
2009.11.20 10:39:45.826,1.06795,1.0681,1.00,3.90
2009.11.20 10:39:46.456,1.06795,1.0681,2.60,1.00
2009.11.20 10:39:46.796,1.06795,1.06815,2.60,1.00
2009.11.20 10:39:46.846,1.06795,1.0682,2.60,1.60
2009.11.20 10:39:55.964,1.06795,1.0682,2.30,1.60
2009.11.20 10:40:04.861,1.06795,1.0682,2.30,5.30
2009.11.20 10:40:05.321,1.068,1.0682,1.60,5.30
2009.11.20 10:40:05.671,1.068,1.0682,1.60,3.70
2009.11.20 10:40:10.030,1.06795,1.0682,3.10,3.70
2009.11.20 10:40:10.650,1.06795,1.06815,1.60,2.40
2009.11.20 10:40:11.051,1.06785,1.06805,2.00,1.60
2009.11.20 10:40:11.691,1.06785,1.06805,1.00,3.20
2009.11.20 10:40:11.970,1.06785,1.06805,1.20,4.80
2009.11.20 10:40:12.320,1.06785,1.06805,1.20,3.20
2009.11.20 10:40:12.610,1.06785,1.068,1.20,1.60
2009.11.20 10:40:13.829,1.06785,1.06805,1.20,3.20
2009.11.20 10:40:14.179,1.06785,1.06795,1.00,1.20
2009.11.20 10:40:14.519,1.06765,1.06795,5.90,7.90
2009.11.20 10:40:14.749,1.06765,1.068,5.20,1.60
2009.11.20 10:40:14.969,1.06765,1.068,2.00,1.60
2009.11.20 10:40:15.239,1.06765,1.068,2.00,3.20
2009.11.20 10:40:15.639,1.06775,1.068,1.00,1.60
2009.11.20 10:40:16.039,1.06775,1.0681,6.00,6.40
2009.11.20 10:40:17.348,1.06775,1.068,6.00,8.00
2009.11.20 10:40:17.869,1.0677,1.0679,8.40,1.00
2009.11.20 10:40:18.089,1.06765,1.06795,2.00,2.40
2009.11.20 10:40:18.299,1.0677,1.068,1.60,1.60
2009.11.20 10:40:18.479,1.06775,1.068,1.60,6.00
2009.11.20 10:40:18.708,1.06775,1.068,1.60,1.60
2009.11.20 10:40:19.598,1.0679,1.06805,1.00,4.00
2009.11.20 10:40:19.938,1.06795,1.06815,3.70,1.60
2009.11.20 10:40:20.238,1.0679,1.0681,1.00,3.20
2009.11.20 10:40:20.588,1.0678,1.0681,1.00,7.20
2009.11.20 10:40:20.868,1.06795,1.0683,2.30,10.60
2009.11.20 10:40:21.228,1.06795,1.06825,1.00,12.00
2009.11.20 10:40:21.627,1.0679,1.0682,1.00,7.20
2009.11.20 10:40:21.928,1.06785,1.06815,2.50,7.20
2009.11.20 10:40:24.057,1.06785,1.06815,5.70,1.60
2009.11.20 10:40:24.757,1.0679,1.06815,1.60,1.60
2009.11.20 10:40:25.767,1.06785,1.06815,2.10,1.60
2009.11.20 10:40:26.117,1.06785,1.06815,2.10,5.60
2009.11.20 10:40:31.105,1.0679,1.06815,1.60,5.60
2009.11.20 10:40:39.463,1.0679,1.06815,1.60,10.40
2009.11.20 10:40:40.853,1.06785,1.06815,1.60,10.40
2009.11.20 10:40:42.413,1.06785,1.0681,1.60,1.60
2009.11.20 10:40:50.590,1.06785,1.06815,1.60,10.40
2009.11.20 10:40:55.279,1.06785,1.06815,1.60,10.40
2009.11.20 10:40:55.570,1.06785,1.06815,1.80,10.40
2009.11.20 10:40:58.998,1.06785,1.06815,2.00,10.40
2009.11.20 10:41:00.728,1.06785,1.06815,1.80,10.40
2009.11.20 10:41:11.486,1.06785,1.0681,1.60,4.80
2009.11.20 10:41:12.665,1.0679,1.0681,1.60,4.80
2009.11.20 10:41:12.785,1.0679,1.06815,1.60,6.40
2009.11.20 10:41:13.075,1.06795,1.06815,1.00,6.40
2009.11.20 10:41:13.255,1.06795,1.06815,4.20,1.00
2009.11.20 10:41:13.605,1.06795,1.06815,2.40,1.00
2009.11.20 10:41:15.145,1.068,1.06815,1.60,1.00
2009.11.20 10:41:16.324,1.0679,1.06805,1.10,1.60
2009.11.20 10:41:16.544,1.06785,1.06805,4.30,3.20
2009.11.20 10:41:16.704,1.06785,1.06805,2.70,3.20
2009.11.20 10:41:16.934,1.06785,1.06805,2.70,4.80
2009.11.20 10:41:21.163,1.0678,1.06805,4.30,3.20
2009.11.20 10:41:39.249,1.06785,1.068,1.30,1.60
2009.11.20 10:41:39.829,1.06785,1.068,1.90,1.60
2009.11.20 10:41:49.726,1.06785,1.068,1.30,1.60
2009.11.20 10:41:59.384,1.06785,1.068,2.10,1.60
2009.11.20 10:42:00.244,1.06785,1.068,2.00,1.60
2009.11.20 10:42:06.222,1.06785,1.06805,2.00,3.20
2009.11.20 10:42:10.291,1.06785,1.06805,1.30,3.20
2009.11.20 10:42:14.740,1.06795,1.06805,1.00,1.60
2009.11.20 10:42:14.850,1.06795,1.06805,1.00,1.60
2009.11.20 10:42:15.900,1.06795,1.068,1.00,1.60
2009.11.20 10:42:16.250,1.06785,1.068,1.00,1.60
2009.11.20 10:42:16.600,1.06775,1.068,1.60,8.80
2009.11.20 10:42:16.770,1.06775,1.06795,1.60,1.60
2009.11.20 10:42:17.739,1.06785,1.068,1.00,1.60
2009.11.20 10:42:17.970,1.06785,1.068,1.00,1.60
2009.11.20 10:42:18.529,1.06785,1.06805,1.00,3.20
2009.11.20 10:42:18.940,1.06785,1.06805,1.70,3.20
2009.11.20 10:42:22.868,1.06785,1.06805,2.00,3.20
2009.11.20 10:42:30.236,1.06785,1.06805,2.00,4.80
2009.11.20 10:42:30.337,1.06785,1.068,1.60,1.60
2009.11.20 10:42:31.066,1.06785,1.068,1.20,1.60
2009.11.20 10:42:40.944,1.06785,1.068,1.00,1.60
2009.11.20 10:42:53.281,1.06795,1.06805,1.00,4.80
2009.11.20 10:42:53.461,1.06795,1.0681,1.00,16.90
2009.11.20 10:42:53.681,1.06795,1.0681,1.00,16.90
2009.11.20 10:42:54.770,1.06795,1.06805,1.00,4.80
2009.11.20 10:43:00.649,1.06795,1.06805,1.00,4.80
2009.11.20 10:43:01.409,1.06795,1.06805,1.00,4.80
2009.11.20 10:43:02.809,1.06795,1.06805,1.00,4.80
2009.11.20 10:43:03.309,1.06795,1.06805,1.00,4.80
2009.11.20 10:43:05.048,1.06785,1.068,1.60,1.60
2009.11.20 10:43:05.568,1.06785,1.06805,1.60,4.80
2009.11.20 10:43:07.268,1.06785,1.068,1.60,1.60
2009.11.20 10:43:07.488,1.06795,1.0681,1.00,2.00
2009.11.20 10:43:07.698,1.06795,1.0681,1.00,2.00
2009.11.20 10:43:07.867,1.06795,1.06815,1.00,2.00
2009.11.20 10:43:08.167,1.06795,1.06815,1.00,1.60
2009.11.20 10:43:09.367,1.06795,1.06815,2.10,1.60
2009.11.20 10:43:16.745,1.068,1.0682,1.60,4.80
2009.11.20 10:43:16.965,1.068,1.0682,4.70,1.00
2009.11.20 10:43:17.136,1.06805,1.0682,1.80,1.00
2009.11.20 10:43:19.725,1.06805,1.0682,1.70,1.00
2009.11.20 10:43:19.895,1.06805,1.0682,1.60,1.00
2009.11.20 10:43:20.814,1.068,1.0682,3.90,1.00
2009.11.20 10:43:21.144,1.06795,1.0682,1.60,6.40
2009.11.20 10:43:21.494,1.0679,1.0682,1.60,12.00
2009.11.20 10:43:22.075,1.0679,1.06815,1.60,1.60
2009.11.20 10:43:22.704,1.0679,1.0682,1.60,12.00
2009.11.20 10:43:23.054,1.06795,1.0682,1.00,12.00
2009.11.20 10:43:23.574,1.06795,1.0682,1.00,12.00
2009.11.20 10:43:23.684,1.06795,1.0682,1.00,10.40
2009.11.20 10:43:23.794,1.06795,1.0682,1.00,3.20
2009.11.20 10:43:24.144,1.06795,1.0682,2.30,3.20
2009.11.20 10:43:25.123,1.06795,1.06815,2.30,1.60
2009.11.20 10:43:26.643,1.06795,1.06815,2.20,1.60
2009.11.20 10:43:26.923,1.06795,1.0682,1.00,8.80
2009.11.20 10:43:27.223,1.06795,1.0682,1.00,12.00
2009.11.20 10:43:28.613,1.06795,1.06815,1.00,3.20
2009.11.20 10:43:28.852,1.06795,1.06815,1.00,1.60
2009.11.20 10:43:29.852,1.0679,1.06815,1.60,1.60
2009.11.20 10:43:30.592,1.0679,1.06815,1.60,3.20
2009.11.20 10:43:30.812,1.0679,1.06815,1.60,6.40
2009.11.20 10:43:32.352,1.0679,1.06815,1.60,3.20
2009.11.20 10:43:32.681,1.0679,1.06815,1.60,1.60
2009.11.20 10:43:37.900,1.06795,1.0682,1.60,10.40
2009.11.20 10:43:38.130,1.06795,1.0682,1.60,4.80
2009.11.20 10:43:38.300,1.06805,1.0682,1.00,1.60
2009.11.20 10:43:38.650,1.06805,1.0682,1.00,1.00
2009.11.20 10:43:38.990,1.0679,1.0682,1.60,1.00
2009.11.20 10:43:39.290,1.0679,1.0682,1.60,4.80
2009.11.20 10:43:39.640,1.0679,1.0682,1.70,1.60
2009.11.20 10:43:39.760,1.0679,1.0682,2.00,1.60
2009.11.20 10:43:39.940,1.0679,1.0682,2.00,1.00
2009.11.20 10:43:41.129,1.06795,1.0682,1.70,5.60
2009.11.20 10:43:41.520,1.06785,1.0682,10.90,1.60
2009.11.20 10:43:41.869,1.06795,1.0682,1.60,4.80
2009.11.20 10:43:42.200,1.06785,1.06805,1.20,1.60
2009.11.20 10:43:42.489,1.06785,1.06805,1.00,1.60
2009.11.20 10:43:45.599,1.06785,1.06795,1.00,1.60
2009.11.20 10:43:45.938,1.06785,1.06795,1.00,1.60
2009.11.20 10:43:47.228,1.06785,1.06795,1.10,1.60
2009.11.20 10:43:47.408,1.06785,1.06795,1.80,1.60
2009.11.20 10:43:48.528,1.06785,1.06795,1.00,1.60
2009.11.20 10:43:48.818,1.06765,1.0679,2.30,1.60
2009.11.20 10:43:49.098,1.06765,1.06795,1.60,1.60
2009.11.20 10:43:52.097,1.0677,1.06795,1.60,3.20
2009.11.20 10:43:52.267,1.0677,1.0679,1.60,1.60
2009.11.20 10:43:52.907,1.06765,1.0679,4.90,1.60
2009.11.20 10:43:53.017,1.06765,1.0679,4.80,1.60
2009.11.20 10:43:54.916,1.0677,1.0679,1.60,1.60
2009.11.20 10:44:01.245,1.0676,1.0678,4.00,3.90
2009.11.20 10:44:01.585,1.06765,1.06785,4.00,1.00
2009.11.20 10:44:01.814,1.06765,1.06785,3.20,1.60
2009.11.20 10:44:02.044,1.06765,1.06785,1.60,1.60
2009.11.20 10:44:04.804,1.06765,1.06785,1.60,3.20
2009.11.20 10:44:15.961,1.0676,1.0678,2.40,3.90
2009.11.20 10:44:17.131,1.0676,1.0678,1.00,3.90
2009.11.20 10:44:21.840,1.06755,1.06775,3.20,1.60
2009.11.20 10:44:22.129,1.0675,1.06775,4.80,5.50
2009.11.20 10:44:22.410,1.06745,1.0677,3.80,1.60
2009.11.20 10:44:24.689,1.06745,1.0677,6.50,1.60
2009.11.20 10:44:25.039,1.06745,1.0677,2.80,1.60
2009.11.20 10:44:26.948,1.06745,1.0677,2.40,1.60
2009.11.20 10:44:27.238,1.06745,1.0677,2.00,7.20
2009.11.20 10:44:27.459,1.06745,1.0677,2.00,1.60
2009.11.20 10:44:29.478,1.06745,1.0677,2.80,5.60
2009.11.20 10:44:29.718,1.06745,1.0677,2.80,1.60
2009.11.20 10:44:31.687,1.06745,1.0677,2.20,1.60
2009.11.20 10:44:32.497,1.06745,1.0677,1.90,7.20
2009.11.20 10:44:34.467,1.06745,1.0677,2.00,7.20
2009.11.20 10:44:39.215,1.06735,1.0677,7.70,7.20
2009.11.20 10:44:54.682,1.06745,1.0677,1.60,12.00
2009.11.20 10:44:54.852,1.0674,1.06765,1.60,1.60
2009.11.20 10:44:56.061,1.06735,1.06755,2.90,1.60
2009.11.20 10:44:56.302,1.06735,1.0676,2.20,13.90
2009.11.20 10:44:56.531,1.06735,1.06755,1.90,10.00
2009.11.20 10:44:58.761,1.06735,1.06745,1.00,1.60
2009.11.20 10:44:59.041,1.0673,1.06745,1.60,1.60
2009.11.20 10:45:02.350,1.06725,1.06745,4.00,3.20
2009.11.20 10:45:02.630,1.06725,1.06745,3.90,3.20
2009.11.20 10:45:03.869,1.06725,1.06745,4.10,3.20
2009.11.20 10:45:05.019,1.06725,1.06745,3.60,3.20
2009.11.20 10:45:05.539,1.06725,1.06745,2.00,3.20
2009.11.20 10:45:06.039,1.06725,1.06745,1.20,3.20
2009.11.20 10:45:10.738,1.06725,1.0674,1.20,1.60
2009.11.20 10:45:10.848,1.06725,1.0674,1.00,1.60
2009.11.20 10:45:11.358,1.06715,1.06735,3.00,1.60
2009.11.20 10:45:11.708,1.0671,1.0673,4.60,3.20
2009.11.20 10:45:12.058,1.067,1.06725,9.00,1.60
2009.11.20 10:45:12.408,1.06705,1.06725,12.40,1.60
2009.11.20 10:45:12.768,1.0671,1.06745,5.60,5.60
2009.11.20 10:45:13.117,1.0671,1.06745,11.20,1.60
2009.11.20 10:45:14.007,1.06705,1.0673,7.80,2.30
2009.11.20 10:45:14.297,1.0671,1.0673,1.60,3.90
2009.11.20 10:45:18.697,1.06715,1.06735,1.60,1.00
2009.11.20 10:45:18.976,1.0671,1.0674,5.60,1.60
2009.11.20 10:45:20.206,1.0671,1.0674,11.50,1.60
2009.11.20 10:45:20.496,1.0671,1.0674,12.50,1.60
2009.11.20 10:45:20.836,1.0671,1.0674,11.80,1.60
2009.11.20 10:45:21.165,1.0671,1.0674,12.60,1.60
2009.11.20 10:45:22.485,1.06715,1.0674,5.40,2.40
2009.11.20 10:45:22.825,1.06715,1.06735,2.00,3.20
2009.11.20 10:45:23.115,1.0671,1.06735,4.80,3.20
2009.11.20 10:45:23.415,1.0671,1.0673,1.60,1.60
2009.11.20 10:45:34.462,1.0671,1.06735,1.60,3.20
2009.11.20 10:45:36.872,1.0671,1.06735,1.70,3.20
2009.11.20 10:45:37.222,1.06715,1.06735,2.00,3.20
2009.11.20 10:45:40.971,1.06715,1.06735,2.00,4.00
2009.11.20 10:45:43.510,1.06715,1.06735,2.20,4.00
2009.11.20 10:45:43.800,1.06715,1.06735,2.50,4.00
2009.11.20 10:45:44.390,1.06715,1.0673,1.00,1.60
2009.11.20 10:45:44.660,1.0671,1.0673,2.50,4.00
2009.11.20 10:45:45.010,1.067,1.0673,8.30,4.70
2009.11.20 10:45:45.239,1.067,1.0673,8.30,4.70
2009.11.20 10:45:45.469,1.067,1.06725,5.90,2.40
2009.11.20 10:45:45.690,1.067,1.06725,4.20,2.40
2009.11.20 10:45:45.929,1.067,1.06725,2.60,4.00
2009.11.20 10:45:46.209,1.067,1.06725,5.50,4.00
2009.11.20 10:45:46.449,1.067,1.0672,5.50,1.00
2009.11.20 10:45:50.319,1.06705,1.0672,1.00,1.00
2009.11.20 10:45:50.558,1.067,1.06725,5.60,8.00
2009.11.20 10:45:50.838,1.06695,1.0672,5.20,2.40
2009.11.20 10:45:51.068,1.067,1.06725,5.10,1.00
2009.11.20 10:45:51.339,1.067,1.0673,5.30,1.60
2009.11.20 10:45:51.858,1.06705,1.0673,6.40,1.60
2009.11.20 10:45:52.088,1.06705,1.0673,9.60,1.60
2009.11.20 10:45:52.378,1.06705,1.06735,5.20,8.80
2009.11.20 10:45:52.668,1.06705,1.0673,5.10,1.60
2009.11.20 10:45:53.677,1.06705,1.06735,5.30,5.60
2009.11.20 10:45:54.528,1.06705,1.0673,4.30,2.40
2009.11.20 10:45:54.758,1.0671,1.0673,1.60,4.00
2009.11.20 10:45:54.937,1.06705,1.06725,2.00,1.60
2009.11.20 10:45:55.167,1.06705,1.06725,1.60,1.60
2009.11.20 10:45:55.517,1.06705,1.06715,1.60,1.00
2009.11.20 10:45:55.927,1.0669,1.06715,2.50,2.40
2009.11.20 10:45:56.427,1.0669,1.06715,3.20,1.60
2009.11.20 10:45:56.767,1.0669,1.06715,5.60,2.40
2009.11.20 10:45:57.117,1.0669,1.06715,5.60,4.00
2009.11.20 10:46:00.296,1.06695,1.06715,1.00,4.00
2009.11.20 10:46:04.795,1.06695,1.06715,2.00,4.00
2009.11.20 10:46:06.824,1.06695,1.06715,1.00,4.00
2009.11.20 10:46:09.124,1.06695,1.0671,1.00,4.00
2009.11.20 10:46:09.454,1.0669,1.0671,1.60,4.70
2009.11.20 10:46:13.053,1.0669,1.0671,1.60,1.60
2009.11.20 10:46:13.233,1.06695,1.0671,1.00,1.60
2009.11.20 10:46:13.403,1.06695,1.06715,1.00,4.00
2009.11.20 10:46:13.793,1.06695,1.06715,1.00,3.20
2009.11.20 10:46:13.963,1.06695,1.06715,2.00,1.60
2009.11.20 10:46:15.042,1.06705,1.06715,1.00,1.60
2009.11.20 10:46:15.312,1.06705,1.06725,1.00,1.60
2009.11.20 10:46:15.602,1.06705,1.06725,2.40,1.60
2009.11.20 10:46:16.232,1.06705,1.06725,1.00,1.00
2009.11.20 10:46:17.342,1.06705,1.06725,1.00,1.00
2009.11.20 10:46:17.572,1.06705,1.06725,1.00,1.60
2009.11.20 10:46:21.791,1.06705,1.06725,2.30,1.00
2009.11.20 10:46:21.961,1.06705,1.06725,5.50,1.00
2009.11.20 10:46:22.131,1.06705,1.06725,9.90,1.00
2009.11.20 10:46:22.301,1.06705,1.06725,6.20,1.00
2009.11.20 10:46:22.471,1.06705,1.06725,6.40,1.00
2009.11.20 10:46:25.620,1.06705,1.06725,6.40,1.00
2009.11.20 10:46:26.100,1.06705,1.06725,10.40,1.00
2009.11.20 10:46:26.789,1.06705,1.06725,10.30,1.00
2009.11.20 10:46:27.769,1.0671,1.06725,5.20,1.00
2009.11.20 10:46:28.119,1.06715,1.06725,1.00,1.00
2009.11.20 10:46:28.419,1.06715,1.06725,2.00,1.00
2009.11.20 10:46:30.449,1.06715,1.06745,2.00,1.60
2009.11.20 10:46:30.719,1.0671,1.06745,2.00,1.60
2009.11.20 10:46:30.899,1.0671,1.06745,5.20,1.60
2009.11.20 10:46:35.698,1.0671,1.0674,2.00,1.60
2009.11.20 10:46:40.616,1.0671,1.0674,5.20,1.60
2009.11.20 10:46:40.846,1.06715,1.0674,1.00,1.60
2009.11.20 10:46:41.016,1.06715,1.0674,1.00,1.60
2009.11.20 10:46:42.326,1.0671,1.06735,5.20,1.60
2009.11.20 10:46:42.546,1.0671,1.06735,4.80,1.60
2009.11.20 10:46:42.786,1.0671,1.0674,4.80,7.20
2009.11.20 10:46:42.966,1.0671,1.0674,1.60,1.60
2009.11.20 10:46:43.596,1.0671,1.0674,2.00,1.60
2009.11.20 10:46:43.766,1.0671,1.0674,5.20,1.60
2009.11.20 10:46:45.485,1.06715,1.0674,1.90,1.60
2009.11.20 10:46:45.715,1.06715,1.0674,2.30,1.60
2009.11.20 10:46:48.144,1.06715,1.0674,1.00,1.60
2009.11.20 10:46:48.494,1.0671,1.0674,5.20,1.60
2009.11.20 10:46:48.844,1.0671,1.0674,2.00,1.60
2009.11.20 10:46:49.144,1.0671,1.06745,1.60,11.40
2009.11.20 10:46:57.062,1.0671,1.0674,4.80,1.60
2009.11.20 10:46:57.672,1.06715,1.0674,1.00,1.60
2009.11.20 10:46:57.902,1.06715,1.0674,2.00,1.60
2009.11.20 10:46:58.242,1.06715,1.0674,5.40,1.60
2009.11.20 10:47:02.731,1.06715,1.0674,5.60,1.60
2009.11.20 10:47:03.071,1.06715,1.0674,5.90,1.60
2009.11.20 10:47:05.100,1.06715,1.0674,6.70,1.60
2009.11.20 10:47:05.271,1.06725,1.06745,1.00,1.60
2009.11.20 10:47:05.440,1.06725,1.06745,1.00,1.60
2009.11.20 10:47:05.771,1.06725,1.06745,2.10,1.00
2009.11.20 10:47:05.950,1.06725,1.06745,2.00,1.00
2009.11.20 10:47:06.460,1.06725,1.06745,1.00,1.60
2009.11.20 10:47:06.850,1.06725,1.06745,1.00,1.00
2009.11.20 10:47:07.870,1.06725,1.0675,1.00,1.60
2009.11.20 10:47:09.789,1.06725,1.0675,1.00,1.60
2009.11.20 10:47:10.089,1.06725,1.0675,5.40,1.60
2009.11.20 10:47:14.618,1.06725,1.0675,1.00,1.60
2009.11.20 10:47:16.778,1.06725,1.06745,1.00,1.60
2009.11.20 10:47:17.018,1.0672,1.06745,3.20,1.60
2009.11.20 10:47:17.548,1.06715,1.06735,4.00,1.60
2009.11.20 10:47:18.227,1.06715,1.06735,1.00,1.60
2009.11.20 10:47:18.577,1.06715,1.0674,1.00,1.60
2009.11.20 10:47:18.987,1.06705,1.06735,12.00,1.60
2009.11.20 10:47:19.267,1.06715,1.0674,1.00,1.60
2009.11.20 10:47:21.676,1.06715,1.06735,1.00,1.60
2009.11.20 10:47:22.026,1.06715,1.06735,1.00,1.60
2009.11.20 10:47:22.197,1.06715,1.0674,1.30,1.60
2009.11.20 10:47:22.376,1.06715,1.0674,4.50,1.60
2009.11.20 10:47:22.547,1.06715,1.0674,8.50,1.60
2009.11.20 10:47:24.411,1.06715,1.0674,8.40,1.60
2009.11.20 10:47:24.746,1.0671,1.0674,3.20,1.60
2009.11.20 10:47:24.986,1.0671,1.06735,3.20,1.60
2009.11.20 10:47:29.165,1.06705,1.06735,12.10,1.60
2009.11.20 10:47:31.204,1.06705,1.06735,10.50,1.60
2009.11.20 10:47:33.693,1.06705,1.0673,10.80,1.60
2009.11.20 10:47:33.854,1.06705,1.06735,3.30,1.60
2009.11.20 10:47:33.963,1.06705,1.06735,3.60,5.60
2009.11.20 10:47:34.193,1.06705,1.06735,3.60,1.60
2009.11.20 10:47:34.313,1.06705,1.0674,3.60,7.20
2009.11.20 10:47:34.423,1.06705,1.06735,7.60,1.60
2009.11.20 10:47:34.663,1.06705,1.0673,5.00,1.60
2009.11.20 10:47:34.953,1.06705,1.0673,1.00,1.60
2009.11.20 10:47:35.483,1.06705,1.06735,1.00,5.60
2009.11.20 10:47:35.773,1.06705,1.06735,3.60,1.60
2009.11.20 10:47:36.673,1.06705,1.06725,1.00,1.00
2009.11.20 10:47:36.893,1.06705,1.06725,1.00,2.40
2009.11.20 10:47:37.123,1.06695,1.06725,5.20,2.40
2009.11.20 10:47:37.343,1.06695,1.06725,5.20,2.40
2009.11.20 10:47:38.042,1.06695,1.0672,5.20,2.40
2009.11.20 10:47:43.291,1.06695,1.06715,5.20,1.60
2009.11.20 10:47:43.701,1.06695,1.06715,2.00,1.60
2009.11.20 10:47:45.391,1.06695,1.06715,1.00,1.60
2009.11.20 10:47:48.720,1.06695,1.06715,2.00,1.60
2009.11.20 10:47:49.050,1.06695,1.0672,5.20,2.40
2009.11.20 10:47:49.640,1.06695,1.0672,2.00,2.40
2009.11.20 10:47:49.980,1.06695,1.06715,1.00,1.60
2009.11.20 10:47:52.439,1.06695,1.0672,2.00,2.40
2009.11.20 10:47:54.339,1.06695,1.0672,5.20,2.40
2009.11.20 10:47:58.758,1.06695,1.0672,5.20,2.40
2009.11.20 10:48:03.066,1.06695,1.06715,5.20,1.60
2009.11.20 10:48:22.642,1.06695,1.0672,5.20,2.40
2009.11.20 10:48:25.141,1.06695,1.06715,3.60,1.60
2009.11.20 10:48:25.311,1.06695,1.06715,1.00,1.70
2009.11.20 10:48:25.421,1.06695,1.06715,1.00,1.60
2009.11.20 10:48:26.091,1.06695,1.06705,1.00,1.00
2009.11.20 10:48:26.261,1.06695,1.06705,1.00,2.40
2009.11.20 10:48:26.611,1.0669,1.067,1.60,1.00
2009.11.20 10:48:26.941,1.06685,1.067,1.60,1.00
2009.11.20 10:48:27.280,1.0668,1.067,1.60,2.40
2009.11.20 10:48:33.409,1.06675,1.06705,5.00,2.00
2009.11.20 10:48:33.689,1.06675,1.06705,5.00,1.60
2009.11.20 10:48:35.628,1.0668,1.06705,1.00,1.60
2009.11.20 10:48:35.748,1.0668,1.06705,2.40,1.60
2009.11.20 10:48:35.859,1.06675,1.06705,9.00,1.60
2009.11.20 10:48:36.028,1.06675,1.06705,5.40,1.60
2009.11.20 10:48:36.138,1.0668,1.06705,1.60,1.60
2009.11.20 10:48:36.829,1.0667,1.06695,2.80,3.90
2009.11.20 10:48:37.168,1.0668,1.0671,1.60,4.40
2009.11.20 10:48:37.279,1.06675,1.06705,4.00,1.60
2009.11.20 10:48:37.388,1.06675,1.06705,1.60,2.40
2009.11.20 10:48:37.618,1.06675,1.0671,1.60,8.80
2009.11.20 10:48:37.738,1.06675,1.0671,4.80,3.20
2009.11.20 10:48:37.858,1.06675,1.0671,4.80,1.60
2009.11.20 10:48:38.278,1.06675,1.067,4.80,1.60
2009.11.20 10:48:43.847,1.0668,1.06705,3.20,1.60
2009.11.20 10:48:44.136,1.0668,1.06705,7.20,1.60
2009.11.20 10:48:44.486,1.0669,1.06705,1.00,1.60
2009.11.20 10:48:48.646,1.06695,1.0671,1.00,1.60
2009.11.20 10:48:50.295,1.0669,1.0671,2.40,1.60
2009.11.20 10:48:50.515,1.06685,1.0671,1.60,1.60
2009.11.20 10:48:50.805,1.06685,1.0671,1.60,1.60
2009.11.20 10:48:51.045,1.0668,1.0671,13.60,1.60
2009.11.20 10:48:51.785,1.0668,1.0671,13.60,1.60
2009.11.20 10:48:52.015,1.0669,1.0671,1.00,1.60
2009.11.20 10:48:52.465,1.0669,1.0671,2.40,1.60
2009.11.20 10:48:54.724,1.06685,1.0671,8.90,1.60
2009.11.20 10:48:55.014,1.0668,1.0671,13.60,1.60
2009.11.20 10:48:56.184,1.0668,1.0671,13.60,1.60
2009.11.20 10:48:59.093,1.0668,1.0671,10.40,1.60
2009.11.20 10:48:59.373,1.0668,1.0671,4.80,1.60
2009.11.20 10:49:04.052,1.0668,1.0671,7.20,1.60
2009.11.20 10:49:04.332,1.0668,1.0671,11.20,1.60
2009.11.20 10:49:04.562,1.0668,1.06705,11.20,1.60
2009.11.20 10:49:04.861,1.0668,1.0671,11.20,1.60
2009.11.20 10:49:11.090,1.06685,1.0671,1.70,1.60
2009.11.20 10:49:11.390,1.06685,1.0671,1.00,1.60
2009.11.20 10:49:12.580,1.06685,1.06705,1.00,1.60
2009.11.20 10:49:12.880,1.0668,1.0671,10.40,1.60
2009.11.20 10:49:13.560,1.0668,1.0671,4.80,1.60
2009.11.20 10:49:13.850,1.0668,1.06705,11.20,1.60
2009.11.20 10:49:14.130,1.0668,1.06705,4.00,1.60
2009.11.20 10:49:14.399,1.06675,1.06705,11.60,1.60
2009.11.20 10:49:14.699,1.0668,1.0671,4.80,1.60
2009.11.20 10:49:17.429,1.0668,1.0671,5.60,1.60
2009.11.20 10:49:17.718,1.0668,1.0671,11.20,1.60
2009.11.20 10:49:18.499,1.0668,1.06705,8.80,1.60
2009.11.20 10:49:18.848,1.0668,1.0671,1.60,3.20
2009.11.20 10:49:19.178,1.0668,1.0671,9.60,1.60
2009.11.20 10:49:19.518,1.0668,1.0671,8.80,1.60
2009.11.20 10:49:20.388,1.0668,1.0671,4.80,1.60
2009.11.20 10:49:22.857,1.0668,1.0671,7.20,1.60
2009.11.20 10:49:22.917,1.0668,1.0671,11.20,1.60
2009.11.20 10:49:25.747,1.06685,1.0671,1.00,1.60
2009.11.20 10:49:26.196,1.0668,1.0671,6.40,1.60
2009.11.20 10:49:26.426,1.0668,1.0671,4.00,1.60
2009.11.20 10:49:26.606,1.06685,1.0671,1.00,1.60
2009.11.20 10:49:29.186,1.06685,1.0671,1.00,1.60
2009.11.20 10:49:29.525,1.0669,1.06715,2.40,3.20
2009.11.20 10:49:29.875,1.0669,1.06715,2.40,1.60
2009.11.20 10:49:33.085,1.0669,1.06715,5.60,1.60
2009.11.20 10:49:36.874,1.0669,1.06715,2.40,1.60
2009.11.20 10:49:40.593,1.0669,1.06715,5.60,1.60
2009.11.20 10:49:41.163,1.0669,1.06715,2.40,1.60
2009.11.20 10:49:45.602,1.06695,1.06715,1.60,1.60
2009.11.20 10:49:45.892,1.0669,1.06715,2.40,1.60
2009.11.20 10:50:00.369,1.0669,1.06715,2.40,3.20
2009.11.20 10:50:00.598,1.0669,1.0671,2.40,1.60
2009.11.20 10:50:00.708,1.0669,1.067,1.60,1.00
2009.11.20 10:50:00.828,1.0669,1.067,1.60,2.40
2009.11.20 10:50:00.928,1.0667,1.06705,2.20,4.30
2009.11.20 10:50:01.098,1.0667,1.06705,2.00,2.30
2009.11.20 10:50:01.218,1.06675,1.0671,1.60,1.00
2009.11.20 10:50:01.568,1.06675,1.0671,1.60,1.60
2009.11.20 10:50:01.898,1.06675,1.0671,1.60,3.20
2009.11.20 10:50:02.688,1.0668,1.067,1.60,1.60
2009.11.20 10:50:03.078,1.0668,1.0671,1.60,3.20
2009.11.20 10:50:06.167,1.0668,1.0671,4.80,3.20
2009.11.20 10:50:06.287,1.0668,1.0671,4.80,1.60
2009.11.20 10:50:12.335,1.06685,1.06715,5.20,1.60
2009.11.20 10:50:12.606,1.06685,1.06715,6.60,1.60
2009.11.20 10:50:12.825,1.0669,1.06715,1.00,1.60
2009.11.20 10:50:13.115,1.0669,1.06715,2.40,1.60
2009.11.20 10:50:13.695,1.0669,1.06715,1.60,1.60
2009.11.20 10:50:14.035,1.0669,1.0671,1.00,1.60
2009.11.20 10:50:14.395,1.0669,1.06715,1.60,1.60
2009.11.20 10:50:15.045,1.06685,1.0671,5.50,1.60
2009.11.20 10:50:15.384,1.06685,1.06715,5.50,1.60
2009.11.20 10:50:22.643,1.0669,1.06715,1.60,1.60
2009.11.20 10:50:22.693,1.0669,1.06715,2.40,1.60
2009.11.20 10:50:24.183,1.0669,1.06715,1.00,1.60
2009.11.20 10:50:24.472,1.0669,1.0671,1.00,1.60
2009.11.20 10:50:24.822,1.0669,1.06715,2.40,1.60
2009.11.20 10:50:25.152,1.0669,1.06715,1.60,1.60
2009.11.20 10:50:25.542,1.0669,1.06715,2.40,1.60
2009.11.20 10:50:27.212,1.0669,1.06715,1.00,1.60
2009.11.20 10:50:27.552,1.0669,1.06715,1.60,1.60
2009.11.20 10:50:28.071,1.06685,1.0671,5.50,1.60
2009.11.20 10:50:29.041,1.0669,1.06715,2.40,1.60
2009.11.20 10:50:30.631,1.06685,1.0671,5.50,1.60
2009.11.20 10:50:30.801,1.0669,1.06715,2.40,1.60
2009.11.20 10:50:31.101,1.0669,1.06715,1.60,1.60
2009.11.20 10:50:31.271,1.06685,1.06715,2.30,1.60
2009.11.20 10:50:31.741,1.06685,1.0671,2.30,1.60
2009.11.20 10:50:31.921,1.06685,1.0671,5.50,1.60
2009.11.20 10:50:32.160,1.06685,1.0671,6.30,1.60
2009.11.20 10:50:32.620,1.06685,1.06715,5.50,1.60
2009.11.20 10:50:33.080,1.0669,1.06715,2.40,1.60
2009.11.20 10:50:33.250,1.06695,1.06715,1.60,1.60
2009.11.20 10:50:33.890,1.0669,1.06715,2.40,1.60
2009.11.20 10:50:34.430,1.067,1.06715,1.00,1.60
2009.11.20 10:50:34.660,1.067,1.06715,1.00,1.60
2009.11.20 10:50:35.900,1.06705,1.06715,1.00,1.60
2009.11.20 10:50:36.070,1.06695,1.06715,1.60,1.60
2009.11.20 10:50:36.299,1.067,1.06715,1.00,1.60
2009.11.20 10:50:36.579,1.06705,1.06715,1.00,1.60
2009.11.20 10:50:36.810,1.06705,1.0672,1.00,1.60
2009.11.20 10:50:37.430,1.06705,1.0672,1.00,1.60
2009.11.20 10:50:37.779,1.06705,1.0672,1.20,1.60
2009.11.20 10:50:41.998,1.067,1.06725,2.80,4.00
2009.11.20 10:50:42.288,1.06715,1.06735,1.00,2.00
2009.11.20 10:50:42.748,1.06715,1.06735,1.00,1.60
2009.11.20 10:50:42.868,1.06715,1.06735,1.50,1.60
2009.11.20 10:50:47.177,1.06725,1.0674,1.00,3.20
2009.11.20 10:50:47.467,1.06725,1.0674,1.00,1.60
2009.11.20 10:50:49.776,1.06715,1.0674,3.10,1.60
2009.11.20 10:50:50.526,1.06715,1.06735,3.10,1.60
2009.11.20 10:50:50.646,1.06715,1.06735,2.30,1.60
2009.11.20 10:50:50.876,1.06715,1.0674,1.00,3.20
2009.11.20 10:50:51.096,1.06715,1.06735,1.00,1.60
2009.11.20 10:50:51.616,1.06715,1.06735,1.00,1.60
2009.11.20 10:50:53.365,1.06715,1.0674,1.00,1.60
2009.11.20 10:50:55.235,1.06715,1.06735,1.00,1.60
2009.11.20 10:50:55.645,1.06715,1.06735,1.00,3.20
2009.11.20 10:50:56.325,1.06715,1.06735,1.00,1.60
2009.11.20 10:51:02.524,1.06715,1.06735,1.40,1.60
2009.11.20 10:51:05.892,1.06715,1.06735,1.20,1.60
2009.11.20 10:51:08.002,1.06715,1.06735,1.00,1.60
2009.11.20 10:51:08.242,1.06715,1.06735,1.00,1.60
2009.11.20 10:51:08.752,1.06715,1.06735,1.00,1.60
2009.11.20 10:51:09.802,1.06715,1.06735,1.20,1.60
2009.11.20 10:51:16.010,1.06715,1.06735,1.00,1.60
2009.11.20 10:51:16.070,1.06715,1.06735,1.00,1.60
2009.11.20 10:51:17.380,1.06715,1.06735,1.00,1.60
2009.11.20 10:51:20.189,1.0671,1.06735,2.40,3.20
2009.11.20 10:51:20.529,1.0671,1.06735,8.00,1.60
2009.11.20 10:51:21.229,1.06715,1.0673,1.00,1.60
2009.11.20 10:51:22.928,1.06715,1.06735,1.00,3.20
2009.11.20 10:51:31.606,1.06715,1.06735,1.00,1.60
2009.11.20 10:51:37.325,1.06715,1.06735,1.00,1.60
2009.11.20 10:51:41.864,1.06715,1.06735,1.00,3.20
2009.11.20 10:51:43.124,1.06715,1.06735,1.00,1.60
2009.11.20 10:51:45.883,1.06715,1.06735,1.00,1.60
2009.11.20 10:51:46.103,1.06715,1.06735,1.00,1.60
2009.11.20 10:51:46.273,1.06715,1.06735,1.20,1.60
2009.11.20 10:51:46.453,1.06715,1.06735,1.00,1.60
2009.11.20 10:51:46.783,1.06715,1.06735,1.00,1.60
2009.11.20 10:51:47.482,1.06715,1.06735,1.00,1.60
2009.11.20 10:51:48.352,1.06715,1.06735,1.00,1.60
2009.11.20 10:51:57.880,1.06715,1.06735,1.00,1.60
2009.11.20 10:51:58.220,1.0671,1.06735,1.60,1.60
2009.11.20 10:51:58.560,1.06705,1.0673,4.80,1.60
2009.11.20 10:51:59.580,1.06705,1.0673,5.00,1.60
2009.11.20 10:51:59.930,1.0671,1.06735,1.60,1.60
2009.11.20 10:52:04.399,1.06705,1.0673,1.80,1.60
2009.11.20 10:52:04.749,1.06705,1.0673,2.00,1.60
2009.11.20 10:52:05.108,1.06705,1.0673,5.20,1.60
2009.11.20 10:52:05.798,1.06705,1.0673,5.60,1.60
2009.11.20 10:52:06.078,1.0671,1.06735,1.60,1.60
2009.11.20 10:52:06.768,1.06705,1.06735,10.40,1.60
2009.11.20 10:52:07.008,1.06705,1.06735,12.80,1.60
2009.11.20 10:52:07.408,1.0671,1.06735,3.20,1.60
2009.11.20 10:52:07.738,1.06715,1.06735,1.00,1.60
2009.11.20 10:52:08.318,1.0671,1.06735,3.20,1.60
2009.11.20 10:52:10.857,1.0671,1.06735,4.80,1.60
2009.11.20 10:52:11.777,1.0671,1.06735,1.60,1.60
2009.11.20 10:52:12.816,1.06715,1.06735,1.00,1.60
2009.11.20 10:52:12.986,1.06715,1.06735,1.00,1.60
2009.11.20 10:52:14.756,1.06715,1.06735,1.00,1.60
2009.11.20 10:52:15.036,1.06725,1.06735,1.00,1.60
2009.11.20 10:52:15.246,1.06725,1.06735,1.00,1.60
2009.11.20 10:52:16.015,1.06725,1.0674,1.00,1.60
2009.11.20 10:52:17.785,1.06725,1.0674,1.00,1.60
2009.11.20 10:52:26.003,1.06725,1.0674,1.00,1.60
2009.11.20 10:52:26.123,1.06725,1.0674,1.00,1.60
2009.11.20 10:52:27.323,1.06725,1.06745,1.00,1.60
2009.11.20 10:52:28.003,1.06725,1.0674,1.00,1.60
2009.11.20 10:52:31.482,1.06725,1.06745,1.00,1.60
2009.11.20 10:52:33.372,1.06725,1.0674,1.00,1.60
2009.11.20 10:52:35.531,1.06725,1.0674,1.00,1.60
2009.11.20 10:52:35.881,1.06725,1.0674,1.00,1.60
2009.11.20 10:52:38.120,1.06725,1.0674,1.00,1.60
2009.11.20 10:52:38.670,1.06735,1.0674,1.00,1.60
2009.11.20 10:52:38.950,1.06725,1.0674,1.00,1.60
2009.11.20 10:52:39.190,1.06725,1.06745,1.00,1.60
2009.11.20 10:52:39.901,1.06725,1.06745,2.70,1.60
2009.11.20 10:52:44.309,1.06735,1.06745,1.00,1.60
2009.11.20 10:52:44.539,1.06735,1.0675,1.00,2.40
2009.11.20 10:52:44.889,1.0673,1.0675,1.60,1.60
2009.11.20 10:52:45.628,1.06735,1.0676,5.00,4.80
2009.11.20 10:52:45.978,1.06735,1.0676,5.20,1.60
2009.11.20 10:52:46.328,1.06735,1.0676,5.00,1.60
2009.11.20 10:52:46.668,1.06735,1.06765,5.00,1.60
2009.11.20 10:52:46.968,1.06735,1.06765,5.00,5.60
2009.11.20 10:52:47.888,1.06735,1.06765,4.80,5.60
2009.11.20 10:52:48.128,1.06735,1.06765,5.20,1.60
2009.11.20 10:52:48.368,1.0674,1.06765,1.60,1.60
2009.11.20 10:52:48.608,1.06745,1.06765,1.00,1.60
2009.11.20 10:52:48.837,1.06745,1.06765,1.00,1.60
2009.11.20 10:52:49.078,1.0674,1.06765,1.60,1.60
2009.11.20 10:52:50.707,1.0674,1.0676,1.60,1.00
2009.11.20 10:52:51.007,1.0674,1.0676,1.60,2.40
2009.11.20 10:52:51.357,1.0674,1.0677,1.60,9.60
2009.11.20 10:52:51.707,1.0674,1.06765,1.60,4.00
2009.11.20 10:52:52.617,1.0674,1.06765,1.60,5.60
2009.11.20 10:52:55.676,1.0674,1.06765,1.60,1.60
2009.11.20 10:53:00.625,1.06745,1.0677,1.70,5.60
2009.11.20 10:53:00.855,1.06745,1.0677,2.00,1.60
2009.11.20 10:53:01.275,1.06745,1.0677,2.30,1.60
2009.11.20 10:53:01.564,1.06745,1.0677,2.60,1.60
2009.11.20 10:53:04.774,1.06745,1.0677,2.80,1.60
2009.11.20 10:53:05.124,1.06745,1.0677,3.30,1.60
2009.11.20 10:53:05.474,1.0674,1.0677,13.40,1.60
2009.11.20 10:53:07.503,1.06745,1.0677,3.20,1.60
2009.11.20 10:53:08.813,1.06745,1.0677,2.70,1.60
2009.11.20 10:53:08.983,1.06745,1.0677,2.70,2.40
2009.11.20 10:53:09.203,1.06745,1.0677,2.70,4.00
2009.11.20 10:53:10.432,1.06745,1.0677,2.70,3.20
2009.11.20 10:53:10.822,1.06745,1.0677,2.70,1.60
2009.11.20 10:53:14.032,1.06745,1.0677,2.90,1.60
2009.11.20 10:53:14.442,1.06745,1.06775,3.20,6.40
2009.11.20 10:53:15.241,1.06745,1.06775,3.20,3.20
2009.11.20 10:53:15.531,1.06745,1.06775,3.50,3.20
2009.11.20 10:53:15.771,1.0675,1.06775,1.60,1.60
2009.11.20 10:53:18.061,1.0675,1.06775,1.60,3.20
2009.11.20 10:53:19.190,1.06745,1.06775,3.00,3.20
2009.11.20 10:53:19.480,1.06745,1.06775,2.70,6.40
2009.11.20 10:53:19.820,1.06745,1.0677,2.70,1.60
2009.11.20 10:53:25.959,1.06745,1.0677,2.70,2.40
2009.11.20 10:53:26.129,1.06745,1.0677,2.70,4.00
2009.11.20 10:53:28.798,1.06745,1.06765,2.70,1.60
2009.11.20 10:53:29.258,1.06745,1.0677,2.40,4.00
2009.11.20 10:53:31.028,1.06745,1.0677,2.40,1.60
2009.11.20 10:53:33.018,1.06745,1.0677,2.40,2.40
2009.11.20 10:53:33.357,1.06745,1.0677,2.40,4.00
2009.11.20 10:53:34.097,1.06745,1.06765,2.40,1.60
2009.11.20 10:53:37.976,1.06745,1.06765,3.20,1.60
2009.11.20 10:53:38.356,1.06745,1.0677,3.20,1.60
2009.11.20 10:53:42.904,1.06745,1.06765,3.20,4.00
2009.11.20 10:53:43.134,1.06745,1.06765,1.50,4.00
2009.11.20 10:53:43.884,1.0674,1.0676,1.60,2.40
2009.11.20 10:53:44.294,1.06735,1.0676,1.80,8.00
2009.11.20 10:53:44.634,1.06735,1.0676,1.80,9.60
2009.11.20 10:53:47.044,1.06735,1.0676,2.00,9.60
2009.11.20 10:53:49.113,1.06735,1.0676,2.00,8.00
2009.11.20 10:53:51.692,1.06735,1.0676,2.40,2.40
2009.11.20 10:53:51.932,1.0674,1.0676,1.60,2.40
2009.11.20 10:53:53.982,1.06735,1.0676,2.80,2.40
2009.11.20 10:53:54.562,1.0674,1.0676,1.60,2.40
2009.11.20 10:54:22.145,1.0674,1.06755,1.60,1.60
2009.11.20 10:54:22.665,1.06735,1.06755,2.80,1.60
2009.11.20 10:54:25.354,1.06735,1.06755,2.80,3.20
2009.11.20 10:54:25.525,1.06735,1.06755,2.80,4.80
2009.11.20 10:54:30.003,1.06735,1.06755,1.10,7.20
2009.11.20 10:54:30.343,1.06735,1.06755,1.00,7.20
2009.11.20 10:54:30.693,1.06735,1.0675,1.00,1.00
2009.11.20 10:54:31.043,1.06735,1.0675,1.00,1.00
2009.11.20 10:54:31.323,1.0673,1.0675,1.60,4.80
2009.11.20 10:54:31.663,1.0673,1.0675,1.60,2.40
2009.11.20 10:54:32.703,1.0673,1.0675,1.60,1.00
2009.11.20 10:54:32.933,1.0673,1.0675,1.60,2.40
2009.11.20 10:54:33.212,1.0673,1.0675,1.60,8.00
2009.11.20 10:54:35.162,1.0673,1.0675,1.60,7.20
2009.11.20 10:54:35.442,1.0673,1.06755,1.60,3.20
2009.11.20 10:54:37.421,1.0673,1.06755,1.60,4.80
2009.11.20 10:54:45.539,1.0673,1.0675,1.60,1.00
2009.11.20 10:54:49.129,1.06735,1.0675,1.00,1.00
2009.11.20 10:54:49.649,1.06735,1.06755,1.00,6.60
2009.11.20 10:54:50.059,1.0673,1.0675,1.60,2.40
2009.11.20 10:54:50.758,1.0673,1.0675,1.60,6.40
2009.11.20 10:54:51.758,1.0673,1.0675,1.60,9.60
2009.11.20 10:54:52.118,1.0673,1.0675,1.60,8.00
2009.11.20 10:54:53.548,1.0673,1.0675,1.60,6.40
2009.11.20 10:54:54.847,1.0673,1.0675,1.60,4.00
2009.11.20 10:54:55.187,1.0673,1.0675,1.60,6.40
2009.11.20 10:54:55.547,1.0673,1.0674,1.60,1.00
2009.11.20 10:54:55.717,1.0672,1.0674,1.60,2.40
2009.11.20 10:54:56.927,1.06725,1.0674,1.60,5.10
2009.11.20 10:54:57.317,1.06725,1.0675,1.60,12.80
2009.11.20 10:55:00.056,1.0673,1.0675,1.60,12.00
2009.11.20 10:55:00.446,1.0673,1.0675,1.60,3.20
2009.11.20 10:55:01.505,1.06735,1.06755,1.60,11.10
2009.11.20 10:55:01.666,1.06725,1.0675,1.60,5.60
2009.11.20 10:55:01.836,1.06725,1.0675,1.60,9.60
2009.11.20 10:55:02.175,1.0672,1.06745,2.40,1.60
2009.11.20 10:55:02.525,1.0672,1.0675,1.60,12.80
2009.11.20 10:55:11.703,1.0672,1.06745,1.60,1.60
2009.11.20 10:55:12.033,1.0672,1.0674,1.60,1.00
2009.11.20 10:55:13.123,1.0672,1.0674,1.60,2.40
2009.11.20 10:55:14.262,1.0672,1.0674,1.60,7.20
2009.11.20 10:55:14.602,1.06715,1.0673,1.60,1.00
2009.11.20 10:55:14.943,1.06705,1.06725,1.00,1.60
2009.11.20 10:55:15.292,1.06705,1.0673,2.00,12.80
2009.11.20 10:55:15.642,1.067,1.06725,1.60,1.60
2009.11.20 10:55:16.042,1.06705,1.06725,1.00,1.60
2009.11.20 10:55:16.382,1.06705,1.0673,1.00,1.60
2009.11.20 10:55:18.272,1.06715,1.0674,1.60,8.80
2009.11.20 10:55:18.392,1.06715,1.0674,1.60,5.60
2009.11.20 10:55:18.501,1.06715,1.0674,1.60,1.60
2009.11.20 10:55:18.682,1.06715,1.0674,1.60,3.20
2009.11.20 10:55:18.801,1.06715,1.0674,1.60,7.20
2009.11.20 10:55:18.912,1.06715,1.0674,1.60,8.80
2009.11.20 10:55:19.601,1.06715,1.0674,1.70,1.60
2009.11.20 10:55:19.961,1.06715,1.06745,1.80,10.60
2009.11.20 10:55:20.351,1.06715,1.06745,1.60,10.60
2009.11.20 10:55:20.641,1.0672,1.06745,1.60,10.50
2009.11.20 10:55:20.991,1.06715,1.06745,2.00,6.40
2009.11.20 10:55:22.021,1.06715,1.06745,2.80,6.40
2009.11.20 10:55:22.541,1.0672,1.06745,1.60,6.40
2009.11.20 10:55:23.570,1.06715,1.0674,1.60,1.60
2009.11.20 10:55:23.851,1.06715,1.06745,1.60,10.60
2009.11.20 10:55:24.140,1.06715,1.06745,1.80,10.60
2009.11.20 10:55:25.430,1.06715,1.06745,2.00,10.60
2009.11.20 10:55:26.440,1.0672,1.06745,1.60,10.40
2009.11.20 10:55:26.889,1.0672,1.06745,1.60,6.40
2009.11.20 10:55:27.579,1.06715,1.0674,1.80,1.60
2009.11.20 10:55:28.399,1.06715,1.06745,1.80,10.60
2009.11.20 10:55:31.068,1.06715,1.06745,1.60,10.60
2009.11.20 10:55:33.948,1.0672,1.06745,1.60,7.40
2009.11.20 10:55:34.068,1.0672,1.06745,1.60,3.40
2009.11.20 10:55:34.358,1.06715,1.06745,2.10,3.40
2009.11.20 10:55:34.647,1.06715,1.0674,1.60,1.60
2009.11.20 10:55:34.987,1.0671,1.06745,4.80,10.60
2009.11.20 10:55:36.137,1.06715,1.06745,1.60,10.80
2009.11.20 10:55:36.427,1.06715,1.0674,1.60,1.60
2009.11.20 10:55:36.607,1.06715,1.06745,1.60,10.60
2009.11.20 10:55:37.347,1.0672,1.06745,1.60,10.60
2009.11.20 10:55:37.697,1.0672,1.06745,1.60,7.20
2009.11.20 10:55:37.877,1.0672,1.06745,1.60,1.60
2009.11.20 10:55:38.417,1.06715,1.06745,2.00,1.60
2009.11.20 10:55:38.537,1.0672,1.06745,1.60,1.60
2009.11.20 10:55:44.725,1.06715,1.06745,6.10,1.60
2009.11.20 10:55:45.075,1.0672,1.06745,1.60,1.60
2009.11.20 10:55:47.444,1.0672,1.06745,1.60,3.20
2009.11.20 10:55:49.924,1.0672,1.06745,1.60,1.60
2009.11.20 10:55:58.322,1.0672,1.06745,1.60,3.20
2009.11.20 10:55:58.492,1.0672,1.06745,1.60,3.20
2009.11.20 10:55:58.612,1.0672,1.06745,1.60,3.40
2009.11.20 10:56:01.411,1.0672,1.06745,1.60,3.30
2009.11.20 10:56:01.521,1.0672,1.06745,1.60,3.20
2009.11.20 10:56:01.691,1.0672,1.06745,1.60,1.60
2009.11.20 10:56:11.639,1.0672,1.06745,1.60,3.20
2009.11.20 10:56:12.139,1.0672,1.0675,1.60,12.80
2009.11.20 10:56:12.318,1.0672,1.0675,1.60,8.00
2009.11.20 10:56:12.679,1.0672,1.06745,1.60,1.60
2009.11.20 10:56:13.358,1.0672,1.0675,1.60,3.20
2009.11.20 10:56:15.188,1.06725,1.0675,1.00,3.20
2009.11.20 10:56:15.528,1.06725,1.0675,2.30,1.60
2009.11.20 10:56:15.698,1.06725,1.0675,1.20,1.60
2009.11.20 10:56:15.877,1.06725,1.0675,2.70,1.60
2009.11.20 10:56:17.007,1.06725,1.0675,2.40,1.60
2009.11.20 10:56:17.277,1.06725,1.0675,2.20,1.60
2009.11.20 10:56:18.267,1.06725,1.0675,1.00,3.20
2009.11.20 10:56:18.497,1.06725,1.0675,2.60,3.20
2009.11.20 10:56:19.077,1.06725,1.0675,2.60,1.60
2009.11.20 10:56:20.906,1.06725,1.0675,2.50,3.20
2009.11.20 10:56:21.196,1.06725,1.0675,1.00,3.20
2009.11.20 10:56:21.477,1.06725,1.0675,2.30,3.20
2009.11.20 10:56:21.716,1.06725,1.0675,2.60,3.20
2009.11.20 10:56:22.096,1.06725,1.0675,2.70,3.20
2009.11.20 10:56:22.446,1.06725,1.0675,3.00,1.60
2009.11.20 10:56:23.146,1.06725,1.0675,2.80,1.60
2009.11.20 10:56:25.945,1.06725,1.0675,3.10,1.60
2009.11.20 10:56:26.295,1.06725,1.0675,3.00,1.60
2009.11.20 10:56:26.585,1.06725,1.0675,2.30,1.60
2009.11.20 10:56:26.925,1.06725,1.0675,2.30,3.20
2009.11.20 10:56:29.515,1.06725,1.0675,2.40,3.20
2009.11.20 10:56:29.744,1.06725,1.0675,2.80,1.60
2009.11.20 10:56:35.743,1.06725,1.0675,3.20,1.60
2009.11.20 10:56:35.903,1.06735,1.0675,1.00,1.60
2009.11.20 10:56:36.073,1.06735,1.0675,1.00,1.60
2009.11.20 10:56:39.572,1.06735,1.0675,1.00,1.60
2009.11.20 10:56:40.072,1.06735,1.0675,1.00,1.60
2009.11.20 10:56:40.472,1.06725,1.0675,3.30,1.60
2009.11.20 10:56:43.981,1.06725,1.0675,2.90,1.60
2009.11.20 10:56:44.211,1.06725,1.0675,2.50,1.60
2009.11.20 10:56:47.700,1.06725,1.0675,2.90,1.60
2009.11.20 10:56:54.238,1.06735,1.0675,1.00,1.60
2009.11.20 10:57:06.755,1.06735,1.06755,1.00,2.80
2009.11.20 10:57:11.154,1.06735,1.0676,1.00,12.30
2009.11.20 10:57:14.084,1.06735,1.06755,1.00,2.80
2009.11.20 10:57:14.603,1.06735,1.06755,1.00,2.80
2009.11.20 10:57:14.774,1.06745,1.06755,1.00,2.80
2009.11.20 10:57:14.953,1.06745,1.06755,1.00,1.00
2009.11.20 10:57:15.124,1.06745,1.06765,1.80,1.00
2009.11.20 10:57:15.454,1.06745,1.0677,3.00,1.60
2009.11.20 10:57:16.993,1.06745,1.06775,3.00,6.40
2009.11.20 10:57:17.513,1.06745,1.06775,3.40,6.40
2009.11.20 10:57:17.913,1.0675,1.06775,1.60,6.40
2009.11.20 10:57:20.072,1.06745,1.06775,2.80,6.40
2009.11.20 10:57:20.423,1.06745,1.0677,2.40,1.00
2009.11.20 10:57:20.652,1.06745,1.0677,2.10,1.60
2009.11.20 10:57:21.102,1.06745,1.0677,2.10,2.40
2009.11.20 10:57:21.332,1.06745,1.0677,2.10,4.80
2009.11.20 10:57:21.562,1.06745,1.06775,2.10,11.20
2009.11.20 10:57:21.862,1.06745,1.0677,2.10,1.60
2009.11.20 10:57:22.671,1.06745,1.0677,2.10,3.20
2009.11.20 10:57:25.451,1.06745,1.0677,2.00,5.60
2009.11.20 10:57:25.631,1.06745,1.0677,2.10,7.20
2009.11.20 10:57:25.861,1.06745,1.0677,2.40,4.00
2009.11.20 10:57:26.041,1.06745,1.06775,2.40,6.40
2009.11.20 10:57:26.281,1.0674,1.06775,12.10,6.40
2009.11.20 10:57:26.461,1.06745,1.0677,2.00,3.20
2009.11.20 10:57:27.091,1.06745,1.0677,2.10,8.80
2009.11.20 10:57:27.311,1.06745,1.0677,2.10,3.20
2009.11.20 10:57:27.480,1.06745,1.0677,2.10,6.40
2009.11.20 10:57:30.420,1.06745,1.0677,2.10,12.80
2009.11.20 10:57:30.710,1.06745,1.0677,3.10,6.40
2009.11.20 10:57:31.009,1.0675,1.06775,1.60,6.40
2009.11.20 10:57:32.809,1.06745,1.06775,2.80,6.40
2009.11.20 10:57:33.049,1.06745,1.0677,2.40,5.60
2009.11.20 10:57:33.279,1.06745,1.0677,2.40,12.80
2009.11.20 10:57:33.509,1.06745,1.0677,2.40,3.20
2009.11.20 10:57:33.689,1.06745,1.06775,2.40,6.40
2009.11.20 10:57:34.389,1.06745,1.06765,2.00,1.60
2009.11.20 10:57:34.679,1.0674,1.06765,1.60,4.00
2009.11.20 10:57:35.019,1.0674,1.06765,1.60,5.60
2009.11.20 10:57:36.078,1.0674,1.06765,1.60,1.60
2009.11.20 10:57:36.478,1.06745,1.06765,1.60,5.60
2009.11.20 10:57:36.598,1.06745,1.06765,1.60,1.60
2009.11.20 10:57:36.828,1.06745,1.06765,1.60,4.80
2009.11.20 10:57:36.988,1.0674,1.06765,1.60,4.80
2009.11.20 10:57:38.648,1.06745,1.06765,1.60,4.80
2009.11.20 10:57:38.758,1.06745,1.0677,1.60,4.80
2009.11.20 10:57:39.508,1.06745,1.0677,1.60,12.80
2009.11.20 10:57:39.628,1.06745,1.0677,1.60,11.20
2009.11.20 10:57:39.968,1.0675,1.0677,1.60,6.40
2009.11.20 10:57:40.358,1.06745,1.06775,1.70,11.20
2009.11.20 10:57:40.717,1.0675,1.0677,1.60,4.80
2009.11.20 10:57:40.987,1.06745,1.0677,1.60,4.80
2009.11.20 10:57:41.627,1.0675,1.0677,1.60,10.40
2009.11.20 10:57:41.907,1.0675,1.06775,1.60,14.80
2009.11.20 10:57:42.240,1.0675,1.06775,1.60,6.40
2009.11.20 10:57:44.396,1.0675,1.06775,1.60,12.80
2009.11.20 10:57:44.746,1.06745,1.0677,1.60,5.60
2009.11.20 10:57:45.076,1.0675,1.0677,1.60,4.00
2009.11.20 10:57:45.416,1.0675,1.0677,1.60,5.60
2009.11.20 10:57:45.826,1.0675,1.0677,1.60,1.60
2009.11.20 10:57:46.456,1.06745,1.0677,1.60,4.00
2009.11.20 10:57:46.796,1.0675,1.06775,1.60,10.40
2009.11.20 10:57:47.096,1.0675,1.0678,1.60,15.20
2009.11.20 10:57:47.776,1.0675,1.06775,1.60,1.60
2009.11.20 10:57:48.125,1.06755,1.0678,1.60,15.20
2009.11.20 10:57:48.465,1.06755,1.06775,1.00,1.60
2009.11.20 10:57:48.635,1.06755,1.0678,1.80,15.20
2009.11.20 10:57:49.267,1.06755,1.06775,1.00,3.20
2009.11.20 10:57:49.665,1.0675,1.06775,1.60,3.20
2009.11.20 10:57:51.035,1.06755,1.06775,1.60,1.60
2009.11.20 10:57:51.626,1.0675,1.06775,1.60,9.60
2009.11.20 10:57:51.855,1.0675,1.0677,1.60,6.40
2009.11.20 10:57:52.084,1.06745,1.0677,2.10,4.00
2009.11.20 10:57:52.385,1.0675,1.0677,1.60,8.00
2009.11.20 10:57:52.684,1.0675,1.0677,1.60,1.00
2009.11.20 10:57:53.014,1.0675,1.0677,1.60,5.60
2009.11.20 10:57:53.294,1.0675,1.0677,1.60,1.60
2009.11.20 10:57:53.644,1.06745,1.0677,2.30,1.60
2009.11.20 10:57:56.973,1.0675,1.0677,1.60,7.20
2009.11.20 10:57:57.153,1.0675,1.06775,1.60,10.40
2009.11.20 10:57:57.333,1.0675,1.06775,1.60,6.40
2009.11.20 10:58:06.621,1.0675,1.06775,1.60,1.60
2009.11.20 10:58:13.939,1.0675,1.0677,1.60,1.00
2009.11.20 10:58:14.099,1.0675,1.0677,1.60,2.40
2009.11.20 10:58:14.279,1.06745,1.0677,2.90,6.40
2009.11.20 10:58:14.609,1.06755,1.0677,1.00,4.80
2009.11.20 10:58:14.899,1.0675,1.06775,1.00,5.60
2009.11.20 10:58:15.179,1.0675,1.06775,1.60,6.40
2009.11.20 10:58:15.529,1.06745,1.06775,2.70,8.00
2009.11.20 10:58:15.869,1.06745,1.06775,2.70,12.80
2009.11.20 10:58:16.209,1.0675,1.06775,1.60,12.80
2009.11.20 10:58:16.568,1.06745,1.06775,2.90,12.80
2009.11.20 10:58:17.168,1.06745,1.06775,3.20,9.60
2009.11.20 10:58:17.458,1.06745,1.06775,3.10,9.60
2009.11.20 10:58:18.978,1.0675,1.0677,1.60,2.40
2009.11.20 10:58:19.208,1.0675,1.06775,1.60,12.80
2009.11.20 10:58:19.318,1.0675,1.06775,1.60,9.60
2009.11.20 10:58:19.368,1.0675,1.06775,1.60,5.60
2009.11.20 10:58:19.588,1.0675,1.06775,1.60,1.60
2009.11.20 10:58:22.927,1.0675,1.0677,1.60,2.40
2009.11.20 10:58:23.217,1.06745,1.0677,2.80,8.00
2009.11.20 10:58:23.957,1.0675,1.0677,1.60,2.40
2009.11.20 10:58:24.907,1.0675,1.0677,1.60,1.00
2009.11.20 10:58:25.257,1.06745,1.0677,2.80,8.00
2009.11.20 10:58:27.416,1.06745,1.0677,2.80,6.40
2009.11.20 10:58:27.766,1.0675,1.0677,1.60,6.40
2009.11.20 10:58:28.106,1.0675,1.06775,1.60,8.80
2009.11.20 10:58:28.286,1.06745,1.06775,4.00,3.20
2009.11.20 10:58:28.636,1.0675,1.06775,1.60,3.20
2009.11.20 10:58:29.026,1.0675,1.0677,1.60,1.60
2009.11.20 10:58:29.196,1.0675,1.0677,1.60,2.40
2009.11.20 10:58:29.956,1.0675,1.06775,1.60,4.00
2009.11.20 10:58:30.235,1.0675,1.0677,1.60,2.40
2009.11.20 10:58:32.775,1.06745,1.0677,2.80,1.60
2009.11.20 10:58:33.065,1.06745,1.06775,2.80,8.80
2009.11.20 10:58:33.405,1.06745,1.0677,2.00,6.40
2009.11.20 10:58:33.575,1.06745,1.0677,2.00,9.60
2009.11.20 10:58:37.703,1.06745,1.0677,2.00,11.20
2009.11.20 10:58:37.993,1.06745,1.0677,2.00,12.00
2009.11.20 10:58:42.102,1.06745,1.0677,2.00,15.20
2009.11.20 10:58:45.382,1.06745,1.0676,1.00,1.00
2009.11.20 10:58:46.641,1.06745,1.0676,1.00,6.40
2009.11.20 10:58:46.981,1.06745,1.06765,1.00,5.80
2009.11.20 10:58:47.261,1.06745,1.06765,1.00,1.00
2009.11.20 10:58:50.380,1.06745,1.0677,1.00,12.80
2009.11.20 10:58:53.890,1.06745,1.06765,1.00,1.60
2009.11.20 10:58:59.168,1.06745,1.06765,1.00,1.60
2009.11.20 10:58:59.328,1.06745,1.06765,1.00,1.80
2009.11.20 10:58:59.448,1.06745,1.0676,1.00,1.00
2009.11.20 10:58:59.849,1.06745,1.0676,1.00,2.40
2009.11.20 10:59:00.028,1.06745,1.0676,1.00,5.60
2009.11.20 10:59:00.368,1.06745,1.06765,1.00,8.80
2009.11.20 10:59:00.728,1.06745,1.06765,1.00,5.60
2009.11.20 10:59:01.088,1.06745,1.06765,1.00,4.00
2009.11.20 10:59:04.277,1.06745,1.06765,1.00,4.20
2009.11.20 10:59:06.597,1.06745,1.06765,1.00,4.40
2009.11.20 10:59:06.937,1.06745,1.06765,1.00,6.00
2009.11.20 10:59:08.646,1.0674,1.06765,1.60,5.60
2009.11.20 10:59:25.492,1.0674,1.06765,1.60,9.00
2009.11.20 10:59:30.411,1.06735,1.06755,1.60,1.70
2009.11.20 10:59:30.761,1.0674,1.06755,1.60,2.00
2009.11.20 10:59:31.461,1.06735,1.06755,1.60,2.00
2009.11.20 10:59:31.801,1.06735,1.06755,1.60,1.80
2009.11.20 10:59:32.131,1.0674,1.0676,1.60,10.40
2009.11.20 10:59:32.510,1.0674,1.06765,1.60,9.00
2009.11.20 10:59:32.850,1.06735,1.06765,2.10,10.60
2009.11.20 10:59:33.221,1.06735,1.06765,2.00,10.60
2009.11.20 10:59:33.690,1.0674,1.06765,1.60,9.00
2009.11.20 10:59:41.258,1.0674,1.0676,1.60,4.80
2009.11.20 10:59:41.378,1.0674,1.0676,1.60,5.60
2009.11.20 10:59:41.488,1.06735,1.0676,1.60,7.20
2009.11.20 10:59:41.658,1.06735,1.06755,1.60,1.00
2009.11.20 10:59:41.828,1.06735,1.06755,1.60,5.80
2009.11.20 10:59:42.058,1.06735,1.06755,1.60,4.20
2009.11.20 10:59:43.428,1.0674,1.06755,1.60,4.20
2009.11.20 10:59:43.597,1.0674,1.0676,1.60,5.60
2009.11.20 10:59:45.657,1.06735,1.0676,1.60,8.00
2009.11.20 10:59:46.987,1.06735,1.0676,1.60,11.20
2009.11.20 10:59:47.277,1.06735,1.06755,1.60,4.00
2009.11.20 10:59:48.007,1.06735,1.0675,1.60,2.40
2009.11.20 10:59:48.237,1.06735,1.0675,1.60,6.40
2009.11.20 10:59:53.755,1.06735,1.0675,1.60,4.00
2009.11.20 10:59:53.865,1.0674,1.06755,1.60,4.00
2009.11.20 10:59:53.975,1.0674,1.0676,1.60,1.60
2009.11.20 10:59:55.185,1.06735,1.0676,1.60,11.20
2009.11.20 10:59:55.525,1.06735,1.06755,1.60,4.00
2009.11.20 10:59:55.864,1.0674,1.06755,1.60,4.00
2009.11.20 10:59:56.215,1.0674,1.0676,1.60,5.60
