2009.11.20 18:00:01.025,1.0713,1.0715,1.60,1.00
2009.11.20 18:00:02.285,1.0713,1.0715,1.60,2.20
2009.11.20 18:00:04.074,1.0713,1.0715,1.60,1.00
2009.11.20 18:00:06.634,1.07135,1.0715,1.60,1.00
2009.11.20 18:00:08.334,1.07135,1.0715,5.60,1.00
2009.11.20 18:00:09.073,1.07135,1.0715,3.20,1.00
2009.11.20 18:00:09.183,1.07135,1.0715,1.60,1.00
2009.11.20 18:00:10.583,1.07135,1.0715,1.60,1.00
2009.11.20 18:00:16.141,1.0713,1.0714,4.00,3.60
2009.11.20 18:00:16.431,1.0712,1.07135,1.60,1.60
2009.11.20 18:00:16.721,1.0711,1.0714,1.60,7.30
2009.11.20 18:00:16.961,1.0711,1.0714,4.80,7.20
2009.11.20 18:00:17.261,1.0711,1.07135,4.80,7.40
2009.11.20 18:00:17.781,1.0711,1.07135,4.80,7.40
2009.11.20 18:00:17.961,1.0711,1.07135,4.80,7.20
2009.11.20 18:00:18.191,1.0711,1.0713,4.80,1.00
2009.11.20 18:00:20.740,1.07115,1.0714,9.20,7.90
2009.11.20 18:00:20.910,1.07115,1.0714,9.00,6.30
2009.11.20 18:00:28.188,1.07115,1.0714,9.00,7.10
2009.11.20 18:00:28.468,1.07115,1.07135,1.00,7.20
2009.11.20 18:00:28.758,1.07115,1.07135,1.00,7.60
2009.11.20 18:00:32.718,1.07115,1.07135,1.00,7.20
2009.11.20 18:00:49.995,1.0711,1.07135,4.80,7.20
2009.11.20 18:00:52.662,1.0711,1.07135,4.80,7.40
2009.11.20 18:00:54.242,1.0711,1.07135,4.80,9.20
2009.11.20 18:00:54.482,1.0711,1.07135,4.80,9.70
2009.11.20 18:00:55.042,1.0711,1.07135,4.80,11.30
2009.11.20 18:00:55.282,1.0711,1.07135,1.60,19.30
2009.11.20 18:00:55.522,1.0711,1.07135,1.60,9.10
2009.11.20 18:00:55.762,1.0711,1.0713,1.60,5.60
2009.11.20 18:00:55.992,1.0711,1.0713,1.60,7.20
2009.11.20 18:00:56.562,1.0711,1.0713,1.60,8.70
2009.11.20 18:00:56.732,1.0711,1.0713,1.60,7.20
2009.11.20 18:00:56.911,1.0711,1.0713,1.60,5.60
2009.11.20 18:00:56.971,1.0711,1.0713,1.60,4.00
2009.11.20 18:00:57.031,1.0711,1.07135,3.70,11.50
2009.11.20 18:00:57.491,1.0711,1.07125,1.60,1.00
2009.11.20 18:00:59.811,1.0711,1.07125,3.20,1.00
2009.11.20 18:00:59.921,1.07115,1.07125,1.60,1.00
2009.11.20 18:01:01.060,1.0711,1.07125,1.60,1.00
2009.11.20 18:01:01.240,1.0711,1.07125,1.60,1.00
2009.11.20 18:01:07.229,1.0711,1.07135,1.60,14.90
2009.11.20 18:01:07.589,1.0711,1.07135,1.60,14.80
2009.11.20 18:01:07.939,1.0711,1.07135,1.60,14.70
2009.11.20 18:01:12.718,1.0711,1.07135,1.60,16.70
2009.11.20 18:01:13.058,1.0711,1.0713,1.60,1.60
2009.11.20 18:01:20.877,1.0711,1.07125,1.60,1.00
2009.11.20 18:01:21.277,1.0711,1.07125,1.60,1.00
2009.11.20 18:01:21.817,1.07105,1.07125,9.20,1.20
2009.11.20 18:01:22.087,1.07105,1.07125,9.20,2.80
2009.11.20 18:01:22.357,1.07105,1.07125,1.60,2.80
2009.11.20 18:01:23.077,1.07105,1.07125,1.60,2.00
2009.11.20 18:01:28.056,1.07105,1.07125,1.60,1.60
2009.11.20 18:01:28.375,1.071,1.07125,10.40,1.60
2009.11.20 18:01:29.415,1.07105,1.0712,1.60,1.00
2009.11.20 18:01:30.585,1.07105,1.07125,1.60,1.60
2009.11.20 18:01:32.275,1.07105,1.0713,1.60,11.90
2009.11.20 18:01:32.795,1.0711,1.0713,1.60,7.20
2009.11.20 18:01:33.154,1.0711,1.0713,4.40,4.00
2009.11.20 18:01:33.504,1.0711,1.07135,8.00,3.10
2009.11.20 18:01:34.544,1.0711,1.0714,1.60,17.50
2009.11.20 18:01:48.491,1.0711,1.07135,4.80,7.20
2009.11.20 18:01:48.841,1.0711,1.07135,11.20,1.60
2009.11.20 18:01:49.070,1.0711,1.07135,10.40,1.60
2009.11.20 18:01:49.120,1.0711,1.07135,8.80,3.20
2009.11.20 18:01:49.180,1.0711,1.07135,4.80,7.20
2009.11.20 18:02:00.318,1.0711,1.07135,1.60,8.70
2009.11.20 18:02:03.697,1.0711,1.07135,1.60,8.70
2009.11.20 18:02:03.867,1.07105,1.0713,1.60,11.90
2009.11.20 18:02:22.272,1.07105,1.07125,1.60,1.50
2009.11.20 18:02:28.181,1.071,1.0712,1.60,8.70
2009.11.20 18:02:28.561,1.071,1.07125,7.20,3.80
2009.11.20 18:02:28.921,1.071,1.07125,7.20,3.80
2009.11.20 18:02:32.510,1.071,1.07125,8.00,3.80
2009.11.20 18:02:32.860,1.071,1.07125,7.20,3.80
2009.11.20 18:02:48.236,1.07105,1.07125,1.60,1.50
2009.11.20 18:03:00.573,1.0711,1.0713,1.60,10.30
2009.11.20 18:03:00.803,1.0711,1.07135,1.60,20.80
2009.11.20 18:03:06.352,1.07105,1.07125,1.60,13.10
2009.11.20 18:03:06.702,1.0711,1.07125,1.00,1.00
2009.11.20 18:03:07.322,1.07105,1.07125,4.80,1.00
2009.11.20 18:03:09.801,1.0711,1.0712,1.60,1.00
2009.11.20 18:03:09.911,1.0711,1.0713,1.60,7.20
2009.11.20 18:03:10.311,1.0711,1.0713,1.60,5.60
2009.11.20 18:03:10.642,1.0711,1.0713,1.60,7.10
2009.11.20 18:03:11.392,1.0711,1.0713,1.60,5.60
2009.11.20 18:03:11.731,1.0712,1.07135,3.20,4.10
2009.11.20 18:03:21.968,1.07135,1.0715,1.60,4.70
2009.11.20 18:03:22.148,1.07135,1.07155,1.60,4.70
2009.11.20 18:03:23.118,1.07135,1.07155,2.40,4.70
2009.11.20 18:03:23.458,1.0714,1.0716,7.20,1.50
2009.11.20 18:03:25.437,1.0714,1.07165,7.20,8.40
2009.11.20 18:03:26.017,1.0714,1.07165,7.20,8.90
2009.11.20 18:03:26.367,1.0714,1.0716,1.60,1.50
2009.11.20 18:03:27.067,1.0714,1.0716,1.60,4.70
2009.11.20 18:03:28.696,1.0714,1.07155,1.60,1.50
2009.11.20 18:03:29.836,1.0714,1.07155,1.60,4.70
2009.11.20 18:03:29.956,1.07135,1.07155,1.60,4.70
2009.11.20 18:03:30.006,1.0714,1.07155,1.60,4.70
2009.11.20 18:03:30.226,1.0714,1.07155,1.60,3.20
2009.11.20 18:03:30.346,1.0714,1.0716,3.20,6.40
2009.11.20 18:03:30.406,1.0714,1.0716,3.20,5.60
2009.11.20 18:03:30.456,1.07145,1.07165,1.60,5.80
2009.11.20 18:03:30.516,1.07145,1.07165,1.60,7.40
2009.11.20 18:03:30.916,1.07145,1.0716,1.60,1.50
2009.11.20 18:03:32.086,1.0714,1.0716,1.60,1.50
2009.11.20 18:03:33.756,1.07145,1.0716,1.60,1.50
2009.11.20 18:03:34.046,1.07145,1.07165,1.60,5.80
2009.11.20 18:03:34.165,1.0715,1.07165,1.60,5.10
2009.11.20 18:03:34.285,1.0715,1.07165,1.60,1.00
2009.11.20 18:03:34.455,1.0715,1.0717,1.60,13.30
2009.11.20 18:03:34.565,1.0715,1.0717,1.60,10.90
2009.11.20 18:03:36.957,1.07155,1.0717,1.00,10.90
2009.11.20 18:03:37.245,1.0715,1.0717,1.60,9.30
2009.11.20 18:03:37.425,1.0715,1.0717,1.60,10.90
2009.11.20 18:03:39.574,1.0715,1.0717,1.60,9.30
2009.11.20 18:03:39.744,1.0715,1.0717,1.60,5.30
2009.11.20 18:03:39.924,1.07155,1.0717,1.60,2.10
2009.11.20 18:03:44.643,1.07155,1.0717,1.60,1.00
2009.11.20 18:03:44.813,1.07155,1.0717,1.60,1.00
2009.11.20 18:03:52.301,1.0715,1.07165,1.60,1.00
2009.11.20 18:03:52.531,1.0715,1.07165,1.60,1.00
2009.11.20 18:03:52.871,1.0716,1.07165,1.60,1.00
2009.11.20 18:03:54.200,1.07165,1.07175,1.60,8.70
2009.11.20 18:03:58.310,1.0717,1.07175,1.60,3.10
2009.11.20 18:03:58.489,1.0717,1.0718,1.60,11.10
2009.11.20 18:03:58.829,1.0717,1.07175,1.60,1.00
2009.11.20 18:04:05.358,1.07175,1.0718,1.60,3.60
2009.11.20 18:04:05.927,1.07175,1.0718,1.60,3.10
2009.11.20 18:04:12.806,1.07175,1.0718,2.10,3.10
2009.11.20 18:04:13.046,1.07175,1.0718,2.10,1.50
2009.11.20 18:04:13.266,1.0718,1.07185,1.60,1.60
2009.11.20 18:04:13.496,1.07175,1.07185,1.60,8.80
2009.11.20 18:04:13.716,1.0717,1.07185,1.60,10.70
2009.11.20 18:04:15.085,1.07175,1.07185,1.60,6.30
2009.11.20 18:04:15.145,1.07175,1.07185,1.60,6.10
2009.11.20 18:04:16.345,1.07175,1.0718,1.60,3.20
2009.11.20 18:04:16.685,1.07165,1.07175,1.60,1.60
2009.11.20 18:04:17.035,1.0717,1.07175,1.60,1.60
2009.11.20 18:04:17.385,1.0717,1.0718,1.60,5.90
2009.11.20 18:04:17.555,1.0717,1.0718,1.60,9.00
2009.11.20 18:04:18.475,1.0717,1.0718,1.60,9.10
2009.11.20 18:04:20.504,1.0717,1.07185,1.60,15.90
2009.11.20 18:04:20.734,1.07175,1.0718,1.60,1.60
2009.11.20 18:04:43.718,1.07175,1.07185,1.60,6.20
2009.11.20 18:04:56.095,1.07175,1.0718,1.60,1.60
2009.11.20 18:04:56.445,1.07155,1.0717,1.60,7.20
2009.11.20 18:04:56.735,1.07165,1.0717,1.60,4.00
2009.11.20 18:04:57.365,1.0716,1.0718,1.60,5.60
2009.11.20 18:04:57.725,1.0716,1.0718,3.20,5.40
2009.11.20 18:05:03.154,1.07165,1.0718,1.60,1.60
2009.11.20 18:05:15.201,1.07165,1.07185,1.60,11.80
2009.11.20 18:05:15.311,1.07165,1.07185,3.20,8.60
2009.11.20 18:05:15.421,1.0717,1.07185,1.60,7.20
2009.11.20 18:05:15.601,1.0717,1.07185,1.60,5.60
2009.11.20 18:05:15.721,1.0717,1.07185,1.60,1.60
2009.11.20 18:05:17.090,1.0717,1.07185,1.60,3.00
2009.11.20 18:05:22.869,1.07165,1.07185,1.60,11.80
2009.11.20 18:05:27.048,1.07165,1.0718,1.60,3.00
2009.11.20 18:05:31.047,1.07165,1.0718,1.60,8.60
2009.11.20 18:05:31.507,1.07165,1.0718,1.60,3.00
2009.11.20 18:05:38.465,1.0716,1.0718,3.20,11.80
2009.11.20 18:05:38.815,1.07165,1.0718,1.60,3.00
2009.11.20 18:05:48.693,1.0716,1.07175,1.60,1.60
2009.11.20 18:05:48.913,1.07165,1.07185,1.60,11.80
2009.11.20 18:06:00.670,1.07165,1.07185,1.60,12.60
2009.11.20 18:06:00.840,1.0716,1.0718,4.10,1.60
2009.11.20 18:06:01.050,1.0716,1.0718,4.10,7.00
2009.11.20 18:06:01.280,1.07165,1.0718,1.60,3.00
2009.11.20 18:06:01.510,1.0716,1.0718,3.20,7.00
2009.11.20 18:06:02.180,1.07165,1.0718,1.60,3.00
2009.11.20 18:06:02.519,1.0716,1.0718,3.20,7.00
2009.11.20 18:06:11.427,1.07165,1.0718,1.60,4.00
2009.11.20 18:06:11.547,1.0717,1.07185,1.60,6.20
2009.11.20 18:06:11.877,1.0717,1.07185,1.60,3.00
2009.11.20 18:06:12.157,1.0717,1.0718,1.60,1.60
2009.11.20 18:06:13.307,1.0717,1.07185,1.60,1.40
2009.11.20 18:06:13.867,1.0717,1.07185,1.60,3.00
2009.11.20 18:06:14.507,1.0718,1.07185,1.60,1.40
2009.11.20 18:06:14.567,1.0718,1.0719,1.60,2.40
2009.11.20 18:06:14.686,1.07175,1.07195,2.40,13.50
2009.11.20 18:06:14.797,1.0717,1.0719,5.60,3.80
2009.11.20 18:06:14.856,1.07165,1.0719,3.20,11.80
2009.11.20 18:06:14.967,1.07165,1.07185,3.20,1.40
2009.11.20 18:06:15.076,1.0717,1.07185,1.60,8.60
2009.11.20 18:06:15.306,1.07165,1.07185,1.60,10.20
2009.11.20 18:06:15.486,1.07165,1.0718,1.60,4.60
2009.11.20 18:06:16.186,1.07165,1.0718,1.60,1.40
2009.11.20 18:06:29.873,1.0716,1.0718,3.20,5.40
2009.11.20 18:06:34.662,1.0716,1.0718,3.20,8.60
2009.11.20 18:06:39.041,1.07165,1.0718,1.60,4.60
2009.11.20 18:06:43.190,1.07165,1.0718,1.60,1.40
2009.11.20 18:06:43.470,1.0716,1.0718,3.20,5.40
2009.11.20 18:06:47.109,1.0716,1.07175,1.60,5.60
2009.11.20 18:06:47.439,1.0716,1.07175,3.20,4.00
2009.11.20 18:06:47.788,1.0716,1.0718,3.20,7.00
2009.11.20 18:06:50.818,1.07165,1.0718,1.60,1.40
2009.11.20 18:06:50.998,1.0717,1.07185,1.60,6.20
2009.11.20 18:06:51.858,1.07165,1.0718,2.40,1.60
2009.11.20 18:06:52.027,1.07165,1.0718,1.60,1.60
2009.11.20 18:06:52.947,1.0717,1.07185,1.60,6.20
2009.11.20 18:06:53.987,1.07165,1.0718,1.60,1.60
2009.11.20 18:06:58.856,1.0717,1.0718,1.60,1.60
2009.11.20 18:06:59.096,1.07165,1.0718,1.00,7.00
2009.11.20 18:06:59.376,1.0716,1.0718,3.20,10.20
2009.11.20 18:07:03.805,1.0716,1.07175,1.60,5.60
2009.11.20 18:07:04.155,1.0716,1.0718,3.20,7.20
2009.11.20 18:07:05.584,1.0716,1.0718,3.20,8.00
2009.11.20 18:07:06.104,1.07155,1.07175,4.00,7.20
2009.11.20 18:07:06.444,1.0716,1.07175,1.60,7.00
2009.11.20 18:07:06.624,1.0716,1.0718,1.60,13.30
2009.11.20 18:07:07.314,1.0716,1.07175,1.60,7.80
2009.11.20 18:07:07.604,1.0716,1.07175,1.60,11.80
2009.11.20 18:07:07.904,1.0716,1.07175,1.60,3.00
2009.11.20 18:07:08.654,1.07155,1.07175,4.00,3.00
2009.11.20 18:07:09.004,1.0716,1.07175,1.60,4.60
2009.11.20 18:07:09.283,1.0716,1.07175,1.60,3.00
2009.11.20 18:07:10.263,1.0716,1.07175,1.60,6.20
2009.11.20 18:07:12.362,1.07155,1.07175,4.00,7.80
2009.11.20 18:07:12.533,1.07155,1.0718,4.00,19.70
2009.11.20 18:07:13.052,1.07155,1.07175,4.00,6.20
2009.11.20 18:07:13.392,1.0716,1.07175,1.60,10.20
2009.11.20 18:07:13.732,1.0716,1.07175,1.60,6.20
2009.11.20 18:07:14.152,1.07155,1.07175,4.00,7.80
2009.11.20 18:07:14.322,1.07155,1.07175,4.00,11.80
2009.11.20 18:07:14.932,1.07155,1.0717,1.00,1.60
2009.11.20 18:07:15.052,1.07155,1.0717,1.00,5.60
2009.11.20 18:07:15.222,1.07155,1.0717,1.00,7.20
2009.11.20 18:07:15.332,1.07155,1.0717,2.00,7.20
2009.11.20 18:07:15.392,1.07155,1.0717,3.20,4.00
2009.11.20 18:07:15.512,1.07155,1.07175,3.20,12.00
2009.11.20 18:07:15.572,1.07155,1.07165,3.20,1.00
2009.11.20 18:07:15.682,1.07155,1.07165,3.20,1.00
2009.11.20 18:07:15.782,1.07155,1.07165,3.20,1.00
2009.11.20 18:07:15.842,1.07155,1.07175,3.20,12.00
2009.11.20 18:07:17.461,1.07155,1.07175,3.60,12.00
2009.11.20 18:07:17.632,1.07155,1.07175,4.00,11.80
2009.11.20 18:07:19.661,1.07155,1.07175,4.00,8.60
2009.11.20 18:07:25.680,1.07155,1.07175,3.60,8.60
2009.11.20 18:07:25.849,1.07155,1.07175,3.60,11.80
2009.11.20 18:07:25.969,1.07155,1.07175,3.20,11.80
2009.11.20 18:07:26.949,1.07155,1.07175,3.20,12.00
2009.11.20 18:07:36.996,1.0716,1.07175,1.60,12.00
2009.11.20 18:07:37.217,1.0716,1.07175,1.60,6.20
2009.11.20 18:07:49.504,1.0716,1.07175,1.60,7.80
2009.11.20 18:07:49.684,1.07155,1.07175,3.20,11.80
2009.11.20 18:07:56.182,1.0716,1.07175,1.60,7.00
2009.11.20 18:07:56.472,1.0716,1.07175,1.60,3.00
2009.11.20 18:08:35.313,1.0716,1.0717,1.60,1.60
2009.11.20 18:08:35.433,1.07155,1.0717,2.40,1.60
2009.11.20 18:08:35.543,1.07155,1.0717,1.60,1.60
2009.11.20 18:08:38.012,1.07155,1.07175,1.60,12.00
2009.11.20 18:08:42.301,1.0717,1.07185,2.40,1.60
2009.11.20 18:08:42.641,1.0717,1.07185,1.60,1.60
2009.11.20 18:08:44.801,1.0717,1.07185,1.60,6.20
2009.11.20 18:08:45.090,1.0717,1.0718,1.60,1.60
2009.11.20 18:08:45.730,1.07165,1.0718,1.60,1.60
2009.11.20 18:08:48.560,1.07165,1.07185,3.20,11.80
2009.11.20 18:08:48.800,1.0717,1.07185,1.60,11.80
2009.11.20 18:08:49.080,1.0717,1.07185,1.60,6.20
2009.11.20 18:08:50.159,1.0717,1.07185,1.60,7.80
2009.11.20 18:08:50.789,1.07175,1.07185,1.60,6.20
2009.11.20 18:08:50.849,1.07175,1.07185,1.60,3.00
2009.11.20 18:08:53.388,1.0717,1.07185,1.60,1.40
2009.11.20 18:08:53.709,1.07175,1.07185,1.60,1.40
2009.11.20 18:09:03.396,1.0717,1.07185,1.60,1.40
2009.11.20 18:09:03.746,1.0717,1.07185,1.60,3.00
2009.11.20 18:09:06.435,1.0717,1.07185,1.60,6.20
2009.11.20 18:09:26.340,1.0717,1.0718,1.60,1.60
2009.11.20 18:09:26.520,1.0717,1.0718,1.60,3.20
2009.11.20 18:09:26.690,1.0716,1.0718,1.60,7.20
2009.11.20 18:09:36.088,1.0716,1.0718,3.20,4.00
2009.11.20 18:09:36.198,1.0717,1.0718,1.60,4.00
2009.11.20 18:09:36.248,1.0717,1.07185,1.60,6.20
2009.11.20 18:09:38.217,1.07165,1.07185,1.60,12.00
2009.11.20 18:09:38.558,1.07165,1.0718,1.60,1.00
2009.11.20 18:09:43.746,1.07165,1.0718,1.60,1.20
2009.11.20 18:09:49.615,1.07165,1.0718,1.60,1.00
2009.11.20 18:09:50.814,1.07165,1.0718,3.20,1.00
2009.11.20 18:09:51.044,1.0717,1.0718,1.60,1.00
2009.11.20 18:09:51.574,1.07175,1.07185,1.60,3.20
2009.11.20 18:09:51.804,1.07175,1.07185,1.60,1.60
2009.11.20 18:09:52.964,1.07175,1.07185,1.60,1.80
2009.11.20 18:09:57.573,1.07175,1.07185,1.60,1.50
2009.11.20 18:09:57.873,1.07175,1.07185,1.60,1.40
2009.11.20 18:10:07.070,1.07175,1.07185,1.60,1.60
2009.11.20 18:10:08.230,1.07175,1.07185,1.60,1.50
2009.11.20 18:10:08.580,1.07175,1.07185,1.60,1.40
2009.11.20 18:10:09.940,1.0717,1.0718,1.60,1.20
2009.11.20 18:10:10.060,1.07165,1.0718,1.60,1.20
2009.11.20 18:10:10.300,1.07165,1.0718,1.60,2.80
2009.11.20 18:10:14.599,1.07165,1.0718,1.60,3.60
2009.11.20 18:10:14.879,1.07165,1.0718,1.60,4.00
2009.11.20 18:10:21.017,1.07165,1.0718,1.60,4.80
2009.11.20 18:10:29.045,1.07165,1.0718,1.60,4.00
2009.11.20 18:10:43.512,1.0716,1.0718,1.60,11.10
2009.11.20 18:10:43.872,1.0716,1.07175,1.60,1.60
2009.11.20 18:10:50.520,1.07155,1.07165,4.10,1.00
2009.11.20 18:10:50.760,1.07155,1.07175,4.10,1.60
2009.11.20 18:10:58.248,1.07155,1.07165,4.10,1.00
2009.11.20 18:10:58.549,1.07155,1.07175,4.10,1.60
2009.11.20 18:11:00.068,1.07155,1.07175,1.60,1.60
2009.11.20 18:11:07.066,1.07155,1.0718,1.60,14.30
2009.11.20 18:11:08.096,1.07155,1.0718,1.60,15.10
2009.11.20 18:11:08.906,1.07155,1.0718,1.60,14.30
2009.11.20 18:11:10.345,1.07155,1.07175,1.00,6.20
2009.11.20 18:11:10.685,1.07155,1.07165,1.60,1.00
2009.11.20 18:11:11.365,1.07155,1.07175,1.60,11.80
2009.11.20 18:11:11.715,1.0715,1.07175,3.20,11.80
2009.11.20 18:11:24.672,1.07155,1.0717,1.60,1.40
2009.11.20 18:11:24.832,1.07155,1.07175,3.20,3.00
2009.11.20 18:11:25.642,1.07155,1.07175,3.20,1.60
2009.11.20 18:11:32.640,1.07155,1.07175,3.20,3.00
2009.11.20 18:11:33.390,1.07155,1.07175,3.20,6.20
2009.11.20 18:11:35.459,1.07155,1.07175,1.60,6.20
2009.11.20 18:11:35.739,1.0715,1.07175,5.60,11.80
2009.11.20 18:11:35.859,1.0715,1.07175,3.20,11.80
2009.11.20 18:12:27.677,1.07155,1.07175,1.60,8.60
2009.11.20 18:12:28.307,1.07165,1.0718,3.80,5.70
2009.11.20 18:12:28.657,1.0717,1.0718,1.60,1.00
2009.11.20 18:12:29.007,1.07165,1.07185,3.20,3.00
2009.11.20 18:12:42.483,1.07165,1.07185,1.60,3.00
2009.11.20 18:12:51.811,1.07165,1.0718,1.60,1.60
2009.11.20 18:12:52.101,1.0716,1.0718,3.20,1.60
2009.11.20 18:12:59.099,1.0716,1.07185,3.20,11.80
2009.11.20 18:13:00.559,1.0717,1.07185,3.20,1.60
2009.11.20 18:13:01.029,1.0717,1.07185,4.00,1.60
2009.11.20 18:13:01.489,1.0717,1.07185,4.40,1.60
2009.11.20 18:13:01.659,1.0717,1.07185,7.20,1.60
2009.11.20 18:13:01.779,1.0717,1.07185,7.40,1.60
2009.11.20 18:13:04.938,1.0717,1.07185,7.20,1.60
2009.11.20 18:13:05.048,1.0717,1.07185,5.60,1.60
2009.11.20 18:13:05.218,1.0717,1.07185,7.20,1.60
2009.11.20 18:13:06.977,1.0717,1.07195,7.20,11.80
2009.11.20 18:13:07.947,1.0717,1.07195,6.40,11.80
2009.11.20 18:13:10.186,1.0717,1.07195,6.00,11.80
2009.11.20 18:13:11.686,1.0717,1.0719,3.20,1.60
2009.11.20 18:13:12.276,1.0717,1.0719,1.60,3.00
2009.11.20 18:13:12.496,1.0717,1.0719,1.60,7.00
2009.11.20 18:13:18.065,1.0717,1.07185,1.60,1.40
2009.11.20 18:13:18.234,1.07165,1.07185,3.20,3.00
2009.11.20 18:13:19.724,1.0717,1.07185,1.60,1.40
2009.11.20 18:13:20.124,1.07165,1.07185,8.20,1.40
2009.11.20 18:13:20.284,1.0717,1.07185,3.20,1.40
2009.11.20 18:13:20.504,1.07165,1.07185,7.20,1.40
2009.11.20 18:13:20.674,1.07165,1.07185,3.20,1.40
2009.11.20 18:13:21.864,1.0717,1.07185,1.60,1.40
2009.11.20 18:13:22.144,1.0717,1.0719,3.20,6.20
2009.11.20 18:13:24.203,1.0717,1.0719,3.20,1.40
2009.11.20 18:13:27.662,1.07175,1.0719,1.60,1.40
2009.11.20 18:13:27.882,1.07175,1.07195,1.60,10.30
2009.11.20 18:13:28.062,1.07175,1.07195,1.60,10.20
2009.11.20 18:13:29.102,1.07175,1.07195,3.20,3.00
2009.11.20 18:13:31.181,1.07175,1.07195,3.20,3.80
2009.11.20 18:13:31.301,1.0717,1.0719,2.60,7.20
2009.11.20 18:13:31.421,1.0717,1.0719,2.60,8.80
2009.11.20 18:13:31.761,1.0717,1.0719,6.60,1.60
2009.11.20 18:13:32.041,1.07175,1.07195,1.60,3.00
2009.11.20 18:13:32.861,1.07175,1.07185,1.60,1.00
2009.11.20 18:13:39.250,1.0717,1.07185,8.40,1.00
2009.11.20 18:13:39.590,1.0717,1.07185,3.30,1.00
2009.11.20 18:13:40.119,1.0717,1.07195,3.30,9.40
2009.11.20 18:13:46.178,1.0717,1.07195,3.20,12.60
2009.11.20 18:14:11.192,1.0717,1.07195,3.20,11.80
2009.11.20 18:14:17.080,1.0717,1.0719,3.20,1.60
2009.11.20 18:14:17.241,1.0717,1.0719,1.60,1.60
2009.11.20 18:14:17.421,1.0717,1.0719,1.60,5.60
2009.11.20 18:14:50.932,1.0717,1.0719,1.60,6.40
2009.11.20 18:14:51.042,1.07165,1.0719,6.50,6.40
2009.11.20 18:14:51.102,1.07165,1.0719,4.80,9.40
2009.11.20 18:14:51.212,1.07165,1.07185,1.60,5.60
2009.11.20 18:15:01.810,1.07165,1.07185,1.60,7.20
2009.11.20 18:15:09.268,1.0717,1.07185,1.20,5.60
2009.11.20 18:15:09.618,1.0717,1.07185,2.80,4.00
2009.11.20 18:15:09.998,1.0717,1.07195,4.40,11.80
2009.11.20 18:15:26.254,1.0717,1.07195,3.20,11.80
2009.11.20 18:15:27.403,1.0717,1.0719,3.20,1.60
2009.11.20 18:15:44.969,1.0717,1.0719,3.20,2.40
2009.11.20 18:15:45.199,1.07165,1.0719,13.10,1.60
2009.11.20 18:15:45.969,1.0717,1.0719,3.20,3.80
2009.11.20 18:15:47.719,1.0717,1.07185,1.60,1.60
2009.11.20 18:15:47.899,1.07165,1.0718,4.10,1.60
2009.11.20 18:15:48.129,1.07165,1.0718,3.20,5.60
2009.11.20 18:15:48.308,1.07165,1.07185,3.20,6.60
2009.11.20 18:15:48.998,1.0717,1.0718,1.60,1.60
2009.11.20 18:15:49.338,1.0716,1.0718,2.30,4.80
2009.11.20 18:15:49.578,1.07165,1.0718,3.20,5.60
2009.11.20 18:15:49.748,1.07165,1.07185,3.20,3.00
2009.11.20 18:15:50.788,1.07165,1.07185,3.20,1.40
2009.11.20 18:15:50.958,1.0717,1.07185,1.60,1.40
2009.11.20 18:15:51.078,1.07165,1.07185,3.20,3.00
2009.11.20 18:15:51.358,1.0717,1.07185,1.60,1.40
2009.11.20 18:15:52.997,1.07165,1.07185,4.10,6.20
2009.11.20 18:15:53.057,1.07165,1.07185,1.60,6.20
2009.11.20 18:15:54.377,1.0716,1.0718,2.50,7.20
2009.11.20 18:15:54.737,1.07165,1.07185,1.60,6.80
2009.11.20 18:15:54.977,1.07165,1.07185,2.00,6.20
2009.11.20 18:16:09.988,1.07124,1.07164,6.30,5.60
2009.11.20 18:16:10.348,1.0713,1.0717,3.60,1.00
2009.11.20 18:16:24.114,1.07138,1.07178,1.00,1.60
2009.11.20 18:16:30.083,1.07141,1.07181,1.00,1.00
2009.11.20 18:16:30.503,1.07141,1.07181,1.00,3.70
2009.11.20 18:16:34.812,1.0714,1.0718,1.00,1.00
2009.11.20 18:16:36.601,1.07137,1.07172,1.00,1.60
2009.11.20 18:16:44.799,1.07126,1.07166,1.00,3.70
2009.11.20 18:16:45.039,1.0712,1.0716,1.00,5.60
2009.11.20 18:16:45.149,1.07122,1.07162,1.00,5.70
2009.11.20 18:16:45.319,1.07131,1.07161,1.00,1.60
2009.11.20 18:16:45.439,1.07133,1.07168,1.00,3.70
2009.11.20 18:16:50.688,1.07134,1.07174,5.20,4.00
2009.11.20 18:16:52.267,1.07141,1.07171,6.20,5.70
2009.11.20 18:16:52.897,1.07143,1.07173,5.20,1.60
2009.11.20 18:16:53.637,1.07138,1.07178,1.00,1.60
2009.11.20 18:17:08.229,1.07165,1.0718,2.00,1.60
2009.11.20 18:17:08.409,1.07165,1.0718,1.00,2.80
2009.11.20 18:17:08.649,1.07165,1.0718,1.00,1.60
2009.11.20 18:17:08.879,1.07165,1.07185,3.60,7.00
2009.11.20 18:17:09.059,1.07165,1.07185,3.60,3.00
2009.11.20 18:17:23.235,1.07165,1.0718,3.60,4.00
2009.11.20 18:17:23.526,1.0717,1.0718,1.60,4.00
2009.11.20 18:17:23.825,1.0717,1.0718,3.20,4.00
2009.11.20 18:17:28.614,1.0717,1.0719,3.20,1.60
2009.11.20 18:17:30.624,1.0717,1.0719,1.60,5.60
2009.11.20 18:17:37.832,1.0717,1.07195,3.20,10.20
2009.11.20 18:17:38.392,1.0717,1.07195,3.20,11.80
2009.11.20 18:17:38.672,1.0717,1.07195,3.30,8.60
2009.11.20 18:17:42.741,1.0717,1.07195,4.00,8.60
2009.11.20 18:17:42.843,1.07175,1.07195,1.60,8.60
2009.11.20 18:17:47.480,1.07175,1.07195,2.40,8.60
2009.11.20 18:17:47.710,1.07185,1.07195,1.60,4.00
2009.11.20 18:17:47.930,1.07185,1.07205,3.20,6.20
2009.11.20 18:17:48.290,1.07185,1.07205,1.60,6.20
2009.11.20 18:17:48.640,1.07185,1.07205,3.20,6.20
2009.11.20 18:17:49.909,1.07185,1.07205,3.20,1.40
2009.11.20 18:17:50.189,1.0719,1.07205,1.60,1.40
2009.11.20 18:17:50.819,1.07185,1.07205,3.20,6.20
2009.11.20 18:17:59.817,1.07185,1.07205,3.20,3.00
2009.11.20 18:18:01.466,1.07185,1.07205,3.60,3.00
2009.11.20 18:18:07.615,1.07185,1.07205,2.00,8.60
2009.11.20 18:18:18.702,1.07185,1.07205,1.60,8.60
2009.11.20 18:18:18.822,1.0718,1.07205,3.30,7.00
2009.11.20 18:18:18.992,1.0718,1.07205,3.30,10.20
2009.11.20 18:18:19.112,1.0718,1.07205,3.20,10.20
2009.11.20 18:18:19.402,1.0718,1.07205,3.20,10.40
2009.11.20 18:18:21.112,1.0718,1.07205,3.20,10.70
2009.11.20 18:18:21.382,1.0718,1.07205,3.20,11.50
2009.11.20 18:18:21.562,1.0718,1.07205,3.20,11.70
2009.11.20 18:18:22.143,1.0718,1.07205,3.20,10.90
2009.11.20 18:18:22.372,1.0718,1.07205,3.20,10.70
2009.11.20 18:18:23.651,1.0718,1.07205,3.20,10.30
2009.11.20 18:18:24.001,1.0718,1.07205,3.20,10.20
2009.11.20 18:18:30.802,1.0718,1.07205,3.20,11.30
2009.11.20 18:18:31.102,1.0718,1.07205,3.20,11.80
2009.11.20 18:18:39.220,1.0718,1.07205,3.20,11.50
2009.11.20 18:18:39.340,1.0718,1.07205,3.20,10.70
2009.11.20 18:18:40.790,1.07185,1.07205,1.60,10.20
2009.11.20 18:18:41.010,1.07185,1.07205,1.60,5.40
2009.11.20 18:18:41.300,1.07185,1.0721,3.20,10.20
2009.11.20 18:18:41.880,1.07185,1.07205,3.20,3.00
2009.11.20 18:18:42.230,1.07185,1.07205,3.20,6.20
2009.11.20 18:19:09.223,1.0719,1.07205,3.20,4.60
2009.11.20 18:19:09.453,1.0719,1.0721,3.20,3.00
2009.11.20 18:19:12.932,1.0719,1.0721,3.20,1.40
2009.11.20 18:19:13.572,1.0719,1.0721,3.20,3.00
2009.11.20 18:19:13.802,1.0719,1.0721,1.60,5.40
2009.11.20 18:19:21.140,1.0719,1.0721,3.20,1.40
2009.11.20 18:19:47.694,1.0719,1.07205,3.20,1.00
2009.11.20 18:19:47.814,1.0718,1.072,6.60,6.30
2009.11.20 18:19:47.984,1.07185,1.072,1.60,6.30
2009.11.20 18:19:48.154,1.07185,1.072,1.60,1.00
2009.11.20 18:19:48.274,1.07185,1.07205,1.60,6.40
2009.11.20 18:19:48.734,1.07185,1.0721,3.20,10.40
2009.11.20 18:19:48.964,1.07185,1.0721,3.20,11.00
2009.11.20 18:19:54.242,1.07185,1.07205,1.60,6.20
2009.11.20 18:19:54.352,1.0718,1.07205,3.30,7.00
2009.11.20 18:19:54.872,1.0718,1.07205,3.20,10.20
2009.11.20 18:20:00.881,1.0718,1.072,1.60,1.60
2009.11.20 18:20:01.171,1.07175,1.07195,1.60,11.60
2009.11.20 18:20:01.511,1.0717,1.0719,4.80,1.60
2009.11.20 18:20:02.091,1.0717,1.07195,4.80,15.50
2009.11.20 18:20:02.440,1.0717,1.0719,4.00,1.60
2009.11.20 18:20:02.790,1.07175,1.07195,3.20,2.80
2009.11.20 18:20:03.080,1.07175,1.0719,1.60,1.60
2009.11.20 18:20:04.310,1.07175,1.07195,3.20,1.60
2009.11.20 18:20:09.478,1.07175,1.072,3.20,10.20
2009.11.20 18:20:12.338,1.0718,1.072,1.60,10.20
2009.11.20 18:20:12.508,1.0718,1.072,1.60,7.00
2009.11.20 18:20:12.728,1.0718,1.072,3.20,5.60
2009.11.20 18:20:12.898,1.0718,1.07205,3.20,10.20
2009.11.20 18:20:20.066,1.0718,1.072,3.20,1.60
2009.11.20 18:20:21.976,1.0718,1.07205,3.20,10.20
2009.11.20 18:20:22.335,1.07185,1.07205,1.60,6.20
2009.11.20 18:20:22.626,1.07185,1.07205,1.60,3.00
2009.11.20 18:20:31.034,1.07185,1.07205,1.60,4.60
2009.11.20 18:20:31.203,1.0718,1.07205,3.30,8.60
2009.11.20 18:20:31.654,1.07185,1.07205,3.20,8.60
2009.11.20 18:20:31.823,1.07185,1.07205,3.20,7.00
2009.11.20 18:20:32.343,1.07185,1.07205,3.20,3.00
2009.11.20 18:20:39.241,1.0719,1.0721,1.60,6.20
2009.11.20 18:20:39.471,1.0719,1.0721,3.20,6.20
2009.11.20 18:20:39.651,1.0719,1.07205,1.60,1.60
2009.11.20 18:20:40.001,1.07185,1.072,3.20,1.60
2009.11.20 18:20:40.181,1.0719,1.07205,1.60,3.20
2009.11.20 18:20:40.521,1.07185,1.072,3.70,1.60
2009.11.20 18:20:40.691,1.07185,1.072,1.60,2.40
2009.11.20 18:20:40.991,1.07185,1.072,1.60,2.00
2009.11.20 18:20:41.871,1.07185,1.072,1.60,3.60
2009.11.20 18:20:42.041,1.0718,1.072,3.90,3.60
2009.11.20 18:20:42.221,1.0718,1.072,3.20,3.40
2009.11.20 18:20:45.000,1.0718,1.072,3.20,3.00
2009.11.20 18:20:45.300,1.0718,1.07205,3.20,15.90
2009.11.20 18:20:45.580,1.0718,1.07205,3.20,15.50
2009.11.20 18:20:47.739,1.07185,1.07205,1.60,6.20
2009.11.20 18:20:48.019,1.0718,1.07205,3.30,8.60
2009.11.20 18:20:48.299,1.0718,1.07205,3.20,8.60
2009.11.20 18:20:48.589,1.0718,1.07205,3.20,11.80
2009.11.20 18:20:49.219,1.07185,1.07205,3.20,6.20
2009.11.20 18:21:18.332,1.07185,1.07205,3.20,3.00
2009.11.20 18:21:19.412,1.07185,1.07205,3.20,1.40
2009.11.20 18:21:21.001,1.0719,1.07205,1.60,1.40
2009.11.20 18:21:21.171,1.0719,1.0721,1.60,7.00
2009.11.20 18:21:21.351,1.0719,1.0721,3.20,1.40
2009.11.20 18:21:28.989,1.07195,1.0721,1.00,1.40
2009.11.20 18:21:29.149,1.07195,1.0721,1.80,1.40
2009.11.20 18:21:29.329,1.07195,1.07215,1.80,7.00
2009.11.20 18:21:30.200,1.07195,1.07215,1.80,6.20
2009.11.20 18:21:37.448,1.07195,1.07215,3.40,6.20
2009.11.20 18:21:37.678,1.07195,1.07215,3.60,3.00
2009.11.20 18:21:38.257,1.07195,1.07215,3.90,3.00
2009.11.20 18:21:45.655,1.07195,1.07215,3.70,3.00
2009.11.20 18:21:51.244,1.07195,1.07215,4.00,3.00
2009.11.20 18:22:01.102,1.07195,1.07215,3.20,3.00
2009.11.20 18:22:02.601,1.07195,1.07215,4.20,3.00
2009.11.20 18:22:12.719,1.07195,1.07215,3.20,3.00
2009.11.20 18:22:18.707,1.07195,1.07215,4.40,1.40
2009.11.20 18:22:22.297,1.07195,1.07215,6.00,1.40
2009.11.20 18:22:22.517,1.072,1.0722,1.60,6.20
2009.11.20 18:22:22.747,1.072,1.0722,3.20,6.20
2009.11.20 18:22:30.335,1.07205,1.0722,1.60,4.60
2009.11.20 18:22:30.445,1.07205,1.0722,1.60,1.40
2009.11.20 18:22:31.574,1.0721,1.07225,1.60,4.00
2009.11.20 18:22:31.814,1.0721,1.0723,3.20,6.20
2009.11.20 18:22:37.193,1.0721,1.0723,1.60,6.20
2009.11.20 18:22:38.863,1.0721,1.0723,3.20,1.40
2009.11.20 18:22:39.213,1.07215,1.07235,1.60,8.30
2009.11.20 18:22:39.552,1.07215,1.07235,1.60,5.10
2009.11.20 18:22:39.932,1.0721,1.0723,7.20,4.60
2009.11.20 18:22:40.282,1.0721,1.0723,3.20,6.20
2009.11.20 18:22:42.532,1.0721,1.0723,3.20,4.60
2009.11.20 18:22:42.652,1.0721,1.07235,3.20,11.80
2009.11.20 18:22:42.772,1.07215,1.07235,1.60,11.80
2009.11.20 18:22:43.122,1.07215,1.07235,1.60,12.00
2009.11.20 18:22:43.461,1.07215,1.07235,1.60,8.80
2009.11.20 18:22:46.731,1.07215,1.07235,1.60,10.40
2009.11.20 18:22:46.971,1.07215,1.07235,1.60,11.20
2009.11.20 18:22:47.371,1.07215,1.07235,1.60,9.60
2009.11.20 18:22:47.651,1.07215,1.07235,1.60,4.80
2009.11.20 18:22:47.930,1.07215,1.07235,1.60,14.00
2009.11.20 18:22:48.850,1.07215,1.07235,1.60,12.40
2009.11.20 18:22:49.210,1.07215,1.07235,7.20,1.00
2009.11.20 18:22:56.128,1.07215,1.07235,7.40,1.00
2009.11.20 18:22:56.389,1.07215,1.07235,7.20,1.00
2009.11.20 18:22:58.458,1.0722,1.07235,3.30,1.00
2009.11.20 18:22:58.638,1.0722,1.07245,7.30,6.60
2009.11.20 18:22:59.278,1.0722,1.07245,7.30,6.30
2009.11.20 18:22:59.558,1.0722,1.07245,7.30,5.90
2009.11.20 18:22:59.738,1.0722,1.07245,7.30,5.70
2009.11.20 18:22:59.918,1.0722,1.07245,7.30,5.40
2009.11.20 18:23:00.038,1.0722,1.07245,10.50,4.00
2009.11.20 18:23:02.287,1.0722,1.07245,10.50,3.20
2009.11.20 18:23:02.517,1.0722,1.07245,10.50,2.40
2009.11.20 18:23:02.697,1.0722,1.07245,10.40,3.90
2009.11.20 18:23:02.747,1.0722,1.07245,7.20,7.10
2009.11.20 18:23:05.376,1.0722,1.07245,7.20,6.70
2009.11.20 18:23:05.546,1.0722,1.07245,7.20,6.40
2009.11.20 18:23:05.786,1.0722,1.07245,7.30,3.20
2009.11.20 18:23:07.116,1.0722,1.07245,7.30,3.00
2009.11.20 18:23:08.396,1.07225,1.07245,1.00,3.00
2009.11.20 18:23:08.575,1.0722,1.07245,11.00,3.00
2009.11.20 18:23:08.685,1.07225,1.07245,6.90,3.00
2009.11.20 18:23:08.855,1.07225,1.07245,5.50,1.60
2009.11.20 18:23:09.125,1.0723,1.0725,1.60,11.30
2009.11.20 18:23:14.624,1.0723,1.0725,1.60,8.10
2009.11.20 18:23:15.314,1.0723,1.07255,1.60,15.00
2009.11.20 18:23:15.654,1.0723,1.07255,1.60,14.20
2009.11.20 18:23:16.004,1.07235,1.0726,1.60,14.60
2009.11.20 18:23:16.394,1.07235,1.0726,1.60,13.40
2009.11.20 18:23:18.323,1.07235,1.0726,1.60,13.40
2009.11.20 18:23:19.583,1.07235,1.07255,1.60,1.40
2009.11.20 18:23:20.673,1.0723,1.0725,6.10,3.60
2009.11.20 18:23:20.913,1.0723,1.07255,1.60,19.70
2009.11.20 18:23:25.002,1.0723,1.0725,1.60,9.90
2009.11.20 18:23:25.292,1.0723,1.07245,1.60,5.20
2009.11.20 18:23:25.591,1.07225,1.0724,1.60,4.60
2009.11.20 18:23:26.211,1.0723,1.07245,9.90,2.00
2009.11.20 18:23:26.561,1.07225,1.07245,1.60,12.60
2009.11.20 18:23:26.781,1.07225,1.07245,1.60,12.20
2009.11.20 18:23:27.021,1.0723,1.07245,1.60,1.00
2009.11.20 18:23:27.261,1.0723,1.0725,1.60,10.20
2009.11.20 18:23:27.491,1.0723,1.07255,1.60,12.60
2009.11.20 18:23:32.880,1.0723,1.0725,7.20,3.00
2009.11.20 18:23:33.110,1.0723,1.07255,1.60,12.60
2009.11.20 18:23:33.580,1.0723,1.07255,1.60,12.60
2009.11.20 18:23:36.009,1.0723,1.07255,1.60,12.60
2009.11.20 18:23:36.299,1.0723,1.07255,7.20,7.00
2009.11.20 18:23:37.349,1.07235,1.0725,1.60,1.40
2009.11.20 18:23:37.679,1.07235,1.07255,1.60,3.80
2009.11.20 18:23:37.849,1.07235,1.07255,1.60,3.00
2009.11.20 18:23:38.318,1.07235,1.07255,1.60,1.40
2009.11.20 18:23:38.539,1.07235,1.0726,7.20,6.20
2009.11.20 18:23:38.888,1.07235,1.07265,7.70,12.60
2009.11.20 18:23:39.288,1.07235,1.0726,7.20,6.20
2009.11.20 18:23:40.018,1.07235,1.07265,7.20,12.60
2009.11.20 18:23:40.638,1.0724,1.07265,1.20,12.60
2009.11.20 18:23:41.038,1.07235,1.07265,7.20,12.60
2009.11.20 18:23:42.138,1.07235,1.07265,8.00,12.60
2009.11.20 18:23:42.298,1.0724,1.0726,3.60,6.20
2009.11.20 18:23:42.468,1.0724,1.0726,5.20,1.60
2009.11.20 18:23:42.637,1.0724,1.07265,9.20,6.20
2009.11.20 18:23:43.087,1.07245,1.07265,1.60,6.20
2009.11.20 18:23:43.447,1.07245,1.07265,1.60,3.00
2009.11.20 18:23:44.017,1.07245,1.07265,3.20,3.00
2009.11.20 18:23:51.675,1.07245,1.07265,1.60,4.60
2009.11.20 18:23:51.845,1.07245,1.07265,1.60,8.60
2009.11.20 18:23:53.755,1.07245,1.07265,3.20,8.60
2009.11.20 18:23:57.404,1.07245,1.07265,1.60,8.60
2009.11.20 18:24:01.103,1.07245,1.07265,2.40,8.60
2009.11.20 18:24:01.433,1.07255,1.0727,1.00,3.90
2009.11.20 18:24:01.723,1.07245,1.0727,7.20,10.20
2009.11.20 18:24:02.013,1.0725,1.0727,1.60,15.80
2009.11.20 18:24:02.303,1.0725,1.0727,1.60,10.30
2009.11.20 18:24:03.912,1.0725,1.0727,1.60,10.20
2009.11.20 18:24:04.142,1.07255,1.07275,1.60,12.60
2009.11.20 18:24:09.611,1.0726,1.0727,3.20,3.00
2009.11.20 18:24:09.841,1.07255,1.0727,3.20,3.00
2009.11.20 18:24:24.787,1.0726,1.07275,3.20,6.20
2009.11.20 18:24:25.127,1.07255,1.0727,3.80,3.00
2009.11.20 18:24:25.427,1.07255,1.0727,3.20,3.00
2009.11.20 18:24:28.416,1.07255,1.07265,3.20,1.60
2009.11.20 18:24:34.245,1.0725,1.07265,7.90,1.60
2009.11.20 18:24:34.475,1.0725,1.07265,3.20,1.60
2009.11.20 18:24:36.044,1.07255,1.07265,1.60,1.60
2009.11.20 18:24:36.214,1.07255,1.07265,3.20,1.60
2009.11.20 18:24:39.683,1.0725,1.07265,3.20,1.60
2009.11.20 18:24:39.973,1.0725,1.0726,3.20,1.60
2009.11.20 18:24:44.163,1.0725,1.07265,3.20,1.60
2009.11.20 18:24:50.941,1.0725,1.07265,1.60,1.60
2009.11.20 18:24:53.820,1.07245,1.07265,3.40,5.60
2009.11.20 18:24:54.060,1.0725,1.07265,1.60,1.60
2009.11.20 18:25:01.548,1.0724,1.07255,4.40,5.60
2009.11.20 18:25:01.888,1.0722,1.0725,1.60,13.10
2009.11.20 18:25:02.238,1.07215,1.0724,1.60,1.60
2009.11.20 18:25:03.528,1.07225,1.07235,1.60,1.60
2009.11.20 18:25:08.387,1.07225,1.0724,1.60,6.20
2009.11.20 18:25:08.737,1.07225,1.0724,1.60,3.00
2009.11.20 18:25:10.226,1.07225,1.0724,1.60,1.60
2009.11.20 18:25:28.502,1.07225,1.0724,1.60,3.00
2009.11.20 18:25:29.472,1.0722,1.0724,3.70,3.00
2009.11.20 18:25:46.207,1.07225,1.0724,1.60,1.40
2009.11.20 18:25:46.387,1.07225,1.0724,3.20,1.40
2009.11.20 18:25:46.557,1.07225,1.07245,4.90,1.60
2009.11.20 18:25:46.727,1.0723,1.0725,4.10,2.40
2009.11.20 18:25:46.897,1.0723,1.0725,4.10,1.00
2009.11.20 18:25:47.067,1.07235,1.07255,1.60,11.80
2009.11.20 18:25:48.787,1.0724,1.07255,1.60,7.00
2009.11.20 18:25:49.007,1.0724,1.0726,3.70,6.20
2009.11.20 18:25:49.357,1.07245,1.0726,1.60,3.00
2009.11.20 18:25:49.687,1.07245,1.0726,1.60,1.60
2009.11.20 18:26:07.212,1.07245,1.07265,1.60,6.20
2009.11.20 18:26:07.493,1.0725,1.07265,1.60,3.00
2009.11.20 18:26:07.782,1.0725,1.07265,2.10,1.60
2009.11.20 18:26:16.710,1.0725,1.07265,2.10,3.00
2009.11.20 18:26:32.616,1.0725,1.07265,3.70,1.40
2009.11.20 18:26:32.736,1.0725,1.07265,5.30,1.40
2009.11.20 18:26:32.796,1.0725,1.0727,5.30,3.00
2009.11.20 18:26:32.906,1.07255,1.0727,2.50,3.00
2009.11.20 18:26:33.076,1.07255,1.0727,1.00,3.00
2009.11.20 18:26:33.186,1.0725,1.0727,3.20,6.20
2009.11.20 18:26:33.246,1.0725,1.0727,4.10,6.20
2009.11.20 18:26:34.816,1.07255,1.0727,1.60,1.40
2009.11.20 18:26:34.936,1.07255,1.0727,2.10,1.40
2009.11.20 18:26:35.056,1.07255,1.0727,1.60,6.20
2009.11.20 18:26:35.236,1.0725,1.0727,3.20,6.20
2009.11.20 18:26:35.346,1.0725,1.0727,2.50,6.20
2009.11.20 18:26:35.516,1.0725,1.0727,2.50,7.00
2009.11.20 18:26:35.976,1.0725,1.0727,4.10,5.40
2009.11.20 18:26:38.325,1.07255,1.07265,1.60,1.40
2009.11.20 18:26:38.385,1.0725,1.07265,6.10,1.40
2009.11.20 18:26:38.725,1.0725,1.0727,2.10,6.20
2009.11.20 18:26:39.715,1.07255,1.0727,2.10,3.00
2009.11.20 18:26:39.885,1.07255,1.0727,2.10,1.40
2009.11.20 18:26:40.525,1.07255,1.0727,2.10,4.60
2009.11.20 18:26:40.644,1.0725,1.07265,1.00,1.40
2009.11.20 18:26:40.755,1.07245,1.07265,7.70,1.40
2009.11.20 18:26:40.924,1.07245,1.07265,3.70,1.40
2009.11.20 18:26:41.274,1.0725,1.07265,1.60,1.40
2009.11.20 18:26:41.384,1.0725,1.07265,2.10,1.40
2009.11.20 18:27:00.730,1.0725,1.07265,2.10,2.20
2009.11.20 18:27:00.900,1.0725,1.0726,1.60,4.60
2009.11.20 18:27:01.070,1.0724,1.0726,2.30,4.60
2009.11.20 18:27:01.750,1.07245,1.0726,3.20,4.00
2009.11.20 18:27:01.809,1.07245,1.07265,3.20,3.00
2009.11.20 18:28:22.800,1.07245,1.0726,3.20,1.00
2009.11.20 18:28:22.980,1.07245,1.0726,1.60,2.30
2009.11.20 18:28:23.160,1.07235,1.07255,4.30,1.60
2009.11.20 18:28:23.320,1.07235,1.07255,4.10,2.40
2009.11.20 18:28:23.550,1.07235,1.07245,4.10,1.00
2009.11.20 18:28:23.730,1.07235,1.07245,2.50,3.10
2009.11.20 18:28:23.910,1.07235,1.07245,1.60,6.80
2009.11.20 18:28:24.079,1.07225,1.07235,1.80,1.00
2009.11.20 18:28:24.299,1.07235,1.0724,1.60,4.80
2009.11.20 18:28:24.650,1.07215,1.0724,3.20,7.70
2009.11.20 18:28:25.000,1.0721,1.0724,3.20,12.50
2009.11.20 18:28:28.659,1.0721,1.0723,1.00,5.60
2009.11.20 18:28:29.228,1.0722,1.0723,1.60,4.00
2009.11.20 18:28:29.468,1.07215,1.0724,5.60,1.00
2009.11.20 18:28:29.799,1.0721,1.07235,3.80,1.60
2009.11.20 18:28:30.068,1.0721,1.07235,1.00,1.60
2009.11.20 18:28:30.308,1.07215,1.07235,1.00,5.60
2009.11.20 18:28:30.598,1.07215,1.07235,1.00,5.60
2009.11.20 18:28:30.878,1.0721,1.07235,3.30,10.10
2009.11.20 18:28:31.158,1.0721,1.0723,1.60,5.40
2009.11.20 18:28:31.428,1.07205,1.07225,5.60,1.60
2009.11.20 18:28:33.487,1.07205,1.0723,5.60,10.20
2009.11.20 18:28:33.717,1.07205,1.07225,5.60,1.60
2009.11.20 18:28:34.458,1.07205,1.07225,5.20,1.60
2009.11.20 18:28:34.678,1.07205,1.07225,7.60,1.60
2009.11.20 18:28:35.007,1.07205,1.07225,9.20,1.60
2009.11.20 18:28:35.937,1.07205,1.07225,8.40,1.60
2009.11.20 18:28:36.107,1.07205,1.07225,6.80,1.60
2009.11.20 18:28:36.277,1.07205,1.07225,2.00,7.20
2009.11.20 18:28:36.447,1.07205,1.07225,1.90,7.20
2009.11.20 18:28:37.306,1.07205,1.07225,2.10,7.20
2009.11.20 18:28:38.786,1.07205,1.07225,2.00,7.20
2009.11.20 18:28:39.466,1.07205,1.07225,1.90,7.20
2009.11.20 18:28:39.876,1.07205,1.07225,1.70,7.20
2009.11.20 18:28:42.095,1.07205,1.07225,1.40,7.20
2009.11.20 18:28:42.455,1.072,1.07215,4.90,2.40
2009.11.20 18:28:42.625,1.07195,1.0721,1.00,3.90
2009.11.20 18:28:42.805,1.07195,1.07205,1.60,1.60
2009.11.20 18:28:43.025,1.07195,1.0721,1.60,1.60
2009.11.20 18:28:43.195,1.0719,1.0721,1.60,1.60
2009.11.20 18:28:47.384,1.07195,1.0721,1.60,1.60
2009.11.20 18:28:47.674,1.072,1.0721,1.60,1.60
2009.11.20 18:28:47.954,1.072,1.07215,1.60,3.00
2009.11.20 18:28:48.824,1.07195,1.0721,6.00,4.30
2009.11.20 18:28:48.994,1.07195,1.0721,1.60,4.30
2009.11.20 18:28:49.233,1.07195,1.07205,1.60,1.60
2009.11.20 18:28:49.394,1.0719,1.07205,1.60,1.60
2009.11.20 18:28:58.102,1.072,1.0722,1.70,1.60
2009.11.20 18:28:59.391,1.072,1.0722,4.90,1.60
2009.11.20 18:29:02.460,1.072,1.0722,6.50,1.60
2009.11.20 18:29:02.581,1.07205,1.0722,1.00,1.60
2009.11.20 18:29:02.751,1.07205,1.0722,1.00,1.60
2009.11.20 18:29:02.930,1.07215,1.0722,1.60,1.60
2009.11.20 18:29:03.270,1.07215,1.0723,1.60,1.60
2009.11.20 18:29:03.610,1.0721,1.0723,1.00,5.60
2009.11.20 18:29:04.000,1.07215,1.0723,1.60,1.60
2009.11.20 18:29:04.290,1.07215,1.07235,1.60,10.00
2009.11.20 18:29:04.970,1.0722,1.07235,1.60,1.60
2009.11.20 18:29:06.749,1.07215,1.0723,5.70,1.60
2009.11.20 18:29:06.979,1.07215,1.0723,1.70,1.60
2009.11.20 18:29:08.419,1.0721,1.07225,1.00,1.60
2009.11.20 18:29:08.589,1.07205,1.0723,11.90,9.60
2009.11.20 18:29:08.769,1.07215,1.0723,1.60,1.60
2009.11.20 18:29:09.419,1.07215,1.0723,1.70,1.60
2009.11.20 18:29:12.188,1.0722,1.0723,1.60,1.60
2009.11.20 18:29:15.477,1.07215,1.0723,3.30,1.60
2009.11.20 18:29:15.647,1.07215,1.0723,1.70,1.60
2009.11.20 18:29:15.818,1.07215,1.07235,1.70,5.60
2009.11.20 18:29:43.841,1.07215,1.07235,1.90,5.60
2009.11.20 18:29:44.060,1.0722,1.0723,1.60,1.60
2009.11.20 18:29:47.121,1.07215,1.0723,1.70,1.60
2009.11.20 18:29:54.378,1.0722,1.0723,1.60,1.60
2009.11.20 18:29:56.477,1.0722,1.07225,1.60,1.60
2009.11.20 18:29:56.707,1.0721,1.07225,1.70,1.60
2009.11.20 18:29:56.947,1.0721,1.07225,3.20,1.60
2009.11.20 18:29:57.167,1.07215,1.07225,1.60,1.60
2009.11.20 18:30:00.346,1.0721,1.07225,1.60,1.60
2009.11.20 18:30:05.235,1.0722,1.0723,1.60,7.70
2009.11.20 18:30:05.475,1.0722,1.0723,1.60,1.60
2009.11.20 18:30:06.855,1.07215,1.0723,1.60,1.60
2009.11.20 18:30:07.185,1.0722,1.07235,1.60,2.00
2009.11.20 18:30:15.303,1.0722,1.0723,1.60,1.60
2009.11.20 18:30:27.320,1.07215,1.0723,3.20,1.60
2009.11.20 18:30:27.420,1.07215,1.07225,1.60,1.60
2009.11.20 18:31:12.099,1.0721,1.07225,1.60,1.60
2009.11.20 18:31:12.279,1.07205,1.07225,1.70,1.60
2009.11.20 18:31:13.319,1.07205,1.07225,1.70,1.80
2009.11.20 18:31:13.839,1.07205,1.0722,1.70,1.60
2009.11.20 18:31:14.069,1.072,1.0722,5.70,1.60
2009.11.20 18:31:14.179,1.072,1.0722,4.90,1.60
2009.11.20 18:31:16.838,1.07205,1.0722,1.60,1.60
2009.11.20 18:31:23.627,1.072,1.0722,10.50,1.60
2009.11.20 18:31:23.806,1.072,1.0722,6.50,1.60
2009.11.20 18:31:24.396,1.072,1.0722,4.90,1.60
2009.11.20 18:31:24.696,1.072,1.0722,1.70,1.60
2009.11.20 18:31:31.065,1.07205,1.0722,1.60,1.60
2009.11.20 18:31:32.624,1.072,1.0722,2.50,1.60
2009.11.20 18:31:32.924,1.072,1.0722,1.60,1.60
2009.11.20 18:31:35.334,1.07205,1.0722,1.60,1.60
2009.11.20 18:31:50.040,1.07205,1.07225,1.60,5.20
2009.11.20 18:31:50.220,1.07205,1.07225,1.70,1.60
2009.11.20 18:31:55.359,1.07205,1.07225,1.70,1.60
2009.11.20 18:31:55.709,1.07205,1.07225,1.70,1.80
2009.11.20 18:31:56.049,1.07205,1.07225,1.60,2.00
2009.11.20 18:31:56.269,1.07205,1.07225,1.60,2.80
2009.11.20 18:31:56.448,1.07205,1.07225,1.60,3.30
2009.11.20 18:31:56.669,1.07205,1.0722,1.60,1.60
2009.11.20 18:32:00.588,1.07205,1.0722,1.60,1.60
2009.11.20 18:32:04.436,1.0721,1.0722,1.60,1.60
2009.11.20 18:32:16.614,1.0721,1.07225,1.60,4.20
2009.11.20 18:32:16.784,1.0721,1.07225,1.60,3.40
2009.11.20 18:32:17.123,1.07215,1.07225,1.60,1.60
2009.11.20 18:32:17.413,1.07215,1.0723,1.60,1.60
2009.11.20 18:32:52.185,1.07215,1.07225,1.60,1.60
2009.11.20 18:33:23.098,1.07205,1.07225,4.10,1.60
2009.11.20 18:33:23.377,1.072,1.0722,4.10,1.60
2009.11.20 18:33:23.727,1.07195,1.0722,9.60,6.20
2009.11.20 18:33:24.388,1.07195,1.07215,9.60,1.60
2009.11.20 18:33:25.027,1.072,1.07215,8.30,1.60
2009.11.20 18:33:25.347,1.07195,1.07215,9.60,1.60
2009.11.20 18:33:26.497,1.072,1.0722,8.30,3.00
2009.11.20 18:33:26.787,1.072,1.0722,10.00,1.60
2009.11.20 18:33:27.777,1.072,1.0722,9.90,1.60
2009.11.20 18:33:28.186,1.072,1.07225,13.20,7.20
2009.11.20 18:33:28.416,1.072,1.07225,13.20,7.10
2009.11.20 18:33:28.916,1.0721,1.0723,1.60,16.20
2009.11.20 18:33:29.086,1.0721,1.07225,1.60,5.20
2009.11.20 18:33:37.244,1.0721,1.07225,1.60,4.40
2009.11.20 18:33:37.984,1.0721,1.07225,1.60,3.60
2009.11.20 18:33:53.980,1.07215,1.0723,2.20,1.60
2009.11.20 18:33:54.101,1.07215,1.07235,2.60,8.00
2009.11.20 18:33:54.467,1.07225,1.07235,1.60,4.00
2009.11.20 18:33:54.800,1.07225,1.0724,1.60,1.60
2009.11.20 18:34:28.222,1.07215,1.0724,9.70,3.20
2009.11.20 18:34:28.332,1.07215,1.0724,1.70,8.60
2009.11.20 18:34:28.452,1.07215,1.0724,1.70,7.20
2009.11.20 18:34:33.001,1.07215,1.0724,5.00,7.20
2009.11.20 18:34:33.121,1.07215,1.0724,5.20,7.20
2009.11.20 18:34:34.161,1.07215,1.0724,5.30,7.20
2009.11.20 18:34:34.840,1.07215,1.0724,5.60,7.20
2009.11.20 18:34:36.830,1.07215,1.0724,8.80,5.60
2009.11.20 18:34:36.880,1.07215,1.0724,13.60,1.60
2009.11.20 18:34:37.330,1.0722,1.0724,1.60,1.60
2009.11.20 18:34:37.440,1.0722,1.0724,1.70,1.60
2009.11.20 18:35:05.073,1.07225,1.07245,1.00,14.40
2009.11.20 18:35:05.343,1.07225,1.0725,11.60,3.00
2009.11.20 18:35:05.583,1.07225,1.0725,12.70,3.00
2009.11.20 18:35:06.223,1.07225,1.0725,15.90,1.60
2009.11.20 18:35:12.411,1.07225,1.0725,16.70,1.60
2009.11.20 18:35:14.981,1.07225,1.0725,17.50,1.60
2009.11.20 18:35:15.091,1.07225,1.0725,17.90,1.60
2009.11.20 18:35:18.540,1.07225,1.0725,17.30,1.60
2009.11.20 18:35:19.410,1.07225,1.0725,16.10,1.60
2009.11.20 18:35:19.639,1.07225,1.0725,16.00,1.60
2009.11.20 18:35:21.189,1.0723,1.0725,1.00,1.60
2009.11.20 18:35:25.358,1.07225,1.0725,14.80,1.60
2009.11.20 18:35:26.328,1.07225,1.0725,15.60,1.60
2009.11.20 18:35:29.917,1.0723,1.0725,1.60,1.60
2009.11.20 18:35:30.307,1.07225,1.0725,19.80,1.60
2009.11.20 18:35:31.796,1.07225,1.0724,19.80,1.00
2009.11.20 18:35:31.916,1.07225,1.0725,19.80,1.60
2009.11.20 18:35:32.736,1.07225,1.0725,20.10,1.60
2009.11.20 18:35:34.376,1.07225,1.07245,20.10,1.60
2009.11.20 18:35:36.686,1.07225,1.07245,20.30,1.60
2009.11.20 18:35:37.035,1.07225,1.0725,20.30,1.60
2009.11.20 18:35:37.435,1.07225,1.0725,20.70,1.60
2009.11.20 18:35:42.184,1.07225,1.0725,20.20,1.60
2009.11.20 18:35:42.364,1.07225,1.07245,16.20,1.60
2009.11.20 18:35:42.484,1.07225,1.07245,7.20,1.60
2009.11.20 18:35:42.596,1.07225,1.0724,4.00,1.60
2009.11.20 18:35:42.884,1.07225,1.0724,8.30,1.60
2009.11.20 18:35:43.044,1.07225,1.07245,7.40,2.00
2009.11.20 18:35:43.393,1.07225,1.07245,11.20,1.60
2009.11.20 18:35:46.823,1.07225,1.07245,12.00,1.60
2009.11.20 18:35:52.071,1.07225,1.07245,12.20,1.60
2009.11.20 18:35:53.441,1.07225,1.07245,12.10,1.60
2009.11.20 18:35:53.941,1.07225,1.0725,12.10,3.00
2009.11.20 18:35:58.530,1.07225,1.07245,12.10,1.60
2009.11.20 18:36:03.559,1.07225,1.07245,11.50,1.60
2009.11.20 18:36:04.818,1.07225,1.0725,12.60,3.00
2009.11.20 18:36:05.038,1.0722,1.0725,25.10,3.00
2009.11.20 18:36:10.627,1.07225,1.0725,16.90,1.60
2009.11.20 18:36:10.857,1.07225,1.0725,9.30,9.90
2009.11.20 18:36:11.137,1.07225,1.0725,9.60,9.90
2009.11.20 18:36:14.576,1.07225,1.0725,10.00,9.90
2009.11.20 18:36:14.796,1.07225,1.0725,10.40,9.90
2009.11.20 18:36:20.775,1.07225,1.0725,9.20,9.90
2009.11.20 18:36:25.624,1.07235,1.0725,4.00,1.60
2009.11.20 18:36:25.794,1.07235,1.0726,5.70,3.20
2009.11.20 18:36:26.004,1.07235,1.0726,7.30,1.60
2009.11.20 18:36:26.743,1.0724,1.07265,7.30,3.00
2009.11.20 18:36:31.952,1.0724,1.0726,7.30,1.60
2009.11.20 18:36:32.062,1.0724,1.0726,7.20,1.60
2009.11.20 18:36:32.122,1.0724,1.0726,1.60,1.60
2009.11.20 18:36:51.037,1.0724,1.07255,1.60,1.00
2009.11.20 18:36:51.207,1.07235,1.07255,5.70,5.70
2009.11.20 18:36:51.557,1.07225,1.0725,4.90,7.20
2009.11.20 18:36:51.837,1.07225,1.07245,4.90,1.60
2009.11.20 18:36:52.127,1.07225,1.0725,4.90,7.20
2009.11.20 18:36:58.125,1.0723,1.0725,1.60,5.60
2009.11.20 18:36:58.396,1.0723,1.0725,1.60,1.60
2009.11.20 18:37:04.104,1.07225,1.0724,11.50,1.60
2009.11.20 18:37:04.224,1.07225,1.0724,4.10,5.60
2009.11.20 18:37:04.344,1.0722,1.0724,1.70,7.20
2009.11.20 18:37:04.444,1.0722,1.0724,1.00,7.20
2009.11.20 18:37:04.564,1.0722,1.0724,1.00,11.20
2009.11.20 18:37:19.500,1.0722,1.0724,1.00,8.00
2009.11.20 18:37:19.621,1.0722,1.0724,1.00,3.20
2009.11.20 18:37:19.740,1.0722,1.0724,1.00,1.60
2009.11.20 18:37:22.170,1.07215,1.0724,13.30,1.60
2009.11.20 18:37:23.210,1.0722,1.0724,1.00,1.60
2009.11.20 18:37:24.140,1.0722,1.0724,10.00,1.60
2009.11.20 18:37:24.489,1.0722,1.0724,13.20,1.60
2009.11.20 18:37:29.888,1.0722,1.0724,3.30,1.60
2009.11.20 18:37:35.567,1.07215,1.07235,4.90,3.60
2009.11.20 18:37:35.867,1.07215,1.07235,1.00,5.20
2009.11.20 18:37:38.016,1.07215,1.07235,1.70,3.90
2009.11.20 18:37:38.186,1.0722,1.0724,1.00,1.60
2009.11.20 18:37:40.496,1.07215,1.0724,12.90,1.60
2009.11.20 18:37:41.005,1.07215,1.0724,13.10,1.60
2009.11.20 18:37:41.235,1.07215,1.0724,13.20,1.60
2009.11.20 18:37:51.913,1.07215,1.0724,13.30,1.60
2009.11.20 18:37:55.712,1.07215,1.0724,13.20,1.60
2009.11.20 18:38:02.040,1.07215,1.0724,13.30,1.60
2009.11.20 18:38:11.878,1.07215,1.0724,13.20,1.60
2009.11.20 18:38:22.785,1.07215,1.0724,14.10,1.60
2009.11.20 18:38:24.215,1.07215,1.0724,15.00,1.60
2009.11.20 18:38:24.335,1.0722,1.0724,1.00,1.60
2009.11.20 18:38:24.785,1.0722,1.0724,2.10,1.60
2009.11.20 18:38:25.375,1.0722,1.07245,7.70,2.10
2009.11.20 18:38:25.615,1.07225,1.07245,1.00,1.60
2009.11.20 18:38:34.862,1.07225,1.0725,1.00,8.60
2009.11.20 18:38:45.979,1.07225,1.07245,1.00,1.60
2009.11.20 18:38:46.420,1.07225,1.07245,1.00,1.60
2009.11.20 18:38:58.137,1.07225,1.0725,7.70,3.00
2009.11.20 18:38:58.537,1.07225,1.0725,14.80,1.60
2009.11.20 18:38:58.697,1.07235,1.07255,1.60,7.00
2009.11.20 18:38:58.907,1.07235,1.07255,5.60,3.00
2009.11.20 18:39:15.003,1.07235,1.07255,6.40,3.00
2009.11.20 18:39:15.233,1.0724,1.0726,1.60,3.00
2009.11.20 18:39:15.522,1.0724,1.0726,5.60,3.00
2009.11.20 18:39:18.422,1.0724,1.0726,5.60,1.60
2009.11.20 18:39:28.889,1.0724,1.0726,7.20,1.60
2009.11.20 18:39:32.588,1.0724,1.0726,5.60,1.60
2009.11.20 18:39:33.728,1.0724,1.0726,7.20,1.60
2009.11.20 18:39:46.025,1.0724,1.07265,7.20,6.20
2009.11.20 18:39:46.325,1.0724,1.0726,7.20,1.60
2009.11.20 18:40:01.521,1.0724,1.07265,7.20,6.20
2009.11.20 18:40:01.912,1.0724,1.0726,7.20,1.60
2009.11.20 18:40:03.191,1.0724,1.0726,5.60,1.60
2009.11.20 18:40:03.351,1.0724,1.0726,5.60,3.00
2009.11.20 18:40:06.700,1.0724,1.07255,5.60,1.60
2009.11.20 18:40:06.980,1.07235,1.07255,2.50,1.60
2009.11.20 18:40:07.560,1.07235,1.0725,1.00,1.60
2009.11.20 18:40:07.730,1.0723,1.0725,14.50,1.60
2009.11.20 18:40:08.250,1.0723,1.0725,12.90,1.60
2009.11.20 18:40:09.970,1.0723,1.07255,14.50,1.60
2009.11.20 18:40:11.679,1.0723,1.07255,11.30,1.60
2009.11.20 18:40:12.409,1.0724,1.07255,4.00,1.60
2009.11.20 18:40:12.769,1.07235,1.07255,5.60,1.60
2009.11.20 18:40:13.119,1.07235,1.07255,4.00,1.60
2009.11.20 18:40:13.339,1.0723,1.07255,10.50,1.60
2009.11.20 18:40:17.317,1.0723,1.0725,10.50,1.60
2009.11.20 18:40:17.538,1.0723,1.0725,1.70,1.60
2009.11.20 18:40:26.736,1.0723,1.07255,1.70,10.60
2009.11.20 18:40:26.906,1.0724,1.07255,1.20,9.00
2009.11.20 18:40:27.076,1.0724,1.07255,1.20,3.40
2009.11.20 18:40:27.455,1.0724,1.0726,8.20,1.00
2009.11.20 18:40:27.795,1.0724,1.0727,13.80,3.00
2009.11.20 18:40:28.655,1.07245,1.07265,8.20,1.60
2009.11.20 18:40:28.935,1.07245,1.07265,5.80,1.60
2009.11.20 18:40:37.073,1.0724,1.0726,8.80,1.40
2009.11.20 18:40:37.243,1.07235,1.07255,11.60,1.60
2009.11.20 18:40:37.413,1.07235,1.07255,1.70,3.00
2009.11.20 18:40:37.583,1.0723,1.07255,7.30,3.00
2009.11.20 18:40:56.028,1.07225,1.0725,17.80,1.60
2009.11.20 18:40:56.318,1.07225,1.0725,18.40,1.60
2009.11.20 18:40:58.868,1.07235,1.0725,1.00,1.60
2009.11.20 18:40:59.158,1.07235,1.0725,1.20,1.60
2009.11.20 18:40:59.777,1.07235,1.0725,1.00,1.60
2009.11.20 18:41:00.137,1.07225,1.0725,18.40,1.60
2009.11.20 18:41:03.887,1.07225,1.0725,15.20,3.00
2009.11.20 18:41:05.856,1.07225,1.0725,14.10,3.00
2009.11.20 18:41:06.276,1.07225,1.0725,13.60,3.00
2009.11.20 18:41:06.436,1.07225,1.0725,14.40,3.00
2009.11.20 18:41:06.896,1.07225,1.0725,14.80,3.00
2009.11.20 18:41:07.356,1.07225,1.0725,14.80,3.00
2009.11.20 18:41:12.424,1.07225,1.0725,14.40,3.00
2009.11.20 18:41:12.774,1.07225,1.0725,13.60,3.00
2009.11.20 18:41:13.104,1.07225,1.0725,13.60,1.60
2009.11.20 18:41:13.284,1.07225,1.0725,16.80,1.60
2009.11.20 18:41:14.314,1.07225,1.0725,16.40,1.60
2009.11.20 18:41:15.184,1.07225,1.0725,16.90,1.60
2009.11.20 18:41:20.103,1.07225,1.0725,16.00,1.60
2009.11.20 18:41:20.333,1.0723,1.0725,5.70,1.60
2009.11.20 18:41:20.572,1.07225,1.0725,15.70,1.60
2009.11.20 18:41:21.782,1.07225,1.0725,16.50,1.60
2009.11.20 18:41:21.962,1.0723,1.07255,7.30,3.00
2009.11.20 18:41:22.882,1.07235,1.07255,5.60,3.00
2009.11.20 18:41:23.102,1.07235,1.07255,4.00,3.00
2009.11.20 18:41:23.342,1.0723,1.07255,7.30,3.00
2009.11.20 18:41:25.511,1.07235,1.07255,5.80,3.00
2009.11.20 18:41:25.631,1.07235,1.07255,6.00,3.00
2009.11.20 18:41:27.971,1.07235,1.07255,4.10,3.00
2009.11.20 18:41:28.141,1.07235,1.07255,4.00,3.00
2009.11.20 18:41:28.251,1.0723,1.07255,7.30,3.00
2009.11.20 18:41:29.650,1.0724,1.07255,8.00,1.60
2009.11.20 18:41:29.770,1.07235,1.07255,1.00,1.60
2009.11.20 18:41:29.940,1.07235,1.0725,1.00,1.60
2009.11.20 18:41:30.060,1.07235,1.0725,1.00,1.60
2009.11.20 18:41:30.300,1.07225,1.0725,15.70,1.60
2009.11.20 18:41:30.750,1.07225,1.0725,18.00,1.60
2009.11.20 18:41:31.150,1.07235,1.0725,1.60,1.60
2009.11.20 18:41:31.770,1.07235,1.07255,5.60,1.60
2009.11.20 18:41:32.680,1.07235,1.07255,5.80,1.60
2009.11.20 18:41:32.859,1.07235,1.0726,2.00,11.80
2009.11.20 18:41:33.159,1.0724,1.0726,9.60,3.00
2009.11.20 18:41:33.439,1.07245,1.0726,3.20,3.00
2009.11.20 18:41:33.779,1.07245,1.0726,8.00,1.60
2009.11.20 18:41:34.059,1.07245,1.07265,8.00,3.00
2009.11.20 18:41:41.107,1.07245,1.0726,8.00,1.60
2009.11.20 18:41:41.217,1.07245,1.0726,1.60,1.60
2009.11.20 18:41:41.337,1.0724,1.0726,5.60,1.60
2009.11.20 18:41:41.857,1.0724,1.0726,5.60,3.00
2009.11.20 18:41:42.318,1.07235,1.0726,3.50,11.80
2009.11.20 18:41:42.657,1.07235,1.07255,1.10,1.60
2009.11.20 18:41:47.006,1.0723,1.07255,11.00,1.60
2009.11.20 18:41:47.186,1.0723,1.07255,10.50,1.60
2009.11.20 18:41:50.875,1.07225,1.0725,23.00,1.60
2009.11.20 18:41:51.105,1.0723,1.0725,1.00,1.60
2009.11.20 18:41:51.875,1.07225,1.0725,14.10,1.60
2009.11.20 18:41:52.045,1.07225,1.0725,13.60,1.60
2009.11.20 18:41:52.225,1.07235,1.0725,4.00,1.60
2009.11.20 18:41:52.405,1.07235,1.07255,5.60,1.60
2009.11.20 18:41:55.224,1.0724,1.0726,5.60,3.00
2009.11.20 18:41:58.233,1.0724,1.0726,5.60,3.00
2009.11.20 18:42:02.802,1.0724,1.0726,5.60,1.60
2009.11.20 18:42:03.892,1.0724,1.0726,5.60,3.00
2009.11.20 18:42:26.247,1.07235,1.0726,15.50,3.00
2009.11.20 18:42:26.597,1.07235,1.0726,9.90,3.00
2009.11.20 18:42:28.526,1.07235,1.0726,9.70,3.00
2009.11.20 18:42:29.056,1.07235,1.0726,9.70,3.00
2009.11.20 18:42:30.256,1.07235,1.0726,9.70,3.00
2009.11.20 18:42:30.426,1.0724,1.0726,1.00,3.00
2009.11.20 18:42:31.006,1.0724,1.0726,2.30,3.00
2009.11.20 18:42:31.596,1.0724,1.07255,6.30,1.60
2009.11.20 18:42:31.816,1.0724,1.07255,1.00,1.60
2009.11.20 18:42:32.845,1.0724,1.07255,1.00,3.00
2009.11.20 18:42:36.264,1.07235,1.07255,9.20,1.60
2009.11.20 18:42:36.614,1.07245,1.07255,1.00,1.60
2009.11.20 18:42:47.701,1.07245,1.0726,1.00,3.00
2009.11.20 18:42:51.950,1.07245,1.0726,8.70,1.60
2009.11.20 18:42:59.349,1.07245,1.0726,8.00,1.60
2009.11.20 18:43:00.278,1.07245,1.0726,4.00,1.60
2009.11.20 18:43:00.968,1.0724,1.0726,5.60,1.60
2009.11.20 18:43:01.728,1.07245,1.0726,6.40,1.60
2009.11.20 18:43:02.068,1.07245,1.0726,8.00,1.60
2009.11.20 18:43:02.758,1.0724,1.0726,5.60,3.00
2009.11.20 18:43:04.108,1.0724,1.0726,5.60,1.60
2009.11.20 18:43:04.688,1.0724,1.07265,7.20,6.20
2009.11.20 18:43:04.748,1.07245,1.07265,1.60,3.00
2009.11.20 18:43:04.867,1.07245,1.07265,7.20,3.00
2009.11.20 18:43:04.927,1.07245,1.07265,8.00,3.00
2009.11.20 18:43:19.154,1.07245,1.07265,9.00,3.00
2009.11.20 18:43:19.384,1.07245,1.07265,10.70,3.00
2009.11.20 18:43:19.554,1.07245,1.07265,10.70,1.60
2009.11.20 18:43:23.603,1.0725,1.0726,1.00,1.60
2009.11.20 18:43:30.821,1.0725,1.07265,1.00,3.00
2009.11.20 18:43:31.171,1.0725,1.07265,1.00,1.60
2009.11.20 18:44:09.642,1.0725,1.0727,1.00,6.20
2009.11.20 18:44:09.762,1.0725,1.0727,5.70,1.60
2009.11.20 18:44:09.822,1.0725,1.0727,11.30,1.60
2009.11.20 18:44:10.062,1.0725,1.0727,12.10,1.60
2009.11.20 18:44:13.121,1.0725,1.07275,13.70,3.00
2009.11.20 18:44:18.180,1.0726,1.07275,1.60,3.00
2009.11.20 18:44:18.360,1.07255,1.07275,1.60,3.00
2009.11.20 18:44:18.830,1.0725,1.07275,13.70,3.00
2009.11.20 18:44:27.667,1.0725,1.07275,13.70,3.30
2009.11.20 18:44:36.915,1.0725,1.07275,13.70,3.40
2009.11.20 18:44:37.085,1.0725,1.07275,13.70,3.60
2009.11.20 18:44:38.695,1.0725,1.07275,13.70,3.30
2009.11.20 18:44:40.804,1.0725,1.0727,12.10,2.40
2009.11.20 18:44:40.984,1.0725,1.0727,1.00,3.80
2009.11.20 18:44:41.164,1.07245,1.0727,9.70,4.30
2009.11.20 18:44:42.885,1.07245,1.0727,9.70,5.10
2009.11.20 18:44:43.814,1.07245,1.0727,9.60,8.30
2009.11.20 18:44:44.393,1.07245,1.0727,10.40,8.30
2009.11.20 18:44:44.683,1.0725,1.0727,13.60,4.30
2009.11.20 18:44:44.963,1.0725,1.0727,4.00,5.10
2009.11.20 18:44:45.203,1.07245,1.0727,9.60,8.30
2009.11.20 18:44:56.491,1.07245,1.07265,9.60,1.60
2009.11.20 18:44:57.200,1.07245,1.0727,9.60,8.30
2009.11.20 18:44:59.120,1.07245,1.07265,4.00,3.00
2009.11.20 18:44:59.290,1.0724,1.07265,7.20,3.00
2009.11.20 18:44:59.400,1.0724,1.07265,7.20,6.20
2009.11.20 18:44:59.690,1.0724,1.07255,5.60,1.90
2009.11.20 18:44:59.860,1.07235,1.07255,4.00,5.70
2009.11.20 18:44:59.970,1.07235,1.07255,1.60,11.70
2009.11.20 18:45:00.140,1.0723,1.0725,1.00,7.20
2009.11.20 18:45:00.430,1.07225,1.07245,1.70,1.60
2009.11.20 18:45:00.910,1.0722,1.07245,4.90,12.30
2009.11.20 18:45:01.199,1.0722,1.07245,4.90,12.00
2009.11.20 18:45:01.839,1.07225,1.07245,1.20,2.70
2009.11.20 18:45:02.279,1.0723,1.07245,3.20,1.00
2009.11.20 18:45:02.569,1.0723,1.07255,7.20,6.20
2009.11.20 18:45:04.039,1.0723,1.07255,7.30,3.00
2009.11.20 18:45:04.439,1.07235,1.07255,3.20,3.00
2009.11.20 18:45:04.559,1.07235,1.07255,9.60,1.60
2009.11.20 18:45:04.739,1.07235,1.0726,9.60,7.60
2009.11.20 18:45:04.848,1.07235,1.0726,10.60,3.00
2009.11.20 18:45:04.958,1.0724,1.0726,5.60,3.00
2009.11.20 18:45:05.129,1.0724,1.0726,5.60,1.60
2009.11.20 18:45:05.239,1.0724,1.0726,7.20,1.60
2009.11.20 18:45:08.238,1.0724,1.07265,7.30,3.00
2009.11.20 18:45:08.468,1.0724,1.0726,7.30,1.60
2009.11.20 18:45:17.576,1.0724,1.07265,7.30,3.00
2009.11.20 18:45:27.813,1.0724,1.07265,8.10,3.00
2009.11.20 18:45:27.933,1.07245,1.07265,1.60,1.60
2009.11.20 18:45:28.103,1.07245,1.0727,5.20,13.10
2009.11.20 18:45:28.403,1.07245,1.0727,9.20,9.10
2009.11.20 18:45:33.891,1.0725,1.0727,1.60,2.80
2009.11.20 18:45:34.121,1.0725,1.07275,1.60,15.00
2009.11.20 18:45:34.591,1.07255,1.07275,1.60,13.40
2009.11.20 18:45:34.761,1.07255,1.07275,1.60,7.00
2009.11.20 18:45:39.330,1.07255,1.07275,1.60,8.60
2009.11.20 18:45:39.441,1.07255,1.07275,1.60,14.20
2009.11.20 18:45:39.550,1.07255,1.07275,1.60,14.60
2009.11.20 18:45:39.830,1.07255,1.07275,1.60,14.40
2009.11.20 18:45:41.490,1.0725,1.07275,1.60,14.40
2009.11.20 18:45:41.840,1.0725,1.0727,1.60,3.00
2009.11.20 18:45:42.189,1.0725,1.0727,1.60,8.30
2009.11.20 18:45:42.776,1.0725,1.0727,1.60,9.90
2009.11.20 18:45:42.889,1.07245,1.07265,7.20,1.60
2009.11.20 18:45:43.010,1.07245,1.07265,1.60,1.40
2009.11.20 18:45:48.608,1.0725,1.07265,1.60,1.40
2009.11.20 18:45:54.187,1.0725,1.0727,1.60,8.40
2009.11.20 18:45:54.356,1.0725,1.0727,1.60,2.00
2009.11.20 18:45:54.597,1.0725,1.0727,1.60,1.20
2009.11.20 18:45:55.116,1.0725,1.0727,1.60,3.60
2009.11.20 18:46:00.045,1.07245,1.0727,7.30,5.10
2009.11.20 18:46:16.161,1.0725,1.0727,1.60,6.70
2009.11.20 18:46:18.631,1.0725,1.07265,1.60,1.40
2009.11.20 18:46:36.456,1.07245,1.07265,7.20,1.40
2009.11.20 18:46:46.104,1.07245,1.07265,7.20,1.50
2009.11.20 18:46:46.334,1.07245,1.0726,7.20,1.20
2009.11.20 18:46:46.614,1.0724,1.0726,9.50,2.80
2009.11.20 18:46:46.964,1.0724,1.0726,1.60,5.20
2009.11.20 18:46:47.304,1.0724,1.0726,1.60,6.70
2009.11.20 18:46:47.644,1.0724,1.0726,1.60,9.90
2009.11.20 18:46:51.843,1.0724,1.0725,1.60,1.50
2009.11.20 18:46:52.113,1.07235,1.0725,1.60,1.50
2009.11.20 18:46:52.343,1.0723,1.07245,2.30,1.60
2009.11.20 18:46:52.672,1.0723,1.07245,1.60,1.60
2009.11.20 18:46:53.072,1.07225,1.0724,1.60,1.60
2009.11.20 18:46:54.112,1.07225,1.0724,4.90,1.60
2009.11.20 18:46:57.072,1.07235,1.07265,3.30,13.30
2009.11.20 18:46:57.411,1.07235,1.07265,7.30,7.60
2009.11.20 18:46:58.441,1.0724,1.0726,1.60,6.80
2009.11.20 18:46:58.831,1.0724,1.0726,1.60,5.40
2009.11.20 18:46:59.111,1.0724,1.0726,1.60,4.80
2009.11.20 18:47:00.461,1.0724,1.0726,1.60,5.20
2009.11.20 18:47:00.571,1.0724,1.0726,1.60,6.00
2009.11.20 18:47:00.871,1.07235,1.0726,10.50,6.00
2009.11.20 18:47:01.221,1.07235,1.0726,7.30,7.50
2009.11.20 18:47:02.960,1.07235,1.07255,5.70,3.20
2009.11.20 18:47:03.300,1.07235,1.07255,1.60,3.20
2009.11.20 18:47:05.759,1.07235,1.07245,1.60,1.00
2009.11.20 18:47:05.940,1.07235,1.07245,1.60,1.00
2009.11.20 18:47:06.109,1.07235,1.07255,1.60,3.20
2009.11.20 18:47:08.209,1.07235,1.07255,1.60,1.60
2009.11.20 18:47:08.919,1.07235,1.07255,1.70,1.60
2009.11.20 18:47:09.668,1.07235,1.07255,1.70,3.20
2009.11.20 18:47:10.239,1.07235,1.07245,1.60,1.00
2009.11.20 18:47:11.900,1.07235,1.07255,1.60,3.20
2009.11.20 18:47:17.447,1.07235,1.07255,1.60,1.60
2009.11.20 18:47:19.806,1.07235,1.07255,1.60,5.60
2009.11.20 18:47:19.866,1.07235,1.0725,1.60,1.60
2009.11.20 18:47:28.994,1.07235,1.07255,7.30,1.00
2009.11.20 18:47:29.214,1.07235,1.0726,7.30,6.60
2009.11.20 18:47:29.504,1.07235,1.0726,7.30,5.90
2009.11.20 18:47:30.024,1.07235,1.0726,7.20,9.90
2009.11.20 18:47:32.843,1.07235,1.0725,5.60,1.60
2009.11.20 18:47:33.083,1.07235,1.0725,1.60,1.60
2009.11.20 18:47:36.262,1.0724,1.0726,6.30,5.10
2009.11.20 18:47:39.431,1.0724,1.0726,6.30,4.30
2009.11.20 18:47:39.821,1.07245,1.0726,1.60,3.00
2009.11.20 18:47:40.051,1.07245,1.07265,1.60,10.50
2009.11.20 18:47:41.581,1.0724,1.0726,6.30,3.20
2009.11.20 18:47:41.931,1.0724,1.0726,1.60,5.20
2009.11.20 18:47:42.280,1.07235,1.0726,7.30,5.20
2009.11.20 18:47:42.631,1.07235,1.0726,7.30,6.70
2009.11.20 18:47:44.574,1.0724,1.0726,1.60,6.70
2009.11.20 18:47:58.107,1.0724,1.0726,1.60,5.90
2009.11.20 18:47:59.796,1.0724,1.0726,1.60,6.70
2009.11.20 18:48:02.066,1.0724,1.0726,7.20,3.60
2009.11.20 18:48:02.246,1.07245,1.0726,1.60,1.60
2009.11.20 18:48:03.765,1.0724,1.0726,3.30,3.20
2009.11.20 18:48:03.996,1.07245,1.0726,1.60,2.30
2009.11.20 18:48:04.286,1.0724,1.0726,5.60,1.60
2009.11.20 18:48:04.576,1.0724,1.0725,1.60,1.60
2009.11.20 18:48:09.104,1.07235,1.0725,4.90,1.60
2009.11.20 18:48:09.444,1.07235,1.0725,1.70,1.60
2009.11.20 18:48:09.564,1.07235,1.0725,1.60,1.60
2009.11.20 18:48:10.464,1.0723,1.07245,12.10,1.60
2009.11.20 18:48:10.744,1.07225,1.0724,1.60,1.60
2009.11.20 18:48:11.263,1.0722,1.0724,1.60,6.20
2009.11.20 18:48:11.844,1.07225,1.0724,1.60,1.60
2009.11.20 18:48:12.244,1.0722,1.0724,5.60,1.60
2009.11.20 18:48:12.583,1.0722,1.0724,1.60,1.60
2009.11.20 18:48:13.763,1.07225,1.0724,1.60,1.60
2009.11.20 18:48:16.553,1.07225,1.0724,1.60,3.20
2009.11.20 18:48:16.672,1.07225,1.0724,1.60,1.60
2009.11.20 18:48:16.973,1.0722,1.0724,1.60,1.60
2009.11.20 18:48:17.942,1.0722,1.07245,1.60,16.40
2009.11.20 18:48:18.182,1.07225,1.07245,1.60,6.70
2009.11.20 18:48:18.412,1.07225,1.07245,2.50,1.60
2009.11.20 18:48:19.102,1.0723,1.07245,1.60,1.60
2009.11.20 18:48:19.462,1.07225,1.07235,1.00,1.60
2009.11.20 18:48:19.632,1.0722,1.0723,1.70,1.60
2009.11.20 18:48:19.872,1.0722,1.0724,6.40,3.60
2009.11.20 18:48:19.932,1.07225,1.0724,1.60,2.00
2009.11.20 18:48:19.991,1.07225,1.0724,1.60,1.80
2009.11.20 18:48:20.162,1.0723,1.07245,1.60,2.40
2009.11.20 18:48:20.222,1.0723,1.07245,1.60,3.90
2009.11.20 18:48:20.281,1.07225,1.07245,5.60,5.50
2009.11.20 18:48:20.392,1.07225,1.07245,1.60,4.80
2009.11.20 18:48:20.452,1.07225,1.0725,2.40,15.20
2009.11.20 18:48:20.631,1.07225,1.07245,2.50,1.60
2009.11.20 18:48:22.471,1.07225,1.07245,1.70,1.80
2009.11.20 18:48:22.651,1.07225,1.07245,1.70,1.60
2009.11.20 18:48:22.981,1.0723,1.0725,1.60,5.80
2009.11.20 18:48:23.141,1.0723,1.0725,2.40,1.80
2009.11.20 18:48:32.589,1.0723,1.07245,1.60,1.60
2009.11.20 18:48:32.768,1.07225,1.0724,1.60,1.60
2009.11.20 18:48:34.498,1.07225,1.07245,2.80,8.10
2009.11.20 18:48:34.678,1.07225,1.0724,1.60,1.60
2009.11.20 18:48:34.918,1.07225,1.0724,2.70,1.60
2009.11.20 18:48:35.028,1.07225,1.07245,3.40,2.50
2009.11.20 18:48:35.268,1.0723,1.07245,1.60,2.50
2009.11.20 18:48:35.498,1.0723,1.07245,1.60,1.60
2009.11.20 18:48:36.807,1.0723,1.07245,1.60,1.70
2009.11.20 18:48:37.098,1.07225,1.07245,1.60,3.20
2009.11.20 18:48:37.367,1.07225,1.07245,1.60,2.00
2009.11.20 18:48:37.947,1.07225,1.07245,1.60,3.10
2009.11.20 18:48:38.237,1.07225,1.07245,1.60,1.60
2009.11.20 18:48:39.067,1.07225,1.07245,1.60,1.60
2009.11.20 18:48:39.307,1.07225,1.07245,1.60,1.80
2009.11.20 18:48:42.286,1.07225,1.07245,1.60,2.60
2009.11.20 18:48:44.676,1.07225,1.07245,1.70,2.60
2009.11.20 18:48:45.985,1.07225,1.07245,1.70,3.50
2009.11.20 18:48:46.105,1.07225,1.07245,1.70,3.90
2009.11.20 18:48:48.005,1.07225,1.07245,1.60,3.90
2009.11.20 18:48:54.313,1.07225,1.07245,1.70,3.90
2009.11.20 18:48:55.603,1.07225,1.07245,1.70,4.20
2009.11.20 18:48:55.713,1.07225,1.07245,1.60,4.20
2009.11.20 18:48:56.413,1.07225,1.0724,1.60,1.60
2009.11.20 18:48:56.523,1.0722,1.07245,5.60,14.20
2009.11.20 18:48:56.923,1.0722,1.07235,1.60,1.80
2009.11.20 18:48:58.152,1.0722,1.07235,1.60,1.70
2009.11.20 18:48:58.502,1.0722,1.07235,1.60,1.20
2009.11.20 18:48:58.802,1.0722,1.07235,1.60,2.00
2009.11.20 18:49:00.692,1.0722,1.07225,1.60,1.00
2009.11.20 18:49:00.752,1.0722,1.07225,1.60,1.00
2009.11.20 18:49:01.152,1.0721,1.07225,2.20,1.60
2009.11.20 18:49:01.481,1.07215,1.07225,1.60,11.40
2009.11.20 18:49:01.872,1.07205,1.07215,1.60,1.60
2009.11.20 18:49:02.542,1.072,1.07215,1.60,1.60
2009.11.20 18:49:03.112,1.07205,1.0721,1.60,1.60
2009.11.20 18:49:03.341,1.072,1.07215,1.60,1.80
2009.11.20 18:49:03.511,1.07205,1.07215,1.60,1.00
2009.11.20 18:49:03.681,1.07205,1.0722,1.60,1.60
2009.11.20 18:49:08.330,1.07205,1.07225,2.50,3.00
2009.11.20 18:49:08.450,1.07205,1.07225,2.50,1.60
2009.11.20 18:49:09.560,1.07205,1.0722,1.70,1.60
2009.11.20 18:49:10.710,1.07205,1.0722,2.50,1.60
2009.11.20 18:49:10.939,1.07205,1.0722,1.70,1.60
2009.11.20 18:49:16.388,1.07205,1.0722,1.90,1.60
2009.11.20 18:49:17.378,1.07205,1.0722,1.00,4.00
2009.11.20 18:49:17.728,1.07195,1.07215,2.40,1.60
2009.11.20 18:49:18.067,1.07205,1.07215,1.60,1.60
2009.11.20 18:49:18.407,1.07195,1.07215,2.40,1.60
2009.11.20 18:49:20.767,1.07195,1.07215,2.40,1.60
2009.11.20 18:49:22.716,1.07195,1.0721,2.40,1.60
2009.11.20 18:49:25.716,1.07195,1.0721,2.40,3.20
2009.11.20 18:49:25.766,1.07195,1.0721,2.40,1.60
2009.11.20 18:49:26.436,1.07195,1.0721,2.00,1.60
2009.11.20 18:49:26.785,1.07195,1.0721,1.90,1.60
2009.11.20 18:49:28.285,1.07195,1.0721,1.00,1.60
2009.11.20 18:49:28.915,1.07195,1.0721,1.90,1.60
2009.11.20 18:49:32.854,1.07195,1.0721,1.00,1.60
2009.11.20 18:49:33.144,1.07195,1.0721,2.30,1.60
2009.11.20 18:49:36.053,1.07205,1.07215,1.00,1.60
2009.11.20 18:49:36.893,1.07205,1.07215,1.00,1.60
2009.11.20 18:49:37.403,1.07195,1.07215,2.80,1.60
2009.11.20 18:49:39.752,1.07195,1.0721,2.60,1.60
2009.11.20 18:49:41.892,1.07195,1.0721,2.80,1.60
2009.11.20 18:49:45.331,1.07195,1.0721,1.20,1.60
2009.11.20 18:49:45.551,1.07195,1.072,2.60,1.60
2009.11.20 18:49:45.721,1.07195,1.0721,1.00,2.50
2009.11.20 18:49:45.941,1.07195,1.0721,1.00,1.60
2009.11.20 18:49:48.890,1.07195,1.0721,1.00,1.60
2009.11.20 18:49:49.190,1.07195,1.0721,1.00,1.60
2009.11.20 18:49:50.850,1.07195,1.072,1.00,1.60
2009.11.20 18:49:51.020,1.07195,1.072,1.00,1.60
2009.11.20 18:49:53.249,1.07195,1.072,1.00,1.60
2009.11.20 18:49:53.489,1.07195,1.072,1.00,1.60
2009.11.20 18:49:53.729,1.07195,1.072,1.00,1.60
2009.11.20 18:49:54.209,1.07185,1.072,1.00,1.60
2009.11.20 18:49:54.379,1.0718,1.072,2.30,1.60
2009.11.20 18:49:55.599,1.0718,1.072,1.60,3.20
2009.11.20 18:50:00.368,1.0718,1.072,5.70,1.60
2009.11.20 18:50:02.087,1.0718,1.072,1.70,1.60
2009.11.20 18:50:03.397,1.0718,1.07195,1.60,1.60
2009.11.20 18:50:03.737,1.0718,1.072,1.60,3.20
2009.11.20 18:50:05.896,1.0718,1.072,1.60,1.60
2009.11.20 18:50:07.046,1.0718,1.072,1.70,1.60
2009.11.20 18:50:22.902,1.0718,1.072,1.60,3.00
2009.11.20 18:50:23.132,1.0718,1.072,1.60,4.60
2009.11.20 18:50:23.702,1.0718,1.072,1.60,7.80
2009.11.20 18:50:24.942,1.0717,1.07185,5.60,1.60
2009.11.20 18:50:25.001,1.0717,1.07195,1.70,8.90
2009.11.20 18:50:25.111,1.07175,1.07195,1.60,1.00
2009.11.20 18:50:25.171,1.07175,1.072,1.60,3.00
2009.11.20 18:50:25.351,1.07175,1.072,1.60,1.60
2009.11.20 18:50:28.161,1.0718,1.072,1.70,4.60
2009.11.20 18:50:29.270,1.0718,1.07195,1.70,1.60
2009.11.20 18:50:29.481,1.0718,1.0719,1.70,1.60
2009.11.20 18:50:33.160,1.0718,1.0719,2.00,1.60
2009.11.20 18:50:36.039,1.07175,1.0719,1.60,2.50
2009.11.20 18:50:36.449,1.07175,1.0719,1.60,1.60
2009.11.20 18:50:37.669,1.0717,1.07185,1.60,1.60
2009.11.20 18:50:44.667,1.0717,1.0719,1.60,3.90
2009.11.20 18:50:44.947,1.0717,1.0719,1.60,3.00
2009.11.20 18:50:45.226,1.0717,1.0719,1.60,1.60
2009.11.20 18:50:45.347,1.07175,1.0719,1.00,1.60
2009.11.20 18:50:46.526,1.07175,1.07185,1.00,1.60
2009.11.20 18:50:46.816,1.0717,1.07185,1.60,3.00
2009.11.20 18:50:47.106,1.07165,1.07185,1.60,4.60
2009.11.20 18:50:48.006,1.07175,1.0718,1.00,1.60
2009.11.20 18:50:48.336,1.07165,1.07185,1.90,1.60
2009.11.20 18:50:52.265,1.07145,1.07175,4.90,3.90
2009.11.20 18:50:52.605,1.07145,1.07165,4.90,4.20
2009.11.20 18:50:52.895,1.07145,1.07165,1.70,5.30
2009.11.20 18:50:53.185,1.07145,1.07165,1.60,5.30
2009.11.20 18:50:53.765,1.0714,1.07165,10.50,5.30
2009.11.20 18:50:54.045,1.0714,1.0716,10.40,1.60
2009.11.20 18:50:54.335,1.07135,1.07155,5.20,1.60
2009.11.20 18:50:54.624,1.07135,1.07155,1.70,1.60
2009.11.20 18:50:55.244,1.0713,1.0715,1.70,1.60
2009.11.20 18:50:55.474,1.07135,1.0715,1.00,1.60
2009.11.20 18:50:55.534,1.07135,1.07155,1.00,8.60
2009.11.20 18:50:55.594,1.07135,1.07155,1.90,7.20
2009.11.20 18:50:55.654,1.07135,1.07155,1.90,3.20
2009.11.20 18:50:55.834,1.07135,1.0715,1.90,1.60
2009.11.20 18:50:56.874,1.07135,1.0715,3.50,1.60
2009.11.20 18:51:00.293,1.07145,1.07155,1.00,5.60
2009.11.20 18:51:00.463,1.07145,1.07155,1.00,4.00
2009.11.20 18:51:00.643,1.07145,1.07155,3.00,4.00
2009.11.20 18:51:00.813,1.07145,1.0716,5.50,1.70
2009.11.20 18:51:00.983,1.07145,1.0716,5.50,1.00
2009.11.20 18:51:01.223,1.0715,1.0717,1.60,4.60
2009.11.20 18:51:01.682,1.07145,1.0717,9.30,4.60
2009.11.20 18:51:01.923,1.07145,1.0717,10.10,4.60
2009.11.20 18:51:02.952,1.0715,1.0717,5.60,1.60
2009.11.20 18:51:03.063,1.0715,1.07155,4.70,1.60
2009.11.20 18:51:03.752,1.0713,1.07155,6.00,3.00
2009.11.20 18:51:03.972,1.0713,1.07155,3.70,1.40
2009.11.20 18:51:04.212,1.0713,1.0715,3.70,3.00
2009.11.20 18:51:04.492,1.0713,1.0715,3.70,1.60
2009.11.20 18:51:04.782,1.07135,1.0715,1.00,1.60
2009.11.20 18:51:05.072,1.07135,1.07155,1.40,6.30
2009.11.20 18:51:05.192,1.07135,1.07155,1.40,6.20
2009.11.20 18:51:06.162,1.07135,1.07155,2.00,6.30
2009.11.20 18:51:06.492,1.07135,1.0715,4.10,1.60
2009.11.20 18:51:06.881,1.0714,1.0716,1.60,3.30
2009.11.20 18:51:07.861,1.0714,1.0716,1.60,1.70
2009.11.20 18:51:08.161,1.0714,1.0716,5.60,1.00
2009.11.20 18:51:08.681,1.0714,1.0716,5.70,1.00
2009.11.20 18:51:08.851,1.07145,1.07165,2.70,1.40
2009.11.20 18:51:09.031,1.07145,1.0717,9.70,8.70
2009.11.20 18:51:09.201,1.0715,1.0717,1.60,6.20
2009.11.20 18:51:10.541,1.0715,1.0717,1.60,3.00
2009.11.20 18:51:10.600,1.0715,1.0717,1.60,1.40
2009.11.20 18:51:10.780,1.0715,1.07175,5.60,8.60
2009.11.20 18:51:10.830,1.0715,1.0717,5.60,1.60
2009.11.20 18:51:10.950,1.0715,1.0717,5.60,3.20
2009.11.20 18:51:11.010,1.0715,1.0717,1.60,3.20
2009.11.20 18:51:11.061,1.0715,1.0717,2.40,3.20
2009.11.20 18:51:11.180,1.0715,1.07175,4.00,10.20
2009.11.20 18:51:11.240,1.07155,1.07175,4.00,6.20
2009.11.20 18:51:11.360,1.07155,1.07175,5.60,6.20
2009.11.20 18:51:11.420,1.07155,1.07175,1.60,7.80
2009.11.20 18:51:12.920,1.0715,1.07175,5.60,7.80
2009.11.20 18:51:13.200,1.07155,1.07175,1.60,7.80
2009.11.20 18:51:22.148,1.07155,1.07175,1.80,7.80
2009.11.20 18:51:22.538,1.07155,1.07175,1.60,7.80
2009.11.20 18:51:23.438,1.07155,1.07175,5.60,4.60
2009.11.20 18:51:23.617,1.07155,1.07175,5.60,3.00
2009.11.20 18:51:24.727,1.0716,1.0718,4.00,3.00
2009.11.20 18:51:25.067,1.07155,1.0718,6.20,7.80
2009.11.20 18:51:25.837,1.07155,1.0718,5.60,7.80
2009.11.20 18:51:28.926,1.07155,1.0718,8.00,6.20
2009.11.20 18:51:29.286,1.0716,1.07185,5.70,4.70
2009.11.20 18:51:29.736,1.07165,1.07185,1.60,4.70
2009.11.20 18:51:30.086,1.07165,1.07185,1.60,7.80
2009.11.20 18:51:38.804,1.0716,1.0718,2.30,4.80
2009.11.20 18:51:38.974,1.0716,1.0718,2.30,6.20
2009.11.20 18:51:40.793,1.0716,1.0718,1.60,6.20
2009.11.20 18:51:40.963,1.0716,1.0718,1.60,7.70
2009.11.20 18:51:41.083,1.07155,1.0717,5.60,1.60
2009.11.20 18:51:41.203,1.07155,1.0717,1.60,1.60
2009.11.20 18:51:41.723,1.0715,1.0717,2.30,3.00
2009.11.20 18:51:46.792,1.0716,1.0717,1.60,1.40
2009.11.20 18:51:47.072,1.07165,1.07175,1.60,6.20
2009.11.20 18:51:47.352,1.07155,1.0717,1.60,3.00
2009.11.20 18:51:47.702,1.07155,1.0717,1.60,1.40
2009.11.20 18:51:47.992,1.0716,1.07175,1.60,6.30
2009.11.20 18:51:49.201,1.07155,1.0717,1.60,1.60
2009.11.20 18:51:49.601,1.0716,1.0717,1.60,1.60
2009.11.20 18:51:52.080,1.07155,1.0717,1.60,3.00
2009.11.20 18:51:55.560,1.0715,1.07165,2.30,1.60
2009.11.20 18:51:56.240,1.0715,1.07165,2.30,1.80
2009.11.20 18:51:56.530,1.0715,1.07165,2.30,3.20
2009.11.20 18:51:57.689,1.0715,1.07165,2.30,3.10
2009.11.20 18:51:58.029,1.0715,1.07165,2.30,3.00
2009.11.20 18:51:58.389,1.07145,1.07165,1.60,3.00
2009.11.20 18:52:02.158,1.07145,1.07165,1.70,3.00
2009.11.20 18:52:02.498,1.07145,1.0717,1.60,12.70
2009.11.20 18:52:04.258,1.07145,1.07165,1.60,4.60
2009.11.20 18:52:06.927,1.0715,1.07165,1.60,1.40
2009.11.20 18:52:07.277,1.0715,1.0717,1.60,7.80
2009.11.20 18:52:07.617,1.0715,1.0717,1.70,7.80
2009.11.20 18:52:08.477,1.0715,1.0717,1.00,7.80
2009.11.20 18:52:08.706,1.0715,1.07165,1.00,1.60
2009.11.20 18:52:08.876,1.0715,1.07165,1.70,1.60
2009.11.20 18:52:12.516,1.0714,1.0716,1.60,3.30
2009.11.20 18:52:12.746,1.07135,1.0715,5.30,1.00
2009.11.20 18:52:12.976,1.07135,1.0715,1.00,1.70
2009.11.20 18:52:13.266,1.0713,1.0714,1.00,1.60
2009.11.20 18:52:13.505,1.0713,1.0715,1.60,12.80
2009.11.20 18:52:13.855,1.0713,1.0715,1.60,12.90
2009.11.20 18:52:14.815,1.0713,1.0715,1.60,12.90
2009.11.20 18:52:15.865,1.0713,1.0715,1.60,12.90
2009.11.20 18:52:19.224,1.07125,1.0714,1.80,1.60
2009.11.20 18:52:21.224,1.07125,1.07145,1.60,10.20
2009.11.20 18:52:25.632,1.07125,1.0714,1.60,1.70
2009.11.20 18:52:25.743,1.07125,1.07145,1.60,16.70
2009.11.20 18:52:25.862,1.07125,1.0714,1.60,6.30
2009.11.20 18:52:26.592,1.0712,1.0714,2.30,10.90
2009.11.20 18:52:32.552,1.07115,1.07135,1.60,1.60
2009.11.20 18:52:32.902,1.07115,1.07135,1.60,10.30
2009.11.20 18:52:38.311,1.07115,1.0713,1.70,1.60
2009.11.20 18:52:38.651,1.07115,1.0714,1.70,19.10
2009.11.20 18:52:38.971,1.07115,1.0714,1.70,13.50
2009.11.20 18:52:41.070,1.0712,1.0714,1.60,11.90
2009.11.20 18:52:41.240,1.0712,1.07145,1.90,11.80
2009.11.20 18:52:41.410,1.07125,1.0715,1.00,16.30
2009.11.20 18:52:41.520,1.07125,1.0715,2.00,15.10
2009.11.20 18:52:41.680,1.07125,1.0715,2.40,13.50
2009.11.20 18:52:46.749,1.07125,1.07145,2.40,1.60
2009.11.20 18:52:46.978,1.0713,1.07145,1.60,1.60
2009.11.20 18:52:49.178,1.07125,1.07145,2.40,1.60
2009.11.20 18:52:55.886,1.07125,1.07145,2.40,4.80
2009.11.20 18:52:56.066,1.07125,1.07145,2.00,6.20
2009.11.20 18:52:56.306,1.07125,1.0714,2.00,1.60
2009.11.20 18:52:58.316,1.07125,1.0714,1.90,1.60
2009.11.20 18:53:00.615,1.07125,1.0714,1.70,1.60
2009.11.20 18:53:11.223,1.07125,1.0714,1.00,1.60
2009.11.20 18:53:11.913,1.07125,1.0714,1.70,1.60
2009.11.20 18:53:13.812,1.07125,1.0714,1.90,1.60
2009.11.20 18:53:14.042,1.07125,1.07145,1.90,7.80
2009.11.20 18:53:14.552,1.07125,1.07145,1.90,6.20
2009.11.20 18:53:15.082,1.07125,1.0714,1.90,1.60
2009.11.20 18:53:15.252,1.07125,1.0714,1.00,1.60
2009.11.20 18:53:15.762,1.07125,1.0714,1.90,1.60
2009.11.20 18:53:16.051,1.07125,1.0714,1.70,1.60
2009.11.20 18:53:27.799,1.07125,1.07145,1.70,11.80
2009.11.20 18:53:28.099,1.07125,1.07145,1.70,7.80
2009.11.20 18:53:28.328,1.07125,1.07145,1.70,6.20
2009.11.20 18:53:32.338,1.07125,1.07145,1.90,6.20
2009.11.20 18:53:40.925,1.07125,1.07145,1.90,3.00
2009.11.20 18:53:41.146,1.0713,1.07145,1.60,1.60
2009.11.20 18:53:51.243,1.07125,1.07145,3.50,1.60
2009.11.20 18:54:01.920,1.07125,1.07145,3.80,1.60
2009.11.20 18:54:02.100,1.0713,1.07145,1.60,1.60
2009.11.20 18:54:04.520,1.07135,1.0715,1.20,9.50
2009.11.20 18:54:04.800,1.07135,1.07155,2.80,11.50
2009.11.20 18:54:04.920,1.07135,1.07155,2.80,11.10
2009.11.20 18:54:06.379,1.07135,1.07155,2.80,2.50
2009.11.20 18:54:06.559,1.07135,1.07155,2.80,1.60
2009.11.20 18:54:06.909,1.07135,1.07155,3.20,1.60
2009.11.20 18:54:11.708,1.0714,1.07155,1.60,1.60
2009.11.20 18:54:11.768,1.0714,1.0716,1.60,9.50
2009.11.20 18:54:11.828,1.0714,1.0716,5.60,2.30
2009.11.20 18:54:11.888,1.0714,1.0716,5.60,1.00
2009.11.20 18:54:11.948,1.0714,1.0716,7.20,1.00
2009.11.20 18:54:12.298,1.0714,1.07165,8.80,12.70
2009.11.20 18:54:16.887,1.0714,1.07165,8.80,12.30
2009.11.20 18:54:19.556,1.0714,1.07165,11.20,10.70
2009.11.20 18:54:21.456,1.07145,1.07165,1.90,10.70
2009.11.20 18:54:21.736,1.07145,1.07165,2.10,1.60
2009.11.20 18:54:22.006,1.0715,1.0717,1.70,3.20
2009.11.20 18:54:22.296,1.0715,1.07175,1.70,13.20
2009.11.20 18:54:24.285,1.07155,1.07175,1.60,13.20
2009.11.20 18:54:28.274,1.07155,1.07175,1.70,13.20
2009.11.20 18:54:28.564,1.07155,1.07175,1.90,11.00
2009.11.20 18:54:28.904,1.0716,1.0718,5.60,3.00
2009.11.20 18:54:29.234,1.07165,1.07185,1.60,3.00
2009.11.20 18:54:32.873,1.07165,1.07185,1.70,3.00
2009.11.20 18:54:33.723,1.07165,1.07185,1.70,14.20
2009.11.20 18:54:34.003,1.0716,1.07185,1.60,19.00
2009.11.20 18:54:34.243,1.0716,1.0718,1.60,11.80
2009.11.20 18:54:34.533,1.0716,1.0718,1.60,5.40
2009.11.20 18:54:34.763,1.0716,1.0718,1.60,1.40
2009.11.20 18:54:37.032,1.07165,1.0718,1.60,1.40
2009.11.20 18:54:40.631,1.0716,1.0718,1.60,1.40
2009.11.20 18:54:40.861,1.0717,1.0718,1.60,1.40
2009.11.20 18:54:40.981,1.0717,1.07185,1.80,1.00
2009.11.20 18:54:41.161,1.0717,1.07185,4.40,1.00
2009.11.20 18:54:41.391,1.07175,1.07195,1.60,1.40
2009.11.20 18:54:41.571,1.07175,1.072,1.70,4.60
2009.11.20 18:54:55.318,1.07185,1.072,1.60,4.60
2009.11.20 18:54:55.488,1.07185,1.072,1.60,6.20
2009.11.20 18:54:55.718,1.0719,1.072,1.00,1.60
2009.11.20 18:54:55.898,1.07185,1.072,1.60,4.70
2009.11.20 18:54:56.077,1.0718,1.072,2.50,4.70
2009.11.20 18:54:56.437,1.0718,1.072,1.70,4.70
2009.11.20 18:54:58.627,1.0718,1.0719,1.70,1.60
2009.11.20 18:54:58.967,1.0718,1.072,1.70,4.70
2009.11.20 18:55:03.016,1.0718,1.072,3.70,6.30
2009.11.20 18:55:03.366,1.0718,1.072,2.10,1.50
2009.11.20 18:55:03.756,1.0718,1.072,1.70,4.70
2009.11.20 18:55:23.251,1.0718,1.07195,1.70,1.40
2009.11.20 18:55:23.481,1.07175,1.07195,4.20,1.40
2009.11.20 18:55:23.721,1.07175,1.0719,2.60,1.40
2009.11.20 18:55:24.700,1.07175,1.0719,2.00,1.50
2009.11.20 18:55:24.810,1.07175,1.0719,1.00,1.50
2009.11.20 18:55:24.920,1.0717,1.07185,1.60,1.40
2009.11.20 18:55:25.091,1.0717,1.0719,1.60,4.70
2009.11.20 18:55:38.297,1.07175,1.0719,1.60,1.50
2009.11.20 18:55:38.647,1.0717,1.0719,7.30,1.50
2009.11.20 18:55:39.697,1.07165,1.0718,5.60,1.00
2009.11.20 18:55:40.077,1.0717,1.0718,1.60,1.00
2009.11.20 18:55:40.427,1.07165,1.0718,1.60,1.00
2009.11.20 18:55:41.457,1.0717,1.0718,1.60,1.00
2009.11.20 18:55:45.516,1.0717,1.0719,1.60,4.60
2009.11.20 18:55:50.224,1.0717,1.0719,1.60,6.20
2009.11.20 18:55:50.285,1.0717,1.0719,1.60,10.20
2009.11.20 18:55:56.393,1.0717,1.0719,1.60,11.00
2009.11.20 18:55:58.942,1.0717,1.0719,1.60,10.20
2009.11.20 18:56:02.171,1.0717,1.0719,1.60,11.00
2009.11.20 18:56:23.197,1.07165,1.0719,3.30,11.00
2009.11.20 18:56:23.367,1.07165,1.0719,7.30,6.20
2009.11.20 18:56:29.505,1.07165,1.07185,5.70,1.40
2009.11.20 18:56:29.735,1.07165,1.07185,1.70,3.00
2009.11.20 18:56:30.035,1.0716,1.07185,1.60,11.80
2009.11.20 18:56:30.335,1.0716,1.0718,1.60,1.40
2009.11.20 18:56:33.554,1.07155,1.0718,7.70,3.00
2009.11.20 18:56:33.774,1.0716,1.0718,1.60,1.40
2009.11.20 18:56:34.404,1.07165,1.07185,1.60,11.00
2009.11.20 18:56:34.634,1.07165,1.07185,1.90,6.20
2009.11.20 18:56:34.814,1.07165,1.07185,1.90,3.00
2009.11.20 18:56:36.443,1.07165,1.07185,1.60,3.00
2009.11.20 18:56:36.563,1.0716,1.07185,5.70,3.00
2009.11.20 18:56:36.743,1.07155,1.07185,11.30,11.80
2009.11.20 18:56:36.913,1.07155,1.0718,7.30,3.00
2009.11.20 18:56:43.541,1.0716,1.0718,1.00,3.00
2009.11.20 18:56:48.980,1.07155,1.0718,7.50,3.00
2009.11.20 18:56:49.270,1.07155,1.0718,7.30,3.00
2009.11.20 18:56:53.299,1.0716,1.0718,1.60,3.00
2009.11.20 18:56:53.479,1.0716,1.0718,3.20,3.00
2009.11.20 18:56:53.819,1.0716,1.0718,7.20,3.00
2009.11.20 18:56:56.299,1.0716,1.0718,7.20,1.60
2009.11.20 18:57:01.167,1.0716,1.07185,7.20,6.20
2009.11.20 18:57:01.458,1.07165,1.07185,4.20,1.60
2009.11.20 18:57:02.987,1.07165,1.07185,4.40,1.60
2009.11.20 18:57:03.347,1.07165,1.07185,4.00,1.60
2009.11.20 18:57:04.657,1.07165,1.07185,4.20,1.60
2009.11.20 18:57:05.127,1.07165,1.07185,4.00,1.60
2009.11.20 18:57:06.096,1.07165,1.07185,5.60,1.60
2009.11.20 18:57:07.116,1.07165,1.07185,7.20,1.60
2009.11.20 18:57:07.406,1.0716,1.07185,12.90,1.60
2009.11.20 18:57:07.696,1.0716,1.07185,7.20,3.00
2009.11.20 18:57:08.906,1.0716,1.07185,7.20,6.20
2009.11.20 18:57:12.615,1.0716,1.0718,7.20,1.60
2009.11.20 18:57:12.845,1.0716,1.07185,7.30,3.00
2009.11.20 18:57:13.894,1.07165,1.07185,1.60,1.60
2009.11.20 18:57:43.007,1.07165,1.07185,1.70,1.60
2009.11.20 18:57:43.177,1.0717,1.0719,3.20,5.60
2009.11.20 18:57:43.407,1.07175,1.0719,1.60,1.60
2009.11.20 18:57:43.587,1.07175,1.0719,1.60,1.00
2009.11.20 18:57:48.106,1.0717,1.0719,1.60,3.20
2009.11.20 18:57:49.366,1.0717,1.0719,1.60,6.40
2009.11.20 18:57:53.265,1.0717,1.0719,1.60,4.80
2009.11.20 18:57:53.505,1.0717,1.0719,3.20,6.40
2009.11.20 18:57:53.725,1.07175,1.0719,1.60,1.80
2009.11.20 18:57:54.025,1.07175,1.07195,9.20,1.50
2009.11.20 18:57:56.994,1.07175,1.0719,6.00,1.60
2009.11.20 18:57:57.174,1.07175,1.0719,1.60,1.60
2009.11.20 18:58:02.922,1.07175,1.07195,1.60,13.90
2009.11.20 18:58:03.262,1.07175,1.07195,1.60,10.70
2009.11.20 18:58:09.001,1.07175,1.07195,1.60,7.50
2009.11.20 18:58:09.231,1.07175,1.07195,1.60,3.10
2009.11.20 18:58:16.609,1.07175,1.07195,1.60,1.50
2009.11.20 18:58:29.406,1.07175,1.07195,1.60,3.10
2009.11.20 18:58:33.575,1.0718,1.07195,1.00,1.50
2009.11.20 18:58:34.165,1.07175,1.07195,1.60,3.10
2009.11.20 18:58:36.314,1.07175,1.07195,1.60,6.30
2009.11.20 18:58:37.484,1.07175,1.07195,1.60,3.10
2009.11.20 18:58:39.124,1.07175,1.07195,1.60,6.30
2009.11.20 18:58:40.483,1.07175,1.07195,1.60,3.10
2009.11.20 18:58:42.133,1.07175,1.07195,1.60,6.30
2009.11.20 18:58:45.112,1.07175,1.07195,2.50,3.10
2009.11.20 18:58:45.392,1.07175,1.07195,2.40,3.10
2009.11.20 18:58:53.500,1.0718,1.07195,1.00,1.50
2009.11.20 18:58:55.140,1.07175,1.07195,2.40,1.00
2009.11.20 18:58:59.239,1.07175,1.07195,2.40,1.50
2009.11.20 18:58:59.779,1.07175,1.07195,2.40,3.10
2009.11.20 18:59:03.198,1.07175,1.07195,2.40,1.50
2009.11.20 18:59:03.438,1.0718,1.07195,1.00,1.50
2009.11.20 18:59:03.888,1.0718,1.07195,1.00,1.40
2009.11.20 18:59:10.716,1.0718,1.07195,1.00,1.40
2009.11.20 18:59:12.456,1.0718,1.07195,1.00,1.40
2009.11.20 18:59:16.145,1.0718,1.07195,1.00,3.00
2009.11.20 18:59:16.315,1.07175,1.07195,1.60,3.00
2009.11.20 18:59:24.463,1.07175,1.07195,3.20,1.40
2009.11.20 18:59:24.643,1.07175,1.07195,9.60,1.40
2009.11.20 18:59:24.863,1.07175,1.07195,10.40,1.40
2009.11.20 18:59:26.522,1.07175,1.07195,10.40,3.00
2009.11.20 18:59:36.160,1.07175,1.07195,9.60,3.00
2009.11.20 18:59:37.000,1.07175,1.07195,8.00,3.00
2009.11.20 18:59:37.400,1.07175,1.07195,1.60,1.40
2009.11.20 18:59:37.750,1.0718,1.07195,1.00,1.40
2009.11.20 18:59:41.489,1.0718,1.07195,1.00,3.00
2009.11.20 18:59:41.779,1.07175,1.07195,1.60,3.00
2009.11.20 18:59:49.517,1.07175,1.07195,9.20,3.00
2009.11.20 18:59:49.747,1.07175,1.07195,10.00,3.00
2009.11.20 18:59:51.316,1.0718,1.07195,1.00,3.00
2009.11.20 18:59:51.606,1.0718,1.07195,2.30,1.40
2009.11.20 18:59:55.115,1.0718,1.072,7.90,5.10
2009.11.20 18:59:55.406,1.0718,1.072,2.30,6.20
