2009.12.23 02:00:02.767,1.05595,1.05625,1.60,1.60
2009.12.23 02:00:03.007,1.05595,1.05625,1.60,1.80
2009.12.23 02:00:14.184,1.05595,1.05625,1.60,1.80
2009.12.23 02:00:14.424,1.05595,1.05625,1.60,1.60
2009.12.23 02:00:19.343,1.05595,1.05625,1.60,1.60
2009.12.23 02:00:19.573,1.05595,1.05625,1.60,1.60
2009.12.23 02:00:57.624,1.05595,1.05625,1.60,1.60
2009.12.23 02:00:58.014,1.05595,1.05625,1.60,1.80
2009.12.23 02:00:58.254,1.05595,1.05625,1.60,1.80
2009.12.23 02:00:58.423,1.05595,1.05625,1.60,1.60
2009.12.23 02:01:02.483,1.05595,1.05625,1.60,2.00
2009.12.23 02:01:03.042,1.05595,1.05625,1.60,3.60
2009.12.23 02:01:04.332,1.05595,1.05625,1.60,2.20
2009.12.23 02:01:06.251,1.05595,1.05625,1.60,2.00
2009.12.23 02:01:06.431,1.05595,1.05625,1.60,1.80
2009.12.23 02:01:06.592,1.05595,1.05625,1.60,1.60
2009.12.23 02:01:15.799,1.05595,1.05625,1.60,1.80
2009.12.23 02:01:26.397,1.05595,1.05625,1.60,1.60
2009.12.23 02:01:27.446,1.0559,1.05625,1.60,1.60
2009.12.23 02:01:32.415,1.0559,1.05625,1.60,1.80
2009.12.23 02:01:32.695,1.0559,1.05625,1.60,1.60
2009.12.23 02:01:34.005,1.0559,1.05625,1.60,1.80
2009.12.23 02:01:34.185,1.0559,1.05625,1.60,1.60
2009.12.23 02:01:35.065,1.0559,1.05625,1.60,1.80
2009.12.23 02:01:35.424,1.0559,1.05625,1.60,1.60
2009.12.23 02:01:36.694,1.0559,1.05625,1.60,1.80
2009.12.23 02:01:36.814,1.0559,1.05625,1.60,1.60
2009.12.23 02:01:39.153,1.0559,1.05625,1.60,1.80
2009.12.23 02:01:39.493,1.0559,1.05625,1.60,1.60
2009.12.23 02:01:40.713,1.0559,1.05625,1.60,1.80
2009.12.23 02:01:40.883,1.0559,1.05625,1.60,1.80
2009.12.23 02:01:41.003,1.0559,1.05625,1.60,1.60
2009.12.23 02:01:41.883,1.05595,1.05625,1.60,1.60
2009.12.23 02:01:45.682,1.05595,1.05625,1.60,1.80
2009.12.23 02:01:45.972,1.05595,1.05625,1.60,1.60
2009.12.23 02:01:46.672,1.05595,1.05625,1.60,1.80
2009.12.23 02:01:47.442,1.05595,1.05625,1.60,1.60
2009.12.23 02:01:50.651,1.05595,1.05625,1.60,1.80
2009.12.23 02:01:50.891,1.05595,1.05625,1.60,1.60
2009.12.23 02:01:51.171,1.05595,1.05625,1.60,1.60
2009.12.23 02:01:51.350,1.05595,1.05625,1.60,1.60
2009.12.23 02:01:52.340,1.05595,1.05625,1.60,1.60
2009.12.23 02:01:52.700,1.05595,1.05625,1.60,1.60
2009.12.23 02:01:53.110,1.05595,1.05625,1.60,1.60
2009.12.23 02:01:53.400,1.05595,1.05625,1.60,1.60
2009.12.23 02:02:00.968,1.05595,1.05625,1.60,1.80
2009.12.23 02:02:02.078,1.05595,1.05625,1.60,2.00
2009.12.23 02:02:03.708,1.05595,1.05625,1.60,3.80
2009.12.23 02:02:03.818,1.05595,1.05625,1.60,4.20
2009.12.23 02:02:04.408,1.05595,1.05625,1.60,4.40
2009.12.23 02:02:04.747,1.05595,1.05625,1.60,6.00
2009.12.23 02:02:05.787,1.05595,1.05625,1.60,4.40
2009.12.23 02:02:07.167,1.05595,1.05625,1.60,4.00
2009.12.23 02:02:07.507,1.05595,1.05625,1.60,3.60
2009.12.23 02:02:09.136,1.05595,1.05625,1.60,3.80
2009.12.23 02:02:09.196,1.05595,1.05625,1.60,4.00
2009.12.23 02:02:12.256,1.05595,1.0562,1.60,1.00
2009.12.23 02:02:17.475,1.0559,1.05605,1.60,1.00
2009.12.23 02:02:17.595,1.0559,1.05605,1.60,1.00
2009.12.23 02:02:20.863,1.0559,1.05605,1.60,1.00
2009.12.23 02:02:27.172,1.05595,1.05615,1.60,1.00
2009.12.23 02:02:27.462,1.05595,1.05605,1.60,1.00
2009.12.23 02:02:28.622,1.05595,1.05615,1.60,1.00
2009.12.23 02:02:28.842,1.05595,1.05615,1.60,1.00
2009.12.23 02:02:32.691,1.056,1.05615,1.60,1.00
2009.12.23 02:02:32.751,1.056,1.05625,1.60,3.60
2009.12.23 02:02:32.981,1.056,1.05625,1.60,2.00
2009.12.23 02:02:35.910,1.056,1.05625,1.60,1.80
2009.12.23 02:02:49.876,1.056,1.0563,1.60,1.60
2009.12.23 02:03:08.232,1.056,1.05625,1.60,1.60
2009.12.23 02:04:01.491,1.05583,1.05607,1.50,2.50
2009.12.23 02:04:01.551,1.05576,1.05601,1.20,2.70
2009.12.23 02:04:14.188,1.05564,1.05599,1.50,1.60
2009.12.23 02:04:24.556,1.05559,1.05594,1.20,2.50
2009.12.23 02:04:33.263,1.05558,1.05593,1.20,2.70
2009.12.23 02:04:41.991,1.05561,1.05596,1.20,2.70
2009.12.23 02:04:58.028,1.0557,1.05605,1.50,2.50
2009.12.23 02:04:59.367,1.05576,1.05611,1.20,2.70
2009.12.23 02:05:14.352,1.056,1.0563,1.60,1.60
2009.12.23 02:05:43.645,1.056,1.05625,1.60,1.60
2009.12.23 02:06:39.411,1.056,1.05625,1.60,2.00
2009.12.23 02:06:40.371,1.056,1.05625,1.60,3.80
2009.12.23 02:06:44.180,1.056,1.05625,1.60,2.20
2009.12.23 02:06:45.930,1.056,1.05625,1.60,3.80
2009.12.23 02:06:49.189,1.056,1.05625,1.60,3.60
2009.12.23 02:07:01.686,1.056,1.05625,1.60,2.00
2009.12.23 02:07:02.396,1.056,1.05625,1.60,3.60
2009.12.23 02:07:18.702,1.056,1.05625,1.60,2.00
2009.12.23 02:07:22.551,1.056,1.05625,1.60,3.80
2009.12.23 02:07:22.901,1.056,1.05625,1.60,2.00
2009.12.23 02:07:23.251,1.056,1.05625,1.60,2.20
2009.12.23 02:07:23.891,1.056,1.05625,1.60,3.80
2009.12.23 02:07:26.180,1.056,1.05625,1.60,2.00
2009.12.23 02:07:26.400,1.056,1.05625,1.60,1.80
2009.12.23 02:07:27.030,1.056,1.05625,1.60,1.60
2009.12.23 02:07:47.165,1.0559,1.0561,1.00,1.00
2009.12.23 02:07:47.585,1.0558,1.05605,1.60,1.60
2009.12.23 02:07:47.815,1.0556,1.05585,1.80,1.60
2009.12.23 02:07:48.045,1.0556,1.05585,1.00,1.60
2009.12.23 02:07:53.083,1.05565,1.0558,1.00,1.60
2009.12.23 02:07:54.453,1.05565,1.0558,1.00,1.60
2009.12.23 02:07:55.153,1.05565,1.05585,1.00,1.70
2009.12.23 02:07:55.433,1.05565,1.05585,1.00,1.00
2009.12.23 02:07:55.783,1.05565,1.05585,1.00,1.00
2009.12.23 02:07:57.602,1.05565,1.05585,1.00,1.00
2009.12.23 02:08:05.171,1.05565,1.05585,1.00,1.00
2009.12.23 02:08:16.508,1.05565,1.05585,1.00,1.00
2009.12.23 02:08:23.966,1.05565,1.05585,3.70,1.00
2009.12.23 02:08:25.596,1.05565,1.05585,3.90,1.00
2009.12.23 02:08:27.455,1.05565,1.05585,3.70,1.00
2009.12.23 02:08:27.795,1.05565,1.05585,5.70,1.00
2009.12.23 02:08:28.725,1.05565,1.05585,5.90,1.00
2009.12.23 02:08:41.562,1.05565,1.05585,6.70,1.00
2009.12.23 02:08:42.852,1.05565,1.05585,6.90,1.00
2009.12.23 02:08:43.191,1.05575,1.05585,1.00,1.00
2009.12.23 02:08:46.421,1.05575,1.05605,1.00,1.60
2009.12.23 02:08:46.590,1.05575,1.05605,1.00,1.60
2009.12.23 02:08:46.761,1.0557,1.05605,2.90,1.60
2009.12.23 02:08:48.620,1.05575,1.056,1.00,1.60
2009.12.23 02:08:50.610,1.05575,1.056,1.00,1.60
2009.12.23 02:08:51.429,1.0557,1.056,2.10,1.60
2009.12.23 02:08:53.429,1.0557,1.05605,2.10,1.90
2009.12.23 02:08:53.649,1.0557,1.05605,2.90,1.90
2009.12.23 02:08:53.889,1.05575,1.05605,1.00,1.90
2009.12.23 02:08:54.239,1.05575,1.05605,1.00,1.90
2009.12.23 02:08:54.569,1.05575,1.05605,1.00,1.60
2009.12.23 02:08:54.868,1.0557,1.05605,2.90,1.60
2009.12.23 02:08:55.789,1.05575,1.05605,1.00,1.60
2009.12.23 02:08:55.969,1.05575,1.05605,1.00,1.60
2009.12.23 02:08:56.079,1.0558,1.05605,1.00,1.60
2009.12.23 02:09:00.288,1.05575,1.05605,1.00,1.60
2009.12.23 02:09:00.637,1.05575,1.05605,1.00,1.60
2009.12.23 02:09:00.807,1.05575,1.05605,1.00,1.60
2009.12.23 02:09:05.296,1.05575,1.05605,1.00,1.60
2009.12.23 02:09:05.456,1.05575,1.05605,1.00,1.70
2009.12.23 02:09:05.696,1.05575,1.05605,1.00,1.70
2009.12.23 02:09:08.355,1.05575,1.05605,1.00,1.70
2009.12.23 02:09:10.635,1.0557,1.05605,2.90,1.70
2009.12.23 02:09:13.754,1.0557,1.0559,1.20,1.60
2009.12.23 02:09:13.874,1.0557,1.0559,1.00,1.60
2009.12.23 02:09:14.034,1.05565,1.0559,1.00,1.60
2009.12.23 02:09:16.593,1.05565,1.05585,1.00,2.30
2009.12.23 02:09:16.703,1.05565,1.05585,1.00,2.30
2009.12.23 02:09:23.272,1.0556,1.05585,3.90,2.30
2009.12.23 02:09:27.561,1.0556,1.05585,2.30,3.90
2009.12.23 02:09:27.911,1.0556,1.05585,1.60,3.90
2009.12.23 02:09:40.928,1.05555,1.05585,2.20,2.30
2009.12.23 02:09:53.824,1.05555,1.05585,2.00,2.30
2009.12.23 02:09:59.663,1.05555,1.0558,1.60,1.60
2009.12.23 02:09:59.893,1.05545,1.0557,1.00,3.20
2009.12.23 02:10:00.183,1.05545,1.0557,1.00,4.00
2009.12.23 02:10:01.053,1.05545,1.0556,1.00,1.60
2009.12.23 02:10:01.173,1.05535,1.0556,2.20,1.60
2009.12.23 02:10:05.542,1.05535,1.0556,1.50,1.60
2009.12.23 02:10:05.782,1.05535,1.0556,1.00,1.60
2009.12.23 02:10:08.951,1.05535,1.05565,1.00,4.20
2009.12.23 02:10:09.761,1.05535,1.05565,1.00,3.80
2009.12.23 02:10:43.982,1.05535,1.05565,1.00,3.20
2009.12.23 02:10:44.152,1.0553,1.0557,2.40,1.00
2009.12.23 02:10:44.312,1.05545,1.0558,1.00,1.20
2009.12.23 02:10:44.432,1.05545,1.05585,1.00,1.00
2009.12.23 02:10:44.602,1.05545,1.05585,1.00,1.00
2009.12.23 02:10:44.822,1.05545,1.05585,1.00,1.00
2009.12.23 02:10:45.052,1.05545,1.05585,1.00,1.00
2009.12.23 02:10:46.102,1.05545,1.05585,1.00,1.00
2009.12.23 02:10:46.392,1.05545,1.05585,1.00,1.00
2009.12.23 02:10:52.080,1.05545,1.05585,1.00,1.00
2009.12.23 02:10:52.260,1.05545,1.05585,1.00,1.00
2009.12.23 02:10:53.370,1.05555,1.0559,1.00,1.20
2009.12.23 02:10:53.660,1.05555,1.056,1.00,1.20
2009.12.23 02:10:54.700,1.05565,1.05595,1.00,1.00
2009.12.23 02:10:54.880,1.05565,1.05595,1.00,1.00
2009.12.23 02:10:55.320,1.05565,1.056,1.00,1.20
2009.12.23 02:10:57.639,1.05565,1.056,1.00,1.20
2009.12.23 02:11:07.067,1.0557,1.056,1.00,1.20
2009.12.23 02:11:09.087,1.05575,1.0561,1.00,2.60
2009.12.23 02:11:09.386,1.05565,1.0561,1.00,2.60
2009.12.23 02:11:12.266,1.05565,1.0561,1.10,2.60
2009.12.23 02:11:16.524,1.05575,1.0561,1.00,2.60
2009.12.23 02:11:16.575,1.05575,1.0561,1.00,1.40
2009.12.23 02:11:16.684,1.05575,1.0561,1.00,1.40
2009.12.23 02:11:24.842,1.05575,1.0561,1.10,1.40
2009.12.23 02:11:26.302,1.05585,1.0561,1.00,1.40
2009.12.23 02:11:30.621,1.05585,1.056,1.00,1.60
2009.12.23 02:11:35.470,1.05585,1.05595,1.00,1.60
2009.12.23 02:11:39.009,1.05585,1.05595,1.00,1.60
2009.12.23 02:12:20.349,1.05585,1.05615,1.00,1.40
2009.12.23 02:12:20.409,1.05585,1.05605,1.00,1.60
2009.12.23 02:12:20.529,1.05585,1.05605,1.00,1.60
2009.12.23 02:12:20.639,1.05575,1.0559,1.00,1.60
2009.12.23 02:12:22.858,1.05575,1.0559,1.00,1.60
2009.12.23 02:12:24.178,1.0555,1.0559,1.20,1.60
2009.12.23 02:12:24.359,1.05545,1.05595,4.80,1.80
2009.12.23 02:12:25.288,1.05555,1.0559,1.00,1.60
2009.12.23 02:12:25.398,1.05565,1.0559,1.00,1.60
2009.12.23 02:12:25.518,1.05565,1.05585,1.00,1.60
2009.12.23 02:12:27.827,1.05565,1.0558,1.00,1.60
2009.12.23 02:12:29.327,1.05565,1.05585,1.00,1.60
2009.12.23 02:12:29.667,1.05565,1.05585,1.00,1.60
2009.12.23 02:12:31.696,1.05565,1.0559,1.00,1.60
2009.12.23 02:12:32.216,1.05565,1.05595,1.00,1.60
2009.12.23 02:12:34.686,1.0557,1.05595,1.00,1.60
2009.12.23 02:12:36.205,1.0557,1.0559,1.00,1.60
2009.12.23 02:12:36.555,1.0557,1.05595,1.00,1.60
2009.12.23 02:12:38.975,1.0557,1.0559,1.00,1.60
2009.12.23 02:12:39.265,1.05565,1.0559,1.00,1.60
2009.12.23 02:12:46.593,1.05575,1.0561,1.60,1.60
2009.12.23 02:12:46.823,1.05585,1.0561,1.60,1.60
2009.12.23 02:12:48.162,1.05585,1.05595,1.60,1.60
2009.12.23 02:12:48.332,1.0558,1.05595,1.00,1.60
2009.12.23 02:12:48.552,1.0556,1.05595,1.00,1.60
2009.12.23 02:12:48.832,1.0556,1.0559,1.00,1.60
2009.12.23 02:12:50.582,1.05565,1.0558,1.00,1.60
2009.12.23 02:12:52.301,1.05565,1.05585,1.00,1.60
2009.12.23 02:12:56.870,1.05565,1.05585,1.00,1.60
2009.12.23 02:12:57.770,1.05555,1.05585,1.00,1.60
2009.12.23 02:12:58.120,1.05555,1.05585,1.00,1.60
2009.12.23 02:13:01.989,1.05555,1.05585,1.00,1.60
2009.12.23 02:13:18.275,1.05555,1.05585,1.00,1.60
2009.12.23 02:13:18.795,1.05555,1.05585,1.00,1.60
2009.12.23 02:13:21.444,1.05555,1.05585,1.00,1.60
2009.12.23 02:13:31.102,1.05555,1.05605,1.00,1.20
2009.12.23 02:13:35.881,1.0555,1.056,1.40,1.20
2009.12.23 02:13:49.678,1.05565,1.056,1.00,1.20
2009.12.23 02:13:49.907,1.05565,1.056,1.00,1.20
2009.12.23 02:13:50.527,1.05565,1.056,1.00,1.20
2009.12.23 02:13:52.347,1.05565,1.056,1.00,1.20
2009.12.23 02:14:14.702,1.05565,1.05595,1.00,1.00
2009.12.23 02:14:14.881,1.0556,1.05595,1.00,1.00
2009.12.23 02:14:20.011,1.0556,1.05595,2.00,1.00
2009.12.23 02:14:20.181,1.05565,1.05595,1.00,1.00
2009.12.23 02:14:24.609,1.05565,1.05605,1.00,4.00
2009.12.23 02:14:29.048,1.05565,1.05605,1.00,4.40
2009.12.23 02:14:29.338,1.05565,1.05595,1.00,1.00
2009.12.23 02:14:36.616,1.0556,1.05595,2.10,1.00
2009.12.23 02:14:41.425,1.0556,1.05605,2.10,3.00
2009.12.23 02:14:41.585,1.05565,1.05605,1.00,3.00
2009.12.23 02:14:41.705,1.05565,1.05605,1.00,3.00
2009.12.23 02:14:43.055,1.05565,1.05605,1.00,3.00
2009.12.23 02:14:43.225,1.05565,1.05605,1.00,1.20
2009.12.23 02:14:48.273,1.05565,1.05605,1.00,1.40
2009.12.23 02:14:48.623,1.0556,1.05595,2.10,1.00
2009.12.23 02:14:57.351,1.0556,1.05605,2.10,3.20
2009.12.23 02:14:57.531,1.05565,1.05605,1.00,3.20
2009.12.23 02:14:57.711,1.05565,1.05605,1.00,1.20
2009.12.23 02:14:57.831,1.05565,1.05605,1.00,1.20
2009.12.23 02:14:58.121,1.0556,1.05605,2.10,3.00
2009.12.23 02:14:58.411,1.0556,1.05595,2.10,1.00
2009.12.23 02:15:01.560,1.0556,1.05605,2.10,1.20
2009.12.23 02:15:02.241,1.05565,1.05605,1.00,1.20
2009.12.23 02:15:02.350,1.05565,1.05605,1.00,1.20
2009.12.23 02:15:04.120,1.05565,1.05605,1.00,1.20
2009.12.23 02:15:04.340,1.0556,1.05605,2.90,1.20
2009.12.23 02:15:18.776,1.05565,1.05605,1.00,1.20
2009.12.23 02:15:19.177,1.05565,1.05605,1.00,1.20
2009.12.23 02:15:20.166,1.05565,1.05605,1.00,1.20
2009.12.23 02:15:23.425,1.05565,1.05605,1.00,1.20
2009.12.23 02:15:30.544,1.05565,1.05605,1.00,1.20
2009.12.23 02:15:30.774,1.05565,1.05605,1.00,1.20
2009.12.23 02:15:33.323,1.05565,1.05605,1.00,1.20
2009.12.23 02:15:46.659,1.05565,1.05605,1.00,1.20
2009.12.23 02:15:48.399,1.05565,1.05605,1.00,1.20
2009.12.23 02:15:49.319,1.05565,1.05605,1.10,1.20
2009.12.23 02:16:01.046,1.05565,1.05605,1.00,1.20
2009.12.23 02:16:01.976,1.05565,1.05605,1.00,1.20
2009.12.23 02:16:02.276,1.05565,1.05605,1.00,1.20
2009.12.23 02:16:05.415,1.05565,1.0561,1.00,2.80
2009.12.23 02:16:10.854,1.05565,1.0559,1.00,1.60
2009.12.23 02:16:12.523,1.05565,1.0559,1.00,1.60
2009.12.23 02:16:12.803,1.05565,1.0559,1.00,1.60
2009.12.23 02:16:24.120,1.05565,1.0559,1.00,1.60
2009.12.23 02:16:25.620,1.0558,1.0561,3.20,1.40
2009.12.23 02:16:25.780,1.0558,1.0561,4.00,1.00
2009.12.23 02:16:25.830,1.0558,1.0561,2.40,1.00
2009.12.23 02:17:10.369,1.05575,1.05615,2.00,1.60
2009.12.23 02:17:10.710,1.05585,1.05615,1.00,1.60
2009.12.23 02:17:11.919,1.05585,1.05615,1.00,1.60
2009.12.23 02:17:13.179,1.05585,1.0562,1.00,2.80
2009.12.23 02:17:27.695,1.0561,1.0566,1.60,4.00
2009.12.23 02:17:27.865,1.0561,1.05665,1.60,2.10
2009.12.23 02:17:28.095,1.0561,1.0567,1.60,4.10
2009.12.23 02:17:28.275,1.0561,1.0567,1.60,1.00
2009.12.23 02:17:28.635,1.0561,1.0568,1.60,12.90
2009.12.23 02:17:28.995,1.05625,1.0567,1.60,13.20
2009.12.23 02:17:29.925,1.0563,1.0567,1.60,13.20
2009.12.23 02:17:30.805,1.0563,1.0566,1.60,1.00
2009.12.23 02:17:38.663,1.05635,1.05665,1.60,6.50
2009.12.23 02:17:39.692,1.0563,1.05665,1.60,6.50
2009.12.23 02:17:40.592,1.0563,1.05665,1.60,6.80
2009.12.23 02:17:41.402,1.0563,1.05655,1.60,1.60
2009.12.23 02:17:42.272,1.0563,1.05655,1.60,2.00
2009.12.23 02:17:42.722,1.0563,1.05655,1.60,2.40
2009.12.23 02:17:43.191,1.0563,1.05655,1.60,2.00
2009.12.23 02:17:43.482,1.05635,1.05655,1.60,3.60
2009.12.23 02:17:43.702,1.05635,1.0565,1.60,2.30
2009.12.23 02:17:44.291,1.0563,1.05645,1.60,1.00
2009.12.23 02:17:44.451,1.0563,1.05645,1.60,1.00
2009.12.23 02:17:46.441,1.05635,1.05645,1.60,1.00
2009.12.23 02:17:46.611,1.05635,1.0565,1.60,1.00
2009.12.23 02:17:46.731,1.05635,1.0567,1.60,5.20
2009.12.23 02:17:47.481,1.05635,1.0567,1.60,5.10
2009.12.23 02:17:49.550,1.05635,1.05665,1.60,5.00
2009.12.23 02:17:52.969,1.05635,1.05665,1.60,4.90
2009.12.23 02:18:02.237,1.05635,1.05665,1.60,4.40
2009.12.23 02:18:02.567,1.0563,1.05665,1.60,6.00
2009.12.23 02:18:02.967,1.05635,1.05665,1.60,4.40
2009.12.23 02:18:13.254,1.05635,1.05665,1.60,6.00
2009.12.23 02:18:13.484,1.05625,1.05665,1.60,6.00
2009.12.23 02:18:13.714,1.0562,1.0566,1.60,1.60
2009.12.23 02:18:13.994,1.05625,1.05655,1.60,1.20
2009.12.23 02:18:40.898,1.0562,1.0565,1.60,1.20
2009.12.23 02:18:52.375,1.05625,1.0565,1.60,1.20
2009.12.23 02:18:52.715,1.05625,1.0566,4.10,4.40
2009.12.23 02:18:52.945,1.05625,1.0566,4.20,2.80
2009.12.23 02:18:54.884,1.05625,1.0566,4.80,2.80
2009.12.23 02:18:55.055,1.05635,1.0566,1.60,1.20
2009.12.23 02:18:55.235,1.05635,1.05665,1.60,6.50
2009.12.23 02:18:56.834,1.0563,1.05665,1.60,6.50
2009.12.23 02:18:57.964,1.05635,1.05665,1.60,4.90
2009.12.23 02:19:00.993,1.05625,1.05665,6.30,5.70
2009.12.23 02:19:01.103,1.05635,1.05665,1.60,6.50
2009.12.23 02:19:01.503,1.05635,1.0566,1.60,1.60
2009.12.23 02:19:01.843,1.05635,1.05665,1.60,6.90
2009.12.23 02:19:01.953,1.05635,1.05665,1.60,6.50
2009.12.23 02:19:02.243,1.0563,1.0566,1.60,1.60
2009.12.23 02:19:02.473,1.05635,1.05665,1.60,5.20
2009.12.23 02:19:02.762,1.05635,1.05665,1.60,6.00
2009.12.23 02:19:09.401,1.05635,1.05665,1.60,4.40
2009.12.23 02:19:16.879,1.05635,1.05665,1.60,6.00
2009.12.23 02:19:20.168,1.05635,1.05665,1.60,4.40
2009.12.23 02:19:28.406,1.05635,1.05665,1.60,6.00
2009.12.23 02:19:38.704,1.05635,1.05665,1.60,4.40
2009.12.23 02:19:41.353,1.05635,1.05665,1.60,6.00
2009.12.23 02:19:41.413,1.05635,1.05655,1.60,1.60
2009.12.23 02:19:41.703,1.05635,1.0566,1.60,3.90
2009.12.23 02:19:42.213,1.0563,1.0566,1.60,3.90
2009.12.23 02:19:42.553,1.0563,1.05655,1.60,1.60
2009.12.23 02:19:42.833,1.05625,1.05655,4.50,3.20
2009.12.23 02:19:43.353,1.0563,1.05655,1.60,1.60
2009.12.23 02:19:43.533,1.05625,1.05645,4.50,1.60
2009.12.23 02:19:43.653,1.05625,1.0565,4.50,2.30
2009.12.23 02:19:43.833,1.05625,1.0565,5.00,2.30
2009.12.23 02:19:44.172,1.05625,1.0565,3.40,3.90
2009.12.23 02:19:44.332,1.05625,1.0565,3.40,5.30
2009.12.23 02:19:44.562,1.05625,1.0565,3.20,5.30
2009.12.23 02:19:46.962,1.05625,1.0565,2.80,5.30
2009.12.23 02:19:47.142,1.05625,1.0565,2.50,5.30
2009.12.23 02:19:47.262,1.05625,1.0565,1.00,5.30
2009.12.23 02:19:47.931,1.05625,1.0565,2.40,5.30
2009.12.23 02:19:48.291,1.05625,1.0565,2.60,5.30
2009.12.23 02:19:50.281,1.05625,1.0565,2.40,5.30
2009.12.23 02:19:50.631,1.05625,1.0565,2.50,5.30
2009.12.23 02:19:50.751,1.05625,1.0565,2.60,5.30
2009.12.23 02:19:55.130,1.05625,1.0565,2.50,5.30
2009.12.23 02:19:55.240,1.05625,1.0565,2.40,5.30
2009.12.23 02:19:55.710,1.05625,1.0565,2.60,5.30
2009.12.23 02:19:55.880,1.05625,1.0565,2.50,5.30
2009.12.23 02:19:56.049,1.05625,1.0565,1.00,5.30
2009.12.23 02:19:56.729,1.05625,1.0565,2.40,5.30
2009.12.23 02:19:56.909,1.05625,1.0565,2.30,5.30
2009.12.23 02:19:57.319,1.05625,1.0565,2.40,5.30
2009.12.23 02:19:58.459,1.05625,1.0565,2.40,1.00
2009.12.23 02:19:58.639,1.05635,1.0565,1.60,1.00
2009.12.23 02:19:58.809,1.05635,1.0566,1.60,1.20
2009.12.23 02:19:59.039,1.05635,1.05665,1.60,6.50
2009.12.23 02:20:03.088,1.05635,1.05665,1.60,4.90
2009.12.23 02:20:08.446,1.05635,1.05665,1.60,4.40
2009.12.23 02:20:10.566,1.0563,1.0566,1.60,1.60
2009.12.23 02:20:10.746,1.05635,1.0566,1.60,1.60
2009.12.23 02:20:10.916,1.05635,1.05665,1.60,5.20
2009.12.23 02:20:11.026,1.05635,1.05665,1.60,6.00
2009.12.23 02:20:16.365,1.05635,1.05665,1.60,5.20
2009.12.23 02:20:16.705,1.0563,1.0566,1.60,1.60
2009.12.23 02:20:17.744,1.0563,1.0566,1.60,2.80
2009.12.23 02:20:49.937,1.05635,1.0566,1.60,1.20
2009.12.23 02:20:49.997,1.05635,1.05665,1.60,7.60
2009.12.23 02:20:50.117,1.05635,1.05665,1.60,6.00
2009.12.23 02:21:13.631,1.05635,1.05665,1.60,6.40
2009.12.23 02:21:23.179,1.0563,1.05665,1.60,6.40
2009.12.23 02:21:23.238,1.0563,1.0566,1.60,1.60
2009.12.23 02:21:23.478,1.05635,1.0566,1.60,1.60
2009.12.23 02:21:23.588,1.05635,1.05665,1.60,5.60
2009.12.23 02:21:23.708,1.05635,1.05665,1.60,6.40
2009.12.23 02:21:23.828,1.0563,1.0566,1.60,1.60
2009.12.23 02:21:24.118,1.05635,1.05665,1.60,6.00
2009.12.23 02:21:24.458,1.0563,1.0566,1.60,1.60
2009.12.23 02:21:24.808,1.0563,1.05665,1.60,6.00
2009.12.23 02:21:25.038,1.05635,1.05665,1.60,5.20
2009.12.23 02:21:25.208,1.0563,1.05665,1.60,6.00
2009.12.23 02:21:25.438,1.0563,1.0566,1.60,1.60
2009.12.23 02:21:25.668,1.05635,1.05665,1.60,6.00
2009.12.23 02:21:25.838,1.0563,1.0566,1.60,1.60
2009.12.23 02:21:26.068,1.05635,1.05665,1.60,5.20
2009.12.23 02:21:26.298,1.0563,1.0566,1.60,1.60
2009.12.23 02:21:26.528,1.05635,1.05665,1.60,6.00
2009.12.23 02:21:26.758,1.0563,1.0566,1.60,1.60
2009.12.23 02:21:28.577,1.05635,1.05665,1.60,6.80
2009.12.23 02:21:28.697,1.05635,1.05665,1.60,7.60
2009.12.23 02:21:28.817,1.05635,1.05665,1.60,6.00
2009.12.23 02:21:35.326,1.05645,1.05665,1.60,1.20
2009.12.23 02:21:35.446,1.05645,1.0567,1.60,5.10
2009.12.23 02:21:35.625,1.05645,1.0567,1.60,4.70
2009.12.23 02:21:37.475,1.0564,1.0567,3.90,6.30
2009.12.23 02:21:38.465,1.05645,1.0567,1.60,4.70
2009.12.23 02:21:40.064,1.0564,1.05665,2.30,3.20
2009.12.23 02:21:40.415,1.05635,1.05665,1.60,4.80
2009.12.23 02:21:40.535,1.0564,1.05665,1.60,3.20
2009.12.23 02:21:41.524,1.0564,1.0567,1.60,6.90
2009.12.23 02:21:41.704,1.0564,1.0567,1.60,6.80
2009.12.23 02:21:41.874,1.0564,1.0567,1.60,5.20
2009.12.23 02:22:00.570,1.0564,1.0567,1.60,5.30
2009.12.23 02:22:01.039,1.0564,1.05675,1.60,13.00
2009.12.23 02:22:25.684,1.0564,1.05665,1.60,1.00
2009.12.23 02:22:26.043,1.0564,1.05665,1.60,1.70
2009.12.23 02:23:23.550,1.0564,1.05665,1.60,2.10
2009.12.23 02:23:26.449,1.0564,1.05665,1.60,2.00
2009.12.23 02:23:33.657,1.0564,1.05665,1.60,1.60
2009.12.23 02:23:39.256,1.0564,1.05665,1.60,3.20
2009.12.23 02:23:40.646,1.05645,1.05665,1.60,3.20
2009.12.23 02:23:40.766,1.05645,1.0567,1.80,2.80
2009.12.23 02:23:46.154,1.05645,1.0567,1.80,2.90
2009.12.23 02:23:46.394,1.05645,1.0567,1.80,4.50
2009.12.23 02:23:51.783,1.05645,1.0567,1.00,4.50
2009.12.23 02:23:52.013,1.05645,1.0567,1.00,4.90
2009.12.23 02:23:52.923,1.05645,1.0567,1.00,4.50
2009.12.23 02:23:57.002,1.05645,1.0567,1.00,4.40
2009.12.23 02:23:57.581,1.05645,1.0567,1.00,2.80
2009.12.23 02:24:01.320,1.05645,1.0567,1.00,2.90
2009.12.23 02:24:01.610,1.05645,1.0567,1.00,3.30
2009.12.23 02:24:01.780,1.05645,1.0567,1.00,4.90
2009.12.23 02:24:19.266,1.05645,1.0567,1.00,4.80
2009.12.23 02:24:19.506,1.05645,1.0567,1.00,3.20
2009.12.23 02:24:31.413,1.05645,1.0567,1.00,3.30
2009.12.23 02:24:32.583,1.05645,1.0567,1.00,4.90
2009.12.23 02:24:43.960,1.05645,1.0567,2.60,4.90
2009.12.23 02:24:44.190,1.05645,1.0567,2.60,1.70
2009.12.23 02:24:44.430,1.05645,1.05675,2.60,6.10
2009.12.23 02:24:46.980,1.05645,1.05675,2.40,6.10
2009.12.23 02:24:47.339,1.05645,1.05675,2.40,6.30
2009.12.23 02:24:47.559,1.05645,1.0567,2.40,1.00
2009.12.23 02:24:47.849,1.05645,1.0567,2.40,1.70
2009.12.23 02:24:48.939,1.05645,1.0567,1.00,1.70
2009.12.23 02:24:48.989,1.05645,1.0567,1.00,1.60
2009.12.23 02:24:49.169,1.05645,1.0567,1.00,2.00
2009.12.23 02:24:50.709,1.05645,1.05675,1.00,9.00
2009.12.23 02:24:51.229,1.05645,1.0567,1.00,4.90
2009.12.23 02:24:54.688,1.05645,1.0567,1.00,4.90
2009.12.23 02:24:55.197,1.05645,1.0567,1.00,5.10
2009.12.23 02:24:55.427,1.05645,1.05665,1.00,1.70
2009.12.23 02:24:58.707,1.05645,1.05665,1.00,1.70
2009.12.23 02:24:58.807,1.0564,1.05665,1.60,1.70
2009.12.23 02:24:59.157,1.0563,1.05665,3.20,3.30
2009.12.23 02:24:59.507,1.0563,1.0566,3.20,1.60
2009.12.23 02:25:24.980,1.0563,1.0566,1.60,2.00
2009.12.23 02:25:27.180,1.0563,1.0566,3.20,2.00
2009.12.23 02:25:27.360,1.0563,1.0566,1.60,2.00
2009.12.23 02:25:28.959,1.0563,1.0566,3.20,2.00
2009.12.23 02:25:33.688,1.0563,1.0566,1.60,2.00
2009.12.23 02:25:34.778,1.0563,1.0566,3.20,2.00
2009.12.23 02:25:36.767,1.0563,1.0566,3.20,1.00
2009.12.23 02:25:52.734,1.0563,1.0566,3.20,1.20
2009.12.23 02:25:52.854,1.0563,1.0566,1.60,1.20
2009.12.23 02:25:54.403,1.0563,1.0566,3.20,1.20
2009.12.23 02:25:58.273,1.05635,1.05665,1.60,1.60
2009.12.23 02:26:01.681,1.0563,1.05665,3.20,1.60
2009.12.23 02:26:02.602,1.05635,1.05665,1.60,1.60
2009.12.23 02:26:09.170,1.0563,1.05665,3.20,1.60
2009.12.23 02:26:09.520,1.0563,1.0566,1.60,1.20
2009.12.23 02:26:09.810,1.0563,1.0566,1.60,1.00
2009.12.23 02:26:11.010,1.0563,1.0566,1.60,1.20
2009.12.23 02:26:25.206,1.0563,1.0566,1.60,1.00
2009.12.23 02:26:50.320,1.0563,1.0566,3.20,1.00
2009.12.23 02:26:55.218,1.0563,1.0566,3.20,1.20
2009.12.23 02:26:57.108,1.05635,1.0566,1.60,1.20
2009.12.23 02:26:57.448,1.05635,1.05665,1.60,1.00
2009.12.23 02:26:58.938,1.05635,1.05665,1.60,1.60
2009.12.23 02:27:10.285,1.0563,1.05665,3.20,1.20
2009.12.23 02:27:10.625,1.0563,1.0566,3.20,1.20
2009.12.23 02:27:11.215,1.0563,1.0566,3.20,1.60
2009.12.23 02:27:13.555,1.0563,1.0566,3.20,3.20
2009.12.23 02:27:14.024,1.0563,1.0566,1.60,3.20
2009.12.23 02:27:14.314,1.0563,1.05655,1.60,1.60
2009.12.23 02:27:18.493,1.0563,1.0566,1.60,2.00
2009.12.23 02:27:18.833,1.0563,1.05655,1.60,1.60
2009.12.23 02:27:31.550,1.0563,1.0566,1.60,2.80
2009.12.23 02:27:33.569,1.0561,1.0566,4.00,2.90
2009.12.23 02:27:33.799,1.0563,1.0566,1.60,3.40
2009.12.23 02:27:38.328,1.0563,1.05655,1.60,2.10
2009.12.23 02:27:59.583,1.0563,1.05655,1.60,3.30
2009.12.23 02:27:59.813,1.05625,1.05655,1.60,3.30
2009.12.23 02:28:00.323,1.05625,1.0565,1.60,1.60
2009.12.23 02:28:20.868,1.05625,1.05655,1.60,3.20
2009.12.23 02:28:44.982,1.05625,1.05655,1.60,3.30
2009.12.23 02:28:45.272,1.05625,1.0565,1.60,1.60
2009.12.23 02:28:51.981,1.05625,1.05655,1.60,3.20
2009.12.23 02:29:14.135,1.05625,1.05655,1.60,3.30
2009.12.23 02:29:15.075,1.05625,1.0565,1.60,1.60
2009.12.23 02:29:42.408,1.05635,1.0565,1.60,1.60
2009.12.23 02:29:42.648,1.05635,1.05655,1.60,1.00
2009.12.23 02:29:42.708,1.05635,1.0566,1.60,1.70
2009.12.23 02:30:44.933,1.05635,1.0566,1.60,1.60
2009.12.23 02:31:19.805,1.0564,1.0566,1.60,1.60
2009.12.23 02:31:20.135,1.0564,1.05665,1.60,7.10
2009.12.23 02:31:20.425,1.0564,1.05665,1.60,6.30
2009.12.23 02:31:29.103,1.0564,1.05665,1.60,6.10
2009.12.23 02:31:43.979,1.0564,1.05665,1.60,6.00
2009.12.23 02:31:44.259,1.0564,1.05665,1.60,4.40
2009.12.23 02:32:14.152,1.0564,1.05665,1.60,4.50
2009.12.23 02:32:14.932,1.0564,1.05665,1.60,4.40
2009.12.23 02:32:22.470,1.0564,1.0567,1.60,7.70
2009.12.23 02:32:22.690,1.0564,1.05665,1.60,6.40
2009.12.23 02:32:23.770,1.0564,1.0566,1.60,1.70
2009.12.23 02:32:28.079,1.0564,1.0566,1.60,1.60
2009.12.23 02:32:28.368,1.0564,1.05665,1.60,6.40
2009.12.23 02:32:33.387,1.0564,1.05665,1.60,6.30
2009.12.23 02:32:36.896,1.0564,1.05665,1.60,6.10
2009.12.23 02:32:44.185,1.0564,1.05665,1.60,6.30
2009.12.23 02:32:54.072,1.0564,1.05665,1.60,6.10
2009.12.23 02:33:20.656,1.0564,1.05665,1.60,6.30
2009.12.23 02:33:20.946,1.0564,1.05665,1.60,4.50
2009.12.23 02:33:22.425,1.0564,1.05665,1.60,4.40
2009.12.23 02:34:42.726,1.0564,1.05665,1.60,2.80
2009.12.23 02:35:03.221,1.0565,1.05675,1.60,4.00
2009.12.23 02:35:03.401,1.0565,1.05675,1.60,3.20
2009.12.23 02:35:03.691,1.0564,1.05675,1.80,3.20
2009.12.23 02:35:04.741,1.05645,1.05675,1.80,3.20
2009.12.23 02:35:07.500,1.05645,1.0567,1.60,1.60
2009.12.23 02:35:35.573,1.05645,1.0567,1.60,2.80
2009.12.23 02:35:42.372,1.05645,1.0567,1.60,3.20
2009.12.23 02:35:42.612,1.05645,1.0567,1.60,2.80
2009.12.23 02:35:47.851,1.05645,1.0567,1.60,3.30
2009.12.23 02:35:48.080,1.05645,1.0567,1.60,4.90
2009.12.23 02:35:51.060,1.05645,1.0567,1.60,4.80
2009.12.23 02:35:51.180,1.05645,1.0567,1.60,4.40
2009.12.23 02:35:51.350,1.05645,1.0567,1.60,2.80
2009.12.23 02:36:03.145,1.05615,1.05649,2.20,2.40
2009.12.23 02:36:04.845,1.05616,1.05651,1.00,4.20
2009.12.23 02:36:06.714,1.05614,1.05654,1.00,6.20
2009.12.23 02:36:07.174,1.05618,1.05648,5.70,2.20
2009.12.23 02:36:07.284,1.05619,1.05644,4.20,1.60
2009.12.23 02:36:15.272,1.05613,1.05648,4.60,6.20
2009.12.23 02:36:25.690,1.05617,1.05647,1.30,2.00
2009.12.23 02:36:26.040,1.05615,1.05645,4.50,5.00
2009.12.23 02:36:36.747,1.05611,1.05646,12.40,1.60
2009.12.23 02:36:37.087,1.0561,1.0564,1.30,2.00
2009.12.23 02:36:37.367,1.05608,1.05638,6.10,4.20
2009.12.23 02:36:37.727,1.05603,1.05643,2.40,1.60
2009.12.23 02:36:38.017,1.05602,1.05642,2.50,5.00
2009.12.23 02:36:40.836,1.05603,1.05643,1.30,5.00
2009.12.23 02:36:41.126,1.05606,1.05646,8.90,5.40
2009.12.23 02:36:41.366,1.0561,1.0565,1.00,6.20
2009.12.23 02:36:41.476,1.05614,1.05649,1.00,5.00
2009.12.23 02:36:41.596,1.05613,1.05648,1.00,2.20
2009.12.23 02:36:41.656,1.05612,1.05647,6.30,1.60
2009.12.23 02:36:41.776,1.05609,1.05649,1.00,4.20
2009.12.23 02:36:41.896,1.05609,1.05649,1.00,6.20
2009.12.23 02:36:41.956,1.0561,1.0565,1.70,1.60
2009.12.23 02:36:42.076,1.05611,1.05646,1.00,6.20
2009.12.23 02:36:42.186,1.05612,1.05647,2.20,2.40
2009.12.23 02:36:42.246,1.05611,1.05651,6.30,1.60
2009.12.23 02:36:42.366,1.05615,1.05655,8.10,6.20
2009.12.23 02:36:42.426,1.05616,1.05656,1.00,4.20
2009.12.23 02:36:42.536,1.05618,1.05653,1.30,2.00
2009.12.23 02:36:42.656,1.05616,1.05651,1.70,1.60
2009.12.23 02:36:42.836,1.05612,1.05652,1.00,5.00
2009.12.23 02:36:42.896,1.05611,1.05651,1.30,5.00
2009.12.23 02:36:42.996,1.05614,1.05649,1.00,4.20
2009.12.23 02:36:43.225,1.05616,1.05651,3.60,2.60
2009.12.23 02:36:43.286,1.05614,1.05654,6.10,1.00
2009.12.23 02:36:43.986,1.05616,1.05651,1.00,6.20
2009.12.23 02:36:44.326,1.05614,1.05649,1.30,4.20
2009.12.23 02:36:44.615,1.05613,1.05648,3.80,6.20
2009.12.23 02:36:44.835,1.05609,1.05649,1.00,6.20
2009.12.23 02:36:45.075,1.05612,1.05647,1.00,2.20
2009.12.23 02:36:45.305,1.05613,1.05648,7.30,5.40
2009.12.23 02:36:45.525,1.05611,1.05651,1.00,5.40
2009.12.23 02:36:46.125,1.05614,1.05649,1.00,5.00
2009.12.23 02:36:46.235,1.05617,1.05652,5.70,6.20
2009.12.23 02:36:46.405,1.05614,1.05654,1.00,5.40
2009.12.23 02:36:46.765,1.05612,1.05652,4.10,6.20
2009.12.23 02:36:46.875,1.05611,1.05651,6.10,4.20
2009.12.23 02:36:47.045,1.05614,1.05649,5.30,6.20
2009.12.23 02:36:47.285,1.05615,1.0565,1.00,6.20
2009.12.23 02:36:47.455,1.05614,1.05654,8.10,6.20
2009.12.23 02:36:47.735,1.05616,1.05651,4.60,6.20
2009.12.23 02:36:47.855,1.05612,1.05652,2.50,5.00
2009.12.23 02:36:48.265,1.05612,1.05647,1.00,4.20
2009.12.23 02:36:48.444,1.05608,1.05648,4.60,6.20
2009.12.23 02:36:48.684,1.05611,1.05646,1.00,5.00
2009.12.23 02:36:49.014,1.0561,1.0565,6.30,1.60
2009.12.23 02:36:49.364,1.05614,1.05649,1.30,1.00
2009.12.23 02:36:49.704,1.05613,1.05648,1.00,6.20
2009.12.23 02:36:50.064,1.05613,1.05648,1.00,6.20
2009.12.23 02:36:50.244,1.05612,1.05647,4.50,4.20
2009.12.23 02:36:50.424,1.05611,1.05651,1.00,6.20
2009.12.23 02:36:50.654,1.05615,1.0565,4.50,4.20
2009.12.23 02:36:50.834,1.05612,1.05652,1.00,5.40
2009.12.23 02:36:59.872,1.05619,1.05643,4.10,6.20
2009.12.23 02:37:15.409,1.05645,1.0567,1.60,1.20
2009.12.23 02:37:42.803,1.05645,1.0567,1.60,1.20
2009.12.23 02:37:43.153,1.05645,1.0567,1.80,1.20
2009.12.23 02:37:43.653,1.05655,1.0567,1.00,1.20
2009.12.23 02:37:43.883,1.05655,1.0567,1.00,1.20
2009.12.23 02:37:44.113,1.05655,1.05675,1.00,4.40
2009.12.23 02:37:44.342,1.05655,1.05675,1.00,4.40
2009.12.23 02:37:44.623,1.05655,1.05675,2.30,2.80
2009.12.23 02:37:45.922,1.05655,1.05675,1.00,2.80
2009.12.23 02:37:49.762,1.0565,1.05675,1.60,2.80
2009.12.23 02:38:00.379,1.05645,1.05675,1.80,5.20
2009.12.23 02:38:00.559,1.0565,1.05675,1.60,5.20
2009.12.23 02:38:01.568,1.0565,1.0567,1.60,1.20
2009.12.23 02:38:02.658,1.05645,1.0567,2.00,1.20
2009.12.23 02:38:07.647,1.05645,1.0567,2.20,1.20
2009.12.23 02:38:10.066,1.05645,1.0567,2.00,1.20
2009.12.23 02:38:11.126,1.05645,1.0567,1.80,1.20
2009.12.23 02:38:13.406,1.05645,1.0567,2.00,1.20
2009.12.23 02:38:18.304,1.05645,1.0567,1.80,1.20
2009.12.23 02:38:19.714,1.05645,1.0567,2.00,1.20
2009.12.23 02:38:20.594,1.0565,1.0567,1.60,1.20
2009.12.23 02:38:21.115,1.0565,1.05675,1.60,2.80
2009.12.23 02:39:09.952,1.0565,1.05675,1.60,2.00
2009.12.23 02:39:33.636,1.0565,1.05675,1.60,2.80
2009.12.23 02:39:33.806,1.0565,1.05675,1.60,1.20
2009.12.23 02:39:34.746,1.05655,1.0568,1.60,1.20
2009.12.23 02:39:46.773,1.05645,1.0568,1.60,4.40
2009.12.23 02:39:46.943,1.0564,1.05685,1.60,11.30
2009.12.23 02:39:47.123,1.0564,1.0568,1.60,8.10
2009.12.23 02:39:47.303,1.0564,1.0568,1.60,8.10
2009.12.23 02:39:47.423,1.0564,1.0568,1.60,6.50
2009.12.23 02:39:49.242,1.0564,1.0568,1.60,6.60
2009.12.23 02:39:49.353,1.0564,1.05675,1.60,3.70
2009.12.23 02:39:50.922,1.05645,1.05675,1.60,3.70
2009.12.23 02:39:51.272,1.05645,1.0568,1.60,5.80
2009.12.23 02:39:51.612,1.05645,1.0568,1.60,4.90
2009.12.23 02:39:51.852,1.05645,1.0568,1.60,4.50
2009.12.23 02:39:54.021,1.05645,1.0568,1.60,4.40
2009.12.23 02:39:54.311,1.05645,1.0568,1.60,2.80
2009.12.23 02:39:56.171,1.05645,1.05675,1.60,1.60
2009.12.23 02:39:56.341,1.05645,1.05665,1.60,1.60
2009.12.23 02:40:30.062,1.0564,1.05665,1.60,1.60
2009.12.23 02:40:33.662,1.05635,1.05665,3.20,1.60
2009.12.23 02:41:00.728,1.05629,1.05655,1.70,3.20
2009.12.23 02:41:01.538,1.05627,1.05657,2.80,7.90
2009.12.23 02:41:02.357,1.05629,1.05653,2.80,7.90
2009.12.23 02:41:10.518,1.0562,1.05645,5.60,4.10
2009.12.23 02:41:22.996,1.05614,1.05644,4.80,1.00
2009.12.23 02:41:40.506,1.05618,1.05643,1.60,2.00
2009.12.23 02:41:54.459,1.05613,1.05648,1.60,2.00
2009.12.23 02:41:54.585,1.05614,1.05649,4.80,1.00
2009.12.23 02:41:54.945,1.0562,1.0564,2.80,7.90
2009.12.23 02:42:38.921,1.05645,1.0567,1.60,2.70
2009.12.23 02:42:39.092,1.05645,1.0567,1.60,1.60
2009.12.23 02:42:54.318,1.05645,1.0567,1.80,1.60
2009.12.23 02:42:54.548,1.05645,1.0567,2.00,1.60
2009.12.23 02:42:59.457,1.05645,1.0568,1.00,1.60
2009.12.23 02:43:37.038,1.05645,1.0568,1.00,1.20
2009.12.23 02:43:38.027,1.05645,1.0568,1.00,1.60
2009.12.23 02:43:49.764,1.05645,1.0568,1.00,1.20
2009.12.23 02:43:50.854,1.05645,1.0568,1.00,1.30
2009.12.23 02:43:51.034,1.05645,1.0568,1.00,2.90
2009.12.23 02:43:54.153,1.05645,1.0568,1.00,2.90
2009.12.23 02:44:03.681,1.05645,1.0568,1.00,3.10
2009.12.23 02:44:03.911,1.05645,1.05675,1.00,1.70
2009.12.23 02:44:13.309,1.05645,1.05675,1.00,1.60
2009.12.23 02:44:13.549,1.05645,1.0568,1.00,2.90
2009.12.23 02:44:13.849,1.05645,1.05685,1.00,8.10
2009.12.23 02:44:14.119,1.05645,1.05685,1.00,8.10
2009.12.23 02:44:15.099,1.05645,1.05685,1.00,7.30
2009.12.23 02:44:30.774,1.05645,1.0568,1.00,1.20
2009.12.23 02:45:07.186,1.05645,1.05675,1.00,1.60
2009.12.23 02:45:16.034,1.05645,1.0568,1.00,1.00
2009.12.23 02:45:16.444,1.05645,1.05685,1.00,8.10
2009.12.23 02:45:19.733,1.05645,1.05685,1.00,8.00
2009.12.23 02:45:19.793,1.05645,1.0568,1.00,4.40
2009.12.23 02:45:24.352,1.05645,1.0568,1.00,1.10
2009.12.23 02:45:24.412,1.05645,1.0568,1.00,1.20
2009.12.23 02:45:24.762,1.05655,1.0568,1.60,1.20
2009.12.23 02:45:24.992,1.05655,1.0569,1.60,2.30
2009.12.23 02:45:25.051,1.05655,1.05695,2.30,3.60
2009.12.23 02:45:26.021,1.0566,1.05695,2.30,5.30
2009.12.23 02:45:26.201,1.0566,1.05695,2.30,5.20
2009.12.23 02:45:27.491,1.05655,1.05685,1.40,2.30
2009.12.23 02:45:27.851,1.05655,1.0568,1.00,1.60
2009.12.23 02:45:30.730,1.05655,1.05675,1.00,1.60
2009.12.23 02:45:31.660,1.05645,1.05675,1.00,1.60
2009.12.23 02:45:33.269,1.05645,1.05675,1.00,1.60
2009.12.23 02:45:35.469,1.05645,1.05675,1.00,1.60
2009.12.23 02:45:37.479,1.05645,1.05675,1.00,1.60
2009.12.23 02:45:37.809,1.0565,1.0568,2.30,2.30
2009.12.23 02:45:47.036,1.0566,1.0568,1.60,2.30
2009.12.23 02:45:47.146,1.0566,1.05685,1.60,2.80
2009.12.23 02:45:47.496,1.0566,1.0569,1.60,5.10
2009.12.23 02:45:54.505,1.05665,1.05685,1.60,1.60
2009.12.23 02:45:58.533,1.0566,1.05685,1.60,1.60
2009.12.23 02:46:40.543,1.05665,1.05685,1.60,1.60
2009.12.23 02:47:11.216,1.0566,1.05685,1.60,3.20
2009.12.23 02:47:11.336,1.05655,1.0569,1.60,5.90
2009.12.23 02:47:11.506,1.05655,1.0569,1.60,6.20
2009.12.23 02:47:11.836,1.05655,1.05685,1.60,5.80
2009.12.23 02:47:12.136,1.0565,1.05685,1.60,5.80
2009.12.23 02:47:51.026,1.0565,1.0568,1.60,1.20
2009.12.23 02:48:15.181,1.0565,1.0568,1.60,1.30
2009.12.23 02:48:15.300,1.0565,1.0568,1.60,1.00
2009.12.23 02:48:15.420,1.0565,1.0568,1.60,2.10
2009.12.23 02:49:02.259,1.0564,1.0568,1.60,3.70
2009.12.23 02:49:02.379,1.0564,1.05685,1.60,9.70
2009.12.23 02:49:02.669,1.0564,1.0568,1.60,7.30
2009.12.23 02:49:12.557,1.0564,1.05675,1.60,2.80
2009.12.23 02:49:19.835,1.05645,1.05675,1.60,2.80
2009.12.23 02:49:20.165,1.05645,1.05675,1.60,1.60
2009.12.23 02:49:21.395,1.05645,1.0568,1.60,2.80
2009.12.23 02:50:19.352,1.05614,1.05644,1.40,1.00
2009.12.23 02:50:29.349,1.05612,1.05642,1.50,2.70
2009.12.23 02:50:29.510,1.05612,1.05642,1.40,1.00
2009.12.23 02:50:37.827,1.05617,1.05647,4.70,1.00
2009.12.23 02:50:38.118,1.05621,1.05647,1.40,1.00
2009.12.23 02:50:40.137,1.05622,1.05642,1.40,1.50
2009.12.23 02:50:48.405,1.05621,1.05641,4.70,1.00
2009.12.23 02:50:48.585,1.0562,1.0564,1.50,2.70
2009.12.23 02:50:48.645,1.0562,1.0564,1.60,2.80
2009.12.23 02:51:36.282,1.0564,1.05675,1.60,1.60
2009.12.23 02:51:36.812,1.05645,1.05685,1.60,9.60
2009.12.23 02:51:38.492,1.0564,1.0568,1.60,2.80
2009.12.23 02:51:38.942,1.05645,1.0568,1.60,2.80
2009.12.23 02:51:46.280,1.05645,1.0568,1.60,2.80
2009.12.23 02:51:46.800,1.05645,1.05675,1.60,1.60
2009.12.23 02:52:51.884,1.05645,1.0568,1.60,2.80
2009.12.23 02:53:01.505,1.05598,1.05638,1.10,1.20
2009.12.23 02:53:01.865,1.05604,1.05649,1.00,2.00
2009.12.23 02:53:02.255,1.05612,1.05657,1.60,1.20
2009.12.23 02:53:02.595,1.05618,1.05658,1.90,2.00
2009.12.23 02:53:03.225,1.05624,1.05659,1.60,1.20
2009.12.23 02:53:03.405,1.05619,1.05659,1.90,2.00
2009.12.23 02:53:03.565,1.05619,1.05649,1.60,1.20
2009.12.23 02:53:03.685,1.05613,1.05648,1.00,2.00
2009.12.23 02:53:03.855,1.05614,1.05644,1.00,1.20
2009.12.23 02:53:04.034,1.05612,1.05647,2.40,1.20
2009.12.23 02:53:05.824,1.05611,1.05651,2.40,1.20
2009.12.23 02:53:06.174,1.05615,1.0565,1.90,2.00
2009.12.23 02:53:07.694,1.05613,1.05653,1.60,1.20
2009.12.23 02:53:08.563,1.05614,1.05649,2.00,2.00
2009.12.23 02:53:08.624,1.05616,1.05646,2.40,2.00
2009.12.23 02:53:08.803,1.05613,1.05648,1.60,2.80
2009.12.23 02:53:08.973,1.05616,1.05651,1.00,2.00
2009.12.23 02:53:09.093,1.05619,1.05654,1.10,1.20
2009.12.23 02:53:09.273,1.05623,1.05658,1.00,2.00
2009.12.23 02:53:18.901,1.05621,1.05666,2.10,1.00
2009.12.23 02:53:18.961,1.05623,1.05668,2.50,1.20
2009.12.23 02:53:19.140,1.05624,1.05664,1.60,1.00
2009.12.23 02:53:19.201,1.05619,1.05659,1.90,1.20
2009.12.23 02:53:19.481,1.05615,1.05655,1.00,1.20
2009.12.23 02:53:26.749,1.05611,1.05651,1.10,1.20
2009.12.23 02:53:27.669,1.05608,1.05648,1.60,1.00
2009.12.23 02:53:49.904,1.05606,1.05646,1.00,2.00
2009.12.23 02:53:50.313,1.05603,1.05643,1.10,2.40
2009.12.23 02:53:50.483,1.05604,1.05644,1.60,1.20
2009.12.23 02:53:50.823,1.0561,1.05645,1.60,1.00
2009.12.23 02:53:51.793,1.05613,1.05653,1.60,2.80
2009.12.23 02:53:52.473,1.05619,1.05659,2.00,2.00
2009.12.23 02:53:52.823,1.05624,1.05654,1.90,2.00
2009.12.23 02:53:55.442,1.0562,1.0566,1.60,1.00
2009.12.23 02:53:55.622,1.05624,1.05659,1.60,1.20
2009.12.23 02:53:55.862,1.05622,1.05658,2.10,1.00
2009.12.23 02:54:25.701,1.0566,1.0568,1.60,1.20
2009.12.23 02:54:25.992,1.0566,1.0569,1.60,4.00
2009.12.23 02:54:26.171,1.0566,1.05695,1.60,6.90
2009.12.23 02:54:26.851,1.0566,1.0569,2.30,5.50
2009.12.23 02:54:27.201,1.05655,1.05685,1.00,5.30
2009.12.23 02:54:27.531,1.05645,1.05685,1.60,5.30
2009.12.23 02:54:59.643,1.05645,1.0568,1.60,2.80
2009.12.23 02:55:03.592,1.05645,1.0568,1.60,3.20
2009.12.23 02:55:14.320,1.05645,1.0568,1.60,3.20
2009.12.23 02:55:14.440,1.05645,1.0568,1.60,3.30
2009.12.23 02:55:14.790,1.05645,1.0568,1.60,4.90
2009.12.23 02:55:29.216,1.05645,1.05675,1.60,1.60
2009.12.23 02:55:29.446,1.05645,1.05675,1.60,3.20
2009.12.23 02:55:38.224,1.05645,1.05675,1.60,1.60
2009.12.23 02:55:38.394,1.05645,1.0568,1.60,4.80
2009.12.23 02:55:38.734,1.05645,1.05685,1.60,9.70
2009.12.23 02:55:51.231,1.05645,1.05675,1.60,1.00
2009.12.23 02:55:52.101,1.05645,1.0568,1.60,2.80
2009.12.23 02:56:29.502,1.05645,1.05675,1.60,3.60
2009.12.23 02:56:38.819,1.05645,1.05675,1.60,1.00
2009.12.23 02:56:39.059,1.05645,1.0568,1.60,2.00
2009.12.23 02:56:45.028,1.05645,1.05675,1.60,3.20
2009.12.23 02:56:45.298,1.05645,1.0567,1.60,1.00
2009.12.23 02:56:58.665,1.0565,1.0567,1.60,1.00
2009.12.23 02:56:58.835,1.05655,1.0567,1.60,1.00
2009.12.23 02:56:58.945,1.05655,1.0568,1.60,1.00
2009.12.23 02:57:27.088,1.05655,1.0568,1.60,1.00
2009.12.23 02:57:27.258,1.05655,1.05675,1.60,1.00
2009.12.23 02:57:32.996,1.05655,1.0568,1.60,2.10
2009.12.23 02:57:39.805,1.05655,1.0568,1.60,2.00
2009.12.23 02:57:40.195,1.05655,1.0568,1.60,2.80
2009.12.23 02:57:40.715,1.05655,1.0568,1.60,1.20
2009.12.23 02:58:25.394,1.05665,1.0568,1.00,1.20
2009.12.23 02:58:25.744,1.05665,1.0568,1.00,1.20
2009.12.23 02:58:35.421,1.05665,1.05685,1.00,4.40
2009.12.23 02:58:35.811,1.0566,1.0569,1.60,7.90
2009.12.23 02:58:36.141,1.05665,1.05695,1.60,5.80
2009.12.23 02:58:36.491,1.05665,1.05695,1.80,7.30
2009.12.23 02:58:43.390,1.05665,1.0569,2.00,1.20
2009.12.23 02:58:44.459,1.05665,1.05695,1.60,7.30
2009.12.23 02:58:44.689,1.05665,1.05695,1.60,5.80
2009.12.23 02:58:46.939,1.05665,1.0569,1.60,1.00
2009.12.23 02:58:47.289,1.05665,1.0569,1.60,1.20
2009.12.23 02:58:47.639,1.05665,1.0569,1.80,1.20
2009.12.23 02:58:50.987,1.05665,1.0569,1.60,1.20
2009.12.23 02:58:54.177,1.0567,1.0569,1.60,1.20
2009.12.23 02:58:54.397,1.0567,1.057,1.60,6.40
2009.12.23 02:58:55.850,1.0567,1.057,1.60,8.80
2009.12.23 02:59:41.185,1.0567,1.05695,1.60,2.80
2009.12.23 02:59:41.485,1.0567,1.057,1.60,5.20
2009.12.23 02:59:42.345,1.05675,1.057,1.60,5.20
2009.12.23 02:59:43.385,1.05675,1.05705,1.60,7.20
2009.12.23 02:59:43.505,1.05675,1.05705,1.80,6.40
2009.12.23 02:59:44.385,1.0568,1.057,1.60,3.20
2009.12.23 02:59:46.814,1.05675,1.057,1.80,3.20
2009.12.23 02:59:48.004,1.05675,1.05705,2.20,6.40
2009.12.23 02:59:57.062,1.05675,1.057,1.80,3.20
2009.12.23 02:59:57.291,1.0568,1.05705,1.60,6.40
