2009.05.19 07:00:02.940,1.1596,1.1599,2.60,1.00
2009.05.19 07:00:03.290,1.1596,1.1599,2.40,1.00
2009.05.19 07:00:03.521,1.1596,1.1599,2.60,1.20
2009.05.19 07:00:03.700,1.1596,1.1599,3.00,1.20
2009.05.19 07:00:04.390,1.1596,1.1599,2.20,4.00
2009.05.19 07:00:05.480,1.1596,1.15985,3.00,4.00
2009.05.19 07:00:05.720,1.1596,1.1599,3.00,1.20
2009.05.19 07:00:06.840,1.1596,1.1599,2.20,4.00
2009.05.19 07:00:15.348,1.15975,1.1599,1.00,4.00
2009.05.19 07:00:15.578,1.15975,1.1599,1.20,1.20
2009.05.19 07:00:15.927,1.15975,1.1599,1.00,4.00
2009.05.19 07:00:16.747,1.1598,1.1599,1.00,1.20
2009.05.19 07:00:18.337,1.1598,1.1599,1.00,4.00
2009.05.19 07:00:19.037,1.1598,1.1599,1.20,4.00
2009.05.19 07:00:19.787,1.1598,1.1599,1.20,1.20
2009.05.19 07:00:20.067,1.1598,1.1599,1.20,4.00
2009.05.19 07:00:21.236,1.1598,1.1599,1.20,1.20
2009.05.19 07:00:21.526,1.1598,1.1599,1.20,4.00
2009.05.19 07:00:22.086,1.1598,1.1599,1.00,4.00
2009.05.19 07:00:22.786,1.15955,1.1599,2.20,1.20
2009.05.19 07:00:23.066,1.15955,1.1599,2.20,4.00
2009.05.19 07:00:23.406,1.15955,1.1599,2.20,1.20
2009.05.19 07:00:23.966,1.1596,1.1599,2.20,4.00
2009.05.19 07:00:26.065,1.15975,1.1599,1.00,4.00
2009.05.19 07:00:29.744,1.1598,1.1599,1.00,1.20
2009.05.19 07:00:29.974,1.1598,1.1599,1.80,4.00
2009.05.19 07:00:30.334,1.1598,1.1599,1.20,4.00
2009.05.19 07:00:30.684,1.1598,1.1599,1.20,4.00
2009.05.19 07:00:31.034,1.15955,1.1599,2.20,4.00
2009.05.19 07:00:31.374,1.15975,1.1599,1.20,1.00
2009.05.19 07:00:31.784,1.15975,1.1599,1.20,4.00
2009.05.19 07:00:32.284,1.15975,1.1599,4.00,4.00
2009.05.19 07:00:33.024,1.1598,1.1599,4.00,1.00
2009.05.19 07:00:44.111,1.1599,1.16025,1.00,5.00
2009.05.19 07:00:44.620,1.1599,1.16025,1.00,5.00
2009.05.19 07:00:44.910,1.1598,1.16025,1.40,5.00
2009.05.19 07:00:45.201,1.1598,1.16015,3.00,5.00
2009.05.19 07:00:45.501,1.1598,1.1602,4.00,5.00
2009.05.19 07:00:45.861,1.1599,1.16025,1.20,5.40
2009.05.19 07:00:48.590,1.1599,1.1602,1.20,1.00
2009.05.19 07:00:48.950,1.1599,1.16025,1.20,4.40
2009.05.19 07:00:49.959,1.1599,1.16025,1.20,9.60
2009.05.19 07:00:56.268,1.16,1.16015,1.20,1.00
2009.05.19 07:00:56.438,1.1599,1.1601,4.00,4.00
2009.05.19 07:00:56.778,1.1599,1.1601,4.00,4.00
2009.05.19 07:00:57.128,1.1599,1.1601,1.20,4.00
2009.05.19 07:00:57.698,1.1599,1.16005,1.20,3.60
2009.05.19 07:00:57.927,1.16,1.16005,1.80,1.60
2009.05.19 07:00:58.278,1.16,1.1604,1.80,7.20
2009.05.19 07:00:58.508,1.16,1.1604,1.80,4.00
2009.05.19 07:01:01.716,1.16,1.16015,1.80,4.00
2009.05.19 07:01:03.376,1.16,1.16015,1.80,5.60
2009.05.19 07:01:03.596,1.16,1.16015,1.80,4.00
2009.05.19 07:01:03.766,1.16,1.16035,1.80,4.00
2009.05.19 07:01:08.355,1.1599,1.1603,4.80,4.00
2009.05.19 07:01:08.695,1.1599,1.1603,4.40,4.00
2009.05.19 07:01:08.925,1.1599,1.1603,4.00,4.00
2009.05.19 07:01:11.005,1.1601,1.1603,1.00,4.00
2009.05.19 07:01:11.234,1.1601,1.1603,1.20,4.00
2009.05.19 07:01:11.464,1.1601,1.16025,1.20,4.00
2009.05.19 07:01:11.794,1.1601,1.16015,1.20,1.60
2009.05.19 07:01:12.204,1.15965,1.16,6.80,3.00
2009.05.19 07:01:12.604,1.15975,1.16035,1.00,5.00
2009.05.19 07:01:22.012,1.1599,1.1603,1.00,4.00
2009.05.19 07:01:23.451,1.1599,1.16025,1.00,5.00
2009.05.19 07:01:27.930,1.1598,1.16025,1.60,5.00
2009.05.19 07:01:28.220,1.1598,1.16025,5.60,5.00
2009.05.19 07:01:29.260,1.1599,1.1603,1.00,9.20
2009.05.19 07:01:31.859,1.1599,1.16025,1.00,5.00
2009.05.19 07:01:33.769,1.1598,1.16025,4.80,5.00
2009.05.19 07:01:33.989,1.1598,1.1602,4.80,5.00
2009.05.19 07:01:35.978,1.1598,1.16015,4.00,5.00
2009.05.19 07:01:36.648,1.1598,1.1602,4.00,5.00
2009.05.19 07:01:37.048,1.1598,1.16015,4.00,5.00
2009.05.19 07:01:38.768,1.1598,1.16015,4.20,5.00
2009.05.19 07:01:38.888,1.1598,1.16015,4.60,5.00
2009.05.19 07:01:39.368,1.1598,1.1602,4.60,5.00
2009.05.19 07:01:40.797,1.1599,1.16025,4.00,5.00
2009.05.19 07:01:41.127,1.1599,1.16025,5.20,5.00
2009.05.19 07:01:41.457,1.1599,1.16025,6.40,5.00
2009.05.19 07:01:44.416,1.1599,1.16025,2.40,5.00
2009.05.19 07:01:44.716,1.1599,1.16025,4.00,5.00
2009.05.19 07:01:45.056,1.1599,1.1603,4.00,5.00
2009.05.19 07:01:45.276,1.1599,1.16025,4.00,5.00
2009.05.19 07:01:54.864,1.1599,1.1603,3.20,5.00
2009.05.19 07:01:55.154,1.1599,1.1603,1.60,5.00
2009.05.19 07:01:55.454,1.1598,1.1603,4.80,5.00
2009.05.19 07:01:56.084,1.1599,1.16025,1.00,5.00
2009.05.19 07:01:56.383,1.1599,1.16025,2.40,5.00
2009.05.19 07:01:56.733,1.1599,1.1603,1.60,5.00
2009.05.19 07:01:57.143,1.1598,1.16025,2.00,5.00
2009.05.19 07:01:57.433,1.1599,1.16025,4.00,5.00
2009.05.19 07:02:02.102,1.16,1.1605,7.20,8.80
2009.05.19 07:02:02.442,1.16,1.1605,2.40,8.80
2009.05.19 07:02:02.732,1.16015,1.1605,1.20,5.60
2009.05.19 07:02:03.822,1.1602,1.1605,1.00,5.60
2009.05.19 07:02:04.062,1.1602,1.1603,1.00,4.00
2009.05.19 07:02:04.231,1.15995,1.1603,4.00,4.00
2009.05.19 07:02:04.511,1.1602,1.1606,1.00,5.60
2009.05.19 07:02:04.862,1.1602,1.1606,1.00,5.60
2009.05.19 07:02:05.261,1.1602,1.1603,1.00,4.00
2009.05.19 07:02:08.160,1.1603,1.1606,1.00,5.60
2009.05.19 07:02:08.340,1.1603,1.1606,1.20,5.60
2009.05.19 07:02:14.939,1.1603,1.1605,1.20,5.60
2009.05.19 07:02:18.528,1.1599,1.1605,9.00,10.80
2009.05.19 07:02:18.708,1.1599,1.1605,10.20,10.80
2009.05.19 07:02:18.878,1.1599,1.1605,7.80,10.80
2009.05.19 07:02:18.998,1.1598,1.1603,9.20,4.00
2009.05.19 07:02:19.058,1.1599,1.1602,5.60,4.00
2009.05.19 07:02:19.228,1.1599,1.1602,3.80,4.00
2009.05.19 07:02:19.288,1.1599,1.1602,4.80,4.00
2009.05.19 07:02:19.458,1.1599,1.16045,1.80,5.00
2009.05.19 07:02:19.628,1.16,1.16055,1.80,6.80
2009.05.19 07:02:19.847,1.16,1.16055,1.80,5.00
2009.05.19 07:02:22.897,1.1599,1.16035,3.80,5.00
2009.05.19 07:02:23.067,1.1599,1.16035,2.80,5.00
2009.05.19 07:02:23.247,1.1599,1.16035,1.20,5.00
2009.05.19 07:02:23.357,1.1599,1.1603,2.00,5.00
2009.05.19 07:02:23.527,1.1599,1.1603,2.40,5.00
2009.05.19 07:02:23.637,1.1599,1.1603,4.00,5.00
2009.05.19 07:02:31.055,1.1598,1.1603,4.80,5.00
2009.05.19 07:02:49.731,1.1598,1.1603,5.00,5.00
2009.05.19 07:02:49.910,1.1599,1.16025,4.00,5.00
2009.05.19 07:02:52.620,1.1599,1.1603,4.00,5.00
2009.05.19 07:02:53.010,1.1599,1.1603,2.40,5.00
2009.05.19 07:02:53.350,1.1599,1.1603,1.20,5.00
2009.05.19 07:02:53.700,1.1598,1.1603,4.60,5.00
2009.05.19 07:02:53.929,1.1599,1.16035,1.00,7.80
2009.05.19 07:02:54.110,1.1599,1.16035,4.00,9.40
2009.05.19 07:02:54.349,1.1599,1.16025,4.00,5.00
2009.05.19 07:02:55.869,1.1599,1.1603,3.20,5.00
2009.05.19 07:02:56.270,1.1599,1.1603,2.40,5.00
2009.05.19 07:02:56.489,1.1599,1.16025,1.00,5.00
2009.05.19 07:02:56.889,1.1598,1.1603,4.60,5.00
2009.05.19 07:02:57.239,1.1598,1.16025,4.60,5.00
2009.05.19 07:02:57.580,1.1599,1.1603,1.00,5.00
2009.05.19 07:02:58.099,1.1598,1.16025,3.20,5.00
2009.05.19 07:02:58.448,1.1598,1.1603,4.60,5.00
2009.05.19 07:02:59.208,1.1599,1.16025,1.00,5.00
2009.05.19 07:02:59.488,1.1599,1.16025,2.40,5.00
2009.05.19 07:02:59.878,1.1599,1.1603,1.00,5.00
2009.05.19 07:03:00.168,1.1599,1.16025,4.00,5.00
2009.05.19 07:03:01.228,1.1599,1.1603,1.00,5.00
2009.05.19 07:03:01.578,1.1599,1.16025,1.00,5.00
2009.05.19 07:03:01.928,1.1599,1.16025,4.00,5.00
2009.05.19 07:03:09.386,1.1599,1.1603,4.00,5.00
2009.05.19 07:03:09.676,1.1599,1.1603,1.60,5.00
2009.05.19 07:03:09.966,1.1598,1.1603,6.40,5.00
2009.05.19 07:03:11.045,1.1599,1.16035,2.40,6.00
2009.05.19 07:03:11.275,1.1599,1.16035,2.40,7.40
2009.05.19 07:03:11.555,1.1599,1.1603,2.40,5.00
2009.05.19 07:03:21.423,1.1598,1.1603,2.40,5.00
2009.05.19 07:03:21.533,1.1599,1.1603,2.40,5.00
2009.05.19 07:03:21.703,1.1599,1.16025,2.40,5.00
2009.05.19 07:03:22.463,1.1599,1.1603,2.40,5.00
2009.05.19 07:03:23.382,1.1599,1.16025,2.40,5.00
2009.05.19 07:03:23.722,1.1599,1.1603,2.40,5.00
2009.05.19 07:03:24.232,1.1599,1.16025,2.40,5.00
2009.05.19 07:03:30.031,1.1599,1.16025,2.40,5.60
2009.05.19 07:03:30.380,1.1599,1.1602,2.40,5.00
2009.05.19 07:03:30.871,1.15955,1.1602,2.40,5.00
2009.05.19 07:03:31.111,1.15955,1.16025,6.00,5.00
2009.05.19 07:03:31.391,1.15955,1.1602,6.00,4.00
2009.05.19 07:03:31.690,1.15955,1.16025,1.20,12.00
2009.05.19 07:03:34.130,1.1598,1.1602,1.00,5.00
2009.05.19 07:03:34.350,1.1598,1.1603,1.00,6.80
2009.05.19 07:03:34.630,1.1598,1.16025,1.00,5.00
2009.05.19 07:03:36.569,1.15955,1.16025,6.00,5.00
2009.05.19 07:03:36.809,1.15955,1.16025,6.00,5.60
2009.05.19 07:03:37.289,1.15945,1.1601,8.80,1.00
2009.05.19 07:03:37.789,1.15955,1.1601,3.20,1.00
2009.05.19 07:03:38.079,1.15955,1.16025,3.20,5.00
2009.05.19 07:03:38.599,1.1597,1.16015,1.00,5.00
2009.05.19 07:03:38.659,1.15955,1.16025,3.60,7.60
2009.05.19 07:03:39.059,1.15955,1.16025,6.00,6.00
2009.05.19 07:03:39.339,1.15945,1.16015,5.60,5.00
2009.05.19 07:03:39.789,1.15955,1.16015,3.80,5.00
2009.05.19 07:03:43.498,1.15955,1.16005,3.20,1.00
2009.05.19 07:03:43.777,1.15955,1.16005,2.40,1.00
2009.05.19 07:03:44.057,1.15955,1.16005,2.40,1.00
2009.05.19 07:03:44.357,1.15955,1.16005,6.00,1.00
2009.05.19 07:03:44.997,1.15955,1.16,6.00,1.20
2009.05.19 07:03:45.237,1.1595,1.16,5.00,1.20
2009.05.19 07:03:45.877,1.1595,1.1599,2.20,1.00
2009.05.19 07:03:47.587,1.1595,1.1599,3.80,1.00
2009.05.19 07:03:47.937,1.1595,1.1599,5.00,1.00
2009.05.19 07:03:49.476,1.1595,1.1599,5.00,1.20
2009.05.19 07:03:49.716,1.1595,1.1599,5.00,1.00
2009.05.19 07:03:58.244,1.1595,1.1599,5.00,1.00
2009.05.19 07:03:59.544,1.1595,1.1599,2.20,1.00
2009.05.19 07:03:59.994,1.1595,1.1599,2.20,1.20
2009.05.19 07:04:03.703,1.1595,1.1599,3.80,1.20
2009.05.19 07:04:04.053,1.1595,1.1599,5.00,1.20
2009.05.19 07:04:08.242,1.1595,1.1598,5.00,1.00
2009.05.19 07:04:08.582,1.1595,1.1598,3.40,1.00
2009.05.19 07:04:08.761,1.1595,1.1598,2.20,1.00
2009.05.19 07:04:14.460,1.1595,1.1598,2.20,1.00
2009.05.19 07:04:15.510,1.15945,1.1598,2.00,1.80
2009.05.19 07:04:15.800,1.1595,1.1597,3.00,5.00
2009.05.19 07:04:16.540,1.1591,1.1597,1.20,5.00
2009.05.19 07:04:17.529,1.1591,1.1596,1.00,1.00
2009.05.19 07:04:17.869,1.1591,1.15945,4.80,1.20
2009.05.19 07:04:18.169,1.15885,1.15945,10.20,1.20
2009.05.19 07:04:18.669,1.15885,1.1594,4.00,5.00
2009.05.19 07:04:19.009,1.1587,1.15935,2.80,5.00
2009.05.19 07:04:19.579,1.15875,1.15925,2.80,1.00
2009.05.19 07:04:20.159,1.1588,1.15925,1.20,1.00
2009.05.19 07:04:21.808,1.1588,1.1592,1.20,1.00
2009.05.19 07:04:23.138,1.1588,1.15925,1.20,5.80
2009.05.19 07:04:24.228,1.1588,1.15925,1.00,5.80
2009.05.19 07:04:24.448,1.1588,1.1592,1.00,1.00
2009.05.19 07:04:24.558,1.1588,1.1592,1.20,1.00
2009.05.19 07:04:24.668,1.1588,1.1592,1.20,1.00
2009.05.19 07:04:24.938,1.1588,1.15925,1.20,5.60
2009.05.19 07:04:26.547,1.1588,1.15925,1.20,5.80
2009.05.19 07:04:30.567,1.1586,1.15915,6.00,1.00
2009.05.19 07:04:31.050,1.15855,1.15915,6.00,1.40
2009.05.19 07:04:31.286,1.1584,1.1591,3.80,5.00
2009.05.19 07:04:31.746,1.1584,1.15895,3.80,1.00
2009.05.19 07:04:32.096,1.1584,1.15895,6.00,1.00
2009.05.19 07:04:32.606,1.1584,1.15895,3.80,1.00
2009.05.19 07:04:32.966,1.1584,1.1589,3.80,1.00
2009.05.19 07:04:33.265,1.1584,1.1589,7.80,1.00
2009.05.19 07:04:33.625,1.15835,1.15895,4.80,5.40
2009.05.19 07:04:34.985,1.1584,1.1589,3.00,1.00
2009.05.19 07:04:35.275,1.1584,1.1589,7.80,1.00
2009.05.19 07:04:35.575,1.15845,1.1589,2.40,1.00
2009.05.19 07:04:35.865,1.15845,1.1589,4.80,1.00
2009.05.19 07:04:36.145,1.15845,1.1589,2.40,1.00
2009.05.19 07:04:36.445,1.1584,1.1589,7.80,1.00
2009.05.19 07:04:41.563,1.15835,1.15885,4.20,5.00
2009.05.19 07:04:46.822,1.1584,1.1587,1.00,1.00
2009.05.19 07:04:47.062,1.1584,1.1587,1.00,2.00
2009.05.19 07:04:47.292,1.15845,1.1587,1.60,2.00
2009.05.19 07:04:47.592,1.1586,1.1587,2.20,1.60
2009.05.19 07:04:47.822,1.1586,1.1587,4.80,2.00
2009.05.19 07:04:48.122,1.15825,1.1587,4.20,1.60
2009.05.19 07:04:48.362,1.15825,1.15905,2.20,6.40
2009.05.19 07:04:49.752,1.15835,1.15895,2.20,8.00
2009.05.19 07:04:49.933,1.1584,1.15885,1.00,5.00
2009.05.19 07:04:50.172,1.1584,1.1586,1.00,4.00
2009.05.19 07:04:50.702,1.15855,1.15865,2.20,3.20
2009.05.19 07:04:50.921,1.1586,1.1587,1.00,1.00
2009.05.19 07:04:51.101,1.15825,1.1587,2.20,1.00
2009.05.19 07:04:51.571,1.15825,1.15905,2.20,6.40
2009.05.19 07:04:52.031,1.15825,1.1589,2.20,4.00
2009.05.19 07:04:52.381,1.1584,1.1588,1.20,2.00
2009.05.19 07:04:53.061,1.15855,1.1587,7.00,1.60
2009.05.19 07:04:53.411,1.1585,1.1587,1.00,1.60
2009.05.19 07:04:53.581,1.1584,1.1587,2.40,1.00
2009.05.19 07:04:53.751,1.1583,1.1587,4.60,1.00
2009.05.19 07:04:53.871,1.1583,1.15905,2.20,6.40
2009.05.19 07:04:54.261,1.15835,1.15905,2.20,8.00
2009.05.19 07:04:54.431,1.15835,1.1588,2.20,1.00
2009.05.19 07:04:54.671,1.1584,1.1588,1.20,1.00
2009.05.19 07:04:54.840,1.1584,1.1588,1.20,2.00
2009.05.19 07:04:55.650,1.1585,1.1588,2.20,5.80
2009.05.19 07:04:56.060,1.15845,1.1588,15.20,1.80
2009.05.19 07:04:56.340,1.15835,1.1588,2.20,1.00
2009.05.19 07:04:57.750,1.1584,1.1587,1.20,1.00
2009.05.19 07:04:57.979,1.1584,1.1587,1.20,1.00
2009.05.19 07:04:58.200,1.1584,1.1587,1.20,2.00
2009.05.19 07:04:58.669,1.15855,1.1587,2.20,1.60
2009.05.19 07:04:58.900,1.1586,1.1588,4.80,5.80
2009.05.19 07:04:59.229,1.1586,1.1587,3.20,2.00
2009.05.19 07:04:59.460,1.15825,1.1587,2.20,1.60
2009.05.19 07:04:59.689,1.15825,1.1587,2.20,1.60
2009.05.19 07:04:59.859,1.15825,1.15905,2.20,6.40
2009.05.19 07:05:00.329,1.1583,1.15895,1.20,5.40
2009.05.19 07:05:00.379,1.1583,1.1588,1.20,1.00
2009.05.19 07:05:00.799,1.1584,1.1588,1.20,2.00
2009.05.19 07:05:01.089,1.15845,1.1587,1.60,2.00
2009.05.19 07:05:01.379,1.15855,1.1587,7.00,1.60
2009.05.19 07:05:01.789,1.1587,1.1589,1.60,50.40
2009.05.19 07:05:02.239,1.1585,1.15895,1.80,8.40
2009.05.19 07:05:02.529,1.1586,1.159,2.40,6.60
2009.05.19 07:05:02.848,1.15855,1.15885,1.00,1.00
2009.05.19 07:05:03.188,1.1582,1.15885,5.00,2.40
2009.05.19 07:05:03.368,1.15825,1.15885,1.20,2.40
2009.05.19 07:05:03.818,1.1583,1.15885,1.60,2.40
2009.05.19 07:05:04.158,1.1585,1.1588,2.20,2.00
2009.05.19 07:05:04.388,1.1586,1.1588,2.20,1.00
2009.05.19 07:05:04.898,1.1587,1.1589,1.60,4.00
2009.05.19 07:05:05.128,1.15885,1.1589,2.20,1.60
2009.05.19 07:05:05.358,1.15865,1.159,4.80,2.00
2009.05.19 07:05:05.578,1.15855,1.159,3.60,1.60
2009.05.19 07:05:05.928,1.15855,1.1591,3.20,6.60
2009.05.19 07:05:06.108,1.15855,1.159,1.80,1.00
2009.05.19 07:05:06.278,1.15855,1.15905,1.80,5.40
2009.05.19 07:05:06.628,1.1586,1.15895,1.80,1.00
2009.05.19 07:05:06.917,1.15855,1.15905,3.20,1.60
2009.05.19 07:05:07.247,1.15855,1.1592,3.20,6.40
2009.05.19 07:05:08.067,1.1586,1.159,8.00,1.00
2009.05.19 07:05:08.417,1.1586,1.159,4.20,1.00
2009.05.19 07:05:08.637,1.1586,1.159,1.80,1.00
2009.05.19 07:05:09.197,1.1586,1.1589,1.80,1.00
2009.05.19 07:05:09.257,1.1586,1.1589,1.60,1.00
2009.05.19 07:05:09.607,1.1586,1.1589,1.60,1.00
2009.05.19 07:05:10.306,1.1586,1.1588,1.60,3.20
2009.05.19 07:05:10.577,1.1585,1.15875,2.20,4.00
2009.05.19 07:05:13.456,1.15865,1.15875,2.20,2.40
2009.05.19 07:05:13.806,1.15865,1.15895,2.20,1.00
2009.05.19 07:05:20.824,1.1587,1.15885,2.20,1.60
2009.05.19 07:05:21.054,1.15865,1.1589,3.00,5.60
2009.05.19 07:05:22.374,1.1587,1.15885,2.20,1.60
2009.05.19 07:05:22.674,1.1587,1.1589,2.20,1.00
2009.05.19 07:05:24.823,1.1587,1.1589,2.20,1.00
2009.05.19 07:05:28.992,1.1587,1.1589,2.20,1.00
2009.05.19 07:05:30.112,1.1587,1.1589,2.20,1.00
2009.05.19 07:05:30.292,1.1587,1.159,2.20,4.00
2009.05.19 07:05:33.621,1.1588,1.159,2.20,1.00
2009.05.19 07:05:33.791,1.1588,1.159,2.20,1.00
2009.05.19 07:05:34.071,1.1588,1.1591,2.20,4.00
2009.05.19 07:05:37.410,1.15875,1.1591,2.20,4.00
2009.05.19 07:05:37.710,1.1587,1.159,2.20,4.00
2009.05.19 07:05:38.320,1.15875,1.1591,2.20,4.00
2009.05.19 07:05:38.550,1.1588,1.1591,2.20,4.00
2009.05.19 07:05:50.357,1.1587,1.1591,3.80,1.00
2009.05.19 07:05:50.587,1.1587,1.1591,5.00,1.00
2009.05.19 07:05:50.937,1.1587,1.1592,5.00,1.00
2009.05.19 07:05:52.646,1.1588,1.1592,1.20,1.00
2009.05.19 07:05:56.385,1.1587,1.1592,5.00,1.00
2009.05.19 07:06:01.244,1.1588,1.1592,1.00,1.00
2009.05.19 07:06:02.134,1.1588,1.1592,3.80,1.00
2009.05.19 07:06:02.434,1.1588,1.15905,3.80,4.00
2009.05.19 07:06:02.784,1.1589,1.1592,1.60,5.00
2009.05.19 07:06:03.074,1.1589,1.15925,3.20,1.00
2009.05.19 07:06:04.444,1.1589,1.15915,3.20,4.80
2009.05.19 07:06:04.674,1.1589,1.15905,3.20,4.00
2009.05.19 07:06:04.964,1.15865,1.15905,2.20,4.00
2009.05.19 07:06:17.341,1.1587,1.1589,2.20,1.00
2009.05.19 07:06:29.857,1.1587,1.159,2.20,4.00
2009.05.19 07:06:40.315,1.1587,1.1589,2.20,1.00
2009.05.19 07:06:43.744,1.1587,1.1588,2.20,1.00
2009.05.19 07:06:46.603,1.1587,1.1589,2.20,1.00
2009.05.19 07:06:48.553,1.1587,1.1589,2.20,1.00
2009.05.19 07:06:51.902,1.1587,1.1589,2.20,1.00
2009.05.19 07:06:53.292,1.1588,1.1589,2.20,1.00
2009.05.19 07:06:56.081,1.1587,1.1589,2.20,1.00
2009.05.19 07:06:56.901,1.1588,1.159,2.20,4.00
2009.05.19 07:06:59.550,1.1588,1.1591,2.20,12.40
2009.05.19 07:06:59.830,1.1588,1.1591,2.20,4.00
2009.05.19 07:07:00.590,1.1588,1.1591,3.20,4.00
2009.05.19 07:07:03.050,1.1587,1.1591,4.80,4.00
2009.05.19 07:07:06.289,1.1587,1.1591,4.40,4.00
2009.05.19 07:07:06.568,1.1587,1.1591,1.00,4.00
2009.05.19 07:07:07.998,1.1588,1.1591,1.00,4.00
2009.05.19 07:07:08.358,1.15895,1.1591,1.20,1.00
2009.05.19 07:07:08.478,1.15895,1.15945,1.20,5.00
2009.05.19 07:07:08.758,1.15895,1.1595,1.20,9.20
2009.05.19 07:07:09.098,1.15895,1.1595,1.60,9.20
2009.05.19 07:07:09.858,1.159,1.1594,2.20,9.20
2009.05.19 07:07:10.148,1.159,1.1594,4.00,9.20
2009.05.19 07:07:10.488,1.1591,1.1594,1.00,9.20
2009.05.19 07:07:11.238,1.1591,1.1594,1.00,9.20
2009.05.19 07:07:11.708,1.1591,1.15935,1.20,4.00
2009.05.19 07:07:11.997,1.1591,1.1594,1.20,1.00
2009.05.19 07:07:12.517,1.1591,1.1595,1.20,4.00
2009.05.19 07:07:13.087,1.1591,1.1595,1.20,4.00
2009.05.19 07:07:15.517,1.1591,1.1595,1.00,4.00
2009.05.19 07:07:15.926,1.1592,1.1595,1.80,4.00
2009.05.19 07:07:16.326,1.1591,1.1594,2.20,5.00
2009.05.19 07:07:16.736,1.1591,1.1596,1.00,5.00
2009.05.19 07:07:17.136,1.15905,1.1597,1.80,8.80
2009.05.19 07:07:17.536,1.15905,1.1597,1.80,5.40
2009.05.19 07:07:17.996,1.15915,1.15965,1.00,5.40
2009.05.19 07:07:18.336,1.15915,1.1596,2.00,1.00
2009.05.19 07:07:18.626,1.15915,1.1596,3.60,1.00
2009.05.19 07:07:18.976,1.15925,1.1597,1.60,5.00
2009.05.19 07:07:19.096,1.1594,1.1596,1.00,1.60
2009.05.19 07:07:19.376,1.15915,1.1594,4.80,3.20
2009.05.19 07:07:19.596,1.15915,1.15955,4.40,5.00
2009.05.19 07:07:19.876,1.15915,1.15975,8.20,5.00
2009.05.19 07:07:22.245,1.1592,1.1594,2.20,3.20
2009.05.19 07:07:22.695,1.1592,1.15945,2.80,1.00
2009.05.19 07:07:23.085,1.1592,1.15945,1.20,1.00
2009.05.19 07:07:23.735,1.1592,1.15945,1.20,4.40
2009.05.19 07:07:24.464,1.1592,1.15945,1.00,9.20
2009.05.19 07:07:24.634,1.159,1.1593,4.40,3.20
2009.05.19 07:07:24.804,1.15915,1.1593,8.80,3.20
2009.05.19 07:07:24.974,1.1592,1.1593,33.60,2.40
2009.05.19 07:07:25.254,1.1592,1.1595,2.20,1.60
2009.05.19 07:07:25.604,1.1592,1.1595,2.20,4.00
2009.05.19 07:07:25.844,1.15915,1.1595,4.40,2.40
2009.05.19 07:07:26.124,1.15915,1.15955,4.40,1.00
2009.05.19 07:07:27.574,1.1592,1.15945,4.40,1.60
2009.05.19 07:07:27.924,1.1592,1.1594,4.40,1.00
2009.05.19 07:07:28.633,1.1592,1.1595,1.20,6.00
2009.05.19 07:07:28.813,1.1592,1.15945,1.20,4.00
2009.05.19 07:07:28.933,1.159,1.15945,3.80,8.80
2009.05.19 07:07:29.103,1.159,1.15945,3.80,14.00
2009.05.19 07:07:29.273,1.15905,1.1593,2.20,1.00
2009.05.19 07:07:29.383,1.15905,1.1593,2.20,2.40
2009.05.19 07:07:29.553,1.15905,1.1594,2.00,6.40
2009.05.19 07:07:29.723,1.159,1.1594,2.20,4.00
2009.05.19 07:07:29.953,1.15905,1.15945,2.20,4.00
2009.05.19 07:07:30.343,1.159,1.1594,5.20,9.20
2009.05.19 07:07:34.892,1.1591,1.1594,2.20,9.20
2009.05.19 07:07:35.342,1.1591,1.1594,2.20,4.00
2009.05.19 07:07:35.691,1.1591,1.15925,4.00,4.00
2009.05.19 07:07:35.843,1.1591,1.15925,3.20,7.20
2009.05.19 07:07:36.071,1.1591,1.15925,1.60,7.20
2009.05.19 07:07:36.301,1.1589,1.15925,3.80,7.20
2009.05.19 07:07:36.811,1.15895,1.15915,1.60,3.20
2009.05.19 07:07:36.991,1.15895,1.1595,2.40,9.20
2009.05.19 07:07:37.161,1.15895,1.1595,4.00,9.20
2009.05.19 07:07:37.331,1.159,1.1595,5.60,9.20
2009.05.19 07:07:42.070,1.159,1.1594,5.40,9.20
2009.05.19 07:07:42.190,1.159,1.1594,5.20,9.20
2009.05.19 07:07:42.370,1.159,1.1594,5.60,9.20
2009.05.19 07:07:44.939,1.159,1.1594,4.40,9.20
2009.05.19 07:07:45.119,1.159,1.1594,4.20,9.20
2009.05.19 07:07:45.299,1.159,1.1592,1.20,4.00
2009.05.19 07:07:45.419,1.159,1.1595,1.20,9.20
2009.05.19 07:07:46.559,1.159,1.1594,1.00,9.20
2009.05.19 07:07:46.839,1.159,1.1594,1.20,9.20
2009.05.19 07:07:47.079,1.159,1.1594,1.60,9.20
2009.05.19 07:07:47.349,1.159,1.1592,3.20,4.00
2009.05.19 07:07:47.529,1.159,1.1595,2.40,9.20
2009.05.19 07:07:47.769,1.159,1.1595,1.20,9.20
2009.05.19 07:07:54.767,1.1591,1.1594,1.00,9.20
2009.05.19 07:07:55.007,1.15905,1.15935,2.80,4.00
2009.05.19 07:07:55.477,1.15915,1.1594,1.80,9.20
2009.05.19 07:07:56.207,1.15915,1.1594,1.80,4.00
2009.05.19 07:08:04.405,1.1592,1.1594,1.20,4.00
2009.05.19 07:08:04.735,1.1592,1.15935,1.20,4.00
2009.05.19 07:08:09.134,1.1592,1.1594,2.00,4.00
2009.05.19 07:08:09.363,1.1592,1.1594,2.20,4.00
2009.05.19 07:08:09.773,1.1592,1.15935,2.20,4.00
2009.05.19 07:08:10.183,1.1592,1.1594,2.20,4.00
2009.05.19 07:08:12.313,1.1592,1.1594,2.40,4.00
2009.05.19 07:08:13.073,1.15935,1.1594,1.00,4.00
2009.05.19 07:08:13.372,1.15935,1.1594,1.00,4.00
2009.05.19 07:08:14.522,1.15915,1.1594,2.20,4.00
2009.05.19 07:08:14.882,1.15915,1.1595,2.20,7.60
2009.05.19 07:08:15.062,1.15915,1.1595,2.20,7.20
2009.05.19 07:08:15.222,1.15915,1.1595,2.20,4.00
2009.05.19 07:08:17.802,1.1593,1.1595,2.20,4.00
2009.05.19 07:08:18.731,1.1594,1.1595,1.00,4.00
2009.05.19 07:08:19.241,1.1595,1.1596,1.00,10.40
2009.05.19 07:08:19.411,1.1595,1.1596,1.00,4.00
2009.05.19 07:08:19.581,1.1595,1.1596,1.20,4.00
2009.05.19 07:08:24.000,1.15945,1.15965,3.80,4.00
2009.05.19 07:08:24.360,1.15945,1.15965,3.60,4.00
2009.05.19 07:08:24.530,1.15945,1.15965,3.40,4.00
2009.05.19 07:08:25.970,1.1595,1.1596,1.20,4.00
2009.05.19 07:08:26.250,1.1595,1.1596,2.20,4.00
2009.05.19 07:08:26.999,1.1595,1.1596,2.40,4.00
2009.05.19 07:08:34.577,1.1592,1.1595,2.20,4.00
2009.05.19 07:08:35.777,1.1592,1.1596,6.40,4.00
2009.05.19 07:08:36.517,1.1592,1.1596,6.20,4.00
2009.05.19 07:08:37.147,1.1592,1.1596,6.40,4.00
2009.05.19 07:08:37.536,1.1592,1.1596,4.00,4.00
2009.05.19 07:08:37.747,1.1592,1.1596,2.40,4.00
2009.05.19 07:08:39.426,1.1592,1.1597,2.40,9.40
2009.05.19 07:08:39.716,1.1592,1.1597,2.40,9.20
2009.05.19 07:08:40.706,1.15915,1.15975,3.80,5.00
2009.05.19 07:08:41.435,1.1593,1.15975,1.00,5.00
2009.05.19 07:08:41.556,1.1593,1.15975,1.00,5.00
2009.05.19 07:08:41.946,1.1593,1.15965,1.00,4.00
2009.05.19 07:08:44.205,1.1594,1.1596,1.20,4.00
2009.05.19 07:08:44.555,1.1594,1.1595,1.20,4.00
2009.05.19 07:08:45.205,1.1594,1.15955,1.20,4.00
2009.05.19 07:08:51.234,1.1594,1.15955,1.00,4.00
2009.05.19 07:08:51.594,1.1595,1.1596,1.60,4.00
2009.05.19 07:08:51.893,1.1595,1.1596,1.60,4.00
2009.05.19 07:08:52.223,1.1595,1.1596,1.80,4.00
2009.05.19 07:08:52.743,1.1595,1.1596,2.20,4.00
2009.05.19 07:08:53.153,1.1595,1.1596,1.80,4.00
2009.05.19 07:08:53.663,1.1595,1.1596,1.60,4.00
2009.05.19 07:08:53.833,1.1596,1.1597,1.00,5.00
2009.05.19 07:08:54.063,1.1596,1.15965,1.20,4.00
2009.05.19 07:08:54.403,1.1596,1.15965,2.80,4.00
2009.05.19 07:08:54.702,1.1594,1.1596,2.40,4.00
2009.05.19 07:08:55.093,1.1591,1.1596,6.60,4.00
2009.05.19 07:09:02.031,1.15915,1.1596,6.20,4.00
2009.05.19 07:09:02.321,1.15925,1.1596,2.20,4.00
2009.05.19 07:09:04.550,1.15925,1.1595,3.00,4.00
2009.05.19 07:09:04.780,1.15925,1.1595,2.20,5.60
2009.05.19 07:09:06.369,1.15925,1.1595,3.00,5.60
2009.05.19 07:09:06.550,1.1594,1.15945,1.00,2.40
2009.05.19 07:09:06.790,1.1594,1.15945,1.20,2.40
2009.05.19 07:09:06.840,1.1594,1.1597,1.20,4.00
2009.05.19 07:09:08.289,1.1595,1.1596,1.20,4.00
2009.05.19 07:09:08.859,1.1595,1.1596,1.00,4.00
2009.05.19 07:09:08.909,1.1595,1.1596,1.20,4.00
2009.05.19 07:09:09.209,1.1595,1.15955,1.20,4.00
2009.05.19 07:09:09.429,1.1595,1.15955,1.20,4.00
2009.05.19 07:09:15.967,1.1595,1.15955,1.80,4.00
2009.05.19 07:09:16.667,1.1595,1.1596,1.80,4.00
2009.05.19 07:09:19.396,1.15925,1.1596,2.20,4.00
2009.05.19 07:09:19.676,1.15915,1.1596,7.80,4.00
2009.05.19 07:09:19.907,1.15915,1.1596,6.80,4.00
2009.05.19 07:09:20.306,1.15915,1.1596,6.20,4.00
2009.05.19 07:09:20.826,1.1592,1.1596,6.00,4.00
2009.05.19 07:09:21.056,1.1592,1.1596,5.80,4.00
2009.05.19 07:09:24.205,1.15935,1.1596,2.20,4.00
2009.05.19 07:09:31.274,1.1593,1.15955,5.40,4.00
2009.05.19 07:09:33.163,1.15935,1.15945,7.00,4.00
2009.05.19 07:09:33.343,1.15915,1.15945,2.20,4.00
2009.05.19 07:09:33.563,1.15915,1.1594,2.20,4.00
2009.05.19 07:09:34.003,1.15915,1.1594,1.20,4.00
2009.05.19 07:09:38.942,1.1592,1.1594,1.40,4.00
2009.05.19 07:09:39.122,1.1592,1.1594,1.80,4.00
2009.05.19 07:09:40.492,1.1592,1.15945,2.60,2.40
2009.05.19 07:09:40.722,1.1592,1.15965,5.80,4.00
2009.05.19 07:09:53.648,1.1592,1.1596,4.80,4.00
2009.05.19 07:09:53.948,1.1592,1.1596,4.00,4.00
2009.05.19 07:10:00.666,1.1592,1.1596,4.80,4.00
2009.05.19 07:10:00.837,1.1592,1.1596,5.80,4.00
2009.05.19 07:10:01.746,1.1592,1.1594,5.00,4.00
2009.05.19 07:10:01.906,1.1592,1.1596,5.80,5.00
2009.05.19 07:10:02.127,1.1592,1.1597,9.20,4.00
2009.05.19 07:10:02.426,1.1592,1.1597,9.60,4.00
2009.05.19 07:10:02.836,1.1592,1.1596,9.80,4.00
2009.05.19 07:10:06.515,1.1592,1.1596,9.60,4.00
2009.05.19 07:10:06.815,1.1592,1.1596,9.20,4.00
2009.05.19 07:10:10.224,1.1592,1.1596,8.80,4.00
2009.05.19 07:10:16.373,1.1592,1.1596,8.40,4.00
2009.05.19 07:10:16.663,1.1592,1.1596,8.00,4.00
2009.05.19 07:10:18.812,1.1592,1.1597,8.00,9.20
2009.05.19 07:10:20.102,1.1592,1.1597,7.00,9.20
2009.05.19 07:10:23.101,1.1592,1.1597,7.40,9.20
2009.05.19 07:10:23.331,1.1592,1.1597,8.00,9.20
2009.05.19 07:10:26.160,1.1592,1.1597,8.80,9.20
2009.05.19 07:10:26.380,1.15935,1.1597,1.00,9.20
2009.05.19 07:10:26.670,1.15935,1.1597,1.00,9.20
2009.05.19 07:10:32.059,1.1594,1.15955,1.00,4.80
2009.05.19 07:10:32.279,1.1594,1.15945,1.00,1.00
2009.05.19 07:10:32.399,1.159,1.15945,7.00,1.00
2009.05.19 07:10:32.619,1.1591,1.15955,4.00,4.80
2009.05.19 07:10:32.789,1.1591,1.15955,4.20,7.60
2009.05.19 07:10:33.199,1.1591,1.1594,5.00,4.00
2009.05.19 07:10:33.419,1.1592,1.1595,5.80,1.20
2009.05.19 07:10:33.839,1.1592,1.1594,5.00,4.00
2009.05.19 07:10:34.069,1.1591,1.1593,2.20,4.00
2009.05.19 07:10:34.359,1.1591,1.1593,2.40,4.00
2009.05.19 07:10:34.589,1.159,1.1593,1.20,4.00
2009.05.19 07:10:35.158,1.159,1.15935,1.20,5.40
2009.05.19 07:10:35.329,1.1591,1.15945,1.00,12.40
2009.05.19 07:10:35.488,1.1591,1.15945,2.40,7.40
2009.05.19 07:10:35.658,1.1591,1.15945,4.00,5.00
2009.05.19 07:10:40.547,1.1591,1.1595,4.00,4.00
2009.05.19 07:10:41.057,1.1591,1.15945,4.00,5.00
2009.05.19 07:10:41.577,1.1591,1.1595,4.00,4.00
2009.05.19 07:10:48.735,1.1592,1.1595,1.00,4.00
2009.05.19 07:10:48.905,1.1592,1.1595,1.20,4.00
2009.05.19 07:10:49.015,1.1592,1.1594,1.80,4.00
2009.05.19 07:10:49.575,1.1592,1.1595,1.80,4.00
2009.05.19 07:10:50.195,1.1592,1.1594,1.80,4.00
2009.05.19 07:10:50.885,1.1594,1.15945,2.20,4.00
2009.05.19 07:10:51.124,1.1594,1.15955,2.20,2.40
2009.05.19 07:10:51.354,1.1594,1.15975,2.20,9.20
2009.05.19 07:10:53.054,1.1595,1.1597,2.20,4.00
2009.05.19 07:10:53.554,1.1594,1.1597,1.00,9.20
2009.05.19 07:10:53.834,1.1594,1.1597,1.00,9.20
2009.05.19 07:10:53.954,1.1593,1.1595,3.20,4.00
2009.05.19 07:10:54.234,1.1594,1.1597,1.00,4.00
2009.05.19 07:10:54.464,1.1594,1.1597,2.40,4.00
2009.05.19 07:10:54.574,1.1594,1.1597,4.00,4.00
2009.05.19 07:10:54.984,1.1594,1.15945,4.00,4.80
2009.05.19 07:10:55.224,1.1592,1.15925,4.00,4.80
2009.05.19 07:10:55.583,1.15885,1.15925,1.60,2.40
2009.05.19 07:10:55.754,1.15885,1.1595,2.80,5.00
2009.05.19 07:10:55.923,1.15895,1.15955,1.00,5.00
2009.05.19 07:10:56.153,1.15895,1.15955,4.00,5.00
2009.05.19 07:10:57.623,1.1592,1.15955,1.00,12.20
2009.05.19 07:10:57.863,1.1592,1.15955,4.00,8.80
2009.05.19 07:11:00.332,1.15915,1.15955,2.40,8.80
2009.05.19 07:11:00.732,1.15915,1.15955,6.80,1.00
2009.05.19 07:11:00.942,1.15925,1.15955,2.40,1.00
2009.05.19 07:11:01.472,1.15925,1.1596,2.40,1.00
2009.05.19 07:11:01.582,1.15925,1.1596,4.00,1.00
2009.05.19 07:11:02.632,1.1593,1.1596,3.20,1.00
2009.05.19 07:11:02.862,1.1592,1.1596,5.80,1.00
2009.05.19 07:11:10.270,1.15915,1.1596,4.20,1.00
2009.05.19 07:11:10.490,1.15915,1.1596,6.80,1.00
2009.05.19 07:11:10.830,1.15925,1.1596,2.40,1.00
2009.05.19 07:11:11.110,1.15925,1.1596,4.00,1.00
2009.05.19 07:11:12.719,1.1593,1.1596,4.00,1.00
2009.05.19 07:11:12.769,1.1592,1.1596,5.40,1.00
2009.05.19 07:11:13.059,1.1592,1.1596,2.20,1.00
2009.05.19 07:11:13.279,1.1593,1.1597,1.00,4.00
2009.05.19 07:11:13.459,1.1593,1.1597,2.40,4.00
2009.05.19 07:11:14.229,1.1593,1.1597,4.00,4.00
2009.05.19 07:11:22.427,1.1592,1.1597,6.40,9.20
2009.05.19 07:11:24.966,1.1592,1.15965,6.40,4.80
2009.05.19 07:11:25.076,1.1592,1.15965,6.40,8.00
2009.05.19 07:11:25.196,1.1592,1.1595,5.60,4.00
2009.05.19 07:11:25.246,1.1592,1.1595,4.00,4.00
2009.05.19 07:11:25.536,1.1592,1.1595,2.40,4.00
2009.05.19 07:11:26.696,1.1592,1.1594,2.40,4.00
2009.05.19 07:11:26.866,1.1592,1.15945,2.40,4.00
2009.05.19 07:11:29.095,1.1592,1.15945,1.20,4.00
2009.05.19 07:11:29.395,1.1591,1.15945,2.20,4.00
2009.05.19 07:11:30.035,1.1592,1.1595,2.20,4.00
2009.05.19 07:11:32.395,1.1591,1.15945,2.20,4.00
2009.05.19 07:11:34.054,1.159,1.15935,2.20,1.00
2009.05.19 07:11:34.224,1.15895,1.15955,3.20,7.20
2009.05.19 07:11:34.514,1.159,1.15955,5.20,12.40
2009.05.19 07:11:34.694,1.159,1.1595,1.20,5.00
2009.05.19 07:11:36.644,1.159,1.15945,1.20,6.60
2009.05.19 07:11:36.873,1.159,1.15935,1.20,4.00
2009.05.19 07:11:37.803,1.159,1.15935,2.20,4.00
2009.05.19 07:11:48.211,1.15925,1.15935,8.00,4.00
2009.05.19 07:11:48.661,1.15905,1.15955,1.20,4.00
2009.05.19 07:11:48.891,1.15905,1.15955,1.20,3.20
2009.05.19 07:11:49.061,1.15905,1.15955,1.20,2.40
2009.05.19 07:11:49.481,1.1592,1.1597,1.20,5.80
2009.05.19 07:11:49.920,1.1592,1.15965,1.20,4.00
2009.05.19 07:11:52.390,1.1592,1.1596,1.20,1.00
2009.05.19 07:11:59.488,1.1592,1.1596,1.20,4.00
2009.05.19 07:12:01.728,1.1591,1.1596,2.20,4.00
2009.05.19 07:12:01.898,1.1591,1.1595,2.20,1.00
2009.05.19 07:12:05.327,1.1591,1.1594,2.20,4.00
2009.05.19 07:12:05.676,1.1592,1.15945,7.00,4.80
2009.05.19 07:12:06.026,1.1592,1.15945,8.60,4.80
2009.05.19 07:12:06.246,1.1592,1.15945,8.60,5.00
2009.05.19 07:12:07.216,1.1592,1.1594,2.20,1.20
2009.05.19 07:12:07.446,1.1591,1.1594,12.60,1.20
2009.05.19 07:12:07.736,1.1591,1.15935,11.80,4.00
2009.05.19 07:12:07.966,1.1592,1.1594,2.20,4.00
2009.05.19 07:12:08.196,1.1591,1.1594,2.20,4.00
2009.05.19 07:12:08.606,1.1591,1.1593,2.20,4.00
2009.05.19 07:12:09.726,1.159,1.1592,7.40,1.00
2009.05.19 07:12:09.945,1.15895,1.1592,8.00,1.00
2009.05.19 07:12:10.185,1.1587,1.1591,8.40,1.00
2009.05.19 07:12:19.493,1.15875,1.1591,7.80,1.00
2009.05.19 07:12:19.953,1.15875,1.1592,7.40,1.00
2009.05.19 07:12:22.412,1.15875,1.1592,7.00,1.00
2009.05.19 07:12:22.642,1.1588,1.1592,1.20,1.00
2009.05.19 07:12:23.322,1.1588,1.1592,1.20,1.00
2009.05.19 07:12:24.472,1.1588,1.1592,1.20,1.00
2009.05.19 07:12:27.031,1.15875,1.1592,2.20,1.00
2009.05.19 07:12:27.791,1.15885,1.1592,1.00,1.00
2009.05.19 07:12:28.251,1.1587,1.1592,3.00,1.00
2009.05.19 07:12:28.711,1.15875,1.1592,4.80,1.00
2009.05.19 07:12:28.891,1.1587,1.1592,3.00,1.00
2009.05.19 07:12:29.181,1.15875,1.1592,4.80,1.00
2009.05.19 07:12:30.511,1.1589,1.1592,1.00,1.00
2009.05.19 07:12:30.680,1.1589,1.1592,2.40,1.00
2009.05.19 07:12:30.910,1.1589,1.1592,4.00,1.00
2009.05.19 07:12:31.260,1.1589,1.1592,2.40,1.00
2009.05.19 07:12:31.590,1.1589,1.1592,1.00,1.00
2009.05.19 07:12:31.770,1.1588,1.1592,1.60,1.00
2009.05.19 07:12:32.000,1.1588,1.1592,3.20,1.00
2009.05.19 07:12:32.170,1.1588,1.1592,4.80,1.00
2009.05.19 07:12:32.530,1.1589,1.1592,4.00,1.00
2009.05.19 07:12:32.950,1.1589,1.1592,1.00,1.00
2009.05.19 07:12:33.600,1.1588,1.1592,1.60,1.00
2009.05.19 07:12:36.339,1.1588,1.1592,1.60,1.00
2009.05.19 07:12:40.158,1.1588,1.1591,2.20,4.00
2009.05.19 07:12:40.728,1.15875,1.1591,3.80,4.00
2009.05.19 07:12:40.999,1.15875,1.15905,3.00,4.00
2009.05.19 07:12:41.408,1.1588,1.15905,1.20,4.00
2009.05.19 07:12:41.978,1.15875,1.15905,3.00,4.00
2009.05.19 07:12:42.557,1.15875,1.1591,3.00,4.00
2009.05.19 07:12:42.928,1.1588,1.159,1.00,4.00
2009.05.19 07:12:45.327,1.1587,1.159,2.20,4.00
2009.05.19 07:12:54.655,1.15885,1.159,4.00,4.00
2009.05.19 07:13:01.323,1.15865,1.159,2.20,4.00
2009.05.19 07:13:04.352,1.1587,1.1589,2.20,1.00
2009.05.19 07:13:04.702,1.1587,1.1589,2.20,1.00
2009.05.19 07:13:07.561,1.1587,1.1589,2.20,1.00
2009.05.19 07:13:07.732,1.1587,1.1589,2.20,1.00
2009.05.19 07:13:09.071,1.1586,1.15885,5.40,4.00
2009.05.19 07:13:09.301,1.1586,1.1589,5.40,5.60
2009.05.19 07:13:09.521,1.15865,1.1589,3.00,3.00
2009.05.19 07:13:09.981,1.15865,1.1589,3.00,1.00
2009.05.19 07:13:10.321,1.1586,1.1589,2.00,1.00
2009.05.19 07:13:10.731,1.1586,1.1589,2.00,1.00
2009.05.19 07:13:14.090,1.1586,1.1589,3.20,1.00
2009.05.19 07:13:16.950,1.1586,1.1589,2.20,4.00
2009.05.19 07:13:17.470,1.1586,1.15895,2.20,4.80
2009.05.19 07:13:18.439,1.1586,1.1589,2.20,4.00
2009.05.19 07:13:18.779,1.1586,1.1589,2.20,1.20
2009.05.19 07:13:19.119,1.1586,1.1589,2.20,4.00
2009.05.19 07:13:36.265,1.1586,1.15875,2.00,4.00
2009.05.19 07:13:36.605,1.1584,1.1587,7.00,4.00
2009.05.19 07:13:36.894,1.15835,1.15865,3.80,4.00
2009.05.19 07:13:37.234,1.15835,1.15865,2.20,4.00
2009.05.19 07:13:37.465,1.15835,1.1586,2.20,5.60
2009.05.19 07:13:37.884,1.1584,1.1586,2.20,4.00
2009.05.19 07:13:38.454,1.1584,1.1587,2.20,4.00
2009.05.19 07:13:39.414,1.1584,1.15855,2.20,1.00
2009.05.19 07:13:39.774,1.1584,1.15855,2.20,1.00
2009.05.19 07:13:40.234,1.1584,1.15855,2.20,1.00
2009.05.19 07:13:40.624,1.15835,1.1584,2.20,1.20
2009.05.19 07:13:41.103,1.15825,1.1584,6.00,1.20
2009.05.19 07:13:41.454,1.1582,1.1584,3.40,1.20
2009.05.19 07:13:41.633,1.1582,1.1584,2.20,1.20
2009.05.19 07:13:41.993,1.15845,1.1585,2.20,1.20
2009.05.19 07:13:42.273,1.15845,1.1587,2.20,5.00
2009.05.19 07:13:42.743,1.1585,1.15875,2.20,1.00
2009.05.19 07:13:43.193,1.15855,1.15875,3.20,4.00
2009.05.19 07:13:43.653,1.1583,1.15855,2.40,4.00
2009.05.19 07:13:43.953,1.15825,1.15855,1.80,4.00
2009.05.19 07:13:44.753,1.15845,1.1585,1.00,4.00
2009.05.19 07:13:45.093,1.15815,1.1585,3.20,4.00
2009.05.19 07:13:45.502,1.15815,1.1585,6.00,4.00
2009.05.19 07:13:45.792,1.15815,1.1585,1.20,6.40
2009.05.19 07:13:46.142,1.1582,1.1585,2.20,4.00
2009.05.19 07:13:46.972,1.1582,1.15875,2.20,4.00
2009.05.19 07:13:47.372,1.1582,1.1585,2.20,1.00
2009.05.19 07:13:52.421,1.1582,1.1584,2.20,1.00
2009.05.19 07:13:52.871,1.1583,1.1585,2.20,1.00
2009.05.19 07:13:53.141,1.1583,1.1586,2.20,4.00
2009.05.19 07:13:53.491,1.1583,1.1585,2.20,1.00
2009.05.19 07:13:54.190,1.1582,1.1585,2.20,4.00
2009.05.19 07:13:55.220,1.1582,1.1584,2.20,4.00
2009.05.19 07:13:55.660,1.158,1.1583,8.20,15.60
2009.05.19 07:13:56.070,1.158,1.1583,2.20,15.20
2009.05.19 07:13:56.960,1.1581,1.1583,2.20,15.20
2009.05.19 07:13:57.300,1.1581,1.1584,2.20,5.60
2009.05.19 07:13:57.520,1.1581,1.1583,2.20,4.00
2009.05.19 07:14:01.518,1.1581,1.1584,2.20,5.60
2009.05.19 07:14:11.036,1.1581,1.1583,2.20,4.00
2009.05.19 07:14:14.715,1.1581,1.1584,3.80,4.00
2009.05.19 07:14:14.946,1.1581,1.1584,5.00,4.00
2009.05.19 07:14:15.285,1.1581,1.1586,5.00,3.20
2009.05.19 07:14:15.525,1.1581,1.15875,5.00,9.20
2009.05.19 07:14:16.575,1.15825,1.1586,1.00,4.00
2009.05.19 07:14:16.795,1.15815,1.1586,1.00,4.00
2009.05.19 07:14:17.185,1.15815,1.1585,2.20,4.00
2009.05.19 07:14:18.584,1.1583,1.15875,1.00,15.00
2009.05.19 07:14:18.754,1.1583,1.15855,1.00,4.00
2009.05.19 07:14:18.925,1.1583,1.15855,1.40,4.00
2009.05.19 07:14:19.094,1.1583,1.15855,1.00,4.00
2009.05.19 07:14:20.124,1.1583,1.1585,1.00,4.00
2009.05.19 07:14:20.344,1.1583,1.1585,1.20,4.00
2009.05.19 07:14:21.284,1.1583,1.1585,1.00,4.00
2009.05.19 07:14:21.684,1.1582,1.1585,2.20,4.00
2009.05.19 07:14:22.034,1.1582,1.1584,1.00,4.00
2009.05.19 07:14:22.384,1.1582,1.15855,2.20,4.00
2009.05.19 07:14:27.352,1.1582,1.1586,1.00,7.40
2009.05.19 07:14:27.652,1.1583,1.1585,1.00,4.00
2009.05.19 07:14:28.062,1.1583,1.15875,1.60,4.20
2009.05.19 07:14:28.652,1.1584,1.15875,1.00,4.00
2009.05.19 07:14:28.932,1.1583,1.15865,1.60,4.00
2009.05.19 07:14:29.572,1.1583,1.1585,1.20,1.00
2009.05.19 07:14:29.852,1.1583,1.1584,1.00,4.00
2009.05.19 07:14:29.972,1.15805,1.1584,3.00,4.00
2009.05.19 07:14:30.082,1.15805,1.1584,2.20,4.00
2009.05.19 07:14:37.740,1.1581,1.1583,2.20,4.00
2009.05.19 07:14:50.147,1.15805,1.1584,5.20,4.00
2009.05.19 07:14:52.136,1.15805,1.1584,4.20,4.00
2009.05.19 07:14:52.246,1.15805,1.1584,4.00,4.00
2009.05.19 07:14:53.106,1.15805,1.1584,4.40,4.00
2009.05.19 07:14:53.386,1.1582,1.1583,2.40,4.00
2009.05.19 07:14:59.645,1.1579,1.1582,2.20,4.00
2009.05.19 07:14:59.865,1.1578,1.15845,2.20,7.20
2009.05.19 07:15:03.344,1.15785,1.15835,3.20,3.20
2009.05.19 07:15:03.694,1.1579,1.15835,1.80,3.20
2009.05.19 07:15:04.793,1.1579,1.1583,1.80,4.00
2009.05.19 07:15:05.613,1.1578,1.158,4.80,3.20
2009.05.19 07:15:06.033,1.15795,1.1582,2.20,1.80
2009.05.19 07:15:06.203,1.15795,1.15845,2.20,4.20
2009.05.19 07:15:06.373,1.15795,1.15845,2.20,5.80
2009.05.19 07:15:06.893,1.15795,1.1585,2.20,4.00
2009.05.19 07:15:07.342,1.158,1.1583,2.20,4.00
2009.05.19 07:15:07.853,1.158,1.1583,1.60,1.00
2009.05.19 07:15:08.153,1.158,1.1583,1.20,1.00
2009.05.19 07:15:12.452,1.158,1.1584,1.20,4.00
2009.05.19 07:15:12.921,1.158,1.1584,1.20,4.00
2009.05.19 07:15:14.961,1.158,1.1584,2.00,4.00
2009.05.19 07:15:17.900,1.158,1.1584,1.20,4.00
2009.05.19 07:15:19.000,1.158,1.1584,2.00,4.00
2009.05.19 07:15:19.290,1.158,1.1583,2.00,4.00
2009.05.19 07:15:20.109,1.158,1.1584,2.00,1.00
2009.05.19 07:15:21.939,1.158,1.1583,2.00,4.00
2009.05.19 07:15:24.998,1.158,1.1584,2.00,1.00
2009.05.19 07:15:26.658,1.158,1.1583,2.40,4.00
2009.05.19 07:15:29.417,1.158,1.1583,2.60,4.00
2009.05.19 07:15:29.928,1.158,1.1583,2.40,4.00
2009.05.19 07:15:30.097,1.158,1.1584,2.40,4.00
2009.05.19 07:15:30.487,1.158,1.1584,2.60,4.00
2009.05.19 07:15:31.687,1.158,1.1585,2.60,9.20
2009.05.19 07:15:35.786,1.158,1.1584,2.60,1.00
2009.05.19 07:15:38.875,1.1582,1.1585,1.00,9.20
2009.05.19 07:15:39.155,1.1582,1.1585,1.00,4.00
2009.05.19 07:15:39.395,1.1582,1.15855,1.00,5.40
2009.05.19 07:15:39.745,1.1582,1.1586,1.00,9.20
2009.05.19 07:15:40.095,1.15825,1.15855,3.00,4.00
2009.05.19 07:15:40.894,1.1583,1.15865,1.20,5.00
2009.05.19 07:15:41.105,1.1583,1.1587,1.20,7.20
2009.05.19 07:15:41.405,1.1583,1.1587,1.20,7.20
2009.05.19 07:15:41.695,1.1583,1.1587,1.20,4.00
2009.05.19 07:15:44.354,1.1584,1.1587,1.00,4.00
2009.05.19 07:15:44.524,1.1584,1.1587,1.00,4.00
2009.05.19 07:15:46.973,1.1584,1.1587,1.20,4.00
2009.05.19 07:15:48.113,1.15855,1.1587,1.00,4.00
2009.05.19 07:15:48.393,1.15835,1.1588,3.60,3.60
2009.05.19 07:15:48.733,1.15845,1.15905,1.00,5.00
2009.05.19 07:15:49.562,1.1586,1.1591,1.00,5.00
2009.05.19 07:15:50.202,1.1587,1.15905,1.00,5.00
2009.05.19 07:15:50.532,1.1587,1.15895,1.20,5.00
2009.05.19 07:15:50.822,1.1587,1.159,1.20,4.00
2009.05.19 07:15:51.252,1.1587,1.159,1.20,9.20
2009.05.19 07:15:51.542,1.1587,1.159,1.20,4.00
2009.05.19 07:15:56.201,1.1587,1.15895,1.20,4.00
2009.05.19 07:15:58.620,1.1587,1.15895,1.20,8.80
2009.05.19 07:15:58.800,1.1587,1.1588,1.00,4.00
2009.05.19 07:15:59.030,1.1586,1.15875,1.00,4.00
2009.05.19 07:15:59.310,1.15825,1.15885,1.00,4.00
2009.05.19 07:15:59.530,1.1582,1.15885,5.60,9.20
2009.05.19 07:15:59.760,1.1585,1.15885,1.00,9.20
2009.05.19 07:16:00.050,1.1585,1.1588,1.00,4.00
2009.05.19 07:16:00.630,1.1583,1.15885,1.40,5.00
2009.05.19 07:16:01.320,1.1584,1.1589,1.40,16.20
2009.05.19 07:16:01.650,1.15855,1.1589,1.00,4.00
2009.05.19 07:16:04.209,1.1583,1.1589,2.80,1.00
2009.05.19 07:16:04.439,1.1583,1.1589,2.60,1.00
2009.05.19 07:16:04.609,1.15835,1.15895,3.80,5.40
2009.05.19 07:16:04.842,1.15835,1.15895,2.60,5.40
2009.05.19 07:16:05.009,1.15835,1.15895,2.60,5.60
2009.05.19 07:16:08.588,1.15835,1.15895,2.60,5.40
2009.05.19 07:16:09.418,1.1585,1.15895,1.00,5.40
2009.05.19 07:16:09.917,1.1585,1.15895,1.40,5.00
2009.05.19 07:16:10.387,1.1585,1.159,1.00,9.20
2009.05.19 07:16:10.627,1.1586,1.159,1.60,9.20
2009.05.19 07:16:10.858,1.1587,1.159,2.20,4.00
2009.05.19 07:16:11.208,1.1586,1.159,1.60,4.00
2009.05.19 07:16:11.447,1.1587,1.159,2.20,9.20
2009.05.19 07:16:11.667,1.1587,1.159,2.20,4.00
2009.05.19 07:16:13.157,1.1586,1.1591,2.20,5.60
2009.05.19 07:16:13.397,1.15875,1.15915,1.00,5.40
2009.05.19 07:16:13.627,1.15875,1.15915,3.00,5.40
2009.05.19 07:16:15.916,1.1588,1.1591,3.00,4.00
2009.05.19 07:16:16.476,1.1588,1.15915,3.00,5.40
2009.05.19 07:16:17.815,1.1588,1.1591,3.00,4.00
2009.05.19 07:16:18.376,1.1588,1.15915,3.00,5.40
2009.05.19 07:16:19.105,1.1588,1.1591,3.00,4.00
2009.05.19 07:16:19.285,1.1588,1.1591,1.00,4.00
2009.05.19 07:16:19.575,1.1587,1.15905,2.40,5.00
2009.05.19 07:16:19.745,1.1587,1.15905,1.00,5.00
2009.05.19 07:16:20.945,1.1586,1.15905,1.20,5.00
2009.05.19 07:16:22.994,1.1586,1.159,1.60,4.00
2009.05.19 07:16:23.114,1.1586,1.1589,3.20,1.00
2009.05.19 07:16:23.284,1.1586,1.1589,3.20,1.00
2009.05.19 07:16:26.764,1.1586,1.1591,3.20,5.00
2009.05.19 07:16:27.213,1.1586,1.15905,1.20,9.20
2009.05.19 07:16:28.013,1.1587,1.159,1.00,9.20
2009.05.19 07:16:28.353,1.1587,1.159,1.00,9.20
2009.05.19 07:16:28.873,1.1587,1.15905,1.00,5.00
2009.05.19 07:16:29.343,1.1587,1.15905,1.20,5.00
2009.05.19 07:16:29.513,1.1587,1.1591,1.20,4.00
2009.05.19 07:16:29.743,1.1587,1.15905,1.20,5.00
2009.05.19 07:16:30.303,1.1587,1.1591,1.20,4.00
2009.05.19 07:16:31.212,1.1587,1.1591,1.00,4.00
2009.05.19 07:16:31.443,1.1588,1.1591,1.00,4.00
2009.05.19 07:16:31.662,1.15875,1.1591,2.80,4.00
2009.05.19 07:16:32.172,1.1588,1.1591,1.00,4.00
2009.05.19 07:16:32.522,1.15875,1.1591,2.80,4.00
2009.05.19 07:16:32.692,1.1588,1.159,1.00,4.00
2009.05.19 07:16:32.862,1.1588,1.15905,1.00,4.00
2009.05.19 07:16:33.492,1.1588,1.1591,1.00,4.00
2009.05.19 07:16:34.941,1.1588,1.15895,1.00,4.00
2009.05.19 07:16:35.222,1.1588,1.15895,1.60,4.00
2009.05.19 07:16:35.341,1.1588,1.1589,1.60,1.00
2009.05.19 07:16:35.632,1.15855,1.15885,1.20,4.00
2009.05.19 07:16:41.050,1.1586,1.1587,1.20,4.00
2009.05.19 07:16:43.449,1.1586,1.1587,1.00,4.00
2009.05.19 07:16:44.139,1.15835,1.15865,1.00,4.00
2009.05.19 07:16:44.199,1.1583,1.15865,2.80,4.00
2009.05.19 07:16:50.948,1.1585,1.15885,1.00,7.20
2009.05.19 07:16:51.118,1.1585,1.15885,1.00,4.00
2009.05.19 07:16:57.446,1.1586,1.1589,1.00,12.40
2009.05.19 07:16:57.676,1.1586,1.1589,1.00,8.20
2009.05.19 07:16:57.736,1.1586,1.1589,1.00,5.00
2009.05.19 07:16:58.016,1.1586,1.1589,1.00,9.20
2009.05.19 07:16:58.236,1.1586,1.1589,1.00,4.00
2009.05.19 07:16:58.416,1.1586,1.159,1.60,9.20
2009.05.19 07:16:59.185,1.1586,1.159,2.40,9.20
2009.05.19 07:16:59.415,1.15875,1.159,1.40,9.20
2009.05.19 07:16:59.475,1.15875,1.159,1.40,4.00
2009.05.19 07:17:00.036,1.15875,1.159,1.00,4.00
2009.05.19 07:17:02.825,1.1588,1.1591,1.00,7.20
2009.05.19 07:17:03.175,1.1588,1.15915,1.00,5.40
2009.05.19 07:17:06.494,1.1588,1.15915,1.00,8.60
2009.05.19 07:17:06.904,1.1588,1.1591,1.00,4.00
2009.05.19 07:17:07.194,1.1588,1.1591,1.00,1.00
2009.05.19 07:17:07.584,1.1588,1.15915,1.00,8.60
2009.05.19 07:17:07.704,1.1588,1.15915,1.00,5.40
2009.05.19 07:17:08.184,1.1588,1.1591,1.00,1.00
2009.05.19 07:17:09.053,1.1588,1.1591,1.20,1.00
2009.05.19 07:17:18.911,1.1588,1.1591,1.00,1.00
2009.05.19 07:17:19.192,1.1587,1.1591,2.20,1.00
2009.05.19 07:17:24.210,1.1588,1.1591,1.00,1.00
2009.05.19 07:17:24.329,1.1588,1.1591,1.20,1.00
2009.05.19 07:17:25.470,1.1588,1.1591,1.60,1.00
2009.05.19 07:17:26.049,1.1588,1.1591,1.20,1.00
2009.05.19 07:17:26.629,1.1588,1.1591,2.20,4.00
2009.05.19 07:17:27.040,1.1588,1.1591,1.60,1.00
2009.05.19 07:17:30.828,1.159,1.1591,1.00,1.00
2009.05.19 07:17:31.118,1.159,1.1592,1.20,9.20
2009.05.19 07:17:31.538,1.159,1.1592,1.00,4.00
2009.05.19 07:17:32.008,1.1591,1.1592,1.20,4.00
2009.05.19 07:17:33.878,1.1591,1.15925,1.20,1.00
2009.05.19 07:17:34.227,1.1592,1.15935,1.20,1.60
2009.05.19 07:17:34.577,1.159,1.15915,7.40,1.60
2009.05.19 07:17:34.807,1.159,1.1594,1.20,4.80
2009.05.19 07:17:35.047,1.159,1.1594,1.20,1.00
2009.05.19 07:17:35.407,1.15895,1.1594,1.00,5.00
2009.05.19 07:17:35.987,1.1589,1.15925,1.00,5.00
2009.05.19 07:17:36.397,1.15905,1.15925,1.00,5.00
2009.05.19 07:17:36.726,1.15905,1.1596,1.00,7.40
2009.05.19 07:17:36.957,1.15905,1.1596,1.00,4.00
2009.05.19 07:17:37.307,1.15905,1.1596,1.00,7.20
2009.05.19 07:17:37.716,1.1591,1.15955,1.00,5.00
2009.05.19 07:17:38.166,1.1591,1.1594,1.00,5.00
2009.05.19 07:17:39.036,1.1591,1.15945,1.00,5.00
2009.05.19 07:17:41.006,1.1591,1.1593,1.00,4.00
2009.05.19 07:17:41.225,1.15885,1.1593,2.20,4.00
2009.05.19 07:17:41.556,1.15875,1.1593,2.00,4.00
2009.05.19 07:17:52.503,1.15895,1.1592,1.00,4.00
2009.05.19 07:17:52.853,1.15895,1.1592,1.00,4.00
2009.05.19 07:17:59.061,1.159,1.1592,1.00,4.00
2009.05.19 07:17:59.291,1.159,1.1592,2.20,4.00
2009.05.19 07:17:59.821,1.159,1.1592,1.20,4.00
2009.05.19 07:18:00.891,1.159,1.15915,1.20,4.00
2009.05.19 07:18:01.341,1.159,1.1592,1.20,4.00
2009.05.19 07:18:04.790,1.1591,1.1592,1.00,4.00
2009.05.19 07:18:05.030,1.1591,1.1592,1.20,4.00
2009.05.19 07:18:05.360,1.1591,1.15925,1.20,4.00
2009.05.19 07:18:05.820,1.15905,1.15925,3.00,4.00
2009.05.19 07:18:07.379,1.15905,1.1593,3.00,7.20
2009.05.19 07:18:07.669,1.1591,1.1592,1.20,4.00
2009.05.19 07:18:11.488,1.1592,1.1593,1.00,5.60
2009.05.19 07:18:11.778,1.1591,1.1592,1.70,4.00
2009.05.19 07:18:12.178,1.1591,1.1592,2.20,4.00
2009.05.19 07:18:12.288,1.1592,1.1593,1.80,5.60
2009.05.19 07:18:12.468,1.1592,1.15925,1.80,4.00
2009.05.19 07:18:12.638,1.1592,1.1593,1.80,7.20
2009.05.19 07:18:13.038,1.1592,1.15925,2.40,3.20
2009.05.19 07:18:13.358,1.15935,1.15985,1.00,9.20
2009.05.19 07:18:14.118,1.15935,1.15985,1.00,4.00
2009.05.19 07:18:15.858,1.1594,1.1596,1.00,1.00
2009.05.19 07:18:16.197,1.15895,1.15965,8.40,5.40
2009.05.19 07:18:16.667,1.1591,1.1596,1.00,5.00
2009.05.19 07:18:17.027,1.1591,1.1596,1.20,5.00
2009.05.19 07:18:17.897,1.1592,1.1595,1.20,5.00
2009.05.19 07:18:18.117,1.1592,1.1595,1.20,9.20
2009.05.19 07:18:18.297,1.1592,1.1595,1.20,4.00
2009.05.19 07:18:18.527,1.1592,1.1595,1.20,9.20
2009.05.19 07:18:21.816,1.1592,1.1595,1.00,9.20
2009.05.19 07:18:22.096,1.1591,1.1595,1.20,9.20
2009.05.19 07:18:27.994,1.1591,1.1595,1.00,9.20
2009.05.19 07:18:28.274,1.159,1.1595,4.00,9.20
2009.05.19 07:18:29.094,1.1591,1.1595,1.00,9.20
2009.05.19 07:18:29.714,1.1591,1.15945,1.00,5.00
2009.05.19 07:18:42.311,1.159,1.15945,2.40,5.00
2009.05.19 07:18:42.601,1.159,1.15945,4.00,5.00
2009.05.19 07:18:44.390,1.1591,1.15945,1.00,5.00
2009.05.19 07:18:44.630,1.1591,1.15945,1.00,5.00
2009.05.19 07:18:51.119,1.1591,1.15945,1.20,5.00
2009.05.19 07:19:01.376,1.159,1.1594,1.00,9.20
2009.05.19 07:19:05.516,1.1591,1.1594,1.00,9.20
2009.05.19 07:19:06.386,1.159,1.15935,1.20,5.00
2009.05.19 07:19:06.725,1.159,1.15935,4.00,5.00
2009.05.19 07:19:07.175,1.159,1.15935,1.20,5.00
2009.05.19 07:19:08.125,1.15865,1.15925,2.20,1.00
2009.05.19 07:19:08.525,1.1587,1.15925,1.20,1.00
2009.05.19 07:19:08.874,1.1587,1.1593,1.20,8.60
2009.05.19 07:19:09.164,1.1588,1.15925,1.20,8.60
2009.05.19 07:19:14.363,1.1588,1.15925,1.20,5.40
2009.05.19 07:19:14.664,1.1588,1.1592,1.20,1.00
2009.05.19 07:19:19.662,1.1588,1.1592,1.20,1.00
2009.05.19 07:19:19.772,1.1588,1.15925,1.20,5.60
2009.05.19 07:19:19.892,1.1588,1.15925,1.20,8.80
2009.05.19 07:19:20.192,1.1588,1.1591,1.20,1.00
2009.05.19 07:19:20.302,1.1588,1.1591,1.20,2.00
2009.05.19 07:19:28.220,1.1588,1.159,1.20,1.60
2009.05.19 07:19:28.440,1.1588,1.15935,1.20,8.60
2009.05.19 07:19:29.769,1.1586,1.15925,3.20,8.60
2009.05.19 07:19:31.639,1.15875,1.15925,1.20,5.40
2009.05.19 07:19:31.759,1.15875,1.1592,1.20,1.00
2009.05.19 07:19:32.709,1.1588,1.1592,1.20,1.00
2009.05.19 07:19:35.868,1.1588,1.1592,1.00,1.00
2009.05.19 07:19:36.048,1.1588,1.1592,1.20,4.00
2009.05.19 07:19:36.228,1.1588,1.1592,1.20,12.40
2009.05.19 07:19:36.568,1.1588,1.15915,1.20,5.00
2009.05.19 07:19:37.957,1.1588,1.15915,1.00,5.00
2009.05.19 07:19:38.247,1.1588,1.15915,1.20,5.00
2009.05.19 07:19:38.477,1.1588,1.1592,1.20,12.40
2009.05.19 07:19:38.817,1.1588,1.15915,1.20,5.00
2009.05.19 07:19:48.745,1.1588,1.1592,1.20,12.40
2009.05.19 07:19:50.725,1.15885,1.1592,1.00,9.20
2009.05.19 07:19:51.924,1.15895,1.1592,1.20,9.20
2009.05.19 07:19:52.154,1.15895,1.1592,1.20,4.00
2009.05.19 07:19:52.604,1.15895,1.1592,1.00,1.00
2009.05.19 07:19:52.714,1.15895,1.15945,1.20,8.20
2009.05.19 07:19:52.944,1.159,1.1595,1.20,9.20
2009.05.19 07:19:53.453,1.159,1.1595,1.20,8.80
2009.05.19 07:19:54.803,1.159,1.15945,1.00,8.80
2009.05.19 07:19:54.923,1.159,1.15945,1.20,8.80
2009.05.19 07:19:54.983,1.159,1.1594,1.20,5.00
2009.05.19 07:20:01.052,1.159,1.1594,1.00,5.00
2009.05.19 07:20:01.442,1.1588,1.15935,1.00,5.00
2009.05.19 07:20:06.411,1.1588,1.1594,2.00,5.00
2009.05.19 07:20:08.940,1.1588,1.1594,1.60,5.00
2009.05.19 07:20:09.240,1.1588,1.1593,8.80,1.00
2009.05.19 07:20:09.514,1.15875,1.15935,2.40,5.40
2009.05.19 07:20:09.970,1.1588,1.15925,1.20,1.00
2009.05.19 07:20:10.250,1.1588,1.1592,1.20,1.00
2009.05.19 07:20:10.590,1.1588,1.1592,1.00,1.00
2009.05.19 07:20:10.949,1.1587,1.15915,1.00,1.00
2009.05.19 07:20:11.350,1.1587,1.15915,1.20,5.60
2009.05.19 07:20:12.149,1.1587,1.1591,1.20,5.40
2009.05.19 07:20:12.899,1.1587,1.1591,1.20,5.00
2009.05.19 07:20:13.139,1.1587,1.1591,1.60,5.00
2009.05.19 07:20:13.369,1.1587,1.15915,1.60,5.60
2009.05.19 07:20:19.807,1.1587,1.15915,1.60,7.20
2009.05.19 07:20:22.257,1.1586,1.159,1.20,9.20
2009.05.19 07:20:22.597,1.1586,1.15895,1.20,5.40
2009.05.19 07:20:22.887,1.15825,1.15885,2.20,1.00
2009.05.19 07:20:26.635,1.15835,1.1588,2.80,1.00
2009.05.19 07:20:26.965,1.15835,1.1588,3.20,1.00
2009.05.19 07:20:27.486,1.1584,1.1588,1.80,1.00
2009.05.19 07:20:36.474,1.1584,1.1588,1.60,1.00
2009.05.19 07:20:37.113,1.1584,1.1589,1.60,9.20
2009.05.19 07:20:40.612,1.15835,1.15895,2.80,5.40
2009.05.19 07:20:41.022,1.15835,1.15885,2.80,1.00
2009.05.19 07:20:43.922,1.15835,1.159,3.20,5.40
2009.05.19 07:20:45.891,1.1585,1.15895,1.00,5.40
2009.05.19 07:20:48.310,1.1586,1.15895,1.00,5.40
2009.05.19 07:20:53.779,1.1586,1.15895,1.40,5.40
2009.05.19 07:20:53.949,1.1586,1.1589,1.40,1.00
2009.05.19 07:20:54.189,1.1586,1.1589,1.60,1.00
2009.05.19 07:20:54.479,1.1586,1.1589,1.60,4.00
2009.05.19 07:20:55.059,1.1586,1.1589,1.40,4.00
2009.05.19 07:20:56.348,1.1586,1.15895,1.40,4.40
2009.05.19 07:20:57.278,1.1586,1.15895,1.00,4.80
2009.05.19 07:20:57.458,1.1586,1.1589,1.00,9.20
2009.05.19 07:20:59.168,1.1586,1.1589,1.00,9.20
2009.05.19 07:20:59.688,1.15835,1.1588,1.60,1.00
2009.05.19 07:21:00.018,1.15835,1.1588,2.40,1.00
2009.05.19 07:21:01.207,1.1584,1.1588,2.00,1.00
2009.05.19 07:21:01.507,1.1584,1.1588,1.00,4.40
2009.05.19 07:21:02.197,1.1584,1.1588,1.60,4.00
2009.05.19 07:21:02.487,1.1584,1.1588,1.40,4.00
2009.05.19 07:21:04.467,1.1584,1.1588,1.00,4.00
2009.05.19 07:21:05.086,1.1584,1.15885,1.00,5.40
2009.05.19 07:21:05.316,1.1584,1.15875,1.00,5.00
2009.05.19 07:21:06.186,1.1584,1.1588,1.00,5.00
2009.05.19 07:21:07.876,1.1584,1.15885,1.00,5.40
2009.05.19 07:21:08.096,1.1582,1.15885,2.00,5.40
2009.05.19 07:21:08.496,1.15825,1.1588,1.00,5.00
2009.05.19 07:21:10.525,1.1584,1.1588,1.00,5.00
2009.05.19 07:21:13.404,1.1584,1.15865,1.00,4.00
2009.05.19 07:21:13.804,1.1583,1.15855,1.20,4.00
2009.05.19 07:21:17.803,1.1583,1.1586,1.20,10.80
2009.05.19 07:21:17.863,1.1583,1.1586,1.20,9.20
2009.05.19 07:21:18.953,1.1583,1.15845,1.20,1.00
2009.05.19 07:21:19.293,1.1583,1.15845,1.20,1.00
2009.05.19 07:21:19.573,1.1583,1.15845,1.20,2.00
2009.05.19 07:21:21.063,1.1583,1.1584,1.20,1.60
2009.05.19 07:21:21.233,1.1583,1.15865,1.20,9.20
2009.05.19 07:21:30.660,1.1583,1.15845,1.20,4.80
2009.05.19 07:21:30.900,1.1583,1.15845,2.20,5.30
2009.05.19 07:21:31.200,1.1583,1.15835,2.20,1.00
2009.05.19 07:21:31.540,1.1583,1.1587,2.20,4.00
2009.05.19 07:21:32.690,1.1583,1.15855,1.60,5.00
2009.05.19 07:21:32.920,1.1581,1.15845,1.00,1.60
2009.05.19 07:21:33.101,1.1581,1.15835,1.00,4.00
2009.05.19 07:21:33.329,1.1581,1.15865,1.00,9.80
2009.05.19 07:21:33.550,1.15815,1.15865,2.40,5.00
2009.05.19 07:21:33.889,1.15815,1.1587,1.60,9.20
2009.05.19 07:21:34.179,1.15815,1.1587,1.00,9.20
2009.05.19 07:21:46.416,1.15825,1.1586,1.00,9.20
2009.05.19 07:21:46.777,1.15825,1.15855,1.20,5.00
2009.05.19 07:21:47.066,1.15825,1.1586,1.20,9.20
2009.05.19 07:21:47.356,1.15825,1.1586,1.20,5.00
2009.05.19 07:21:47.596,1.1583,1.1586,1.00,5.00
2009.05.19 07:21:51.155,1.1583,1.15855,1.00,5.40
2009.05.19 07:21:53.985,1.15805,1.15855,2.00,5.40
2009.05.19 07:21:54.394,1.15805,1.1585,2.60,5.00
2009.05.19 07:21:57.694,1.1581,1.1585,1.80,9.80
2009.05.19 07:21:57.914,1.1581,1.15845,1.80,5.40
2009.05.19 07:22:00.383,1.1581,1.15845,1.80,9.60
2009.05.19 07:22:00.783,1.1581,1.1584,2.20,4.00
2009.05.19 07:22:00.893,1.1581,1.1584,1.80,4.00
2009.05.19 07:22:04.412,1.1581,1.1584,2.20,4.00
2009.05.19 07:22:04.812,1.1581,1.1584,2.20,5.60
2009.05.19 07:22:04.982,1.1581,1.15825,2.20,3.20
2009.05.19 07:22:05.332,1.15805,1.1585,2.00,4.00
2009.05.19 07:22:05.622,1.158,1.1585,2.00,4.00
2009.05.19 07:22:05.862,1.158,1.1584,3.00,4.00
2009.05.19 07:22:07.142,1.1581,1.1584,1.00,4.00
2009.05.19 07:22:07.431,1.1581,1.1584,1.20,4.00
2009.05.19 07:22:07.821,1.1581,1.1584,1.20,8.80
2009.05.19 07:22:08.001,1.1581,1.1583,1.20,4.00
2009.05.19 07:22:17.419,1.15805,1.1583,1.00,1.00
2009.05.19 07:22:17.469,1.15805,1.1584,1.00,5.60
2009.05.19 07:22:17.699,1.15805,1.1584,1.00,4.00
2009.05.19 07:22:24.337,1.1581,1.1584,1.20,4.00
2009.05.19 07:22:26.857,1.1581,1.15825,1.20,4.00
2009.05.19 07:22:27.097,1.158,1.15825,1.60,4.00
2009.05.19 07:22:28.296,1.158,1.1582,1.60,4.00
2009.05.19 07:22:28.576,1.158,1.1582,1.80,4.00
2009.05.19 07:22:29.266,1.15805,1.1582,1.00,4.00
2009.05.19 07:22:29.556,1.1581,1.1582,1.20,4.00
2009.05.19 07:22:39.395,1.1581,1.1582,2.20,4.00
2009.05.19 07:22:40.213,1.158,1.1582,3.00,4.00
2009.05.19 07:22:40.484,1.158,1.1582,3.60,4.00
2009.05.19 07:22:40.713,1.158,1.1582,1.20,4.00
2009.05.19 07:22:43.063,1.158,1.1582,1.00,4.00
2009.05.19 07:22:43.413,1.1579,1.1582,2.20,4.00
2009.05.19 07:22:47.372,1.1579,1.15805,5.60,4.00
2009.05.19 07:22:47.592,1.1579,1.15805,2.40,4.00
2009.05.19 07:22:47.821,1.1579,1.15805,1.20,4.00
2009.05.19 07:22:48.052,1.15785,1.15805,4.80,4.00
2009.05.19 07:22:48.631,1.15765,1.158,2.20,4.00
2009.05.19 07:22:49.642,1.1577,1.1579,2.20,4.00
2009.05.19 07:22:49.931,1.15765,1.158,7.80,4.00
2009.05.19 07:22:50.161,1.15765,1.158,4.80,4.00
2009.05.19 07:22:50.262,1.15765,1.158,2.40,4.00
2009.05.19 07:22:51.061,1.15765,1.158,2.80,4.00
2009.05.19 07:22:51.291,1.1577,1.158,1.00,4.00
2009.05.19 07:22:51.521,1.1577,1.158,1.20,4.00
2009.05.19 07:22:54.540,1.1577,1.158,2.80,4.00
2009.05.19 07:22:55.000,1.1577,1.158,2.20,4.00
2009.05.19 07:22:55.220,1.1577,1.158,2.80,4.00
2009.05.19 07:22:55.340,1.1577,1.158,2.20,4.00
2009.05.19 07:22:57.809,1.15765,1.158,2.80,4.00
2009.05.19 07:22:58.089,1.15765,1.158,2.40,4.00
2009.05.19 07:22:58.859,1.1577,1.158,2.20,9.20
2009.05.19 07:22:59.199,1.1577,1.15795,2.20,5.60
2009.05.19 07:22:59.939,1.1577,1.1579,2.20,4.00
2009.05.19 07:23:00.288,1.1577,1.15795,2.20,6.20
2009.05.19 07:23:00.638,1.1577,1.15785,2.20,1.60
2009.05.19 07:23:00.988,1.15725,1.15765,5.60,1.00
2009.05.19 07:23:01.448,1.1575,1.1578,2.40,3.20
2009.05.19 07:23:01.748,1.1575,1.158,4.00,5.00
2009.05.19 07:23:02.858,1.1576,1.15775,3.20,1.00
2009.05.19 07:23:03.038,1.1576,1.1577,1.60,3.20
2009.05.19 07:23:03.218,1.1576,1.1577,1.00,1.60
2009.05.19 07:23:03.398,1.1576,1.1578,1.00,2.40
2009.05.19 07:23:03.568,1.1576,1.1578,1.60,2.40
2009.05.19 07:23:03.848,1.1575,1.1581,4.80,9.20
2009.05.19 07:23:04.298,1.1575,1.15795,4.80,1.60
2009.05.19 07:23:04.637,1.1575,1.15765,1.60,1.60
2009.05.19 07:23:04.868,1.15725,1.15765,2.20,2.40
2009.05.19 07:23:05.108,1.15735,1.1578,1.00,3.20
2009.05.19 07:23:05.337,1.15745,1.1578,1.00,1.00
2009.05.19 07:23:05.797,1.15765,1.1577,3.80,1.00
2009.05.19 07:23:06.197,1.1576,1.1577,7.20,1.00
2009.05.19 07:23:06.607,1.15745,1.15795,7.80,1.00
2009.05.19 07:23:07.127,1.1575,1.1579,3.00,4.00
2009.05.19 07:23:07.508,1.15755,1.15785,4.00,4.00
2009.05.19 07:23:07.677,1.1575,1.1579,5.40,1.20
2009.05.19 07:23:07.897,1.1575,1.1579,2.20,1.20
2009.05.19 07:23:08.527,1.15745,1.15775,5.40,4.00
2009.05.19 07:23:08.712,1.15755,1.15775,1.00,7.00
2009.05.19 07:23:09.047,1.15755,1.1577,2.40,5.20
2009.05.19 07:23:09.286,1.15745,1.158,3.80,1.20
2009.05.19 07:23:09.567,1.15745,1.158,2.20,1.20
2009.05.19 07:23:09.966,1.15755,1.158,2.20,4.00
2009.05.19 07:23:10.146,1.1576,1.158,3.20,9.20
2009.05.19 07:23:10.266,1.1575,1.15805,3.20,6.20
2009.05.19 07:23:10.506,1.1575,1.1579,3.20,5.00
2009.05.19 07:23:10.676,1.1574,1.1579,4.00,9.20
2009.05.19 07:23:10.786,1.1575,1.1579,1.00,9.20
2009.05.19 07:23:10.896,1.1575,1.1578,2.20,4.00
2009.05.19 07:23:11.816,1.1576,1.15785,1.00,4.00
2009.05.19 07:23:12.046,1.1576,1.1577,3.20,4.00
2009.05.19 07:23:12.385,1.15735,1.1577,7.00,4.00
2009.05.19 07:23:12.736,1.1574,1.1577,8.00,50.40
2009.05.19 07:23:12.946,1.1574,1.1577,3.20,48.00
2009.05.19 07:23:13.185,1.15735,1.158,4.00,9.20
2009.05.19 07:23:14.395,1.1574,1.1578,4.00,8.00
2009.05.19 07:23:14.735,1.1574,1.15765,4.00,4.00
2009.05.19 07:23:14.965,1.1575,1.15765,1.00,4.00
2009.05.19 07:23:15.195,1.1575,1.1577,1.00,4.00
2009.05.19 07:23:15.835,1.1575,1.15775,7.00,4.00
2009.05.19 07:23:16.175,1.15755,1.15775,9.60,50.40
2009.05.19 07:23:16.405,1.15755,1.15775,4.80,2.40
2009.05.19 07:23:16.465,1.15755,1.15775,2.40,1.00
2009.05.19 07:23:16.574,1.1575,1.15795,1.60,4.00
2009.05.19 07:23:17.025,1.1575,1.15795,4.00,4.00
2009.05.19 07:23:17.374,1.15755,1.15795,2.20,4.00
2009.05.19 07:23:18.005,1.1575,1.1578,4.00,4.00
2009.05.19 07:23:18.244,1.1575,1.1578,1.00,4.00
2009.05.19 07:23:18.484,1.15745,1.1578,2.40,4.00
2009.05.19 07:23:19.224,1.1576,1.15795,5.60,52.00
2009.05.19 07:23:19.574,1.15745,1.15795,4.80,4.00
2009.05.19 07:23:20.034,1.15745,1.1577,4.00,5.60
2009.05.19 07:23:20.214,1.15745,1.15765,1.20,2.40
2009.05.19 07:23:20.424,1.15745,1.15765,3.20,2.40
2009.05.19 07:23:20.723,1.1575,1.158,4.80,4.00
2009.05.19 07:23:21.513,1.15755,1.158,1.60,4.00
2009.05.19 07:23:21.853,1.1577,1.15795,2.20,4.00
2009.05.19 07:23:22.263,1.1577,1.1579,7.20,4.00
2009.05.19 07:23:22.613,1.15755,1.1579,4.80,4.00
2009.05.19 07:23:22.663,1.15755,1.1579,5.40,4.00
2009.05.19 07:23:22.953,1.15755,1.1579,4.20,4.00
2009.05.19 07:23:23.133,1.15755,1.1579,2.20,4.00
2009.05.19 07:23:23.353,1.15755,1.1578,1.40,4.00
2009.05.19 07:23:23.873,1.1576,1.1578,1.00,4.00
2009.05.19 07:23:25.123,1.15765,1.1578,7.20,4.00
2009.05.19 07:23:25.582,1.15765,1.1578,9.60,4.00
2009.05.19 07:23:27.342,1.15765,1.1578,2.40,4.00
2009.05.19 07:23:27.582,1.1576,1.1578,1.00,4.00
2009.05.19 07:23:28.682,1.1576,1.1577,1.00,4.00
2009.05.19 07:23:29.491,1.1576,1.15785,1.00,4.00
2009.05.19 07:23:29.711,1.1576,1.15775,1.00,4.00
2009.05.19 07:23:29.891,1.1576,1.15785,1.00,4.00
2009.05.19 07:23:30.401,1.1576,1.15775,1.00,4.00
2009.05.19 07:23:32.481,1.15765,1.1578,2.40,4.00
2009.05.19 07:23:32.921,1.15765,1.1578,7.20,4.00
2009.05.19 07:23:35.520,1.1577,1.1578,2.20,1.00
2009.05.19 07:23:36.030,1.1577,1.15805,2.20,4.00
2009.05.19 07:23:45.788,1.1578,1.158,2.40,4.00
2009.05.19 07:23:46.258,1.1578,1.158,4.80,4.00
2009.05.19 07:23:46.438,1.1578,1.158,7.20,4.00
2009.05.19 07:23:47.887,1.1579,1.15835,2.20,4.40
2009.05.19 07:23:51.196,1.1579,1.1582,3.00,4.00
2009.05.19 07:23:51.606,1.158,1.1582,2.20,2.00
2009.05.19 07:23:52.066,1.158,1.1582,2.20,2.00
2009.05.19 07:23:52.516,1.158,1.1581,4.00,1.40
2009.05.19 07:23:52.696,1.158,1.15835,2.20,4.00
2009.05.19 07:23:52.916,1.158,1.1582,2.20,1.60
2009.05.19 07:23:53.086,1.1581,1.15835,2.40,4.00
2009.05.19 07:23:53.366,1.1581,1.15815,2.40,1.00
2009.05.19 07:23:53.816,1.15795,1.15815,3.80,1.00
2009.05.19 07:23:53.976,1.15795,1.15815,2.20,1.00
2009.05.19 07:23:54.156,1.15795,1.15825,2.20,4.20
2009.05.19 07:23:54.275,1.15795,1.15825,2.20,4.00
2009.05.19 07:23:56.595,1.158,1.1582,2.20,5.60
2009.05.19 07:23:56.815,1.1579,1.15815,6.20,4.00
2009.05.19 07:23:56.986,1.1579,1.15815,4.60,4.00
2009.05.19 07:23:57.335,1.15795,1.1581,7.20,4.00
2009.05.19 07:23:57.575,1.15795,1.1581,4.80,4.00
2009.05.19 07:23:57.795,1.15755,1.1581,5.80,4.00
2009.05.19 07:23:59.105,1.15775,1.1581,1.00,4.00
2009.05.19 07:23:59.394,1.15785,1.1581,1.00,4.00
2009.05.19 07:24:00.844,1.1579,1.1581,1.20,4.00
2009.05.19 07:24:05.663,1.158,1.15815,1.00,4.40
2009.05.19 07:24:05.943,1.1581,1.15815,1.00,2.40
2009.05.19 07:24:06.153,1.1581,1.15835,1.00,4.00
2009.05.19 07:24:07.023,1.1581,1.15835,2.40,4.00
2009.05.19 07:24:07.543,1.1581,1.1583,2.20,4.00
2009.05.19 07:24:12.532,1.1581,1.1585,2.20,6.60
2009.05.19 07:24:12.971,1.1581,1.15845,2.20,4.00
2009.05.19 07:24:18.790,1.15825,1.1584,1.00,4.00
2009.05.19 07:24:19.020,1.15825,1.15845,1.00,4.00
2009.05.19 07:24:19.250,1.15835,1.1585,1.20,4.00
2009.05.19 07:24:20.299,1.15845,1.1585,1.00,4.00
2009.05.19 07:24:20.639,1.15825,1.15855,2.20,4.00
2009.05.19 07:24:20.979,1.15825,1.1585,2.20,4.00
2009.05.19 07:24:23.988,1.1584,1.1586,3.00,4.00
2009.05.19 07:24:24.219,1.15855,1.1586,1.20,4.00
2009.05.19 07:24:25.028,1.15835,1.1586,2.20,4.00
2009.05.19 07:24:28.038,1.15845,1.1587,2.20,8.80
2009.05.19 07:24:28.208,1.15845,1.1587,3.80,8.80
2009.05.19 07:24:28.427,1.1585,1.15865,2.20,7.20
2009.05.19 07:24:28.757,1.1586,1.159,1.00,1.00
2009.05.19 07:24:29.047,1.15865,1.1591,1.20,1.00
2009.05.19 07:24:29.287,1.15865,1.15925,7.40,3.20
2009.05.19 07:24:29.627,1.15865,1.15925,1.80,3.20
2009.05.19 07:24:30.077,1.15865,1.15915,2.20,3.20
2009.05.19 07:24:30.667,1.15865,1.15915,2.40,3.20
2009.05.19 07:24:30.847,1.15865,1.15915,2.40,3.20
2009.05.19 07:24:31.377,1.15865,1.1592,2.40,3.60
2009.05.19 07:24:32.117,1.15865,1.1592,2.20,3.60
2009.05.19 07:24:32.476,1.1587,1.1592,1.20,12.40
2009.05.19 07:24:34.036,1.1587,1.1592,1.20,12.40
2009.05.19 07:24:34.616,1.1587,1.1592,1.20,8.20
2009.05.19 07:24:34.966,1.15865,1.1592,2.40,4.00
2009.05.19 07:24:35.486,1.15865,1.15925,2.20,5.80
2009.05.19 07:24:36.045,1.1587,1.15905,1.00,10.20
2009.05.19 07:24:36.335,1.1587,1.15885,1.00,1.60
2009.05.19 07:24:36.925,1.1587,1.1593,1.00,9.20
2009.05.19 07:24:37.215,1.1587,1.15925,1.00,5.00
2009.05.19 07:24:38.355,1.1587,1.1589,1.00,5.20
2009.05.19 07:24:38.525,1.1587,1.15875,1.00,3.20
2009.05.19 07:24:38.695,1.1583,1.1589,2.20,5.40
2009.05.19 07:24:38.935,1.1583,1.159,3.80,6.60
2009.05.19 07:24:39.225,1.1583,1.159,5.00,1.00
2009.05.19 07:24:39.405,1.1583,1.1589,5.00,1.20
2009.05.19 07:24:43.534,1.1584,1.1589,3.40,1.20
2009.05.19 07:24:43.824,1.1584,1.1588,2.20,1.00
2009.05.19 07:24:48.033,1.15845,1.15875,2.20,4.00
2009.05.19 07:24:48.602,1.1584,1.1587,2.20,4.00
2009.05.19 07:24:50.592,1.1584,1.15875,2.20,4.00
2009.05.19 07:24:50.872,1.1584,1.1587,2.20,4.00
2009.05.19 07:25:13.606,1.1584,1.1585,3.00,4.00
2009.05.19 07:25:13.767,1.1584,1.15855,3.00,1.60
2009.05.19 07:25:14.106,1.1583,1.15865,1.20,2.40
2009.05.19 07:25:14.456,1.1583,1.1588,1.20,4.00
2009.05.19 07:25:16.456,1.1583,1.1586,1.20,1.00
2009.05.19 07:25:16.676,1.1583,1.1586,1.20,1.00
2009.05.19 07:25:17.006,1.1583,1.1587,1.20,5.80
2009.05.19 07:25:17.336,1.1583,1.1586,2.20,4.00
2009.05.19 07:25:26.843,1.1584,1.1586,2.20,4.00
2009.05.19 07:25:29.373,1.1583,1.1586,4.60,4.00
2009.05.19 07:25:29.773,1.1583,1.1587,1.00,10.80
2009.05.19 07:25:30.063,1.15835,1.1587,3.80,9.20
2009.05.19 07:25:30.353,1.1584,1.15875,1.20,5.00
2009.05.19 07:25:31.092,1.1584,1.1588,1.60,9.20
2009.05.19 07:25:31.382,1.15845,1.1588,1.00,9.20
2009.05.19 07:25:31.602,1.1584,1.1588,1.80,9.20
2009.05.19 07:25:32.243,1.1584,1.1588,1.80,4.00
2009.05.19 07:25:33.042,1.15855,1.1587,1.00,4.00
2009.05.19 07:25:33.272,1.15855,1.1587,1.20,4.00
2009.05.19 07:25:33.731,1.15855,1.1587,1.00,4.00
2009.05.19 07:25:33.952,1.15855,1.1588,1.00,4.00
2009.05.19 07:25:34.301,1.1586,1.15875,1.00,4.00
2009.05.19 07:25:38.531,1.1587,1.15875,1.20,4.00
2009.05.19 07:25:39.393,1.15865,1.1591,3.20,3.20
2009.05.19 07:25:39.790,1.15875,1.1591,1.00,1.00
2009.05.19 07:25:40.290,1.15875,1.1591,1.20,1.00
2009.05.19 07:25:40.630,1.15875,1.15935,1.20,5.40
2009.05.19 07:25:41.100,1.1588,1.1593,1.20,1.00
2009.05.19 07:25:41.970,1.15885,1.1592,1.00,1.00
2009.05.19 07:25:42.199,1.15895,1.1593,1.20,9.20
2009.05.19 07:25:42.619,1.15895,1.15935,1.20,5.00
2009.05.19 07:25:42.729,1.15895,1.1594,1.20,9.20
2009.05.19 07:25:45.669,1.159,1.1594,1.00,9.20
2009.05.19 07:25:45.899,1.159,1.15935,1.00,5.00
2009.05.19 07:25:46.359,1.159,1.15935,1.20,5.00
2009.05.19 07:25:46.878,1.159,1.1594,1.20,9.20
2009.05.19 07:25:47.398,1.159,1.1594,1.60,9.20
2009.05.19 07:25:49.518,1.159,1.1594,1.60,10.80
2009.05.19 07:25:49.748,1.159,1.15925,1.60,4.00
2009.05.19 07:25:50.478,1.159,1.15925,1.20,4.00
2009.05.19 07:25:50.708,1.159,1.15925,1.60,4.00
2009.05.19 07:25:51.897,1.159,1.1592,1.20,4.00
2009.05.19 07:26:02.055,1.159,1.1592,1.20,4.00
2009.05.19 07:26:02.405,1.159,1.1592,1.20,4.00
2009.05.19 07:26:02.695,1.159,1.1592,1.00,4.00
2009.05.19 07:26:03.034,1.159,1.1592,1.20,4.00
2009.05.19 07:26:06.743,1.159,1.1592,1.00,4.00
2009.05.19 07:26:07.014,1.15875,1.1591,2.20,4.00
2009.05.19 07:26:07.483,1.15875,1.1591,1.00,2.00
2009.05.19 07:26:10.753,1.1588,1.1591,1.00,2.00
2009.05.19 07:26:11.143,1.1587,1.1591,1.00,2.00
2009.05.19 07:26:11.423,1.1587,1.159,1.00,1.00
2009.05.19 07:26:11.782,1.1587,1.159,1.00,2.00
2009.05.19 07:26:12.653,1.1587,1.1591,1.00,10.40
2009.05.19 07:26:12.822,1.1587,1.1591,1.00,8.80
2009.05.19 07:26:15.032,1.1587,1.1591,1.00,6.80
2009.05.19 07:26:15.562,1.1587,1.1591,1.00,2.00
2009.05.19 07:26:22.760,1.1588,1.1591,1.00,2.00
2009.05.19 07:26:22.990,1.1588,1.1591,1.00,2.00
2009.05.19 07:26:23.230,1.15875,1.15905,3.00,4.80
2009.05.19 07:26:23.750,1.15875,1.15905,3.00,4.80
2009.05.19 07:26:24.639,1.1588,1.15905,2.20,4.80
2009.05.19 07:26:29.728,1.15875,1.15905,2.20,8.80
2009.05.19 07:26:30.008,1.1587,1.159,1.20,1.00
2009.05.19 07:26:40.196,1.1583,1.1588,2.40,2.00
2009.05.19 07:26:40.485,1.1584,1.1588,1.20,2.00
2009.05.19 07:26:42.525,1.1583,1.1588,5.00,2.00
2009.05.19 07:26:42.825,1.1583,1.1587,3.40,1.00
2009.05.19 07:26:43.115,1.1583,1.1587,8.40,2.00
2009.05.19 07:26:43.405,1.15825,1.1587,2.20,2.00
2009.05.19 07:26:45.474,1.15825,1.15865,2.20,4.80
2009.05.19 07:26:45.824,1.1582,1.15855,2.20,1.00
2009.05.19 07:26:46.114,1.15825,1.1586,2.20,9.60
2009.05.19 07:26:46.354,1.1582,1.15855,5.00,2.00
2009.05.19 07:26:46.574,1.158,1.15835,2.40,1.00
2009.05.19 07:26:46.804,1.15805,1.15835,4.20,1.00
2009.05.19 07:26:47.144,1.15805,1.15845,1.20,2.00
2009.05.19 07:26:48.004,1.1581,1.1583,1.20,1.00
2009.05.19 07:26:48.244,1.15775,1.1582,2.20,1.00
2009.05.19 07:26:50.963,1.15785,1.15855,2.20,11.00
2009.05.19 07:26:52.952,1.15785,1.1582,7.40,1.00
2009.05.19 07:26:53.232,1.15785,1.1582,4.40,1.20
2009.05.19 07:26:53.632,1.1578,1.15815,2.20,4.80
2009.05.19 07:26:53.922,1.15775,1.1582,2.40,1.00
2009.05.19 07:26:54.212,1.15775,1.15805,2.40,4.80
2009.05.19 07:26:54.592,1.15775,1.158,2.40,4.80
2009.05.19 07:26:54.942,1.1577,1.158,4.60,8.80
2009.05.19 07:26:55.462,1.1578,1.158,2.20,8.80
2009.05.19 07:26:55.702,1.1577,1.158,4.60,8.80
2009.05.19 07:27:00.541,1.15775,1.15805,2.40,4.80
2009.05.19 07:27:03.530,1.15775,1.15805,1.00,4.80
2009.05.19 07:27:08.069,1.15785,1.15805,1.00,4.80
2009.05.19 07:27:08.949,1.1577,1.15805,1.00,4.80
2009.05.19 07:27:15.627,1.15775,1.158,1.00,4.80
2009.05.19 07:27:15.857,1.15785,1.158,1.00,8.80
2009.05.19 07:27:16.157,1.15785,1.158,1.00,8.80
2009.05.19 07:27:16.626,1.15785,1.158,1.00,8.80
2009.05.19 07:27:16.797,1.15785,1.158,1.20,8.80
2009.05.19 07:27:17.717,1.1579,1.158,1.00,4.00
2009.05.19 07:27:18.007,1.1579,1.158,1.00,8.80
2009.05.19 07:27:20.006,1.15775,1.1579,1.00,4.00
2009.05.19 07:27:20.336,1.1577,1.1579,1.20,4.00
2009.05.19 07:27:20.456,1.1577,1.1579,1.00,2.40
2009.05.19 07:27:20.516,1.15765,1.15795,4.80,1.00
2009.05.19 07:27:20.576,1.15765,1.15805,4.80,8.80
2009.05.19 07:27:20.796,1.15765,1.15805,5.40,8.80
2009.05.19 07:27:20.856,1.15765,1.15805,3.60,8.80
2009.05.19 07:27:21.076,1.15765,1.158,1.20,8.80
2009.05.19 07:27:21.755,1.1577,1.158,1.00,8.80
2009.05.19 07:27:21.875,1.15765,1.158,7.20,8.80
2009.05.19 07:27:22.225,1.15765,1.158,8.00,8.80
2009.05.19 07:27:22.585,1.1576,1.1579,4.60,4.00
2009.05.19 07:27:22.695,1.1576,1.1579,6.60,4.00
2009.05.19 07:27:24.465,1.15765,1.1578,7.20,4.00
2009.05.19 07:27:26.075,1.15775,1.158,2.20,11.40
2009.05.19 07:27:26.425,1.15775,1.15795,2.40,4.00
2009.05.19 07:27:26.764,1.15755,1.15795,4.60,4.00
2009.05.19 07:27:27.944,1.15765,1.1578,7.20,4.00
2009.05.19 07:27:30.473,1.15765,1.15775,7.20,4.80
2009.05.19 07:27:30.753,1.15765,1.1577,4.80,4.00
2009.05.19 07:27:30.983,1.1576,1.1577,1.00,4.00
2009.05.19 07:27:31.323,1.1576,1.1577,1.40,4.00
2009.05.19 07:27:32.073,1.1576,1.1577,1.20,4.00
2009.05.19 07:27:32.423,1.1576,1.1577,1.00,4.00
2009.05.19 07:27:33.203,1.1576,1.1577,1.00,4.00
2009.05.19 07:27:35.713,1.1576,1.1578,1.00,4.00
2009.05.19 07:27:36.712,1.1576,1.1578,1.80,4.00
2009.05.19 07:27:36.992,1.1576,1.1579,2.20,8.80
2009.05.19 07:27:38.712,1.1576,1.1578,5.00,4.00
2009.05.19 07:27:38.941,1.1576,1.1578,2.60,4.00
2009.05.19 07:27:39.281,1.1576,1.1578,1.00,4.00
2009.05.19 07:27:40.801,1.1576,1.1578,1.40,4.00
2009.05.19 07:27:42.571,1.1576,1.1578,1.60,4.00
2009.05.19 07:27:42.800,1.1576,1.1578,1.60,4.00
2009.05.19 07:27:43.560,1.15765,1.1578,1.00,4.00
2009.05.19 07:27:44.080,1.1576,1.1579,3.00,10.80
2009.05.19 07:27:44.420,1.1576,1.1579,3.00,4.00
2009.05.19 07:27:45.300,1.1577,1.1579,1.00,8.80
2009.05.19 07:27:46.342,1.15755,1.1579,3.00,4.00
2009.05.19 07:27:46.620,1.1578,1.15815,1.00,4.00
2009.05.19 07:27:47.139,1.1578,1.15845,1.60,5.00
2009.05.19 07:27:47.489,1.1578,1.1583,1.20,1.00
2009.05.19 07:27:47.879,1.1579,1.15835,1.60,5.00
2009.05.19 07:27:48.179,1.1579,1.1583,1.60,8.80
2009.05.19 07:27:48.579,1.1579,1.1581,1.20,4.00
2009.05.19 07:27:52.828,1.1579,1.158,1.00,4.00
2009.05.19 07:27:53.058,1.1578,1.158,2.20,4.00
2009.05.19 07:27:53.628,1.1577,1.158,2.20,8.80
2009.05.19 07:27:53.908,1.1576,1.158,5.40,8.80
2009.05.19 07:27:55.537,1.15775,1.158,1.00,8.80
2009.05.19 07:27:55.828,1.15775,1.158,1.00,4.00
2009.05.19 07:27:55.997,1.15775,1.15825,3.20,5.00
2009.05.19 07:27:56.227,1.1576,1.1583,2.00,5.40
2009.05.19 07:27:56.397,1.15775,1.1583,1.00,5.00
2009.05.19 07:27:56.747,1.15785,1.15825,1.60,5.00
2009.05.19 07:27:56.977,1.15785,1.15835,4.80,12.20
2009.05.19 07:27:57.257,1.15785,1.15825,4.80,5.40
2009.05.19 07:27:57.437,1.1579,1.15825,4.80,5.00
2009.05.19 07:27:57.837,1.1579,1.15815,4.00,5.20
2009.05.19 07:27:58.077,1.1579,1.15805,1.20,4.00
2009.05.19 07:28:00.946,1.1579,1.1581,1.20,4.00
2009.05.19 07:28:07.734,1.1579,1.1581,1.20,8.80
2009.05.19 07:28:08.014,1.1579,1.158,1.20,4.00
2009.05.19 07:28:12.013,1.1579,1.158,1.60,4.00
2009.05.19 07:28:12.233,1.1579,1.1581,1.60,1.00
2009.05.19 07:28:12.403,1.1579,1.15835,4.80,8.80
2009.05.19 07:28:13.263,1.1579,1.15815,4.80,4.00
2009.05.19 07:28:13.433,1.1579,1.15815,1.20,4.00
2009.05.19 07:28:16.502,1.1579,1.1581,1.00,4.00
2009.05.19 07:28:16.792,1.1578,1.1581,2.20,4.00
2009.05.19 07:28:21.771,1.1579,1.1581,1.20,4.00
2009.05.19 07:28:25.890,1.1579,1.1583,2.00,7.60
2009.05.19 07:28:26.160,1.1579,1.15835,5.20,8.80
2009.05.19 07:28:27.810,1.1579,1.1581,5.20,4.00
2009.05.19 07:28:28.040,1.1579,1.1581,1.20,4.00
2009.05.19 07:28:29.549,1.1579,1.15805,1.20,4.00
2009.05.19 07:28:30.009,1.1579,1.15805,3.60,2.40
2009.05.19 07:28:30.359,1.1579,1.1584,5.20,8.80
2009.05.19 07:28:30.709,1.15805,1.1584,2.20,4.00
2009.05.19 07:28:31.049,1.15805,1.1584,2.20,8.80
2009.05.19 07:28:31.279,1.15805,1.1584,2.20,4.00
2009.05.19 07:28:31.659,1.15805,1.1582,2.20,4.00
2009.05.19 07:28:37.358,1.1581,1.1582,1.20,4.00
2009.05.19 07:28:41.616,1.1581,1.15825,1.20,4.00
2009.05.19 07:28:47.005,1.1581,1.15825,1.00,4.00
2009.05.19 07:28:47.115,1.15805,1.15825,1.00,4.00
2009.05.19 07:28:49.234,1.15795,1.15825,2.20,4.00
2009.05.19 07:28:49.854,1.1579,1.1582,4.60,4.00
2009.05.19 07:28:51.374,1.158,1.1582,1.00,4.00
2009.05.19 07:28:51.594,1.158,1.1582,4.00,4.00
2009.05.19 07:28:58.392,1.1582,1.15825,1.00,4.00
2009.05.19 07:28:58.632,1.1581,1.15825,2.40,4.00
2009.05.19 07:28:58.852,1.1582,1.1583,1.00,5.60
2009.05.19 07:28:59.132,1.1582,1.1583,1.00,4.00
2009.05.19 07:28:59.342,1.1582,1.15835,1.00,5.60
2009.05.19 07:29:00.671,1.1582,1.15835,1.00,5.00
2009.05.19 07:29:01.012,1.1582,1.1584,2.20,1.00
2009.05.19 07:29:01.172,1.15815,1.1584,2.40,4.00
2009.05.19 07:29:01.341,1.1582,1.1584,3.00,4.00
2009.05.19 07:29:01.511,1.15825,1.1584,1.00,4.00
2009.05.19 07:29:02.011,1.1582,1.1584,3.00,4.00
2009.05.19 07:29:02.791,1.1582,1.1584,3.00,1.00
2009.05.19 07:29:03.151,1.1583,1.1584,1.00,1.00
2009.05.19 07:29:03.261,1.15815,1.1585,2.20,4.00
2009.05.19 07:29:31.174,1.1582,1.1585,5.40,4.00
2009.05.19 07:29:46.411,1.1583,1.1586,3.20,8.80
2009.05.19 07:29:46.700,1.1582,1.1585,5.40,4.00
2009.05.19 07:29:48.030,1.15835,1.1585,1.00,4.00
2009.05.19 07:29:49.660,1.15835,1.1585,3.20,4.00
2009.05.19 07:29:50.010,1.1584,1.15855,1.60,4.00
2009.05.19 07:29:50.470,1.15835,1.1586,3.20,4.00
2009.05.19 07:29:50.870,1.15845,1.1586,1.00,4.00
2009.05.19 07:29:51.969,1.15845,1.1586,1.60,4.00
2009.05.19 07:29:53.600,1.15845,1.1586,1.20,4.00
2009.05.19 07:29:53.939,1.15845,1.1586,1.60,4.00
2009.05.19 07:29:56.508,1.15855,1.1586,1.20,4.00
2009.05.19 07:29:57.328,1.15855,1.1586,1.00,4.00
2009.05.19 07:29:57.798,1.1586,1.1587,1.00,5.60
2009.05.19 07:29:58.078,1.1586,1.1587,1.00,4.00
2009.05.19 07:29:58.358,1.1586,1.1587,2.20,4.00
2009.05.19 07:29:58.478,1.1586,1.1587,4.60,4.00
2009.05.19 07:30:01.317,1.1586,1.1587,1.60,4.00
2009.05.19 07:30:01.607,1.1585,1.1587,4.00,4.00
2009.05.19 07:30:01.727,1.1586,1.1587,1.00,4.00
2009.05.19 07:30:04.386,1.1586,1.1588,4.00,5.60
2009.05.19 07:30:04.556,1.1586,1.1588,1.00,5.60
2009.05.19 07:30:14.714,1.1584,1.1588,1.00,5.60
2009.05.19 07:30:22.132,1.15855,1.1588,1.00,5.60
2009.05.19 07:30:22.362,1.15855,1.1588,1.00,5.60
2009.05.19 07:30:24.571,1.1584,1.1588,1.00,5.60
2009.05.19 07:30:25.221,1.15835,1.1588,5.40,5.60
2009.05.19 07:30:25.631,1.1584,1.1588,5.00,5.60
2009.05.19 07:30:26.261,1.15855,1.1588,1.00,5.60
2009.05.19 07:30:26.501,1.15855,1.1588,1.20,5.60
2009.05.19 07:30:26.731,1.15855,1.1587,1.20,4.00
2009.05.19 07:30:27.121,1.15855,1.1587,1.20,4.00
2009.05.19 07:30:27.571,1.1586,1.1588,1.00,5.60
2009.05.19 07:30:27.921,1.15835,1.1587,2.20,4.00
2009.05.19 07:30:28.261,1.15835,1.1588,5.00,5.60
2009.05.19 07:30:28.600,1.15835,1.1588,5.40,5.60
2009.05.19 07:30:34.309,1.1584,1.1588,5.00,5.60
2009.05.19 07:30:37.548,1.1585,1.1588,1.20,5.60
2009.05.19 07:30:37.838,1.15845,1.1588,1.00,5.60
2009.05.19 07:30:38.928,1.15845,1.1587,1.00,1.00
2009.05.19 07:30:45.007,1.15855,1.1587,1.00,1.00
2009.05.19 07:30:45.236,1.15855,1.1587,1.00,1.00
2009.05.19 07:30:48.736,1.15835,1.1587,1.00,1.00
2009.05.19 07:30:48.966,1.15835,1.1587,1.80,1.00
2009.05.19 07:30:50.535,1.1584,1.1587,1.00,1.20
2009.05.19 07:30:51.285,1.1584,1.1586,1.00,4.00
2009.05.19 07:30:51.915,1.15845,1.1586,1.00,4.00
2009.05.19 07:30:52.815,1.1584,1.1586,1.00,4.00
2009.05.19 07:30:53.105,1.15835,1.1586,2.40,4.00
2009.05.19 07:30:53.405,1.15845,1.1586,1.00,4.00
2009.05.19 07:30:55.634,1.1584,1.1586,1.80,4.00
2009.05.19 07:30:55.924,1.1584,1.1586,3.00,4.00
2009.05.19 07:30:56.404,1.1584,1.15865,3.00,4.00
2009.05.19 07:30:57.843,1.1584,1.15855,1.00,4.00
2009.05.19 07:31:04.112,1.15835,1.15845,1.00,4.00
2009.05.19 07:31:14.449,1.15835,1.15845,1.00,4.00
2009.05.19 07:31:20.678,1.1582,1.15845,9.80,4.00
2009.05.19 07:31:20.798,1.1583,1.15845,4.00,4.00
2009.05.19 07:31:21.098,1.1583,1.1584,4.00,4.00
2009.05.19 07:31:21.208,1.1583,1.15845,4.00,4.00
2009.05.19 07:31:23.567,1.1583,1.15845,4.80,4.00
2009.05.19 07:31:23.687,1.1583,1.1584,4.80,4.00
2009.05.19 07:31:25.747,1.1583,1.1584,5.60,4.00
2009.05.19 07:31:25.977,1.15835,1.1584,1.00,4.00
2009.05.19 07:31:26.267,1.1583,1.15845,5.20,4.00
2009.05.19 07:31:27.226,1.1583,1.15845,5.00,4.00
2009.05.19 07:31:27.466,1.1583,1.15845,4.80,4.00
2009.05.19 07:31:30.855,1.1583,1.15845,5.00,4.00
2009.05.19 07:31:31.076,1.1583,1.15845,5.20,4.00
2009.05.19 07:31:32.055,1.1583,1.15845,5.40,4.00
2009.05.19 07:31:32.285,1.1583,1.15845,5.20,4.00
2009.05.19 07:31:32.465,1.1583,1.15845,4.80,4.00
2009.05.19 07:31:32.765,1.1583,1.1584,3.30,4.00
2009.05.19 07:31:33.045,1.1584,1.1585,1.20,4.80
2009.05.19 07:31:33.165,1.1584,1.1585,1.20,5.60
2009.05.19 07:31:36.854,1.1583,1.1585,3.00,5.60
2009.05.19 07:31:37.194,1.15835,1.1585,1.00,5.60
2009.05.19 07:31:37.594,1.1583,1.15845,5.80,4.00
2009.05.19 07:31:38.113,1.15825,1.15845,4.80,4.00
2009.05.19 07:31:38.573,1.15825,1.15845,4.60,4.00
2009.05.19 07:31:38.973,1.15825,1.15845,4.80,4.00
2009.05.19 07:31:41.613,1.15825,1.15845,6.40,4.00
2009.05.19 07:31:41.843,1.15825,1.1585,6.40,5.60
2009.05.19 07:31:41.963,1.15835,1.1585,1.00,5.60
2009.05.19 07:31:42.133,1.15835,1.15845,1.00,4.00
2009.05.19 07:31:42.193,1.1583,1.1585,2.20,5.60
2009.05.19 07:31:42.423,1.1584,1.1585,1.20,5.60
2009.05.19 07:31:43.562,1.1584,1.1585,2.20,4.00
2009.05.19 07:31:43.962,1.1584,1.1585,2.40,4.00
2009.05.19 07:31:44.482,1.15835,1.1585,4.00,4.00
2009.05.19 07:31:44.772,1.15845,1.15855,1.00,4.00
2009.05.19 07:31:45.072,1.15855,1.1586,1.00,1.00
2009.05.19 07:31:45.412,1.15855,1.1587,1.00,4.00
2009.05.19 07:31:48.811,1.1585,1.1586,1.00,4.00
2009.05.19 07:31:55.159,1.15845,1.15855,1.00,4.00
2009.05.19 07:31:59.209,1.1584,1.1585,6.20,4.00
2009.05.19 07:32:03.348,1.1583,1.1585,8.40,5.60
2009.05.19 07:32:03.688,1.1584,1.1585,6.40,5.60
2009.05.19 07:32:03.908,1.1584,1.1585,6.00,5.60
2009.05.19 07:32:04.137,1.1583,1.1585,8.40,4.00
2009.05.19 07:32:09.506,1.1584,1.1585,6.00,4.00
2009.05.19 07:32:09.836,1.1584,1.1585,6.80,4.00
2009.05.19 07:32:12.755,1.1584,1.1585,7.60,4.00
2009.05.19 07:32:13.155,1.1584,1.1585,8.20,4.00
2009.05.19 07:32:15.974,1.15835,1.15855,4.20,4.00
2009.05.19 07:32:16.244,1.15845,1.15855,1.00,4.00
2009.05.19 07:32:30.151,1.1585,1.1586,1.00,4.00
2009.05.19 07:32:38.409,1.1584,1.1586,3.00,4.00
2009.05.19 07:32:38.469,1.15845,1.15855,1.00,4.00
2009.05.19 07:32:42.408,1.1584,1.15855,2.40,4.00
2009.05.19 07:32:42.738,1.1585,1.1586,1.00,4.00
2009.05.19 07:32:46.887,1.15845,1.1586,2.40,4.00
2009.05.19 07:32:47.127,1.15855,1.1587,1.00,4.00
2009.05.19 07:32:49.696,1.15835,1.1587,2.20,4.00
2009.05.19 07:32:57.295,1.15845,1.1587,1.60,4.00
2009.05.19 07:32:57.405,1.15855,1.1587,1.00,4.00
2009.05.19 07:33:00.864,1.1586,1.1587,1.00,4.00
2009.05.19 07:33:01.543,1.15855,1.15865,1.00,4.00
2009.05.19 07:33:02.304,1.1585,1.1586,1.00,4.00
2009.05.19 07:33:03.843,1.1584,1.1586,3.00,4.00
2009.05.19 07:33:03.953,1.15845,1.1586,1.00,7.20
2009.05.19 07:33:06.353,1.15855,1.1587,12.00,4.00
2009.05.19 07:33:06.592,1.15855,1.1587,3.20,4.00
2009.05.19 07:33:06.823,1.15855,1.1587,1.00,4.00
2009.05.19 07:33:07.162,1.15855,1.1586,1.00,4.00
2009.05.19 07:33:07.802,1.1582,1.15865,7.60,4.00
2009.05.19 07:33:10.581,1.15855,1.15865,1.00,4.00
2009.05.19 07:33:10.981,1.1585,1.1587,2.40,7.20
2009.05.19 07:33:11.332,1.1585,1.1587,4.60,4.00
2009.05.19 07:33:11.631,1.1584,1.15865,7.60,4.00
2009.05.19 07:33:13.061,1.15835,1.15865,3.60,4.00
2009.05.19 07:33:13.351,1.15845,1.1586,1.00,4.00
2009.05.19 07:33:15.180,1.15855,1.1586,1.60,4.00
2009.05.19 07:33:15.450,1.15865,1.1587,1.00,4.00
2009.05.19 07:33:16.900,1.1586,1.1587,1.00,4.00
2009.05.19 07:33:17.190,1.15835,1.15865,7.60,4.00
2009.05.19 07:33:18.979,1.15855,1.1587,1.00,4.00
2009.05.19 07:33:19.839,1.1585,1.15865,1.00,4.00
2009.05.19 07:33:20.619,1.15855,1.1587,1.00,4.00
2009.05.19 07:33:22.169,1.15855,1.1586,1.00,4.00
2009.05.19 07:33:22.389,1.15845,1.1586,1.00,7.20
2009.05.19 07:33:22.898,1.15845,1.15855,1.60,2.40
2009.05.19 07:33:23.178,1.1584,1.15865,7.20,4.20
2009.05.19 07:33:23.348,1.1584,1.15865,7.20,4.00
2009.05.19 07:33:24.078,1.15835,1.1586,3.20,4.00
2009.05.19 07:33:24.628,1.15845,1.1586,1.00,4.00
2009.05.19 07:33:25.658,1.15825,1.1586,2.60,4.00
2009.05.19 07:33:25.898,1.1582,1.1586,1.00,4.00
2009.05.19 07:33:26.198,1.15825,1.1586,1.00,4.00
2009.05.19 07:33:26.948,1.15845,1.1587,1.60,5.60
2009.05.19 07:33:27.067,1.15845,1.1587,1.60,4.00
2009.05.19 07:33:27.297,1.15845,1.1587,3.20,4.00
2009.05.19 07:33:27.417,1.15825,1.15855,3.00,1.00
2009.05.19 07:33:27.647,1.1582,1.15855,1.00,1.00
2009.05.19 07:33:27.877,1.1582,1.15855,1.00,1.00
2009.05.19 07:33:28.797,1.1583,1.1585,1.00,1.00
2009.05.19 07:33:29.077,1.1583,1.1586,1.40,4.00
2009.05.19 07:33:32.916,1.1583,1.1586,2.60,4.00
2009.05.19 07:33:33.596,1.15825,1.1586,4.20,4.00
2009.05.19 07:33:33.766,1.15835,1.1586,1.00,4.00
2009.05.19 07:33:33.986,1.15835,1.1585,1.00,4.00
2009.05.19 07:33:39.165,1.15825,1.1585,2.20,4.00
2009.05.19 07:33:39.344,1.1583,1.1585,1.00,4.00
2009.05.19 07:33:39.574,1.1583,1.1585,1.60,4.00
2009.05.19 07:33:40.324,1.1583,1.1585,1.60,4.00
2009.05.19 07:33:40.564,1.1583,1.1585,1.40,4.00
2009.05.19 07:33:41.624,1.15825,1.1585,3.00,4.00
2009.05.19 07:33:41.924,1.1583,1.1585,3.00,4.00
2009.05.19 07:33:50.012,1.1583,1.1586,2.20,5.60
2009.05.19 07:33:50.242,1.1583,1.1585,1.60,4.00
2009.05.19 07:33:56.640,1.1583,1.1585,1.60,4.00
2009.05.19 07:33:56.920,1.1583,1.1585,1.40,4.00
2009.05.19 07:33:57.490,1.1583,1.1585,1.00,4.00
2009.05.19 07:33:58.180,1.15835,1.1584,1.00,1.00
2009.05.19 07:33:58.860,1.15845,1.1585,1.00,1.00
2009.05.19 07:33:59.430,1.15825,1.1584,3.00,1.00
2009.05.19 07:33:59.909,1.1581,1.15845,6.40,4.80
2009.05.19 07:34:00.379,1.1582,1.15845,2.40,4.60
2009.05.19 07:34:00.740,1.1582,1.1584,2.40,4.00
2009.05.19 07:34:01.309,1.15825,1.1584,3.60,4.00
2009.05.19 07:34:01.529,1.15825,1.1584,5.20,4.00
2009.05.19 07:34:01.771,1.15825,1.1584,6.80,4.00
2009.05.19 07:34:02.299,1.1583,1.1585,1.00,1.00
2009.05.19 07:34:02.639,1.15825,1.1585,7.60,4.00
2009.05.19 07:34:08.707,1.15825,1.1584,7.60,1.00
2009.05.19 07:34:09.327,1.1583,1.1584,2.20,1.00
2009.05.19 07:34:09.787,1.1582,1.1584,4.20,1.00
2009.05.19 07:34:10.137,1.15795,1.1584,1.20,1.00
2009.05.19 07:34:12.826,1.158,1.1584,1.80,1.00
2009.05.19 07:34:13.126,1.158,1.1584,2.40,1.00
2009.05.19 07:34:13.936,1.158,1.1585,2.80,9.20
2009.05.19 07:34:16.785,1.158,1.1584,2.80,4.00
2009.05.19 07:34:17.685,1.158,1.15835,2.80,4.80
2009.05.19 07:34:17.855,1.158,1.1583,2.20,4.00
2009.05.19 07:34:20.455,1.158,1.1584,2.80,4.00
2009.05.19 07:34:22.834,1.15815,1.15845,2.20,9.60
2009.05.19 07:34:23.174,1.15815,1.15845,3.80,9.20
2009.05.19 07:34:23.394,1.15795,1.1584,2.80,4.00
2009.05.19 07:34:23.974,1.15795,1.1584,1.40,4.00
2009.05.19 07:34:24.204,1.15795,1.1584,2.80,4.00
2009.05.19 07:34:26.733,1.1581,1.1584,1.20,4.00
2009.05.19 07:34:26.943,1.1581,1.1584,2.60,4.00
2009.05.19 07:34:36.361,1.1581,1.1582,2.60,1.00
2009.05.19 07:34:36.711,1.1581,1.1582,2.60,1.20
2009.05.19 07:34:37.400,1.1577,1.1581,5.70,1.20
2009.05.19 07:34:37.740,1.15745,1.158,3.40,1.00
2009.05.19 07:34:37.970,1.15745,1.1579,2.20,4.00
2009.05.19 07:34:38.320,1.1574,1.1579,11.80,1.20
2009.05.19 07:34:38.660,1.15735,1.1579,2.20,4.00
2009.05.19 07:34:40.000,1.1575,1.1579,1.00,4.00
2009.05.19 07:34:40.340,1.15745,1.1581,1.80,9.40
2009.05.19 07:34:40.689,1.15745,1.1581,1.80,6.20
2009.05.19 07:34:41.200,1.15755,1.1581,1.20,6.20
2009.05.19 07:34:41.612,1.15755,1.1579,1.00,4.00
2009.05.19 07:34:41.779,1.1574,1.1579,3.00,4.00
2009.05.19 07:34:42.239,1.15745,1.1579,2.20,4.00
2009.05.19 07:34:42.539,1.1574,1.1579,3.00,4.00
2009.05.19 07:34:43.049,1.15755,1.1578,1.00,4.00
2009.05.19 07:34:43.329,1.15755,1.1578,1.20,4.00
2009.05.19 07:34:44.179,1.1576,1.1578,1.00,4.00
2009.05.19 07:34:44.539,1.1576,1.1578,1.00,4.00
2009.05.19 07:34:47.448,1.1576,1.1578,1.00,4.00
2009.05.19 07:34:47.788,1.1576,1.1578,1.20,4.00
2009.05.19 07:34:51.297,1.1576,1.1579,2.20,4.00
2009.05.19 07:34:53.986,1.1576,1.1578,1.20,4.00
2009.05.19 07:34:57.355,1.1576,1.1578,1.00,4.00
2009.05.19 07:34:57.575,1.1575,1.1578,2.20,4.00
2009.05.19 07:35:00.975,1.1576,1.1578,1.60,4.00
2009.05.19 07:35:02.934,1.1576,1.1578,1.60,4.00
2009.05.19 07:35:03.284,1.1576,1.1578,1.80,4.00
2009.05.19 07:35:06.773,1.15765,1.1578,1.00,4.00
2009.05.19 07:35:07.003,1.15765,1.1578,1.00,4.00
2009.05.19 07:35:07.513,1.15765,1.1578,1.00,4.00
2009.05.19 07:35:07.633,1.1576,1.1578,1.80,4.00
2009.05.19 07:35:12.622,1.1577,1.1579,1.80,4.00
2009.05.19 07:35:15.161,1.1577,1.1579,2.20,4.00
2009.05.19 07:35:15.401,1.1577,1.1579,3.00,4.00
2009.05.19 07:35:15.581,1.15785,1.1583,1.60,1.00
2009.05.19 07:35:16.201,1.15785,1.1584,5.00,1.00
2009.05.19 07:35:16.551,1.1578,1.1584,2.40,1.00
2009.05.19 07:35:17.941,1.15795,1.1585,2.00,3.20
2009.05.19 07:35:18.301,1.15795,1.15865,2.00,8.20
2009.05.19 07:35:18.770,1.15805,1.15865,1.20,8.20
2009.05.19 07:35:18.890,1.15805,1.15865,2.40,5.00
2009.05.19 07:35:19.001,1.15805,1.1587,3.80,8.20
2009.05.19 07:35:19.410,1.1581,1.1586,2.40,5.00
2009.05.19 07:35:19.700,1.15805,1.15865,3.80,8.20
2009.05.19 07:35:20.040,1.15805,1.15865,3.80,5.00
2009.05.19 07:35:21.440,1.1581,1.1586,2.40,9.20
2009.05.19 07:35:22.660,1.1581,1.1585,2.40,4.00
2009.05.19 07:35:29.148,1.158,1.1585,3.00,4.00
2009.05.19 07:35:36.256,1.1581,1.1585,2.40,4.00
2009.05.19 07:35:38.416,1.15815,1.1585,1.00,4.00
2009.05.19 07:35:38.696,1.15825,1.1585,1.00,4.00
2009.05.19 07:35:41.025,1.1583,1.1585,2.20,4.00
2009.05.19 07:35:41.415,1.1583,1.1585,1.00,4.00
2009.05.19 07:35:45.744,1.1584,1.1585,1.00,4.00
2009.05.19 07:35:46.194,1.1584,1.1585,1.20,4.00
2009.05.19 07:35:48.133,1.1584,1.1585,1.00,4.00
2009.05.19 07:35:48.353,1.1584,1.1585,1.20,4.00
2009.05.19 07:35:48.633,1.1584,1.1585,1.20,4.00
2009.05.19 07:35:49.163,1.1584,1.1585,1.00,4.00
2009.05.19 07:35:49.383,1.1584,1.1585,1.20,4.00
2009.05.19 07:35:49.663,1.1584,1.1585,1.00,4.00
2009.05.19 07:35:49.783,1.1584,1.1585,1.20,4.00
2009.05.19 07:35:51.313,1.15815,1.1585,2.20,4.00
2009.05.19 07:35:51.553,1.15815,1.1585,2.00,4.00
2009.05.19 07:35:51.613,1.15805,1.1585,2.40,4.00
2009.05.19 07:35:52.193,1.15805,1.1585,2.20,4.00
2009.05.19 07:35:52.422,1.1581,1.1585,1.80,4.00
2009.05.19 07:36:00.101,1.1581,1.1585,2.20,4.00
2009.05.19 07:36:00.630,1.1581,1.1585,3.00,4.00
2009.05.19 07:36:02.150,1.1581,1.1585,2.00,4.00
2009.05.19 07:36:06.039,1.1582,1.1585,2.20,4.00
2009.05.19 07:36:06.329,1.15815,1.1585,4.80,4.00
2009.05.19 07:36:06.669,1.1581,1.1585,2.60,4.00
2009.05.19 07:36:09.478,1.1581,1.1585,3.00,4.00
2009.05.19 07:36:09.818,1.1581,1.1585,2.60,4.00
2009.05.19 07:36:10.408,1.1581,1.1585,3.00,4.00
2009.05.19 07:36:14.867,1.1581,1.1585,2.80,4.00
2009.05.19 07:36:15.207,1.1581,1.1585,2.60,4.00
2009.05.19 07:36:16.017,1.1581,1.1585,1.60,4.00
2009.05.19 07:36:18.526,1.1581,1.1585,2.00,4.00
2009.05.19 07:36:22.145,1.1581,1.1585,2.40,4.00
2009.05.19 07:36:22.425,1.1581,1.15835,2.20,4.00
2009.05.19 07:36:22.715,1.1581,1.15835,1.80,4.00
2009.05.19 07:36:30.643,1.158,1.1582,2.20,4.00
2009.05.19 07:36:34.253,1.1581,1.15845,2.20,7.20
2009.05.19 07:36:34.542,1.1581,1.1584,2.20,4.00
2009.05.19 07:36:36.492,1.15815,1.1583,4.80,4.00
2009.05.19 07:36:36.722,1.15815,1.1583,2.40,4.00
2009.05.19 07:36:36.781,1.15795,1.1582,2.20,4.00
2009.05.19 07:36:38.751,1.158,1.1583,2.20,5.60
2009.05.19 07:36:38.861,1.158,1.1583,2.20,4.00
2009.05.19 07:36:53.188,1.1579,1.1582,2.20,4.00
2009.05.19 07:36:53.418,1.1579,1.15795,2.20,4.80
2009.05.19 07:36:53.758,1.1578,1.15795,6.20,5.00
2009.05.19 07:36:53.938,1.1577,1.15805,1.00,6.20
2009.05.19 07:36:54.277,1.15715,1.15805,9.60,5.00
2009.05.19 07:36:54.397,1.15715,1.15805,3.40,5.00
2009.05.19 07:36:55.077,1.1573,1.1579,1.20,2.00
2009.05.19 07:36:58.186,1.15745,1.1579,1.20,2.20
2009.05.19 07:36:58.876,1.15745,1.1579,1.20,2.00
2009.05.19 07:36:59.586,1.15745,1.1579,1.20,5.20
2009.05.19 07:36:59.746,1.15745,1.1579,1.20,6.80
2009.05.19 07:37:00.046,1.15725,1.1578,3.40,1.00
2009.05.19 07:37:00.226,1.15725,1.15785,2.20,5.40
2009.05.19 07:37:00.396,1.15725,1.15785,2.20,8.60
2009.05.19 07:37:00.686,1.1573,1.1578,1.20,1.00
2009.05.19 07:37:01.016,1.1574,1.1578,1.60,1.00
2009.05.19 07:37:01.296,1.15735,1.1578,2.00,1.00
2009.05.19 07:37:01.595,1.1573,1.15785,3.00,8.60
2009.05.19 07:37:03.155,1.1573,1.15785,3.00,12.80
2009.05.19 07:37:03.715,1.1573,1.1578,3.00,4.00
2009.05.19 07:37:04.095,1.1573,1.1577,3.00,1.60
2009.05.19 07:37:04.495,1.1573,1.15755,2.20,4.00
2009.05.19 07:37:06.844,1.1573,1.1576,2.20,4.00
2009.05.19 07:37:07.764,1.1573,1.1576,3.00,1.00
2009.05.19 07:37:07.994,1.1573,1.15785,3.00,4.00
2009.05.19 07:37:08.394,1.1575,1.15785,1.00,4.00
2009.05.19 07:37:08.624,1.1572,1.15785,2.20,4.00
2009.05.19 07:37:10.804,1.1573,1.1578,3.00,4.00
2009.05.19 07:37:11.503,1.15745,1.1578,2.20,4.00
2009.05.19 07:37:11.843,1.15725,1.1578,2.20,4.00
2009.05.19 07:37:16.192,1.15735,1.1578,1.60,4.00
2009.05.19 07:37:16.472,1.15745,1.1578,2.40,4.00
2009.05.19 07:37:16.852,1.15725,1.1578,2.20,4.00
2009.05.19 07:37:17.972,1.1573,1.1576,2.20,4.00
2009.05.19 07:37:19.531,1.15745,1.1575,1.20,4.00
2009.05.19 07:37:19.701,1.15745,1.1575,1.00,4.00
2009.05.19 07:37:19.881,1.15725,1.1575,2.20,4.00
2009.05.19 07:37:22.061,1.1573,1.1575,2.60,4.00
2009.05.19 07:37:22.351,1.1573,1.1575,3.00,4.00
2009.05.19 07:37:22.751,1.15745,1.1575,1.00,4.00
2009.05.19 07:37:23.331,1.15725,1.1575,2.20,4.00
2009.05.19 07:37:24.830,1.1573,1.15755,2.20,4.00
2009.05.19 07:37:25.060,1.1573,1.15755,4.60,4.00
2009.05.19 07:37:25.230,1.1573,1.1575,2.20,4.00
2009.05.19 07:37:28.089,1.1574,1.15755,2.20,7.20
2009.05.19 07:37:28.319,1.1574,1.15765,2.20,4.20
2009.05.19 07:37:28.609,1.1574,1.1576,2.40,4.00
2009.05.19 07:37:28.789,1.15725,1.15765,2.20,4.00
2009.05.19 07:37:29.209,1.15725,1.15765,2.20,2.40
2009.05.19 07:37:29.499,1.15725,1.1577,2.20,1.00
2009.05.19 07:37:30.589,1.1573,1.1577,5.00,1.00
2009.05.19 07:37:30.938,1.1573,1.1577,4.60,1.00
2009.05.19 07:37:31.278,1.1573,1.1577,2.20,1.00
2009.05.19 07:37:33.688,1.1573,1.1577,2.20,1.00
2009.05.19 07:37:34.498,1.1573,1.1577,3.80,1.00
2009.05.19 07:37:34.618,1.15745,1.1577,1.00,4.00
2009.05.19 07:37:34.988,1.15725,1.1577,3.40,1.00
2009.05.19 07:37:35.377,1.15725,1.1577,2.20,1.00
2009.05.19 07:37:35.588,1.15725,1.1577,2.20,1.00
2009.05.19 07:37:38.077,1.1573,1.1577,4.60,1.00
2009.05.19 07:37:38.307,1.15745,1.1577,1.20,4.00
2009.05.19 07:37:38.716,1.15725,1.1577,2.20,1.00
2009.05.19 07:37:39.967,1.1573,1.1577,2.20,1.00
2009.05.19 07:37:43.445,1.1573,1.1577,3.80,1.00
2009.05.19 07:37:43.685,1.1573,1.1577,5.00,1.00
2009.05.19 07:37:43.966,1.1573,1.1577,2.20,1.00
2009.05.19 07:37:47.915,1.1573,1.1577,2.20,1.00
2009.05.19 07:37:48.674,1.15745,1.1577,1.20,1.00
2009.05.19 07:37:48.724,1.15745,1.1577,1.00,1.00
2009.05.19 07:37:49.184,1.15725,1.1577,2.20,1.00
2009.05.19 07:37:49.574,1.15725,1.1577,2.20,1.00
2009.05.19 07:37:58.722,1.1573,1.1577,3.80,1.00
2009.05.19 07:37:59.012,1.1574,1.1577,2.20,4.00
2009.05.19 07:37:59.352,1.15735,1.1577,1.60,1.00
2009.05.19 07:37:59.682,1.15745,1.1577,7.20,1.00
2009.05.19 07:37:59.801,1.15745,1.1577,2.40,1.00
2009.05.19 07:38:00.041,1.15725,1.1577,2.20,1.00
2009.05.19 07:38:00.921,1.15725,1.1578,2.20,4.00
2009.05.19 07:38:01.211,1.1573,1.1578,3.00,4.00
2009.05.19 07:38:02.201,1.1573,1.1578,2.60,4.00
2009.05.19 07:38:02.381,1.1573,1.1578,2.20,4.00
2009.05.19 07:38:06.310,1.1573,1.1578,2.60,4.00
2009.05.19 07:38:06.660,1.1573,1.1578,3.00,4.00
2009.05.19 07:38:10.169,1.1573,1.1578,2.20,4.00
2009.05.19 07:38:10.799,1.15745,1.1578,1.00,4.00
2009.05.19 07:38:11.099,1.15725,1.1578,2.20,4.00
2009.05.19 07:38:13.369,1.1573,1.1578,2.20,5.60
2009.05.19 07:38:13.839,1.1573,1.15765,2.20,2.00
2009.05.19 07:38:14.008,1.1573,1.1577,2.20,2.40
2009.05.19 07:38:14.368,1.1573,1.15785,2.20,4.00
2009.05.19 07:38:15.118,1.1573,1.15785,3.80,4.00
2009.05.19 07:38:15.360,1.1574,1.15785,1.00,4.00
2009.05.19 07:38:15.708,1.1573,1.1578,2.60,4.00
2009.05.19 07:38:16.008,1.1573,1.1578,2.20,4.00
2009.05.19 07:38:18.007,1.1575,1.1578,1.00,4.00
2009.05.19 07:38:18.067,1.1575,1.1578,1.00,4.00
2009.05.19 07:38:18.247,1.1575,1.1578,1.00,4.00
2009.05.19 07:38:18.297,1.1572,1.1578,2.20,4.00
2009.05.19 07:38:19.327,1.1573,1.1578,3.80,4.00
2009.05.19 07:38:19.677,1.1574,1.1577,2.20,4.00
2009.05.19 07:38:20.037,1.1573,1.1578,3.40,4.00
2009.05.19 07:38:20.497,1.1573,1.1578,2.20,4.00
2009.05.19 07:38:21.556,1.15745,1.1578,1.20,4.00
2009.05.19 07:38:21.786,1.15745,1.1578,1.00,4.00
2009.05.19 07:38:23.436,1.1575,1.15775,1.00,4.00
2009.05.19 07:38:27.225,1.1575,1.1577,1.00,4.00
2009.05.19 07:38:28.085,1.1574,1.1577,2.20,4.00
2009.05.19 07:38:35.033,1.1575,1.1577,1.00,4.00
2009.05.19 07:38:37.972,1.1571,1.1577,2.20,4.00
2009.05.19 07:38:40.732,1.1573,1.1577,1.00,4.00
2009.05.19 07:38:41.142,1.1572,1.1577,2.20,4.00
2009.05.19 07:38:44.361,1.1574,1.15765,1.00,4.00
2009.05.19 07:38:44.711,1.1571,1.1576,5.00,1.00
2009.05.19 07:38:45.001,1.1572,1.1576,2.20,4.00
2009.05.19 07:38:48.380,1.1572,1.1577,3.00,5.80
2009.05.19 07:38:48.840,1.1572,1.1577,3.00,4.00
2009.05.19 07:38:49.310,1.1572,1.1577,4.60,4.00
2009.05.19 07:38:49.650,1.1573,1.15765,2.20,4.40
2009.05.19 07:38:49.930,1.1572,1.1577,3.00,4.00
2009.05.19 07:38:50.879,1.1573,1.15765,3.00,4.00
2009.05.19 07:38:51.219,1.1573,1.15765,3.00,4.40
2009.05.19 07:38:51.609,1.1574,1.1576,2.20,2.40
2009.05.19 07:38:51.959,1.15715,1.1577,2.20,4.00
2009.05.19 07:39:02.907,1.15735,1.1577,2.20,4.00
2009.05.19 07:39:03.297,1.1572,1.1577,7.40,4.00
2009.05.19 07:39:03.416,1.15715,1.1577,2.20,4.00
2009.05.19 07:39:04.696,1.1573,1.1577,1.00,4.00
2009.05.19 07:39:06.016,1.1573,1.15755,1.00,4.00
2009.05.19 07:39:08.275,1.1573,1.15755,1.00,2.40
2009.05.19 07:39:08.795,1.1573,1.15775,1.00,4.00
2009.05.19 07:39:13.514,1.1575,1.15775,1.60,10.40
2009.05.19 07:39:13.864,1.15755,1.15775,2.40,1.00
2009.05.19 07:39:14.084,1.15755,1.1578,2.40,1.60
2009.05.19 07:39:14.304,1.15735,1.15785,3.00,5.40
2009.05.19 07:39:14.583,1.1571,1.15775,2.20,4.00
2009.05.19 07:39:15.224,1.1571,1.15775,3.40,4.00
2009.05.19 07:39:15.503,1.1571,1.15775,2.20,4.00
2009.05.19 07:39:16.273,1.1573,1.1577,1.20,4.00
2009.05.19 07:39:16.613,1.1573,1.1577,1.20,1.00
2009.05.19 07:39:16.965,1.1573,1.1577,1.20,1.00
2009.05.19 07:39:17.193,1.15745,1.1577,1.20,4.00
2009.05.19 07:39:17.713,1.15745,1.1578,1.20,4.00
2009.05.19 07:39:27.420,1.1576,1.1578,2.40,4.00
2009.05.19 07:39:27.710,1.1576,1.1578,2.80,4.00
2009.05.19 07:39:28.440,1.1576,1.1578,2.40,4.00
2009.05.19 07:39:31.049,1.1576,1.1578,2.40,4.00
2009.05.19 07:39:34.879,1.1576,1.1578,2.20,4.00
2009.05.19 07:39:41.397,1.1576,1.15785,3.80,4.00
2009.05.19 07:39:41.687,1.1576,1.15785,5.40,4.00
2009.05.19 07:39:43.497,1.15765,1.15785,2.20,4.00
2009.05.19 07:39:44.436,1.1577,1.1579,2.20,4.00
2009.05.19 07:39:49.265,1.15785,1.158,1.00,4.00
2009.05.19 07:39:52.044,1.1579,1.158,1.00,4.00
2009.05.19 07:39:52.264,1.15765,1.158,2.20,4.00
2009.05.19 07:39:53.284,1.1578,1.158,2.20,4.00
2009.05.19 07:39:54.034,1.15775,1.158,2.20,4.00
2009.05.19 07:39:54.304,1.1578,1.158,2.20,4.00
2009.05.19 07:39:54.424,1.1577,1.158,19.00,4.00
2009.05.19 07:39:54.584,1.1577,1.158,3.00,4.00
2009.05.19 07:39:54.704,1.1577,1.158,2.20,4.00
2009.05.19 07:39:55.404,1.1578,1.158,2.20,4.00
2009.05.19 07:39:56.153,1.15775,1.158,2.20,7.20
2009.05.19 07:39:57.083,1.1577,1.158,18.20,7.20
2009.05.19 07:39:57.373,1.1577,1.158,4.60,4.00
2009.05.19 07:39:57.763,1.1577,1.158,2.20,4.00
2009.05.19 07:39:59.653,1.1578,1.158,2.20,4.00
2009.05.19 07:40:00.402,1.15775,1.158,2.20,5.60
2009.05.19 07:40:01.092,1.1577,1.158,2.20,4.00
2009.05.19 07:40:02.622,1.1578,1.158,2.20,4.00
2009.05.19 07:40:03.202,1.15775,1.158,2.20,4.00
2009.05.19 07:40:03.552,1.15775,1.158,2.20,5.60
2009.05.19 07:40:03.842,1.1577,1.158,2.20,4.00
2009.05.19 07:40:05.161,1.1577,1.1579,2.20,7.20
2009.05.19 07:40:05.731,1.1577,1.15785,2.20,2.40
2009.05.19 07:40:06.011,1.1577,1.15785,2.20,1.00
2009.05.19 07:40:06.181,1.1577,1.15805,2.20,4.00
2009.05.19 07:40:07.831,1.1577,1.15795,2.20,4.80
2009.05.19 07:40:08.101,1.1577,1.15785,2.20,4.00
2009.05.19 07:40:08.281,1.1576,1.15775,3.20,4.00
2009.05.19 07:40:08.510,1.1575,1.15775,2.20,4.00
2009.05.19 07:40:09.020,1.1575,1.15795,2.20,4.80
2009.05.19 07:40:09.200,1.1575,1.15805,2.20,9.20
2009.05.19 07:40:09.610,1.15765,1.15805,1.80,9.20
2009.05.19 07:40:09.730,1.15765,1.15805,1.80,4.00
2009.05.19 07:40:10.070,1.15765,1.158,1.80,9.20
2009.05.19 07:40:10.760,1.1577,1.158,1.80,4.00
2009.05.19 07:40:11.650,1.1577,1.158,1.20,4.00
2009.05.19 07:40:12.171,1.15745,1.158,7.00,9.20
2009.05.19 07:40:12.639,1.15765,1.158,1.60,4.00
2009.05.19 07:40:12.870,1.15765,1.158,4.80,4.00
2009.05.19 07:40:13.279,1.15765,1.158,7.20,4.00
2009.05.19 07:40:13.501,1.15765,1.158,9.60,4.00
2009.05.19 07:40:14.069,1.15775,1.158,11.80,4.00
2009.05.19 07:40:17.528,1.15775,1.1579,11.80,1.00
2009.05.19 07:40:18.038,1.15775,1.15815,11.80,4.00
2009.05.19 07:40:18.558,1.15775,1.15815,11.80,7.20
2009.05.19 07:40:18.728,1.15775,1.15805,11.80,4.00
2009.05.19 07:40:18.898,1.15775,1.15805,9.60,4.00
2009.05.19 07:40:20.558,1.15775,1.158,57.60,7.20
2009.05.19 07:40:20.958,1.15775,1.158,25.60,7.20
2009.05.19 07:40:21.597,1.15775,1.15795,25.60,4.00
2009.05.19 07:40:24.187,1.1575,1.1579,1.80,4.00
2009.05.19 07:40:24.667,1.1575,1.1578,2.20,4.00
2009.05.19 07:40:25.007,1.1575,1.1579,1.80,9.20
2009.05.19 07:40:25.126,1.1575,1.1579,1.80,4.00
2009.05.19 07:40:25.477,1.1575,1.1578,2.20,4.00
2009.05.19 07:40:31.835,1.15745,1.1577,4.00,4.00
2009.05.19 07:40:32.236,1.15745,1.1577,4.00,7.20
2009.05.19 07:40:32.635,1.1575,1.15765,2.20,2.40
2009.05.19 07:40:32.924,1.15745,1.15785,4.00,4.00
2009.05.19 07:40:33.195,1.15755,1.15785,1.00,4.00
2009.05.19 07:40:33.535,1.15755,1.15785,1.00,4.00
2009.05.19 07:40:33.884,1.1574,1.1579,3.40,4.00
2009.05.19 07:40:34.004,1.15745,1.1579,2.20,4.00
2009.05.19 07:40:39.643,1.1575,1.1579,3.00,4.00
2009.05.19 07:40:41.423,1.1575,1.1579,2.80,4.00
2009.05.19 07:40:41.842,1.1575,1.1579,2.60,4.00
2009.05.19 07:40:43.272,1.1575,1.1579,2.80,4.00
2009.05.19 07:40:43.732,1.1575,1.1579,3.00,4.00
2009.05.19 07:40:47.781,1.1576,1.1579,1.00,4.00
2009.05.19 07:40:48.001,1.1576,1.1579,1.00,4.00
2009.05.19 07:40:49.111,1.1576,1.1579,1.00,4.00
2009.05.19 07:40:49.450,1.1577,1.15795,2.20,7.20
2009.05.19 07:40:49.731,1.15765,1.158,3.20,3.20
2009.05.19 07:40:50.020,1.15775,1.15825,1.00,9.20
2009.05.19 07:40:50.301,1.15775,1.15825,1.00,4.00
2009.05.19 07:40:51.460,1.15785,1.1582,1.00,4.00
2009.05.19 07:40:53.360,1.1578,1.1582,1.00,4.00
2009.05.19 07:40:53.800,1.1577,1.15805,2.20,4.00
2009.05.19 07:40:57.119,1.1577,1.158,5.60,4.00
2009.05.19 07:40:57.359,1.1577,1.158,2.40,4.00
2009.05.19 07:40:57.689,1.1577,1.158,2.60,4.00
2009.05.19 07:40:58.398,1.1577,1.158,2.80,4.00
2009.05.19 07:40:59.638,1.1577,1.15805,2.80,5.00
2009.05.19 07:40:59.988,1.1577,1.1581,3.20,9.20
2009.05.19 07:41:00.168,1.1577,1.1581,6.40,9.20
2009.05.19 07:41:01.348,1.1578,1.1581,1.00,9.20
2009.05.19 07:41:01.688,1.1578,1.15815,4.00,5.00
2009.05.19 07:41:03.807,1.1578,1.1582,3.20,9.20
2009.05.19 07:41:04.198,1.1578,1.1582,1.60,9.20
2009.05.19 07:41:04.377,1.1579,1.1582,1.00,5.00
2009.05.19 07:41:04.597,1.1579,1.1583,1.00,5.00
2009.05.19 07:41:07.806,1.1579,1.1583,1.20,5.00
2009.05.19 07:41:08.026,1.158,1.1583,1.20,5.00
2009.05.19 07:41:08.206,1.158,1.1585,4.80,5.00
2009.05.19 07:41:08.656,1.158,1.15845,4.80,5.00
2009.05.19 07:41:09.006,1.158,1.1585,4.80,5.00
2009.05.19 07:41:13.125,1.158,1.15845,1.60,5.00
2009.05.19 07:41:13.485,1.1581,1.1584,2.20,4.00
2009.05.19 07:41:16.804,1.158,1.1583,3.80,1.00
2009.05.19 07:41:17.164,1.158,1.1585,1.60,8.40
2009.05.19 07:41:17.544,1.158,1.1585,4.80,5.00
2009.05.19 07:41:19.403,1.15795,1.15845,3.20,5.00
2009.05.19 07:41:19.743,1.15805,1.1585,1.00,4.00
2009.05.19 07:41:19.863,1.15805,1.1585,4.00,4.00
2009.05.19 07:41:20.083,1.15805,1.15845,4.00,1.60
2009.05.19 07:41:20.313,1.15805,1.1583,4.00,1.00
2009.05.19 07:41:20.373,1.15805,1.15825,3.20,7.20
2009.05.19 07:41:20.903,1.1579,1.15825,3.00,7.20
2009.05.19 07:41:21.243,1.15795,1.1582,1.60,2.40
2009.05.19 07:41:21.583,1.15795,1.15855,1.60,5.00
2009.05.19 07:41:24.392,1.158,1.1583,1.20,1.00
2009.05.19 07:41:24.682,1.158,1.1583,1.20,4.00
2009.05.19 07:41:27.562,1.1581,1.15825,1.00,2.40
2009.05.19 07:41:27.851,1.1581,1.1585,1.00,5.00
2009.05.19 07:41:28.691,1.15825,1.1585,1.00,5.00
2009.05.19 07:41:29.091,1.15805,1.1585,1.60,5.00
2009.05.19 07:41:29.381,1.15805,1.15855,2.40,5.00
2009.05.19 07:41:29.801,1.15805,1.15855,1.60,5.00
2009.05.19 07:41:30.141,1.15805,1.15855,4.80,5.00
2009.05.19 07:41:30.711,1.1582,1.15855,1.00,5.00
2009.05.19 07:41:30.871,1.1582,1.15855,4.00,5.00
2009.05.19 07:41:31.511,1.15825,1.1586,1.00,4.00
2009.05.19 07:41:31.900,1.15825,1.1586,1.00,9.20
2009.05.19 07:41:32.440,1.15825,1.1586,1.00,4.00
2009.05.19 07:41:32.680,1.1582,1.1585,3.00,4.00
2009.05.19 07:41:33.070,1.15835,1.15855,1.20,4.00
2009.05.19 07:41:33.420,1.15835,1.15855,1.20,4.00
2009.05.19 07:41:33.660,1.15855,1.1586,1.00,4.00
2009.05.19 07:41:34.400,1.15855,1.1586,1.00,4.00
2009.05.19 07:41:34.730,1.15835,1.15855,1.60,4.00
2009.05.19 07:41:35.019,1.15835,1.15855,1.20,4.00
2009.05.19 07:41:35.899,1.1584,1.1586,1.20,4.00
2009.05.19 07:41:36.129,1.1584,1.1586,2.20,4.00
2009.05.19 07:41:36.479,1.1584,1.1585,1.80,4.00
2009.05.19 07:41:38.619,1.1584,1.1585,1.20,4.00
2009.05.19 07:41:38.859,1.1584,1.1586,1.20,52.00
2009.05.19 07:41:39.209,1.1584,1.1586,1.80,4.00
2009.05.19 07:41:40.109,1.1584,1.1585,1.80,4.00
2009.05.19 07:41:41.580,1.1584,1.1585,1.60,4.00
2009.05.19 07:41:42.338,1.1584,1.1585,1.20,4.00
2009.05.19 07:41:42.638,1.1584,1.1585,1.40,4.00
2009.05.19 07:41:42.868,1.1584,1.1585,1.60,4.00
2009.05.19 07:41:43.328,1.1584,1.1585,1.80,4.00
2009.05.19 07:41:43.677,1.1584,1.15855,1.80,4.00
2009.05.19 07:41:44.098,1.1584,1.1586,2.20,4.00
2009.05.19 07:41:45.547,1.1584,1.15855,1.80,4.00
2009.05.19 07:41:45.937,1.1584,1.1585,1.20,4.00
2009.05.19 07:41:46.617,1.1584,1.1586,2.20,4.00
2009.05.19 07:41:49.676,1.1584,1.15855,2.20,1.60
2009.05.19 07:41:50.006,1.15835,1.1585,4.80,5.00
2009.05.19 07:41:50.296,1.1579,1.1585,6.00,5.00
2009.05.19 07:41:50.576,1.158,1.1585,1.00,12.00
2009.05.19 07:41:50.866,1.1579,1.1585,1.00,12.00
2009.05.19 07:41:51.256,1.1579,1.1585,1.40,5.00
2009.05.19 07:41:51.606,1.158,1.15845,1.00,5.00
2009.05.19 07:41:51.936,1.158,1.1585,1.40,5.00
2009.05.19 07:41:52.235,1.158,1.1585,4.60,5.00
2009.05.19 07:41:52.876,1.1581,1.15845,1.00,5.00
2009.05.19 07:41:53.215,1.15825,1.15845,1.00,9.20
2009.05.19 07:41:53.515,1.15825,1.1585,1.60,1.00
2009.05.19 07:41:53.695,1.15825,1.15855,1.60,3.20
2009.05.19 07:41:53.855,1.15825,1.1586,1.60,13.00
2009.05.19 07:41:54.085,1.15825,1.1586,1.60,4.00
2009.05.19 07:42:01.483,1.1583,1.15845,1.60,4.00
2009.05.19 07:42:03.063,1.1583,1.1584,1.20,4.00
2009.05.19 07:42:03.123,1.1583,1.1584,1.40,4.00
2009.05.19 07:42:03.403,1.1583,1.1584,1.60,4.00
2009.05.19 07:42:06.392,1.1583,1.15845,1.60,4.00
2009.05.19 07:42:11.201,1.1583,1.15845,1.60,4.00
2009.05.19 07:42:11.501,1.1583,1.15845,1.80,4.00
2009.05.19 07:42:11.671,1.15825,1.15845,4.00,4.00
2009.05.19 07:42:14.370,1.1583,1.15865,2.60,4.00
2009.05.19 07:42:14.720,1.1583,1.15865,1.80,4.00
2009.05.19 07:42:15.510,1.1583,1.1586,1.60,4.00
2009.05.19 07:42:17.109,1.1583,1.1586,1.80,4.00
2009.05.19 07:42:20.719,1.1583,1.1585,1.80,4.00
2009.05.19 07:42:27.237,1.1581,1.1585,3.00,4.00
2009.05.19 07:42:28.197,1.15815,1.1585,2.20,4.00
2009.05.19 07:42:29.127,1.15815,1.1584,3.00,4.00
2009.05.19 07:42:29.407,1.15825,1.1584,1.60,7.20
2009.05.19 07:42:29.687,1.15825,1.1583,1.60,4.00
2009.05.19 07:42:29.856,1.15825,1.1583,1.00,4.00
2009.05.19 07:42:34.535,1.1579,1.1584,4.80,5.40
2009.05.19 07:42:34.815,1.15805,1.1584,1.00,4.40
2009.05.19 07:42:35.085,1.15805,1.1584,3.20,4.40
2009.05.19 07:42:35.425,1.15795,1.1583,4.00,4.00
2009.05.19 07:42:35.775,1.15795,1.1582,3.20,3.20
2009.05.19 07:42:36.005,1.15795,1.15825,22.40,7.20
2009.05.19 07:42:36.385,1.1579,1.15845,4.80,5.40
2009.05.19 07:42:36.725,1.1579,1.1584,4.80,5.00
2009.05.19 07:42:37.185,1.1579,1.15835,4.00,9.20
2009.05.19 07:42:37.485,1.158,1.1583,2.20,4.00
2009.05.19 07:42:37.715,1.158,1.15815,1.00,4.00
2009.05.19 07:42:38.005,1.1578,1.15815,3.20,7.20
2009.05.19 07:42:38.364,1.1578,1.15815,3.00,7.20
2009.05.19 07:42:38.714,1.15785,1.15795,1.20,4.00
2009.05.19 07:42:39.114,1.15765,1.158,1.00,1.60
2009.05.19 07:42:39.414,1.15765,1.15805,1.60,4.00
2009.05.19 07:42:39.744,1.15765,1.1582,1.60,13.40
2009.05.19 07:42:39.974,1.15775,1.1582,2.40,5.00
2009.05.19 07:42:40.194,1.1578,1.1582,4.00,5.00
2009.05.19 07:42:40.494,1.1578,1.1582,4.00,5.40
2009.05.19 07:42:40.774,1.1578,1.15815,4.00,5.00
2009.05.19 07:42:42.004,1.1578,1.15815,4.00,5.40
2009.05.19 07:42:42.403,1.1578,1.15815,4.00,5.40
2009.05.19 07:42:42.763,1.1578,1.1581,3.20,9.20
2009.05.19 07:42:42.983,1.1578,1.15815,1.60,5.40
2009.05.19 07:42:43.093,1.1578,1.15815,3.20,5.40
2009.05.19 07:42:43.273,1.1578,1.1581,3.20,4.00
2009.05.19 07:42:43.383,1.1578,1.1581,1.60,9.20
2009.05.19 07:42:43.543,1.1577,1.1581,5.20,9.20
2009.05.19 07:42:44.293,1.1577,1.1581,1.20,9.20
2009.05.19 07:42:46.522,1.1577,1.1581,2.00,9.20
2009.05.19 07:42:46.762,1.1577,1.1581,3.60,9.20
2009.05.19 07:42:47.162,1.1577,1.1581,2.80,9.20
2009.05.19 07:42:47.462,1.1577,1.1581,1.20,9.20
2009.05.19 07:42:47.522,1.1577,1.1581,2.00,9.20
2009.05.19 07:42:47.693,1.1577,1.1581,5.20,9.20
2009.05.19 07:42:51.201,1.1577,1.1581,4.40,9.20
2009.05.19 07:42:51.441,1.1577,1.1581,1.20,9.20
2009.05.19 07:42:51.671,1.1577,1.1581,3.60,9.20
2009.05.19 07:42:51.961,1.1577,1.1581,5.20,9.20
2009.05.19 07:42:52.251,1.1577,1.1581,4.60,9.20
2009.05.19 07:42:52.601,1.1577,1.1581,4.00,5.00
2009.05.19 07:42:52.821,1.1578,1.15815,4.00,5.40
2009.05.19 07:42:56.030,1.1578,1.15815,4.00,5.00
2009.05.19 07:43:00.619,1.1579,1.15835,4.00,10.20
2009.05.19 07:43:00.669,1.1579,1.15835,4.00,7.00
2009.05.19 07:43:01.119,1.1579,1.15835,4.00,6.80
2009.05.19 07:43:05.748,1.1579,1.15825,4.00,5.00
2009.05.19 07:43:09.017,1.1579,1.15825,4.60,5.00
2009.05.19 07:43:09.427,1.1579,1.15825,3.80,5.00
2009.05.19 07:43:09.667,1.1579,1.1583,3.00,5.00
2009.05.19 07:43:09.897,1.158,1.15835,1.00,5.00
2009.05.19 07:43:10.187,1.158,1.15835,2.40,5.00
2009.05.19 07:43:10.487,1.158,1.15835,4.00,5.00
2009.05.19 07:43:11.996,1.158,1.15835,1.60,5.00
2009.05.19 07:43:12.166,1.1579,1.15835,4.60,5.00
2009.05.19 07:43:16.185,1.1579,1.15825,4.60,5.00
2009.05.19 07:43:24.133,1.1579,1.15825,4.60,3.20
2009.05.19 07:43:24.763,1.1579,1.15835,4.60,5.00
2009.05.19 07:43:25.283,1.158,1.15845,1.00,5.20
2009.05.19 07:43:25.693,1.158,1.15845,1.00,8.20
2009.05.19 07:43:25.933,1.1579,1.1583,1.00,5.00
2009.05.19 07:43:33.691,1.1578,1.1583,3.20,5.00
2009.05.19 07:43:33.931,1.1578,1.1583,4.80,5.00
2009.05.19 07:43:34.231,1.1578,1.1583,6.40,5.00
2009.05.19 07:43:44.088,1.1579,1.15825,1.00,5.00
2009.05.19 07:43:44.208,1.1579,1.15825,2.40,5.00
2009.05.19 07:43:44.369,1.1579,1.15825,4.00,5.00
2009.05.19 07:43:48.187,1.1579,1.15825,5.60,5.00
2009.05.19 07:43:48.407,1.1579,1.15825,7.00,5.00
2009.05.19 07:43:53.976,1.158,1.15825,2.40,5.00
2009.05.19 07:43:54.156,1.158,1.15845,4.00,4.00
2009.05.19 07:43:56.526,1.158,1.15845,4.00,5.40
2009.05.19 07:43:56.736,1.158,1.1584,4.00,1.00
2009.05.19 07:44:06.393,1.158,1.1585,4.00,16.60
2009.05.19 07:44:11.082,1.158,1.15835,3.20,5.00
2009.05.19 07:44:11.362,1.1579,1.15835,4.00,5.00
2009.05.19 07:44:11.642,1.1579,1.1583,7.00,5.00
2009.05.19 07:44:11.942,1.1579,1.15835,7.00,5.00
2009.05.19 07:44:12.222,1.1579,1.15825,7.00,5.00
2009.05.19 07:44:14.341,1.15785,1.15825,2.40,5.00
2009.05.19 07:44:14.391,1.1579,1.15825,3.80,5.00
2009.05.19 07:44:14.611,1.158,1.15845,4.00,4.00
2009.05.19 07:44:14.851,1.1581,1.15845,4.00,1.00
2009.05.19 07:44:20.360,1.158,1.1584,5.40,1.00
2009.05.19 07:44:20.710,1.1581,1.1584,4.00,1.00
2009.05.19 07:44:24.409,1.1581,1.1585,4.00,4.40
2009.05.19 07:44:31.787,1.1581,1.1584,4.00,1.00
2009.05.19 07:44:35.866,1.1581,1.1585,4.00,4.00
2009.05.19 07:44:36.046,1.1581,1.1585,4.00,1.00
2009.05.19 07:44:36.336,1.1581,1.1585,4.00,4.40
2009.05.19 07:44:37.815,1.1581,1.1584,4.00,1.00
2009.05.19 07:44:45.743,1.158,1.1584,4.20,4.00
2009.05.19 07:44:45.923,1.158,1.1584,4.00,4.00
2009.05.19 07:44:47.393,1.158,1.1584,4.00,8.80
2009.05.19 07:44:47.503,1.158,1.1584,4.00,15.60
2009.05.19 07:44:47.563,1.158,1.1583,2.20,4.00
2009.05.19 07:44:54.082,1.1579,1.1582,2.20,4.40
2009.05.19 07:44:54.711,1.1579,1.1581,2.20,4.00
2009.05.19 07:44:57.860,1.1579,1.1581,5.40,4.00
2009.05.19 07:44:58.101,1.1579,1.1581,2.20,4.00
2009.05.19 07:45:01.520,1.1579,1.1581,2.20,5.60
2009.05.19 07:45:01.810,1.1579,1.15805,2.20,1.60
2009.05.19 07:45:03.739,1.1578,1.158,8.60,4.00
2009.05.19 07:45:03.909,1.1578,1.15805,2.20,5.00
2009.05.19 07:45:04.569,1.1578,1.158,2.20,4.00
2009.05.19 07:45:07.138,1.1578,1.1582,2.20,14.20
2009.05.19 07:45:07.438,1.1578,1.15815,2.20,4.00
2009.05.19 07:45:18.286,1.1578,1.15815,2.20,9.20
2009.05.19 07:45:18.746,1.1578,1.1581,2.20,4.00
2009.05.19 07:45:19.155,1.1578,1.15815,2.20,9.20
2009.05.19 07:45:20.825,1.1578,1.1581,2.20,4.00
2009.05.19 07:45:21.345,1.1578,1.15815,2.20,9.20
2009.05.19 07:45:22.485,1.1578,1.1581,2.20,4.00
2009.05.19 07:45:36.601,1.1578,1.15815,2.20,9.20
2009.05.19 07:45:37.181,1.15785,1.15815,2.20,9.20
2009.05.19 07:45:37.751,1.1578,1.15815,2.20,9.20
2009.05.19 07:45:37.991,1.15785,1.15815,2.20,9.20
2009.05.19 07:45:38.281,1.1578,1.15815,2.20,9.20
2009.05.19 07:45:38.891,1.1578,1.1581,2.20,4.00
2009.05.19 07:45:40.661,1.1578,1.15815,2.20,9.20
2009.05.19 07:45:41.940,1.1578,1.1581,2.20,4.00
2009.05.19 07:45:46.019,1.1579,1.1582,2.20,4.00
2009.05.19 07:46:02.555,1.1578,1.15815,2.20,4.00
2009.05.19 07:46:04.145,1.1578,1.15815,2.20,4.40
2009.05.19 07:46:04.384,1.15785,1.15815,2.20,4.40
2009.05.19 07:46:05.484,1.1578,1.15815,2.20,4.40
2009.05.19 07:46:08.274,1.1578,1.158,2.20,1.00
2009.05.19 07:46:08.634,1.1578,1.15805,2.20,4.40
2009.05.19 07:46:09.024,1.15775,1.15805,2.20,5.60
2009.05.19 07:46:09.973,1.1578,1.158,2.20,4.00
2009.05.19 07:46:19.221,1.1579,1.15825,2.20,4.00
2009.05.19 07:46:19.721,1.158,1.15835,1.00,5.00
2009.05.19 07:46:20.181,1.1579,1.15845,4.00,12.40
2009.05.19 07:46:22.080,1.158,1.1584,2.40,12.40
2009.05.19 07:46:22.360,1.158,1.1584,4.00,12.40
2009.05.19 07:46:22.600,1.158,1.1584,3.20,12.40
2009.05.19 07:46:22.840,1.158,1.1584,1.60,12.40
2009.05.19 07:46:23.240,1.158,1.1584,1.00,12.40
2009.05.19 07:46:23.470,1.158,1.1584,4.00,12.40
2009.05.19 07:46:23.820,1.158,1.1584,1.60,9.20
2009.05.19 07:46:24.210,1.158,1.1584,4.00,9.20
2009.05.19 07:46:24.510,1.158,1.1584,2.40,9.20
2009.05.19 07:46:25.150,1.158,1.1584,4.00,9.20
2009.05.19 07:46:26.089,1.158,1.1584,4.00,5.40
2009.05.19 07:46:26.310,1.1581,1.15845,4.00,5.00
2009.05.19 07:46:40.876,1.1581,1.15845,3.20,5.00
2009.05.19 07:46:41.336,1.158,1.15845,4.00,5.00
2009.05.19 07:46:43.775,1.1581,1.15845,1.00,5.00
2009.05.19 07:46:44.055,1.1581,1.15845,4.00,5.00
2009.05.19 07:46:44.995,1.1581,1.15845,3.20,5.00
2009.05.19 07:46:45.335,1.158,1.15845,4.00,5.00
2009.05.19 07:46:45.724,1.1581,1.15845,2.40,5.00
2009.05.19 07:46:46.065,1.1581,1.15845,4.00,5.00
2009.05.19 07:46:47.524,1.1581,1.15845,1.60,5.00
2009.05.19 07:46:47.824,1.158,1.15845,4.00,5.00
2009.05.19 07:46:48.514,1.1581,1.15845,1.00,5.00
2009.05.19 07:46:48.744,1.1581,1.15845,4.00,5.00
2009.05.19 07:47:00.441,1.158,1.15845,1.00,5.40
2009.05.19 07:47:00.671,1.1581,1.15845,1.00,5.40
2009.05.19 07:47:00.971,1.1581,1.15845,4.00,5.40
2009.05.19 07:47:02.371,1.1581,1.15845,4.00,5.00
2009.05.19 07:47:03.400,1.1581,1.15845,4.00,5.40
2009.05.19 07:47:05.390,1.1581,1.1584,1.00,4.40
2009.05.19 07:47:05.630,1.158,1.1584,2.40,9.60
2009.05.19 07:47:05.870,1.158,1.1584,4.00,9.60
2009.05.19 07:47:06.280,1.158,1.1584,3.20,9.20
2009.05.19 07:47:06.639,1.1579,1.1584,4.00,9.20
2009.05.19 07:47:10.929,1.158,1.1584,1.00,9.20
2009.05.19 07:47:11.228,1.158,1.1584,4.00,9.20
2009.05.19 07:47:12.038,1.158,1.15845,4.00,5.40
2009.05.19 07:47:13.998,1.1581,1.15845,1.00,5.40
2009.05.19 07:47:14.397,1.1581,1.15845,4.00,5.40
2009.05.19 07:47:14.977,1.1581,1.15845,4.00,5.00
2009.05.19 07:47:26.935,1.1581,1.15845,5.80,5.00
2009.05.19 07:47:27.405,1.1581,1.1585,3.40,9.20
2009.05.19 07:47:27.734,1.1581,1.15855,5.00,5.40
2009.05.19 07:47:28.134,1.1581,1.15855,1.20,5.40
2009.05.19 07:47:28.374,1.1579,1.15855,2.00,5.40
2009.05.19 07:47:28.774,1.15795,1.1585,4.00,9.20
2009.05.19 07:47:29.764,1.1581,1.1585,1.00,9.20
2009.05.19 07:47:30.034,1.1581,1.1585,1.20,9.20
2009.05.19 07:47:30.474,1.1581,1.1585,3.60,9.20
2009.05.19 07:47:30.704,1.1581,1.1585,4.80,5.00
2009.05.19 07:47:31.054,1.1579,1.15855,2.00,5.00
2009.05.19 07:47:34.383,1.1579,1.1584,6.20,1.00
2009.05.19 07:47:34.553,1.15795,1.1584,2.80,1.00
2009.05.19 07:47:34.893,1.158,1.1584,1.00,1.00
2009.05.19 07:47:36.712,1.1581,1.1583,1.20,1.00
2009.05.19 07:47:37.172,1.1582,1.15865,1.00,5.00
2009.05.19 07:47:37.912,1.1582,1.15865,1.60,5.00
2009.05.19 07:47:38.202,1.1582,1.15855,3.20,5.00
2009.05.19 07:47:38.422,1.1582,1.15855,1.60,5.00
2009.05.19 07:47:38.662,1.1581,1.15855,5.20,5.00
2009.05.19 07:47:47.970,1.1581,1.15855,4.00,5.00
2009.05.19 07:47:52.089,1.1581,1.1585,4.00,5.40
2009.05.19 07:47:52.618,1.1581,1.15825,4.00,4.00
2009.05.19 07:47:52.899,1.15775,1.15825,2.80,4.00
2009.05.19 07:47:53.518,1.1578,1.1583,2.20,4.00
2009.05.19 07:47:54.148,1.1579,1.15825,5.00,9.20
2009.05.19 07:47:54.558,1.158,1.1583,1.00,1.00
2009.05.19 07:47:54.778,1.158,1.15855,4.00,9.20
2009.05.19 07:47:56.147,1.1581,1.15845,1.00,5.00
2009.05.19 07:47:56.428,1.1581,1.15845,2.40,5.00
2009.05.19 07:47:56.598,1.1581,1.15845,4.00,5.00
2009.05.19 07:48:05.165,1.1581,1.1584,3.20,4.00
2009.05.19 07:48:05.515,1.1581,1.1584,3.20,9.20
2009.05.19 07:48:05.575,1.1581,1.1584,1.60,9.20
2009.05.19 07:48:05.865,1.158,1.1584,4.00,9.20
2009.05.19 07:48:06.965,1.158,1.1584,4.00,5.00
2009.05.19 07:48:07.255,1.1581,1.1585,2.40,8.60
2009.05.19 07:48:07.485,1.1581,1.15845,4.00,1.00
2009.05.19 07:48:08.744,1.158,1.15845,4.40,1.00
2009.05.19 07:48:09.024,1.158,1.15845,2.80,1.00
2009.05.19 07:48:09.144,1.158,1.15845,9.80,1.00
2009.05.19 07:48:09.484,1.1581,1.15845,1.00,1.00
2009.05.19 07:48:09.754,1.1581,1.15845,4.00,1.00
2009.05.19 07:48:10.104,1.15815,1.15845,1.60,1.00
2009.05.19 07:48:10.284,1.15815,1.15865,2.80,3.60
2009.05.19 07:48:10.404,1.15825,1.15865,2.40,3.60
2009.05.19 07:48:10.584,1.15835,1.15865,1.00,1.00
2009.05.19 07:48:11.115,1.15835,1.15875,4.00,1.20
2009.05.19 07:48:11.504,1.1585,1.1587,1.00,1.20
2009.05.19 07:48:11.734,1.1585,1.1587,2.40,1.20
2009.05.19 07:48:12.194,1.1585,1.1587,4.00,1.20
2009.05.19 07:48:13.004,1.1585,1.1587,4.00,1.60
2009.05.19 07:48:18.822,1.1585,1.1587,5.20,1.60
2009.05.19 07:48:20.402,1.1585,1.1587,2.20,4.00
2009.05.19 07:48:21.433,1.15845,1.1587,6.40,4.00
2009.05.19 07:48:21.712,1.15825,1.1587,4.00,10.80
2009.05.19 07:48:22.112,1.15815,1.15855,5.40,4.00
2009.05.19 07:48:22.521,1.15815,1.15855,2.20,4.00
2009.05.19 07:48:23.801,1.1582,1.1585,3.80,4.00
2009.05.19 07:48:24.151,1.1583,1.1586,2.40,4.00
2009.05.19 07:48:24.381,1.1583,1.15855,4.00,4.00
2009.05.19 07:48:25.941,1.1583,1.1586,4.00,1.00
2009.05.19 07:48:26.120,1.1583,1.15855,4.00,4.00
2009.05.19 07:48:27.320,1.1583,1.15855,4.00,9.20
2009.05.19 07:48:27.610,1.15805,1.15855,2.60,5.00
2009.05.19 07:48:27.890,1.15805,1.1585,4.20,5.00
2009.05.19 07:48:28.130,1.15805,1.1585,5.80,5.00
2009.05.19 07:48:30.909,1.1581,1.1585,6.00,5.00
2009.05.19 07:48:31.079,1.1582,1.15855,2.40,5.00
2009.05.19 07:48:31.729,1.1582,1.15855,4.00,5.00
2009.05.19 07:48:34.388,1.1582,1.1583,4.00,1.00
2009.05.19 07:48:36.478,1.1582,1.15865,4.00,5.00
2009.05.19 07:48:42.157,1.15835,1.15855,1.00,5.00
2009.05.19 07:48:42.496,1.15825,1.15855,1.20,5.00
2009.05.19 07:48:42.886,1.15825,1.1585,1.20,4.00
2009.05.19 07:48:43.057,1.1583,1.1586,2.20,4.00
2009.05.19 07:48:51.594,1.1584,1.1586,1.00,4.00
2009.05.19 07:48:51.954,1.1584,1.1586,1.00,4.00
2009.05.19 07:48:53.364,1.1583,1.1586,2.20,4.00
2009.05.19 07:49:02.961,1.1582,1.1587,3.80,14.60
2009.05.19 07:49:03.301,1.1582,1.1587,2.20,14.60
2009.05.19 07:49:04.681,1.1582,1.1586,2.20,1.00
2009.05.19 07:49:04.971,1.1582,1.1585,2.20,4.00
2009.05.19 07:49:15.828,1.15815,1.1584,3.00,4.00
2009.05.19 07:49:16.068,1.1581,1.1584,4.60,4.00
2009.05.19 07:49:16.188,1.1581,1.1583,4.60,1.00
2009.05.19 07:49:16.478,1.15815,1.15825,6.40,4.00
2009.05.19 07:49:16.648,1.15815,1.15825,2.40,4.00
2009.05.19 07:49:17.318,1.1578,1.1582,2.20,4.00
2009.05.19 07:49:28.016,1.158,1.1582,1.60,4.00
2009.05.19 07:49:28.355,1.1579,1.1582,5.40,4.00
2009.05.19 07:49:28.535,1.1579,1.1582,2.20,4.00
2009.05.19 07:49:30.665,1.158,1.15825,2.20,4.40
2009.05.19 07:49:30.955,1.1579,1.1582,2.20,4.00
2009.05.19 07:49:32.994,1.158,1.1582,2.20,4.00
2009.05.19 07:49:37.893,1.1579,1.1582,4.60,4.00
2009.05.19 07:49:38.053,1.158,1.1582,2.20,4.00
2009.05.19 07:49:38.393,1.1579,1.15815,4.60,4.00
2009.05.19 07:49:38.563,1.15795,1.15815,2.20,4.00
2009.05.19 07:49:38.743,1.1579,1.1582,4.60,5.60
2009.05.19 07:49:39.033,1.1579,1.1581,2.20,4.00
2009.05.19 07:49:39.153,1.1579,1.1581,2.20,1.00
2009.05.19 07:49:40.082,1.1579,1.1582,2.20,5.60
2009.05.19 07:49:40.362,1.15785,1.1581,2.20,4.00
2009.05.19 07:49:40.632,1.1579,1.15805,2.20,3.20
2009.05.19 07:49:40.812,1.1579,1.15805,2.20,5.60
2009.05.19 07:49:41.382,1.1579,1.158,2.20,1.00
2009.05.19 07:49:46.071,1.1579,1.158,3.00,1.00
2009.05.19 07:49:46.481,1.1579,1.158,4.60,1.00
2009.05.19 07:49:47.161,1.1579,1.1581,2.20,4.00
2009.05.19 07:49:47.691,1.1579,1.1582,3.80,8.20
2009.05.19 07:49:48.051,1.1579,1.1582,3.80,4.00
2009.05.19 07:49:48.830,1.158,1.1582,2.20,1.00
2009.05.19 07:50:01.877,1.158,1.1583,2.20,5.60
2009.05.19 07:50:04.227,1.1579,1.1582,2.20,4.00
2009.05.19 07:50:06.456,1.158,1.1582,2.20,4.00
2009.05.19 07:50:09.325,1.1581,1.1582,1.20,4.00
2009.05.19 07:50:11.925,1.1581,1.1583,1.20,5.60
2009.05.19 07:50:12.165,1.1582,1.1583,1.00,4.00
2009.05.19 07:50:12.395,1.1582,1.15865,4.00,10.60
2009.05.19 07:50:12.625,1.1582,1.15865,4.00,6.80
2009.05.19 07:50:12.855,1.1583,1.15865,1.00,6.80
2009.05.19 07:50:13.065,1.1583,1.15865,3.20,3.60
2009.05.19 07:50:13.564,1.1583,1.15855,4.00,3.60
2009.05.19 07:50:22.492,1.1583,1.1586,3.20,6.80
2009.05.19 07:50:22.832,1.1582,1.1586,4.00,6.80
2009.05.19 07:50:23.652,1.1583,1.1586,1.00,6.80
2009.05.19 07:50:23.882,1.1583,1.1586,3.20,6.80
2009.05.19 07:50:24.172,1.1582,1.1586,4.00,6.80
2009.05.19 07:50:25.621,1.1582,1.1585,4.00,1.60
2009.05.19 07:50:25.841,1.1582,1.1583,4.00,1.60
2009.05.19 07:50:26.002,1.1582,1.1583,3.20,2.00
2009.05.19 07:50:26.231,1.1582,1.1584,1.00,3.20
2009.05.19 07:50:26.452,1.1582,1.15855,1.60,8.80
2009.05.19 07:50:26.671,1.1581,1.15855,5.20,8.80
2009.05.19 07:50:31.450,1.1581,1.1585,4.60,8.80
2009.05.19 07:50:31.620,1.1581,1.1585,4.00,9.20
2009.05.19 07:50:32.480,1.1581,1.15845,3.20,5.80
2009.05.19 07:50:32.930,1.1581,1.15845,1.00,5.40
2009.05.19 07:50:33.270,1.1581,1.1584,3.20,1.00
2009.05.19 07:50:33.500,1.1579,1.15845,3.40,5.80
2009.05.19 07:50:33.850,1.15805,1.1585,1.00,7.00
2009.05.19 07:50:34.029,1.15805,1.1585,2.40,5.40
2009.05.19 07:50:34.249,1.15805,1.1585,4.00,5.40
2009.05.19 07:50:35.839,1.1581,1.1585,4.00,9.60
2009.05.19 07:50:45.087,1.1581,1.1585,5.20,9.60
2009.05.19 07:50:45.267,1.15815,1.1585,2.20,4.40
2009.05.19 07:50:46.919,1.15815,1.15845,2.20,4.00
2009.05.19 07:50:47.216,1.15815,1.15835,2.20,1.20
2009.05.19 07:50:47.726,1.15805,1.15825,3.00,1.60
2009.05.19 07:50:48.116,1.1581,1.15825,2.40,4.00
2009.05.19 07:50:48.587,1.15785,1.1582,4.60,4.00
2009.05.19 07:50:51.276,1.1579,1.1582,3.60,4.00
2009.05.19 07:50:51.516,1.1579,1.1582,3.60,4.00
2009.05.19 07:50:55.694,1.1579,1.15805,2.20,1.00
2009.05.19 07:50:55.984,1.15785,1.158,7.40,1.00
2009.05.19 07:50:56.204,1.1578,1.158,3.20,1.00
2009.05.19 07:50:56.564,1.15755,1.15795,3.20,4.00
2009.05.19 07:50:56.924,1.15755,1.1579,1.60,4.00
2009.05.19 07:50:57.904,1.1576,1.1579,1.00,4.00
2009.05.19 07:50:58.083,1.1575,1.1579,4.00,5.60
2009.05.19 07:50:58.244,1.1575,1.1578,1.60,4.00
2009.05.19 07:50:58.534,1.1573,1.1577,3.40,1.00
2009.05.19 07:50:58.703,1.1573,1.15775,3.00,4.40
2009.05.19 07:50:58.984,1.1573,1.1577,2.20,4.00
2009.05.19 07:50:59.323,1.15735,1.15775,2.20,4.00
2009.05.19 07:50:59.723,1.15735,1.1577,3.40,1.00
2009.05.19 07:51:00.683,1.1574,1.1577,2.20,4.00
2009.05.19 07:51:01.023,1.1575,1.1578,4.00,5.00
2009.05.19 07:51:01.303,1.1575,1.1579,4.00,12.60
2009.05.19 07:51:01.483,1.1574,1.1579,5.80,9.20
2009.05.19 07:51:01.653,1.1574,1.1579,4.20,9.20
2009.05.19 07:51:01.943,1.1574,1.1579,2.60,9.20
2009.05.19 07:51:03.852,1.1575,1.1579,1.60,9.20
2009.05.19 07:51:04.262,1.1576,1.1579,2.40,9.20
2009.05.19 07:51:04.542,1.1576,1.1579,2.40,5.00
2009.05.19 07:51:04.932,1.1576,1.15825,3.60,8.80
2009.05.19 07:51:05.232,1.1576,1.15825,3.60,5.00
2009.05.19 07:51:06.112,1.15765,1.1582,4.80,11.00
2009.05.19 07:51:06.332,1.15765,1.15805,3.20,1.00
2009.05.19 07:51:06.502,1.1577,1.15805,5.20,1.00
2009.05.19 07:51:06.731,1.15765,1.15805,3.60,1.00
2009.05.19 07:51:07.122,1.1577,1.15805,2.20,4.00
2009.05.19 07:51:07.361,1.1577,1.15805,5.20,4.40
2009.05.19 07:51:08.051,1.15765,1.15805,2.40,4.80
2009.05.19 07:51:08.411,1.1577,1.15795,2.20,1.60
2009.05.19 07:51:08.811,1.1577,1.15805,2.20,4.40
2009.05.19 07:51:09.501,1.1577,1.158,5.20,1.00
2009.05.19 07:51:10.300,1.1577,1.15805,2.20,4.40
2009.05.19 07:51:11.100,1.1577,1.158,5.20,1.00
2009.05.19 07:51:18.179,1.1577,1.1581,5.20,4.40
2009.05.19 07:51:23.877,1.1577,1.158,5.20,1.00
2009.05.19 07:51:26.097,1.1577,1.1579,5.20,4.00
2009.05.19 07:51:26.337,1.1576,1.1579,8.20,4.00
2009.05.19 07:51:26.697,1.1577,1.15795,2.00,4.00
2009.05.19 07:51:27.037,1.1577,1.158,5.20,1.00
2009.05.19 07:51:36.904,1.15775,1.1581,2.20,4.00
2009.05.19 07:51:37.424,1.15775,1.15805,2.20,4.00
2009.05.19 07:51:38.054,1.1578,1.15825,2.40,4.00
2009.05.19 07:51:38.294,1.1578,1.15825,4.00,4.00
2009.05.19 07:51:38.524,1.1577,1.15825,5.40,4.00
2009.05.19 07:51:38.694,1.1577,1.15825,2.20,4.00
2009.05.19 07:51:39.664,1.15785,1.1582,1.00,4.00
2009.05.19 07:51:39.954,1.15785,1.1582,1.00,4.00
2009.05.19 07:51:40.244,1.1578,1.15815,2.80,4.00
2009.05.19 07:51:40.584,1.15785,1.15815,1.00,4.00
2009.05.19 07:51:41.153,1.1579,1.15815,1.00,4.00
2009.05.19 07:51:41.433,1.1579,1.15815,1.20,4.00
2009.05.19 07:51:42.333,1.15795,1.15815,1.00,4.00
2009.05.19 07:51:42.713,1.15805,1.1585,1.00,3.80
2009.05.19 07:51:42.993,1.15805,1.1585,3.20,7.20
2009.05.19 07:51:43.283,1.15805,1.1585,1.60,13.00
2009.05.19 07:51:43.693,1.15785,1.1584,1.40,13.00
2009.05.19 07:51:44.473,1.15795,1.1584,1.00,13.00
2009.05.19 07:51:44.713,1.158,1.1584,1.00,3.60
2009.05.19 07:51:45.062,1.158,1.1584,4.00,3.60
2009.05.19 07:51:46.332,1.158,1.1584,4.60,3.60
2009.05.19 07:51:50.761,1.158,1.1584,4.00,3.60
2009.05.19 07:52:04.018,1.158,1.15845,4.60,8.80
2009.05.19 07:52:05.008,1.158,1.15845,1.60,8.80
2009.05.19 07:52:05.187,1.1581,1.1584,2.20,4.00
2009.05.19 07:52:20.634,1.1581,1.1586,2.20,4.40
2009.05.19 07:52:20.804,1.1582,1.1586,2.40,4.00
2009.05.19 07:52:20.913,1.1582,1.1586,4.00,4.00
2009.05.19 07:52:21.193,1.1581,1.15845,5.40,4.00
2009.05.19 07:52:21.364,1.1581,1.15845,3.80,4.00
2009.05.19 07:52:21.543,1.1581,1.15845,2.20,4.00
2009.05.19 07:52:21.714,1.1581,1.15855,3.80,1.00
2009.05.19 07:52:21.993,1.1582,1.15865,4.00,12.60
2009.05.19 07:52:22.173,1.1582,1.15865,4.00,11.00
2009.05.19 07:52:23.023,1.1583,1.1586,1.20,11.00
2009.05.19 07:52:23.193,1.1583,1.1586,1.20,7.80
2009.05.19 07:52:23.963,1.1583,1.1586,1.20,4.00
2009.05.19 07:52:25.723,1.1583,1.1586,1.20,7.80
2009.05.19 07:52:26.012,1.1582,1.1586,4.00,7.80
2009.05.19 07:52:32.141,1.1582,1.1586,2.40,7.80
2009.05.19 07:52:32.371,1.1582,1.1586,1.00,7.80
2009.05.19 07:52:32.891,1.1582,1.1585,1.00,1.00
2009.05.19 07:52:35.360,1.1581,1.1584,2.20,4.00
2009.05.19 07:52:36.120,1.1582,1.1584,2.40,4.00
2009.05.19 07:52:36.290,1.1581,1.1584,2.20,4.00
2009.05.19 07:52:56.875,1.1581,1.1584,2.20,4.40
2009.05.19 07:52:57.585,1.1581,1.1584,2.20,4.00
2009.05.19 07:52:58.595,1.1581,1.1583,2.20,1.60
2009.05.19 07:52:58.764,1.1581,1.15845,2.20,4.00
2009.05.19 07:52:59.774,1.1581,1.15845,2.20,4.40
2009.05.19 07:53:00.734,1.1581,1.1584,2.20,4.00
2009.05.19 07:53:00.974,1.1581,1.1584,2.20,4.40
2009.05.19 07:53:01.374,1.1581,1.1584,2.20,4.00
2009.05.19 07:53:09.532,1.1581,1.1584,2.20,4.40
2009.05.19 07:53:10.272,1.1581,1.1583,2.20,1.20
2009.05.19 07:53:10.772,1.158,1.15825,3.80,4.00
2009.05.19 07:53:11.112,1.158,1.1582,3.60,1.00
2009.05.19 07:53:11.351,1.1579,1.1582,3.00,4.00
2009.05.19 07:53:11.641,1.1579,1.1582,4.60,4.00
2009.05.19 07:53:11.862,1.158,1.1582,2.20,4.00
2009.05.19 07:53:12.161,1.15795,1.15815,2.20,4.00
2009.05.19 07:53:12.721,1.15795,1.15815,2.20,4.80
2009.05.19 07:53:14.011,1.15795,1.1582,5.60,4.00
2009.05.19 07:53:14.181,1.1576,1.1582,2.60,4.00
2009.05.19 07:53:14.341,1.1576,1.1582,4.20,4.00
2009.05.19 07:53:14.511,1.1577,1.15815,2.20,4.00
2009.05.19 07:53:27.648,1.1578,1.15805,2.20,1.00
2009.05.19 07:53:28.159,1.1578,1.15795,5.00,1.00
2009.05.19 07:53:28.498,1.1576,1.15795,4.60,4.00
2009.05.19 07:53:28.797,1.15755,1.15795,9.20,4.00
2009.05.19 07:53:29.017,1.15755,1.15785,4.60,4.00
2009.05.19 07:53:29.597,1.1576,1.1578,2.20,4.00
2009.05.19 07:53:34.596,1.15755,1.1578,9.80,4.00
2009.05.19 07:53:34.876,1.15735,1.1578,1.20,4.00
2009.05.19 07:53:35.616,1.1573,1.1578,2.60,4.00
2009.05.19 07:53:37.585,1.1573,1.1578,4.80,4.00
2009.05.19 07:53:55.071,1.15735,1.1578,2.60,4.00
2009.05.19 07:53:58.410,1.1574,1.15775,2.20,4.00
2009.05.19 07:53:58.640,1.15745,1.1578,2.20,4.00
2009.05.19 07:53:59.110,1.1574,1.15775,2.20,4.00
2009.05.19 07:54:01.789,1.15735,1.1578,2.60,4.00
2009.05.19 07:54:12.287,1.15745,1.1578,2.20,4.00
2009.05.19 07:54:19.905,1.1575,1.1577,2.20,1.00
2009.05.19 07:54:21.665,1.15745,1.15775,2.20,4.40
2009.05.19 07:54:22.295,1.15745,1.15775,2.20,4.60
2009.05.19 07:54:22.624,1.1574,1.1577,2.20,4.40
2009.05.19 07:54:22.854,1.1573,1.1576,4.80,1.00
2009.05.19 07:54:23.194,1.15735,1.1576,2.20,1.00
2009.05.19 07:54:23.894,1.1573,1.1575,2.20,4.00
2009.05.19 07:54:25.513,1.15735,1.15755,2.20,2.40
2009.05.19 07:54:25.803,1.15735,1.1576,2.20,1.00
2009.05.19 07:54:28.753,1.15735,1.15765,2.20,4.40
2009.05.19 07:54:30.582,1.15735,1.15765,2.20,4.00
2009.05.19 07:54:30.862,1.1573,1.1577,4.80,1.00
2009.05.19 07:54:31.162,1.1573,1.1578,4.80,4.00
2009.05.19 07:54:39.860,1.1574,1.1577,2.20,1.00
2009.05.19 07:54:40.080,1.1573,1.1577,4.80,1.00
2009.05.19 07:54:40.550,1.1574,1.15775,2.20,4.40
2009.05.19 07:54:40.780,1.1574,1.15775,2.20,4.00
2009.05.19 07:54:41.360,1.15735,1.1577,3.00,4.00
2009.05.19 07:54:42.989,1.1574,1.1578,4.00,4.00
2009.05.19 07:54:46.668,1.1573,1.1578,8.00,4.00
2009.05.19 07:54:46.888,1.1573,1.1578,6.40,4.00
2009.05.19 07:54:47.118,1.1573,1.1578,4.80,4.00
2009.05.19 07:54:59.006,1.1573,1.1577,4.80,1.00
2009.05.19 07:54:59.356,1.1573,1.1577,4.80,2.00
2009.05.19 07:54:59.865,1.1573,1.1577,4.80,2.40
2009.05.19 07:55:06.824,1.1573,1.1577,4.80,2.00
2009.05.19 07:55:08.783,1.1573,1.1577,4.80,2.40
2009.05.19 07:55:09.493,1.1573,1.15755,2.20,4.00
2009.05.19 07:55:09.793,1.15735,1.1576,2.20,1.00
2009.05.19 07:55:10.083,1.15735,1.15765,2.20,1.60
2009.05.19 07:55:10.353,1.1573,1.15755,2.20,4.00
2009.05.19 07:55:12.162,1.1572,1.1575,2.20,4.00
2009.05.19 07:55:13.162,1.1572,1.15735,2.20,1.00
2009.05.19 07:55:13.622,1.1572,1.1573,2.20,1.00
2009.05.19 07:55:13.902,1.1571,1.15725,2.20,1.00
2009.05.19 07:55:16.641,1.1571,1.1572,2.20,1.00
2009.05.19 07:55:17.891,1.1571,1.1572,2.20,1.00
2009.05.19 07:55:25.259,1.157,1.1572,2.20,1.00
2009.05.19 07:55:25.620,1.15695,1.1572,2.20,4.40
2009.05.19 07:55:26.129,1.15695,1.1572,2.20,5.60
2009.05.19 07:55:26.419,1.15695,1.1572,2.20,8.80
2009.05.19 07:55:28.128,1.1569,1.1571,2.20,4.00
2009.05.19 07:55:28.798,1.1568,1.1571,3.00,4.00
2009.05.19 07:55:29.248,1.1568,1.157,2.20,4.00
2009.05.19 07:55:29.538,1.1568,1.1571,2.20,4.00
2009.05.19 07:55:29.928,1.1568,1.157,2.20,4.00
2009.05.19 07:55:30.628,1.1567,1.157,2.20,4.00
2009.05.19 07:55:32.078,1.1568,1.1571,2.20,4.00
2009.05.19 07:55:32.647,1.1568,1.157,2.20,1.00
2009.05.19 07:55:33.057,1.1567,1.157,2.20,4.00
2009.05.19 07:55:47.634,1.1568,1.157,2.20,4.00
2009.05.19 07:55:49.024,1.1568,1.1571,2.20,7.20
2009.05.19 07:55:49.204,1.1568,1.1571,2.20,4.00
2009.05.19 07:55:50.553,1.1567,1.15705,2.20,4.00
2009.05.19 07:56:02.061,1.1568,1.15705,1.00,4.00
2009.05.19 07:56:02.300,1.1568,1.15705,1.20,4.00
2009.05.19 07:56:02.870,1.15675,1.1571,3.00,4.00
2009.05.19 07:56:03.210,1.15675,1.1571,2.20,4.00
2009.05.19 07:56:04.070,1.1568,1.15705,1.00,4.00
2009.05.19 07:56:04.360,1.1568,1.15705,1.00,4.00
2009.05.19 07:56:04.650,1.15675,1.1571,2.80,4.00
2009.05.19 07:56:05.519,1.15675,1.1571,3.00,4.00
2009.05.19 07:56:05.749,1.15675,1.1571,3.00,4.00
2009.05.19 07:56:06.100,1.15675,1.1571,3.00,4.00
2009.05.19 07:56:06.379,1.15675,1.1571,2.80,4.00
2009.05.19 07:56:06.729,1.15675,1.1571,2.40,4.00
2009.05.19 07:56:06.959,1.15675,1.1571,2.20,4.00
2009.05.19 07:56:07.569,1.1567,1.15705,2.20,4.00
2009.05.19 07:56:08.809,1.1567,1.15705,2.20,4.40
2009.05.19 07:56:09.269,1.1567,1.157,2.20,4.00
2009.05.19 07:56:13.338,1.15675,1.1571,2.20,4.00
2009.05.19 07:56:13.617,1.1567,1.15705,2.20,4.00
2009.05.19 07:56:14.607,1.1567,1.157,2.20,4.00
2009.05.19 07:56:23.665,1.1567,1.15705,2.20,4.00
2009.05.19 07:56:24.025,1.1568,1.15705,1.20,4.00
2009.05.19 07:56:24.375,1.15675,1.1571,2.80,4.00
2009.05.19 07:56:26.095,1.15675,1.1571,3.00,4.00
2009.05.19 07:56:26.544,1.15675,1.1571,3.00,4.00
2009.05.19 07:56:31.143,1.15675,1.1571,2.80,4.00
2009.05.19 07:56:37.672,1.1568,1.157,1.00,4.00
2009.05.19 07:56:38.072,1.1567,1.157,2.20,4.00
2009.05.19 07:56:41.501,1.1567,1.157,1.40,4.00
2009.05.19 07:56:41.841,1.1567,1.157,1.00,4.00
2009.05.19 07:56:42.121,1.1567,1.157,1.40,4.00
2009.05.19 07:56:42.410,1.1567,1.1571,1.40,9.20
2009.05.19 07:56:42.760,1.1567,1.1571,1.20,9.20
2009.05.19 07:56:47.239,1.15685,1.1571,1.60,9.20
2009.05.19 07:56:47.759,1.15665,1.1571,1.20,9.20
2009.05.19 07:56:48.679,1.15665,1.1571,1.20,4.00
2009.05.19 07:56:50.439,1.1566,1.1569,2.20,1.60
2009.05.19 07:56:50.828,1.1565,1.15685,2.20,2.00
2009.05.19 07:56:51.289,1.1565,1.1569,4.80,1.60
2009.05.19 07:56:51.532,1.1565,1.1568,2.20,1.60
2009.05.19 07:56:51.828,1.1565,1.15675,2.20,2.00
2009.05.19 07:56:55.527,1.1566,1.15675,2.20,1.60
2009.05.19 07:56:55.857,1.1566,1.1568,2.20,2.40
2009.05.19 07:56:56.257,1.1566,1.1569,2.20,1.00
2009.05.19 07:56:59.007,1.1566,1.15695,2.20,9.20
2009.05.19 07:56:59.826,1.1566,1.1567,2.20,1.20
2009.05.19 07:57:00.306,1.1565,1.15685,2.20,2.00
2009.05.19 07:57:00.656,1.1565,1.1568,2.20,4.00
2009.05.19 07:57:04.755,1.1564,1.1567,15.20,4.00
2009.05.19 07:57:05.215,1.1564,1.1567,2.20,4.00
2009.05.19 07:57:15.683,1.1564,1.1566,2.20,4.00
2009.05.19 07:57:15.863,1.1564,1.1566,1.60,4.00
2009.05.19 07:57:16.322,1.15635,1.1566,2.00,4.00
2009.05.19 07:57:16.712,1.1563,1.1566,2.80,4.00
2009.05.19 07:57:18.592,1.1563,1.1566,2.40,4.00
2009.05.19 07:57:19.232,1.1563,1.1566,2.00,4.00
2009.05.19 07:57:19.631,1.1563,1.1566,2.40,4.00
2009.05.19 07:57:19.912,1.1563,1.1566,2.20,4.00
2009.05.19 07:57:22.641,1.1563,1.1566,1.80,4.00
2009.05.19 07:57:22.991,1.1563,1.1565,2.40,4.00
2009.05.19 07:57:24.400,1.1563,1.1565,2.80,4.00
2009.05.19 07:57:25.890,1.1564,1.1565,1.00,4.00
2009.05.19 07:57:26.230,1.1563,1.1565,2.80,4.00
2009.05.19 07:57:26.740,1.1563,1.1565,2.40,4.00
2009.05.19 07:57:31.329,1.1563,1.1565,2.60,4.00
2009.05.19 07:57:31.729,1.1563,1.1565,2.80,4.00
2009.05.19 07:57:32.309,1.1563,1.1565,2.40,4.00
2009.05.19 07:57:34.668,1.1563,1.1565,2.40,4.00
2009.05.19 07:57:34.838,1.1563,1.1565,2.20,4.00
2009.05.19 07:57:35.218,1.1563,1.1565,2.40,4.00
2009.05.19 07:57:36.307,1.1563,1.1565,2.80,4.00
2009.05.19 07:57:36.647,1.1563,1.1565,2.40,4.00
2009.05.19 07:57:37.337,1.1563,1.15635,2.40,4.00
2009.05.19 07:57:38.017,1.1563,1.15635,2.80,4.00
2009.05.19 07:57:38.297,1.1563,1.15635,2.60,4.00
2009.05.19 07:57:38.647,1.1563,1.1564,2.40,4.80
2009.05.19 07:57:39.007,1.1563,1.1564,2.80,4.80
2009.05.19 07:57:40.547,1.15605,1.1563,2.20,4.00
2009.05.19 07:57:40.957,1.15615,1.1564,2.20,4.00
2009.05.19 07:57:41.236,1.15605,1.1563,2.20,4.00
2009.05.19 07:57:41.526,1.15625,1.1563,2.20,4.00
2009.05.19 07:57:41.856,1.15625,1.15635,3.00,1.20
2009.05.19 07:57:42.156,1.15625,1.15655,2.60,4.00
2009.05.19 07:57:42.536,1.1563,1.15655,2.80,4.00
2009.05.19 07:57:44.086,1.1563,1.1565,3.20,4.00
2009.05.19 07:57:44.545,1.1563,1.1565,2.40,4.00
2009.05.19 07:57:45.345,1.1563,1.1565,2.80,4.00
2009.05.19 07:57:48.444,1.1563,1.1565,2.20,4.00
2009.05.19 07:57:48.824,1.1563,1.1565,2.40,4.00
2009.05.19 07:57:49.294,1.1563,1.1565,2.40,4.00
2009.05.19 07:57:49.474,1.1563,1.1565,2.60,4.00
2009.05.19 07:57:49.764,1.1564,1.1565,1.00,4.00
2009.05.19 07:57:50.114,1.1563,1.1565,2.60,4.00
2009.05.19 07:57:54.273,1.1564,1.1565,1.20,4.00
2009.05.19 07:57:54.494,1.1563,1.1565,2.40,4.00
2009.05.19 07:57:56.812,1.1563,1.1565,2.60,4.00
2009.05.19 07:57:57.502,1.1564,1.1565,1.20,4.00
2009.05.19 07:57:57.902,1.1564,1.1565,1.60,4.00
2009.05.19 07:57:58.602,1.1563,1.1565,2.20,4.00
2009.05.19 07:57:59.342,1.1563,1.1565,2.80,4.00
2009.05.19 07:58:01.951,1.1562,1.1565,3.00,4.00
2009.05.19 07:58:03.602,1.1563,1.1565,2.80,4.00
2009.05.19 07:58:04.541,1.1563,1.15655,3.60,7.20
2009.05.19 07:58:04.890,1.1563,1.15675,3.60,4.00
2009.05.19 07:58:05.171,1.15635,1.1567,2.20,4.00
2009.05.19 07:58:05.470,1.1563,1.15675,3.60,9.20
2009.05.19 07:58:06.160,1.1563,1.1567,3.60,4.00
2009.05.19 07:58:07.310,1.1563,1.1567,3.40,4.00
2009.05.19 07:58:07.540,1.1563,1.1567,3.20,4.00
2009.05.19 07:58:08.240,1.1563,1.1567,3.60,4.00
2009.05.19 07:58:08.590,1.1563,1.1567,3.60,9.20
2009.05.19 07:58:10.649,1.15645,1.1567,1.00,9.20
2009.05.19 07:58:10.949,1.1563,1.1567,1.00,4.00
2009.05.19 07:58:11.219,1.15625,1.1567,3.20,4.00
2009.05.19 07:58:11.659,1.15625,1.1567,3.20,9.20
2009.05.19 07:58:11.989,1.1563,1.1567,3.60,9.20
2009.05.19 07:58:15.168,1.1563,1.1567,3.40,9.20
2009.05.19 07:58:16.368,1.1564,1.1567,1.20,4.00
2009.05.19 07:58:20.867,1.1565,1.1567,2.20,4.00
2009.05.19 07:58:21.457,1.15645,1.1567,7.20,5.60
2009.05.19 07:58:21.757,1.15655,1.15715,1.00,9.60
2009.05.19 07:58:22.096,1.15665,1.157,1.60,1.00
2009.05.19 07:58:22.436,1.15655,1.157,4.00,1.00
2009.05.19 07:58:27.375,1.1566,1.1569,2.20,4.00
2009.05.19 07:58:27.495,1.1566,1.1569,4.00,1.00
2009.05.19 07:58:27.785,1.1566,1.1569,2.20,4.00
2009.05.19 07:58:31.604,1.15675,1.157,1.00,5.60
2009.05.19 07:58:31.894,1.15675,1.1572,4.00,5.00
2009.05.19 07:58:32.354,1.15675,1.15725,4.00,5.00
2009.05.19 07:58:33.923,1.1568,1.1572,4.60,5.00
2009.05.19 07:58:34.223,1.1568,1.15725,4.60,5.00
2009.05.19 07:58:35.013,1.1568,1.1572,4.60,5.00
2009.05.19 07:58:35.633,1.1568,1.1572,4.00,5.00
2009.05.19 07:58:38.992,1.1568,1.15705,2.40,4.00
2009.05.19 07:58:39.282,1.1566,1.15705,1.00,4.00
2009.05.19 07:58:39.842,1.15655,1.15705,3.40,4.00
2009.05.19 07:58:40.022,1.15665,1.157,2.20,4.00
2009.05.19 07:58:46.140,1.1568,1.1571,2.20,4.00
2009.05.19 07:58:47.430,1.15675,1.15705,2.20,4.00
2009.05.19 07:58:49.280,1.1567,1.1571,6.40,1.00
2009.05.19 07:58:49.580,1.1568,1.15735,4.00,13.40
2009.05.19 07:58:50.040,1.1569,1.1573,2.40,5.00
2009.05.19 07:58:50.270,1.1569,1.1573,4.00,5.00
2009.05.19 07:58:50.630,1.1569,1.1572,1.60,5.00
2009.05.19 07:58:50.799,1.1568,1.1572,4.00,5.00
2009.05.19 07:58:52.110,1.1568,1.1572,4.00,9.80
2009.05.19 07:58:52.439,1.1567,1.1571,4.60,14.00
2009.05.19 07:58:52.609,1.1567,1.157,3.20,4.00
2009.05.19 07:58:52.719,1.1567,1.157,1.60,4.00
2009.05.19 07:58:52.879,1.1565,1.157,3.40,4.00
2009.05.19 07:58:55.218,1.15665,1.15705,1.00,5.40
2009.05.19 07:58:55.448,1.15665,1.1571,1.00,9.20
2009.05.19 07:58:55.678,1.15665,1.1571,2.40,9.20
2009.05.19 07:58:55.978,1.15665,1.1571,4.00,9.20
2009.05.19 07:58:56.508,1.1567,1.157,3.20,4.00
2009.05.19 07:58:56.788,1.1567,1.157,1.60,4.00
2009.05.19 07:58:57.138,1.1566,1.157,4.00,4.00
2009.05.19 07:58:57.988,1.1567,1.1571,1.00,19.40
2009.05.19 07:58:58.327,1.1567,1.1571,2.40,9.20
2009.05.19 07:58:58.688,1.1567,1.1571,4.00,9.20
2009.05.19 07:58:58.927,1.1567,1.157,4.00,1.00
2009.05.19 07:58:59.278,1.1567,1.157,3.20,4.00
2009.05.19 07:58:59.507,1.1567,1.1571,1.00,10.80
2009.05.19 07:58:59.727,1.1567,1.157,1.00,4.00
2009.05.19 07:59:00.008,1.1567,1.157,4.00,4.00
2009.05.19 07:59:00.297,1.1567,1.1571,1.00,9.20
2009.05.19 07:59:00.927,1.1567,1.157,1.00,4.00
2009.05.19 07:59:01.398,1.1567,1.1571,2.40,9.20
2009.05.19 07:59:01.747,1.1567,1.157,3.20,4.00
2009.05.19 07:59:01.977,1.1567,1.1571,3.20,13.40
2009.05.19 07:59:02.207,1.1567,1.1571,2.40,9.20
2009.05.19 07:59:02.377,1.1567,1.1571,4.00,9.20
2009.05.19 07:59:02.537,1.1567,1.157,3.20,4.00
2009.05.19 07:59:02.880,1.1566,1.15705,4.00,7.00
2009.05.19 07:59:03.157,1.1567,1.157,4.00,1.60
2009.05.19 07:59:03.636,1.1567,1.157,3.20,4.00
2009.05.19 07:59:04.086,1.1565,1.157,3.40,4.00
2009.05.19 07:59:04.476,1.15665,1.1571,1.00,10.80
2009.05.19 07:59:04.866,1.15665,1.1571,4.00,9.20
2009.05.19 07:59:10.665,1.1567,1.157,3.20,4.00
2009.05.19 07:59:11.066,1.1567,1.157,1.00,1.60
2009.05.19 07:59:11.454,1.1567,1.157,3.20,4.00
2009.05.19 07:59:11.864,1.15665,1.157,1.00,4.00
2009.05.19 07:59:15.414,1.1566,1.157,3.40,4.00
2009.05.19 07:59:15.594,1.1567,1.15705,1.00,5.00
2009.05.19 07:59:15.713,1.1567,1.1571,4.00,9.20
2009.05.19 07:59:16.223,1.1567,1.15695,4.60,1.00
2009.05.19 07:59:16.613,1.1567,1.15705,1.00,4.00
2009.05.19 07:59:17.243,1.1567,1.157,1.20,4.00
2009.05.19 07:59:18.103,1.1567,1.15705,1.60,5.00
2009.05.19 07:59:18.393,1.1567,1.1571,4.80,9.20
2009.05.19 07:59:20.403,1.1567,1.1571,5.20,9.20
2009.05.19 07:59:20.692,1.1567,1.1571,5.20,12.20
2009.05.19 07:59:22.092,1.1567,1.157,2.80,4.00
2009.05.19 07:59:22.392,1.1567,1.15705,2.40,5.00
2009.05.19 07:59:22.672,1.1567,1.1571,5.60,12.20
2009.05.19 07:59:23.192,1.1567,1.1571,5.80,12.20
2009.05.19 07:59:25.741,1.1568,1.1571,1.00,12.20
2009.05.19 07:59:28.640,1.1567,1.1571,5.80,12.20
2009.05.19 07:59:32.929,1.1567,1.1571,4.80,7.00
2009.05.19 07:59:33.209,1.1567,1.1571,4.00,7.00
2009.05.19 07:59:34.949,1.1567,1.1571,4.00,12.20
2009.05.19 07:59:36.388,1.1567,1.1571,5.20,12.20
2009.05.19 07:59:37.409,1.1568,1.1571,1.00,12.20
2009.05.19 07:59:37.588,1.1568,1.1571,1.00,12.20
2009.05.19 07:59:38.178,1.1568,1.1571,1.00,7.00
2009.05.19 07:59:38.539,1.1568,1.15705,1.00,4.00
2009.05.19 07:59:39.938,1.1567,1.15705,2.20,4.00
2009.05.19 07:59:40.238,1.1568,1.15705,1.00,4.00
2009.05.19 07:59:40.478,1.1568,1.1571,1.20,12.20
2009.05.19 07:59:40.817,1.1568,1.1571,1.20,7.00
2009.05.19 07:59:41.567,1.1568,1.1571,1.00,7.00
2009.05.19 07:59:41.857,1.15675,1.1571,1.00,7.00
2009.05.19 07:59:43.707,1.1568,1.1571,1.20,7.00
2009.05.19 07:59:51.075,1.1569,1.1571,1.60,7.00
2009.05.19 07:59:51.405,1.15705,1.1572,3.80,3.80
2009.05.19 07:59:51.675,1.1571,1.15765,3.40,4.20
2009.05.19 07:59:52.005,1.1571,1.15765,3.40,4.00
2009.05.19 07:59:52.445,1.15715,1.15755,4.00,4.00
2009.05.19 07:59:55.124,1.1572,1.1575,4.00,5.60
2009.05.19 07:59:55.414,1.1572,1.1574,1.60,11.00
2009.05.19 07:59:55.754,1.1571,1.1573,1.00,1.00
2009.05.19 07:59:56.044,1.15685,1.1573,5.20,5.00
2009.05.19 07:59:56.673,1.15685,1.15725,5.20,5.00
2009.05.19 07:59:57.363,1.1569,1.1573,2.80,5.00
2009.05.19 07:59:57.823,1.1567,1.1573,4.60,5.00
