2013.11.07 19:00:00.004,1.04432,1.04441,1.50,1.50
2013.11.07 19:00:00.546,1.04432,1.04441,1.13,1.50
2013.11.07 19:00:01.084,1.04432,1.04441,1.88,1.50
2013.11.07 19:00:01.625,1.0443,1.0444,1.50,3.00
2013.11.07 19:00:04.594,1.04431,1.0444,1.50,1.50
2013.11.07 19:00:06.025,1.04431,1.0444,1.50,2.25
2013.11.07 19:00:06.694,1.0443,1.04439,1.50,1.50
2013.11.07 19:00:11.105,1.04429,1.04439,3.38,1.50
2013.11.07 19:00:12.064,1.0443,1.0444,2.25,2.25
2013.11.07 19:00:12.304,1.0443,1.04439,2.25,1.50
2013.11.07 19:00:14.459,1.04429,1.04439,6.75,1.50
2013.11.07 19:00:15.026,1.04429,1.04439,6.00,2.25
2013.11.07 19:00:15.544,1.04428,1.04438,9.38,2.25
2013.11.07 19:00:15.727,1.04428,1.04438,5.63,3.00
2013.11.07 19:00:16.302,1.04428,1.04437,3.00,3.38
2013.11.07 19:00:17.276,1.04428,1.04437,1.13,2.63
2013.11.07 19:00:20.634,1.04428,1.04434,1.13,1.50
2013.11.07 19:00:20.754,1.04424,1.04433,1.50,2.25
2013.11.07 19:00:21.115,1.04426,1.04436,2.25,3.00
2013.11.07 19:00:21.475,1.04429,1.04436,1.50,1.50
2013.11.07 19:00:22.048,1.04429,1.04436,1.50,1.50
2013.11.07 19:00:22.976,1.04427,1.04436,1.50,3.00
2013.11.07 19:00:23.036,1.04426,1.04436,1.88,3.00
2013.11.07 19:00:23.097,1.04422,1.04429,3.38,1.13
2013.11.07 19:00:23.167,1.04423,1.04429,2.25,1.50
2013.11.07 19:00:23.417,1.0442,1.04428,1.88,1.50
2013.11.07 19:00:23.908,1.04422,1.04428,1.13,1.13
2013.11.07 19:00:24.219,1.04424,1.04432,1.50,1.50
2013.11.07 19:00:25.505,1.04422,1.04432,2.25,2.25
2013.11.07 19:00:26.056,1.04425,1.04433,2.25,2.25
2013.11.07 19:00:27.078,1.04423,1.0443,4.50,3.00
2013.11.07 19:00:27.445,1.04422,1.04429,1.13,1.50
2013.11.07 19:00:27.815,1.0442,1.04429,1.13,2.25
2013.11.07 19:00:27.936,1.04419,1.04428,1.50,3.00
2013.11.07 19:00:28.538,1.04418,1.04426,3.00,1.50
2013.11.07 19:00:28.785,1.04417,1.04426,2.25,1.50
2013.11.07 19:00:28.845,1.04417,1.04424,2.25,1.50
2013.11.07 19:00:29.605,1.04415,1.04424,3.75,1.50
2013.11.07 19:00:29.665,1.04415,1.04424,2.25,1.50
2013.11.07 19:00:29.725,1.04415,1.0442,1.50,1.50
2013.11.07 19:00:29.966,1.0441,1.0442,3.00,2.25
2013.11.07 19:00:30.027,1.0441,1.04419,2.25,2.25
2013.11.07 19:00:30.267,1.04412,1.04421,1.50,2.25
2013.11.07 19:00:30.447,1.04413,1.0442,1.50,2.25
2013.11.07 19:00:30.627,1.04412,1.0442,3.75,3.75
2013.11.07 19:00:30.688,1.04411,1.04416,2.25,1.50
2013.11.07 19:00:31.247,1.04411,1.04416,1.88,1.50
2013.11.07 19:00:31.923,1.0441,1.04415,1.13,1.50
2013.11.07 19:00:32.665,1.04411,1.04416,1.50,2.25
2013.11.07 19:00:32.739,1.04409,1.04415,1.88,1.50
2013.11.07 19:00:33.168,1.04411,1.04416,1.13,1.50
2013.11.07 19:00:33.536,1.04411,1.04419,1.88,1.50
2013.11.07 19:00:33.595,1.04413,1.04419,1.13,1.50
2013.11.07 19:00:33.906,1.04416,1.04422,1.50,2.25
2013.11.07 19:00:34.456,1.04418,1.04424,2.25,1.50
2013.11.07 19:00:34.917,1.04418,1.04424,3.00,1.50
2013.11.07 19:00:35.502,1.04418,1.04424,3.00,1.50
2013.11.07 19:00:40.335,1.04419,1.04424,1.13,1.50
2013.11.07 19:00:40.815,1.04421,1.04426,1.50,3.00
2013.11.07 19:00:41.255,1.04421,1.04426,1.50,1.50
2013.11.07 19:00:44.365,1.04421,1.04427,1.50,1.50
2013.11.07 19:00:49.105,1.04421,1.04427,1.50,1.50
2013.11.07 19:00:49.225,1.04419,1.04427,2.63,1.50
2013.11.07 19:00:49.287,1.04419,1.04425,2.63,1.50
2013.11.07 19:00:49.646,1.04422,1.04426,1.13,1.50
2013.11.07 19:00:49.765,1.04422,1.04427,1.13,2.25
2013.11.07 19:00:50.067,1.04421,1.04427,1.50,2.25
2013.11.07 19:00:50.814,1.04422,1.04429,1.13,2.25
2013.11.07 19:00:53.825,1.04422,1.04427,1.35,1.50
2013.11.07 19:00:54.935,1.04419,1.04427,1.50,1.50
2013.11.07 19:00:55.237,1.04414,1.04423,6.00,3.75
2013.11.07 19:00:55.305,1.04415,1.0442,1.13,1.50
2013.11.07 19:00:55.545,1.04413,1.04418,4.13,1.50
2013.11.07 19:00:55.725,1.04409,1.04416,1.50,1.50
2013.11.07 19:00:55.845,1.04411,1.04416,1.35,1.50
2013.11.07 19:00:58.137,1.04412,1.04418,2.48,2.25
2013.11.07 19:00:58.198,1.04412,1.04418,2.48,1.50
2013.11.07 19:00:58.267,1.04414,1.04421,1.50,1.50
2013.11.07 19:00:58.505,1.04415,1.04423,1.50,1.50
2013.11.07 19:00:59.065,1.04415,1.04423,2.25,1.50
2013.11.07 19:00:59.722,1.04417,1.04423,1.50,1.50
2013.11.07 19:01:01.317,1.04417,1.04424,2.10,2.25
2013.11.07 19:01:01.555,1.04418,1.04426,1.50,1.50
2013.11.07 19:01:01.915,1.04421,1.04427,1.13,2.25
2013.11.07 19:01:03.875,1.04418,1.04424,2.25,1.50
2013.11.07 19:01:03.995,1.04418,1.04424,2.25,1.50
2013.11.07 19:01:04.055,1.04417,1.04423,1.13,2.10
2013.11.07 19:01:04.235,1.04414,1.04421,1.50,1.13
2013.11.07 19:01:04.700,1.04414,1.04423,1.88,2.85
2013.11.07 19:01:04.787,1.04416,1.04426,2.25,1.88
2013.11.07 19:01:05.158,1.04418,1.04426,1.50,1.13
2013.11.07 19:01:05.516,1.04419,1.04427,1.50,1.50
2013.11.07 19:01:05.577,1.04419,1.04428,1.50,2.85
2013.11.07 19:01:05.887,1.0442,1.0443,1.50,1.88
2013.11.07 19:01:10.115,1.04422,1.0443,1.13,2.25
2013.11.07 19:01:10.474,1.04422,1.04432,2.63,3.00
2013.11.07 19:01:12.385,1.04422,1.04431,1.88,3.75
2013.11.07 19:01:18.279,1.04422,1.04432,3.75,2.63
2013.11.07 19:01:18.794,1.04422,1.04432,2.25,3.38
2013.11.07 19:01:19.315,1.04424,1.04434,1.50,3.38
2013.11.07 19:01:19.375,1.04427,1.04434,1.50,1.88
2013.11.07 19:01:19.925,1.04427,1.04435,1.50,2.63
2013.11.07 19:01:20.505,1.04427,1.04436,1.50,2.25
2013.11.07 19:01:20.807,1.04425,1.04434,1.50,1.50
2013.11.07 19:01:21.124,1.04424,1.04432,5.25,2.25
2013.11.07 19:01:21.184,1.04423,1.04432,5.25,3.00
2013.11.07 19:01:21.705,1.04422,1.04431,2.63,2.25
2013.11.07 19:01:26.964,1.04422,1.04431,1.88,1.50
2013.11.07 19:01:27.164,1.04424,1.04433,1.50,1.50
2013.11.07 19:01:27.345,1.04425,1.04435,3.00,4.73
2013.11.07 19:01:27.706,1.04426,1.04436,4.88,2.10
2013.11.07 19:01:28.064,1.04428,1.04437,4.13,1.13
2013.11.07 19:01:28.605,1.04429,1.0444,3.38,2.25
2013.11.07 19:01:31.206,1.04429,1.04439,3.75,1.50
2013.11.07 19:01:37.285,1.0443,1.0444,1.88,1.50
2013.11.07 19:01:37.409,1.0443,1.04441,4.13,3.00
2013.11.07 19:01:37.916,1.04431,1.04441,1.50,2.25
2013.11.07 19:01:38.430,1.04431,1.04441,1.50,2.25
2013.11.07 19:01:41.607,1.04431,1.04441,1.50,2.25
2013.11.07 19:01:42.147,1.04431,1.04441,1.50,2.25
2013.11.07 19:01:42.636,1.04432,1.04442,1.50,2.25
2013.11.07 19:01:42.935,1.04432,1.04442,1.50,2.25
2013.11.07 19:01:44.477,1.04433,1.04442,1.50,1.13
2013.11.07 19:01:44.606,1.04436,1.04446,1.50,2.25
2013.11.07 19:01:44.666,1.04438,1.04447,1.50,2.25
2013.11.07 19:01:45.214,1.04437,1.04446,2.25,1.50
2013.11.07 19:01:45.516,1.04436,1.04443,1.13,1.13
2013.11.07 19:01:47.378,1.04433,1.04443,2.63,1.88
2013.11.07 19:01:48.164,1.04432,1.04442,2.63,1.88
2013.11.07 19:01:48.704,1.04432,1.04442,1.50,2.63
2013.11.07 19:01:50.431,1.04432,1.04442,1.50,1.88
2013.11.07 19:01:50.945,1.04431,1.04442,3.38,2.63
2013.11.07 19:01:51.074,1.04431,1.0444,2.25,1.13
2013.11.07 19:01:51.670,1.0443,1.04438,1.88,1.50
2013.11.07 19:01:52.176,1.04431,1.04438,2.25,1.50
2013.11.07 19:01:52.724,1.0443,1.04438,2.25,1.50
2013.11.07 19:01:53.266,1.0443,1.04438,2.25,1.50
2013.11.07 19:01:54.637,1.04431,1.04441,1.65,2.25
2013.11.07 19:01:54.697,1.04436,1.04441,1.88,1.50
2013.11.07 19:01:54.767,1.04437,1.04446,2.25,1.50
2013.11.07 19:01:55.125,1.04437,1.04446,2.25,1.50
2013.11.07 19:01:55.545,1.04433,1.04442,1.50,1.88
2013.11.07 19:01:55.972,1.04433,1.04442,1.50,1.50
2013.11.07 19:01:56.534,1.04433,1.04442,1.50,1.50
2013.11.07 19:01:59.704,1.04434,1.04442,1.50,1.50
2013.11.07 19:02:00.714,1.04437,1.04443,2.25,1.50
2013.11.07 19:02:00.775,1.04438,1.04447,2.25,4.35
2013.11.07 19:02:00.895,1.04438,1.04448,3.75,2.25
2013.11.07 19:02:00.957,1.04439,1.04449,1.50,1.50
2013.11.07 19:02:01.445,1.04442,1.04451,3.00,1.13
2013.11.07 19:02:03.244,1.04441,1.0445,2.25,2.10
2013.11.07 19:02:03.724,1.0444,1.04449,2.25,1.50
2013.11.07 19:02:04.226,1.0444,1.04449,2.25,1.50
2013.11.07 19:02:05.155,1.0444,1.04449,1.50,1.50
2013.11.07 19:02:05.515,1.04437,1.04446,2.25,2.10
2013.11.07 19:02:05.575,1.04435,1.04445,2.25,1.50
2013.11.07 19:02:05.755,1.04433,1.04442,1.50,1.50
2013.11.07 19:02:06.197,1.04432,1.04442,3.00,2.25
2013.11.07 19:02:06.555,1.04432,1.04441,2.25,3.00
2013.11.07 19:02:07.785,1.04435,1.04441,3.75,2.25
2013.11.07 19:02:08.223,1.0444,1.04448,1.88,2.25
2013.11.07 19:02:08.301,1.04436,1.04445,3.38,3.00
2013.11.07 19:02:08.666,1.04438,1.04448,3.75,4.35
2013.11.07 19:02:09.218,1.04439,1.04448,1.13,2.85
2013.11.07 19:02:11.059,1.04439,1.04444,1.13,1.50
2013.11.07 19:02:11.305,1.04436,1.04443,1.88,3.75
2013.11.07 19:02:11.425,1.04437,1.04443,3.00,1.13
2013.11.07 19:02:11.545,1.04439,1.04447,1.88,3.75
2013.11.07 19:02:11.604,1.04439,1.04447,2.63,2.25
2013.11.07 19:02:14.835,1.04439,1.04448,2.63,1.35
2013.11.07 19:02:17.114,1.04439,1.04448,2.63,1.35
2013.11.07 19:02:17.865,1.0444,1.04448,1.88,1.35
2013.11.07 19:02:17.925,1.04441,1.04449,1.88,2.25
2013.11.07 19:02:18.436,1.04443,1.04449,1.50,2.25
2013.11.07 19:02:19.685,1.04442,1.04451,3.38,1.50
2013.11.07 19:02:20.437,1.04442,1.04451,3.38,1.50
2013.11.07 19:02:28.236,1.04441,1.04451,1.50,4.13
2013.11.07 19:02:28.776,1.04439,1.04449,3.38,1.50
2013.11.07 19:02:31.167,1.04441,1.0445,1.50,1.13
2013.11.07 19:02:31.556,1.04441,1.0445,2.25,1.13
2013.11.07 19:02:31.985,1.04441,1.04451,1.13,1.50
2013.11.07 19:02:32.045,1.04441,1.04451,1.13,1.88
2013.11.07 19:02:32.405,1.0444,1.04448,1.50,1.13
2013.11.07 19:02:34.326,1.04442,1.04451,1.88,2.63
2013.11.07 19:02:34.876,1.04442,1.04451,2.63,1.13
2013.11.07 19:02:35.885,1.04441,1.04448,1.50,1.13
2013.11.07 19:02:36.427,1.0444,1.04448,2.25,1.13
2013.11.07 19:02:37.327,1.0444,1.04449,2.63,1.13
2013.11.07 19:02:37.506,1.04442,1.0445,2.63,1.50
2013.11.07 19:02:37.565,1.04443,1.04452,1.50,2.25
2013.11.07 19:02:37.686,1.04443,1.04453,2.25,2.25
2013.11.07 19:02:39.275,1.04443,1.04453,1.50,3.00
2013.11.07 19:02:40.490,1.04443,1.04453,1.50,2.25
2013.11.07 19:02:40.615,1.04442,1.04452,3.38,1.13
2013.11.07 19:02:41.855,1.04441,1.04448,3.00,1.13
2013.11.07 19:02:45.495,1.04441,1.04448,2.25,1.13
2013.11.07 19:02:46.308,1.04441,1.0445,2.25,1.13
2013.11.07 19:02:46.365,1.04441,1.04451,2.25,4.35
2013.11.07 19:02:50.375,1.04442,1.04451,3.00,2.25
2013.11.07 19:02:50.976,1.04443,1.04451,1.50,1.50
2013.11.07 19:02:54.628,1.04443,1.04453,2.25,3.38
2013.11.07 19:02:54.696,1.04445,1.04453,1.50,1.50
2013.11.07 19:02:55.745,1.04445,1.04453,1.50,1.13
2013.11.07 19:02:57.634,1.04445,1.04454,2.25,1.50
2013.11.07 19:02:58.476,1.04444,1.04454,3.00,2.25
2013.11.07 19:02:59.471,1.04445,1.04454,1.50,1.50
2013.11.07 19:03:00.305,1.04446,1.04454,1.13,1.13
2013.11.07 19:03:00.606,1.04453,1.0446,1.50,2.25
2013.11.07 19:03:00.905,1.0445,1.04459,3.00,1.50
2013.11.07 19:03:01.025,1.04452,1.0446,1.50,1.88
2013.11.07 19:03:01.846,1.0445,1.0446,4.50,1.88
2013.11.07 19:03:01.905,1.04452,1.0446,1.50,1.88
2013.11.07 19:03:02.595,1.04452,1.04461,2.25,4.35
2013.11.07 19:03:03.136,1.04453,1.04461,1.50,1.88
2013.11.07 19:03:04.215,1.04453,1.04462,1.50,3.38
2013.11.07 19:03:04.335,1.04453,1.04462,1.50,4.13
2013.11.07 19:03:06.708,1.04453,1.04462,1.50,3.75
2013.11.07 19:03:08.165,1.04453,1.04462,2.25,3.75
2013.11.07 19:03:08.405,1.04454,1.04462,1.50,2.63
2013.11.07 19:03:08.527,1.04456,1.04465,1.50,6.75
2013.11.07 19:03:09.566,1.04456,1.04465,1.88,3.00
2013.11.07 19:03:09.805,1.04458,1.04467,3.00,2.25
2013.11.07 19:03:10.166,1.04461,1.04468,2.25,1.50
2013.11.07 19:03:10.876,1.04459,1.04467,1.88,2.25
2013.11.07 19:03:11.019,1.04458,1.04467,1.88,2.63
2013.11.07 19:03:11.566,1.04458,1.04467,3.00,2.25
2013.11.07 19:03:12.105,1.04459,1.04468,2.25,2.25
2013.11.07 19:03:12.659,1.0446,1.04468,1.50,1.50
2013.11.07 19:03:13.105,1.0446,1.04468,1.50,3.75
2013.11.07 19:03:13.465,1.0446,1.04468,2.25,1.50
2013.11.07 19:03:14.155,1.04459,1.04468,1.50,2.63
2013.11.07 19:03:14.575,1.04459,1.04467,1.50,2.25
2013.11.07 19:03:15.725,1.04459,1.04467,1.50,1.13
2013.11.07 19:03:16.875,1.04459,1.04468,2.25,2.63
2013.11.07 19:03:16.997,1.0446,1.04468,1.50,1.88
2013.11.07 19:03:17.175,1.04461,1.0447,1.50,2.63
2013.11.07 19:03:17.715,1.04461,1.0447,3.00,1.13
2013.11.07 19:03:22.915,1.04462,1.0447,2.25,1.13
2013.11.07 19:03:23.035,1.04462,1.0447,2.25,1.50
2013.11.07 19:03:23.395,1.04458,1.04466,1.50,1.50
2013.11.07 19:03:24.105,1.04458,1.04467,1.50,2.25
2013.11.07 19:03:24.636,1.04458,1.04468,3.75,3.38
2013.11.07 19:03:25.221,1.04459,1.04468,3.00,1.50
2013.11.07 19:03:27.088,1.04459,1.04468,1.50,3.38
2013.11.07 19:03:27.515,1.04458,1.04467,1.50,2.25
2013.11.07 19:03:27.876,1.04456,1.04466,2.25,3.00
2013.11.07 19:03:28.544,1.04456,1.04466,1.50,3.00
2013.11.07 19:03:29.336,1.04456,1.04463,1.50,1.13
2013.11.07 19:03:29.639,1.04454,1.04461,2.25,1.50
2013.11.07 19:03:30.066,1.04454,1.04461,1.50,1.50
2013.11.07 19:03:30.425,1.04454,1.04461,1.50,1.50
2013.11.07 19:03:31.505,1.04452,1.04459,1.50,1.50
2013.11.07 19:03:31.935,1.04451,1.04457,2.25,2.10
2013.11.07 19:03:33.995,1.04451,1.04459,2.25,1.50
2013.11.07 19:03:34.845,1.04452,1.04461,1.50,2.25
2013.11.07 19:03:35.765,1.04453,1.04461,1.50,2.25
2013.11.07 19:03:36.287,1.04454,1.04461,1.50,1.50
2013.11.07 19:03:36.349,1.04454,1.04462,1.50,1.50
2013.11.07 19:03:36.536,1.04455,1.04465,1.50,2.25
2013.11.07 19:03:37.555,1.04455,1.04465,2.25,1.50
2013.11.07 19:03:42.217,1.04455,1.04464,1.50,1.50
2013.11.07 19:03:42.737,1.04454,1.04462,1.50,1.50
2013.11.07 19:03:43.068,1.04454,1.04464,1.50,3.00
2013.11.07 19:03:43.607,1.04455,1.04465,1.50,3.00
2013.11.07 19:03:44.578,1.04453,1.04461,2.25,2.10
2013.11.07 19:03:45.175,1.04453,1.04461,1.50,1.50
2013.11.07 19:03:45.296,1.04454,1.04463,1.50,1.50
2013.11.07 19:03:45.936,1.04454,1.04463,1.50,1.50
2013.11.07 19:03:46.715,1.04454,1.04464,2.25,2.25
2013.11.07 19:03:47.245,1.04455,1.04464,1.50,1.50
2013.11.07 19:03:47.790,1.04456,1.04465,1.50,5.25
2013.11.07 19:03:48.775,1.04457,1.04465,1.50,1.50
2013.11.07 19:03:49.325,1.04456,1.04465,2.25,1.50
2013.11.07 19:03:49.985,1.04456,1.04465,2.25,2.25
2013.11.07 19:03:50.735,1.04456,1.04464,1.50,1.50
2013.11.07 19:03:53.595,1.04456,1.04465,2.25,1.50
2013.11.07 19:03:54.025,1.04459,1.04467,1.50,5.25
2013.11.07 19:03:54.086,1.04461,1.04467,1.50,3.75
2013.11.07 19:03:54.146,1.04463,1.04469,1.50,1.13
2013.11.07 19:03:54.386,1.04463,1.04471,1.50,7.13
2013.11.07 19:03:56.504,1.04463,1.04471,1.50,1.13
2013.11.07 19:03:56.685,1.04465,1.04473,1.50,2.25
2013.11.07 19:03:58.205,1.04467,1.04475,1.50,1.88
2013.11.07 19:03:58.756,1.04466,1.04475,1.50,3.38
2013.11.07 19:03:59.296,1.04465,1.04473,1.50,1.50
2013.11.07 19:03:59.476,1.04465,1.04472,1.50,1.50
2013.11.07 19:03:59.835,1.04463,1.04472,1.50,3.38
2013.11.07 19:04:00.675,1.04462,1.04471,3.75,1.50
2013.11.07 19:04:01.398,1.04462,1.04471,1.50,4.35
2013.11.07 19:04:01.527,1.0446,1.04468,1.50,1.50
2013.11.07 19:04:01.830,1.04458,1.04465,2.25,3.00
2013.11.07 19:04:01.899,1.04459,1.04467,1.50,2.25
2013.11.07 19:04:02.217,1.04461,1.04469,3.00,1.13
2013.11.07 19:04:02.396,1.04462,1.0447,1.50,1.50
2013.11.07 19:04:02.576,1.04463,1.04471,2.25,1.50
2013.11.07 19:04:02.827,1.04465,1.04474,1.50,2.25
2013.11.07 19:04:03.005,1.04465,1.04472,1.50,1.50
2013.11.07 19:04:03.365,1.04463,1.04472,1.50,2.63
2013.11.07 19:04:03.945,1.04462,1.04471,2.25,1.50
2013.11.07 19:04:11.207,1.04463,1.04471,1.13,1.50
2013.11.07 19:04:11.756,1.04463,1.04471,1.88,1.50
2013.11.07 19:04:14.085,1.04464,1.04473,2.25,1.50
2013.11.07 19:04:14.385,1.04463,1.04472,2.25,2.63
2013.11.07 19:04:14.745,1.04461,1.04468,1.50,3.60
2013.11.07 19:04:15.079,1.04459,1.04468,1.50,4.35
2013.11.07 19:04:16.055,1.04459,1.04468,1.50,3.60
2013.11.07 19:04:16.115,1.04459,1.04469,4.50,3.60
2013.11.07 19:04:16.896,1.0446,1.04469,2.85,1.50
2013.11.07 19:04:21.315,1.04461,1.0447,3.00,1.13
2013.11.07 19:04:21.864,1.04463,1.04471,1.50,1.50
2013.11.07 19:04:23.579,1.04463,1.04471,1.50,1.50
2013.11.07 19:04:24.235,1.04464,1.04474,3.00,1.88
2013.11.07 19:04:24.985,1.04464,1.04473,2.25,1.50
2013.11.07 19:04:25.108,1.04467,1.04474,3.38,2.25
2013.11.07 19:04:25.656,1.04467,1.04475,1.50,1.13
2013.11.07 19:04:25.717,1.04467,1.04475,1.50,1.13
2013.11.07 19:04:25.777,1.04465,1.04475,1.50,2.63
2013.11.07 19:04:27.377,1.04464,1.04472,2.25,1.50
2013.11.07 19:04:28.035,1.04463,1.04472,1.50,3.38
2013.11.07 19:04:28.215,1.04464,1.04474,1.50,6.38
2013.11.07 19:04:28.767,1.04464,1.04474,2.25,2.63
2013.11.07 19:04:29.408,1.04468,1.04474,2.10,2.25
2013.11.07 19:04:29.926,1.04468,1.04476,2.85,1.50
2013.11.07 19:04:30.284,1.04467,1.04476,6.23,1.50
2013.11.07 19:04:31.175,1.04467,1.04476,6.23,1.50
2013.11.07 19:04:31.565,1.04467,1.04477,6.23,6.00
2013.11.07 19:04:32.138,1.04467,1.04476,1.50,3.00
2013.11.07 19:04:32.255,1.04464,1.04474,5.63,3.00
2013.11.07 19:04:32.315,1.04465,1.04476,1.13,4.13
2013.11.07 19:04:32.861,1.04468,1.04476,3.75,1.50
2013.11.07 19:04:33.375,1.04468,1.04476,3.75,1.50
2013.11.07 19:04:34.466,1.04469,1.04477,1.50,4.50
2013.11.07 19:04:38.175,1.04469,1.04477,1.13,1.50
2013.11.07 19:04:38.296,1.0447,1.04478,1.50,5.25
2013.11.07 19:04:38.356,1.04471,1.04478,1.13,5.25
2013.11.07 19:04:38.715,1.04477,1.04482,2.25,1.50
2013.11.07 19:04:41.845,1.04479,1.04486,1.88,1.50
2013.11.07 19:04:42.349,1.04479,1.04487,1.88,5.25
2013.11.07 19:04:42.856,1.04478,1.04487,1.13,5.25
2013.11.07 19:04:43.097,1.04476,1.04485,3.75,1.50
2013.11.07 19:04:43.700,1.04475,1.04485,2.25,2.25
2013.11.07 19:04:45.000,1.04475,1.04485,1.50,2.25
2013.11.07 19:04:45.780,1.04475,1.04485,1.50,2.25
2013.11.07 19:04:47.418,1.04476,1.04484,1.50,1.50
2013.11.07 19:04:48.909,1.04476,1.04485,1.50,1.50
2013.11.07 19:04:57.876,1.04475,1.04484,1.88,1.50
2013.11.07 19:05:01.645,1.04475,1.04485,1.88,2.25
2013.11.07 19:05:02.186,1.04476,1.04485,1.50,1.50
2013.11.07 19:05:02.880,1.04476,1.04485,1.50,1.50
2013.11.07 19:05:03.905,1.04476,1.04485,1.50,2.25
2013.11.07 19:05:04.885,1.04476,1.04485,1.50,1.50
2013.11.07 19:05:05.218,1.04476,1.04485,1.50,2.25
2013.11.07 19:05:06.386,1.04476,1.04485,2.25,2.25
2013.11.07 19:05:06.745,1.04484,1.04489,1.50,2.25
2013.11.07 19:05:07.047,1.04489,1.04496,2.25,2.25
2013.11.07 19:05:07.877,1.04486,1.04496,2.25,1.88
2013.11.07 19:05:07.996,1.04487,1.04496,1.50,1.88
2013.11.07 19:05:09.145,1.04487,1.04496,1.50,1.88
2013.11.07 19:05:09.701,1.04487,1.04496,1.50,1.88
2013.11.07 19:05:11.164,1.04487,1.04496,1.50,1.88
2013.11.07 19:05:14.125,1.04487,1.04496,1.50,1.88
2013.11.07 19:05:15.146,1.04488,1.04496,2.25,1.50
2013.11.07 19:05:15.705,1.04489,1.04497,1.50,1.50
2013.11.07 19:05:19.195,1.04489,1.04497,2.25,2.25
2013.11.07 19:05:20.976,1.04489,1.04496,2.25,1.50
2013.11.07 19:05:22.144,1.04489,1.04497,2.25,2.25
2013.11.07 19:05:24.986,1.04489,1.04497,2.25,6.00
2013.11.07 19:05:26.405,1.04487,1.04494,2.25,1.13
2013.11.07 19:05:26.585,1.04481,1.04489,1.50,1.88
2013.11.07 19:05:26.645,1.04479,1.04488,3.00,3.00
2013.11.07 19:05:26.705,1.04482,1.04488,1.13,3.00
2013.11.07 19:05:27.126,1.04485,1.04492,1.13,1.50
2013.11.07 19:05:27.245,1.04485,1.04493,2.63,1.50
2013.11.07 19:05:28.860,1.04485,1.04493,3.00,1.88
2013.11.07 19:05:29.417,1.04483,1.04491,1.88,1.13
2013.11.07 19:05:33.817,1.04481,1.04489,1.50,2.63
2013.11.07 19:05:33.878,1.04481,1.04488,1.50,1.50
2013.11.07 19:05:34.935,1.04478,1.04486,3.00,1.50
2013.11.07 19:05:38.587,1.04478,1.04486,2.25,1.13
2013.11.07 19:05:38.888,1.04475,1.04484,3.75,1.13
2013.11.07 19:05:39.405,1.04475,1.04484,3.00,1.88
2013.11.07 19:05:39.965,1.04476,1.04485,1.50,1.88
2013.11.07 19:05:43.821,1.04476,1.04486,3.00,1.88
2013.11.07 19:05:49.365,1.04474,1.04482,3.00,1.35
2013.11.07 19:05:49.486,1.04475,1.04481,1.50,1.13
2013.11.07 19:05:50.105,1.04473,1.04482,1.50,2.10
2013.11.07 19:05:50.667,1.04475,1.04483,1.50,1.50
2013.11.07 19:05:50.799,1.04475,1.04484,1.50,1.13
2013.11.07 19:05:51.377,1.04476,1.04486,2.25,2.63
2013.11.07 19:05:52.008,1.04476,1.04486,2.25,1.88
2013.11.07 19:05:52.186,1.04481,1.04487,1.50,1.50
2013.11.07 19:05:52.367,1.04482,1.0449,2.25,2.25
2013.11.07 19:05:52.486,1.04483,1.04492,2.25,3.98
2013.11.07 19:05:52.606,1.04488,1.04493,1.50,2.25
2013.11.07 19:05:52.669,1.04488,1.04493,1.88,1.50
2013.11.07 19:05:52.916,1.04489,1.04498,1.13,1.88
2013.11.07 19:05:53.195,1.04489,1.04499,3.38,1.88
2013.11.07 19:05:53.496,1.04491,1.04501,3.00,1.50
2013.11.07 19:05:54.176,1.04491,1.04501,3.75,1.50
2013.11.07 19:05:56.437,1.04493,1.04501,1.13,4.35
2013.11.07 19:05:56.615,1.04492,1.04499,1.50,3.00
2013.11.07 19:05:56.677,1.04489,1.04498,3.00,2.25
2013.11.07 19:05:57.259,1.04487,1.04496,1.50,1.50
2013.11.07 19:05:57.334,1.04487,1.04496,1.50,3.00
2013.11.07 19:05:57.888,1.04485,1.04495,2.25,3.00
2013.11.07 19:06:02.131,1.04486,1.04494,1.50,1.50
2013.11.07 19:06:02.376,1.04488,1.04495,1.50,3.00
2013.11.07 19:06:02.496,1.04489,1.04497,1.50,3.00
2013.11.07 19:06:06.406,1.04489,1.04496,2.63,1.50
2013.11.07 19:06:14.665,1.04487,1.04495,3.00,1.50
2013.11.07 19:06:14.727,1.04487,1.04494,1.50,1.50
2013.11.07 19:06:15.025,1.04484,1.04493,3.75,1.50
2013.11.07 19:06:15.086,1.04484,1.04492,2.25,1.50
2013.11.07 19:06:16.165,1.04482,1.0449,2.63,1.50
2013.11.07 19:06:16.466,1.0448,1.04486,1.50,1.88
2013.11.07 19:06:16.586,1.04476,1.04485,2.25,1.50
2013.11.07 19:06:29.350,1.04475,1.04485,2.63,1.50
2013.11.07 19:06:30.085,1.04475,1.04485,1.88,2.25
2013.11.07 19:06:30.146,1.04475,1.04483,1.88,4.35
2013.11.07 19:06:30.386,1.04475,1.04483,1.13,2.63
2013.11.07 19:06:30.445,1.04475,1.04484,1.88,2.07
2013.11.07 19:06:30.565,1.04475,1.04485,2.63,1.50
2013.11.07 19:06:35.455,1.04475,1.04485,2.63,1.50
2013.11.07 19:06:36.753,1.04475,1.04484,1.88,1.50
2013.11.07 19:06:38.305,1.04477,1.04485,1.13,3.00
2013.11.07 19:06:38.987,1.04477,1.04485,2.25,1.50
2013.11.07 19:06:39.521,1.04477,1.04486,2.25,2.63
2013.11.07 19:06:40.643,1.04477,1.04485,2.25,1.13
2013.11.07 19:06:47.578,1.04477,1.04482,1.13,1.13
2013.11.07 19:06:47.647,1.04477,1.04482,1.13,1.88
2013.11.07 19:06:47.768,1.04471,1.04479,6.38,1.88
2013.11.07 19:06:48.317,1.04471,1.04477,1.13,1.50
2013.11.07 19:06:52.379,1.04469,1.04477,1.50,2.10
2013.11.07 19:06:56.936,1.04474,1.04479,1.13,1.13
2013.11.07 19:06:57.947,1.04471,1.04479,1.13,2.63
2013.11.07 19:06:58.345,1.04471,1.04479,1.50,2.63
2013.11.07 19:07:02.576,1.04474,1.04482,2.63,1.88
2013.11.07 19:07:02.636,1.04475,1.04483,1.50,1.50
2013.11.07 19:07:02.695,1.04476,1.04485,1.13,1.88
2013.11.07 19:07:02.755,1.04477,1.04485,1.50,1.13
2013.11.07 19:07:05.355,1.04477,1.04486,1.13,3.23
2013.11.07 19:07:05.416,1.04477,1.04483,1.13,1.50
2013.11.07 19:07:05.536,1.04474,1.04482,1.13,1.50
2013.11.07 19:07:06.075,1.04472,1.04479,1.13,2.48
2013.11.07 19:07:06.633,1.04471,1.04479,2.63,1.88
2013.11.07 19:07:09.430,1.04471,1.04479,1.50,1.13
2013.11.07 19:07:14.570,1.04471,1.04479,1.13,1.13
2013.11.07 19:07:15.225,1.04469,1.04479,2.25,1.88
2013.11.07 19:07:15.947,1.04471,1.0448,1.50,1.13
2013.11.07 19:07:16.065,1.04473,1.0448,1.50,1.13
2013.11.07 19:07:16.616,1.04473,1.04483,6.00,3.60
2013.11.07 19:07:20.677,1.04476,1.04483,2.25,1.13
2013.11.07 19:07:20.916,1.04477,1.04487,2.48,1.13
2013.11.07 19:07:21.035,1.04479,1.04489,3.00,1.88
2013.11.07 19:07:24.585,1.0448,1.04489,2.25,1.50
2013.11.07 19:07:31.656,1.04481,1.04491,1.50,1.88
2013.11.07 19:07:31.898,1.04481,1.04491,2.63,1.50
2013.11.07 19:07:32.815,1.04481,1.04491,1.88,2.25
2013.11.07 19:07:32.935,1.0448,1.04489,2.25,1.88
2013.11.07 19:07:34.135,1.0448,1.04488,1.50,2.63
2013.11.07 19:07:34.197,1.04479,1.04487,1.50,1.50
2013.11.07 19:07:34.735,1.04477,1.04486,2.25,1.13
2013.11.07 19:07:35.609,1.04477,1.04486,1.50,1.88
2013.11.07 19:07:37.246,1.04475,1.04485,3.00,1.13
2013.11.07 19:07:39.605,1.04475,1.04486,3.00,2.63
2013.11.07 19:07:41.098,1.04475,1.04483,2.63,2.10
2013.11.07 19:07:41.525,1.04476,1.04485,1.50,1.50
2013.11.07 19:07:41.706,1.04475,1.04485,2.63,2.63
2013.11.07 19:07:47.814,1.04475,1.04485,2.25,2.63
2013.11.07 19:07:48.399,1.04476,1.04485,1.50,1.13
2013.11.07 19:08:03.337,1.04477,1.04485,1.88,2.25
2013.11.07 19:08:03.755,1.04478,1.04488,3.00,3.00
2013.11.07 19:08:11.560,1.04478,1.04488,2.25,3.00
2013.11.07 19:08:18.350,1.04478,1.04487,2.25,1.50
2013.11.07 19:08:19.375,1.04478,1.04487,1.50,1.50
2013.11.07 19:08:19.617,1.04479,1.04488,2.85,2.25
2013.11.07 19:08:20.155,1.04479,1.04487,2.10,1.50
2013.11.07 19:08:20.738,1.04479,1.04488,2.10,3.00
2013.11.07 19:08:24.671,1.04478,1.04488,2.25,3.00
2013.11.07 19:08:26.076,1.04478,1.04487,1.50,1.50
2013.11.07 19:08:32.597,1.04478,1.04487,2.25,1.50
2013.11.07 19:08:35.095,1.04478,1.04487,2.25,1.50
2013.11.07 19:08:35.617,1.04478,1.04487,1.50,1.50
2013.11.07 19:08:37.025,1.04478,1.04487,1.50,1.50
2013.11.07 19:08:41.316,1.04478,1.04484,1.50,1.13
2013.11.07 19:08:41.495,1.04474,1.04481,1.13,1.13
2013.11.07 19:08:43.055,1.04469,1.04479,3.75,2.63
2013.11.07 19:08:43.175,1.04469,1.04476,3.00,1.13
2013.11.07 19:08:43.416,1.04469,1.04476,3.00,1.13
2013.11.07 19:08:45.265,1.04469,1.04477,1.50,1.88
2013.11.07 19:09:03.965,1.04467,1.04477,5.48,1.50
2013.11.07 19:09:09.642,1.04467,1.04477,5.48,1.50
2013.11.07 19:09:11.855,1.04467,1.04477,6.23,1.50
2013.11.07 19:09:14.806,1.04468,1.04477,1.50,1.50
2013.11.07 19:09:15.959,1.0447,1.04479,1.50,1.88
2013.11.07 19:09:16.266,1.04471,1.0448,3.00,1.88
2013.11.07 19:09:19.308,1.04472,1.04481,2.25,1.13
2013.11.07 19:09:20.867,1.04472,1.04481,1.50,1.13
2013.11.07 19:09:25.825,1.04471,1.04479,2.25,1.88
2013.11.07 19:09:25.946,1.0447,1.04479,1.13,1.88
2013.11.07 19:09:32.525,1.04469,1.04478,3.75,1.50
2013.11.07 19:09:34.497,1.04469,1.04478,2.25,1.50
2013.11.07 19:09:36.702,1.04469,1.04478,2.25,1.88
2013.11.07 19:09:38.365,1.04469,1.04477,1.13,1.50
2013.11.07 19:09:38.667,1.04465,1.04474,4.50,2.25
2013.11.07 19:09:39.205,1.04463,1.04474,7.50,2.25
2013.11.07 19:09:40.759,1.04465,1.04474,1.50,1.88
2013.11.07 19:09:41.436,1.04467,1.04474,1.50,1.88
2013.11.07 19:09:41.966,1.04466,1.04474,5.25,1.88
2013.11.07 19:09:42.486,1.04465,1.04474,4.50,1.88
2013.11.07 19:09:46.307,1.04465,1.04474,4.50,1.88
2013.11.07 19:09:46.845,1.04464,1.04474,5.25,2.63
2013.11.07 19:09:49.416,1.04465,1.04474,3.75,2.63
2013.11.07 19:09:49.965,1.04465,1.04474,3.75,2.63
2013.11.07 19:09:53.777,1.04466,1.04474,3.75,1.88
2013.11.07 19:09:56.059,1.04466,1.04472,3.75,1.50
2013.11.07 19:09:56.132,1.04464,1.04472,3.00,2.25
2013.11.07 19:09:56.255,1.04463,1.04472,6.00,3.60
2013.11.07 19:09:56.375,1.04464,1.04472,1.50,2.25
2013.11.07 19:09:56.497,1.04464,1.04472,2.25,2.25
2013.11.07 19:09:57.112,1.04464,1.04472,1.50,1.50
2013.11.07 19:09:57.498,1.04464,1.04474,3.38,2.25
2013.11.07 19:09:58.036,1.04464,1.04474,3.38,1.50
2013.11.07 19:10:04.766,1.04464,1.04474,3.38,2.25
2013.11.07 19:10:05.588,1.04465,1.04474,1.50,1.50
2013.11.07 19:10:24.548,1.04466,1.04475,1.50,1.50
2013.11.07 19:10:27.666,1.04464,1.04474,4.13,1.50
2013.11.07 19:10:28.796,1.04465,1.04474,1.50,1.50
2013.11.07 19:10:29.897,1.04468,1.04474,1.50,1.50
2013.11.07 19:10:29.957,1.04471,1.04477,1.50,1.50
2013.11.07 19:10:30.077,1.04471,1.0448,3.00,1.13
2013.11.07 19:10:30.256,1.04473,1.04482,4.50,2.25
2013.11.07 19:10:31.356,1.04473,1.04483,5.25,4.13
2013.11.07 19:10:31.476,1.04476,1.04483,1.50,1.88
2013.11.07 19:10:31.537,1.04476,1.04485,2.25,1.50
2013.11.07 19:10:34.398,1.04476,1.04486,3.75,1.88
2013.11.07 19:10:38.178,1.04476,1.04485,1.50,1.50
2013.11.07 19:10:41.556,1.04474,1.04483,1.50,1.50
2013.11.07 19:10:42.127,1.04473,1.04482,1.50,1.88
2013.11.07 19:10:42.186,1.04472,1.04479,1.13,1.50
2013.11.07 19:10:42.427,1.04471,1.04478,1.88,1.50
2013.11.07 19:10:43.686,1.0447,1.04477,1.50,1.50
2013.11.07 19:10:44.196,1.0447,1.04477,1.50,1.50
2013.11.07 19:10:48.396,1.04468,1.04478,3.00,6.00
2013.11.07 19:10:48.459,1.04468,1.04478,3.00,6.00
2013.11.07 19:10:50.056,1.04468,1.04478,3.00,6.00
2013.11.07 19:10:50.736,1.04468,1.04478,3.00,2.25
2013.11.07 19:10:51.396,1.04468,1.04478,3.75,2.25
2013.11.07 19:10:55.566,1.04468,1.04478,3.75,2.25
2013.11.07 19:10:56.888,1.04468,1.04478,3.75,2.25
2013.11.07 19:10:57.246,1.04465,1.04474,2.25,1.50
2013.11.07 19:10:57.426,1.04463,1.0447,1.88,1.13
2013.11.07 19:10:57.966,1.04462,1.0447,2.25,1.13
2013.11.07 19:10:58.210,1.04462,1.04472,4.88,1.50
2013.11.07 19:10:58.869,1.04463,1.04472,1.50,1.50
2013.11.07 19:10:59.659,1.04463,1.04472,1.50,1.50
2013.11.07 19:11:00.365,1.04462,1.04472,3.38,1.50
2013.11.07 19:11:01.686,1.04462,1.04472,3.38,1.50
2013.11.07 19:11:04.768,1.04464,1.04473,1.50,1.50
2013.11.07 19:11:04.837,1.04469,1.04476,4.13,2.25
2013.11.07 19:11:05.137,1.04482,1.04497,13.36,1.50
2013.11.07 19:11:05.626,1.04491,1.04495,1.88,2.25
2013.11.07 19:11:05.686,1.04492,1.04501,2.85,1.50
2013.11.07 19:11:08.527,1.04492,1.04499,3.60,1.50
2013.11.07 19:11:08.587,1.04491,1.04498,2.25,1.50
2013.11.07 19:11:08.946,1.04489,1.04496,3.00,2.25
2013.11.07 19:11:09.126,1.04486,1.04496,2.25,3.00
2013.11.07 19:11:09.248,1.04486,1.04496,1.88,3.00
2013.11.07 19:11:09.946,1.04486,1.04495,1.13,1.50
2013.11.07 19:11:11.742,1.04485,1.04491,2.25,1.13
2013.11.07 19:11:11.999,1.04479,1.04486,1.50,2.25
2013.11.07 19:11:12.893,1.04477,1.04486,2.63,2.25
2013.11.07 19:11:13.421,1.04477,1.04486,2.63,2.25
2013.11.07 19:11:15.977,1.04477,1.04484,1.50,1.50
2013.11.07 19:11:16.039,1.04474,1.04484,3.38,1.50
2013.11.07 19:11:17.456,1.04474,1.04483,1.13,2.25
2013.11.07 19:11:17.964,1.04472,1.04482,2.63,1.50
2013.11.07 19:11:18.276,1.04474,1.04484,2.25,1.50
2013.11.07 19:11:28.636,1.04475,1.04485,1.50,2.25
2013.11.07 19:11:34.006,1.04475,1.04485,1.50,2.25
2013.11.07 19:11:35.207,1.04474,1.04484,2.63,1.50
2013.11.07 19:11:35.813,1.04473,1.04483,2.25,3.00
2013.11.07 19:11:36.323,1.04473,1.04483,1.50,3.00
2013.11.07 19:11:37.207,1.04473,1.04479,1.50,1.50
2013.11.07 19:11:37.327,1.04471,1.04479,1.13,1.50
2013.11.07 19:11:37.506,1.04469,1.04479,2.25,3.00
2013.11.07 19:11:37.565,1.04469,1.04479,2.63,3.00
2013.11.07 19:11:38.156,1.04469,1.04478,3.00,2.63
2013.11.07 19:11:38.657,1.04468,1.04478,3.00,2.63
2013.11.07 19:11:41.157,1.04468,1.04478,3.00,3.38
2013.11.07 19:11:45.636,1.04468,1.04477,1.50,1.50
2013.11.07 19:11:46.317,1.04467,1.04477,3.00,2.25
2013.11.07 19:11:46.437,1.04465,1.04473,1.50,1.50
2013.11.07 19:11:46.737,1.04465,1.04473,1.13,1.50
2013.11.07 19:11:46.796,1.04463,1.04472,1.50,1.50
2013.11.07 19:11:47.356,1.04462,1.04472,4.13,1.50
2013.11.07 19:11:56.607,1.04463,1.04473,2.25,1.50
2013.11.07 19:11:58.226,1.04464,1.04474,1.50,2.25
2013.11.07 19:12:14.586,1.04463,1.04472,1.50,1.50
2013.11.07 19:12:15.119,1.04462,1.04472,3.00,1.50
2013.11.07 19:12:16.327,1.04462,1.04472,2.63,2.25
2013.11.07 19:12:16.876,1.04462,1.04472,3.38,1.50
2013.11.07 19:12:21.822,1.04462,1.04472,3.38,1.50
2013.11.07 19:12:22.323,1.04462,1.04472,2.63,1.50
2013.11.07 19:12:45.606,1.04463,1.04473,2.25,1.50
2013.11.07 19:12:46.189,1.04463,1.04473,1.50,2.25
2013.11.07 19:12:51.336,1.04463,1.04473,2.25,1.50
2013.11.07 19:12:53.465,1.04463,1.04473,1.50,2.25
2013.11.07 19:12:54.229,1.04463,1.04473,1.50,1.50
2013.11.07 19:12:54.765,1.04464,1.04474,2.25,1.88
2013.11.07 19:13:05.136,1.04463,1.04473,2.25,1.50
2013.11.07 19:13:06.085,1.04464,1.04473,1.13,1.50
2013.11.07 19:13:06.146,1.04467,1.04474,1.13,1.50
2013.11.07 19:13:07.896,1.04464,1.04475,6.38,2.25
2013.11.07 19:13:08.018,1.04465,1.04474,1.13,2.25
2013.11.07 19:13:08.536,1.04463,1.04473,2.25,1.50
2013.11.07 19:13:20.466,1.04464,1.04474,1.88,2.25
2013.11.07 19:13:23.070,1.04464,1.04474,1.88,3.00
2013.11.07 19:13:24.990,1.04466,1.04474,1.88,2.25
2013.11.07 19:13:25.308,1.04474,1.04482,1.50,1.50
2013.11.07 19:13:25.546,1.04474,1.04483,1.50,1.50
2013.11.07 19:13:27.899,1.04474,1.04483,3.00,1.50
2013.11.07 19:13:28.416,1.04474,1.04483,3.00,1.50
2013.11.07 19:13:28.967,1.04475,1.04483,1.50,1.50
2013.11.07 19:13:30.756,1.04476,1.04486,1.50,3.38
2013.11.07 19:13:33.846,1.04477,1.04486,1.13,2.63
2013.11.07 19:13:33.906,1.04478,1.04487,1.50,1.50
2013.11.07 19:13:34.547,1.04478,1.04487,2.25,1.50
2013.11.07 19:13:49.116,1.04477,1.04486,1.50,1.88
2013.11.07 19:13:49.439,1.04476,1.04484,2.25,1.50
2013.11.07 19:13:49.829,1.04474,1.04484,1.50,3.00
2013.11.07 19:13:50.007,1.04473,1.04482,1.50,1.50
2013.11.07 19:13:50.527,1.04472,1.04482,1.88,2.25
2013.11.07 19:13:58.346,1.04472,1.0448,1.88,1.50
2013.11.07 19:13:58.586,1.04469,1.04477,1.50,2.10
2013.11.07 19:13:58.646,1.04468,1.04477,1.50,3.60
2013.11.07 19:13:58.827,1.04466,1.04475,1.50,1.13
2013.11.07 19:13:59.066,1.04464,1.04474,1.50,2.25
2013.11.07 19:13:59.486,1.04466,1.04475,1.50,1.13
2013.11.07 19:14:00.456,1.04466,1.04475,1.50,1.13
2013.11.07 19:14:00.997,1.04468,1.04476,1.50,1.13
2013.11.07 19:14:01.357,1.04472,1.0448,2.63,1.50
2013.11.07 19:14:01.539,1.04473,1.04483,1.50,2.25
2013.11.07 19:14:01.666,1.04474,1.04484,3.00,1.50
2013.11.07 19:14:03.637,1.04474,1.04484,2.25,2.25
2013.11.07 19:14:06.456,1.04474,1.04484,3.00,1.50
2013.11.07 19:14:06.786,1.04476,1.04485,2.25,1.13
2013.11.07 19:14:08.627,1.04477,1.04486,1.50,1.50
2013.11.07 19:14:12.150,1.04477,1.04487,3.75,3.38
2013.11.07 19:14:12.687,1.04478,1.04487,1.50,2.63
2013.11.07 19:14:33.267,1.0448,1.04488,4.50,1.50
2013.11.07 19:14:33.386,1.04484,1.04492,1.50,1.50
2013.11.07 19:14:33.746,1.04488,1.04495,1.50,1.50
2013.11.07 19:14:34.319,1.04488,1.04495,1.50,1.50
2013.11.07 19:14:37.507,1.04488,1.04496,1.50,1.50
2013.11.07 19:14:39.158,1.04489,1.04497,1.50,1.88
2013.11.07 19:14:39.516,1.0449,1.04497,1.50,1.13
2013.11.07 19:14:44.097,1.04491,1.04498,1.50,1.50
2013.11.07 19:14:45.847,1.04491,1.04498,1.50,2.25
2013.11.07 19:14:46.146,1.04491,1.04499,2.25,1.13
2013.11.07 19:14:47.006,1.04492,1.045,2.25,1.50
2013.11.07 19:14:47.486,1.04494,1.04501,2.25,1.50
2013.11.07 19:14:47.822,1.04495,1.04501,2.25,1.13
2013.11.07 19:14:48.136,1.045,1.04506,1.50,4.13
2013.11.07 19:14:51.286,1.04499,1.04506,1.88,5.63
2013.11.07 19:14:51.847,1.04501,1.04507,1.73,1.50
2013.11.07 19:14:52.207,1.04504,1.04511,1.50,1.50
2013.11.07 19:14:52.386,1.04504,1.04511,2.25,2.25
2013.11.07 19:14:52.926,1.04505,1.04514,1.50,1.50
2013.11.07 19:14:53.606,1.04504,1.04513,3.75,2.10
2013.11.07 19:14:53.966,1.04501,1.04511,5.25,6.60
2013.11.07 19:14:54.267,1.04499,1.04508,1.88,1.50
2013.11.07 19:14:54.816,1.04499,1.04508,1.88,1.50
2013.11.07 19:15:02.708,1.04499,1.04509,1.88,2.25
2013.11.07 19:15:04.578,1.045,1.04508,1.50,2.25
2013.11.07 19:15:06.186,1.04501,1.04508,1.50,1.50
2013.11.07 19:15:06.367,1.04501,1.0451,2.25,3.00
2013.11.07 19:15:06.726,1.045,1.0451,2.25,3.00
2013.11.07 19:15:08.106,1.04499,1.04509,3.75,1.50
2013.11.07 19:15:08.167,1.04499,1.04509,4.50,2.25
2013.11.07 19:15:08.766,1.04499,1.04508,2.25,2.25
2013.11.07 19:15:10.977,1.04499,1.04508,1.13,2.25
2013.11.07 19:15:11.172,1.04496,1.04502,1.88,1.50
2013.11.07 19:15:11.419,1.0449,1.04498,1.50,1.88
2013.11.07 19:15:11.477,1.04489,1.04498,1.50,1.88
2013.11.07 19:15:11.658,1.04487,1.04497,2.63,1.50
2013.11.07 19:15:12.198,1.04486,1.04495,1.88,1.50
2013.11.07 19:15:15.806,1.04487,1.04495,1.50,1.50
2013.11.07 19:15:16.886,1.04488,1.04495,1.50,1.50
2013.11.07 19:15:23.025,1.04488,1.04498,2.25,2.63
2013.11.07 19:15:26.466,1.04488,1.04496,1.50,3.00
2013.11.07 19:15:26.887,1.04486,1.04492,1.50,2.25
2013.11.07 19:15:27.247,1.04483,1.04488,1.13,2.25
2013.11.07 19:15:27.426,1.0448,1.04488,4.50,2.25
2013.11.07 19:15:27.486,1.0448,1.04488,3.75,3.00
2013.11.07 19:15:27.546,1.04478,1.04488,1.50,3.00
2013.11.07 19:15:28.406,1.04478,1.04486,1.50,1.13
2013.11.07 19:15:29.707,1.04478,1.04486,2.25,1.13
2013.11.07 19:15:30.458,1.04478,1.04486,2.25,1.13
2013.11.07 19:15:31.017,1.04478,1.04486,2.25,1.13
2013.11.07 19:15:31.077,1.04478,1.04483,1.50,1.13
2013.11.07 19:15:31.256,1.04475,1.04482,1.50,1.13
2013.11.07 19:15:32.846,1.04475,1.04483,2.25,1.73
2013.11.07 19:15:32.966,1.04476,1.04484,2.25,1.73
2013.11.07 19:15:33.533,1.04477,1.04486,1.50,1.50
2013.11.07 19:15:35.377,1.04478,1.04488,1.50,4.13
2013.11.07 19:15:37.476,1.04478,1.04488,1.50,3.38
2013.11.07 19:15:37.777,1.04484,1.04493,1.50,1.88
2013.11.07 19:15:38.278,1.04487,1.04497,1.50,6.75
2013.11.07 19:15:39.426,1.04486,1.04495,1.50,1.50
2013.11.07 19:15:39.966,1.04484,1.04493,1.50,1.50
2013.11.07 19:15:40.099,1.04484,1.04493,1.50,1.50
2013.11.07 19:15:44.191,1.04486,1.04493,1.50,1.50
2013.11.07 19:15:45.190,1.04486,1.04496,2.25,1.50
2013.11.07 19:15:45.977,1.04486,1.04496,1.88,1.50
2013.11.07 19:15:46.536,1.04489,1.04498,1.50,1.13
2013.11.07 19:15:47.133,1.04489,1.04498,1.50,1.88
2013.11.07 19:15:54.526,1.04487,1.04495,1.50,1.50
2013.11.07 19:15:54.646,1.04486,1.04495,1.88,1.50
2013.11.07 19:15:54.996,1.04485,1.04493,1.50,1.50
2013.11.07 19:15:55.296,1.04483,1.04493,1.50,2.25
2013.11.07 19:15:56.588,1.04488,1.04493,1.50,1.50
2013.11.07 19:15:56.648,1.04488,1.04494,1.50,6.75
2013.11.07 19:15:56.826,1.04488,1.04497,2.25,1.50
2013.11.07 19:15:56.947,1.04488,1.04496,1.50,1.50
2013.11.07 19:15:57.186,1.04485,1.04494,1.13,2.25
2013.11.07 19:15:57.486,1.04483,1.04492,1.13,1.50
2013.11.07 19:15:59.007,1.04484,1.04492,1.50,1.50
2013.11.07 19:15:59.068,1.04484,1.04492,2.25,1.50
2013.11.07 19:15:59.607,1.04485,1.04493,1.50,2.25
2013.11.07 19:16:00.126,1.04486,1.04496,2.25,1.50
2013.11.07 19:16:01.329,1.04486,1.04496,2.25,1.50
2013.11.07 19:16:11.036,1.04486,1.04496,2.25,2.25
2013.11.07 19:16:11.387,1.04487,1.04496,1.50,1.50
2013.11.07 19:16:12.375,1.04488,1.04497,1.50,1.50
2013.11.07 19:16:15.776,1.04487,1.04496,1.50,1.50
2013.11.07 19:16:16.078,1.04489,1.04498,1.50,1.88
2013.11.07 19:16:16.139,1.04489,1.04498,1.50,1.50
2013.11.07 19:16:16.689,1.04489,1.04499,1.50,1.88
2013.11.07 19:16:16.868,1.04487,1.04496,1.50,1.50
2013.11.07 19:16:17.406,1.04487,1.04495,1.50,1.50
2013.11.07 19:16:18.076,1.04486,1.04494,1.88,1.50
2013.11.07 19:16:18.771,1.04486,1.04494,1.13,1.50
2013.11.07 19:16:21.597,1.04485,1.04493,1.50,1.88
2013.11.07 19:16:21.776,1.04482,1.0449,2.25,1.50
2013.11.07 19:16:22.317,1.04481,1.0449,2.25,1.50
2013.11.07 19:16:22.377,1.04481,1.04489,1.50,1.50
2013.11.07 19:16:22.569,1.04479,1.04487,2.25,1.50
2013.11.07 19:16:22.639,1.04479,1.04488,1.50,3.38
2013.11.07 19:16:22.758,1.04476,1.04486,2.63,1.88
2013.11.07 19:16:23.296,1.04475,1.04483,1.50,1.50
2013.11.07 19:16:23.726,1.04473,1.04482,1.50,1.13
2013.11.07 19:16:23.907,1.04474,1.04482,1.50,1.13
2013.11.07 19:16:24.086,1.04475,1.04483,1.50,1.50
2013.11.07 19:16:25.358,1.04475,1.04482,1.50,1.13
2013.11.07 19:16:25.537,1.04473,1.04482,2.25,2.63
2013.11.07 19:16:26.334,1.04473,1.04481,1.50,1.50
2013.11.07 19:16:26.986,1.04472,1.04481,1.50,2.25
2013.11.07 19:16:34.698,1.04472,1.04481,1.50,2.25
2013.11.07 19:16:35.237,1.04472,1.04479,1.50,1.50
2013.11.07 19:16:35.296,1.04469,1.04477,3.00,1.50
2013.11.07 19:16:35.847,1.04467,1.04477,4.88,1.50
2013.11.07 19:16:37.216,1.04467,1.04475,1.50,1.50
2013.11.07 19:16:37.336,1.04465,1.04475,1.50,2.25
2013.11.07 19:16:38.457,1.04463,1.04471,5.25,1.50
2013.11.07 19:16:38.986,1.04464,1.04471,1.50,1.50
2013.11.07 19:16:46.786,1.04464,1.04471,1.50,2.85
2013.11.07 19:16:59.794,1.04464,1.0447,1.50,2.85
2013.11.07 19:17:00.302,1.04464,1.04471,1.50,1.50
2013.11.07 19:17:14.296,1.04462,1.04471,2.25,1.50
2013.11.07 19:17:24.858,1.04463,1.04471,1.50,1.50
2013.11.07 19:17:25.682,1.04464,1.04471,1.50,1.50
2013.11.07 19:17:26.647,1.04464,1.0447,1.50,1.50
2013.11.07 19:17:27.868,1.04463,1.0447,1.50,1.50
2013.11.07 19:17:28.369,1.04462,1.0447,2.25,1.50
2013.11.07 19:17:30.368,1.04463,1.0447,1.50,1.50
2013.11.07 19:17:31.080,1.04464,1.0447,1.50,1.50
2013.11.07 19:17:41.364,1.04464,1.04472,1.50,2.10
2013.11.07 19:17:45.617,1.04465,1.04473,2.63,1.13
2013.11.07 19:17:45.676,1.04466,1.04475,2.25,2.10
2013.11.07 19:17:45.737,1.04469,1.04475,1.50,2.10
2013.11.07 19:17:45.978,1.04475,1.04481,1.13,1.50
2013.11.07 19:17:46.500,1.04475,1.04483,1.88,2.25
2013.11.07 19:18:01.878,1.04476,1.04483,1.50,2.25
2013.11.07 19:18:03.436,1.04475,1.04483,1.13,2.25
2013.11.07 19:18:08.179,1.04474,1.04482,2.63,1.50
2013.11.07 19:18:08.727,1.04475,1.04481,1.13,1.50
2013.11.07 19:18:09.606,1.04474,1.04483,2.63,2.25
2013.11.07 19:18:10.088,1.04475,1.04481,1.50,2.85
2013.11.07 19:18:10.861,1.04474,1.04481,1.50,2.85
2013.11.07 19:18:14.217,1.04473,1.0448,1.50,1.35
2013.11.07 19:18:16.466,1.04473,1.0448,1.50,1.35
2013.11.07 19:18:17.007,1.04472,1.0448,2.25,1.35
2013.11.07 19:18:17.556,1.04473,1.04481,1.50,2.85
2013.11.07 19:18:22.426,1.04472,1.04481,2.25,2.85
2013.11.07 19:18:23.557,1.04472,1.04481,3.75,3.60
2013.11.07 19:18:30.134,1.04472,1.04481,2.25,5.10
2013.11.07 19:18:36.496,1.04473,1.0448,1.50,1.35
2013.11.07 19:18:36.998,1.04472,1.0448,1.50,1.35
2013.11.07 19:18:39.957,1.04473,1.04481,1.50,3.00
2013.11.07 19:18:40.259,1.04475,1.04483,2.25,1.88
2013.11.07 19:18:40.942,1.04476,1.04485,1.50,1.50
2013.11.07 19:18:49.199,1.04477,1.04486,2.25,1.13
2013.11.07 19:18:50.166,1.04477,1.04486,1.50,2.63
2013.11.07 19:18:52.396,1.04477,1.04485,1.50,1.13
2013.11.07 19:18:52.937,1.04477,1.04486,1.50,2.25
2013.11.07 19:18:59.237,1.04474,1.04484,2.25,1.50
2013.11.07 19:18:59.296,1.04474,1.04483,2.25,1.50
2013.11.07 19:18:59.477,1.04475,1.04482,2.25,1.50
2013.11.07 19:18:59.656,1.04474,1.04483,2.25,1.13
2013.11.07 19:19:00.166,1.04476,1.04485,1.50,1.88
2013.11.07 19:19:00.706,1.04476,1.04485,2.25,1.88
2013.11.07 19:19:01.247,1.04476,1.04485,1.50,1.88
2013.11.07 19:19:25.807,1.04475,1.04484,1.50,1.50
2013.11.07 19:19:41.398,1.04476,1.04484,1.50,1.50
2013.11.07 19:19:42.068,1.04475,1.04484,1.50,1.50
2013.11.07 19:19:45.545,1.04475,1.04482,1.50,3.00
2013.11.07 19:19:45.847,1.04471,1.04478,1.50,1.13
2013.11.07 19:19:45.968,1.04469,1.04478,1.50,2.63
2013.11.07 19:19:46.396,1.04468,1.04478,1.50,3.38
2013.11.07 19:19:46.518,1.04468,1.04475,1.50,1.50
2013.11.07 19:19:47.058,1.04467,1.04475,1.50,1.50
2013.11.07 19:19:47.776,1.04466,1.04475,1.50,1.50
2013.11.07 19:19:48.378,1.04466,1.04474,1.50,2.25
2013.11.07 19:19:48.917,1.04467,1.04474,1.50,2.25
2013.11.07 19:19:50.049,1.04467,1.04474,1.50,2.25
2013.11.07 19:19:50.608,1.04468,1.04476,1.50,1.50
2013.11.07 19:19:51.676,1.04467,1.04476,3.00,1.50
2013.11.07 19:19:57.537,1.04466,1.04476,2.25,2.25
2013.11.07 19:19:59.459,1.04466,1.04474,1.50,3.00
2013.11.07 19:20:00.861,1.04466,1.04472,1.50,1.50
2013.11.07 19:20:01.473,1.04466,1.04472,1.50,1.50
2013.11.07 19:20:01.897,1.04465,1.04474,2.25,1.13
2013.11.07 19:20:05.386,1.04465,1.04475,3.00,2.25
2013.11.07 19:20:07.527,1.04465,1.04475,2.25,2.25
2013.11.07 19:20:08.067,1.04464,1.04474,2.63,3.00
2013.11.07 19:20:08.581,1.04465,1.04475,1.50,2.63
2013.11.07 19:20:14.479,1.04465,1.04475,3.75,2.25
2013.11.07 19:20:15.099,1.04467,1.04476,1.50,1.13
2013.11.07 19:20:23.377,1.04466,1.04475,2.25,1.50
2013.11.07 19:20:23.618,1.04465,1.04475,2.25,2.25
2013.11.07 19:20:38.978,1.04465,1.04475,3.00,1.50
2013.11.07 19:20:39.366,1.04468,1.04477,1.50,1.50
2013.11.07 19:20:39.426,1.04468,1.04477,2.25,1.50
2013.11.07 19:20:39.487,1.04469,1.04477,3.00,1.50
2013.11.07 19:20:39.789,1.04474,1.0448,1.88,1.50
2013.11.07 19:20:39.908,1.04474,1.04482,2.25,1.50
2013.11.07 19:20:40.448,1.04474,1.04484,3.00,1.50
2013.11.07 19:20:40.808,1.04477,1.04485,1.88,1.88
2013.11.07 19:20:42.739,1.04477,1.04484,1.88,1.50
2013.11.07 19:20:53.013,1.04477,1.04485,2.63,1.13
2013.11.07 19:21:03.268,1.04477,1.04485,2.63,1.88
2013.11.07 19:21:09.246,1.04477,1.04485,2.63,1.13
2013.11.07 19:21:19.309,1.04477,1.04485,1.88,1.88
2013.11.07 19:21:19.368,1.04476,1.04484,1.50,2.63
2013.11.07 19:21:19.737,1.04475,1.04482,2.25,1.35
2013.11.07 19:21:24.376,1.04474,1.04482,1.88,1.73
2013.11.07 19:21:24.557,1.04471,1.04478,3.00,2.10
2013.11.07 19:21:25.036,1.04472,1.0448,1.13,1.35
2013.11.07 19:21:29.087,1.04473,1.04482,1.88,1.88
2013.11.07 19:21:30.132,1.04473,1.04482,1.88,2.63
2013.11.07 19:21:30.378,1.04473,1.04478,1.88,2.10
2013.11.07 19:21:31.146,1.04473,1.04481,1.88,2.25
2013.11.07 19:21:31.787,1.04473,1.04482,1.88,1.88
2013.11.07 19:21:35.869,1.04474,1.04482,1.13,2.25
2013.11.07 19:21:38.061,1.04474,1.04485,1.50,3.23
2013.11.07 19:21:38.209,1.04477,1.04486,3.00,1.88
2013.11.07 19:21:49.657,1.04477,1.04486,3.00,2.25
2013.11.07 19:22:37.217,1.0448,1.04487,1.13,1.88
2013.11.07 19:22:37.337,1.04483,1.04489,1.13,1.50
2013.11.07 19:22:37.397,1.04484,1.04491,1.88,2.25
2013.11.07 19:22:37.457,1.04484,1.04491,1.88,2.25
2013.11.07 19:22:37.577,1.04488,1.04494,1.13,1.13
2013.11.07 19:22:37.997,1.0449,1.04496,1.13,1.50
2013.11.07 19:22:38.237,1.0449,1.04498,1.88,1.88
2013.11.07 19:22:40.157,1.0449,1.04498,1.88,1.88
2013.11.07 19:22:45.417,1.0449,1.04498,2.63,1.13
2013.11.07 19:22:45.837,1.04491,1.04499,2.25,5.10
2013.11.07 19:23:11.298,1.0449,1.04498,1.50,2.10
2013.11.07 19:23:13.918,1.0449,1.04499,2.63,2.25
2013.11.07 19:23:15.767,1.04494,1.045,1.13,4.50
2013.11.07 19:23:15.947,1.04494,1.04503,1.13,3.75
2013.11.07 19:23:16.008,1.04494,1.04503,1.13,3.00
2013.11.07 19:23:16.127,1.04494,1.04503,1.13,3.75
2013.11.07 19:23:17.358,1.04494,1.04503,1.13,2.63
2013.11.07 19:23:26.627,1.04495,1.04503,1.50,1.50
2013.11.07 19:23:26.687,1.04498,1.04505,1.50,2.25
2013.11.07 19:23:26.747,1.045,1.04506,1.13,3.00
2013.11.07 19:23:27.423,1.045,1.04506,1.13,1.50
2013.11.07 19:23:27.547,1.045,1.04508,1.13,4.13
2013.11.07 19:23:38.787,1.04499,1.04506,1.13,1.50
2013.11.07 19:24:11.377,1.04499,1.04508,1.50,3.75
2013.11.07 19:24:11.617,1.045,1.04509,1.50,6.75
2013.11.07 19:24:11.737,1.045,1.04508,1.50,1.50
2013.11.07 19:24:13.518,1.045,1.04509,1.88,3.00
2013.11.07 19:24:16.107,1.045,1.04508,2.63,3.75
2013.11.07 19:24:16.887,1.045,1.04508,2.25,4.88
2013.11.07 19:24:17.682,1.045,1.04508,1.13,1.13
2013.11.07 19:24:26.587,1.045,1.04508,1.13,6.38
2013.11.07 19:24:43.457,1.045,1.04507,1.13,2.25
2013.11.07 19:24:46.537,1.04498,1.04506,1.13,2.63
2013.11.07 19:25:05.611,1.04494,1.04503,1.88,1.88
2013.11.07 19:25:16.627,1.04494,1.04503,1.88,1.88
2013.11.07 19:25:20.197,1.04494,1.04503,1.88,1.88
2013.11.07 19:25:21.808,1.04494,1.04503,2.25,1.88
2013.11.07 19:25:28.407,1.04496,1.04505,1.13,2.25
2013.11.07 19:25:28.527,1.04497,1.04506,1.13,7.50
2013.11.07 19:25:31.922,1.04497,1.04505,1.50,1.50
2013.11.07 19:25:39.287,1.04498,1.04505,1.13,1.50
2013.11.07 19:25:41.457,1.04498,1.04506,1.13,2.25
2013.11.07 19:25:45.847,1.04498,1.04505,1.13,1.50
2013.11.07 19:25:49.328,1.04495,1.04502,1.13,1.50
2013.11.07 19:25:49.387,1.04493,1.04501,1.88,1.13
2013.11.07 19:25:49.927,1.04491,1.045,1.13,6.00
2013.11.07 19:25:57.747,1.0449,1.04499,4.13,4.50
2013.11.07 19:26:05.948,1.0449,1.04496,2.63,1.50
2013.11.07 19:26:06.506,1.0449,1.04496,1.13,1.50
2013.11.07 19:26:14.338,1.04489,1.04496,1.88,1.50
2013.11.07 19:26:14.651,1.04487,1.04496,1.88,2.25
2013.11.07 19:26:15.211,1.04487,1.04496,1.13,2.25
2013.11.07 19:26:21.777,1.04487,1.04494,1.50,1.50
2013.11.07 19:26:29.338,1.04488,1.04495,1.13,1.50
2013.11.07 19:26:29.398,1.0449,1.04495,1.13,2.25
2013.11.07 19:26:29.462,1.0449,1.04496,1.50,1.50
2013.11.07 19:26:31.879,1.04491,1.04497,1.88,1.50
2013.11.07 19:26:31.998,1.04493,1.04499,1.50,1.50
2013.11.07 19:26:32.118,1.04497,1.04504,1.13,1.50
2013.11.07 19:26:32.298,1.04498,1.04506,1.88,1.50
2013.11.07 19:26:32.358,1.04498,1.04506,1.13,1.50
2013.11.07 19:26:32.778,1.04497,1.04505,2.25,3.00
2013.11.07 19:26:33.468,1.04497,1.04504,2.25,1.50
2013.11.07 19:26:35.664,1.04495,1.04502,1.13,2.25
2013.11.07 19:26:35.799,1.04488,1.04498,2.25,3.38
2013.11.07 19:26:35.918,1.04487,1.04497,1.50,2.25
2013.11.07 19:26:36.614,1.04487,1.04497,2.25,1.50
2013.11.07 19:26:38.587,1.04487,1.04497,1.50,2.25
2013.11.07 19:26:40.177,1.04487,1.04495,1.50,1.50
2013.11.07 19:26:40.937,1.04489,1.04497,1.50,3.00
2013.11.07 19:26:41.057,1.04489,1.04498,2.63,1.50
2013.11.07 19:26:57.318,1.04489,1.04497,2.25,3.00
2013.11.07 19:27:09.129,1.04489,1.04496,1.50,1.50
2013.11.07 19:27:16.788,1.04489,1.04497,2.25,1.50
2013.11.07 19:27:26.228,1.04489,1.04497,2.25,1.50
2013.11.07 19:27:30.158,1.04489,1.04497,2.25,1.50
2013.11.07 19:27:31.707,1.04489,1.04499,3.00,2.25
2013.11.07 19:27:33.497,1.04489,1.04498,2.25,2.25
2013.11.07 19:27:39.548,1.04489,1.04497,2.25,2.25
2013.11.07 19:27:45.404,1.04489,1.04497,1.88,1.50
2013.11.07 19:27:57.677,1.04489,1.04497,2.63,1.50
2013.11.07 19:28:08.865,1.04488,1.04497,1.88,1.50
2013.11.07 19:28:13.737,1.04488,1.04497,1.50,1.50
2013.11.07 19:28:15.287,1.0449,1.04499,1.50,2.25
2013.11.07 19:28:15.587,1.04492,1.045,2.25,3.00
2013.11.07 19:28:16.126,1.04493,1.045,2.25,1.50
2013.11.07 19:28:18.656,1.04493,1.04501,3.75,1.50
2013.11.07 19:28:18.958,1.04494,1.04503,1.50,2.25
2013.11.07 19:28:19.018,1.04495,1.04504,1.50,1.50
2013.11.07 19:28:19.258,1.04497,1.04505,1.50,1.50
2013.11.07 19:28:38.098,1.045,1.04506,1.13,1.50
2013.11.07 19:28:38.277,1.045,1.04507,1.13,1.50
2013.11.07 19:28:38.638,1.045,1.04508,1.13,1.50
2013.11.07 19:28:38.818,1.045,1.04509,1.13,2.25
2013.11.07 19:28:47.709,1.045,1.04509,1.13,2.85
2013.11.07 19:28:50.877,1.04499,1.04509,4.50,2.85
2013.11.07 19:28:59.678,1.045,1.04509,2.63,1.50
2013.11.07 19:29:10.988,1.045,1.04509,2.63,1.50
2013.11.07 19:29:14.369,1.04503,1.0451,2.25,2.25
2013.11.07 19:29:14.608,1.04508,1.04516,2.25,1.50
2013.11.07 19:29:14.967,1.04508,1.04521,2.25,2.63
2013.11.07 19:29:20.408,1.04509,1.04518,2.63,1.50
2013.11.07 19:29:20.950,1.04509,1.04518,2.25,2.85
2013.11.07 19:29:23.282,1.04509,1.04518,3.00,1.35
2013.11.07 19:29:23.528,1.04511,1.0452,1.50,1.88
2013.11.07 19:29:25.592,1.0451,1.0452,2.25,2.63
2013.11.07 19:29:25.662,1.0451,1.0452,1.50,5.48
2013.11.07 19:29:26.932,1.04509,1.04519,5.63,5.25
2013.11.07 19:29:27.278,1.04509,1.04517,5.63,3.75
2013.11.07 19:29:27.787,1.04509,1.04517,2.25,3.75
2013.11.07 19:29:28.475,1.04509,1.04518,2.25,1.50
2013.11.07 19:29:28.778,1.04506,1.04515,1.50,5.10
2013.11.07 19:29:39.857,1.04505,1.04515,3.00,5.85
2013.11.07 19:30:01.527,1.04505,1.04515,3.00,1.73
2013.11.07 19:30:02.029,1.04507,1.04515,2.63,4.50
2013.11.07 19:30:02.448,1.04502,1.04509,1.13,1.50
2013.11.07 19:30:02.508,1.04499,1.04507,2.63,1.50
2013.11.07 19:30:02.567,1.04498,1.04507,2.25,1.50
2013.11.07 19:30:03.142,1.04497,1.04507,4.88,1.50
2013.11.07 19:30:03.691,1.04498,1.04508,1.50,3.75
2013.11.07 19:30:14.909,1.04497,1.04507,2.63,2.25
2013.11.07 19:30:15.129,1.04497,1.04507,2.63,1.50
2013.11.07 19:30:17.277,1.04497,1.04507,2.63,3.00
2013.11.07 19:30:20.261,1.04497,1.04506,2.63,1.50
2013.11.07 19:30:34.931,1.04497,1.04507,2.63,3.00
2013.11.07 19:30:35.240,1.04505,1.04509,1.13,1.50
2013.11.07 19:30:35.360,1.04505,1.04515,2.63,3.00
2013.11.07 19:30:35.870,1.04506,1.04515,1.50,2.25
2013.11.07 19:30:36.838,1.04505,1.04515,2.63,3.00
2013.11.07 19:30:37.428,1.04504,1.04514,3.00,2.25
2013.11.07 19:30:37.929,1.04504,1.04514,1.50,3.00
2013.11.07 19:30:38.466,1.04505,1.04514,3.00,1.50
2013.11.07 19:30:39.272,1.04504,1.04514,3.38,2.25
2013.11.07 19:30:40.111,1.04505,1.04514,3.00,1.50
2013.11.07 19:30:40.718,1.04504,1.04514,3.75,2.25
2013.11.07 19:30:41.199,1.04504,1.04512,1.50,1.50
2013.11.07 19:30:41.379,1.04501,1.04511,1.88,3.75
2013.11.07 19:30:41.681,1.04503,1.04513,2.63,3.38
2013.11.07 19:30:41.859,1.04504,1.04514,3.00,5.25
2013.11.07 19:30:43.641,1.04504,1.04514,2.25,2.25
2013.11.07 19:30:44.008,1.04503,1.04513,2.63,1.50
2013.11.07 19:30:44.427,1.04502,1.04511,2.25,1.50
2013.11.07 19:30:44.967,1.04503,1.04512,1.50,1.50
2013.11.07 19:30:45.088,1.04506,1.04512,1.13,1.50
2013.11.07 19:30:45.208,1.04507,1.04515,3.75,6.75
2013.11.07 19:30:45.268,1.04507,1.04516,4.50,1.50
2013.11.07 19:30:45.508,1.04504,1.04513,1.13,1.50
2013.11.07 19:30:45.568,1.04503,1.04513,2.25,1.50
2013.11.07 19:30:46.107,1.04503,1.04513,1.50,2.25
2013.11.07 19:30:48.112,1.04503,1.04513,2.25,2.25
2013.11.07 19:30:48.238,1.04504,1.04513,1.50,1.50
2013.11.07 19:30:49.937,1.04504,1.04513,1.50,1.50
2013.11.07 19:30:50.480,1.04503,1.04513,1.50,2.25
2013.11.07 19:30:50.845,1.04501,1.04511,2.63,3.00
2013.11.07 19:30:51.209,1.045,1.0451,3.38,2.25
2013.11.07 19:30:51.718,1.04499,1.04508,2.25,2.25
2013.11.07 19:30:52.243,1.04499,1.04508,1.13,2.25
2013.11.07 19:30:54.057,1.04499,1.04508,1.13,2.63
2013.11.07 19:30:54.238,1.04497,1.04503,3.75,1.13
2013.11.07 19:30:54.302,1.04495,1.04503,2.25,1.13
2013.11.07 19:30:54.372,1.04497,1.04504,1.50,3.00
2013.11.07 19:30:54.441,1.04499,1.04505,2.63,1.35
2013.11.07 19:30:54.510,1.045,1.04507,2.10,1.50
2013.11.07 19:30:54.938,1.04502,1.04508,2.25,1.50
2013.11.07 19:30:55.248,1.04502,1.04511,3.00,2.25
2013.11.07 19:30:57.178,1.04503,1.04511,1.50,1.50
2013.11.07 19:30:57.611,1.04503,1.04512,1.88,3.00
2013.11.07 19:30:59.512,1.04503,1.04512,1.13,3.00
2013.11.07 19:30:59.760,1.04502,1.04511,1.88,3.75
2013.11.07 19:31:00.001,1.04501,1.04511,3.38,5.25
2013.11.07 19:31:00.808,1.04502,1.04511,1.50,4.50
2013.11.07 19:31:00.868,1.04502,1.04511,2.25,2.25
2013.11.07 19:31:01.229,1.04501,1.04511,4.13,3.75
2013.11.07 19:31:02.936,1.04501,1.0451,3.38,1.50
2013.11.07 19:31:04.797,1.04501,1.0451,3.38,1.50
2013.11.07 19:31:05.927,1.04502,1.0451,1.88,1.50
2013.11.07 19:31:06.488,1.04503,1.0451,2.25,1.50
2013.11.07 19:31:08.830,1.04503,1.04511,2.63,1.50
2013.11.07 19:31:09.998,1.04503,1.04511,1.13,1.50
2013.11.07 19:31:11.958,1.04503,1.04511,1.50,2.25
2013.11.07 19:31:12.555,1.04503,1.04511,1.50,1.13
2013.11.07 19:31:14.878,1.04503,1.04513,2.63,3.00
2013.11.07 19:31:14.998,1.04504,1.04514,2.63,2.25
2013.11.07 19:31:15.566,1.04505,1.04514,2.25,2.25
2013.11.07 19:31:16.207,1.04504,1.04514,1.88,3.00
2013.11.07 19:31:18.471,1.04504,1.04513,1.13,1.50
2013.11.07 19:31:19.363,1.04505,1.04513,1.50,1.50
2013.11.07 19:31:19.950,1.04505,1.04515,3.00,2.25
2013.11.07 19:31:22.271,1.04506,1.04515,1.13,2.25
2013.11.07 19:31:22.603,1.04512,1.04517,1.50,1.50
2013.11.07 19:31:23.214,1.04513,1.0452,1.88,3.75
2013.11.07 19:31:25.090,1.04512,1.04518,4.88,1.50
2013.11.07 19:31:25.628,1.04511,1.04518,5.10,1.13
2013.11.07 19:31:25.689,1.04509,1.04518,1.50,1.13
2013.11.07 19:31:26.249,1.04508,1.04518,3.00,3.00
2013.11.07 19:31:26.974,1.04508,1.04518,3.00,3.00
2013.11.07 19:31:27.490,1.04507,1.04517,2.25,2.25
2013.11.07 19:31:27.998,1.04509,1.04519,1.88,3.75
2013.11.07 19:31:28.492,1.04509,1.04519,2.63,3.00
2013.11.07 19:31:29.394,1.04509,1.04519,1.88,3.00
2013.11.07 19:31:29.908,1.04509,1.04518,1.88,1.88
2013.11.07 19:31:30.149,1.04507,1.04517,2.25,1.50
2013.11.07 19:31:30.499,1.04507,1.04517,1.50,1.50
2013.11.07 19:31:31.049,1.04507,1.04517,1.50,2.25
2013.11.07 19:31:31.370,1.04509,1.04518,2.63,2.63
2013.11.07 19:31:31.430,1.04509,1.04518,3.38,1.13
2013.11.07 19:31:31.990,1.04508,1.04518,1.88,2.63
2013.11.07 19:31:32.746,1.04509,1.04518,1.88,1.88
2013.11.07 19:31:33.098,1.04512,1.04519,1.50,1.88
2013.11.07 19:31:33.280,1.04514,1.04521,1.50,1.50
2013.11.07 19:31:33.820,1.04513,1.0452,1.88,2.85
2013.11.07 19:31:34.000,1.04511,1.04519,1.50,1.35
2013.11.07 19:31:34.369,1.04509,1.04518,2.25,2.63
2013.11.07 19:31:38.061,1.04509,1.04517,1.50,2.10
2013.11.07 19:31:38.419,1.04508,1.04514,1.13,3.75
2013.11.07 19:31:38.478,1.04508,1.04518,1.88,4.88
2013.11.07 19:31:40.029,1.04507,1.04516,2.63,1.50
2013.11.07 19:31:40.656,1.04507,1.04515,1.13,1.50
2013.11.07 19:31:41.800,1.04506,1.04515,2.63,1.50
2013.11.07 19:31:42.872,1.04507,1.04515,1.50,1.50
2013.11.07 19:31:43.669,1.04507,1.04517,2.25,1.50
2013.11.07 19:31:44.386,1.04507,1.04516,3.00,1.50
2013.11.07 19:31:44.464,1.04506,1.04515,2.63,1.50
2013.11.07 19:31:46.609,1.04506,1.04513,1.88,1.13
2013.11.07 19:31:46.668,1.04503,1.04511,6.00,2.25
2013.11.07 19:31:47.030,1.04501,1.04509,1.50,1.50
2013.11.07 19:31:47.148,1.045,1.04509,1.13,1.50
2013.11.07 19:31:48.988,1.04499,1.04508,1.50,1.50
2013.11.07 19:31:49.947,1.04499,1.04508,1.88,1.50
2013.11.07 19:31:53.400,1.04498,1.04506,2.63,1.50
2013.11.07 19:31:53.520,1.04498,1.04506,1.50,1.50
2013.11.07 19:31:53.580,1.04497,1.04506,1.13,2.25
2013.11.07 19:31:54.347,1.04497,1.04506,1.13,2.25
2013.11.07 19:32:06.108,1.04502,1.04508,2.48,3.75
2013.11.07 19:32:06.168,1.04506,1.0451,1.50,2.25
2013.11.07 19:32:06.228,1.04505,1.04512,3.00,6.00
2013.11.07 19:32:06.348,1.04505,1.0451,2.25,1.13
2013.11.07 19:32:06.528,1.04502,1.04508,1.88,1.50
2013.11.07 19:32:06.889,1.045,1.04508,6.00,1.50
2013.11.07 19:32:07.010,1.04498,1.04508,2.25,2.25
2013.11.07 19:32:07.567,1.04497,1.04507,6.38,1.50
2013.11.07 19:32:08.108,1.04497,1.04507,5.63,2.25
2013.11.07 19:32:09.708,1.04497,1.04507,5.25,1.50
2013.11.07 19:32:10.256,1.04497,1.04507,1.50,2.25
2013.11.07 19:32:12.918,1.04497,1.04506,1.13,2.25
2013.11.07 19:32:20.339,1.04497,1.04505,1.13,1.50
2013.11.07 19:32:21.559,1.04497,1.04506,6.00,1.50
2013.11.07 19:32:35.619,1.04496,1.04504,1.50,3.00
2013.11.07 19:32:35.984,1.04495,1.04503,1.50,2.25
2013.11.07 19:32:36.110,1.04493,1.04503,2.63,2.25
2013.11.07 19:32:36.180,1.04496,1.04503,1.50,1.13
2013.11.07 19:32:36.599,1.04493,1.04502,1.88,1.88
2013.11.07 19:32:36.900,1.04491,1.04499,3.75,3.00
2013.11.07 19:32:36.962,1.04491,1.04499,1.50,2.25
2013.11.07 19:32:37.089,1.04491,1.04497,1.50,1.50
2013.11.07 19:32:37.388,1.04488,1.04497,2.63,1.50
2013.11.07 19:32:37.939,1.04488,1.04496,1.50,1.50
2013.11.07 19:32:38.060,1.04487,1.04496,2.25,1.50
2013.11.07 19:32:38.670,1.04487,1.04495,1.50,1.50
2013.11.07 19:32:40.389,1.04487,1.04497,1.50,3.00
2013.11.07 19:32:43.002,1.04487,1.04497,2.25,2.25
2013.11.07 19:32:44.970,1.04491,1.04498,1.50,1.88
2013.11.07 19:32:45.328,1.04495,1.04501,1.50,2.25
2013.11.07 19:32:46.083,1.04497,1.04507,2.63,2.25
2013.11.07 19:32:55.029,1.04497,1.04504,2.25,1.50
2013.11.07 19:32:55.570,1.04497,1.04506,1.88,1.50
2013.11.07 19:32:55.638,1.04497,1.04507,1.88,2.25
2013.11.07 19:32:56.178,1.04498,1.04508,1.50,6.00
2013.11.07 19:32:57.959,1.04497,1.04507,2.63,2.25
2013.11.07 19:33:01.848,1.04497,1.04507,3.00,2.25
2013.11.07 19:33:03.629,1.04499,1.04509,3.00,2.25
2013.11.07 19:33:04.169,1.04499,1.04509,4.50,1.50
2013.11.07 19:33:05.404,1.045,1.04509,1.50,1.50
2013.11.07 19:33:05.990,1.04501,1.04509,1.50,1.50
2013.11.07 19:33:06.528,1.04498,1.04508,3.00,1.88
2013.11.07 19:33:08.838,1.04498,1.04508,2.25,4.13
2013.11.07 19:33:09.383,1.04497,1.04507,2.63,1.50
2013.11.07 19:33:10.089,1.045,1.04508,1.50,4.13
2013.11.07 19:33:10.211,1.04498,1.04508,2.25,4.13
2013.11.07 19:33:10.888,1.04499,1.04508,2.25,1.50
2013.11.07 19:33:11.009,1.045,1.04509,1.50,1.50
2013.11.07 19:33:11.369,1.04504,1.0451,2.63,1.50
2013.11.07 19:33:11.672,1.04506,1.04515,1.50,1.50
2013.11.07 19:33:12.230,1.04507,1.04516,1.50,2.25
2013.11.07 19:33:12.711,1.04507,1.04516,1.50,3.00
2013.11.07 19:33:13.068,1.04501,1.04508,1.50,1.50
2013.11.07 19:33:13.370,1.04499,1.04508,2.25,2.25
2013.11.07 19:33:15.558,1.04499,1.04508,1.50,4.13
2013.11.07 19:33:17.057,1.04498,1.04508,1.50,4.13
2013.11.07 19:33:17.828,1.04498,1.04506,1.50,1.13
2013.11.07 19:33:18.132,1.04497,1.04504,1.13,1.50
2013.11.07 19:33:18.260,1.04497,1.04507,2.63,1.50
2013.11.07 19:33:18.939,1.04498,1.04508,1.50,5.25
2013.11.07 19:33:22.281,1.04499,1.04507,1.50,1.50
2013.11.07 19:33:22.822,1.04501,1.0451,1.50,3.00
2013.11.07 19:33:23.381,1.04501,1.0451,2.25,3.00
2013.11.07 19:33:23.688,1.04501,1.04511,3.38,2.25
2013.11.07 19:33:23.748,1.04504,1.04511,1.50,1.50
2013.11.07 19:33:24.108,1.04505,1.04515,1.50,2.25
2013.11.07 19:33:24.530,1.04505,1.04515,1.50,2.25
2013.11.07 19:33:24.709,1.0451,1.04519,1.50,1.88
2013.11.07 19:33:24.768,1.0451,1.04519,1.50,1.50
2013.11.07 19:33:25.310,1.04509,1.04518,2.63,1.88
2013.11.07 19:33:33.348,1.0451,1.04518,1.50,2.25
2013.11.07 19:33:39.248,1.0451,1.04518,1.50,2.63
2013.11.07 19:33:39.891,1.04511,1.04518,1.50,2.63
2013.11.07 19:33:40.518,1.0451,1.04518,1.50,2.63
2013.11.07 19:33:41.213,1.04509,1.04518,1.50,2.63
2013.11.07 19:33:49.170,1.04509,1.04518,3.00,1.88
2013.11.07 19:33:49.659,1.0451,1.04518,1.88,1.13
2013.11.07 19:33:50.184,1.0451,1.0452,2.63,3.00
2013.11.07 19:33:50.428,1.04513,1.04523,1.50,4.50
2013.11.07 19:33:50.548,1.04514,1.04523,1.50,3.00
2013.11.07 19:33:51.068,1.04514,1.04523,1.50,2.25
2013.11.07 19:33:51.880,1.04514,1.04523,1.50,3.00
2013.11.07 19:33:52.381,1.04514,1.04523,1.50,4.13
2013.11.07 19:33:53.609,1.04513,1.04521,2.25,1.50
2013.11.07 19:33:53.992,1.04512,1.0452,3.38,2.10
2013.11.07 19:33:58.868,1.04512,1.0452,2.63,2.85
2013.11.07 19:33:58.989,1.04514,1.04522,1.50,1.50
2013.11.07 19:33:59.530,1.04514,1.04523,2.25,1.13
2013.11.07 19:34:00.088,1.04514,1.04523,2.25,1.88
2013.11.07 19:34:00.909,1.04513,1.04523,1.50,8.25
2013.11.07 19:34:01.378,1.04514,1.04522,1.50,2.25
2013.11.07 19:34:02.338,1.04514,1.0452,1.50,2.85
2013.11.07 19:34:02.578,1.04509,1.04518,1.50,2.25
2013.11.07 19:34:04.692,1.04512,1.0452,1.50,1.13
2013.11.07 19:34:04.759,1.04512,1.04521,1.88,2.25
2013.11.07 19:34:08.509,1.04514,1.04521,1.13,3.00
2013.11.07 19:34:08.748,1.04513,1.0452,1.50,1.50
2013.11.07 19:34:08.928,1.04512,1.0452,1.88,1.50
2013.11.07 19:34:12.798,1.04512,1.0452,1.88,2.25
2013.11.07 19:34:20.186,1.04512,1.04521,1.88,7.13
2013.11.07 19:34:20.538,1.04512,1.04521,1.88,2.25
2013.11.07 19:34:21.156,1.04512,1.04521,1.88,2.25
2013.11.07 19:34:21.860,1.04512,1.0452,1.88,1.50
2013.11.07 19:34:22.449,1.04512,1.0452,1.13,2.25
2013.11.07 19:34:25.831,1.04516,1.04523,1.13,3.38
2013.11.07 19:34:25.950,1.04519,1.04524,1.50,3.75
2013.11.07 19:34:26.009,1.04519,1.0453,2.63,3.75
2013.11.07 19:34:26.428,1.04519,1.04526,1.50,1.50
2013.11.07 19:34:26.549,1.04517,1.04525,2.25,1.50
2013.11.07 19:34:27.328,1.04517,1.04527,3.75,1.50
2013.11.07 19:34:27.911,1.04518,1.04528,2.25,3.00
2013.11.07 19:34:28.438,1.04517,1.04527,3.75,1.50
2013.11.07 19:34:29.609,1.04518,1.04528,2.25,6.75
2013.11.07 19:34:30.308,1.04517,1.04527,3.00,2.25
2013.11.07 19:34:33.664,1.04513,1.04521,1.88,3.00
2013.11.07 19:34:33.732,1.04513,1.0452,1.50,1.50
2013.11.07 19:34:34.261,1.04512,1.0452,1.13,1.50
2013.11.07 19:34:44.973,1.04512,1.04521,1.88,3.00
2013.11.07 19:34:46.814,1.04513,1.04521,1.50,2.25
2013.11.07 19:34:47.059,1.04514,1.04524,1.50,2.63
2013.11.07 19:34:47.599,1.04515,1.04524,1.50,1.13
2013.11.07 19:34:50.818,1.04516,1.04525,1.50,2.25
2013.11.07 19:34:52.509,1.04516,1.04525,2.25,1.50
2013.11.07 19:34:53.049,1.04517,1.04526,1.50,2.63
2013.11.07 19:34:54.579,1.04516,1.04525,3.75,2.25
2013.11.07 19:34:54.639,1.04515,1.04522,1.50,2.25
2013.11.07 19:34:54.760,1.04513,1.04522,1.50,2.63
2013.11.07 19:34:55.731,1.04513,1.04522,1.50,1.50
2013.11.07 19:34:56.948,1.04513,1.04522,1.50,2.25
2013.11.07 19:34:57.499,1.04512,1.04521,1.50,1.50
2013.11.07 19:34:59.619,1.04514,1.04522,2.25,1.50
2013.11.07 19:34:59.918,1.04515,1.04523,1.50,1.50
2013.11.07 19:35:00.239,1.04516,1.04524,1.50,1.88
2013.11.07 19:35:06.750,1.04517,1.04526,1.50,1.50
2013.11.07 19:35:09.399,1.04517,1.04526,2.25,1.50
2013.11.07 19:35:09.970,1.04518,1.04526,1.50,1.50
2013.11.07 19:35:15.619,1.04519,1.04527,1.13,1.50
2013.11.07 19:35:15.919,1.04519,1.04529,3.75,1.88
2013.11.07 19:35:16.478,1.04519,1.04529,2.25,2.63
2013.11.07 19:35:17.833,1.04519,1.04529,2.25,2.25
2013.11.07 19:35:18.088,1.0452,1.04529,1.50,2.25
2013.11.07 19:35:19.112,1.04519,1.04529,3.00,2.25
2013.11.07 19:35:19.382,1.04519,1.04529,2.25,2.25
2013.11.07 19:35:21.194,1.04519,1.04529,2.25,2.85
2013.11.07 19:35:26.128,1.04519,1.04528,1.50,1.50
2013.11.07 19:35:31.583,1.04519,1.04529,1.50,2.63
2013.11.07 19:35:32.278,1.0452,1.04529,3.00,1.88
2013.11.07 19:35:33.598,1.0452,1.04529,3.00,1.88
2013.11.07 19:35:36.228,1.04521,1.04527,1.50,1.13
2013.11.07 19:35:39.238,1.0452,1.04529,3.00,1.88
2013.11.07 19:35:39.638,1.0452,1.04528,3.75,1.13
2013.11.07 19:35:39.818,1.04519,1.04527,2.25,1.50
2013.11.07 19:35:40.058,1.04519,1.04526,2.25,1.13
2013.11.07 19:35:43.198,1.04517,1.04527,2.63,3.23
2013.11.07 19:35:43.738,1.04518,1.04526,1.50,1.50
2013.11.07 19:35:44.545,1.04519,1.04527,3.00,1.50
2013.11.07 19:35:45.608,1.0452,1.04527,1.50,1.50
2013.11.07 19:35:45.668,1.0452,1.04528,1.50,3.00
2013.11.07 19:35:46.223,1.04519,1.04528,3.00,3.00
2013.11.07 19:35:49.068,1.0452,1.04528,1.50,3.00
2013.11.07 19:35:49.609,1.0452,1.04528,1.50,3.00
2013.11.07 19:35:52.188,1.04519,1.04528,3.00,3.00
2013.11.07 19:35:52.550,1.04516,1.04524,2.25,1.50
2013.11.07 19:35:52.609,1.04515,1.04523,2.63,1.13
2013.11.07 19:35:53.268,1.04515,1.04521,3.00,1.50
2013.11.07 19:35:53.328,1.04514,1.04521,2.25,1.50
2013.11.07 19:35:54.032,1.04512,1.04521,1.50,2.25
2013.11.07 19:35:54.349,1.04512,1.0452,1.50,1.13
2013.11.07 19:35:54.817,1.04512,1.0452,1.50,1.13
2013.11.07 19:35:54.938,1.04514,1.04522,1.50,1.50
2013.11.07 19:35:55.059,1.04514,1.04523,2.25,1.50
2013.11.07 19:35:55.735,1.04514,1.04523,1.50,1.50
2013.11.07 19:35:56.588,1.04515,1.04523,1.50,1.50
2013.11.07 19:35:57.051,1.04518,1.04524,1.50,1.50
2013.11.07 19:35:57.520,1.04519,1.04528,1.88,2.25
2013.11.07 19:35:58.371,1.0452,1.04528,1.50,1.50
2013.11.07 19:35:58.491,1.04518,1.04527,1.88,1.88
2013.11.07 19:35:59.388,1.04519,1.04527,1.50,1.13
2013.11.07 19:35:59.940,1.04518,1.04528,2.25,2.63
2013.11.07 19:36:00.473,1.04518,1.04527,1.50,1.50
2013.11.07 19:36:07.129,1.04515,1.04523,1.88,1.50
2013.11.07 19:36:07.248,1.04513,1.04522,1.13,1.50
2013.11.07 19:36:07.806,1.04512,1.04522,3.38,1.50
2013.11.07 19:36:08.590,1.04512,1.0452,2.25,1.13
2013.11.07 19:36:15.738,1.0451,1.04519,3.38,1.50
2013.11.07 19:36:28.880,1.0451,1.04519,3.38,1.50
2013.11.07 19:36:29.573,1.0451,1.04519,2.63,1.50
2013.11.07 19:36:29.760,1.04516,1.04526,5.48,4.88
2013.11.07 19:36:29.895,1.04517,1.04526,1.13,2.63
2013.11.07 19:36:30.438,1.04516,1.04526,1.50,2.25
2013.11.07 19:36:31.838,1.04516,1.04526,4.73,2.25
2013.11.07 19:36:31.958,1.04519,1.04526,1.50,1.50
2013.11.07 19:36:33.818,1.04518,1.04527,1.13,1.50
2013.11.07 19:36:34.119,1.04516,1.04526,3.00,2.63
2013.11.07 19:36:34.508,1.04516,1.04526,1.50,2.63
2013.11.07 19:36:35.051,1.04515,1.04523,1.13,1.50
2013.11.07 19:36:35.321,1.04515,1.04523,1.88,1.50
2013.11.07 19:36:35.869,1.04515,1.04525,2.25,2.25
2013.11.07 19:36:37.468,1.04515,1.04525,2.25,2.25
2013.11.07 19:36:39.079,1.04515,1.04525,1.50,2.25
2013.11.07 19:36:39.786,1.04518,1.04525,1.50,2.25
2013.11.07 19:36:40.518,1.04519,1.04527,1.13,2.25
2013.11.07 19:36:41.779,1.04519,1.04526,1.13,1.50
2013.11.07 19:36:55.219,1.04517,1.04524,1.13,1.50
2013.11.07 19:36:55.579,1.04512,1.04519,2.63,1.50
2013.11.07 19:36:55.819,1.04512,1.04519,1.13,1.50
2013.11.07 19:36:56.059,1.0451,1.04518,3.38,1.50
2013.11.07 19:36:56.418,1.04513,1.0452,3.75,1.50
2013.11.07 19:37:01.859,1.04516,1.0452,2.48,2.25
2013.11.07 19:37:02.101,1.04516,1.04522,2.48,1.50
2013.11.07 19:37:02.221,1.04514,1.0452,1.13,1.88
2013.11.07 19:37:03.250,1.04514,1.04521,1.50,2.25
2013.11.07 19:37:03.308,1.04514,1.04522,6.00,1.88
2013.11.07 19:37:03.368,1.04517,1.04524,1.50,1.50
2013.11.07 19:37:03.556,1.04515,1.04524,4.88,1.50
2013.11.07 19:37:09.260,1.04517,1.04523,1.50,1.50
2013.11.07 19:37:10.190,1.04515,1.04525,6.38,1.50
2013.11.07 19:37:10.730,1.04515,1.04523,1.13,1.50
2013.11.07 19:37:11.241,1.04512,1.04521,1.50,2.25
2013.11.07 19:37:11.795,1.04511,1.0452,3.38,1.50
2013.11.07 19:37:12.358,1.04512,1.04521,5.63,1.50
2013.11.07 19:37:12.901,1.04513,1.04521,1.50,1.50
2013.11.07 19:37:12.960,1.04512,1.04521,1.13,2.25
2013.11.07 19:37:14.889,1.04511,1.04519,1.50,1.50
2013.11.07 19:37:18.620,1.0451,1.04519,5.63,1.50
2013.11.07 19:37:34.018,1.04511,1.04521,3.00,3.00
2013.11.07 19:37:36.019,1.0451,1.0452,7.50,1.50
2013.11.07 19:37:36.808,1.0451,1.0452,3.75,2.25
2013.11.07 19:37:37.593,1.0451,1.0452,3.00,3.00
2013.11.07 19:37:40.748,1.0451,1.0452,6.00,3.00
2013.11.07 19:37:41.298,1.04511,1.0452,3.75,3.00
2013.11.07 19:37:41.658,1.0451,1.04519,1.50,2.25
2013.11.07 19:38:02.069,1.04509,1.04519,10.73,2.25
2013.11.07 19:38:16.228,1.04509,1.04519,9.23,2.25
2013.11.07 19:38:18.040,1.04509,1.04518,5.48,1.50
2013.11.07 19:38:27.058,1.04509,1.04518,8.85,2.25
2013.11.07 19:38:27.420,1.04512,1.04519,1.13,1.50
2013.11.07 19:38:31.669,1.0451,1.04518,1.50,1.50
2013.11.07 19:38:32.508,1.0451,1.04519,2.25,3.00
2013.11.07 19:38:33.048,1.04512,1.04519,1.13,1.50
2013.11.07 19:38:43.938,1.04509,1.04519,3.38,2.25
2013.11.07 19:38:47.099,1.04509,1.04519,3.00,2.25
2013.11.07 19:38:48.119,1.04509,1.04519,3.00,1.50
2013.11.07 19:38:53.833,1.04509,1.04519,2.25,5.25
2013.11.07 19:39:04.107,1.04509,1.04517,2.25,1.50
2013.11.07 19:39:20.317,1.04509,1.04514,2.25,1.50
2013.11.07 19:39:20.619,1.04509,1.04514,1.50,2.25
2013.11.07 19:39:20.748,1.04506,1.04514,1.50,1.50
2013.11.07 19:39:21.270,1.04506,1.04516,2.25,2.25
2013.11.07 19:39:22.147,1.04506,1.04516,2.25,2.25
2013.11.07 19:39:25.598,1.04506,1.04516,2.25,2.25
2013.11.07 19:39:26.815,1.04509,1.04518,1.13,2.25
2013.11.07 19:39:27.119,1.04508,1.04516,1.50,1.50
2013.11.07 19:39:30.258,1.04509,1.04517,1.13,1.50
2013.11.07 19:39:31.099,1.04509,1.04517,1.13,1.50
2013.11.07 19:39:43.857,1.04509,1.04518,1.13,1.50
2013.11.07 19:39:45.318,1.04509,1.04517,1.13,1.50
2013.11.07 19:40:01.791,1.04509,1.04516,1.13,1.50
2013.11.07 19:40:07.670,1.04508,1.04515,1.50,4.65
2013.11.07 19:40:07.730,1.04507,1.04514,1.13,2.25
2013.11.07 19:40:07.788,1.04507,1.04513,1.13,1.50
2013.11.07 19:40:08.028,1.04502,1.04509,1.13,1.50
2013.11.07 19:40:08.208,1.04499,1.04509,5.10,1.50
2013.11.07 19:40:09.409,1.04499,1.04509,4.73,2.25
2013.11.07 19:40:10.300,1.04497,1.04507,5.25,1.50
2013.11.07 19:40:10.839,1.04499,1.04508,1.35,3.00
2013.11.07 19:40:15.097,1.04498,1.04507,3.60,1.50
2013.11.07 19:40:17.846,1.04498,1.04507,4.35,1.50
2013.11.07 19:40:22.919,1.04498,1.04506,1.50,1.50
2013.11.07 19:40:23.352,1.04499,1.04505,1.50,2.25
2013.11.07 19:40:23.480,1.04497,1.04504,6.75,1.50
2013.11.07 19:40:23.601,1.04497,1.04503,5.25,1.88
2013.11.07 19:40:23.958,1.04492,1.045,1.50,1.50
2013.11.07 19:40:24.140,1.04489,1.04499,8.25,1.50
2013.11.07 19:40:24.751,1.04489,1.04499,3.38,2.25
2013.11.07 19:40:25.149,1.04489,1.04499,3.38,2.25
2013.11.07 19:40:25.718,1.04489,1.04499,3.75,2.63
2013.11.07 19:40:25.838,1.0449,1.04499,1.13,2.63
2013.11.07 19:40:26.589,1.04489,1.04499,2.63,2.54
2013.11.07 19:40:28.909,1.04489,1.04497,1.13,1.50
2013.11.07 19:40:29.438,1.0449,1.04499,1.50,2.08
2013.11.07 19:40:29.561,1.04491,1.045,2.25,2.45
2013.11.07 19:40:29.859,1.0449,1.04499,2.82,1.04
2013.11.07 19:40:29.979,1.04489,1.04499,5.25,2.54
2013.11.07 19:40:30.648,1.04489,1.04498,3.00,1.50
2013.11.07 19:40:33.920,1.04489,1.04499,5.10,2.54
2013.11.07 19:40:33.979,1.04492,1.04499,1.50,1.79
2013.11.07 19:40:34.158,1.04491,1.045,4.88,1.50
2013.11.07 19:40:34.279,1.04493,1.045,5.25,1.50
2013.11.07 19:40:35.308,1.04492,1.04501,7.73,1.88
2013.11.07 19:40:35.846,1.04492,1.04501,2.85,1.88
2013.11.07 19:40:36.688,1.04492,1.045,2.85,1.50
2013.11.07 19:40:36.989,1.04489,1.04499,8.25,2.25
2013.11.07 19:40:41.518,1.04489,1.04498,1.13,1.50
2013.11.07 19:40:50.485,1.0449,1.04498,3.75,1.50
2013.11.07 19:40:51.038,1.0449,1.045,5.25,3.38
2013.11.07 19:40:51.579,1.04491,1.045,2.25,1.88
2013.11.07 19:40:58.184,1.04494,1.04501,1.50,1.50
2013.11.07 19:40:58.490,1.04499,1.04507,1.50,1.50
2013.11.07 19:40:58.612,1.04498,1.04506,1.50,1.50
2013.11.07 19:40:58.741,1.04496,1.04503,1.50,1.50
2013.11.07 19:40:58.919,1.04496,1.04504,3.00,2.25
2013.11.07 19:40:59.099,1.04497,1.04507,2.63,1.50
2013.11.07 19:41:01.019,1.04497,1.04506,1.88,1.50
2013.11.07 19:41:02.659,1.04498,1.04507,2.25,2.25
2013.11.07 19:41:02.960,1.04499,1.04508,1.13,1.88
2013.11.07 19:41:03.513,1.04498,1.04508,2.25,2.63
2013.11.07 19:41:04.071,1.04498,1.04508,1.50,4.13
2013.11.07 19:41:13.009,1.04497,1.04506,2.63,1.50
2013.11.07 19:41:13.711,1.04498,1.04507,1.50,1.50
2013.11.07 19:41:14.539,1.04497,1.04506,2.63,1.50
2013.11.07 19:41:15.581,1.04498,1.04508,2.25,2.63
2013.11.07 19:41:15.760,1.04502,1.04509,1.50,2.25
2013.11.07 19:41:15.819,1.04502,1.0451,1.88,1.50
2013.11.07 19:41:15.879,1.04502,1.0451,2.63,1.50
2013.11.07 19:41:16.000,1.04504,1.04513,1.50,2.63
2013.11.07 19:41:19.053,1.04504,1.04513,1.50,1.50
2013.11.07 19:41:20.459,1.04505,1.04515,2.25,1.50
2013.11.07 19:41:22.800,1.04506,1.04515,1.50,1.50
2013.11.07 19:41:40.322,1.04506,1.04512,1.50,1.50
2013.11.07 19:41:40.559,1.04501,1.04508,1.13,1.50
2013.11.07 19:41:41.090,1.045,1.04509,1.13,3.00
2013.11.07 19:41:43.589,1.04502,1.0451,1.50,1.50
2013.11.07 19:41:44.211,1.04502,1.0451,2.25,1.50
2013.11.07 19:41:48.440,1.04503,1.04512,1.50,1.50
2013.11.07 19:41:48.980,1.04503,1.04513,2.25,1.50
2013.11.07 19:41:49.619,1.04503,1.04513,2.25,1.50
2013.11.07 19:41:50.192,1.04505,1.04515,1.50,2.25
2013.11.07 19:41:50.259,1.04505,1.04515,3.00,2.25
2013.11.07 19:41:50.563,1.04505,1.04515,1.50,3.00
2013.11.07 19:41:51.069,1.04504,1.04513,1.13,1.50
2013.11.07 19:41:52.600,1.04504,1.04513,1.13,1.50
2013.11.07 19:41:54.136,1.04503,1.04513,3.00,1.50
2013.11.07 19:41:55.820,1.04505,1.04515,2.25,1.50
2013.11.07 19:41:55.939,1.04507,1.04515,1.13,1.50
2013.11.07 19:41:56.479,1.04505,1.04515,3.75,2.25
2013.11.07 19:42:03.500,1.04506,1.04515,2.25,1.50
2013.11.07 19:42:03.862,1.04504,1.04513,1.13,1.50
2013.11.07 19:42:07.180,1.04503,1.04513,1.50,2.25
2013.11.07 19:42:09.692,1.04503,1.04513,3.00,2.25
2013.11.07 19:42:10.215,1.04503,1.04513,3.00,1.50
2013.11.07 19:42:10.769,1.04503,1.04513,2.25,2.25
2013.11.07 19:42:11.009,1.04503,1.0451,1.50,1.50
2013.11.07 19:42:11.369,1.04498,1.04507,1.50,1.50
2013.11.07 19:42:11.549,1.04496,1.04505,1.50,1.50
2013.11.07 19:42:11.860,1.04497,1.04505,1.73,1.50
2013.11.07 19:42:11.919,1.04498,1.04505,4.50,1.50
2013.11.07 19:42:13.720,1.04499,1.04506,1.13,1.50
2013.11.07 19:42:14.808,1.04497,1.04506,3.23,1.50
2013.11.07 19:42:15.169,1.04496,1.04503,1.50,1.50
2013.11.07 19:42:15.229,1.04497,1.04504,1.50,1.50
2013.11.07 19:42:15.470,1.04495,1.04505,2.25,1.50
2013.11.07 19:42:16.019,1.04497,1.04506,1.13,1.50
2013.11.07 19:42:16.552,1.04497,1.04507,2.63,1.50
2013.11.07 19:42:17.083,1.04497,1.04506,1.13,1.50
2013.11.07 19:42:17.619,1.04497,1.04506,1.13,1.50
2013.11.07 19:42:18.639,1.04496,1.04504,1.50,1.88
2013.11.07 19:42:18.939,1.04494,1.04502,1.13,1.50
2013.11.07 19:42:19.492,1.04495,1.04503,1.13,1.50
2013.11.07 19:42:20.639,1.04495,1.04504,2.63,2.25
2013.11.07 19:42:21.359,1.04496,1.04506,2.63,1.50
2013.11.07 19:42:21.989,1.04496,1.04505,1.13,2.25
2013.11.07 19:42:22.231,1.04495,1.04503,1.88,1.50
2013.11.07 19:42:22.795,1.04496,1.04506,2.25,2.25
2013.11.07 19:42:23.099,1.04495,1.04503,1.50,1.50
2013.11.07 19:42:23.159,1.04494,1.04503,1.50,1.13
2013.11.07 19:42:25.422,1.04493,1.04501,1.50,1.50
2013.11.07 19:42:25.481,1.04492,1.04499,1.13,1.50
2013.11.07 19:42:25.599,1.0449,1.04499,1.50,1.50
2013.11.07 19:42:25.658,1.0449,1.04499,1.88,2.25
2013.11.07 19:42:25.839,1.04488,1.04495,1.13,1.13
2013.11.07 19:42:26.019,1.04486,1.04492,1.13,1.50
2013.11.07 19:42:26.140,1.04487,1.04494,1.50,1.50
2013.11.07 19:42:26.260,1.04489,1.04496,2.25,3.00
2013.11.07 19:42:26.764,1.04489,1.04497,3.00,1.50
2013.11.07 19:42:29.600,1.04489,1.04496,2.25,2.25
2013.11.07 19:42:30.139,1.04489,1.04498,2.25,2.25
2013.11.07 19:42:33.120,1.04489,1.04498,1.13,2.25
2013.11.07 19:42:33.288,1.04488,1.04497,2.25,1.13
2013.11.07 19:42:33.470,1.04486,1.04495,1.50,1.50
2013.11.07 19:42:33.649,1.04483,1.04492,2.25,5.63
2013.11.07 19:42:33.710,1.0448,1.04489,1.88,1.50
2013.11.07 19:42:34.249,1.04479,1.04489,3.00,2.25
2013.11.07 19:42:34.799,1.04479,1.04489,3.60,2.25
2013.11.07 19:42:35.318,1.04479,1.04489,2.85,2.63
2013.11.07 19:42:36.998,1.0448,1.04489,1.50,1.50
2013.11.07 19:42:37.299,1.04485,1.04491,2.25,2.63
2013.11.07 19:42:37.539,1.04487,1.04494,1.50,2.25
2013.11.07 19:42:37.599,1.04487,1.04496,1.50,1.50
2013.11.07 19:42:38.189,1.04485,1.04492,2.25,4.13
2013.11.07 19:42:38.549,1.04479,1.04487,2.85,1.50
2013.11.07 19:42:39.089,1.04479,1.04487,1.35,1.50
2013.11.07 19:42:41.969,1.04477,1.04485,3.00,1.50
2013.11.07 19:42:42.337,1.04473,1.0448,1.50,1.50
2013.11.07 19:42:42.521,1.04472,1.04482,1.50,2.63
2013.11.07 19:42:42.639,1.04474,1.04482,1.50,1.88
2013.11.07 19:42:43.310,1.04474,1.04484,3.00,1.50
2013.11.07 19:42:44.179,1.04475,1.04484,1.50,1.50
2013.11.07 19:42:45.609,1.04476,1.04486,1.50,3.38
2013.11.07 19:42:45.729,1.04473,1.04483,3.00,1.50
2013.11.07 19:42:45.970,1.04473,1.04482,2.25,2.25
2013.11.07 19:42:46.509,1.04473,1.04482,1.50,2.25
2013.11.07 19:42:47.689,1.04472,1.04482,3.38,2.25
2013.11.07 19:42:48.239,1.04474,1.04482,1.50,2.25
2013.11.07 19:42:48.800,1.04474,1.04483,1.13,1.50
2013.11.07 19:42:48.920,1.04477,1.04485,3.00,3.75
2013.11.07 19:42:49.459,1.04477,1.04487,4.50,3.00
2013.11.07 19:42:50.868,1.04477,1.04487,4.50,2.25
2013.11.07 19:42:53.309,1.04477,1.04485,2.25,1.50
2013.11.07 19:42:53.489,1.04475,1.04483,1.50,2.63
2013.11.07 19:42:53.549,1.04473,1.04481,1.50,1.50
2013.11.07 19:42:53.859,1.04472,1.04481,2.63,1.50
2013.11.07 19:42:54.709,1.04472,1.04482,4.50,1.50
2013.11.07 19:42:55.189,1.04473,1.04482,2.25,1.50
2013.11.07 19:42:56.347,1.04472,1.04482,4.13,1.50
2013.11.07 19:42:56.829,1.04472,1.04481,4.13,1.50
2013.11.07 19:42:57.369,1.04472,1.04481,1.88,1.50
2013.11.07 19:42:57.789,1.04473,1.04482,1.50,1.50
2013.11.07 19:42:59.489,1.04474,1.04483,3.75,1.50
2013.11.07 19:42:59.729,1.04475,1.04484,1.50,1.50
2013.11.07 19:43:00.279,1.04475,1.04484,1.50,2.25
2013.11.07 19:43:00.399,1.04474,1.04481,2.25,1.13
2013.11.07 19:43:00.941,1.04474,1.04483,1.50,1.50
2013.11.07 19:43:01.634,1.04474,1.04483,1.50,1.50
2013.11.07 19:43:02.379,1.04474,1.04484,5.25,2.25
2013.11.07 19:43:02.680,1.04477,1.04485,1.50,1.50
2013.11.07 19:43:02.859,1.04478,1.04487,1.50,3.00
2013.11.07 19:43:03.279,1.04478,1.04488,3.00,1.50
2013.11.07 19:43:03.769,1.04477,1.04486,3.00,1.13
2013.11.07 19:43:04.070,1.04475,1.04482,1.50,2.25
2013.11.07 19:43:10.788,1.04475,1.04486,2.63,3.75
2013.11.07 19:43:10.860,1.04476,1.04486,1.88,3.75
2013.11.07 19:43:11.409,1.04478,1.04487,1.50,2.25
2013.11.07 19:43:11.948,1.04478,1.04488,2.25,1.50
2013.11.07 19:43:14.499,1.04478,1.04485,2.25,1.88
2013.11.07 19:43:14.620,1.04475,1.04484,2.25,2.25
2013.11.07 19:43:14.799,1.04474,1.04484,1.50,3.00
2013.11.07 19:43:14.859,1.04473,1.04483,2.25,3.00
2013.11.07 19:43:17.930,1.04473,1.04481,1.50,2.25
2013.11.07 19:43:18.109,1.04471,1.04479,1.88,1.50
2013.11.07 19:43:18.230,1.04469,1.04477,5.63,1.50
2013.11.07 19:43:18.532,1.04462,1.04468,4.50,2.63
2013.11.07 19:43:18.840,1.0446,1.04465,1.13,2.25
2013.11.07 19:43:18.960,1.04457,1.04465,1.50,2.25
2013.11.07 19:43:20.819,1.04457,1.04467,1.88,1.50
2013.11.07 19:43:20.880,1.04459,1.04467,1.50,1.50
2013.11.07 19:43:21.189,1.04462,1.04471,4.50,1.50
2013.11.07 19:43:21.729,1.04461,1.04471,2.25,3.60
2013.11.07 19:43:22.070,1.04461,1.04468,2.25,1.13
2013.11.07 19:43:22.129,1.04461,1.04468,1.50,1.13
2013.11.07 19:43:24.138,1.04461,1.04471,6.00,2.63
2013.11.07 19:43:25.522,1.04461,1.04471,2.25,3.38
2013.11.07 19:43:26.133,1.04461,1.04469,2.25,1.35
2013.11.07 19:43:28.839,1.04461,1.04467,1.50,1.50
2013.11.07 19:43:29.140,1.04452,1.0446,1.50,1.88
2013.11.07 19:43:29.200,1.04451,1.0446,3.00,1.88
2013.11.07 19:43:29.739,1.04451,1.0446,6.75,1.50
2013.11.07 19:43:29.999,1.04451,1.04461,6.75,1.88
2013.11.07 19:43:30.519,1.04451,1.04461,6.75,3.98
2013.11.07 19:43:31.329,1.04452,1.04461,6.00,3.23
2013.11.07 19:43:31.449,1.04455,1.04462,1.50,1.13
2013.11.07 19:43:32.073,1.04454,1.04464,1.50,2.63
2013.11.07 19:43:32.579,1.04454,1.04462,1.50,1.50
2013.11.07 19:43:33.119,1.04454,1.04463,2.25,1.50
2013.11.07 19:43:33.659,1.04458,1.04467,1.50,3.00
2013.11.07 19:43:33.779,1.0446,1.04469,4.50,3.38
2013.11.07 19:43:33.960,1.04463,1.04471,1.50,2.63
2013.11.07 19:43:34.081,1.04465,1.04474,1.50,1.50
2013.11.07 19:43:34.729,1.04465,1.04475,1.50,3.00
2013.11.07 19:43:35.961,1.04464,1.04473,2.25,1.50
2013.11.07 19:43:36.499,1.04463,1.04473,1.88,2.25
2013.11.07 19:43:39.379,1.04462,1.04471,2.63,1.50
2013.11.07 19:43:39.440,1.04462,1.0447,1.13,1.50
2013.11.07 19:43:39.499,1.04461,1.04469,1.13,1.50
2013.11.07 19:43:39.619,1.04458,1.04463,1.50,2.48
2013.11.07 19:43:39.739,1.04456,1.04462,1.50,1.50
2013.11.07 19:43:39.860,1.04454,1.04461,1.50,1.50
2013.11.07 19:43:39.979,1.04451,1.04459,6.00,2.10
2013.11.07 19:43:40.039,1.04451,1.04459,5.25,1.35
2013.11.07 19:43:40.159,1.04451,1.0446,1.50,1.50
2013.11.07 19:43:40.850,1.04451,1.0446,2.25,1.35
2013.11.07 19:43:41.159,1.04454,1.04462,2.25,2.25
2013.11.07 19:43:41.220,1.04454,1.04463,2.25,1.50
2013.11.07 19:43:41.840,1.04456,1.04465,1.50,3.00
2013.11.07 19:43:43.199,1.04456,1.04463,5.25,1.50
2013.11.07 19:43:43.320,1.04454,1.04463,5.25,1.50
2013.11.07 19:43:44.559,1.04454,1.04464,7.50,1.50
2013.11.07 19:43:44.919,1.04456,1.04465,2.63,1.50
2013.11.07 19:43:45.279,1.04464,1.0447,1.50,1.50
2013.11.07 19:43:45.340,1.04464,1.04473,1.50,1.88
2013.11.07 19:43:45.950,1.04464,1.04474,3.00,2.25
2013.11.07 19:43:46.739,1.04464,1.04473,1.50,1.88
2013.11.07 19:43:49.309,1.04463,1.04473,2.25,2.25
2013.11.07 19:43:50.159,1.04463,1.0447,2.25,1.50
2013.11.07 19:43:50.460,1.04455,1.04461,1.35,1.50
2013.11.07 19:43:50.699,1.04455,1.04461,1.35,2.25
2013.11.07 19:43:57.333,1.04453,1.04461,6.60,2.25
2013.11.07 19:43:57.462,1.04453,1.04458,1.50,1.50
2013.11.07 19:43:57.760,1.04447,1.04454,1.88,1.13
2013.11.07 19:43:57.820,1.04444,1.04452,3.00,1.50
2013.11.07 19:43:58.061,1.04443,1.04449,5.25,1.50
2013.11.07 19:43:58.121,1.04444,1.04449,1.50,1.50
2013.11.07 19:43:58.179,1.04444,1.04453,2.25,1.50
2013.11.07 19:43:58.720,1.04444,1.04454,2.25,2.25
2013.11.07 19:44:01.430,1.04444,1.04452,1.50,1.50
2013.11.07 19:44:02.100,1.04443,1.04452,1.50,1.50
2013.11.07 19:44:02.459,1.04446,1.04455,1.50,1.50
2013.11.07 19:44:02.579,1.04447,1.04457,2.63,3.38
2013.11.07 19:44:03.909,1.04447,1.04456,1.50,1.13
2013.11.07 19:44:03.970,1.04447,1.04454,1.50,1.50
2013.11.07 19:44:06.519,1.04446,1.04455,2.25,3.00
2013.11.07 19:44:06.640,1.04447,1.04457,2.25,1.50
2013.11.07 19:44:06.702,1.0445,1.04458,1.50,3.75
2013.11.07 19:44:06.898,1.04451,1.04459,2.25,1.50
2013.11.07 19:44:07.082,1.04453,1.04459,1.50,1.50
2013.11.07 19:44:07.199,1.04455,1.04463,2.25,1.50
2013.11.07 19:44:07.739,1.04457,1.04465,1.50,1.88
2013.11.07 19:44:11.051,1.04457,1.04465,3.98,1.50
2013.11.07 19:44:11.170,1.04459,1.04468,1.50,2.25
2013.11.07 19:44:11.230,1.04459,1.04467,1.50,1.50
2013.11.07 19:44:11.529,1.04463,1.0447,1.50,2.25
2013.11.07 19:44:11.590,1.04464,1.04473,3.00,2.63
2013.11.07 19:44:11.774,1.04466,1.04475,1.50,1.50
2013.11.07 19:44:11.839,1.04467,1.04475,1.50,1.50
2013.11.07 19:44:12.357,1.04467,1.04475,1.50,1.50
2013.11.07 19:44:16.541,1.04468,1.04475,2.85,1.50
2013.11.07 19:44:16.900,1.0447,1.04477,1.50,1.50
2013.11.07 19:44:23.400,1.0447,1.04478,1.50,2.63
2013.11.07 19:44:23.460,1.04468,1.04477,2.25,1.50
2013.11.07 19:44:24.009,1.04466,1.04476,3.75,2.25
2013.11.07 19:44:28.850,1.04466,1.04475,2.25,1.50
2013.11.07 19:44:28.909,1.04466,1.04473,1.50,1.50
2013.11.07 19:44:29.029,1.04465,1.04474,1.50,5.25
2013.11.07 19:44:29.269,1.04464,1.04474,1.50,3.00
2013.11.07 19:44:29.837,1.04464,1.04474,1.50,3.00
2013.11.07 19:44:30.513,1.04463,1.04473,1.50,2.25
2013.11.07 19:44:31.149,1.04462,1.04472,3.00,2.25
2013.11.07 19:44:31.211,1.04462,1.04469,1.50,1.50
2013.11.07 19:44:31.749,1.04461,1.04467,1.50,4.50
2013.11.07 19:44:32.400,1.04459,1.04468,1.50,6.00
2013.11.07 19:44:34.764,1.04459,1.04467,1.35,1.50
2013.11.07 19:44:35.629,1.04459,1.04468,1.35,6.75
2013.11.07 19:44:46.020,1.0446,1.04467,1.50,4.50
2013.11.07 19:44:46.079,1.04461,1.04469,1.50,2.25
2013.11.07 19:44:46.140,1.04462,1.04471,1.13,2.25
2013.11.07 19:44:46.200,1.04463,1.04473,1.50,6.75
2013.11.07 19:44:46.559,1.04464,1.04474,2.25,1.50
2013.11.07 19:44:48.259,1.04465,1.04475,2.25,2.25
2013.11.07 19:44:48.819,1.04465,1.04475,2.25,2.25
2013.11.07 19:44:49.540,1.04465,1.04475,1.50,3.00
2013.11.07 19:45:00.770,1.04465,1.04475,3.00,2.25
2013.11.07 19:45:03.189,1.04465,1.04475,3.00,1.50
2013.11.07 19:45:03.519,1.04465,1.04473,1.50,2.25
2013.11.07 19:45:03.580,1.04463,1.04473,3.00,2.25
2013.11.07 19:45:04.119,1.04463,1.04473,3.75,1.50
2013.11.07 19:45:06.709,1.04463,1.04473,3.75,2.25
2013.11.07 19:45:10.222,1.04464,1.04474,2.25,1.50
2013.11.07 19:45:25.932,1.04465,1.04475,1.50,3.00
2013.11.07 19:45:26.500,1.04465,1.04475,2.25,2.25
2013.11.07 19:45:26.859,1.04466,1.04475,1.50,1.50
2013.11.07 19:45:27.219,1.04468,1.04477,2.25,1.50
2013.11.07 19:45:27.520,1.04467,1.04476,3.00,1.50
2013.11.07 19:45:28.126,1.04466,1.04475,1.50,2.25
2013.11.07 19:45:28.442,1.04464,1.04474,2.25,1.50
2013.11.07 19:45:40.819,1.04464,1.04473,2.25,1.50
2013.11.07 19:45:41.386,1.04463,1.04473,3.00,1.50
2013.11.07 19:45:48.960,1.04463,1.04473,3.00,2.25
2013.11.07 19:45:51.020,1.04463,1.04473,2.25,1.50
2013.11.07 19:45:52.587,1.04464,1.04473,1.50,1.50
2013.11.07 19:45:55.020,1.04465,1.04474,1.50,1.50
2013.11.07 19:45:57.309,1.04463,1.04473,3.75,1.50
2013.11.07 19:46:02.285,1.04464,1.04474,2.25,2.63
2013.11.07 19:46:04.520,1.04464,1.04473,2.25,1.50
2013.11.07 19:46:04.579,1.04464,1.04473,1.50,2.63
2013.11.07 19:46:04.940,1.04457,1.04464,1.88,1.50
2013.11.07 19:46:05.059,1.04458,1.04467,1.88,3.00
2013.11.07 19:46:05.119,1.04457,1.04466,1.50,1.50
2013.11.07 19:46:05.179,1.04455,1.04464,3.00,1.50
2013.11.07 19:46:05.363,1.04457,1.04464,1.50,1.50
2013.11.07 19:46:23.690,1.04456,1.04465,2.25,2.25
2013.11.07 19:46:25.979,1.04457,1.04465,1.50,2.25
2013.11.07 19:46:31.043,1.04458,1.04467,2.25,1.50
2013.11.07 19:46:35.649,1.04459,1.04468,1.50,2.25
2013.11.07 19:46:36.489,1.0446,1.04468,1.50,1.50
2013.11.07 19:46:38.209,1.04461,1.04468,1.50,1.50
2013.11.07 19:46:38.511,1.04467,1.04473,1.50,1.50
2013.11.07 19:46:38.631,1.04467,1.04476,3.23,2.25
2013.11.07 19:46:38.689,1.04469,1.04477,1.50,2.25
2013.11.07 19:46:43.321,1.04468,1.04477,2.25,1.50
2013.11.07 19:46:43.380,1.04468,1.04477,1.50,2.25
2013.11.07 19:46:44.072,1.04466,1.04476,4.50,1.50
2013.11.07 19:46:56.364,1.04467,1.04476,1.50,1.50
2013.11.07 19:47:03.343,1.04466,1.04472,2.25,1.13
2013.11.07 19:47:03.463,1.04464,1.04469,2.25,1.50
2013.11.07 19:47:04.011,1.04462,1.04469,4.50,2.25
2013.11.07 19:47:04.071,1.0446,1.04468,5.25,1.50
2013.11.07 19:47:08.851,1.04459,1.04468,1.50,3.38
2013.11.07 19:47:08.923,1.04456,1.04465,5.25,1.50
2013.11.07 19:47:09.240,1.04456,1.04464,3.00,1.88
2013.11.07 19:47:09.361,1.04455,1.04464,1.50,1.88
2013.11.07 19:47:10.150,1.04455,1.04464,1.50,1.88
2013.11.07 19:47:13.302,1.04455,1.04464,1.50,2.25
2013.11.07 19:47:13.600,1.04453,1.04459,1.50,1.50
2013.11.07 19:47:13.660,1.0445,1.04458,1.50,1.35
2013.11.07 19:47:20.271,1.04449,1.04458,1.50,5.10
2013.11.07 19:47:25.150,1.0445,1.04459,1.50,4.73
2013.11.07 19:47:25.691,1.04452,1.04461,1.50,2.25
2013.11.07 19:47:25.750,1.04453,1.04461,1.50,1.13
2013.11.07 19:47:28.180,1.04454,1.04464,2.25,2.63
2013.11.07 19:47:28.482,1.04456,1.04464,1.50,1.13
2013.11.07 19:47:44.372,1.04457,1.04464,1.50,1.13
2013.11.07 19:47:44.922,1.04458,1.04466,1.50,1.88
2013.11.07 19:47:46.308,1.04458,1.04466,1.50,1.13
2013.11.07 19:47:47.529,1.04458,1.04465,1.50,1.50
2013.11.07 19:47:47.770,1.04457,1.04465,1.50,1.50
2013.11.07 19:47:51.719,1.04457,1.04466,1.50,1.88
2013.11.07 19:47:51.912,1.04459,1.04466,1.50,1.13
2013.11.07 19:47:52.221,1.04464,1.04472,3.00,1.50
2013.11.07 19:47:52.781,1.04465,1.04474,1.13,1.50
2013.11.07 19:47:53.762,1.04465,1.04475,3.38,2.25
2013.11.07 19:47:54.311,1.04465,1.04474,1.13,1.50
2013.11.07 19:47:55.809,1.04465,1.04474,2.63,1.50
2013.11.07 19:47:59.529,1.04466,1.04474,1.50,1.50
2013.11.07 19:47:59.650,1.04464,1.04472,2.25,1.50
2013.11.07 19:48:00.280,1.04466,1.04475,1.50,1.88
2013.11.07 19:48:03.912,1.04466,1.04475,1.50,1.88
2013.11.07 19:48:16.371,1.04464,1.04471,2.25,1.13
2013.11.07 19:48:16.742,1.04462,1.0447,1.50,1.13
2013.11.07 19:48:17.190,1.04461,1.0447,2.25,1.13
2013.11.07 19:48:17.730,1.0446,1.04469,1.50,3.00
2013.11.07 19:48:17.851,1.04458,1.04467,3.00,2.25
2013.11.07 19:48:22.011,1.04458,1.04468,3.75,2.25
2013.11.07 19:48:25.190,1.04458,1.04468,3.75,2.25
2013.11.07 19:48:28.900,1.04457,1.04466,1.88,1.50
2013.11.07 19:48:29.081,1.04457,1.04464,1.88,1.50
2013.11.07 19:48:30.721,1.04455,1.04465,3.00,2.25
2013.11.07 19:48:30.791,1.04456,1.04464,2.25,1.13
2013.11.07 19:48:31.210,1.04458,1.04464,2.25,1.13
2013.11.07 19:48:31.331,1.04459,1.04467,1.50,1.50
2013.11.07 19:48:31.985,1.0446,1.04467,1.50,1.50
2013.11.07 19:48:34.864,1.0446,1.04467,3.00,1.50
2013.11.07 19:48:34.992,1.04458,1.04465,1.88,1.50
2013.11.07 19:48:37.479,1.04458,1.04465,1.50,1.50
2013.11.07 19:48:38.690,1.0446,1.04466,1.50,2.25
2013.11.07 19:48:38.871,1.04462,1.0447,2.25,3.00
2013.11.07 19:48:38.930,1.04464,1.0447,2.25,1.50
2013.11.07 19:48:38.990,1.04465,1.04473,1.50,1.50
2013.11.07 19:48:39.050,1.04465,1.04475,3.00,1.50
2013.11.07 19:48:40.025,1.04465,1.04475,2.25,1.50
2013.11.07 19:48:41.031,1.04465,1.04475,3.38,1.50
2013.11.07 19:48:41.273,1.04468,1.04477,2.25,1.50
2013.11.07 19:48:41.461,1.04468,1.04478,3.00,2.25
2013.11.07 19:48:41.823,1.04472,1.0448,1.50,4.50
2013.11.07 19:48:41.950,1.04473,1.0448,1.50,2.25
2013.11.07 19:48:42.011,1.04474,1.0448,3.00,1.50
2013.11.07 19:48:42.374,1.04478,1.04484,1.50,3.00
2013.11.07 19:48:42.845,1.04478,1.04487,1.50,3.00
2013.11.07 19:48:43.343,1.04475,1.04484,1.50,1.50
2013.11.07 19:48:43.650,1.04471,1.04477,2.25,1.13
2013.11.07 19:48:44.510,1.04467,1.04477,2.25,1.88
2013.11.07 19:48:47.641,1.04467,1.04477,2.25,2.63
2013.11.07 19:48:47.760,1.04466,1.04475,1.50,1.50
2013.11.07 19:48:48.454,1.04467,1.04476,1.50,1.50
2013.11.07 19:48:48.979,1.04468,1.04477,2.25,2.25
2013.11.07 19:48:49.680,1.04468,1.04477,1.50,1.50
2013.11.07 19:48:51.821,1.04468,1.04478,2.25,3.00
2013.11.07 19:48:52.181,1.0447,1.04479,2.25,1.88
2013.11.07 19:48:52.873,1.04471,1.0448,1.50,1.50
2013.11.07 19:48:53.319,1.04471,1.04481,1.50,3.00
2013.11.07 19:48:53.914,1.04472,1.04481,1.50,1.50
2013.11.07 19:48:54.970,1.04472,1.04482,2.25,4.88
2013.11.07 19:48:55.351,1.04473,1.04482,1.50,2.25
2013.11.07 19:48:55.710,1.04476,1.04484,2.25,1.50
2013.11.07 19:48:55.830,1.04477,1.04486,2.25,1.50
2013.11.07 19:48:55.890,1.04477,1.04487,3.00,2.63
2013.11.07 19:48:56.638,1.04478,1.04487,1.50,2.63
2013.11.07 19:49:00.080,1.04477,1.04487,3.00,2.63
2013.11.07 19:49:00.597,1.04477,1.04487,2.25,2.63
2013.11.07 19:49:01.550,1.04477,1.04486,2.25,1.50
2013.11.07 19:49:02.031,1.04475,1.04484,2.25,1.50
2013.11.07 19:49:02.550,1.04475,1.04484,1.50,1.50
2013.11.07 19:49:03.188,1.04475,1.04484,2.25,1.50
2013.11.07 19:49:05.012,1.04476,1.04485,2.25,1.50
2013.11.07 19:49:08.355,1.04475,1.04485,2.25,6.00
2013.11.07 19:49:11.700,1.04475,1.04484,1.50,1.50
2013.11.07 19:49:12.250,1.04474,1.04482,1.50,1.50
2013.11.07 19:49:12.601,1.04474,1.04481,1.50,3.00
2013.11.07 19:49:12.663,1.04471,1.04479,3.00,1.50
2013.11.07 19:49:15.280,1.0447,1.04478,1.50,5.25
2013.11.07 19:49:15.339,1.04467,1.04472,2.63,1.50
2013.11.07 19:49:15.461,1.04466,1.04472,1.50,2.25
2013.11.07 19:49:15.639,1.04464,1.04474,2.63,1.50
2013.11.07 19:49:16.227,1.04465,1.04475,1.50,3.00
2013.11.07 19:49:28.170,1.04465,1.04475,1.50,2.25
2013.11.07 19:49:28.738,1.04465,1.04475,1.50,3.00
2013.11.07 19:49:35.888,1.04465,1.04475,2.25,3.00
2013.11.07 19:49:42.449,1.04465,1.04475,3.00,1.50
2013.11.07 19:49:42.570,1.04466,1.04476,3.00,3.00
2013.11.07 19:49:47.210,1.04466,1.04475,1.50,1.88
2013.11.07 19:49:47.730,1.04465,1.04475,3.00,1.88
2013.11.07 19:49:58.141,1.04466,1.04475,2.25,1.13
2013.11.07 19:50:01.260,1.04465,1.04475,3.00,1.88
2013.11.07 19:50:08.021,1.04465,1.04475,2.25,2.63
2013.11.07 19:50:08.551,1.04465,1.04475,3.00,2.63
2013.11.07 19:50:09.352,1.04466,1.04475,1.50,1.88
2013.11.07 19:50:16.150,1.04468,1.04476,1.35,3.00
2013.11.07 19:50:16.390,1.04468,1.04477,2.85,1.50
2013.11.07 19:50:20.271,1.04469,1.04476,1.50,3.75
2013.11.07 19:50:21.009,1.04469,1.04477,2.10,1.88
2013.11.07 19:50:21.548,1.04469,1.04477,2.10,3.00
2013.11.07 19:50:21.730,1.04467,1.04476,2.25,1.13
2013.11.07 19:50:30.066,1.04467,1.04476,1.50,1.88
2013.11.07 19:50:32.902,1.04466,1.04476,2.25,2.63
2013.11.07 19:50:32.961,1.04466,1.04474,1.50,1.50
2013.11.07 19:50:33.320,1.04462,1.04471,3.00,2.63
2013.11.07 19:50:33.440,1.04462,1.04471,1.50,2.63
2013.11.07 19:50:47.080,1.04461,1.0447,1.50,1.88
2013.11.07 19:50:47.142,1.0446,1.04469,1.50,2.63
2013.11.07 19:50:47.650,1.04459,1.04469,2.63,3.38
2013.11.07 19:50:55.120,1.04459,1.04468,1.50,3.00
2013.11.07 19:51:18.520,1.04458,1.04465,1.50,2.25
2013.11.07 19:51:18.579,1.04457,1.04465,1.73,3.00
2013.11.07 19:51:18.820,1.04453,1.04462,3.00,1.50
2013.11.07 19:51:19.450,1.04453,1.04462,1.50,2.25
2013.11.07 19:51:19.690,1.04453,1.04463,3.75,1.88
2013.11.07 19:51:21.131,1.04453,1.04463,3.75,2.25
2013.11.07 19:51:26.580,1.04457,1.04463,2.48,2.25
2013.11.07 19:51:26.641,1.04457,1.04464,2.48,2.25
2013.11.07 19:51:26.701,1.04458,1.04464,1.35,1.50
2013.11.07 19:51:27.331,1.04458,1.04466,1.35,1.50
2013.11.07 19:51:36.292,1.04459,1.04467,1.50,2.25
2013.11.07 19:51:46.971,1.04459,1.04468,2.25,6.75
2013.11.07 19:51:49.249,1.04458,1.04467,1.35,2.63
2013.11.07 19:51:49.550,1.04456,1.04465,1.88,2.25
2013.11.07 19:51:51.071,1.04456,1.04465,1.50,2.25
2013.11.07 19:51:52.505,1.04455,1.04465,3.00,3.00
2013.11.07 19:51:53.136,1.04455,1.04465,2.25,3.00
2013.11.07 19:51:54.260,1.04455,1.0446,1.50,3.53
2013.11.07 19:51:54.622,1.04446,1.04453,1.50,2.25
2013.11.07 19:51:54.680,1.04444,1.04453,1.50,2.25
2013.11.07 19:51:54.860,1.04447,1.04453,1.35,3.00
2013.11.07 19:51:55.040,1.04449,1.04455,1.50,1.50
2013.11.07 19:51:55.604,1.04449,1.04456,2.10,1.50
2013.11.07 19:51:58.700,1.04445,1.04455,2.25,1.88
2013.11.07 19:51:58.760,1.04445,1.04455,2.25,2.63
2013.11.07 19:52:08.341,1.04444,1.04454,2.25,3.00
2013.11.07 19:52:13.191,1.04443,1.04453,2.25,2.63
2013.11.07 19:52:13.731,1.04443,1.04451,1.50,1.50
2013.11.07 19:52:14.431,1.04443,1.04453,3.00,1.88
2013.11.07 19:52:19.329,1.04443,1.04453,3.00,2.63
2013.11.07 19:52:21.550,1.04443,1.04453,2.25,1.88
2013.11.07 19:52:22.270,1.04445,1.04453,1.50,1.88
2013.11.07 19:52:28.300,1.04446,1.04454,2.25,1.50
2013.11.07 19:52:30.130,1.04444,1.04451,2.25,1.13
2013.11.07 19:52:30.670,1.04446,1.04451,1.50,1.13
2013.11.07 19:52:36.282,1.04446,1.04454,1.50,1.50
2013.11.07 19:52:38.543,1.04446,1.04455,2.25,2.63
2013.11.07 19:52:43.580,1.04447,1.04454,1.13,1.50
2013.11.07 19:52:43.640,1.04447,1.04454,2.63,1.50
2013.11.07 19:52:43.760,1.04447,1.04457,3.75,2.25
2013.11.07 19:52:46.511,1.04448,1.04457,1.50,2.25
2013.11.07 19:52:46.875,1.04453,1.04459,1.50,3.00
2013.11.07 19:52:47.001,1.04451,1.04458,1.50,1.50
2013.11.07 19:52:47.541,1.04453,1.0446,2.25,2.63
2013.11.07 19:52:47.720,1.04453,1.04462,2.25,1.88
2013.11.07 19:52:48.271,1.04454,1.04462,1.50,1.13
2013.11.07 19:52:48.817,1.04454,1.04464,3.00,1.50
2013.11.07 19:52:51.290,1.04454,1.04461,1.50,1.88
2013.11.07 19:52:51.410,1.04451,1.04458,1.13,1.50
2013.11.07 19:52:51.950,1.0445,1.04458,1.50,2.25
2013.11.07 19:52:53.970,1.04449,1.04457,1.50,3.00
2013.11.07 19:53:03.600,1.04449,1.04458,2.25,6.75
2013.11.07 19:53:04.159,1.04449,1.04457,2.25,3.75
2013.11.07 19:53:08.055,1.04449,1.04458,2.25,6.75
2013.11.07 19:53:10.391,1.04449,1.04458,2.25,7.50
2013.11.07 19:53:10.750,1.04445,1.04452,2.25,1.13
2013.11.07 19:53:11.518,1.04445,1.04453,2.25,1.50
2013.11.07 19:53:12.195,1.04445,1.04453,1.50,1.50
2013.11.07 19:53:19.451,1.04445,1.04454,1.50,2.25
2013.11.07 19:53:42.911,1.04446,1.04455,2.25,2.63
2013.11.07 19:53:46.230,1.04445,1.04453,3.00,1.50
2013.11.07 19:53:47.351,1.04446,1.04455,2.25,2.63
2013.11.07 19:53:53.270,1.04446,1.04452,1.50,1.50
2013.11.07 19:53:54.610,1.04445,1.04454,1.50,3.75
2013.11.07 19:53:55.125,1.04445,1.04455,2.25,4.13
2013.11.07 19:53:58.500,1.04446,1.04455,3.00,2.25
2013.11.07 19:54:06.643,1.04447,1.04455,1.50,1.50
2013.11.07 19:54:07.191,1.04447,1.04455,2.25,1.50
2013.11.07 19:54:07.310,1.04447,1.04455,1.50,1.50
2013.11.07 19:54:09.411,1.04446,1.04454,2.25,1.50
2013.11.07 19:54:10.511,1.04447,1.04455,1.50,3.00
2013.11.07 19:54:19.791,1.04447,1.04457,2.25,3.00
2013.11.07 19:54:22.990,1.04446,1.04455,1.50,1.13
2013.11.07 19:54:24.130,1.04447,1.04457,2.25,3.00
2013.11.07 19:54:26.329,1.04446,1.04456,1.50,3.00
2013.11.07 19:54:28.299,1.04446,1.04456,1.50,3.00
2013.11.07 19:54:29.078,1.04446,1.04456,2.25,2.25
2013.11.07 19:54:34.424,1.04447,1.04457,5.25,3.75
2013.11.07 19:54:34.490,1.04448,1.04457,1.50,2.25
2013.11.07 19:54:34.857,1.04451,1.04459,1.50,1.88
2013.11.07 19:54:35.990,1.04448,1.04456,2.63,1.50
2013.11.07 19:54:36.350,1.0445,1.04458,1.50,2.25
2013.11.07 19:54:45.380,1.04449,1.04458,1.50,2.25
2013.11.07 19:54:49.661,1.04447,1.04457,2.25,1.50
2013.11.07 19:54:49.841,1.04445,1.04455,3.38,3.00
2013.11.07 19:55:03.521,1.04445,1.04455,3.00,2.25
2013.11.07 19:55:05.530,1.04445,1.04455,2.25,2.25
2013.11.07 19:55:09.945,1.04445,1.04455,3.75,2.25
2013.11.07 19:55:14.692,1.04445,1.04455,1.50,3.00
2013.11.07 19:55:14.812,1.04444,1.04449,2.25,1.50
2013.11.07 19:55:14.930,1.04443,1.04447,1.13,1.88
2013.11.07 19:55:14.991,1.0444,1.04447,2.25,1.88
2013.11.07 19:55:15.534,1.04438,1.04447,1.13,2.63
2013.11.07 19:55:16.082,1.04438,1.04446,1.13,2.25
2013.11.07 19:55:18.650,1.04439,1.04447,1.50,1.88
2013.11.07 19:55:55.761,1.0444,1.04448,1.50,3.00
2013.11.07 19:55:55.940,1.04441,1.04449,3.00,1.50
2013.11.07 19:55:56.120,1.04444,1.04452,1.50,1.50
2013.11.07 19:55:56.540,1.04444,1.04454,2.63,3.38
2013.11.07 19:55:57.198,1.04445,1.04455,2.63,1.50
2013.11.07 19:56:10.288,1.04447,1.04455,2.10,1.50
2013.11.07 19:56:10.590,1.04448,1.04456,1.35,1.88
2013.11.07 19:56:10.890,1.04445,1.04455,2.25,1.50
2013.11.07 19:56:12.022,1.04444,1.04453,2.25,1.50
2013.11.07 19:56:12.711,1.04444,1.04453,1.50,1.50
2013.11.07 19:56:13.510,1.04444,1.04453,2.25,1.50
2013.11.07 19:56:18.000,1.04444,1.04453,1.50,1.50
2013.11.07 19:56:23.302,1.04444,1.04449,1.50,1.28
2013.11.07 19:56:23.541,1.0444,1.04447,2.25,1.50
2013.11.07 19:56:23.901,1.0444,1.04447,2.25,1.50
2013.11.07 19:56:24.740,1.04437,1.04446,3.98,1.50
2013.11.07 19:56:25.330,1.04438,1.04447,1.50,2.25
2013.11.07 19:56:25.391,1.04436,1.04446,1.50,2.25
2013.11.07 19:56:25.940,1.04434,1.04443,2.25,1.50
2013.11.07 19:56:33.834,1.04434,1.04443,2.25,1.50
2013.11.07 19:56:42.730,1.04436,1.04444,1.50,2.25
2013.11.07 19:56:43.241,1.04437,1.04444,1.50,1.50
2013.11.07 19:57:00.678,1.04435,1.04443,1.50,2.25
2013.11.07 19:57:02.048,1.04435,1.04443,2.25,1.50
2013.11.07 19:57:02.991,1.04436,1.04444,1.50,1.50
2013.11.07 19:57:03.292,1.04447,1.04454,1.50,1.50
2013.11.07 19:57:03.533,1.04444,1.04452,2.25,1.35
2013.11.07 19:57:04.403,1.04444,1.04453,3.00,2.63
2013.11.07 19:57:04.914,1.04445,1.04454,1.50,1.88
2013.11.07 19:57:25.951,1.04446,1.04454,1.50,1.50
2013.11.07 19:57:27.852,1.04445,1.04455,2.63,3.00
2013.11.07 19:57:28.398,1.04446,1.04455,1.50,2.25
2013.11.07 19:57:28.520,1.04445,1.04455,1.88,3.00
2013.11.07 19:57:28.640,1.04445,1.04455,3.38,2.25
2013.11.07 19:57:29.060,1.04445,1.04455,1.88,3.00
2013.11.07 19:57:29.180,1.04446,1.04455,1.50,2.25
2013.11.07 19:57:29.240,1.04445,1.04455,1.88,3.00
2013.11.07 19:57:29.421,1.04445,1.04455,3.38,2.25
2013.11.07 19:57:29.481,1.04445,1.04455,2.63,2.25
2013.11.07 19:57:35.152,1.04447,1.04455,3.38,1.50
2013.11.07 19:57:35.211,1.04449,1.04456,1.50,1.50
2013.11.07 19:57:35.511,1.04449,1.04458,1.50,3.75
2013.11.07 19:57:36.143,1.04448,1.04457,2.25,3.00
2013.11.07 19:57:38.892,1.04448,1.04457,3.75,3.00
2013.11.07 19:57:41.661,1.0445,1.04457,2.25,2.25
2013.11.07 19:57:42.021,1.04454,1.04463,1.50,2.25
2013.11.07 19:57:42.141,1.04455,1.04463,1.50,3.00
2013.11.07 19:57:42.668,1.04458,1.04463,1.50,1.50
2013.11.07 19:57:43.564,1.04457,1.04464,2.25,1.50
2013.11.07 19:58:09.440,1.04455,1.04464,3.00,1.13
2013.11.07 19:58:09.948,1.04455,1.04464,1.50,1.88
2013.11.07 19:58:21.581,1.04455,1.04464,3.00,1.88
2013.11.07 19:58:22.121,1.04456,1.04464,2.25,1.13
2013.11.07 19:58:24.120,1.04456,1.04464,2.25,1.88
2013.11.07 19:58:29.841,1.04457,1.04464,1.50,1.88
2013.11.07 19:58:30.414,1.04457,1.04464,1.50,1.13
2013.11.07 19:58:48.290,1.04456,1.04464,2.25,1.13
2013.11.07 19:58:52.101,1.04458,1.04466,1.50,1.50
2013.11.07 19:58:52.461,1.04463,1.04471,2.25,3.00
2013.11.07 19:58:52.702,1.04466,1.04474,1.50,1.50
2013.11.07 19:58:53.241,1.04466,1.04475,2.25,1.50
2013.11.07 19:58:55.091,1.04466,1.04475,2.25,2.25
2013.11.07 19:58:58.841,1.04466,1.04473,2.25,1.13
2013.11.07 19:58:59.021,1.04463,1.04471,2.25,1.50
2013.11.07 19:59:00.011,1.04463,1.0447,1.50,1.88
2013.11.07 19:59:00.312,1.04459,1.04468,1.50,1.13
2013.11.07 19:59:00.972,1.04461,1.04468,1.50,1.13
2013.11.07 19:59:01.283,1.04461,1.04466,1.50,2.25
2013.11.07 19:59:01.343,1.04458,1.04465,3.00,1.13
2013.11.07 19:59:01.929,1.04458,1.04465,1.50,1.88
2013.11.07 19:59:07.132,1.04457,1.04464,2.25,1.13
2013.11.07 19:59:17.104,1.04456,1.04464,1.50,1.50
2013.11.07 19:59:17.353,1.04455,1.04462,2.25,2.25
2013.11.07 19:59:17.840,1.04455,1.04462,1.50,1.50
2013.11.07 19:59:18.145,1.04459,1.04465,1.50,1.50
2013.11.07 19:59:19.931,1.04459,1.04466,1.50,2.25
2013.11.07 19:59:20.291,1.04457,1.04465,3.38,1.50
2013.11.07 19:59:23.371,1.0446,1.04467,2.10,1.50
2013.11.07 19:59:23.431,1.0446,1.04469,2.10,2.25
2013.11.07 19:59:23.972,1.04462,1.0447,2.25,1.88
2013.11.07 19:59:24.512,1.04464,1.04471,3.75,1.50
2013.11.07 19:59:24.750,1.04467,1.04476,1.50,3.00
2013.11.07 19:59:34.110,1.04468,1.04475,2.25,1.50
2013.11.07 19:59:35.962,1.04468,1.04476,2.25,1.50
2013.11.07 19:59:38.201,1.04468,1.04476,1.50,2.25
2013.11.07 19:59:38.761,1.04468,1.04476,1.50,1.50
2013.11.07 19:59:40.431,1.04467,1.04475,2.25,1.88
2013.11.07 19:59:41.154,1.04467,1.04475,1.50,2.63
2013.11.07 19:59:45.716,1.04466,1.04475,1.50,2.63
2013.11.07 19:59:47.141,1.04466,1.04473,1.50,1.50
2013.11.07 19:59:47.265,1.04462,1.04471,2.25,1.50
2013.11.07 19:59:47.815,1.04461,1.04471,2.63,2.25
2013.11.07 19:59:48.233,1.04459,1.04468,6.00,1.88
2013.11.07 19:59:48.783,1.0446,1.04468,6.60,1.13
2013.11.07 19:59:49.420,1.0446,1.0447,2.85,2.63
2013.11.07 19:59:50.121,1.0446,1.04469,2.10,1.50
2013.11.07 19:59:50.661,1.0446,1.04468,1.50,2.63
2013.11.07 19:59:54.204,1.0446,1.04468,1.35,3.75
2013.11.07 19:59:54.721,1.0446,1.04467,1.35,1.50
2013.11.07 19:59:57.221,1.04457,1.04465,6.38,2.25
2013.11.07 19:59:57.582,1.04456,1.04462,2.25,1.50
2013.11.07 19:59:57.641,1.04456,1.04462,2.25,1.50
2013.11.07 19:59:57.762,1.04453,1.04461,1.50,1.50
2013.11.07 19:59:57.833,1.04453,1.04462,3.75,1.13
2013.11.07 19:59:57.893,1.04453,1.04461,1.50,1.50
2013.11.07 19:59:58.804,1.04453,1.04461,1.50,1.50
2013.11.07 19:59:59.322,1.04453,1.04462,2.25,1.50
2013.11.07 19:59:59.502,1.04457,1.04466,2.25,1.50
