2011.08.03 18:00:01.295,0.96216,0.96233,1.50,1.19
2011.08.03 18:00:01.969,0.96218,0.96233,2.85,1.19
2011.08.03 18:00:02.086,0.96218,0.96233,3.23,1.19
2011.08.03 18:00:02.645,0.96219,0.96234,1.13,1.50
2011.08.03 18:00:05.255,0.96217,0.96233,1.35,1.57
2011.08.03 18:00:06.477,0.96216,0.96229,2.63,1.13
2011.08.03 18:00:06.816,0.9621,0.96227,2.10,1.94
2011.08.03 18:00:07.264,0.96209,0.96226,1.13,2.09
2011.08.03 18:00:08.006,0.96208,0.96225,1.88,1.34
2011.08.03 18:00:08.787,0.96208,0.96225,1.88,1.34
2011.08.03 18:00:09.567,0.96209,0.96225,1.13,1.19
2011.08.03 18:00:12.675,0.9621,0.96226,1.88,1.19
2011.08.03 18:00:12.907,0.96211,0.96226,2.12,1.19
2011.08.03 18:00:13.323,0.96214,0.96228,1.13,1.13
2011.08.03 18:00:13.449,0.96219,0.96234,1.35,1.94
2011.08.03 18:00:13.569,0.96219,0.96234,1.35,1.94
2011.08.03 18:00:14.126,0.96218,0.96236,4.35,1.94
2011.08.03 18:00:17.436,0.96219,0.96235,1.73,1.19
2011.08.03 18:00:17.995,0.9622,0.96236,2.27,1.19
2011.08.03 18:00:18.554,0.96221,0.96237,1.50,1.19
2011.08.03 18:00:19.001,0.9622,0.96234,1.50,1.50
2011.08.03 18:00:19.555,0.96218,0.96234,3.23,1.50
2011.08.03 18:00:20.115,0.96218,0.96233,2.48,1.19
2011.08.03 18:00:22.996,0.96218,0.96233,2.48,1.19
2011.08.03 18:00:23.227,0.96216,0.96231,2.25,1.13
2011.08.03 18:00:23.345,0.96216,0.96231,1.50,1.13
2011.08.03 18:00:23.575,0.96214,0.96231,1.50,1.57
2011.08.03 18:00:23.918,0.96216,0.96231,1.35,1.57
2011.08.03 18:00:24.039,0.96217,0.96231,1.35,1.13
2011.08.03 18:00:24.375,0.96218,0.96235,2.65,1.94
2011.08.03 18:00:24.496,0.9622,0.96235,1.13,1.19
2011.08.03 18:00:25.277,0.96218,0.96236,1.88,2.32
2011.08.03 18:00:25.615,0.96217,0.96233,1.35,1.19
2011.08.03 18:00:25.845,0.96218,0.96234,2.25,1.57
2011.08.03 18:00:26.405,0.96218,0.96234,2.25,1.19
2011.08.03 18:00:26.966,0.96219,0.96234,1.13,1.19
2011.08.03 18:00:29.585,0.96219,0.96234,1.88,1.19
2011.08.03 18:00:30.476,0.96219,0.96234,1.88,1.19
2011.08.03 18:00:31.035,0.96219,0.96236,1.13,1.94
2011.08.03 18:00:32.176,0.96218,0.96234,1.50,1.19
2011.08.03 18:00:32.407,0.96217,0.96233,1.73,1.57
2011.08.03 18:00:32.530,0.96215,0.96231,3.00,1.13
2011.08.03 18:00:32.760,0.96213,0.96229,2.10,1.19
2011.08.03 18:00:33.315,0.96213,0.96229,1.35,2.32
2011.08.03 18:00:34.315,0.96211,0.96227,1.13,1.19
2011.08.03 18:00:34.874,0.96211,0.96226,1.13,1.50
2011.08.03 18:00:37.426,0.96211,0.96225,1.13,1.94
2011.08.03 18:00:37.764,0.96209,0.96225,1.28,1.94
2011.08.03 18:00:38.656,0.96208,0.96223,1.05,1.94
2011.08.03 18:00:39.656,0.96207,0.96223,1.65,1.94
2011.08.03 18:00:40.166,0.96208,0.96223,2.40,1.50
2011.08.03 18:00:42.735,0.96208,0.96223,2.40,1.50
2011.08.03 18:00:43.405,0.96208,0.96223,2.25,1.50
2011.08.03 18:00:44.716,0.96208,0.96223,2.25,1.50
2011.08.03 18:00:44.944,0.96208,0.96223,2.25,1.50
2011.08.03 18:00:49.286,0.96208,0.96224,2.25,1.19
2011.08.03 18:00:50.617,0.96207,0.96224,1.73,1.94
2011.08.03 18:00:50.736,0.96207,0.96224,1.35,1.94
2011.08.03 18:00:51.294,0.96207,0.96221,1.35,1.94
2011.08.03 18:00:51.847,0.96208,0.96223,1.13,1.94
2011.08.03 18:00:52.077,0.96208,0.96223,2.10,1.94
2011.08.03 18:00:52.629,0.96209,0.96223,2.12,1.19
2011.08.03 18:00:52.965,0.9621,0.96226,1.88,1.19
2011.08.03 18:00:56.617,0.9621,0.96226,1.88,1.94
2011.08.03 18:00:57.070,0.96208,0.96222,2.10,1.50
2011.08.03 18:00:57.296,0.96208,0.96222,1.50,1.50
2011.08.03 18:00:57.687,0.96207,0.96222,1.50,1.50
2011.08.03 18:01:02.430,0.96205,0.9622,1.50,2.78
2011.08.03 18:01:02.553,0.96205,0.96219,1.50,1.50
2011.08.03 18:01:02.674,0.96205,0.96218,1.50,1.13
2011.08.03 18:01:02.792,0.96201,0.96217,1.50,1.64
2011.08.03 18:01:03.454,0.962,0.96217,1.88,2.39
2011.08.03 18:01:04.565,0.962,0.96217,1.13,1.94
2011.08.03 18:01:09.165,0.962,0.96217,1.13,1.19
2011.08.03 18:01:09.725,0.962,0.96217,1.13,1.94
2011.08.03 18:01:09.847,0.962,0.96216,1.13,2.48
2011.08.03 18:01:10.077,0.96198,0.96214,1.13,1.50
2011.08.03 18:01:10.305,0.96198,0.96213,1.13,1.50
2011.08.03 18:01:11.212,0.96198,0.96214,2.63,1.50
2011.08.03 18:01:11.768,0.96198,0.96215,3.00,1.94
2011.08.03 18:01:12.545,0.96199,0.96215,1.13,1.94
2011.08.03 18:01:13.327,0.96199,0.96215,1.13,1.94
2011.08.03 18:01:16.705,0.96198,0.96213,1.13,1.50
2011.08.03 18:01:18.422,0.96202,0.96216,1.73,2.69
2011.08.03 18:01:18.756,0.96206,0.96221,1.13,2.69
2011.08.03 18:01:19.231,0.96205,0.96221,1.90,1.19
2011.08.03 18:01:19.894,0.96205,0.96221,1.90,1.19
2011.08.03 18:01:20.447,0.96206,0.96221,1.13,1.50
2011.08.03 18:01:21.116,0.96204,0.96219,1.88,1.50
2011.08.03 18:01:21.674,0.96204,0.9622,1.50,1.50
2011.08.03 18:01:23.331,0.96203,0.96217,1.50,1.65
2011.08.03 18:01:23.667,0.96199,0.96214,1.88,1.50
2011.08.03 18:01:24.061,0.96198,0.96214,1.35,1.50
2011.08.03 18:01:24.625,0.96198,0.96211,1.35,1.50
2011.08.03 18:01:26.618,0.96196,0.96213,2.25,2.10
2011.08.03 18:01:27.176,0.96197,0.96213,1.50,2.54
2011.08.03 18:01:28.834,0.96197,0.96213,1.50,2.54
2011.08.03 18:01:29.278,0.96197,0.96213,1.50,2.54
2011.08.03 18:01:30.001,0.96195,0.96209,1.88,2.25
2011.08.03 18:01:30.473,0.96189,0.96205,1.28,3.82
2011.08.03 18:01:30.809,0.96187,0.96205,2.03,2.32
2011.08.03 18:01:31.585,0.96187,0.96204,4.13,1.19
2011.08.03 18:01:32.365,0.96187,0.96204,4.50,1.19
2011.08.03 18:01:34.516,0.96189,0.96203,1.50,1.50
2011.08.03 18:01:35.075,0.96188,0.96204,1.13,1.19
2011.08.03 18:01:36.294,0.96188,0.96204,1.13,1.19
2011.08.03 18:01:39.440,0.96192,0.96204,1.35,1.19
2011.08.03 18:01:39.670,0.96192,0.96209,2.50,1.19
2011.08.03 18:01:39.790,0.96192,0.9621,2.87,1.19
2011.08.03 18:01:40.344,0.96196,0.96212,1.13,2.69
2011.08.03 18:01:44.598,0.96194,0.9621,1.50,2.92
2011.08.03 18:01:44.825,0.96191,0.96209,3.77,1.19
2011.08.03 18:01:46.145,0.96191,0.96207,2.25,1.19
2011.08.03 18:01:46.597,0.96191,0.96207,2.25,1.57
2011.08.03 18:01:46.825,0.96189,0.96204,2.25,1.19
2011.08.03 18:01:47.385,0.96189,0.96204,2.65,1.94
2011.08.03 18:01:47.951,0.96188,0.96204,1.28,1.94
2011.08.03 18:01:48.176,0.96186,0.96203,2.55,1.57
2011.08.03 18:01:48.297,0.96186,0.96201,1.05,1.50
2011.08.03 18:01:48.806,0.96185,0.96201,1.05,1.94
2011.08.03 18:01:49.587,0.96185,0.96201,1.05,2.32
2011.08.03 18:01:49.926,0.96184,0.96201,1.65,1.94
2011.08.03 18:01:53.296,0.96184,0.96201,1.50,2.69
2011.08.03 18:01:53.637,0.96182,0.96198,2.10,1.57
2011.08.03 18:01:53.757,0.96181,0.96197,1.50,1.13
2011.08.03 18:01:54.646,0.96182,0.96196,2.10,1.50
2011.08.03 18:01:55.289,0.96181,0.96196,1.52,1.50
2011.08.03 18:01:58.598,0.96181,0.96196,1.50,1.50
2011.08.03 18:02:01.934,0.96181,0.96198,1.50,1.94
2011.08.03 18:02:02.925,0.96181,0.96195,1.88,1.50
2011.08.03 18:02:03.271,0.96182,0.96197,2.63,1.50
2011.08.03 18:02:03.387,0.96182,0.96198,3.00,1.19
2011.08.03 18:02:03.507,0.96183,0.96199,2.10,1.50
2011.08.03 18:02:04.065,0.96183,0.96199,2.25,1.50
2011.08.03 18:02:04.404,0.96183,0.962,3.00,1.19
2011.08.03 18:02:05.285,0.96184,0.96201,2.25,1.50
2011.08.03 18:02:05.737,0.96187,0.96201,1.13,1.50
2011.08.03 18:02:05.965,0.96187,0.96203,1.13,1.94
2011.08.03 18:02:06.747,0.96188,0.96203,2.48,1.94
2011.08.03 18:02:07.087,0.96189,0.96206,1.90,1.19
2011.08.03 18:02:07.977,0.96189,0.96206,2.25,1.19
2011.08.03 18:02:08.536,0.9619,0.96208,1.88,2.92
2011.08.03 18:02:09.086,0.9619,0.96208,3.55,2.92
2011.08.03 18:02:09.205,0.96191,0.96208,2.40,2.92
2011.08.03 18:02:09.768,0.96192,0.9621,2.27,1.35
2011.08.03 18:02:10.358,0.96192,0.9621,3.02,1.73
2011.08.03 18:02:10.919,0.96193,0.9621,1.50,1.73
2011.08.03 18:02:14.193,0.96193,0.96209,2.25,1.35
2011.08.03 18:02:17.998,0.96193,0.96208,1.50,1.35
2011.08.03 18:02:21.105,0.96193,0.96209,1.50,1.79
2011.08.03 18:02:24.106,0.96194,0.9621,1.50,1.35
2011.08.03 18:02:24.450,0.96196,0.96211,1.88,1.57
2011.08.03 18:02:24.569,0.96196,0.96213,1.15,1.94
2011.08.03 18:02:24.690,0.96195,0.96213,1.15,1.94
2011.08.03 18:02:25.247,0.96195,0.9621,1.50,1.13
2011.08.03 18:02:25.809,0.96195,0.9621,1.88,1.88
2011.08.03 18:02:26.588,0.96195,0.9621,1.52,1.88
2011.08.03 18:02:26.938,0.96201,0.96213,1.13,1.19
2011.08.03 18:02:27.281,0.96202,0.96218,1.88,1.19
2011.08.03 18:02:28.605,0.96199,0.96217,3.23,1.94
2011.08.03 18:02:31.678,0.96199,0.96215,2.48,1.94
2011.08.03 18:02:35.029,0.96198,0.96213,1.50,1.50
2011.08.03 18:02:35.146,0.96196,0.96213,1.50,1.88
2011.08.03 18:02:35.273,0.96196,0.96212,1.50,1.50
2011.08.03 18:02:35.980,0.96197,0.96214,1.50,1.19
2011.08.03 18:02:36.535,0.96195,0.96214,1.88,1.94
2011.08.03 18:02:36.876,0.96193,0.9621,1.50,1.57
2011.08.03 18:02:37.435,0.96191,0.96209,2.25,1.50
2011.08.03 18:02:38.878,0.96193,0.9621,1.88,1.79
2011.08.03 18:02:40.996,0.96192,0.96208,1.13,1.34
2011.08.03 18:02:41.226,0.96189,0.96206,3.23,1.28
2011.08.03 18:02:41.457,0.96189,0.96206,3.23,3.29
2011.08.03 18:02:41.578,0.96189,0.96205,1.73,1.19
2011.08.03 18:02:41.915,0.96188,0.96204,1.73,1.50
2011.08.03 18:02:45.325,0.96188,0.96203,2.48,1.19
2011.08.03 18:02:46.808,0.96188,0.96203,2.85,1.19
2011.08.03 18:02:48.595,0.96188,0.96203,1.35,1.19
2011.08.03 18:02:50.161,0.96188,0.96204,2.48,1.19
2011.08.03 18:02:50.715,0.96188,0.96204,2.48,1.19
2011.08.03 18:02:53.367,0.96188,0.96203,1.73,1.94
2011.08.03 18:02:53.720,0.96183,0.96199,1.50,1.13
2011.08.03 18:02:54.179,0.96183,0.96201,1.50,4.34
2011.08.03 18:02:54.738,0.96183,0.962,1.88,1.50
2011.08.03 18:02:55.299,0.96185,0.962,1.13,1.50
2011.08.03 18:02:55.640,0.96187,0.96203,1.13,1.19
2011.08.03 18:02:56.197,0.96187,0.96203,1.73,1.19
2011.08.03 18:02:57.980,0.96186,0.96203,1.88,1.19
2011.08.03 18:02:58.428,0.96184,0.96201,1.50,1.58
2011.08.03 18:02:58.767,0.96182,0.962,2.10,1.27
2011.08.03 18:02:59.328,0.96182,0.962,2.10,1.19
2011.08.03 18:02:59.779,0.96184,0.962,1.13,1.19
2011.08.03 18:02:59.901,0.96185,0.96202,2.25,1.19
2011.08.03 18:03:00.024,0.96187,0.96202,1.15,1.19
2011.08.03 18:03:00.142,0.9619,0.96204,1.13,1.79
2011.08.03 18:03:06.517,0.96192,0.96207,1.22,1.19
2011.08.03 18:03:06.640,0.96192,0.96208,1.90,1.94
2011.08.03 18:03:06.758,0.96194,0.96208,1.13,1.50
2011.08.03 18:03:06.992,0.96194,0.96213,3.02,1.94
2011.08.03 18:03:07.220,0.96196,0.96213,1.50,1.19
2011.08.03 18:03:07.448,0.96195,0.96213,1.28,1.19
2011.08.03 18:03:08.010,0.96195,0.96212,1.50,1.13
2011.08.03 18:03:12.968,0.96197,0.96211,1.13,1.35
2011.08.03 18:03:13.524,0.96197,0.96211,1.15,1.35
2011.08.03 18:03:13.837,0.96197,0.96211,2.12,1.35
2011.08.03 18:03:14.066,0.96199,0.96215,2.12,1.94
2011.08.03 18:03:14.518,0.962,0.96217,2.50,1.79
2011.08.03 18:03:14.858,0.962,0.96217,3.00,1.79
2011.08.03 18:03:16.567,0.96201,0.96217,1.13,1.79
2011.08.03 18:03:17.455,0.96201,0.96217,1.82,1.79
2011.08.03 18:03:18.018,0.96204,0.96217,1.82,1.04
2011.08.03 18:03:18.356,0.96204,0.96217,1.50,1.04
2011.08.03 18:03:19.358,0.96202,0.96217,1.50,1.04
2011.08.03 18:03:24.646,0.962,0.96216,1.88,1.19
2011.08.03 18:03:25.208,0.96199,0.96215,1.88,1.19
2011.08.03 18:03:25.764,0.96199,0.96215,1.88,1.19
2011.08.03 18:03:26.357,0.96199,0.96215,1.13,1.94
2011.08.03 18:03:27.094,0.96199,0.96215,1.13,1.94
2011.08.03 18:03:27.645,0.96199,0.96215,1.88,1.94
2011.08.03 18:03:28.464,0.96199,0.96215,1.88,1.94
2011.08.03 18:03:37.449,0.96202,0.96218,3.75,1.19
2011.08.03 18:03:38.009,0.96204,0.9622,1.13,1.19
2011.08.03 18:03:38.130,0.96204,0.96222,2.63,1.19
2011.08.03 18:03:38.575,0.96204,0.96222,2.25,1.19
2011.08.03 18:03:38.796,0.96204,0.96222,3.38,1.19
2011.08.03 18:03:39.801,0.96204,0.96222,3.40,1.19
2011.08.03 18:03:40.440,0.96207,0.96223,1.13,1.19
2011.08.03 18:03:41.325,0.96209,0.96223,1.35,1.19
2011.08.03 18:03:41.667,0.96211,0.96229,3.77,1.19
2011.08.03 18:03:41.790,0.96213,0.9623,1.13,3.67
2011.08.03 18:03:42.017,0.96212,0.9623,1.90,2.10
2011.08.03 18:03:43.021,0.96213,0.96229,1.50,2.78
2011.08.03 18:03:43.424,0.96208,0.96224,1.50,2.25
2011.08.03 18:03:43.548,0.96207,0.96223,1.50,1.50
2011.08.03 18:03:44.106,0.96206,0.96222,1.50,1.19
2011.08.03 18:03:44.451,0.96205,0.96222,1.13,1.57
2011.08.03 18:03:46.345,0.96205,0.96222,1.88,1.19
2011.08.03 18:03:46.678,0.96211,0.96224,2.12,1.19
2011.08.03 18:03:46.797,0.96209,0.96225,2.48,1.19
2011.08.03 18:03:46.916,0.96209,0.96225,1.50,1.19
2011.08.03 18:03:47.248,0.96208,0.96224,1.13,1.19
2011.08.03 18:03:53.966,0.96208,0.96224,3.75,1.19
2011.08.03 18:03:54.526,0.96208,0.96224,3.00,1.19
2011.08.03 18:03:56.406,0.96208,0.96224,3.00,1.19
2011.08.03 18:03:57.085,0.96207,0.96223,1.35,1.19
2011.08.03 18:04:02.096,0.96206,0.96223,1.13,1.57
2011.08.03 18:04:02.527,0.9621,0.96225,1.13,4.35
2011.08.03 18:04:02.654,0.9621,0.96226,3.62,4.71
2011.08.03 18:04:02.767,0.9621,0.96226,3.23,1.50
2011.08.03 18:04:03.329,0.9621,0.96224,1.50,1.19
2011.08.03 18:04:03.888,0.96208,0.96224,1.50,1.19
2011.08.03 18:04:10.766,0.96207,0.96224,4.35,1.19
2011.08.03 18:04:14.847,0.96207,0.96225,5.85,1.94
2011.08.03 18:04:15.955,0.96209,0.96225,1.67,1.19
2011.08.03 18:04:16.342,0.96209,0.96225,1.50,1.19
2011.08.03 18:04:17.335,0.96207,0.96224,5.10,1.64
2011.08.03 18:04:17.895,0.96207,0.96222,4.35,1.20
2011.08.03 18:04:18.335,0.96207,0.96224,5.10,1.19
2011.08.03 18:04:19.774,0.96207,0.96224,5.10,1.19
2011.08.03 18:04:30.424,0.96207,0.96225,5.10,2.33
2011.08.03 18:04:30.985,0.96207,0.96225,5.10,2.09
2011.08.03 18:04:31.536,0.96207,0.96224,5.10,1.34
2011.08.03 18:04:33.048,0.96207,0.96224,5.10,1.19
2011.08.03 18:04:34.046,0.96207,0.96223,2.85,1.19
2011.08.03 18:04:34.614,0.9621,0.96225,1.13,2.32
2011.08.03 18:04:35.084,0.96211,0.96227,2.25,1.79
2011.08.03 18:04:35.434,0.96208,0.96224,1.50,1.57
2011.08.03 18:04:35.659,0.96208,0.96224,1.88,1.19
2011.08.03 18:04:36.869,0.96208,0.96224,2.63,1.19
2011.08.03 18:04:37.102,0.96208,0.96224,1.88,1.19
2011.08.03 18:04:37.327,0.96208,0.96224,1.50,1.57
2011.08.03 18:04:37.778,0.96208,0.96223,1.50,2.25
2011.08.03 18:04:38.115,0.96206,0.96223,1.88,1.19
2011.08.03 18:04:38.565,0.96206,0.96223,1.88,1.19
2011.08.03 18:04:38.910,0.96204,0.96217,2.63,3.90
2011.08.03 18:04:39.029,0.96204,0.96212,1.88,1.50
2011.08.03 18:04:39.152,0.96197,0.96208,2.63,1.50
2011.08.03 18:04:39.491,0.96193,0.96207,1.50,2.40
2011.08.03 18:04:39.769,0.96192,0.96206,1.13,2.32
2011.08.03 18:04:39.894,0.96189,0.96205,1.13,1.04
2011.08.03 18:04:40.123,0.96188,0.96204,1.35,1.19
2011.08.03 18:04:40.896,0.96188,0.96203,1.73,1.19
2011.08.03 18:04:41.458,0.96188,0.96202,1.73,1.19
2011.08.03 18:04:41.907,0.96187,0.96199,3.00,3.00
2011.08.03 18:04:42.140,0.96183,0.96197,1.35,1.50
2011.08.03 18:04:42.716,0.9618,0.96197,1.50,1.50
2011.08.03 18:04:46.025,0.9618,0.96196,1.50,1.50
2011.08.03 18:04:48.725,0.9618,0.96196,2.25,1.50
2011.08.03 18:04:50.165,0.9618,0.96196,1.88,1.50
2011.08.03 18:04:53.975,0.9618,0.96198,2.63,6.05
2011.08.03 18:04:54.315,0.9618,0.96198,2.63,3.98
2011.08.03 18:04:54.654,0.9618,0.96197,1.50,1.80
2011.08.03 18:04:55.094,0.96181,0.96197,1.50,1.19
2011.08.03 18:04:56.086,0.96184,0.962,1.50,2.32
2011.08.03 18:04:56.426,0.96184,0.962,2.25,1.19
2011.08.03 18:04:59.326,0.96184,0.96199,1.50,1.13
2011.08.03 18:04:59.669,0.96183,0.96198,1.50,3.38
2011.08.03 18:05:06.748,0.96183,0.96199,1.50,1.57
2011.08.03 18:05:07.088,0.96185,0.96201,1.13,1.19
2011.08.03 18:05:07.426,0.96184,0.96201,1.50,1.57
2011.08.03 18:05:07.769,0.96184,0.962,1.50,1.13
2011.08.03 18:05:09.540,0.9618,0.96197,1.50,1.88
2011.08.03 18:05:10.095,0.9618,0.96194,1.50,1.50
2011.08.03 18:05:11.316,0.9618,0.96196,1.50,1.50
2011.08.03 18:05:11.940,0.9618,0.96196,1.50,1.50
2011.08.03 18:05:12.830,0.9618,0.96193,1.50,1.13
2011.08.03 18:05:15.736,0.9618,0.96193,1.50,1.50
2011.08.03 18:05:16.960,0.96182,0.96193,1.90,1.50
2011.08.03 18:05:17.082,0.96186,0.96198,1.13,1.50
2011.08.03 18:05:17.199,0.96186,0.96201,1.73,1.57
2011.08.03 18:05:17.645,0.96188,0.96204,1.88,1.94
2011.08.03 18:05:18.205,0.96188,0.96204,2.63,1.94
2011.08.03 18:05:19.088,0.96187,0.96203,1.50,1.19
2011.08.03 18:05:19.427,0.96184,0.96199,1.88,2.25
2011.08.03 18:05:19.549,0.96183,0.96196,2.10,2.25
2011.08.03 18:05:20.106,0.96183,0.96196,1.35,2.25
2011.08.03 18:05:21.876,0.96183,0.96196,1.35,1.50
2011.08.03 18:05:23.698,0.96183,0.96198,1.35,1.50
2011.08.03 18:05:23.936,0.96184,0.962,1.50,1.88
2011.08.03 18:05:24.496,0.96184,0.96202,2.63,2.63
2011.08.03 18:05:24.838,0.96186,0.96202,1.13,1.50
2011.08.03 18:05:25.286,0.96186,0.96203,1.88,1.19
2011.08.03 18:05:26.505,0.96186,0.96203,1.88,1.34
2011.08.03 18:05:27.065,0.96186,0.96203,1.88,1.19
2011.08.03 18:05:27.626,0.96186,0.96203,1.88,1.27
2011.08.03 18:05:28.626,0.96185,0.96203,3.75,1.94
2011.08.03 18:05:30.548,0.96185,0.962,2.25,1.88
2011.08.03 18:05:30.672,0.96185,0.96199,1.50,1.58
2011.08.03 18:05:31.007,0.96184,0.96199,1.50,1.13
2011.08.03 18:05:38.395,0.96185,0.96201,1.50,1.57
2011.08.03 18:05:38.747,0.96192,0.96203,1.15,1.19
2011.08.03 18:05:38.868,0.96193,0.96205,1.13,1.19
2011.08.03 18:05:38.990,0.96193,0.96209,2.63,1.35
2011.08.03 18:05:40.535,0.96193,0.96209,1.50,1.35
2011.08.03 18:05:41.821,0.96193,0.96208,1.50,1.35
2011.08.03 18:05:42.048,0.96192,0.96206,1.50,1.19
2011.08.03 18:05:48.717,0.96192,0.96206,1.50,1.19
2011.08.03 18:05:49.166,0.96195,0.96211,1.13,1.13
2011.08.03 18:05:51.265,0.96193,0.9621,1.88,1.19
2011.08.03 18:05:55.146,0.96193,0.9621,2.63,1.19
2011.08.03 18:05:56.257,0.96193,0.9621,1.50,1.19
2011.08.03 18:05:57.715,0.96191,0.96207,2.25,1.19
2011.08.03 18:05:58.063,0.9619,0.96207,1.50,3.22
2011.08.03 18:05:58.427,0.96188,0.96203,3.38,2.25
2011.08.03 18:05:58.557,0.96187,0.96203,1.50,3.00
2011.08.03 18:05:59.119,0.96185,0.96201,1.50,1.19
2011.08.03 18:05:59.675,0.96185,0.96201,1.50,1.57
2011.08.03 18:06:00.788,0.96185,0.96201,1.88,1.19
2011.08.03 18:06:01.018,0.96188,0.96203,1.13,1.19
2011.08.03 18:06:01.576,0.96188,0.96204,3.00,1.19
2011.08.03 18:06:03.976,0.96188,0.96204,4.50,1.19
2011.08.03 18:06:04.536,0.9619,0.96205,1.13,1.19
2011.08.03 18:06:04.875,0.9619,0.96205,1.88,1.19
2011.08.03 18:06:05.868,0.9619,0.96205,1.13,1.19
2011.08.03 18:06:06.426,0.96188,0.96205,3.75,1.19
2011.08.03 18:06:08.847,0.96188,0.96205,3.00,1.19
2011.08.03 18:06:09.627,0.96189,0.96205,1.13,1.19
2011.08.03 18:06:09.855,0.96188,0.96205,2.63,1.19
2011.08.03 18:06:11.187,0.96188,0.96205,4.13,1.94
2011.08.03 18:06:11.746,0.96188,0.96204,3.38,1.19
2011.08.03 18:06:12.797,0.96188,0.96205,5.27,1.19
2011.08.03 18:06:13.465,0.96188,0.96205,5.65,1.19
2011.08.03 18:06:16.756,0.96188,0.96206,3.75,2.69
2011.08.03 18:06:17.316,0.96188,0.96205,3.75,1.19
2011.08.03 18:06:19.416,0.96188,0.96205,4.13,1.19
2011.08.03 18:06:20.459,0.96188,0.96204,3.75,1.19
2011.08.03 18:06:22.336,0.96188,0.96206,3.75,2.09
2011.08.03 18:06:22.564,0.96188,0.96205,3.75,1.19
2011.08.03 18:06:22.676,0.96188,0.96205,4.13,1.19
2011.08.03 18:06:24.555,0.96188,0.96205,3.38,1.64
2011.08.03 18:06:25.105,0.96188,0.96203,3.00,1.20
2011.08.03 18:06:25.656,0.96188,0.96203,3.00,1.20
2011.08.03 18:06:29.287,0.96192,0.96207,1.13,2.39
2011.08.03 18:06:29.406,0.96192,0.96207,1.13,1.94
2011.08.03 18:06:29.532,0.96193,0.96209,1.50,1.19
2011.08.03 18:06:29.647,0.96195,0.96209,1.13,1.19
2011.08.03 18:06:29.768,0.96195,0.96209,1.13,1.19
2011.08.03 18:06:33.740,0.96193,0.96209,1.50,1.34
2011.08.03 18:06:34.077,0.96192,0.96206,1.50,1.95
2011.08.03 18:06:34.201,0.96189,0.96205,1.50,1.19
2011.08.03 18:06:34.757,0.96188,0.96205,4.58,1.94
2011.08.03 18:06:34.987,0.96188,0.96205,4.58,2.24
2011.08.03 18:06:35.105,0.96188,0.96205,4.58,2.17
2011.08.03 18:06:35.337,0.96189,0.96204,1.13,1.20
2011.08.03 18:06:35.896,0.96191,0.96204,1.35,1.20
2011.08.03 18:06:36.129,0.96192,0.96208,1.73,1.19
2011.08.03 18:06:36.249,0.96192,0.96209,2.48,2.17
2011.08.03 18:06:36.799,0.96192,0.96209,2.10,2.32
2011.08.03 18:06:37.576,0.96192,0.96206,1.35,2.99
2011.08.03 18:06:38.136,0.96189,0.96206,4.73,2.48
2011.08.03 18:06:38.367,0.96192,0.96207,1.37,1.34
2011.08.03 18:06:38.925,0.9619,0.96207,2.25,1.19
2011.08.03 18:06:40.368,0.96193,0.9621,1.50,1.94
2011.08.03 18:06:43.677,0.96193,0.96207,3.38,1.34
2011.08.03 18:06:44.126,0.96189,0.96206,1.95,1.94
2011.08.03 18:06:44.249,0.96188,0.96206,4.58,3.52
2011.08.03 18:06:48.186,0.96192,0.96206,1.50,3.52
2011.08.03 18:06:48.313,0.96192,0.96206,2.65,2.77
2011.08.03 18:06:48.538,0.96191,0.96205,3.00,1.19
2011.08.03 18:06:49.096,0.96189,0.96205,4.90,1.19
2011.08.03 18:06:50.940,0.96189,0.96204,2.63,1.13
2011.08.03 18:06:51.062,0.96187,0.96202,1.50,2.85
2011.08.03 18:06:51.402,0.96186,0.96201,1.50,1.19
2011.08.03 18:06:51.876,0.96187,0.96202,2.10,1.19
2011.08.03 18:06:52.438,0.96188,0.96202,2.25,1.19
2011.08.03 18:06:57.997,0.96188,0.96203,3.75,1.19
2011.08.03 18:06:58.568,0.962,0.96212,1.13,1.19
2011.08.03 18:06:58.697,0.962,0.96216,1.15,1.19
2011.08.03 18:06:58.819,0.962,0.96217,1.52,1.64
2011.08.03 18:06:59.378,0.962,0.96217,1.52,1.19
2011.08.03 18:06:59.936,0.962,0.96217,1.52,1.19
2011.08.03 18:07:00.497,0.962,0.96218,3.40,1.19
2011.08.03 18:07:02.156,0.962,0.96216,1.13,1.19
2011.08.03 18:07:02.707,0.962,0.96217,1.50,1.19
2011.08.03 18:07:06.580,0.96199,0.96217,6.40,1.19
2011.08.03 18:07:06.921,0.96204,0.96219,1.15,1.19
2011.08.03 18:07:07.262,0.96211,0.9622,2.50,1.19
2011.08.03 18:07:07.817,0.96211,0.96219,3.62,1.19
2011.08.03 18:07:08.171,0.96212,0.9622,1.90,1.19
2011.08.03 18:07:09.499,0.96212,0.9622,2.65,1.19
2011.08.03 18:07:09.731,0.96212,0.96228,2.65,1.19
2011.08.03 18:07:09.849,0.96212,0.96229,2.65,1.13
2011.08.03 18:07:10.408,0.96215,0.96232,1.50,3.38
2011.08.03 18:07:10.751,0.9622,0.96235,2.63,1.50
2011.08.03 18:07:10.868,0.9622,0.96238,1.90,1.13
2011.08.03 18:07:11.842,0.9622,0.96238,1.88,1.13
2011.08.03 18:07:12.070,0.96219,0.96238,2.33,1.88
2011.08.03 18:07:12.626,0.96219,0.96238,2.33,1.88
2011.08.03 18:07:12.958,0.96223,0.96238,1.13,1.50
2011.08.03 18:07:13.298,0.96223,0.9624,3.75,2.95
2011.08.03 18:07:13.857,0.96223,0.9624,3.38,2.95
2011.08.03 18:07:14.417,0.96223,0.9624,2.63,2.95
2011.08.03 18:07:14.977,0.96224,0.9624,1.50,2.95
2011.08.03 18:07:16.348,0.96223,0.9624,2.63,2.95
2011.08.03 18:07:16.907,0.96223,0.9624,2.63,2.95
2011.08.03 18:07:19.338,0.96223,0.9624,1.88,2.95
2011.08.03 18:07:20.886,0.96223,0.96239,2.63,2.95
2011.08.03 18:07:22.059,0.96223,0.96239,2.63,2.95
2011.08.03 18:07:25.809,0.96223,0.9624,1.88,2.95
2011.08.03 18:07:26.550,0.96223,0.9624,1.88,2.95
2011.08.03 18:07:27.109,0.96223,0.9624,3.38,2.95
2011.08.03 18:07:27.667,0.96223,0.9624,3.38,2.95
2011.08.03 18:07:28.669,0.96223,0.9624,4.13,2.95
2011.08.03 18:07:29.698,0.96223,0.9624,4.15,2.95
2011.08.03 18:07:36.570,0.96223,0.96239,4.13,2.95
2011.08.03 18:07:39.110,0.96226,0.96242,1.15,2.85
2011.08.03 18:07:39.340,0.96226,0.96242,1.75,1.50
2011.08.03 18:07:40.447,0.9623,0.96244,1.35,2.25
2011.08.03 18:07:44.939,0.9623,0.96245,1.37,2.25
2011.08.03 18:07:46.401,0.96229,0.96244,2.63,2.25
2011.08.03 18:07:46.927,0.96227,0.96244,1.50,2.63
2011.08.03 18:07:47.390,0.96232,0.96245,2.25,2.25
2011.08.03 18:07:47.512,0.96234,0.96245,1.13,1.13
2011.08.03 18:07:48.067,0.96234,0.96245,2.63,1.50
2011.08.03 18:07:50.059,0.96234,0.96248,2.27,1.50
2011.08.03 18:07:50.681,0.96234,0.9625,2.25,1.69
2011.08.03 18:07:52.011,0.96234,0.96249,2.27,1.69
2011.08.03 18:07:52.775,0.96234,0.96249,3.40,1.69
2011.08.03 18:07:53.307,0.96234,0.96249,3.40,1.69
2011.08.03 18:07:54.307,0.96234,0.96249,3.00,1.69
2011.08.03 18:08:02.738,0.96234,0.96249,3.02,1.69
2011.08.03 18:08:03.299,0.96234,0.96249,3.02,1.69
2011.08.03 18:08:04.194,0.96234,0.96249,3.02,1.69
2011.08.03 18:08:05.520,0.96234,0.96249,3.02,1.69
2011.08.03 18:08:06.077,0.96234,0.96249,1.52,1.69
2011.08.03 18:08:06.420,0.96239,0.96255,1.52,1.88
2011.08.03 18:08:06.976,0.9624,0.96259,1.88,3.98
2011.08.03 18:08:07.428,0.96238,0.96255,1.50,1.13
2011.08.03 18:08:07.547,0.96235,0.96253,4.00,1.50
2011.08.03 18:08:07.669,0.96236,0.96253,1.75,1.50
2011.08.03 18:08:07.790,0.96238,0.96253,1.73,1.50
2011.08.03 18:08:08.869,0.96237,0.96255,4.00,1.50
2011.08.03 18:08:09.649,0.96238,0.96258,1.37,4.13
2011.08.03 18:08:10.101,0.96238,0.96256,2.48,1.19
2011.08.03 18:08:10.328,0.96238,0.96256,4.35,1.19
2011.08.03 18:08:10.998,0.96239,0.96255,1.50,1.50
2011.08.03 18:08:11.269,0.9624,0.96255,1.50,1.50
2011.08.03 18:08:11.615,0.9624,0.96255,1.90,1.50
2011.08.03 18:08:11.844,0.96243,0.96258,1.13,1.19
2011.08.03 18:08:12.399,0.96243,0.96259,1.90,1.50
2011.08.03 18:08:13.842,0.96241,0.96258,2.25,1.13
2011.08.03 18:08:14.396,0.96241,0.96258,1.50,1.19
2011.08.03 18:08:15.000,0.96241,0.96257,1.50,1.19
2011.08.03 18:08:15.118,0.96241,0.96258,1.50,1.19
2011.08.03 18:08:15.677,0.96242,0.96259,2.25,1.50
2011.08.03 18:08:17.342,0.96242,0.96256,1.50,1.13
2011.08.03 18:08:17.898,0.96241,0.96258,1.50,2.32
2011.08.03 18:08:18.680,0.96241,0.96258,1.50,1.94
2011.08.03 18:08:21.947,0.96244,0.96258,1.50,1.13
2011.08.03 18:08:22.399,0.96244,0.96259,1.90,1.13
2011.08.03 18:08:23.050,0.96243,0.96258,1.88,1.50
2011.08.03 18:08:33.537,0.96243,0.96259,2.63,1.50
2011.08.03 18:08:33.767,0.96243,0.9626,4.50,1.94
2011.08.03 18:08:35.917,0.96243,0.9626,1.88,2.69
2011.08.03 18:08:36.366,0.96241,0.96258,1.50,1.19
2011.08.03 18:08:39.279,0.96241,0.96258,1.13,1.19
2011.08.03 18:08:39.515,0.96245,0.96259,1.50,1.50
2011.08.03 18:08:44.038,0.96245,0.96262,2.25,1.19
2011.08.03 18:08:46.088,0.96248,0.96262,1.13,1.19
2011.08.03 18:08:46.646,0.96248,0.96264,3.00,1.53
2011.08.03 18:08:47.686,0.96248,0.96264,3.75,1.53
2011.08.03 18:08:48.238,0.96248,0.96263,1.13,1.94
2011.08.03 18:08:48.800,0.96247,0.96263,1.50,1.57
2011.08.03 18:08:49.771,0.96247,0.96263,1.88,1.88
2011.08.03 18:08:49.888,0.96248,0.96263,1.13,1.50
2011.08.03 18:08:50.340,0.96248,0.96265,1.88,2.32
2011.08.03 18:08:50.570,0.96248,0.96263,1.50,1.19
2011.08.03 18:08:51.127,0.96249,0.96266,1.13,1.19
2011.08.03 18:08:51.686,0.96249,0.96266,1.13,1.19
2011.08.03 18:08:52.351,0.96249,0.96266,1.13,1.94
2011.08.03 18:08:52.689,0.96249,0.96263,1.13,1.50
2011.08.03 18:08:53.034,0.96248,0.96262,1.88,1.88
2011.08.03 18:08:53.157,0.96246,0.9626,1.50,1.35
2011.08.03 18:08:53.514,0.96243,0.96259,2.25,3.00
2011.08.03 18:08:54.080,0.96242,0.96259,1.50,5.69
2011.08.03 18:08:54.308,0.96242,0.96256,1.50,1.13
2011.08.03 18:08:54.540,0.9624,0.96255,1.50,2.63
2011.08.03 18:08:54.773,0.9624,0.96256,1.50,1.13
2011.08.03 18:08:55.001,0.96241,0.96257,1.50,1.42
2011.08.03 18:08:55.340,0.96241,0.96257,1.13,2.54
2011.08.03 18:08:55.802,0.96239,0.96254,1.50,3.36
2011.08.03 18:08:56.358,0.96236,0.96253,1.50,1.13
2011.08.03 18:08:56.699,0.96236,0.96251,1.50,1.19
2011.08.03 18:08:56.823,0.96233,0.9625,1.50,1.19
2011.08.03 18:08:57.170,0.96243,0.96254,1.13,4.11
2011.08.03 18:08:57.292,0.96239,0.96255,2.25,4.55
2011.08.03 18:08:57.633,0.96236,0.96253,2.10,2.32
2011.08.03 18:08:58.188,0.96235,0.96251,1.50,1.79
2011.08.03 18:08:58.858,0.96235,0.96253,2.25,2.92
2011.08.03 18:09:00.257,0.96238,0.96255,1.50,1.19
2011.08.03 18:09:00.816,0.96238,0.96255,1.50,1.94
2011.08.03 18:09:01.808,0.9624,0.96255,1.13,1.19
2011.08.03 18:09:02.039,0.96241,0.96258,1.50,2.54
2011.08.03 18:09:05.369,0.96242,0.96258,1.88,1.19
2011.08.03 18:09:05.492,0.96243,0.96258,2.25,1.19
2011.08.03 18:09:05.720,0.96245,0.96262,1.88,1.19
2011.08.03 18:09:06.277,0.96245,0.96262,1.13,1.19
2011.08.03 18:09:13.096,0.96246,0.96262,1.50,1.19
2011.08.03 18:09:14.277,0.96246,0.96262,2.35,1.19
2011.08.03 18:09:14.618,0.96249,0.96266,1.50,3.44
2011.08.03 18:09:15.286,0.96249,0.96266,1.88,1.19
2011.08.03 18:09:16.057,0.96248,0.96266,2.25,2.32
2011.08.03 18:09:19.697,0.96249,0.96266,1.50,1.94
2011.08.03 18:09:19.816,0.9625,0.96266,1.50,1.50
2011.08.03 18:09:20.368,0.96252,0.96268,1.50,1.79
2011.08.03 18:09:25.090,0.9625,0.96267,2.25,1.72
2011.08.03 18:09:25.427,0.96247,0.96264,1.50,2.32
2011.08.03 18:09:26.650,0.96248,0.96264,1.88,1.19
2011.08.03 18:09:26.879,0.9625,0.96266,1.50,2.54
2011.08.03 18:09:29.701,0.96251,0.96265,1.35,1.19
2011.08.03 18:09:29.819,0.96253,0.96268,1.13,1.94
2011.08.03 18:09:30.376,0.96252,0.96267,1.35,1.19
2011.08.03 18:09:34.617,0.96252,0.96267,1.35,1.94
2011.08.03 18:09:36.168,0.96249,0.96265,2.63,1.57
2011.08.03 18:09:36.729,0.96249,0.96263,1.50,1.50
2011.08.03 18:09:37.287,0.96248,0.96263,1.50,1.57
2011.08.03 18:09:38.508,0.96248,0.96263,1.50,1.94
2011.08.03 18:09:39.066,0.96248,0.96263,1.50,1.19
2011.08.03 18:09:40.400,0.96248,0.96265,1.90,1.57
2011.08.03 18:09:40.956,0.96249,0.96266,1.50,2.32
2011.08.03 18:09:46.938,0.9625,0.96264,1.13,1.50
2011.08.03 18:09:47.277,0.96247,0.96263,1.50,1.57
2011.08.03 18:09:47.838,0.96247,0.96263,1.50,1.57
2011.08.03 18:09:48.398,0.96248,0.96263,1.13,1.57
2011.08.03 18:09:48.520,0.96247,0.96263,2.85,1.19
2011.08.03 18:09:49.077,0.96247,0.96263,2.85,1.94
2011.08.03 18:09:50.837,0.96247,0.96263,3.23,1.19
2011.08.03 18:09:51.183,0.96249,0.96264,1.50,1.19
2011.08.03 18:09:51.302,0.9625,0.96268,2.27,2.54
2011.08.03 18:09:51.747,0.96252,0.96268,1.13,2.54
2011.08.03 18:09:52.308,0.96252,0.96269,3.30,1.19
2011.08.03 18:09:53.048,0.96252,0.96269,2.63,1.19
2011.08.03 18:09:54.159,0.96252,0.96268,2.63,1.49
2011.08.03 18:09:54.497,0.96253,0.96269,1.50,1.94
2011.08.03 18:09:55.388,0.96255,0.96269,1.90,1.19
2011.08.03 18:09:55.508,0.96255,0.9627,1.90,1.19
2011.08.03 18:09:55.958,0.96258,0.96271,1.13,1.19
2011.08.03 18:09:56.081,0.96258,0.96274,1.13,1.04
2011.08.03 18:09:56.308,0.96259,0.96276,1.15,1.57
2011.08.03 18:09:56.649,0.96262,0.96277,1.13,1.19
2011.08.03 18:09:57.409,0.96261,0.96278,2.70,1.19
2011.08.03 18:09:57.750,0.9626,0.96277,2.25,1.57
2011.08.03 18:09:57.980,0.9626,0.96278,2.25,1.94
2011.08.03 18:09:58.101,0.9626,0.96272,2.25,1.13
2011.08.03 18:09:58.226,0.9626,0.96273,1.50,1.88
2011.08.03 18:09:58.450,0.96256,0.96272,2.25,1.50
2011.08.03 18:09:59.010,0.96255,0.96272,1.88,2.25
2011.08.03 18:09:59.240,0.96254,0.9627,1.50,2.54
2011.08.03 18:09:59.359,0.96253,0.96269,1.50,3.07
2011.08.03 18:10:00.027,0.96253,0.96269,1.50,1.94
2011.08.03 18:10:01.029,0.96253,0.96266,1.50,1.13
2011.08.03 18:10:01.702,0.96249,0.96263,1.50,1.50
2011.08.03 18:10:02.261,0.96247,0.96264,2.25,1.94
2011.08.03 18:10:02.820,0.96249,0.96265,1.88,1.94
2011.08.03 18:10:03.379,0.96251,0.96269,1.88,2.32
2011.08.03 18:10:03.716,0.96251,0.96268,1.50,1.19
2011.08.03 18:10:04.051,0.96249,0.96263,1.50,1.44
2011.08.03 18:10:04.278,0.96248,0.96263,2.25,1.88
2011.08.03 18:10:04.709,0.96249,0.96265,1.50,1.13
2011.08.03 18:10:05.170,0.96248,0.96263,1.50,1.88
2011.08.03 18:10:06.057,0.96248,0.96266,3.00,1.88
2011.08.03 18:10:06.618,0.96248,0.96264,2.25,2.24
2011.08.03 18:10:06.850,0.96248,0.96263,2.25,1.88
2011.08.03 18:10:08.287,0.96247,0.96264,2.25,3.23
2011.08.03 18:10:08.847,0.96247,0.96263,2.25,2.94
2011.08.03 18:10:09.727,0.96247,0.96264,2.25,1.04
2011.08.03 18:10:09.959,0.96249,0.96266,1.50,1.57
2011.08.03 18:10:10.560,0.96251,0.96266,1.13,1.19
2011.08.03 18:10:11.119,0.96252,0.96268,1.13,2.69
2011.08.03 18:10:11.464,0.96248,0.96262,5.25,2.79
2011.08.03 18:10:11.797,0.96245,0.96259,2.25,1.88
2011.08.03 18:10:12.138,0.96245,0.96259,2.25,1.50
2011.08.03 18:10:12.671,0.96244,0.96259,2.25,1.50
2011.08.03 18:10:13.229,0.96244,0.9626,2.25,2.32
2011.08.03 18:10:13.569,0.96245,0.96259,1.50,1.88
2011.08.03 18:10:13.910,0.96243,0.96255,3.38,2.25
2011.08.03 18:10:14.262,0.96239,0.96255,1.50,3.38
2011.08.03 18:10:14.384,0.9624,0.96254,1.50,1.88
2011.08.03 18:10:14.719,0.96243,0.9626,1.73,1.57
2011.08.03 18:10:14.949,0.96245,0.96261,1.15,1.94
2011.08.03 18:10:15.737,0.96246,0.96262,1.88,1.94
2011.08.03 18:10:17.358,0.96246,0.96257,1.50,2.10
2011.08.03 18:10:17.809,0.96238,0.96253,1.60,1.04
2011.08.03 18:10:18.257,0.96237,0.96253,1.65,1.04
2011.08.03 18:10:21.447,0.96237,0.96253,1.50,1.04
2011.08.03 18:10:22.756,0.96236,0.96253,1.88,1.04
2011.08.03 18:10:30.706,0.96238,0.96252,1.50,1.19
2011.08.03 18:10:31.042,0.9624,0.96256,5.25,1.94
2011.08.03 18:10:31.160,0.96241,0.96256,1.88,1.19
2011.08.03 18:10:31.278,0.96242,0.96258,1.88,1.94
2011.08.03 18:10:31.401,0.96242,0.96258,1.88,1.19
2011.08.03 18:10:35.428,0.96243,0.96259,2.63,1.19
2011.08.03 18:10:35.769,0.96245,0.96261,1.60,1.57
2011.08.03 18:10:36.575,0.96247,0.96263,1.60,1.19
2011.08.03 18:10:36.704,0.9625,0.96265,1.22,3.07
2011.08.03 18:10:36.824,0.96252,0.96266,1.22,1.19
2011.08.03 18:10:37.052,0.96254,0.96266,1.13,1.19
2011.08.03 18:10:37.173,0.96254,0.96269,1.97,1.57
2011.08.03 18:10:37.290,0.96254,0.96271,1.97,1.57
2011.08.03 18:10:37.848,0.96254,0.96271,2.25,1.57
2011.08.03 18:10:38.192,0.96253,0.96269,1.50,1.57
2011.08.03 18:10:39.081,0.96252,0.96268,1.50,1.94
2011.08.03 18:10:39.637,0.96251,0.96267,1.50,1.19
2011.08.03 18:10:40.421,0.9625,0.96267,1.88,1.19
2011.08.03 18:10:41.971,0.96248,0.96265,3.00,1.57
2011.08.03 18:10:42.685,0.96245,0.96263,2.25,3.44
2011.08.03 18:10:46.217,0.96244,0.96261,1.50,1.57
2011.08.03 18:10:46.779,0.96244,0.9626,1.67,1.57
2011.08.03 18:10:47.337,0.96244,0.96262,2.42,1.57
2011.08.03 18:10:47.907,0.96244,0.96262,2.42,1.57
2011.08.03 18:10:48.466,0.96244,0.96262,2.42,1.57
2011.08.03 18:10:49.037,0.96244,0.96262,2.42,1.57
2011.08.03 18:10:49.609,0.96244,0.96262,2.42,1.57
2011.08.03 18:10:50.167,0.96244,0.96262,2.42,1.57
2011.08.03 18:10:50.726,0.96244,0.96262,2.42,1.57
2011.08.03 18:10:51.237,0.96244,0.96262,2.42,1.57
2011.08.03 18:10:51.854,0.96244,0.96262,2.42,1.57
2011.08.03 18:10:52.447,0.96244,0.96262,2.42,1.57
2011.08.03 18:10:53.137,0.96244,0.96262,2.42,1.57
2011.08.03 18:10:53.916,0.96244,0.96262,2.42,1.57
2011.08.03 18:10:54.968,0.96244,0.96262,2.42,1.57
2011.08.03 18:10:55.537,0.96244,0.96262,2.42,1.57
2011.08.03 18:10:56.101,0.96244,0.96262,2.42,1.57
2011.08.03 18:10:56.879,0.96244,0.96262,2.42,1.57
2011.08.03 18:10:58.319,0.96245,0.96262,2.05,1.19
2011.08.03 18:10:58.548,0.96247,0.96263,1.60,1.19
2011.08.03 18:11:02.430,0.96247,0.96265,2.57,1.57
2011.08.03 18:11:02.660,0.96249,0.96266,2.95,1.94
2011.08.03 18:11:02.778,0.96252,0.96266,1.15,1.19
2011.08.03 18:11:03.117,0.96253,0.9627,1.67,1.57
2011.08.03 18:11:04.668,0.96254,0.9627,1.67,1.57
2011.08.03 18:11:05.227,0.96254,0.96272,1.67,2.17
2011.08.03 18:11:05.457,0.96255,0.96272,1.67,1.57
2011.08.03 18:11:06.724,0.96257,0.96275,2.10,1.50
2011.08.03 18:11:06.840,0.96257,0.96275,2.10,1.50
2011.08.03 18:11:07.290,0.96258,0.96275,2.27,1.19
2011.08.03 18:11:07.630,0.96258,0.96275,2.42,1.19
2011.08.03 18:11:08.518,0.9626,0.96275,1.67,1.19
2011.08.03 18:11:08.748,0.96259,0.96275,1.30,2.32
2011.08.03 18:11:08.978,0.9626,0.96275,1.67,3.44
2011.08.03 18:11:09.538,0.96257,0.96274,2.42,1.79
2011.08.03 18:11:09.993,0.96263,0.96275,1.88,1.19
2011.08.03 18:11:10.329,0.96262,0.96276,1.50,1.88
2011.08.03 18:11:10.452,0.96261,0.96276,1.50,1.50
2011.08.03 18:11:11.007,0.96265,0.96279,1.50,1.42
2011.08.03 18:11:11.348,0.96265,0.96275,1.50,1.35
2011.08.03 18:11:11.693,0.96264,0.96272,1.50,1.57
2011.08.03 18:11:11.807,0.96261,0.96272,1.50,1.19
2011.08.03 18:11:11.932,0.9626,0.96272,1.50,1.19
2011.08.03 18:11:13.369,0.9626,0.96272,1.52,2.32
2011.08.03 18:11:13.490,0.9626,0.96272,1.52,1.88
2011.08.03 18:11:13.831,0.96259,0.96272,1.88,1.65
2011.08.03 18:11:13.949,0.96259,0.96272,1.88,1.88
2011.08.03 18:11:14.665,0.96259,0.96272,1.88,2.32
2011.08.03 18:11:15.688,0.9626,0.96271,1.50,3.07
2011.08.03 18:11:16.358,0.96259,0.96272,1.88,1.94
2011.08.03 18:11:16.922,0.96257,0.96274,1.73,1.94
2011.08.03 18:11:17.148,0.96259,0.96274,1.50,1.19
2011.08.03 18:11:17.268,0.9626,0.96274,1.50,1.13
2011.08.03 18:11:18.267,0.9626,0.96274,1.50,1.57
2011.08.03 18:11:18.817,0.96259,0.96274,2.63,1.94
2011.08.03 18:11:19.367,0.96259,0.96272,2.63,1.13
2011.08.03 18:11:21.313,0.96259,0.96274,2.25,1.19
2011.08.03 18:11:21.431,0.96261,0.96276,3.00,1.13
2011.08.03 18:11:22.987,0.96262,0.96279,1.50,2.32
2011.08.03 18:11:23.220,0.96262,0.96279,2.63,1.94
2011.08.03 18:11:23.777,0.96264,0.9628,2.25,1.04
2011.08.03 18:11:49.789,0.96262,0.96278,1.50,1.19
2011.08.03 18:11:50.178,0.96262,0.96274,1.50,3.60
2011.08.03 18:11:50.305,0.9626,0.96272,1.50,1.73
2011.08.03 18:11:51.523,0.96263,0.96274,1.35,1.19
2011.08.03 18:11:51.750,0.96262,0.96278,1.50,1.19
2011.08.03 18:11:52.089,0.96262,0.96278,2.25,1.57
2011.08.03 18:11:52.979,0.96262,0.96276,3.75,1.50
2011.08.03 18:11:53.318,0.96262,0.96276,1.50,1.19
2011.08.03 18:11:53.438,0.9626,0.96276,3.02,1.19
2011.08.03 18:11:53.558,0.96262,0.96278,1.50,2.32
2011.08.03 18:11:53.677,0.96261,0.96277,1.52,2.32
2011.08.03 18:11:54.228,0.9626,0.96275,1.50,4.19
2011.08.03 18:11:56.428,0.9626,0.96275,1.50,3.07
2011.08.03 18:11:57.547,0.9626,0.96275,1.50,3.82
2011.08.03 18:11:57.991,0.96262,0.96278,2.10,2.99
2011.08.03 18:11:58.330,0.96262,0.96281,2.48,4.50
2011.08.03 18:11:58.452,0.96262,0.9628,2.48,1.57
2011.08.03 18:11:58.677,0.96262,0.9628,2.50,1.57
2011.08.03 18:12:02.229,0.96262,0.96278,1.50,1.35
2011.08.03 18:12:02.569,0.96261,0.96276,1.50,1.88
2011.08.03 18:12:02.910,0.96264,0.96278,2.27,1.19
2011.08.03 18:12:03.031,0.96265,0.96281,1.52,1.79
2011.08.03 18:12:03.259,0.96263,0.96281,1.50,1.42
2011.08.03 18:12:03.488,0.96263,0.9628,1.50,1.13
2011.08.03 18:12:05.049,0.96264,0.9628,1.50,1.19
2011.08.03 18:12:06.047,0.96265,0.96281,2.25,1.07
2011.08.03 18:12:06.607,0.96265,0.96282,2.25,1.35
2011.08.03 18:12:07.722,0.96265,0.96282,3.75,1.35
2011.08.03 18:12:08.309,0.96267,0.96282,2.50,1.50
2011.08.03 18:12:08.979,0.96266,0.96284,1.50,1.50
2011.08.03 18:12:09.323,0.96267,0.96285,1.73,1.19
2011.08.03 18:12:09.996,0.96271,0.96285,1.13,1.19
2011.08.03 18:12:10.219,0.96273,0.96287,1.50,1.19
2011.08.03 18:12:10.448,0.96274,0.96289,1.50,1.13
2011.08.03 18:12:11.007,0.96274,0.96291,1.50,5.48
2011.08.03 18:12:11.889,0.96274,0.9629,1.50,1.44
2011.08.03 18:12:13.328,0.96274,0.9629,1.50,2.25
2011.08.03 18:12:14.736,0.96274,0.9629,1.50,2.25
2011.08.03 18:12:16.719,0.96274,0.9629,1.50,1.44
2011.08.03 18:12:17.064,0.9628,0.96291,1.52,1.19
2011.08.03 18:12:17.435,0.96281,0.96298,1.50,1.94
2011.08.03 18:12:17.988,0.96283,0.96299,1.50,2.69
2011.08.03 18:12:18.219,0.96281,0.96298,1.50,1.57
2011.08.03 18:12:19.000,0.96281,0.96298,1.50,1.57
2011.08.03 18:12:19.117,0.96282,0.963,1.50,4.94
2011.08.03 18:12:22.221,0.96285,0.96299,1.35,1.19
2011.08.03 18:12:22.450,0.96288,0.96305,1.50,2.69
2011.08.03 18:12:22.569,0.96288,0.96302,1.50,1.13
2011.08.03 18:12:22.912,0.96282,0.96299,2.25,3.00
2011.08.03 18:12:23.139,0.96282,0.96297,1.50,1.13
2011.08.03 18:12:23.698,0.96282,0.96297,1.50,1.13
2011.08.03 18:12:24.149,0.96281,0.96295,1.50,2.10
2011.08.03 18:12:24.493,0.96276,0.96292,2.25,2.63
2011.08.03 18:12:25.257,0.96275,0.96291,1.50,3.07
2011.08.03 18:12:25.378,0.96273,0.96291,2.25,3.82
2011.08.03 18:12:25.939,0.96274,0.9629,2.25,1.50
2011.08.03 18:12:26.278,0.96274,0.96291,2.25,1.94
2011.08.03 18:12:27.170,0.96277,0.96293,1.50,1.19
2011.08.03 18:12:27.290,0.96278,0.96295,1.50,1.19
2011.08.03 18:12:27.411,0.96278,0.96295,1.50,1.19
2011.08.03 18:12:28.091,0.96278,0.96296,1.50,1.94
2011.08.03 18:12:29.858,0.96279,0.96295,1.50,1.13
2011.08.03 18:12:30.199,0.96277,0.9629,1.50,1.13
2011.08.03 18:12:30.541,0.96275,0.9629,1.50,1.13
2011.08.03 18:12:31.207,0.96275,0.9629,1.50,1.13
2011.08.03 18:12:32.428,0.96277,0.96291,1.50,1.19
2011.08.03 18:12:33.317,0.96277,0.96294,1.50,1.19
2011.08.03 18:12:35.589,0.96277,0.96295,2.25,2.69
2011.08.03 18:12:36.150,0.96277,0.96292,2.25,1.88
2011.08.03 18:12:36.708,0.96276,0.96292,2.25,1.88
2011.08.03 18:12:37.159,0.96276,0.96291,1.50,3.75
2011.08.03 18:12:37.503,0.96274,0.9629,1.50,1.13
2011.08.03 18:12:38.278,0.96273,0.96291,2.25,2.69
2011.08.03 18:12:38.898,0.96273,0.96291,2.25,1.88
2011.08.03 18:12:39.678,0.96274,0.96291,1.50,3.07
2011.08.03 18:12:40.239,0.96273,0.96289,1.50,2.48
2011.08.03 18:12:40.801,0.96274,0.96289,1.50,1.73
2011.08.03 18:12:41.027,0.96274,0.96289,1.52,1.73
2011.08.03 18:12:41.588,0.96274,0.96291,2.25,1.57
2011.08.03 18:12:42.147,0.96274,0.96291,4.13,1.57
2011.08.03 18:12:59.735,0.96281,0.96291,1.50,1.13
2011.08.03 18:12:59.852,0.96282,0.96294,1.15,2.25
2011.08.03 18:13:00.197,0.96284,0.963,2.25,1.44
2011.08.03 18:13:00.750,0.96286,0.96302,1.50,1.35
2011.08.03 18:13:01.529,0.9629,0.96306,1.50,3.07
2011.08.03 18:13:01.868,0.96293,0.96306,1.50,1.19
2011.08.03 18:13:04.429,0.9629,0.96305,1.50,2.32
2011.08.03 18:13:04.551,0.96288,0.96303,3.23,1.50
2011.08.03 18:13:04.889,0.96285,0.963,2.25,1.50
2011.08.03 18:13:08.211,0.96283,0.96296,1.50,1.19
2011.08.03 18:13:08.550,0.96278,0.96292,1.50,1.13
2011.08.03 18:13:08.674,0.96277,0.96293,1.50,6.00
2011.08.03 18:13:10.108,0.96276,0.96291,1.50,2.85
2011.08.03 18:13:10.460,0.96274,0.96288,1.50,1.73
2011.08.03 18:13:11.199,0.96275,0.96291,1.50,2.54
2011.08.03 18:13:11.756,0.96274,0.96291,1.50,2.92
2011.08.03 18:13:12.419,0.96274,0.96288,1.50,1.43
2011.08.03 18:13:12.979,0.9627,0.96285,1.50,3.14
2011.08.03 18:13:13.317,0.96268,0.96285,1.50,4.63
2011.08.03 18:13:14.430,0.96267,0.96285,2.25,3.14
2011.08.03 18:13:15.879,0.96269,0.96285,1.50,4.19
2011.08.03 18:13:16.656,0.96267,0.96285,2.25,2.69
2011.08.03 18:13:16.988,0.96267,0.96285,2.25,5.69
2011.08.03 18:13:17.546,0.96267,0.96285,2.25,4.57
2011.08.03 18:13:18.207,0.96267,0.96285,2.25,4.57
2011.08.03 18:13:18.770,0.96267,0.96282,1.50,1.19
2011.08.03 18:13:18.891,0.96266,0.96281,1.50,1.13
2011.08.03 18:13:21.690,0.96266,0.96282,1.50,1.19
2011.08.03 18:13:26.237,0.96267,0.96282,1.50,1.19
2011.08.03 18:13:28.227,0.96267,0.96282,1.50,1.19
2011.08.03 18:13:28.792,0.96266,0.96282,1.50,1.19
2011.08.03 18:13:31.848,0.96267,0.96284,1.50,1.94
2011.08.03 18:13:32.077,0.96268,0.96285,1.50,3.22
2011.08.03 18:13:36.598,0.96268,0.96284,1.50,1.07
2011.08.03 18:13:37.160,0.96268,0.96285,2.63,1.50
2011.08.03 18:13:37.609,0.96268,0.96285,1.50,2.25
2011.08.03 18:13:37.729,0.96267,0.96283,2.25,1.07
2011.08.03 18:13:38.397,0.96267,0.96283,2.25,1.07
2011.08.03 18:13:39.607,0.96267,0.96283,2.25,1.07
2011.08.03 18:13:40.669,0.96267,0.96283,2.25,1.07
2011.08.03 18:13:41.666,0.96267,0.96283,2.25,1.07
2011.08.03 18:13:42.458,0.96266,0.96283,1.50,2.10
2011.08.03 18:13:43.017,0.96266,0.96282,1.50,1.29
2011.08.03 18:13:43.566,0.96266,0.96283,1.50,2.85
2011.08.03 18:13:44.448,0.96266,0.96282,1.50,1.29
2011.08.03 18:13:45.007,0.96266,0.96283,1.50,2.85
2011.08.03 18:13:45.807,0.96266,0.96282,1.50,1.29
2011.08.03 18:13:47.037,0.96266,0.96283,1.50,2.48
2011.08.03 18:13:47.827,0.96266,0.96283,1.50,3.23
2011.08.03 18:13:48.287,0.96264,0.96279,1.50,1.88
2011.08.03 18:13:48.738,0.96263,0.96279,1.50,2.63
2011.08.03 18:13:49.081,0.96259,0.96272,1.88,1.13
2011.08.03 18:13:51.928,0.96258,0.96272,2.63,1.57
2011.08.03 18:13:54.593,0.96258,0.96271,2.63,1.65
2011.08.03 18:13:54.936,0.96258,0.9627,1.50,1.13
2011.08.03 18:13:55.050,0.96258,0.96268,1.50,1.50
2011.08.03 18:13:55.393,0.96254,0.96264,2.63,1.13
2011.08.03 18:13:55.619,0.96246,0.96262,1.50,2.63
2011.08.03 18:13:56.192,0.96247,0.96262,1.50,3.38
2011.08.03 18:13:56.533,0.96245,0.96261,2.25,1.35
2011.08.03 18:13:56.652,0.96245,0.96261,1.50,2.10
2011.08.03 18:13:57.210,0.96244,0.9626,3.00,1.57
2011.08.03 18:13:57.549,0.96247,0.96262,2.25,3.75
2011.08.03 18:13:57.891,0.96251,0.96267,2.25,4.04
2011.08.03 18:13:58.008,0.96252,0.96267,1.50,2.54
2011.08.03 18:13:59.007,0.96253,0.96267,1.50,2.54
2011.08.03 18:13:59.349,0.96258,0.96268,1.50,1.19
2011.08.03 18:13:59.469,0.96257,0.96271,1.50,1.94
2011.08.03 18:14:03.007,0.96257,0.96271,1.50,1.57
2011.08.03 18:14:04.569,0.96254,0.96269,1.88,1.19
2011.08.03 18:14:05.127,0.96253,0.96269,1.50,1.94
2011.08.03 18:14:06.065,0.9625,0.96266,2.25,1.88
2011.08.03 18:14:06.400,0.96252,0.96267,1.50,1.79
2011.08.03 18:14:06.628,0.96252,0.96267,1.50,1.04
2011.08.03 18:14:10.599,0.96252,0.96267,1.50,1.49
2011.08.03 18:14:10.938,0.96252,0.96268,1.50,3.07
2011.08.03 18:14:11.059,0.96252,0.96268,1.50,3.37
2011.08.03 18:14:11.178,0.96252,0.96268,1.50,2.47
2011.08.03 18:14:11.739,0.96254,0.96269,1.50,1.19
2011.08.03 18:14:11.862,0.96254,0.96269,1.50,1.34
2011.08.03 18:14:11.977,0.96254,0.96269,1.50,1.19
2011.08.03 18:14:12.539,0.96254,0.96269,1.50,1.94
2011.08.03 18:14:14.447,0.96252,0.96269,1.50,2.47
2011.08.03 18:14:15.008,0.96252,0.96268,1.50,2.32
2011.08.03 18:14:15.348,0.96252,0.96268,2.25,2.62
2011.08.03 18:14:15.468,0.96252,0.96268,1.50,1.94
2011.08.03 18:14:15.807,0.96252,0.96268,1.50,2.24
2011.08.03 18:14:16.614,0.96252,0.96268,1.50,1.94
2011.08.03 18:14:16.729,0.96252,0.96268,1.50,2.24
2011.08.03 18:14:16.850,0.96252,0.96268,2.25,2.32
2011.08.03 18:14:16.968,0.96252,0.96268,2.25,2.47
2011.08.03 18:14:17.201,0.96252,0.96268,1.50,1.94
2011.08.03 18:14:17.431,0.96252,0.96267,1.50,1.05
2011.08.03 18:14:17.657,0.96252,0.96268,1.50,2.47
2011.08.03 18:14:17.771,0.96252,0.96267,1.50,1.65
2011.08.03 18:14:17.890,0.96252,0.96268,1.50,1.57
2011.08.03 18:14:18.118,0.96252,0.96268,1.50,1.87
2011.08.03 18:14:18.240,0.96254,0.96268,1.50,1.57
2011.08.03 18:14:18.364,0.96257,0.96268,1.50,1.57
2011.08.03 18:14:20.082,0.96254,0.96268,2.25,1.12
2011.08.03 18:14:20.530,0.96254,0.96266,1.50,1.50
2011.08.03 18:14:22.187,0.96254,0.96268,1.50,1.94
2011.08.03 18:14:22.629,0.96255,0.9627,1.50,1.57
2011.08.03 18:14:22.967,0.96257,0.9627,1.50,1.57
2011.08.03 18:14:23.568,0.96257,0.9627,1.50,1.19
2011.08.03 18:14:24.127,0.96258,0.9627,1.50,1.57
2011.08.03 18:14:24.687,0.96258,0.9627,1.50,1.19
2011.08.03 18:14:25.279,0.96255,0.9627,1.88,2.32
2011.08.03 18:14:25.837,0.96254,0.9627,1.50,3.07
2011.08.03 18:14:26.951,0.96253,0.96268,1.50,1.19
2011.08.03 18:14:29.500,0.96255,0.9627,1.50,1.57
2011.08.03 18:14:30.500,0.96255,0.96272,1.50,2.32
2011.08.03 18:14:37.310,0.96254,0.96266,1.50,2.40
2011.08.03 18:14:37.712,0.96254,0.96266,1.50,4.26
2011.08.03 18:14:37.840,0.96249,0.96263,1.50,1.13
2011.08.03 18:14:38.289,0.96248,0.96263,1.50,3.07
2011.08.03 18:14:38.521,0.96247,0.9626,1.50,1.88
2011.08.03 18:14:38.754,0.96245,0.96259,1.50,1.50
2011.08.03 18:14:38.869,0.96245,0.96261,1.50,1.88
2011.08.03 18:14:39.430,0.96246,0.96262,1.13,2.63
2011.08.03 18:14:39.987,0.96246,0.96263,1.13,3.82
2011.08.03 18:14:40.652,0.96248,0.96263,1.50,2.69
2011.08.03 18:14:41.210,0.96248,0.96263,1.50,3.07
2011.08.03 18:14:41.550,0.96246,0.96261,1.13,2.17
2011.08.03 18:14:41.669,0.96244,0.96261,2.25,4.04
2011.08.03 18:14:42.449,0.96243,0.9626,2.25,2.54
2011.08.03 18:14:44.988,0.96245,0.9626,1.88,2.69
2011.08.03 18:14:45.328,0.96248,0.96261,1.50,1.19
2011.08.03 18:14:46.262,0.96247,0.96257,1.50,2.03
2011.08.03 18:14:46.491,0.96244,0.96254,3.00,1.50
2011.08.03 18:14:46.614,0.96243,0.96253,1.50,1.95
2011.08.03 18:14:46.732,0.96243,0.96253,1.50,2.33
2011.08.03 18:14:46.852,0.96238,0.96253,1.50,3.00
2011.08.03 18:14:47.080,0.96236,0.96252,1.50,3.38
2011.08.03 18:14:47.421,0.96234,0.9625,3.00,1.28
2011.08.03 18:14:47.648,0.96234,0.9625,3.00,1.13
2011.08.03 18:14:49.246,0.96237,0.96253,1.50,1.19
2011.08.03 18:14:49.690,0.96237,0.96247,1.88,2.25
2011.08.03 18:14:50.031,0.96234,0.96247,1.50,2.25
2011.08.03 18:14:50.149,0.96235,0.96251,1.50,3.38
2011.08.03 18:14:50.270,0.96236,0.96253,1.50,1.94
2011.08.03 18:14:50.387,0.96237,0.96253,1.50,1.94
2011.08.03 18:14:50.937,0.96237,0.96253,1.50,1.19
2011.08.03 18:14:51.487,0.96238,0.96254,1.50,4.40
2011.08.03 18:14:52.048,0.96237,0.96254,1.50,2.17
2011.08.03 18:14:53.272,0.9624,0.96257,1.88,1.50
2011.08.03 18:14:53.828,0.96241,0.96258,1.88,1.57
2011.08.03 18:14:54.284,0.96241,0.96255,1.50,1.35
2011.08.03 18:14:54.620,0.96243,0.9626,1.50,1.57
2011.08.03 18:14:54.738,0.96243,0.96261,2.25,5.54
2011.08.03 18:14:54.966,0.96243,0.96261,2.25,5.17
2011.08.03 18:14:55.518,0.96242,0.9626,2.63,1.88
2011.08.03 18:14:56.078,0.96242,0.96259,1.50,1.88
2011.08.03 18:14:56.637,0.96242,0.96259,1.50,1.50
2011.08.03 18:14:57.321,0.96242,0.96259,1.50,1.50
2011.08.03 18:14:59.037,0.96242,0.96258,1.50,1.50
2011.08.03 18:14:59.482,0.96241,0.96256,1.50,3.75
2011.08.03 18:14:59.602,0.96239,0.96253,2.25,2.25
2011.08.03 18:14:59.723,0.96237,0.96252,1.50,3.38
2011.08.03 18:15:00.291,0.96236,0.96251,1.50,2.25
2011.08.03 18:15:00.740,0.96234,0.96249,1.35,1.50
2011.08.03 18:15:02.098,0.96234,0.96249,1.35,1.50
2011.08.03 18:15:02.550,0.96234,0.9625,1.35,2.25
2011.08.03 18:15:02.670,0.96236,0.96251,1.50,2.47
2011.08.03 18:15:02.792,0.96234,0.96248,1.35,1.50
2011.08.03 18:15:03.129,0.9623,0.96244,1.50,1.50
2011.08.03 18:15:03.690,0.96231,0.96248,1.13,1.19
2011.08.03 18:15:03.807,0.96231,0.96249,1.88,1.19
2011.08.03 18:15:04.366,0.96232,0.96249,1.50,1.19
2011.08.03 18:15:06.252,0.96232,0.96249,1.88,1.19
2011.08.03 18:15:06.603,0.96238,0.96251,1.50,3.82
2011.08.03 18:15:06.726,0.96238,0.96255,2.25,1.57
2011.08.03 18:15:06.842,0.96238,0.96255,1.88,1.57
2011.08.03 18:15:08.499,0.96238,0.96254,1.88,1.19
2011.08.03 18:15:09.598,0.96239,0.96255,1.13,1.19
2011.08.03 18:15:09.938,0.96239,0.96255,1.13,1.19
2011.08.03 18:15:10.283,0.96241,0.96256,1.52,1.57
2011.08.03 18:15:10.633,0.96249,0.96261,1.90,2.25
2011.08.03 18:15:10.860,0.96248,0.96264,1.50,1.57
2011.08.03 18:15:11.419,0.96245,0.96261,2.25,4.13
2011.08.03 18:15:13.848,0.96245,0.96261,1.50,3.38
2011.08.03 18:15:14.078,0.96245,0.96261,1.50,6.07
2011.08.03 18:15:14.858,0.96245,0.96261,1.50,3.82
2011.08.03 18:15:15.309,0.96243,0.96259,1.88,2.25
2011.08.03 18:15:15.870,0.96241,0.96258,1.88,1.50
2011.08.03 18:15:16.457,0.96241,0.96259,1.88,3.82
2011.08.03 18:15:18.112,0.96241,0.96256,1.50,1.73
2011.08.03 18:15:18.453,0.96239,0.9625,1.50,1.88
2011.08.03 18:15:18.571,0.96236,0.96251,1.50,3.07
2011.08.03 18:15:18.915,0.96234,0.9625,1.50,1.13
2011.08.03 18:15:19.248,0.96234,0.96251,3.00,3.07
2011.08.03 18:15:19.808,0.96234,0.96251,3.00,2.69
2011.08.03 18:15:20.367,0.96237,0.96252,1.50,1.04
2011.08.03 18:15:20.928,0.96236,0.96252,1.88,1.04
2011.08.03 18:15:23.028,0.96235,0.96252,2.25,1.57
2011.08.03 18:15:26.831,0.96236,0.96252,2.25,2.69
2011.08.03 18:15:29.711,0.96237,0.96253,1.50,1.04
2011.08.03 18:15:30.052,0.96239,0.96254,1.88,1.19
2011.08.03 18:15:30.175,0.96241,0.96258,1.13,1.94
2011.08.03 18:15:30.730,0.96242,0.96258,1.13,1.19
2011.08.03 18:15:31.287,0.96242,0.96257,1.88,1.19
2011.08.03 18:15:31.631,0.9624,0.96257,1.50,1.57
2011.08.03 18:15:31.748,0.96239,0.96254,3.75,1.44
2011.08.03 18:15:32.199,0.96237,0.96253,1.50,2.48
2011.08.03 18:15:32.540,0.96237,0.96251,2.25,1.19
2011.08.03 18:15:32.771,0.9624,0.96255,1.50,1.19
2011.08.03 18:15:33.000,0.9624,0.96257,1.50,1.19
2011.08.03 18:15:33.677,0.96241,0.96257,1.50,1.19
2011.08.03 18:15:34.227,0.96243,0.96258,1.50,1.79
2011.08.03 18:15:35.008,0.96242,0.96258,1.88,1.79
2011.08.03 18:15:36.008,0.96242,0.96258,1.88,1.79
2011.08.03 18:15:39.869,0.96242,0.96258,1.88,1.79
2011.08.03 18:15:40.654,0.96241,0.96258,1.13,2.92
2011.08.03 18:15:41.207,0.9624,0.96257,1.88,1.19
2011.08.03 18:15:41.543,0.96238,0.9625,3.75,1.88
2011.08.03 18:15:41.665,0.96234,0.9625,3.00,2.63
2011.08.03 18:15:42.217,0.96233,0.96249,1.50,1.19
2011.08.03 18:15:42.781,0.96233,0.96249,2.72,1.19
2011.08.03 18:15:43.122,0.96238,0.96251,4.15,1.19
2011.08.03 18:15:43.239,0.96241,0.96257,1.13,1.19
2011.08.03 18:15:43.795,0.96241,0.96257,1.13,1.19
2011.08.03 18:15:44.299,0.9624,0.96258,1.13,1.79
2011.08.03 18:15:44.423,0.96239,0.96256,1.50,1.19
2011.08.03 18:15:44.977,0.9624,0.96258,1.13,2.92
2011.08.03 18:15:46.777,0.9624,0.96258,1.90,3.67
2011.08.03 18:15:47.008,0.9624,0.96258,2.63,3.67
2011.08.03 18:15:47.462,0.96243,0.96259,2.25,1.50
2011.08.03 18:15:48.018,0.96244,0.96261,1.52,1.57
2011.08.03 18:15:48.470,0.96247,0.96262,1.50,2.85
2011.08.03 18:15:50.897,0.96244,0.96261,1.50,1.79
2011.08.03 18:16:01.250,0.96244,0.9626,2.25,1.50
2011.08.03 18:16:01.478,0.96243,0.96261,1.50,4.04
2011.08.03 18:16:01.605,0.96242,0.9626,2.27,3.38
2011.08.03 18:16:01.830,0.96242,0.9626,1.50,3.75
2011.08.03 18:16:02.387,0.96241,0.9626,1.50,4.94
2011.08.03 18:16:02.930,0.9624,0.96258,2.48,1.94
2011.08.03 18:16:05.399,0.9624,0.96257,2.48,1.19
2011.08.03 18:16:05.737,0.9624,0.96257,2.48,1.19
2011.08.03 18:16:06.297,0.9624,0.96257,2.48,1.19
2011.08.03 18:16:06.770,0.9624,0.96256,2.48,1.13
2011.08.03 18:16:07.112,0.96239,0.96252,1.50,3.38
2011.08.03 18:16:07.229,0.96234,0.96252,1.50,3.75
2011.08.03 18:16:07.898,0.96233,0.96249,1.50,1.13
2011.08.03 18:16:08.348,0.96232,0.96248,1.35,1.13
2011.08.03 18:16:08.917,0.96233,0.9625,1.50,1.57
2011.08.03 18:16:09.030,0.96233,0.9625,1.50,1.19
2011.08.03 18:16:09.698,0.96232,0.9625,2.10,1.94
2011.08.03 18:16:11.139,0.96233,0.96249,1.50,1.19
2011.08.03 18:16:11.922,0.96233,0.96251,3.00,2.32
2011.08.03 18:16:12.480,0.96233,0.96251,1.50,2.32
2011.08.03 18:16:13.678,0.96233,0.96251,2.25,1.94
2011.08.03 18:16:17.431,0.96233,0.96249,1.50,3.07
2011.08.03 18:16:20.678,0.96232,0.96249,2.10,3.82
2011.08.03 18:16:22.448,0.96232,0.96249,2.10,2.32
2011.08.03 18:16:23.447,0.96233,0.96251,1.50,3.07
2011.08.03 18:16:27.937,0.96233,0.96249,1.52,1.19
2011.08.03 18:16:28.377,0.96234,0.96249,1.52,1.19
2011.08.03 18:16:28.818,0.96233,0.96249,1.50,1.19
2011.08.03 18:16:29.157,0.96234,0.96249,1.73,1.19
2011.08.03 18:16:29.378,0.96234,0.96249,1.50,1.19
2011.08.03 18:16:29.937,0.96233,0.96249,1.73,1.19
2011.08.03 18:16:30.272,0.96235,0.96252,1.50,4.57
2011.08.03 18:16:30.829,0.96236,0.96252,1.13,1.19
2011.08.03 18:16:31.388,0.96235,0.96253,1.90,1.42
2011.08.03 18:16:31.729,0.96235,0.96253,1.90,1.04
2011.08.03 18:16:31.849,0.96235,0.96253,1.52,1.04
2011.08.03 18:16:31.968,0.96235,0.96253,2.12,1.04
2011.08.03 18:16:32.199,0.96236,0.96253,1.13,1.04
2011.08.03 18:16:32.788,0.96237,0.96253,1.37,1.04
2011.08.03 18:16:33.459,0.96238,0.96254,1.75,1.57
2011.08.03 18:16:33.579,0.96238,0.96254,2.12,1.57
2011.08.03 18:16:34.138,0.96238,0.96255,1.75,1.94
2011.08.03 18:16:36.125,0.96238,0.96255,2.12,2.32
2011.08.03 18:16:36.568,0.96238,0.96251,1.75,1.88
2011.08.03 18:16:37.347,0.96238,0.96251,1.75,1.88
2011.08.03 18:16:37.944,0.96238,0.96251,1.75,1.88
2011.08.03 18:16:38.282,0.96242,0.96256,1.73,3.75
2011.08.03 18:16:38.630,0.96241,0.96256,2.48,2.25
2011.08.03 18:16:38.752,0.96244,0.96259,1.13,1.65
2011.08.03 18:16:39.083,0.96245,0.96261,1.88,3.38
2011.08.03 18:16:39.210,0.96246,0.96261,1.58,3.00
2011.08.03 18:16:39.549,0.96247,0.96264,2.25,1.19
2011.08.03 18:16:42.248,0.96248,0.96264,1.50,1.19
2011.08.03 18:16:43.908,0.96249,0.96264,1.50,1.19
2011.08.03 18:16:46.449,0.9625,0.96264,1.52,1.19
2011.08.03 18:16:46.569,0.9625,0.96266,2.63,4.19
2011.08.03 18:16:46.689,0.96251,0.96266,1.50,1.19
2011.08.03 18:16:47.988,0.96257,0.96268,1.50,1.94
2011.08.03 18:16:48.343,0.9626,0.96271,1.13,1.94
2011.08.03 18:16:48.462,0.96262,0.96271,1.50,1.19
2011.08.03 18:16:48.691,0.96267,0.96281,1.50,3.82
2011.08.03 18:16:48.813,0.96267,0.96281,3.38,2.25
2011.08.03 18:16:49.149,0.96268,0.96286,1.13,5.32
2011.08.03 18:16:49.380,0.96268,0.96285,1.50,1.19
2011.08.03 18:16:49.939,0.96276,0.96289,1.35,1.19
2011.08.03 18:16:50.182,0.96278,0.96296,2.25,2.32
2011.08.03 18:16:51.411,0.96279,0.96296,3.00,2.69
2011.08.03 18:16:52.630,0.96279,0.96296,4.50,1.94
2011.08.03 18:16:52.942,0.96279,0.96291,1.88,1.44
2011.08.03 18:16:53.069,0.96276,0.96289,1.50,1.50
2011.08.03 18:16:53.192,0.96273,0.96289,1.35,4.19
2011.08.03 18:16:53.860,0.96273,0.96289,1.35,2.39
2011.08.03 18:16:54.417,0.96273,0.96289,1.35,2.39
2011.08.03 18:16:55.412,0.96273,0.96289,3.60,1.13
2011.08.03 18:16:57.880,0.96273,0.96289,3.60,1.50
2011.08.03 18:16:58.329,0.96271,0.96289,1.50,2.84
2011.08.03 18:16:58.558,0.96271,0.96288,1.50,1.80
2011.08.03 18:16:59.119,0.96271,0.96288,1.50,1.80
2011.08.03 18:16:59.627,0.96271,0.96287,1.50,1.05
2011.08.03 18:17:00.178,0.9627,0.96287,2.25,2.24
2011.08.03 18:17:01.178,0.9627,0.96287,2.25,1.49
2011.08.03 18:17:02.178,0.9627,0.96287,2.25,2.24
2011.08.03 18:17:03.068,0.9627,0.96287,2.25,1.49
2011.08.03 18:17:03.680,0.9627,0.96286,2.25,2.55
2011.08.03 18:17:03.805,0.9627,0.96286,1.50,3.38
2011.08.03 18:17:04.137,0.96268,0.96285,3.38,1.19
2011.08.03 18:17:05.128,0.96268,0.96284,2.63,1.35
2011.08.03 18:17:05.358,0.96268,0.96283,1.50,1.04
2011.08.03 18:17:05.483,0.96266,0.96282,1.50,1.13
2011.08.03 18:17:05.818,0.96266,0.96283,1.50,1.19
2011.08.03 18:17:06.161,0.96268,0.96284,1.88,1.94
2011.08.03 18:17:06.497,0.9627,0.96284,1.13,1.19
2011.08.03 18:17:08.492,0.96271,0.96286,1.13,1.35
2011.08.03 18:17:08.951,0.96272,0.96288,1.13,1.19
2011.08.03 18:17:09.850,0.96271,0.96288,1.50,1.19
2011.08.03 18:17:09.970,0.96271,0.96288,1.88,1.19
2011.08.03 18:17:13.949,0.96271,0.96287,2.25,1.35
2011.08.03 18:17:14.070,0.96271,0.96286,2.25,1.50
2011.08.03 18:17:15.351,0.9627,0.96285,1.50,2.63
2011.08.03 18:17:15.578,0.96267,0.96284,1.13,1.19
2011.08.03 18:17:16.270,0.96266,0.96282,1.50,2.32
2011.08.03 18:17:16.388,0.96265,0.9628,1.50,1.13
2011.08.03 18:17:16.728,0.96263,0.96279,1.50,1.50
2011.08.03 18:17:21.213,0.96262,0.96275,1.50,1.73
2011.08.03 18:17:21.552,0.96255,0.96271,1.50,1.13
2011.08.03 18:17:21.674,0.96254,0.96271,1.50,3.38
2011.08.03 18:17:22.228,0.96254,0.9627,1.50,1.19
2011.08.03 18:17:23.554,0.96252,0.96269,1.50,1.19
2011.08.03 18:17:26.639,0.96254,0.96269,1.50,1.19
2011.08.03 18:17:27.089,0.96255,0.96273,1.50,2.17
2011.08.03 18:17:27.537,0.96255,0.96271,1.50,1.19
2011.08.03 18:17:28.108,0.96253,0.9627,2.25,1.19
2011.08.03 18:17:28.642,0.96253,0.96269,1.50,1.19
2011.08.03 18:17:32.558,0.96253,0.96267,1.50,3.44
2011.08.03 18:17:32.691,0.96248,0.96263,3.38,1.50
2011.08.03 18:17:32.922,0.96247,0.96263,2.25,1.50
2011.08.03 18:17:33.810,0.96249,0.96264,1.50,1.19
2011.08.03 18:17:34.482,0.96251,0.96265,1.50,1.19
2011.08.03 18:17:34.819,0.96251,0.96268,3.00,1.19
2011.08.03 18:17:35.877,0.96252,0.96268,1.50,1.19
2011.08.03 18:17:38.419,0.96253,0.96268,1.50,1.19
2011.08.03 18:17:40.077,0.96253,0.96268,1.50,1.19
2011.08.03 18:17:43.087,0.96252,0.96268,1.35,1.19
2011.08.03 18:17:46.838,0.96253,0.96268,1.88,1.19
2011.08.03 18:17:47.507,0.96253,0.96267,1.13,1.13
2011.08.03 18:17:47.622,0.96252,0.96265,1.73,1.50
2011.08.03 18:17:47.972,0.96251,0.9626,1.88,1.35
2011.08.03 18:17:48.099,0.96249,0.96263,3.75,1.19
2011.08.03 18:17:48.439,0.9625,0.96265,1.50,1.19
2011.08.03 18:17:48.997,0.9625,0.96266,2.63,1.19
2011.08.03 18:17:49.880,0.9625,0.96267,4.50,1.94
2011.08.03 18:17:50.218,0.9625,0.96266,4.50,1.19
2011.08.03 18:17:52.098,0.96251,0.96263,1.13,1.35
2011.08.03 18:17:52.442,0.96249,0.96256,1.13,2.25
2011.08.03 18:17:52.561,0.96245,0.9626,1.88,1.19
2011.08.03 18:17:52.924,0.96245,0.96261,1.50,3.00
2011.08.03 18:17:53.809,0.96247,0.96261,1.50,3.00
2011.08.03 18:17:54.259,0.96249,0.96265,2.25,1.19
2011.08.03 18:17:54.380,0.96249,0.96265,2.25,1.19
2011.08.03 18:17:54.945,0.96251,0.96267,1.13,1.94
2011.08.03 18:17:55.497,0.96251,0.96268,1.52,1.19
2011.08.03 18:17:55.619,0.96252,0.96267,1.50,1.19
2011.08.03 18:17:55.850,0.96249,0.96264,1.50,1.19
2011.08.03 18:17:55.968,0.96249,0.96264,1.50,1.19
2011.08.03 18:18:01.081,0.96249,0.96264,1.50,1.94
2011.08.03 18:18:01.641,0.96249,0.96264,1.88,1.94
2011.08.03 18:18:08.748,0.96247,0.96261,1.88,2.85
2011.08.03 18:18:08.864,0.96245,0.96259,1.50,1.35
2011.08.03 18:18:09.091,0.96242,0.96257,2.25,3.07
2011.08.03 18:18:09.210,0.9624,0.96256,1.50,1.19
2011.08.03 18:18:09.983,0.96245,0.96257,1.13,3.00
2011.08.03 18:18:10.210,0.96244,0.96262,1.50,3.82
2011.08.03 18:18:12.642,0.96244,0.96261,1.50,2.10
2011.08.03 18:18:13.239,0.96244,0.96261,1.50,1.35
2011.08.03 18:18:15.557,0.96244,0.96261,2.25,1.35
2011.08.03 18:18:18.428,0.96244,0.96261,3.00,1.35
2011.08.03 18:18:19.959,0.96245,0.96262,1.88,4.57
2011.08.03 18:18:24.978,0.9625,0.96264,1.50,3.23
2011.08.03 18:18:25.761,0.96252,0.96266,1.50,3.00
2011.08.03 18:18:25.989,0.96253,0.96269,1.50,1.19
2011.08.03 18:18:34.507,0.96254,0.96269,1.50,1.79
2011.08.03 18:18:34.841,0.96258,0.9627,1.50,1.94
2011.08.03 18:18:34.958,0.96259,0.96275,1.50,2.39
2011.08.03 18:18:35.079,0.96259,0.96275,1.88,1.94
2011.08.03 18:18:36.148,0.96261,0.96278,1.50,1.94
2011.08.03 18:18:37.367,0.9626,0.96277,2.25,1.19
2011.08.03 18:18:37.931,0.96262,0.96278,1.50,1.94
2011.08.03 18:18:39.367,0.96264,0.96279,1.50,1.13
2011.08.03 18:18:42.142,0.96265,0.96281,1.43,4.19
2011.08.03 18:18:42.480,0.96268,0.96284,3.00,1.50
2011.08.03 18:18:42.711,0.96269,0.96285,1.50,1.13
2011.08.03 18:18:42.832,0.96271,0.96286,1.13,2.25
2011.08.03 18:18:43.389,0.96271,0.96288,1.50,1.19
2011.08.03 18:18:44.058,0.96271,0.96289,1.50,1.19
2011.08.03 18:18:45.710,0.96271,0.96288,1.50,1.19
2011.08.03 18:18:46.598,0.96271,0.96288,1.50,1.19
2011.08.03 18:18:47.380,0.96272,0.96289,1.50,1.19
2011.08.03 18:18:48.699,0.96273,0.96288,1.50,1.19
2011.08.03 18:18:49.041,0.96274,0.96287,2.80,3.00
2011.08.03 18:18:49.270,0.96277,0.96294,2.48,1.94
2011.08.03 18:18:49.830,0.96278,0.96295,2.65,1.57
2011.08.03 18:18:50.389,0.96278,0.96296,3.38,1.57
2011.08.03 18:18:50.730,0.96282,0.96296,1.58,1.57
2011.08.03 18:18:50.851,0.96283,0.96297,1.22,3.44
2011.08.03 18:18:51.276,0.96288,0.96305,3.40,3.07
2011.08.03 18:18:51.395,0.9629,0.96305,1.50,1.19
2011.08.03 18:18:51.732,0.96287,0.96302,3.00,2.63
2011.08.03 18:18:53.280,0.96287,0.96302,1.50,3.67
2011.08.03 18:18:53.840,0.96287,0.96302,1.50,4.42
2011.08.03 18:18:54.868,0.96287,0.96302,1.50,5.17
2011.08.03 18:18:55.432,0.96287,0.96302,1.50,4.04
2011.08.03 18:18:55.986,0.96287,0.96302,1.50,4.79
2011.08.03 18:18:56.537,0.96287,0.96302,1.50,4.42
2011.08.03 18:18:57.639,0.96286,0.963,2.25,2.25
2011.08.03 18:18:58.076,0.96282,0.96297,1.50,1.50
2011.08.03 18:18:58.195,0.96283,0.96297,1.50,1.57
2011.08.03 18:19:00.180,0.9628,0.96296,1.50,1.88
2011.08.03 18:19:00.519,0.9628,0.96295,1.50,2.25
2011.08.03 18:19:01.468,0.9628,0.96295,1.50,1.50
2011.08.03 18:19:02.030,0.9628,0.96295,1.50,1.50
2011.08.03 18:19:02.372,0.96279,0.96295,2.63,2.63
2011.08.03 18:19:05.819,0.96279,0.96296,2.63,1.19
2011.08.03 18:19:06.601,0.9628,0.96299,2.25,3.07
2011.08.03 18:19:07.159,0.9628,0.96299,2.93,3.22
2011.08.03 18:19:07.279,0.96282,0.96299,1.50,2.69
2011.08.03 18:19:07.731,0.96282,0.96298,1.50,2.25
2011.08.03 18:19:08.265,0.9628,0.96296,1.35,3.07
2011.08.03 18:19:08.820,0.9628,0.96296,1.35,1.19
2011.08.03 18:19:09.161,0.96282,0.96297,1.50,1.57
2011.08.03 18:19:09.279,0.96282,0.963,1.50,1.57
2011.08.03 18:19:09.840,0.96282,0.963,2.25,1.57
2011.08.03 18:19:11.384,0.96282,0.963,1.50,2.32
2011.08.03 18:19:16.331,0.96283,0.963,1.50,1.57
2011.08.03 18:19:17.000,0.96284,0.963,1.65,1.19
2011.08.03 18:19:17.449,0.96285,0.96301,2.25,1.57
2011.08.03 18:19:18.780,0.96287,0.96302,1.13,3.67
2011.08.03 18:19:18.902,0.96288,0.96302,1.15,2.85
2011.08.03 18:19:19.619,0.96289,0.96303,1.50,1.04
2011.08.03 18:19:20.619,0.96287,0.96304,2.25,2.17
2011.08.03 18:19:26.650,0.96287,0.96303,1.50,1.35
2011.08.03 18:19:27.098,0.96287,0.96303,2.25,1.35
2011.08.03 18:19:29.747,0.96287,0.96303,1.50,1.35
2011.08.03 18:19:30.298,0.96287,0.96303,1.50,1.35
2011.08.03 18:19:31.042,0.96287,0.96304,1.50,1.79
2011.08.03 18:19:35.548,0.96287,0.96304,1.50,2.17
2011.08.03 18:19:36.089,0.96287,0.96304,1.88,1.79
2011.08.03 18:19:36.648,0.96287,0.96303,1.50,1.73
2011.08.03 18:19:38.759,0.96287,0.96303,1.50,1.73
2011.08.03 18:19:39.317,0.96286,0.96303,1.50,1.73
2011.08.03 18:19:40.201,0.96287,0.96303,2.65,1.35
2011.08.03 18:19:42.174,0.96287,0.96303,2.25,1.73
2011.08.03 18:19:42.517,0.96287,0.96301,1.50,3.60
2011.08.03 18:19:42.634,0.96284,0.963,2.25,1.57
2011.08.03 18:19:43.190,0.96283,0.96301,2.63,4.79
2011.08.03 18:19:44.191,0.96285,0.963,1.52,1.19
2011.08.03 18:19:44.528,0.96285,0.96301,1.52,3.29
2011.08.03 18:19:45.637,0.96285,0.96301,1.52,3.29
2011.08.03 18:19:46.408,0.96287,0.96302,1.52,3.23
2011.08.03 18:19:47.628,0.96287,0.96303,1.52,1.04
2011.08.03 18:19:48.081,0.96286,0.96303,1.50,1.79
2011.08.03 18:19:48.419,0.96285,0.96302,1.50,3.67
2011.08.03 18:19:48.651,0.96286,0.96302,1.50,2.69
2011.08.03 18:19:48.987,0.96289,0.96304,1.20,1.19
2011.08.03 18:19:49.319,0.96289,0.96303,1.20,1.19
2011.08.03 18:19:50.207,0.96289,0.96303,1.20,1.19
2011.08.03 18:19:52.478,0.96287,0.96301,1.50,2.69
2011.08.03 18:19:57.617,0.96287,0.96301,1.50,2.69
2011.08.03 18:19:58.177,0.96287,0.96301,1.52,2.69
2011.08.03 18:20:00.933,0.96288,0.96301,1.30,2.69
2011.08.03 18:20:01.465,0.96297,0.96308,1.50,1.50
2011.08.03 18:20:01.701,0.96297,0.96311,2.25,1.42
2011.08.03 18:20:02.374,0.96297,0.96311,2.25,1.04
2011.08.03 18:20:02.929,0.96297,0.96311,2.40,1.42
2011.08.03 18:20:05.380,0.96297,0.96311,2.42,1.42
2011.08.03 18:20:05.845,0.963,0.96315,1.07,2.32
2011.08.03 18:20:05.962,0.963,0.96311,1.07,2.63
2011.08.03 18:20:06.193,0.96299,0.96311,1.07,2.63
2011.08.03 18:20:06.748,0.963,0.96311,1.05,2.63
2011.08.03 18:20:07.851,0.963,0.96314,1.82,3.07
2011.08.03 18:20:08.210,0.96302,0.96316,1.13,1.57
2011.08.03 18:20:08.341,0.96299,0.96311,1.50,1.50
2011.08.03 18:20:08.463,0.96296,0.9631,1.50,2.17
2011.08.03 18:20:09.018,0.96295,0.9631,1.43,2.54
2011.08.03 18:20:09.362,0.96293,0.9631,1.50,3.29
2011.08.03 18:20:09.920,0.96292,0.96308,1.50,1.19
2011.08.03 18:20:10.814,0.96296,0.9631,3.00,1.79
2011.08.03 18:20:11.428,0.96298,0.9631,1.43,1.04
2011.08.03 18:20:11.904,0.96296,0.9631,1.13,1.79
2011.08.03 18:20:12.133,0.96297,0.96311,1.50,1.04
2011.08.03 18:20:12.251,0.96297,0.96313,1.50,1.94
2011.08.03 18:20:13.143,0.96297,0.9631,1.95,1.13
2011.08.03 18:20:13.489,0.96292,0.96308,3.30,3.44
2011.08.03 18:20:13.807,0.96293,0.96308,3.38,1.94
2011.08.03 18:20:13.936,0.96292,0.96308,1.50,2.54
2011.08.03 18:20:14.490,0.96291,0.96308,1.50,2.17
2011.08.03 18:20:14.722,0.96293,0.96308,1.50,1.57
2011.08.03 18:20:15.171,0.96292,0.96308,1.95,1.57
2011.08.03 18:20:15.289,0.96292,0.96305,2.10,1.19
2011.08.03 18:20:15.410,0.96291,0.96305,1.50,1.19
2011.08.03 18:20:15.973,0.96292,0.96307,1.50,1.19
2011.08.03 18:20:16.203,0.96294,0.96307,1.88,1.19
2011.08.03 18:20:16.322,0.96294,0.9631,2.65,1.57
2011.08.03 18:20:16.776,0.96296,0.96312,1.13,4.94
2011.08.03 18:20:17.549,0.96295,0.96311,1.28,1.19
2011.08.03 18:20:17.999,0.96295,0.96311,1.28,1.19
2011.08.03 18:20:19.899,0.96294,0.96311,1.60,1.94
2011.08.03 18:20:20.791,0.96295,0.96311,1.67,1.19
2011.08.03 18:20:20.908,0.96296,0.96311,1.35,1.19
2011.08.03 18:20:21.468,0.96295,0.96311,1.67,1.19
2011.08.03 18:20:22.248,0.96295,0.96311,1.67,1.19
2011.08.03 18:20:23.435,0.96294,0.96308,1.50,1.19
2011.08.03 18:20:23.558,0.96291,0.96307,1.43,1.04
2011.08.03 18:20:24.217,0.9629,0.96307,2.63,1.04
2011.08.03 18:20:24.553,0.9629,0.96302,1.50,3.23
2011.08.03 18:20:24.891,0.96287,0.963,1.50,2.63
2011.08.03 18:20:25.231,0.96283,0.963,1.50,2.32
2011.08.03 18:20:25.460,0.96286,0.96303,1.88,4.10
2011.08.03 18:20:26.013,0.96286,0.96303,1.88,3.73
2011.08.03 18:20:26.363,0.96288,0.96303,1.88,1.19
2011.08.03 18:20:26.482,0.9629,0.96304,1.50,1.19
2011.08.03 18:20:28.902,0.96289,0.96304,1.50,1.19
2011.08.03 18:20:31.438,0.96286,0.96304,2.63,2.32
2011.08.03 18:20:31.891,0.96286,0.96301,2.63,1.13
2011.08.03 18:20:32.398,0.96281,0.963,1.50,2.32
2011.08.03 18:20:32.741,0.96281,0.96299,1.50,1.57
2011.08.03 18:20:33.638,0.96281,0.96297,1.13,1.19
2011.08.03 18:20:33.870,0.96279,0.96296,1.50,1.19
2011.08.03 18:20:34.762,0.96279,0.96297,1.88,1.19
2011.08.03 18:20:36.868,0.96282,0.96297,1.50,1.19
2011.08.03 18:20:37.969,0.96282,0.96299,3.98,1.19
2011.08.03 18:20:38.200,0.96285,0.96301,1.50,1.19
2011.08.03 18:20:38.320,0.96286,0.96301,1.13,1.19
2011.08.03 18:20:38.890,0.96287,0.96303,1.88,1.19
2011.08.03 18:20:40.591,0.96287,0.96303,3.75,1.19
2011.08.03 18:20:40.716,0.9629,0.96303,1.52,1.19
2011.08.03 18:20:41.058,0.96295,0.96306,3.38,1.94
2011.08.03 18:20:41.182,0.96297,0.96313,2.63,1.19
2011.08.03 18:20:41.525,0.96299,0.96315,1.13,1.79
2011.08.03 18:20:42.078,0.96297,0.96315,2.63,1.42
2011.08.03 18:20:45.931,0.96297,0.96314,2.25,2.32
2011.08.03 18:20:46.271,0.96294,0.96308,2.55,1.88
2011.08.03 18:20:46.882,0.96287,0.96303,1.13,1.13
2011.08.03 18:20:47.097,0.96288,0.96301,1.13,1.88
2011.08.03 18:20:47.232,0.96286,0.963,2.25,3.82
2011.08.03 18:20:48.008,0.96284,0.96299,1.50,1.13
2011.08.03 18:20:48.349,0.96284,0.963,1.50,1.13
2011.08.03 18:20:48.907,0.96284,0.96301,1.50,1.57
2011.08.03 18:20:49.541,0.96284,0.963,1.50,1.13
2011.08.03 18:20:50.104,0.96282,0.96299,1.50,1.50
2011.08.03 18:20:50.330,0.96281,0.96299,1.50,3.44
2011.08.03 18:20:50.670,0.9628,0.96297,1.50,1.19
2011.08.03 18:20:52.440,0.96282,0.96297,1.35,2.69
2011.08.03 18:20:52.671,0.96284,0.96299,1.35,1.94
2011.08.03 18:20:52.791,0.96284,0.963,1.73,1.19
2011.08.03 18:20:52.909,0.96284,0.96301,2.48,1.19
2011.08.03 18:20:53.030,0.96285,0.96301,1.13,1.94
2011.08.03 18:20:53.152,0.96284,0.963,1.50,2.10
2011.08.03 18:20:53.518,0.9628,0.96296,1.50,1.19
2011.08.03 18:20:53.642,0.96282,0.96297,1.50,1.13
2011.08.03 18:20:54.212,0.9628,0.96297,1.50,1.94
2011.08.03 18:20:54.987,0.96278,0.96297,3.38,1.94
2011.08.03 18:20:55.318,0.96281,0.96297,1.50,1.94
2011.08.03 18:20:55.548,0.96281,0.96297,1.50,1.94
2011.08.03 18:20:56.110,0.96281,0.96297,2.85,1.94
2011.08.03 18:20:56.230,0.96283,0.96299,1.73,1.88
2011.08.03 18:20:56.350,0.96285,0.96299,1.88,1.13
2011.08.03 18:20:56.472,0.96287,0.963,1.13,1.19
2011.08.03 18:20:56.589,0.96288,0.96301,1.88,1.50
2011.08.03 18:20:56.709,0.96288,0.96305,3.75,1.79
2011.08.03 18:20:57.741,0.96289,0.96305,1.13,1.79
2011.08.03 18:20:58.300,0.96288,0.96305,3.75,1.79
2011.08.03 18:20:59.078,0.9629,0.96305,1.50,1.79
2011.08.03 18:20:59.419,0.96294,0.9631,2.10,2.69
2011.08.03 18:20:59.977,0.96294,0.9631,2.10,2.63
2011.08.03 18:21:00.640,0.96295,0.96311,1.50,3.15
2011.08.03 18:21:00.760,0.96296,0.96311,1.50,2.24
2011.08.03 18:21:01.102,0.96298,0.96314,1.35,1.13
2011.08.03 18:21:01.671,0.96298,0.96315,3.60,1.94
2011.08.03 18:21:04.100,0.96298,0.96312,3.00,1.50
2011.08.03 18:21:04.438,0.96296,0.96311,2.10,1.13
2011.08.03 18:21:05.439,0.96297,0.9631,1.50,1.13
2011.08.03 18:21:05.671,0.96298,0.96313,1.13,1.19
2011.08.03 18:21:06.228,0.96298,0.96314,3.75,1.50
2011.08.03 18:21:08.379,0.96298,0.96311,1.50,1.88
2011.08.03 18:21:08.937,0.96296,0.9631,1.50,1.13
2011.08.03 18:21:09.740,0.96296,0.96311,1.50,4.42
2011.08.03 18:21:10.300,0.96295,0.9631,1.50,1.13
2011.08.03 18:21:10.858,0.96295,0.96311,1.50,4.42
2011.08.03 18:21:11.517,0.96295,0.9631,1.50,1.13
2011.08.03 18:21:12.066,0.96295,0.96303,1.50,2.55
2011.08.03 18:21:12.406,0.96291,0.96301,1.50,1.50
2011.08.03 18:21:12.527,0.96283,0.96297,2.25,2.54
2011.08.03 18:21:12.766,0.96279,0.96293,1.50,1.57
2011.08.03 18:21:12.889,0.96278,0.96292,1.50,2.48
2011.08.03 18:21:13.451,0.96276,0.96292,1.50,2.48
2011.08.03 18:21:14.187,0.96277,0.96292,1.13,1.50
2011.08.03 18:21:14.532,0.96279,0.96295,1.88,1.19
2011.08.03 18:21:18.389,0.96281,0.96296,2.10,1.50
2011.08.03 18:21:18.699,0.96283,0.96297,1.13,2.25
2011.08.03 18:21:18.829,0.96283,0.96301,3.75,4.93
2011.08.03 18:21:18.952,0.96283,0.96299,1.88,1.19
2011.08.03 18:21:19.185,0.96281,0.96296,1.50,1.94
2011.08.03 18:21:19.302,0.96279,0.96295,1.13,1.94
2011.08.03 18:21:19.422,0.96277,0.96294,4.88,1.57
2011.08.03 18:21:19.540,0.96277,0.96294,2.25,1.57
2011.08.03 18:21:19.662,0.96277,0.96294,2.63,1.19
2011.08.03 18:21:19.998,0.96277,0.96294,2.63,1.19
2011.08.03 18:21:20.560,0.96277,0.96294,2.25,1.19
2011.08.03 18:21:20.790,0.96279,0.96294,1.13,1.19
2011.08.03 18:21:20.909,0.9628,0.96297,1.50,1.79
2011.08.03 18:21:21.469,0.96281,0.96297,2.10,1.94
2011.08.03 18:21:22.918,0.96281,0.96299,3.60,2.69
2011.08.03 18:21:23.482,0.96283,0.96299,1.13,1.19
2011.08.03 18:21:23.821,0.96288,0.96305,1.88,1.94
2011.08.03 18:21:23.939,0.96288,0.96305,1.88,1.19
2011.08.03 18:21:24.939,0.9629,0.96307,1.13,1.19
2011.08.03 18:21:25.473,0.9629,0.96308,1.50,2.32
2011.08.03 18:21:29.398,0.96289,0.96306,1.13,1.94
2011.08.03 18:21:31.391,0.96289,0.96301,1.13,1.44
2011.08.03 18:21:31.620,0.96285,0.96301,1.50,2.32
2011.08.03 18:21:31.959,0.96286,0.96302,1.13,1.88
2011.08.03 18:21:32.080,0.96286,0.96303,1.13,1.72
2011.08.03 18:21:32.309,0.96287,0.96305,2.10,1.57
2011.08.03 18:21:35.630,0.96289,0.96306,1.88,1.19
2011.08.03 18:21:36.189,0.96289,0.96306,3.00,1.19
2011.08.03 18:21:36.750,0.9629,0.96307,1.13,1.19
2011.08.03 18:21:37.089,0.96291,0.96307,1.50,1.19
2011.08.03 18:21:37.540,0.96294,0.9631,2.25,1.19
2011.08.03 18:21:38.610,0.96291,0.96307,1.50,1.19
2011.08.03 18:21:39.168,0.9629,0.96307,1.50,1.57
2011.08.03 18:21:39.733,0.9629,0.96306,1.13,1.94
2011.08.03 18:21:41.208,0.9629,0.96306,1.13,1.19
2011.08.03 18:21:42.648,0.96291,0.96306,1.50,1.19
2011.08.03 18:21:42.988,0.96294,0.96311,1.35,1.44
2011.08.03 18:21:43.345,0.96297,0.96312,1.50,1.19
2011.08.03 18:21:43.569,0.96297,0.96314,1.50,1.57
2011.08.03 18:21:45.778,0.96295,0.96314,3.00,3.14
2011.08.03 18:21:46.009,0.96295,0.96313,1.50,1.87
2011.08.03 18:21:47.338,0.96294,0.9631,2.10,1.12
2011.08.03 18:21:47.570,0.96293,0.9631,1.88,1.49
2011.08.03 18:21:48.128,0.96294,0.96311,1.50,5.62
2011.08.03 18:21:48.688,0.96294,0.9631,1.50,1.49
2011.08.03 18:21:50.078,0.96294,0.9631,1.50,1.87
2011.08.03 18:21:50.660,0.96294,0.9631,1.50,2.62
2011.08.03 18:21:51.221,0.96294,0.96311,1.50,2.54
2011.08.03 18:21:51.449,0.96296,0.96313,1.50,2.54
2011.08.03 18:22:01.918,0.96296,0.96312,1.50,1.19
2011.08.03 18:22:02.262,0.96298,0.96313,1.15,1.19
2011.08.03 18:22:02.824,0.96299,0.96315,1.88,1.19
2011.08.03 18:22:04.702,0.96299,0.96315,1.15,1.19
2011.08.03 18:22:05.478,0.96299,0.96314,1.15,1.19
2011.08.03 18:22:05.929,0.96298,0.96314,3.40,1.27
2011.08.03 18:22:06.447,0.96297,0.9631,1.50,1.13
2011.08.03 18:22:07.110,0.96296,0.96311,1.50,1.57
2011.08.03 18:22:08.669,0.96294,0.9631,1.88,2.32
2011.08.03 18:22:09.230,0.96294,0.9631,1.50,2.32
2011.08.03 18:22:09.459,0.96293,0.9631,3.75,3.44
2011.08.03 18:22:09.798,0.96293,0.9631,3.02,2.32
2011.08.03 18:22:10.357,0.96294,0.9631,1.13,1.19
2011.08.03 18:22:10.989,0.96294,0.9631,1.50,1.19
2011.08.03 18:22:11.548,0.96294,0.9631,1.50,1.94
2011.08.03 18:22:12.322,0.96294,0.96311,1.35,9.44
2011.08.03 18:22:12.549,0.96296,0.96311,1.13,2.02
2011.08.03 18:22:13.108,0.96296,0.96311,1.88,2.02
2011.08.03 18:22:21.160,0.96294,0.9631,1.35,2.32
2011.08.03 18:22:24.280,0.96294,0.96309,1.35,1.19
2011.08.03 18:22:25.718,0.96293,0.96306,3.00,1.19
2011.08.03 18:22:25.843,0.96293,0.96304,1.13,1.88
2011.08.03 18:22:26.355,0.96289,0.96306,2.25,1.94
2011.08.03 18:22:26.473,0.96291,0.96307,1.50,1.19
2011.08.03 18:22:27.028,0.96291,0.96307,2.27,1.19
2011.08.03 18:22:27.474,0.96291,0.96307,2.65,1.19
2011.08.03 18:22:30.011,0.9629,0.96305,1.50,3.14
2011.08.03 18:22:30.239,0.96287,0.96303,2.10,2.63
2011.08.03 18:22:30.799,0.96286,0.96301,1.50,2.25
2011.08.03 18:22:31.361,0.96285,0.96301,2.25,2.25
2011.08.03 18:22:32.029,0.96285,0.96301,2.63,2.25
2011.08.03 18:22:32.928,0.96285,0.96301,2.63,2.25
2011.08.03 18:22:33.622,0.96285,0.96301,2.25,2.25
2011.08.03 18:22:34.268,0.96285,0.96301,2.25,2.25
2011.08.03 18:22:34.819,0.96285,0.96301,1.50,2.69
2011.08.03 18:22:37.693,0.96288,0.96303,1.35,1.94
2011.08.03 18:22:37.921,0.96289,0.96305,1.13,1.19
2011.08.03 18:22:38.479,0.96289,0.96307,2.48,1.19
2011.08.03 18:22:40.209,0.96289,0.96307,2.85,1.94
2011.08.03 18:22:44.727,0.96289,0.96307,2.87,1.94
2011.08.03 18:22:47.469,0.9629,0.96307,1.88,1.19
2011.08.03 18:23:20.150,0.96289,0.96303,2.48,1.50
2011.08.03 18:23:20.383,0.96288,0.96302,5.10,1.20
2011.08.03 18:23:20.612,0.96286,0.96301,2.25,1.05
2011.08.03 18:23:21.168,0.96286,0.96301,1.50,1.05
2011.08.03 18:23:23.420,0.96287,0.96301,1.35,1.05
2011.08.03 18:23:24.048,0.96287,0.963,1.35,1.05
2011.08.03 18:23:25.824,0.96286,0.96294,1.50,1.58
2011.08.03 18:23:26.055,0.96284,0.96296,3.00,1.88
2011.08.03 18:23:26.281,0.96283,0.96295,1.50,2.03
2011.08.03 18:23:26.621,0.96279,0.96292,1.50,1.05
2011.08.03 18:23:27.178,0.96278,0.96292,2.25,1.05
2011.08.03 18:23:28.932,0.96278,0.96292,1.50,1.95
2011.08.03 18:23:29.488,0.96278,0.96292,1.50,2.70
2011.08.03 18:23:30.038,0.96278,0.96292,1.50,1.95
2011.08.03 18:23:30.918,0.96278,0.96292,1.50,2.70
2011.08.03 18:23:31.251,0.96277,0.96292,1.50,3.83
2011.08.03 18:23:31.796,0.96277,0.96291,1.50,2.33
2011.08.03 18:23:32.350,0.96277,0.96292,1.50,3.83
2011.08.03 18:23:32.940,0.96277,0.96292,1.50,3.59
2011.08.03 18:23:34.382,0.9628,0.96292,1.35,3.59
2011.08.03 18:23:34.720,0.96283,0.963,1.50,1.72
2011.08.03 18:23:35.503,0.96281,0.96298,1.88,1.57
2011.08.03 18:23:36.718,0.96281,0.96298,1.50,1.57
2011.08.03 18:23:40.262,0.96279,0.96295,1.88,1.95
2011.08.03 18:23:40.714,0.96277,0.96292,1.88,1.88
2011.08.03 18:23:40.831,0.96278,0.96294,1.88,1.50
2011.08.03 18:23:40.953,0.96281,0.96296,1.50,1.19
2011.08.03 18:23:41.069,0.96281,0.96297,1.50,1.19
2011.08.03 18:23:41.570,0.96282,0.96298,1.50,3.82
2011.08.03 18:23:42.128,0.96282,0.96297,1.50,1.94
2011.08.03 18:23:43.121,0.96282,0.96298,1.50,1.19
2011.08.03 18:23:47.541,0.96284,0.963,1.13,1.50
2011.08.03 18:23:47.770,0.96284,0.96301,1.88,2.69
2011.08.03 18:23:48.329,0.96284,0.963,3.38,1.50
2011.08.03 18:23:48.777,0.96284,0.963,3.38,1.50
2011.08.03 18:23:49.328,0.96284,0.963,3.38,1.13
2011.08.03 18:23:49.670,0.96287,0.96301,1.50,1.57
2011.08.03 18:23:50.011,0.96291,0.96301,1.15,1.19
2011.08.03 18:23:50.242,0.96294,0.96305,1.13,1.13
2011.08.03 18:23:50.364,0.96296,0.9631,1.95,1.94
2011.08.03 18:23:50.484,0.96298,0.9631,1.35,1.19
2011.08.03 18:23:50.909,0.96298,0.96313,1.37,1.94
2011.08.03 18:23:51.472,0.96298,0.96315,2.85,3.07
2011.08.03 18:23:51.701,0.96296,0.96312,1.88,2.17
2011.08.03 18:23:52.041,0.96291,0.96309,2.85,2.18
2011.08.03 18:23:52.380,0.96291,0.96305,1.35,1.05
2011.08.03 18:23:52.501,0.9629,0.96308,2.10,2.32
2011.08.03 18:23:53.231,0.9629,0.96308,2.10,1.94
2011.08.03 18:23:53.569,0.96291,0.96308,1.35,3.07
2011.08.03 18:23:53.910,0.96291,0.96303,1.35,1.28
2011.08.03 18:23:54.251,0.96287,0.96302,1.50,2.02
2011.08.03 18:23:54.919,0.96287,0.96302,1.50,2.02
2011.08.03 18:23:55.478,0.96288,0.96302,1.35,1.19
2011.08.03 18:23:58.698,0.96288,0.96304,1.35,1.27
2011.08.03 18:23:59.262,0.96288,0.96304,1.35,1.27
2011.08.03 18:23:59.712,0.96287,0.96303,1.50,1.27
2011.08.03 18:24:00.819,0.96287,0.96303,1.50,1.42
2011.08.03 18:24:02.041,0.96287,0.96302,1.50,1.64
2011.08.03 18:24:02.269,0.96287,0.96302,1.50,1.57
2011.08.03 18:24:02.389,0.96287,0.96302,1.50,1.19
2011.08.03 18:24:04.469,0.96287,0.96303,1.50,1.49
2011.08.03 18:24:05.248,0.96287,0.96303,1.50,1.49
2011.08.03 18:24:06.900,0.96287,0.96304,3.60,1.27
2011.08.03 18:24:08.561,0.96287,0.96302,1.50,1.12
2011.08.03 18:24:09.120,0.96287,0.96301,1.50,1.50
2011.08.03 18:24:09.810,0.96285,0.96301,1.50,1.94
2011.08.03 18:24:11.019,0.96286,0.96301,1.50,1.94
2011.08.03 18:24:14.399,0.96288,0.963,1.50,1.19
2011.08.03 18:24:18.460,0.96289,0.96303,1.50,1.19
2011.08.03 18:24:20.839,0.96289,0.96304,1.50,1.57
2011.08.03 18:24:28.639,0.96288,0.96303,1.50,1.19
2011.08.03 18:24:29.201,0.96288,0.96303,2.25,1.19
2011.08.03 18:24:31.741,0.96288,0.96303,2.25,1.34
2011.08.03 18:24:35.720,0.96288,0.96303,2.25,1.34
2011.08.03 18:24:36.389,0.96288,0.96304,2.25,2.47
2011.08.03 18:24:37.380,0.9629,0.96304,1.35,1.87
2011.08.03 18:24:37.725,0.96295,0.96305,1.13,1.05
2011.08.03 18:24:37.842,0.96297,0.96307,1.50,1.19
2011.08.03 18:24:38.400,0.96297,0.96309,1.50,1.49
2011.08.03 18:24:38.631,0.96295,0.9631,3.23,2.24
2011.08.03 18:24:39.191,0.96297,0.9631,1.50,1.19
2011.08.03 18:24:39.315,0.96297,0.96313,3.02,1.94
2011.08.03 18:24:39.541,0.96299,0.96314,1.15,1.57
2011.08.03 18:24:40.103,0.96298,0.96314,1.90,1.19
2011.08.03 18:24:40.223,0.96297,0.96311,2.27,2.93
2011.08.03 18:24:40.563,0.96294,0.96311,4.35,3.37
2011.08.03 18:24:41.128,0.96294,0.96311,4.37,5.23
2011.08.03 18:24:47.050,0.96294,0.96311,5.12,3.89
2011.08.03 18:24:47.610,0.96294,0.96311,4.50,5.39
2011.08.03 18:24:48.169,0.96294,0.9631,2.63,1.57
2011.08.03 18:24:49.601,0.96294,0.96311,4.37,6.82
2011.08.03 18:24:49.939,0.96296,0.96311,1.13,1.19
2011.08.03 18:24:50.511,0.96294,0.9631,3.38,1.57
2011.08.03 18:24:50.739,0.96294,0.9631,2.63,1.19
2011.08.03 18:24:51.070,0.96294,0.96311,3.38,1.57
2011.08.03 18:24:53.212,0.96294,0.96306,3.38,2.63
2011.08.03 18:24:53.333,0.96291,0.96306,1.50,1.88
2011.08.03 18:24:53.451,0.96289,0.96306,2.25,1.50
2011.08.03 18:24:53.903,0.9629,0.96306,1.50,1.27
2011.08.03 18:24:54.021,0.96289,0.96305,2.63,1.19
2011.08.03 18:24:54.449,0.9629,0.96307,1.50,2.17
2011.08.03 18:24:56.220,0.96291,0.96307,1.88,1.79
2011.08.03 18:24:58.544,0.96292,0.96307,1.52,1.50
2011.08.03 18:24:58.995,0.96293,0.96309,1.15,1.57
2011.08.03 18:24:59.331,0.96295,0.9631,2.27,1.19
2011.08.03 18:24:59.671,0.96298,0.96315,1.15,1.94
2011.08.03 18:24:59.791,0.96298,0.96315,1.88,2.69
2011.08.03 18:25:02.363,0.963,0.96315,1.15,1.94
2011.08.03 18:25:02.920,0.963,0.96315,1.13,1.19
2011.08.03 18:25:03.375,0.96298,0.96315,1.13,2.69
2011.08.03 18:25:03.935,0.96299,0.96314,1.13,1.19
2011.08.03 18:25:04.492,0.96298,0.96314,4.50,1.49
2011.08.03 18:25:04.941,0.96298,0.96314,3.75,1.19
2011.08.03 18:25:05.170,0.96298,0.96314,3.75,1.19
2011.08.03 18:25:08.282,0.96298,0.96311,3.38,1.50
2011.08.03 18:25:08.408,0.96298,0.96311,3.38,4.07
2011.08.03 18:25:08.649,0.9629,0.96305,1.50,2.63
2011.08.03 18:25:09.200,0.9629,0.96306,1.88,1.94
2011.08.03 18:25:09.761,0.9629,0.96306,1.88,1.94
2011.08.03 18:25:11.062,0.9629,0.96306,1.88,1.19
2011.08.03 18:25:11.731,0.9629,0.96306,1.50,1.57
2011.08.03 18:25:12.514,0.9629,0.96305,1.88,2.68
2011.08.03 18:25:13.074,0.96286,0.96301,1.50,1.50
2011.08.03 18:25:13.303,0.96285,0.96301,1.50,1.82
2011.08.03 18:25:13.861,0.96286,0.96301,1.88,1.44
2011.08.03 18:25:14.467,0.96289,0.96303,1.50,2.33
2011.08.03 18:25:15.140,0.96287,0.96302,2.63,1.73
2011.08.03 18:25:15.700,0.96287,0.96302,3.38,2.10
2011.08.03 18:25:16.042,0.96287,0.96301,1.50,1.57
2011.08.03 18:25:16.489,0.96288,0.96302,1.50,3.38
2011.08.03 18:25:17.049,0.96287,0.96301,1.50,1.13
2011.08.03 18:25:17.599,0.96287,0.96302,2.25,1.35
2011.08.03 18:25:18.271,0.96287,0.96303,2.25,1.05
2011.08.03 18:25:18.504,0.96289,0.96303,2.63,1.05
2011.08.03 18:25:18.932,0.9629,0.96307,1.50,1.94
2011.08.03 18:25:19.822,0.9629,0.96307,1.88,1.19
2011.08.03 18:25:20.710,0.9629,0.96307,1.13,1.19
2011.08.03 18:25:21.271,0.9629,0.96308,1.88,1.94
2011.08.03 18:25:21.390,0.9629,0.96308,1.88,2.32
2011.08.03 18:25:21.515,0.9629,0.96308,2.25,1.94
2011.08.03 18:25:21.853,0.96295,0.96308,1.73,1.19
2011.08.03 18:25:22.196,0.96298,0.96314,2.25,1.19
2011.08.03 18:25:22.946,0.96298,0.96314,3.02,1.19
2011.08.03 18:25:23.178,0.96299,0.96314,1.50,2.02
2011.08.03 18:25:23.402,0.96297,0.96313,1.50,1.27
2011.08.03 18:25:23.524,0.96295,0.96311,1.50,1.20
2011.08.03 18:25:24.084,0.96295,0.96314,2.25,2.92
2011.08.03 18:25:24.422,0.96297,0.96314,1.50,1.19
2011.08.03 18:25:24.984,0.96297,0.96312,1.50,1.13
2011.08.03 18:25:25.323,0.96298,0.96315,1.13,1.94
2011.08.03 18:25:26.504,0.96298,0.96312,3.00,1.73
2011.08.03 18:25:26.841,0.96294,0.9631,2.25,2.25
2011.08.03 18:25:26.964,0.96294,0.96308,1.50,1.19
2011.08.03 18:25:27.521,0.96291,0.96307,1.50,1.50
2011.08.03 18:25:27.640,0.9629,0.96307,1.50,1.94
2011.08.03 18:25:28.203,0.96289,0.96307,2.63,1.94
2011.08.03 18:25:29.529,0.96289,0.96307,1.88,1.94
2011.08.03 18:25:37.171,0.96288,0.96306,3.23,2.32
2011.08.03 18:25:39.013,0.9629,0.96304,1.13,1.13
2011.08.03 18:25:40.010,0.9629,0.96306,1.13,2.92
2011.08.03 18:25:46.913,0.96293,0.96306,1.35,1.19
2011.08.03 18:25:47.143,0.96293,0.96311,3.23,2.32
2011.08.03 18:25:47.589,0.96294,0.96311,3.00,1.13
2011.08.03 18:25:48.143,0.96297,0.96314,2.10,2.69
2011.08.03 18:25:48.485,0.96299,0.96315,1.13,1.19
2011.08.03 18:25:49.040,0.96299,0.96316,1.88,1.94
2011.08.03 18:25:49.162,0.96299,0.96316,1.88,1.94
2011.08.03 18:25:49.720,0.96299,0.96315,1.88,1.19
2011.08.03 18:25:50.279,0.96299,0.96315,1.13,1.19
2011.08.03 18:25:50.391,0.96299,0.96313,1.13,1.28
2011.08.03 18:25:50.860,0.96296,0.96312,1.50,2.03
2011.08.03 18:25:51.968,0.96296,0.96311,1.50,1.13
2011.08.03 18:25:52.190,0.96296,0.96312,1.50,1.65
2011.08.03 18:25:52.311,0.96296,0.96312,1.50,1.05
2011.08.03 18:25:53.749,0.96296,0.96312,1.50,2.78
2011.08.03 18:25:54.301,0.96296,0.9631,1.13,1.57
2011.08.03 18:25:55.404,0.96296,0.96311,1.50,1.34
2011.08.03 18:25:55.961,0.96294,0.9631,1.50,2.69
2011.08.03 18:25:56.415,0.96293,0.9631,4.50,1.19
2011.08.03 18:25:56.970,0.96294,0.96311,1.50,1.64
2011.08.03 18:25:58.629,0.96296,0.9631,1.50,1.19
2011.08.03 18:26:00.082,0.96296,0.96312,1.50,1.19
2011.08.03 18:26:00.533,0.96298,0.96312,1.73,1.19
2011.08.03 18:26:01.091,0.96299,0.96315,1.88,1.19
2011.08.03 18:26:01.215,0.96299,0.96316,1.88,1.94
2011.08.03 18:26:01.770,0.96299,0.96315,2.27,1.19
2011.08.03 18:26:02.331,0.96299,0.96315,2.27,1.19
2011.08.03 18:26:02.890,0.96299,0.96315,2.27,1.94
2011.08.03 18:26:03.013,0.96299,0.96311,1.13,1.88
2011.08.03 18:26:03.240,0.96298,0.96314,2.85,1.13
2011.08.03 18:26:03.472,0.96299,0.96315,1.13,1.94
2011.08.03 18:26:04.030,0.96299,0.96315,2.63,1.50
2011.08.03 18:26:10.954,0.963,0.96316,1.13,2.69
2011.08.03 18:26:11.621,0.963,0.96316,1.15,2.69
2011.08.03 18:26:11.965,0.96305,0.96316,1.15,1.94
2011.08.03 18:26:12.302,0.9631,0.96322,1.75,1.57
2011.08.03 18:26:12.531,0.96312,0.96325,1.13,1.19
2011.08.03 18:26:13.092,0.96311,0.96325,1.50,1.19
2011.08.03 18:26:13.980,0.96311,0.96325,1.50,1.19
2011.08.03 18:26:14.983,0.96309,0.96321,1.35,1.13
2011.08.03 18:26:15.323,0.96314,0.96321,2.10,1.94
2011.08.03 18:26:15.880,0.96314,0.96321,2.10,1.94
2011.08.03 18:26:16.220,0.96314,0.96321,2.10,1.19
2011.08.03 18:26:16.452,0.96314,0.96325,2.10,1.19
2011.08.03 18:26:17.672,0.96319,0.96326,2.10,1.19
2011.08.03 18:26:18.017,0.96314,0.96328,1.88,1.88
2011.08.03 18:26:18.570,0.96314,0.96328,4.90,1.50
2011.08.03 18:26:18.929,0.96314,0.96328,4.52,1.13
2011.08.03 18:26:19.260,0.96317,0.9633,1.73,1.19
2011.08.03 18:26:19.382,0.96317,0.96332,2.85,1.57
2011.08.03 18:26:19.941,0.96319,0.96335,1.50,1.94
2011.08.03 18:26:20.392,0.96318,0.96335,6.25,1.94
2011.08.03 18:26:20.733,0.96327,0.96336,1.13,1.50
2011.08.03 18:26:22.170,0.96328,0.96344,1.13,1.19
2011.08.03 18:26:22.291,0.96327,0.96342,1.15,1.50
2011.08.03 18:26:23.292,0.96327,0.96339,1.88,1.13
2011.08.03 18:26:23.633,0.96321,0.96336,1.50,1.50
2011.08.03 18:26:23.863,0.96319,0.96336,3.23,3.38
2011.08.03 18:26:24.204,0.9632,0.96336,1.88,2.63
2011.08.03 18:26:24.540,0.96323,0.96336,1.15,1.50
2011.08.03 18:26:25.432,0.96323,0.96336,1.88,1.50
2011.08.03 18:26:26.031,0.96323,0.96336,2.25,1.50
2011.08.03 18:26:26.810,0.96324,0.96336,1.13,1.65
2011.08.03 18:26:27.156,0.96326,0.96337,1.15,1.50
2011.08.03 18:26:27.382,0.96328,0.96341,1.52,1.50
2011.08.03 18:26:27.940,0.96328,0.96341,4.13,1.50
2011.08.03 18:26:29.170,0.96328,0.96342,7.35,1.19
2011.08.03 18:26:29.296,0.96332,0.96347,2.27,6.08
2011.08.03 18:26:29.860,0.96334,0.96347,1.88,5.85
2011.08.03 18:26:33.392,0.96334,0.96346,2.85,2.25
2011.08.03 18:26:33.512,0.96335,0.96349,1.35,1.50
2011.08.03 18:26:34.070,0.96338,0.96352,1.13,1.88
2011.08.03 18:26:34.497,0.96339,0.96352,1.50,1.13
2011.08.03 18:26:34.831,0.96339,0.96355,1.50,1.94
2011.08.03 18:26:35.171,0.9634,0.96355,1.13,1.94
2011.08.03 18:26:35.518,0.96343,0.96355,1.15,1.19
2011.08.03 18:26:35.745,0.96345,0.96357,1.15,1.50
2011.08.03 18:26:35.861,0.96346,0.96357,1.13,1.50
2011.08.03 18:26:36.202,0.96347,0.96356,1.15,1.50
2011.08.03 18:26:36.668,0.96346,0.9636,1.52,2.25
2011.08.03 18:26:36.785,0.96346,0.96357,1.52,1.50
2011.08.03 18:26:37.214,0.96343,0.96353,1.50,1.50
2011.08.03 18:26:37.335,0.96344,0.96358,1.50,1.94
2011.08.03 18:26:37.891,0.96345,0.96358,1.50,1.50
2011.08.03 18:26:42.182,0.96344,0.96358,3.00,1.50
2011.08.03 18:26:42.745,0.96344,0.96357,1.50,1.50
2011.08.03 18:26:43.080,0.96345,0.96357,1.50,1.50
2011.08.03 18:26:43.421,0.96345,0.96357,2.35,1.50
2011.08.03 18:26:43.982,0.96345,0.96357,2.33,1.50
2011.08.03 18:26:44.740,0.96345,0.96357,2.25,1.50
2011.08.03 18:26:45.302,0.96346,0.96357,1.50,1.50
2011.08.03 18:26:47.294,0.96345,0.96357,1.50,1.50
2011.08.03 18:26:49.060,0.96344,0.96357,1.50,1.50
2011.08.03 18:26:49.416,0.96345,0.9636,1.50,1.94
2011.08.03 18:26:49.972,0.96346,0.96362,1.50,1.94
2011.08.03 18:26:50.530,0.96346,0.96363,2.63,2.25
2011.08.03 18:26:54.140,0.96347,0.96363,1.50,1.50
2011.08.03 18:27:01.102,0.96347,0.9636,1.50,1.13
2011.08.03 18:27:01.594,0.96346,0.96361,1.50,1.19
2011.08.03 18:27:02.369,0.96347,0.96362,1.50,1.19
2011.08.03 18:27:02.921,0.96347,0.96361,1.50,1.50
2011.08.03 18:27:04.261,0.96348,0.96362,1.50,1.94
2011.08.03 18:27:08.344,0.96348,0.96362,2.27,1.94
2011.08.03 18:27:08.840,0.96351,0.96364,1.13,1.50
2011.08.03 18:27:08.965,0.96351,0.96366,1.88,1.94
2011.08.03 18:27:10.070,0.96353,0.96366,1.88,1.50
2011.08.03 18:27:10.632,0.96355,0.96366,1.13,1.50
2011.08.03 18:27:11.851,0.96355,0.96366,1.50,1.50
2011.08.03 18:27:12.546,0.96353,0.96366,2.25,1.50
2011.08.03 18:27:12.994,0.9635,0.96365,1.35,1.19
2011.08.03 18:27:13.330,0.9635,0.96365,2.48,1.19
2011.08.03 18:27:15.101,0.96353,0.96365,1.50,1.19
2011.08.03 18:27:15.773,0.9635,0.96365,2.48,1.13
2011.08.03 18:27:16.383,0.96349,0.96364,1.35,1.19
2011.08.03 18:27:16.523,0.96349,0.9636,1.50,1.50
2011.08.03 18:27:16.773,0.96343,0.96355,1.50,1.13
2011.08.03 18:27:16.897,0.96339,0.96355,1.88,1.19
2011.08.03 18:27:17.127,0.96338,0.96354,4.35,1.19
2011.08.03 18:27:17.573,0.96338,0.96354,4.35,2.32
2011.08.03 18:27:19.201,0.96338,0.96354,4.35,3.82
2011.08.03 18:27:19.768,0.96336,0.96347,2.25,1.50
2011.08.03 18:27:19.888,0.96334,0.96347,2.25,1.50
2011.08.03 18:27:20.119,0.96331,0.96347,1.50,2.63
2011.08.03 18:27:20.236,0.96331,0.96347,1.50,3.38
2011.08.03 18:27:20.576,0.96332,0.96346,1.50,1.50
2011.08.03 18:27:21.647,0.96334,0.96347,1.50,1.50
2011.08.03 18:27:21.873,0.96333,0.96347,1.90,1.50
2011.08.03 18:27:21.996,0.96334,0.9635,1.13,2.10
2011.08.03 18:27:22.120,0.96335,0.96351,1.50,1.50
2011.08.03 18:27:22.249,0.96338,0.9635,1.13,1.50
2011.08.03 18:27:22.476,0.9634,0.96352,1.52,1.19
2011.08.03 18:27:22.597,0.96342,0.96355,2.25,2.69
2011.08.03 18:27:23.265,0.96346,0.96361,1.13,1.50
2011.08.03 18:27:23.385,0.96346,0.96361,1.88,1.50
2011.08.03 18:27:23.504,0.96347,0.96362,2.85,1.50
2011.08.03 18:27:24.073,0.96347,0.96362,2.63,1.50
2011.08.03 18:27:24.410,0.96346,0.96356,2.25,1.50
2011.08.03 18:27:24.864,0.96344,0.96357,3.00,1.50
2011.08.03 18:27:25.423,0.96344,0.96356,1.50,1.50
2011.08.03 18:27:26.970,0.96342,0.96357,1.50,1.94
2011.08.03 18:27:29.921,0.96341,0.96356,1.50,1.88
2011.08.03 18:27:30.154,0.9634,0.96356,1.50,3.82
2011.08.03 18:27:30.603,0.96337,0.96354,1.50,1.57
2011.08.03 18:27:30.726,0.96337,0.96352,1.50,1.13
2011.08.03 18:27:31.061,0.96335,0.96351,1.50,1.19
2011.08.03 18:27:31.732,0.96335,0.96346,1.50,1.50
2011.08.03 18:27:32.425,0.96333,0.96346,1.50,1.50
2011.08.03 18:27:38.701,0.9633,0.96346,3.00,1.50
2011.08.03 18:27:38.823,0.9633,0.96345,1.50,1.19
2011.08.03 18:27:39.911,0.96329,0.96344,1.88,1.57
2011.08.03 18:27:40.470,0.96329,0.96344,1.50,1.19
2011.08.03 18:27:41.693,0.96328,0.96344,4.73,1.57
2011.08.03 18:27:42.540,0.96333,0.96344,1.50,1.50
2011.08.03 18:27:42.881,0.96335,0.96344,1.50,1.50
2011.08.03 18:27:43.113,0.96333,0.96347,1.13,1.65
2011.08.03 18:27:43.669,0.96331,0.96346,1.50,1.50
2011.08.03 18:27:44.991,0.96329,0.96346,1.50,2.25
2011.08.03 18:27:45.113,0.96328,0.96341,3.75,1.50
2011.08.03 18:27:45.672,0.96329,0.96341,1.50,1.50
2011.08.03 18:27:46.231,0.96329,0.96341,1.50,1.50
2011.08.03 18:27:50.467,0.96329,0.96341,1.50,1.50
2011.08.03 18:27:51.484,0.96329,0.96342,1.50,1.50
2011.08.03 18:27:53.044,0.96329,0.96341,1.50,1.50
2011.08.03 18:27:53.602,0.96329,0.96341,1.50,1.50
2011.08.03 18:27:55.695,0.96329,0.96341,1.50,1.50
2011.08.03 18:28:00.951,0.96326,0.96342,3.38,1.50
2011.08.03 18:28:01.074,0.96326,0.96342,2.63,2.78
2011.08.03 18:28:01.630,0.96326,0.96339,1.50,1.50
2011.08.03 18:28:02.192,0.96326,0.96339,1.50,1.05
2011.08.03 18:28:03.644,0.96326,0.96342,1.50,1.94
2011.08.03 18:28:03.765,0.96326,0.96342,1.50,1.19
2011.08.03 18:28:04.323,0.96327,0.96343,2.10,1.19
2011.08.03 18:28:04.880,0.96327,0.96344,2.10,1.94
2011.08.03 18:28:06.431,0.96327,0.96344,1.50,2.32
2011.08.03 18:28:14.830,0.96328,0.96344,1.22,1.19
2011.08.03 18:28:15.280,0.96328,0.96345,2.72,1.57
2011.08.03 18:28:15.844,0.9633,0.96346,1.97,2.32
2011.08.03 18:28:15.964,0.96331,0.96346,1.50,1.94
2011.08.03 18:28:16.085,0.96333,0.96351,1.22,1.94
2011.08.03 18:28:16.202,0.96333,0.96351,1.97,1.94
2011.08.03 18:28:16.721,0.96335,0.96353,1.88,1.57
2011.08.03 18:28:17.616,0.96334,0.9635,2.25,1.94
2011.08.03 18:28:18.061,0.96337,0.96352,1.50,1.57
2011.08.03 18:28:18.294,0.96336,0.96352,1.50,1.19
2011.08.03 18:28:18.745,0.96334,0.96352,1.50,3.44
2011.08.03 18:28:19.301,0.96333,0.96351,1.50,1.94
2011.08.03 18:28:20.303,0.96332,0.9635,1.88,1.57
2011.08.03 18:28:21.223,0.96333,0.96351,1.15,1.57
2011.08.03 18:28:21.570,0.9634,0.96352,1.13,1.94
2011.08.03 18:28:21.810,0.96347,0.96359,1.50,2.63
2011.08.03 18:28:22.376,0.96347,0.96361,1.50,1.04
2011.08.03 18:28:23.200,0.96347,0.9636,1.50,1.35
2011.08.03 18:28:23.331,0.96343,0.96358,2.25,1.50
2011.08.03 18:28:23.892,0.96345,0.96361,1.50,1.42
2011.08.03 18:28:24.450,0.96346,0.9636,1.60,1.04
2011.08.03 18:28:24.790,0.96346,0.96363,1.58,1.19
2011.08.03 18:28:26.594,0.96347,0.96364,1.60,2.17
2011.08.03 18:28:27.192,0.96347,0.96363,1.58,1.94
2011.08.03 18:28:27.420,0.96347,0.96362,1.60,1.42
2011.08.03 18:28:27.544,0.96347,0.96362,1.50,1.42
2011.08.03 18:28:27.880,0.96344,0.9636,1.50,1.04
2011.08.03 18:28:28.330,0.96343,0.9636,1.50,3.67
2011.08.03 18:28:29.550,0.96343,0.96359,1.50,1.57
2011.08.03 18:28:30.441,0.96343,0.96359,1.60,1.57
2011.08.03 18:28:30.671,0.96343,0.96358,1.50,1.13
2011.08.03 18:28:31.251,0.96343,0.96359,1.50,1.72
2011.08.03 18:28:31.380,0.96345,0.9636,1.50,1.42
2011.08.03 18:28:31.726,0.96343,0.96359,1.50,3.07
2011.08.03 18:28:33.050,0.96343,0.9636,1.50,2.17
2011.08.03 18:28:33.501,0.96343,0.9636,1.60,2.17
2011.08.03 18:28:34.062,0.96343,0.9636,1.60,2.54
2011.08.03 18:28:34.518,0.96343,0.96359,1.50,1.19
2011.08.03 18:28:34.875,0.96343,0.96355,1.50,2.48
2011.08.03 18:28:35.216,0.96337,0.96344,1.88,1.13
2011.08.03 18:28:35.337,0.96335,0.96344,1.50,1.13
2011.08.03 18:28:35.456,0.96328,0.96344,1.50,1.13
2011.08.03 18:28:36.011,0.96329,0.96345,1.50,3.38
2011.08.03 18:28:36.571,0.96329,0.96344,2.25,1.19
2011.08.03 18:28:38.644,0.96329,0.96344,1.50,1.19
2011.08.03 18:28:38.763,0.96333,0.96344,1.35,1.19
2011.08.03 18:28:38.887,0.96333,0.96347,2.10,1.19
2011.08.03 18:28:39.003,0.96333,0.96349,1.50,1.19
2011.08.03 18:28:39.236,0.96333,0.96351,1.13,2.69
2011.08.03 18:28:39.355,0.96332,0.96349,2.63,1.50
2011.08.03 18:28:39.693,0.9633,0.96347,1.88,1.94
2011.08.03 18:28:42.621,0.96328,0.96346,2.63,1.94
2011.08.03 18:28:43.183,0.96327,0.96346,4.35,4.19
2011.08.03 18:28:43.745,0.96327,0.96345,2.48,2.69
2011.08.03 18:28:45.272,0.96328,0.96346,1.13,4.27
2011.08.03 18:28:45.830,0.96327,0.96346,5.10,1.94
2011.08.03 18:28:46.392,0.96328,0.96346,1.50,3.07
2011.08.03 18:28:47.391,0.96327,0.96342,1.35,3.53
2011.08.03 18:28:47.737,0.96324,0.96339,1.50,5.01
2011.08.03 18:28:48.077,0.96319,0.96336,1.50,2.02
2011.08.03 18:28:48.301,0.96318,0.96336,1.88,1.64
2011.08.03 18:28:57.260,0.9632,0.96335,1.50,1.19
2011.08.03 18:28:57.726,0.96323,0.96339,1.50,1.57
2011.08.03 18:28:58.062,0.96328,0.96343,1.88,1.88
2011.08.03 18:28:58.182,0.96328,0.96344,1.50,1.19
2011.08.03 18:28:58.742,0.96328,0.96345,1.50,3.07
2011.08.03 18:29:01.246,0.96329,0.96344,1.50,1.19
2011.08.03 18:29:06.374,0.96327,0.96343,1.50,1.13
2011.08.03 18:29:06.604,0.96326,0.96342,1.50,1.19
2011.08.03 18:29:07.492,0.96326,0.9634,1.50,1.19
2011.08.03 18:29:11.634,0.96326,0.9634,1.50,2.84
2011.08.03 18:29:11.862,0.96323,0.96338,2.25,2.10
2011.08.03 18:29:13.911,0.96322,0.96338,1.52,2.25
2011.08.03 18:29:16.011,0.96322,0.96338,1.50,1.35
2011.08.03 18:29:16.460,0.96325,0.9634,1.50,2.69
2011.08.03 18:29:17.041,0.96325,0.9634,1.50,1.94
2011.08.03 18:29:17.822,0.96325,0.96338,1.50,2.40
2011.08.03 18:29:18.056,0.96321,0.96336,1.50,1.19
2011.08.03 18:29:18.432,0.96318,0.96329,1.50,2.25
2011.08.03 18:29:18.559,0.96316,0.96328,1.35,1.50
2011.08.03 18:29:18.671,0.96314,0.96328,2.10,1.13
2011.08.03 18:29:19.120,0.96314,0.96328,1.50,1.50
2011.08.03 18:29:19.573,0.96312,0.96327,1.50,1.13
2011.08.03 18:29:19.695,0.96311,0.96325,1.50,1.50
2011.08.03 18:29:20.250,0.9631,0.96325,3.45,1.50
2011.08.03 18:29:20.370,0.9631,0.96325,3.45,1.50
2011.08.03 18:29:20.823,0.96315,0.96328,1.50,1.50
2011.08.03 18:29:21.361,0.96315,0.96329,1.50,1.19
2011.08.03 18:29:22.472,0.96315,0.96329,1.50,1.19
2011.08.03 18:29:22.812,0.96317,0.96331,1.50,1.94
2011.08.03 18:29:23.152,0.96319,0.96333,2.25,1.19
2011.08.03 18:29:23.603,0.96321,0.96336,1.50,1.19
2011.08.03 18:29:24.274,0.96322,0.96339,1.35,1.94
2011.08.03 18:29:24.391,0.96322,0.96338,2.48,1.19
2011.08.03 18:29:27.531,0.96322,0.96338,2.10,1.72
2011.08.03 18:29:27.761,0.96322,0.96337,2.10,1.72
2011.08.03 18:29:28.432,0.9632,0.96333,1.88,1.50
2011.08.03 18:29:28.770,0.9632,0.96333,1.50,1.50
2011.08.03 18:29:28.991,0.96319,0.96333,2.25,1.50
2011.08.03 18:29:29.442,0.96318,0.96333,1.50,1.50
2011.08.03 18:29:38.671,0.96317,0.96333,1.50,1.94
2011.08.03 18:29:42.491,0.96316,0.96333,2.70,3.82
2011.08.03 18:29:43.051,0.96316,0.96333,2.63,1.94
2011.08.03 18:29:47.796,0.96321,0.96333,1.52,1.19
2011.08.03 18:29:48.149,0.96327,0.96335,1.13,1.19
2011.08.03 18:29:48.267,0.96327,0.96341,1.52,1.19
2011.08.03 18:29:48.493,0.96328,0.96343,1.52,1.19
2011.08.03 18:29:49.054,0.96328,0.96343,4.00,1.19
2011.08.03 18:29:50.462,0.9633,0.96344,2.63,1.19
2011.08.03 18:29:50.589,0.96334,0.96344,1.13,1.19
2011.08.03 18:29:50.925,0.96335,0.96351,1.13,1.19
2011.08.03 18:29:51.156,0.96336,0.96351,2.63,1.19
2011.08.03 18:29:51.277,0.96336,0.96353,1.88,1.19
2011.08.03 18:29:51.504,0.96335,0.96352,1.50,1.13
2011.08.03 18:29:51.736,0.96336,0.96351,1.50,1.19
2011.08.03 18:29:51.960,0.96333,0.96351,2.63,1.50
2011.08.03 18:29:52.565,0.96334,0.9635,3.40,1.19
2011.08.03 18:29:53.112,0.96334,0.96351,4.90,1.19
2011.08.03 18:29:53.672,0.96335,0.96351,1.50,1.19
2011.08.03 18:29:53.902,0.96336,0.96351,1.15,1.19
2011.08.03 18:29:54.244,0.96342,0.96356,2.87,1.19
2011.08.03 18:29:54.364,0.96343,0.96359,1.88,1.94
2011.08.03 18:29:54.482,0.96345,0.96359,1.50,1.19
2011.08.03 18:29:56.160,0.96345,0.96359,1.50,1.87
2011.08.03 18:29:56.516,0.96342,0.96355,1.50,1.19
2011.08.03 18:29:57.072,0.96336,0.96354,2.63,1.13
2011.08.03 18:29:58.513,0.96335,0.96351,1.50,1.19
2011.08.03 18:29:58.742,0.96334,0.96351,1.50,1.19
2011.08.03 18:29:59.411,0.96332,0.96348,1.50,1.72
2011.08.03 18:29:59.908,0.9633,0.96346,1.50,1.57
2011.08.03 18:30:00.460,0.96329,0.96345,1.50,1.57
2011.08.03 18:30:01.022,0.96329,0.96345,1.50,1.57
2011.08.03 18:30:01.470,0.96329,0.96345,1.50,1.57
2011.08.03 18:30:02.019,0.96329,0.96345,1.50,1.57
2011.08.03 18:30:02.571,0.96328,0.96343,1.35,1.19
2011.08.03 18:30:02.801,0.96328,0.96343,1.73,1.19
2011.08.03 18:30:03.367,0.96328,0.96343,1.73,1.19
2011.08.03 18:30:04.690,0.96328,0.96343,1.35,1.19
2011.08.03 18:30:04.803,0.96328,0.96342,1.35,1.50
2011.08.03 18:30:05.035,0.96326,0.96338,2.25,2.40
2011.08.03 18:30:05.153,0.96323,0.96338,2.63,2.40
2011.08.03 18:30:05.491,0.96323,0.96336,1.50,2.63
2011.08.03 18:30:05.612,0.9632,0.96335,2.25,1.19
2011.08.03 18:30:06.454,0.96318,0.96335,3.38,1.19
2011.08.03 18:30:07.011,0.96318,0.96333,2.25,1.19
2011.08.03 18:30:09.793,0.96317,0.96331,1.50,2.57
2011.08.03 18:30:09.915,0.96313,0.96328,2.85,1.44
2011.08.03 18:30:10.473,0.96314,0.9633,2.25,1.27
2011.08.03 18:30:11.120,0.96315,0.96331,1.50,2.09
2011.08.03 18:30:11.682,0.96316,0.96333,1.88,2.84
2011.08.03 18:30:11.802,0.96316,0.96333,1.50,3.07
2011.08.03 18:30:13.460,0.96316,0.96331,1.50,1.19
2011.08.03 18:30:13.802,0.96315,0.96331,1.50,2.69
2011.08.03 18:30:14.366,0.96316,0.96332,1.88,1.19
2011.08.03 18:30:14.922,0.96316,0.96333,1.88,1.19
2011.08.03 18:30:15.267,0.96317,0.96333,1.15,1.57
2011.08.03 18:30:15.821,0.96318,0.96333,1.20,1.19
2011.08.03 18:30:16.381,0.96319,0.96333,1.22,1.19
2011.08.03 18:30:16.942,0.96319,0.96335,1.60,1.94
2011.08.03 18:30:17.175,0.9632,0.96336,2.87,1.19
2011.08.03 18:30:17.293,0.96322,0.96339,2.87,1.19
2011.08.03 18:30:17.415,0.96323,0.96339,1.13,1.35
2011.08.03 18:30:17.535,0.96321,0.96336,1.50,1.50
2011.08.03 18:30:17.881,0.96323,0.96339,2.10,1.57
2011.08.03 18:30:18.009,0.96323,0.96339,2.10,1.19
2011.08.03 18:30:18.121,0.96323,0.9634,2.10,1.57
2011.08.03 18:30:19.120,0.96324,0.9634,2.25,1.19
2011.08.03 18:30:19.683,0.96324,0.96341,2.63,1.19
2011.08.03 18:30:23.745,0.96324,0.9634,1.50,2.17
2011.08.03 18:30:26.141,0.96324,0.96338,1.50,1.73
2011.08.03 18:30:26.487,0.96321,0.96337,1.50,3.67
2011.08.03 18:30:26.714,0.96319,0.96334,1.50,1.13
2011.08.03 18:30:26.834,0.96317,0.96333,1.50,1.19
2011.08.03 18:30:29.444,0.96322,0.96334,1.13,1.94
2011.08.03 18:30:29.564,0.96322,0.96335,1.13,1.19
2011.08.03 18:30:30.122,0.96323,0.96336,1.13,1.57
2011.08.03 18:30:35.951,0.96323,0.96338,1.88,2.09
2011.08.03 18:30:37.021,0.96323,0.96337,1.88,1.27
2011.08.03 18:30:40.361,0.96323,0.96337,1.13,1.27
2011.08.03 18:30:40.702,0.96324,0.96341,1.88,1.19
2011.08.03 18:30:40.825,0.96325,0.96341,1.13,1.19
2011.08.03 18:30:44.406,0.96326,0.96341,2.25,1.19
2011.08.03 18:30:44.744,0.96327,0.96342,1.73,1.19
2011.08.03 18:30:45.191,0.96326,0.96342,2.48,1.94
2011.08.03 18:30:45.312,0.96326,0.96337,2.48,7.50
2011.08.03 18:30:45.546,0.96324,0.96336,1.50,9.00
2011.08.03 18:30:46.050,0.96321,0.96339,2.63,2.47
2011.08.03 18:30:46.611,0.96321,0.96337,1.88,1.13
2011.08.03 18:30:47.172,0.96321,0.96338,1.13,2.69
2011.08.03 18:30:47.624,0.96319,0.96336,3.75,1.19
2011.08.03 18:30:49.170,0.96319,0.96335,2.25,1.94
2011.08.03 18:30:51.061,0.96319,0.96336,3.00,1.49
2011.08.03 18:30:51.183,0.9632,0.96337,1.50,2.24
2011.08.03 18:30:51.523,0.96324,0.96339,3.62,1.19
2011.08.03 18:30:51.752,0.96329,0.9634,2.25,1.19
2011.08.03 18:30:51.980,0.96329,0.96342,2.25,1.19
2011.08.03 18:30:52.871,0.96329,0.96345,5.10,1.19
2011.08.03 18:30:53.383,0.96329,0.96347,5.87,1.73
2011.08.03 18:30:53.613,0.9633,0.96348,1.88,3.60
2011.08.03 18:30:53.843,0.96329,0.96347,6.23,1.79
2011.08.03 18:30:54.512,0.96329,0.96347,5.48,2.48
2011.08.03 18:30:55.291,0.96329,0.96347,6.23,2.09
2011.08.03 18:30:55.414,0.9633,0.96347,2.63,1.34
2011.08.03 18:30:55.970,0.96329,0.96346,4.73,1.20
2011.08.03 18:30:56.759,0.96329,0.96345,4.73,1.19
2011.08.03 18:30:57.105,0.96329,0.96344,4.35,1.19
2011.08.03 18:30:57.664,0.96329,0.96343,3.00,1.19
2011.08.03 18:30:57.895,0.96325,0.96342,1.50,1.88
2011.08.03 18:30:58.452,0.96324,0.96342,1.50,1.13
2011.08.03 18:30:58.686,0.96328,0.96341,1.50,1.19
2011.08.03 18:30:59.242,0.96328,0.96343,1.13,1.19
2011.08.03 18:30:59.802,0.96329,0.96344,1.50,1.19
2011.08.03 18:31:00.361,0.96329,0.96344,1.50,1.19
2011.08.03 18:31:01.323,0.96329,0.96345,1.50,1.19
2011.08.03 18:31:01.882,0.96329,0.96344,1.88,1.19
2011.08.03 18:31:03.541,0.96329,0.96344,3.75,1.19
2011.08.03 18:31:05.060,0.96329,0.96344,3.00,1.19
2011.08.03 18:31:05.622,0.96329,0.96344,4.35,1.19
2011.08.03 18:31:07.061,0.96329,0.96344,4.35,1.94
2011.08.03 18:31:07.402,0.96325,0.96339,2.25,1.94
2011.08.03 18:31:07.853,0.9632,0.96337,2.25,1.73
2011.08.03 18:31:08.413,0.96324,0.9634,3.38,2.69
2011.08.03 18:31:08.754,0.96328,0.96343,2.63,1.94
2011.08.03 18:31:09.094,0.96326,0.96341,1.35,1.19
2011.08.03 18:31:09.212,0.96327,0.96341,1.50,1.13
2011.08.03 18:31:09.770,0.96329,0.96344,3.00,1.94
2011.08.03 18:31:10.986,0.96329,0.96344,3.00,1.19
2011.08.03 18:31:11.761,0.96329,0.96344,3.00,1.19
2011.08.03 18:31:11.881,0.96329,0.96344,3.00,1.19
2011.08.03 18:31:14.421,0.96329,0.96344,2.25,1.19
2011.08.03 18:31:14.543,0.96326,0.96342,2.25,1.19
2011.08.03 18:31:17.013,0.96324,0.96341,1.88,1.19
2011.08.03 18:31:17.785,0.96323,0.9634,1.50,1.13
2011.08.03 18:31:18.123,0.96323,0.96337,1.50,1.73
2011.08.03 18:31:18.355,0.9632,0.96337,1.88,3.08
2011.08.03 18:31:18.801,0.96321,0.96337,1.50,4.12
2011.08.03 18:31:19.032,0.96319,0.96335,2.25,1.19
2011.08.03 18:31:20.581,0.96319,0.96335,3.00,1.19
2011.08.03 18:31:20.814,0.96322,0.96338,1.90,1.94
2011.08.03 18:31:21.263,0.9632,0.96336,2.25,1.19
2011.08.03 18:31:21.823,0.9632,0.96336,1.50,1.19
2011.08.03 18:31:26.514,0.9632,0.96334,2.65,1.19
2011.08.03 18:31:26.852,0.96322,0.96338,2.10,2.09
2011.08.03 18:31:27.280,0.96323,0.9634,2.63,1.34
2011.08.03 18:31:27.612,0.96325,0.9634,1.35,1.34
2011.08.03 18:31:27.735,0.96329,0.9634,2.25,1.19
2011.08.03 18:31:27.853,0.96329,0.96344,2.25,1.19
2011.08.03 18:31:29.731,0.96329,0.96344,2.25,1.19
2011.08.03 18:31:30.292,0.96329,0.96344,2.25,1.19
2011.08.03 18:31:30.521,0.96329,0.96344,2.25,1.19
2011.08.03 18:31:31.080,0.96329,0.96344,2.25,1.19
2011.08.03 18:31:31.641,0.96329,0.96344,3.38,1.19
2011.08.03 18:31:32.310,0.96329,0.96344,2.25,1.19
2011.08.03 18:31:32.823,0.9633,0.96344,1.13,1.19
2011.08.03 18:31:36.039,0.96329,0.96344,3.38,1.19
2011.08.03 18:31:41.541,0.96329,0.96342,2.25,1.65
2011.08.03 18:31:41.882,0.96324,0.96339,1.13,1.28
2011.08.03 18:31:42.443,0.96323,0.96339,1.50,1.28
2011.08.03 18:31:43.000,0.96323,0.96339,1.50,1.28
2011.08.03 18:31:43.947,0.96322,0.96336,1.50,1.35
2011.08.03 18:31:44.285,0.96321,0.96337,1.50,3.29
2011.08.03 18:31:45.172,0.96318,0.96335,3.60,1.57
2011.08.03 18:31:45.626,0.9632,0.96336,1.13,1.94
2011.08.03 18:31:45.962,0.96321,0.96337,1.90,1.28
2011.08.03 18:31:46.303,0.96324,0.96338,1.15,1.65
2011.08.03 18:31:46.641,0.96329,0.96341,2.25,1.19
2011.08.03 18:31:47.201,0.96329,0.96343,3.00,1.19
2011.08.03 18:31:49.651,0.96329,0.96343,3.00,1.19
2011.08.03 18:31:50.210,0.96329,0.96343,3.00,1.19
2011.08.03 18:31:56.801,0.96329,0.96343,2.25,1.19
2011.08.03 18:31:57.362,0.96329,0.96343,2.25,1.19
2011.08.03 18:31:57.702,0.96329,0.96343,2.63,1.19
2011.08.03 18:31:58.041,0.96329,0.96343,2.63,1.19
2011.08.03 18:31:58.600,0.96329,0.96343,2.25,1.19
2011.08.03 18:31:59.797,0.96329,0.96343,2.25,1.19
2011.08.03 18:32:00.351,0.96329,0.96343,2.25,1.19
2011.08.03 18:32:00.473,0.96326,0.96342,1.35,1.57
2011.08.03 18:32:00.700,0.96326,0.96342,1.35,1.72
2011.08.03 18:32:01.042,0.96323,0.96338,1.52,1.28
2011.08.03 18:32:01.600,0.96323,0.96338,1.50,1.28
2011.08.03 18:32:02.150,0.96323,0.96338,1.50,1.28
2011.08.03 18:32:05.210,0.96323,0.96336,1.50,1.13
2011.08.03 18:32:05.770,0.96323,0.96337,1.50,1.88
2011.08.03 18:32:06.130,0.96322,0.96336,1.50,1.35
2011.08.03 18:32:06.365,0.9632,0.96336,1.90,1.65
2011.08.03 18:32:07.253,0.96321,0.96337,1.52,2.40
2011.08.03 18:32:07.812,0.96322,0.96337,1.13,1.50
2011.08.03 18:32:08.152,0.96323,0.9634,1.50,1.64
2011.08.03 18:32:14.670,0.96323,0.9634,1.50,2.39
2011.08.03 18:32:16.666,0.96325,0.96339,1.52,1.50
2011.08.03 18:32:16.786,0.96325,0.9634,1.50,1.19
2011.08.03 18:32:16.909,0.96327,0.96342,1.15,1.19
2011.08.03 18:32:17.368,0.96327,0.96342,1.15,1.19
2011.08.03 18:32:17.921,0.96327,0.96342,1.15,1.19
2011.08.03 18:32:19.702,0.96327,0.96342,1.50,1.19
2011.08.03 18:32:20.260,0.96328,0.96344,3.38,1.19
2011.08.03 18:32:22.932,0.96328,0.96344,3.75,1.19
2011.08.03 18:32:23.494,0.9633,0.96346,2.63,1.50
2011.08.03 18:32:24.162,0.96329,0.96346,1.50,1.28
2011.08.03 18:32:24.500,0.96328,0.96344,3.38,1.19
2011.08.03 18:32:24.830,0.96328,0.96344,3.38,1.19
2011.08.03 18:32:25.380,0.9633,0.96344,1.13,1.19
2011.08.03 18:32:27.720,0.9633,0.96344,1.13,1.19
2011.08.03 18:32:31.631,0.96332,0.96345,1.50,1.19
2011.08.03 18:32:32.193,0.96332,0.96346,2.25,1.94
2011.08.03 18:32:32.751,0.96332,0.96346,2.25,1.19
2011.08.03 18:32:38.564,0.96333,0.96345,1.50,1.57
2011.08.03 18:32:39.012,0.96333,0.96344,1.50,2.32
2011.08.03 18:32:40.126,0.96331,0.9634,1.50,1.43
2011.08.03 18:32:40.353,0.96325,0.96336,1.50,1.50
2011.08.03 18:32:40.473,0.96323,0.96336,1.50,1.50
2011.08.03 18:32:42.090,0.96321,0.96335,1.50,1.50
2011.08.03 18:32:42.321,0.96321,0.96335,1.50,1.50
2011.08.03 18:32:42.551,0.96321,0.96336,1.50,2.69
2011.08.03 18:32:43.111,0.96322,0.96336,1.35,2.25
2011.08.03 18:32:44.223,0.96321,0.96335,1.13,1.94
2011.08.03 18:32:44.782,0.9632,0.96335,1.50,1.50
2011.08.03 18:32:45.148,0.96319,0.96332,3.00,1.13
2011.08.03 18:32:45.271,0.96316,0.9633,1.35,3.75
2011.08.03 18:32:45.612,0.96316,0.96329,1.35,2.25
2011.08.03 18:32:46.943,0.96316,0.9633,1.35,2.18
2011.08.03 18:32:47.282,0.96318,0.96331,1.13,1.58
2011.08.03 18:32:50.774,0.96319,0.96334,1.13,1.19
2011.08.03 18:32:51.332,0.96319,0.96336,3.77,1.94
2011.08.03 18:32:52.111,0.96319,0.96336,3.38,2.84
2011.08.03 18:32:55.781,0.96319,0.96336,3.77,2.62
2011.08.03 18:32:56.342,0.96319,0.96335,3.77,1.50
2011.08.03 18:32:56.571,0.96319,0.96335,3.77,1.50
2011.08.03 18:32:57.104,0.96324,0.9634,1.50,2.25
2011.08.03 18:32:57.227,0.96324,0.96341,1.52,1.19
2011.08.03 18:32:57.342,0.96323,0.96338,4.90,1.50
2011.08.03 18:32:57.681,0.96323,0.96341,6.40,2.69
2011.08.03 18:32:57.803,0.96327,0.96341,1.13,1.19
2011.08.03 18:32:58.471,0.96326,0.96341,1.50,1.19
2011.08.03 18:32:58.702,0.96327,0.96338,1.15,1.50
2011.08.03 18:32:59.040,0.96327,0.96338,1.15,1.50
2011.08.03 18:32:59.372,0.96327,0.96341,1.15,1.19
2011.08.03 18:33:00.040,0.96327,0.96344,1.15,1.19
2011.08.03 18:33:00.821,0.96327,0.96342,1.15,1.50
2011.08.03 18:33:01.161,0.96325,0.96342,3.02,1.50
2011.08.03 18:33:01.721,0.96326,0.96342,1.52,1.50
2011.08.03 18:33:02.281,0.96326,0.96342,1.52,1.50
2011.08.03 18:33:02.971,0.96327,0.96342,1.15,2.25
2011.08.03 18:33:03.532,0.96327,0.96342,1.15,2.25
2011.08.03 18:33:03.879,0.96335,0.96345,1.15,1.50
2011.08.03 18:33:04.217,0.96335,0.96353,1.52,1.19
2011.08.03 18:33:04.771,0.96338,0.96353,1.13,1.19
2011.08.03 18:33:05.880,0.96336,0.96353,1.50,1.19
2011.08.03 18:33:06.551,0.96336,0.96353,1.13,1.19
2011.08.03 18:33:06.672,0.96336,0.96353,1.13,1.19
2011.08.03 18:33:07.017,0.96336,0.96352,2.25,1.19
2011.08.03 18:33:07.353,0.96339,0.96352,2.25,1.19
2011.08.03 18:33:09.929,0.96339,0.96354,2.25,1.94
2011.08.03 18:33:11.722,0.96339,0.96354,3.00,1.19
2011.08.03 18:33:12.621,0.96339,0.96354,2.25,1.19
2011.08.03 18:33:14.281,0.96337,0.9635,1.35,1.50
2011.08.03 18:33:14.841,0.96335,0.96351,3.23,1.50
2011.08.03 18:33:19.254,0.96337,0.96351,1.13,1.58
2011.08.03 18:33:19.592,0.96337,0.96351,1.13,1.50
2011.08.03 18:33:20.485,0.96336,0.9635,1.88,1.65
2011.08.03 18:33:21.179,0.96335,0.96351,1.88,2.84
2011.08.03 18:33:21.733,0.96336,0.96351,2.48,1.50
2011.08.03 18:33:22.294,0.96336,0.96351,1.13,1.50
2011.08.03 18:33:22.850,0.96336,0.96351,1.88,1.50
2011.08.03 18:33:24.992,0.96335,0.96351,2.40,1.50
2011.08.03 18:33:25.220,0.96335,0.96351,2.65,1.50
2011.08.03 18:33:25.751,0.96335,0.96351,1.90,1.50
2011.08.03 18:33:26.533,0.96335,0.96351,1.50,1.50
2011.08.03 18:33:27.242,0.96335,0.96351,1.52,1.50
2011.08.03 18:33:27.800,0.96335,0.96351,1.50,1.50
2011.08.03 18:33:29.684,0.96334,0.96346,2.25,7.50
2011.08.03 18:33:29.804,0.96332,0.96347,2.25,9.00
2011.08.03 18:33:29.923,0.96331,0.96346,1.50,1.94
2011.08.03 18:33:30.262,0.96331,0.96346,1.13,1.50
2011.08.03 18:33:30.493,0.96332,0.96347,2.63,1.50
2011.08.03 18:33:31.043,0.96332,0.96347,4.13,1.50
2011.08.03 18:33:31.600,0.96333,0.96347,1.50,1.50
2011.08.03 18:33:32.493,0.96333,0.96346,1.50,1.50
2011.08.03 18:33:32.833,0.96332,0.96346,1.35,1.50
2011.08.03 18:33:33.391,0.96334,0.96347,1.15,2.25
2011.08.03 18:33:35.050,0.96333,0.96347,1.52,1.50
2011.08.03 18:33:39.961,0.96331,0.96346,1.50,1.73
2011.08.03 18:33:40.084,0.9633,0.96345,2.25,1.50
2011.08.03 18:33:40.642,0.96329,0.96345,1.13,1.50
2011.08.03 18:33:41.093,0.96328,0.96343,3.60,1.19
2011.08.03 18:33:41.653,0.96329,0.96343,1.13,1.19
2011.08.03 18:33:42.212,0.96327,0.96341,1.50,1.50
2011.08.03 18:33:42.335,0.96325,0.96341,1.88,1.94
2011.08.03 18:33:42.913,0.96324,0.96341,1.88,1.94
2011.08.03 18:33:45.229,0.96324,0.9634,1.13,1.50
2011.08.03 18:33:45.563,0.96323,0.96338,1.50,1.50
2011.08.03 18:33:46.012,0.96322,0.96337,2.10,1.50
2011.08.03 18:33:46.244,0.96322,0.96337,2.48,1.50
2011.08.03 18:33:49.752,0.96323,0.96338,1.50,1.50
2011.08.03 18:33:50.092,0.96325,0.9634,3.00,1.50
2011.08.03 18:33:50.875,0.96326,0.96341,1.73,1.50
2011.08.03 18:33:52.203,0.96327,0.96343,2.85,1.94
2011.08.03 18:33:52.323,0.96328,0.96343,1.15,1.19
2011.08.03 18:33:52.662,0.96331,0.96345,1.75,2.25
2011.08.03 18:33:53.223,0.96334,0.96346,3.02,2.25
2011.08.03 18:33:53.843,0.96334,0.96346,1.52,2.25
2011.08.03 18:33:54.184,0.96335,0.96345,1.50,1.50
2011.08.03 18:33:54.635,0.9633,0.96344,2.25,1.19
2011.08.03 18:33:54.751,0.96328,0.96343,4.13,1.50
2011.08.03 18:33:55.316,0.96331,0.96344,1.13,1.50
2011.08.03 18:33:55.872,0.96332,0.96345,1.50,1.50
2011.08.03 18:34:04.300,0.96332,0.96345,1.88,1.50
2011.08.03 18:34:05.041,0.96333,0.96345,2.25,1.50
2011.08.03 18:34:05.611,0.96333,0.96346,1.50,1.50
2011.08.03 18:34:08.392,0.96334,0.96345,1.50,1.50
2011.08.03 18:34:09.613,0.96335,0.96347,1.13,1.50
2011.08.03 18:34:09.950,0.96336,0.96351,1.52,1.50
2011.08.03 18:34:10.630,0.96336,0.96352,1.52,2.25
2011.08.03 18:34:10.852,0.96337,0.96352,2.50,1.50
2011.08.03 18:34:16.451,0.96341,0.96352,1.35,1.50
2011.08.03 18:34:16.793,0.96345,0.9636,1.13,1.50
2011.08.03 18:34:16.911,0.96345,0.96361,1.13,1.50
2011.08.03 18:34:17.470,0.96345,0.96361,2.10,1.50
2011.08.03 18:34:18.552,0.96345,0.96361,2.50,1.50
2011.08.03 18:34:20.340,0.96345,0.96361,2.50,1.50
2011.08.03 18:34:21.014,0.96348,0.96363,1.13,2.63
2011.08.03 18:34:21.357,0.96359,0.96366,2.10,3.00
2011.08.03 18:34:21.698,0.96361,0.96375,2.25,1.88
2011.08.03 18:34:22.145,0.96362,0.96377,1.88,2.10
2011.08.03 18:34:22.272,0.96362,0.96377,1.50,3.60
2011.08.03 18:34:22.504,0.9636,0.96376,2.63,1.50
2011.08.03 18:34:22.841,0.9636,0.96372,1.88,1.50
2011.08.03 18:34:23.401,0.9636,0.96375,1.88,1.94
2011.08.03 18:34:23.521,0.96361,0.96375,1.50,1.19
2011.08.03 18:34:26.955,0.96361,0.96375,1.88,1.64
2011.08.03 18:34:27.510,0.96361,0.96375,1.50,1.64
2011.08.03 18:34:28.391,0.96361,0.96375,1.50,1.94
2011.08.03 18:34:28.514,0.96359,0.96373,3.38,1.13
2011.08.03 18:34:29.074,0.96361,0.96377,1.73,2.25
2011.08.03 18:34:29.738,0.96362,0.96376,1.50,1.19
2011.08.03 18:34:30.292,0.96361,0.96376,1.35,1.19
2011.08.03 18:34:30.851,0.96361,0.96376,1.35,1.19
2011.08.03 18:34:31.411,0.96361,0.96376,1.35,1.19
2011.08.03 18:34:34.172,0.96361,0.96376,1.73,1.34
2011.08.03 18:34:34.730,0.9636,0.96375,1.35,1.94
2011.08.03 18:34:35.522,0.96361,0.96375,1.35,1.57
2011.08.03 18:34:38.108,0.9636,0.96376,1.35,1.94
2011.08.03 18:34:39.212,0.96361,0.96375,1.35,1.57
2011.08.03 18:34:39.992,0.96361,0.96375,1.35,1.19
2011.08.03 18:34:43.253,0.9636,0.96375,1.35,1.94
2011.08.03 18:34:44.033,0.9636,0.96373,1.35,2.25
2011.08.03 18:34:47.183,0.96357,0.96373,2.10,1.50
2011.08.03 18:34:47.410,0.96359,0.96374,2.25,1.50
2011.08.03 18:34:50.083,0.96356,0.96371,2.10,1.50
2011.08.03 18:34:50.642,0.96356,0.96372,1.35,2.69
2011.08.03 18:34:50.986,0.96355,0.96367,1.35,1.50
2011.08.03 18:34:51.103,0.96353,0.96365,2.25,1.13
2011.08.03 18:34:51.511,0.96351,0.96365,1.35,2.25
2011.08.03 18:34:51.636,0.96349,0.96365,3.38,2.63
2011.08.03 18:34:53.293,0.96349,0.96358,3.00,1.65
2011.08.03 18:34:53.635,0.96339,0.96356,3.75,3.38
2011.08.03 18:34:53.753,0.96339,0.96352,3.00,1.19
2011.08.03 18:34:54.469,0.96338,0.96352,1.50,1.94
2011.08.03 18:34:56.342,0.96338,0.96352,2.25,1.19
2011.08.03 18:34:56.901,0.96338,0.96354,1.50,1.19
2011.08.03 18:34:58.894,0.96343,0.96354,1.88,1.19
2011.08.03 18:34:59.314,0.96346,0.96362,1.15,1.19
2011.08.03 18:34:59.461,0.96349,0.96366,4.13,1.19
2011.08.03 18:34:59.582,0.96349,0.96366,4.13,1.19
2011.08.03 18:35:00.031,0.96349,0.96367,4.13,2.18
2011.08.03 18:35:02.911,0.96349,0.96366,3.38,3.07
2011.08.03 18:35:03.039,0.96349,0.96366,3.38,3.07
2011.08.03 18:35:03.591,0.96349,0.96366,3.38,3.38
2011.08.03 18:35:04.151,0.96349,0.96366,3.38,2.54
2011.08.03 18:35:04.604,0.96348,0.96365,1.50,2.69
2011.08.03 18:35:05.053,0.96346,0.96363,1.50,1.13
2011.08.03 18:35:05.612,0.96346,0.96362,1.50,1.13
2011.08.03 18:35:06.392,0.96347,0.96363,1.50,1.57
2011.08.03 18:35:06.735,0.9635,0.96366,1.50,1.94
2011.08.03 18:35:10.371,0.96351,0.96369,1.50,1.94
2011.08.03 18:35:10.931,0.96351,0.96368,1.50,1.19
2011.08.03 18:35:11.978,0.96352,0.96369,2.25,1.19
2011.08.03 18:35:12.864,0.96353,0.96369,1.50,1.19
2011.08.03 18:35:13.420,0.96352,0.96369,2.25,1.19
2011.08.03 18:35:13.974,0.96352,0.96368,2.25,2.03
2011.08.03 18:35:14.203,0.9635,0.96366,1.50,1.88
2011.08.03 18:35:14.433,0.96349,0.96364,3.75,1.13
2011.08.03 18:35:14.993,0.96349,0.96364,2.25,1.13
2011.08.03 18:35:15.336,0.96347,0.96363,1.50,1.50
2011.08.03 18:35:15.903,0.96345,0.96361,2.10,1.13
2011.08.03 18:35:16.462,0.96345,0.96363,2.25,1.57
2011.08.03 18:35:17.462,0.96345,0.96363,2.25,1.94
2011.08.03 18:35:18.020,0.96343,0.9636,2.25,1.19
2011.08.03 18:35:20.583,0.96344,0.96357,1.50,1.28
2011.08.03 18:35:20.933,0.96342,0.96358,1.50,1.28
2011.08.03 18:35:21.495,0.9634,0.96356,1.50,1.57
2011.08.03 18:35:24.034,0.96338,0.96355,1.13,1.13
2011.08.03 18:35:24.372,0.96336,0.96353,1.50,1.94
2011.08.03 18:35:25.481,0.96336,0.96351,1.50,3.38
2011.08.03 18:35:26.061,0.96336,0.96351,1.50,3.38
2011.08.03 18:35:31.553,0.96335,0.96351,3.00,4.35
2011.08.03 18:35:32.026,0.96329,0.9634,3.75,1.13
2011.08.03 18:35:32.278,0.96324,0.96337,1.50,1.20
2011.08.03 18:35:32.395,0.96322,0.96336,2.85,1.20
2011.08.03 18:35:32.953,0.96322,0.96337,2.85,1.73
2011.08.03 18:35:33.511,0.96322,0.96337,1.35,2.10
2011.08.03 18:35:34.071,0.96322,0.96336,1.35,1.20
2011.08.03 18:35:42.151,0.96322,0.96337,2.10,2.40
2011.08.03 18:35:42.710,0.96322,0.96336,2.10,1.20
2011.08.03 18:35:43.229,0.96322,0.96337,2.10,2.40
2011.08.03 18:35:43.780,0.96322,0.96338,2.10,2.02
2011.08.03 18:35:44.291,0.96322,0.96337,2.10,1.13
2011.08.03 18:35:45.140,0.96322,0.96338,2.10,2.02
2011.08.03 18:35:47.323,0.96323,0.96338,1.13,1.19
2011.08.03 18:35:47.447,0.96327,0.96341,1.35,2.69
2011.08.03 18:35:47.891,0.96329,0.96346,6.38,1.50
2011.08.03 18:35:48.011,0.9633,0.96347,1.88,2.09
2011.08.03 18:35:48.572,0.96332,0.96342,1.50,1.50
2011.08.03 18:35:48.801,0.96333,0.96349,1.13,1.19
2011.08.03 18:35:49.614,0.96333,0.9635,1.88,2.54
2011.08.03 18:35:51.271,0.96331,0.96349,3.38,1.94
2011.08.03 18:35:51.614,0.96331,0.96343,3.00,1.50
2011.08.03 18:35:54.794,0.96332,0.96347,1.50,1.19
2011.08.03 18:36:01.664,0.96333,0.96348,1.50,1.94
2011.08.03 18:36:01.787,0.96334,0.96348,1.13,1.19
2011.08.03 18:36:02.142,0.96343,0.96352,1.52,3.00
2011.08.03 18:36:02.503,0.96345,0.96361,2.25,1.79
2011.08.03 18:36:03.172,0.96346,0.96361,1.50,1.79
2011.08.03 18:36:03.844,0.96345,0.9636,1.50,1.13
2011.08.03 18:36:04.402,0.96345,0.96361,1.50,1.57
2011.08.03 18:36:04.963,0.96345,0.96361,1.50,1.19
2011.08.03 18:36:06.294,0.96345,0.96362,1.50,1.13
2011.08.03 18:36:07.295,0.96348,0.96363,3.38,1.50
2011.08.03 18:36:08.293,0.96348,0.96364,3.38,1.19
2011.08.03 18:36:13.764,0.96348,0.96363,3.00,1.43
2011.08.03 18:36:14.106,0.96344,0.96356,2.63,1.50
2011.08.03 18:36:14.223,0.96342,0.96358,1.50,1.50
2011.08.03 18:36:14.561,0.96343,0.96359,1.50,1.50
2011.08.03 18:36:14.684,0.96345,0.96359,1.50,1.50
2011.08.03 18:36:15.681,0.96345,0.96361,1.50,1.57
2011.08.03 18:36:17.634,0.96346,0.96362,1.50,2.32
2011.08.03 18:36:18.191,0.96345,0.96361,2.25,1.94
2011.08.03 18:36:22.935,0.9635,0.96361,1.50,1.19
2011.08.03 18:36:23.528,0.96349,0.96362,1.35,1.50
2011.08.03 18:36:23.752,0.96349,0.96365,1.35,1.94
2011.08.03 18:36:23.872,0.9635,0.96365,1.50,1.19
2011.08.03 18:36:30.164,0.96346,0.9636,2.25,1.13
2011.08.03 18:36:30.722,0.96345,0.96358,1.50,1.50
2011.08.03 18:36:30.950,0.96344,0.96358,1.50,1.88
2011.08.03 18:36:31.952,0.96342,0.96358,2.48,1.50
2011.08.03 18:36:42.151,0.96342,0.96356,2.48,1.50
2011.08.03 18:36:44.361,0.9634,0.96356,2.63,1.50
2011.08.03 18:36:50.650,0.96341,0.96356,1.50,1.50
2011.08.03 18:36:52.310,0.96343,0.96356,1.50,1.50
2011.08.03 18:36:53.853,0.96341,0.96356,2.48,2.10
2011.08.03 18:36:53.974,0.9634,0.96356,1.88,4.64
2011.08.03 18:36:54.204,0.9634,0.96354,1.13,1.13
2011.08.03 18:36:54.610,0.96338,0.9635,1.13,1.50
2011.08.03 18:36:54.834,0.96338,0.9635,1.13,1.50
2011.08.03 18:36:55.351,0.96336,0.9635,1.50,1.50
2011.08.03 18:36:56.246,0.96335,0.9635,1.50,1.13
2011.08.03 18:36:56.472,0.96334,0.9635,1.50,1.13
2011.08.03 18:36:56.701,0.96334,0.9635,1.50,1.13
2011.08.03 18:36:58.262,0.96333,0.9635,2.25,1.13
2011.08.03 18:36:58.821,0.96334,0.9635,1.50,1.13
2011.08.03 18:37:01.240,0.96335,0.96351,1.50,3.38
2011.08.03 18:37:08.752,0.96335,0.96351,1.88,3.00
2011.08.03 18:37:08.873,0.96341,0.96351,1.50,2.25
2011.08.03 18:37:08.997,0.96341,0.96354,1.88,1.79
2011.08.03 18:37:09.224,0.96344,0.96358,2.25,3.38
2011.08.03 18:37:09.347,0.96344,0.96361,3.00,1.79
2011.08.03 18:37:09.573,0.96345,0.96363,2.48,1.19
2011.08.03 18:37:09.914,0.96351,0.96366,1.88,1.13
2011.08.03 18:37:10.429,0.9635,0.96366,2.40,2.32
2011.08.03 18:37:10.763,0.96348,0.96365,3.60,1.94
2011.08.03 18:37:11.104,0.96346,0.96361,1.50,1.13
2011.08.03 18:37:11.224,0.96346,0.96361,1.50,1.13
2011.08.03 18:37:11.782,0.96346,0.96361,1.50,1.88
2011.08.03 18:37:15.236,0.96348,0.96362,3.38,1.94
2011.08.03 18:37:15.463,0.96348,0.96362,3.38,1.19
2011.08.03 18:37:16.020,0.96348,0.96362,3.38,1.19
2011.08.03 18:37:19.221,0.96348,0.96362,3.38,1.19
2011.08.03 18:37:19.780,0.96348,0.96362,3.38,1.19
2011.08.03 18:37:20.550,0.96348,0.96362,3.38,1.19
2011.08.03 18:37:21.431,0.96348,0.96363,3.38,1.19
2011.08.03 18:37:21.990,0.96348,0.96362,3.38,1.19
2011.08.03 18:37:25.433,0.96345,0.96361,2.25,1.13
2011.08.03 18:37:25.664,0.96345,0.9636,1.50,1.13
2011.08.03 18:37:25.783,0.96345,0.96357,1.50,1.50
2011.08.03 18:37:26.894,0.96343,0.96357,1.88,1.50
2011.08.03 18:37:27.455,0.96346,0.96357,1.13,1.50
2011.08.03 18:37:27.574,0.96346,0.96362,1.88,1.50
2011.08.03 18:37:27.692,0.96346,0.96364,1.88,1.19
2011.08.03 18:37:28.251,0.96346,0.96364,2.48,1.19
2011.08.03 18:37:28.371,0.96348,0.96363,1.50,1.19
2011.08.03 18:37:30.134,0.96347,0.96363,1.50,1.57
2011.08.03 18:37:30.253,0.96346,0.96363,2.25,1.13
2011.08.03 18:37:30.481,0.96346,0.96361,1.50,1.13
2011.08.03 18:37:31.985,0.96346,0.96357,1.50,1.88
2011.08.03 18:37:32.211,0.96344,0.96356,1.50,1.13
2011.08.03 18:37:32.553,0.96345,0.9636,1.13,1.50
2011.08.03 18:37:33.113,0.96344,0.96361,1.50,1.13
2011.08.03 18:37:33.560,0.96344,0.96361,2.25,1.13
2011.08.03 18:37:34.170,0.96344,0.96362,2.25,3.00
2011.08.03 18:37:37.936,0.96344,0.96362,2.25,2.25
2011.08.03 18:37:39.467,0.96346,0.96362,2.25,1.50
2011.08.03 18:37:39.594,0.96351,0.96366,1.13,1.50
2011.08.03 18:37:39.835,0.96351,0.96367,1.50,1.94
2011.08.03 18:37:40.064,0.96351,0.96367,1.88,1.94
2011.08.03 18:37:40.733,0.96349,0.96363,3.38,1.50
2011.08.03 18:37:41.291,0.9635,0.96363,1.50,1.50
2011.08.03 18:37:41.966,0.96351,0.96367,1.13,1.94
2011.08.03 18:37:42.525,0.96351,0.96367,1.13,1.94
2011.08.03 18:37:43.084,0.96355,0.96368,1.50,1.50
2011.08.03 18:37:43.526,0.96354,0.96372,2.25,1.94
2011.08.03 18:37:43.756,0.96358,0.96373,2.63,1.94
2011.08.03 18:37:44.311,0.96358,0.96374,3.38,1.19
2011.08.03 18:37:45.522,0.96358,0.96371,3.00,1.65
2011.08.03 18:37:45.863,0.96349,0.96365,2.25,1.88
2011.08.03 18:37:45.988,0.96347,0.96363,2.25,1.13
2011.08.03 18:37:46.323,0.96345,0.96362,1.50,1.50
2011.08.03 18:37:46.882,0.96348,0.96363,3.38,1.19
2011.08.03 18:37:47.442,0.96351,0.96365,1.13,1.94
2011.08.03 18:37:47.562,0.96351,0.96368,2.63,2.69
2011.08.03 18:37:48.178,0.96353,0.96368,1.50,2.40
2011.08.03 18:37:48.406,0.96353,0.96368,2.25,1.50
2011.08.03 18:37:48.745,0.96353,0.96372,3.23,1.19
2011.08.03 18:37:49.301,0.96355,0.96372,1.50,1.19
2011.08.03 18:37:50.302,0.96355,0.96372,1.50,1.19
2011.08.03 18:37:51.527,0.96354,0.96368,1.13,1.50
2011.08.03 18:37:51.643,0.96352,0.96368,1.50,2.25
2011.08.03 18:37:55.772,0.9635,0.96366,3.38,1.50
2011.08.03 18:37:56.003,0.9635,0.96365,3.38,1.94
2011.08.03 18:37:56.342,0.96349,0.96362,1.35,1.50
2011.08.03 18:37:57.856,0.96346,0.96362,3.00,1.50
2011.08.03 18:37:59.513,0.96346,0.96362,2.25,1.50
2011.08.03 18:38:00.184,0.96345,0.96361,1.50,1.50
2011.08.03 18:38:01.073,0.96344,0.96361,1.50,1.19
2011.08.03 18:38:01.412,0.96344,0.96361,1.50,1.57
2011.08.03 18:38:01.862,0.96342,0.9636,2.63,3.00
2011.08.03 18:38:09.682,0.96342,0.96357,2.25,2.78
2011.08.03 18:38:09.907,0.9634,0.96355,1.50,1.50
2011.08.03 18:38:10.246,0.96339,0.96354,3.00,2.69
2011.08.03 18:38:17.485,0.96337,0.96352,1.73,2.25
2011.08.03 18:38:17.825,0.96338,0.96354,2.25,3.07
2011.08.03 18:38:17.942,0.96338,0.96354,2.63,1.19
2011.08.03 18:38:19.052,0.96338,0.96353,2.25,2.25
2011.08.03 18:38:20.845,0.96336,0.96351,2.10,2.25
2011.08.03 18:38:20.965,0.96336,0.9635,1.35,1.50
2011.08.03 18:38:23.601,0.96336,0.96351,1.13,1.50
2011.08.03 18:38:23.830,0.96338,0.96352,1.35,1.19
2011.08.03 18:38:24.383,0.96339,0.96353,2.25,1.19
2011.08.03 18:38:27.973,0.96339,0.96353,2.25,1.34
2011.08.03 18:38:28.643,0.96339,0.96353,2.25,1.34
2011.08.03 18:38:29.203,0.96339,0.96353,2.25,1.34
2011.08.03 18:38:29.872,0.96339,0.96353,2.25,1.34
2011.08.03 18:38:30.212,0.96339,0.96355,3.60,1.19
2011.08.03 18:38:31.102,0.96339,0.96355,4.35,1.19
2011.08.03 18:38:31.333,0.96339,0.96356,4.37,1.94
2011.08.03 18:38:31.682,0.96343,0.96355,1.50,1.19
2011.08.03 18:38:32.025,0.96348,0.96361,2.63,1.50
2011.08.03 18:38:32.141,0.96348,0.96361,2.63,1.50
2011.08.03 18:38:33.252,0.96348,0.96364,3.38,1.94
2011.08.03 18:38:34.254,0.96349,0.96365,1.13,3.07
2011.08.03 18:38:34.818,0.96349,0.96364,1.50,1.34
2011.08.03 18:38:35.441,0.96349,0.96364,1.50,1.34
2011.08.03 18:38:36.211,0.96349,0.96364,1.50,1.34
2011.08.03 18:38:37.532,0.96349,0.96365,1.50,3.22
2011.08.03 18:38:38.091,0.96349,0.96365,1.50,2.84
2011.08.03 18:38:38.861,0.96349,0.96365,1.50,3.22
2011.08.03 18:38:39.470,0.96349,0.96365,1.50,2.84
2011.08.03 18:38:40.024,0.96349,0.96364,1.50,1.49
2011.08.03 18:38:40.367,0.96346,0.9636,2.10,1.05
2011.08.03 18:38:41.457,0.96346,0.9636,2.10,1.05
2011.08.03 18:38:42.124,0.96346,0.9636,2.10,1.05
2011.08.03 18:38:42.680,0.96346,0.9636,2.10,1.05
2011.08.03 18:38:43.233,0.96346,0.96362,3.60,1.65
2011.08.03 18:38:43.352,0.96348,0.96364,3.38,2.17
2011.08.03 18:38:43.582,0.96348,0.96362,2.25,1.20
2011.08.03 18:38:44.141,0.96348,0.96362,2.25,1.20
2011.08.03 18:38:44.592,0.96348,0.96362,2.63,1.20
2011.08.03 18:38:45.261,0.96348,0.96362,2.63,1.20
2011.08.03 18:38:46.487,0.96348,0.96362,2.63,1.20
2011.08.03 18:38:47.031,0.96348,0.96362,2.63,1.20
2011.08.03 18:38:47.593,0.96346,0.9636,2.10,1.20
2011.08.03 18:38:48.153,0.96346,0.9636,2.10,1.20
2011.08.03 18:38:49.355,0.96346,0.9636,1.88,1.73
2011.08.03 18:38:49.707,0.96343,0.96356,2.25,3.89
2011.08.03 18:38:49.827,0.96338,0.96352,1.50,1.50
2011.08.03 18:38:49.947,0.96337,0.96352,2.25,2.78
2011.08.03 18:38:50.063,0.96337,0.96351,1.50,1.50
2011.08.03 18:38:50.185,0.96334,0.96351,1.50,3.00
2011.08.03 18:38:50.634,0.96334,0.9635,1.50,1.34
2011.08.03 18:38:51.126,0.96335,0.9635,1.50,1.19
2011.08.03 18:38:51.353,0.96334,0.9635,2.25,1.34
2011.08.03 18:38:51.585,0.96335,0.9635,1.50,1.19
2011.08.03 18:38:52.475,0.96336,0.9635,1.88,1.34
2011.08.03 18:38:52.705,0.96333,0.96349,2.25,2.03
2011.08.03 18:38:53.042,0.96332,0.96348,1.50,2.10
2011.08.03 18:38:53.602,0.96331,0.96347,1.50,1.05
2011.08.03 18:38:54.161,0.9633,0.96347,2.10,1.73
2011.08.03 18:38:54.712,0.96329,0.96346,5.48,1.34
2011.08.03 18:38:56.334,0.96333,0.96347,1.13,2.62
2011.08.03 18:38:56.680,0.96338,0.96351,1.50,2.25
2011.08.03 18:38:57.012,0.9634,0.96352,1.13,1.50
2011.08.03 18:38:57.684,0.96342,0.96356,1.35,1.19
2011.08.03 18:38:57.807,0.96343,0.96357,1.88,1.50
2011.08.03 18:38:58.033,0.96344,0.96358,2.25,1.19
2011.08.03 18:38:58.155,0.96346,0.96361,1.35,1.50
2011.08.03 18:38:58.273,0.96347,0.96362,1.35,1.94
2011.08.03 18:38:58.832,0.96347,0.96362,1.35,1.50
2011.08.03 18:39:05.937,0.96346,0.9636,1.50,2.18
2011.08.03 18:39:06.313,0.96342,0.96358,1.50,2.84
2011.08.03 18:39:06.871,0.9634,0.96356,2.63,1.94
2011.08.03 18:39:07.431,0.9634,0.96356,1.13,2.99
2011.08.03 18:39:09.095,0.96339,0.96356,3.75,3.52
2011.08.03 18:39:10.644,0.96339,0.96355,3.60,1.19
2011.08.03 18:39:11.031,0.96342,0.96358,1.50,1.57
2011.08.03 18:39:11.591,0.96342,0.96357,1.50,1.19
2011.08.03 18:39:12.701,0.96343,0.96358,2.25,1.94
2011.08.03 18:39:13.262,0.96345,0.9636,1.50,1.94
2011.08.03 18:39:13.494,0.96349,0.96362,2.25,1.50
2011.08.03 18:39:14.272,0.96349,0.96365,3.38,4.19
2011.08.03 18:39:18.642,0.96349,0.96362,3.60,1.19
2011.08.03 18:39:19.094,0.96349,0.96365,3.60,2.69
2011.08.03 18:39:19.321,0.96349,0.96362,3.60,1.50
2011.08.03 18:39:19.662,0.9635,0.96362,1.50,1.50
2011.08.03 18:39:19.999,0.96349,0.96366,3.60,1.65
2011.08.03 18:39:22.974,0.96349,0.96365,3.60,1.34
2011.08.03 18:39:23.095,0.96349,0.96363,3.00,1.34
2011.08.03 18:39:23.437,0.96345,0.96363,3.00,1.64
2011.08.03 18:39:23.774,0.96345,0.96361,2.25,1.64
2011.08.03 18:39:23.897,0.96345,0.96361,1.50,1.19
2011.08.03 18:39:24.191,0.96343,0.96358,1.50,1.19
2011.08.03 18:39:24.752,0.96343,0.96357,1.50,1.50
2011.08.03 18:39:29.663,0.96342,0.96355,1.13,1.35
2011.08.03 18:39:29.781,0.96339,0.96353,1.13,2.54
2011.08.03 18:39:29.903,0.96338,0.96353,1.50,2.92
2011.08.03 18:39:30.135,0.96337,0.96352,1.50,2.63
2011.08.03 18:39:30.252,0.96336,0.96352,1.88,2.25
2011.08.03 18:39:30.591,0.96336,0.96348,1.88,1.50
2011.08.03 18:39:31.151,0.96336,0.96348,1.88,1.50
2011.08.03 18:39:31.672,0.96335,0.9635,2.25,1.19
2011.08.03 18:39:31.797,0.96335,0.96352,2.25,4.57
2011.08.03 18:39:32.635,0.96335,0.96352,2.63,4.19
2011.08.03 18:39:32.975,0.96336,0.96352,1.50,1.42
2011.08.03 18:39:33.094,0.96336,0.96352,1.50,3.29
2011.08.03 18:39:33.656,0.96336,0.9635,1.50,1.19
2011.08.03 18:39:33.773,0.96337,0.96351,1.13,1.50
2011.08.03 18:39:35.681,0.96337,0.96353,1.35,2.32
2011.08.03 18:39:36.245,0.96338,0.96353,1.50,1.94
2011.08.03 18:39:36.802,0.96338,0.96353,1.50,1.94
2011.08.03 18:39:39.771,0.96338,0.96353,1.67,2.32
2011.08.03 18:39:40.331,0.96338,0.96353,1.67,2.32
2011.08.03 18:39:41.122,0.96338,0.96353,1.50,2.32
2011.08.03 18:39:47.545,0.96338,0.96352,1.50,1.50
2011.08.03 18:39:50.355,0.96338,0.96353,1.50,2.32
2011.08.03 18:39:54.432,0.96336,0.96348,1.50,2.25
2011.08.03 18:39:54.663,0.96334,0.96347,4.90,1.73
2011.08.03 18:39:55.223,0.96335,0.96347,1.50,1.73
2011.08.03 18:39:55.344,0.96335,0.9635,1.88,1.19
2011.08.03 18:39:55.682,0.96337,0.96353,2.48,2.32
2011.08.03 18:39:57.203,0.96337,0.96353,1.88,2.32
2011.08.03 18:39:57.762,0.96337,0.96352,2.48,1.58
2011.08.03 18:39:58.324,0.96337,0.96352,2.48,1.50
2011.08.03 18:39:58.881,0.96337,0.96352,2.48,1.50
2011.08.03 18:39:59.441,0.96337,0.96352,2.48,1.65
2011.08.03 18:40:00.001,0.96337,0.96352,2.48,1.50
2011.08.03 18:40:00.563,0.96337,0.96352,2.48,1.50
2011.08.03 18:40:03.774,0.96337,0.96352,2.48,1.50
2011.08.03 18:40:08.343,0.96338,0.96352,1.13,1.50
2011.08.03 18:40:08.682,0.96339,0.96355,5.65,1.19
2011.08.03 18:40:09.241,0.9634,0.96356,2.25,2.84
2011.08.03 18:40:11.692,0.9634,0.96356,3.38,2.33
2011.08.03 18:40:17.675,0.9634,0.96356,3.38,2.85
2011.08.03 18:40:18.233,0.9634,0.96355,1.13,1.19
2011.08.03 18:40:18.686,0.96339,0.96352,3.00,1.50
2011.08.03 18:40:19.027,0.96334,0.96349,2.25,2.40
2011.08.03 18:40:19.254,0.96333,0.96347,1.50,1.88
2011.08.03 18:40:19.593,0.96331,0.96347,1.50,3.67
2011.08.03 18:40:22.465,0.96334,0.96346,2.63,1.19
2011.08.03 18:40:26.072,0.96334,0.96347,4.88,1.28
2011.08.03 18:40:26.634,0.96334,0.96348,4.88,2.03
2011.08.03 18:40:27.192,0.96335,0.96349,2.10,1.34
2011.08.03 18:40:27.750,0.96335,0.96348,2.10,1.20
2011.08.03 18:40:28.911,0.96336,0.96348,1.50,1.20
2011.08.03 18:40:29.132,0.96336,0.96351,1.88,1.19
2011.08.03 18:40:29.362,0.96337,0.96354,1.50,1.19
2011.08.03 18:40:31.303,0.96339,0.96353,2.25,1.13
2011.08.03 18:40:31.422,0.96337,0.96353,1.50,1.88
2011.08.03 18:40:39.247,0.96338,0.96354,1.50,1.57
2011.08.03 18:40:39.368,0.96339,0.96355,2.63,1.94
2011.08.03 18:40:39.924,0.96341,0.96355,1.13,1.19
2011.08.03 18:40:40.481,0.96344,0.96358,2.25,1.94
2011.08.03 18:40:41.363,0.96345,0.96358,1.13,1.94
2011.08.03 18:40:41.705,0.96348,0.96357,3.00,1.50
2011.08.03 18:40:41.826,0.96349,0.96364,1.13,1.19
2011.08.03 18:40:41.943,0.96349,0.96366,1.13,2.55
2011.08.03 18:40:44.783,0.9635,0.96365,2.25,1.19
2011.08.03 18:40:47.222,0.96348,0.96365,4.88,3.44
2011.08.03 18:40:47.566,0.96346,0.96363,2.25,1.57
2011.08.03 18:40:48.122,0.96345,0.96361,1.50,1.57
2011.08.03 18:40:48.681,0.96345,0.96361,2.63,1.19
2011.08.03 18:40:55.448,0.96348,0.96365,1.50,1.57
2011.08.03 18:40:55.835,0.96349,0.96366,3.38,1.50
2011.08.03 18:41:00.281,0.96349,0.96367,3.38,2.03
2011.08.03 18:41:05.132,0.96349,0.96365,3.00,1.19
2011.08.03 18:41:09.003,0.96349,0.96365,3.53,1.94
2011.08.03 18:41:09.232,0.96349,0.96365,3.00,1.19
2011.08.03 18:41:10.952,0.96349,0.96366,3.00,1.57
2011.08.03 18:41:12.063,0.96349,0.96365,3.00,1.19
2011.08.03 18:41:12.569,0.96349,0.96363,2.25,1.94
2011.08.03 18:41:12.902,0.96344,0.9636,1.50,1.13
2011.08.03 18:41:13.462,0.96345,0.9636,1.50,1.13
2011.08.03 18:41:13.803,0.96344,0.96359,1.50,1.50
2011.08.03 18:41:14.582,0.96343,0.96357,1.50,1.50
2011.08.03 18:41:19.212,0.96345,0.9636,1.73,1.19
2011.08.03 18:41:19.442,0.96346,0.96361,1.13,1.19
2011.08.03 18:41:20.011,0.96346,0.96362,1.88,1.50
2011.08.03 18:41:20.582,0.96348,0.96363,1.50,1.50
2011.08.03 18:41:21.140,0.96349,0.96364,2.25,1.50
2011.08.03 18:41:21.696,0.96349,0.96365,2.85,1.57
2011.08.03 18:41:21.816,0.96352,0.96367,2.63,3.19
2011.08.03 18:41:22.043,0.96354,0.9637,3.00,1.38
2011.08.03 18:41:23.012,0.96354,0.96371,3.00,2.13
2011.08.03 18:41:23.682,0.96354,0.96371,3.75,2.88
2011.08.03 18:41:24.133,0.96354,0.96371,3.75,1.98
2011.08.03 18:41:24.692,0.96354,0.96371,3.75,1.98
2011.08.03 18:41:34.171,0.96354,0.96371,1.50,1.23
2011.08.03 18:41:37.752,0.96354,0.96365,1.13,1.13
2011.08.03 18:41:38.093,0.96349,0.96365,1.50,3.07
2011.08.03 18:41:38.433,0.96348,0.96364,1.13,1.94
2011.08.03 18:41:40.867,0.96347,0.96363,1.50,1.88
2011.08.03 18:41:40.988,0.96347,0.96361,1.50,2.03
2011.08.03 18:41:41.436,0.96344,0.96356,2.25,1.43
2011.08.03 18:41:41.667,0.96341,0.96356,1.50,1.88
2011.08.03 18:41:42.224,0.96339,0.96355,1.88,1.19
2011.08.03 18:41:42.892,0.9634,0.96355,1.35,1.19
2011.08.03 18:41:43.416,0.96342,0.96357,3.60,2.55
2011.08.03 18:41:44.301,0.96342,0.96357,3.60,2.93
2011.08.03 18:41:45.982,0.9634,0.96355,1.13,1.19
2011.08.03 18:41:46.541,0.96339,0.96356,1.13,1.13
2011.08.03 18:41:47.294,0.96339,0.96355,1.13,1.19
2011.08.03 18:41:49.175,0.96341,0.96355,3.60,1.19
2011.08.03 18:41:49.292,0.96342,0.96357,1.35,3.69
2011.08.03 18:41:52.124,0.96344,0.96356,2.10,1.65
2011.08.03 18:41:55.164,0.96343,0.96357,1.88,2.40
2011.08.03 18:41:55.943,0.96343,0.96357,1.88,2.40
2011.08.03 18:41:59.405,0.96346,0.96362,1.50,2.69
2011.08.03 18:41:59.527,0.96348,0.96363,2.48,1.50
2011.08.03 18:41:59.861,0.96348,0.96365,2.48,4.00
2011.08.03 18:42:00.302,0.96348,0.96362,1.35,2.63
2011.08.03 18:42:00.643,0.96346,0.96357,3.00,1.43
2011.08.03 18:42:00.763,0.96345,0.96357,2.63,1.80
2011.08.03 18:42:01.430,0.96343,0.96356,2.25,1.50
2011.08.03 18:42:02.093,0.96344,0.96356,1.88,1.73
2011.08.03 18:42:02.653,0.96343,0.96357,1.13,4.27
2011.08.03 18:42:02.885,0.96339,0.96356,1.52,1.19
2011.08.03 18:42:03.332,0.96338,0.96355,2.25,3.82
2011.08.03 18:42:04.332,0.96339,0.96355,1.13,1.19
2011.08.03 18:42:04.891,0.9634,0.96356,1.13,1.57
2011.08.03 18:42:06.111,0.96339,0.96356,2.10,2.09
2011.08.03 18:42:06.562,0.96339,0.96356,2.10,1.50
2011.08.03 18:42:06.901,0.96339,0.96356,2.10,1.12
2011.08.03 18:42:07.133,0.96339,0.96356,2.85,1.65
2011.08.03 18:42:07.255,0.96339,0.96356,2.85,1.80
2011.08.03 18:42:07.483,0.96339,0.96357,2.48,4.28
2011.08.03 18:42:07.603,0.96339,0.96356,2.48,1.43
2011.08.03 18:42:08.161,0.96339,0.96357,2.48,3.30
2011.08.03 18:42:08.712,0.96339,0.96356,2.48,1.43
2011.08.03 18:42:09.942,0.96339,0.96357,1.73,4.05
2011.08.03 18:42:10.941,0.96339,0.96356,1.73,1.43
2011.08.03 18:42:11.285,0.96342,0.96357,3.38,2.09
2011.08.03 18:42:11.405,0.96343,0.96357,1.50,2.25
2011.08.03 18:42:11.746,0.96341,0.96355,2.25,1.27
2011.08.03 18:42:12.081,0.9634,0.96355,1.50,1.27
2011.08.03 18:42:12.861,0.96339,0.96355,2.25,1.27
2011.08.03 18:42:13.371,0.96339,0.96355,2.25,1.27
2011.08.03 18:42:13.921,0.96339,0.96355,2.25,1.27
2011.08.03 18:42:14.691,0.96339,0.96355,2.25,1.27
2011.08.03 18:42:15.461,0.96339,0.96355,2.25,1.27
2011.08.03 18:42:16.010,0.96339,0.96355,2.25,1.27
2011.08.03 18:42:16.563,0.9634,0.96355,1.13,1.19
2011.08.03 18:42:22.552,0.96339,0.96355,1.13,1.19
2011.08.03 18:42:22.892,0.96339,0.96355,1.13,1.34
2011.08.03 18:42:23.666,0.96339,0.96355,1.13,1.34
2011.08.03 18:42:24.001,0.96339,0.96355,1.13,1.34
2011.08.03 18:42:24.552,0.96339,0.96355,1.13,1.34
2011.08.03 18:42:25.662,0.9634,0.96355,1.13,1.94
2011.08.03 18:42:25.891,0.9634,0.96355,1.13,1.19
2011.08.03 18:42:26.112,0.96345,0.96355,1.50,1.19
2011.08.03 18:42:26.670,0.96345,0.96355,1.50,1.19
2011.08.03 18:42:28.382,0.96342,0.96355,1.50,1.19
2011.08.03 18:42:30.945,0.96344,0.96356,2.25,1.50
2011.08.03 18:42:31.282,0.96347,0.96357,1.50,2.48
2011.08.03 18:42:32.983,0.96347,0.96357,1.50,2.48
2011.08.03 18:42:33.324,0.96342,0.96356,2.25,1.37
2011.08.03 18:42:33.555,0.96342,0.96352,1.50,1.05
2011.08.03 18:42:33.894,0.96342,0.9635,1.50,1.65
2011.08.03 18:42:34.233,0.96338,0.96349,1.35,1.65
2011.08.03 18:42:35.893,0.96338,0.96349,1.50,1.50
2011.08.03 18:42:36.393,0.96338,0.96348,1.50,1.73
2011.08.03 18:42:37.114,0.96338,0.9635,1.50,1.05
2011.08.03 18:42:37.672,0.96338,0.96348,1.50,1.50
2011.08.03 18:42:40.583,0.96338,0.96347,1.50,1.35
2011.08.03 18:42:42.122,0.96338,0.96347,1.50,1.50
2011.08.03 18:42:42.796,0.96336,0.9635,1.50,4.12
2011.08.03 18:42:42.915,0.96335,0.96348,1.50,1.65
2011.08.03 18:42:43.252,0.96333,0.96349,3.00,1.88
2011.08.03 18:42:43.812,0.96333,0.96345,1.50,1.50
2011.08.03 18:42:44.153,0.9633,0.96341,1.50,1.13
2011.08.03 18:42:44.715,0.96331,0.96344,1.50,1.50
2011.08.03 18:42:45.382,0.96331,0.9634,1.50,2.25
2011.08.03 18:42:45.614,0.9633,0.96343,1.50,1.50
2011.08.03 18:42:46.529,0.9633,0.96341,1.50,1.88
2011.08.03 18:42:47.415,0.96331,0.96342,1.35,1.88
2011.08.03 18:42:47.754,0.96335,0.96349,1.88,1.05
2011.08.03 18:42:48.311,0.96335,0.96349,1.50,1.73
2011.08.03 18:42:50.435,0.96335,0.96349,1.50,1.50
2011.08.03 18:42:50.552,0.96335,0.9635,2.10,1.94
2011.08.03 18:42:50.896,0.96337,0.96352,1.13,1.19
2011.08.03 18:42:51.013,0.96336,0.96351,3.75,2.25
2011.08.03 18:42:52.611,0.96335,0.9635,1.50,2.25
2011.08.03 18:42:53.173,0.96335,0.9635,1.50,2.69
2011.08.03 18:42:53.402,0.96335,0.9635,1.50,2.69
2011.08.03 18:42:53.524,0.96335,0.9635,1.50,2.92
2011.08.03 18:42:54.083,0.96335,0.96349,1.50,1.73
2011.08.03 18:42:54.559,0.96335,0.96349,1.50,5.99
2011.08.03 18:42:54.894,0.96332,0.96341,3.75,1.13
2011.08.03 18:42:55.124,0.96327,0.96338,2.85,1.28
2011.08.03 18:42:55.464,0.96325,0.96338,1.88,2.03
2011.08.03 18:42:56.021,0.96325,0.96336,1.50,1.20
2011.08.03 18:42:56.584,0.96325,0.96338,2.63,2.25
2011.08.03 18:42:56.704,0.96326,0.96338,3.60,1.13
2011.08.03 18:42:56.824,0.9633,0.96343,1.88,1.13
2011.08.03 18:42:56.943,0.9633,0.96344,1.88,1.50
2011.08.03 18:42:58.205,0.9633,0.96345,2.25,2.77
2011.08.03 18:42:58.764,0.9633,0.96345,2.27,2.69
2011.08.03 18:42:59.982,0.9633,0.96345,1.52,2.69
2011.08.03 18:43:00.213,0.96332,0.96345,2.25,1.19
2011.08.03 18:43:00.776,0.96332,0.96347,3.75,3.14
2011.08.03 18:43:01.331,0.96332,0.96346,3.77,1.80
2011.08.03 18:43:02.322,0.96332,0.96347,4.15,3.59
2011.08.03 18:43:04.475,0.96331,0.96346,2.87,1.50
2011.08.03 18:43:04.593,0.96331,0.96346,2.10,3.00
2011.08.03 18:43:05.716,0.96336,0.96346,1.13,1.50
2011.08.03 18:43:06.053,0.96336,0.96348,2.27,1.50
2011.08.03 18:43:06.173,0.96336,0.9635,3.02,1.50
2011.08.03 18:43:06.292,0.96336,0.9635,3.02,1.50
2011.08.03 18:43:06.851,0.96337,0.96351,1.15,1.88
2011.08.03 18:43:07.523,0.96339,0.96351,1.13,1.88
2011.08.03 18:43:07.751,0.96339,0.96351,1.50,1.13
2011.08.03 18:43:07.982,0.96339,0.96351,1.13,1.13
2011.08.03 18:43:09.030,0.96341,0.96354,1.50,2.25
2011.08.03 18:43:09.253,0.9634,0.96355,4.37,1.94
2011.08.03 18:43:09.814,0.96342,0.96355,1.13,1.50
2011.08.03 18:43:10.044,0.96343,0.96355,1.50,1.50
2011.08.03 18:43:12.693,0.96345,0.96355,2.85,1.50
2011.08.03 18:43:12.813,0.96346,0.9636,1.35,2.17
2011.08.03 18:43:13.042,0.96346,0.9636,2.10,1.73
2011.08.03 18:43:15.143,0.96346,0.9636,1.50,1.80
2011.08.03 18:43:16.253,0.96345,0.96357,1.50,1.43
2011.08.03 18:43:16.811,0.96344,0.96357,1.50,1.13
2011.08.03 18:43:17.361,0.96344,0.96357,1.50,1.05
2011.08.03 18:43:18.171,0.96344,0.96357,1.50,1.05
2011.08.03 18:43:18.731,0.96344,0.96357,1.50,1.80
2011.08.03 18:43:19.409,0.96344,0.96357,2.63,1.05
2011.08.03 18:43:19.961,0.96344,0.96357,2.25,1.73
2011.08.03 18:43:20.513,0.96344,0.96357,2.25,1.65
2011.08.03 18:43:21.182,0.96345,0.9636,1.50,1.98
2011.08.03 18:43:24.381,0.96345,0.9636,1.50,1.23
2011.08.03 18:43:28.303,0.96345,0.9636,1.50,1.98
2011.08.03 18:43:29.193,0.96345,0.9636,1.50,1.23
2011.08.03 18:43:29.533,0.96346,0.9636,3.25,1.94
2011.08.03 18:43:30.092,0.96347,0.9636,1.75,1.50
2011.08.03 18:43:30.761,0.96347,0.9636,1.75,1.50
2011.08.03 18:43:31.516,0.96347,0.9636,1.73,1.50
2011.08.03 18:43:34.643,0.96348,0.96361,1.35,1.50
2011.08.03 18:43:34.876,0.96351,0.96364,4.13,1.19
2011.08.03 18:43:34.994,0.96351,0.96366,3.75,1.94
2011.08.03 18:43:35.333,0.96349,0.96364,1.73,1.50
2011.08.03 18:43:35.891,0.96349,0.96363,1.13,1.50
2011.08.03 18:43:39.686,0.9635,0.96364,1.15,1.50
2011.08.03 18:43:40.242,0.96349,0.96364,1.52,1.50
2011.08.03 18:43:40.801,0.9635,0.96364,1.15,1.50
2011.08.03 18:43:41.351,0.9635,0.96364,1.15,1.50
2011.08.03 18:43:41.901,0.96349,0.96364,2.27,1.50
2011.08.03 18:43:42.451,0.96349,0.96364,2.27,1.50
2011.08.03 18:43:43.041,0.96349,0.96364,2.27,1.50
2011.08.03 18:43:43.620,0.96348,0.96364,1.35,2.25
2011.08.03 18:43:43.953,0.96349,0.96365,1.15,1.50
2011.08.03 18:43:51.012,0.96348,0.96364,2.85,1.50
2011.08.03 18:43:51.640,0.96348,0.96365,2.10,1.88
2011.08.03 18:43:52.191,0.96348,0.96364,1.73,1.50
2011.08.03 18:43:53.866,0.96349,0.96364,1.50,1.50
2011.08.03 18:43:54.426,0.96349,0.96365,1.90,2.25
2011.08.03 18:43:54.983,0.96349,0.96365,1.52,1.50
2011.08.03 18:43:55.323,0.96353,0.96366,1.52,1.50
2011.08.03 18:43:55.785,0.96356,0.96368,2.65,1.50
2011.08.03 18:43:55.913,0.96356,0.9637,3.25,1.19
2011.08.03 18:43:56.148,0.96357,0.96371,2.27,1.50
2011.08.03 18:43:56.268,0.9636,0.96374,1.90,3.07
2011.08.03 18:43:56.822,0.9636,0.96374,1.15,1.94
2011.08.03 18:43:57.382,0.96359,0.96374,3.40,1.50
2011.08.03 18:43:57.725,0.96362,0.96374,1.13,1.50
2011.08.03 18:43:58.069,0.96365,0.96379,1.15,1.19
2011.08.03 18:43:58.403,0.96366,0.96379,1.52,1.94
2011.08.03 18:43:58.633,0.96365,0.96376,1.90,1.50
2011.08.03 18:43:59.194,0.96365,0.96381,1.15,4.57
2011.08.03 18:43:59.644,0.96367,0.96381,1.15,1.94
2011.08.03 18:44:00.205,0.96366,0.96381,1.90,2.32
2011.08.03 18:44:01.396,0.96364,0.96381,3.40,3.22
2011.08.03 18:44:01.745,0.96362,0.96375,4.13,1.13
2011.08.03 18:44:01.866,0.96362,0.96376,3.00,5.32
2011.08.03 18:44:02.204,0.96359,0.96374,1.35,1.50
2011.08.03 18:44:03.485,0.96358,0.96373,2.48,1.50
2011.08.03 18:44:03.825,0.96353,0.96365,1.50,1.50
2011.08.03 18:44:03.949,0.96351,0.96365,1.50,1.50
2011.08.03 18:44:04.067,0.9635,0.96364,2.55,2.25
2011.08.03 18:44:04.514,0.96349,0.96361,2.33,1.50
2011.08.03 18:44:04.858,0.96347,0.96357,1.05,1.13
2011.08.03 18:44:05.194,0.96343,0.96355,1.20,1.50
2011.08.03 18:44:06.534,0.96344,0.96355,1.50,1.50
2011.08.03 18:44:06.982,0.96345,0.96355,1.50,1.50
2011.08.03 18:44:07.542,0.96345,0.96355,1.88,1.50
2011.08.03 18:44:09.265,0.96346,0.96359,1.73,1.50
2011.08.03 18:44:10.052,0.96347,0.9636,2.63,1.50
2011.08.03 18:44:12.372,0.96349,0.96364,1.13,1.50
2011.08.03 18:44:12.604,0.9635,0.96364,1.35,1.50
2011.08.03 18:44:12.946,0.96355,0.96365,1.15,1.50
2011.08.03 18:44:13.180,0.96357,0.96371,1.15,3.07
2011.08.03 18:44:13.471,0.96358,0.96371,1.88,1.19
2011.08.03 18:44:13.599,0.96358,0.9637,1.50,1.50
2011.08.03 18:44:13.825,0.96358,0.96373,1.50,1.94
2011.08.03 18:44:13.945,0.96358,0.96372,1.50,1.50
2011.08.03 18:44:14.285,0.96356,0.96366,1.50,1.50
2011.08.03 18:44:14.515,0.96354,0.96365,2.25,1.50
2011.08.03 18:44:15.074,0.96354,0.96365,2.25,1.50
2011.08.03 18:44:15.524,0.96354,0.9637,2.25,1.57
2011.08.03 18:44:15.974,0.96354,0.96368,1.50,2.63
2011.08.03 18:44:16.312,0.96353,0.9636,1.50,1.50
2011.08.03 18:44:17.847,0.96354,0.96363,1.50,1.50
2011.08.03 18:44:17.971,0.96354,0.96366,1.50,1.50
2011.08.03 18:44:21.066,0.96354,0.96369,1.88,1.50
2011.08.03 18:44:21.187,0.96355,0.96371,1.52,1.19
2011.08.03 18:44:21.635,0.96357,0.96373,4.13,1.19
2011.08.03 18:44:21.974,0.96358,0.96374,1.13,1.94
2011.08.03 18:44:24.534,0.96359,0.96374,2.05,1.19
2011.08.03 18:44:24.654,0.96359,0.96374,1.88,1.94
2011.08.03 18:44:25.212,0.96359,0.96374,1.88,1.94
2011.08.03 18:44:25.553,0.96359,0.96374,1.35,1.94
2011.08.03 18:44:25.904,0.96359,0.96369,1.73,1.88
2011.08.03 18:44:26.583,0.96355,0.96366,1.58,1.50
2011.08.03 18:44:26.702,0.96355,0.96371,1.58,1.50
2011.08.03 18:44:28.803,0.96355,0.96368,1.50,1.50
2011.08.03 18:44:29.145,0.96349,0.96366,2.48,3.38
2011.08.03 18:44:29.373,0.96349,0.96365,3.23,1.50
2011.08.03 18:44:30.706,0.9635,0.96365,1.50,3.75
2011.08.03 18:44:31.042,0.96349,0.9636,1.50,1.50
2011.08.03 18:44:32.066,0.96348,0.9636,1.50,1.50
2011.08.03 18:44:33.282,0.96348,0.9636,2.25,1.50
2011.08.03 18:44:33.954,0.96346,0.96361,1.50,2.39
2011.08.03 18:44:36.314,0.96346,0.96358,1.50,1.13
2011.08.03 18:44:36.438,0.96346,0.96359,1.50,1.13
2011.08.03 18:44:36.774,0.96343,0.96358,1.50,1.50
2011.08.03 18:44:37.112,0.96342,0.96356,2.85,1.50
2011.08.03 18:44:38.792,0.96341,0.96356,2.25,1.50
2011.08.03 18:44:42.353,0.96342,0.96355,3.75,1.50
2011.08.03 18:44:42.693,0.96345,0.96355,1.15,1.50
2011.08.03 18:44:45.803,0.96346,0.96355,1.13,1.50
2011.08.03 18:44:46.364,0.96346,0.96355,1.15,1.50
2011.08.03 18:44:46.877,0.96347,0.96361,2.27,1.94
2011.08.03 18:44:47.003,0.96348,0.9636,2.25,1.50
2011.08.03 18:44:47.455,0.9635,0.9636,1.50,1.50
2011.08.03 18:44:47.797,0.96351,0.96365,1.88,1.19
2011.08.03 18:44:49.233,0.96352,0.96365,1.50,1.50
2011.08.03 18:44:57.241,0.96351,0.96367,2.25,1.94
2011.08.03 18:44:57.359,0.96351,0.96367,2.25,1.19
2011.08.03 18:44:57.472,0.96351,0.96365,3.00,1.50
2011.08.03 18:45:01.723,0.96354,0.96367,1.50,1.50
2011.08.03 18:45:02.063,0.96357,0.96371,3.98,1.50
2011.08.03 18:45:02.292,0.96357,0.96372,4.35,1.19
2011.08.03 18:45:02.745,0.96357,0.96373,3.00,2.32
2011.08.03 18:45:03.322,0.96357,0.96373,1.15,1.57
2011.08.03 18:45:03.563,0.9636,0.96376,1.50,2.69
2011.08.03 18:45:09.252,0.96357,0.96371,3.00,1.50
2011.08.03 18:45:09.491,0.96357,0.96371,2.25,2.63
2011.08.03 18:45:09.609,0.96355,0.96371,1.50,2.63
2011.08.03 18:45:11.092,0.96355,0.96369,1.50,1.19
2011.08.03 18:45:15.733,0.96356,0.96369,1.13,1.19
2011.08.03 18:45:16.402,0.96356,0.96371,1.13,3.07
2011.08.03 18:45:16.965,0.96357,0.9637,1.90,1.50
2011.08.03 18:45:17.498,0.96357,0.9637,1.52,1.50
2011.08.03 18:45:17.728,0.96356,0.9637,1.90,1.50
2011.08.03 18:45:17.955,0.96359,0.9637,1.13,1.50
2011.08.03 18:45:18.184,0.9636,0.96374,1.13,1.94
2011.08.03 18:45:21.163,0.96359,0.96374,1.13,1.19
2011.08.03 18:45:22.162,0.96359,0.96374,1.50,1.19
2011.08.03 18:45:25.463,0.9636,0.96374,2.25,1.19
2011.08.03 18:45:26.242,0.96361,0.96374,1.28,1.19
2011.08.03 18:45:26.803,0.96361,0.96375,1.30,1.94
2011.08.03 18:45:28.043,0.96361,0.96375,1.30,1.19
2011.08.03 18:45:28.577,0.96361,0.96375,1.30,1.19
2011.08.03 18:45:28.700,0.9636,0.96375,1.13,2.69
2011.08.03 18:45:30.793,0.9636,0.96375,1.88,2.69
2011.08.03 18:45:32.342,0.9636,0.96375,1.13,2.69
2011.08.03 18:45:33.205,0.96358,0.96373,1.50,1.50
2011.08.03 18:45:35.743,0.96357,0.96374,1.50,1.94
2011.08.03 18:45:36.195,0.96362,0.96374,1.37,1.19
2011.08.03 18:45:36.317,0.96362,0.96375,2.48,1.50
2011.08.03 18:45:36.775,0.96361,0.96376,3.60,3.90
2011.08.03 18:45:36.898,0.96359,0.96374,1.50,1.50
2011.08.03 18:45:38.001,0.96357,0.96374,2.48,1.94
2011.08.03 18:45:39.436,0.96357,0.96374,1.73,1.94
2011.08.03 18:45:39.666,0.96357,0.96374,1.35,2.69
2011.08.03 18:45:40.226,0.96356,0.96371,2.10,1.88
2011.08.03 18:45:40.697,0.96356,0.96371,3.23,1.50
2011.08.03 18:45:40.815,0.96357,0.96372,3.23,1.57
2011.08.03 18:45:41.152,0.96357,0.96372,3.23,1.19
2011.08.03 18:45:41.384,0.96356,0.96371,1.50,3.00
2011.08.03 18:45:45.222,0.96354,0.9637,1.50,1.19
2011.08.03 18:45:46.026,0.96353,0.96368,2.25,1.50
2011.08.03 18:45:46.364,0.96353,0.96365,1.50,1.69
2011.08.03 18:45:46.488,0.96351,0.96364,1.35,1.69
2011.08.03 18:45:46.714,0.9635,0.96364,1.13,1.50
2011.08.03 18:45:47.272,0.9635,0.96365,1.88,1.50
2011.08.03 18:45:49.032,0.9635,0.96365,2.63,1.50
2011.08.03 18:45:50.586,0.9635,0.96365,1.88,1.50
2011.08.03 18:45:52.571,0.9635,0.96365,2.63,1.50
2011.08.03 18:45:54.123,0.9635,0.96365,2.63,1.50
2011.08.03 18:45:55.343,0.9635,0.96364,1.13,1.50
2011.08.03 18:45:55.901,0.96349,0.96364,1.50,1.50
2011.08.03 18:45:59.175,0.96349,0.96363,1.50,1.50
2011.08.03 18:46:01.936,0.96348,0.96361,1.13,1.50
2011.08.03 18:46:02.053,0.96347,0.96361,1.13,1.50
2011.08.03 18:46:03.053,0.96345,0.96356,1.50,1.50
2011.08.03 18:46:08.673,0.96347,0.9636,1.35,1.50
2011.08.03 18:46:09.024,0.96347,0.96363,4.35,2.25
2011.08.03 18:46:09.913,0.96347,0.9636,3.38,1.35
2011.08.03 18:46:10.252,0.96344,0.96352,1.50,1.50
2011.08.03 18:46:11.586,0.96344,0.96353,2.25,1.50
2011.08.03 18:46:11.706,0.96344,0.96355,3.00,1.50
2011.08.03 18:46:12.265,0.96344,0.96355,1.50,1.50
2011.08.03 18:46:12.607,0.96345,0.96355,1.88,1.50
2011.08.03 18:46:13.252,0.96347,0.96361,2.25,1.88
2011.08.03 18:46:13.373,0.96347,0.96356,1.50,1.50
2011.08.03 18:46:13.935,0.96347,0.9636,1.13,3.75
2011.08.03 18:46:14.164,0.96347,0.9636,1.90,1.50
2011.08.03 18:46:14.721,0.96348,0.96361,1.15,1.50
2011.08.03 18:46:15.822,0.96348,0.96361,1.15,1.50
2011.08.03 18:46:16.163,0.96347,0.96361,1.15,1.50
2011.08.03 18:46:16.736,0.96347,0.96361,1.15,1.50
2011.08.03 18:46:17.298,0.96345,0.9636,3.00,1.50
2011.08.03 18:46:18.402,0.96345,0.96355,3.10,1.50
2011.08.03 18:46:18.741,0.96345,0.96355,3.00,1.50
2011.08.03 18:46:22.428,0.96345,0.96356,2.63,1.50
2011.08.03 18:46:23.097,0.96346,0.96356,1.50,1.50
2011.08.03 18:46:23.338,0.96353,0.96364,2.87,1.50
2011.08.03 18:46:23.686,0.96357,0.96366,1.13,1.50
2011.08.03 18:46:23.913,0.96357,0.96373,1.13,1.19
2011.08.03 18:46:24.147,0.96358,0.96373,1.15,1.19
2011.08.03 18:46:24.491,0.96364,0.96375,1.13,1.88
2011.08.03 18:46:24.608,0.96364,0.96376,1.13,1.19
2011.08.03 18:46:24.915,0.96364,0.96378,1.15,1.19
2011.08.03 18:46:25.032,0.96363,0.96375,2.25,1.50
2011.08.03 18:46:25.377,0.96361,0.96368,1.52,1.13
2011.08.03 18:46:25.495,0.96355,0.96366,1.43,1.94
2011.08.03 18:46:25.616,0.9635,0.96361,3.47,1.50
2011.08.03 18:46:25.845,0.96354,0.96366,1.13,1.50
2011.08.03 18:46:25.963,0.96354,0.96366,1.52,1.50
2011.08.03 18:46:26.084,0.96354,0.96366,1.60,1.50
2011.08.03 18:46:26.205,0.96354,0.96366,1.52,1.50
2011.08.03 18:46:26.322,0.96354,0.96366,1.88,1.50
2011.08.03 18:46:26.552,0.96354,0.96366,1.58,1.50
2011.08.03 18:46:26.782,0.96354,0.96366,1.52,1.50
2011.08.03 18:46:27.602,0.96354,0.96366,1.50,1.50
2011.08.03 18:46:27.831,0.96354,0.96366,1.60,1.50
2011.08.03 18:46:28.055,0.96354,0.96366,1.58,1.50
2011.08.03 18:46:28.286,0.96353,0.96366,1.90,1.50
2011.08.03 18:46:28.404,0.96353,0.96366,1.88,1.50
2011.08.03 18:46:28.522,0.96353,0.96366,1.58,1.50
2011.08.03 18:46:28.641,0.96353,0.96366,1.50,1.50
2011.08.03 18:46:28.972,0.96353,0.96366,1.58,1.50
2011.08.03 18:46:29.203,0.96353,0.96366,1.50,1.50
2011.08.03 18:46:29.322,0.96353,0.96366,1.58,1.50
2011.08.03 18:46:29.994,0.96354,0.96366,2.25,1.50
2011.08.03 18:46:30.441,0.96354,0.96366,2.35,1.50
2011.08.03 18:46:30.672,0.96354,0.96366,2.25,1.50
2011.08.03 18:46:31.342,0.96354,0.96366,1.60,1.50
2011.08.03 18:46:31.793,0.96354,0.96366,1.97,1.50
2011.08.03 18:46:31.914,0.96354,0.96366,1.50,1.50
2011.08.03 18:46:32.035,0.96354,0.96366,1.58,1.50
2011.08.03 18:46:32.154,0.96354,0.96366,1.52,1.50
2011.08.03 18:46:32.500,0.96354,0.96366,1.60,1.50
2011.08.03 18:46:33.054,0.96353,0.96366,2.35,1.50
2011.08.03 18:46:33.176,0.96353,0.96366,2.33,1.50
2011.08.03 18:46:33.403,0.96353,0.96366,2.27,1.50
2011.08.03 18:46:33.522,0.96353,0.96366,2.27,1.50
2011.08.03 18:46:34.087,0.96354,0.96366,1.22,1.50
2011.08.03 18:46:34.203,0.96354,0.96366,1.20,1.50
2011.08.03 18:46:34.321,0.96354,0.96366,1.20,1.50
2011.08.03 18:46:34.434,0.96354,0.96366,3.98,1.50
2011.08.03 18:46:34.772,0.96357,0.9637,1.13,1.50
2011.08.03 18:46:35.333,0.96357,0.9637,1.58,1.50
2011.08.03 18:46:35.673,0.9636,0.96371,1.60,1.50
2011.08.03 18:46:37.108,0.96363,0.96371,1.52,1.50
2011.08.03 18:46:37.224,0.96362,0.96376,2.27,1.50
2011.08.03 18:46:37.782,0.96363,0.96376,1.22,1.50
2011.08.03 18:46:39.443,0.96363,0.96376,1.22,1.50
2011.08.03 18:46:40.223,0.96363,0.96376,1.20,1.50
2011.08.03 18:46:43.603,0.96363,0.96376,1.13,1.50
2011.08.03 18:46:44.387,0.96362,0.96376,2.48,1.50
2011.08.03 18:46:45.405,0.96363,0.96376,1.35,1.50
2011.08.03 18:46:47.172,0.96363,0.96376,1.37,1.50
2011.08.03 18:46:47.293,0.96363,0.96376,1.52,1.50
2011.08.03 18:46:48.295,0.96363,0.96376,1.50,1.50
2011.08.03 18:46:57.389,0.96363,0.96376,1.13,1.88
2011.08.03 18:46:57.509,0.96359,0.96374,1.50,1.50
2011.08.03 18:46:57.625,0.96357,0.96372,1.13,1.50
2011.08.03 18:46:57.743,0.96356,0.96372,4.35,2.25
2011.08.03 18:46:58.085,0.96356,0.9637,1.50,1.50
2011.08.03 18:46:58.641,0.96356,0.96369,1.50,1.50
2011.08.03 18:46:59.785,0.96357,0.96369,1.13,1.50
2011.08.03 18:47:00.359,0.96357,0.96371,1.13,1.19
2011.08.03 18:47:00.912,0.96358,0.96371,1.13,1.19
2011.08.03 18:47:04.567,0.96356,0.96365,3.75,1.50
2011.08.03 18:47:04.906,0.96348,0.96363,1.13,1.94
2011.08.03 18:47:05.027,0.96347,0.96362,1.50,1.13
2011.08.03 18:47:05.379,0.96345,0.9636,2.63,2.25
2011.08.03 18:47:05.832,0.96348,0.96363,1.75,1.19
2011.08.03 18:47:05.957,0.96349,0.96363,1.37,1.19
2011.08.03 18:47:09.552,0.96348,0.96363,3.02,1.94
2011.08.03 18:47:10.222,0.96348,0.96365,1.90,2.69
2011.08.03 18:47:10.899,0.96348,0.96365,3.60,2.69
2011.08.03 18:47:11.019,0.96352,0.96366,1.15,1.34
2011.08.03 18:47:11.249,0.96351,0.96365,1.50,1.13
2011.08.03 18:47:11.640,0.96348,0.96362,1.73,1.94
2011.08.03 18:47:12.742,0.96348,0.96362,1.73,1.94
2011.08.03 18:47:14.215,0.96352,0.96363,2.65,1.19
2011.08.03 18:47:14.444,0.96352,0.96365,2.27,2.32
2011.08.03 18:47:14.564,0.96349,0.96364,1.50,1.94
2011.08.03 18:47:15.125,0.96348,0.96363,1.35,1.50
2011.08.03 18:47:15.685,0.96349,0.96363,1.13,1.50
2011.08.03 18:47:17.003,0.96349,0.96363,1.13,1.50
2011.08.03 18:47:18.886,0.96348,0.96362,1.73,1.50
2011.08.03 18:47:19.224,0.96351,0.96363,1.90,1.50
2011.08.03 18:47:19.345,0.9635,0.96364,1.52,1.19
2011.08.03 18:47:20.344,0.96353,0.96364,1.13,1.19
2011.08.03 18:47:20.687,0.96355,0.9637,1.90,1.04
2011.08.03 18:47:21.342,0.96357,0.96373,1.15,1.94
2011.08.03 18:47:21.892,0.96357,0.96373,1.15,1.94
2011.08.03 18:47:22.372,0.96357,0.96373,1.15,1.94
2011.08.03 18:47:22.823,0.96357,0.96372,1.15,1.50
2011.08.03 18:47:23.162,0.96357,0.96372,1.30,1.50
2011.08.03 18:47:23.272,0.96357,0.96372,1.15,1.50
2011.08.03 18:47:23.612,0.96357,0.96373,1.15,3.07
2011.08.03 18:47:23.842,0.96357,0.96372,1.15,2.25
2011.08.03 18:47:24.184,0.96353,0.96364,1.13,1.50
2011.08.03 18:47:24.412,0.96353,0.96366,1.15,1.50
2011.08.03 18:47:24.973,0.96354,0.96366,1.13,1.50
2011.08.03 18:47:26.526,0.96353,0.96366,2.25,1.50
2011.08.03 18:47:26.968,0.96349,0.96363,2.10,1.50
2011.08.03 18:47:27.317,0.96349,0.9636,1.50,1.50
2011.08.03 18:47:27.548,0.96348,0.96362,1.50,1.50
2011.08.03 18:47:28.105,0.9635,0.96364,1.13,1.50
2011.08.03 18:47:28.882,0.9635,0.96365,1.88,1.19
2011.08.03 18:47:29.443,0.96348,0.96364,2.10,1.88
2011.08.03 18:47:29.783,0.96348,0.96364,1.50,1.88
2011.08.03 18:47:30.225,0.96346,0.96364,1.50,3.07
2011.08.03 18:47:36.283,0.96346,0.96362,1.50,1.65
2011.08.03 18:47:36.631,0.96338,0.96351,1.88,1.13
2011.08.03 18:47:36.967,0.96335,0.9635,2.10,2.18
2011.08.03 18:47:38.071,0.96335,0.9635,1.50,1.80
2011.08.03 18:47:38.742,0.96335,0.96349,1.50,1.05
2011.08.03 18:47:39.292,0.96335,0.96349,1.50,1.20
2011.08.03 18:47:39.985,0.96335,0.96347,1.88,2.63
2011.08.03 18:47:40.436,0.96332,0.96341,1.13,1.35
2011.08.03 18:47:40.559,0.96327,0.96341,1.88,1.35
2011.08.03 18:47:41.113,0.96327,0.96342,1.73,1.50
2011.08.03 18:47:41.673,0.96328,0.96343,2.10,1.42
2011.08.03 18:47:42.344,0.96328,0.96343,3.23,1.64
2011.08.03 18:47:42.464,0.9633,0.96342,2.48,1.64
2011.08.03 18:47:42.922,0.96331,0.96345,4.75,1.50
2011.08.03 18:47:43.055,0.96332,0.96347,2.48,2.25
2011.08.03 18:47:43.505,0.96332,0.96347,2.25,1.35
2011.08.03 18:47:43.737,0.9633,0.96347,1.50,1.28
2011.08.03 18:47:44.294,0.9633,0.96348,2.63,2.03
2011.08.03 18:47:44.414,0.9633,0.96348,1.50,2.03
2011.08.03 18:47:45.191,0.9633,0.96345,1.50,1.65
2011.08.03 18:47:45.524,0.96332,0.96349,1.88,2.69
2011.08.03 18:47:45.907,0.96332,0.96341,1.13,3.53
2011.08.03 18:47:46.028,0.96329,0.96339,1.13,2.03
2011.08.03 18:47:46.260,0.96324,0.96336,1.50,1.58
2011.08.03 18:47:46.488,0.96321,0.96336,1.88,1.94
2011.08.03 18:47:46.603,0.96322,0.96336,3.02,2.69
2011.08.03 18:47:46.728,0.9632,0.96336,1.75,2.69
2011.08.03 18:47:46.843,0.9632,0.96336,1.75,1.34
2011.08.03 18:47:46.965,0.96322,0.96336,2.25,3.44
2011.08.03 18:47:47.525,0.96322,0.96337,2.65,3.07
2011.08.03 18:47:48.095,0.9632,0.96336,2.63,1.94
2011.08.03 18:47:48.506,0.96319,0.96336,1.50,3.00
2011.08.03 18:47:49.726,0.96321,0.96335,3.23,1.19
2011.08.03 18:47:50.283,0.96321,0.96336,4.00,1.57
2011.08.03 18:47:50.953,0.96321,0.96336,4.75,1.13
2011.08.03 18:47:51.625,0.96323,0.96337,1.15,1.13
2011.08.03 18:47:51.964,0.96326,0.96341,1.73,1.19
2011.08.03 18:47:52.083,0.96326,0.96341,2.85,1.19
2011.08.03 18:47:52.761,0.96326,0.96342,3.60,1.50
2011.08.03 18:47:53.972,0.96327,0.96342,1.35,1.50
2011.08.03 18:47:54.093,0.96327,0.96343,3.98,1.94
2011.08.03 18:47:54.655,0.96329,0.96344,1.90,1.19
2011.08.03 18:47:58.353,0.9633,0.96343,1.13,1.50
2011.08.03 18:48:00.881,0.9633,0.96343,1.13,1.50
2011.08.03 18:48:01.216,0.96331,0.96347,1.50,2.69
2011.08.03 18:48:01.332,0.96331,0.96347,1.50,1.94
2011.08.03 18:48:02.226,0.96335,0.96347,1.13,1.19
2011.08.03 18:48:02.565,0.96335,0.9635,2.87,2.69
2011.08.03 18:48:03.126,0.96339,0.96352,1.75,1.19
2011.08.03 18:48:03.353,0.96342,0.96355,1.35,1.50
2011.08.03 18:48:05.152,0.96342,0.96359,1.75,1.94
2011.08.03 18:48:07.587,0.96342,0.96355,1.35,1.50
2011.08.03 18:48:09.716,0.9634,0.96354,1.50,1.50
2011.08.03 18:48:09.844,0.96337,0.96349,2.25,1.28
2011.08.03 18:48:10.083,0.96331,0.96347,1.52,1.28
2011.08.03 18:48:10.205,0.9633,0.96347,1.88,3.23
2011.08.03 18:48:10.765,0.96329,0.96347,1.73,4.73
2011.08.03 18:48:11.323,0.96329,0.96345,1.73,1.19
2011.08.03 18:48:11.771,0.96329,0.96345,3.60,1.19
2011.08.03 18:48:12.321,0.96329,0.96345,1.73,1.19
2011.08.03 18:48:20.374,0.96329,0.96344,1.73,1.50
2011.08.03 18:48:22.144,0.96329,0.96344,1.35,1.50
2011.08.03 18:48:23.914,0.96327,0.96343,1.88,1.19
2011.08.03 18:48:24.356,0.96326,0.96343,1.13,1.19
2011.08.03 18:48:26.423,0.96325,0.96336,1.50,3.00
2011.08.03 18:48:26.874,0.96323,0.9634,2.27,1.35
2011.08.03 18:48:27.212,0.96324,0.96339,1.50,1.19
2011.08.03 18:48:29.852,0.96324,0.96339,1.50,1.19
2011.08.03 18:48:32.303,0.96325,0.96341,2.63,3.44
2011.08.03 18:48:32.532,0.96325,0.96341,3.38,1.19
2011.08.03 18:48:36.612,0.96326,0.96343,1.13,1.19
2011.08.03 18:48:37.205,0.96328,0.96342,1.13,1.19
2011.08.03 18:48:37.636,0.96331,0.96344,2.50,1.19
2011.08.03 18:48:37.976,0.96338,0.96351,1.52,3.44
2011.08.03 18:48:38.314,0.96339,0.96354,1.13,1.94
2011.08.03 18:48:38.544,0.96341,0.96355,1.88,1.50
2011.08.03 18:48:39.104,0.96341,0.96355,2.27,1.50
2011.08.03 18:48:43.454,0.96339,0.96354,1.13,1.50
2011.08.03 18:48:43.794,0.96336,0.96346,2.25,1.50
2011.08.03 18:48:44.461,0.96336,0.96346,1.50,1.50
2011.08.03 18:48:45.643,0.96335,0.9635,2.25,3.00
2011.08.03 18:48:46.203,0.96335,0.9635,1.50,3.75
2011.08.03 18:48:46.763,0.96335,0.9635,1.50,3.75
2011.08.03 18:48:47.432,0.96335,0.9635,1.50,3.75
2011.08.03 18:48:48.532,0.96334,0.9635,3.77,2.25
2011.08.03 18:48:51.714,0.96337,0.9635,1.15,1.50
2011.08.03 18:48:51.836,0.96338,0.96352,1.13,1.50
2011.08.03 18:48:52.831,0.96339,0.96352,1.15,1.50
2011.08.03 18:48:53.382,0.96339,0.96352,1.15,1.50
2011.08.03 18:48:54.373,0.96339,0.96352,1.15,1.50
2011.08.03 18:48:54.936,0.96339,0.96353,1.13,2.69
2011.08.03 18:48:55.535,0.96338,0.96352,1.13,1.50
2011.08.03 18:48:56.533,0.96337,0.9635,1.13,1.50
2011.08.03 18:48:57.423,0.96335,0.9635,2.63,1.50
2011.08.03 18:48:59.193,0.96336,0.96351,1.52,3.00
2011.08.03 18:48:59.423,0.96336,0.9635,1.90,1.50
2011.08.03 18:49:00.099,0.96336,0.96351,1.90,3.38
2011.08.03 18:49:00.453,0.96335,0.96345,2.63,1.50
2011.08.03 18:49:02.443,0.96336,0.96345,2.12,1.50
2011.08.03 18:49:02.785,0.96338,0.96351,1.52,2.25
2011.08.03 18:49:03.066,0.96341,0.96351,1.15,1.50
2011.08.03 18:49:03.192,0.96343,0.96356,1.13,2.25
2011.08.03 18:49:03.523,0.96343,0.96359,1.88,1.19
2011.08.03 18:49:03.754,0.96343,0.96358,1.15,1.50
2011.08.03 18:49:04.094,0.96344,0.9636,1.13,1.94
2011.08.03 18:49:05.538,0.96342,0.96357,2.25,1.13
2011.08.03 18:49:05.880,0.96339,0.96353,1.13,1.50
2011.08.03 18:49:06.000,0.96339,0.9635,1.13,1.50
2011.08.03 18:49:06.401,0.96337,0.9635,1.13,1.50
2011.08.03 18:49:07.067,0.96334,0.96351,2.10,4.13
2011.08.03 18:49:07.621,0.96333,0.96351,1.88,6.00
2011.08.03 18:49:07.847,0.96333,0.96349,1.88,2.63
2011.08.03 18:49:08.193,0.96329,0.96347,2.48,3.52
2011.08.03 18:49:08.313,0.96329,0.96347,2.48,3.14
2011.08.03 18:49:08.654,0.9633,0.96346,1.88,1.50
2011.08.03 18:49:08.883,0.96333,0.96346,1.50,1.50
2011.08.03 18:49:09.442,0.96333,0.96349,1.50,2.03
2011.08.03 18:49:10.117,0.9633,0.96348,2.25,1.34
2011.08.03 18:49:11.113,0.96331,0.96346,1.50,1.50
2011.08.03 18:49:11.453,0.96334,0.96348,1.13,1.19
2011.08.03 18:49:13.335,0.96334,0.96348,1.13,1.19
2011.08.03 18:49:13.892,0.96334,0.9635,1.88,1.50
2011.08.03 18:49:20.581,0.96334,0.9635,1.13,1.50
2011.08.03 18:49:29.885,0.96332,0.96349,1.50,1.13
2011.08.03 18:49:31.548,0.96333,0.9635,1.50,1.13
2011.08.03 18:49:32.098,0.96335,0.9635,1.88,1.13
2011.08.03 18:49:32.666,0.96335,0.9635,2.27,1.50
2011.08.03 18:49:34.984,0.96336,0.96351,3.00,1.88
2011.08.03 18:49:35.432,0.96338,0.96353,1.15,1.50
2011.08.03 18:49:36.636,0.96336,0.96354,3.00,4.57
2011.08.03 18:49:36.863,0.96336,0.96351,1.50,2.25
2011.08.03 18:49:37.425,0.96334,0.96351,1.50,3.38
2011.08.03 18:49:37.766,0.96333,0.96349,1.50,1.13
2011.08.03 18:49:38.323,0.96334,0.96349,1.50,1.13
2011.08.03 18:49:39.822,0.96334,0.9635,1.50,1.57
2011.08.03 18:49:40.402,0.96334,0.96349,1.50,1.13
2011.08.03 18:49:42.617,0.96334,0.96348,1.50,2.40
2011.08.03 18:49:42.735,0.96334,0.96346,1.50,1.13
2011.08.03 18:49:42.857,0.96329,0.96345,1.50,1.13
2011.08.03 18:49:43.482,0.96326,0.96344,2.48,3.00
2011.08.03 18:49:44.036,0.9633,0.96345,1.13,1.19
2011.08.03 18:49:44.155,0.9633,0.96346,1.88,1.50
2011.08.03 18:49:44.605,0.9633,0.96346,2.63,1.58
2011.08.03 18:49:44.724,0.9633,0.96346,2.63,1.50
2011.08.03 18:49:45.282,0.9633,0.96346,2.63,1.58
2011.08.03 18:49:45.512,0.9633,0.96346,2.63,1.58
2011.08.03 18:49:46.072,0.96332,0.96349,1.35,1.57
2011.08.03 18:49:48.288,0.96332,0.96347,1.35,2.09
2011.08.03 18:49:48.641,0.96327,0.96344,2.25,1.50
2011.08.03 18:49:48.760,0.96327,0.96344,3.75,1.50
2011.08.03 18:49:49.534,0.96325,0.96342,1.88,1.50
2011.08.03 18:49:53.904,0.96341,0.96349,1.50,1.13
2011.08.03 18:49:54.029,0.96343,0.96347,2.25,1.13
2011.08.03 18:49:54.144,0.96343,0.96356,3.77,1.80
2011.08.03 18:49:54.265,0.96343,0.96356,3.00,2.55
2011.08.03 18:49:54.793,0.9634,0.9635,3.00,3.23
2011.08.03 18:49:54.918,0.96339,0.96347,1.50,2.78
2011.08.03 18:49:55.036,0.96329,0.96346,1.50,1.13
2011.08.03 18:49:55.156,0.96328,0.96344,3.38,1.19
2011.08.03 18:49:55.495,0.96327,0.96344,2.25,2.09
2011.08.03 18:49:55.949,0.96327,0.9634,1.50,1.73
2011.08.03 18:49:56.070,0.96325,0.96339,3.00,2.84
2011.08.03 18:49:56.404,0.96324,0.96336,2.25,2.77
2011.08.03 18:49:56.527,0.96319,0.96335,1.50,1.35
2011.08.03 18:49:57.087,0.96318,0.96334,1.50,2.85
2011.08.03 18:49:57.645,0.96318,0.96333,1.50,1.20
2011.08.03 18:49:59.634,0.96318,0.96333,2.10,1.20
2011.08.03 18:49:59.753,0.96319,0.96335,2.85,1.28
2011.08.03 18:49:59.874,0.9632,0.96335,1.13,1.79
2011.08.03 18:50:00.904,0.96322,0.96337,3.60,1.94
2011.08.03 18:50:01.028,0.96324,0.9634,1.73,1.50
2011.08.03 18:50:01.146,0.96324,0.9634,2.85,1.50
2011.08.03 18:50:01.375,0.96324,0.9634,2.25,1.50
2011.08.03 18:50:01.499,0.96326,0.96341,1.50,3.44
2011.08.03 18:50:01.834,0.96323,0.9634,1.50,1.65
2011.08.03 18:50:01.953,0.96322,0.96339,1.50,1.65
2011.08.03 18:50:02.512,0.96322,0.96339,1.50,1.65
2011.08.03 18:50:03.084,0.96323,0.96339,1.50,1.50
2011.08.03 18:50:03.315,0.96325,0.96341,3.00,2.69
2011.08.03 18:50:03.440,0.96325,0.96342,2.85,1.19
2011.08.03 18:50:03.994,0.96328,0.96342,3.38,1.19
2011.08.03 18:50:05.224,0.96326,0.96342,1.73,1.19
2011.08.03 18:50:05.455,0.96327,0.96344,1.35,2.32
2011.08.03 18:50:05.687,0.96331,0.96344,1.35,3.82
2011.08.03 18:50:05.808,0.96331,0.96344,2.10,1.19
2011.08.03 18:50:05.926,0.96334,0.96346,1.13,1.19
2011.08.03 18:50:06.047,0.96335,0.96351,2.25,3.75
2011.08.03 18:50:06.164,0.96335,0.96345,2.27,1.50
2011.08.03 18:50:06.285,0.96336,0.96351,1.52,2.25
2011.08.03 18:50:06.404,0.96336,0.96351,3.77,3.07
2011.08.03 18:50:07.925,0.96334,0.96351,2.48,1.94
2011.08.03 18:50:08.045,0.96334,0.96346,2.48,1.50
2011.08.03 18:50:08.168,0.96335,0.96349,1.35,1.50
2011.08.03 18:50:08.284,0.96335,0.9635,2.10,1.50
2011.08.03 18:50:08.403,0.96335,0.9635,1.50,1.50
2011.08.03 18:50:08.963,0.96334,0.9635,1.88,1.50
2011.08.03 18:50:09.412,0.96334,0.96349,1.88,1.50
2011.08.03 18:50:09.647,0.96333,0.9635,1.50,1.19
2011.08.03 18:50:09.767,0.96333,0.96348,5.48,1.50
2011.08.03 18:50:09.995,0.96333,0.9635,5.48,1.50
2011.08.03 18:50:10.580,0.96335,0.9635,1.35,1.72
2011.08.03 18:50:10.699,0.96332,0.96347,1.50,1.28
2011.08.03 18:50:10.924,0.9633,0.96346,1.50,1.19
2011.08.03 18:50:11.044,0.96329,0.96346,1.88,1.19
2011.08.03 18:50:12.155,0.96329,0.96346,2.63,1.19
2011.08.03 18:50:12.712,0.9633,0.96346,3.02,1.19
2011.08.03 18:50:12.933,0.96331,0.96347,2.50,1.94
2011.08.03 18:50:13.164,0.96335,0.9635,2.25,1.94
2011.08.03 18:50:13.886,0.96334,0.9635,1.50,2.69
2011.08.03 18:50:14.119,0.96336,0.9635,1.15,2.69
2011.08.03 18:50:14.471,0.96335,0.9635,3.40,1.50
2011.08.03 18:50:14.804,0.96335,0.96351,2.63,1.94
2011.08.03 18:50:14.930,0.96335,0.96345,1.50,1.50
2011.08.03 18:50:15.045,0.96334,0.96351,1.88,4.57
2011.08.03 18:50:15.602,0.96334,0.96348,1.50,1.19
2011.08.03 18:50:16.054,0.9633,0.96345,1.50,1.19
2011.08.03 18:50:16.615,0.9633,0.96345,2.25,1.19
2011.08.03 18:50:16.875,0.9633,0.96345,2.25,1.19
2011.08.03 18:50:27.664,0.96329,0.96344,4.13,1.50
2011.08.03 18:50:29.903,0.96329,0.96345,4.88,1.50
2011.08.03 18:50:30.684,0.96329,0.96344,3.38,1.50
2011.08.03 18:50:31.244,0.96327,0.96342,1.35,1.50
2011.08.03 18:50:32.353,0.96327,0.96341,1.35,1.50
2011.08.03 18:50:35.653,0.96326,0.96341,1.50,2.78
2011.08.03 18:50:35.884,0.96325,0.96341,1.13,2.47
2011.08.03 18:50:36.114,0.96322,0.96336,2.10,1.88
2011.08.03 18:50:36.623,0.96322,0.96336,2.10,2.10
2011.08.03 18:50:37.404,0.96322,0.96337,2.10,2.17
2011.08.03 18:50:37.854,0.96322,0.96336,2.10,1.20
2011.08.03 18:50:38.195,0.96319,0.96332,1.50,1.50
2011.08.03 18:50:38.534,0.9632,0.96335,1.15,1.28
2011.08.03 18:50:39.093,0.96321,0.96336,1.50,1.13
2011.08.03 18:50:39.764,0.96321,0.96336,1.50,1.13
2011.08.03 18:50:40.288,0.96321,0.96334,1.50,1.50
2011.08.03 18:50:40.517,0.96318,0.96332,1.52,1.50
2011.08.03 18:50:40.864,0.96319,0.96337,5.85,1.80
2011.08.03 18:50:41.312,0.96322,0.96337,1.50,1.05
2011.08.03 18:50:45.214,0.96322,0.96338,1.50,1.65
2011.08.03 18:50:46.544,0.96323,0.96338,1.50,1.50
2011.08.03 18:50:47.127,0.96325,0.96341,1.50,1.94
2011.08.03 18:50:47.682,0.96325,0.96341,2.91,1.19
2011.08.03 18:50:48.243,0.96327,0.96342,1.43,1.19
2011.08.03 18:50:48.914,0.96325,0.96342,3.68,1.19
2011.08.03 18:50:49.472,0.96325,0.96342,2.93,1.19
2011.08.03 18:50:50.249,0.96325,0.96341,1.52,2.25
2011.08.03 18:50:50.474,0.96323,0.96341,1.13,7.19
2011.08.03 18:50:51.033,0.96322,0.96338,1.50,1.50
2011.08.03 18:50:51.593,0.96323,0.9634,1.13,1.50
2011.08.03 18:50:52.813,0.96323,0.9634,1.13,1.58
2011.08.03 18:50:55.694,0.96322,0.96337,1.50,3.15
2011.08.03 18:50:55.925,0.96321,0.96337,1.50,3.90
2011.08.03 18:50:56.482,0.96321,0.96336,1.50,1.73
2011.08.03 18:50:58.294,0.96321,0.96336,1.50,1.73
2011.08.03 18:50:58.633,0.96321,0.96336,1.50,2.10
2011.08.03 18:50:59.195,0.9632,0.96336,1.13,1.94
2011.08.03 18:50:59.865,0.96321,0.96336,2.10,1.80
2011.08.03 18:51:00.092,0.96321,0.96336,2.12,1.05
2011.08.03 18:51:00.534,0.96321,0.96339,2.12,1.94
2011.08.03 18:51:00.653,0.96321,0.96339,2.12,1.94
2011.08.03 18:51:00.772,0.96321,0.96339,2.12,1.94
2011.08.03 18:51:00.893,0.96321,0.96339,2.12,1.94
2011.08.03 18:51:09.305,0.96321,0.96339,2.87,1.19
2011.08.03 18:51:09.648,0.96326,0.96342,2.55,1.50
2011.08.03 18:51:10.316,0.96326,0.96342,1.50,1.13
2011.08.03 18:51:11.316,0.96327,0.96343,1.73,1.94
2011.08.03 18:51:12.943,0.96327,0.96343,1.37,1.19
2011.08.03 18:51:19.232,0.96327,0.96341,1.35,3.15
2011.08.03 18:51:19.573,0.96323,0.96339,3.75,1.97
2011.08.03 18:51:19.914,0.96322,0.96339,2.27,1.88
2011.08.03 18:51:20.363,0.96325,0.96341,2.63,1.19
2011.08.03 18:51:31.587,0.96327,0.96342,1.90,1.50
2011.08.03 18:51:31.926,0.9633,0.96347,3.25,1.65
2011.08.03 18:51:32.044,0.96331,0.96348,1.75,1.50
2011.08.03 18:51:32.383,0.96332,0.96347,1.35,1.07
2011.08.03 18:51:32.505,0.96334,0.96349,1.50,1.50
2011.08.03 18:51:37.886,0.96335,0.9635,2.63,1.50
2011.08.03 18:51:38.004,0.96339,0.96351,2.25,1.50
2011.08.03 18:51:38.125,0.96339,0.96352,2.25,1.19
2011.08.03 18:51:40.264,0.96339,0.96353,3.38,1.50
2011.08.03 18:51:40.384,0.96339,0.96354,3.38,1.50
2011.08.03 18:51:49.484,0.96342,0.96355,1.50,1.13
2011.08.03 18:51:49.714,0.96343,0.96358,3.38,2.69
2011.08.03 18:51:49.835,0.96343,0.96356,1.50,1.50
2011.08.03 18:51:50.065,0.96341,0.96356,1.50,2.25
2011.08.03 18:51:50.623,0.96342,0.96356,1.50,1.50
2011.08.03 18:51:51.182,0.96343,0.96356,1.50,1.50
2011.08.03 18:51:54.925,0.96342,0.96354,1.50,1.50
2011.08.03 18:51:55.046,0.9634,0.96351,1.52,1.50
2011.08.03 18:51:55.606,0.9634,0.96351,1.50,1.50
2011.08.03 18:51:56.170,0.96342,0.96352,1.50,1.50
2011.08.03 18:51:56.398,0.96343,0.96355,1.50,1.50
2011.08.03 18:51:56.521,0.96343,0.96357,1.50,1.94
2011.08.03 18:51:57.094,0.96343,0.96357,3.00,1.50
2011.08.03 18:52:04.283,0.9634,0.96354,1.50,1.13
2011.08.03 18:52:06.932,0.96339,0.96354,4.13,1.88
2011.08.03 18:52:07.483,0.96339,0.96354,4.13,1.88
2011.08.03 18:52:07.605,0.96339,0.96354,4.13,1.88
2011.08.03 18:52:07.948,0.96339,0.96349,2.25,1.13
2011.08.03 18:52:08.288,0.96336,0.96347,1.50,1.28
2011.08.03 18:52:08.416,0.96331,0.96346,1.35,2.18
2011.08.03 18:52:08.537,0.96329,0.96346,1.13,2.84
2011.08.03 18:52:09.095,0.96328,0.96346,3.75,2.32
2011.08.03 18:52:10.095,0.96329,0.96347,3.98,1.42
2011.08.03 18:52:11.943,0.9633,0.96347,1.35,1.34
2011.08.03 18:52:12.173,0.96331,0.96347,2.10,1.34
2011.08.03 18:52:12.627,0.96334,0.96349,1.15,1.94
2011.08.03 18:52:13.183,0.96336,0.9635,1.50,1.50
2011.08.03 18:52:13.529,0.96335,0.96354,2.27,1.88
2011.08.03 18:52:14.084,0.96339,0.96355,1.15,1.50
2011.08.03 18:52:14.664,0.96339,0.96355,1.13,1.50
2011.08.03 18:52:15.222,0.96339,0.96356,1.90,1.50
2011.08.03 18:52:15.553,0.9634,0.96356,1.15,1.50
2011.08.03 18:52:16.223,0.96342,0.96356,1.13,1.50
2011.08.03 18:52:20.253,0.96341,0.96354,1.35,1.50
2011.08.03 18:52:20.596,0.96341,0.96355,1.35,1.88
2011.08.03 18:52:20.937,0.96338,0.96349,2.63,2.10
2011.08.03 18:52:21.059,0.96338,0.96344,2.25,1.50
2011.08.03 18:52:21.178,0.96328,0.96346,3.25,1.88
2011.08.03 18:52:21.406,0.9633,0.96348,1.50,1.13
2011.08.03 18:52:21.524,0.96331,0.96348,1.13,1.13
2011.08.03 18:52:23.234,0.96331,0.96349,1.13,1.35
2011.08.03 18:52:25.331,0.96331,0.96349,1.13,1.35
2011.08.03 18:52:28.353,0.96331,0.96348,2.25,1.13
2011.08.03 18:52:28.697,0.96329,0.96344,1.13,1.13
2011.08.03 18:52:29.427,0.96329,0.96344,1.13,1.13
2011.08.03 18:52:29.982,0.96329,0.96344,1.13,1.13
2011.08.03 18:52:32.952,0.96329,0.96346,1.13,1.88
2011.08.03 18:52:44.613,0.9633,0.96347,1.13,2.25
2011.08.03 18:52:44.957,0.96334,0.96351,4.50,1.50
2011.08.03 18:52:45.077,0.96334,0.9635,4.15,1.13
2011.08.03 18:52:45.310,0.96335,0.96352,1.88,1.88
2011.08.03 18:52:45.790,0.96335,0.96349,1.50,1.13
2011.08.03 18:52:46.346,0.96335,0.9635,1.52,1.13
2011.08.03 18:52:46.902,0.96334,0.9635,2.63,1.13
2011.08.03 18:52:47.452,0.96334,0.9635,3.38,1.13
2011.08.03 18:52:50.862,0.96335,0.9635,1.35,1.13
2011.08.03 18:52:53.694,0.96334,0.96347,2.63,2.48
2011.08.03 18:52:53.923,0.96328,0.96344,6.00,1.13
2011.08.03 18:52:54.044,0.96327,0.96344,1.13,1.13
2011.08.03 18:52:54.274,0.96326,0.96344,1.37,1.50
2011.08.03 18:52:54.394,0.96328,0.96344,2.10,1.50
2011.08.03 18:52:54.733,0.96334,0.96349,2.63,1.28
2011.08.03 18:52:54.965,0.96334,0.96349,3.00,1.28
2011.08.03 18:52:55.193,0.96331,0.96347,1.35,1.65
2011.08.03 18:52:57.403,0.96329,0.96346,1.88,1.95
2011.08.03 18:53:00.112,0.96329,0.96346,1.13,1.20
2011.08.03 18:53:03.572,0.96329,0.96347,1.13,1.20
2011.08.03 18:53:06.112,0.96329,0.96348,1.13,2.25
2011.08.03 18:53:06.336,0.96329,0.96347,1.13,1.50
2011.08.03 18:53:08.362,0.96329,0.96347,1.13,1.50
2011.08.03 18:53:10.574,0.96329,0.96347,1.13,1.50
2011.08.03 18:53:11.354,0.96329,0.96347,1.13,1.50
2011.08.03 18:53:11.474,0.96332,0.9635,2.95,1.50
2011.08.03 18:53:11.596,0.96332,0.9635,3.70,1.50
2011.08.03 18:53:11.826,0.96335,0.96352,1.15,1.19
2011.08.03 18:53:12.375,0.96333,0.96352,1.52,4.57
2011.08.03 18:53:12.495,0.96334,0.96351,1.52,2.63
2011.08.03 18:53:12.614,0.96333,0.96351,1.52,1.88
2011.08.03 18:53:13.833,0.96332,0.96351,2.65,3.60
2011.08.03 18:53:13.955,0.96334,0.96348,1.50,1.88
2011.08.03 18:53:14.079,0.96331,0.96346,2.25,1.05
2011.08.03 18:53:14.199,0.9633,0.96346,1.88,1.05
2011.08.03 18:53:14.754,0.96331,0.96347,1.50,1.19
2011.08.03 18:53:14.873,0.96331,0.96348,1.50,1.57
2011.08.03 18:53:21.963,0.9633,0.96346,2.65,2.03
2011.08.03 18:53:22.194,0.9633,0.96344,1.50,1.13
2011.08.03 18:53:22.551,0.96328,0.96344,4.88,1.13
2011.08.03 18:53:24.643,0.96329,0.96344,1.13,1.88
2011.08.03 18:53:25.315,0.96329,0.96344,1.13,1.88
2011.08.03 18:53:25.763,0.96329,0.96344,1.13,1.88
2011.08.03 18:53:26.214,0.96326,0.96341,1.50,1.13
2011.08.03 18:53:26.333,0.96325,0.9634,1.88,1.13
2011.08.03 18:53:26.806,0.96327,0.96341,1.35,1.13
2011.08.03 18:53:27.147,0.96325,0.9634,2.63,1.43
2011.08.03 18:53:27.594,0.96325,0.96338,1.88,1.05
2011.08.03 18:53:28.044,0.96322,0.96337,1.50,1.43
2011.08.03 18:53:28.602,0.96321,0.96336,2.25,1.35
2011.08.03 18:53:29.595,0.96321,0.96337,2.25,1.20
2011.08.03 18:53:29.933,0.96321,0.96337,1.50,2.70
2011.08.03 18:53:30.492,0.96317,0.96335,1.88,4.19
2011.08.03 18:53:30.612,0.96317,0.96334,1.50,1.19
2011.08.03 18:53:32.066,0.96316,0.96333,1.50,2.54
2011.08.03 18:53:32.824,0.96316,0.96332,1.88,1.94
2011.08.03 18:53:35.255,0.96317,0.96334,1.88,1.94
2011.08.03 18:53:37.923,0.96317,0.96334,1.88,1.19
2011.08.03 18:53:38.034,0.96317,0.96334,1.97,1.19
2011.08.03 18:53:38.593,0.96317,0.96334,1.97,1.19
2011.08.03 18:53:39.475,0.96317,0.96334,1.13,1.94
2011.08.03 18:53:40.020,0.96316,0.96334,2.10,1.94
2011.08.03 18:53:46.655,0.96317,0.96335,2.25,1.94
2011.08.03 18:53:46.777,0.96319,0.96335,1.50,1.94
2011.08.03 18:53:47.115,0.96324,0.9634,1.50,2.69
2011.08.03 18:53:47.343,0.96325,0.96341,1.50,4.13
2011.08.03 18:53:47.920,0.96326,0.96343,1.13,1.19
2011.08.03 18:53:48.471,0.96326,0.96343,1.13,1.19
2011.08.03 18:53:50.582,0.96326,0.96342,1.13,1.94
2011.08.03 18:53:50.926,0.96324,0.96338,1.50,1.50
2011.08.03 18:53:51.152,0.96324,0.96341,2.25,4.13
2011.08.03 18:53:51.812,0.96324,0.96341,2.63,4.13
2011.08.03 18:53:53.695,0.96324,0.96339,2.25,1.50
2011.08.03 18:53:54.180,0.96322,0.96337,1.50,3.00
2011.08.03 18:53:54.733,0.96322,0.96338,1.50,1.13
2011.08.03 18:53:56.215,0.96322,0.96338,1.50,3.00
2011.08.03 18:53:56.335,0.96322,0.96338,1.50,3.00
2011.08.03 18:53:59.813,0.96323,0.96339,1.50,1.13
2011.08.03 18:54:00.373,0.96323,0.9634,1.50,4.86
2011.08.03 18:54:01.653,0.96323,0.96339,1.50,2.25
2011.08.03 18:54:02.213,0.96323,0.96337,1.50,1.50
2011.08.03 18:54:02.775,0.96323,0.96335,1.50,1.50
2011.08.03 18:54:03.332,0.96321,0.96337,1.50,1.50
2011.08.03 18:54:03.883,0.96321,0.96337,1.50,1.50
2011.08.03 18:54:16.222,0.96322,0.96338,1.50,1.65
2011.08.03 18:54:16.454,0.96322,0.96339,1.50,3.44
2011.08.03 18:54:19.513,0.96323,0.96339,1.50,3.82
2011.08.03 18:54:19.964,0.96323,0.96337,1.50,1.88
2011.08.03 18:54:20.192,0.96322,0.96338,1.50,1.88
2011.08.03 18:54:20.742,0.96322,0.96337,1.50,1.88
2011.08.03 18:54:21.293,0.96322,0.96336,1.50,1.50
2011.08.03 18:54:21.943,0.96322,0.96337,1.50,1.88
2011.08.03 18:54:22.595,0.96322,0.96336,1.50,1.50
2011.08.03 18:54:23.153,0.96322,0.96337,1.50,1.88
2011.08.03 18:54:24.265,0.96322,0.96336,1.50,1.50
2011.08.03 18:54:24.821,0.96322,0.96337,1.50,1.88
2011.08.03 18:54:26.037,0.96322,0.96337,1.52,1.88
2011.08.03 18:54:26.592,0.96321,0.96337,2.25,1.88
2011.08.03 18:54:30.322,0.96322,0.96338,1.50,1.88
2011.08.03 18:54:30.882,0.96322,0.96338,1.88,1.88
2011.08.03 18:54:31.462,0.96322,0.96338,1.88,1.50
2011.08.03 18:54:32.014,0.96322,0.96339,1.88,3.07
2011.08.03 18:54:32.559,0.96322,0.96338,1.88,1.50
2011.08.03 18:54:33.447,0.96322,0.96339,1.88,3.07
2011.08.03 18:54:34.002,0.96322,0.96338,1.88,1.50
2011.08.03 18:54:34.662,0.96322,0.96339,1.88,3.07
2011.08.03 18:54:35.212,0.96322,0.96338,1.88,1.50
2011.08.03 18:54:35.800,0.96322,0.96339,1.88,3.07
2011.08.03 18:54:36.542,0.96322,0.96338,1.88,1.50
2011.08.03 18:54:37.091,0.96322,0.96339,1.50,2.32
2011.08.03 18:54:38.001,0.96322,0.96338,1.50,1.50
2011.08.03 18:54:39.022,0.96322,0.96339,1.50,2.69
2011.08.03 18:54:39.792,0.96322,0.96338,1.50,1.50
2011.08.03 18:54:40.375,0.96322,0.96337,1.50,1.88
2011.08.03 18:54:42.582,0.96322,0.96338,1.50,1.50
2011.08.03 18:54:42.694,0.96321,0.96338,2.63,1.19
2011.08.03 18:54:42.814,0.96321,0.96334,1.88,1.88
2011.08.03 18:54:43.045,0.96318,0.96332,1.67,1.50
2011.08.03 18:54:43.602,0.96318,0.96333,1.50,1.88
2011.08.03 18:54:44.373,0.96318,0.96335,1.50,4.19
2011.08.03 18:54:45.322,0.96318,0.96334,1.50,1.94
2011.08.03 18:54:46.656,0.96318,0.96333,1.50,1.50
2011.08.03 18:54:46.994,0.96318,0.96331,1.50,3.00
2011.08.03 18:54:48.433,0.96317,0.9633,1.50,1.50
2011.08.03 18:54:48.995,0.96316,0.96332,2.63,2.48
2011.08.03 18:54:49.552,0.96316,0.96333,2.63,1.57
2011.08.03 18:54:50.214,0.96316,0.96332,2.63,2.70
2011.08.03 18:54:50.335,0.96316,0.96329,1.50,2.94
2011.08.03 18:54:50.759,0.9631,0.96327,1.88,2.32
2011.08.03 18:54:51.212,0.9631,0.96327,1.13,3.07
2011.08.03 18:54:56.054,0.9631,0.96327,1.13,2.69
2011.08.03 18:54:56.612,0.9631,0.96328,1.13,3.82
2011.08.03 18:55:02.232,0.9631,0.96328,2.63,2.25
2011.08.03 18:55:02.782,0.9631,0.96328,1.88,3.75
2011.08.03 18:55:03.331,0.9631,0.96327,1.88,3.00
2011.08.03 18:55:03.882,0.9631,0.96327,1.13,1.50
2011.08.03 18:55:05.144,0.96311,0.96328,1.13,1.57
2011.08.03 18:55:05.265,0.96311,0.96328,1.13,1.57
2011.08.03 18:55:05.492,0.9631,0.96328,1.88,3.38
2011.08.03 18:55:06.052,0.9631,0.96327,1.88,1.13
2011.08.03 18:55:07.723,0.9631,0.96328,1.88,3.38
2011.08.03 18:55:13.102,0.9631,0.96326,1.13,1.50
2011.08.03 18:55:14.322,0.9631,0.96327,1.88,1.88
2011.08.03 18:55:14.872,0.9631,0.96326,1.88,1.88
2011.08.03 18:55:17.753,0.9631,0.96325,2.05,1.50
2011.08.03 18:55:18.096,0.9631,0.96323,1.50,1.50
2011.08.03 18:55:18.652,0.96308,0.96324,2.80,1.88
2011.08.03 18:55:19.215,0.96308,0.96325,2.78,1.57
2011.08.03 18:55:19.927,0.96307,0.96319,2.40,1.50
2011.08.03 18:55:20.044,0.96307,0.9632,2.25,2.63
2011.08.03 18:55:20.165,0.96306,0.96319,1.50,3.00
2011.08.03 18:55:20.503,0.96304,0.96317,1.50,3.00
2011.08.03 18:55:20.625,0.96302,0.96317,1.50,3.00
2011.08.03 18:55:26.015,0.96303,0.96319,3.94,1.19
2011.08.03 18:55:26.134,0.96304,0.9632,1.13,6.05
2011.08.03 18:55:26.464,0.96304,0.96317,1.13,1.50
2011.08.03 18:55:26.704,0.96301,0.96317,3.38,1.50
2011.08.03 18:55:29.133,0.96301,0.96316,1.73,2.25
2011.08.03 18:55:31.260,0.96301,0.96317,1.35,2.32
2011.08.03 18:55:32.035,0.96301,0.96317,1.35,3.44
2011.08.03 18:55:32.266,0.96301,0.96317,1.35,1.94
2011.08.03 18:55:33.157,0.96301,0.96317,1.73,1.19
2011.08.03 18:55:33.715,0.96301,0.96317,1.73,2.69
2011.08.03 18:55:35.643,0.96301,0.96317,2.10,1.19
2011.08.03 18:55:36.313,0.96301,0.96316,1.50,3.00
2011.08.03 18:55:36.543,0.963,0.96317,2.25,2.54
2011.08.03 18:55:38.866,0.96304,0.96315,1.50,2.25
2011.08.03 18:55:38.990,0.963,0.96315,1.50,2.25
2011.08.03 18:55:40.538,0.96302,0.96317,1.50,2.25
2011.08.03 18:55:41.316,0.96301,0.96314,1.52,1.50
2011.08.03 18:55:41.854,0.963,0.96318,1.88,3.44
2011.08.03 18:55:41.986,0.96304,0.96318,3.38,1.94
2011.08.03 18:55:42.327,0.96302,0.96316,1.13,2.25
2011.08.03 18:55:42.994,0.96301,0.96317,1.50,2.85
2011.08.03 18:55:43.334,0.96301,0.96315,2.10,2.25
2011.08.03 18:55:43.893,0.96301,0.96317,2.48,2.25
2011.08.03 18:55:44.798,0.96304,0.96317,1.88,1.50
2011.08.03 18:55:44.916,0.96304,0.96319,4.13,1.50
2011.08.03 18:55:45.033,0.96304,0.96317,3.38,1.50
2011.08.03 18:55:45.592,0.96303,0.96317,1.35,2.25
2011.08.03 18:55:46.475,0.96301,0.96315,2.48,1.94
2011.08.03 18:55:46.594,0.963,0.96315,1.50,1.94
2011.08.03 18:55:47.193,0.96298,0.96315,1.88,1.19
2011.08.03 18:55:47.752,0.96298,0.96315,1.88,1.19
2011.08.03 18:55:48.624,0.96297,0.96315,2.63,1.57
2011.08.03 18:55:49.298,0.96298,0.96315,1.13,1.19
2011.08.03 18:55:49.634,0.963,0.96316,1.50,5.69
2011.08.03 18:55:49.756,0.963,0.96316,2.63,3.44
2011.08.03 18:55:50.203,0.96302,0.96318,1.13,2.25
2011.08.03 18:55:50.548,0.96301,0.96315,1.50,1.88
2011.08.03 18:55:50.782,0.96296,0.9631,1.88,1.13
2011.08.03 18:55:51.125,0.96296,0.96308,1.88,1.50
2011.08.03 18:55:51.475,0.96292,0.96309,1.50,1.50
2011.08.03 18:55:52.033,0.96292,0.96308,1.50,2.25
2011.08.03 18:55:52.485,0.96291,0.96306,1.50,1.50
2011.08.03 18:55:53.043,0.9629,0.96305,1.50,2.63
2011.08.03 18:55:53.496,0.96293,0.96307,4.13,1.88
2011.08.03 18:55:53.727,0.96294,0.96311,1.13,2.69
2011.08.03 18:55:53.850,0.96292,0.96309,3.00,2.63
2011.08.03 18:55:54.627,0.96295,0.96312,1.50,1.57
2011.08.03 18:55:54.744,0.96295,0.96312,2.25,1.94
2011.08.03 18:55:55.276,0.96296,0.96312,1.13,2.69
2011.08.03 18:55:56.166,0.96296,0.96312,1.88,1.19
2011.08.03 18:55:56.945,0.96298,0.96315,3.00,1.94
2011.08.03 18:55:57.064,0.96298,0.96315,3.00,1.94
2011.08.03 18:56:01.003,0.96298,0.96314,3.00,1.94
2011.08.03 18:56:02.885,0.96299,0.96316,1.88,1.19
2011.08.03 18:56:05.649,0.96303,0.96316,1.50,1.19
2011.08.03 18:56:05.771,0.96305,0.96319,1.13,1.94
2011.08.03 18:56:05.997,0.96309,0.96321,1.13,1.19
2011.08.03 18:56:06.118,0.96309,0.96322,1.13,1.19
2011.08.03 18:56:06.675,0.96305,0.96319,1.50,1.50
2011.08.03 18:56:07.343,0.96304,0.96319,2.25,1.50
2011.08.03 18:56:07.903,0.96304,0.9632,2.25,2.32
2011.08.03 18:56:08.243,0.96304,0.96317,2.27,1.50
2011.08.03 18:56:08.474,0.96302,0.96318,1.50,1.13
2011.08.03 18:56:08.703,0.96301,0.96316,1.88,1.94
2011.08.03 18:56:09.922,0.96301,0.96317,1.13,1.19
2011.08.03 18:56:10.694,0.96301,0.96317,1.13,1.19
2011.08.03 18:56:11.262,0.96301,0.96319,1.88,3.82
2011.08.03 18:56:11.377,0.96301,0.96319,1.90,1.57
2011.08.03 18:56:11.932,0.96301,0.96319,1.88,2.32
2011.08.03 18:56:13.583,0.96301,0.96319,2.03,3.07
2011.08.03 18:56:13.813,0.96301,0.96319,1.88,3.07
2011.08.03 18:56:13.970,0.96301,0.96319,1.88,3.07
2011.08.03 18:56:14.656,0.96301,0.96319,1.88,2.32
2011.08.03 18:56:15.212,0.96301,0.96319,1.88,2.32
2011.08.03 18:56:15.873,0.96301,0.96318,1.50,1.19
2011.08.03 18:56:16.872,0.96301,0.96319,1.50,3.44
2011.08.03 18:56:23.863,0.96301,0.96318,1.50,1.94
2011.08.03 18:56:25.425,0.96303,0.96318,1.30,1.19
2011.08.03 18:56:25.779,0.96306,0.96322,1.13,1.94
2011.08.03 18:56:25.896,0.96308,0.96324,1.50,1.19
2011.08.03 18:56:26.463,0.96309,0.96324,1.13,1.19
2011.08.03 18:56:28.564,0.96306,0.96324,4.13,2.32
2011.08.03 18:56:29.784,0.96308,0.96324,2.48,1.94
2011.08.03 18:56:29.908,0.96308,0.9632,2.48,2.25
2011.08.03 18:56:30.256,0.963,0.96318,2.63,3.82
2011.08.03 18:56:32.873,0.96299,0.96316,1.88,1.57
2011.08.03 18:56:33.654,0.96298,0.96315,4.13,1.94
2011.08.03 18:56:34.214,0.96299,0.96314,2.42,1.94
2011.08.03 18:56:34.774,0.96299,0.96314,2.42,1.94
2011.08.03 18:56:35.442,0.96299,0.96314,2.42,1.94
2011.08.03 18:56:35.954,0.96299,0.96314,3.17,1.19
2011.08.03 18:56:36.897,0.96299,0.96312,2.25,1.19
2011.08.03 18:56:37.127,0.96296,0.9631,1.35,2.24
2011.08.03 18:56:37.249,0.96295,0.96309,1.50,1.28
2011.08.03 18:56:40.363,0.96294,0.96309,3.75,2.62
2011.08.03 18:56:40.934,0.96291,0.96307,1.52,1.43
2011.08.03 18:56:43.145,0.96293,0.96307,1.50,1.28
2011.08.03 18:56:50.729,0.96293,0.96307,1.50,1.28
2011.08.03 18:56:50.957,0.96292,0.96307,1.37,2.78
2011.08.03 18:56:56.862,0.96291,0.96306,1.52,1.13
2011.08.03 18:57:00.594,0.96293,0.96307,1.50,1.28
2011.08.03 18:57:01.705,0.96293,0.96308,1.50,1.20
2011.08.03 18:57:02.156,0.96291,0.96301,1.88,1.35
2011.08.03 18:57:02.497,0.96286,0.96296,1.50,1.50
2011.08.03 18:57:02.616,0.96285,0.96296,1.50,1.50
2011.08.03 18:57:06.027,0.96284,0.96296,1.50,1.50
2011.08.03 18:57:06.587,0.96282,0.96296,1.50,1.50
2011.08.03 18:57:07.476,0.96284,0.96296,2.63,1.50
2011.08.03 18:57:07.595,0.96284,0.96299,3.38,2.32
2011.08.03 18:57:07.714,0.96283,0.96299,1.50,1.57
2011.08.03 18:57:07.834,0.96283,0.96296,1.50,1.50
2011.08.03 18:57:08.916,0.96282,0.96293,1.88,1.50
2011.08.03 18:57:09.039,0.9628,0.96293,2.25,3.36
2011.08.03 18:57:09.269,0.96278,0.96288,3.00,1.50
2011.08.03 18:57:09.603,0.96275,0.96283,1.50,1.88
2011.08.03 18:57:09.726,0.96273,0.96283,2.25,1.88
2011.08.03 18:57:10.284,0.96272,0.96284,1.50,2.63
2011.08.03 18:57:12.059,0.96273,0.96283,3.75,2.63
2011.08.03 18:57:12.636,0.96273,0.96283,3.75,1.88
2011.08.03 18:57:14.075,0.96273,0.96284,3.75,1.88
2011.08.03 18:57:14.195,0.96272,0.96284,1.50,1.88
2011.08.03 18:57:14.537,0.96271,0.96286,2.63,1.50
2011.08.03 18:57:38.966,0.96271,0.96285,2.25,2.63
2011.08.03 18:57:40.957,0.96276,0.96285,1.50,1.50
2011.08.03 18:57:41.407,0.96278,0.96291,1.50,1.57
2011.08.03 18:57:41.526,0.96281,0.96294,1.88,1.50
2011.08.03 18:57:42.094,0.96281,0.96296,1.13,1.50
2011.08.03 18:57:42.654,0.96281,0.96295,3.00,1.50
2011.08.03 18:57:42.777,0.96282,0.96295,1.15,1.50
2011.08.03 18:57:43.120,0.96286,0.96304,3.98,1.19
2011.08.03 18:57:43.239,0.96289,0.96304,2.25,1.19
2011.08.03 18:57:43.796,0.96287,0.96303,1.35,2.63
2011.08.03 18:57:44.026,0.96286,0.96301,2.25,1.94
2011.08.03 18:57:44.583,0.96284,0.963,1.50,1.50
2011.08.03 18:57:49.295,0.96284,0.96298,1.50,1.50
2011.08.03 18:57:49.418,0.9628,0.96297,1.88,2.32
2011.08.03 18:57:49.763,0.9628,0.96291,1.13,1.50
2011.08.03 18:57:49.889,0.96278,0.96291,1.88,1.50
2011.08.03 18:57:50.444,0.96276,0.96291,3.98,1.50
2011.08.03 18:57:51.444,0.96278,0.96291,2.25,1.50
2011.08.03 18:57:51.677,0.96279,0.96293,1.50,1.19
2011.08.03 18:57:52.013,0.96279,0.96293,4.13,1.19
2011.08.03 18:57:52.684,0.96281,0.96295,1.13,1.94
2011.08.03 18:58:01.175,0.9628,0.96295,1.13,1.19
2011.08.03 18:58:03.056,0.96282,0.96296,1.50,1.50
2011.08.03 18:58:03.442,0.9628,0.96293,1.13,1.94
2011.08.03 18:58:03.560,0.96279,0.96293,3.00,1.19
2011.08.03 18:58:05.794,0.9628,0.96293,1.13,1.94
2011.08.03 18:58:06.133,0.96278,0.96291,1.88,1.50
2011.08.03 18:58:06.684,0.96277,0.96291,4.13,1.50
2011.08.03 18:58:12.184,0.96276,0.96291,1.50,1.50
2011.08.03 18:58:14.167,0.96276,0.96291,1.88,1.50
2011.08.03 18:58:14.505,0.96277,0.96291,1.13,1.50
2011.08.03 18:58:16.005,0.96277,0.96291,1.88,1.50
2011.08.03 18:58:17.114,0.96277,0.96291,1.88,1.50
2011.08.03 18:58:17.239,0.96278,0.96293,1.13,1.19
2011.08.03 18:58:17.467,0.96279,0.96294,1.13,1.94
2011.08.03 18:58:18.354,0.96278,0.96294,3.38,1.27
2011.08.03 18:58:18.795,0.96278,0.96294,3.38,1.34
2011.08.03 18:58:20.455,0.96278,0.96294,3.38,1.34
2011.08.03 18:58:21.014,0.96278,0.96294,3.38,1.34
2011.08.03 18:58:21.454,0.96278,0.96294,3.38,1.19
2011.08.03 18:58:24.865,0.96279,0.96294,2.25,1.19
2011.08.03 18:58:27.594,0.96279,0.96295,2.25,1.50
2011.08.03 18:58:31.215,0.96281,0.96295,1.88,1.50
2011.08.03 18:58:33.105,0.96281,0.96295,1.50,1.50
2011.08.03 18:58:37.971,0.96284,0.96296,2.50,1.50
2011.08.03 18:58:38.331,0.96285,0.96303,2.50,1.19
2011.08.03 18:58:38.886,0.96287,0.96303,1.50,1.19
2011.08.03 18:58:44.266,0.96287,0.96295,1.50,1.50
2011.08.03 18:58:44.496,0.96283,0.96295,1.50,1.50
2011.08.03 18:58:45.054,0.96283,0.96295,1.50,1.50
2011.08.03 18:58:56.707,0.96283,0.96295,4.50,1.50
2011.08.03 18:58:56.825,0.96284,0.96295,1.13,1.50
2011.08.03 18:58:56.946,0.96286,0.96302,1.50,1.94
2011.08.03 18:58:57.504,0.96283,0.963,1.50,1.19
2011.08.03 18:58:57.625,0.96282,0.96295,2.10,1.50
2011.08.03 18:58:58.184,0.96283,0.96295,1.50,1.50
2011.08.03 18:58:58.735,0.96282,0.96295,2.10,1.50
2011.08.03 18:59:00.396,0.96282,0.96295,2.10,1.50
2011.08.03 18:59:00.978,0.96282,0.96295,2.85,1.50
2011.08.03 18:59:01.978,0.96283,0.96295,1.50,1.50
2011.08.03 18:59:03.860,0.96285,0.96295,1.43,1.50
2011.08.03 18:59:03.979,0.96286,0.96301,1.50,2.25
2011.08.03 18:59:04.266,0.96287,0.96301,1.50,2.25
2011.08.03 18:59:04.393,0.96289,0.96305,1.88,2.54
2011.08.03 18:59:04.614,0.96289,0.96305,1.13,2.54
2011.08.03 18:59:04.846,0.96289,0.96305,1.88,3.14
2011.08.03 18:59:06.287,0.96289,0.96305,1.50,1.57
2011.08.03 18:59:23.025,0.96289,0.96305,1.50,1.19
2011.08.03 18:59:23.255,0.96289,0.96307,1.50,2.77
2011.08.03 18:59:23.690,0.96293,0.96308,1.13,2.77
2011.08.03 18:59:24.039,0.9629,0.96306,1.50,1.19
2011.08.03 18:59:24.158,0.9629,0.96306,1.50,1.94
2011.08.03 18:59:25.379,0.9629,0.96306,1.52,1.94
2011.08.03 18:59:25.609,0.96293,0.96308,2.63,1.19
2011.08.03 18:59:25.729,0.96293,0.96309,3.38,1.19
2011.08.03 18:59:25.956,0.96291,0.96308,1.50,1.19
2011.08.03 18:59:28.613,0.9629,0.96307,2.65,1.19
2011.08.03 18:59:28.848,0.96293,0.9631,3.38,1.94
2011.08.03 18:59:28.968,0.96292,0.96308,2.25,1.19
2011.08.03 18:59:29.525,0.9629,0.96307,1.13,1.19
2011.08.03 18:59:30.307,0.96289,0.96306,4.13,1.27
2011.08.03 18:59:30.810,0.96283,0.96295,1.50,1.50
2011.08.03 18:59:31.378,0.96282,0.96295,2.10,1.50
2011.08.03 18:59:32.708,0.96281,0.96296,2.25,1.50
2011.08.03 18:59:33.267,0.96282,0.96295,1.13,1.50
2011.08.03 18:59:34.159,0.96281,0.96294,1.50,1.13
2011.08.03 18:59:34.556,0.96277,0.96291,2.48,1.88
2011.08.03 18:59:35.115,0.96276,0.96289,1.50,1.19
2011.08.03 18:59:35.788,0.96277,0.9629,2.48,1.50
2011.08.03 18:59:37.225,0.96276,0.9629,2.25,1.50
2011.08.03 18:59:37.567,0.96273,0.96286,1.88,1.50
2011.08.03 18:59:37.687,0.96273,0.96286,1.50,1.50
2011.08.03 18:59:39.280,0.96272,0.9628,1.88,1.50
2011.08.03 18:59:39.398,0.9627,0.9628,1.88,1.50
2011.08.03 18:59:39.630,0.96271,0.96286,1.50,1.50
2011.08.03 18:59:39.747,0.96272,0.96286,1.50,1.50
2011.08.03 18:59:42.227,0.96271,0.96286,2.25,1.50
2011.08.03 18:59:44.217,0.96269,0.9628,2.25,1.50
2011.08.03 18:59:46.520,0.96264,0.96279,1.88,1.19
2011.08.03 18:59:46.748,0.96264,0.96278,4.13,1.50
2011.08.03 18:59:47.089,0.96264,0.96276,1.50,1.50
2011.08.03 18:59:47.976,0.96262,0.96276,1.50,1.50
2011.08.03 18:59:48.538,0.96265,0.96279,1.90,1.19
2011.08.03 18:59:48.658,0.96265,0.96279,1.88,1.19
2011.08.03 18:59:49.003,0.96262,0.96276,1.67,1.94
2011.08.03 18:59:49.228,0.9626,0.96274,3.17,1.50
2011.08.03 18:59:49.496,0.96262,0.96274,1.50,1.50
2011.08.03 18:59:49.835,0.96262,0.96276,1.50,1.19
2011.08.03 18:59:50.507,0.96266,0.96276,1.15,1.19
2011.08.03 18:59:51.065,0.96263,0.96276,1.13,1.19
2011.08.03 18:59:51.627,0.96264,0.96276,1.13,1.19
2011.08.03 18:59:52.408,0.96262,0.96276,1.52,1.19
2011.08.03 18:59:53.029,0.96262,0.96276,1.88,1.19
2011.08.03 18:59:53.476,0.96262,0.96272,1.50,1.13
2011.08.03 18:59:53.596,0.96259,0.96272,2.25,1.88
2011.08.03 18:59:54.155,0.96259,0.96272,2.25,1.88
2011.08.03 18:59:55.147,0.9626,0.96272,1.50,1.88
2011.08.03 18:59:55.708,0.96259,0.96271,1.50,1.50
2011.08.03 18:59:56.264,0.9626,0.96271,1.50,1.50
2011.08.03 18:59:56.862,0.9626,0.96271,1.67,1.50
2011.08.03 18:59:58.341,0.96259,0.96271,1.50,1.19
2011.08.03 18:59:58.895,0.96259,0.96271,1.50,1.19
2011.08.03 18:59:59.455,0.96255,0.96271,1.13,1.19
