2011.08.17 16:00:00.102,0.98178,0.98192,1.50,1.50
2011.08.17 16:00:00.885,0.98178,0.98193,1.50,2.25
2011.08.17 16:00:01.730,0.98178,0.98192,1.50,1.35
2011.08.17 16:00:01.863,0.98174,0.98187,2.25,2.25
2011.08.17 16:00:02.214,0.98172,0.98187,1.50,1.50
2011.08.17 16:00:02.336,0.98172,0.98189,1.50,5.65
2011.08.17 16:00:03.116,0.9817,0.98187,1.35,1.68
2011.08.17 16:00:03.782,0.98173,0.98187,2.10,1.68
2011.08.17 16:00:04.126,0.9817,0.98187,2.25,2.80
2011.08.17 16:00:05.344,0.9817,0.98187,1.50,1.68
2011.08.17 16:00:06.331,0.98169,0.98185,1.50,1.50
2011.08.17 16:00:06.452,0.98174,0.98185,1.50,1.50
2011.08.17 16:00:06.905,0.98175,0.98192,1.50,2.58
2011.08.17 16:00:07.139,0.98176,0.98192,1.50,1.53
2011.08.17 16:00:07.474,0.98176,0.98191,1.50,3.00
2011.08.17 16:00:08.035,0.98178,0.98191,1.88,3.75
2011.08.17 16:00:08.266,0.98178,0.98195,1.88,1.68
2011.08.17 16:00:08.759,0.9818,0.98196,1.66,3.18
2011.08.17 16:00:09.098,0.98181,0.98197,3.16,1.68
2011.08.17 16:00:09.220,0.98181,0.982,3.16,2.43
2011.08.17 16:00:09.773,0.98182,0.982,1.13,1.68
2011.08.17 16:00:09.896,0.98182,0.982,1.50,1.68
2011.08.17 16:00:10.236,0.98187,0.98201,1.13,3.75
2011.08.17 16:00:10.462,0.98186,0.98204,3.98,2.43
2011.08.17 16:00:11.571,0.98187,0.98204,3.76,1.68
2011.08.17 16:00:12.133,0.98187,0.98204,3.76,1.68
2011.08.17 16:00:12.912,0.98187,0.98204,3.76,1.68
2011.08.17 16:00:13.472,0.98188,0.98204,1.66,1.68
2011.08.17 16:00:14.194,0.98189,0.98206,1.66,3.93
2011.08.17 16:00:14.544,0.98193,0.98207,1.73,1.68
2011.08.17 16:00:14.995,0.98195,0.98209,3.45,2.25
2011.08.17 16:00:15.112,0.98196,0.98211,2.25,1.68
2011.08.17 16:00:15.675,0.98196,0.98207,1.28,2.25
2011.08.17 16:00:16.017,0.98197,0.98207,1.28,3.00
2011.08.17 16:00:16.138,0.98196,0.98211,1.66,2.28
2011.08.17 16:00:16.693,0.98198,0.98211,1.28,1.50
2011.08.17 16:00:17.504,0.98197,0.98211,2.25,1.50
2011.08.17 16:00:18.507,0.98198,0.98211,2.10,1.50
2011.08.17 16:00:18.625,0.98199,0.98215,4.50,1.68
2011.08.17 16:00:19.182,0.98201,0.98211,1.50,1.13
2011.08.17 16:00:19.303,0.98199,0.98211,2.25,1.88
2011.08.17 16:00:19.424,0.98197,0.98212,2.03,2.63
2011.08.17 16:00:19.981,0.98197,0.98211,1.50,1.13
2011.08.17 16:00:20.203,0.98197,0.98209,1.50,1.50
2011.08.17 16:00:20.543,0.98193,0.98206,2.25,1.50
2011.08.17 16:00:21.070,0.98192,0.98206,1.50,1.50
2011.08.17 16:00:22.401,0.98191,0.98207,3.00,2.25
2011.08.17 16:00:23.833,0.98193,0.98207,1.50,2.25
2011.08.17 16:00:24.338,0.98197,0.98211,1.73,1.13
2011.08.17 16:00:24.457,0.98201,0.98212,2.10,1.88
2011.08.17 16:00:24.577,0.98201,0.98213,3.38,1.50
2011.08.17 16:00:25.023,0.98201,0.98217,2.85,2.43
2011.08.17 16:00:25.364,0.98203,0.98216,1.13,1.68
2011.08.17 16:00:27.975,0.98202,0.98217,1.50,1.50
2011.08.17 16:00:28.532,0.98203,0.98216,2.25,1.50
2011.08.17 16:00:31.048,0.98202,0.98216,1.28,4.50
2011.08.17 16:00:31.171,0.98203,0.98216,1.50,1.50
2011.08.17 16:00:32.932,0.98204,0.98216,1.50,1.50
2011.08.17 16:00:33.057,0.98207,0.98221,1.50,2.25
2011.08.17 16:00:33.725,0.98209,0.98221,1.50,1.88
2011.08.17 16:00:34.394,0.98209,0.98221,1.50,1.50
2011.08.17 16:00:36.162,0.98208,0.98221,1.50,1.50
2011.08.17 16:00:37.272,0.98208,0.98221,1.50,1.50
2011.08.17 16:00:38.953,0.98208,0.98221,1.50,1.13
2011.08.17 16:00:39.622,0.98208,0.98221,1.50,1.88
2011.08.17 16:00:43.062,0.98207,0.98221,1.50,1.88
2011.08.17 16:00:43.622,0.98205,0.98219,2.25,1.88
2011.08.17 16:00:43.962,0.98205,0.98218,2.25,1.13
2011.08.17 16:00:44.083,0.98203,0.98218,1.50,1.50
2011.08.17 16:00:44.534,0.98202,0.98212,1.50,1.13
2011.08.17 16:00:44.767,0.982,0.98211,1.50,1.50
2011.08.17 16:00:45.337,0.982,0.98212,1.50,1.88
2011.08.17 16:00:45.453,0.98199,0.98212,2.25,1.88
2011.08.17 16:00:46.013,0.98199,0.98212,1.50,2.63
2011.08.17 16:00:47.895,0.98199,0.98212,1.50,1.88
2011.08.17 16:00:48.564,0.98199,0.98212,2.25,1.88
2011.08.17 16:00:49.125,0.98199,0.98212,1.50,1.88
2011.08.17 16:00:51.963,0.98199,0.98211,2.25,1.13
2011.08.17 16:00:52.521,0.98199,0.98211,1.50,1.13
2011.08.17 16:00:53.622,0.98196,0.98211,1.50,2.25
2011.08.17 16:00:53.741,0.98196,0.9821,1.50,1.50
2011.08.17 16:00:54.076,0.98195,0.98206,2.25,1.50
2011.08.17 16:00:54.744,0.98195,0.98206,2.25,1.50
2011.08.17 16:00:55.431,0.98195,0.98206,2.25,1.50
2011.08.17 16:00:59.591,0.98195,0.98206,2.25,1.50
2011.08.17 16:01:00.145,0.98195,0.98207,1.50,1.88
2011.08.17 16:01:00.269,0.98192,0.98206,2.85,1.50
2011.08.17 16:01:00.740,0.98192,0.98206,2.10,1.88
2011.08.17 16:01:00.985,0.98191,0.98206,1.50,1.50
2011.08.17 16:01:01.103,0.98192,0.98208,1.50,1.50
2011.08.17 16:01:01.444,0.98192,0.98207,1.50,1.13
2011.08.17 16:01:01.570,0.98189,0.98206,2.25,1.50
2011.08.17 16:01:01.686,0.98189,0.98206,2.25,4.13
2011.08.17 16:01:02.242,0.98189,0.98204,2.25,1.50
2011.08.17 16:01:02.802,0.98189,0.98203,1.50,2.63
2011.08.17 16:01:03.462,0.98189,0.98204,2.25,1.68
2011.08.17 16:01:04.034,0.98189,0.98204,1.50,1.68
2011.08.17 16:01:04.591,0.98189,0.98204,1.50,3.55
2011.08.17 16:01:05.143,0.9819,0.98206,1.50,4.68
2011.08.17 16:01:06.596,0.98191,0.98206,3.91,4.68
2011.08.17 16:01:07.003,0.98193,0.98206,1.35,2.43
2011.08.17 16:01:07.131,0.98195,0.98211,2.10,1.15
2011.08.17 16:01:07.250,0.98195,0.98211,1.50,3.44
2011.08.17 16:01:07.916,0.98195,0.98207,1.50,1.50
2011.08.17 16:01:08.147,0.98193,0.98207,1.50,1.50
2011.08.17 16:01:08.924,0.98193,0.98206,1.50,1.50
2011.08.17 16:01:10.247,0.98194,0.98206,3.00,1.50
2011.08.17 16:01:10.363,0.98194,0.9821,3.00,4.00
2011.08.17 16:01:10.487,0.98194,0.98207,1.50,2.63
2011.08.17 16:01:10.719,0.98191,0.98207,1.50,3.00
2011.08.17 16:01:11.273,0.98193,0.98207,1.50,1.50
2011.08.17 16:01:13.255,0.98194,0.98207,3.00,2.25
2011.08.17 16:01:13.377,0.98194,0.9821,3.00,3.25
2011.08.17 16:01:13.497,0.98193,0.98209,1.50,1.68
2011.08.17 16:01:13.725,0.98193,0.98206,1.50,1.50
2011.08.17 16:01:13.845,0.98193,0.98206,1.50,1.50
2011.08.17 16:01:18.082,0.98193,0.98206,1.50,1.50
2011.08.17 16:01:30.912,0.98193,0.98207,1.50,1.50
2011.08.17 16:01:35.226,0.98193,0.98206,1.50,1.50
2011.08.17 16:01:35.781,0.98193,0.98207,1.50,1.50
2011.08.17 16:01:41.244,0.98192,0.98207,1.50,1.50
2011.08.17 16:01:41.367,0.9819,0.98207,2.63,2.80
2011.08.17 16:01:41.750,0.98191,0.98206,3.38,1.50
2011.08.17 16:01:43.357,0.98192,0.98207,2.41,1.68
2011.08.17 16:01:43.912,0.98193,0.98207,1.50,1.50
2011.08.17 16:01:55.992,0.98193,0.98207,1.50,1.50
2011.08.17 16:01:56.952,0.98193,0.98207,1.50,1.50
2011.08.17 16:02:08.142,0.98193,0.98207,3.31,1.50
2011.08.17 16:02:08.484,0.98196,0.98206,1.28,1.50
2011.08.17 16:02:08.934,0.98198,0.98212,1.50,2.43
2011.08.17 16:02:09.531,0.98196,0.9821,2.25,1.50
2011.08.17 16:02:10.522,0.98194,0.98206,1.50,1.50
2011.08.17 16:02:12.622,0.98195,0.98206,1.50,1.50
2011.08.17 16:02:12.963,0.98196,0.98212,1.50,2.43
2011.08.17 16:02:13.522,0.98197,0.98212,2.25,2.05
2011.08.17 16:02:14.724,0.98197,0.98212,1.50,1.68
2011.08.17 16:02:15.282,0.98197,0.98212,2.03,1.68
2011.08.17 16:02:18.243,0.98197,0.98211,1.50,1.68
2011.08.17 16:02:22.082,0.98197,0.98211,1.50,1.68
2011.08.17 16:02:22.644,0.98197,0.98211,1.50,1.68
2011.08.17 16:02:26.484,0.98196,0.98208,1.50,1.35
2011.08.17 16:02:26.714,0.98193,0.98207,3.00,1.50
2011.08.17 16:02:27.163,0.98191,0.98205,1.50,4.90
2011.08.17 16:02:29.372,0.98188,0.98205,4.13,2.80
2011.08.17 16:02:29.824,0.98192,0.98206,1.50,2.25
2011.08.17 16:02:30.493,0.9819,0.98205,1.50,2.25
2011.08.17 16:02:31.161,0.9819,0.98204,1.50,2.10
2011.08.17 16:02:31.383,0.98186,0.98201,1.50,2.85
2011.08.17 16:02:31.614,0.98185,0.98201,1.50,3.60
2011.08.17 16:02:31.844,0.98184,0.98201,2.25,5.65
2011.08.17 16:02:32.073,0.98183,0.98201,2.25,4.90
2011.08.17 16:02:32.630,0.98183,0.98201,1.50,6.40
2011.08.17 16:02:37.183,0.98183,0.982,1.50,1.75
2011.08.17 16:02:38.257,0.98183,0.98199,1.50,2.05
2011.08.17 16:02:38.814,0.98181,0.98199,1.50,5.65
2011.08.17 16:02:39.331,0.98181,0.98199,1.50,5.65
2011.08.17 16:02:40.372,0.98181,0.98194,2.25,1.58
2011.08.17 16:02:40.606,0.98176,0.98192,3.00,1.88
2011.08.17 16:02:40.724,0.98176,0.98191,2.25,2.63
2011.08.17 16:02:40.846,0.98173,0.98186,3.00,2.40
2011.08.17 16:02:41.076,0.98169,0.98183,2.03,1.88
2011.08.17 16:02:41.193,0.98169,0.98183,1.28,2.05
2011.08.17 16:02:42.755,0.98169,0.98186,4.50,2.05
2011.08.17 16:02:43.093,0.98171,0.98188,1.50,5.50
2011.08.17 16:02:43.763,0.98171,0.98188,2.25,1.53
2011.08.17 16:02:44.323,0.98173,0.98188,1.50,1.53
2011.08.17 16:02:44.885,0.98171,0.98188,1.50,2.65
2011.08.17 16:02:45.317,0.98169,0.98185,1.50,1.68
2011.08.17 16:02:45.436,0.98168,0.98184,1.50,1.68
2011.08.17 16:02:45.552,0.98169,0.98184,1.28,1.68
2011.08.17 16:02:46.112,0.98169,0.98186,3.53,2.43
2011.08.17 16:02:46.671,0.9817,0.98186,1.28,1.68
2011.08.17 16:02:48.011,0.9817,0.98186,1.28,1.68
2011.08.17 16:02:48.571,0.98169,0.98186,3.53,1.68
2011.08.17 16:02:49.452,0.98169,0.98186,3.53,2.43
2011.08.17 16:02:50.012,0.98169,0.98185,3.53,2.43
2011.08.17 16:02:50.633,0.98169,0.98186,3.53,2.43
2011.08.17 16:02:51.152,0.98169,0.98186,2.78,3.18
2011.08.17 16:02:51.684,0.98169,0.98186,2.78,2.43
2011.08.17 16:02:52.025,0.98173,0.98189,3.38,2.65
2011.08.17 16:02:52.257,0.9817,0.98184,1.50,1.50
2011.08.17 16:02:52.816,0.98171,0.98187,1.50,1.68
2011.08.17 16:02:53.373,0.98168,0.98185,2.10,1.68
2011.08.17 16:02:54.153,0.98168,0.98184,2.25,1.68
2011.08.17 16:02:54.693,0.98168,0.98185,1.50,3.78
2011.08.17 16:02:55.234,0.98168,0.98185,2.25,2.28
2011.08.17 16:02:56.648,0.98168,0.98184,1.50,1.68
2011.08.17 16:02:56.766,0.98168,0.98184,1.50,3.55
2011.08.17 16:02:57.215,0.98166,0.98183,3.53,2.80
2011.08.17 16:03:03.922,0.98166,0.98182,3.00,2.05
2011.08.17 16:03:04.152,0.98166,0.98181,1.50,1.30
2011.08.17 16:03:04.496,0.98162,0.98179,1.50,2.28
2011.08.17 16:03:09.332,0.98162,0.98179,2.25,1.68
2011.08.17 16:03:09.452,0.98162,0.9818,3.00,3.18
2011.08.17 16:03:09.903,0.98164,0.98182,1.50,5.65
2011.08.17 16:03:10.135,0.98165,0.98182,1.50,4.90
2011.08.17 16:03:11.847,0.98164,0.98181,1.50,3.93
2011.08.17 16:03:12.293,0.98163,0.9818,3.00,1.30
2011.08.17 16:03:12.851,0.98163,0.98178,1.88,1.30
2011.08.17 16:03:13.292,0.98164,0.9818,3.75,1.30
2011.08.17 16:03:16.605,0.98164,0.9818,4.50,1.30
2011.08.17 16:03:17.246,0.98164,0.9818,4.50,1.30
2011.08.17 16:03:19.424,0.98165,0.98181,1.50,2.05
2011.08.17 16:03:22.183,0.98164,0.98177,3.75,1.13
2011.08.17 16:03:22.305,0.98164,0.98177,3.00,1.30
2011.08.17 16:03:22.862,0.98161,0.98177,1.65,3.93
2011.08.17 16:03:23.292,0.9816,0.98177,1.65,2.43
2011.08.17 16:03:23.853,0.9816,0.98177,1.65,2.05
2011.08.17 16:03:24.413,0.9816,0.98176,1.65,1.30
2011.08.17 16:03:24.972,0.98161,0.98177,1.65,2.05
2011.08.17 16:03:25.532,0.98161,0.98177,1.65,1.30
2011.08.17 16:03:29.554,0.9816,0.98177,1.65,2.05
2011.08.17 16:03:30.771,0.98159,0.98177,4.65,2.80
2011.08.17 16:03:32.959,0.98159,0.98177,4.50,2.80
2011.08.17 16:03:33.293,0.98159,0.98175,1.65,1.88
2011.08.17 16:03:33.417,0.98157,0.98173,1.50,1.13
2011.08.17 16:03:33.929,0.98157,0.98174,1.50,3.55
2011.08.17 16:03:34.385,0.98157,0.98174,2.25,1.30
2011.08.17 16:03:35.163,0.98157,0.98174,2.78,2.80
2011.08.17 16:03:38.591,0.98157,0.98174,2.25,2.80
2011.08.17 16:03:39.491,0.98157,0.98174,2.25,2.43
2011.08.17 16:03:41.813,0.98157,0.98174,1.50,2.80
2011.08.17 16:03:42.482,0.98157,0.98174,1.50,2.80
2011.08.17 16:03:42.715,0.98161,0.98176,1.88,2.43
2011.08.17 16:03:43.287,0.98168,0.9818,2.63,3.38
2011.08.17 16:03:43.417,0.98168,0.98186,4.13,1.75
2011.08.17 16:03:43.535,0.9817,0.98187,1.50,1.68
2011.08.17 16:03:43.873,0.98169,0.98185,1.50,2.28
2011.08.17 16:03:44.323,0.98169,0.98186,3.75,1.68
2011.08.17 16:03:47.939,0.98174,0.98191,3.00,2.05
2011.08.17 16:03:48.497,0.98174,0.9819,3.00,1.30
2011.08.17 16:03:52.278,0.98174,0.98189,2.25,2.80
2011.08.17 16:03:52.395,0.98171,0.98189,1.50,2.80
2011.08.17 16:03:52.815,0.98169,0.98188,2.78,1.68
2011.08.17 16:03:52.943,0.98169,0.98184,1.50,1.50
2011.08.17 16:03:53.065,0.98166,0.98182,2.03,1.68
2011.08.17 16:03:53.294,0.98165,0.98181,2.25,3.75
2011.08.17 16:03:53.853,0.98163,0.9818,1.50,1.53
2011.08.17 16:03:54.631,0.98165,0.9818,2.25,1.53
2011.08.17 16:03:55.183,0.98165,0.98183,3.75,1.68
2011.08.17 16:03:55.961,0.98165,0.98183,2.25,1.68
2011.08.17 16:03:56.188,0.98167,0.98183,1.13,1.68
2011.08.17 16:03:56.822,0.98174,0.9819,2.25,1.68
2011.08.17 16:03:56.948,0.98176,0.98192,1.50,1.68
2011.08.17 16:03:57.832,0.98173,0.9819,2.63,1.53
2011.08.17 16:03:57.952,0.98173,0.9819,1.88,2.28
2011.08.17 16:03:59.092,0.98171,0.98189,1.50,3.03
2011.08.17 16:03:59.542,0.98169,0.98185,3.75,1.68
2011.08.17 16:03:59.772,0.98167,0.98184,1.50,1.68
2011.08.17 16:04:00.331,0.98167,0.98184,1.50,1.68
2011.08.17 16:04:03.014,0.98168,0.98186,1.66,4.75
2011.08.17 16:04:03.378,0.98175,0.98191,1.50,3.18
2011.08.17 16:04:03.932,0.98173,0.9819,2.48,1.68
2011.08.17 16:04:04.711,0.98172,0.98189,1.50,2.28
2011.08.17 16:04:06.143,0.98174,0.9819,1.51,3.93
2011.08.17 16:04:06.268,0.98176,0.98191,2.25,3.75
2011.08.17 16:04:06.656,0.98178,0.98195,2.41,3.70
2011.08.17 16:04:07.009,0.98181,0.98198,3.60,3.00
2011.08.17 16:04:07.123,0.98182,0.98199,1.50,1.50
2011.08.17 16:04:07.684,0.98182,0.98199,2.25,1.50
2011.08.17 16:04:08.244,0.98183,0.982,2.25,1.68
2011.08.17 16:04:08.697,0.98185,0.98201,1.50,1.68
2011.08.17 16:04:09.035,0.98186,0.98202,2.25,1.30
2011.08.17 16:04:09.482,0.98182,0.98195,1.66,1.50
2011.08.17 16:04:09.619,0.98183,0.98197,3.00,1.53
2011.08.17 16:04:10.173,0.98186,0.98199,1.50,1.68
2011.08.17 16:04:10.515,0.98182,0.982,1.50,4.15
2011.08.17 16:04:16.314,0.98181,0.98199,1.50,2.43
2011.08.17 16:04:16.779,0.98181,0.98199,1.50,2.80
2011.08.17 16:04:21.084,0.98182,0.98199,1.50,2.43
2011.08.17 16:04:21.643,0.98181,0.98199,3.00,2.43
2011.08.17 16:04:22.203,0.98181,0.98199,2.25,2.43
2011.08.17 16:04:22.977,0.9818,0.98198,2.25,1.68
2011.08.17 16:04:23.550,0.98181,0.98199,1.50,1.68
2011.08.17 16:04:31.382,0.98183,0.98192,1.50,2.10
2011.08.17 16:04:31.638,0.98171,0.98184,1.50,1.88
2011.08.17 16:04:31.876,0.98166,0.98184,2.25,4.15
2011.08.17 16:04:32.434,0.98168,0.98184,1.50,3.40
2011.08.17 16:04:34.275,0.98168,0.98186,5.25,1.68
2011.08.17 16:04:35.053,0.9817,0.98187,1.50,2.28
2011.08.17 16:04:35.613,0.9817,0.98186,1.50,1.08
2011.08.17 16:04:35.844,0.98168,0.98184,1.50,2.28
2011.08.17 16:04:35.971,0.98167,0.98184,2.03,2.28
2011.08.17 16:04:36.525,0.98172,0.98187,1.50,1.68
2011.08.17 16:04:36.644,0.98172,0.98187,1.50,1.68
2011.08.17 16:04:37.611,0.98171,0.98186,1.66,1.53
2011.08.17 16:04:37.738,0.9817,0.98183,1.88,1.53
2011.08.17 16:04:37.860,0.98169,0.98185,2.63,3.03
2011.08.17 16:04:38.420,0.98169,0.98184,1.13,3.03
2011.08.17 16:04:38.538,0.98168,0.98183,2.03,1.53
2011.08.17 16:04:41.604,0.98165,0.98182,2.03,1.53
2011.08.17 16:04:41.833,0.98164,0.98182,3.00,2.28
2011.08.17 16:04:42.284,0.98163,0.9818,1.50,1.68
2011.08.17 16:04:42.403,0.98162,0.9818,2.25,3.93
2011.08.17 16:04:42.963,0.98164,0.98182,2.85,2.80
2011.08.17 16:04:43.301,0.98164,0.98182,2.85,1.68
2011.08.17 16:04:43.635,0.98164,0.9818,2.10,1.68
2011.08.17 16:04:43.864,0.98165,0.98181,1.50,1.68
2011.08.17 16:04:44.411,0.98165,0.98183,2.25,1.68
2011.08.17 16:04:45.054,0.98165,0.98183,1.50,2.43
2011.08.17 16:04:45.642,0.98165,0.98183,2.25,1.68
2011.08.17 16:04:47.822,0.98166,0.98184,2.78,3.03
2011.08.17 16:04:51.792,0.98168,0.98184,1.28,6.03
2011.08.17 16:04:52.462,0.98166,0.98182,2.03,2.28
2011.08.17 16:04:52.584,0.98166,0.9818,2.03,1.50
2011.08.17 16:04:52.922,0.98164,0.98179,1.50,1.68
2011.08.17 16:04:53.042,0.98162,0.98178,2.25,1.50
2011.08.17 16:04:53.382,0.98162,0.98178,1.50,1.68
2011.08.17 16:04:53.945,0.98162,0.98176,1.50,1.50
2011.08.17 16:04:54.066,0.98159,0.98175,1.50,2.43
2011.08.17 16:04:54.621,0.98158,0.98174,1.50,1.50
2011.08.17 16:04:55.210,0.98158,0.98174,2.25,1.50
2011.08.17 16:04:55.541,0.98158,0.98176,5.25,2.43
2011.08.17 16:04:55.873,0.98162,0.98176,1.28,1.68
2011.08.17 16:04:56.763,0.98162,0.98178,2.41,1.68
2011.08.17 16:04:57.102,0.98164,0.9818,2.41,1.68
2011.08.17 16:04:57.553,0.98165,0.98182,3.00,3.93
2011.08.17 16:04:57.674,0.98165,0.98181,1.50,1.68
2011.08.17 16:04:59.093,0.98166,0.98182,2.03,2.43
2011.08.17 16:04:59.652,0.98167,0.98182,1.50,1.68
2011.08.17 16:05:00.209,0.98166,0.98183,2.25,2.28
2011.08.17 16:05:00.768,0.98165,0.98182,1.50,2.63
2011.08.17 16:05:00.892,0.98164,0.9818,4.50,1.68
2011.08.17 16:05:01.239,0.98163,0.98179,1.50,2.80
2011.08.17 16:05:03.114,0.98165,0.98181,1.50,4.53
2011.08.17 16:05:03.887,0.98165,0.98181,2.03,3.78
2011.08.17 16:05:04.532,0.98166,0.98181,1.28,3.78
2011.08.17 16:05:05.984,0.98165,0.98181,1.28,3.78
2011.08.17 16:05:06.761,0.98165,0.9818,1.28,1.68
2011.08.17 16:05:07.330,0.98165,0.98181,1.28,3.78
2011.08.17 16:05:08.442,0.98165,0.98181,1.28,3.78
2011.08.17 16:05:09.005,0.98165,0.98181,1.28,3.78
2011.08.17 16:05:09.345,0.98167,0.98181,1.28,3.60
2011.08.17 16:05:09.686,0.98169,0.98187,1.50,4.68
2011.08.17 16:05:10.277,0.98172,0.98187,1.50,2.25
2011.08.17 16:05:10.617,0.98173,0.9819,1.50,1.68
2011.08.17 16:05:12.344,0.98173,0.98188,1.50,1.50
2011.08.17 16:05:12.467,0.98171,0.98186,1.50,2.28
2011.08.17 16:05:12.805,0.98168,0.98185,2.25,1.35
2011.08.17 16:05:12.927,0.98168,0.98185,2.03,2.10
2011.08.17 16:05:16.271,0.98168,0.98185,2.03,2.28
2011.08.17 16:05:17.153,0.98168,0.98185,2.63,3.18
2011.08.17 16:05:17.493,0.98166,0.98181,1.28,1.50
2011.08.17 16:05:18.053,0.98166,0.98179,1.28,1.50
2011.08.17 16:05:20.509,0.98165,0.98181,1.66,1.68
2011.08.17 16:05:20.845,0.98167,0.98184,1.50,3.03
2011.08.17 16:05:24.033,0.98167,0.98185,2.25,1.68
2011.08.17 16:05:24.593,0.98167,0.98185,3.31,1.68
2011.08.17 16:05:27.727,0.98167,0.98185,3.91,1.68
2011.08.17 16:05:28.077,0.98171,0.98187,1.88,1.35
2011.08.17 16:05:28.303,0.98172,0.98191,2.25,2.43
2011.08.17 16:05:30.602,0.98172,0.9819,3.60,1.68
2011.08.17 16:05:30.944,0.98171,0.98188,1.50,2.28
2011.08.17 16:05:34.618,0.98171,0.98188,2.25,1.53
2011.08.17 16:05:36.242,0.98171,0.98188,2.25,1.53
2011.08.17 16:05:36.363,0.98172,0.98188,2.25,1.53
2011.08.17 16:05:36.924,0.98172,0.9819,2.25,3.78
2011.08.17 16:05:37.265,0.98173,0.98188,1.50,1.35
2011.08.17 16:05:37.384,0.98172,0.98187,1.50,1.50
2011.08.17 16:05:37.615,0.98172,0.98188,3.00,1.35
2011.08.17 16:05:38.161,0.98173,0.9819,1.50,2.28
2011.08.17 16:05:40.483,0.98172,0.98188,2.25,1.53
2011.08.17 16:05:41.042,0.98172,0.98188,1.50,1.53
2011.08.17 16:05:44.670,0.98171,0.98188,1.50,2.28
2011.08.17 16:05:47.314,0.98171,0.98188,1.50,2.28
2011.08.17 16:05:47.874,0.98171,0.98188,2.25,2.28
2011.08.17 16:05:51.362,0.98171,0.98188,3.00,2.28
2011.08.17 16:05:51.922,0.98171,0.98188,1.50,3.03
2011.08.17 16:05:58.353,0.98174,0.98189,1.50,1.08
2011.08.17 16:05:59.023,0.98174,0.98192,2.25,7.90
2011.08.17 16:05:59.370,0.9818,0.98192,1.13,2.25
2011.08.17 16:05:59.484,0.9818,0.98196,1.13,3.18
2011.08.17 16:06:00.061,0.9818,0.98196,1.13,3.18
2011.08.17 16:06:01.291,0.98179,0.98196,1.88,3.18
2011.08.17 16:06:01.624,0.98179,0.98188,1.88,1.35
2011.08.17 16:06:01.745,0.98179,0.98188,1.13,1.35
2011.08.17 16:06:01.972,0.98171,0.98186,2.03,3.00
2011.08.17 16:06:02.532,0.98171,0.98186,1.50,2.25
2011.08.17 16:06:02.764,0.98172,0.98188,1.50,2.10
2011.08.17 16:06:02.884,0.9817,0.98188,3.00,3.40
2011.08.17 16:06:03.993,0.98172,0.98188,1.58,1.53
2011.08.17 16:06:04.333,0.9817,0.98186,2.25,3.18
2011.08.17 16:06:04.563,0.9817,0.98186,1.43,3.93
2011.08.17 16:06:05.352,0.98176,0.98194,3.38,3.03
2011.08.17 16:06:05.805,0.98176,0.98192,1.50,1.53
2011.08.17 16:06:06.371,0.98176,0.98191,1.50,2.25
2011.08.17 16:06:06.923,0.98178,0.98191,1.50,2.25
2011.08.17 16:06:07.263,0.98178,0.98194,1.50,1.50
2011.08.17 16:06:07.384,0.98178,0.98189,1.50,1.73
2011.08.17 16:06:07.613,0.98176,0.98186,1.50,2.25
2011.08.17 16:06:07.843,0.98177,0.9819,1.13,1.50
2011.08.17 16:06:08.345,0.98174,0.98187,1.50,1.50
2011.08.17 16:06:08.698,0.98172,0.98185,1.50,1.50
2011.08.17 16:06:08.815,0.98169,0.98184,1.50,1.13
2011.08.17 16:06:09.044,0.98171,0.98187,1.50,1.53
2011.08.17 16:06:09.276,0.98169,0.98185,1.50,1.50
2011.08.17 16:06:09.506,0.98172,0.98187,1.50,3.78
2011.08.17 16:06:09.624,0.98172,0.98187,2.25,1.53
2011.08.17 16:06:10.184,0.98174,0.98189,1.50,2.85
2011.08.17 16:06:10.523,0.98174,0.9819,1.50,1.68
2011.08.17 16:06:11.083,0.98176,0.98192,1.50,3.93
2011.08.17 16:06:12.145,0.98177,0.98193,1.35,3.93
2011.08.17 16:06:12.267,0.98177,0.98193,2.10,2.43
2011.08.17 16:06:13.154,0.98178,0.98194,1.50,1.68
2011.08.17 16:06:13.715,0.98178,0.98194,1.50,1.68
2011.08.17 16:06:17.195,0.98179,0.98196,3.00,1.68
2011.08.17 16:06:17.538,0.98178,0.98193,2.25,2.65
2011.08.17 16:06:17.654,0.98176,0.98192,1.50,1.35
2011.08.17 16:06:19.263,0.98176,0.98192,1.50,1.35
2011.08.17 16:06:19.714,0.98176,0.98192,1.50,2.48
2011.08.17 16:06:19.942,0.98174,0.98191,1.50,3.75
2011.08.17 16:06:20.063,0.98173,0.98191,2.25,3.93
2011.08.17 16:06:21.138,0.98179,0.98191,1.06,3.93
2011.08.17 16:06:21.475,0.9818,0.98197,3.98,1.68
2011.08.17 16:06:21.815,0.98184,0.98202,3.75,2.05
2011.08.17 16:06:22.043,0.98184,0.982,1.50,2.25
2011.08.17 16:06:25.964,0.98186,0.98201,2.25,3.00
2011.08.17 16:06:26.195,0.98188,0.98205,1.50,3.93
2011.08.17 16:06:26.755,0.98188,0.98205,3.00,2.43
2011.08.17 16:06:26.873,0.98188,0.98205,3.75,2.43
2011.08.17 16:06:29.672,0.9819,0.98207,1.50,2.58
2011.08.17 16:06:31.131,0.9819,0.98206,1.50,1.08
2011.08.17 16:06:35.902,0.98189,0.98207,2.25,4.08
2011.08.17 16:06:37.113,0.98191,0.98206,1.50,1.08
2011.08.17 16:06:37.785,0.9819,0.98204,1.50,1.50
2011.08.17 16:06:41.163,0.98191,0.98204,1.05,1.13
2011.08.17 16:06:41.721,0.98191,0.98204,1.05,1.13
2011.08.17 16:06:42.532,0.98191,0.98204,1.05,1.13
2011.08.17 16:06:43.093,0.98191,0.98204,1.05,1.13
2011.08.17 16:06:43.852,0.98191,0.98204,1.05,1.13
2011.08.17 16:06:44.415,0.98191,0.98204,1.05,1.13
2011.08.17 16:06:44.973,0.98191,0.98205,1.05,1.88
2011.08.17 16:06:45.640,0.98189,0.98203,2.25,1.50
2011.08.17 16:06:49.604,0.98188,0.98203,1.50,1.50
2011.08.17 16:06:50.162,0.98188,0.98203,2.25,2.25
2011.08.17 16:06:50.285,0.98188,0.98202,2.25,2.25
2011.08.17 16:06:50.735,0.98186,0.982,2.10,4.50
2011.08.17 16:06:52.644,0.98184,0.98199,2.25,1.50
2011.08.17 16:06:53.755,0.98181,0.98197,2.25,1.50
2011.08.17 16:06:53.876,0.9818,0.98197,2.25,1.50
2011.08.17 16:06:55.424,0.98181,0.98197,2.25,1.50
2011.08.17 16:06:56.056,0.98183,0.98199,1.58,1.50
2011.08.17 16:06:59.324,0.98186,0.98199,2.25,1.88
2011.08.17 16:06:59.562,0.98188,0.98199,1.50,1.13
2011.08.17 16:06:59.677,0.98188,0.98203,1.50,1.68
2011.08.17 16:06:59.795,0.98188,0.98203,1.50,1.50
2011.08.17 16:07:00.353,0.98187,0.98203,3.60,1.50
2011.08.17 16:07:00.927,0.98187,0.98203,2.85,1.50
2011.08.17 16:07:03.964,0.98188,0.98203,1.50,1.50
2011.08.17 16:07:04.304,0.98189,0.98204,1.50,1.88
2011.08.17 16:07:06.558,0.98187,0.98203,3.60,1.50
2011.08.17 16:07:07.115,0.98187,0.98203,2.25,2.25
2011.08.17 16:07:08.003,0.98186,0.98202,1.50,1.50
2011.08.17 16:07:11.672,0.98184,0.98201,1.50,2.28
2011.08.17 16:07:11.794,0.98183,0.98199,2.25,1.88
2011.08.17 16:07:16.286,0.98183,0.98198,1.50,1.50
2011.08.17 16:07:17.396,0.98183,0.98196,1.50,5.25
2011.08.17 16:07:17.732,0.98178,0.98193,1.81,1.50
2011.08.17 16:07:18.174,0.98179,0.98195,1.81,1.30
2011.08.17 16:07:18.293,0.9818,0.98196,2.25,3.18
2011.08.17 16:07:19.073,0.9818,0.98197,1.50,1.68
2011.08.17 16:07:19.633,0.9818,0.98196,1.50,1.68
2011.08.17 16:07:20.191,0.98179,0.98194,1.50,1.88
2011.08.17 16:07:22.003,0.98176,0.98193,1.95,2.28
2011.08.17 16:07:22.232,0.98175,0.98193,3.00,3.03
2011.08.17 16:07:23.223,0.98175,0.98191,3.00,2.25
2011.08.17 16:07:23.344,0.98175,0.98191,1.50,3.18
2011.08.17 16:07:24.135,0.98174,0.98191,2.25,1.68
2011.08.17 16:07:28.731,0.98174,0.98191,2.40,1.68
2011.08.17 16:07:39.622,0.98174,0.98191,2.25,1.68
2011.08.17 16:07:43.465,0.98174,0.9819,1.50,1.68
2011.08.17 16:07:44.022,0.98172,0.98188,2.78,1.68
2011.08.17 16:07:47.443,0.98174,0.98189,2.25,1.53
2011.08.17 16:07:50.072,0.98175,0.98192,1.65,2.80
2011.08.17 16:07:50.413,0.98176,0.98192,1.65,1.68
2011.08.17 16:07:51.633,0.98178,0.98192,1.35,1.68
2011.08.17 16:07:51.866,0.98179,0.98197,1.35,3.93
2011.08.17 16:07:52.204,0.98181,0.98197,1.50,1.68
2011.08.17 16:07:52.542,0.98184,0.98199,1.50,1.53
2011.08.17 16:07:52.873,0.98186,0.98199,1.58,1.53
2011.08.17 16:07:52.995,0.98185,0.98201,2.03,3.93
2011.08.17 16:07:53.401,0.98186,0.98202,2.63,1.68
2011.08.17 16:07:54.284,0.98186,0.98201,2.48,1.50
2011.08.17 16:07:54.405,0.98185,0.98201,1.73,3.93
2011.08.17 16:07:54.854,0.98188,0.98202,1.50,1.53
2011.08.17 16:07:55.084,0.98187,0.98202,1.50,1.53
2011.08.17 16:07:55.644,0.98186,0.98202,3.00,1.53
2011.08.17 16:07:56.955,0.98186,0.98202,1.50,1.53
2011.08.17 16:07:57.296,0.98183,0.982,1.50,1.68
2011.08.17 16:07:59.785,0.98183,0.982,1.58,1.68
2011.08.17 16:08:00.236,0.98186,0.98203,2.25,2.43
2011.08.17 16:08:00.919,0.98186,0.98203,2.25,1.68
2011.08.17 16:08:02.035,0.98184,0.98201,3.90,1.50
2011.08.17 16:08:02.593,0.98185,0.98202,2.56,2.43
2011.08.17 16:08:03.152,0.98188,0.98205,1.50,2.43
2011.08.17 16:08:05.898,0.98187,0.98205,3.53,3.18
2011.08.17 16:08:07.454,0.98188,0.98205,1.50,2.43
2011.08.17 16:08:08.017,0.98189,0.98205,1.58,1.68
2011.08.17 16:08:08.571,0.98187,0.98204,1.50,1.68
2011.08.17 16:08:09.121,0.98187,0.98204,1.50,1.68
2011.08.17 16:08:09.672,0.98187,0.98204,1.50,1.68
2011.08.17 16:08:10.273,0.98185,0.98202,2.25,3.60
2011.08.17 16:08:10.614,0.98185,0.98201,1.50,2.80
2011.08.17 16:08:10.844,0.98184,0.982,1.98,1.30
2011.08.17 16:08:10.968,0.98184,0.98199,2.05,1.13
2011.08.17 16:08:11.525,0.9818,0.98198,3.53,1.90
2011.08.17 16:08:11.757,0.98184,0.982,1.88,1.68
2011.08.17 16:08:12.775,0.98186,0.982,1.50,1.68
2011.08.17 16:08:12.893,0.98186,0.98202,4.13,2.28
2011.08.17 16:08:13.562,0.98185,0.98202,1.50,3.03
2011.08.17 16:08:14.263,0.98186,0.98202,1.50,3.03
2011.08.17 16:08:14.495,0.98188,0.98204,1.50,2.43
2011.08.17 16:08:15.051,0.98189,0.98205,1.13,1.68
2011.08.17 16:08:16.262,0.98189,0.98205,1.28,2.43
2011.08.17 16:08:16.825,0.9819,0.98205,1.13,1.68
2011.08.17 16:08:16.948,0.98189,0.98205,1.50,1.68
2011.08.17 16:08:17.066,0.98189,0.98205,2.41,1.68
2011.08.17 16:08:17.405,0.98189,0.98205,3.16,1.68
2011.08.17 16:08:17.869,0.9819,0.98205,1.66,1.50
2011.08.17 16:08:18.231,0.98192,0.98206,2.41,3.18
2011.08.17 16:08:18.349,0.98193,0.98208,1.13,2.28
2011.08.17 16:08:18.795,0.98191,0.98205,2.03,1.50
2011.08.17 16:08:20.576,0.98192,0.98207,1.28,5.28
2011.08.17 16:08:21.356,0.98193,0.98207,1.36,3.78
2011.08.17 16:08:21.693,0.98193,0.98207,1.50,2.28
2011.08.17 16:08:22.473,0.98193,0.98207,2.25,1.53
2011.08.17 16:08:22.703,0.98191,0.98207,3.00,1.53
2011.08.17 16:08:32.766,0.98194,0.98209,1.13,3.03
2011.08.17 16:08:33.110,0.98195,0.98211,2.41,1.53
2011.08.17 16:08:33.224,0.98195,0.9821,1.66,1.53
2011.08.17 16:08:34.126,0.98202,0.98215,1.28,2.05
2011.08.17 16:08:34.250,0.982,0.98214,1.66,1.30
2011.08.17 16:08:34.371,0.98199,0.98214,1.28,1.68
2011.08.17 16:08:34.607,0.98207,0.98216,1.28,2.25
2011.08.17 16:08:35.136,0.98211,0.98216,2.25,2.25
2011.08.17 16:08:35.258,0.98211,0.98224,2.78,1.50
2011.08.17 16:08:35.375,0.98212,0.9823,2.63,2.28
2011.08.17 16:08:35.497,0.98215,0.9823,1.13,2.10
2011.08.17 16:08:35.728,0.98218,0.98235,1.13,2.43
2011.08.17 16:08:35.962,0.98219,0.98236,1.50,1.68
2011.08.17 16:08:36.856,0.9822,0.98238,2.85,2.43
2011.08.17 16:08:36.976,0.98221,0.98238,1.35,2.25
2011.08.17 16:08:37.204,0.98222,0.98241,2.25,1.68
2011.08.17 16:08:37.436,0.98223,0.98242,2.11,5.65
2011.08.17 16:08:38.564,0.98225,0.9824,1.50,1.68
2011.08.17 16:08:39.123,0.98225,0.98242,1.50,6.40
2011.08.17 16:08:39.688,0.98225,0.98239,1.50,3.00
2011.08.17 16:08:40.132,0.98223,0.98236,1.50,2.48
2011.08.17 16:08:40.480,0.98222,0.98232,1.35,1.50
2011.08.17 16:08:40.707,0.98224,0.98236,2.25,1.35
2011.08.17 16:08:41.247,0.98222,0.98236,1.50,1.50
2011.08.17 16:08:41.696,0.98222,0.98238,1.50,1.88
2011.08.17 16:08:42.252,0.98221,0.98239,2.25,2.05
2011.08.17 16:08:42.709,0.98221,0.98237,1.50,1.50
2011.08.17 16:08:43.044,0.9822,0.98236,1.50,1.30
2011.08.17 16:08:43.387,0.98219,0.98232,3.00,1.88
2011.08.17 16:08:43.902,0.98217,0.9823,2.25,1.50
2011.08.17 16:08:44.146,0.98212,0.98228,2.25,1.68
2011.08.17 16:08:44.272,0.98212,0.98227,1.50,1.50
2011.08.17 16:08:44.493,0.98212,0.98229,1.50,1.68
2011.08.17 16:08:46.705,0.98213,0.98227,1.50,1.35
2011.08.17 16:08:46.935,0.98213,0.98227,1.50,1.13
2011.08.17 16:08:47.536,0.98209,0.98226,2.25,2.05
2011.08.17 16:08:48.095,0.98209,0.98226,1.50,1.68
2011.08.17 16:08:48.651,0.98212,0.98229,1.50,1.68
2011.08.17 16:08:49.095,0.98213,0.98231,2.10,2.43
2011.08.17 16:08:51.014,0.98213,0.98229,2.10,1.68
2011.08.17 16:08:51.573,0.98214,0.9823,1.50,2.43
2011.08.17 16:08:55.095,0.98214,0.98229,1.50,2.43
2011.08.17 16:08:55.987,0.98213,0.98228,1.50,2.48
2011.08.17 16:08:56.108,0.9821,0.98227,1.50,2.80
2011.08.17 16:08:56.443,0.9821,0.98228,1.50,6.03
2011.08.17 16:08:56.675,0.9821,0.98228,1.50,3.78
2011.08.17 16:08:58.126,0.98209,0.98225,1.50,1.53
2011.08.17 16:08:58.246,0.98208,0.98225,4.81,2.28
2011.08.17 16:08:58.475,0.98207,0.98224,2.25,2.05
2011.08.17 16:08:59.695,0.98207,0.98221,1.50,1.50
2011.08.17 16:09:00.032,0.982,0.98218,1.50,1.68
2011.08.17 16:09:01.313,0.982,0.98217,1.35,1.68
2011.08.17 16:09:01.546,0.98203,0.98221,1.50,7.53
2011.08.17 16:09:01.773,0.98205,0.98221,1.35,4.68
2011.08.17 16:09:02.002,0.98205,0.98222,2.10,1.68
2011.08.17 16:09:05.062,0.98205,0.98224,2.10,3.93
2011.08.17 16:09:05.514,0.98209,0.98226,1.50,1.68
2011.08.17 16:09:06.231,0.98212,0.98231,1.50,3.18
2011.08.17 16:09:06.794,0.98214,0.98228,1.50,1.50
2011.08.17 16:09:07.353,0.98213,0.98229,1.50,2.43
2011.08.17 16:09:07.913,0.98214,0.98231,1.50,3.78
2011.08.17 16:09:12.763,0.98215,0.98231,1.28,5.28
2011.08.17 16:09:13.325,0.98214,0.9823,1.50,1.68
2011.08.17 16:09:14.107,0.98214,0.98231,1.50,3.03
2011.08.17 16:09:15.571,0.98214,0.9823,1.50,1.68
2011.08.17 16:09:17.563,0.98214,0.98231,1.50,3.03
2011.08.17 16:09:17.904,0.98214,0.98231,1.58,1.53
2011.08.17 16:09:18.247,0.98215,0.98232,1.58,4.15
2011.08.17 16:09:18.365,0.98215,0.98232,2.25,4.15
2011.08.17 16:09:18.924,0.98215,0.98232,1.58,4.90
2011.08.17 16:09:19.043,0.98215,0.98232,1.65,4.90
2011.08.17 16:09:19.162,0.98215,0.98232,1.58,4.90
2011.08.17 16:09:19.391,0.98215,0.98232,1.50,4.90
2011.08.17 16:09:19.833,0.98215,0.98232,2.33,4.15
2011.08.17 16:09:20.067,0.98216,0.98232,2.25,2.25
2011.08.17 16:09:20.299,0.98218,0.98236,4.88,1.68
2011.08.17 16:09:20.416,0.98219,0.98237,1.58,2.80
2011.08.17 16:09:20.975,0.98218,0.98235,2.33,2.43
2011.08.17 16:09:21.495,0.98219,0.98235,1.50,2.43
2011.08.17 16:09:24.544,0.9822,0.98236,1.50,1.68
2011.08.17 16:09:27.305,0.98218,0.98236,3.75,2.43
2011.08.17 16:09:28.024,0.9822,0.98238,1.50,2.43
2011.08.17 16:09:28.363,0.9822,0.98238,2.25,1.68
2011.08.17 16:09:28.482,0.98219,0.98238,1.50,2.43
2011.08.17 16:09:28.607,0.9822,0.98238,2.85,3.18
2011.08.17 16:09:28.834,0.98222,0.9824,2.25,3.18
2011.08.17 16:09:29.065,0.98224,0.9824,1.50,1.68
2011.08.17 16:09:29.297,0.98224,0.98241,2.33,2.28
2011.08.17 16:09:29.413,0.98224,0.9824,1.50,1.68
2011.08.17 16:09:37.875,0.98223,0.98241,3.15,3.03
2011.08.17 16:09:38.432,0.98223,0.98241,3.53,2.28
2011.08.17 16:09:38.990,0.98222,0.98236,1.50,2.05
2011.08.17 16:09:39.339,0.98222,0.98238,1.58,1.68
2011.08.17 16:09:39.567,0.98224,0.98241,2.78,4.15
2011.08.17 16:09:39.687,0.98225,0.98241,1.50,3.40
2011.08.17 16:09:39.914,0.98222,0.98238,1.50,1.30
2011.08.17 16:09:40.471,0.9822,0.98237,1.35,2.05
2011.08.17 16:09:41.463,0.9822,0.98233,1.35,1.50
2011.08.17 16:09:41.808,0.98217,0.98234,2.25,2.65
2011.08.17 16:09:42.499,0.98219,0.98236,1.50,3.40
2011.08.17 16:09:42.621,0.9822,0.98237,2.25,1.30
2011.08.17 16:09:43.392,0.98219,0.98237,5.25,2.05
2011.08.17 16:09:45.610,0.98223,0.9824,1.50,2.28
2011.08.17 16:09:46.538,0.9822,0.98236,1.50,3.55
2011.08.17 16:09:48.564,0.98219,0.98234,3.00,4.15
2011.08.17 16:09:48.683,0.98217,0.98234,1.50,4.15
2011.08.17 16:09:49.326,0.98217,0.98234,1.50,3.40
2011.08.17 16:09:50.107,0.98219,0.98233,3.75,2.05
2011.08.17 16:09:50.230,0.98219,0.9823,3.75,1.13
2011.08.17 16:09:50.688,0.98219,0.98229,3.00,2.05
2011.08.17 16:09:50.818,0.98211,0.98227,1.50,3.18
2011.08.17 16:09:52.534,0.98211,0.98226,1.50,1.50
2011.08.17 16:09:53.093,0.9821,0.98227,1.50,5.65
2011.08.17 16:09:53.654,0.98209,0.98227,3.00,4.53
2011.08.17 16:09:55.715,0.98212,0.98227,1.50,3.03
2011.08.17 16:09:55.943,0.98214,0.98229,1.50,2.25
2011.08.17 16:09:56.505,0.98213,0.98228,1.50,1.35
2011.08.17 16:09:56.734,0.98212,0.98228,1.50,1.15
2011.08.17 16:09:57.299,0.98211,0.98226,2.25,1.50
2011.08.17 16:09:57.420,0.98211,0.98225,1.50,1.13
2011.08.17 16:09:57.755,0.98205,0.9822,1.50,2.25
2011.08.17 16:09:57.875,0.98205,0.9822,1.50,2.25
2011.08.17 16:09:58.821,0.98203,0.98221,1.50,2.80
2011.08.17 16:09:59.380,0.98205,0.98222,1.50,2.43
2011.08.17 16:10:01.038,0.98207,0.98222,1.50,2.25
2011.08.17 16:10:01.738,0.9821,0.98226,1.50,1.53
2011.08.17 16:10:09.344,0.98209,0.98226,1.50,2.28
2011.08.17 16:10:09.807,0.98213,0.98228,1.50,2.43
2011.08.17 16:10:11.553,0.98213,0.98228,2.25,1.68
2011.08.17 16:10:11.673,0.98213,0.98229,2.25,1.68
2011.08.17 16:10:11.904,0.98214,0.9823,1.50,2.28
2011.08.17 16:10:12.243,0.98214,0.9823,1.50,1.68
2011.08.17 16:10:12.803,0.98214,0.98229,1.50,1.68
2011.08.17 16:10:14.104,0.98215,0.98231,1.73,3.93
2011.08.17 16:10:14.333,0.98218,0.98235,3.38,1.30
2011.08.17 16:10:18.695,0.98219,0.98234,1.50,3.55
2011.08.17 16:10:19.039,0.98216,0.98227,1.50,2.05
2011.08.17 16:10:19.264,0.98209,0.98226,1.88,2.05
2011.08.17 16:10:19.385,0.98209,0.98226,1.13,2.80
2011.08.17 16:10:19.616,0.98208,0.98225,1.81,1.68
2011.08.17 16:10:19.954,0.98208,0.98225,4.06,1.68
2011.08.17 16:10:20.552,0.98208,0.98227,4.06,3.18
2011.08.17 16:10:21.874,0.98211,0.98227,1.35,3.18
2011.08.17 16:10:22.214,0.98212,0.98226,2.10,1.68
2011.08.17 16:10:22.767,0.98208,0.98224,1.50,2.43
2011.08.17 16:10:23.325,0.98207,0.98225,3.31,2.43
2011.08.17 16:10:23.445,0.9821,0.98225,1.50,3.18
2011.08.17 16:10:23.564,0.9821,0.98225,1.50,1.50
2011.08.17 16:10:23.796,0.98212,0.9823,1.50,3.93
2011.08.17 16:10:24.352,0.98213,0.98229,1.50,3.93
2011.08.17 16:10:28.134,0.98211,0.98226,1.50,2.43
2011.08.17 16:10:28.486,0.98207,0.98221,1.81,2.25
2011.08.17 16:10:29.020,0.98207,0.98221,1.81,2.25
2011.08.17 16:10:30.013,0.98207,0.98221,1.81,2.25
2011.08.17 16:10:33.425,0.98207,0.98224,1.81,3.03
2011.08.17 16:10:33.873,0.98207,0.98221,1.06,3.00
2011.08.17 16:10:34.431,0.98207,0.98221,1.06,2.25
2011.08.17 16:10:34.993,0.98207,0.98221,1.06,2.25
2011.08.17 16:10:35.775,0.98207,0.98221,1.06,2.25
2011.08.17 16:10:38.933,0.98208,0.98221,1.50,2.25
2011.08.17 16:10:39.275,0.98209,0.98225,1.50,1.68
2011.08.17 16:10:40.114,0.98217,0.98234,1.50,2.65
2011.08.17 16:10:41.672,0.98217,0.98233,2.10,1.68
2011.08.17 16:10:42.014,0.98221,0.98235,1.50,1.68
2011.08.17 16:10:42.242,0.98221,0.98238,2.25,1.90
2011.08.17 16:10:44.143,0.98221,0.98237,1.50,1.30
2011.08.17 16:10:44.266,0.98219,0.98236,3.75,3.55
2011.08.17 16:10:45.644,0.98219,0.98236,4.50,2.05
2011.08.17 16:10:46.953,0.98219,0.98236,4.50,2.05
2011.08.17 16:10:47.512,0.98219,0.98236,3.75,1.68
2011.08.17 16:10:48.062,0.9822,0.98236,1.50,1.68
2011.08.17 16:10:49.496,0.9822,0.98237,2.25,1.68
2011.08.17 16:10:55.604,0.9822,0.98237,2.25,1.68
2011.08.17 16:10:55.833,0.98222,0.9824,1.50,2.28
2011.08.17 16:10:57.235,0.98223,0.9824,1.50,1.53
2011.08.17 16:11:03.976,0.98226,0.9824,1.50,3.78
2011.08.17 16:11:04.431,0.98224,0.98233,3.75,1.50
2011.08.17 16:11:04.775,0.98216,0.98232,2.25,1.68
2011.08.17 16:11:05.334,0.98216,0.98233,2.25,3.03
2011.08.17 16:11:05.784,0.98218,0.98236,5.63,3.93
2011.08.17 16:11:06.123,0.98221,0.98237,1.50,1.68
2011.08.17 16:11:06.653,0.98221,0.98237,1.50,1.68
2011.08.17 16:11:06.886,0.9822,0.98236,1.50,2.43
2011.08.17 16:11:07.449,0.9822,0.98235,1.50,2.43
2011.08.17 16:11:09.445,0.98219,0.98226,1.50,2.10
2011.08.17 16:11:09.784,0.9821,0.98226,1.50,4.35
2011.08.17 16:11:10.529,0.9821,0.98226,1.50,4.35
2011.08.17 16:11:10.650,0.98212,0.98228,1.50,3.03
2011.08.17 16:11:11.094,0.98211,0.98226,1.50,1.15
2011.08.17 16:11:11.439,0.98205,0.98221,1.50,1.50
2011.08.17 16:11:11.554,0.98205,0.98221,1.50,1.50
2011.08.17 16:11:11.674,0.98208,0.98223,1.50,2.28
2011.08.17 16:11:12.344,0.98205,0.98222,1.50,3.18
2011.08.17 16:11:12.573,0.98205,0.98222,1.50,2.43
2011.08.17 16:11:13.435,0.98205,0.98219,1.50,1.50
2011.08.17 16:11:13.955,0.98202,0.98218,1.88,1.68
2011.08.17 16:11:14.406,0.98199,0.98215,5.25,1.53
2011.08.17 16:11:14.855,0.98195,0.98212,1.50,3.18
2011.08.17 16:11:15.416,0.98195,0.98212,1.50,3.55
2011.08.17 16:11:15.972,0.98194,0.98212,1.50,4.30
2011.08.17 16:11:17.722,0.98194,0.98212,1.50,4.30
2011.08.17 16:11:18.162,0.98194,0.98212,1.50,4.30
2011.08.17 16:11:19.486,0.98196,0.98212,2.55,2.80
2011.08.17 16:11:19.612,0.98197,0.98213,1.50,1.30
2011.08.17 16:11:20.163,0.98196,0.98212,2.55,2.43
2011.08.17 16:11:21.056,0.98196,0.98212,1.80,3.18
2011.08.17 16:11:27.564,0.98195,0.98211,1.50,2.28
2011.08.17 16:11:28.122,0.98196,0.98211,1.50,2.28
2011.08.17 16:11:28.343,0.98196,0.98206,1.50,2.10
2011.08.17 16:11:28.904,0.98188,0.98204,2.56,1.53
2011.08.17 16:11:29.027,0.98188,0.98204,2.19,1.53
2011.08.17 16:11:29.696,0.98188,0.98204,2.03,1.68
2011.08.17 16:11:30.273,0.98186,0.98204,2.19,2.28
2011.08.17 16:11:30.844,0.98186,0.98204,2.03,3.03
2011.08.17 16:11:30.968,0.98186,0.982,1.81,2.10
2011.08.17 16:11:31.302,0.98184,0.98196,1.50,2.25
2011.08.17 16:11:31.643,0.9818,0.98196,2.25,2.25
2011.08.17 16:11:31.984,0.9818,0.98196,2.25,3.60
2011.08.17 16:11:32.105,0.9818,0.98196,1.50,4.53
2011.08.17 16:11:32.776,0.9818,0.98194,1.50,2.05
2011.08.17 16:11:33.003,0.9818,0.98195,1.50,2.80
2011.08.17 16:11:33.564,0.9818,0.98198,1.50,1.68
2011.08.17 16:11:33.683,0.98181,0.98197,2.25,3.38
2011.08.17 16:11:34.316,0.98181,0.98199,1.50,3.18
2011.08.17 16:11:34.873,0.98181,0.98196,1.50,1.13
2011.08.17 16:11:35.212,0.98179,0.98195,3.60,1.13
2011.08.17 16:11:35.335,0.9818,0.98196,1.50,3.00
2011.08.17 16:11:35.677,0.98185,0.98199,1.50,1.53
2011.08.17 16:11:37.335,0.98185,0.98202,1.35,1.68
2011.08.17 16:11:37.564,0.98184,0.98201,3.08,3.18
2011.08.17 16:11:38.563,0.98186,0.98203,2.25,1.30
2011.08.17 16:11:38.792,0.98186,0.98204,2.25,2.80
2011.08.17 16:11:39.463,0.98186,0.98204,2.25,2.80
2011.08.17 16:11:39.794,0.98189,0.98204,1.50,1.30
2011.08.17 16:11:40.023,0.98189,0.98205,3.75,1.30
2011.08.17 16:11:42.022,0.98189,0.98206,3.75,1.30
2011.08.17 16:11:46.934,0.98189,0.98205,1.50,2.05
2011.08.17 16:11:50.564,0.98189,0.98205,2.25,2.05
2011.08.17 16:11:50.905,0.9819,0.98208,2.25,2.43
2011.08.17 16:11:51.135,0.9819,0.98206,1.50,2.05
2011.08.17 16:11:51.255,0.98187,0.98205,1.50,1.30
2011.08.17 16:11:51.596,0.98192,0.98205,1.50,1.68
2011.08.17 16:11:54.892,0.98192,0.98208,1.50,1.68
2011.08.17 16:11:55.222,0.98192,0.98207,1.50,1.30
2011.08.17 16:11:56.544,0.9819,0.98207,2.25,1.30
2011.08.17 16:11:56.776,0.9819,0.98207,2.78,1.30
2011.08.17 16:11:56.892,0.98192,0.98208,1.50,1.30
2011.08.17 16:11:57.456,0.98193,0.98208,3.00,1.68
2011.08.17 16:12:00.003,0.98196,0.98211,2.03,1.68
2011.08.17 16:12:00.673,0.98196,0.98213,3.08,2.05
2011.08.17 16:12:03.845,0.98197,0.98213,1.50,1.30
2011.08.17 16:12:03.965,0.98198,0.98214,1.50,1.68
2011.08.17 16:12:04.626,0.98199,0.98216,4.35,1.68
2011.08.17 16:12:04.853,0.982,0.98216,2.10,1.68
2011.08.17 16:12:05.952,0.982,0.98216,2.10,1.68
2011.08.17 16:12:06.502,0.982,0.98218,2.10,1.30
2011.08.17 16:12:12.129,0.98199,0.98216,3.75,1.30
2011.08.17 16:12:13.563,0.98203,0.98218,4.88,1.30
2011.08.17 16:12:14.122,0.98199,0.98217,1.50,2.80
2011.08.17 16:12:14.723,0.982,0.98217,1.50,2.05
2011.08.17 16:12:15.505,0.98196,0.98214,2.03,1.53
2011.08.17 16:12:15.628,0.98198,0.98213,1.50,1.53
2011.08.17 16:12:15.965,0.98196,0.98213,1.50,1.53
2011.08.17 16:12:19.957,0.98198,0.98213,1.50,1.30
2011.08.17 16:12:20.842,0.98196,0.98214,2.78,2.80
2011.08.17 16:12:22.522,0.98197,0.98214,1.50,2.80
2011.08.17 16:12:23.073,0.98197,0.98214,1.50,2.80
2011.08.17 16:12:23.637,0.98198,0.98214,1.50,2.80
2011.08.17 16:12:24.082,0.98197,0.98214,1.50,2.05
2011.08.17 16:12:25.185,0.98196,0.98205,1.50,1.35
2011.08.17 16:12:25.526,0.98187,0.982,1.06,1.30
2011.08.17 16:12:26.253,0.98187,0.982,1.06,1.30
2011.08.17 16:12:26.818,0.98185,0.98201,1.50,1.30
2011.08.17 16:12:26.940,0.98185,0.982,1.50,2.65
2011.08.17 16:12:27.165,0.98182,0.98199,3.00,2.05
2011.08.17 16:12:30.143,0.98182,0.982,3.00,2.05
2011.08.17 16:12:30.702,0.98182,0.98199,3.00,1.30
2011.08.17 16:12:32.445,0.98182,0.98196,2.25,3.00
2011.08.17 16:12:32.673,0.98178,0.98194,3.16,1.53
2011.08.17 16:12:33.675,0.98178,0.98193,1.81,1.53
2011.08.17 16:12:34.772,0.98178,0.98194,1.81,1.90
2011.08.17 16:12:35.432,0.98178,0.98194,1.81,1.53
2011.08.17 16:12:35.992,0.98178,0.98194,1.81,1.53
2011.08.17 16:12:36.652,0.98178,0.98195,1.81,3.18
2011.08.17 16:12:37.223,0.98178,0.98195,2.56,3.93
2011.08.17 16:12:37.892,0.98178,0.98195,2.56,1.68
2011.08.17 16:12:38.456,0.98178,0.98195,2.56,1.68
2011.08.17 16:12:39.559,0.98178,0.98195,2.94,1.68
2011.08.17 16:12:39.787,0.98179,0.98195,1.88,1.68
2011.08.17 16:12:40.200,0.98178,0.98196,4.59,4.90
2011.08.17 16:12:40.743,0.98178,0.98195,4.06,1.68
2011.08.17 16:12:41.532,0.98178,0.98195,4.06,1.68
2011.08.17 16:12:42.039,0.98178,0.98195,4.06,1.68
2011.08.17 16:12:42.374,0.98181,0.98195,1.28,1.68
2011.08.17 16:12:42.495,0.98178,0.98195,4.44,1.68
2011.08.17 16:12:47.229,0.98178,0.98195,1.50,3.18
2011.08.17 16:12:47.844,0.98175,0.98192,2.03,1.30
2011.08.17 16:12:49.076,0.98174,0.9819,3.00,2.28
2011.08.17 16:12:49.963,0.98175,0.9819,1.50,1.68
2011.08.17 16:12:51.477,0.98175,0.98191,1.50,1.53
2011.08.17 16:12:51.816,0.98174,0.98189,4.50,1.68
2011.08.17 16:12:56.796,0.98174,0.98191,3.00,1.53
2011.08.17 16:12:56.913,0.98174,0.98191,3.00,1.53
2011.08.17 16:12:59.633,0.98178,0.98192,1.50,1.30
2011.08.17 16:13:00.087,0.98179,0.98196,1.50,1.68
2011.08.17 16:13:00.314,0.98179,0.98196,3.75,1.68
2011.08.17 16:13:00.882,0.9818,0.98198,1.50,1.30
2011.08.17 16:13:03.507,0.98183,0.98198,1.50,2.05
2011.08.17 16:13:03.842,0.98185,0.982,1.35,2.05
2011.08.17 16:13:04.643,0.98181,0.98199,1.50,3.03
2011.08.17 16:13:06.823,0.98181,0.98199,2.25,1.53
2011.08.17 16:13:07.604,0.98182,0.982,1.50,2.28
2011.08.17 16:13:07.833,0.98182,0.982,1.50,1.68
2011.08.17 16:13:10.173,0.98185,0.98201,1.50,2.43
2011.08.17 16:13:11.379,0.98185,0.982,1.50,2.05
2011.08.17 16:13:17.564,0.98185,0.982,1.50,1.68
2011.08.17 16:13:18.504,0.98185,0.98202,1.50,5.65
2011.08.17 16:13:19.172,0.98184,0.98202,1.50,5.65
2011.08.17 16:13:21.243,0.98185,0.98202,1.50,6.40
2011.08.17 16:13:21.805,0.98185,0.982,1.50,1.30
2011.08.17 16:13:23.495,0.98185,0.98202,1.50,4.15
2011.08.17 16:13:24.102,0.98184,0.98201,1.50,2.43
2011.08.17 16:13:26.033,0.98184,0.98201,1.65,2.43
2011.08.17 16:13:26.263,0.98184,0.98201,1.50,2.43
2011.08.17 16:13:27.154,0.98184,0.98201,1.58,2.43
2011.08.17 16:13:27.276,0.98184,0.98201,1.50,2.43
2011.08.17 16:13:27.943,0.98184,0.98201,1.58,1.68
2011.08.17 16:13:28.062,0.98184,0.98201,1.50,1.68
2011.08.17 16:13:28.172,0.98184,0.98201,1.58,1.68
2011.08.17 16:13:28.402,0.98184,0.98201,1.50,1.68
2011.08.17 16:13:28.733,0.98184,0.98201,1.58,1.68
2011.08.17 16:13:28.962,0.98184,0.98201,1.50,3.18
2011.08.17 16:13:29.183,0.98184,0.98201,1.58,1.68
2011.08.17 16:13:29.523,0.98184,0.98202,1.58,5.65
2011.08.17 16:13:31.296,0.98185,0.98202,2.11,4.90
2011.08.17 16:13:31.417,0.98187,0.98202,1.58,3.78
2011.08.17 16:13:31.536,0.98189,0.98202,1.50,3.03
2011.08.17 16:13:32.093,0.98189,0.98205,1.50,2.43
2011.08.17 16:13:33.841,0.9819,0.98205,1.80,1.68
2011.08.17 16:13:33.975,0.98194,0.98209,3.90,1.50
2011.08.17 16:13:34.095,0.98196,0.98214,1.50,2.28
2011.08.17 16:13:34.652,0.98195,0.98212,1.50,1.68
2011.08.17 16:13:34.775,0.98195,0.98211,1.50,1.68
2011.08.17 16:13:35.333,0.98193,0.98211,1.50,4.68
2011.08.17 16:13:35.673,0.98194,0.98209,1.50,1.68
2011.08.17 16:13:35.793,0.98194,0.98209,1.50,1.68
2011.08.17 16:13:37.125,0.98194,0.98207,1.50,2.48
2011.08.17 16:13:37.356,0.98188,0.98202,1.50,2.25
2011.08.17 16:13:37.477,0.98188,0.98202,2.25,2.25
2011.08.17 16:13:37.597,0.98189,0.98205,1.50,1.53
2011.08.17 16:13:37.935,0.98185,0.98202,1.50,3.38
2011.08.17 16:13:38.056,0.98181,0.98196,1.50,1.68
2011.08.17 16:13:38.553,0.98181,0.98192,1.50,2.25
2011.08.17 16:13:38.683,0.98179,0.98197,3.00,1.68
2011.08.17 16:13:39.243,0.9818,0.982,1.50,3.18
2011.08.17 16:13:39.854,0.98179,0.98195,2.25,2.43
2011.08.17 16:13:39.978,0.98176,0.98193,1.50,1.30
2011.08.17 16:13:40.426,0.98175,0.98191,1.50,6.55
2011.08.17 16:13:40.762,0.98175,0.98191,1.50,3.18
2011.08.17 16:13:41.644,0.98175,0.98191,1.50,3.18
2011.08.17 16:13:41.764,0.98177,0.98191,1.50,2.43
2011.08.17 16:13:45.325,0.98177,0.98192,1.50,1.68
2011.08.17 16:13:45.875,0.98177,0.98193,1.50,1.68
2011.08.17 16:13:51.805,0.98177,0.98195,2.25,5.87
2011.08.17 16:13:52.323,0.98179,0.98195,5.25,1.53
2011.08.17 16:13:52.447,0.9818,0.98197,1.50,2.28
2011.08.17 16:13:59.343,0.98181,0.982,1.50,3.40
2011.08.17 16:13:59.463,0.98183,0.982,1.50,3.40
2011.08.17 16:14:00.025,0.98182,0.982,2.25,2.28
2011.08.17 16:14:01.795,0.98184,0.98201,1.50,3.03
2011.08.17 16:14:02.134,0.98187,0.98204,1.50,1.68
2011.08.17 16:14:02.253,0.98189,0.98204,3.00,1.68
2011.08.17 16:14:02.814,0.98189,0.98206,3.00,2.28
2011.08.17 16:14:08.922,0.98189,0.98206,3.00,2.28
2011.08.17 16:14:14.374,0.9819,0.98206,2.25,1.53
2011.08.17 16:14:20.633,0.9819,0.98206,1.50,1.53
2011.08.17 16:14:24.212,0.9819,0.98206,1.50,1.53
2011.08.17 16:14:34.754,0.98194,0.98206,1.44,1.53
2011.08.17 16:14:35.095,0.98196,0.98212,1.50,2.80
2011.08.17 16:14:35.213,0.98196,0.98212,1.50,2.80
2011.08.17 16:14:35.773,0.98199,0.98214,1.50,2.80
2011.08.17 16:14:36.119,0.98194,0.98205,3.46,1.88
2011.08.17 16:14:36.467,0.98186,0.98199,1.28,2.48
2011.08.17 16:14:36.912,0.98183,0.98198,1.50,1.68
2011.08.17 16:14:37.031,0.9818,0.98198,1.50,1.30
2011.08.17 16:14:37.367,0.9818,0.98197,1.50,2.80
2011.08.17 16:14:37.705,0.98178,0.98193,1.50,1.35
2011.08.17 16:14:38.702,0.98177,0.98195,1.50,3.18
2011.08.17 16:14:39.473,0.98177,0.98195,1.50,3.78
2011.08.17 16:14:40.604,0.98178,0.98195,1.35,3.18
2011.08.17 16:14:40.723,0.98178,0.98195,1.35,1.68
2011.08.17 16:14:41.175,0.98179,0.98189,3.00,1.35
2011.08.17 16:14:41.295,0.98174,0.98187,2.03,2.25
2011.08.17 16:14:41.745,0.98174,0.9819,2.25,2.10
2011.08.17 16:14:42.084,0.98174,0.98191,3.75,2.43
2011.08.17 16:14:42.634,0.98175,0.98191,1.50,3.78
2011.08.17 16:14:42.759,0.98174,0.98184,2.25,1.13
2011.08.17 16:14:42.992,0.9817,0.98184,2.25,1.50
2011.08.17 16:14:43.542,0.98169,0.98184,1.50,2.63
2011.08.17 16:14:44.092,0.98168,0.98184,2.10,2.85
2011.08.17 16:14:44.315,0.98173,0.98187,1.50,1.50
2011.08.17 16:14:44.435,0.98174,0.98191,1.50,4.53
2011.08.17 16:14:44.663,0.98173,0.98191,3.00,3.00
2011.08.17 16:14:45.373,0.98175,0.98191,1.50,3.75
2011.08.17 16:14:46.264,0.98176,0.98192,1.50,1.30
2011.08.17 16:14:46.609,0.98174,0.98189,1.50,2.80
2011.08.17 16:14:46.835,0.98173,0.98189,1.50,3.55
2011.08.17 16:14:47.503,0.98173,0.98189,1.50,4.30
2011.08.17 16:14:48.053,0.98173,0.98188,1.50,1.98
2011.08.17 16:14:48.604,0.98173,0.98185,1.50,1.50
2011.08.17 16:14:49.202,0.9817,0.98184,1.50,1.50
2011.08.17 16:14:49.324,0.98169,0.98184,2.10,3.75
2011.08.17 16:14:49.884,0.98169,0.98185,1.35,1.68
2011.08.17 16:14:50.004,0.98169,0.98186,2.10,3.93
2011.08.17 16:14:50.123,0.98169,0.98186,3.60,2.80
2011.08.17 16:14:51.823,0.98169,0.98185,1.50,1.13
2011.08.17 16:14:51.947,0.98169,0.98184,1.50,1.88
2011.08.17 16:14:52.067,0.98168,0.98184,1.50,2.43
2011.08.17 16:14:52.297,0.9817,0.98186,2.10,3.93
2011.08.17 16:14:52.635,0.98172,0.98188,2.25,1.30
2011.08.17 16:14:52.863,0.98172,0.98188,1.50,1.30
2011.08.17 16:14:53.289,0.9817,0.98185,1.50,1.88
2011.08.17 16:14:53.626,0.9817,0.98186,2.10,2.80
2011.08.17 16:14:54.074,0.98172,0.98188,1.50,1.50
2011.08.17 16:14:55.451,0.98172,0.98188,1.50,4.13
2011.08.17 16:14:56.092,0.98172,0.98188,1.50,2.25
2011.08.17 16:14:57.552,0.98172,0.98187,1.50,1.73
2011.08.17 16:14:57.778,0.98171,0.98185,1.50,2.85
2011.08.17 16:14:58.322,0.98169,0.98185,1.50,1.50
2011.08.17 16:14:58.663,0.98172,0.98189,1.50,2.43
2011.08.17 16:14:59.005,0.98172,0.98189,1.50,3.18
2011.08.17 16:15:00.933,0.98172,0.9819,2.33,3.93
2011.08.17 16:15:01.493,0.98173,0.9819,1.50,2.43
2011.08.17 16:15:01.724,0.98173,0.9819,1.58,2.43
2011.08.17 16:15:02.063,0.98173,0.9819,2.25,1.68
2011.08.17 16:15:03.233,0.98173,0.9819,1.50,2.43
2011.08.17 16:15:05.004,0.98173,0.9819,1.50,3.18
2011.08.17 16:15:05.564,0.98174,0.9819,1.50,2.25
2011.08.17 16:15:07.817,0.98173,0.9819,1.50,2.05
2011.08.17 16:15:08.374,0.98173,0.98189,1.50,1.68
2011.08.17 16:15:12.646,0.98174,0.9819,1.50,1.68
2011.08.17 16:15:20.179,0.98173,0.98186,1.58,1.50
2011.08.17 16:15:20.626,0.98174,0.98189,1.50,2.25
2011.08.17 16:15:21.182,0.98174,0.98191,2.25,4.13
2011.08.17 16:15:22.283,0.98175,0.98193,1.50,1.68
2011.08.17 16:15:22.735,0.98176,0.98193,1.50,1.30
2011.08.17 16:15:23.075,0.98179,0.98195,5.03,2.43
2011.08.17 16:15:23.413,0.98183,0.98198,2.25,2.25
2011.08.17 16:15:24.225,0.98181,0.98199,1.50,4.15
2011.08.17 16:15:24.674,0.98179,0.98197,5.10,2.05
2011.08.17 16:15:27.215,0.98177,0.98196,1.50,2.43
2011.08.17 16:15:27.555,0.98176,0.98194,2.25,2.43
2011.08.17 16:15:28.114,0.98176,0.98192,1.50,3.75
2011.08.17 16:15:28.568,0.98175,0.9819,2.25,3.38
2011.08.17 16:15:28.904,0.98175,0.98191,2.25,2.43
2011.08.17 16:15:29.464,0.98175,0.98191,2.25,2.43
2011.08.17 16:15:42.564,0.98175,0.9819,1.50,3.38
2011.08.17 16:15:42.794,0.98175,0.9819,1.50,1.50
2011.08.17 16:15:42.913,0.98175,0.98189,1.50,1.50
2011.08.17 16:15:43.252,0.98175,0.9819,1.50,1.50
2011.08.17 16:15:43.362,0.98175,0.9819,1.50,1.50
2011.08.17 16:15:43.582,0.98175,0.9819,1.50,1.50
2011.08.17 16:15:44.837,0.98175,0.9819,1.50,2.25
2011.08.17 16:15:45.286,0.98175,0.9819,1.50,3.03
2011.08.17 16:15:45.927,0.98173,0.9819,1.50,4.53
2011.08.17 16:15:47.722,0.98173,0.9819,1.50,3.78
2011.08.17 16:15:51.915,0.98172,0.98187,1.50,1.13
2011.08.17 16:15:52.034,0.98172,0.98187,1.50,1.13
2011.08.17 16:15:52.154,0.9817,0.98187,2.10,2.80
2011.08.17 16:15:52.823,0.9817,0.98187,2.10,2.80
2011.08.17 16:15:53.664,0.98172,0.98189,1.50,1.68
2011.08.17 16:15:53.783,0.98172,0.98189,2.25,1.68
2011.08.17 16:15:54.347,0.98172,0.98189,2.25,1.68
2011.08.17 16:15:55.813,0.98171,0.98187,1.50,1.68
2011.08.17 16:15:56.375,0.9817,0.98187,2.10,2.80
2011.08.17 16:15:56.495,0.98169,0.98186,1.35,1.68
2011.08.17 16:15:56.723,0.98169,0.98186,4.35,1.68
2011.08.17 16:15:57.492,0.98167,0.98186,3.00,3.55
2011.08.17 16:15:57.828,0.98165,0.98182,2.03,3.75
2011.08.17 16:15:58.053,0.98165,0.98182,2.03,3.75
2011.08.17 16:15:58.285,0.98164,0.9818,1.28,1.50
2011.08.17 16:15:58.845,0.98162,0.98179,2.25,1.50
2011.08.17 16:15:59.406,0.98162,0.98178,2.25,1.50
2011.08.17 16:16:06.636,0.98162,0.98177,2.25,1.50
2011.08.17 16:16:06.754,0.98162,0.98178,2.25,2.25
2011.08.17 16:16:07.766,0.98163,0.98178,1.50,1.50
2011.08.17 16:16:08.326,0.98162,0.98178,2.25,3.00
2011.08.17 16:16:09.014,0.98162,0.98178,2.25,1.50
2011.08.17 16:16:13.996,0.98162,0.98177,1.50,3.53
2011.08.17 16:16:14.227,0.98159,0.98176,2.25,6.00
2011.08.17 16:16:14.713,0.9816,0.98175,1.73,1.35
2011.08.17 16:16:15.045,0.98162,0.98176,1.50,1.50
2011.08.17 16:16:15.713,0.98162,0.9818,1.50,3.03
2011.08.17 16:16:16.274,0.98162,0.98179,2.10,1.50
2011.08.17 16:16:17.385,0.98162,0.9818,2.85,3.93
2011.08.17 16:16:30.073,0.98164,0.98178,1.50,1.35
2011.08.17 16:16:33.072,0.98162,0.98178,1.50,2.10
2011.08.17 16:16:35.513,0.98162,0.98177,1.50,1.50
2011.08.17 16:16:39.154,0.98162,0.98176,1.50,1.50
2011.08.17 16:16:39.274,0.98162,0.98176,1.50,1.50
2011.08.17 16:16:40.675,0.98162,0.98176,1.73,1.65
2011.08.17 16:16:41.276,0.9816,0.98173,1.50,1.65
2011.08.17 16:16:42.274,0.98158,0.98173,1.50,1.50
2011.08.17 16:16:42.832,0.98157,0.98172,1.35,2.25
2011.08.17 16:16:43.357,0.98157,0.98173,2.10,1.50
2011.08.17 16:16:45.497,0.98157,0.98173,1.73,1.50
2011.08.17 16:16:47.676,0.98158,0.98173,1.50,1.50
2011.08.17 16:16:48.233,0.98157,0.98172,1.50,1.50
2011.08.17 16:16:48.785,0.98157,0.98173,1.50,2.25
2011.08.17 16:16:49.236,0.9816,0.98174,2.25,1.50
2011.08.17 16:16:49.684,0.98157,0.98173,2.85,1.50
2011.08.17 16:16:51.425,0.98159,0.98175,2.25,1.50
2011.08.17 16:16:51.546,0.98159,0.98179,5.63,3.18
2011.08.17 16:16:52.104,0.98161,0.98178,2.25,2.80
2011.08.17 16:16:52.446,0.98161,0.98176,1.50,1.13
2011.08.17 16:16:52.801,0.98159,0.9817,1.50,2.63
2011.08.17 16:16:52.920,0.98156,0.98168,1.50,1.13
2011.08.17 16:16:53.341,0.98152,0.98169,2.10,1.50
2011.08.17 16:16:54.337,0.98151,0.98168,2.25,1.50
2011.08.17 16:16:58.113,0.98152,0.98168,1.50,1.50
2011.08.17 16:16:58.235,0.98151,0.98167,1.50,1.50
2011.08.17 16:16:58.796,0.9815,0.98166,1.06,3.93
2011.08.17 16:16:59.477,0.98152,0.98166,1.50,2.43
2011.08.17 16:17:04.312,0.98152,0.98169,2.25,1.68
2011.08.17 16:17:04.426,0.98154,0.9817,1.50,2.05
2011.08.17 16:17:04.987,0.98154,0.9817,3.00,1.68
2011.08.17 16:17:05.643,0.98152,0.9817,3.60,2.43
2011.08.17 16:17:06.844,0.98151,0.98164,1.50,1.50
2011.08.17 16:17:06.964,0.9815,0.98164,1.50,1.50
2011.08.17 16:17:07.636,0.9815,0.98167,1.50,2.65
2011.08.17 16:17:07.867,0.98151,0.98166,1.35,3.00
2011.08.17 16:17:08.643,0.98151,0.9817,1.35,3.18
2011.08.17 16:17:09.489,0.9815,0.98167,1.50,1.68
2011.08.17 16:17:12.585,0.98151,0.98167,3.00,1.68
2011.08.17 16:17:12.814,0.98153,0.98171,1.88,3.03
2011.08.17 16:17:15.103,0.98153,0.98171,2.25,2.28
2011.08.17 16:17:15.662,0.98153,0.9817,1.50,1.68
2011.08.17 16:17:17.704,0.98151,0.98163,3.91,1.50
2011.08.17 16:17:17.824,0.98151,0.98168,4.28,1.50
2011.08.17 16:17:18.382,0.98152,0.98169,1.50,1.68
2011.08.17 16:17:24.446,0.98151,0.98169,1.50,1.68
2011.08.17 16:17:24.674,0.98151,0.98168,1.50,1.68
2011.08.17 16:17:26.310,0.9815,0.98166,2.25,3.00
2011.08.17 16:17:26.875,0.98151,0.98169,2.10,2.43
2011.08.17 16:17:27.913,0.98151,0.98166,1.50,3.00
2011.08.17 16:17:28.253,0.98151,0.98166,1.50,3.00
2011.08.17 16:17:28.855,0.98151,0.98167,1.50,1.35
2011.08.17 16:17:30.705,0.98151,0.98167,1.58,1.35
2011.08.17 16:17:30.825,0.9815,0.98167,1.50,2.85
2011.08.17 16:17:30.946,0.9815,0.98166,1.50,3.00
2011.08.17 16:17:32.725,0.98149,0.98165,1.80,1.50
2011.08.17 16:17:33.282,0.98148,0.98165,1.05,1.50
2011.08.17 16:17:33.833,0.98147,0.98165,1.80,2.43
2011.08.17 16:17:34.402,0.98147,0.98165,1.80,2.43
2011.08.17 16:17:35.175,0.98154,0.98165,2.25,1.68
2011.08.17 16:17:35.295,0.98154,0.98168,3.00,1.68
2011.08.17 16:17:35.852,0.98155,0.98169,1.50,1.68
2011.08.17 16:17:35.964,0.98155,0.9817,1.50,1.68
2011.08.17 16:17:36.082,0.98154,0.9817,3.75,1.68
2011.08.17 16:17:36.646,0.98155,0.9817,1.50,1.68
2011.08.17 16:17:40.296,0.98154,0.9817,3.75,1.68
2011.08.17 16:17:40.636,0.98151,0.9817,2.18,2.43
2011.08.17 16:17:41.413,0.98152,0.9817,1.50,2.43
2011.08.17 16:17:41.965,0.98151,0.98169,3.68,1.68
2011.08.17 16:17:45.933,0.98151,0.98168,2.18,1.08
2011.08.17 16:17:46.714,0.98151,0.98165,2.18,1.50
2011.08.17 16:17:48.554,0.98151,0.98165,3.68,1.50
2011.08.17 16:17:49.757,0.98152,0.98165,1.50,1.50
2011.08.17 16:17:50.313,0.98152,0.98166,1.50,1.50
2011.08.17 16:17:57.585,0.98152,0.98165,3.75,1.50
2011.08.17 16:17:58.263,0.98152,0.98165,2.25,1.50
2011.08.17 16:18:00.715,0.98152,0.98165,2.25,1.50
2011.08.17 16:18:01.763,0.9815,0.98166,1.50,2.43
2011.08.17 16:18:01.885,0.98149,0.98166,3.75,2.43
2011.08.17 16:18:11.413,0.9815,0.98166,1.50,1.68
2011.08.17 16:18:11.975,0.98151,0.98166,2.25,1.68
2011.08.17 16:18:12.533,0.98151,0.98165,1.50,1.50
2011.08.17 16:18:13.974,0.98151,0.98165,1.50,1.50
2011.08.17 16:18:14.772,0.98151,0.98165,1.50,1.50
2011.08.17 16:18:16.054,0.9815,0.98165,1.50,1.68
2011.08.17 16:18:16.397,0.98125,0.98151,1.35,1.13
2011.08.17 16:18:16.920,0.98129,0.98156,1.50,1.50
2011.08.17 16:18:17.364,0.98127,0.98153,2.25,1.68
2011.08.17 16:18:17.486,0.9813,0.98148,3.00,1.68
2011.08.17 16:18:18.278,0.98131,0.98148,2.25,2.80
2011.08.17 16:18:18.613,0.98132,0.98148,2.03,1.50
2011.08.17 16:18:18.955,0.98133,0.98147,1.50,3.98
2011.08.17 16:18:19.074,0.98132,0.98147,1.50,4.15
2011.08.17 16:18:19.193,0.98129,0.98147,3.46,4.90
2011.08.17 16:18:19.632,0.9813,0.98147,2.25,4.90
2011.08.17 16:18:20.293,0.9813,0.98147,2.33,4.90
2011.08.17 16:18:22.385,0.9813,0.98147,2.33,4.90
2011.08.17 16:18:24.162,0.9813,0.98147,2.33,4.30
2011.08.17 16:18:24.273,0.9813,0.98147,3.08,3.55
2011.08.17 16:18:24.832,0.9813,0.98147,3.00,3.55
2011.08.17 16:18:25.384,0.98132,0.98147,1.13,3.38
2011.08.17 16:18:25.507,0.98133,0.9815,1.88,1.68
2011.08.17 16:18:25.846,0.98137,0.98152,1.66,3.93
2011.08.17 16:18:26.351,0.98138,0.98154,2.10,1.68
2011.08.17 16:18:26.471,0.98139,0.98154,3.00,2.25
2011.08.17 16:18:26.807,0.98139,0.98156,5.25,1.68
2011.08.17 16:18:27.146,0.98135,0.98146,1.28,3.00
2011.08.17 16:18:27.486,0.9813,0.98144,1.81,1.50
2011.08.17 16:18:28.153,0.9813,0.98144,1.81,1.50
2011.08.17 16:18:28.713,0.98129,0.98143,1.06,1.35
2011.08.17 16:18:29.288,0.98129,0.98144,1.28,1.68
2011.08.17 16:18:30.253,0.98129,0.98144,1.06,1.68
2011.08.17 16:18:31.903,0.98129,0.98144,1.66,1.68
2011.08.17 16:18:32.427,0.9813,0.98146,1.44,5.28
2011.08.17 16:18:33.068,0.9813,0.98146,1.44,5.28
2011.08.17 16:18:33.295,0.9813,0.98146,2.41,3.93
2011.08.17 16:18:33.852,0.98131,0.98146,3.16,3.75
2011.08.17 16:18:35.103,0.98132,0.98146,1.50,3.00
2011.08.17 16:18:35.459,0.98142,0.98152,2.10,1.68
2011.08.17 16:18:35.578,0.98139,0.98152,3.00,3.18
2011.08.17 16:18:36.102,0.98139,0.98156,1.50,1.68
2011.08.17 16:18:36.121,0.98137,0.98156,6.38,1.68
2011.08.17 16:18:36.252,0.98137,0.98152,1.65,3.00
2011.08.17 16:18:36.804,0.98135,0.98151,1.65,1.50
2011.08.17 16:18:40.174,0.98135,0.98151,1.65,1.50
2011.08.17 16:18:40.514,0.98134,0.98147,1.50,2.25
2011.08.17 16:18:41.045,0.98134,0.98147,1.50,3.00
2011.08.17 16:18:42.818,0.98134,0.98151,5.10,3.55
2011.08.17 16:18:43.925,0.98138,0.98151,2.10,3.18
2011.08.17 16:18:44.483,0.98138,0.98153,2.10,1.30
2011.08.17 16:18:51.290,0.98143,0.98156,2.10,1.75
2011.08.17 16:18:51.408,0.98143,0.98157,2.10,1.75
2011.08.17 16:18:52.074,0.98143,0.98159,2.10,1.75
2011.08.17 16:18:52.943,0.98143,0.98159,2.10,1.75
2011.08.17 16:18:53.953,0.98143,0.98159,2.10,1.75
2011.08.17 16:18:55.103,0.98143,0.98159,2.10,1.75
2011.08.17 16:18:55.620,0.98143,0.98159,2.10,1.75
2011.08.17 16:18:56.213,0.98143,0.98159,2.10,1.75
2011.08.17 16:18:57.587,0.98143,0.98159,2.10,1.75
2011.08.17 16:18:58.143,0.98143,0.98158,2.10,1.75
2011.08.17 16:18:58.691,0.98143,0.98158,2.10,1.68
2011.08.17 16:18:59.246,0.98143,0.98157,2.10,4.98
2011.08.17 16:18:59.366,0.98143,0.98155,2.10,1.50
2011.08.17 16:19:00.558,0.98143,0.98155,3.76,1.50
2011.08.17 16:19:00.681,0.98143,0.98156,3.98,2.25
2011.08.17 16:19:01.235,0.98143,0.98159,2.10,1.58
2011.08.17 16:19:02.563,0.98143,0.9816,2.85,1.75
2011.08.17 16:19:03.343,0.98149,0.9816,2.10,1.75
2011.08.17 16:19:04.036,0.98149,0.9816,2.10,1.75
2011.08.17 16:19:05.035,0.98148,0.9816,2.10,1.75
2011.08.17 16:19:05.705,0.98148,0.9816,2.10,1.75
2011.08.17 16:19:06.593,0.98148,0.9816,2.10,1.68
2011.08.17 16:19:07.044,0.98148,0.9816,2.10,1.75
2011.08.17 16:19:07.603,0.98148,0.9816,2.10,2.43
2011.08.17 16:19:07.714,0.98148,0.9816,2.10,2.50
2011.08.17 16:19:08.280,0.98153,0.98163,2.06,1.68
2011.08.17 16:19:08.796,0.9815,0.9816,2.06,1.50
2011.08.17 16:19:09.355,0.98149,0.9816,2.85,1.50
2011.08.17 16:19:10.683,0.98149,0.9816,2.85,1.50
2011.08.17 16:19:11.133,0.98151,0.98161,2.10,1.50
2011.08.17 16:19:11.369,0.98151,0.98164,1.13,1.50
2011.08.17 16:19:11.833,0.98151,0.98161,1.50,1.50
2011.08.17 16:19:11.949,0.98149,0.98161,4.35,1.50
2011.08.17 16:19:12.511,0.98151,0.98161,2.03,1.50
2011.08.17 16:19:12.735,0.98154,0.98165,2.93,1.50
2011.08.17 16:19:12.856,0.98154,0.98165,4.35,1.50
2011.08.17 16:19:13.413,0.98154,0.98165,4.35,1.50
2011.08.17 16:19:13.969,0.98154,0.98165,2.85,1.50
2011.08.17 16:19:14.525,0.98154,0.98165,2.10,1.50
2011.08.17 16:19:16.795,0.98154,0.98168,2.85,1.50
2011.08.17 16:19:16.916,0.98154,0.9817,4.35,1.68
2011.08.17 16:19:18.696,0.98155,0.9817,2.85,1.50
2011.08.17 16:19:19.993,0.98157,0.9817,2.10,1.50
2011.08.17 16:19:22.105,0.98157,0.9817,2.10,1.50
2011.08.17 16:19:23.214,0.98155,0.9817,2.85,1.50
2011.08.17 16:19:23.663,0.98159,0.9817,2.10,1.50
2011.08.17 16:19:25.245,0.98159,0.9817,2.10,1.50
2011.08.17 16:19:30.886,0.98155,0.9817,2.10,2.43
2011.08.17 16:19:37.939,0.98155,0.98166,1.35,1.50
2011.08.17 16:19:40.813,0.98154,0.98165,2.10,1.50
2011.08.17 16:19:44.603,0.98151,0.98165,2.25,1.50
2011.08.17 16:19:44.715,0.98151,0.98162,2.25,1.13
2011.08.17 16:19:44.836,0.98151,0.9816,1.50,1.50
2011.08.17 16:19:45.924,0.9815,0.98161,1.06,1.50
2011.08.17 16:19:53.327,0.98153,0.98164,1.13,1.50
2011.08.17 16:19:53.445,0.98153,0.98164,3.23,1.50
2011.08.17 16:19:54.445,0.98153,0.98165,3.60,1.50
2011.08.17 16:19:57.923,0.98153,0.98166,2.85,1.50
2011.08.17 16:19:59.174,0.98153,0.98166,2.85,1.50
2011.08.17 16:20:16.934,0.98153,0.98165,2.85,2.63
2011.08.17 16:20:17.063,0.98153,0.98162,2.85,1.13
2011.08.17 16:20:17.404,0.98143,0.98158,4.73,2.25
2011.08.17 16:20:17.956,0.98143,0.98155,2.85,1.50
2011.08.17 16:20:24.347,0.98143,0.98159,2.85,3.18
2011.08.17 16:20:24.465,0.98144,0.98159,3.00,2.43
2011.08.17 16:20:24.803,0.98149,0.9816,2.10,1.68
2011.08.17 16:20:32.208,0.98152,0.9816,2.10,1.50
2011.08.17 16:20:32.330,0.98152,0.98162,2.10,1.30
2011.08.17 16:20:32.448,0.98152,0.98164,2.10,1.68
2011.08.17 16:20:33.004,0.98152,0.98165,2.10,1.68
2011.08.17 16:20:45.006,0.98157,0.98167,2.10,1.68
2011.08.17 16:20:45.125,0.98157,0.98169,2.10,1.68
2011.08.17 16:20:45.355,0.98157,0.98165,1.50,2.25
2011.08.17 16:20:55.905,0.98157,0.98165,2.10,1.50
2011.08.17 16:20:57.315,0.98157,0.9817,3.38,1.50
2011.08.17 16:20:57.435,0.9816,0.9817,2.10,1.50
2011.08.17 16:20:57.560,0.98162,0.98173,1.35,1.88
2011.08.17 16:20:58.153,0.98162,0.98176,1.35,1.50
2011.08.17 16:21:00.374,0.9816,0.98173,1.50,1.50
2011.08.17 16:21:00.498,0.9816,0.98169,1.50,1.13
2011.08.17 16:21:00.730,0.98154,0.98165,2.85,1.50
2011.08.17 16:21:01.283,0.98154,0.98165,2.10,1.50
2011.08.17 16:21:03.687,0.98154,0.98166,2.85,1.68
2011.08.17 16:21:04.243,0.98154,0.98166,4.35,1.50
2011.08.17 16:21:12.816,0.98152,0.98169,3.00,1.68
2011.08.17 16:21:13.045,0.98151,0.98168,1.50,1.50
2011.08.17 16:21:14.043,0.98151,0.98168,1.50,2.43
2011.08.17 16:21:14.594,0.98152,0.9817,3.53,3.18
2011.08.17 16:21:15.321,0.98152,0.9817,3.75,3.18
2011.08.17 16:21:15.874,0.98152,0.9817,3.75,2.43
2011.08.17 16:21:20.873,0.98152,0.98171,2.63,2.43
2011.08.17 16:21:22.052,0.98151,0.9817,1.50,2.05
2011.08.17 16:21:22.169,0.9815,0.98167,3.00,1.68
2011.08.17 16:21:22.722,0.9815,0.98168,3.00,2.43
2011.08.17 16:21:23.273,0.9815,0.98168,3.00,3.18
2011.08.17 16:21:27.163,0.9815,0.98168,1.50,3.18
2011.08.17 16:21:28.514,0.98151,0.98168,1.50,1.68
2011.08.17 16:21:29.293,0.98152,0.9817,3.00,3.18
2011.08.17 16:21:29.735,0.98154,0.98171,2.25,1.68
2011.08.17 16:21:30.281,0.98154,0.98172,3.00,5.65
2011.08.17 16:21:30.505,0.98151,0.98168,1.28,1.68
2011.08.17 16:21:31.065,0.98149,0.98168,2.85,2.43
2011.08.17 16:21:32.934,0.98149,0.98165,2.25,1.35
2011.08.17 16:21:33.166,0.98146,0.98162,2.03,1.88
2011.08.17 16:21:33.396,0.98145,0.9816,1.50,1.68
2011.08.17 16:21:33.952,0.98144,0.9816,1.50,1.68
2011.08.17 16:21:37.103,0.98144,0.98159,1.50,1.35
2011.08.17 16:21:37.623,0.98141,0.98155,1.88,1.50
2011.08.17 16:21:37.846,0.98139,0.98155,1.06,3.18
2011.08.17 16:21:38.404,0.98139,0.98155,1.06,1.68
2011.08.17 16:21:39.018,0.98139,0.98155,1.06,2.43
2011.08.17 16:21:39.573,0.98139,0.98155,1.06,2.43
2011.08.17 16:21:40.075,0.98139,0.98155,1.81,1.68
2011.08.17 16:21:40.197,0.98139,0.98153,1.81,3.60
2011.08.17 16:21:40.537,0.98134,0.98146,1.50,2.25
2011.08.17 16:21:40.655,0.98134,0.98146,1.95,2.25
2011.08.17 16:21:40.934,0.98133,0.98148,1.50,1.50
2011.08.17 16:21:41.273,0.98133,0.98151,1.50,4.38
2011.08.17 16:21:43.494,0.98133,0.9815,1.50,3.03
2011.08.17 16:21:43.851,0.9813,0.98146,1.21,2.43
2011.08.17 16:21:44.405,0.98132,0.98148,1.35,1.68
2011.08.17 16:21:44.635,0.98134,0.9815,3.75,1.68
2011.08.17 16:21:45.193,0.98134,0.98151,3.00,2.43
2011.08.17 16:21:45.755,0.98134,0.98151,3.75,1.68
2011.08.17 16:21:47.084,0.98134,0.98147,3.00,1.13
2011.08.17 16:21:47.205,0.98133,0.98147,1.35,4.13
2011.08.17 16:21:47.435,0.98131,0.98147,1.21,5.05
2011.08.17 16:21:47.553,0.98131,0.98147,1.21,5.05
2011.08.17 16:21:51.575,0.9813,0.98145,1.21,1.50
2011.08.17 16:21:52.134,0.98128,0.98144,1.51,1.68
2011.08.17 16:21:52.473,0.98127,0.98143,3.01,1.68
2011.08.17 16:21:53.185,0.98127,0.98143,3.01,1.68
2011.08.17 16:21:53.703,0.98127,0.98143,3.01,1.68
2011.08.17 16:21:54.533,0.98127,0.98143,2.26,1.68
2011.08.17 16:21:56.453,0.98127,0.98143,2.26,1.68
2011.08.17 16:22:02.295,0.98127,0.98143,2.26,1.68
2011.08.17 16:22:02.854,0.98127,0.98143,2.26,1.68
2011.08.17 16:22:03.193,0.98128,0.98144,2.63,1.68
2011.08.17 16:22:03.753,0.98129,0.98145,1.28,1.68
2011.08.17 16:22:05.296,0.9813,0.98145,1.50,1.68
2011.08.17 16:22:08.634,0.98129,0.98147,2.71,5.80
2011.08.17 16:22:09.194,0.98128,0.98144,1.28,1.68
2011.08.17 16:22:09.742,0.98129,0.98144,1.28,1.68
2011.08.17 16:22:19.276,0.9813,0.98147,1.50,2.43
2011.08.17 16:22:19.396,0.9813,0.98147,1.50,2.43
2011.08.17 16:22:19.623,0.98131,0.98147,2.25,1.68
2011.08.17 16:22:19.855,0.98131,0.98148,2.25,1.68
2011.08.17 16:22:21.353,0.98131,0.98148,3.00,1.68
2011.08.17 16:22:21.684,0.98131,0.98148,2.78,2.80
2011.08.17 16:22:22.133,0.98129,0.98145,1.35,1.68
2011.08.17 16:22:22.465,0.98129,0.98145,2.63,1.68
2011.08.17 16:22:22.983,0.9813,0.98146,1.50,3.18
2011.08.17 16:22:23.533,0.98128,0.98146,3.23,3.93
2011.08.17 16:22:24.215,0.98129,0.98146,2.03,3.18
2011.08.17 16:22:24.773,0.9813,0.98146,2.25,3.18
2011.08.17 16:22:26.425,0.9813,0.98145,2.78,1.68
2011.08.17 16:22:27.989,0.98129,0.98146,2.03,3.93
2011.08.17 16:22:28.543,0.98129,0.98145,2.41,1.68
2011.08.17 16:22:31.046,0.9813,0.98149,6.00,1.90
2011.08.17 16:22:31.165,0.98131,0.98149,2.25,1.53
2011.08.17 16:22:31.723,0.98131,0.98149,3.38,2.28
2011.08.17 16:22:32.274,0.98131,0.98149,4.66,2.28
2011.08.17 16:22:32.613,0.98132,0.98149,2.03,2.28
2011.08.17 16:22:33.603,0.98132,0.9815,3.83,1.50
2011.08.17 16:22:33.725,0.98134,0.98152,1.73,6.03
2011.08.17 16:22:33.843,0.98134,0.98152,2.33,5.28
2011.08.17 16:22:35.855,0.98136,0.98153,2.25,1.68
2011.08.17 16:22:37.074,0.98136,0.98152,2.78,1.88
2011.08.17 16:22:37.195,0.98136,0.98147,1.28,3.00
2011.08.17 16:22:37.643,0.98131,0.98147,1.50,3.00
2011.08.17 16:22:39.078,0.98132,0.98147,1.50,3.75
2011.08.17 16:22:42.293,0.98132,0.98147,1.50,3.75
2011.08.17 16:22:43.691,0.98132,0.98147,1.50,3.75
2011.08.17 16:22:44.246,0.98129,0.98145,2.25,2.63
2011.08.17 16:22:44.585,0.98129,0.98143,1.50,3.38
2011.08.17 16:22:44.706,0.98127,0.98143,1.50,3.38
2011.08.17 16:22:45.155,0.98127,0.98143,1.50,1.13
2011.08.17 16:22:45.496,0.98123,0.98135,3.00,1.13
2011.08.17 16:22:45.725,0.98118,0.98133,2.03,2.70
2011.08.17 16:22:46.289,0.9812,0.98136,2.25,2.85
2011.08.17 16:22:46.736,0.9812,0.98136,4.88,1.35
2011.08.17 16:22:47.074,0.9812,0.98136,3.00,1.35
2011.08.17 16:22:47.634,0.98121,0.98139,1.35,1.68
2011.08.17 16:22:47.863,0.98122,0.9814,1.50,2.43
2011.08.17 16:22:48.195,0.98121,0.98139,2.85,1.50
2011.08.17 16:22:48.755,0.98121,0.98139,2.85,1.68
2011.08.17 16:23:00.743,0.98121,0.98135,1.35,3.38
2011.08.17 16:23:01.297,0.9812,0.98134,1.50,1.35
2011.08.17 16:23:01.415,0.9812,0.98134,1.50,1.35
2011.08.17 16:23:04.723,0.98118,0.98134,1.50,1.73
2011.08.17 16:23:05.392,0.98118,0.98134,1.50,1.35
2011.08.17 16:23:06.414,0.98118,0.98135,1.50,1.68
2011.08.17 16:23:07.905,0.9812,0.98135,2.25,1.75
2011.08.17 16:23:08.026,0.98122,0.98139,3.00,2.10
2011.08.17 16:23:08.255,0.98122,0.98139,2.25,2.10
2011.08.17 16:23:09.080,0.98122,0.98139,1.50,2.93
2011.08.17 16:23:09.734,0.98123,0.98139,1.50,1.35
2011.08.17 16:23:11.055,0.98123,0.98139,1.50,1.35
2011.08.17 16:23:11.288,0.98124,0.98139,1.50,1.35
2011.08.17 16:23:11.624,0.98125,0.98143,2.85,2.05
2011.08.17 16:23:12.185,0.98125,0.98142,1.50,3.75
2011.08.17 16:23:17.314,0.98128,0.98142,1.28,3.00
2011.08.17 16:23:17.656,0.9813,0.98145,2.25,1.68
2011.08.17 16:23:17.884,0.98131,0.98148,3.00,1.53
2011.08.17 16:23:18.113,0.98132,0.98149,3.00,1.53
2011.08.17 16:23:19.745,0.98133,0.98148,1.50,1.53
2011.08.17 16:23:19.863,0.98133,0.98148,4.13,1.53
2011.08.17 16:23:20.306,0.98135,0.98151,2.25,2.25
2011.08.17 16:23:20.646,0.98136,0.98151,1.50,2.25
2011.08.17 16:23:20.984,0.98135,0.98151,1.50,3.00
2011.08.17 16:23:27.892,0.98135,0.98151,1.50,4.53
2011.08.17 16:23:28.553,0.98134,0.98149,1.50,1.30
2011.08.17 16:23:43.271,0.98132,0.98149,1.50,1.30
2011.08.17 16:23:43.810,0.98133,0.98146,1.50,1.50
2011.08.17 16:23:43.943,0.9813,0.98146,1.50,4.30
2011.08.17 16:23:44.496,0.9813,0.98146,1.50,3.18
2011.08.17 16:23:44.726,0.98133,0.98149,1.50,1.53
2011.08.17 16:23:44.954,0.98133,0.98151,1.50,7.49
2011.08.17 16:23:45.518,0.98133,0.98151,2.25,5.62
2011.08.17 16:23:46.885,0.98131,0.98145,2.25,2.85
2011.08.17 16:23:47.010,0.98131,0.98142,1.50,3.23
2011.08.17 16:23:47.236,0.98125,0.98141,1.50,5.63
2011.08.17 16:23:47.548,0.98123,0.98141,2.78,5.63
2011.08.17 16:23:47.669,0.98124,0.98141,1.50,4.30
2011.08.17 16:23:50.313,0.98124,0.98141,1.50,3.93
2011.08.17 16:23:50.863,0.98124,0.98141,1.50,3.93
2011.08.17 16:24:00.004,0.98125,0.98141,1.50,3.93
2011.08.17 16:24:00.850,0.98124,0.98141,1.50,3.93
2011.08.17 16:24:01.186,0.98124,0.98136,1.50,2.85
2011.08.17 16:24:01.523,0.98118,0.98133,1.50,1.35
2011.08.17 16:24:02.075,0.98118,0.98133,1.50,1.35
2011.08.17 16:24:07.768,0.98117,0.98133,1.50,1.53
2011.08.17 16:24:08.353,0.98116,0.98133,2.25,1.53
2011.08.17 16:24:12.015,0.98116,0.98133,1.50,2.28
2011.08.17 16:24:12.246,0.98115,0.98131,1.50,1.68
2011.08.17 16:24:13.355,0.98113,0.9813,1.50,1.53
2011.08.17 16:24:22.492,0.98113,0.98126,2.33,1.50
2011.08.17 16:24:23.926,0.98114,0.98126,2.78,1.50
2011.08.17 16:24:24.265,0.98116,0.98125,1.58,1.50
2011.08.17 16:24:24.824,0.98115,0.98125,2.33,1.50
2011.08.17 16:24:25.384,0.98115,0.98126,2.33,1.50
2011.08.17 16:24:25.726,0.98115,0.98126,5.48,1.50
2011.08.17 16:24:26.285,0.98117,0.98125,1.36,1.50
2011.08.17 16:24:27.137,0.98116,0.98127,1.50,1.50
2011.08.17 16:24:27.262,0.98114,0.98127,2.03,1.50
2011.08.17 16:24:27.955,0.98114,0.98127,1.65,1.50
2011.08.17 16:24:28.076,0.98114,0.98127,1.50,1.50
2011.08.17 16:24:41.114,0.98114,0.98127,2.25,1.50
2011.08.17 16:24:41.348,0.98117,0.98128,1.05,1.50
2011.08.17 16:24:41.687,0.98119,0.98128,1.28,1.50
2011.08.17 16:24:42.244,0.98121,0.98138,2.25,2.28
2011.08.17 16:24:42.584,0.98119,0.98133,2.03,1.13
2011.08.17 16:24:42.926,0.98117,0.98131,1.50,2.25
2011.08.17 16:24:45.303,0.98116,0.98132,2.10,1.50
2011.08.17 16:24:45.863,0.98116,0.98132,2.10,1.50
2011.08.17 16:24:47.276,0.98116,0.98134,3.60,1.68
2011.08.17 16:24:54.074,0.98116,0.98134,2.10,1.30
2011.08.17 16:24:56.895,0.98116,0.98128,1.50,2.25
2011.08.17 16:24:57.234,0.98113,0.98122,1.50,1.50
2011.08.17 16:25:00.784,0.98109,0.98121,1.50,1.88
2011.08.17 16:25:03.215,0.9811,0.98121,1.50,1.88
2011.08.17 16:25:05.034,0.9811,0.98124,3.75,1.50
2011.08.17 16:25:05.156,0.9811,0.98128,3.75,2.80
2011.08.17 16:25:05.572,0.9811,0.98128,4.50,2.43
2011.08.17 16:25:07.026,0.98111,0.98128,1.50,1.68
2011.08.17 16:25:07.475,0.98113,0.98129,2.78,1.68
2011.08.17 16:25:07.816,0.98115,0.98131,1.50,2.28
2011.08.17 16:25:12.455,0.98115,0.98131,3.75,1.53
2011.08.17 16:25:13.014,0.98115,0.98132,3.75,3.03
2011.08.17 16:25:16.956,0.98115,0.98132,4.28,1.68
2011.08.17 16:25:19.365,0.98115,0.98132,4.50,1.68
2011.08.17 16:25:28.067,0.98116,0.98133,1.88,1.68
2011.08.17 16:25:28.185,0.98116,0.98133,2.41,1.68
2011.08.17 16:25:28.415,0.9812,0.98133,2.25,1.68
2011.08.17 16:25:28.865,0.9812,0.98136,2.25,3.18
2011.08.17 16:25:29.207,0.98122,0.98137,1.35,1.68
2011.08.17 16:25:29.437,0.98123,0.9814,1.50,2.43
2011.08.17 16:25:29.665,0.98125,0.98141,1.13,1.68
2011.08.17 16:25:30.430,0.98126,0.98144,1.50,1.68
2011.08.17 16:25:41.895,0.98127,0.98143,2.25,1.68
2011.08.17 16:25:42.306,0.98132,0.98144,1.50,1.68
2011.08.17 16:25:42.434,0.98129,0.98146,2.03,1.68
2011.08.17 16:25:42.886,0.98131,0.98146,1.13,2.43
2011.08.17 16:25:43.444,0.98128,0.98146,3.00,1.68
2011.08.17 16:25:43.563,0.98128,0.98144,2.25,1.68
2011.08.17 16:25:43.897,0.98128,0.98144,6.00,1.68
2011.08.17 16:25:44.236,0.98133,0.98146,1.50,1.68
2011.08.17 16:25:44.357,0.98129,0.98146,1.80,2.43
2011.08.17 16:25:44.584,0.98128,0.98145,1.50,1.68
2011.08.17 16:25:44.927,0.98133,0.98146,3.00,2.43
2011.08.17 16:25:45.046,0.98133,0.98147,3.75,2.05
2011.08.17 16:25:45.493,0.98129,0.98144,2.03,1.53
2011.08.17 16:25:45.936,0.98133,0.98147,3.75,4.30
2011.08.17 16:25:46.384,0.98129,0.98145,2.03,1.68
2011.08.17 16:25:46.945,0.98133,0.98145,2.25,1.68
2011.08.17 16:25:47.067,0.98133,0.98147,4.50,1.30
2011.08.17 16:25:47.295,0.9813,0.98147,2.48,2.05
2011.08.17 16:25:47.525,0.98129,0.98146,2.25,1.68
2011.08.17 16:25:51.903,0.98128,0.98145,1.50,1.68
2011.08.17 16:25:52.348,0.98127,0.98142,1.50,1.30
2011.08.17 16:25:52.577,0.98125,0.98143,1.50,1.68
2011.08.17 16:25:53.904,0.98127,0.98145,2.25,1.68
2011.08.17 16:25:57.445,0.98126,0.98143,1.50,2.43
2011.08.17 16:25:57.566,0.98125,0.9814,1.50,1.68
2011.08.17 16:25:58.016,0.98123,0.98139,1.50,1.35
2011.08.17 16:25:58.576,0.98124,0.98139,1.50,2.28
2011.08.17 16:25:58.696,0.98121,0.98139,3.31,2.28
2011.08.17 16:26:00.825,0.98121,0.98139,3.31,2.28
2011.08.17 16:26:06.563,0.98121,0.98139,2.25,2.28
2011.08.17 16:26:07.126,0.98121,0.98139,1.81,2.28
2011.08.17 16:26:08.453,0.98121,0.98139,1.50,2.28
2011.08.17 16:26:13.054,0.9812,0.98136,3.00,2.25
2011.08.17 16:26:13.396,0.9812,0.98136,1.50,4.68
2011.08.17 16:26:13.734,0.98118,0.98136,1.50,5.05
2011.08.17 16:26:14.074,0.98118,0.98135,1.50,2.43
2011.08.17 16:26:38.309,0.98118,0.98135,4.50,1.68
2011.08.17 16:26:38.536,0.98117,0.98135,3.75,2.43
2011.08.17 16:26:39.555,0.98118,0.98135,2.33,2.43
2011.08.17 16:26:40.104,0.98122,0.98135,2.48,1.68
2011.08.17 16:26:40.234,0.98124,0.98136,1.13,1.50
2011.08.17 16:26:40.580,0.98122,0.98136,3.60,3.00
2011.08.17 16:26:41.023,0.98122,0.98141,2.85,6.18
2011.08.17 16:26:41.575,0.98123,0.98141,2.63,3.00
2011.08.17 16:26:41.922,0.98123,0.98136,1.50,3.00
2011.08.17 16:26:42.149,0.98122,0.98136,1.50,3.00
2011.08.17 16:26:42.267,0.98122,0.98136,2.25,1.50
2011.08.17 16:26:42.605,0.98123,0.98135,2.25,1.50
2011.08.17 16:26:43.055,0.98123,0.98135,1.50,1.50
2011.08.17 16:26:43.176,0.98123,0.98137,1.88,3.75
2011.08.17 16:26:43.296,0.98124,0.98137,2.41,3.00
2011.08.17 16:26:43.635,0.98125,0.9814,4.35,1.50
2011.08.17 16:26:43.962,0.98128,0.98141,3.98,1.50
2011.08.17 16:26:44.296,0.98128,0.98145,1.50,1.53
2011.08.17 16:26:44.747,0.98127,0.98144,1.50,2.28
2011.08.17 16:26:51.078,0.98128,0.98144,3.45,2.43
2011.08.17 16:26:51.417,0.9813,0.98145,1.50,1.68
2011.08.17 16:26:51.975,0.98131,0.98146,3.53,1.68
2011.08.17 16:26:52.315,0.98132,0.98146,2.41,1.50
2011.08.17 16:26:52.874,0.98134,0.98146,1.50,1.50
2011.08.17 16:26:53.976,0.98133,0.98146,3.00,1.50
2011.08.17 16:27:00.754,0.98133,0.98141,1.50,1.50
2011.08.17 16:27:01.291,0.98132,0.9814,1.50,1.50
2011.08.17 16:27:10.313,0.98132,0.9814,1.50,1.50
2011.08.17 16:27:11.916,0.98132,0.98145,1.50,1.50
2011.08.17 16:27:12.704,0.98132,0.98145,3.00,1.50
2011.08.17 16:27:13.174,0.98133,0.98145,1.50,1.50
2011.08.17 16:27:21.545,0.98137,0.98146,1.28,1.50
2011.08.17 16:27:21.667,0.98138,0.98155,4.13,1.68
2011.08.17 16:27:21.785,0.98138,0.98155,2.03,1.68
2011.08.17 16:27:21.905,0.98139,0.98151,1.50,1.88
2011.08.17 16:27:27.257,0.98141,0.98153,1.50,1.50
2011.08.17 16:27:27.375,0.98142,0.98155,1.50,1.50
2011.08.17 16:27:27.934,0.98141,0.98155,2.85,1.50
2011.08.17 16:27:28.326,0.98141,0.98155,2.85,1.50
2011.08.17 16:27:28.884,0.98142,0.98156,1.50,1.50
2011.08.17 16:27:29.444,0.98142,0.98156,1.50,1.50
2011.08.17 16:27:30.634,0.98144,0.98156,1.50,1.50
2011.08.17 16:27:31.915,0.98145,0.9816,1.50,1.50
2011.08.17 16:27:32.254,0.98146,0.98163,1.50,1.68
2011.08.17 16:27:32.375,0.98146,0.98164,3.00,1.68
2011.08.17 16:27:32.494,0.98146,0.98164,1.50,2.43
2011.08.17 16:27:41.199,0.98148,0.98163,1.13,2.43
2011.08.17 16:27:41.426,0.98149,0.98165,1.58,1.68
2011.08.17 16:27:41.767,0.98151,0.98165,4.13,1.50
2011.08.17 16:27:42.324,0.98152,0.98165,1.50,1.50
2011.08.17 16:27:42.668,0.98157,0.98165,1.73,1.50
2011.08.17 16:27:42.785,0.98159,0.98173,4.50,2.43
2011.08.17 16:27:42.905,0.98159,0.98174,4.50,1.50
2011.08.17 16:27:43.467,0.98159,0.98175,3.75,1.50
2011.08.17 16:27:51.114,0.9816,0.98175,1.50,1.68
2011.08.17 16:27:54.386,0.98159,0.98172,3.75,1.13
2011.08.17 16:27:54.616,0.98154,0.98171,2.25,2.05
2011.08.17 16:27:54.736,0.98153,0.98171,2.25,2.80
2011.08.17 16:27:54.964,0.98153,0.98171,2.25,1.68
2011.08.17 16:27:56.665,0.98153,0.98172,2.25,4.30
2011.08.17 16:27:57.225,0.98153,0.98166,1.50,2.25
2011.08.17 16:27:57.593,0.98152,0.98166,1.35,3.00
2011.08.17 16:28:05.274,0.9815,0.98166,1.50,3.75
2011.08.17 16:28:07.876,0.9815,0.98165,1.81,1.50
2011.08.17 16:28:08.773,0.9815,0.98166,1.81,3.75
2011.08.17 16:28:14.233,0.9815,0.98165,1.81,1.35
2011.08.17 16:28:15.118,0.98154,0.98171,1.35,2.05
2011.08.17 16:28:16.003,0.98155,0.98171,1.35,1.68
2011.08.17 16:28:21.986,0.98156,0.98172,1.35,2.43
2011.08.17 16:28:22.327,0.98159,0.98173,3.00,1.68
2011.08.17 16:28:22.664,0.9816,0.98176,1.50,1.68
2011.08.17 16:28:23.204,0.9816,0.98176,1.50,1.68
2011.08.17 16:28:23.763,0.98159,0.98176,3.75,1.68
2011.08.17 16:28:24.097,0.9816,0.98176,1.50,1.68
2011.08.17 16:28:24.218,0.98163,0.9818,1.88,1.68
2011.08.17 16:28:24.775,0.98163,0.98181,2.25,3.78
2011.08.17 16:28:24.895,0.98163,0.98181,3.23,3.18
2011.08.17 16:28:25.455,0.98165,0.98182,2.25,5.80
2011.08.17 16:28:26.014,0.98164,0.98181,1.50,3.55
2011.08.17 16:28:26.884,0.98162,0.9818,3.75,1.68
2011.08.17 16:28:34.388,0.98164,0.98182,2.25,2.43
2011.08.17 16:28:35.276,0.98164,0.98181,1.50,3.78
2011.08.17 16:28:39.666,0.98164,0.98181,1.50,2.80
2011.08.17 16:28:40.224,0.98162,0.9818,2.10,2.80
2011.08.17 16:28:45.154,0.98162,0.98179,1.35,1.68
2011.08.17 16:28:45.500,0.98159,0.98173,3.00,4.50
2011.08.17 16:28:45.834,0.98156,0.98171,1.50,3.18
2011.08.17 16:28:46.053,0.98155,0.98171,1.35,3.93
2011.08.17 16:28:48.339,0.98156,0.98174,1.50,1.68
2011.08.17 16:28:49.116,0.98155,0.98173,2.25,1.68
2011.08.17 16:28:51.323,0.98154,0.98171,1.50,1.68
2011.08.17 16:28:56.445,0.98154,0.98169,1.50,1.50
2011.08.17 16:28:56.784,0.98152,0.98166,1.50,3.75
2011.08.17 16:28:56.906,0.98152,0.98165,1.50,1.13
2011.08.17 16:28:57.027,0.98147,0.98162,1.50,1.50
2011.08.17 16:28:57.147,0.98146,0.98162,1.50,2.43
2011.08.17 16:28:57.268,0.98146,0.98162,1.50,4.30
2011.08.17 16:29:00.095,0.98143,0.98161,3.00,2.43
2011.08.17 16:29:00.435,0.98141,0.98156,1.50,3.00
2011.08.17 16:29:01.544,0.98141,0.98156,1.50,2.25
2011.08.17 16:29:02.114,0.98141,0.98156,1.50,3.00
2011.08.17 16:29:20.077,0.9814,0.98155,1.50,1.50
2011.08.17 16:29:20.416,0.98137,0.98154,1.50,1.68
2011.08.17 16:29:20.974,0.98137,0.98153,1.50,1.50
2011.08.17 16:29:21.556,0.98137,0.98155,2.25,3.03
2011.08.17 16:29:21.897,0.98137,0.98151,2.25,3.23
2011.08.17 16:29:22.019,0.98135,0.98146,1.13,3.00
2011.08.17 16:29:22.431,0.9813,0.98146,2.56,3.75
2011.08.17 16:29:23.315,0.9813,0.98146,3.31,3.00
2011.08.17 16:29:23.766,0.9813,0.98141,1.06,1.50
2011.08.17 16:29:28.366,0.98131,0.98141,1.06,1.50
2011.08.17 16:29:29.267,0.98131,0.98141,1.06,1.50
2011.08.17 16:29:29.387,0.98128,0.98141,2.25,2.10
2011.08.17 16:29:29.514,0.98128,0.98139,2.25,1.50
2011.08.17 16:29:29.857,0.98125,0.98136,1.50,1.50
2011.08.17 16:29:32.725,0.98125,0.98136,1.50,1.50
2011.08.17 16:29:33.066,0.98124,0.98136,1.50,1.50
2011.08.17 16:29:33.739,0.98124,0.98136,2.25,1.50
2011.08.17 16:29:34.185,0.98122,0.98136,1.50,1.50
2011.08.17 16:29:34.747,0.98121,0.98133,1.50,1.50
2011.08.17 16:29:35.087,0.98114,0.98131,1.50,1.53
2011.08.17 16:29:35.425,0.98114,0.98131,2.25,1.53
2011.08.17 16:29:36.616,0.98115,0.98132,2.25,3.93
2011.08.17 16:29:38.645,0.9811,0.98121,1.88,2.10
2011.08.17 16:29:38.768,0.98104,0.98119,1.13,1.35
2011.08.17 16:29:38.888,0.981,0.98118,1.35,1.13
2011.08.17 16:29:39.007,0.98099,0.98119,1.50,1.90
2011.08.17 16:29:39.237,0.98097,0.98117,3.23,2.05
2011.08.17 16:29:39.684,0.981,0.98113,2.10,2.05
2011.08.17 16:29:40.208,0.98107,0.98122,1.50,2.43
2011.08.17 16:29:40.330,0.98107,0.98124,1.50,2.43
2011.08.17 16:29:40.556,0.98108,0.98125,4.13,1.68
2011.08.17 16:29:41.116,0.98109,0.98126,1.50,1.68
2011.08.17 16:29:43.576,0.9811,0.98126,1.50,1.68
2011.08.17 16:29:44.135,0.98108,0.98126,4.88,2.43
2011.08.17 16:29:46.124,0.98108,0.98125,3.00,2.43
2011.08.17 16:29:46.532,0.98106,0.98123,1.50,1.68
2011.08.17 16:29:53.119,0.98104,0.98121,3.08,1.68
2011.08.17 16:30:01.336,0.98105,0.98123,2.85,2.43
2011.08.17 16:30:01.564,0.98106,0.98123,3.00,1.68
2011.08.17 16:30:02.076,0.98107,0.98123,1.50,1.68
2011.08.17 16:30:02.645,0.98109,0.98125,3.00,1.68
2011.08.17 16:30:03.535,0.98109,0.98124,2.25,2.43
2011.08.17 16:30:04.097,0.98108,0.98124,3.38,3.18
2011.08.17 16:30:04.439,0.98105,0.98121,1.88,2.25
2011.08.17 16:30:04.559,0.98104,0.9812,1.50,3.00
2011.08.17 16:30:05.137,0.98104,0.9812,2.25,3.00
2011.08.17 16:30:05.606,0.98108,0.98122,1.50,1.68
2011.08.17 16:30:05.947,0.98109,0.98122,1.35,1.68
2011.08.17 16:30:06.065,0.98109,0.98125,1.35,3.93
2011.08.17 16:30:06.609,0.98108,0.98125,5.85,1.68
2011.08.17 16:30:07.167,0.98108,0.98126,4.50,3.78
2011.08.17 16:30:11.107,0.98108,0.98122,4.35,1.68
2011.08.17 16:30:11.445,0.98104,0.9812,1.50,2.25
2011.08.17 16:30:11.565,0.98103,0.98119,2.85,1.50
2011.08.17 16:30:13.005,0.98103,0.9812,2.85,2.43
2011.08.17 16:30:13.887,0.98103,0.98119,2.85,1.50
2011.08.17 16:30:15.034,0.98103,0.98121,2.85,5.43
2011.08.17 16:30:15.943,0.98103,0.98119,2.85,1.50
2011.08.17 16:30:16.923,0.98103,0.9812,2.85,2.43
2011.08.17 16:30:17.944,0.98103,0.98119,2.85,1.50
2011.08.17 16:30:18.964,0.98103,0.9812,2.85,2.43
2011.08.17 16:30:21.650,0.98103,0.98109,1.50,2.10
2011.08.17 16:30:21.988,0.9809,0.98101,1.50,1.13
2011.08.17 16:30:22.545,0.9809,0.98102,1.88,2.05
2011.08.17 16:30:22.996,0.98089,0.98101,4.28,2.05
2011.08.17 16:30:23.226,0.98085,0.98101,2.03,3.55
2011.08.17 16:30:23.348,0.98084,0.98101,1.50,3.63
2011.08.17 16:30:23.465,0.98085,0.98099,2.25,1.68
2011.08.17 16:30:23.805,0.98087,0.981,1.50,1.50
2011.08.17 16:30:24.271,0.98086,0.98095,1.88,1.50
2011.08.17 16:30:24.396,0.98092,0.98105,1.35,1.68
2011.08.17 16:30:24.626,0.98093,0.98109,1.50,2.43
2011.08.17 16:30:24.746,0.98094,0.98111,1.28,3.93
2011.08.17 16:30:24.870,0.98096,0.98112,2.40,1.53
2011.08.17 16:30:24.990,0.98096,0.98113,3.90,1.53
2011.08.17 16:30:25.220,0.98098,0.98115,1.80,3.03
2011.08.17 16:30:25.775,0.98099,0.98117,2.33,3.18
2011.08.17 16:30:26.516,0.98099,0.98117,2.33,3.18
2011.08.17 16:30:27.185,0.98099,0.98115,1.58,2.28
2011.08.17 16:30:27.754,0.98098,0.98115,2.56,5.28
2011.08.17 16:30:28.197,0.98098,0.98113,1.80,2.28
2011.08.17 16:30:28.429,0.98095,0.98111,1.50,3.93
2011.08.17 16:30:29.205,0.98095,0.98111,1.50,4.68
2011.08.17 16:30:29.784,0.98095,0.98111,1.50,3.93
2011.08.17 16:30:32.203,0.98095,0.98111,4.35,3.18
2011.08.17 16:30:32.646,0.98094,0.98112,2.33,3.00
2011.08.17 16:30:32.771,0.98094,0.98112,2.33,3.00
2011.08.17 16:30:33.434,0.98095,0.98112,2.11,2.25
2011.08.17 16:30:34.105,0.98097,0.98114,2.33,2.28
2011.08.17 16:30:34.228,0.98097,0.98113,1.50,1.53
2011.08.17 16:30:34.568,0.98095,0.98112,2.33,3.93
2011.08.17 16:30:35.124,0.98095,0.98112,1.58,5.43
2011.08.17 16:30:37.735,0.98097,0.98112,1.58,3.55
2011.08.17 16:30:38.076,0.98096,0.98113,2.25,1.53
2011.08.17 16:30:38.634,0.98095,0.98111,2.33,3.00
2011.08.17 16:30:39.075,0.98092,0.98108,3.31,1.50
2011.08.17 16:30:39.413,0.98092,0.98108,2.25,1.68
2011.08.17 16:30:39.964,0.98091,0.98107,1.06,2.43
2011.08.17 16:30:40.514,0.98091,0.98106,1.06,1.50
2011.08.17 16:30:41.114,0.98091,0.98108,1.06,3.78
2011.08.17 16:30:41.338,0.98092,0.98108,1.81,2.28
2011.08.17 16:30:41.895,0.98094,0.98111,2.25,5.43
2011.08.17 16:30:42.455,0.98095,0.98111,2.55,3.93
2011.08.17 16:30:42.796,0.98095,0.98112,4.50,1.68
2011.08.17 16:30:42.917,0.98096,0.98112,1.50,3.38
2011.08.17 16:30:43.473,0.98095,0.98112,1.50,3.38
2011.08.17 16:30:44.626,0.98094,0.98112,2.25,5.80
2011.08.17 16:30:45.262,0.98094,0.98107,1.50,1.50
2011.08.17 16:30:45.384,0.98092,0.98107,2.25,2.25
2011.08.17 16:30:46.044,0.98092,0.98107,1.81,2.25
2011.08.17 16:30:46.594,0.98092,0.98108,2.25,1.68
2011.08.17 16:30:47.145,0.98092,0.98108,2.25,1.68
2011.08.17 16:30:47.595,0.98093,0.98112,5.63,5.80
2011.08.17 16:30:48.044,0.98093,0.98111,3.00,2.43
2011.08.17 16:30:51.135,0.98094,0.98112,2.25,6.55
2011.08.17 16:30:51.256,0.98095,0.98112,1.58,5.05
2011.08.17 16:30:51.486,0.98096,0.98114,1.58,2.43
2011.08.17 16:30:51.824,0.98096,0.98113,2.25,1.53
2011.08.17 16:30:52.274,0.98095,0.98111,2.25,2.43
2011.08.17 16:30:52.865,0.98094,0.98111,1.50,3.18
2011.08.17 16:30:54.094,0.98095,0.98111,1.28,3.18
2011.08.17 16:30:54.206,0.98094,0.98112,5.78,2.28
2011.08.17 16:30:54.763,0.98095,0.98112,1.50,6.40
2011.08.17 16:30:55.394,0.98094,0.98112,3.00,5.65
2011.08.17 16:30:55.975,0.98096,0.98112,1.58,5.65
2011.08.17 16:30:56.207,0.98096,0.98112,1.50,3.03
2011.08.17 16:30:56.550,0.98095,0.98112,1.50,6.98
2011.08.17 16:30:56.668,0.98094,0.98112,3.75,6.98
2011.08.17 16:31:01.887,0.98096,0.98112,1.35,3.93
2011.08.17 16:31:02.115,0.98096,0.98112,3.60,3.00
2011.08.17 16:31:03.116,0.98094,0.98112,2.25,4.88
2011.08.17 16:31:03.566,0.98096,0.98112,1.50,4.13
2011.08.17 16:31:04.151,0.98095,0.98112,3.60,4.88
2011.08.17 16:31:05.034,0.98096,0.98112,1.13,3.38
2011.08.17 16:31:05.585,0.981,0.98114,2.78,2.43
2011.08.17 16:31:06.143,0.981,0.98116,3.53,3.18
2011.08.17 16:31:06.695,0.98095,0.98113,3.08,3.18
2011.08.17 16:31:07.036,0.98096,0.98112,1.13,2.43
2011.08.17 16:31:07.157,0.98095,0.9811,2.10,1.50
2011.08.17 16:31:07.276,0.98095,0.98111,1.35,3.93
2011.08.17 16:31:07.505,0.98092,0.98109,1.50,2.43
2011.08.17 16:31:07.954,0.98094,0.98109,1.50,2.43
2011.08.17 16:31:08.504,0.98093,0.98109,2.25,2.43
2011.08.17 16:31:09.054,0.98093,0.98109,1.50,2.43
2011.08.17 16:31:10.304,0.98093,0.9811,1.50,3.93
2011.08.17 16:31:14.745,0.98094,0.98111,2.25,3.78
2011.08.17 16:31:18.549,0.98092,0.98107,1.50,1.68
2011.08.17 16:31:18.668,0.98091,0.98107,1.35,2.43
2011.08.17 16:31:19.835,0.98091,0.98105,1.35,1.50
2011.08.17 16:31:20.924,0.98091,0.98106,1.35,2.25
2011.08.17 16:31:22.134,0.98091,0.98107,2.10,2.43
2011.08.17 16:31:22.354,0.98091,0.98106,2.10,1.50
2011.08.17 16:31:22.687,0.98082,0.98096,1.50,1.88
2011.08.17 16:31:22.808,0.98075,0.98095,2.25,3.00
2011.08.17 16:31:23.366,0.98072,0.98094,3.00,2.28
2011.08.17 16:31:23.487,0.98072,0.98091,2.25,1.50
2011.08.17 16:31:29.116,0.98073,0.98086,3.75,1.50
2011.08.17 16:31:29.674,0.98075,0.9809,1.50,1.50
2011.08.17 16:31:30.228,0.98075,0.9809,2.25,1.50
2011.08.17 16:31:30.347,0.98075,0.98084,1.50,1.02
2011.08.17 16:31:30.692,0.98065,0.9808,1.50,2.43
2011.08.17 16:31:30.918,0.98063,0.98075,1.13,1.50
2011.08.17 16:31:31.696,0.98062,0.98075,1.05,1.50
2011.08.17 16:31:32.254,0.98061,0.98074,2.34,1.50
2011.08.17 16:31:32.805,0.98063,0.98076,1.28,1.68
2011.08.17 16:31:43.411,0.98064,0.98075,2.78,1.50
2011.08.17 16:31:43.858,0.98066,0.98075,2.25,1.50
2011.08.17 16:31:46.786,0.98065,0.98075,1.13,1.50
2011.08.17 16:31:47.344,0.98064,0.98075,1.13,1.50
2011.08.17 16:31:48.455,0.98063,0.98075,1.05,1.50
2011.08.17 16:31:50.414,0.98064,0.98075,1.05,1.50
2011.08.17 16:31:51.676,0.98064,0.98079,1.05,1.68
2011.08.17 16:31:51.795,0.98064,0.9808,1.50,1.68
2011.08.17 16:31:53.020,0.98063,0.98078,2.03,2.43
2011.08.17 16:31:53.137,0.98063,0.98075,2.03,1.50
2011.08.17 16:31:53.700,0.98064,0.98075,1.50,1.50
2011.08.17 16:31:54.163,0.98065,0.9808,1.50,1.68
2011.08.17 16:31:55.264,0.98065,0.9808,2.10,1.68
2011.08.17 16:31:55.814,0.98066,0.9808,1.35,1.50
2011.08.17 16:32:00.516,0.98067,0.9808,1.50,1.50
2011.08.17 16:32:19.322,0.98071,0.98081,1.28,1.50
2011.08.17 16:32:19.564,0.98074,0.98088,1.50,3.93
2011.08.17 16:32:19.680,0.98074,0.9809,4.28,1.68
2011.08.17 16:32:20.237,0.98075,0.98091,2.25,1.68
2011.08.17 16:32:20.465,0.98075,0.98091,2.25,1.68
2011.08.17 16:32:26.615,0.98073,0.98086,1.50,1.50
2011.08.17 16:32:31.046,0.98073,0.98083,3.00,1.50
2011.08.17 16:32:33.594,0.98075,0.98083,1.50,1.50
2011.08.17 16:32:33.926,0.98078,0.98083,1.66,1.50
2011.08.17 16:32:34.484,0.98079,0.98094,1.66,1.53
2011.08.17 16:32:34.706,0.98079,0.98096,2.41,2.28
2011.08.17 16:32:35.158,0.98079,0.98095,1.28,3.03
2011.08.17 16:32:35.716,0.98078,0.98093,2.03,3.03
2011.08.17 16:32:36.394,0.98078,0.98093,2.03,1.53
2011.08.17 16:32:37.194,0.98078,0.98093,2.03,1.53
2011.08.17 16:32:37.305,0.98081,0.98093,1.28,1.53
2011.08.17 16:32:37.535,0.9808,0.98094,1.28,1.68
2011.08.17 16:32:37.936,0.98082,0.98094,2.63,1.50
2011.08.17 16:32:38.065,0.98083,0.981,1.50,3.18
2011.08.17 16:32:38.300,0.98082,0.98098,2.85,1.50
2011.08.17 16:32:38.532,0.98083,0.98095,1.50,1.50
2011.08.17 16:32:38.867,0.9808,0.98094,2.25,1.50
2011.08.17 16:32:38.989,0.9808,0.98091,1.50,1.50
2011.08.17 16:32:39.435,0.98077,0.98091,2.10,1.50
2011.08.17 16:32:42.175,0.98077,0.98092,2.10,1.13
2011.08.17 16:32:42.738,0.98077,0.98094,2.10,3.00
2011.08.17 16:32:44.106,0.98077,0.9809,2.10,1.50
2011.08.17 16:32:45.106,0.98077,0.98088,1.50,1.50
2011.08.17 16:32:45.338,0.98075,0.98088,1.50,1.50
2011.08.17 16:32:48.714,0.98075,0.98089,1.50,1.50
2011.08.17 16:32:49.864,0.98075,0.98088,2.25,1.50
2011.08.17 16:32:50.415,0.98075,0.98089,1.50,1.50
2011.08.17 16:32:50.866,0.98073,0.98087,1.50,1.50
2011.08.17 16:32:51.205,0.98073,0.98084,1.50,1.50
2011.08.17 16:32:51.325,0.98071,0.98084,1.50,1.50
2011.08.17 16:32:51.885,0.9807,0.98083,2.25,1.50
2011.08.17 16:32:52.454,0.9807,0.98084,2.25,1.50
2011.08.17 16:32:53.007,0.9807,0.98083,2.25,1.50
2011.08.17 16:32:53.564,0.9807,0.98084,2.25,1.50
2011.08.17 16:32:54.272,0.9807,0.98083,2.25,1.50
2011.08.17 16:32:54.936,0.98071,0.98084,1.50,1.50
2011.08.17 16:32:55.494,0.9807,0.98083,2.25,1.50
2011.08.17 16:32:56.044,0.9807,0.98084,2.25,1.50
2011.08.17 16:32:56.595,0.9807,0.98083,2.25,1.50
2011.08.17 16:32:57.191,0.9807,0.98082,2.25,1.50
2011.08.17 16:32:57.306,0.9807,0.98084,2.25,1.50
2011.08.17 16:32:58.228,0.9807,0.98083,1.50,1.50
2011.08.17 16:32:58.826,0.9807,0.98084,1.50,1.50
2011.08.17 16:32:59.953,0.9807,0.98083,1.50,1.50
2011.08.17 16:33:00.773,0.9807,0.98084,1.50,1.50
2011.08.17 16:33:01.824,0.9807,0.98083,1.50,1.50
2011.08.17 16:33:02.375,0.9807,0.98082,2.25,1.50
2011.08.17 16:33:02.494,0.9807,0.98084,2.25,1.50
2011.08.17 16:33:03.057,0.98071,0.98083,1.50,1.50
2011.08.17 16:33:03.669,0.9807,0.98084,2.25,1.50
2011.08.17 16:33:04.226,0.9807,0.98086,2.25,2.43
2011.08.17 16:33:05.316,0.9807,0.98084,2.25,1.50
2011.08.17 16:33:05.875,0.98071,0.98086,1.50,2.43
2011.08.17 16:33:08.766,0.98071,0.98088,1.50,1.68
2011.08.17 16:33:09.106,0.98073,0.98089,1.50,1.53
2011.08.17 16:33:10.545,0.98072,0.98089,2.25,2.43
2011.08.17 16:33:10.777,0.98072,0.9809,2.25,4.53
2011.08.17 16:33:11.536,0.98072,0.98089,2.85,2.43
2011.08.17 16:33:13.936,0.98072,0.9809,2.85,3.93
2011.08.17 16:33:14.506,0.98072,0.9809,3.60,2.43
2011.08.17 16:33:17.328,0.98075,0.98091,1.88,1.68
2011.08.17 16:33:17.670,0.98076,0.98094,1.50,2.43
2011.08.17 16:33:18.649,0.98076,0.98094,1.50,3.18
2011.08.17 16:33:19.425,0.98076,0.98092,1.50,1.53
2011.08.17 16:33:19.547,0.98076,0.98092,1.50,3.78
2011.08.17 16:33:23.814,0.98075,0.98089,1.50,2.25
2011.08.17 16:33:25.245,0.98075,0.9809,1.50,1.53
2011.08.17 16:33:30.016,0.98076,0.98093,1.50,1.68
2011.08.17 16:33:30.574,0.98077,0.98094,1.50,2.43
2011.08.17 16:33:32.207,0.98079,0.98094,1.50,1.68
2011.08.17 16:33:32.326,0.98079,0.98096,3.75,1.68
2011.08.17 16:33:32.885,0.9808,0.98096,1.50,1.68
2011.08.17 16:33:34.219,0.9808,0.98096,1.50,1.68
2011.08.17 16:33:37.426,0.98079,0.98095,3.75,3.03
2011.08.17 16:33:37.547,0.98078,0.98093,2.25,2.25
2011.08.17 16:33:40.018,0.98078,0.98094,2.25,2.25
2011.08.17 16:33:40.795,0.98079,0.98095,1.50,2.43
2011.08.17 16:33:41.915,0.9808,0.98095,1.50,2.43
2011.08.17 16:33:42.926,0.9808,0.98094,1.50,1.50
2011.08.17 16:33:43.486,0.98079,0.98096,2.85,3.18
2011.08.17 16:33:44.018,0.98079,0.98096,2.85,1.68
2011.08.17 16:33:46.555,0.9808,0.98096,1.50,1.68
2011.08.17 16:33:47.224,0.9808,0.98096,1.50,1.68
2011.08.17 16:33:49.329,0.9808,0.98096,1.50,1.68
2011.08.17 16:33:53.803,0.9808,0.98095,1.50,2.43
2011.08.17 16:33:54.355,0.9808,0.98094,1.50,1.50
2011.08.17 16:33:55.174,0.9808,0.98096,1.50,3.18
2011.08.17 16:33:58.357,0.9808,0.98094,1.50,1.50
2011.08.17 16:33:59.926,0.98079,0.98093,2.10,1.50
2011.08.17 16:34:00.347,0.98079,0.9809,1.35,1.50
2011.08.17 16:34:01.019,0.98078,0.98091,1.35,1.50
2011.08.17 16:34:01.580,0.98078,0.9809,1.35,1.50
2011.08.17 16:34:02.084,0.98078,0.98091,1.35,1.50
2011.08.17 16:34:03.018,0.98078,0.98094,1.43,2.25
2011.08.17 16:34:03.360,0.98078,0.98096,4.73,1.68
2011.08.17 16:34:03.916,0.9808,0.98097,1.50,2.43
2011.08.17 16:34:04.586,0.98081,0.98095,1.50,1.50
2011.08.17 16:34:05.095,0.9808,0.98094,1.50,1.50
2011.08.17 16:34:05.646,0.9808,0.98095,1.50,2.25
2011.08.17 16:34:06.494,0.9808,0.98094,1.50,1.50
2011.08.17 16:34:07.704,0.9808,0.98095,1.50,2.25
2011.08.17 16:34:08.808,0.9808,0.98091,1.50,1.50
2011.08.17 16:34:09.258,0.98077,0.9809,2.25,1.50
2011.08.17 16:34:09.857,0.98077,0.98091,2.25,2.25
2011.08.17 16:34:10.455,0.98077,0.9809,2.25,1.50
2011.08.17 16:34:11.406,0.98076,0.9809,2.25,1.50
2011.08.17 16:34:11.964,0.98076,0.98091,1.50,6.23
2011.08.17 16:34:14.547,0.98076,0.9809,1.50,2.48
2011.08.17 16:34:17.605,0.98076,0.9809,1.50,1.50
2011.08.17 16:34:18.497,0.98076,0.98091,1.50,3.75
2011.08.17 16:34:19.471,0.98076,0.98091,1.50,6.00
2011.08.17 16:34:19.591,0.98076,0.98089,1.50,1.50
2011.08.17 16:34:20.037,0.98074,0.98086,1.50,1.50
2011.08.17 16:34:20.376,0.98069,0.98084,5.10,2.25
2011.08.17 16:34:20.499,0.98069,0.98084,5.10,2.25
2011.08.17 16:34:24.176,0.98069,0.98085,3.60,2.43
2011.08.17 16:34:24.405,0.98069,0.98081,3.60,1.50
2011.08.17 16:34:24.639,0.98069,0.98084,3.60,2.63
2011.08.17 16:34:25.504,0.98069,0.98083,3.60,1.50
2011.08.17 16:34:26.054,0.98069,0.98085,4.35,2.43
2011.08.17 16:34:26.836,0.98069,0.98083,4.35,1.50
2011.08.17 16:34:27.385,0.98069,0.98084,4.35,2.25
2011.08.17 16:34:30.026,0.98073,0.98085,2.10,3.18
2011.08.17 16:34:33.789,0.98073,0.9808,2.10,1.50
2011.08.17 16:34:35.116,0.98066,0.9808,1.50,1.68
2011.08.17 16:34:36.045,0.98065,0.9808,1.50,2.43
2011.08.17 16:34:43.944,0.98063,0.98079,1.13,1.50
2011.08.17 16:34:45.070,0.98063,0.98079,1.13,1.68
2011.08.17 16:34:45.200,0.98059,0.98071,1.50,1.50
2011.08.17 16:34:45.319,0.98059,0.98074,1.50,1.50
2011.08.17 16:34:48.685,0.9806,0.98074,1.35,1.50
2011.08.17 16:34:48.917,0.98058,0.98073,1.50,1.13
2011.08.17 16:34:49.475,0.98059,0.98074,2.25,2.43
2011.08.17 16:34:51.865,0.98059,0.98067,2.25,1.50
2011.08.17 16:34:52.206,0.98049,0.9806,1.50,1.50
2011.08.17 16:34:52.766,0.98048,0.9806,3.00,1.50
2011.08.17 16:34:55.948,0.98047,0.98057,1.50,1.35
2011.08.17 16:34:56.070,0.98041,0.98054,1.13,1.68
2011.08.17 16:34:56.186,0.98041,0.98054,1.13,2.65
2011.08.17 16:34:56.527,0.98036,0.9805,1.50,1.50
2011.08.17 16:34:56.864,0.98037,0.98051,1.50,3.00
2011.08.17 16:34:56.976,0.98036,0.98051,1.50,3.00
2011.08.17 16:34:57.539,0.98036,0.98051,1.50,3.00
2011.08.17 16:34:58.520,0.98036,0.9805,2.85,1.50
2011.08.17 16:34:58.640,0.98036,0.9805,2.85,1.50
2011.08.17 16:34:59.196,0.98037,0.98051,1.50,1.50
2011.08.17 16:35:00.639,0.98036,0.98047,1.50,2.10
2011.08.17 16:35:00.975,0.98032,0.98041,1.50,1.50
2011.08.17 16:35:01.206,0.98027,0.98041,1.50,1.50
2011.08.17 16:35:01.767,0.98028,0.98041,1.50,1.50
2011.08.17 16:35:03.058,0.98031,0.98041,1.50,1.88
2011.08.17 16:35:04.717,0.98031,0.98042,2.25,1.13
2011.08.17 16:35:04.840,0.98033,0.98045,1.65,1.50
2011.08.17 16:35:05.396,0.98035,0.98046,1.50,1.50
2011.08.17 16:35:05.520,0.98036,0.98049,2.25,1.50
2011.08.17 16:35:06.024,0.98036,0.98051,3.00,1.68
2011.08.17 16:35:06.576,0.98037,0.9805,1.50,1.50
2011.08.17 16:35:08.746,0.98037,0.9805,1.50,1.50
2011.08.17 16:35:09.196,0.98033,0.98046,1.50,1.50
2011.08.17 16:35:10.048,0.98034,0.98046,1.65,1.50
2011.08.17 16:35:10.280,0.98034,0.98043,1.50,1.50
2011.08.17 16:35:10.618,0.98033,0.98041,1.50,1.50
2011.08.17 16:35:11.508,0.98031,0.98041,1.50,1.88
2011.08.17 16:35:12.693,0.98033,0.98045,1.50,1.50
2011.08.17 16:35:13.355,0.98033,0.98045,2.25,1.50
2011.08.17 16:35:13.656,0.98031,0.98038,2.25,2.10
2011.08.17 16:35:14.001,0.98023,0.98031,1.50,1.50
2011.08.17 16:35:14.343,0.9802,0.98031,2.25,1.50
2011.08.17 16:35:16.319,0.9802,0.98031,3.00,1.50
2011.08.17 16:35:20.707,0.98021,0.9803,1.88,1.50
2011.08.17 16:35:20.837,0.98024,0.98039,3.69,1.13
2011.08.17 16:35:20.964,0.98025,0.98041,2.25,1.50
2011.08.17 16:35:21.080,0.98025,0.98037,1.50,2.25
2011.08.17 16:35:21.200,0.98024,0.9804,1.50,3.00
2011.08.17 16:35:21.319,0.98024,0.98035,1.80,1.50
2011.08.17 16:35:22.977,0.98025,0.98038,2.10,1.50
2011.08.17 16:35:23.097,0.98025,0.98041,2.25,2.85
2011.08.17 16:35:23.218,0.98024,0.98038,3.00,1.50
2011.08.17 16:35:24.515,0.98026,0.98036,1.35,1.50
2011.08.17 16:35:24.639,0.98026,0.98041,2.10,1.50
2011.08.17 16:35:25.308,0.98025,0.98039,1.28,2.25
2011.08.17 16:35:25.644,0.98023,0.98036,2.25,1.50
2011.08.17 16:35:28.389,0.98026,0.98041,1.50,3.55
2011.08.17 16:35:28.614,0.98025,0.98041,2.10,1.88
2011.08.17 16:35:30.698,0.98025,0.98041,2.10,1.88
2011.08.17 16:35:31.354,0.98025,0.98041,2.10,1.88
2011.08.17 16:35:34.137,0.98026,0.98041,1.88,1.50
2011.08.17 16:35:34.476,0.9803,0.98041,2.10,1.50
2011.08.17 16:35:34.596,0.98029,0.98041,1.50,1.50
2011.08.17 16:35:36.256,0.98028,0.9804,1.50,1.50
2011.08.17 16:35:36.997,0.98028,0.9804,1.88,1.50
2011.08.17 16:35:38.584,0.98033,0.9804,1.65,1.50
2011.08.17 16:35:38.807,0.98035,0.98049,2.25,1.50
2011.08.17 16:35:38.928,0.98035,0.98049,2.25,1.50
2011.08.17 16:35:39.266,0.98035,0.98046,2.78,1.50
2011.08.17 16:35:39.719,0.98037,0.9805,1.50,1.50
2011.08.17 16:35:39.949,0.98039,0.98053,3.00,1.13
2011.08.17 16:35:40.067,0.98041,0.98056,1.50,3.33
2011.08.17 16:35:41.456,0.9804,0.98056,2.25,1.83
2011.08.17 16:35:42.437,0.98041,0.98057,1.66,2.43
2011.08.17 16:35:42.778,0.98044,0.98057,4.80,1.50
2011.08.17 16:35:52.592,0.98045,0.98056,2.25,1.50
2011.08.17 16:35:54.565,0.98045,0.98056,2.25,1.50
2011.08.17 16:35:56.887,0.98045,0.98057,1.50,1.50
2011.08.17 16:35:57.007,0.98047,0.98059,1.50,2.25
2011.08.17 16:35:57.125,0.98047,0.9806,1.50,1.50
2011.08.17 16:36:00.165,0.98047,0.98061,2.25,1.08
2011.08.17 16:36:00.508,0.98047,0.98062,2.33,2.80
2011.08.17 16:36:01.925,0.98048,0.98062,1.58,2.43
2011.08.17 16:36:03.606,0.98048,0.98061,1.65,1.50
2011.08.17 16:36:03.836,0.98046,0.9806,2.03,1.68
2011.08.17 16:36:04.181,0.98046,0.98057,1.50,1.50
2011.08.17 16:36:04.306,0.98047,0.9806,1.50,1.68
2011.08.17 16:36:05.617,0.98046,0.98061,1.50,2.43
2011.08.17 16:36:05.740,0.98046,0.98058,1.50,1.50
2011.08.17 16:36:06.075,0.9804,0.98056,2.25,1.50
2011.08.17 16:36:06.636,0.98041,0.98054,2.85,1.35
2011.08.17 16:36:06.756,0.98041,0.98054,1.35,1.73
2011.08.17 16:36:06.878,0.98037,0.98051,1.50,1.50
2011.08.17 16:36:09.594,0.98037,0.98052,2.40,1.68
2011.08.17 16:36:09.714,0.98037,0.98052,2.25,1.68
2011.08.17 16:36:09.941,0.98037,0.9805,1.50,1.50
2011.08.17 16:36:10.386,0.98037,0.98052,1.50,1.68
2011.08.17 16:36:10.727,0.98035,0.98052,3.00,1.68
2011.08.17 16:36:11.290,0.98035,0.98049,1.50,1.53
2011.08.17 16:36:11.518,0.98034,0.98048,1.13,1.90
2011.08.17 16:36:11.858,0.98031,0.98048,1.50,3.40
2011.08.17 16:36:14.634,0.98031,0.98048,1.50,1.68
2011.08.17 16:36:15.184,0.98031,0.98048,1.65,1.68
2011.08.17 16:36:15.916,0.98031,0.98048,1.65,3.40
2011.08.17 16:36:17.414,0.9803,0.98048,2.48,3.18
2011.08.17 16:36:18.027,0.9803,0.98047,2.48,2.43
2011.08.17 16:36:19.104,0.9803,0.98048,2.48,3.18
2011.08.17 16:36:19.764,0.98031,0.98047,1.65,2.43
2011.08.17 16:36:20.541,0.98028,0.98047,2.40,6.18
2011.08.17 16:36:20.666,0.98028,0.98044,1.50,2.10
2011.08.17 16:36:21.049,0.98028,0.98044,1.50,2.10
2011.08.17 16:36:21.165,0.98028,0.98042,1.50,3.75
2011.08.17 16:36:23.075,0.98027,0.98042,1.50,3.75
2011.08.17 16:36:25.145,0.98027,0.98042,2.33,3.75
2011.08.17 16:36:25.486,0.98026,0.98037,1.50,1.50
2011.08.17 16:36:25.830,0.98028,0.98044,1.50,2.05
2011.08.17 16:36:25.947,0.98027,0.98044,1.88,1.68
2011.08.17 16:36:26.625,0.98027,0.98043,1.88,2.65
2011.08.17 16:36:27.186,0.98027,0.98041,1.50,2.25
2011.08.17 16:36:28.416,0.98027,0.98043,2.25,1.53
2011.08.17 16:36:29.358,0.98027,0.98042,2.25,1.35
2011.08.17 16:36:32.425,0.98029,0.98044,1.50,2.43
2011.08.17 16:36:32.547,0.98033,0.98045,1.05,1.35
2011.08.17 16:36:34.617,0.98033,0.98048,3.15,1.68
2011.08.17 16:36:35.175,0.98035,0.98049,1.50,3.18
2011.08.17 16:36:39.926,0.98034,0.98049,1.88,1.53
2011.08.17 16:36:42.485,0.98034,0.98049,3.08,1.53
2011.08.17 16:36:43.377,0.98035,0.98051,1.50,3.93
2011.08.17 16:36:43.934,0.98034,0.98051,3.83,3.93
2011.08.17 16:36:45.424,0.98035,0.98051,1.50,3.93
2011.08.17 16:36:50.619,0.98034,0.98051,3.08,3.93
2011.08.17 16:36:52.605,0.98034,0.9805,1.50,2.43
2011.08.17 16:36:53.936,0.98034,0.98049,2.33,2.43
2011.08.17 16:36:54.164,0.98034,0.98049,3.75,2.43
2011.08.17 16:36:54.716,0.98034,0.9805,4.43,2.43
2011.08.17 16:36:54.837,0.98035,0.9805,2.25,2.43
2011.08.17 16:36:55.395,0.98036,0.98051,1.50,2.43
2011.08.17 16:36:57.920,0.98037,0.98052,1.50,1.68
2011.08.17 16:36:58.478,0.98035,0.98052,2.25,1.68
2011.08.17 16:37:06.931,0.98036,0.9805,1.50,2.28
2011.08.17 16:37:07.597,0.98036,0.98051,1.50,2.43
2011.08.17 16:37:08.160,0.98035,0.9805,2.25,2.43
2011.08.17 16:37:08.388,0.98036,0.9805,1.50,3.93
2011.08.17 16:37:09.055,0.98034,0.98049,1.50,1.68
2011.08.17 16:37:12.087,0.98034,0.98049,2.93,2.43
2011.08.17 16:37:12.205,0.98034,0.98049,2.93,2.43
2011.08.17 16:37:14.984,0.98034,0.98049,1.50,1.68
2011.08.17 16:37:16.615,0.98036,0.98049,1.50,1.68
2011.08.17 16:37:17.164,0.98035,0.98049,1.50,1.68
2011.08.17 16:37:25.876,0.98035,0.98051,1.65,5.05
2011.08.17 16:37:26.437,0.98035,0.9805,1.50,2.43
2011.08.17 16:37:27.389,0.98035,0.9805,1.50,2.43
2011.08.17 16:37:28.385,0.98035,0.9805,3.00,2.43
2011.08.17 16:37:28.727,0.98035,0.98051,3.23,3.18
2011.08.17 16:37:28.954,0.98035,0.98051,3.45,3.18
2011.08.17 16:37:29.504,0.98035,0.98051,3.23,3.18
2011.08.17 16:37:33.155,0.98035,0.98051,2.25,2.25
2011.08.17 16:37:34.195,0.98035,0.98052,2.25,2.25
2011.08.17 16:37:35.094,0.98035,0.98051,2.48,4.35
2011.08.17 16:37:40.021,0.98035,0.98051,3.23,2.85
2011.08.17 16:37:40.466,0.98035,0.98051,2.25,2.85
2011.08.17 16:37:49.847,0.98034,0.98048,1.73,1.13
2011.08.17 16:37:50.188,0.98028,0.98043,1.28,1.73
2011.08.17 16:37:50.306,0.98028,0.98041,1.28,2.25
2011.08.17 16:37:50.755,0.98024,0.98041,1.13,3.00
2011.08.17 16:37:51.096,0.98024,0.98041,1.13,3.75
2011.08.17 16:37:51.435,0.98024,0.98041,1.13,3.75
2011.08.17 16:37:52.536,0.98025,0.98041,1.50,2.25
2011.08.17 16:37:55.186,0.98027,0.98044,1.50,2.33
2011.08.17 16:37:55.311,0.98027,0.98044,1.50,2.10
2011.08.17 16:37:56.385,0.98027,0.98046,1.50,6.18
2011.08.17 16:37:56.835,0.9803,0.98046,2.25,3.00
2011.08.17 16:37:57.167,0.98036,0.98046,1.50,2.25
2011.08.17 16:37:57.288,0.98036,0.98052,1.50,1.50
2011.08.17 16:37:58.395,0.98036,0.98053,1.50,2.85
2011.08.17 16:37:58.956,0.98038,0.98053,1.50,2.48
2011.08.17 16:37:59.074,0.98034,0.98052,1.50,2.10
2011.08.17 16:37:59.298,0.98033,0.98047,3.68,1.50
2011.08.17 16:37:59.749,0.9803,0.98045,1.43,3.38
2011.08.17 16:37:59.868,0.98029,0.98045,1.50,4.88
2011.08.17 16:37:59.986,0.98029,0.98046,1.50,3.60
2011.08.17 16:38:00.461,0.98029,0.98046,2.10,2.63
2011.08.17 16:38:00.700,0.98032,0.9805,1.50,3.00
2011.08.17 16:38:00.817,0.98033,0.9805,1.50,1.50
2011.08.17 16:38:01.376,0.98033,0.98049,1.50,1.50
2011.08.17 16:38:01.826,0.98033,0.98043,1.50,2.10
2011.08.17 16:38:02.057,0.98025,0.98036,2.03,2.25
2011.08.17 16:38:02.176,0.98029,0.98039,2.25,2.48
2011.08.17 16:38:02.297,0.98029,0.98044,3.00,1.50
2011.08.17 16:38:02.416,0.9803,0.98046,1.50,2.25
2011.08.17 16:38:02.646,0.98032,0.98048,1.50,1.50
2011.08.17 16:38:03.207,0.98033,0.98049,1.50,1.50
2011.08.17 16:38:03.326,0.98033,0.98051,2.25,4.90
2011.08.17 16:38:03.555,0.98033,0.98049,1.50,1.50
2011.08.17 16:38:04.115,0.98033,0.98048,1.50,1.50
2011.08.17 16:38:04.225,0.98033,0.98051,1.50,5.43
2011.08.17 16:38:04.675,0.98034,0.98051,2.25,3.93
2011.08.17 16:38:05.236,0.98036,0.98051,1.50,1.50
2011.08.17 16:38:05.795,0.98037,0.9805,1.58,1.50
2011.08.17 16:38:06.135,0.98037,0.98051,1.50,1.50
2011.08.17 16:38:06.247,0.98037,0.98052,1.58,2.10
2011.08.17 16:38:14.677,0.98039,0.98054,2.25,1.50
2011.08.17 16:38:14.907,0.98039,0.98056,1.65,3.00
2011.08.17 16:38:16.068,0.9804,0.98056,2.33,2.25
2011.08.17 16:38:16.625,0.98043,0.98056,1.88,2.25
2011.08.17 16:38:17.987,0.98042,0.98056,1.05,2.25
2011.08.17 16:38:18.509,0.98039,0.98056,1.58,4.35
2011.08.17 16:38:18.627,0.98038,0.98056,1.50,6.60
2011.08.17 16:38:18.965,0.98038,0.98055,1.65,2.10
2011.08.17 16:38:19.418,0.98039,0.98056,1.05,5.25
2011.08.17 16:38:19.536,0.98039,0.98056,1.88,2.25
2011.08.17 16:38:21.528,0.98039,0.98056,1.80,3.75
2011.08.17 16:38:23.860,0.98039,0.98054,1.80,1.50
2011.08.17 16:38:24.090,0.98039,0.98056,1.05,5.25
2011.08.17 16:38:24.536,0.98037,0.98056,1.50,3.75
2011.08.17 16:38:24.878,0.98038,0.98056,1.05,5.25
2011.08.17 16:38:26.816,0.98038,0.98055,1.05,1.50
2011.08.17 16:38:27.485,0.98038,0.98054,1.05,1.50
2011.08.17 16:38:27.704,0.98038,0.98056,1.05,3.75
2011.08.17 16:38:28.906,0.9804,0.98056,1.05,3.75
2011.08.17 16:38:31.615,0.9804,0.98056,1.05,3.75
2011.08.17 16:38:32.406,0.9804,0.98056,1.05,3.00
2011.08.17 16:38:33.626,0.9804,0.98056,1.13,3.18
2011.08.17 16:38:38.016,0.98041,0.98056,1.35,3.18
2011.08.17 16:38:38.546,0.98041,0.98056,1.13,5.28
2011.08.17 16:38:38.776,0.98038,0.98051,1.50,4.35
2011.08.17 16:38:38.897,0.98036,0.98051,1.50,4.35
2011.08.17 16:38:39.466,0.98038,0.98053,1.50,2.43
2011.08.17 16:38:40.086,0.98038,0.9805,1.50,1.50
2011.08.17 16:38:40.757,0.98036,0.9805,1.50,1.50
2011.08.17 16:38:41.314,0.98036,0.98051,1.50,2.25
2011.08.17 16:38:42.195,0.98038,0.98051,1.50,2.25
2011.08.17 16:38:42.425,0.98038,0.98053,1.50,2.28
2011.08.17 16:38:43.576,0.98036,0.98052,1.50,2.80
2011.08.17 16:38:43.697,0.98034,0.98048,3.38,2.25
2011.08.17 16:38:44.256,0.98033,0.98046,3.76,2.25
2011.08.17 16:38:45.042,0.98034,0.98046,1.95,2.25
2011.08.17 16:38:50.405,0.98037,0.98048,1.50,1.35
2011.08.17 16:38:50.747,0.98042,0.98054,2.25,2.63
2011.08.17 16:38:50.869,0.98043,0.98056,1.58,2.25
2011.08.17 16:38:51.315,0.98043,0.98056,2.48,2.25
2011.08.17 16:38:51.875,0.98043,0.98056,1.13,2.25
2011.08.17 16:38:52.426,0.98043,0.98056,1.13,2.25
2011.08.17 16:38:52.766,0.98039,0.98046,1.50,3.75
2011.08.17 16:38:52.886,0.98034,0.98046,1.58,3.00
2011.08.17 16:38:53.862,0.98029,0.98043,2.25,1.50
2011.08.17 16:38:54.197,0.9803,0.98043,1.50,1.50
2011.08.17 16:38:54.977,0.9803,0.98044,1.50,1.53
2011.08.17 16:38:55.095,0.98029,0.98042,1.50,1.50
2011.08.17 16:38:55.655,0.98029,0.98043,1.50,1.68
2011.08.17 16:39:00.507,0.98033,0.98043,1.50,1.50
2011.08.17 16:39:00.846,0.98033,0.98048,1.50,2.28
2011.08.17 16:39:03.736,0.98035,0.98049,1.50,2.43
2011.08.17 16:39:04.645,0.98033,0.9805,3.00,2.43
2011.08.17 16:39:05.222,0.98033,0.98048,1.50,2.43
2011.08.17 16:39:05.885,0.98034,0.98048,1.50,1.68
2011.08.17 16:39:12.645,0.98034,0.98047,1.50,1.68
2011.08.17 16:39:15.478,0.98034,0.98048,2.25,1.68
2011.08.17 16:39:15.925,0.98035,0.98052,1.50,4.15
2011.08.17 16:39:16.920,0.98036,0.98052,2.25,3.78
2011.08.17 16:39:17.256,0.98037,0.98053,1.58,1.53
2011.08.17 16:39:21.814,0.98037,0.98055,1.50,3.18
2011.08.17 16:39:22.545,0.98036,0.98052,1.50,2.28
2011.08.17 16:39:22.895,0.98035,0.98051,3.00,3.03
2011.08.17 16:39:30.365,0.98035,0.98049,3.00,1.68
2011.08.17 16:39:36.299,0.98036,0.9805,1.50,2.43
2011.08.17 16:39:36.636,0.98039,0.98053,1.58,1.68
2011.08.17 16:39:36.756,0.98039,0.98055,1.58,1.50
2011.08.17 16:39:36.988,0.98039,0.98056,2.33,3.00
2011.08.17 16:39:37.575,0.9804,0.98056,1.58,3.00
2011.08.17 16:39:37.695,0.9804,0.98056,1.65,4.50
2011.08.17 16:39:38.575,0.9804,0.98055,1.65,1.50
2011.08.17 16:39:39.157,0.9804,0.98056,1.65,3.75
2011.08.17 16:39:39.715,0.98039,0.98055,2.33,1.50
2011.08.17 16:39:41.465,0.98039,0.98054,1.58,1.13
2011.08.17 16:39:41.804,0.98037,0.98051,2.25,1.50
2011.08.17 16:39:42.354,0.98037,0.98053,3.00,1.68
2011.08.17 16:39:43.666,0.98038,0.98051,1.58,2.25
2011.08.17 16:39:44.227,0.98037,0.98052,2.33,1.68
2011.08.17 16:39:44.679,0.98036,0.98049,2.25,1.50
2011.08.17 16:39:45.454,0.98036,0.98048,1.50,1.50
2011.08.17 16:39:46.158,0.98035,0.98049,1.50,1.68
2011.08.17 16:39:46.497,0.98034,0.98049,2.25,2.43
2011.08.17 16:39:48.477,0.98034,0.98049,1.50,2.43
2011.08.17 16:39:50.414,0.98034,0.98048,1.80,2.43
2011.08.17 16:39:50.638,0.9803,0.98044,1.50,2.28
2011.08.17 16:39:50.758,0.98028,0.98044,1.50,4.53
2011.08.17 16:39:56.654,0.98028,0.9804,1.58,1.50
2011.08.17 16:39:57.216,0.98028,0.98039,2.25,1.50
2011.08.17 16:39:57.916,0.98028,0.9804,2.25,1.15
2011.08.17 16:39:58.043,0.98024,0.98038,2.25,1.30
2011.08.17 16:39:58.158,0.98023,0.98033,2.25,3.00
2011.08.17 16:39:58.719,0.98019,0.9803,2.25,1.50
2011.08.17 16:39:59.168,0.98019,0.98032,2.25,1.73
2011.08.17 16:39:59.714,0.98019,0.98032,2.25,1.50
2011.08.17 16:39:59.947,0.98019,0.98026,2.25,2.25
2011.08.17 16:40:00.179,0.98014,0.98026,1.06,3.00
2011.08.17 16:40:00.741,0.9801,0.98026,1.50,4.68
2011.08.17 16:40:04.305,0.9801,0.98026,1.50,4.68
2011.08.17 16:40:05.689,0.9801,0.98026,1.58,4.68
2011.08.17 16:40:07.876,0.9801,0.98025,1.50,1.35
2011.08.17 16:40:08.434,0.9801,0.98025,1.50,2.10
2011.08.17 16:40:09.035,0.9801,0.98025,1.58,1.35
2011.08.17 16:40:09.635,0.9801,0.98025,1.58,1.35
2011.08.17 16:40:09.754,0.9801,0.98023,1.58,1.50
2011.08.17 16:40:10.086,0.98008,0.98021,1.50,2.85
2011.08.17 16:40:10.426,0.98006,0.98017,1.50,3.78
2011.08.17 16:40:11.265,0.98004,0.98017,1.50,3.03
2011.08.17 16:40:12.375,0.98003,0.98017,1.05,4.15
2011.08.17 16:40:12.826,0.97999,0.98016,2.78,2.28
2011.08.17 16:40:12.949,0.97999,0.98011,1.50,5.10
2011.08.17 16:40:13.069,0.97994,0.98007,2.25,1.50
2011.08.17 16:40:13.297,0.97994,0.98008,2.25,1.50
2011.08.17 16:40:13.526,0.97995,0.98007,1.50,1.50
2011.08.17 16:40:13.756,0.97994,0.98008,2.25,1.50
2011.08.17 16:40:14.425,0.97994,0.98007,2.25,1.50
2011.08.17 16:40:14.651,0.97994,0.98004,1.50,1.50
2011.08.17 16:40:15.100,0.97999,0.98012,1.50,1.68
2011.08.17 16:40:16.165,0.97999,0.98011,1.50,1.50
2011.08.17 16:40:16.716,0.97999,0.98012,1.50,1.50
2011.08.17 16:40:16.840,0.98,0.98016,1.88,5.28
2011.08.17 16:40:17.401,0.98003,0.98016,1.50,3.75
2011.08.17 16:40:17.959,0.98005,0.9802,1.50,2.43
2011.08.17 16:40:18.297,0.98009,0.98021,2.25,2.25
2011.08.17 16:40:18.416,0.98009,0.98024,2.25,2.05
2011.08.17 16:40:18.537,0.98009,0.98023,3.00,1.50
2011.08.17 16:40:19.205,0.9801,0.98025,1.50,2.05
2011.08.17 16:40:19.936,0.98009,0.98023,1.50,1.50
2011.08.17 16:40:20.168,0.98007,0.98021,1.50,2.43
2011.08.17 16:40:20.716,0.98006,0.98021,3.00,2.43
2011.08.17 16:40:23.247,0.98006,0.98021,1.50,3.93
2011.08.17 16:40:23.808,0.98009,0.98023,1.50,2.43
2011.08.17 16:40:25.095,0.98011,0.98024,1.50,1.68
2011.08.17 16:40:25.436,0.98012,0.98025,1.50,1.68
2011.08.17 16:40:26.275,0.98012,0.98025,2.25,1.68
2011.08.17 16:40:28.265,0.98014,0.98028,1.50,3.03
2011.08.17 16:40:35.345,0.98014,0.98029,1.50,2.05
2011.08.17 16:40:35.796,0.98014,0.98029,1.65,1.50
2011.08.17 16:40:36.764,0.98014,0.9803,1.50,2.43
2011.08.17 16:40:38.074,0.98014,0.98029,1.50,1.50
2011.08.17 16:40:39.467,0.98014,0.98028,2.25,1.68
2011.08.17 16:40:49.666,0.98014,0.98026,1.50,2.05
2011.08.17 16:40:50.008,0.98008,0.98022,1.50,1.50
2011.08.17 16:40:50.796,0.98008,0.98021,1.50,1.50
2011.08.17 16:40:50.917,0.98008,0.98025,1.50,2.05
2011.08.17 16:40:51.042,0.98009,0.98027,3.00,5.80
2011.08.17 16:40:51.484,0.9801,0.98026,1.50,1.30
2011.08.17 16:40:51.706,0.9801,0.98026,1.50,1.30
2011.08.17 16:40:52.143,0.98011,0.98029,1.50,4.15
2011.08.17 16:40:54.606,0.98011,0.98026,1.50,1.50
2011.08.17 16:40:55.284,0.98011,0.98027,1.50,2.05
2011.08.17 16:41:02.404,0.98013,0.98028,1.05,2.80
2011.08.17 16:41:02.955,0.98014,0.9803,1.80,1.68
2011.08.17 16:41:06.695,0.98014,0.98031,1.05,2.05
2011.08.17 16:41:08.065,0.98014,0.98031,1.05,1.30
2011.08.17 16:41:08.423,0.9801,0.98024,2.25,2.63
2011.08.17 16:41:08.872,0.98009,0.98026,2.25,5.85
2011.08.17 16:41:09.216,0.98009,0.98026,1.50,6.38
2011.08.17 16:41:09.338,0.98009,0.98026,2.25,4.30
2011.08.17 16:41:09.676,0.98011,0.98028,2.25,4.15
2011.08.17 16:41:12.907,0.98011,0.98028,1.50,3.40
2011.08.17 16:41:13.468,0.98011,0.98028,1.50,2.28
2011.08.17 16:41:16.216,0.98011,0.98028,2.25,1.90
2011.08.17 16:41:18.567,0.98011,0.98028,3.00,1.53
2011.08.17 16:41:18.907,0.98011,0.98028,3.00,2.28
2011.08.17 16:41:23.197,0.98013,0.98029,1.50,2.28
2011.08.17 16:41:27.300,0.98014,0.9803,1.50,1.68
2011.08.17 16:41:27.419,0.98015,0.98031,1.50,2.43
2011.08.17 16:41:27.978,0.98013,0.9803,2.25,1.53
2011.08.17 16:41:28.994,0.98012,0.98029,2.25,1.53
2011.08.17 16:41:31.886,0.98012,0.98029,1.50,1.53
2011.08.17 16:41:32.451,0.98015,0.98032,2.25,4.90
2011.08.17 16:41:33.508,0.98016,0.98032,2.25,3.78
2011.08.17 16:41:34.053,0.98018,0.98032,1.50,1.53
2011.08.17 16:41:39.905,0.98018,0.98036,2.25,4.53
2011.08.17 16:41:41.029,0.98018,0.98034,1.50,4.15
2011.08.17 16:41:41.585,0.98018,0.98034,1.50,1.53
2011.08.17 16:41:44.296,0.98018,0.98034,1.58,1.53
2011.08.17 16:41:51.185,0.98019,0.98035,1.65,1.68
2011.08.17 16:41:51.896,0.98019,0.98035,1.65,1.68
2011.08.17 16:41:52.944,0.98019,0.98035,1.65,1.68
2011.08.17 16:41:54.824,0.98019,0.98035,1.65,1.68
2011.08.17 16:41:55.397,0.98019,0.98035,1.65,1.68
2011.08.17 16:41:56.866,0.98019,0.98035,2.40,1.68
2011.08.17 16:41:58.246,0.98019,0.98035,2.40,1.68
2011.08.17 16:41:59.476,0.98019,0.98035,2.40,1.68
2011.08.17 16:42:00.157,0.98019,0.98035,2.55,1.68
2011.08.17 16:42:02.185,0.98019,0.98035,2.55,1.68
2011.08.17 16:42:02.735,0.98019,0.98035,2.55,1.68
2011.08.17 16:42:05.432,0.98019,0.98034,2.52,1.53
2011.08.17 16:42:05.548,0.98019,0.98034,2.25,3.40
2011.08.17 16:42:05.671,0.98018,0.98033,1.50,1.15
2011.08.17 16:42:21.357,0.98019,0.98036,2.25,3.18
2011.08.17 16:42:22.135,0.98019,0.98036,1.50,3.93
2011.08.17 16:42:29.406,0.98019,0.98036,2.25,3.18
2011.08.17 16:42:30.075,0.98019,0.98036,1.50,3.93
2011.08.17 16:42:31.576,0.98019,0.98036,1.58,3.18
2011.08.17 16:42:31.915,0.9802,0.98036,1.81,3.00
2011.08.17 16:42:36.676,0.98019,0.98036,2.40,2.43
2011.08.17 16:42:36.907,0.98018,0.98036,2.25,4.68
2011.08.17 16:42:38.624,0.98018,0.98036,1.50,4.68
2011.08.17 16:42:38.848,0.98018,0.98035,1.50,4.15
2011.08.17 16:42:39.405,0.98016,0.98032,2.25,3.18
2011.08.17 16:42:39.988,0.98016,0.98031,2.25,1.88
2011.08.17 16:42:40.329,0.98016,0.98031,2.25,2.80
2011.08.17 16:42:50.636,0.98017,0.98031,1.50,1.53
2011.08.17 16:42:52.095,0.98017,0.98032,1.50,3.03
2011.08.17 16:42:52.645,0.98017,0.98032,1.50,3.03
2011.08.17 16:43:02.105,0.98018,0.98032,1.50,3.78
2011.08.17 16:43:02.704,0.98018,0.98032,1.50,3.03
2011.08.17 16:43:08.124,0.98018,0.98032,1.50,3.03
2011.08.17 16:43:08.565,0.98018,0.98032,1.50,3.03
2011.08.17 16:43:10.398,0.98018,0.98032,1.50,3.03
2011.08.17 16:43:10.984,0.98018,0.98032,1.50,3.03
2011.08.17 16:43:11.866,0.98018,0.98031,1.50,1.53
2011.08.17 16:43:17.145,0.98018,0.98032,1.50,3.03
2011.08.17 16:43:17.817,0.98019,0.98035,1.50,2.28
2011.08.17 16:43:17.937,0.98019,0.98036,1.50,3.78
2011.08.17 16:43:18.577,0.98019,0.98036,1.50,4.53
2011.08.17 16:43:19.135,0.98018,0.98036,2.25,5.28
2011.08.17 16:43:19.685,0.98018,0.98036,2.25,4.53
2011.08.17 16:43:20.267,0.98018,0.98036,2.25,5.28
2011.08.17 16:43:21.278,0.98018,0.98036,2.25,4.53
2011.08.17 16:43:24.776,0.98018,0.98036,2.25,5.28
2011.08.17 16:43:25.446,0.98018,0.98036,2.33,5.28
2011.08.17 16:43:25.566,0.98018,0.98036,2.40,4.53
2011.08.17 16:43:25.905,0.98019,0.98036,1.58,3.18
2011.08.17 16:43:26.460,0.98019,0.98036,1.58,3.78
2011.08.17 16:43:26.795,0.98019,0.98036,1.65,3.78
2011.08.17 16:43:27.369,0.98019,0.98036,1.73,3.78
2011.08.17 16:43:28.038,0.98019,0.98036,1.65,3.78
2011.08.17 16:43:48.088,0.98021,0.98036,1.58,3.78
2011.08.17 16:43:48.206,0.98021,0.98036,1.58,3.18
2011.08.17 16:44:06.794,0.98018,0.98035,1.50,1.68
2011.08.17 16:44:11.667,0.98016,0.98033,1.50,2.80
2011.08.17 16:44:12.242,0.98016,0.98033,2.25,2.05
2011.08.17 16:44:23.765,0.98017,0.98031,1.58,2.43
2011.08.17 16:44:23.985,0.98017,0.98031,1.65,2.43
2011.08.17 16:44:24.756,0.98016,0.98031,3.83,2.43
2011.08.17 16:44:24.975,0.98018,0.98031,1.50,2.43
2011.08.17 16:44:25.197,0.98016,0.98031,3.83,2.43
2011.08.17 16:44:25.427,0.98018,0.98031,1.50,2.43
2011.08.17 16:44:25.546,0.98016,0.98031,4.36,2.43
2011.08.17 16:44:25.776,0.98018,0.98031,1.50,2.43
2011.08.17 16:44:25.896,0.98018,0.98031,1.58,2.43
2011.08.17 16:44:26.015,0.98018,0.98031,1.50,2.43
2011.08.17 16:44:26.125,0.98016,0.98031,3.08,2.43
2011.08.17 16:44:26.235,0.98016,0.98031,3.15,2.43
2011.08.17 16:44:27.715,0.98017,0.98031,1.58,2.43
2011.08.17 16:44:28.155,0.98016,0.98031,4.28,2.43
2011.08.17 16:44:29.035,0.98016,0.98031,4.36,2.43
2011.08.17 16:44:29.255,0.98016,0.98031,4.36,2.43
2011.08.17 16:44:29.475,0.98016,0.98031,4.36,2.43
2011.08.17 16:44:29.814,0.98016,0.98031,3.83,2.43
2011.08.17 16:44:29.925,0.98016,0.98031,4.97,2.43
2011.08.17 16:44:30.149,0.98016,0.98031,4.36,2.43
2011.08.17 16:44:30.375,0.98016,0.98031,4.36,2.43
2011.08.17 16:44:30.709,0.98016,0.98031,3.83,2.43
2011.08.17 16:44:30.825,0.98016,0.98031,3.75,2.43
2011.08.17 16:44:31.405,0.98016,0.98031,3.75,2.43
2011.08.17 16:44:31.955,0.98016,0.98031,4.44,2.43
2011.08.17 16:44:32.514,0.98016,0.98031,4.97,2.43
2011.08.17 16:44:32.625,0.98016,0.98031,4.44,2.43
2011.08.17 16:44:32.845,0.98016,0.98031,3.83,2.43
2011.08.17 16:44:33.075,0.98016,0.98031,3.00,2.43
2011.08.17 16:44:33.184,0.98016,0.98031,3.75,2.43
2011.08.17 16:44:33.535,0.98016,0.98031,4.28,2.43
2011.08.17 16:44:34.305,0.98016,0.98031,4.28,2.43
2011.08.17 16:44:34.855,0.98016,0.98031,3.69,2.43
2011.08.17 16:44:34.966,0.98016,0.98031,3.77,2.43
2011.08.17 16:44:35.524,0.98016,0.98031,3.08,2.43
2011.08.17 16:44:35.855,0.98016,0.98031,3.08,2.43
2011.08.17 16:44:36.185,0.98016,0.98031,3.77,2.43
2011.08.17 16:44:36.735,0.98016,0.98031,3.77,2.43
2011.08.17 16:44:37.406,0.98016,0.98031,3.08,2.43
2011.08.17 16:44:37.525,0.98016,0.98031,3.00,2.43
2011.08.17 16:44:37.965,0.98016,0.98031,3.53,2.43
2011.08.17 16:44:38.194,0.98016,0.98031,2.40,2.43
2011.08.17 16:44:38.877,0.98016,0.98031,3.68,2.43
2011.08.17 16:44:39.106,0.98016,0.98031,3.00,2.43
2011.08.17 16:44:39.226,0.98016,0.98031,3.68,2.25
2011.08.17 16:44:39.680,0.98018,0.98034,2.25,1.68
2011.08.17 16:44:39.796,0.98017,0.98034,2.40,1.68
2011.08.17 16:44:40.136,0.98018,0.98034,1.65,1.68
2011.08.17 16:44:42.165,0.98018,0.98034,1.05,1.68
2011.08.17 16:44:42.715,0.98018,0.98031,1.05,3.00
2011.08.17 16:44:42.936,0.98016,0.98031,2.25,3.00
2011.08.17 16:44:43.495,0.98016,0.98031,2.25,2.25
2011.08.17 16:44:47.765,0.98018,0.98031,1.50,2.25
2011.08.17 16:44:48.586,0.98017,0.98031,1.50,2.25
2011.08.17 16:44:48.815,0.98017,0.98031,1.50,3.00
2011.08.17 16:44:49.476,0.98017,0.98031,1.50,2.25
2011.08.17 16:44:52.978,0.98018,0.98031,1.50,2.25
2011.08.17 16:44:54.295,0.98016,0.98031,4.22,2.25
2011.08.17 16:45:00.448,0.98016,0.98031,2.94,3.00
2011.08.17 16:45:01.006,0.98016,0.98031,2.94,3.00
2011.08.17 16:45:01.575,0.98016,0.98031,2.94,3.00
2011.08.17 16:45:02.185,0.98016,0.98031,3.47,2.25
2011.08.17 16:45:06.976,0.98016,0.98031,2.94,3.00
2011.08.17 16:45:09.337,0.98016,0.98031,2.94,2.25
2011.08.17 16:45:18.576,0.98017,0.98033,1.50,1.68
2011.08.17 16:45:24.896,0.98017,0.98034,2.78,1.68
2011.08.17 16:45:25.127,0.98018,0.98035,2.33,1.68
2011.08.17 16:45:25.246,0.98018,0.98035,2.33,1.68
2011.08.17 16:45:27.785,0.98018,0.98035,2.33,1.68
2011.08.17 16:45:28.457,0.98021,0.98037,2.48,3.18
2011.08.17 16:45:29.471,0.98025,0.98041,1.51,1.68
2011.08.17 16:45:29.807,0.98026,0.98043,1.66,1.68
2011.08.17 16:45:29.928,0.98026,0.98043,2.41,1.68
2011.08.17 16:45:30.378,0.98027,0.98043,2.63,1.30
2011.08.17 16:45:30.497,0.98027,0.98042,1.13,3.55
2011.08.17 16:45:31.056,0.98026,0.98042,1.66,5.05
2011.08.17 16:45:31.615,0.98026,0.98042,1.66,5.05
2011.08.17 16:45:34.004,0.98026,0.98042,1.66,5.05
2011.08.17 16:45:34.335,0.98025,0.98041,1.13,1.68
2011.08.17 16:45:35.005,0.98025,0.98042,1.13,5.05
2011.08.17 16:45:36.785,0.98026,0.98044,2.41,2.43
2011.08.17 16:45:37.659,0.98026,0.98044,1.50,2.43
2011.08.17 16:45:38.825,0.98026,0.98044,2.03,2.43
2011.08.17 16:45:40.338,0.98026,0.98044,1.88,2.43
2011.08.17 16:45:40.918,0.98026,0.98044,1.88,2.43
2011.08.17 16:45:41.476,0.98027,0.98044,1.06,2.43
2011.08.17 16:45:42.037,0.98027,0.98045,1.81,2.43
2011.08.17 16:45:42.549,0.98031,0.98045,2.11,2.43
2011.08.17 16:45:43.325,0.9803,0.98046,1.73,2.43
2011.08.17 16:45:45.106,0.9803,0.98046,1.35,2.43
2011.08.17 16:45:48.918,0.98028,0.98045,2.93,1.68
2011.08.17 16:45:49.039,0.98028,0.98044,2.78,1.50
2011.08.17 16:45:49.155,0.98028,0.98045,2.78,1.68
2011.08.17 16:45:51.587,0.98032,0.98047,1.65,2.43
2011.08.17 16:45:51.927,0.98032,0.9805,2.78,2.43
2011.08.17 16:45:52.155,0.98033,0.9805,1.95,1.68
2011.08.17 16:45:52.380,0.98033,0.98049,2.70,1.50
2011.08.17 16:45:52.605,0.98033,0.9805,2.70,1.68
2011.08.17 16:45:53.046,0.98035,0.98052,2.78,4.90
2011.08.17 16:45:53.169,0.98036,0.98052,2.03,4.90
2011.08.17 16:45:53.506,0.98039,0.98055,1.50,2.85
2011.08.17 16:45:54.875,0.98038,0.98054,2.25,1.50
2011.08.17 16:45:54.998,0.98038,0.98054,2.33,4.13
2011.08.17 16:45:55.557,0.98038,0.98054,1.58,1.50
2011.08.17 16:45:56.637,0.9804,0.98049,1.36,1.35
2011.08.17 16:45:56.762,0.98036,0.98047,2.25,2.25
2011.08.17 16:45:56.878,0.98035,0.98047,2.03,2.25
2011.08.17 16:45:57.437,0.98033,0.98046,3.45,2.25
2011.08.17 16:46:00.967,0.98034,0.98046,1.73,1.50
2011.08.17 16:46:01.528,0.98034,0.98047,1.05,1.50
2011.08.17 16:46:01.912,0.98032,0.98048,2.93,1.50
2011.08.17 16:46:02.464,0.98034,0.9805,1.05,1.68
2011.08.17 16:46:03.016,0.98034,0.98051,2.78,3.55
2011.08.17 16:46:04.536,0.98034,0.98051,3.00,1.68
2011.08.17 16:46:05.114,0.98034,0.98051,3.00,1.68
2011.08.17 16:46:08.516,0.98035,0.98052,3.00,3.78
2011.08.17 16:46:08.857,0.98033,0.98049,1.50,1.88
2011.08.17 16:46:08.977,0.98033,0.98048,1.50,1.35
2011.08.17 16:46:09.097,0.98032,0.98048,1.50,2.28
2011.08.17 16:46:09.872,0.9803,0.98048,1.50,3.03
2011.08.17 16:46:11.386,0.98029,0.98044,1.50,1.50
2011.08.17 16:46:11.507,0.98029,0.98044,1.50,1.50
2011.08.17 16:46:12.067,0.98029,0.98044,1.50,1.50
2011.08.17 16:46:19.176,0.98033,0.98045,2.40,1.50
2011.08.17 16:46:19.845,0.98033,0.98046,3.30,3.00
2011.08.17 16:46:21.166,0.98033,0.98049,4.05,2.28
2011.08.17 16:46:21.506,0.98035,0.98051,1.88,3.00
2011.08.17 16:46:21.736,0.98037,0.98051,1.50,3.00
2011.08.17 16:46:22.735,0.98037,0.98051,1.50,3.00
2011.08.17 16:46:23.295,0.98037,0.98051,1.50,3.00
2011.08.17 16:46:24.882,0.98037,0.98051,1.65,3.00
2011.08.17 16:46:25.105,0.98037,0.98053,1.65,2.10
2011.08.17 16:46:25.680,0.98037,0.98053,1.65,1.35
2011.08.17 16:46:28.167,0.98038,0.98055,2.63,3.00
2011.08.17 16:46:28.726,0.9804,0.98058,3.00,2.28
2011.08.17 16:46:29.285,0.98043,0.98058,1.05,1.53
2011.08.17 16:46:30.779,0.98042,0.98057,1.05,4.30
2011.08.17 16:46:31.005,0.9804,0.98056,1.43,1.50
2011.08.17 16:46:33.007,0.98041,0.98058,1.80,3.40
2011.08.17 16:46:33.905,0.98043,0.98058,1.28,1.53
2011.08.17 16:46:35.887,0.98042,0.98056,2.03,2.25
2011.08.17 16:46:43.164,0.9804,0.98056,1.88,3.75
2011.08.17 16:46:43.745,0.9804,0.98056,1.73,3.75
2011.08.17 16:46:43.858,0.9804,0.98053,1.13,2.10
2011.08.17 16:46:44.089,0.98036,0.98051,1.50,2.10
2011.08.17 16:46:47.161,0.98035,0.98051,2.25,3.60
2011.08.17 16:46:51.145,0.98034,0.9805,3.08,1.50
2011.08.17 16:46:52.105,0.98035,0.98052,1.50,4.68
2011.08.17 16:46:56.769,0.98035,0.98051,1.65,2.43
2011.08.17 16:46:57.254,0.98034,0.98051,2.25,1.68
2011.08.17 16:46:57.811,0.98035,0.98051,1.58,1.68
2011.08.17 16:46:58.037,0.98035,0.98051,1.58,1.68
2011.08.17 16:46:58.597,0.98034,0.98051,2.40,1.68
2011.08.17 16:46:58.935,0.98034,0.98051,2.55,2.43
2011.08.17 16:46:59.045,0.98034,0.98051,2.63,2.43
2011.08.17 16:46:59.158,0.98035,0.98051,2.25,1.68
2011.08.17 16:46:59.497,0.98034,0.9805,1.50,1.50
2011.08.17 16:47:09.347,0.98033,0.98046,2.10,1.50
2011.08.17 16:47:09.877,0.98031,0.98045,1.35,1.88
2011.08.17 16:47:11.096,0.98029,0.98045,1.50,2.63
2011.08.17 16:47:11.221,0.98029,0.98046,3.00,4.73
2011.08.17 16:47:11.558,0.98029,0.98045,1.50,1.68
2011.08.17 16:47:12.114,0.98028,0.98045,1.50,1.68
2011.08.17 16:47:16.836,0.98028,0.98044,1.50,2.63
2011.08.17 16:47:18.506,0.98028,0.98045,2.48,2.28
2011.08.17 16:47:18.626,0.98028,0.98045,2.25,2.28
2011.08.17 16:47:32.499,0.9803,0.98046,2.10,1.68
2011.08.17 16:47:32.617,0.98031,0.98048,1.50,1.30
2011.08.17 16:47:33.175,0.98031,0.98048,1.50,1.30
2011.08.17 16:47:35.419,0.98033,0.98049,2.40,2.05
2011.08.17 16:47:35.757,0.98035,0.98049,1.50,1.50
2011.08.17 16:47:36.096,0.98035,0.98052,1.50,4.30
2011.08.17 16:47:37.095,0.98038,0.98052,1.88,3.55
2011.08.17 16:47:37.468,0.98042,0.98052,3.90,2.63
2011.08.17 16:47:37.592,0.98042,0.98057,1.65,1.68
2011.08.17 16:47:37.816,0.9804,0.98056,2.25,1.68
2011.08.17 16:47:38.047,0.98037,0.98055,2.25,1.68
2011.08.17 16:47:38.168,0.98037,0.98051,2.25,2.25
2011.08.17 16:47:38.734,0.98036,0.98051,1.50,2.25
2011.08.17 16:47:39.889,0.98036,0.98051,1.50,3.00
2011.08.17 16:47:40.785,0.98036,0.98051,1.50,3.00
2011.08.17 16:47:42.230,0.98036,0.98053,2.10,2.05
2011.08.17 16:47:42.787,0.98036,0.98051,1.50,3.00
2011.08.17 16:47:44.349,0.98036,0.98051,1.50,4.13
2011.08.17 16:47:44.830,0.98033,0.9805,1.88,3.40
2011.08.17 16:47:44.943,0.98032,0.98048,1.50,1.50
2011.08.17 16:47:47.585,0.98032,0.98048,2.25,3.00
2011.08.17 16:47:48.355,0.98034,0.98048,2.25,2.78
2011.08.17 16:47:48.468,0.98036,0.98048,1.13,1.65
2011.08.17 16:47:49.025,0.98036,0.98052,1.13,2.20
2011.08.17 16:47:49.595,0.98036,0.98052,1.13,1.45
2011.08.17 16:47:50.377,0.98033,0.98048,1.50,3.60
2011.08.17 16:47:50.937,0.98031,0.98047,2.25,1.68
2011.08.17 16:47:52.158,0.98033,0.98047,1.73,1.68
2011.08.17 16:47:52.498,0.98035,0.98052,2.10,1.08
2011.08.17 16:47:52.836,0.98035,0.98052,2.10,2.73
2011.08.17 16:47:53.501,0.98035,0.98051,2.85,1.13
2011.08.17 16:47:53.618,0.98036,0.98051,2.10,1.88
2011.08.17 16:47:54.153,0.98033,0.98049,2.25,3.00
2011.08.17 16:47:54.597,0.98032,0.98048,1.50,2.48
2011.08.17 16:47:55.158,0.9803,0.98047,2.25,3.60
2011.08.17 16:47:55.497,0.98029,0.98044,1.50,1.13
2011.08.17 16:47:57.927,0.98035,0.98046,1.35,1.83
2011.08.17 16:47:58.157,0.98035,0.98052,2.10,1.68
2011.08.17 16:47:59.156,0.98034,0.98051,4.50,3.55
2011.08.17 16:48:01.496,0.98036,0.98051,1.50,2.63
2011.08.17 16:48:02.496,0.98035,0.98053,3.00,1.30
2011.08.17 16:48:03.156,0.98036,0.98053,1.50,2.43
2011.08.17 16:48:03.736,0.98035,0.98053,3.00,2.43
2011.08.17 16:48:05.467,0.98036,0.98055,2.78,3.93
2011.08.17 16:48:09.397,0.98035,0.98054,3.75,2.43
2011.08.17 16:48:11.455,0.98037,0.98054,3.00,1.68
2011.08.17 16:48:11.688,0.98038,0.98055,1.50,1.68
2011.08.17 16:48:13.267,0.98036,0.98054,1.50,1.50
2011.08.17 16:48:13.606,0.98041,0.98057,1.50,2.28
2011.08.17 16:48:14.647,0.98039,0.98056,1.50,4.68
2011.08.17 16:48:14.766,0.98039,0.98054,1.50,1.50
2011.08.17 16:48:20.827,0.98039,0.98052,1.50,2.25
2011.08.17 16:48:21.278,0.98038,0.98055,3.75,2.63
2011.08.17 16:48:21.396,0.98039,0.98054,1.50,2.25
2011.08.17 16:48:21.940,0.98038,0.98055,3.00,2.63
2011.08.17 16:48:22.166,0.98038,0.98055,3.00,2.63
2011.08.17 16:48:22.508,0.98038,0.98053,1.50,2.63
2011.08.17 16:48:25.415,0.98037,0.98052,2.10,1.13
2011.08.17 16:48:35.615,0.98037,0.98054,2.85,2.63
2011.08.17 16:48:36.153,0.98037,0.98054,2.10,1.13
2011.08.17 16:48:36.712,0.98037,0.98054,2.85,1.13
2011.08.17 16:48:37.048,0.9804,0.98057,1.50,3.55
2011.08.17 16:48:43.217,0.9804,0.98058,2.33,2.43
2011.08.17 16:48:45.648,0.98044,0.98058,1.05,2.43
2011.08.17 16:48:45.878,0.98044,0.9806,1.80,1.35
2011.08.17 16:48:47.408,0.98044,0.98061,2.63,3.93
2011.08.17 16:48:47.530,0.98047,0.98062,1.28,1.68
2011.08.17 16:48:47.979,0.9805,0.98066,1.65,1.68
2011.08.17 16:48:48.428,0.9805,0.98068,2.25,2.43
2011.08.17 16:48:49.024,0.9805,0.98067,1.50,1.30
2011.08.17 16:48:49.141,0.98049,0.98065,3.00,1.50
2011.08.17 16:48:49.480,0.98046,0.98057,2.25,1.50
2011.08.17 16:48:49.819,0.98047,0.98064,1.50,1.68
2011.08.17 16:48:50.049,0.98049,0.98065,2.25,1.68
2011.08.17 16:48:50.385,0.98049,0.98065,3.75,1.68
2011.08.17 16:48:50.838,0.98049,0.98067,3.75,2.28
2011.08.17 16:48:51.065,0.98049,0.98067,4.50,2.28
2011.08.17 16:48:51.892,0.98049,0.98067,5.25,2.28
2011.08.17 16:48:52.337,0.98049,0.98067,4.50,2.28
2011.08.17 16:48:53.400,0.98049,0.98067,4.50,2.28
2011.08.17 16:49:00.686,0.98049,0.98064,3.00,1.68
2011.08.17 16:49:01.203,0.98048,0.98064,1.50,1.68
2011.08.17 16:49:01.649,0.98049,0.98065,2.10,1.68
2011.08.17 16:49:02.207,0.9805,0.98066,1.50,1.68
2011.08.17 16:49:02.765,0.9805,0.98065,1.50,1.68
2011.08.17 16:49:03.097,0.98049,0.98065,2.85,1.68
2011.08.17 16:49:03.906,0.98049,0.98064,1.50,1.68
2011.08.17 16:49:04.466,0.98048,0.98064,1.50,2.43
2011.08.17 16:49:04.797,0.98049,0.98065,3.00,1.68
2011.08.17 16:49:05.355,0.98049,0.98066,3.00,1.68
2011.08.17 16:49:05.959,0.98049,0.98066,3.75,1.68
2011.08.17 16:49:10.118,0.98049,0.98066,2.25,2.43
2011.08.17 16:49:14.746,0.98049,0.98065,1.50,1.68
2011.08.17 16:49:17.128,0.98049,0.98065,4.50,1.68
2011.08.17 16:49:20.780,0.98051,0.98066,1.13,1.68
2011.08.17 16:49:21.122,0.98054,0.98071,2.18,3.18
2011.08.17 16:49:21.351,0.98055,0.98071,1.13,3.18
2011.08.17 16:49:21.690,0.98064,0.98076,1.50,1.68
2011.08.17 16:49:22.550,0.98066,0.98076,1.50,1.50
2011.08.17 16:49:22.670,0.98066,0.98079,1.50,2.28
2011.08.17 16:49:23.228,0.98066,0.98082,1.50,6.03
2011.08.17 16:49:24.871,0.98065,0.98079,1.50,1.35
2011.08.17 16:49:25.536,0.98064,0.98079,1.50,2.28
2011.08.17 16:49:28.377,0.98063,0.98079,1.50,3.03
2011.08.17 16:49:29.047,0.98063,0.98078,1.50,1.68
2011.08.17 16:49:29.831,0.98059,0.98073,1.50,2.65
2011.08.17 16:49:30.345,0.98059,0.98073,1.50,1.53
2011.08.17 16:49:38.506,0.98058,0.98072,2.25,1.68
2011.08.17 16:49:39.066,0.98058,0.98073,2.25,2.80
2011.08.17 16:49:49.586,0.98058,0.98071,2.25,1.50
2011.08.17 16:49:50.599,0.98058,0.98071,2.25,2.25
2011.08.17 16:49:50.952,0.98052,0.98067,1.50,2.05
2011.08.17 16:49:51.074,0.9805,0.98066,1.50,1.68
2011.08.17 16:49:51.191,0.98047,0.98063,2.25,1.90
2011.08.17 16:49:51.309,0.98046,0.98062,1.50,3.75
2011.08.17 16:49:51.865,0.98046,0.98062,2.25,3.75
2011.08.17 16:49:52.907,0.98046,0.98062,1.50,4.68
2011.08.17 16:49:56.972,0.98045,0.98062,1.50,4.68
2011.08.17 16:50:01.204,0.98045,0.98058,1.50,1.73
2011.08.17 16:50:01.430,0.98042,0.98057,1.50,2.65
2011.08.17 16:50:01.550,0.98039,0.98057,1.50,4.15
2011.08.17 16:50:02.108,0.9804,0.98057,1.50,4.30
2011.08.17 16:50:03.270,0.9804,0.98057,1.58,1.68
2011.08.17 16:50:05.377,0.9804,0.98058,1.58,2.28
2011.08.17 16:50:09.447,0.9804,0.98058,1.50,2.28
2011.08.17 16:50:10.257,0.9804,0.98058,1.50,2.28
2011.08.17 16:50:17.208,0.9804,0.98049,1.50,1.13
2011.08.17 16:50:17.335,0.98038,0.98049,3.75,4.52
2011.08.17 16:50:17.457,0.98035,0.98049,1.35,5.27
2011.08.17 16:50:17.797,0.98031,0.98048,1.50,1.30
2011.08.17 16:50:18.251,0.9803,0.98047,1.50,3.63
2011.08.17 16:50:18.810,0.98029,0.98042,3.60,1.05
2011.08.17 16:50:18.938,0.98026,0.98042,1.50,1.68
2011.08.17 16:50:19.605,0.98026,0.98042,1.50,3.77
2011.08.17 16:50:19.716,0.98026,0.98042,1.50,2.05
2011.08.17 16:50:20.265,0.98026,0.98042,1.50,3.77
2011.08.17 16:50:21.215,0.98026,0.98042,1.50,1.60
2011.08.17 16:50:22.225,0.98026,0.98042,1.50,1.60
2011.08.17 16:50:22.877,0.98026,0.98043,1.50,4.45
2011.08.17 16:50:23.109,0.98028,0.98043,3.98,1.50
2011.08.17 16:50:23.666,0.98029,0.98045,1.50,1.68
2011.08.17 16:50:25.440,0.98029,0.98046,2.10,1.68
2011.08.17 16:50:25.776,0.9803,0.98048,2.85,2.43
2011.08.17 16:50:28.377,0.9803,0.98048,3.60,2.43
2011.08.17 16:50:44.828,0.98032,0.98048,1.50,3.93
2011.08.17 16:50:45.171,0.98038,0.98055,2.10,1.68
2011.08.17 16:50:45.290,0.98042,0.98056,1.13,1.68
2011.08.17 16:50:45.516,0.98043,0.9806,1.88,1.68
2011.08.17 16:50:45.746,0.98044,0.98061,1.50,4.68
2011.08.17 16:50:46.264,0.98044,0.98061,2.03,5.43
2011.08.17 16:50:54.706,0.98044,0.98061,2.10,4.75
2011.08.17 16:50:55.447,0.98044,0.98061,1.50,4.68
2011.08.17 16:50:55.571,0.98045,0.98061,1.50,3.93
2011.08.17 16:50:56.346,0.98045,0.98061,1.50,3.00
2011.08.17 16:51:02.027,0.98044,0.98061,2.63,3.18
2011.08.17 16:51:02.585,0.98044,0.98061,2.25,3.18
2011.08.17 16:51:03.415,0.98044,0.9806,2.25,1.35
2011.08.17 16:51:08.186,0.98042,0.9806,2.33,1.53
2011.08.17 16:51:09.206,0.98042,0.98059,2.33,1.53
2011.08.17 16:51:09.767,0.98043,0.9806,2.48,1.53
2011.08.17 16:51:10.877,0.98044,0.98061,1.50,3.78
2011.08.17 16:51:17.077,0.98045,0.98061,1.50,3.78
2011.08.17 16:51:17.204,0.98051,0.98061,1.28,3.18
2011.08.17 16:51:17.541,0.98058,0.98071,1.88,3.00
2011.08.17 16:51:17.990,0.98058,0.98072,1.88,2.43
2011.08.17 16:51:18.877,0.98058,0.98074,1.50,2.43
2011.08.17 16:51:19.108,0.98057,0.98074,1.50,2.43
2011.08.17 16:51:19.705,0.98056,0.98074,3.75,2.43
2011.08.17 16:51:28.031,0.98056,0.98071,2.25,1.30
2011.08.17 16:51:28.456,0.98051,0.98068,2.25,1.35
2011.08.17 16:51:31.477,0.98051,0.98068,1.50,1.53
2011.08.17 16:51:46.899,0.98052,0.98068,2.40,1.53
2011.08.17 16:51:47.349,0.9806,0.98073,1.50,1.30
2011.08.17 16:51:47.480,0.98064,0.98077,1.95,2.25
2011.08.17 16:51:47.710,0.98064,0.9808,1.95,1.68
2011.08.17 16:51:48.380,0.98065,0.9808,1.50,1.68
2011.08.17 16:51:48.827,0.98065,0.9808,1.50,2.43
2011.08.17 16:51:50.515,0.98062,0.98079,1.58,3.18
2011.08.17 16:51:52.686,0.98061,0.98079,1.58,5.05
2011.08.17 16:51:53.236,0.98061,0.98079,1.50,3.55
2011.08.17 16:51:54.266,0.98062,0.98079,1.65,2.43
2011.08.17 16:51:54.817,0.98062,0.98079,2.40,1.68
2011.08.17 16:51:56.247,0.98062,0.9808,2.40,3.18
2011.08.17 16:51:56.476,0.98063,0.9808,1.65,2.43
2011.08.17 16:51:58.706,0.98063,0.9808,1.50,2.43
2011.08.17 16:52:00.328,0.98063,0.9808,1.50,1.68
2011.08.17 16:52:01.546,0.98063,0.9808,1.50,2.43
2011.08.17 16:52:02.647,0.98063,0.9808,1.50,1.68
2011.08.17 16:52:07.087,0.98062,0.9808,3.08,2.43
2011.08.17 16:52:13.208,0.98062,0.98078,2.40,1.50
2011.08.17 16:52:13.768,0.98062,0.9808,2.33,1.68
2011.08.17 16:52:13.997,0.98062,0.98078,1.50,2.43
2011.08.17 16:52:14.555,0.98061,0.98078,1.50,2.43
2011.08.17 16:52:15.118,0.98061,0.98078,2.25,1.68
2011.08.17 16:52:16.036,0.98061,0.98078,1.50,2.43
2011.08.17 16:52:18.545,0.98062,0.98079,1.65,1.68
2011.08.17 16:52:18.671,0.98062,0.9808,1.65,1.68
2011.08.17 16:52:21.325,0.98063,0.98081,1.65,3.93
2011.08.17 16:52:21.875,0.98063,0.98081,1.65,3.93
2011.08.17 16:52:26.165,0.98063,0.98081,1.65,3.93
2011.08.17 16:52:26.735,0.98063,0.98081,1.65,3.93
2011.08.17 16:52:27.290,0.98063,0.98081,1.65,3.93
2011.08.17 16:52:27.856,0.98063,0.98081,1.65,5.80
2011.08.17 16:52:28.417,0.98063,0.98081,1.65,3.93
2011.08.17 16:52:28.923,0.98063,0.98081,1.65,3.93
2011.08.17 16:52:30.585,0.98063,0.98081,1.65,3.93
2011.08.17 16:52:38.936,0.98062,0.98081,2.25,4.68
2011.08.17 16:52:39.506,0.98063,0.98079,1.50,1.50
2011.08.17 16:52:40.512,0.98069,0.9808,1.13,1.68
2011.08.17 16:52:40.964,0.98077,0.9809,2.10,1.50
2011.08.17 16:52:41.079,0.98079,0.98094,1.50,2.43
2011.08.17 16:52:41.532,0.98083,0.98094,1.50,1.68
2011.08.17 16:52:42.376,0.98083,0.98096,1.50,2.43
2011.08.17 16:52:42.708,0.9808,0.98094,1.50,1.68
2011.08.17 16:52:42.828,0.98077,0.98094,2.10,2.43
2011.08.17 16:52:42.950,0.9808,0.98094,1.50,2.43
2011.08.17 16:52:43.289,0.98081,0.98095,1.50,2.05
2011.08.17 16:52:43.408,0.98079,0.98095,1.50,2.80
2011.08.17 16:52:43.529,0.98078,0.98095,1.50,3.55
2011.08.17 16:52:50.766,0.98077,0.98091,1.50,1.53
2011.08.17 16:52:50.880,0.98078,0.98091,1.50,2.28
2011.08.17 16:52:51.001,0.98075,0.98091,2.25,2.28
2011.08.17 16:52:51.559,0.98075,0.98092,2.25,4.90
2011.08.17 16:52:52.447,0.98075,0.98091,1.50,1.53
2011.08.17 16:52:55.710,0.98076,0.98092,1.50,6.78
2011.08.17 16:53:03.047,0.98078,0.98092,1.50,4.53
2011.08.17 16:53:03.166,0.98075,0.98092,2.25,4.53
2011.08.17 16:53:03.727,0.98075,0.9809,1.50,1.68
2011.08.17 16:53:05.058,0.98075,0.98092,3.00,5.28
2011.08.17 16:53:05.180,0.98076,0.98092,1.35,4.68
2011.08.17 16:53:05.523,0.98083,0.98097,2.25,2.43
2011.08.17 16:53:05.752,0.98088,0.981,1.50,3.18
2011.08.17 16:53:06.340,0.98086,0.98101,1.50,3.18
2011.08.17 16:53:06.474,0.98085,0.98101,1.50,3.18
2011.08.17 16:53:07.577,0.98085,0.98101,1.58,3.18
2011.08.17 16:53:10.005,0.98088,0.98101,1.13,3.18
2011.08.17 16:53:10.577,0.98089,0.98104,2.19,2.28
2011.08.17 16:53:11.156,0.98089,0.98104,2.41,2.28
2011.08.17 16:53:11.504,0.98087,0.98099,1.50,1.13
2011.08.17 16:53:11.622,0.98085,0.98099,2.25,3.18
2011.08.17 16:53:11.740,0.98083,0.98098,2.25,1.68
2011.08.17 16:53:12.627,0.98083,0.98097,1.50,1.68
2011.08.17 16:53:14.119,0.98083,0.98099,1.50,2.43
2011.08.17 16:53:14.570,0.98085,0.981,1.50,2.28
2011.08.17 16:53:16.281,0.98087,0.98101,1.50,2.43
2011.08.17 16:53:16.507,0.98087,0.98104,2.25,3.18
2011.08.17 16:53:17.248,0.98088,0.98104,1.50,3.18
2011.08.17 16:53:19.929,0.98089,0.98104,1.50,2.43
2011.08.17 16:53:20.487,0.98089,0.98104,1.50,2.43
2011.08.17 16:53:23.198,0.98088,0.98103,1.50,1.38
2011.08.17 16:53:23.540,0.98084,0.98093,1.50,1.88
2011.08.17 16:53:23.770,0.98078,0.98092,3.60,1.13
2011.08.17 16:53:24.111,0.98075,0.98092,1.50,6.03
2011.08.17 16:53:27.608,0.98074,0.9809,1.50,1.50
2011.08.17 16:53:27.950,0.98073,0.9809,2.33,4.15
2011.08.17 16:53:29.937,0.98073,0.98088,2.33,1.68
2011.08.17 16:53:35.465,0.98073,0.9809,1.58,3.40
2011.08.17 16:53:36.479,0.98073,0.9809,2.33,1.68
2011.08.17 16:53:36.824,0.98076,0.98092,1.58,3.93
2011.08.17 16:53:37.161,0.98082,0.98092,1.50,2.25
2011.08.17 16:53:37.753,0.98082,0.98099,1.50,2.43
2011.08.17 16:53:47.737,0.98079,0.98098,4.50,1.68
2011.08.17 16:53:51.567,0.9808,0.98096,1.58,1.68
2011.08.17 16:53:52.136,0.9808,0.98096,1.58,1.68
2011.08.17 16:53:53.719,0.9808,0.98096,1.35,1.68
2011.08.17 16:54:00.201,0.9808,0.98096,1.35,1.68
2011.08.17 16:54:01.896,0.9808,0.98097,1.35,1.68
2011.08.17 16:54:05.407,0.9808,0.98099,2.10,2.80
2011.08.17 16:54:06.006,0.98081,0.98099,1.50,2.05
2011.08.17 16:54:08.747,0.9808,0.98098,1.35,3.18
2011.08.17 16:54:17.742,0.9808,0.98097,1.35,2.80
2011.08.17 16:54:17.977,0.9808,0.98096,1.35,2.80
2011.08.17 16:54:18.313,0.98079,0.98092,1.50,3.00
2011.08.17 16:54:18.650,0.98076,0.98092,1.50,3.75
2011.08.17 16:54:19.208,0.98076,0.98091,1.50,1.50
2011.08.17 16:54:19.766,0.98075,0.98091,1.50,1.68
2011.08.17 16:54:19.998,0.98073,0.9809,3.08,5.12
2011.08.17 16:54:20.117,0.98073,0.98088,1.58,1.53
2011.08.17 16:54:21.655,0.98073,0.98088,1.58,1.53
2011.08.17 16:54:23.236,0.9807,0.98088,1.58,3.03
2011.08.17 16:54:23.876,0.9807,0.98088,1.58,3.03
2011.08.17 16:54:25.266,0.9807,0.98088,1.58,3.03
2011.08.17 16:54:26.379,0.9807,0.98088,1.58,3.03
2011.08.17 16:54:27.197,0.9807,0.98087,1.58,1.68
2011.08.17 16:54:29.996,0.9807,0.98087,1.58,1.68
2011.08.17 16:54:30.798,0.9807,0.98087,1.58,1.68
2011.08.17 16:54:31.304,0.98072,0.98087,1.58,1.68
2011.08.17 16:54:36.613,0.98075,0.98089,1.95,1.50
2011.08.17 16:54:37.059,0.98078,0.98094,2.33,1.68
2011.08.17 16:54:37.616,0.98078,0.98095,2.33,1.68
2011.08.17 16:54:38.277,0.98078,0.98095,2.33,3.03
2011.08.17 16:54:41.317,0.98079,0.98095,2.25,1.68
2011.08.17 16:54:41.657,0.98079,0.98097,2.78,3.93
2011.08.17 16:54:41.886,0.9808,0.98097,2.03,3.93
2011.08.17 16:54:51.778,0.9808,0.98097,1.50,3.93
2011.08.17 16:54:54.926,0.9808,0.98097,1.50,3.93
2011.08.17 16:54:55.037,0.98081,0.98097,1.50,3.18
2011.08.17 16:54:55.381,0.98085,0.98099,1.50,1.53
2011.08.17 16:54:55.721,0.98086,0.98102,1.13,1.30
2011.08.17 16:54:55.838,0.98087,0.98102,1.50,2.80
2011.08.17 16:54:56.398,0.98086,0.98102,1.50,4.30
2011.08.17 16:55:00.610,0.98086,0.98101,2.25,2.28
2011.08.17 16:55:00.950,0.98085,0.98098,1.50,1.53
2011.08.17 16:55:01.420,0.98085,0.98101,2.25,2.28
2011.08.17 16:55:01.978,0.98086,0.98101,1.50,2.28
2011.08.17 16:55:03.948,0.98089,0.98102,1.44,3.93
2011.08.17 16:55:04.291,0.98087,0.98103,2.25,1.90
2011.08.17 16:55:04.848,0.98087,0.98101,1.50,2.25
2011.08.17 16:55:05.410,0.98086,0.981,1.50,1.50
2011.08.17 16:55:05.532,0.98085,0.981,1.50,1.68
2011.08.17 16:55:09.730,0.98085,0.98096,1.50,1.13
2011.08.17 16:55:10.070,0.98084,0.98099,2.25,1.68
2011.08.17 16:55:10.533,0.98084,0.98101,2.25,3.18
2011.08.17 16:55:15.650,0.98085,0.98101,2.25,4.68
2011.08.17 16:55:16.381,0.98085,0.98101,2.25,4.68
2011.08.17 16:55:16.886,0.98085,0.98101,1.50,4.68
2011.08.17 16:55:17.440,0.98084,0.981,2.25,1.68
2011.08.17 16:55:19.681,0.98088,0.98098,1.50,1.68
2011.08.17 16:55:20.018,0.98087,0.98102,1.50,1.53
2011.08.17 16:55:21.607,0.98089,0.98104,1.50,1.30
2011.08.17 16:55:30.068,0.98088,0.98101,1.50,1.68
2011.08.17 16:55:30.193,0.98085,0.98101,1.50,3.93
2011.08.17 16:55:30.420,0.98084,0.98099,1.50,1.68
2011.08.17 16:55:32.268,0.98084,0.981,1.50,1.68
2011.08.17 16:55:32.828,0.98084,0.98099,2.25,2.43
2011.08.17 16:55:35.039,0.98084,0.981,2.25,1.30
2011.08.17 16:55:37.749,0.98088,0.98101,1.50,1.53
2011.08.17 16:55:38.091,0.98088,0.98103,3.00,1.68
2011.08.17 16:55:38.648,0.98087,0.98101,1.50,2.43
2011.08.17 16:55:39.692,0.98086,0.98101,1.50,2.43
2011.08.17 16:55:43.139,0.98087,0.98101,1.88,2.43
2011.08.17 16:55:43.371,0.98089,0.98101,1.50,2.43
2011.08.17 16:55:43.491,0.98089,0.98105,2.25,1.53
2011.08.17 16:55:44.050,0.98099,0.98107,1.28,3.93
2011.08.17 16:55:44.402,0.98094,0.98106,1.50,2.25
2011.08.17 16:55:44.960,0.98095,0.9811,2.25,1.90
2011.08.17 16:55:45.187,0.98095,0.9811,1.50,2.65
2011.08.17 16:55:45.312,0.98093,0.98106,1.95,2.25
2011.08.17 16:55:45.870,0.98095,0.98109,1.50,2.48
2011.08.17 16:55:46.427,0.98092,0.98107,2.40,2.85
2011.08.17 16:55:56.197,0.98092,0.98107,2.33,3.23
2011.08.17 16:55:56.787,0.98092,0.98107,2.48,3.23
2011.08.17 16:55:57.486,0.98092,0.98107,2.33,3.23
2011.08.17 16:55:58.446,0.98092,0.98107,2.48,3.23
2011.08.17 16:55:59.177,0.98092,0.98107,2.33,3.23
2011.08.17 16:56:00.407,0.98092,0.98107,2.48,3.23
2011.08.17 16:56:01.777,0.98092,0.98107,2.33,3.23
2011.08.17 16:56:02.900,0.98092,0.98107,2.48,3.23
2011.08.17 16:56:04.127,0.98092,0.98107,2.33,3.23
2011.08.17 16:56:04.946,0.98092,0.98107,2.48,3.23
2011.08.17 16:56:05.499,0.98092,0.98107,2.33,3.23
2011.08.17 16:56:06.287,0.98092,0.98107,2.48,3.23
2011.08.17 16:56:08.137,0.98092,0.98107,1.58,3.40
2011.08.17 16:56:08.469,0.9809,0.98103,1.50,2.05
2011.08.17 16:56:08.699,0.9809,0.98102,1.50,3.18
2011.08.17 16:56:08.823,0.98085,0.98101,1.50,1.68
2011.08.17 16:56:08.941,0.98084,0.981,2.03,1.53
2011.08.17 16:56:09.496,0.98085,0.981,1.50,1.53
2011.08.17 16:56:10.056,0.98086,0.98102,1.50,5.05
2011.08.17 16:56:10.608,0.98086,0.98102,1.50,4.68
2011.08.17 16:56:16.701,0.98085,0.98102,1.50,4.30
2011.08.17 16:56:30.988,0.98086,0.98102,2.25,3.18
2011.08.17 16:56:31.216,0.98086,0.98102,3.00,2.25
2011.08.17 16:56:31.717,0.98086,0.98102,2.25,2.25
2011.08.17 16:56:33.217,0.98088,0.98102,1.20,2.25
2011.08.17 16:56:33.558,0.98089,0.98104,2.03,2.25
2011.08.17 16:56:36.568,0.98088,0.98106,2.25,2.43
2011.08.17 16:56:38.919,0.98091,0.98107,1.50,5.65
2011.08.17 16:56:39.478,0.98091,0.98107,1.50,4.90
2011.08.17 16:56:42.277,0.98091,0.98107,1.50,4.90
2011.08.17 16:56:49.609,0.98092,0.98107,1.50,3.40
2011.08.17 16:56:50.388,0.98091,0.98107,1.50,4.30
2011.08.17 16:56:52.472,0.98091,0.98107,2.25,4.30
2011.08.17 16:56:55.650,0.98092,0.98107,2.25,1.13
2011.08.17 16:56:55.990,0.98095,0.98112,1.50,1.30
2011.08.17 16:56:56.219,0.98096,0.98113,1.35,1.68
2011.08.17 16:56:56.887,0.98097,0.98113,1.50,3.40
2011.08.17 16:57:04.958,0.98096,0.98111,1.50,1.90
2011.08.17 16:57:06.378,0.98095,0.98111,1.50,3.40
2011.08.17 16:57:07.227,0.98095,0.9811,1.50,2.05
2011.08.17 16:57:07.648,0.98095,0.98106,1.50,1.35
2011.08.17 16:57:07.768,0.98093,0.98106,2.25,1.35
2011.08.17 16:57:07.891,0.98092,0.98107,1.50,2.10
2011.08.17 16:57:08.667,0.98092,0.98107,1.50,1.50
2011.08.17 16:57:08.789,0.98096,0.98107,1.50,1.50
2011.08.17 16:57:09.346,0.98094,0.9811,1.50,2.05
2011.08.17 16:57:10.821,0.98094,0.98107,1.50,1.88
2011.08.17 16:57:10.939,0.98093,0.98107,2.25,1.88
2011.08.17 16:57:11.498,0.98093,0.98107,2.25,1.88
2011.08.17 16:57:12.037,0.98093,0.98107,2.25,1.88
2011.08.17 16:57:13.317,0.98093,0.98107,2.25,1.50
2011.08.17 16:57:13.538,0.98093,0.98107,2.25,1.50
2011.08.17 16:57:15.674,0.98093,0.98107,2.25,1.88
2011.08.17 16:57:16.229,0.98093,0.98108,2.78,2.05
2011.08.17 16:57:16.567,0.98096,0.9811,2.25,2.65
2011.08.17 16:57:17.008,0.98094,0.98109,4.73,1.90
2011.08.17 16:57:17.619,0.98093,0.98109,1.50,3.40
2011.08.17 16:57:18.216,0.98093,0.98109,1.50,3.40
2011.08.17 16:57:19.317,0.98093,0.98108,1.50,2.80
2011.08.17 16:57:22.617,0.98093,0.98109,1.50,1.90
2011.08.17 16:57:25.606,0.98093,0.98109,1.50,1.53
2011.08.17 16:57:26.421,0.98096,0.98111,2.25,3.03
2011.08.17 16:57:32.048,0.98097,0.98111,1.58,2.43
2011.08.17 16:57:32.282,0.98099,0.98111,1.50,2.43
2011.08.17 16:57:32.510,0.981,0.98117,1.50,1.68
2011.08.17 16:57:32.630,0.981,0.98118,1.50,1.30
2011.08.17 16:57:33.152,0.98102,0.98119,1.50,1.68
2011.08.17 16:57:33.707,0.98102,0.98118,1.50,1.68
2011.08.17 16:57:34.917,0.98103,0.98119,1.50,2.43
2011.08.17 16:57:36.657,0.98102,0.98119,1.50,1.68
2011.08.17 16:57:37.647,0.98102,0.98119,1.50,1.68
2011.08.17 16:57:37.977,0.98104,0.98119,1.50,1.68
2011.08.17 16:57:39.119,0.98104,0.9812,1.50,1.68
2011.08.17 16:57:40.208,0.98104,0.9812,1.50,1.68
2011.08.17 16:57:40.877,0.98104,0.9812,1.50,1.30
2011.08.17 16:57:41.497,0.98103,0.9812,1.50,1.30
2011.08.17 16:57:43.257,0.98104,0.98119,1.50,1.30
2011.08.17 16:57:44.991,0.98104,0.98121,1.50,2.28
2011.08.17 16:57:45.112,0.98104,0.98121,2.10,1.68
2011.08.17 16:57:45.667,0.98105,0.98122,1.50,4.30
2011.08.17 16:57:49.508,0.98106,0.98122,1.50,2.43
2011.08.17 16:57:54.780,0.9811,0.98122,1.50,2.43
2011.08.17 16:57:56.220,0.98109,0.98127,3.60,4.30
2011.08.17 16:57:56.778,0.9811,0.98127,3.08,1.30
2011.08.17 16:57:56.899,0.98114,0.98128,2.10,3.93
2011.08.17 16:57:57.536,0.98116,0.98132,1.50,1.30
2011.08.17 16:57:58.213,0.98123,0.98133,1.35,2.43
2011.08.17 16:57:58.333,0.98124,0.98139,1.50,2.80
2011.08.17 16:57:58.454,0.98124,0.98139,1.50,2.43
2011.08.17 16:57:59.007,0.98123,0.98141,2.10,3.18
2011.08.17 16:57:59.678,0.98124,0.98142,1.50,4.90
2011.08.17 16:58:00.899,0.98123,0.9814,2.10,2.05
2011.08.17 16:58:02.981,0.98124,0.98141,1.50,1.68
2011.08.17 16:58:03.599,0.98122,0.98137,1.50,2.05
2011.08.17 16:58:05.329,0.98121,0.98137,1.50,2.63
2011.08.17 16:58:07.858,0.98124,0.98137,2.10,2.63
2011.08.17 16:58:08.416,0.98123,0.98141,5.10,1.68
2011.08.17 16:58:08.860,0.98125,0.98141,1.50,1.68
2011.08.17 16:58:10.093,0.98124,0.9814,1.50,1.68
2011.08.17 16:58:19.629,0.98126,0.98142,1.58,2.28
2011.08.17 16:58:19.751,0.98127,0.98142,1.50,2.28
2011.08.17 16:58:19.868,0.98127,0.98143,1.50,3.40
2011.08.17 16:58:27.580,0.98128,0.98143,2.63,2.85
2011.08.17 16:58:28.357,0.98129,0.98145,1.50,2.28
2011.08.17 16:58:29.136,0.98129,0.98145,1.50,1.68
2011.08.17 16:58:32.686,0.9813,0.98146,2.25,3.78
2011.08.17 16:58:32.815,0.98134,0.98148,1.50,2.25
2011.08.17 16:58:33.040,0.98134,0.98152,2.33,1.53
2011.08.17 16:58:33.273,0.98135,0.98152,1.50,1.53
2011.08.17 16:58:33.827,0.98137,0.98153,2.25,2.65
2011.08.17 16:58:35.702,0.98139,0.98153,1.50,1.68
2011.08.17 16:58:36.040,0.9814,0.98156,1.50,3.93
2011.08.17 16:58:36.858,0.9814,0.98157,1.58,3.40
2011.08.17 16:58:40.201,0.98141,0.98156,1.05,1.68
2011.08.17 16:58:41.331,0.98141,0.98157,1.05,2.65
2011.08.17 16:58:42.329,0.98141,0.98157,1.95,2.65
2011.08.17 16:58:42.561,0.98143,0.98158,1.95,4.53
2011.08.17 16:58:42.898,0.98147,0.98163,1.20,5.65
2011.08.17 16:58:43.130,0.98147,0.98163,1.50,4.90
2011.08.17 16:58:43.251,0.98149,0.98163,1.50,1.68
2011.08.17 16:58:43.808,0.98148,0.98164,1.50,1.68
2011.08.17 16:58:44.389,0.98146,0.98162,1.50,1.90
2011.08.17 16:58:46.818,0.98146,0.98161,1.50,2.10
2011.08.17 16:58:47.927,0.98146,0.98161,1.50,1.35
2011.08.17 16:58:49.162,0.9815,0.98163,1.05,4.53
2011.08.17 16:58:49.500,0.98153,0.98168,2.56,1.68
2011.08.17 16:58:49.619,0.98153,0.98168,2.03,1.68
2011.08.17 16:58:49.852,0.98156,0.9817,1.88,1.68
2011.08.17 16:58:49.970,0.98156,0.98171,1.13,1.68
2011.08.17 16:58:50.090,0.98157,0.98172,1.50,3.40
2011.08.17 16:58:50.431,0.98157,0.98173,1.50,1.15
2011.08.17 16:58:51.100,0.98159,0.98173,1.50,2.05
2011.08.17 16:58:51.659,0.98159,0.98173,1.50,1.61
2011.08.17 16:58:55.831,0.98159,0.98173,1.50,3.62
2011.08.17 16:58:56.169,0.98155,0.98169,2.25,2.25
2011.08.17 16:58:56.291,0.98155,0.98169,1.50,3.23
2011.08.17 16:58:56.522,0.98152,0.98167,2.03,3.70
2011.08.17 16:58:56.864,0.98149,0.98162,2.25,4.53
2011.08.17 16:58:57.092,0.98146,0.98161,1.50,3.40
2011.08.17 16:58:57.649,0.98144,0.98161,1.50,1.90
2011.08.17 16:58:58.211,0.98143,0.9816,3.00,2.05
2011.08.17 16:58:58.444,0.98143,0.98159,1.50,2.63
2011.08.17 16:58:58.561,0.98141,0.98157,3.60,2.05
2011.08.17 16:59:00.038,0.98141,0.98157,1.50,2.80
2011.08.17 16:59:01.604,0.98139,0.98154,4.50,1.50
2011.08.17 16:59:01.721,0.98139,0.98153,2.03,2.70
2011.08.17 16:59:02.277,0.98138,0.98154,1.50,2.05
2011.08.17 16:59:03.707,0.98137,0.98154,2.25,2.05
2011.08.17 16:59:06.499,0.98136,0.98153,1.50,6.03
2011.08.17 16:59:06.622,0.98136,0.9815,1.50,2.63
2011.08.17 16:59:07.163,0.98135,0.98151,2.25,1.13
2011.08.17 16:59:07.393,0.98134,0.9815,1.50,2.25
2011.08.17 16:59:07.623,0.98134,0.98151,1.50,5.05
2011.08.17 16:59:08.292,0.98133,0.98148,1.50,1.68
2011.08.17 16:59:08.646,0.98131,0.98146,1.50,2.05
2011.08.17 16:59:08.761,0.98129,0.98145,3.00,2.80
2011.08.17 16:59:09.097,0.98129,0.98147,3.75,2.80
2011.08.17 16:59:16.991,0.98129,0.98145,2.25,2.43
2011.08.17 16:59:17.549,0.98127,0.98145,2.85,2.43
2011.08.17 16:59:17.890,0.98128,0.98144,1.50,3.55
2011.08.17 16:59:18.234,0.98122,0.98134,1.50,2.63
2011.08.17 16:59:18.462,0.98117,0.98132,1.28,2.05
2011.08.17 16:59:18.581,0.98115,0.98129,1.50,2.48
2011.08.17 16:59:19.138,0.98111,0.98129,3.75,3.93
2011.08.17 16:59:20.392,0.98111,0.98126,4.50,2.10
2011.08.17 16:59:20.510,0.98111,0.98124,4.50,1.88
2011.08.17 16:59:20.629,0.98108,0.98123,1.35,1.88
2011.08.17 16:59:21.189,0.98107,0.98122,1.50,2.05
2011.08.17 16:59:25.830,0.98106,0.98123,1.50,1.68
2011.08.17 16:59:26.064,0.98109,0.98126,1.50,2.43
2011.08.17 16:59:26.294,0.98112,0.98127,1.50,1.68
2011.08.17 16:59:26.411,0.98112,0.98129,2.25,1.53
2011.08.17 16:59:26.639,0.98112,0.9813,2.10,1.68
2011.08.17 16:59:27.762,0.98111,0.98128,1.50,2.85
2011.08.17 16:59:28.728,0.98111,0.98127,1.50,1.88
2011.08.17 16:59:29.180,0.98111,0.98127,1.50,1.88
2011.08.17 16:59:30.048,0.98112,0.98127,1.50,1.88
2011.08.17 16:59:30.171,0.98115,0.98129,1.35,3.18
2011.08.17 16:59:30.400,0.98118,0.98133,2.25,1.50
2011.08.17 16:59:30.629,0.98118,0.98134,1.50,1.30
2011.08.17 16:59:30.749,0.98119,0.98133,2.25,2.48
2011.08.17 16:59:30.978,0.98117,0.98133,1.50,1.53
2011.08.17 16:59:31.577,0.98116,0.98133,1.58,1.73
2011.08.17 16:59:31.706,0.98116,0.98132,1.50,1.50
2011.08.17 16:59:32.258,0.98116,0.98133,1.50,1.73
2011.08.17 16:59:32.923,0.98124,0.98134,1.43,5.28
2011.08.17 16:59:33.259,0.98129,0.98135,1.50,1.50
2011.08.17 16:59:33.379,0.9813,0.98147,3.75,2.28
2011.08.17 16:59:33.499,0.98131,0.98147,1.50,1.53
2011.08.17 16:59:33.952,0.9813,0.98147,4.50,1.53
2011.08.17 16:59:34.179,0.9813,0.9815,5.85,4.15
2011.08.17 16:59:34.580,0.98137,0.9815,1.50,2.28
2011.08.17 16:59:34.709,0.98139,0.98154,3.75,1.68
2011.08.17 16:59:35.269,0.98141,0.98157,1.50,1.53
2011.08.17 16:59:35.830,0.98141,0.98158,1.50,2.28
2011.08.17 16:59:36.390,0.98144,0.98158,1.50,1.53
2011.08.17 16:59:36.622,0.98144,0.98161,1.50,2.43
2011.08.17 16:59:36.746,0.98141,0.98157,2.25,1.50
2011.08.17 16:59:38.008,0.98141,0.98157,2.25,1.68
2011.08.17 16:59:38.457,0.9814,0.98157,3.60,1.50
2011.08.17 16:59:39.747,0.9814,0.98157,2.85,2.05
2011.08.17 16:59:41.009,0.9814,0.98157,5.10,1.68
2011.08.17 16:59:42.789,0.9814,0.98157,4.35,1.68
2011.08.17 16:59:47.600,0.9814,0.98157,3.60,2.05
2011.08.17 16:59:49.773,0.9814,0.98157,4.35,1.08
2011.08.17 16:59:50.331,0.98142,0.98158,1.50,2.58
2011.08.17 16:59:52.851,0.98142,0.98158,1.50,1.68
2011.08.17 16:59:57.249,0.98143,0.98158,1.35,4.30
2011.08.17 16:59:57.372,0.98143,0.98153,1.35,1.13
2011.08.17 16:59:57.709,0.98141,0.98151,2.10,1.50
2011.08.17 16:59:58.270,0.98141,0.98154,2.10,2.58
2011.08.17 16:59:58.828,0.98141,0.98155,2.10,1.08
