2011.01.14 21:00:00.099,0.98926,0.98951,2.82,1.73
2011.01.14 21:00:00.699,0.98926,0.98957,2.44,1.73
2011.01.14 21:00:00.800,0.98923,0.98954,2.70,1.17
2011.01.14 21:00:00.916,0.98925,0.98954,1.88,1.17
2011.01.14 21:00:01.643,0.98927,0.98956,2.44,1.05
2011.01.14 21:00:02.087,0.98927,0.98958,2.82,2.67
2011.01.14 21:00:03.137,0.98926,0.98956,1.88,1.17
2011.01.14 21:00:03.356,0.98924,0.98956,1.88,1.17
2011.01.14 21:00:05.894,0.98923,0.98952,3.08,2.41
2011.01.14 21:00:06.844,0.98923,0.9895,2.33,1.21
2011.01.14 21:00:14.697,0.98922,0.9895,2.33,1.40
2011.01.14 21:00:15.136,0.98919,0.98951,2.70,2.07
2011.01.14 21:00:20.740,0.98919,0.98946,1.95,1.35
2011.01.14 21:00:26.306,0.98917,0.98941,3.08,1.50
2011.01.14 21:00:26.856,0.98918,0.98942,1.20,1.50
2011.01.14 21:00:30.707,0.98917,0.98942,1.88,1.55
2011.01.14 21:00:30.927,0.98914,0.98941,2.25,1.55
2011.01.14 21:00:31.541,0.98912,0.98946,2.82,14.03
2011.01.14 21:00:32.917,0.98912,0.98941,2.82,1.50
2011.01.14 21:00:34.067,0.98912,0.98942,2.82,1.50
2011.01.14 21:00:36.011,0.98912,0.98936,2.82,1.50
2011.01.14 21:00:36.566,0.98908,0.98937,1.95,2.25
2011.01.14 21:00:37.115,0.98908,0.98939,1.20,2.82
2011.01.14 21:00:37.588,0.98912,0.9894,2.82,1.88
2011.01.14 21:00:38.335,0.98912,0.98941,2.82,1.88
2011.01.14 21:00:39.006,0.98912,0.98942,2.82,1.58
2011.01.14 21:00:40.192,0.98912,0.98942,2.82,1.65
2011.01.14 21:00:46.796,0.98917,0.98942,2.63,1.58
2011.01.14 21:00:46.912,0.98917,0.98947,2.82,1.95
2011.01.14 21:00:59.667,0.98917,0.98944,2.63,1.02
2011.01.14 21:00:59.886,0.98913,0.98943,1.88,3.19
2011.01.14 21:01:00.437,0.98909,0.98941,1.20,1.69
2011.01.14 21:01:01.027,0.98909,0.98941,2.03,3.19
2011.01.14 21:01:01.137,0.98909,0.9894,2.03,1.69
2011.01.14 21:01:01.714,0.98909,0.98937,1.50,1.32
2011.01.14 21:01:02.316,0.98907,0.98937,2.63,3.57
2011.01.14 21:01:03.545,0.98906,0.98937,2.63,3.72
2011.01.14 21:01:05.226,0.98906,0.98937,2.63,3.57
2011.01.14 21:01:05.775,0.98906,0.98937,2.63,3.57
2011.01.14 21:01:09.974,0.98908,0.98937,1.13,2.25
2011.01.14 21:01:10.087,0.98908,0.98939,1.13,2.52
2011.01.14 21:01:10.636,0.98909,0.98942,2.63,1.39
2011.01.14 21:01:11.192,0.98909,0.98942,5.63,1.39
2011.01.14 21:01:34.937,0.98909,0.98942,4.20,1.39
2011.01.14 21:01:35.537,0.98909,0.98941,1.88,2.89
2011.01.14 21:01:36.693,0.98909,0.98941,2.25,2.89
2011.01.14 21:01:44.567,0.98909,0.98941,2.44,2.89
2011.01.14 21:01:48.886,0.98909,0.98935,2.25,1.69
2011.01.14 21:01:49.333,0.98904,0.98932,1.95,1.69
2011.01.14 21:01:49.557,0.98904,0.98932,1.88,1.69
2011.01.14 21:01:50.086,0.98901,0.98932,1.95,1.69
2011.01.14 21:01:50.592,0.98901,0.98932,1.95,1.69
2011.01.14 21:01:51.540,0.98907,0.98934,2.44,1.58
2011.01.14 21:01:51.646,0.98907,0.98941,2.82,2.70
2011.01.14 21:01:57.057,0.98907,0.98933,2.82,1.20
2011.01.14 21:01:57.388,0.98907,0.98931,1.88,2.25
2011.01.14 21:01:57.608,0.98901,0.98927,1.88,2.82
2011.01.14 21:01:58.405,0.98901,0.98927,1.88,2.82
2011.01.14 21:01:58.908,0.98897,0.98927,1.95,2.82
2011.01.14 21:02:00.886,0.98897,0.98927,2.03,2.82
2011.01.14 21:02:01.856,0.98897,0.98927,2.03,2.82
2011.01.14 21:02:02.816,0.98897,0.98927,2.03,2.82
2011.01.14 21:02:05.556,0.98897,0.98927,1.88,2.82
2011.01.14 21:02:07.686,0.98895,0.98927,2.03,2.82
2011.01.14 21:02:21.224,0.98895,0.98927,2.03,2.82
2011.01.14 21:02:22.846,0.98895,0.98927,2.78,2.82
2011.01.14 21:02:23.177,0.98909,0.9893,3.75,1.39
2011.01.14 21:02:23.508,0.98911,0.98941,1.13,4.13
2011.01.14 21:02:24.230,0.98912,0.98944,2.82,2.63
2011.01.14 21:02:24.788,0.98912,0.98945,2.82,2.74
2011.01.14 21:02:26.399,0.98911,0.98942,4.32,1.50
2011.01.14 21:02:26.997,0.98911,0.98941,4.32,1.50
2011.01.14 21:02:27.637,0.98911,0.98942,4.32,1.50
2011.01.14 21:02:29.787,0.98911,0.98941,4.32,1.50
2011.01.14 21:02:30.446,0.98911,0.98942,4.32,1.50
2011.01.14 21:02:30.806,0.98911,0.98942,4.32,1.58
2011.01.14 21:02:41.708,0.98911,0.98942,4.32,1.65
2011.01.14 21:02:43.435,0.98911,0.98941,4.32,1.65
2011.01.14 21:02:43.656,0.98911,0.98941,4.32,1.65
2011.01.14 21:02:54.722,0.98911,0.9894,2.63,1.02
2011.01.14 21:02:55.330,0.98909,0.98932,2.63,4.50
2011.01.14 21:02:55.456,0.98897,0.98928,2.03,2.82
2011.01.14 21:02:56.008,0.98897,0.98927,2.03,2.82
2011.01.14 21:02:56.811,0.98897,0.98927,2.03,2.82
2011.01.14 21:02:57.406,0.98897,0.98927,2.03,2.82
2011.01.14 21:02:58.917,0.98897,0.98927,1.95,2.82
2011.01.14 21:03:01.099,0.98895,0.98927,2.03,2.82
2011.01.14 21:03:14.276,0.98897,0.98927,2.03,2.82
2011.01.14 21:03:21.239,0.98897,0.98923,1.88,2.44
2011.01.14 21:03:21.806,0.98894,0.98923,1.88,2.82
2011.01.14 21:03:30.226,0.98893,0.98923,1.88,2.82
2011.01.14 21:03:42.262,0.98893,0.98925,4.58,3.94
2011.01.14 21:03:42.379,0.98893,0.98927,4.77,6.94
2011.01.14 21:03:44.875,0.98895,0.98927,2.14,2.82
2011.01.14 21:03:49.241,0.98897,0.98927,2.70,2.82
2011.01.14 21:03:49.348,0.98897,0.98927,2.70,2.82
2011.01.14 21:03:50.918,0.98896,0.98927,1.95,2.82
2011.01.14 21:03:51.850,0.98896,0.98927,1.95,2.82
2011.01.14 21:03:52.832,0.98897,0.98927,2.03,2.82
2011.01.14 21:04:03.322,0.98897,0.98927,1.95,2.82
2011.01.14 21:04:07.756,0.98895,0.98927,2.14,2.82
2011.01.14 21:04:10.899,0.98896,0.98927,2.03,2.82
2011.01.14 21:04:13.731,0.98896,0.98927,2.03,2.82
2011.01.14 21:04:15.746,0.98896,0.98926,1.95,1.32
2011.01.14 21:04:17.430,0.98894,0.98926,5.97,2.44
2011.01.14 21:04:20.202,0.98894,0.98927,5.03,3.57
2011.01.14 21:04:23.708,0.98908,0.98927,3.19,2.63
2011.01.14 21:04:24.037,0.98908,0.9893,7.50,1.88
2011.01.14 21:04:24.634,0.98904,0.98934,1.88,3.57
2011.01.14 21:04:25.177,0.98903,0.98934,1.88,3.57
2011.01.14 21:04:27.478,0.98903,0.98929,1.88,2.82
2011.01.14 21:04:27.917,0.98897,0.98928,2.63,2.82
2011.01.14 21:04:29.249,0.98897,0.98928,2.63,2.82
2011.01.14 21:04:29.797,0.98897,0.98928,2.63,2.82
2011.01.14 21:04:31.257,0.98897,0.98928,2.63,2.82
2011.01.14 21:04:34.398,0.98897,0.98928,2.63,2.82
2011.01.14 21:04:34.906,0.98897,0.98928,2.63,2.82
2011.01.14 21:04:37.887,0.98897,0.98928,1.88,2.82
2011.01.14 21:04:38.488,0.98897,0.98928,1.95,2.82
2011.01.14 21:04:52.428,0.98897,0.98928,2.63,2.89
2011.01.14 21:04:57.877,0.98906,0.98928,1.69,2.70
2011.01.14 21:04:57.988,0.98907,0.98928,1.32,2.25
2011.01.14 21:04:58.208,0.98907,0.98929,2.63,1.88
2011.01.14 21:04:58.812,0.98904,0.98929,1.35,1.88
2011.01.14 21:04:58.935,0.98905,0.98936,2.82,2.18
2011.01.14 21:05:00.678,0.98907,0.98937,2.07,5.74
2011.01.14 21:05:01.227,0.98909,0.9894,2.44,1.24
2011.01.14 21:05:04.613,0.98909,0.98939,4.32,1.24
2011.01.14 21:05:08.586,0.98909,0.98937,1.58,1.05
2011.01.14 21:05:08.704,0.98905,0.98933,2.63,1.13
2011.01.14 21:05:11.263,0.98904,0.98933,3.19,1.13
2011.01.14 21:05:11.947,0.98904,0.98933,3.19,1.13
2011.01.14 21:05:14.424,0.98904,0.98936,3.19,2.63
2011.01.14 21:05:15.278,0.98904,0.98936,2.82,1.13
2011.01.14 21:05:15.387,0.98904,0.98933,2.82,1.13
2011.01.14 21:05:15.889,0.98903,0.98936,5.44,2.44
2011.01.14 21:05:15.999,0.98912,0.98937,3.94,2.37
2011.01.14 21:05:16.636,0.98916,0.98937,1.50,1.99
2011.01.14 21:05:17.666,0.98918,0.98949,3.38,2.39
2011.01.14 21:05:19.007,0.98918,0.98952,3.38,4.86
2011.01.14 21:05:19.407,0.98918,0.98952,3.38,4.72
2011.01.14 21:05:21.038,0.98918,0.98952,3.38,2.85
2011.01.14 21:05:23.057,0.98918,0.98952,2.63,3.04
2011.01.14 21:05:34.278,0.98918,0.98952,4.50,3.22
2011.01.14 21:05:37.037,0.98918,0.98952,6.00,3.22
2011.01.14 21:05:37.368,0.98922,0.98959,2.63,1.95
2011.01.14 21:05:42.810,0.98922,0.98956,2.63,4.28
2011.01.14 21:05:48.729,0.98922,0.98955,4.13,1.13
2011.01.14 21:05:49.058,0.98922,0.98948,1.88,2.25
2011.01.14 21:05:49.168,0.98918,0.98948,1.88,2.63
2011.01.14 21:05:49.721,0.98917,0.98948,1.88,2.63
2011.01.14 21:05:54.537,0.98917,0.98946,1.88,2.25
2011.01.14 21:05:58.766,0.98916,0.98946,1.88,2.63
2011.01.14 21:06:06.508,0.98914,0.98946,1.88,2.40
2011.01.14 21:06:12.449,0.98914,0.98938,1.88,3.57
2011.01.14 21:06:12.778,0.98914,0.98933,1.88,3.19
2011.01.14 21:06:12.887,0.98909,0.98933,1.88,3.57
2011.01.14 21:06:13.107,0.98906,0.98933,1.88,3.57
2011.01.14 21:06:13.788,0.98904,0.98933,1.88,3.57
2011.01.14 21:06:22.945,0.98906,0.98938,1.32,2.63
2011.01.14 21:06:23.167,0.98908,0.98942,2.63,2.63
2011.01.14 21:06:30.467,0.98908,0.98936,2.63,3.00
2011.01.14 21:06:30.688,0.98904,0.98933,1.88,2.63
2011.01.14 21:06:31.404,0.98904,0.98933,1.88,2.82
2011.01.14 21:06:31.968,0.98904,0.98933,1.88,2.82
2011.01.14 21:06:36.704,0.98904,0.98933,2.82,2.63
2011.01.14 21:06:36.824,0.98912,0.98936,2.82,2.25
2011.01.14 21:06:36.941,0.98915,0.9894,1.69,1.88
2011.01.14 21:06:37.168,0.98917,0.98946,1.32,1.88
2011.01.14 21:06:37.717,0.98917,0.98948,1.32,2.70
2011.01.14 21:06:38.398,0.98917,0.98948,1.32,1.95
2011.01.14 21:06:39.820,0.98917,0.98948,1.32,1.95
2011.01.14 21:06:40.969,0.98917,0.9895,1.32,2.78
2011.01.14 21:06:41.886,0.98917,0.9895,1.32,2.78
2011.01.14 21:06:42.838,0.98917,0.9895,1.32,2.70
2011.01.14 21:06:43.278,0.98916,0.98947,2.63,1.69
2011.01.14 21:06:44.318,0.98913,0.98946,2.25,1.69
2011.01.14 21:06:45.659,0.98916,0.98946,2.63,1.69
2011.01.14 21:06:45.769,0.98917,0.98947,2.25,2.78
2011.01.14 21:06:45.988,0.98917,0.98947,3.00,2.70
2011.01.14 21:06:48.848,0.98917,0.98948,5.25,1.02
2011.01.14 21:06:50.317,0.98917,0.98948,3.00,1.02
2011.01.14 21:06:54.229,0.98917,0.98948,3.00,1.02
2011.01.14 21:06:55.169,0.98917,0.98948,3.00,1.02
2011.01.14 21:06:55.607,0.98917,0.98947,3.00,1.69
2011.01.14 21:06:55.828,0.98916,0.98946,1.88,1.32
2011.01.14 21:06:56.377,0.98914,0.98946,2.33,3.94
2011.01.14 21:07:16.790,0.98916,0.98947,1.32,2.82
2011.01.14 21:07:17.806,0.98917,0.98949,2.82,2.82
2011.01.14 21:07:18.468,0.98917,0.98949,2.82,2.82
2011.01.14 21:07:26.357,0.98917,0.98947,2.82,1.32
2011.01.14 21:07:27.807,0.98917,0.98946,2.63,1.32
2011.01.14 21:07:28.137,0.98915,0.98945,1.88,1.69
2011.01.14 21:07:28.698,0.98915,0.98941,1.88,1.50
2011.01.14 21:07:29.350,0.98912,0.98945,2.82,3.57
2011.01.14 21:07:30.018,0.98913,0.98945,2.25,1.69
2011.01.14 21:07:31.438,0.98913,0.98941,1.88,1.69
2011.01.14 21:07:31.767,0.98913,0.98941,1.95,4.69
2011.01.14 21:07:33.838,0.98909,0.98941,4.43,3.19
2011.01.14 21:07:34.946,0.98909,0.98941,4.28,4.69
2011.01.14 21:07:37.787,0.98909,0.98941,4.80,3.19
2011.01.14 21:07:44.668,0.9891,0.98941,7.99,2.25
2011.01.14 21:07:44.779,0.9891,0.98941,1.47,2.25
2011.01.14 21:07:47.220,0.9891,0.98941,2.52,1.50
2011.01.14 21:07:49.916,0.9891,0.98942,1.47,2.25
2011.01.14 21:08:13.327,0.9891,0.98941,2.52,2.25
2011.01.14 21:08:41.167,0.98914,0.98942,2.25,1.50
2011.01.14 21:08:41.928,0.98913,0.98942,2.25,1.50
2011.01.14 21:09:07.029,0.98913,0.98941,2.25,1.50
2011.01.14 21:09:07.719,0.98913,0.98942,2.25,1.50
2011.01.14 21:09:10.130,0.98923,0.98942,1.13,1.50
2011.01.14 21:09:10.364,0.98931,0.98964,1.32,1.88
2011.01.14 21:09:10.481,0.98931,0.98968,1.32,2.07
2011.01.14 21:09:10.919,0.98936,0.9897,1.88,1.02
2011.01.14 21:09:14.719,0.98935,0.98965,1.88,1.02
2011.01.14 21:09:21.179,0.98935,0.98963,1.88,1.02
2011.01.14 21:09:21.511,0.98935,0.9896,1.88,1.69
2011.01.14 21:09:21.730,0.9893,0.98957,1.88,1.32
2011.01.14 21:09:21.950,0.98928,0.98957,1.88,1.32
2011.01.14 21:09:22.058,0.98928,0.98958,1.88,1.32
2011.01.14 21:09:22.631,0.98926,0.98958,1.88,1.32
2011.01.14 21:09:28.859,0.98925,0.98958,1.88,1.32
2011.01.14 21:09:29.408,0.98926,0.98958,1.88,1.32
2011.01.14 21:09:30.182,0.98925,0.98958,1.88,1.32
2011.01.14 21:09:32.895,0.98924,0.98958,1.88,1.32
2011.01.14 21:09:40.216,0.98926,0.98958,1.88,1.32
2011.01.14 21:09:45.839,0.98934,0.98958,1.50,1.32
2011.01.14 21:09:46.363,0.98934,0.98964,1.69,8.33
2011.01.14 21:09:46.592,0.98936,0.98964,1.32,1.88
2011.01.14 21:09:46.710,0.98936,0.9896,1.13,1.69
2011.01.14 21:09:46.934,0.98935,0.98957,1.88,1.32
2011.01.14 21:09:47.159,0.98932,0.98957,1.88,1.32
2011.01.14 21:09:47.378,0.98928,0.98957,1.88,1.32
2011.01.14 21:09:47.861,0.98928,0.9896,2.07,1.13
2011.01.14 21:09:47.985,0.98931,0.98961,1.13,1.88
2011.01.14 21:09:48.429,0.98931,0.98968,1.13,2.44
2011.01.14 21:09:48.990,0.98933,0.98968,2.25,1.32
2011.01.14 21:09:50.200,0.98933,0.9896,2.25,1.69
2011.01.14 21:09:50.893,0.98925,0.98959,1.88,1.69
2011.01.14 21:09:52.569,0.98924,0.98956,2.25,2.82
2011.01.14 21:09:57.584,0.98933,0.98956,4.50,2.82
2011.01.14 21:09:57.700,0.98936,0.98957,1.13,1.88
2011.01.14 21:09:57.810,0.98936,0.98957,1.88,1.88
2011.01.14 21:09:58.443,0.98936,0.98957,1.88,1.88
2011.01.14 21:09:58.793,0.98936,0.98957,1.88,1.32
2011.01.14 21:09:59.494,0.9893,0.98957,1.88,1.32
2011.01.14 21:09:59.612,0.98921,0.98957,1.13,1.32
2011.01.14 21:10:00.700,0.98924,0.98957,1.88,1.32
2011.01.14 21:10:02.355,0.98926,0.98957,1.88,1.32
2011.01.14 21:10:02.470,0.98926,0.98959,1.88,2.07
2011.01.14 21:10:03.248,0.98929,0.98959,1.50,2.07
2011.01.14 21:10:03.580,0.98944,0.98964,2.25,3.19
2011.01.14 21:10:03.690,0.98944,0.98969,1.50,1.69
2011.01.14 21:10:03.910,0.98935,0.98966,1.88,1.32
2011.01.14 21:10:04.130,0.98931,0.98959,1.88,1.69
2011.01.14 21:10:04.772,0.98932,0.98957,1.88,1.32
2011.01.14 21:10:05.329,0.98931,0.98957,1.88,1.32
2011.01.14 21:10:08.736,0.98931,0.98959,1.88,1.32
2011.01.14 21:10:09.649,0.98931,0.98955,1.88,1.69
2011.01.14 21:10:09.763,0.98925,0.98955,1.88,2.07
2011.01.14 21:10:09.879,0.98923,0.98955,1.88,2.07
2011.01.14 21:10:10.831,0.98923,0.98952,1.88,1.32
2011.01.14 21:10:16.091,0.98922,0.98952,1.88,1.32
2011.01.14 21:10:16.428,0.98924,0.98952,1.88,1.32
2011.01.14 21:10:16.648,0.98921,0.98952,1.88,1.32
2011.01.14 21:10:17.881,0.98933,0.98956,4.69,2.63
2011.01.14 21:10:17.989,0.98938,0.98956,7.50,2.25
2011.01.14 21:10:18.100,0.98938,0.98985,7.50,1.69
2011.01.14 21:10:18.210,0.98938,0.98986,8.25,1.69
2011.01.14 21:10:18.320,0.98939,0.98991,9.19,1.69
2011.01.14 21:10:18.428,0.9894,0.98988,1.69,2.07
2011.01.14 21:10:18.978,0.98956,0.98991,1.88,1.32
2011.01.14 21:10:44.332,0.98956,0.98986,1.88,2.07
2011.01.14 21:10:44.899,0.98955,0.98987,1.88,1.32
2011.01.14 21:10:45.231,0.98964,0.98992,3.19,3.83
2011.01.14 21:10:45.562,0.98966,0.98991,1.69,1.95
2011.01.14 21:10:47.669,0.98966,0.98991,2.63,1.84
2011.01.14 21:10:48.334,0.98966,0.98992,1.88,2.82
2011.01.14 21:10:48.455,0.98961,0.98992,1.88,3.57
2011.01.14 21:10:50.202,0.98961,0.98989,1.88,1.69
2011.01.14 21:10:50.324,0.98952,0.98984,1.58,1.32
2011.01.14 21:10:54.149,0.98954,0.98984,1.20,2.07
2011.01.14 21:10:54.479,0.98957,0.98973,1.88,1.13
2011.01.14 21:10:54.700,0.98953,0.98973,1.88,1.13
2011.01.14 21:11:19.819,0.98952,0.98974,1.88,1.13
2011.01.14 21:11:25.500,0.98953,0.98983,1.88,1.54
2011.01.14 21:11:36.777,0.98953,0.98984,2.03,1.54
2011.01.14 21:12:35.567,0.98955,0.98987,1.88,1.86
2011.01.14 21:12:36.377,0.98954,0.98986,2.25,2.48
2011.01.14 21:12:44.495,0.98954,0.98984,2.63,1.88
2011.01.14 21:12:44.841,0.98974,0.99011,6.39,1.50
2011.01.14 21:12:45.700,0.98975,0.99013,2.64,1.69
2011.01.14 21:12:45.921,0.98979,0.99006,5.64,1.50
2011.01.14 21:12:46.031,0.98979,0.99,5.64,1.65
2011.01.14 21:12:46.362,0.98977,0.98998,1.89,1.69
2011.01.14 21:12:46.481,0.98977,0.98997,1.89,1.69
2011.01.14 21:12:48.331,0.9897,0.98994,2.64,1.50
2011.01.14 21:12:51.390,0.98969,0.98991,2.64,1.50
2011.01.14 21:12:55.400,0.98967,0.98989,2.64,1.69
2011.01.14 21:12:55.620,0.98967,0.98986,2.64,1.32
2011.01.14 21:12:58.690,0.98965,0.98989,4.70,1.13
2011.01.14 21:12:59.130,0.98972,0.98993,1.14,1.50
2011.01.14 21:12:59.659,0.98974,0.98993,1.14,1.50
2011.01.14 21:12:59.780,0.98971,0.98991,2.64,1.50
2011.01.14 21:13:01.247,0.98967,0.98986,1.89,2.07
2011.01.14 21:13:02.022,0.98958,0.98988,1.14,1.69
2011.01.14 21:13:03.513,0.98969,0.9899,1.51,1.50
2011.01.14 21:13:03.632,0.9897,0.98991,1.51,1.50
2011.01.14 21:13:03.744,0.98972,0.98992,1.51,1.50
2011.01.14 21:13:04.190,0.98969,0.98993,3.39,1.50
2011.01.14 21:13:05.053,0.98969,0.98992,3.39,5.25
2011.01.14 21:13:05.688,0.98958,0.98985,1.14,1.69
2011.01.14 21:13:05.806,0.98959,0.98989,3.01,1.69
2011.01.14 21:13:09.362,0.98971,0.98991,1.51,1.50
2011.01.14 21:13:09.908,0.98971,0.98992,1.70,1.50
2011.01.14 21:13:10.029,0.98974,0.98993,1.13,1.50
2011.01.14 21:13:10.363,0.98971,0.98993,2.64,1.50
2011.01.14 21:13:10.985,0.98974,0.98993,1.51,1.50
2011.01.14 21:13:11.322,0.98969,0.98992,2.26,1.54
2011.01.14 21:13:11.440,0.98969,0.98991,2.26,1.54
2011.01.14 21:13:11.551,0.98972,0.98991,1.51,1.54
2011.01.14 21:13:13.152,0.98975,0.98991,1.69,1.92
2011.01.14 21:13:13.904,0.98979,0.98995,1.50,1.35
2011.01.14 21:13:14.131,0.98974,0.98991,1.88,1.50
2011.01.14 21:13:14.242,0.98976,0.98991,1.88,1.50
2011.01.14 21:13:14.470,0.98969,0.98991,2.64,1.50
2011.01.14 21:13:16.269,0.98973,0.98991,1.14,1.50
2011.01.14 21:13:16.490,0.98974,0.98993,1.89,1.17
2011.01.14 21:13:31.550,0.9897,0.98993,2.64,1.92
2011.01.14 21:13:31.662,0.9897,0.9899,2.64,1.50
2011.01.14 21:13:35.022,0.98969,0.98988,1.51,1.69
2011.01.14 21:13:35.141,0.98967,0.98987,1.14,1.50
2011.01.14 21:13:36.270,0.98961,0.98987,2.64,1.50
2011.01.14 21:13:43.366,0.9896,0.98984,2.64,1.17
2011.01.14 21:13:45.631,0.9896,0.98987,2.64,1.35
2011.01.14 21:14:03.590,0.98958,0.98984,3.09,1.35
2011.01.14 21:14:03.701,0.98958,0.98984,3.09,2.10
2011.01.14 21:14:04.250,0.98956,0.98984,1.51,2.85
2011.01.14 21:14:05.212,0.98956,0.98987,2.26,1.32
2011.01.14 21:14:06.430,0.9897,0.98992,1.51,1.50
2011.01.14 21:14:07.338,0.9897,0.98989,1.51,1.69
2011.01.14 21:14:07.683,0.98964,0.98986,2.64,1.32
2011.01.14 21:14:08.131,0.98957,0.98983,2.64,1.69
2011.01.14 21:14:09.973,0.98958,0.98986,3.01,1.69
2011.01.14 21:14:10.086,0.98959,0.98988,2.64,1.69
2011.01.14 21:14:15.573,0.98959,0.98983,3.01,1.69
2011.01.14 21:14:16.513,0.98957,0.98983,1.51,2.44
2011.01.14 21:14:20.570,0.98957,0.98983,1.51,1.69
2011.01.14 21:14:21.741,0.98957,0.98982,3.39,5.44
2011.01.14 21:14:22.421,0.98956,0.98981,1.51,1.69
2011.01.14 21:14:24.280,0.98959,0.98988,1.14,2.44
2011.01.14 21:14:27.102,0.98959,0.98987,1.14,1.69
2011.01.14 21:14:27.322,0.98958,0.98984,2.64,1.69
2011.01.14 21:14:28.599,0.98957,0.98979,1.51,1.13
2011.01.14 21:14:31.213,0.98957,0.98978,1.51,1.32
2011.01.14 21:14:31.888,0.98953,0.98974,1.51,1.50
2011.01.14 21:14:34.215,0.98952,0.98972,2.71,5.25
2011.01.14 21:14:34.565,0.98946,0.98965,1.88,3.19
2011.01.14 21:14:34.689,0.98934,0.98955,1.88,1.50
2011.01.14 21:14:34.804,0.98934,0.98955,1.88,1.50
2011.01.14 21:14:35.446,0.98929,0.98952,1.88,1.50
2011.01.14 21:14:36.001,0.98924,0.98947,2.64,1.50
2011.01.14 21:14:37.041,0.98933,0.98955,1.51,2.63
2011.01.14 21:14:37.370,0.98931,0.98949,1.89,1.50
2011.01.14 21:14:38.277,0.98929,0.98952,2.64,1.50
2011.01.14 21:14:38.833,0.98929,0.98949,2.64,1.50
2011.01.14 21:14:40.840,0.9893,0.98949,1.51,1.50
2011.01.14 21:14:41.463,0.98946,0.98971,1.32,1.50
2011.01.14 21:14:42.233,0.98946,0.98971,1.32,1.50
2011.01.14 21:14:42.465,0.98946,0.98964,1.13,2.44
2011.01.14 21:14:43.051,0.9894,0.98964,1.88,2.82
2011.01.14 21:14:43.182,0.98928,0.9895,2.63,1.50
2011.01.14 21:14:44.204,0.98927,0.98945,2.64,1.50
2011.01.14 21:14:46.173,0.98926,0.98945,1.89,1.50
2011.01.14 21:14:49.233,0.98926,0.98947,2.64,1.50
2011.01.14 21:14:54.454,0.98927,0.98947,1.51,1.50
2011.01.14 21:14:54.580,0.98941,0.98961,1.13,1.50
2011.01.14 21:14:55.240,0.98941,0.98962,1.13,1.50
2011.01.14 21:15:02.519,0.98941,0.98962,1.20,1.50
2011.01.14 21:15:03.791,0.98941,0.98962,1.13,1.50
2011.01.14 21:15:04.229,0.98944,0.98962,1.13,1.50
2011.01.14 21:15:08.316,0.9894,0.98956,1.13,1.50
2011.01.14 21:15:30.820,0.9894,0.98957,1.13,1.50
2011.01.14 21:15:38.536,0.98941,0.98957,1.88,1.50
2011.01.14 21:15:38.657,0.98944,0.98961,1.13,1.50
2011.01.14 21:15:51.801,0.98944,0.98961,1.13,1.50
2011.01.14 21:15:52.424,0.98941,0.98957,1.13,1.50
2011.01.14 21:16:13.423,0.98941,0.98957,1.13,1.50
2011.01.14 21:16:41.982,0.98941,0.98957,1.13,1.50
2011.01.14 21:16:58.757,0.98939,0.98957,1.13,1.50
2011.01.14 21:17:02.429,0.98939,0.98958,1.13,1.50
2011.01.14 21:17:09.220,0.9894,0.98958,1.32,1.50
2011.01.14 21:17:09.779,0.9894,0.98958,1.32,1.50
2011.01.14 21:17:09.898,0.98942,0.98964,1.32,1.50
2011.01.14 21:17:12.413,0.98939,0.98959,1.56,1.50
2011.01.14 21:17:28.350,0.98941,0.98958,1.14,1.50
2011.01.14 21:17:28.940,0.98942,0.98963,1.32,1.50
2011.01.14 21:17:29.052,0.98942,0.98963,1.32,1.50
2011.01.14 21:17:34.232,0.98938,0.98958,1.95,1.50
2011.01.14 21:17:34.348,0.98941,0.98958,2.25,1.50
2011.01.14 21:17:34.891,0.98938,0.98958,1.57,1.50
2011.01.14 21:17:36.299,0.98944,0.98958,1.30,1.50
2011.01.14 21:17:43.549,0.98944,0.98956,1.30,1.69
2011.01.14 21:17:43.773,0.98937,0.98956,1.89,1.69
2011.01.14 21:17:43.893,0.98937,0.98944,1.88,1.50
2011.01.14 21:17:44.532,0.98937,0.9895,1.88,1.69
2011.01.14 21:17:44.653,0.98914,0.98947,1.38,1.32
2011.01.14 21:17:52.902,0.98921,0.9895,1.14,2.63
2011.01.14 21:17:53.131,0.98921,0.98951,1.14,3.57
2011.01.14 21:17:53.908,0.98918,0.98946,2.64,1.13
2011.01.14 21:18:00.811,0.98915,0.98947,2.64,1.32
2011.01.14 21:18:03.971,0.98919,0.98949,1.14,2.63
2011.01.14 21:18:04.499,0.98919,0.98942,1.14,1.50
2011.01.14 21:18:31.965,0.98928,0.98946,1.32,1.50
2011.01.14 21:18:32.081,0.98928,0.98949,2.07,1.50
2011.01.14 21:18:35.702,0.98931,0.98949,2.07,1.50
2011.01.14 21:18:35.818,0.98931,0.98953,2.15,1.50
2011.01.14 21:18:36.372,0.98932,0.98953,1.32,1.50
2011.01.14 21:18:46.610,0.98934,0.98953,3.20,1.50
2011.01.14 21:18:47.256,0.98936,0.98957,1.70,1.50
2011.01.14 21:18:47.377,0.98938,0.98958,1.69,1.50
2011.01.14 21:18:52.177,0.98938,0.98958,3.38,1.50
2011.01.14 21:18:52.622,0.98935,0.98954,1.88,1.50
2011.01.14 21:18:52.734,0.98935,0.98954,1.88,1.50
2011.01.14 21:18:52.854,0.98932,0.98949,1.88,1.50
2011.01.14 21:18:53.305,0.9893,0.98949,1.89,1.50
2011.01.14 21:18:58.860,0.98931,0.98949,1.88,1.50
2011.01.14 21:18:58.970,0.98931,0.98949,1.89,1.50
2011.01.14 21:18:59.789,0.98929,0.9895,2.64,1.50
2011.01.14 21:19:02.652,0.98928,0.98949,2.64,1.50
2011.01.14 21:19:08.919,0.98939,0.98958,1.88,1.50
2011.01.14 21:19:09.700,0.98938,0.98958,3.39,1.50
2011.01.14 21:19:10.644,0.98939,0.98958,1.50,1.50
2011.01.14 21:19:10.761,0.98939,0.98958,1.76,1.50
2011.01.14 21:19:12.871,0.98939,0.98958,3.00,1.50
2011.01.14 21:19:20.001,0.98939,0.98958,3.76,1.50
2011.01.14 21:19:24.360,0.98939,0.98958,3.01,1.50
2011.01.14 21:19:29.033,0.98939,0.98958,3.00,1.50
2011.01.14 21:19:29.628,0.98938,0.98949,1.88,1.69
2011.01.14 21:19:29.748,0.98922,0.98946,2.64,1.69
2011.01.14 21:19:31.984,0.98923,0.98946,1.14,1.50
2011.01.14 21:19:33.602,0.98925,0.98949,1.51,1.50
2011.01.14 21:19:34.042,0.98931,0.98952,1.89,1.50
2011.01.14 21:19:34.260,0.98934,0.98954,1.14,1.50
2011.01.14 21:19:51.120,0.98933,0.98957,3.01,1.50
2011.01.14 21:19:51.235,0.98933,0.98959,3.01,1.50
2011.01.14 21:19:55.264,0.98933,0.98958,2.64,1.50
2011.01.14 21:19:56.431,0.9893,0.98955,1.14,1.50
2011.01.14 21:20:02.639,0.98934,0.98958,1.14,1.50
2011.01.14 21:20:09.232,0.98933,0.98957,3.01,1.50
2011.01.14 21:20:09.352,0.98933,0.98956,3.01,1.50
2011.01.14 21:20:22.132,0.98934,0.98958,1.14,1.50
2011.01.14 21:20:24.253,0.98933,0.98957,3.01,1.50
2011.01.14 21:21:19.440,0.98927,0.98956,1.14,1.50
2011.01.14 21:21:22.162,0.98927,0.98955,1.14,2.44
2011.01.14 21:21:22.382,0.98926,0.98952,2.64,2.25
2011.01.14 21:21:22.821,0.98924,0.98951,1.14,1.50
2011.01.14 21:21:23.601,0.98921,0.98952,3.01,2.25
2011.01.14 21:21:25.488,0.98921,0.98952,3.01,2.25
2011.01.14 21:21:33.332,0.98922,0.98952,2.64,1.50
2011.01.14 21:21:34.750,0.98922,0.98952,2.64,2.25
2011.01.14 21:21:44.566,0.98922,0.98952,2.64,2.25
2011.01.14 21:22:03.080,0.98923,0.98952,2.64,2.25
2011.01.14 21:22:03.371,0.98922,0.98945,2.64,1.32
2011.01.14 21:22:03.701,0.98922,0.98938,1.89,1.50
2011.01.14 21:22:09.512,0.98914,0.98942,1.14,2.25
2011.01.14 21:22:10.893,0.98919,0.98946,2.26,1.50
2011.01.14 21:22:11.451,0.98919,0.98946,4.14,1.50
2011.01.14 21:22:13.754,0.98918,0.98949,9.27,1.50
2011.01.14 21:22:16.243,0.98921,0.98946,2.64,1.20
2011.01.14 21:22:16.361,0.98921,0.98942,2.64,1.50
2011.01.14 21:22:27.232,0.98915,0.98936,2.64,1.50
2011.01.14 21:23:12.544,0.98909,0.98929,2.64,1.50
2011.01.14 21:24:07.498,0.98903,0.98928,1.14,1.50
2011.01.14 21:25:02.572,0.98909,0.98929,2.26,1.50
2011.01.14 21:25:03.552,0.98907,0.98924,2.64,1.50
2011.01.14 21:25:03.661,0.98907,0.98924,1.89,1.50
2011.01.14 21:25:04.470,0.989,0.98921,2.34,1.50
2011.01.14 21:25:12.406,0.989,0.98923,1.92,1.50
2011.01.14 21:25:21.556,0.989,0.98928,1.96,1.50
2011.01.14 21:25:42.544,0.989,0.98926,6.46,1.50
2011.01.14 21:25:57.702,0.9891,0.98926,1.13,1.50
2011.01.14 21:25:57.815,0.9891,0.98931,1.14,1.50
2011.01.14 21:25:58.152,0.98913,0.98931,2.07,1.50
2011.01.14 21:25:58.264,0.98919,0.98941,2.26,2.63
2011.01.14 21:26:01.964,0.9892,0.9894,1.89,1.50
2011.01.14 21:26:02.524,0.98915,0.98935,2.64,1.50
2011.01.14 21:26:12.601,0.98912,0.98934,1.14,1.58
2011.01.14 21:26:14.793,0.98907,0.98932,2.64,1.50
2011.01.14 21:26:39.882,0.98904,0.98932,3.01,1.56
2011.01.14 21:26:41.390,0.98904,0.98927,1.14,1.56
2011.01.14 21:26:42.943,0.98908,0.98927,1.14,1.56
2011.01.14 21:26:43.938,0.98909,0.98927,1.89,1.56
2011.01.14 21:27:06.104,0.98913,0.98934,1.14,1.56
2011.01.14 21:27:07.933,0.98914,0.98934,1.14,1.56
2011.01.14 21:27:08.064,0.98917,0.98937,1.14,1.50
2011.01.14 21:27:08.184,0.98914,0.98932,1.89,1.50
2011.01.14 21:27:25.827,0.98909,0.9893,1.14,1.50
2011.01.14 21:27:28.272,0.98911,0.98932,1.14,1.50
2011.01.14 21:27:32.104,0.98912,0.98933,1.14,1.50
2011.01.14 21:27:33.132,0.9891,0.98929,1.14,1.50
2011.01.14 21:27:47.206,0.98924,0.98934,1.69,1.58
2011.01.14 21:27:47.327,0.98912,0.98934,1.14,1.50
2011.01.14 21:27:51.572,0.98911,0.98934,1.13,1.50
2011.01.14 21:27:51.791,0.98908,0.98927,1.14,1.50
2011.01.14 21:27:55.288,0.98913,0.98932,1.14,1.50
2011.01.14 21:27:57.565,0.98913,0.98934,1.14,1.50
2011.01.14 21:27:58.772,0.98911,0.98933,1.14,1.50
2011.01.14 21:28:00.783,0.9891,0.98933,1.13,1.50
2011.01.14 21:28:00.892,0.98908,0.98927,1.14,1.50
2011.01.14 21:28:29.141,0.9891,0.98927,1.13,1.50
2011.01.14 21:28:29.251,0.98911,0.98927,1.13,1.50
2011.01.14 21:28:29.362,0.98911,0.98932,1.89,1.58
2011.01.14 21:28:30.914,0.98913,0.98932,1.59,1.50
2011.01.14 21:28:32.358,0.98914,0.98932,1.50,1.50
2011.01.14 21:28:32.472,0.9891,0.98928,2.25,1.50
2011.01.14 21:28:39.412,0.9891,0.98931,1.14,1.50
2011.01.14 21:28:40.975,0.9891,0.98931,2.04,1.50
2011.01.14 21:28:41.203,0.98916,0.98935,1.13,1.50
2011.01.14 21:28:41.421,0.98915,0.98934,1.89,1.50
2011.01.14 21:28:42.822,0.98915,0.98934,3.72,1.50
2011.01.14 21:28:43.815,0.98916,0.98934,1.06,1.50
2011.01.14 21:28:46.253,0.98919,0.98934,1.43,1.50
2011.01.14 21:28:47.688,0.98916,0.98934,5.00,1.50
2011.01.14 21:28:57.716,0.98913,0.98934,5.52,1.50
2011.01.14 21:28:58.299,0.98913,0.98932,2.71,1.50
2011.01.14 21:29:04.132,0.98913,0.98936,1.14,1.50
2011.01.14 21:29:07.839,0.98918,0.98938,2.26,1.50
2011.01.14 21:29:09.744,0.98918,0.98937,1.51,1.50
2011.01.14 21:29:11.433,0.98919,0.98937,3.20,1.50
2011.01.14 21:29:11.663,0.98923,0.98946,1.14,1.88
2011.01.14 21:29:11.782,0.98925,0.98949,2.64,1.50
2011.01.14 21:29:13.174,0.98924,0.98948,2.64,1.13
2011.01.14 21:29:13.760,0.98924,0.9894,1.88,1.50
2011.01.14 21:29:14.412,0.98914,0.9894,2.64,1.50
2011.01.14 21:29:18.412,0.98916,0.9895,1.13,1.50
2011.01.14 21:29:20.168,0.98925,0.9895,1.13,1.50
2011.01.14 21:29:20.287,0.98925,0.98951,1.13,1.88
2011.01.14 21:29:20.641,0.98928,0.98952,1.50,1.88
2011.01.14 21:29:20.753,0.98928,0.98958,1.50,3.45
2011.01.14 21:29:21.492,0.98928,0.98958,3.38,1.58
2011.01.14 21:29:23.737,0.98928,0.98958,3.38,1.65
2011.01.14 21:29:27.264,0.98928,0.98952,3.38,1.50
2011.01.14 21:29:27.601,0.98923,0.98951,1.88,1.13
2011.01.14 21:29:28.042,0.98915,0.98951,1.20,1.13
2011.01.14 21:29:30.422,0.98919,0.98951,1.13,1.13
2011.01.14 21:29:30.751,0.98921,0.98952,1.13,1.58
2011.01.14 21:29:40.780,0.98921,0.98955,1.13,3.53
2011.01.14 21:29:49.933,0.9892,0.98961,3.94,3.98
2011.01.14 21:29:50.052,0.9892,0.98961,3.94,1.50
2011.01.14 21:29:50.687,0.98934,0.98975,2.82,1.50
2011.01.14 21:29:52.736,0.98939,0.98977,2.82,1.50
2011.01.14 21:30:02.430,0.98927,0.98978,1.38,1.50
2011.01.14 21:30:04.674,0.98924,0.98986,2.03,1.50
2011.01.14 21:30:05.123,0.9892,0.98988,2.25,1.50
2011.01.14 21:30:07.772,0.98925,0.98983,3.00,1.50
2011.01.14 21:30:07.882,0.98925,0.98972,3.00,1.13
2011.01.14 21:30:08.214,0.98899,0.98959,1.51,3.00
2011.01.14 21:30:08.908,0.98899,0.98959,1.14,3.00
2011.01.14 21:30:09.022,0.98905,0.98959,1.88,3.00
2011.01.14 21:30:09.352,0.9891,0.98954,1.88,3.00
2011.01.14 21:30:09.573,0.98899,0.98954,2.64,3.00
2011.01.14 21:30:18.657,0.98896,0.98953,6.39,6.53
2011.01.14 21:30:20.182,0.98909,0.9895,1.13,2.70
2011.01.14 21:30:20.401,0.9891,0.9895,1.13,1.20
2011.01.14 21:30:20.894,0.9891,0.9895,1.13,1.28
2011.01.14 21:30:21.243,0.98916,0.98991,3.19,1.50
2011.01.14 21:30:21.463,0.98927,0.98991,2.82,3.75
2011.01.14 21:30:22.923,0.98926,0.98981,3.19,2.25
2011.01.14 21:30:23.913,0.98949,0.98981,1.13,2.25
2011.01.14 21:30:24.253,0.98951,0.98981,1.13,1.88
2011.01.14 21:30:24.591,0.98941,0.98982,1.50,4.50
2011.01.14 21:30:24.701,0.98944,0.98979,1.88,1.13
2011.01.14 21:30:25.393,0.98941,0.98974,1.13,1.88
2011.01.14 21:30:27.394,0.98951,0.98974,1.13,1.88
2011.01.14 21:30:27.842,0.98951,0.9898,1.13,1.88
2011.01.14 21:30:28.433,0.98951,0.98989,1.13,1.13
2011.01.14 21:30:31.944,0.98954,0.98995,1.13,1.50
2011.01.14 21:30:32.174,0.98946,0.98988,3.00,4.50
2011.01.14 21:30:32.808,0.9895,0.98985,1.88,1.13
2011.01.14 21:30:32.926,0.98945,0.98985,1.13,1.13
2011.01.14 21:30:35.601,0.98945,0.98981,1.13,1.69
2011.01.14 21:30:35.931,0.98947,0.98971,1.88,1.50
2011.01.14 21:30:36.041,0.98941,0.98971,2.03,1.50
2011.01.14 21:30:37.383,0.9894,0.98972,2.03,1.88
2011.01.14 21:30:37.821,0.9894,0.98976,2.03,1.69
2011.01.14 21:30:38.043,0.9894,0.98961,1.88,3.19
2011.01.14 21:30:38.163,0.98939,0.98959,1.50,1.13
2011.01.14 21:30:38.494,0.98914,0.98956,2.18,5.63
2011.01.14 21:30:41.087,0.98929,0.98951,2.25,5.63
2011.01.14 21:30:41.210,0.98934,0.9897,1.88,3.18
2011.01.14 21:30:41.804,0.98929,0.98965,6.38,1.50
2011.01.14 21:30:42.142,0.98925,0.98965,3.00,1.50
2011.01.14 21:30:42.664,0.98924,0.98965,5.25,1.50
2011.01.14 21:30:43.944,0.98936,0.98961,1.13,2.03
2011.01.14 21:30:44.281,0.98938,0.98961,1.50,1.88
2011.01.14 21:30:44.393,0.98938,0.98966,1.50,1.88
2011.01.14 21:30:44.611,0.98938,0.98971,1.50,1.28
2011.01.14 21:30:48.296,0.98939,0.98971,3.38,1.28
2011.01.14 21:30:48.523,0.9894,0.98972,1.28,1.88
2011.01.14 21:30:48.972,0.9894,0.98975,1.28,1.88
2011.01.14 21:30:49.810,0.9894,0.98975,1.43,1.88
2011.01.14 21:30:50.895,0.9894,0.98975,2.55,1.88
2011.01.14 21:30:53.172,0.98939,0.98967,1.47,6.94
2011.01.14 21:30:53.784,0.98926,0.98964,1.88,1.50
2011.01.14 21:30:54.343,0.98926,0.98964,1.88,1.50
2011.01.14 21:30:54.932,0.9893,0.98964,1.88,1.50
2011.01.14 21:30:57.121,0.98931,0.98964,1.88,1.58
2011.01.14 21:31:00.331,0.98927,0.98964,1.88,2.70
2011.01.14 21:31:00.663,0.98928,0.98966,6.94,1.02
2011.01.14 21:31:00.991,0.98929,0.98966,3.38,1.02
2011.01.14 21:31:09.587,0.98931,0.98966,1.69,1.02
2011.01.14 21:31:10.294,0.98945,0.98964,1.13,1.88
2011.01.14 21:31:10.418,0.98944,0.9898,2.25,2.55
2011.01.14 21:31:10.952,0.9894,0.98976,1.13,2.03
2011.01.14 21:31:11.748,0.9894,0.98976,1.13,2.03
2011.01.14 21:31:12.982,0.9894,0.98976,1.13,1.95
2011.01.14 21:31:20.451,0.9894,0.98974,1.24,1.95
2011.01.14 21:31:28.365,0.9894,0.98974,1.24,1.88
2011.01.14 21:31:28.983,0.9894,0.98976,1.24,2.33
2011.01.14 21:31:30.642,0.98944,0.98976,1.35,2.33
2011.01.14 21:31:30.974,0.98961,0.98976,1.13,1.88
2011.01.14 21:31:31.203,0.98961,0.9899,1.13,1.88
2011.01.14 21:31:31.422,0.98961,0.98996,1.13,1.88
2011.01.14 21:31:32.179,0.98964,0.98996,2.25,2.25
2011.01.14 21:31:32.806,0.98964,0.98996,2.25,3.00
2011.01.14 21:31:33.153,0.98963,0.98985,1.88,1.13
2011.01.14 21:31:33.372,0.98955,0.98985,1.88,1.13
2011.01.14 21:31:33.592,0.98949,0.98985,1.88,1.13
2011.01.14 21:31:34.595,0.98947,0.9898,1.88,1.20
2011.01.14 21:31:36.381,0.98946,0.9898,1.88,1.28
2011.01.14 21:31:36.491,0.98946,0.9898,1.88,1.28
2011.01.14 21:31:37.041,0.98945,0.9898,1.88,1.28
2011.01.14 21:31:37.864,0.98944,0.9898,2.37,1.28
2011.01.14 21:31:59.621,0.9894,0.98977,1.13,2.33
2011.01.14 21:32:00.773,0.9894,0.98976,1.13,2.33
2011.01.14 21:32:01.925,0.9894,0.98977,1.13,2.33
2011.01.14 21:32:11.565,0.98935,0.98973,6.57,4.50
2011.01.14 21:32:12.286,0.98941,0.9897,1.88,1.13
2011.01.14 21:32:12.408,0.98941,0.98979,1.13,2.55
2011.01.14 21:32:14.728,0.98941,0.98974,1.13,1.95
2011.01.14 21:32:16.822,0.98941,0.98974,1.13,1.95
2011.01.14 21:32:20.692,0.98941,0.98979,1.13,2.40
2011.01.14 21:32:31.162,0.98944,0.98979,1.05,2.40
2011.01.14 21:32:31.381,0.98931,0.98979,1.13,2.40
2011.01.14 21:32:34.642,0.98935,0.98973,3.00,4.58
2011.01.14 21:32:34.754,0.98939,0.9897,1.88,1.13
2011.01.14 21:32:34.983,0.98939,0.98972,2.63,2.25
2011.01.14 21:32:35.093,0.98941,0.98976,1.13,2.70
2011.01.14 21:32:35.701,0.98941,0.98973,1.13,1.95
2011.01.14 21:32:36.789,0.98941,0.98973,1.13,2.03
2011.01.14 21:32:37.878,0.9894,0.98973,1.13,2.78
2011.01.14 21:32:37.995,0.9894,0.98969,1.13,1.88
2011.01.14 21:32:38.112,0.9894,0.98972,1.13,1.88
2011.01.14 21:32:38.993,0.98954,0.98972,1.86,2.03
2011.01.14 21:32:39.322,0.9893,0.98972,1.13,2.03
2011.01.14 21:32:39.922,0.9893,0.98973,1.13,2.03
2011.01.14 21:32:40.511,0.9894,0.98974,1.13,2.03
2011.01.14 21:32:51.173,0.9894,0.98975,1.13,1.95
2011.01.14 21:32:54.903,0.98936,0.98975,3.76,3.53
2011.01.14 21:32:55.015,0.9894,0.98972,1.88,1.13
2011.01.14 21:32:55.572,0.98935,0.98971,1.13,1.13
2011.01.14 21:32:56.131,0.98936,0.98968,1.14,1.50
2011.01.14 21:32:58.080,0.98939,0.9897,1.14,1.50
2011.01.14 21:32:58.412,0.98941,0.98971,1.89,1.50
2011.01.14 21:33:10.734,0.9894,0.98971,2.64,1.50
2011.01.14 21:33:11.073,0.9894,0.9897,1.14,1.50
2011.01.14 21:33:11.182,0.9894,0.98972,1.14,1.58
2011.01.14 21:33:14.382,0.9894,0.98972,1.89,1.50
2011.01.14 21:33:23.495,0.98944,0.98976,1.14,1.88
2011.01.14 21:33:53.764,0.98949,0.98978,1.13,3.53
2011.01.14 21:33:54.333,0.98948,0.98978,1.14,1.65
2011.01.14 21:33:54.932,0.98949,0.98978,1.14,1.50
2011.01.14 21:33:55.151,0.98949,0.98979,1.14,1.95
2011.01.14 21:33:56.813,0.98948,0.98982,1.14,1.95
2011.01.14 21:33:57.802,0.98948,0.98982,1.14,2.03
2011.01.14 21:33:59.810,0.98948,0.98982,1.14,1.95
2011.01.14 21:34:03.312,0.9895,0.98982,1.51,1.95
2011.01.14 21:34:03.642,0.98966,0.98982,1.13,1.88
2011.01.14 21:34:03.863,0.98966,0.98994,1.13,1.50
2011.01.14 21:34:05.322,0.98962,0.98992,1.09,1.50
2011.01.14 21:34:05.870,0.98962,0.98987,2.22,1.13
2011.01.14 21:34:05.993,0.98954,0.98984,2.64,1.13
2011.01.14 21:34:08.557,0.98952,0.98982,2.64,1.28
2011.01.14 21:34:09.208,0.98952,0.98982,2.64,1.20
2011.01.14 21:34:10.771,0.98952,0.98982,2.64,1.28
2011.01.14 21:34:11.765,0.9895,0.98981,2.64,1.20
2011.01.14 21:34:23.791,0.98949,0.98981,3.01,1.95
2011.01.14 21:34:24.772,0.98948,0.98982,1.14,1.13
2011.01.14 21:34:25.285,0.98949,0.98982,3.01,1.13
2011.01.14 21:34:27.804,0.98954,0.98985,1.14,3.45
2011.01.14 21:34:40.794,0.98952,0.98983,2.64,1.13
2011.01.14 21:34:41.023,0.98952,0.98981,1.89,1.88
2011.01.14 21:34:42.543,0.98953,0.98983,1.14,1.65
2011.01.14 21:34:43.796,0.98953,0.98983,1.14,1.58
2011.01.14 21:34:44.638,0.98953,0.98983,1.14,1.50
2011.01.14 21:34:45.862,0.98953,0.98987,3.01,1.88
2011.01.14 21:34:53.831,0.98957,0.98987,4.51,1.88
2011.01.14 21:34:54.164,0.9896,0.98989,1.13,1.50
2011.01.14 21:34:54.908,0.9896,0.98987,1.88,1.50
2011.01.14 21:34:55.463,0.98957,0.98987,1.14,1.50
2011.01.14 21:34:55.914,0.9896,0.98987,1.13,1.50
2011.01.14 21:34:56.143,0.9896,0.98988,1.13,1.50
2011.01.14 21:34:56.823,0.9896,0.98988,1.13,1.50
2011.01.14 21:34:59.205,0.9897,0.98989,3.00,1.50
2011.01.14 21:34:59.323,0.98971,0.98998,1.13,1.50
2011.01.14 21:35:00.349,0.98971,0.98998,1.13,1.50
2011.01.14 21:35:03.403,0.98965,0.98998,1.14,1.50
2011.01.14 21:35:03.632,0.98968,0.98998,1.14,1.50
2011.01.14 21:35:10.072,0.98978,0.99007,1.14,1.50
2011.01.14 21:35:20.081,0.98978,0.99007,1.89,1.50
2011.01.14 21:35:20.411,0.98988,0.99013,1.50,2.63
2011.01.14 21:35:21.101,0.98987,0.9901,2.63,1.50
2011.01.14 21:35:21.211,0.98987,0.9901,1.88,1.50
2011.01.14 21:35:21.431,0.98981,0.9901,1.89,1.50
2011.01.14 21:35:21.941,0.9898,0.9901,1.89,1.50
2011.01.14 21:35:22.573,0.98983,0.99017,1.14,1.88
2011.01.14 21:35:25.420,0.98983,0.99017,1.14,1.88
2011.01.14 21:35:26.675,0.98983,0.99017,1.14,1.88
2011.01.14 21:35:27.271,0.98983,0.99016,1.14,1.50
2011.01.14 21:35:33.866,0.98984,0.99002,3.01,6.75
2011.01.14 21:35:34.202,0.98941,0.98993,2.26,1.50
2011.01.14 21:35:34.310,0.98941,0.98993,2.25,1.50
2011.01.14 21:35:34.641,0.98941,0.98987,1.50,1.50
2011.01.14 21:35:36.516,0.98951,0.98982,2.64,1.50
2011.01.14 21:35:36.647,0.9897,0.99002,1.13,1.50
2011.01.14 21:35:37.181,0.9897,0.99001,1.13,1.50
2011.01.14 21:35:38.151,0.9897,0.98996,1.13,1.50
2011.01.14 21:35:38.483,0.98962,0.9899,1.50,1.50
2011.01.14 21:35:38.591,0.98965,0.98985,1.88,1.50
2011.01.14 21:35:39.304,0.9895,0.9898,2.64,1.50
2011.01.14 21:35:39.901,0.9895,0.9898,2.64,1.50
2011.01.14 21:35:43.302,0.98951,0.98981,2.64,1.50
2011.01.14 21:35:45.954,0.98973,0.98981,4.50,1.50
2011.01.14 21:35:46.548,0.98973,0.99016,4.50,1.50
2011.01.14 21:35:46.663,0.98971,0.99016,3.00,1.50
2011.01.14 21:35:46.992,0.98976,0.99008,1.88,1.50
2011.01.14 21:35:47.213,0.9897,0.99008,1.14,1.50
2011.01.14 21:35:48.921,0.9897,0.98998,1.13,1.50
2011.01.14 21:35:52.162,0.98966,0.98993,2.64,4.50
2011.01.14 21:35:52.491,0.98966,0.98991,1.88,3.75
2011.01.14 21:35:53.083,0.9896,0.98991,1.14,4.50
2011.01.14 21:35:53.643,0.98967,0.9899,4.69,1.88
2011.01.14 21:35:53.973,0.9897,0.9899,1.14,1.88
2011.01.14 21:35:54.495,0.9897,0.98998,1.14,3.38
2011.01.14 21:35:54.861,0.98976,0.98998,2.25,1.50
2011.01.14 21:35:55.191,0.9898,0.98998,1.13,1.50
2011.01.14 21:35:55.302,0.9898,0.99006,1.13,1.50
2011.01.14 21:35:56.417,0.9898,0.99006,1.13,1.50
2011.01.14 21:36:01.441,0.9898,0.99006,1.13,1.50
2011.01.14 21:36:03.277,0.98978,0.99002,1.88,1.13
2011.01.14 21:36:03.390,0.98975,0.99002,1.89,1.13
2011.01.14 21:36:03.891,0.98975,0.99002,1.89,1.13
2011.01.14 21:36:05.891,0.98975,0.99001,1.88,1.13
2011.01.14 21:36:06.442,0.9897,0.99,2.64,1.13
2011.01.14 21:36:06.552,0.9897,0.98998,1.89,1.13
2011.01.14 21:36:07.057,0.98966,0.98998,2.64,1.13
2011.01.14 21:36:10.251,0.98965,0.98998,2.64,1.13
2011.01.14 21:36:28.820,0.98965,0.98996,2.64,1.13
2011.01.14 21:36:29.371,0.98964,0.98997,3.01,1.13
2011.01.14 21:36:32.331,0.98964,0.98997,3.01,1.13
2011.01.14 21:36:36.071,0.98963,0.98997,1.14,1.13
2011.01.14 21:36:36.770,0.98964,0.98997,3.01,1.13
2011.01.14 21:36:39.405,0.98964,0.98996,3.01,1.13
2011.01.14 21:36:41.274,0.98964,0.98996,3.01,1.28
2011.01.14 21:36:42.302,0.98963,0.98997,3.01,1.95
2011.01.14 21:36:45.431,0.98963,0.98997,3.01,1.95
2011.01.14 21:36:56.841,0.98963,0.98997,3.01,1.95
2011.01.14 21:37:20.453,0.98963,0.98997,3.01,1.95
2011.01.14 21:37:21.404,0.98963,0.98997,3.01,1.95
2011.01.14 21:37:22.265,0.98964,0.98996,3.01,1.20
2011.01.14 21:37:30.270,0.98964,0.98995,3.01,1.65
2011.01.14 21:37:30.491,0.98964,0.98995,3.01,1.50
2011.01.14 21:37:30.969,0.98964,0.98996,3.01,1.13
2011.01.14 21:37:56.173,0.98964,0.98995,3.01,1.69
2011.01.14 21:37:56.291,0.98934,0.98974,1.51,1.50
2011.01.14 21:38:00.654,0.98957,0.98974,4.50,3.00
2011.01.14 21:38:00.772,0.98957,0.98994,5.26,1.50
2011.01.14 21:38:00.882,0.98955,0.98982,3.01,4.50
2011.01.14 21:38:01.652,0.98954,0.98977,1.88,1.50
2011.01.14 21:38:01.763,0.98941,0.98977,3.01,1.50
2011.01.14 21:38:02.321,0.98941,0.98972,3.01,1.50
2011.01.14 21:38:10.841,0.98941,0.98972,3.01,1.50
2011.01.14 21:38:11.409,0.98941,0.98972,3.01,1.50
2011.01.14 21:38:11.931,0.98941,0.98972,3.01,1.50
2011.01.14 21:38:13.805,0.98941,0.98972,3.01,1.50
2011.01.14 21:38:16.943,0.98959,0.98973,3.00,1.13
2011.01.14 21:38:17.272,0.98958,0.98975,3.39,2.63
2011.01.14 21:38:17.493,0.98933,0.98974,1.51,1.50
2011.01.14 21:38:17.602,0.98953,0.98976,1.13,3.00
2011.01.14 21:38:18.494,0.98948,0.98975,1.13,2.63
2011.01.14 21:38:21.313,0.98955,0.98985,1.51,1.88
2011.01.14 21:38:21.862,0.98956,0.98991,2.64,1.50
2011.01.14 21:38:23.782,0.98956,0.98986,1.89,1.13
2011.01.14 21:38:23.891,0.98956,0.98983,1.88,1.50
2011.01.14 21:38:24.221,0.98953,0.98983,1.14,1.50
2011.01.14 21:38:26.202,0.98954,0.98983,3.01,1.50
2011.01.14 21:38:26.866,0.98957,0.98985,1.88,1.50
2011.01.14 21:38:27.676,0.98957,0.98984,1.88,1.50
2011.01.14 21:38:30.992,0.98958,0.98984,1.88,1.50
2011.01.14 21:38:33.351,0.98959,0.98984,2.25,1.50
2011.01.14 21:38:33.573,0.98959,0.98987,5.63,1.50
2011.01.14 21:38:34.504,0.98964,0.98987,1.88,1.50
2011.01.14 21:38:57.591,0.98964,0.9899,1.88,1.13
2011.01.14 21:38:58.194,0.98963,0.9899,1.88,1.13
2011.01.14 21:39:02.443,0.98962,0.9899,1.89,1.13
2011.01.14 21:39:27.599,0.98964,0.98996,3.76,2.03
2011.01.14 21:39:28.252,0.98967,0.98996,1.88,1.88
2011.01.14 21:40:07.801,0.98965,0.98996,2.64,1.50
2011.01.14 21:40:26.221,0.98966,0.98997,1.51,1.88
2011.01.14 21:40:26.797,0.98966,0.98997,1.51,1.88
2011.01.14 21:40:32.193,0.98965,0.98996,2.64,1.50
2011.01.14 21:40:32.852,0.98965,0.98996,2.64,1.50
2011.01.14 21:40:58.300,0.98964,0.98982,1.88,1.88
2011.01.14 21:40:58.412,0.98951,0.98981,2.64,1.13
2011.01.14 21:40:59.108,0.9895,0.98982,2.64,1.88
2011.01.14 21:40:59.734,0.98955,0.98984,1.51,1.88
2011.01.14 21:40:59.842,0.98955,0.98984,1.51,1.88
2011.01.14 21:41:00.072,0.98956,0.98993,2.64,1.50
2011.01.14 21:41:05.131,0.98956,0.98993,1.14,1.13
2011.01.14 21:41:05.243,0.9896,0.98993,1.51,1.13
2011.01.14 21:41:05.793,0.98962,0.98998,2.64,1.50
2011.01.14 21:41:06.393,0.98963,0.98998,2.64,1.50
2011.01.14 21:41:23.320,0.98968,0.98997,1.51,1.88
2011.01.14 21:41:23.437,0.98968,0.99,2.26,1.13
2011.01.14 21:41:23.982,0.98969,0.99,1.51,1.13
2011.01.14 21:41:24.664,0.98969,0.98999,3.39,1.50
2011.01.14 21:41:25.679,0.98962,0.98999,2.64,1.50
2011.01.14 21:41:25.793,0.98963,0.98999,2.64,1.50
2011.01.14 21:41:26.533,0.98962,0.98995,2.64,1.50
2011.01.14 21:41:26.642,0.98962,0.98995,2.64,2.25
2011.01.14 21:41:27.083,0.98957,0.98991,2.64,1.13
2011.01.14 21:41:28.631,0.98957,0.98988,2.64,1.13
2011.01.14 21:41:41.024,0.98957,0.98987,2.64,1.13
2011.01.14 21:41:41.572,0.98952,0.98987,2.64,1.13
2011.01.14 21:41:46.868,0.98956,0.98987,1.51,1.13
2011.01.14 21:42:08.173,0.98954,0.98977,2.64,4.50
2011.01.14 21:42:08.502,0.98955,0.98972,1.88,5.25
2011.01.14 21:42:08.721,0.98942,0.98969,1.21,1.88
2011.01.14 21:42:10.452,0.98943,0.98969,1.21,1.88
2011.01.14 21:42:11.043,0.98943,0.98971,1.21,4.13
2011.01.14 21:42:16.873,0.98944,0.98974,1.21,3.00
2011.01.14 21:42:16.984,0.98946,0.98975,1.51,1.88
2011.01.14 21:42:17.324,0.98951,0.98982,1.89,3.38
2011.01.14 21:42:21.112,0.98951,0.98977,1.14,4.50
2011.01.14 21:42:21.779,0.98943,0.98972,1.21,1.50
2011.01.14 21:42:22.323,0.98943,0.98972,1.21,3.38
2011.01.14 21:42:24.444,0.98944,0.98974,1.21,2.63
2011.01.14 21:42:24.551,0.98944,0.98974,1.21,3.38
2011.01.14 21:42:24.663,0.98943,0.98972,1.21,1.50
2011.01.14 21:42:25.342,0.98943,0.98972,1.21,1.50
2011.01.14 21:42:31.616,0.98943,0.98972,1.21,1.50
2011.01.14 21:42:31.962,0.98944,0.98971,1.21,1.50
2011.01.14 21:42:36.238,0.98944,0.98962,1.21,4.50
2011.01.14 21:42:36.358,0.9893,0.98961,2.64,3.00
2011.01.14 21:42:36.474,0.98938,0.98962,1.88,2.25
2011.01.14 21:42:36.593,0.9893,0.98961,1.14,1.50
2011.01.14 21:42:36.703,0.9893,0.98962,1.14,1.50
2011.01.14 21:42:36.922,0.98931,0.98963,1.14,3.38
2011.01.14 21:42:37.552,0.98931,0.98963,1.14,3.38
2011.01.14 21:42:40.783,0.98938,0.98963,4.50,2.63
2011.01.14 21:42:41.113,0.98941,0.98965,1.13,1.50
2011.01.14 21:42:41.445,0.98947,0.98965,4.50,1.50
2011.01.14 21:42:41.563,0.9895,0.98974,1.13,2.63
2011.01.14 21:42:42.221,0.9895,0.9898,1.14,3.38
2011.01.14 21:42:42.844,0.98951,0.98981,1.14,2.63
2011.01.14 21:42:47.832,0.98953,0.98981,1.14,1.88
2011.01.14 21:42:48.162,0.98953,0.98986,1.14,2.63
2011.01.14 21:43:42.751,0.98953,0.98987,1.14,1.88
2011.01.14 21:43:46.613,0.9895,0.98983,1.51,4.50
2011.01.14 21:43:46.832,0.98949,0.9898,2.64,1.50
2011.01.14 21:43:47.382,0.98944,0.9898,3.09,1.50
2011.01.14 21:43:47.992,0.98944,0.9898,1.21,1.50
2011.01.14 21:44:12.324,0.98948,0.9898,2.82,1.50
2011.01.14 21:44:12.653,0.98968,0.99014,4.50,1.50
2011.01.14 21:44:13.304,0.98971,0.99014,1.13,1.50
2011.01.14 21:44:16.224,0.98971,0.98994,1.89,1.13
2011.01.14 21:44:16.673,0.98958,0.98994,2.64,1.88
2011.01.14 21:44:17.573,0.98961,0.98992,1.51,1.50
2011.01.14 21:44:22.230,0.98972,0.99004,1.14,1.50
2011.01.14 21:44:49.071,0.98972,0.99004,1.51,3.38
2011.01.14 21:44:49.622,0.98972,0.99004,1.14,1.50
2011.01.14 21:44:50.892,0.98972,0.99004,1.51,1.50
2011.01.14 21:45:07.685,0.98987,0.99006,4.50,2.63
2011.01.14 21:45:07.803,0.98989,0.99007,3.00,1.88
2011.01.14 21:45:08.133,0.98994,0.99016,1.88,1.50
2011.01.14 21:45:13.992,0.98993,0.99016,1.88,1.50
2011.01.14 21:45:14.105,0.98984,0.99016,1.14,1.88
2011.01.14 21:45:18.352,0.98984,0.99016,1.14,1.13
2011.01.14 21:45:27.734,0.98981,0.99013,2.64,4.50
2011.01.14 21:45:27.952,0.98981,0.99011,2.64,3.00
2011.01.14 21:45:28.752,0.98981,0.99008,1.14,1.88
2011.01.14 21:45:36.642,0.98983,0.99009,1.14,1.88
2011.01.14 21:45:36.973,0.98983,0.99009,1.14,1.88
2011.01.14 21:45:37.303,0.98984,0.99015,1.14,1.88
2011.01.14 21:45:37.847,0.98983,0.99016,1.14,2.10
2011.01.14 21:45:52.192,0.9899,0.99018,1.51,1.88
2011.01.14 21:45:52.302,0.9899,0.99022,1.51,1.65
2011.01.14 21:45:54.651,0.98989,0.99019,2.64,1.13
2011.01.14 21:45:55.093,0.98984,0.99018,1.14,1.35
2011.01.14 21:46:02.291,0.98989,0.99018,1.51,1.35
2011.01.14 21:46:02.842,0.9899,0.99018,1.51,1.35
2011.01.14 21:46:02.952,0.9899,0.9902,1.51,1.35
2011.01.14 21:46:06.186,0.9899,0.99019,2.64,1.35
2011.01.14 21:46:06.304,0.9899,0.99018,1.89,1.35
2011.01.14 21:46:16.563,0.98983,0.99018,3.01,1.35
2011.01.14 21:46:17.224,0.98984,0.99018,1.14,1.35
2011.01.14 21:46:23.823,0.98986,0.99022,1.51,2.85
2011.01.14 21:46:25.337,0.98986,0.99022,1.51,1.73
2011.01.14 21:46:25.460,0.98994,0.99026,1.51,1.50
2011.01.14 21:46:25.576,0.98994,0.99026,1.51,2.00
2011.01.14 21:46:26.382,0.98993,0.9902,1.89,1.35
2011.01.14 21:46:26.933,0.98988,0.9902,2.64,1.35
2011.01.14 21:46:30.373,0.98985,0.99007,2.64,4.50
2011.01.14 21:46:30.594,0.98985,0.99005,1.88,1.50
2011.01.14 21:46:31.037,0.98981,0.99001,1.51,1.88
2011.01.14 21:46:31.622,0.98981,0.99013,1.51,1.50
2011.01.14 21:46:31.748,0.98983,0.99012,1.14,1.88
2011.01.14 21:46:40.382,0.98984,0.99012,1.14,1.88
2011.01.14 21:46:40.603,0.98986,0.99015,1.51,1.50
2011.01.14 21:46:43.894,0.98988,0.99015,4.50,1.50
2011.01.14 21:46:44.586,0.98989,0.99019,1.51,1.54
2011.01.14 21:46:45.142,0.9899,0.99019,2.64,1.88
2011.01.14 21:46:47.934,0.9899,0.99017,1.89,1.13
2011.01.14 21:46:48.373,0.98989,0.99016,1.88,1.13
2011.01.14 21:46:49.133,0.98986,0.99017,3.39,1.88
2011.01.14 21:46:50.193,0.98988,0.99017,4.51,1.88
2011.01.14 21:46:50.412,0.98989,0.99019,1.51,1.50
2011.01.14 21:46:51.412,0.9899,0.99018,1.89,5.25
2011.01.14 21:46:51.744,0.98977,0.99008,1.14,2.63
2011.01.14 21:46:52.660,0.98985,0.99016,1.51,1.50
2011.01.14 21:47:00.852,0.98988,0.99016,4.50,1.50
2011.01.14 21:47:01.073,0.98989,0.99018,1.51,1.35
2011.01.14 21:47:02.687,0.9899,0.99012,1.89,2.25
2011.01.14 21:47:03.023,0.98988,0.99012,1.88,3.75
2011.01.14 21:47:03.293,0.98981,0.99012,1.14,5.63
2011.01.14 21:47:03.513,0.9898,0.99009,1.14,1.50
2011.01.14 21:47:05.064,0.98981,0.99009,1.14,1.88
2011.01.14 21:47:05.393,0.98984,0.99011,1.14,1.88
2011.01.14 21:47:05.613,0.98983,0.99013,1.14,1.88
2011.01.14 21:47:07.489,0.98984,0.99012,1.14,1.88
2011.01.14 21:47:10.364,0.98983,0.99014,1.14,2.63
2011.01.14 21:47:11.191,0.98983,0.99013,1.14,1.88
2011.01.14 21:47:14.578,0.98981,0.99012,1.14,2.63
2011.01.14 21:47:14.912,0.98975,0.99004,4.51,1.50
2011.01.14 21:47:15.473,0.98975,0.99004,2.26,1.50
2011.01.14 21:47:16.287,0.98975,0.99009,2.26,2.63
2011.01.14 21:47:16.405,0.9898,0.99009,1.14,1.88
2011.01.14 21:47:16.524,0.98981,0.99011,1.14,2.63
2011.01.14 21:47:17.053,0.98983,0.99012,1.14,1.88
2011.01.14 21:47:17.623,0.98983,0.99013,1.14,2.63
2011.01.14 21:47:19.183,0.98984,0.99012,1.14,2.25
2011.01.14 21:47:19.297,0.98982,0.99012,1.89,3.00
2011.01.14 21:47:19.413,0.98981,0.99012,3.01,3.00
2011.01.14 21:47:19.932,0.98981,0.99011,1.14,1.88
2011.01.14 21:47:21.839,0.98984,0.99011,1.14,1.88
2011.01.14 21:47:22.403,0.98984,0.99012,1.14,1.88
2011.01.14 21:47:24.694,0.98983,0.99012,1.14,3.38
2011.01.14 21:47:26.505,0.98984,0.99013,1.14,1.14
2011.01.14 21:47:27.063,0.98983,0.99013,1.14,1.14
2011.01.14 21:47:27.775,0.98987,0.99015,1.14,1.14
2011.01.14 21:47:29.823,0.98987,0.99013,3.00,1.14
2011.01.14 21:47:30.446,0.98983,0.99013,1.14,1.14
2011.01.14 21:47:31.122,0.98983,0.99015,1.14,1.50
2011.01.14 21:47:32.243,0.98985,0.99016,1.51,1.13
2011.01.14 21:47:32.353,0.98986,0.99018,1.14,1.73
2011.01.14 21:47:33.783,0.98984,0.99014,2.64,1.50
2011.01.14 21:47:34.741,0.98986,0.99017,1.14,1.73
2011.01.14 21:47:36.183,0.98988,0.99017,4.88,1.73
2011.01.14 21:47:36.512,0.98991,0.99019,1.13,1.73
2011.01.14 21:47:37.447,0.98991,0.99019,1.13,1.73
2011.01.14 21:47:39.714,0.98989,0.99019,2.64,1.73
2011.01.14 21:47:49.367,0.98988,0.99018,2.25,1.73
2011.01.14 21:47:52.519,0.98984,0.99015,3.01,1.50
2011.01.14 21:47:54.453,0.98986,0.99016,1.51,1.35
2011.01.14 21:47:54.564,0.98987,0.99017,1.14,1.73
2011.01.14 21:48:06.560,0.98989,0.99017,1.13,1.73
2011.01.14 21:48:06.784,0.9899,0.9902,1.14,1.73
2011.01.14 21:48:12.144,0.98988,0.99017,1.51,5.48
2011.01.14 21:48:12.252,0.9899,0.99014,1.89,1.13
2011.01.14 21:48:12.367,0.9899,0.99012,1.88,3.75
2011.01.14 21:48:12.593,0.9899,0.99015,1.88,1.50
2011.01.14 21:48:12.703,0.9899,0.99017,1.88,1.73
2011.01.14 21:48:12.813,0.98985,0.99017,1.89,2.10
2011.01.14 21:48:14.685,0.98988,0.99017,6.75,1.73
2011.01.14 21:48:14.902,0.9899,0.99019,1.51,3.23
2011.01.14 21:49:22.482,0.9899,0.9902,1.14,1.73
2011.01.14 21:49:28.923,0.98994,0.9902,1.32,1.73
2011.01.14 21:49:29.253,0.98996,0.9903,1.70,1.45
2011.01.14 21:49:29.583,0.98997,0.9903,1.51,1.45
2011.01.14 21:49:45.753,0.98995,0.99026,8.41,1.47
2011.01.14 21:49:48.774,0.99006,0.99027,1.13,1.54
2011.01.14 21:50:14.725,0.99006,0.9903,1.13,1.43
2011.01.14 21:50:17.188,0.99006,0.9903,1.13,1.43
2011.01.14 21:50:17.943,0.99006,0.99032,1.13,1.50
2011.01.14 21:50:19.075,0.99006,0.99032,1.13,1.50
2011.01.14 21:51:08.312,0.98999,0.99028,2.64,4.50
2011.01.14 21:51:08.423,0.99,0.99025,1.89,1.13
2011.01.14 21:51:08.643,0.99,0.99025,1.89,1.13
2011.01.14 21:51:09.202,0.98989,0.99025,1.14,1.13
2011.01.14 21:51:09.840,0.98988,0.9902,1.14,1.88
2011.01.14 21:51:21.202,0.98988,0.9902,1.14,2.73
2011.01.14 21:51:21.423,0.98988,0.9902,1.14,1.88
2011.01.14 21:51:47.342,0.98988,0.99021,1.14,1.88
2011.01.14 21:52:00.325,0.98988,0.99021,1.14,2.63
2011.01.14 21:52:00.444,0.98986,0.9902,2.64,1.13
2011.01.14 21:52:16.153,0.98984,0.99016,1.14,3.38
2011.01.14 21:52:16.373,0.98982,0.99014,2.64,1.13
2011.01.14 21:52:16.702,0.98981,0.9901,1.14,1.88
2011.01.14 21:52:19.691,0.9898,0.99012,4.59,1.88
2011.01.14 21:52:28.425,0.98981,0.99011,4.66,1.88
2011.01.14 21:53:05.875,0.98981,0.99008,4.66,4.50
2011.01.14 21:53:05.985,0.98981,0.99007,1.51,1.50
2011.01.14 21:53:06.542,0.98974,0.99005,1.89,1.13
2011.01.14 21:53:07.073,0.98974,0.99002,1.89,1.88
2011.01.14 21:53:14.803,0.9897,0.99003,1.21,1.88
2011.01.14 21:53:15.784,0.98973,0.99003,1.14,1.88
2011.01.14 21:53:16.113,0.98974,0.99006,1.14,3.00
2011.01.14 21:53:16.704,0.98974,0.99009,1.14,1.13
2011.01.14 21:53:44.242,0.98973,0.99007,1.14,2.25
2011.01.14 21:53:58.043,0.98973,0.99007,1.14,2.25
2011.01.14 21:54:38.414,0.98983,0.99008,4.50,1.13
2011.01.14 21:54:38.745,0.98985,0.99013,1.51,1.88
2011.01.14 21:54:38.853,0.98986,0.9903,2.64,1.50
2011.01.14 21:54:39.578,0.98999,0.99032,1.14,1.88
2011.01.14 21:54:40.703,0.99004,0.99033,1.14,1.88
2011.01.14 21:54:50.671,0.99004,0.99039,1.14,1.13
2011.01.14 21:54:54.132,0.99004,0.99039,1.14,1.20
2011.01.14 21:55:07.469,0.99003,0.99039,1.14,1.28
2011.01.14 21:55:12.193,0.99003,0.99037,1.14,1.28
2011.01.14 21:55:12.302,0.99003,0.99036,1.14,1.50
2011.01.14 21:55:21.263,0.99006,0.99036,1.14,1.50
2011.01.14 21:55:21.812,0.99006,0.99036,1.14,1.50
2011.01.14 21:55:24.715,0.99,0.99036,2.64,1.50
2011.01.14 21:55:24.823,0.99003,0.99037,2.64,1.50
2011.01.14 21:55:25.373,0.99003,0.99037,2.64,1.50
2011.01.14 21:55:40.823,0.99012,0.99042,2.64,1.50
2011.01.14 21:55:41.722,0.99012,0.99042,2.64,1.50
2011.01.14 21:55:53.342,0.99012,0.99042,2.64,1.50
2011.01.14 21:56:23.372,0.99038,0.99042,3.75,1.50
2011.01.14 21:56:24.011,0.99039,0.99078,1.51,1.50
2011.01.14 21:56:45.014,0.99039,0.99068,2.64,1.50
2011.01.14 21:56:45.124,0.99047,0.99078,1.14,1.50
2011.01.14 21:56:45.343,0.99049,0.99082,1.14,1.50
2011.01.14 21:56:45.453,0.9905,0.99082,1.51,1.50
2011.01.14 21:56:46.155,0.9905,0.99082,2.64,1.50
2011.01.14 21:56:46.829,0.9905,0.99082,1.51,1.50
2011.01.14 21:56:50.892,0.9905,0.99082,2.64,1.50
2011.01.14 21:56:55.273,0.99049,0.99081,1.14,1.13
2011.01.14 21:56:55.903,0.9905,0.99082,2.64,1.50
2011.01.14 21:56:56.013,0.99053,0.99084,2.64,1.50
2011.01.14 21:56:58.952,0.99053,0.99084,2.64,1.50
2011.01.14 21:57:01.633,0.99072,0.99084,4.50,1.50
2011.01.14 21:57:01.741,0.99075,0.99124,1.13,1.88
2011.01.14 21:57:01.855,0.99075,0.9912,1.13,1.50
2011.01.14 21:57:02.402,0.99076,0.9912,1.14,1.50
2011.01.14 21:57:14.012,0.99081,0.9911,1.13,1.50
2011.01.14 21:57:14.342,0.99088,0.99118,5.25,1.13
2011.01.14 21:57:14.673,0.99093,0.99122,1.13,2.63
2011.01.14 21:57:15.188,0.99093,0.99122,1.13,2.63
2011.01.14 21:57:24.863,0.99095,0.99124,1.50,1.50
2011.01.14 21:57:24.974,0.99096,0.99124,1.13,1.50
2011.01.14 21:57:25.083,0.99101,0.99126,1.50,1.88
2011.01.14 21:57:25.524,0.99103,0.99132,1.13,1.88
2011.01.14 21:57:25.742,0.99104,0.99136,1.13,1.13
2011.01.14 21:57:26.072,0.99104,0.99137,1.13,1.13
2011.01.14 21:57:26.803,0.99108,0.9914,1.13,1.50
2011.01.14 21:57:29.263,0.99104,0.99137,1.13,1.13
2011.01.14 21:57:29.593,0.99104,0.99136,1.13,1.13
2011.01.14 21:57:42.483,0.99101,0.99136,1.13,1.13
2011.01.14 21:57:42.592,0.99101,0.99139,1.13,1.13
2011.01.14 21:57:48.558,0.99062,0.99117,1.54,4.50
2011.01.14 21:57:48.676,0.99067,0.99114,1.88,1.13
2011.01.14 21:57:48.903,0.99068,0.99114,1.88,1.13
2011.01.14 21:57:49.653,0.99068,0.99114,6.38,1.50
2011.01.14 21:57:49.763,0.99075,0.99105,1.13,1.88
2011.01.14 21:57:49.874,0.9907,0.9911,1.50,1.13
2011.01.14 21:57:50.092,0.99073,0.9911,2.25,1.13
2011.01.14 21:57:50.533,0.99061,0.9911,3.00,1.88
2011.01.14 21:57:50.752,0.99061,0.99112,3.00,1.88
2011.01.14 21:57:50.972,0.99061,0.99135,3.00,1.50
2011.01.14 21:57:51.524,0.99056,0.99134,2.63,1.50
2011.01.14 21:57:53.524,0.99046,0.99132,1.50,1.50
2011.01.14 21:57:55.823,0.99039,0.99131,1.50,1.50
2011.01.14 21:57:57.783,0.99044,0.99126,1.50,1.50
2011.01.14 21:58:02.282,0.99061,0.99142,3.00,1.50
2011.01.14 21:58:03.824,0.99048,0.99121,1.50,1.50
2011.01.14 21:58:04.432,0.99043,0.9912,1.50,1.50
2011.01.14 21:58:08.162,0.9906,0.99121,3.00,1.50
2011.01.14 21:58:08.273,0.9906,0.99136,3.00,1.50
2011.01.14 21:58:12.397,0.99058,0.99117,3.00,2.25
2011.01.14 21:58:12.514,0.99053,0.99117,6.45,3.00
2011.01.14 21:58:12.953,0.99048,0.99117,6.45,2.25
2011.01.14 21:58:13.063,0.99055,0.9912,3.00,1.88
2011.01.14 21:58:13.174,0.99055,0.99113,3.00,1.88
2011.01.14 21:58:13.392,0.99055,0.99141,3.00,1.50
2011.01.14 21:58:16.703,0.9906,0.99129,3.00,3.00
2011.01.14 21:58:20.444,0.99067,0.99106,1.88,3.00
2011.01.14 21:58:21.065,0.99058,0.99106,1.58,3.00
2011.01.14 21:58:21.765,0.99049,0.99101,3.00,3.00
2011.01.14 21:58:22.313,0.99066,0.99113,3.00,1.88
2011.01.14 21:58:27.042,0.99066,0.99109,3.00,1.88
2011.01.14 21:58:30.401,0.99066,0.99109,3.00,1.88
2011.01.14 21:58:30.842,0.99066,0.99119,3.00,1.28
2011.01.14 21:58:33.923,0.99078,0.9912,1.13,2.89
2011.01.14 21:58:34.252,0.9908,0.99113,1.13,1.88
2011.01.14 21:58:34.362,0.9908,0.9912,1.13,1.13
2011.01.14 21:58:34.583,0.99066,0.99122,3.00,2.25
2011.01.14 21:58:35.135,0.99066,0.99132,3.00,2.70
2011.01.14 21:58:47.313,0.9906,0.99127,1.13,3.00
2011.01.14 21:58:47.532,0.9906,0.99137,3.75,2.70
2011.01.14 21:59:03.012,0.99056,0.99132,2.89,2.70
2011.01.14 21:59:04.652,0.99056,0.99132,6.45,1.50
2011.01.14 21:59:05.773,0.99066,0.99132,1.28,1.13
2011.01.14 21:59:05.991,0.99046,0.99144,1.58,1.50
2011.01.14 21:59:06.212,0.99049,0.99141,1.13,1.50
2011.01.14 21:59:06.916,0.99049,0.99141,1.13,1.50
2011.01.14 21:59:07.472,0.9906,0.99141,1.28,1.50
2011.01.14 21:59:07.911,0.99065,0.99142,1.50,1.50
2011.01.14 21:59:08.131,0.9906,0.99146,1.50,1.50
2011.01.14 21:59:23.161,0.99063,0.99135,3.15,1.50
2011.01.14 21:59:28.781,0.9906,0.99122,1.02,1.50
2011.01.14 21:59:29.220,0.99063,0.9913,1.28,1.50
2011.01.14 21:59:29.551,0.99042,0.99123,1.50,1.50
2011.01.14 21:59:32.252,0.99047,0.99136,1.50,1.50
2011.01.14 21:59:43.753,0.99065,0.99131,1.02,1.50
2011.01.14 21:59:44.301,0.99069,0.99127,1.28,1.50
2011.01.14 21:59:45.722,0.99061,0.99133,2.03,2.63
2011.01.14 21:59:45.939,0.99061,0.99133,2.03,2.63
2011.01.14 21:59:46.052,0.99061,0.99133,2.03,1.88
2011.01.14 21:59:46.161,0.99062,0.99137,2.03,2.63
2011.01.14 21:59:46.601,0.99061,0.9914,2.03,2.63
2011.01.14 21:59:46.710,0.99061,0.9914,2.03,1.88
2011.01.14 21:59:48.313,0.99068,0.9914,2.03,1.88
2011.01.14 21:59:49.191,0.99068,0.9914,1.88,1.88
2011.01.14 21:59:49.300,0.99068,0.99144,1.88,1.88
2011.01.14 21:59:49.740,0.99111,0.9916,1.88,1.88
2011.01.14 21:59:49.990,0.99134,0.99152,1.88,1.02
2011.01.14 21:59:50.768,0.99125,0.99144,1.88,1.02
2011.01.14 21:59:52.350,0.99125,0.99148,1.95,1.13
2011.01.14 21:59:52.681,0.99073,0.99146,1.13,2.25
2011.01.14 21:59:53.263,0.99107,0.99132,1.88,1.88
2011.01.14 21:59:53.406,0.99128,0.99145,4.13,1.02
2011.01.14 21:59:53.630,0.9905,0.99179,4.13,2.25
2011.01.14 21:59:54.097,0.99051,0.99165,2.03,1.88
2011.01.14 21:59:54.571,0.9906,0.9914,1.88,1.88
2011.01.14 21:59:55.091,0.99061,0.9914,1.95,1.88
2011.01.14 21:59:55.419,0.99047,0.99138,1.88,1.88
2011.01.14 21:59:55.775,0.99034,0.99145,1.88,1.88
2011.01.14 21:59:58.449,0.99026,0.99145,1.02,1.88
2011.01.14 21:59:58.669,0.99038,0.99145,1.88,1.88
2011.01.14 21:59:59.078,0.99041,0.99146,1.88,1.88
2011.01.14 21:59:59.409,0.99047,0.9914,1.88,1.88
2011.01.14 21:59:59.519,0.99043,0.9914,1.88,1.88
2011.01.14 21:59:59.738,0.99041,0.99138,1.88,1.88
2011.01.14 21:59:59.865,0.99034,0.99145,1.88,1.88
