2012.01.17 09:00:00.386,1.0121,1.01222,2.70,1.50
2012.01.17 09:00:00.889,1.01208,1.0122,1.50,1.50
2012.01.17 09:00:01.187,1.01207,1.01223,2.25,2.63
2012.01.17 09:00:01.616,1.01207,1.01223,3.00,1.50
2012.01.17 09:00:01.699,1.01215,1.01225,3.45,1.50
2012.01.17 09:00:02.126,1.01215,1.01224,3.30,1.50
2012.01.17 09:00:02.684,1.01215,1.01225,4.80,1.50
2012.01.17 09:00:03.156,1.01217,1.01228,1.50,1.05
2012.01.17 09:00:03.720,1.01215,1.0123,4.80,1.80
2012.01.17 09:00:03.800,1.01215,1.0123,3.30,1.50
2012.01.17 09:00:04.365,1.01215,1.0123,3.30,1.50
2012.01.17 09:00:04.937,1.01215,1.0123,3.30,1.50
2012.01.17 09:00:05.508,1.01215,1.0123,4.05,1.50
2012.01.17 09:00:07.157,1.01217,1.01231,1.50,1.50
2012.01.17 09:00:07.515,1.01215,1.01229,6.30,1.50
2012.01.17 09:00:08.727,1.01217,1.01231,2.25,1.50
2012.01.17 09:00:09.794,1.01217,1.01231,2.25,1.50
2012.01.17 09:00:10.412,1.01217,1.01231,2.25,1.50
2012.01.17 09:00:10.945,1.01217,1.01231,2.25,1.50
2012.01.17 09:00:11.233,1.01215,1.01229,4.80,1.50
2012.01.17 09:00:11.574,1.01215,1.01229,4.80,1.50
2012.01.17 09:00:12.134,1.01215,1.01229,4.80,1.50
2012.01.17 09:00:12.573,1.01216,1.01229,1.50,1.50
2012.01.17 09:00:13.242,1.01215,1.01229,4.80,1.50
2012.01.17 09:00:13.817,1.01215,1.01229,4.80,1.50
2012.01.17 09:00:14.332,1.01215,1.01229,4.80,1.50
2012.01.17 09:00:14.827,1.01213,1.01227,2.25,1.88
2012.01.17 09:00:15.116,1.01213,1.01227,1.50,2.63
2012.01.17 09:00:15.587,1.0121,1.01224,1.95,2.25
2012.01.17 09:00:16.149,1.01211,1.01225,1.50,2.25
2012.01.17 09:00:16.229,1.01213,1.01227,1.50,1.88
2012.01.17 09:00:16.313,1.01213,1.01227,1.50,1.13
2012.01.17 09:00:16.392,1.01213,1.01229,2.25,3.57
2012.01.17 09:00:16.466,1.01213,1.01229,2.25,3.19
2012.01.17 09:00:17.049,1.01215,1.01229,3.08,1.50
2012.01.17 09:00:17.215,1.01217,1.01233,2.25,2.63
2012.01.17 09:00:17.356,1.01217,1.01233,2.25,2.63
2012.01.17 09:00:18.863,1.01217,1.01233,2.25,1.88
2012.01.17 09:00:19.412,1.01217,1.01233,2.25,1.50
2012.01.17 09:00:21.197,1.01218,1.01233,1.50,1.50
2012.01.17 09:00:21.757,1.01219,1.01233,1.95,2.25
2012.01.17 09:00:22.261,1.01218,1.01232,4.50,1.50
2012.01.17 09:00:22.598,1.0122,1.01234,1.50,3.60
2012.01.17 09:00:23.094,1.0122,1.01234,1.50,3.60
2012.01.17 09:00:23.374,1.01216,1.01232,3.00,1.50
2012.01.17 09:00:23.859,1.01216,1.01231,2.25,4.50
2012.01.17 09:00:24.219,1.01213,1.01224,3.75,1.50
2012.01.17 09:00:24.315,1.01214,1.0123,5.14,1.88
2012.01.17 09:00:24.457,1.01217,1.01231,2.25,1.50
2012.01.17 09:00:24.677,1.01217,1.01231,1.50,1.50
2012.01.17 09:00:25.234,1.01216,1.01232,2.25,1.50
2012.01.17 09:00:26.205,1.01216,1.01232,2.44,1.50
2012.01.17 09:00:26.277,1.01216,1.01232,2.44,1.50
2012.01.17 09:00:26.634,1.01216,1.01232,2.44,1.50
2012.01.17 09:00:27.562,1.01216,1.01232,2.44,1.50
2012.01.17 09:00:28.075,1.01216,1.01232,2.44,1.50
2012.01.17 09:00:29.104,1.01216,1.01232,2.44,1.50
2012.01.17 09:00:29.642,1.01216,1.01232,2.44,1.50
2012.01.17 09:00:30.301,1.01216,1.01232,2.44,1.50
2012.01.17 09:00:30.595,1.01214,1.0123,2.25,3.45
2012.01.17 09:00:30.725,1.01214,1.0123,2.25,3.45
2012.01.17 09:00:31.312,1.01214,1.0123,2.25,3.45
2012.01.17 09:00:31.873,1.01214,1.0123,2.25,3.45
2012.01.17 09:00:31.942,1.01214,1.0123,2.25,3.45
2012.01.17 09:00:32.476,1.01214,1.0123,2.25,3.45
2012.01.17 09:00:33.092,1.01214,1.0123,2.25,3.45
2012.01.17 09:00:33.731,1.01214,1.0123,2.25,3.45
2012.01.17 09:00:34.292,1.01214,1.0123,2.25,3.45
2012.01.17 09:00:34.795,1.01214,1.0123,2.25,3.45
2012.01.17 09:00:34.923,1.01214,1.0123,2.25,3.45
2012.01.17 09:00:35.251,1.01214,1.0123,2.25,3.45
2012.01.17 09:00:36.101,1.01214,1.0123,2.25,3.45
2012.01.17 09:00:37.360,1.01214,1.0123,2.25,3.45
2012.01.17 09:00:38.191,1.01214,1.0123,3.00,3.45
2012.01.17 09:00:38.824,1.01214,1.0123,2.25,3.45
2012.01.17 09:00:39.169,1.01214,1.0123,3.00,3.45
2012.01.17 09:00:39.311,1.01214,1.0123,3.00,3.45
2012.01.17 09:00:39.382,1.01214,1.0123,3.00,3.45
2012.01.17 09:00:39.513,1.01214,1.0123,3.00,3.45
2012.01.17 09:00:40.264,1.01214,1.0123,2.25,3.45
2012.01.17 09:00:40.822,1.01214,1.0123,2.25,3.45
2012.01.17 09:00:42.182,1.01214,1.0123,3.00,3.45
2012.01.17 09:00:42.761,1.01214,1.0123,2.25,3.45
2012.01.17 09:00:43.289,1.01214,1.0123,3.00,3.45
2012.01.17 09:00:45.145,1.01214,1.0123,2.25,3.45
2012.01.17 09:00:45.731,1.01216,1.0123,1.50,3.45
2012.01.17 09:00:46.002,1.01218,1.01232,1.50,1.50
2012.01.17 09:00:46.195,1.01217,1.01232,1.50,1.50
2012.01.17 09:00:54.618,1.01218,1.01234,2.25,2.25
2012.01.17 09:00:54.756,1.01222,1.01236,1.50,5.89
2012.01.17 09:00:55.387,1.01224,1.01237,3.00,1.43
2012.01.17 09:00:56.683,1.01224,1.01238,1.50,1.43
2012.01.17 09:00:57.807,1.01224,1.01238,1.50,1.43
2012.01.17 09:00:59.431,1.01225,1.01238,1.50,1.73
2012.01.17 09:00:59.986,1.01224,1.01237,1.50,3.00
2012.01.17 09:01:00.478,1.01224,1.01235,1.50,2.63
2012.01.17 09:01:00.990,1.01222,1.01228,1.50,3.38
2012.01.17 09:01:01.345,1.01223,1.01228,1.50,1.50
2012.01.17 09:01:01.547,1.01215,1.01228,3.00,1.35
2012.01.17 09:01:01.763,1.0122,1.0123,1.50,1.27
2012.01.17 09:01:02.286,1.01225,1.01232,1.50,1.66
2012.01.17 09:01:02.493,1.0122,1.01232,1.50,2.41
2012.01.17 09:01:03.005,1.01219,1.01229,1.50,1.20
2012.01.17 09:01:03.076,1.01218,1.01229,1.50,1.13
2012.01.17 09:01:03.866,1.01218,1.01229,1.50,1.50
2012.01.17 09:01:04.610,1.01218,1.01229,1.50,1.13
2012.01.17 09:01:06.144,1.01219,1.01232,1.95,2.25
2012.01.17 09:01:06.355,1.01225,1.01234,1.50,1.50
2012.01.17 09:01:06.563,1.0122,1.01233,1.50,1.50
2012.01.17 09:01:06.924,1.0122,1.01233,3.45,1.50
2012.01.17 09:01:07.707,1.01225,1.01235,1.50,3.00
2012.01.17 09:01:08.404,1.01225,1.01235,1.50,3.00
2012.01.17 09:01:09.229,1.01225,1.01235,1.50,2.25
2012.01.17 09:01:09.766,1.01225,1.01235,1.50,3.00
2012.01.17 09:01:10.338,1.01224,1.01236,1.50,1.50
2012.01.17 09:01:11.697,1.01224,1.01236,1.50,3.30
2012.01.17 09:01:12.794,1.01224,1.01238,2.70,3.31
2012.01.17 09:01:12.936,1.01226,1.01239,2.25,2.25
2012.01.17 09:01:13.005,1.01227,1.01242,2.25,1.13
2012.01.17 09:01:13.076,1.01227,1.01243,2.25,3.38
2012.01.17 09:01:13.637,1.01227,1.01243,2.25,2.63
2012.01.17 09:01:14.202,1.01229,1.01243,3.45,2.25
2012.01.17 09:01:14.409,1.01231,1.01243,1.95,2.25
2012.01.17 09:01:14.629,1.01235,1.01248,1.50,1.05
2012.01.17 09:01:14.854,1.01237,1.0125,1.50,1.80
2012.01.17 09:01:15.211,1.01237,1.01253,2.25,2.63
2012.01.17 09:01:15.283,1.0124,1.01254,1.50,6.38
2012.01.17 09:01:15.852,1.01238,1.01252,1.50,2.25
2012.01.17 09:01:20.397,1.01238,1.01252,4.73,2.25
2012.01.17 09:01:20.966,1.01241,1.01254,1.50,1.88
2012.01.17 09:01:21.559,1.0124,1.01254,2.55,1.50
2012.01.17 09:01:25.145,1.0124,1.01253,2.55,1.50
2012.01.17 09:01:39.871,1.01241,1.01254,1.95,1.13
2012.01.17 09:01:40.074,1.01246,1.01257,1.50,1.28
2012.01.17 09:01:40.825,1.01247,1.01258,1.50,1.28
2012.01.17 09:01:41.388,1.01247,1.01259,1.50,1.73
2012.01.17 09:01:41.954,1.01246,1.01259,2.10,1.73
2012.01.17 09:01:42.461,1.01247,1.01259,1.50,1.43
2012.01.17 09:01:43.014,1.01246,1.01259,1.50,1.35
2012.01.17 09:01:43.202,1.01248,1.0126,1.50,2.47
2012.01.17 09:01:43.991,1.01248,1.0126,1.50,2.99
2012.01.17 09:01:44.538,1.01248,1.0126,1.50,2.10
2012.01.17 09:01:45.290,1.01248,1.0126,1.50,2.47
2012.01.17 09:01:46.492,1.01248,1.0126,1.50,1.72
2012.01.17 09:01:48.536,1.01248,1.0126,1.50,1.12
2012.01.17 09:01:49.027,1.01246,1.0126,1.50,1.72
2012.01.17 09:01:49.573,1.01246,1.01258,2.25,1.05
2012.01.17 09:01:50.385,1.01246,1.01258,2.25,1.05
2012.01.17 09:01:51.189,1.01246,1.01258,2.25,1.05
2012.01.17 09:01:51.746,1.01246,1.0126,1.50,1.50
2012.01.17 09:01:51.886,1.01244,1.01259,2.25,1.43
2012.01.17 09:01:52.443,1.01243,1.01257,1.50,2.63
2012.01.17 09:01:52.752,1.01241,1.01254,2.10,1.13
2012.01.17 09:01:53.164,1.01239,1.01253,4.20,2.25
2012.01.17 09:01:53.714,1.0124,1.01254,1.50,1.50
2012.01.17 09:01:54.366,1.0124,1.01255,6.75,1.88
2012.01.17 09:01:54.574,1.01244,1.01257,2.25,1.50
2012.01.17 09:01:55.072,1.01243,1.01257,2.25,2.25
2012.01.17 09:01:55.157,1.01244,1.0126,2.25,3.45
2012.01.17 09:01:55.362,1.01248,1.0126,2.10,1.95
2012.01.17 09:01:55.433,1.01249,1.01263,4.05,5.25
2012.01.17 09:01:55.503,1.01251,1.01264,1.50,1.50
2012.01.17 09:01:56.216,1.0125,1.01264,1.95,1.50
2012.01.17 09:01:59.003,1.01251,1.01265,1.50,1.50
2012.01.17 09:02:02.512,1.01251,1.01265,1.50,2.25
2012.01.17 09:02:05.013,1.01251,1.01264,1.50,1.35
2012.01.17 09:02:05.095,1.01247,1.01261,2.25,1.50
2012.01.17 09:02:05.635,1.01247,1.01261,2.25,1.88
2012.01.17 09:02:05.711,1.01245,1.0126,4.95,2.25
2012.01.17 09:02:05.799,1.01244,1.01258,2.29,1.13
2012.01.17 09:02:06.019,1.01242,1.01257,6.38,1.88
2012.01.17 09:02:06.577,1.01242,1.01254,1.50,1.50
2012.01.17 09:02:06.668,1.01244,1.01257,1.50,1.50
2012.01.17 09:02:09.324,1.01245,1.01258,1.95,1.50
2012.01.17 09:02:09.467,1.01246,1.01259,1.50,1.88
2012.01.17 09:02:09.901,1.01248,1.01262,1.13,1.50
2012.01.17 09:02:10.404,1.01247,1.01261,2.63,1.50
2012.01.17 09:02:12.431,1.01248,1.01261,1.13,2.25
2012.01.17 09:02:13.195,1.01247,1.01261,2.63,2.25
2012.01.17 09:02:13.555,1.01247,1.01261,1.50,3.00
2012.01.17 09:02:13.621,1.01247,1.01261,1.50,3.00
2012.01.17 09:02:13.749,1.01247,1.01261,1.50,3.00
2012.01.17 09:02:13.881,1.01247,1.01261,1.50,3.00
2012.01.17 09:02:14.015,1.01247,1.01261,1.50,3.00
2012.01.17 09:02:19.021,1.01244,1.0126,2.82,4.20
2012.01.17 09:02:19.094,1.01244,1.0126,4.32,3.45
2012.01.17 09:02:19.234,1.01247,1.0126,1.50,2.70
2012.01.17 09:02:19.801,1.01247,1.01261,2.63,2.25
2012.01.17 09:02:20.321,1.01247,1.01261,2.63,2.25
2012.01.17 09:02:21.504,1.01247,1.01261,1.88,2.25
2012.01.17 09:02:21.578,1.01247,1.01261,1.88,2.25
2012.01.17 09:02:22.123,1.01247,1.01261,1.88,2.25
2012.01.17 09:02:22.966,1.01247,1.01261,3.38,1.50
2012.01.17 09:02:26.005,1.01247,1.01261,2.63,1.50
2012.01.17 09:02:27.243,1.01247,1.01261,2.63,1.50
2012.01.17 09:02:27.732,1.0125,1.01263,3.98,1.50
2012.01.17 09:02:27.847,1.01255,1.01268,2.85,1.05
2012.01.17 09:02:28.406,1.01257,1.01267,2.25,1.05
2012.01.17 09:02:29.329,1.01259,1.01268,1.50,1.05
2012.01.17 09:02:29.685,1.01259,1.01271,2.25,1.50
2012.01.17 09:02:29.755,1.01265,1.01273,1.50,3.00
2012.01.17 09:02:29.828,1.01265,1.01276,1.50,3.00
2012.01.17 09:02:30.242,1.01265,1.01274,1.50,1.50
2012.01.17 09:02:30.596,1.01257,1.01271,1.50,3.45
2012.01.17 09:02:31.403,1.01257,1.01271,1.50,4.20
2012.01.17 09:02:32.604,1.01257,1.01271,1.50,4.20
2012.01.17 09:02:32.882,1.0126,1.01272,1.50,1.35
2012.01.17 09:02:33.424,1.0126,1.01272,2.25,1.35
2012.01.17 09:02:33.981,1.0126,1.01272,2.25,1.35
2012.01.17 09:02:35.943,1.0126,1.01272,1.50,1.35
2012.01.17 09:02:36.082,1.01259,1.01272,3.00,1.35
2012.01.17 09:02:36.284,1.01259,1.01271,3.00,1.50
2012.01.17 09:02:36.850,1.0126,1.01272,1.50,2.10
2012.01.17 09:02:37.372,1.01259,1.01272,3.00,1.35
2012.01.17 09:02:37.912,1.0126,1.01272,1.50,1.35
2012.01.17 09:02:38.494,1.0126,1.01272,1.50,1.35
2012.01.17 09:02:39.025,1.0126,1.01272,1.50,1.35
2012.01.17 09:02:39.352,1.01259,1.01272,3.00,1.13
2012.01.17 09:02:39.905,1.01259,1.01271,3.00,1.50
2012.01.17 09:02:40.266,1.01259,1.01271,3.00,1.50
2012.01.17 09:02:40.548,1.01254,1.01268,2.25,1.69
2012.01.17 09:02:41.107,1.01254,1.01267,1.50,1.50
2012.01.17 09:02:41.632,1.01252,1.01267,1.50,1.50
2012.01.17 09:02:41.931,1.01255,1.01267,1.50,1.50
2012.01.17 09:02:42.012,1.01252,1.01267,1.50,1.50
2012.01.17 09:02:43.011,1.01252,1.01267,1.50,1.50
2012.01.17 09:02:44.988,1.01251,1.01265,1.50,3.00
2012.01.17 09:02:45.512,1.01251,1.01265,1.50,3.00
2012.01.17 09:02:48.476,1.01252,1.01266,1.50,1.50
2012.01.17 09:02:49.312,1.01252,1.01268,1.50,3.79
2012.01.17 09:02:49.452,1.01252,1.01268,1.50,3.79
2012.01.17 09:02:49.962,1.01252,1.01267,1.50,1.50
2012.01.17 09:02:51.876,1.01251,1.01265,1.50,2.25
2012.01.17 09:02:52.475,1.01251,1.01265,1.50,2.25
2012.01.17 09:02:53.641,1.01251,1.01265,1.50,2.25
2012.01.17 09:02:54.987,1.01251,1.01265,1.50,2.25
2012.01.17 09:02:55.799,1.01251,1.01265,1.50,2.25
2012.01.17 09:02:57.459,1.01251,1.01265,1.50,2.25
2012.01.17 09:03:01.171,1.01251,1.01265,1.50,2.25
2012.01.17 09:03:04.345,1.01251,1.01261,1.50,1.13
2012.01.17 09:03:04.422,1.01249,1.01258,1.50,1.88
2012.01.17 09:03:04.570,1.01249,1.01256,1.50,1.88
2012.01.17 09:03:04.885,1.01244,1.01254,1.50,1.50
2012.01.17 09:03:05.393,1.0124,1.01255,2.25,1.13
2012.01.17 09:03:05.555,1.01243,1.01254,1.50,1.50
2012.01.17 09:03:05.765,1.0124,1.01254,3.45,3.38
2012.01.17 09:03:06.697,1.01243,1.01254,3.00,4.13
2012.01.17 09:03:06.847,1.01245,1.01257,1.50,1.50
2012.01.17 09:03:06.926,1.01245,1.01255,1.50,3.45
2012.01.17 09:03:07.297,1.01238,1.01252,1.50,3.00
2012.01.17 09:03:07.555,1.0124,1.01254,1.50,1.13
2012.01.17 09:03:08.106,1.01239,1.01253,3.45,3.00
2012.01.17 09:03:09.247,1.01241,1.01253,1.50,1.50
2012.01.17 09:03:12.285,1.01241,1.01252,1.50,1.50
2012.01.17 09:03:13.454,1.01239,1.01252,1.95,1.50
2012.01.17 09:03:14.258,1.01245,1.01253,1.50,1.50
2012.01.17 09:03:14.345,1.01245,1.01257,1.50,1.05
2012.01.17 09:03:14.633,1.01246,1.0126,1.50,1.73
2012.01.17 09:03:14.776,1.01251,1.0126,1.50,1.73
2012.01.17 09:03:14.850,1.01253,1.0126,1.50,1.43
2012.01.17 09:03:15.598,1.01251,1.01265,1.50,2.25
2012.01.17 09:03:16.244,1.01251,1.01265,1.50,3.00
2012.01.17 09:03:16.386,1.01253,1.01265,2.10,3.00
2012.01.17 09:03:16.738,1.01255,1.01268,3.30,2.44
2012.01.17 09:03:17.306,1.01259,1.01268,1.50,1.69
2012.01.17 09:03:17.391,1.0126,1.01271,1.50,2.44
2012.01.17 09:03:17.954,1.01259,1.01271,1.50,2.44
2012.01.17 09:03:18.502,1.01259,1.01271,1.50,2.44
2012.01.17 09:03:19.369,1.01259,1.01271,1.50,1.50
2012.01.17 09:03:20.397,1.0126,1.01271,1.50,1.50
2012.01.17 09:03:20.977,1.01259,1.01271,1.50,1.50
2012.01.17 09:03:21.511,1.0126,1.01271,1.50,1.50
2012.01.17 09:03:22.125,1.0126,1.01274,1.50,3.00
2012.01.17 09:03:22.758,1.01259,1.01274,1.50,3.00
2012.01.17 09:03:23.044,1.0126,1.01274,1.50,3.00
2012.01.17 09:03:23.247,1.0126,1.01274,1.50,3.00
2012.01.17 09:03:23.875,1.01259,1.01274,1.50,3.00
2012.01.17 09:03:24.486,1.0126,1.01273,1.50,1.50
2012.01.17 09:03:25.024,1.0126,1.01274,1.50,3.75
2012.01.17 09:03:25.566,1.01259,1.01269,1.50,1.50
2012.01.17 09:03:26.290,1.01259,1.01272,1.50,2.25
2012.01.17 09:03:26.824,1.01259,1.01272,1.50,2.25
2012.01.17 09:03:27.172,1.01259,1.01272,1.50,2.25
2012.01.17 09:03:27.694,1.0126,1.01272,1.50,2.25
2012.01.17 09:03:28.221,1.0126,1.01272,1.50,2.25
2012.01.17 09:03:28.668,1.01259,1.01272,1.50,2.25
2012.01.17 09:03:28.812,1.01259,1.01272,1.50,2.25
2012.01.17 09:03:29.087,1.01259,1.01273,3.00,2.25
2012.01.17 09:03:29.375,1.0126,1.01273,1.50,2.25
2012.01.17 09:03:29.934,1.0126,1.01273,1.50,2.25
2012.01.17 09:03:30.402,1.01259,1.01273,3.00,2.25
2012.01.17 09:03:30.552,1.01261,1.01273,1.50,2.25
2012.01.17 09:03:30.907,1.01265,1.01275,1.50,1.50
2012.01.17 09:03:31.453,1.01265,1.01277,1.50,3.00
2012.01.17 09:03:32.245,1.01264,1.01277,1.50,3.00
2012.01.17 09:03:32.814,1.01265,1.01277,1.50,3.00
2012.01.17 09:03:33.322,1.01265,1.01275,1.50,2.25
2012.01.17 09:03:34.013,1.01265,1.01275,1.50,1.50
2012.01.17 09:03:34.885,1.01265,1.01275,1.50,1.50
2012.01.17 09:03:35.396,1.01265,1.01275,1.50,1.50
2012.01.17 09:03:35.924,1.01265,1.01275,1.50,1.50
2012.01.17 09:03:36.483,1.01265,1.01275,1.50,3.00
2012.01.17 09:03:39.201,1.01264,1.01275,1.50,3.00
2012.01.17 09:03:40.520,1.01265,1.01275,1.50,3.00
2012.01.17 09:03:42.625,1.01266,1.01277,2.25,2.70
2012.01.17 09:03:42.909,1.0126,1.01274,3.00,1.50
2012.01.17 09:03:43.267,1.0126,1.01272,1.50,1.50
2012.01.17 09:03:43.721,1.0126,1.01272,1.50,3.00
2012.01.17 09:03:44.557,1.0126,1.01273,2.25,2.25
2012.01.17 09:03:44.627,1.0126,1.01273,1.50,1.50
2012.01.17 09:03:44.698,1.01262,1.01276,2.25,3.00
2012.01.17 09:03:44.782,1.01262,1.01276,2.25,3.00
2012.01.17 09:03:45.137,1.01265,1.01276,1.50,1.50
2012.01.17 09:03:45.658,1.01264,1.01275,1.50,2.25
2012.01.17 09:03:48.715,1.01265,1.01274,1.50,2.10
2012.01.17 09:03:48.795,1.0126,1.01274,1.50,3.60
2012.01.17 09:03:50.014,1.01259,1.01274,1.50,3.00
2012.01.17 09:03:50.933,1.01263,1.01275,1.50,3.00
2012.01.17 09:03:51.003,1.01263,1.01275,1.50,3.00
2012.01.17 09:03:51.216,1.01264,1.01278,3.38,3.38
2012.01.17 09:03:51.569,1.0127,1.01281,1.50,1.73
2012.01.17 09:03:51.999,1.01268,1.01281,2.25,1.73
2012.01.17 09:03:52.222,1.01269,1.01278,1.50,1.05
2012.01.17 09:03:52.773,1.0127,1.01284,1.95,2.25
2012.01.17 09:03:52.921,1.01271,1.01287,2.25,4.13
2012.01.17 09:03:53.137,1.01271,1.01287,2.25,4.13
2012.01.17 09:03:53.652,1.0127,1.01285,2.70,2.25
2012.01.17 09:03:54.398,1.0127,1.01285,3.45,2.25
2012.01.17 09:03:54.489,1.0127,1.01281,1.50,1.13
2012.01.17 09:03:54.851,1.0127,1.01278,1.50,1.13
2012.01.17 09:03:54.927,1.01266,1.01278,2.25,1.13
2012.01.17 09:03:55.005,1.01269,1.01279,1.50,1.13
2012.01.17 09:03:55.143,1.01269,1.01282,1.50,2.25
2012.01.17 09:03:55.214,1.01266,1.01282,3.60,2.25
2012.01.17 09:03:55.286,1.01269,1.01283,1.50,3.00
2012.01.17 09:03:55.568,1.0127,1.01283,3.30,2.25
2012.01.17 09:03:56.004,1.01274,1.01286,1.50,2.25
2012.01.17 09:03:56.566,1.01275,1.01286,1.50,2.25
2012.01.17 09:03:57.127,1.01274,1.01286,1.50,2.25
2012.01.17 09:03:57.684,1.01274,1.01286,1.50,3.00
2012.01.17 09:03:58.250,1.01274,1.01286,1.50,3.00
2012.01.17 09:03:58.596,1.01274,1.01286,1.50,2.25
2012.01.17 09:03:59.130,1.01275,1.01286,1.50,2.25
2012.01.17 09:03:59.736,1.01275,1.01286,1.50,3.38
2012.01.17 09:04:00.322,1.01275,1.01286,1.50,2.25
2012.01.17 09:04:00.462,1.01275,1.01286,1.50,2.25
2012.01.17 09:04:01.023,1.01274,1.01286,1.50,2.25
2012.01.17 09:04:01.286,1.0127,1.01285,5.70,1.35
2012.01.17 09:04:02.011,1.0127,1.01284,2.25,1.50
2012.01.17 09:04:02.111,1.0127,1.01279,1.50,1.13
2012.01.17 09:04:02.444,1.01269,1.01276,1.50,3.00
2012.01.17 09:04:02.595,1.01266,1.01276,1.50,3.00
2012.01.17 09:04:02.665,1.01265,1.01276,1.50,3.00
2012.01.17 09:04:03.382,1.01264,1.01277,4.58,2.25
2012.01.17 09:04:03.457,1.01263,1.01276,4.50,1.50
2012.01.17 09:04:03.535,1.01263,1.01276,3.75,1.50
2012.01.17 09:04:03.814,1.01264,1.01277,1.50,3.00
2012.01.17 09:04:04.376,1.01265,1.01276,1.50,2.25
2012.01.17 09:04:05.326,1.01265,1.01276,1.50,2.25
2012.01.17 09:04:06.233,1.01264,1.01275,1.50,1.50
2012.01.17 09:04:06.377,1.01263,1.01274,1.50,2.26
2012.01.17 09:04:06.598,1.01262,1.01273,1.50,1.13
2012.01.17 09:04:06.675,1.0126,1.01273,2.70,1.88
2012.01.17 09:04:07.180,1.01259,1.01273,2.25,1.13
2012.01.17 09:04:07.783,1.01259,1.01271,1.50,3.00
2012.01.17 09:04:08.324,1.01259,1.01271,1.50,2.63
2012.01.17 09:04:09.122,1.01259,1.01271,1.50,3.00
2012.01.17 09:04:09.876,1.01259,1.0127,1.50,1.13
2012.01.17 09:04:10.145,1.01255,1.01269,2.25,1.88
2012.01.17 09:04:10.695,1.01255,1.01269,2.25,1.88
2012.01.17 09:04:10.975,1.01255,1.01269,2.25,1.88
2012.01.17 09:04:11.582,1.01259,1.01271,1.50,1.88
2012.01.17 09:04:11.668,1.01255,1.01269,2.25,1.88
2012.01.17 09:04:12.203,1.01255,1.01269,2.25,1.88
2012.01.17 09:04:12.725,1.01255,1.01269,1.50,1.88
2012.01.17 09:04:13.221,1.01257,1.0127,1.50,1.95
2012.01.17 09:04:13.565,1.0126,1.01274,5.70,3.19
2012.01.17 09:04:14.086,1.01265,1.01274,1.50,3.00
2012.01.17 09:04:14.234,1.01262,1.01274,1.50,1.50
2012.01.17 09:04:15.873,1.01262,1.01276,3.00,2.25
2012.01.17 09:04:15.970,1.01262,1.01276,2.25,1.50
2012.01.17 09:04:16.762,1.01265,1.01276,1.50,1.50
2012.01.17 09:04:17.364,1.01264,1.01276,1.50,2.25
2012.01.17 09:04:17.833,1.0126,1.01275,1.50,4.20
2012.01.17 09:04:21.351,1.01262,1.01275,1.50,2.70
2012.01.17 09:04:21.918,1.01264,1.01275,1.50,2.70
2012.01.17 09:04:22.070,1.01264,1.01278,2.25,1.05
2012.01.17 09:04:22.521,1.01267,1.0128,3.00,2.25
2012.01.17 09:04:22.739,1.01269,1.0128,1.50,1.95
2012.01.17 09:04:22.886,1.01266,1.01281,1.50,1.50
2012.01.17 09:04:23.025,1.01269,1.01283,2.25,1.35
2012.01.17 09:04:23.374,1.0127,1.01283,2.25,2.10
2012.01.17 09:04:23.994,1.0127,1.01283,1.50,2.10
2012.01.17 09:04:25.189,1.0127,1.01283,2.25,2.10
2012.01.17 09:04:27.280,1.0127,1.01283,2.25,2.10
2012.01.17 09:04:28.582,1.0127,1.01283,2.25,2.10
2012.01.17 09:04:29.094,1.0127,1.01283,1.50,2.10
2012.01.17 09:04:29.464,1.0127,1.0128,2.25,1.20
2012.01.17 09:04:29.593,1.01271,1.01283,1.50,3.23
2012.01.17 09:04:29.671,1.01271,1.01283,1.50,2.10
2012.01.17 09:04:30.293,1.01274,1.01286,1.50,2.55
2012.01.17 09:04:30.393,1.01274,1.0129,3.38,2.48
2012.01.17 09:04:30.473,1.01275,1.0129,1.50,2.93
2012.01.17 09:04:31.158,1.01277,1.0129,1.50,2.10
2012.01.17 09:04:31.375,1.01279,1.01291,1.50,1.80
2012.01.17 09:04:31.912,1.0128,1.01291,1.50,1.50
2012.01.17 09:04:33.423,1.0128,1.01291,1.50,1.50
2012.01.17 09:04:34.073,1.0128,1.01291,1.50,1.50
2012.01.17 09:04:34.711,1.01279,1.01291,1.50,1.50
2012.01.17 09:04:35.213,1.01279,1.01291,1.50,1.50
2012.01.17 09:04:35.943,1.0128,1.01291,1.50,1.50
2012.01.17 09:04:36.515,1.0128,1.01291,1.50,1.50
2012.01.17 09:04:37.063,1.0128,1.01291,1.50,2.25
2012.01.17 09:04:37.602,1.0128,1.01291,1.50,1.50
2012.01.17 09:04:38.280,1.0128,1.01291,1.50,1.50
2012.01.17 09:04:39.236,1.01279,1.01293,3.00,3.00
2012.01.17 09:04:39.780,1.0128,1.01293,1.50,3.00
2012.01.17 09:04:40.534,1.01279,1.01293,3.00,3.00
2012.01.17 09:04:42.643,1.0128,1.01293,1.50,1.50
2012.01.17 09:04:43.700,1.0128,1.01293,1.50,1.50
2012.01.17 09:04:44.596,1.01279,1.01293,3.00,2.25
2012.01.17 09:04:45.135,1.01279,1.01293,3.00,2.25
2012.01.17 09:04:46.202,1.01279,1.01293,3.00,2.25
2012.01.17 09:04:46.413,1.0128,1.01293,1.50,2.25
2012.01.17 09:04:46.954,1.0128,1.01293,1.50,2.25
2012.01.17 09:04:49.024,1.0128,1.01293,1.50,3.00
2012.01.17 09:04:49.579,1.01279,1.01288,1.50,1.50
2012.01.17 09:04:49.876,1.01274,1.01288,1.50,3.00
2012.01.17 09:04:50.565,1.01275,1.01287,1.50,2.25
2012.01.17 09:04:50.642,1.01274,1.01287,1.50,2.25
2012.01.17 09:04:54.472,1.01275,1.01287,1.50,1.50
2012.01.17 09:04:56.239,1.01274,1.01287,1.50,1.50
2012.01.17 09:04:56.770,1.01275,1.01287,1.50,1.50
2012.01.17 09:04:57.720,1.01274,1.01287,1.50,2.25
2012.01.17 09:04:58.671,1.01274,1.01287,1.50,1.50
2012.01.17 09:04:59.188,1.01275,1.01288,1.50,3.00
2012.01.17 09:04:59.432,1.01275,1.01289,2.25,1.50
2012.01.17 09:04:59.778,1.01278,1.0129,1.50,1.13
2012.01.17 09:05:00.445,1.01276,1.01289,2.25,2.25
2012.01.17 09:05:00.736,1.0128,1.01286,1.50,2.25
2012.01.17 09:05:01.157,1.01277,1.01286,1.50,2.25
2012.01.17 09:05:01.294,1.01275,1.01286,1.50,3.00
2012.01.17 09:05:01.893,1.01275,1.01286,1.50,2.25
2012.01.17 09:05:02.497,1.01275,1.01286,1.50,3.00
2012.01.17 09:05:03.354,1.01274,1.01286,1.50,3.00
2012.01.17 09:05:04.508,1.0127,1.01284,1.69,2.25
2012.01.17 09:05:04.654,1.0127,1.01281,1.50,1.95
2012.01.17 09:05:05.106,1.01265,1.01279,3.75,2.25
2012.01.17 09:05:05.522,1.01265,1.01277,1.50,2.25
2012.01.17 09:05:05.736,1.01263,1.01275,2.25,2.70
2012.01.17 09:05:05.876,1.01261,1.01266,2.25,1.95
2012.01.17 09:05:06.087,1.01254,1.01264,1.50,1.50
2012.01.17 09:05:06.228,1.01258,1.01265,1.50,1.50
2012.01.17 09:05:06.376,1.01259,1.01269,1.50,2.55
2012.01.17 09:05:06.449,1.01256,1.01269,1.50,2.55
2012.01.17 09:05:06.529,1.01257,1.01267,1.50,1.80
2012.01.17 09:05:06.607,1.01254,1.01267,1.50,1.80
2012.01.17 09:05:07.215,1.01255,1.01268,1.50,3.68
2012.01.17 09:05:07.287,1.01253,1.01266,1.50,1.13
2012.01.17 09:05:07.511,1.01252,1.01264,1.50,1.54
2012.01.17 09:05:07.657,1.01252,1.01264,1.50,1.91
2012.01.17 09:05:07.727,1.01248,1.01264,2.10,3.38
2012.01.17 09:05:08.285,1.01247,1.01261,1.50,3.38
2012.01.17 09:05:08.437,1.01245,1.01259,1.13,1.88
2012.01.17 09:05:08.591,1.01243,1.01259,3.75,3.38
2012.01.17 09:05:08.666,1.01243,1.01257,1.50,1.50
2012.01.17 09:05:09.414,1.0124,1.01255,1.13,2.25
2012.01.17 09:05:09.553,1.01239,1.01255,3.00,1.50
2012.01.17 09:05:09.763,1.01242,1.01256,1.50,3.19
2012.01.17 09:05:10.706,1.01242,1.01253,1.50,1.13
2012.01.17 09:05:10.994,1.01242,1.01251,1.50,1.50
2012.01.17 09:05:11.074,1.01238,1.0125,1.50,1.50
2012.01.17 09:05:11.564,1.01241,1.01254,1.50,1.50
2012.01.17 09:05:12.123,1.01241,1.01253,1.50,1.50
2012.01.17 09:05:12.669,1.01241,1.01255,1.50,3.60
2012.01.17 09:05:13.212,1.01245,1.01255,1.50,2.25
2012.01.17 09:05:13.581,1.01247,1.01258,1.50,1.43
2012.01.17 09:05:14.137,1.01247,1.01257,1.50,1.05
2012.01.17 09:05:15.468,1.01247,1.01259,1.50,1.80
2012.01.17 09:05:16.046,1.01247,1.01259,1.50,1.80
2012.01.17 09:05:18.852,1.01249,1.0126,2.10,1.05
2012.01.17 09:05:18.928,1.0125,1.01262,2.55,1.50
2012.01.17 09:05:19.074,1.01254,1.01266,1.50,1.69
2012.01.17 09:05:19.212,1.01254,1.01268,1.50,4.43
2012.01.17 09:05:19.555,1.01256,1.01269,1.50,1.73
2012.01.17 09:05:20.223,1.01256,1.0127,2.25,3.74
2012.01.17 09:05:21.083,1.01256,1.01268,2.25,1.05
2012.01.17 09:05:21.364,1.01257,1.01273,2.25,3.00
2012.01.17 09:05:22.004,1.01257,1.01273,1.50,3.00
2012.01.17 09:05:22.148,1.01257,1.01272,1.50,3.00
2012.01.17 09:05:22.682,1.01255,1.0127,2.25,1.95
2012.01.17 09:05:23.463,1.01256,1.0127,1.50,1.95
2012.01.17 09:05:24.793,1.01256,1.0127,1.50,1.95
2012.01.17 09:05:25.372,1.01256,1.0127,1.50,1.95
2012.01.17 09:05:26.887,1.01255,1.01268,2.25,3.60
2012.01.17 09:05:27.223,1.01252,1.01263,1.13,2.85
2012.01.17 09:05:27.292,1.0125,1.01263,2.25,2.85
2012.01.17 09:05:27.551,1.01249,1.01263,1.50,2.85
2012.01.17 09:05:30.878,1.01247,1.01261,1.50,1.50
2012.01.17 09:05:32.613,1.01247,1.01261,1.50,2.26
2012.01.17 09:05:32.848,1.01245,1.01259,1.95,1.13
2012.01.17 09:05:33.087,1.01243,1.01257,1.69,1.50
2012.01.17 09:05:33.580,1.01244,1.01257,1.50,2.25
2012.01.17 09:05:34.087,1.01245,1.01257,1.50,3.00
2012.01.17 09:05:35.666,1.01245,1.01257,1.50,1.50
2012.01.17 09:05:35.806,1.01245,1.01259,1.50,3.00
2012.01.17 09:05:36.354,1.01245,1.01259,1.50,3.38
2012.01.17 09:05:36.865,1.01245,1.01259,1.50,3.38
2012.01.17 09:05:37.669,1.01245,1.01259,1.50,2.63
2012.01.17 09:05:38.215,1.01246,1.01259,1.50,1.13
2012.01.17 09:05:38.813,1.01246,1.01259,1.50,1.13
2012.01.17 09:05:39.164,1.01244,1.01259,3.83,1.13
2012.01.17 09:05:39.290,1.01246,1.01259,1.50,1.13
2012.01.17 09:05:39.601,1.01249,1.01259,1.50,1.13
2012.01.17 09:05:40.021,1.01247,1.01259,1.50,1.13
2012.01.17 09:05:40.533,1.01247,1.01259,1.50,1.13
2012.01.17 09:05:41.191,1.01247,1.01259,1.50,1.13
2012.01.17 09:05:41.464,1.01247,1.01261,1.50,3.00
2012.01.17 09:05:41.595,1.01244,1.01259,3.27,2.10
2012.01.17 09:05:42.101,1.01245,1.01259,1.50,3.23
2012.01.17 09:05:42.895,1.01245,1.01258,1.50,1.35
2012.01.17 09:05:43.821,1.01246,1.01258,1.50,1.13
2012.01.17 09:05:44.377,1.01246,1.01259,1.50,1.13
2012.01.17 09:05:44.884,1.01246,1.01259,1.50,1.13
2012.01.17 09:05:45.387,1.01245,1.01258,3.00,1.13
2012.01.17 09:05:45.871,1.01246,1.01262,3.75,2.44
2012.01.17 09:05:46.076,1.01248,1.01263,1.50,2.44
2012.01.17 09:05:46.472,1.01248,1.01263,1.50,1.69
2012.01.17 09:05:46.615,1.01246,1.01259,2.25,1.13
2012.01.17 09:05:47.142,1.01246,1.0126,1.50,4.58
2012.01.17 09:05:47.535,1.01248,1.01262,1.50,2.25
2012.01.17 09:05:47.664,1.0125,1.01262,1.95,1.50
2012.01.17 09:05:47.797,1.01251,1.01264,1.50,2.25
2012.01.17 09:05:47.943,1.01251,1.01264,1.50,2.48
2012.01.17 09:05:48.146,1.01246,1.0126,4.50,1.88
2012.01.17 09:05:48.823,1.01248,1.0126,1.50,1.88
2012.01.17 09:05:49.503,1.01245,1.01259,1.13,1.88
2012.01.17 09:05:50.711,1.01245,1.01258,1.50,2.10
2012.01.17 09:05:51.398,1.01245,1.01258,1.50,2.10
2012.01.17 09:05:51.480,1.01243,1.01258,3.00,1.13
2012.01.17 09:05:51.555,1.01243,1.01257,3.00,1.88
2012.01.17 09:05:51.624,1.01245,1.01257,1.50,2.63
2012.01.17 09:05:51.967,1.01244,1.01256,1.50,2.25
2012.01.17 09:05:52.512,1.01244,1.01256,1.50,2.25
2012.01.17 09:05:53.091,1.01244,1.01256,1.50,2.25
2012.01.17 09:05:53.619,1.01245,1.01256,1.50,2.25
2012.01.17 09:05:54.015,1.01245,1.01259,3.00,3.00
2012.01.17 09:05:54.466,1.01245,1.01257,1.50,2.63
2012.01.17 09:05:55.003,1.01244,1.01256,1.50,1.50
2012.01.17 09:05:55.825,1.01244,1.01257,1.50,2.55
2012.01.17 09:05:56.172,1.0125,1.01259,1.50,2.10
2012.01.17 09:05:56.246,1.01247,1.01259,1.50,2.10
2012.01.17 09:05:56.639,1.01249,1.01263,3.45,3.75
2012.01.17 09:05:56.720,1.01253,1.01263,1.50,1.50
2012.01.17 09:05:56.869,1.01253,1.01267,1.50,3.30
2012.01.17 09:05:57.223,1.01253,1.01267,1.88,2.25
2012.01.17 09:05:57.367,1.01254,1.01267,1.50,1.50
2012.01.17 09:05:57.505,1.01255,1.01271,3.00,1.50
2012.01.17 09:05:57.573,1.01258,1.01272,1.50,3.19
2012.01.17 09:05:59.327,1.01258,1.01272,2.25,1.50
2012.01.17 09:06:01.520,1.01258,1.0127,2.25,1.50
2012.01.17 09:06:02.003,1.01258,1.01272,2.25,1.65
2012.01.17 09:06:02.072,1.01258,1.01272,1.50,1.50
2012.01.17 09:06:05.133,1.01258,1.01272,1.50,2.25
2012.01.17 09:06:05.273,1.01254,1.01268,2.44,1.35
2012.01.17 09:06:05.482,1.01253,1.01266,3.38,1.95
2012.01.17 09:06:05.556,1.0125,1.01264,2.63,1.50
2012.01.17 09:06:05.692,1.0125,1.01264,1.13,3.60
2012.01.17 09:06:06.222,1.01248,1.01263,2.25,1.35
2012.01.17 09:06:07.659,1.01247,1.01261,4.13,1.50
2012.01.17 09:06:07.741,1.01247,1.01261,2.63,1.50
2012.01.17 09:06:08.561,1.01247,1.01261,1.50,2.25
2012.01.17 09:06:08.705,1.01247,1.0126,1.50,1.13
2012.01.17 09:06:08.968,1.01244,1.0126,4.58,3.00
2012.01.17 09:06:09.536,1.01244,1.0126,5.33,3.19
2012.01.17 09:06:10.223,1.01244,1.0126,4.58,4.69
2012.01.17 09:06:10.774,1.01244,1.0126,4.58,4.69
2012.01.17 09:06:11.303,1.01244,1.0126,3.83,3.94
2012.01.17 09:06:12.170,1.01244,1.0126,3.83,4.32
2012.01.17 09:06:13.873,1.01244,1.01259,3.83,1.51
2012.01.17 09:06:14.439,1.01244,1.01259,3.83,1.13
2012.01.17 09:06:15.114,1.01244,1.01259,1.50,1.13
2012.01.17 09:06:15.511,1.01244,1.01257,1.50,1.88
2012.01.17 09:06:15.867,1.01245,1.01255,1.50,1.13
2012.01.17 09:06:16.479,1.01244,1.01256,1.50,3.38
2012.01.17 09:06:16.842,1.01245,1.01253,1.50,2.63
2012.01.17 09:06:17.308,1.01241,1.01246,1.50,1.50
2012.01.17 09:06:17.458,1.01234,1.01246,1.50,1.50
2012.01.17 09:06:17.540,1.01235,1.01246,1.50,2.25
2012.01.17 09:06:18.098,1.01235,1.01245,1.50,1.50
2012.01.17 09:06:19.265,1.01235,1.01245,1.50,1.50
2012.01.17 09:06:20.260,1.01239,1.01248,1.50,1.13
2012.01.17 09:06:20.334,1.01239,1.01249,1.50,1.88
2012.01.17 09:06:20.405,1.01239,1.01249,1.50,1.13
2012.01.17 09:06:21.170,1.0124,1.01251,1.50,1.88
2012.01.17 09:06:21.733,1.0124,1.0125,1.50,1.50
2012.01.17 09:06:22.286,1.01239,1.0125,1.50,1.50
2012.01.17 09:06:22.807,1.0124,1.01249,1.50,3.01
2012.01.17 09:06:23.289,1.0124,1.01247,1.50,2.44
2012.01.17 09:06:23.442,1.01229,1.01243,1.50,2.25
2012.01.17 09:06:23.517,1.01228,1.01243,1.35,1.50
2012.01.17 09:06:23.865,1.0123,1.01243,1.50,1.50
2012.01.17 09:06:24.422,1.0123,1.01243,2.25,1.50
2012.01.17 09:06:25.853,1.0123,1.01243,1.50,1.50
2012.01.17 09:06:26.789,1.0123,1.01244,2.63,1.50
2012.01.17 09:06:27.421,1.01235,1.01249,4.20,1.50
2012.01.17 09:06:27.518,1.01239,1.01251,1.50,2.25
2012.01.17 09:06:27.669,1.01239,1.01251,1.50,1.50
2012.01.17 09:06:27.819,1.0124,1.01253,1.95,3.00
2012.01.17 09:06:28.175,1.01241,1.01256,2.25,2.25
2012.01.17 09:06:28.529,1.01245,1.01257,1.50,1.80
2012.01.17 09:06:28.967,1.01245,1.01257,1.50,1.05
2012.01.17 09:06:29.047,1.01249,1.0126,1.50,2.70
2012.01.17 09:06:29.186,1.01249,1.01263,3.45,2.85
2012.01.17 09:06:29.385,1.01246,1.01262,3.75,3.75
2012.01.17 09:06:29.526,1.01246,1.01262,3.75,2.25
2012.01.17 09:06:30.020,1.01248,1.01262,3.75,2.25
2012.01.17 09:06:30.428,1.01248,1.01262,1.50,1.50
2012.01.17 09:06:30.705,1.0125,1.01264,1.50,2.25
2012.01.17 09:06:31.044,1.0125,1.01264,1.50,2.25
2012.01.17 09:06:31.234,1.0125,1.01264,1.50,2.25
2012.01.17 09:06:31.445,1.01246,1.01262,3.00,2.25
2012.01.17 09:06:31.663,1.01249,1.01264,1.50,1.50
2012.01.17 09:06:32.213,1.01248,1.01262,1.50,2.25
2012.01.17 09:06:32.537,1.0125,1.01264,1.50,2.25
2012.01.17 09:06:33.225,1.01246,1.01262,3.00,2.25
2012.01.17 09:06:33.602,1.01246,1.01262,5.10,2.25
2012.01.17 09:06:34.493,1.01249,1.01265,1.50,2.25
2012.01.17 09:06:35.822,1.01247,1.01263,2.85,3.00
2012.01.17 09:06:35.968,1.0125,1.01263,1.95,3.00
2012.01.17 09:06:36.539,1.01245,1.01261,3.00,2.25
2012.01.17 09:06:37.086,1.01247,1.01262,1.50,1.35
2012.01.17 09:06:39.470,1.01247,1.01262,1.50,1.35
2012.01.17 09:06:39.601,1.01247,1.01262,1.50,1.35
2012.01.17 09:06:40.158,1.01247,1.01262,1.50,1.35
2012.01.17 09:06:42.593,1.01247,1.01262,1.50,1.35
2012.01.17 09:06:43.518,1.01247,1.01262,2.25,1.35
2012.01.17 09:06:44.155,1.01247,1.01262,2.25,1.35
2012.01.17 09:06:45.098,1.01247,1.01262,1.50,1.35
2012.01.17 09:06:45.505,1.01245,1.01261,3.94,2.25
2012.01.17 09:06:45.892,1.01245,1.01261,3.19,2.25
2012.01.17 09:06:46.253,1.01252,1.01266,1.50,5.33
2012.01.17 09:06:46.522,1.0125,1.01264,1.50,2.25
2012.01.17 09:06:47.068,1.01252,1.01267,2.25,3.00
2012.01.17 09:06:47.147,1.01254,1.01267,2.25,1.50
2012.01.17 09:06:47.432,1.01254,1.01268,2.25,1.88
2012.01.17 09:06:47.977,1.01255,1.01268,1.50,1.50
2012.01.17 09:06:48.335,1.01252,1.01263,1.50,2.25
2012.01.17 09:06:48.406,1.01249,1.01263,3.60,2.25
2012.01.17 09:06:48.478,1.01255,1.01263,2.70,1.50
2012.01.17 09:06:48.556,1.01256,1.01267,2.25,1.50
2012.01.17 09:06:48.625,1.01256,1.0127,1.50,2.25
2012.01.17 09:06:48.767,1.01258,1.0127,1.50,2.70
2012.01.17 09:06:48.849,1.01256,1.0127,1.50,4.20
2012.01.17 09:06:49.541,1.01256,1.0127,1.50,3.45
2012.01.17 09:06:49.812,1.01256,1.0127,2.25,4.20
2012.01.17 09:06:49.883,1.01256,1.0127,2.25,3.45
2012.01.17 09:06:50.504,1.01256,1.0127,1.50,4.20
2012.01.17 09:06:51.014,1.01256,1.0127,1.50,4.20
2012.01.17 09:06:52.754,1.01253,1.01269,3.19,1.50
2012.01.17 09:06:53.144,1.01253,1.01269,3.19,2.25
2012.01.17 09:06:53.285,1.01253,1.01269,2.44,2.25
2012.01.17 09:06:59.700,1.01254,1.01269,1.50,2.25
2012.01.17 09:07:00.211,1.01254,1.01269,1.50,1.50
2012.01.17 09:07:01.778,1.01252,1.01266,3.04,2.25
2012.01.17 09:07:02.151,1.01252,1.01266,1.69,2.25
2012.01.17 09:07:02.774,1.01254,1.01268,1.50,3.98
2012.01.17 09:07:03.304,1.01252,1.01266,1.50,2.25
2012.01.17 09:07:06.706,1.01252,1.01264,1.50,1.50
2012.01.17 09:07:07.664,1.0125,1.01264,3.45,2.25
2012.01.17 09:07:07.863,1.01252,1.01265,1.50,1.50
2012.01.17 09:07:07.995,1.0125,1.01264,3.45,2.25
2012.01.17 09:07:08.542,1.0125,1.01264,3.45,2.25
2012.01.17 09:07:11.753,1.01252,1.01266,1.50,2.25
2012.01.17 09:07:11.964,1.01248,1.01261,2.25,2.25
2012.01.17 09:07:12.447,1.01247,1.01258,1.50,4.17
2012.01.17 09:07:12.665,1.01241,1.01253,1.50,2.25
2012.01.17 09:07:13.015,1.01241,1.01255,1.50,2.25
2012.01.17 09:07:13.371,1.01244,1.01256,1.50,3.75
2012.01.17 09:07:13.939,1.01244,1.01257,1.50,6.57
2012.01.17 09:07:14.218,1.01245,1.01254,1.50,1.50
2012.01.17 09:07:14.300,1.01247,1.01257,2.25,1.69
2012.01.17 09:07:14.446,1.01247,1.01258,1.50,1.50
2012.01.17 09:07:14.584,1.01245,1.01259,1.50,2.25
2012.01.17 09:07:14.739,1.01245,1.01259,1.50,2.25
2012.01.17 09:07:15.290,1.01244,1.01258,3.30,2.25
2012.01.17 09:07:15.878,1.01245,1.01259,1.50,2.25
2012.01.17 09:07:16.240,1.01244,1.01257,3.30,2.25
2012.01.17 09:07:16.794,1.01244,1.01264,3.30,1.13
2012.01.17 09:07:17.374,1.01244,1.01259,7.80,2.25
2012.01.17 09:07:17.712,1.0125,1.01263,1.95,2.25
2012.01.17 09:07:18.831,1.01248,1.01258,2.25,1.50
2012.01.17 09:07:18.905,1.01244,1.01258,2.25,1.50
2012.01.17 09:07:19.328,1.01245,1.01256,1.50,2.25
2012.01.17 09:07:19.685,1.01244,1.01256,1.50,2.25
2012.01.17 09:07:20.774,1.01244,1.01256,1.50,1.50
2012.01.17 09:07:20.986,1.01249,1.01258,1.50,5.63
2012.01.17 09:07:21.060,1.01245,1.01257,1.95,1.50
2012.01.17 09:07:21.207,1.0124,1.01256,3.00,2.25
2012.01.17 09:07:21.628,1.01241,1.01254,2.25,1.50
2012.01.17 09:07:22.256,1.01245,1.01252,1.50,1.50
2012.01.17 09:07:22.346,1.0124,1.01252,1.50,2.25
2012.01.17 09:07:22.884,1.0124,1.01252,1.50,3.00
2012.01.17 09:07:23.432,1.0124,1.01251,1.50,1.50
2012.01.17 09:07:24.934,1.01239,1.01252,1.50,1.50
2012.01.17 09:07:25.443,1.0124,1.01252,1.50,1.50
2012.01.17 09:07:26.154,1.01239,1.01252,1.50,1.50
2012.01.17 09:07:27.383,1.0124,1.01252,1.50,1.50
2012.01.17 09:07:27.916,1.01239,1.01252,1.50,1.50
2012.01.17 09:07:29.208,1.01239,1.01255,3.00,4.95
2012.01.17 09:07:29.474,1.01242,1.01256,2.25,2.44
2012.01.17 09:07:29.548,1.01244,1.01256,1.50,2.44
2012.01.17 09:07:30.800,1.01244,1.01256,1.50,2.25
2012.01.17 09:07:31.080,1.01244,1.01255,1.50,2.10
2012.01.17 09:07:31.168,1.01241,1.01253,1.50,4.73
2012.01.17 09:07:32.138,1.0124,1.01253,2.25,4.73
2012.01.17 09:07:32.358,1.0124,1.01253,2.25,2.10
2012.01.17 09:07:32.873,1.01249,1.01258,2.70,2.25
2012.01.17 09:07:32.955,1.01249,1.01262,3.08,1.50
2012.01.17 09:07:33.034,1.01252,1.01264,2.25,2.25
2012.01.17 09:07:33.106,1.01252,1.01266,2.25,3.00
2012.01.17 09:07:33.639,1.01252,1.01268,2.25,2.93
2012.01.17 09:07:34.191,1.01252,1.01268,1.50,2.55
2012.01.17 09:07:34.695,1.01252,1.01268,1.50,2.93
2012.01.17 09:07:35.242,1.01252,1.01268,1.50,2.93
2012.01.17 09:07:36.555,1.01254,1.01268,1.50,1.05
2012.01.17 09:07:36.896,1.01252,1.01266,1.50,1.50
2012.01.17 09:07:37.705,1.01254,1.01268,1.50,1.05
2012.01.17 09:07:38.269,1.01253,1.01267,1.50,1.80
2012.01.17 09:07:40.263,1.01253,1.01267,1.50,2.25
2012.01.17 09:07:41.232,1.0125,1.01266,3.75,2.25
2012.01.17 09:07:41.682,1.0125,1.01266,1.50,2.25
2012.01.17 09:07:43.667,1.0125,1.01264,1.50,1.50
2012.01.17 09:07:44.221,1.0125,1.01264,1.50,2.25
2012.01.17 09:07:46.993,1.0125,1.01264,1.50,1.88
2012.01.17 09:07:47.491,1.0125,1.01264,1.50,2.25
2012.01.17 09:07:48.058,1.0125,1.01264,1.50,2.25
2012.01.17 09:07:48.586,1.01249,1.01263,3.83,2.25
2012.01.17 09:07:49.402,1.01245,1.0126,2.33,2.25
2012.01.17 09:07:50.771,1.01245,1.0126,3.08,2.25
2012.01.17 09:07:51.320,1.01245,1.0126,2.33,2.25
2012.01.17 09:07:52.343,1.01245,1.0126,2.33,1.50
2012.01.17 09:07:54.531,1.01245,1.0126,2.33,2.25
2012.01.17 09:07:55.115,1.01245,1.0126,2.33,2.25
2012.01.17 09:07:56.993,1.01245,1.0126,2.25,3.45
2012.01.17 09:07:57.450,1.01246,1.01257,1.50,1.50
2012.01.17 09:07:57.952,1.01246,1.01257,1.50,1.50
2012.01.17 09:07:58.697,1.01244,1.01256,2.25,1.50
2012.01.17 09:07:58.781,1.01242,1.01254,1.50,1.50
2012.01.17 09:07:59.002,1.01243,1.01257,2.25,6.08
2012.01.17 09:07:59.077,1.01245,1.01257,1.50,3.83
2012.01.17 09:07:59.440,1.01249,1.01261,1.50,2.25
2012.01.17 09:07:59.770,1.01245,1.0126,2.25,1.35
2012.01.17 09:08:00.068,1.01247,1.01263,2.10,3.75
2012.01.17 09:08:00.356,1.01249,1.01263,3.45,1.50
2012.01.17 09:08:00.909,1.01249,1.01259,3.45,1.50
2012.01.17 09:08:01.264,1.01245,1.01254,1.50,1.50
2012.01.17 09:08:01.619,1.01249,1.0126,1.95,1.35
2012.01.17 09:08:01.710,1.01251,1.01264,2.25,2.44
2012.01.17 09:08:01.865,1.01249,1.01262,3.45,2.25
2012.01.17 09:08:02.080,1.01245,1.01259,3.08,1.50
2012.01.17 09:08:02.507,1.0125,1.01261,1.95,2.25
2012.01.17 09:08:02.869,1.01248,1.01262,1.50,2.25
2012.01.17 09:08:03.307,1.01246,1.0126,1.50,2.25
2012.01.17 09:08:03.444,1.01246,1.01257,1.50,1.13
2012.01.17 09:08:03.585,1.01241,1.01254,1.50,2.25
2012.01.17 09:08:03.656,1.01241,1.01254,1.50,2.25
2012.01.17 09:08:03.795,1.01242,1.01256,3.45,1.50
2012.01.17 09:08:04.267,1.01242,1.01255,1.50,4.20
2012.01.17 09:08:04.344,1.01241,1.01255,1.50,4.20
2012.01.17 09:08:04.484,1.01245,1.01256,1.50,1.88
2012.01.17 09:08:05.252,1.01241,1.01254,2.25,1.50
2012.01.17 09:08:05.793,1.0124,1.01255,3.00,1.35
2012.01.17 09:08:06.334,1.0124,1.01255,3.00,1.35
2012.01.17 09:08:06.796,1.0124,1.01256,3.00,3.08
2012.01.17 09:08:07.577,1.01244,1.01256,1.50,2.33
2012.01.17 09:08:08.134,1.01244,1.01258,3.00,1.24
2012.01.17 09:08:08.864,1.01244,1.01259,3.00,1.05
2012.01.17 09:08:09.012,1.01249,1.01261,1.50,3.38
2012.01.17 09:08:09.090,1.01249,1.01261,1.50,3.08
2012.01.17 09:08:09.431,1.01249,1.01262,3.45,3.00
2012.01.17 09:08:09.595,1.01247,1.01255,2.25,2.25
2012.01.17 09:08:10.096,1.01241,1.01253,2.25,1.35
2012.01.17 09:08:10.166,1.01245,1.01253,1.50,1.35
2012.01.17 09:08:10.628,1.01244,1.01253,1.50,2.85
2012.01.17 09:08:10.720,1.01245,1.01253,1.50,2.85
2012.01.17 09:08:10.854,1.01242,1.01253,1.50,2.10
2012.01.17 09:08:10.993,1.01239,1.01253,3.00,2.10
2012.01.17 09:08:11.522,1.01239,1.01253,3.00,2.85
2012.01.17 09:08:12.059,1.01239,1.01253,3.00,3.60
2012.01.17 09:08:12.753,1.0124,1.01253,1.50,3.04
2012.01.17 09:08:12.825,1.01239,1.0125,1.50,1.50
2012.01.17 09:08:13.348,1.01239,1.01249,1.50,1.50
2012.01.17 09:08:13.855,1.01239,1.01249,1.50,1.50
2012.01.17 09:08:14.208,1.01239,1.01251,1.50,1.50
2012.01.17 09:08:14.356,1.0124,1.01249,1.50,1.50
2012.01.17 09:08:16.024,1.0124,1.01249,1.50,1.50
2012.01.17 09:08:16.549,1.01235,1.01244,1.50,1.50
2012.01.17 09:08:16.635,1.01235,1.01247,1.50,1.80
2012.01.17 09:08:17.028,1.01232,1.01246,1.50,3.45
2012.01.17 09:08:17.103,1.01232,1.01244,1.50,1.50
2012.01.17 09:08:17.458,1.01236,1.01248,1.50,2.55
2012.01.17 09:08:18.030,1.01236,1.0125,1.50,2.10
2012.01.17 09:08:18.597,1.01239,1.01248,1.50,2.55
2012.01.17 09:08:19.163,1.01239,1.01246,1.50,1.50
2012.01.17 09:08:19.516,1.01236,1.01244,1.50,1.50
2012.01.17 09:08:19.587,1.01235,1.01248,1.50,1.05
2012.01.17 09:08:20.026,1.01239,1.0125,1.50,1.35
2012.01.17 09:08:20.376,1.01237,1.01249,1.50,1.05
2012.01.17 09:08:20.517,1.01232,1.01246,2.44,1.50
2012.01.17 09:08:20.595,1.01232,1.01245,1.50,1.95
2012.01.17 09:08:21.152,1.01231,1.01244,1.50,1.50
2012.01.17 09:08:23.356,1.01231,1.01244,1.50,1.50
2012.01.17 09:08:23.495,1.01232,1.01246,1.50,1.50
2012.01.17 09:08:23.566,1.01234,1.01246,1.50,1.50
2012.01.17 09:08:24.493,1.01235,1.01247,1.69,1.05
2012.01.17 09:08:24.576,1.01231,1.01244,1.50,1.50
2012.01.17 09:08:24.776,1.01235,1.01245,1.50,1.50
2012.01.17 09:08:24.972,1.01235,1.01247,1.50,1.80
2012.01.17 09:08:25.485,1.01235,1.01244,1.50,1.50
2012.01.17 09:08:26.033,1.01234,1.01245,1.50,1.50
2012.01.17 09:08:26.638,1.01234,1.01245,1.50,1.50
2012.01.17 09:08:27.283,1.01235,1.01245,1.50,1.50
2012.01.17 09:08:27.830,1.01235,1.01244,1.50,1.50
2012.01.17 09:08:28.912,1.01235,1.01244,1.50,1.50
2012.01.17 09:08:29.460,1.01235,1.01244,1.50,1.50
2012.01.17 09:08:30.089,1.01234,1.01246,1.50,2.25
2012.01.17 09:08:31.465,1.01235,1.01246,1.50,2.25
2012.01.17 09:08:32.183,1.01235,1.01246,1.50,2.25
2012.01.17 09:08:33.237,1.01235,1.01243,1.50,1.50
2012.01.17 09:08:33.314,1.01234,1.01247,1.50,1.55
2012.01.17 09:08:33.447,1.01232,1.01245,2.25,1.95
2012.01.17 09:08:33.593,1.01231,1.01245,3.00,3.45
2012.01.17 09:08:33.665,1.01231,1.01243,1.50,1.50
2012.01.17 09:08:34.085,1.0123,1.01245,4.20,1.50
2012.01.17 09:08:34.367,1.0123,1.01245,2.25,1.50
2012.01.17 09:08:34.446,1.01235,1.01247,1.50,5.22
2012.01.17 09:08:34.909,1.01235,1.01247,2.25,2.97
2012.01.17 09:08:35.068,1.01235,1.01248,1.50,2.41
2012.01.17 09:08:35.572,1.01234,1.01246,1.50,1.50
2012.01.17 09:08:36.148,1.01237,1.01248,2.25,3.91
2012.01.17 09:08:37.252,1.01235,1.01244,1.50,1.50
2012.01.17 09:08:37.783,1.01235,1.01248,1.50,3.91
2012.01.17 09:08:39.443,1.01235,1.01248,1.50,4.66
2012.01.17 09:08:39.970,1.01235,1.01248,1.50,3.91
2012.01.17 09:08:40.539,1.01235,1.01248,1.50,3.53
2012.01.17 09:08:41.058,1.01235,1.01247,2.63,1.05
2012.01.17 09:08:41.335,1.01236,1.0125,1.50,1.73
2012.01.17 09:08:41.814,1.01236,1.0125,2.25,4.35
2012.01.17 09:08:42.364,1.01236,1.0125,1.50,3.60
2012.01.17 09:08:42.573,1.01239,1.01251,1.50,3.22
2012.01.17 09:08:43.078,1.01238,1.01251,2.25,1.73
2012.01.17 09:08:43.803,1.0124,1.01249,1.50,2.85
2012.01.17 09:08:44.154,1.01236,1.01247,1.50,1.50
2012.01.17 09:08:45.116,1.01231,1.01247,2.40,2.55
2012.01.17 09:08:46.312,1.01231,1.01247,1.73,2.25
2012.01.17 09:08:46.920,1.01235,1.01247,1.50,2.55
2012.01.17 09:08:47.431,1.01234,1.01247,1.65,1.50
2012.01.17 09:08:48.182,1.01231,1.01247,3.23,1.80
2012.01.17 09:08:49.162,1.01231,1.01247,2.40,2.55
2012.01.17 09:08:52.022,1.01235,1.01248,2.25,1.43
2012.01.17 09:08:52.585,1.01235,1.01248,3.00,1.43
2012.01.17 09:08:52.935,1.01234,1.01245,1.50,1.50
2012.01.17 09:08:53.355,1.01234,1.01248,3.00,1.43
2012.01.17 09:08:53.486,1.01234,1.01246,1.50,1.50
2012.01.17 09:08:54.280,1.01235,1.01245,1.50,1.50
2012.01.17 09:08:54.705,1.01234,1.01248,3.00,3.68
2012.01.17 09:08:55.051,1.01234,1.01243,1.50,1.50
2012.01.17 09:08:55.197,1.01234,1.01248,1.50,3.30
2012.01.17 09:08:56.685,1.01235,1.01248,2.25,2.18
2012.01.17 09:08:57.753,1.01235,1.01248,1.50,3.30
2012.01.17 09:08:58.283,1.01234,1.01244,1.50,1.50
2012.01.17 09:08:58.706,1.01235,1.01247,1.50,2.25
2012.01.17 09:08:59.244,1.01235,1.01247,1.50,2.55
2012.01.17 09:09:01.437,1.01235,1.01247,1.50,2.25
2012.01.17 09:09:01.794,1.01237,1.01251,1.50,4.95
2012.01.17 09:09:01.863,1.01237,1.01251,1.50,3.45
2012.01.17 09:09:02.694,1.01236,1.0125,1.50,1.50
2012.01.17 09:09:03.214,1.01236,1.0125,1.50,1.50
2012.01.17 09:09:03.723,1.01236,1.0125,1.50,1.50
2012.01.17 09:09:04.942,1.01234,1.0125,2.25,2.10
2012.01.17 09:09:05.824,1.01235,1.0125,1.50,2.10
2012.01.17 09:09:09.929,1.01237,1.0125,1.13,1.50
2012.01.17 09:09:10.012,1.0124,1.01252,1.50,2.63
2012.01.17 09:09:10.233,1.01241,1.01255,2.25,1.88
2012.01.17 09:09:10.309,1.01243,1.01256,1.50,2.33
2012.01.17 09:09:10.392,1.01244,1.01257,1.69,1.95
2012.01.17 09:09:10.538,1.01245,1.01258,3.08,1.50
2012.01.17 09:09:11.006,1.01249,1.01263,2.25,2.25
2012.01.17 09:09:11.518,1.01249,1.01263,3.00,1.50
2012.01.17 09:09:12.065,1.01247,1.01262,2.25,1.50
2012.01.17 09:09:12.414,1.01246,1.0126,1.50,1.50
2012.01.17 09:09:12.682,1.01247,1.01261,2.25,1.50
2012.01.17 09:09:13.214,1.01247,1.01261,2.25,1.50
2012.01.17 09:09:14.667,1.01248,1.01261,1.50,1.50
2012.01.17 09:09:14.746,1.01248,1.01264,3.00,2.25
2012.01.17 09:09:15.108,1.01248,1.01261,2.25,1.50
2012.01.17 09:09:15.465,1.01248,1.01259,1.50,1.50
2012.01.17 09:09:15.848,1.01248,1.01261,1.50,3.00
2012.01.17 09:09:17.558,1.01249,1.01263,2.25,2.25
2012.01.17 09:09:17.635,1.01251,1.01265,2.25,6.08
2012.01.17 09:09:17.780,1.01251,1.01265,2.25,4.58
2012.01.17 09:09:17.860,1.01251,1.01265,2.25,4.20
2012.01.17 09:09:17.937,1.01251,1.01265,4.35,4.20
2012.01.17 09:09:18.021,1.01254,1.01267,1.95,1.80
2012.01.17 09:09:18.800,1.01253,1.01268,3.38,2.55
2012.01.17 09:09:19.302,1.01252,1.01268,1.50,2.93
2012.01.17 09:09:19.576,1.01251,1.01265,1.50,1.50
2012.01.17 09:09:19.643,1.01252,1.01268,1.50,3.68
2012.01.17 09:09:20.105,1.01252,1.01267,1.50,1.05
2012.01.17 09:09:20.690,1.01252,1.01265,1.50,1.50
2012.01.17 09:09:20.995,1.01246,1.0126,2.25,1.50
2012.01.17 09:09:21.714,1.01246,1.0126,2.25,1.50
2012.01.17 09:09:22.474,1.01249,1.01264,1.95,1.50
2012.01.17 09:09:22.616,1.01246,1.01261,1.32,1.50
2012.01.17 09:09:23.579,1.01248,1.01264,2.25,2.25
2012.01.17 09:09:24.121,1.01248,1.01264,1.50,2.25
2012.01.17 09:09:24.266,1.01248,1.01264,1.50,2.25
2012.01.17 09:09:24.671,1.01248,1.01264,1.50,2.25
2012.01.17 09:09:25.204,1.01248,1.01264,2.25,2.25
2012.01.17 09:09:25.774,1.01248,1.01264,1.50,2.25
2012.01.17 09:09:29.807,1.01248,1.01264,1.50,2.25
2012.01.17 09:09:32.274,1.01248,1.01262,1.50,1.88
2012.01.17 09:09:32.346,1.01245,1.01261,3.00,1.88
2012.01.17 09:09:32.907,1.01245,1.0126,2.25,2.33
2012.01.17 09:09:33.683,1.01245,1.0126,2.25,2.33
2012.01.17 09:09:34.233,1.01245,1.0126,2.25,2.33
2012.01.17 09:09:34.308,1.01248,1.0126,1.50,2.33
2012.01.17 09:09:34.389,1.01249,1.01262,2.70,3.75
2012.01.17 09:09:34.469,1.01252,1.01262,1.50,2.25
2012.01.17 09:09:34.551,1.01254,1.01267,1.50,1.54
2012.01.17 09:09:35.083,1.01254,1.01269,2.25,1.88
2012.01.17 09:09:35.622,1.01254,1.01269,2.25,1.13
2012.01.17 09:09:36.979,1.01252,1.01268,3.00,1.88
2012.01.17 09:09:38.296,1.01252,1.01265,2.25,1.50
2012.01.17 09:09:38.587,1.01253,1.01267,1.50,1.50
2012.01.17 09:09:39.106,1.01254,1.01269,1.50,1.73
2012.01.17 09:09:39.675,1.01254,1.0127,3.00,1.88
2012.01.17 09:09:40.261,1.01256,1.0127,1.50,2.26
2012.01.17 09:09:40.343,1.01254,1.01267,2.25,1.50
2012.01.17 09:09:40.884,1.01254,1.01267,2.25,1.50
2012.01.17 09:09:41.164,1.01254,1.0127,3.00,2.63
2012.01.17 09:09:41.683,1.01254,1.0127,3.75,2.26
2012.01.17 09:09:41.754,1.01254,1.0127,3.75,1.88
2012.01.17 09:09:42.111,1.01254,1.0127,3.75,2.26
2012.01.17 09:09:42.675,1.01254,1.0127,3.75,2.26
2012.01.17 09:09:43.235,1.01254,1.0127,3.00,1.88
2012.01.17 09:09:43.761,1.01254,1.0127,3.00,1.88
2012.01.17 09:09:44.275,1.01254,1.0127,3.75,1.88
2012.01.17 09:09:44.804,1.01254,1.0127,3.75,3.01
2012.01.17 09:09:45.350,1.01254,1.0127,3.75,2.63
2012.01.17 09:09:45.862,1.01254,1.0127,3.75,3.01
2012.01.17 09:09:46.370,1.01254,1.0127,3.00,1.88
2012.01.17 09:09:46.442,1.01254,1.0127,3.00,1.88
2012.01.17 09:09:47.004,1.01254,1.0127,3.75,3.01
2012.01.17 09:09:47.555,1.01254,1.01267,2.25,1.35
2012.01.17 09:09:47.907,1.01251,1.01265,2.63,1.50
2012.01.17 09:09:48.698,1.01251,1.01264,1.50,2.10
2012.01.17 09:09:48.784,1.01248,1.01262,2.82,1.50
2012.01.17 09:09:48.928,1.01248,1.0126,2.44,1.95
2012.01.17 09:09:49.495,1.01248,1.01263,1.50,1.50
2012.01.17 09:09:49.625,1.01248,1.01263,1.50,1.50
2012.01.17 09:09:53.344,1.01248,1.01263,1.50,1.50
2012.01.17 09:09:53.910,1.0125,1.01264,2.25,2.10
2012.01.17 09:09:54.266,1.01254,1.01267,4.39,2.25
2012.01.17 09:09:54.676,1.01255,1.01271,2.25,2.78
2012.01.17 09:09:55.221,1.01255,1.01271,1.50,3.15
2012.01.17 09:09:55.630,1.01253,1.01266,1.50,1.50
2012.01.17 09:09:56.157,1.01253,1.01266,1.50,1.50
2012.01.17 09:09:57.722,1.01253,1.01266,1.50,1.50
2012.01.17 09:09:58.262,1.01252,1.01266,3.00,1.50
2012.01.17 09:09:58.335,1.01254,1.01268,1.50,4.35
2012.01.17 09:10:00.025,1.01257,1.0127,1.50,2.63
2012.01.17 09:10:00.224,1.01253,1.01269,3.00,1.88
2012.01.17 09:10:00.833,1.01253,1.01269,3.00,1.88
2012.01.17 09:10:01.490,1.01253,1.01269,3.00,1.88
2012.01.17 09:10:02.296,1.01254,1.01269,1.50,1.88
2012.01.17 09:10:02.854,1.01254,1.01269,1.50,1.88
2012.01.17 09:10:02.987,1.01256,1.0127,1.50,1.88
2012.01.17 09:10:03.511,1.01256,1.0127,3.00,1.88
2012.01.17 09:10:04.047,1.01256,1.0127,3.00,1.88
2012.01.17 09:10:04.686,1.01256,1.01267,3.00,1.95
2012.01.17 09:10:05.451,1.01255,1.01267,4.95,2.25
2012.01.17 09:10:05.566,1.01257,1.01271,2.25,1.50
2012.01.17 09:10:05.993,1.01261,1.01277,1.50,4.88
2012.01.17 09:10:06.071,1.01263,1.01277,2.25,2.63
2012.01.17 09:10:06.617,1.01263,1.01279,2.25,3.12
2012.01.17 09:10:07.253,1.01263,1.01279,2.25,2.93
2012.01.17 09:10:07.773,1.01265,1.01279,1.50,1.05
2012.01.17 09:10:08.306,1.01263,1.01279,3.75,2.55
2012.01.17 09:10:10.962,1.01266,1.0128,1.50,3.75
2012.01.17 09:10:11.482,1.01266,1.0128,1.50,3.75
2012.01.17 09:10:11.562,1.01264,1.01278,2.25,1.50
2012.01.17 09:10:12.252,1.01263,1.01277,2.25,1.50
2012.01.17 09:10:12.397,1.01261,1.01275,1.69,1.50
2012.01.17 09:10:13.071,1.01262,1.01275,1.50,2.70
2012.01.17 09:10:13.358,1.0126,1.01274,1.50,1.88
2012.01.17 09:10:17.294,1.0126,1.01273,1.50,1.13
2012.01.17 09:10:17.434,1.0126,1.01274,1.50,1.50
2012.01.17 09:10:18.049,1.0126,1.01274,1.50,2.63
2012.01.17 09:10:18.492,1.0126,1.01272,1.50,1.13
2012.01.17 09:10:18.572,1.01255,1.01267,1.13,1.50
2012.01.17 09:10:18.853,1.01252,1.01267,1.50,1.50
2012.01.17 09:10:18.925,1.01251,1.01267,3.38,1.50
2012.01.17 09:10:19.463,1.01251,1.01267,3.00,1.50
2012.01.17 09:10:19.533,1.01251,1.01264,1.13,1.50
2012.01.17 09:10:20.073,1.0125,1.01265,2.25,1.35
2012.01.17 09:10:25.434,1.0125,1.01266,1.50,3.45
2012.01.17 09:10:25.984,1.0125,1.01265,1.50,2.70
2012.01.17 09:10:26.713,1.01249,1.0126,1.13,1.95
2012.01.17 09:10:27.376,1.01247,1.01261,1.50,1.50
2012.01.17 09:10:27.872,1.01247,1.0126,2.25,1.95
2012.01.17 09:10:28.445,1.01247,1.01261,3.23,1.50
2012.01.17 09:10:28.512,1.01247,1.01261,4.73,1.50
2012.01.17 09:10:28.583,1.01248,1.01264,2.25,2.25
2012.01.17 09:10:28.892,1.01248,1.01262,2.25,3.60
2012.01.17 09:10:29.248,1.01247,1.01259,1.13,1.88
2012.01.17 09:10:29.383,1.01245,1.01259,1.50,1.88
2012.01.17 09:10:29.923,1.01244,1.01259,2.25,1.13
2012.01.17 09:10:30.553,1.01244,1.01259,2.25,1.13
2012.01.17 09:10:30.697,1.01244,1.0126,5.70,2.25
2012.01.17 09:10:30.779,1.01245,1.0126,2.18,2.25
2012.01.17 09:10:31.140,1.01249,1.01265,2.25,2.25
2012.01.17 09:10:31.960,1.01247,1.01263,3.19,1.50
2012.01.17 09:10:32.043,1.01247,1.01261,1.69,1.50
2012.01.17 09:10:32.580,1.01248,1.01262,1.69,2.25
2012.01.17 09:10:36.722,1.01248,1.0126,3.00,1.95
2012.01.17 09:10:37.009,1.01248,1.01262,3.00,1.50
2012.01.17 09:10:37.354,1.01248,1.0126,3.00,1.95
2012.01.17 09:10:37.886,1.01248,1.01262,3.00,1.50
2012.01.17 09:10:38.608,1.01248,1.01261,2.44,1.95
2012.01.17 09:10:38.899,1.01245,1.01259,3.75,2.10
2012.01.17 09:10:39.052,1.01245,1.01257,2.25,1.35
2012.01.17 09:10:39.142,1.01245,1.01256,2.25,3.60
2012.01.17 09:10:39.637,1.01239,1.01253,1.50,1.50
2012.01.17 09:10:40.119,1.01238,1.0125,1.50,1.95
2012.01.17 09:10:40.264,1.01238,1.01252,1.50,2.25
2012.01.17 09:10:40.715,1.01238,1.01251,1.50,1.95
2012.01.17 09:10:41.267,1.01239,1.01251,1.50,1.50
2012.01.17 09:10:41.960,1.01239,1.01252,1.50,1.50
2012.01.17 09:10:42.525,1.0124,1.01254,2.25,2.10
2012.01.17 09:10:43.891,1.0124,1.01254,2.25,2.10
2012.01.17 09:10:45.312,1.0124,1.01254,2.25,1.50
2012.01.17 09:10:45.817,1.0124,1.01254,2.25,1.50
2012.01.17 09:10:46.362,1.0124,1.01254,2.25,1.50
2012.01.17 09:10:46.882,1.0124,1.01254,2.25,1.50
2012.01.17 09:10:47.750,1.0124,1.01254,2.25,1.50
2012.01.17 09:10:47.822,1.01241,1.01256,1.50,1.88
2012.01.17 09:10:49.168,1.01241,1.01256,1.50,1.50
2012.01.17 09:10:49.876,1.01241,1.01256,2.25,1.50
2012.01.17 09:10:50.021,1.01243,1.01256,3.75,1.50
2012.01.17 09:10:50.099,1.01246,1.01256,1.50,1.50
2012.01.17 09:10:50.702,1.01246,1.01257,1.50,1.05
2012.01.17 09:10:51.228,1.01245,1.01257,1.95,1.05
2012.01.17 09:10:51.765,1.01245,1.01258,1.95,1.05
2012.01.17 09:10:52.105,1.01246,1.01259,2.25,1.50
2012.01.17 09:10:52.176,1.01251,1.0126,1.95,1.50
2012.01.17 09:10:52.383,1.01251,1.01263,1.95,1.50
2012.01.17 09:10:56.052,1.01251,1.01264,1.95,2.25
2012.01.17 09:11:11.276,1.0125,1.01263,1.50,1.50
2012.01.17 09:11:11.344,1.01248,1.01262,2.25,1.50
2012.01.17 09:11:12.005,1.01248,1.01262,2.25,1.50
2012.01.17 09:11:12.446,1.01253,1.01268,1.50,1.80
2012.01.17 09:11:12.523,1.01253,1.01268,2.85,1.05
2012.01.17 09:11:12.881,1.01257,1.0127,1.50,1.87
2012.01.17 09:11:13.235,1.01259,1.01269,1.50,1.05
2012.01.17 09:11:13.891,1.01259,1.0127,1.50,1.12
2012.01.17 09:11:14.539,1.01258,1.0127,2.10,1.87
2012.01.17 09:11:16.441,1.01258,1.01272,2.85,1.50
2012.01.17 09:11:17.241,1.01258,1.01272,2.85,1.50
2012.01.17 09:11:20.494,1.01257,1.0127,1.50,1.50
2012.01.17 09:11:21.012,1.01257,1.0127,1.50,1.50
2012.01.17 09:11:21.413,1.01257,1.01272,1.50,1.50
2012.01.17 09:11:21.946,1.01259,1.01272,1.50,2.55
2012.01.17 09:11:22.085,1.01256,1.01272,3.00,4.80
2012.01.17 09:11:22.832,1.01256,1.01268,2.25,1.13
2012.01.17 09:11:23.185,1.01255,1.01269,1.50,3.98
2012.01.17 09:11:23.322,1.01253,1.01267,1.50,1.50
2012.01.17 09:11:24.246,1.01254,1.01269,2.25,1.35
2012.01.17 09:11:24.593,1.01257,1.01271,1.50,1.69
2012.01.17 09:11:25.134,1.01257,1.01271,1.50,1.50
2012.01.17 09:11:26.499,1.01255,1.01269,1.50,1.50
2012.01.17 09:11:26.959,1.01256,1.01272,4.20,2.25
2012.01.17 09:11:27.107,1.01259,1.01273,1.50,3.75
2012.01.17 09:11:27.465,1.01256,1.0127,2.25,1.50
2012.01.17 09:11:28.177,1.01256,1.0127,4.20,1.50
2012.01.17 09:11:28.257,1.01258,1.01272,1.50,2.25
2012.01.17 09:11:29.032,1.01258,1.01273,1.50,7.58
2012.01.17 09:11:29.107,1.01256,1.01272,2.25,1.50
2012.01.17 09:11:29.182,1.01261,1.01272,1.95,1.50
2012.01.17 09:11:29.537,1.01263,1.01275,1.50,1.50
2012.01.17 09:11:29.884,1.01267,1.01278,1.50,1.50
2012.01.17 09:11:30.632,1.01267,1.01278,1.50,1.05
2012.01.17 09:11:30.850,1.01263,1.01277,1.50,2.25
2012.01.17 09:11:30.998,1.01264,1.01278,1.50,1.43
2012.01.17 09:11:31.288,1.01265,1.0128,1.50,2.48
2012.01.17 09:11:33.402,1.01264,1.0128,3.00,4.05
2012.01.17 09:11:34.662,1.01265,1.0128,1.50,4.05
2012.01.17 09:11:35.284,1.01264,1.0128,3.00,4.05
2012.01.17 09:11:35.625,1.01267,1.0128,1.50,2.55
2012.01.17 09:11:36.314,1.01265,1.01278,1.50,2.18
2012.01.17 09:11:36.977,1.01264,1.01278,2.25,1.80
2012.01.17 09:11:37.292,1.0126,1.01274,8.33,1.50
2012.01.17 09:11:37.715,1.0126,1.01273,1.50,2.25
2012.01.17 09:11:37.854,1.01261,1.01275,3.00,3.45
2012.01.17 09:11:38.376,1.01262,1.01275,1.50,1.95
2012.01.17 09:11:39.436,1.01259,1.01275,3.38,3.45
2012.01.17 09:11:40.185,1.01259,1.01275,3.38,3.45
2012.01.17 09:11:40.718,1.01259,1.01275,3.38,3.45
2012.01.17 09:11:41.254,1.01259,1.01275,1.50,4.20
2012.01.17 09:11:44.227,1.0126,1.01275,1.50,4.20
2012.01.17 09:11:44.771,1.01261,1.01275,1.50,2.70
2012.01.17 09:11:50.163,1.01261,1.01277,1.50,6.00
2012.01.17 09:11:50.736,1.01261,1.01276,1.50,1.95
2012.01.17 09:11:52.843,1.01263,1.01276,1.50,2.70
2012.01.17 09:11:53.751,1.01261,1.01276,2.25,3.45
2012.01.17 09:11:54.322,1.01261,1.01276,1.50,3.46
2012.01.17 09:11:54.928,1.01261,1.01276,1.50,3.45
2012.01.17 09:11:55.856,1.0126,1.01274,1.50,1.50
2012.01.17 09:11:56.731,1.01262,1.01276,1.50,4.20
2012.01.17 09:12:02.038,1.01264,1.01276,1.50,2.70
2012.01.17 09:12:02.587,1.01266,1.01279,1.50,1.80
2012.01.17 09:12:02.844,1.01263,1.01278,1.50,2.18
2012.01.17 09:12:03.413,1.01264,1.01279,1.50,1.43
2012.01.17 09:12:03.948,1.01264,1.01279,2.48,1.43
2012.01.17 09:12:04.496,1.01272,1.01282,1.95,1.88
2012.01.17 09:12:04.774,1.01275,1.0129,1.50,1.80
2012.01.17 09:12:05.335,1.01274,1.01289,2.25,1.05
2012.01.17 09:12:05.893,1.01277,1.01289,1.50,1.05
2012.01.17 09:12:06.599,1.01277,1.0129,1.50,1.05
2012.01.17 09:12:07.142,1.01275,1.01289,2.25,2.55
2012.01.17 09:12:07.704,1.01279,1.01291,1.50,1.69
2012.01.17 09:12:07.986,1.01276,1.01291,2.25,3.45
2012.01.17 09:12:08.195,1.01278,1.01289,1.50,1.05
2012.01.17 09:12:08.724,1.01276,1.0129,3.75,3.30
2012.01.17 09:12:08.866,1.01276,1.01289,2.25,1.05
2012.01.17 09:12:09.894,1.01276,1.01289,2.25,1.05
2012.01.17 09:12:10.425,1.01275,1.01289,1.50,2.93
2012.01.17 09:12:10.565,1.01273,1.01286,1.69,1.50
2012.01.17 09:12:11.054,1.01272,1.01286,1.50,2.25
2012.01.17 09:12:11.614,1.0127,1.01284,3.75,1.88
2012.01.17 09:12:11.697,1.01267,1.01281,3.00,1.50
2012.01.17 09:12:11.908,1.01267,1.0128,1.50,1.88
2012.01.17 09:12:12.250,1.01266,1.01277,1.50,1.50
2012.01.17 09:12:12.842,1.01263,1.01277,2.48,1.50
2012.01.17 09:12:13.666,1.01263,1.01277,1.73,1.50
2012.01.17 09:12:13.931,1.01263,1.01277,1.73,2.25
2012.01.17 09:12:14.913,1.01263,1.01277,1.73,2.25
2012.01.17 09:12:15.442,1.01263,1.01277,1.73,2.25
2012.01.17 09:12:16.992,1.01263,1.01277,1.73,2.25
2012.01.17 09:12:22.932,1.01263,1.01277,1.73,2.25
2012.01.17 09:12:24.133,1.01263,1.01277,1.73,2.25
2012.01.17 09:12:24.652,1.01263,1.01276,1.73,1.50
2012.01.17 09:12:25.163,1.01263,1.01275,1.73,2.70
2012.01.17 09:12:25.763,1.01261,1.01275,1.73,4.20
2012.01.17 09:12:27.473,1.01261,1.01275,1.73,4.20
2012.01.17 09:12:29.131,1.01261,1.01275,1.73,4.20
2012.01.17 09:12:30.222,1.01261,1.01275,1.73,4.20
2012.01.17 09:12:32.994,1.01261,1.01275,1.73,3.45
2012.01.17 09:12:40.805,1.01261,1.01275,1.73,4.20
2012.01.17 09:12:41.493,1.01261,1.01275,1.73,4.20
2012.01.17 09:12:42.044,1.01261,1.01275,1.73,4.20
2012.01.17 09:12:43.258,1.01262,1.01277,1.73,1.50
2012.01.17 09:12:43.759,1.01265,1.01278,1.50,1.13
2012.01.17 09:12:43.840,1.01266,1.01278,1.50,1.13
2012.01.17 09:12:44.546,1.01266,1.0128,1.50,1.13
2012.01.17 09:12:44.947,1.01268,1.0128,1.50,3.08
2012.01.17 09:12:45.089,1.01264,1.0128,2.67,4.58
2012.01.17 09:12:45.614,1.01263,1.01275,1.92,1.95
2012.01.17 09:12:48.282,1.01265,1.01277,2.93,4.50
2012.01.17 09:12:48.563,1.01267,1.01279,1.50,1.13
2012.01.17 09:12:48.774,1.0127,1.01281,1.50,1.50
2012.01.17 09:12:49.104,1.01268,1.01281,1.50,1.50
2012.01.17 09:12:49.416,1.01265,1.0128,1.50,2.48
2012.01.17 09:12:49.687,1.01264,1.0128,3.23,2.10
2012.01.17 09:12:50.040,1.01264,1.01278,5.18,1.13
2012.01.17 09:12:50.375,1.01267,1.0128,1.50,1.13
2012.01.17 09:12:50.936,1.01267,1.0128,1.50,1.13
2012.01.17 09:12:51.897,1.01267,1.01279,1.50,1.13
2012.01.17 09:12:52.673,1.01267,1.01279,1.50,1.13
2012.01.17 09:12:55.722,1.01267,1.01279,1.50,1.13
2012.01.17 09:12:56.472,1.01267,1.01281,1.50,2.25
2012.01.17 09:12:57.030,1.01267,1.01281,1.50,1.88
2012.01.17 09:12:57.632,1.01267,1.01281,1.50,2.25
2012.01.17 09:12:58.500,1.01267,1.01281,1.50,1.88
2012.01.17 09:13:00.122,1.01267,1.01281,1.50,2.25
2012.01.17 09:13:00.734,1.01267,1.01281,1.50,1.88
2012.01.17 09:13:01.243,1.01267,1.01281,1.50,2.25
2012.01.17 09:13:01.835,1.01267,1.01281,1.50,1.88
2012.01.17 09:13:02.359,1.01267,1.01281,1.50,2.25
2012.01.17 09:13:02.872,1.01267,1.01281,1.50,1.88
2012.01.17 09:13:03.734,1.01266,1.0128,1.95,3.00
2012.01.17 09:13:04.144,1.01266,1.01277,1.95,1.50
2012.01.17 09:13:04.224,1.01266,1.0128,1.95,3.00
2012.01.17 09:13:05.012,1.01266,1.0128,1.95,3.00
2012.01.17 09:13:05.575,1.01266,1.01279,1.95,1.13
2012.01.17 09:13:06.184,1.01266,1.0128,1.95,3.00
2012.01.17 09:13:06.867,1.01266,1.0128,1.95,2.25
2012.01.17 09:13:08.055,1.01266,1.0128,1.95,3.00
2012.01.17 09:13:09.055,1.01266,1.0128,1.95,2.25
2012.01.17 09:13:09.901,1.01266,1.01279,1.95,1.13
2012.01.17 09:13:10.680,1.01266,1.01279,1.95,1.13
2012.01.17 09:13:11.501,1.01266,1.01279,1.95,1.13
2012.01.17 09:13:12.015,1.01266,1.01279,1.95,1.13
2012.01.17 09:13:12.382,1.01267,1.01281,2.25,1.50
2012.01.17 09:13:12.736,1.01276,1.01289,1.50,1.46
2012.01.17 09:13:12.803,1.01274,1.01288,1.50,1.54
2012.01.17 09:13:13.231,1.01275,1.01284,2.70,2.29
2012.01.17 09:13:13.306,1.0127,1.01284,1.13,2.29
2012.01.17 09:13:13.380,1.0127,1.01284,2.25,2.29
2012.01.17 09:13:13.905,1.01272,1.01286,2.70,2.47
2012.01.17 09:13:15.153,1.01272,1.01286,1.95,3.04
2012.01.17 09:13:15.222,1.01272,1.01286,1.95,3.00
2012.01.17 09:13:26.464,1.01272,1.01283,1.95,1.50
2012.01.17 09:13:26.535,1.01269,1.01283,3.00,1.50
2012.01.17 09:13:26.673,1.01272,1.01283,1.95,1.50
2012.01.17 09:13:26.814,1.01272,1.01285,1.95,1.50
2012.01.17 09:13:27.376,1.01273,1.01287,1.50,2.33
2012.01.17 09:13:36.002,1.01273,1.01287,1.50,2.25
2012.01.17 09:13:36.150,1.01275,1.01289,3.45,3.00
2012.01.17 09:13:36.228,1.01275,1.01289,4.20,1.88
2012.01.17 09:13:36.309,1.01277,1.0129,1.50,1.13
2012.01.17 09:13:37.254,1.01277,1.01289,1.50,1.88
2012.01.17 09:13:37.595,1.0128,1.01289,1.50,1.50
2012.01.17 09:13:37.936,1.01285,1.01295,1.50,2.25
2012.01.17 09:13:38.612,1.01285,1.01295,1.50,2.25
2012.01.17 09:13:39.510,1.01281,1.01292,1.50,1.50
2012.01.17 09:13:39.713,1.0128,1.01292,1.50,1.50
2012.01.17 09:13:41.558,1.01279,1.01292,1.50,1.88
2012.01.17 09:13:42.102,1.0128,1.01292,1.50,1.88
2012.01.17 09:13:43.092,1.0128,1.01292,1.50,1.88
2012.01.17 09:13:43.655,1.0128,1.01292,1.50,1.88
2012.01.17 09:13:44.285,1.0128,1.01292,1.50,1.88
2012.01.17 09:13:44.831,1.0128,1.01292,1.50,1.88
2012.01.17 09:13:45.602,1.0128,1.01292,1.50,1.88
2012.01.17 09:13:46.317,1.0128,1.01292,1.50,1.88
2012.01.17 09:13:47.393,1.0128,1.01292,1.50,1.88
2012.01.17 09:13:47.901,1.0128,1.01292,1.50,1.88
2012.01.17 09:13:48.611,1.0128,1.01292,1.50,1.88
2012.01.17 09:13:49.221,1.0128,1.01292,1.50,1.88
2012.01.17 09:13:49.818,1.0128,1.01292,1.50,1.88
2012.01.17 09:13:50.346,1.01278,1.0129,1.50,2.33
2012.01.17 09:13:50.595,1.01276,1.0129,1.50,3.83
2012.01.17 09:13:51.141,1.01276,1.0129,1.50,3.83
2012.01.17 09:13:51.692,1.01276,1.0129,1.50,3.83
2012.01.17 09:13:52.014,1.01277,1.01293,2.25,5.86
2012.01.17 09:13:52.603,1.01279,1.01293,1.50,3.38
2012.01.17 09:13:53.116,1.01279,1.01292,1.50,2.25
2012.01.17 09:13:53.645,1.01279,1.0129,1.50,1.88
2012.01.17 09:13:54.186,1.01279,1.0129,1.50,1.88
2012.01.17 09:13:55.542,1.01279,1.0129,1.50,1.13
2012.01.17 09:13:55.627,1.01278,1.0129,2.25,1.13
2012.01.17 09:13:55.767,1.01273,1.01289,6.00,2.63
2012.01.17 09:13:55.905,1.01274,1.01289,1.50,3.00
2012.01.17 09:13:56.176,1.01276,1.01289,1.50,1.73
2012.01.17 09:13:56.245,1.01274,1.01288,1.50,1.50
2012.01.17 09:14:00.395,1.01274,1.01288,1.50,2.44
2012.01.17 09:14:00.487,1.0127,1.01285,1.88,1.50
2012.01.17 09:14:00.615,1.01271,1.01285,1.50,1.50
2012.01.17 09:14:00.964,1.01274,1.01288,1.50,2.25
2012.01.17 09:14:01.691,1.01274,1.01288,1.50,2.25
2012.01.17 09:14:02.379,1.01276,1.0129,1.50,4.39
2012.01.17 09:14:02.596,1.01278,1.0129,1.50,2.52
2012.01.17 09:14:03.147,1.01278,1.01292,2.25,2.63
2012.01.17 09:14:03.357,1.01276,1.0129,1.50,2.63
2012.01.17 09:14:03.823,1.01278,1.01291,1.50,1.13
2012.01.17 09:14:04.095,1.01276,1.0129,1.50,1.88
2012.01.17 09:14:04.626,1.01274,1.01288,3.00,1.50
2012.01.17 09:14:04.769,1.01276,1.0129,1.50,1.88
2012.01.17 09:14:05.705,1.01276,1.0129,1.88,1.50
2012.01.17 09:14:06.270,1.0128,1.0129,1.95,1.50
2012.01.17 09:14:06.360,1.01281,1.01297,2.25,2.25
2012.01.17 09:14:06.868,1.01283,1.01299,1.50,2.93
2012.01.17 09:14:07.674,1.01286,1.01299,1.50,1.05
2012.01.17 09:14:08.232,1.01283,1.01298,3.00,1.05
2012.01.17 09:14:08.309,1.01282,1.01295,1.50,1.50
2012.01.17 09:14:08.742,1.0128,1.01293,1.35,1.50
2012.01.17 09:14:09.308,1.01279,1.01293,1.50,2.25
2012.01.17 09:14:11.863,1.0128,1.01293,3.00,1.50
2012.01.17 09:14:12.214,1.01285,1.01297,1.50,1.50
2012.01.17 09:14:12.595,1.01282,1.01297,1.35,2.25
2012.01.17 09:14:12.794,1.01284,1.01299,1.50,1.13
2012.01.17 09:14:13.703,1.01285,1.013,1.95,2.63
2012.01.17 09:14:13.778,1.01285,1.013,4.20,1.88
2012.01.17 09:14:14.453,1.01286,1.013,1.50,1.13
2012.01.17 09:14:14.795,1.01289,1.013,1.50,1.13
2012.01.17 09:14:15.323,1.01286,1.01301,2.25,1.13
2012.01.17 09:14:16.006,1.01288,1.01303,1.50,3.60
2012.01.17 09:14:16.555,1.01291,1.01304,1.50,1.88
2012.01.17 09:14:16.696,1.01287,1.01303,3.60,3.00
2012.01.17 09:14:20.126,1.01287,1.013,3.60,1.95
2012.01.17 09:14:20.454,1.01286,1.01298,3.00,2.93
2012.01.17 09:14:20.528,1.01284,1.01297,1.50,4.20
2012.01.17 09:14:20.604,1.01284,1.01295,1.50,1.50
2012.01.17 09:14:20.752,1.01284,1.01297,2.14,1.50
2012.01.17 09:14:20.827,1.01287,1.013,1.50,1.88
2012.01.17 09:14:20.894,1.01287,1.013,1.50,1.13
2012.01.17 09:14:21.296,1.01285,1.013,1.50,3.83
2012.01.17 09:14:21.701,1.01284,1.013,1.50,4.58
2012.01.17 09:14:22.234,1.01282,1.01295,2.25,1.50
2012.01.17 09:14:22.505,1.01281,1.01295,1.88,1.50
2012.01.17 09:14:23.105,1.01281,1.01295,1.50,2.10
2012.01.17 09:14:23.247,1.01279,1.01293,1.50,1.50
2012.01.17 09:14:23.524,1.01274,1.0129,5.71,1.50
2012.01.17 09:14:23.919,1.01274,1.0129,4.96,1.50
2012.01.17 09:14:24.482,1.01277,1.0129,1.50,1.95
2012.01.17 09:14:25.246,1.01277,1.01291,2.25,1.50
2012.01.17 09:14:25.318,1.01279,1.01293,1.50,4.50
2012.01.17 09:14:25.664,1.01279,1.0129,1.50,1.95
2012.01.17 09:14:25.807,1.01277,1.0129,1.50,1.95
2012.01.17 09:14:26.384,1.01274,1.0129,3.01,3.45
2012.01.17 09:14:26.917,1.01274,1.0129,3.76,3.45
2012.01.17 09:14:28.516,1.01274,1.0129,3.01,3.45
2012.01.17 09:14:29.112,1.01274,1.0129,3.01,3.45
2012.01.17 09:14:29.501,1.01277,1.0129,1.50,1.95
2012.01.17 09:14:30.386,1.01277,1.01291,2.25,1.50
2012.01.17 09:14:30.523,1.01279,1.01293,1.50,2.25
2012.01.17 09:14:31.135,1.01279,1.01293,1.50,2.85
2012.01.17 09:14:31.275,1.01276,1.0129,1.50,1.50
2012.01.17 09:14:31.839,1.01276,1.0129,2.25,1.50
2012.01.17 09:14:32.393,1.01276,1.0129,3.60,1.50
2012.01.17 09:14:32.736,1.01279,1.0129,1.50,1.95
2012.01.17 09:14:32.809,1.01277,1.0129,2.25,1.95
2012.01.17 09:14:33.226,1.0128,1.01291,1.95,1.50
2012.01.17 09:14:33.299,1.0128,1.01295,1.95,2.25
2012.01.17 09:14:33.850,1.01284,1.01298,1.50,3.79
2012.01.17 09:14:34.399,1.01284,1.01298,1.50,2.44
2012.01.17 09:14:36.726,1.01284,1.01298,1.50,2.25
2012.01.17 09:14:37.785,1.01282,1.01296,1.50,4.13
2012.01.17 09:14:37.864,1.0128,1.01294,1.50,2.25
2012.01.17 09:14:38.302,1.01272,1.01288,3.24,2.25
2012.01.17 09:14:38.447,1.01272,1.01288,2.48,2.25
2012.01.17 09:14:38.585,1.01275,1.01288,1.95,2.25
2012.01.17 09:14:38.868,1.01276,1.0129,1.50,1.13
2012.01.17 09:14:39.086,1.01278,1.01294,1.50,4.13
2012.01.17 09:14:39.215,1.01278,1.01294,1.50,3.38
2012.01.17 09:14:39.355,1.01275,1.01289,3.45,1.50
2012.01.17 09:14:39.429,1.01275,1.01289,4.95,1.50
2012.01.17 09:14:40.291,1.01276,1.0129,2.25,1.95
2012.01.17 09:14:42.754,1.01277,1.0129,1.50,1.95
2012.01.17 09:14:43.310,1.0128,1.01294,4.20,3.01
2012.01.17 09:14:43.817,1.01277,1.01292,1.50,1.50
2012.01.17 09:14:44.266,1.01276,1.01291,2.25,1.95
2012.01.17 09:14:52.706,1.01274,1.0129,3.75,1.50
2012.01.17 09:14:53.213,1.01274,1.0129,3.00,1.50
2012.01.17 09:14:53.284,1.01274,1.0129,3.00,1.88
2012.01.17 09:14:53.944,1.01274,1.0129,3.00,1.88
2012.01.17 09:14:54.498,1.01274,1.0129,2.25,1.50
2012.01.17 09:14:54.975,1.01277,1.01291,2.25,1.50
2012.01.17 09:14:55.048,1.01278,1.01294,2.25,1.50
2012.01.17 09:14:55.620,1.01278,1.01291,2.25,1.95
2012.01.17 09:14:56.172,1.01276,1.01292,3.00,1.50
2012.01.17 09:14:56.567,1.01277,1.01289,2.25,1.50
2012.01.17 09:14:57.311,1.01275,1.01289,2.25,1.50
2012.01.17 09:14:57.765,1.01277,1.01291,2.25,3.45
2012.01.17 09:15:02.454,1.01277,1.01291,3.00,1.50
2012.01.17 09:15:02.727,1.01279,1.01293,2.25,1.50
2012.01.17 09:15:04.873,1.01277,1.01292,1.50,1.50
2012.01.17 09:15:05.458,1.01276,1.01292,3.00,1.50
2012.01.17 09:15:11.014,1.01276,1.01292,4.95,1.50
2012.01.17 09:15:11.202,1.01278,1.01294,2.25,3.75
2012.01.17 09:15:11.812,1.01278,1.01294,2.25,3.00
2012.01.17 09:15:14.004,1.01278,1.01294,2.25,3.00
2012.01.17 09:15:15.327,1.01281,1.01294,1.95,3.00
2012.01.17 09:15:15.815,1.01282,1.01298,1.50,3.19
2012.01.17 09:15:15.888,1.01285,1.01298,1.50,1.24
2012.01.17 09:15:16.404,1.01285,1.01299,1.50,2.93
2012.01.17 09:15:18.303,1.01285,1.01299,3.00,2.55
2012.01.17 09:15:18.432,1.01287,1.01299,1.50,1.05
2012.01.17 09:15:18.984,1.01289,1.01302,1.50,1.12
2012.01.17 09:15:19.458,1.01286,1.01299,3.75,1.05
2012.01.17 09:15:19.971,1.01286,1.01299,1.50,1.05
2012.01.17 09:15:20.527,1.01286,1.01299,1.50,1.05
2012.01.17 09:15:21.039,1.01286,1.01299,1.50,1.05
2012.01.17 09:15:24.002,1.01286,1.01299,1.50,1.05
2012.01.17 09:15:24.522,1.01286,1.01299,1.50,1.05
2012.01.17 09:15:25.081,1.01286,1.01299,1.50,1.05
2012.01.17 09:15:27.485,1.01284,1.01298,1.51,2.55
2012.01.17 09:15:28.687,1.01285,1.01298,1.50,1.05
2012.01.17 09:15:28.826,1.01285,1.01298,1.50,1.05
2012.01.17 09:15:29.362,1.01284,1.01298,1.50,2.25
2012.01.17 09:15:29.872,1.01286,1.01299,1.50,1.43
2012.01.17 09:15:30.938,1.01286,1.01298,1.50,1.05
2012.01.17 09:15:31.445,1.01286,1.01298,1.50,1.05
2012.01.17 09:15:32.188,1.01285,1.01298,1.95,2.25
2012.01.17 09:15:32.256,1.01285,1.01298,1.95,1.50
2012.01.17 09:15:32.609,1.01288,1.01298,1.50,1.05
2012.01.17 09:15:32.756,1.01285,1.01299,1.50,1.05
2012.01.17 09:15:32.897,1.01283,1.01299,1.89,2.93
2012.01.17 09:15:33.675,1.01283,1.01298,2.26,1.05
2012.01.17 09:15:35.958,1.01283,1.01298,2.26,1.05
2012.01.17 09:15:36.105,1.01286,1.01298,1.50,1.05
2012.01.17 09:15:36.635,1.01286,1.01299,1.50,1.05
2012.01.17 09:15:40.622,1.01288,1.01298,1.50,1.05
2012.01.17 09:15:40.990,1.01288,1.01301,1.50,1.73
2012.01.17 09:15:41.626,1.01286,1.013,1.13,1.43
2012.01.17 09:15:42.277,1.01285,1.013,1.88,1.43
2012.01.17 09:15:42.926,1.01285,1.01299,1.88,1.43
2012.01.17 09:15:43.449,1.01285,1.013,1.88,1.43
2012.01.17 09:15:43.954,1.01285,1.013,1.50,1.73
2012.01.17 09:15:44.464,1.01285,1.013,1.50,1.73
2012.01.17 09:15:45.224,1.01285,1.01299,1.50,1.05
2012.01.17 09:15:45.768,1.01285,1.01301,3.00,2.85
2012.01.17 09:15:46.690,1.01282,1.01295,1.50,1.50
2012.01.17 09:15:47.045,1.0128,1.01292,1.50,1.50
2012.01.17 09:15:47.185,1.0128,1.01292,2.70,1.50
2012.01.17 09:15:47.398,1.0128,1.01296,4.20,2.44
2012.01.17 09:15:47.477,1.0128,1.01295,4.20,1.80
2012.01.17 09:15:47.762,1.01278,1.0129,2.25,1.35
2012.01.17 09:15:48.244,1.01275,1.0129,4.95,3.61
2012.01.17 09:15:48.333,1.01279,1.01293,1.50,2.85
2012.01.17 09:15:48.692,1.01279,1.0129,1.50,2.70
2012.01.17 09:15:49.245,1.01274,1.0129,2.26,3.45
2012.01.17 09:15:49.801,1.01274,1.0129,2.26,3.45
2012.01.17 09:15:52.635,1.01274,1.0129,2.25,3.45
2012.01.17 09:15:53.133,1.01273,1.01288,1.50,1.50
2012.01.17 09:15:53.725,1.01274,1.0129,2.25,4.95
2012.01.17 09:15:54.543,1.01276,1.0129,2.25,1.95
2012.01.17 09:15:55.059,1.01277,1.01292,3.00,3.75
2012.01.17 09:15:55.674,1.01279,1.01291,2.25,1.95
2012.01.17 09:15:56.177,1.01277,1.01291,3.00,3.45
2012.01.17 09:15:58.386,1.01277,1.01291,3.00,3.45
2012.01.17 09:16:00.202,1.01276,1.0129,1.50,1.88
2012.01.17 09:16:00.333,1.01275,1.0129,1.88,1.88
2012.01.17 09:16:01.203,1.01275,1.0129,1.13,2.48
2012.01.17 09:16:01.737,1.01275,1.0129,1.13,2.86
2012.01.17 09:16:02.288,1.01275,1.0129,1.13,2.48
2012.01.17 09:16:02.594,1.01275,1.01285,1.13,1.50
2012.01.17 09:16:02.844,1.01275,1.0129,1.13,2.48
2012.01.17 09:16:03.226,1.01277,1.01291,1.50,4.43
2012.01.17 09:16:03.371,1.01274,1.01289,2.25,1.88
2012.01.17 09:16:03.449,1.01274,1.01285,1.50,1.50
2012.01.17 09:16:03.839,1.01277,1.01286,1.50,1.50
2012.01.17 09:16:03.911,1.01277,1.0129,1.50,1.36
2012.01.17 09:16:04.054,1.01275,1.01289,1.50,1.50
2012.01.17 09:16:04.555,1.01274,1.01289,2.25,2.26
2012.01.17 09:16:06.812,1.01274,1.01289,1.50,1.50
2012.01.17 09:16:07.401,1.01274,1.01289,3.00,2.26
2012.01.17 09:16:07.961,1.01274,1.01289,3.00,2.26
2012.01.17 09:16:08.291,1.01278,1.01291,1.50,2.33
2012.01.17 09:16:08.687,1.01275,1.01286,2.25,1.50
2012.01.17 09:16:08.825,1.01274,1.01288,3.75,1.50
2012.01.17 09:16:09.293,1.01275,1.01291,2.44,4.21
2012.01.17 09:16:09.554,1.01275,1.0129,1.69,1.13
2012.01.17 09:16:10.602,1.01275,1.0129,1.69,1.13
2012.01.17 09:16:13.173,1.01275,1.0129,1.69,1.13
2012.01.17 09:16:14.490,1.01275,1.0129,1.69,3.08
2012.01.17 09:16:15.069,1.01275,1.0129,1.69,3.08
2012.01.17 09:16:15.640,1.01275,1.0129,1.69,3.08
2012.01.17 09:16:16.129,1.01274,1.01288,1.69,1.50
2012.01.17 09:16:17.114,1.01274,1.01288,1.50,1.50
2012.01.17 09:16:18.284,1.01274,1.01288,1.50,2.25
2012.01.17 09:16:19.871,1.01272,1.01285,1.50,1.50
2012.01.17 09:16:20.089,1.0127,1.01284,3.45,1.50
2012.01.17 09:16:20.168,1.0127,1.01284,1.95,2.25
2012.01.17 09:16:20.518,1.0127,1.01284,1.95,2.25
2012.01.17 09:16:20.736,1.0127,1.01284,3.45,1.50
2012.01.17 09:16:25.228,1.01272,1.01285,1.50,1.50
2012.01.17 09:16:25.379,1.01272,1.01288,1.50,3.30
2012.01.17 09:16:25.881,1.01273,1.01287,1.50,2.25
2012.01.17 09:16:26.317,1.01276,1.0129,1.50,5.55
2012.01.17 09:16:27.933,1.01274,1.01289,1.69,1.80
2012.01.17 09:16:30.296,1.01274,1.01289,1.69,1.80
2012.01.17 09:16:30.979,1.01276,1.0129,1.50,7.05
2012.01.17 09:16:31.247,1.01274,1.01288,3.19,1.80
2012.01.17 09:16:31.752,1.01274,1.01287,2.44,1.50
2012.01.17 09:16:32.104,1.01277,1.0129,1.50,3.68
2012.01.17 09:16:32.455,1.0128,1.01289,1.50,1.43
2012.01.17 09:16:32.525,1.01278,1.0129,1.50,1.43
2012.01.17 09:16:32.668,1.01275,1.01289,2.63,1.05
2012.01.17 09:16:32.746,1.01274,1.01286,3.19,1.50
2012.01.17 09:16:33.258,1.01274,1.01286,1.69,1.50
2012.01.17 09:16:33.396,1.01276,1.0129,1.50,1.43
2012.01.17 09:16:33.464,1.01274,1.01289,7.39,1.43
2012.01.17 09:16:33.532,1.01274,1.01287,4.39,1.50
2012.01.17 09:16:34.043,1.01277,1.0129,1.50,3.75
2012.01.17 09:16:34.172,1.01275,1.01287,2.25,1.50
2012.01.17 09:16:34.683,1.01275,1.0129,2.25,5.86
2012.01.17 09:16:37.183,1.01273,1.01285,3.19,1.50
2012.01.17 09:16:37.457,1.01276,1.0129,1.50,3.76
2012.01.17 09:16:37.795,1.01279,1.0129,1.50,1.73
2012.01.17 09:16:37.995,1.01276,1.0129,1.50,1.73
2012.01.17 09:16:38.522,1.01275,1.01289,2.25,1.80
2012.01.17 09:16:41.100,1.01274,1.01286,1.88,1.50
2012.01.17 09:16:41.433,1.01274,1.01284,2.63,1.50
2012.01.17 09:16:41.757,1.01274,1.01286,2.63,1.50
2012.01.17 09:16:41.822,1.01275,1.01289,2.25,1.80
2012.01.17 09:16:42.072,1.01278,1.0129,1.50,3.68
2012.01.17 09:16:42.704,1.01278,1.01289,1.50,1.43
2012.01.17 09:16:42.776,1.01275,1.01289,1.50,1.43
2012.01.17 09:16:43.108,1.01273,1.01288,1.50,1.65
2012.01.17 09:16:43.609,1.01271,1.01287,1.88,2.25
2012.01.17 09:16:43.822,1.01271,1.01287,2.63,2.25
2012.01.17 09:16:45.205,1.01271,1.01287,1.88,3.75
2012.01.17 09:16:48.495,1.01274,1.01288,1.50,2.85
2012.01.17 09:16:48.907,1.01277,1.01288,1.50,1.05
2012.01.17 09:16:49.044,1.01273,1.01288,1.50,1.05
2012.01.17 09:16:50.527,1.01271,1.01287,2.63,2.85
2012.01.17 09:16:50.782,1.01274,1.01286,1.50,1.50
2012.01.17 09:16:51.042,1.01274,1.01288,1.50,2.55
2012.01.17 09:16:51.292,1.01272,1.01286,1.88,1.50
2012.01.17 09:16:51.882,1.01274,1.01288,1.50,2.55
2012.01.17 09:16:52.394,1.01275,1.01288,1.50,1.05
2012.01.17 09:16:53.060,1.01274,1.01288,1.50,2.55
2012.01.17 09:16:54.104,1.01271,1.01285,2.82,1.50
2012.01.17 09:16:54.494,1.01273,1.01289,1.50,2.55
2012.01.17 09:16:55.279,1.01274,1.01289,1.50,1.05
2012.01.17 09:16:56.060,1.01274,1.01288,1.50,1.05
2012.01.17 09:16:56.846,1.01274,1.01288,1.50,1.05
2012.01.17 09:16:59.848,1.01273,1.01287,1.50,1.50
2012.01.17 09:17:00.176,1.01271,1.01285,1.88,1.50
2012.01.17 09:17:01.134,1.0127,1.01284,1.32,1.50
2012.01.17 09:17:01.733,1.0127,1.01284,1.13,1.50
2012.01.17 09:17:02.242,1.01271,1.01285,1.88,3.00
2012.01.17 09:17:03.577,1.01269,1.01284,3.83,1.50
2012.01.17 09:17:04.262,1.01271,1.01285,1.88,3.00
2012.01.17 09:17:07.400,1.01271,1.01285,1.88,3.00
2012.01.17 09:17:07.853,1.01271,1.01285,1.88,3.00
2012.01.17 09:17:15.242,1.01271,1.01285,1.88,3.41
2012.01.17 09:17:15.592,1.01268,1.01277,2.25,1.50
2012.01.17 09:17:15.675,1.01264,1.01276,1.35,1.50
2012.01.17 09:17:16.187,1.01262,1.0127,1.73,1.95
2012.01.17 09:17:16.268,1.01261,1.01272,1.13,3.75
2012.01.17 09:17:16.343,1.01263,1.01274,1.50,1.50
2012.01.17 09:17:16.421,1.01262,1.01276,2.25,1.50
2012.01.17 09:17:16.953,1.01262,1.01277,2.48,3.00
2012.01.17 09:17:19.065,1.01262,1.01277,2.48,3.00
2012.01.17 09:17:19.617,1.01263,1.01277,1.73,3.00
2012.01.17 09:17:21.314,1.01263,1.01277,1.73,3.00
2012.01.17 09:17:21.933,1.01263,1.01277,1.73,3.00
2012.01.17 09:17:23.689,1.01263,1.01277,1.73,3.00
2012.01.17 09:17:24.228,1.01263,1.01277,1.73,2.25
2012.01.17 09:17:24.743,1.01262,1.01277,1.73,2.25
2012.01.17 09:17:26.598,1.01262,1.01275,1.73,2.10
2012.01.17 09:17:26.743,1.0126,1.01274,1.50,1.35
2012.01.17 09:17:26.815,1.01259,1.01271,1.50,1.50
2012.01.17 09:17:27.164,1.01258,1.01271,2.25,1.88
2012.01.17 09:17:27.729,1.01257,1.0127,1.50,3.60
2012.01.17 09:17:28.093,1.01257,1.01266,1.50,2.25
2012.01.17 09:17:28.430,1.01252,1.01266,1.50,1.50
2012.01.17 09:17:30.156,1.01252,1.01266,1.50,1.50
2012.01.17 09:17:30.662,1.01253,1.01266,1.50,1.50
2012.01.17 09:17:31.716,1.01252,1.01266,1.50,1.88
2012.01.17 09:17:32.432,1.01252,1.01266,1.50,1.88
2012.01.17 09:17:32.646,1.01252,1.01266,1.50,2.63
2012.01.17 09:17:32.967,1.0125,1.01263,2.25,1.13
2012.01.17 09:17:33.103,1.01248,1.01263,3.00,1.50
2012.01.17 09:17:33.615,1.01248,1.01263,3.00,2.25
2012.01.17 09:17:34.044,1.01248,1.01263,3.00,1.50
2012.01.17 09:17:34.175,1.0125,1.01264,1.35,2.25
2012.01.17 09:17:34.736,1.01253,1.01266,2.25,1.50
2012.01.17 09:17:35.088,1.01256,1.01267,1.50,1.05
2012.01.17 09:17:35.386,1.01256,1.0127,4.58,1.72
2012.01.17 09:17:35.738,1.01262,1.01272,1.50,1.50
2012.01.17 09:17:36.262,1.01262,1.01273,1.50,1.50
2012.01.17 09:17:36.763,1.01263,1.01273,1.50,1.50
2012.01.17 09:17:37.131,1.01263,1.01271,1.50,1.95
2012.01.17 09:17:37.219,1.01259,1.01271,2.25,1.95
2012.01.17 09:17:37.505,1.01257,1.01273,2.25,2.10
2012.01.17 09:17:37.645,1.01258,1.01273,2.25,2.10
2012.01.17 09:17:37.988,1.01258,1.01272,2.25,3.46
2012.01.17 09:17:38.135,1.01256,1.01271,1.35,1.50
2012.01.17 09:17:38.322,1.01256,1.01271,3.30,1.65
2012.01.17 09:17:38.677,1.01258,1.01271,2.25,1.95
2012.01.17 09:17:38.745,1.01258,1.01271,1.50,1.95
2012.01.17 09:17:47.503,1.01258,1.01271,2.25,3.45
2012.01.17 09:17:47.702,1.01258,1.01271,1.50,1.50
2012.01.17 09:17:47.963,1.0126,1.01272,1.50,2.25
2012.01.17 09:17:48.605,1.01257,1.01272,2.25,5.70
2012.01.17 09:17:49.112,1.01258,1.01273,2.25,1.50
2012.01.17 09:17:51.185,1.01258,1.01273,1.50,1.50
2012.01.17 09:17:51.874,1.01257,1.01273,3.00,2.25
2012.01.17 09:17:53.585,1.01259,1.01273,1.50,1.50
2012.01.17 09:17:53.828,1.01257,1.01273,3.00,2.25
2012.01.17 09:17:54.812,1.01257,1.01273,3.00,2.25
2012.01.17 09:17:56.322,1.01257,1.01273,3.00,2.25
2012.01.17 09:17:57.574,1.01258,1.01273,1.50,2.25
2012.01.17 09:17:58.132,1.01257,1.01273,3.00,2.25
2012.01.17 09:17:58.653,1.01258,1.01273,1.50,2.25
2012.01.17 09:17:59.822,1.01257,1.01273,3.00,2.25
2012.01.17 09:18:00.341,1.01258,1.01273,1.50,2.25
2012.01.17 09:18:01.253,1.01258,1.01273,1.50,2.25
2012.01.17 09:18:01.787,1.01257,1.01273,3.00,2.25
2012.01.17 09:18:02.602,1.01258,1.01273,1.50,2.25
2012.01.17 09:18:02.928,1.01257,1.0127,1.50,1.88
2012.01.17 09:18:03.289,1.01257,1.01267,1.50,1.50
2012.01.17 09:18:03.647,1.01253,1.01261,1.50,1.50
2012.01.17 09:18:03.789,1.01248,1.01261,1.50,1.50
2012.01.17 09:18:04.124,1.01247,1.01261,3.00,2.63
2012.01.17 09:18:04.678,1.01248,1.01259,1.50,2.63
2012.01.17 09:18:05.236,1.01247,1.01258,1.50,1.13
2012.01.17 09:18:06.475,1.01248,1.01258,1.50,1.13
2012.01.17 09:18:06.991,1.01247,1.01259,1.50,2.63
2012.01.17 09:18:08.492,1.01248,1.01258,1.50,1.13
2012.01.17 09:18:08.762,1.01247,1.01259,1.50,2.63
2012.01.17 09:18:09.291,1.01247,1.01259,1.50,2.63
2012.01.17 09:18:09.717,1.01247,1.01258,1.50,1.95
2012.01.17 09:18:10.162,1.01238,1.01252,4.73,1.50
2012.01.17 09:18:10.246,1.01238,1.01252,2.25,1.50
2012.01.17 09:18:10.635,1.01238,1.01252,3.23,1.50
2012.01.17 09:18:11.555,1.01238,1.01252,3.23,2.25
2012.01.17 09:18:11.694,1.01238,1.01252,3.00,2.25
2012.01.17 09:18:12.452,1.0124,1.01252,2.70,2.25
2012.01.17 09:18:12.673,1.0124,1.01252,2.70,2.25
2012.01.17 09:18:13.213,1.01238,1.01252,2.25,2.25
2012.01.17 09:18:14.106,1.01238,1.0125,2.25,1.13
2012.01.17 09:18:14.640,1.01238,1.01252,3.00,1.88
2012.01.17 09:18:15.166,1.01238,1.01252,2.25,1.88
2012.01.17 09:18:15.695,1.01238,1.01252,2.25,1.88
2012.01.17 09:18:16.208,1.01238,1.01252,3.00,1.88
2012.01.17 09:18:16.784,1.01238,1.01252,2.25,1.88
2012.01.17 09:18:17.398,1.01239,1.01252,1.50,1.88
2012.01.17 09:18:17.730,1.01237,1.01246,1.50,3.08
2012.01.17 09:18:18.089,1.01237,1.01243,1.50,1.50
2012.01.17 09:18:18.170,1.01229,1.01243,3.00,1.50
2012.01.17 09:18:18.318,1.01231,1.01243,1.95,1.50
2012.01.17 09:18:18.860,1.01228,1.01243,2.10,1.50
2012.01.17 09:18:19.217,1.01233,1.01243,1.50,1.50
2012.01.17 09:18:19.284,1.0123,1.01243,1.50,1.50
2012.01.17 09:18:19.357,1.01228,1.01243,2.85,1.50
2012.01.17 09:18:19.902,1.01228,1.01243,2.10,1.50
2012.01.17 09:18:20.480,1.01228,1.01243,2.10,1.50
2012.01.17 09:18:21.685,1.01228,1.01243,2.10,1.50
2012.01.17 09:18:22.320,1.01228,1.01243,2.85,1.50
2012.01.17 09:18:23.034,1.01228,1.01243,2.10,1.50
2012.01.17 09:18:23.864,1.01228,1.01243,2.10,1.50
2012.01.17 09:18:25.567,1.0123,1.01244,2.25,1.50
2012.01.17 09:18:26.059,1.0123,1.01244,5.70,1.50
2012.01.17 09:18:26.139,1.01233,1.01248,1.50,4.28
2012.01.17 09:18:26.216,1.01233,1.01248,1.50,2.78
2012.01.17 09:18:26.736,1.01232,1.01246,1.50,2.25
2012.01.17 09:18:28.246,1.01234,1.01248,1.50,2.93
2012.01.17 09:18:28.750,1.01235,1.01248,2.14,4.43
2012.01.17 09:18:29.262,1.01236,1.01249,1.50,1.73
2012.01.17 09:18:29.605,1.01233,1.01247,2.63,1.50
2012.01.17 09:18:31.168,1.01233,1.01247,1.88,2.55
2012.01.17 09:18:31.896,1.01231,1.01245,2.63,1.50
2012.01.17 09:18:32.108,1.0123,1.01243,1.95,1.50
2012.01.17 09:18:32.664,1.01228,1.01242,2.10,1.50
2012.01.17 09:18:33.194,1.01229,1.01243,2.25,1.50
2012.01.17 09:18:33.465,1.0123,1.01246,2.25,4.39
2012.01.17 09:18:33.883,1.0123,1.01246,4.95,1.69
2012.01.17 09:18:33.976,1.01233,1.01247,1.50,2.25
2012.01.17 09:18:34.401,1.01234,1.01247,3.00,1.05
2012.01.17 09:18:36.177,1.01234,1.01247,1.50,1.05
2012.01.17 09:18:37.197,1.01233,1.01248,1.50,3.53
2012.01.17 09:18:38.136,1.01234,1.01247,1.50,1.05
2012.01.17 09:18:38.645,1.01234,1.01248,1.50,3.15
2012.01.17 09:18:39.487,1.01234,1.01247,1.50,1.05
2012.01.17 09:18:41.008,1.01233,1.01246,1.50,1.30
2012.01.17 09:18:41.370,1.01228,1.01241,3.75,2.10
2012.01.17 09:18:41.837,1.01231,1.01242,1.50,5.70
2012.01.17 09:18:42.185,1.01231,1.01245,1.50,4.54
2012.01.17 09:18:42.393,1.01229,1.01243,2.25,1.50
2012.01.17 09:18:44.449,1.01231,1.01247,3.45,3.68
2012.01.17 09:18:44.596,1.01231,1.01247,3.45,3.30
2012.01.17 09:18:45.145,1.01231,1.01247,2.25,2.25
2012.01.17 09:18:45.703,1.01233,1.01249,1.50,2.63
2012.01.17 09:18:46.353,1.01233,1.01249,1.50,1.50
2012.01.17 09:18:46.895,1.01234,1.01249,1.95,1.50
2012.01.17 09:18:49.655,1.01235,1.01249,1.95,1.50
2012.01.17 09:18:49.856,1.01233,1.01249,1.50,1.50
2012.01.17 09:18:50.407,1.01233,1.01248,1.50,1.13
2012.01.17 09:18:52.927,1.01233,1.01249,1.50,1.88
2012.01.17 09:18:53.432,1.01233,1.01249,1.50,2.63
2012.01.17 09:18:53.562,1.01233,1.01246,1.50,2.10
2012.01.17 09:18:53.894,1.01229,1.01243,3.00,1.50
2012.01.17 09:18:54.403,1.01229,1.01243,2.25,2.10
2012.01.17 09:18:56.937,1.01229,1.0124,2.25,1.95
2012.01.17 09:18:57.146,1.01225,1.01239,3.00,1.50
2012.01.17 09:18:58.542,1.01223,1.01238,1.50,2.25
2012.01.17 09:18:58.909,1.01225,1.01237,1.50,1.13
2012.01.17 09:18:59.067,1.01226,1.01241,1.50,1.50
2012.01.17 09:18:59.144,1.01229,1.01243,1.50,6.00
2012.01.17 09:18:59.222,1.01229,1.01243,1.50,2.10
2012.01.17 09:18:59.506,1.01229,1.0124,1.50,1.95
2012.01.17 09:18:59.582,1.01226,1.01239,1.13,1.50
2012.01.17 09:19:00.125,1.01227,1.0124,1.50,1.95
2012.01.17 09:19:00.540,1.01225,1.01239,2.25,1.50
2012.01.17 09:19:00.756,1.01227,1.0124,1.50,1.95
2012.01.17 09:19:01.093,1.01227,1.01243,2.25,2.10
2012.01.17 09:19:01.607,1.01227,1.01241,1.50,2.70
2012.01.17 09:19:02.147,1.01226,1.0124,2.25,1.50
2012.01.17 09:19:02.692,1.01224,1.01239,1.50,1.50
2012.01.17 09:19:05.997,1.01226,1.0124,2.25,1.50
2012.01.17 09:19:08.015,1.01228,1.01242,1.50,1.50
2012.01.17 09:19:08.604,1.01226,1.01241,2.70,1.50
2012.01.17 09:19:09.396,1.01226,1.01241,2.70,2.25
2012.01.17 09:19:09.525,1.01227,1.01243,2.25,1.50
2012.01.17 09:19:14.635,1.01227,1.01243,2.63,1.50
2012.01.17 09:19:14.710,1.01231,1.01243,1.95,1.50
2012.01.17 09:19:14.790,1.01231,1.01246,3.45,1.58
2012.01.17 09:19:15.417,1.01231,1.01247,3.45,2.33
2012.01.17 09:19:17.895,1.01231,1.01247,3.45,2.33
2012.01.17 09:19:18.427,1.01231,1.01244,1.95,1.50
2012.01.17 09:19:18.496,1.01231,1.01247,3.45,2.33
2012.01.17 09:19:21.971,1.01232,1.01247,1.50,2.33
2012.01.17 09:19:22.052,1.01236,1.01248,2.25,1.50
2012.01.17 09:19:22.340,1.01238,1.01251,2.25,3.45
2012.01.17 09:19:22.419,1.01239,1.01251,1.50,3.45
2012.01.17 09:19:22.915,1.01243,1.01253,1.50,2.25
2012.01.17 09:19:23.000,1.01243,1.01257,1.50,1.80
2012.01.17 09:19:25.375,1.01243,1.01257,1.50,4.35
2012.01.17 09:19:25.517,1.0124,1.01256,5.70,3.04
2012.01.17 09:19:26.596,1.01239,1.01253,3.00,1.50
2012.01.17 09:19:26.796,1.01239,1.01253,2.25,1.50
2012.01.17 09:19:27.104,1.01238,1.0125,1.50,1.50
2012.01.17 09:19:27.435,1.01238,1.01253,1.50,1.50
2012.01.17 09:19:28.262,1.01239,1.01254,2.25,1.50
2012.01.17 09:19:28.777,1.01238,1.01252,3.00,1.50
2012.01.17 09:19:29.387,1.01242,1.01255,1.50,1.69
2012.01.17 09:19:29.701,1.01242,1.01256,1.50,2.25
2012.01.17 09:19:30.265,1.01243,1.01258,1.50,4.28
2012.01.17 09:19:31.417,1.01242,1.01256,1.50,1.50
2012.01.17 09:19:35.591,1.01243,1.01258,1.50,1.43
2012.01.17 09:19:36.394,1.01243,1.01258,1.50,1.05
2012.01.17 09:19:39.243,1.01243,1.01258,1.50,1.43
2012.01.17 09:19:41.275,1.01243,1.01258,1.50,1.43
2012.01.17 09:19:43.122,1.01243,1.01259,2.25,2.18
2012.01.17 09:19:43.676,1.01246,1.01259,1.50,1.80
2012.01.17 09:19:44.652,1.01245,1.01259,2.70,3.30
2012.01.17 09:19:45.197,1.01245,1.01259,1.95,3.30
2012.01.17 09:19:45.735,1.01245,1.01259,1.95,3.60
2012.01.17 09:19:46.314,1.01246,1.01259,1.50,1.35
2012.01.17 09:19:47.625,1.01245,1.01258,1.95,2.18
2012.01.17 09:19:47.968,1.01242,1.01255,2.25,1.50
2012.01.17 09:19:48.119,1.0124,1.01252,1.13,1.50
2012.01.17 09:19:48.199,1.01241,1.01254,1.95,1.50
2012.01.17 09:19:48.742,1.01239,1.01253,1.50,1.50
2012.01.17 09:19:49.436,1.01236,1.01252,3.00,1.50
2012.01.17 09:19:49.513,1.01236,1.01252,3.00,2.25
2012.01.17 09:19:49.800,1.01236,1.01251,3.00,3.60
2012.01.17 09:19:49.952,1.01236,1.01248,1.50,1.50
2012.01.17 09:19:50.035,1.01234,1.01246,1.50,2.25
2012.01.17 09:19:50.110,1.0123,1.01246,4.02,2.25
2012.01.17 09:19:52.276,1.01231,1.01246,1.13,1.50
2012.01.17 09:19:52.351,1.01233,1.01248,2.25,3.60
2012.01.17 09:19:52.434,1.01236,1.01248,3.30,2.25
2012.01.17 09:19:52.723,1.0124,1.01254,1.50,2.63
2012.01.17 09:19:52.868,1.01238,1.01252,3.75,1.50
2012.01.17 09:19:53.005,1.0124,1.01254,1.50,1.88
2012.01.17 09:19:53.074,1.0124,1.01254,1.50,3.98
2012.01.17 09:19:53.533,1.01236,1.0125,2.25,1.50
2012.01.17 09:20:00.834,1.01237,1.01251,3.00,1.95
2012.01.17 09:20:01.647,1.0124,1.01252,1.95,2.85
2012.01.17 09:20:01.855,1.0124,1.01254,3.45,1.88
2012.01.17 09:20:01.931,1.0124,1.01251,1.50,1.95
2012.01.17 09:20:02.213,1.01236,1.01252,4.39,3.75
2012.01.17 09:20:02.644,1.01239,1.01253,2.25,2.10
2012.01.17 09:20:10.134,1.0124,1.01254,2.25,1.50
2012.01.17 09:20:26.578,1.0124,1.01252,2.25,1.95
2012.01.17 09:20:26.854,1.01236,1.01252,3.19,5.70
2012.01.17 09:20:27.057,1.01236,1.01252,3.19,6.49
2012.01.17 09:20:27.559,1.01233,1.01247,2.64,1.50
2012.01.17 09:20:27.705,1.01235,1.01249,2.25,1.50
2012.01.17 09:20:27.779,1.01237,1.01252,1.50,7.05
2012.01.17 09:20:27.857,1.01237,1.01252,1.50,7.05
2012.01.17 09:20:28.456,1.01236,1.0125,1.50,2.25
2012.01.17 09:20:32.923,1.01236,1.0125,2.25,1.50
2012.01.17 09:20:41.773,1.01236,1.0125,2.25,3.45
2012.01.17 09:20:42.082,1.01236,1.0125,2.25,3.45
2012.01.17 09:20:43.431,1.01236,1.0125,2.25,3.45
2012.01.17 09:20:43.965,1.01236,1.0125,2.25,3.45
2012.01.17 09:20:44.533,1.01236,1.0125,2.25,3.45
2012.01.17 09:20:45.194,1.01236,1.0125,2.25,3.45
2012.01.17 09:20:45.721,1.01236,1.0125,2.25,3.45
2012.01.17 09:20:46.243,1.01236,1.0125,2.25,3.45
2012.01.17 09:20:46.763,1.01236,1.0125,2.25,3.45
2012.01.17 09:20:56.180,1.01236,1.0125,2.25,3.45
2012.01.17 09:20:56.699,1.01236,1.0125,2.25,3.45
2012.01.17 09:20:57.979,1.01236,1.0125,2.25,3.45
2012.01.17 09:20:59.474,1.01239,1.0125,1.35,3.45
2012.01.17 09:20:59.982,1.01239,1.0125,1.35,1.95
2012.01.17 09:21:19.477,1.01238,1.0125,1.54,1.95
2012.01.17 09:21:19.690,1.0124,1.01252,3.30,2.25
2012.01.17 09:21:20.122,1.01244,1.01257,1.50,1.05
2012.01.17 09:21:20.198,1.01244,1.0126,1.50,5.78
2012.01.17 09:21:21.158,1.01244,1.01258,1.50,1.05
2012.01.17 09:21:23.704,1.01246,1.0126,1.50,5.02
2012.01.17 09:21:24.233,1.01245,1.01259,1.50,2.48
2012.01.17 09:21:24.899,1.01245,1.01259,1.50,2.48
2012.01.17 09:21:28.495,1.01245,1.01258,1.69,1.05
2012.01.17 09:21:30.666,1.01245,1.01258,1.69,1.43
2012.01.17 09:21:31.312,1.01245,1.01257,1.69,2.25
2012.01.17 09:21:31.574,1.01243,1.01257,1.88,5.10
2012.01.17 09:21:31.646,1.01245,1.01255,1.95,1.50
2012.01.17 09:21:31.784,1.01245,1.01257,2.33,1.80
2012.01.17 09:21:32.982,1.01246,1.01258,1.88,1.43
2012.01.17 09:21:33.532,1.01245,1.01257,1.50,1.05
2012.01.17 09:21:34.819,1.01243,1.01257,2.25,4.35
2012.01.17 09:21:34.900,1.01244,1.01255,2.70,1.50
2012.01.17 09:21:35.324,1.01248,1.01257,1.50,2.25
2012.01.17 09:21:35.534,1.01246,1.01259,1.69,1.43
2012.01.17 09:21:37.654,1.01246,1.01257,1.50,4.20
2012.01.17 09:21:37.794,1.01244,1.01257,1.50,4.69
2012.01.17 09:21:37.867,1.01244,1.01255,1.95,1.50
2012.01.17 09:21:38.215,1.01247,1.0126,1.50,2.10
2012.01.17 09:21:38.404,1.01244,1.01257,2.25,1.80
2012.01.17 09:21:38.913,1.01246,1.01259,1.50,1.73
2012.01.17 09:21:39.293,1.01244,1.01259,3.00,1.73
2012.01.17 09:21:42.875,1.01244,1.01259,3.00,1.73
2012.01.17 09:21:43.386,1.01244,1.01258,2.25,1.43
2012.01.17 09:21:44.394,1.01244,1.01259,4.80,1.35
2012.01.17 09:21:44.466,1.01245,1.0126,2.10,2.55
2012.01.17 09:21:44.604,1.01247,1.01261,1.50,2.25
2012.01.17 09:21:45.155,1.01245,1.0126,2.25,2.70
2012.01.17 09:21:47.513,1.01245,1.0126,3.00,1.95
2012.01.17 09:21:47.714,1.01246,1.01261,1.50,1.50
2012.01.17 09:21:47.785,1.01247,1.01263,2.25,5.25
2012.01.17 09:21:48.339,1.01246,1.0126,2.25,1.50
2012.01.17 09:21:51.472,1.01247,1.01263,1.50,3.38
2012.01.17 09:21:52.928,1.01247,1.01263,1.50,3.38
2012.01.17 09:21:53.695,1.01247,1.01263,1.50,3.00
2012.01.17 09:21:57.619,1.01247,1.01263,1.50,3.38
2012.01.17 09:22:00.339,1.01251,1.01263,2.55,2.63
2012.01.17 09:22:00.418,1.01252,1.01264,3.75,1.13
2012.01.17 09:22:00.558,1.01256,1.01267,1.50,1.69
2012.01.17 09:22:00.775,1.01254,1.01267,1.95,2.44
2012.01.17 09:22:00.979,1.0125,1.01263,1.95,1.50
2012.01.17 09:22:01.315,1.01251,1.01265,1.50,2.25
2012.01.17 09:22:02.124,1.01251,1.01265,2.25,2.25
2012.01.17 09:22:02.200,1.01253,1.01267,7.05,3.00
2012.01.17 09:22:02.275,1.01256,1.01268,1.50,1.80
2012.01.17 09:22:02.735,1.01253,1.01267,2.86,2.55
2012.01.17 09:22:03.069,1.01257,1.01267,1.50,1.05
2012.01.17 09:22:03.273,1.01254,1.01267,2.26,1.05
2012.01.17 09:22:04.385,1.01255,1.01268,4.05,1.05
2012.01.17 09:22:04.463,1.01255,1.01268,4.24,1.05
2012.01.17 09:22:05.026,1.01258,1.01268,1.50,1.05
2012.01.17 09:22:07.105,1.01262,1.01277,4.50,3.08
2012.01.17 09:22:07.594,1.01264,1.01279,1.50,2.29
2012.01.17 09:22:07.877,1.01261,1.01275,2.48,2.25
2012.01.17 09:22:08.565,1.01261,1.01275,3.23,2.25
2012.01.17 09:22:09.094,1.01261,1.01275,3.23,2.25
2012.01.17 09:22:09.428,1.01264,1.01275,1.95,2.25
2012.01.17 09:22:09.499,1.01264,1.01275,1.95,2.25
2012.01.17 09:22:10.056,1.01265,1.01278,1.50,1.13
2012.01.17 09:22:10.559,1.01265,1.01278,1.50,1.50
2012.01.17 09:22:10.705,1.01265,1.01278,3.99,1.05
2012.01.17 09:22:11.274,1.01265,1.01278,3.99,1.13
2012.01.17 09:22:13.310,1.0127,1.01279,4.50,1.43
2012.01.17 09:22:13.587,1.01273,1.01286,3.75,2.25
2012.01.17 09:22:14.195,1.0127,1.01284,1.50,2.25
2012.01.17 09:22:14.738,1.0127,1.01284,1.50,2.25
2012.01.17 09:22:14.983,1.0127,1.01284,1.50,2.25
2012.01.17 09:22:15.367,1.0127,1.01284,1.50,2.25
2012.01.17 09:22:15.580,1.01268,1.01282,2.25,3.75
2012.01.17 09:22:16.130,1.01267,1.01279,1.35,1.50
2012.01.17 09:22:16.634,1.01267,1.01281,2.85,2.25
2012.01.17 09:22:21.322,1.01265,1.01279,1.50,2.25
2012.01.17 09:22:21.396,1.01265,1.01279,1.50,2.25
2012.01.17 09:22:21.537,1.01267,1.01281,2.25,2.25
2012.01.17 09:22:21.607,1.01267,1.01281,2.25,2.25
2012.01.17 09:22:23.243,1.01268,1.01283,1.50,1.50
2012.01.17 09:22:32.671,1.01268,1.0128,1.50,1.13
2012.01.17 09:22:33.542,1.01268,1.0128,1.50,1.13
2012.01.17 09:22:35.577,1.01268,1.0128,1.50,1.13
2012.01.17 09:22:36.153,1.01268,1.0128,1.50,1.13
2012.01.17 09:22:38.283,1.01268,1.0128,1.50,1.13
2012.01.17 09:22:38.834,1.01268,1.0128,1.50,1.13
2012.01.17 09:22:39.546,1.01268,1.0128,1.50,1.13
2012.01.17 09:22:40.361,1.01267,1.01279,1.50,1.50
2012.01.17 09:22:40.719,1.01264,1.01278,1.88,3.23
2012.01.17 09:22:40.796,1.01262,1.01276,2.25,2.25
2012.01.17 09:22:40.867,1.0126,1.01274,5.33,2.25
2012.01.17 09:22:41.373,1.0126,1.01274,4.20,2.25
2012.01.17 09:22:41.889,1.0126,1.01274,4.20,2.25
2012.01.17 09:22:43.179,1.0126,1.01274,4.20,2.25
2012.01.17 09:22:43.557,1.0126,1.01274,8.70,2.25
2012.01.17 09:22:43.756,1.01266,1.01277,1.50,3.00
2012.01.17 09:22:44.067,1.01266,1.01277,1.50,1.50
2012.01.17 09:22:44.274,1.01264,1.01277,1.35,1.50
2012.01.17 09:22:44.488,1.01262,1.01276,2.25,2.25
2012.01.17 09:22:44.684,1.0126,1.01274,5.42,2.25
2012.01.17 09:22:45.287,1.0126,1.01274,2.25,2.25
2012.01.17 09:22:45.853,1.01261,1.01275,1.50,2.70
2012.01.17 09:22:45.925,1.01261,1.01275,1.50,2.70
2012.01.17 09:22:46.134,1.0126,1.01274,1.50,2.25
2012.01.17 09:22:46.264,1.0126,1.01274,3.45,2.25
2012.01.17 09:22:46.804,1.0126,1.01274,1.50,2.25
2012.01.17 09:22:47.349,1.01257,1.01271,2.25,2.25
2012.01.17 09:22:47.810,1.0126,1.01271,1.50,2.25
2012.01.17 09:22:48.169,1.01266,1.01271,1.50,1.95
2012.01.17 09:22:48.234,1.01264,1.01271,1.50,1.95
2012.01.17 09:22:48.375,1.01258,1.01272,2.25,3.00
2012.01.17 09:22:48.444,1.01257,1.01272,1.50,3.00
2012.01.17 09:22:48.587,1.01256,1.0127,3.79,1.50
2012.01.17 09:22:48.913,1.0126,1.01275,1.50,1.50
2012.01.17 09:22:49.423,1.01259,1.01273,3.45,2.25
2012.01.17 09:22:50.851,1.01261,1.01275,1.50,3.00
2012.01.17 09:22:53.625,1.01262,1.01275,1.50,1.50
2012.01.17 09:22:53.695,1.01262,1.01277,1.50,1.50
2012.01.17 09:22:54.216,1.01262,1.01278,1.50,4.13
2012.01.17 09:22:54.852,1.01262,1.01278,1.50,3.75
2012.01.17 09:22:55.236,1.01262,1.01278,1.50,3.00
2012.01.17 09:22:55.794,1.01262,1.01278,1.50,3.38
2012.01.17 09:22:56.931,1.01265,1.01277,1.50,1.50
2012.01.17 09:22:57.445,1.01266,1.01278,1.50,1.13
2012.01.17 09:22:58.005,1.01265,1.01276,1.50,1.35
2012.01.17 09:23:01.116,1.01263,1.01276,1.50,1.35
2012.01.17 09:23:01.642,1.01263,1.01276,1.50,1.35
2012.01.17 09:23:01.944,1.01263,1.01276,1.50,1.35
2012.01.17 09:23:08.035,1.01264,1.01277,1.50,1.50
2012.01.17 09:23:08.463,1.01262,1.01277,1.50,1.50
2012.01.17 09:23:11.256,1.01262,1.01276,1.50,3.30
2012.01.17 09:23:11.324,1.0126,1.01276,1.50,4.80
2012.01.17 09:23:12.024,1.0126,1.01276,2.25,4.80
2012.01.17 09:23:13.152,1.0126,1.01276,1.50,4.80
2012.01.17 09:23:22.011,1.0126,1.01276,2.25,4.80
2012.01.17 09:23:22.594,1.0126,1.01276,2.25,4.80
2012.01.17 09:23:23.022,1.0126,1.01276,2.25,4.80
2012.01.17 09:23:23.307,1.0126,1.01276,2.25,4.80
2012.01.17 09:23:23.967,1.0126,1.01276,1.50,4.80
2012.01.17 09:23:25.823,1.0126,1.01276,1.50,4.80
2012.01.17 09:23:26.624,1.0126,1.01276,1.50,4.80
2012.01.17 09:23:26.697,1.0126,1.01276,1.50,4.80
2012.01.17 09:23:27.202,1.0126,1.01276,1.50,4.80
2012.01.17 09:23:27.761,1.0126,1.01276,1.50,4.80
2012.01.17 09:23:28.041,1.0126,1.01276,1.50,4.80
2012.01.17 09:23:28.128,1.0126,1.01276,1.50,4.80
2012.01.17 09:23:28.582,1.0126,1.01276,1.50,4.80
2012.01.17 09:23:29.112,1.0126,1.01276,1.50,4.80
2012.01.17 09:23:29.732,1.0126,1.01276,1.50,4.80
2012.01.17 09:23:30.245,1.0126,1.01276,1.50,4.80
2012.01.17 09:23:45.582,1.01259,1.01274,1.50,2.25
2012.01.17 09:23:46.123,1.01258,1.01274,2.85,2.25
2012.01.17 09:23:46.477,1.01257,1.01271,2.25,2.25
2012.01.17 09:23:46.909,1.01255,1.01268,1.50,1.35
2012.01.17 09:23:47.205,1.01253,1.01267,2.25,2.25
2012.01.17 09:23:47.562,1.01253,1.01267,1.50,2.25
2012.01.17 09:23:47.847,1.01251,1.01265,1.50,2.25
2012.01.17 09:23:48.406,1.01251,1.01265,1.50,2.25
2012.01.17 09:23:48.914,1.01251,1.01265,1.50,2.25
2012.01.17 09:23:49.246,1.01247,1.01263,5.63,2.25
2012.01.17 09:23:49.449,1.0125,1.01263,1.95,2.25
2012.01.17 09:23:49.807,1.0125,1.01264,3.45,3.00
2012.01.17 09:23:50.307,1.0125,1.01264,3.45,3.00
2012.01.17 09:23:50.379,1.0125,1.01264,3.45,3.00
2012.01.17 09:23:50.883,1.0125,1.01264,3.45,3.00
2012.01.17 09:23:51.426,1.0125,1.01264,3.45,3.00
2012.01.17 09:23:51.498,1.01252,1.01264,1.50,1.50
2012.01.17 09:23:52.267,1.0125,1.01264,1.95,1.50
2012.01.17 09:23:54.926,1.01251,1.01266,1.50,1.50
2012.01.17 09:23:55.681,1.0125,1.01264,3.45,2.25
2012.01.17 09:23:56.975,1.01252,1.01266,1.50,3.00
2012.01.17 09:23:58.927,1.01252,1.01266,3.00,3.00
2012.01.17 09:23:59.066,1.01254,1.01266,1.50,1.50
2012.01.17 09:23:59.621,1.01254,1.01268,1.50,2.55
2012.01.17 09:24:00.148,1.01254,1.01266,1.50,1.13
2012.01.17 09:24:00.487,1.01252,1.01264,1.50,1.50
2012.01.17 09:24:00.999,1.01252,1.01258,1.50,1.13
2012.01.17 09:24:01.089,1.01248,1.01259,1.50,1.13
2012.01.17 09:24:01.171,1.01245,1.01259,2.26,1.13
2012.01.17 09:24:01.319,1.01245,1.01258,3.01,1.13
2012.01.17 09:24:02.091,1.01247,1.01258,1.50,1.13
2012.01.17 09:24:02.672,1.01247,1.01259,1.50,1.13
2012.01.17 09:24:03.225,1.0125,1.01264,1.50,5.10
2012.01.17 09:24:03.596,1.01248,1.01262,1.50,2.25
2012.01.17 09:24:05.469,1.01248,1.01262,1.50,2.25
2012.01.17 09:24:05.699,1.01248,1.01258,1.50,1.13
2012.01.17 09:24:05.773,1.01246,1.01258,2.25,1.13
2012.01.17 09:24:05.922,1.01246,1.01258,2.25,1.13
2012.01.17 09:24:06.001,1.01243,1.01257,1.50,2.25
2012.01.17 09:24:06.553,1.01243,1.01257,1.50,2.63
2012.01.17 09:24:07.131,1.01243,1.01257,1.50,2.25
2012.01.17 09:24:07.545,1.01243,1.01257,1.50,2.25
2012.01.17 09:24:10.292,1.01243,1.01257,1.50,2.25
2012.01.17 09:24:11.553,1.01243,1.01257,1.50,2.55
2012.01.17 09:24:12.114,1.01243,1.01257,1.50,3.30
2012.01.17 09:24:12.398,1.01241,1.01254,1.50,1.13
2012.01.17 09:24:12.550,1.01241,1.01253,1.50,1.50
2012.01.17 09:24:13.153,1.0124,1.01251,1.50,1.50
2012.01.17 09:24:13.499,1.01236,1.01251,1.50,1.50
2012.01.17 09:24:13.796,1.01235,1.01249,1.69,1.50
2012.01.17 09:24:14.338,1.01236,1.01252,1.50,3.19
2012.01.17 09:24:14.411,1.01236,1.0125,2.25,1.95
2012.01.17 09:24:14.810,1.01233,1.01246,2.25,1.95
2012.01.17 09:24:14.898,1.0123,1.01244,3.00,1.50
2012.01.17 09:24:15.387,1.01228,1.01243,2.25,1.50
2012.01.17 09:24:15.986,1.01227,1.01243,3.75,2.10
2012.01.17 09:24:16.686,1.01226,1.01241,1.50,1.50
2012.01.17 09:24:17.229,1.01227,1.01243,2.25,2.85
2012.01.17 09:24:19.564,1.01227,1.0124,1.50,1.50
2012.01.17 09:24:20.298,1.01228,1.01242,2.25,1.50
2012.01.17 09:24:22.579,1.01226,1.0124,2.25,1.50
2012.01.17 09:24:22.714,1.01228,1.01242,2.25,2.10
2012.01.17 09:24:23.155,1.0123,1.01244,1.50,1.50
2012.01.17 09:24:23.426,1.01227,1.01243,4.50,1.50
2012.01.17 09:24:23.964,1.01228,1.01243,2.25,1.50
2012.01.17 09:24:25.837,1.01228,1.01243,2.25,1.50
2012.01.17 09:24:26.353,1.01228,1.01243,2.25,1.50
2012.01.17 09:24:26.896,1.01228,1.01243,1.50,1.50
2012.01.17 09:24:27.418,1.01228,1.01243,2.25,1.50
2012.01.17 09:24:28.192,1.01228,1.01243,2.25,1.50
2012.01.17 09:24:28.738,1.01228,1.01243,2.25,1.50
2012.01.17 09:24:30.615,1.01228,1.01243,2.25,1.50
2012.01.17 09:24:31.603,1.01228,1.01243,2.25,1.50
2012.01.17 09:24:32.851,1.01228,1.01243,2.25,1.50
2012.01.17 09:24:33.277,1.01228,1.01243,2.25,1.50
2012.01.17 09:24:33.614,1.01228,1.01243,2.25,1.50
2012.01.17 09:24:34.018,1.01228,1.01243,2.25,1.50
2012.01.17 09:24:37.222,1.01228,1.01243,2.25,1.50
2012.01.17 09:24:37.732,1.01228,1.01243,2.25,1.50
2012.01.17 09:24:39.956,1.01228,1.01243,2.25,1.50
2012.01.17 09:24:50.979,1.01227,1.01243,2.25,3.26
2012.01.17 09:24:51.489,1.01224,1.01238,2.63,3.60
2012.01.17 09:24:51.641,1.01223,1.01236,1.13,2.25
2012.01.17 09:24:52.115,1.01224,1.01236,1.13,2.25
2012.01.17 09:24:54.705,1.01223,1.01237,1.88,2.63
2012.01.17 09:24:55.746,1.01221,1.01235,1.50,2.25
2012.01.17 09:24:56.265,1.01222,1.01237,1.50,2.25
2012.01.17 09:24:57.113,1.01222,1.01235,1.50,2.70
2012.01.17 09:24:57.331,1.01218,1.01234,3.60,1.50
2012.01.17 09:24:57.898,1.01219,1.01233,2.25,2.25
2012.01.17 09:24:58.311,1.01219,1.01233,2.25,2.25
2012.01.17 09:25:00.678,1.01221,1.01235,1.50,4.20
2012.01.17 09:25:00.754,1.01221,1.01235,1.50,4.20
2012.01.17 09:25:01.026,1.01218,1.01234,3.75,2.25
2012.01.17 09:25:01.301,1.01217,1.01232,1.50,2.25
2012.01.17 09:25:01.649,1.01219,1.01233,1.50,3.00
2012.01.17 09:25:02.400,1.01219,1.01233,1.50,2.25
2012.01.17 09:25:02.895,1.01217,1.01232,3.00,1.50
2012.01.17 09:25:03.454,1.01218,1.01234,1.50,2.25
2012.01.17 09:25:04.310,1.01218,1.01234,1.50,2.25
2012.01.17 09:25:04.906,1.0122,1.01234,1.95,2.25
2012.01.17 09:25:05.423,1.01221,1.01235,1.50,2.25
2012.01.17 09:25:05.943,1.01221,1.01235,1.50,2.25
2012.01.17 09:25:07.666,1.01221,1.01235,1.50,2.25
2012.01.17 09:25:09.495,1.01221,1.01231,1.50,1.13
2012.01.17 09:25:09.566,1.01218,1.01231,6.45,1.54
2012.01.17 09:25:09.774,1.01216,1.01228,1.13,1.13
2012.01.17 09:25:10.315,1.01215,1.01228,1.69,1.50
2012.01.17 09:25:10.951,1.01215,1.01228,1.69,1.50
2012.01.17 09:25:11.518,1.01215,1.01228,1.69,1.50
2012.01.17 09:25:12.580,1.01215,1.01228,1.69,1.50
2012.01.17 09:25:13.112,1.01215,1.01228,1.50,1.50
2012.01.17 09:25:13.629,1.01215,1.01228,1.50,1.50
2012.01.17 09:25:14.138,1.01215,1.01228,1.50,1.50
2012.01.17 09:25:14.812,1.01215,1.01228,1.50,1.50
2012.01.17 09:25:15.337,1.01215,1.01228,1.50,1.50
2012.01.17 09:25:15.982,1.01215,1.01228,1.50,1.50
2012.01.17 09:25:16.533,1.01215,1.01228,1.50,1.50
2012.01.17 09:25:17.043,1.01215,1.01228,1.50,1.50
2012.01.17 09:25:17.914,1.01215,1.01228,1.50,1.50
2012.01.17 09:25:18.981,1.01215,1.01229,1.50,3.00
2012.01.17 09:25:19.526,1.01215,1.01228,1.50,1.13
2012.01.17 09:25:20.635,1.01215,1.01228,1.50,1.13
2012.01.17 09:25:21.242,1.01215,1.01228,1.50,1.13
2012.01.17 09:25:22.687,1.01215,1.01228,1.50,1.13
2012.01.17 09:25:23.231,1.01215,1.01228,1.50,1.13
2012.01.17 09:25:23.776,1.01215,1.01228,1.50,1.13
2012.01.17 09:25:24.302,1.01215,1.01228,1.50,1.13
2012.01.17 09:25:24.955,1.01215,1.01228,1.50,1.13
2012.01.17 09:25:26.179,1.01215,1.01228,1.50,1.13
2012.01.17 09:25:27.030,1.01215,1.01227,1.50,1.13
2012.01.17 09:25:27.573,1.01215,1.01228,1.50,1.50
2012.01.17 09:25:27.895,1.01217,1.01228,1.50,1.13
2012.01.17 09:25:29.314,1.01217,1.01229,1.50,1.13
2012.01.17 09:25:30.647,1.01217,1.01229,1.50,1.13
2012.01.17 09:25:31.287,1.01217,1.01229,1.50,1.13
2012.01.17 09:25:32.412,1.01217,1.01229,1.50,1.13
2012.01.17 09:25:33.302,1.01217,1.01229,1.50,1.13
2012.01.17 09:25:34.064,1.01217,1.01229,1.50,1.13
2012.01.17 09:25:34.574,1.01217,1.01229,1.50,1.13
2012.01.17 09:25:35.253,1.01217,1.01229,1.50,1.13
2012.01.17 09:25:35.862,1.01217,1.01231,1.50,3.00
2012.01.17 09:25:35.942,1.01217,1.01231,1.50,3.00
2012.01.17 09:25:37.183,1.01217,1.01231,1.50,3.00
2012.01.17 09:25:37.315,1.01217,1.01231,1.50,3.00
2012.01.17 09:25:37.648,1.01219,1.01231,1.50,1.50
2012.01.17 09:25:38.156,1.01224,1.01236,1.95,3.00
2012.01.17 09:25:38.239,1.01225,1.01239,1.88,1.69
2012.01.17 09:25:38.447,1.01224,1.0124,3.38,2.63
2012.01.17 09:25:38.997,1.01225,1.01237,1.95,2.25
2012.01.17 09:25:39.069,1.01225,1.01237,2.70,2.25
2012.01.17 09:25:39.146,1.01225,1.01237,1.95,1.50
2012.01.17 09:25:40.334,1.01223,1.01237,4.50,1.50
2012.01.17 09:25:41.806,1.01223,1.01237,3.00,1.50
2012.01.17 09:25:42.337,1.01225,1.0124,1.50,2.44
2012.01.17 09:25:42.876,1.01224,1.0124,5.18,2.44
2012.01.17 09:25:43.383,1.01224,1.0124,4.05,2.44
2012.01.17 09:25:45.251,1.01224,1.0124,5.18,2.25
2012.01.17 09:25:45.763,1.01224,1.0124,5.93,2.25
2012.01.17 09:25:46.208,1.01225,1.0124,1.50,2.25
2012.01.17 09:25:46.769,1.01225,1.0124,1.50,2.25
2012.01.17 09:25:47.283,1.01224,1.0124,5.33,2.25
2012.01.17 09:25:47.825,1.01225,1.0124,1.13,2.25
2012.01.17 09:25:48.387,1.01224,1.0124,5.70,2.25
2012.01.17 09:25:48.896,1.01225,1.0124,1.50,2.25
2012.01.17 09:25:49.567,1.01225,1.0124,1.50,2.25
2012.01.17 09:25:50.132,1.01225,1.0124,1.50,2.25
2012.01.17 09:25:50.276,1.01224,1.0124,6.08,2.25
2012.01.17 09:25:51.079,1.01225,1.0124,1.50,2.25
2012.01.17 09:25:51.145,1.01225,1.0124,1.50,2.25
2012.01.17 09:25:51.275,1.01225,1.0124,1.50,2.25
2012.01.17 09:25:51.605,1.01224,1.0124,4.95,2.25
2012.01.17 09:25:52.177,1.01225,1.0124,1.50,2.25
2012.01.17 09:25:52.724,1.01224,1.0124,6.83,2.25
2012.01.17 09:25:52.885,1.01224,1.0124,6.08,2.25
2012.01.17 09:25:53.025,1.01224,1.0124,6.83,2.25
2012.01.17 09:25:53.722,1.01225,1.01239,3.00,1.50
2012.01.17 09:25:54.278,1.01225,1.01239,3.00,2.25
2012.01.17 09:25:55.757,1.01227,1.01239,1.50,1.50
2012.01.17 09:25:55.900,1.01228,1.01242,1.13,1.50
2012.01.17 09:25:55.980,1.01228,1.01244,1.88,2.25
2012.01.17 09:25:56.198,1.0123,1.01244,1.95,2.25
2012.01.17 09:25:56.593,1.01232,1.01246,1.50,1.50
2012.01.17 09:25:57.113,1.01231,1.01245,1.50,2.25
2012.01.17 09:25:58.719,1.01228,1.01242,1.50,2.25
2012.01.17 09:25:58.788,1.01228,1.01242,1.50,2.25
2012.01.17 09:26:00.084,1.01228,1.01242,1.50,1.50
2012.01.17 09:26:02.394,1.01228,1.01242,1.50,2.25
2012.01.17 09:26:02.896,1.01228,1.01242,2.25,1.50
2012.01.17 09:26:03.632,1.01226,1.0124,4.50,1.50
2012.01.17 09:26:03.984,1.01225,1.01237,2.70,1.50
2012.01.17 09:26:04.519,1.01225,1.01237,2.70,1.50
2012.01.17 09:26:05.096,1.01225,1.01237,2.70,1.50
2012.01.17 09:26:06.444,1.01229,1.01237,3.83,1.50
2012.01.17 09:26:06.525,1.01231,1.01239,1.13,1.50
2012.01.17 09:26:07.089,1.01232,1.01248,2.25,2.55
2012.01.17 09:26:07.311,1.01232,1.01247,2.25,1.05
2012.01.17 09:26:07.706,1.01232,1.01248,1.50,2.55
2012.01.17 09:26:07.779,1.01232,1.01247,2.25,1.05
2012.01.17 09:26:08.173,1.01232,1.01248,2.25,2.55
2012.01.17 09:26:08.946,1.01232,1.01247,2.25,1.05
2012.01.17 09:26:09.503,1.01232,1.01248,1.50,2.55
2012.01.17 09:26:09.884,1.01232,1.01247,1.50,1.05
2012.01.17 09:26:12.718,1.01232,1.01248,1.50,2.55
2012.01.17 09:26:13.289,1.01232,1.01247,1.50,1.05
2012.01.17 09:26:16.345,1.01232,1.01248,1.50,2.55
2012.01.17 09:26:16.902,1.01232,1.01248,1.50,2.55
2012.01.17 09:26:16.975,1.01232,1.01248,1.50,2.55
2012.01.17 09:26:17.601,1.01232,1.01248,1.50,2.55
2012.01.17 09:26:20.205,1.01233,1.01247,1.50,1.05
2012.01.17 09:26:20.801,1.01234,1.01248,1.50,1.05
2012.01.17 09:26:24.614,1.01234,1.01247,1.50,1.05
2012.01.17 09:26:25.381,1.01234,1.01247,1.50,1.05
2012.01.17 09:26:27.926,1.01234,1.01247,1.50,1.05
2012.01.17 09:26:28.122,1.01234,1.01248,1.50,1.05
2012.01.17 09:26:28.253,1.01234,1.01248,1.50,1.05
2012.01.17 09:26:28.812,1.01234,1.01248,1.50,1.05
2012.01.17 09:26:29.343,1.01234,1.01248,1.50,1.05
2012.01.17 09:26:29.772,1.01234,1.01248,1.50,1.05
2012.01.17 09:26:30.314,1.01233,1.01247,1.50,2.55
2012.01.17 09:26:30.863,1.01233,1.01247,1.50,2.25
2012.01.17 09:26:31.805,1.0123,1.01246,1.50,2.25
2012.01.17 09:26:31.881,1.0123,1.01246,1.50,3.00
2012.01.17 09:26:32.504,1.0123,1.01246,1.50,2.63
2012.01.17 09:26:32.718,1.01228,1.01241,3.00,4.20
2012.01.17 09:26:32.856,1.01225,1.01241,1.50,4.20
2012.01.17 09:26:33.125,1.01223,1.01239,2.86,2.25
2012.01.17 09:26:33.748,1.01223,1.01239,3.61,2.25
2012.01.17 09:26:34.257,1.01223,1.01239,3.61,2.25
2012.01.17 09:26:34.764,1.01223,1.01239,3.61,2.25
2012.01.17 09:26:35.674,1.01223,1.01239,2.86,2.25
2012.01.17 09:26:36.213,1.01223,1.01239,4.36,2.25
2012.01.17 09:26:36.742,1.01223,1.01239,3.61,2.25
2012.01.17 09:26:37.303,1.01223,1.01239,3.60,2.25
2012.01.17 09:26:38.512,1.01223,1.01239,4.35,2.25
2012.01.17 09:26:39.027,1.01223,1.01239,4.35,1.50
2012.01.17 09:26:39.553,1.01225,1.01241,1.50,2.25
2012.01.17 09:26:40.005,1.01225,1.01241,1.50,2.25
2012.01.17 09:26:40.623,1.01224,1.01238,3.45,2.25
2012.01.17 09:26:41.965,1.01224,1.01238,4.20,1.50
2012.01.17 09:26:42.590,1.01224,1.01238,4.95,1.50
2012.01.17 09:26:46.052,1.01224,1.01238,4.20,2.25
2012.01.17 09:26:46.592,1.01224,1.01238,3.45,1.50
2012.01.17 09:26:47.103,1.01224,1.01238,3.60,1.50
2012.01.17 09:26:47.650,1.01224,1.01238,3.60,1.50
2012.01.17 09:26:49.753,1.01224,1.01238,3.45,2.25
2012.01.17 09:26:50.276,1.01224,1.01238,3.45,1.50
2012.01.17 09:26:50.820,1.01224,1.01237,1.95,2.63
2012.01.17 09:26:51.114,1.01221,1.01237,2.48,2.63
2012.01.17 09:26:51.260,1.01224,1.01238,1.50,6.00
2012.01.17 09:26:51.341,1.01222,1.01236,1.50,2.25
2012.01.17 09:26:51.420,1.0122,1.01236,4.35,2.25
2012.01.17 09:26:52.784,1.0122,1.01236,3.45,2.63
2012.01.17 09:26:53.343,1.0122,1.01236,3.45,2.25
2012.01.17 09:26:54.880,1.0122,1.01236,3.45,2.25
2012.01.17 09:26:55.450,1.0122,1.01236,3.45,2.25
2012.01.17 09:26:55.714,1.01223,1.01237,1.50,3.23
2012.01.17 09:26:56.275,1.0122,1.01236,4.35,2.25
2012.01.17 09:26:56.345,1.01223,1.01237,2.10,2.63
2012.01.17 09:26:56.484,1.01223,1.01237,2.10,2.25
2012.01.17 09:26:57.282,1.01224,1.01238,1.65,1.32
2012.01.17 09:27:00.238,1.01223,1.01237,2.10,2.25
2012.01.17 09:27:00.614,1.01224,1.01238,1.50,1.13
2012.01.17 09:27:01.163,1.01224,1.0124,1.65,4.20
2012.01.17 09:27:02.617,1.01224,1.0124,1.65,4.20
2012.01.17 09:27:03.175,1.01224,1.0124,1.50,4.20
2012.01.17 09:27:04.705,1.01223,1.01237,2.25,1.50
2012.01.17 09:27:05.295,1.01223,1.01237,2.40,1.50
2012.01.17 09:27:05.843,1.01223,1.01237,2.40,1.50
2012.01.17 09:27:06.363,1.01224,1.0124,1.80,4.20
2012.01.17 09:27:06.908,1.01224,1.0124,1.50,4.20
2012.01.17 09:27:07.117,1.01224,1.0124,1.65,4.20
2012.01.17 09:27:07.651,1.01224,1.0124,1.65,4.20
2012.01.17 09:27:08.163,1.01224,1.0124,1.50,4.20
2012.01.17 09:27:08.567,1.01224,1.0124,2.25,4.20
2012.01.17 09:27:11.022,1.01224,1.0124,2.40,4.20
2012.01.17 09:27:11.542,1.01224,1.0124,2.40,4.20
2012.01.17 09:27:15.724,1.01224,1.0124,2.40,4.20
2012.01.17 09:27:16.424,1.01224,1.0124,2.25,3.45
2012.01.17 09:27:17.192,1.01224,1.0124,2.25,4.20
2012.01.17 09:27:17.752,1.01224,1.0124,2.40,3.45
2012.01.17 09:27:18.303,1.01224,1.0124,2.40,4.20
2012.01.17 09:27:18.805,1.01224,1.0124,1.50,4.20
2012.01.17 09:27:18.907,1.01224,1.0124,1.50,4.20
2012.01.17 09:27:23.012,1.01224,1.0124,1.50,4.20
2012.01.17 09:27:23.513,1.01224,1.0124,1.50,4.20
2012.01.17 09:27:24.288,1.01224,1.0124,1.65,4.20
2012.01.17 09:27:24.805,1.01224,1.0124,1.50,4.20
2012.01.17 09:27:24.934,1.01224,1.0124,1.50,4.20
2012.01.17 09:27:30.492,1.01222,1.01238,4.70,2.25
2012.01.17 09:27:30.886,1.01222,1.01238,2.11,2.25
2012.01.17 09:27:31.313,1.01225,1.01239,1.50,3.75
2012.01.17 09:27:31.910,1.01225,1.01239,1.50,2.25
2012.01.17 09:27:42.747,1.01225,1.01239,1.50,2.25
2012.01.17 09:27:51.527,1.01224,1.01238,1.50,1.50
2012.01.17 09:27:52.638,1.01223,1.01237,3.00,1.50
2012.01.17 09:27:54.784,1.01223,1.01237,1.50,1.50
2012.01.17 09:27:55.216,1.01223,1.01237,1.50,2.25
2012.01.17 09:27:55.427,1.01221,1.01235,2.25,2.25
2012.01.17 09:27:55.757,1.0122,1.01233,2.70,1.50
2012.01.17 09:27:56.296,1.0122,1.01232,1.95,1.50
2012.01.17 09:27:56.435,1.01218,1.01232,1.50,1.50
2012.01.17 09:27:58.496,1.01218,1.01232,1.50,2.25
2012.01.17 09:27:58.571,1.01215,1.01231,2.78,2.25
2012.01.17 09:27:59.458,1.01217,1.01233,1.50,3.38
2012.01.17 09:28:00.316,1.01215,1.01231,4.28,1.50
2012.01.17 09:28:00.655,1.01218,1.01232,1.50,1.50
2012.01.17 09:28:01.937,1.01216,1.0123,2.25,1.50
2012.01.17 09:28:03.135,1.01216,1.0123,4.35,1.50
2012.01.17 09:28:03.685,1.01221,1.01235,1.50,4.69
2012.01.17 09:28:04.617,1.01219,1.01234,3.45,2.25
2012.01.17 09:28:05.508,1.01221,1.01235,1.50,2.25
2012.01.17 09:28:07.672,1.01216,1.01232,4.13,2.25
2012.01.17 09:28:08.093,1.01219,1.01232,4.50,2.25
2012.01.17 09:28:08.238,1.01225,1.01236,2.40,1.40
2012.01.17 09:28:08.375,1.01225,1.01238,1.65,1.16
2012.01.17 09:28:08.513,1.01225,1.01237,1.65,1.13
2012.01.17 09:28:08.860,1.01227,1.01239,1.50,1.50
2012.01.17 09:28:09.365,1.01227,1.01241,1.65,2.25
2012.01.17 09:28:10.190,1.01229,1.01241,1.95,1.50
2012.01.17 09:28:10.479,1.01227,1.01242,2.40,2.25
2012.01.17 09:28:10.940,1.01229,1.01242,1.95,2.25
2012.01.17 09:28:11.494,1.01229,1.01243,3.45,3.00
2012.01.17 09:28:14.988,1.01229,1.01243,1.50,3.00
2012.01.17 09:28:15.062,1.01226,1.01242,2.25,2.25
2012.01.17 09:28:15.577,1.0123,1.01243,1.95,3.00
2012.01.17 09:28:18.607,1.0123,1.01241,1.95,1.13
2012.01.17 09:28:18.894,1.01224,1.01237,1.69,2.63
2012.01.17 09:28:20.256,1.01223,1.01237,6.94,2.63
2012.01.17 09:28:21.503,1.01223,1.01237,7.54,2.63
2012.01.17 09:28:22.038,1.01225,1.01237,2.70,2.63
2012.01.17 09:28:22.602,1.01227,1.01238,1.50,1.13
2012.01.17 09:28:23.167,1.01227,1.01238,1.65,1.13
2012.01.17 09:28:23.719,1.01227,1.01238,1.50,1.13
2012.01.17 09:28:24.272,1.01225,1.01238,4.54,1.13
2012.01.17 09:28:24.953,1.01225,1.01238,4.54,1.13
2012.01.17 09:28:25.527,1.01225,1.01238,4.54,1.13
2012.01.17 09:28:26.033,1.01225,1.01238,4.54,1.13
2012.01.17 09:28:26.554,1.01225,1.01238,4.54,1.13
2012.01.17 09:28:27.181,1.01225,1.01238,4.54,1.13
2012.01.17 09:28:27.830,1.01225,1.01238,4.54,1.13
2012.01.17 09:28:29.435,1.01225,1.01238,4.54,1.13
2012.01.17 09:28:29.993,1.01225,1.01238,4.54,1.13
2012.01.17 09:28:30.681,1.01225,1.01238,5.29,1.13
2012.01.17 09:28:31.198,1.01226,1.01239,1.05,1.88
2012.01.17 09:28:31.720,1.01225,1.01239,4.39,2.63
2012.01.17 09:28:32.361,1.01225,1.01239,4.39,2.63
2012.01.17 09:28:33.006,1.01225,1.01239,4.39,1.88
2012.01.17 09:28:33.564,1.01225,1.01239,4.39,1.88
2012.01.17 09:28:34.131,1.01225,1.01239,4.39,1.88
2012.01.17 09:28:34.683,1.01225,1.01239,4.39,1.88
2012.01.17 09:28:35.208,1.01225,1.01239,4.54,1.88
2012.01.17 09:28:35.844,1.01225,1.01239,4.54,1.88
2012.01.17 09:28:36.050,1.01225,1.01239,4.39,1.88
2012.01.17 09:28:36.375,1.01225,1.01239,4.39,1.88
2012.01.17 09:28:37.007,1.01225,1.01239,4.39,1.88
2012.01.17 09:28:37.282,1.01225,1.01239,4.24,1.88
2012.01.17 09:28:37.891,1.01225,1.01239,3.94,1.88
2012.01.17 09:28:38.398,1.01225,1.0124,1.65,2.63
2012.01.17 09:28:38.783,1.01227,1.01243,2.10,2.25
2012.01.17 09:28:39.958,1.01225,1.0124,3.94,1.13
2012.01.17 09:28:40.473,1.01225,1.0124,3.94,1.13
2012.01.17 09:28:42.011,1.01228,1.01242,2.25,2.25
2012.01.17 09:28:42.156,1.01229,1.01242,2.11,2.25
2012.01.17 09:28:42.507,1.01232,1.01246,1.50,2.25
2012.01.17 09:28:43.091,1.01234,1.01248,1.50,2.55
2012.01.17 09:28:43.366,1.01234,1.01247,1.50,1.05
2012.01.17 09:28:45.972,1.01232,1.01243,1.65,1.50
2012.01.17 09:28:46.721,1.01233,1.01246,1.50,2.25
2012.01.17 09:28:50.758,1.01233,1.01247,1.88,2.25
2012.01.17 09:28:54.486,1.01233,1.01247,1.50,2.25
2012.01.17 09:28:55.114,1.01233,1.01247,1.50,2.25
2012.01.17 09:28:55.656,1.01233,1.01247,1.50,2.25
2012.01.17 09:29:01.493,1.01232,1.01248,1.50,2.55
2012.01.17 09:29:01.648,1.01232,1.01248,2.25,1.80
2012.01.17 09:29:02.783,1.01232,1.01248,2.25,1.80
2012.01.17 09:29:05.943,1.01232,1.01248,2.25,2.55
2012.01.17 09:29:07.280,1.01232,1.01248,2.25,2.55
2012.01.17 09:29:10.823,1.01232,1.01248,2.78,2.55
2012.01.17 09:29:11.573,1.01233,1.01248,1.28,2.55
2012.01.17 09:29:11.853,1.01235,1.01249,1.65,1.50
2012.01.17 09:29:12.206,1.01235,1.01249,2.55,1.50
2012.01.17 09:29:13.013,1.01238,1.01251,1.28,3.83
2012.01.17 09:29:13.604,1.01237,1.01251,1.50,3.83
2012.01.17 09:29:14.133,1.01237,1.01251,1.65,3.83
2012.01.17 09:29:14.844,1.01237,1.01251,1.65,4.58
2012.01.17 09:29:15.376,1.01235,1.01249,2.93,1.50
2012.01.17 09:29:18.381,1.01237,1.01251,2.18,3.83
2012.01.17 09:29:19.153,1.01237,1.01251,2.18,3.83
2012.01.17 09:29:19.635,1.01235,1.01249,3.87,1.50
2012.01.17 09:29:20.267,1.01235,1.01249,3.87,1.50
2012.01.17 09:29:22.016,1.01235,1.01249,1.65,1.50
2012.01.17 09:29:23.257,1.01235,1.01249,2.03,1.50
2012.01.17 09:29:23.902,1.01235,1.01249,1.65,1.50
2012.01.17 09:29:25.634,1.01235,1.01249,1.65,1.50
2012.01.17 09:29:26.456,1.01235,1.01249,1.65,1.50
2012.01.17 09:29:27.195,1.01235,1.01249,1.65,1.50
2012.01.17 09:29:28.195,1.01235,1.01249,1.80,1.50
2012.01.17 09:29:28.737,1.01235,1.01251,1.65,4.77
2012.01.17 09:29:29.305,1.01233,1.01249,1.80,2.25
2012.01.17 09:29:30.053,1.01232,1.01246,4.28,1.50
2012.01.17 09:29:30.894,1.01232,1.01246,2.40,1.50
2012.01.17 09:29:31.394,1.01233,1.01249,1.65,2.25
2012.01.17 09:29:31.728,1.01233,1.01246,1.65,1.13
2012.01.17 09:29:32.079,1.0123,1.01244,1.88,2.25
2012.01.17 09:29:32.572,1.01229,1.01242,1.95,2.25
2012.01.17 09:29:36.497,1.0123,1.01244,1.50,2.25
2012.01.17 09:29:36.567,1.01232,1.01245,1.50,1.50
2012.01.17 09:29:37.016,1.01229,1.01245,3.64,2.25
2012.01.17 09:29:40.763,1.01229,1.01242,2.10,2.25
2012.01.17 09:29:41.489,1.01231,1.01244,1.50,1.50
2012.01.17 09:29:41.758,1.01229,1.01243,2.10,2.25
2012.01.17 09:29:42.136,1.01226,1.0124,2.55,1.50
2012.01.17 09:29:42.637,1.0123,1.01243,3.45,3.75
2012.01.17 09:29:47.473,1.01232,1.01245,1.50,1.88
2012.01.17 09:29:48.065,1.0123,1.01245,2.14,3.38
2012.01.17 09:29:59.834,1.01231,1.01245,1.50,3.38
2012.01.17 09:29:59.970,1.01233,1.01245,1.50,1.50
2012.01.17 09:30:00.246,1.01233,1.01247,1.50,2.25
2012.01.17 09:30:00.387,1.01235,1.01247,1.50,2.25
2012.01.17 09:30:00.575,1.0123,1.01244,3.75,1.50
2012.01.17 09:30:00.714,1.0123,1.01244,4.13,1.50
2012.01.17 09:30:00.930,1.01232,1.01248,1.65,2.25
2012.01.17 09:30:01.003,1.01232,1.01248,1.65,2.25
2012.01.17 09:30:01.409,1.0123,1.01244,3.45,3.75
2012.01.17 09:30:01.918,1.0123,1.01242,1.95,2.25
2012.01.17 09:30:09.912,1.01233,1.01244,1.50,1.50
2012.01.17 09:30:10.327,1.01237,1.01248,1.50,1.50
2012.01.17 09:30:10.538,1.0123,1.01244,3.45,2.25
2012.01.17 09:30:10.873,1.01232,1.01248,1.50,3.38
2012.01.17 09:30:11.436,1.0123,1.01244,3.45,2.25
2012.01.17 09:30:12.140,1.0123,1.01244,3.60,1.50
2012.01.17 09:30:12.345,1.01233,1.01247,1.50,2.25
2012.01.17 09:30:13.666,1.01233,1.01247,1.50,2.25
2012.01.17 09:30:14.203,1.01233,1.01247,1.50,2.25
2012.01.17 09:30:15.568,1.01233,1.01247,1.50,2.25
2012.01.17 09:30:15.755,1.0123,1.01246,3.45,2.25
2012.01.17 09:30:17.540,1.0123,1.01243,1.95,3.00
2012.01.17 09:30:18.663,1.0123,1.01243,1.95,1.50
2012.01.17 09:30:19.339,1.0123,1.01243,1.95,1.50
2012.01.17 09:30:24.083,1.0123,1.01242,1.95,1.13
2012.01.17 09:30:24.155,1.0123,1.0124,1.95,1.13
2012.01.17 09:30:24.304,1.01228,1.01241,3.75,1.13
2012.01.17 09:30:24.650,1.01225,1.01238,1.84,1.13
2012.01.17 09:30:25.213,1.01223,1.01237,2.93,1.88
2012.01.17 09:30:25.531,1.0122,1.01234,2.22,2.25
2012.01.17 09:30:25.897,1.0122,1.01234,2.07,2.25
2012.01.17 09:30:33.714,1.0122,1.01234,1.50,2.25
2012.01.17 09:30:34.327,1.01219,1.01233,2.33,2.25
2012.01.17 09:30:34.926,1.01219,1.01233,2.33,2.25
2012.01.17 09:30:34.999,1.01219,1.01233,2.33,2.25
2012.01.17 09:30:35.586,1.01219,1.01233,2.33,2.25
2012.01.17 09:30:37.596,1.01219,1.01233,2.33,2.25
2012.01.17 09:30:37.668,1.01219,1.01233,2.33,2.25
2012.01.17 09:30:38.185,1.01219,1.01233,2.33,2.25
2012.01.17 09:30:38.764,1.01219,1.01233,2.33,2.25
2012.01.17 09:30:39.072,1.01219,1.01233,2.33,2.25
2012.01.17 09:30:39.617,1.01219,1.01233,2.33,2.25
2012.01.17 09:30:40.310,1.01219,1.01233,2.33,2.25
2012.01.17 09:30:40.942,1.01219,1.01233,2.33,2.25
2012.01.17 09:30:41.274,1.01219,1.01233,2.33,2.25
2012.01.17 09:30:41.402,1.01219,1.01233,2.33,2.25
2012.01.17 09:30:41.650,1.01219,1.01233,2.33,2.25
2012.01.17 09:30:41.725,1.01219,1.01233,2.33,2.25
2012.01.17 09:30:42.079,1.01219,1.01233,2.33,2.25
2012.01.17 09:30:42.669,1.01219,1.01233,2.33,2.25
2012.01.17 09:30:43.913,1.01219,1.01233,1.95,1.50
2012.01.17 09:30:46.234,1.01219,1.01233,1.95,2.25
2012.01.17 09:30:51.207,1.01219,1.01233,1.95,2.25
2012.01.17 09:30:51.723,1.01219,1.01233,1.95,2.25
2012.01.17 09:30:52.079,1.01217,1.0123,2.63,2.25
2012.01.17 09:30:52.157,1.01216,1.0123,1.50,2.25
2012.01.17 09:30:53.988,1.01218,1.01232,1.50,2.25
2012.01.17 09:30:54.460,1.0122,1.01234,1.50,2.25
2012.01.17 09:30:55.765,1.01219,1.01232,1.95,2.25
2012.01.17 09:31:06.169,1.01218,1.01232,2.25,2.63
2012.01.17 09:31:06.632,1.01216,1.01226,1.13,2.25
2012.01.17 09:31:06.721,1.0121,1.01226,2.25,2.25
2012.01.17 09:31:06.872,1.0121,1.01224,1.88,1.50
2012.01.17 09:31:07.485,1.0121,1.01224,1.50,1.50
2012.01.17 09:31:08.783,1.01209,1.01224,2.52,3.00
2012.01.17 09:31:13.754,1.01211,1.01226,1.50,3.00
2012.01.17 09:31:14.114,1.01211,1.01227,1.50,3.00
2012.01.17 09:31:14.189,1.01211,1.01226,1.50,1.50
2012.01.17 09:31:14.695,1.0121,1.01224,1.50,2.25
2012.01.17 09:31:16.081,1.0121,1.01224,1.65,2.25
2012.01.17 09:31:17.113,1.0121,1.01224,3.75,2.25
2012.01.17 09:31:17.184,1.01212,1.01226,2.25,2.25
2012.01.17 09:31:17.389,1.01213,1.01229,2.25,2.25
2012.01.17 09:31:17.525,1.01216,1.0123,1.88,3.75
2012.01.17 09:31:17.598,1.01216,1.0123,2.03,1.50
2012.01.17 09:31:17.672,1.01219,1.01232,1.95,5.44
2012.01.17 09:31:18.096,1.01221,1.01236,1.50,2.25
2012.01.17 09:31:18.444,1.01223,1.01237,1.50,2.74
2012.01.17 09:31:18.525,1.0122,1.01236,4.65,2.25
2012.01.17 09:31:19.086,1.01222,1.01237,1.50,1.43
2012.01.17 09:31:20.646,1.01221,1.01235,1.65,2.25
2012.01.17 09:31:21.300,1.01219,1.01233,2.48,2.25
2012.01.17 09:31:21.868,1.01219,1.01233,1.95,2.25
2012.01.17 09:31:31.854,1.01219,1.01233,1.95,2.25
2012.01.17 09:31:32.368,1.01217,1.01233,4.50,2.25
2012.01.17 09:31:32.886,1.01216,1.0123,1.65,2.25
2012.01.17 09:31:39.263,1.01216,1.0123,1.50,5.70
2012.01.17 09:31:39.615,1.01214,1.01228,1.50,2.63
2012.01.17 09:31:42.853,1.01214,1.01227,1.50,1.13
2012.01.17 09:31:46.116,1.01211,1.01225,2.03,1.95
2012.01.17 09:31:46.185,1.01211,1.01225,1.65,2.70
2012.01.17 09:31:46.330,1.01209,1.01223,1.65,2.25
2012.01.17 09:31:46.895,1.01209,1.01223,1.50,2.25
2012.01.17 09:31:47.166,1.01209,1.01223,1.50,2.25
2012.01.17 09:31:47.238,1.01204,1.01221,1.50,2.25
2012.01.17 09:31:49.830,1.01207,1.01221,1.50,2.25
2012.01.17 09:31:55.677,1.01207,1.0122,1.50,2.70
2012.01.17 09:31:55.874,1.01203,1.01217,4.51,2.25
2012.01.17 09:31:58.395,1.01204,1.0122,1.50,4.20
2012.01.17 09:31:59.640,1.01204,1.01216,1.50,2.70
2012.01.17 09:31:59.976,1.01199,1.01213,1.65,1.50
2012.01.17 09:32:00.189,1.01197,1.01212,1.65,1.88
2012.01.17 09:32:00.465,1.01195,1.01209,1.43,1.50
2012.01.17 09:32:00.606,1.01195,1.01211,4.43,1.50
2012.01.17 09:32:01.128,1.01196,1.0121,2.40,2.25
2012.01.17 09:32:01.343,1.01197,1.01213,1.50,4.69
2012.01.17 09:32:01.761,1.01197,1.01212,3.15,1.27
2012.01.17 09:32:02.151,1.0119,1.01202,1.28,1.50
2012.01.17 09:32:03.498,1.0119,1.01204,1.65,2.25
2012.01.17 09:32:03.641,1.01188,1.01202,2.55,1.50
2012.01.17 09:32:04.018,1.0119,1.01204,1.50,2.25
2012.01.17 09:32:04.294,1.0119,1.01204,1.50,2.63
2012.01.17 09:32:04.585,1.01187,1.01201,1.65,2.25
2012.01.17 09:32:04.800,1.0119,1.01203,1.50,2.25
2012.01.17 09:32:05.093,1.01188,1.01202,1.50,2.25
2012.01.17 09:32:05.521,1.01191,1.01204,1.50,1.50
2012.01.17 09:32:05.605,1.01189,1.01204,1.50,1.50
2012.01.17 09:32:05.679,1.01189,1.01204,1.50,1.50
2012.01.17 09:32:05.829,1.01192,1.01204,1.50,1.50
2012.01.17 09:32:05.967,1.01188,1.01204,1.50,3.00
2012.01.17 09:32:06.462,1.0119,1.01204,1.50,1.50
2012.01.17 09:32:07.101,1.01189,1.01203,1.65,2.25
2012.01.17 09:32:07.458,1.01186,1.01202,1.50,3.38
2012.01.17 09:32:10.195,1.0119,1.012,1.50,1.50
2012.01.17 09:32:10.538,1.01184,1.01194,1.20,1.50
2012.01.17 09:32:10.750,1.01181,1.01196,2.63,1.50
2012.01.17 09:32:11.560,1.01182,1.01196,2.25,1.13
2012.01.17 09:32:11.978,1.01185,1.01199,1.50,2.25
2012.01.17 09:32:12.047,1.01185,1.01199,1.50,2.25
2012.01.17 09:32:12.584,1.01186,1.012,1.50,1.13
2012.01.17 09:32:12.844,1.01183,1.01199,2.25,2.25
2012.01.17 09:32:13.355,1.01183,1.01199,3.00,2.25
2012.01.17 09:32:14.017,1.01185,1.012,2.25,1.13
2012.01.17 09:32:14.386,1.01188,1.01201,1.50,2.10
2012.01.17 09:32:14.484,1.01189,1.01202,1.50,2.25
2012.01.17 09:32:15.041,1.0119,1.01206,1.50,2.48
2012.01.17 09:32:16.239,1.0119,1.01206,3.53,2.48
2012.01.17 09:32:16.439,1.01193,1.01207,1.50,2.48
2012.01.17 09:32:17.001,1.01195,1.01209,1.50,2.25
2012.01.17 09:32:17.562,1.01195,1.01209,3.45,1.50
2012.01.17 09:32:17.864,1.01197,1.01211,1.50,1.35
2012.01.17 09:32:18.366,1.01195,1.01211,3.00,4.80
2012.01.17 09:32:19.670,1.01194,1.01209,1.39,1.50
2012.01.17 09:32:22.617,1.01194,1.01209,1.50,1.50
2012.01.17 09:32:23.324,1.01193,1.01209,2.70,2.25
2012.01.17 09:32:23.883,1.01193,1.01209,3.64,1.50
2012.01.17 09:32:26.971,1.01193,1.01209,3.64,2.25
2012.01.17 09:32:27.317,1.01194,1.01207,1.02,1.50
2012.01.17 09:32:27.797,1.01194,1.01206,1.02,1.50
2012.01.17 09:32:28.320,1.01194,1.01208,1.02,1.50
2012.01.17 09:32:28.874,1.01196,1.01207,2.25,1.50
2012.01.17 09:32:29.461,1.01195,1.01207,1.58,1.50
2012.01.17 09:32:29.974,1.01195,1.01208,1.58,1.50
2012.01.17 09:32:32.984,1.01194,1.01208,2.89,1.50
2012.01.17 09:32:33.488,1.01194,1.01207,2.82,1.50
2012.01.17 09:32:34.016,1.01194,1.01207,2.89,1.50
2012.01.17 09:32:34.985,1.01194,1.01208,2.82,1.50
2012.01.17 09:32:35.514,1.01194,1.01207,2.89,1.50
2012.01.17 09:32:36.034,1.01194,1.01207,2.82,1.50
2012.01.17 09:32:38.996,1.01194,1.01208,2.89,1.50
2012.01.17 09:32:41.656,1.01197,1.01207,1.50,1.50
2012.01.17 09:32:41.941,1.01197,1.01211,1.58,3.60
2012.01.17 09:32:42.814,1.01197,1.01211,1.50,3.60
2012.01.17 09:32:43.308,1.01196,1.01209,1.50,2.25
2012.01.17 09:32:43.657,1.01196,1.01211,3.45,2.10
2012.01.17 09:32:46.947,1.01196,1.01211,3.08,2.10
2012.01.17 09:32:47.470,1.01198,1.01211,2.25,2.10
2012.01.17 09:32:48.096,1.01201,1.01212,1.50,1.50
2012.01.17 09:32:48.647,1.01198,1.01213,2.33,1.50
2012.01.17 09:32:54.506,1.01201,1.01212,1.50,1.50
2012.01.17 09:32:55.148,1.01201,1.01215,2.25,2.25
2012.01.17 09:32:55.685,1.01202,1.01215,2.10,1.50
2012.01.17 09:32:56.240,1.01202,1.01215,2.85,1.50
2012.01.17 09:32:56.776,1.01202,1.01218,5.10,3.00
2012.01.17 09:32:56.845,1.01205,1.01218,1.50,1.50
2012.01.17 09:32:57.477,1.01206,1.01218,1.22,1.50
2012.01.17 09:32:57.837,1.01211,1.01218,1.50,1.50
2012.01.17 09:32:58.185,1.01211,1.01218,2.25,1.50
2012.01.17 09:32:58.259,1.01213,1.0122,1.50,1.50
2012.01.17 09:32:58.396,1.01213,1.01224,1.50,1.50
2012.01.17 09:32:59.386,1.01213,1.01226,1.50,1.50
2012.01.17 09:33:00.118,1.01213,1.01227,1.50,1.50
2012.01.17 09:33:00.328,1.01213,1.01226,1.50,1.50
2012.01.17 09:33:00.854,1.01213,1.01226,1.50,1.50
2012.01.17 09:33:02.557,1.01213,1.01232,1.50,2.25
2012.01.17 09:33:02.772,1.01213,1.01225,3.08,1.50
2012.01.17 09:33:03.327,1.01212,1.01225,1.50,1.50
2012.01.17 09:33:05.349,1.01209,1.01225,3.45,2.25
2012.01.17 09:33:05.422,1.01209,1.01225,3.45,2.25
2012.01.17 09:33:05.995,1.01212,1.01226,1.50,3.00
2012.01.17 09:33:06.682,1.01212,1.01226,1.50,3.00
2012.01.17 09:33:08.002,1.01208,1.01222,2.25,1.50
2012.01.17 09:33:08.288,1.01206,1.01221,1.50,3.00
2012.01.17 09:33:08.501,1.01205,1.0122,2.70,2.70
2012.01.17 09:33:10.678,1.01206,1.01217,1.20,1.50
2012.01.17 09:33:11.098,1.01207,1.01221,1.58,1.50
2012.01.17 09:33:12.425,1.0121,1.01221,1.95,1.50
2012.01.17 09:33:12.907,1.01208,1.01222,3.00,2.25
2012.01.17 09:33:12.978,1.0121,1.01221,1.95,1.50
2012.01.17 09:33:13.260,1.01208,1.01223,1.50,2.63
2012.01.17 09:33:13.480,1.01206,1.0122,1.50,2.25
2012.01.17 09:33:13.858,1.01206,1.01218,1.50,1.50
2012.01.17 09:33:14.384,1.01206,1.01217,1.50,1.50
2012.01.17 09:33:16.077,1.01203,1.01217,1.50,1.50
2012.01.17 09:33:16.854,1.01203,1.01217,2.25,2.25
2012.01.17 09:33:17.962,1.01203,1.01217,1.50,2.25
2012.01.17 09:33:18.523,1.01203,1.01217,2.25,1.50
2012.01.17 09:33:19.053,1.01203,1.01217,1.50,1.50
2012.01.17 09:33:19.911,1.01203,1.01217,2.25,2.25
2012.01.17 09:33:20.464,1.01203,1.01217,2.25,1.50
2012.01.17 09:33:21.353,1.01203,1.01217,1.50,1.50
2012.01.17 09:33:21.564,1.01206,1.01217,1.50,1.50
2012.01.17 09:33:22.115,1.01206,1.01217,1.50,1.50
2012.01.17 09:33:22.520,1.01206,1.01219,1.50,1.50
2012.01.17 09:33:22.847,1.01209,1.01221,1.50,2.25
2012.01.17 09:33:22.922,1.01209,1.01221,1.50,1.50
2012.01.17 09:33:23.274,1.01206,1.01221,2.25,1.50
2012.01.17 09:33:23.488,1.01206,1.0122,2.25,3.45
2012.01.17 09:33:23.826,1.01206,1.01217,1.50,1.50
2012.01.17 09:33:24.076,1.01204,1.01217,2.25,1.50
2012.01.17 09:33:24.616,1.01209,1.01218,2.10,1.50
2012.01.17 09:33:24.758,1.01212,1.01223,3.00,2.25
2012.01.17 09:33:24.897,1.01216,1.01227,1.50,1.35
2012.01.17 09:33:24.970,1.01216,1.01226,1.50,1.54
2012.01.17 09:33:25.048,1.01212,1.01225,2.25,4.39
2012.01.17 09:33:25.492,1.01206,1.01221,2.25,1.50
2012.01.17 09:33:25.567,1.01206,1.01221,1.50,1.50
2012.01.17 09:33:25.920,1.01205,1.01218,1.95,4.50
2012.01.17 09:33:26.073,1.01201,1.01215,1.50,3.00
2012.01.17 09:33:27.224,1.01202,1.01215,1.50,2.25
2012.01.17 09:33:27.778,1.01202,1.01215,1.50,1.50
2012.01.17 09:33:29.891,1.01202,1.01215,1.50,1.50
2012.01.17 09:33:29.976,1.012,1.01215,1.50,1.50
2012.01.17 09:33:33.375,1.01202,1.01216,1.50,1.50
2012.01.17 09:33:33.655,1.01202,1.01218,2.10,3.00
2012.01.17 09:33:34.204,1.01204,1.0122,1.50,3.00
2012.01.17 09:33:34.273,1.01204,1.0122,1.50,3.00
2012.01.17 09:33:34.346,1.01204,1.0122,1.50,2.25
2012.01.17 09:33:34.559,1.01206,1.01222,3.00,3.75
2012.01.17 09:33:35.356,1.01206,1.0122,1.35,1.80
2012.01.17 09:33:35.884,1.012,1.01214,1.69,4.35
2012.01.17 09:33:36.240,1.01208,1.01217,1.50,1.35
2012.01.17 09:33:36.324,1.01202,1.01216,1.50,2.10
2012.01.17 09:33:36.468,1.012,1.01216,2.33,2.85
2012.01.17 09:33:37.027,1.01201,1.01216,1.35,2.25
2012.01.17 09:33:37.100,1.01201,1.01216,1.35,1.50
2012.01.17 09:33:37.569,1.01205,1.01217,1.95,1.50
2012.01.17 09:33:38.107,1.01205,1.01216,1.95,1.50
2012.01.17 09:33:38.391,1.0121,1.01224,1.95,3.38
2012.01.17 09:33:39.016,1.0121,1.01224,1.95,2.25
2012.01.17 09:33:39.608,1.0121,1.01221,1.95,2.85
2012.01.17 09:33:39.910,1.01208,1.01218,3.75,2.70
2012.01.17 09:33:39.998,1.01202,1.01215,1.35,1.50
2012.01.17 09:33:40.464,1.01204,1.01218,1.50,3.75
2012.01.17 09:33:55.628,1.01204,1.01218,1.50,2.25
2012.01.17 09:33:58.529,1.01204,1.01218,1.50,2.25
2012.01.17 09:33:59.244,1.01204,1.01218,1.50,2.25
2012.01.17 09:33:59.785,1.01204,1.01217,1.50,1.13
2012.01.17 09:34:00.983,1.01204,1.01217,1.50,1.13
2012.01.17 09:34:01.244,1.01204,1.01218,1.50,2.63
2012.01.17 09:34:02.163,1.01204,1.01218,2.25,2.25
2012.01.17 09:34:02.293,1.01204,1.01218,1.50,2.25
2012.01.17 09:34:02.423,1.01204,1.01218,1.50,2.25
2012.01.17 09:34:02.554,1.01204,1.01218,1.50,2.25
2012.01.17 09:34:02.945,1.01204,1.01217,1.50,1.13
2012.01.17 09:34:04.565,1.01204,1.01218,1.50,2.25
2012.01.17 09:34:05.364,1.01204,1.01218,2.25,2.25
2012.01.17 09:34:05.495,1.01204,1.01218,2.25,2.25
2012.01.17 09:34:05.623,1.01204,1.01218,2.25,2.25
2012.01.17 09:34:07.565,1.01204,1.01218,1.50,2.25
2012.01.17 09:34:07.693,1.01204,1.01218,1.50,2.25
2012.01.17 09:34:08.418,1.01204,1.01218,2.25,2.25
2012.01.17 09:34:08.968,1.01204,1.01218,1.50,2.25
2012.01.17 09:34:09.522,1.01205,1.01218,1.95,1.50
2012.01.17 09:34:10.067,1.01205,1.01221,3.45,2.25
2012.01.17 09:34:11.107,1.01205,1.01219,1.95,2.25
2012.01.17 09:34:11.695,1.01205,1.01219,1.95,1.50
2012.01.17 09:34:12.236,1.01205,1.01219,1.95,2.25
2012.01.17 09:34:12.739,1.01205,1.01219,1.95,2.25
2012.01.17 09:34:13.587,1.01205,1.01219,1.95,2.25
2012.01.17 09:34:13.656,1.01205,1.01219,1.95,2.25
2012.01.17 09:34:14.177,1.01205,1.01219,1.95,2.25
2012.01.17 09:34:14.816,1.01205,1.01219,1.95,2.25
2012.01.17 09:34:15.308,1.01205,1.01219,1.95,2.25
2012.01.17 09:34:15.665,1.01205,1.01219,1.95,2.25
2012.01.17 09:34:17.000,1.01205,1.01219,1.95,2.25
2012.01.17 09:34:17.296,1.01203,1.01217,1.50,1.13
2012.01.17 09:34:17.635,1.01203,1.01217,1.50,1.13
2012.01.17 09:34:17.777,1.01203,1.01218,1.50,1.50
2012.01.17 09:34:18.319,1.01203,1.01219,1.50,3.00
2012.01.17 09:34:18.400,1.01203,1.01219,1.50,3.00
2012.01.17 09:34:18.877,1.01203,1.01219,1.50,3.00
2012.01.17 09:34:19.075,1.01203,1.01219,2.25,3.00
2012.01.17 09:34:19.593,1.01203,1.01218,1.50,1.13
2012.01.17 09:34:20.054,1.01201,1.01216,1.50,1.50
2012.01.17 09:34:20.197,1.01199,1.01215,2.44,4.20
2012.01.17 09:34:20.840,1.012,1.01215,1.95,2.44
2012.01.17 09:34:23.929,1.01201,1.01216,1.50,3.19
2012.01.17 09:34:24.070,1.01201,1.01216,1.50,2.25
2012.01.17 09:34:24.220,1.01204,1.01218,1.50,2.44
2012.01.17 09:34:25.348,1.01204,1.01218,3.45,2.25
2012.01.17 09:34:26.304,1.01204,1.01218,4.20,2.25
2012.01.17 09:34:26.769,1.01204,1.01218,4.20,1.50
2012.01.17 09:34:26.979,1.01204,1.01218,4.20,2.25
2012.01.17 09:34:27.060,1.01204,1.01218,4.20,1.50
2012.01.17 09:34:27.956,1.01204,1.01218,4.20,2.25
2012.01.17 09:34:28.548,1.01204,1.01218,4.20,2.25
2012.01.17 09:34:29.595,1.01204,1.01218,4.20,2.25
2012.01.17 09:34:29.857,1.01204,1.01218,4.20,2.25
2012.01.17 09:34:30.325,1.01204,1.01216,1.95,2.25
2012.01.17 09:34:30.823,1.01202,1.01214,1.50,2.25
2012.01.17 09:34:30.907,1.01198,1.01214,2.63,3.00
2012.01.17 09:34:33.174,1.01197,1.01211,1.88,2.25
2012.01.17 09:34:33.933,1.01197,1.01211,1.88,2.25
2012.01.17 09:34:34.479,1.01197,1.01211,1.88,2.25
2012.01.17 09:34:34.876,1.01197,1.01211,1.88,2.25
2012.01.17 09:34:35.246,1.01197,1.01211,1.88,2.25
2012.01.17 09:34:35.631,1.01195,1.01208,2.70,1.50
2012.01.17 09:34:35.709,1.01195,1.01207,1.95,2.25
2012.01.17 09:34:35.991,1.01191,1.01207,1.50,2.63
2012.01.17 09:34:36.211,1.01191,1.01207,1.50,2.25
2012.01.17 09:34:37.433,1.01191,1.01206,1.50,1.50
2012.01.17 09:34:38.208,1.01191,1.01206,1.50,1.50
2012.01.17 09:34:40.183,1.01191,1.01207,4.22,2.25
2012.01.17 09:34:40.269,1.01193,1.01209,2.10,2.44
2012.01.17 09:34:40.347,1.01193,1.01209,3.60,2.44
2012.01.17 09:34:40.424,1.01195,1.01209,2.55,2.44
2012.01.17 09:34:40.993,1.01199,1.01213,1.50,3.00
2012.01.17 09:34:41.603,1.01199,1.01213,1.50,3.00
2012.01.17 09:34:42.109,1.012,1.01214,1.50,1.50
2012.01.17 09:34:42.386,1.01203,1.01214,1.50,1.50
2012.01.17 09:34:42.942,1.01205,1.01217,1.50,1.05
2012.01.17 09:34:43.213,1.01205,1.01217,1.50,1.05
2012.01.17 09:34:43.308,1.01208,1.01218,1.50,1.05
2012.01.17 09:34:43.449,1.01206,1.0122,1.50,2.55
2012.01.17 09:34:44.012,1.01206,1.0122,3.00,1.50
2012.01.17 09:34:44.359,1.01208,1.01222,1.50,2.25
2012.01.17 09:34:45.945,1.01208,1.01222,1.50,2.25
2012.01.17 09:34:46.085,1.01208,1.01222,1.50,2.25
2012.01.17 09:34:46.677,1.01208,1.01222,1.50,2.25
2012.01.17 09:34:47.186,1.01208,1.01222,1.50,2.25
2012.01.17 09:34:48.602,1.01209,1.01223,1.50,1.35
2012.01.17 09:34:49.048,1.01207,1.01223,1.50,2.85
2012.01.17 09:34:49.595,1.01207,1.01223,1.50,2.85
2012.01.17 09:34:50.097,1.01207,1.01223,1.50,2.85
2012.01.17 09:34:50.603,1.01207,1.01223,2.25,2.85
2012.01.17 09:34:51.155,1.01207,1.01223,2.25,2.85
2012.01.17 09:34:52.243,1.01207,1.01223,2.25,2.85
2012.01.17 09:34:52.626,1.01205,1.01219,1.50,1.50
2012.01.17 09:34:54.622,1.01204,1.01219,3.45,2.25
2012.01.17 09:34:54.693,1.01204,1.01219,3.45,2.25
2012.01.17 09:34:55.247,1.01206,1.01219,1.50,1.50
2012.01.17 09:34:55.389,1.01207,1.01219,1.50,1.50
2012.01.17 09:34:55.986,1.01206,1.01219,1.50,1.50
2012.01.17 09:34:57.289,1.01206,1.01219,1.50,1.50
2012.01.17 09:34:57.905,1.01204,1.01219,4.20,1.50
2012.01.17 09:34:58.765,1.01206,1.0122,2.25,2.25
2012.01.17 09:34:59.313,1.01206,1.0122,2.25,2.25
2012.01.17 09:34:59.518,1.01206,1.0122,2.25,2.25
2012.01.17 09:35:00.281,1.01206,1.0122,2.25,2.25
2012.01.17 09:35:02.856,1.01206,1.0122,1.50,2.25
2012.01.17 09:35:03.216,1.01204,1.01218,2.25,1.50
2012.01.17 09:35:03.359,1.01206,1.0122,1.50,4.20
2012.01.17 09:35:03.556,1.01206,1.0122,1.50,4.20
2012.01.17 09:35:03.623,1.01204,1.01218,2.25,2.25
2012.01.17 09:35:04.398,1.01204,1.01217,1.50,1.13
2012.01.17 09:35:04.610,1.01201,1.01217,2.25,2.25
2012.01.17 09:35:04.689,1.01201,1.01217,2.25,2.63
2012.01.17 09:35:04.956,1.01201,1.01217,2.25,3.23
2012.01.17 09:35:05.550,1.01204,1.01217,1.50,1.73
2012.01.17 09:35:06.085,1.01204,1.01218,1.50,2.63
2012.01.17 09:35:06.606,1.01204,1.01217,1.50,1.13
2012.01.17 09:35:07.338,1.01204,1.01217,1.50,1.13
2012.01.17 09:35:07.406,1.01204,1.01218,1.50,2.63
2012.01.17 09:35:08.258,1.01204,1.01218,1.50,2.63
2012.01.17 09:35:08.774,1.01204,1.01218,1.50,2.63
2012.01.17 09:35:09.640,1.01201,1.01217,2.29,2.63
2012.01.17 09:35:10.751,1.012,1.01214,1.95,1.50
2012.01.17 09:35:11.085,1.01202,1.01214,1.50,1.50
2012.01.17 09:35:11.415,1.01204,1.01216,1.50,1.50
2012.01.17 09:35:11.829,1.01204,1.01217,1.50,1.13
2012.01.17 09:35:11.900,1.01204,1.01217,1.50,1.13
2012.01.17 09:35:13.858,1.01204,1.01218,1.50,2.82
2012.01.17 09:35:15.063,1.01204,1.01218,2.25,2.44
2012.01.17 09:35:15.625,1.01204,1.01218,1.50,2.44
2012.01.17 09:35:16.166,1.01204,1.01218,1.50,2.44
2012.01.17 09:35:16.695,1.01204,1.01218,2.25,2.25
2012.01.17 09:35:17.992,1.01204,1.01218,2.25,2.25
2012.01.17 09:35:18.254,1.01204,1.01218,2.25,2.25
2012.01.17 09:35:19.184,1.01211,1.0122,1.50,2.25
2012.01.17 09:35:19.301,1.01207,1.01221,3.00,1.50
2012.01.17 09:35:19.790,1.01205,1.0122,1.50,3.45
2012.01.17 09:35:20.335,1.01204,1.0122,3.00,4.20
2012.01.17 09:35:20.866,1.01204,1.0122,3.00,4.20
2012.01.17 09:35:21.665,1.01205,1.0122,1.50,3.45
2012.01.17 09:35:22.334,1.01204,1.0122,2.25,4.20
2012.01.17 09:35:22.844,1.01204,1.0122,3.00,4.20
2012.01.17 09:35:23.413,1.01204,1.0122,3.75,4.20
2012.01.17 09:35:23.943,1.01204,1.0122,3.75,3.45
2012.01.17 09:35:25.095,1.01204,1.0122,2.25,4.20
2012.01.17 09:35:25.163,1.01204,1.0122,2.25,4.20
2012.01.17 09:35:25.236,1.01205,1.0122,1.50,4.20
2012.01.17 09:35:25.789,1.01205,1.0122,2.25,3.45
2012.01.17 09:35:26.335,1.01205,1.0122,1.50,4.20
2012.01.17 09:35:26.685,1.01205,1.0122,1.50,4.20
2012.01.17 09:35:27.022,1.01206,1.0122,1.50,3.45
2012.01.17 09:35:27.244,1.01206,1.01222,3.23,3.00
2012.01.17 09:35:27.319,1.01209,1.01223,1.50,4.50
2012.01.17 09:35:27.670,1.01213,1.01223,1.50,1.50
2012.01.17 09:35:28.295,1.01213,1.01226,1.50,1.50
2012.01.17 09:35:28.856,1.01213,1.01227,1.50,2.55
2012.01.17 09:35:30.198,1.01213,1.01227,2.25,2.55
2012.01.17 09:35:30.736,1.01214,1.0123,1.50,4.50
2012.01.17 09:35:31.138,1.01214,1.0123,1.50,4.20
2012.01.17 09:35:31.738,1.01214,1.0123,1.50,4.20
2012.01.17 09:35:32.247,1.01214,1.0123,1.50,4.20
2012.01.17 09:35:32.804,1.01214,1.0123,1.50,4.20
2012.01.17 09:35:33.674,1.01214,1.0123,1.50,4.20
2012.01.17 09:35:34.331,1.01214,1.0123,1.50,4.20
2012.01.17 09:35:39.613,1.01214,1.0123,2.25,4.20
2012.01.17 09:35:40.245,1.01214,1.0123,2.25,4.20
2012.01.17 09:35:42.252,1.01214,1.0123,2.25,4.20
2012.01.17 09:35:49.619,1.01214,1.0123,1.50,4.58
2012.01.17 09:35:50.265,1.01214,1.0123,1.50,4.58
2012.01.17 09:35:50.394,1.01214,1.0123,1.50,4.58
2012.01.17 09:35:51.319,1.01214,1.0123,1.50,4.58
2012.01.17 09:35:51.917,1.01214,1.0123,1.50,4.58
2012.01.17 09:35:53.214,1.01214,1.0123,1.50,4.58
2012.01.17 09:35:53.720,1.01214,1.0123,1.50,4.58
2012.01.17 09:35:54.416,1.01214,1.0123,2.25,4.58
2012.01.17 09:35:55.455,1.01214,1.0123,1.50,5.33
2012.01.17 09:35:55.882,1.01212,1.01227,3.19,1.13
2012.01.17 09:35:56.176,1.01209,1.01223,2.25,3.00
2012.01.17 09:35:56.250,1.01205,1.01221,4.13,1.50
2012.01.17 09:35:56.801,1.01205,1.01221,3.38,2.25
2012.01.17 09:35:57.158,1.01207,1.01223,1.50,3.00
2012.01.17 09:35:57.690,1.01209,1.01223,1.95,3.00
2012.01.17 09:35:59.843,1.01209,1.01225,3.45,3.00
2012.01.17 09:36:03.027,1.01208,1.01221,2.25,2.25
2012.01.17 09:36:03.100,1.01206,1.01221,1.50,2.25
2012.01.17 09:36:03.896,1.01206,1.01221,1.50,2.25
2012.01.17 09:36:04.095,1.01206,1.01221,1.50,2.25
2012.01.17 09:36:04.240,1.01205,1.01219,3.17,1.50
2012.01.17 09:36:04.567,1.01206,1.01219,1.50,1.50
2012.01.17 09:36:05.079,1.01205,1.01219,4.58,2.25
2012.01.17 09:36:05.583,1.01205,1.01219,4.58,1.50
2012.01.17 09:36:06.114,1.01205,1.01219,3.83,1.50
2012.01.17 09:36:06.915,1.01205,1.01221,5.33,2.25
2012.01.17 09:36:07.843,1.01205,1.01221,3.83,2.25
2012.01.17 09:36:08.260,1.01205,1.01221,4.58,2.25
2012.01.17 09:36:09.587,1.01205,1.01221,4.58,2.25
2012.01.17 09:36:10.095,1.01205,1.01218,3.08,1.50
2012.01.17 09:36:10.634,1.01205,1.01218,1.95,1.50
2012.01.17 09:36:13.385,1.01205,1.01218,3.45,1.50
2012.01.17 09:36:13.574,1.01205,1.01218,4.20,1.50
2012.01.17 09:36:15.235,1.01205,1.01218,3.45,1.50
2012.01.17 09:36:16.266,1.01205,1.01218,3.45,1.50
2012.01.17 09:36:16.779,1.01205,1.01218,1.95,2.25
2012.01.17 09:36:17.324,1.01205,1.01218,2.70,2.25
2012.01.17 09:36:17.873,1.01205,1.01218,2.70,1.50
2012.01.17 09:36:18.204,1.01205,1.01218,4.20,1.50
2012.01.17 09:36:18.466,1.01206,1.01218,1.50,1.50
2012.01.17 09:36:19.733,1.01205,1.01218,4.20,1.50
2012.01.17 09:36:20.954,1.01205,1.01218,4.20,2.25
2012.01.17 09:36:22.364,1.01205,1.01218,3.45,2.25
2012.01.17 09:36:23.335,1.01205,1.01218,3.45,1.50
2012.01.17 09:36:24.415,1.01205,1.01218,2.70,1.50
2012.01.17 09:36:24.907,1.01205,1.01218,2.70,1.50
2012.01.17 09:36:25.424,1.01206,1.01218,1.50,1.50
2012.01.17 09:36:31.227,1.01205,1.01218,1.95,1.50
2012.01.17 09:36:32.490,1.01205,1.01218,3.45,1.50
2012.01.17 09:36:32.994,1.01205,1.01218,1.95,1.50
2012.01.17 09:36:34.124,1.01205,1.01218,2.70,2.25
2012.01.17 09:36:34.195,1.01205,1.01218,4.20,1.50
2012.01.17 09:36:34.400,1.01205,1.01218,1.95,2.25
2012.01.17 09:36:34.831,1.01205,1.01221,4.20,4.13
2012.01.17 09:36:35.175,1.01205,1.01221,4.20,2.63
2012.01.17 09:36:35.305,1.01205,1.01221,4.95,2.63
2012.01.17 09:36:35.839,1.01205,1.01221,4.95,2.25
2012.01.17 09:36:35.905,1.01205,1.01221,4.20,2.25
2012.01.17 09:36:36.364,1.01205,1.01221,4.95,2.25
2012.01.17 09:36:36.494,1.01205,1.01221,4.20,2.25
2012.01.17 09:36:37.157,1.01205,1.01221,1.50,4.58
2012.01.17 09:36:37.240,1.01204,1.01218,2.25,2.25
2012.01.17 09:36:37.854,1.01204,1.01218,2.25,2.25
2012.01.17 09:36:38.367,1.01204,1.01218,1.50,2.25
2012.01.17 09:36:38.498,1.01204,1.01218,1.50,1.50
2012.01.17 09:36:38.914,1.01204,1.01218,1.50,2.25
2012.01.17 09:36:38.984,1.01204,1.01218,2.25,2.25
2012.01.17 09:36:39.525,1.01204,1.01218,1.50,2.25
2012.01.17 09:36:40.095,1.01204,1.01218,2.25,1.50
2012.01.17 09:36:40.634,1.01204,1.01218,1.50,2.25
2012.01.17 09:36:41.363,1.01204,1.01218,1.50,2.25
2012.01.17 09:36:41.574,1.01204,1.01218,1.50,2.25
2012.01.17 09:36:41.848,1.01204,1.01218,1.50,2.25
2012.01.17 09:36:42.284,1.01204,1.01218,1.50,2.25
2012.01.17 09:36:42.833,1.01204,1.01218,1.50,2.25
2012.01.17 09:36:43.381,1.01204,1.01218,1.50,2.25
2012.01.17 09:36:44.334,1.01204,1.01218,1.50,2.25
2012.01.17 09:36:44.843,1.01204,1.01218,3.00,1.50
2012.01.17 09:36:46.020,1.01204,1.01218,2.25,2.25
2012.01.17 09:36:46.793,1.01204,1.01218,1.50,2.25
2012.01.17 09:36:46.923,1.01204,1.01218,1.50,1.50
2012.01.17 09:36:47.174,1.01205,1.01221,2.63,4.20
2012.01.17 09:36:47.543,1.01209,1.01221,2.70,2.25
2012.01.17 09:36:48.055,1.01211,1.01225,1.50,3.00
2012.01.17 09:36:50.050,1.01213,1.01225,1.50,1.50
2012.01.17 09:36:50.661,1.01213,1.01225,1.50,1.50
2012.01.17 09:36:52.693,1.01213,1.01227,2.25,2.25
2012.01.17 09:36:53.236,1.01213,1.01227,2.25,3.00
2012.01.17 09:36:55.697,1.01214,1.01227,1.50,1.50
2012.01.17 09:36:57.033,1.01214,1.01228,1.50,2.25
2012.01.17 09:36:57.616,1.01214,1.01227,2.25,1.50
2012.01.17 09:37:01.231,1.01215,1.01227,1.50,1.50
2012.01.17 09:37:01.755,1.01212,1.01228,2.25,3.00
2012.01.17 09:37:02.189,1.01216,1.01228,4.35,3.00
2012.01.17 09:37:02.561,1.01222,1.01228,2.25,1.50
2012.01.17 09:37:03.059,1.01221,1.01235,1.50,3.75
2012.01.17 09:37:03.685,1.01221,1.01235,2.25,2.25
2012.01.17 09:37:04.217,1.01221,1.01235,2.25,2.25
2012.01.17 09:37:04.559,1.01223,1.01237,1.50,2.63
2012.01.17 09:37:04.999,1.01221,1.01235,1.50,2.25
2012.01.17 09:37:05.278,1.01223,1.01237,1.50,2.25
2012.01.17 09:37:06.689,1.01223,1.01237,1.50,2.63
2012.01.17 09:37:07.248,1.01223,1.01237,1.50,2.93
2012.01.17 09:37:10.165,1.01223,1.01237,1.50,2.25
2012.01.17 09:37:10.414,1.01223,1.01237,2.25,2.25
2012.01.17 09:37:12.475,1.01225,1.01238,1.50,1.13
2012.01.17 09:37:13.538,1.01222,1.01238,3.00,2.63
2012.01.17 09:37:14.484,1.01222,1.01238,3.75,2.63
2012.01.17 09:37:15.106,1.01222,1.01238,3.00,1.88
2012.01.17 09:37:15.586,1.01222,1.01238,3.75,1.88
2012.01.17 09:37:16.214,1.01222,1.01238,3.00,1.88
2012.01.17 09:37:17.165,1.01222,1.01238,3.00,2.63
2012.01.17 09:37:17.696,1.01222,1.01238,3.00,2.63
2012.01.17 09:37:18.244,1.01222,1.01238,3.00,2.63
2012.01.17 09:37:18.803,1.01222,1.01238,4.50,1.50
2012.01.17 09:37:19.283,1.01223,1.01238,1.50,2.25
2012.01.17 09:37:20.516,1.01223,1.01238,2.25,2.25
2012.01.17 09:37:21.060,1.01222,1.01238,3.00,1.50
2012.01.17 09:37:21.206,1.01223,1.01238,1.50,1.50
2012.01.17 09:37:21.831,1.01223,1.01238,2.25,1.50
2012.01.17 09:37:22.370,1.01223,1.01238,1.50,1.50
2012.01.17 09:37:22.736,1.01222,1.01238,3.75,1.50
2012.01.17 09:37:22.983,1.01223,1.01238,1.50,1.50
2012.01.17 09:37:23.624,1.01222,1.01238,3.75,2.25
2012.01.17 09:37:23.937,1.01223,1.01238,1.50,1.50
2012.01.17 09:37:24.483,1.01225,1.01238,1.50,1.50
2012.01.17 09:37:25.413,1.01222,1.01238,2.63,1.50
2012.01.17 09:37:26.063,1.01223,1.01238,1.50,1.50
2012.01.17 09:37:26.597,1.01223,1.01238,3.00,1.50
2012.01.17 09:37:27.118,1.01226,1.01238,1.50,1.50
2012.01.17 09:37:27.634,1.01224,1.01238,1.50,2.25
2012.01.17 09:37:27.705,1.01225,1.01238,1.50,1.50
2012.01.17 09:37:27.834,1.01225,1.01238,1.50,1.50
2012.01.17 09:37:28.576,1.01225,1.01238,1.50,1.50
2012.01.17 09:37:29.436,1.01224,1.01238,3.00,1.50
2012.01.17 09:37:29.996,1.01225,1.01238,1.88,1.50
2012.01.17 09:37:30.195,1.01226,1.01238,1.50,1.50
2012.01.17 09:37:31.025,1.01224,1.01238,3.45,1.50
2012.01.17 09:37:32.713,1.01225,1.01239,1.50,2.25
2012.01.17 09:37:33.566,1.01225,1.01239,1.50,2.25
2012.01.17 09:37:36.309,1.01225,1.01239,1.50,1.50
2012.01.17 09:37:38.979,1.01225,1.01239,1.50,2.25
2012.01.17 09:37:39.654,1.01225,1.01239,3.00,1.50
2012.01.17 09:37:40.327,1.01225,1.01239,1.50,2.25
2012.01.17 09:37:40.875,1.01225,1.01239,2.25,1.50
2012.01.17 09:37:41.561,1.01225,1.01239,1.50,2.25
2012.01.17 09:37:42.184,1.01225,1.01239,2.25,2.25
2012.01.17 09:37:42.702,1.01225,1.01239,1.50,2.25
2012.01.17 09:37:44.634,1.01225,1.01239,1.50,2.25
2012.01.17 09:37:44.776,1.01225,1.01239,1.50,2.25
2012.01.17 09:37:45.677,1.01225,1.01239,1.50,2.25
2012.01.17 09:37:45.927,1.01223,1.01235,2.85,1.50
2012.01.17 09:37:46.150,1.0122,1.01234,2.89,1.50
2012.01.17 09:37:46.291,1.0122,1.01234,2.70,1.50
2012.01.17 09:37:46.836,1.01218,1.01232,1.50,2.25
2012.01.17 09:37:47.886,1.01218,1.01232,2.25,2.25
2012.01.17 09:37:49.546,1.01218,1.01232,3.00,2.25
2012.01.17 09:37:51.943,1.01218,1.01232,2.25,2.25
2012.01.17 09:37:52.625,1.01218,1.01231,3.00,1.95
2012.01.17 09:37:52.768,1.01218,1.01228,1.50,1.50
2012.01.17 09:37:52.838,1.01214,1.01228,3.75,1.50
2012.01.17 09:37:53.047,1.01215,1.01231,2.25,1.50
2012.01.17 09:37:53.454,1.01214,1.0123,2.25,3.45
2012.01.17 09:37:53.665,1.01214,1.0123,6.30,2.25
2012.01.17 09:37:53.745,1.01218,1.01232,1.50,2.25
2012.01.17 09:37:54.637,1.01216,1.0123,2.10,1.50
2012.01.17 09:37:55.824,1.01217,1.0123,1.35,1.50
2012.01.17 09:37:58.965,1.01217,1.01233,2.85,3.75
2012.01.17 09:37:59.667,1.01217,1.01233,3.60,1.50
2012.01.17 09:37:59.999,1.01222,1.01236,1.50,4.77
2012.01.17 09:38:00.411,1.01224,1.01238,2.25,2.25
2012.01.17 09:38:01.119,1.01224,1.0124,2.25,3.00
2012.01.17 09:38:01.638,1.01224,1.0124,4.20,2.25
2012.01.17 09:38:02.390,1.01224,1.0124,4.20,1.50
2012.01.17 09:38:02.904,1.01224,1.0124,4.20,1.50
2012.01.17 09:38:03.625,1.01224,1.0124,4.20,1.50
2012.01.17 09:38:03.698,1.01224,1.0124,4.20,1.50
2012.01.17 09:38:05.805,1.01225,1.0124,1.50,1.50
2012.01.17 09:38:06.354,1.01225,1.0124,1.50,1.50
2012.01.17 09:38:06.875,1.01224,1.0124,4.20,1.50
2012.01.17 09:38:07.267,1.01224,1.0124,4.95,1.50
2012.01.17 09:38:08.335,1.01224,1.0124,5.70,1.50
2012.01.17 09:38:08.465,1.01227,1.0124,1.50,1.50
2012.01.17 09:38:08.785,1.01226,1.0124,1.50,1.50
2012.01.17 09:38:10.144,1.01224,1.0124,4.95,2.25
2012.01.17 09:38:10.656,1.01224,1.0124,4.20,1.50
2012.01.17 09:38:11.216,1.01224,1.0124,4.20,1.50
2012.01.17 09:38:11.506,1.01222,1.01237,3.00,1.50
2012.01.17 09:38:12.053,1.01222,1.01237,2.25,1.50
2012.01.17 09:38:13.793,1.01222,1.01237,1.50,1.50
2012.01.17 09:38:14.356,1.01222,1.01237,1.50,1.88
2012.01.17 09:38:14.914,1.01223,1.01237,1.50,1.88
2012.01.17 09:38:16.046,1.0122,1.01236,5.55,1.50
2012.01.17 09:38:16.296,1.0122,1.01236,4.95,1.50
2012.01.17 09:38:16.659,1.01221,1.01236,2.10,1.50
2012.01.17 09:38:17.007,1.01225,1.01239,1.50,3.38
2012.01.17 09:38:17.567,1.01225,1.01238,1.50,1.50
2012.01.17 09:38:17.786,1.01223,1.01237,2.10,1.50
2012.01.17 09:38:18.354,1.01218,1.01231,2.25,1.50
2012.01.17 09:38:18.866,1.01219,1.01233,1.50,2.63
2012.01.17 09:38:19.610,1.01219,1.01233,1.50,3.38
2012.01.17 09:38:20.040,1.01216,1.0123,2.63,1.50
2012.01.17 09:38:20.588,1.01219,1.01234,1.50,2.48
2012.01.17 09:38:21.288,1.01217,1.0123,1.50,1.50
2012.01.17 09:38:21.817,1.01216,1.0123,2.63,1.50
2012.01.17 09:38:22.962,1.01216,1.0123,1.88,1.88
2012.01.17 09:38:23.097,1.01216,1.0123,1.50,1.88
2012.01.17 09:38:25.059,1.01217,1.01231,1.50,1.13
2012.01.17 09:38:25.409,1.01217,1.01229,1.50,1.50
2012.01.17 09:38:25.631,1.01217,1.0123,1.50,1.13
2012.01.17 09:38:26.584,1.01217,1.01232,1.50,1.13
2012.01.17 09:38:27.114,1.01217,1.01233,2.25,3.38
2012.01.17 09:38:27.987,1.01216,1.0123,3.75,1.50
2012.01.17 09:38:28.543,1.01216,1.0123,2.25,1.50
2012.01.17 09:38:29.044,1.01216,1.0123,2.25,1.50
2012.01.17 09:38:30.908,1.01216,1.0123,2.25,1.50
2012.01.17 09:38:31.419,1.01216,1.0123,2.25,1.50
2012.01.17 09:38:32.434,1.01216,1.0123,2.25,2.25
2012.01.17 09:38:33.713,1.01216,1.0123,2.25,2.25
2012.01.17 09:38:34.173,1.01218,1.01231,1.50,1.88
2012.01.17 09:38:34.935,1.01218,1.0123,1.50,1.50
2012.01.17 09:38:35.404,1.01216,1.01228,1.50,2.25
2012.01.17 09:38:35.476,1.01214,1.01228,3.45,2.25
2012.01.17 09:38:35.604,1.01214,1.01228,4.20,1.50
2012.01.17 09:38:36.154,1.01214,1.01228,4.20,1.50
2012.01.17 09:38:41.384,1.01214,1.01228,4.20,1.50
2012.01.17 09:38:41.903,1.01214,1.01228,3.45,2.25
2012.01.17 09:38:43.393,1.01214,1.01228,4.20,1.50
2012.01.17 09:38:43.465,1.01214,1.01228,3.45,1.50
2012.01.17 09:38:44.200,1.01215,1.0123,2.25,2.25
2012.01.17 09:38:44.281,1.01215,1.0123,3.00,1.50
2012.01.17 09:38:44.606,1.0122,1.01233,4.20,1.50
2012.01.17 09:38:44.764,1.01222,1.01236,1.50,2.25
2012.01.17 09:38:45.310,1.01222,1.01236,1.50,1.50
2012.01.17 09:38:52.074,1.01224,1.01238,1.50,2.55
2012.01.17 09:38:52.428,1.01224,1.01236,1.95,1.50
2012.01.17 09:38:55.368,1.01224,1.01233,1.95,1.50
2012.01.17 09:38:55.495,1.01224,1.01236,1.95,1.50
2012.01.17 09:38:56.124,1.01224,1.01236,2.70,1.50
2012.01.17 09:38:56.643,1.01224,1.01236,2.70,1.50
2012.01.17 09:39:02.763,1.01224,1.01234,1.95,1.50
2012.01.17 09:39:03.345,1.01225,1.01234,1.95,1.50
2012.01.17 09:39:03.423,1.01225,1.01239,1.95,2.25
2012.01.17 09:39:03.708,1.01225,1.01239,1.95,2.25
2012.01.17 09:39:03.837,1.01225,1.01236,1.95,1.50
2012.01.17 09:39:05.182,1.01222,1.01236,4.50,1.50
2012.01.17 09:39:07.652,1.01225,1.01239,1.95,2.25
2012.01.17 09:39:08.198,1.01225,1.01239,1.95,2.25
2012.01.17 09:39:08.265,1.01225,1.01236,1.95,1.50
2012.01.17 09:39:11.799,1.01222,1.01236,3.60,1.50
2012.01.17 09:39:13.375,1.01224,1.0124,1.50,2.25
2012.01.17 09:39:13.925,1.01222,1.01238,3.60,2.25
2012.01.17 09:39:19.910,1.01222,1.01238,3.60,2.25
2012.01.17 09:39:20.436,1.01222,1.01238,3.60,1.50
2012.01.17 09:39:21.907,1.01222,1.01238,3.60,2.25
2012.01.17 09:39:22.606,1.01223,1.01238,1.35,2.25
2012.01.17 09:39:23.123,1.01222,1.01238,3.60,2.25
2012.01.17 09:39:23.683,1.01222,1.01238,3.60,1.50
2012.01.17 09:39:28.376,1.01223,1.01238,1.35,1.50
2012.01.17 09:39:29.204,1.01223,1.01238,1.35,1.50
2012.01.17 09:39:29.474,1.01223,1.01238,1.35,1.50
2012.01.17 09:39:32.117,1.01223,1.01238,2.10,1.50
2012.01.17 09:39:32.623,1.01223,1.01238,1.35,1.50
2012.01.17 09:39:34.526,1.01223,1.01238,2.10,1.50
2012.01.17 09:39:35.055,1.01223,1.01238,2.10,1.50
2012.01.17 09:39:37.964,1.01223,1.01238,2.10,1.50
2012.01.17 09:39:42.019,1.01223,1.01238,1.35,1.50
2012.01.17 09:39:42.355,1.01223,1.01238,1.35,1.50
2012.01.17 09:39:42.945,1.01223,1.01238,1.35,1.50
2012.01.17 09:39:43.497,1.01223,1.01238,1.35,1.50
2012.01.17 09:39:44.036,1.01223,1.01238,1.35,1.50
2012.01.17 09:39:44.529,1.01224,1.0124,2.25,1.50
2012.01.17 09:39:44.796,1.01223,1.01236,1.35,1.50
2012.01.17 09:39:45.013,1.0122,1.01235,1.88,1.50
2012.01.17 09:39:45.089,1.0122,1.01232,1.88,1.50
2012.01.17 09:39:45.161,1.01219,1.01232,2.33,1.50
2012.01.17 09:39:45.656,1.01218,1.01231,1.50,1.50
2012.01.17 09:39:45.739,1.01217,1.01233,2.25,1.50
2012.01.17 09:39:46.737,1.0122,1.01235,1.50,2.10
2012.01.17 09:39:48.693,1.01219,1.01233,1.50,1.50
2012.01.17 09:39:49.197,1.0122,1.01234,1.50,1.35
2012.01.17 09:39:49.724,1.0122,1.01234,1.50,1.35
2012.01.17 09:39:50.279,1.0122,1.01235,1.50,3.60
2012.01.17 09:39:50.802,1.0122,1.01235,1.50,3.75
2012.01.17 09:39:51.344,1.0122,1.01234,1.50,1.50
2012.01.17 09:39:51.865,1.0122,1.01234,1.50,2.26
2012.01.17 09:39:52.195,1.0122,1.01233,1.50,1.88
2012.01.17 09:39:52.695,1.01217,1.01233,1.50,3.00
2012.01.17 09:39:53.536,1.01217,1.01233,1.50,3.38
2012.01.17 09:39:54.130,1.01217,1.01233,1.50,2.63
2012.01.17 09:39:54.734,1.01217,1.01233,1.50,2.25
2012.01.17 09:39:55.285,1.01217,1.01233,1.50,2.63
2012.01.17 09:39:56.367,1.01217,1.01232,1.50,1.88
2012.01.17 09:39:57.631,1.01217,1.01233,1.50,3.75
2012.01.17 09:39:58.177,1.01217,1.01233,2.25,3.38
2012.01.17 09:39:58.484,1.01217,1.01232,2.25,1.50
2012.01.17 09:39:59.032,1.01217,1.0123,1.50,1.13
2012.01.17 09:39:59.627,1.01215,1.01229,1.50,1.50
2012.01.17 09:40:00.150,1.01215,1.01229,2.25,1.50
2012.01.17 09:40:00.414,1.01215,1.01229,1.50,1.50
2012.01.17 09:40:00.485,1.01215,1.01229,2.25,1.50
2012.01.17 09:40:00.556,1.01216,1.01231,2.25,1.13
2012.01.17 09:40:01.097,1.01216,1.01231,1.50,1.13
2012.01.17 09:40:02.170,1.01216,1.01232,1.50,3.00
2012.01.17 09:40:02.679,1.01216,1.01232,2.25,3.38
2012.01.17 09:40:02.876,1.01216,1.01232,2.25,3.38
2012.01.17 09:40:03.136,1.01216,1.01232,2.25,3.38
2012.01.17 09:40:03.341,1.01216,1.01232,1.50,3.00
2012.01.17 09:40:03.550,1.01216,1.01232,1.50,4.13
2012.01.17 09:40:04.131,1.01216,1.01232,2.25,3.38
2012.01.17 09:40:04.678,1.01216,1.01232,2.25,3.75
2012.01.17 09:40:05.206,1.01216,1.01232,2.25,3.00
2012.01.17 09:40:05.998,1.01216,1.01232,2.25,3.00
2012.01.17 09:40:06.357,1.01222,1.01236,1.50,1.50
2012.01.17 09:40:06.708,1.01225,1.01238,1.50,1.69
2012.01.17 09:40:07.055,1.01223,1.01237,1.50,1.50
2012.01.17 09:40:08.717,1.0122,1.01236,3.94,1.50
2012.01.17 09:40:08.859,1.0122,1.01236,1.69,2.25
2012.01.17 09:40:08.933,1.01219,1.01233,6.64,1.50
2012.01.17 09:40:09.435,1.01219,1.01233,4.20,1.50
2012.01.17 09:40:11.636,1.01219,1.01232,4.20,2.63
2012.01.17 09:40:11.987,1.01211,1.01227,3.38,1.88
2012.01.17 09:40:12.544,1.01211,1.01227,1.50,2.25
2012.01.17 09:40:12.686,1.01212,1.01227,2.25,1.50
2012.01.17 09:40:12.826,1.01213,1.01229,2.25,2.25
2012.01.17 09:40:12.967,1.01214,1.01229,3.30,2.25
2012.01.17 09:40:13.510,1.01215,1.0123,2.25,1.50
2012.01.17 09:40:13.719,1.01215,1.01231,2.25,2.25
2012.01.17 09:40:14.265,1.01214,1.01229,2.55,1.50
2012.01.17 09:40:15.325,1.01213,1.01229,2.85,2.25
2012.01.17 09:40:15.846,1.01214,1.01229,1.35,2.25
2012.01.17 09:40:16.484,1.01216,1.0123,1.50,3.45
2012.01.17 09:40:20.236,1.01216,1.0123,2.25,3.45
2012.01.17 09:40:20.795,1.01216,1.0123,2.25,3.45
2012.01.17 09:40:21.524,1.01214,1.01227,1.50,1.13
2012.01.17 09:40:22.001,1.0121,1.01225,3.08,1.50
2012.01.17 09:40:23.275,1.0121,1.01225,1.95,3.00
2012.01.17 09:40:23.796,1.01209,1.01225,4.58,3.00
2012.01.17 09:40:24.443,1.01209,1.01224,2.63,1.35
2012.01.17 09:40:24.949,1.01208,1.01222,2.25,1.50
2012.01.17 09:40:25.496,1.01209,1.01224,1.50,1.35
2012.01.17 09:40:26.316,1.01209,1.01223,1.50,2.63
2012.01.17 09:40:26.844,1.01208,1.01222,2.25,3.00
2012.01.17 09:40:27.045,1.01208,1.01222,2.25,3.00
2012.01.17 09:40:27.190,1.01208,1.01222,1.50,3.00
2012.01.17 09:40:28.546,1.01208,1.01222,1.50,3.00
2012.01.17 09:40:28.759,1.01208,1.01222,1.50,3.75
2012.01.17 09:40:28.970,1.01208,1.01221,1.50,1.50
2012.01.17 09:40:29.496,1.01208,1.01222,1.50,3.00
2012.01.17 09:40:30.016,1.01208,1.01222,1.50,3.00
2012.01.17 09:40:30.553,1.01208,1.01221,1.50,1.88
2012.01.17 09:40:31.110,1.01208,1.01221,1.50,1.88
2012.01.17 09:40:31.673,1.01206,1.0122,3.00,4.13
2012.01.17 09:40:32.335,1.01209,1.01219,1.95,1.13
2012.01.17 09:40:32.616,1.0121,1.01224,1.50,2.63
2012.01.17 09:40:34.585,1.01209,1.01223,4.20,2.25
2012.01.17 09:40:36.027,1.01209,1.01222,2.25,2.25
2012.01.17 09:40:36.099,1.01208,1.0122,2.25,2.25
2012.01.17 09:40:36.168,1.01206,1.01219,1.50,2.25
2012.01.17 09:40:36.438,1.01204,1.01217,3.08,1.50
2012.01.17 09:40:36.835,1.01204,1.0122,4.58,3.00
2012.01.17 09:40:36.925,1.01204,1.0122,4.58,1.50
2012.01.17 09:40:37.066,1.01204,1.01219,4.58,1.50
2012.01.17 09:40:37.345,1.01204,1.01219,4.58,2.63
2012.01.17 09:40:37.957,1.01204,1.0122,4.58,4.13
2012.01.17 09:40:38.275,1.01204,1.0122,4.58,2.63
2012.01.17 09:40:38.478,1.01204,1.0122,3.83,2.63
2012.01.17 09:40:38.718,1.01206,1.01221,1.50,1.88
2012.01.17 09:40:39.409,1.01206,1.01222,1.50,3.38
2012.01.17 09:40:39.968,1.01206,1.01222,1.50,3.38
2012.01.17 09:40:40.507,1.01206,1.01222,2.25,2.63
2012.01.17 09:40:47.278,1.01206,1.01222,2.25,3.00
2012.01.17 09:40:48.522,1.01206,1.01222,1.50,3.00
2012.01.17 09:40:48.668,1.01206,1.01222,1.50,3.76
2012.01.17 09:40:49.233,1.01205,1.01217,2.25,1.50
2012.01.17 09:40:49.669,1.01203,1.01216,1.50,2.25
2012.01.17 09:40:49.775,1.012,1.01214,2.25,2.55
2012.01.17 09:40:50.412,1.01199,1.01213,2.63,2.10
2012.01.17 09:40:52.907,1.01199,1.01212,1.50,1.13
2012.01.17 09:40:53.585,1.01199,1.01213,1.50,3.60
2012.01.17 09:40:54.335,1.01199,1.01213,1.50,3.98
2012.01.17 09:40:54.885,1.01199,1.01213,1.50,3.60
2012.01.17 09:40:58.015,1.01199,1.01213,2.25,2.85
2012.01.17 09:40:58.088,1.01199,1.01213,2.25,2.85
2012.01.17 09:40:58.742,1.01199,1.01213,2.25,2.85
2012.01.17 09:40:59.255,1.01199,1.01213,3.00,2.85
2012.01.17 09:40:59.445,1.01199,1.01213,2.25,2.85
2012.01.17 09:40:59.640,1.01199,1.01213,2.25,2.85
2012.01.17 09:41:00.154,1.01199,1.01213,2.25,3.60
2012.01.17 09:41:00.433,1.01199,1.01213,2.25,2.85
2012.01.17 09:41:01.907,1.01197,1.01211,1.50,1.50
2012.01.17 09:41:02.840,1.01197,1.01211,3.00,1.50
2012.01.17 09:41:02.926,1.01198,1.01213,2.25,1.35
2012.01.17 09:41:03.466,1.01203,1.01217,1.50,3.00
2012.01.17 09:41:03.948,1.01203,1.01217,6.38,1.50
2012.01.17 09:41:04.297,1.01204,1.01214,1.50,1.95
2012.01.17 09:41:04.367,1.01204,1.01217,1.50,3.75
2012.01.17 09:41:04.506,1.01203,1.01217,2.25,1.50
2012.01.17 09:41:04.719,1.01203,1.01217,2.25,1.50
2012.01.17 09:41:04.790,1.01203,1.01217,1.50,1.50
2012.01.17 09:41:05.255,1.01203,1.01217,2.25,1.50
2012.01.17 09:41:05.586,1.01204,1.01217,1.13,1.50
2012.01.17 09:41:05.918,1.01205,1.01217,1.13,1.50
2012.01.17 09:41:06.434,1.01206,1.01217,1.50,1.50
2012.01.17 09:41:07.436,1.01206,1.01217,1.50,1.50
2012.01.17 09:41:07.905,1.01206,1.01217,3.00,1.50
2012.01.17 09:41:08.414,1.01204,1.01217,4.20,1.50
2012.01.17 09:41:09.455,1.01205,1.01217,1.50,1.50
2012.01.17 09:41:09.649,1.01206,1.01215,1.50,1.95
2012.01.17 09:41:09.793,1.01204,1.01214,3.00,1.50
2012.01.17 09:41:09.870,1.01204,1.01214,1.50,1.50
2012.01.17 09:41:10.079,1.01203,1.01214,1.50,1.50
2012.01.17 09:41:10.627,1.01203,1.01214,2.25,1.50
2012.01.17 09:41:11.211,1.01203,1.01214,1.50,1.50
2012.01.17 09:41:11.998,1.01204,1.01214,1.50,1.50
2012.01.17 09:41:12.077,1.01204,1.01217,4.58,5.25
2012.01.17 09:41:12.154,1.01205,1.01217,1.50,3.75
2012.01.17 09:41:12.303,1.01204,1.01217,4.20,1.50
2012.01.17 09:41:12.847,1.01204,1.01217,1.95,1.50
2012.01.17 09:41:13.429,1.01204,1.01219,4.20,2.25
2012.01.17 09:41:14.719,1.01204,1.01217,2.70,1.50
2012.01.17 09:41:16.355,1.01204,1.01217,2.70,1.50
2012.01.17 09:41:16.920,1.01204,1.01217,2.70,1.50
2012.01.17 09:41:17.838,1.01204,1.01217,2.70,1.50
2012.01.17 09:41:18.097,1.01204,1.01217,1.95,1.50
2012.01.17 09:41:18.658,1.01204,1.01217,2.70,1.50
2012.01.17 09:41:19.215,1.01204,1.01217,1.95,1.50
2012.01.17 09:41:19.786,1.01204,1.01217,2.70,1.50
2012.01.17 09:41:20.325,1.01204,1.01217,1.95,1.50
2012.01.17 09:41:21.936,1.01203,1.01217,2.25,1.50
2012.01.17 09:41:22.824,1.01202,1.01215,1.50,1.50
2012.01.17 09:41:23.108,1.01198,1.01214,4.77,2.25
2012.01.17 09:41:23.619,1.01198,1.01214,4.02,2.25
2012.01.17 09:41:24.146,1.01199,1.01214,1.95,2.25
2012.01.17 09:41:25.033,1.01198,1.01213,1.50,1.50
2012.01.17 09:41:25.664,1.01199,1.01214,1.95,3.00
2012.01.17 09:41:28.799,1.01199,1.01214,1.95,1.50
2012.01.17 09:41:29.438,1.01198,1.01214,2.25,2.10
2012.01.17 09:41:29.517,1.01197,1.01211,7.13,1.50
2012.01.17 09:41:31.040,1.01197,1.01211,2.25,1.88
2012.01.17 09:41:31.161,1.01196,1.01206,1.50,2.25
2012.01.17 09:41:31.242,1.01194,1.01204,1.50,1.50
2012.01.17 09:41:31.317,1.0119,1.01204,2.25,1.50
2012.01.17 09:41:31.901,1.0119,1.01204,1.50,1.50
2012.01.17 09:41:35.448,1.01187,1.01203,4.50,2.10
2012.01.17 09:41:35.577,1.01186,1.01201,3.38,1.50
2012.01.17 09:41:35.768,1.01186,1.01201,2.25,1.50
2012.01.17 09:41:37.705,1.01188,1.01202,2.25,1.50
2012.01.17 09:41:39.472,1.0119,1.01203,1.50,1.35
2012.01.17 09:41:40.236,1.01191,1.01205,1.50,3.83
2012.01.17 09:41:40.743,1.0119,1.01204,1.50,2.25
2012.01.17 09:41:43.396,1.0119,1.01204,1.50,3.45
2012.01.17 09:41:43.692,1.01194,1.01208,1.50,3.42
2012.01.17 09:41:43.832,1.0119,1.01206,1.50,2.25
2012.01.17 09:41:43.901,1.0119,1.01204,1.50,1.95
2012.01.17 09:41:44.478,1.01192,1.01204,1.50,1.95
2012.01.17 09:41:44.608,1.0119,1.01204,1.50,1.95
2012.01.17 09:41:45.352,1.0119,1.01204,1.50,2.70
2012.01.17 09:41:47.557,1.0119,1.01204,2.25,1.95
2012.01.17 09:41:48.396,1.01194,1.01204,1.50,1.95
2012.01.17 09:41:48.535,1.01194,1.01205,1.50,1.95
2012.01.17 09:41:48.611,1.0119,1.01205,1.50,3.45
2012.01.17 09:41:49.171,1.01193,1.01205,1.50,3.30
2012.01.17 09:41:49.412,1.0119,1.01205,3.00,2.55
2012.01.17 09:41:49.962,1.0119,1.01205,5.10,1.95
2012.01.17 09:41:50.270,1.01199,1.0121,2.70,2.25
2012.01.17 09:41:50.760,1.01201,1.01216,2.25,1.77
2012.01.17 09:41:50.832,1.01201,1.01216,2.25,1.02
2012.01.17 09:41:51.488,1.01201,1.01214,2.25,1.95
2012.01.17 09:41:52.038,1.01201,1.01214,1.50,1.95
2012.01.17 09:41:56.003,1.01201,1.01214,1.50,2.70
2012.01.17 09:41:58.926,1.01201,1.01211,1.50,1.51
2012.01.17 09:41:59.018,1.01194,1.01208,5.33,1.13
2012.01.17 09:41:59.130,1.01194,1.01206,1.95,2.25
2012.01.17 09:41:59.210,1.01192,1.01206,1.50,2.25
2012.01.17 09:41:59.498,1.01192,1.01206,1.50,2.25
2012.01.17 09:42:00.041,1.01193,1.01207,1.50,1.88
2012.01.17 09:42:04.509,1.01193,1.01206,1.50,1.50
2012.01.17 09:42:04.601,1.0119,1.01204,1.50,2.25
2012.01.17 09:42:04.828,1.01192,1.01204,1.50,2.70
2012.01.17 09:42:06.916,1.0119,1.01204,1.50,4.20
2012.01.17 09:42:07.531,1.01188,1.01201,1.50,1.13
2012.01.17 09:42:07.608,1.01188,1.01202,1.50,4.13
2012.01.17 09:42:07.772,1.01188,1.012,1.50,3.45
2012.01.17 09:42:07.979,1.01185,1.012,1.69,2.70
2012.01.17 09:42:08.555,1.01185,1.012,1.50,1.50
2012.01.17 09:42:08.893,1.01187,1.012,1.50,1.50
2012.01.17 09:42:09.046,1.01187,1.01201,1.50,1.50
2012.01.17 09:42:09.991,1.01186,1.012,1.50,2.25
2012.01.17 09:42:10.530,1.01187,1.01202,1.50,1.50
2012.01.17 09:42:11.047,1.01187,1.01201,1.50,1.50
2012.01.17 09:42:11.750,1.01187,1.01201,1.50,1.50
2012.01.17 09:42:12.269,1.01184,1.01198,4.50,2.25
2012.01.17 09:42:14.075,1.01192,1.01206,1.50,2.25
2012.01.17 09:42:15.868,1.01192,1.01206,1.50,1.50
2012.01.17 09:42:16.186,1.01192,1.01206,1.50,2.25
2012.01.17 09:42:16.569,1.01194,1.01208,2.63,3.00
2012.01.17 09:42:16.640,1.01196,1.01209,2.07,2.70
2012.01.17 09:42:17.205,1.01202,1.01213,1.50,2.63
2012.01.17 09:42:17.848,1.01201,1.01213,1.50,1.13
2012.01.17 09:42:18.404,1.012,1.01213,2.82,1.13
2012.01.17 09:42:18.761,1.01203,1.01213,1.50,1.13
2012.01.17 09:42:19.391,1.012,1.01213,2.82,1.13
2012.01.17 09:42:20.517,1.012,1.01213,2.82,1.13
2012.01.17 09:42:24.823,1.012,1.0121,1.32,1.73
2012.01.17 09:42:25.333,1.01192,1.01205,1.13,1.50
2012.01.17 09:42:25.550,1.0119,1.01206,2.25,2.25
2012.01.17 09:42:25.691,1.01191,1.01204,1.13,1.95
2012.01.17 09:42:26.680,1.01192,1.01207,2.25,1.05
2012.01.17 09:42:26.820,1.01193,1.01208,1.50,2.25
2012.01.17 09:42:27.293,1.01196,1.01211,1.50,1.13
2012.01.17 09:42:27.950,1.01195,1.0121,5.48,1.50
2012.01.17 09:42:28.794,1.01197,1.01211,1.50,2.63
2012.01.17 09:42:30.367,1.012,1.01211,2.25,1.50
2012.01.17 09:42:30.922,1.012,1.01214,2.25,2.25
2012.01.17 09:42:31.780,1.012,1.01214,3.00,2.25
2012.01.17 09:42:32.456,1.012,1.01214,3.00,2.25
2012.01.17 09:42:33.838,1.012,1.01214,3.00,2.25
2012.01.17 09:42:34.681,1.01199,1.0121,3.30,1.50
2012.01.17 09:42:34.901,1.01197,1.0121,1.50,1.50
2012.01.17 09:42:35.463,1.01196,1.01209,1.50,1.50
2012.01.17 09:42:35.667,1.01199,1.01212,2.25,1.50
2012.01.17 09:42:36.225,1.01199,1.0121,2.25,1.50
2012.01.17 09:42:36.793,1.01197,1.0121,2.25,1.50
2012.01.17 09:42:37.226,1.012,1.01213,2.25,1.50
2012.01.17 09:42:38.183,1.012,1.01211,2.25,1.50
2012.01.17 09:42:38.826,1.01199,1.0121,1.50,1.50
2012.01.17 09:42:39.390,1.01195,1.01209,1.88,3.45
2012.01.17 09:42:39.603,1.01195,1.01211,2.25,2.25
2012.01.17 09:42:39.824,1.01195,1.01211,2.25,2.25
2012.01.17 09:42:42.231,1.01198,1.01212,1.50,2.10
2012.01.17 09:42:42.936,1.01196,1.0121,2.44,1.50
2012.01.17 09:42:43.873,1.01196,1.01208,2.44,1.50
2012.01.17 09:42:44.233,1.01193,1.01202,1.50,1.50
2012.01.17 09:42:44.384,1.01193,1.01207,2.25,1.50
2012.01.17 09:42:44.530,1.01195,1.01209,2.25,1.50
2012.01.17 09:42:44.672,1.01195,1.01209,3.00,1.50
2012.01.17 09:42:45.370,1.01196,1.0121,2.25,1.50
2012.01.17 09:42:45.928,1.01196,1.0121,2.25,1.50
2012.01.17 09:42:47.223,1.01196,1.0121,1.50,2.25
2012.01.17 09:42:47.568,1.01194,1.01205,1.95,1.50
2012.01.17 09:42:47.700,1.01191,1.01205,3.00,2.25
2012.01.17 09:42:48.624,1.01192,1.01208,2.25,2.25
2012.01.17 09:42:49.278,1.01192,1.01208,2.25,2.25
2012.01.17 09:42:49.831,1.01192,1.01208,2.25,2.25
2012.01.17 09:42:50.028,1.01192,1.01208,1.50,2.25
2012.01.17 09:42:50.689,1.01192,1.01208,2.25,2.25
2012.01.17 09:42:51.267,1.01192,1.01208,2.25,2.25
2012.01.17 09:42:51.761,1.01192,1.01208,2.25,1.50
2012.01.17 09:42:52.306,1.01192,1.01208,2.25,2.25
2012.01.17 09:42:52.857,1.01192,1.01208,2.25,1.50
2012.01.17 09:42:53.399,1.01192,1.01206,2.25,1.50
2012.01.17 09:42:53.649,1.0119,1.01205,4.35,1.50
2012.01.17 09:42:53.930,1.0119,1.01202,4.35,1.50
2012.01.17 09:42:54.352,1.01188,1.01198,2.44,1.50
2012.01.17 09:42:54.715,1.01183,1.01193,1.50,1.50
2012.01.17 09:42:55.146,1.01184,1.012,2.10,4.20
2012.01.17 09:42:55.358,1.01185,1.012,1.50,1.50
2012.01.17 09:42:56.119,1.01185,1.012,4.35,1.50
2012.01.17 09:42:56.718,1.01185,1.01197,4.35,1.50
2012.01.17 09:42:57.224,1.01183,1.01197,2.25,1.50
2012.01.17 09:42:57.781,1.01185,1.01199,2.25,4.95
2012.01.17 09:42:58.212,1.01182,1.01196,2.63,1.13
2012.01.17 09:42:58.771,1.01182,1.01195,1.50,1.50
2012.01.17 09:43:00.260,1.01185,1.01197,1.50,1.13
2012.01.17 09:43:00.588,1.01182,1.01197,2.25,1.88
2012.01.17 09:43:00.938,1.01182,1.01196,2.25,1.73
2012.01.17 09:43:01.085,1.01182,1.01194,2.25,1.50
2012.01.17 09:43:01.302,1.0118,1.01192,1.13,1.50
2012.01.17 09:43:01.721,1.01183,1.01197,1.50,3.00
2012.01.17 09:43:02.146,1.01183,1.01197,1.50,2.25
2012.01.17 09:43:04.179,1.01183,1.01196,1.50,1.88
2012.01.17 09:43:08.075,1.01183,1.01197,1.50,2.25
2012.01.17 09:43:08.617,1.01185,1.01199,1.50,2.25
2012.01.17 09:43:09.101,1.01185,1.01199,1.50,1.50
2012.01.17 09:43:09.175,1.01182,1.01196,4.51,1.50
2012.01.17 09:43:09.524,1.01185,1.01199,1.50,1.50
2012.01.17 09:43:10.101,1.01186,1.012,1.50,4.20
2012.01.17 09:43:10.968,1.01186,1.012,1.50,4.95
2012.01.17 09:43:11.036,1.01184,1.01198,1.50,2.63
2012.01.17 09:43:11.108,1.01184,1.01196,1.50,1.13
2012.01.17 09:43:11.318,1.01182,1.01196,2.26,3.38
2012.01.17 09:43:12.810,1.01183,1.01196,1.50,1.13
2012.01.17 09:43:16.380,1.01183,1.01197,1.50,1.13
2012.01.17 09:43:16.939,1.01183,1.01199,1.50,2.25
2012.01.17 09:43:19.141,1.01183,1.01199,1.50,2.25
2012.01.17 09:43:20.371,1.01182,1.01197,1.51,1.50
2012.01.17 09:43:21.063,1.01185,1.01199,3.00,3.00
2012.01.17 09:43:21.219,1.01189,1.01202,2.70,1.88
2012.01.17 09:43:21.375,1.0119,1.01203,2.25,3.00
2012.01.17 09:43:21.908,1.0119,1.01204,1.50,1.50
2012.01.17 09:43:24.692,1.0119,1.01204,2.25,1.50
2012.01.17 09:43:25.027,1.01191,1.01207,2.85,2.25
2012.01.17 09:43:26.905,1.0119,1.01204,2.25,1.50
2012.01.17 09:43:27.394,1.01189,1.01202,2.89,1.50
2012.01.17 09:43:28.148,1.01189,1.01202,2.89,1.50
2012.01.17 09:43:29.251,1.01189,1.01202,2.70,1.50
2012.01.17 09:43:30.753,1.01189,1.01202,2.70,1.50
2012.01.17 09:43:31.276,1.01189,1.01202,1.95,1.50
2012.01.17 09:43:32.784,1.01188,1.01199,3.75,1.50
2012.01.17 09:43:32.929,1.01185,1.01199,1.50,1.50
2012.01.17 09:43:33.702,1.01186,1.012,2.85,1.50
2012.01.17 09:43:34.413,1.01186,1.012,2.85,3.75
2012.01.17 09:43:34.767,1.01184,1.01194,1.95,1.50
2012.01.17 09:43:35.040,1.01184,1.01197,2.25,1.50
2012.01.17 09:43:35.566,1.01184,1.01198,2.25,1.50
2012.01.17 09:43:37.219,1.01184,1.01198,2.25,1.50
2012.01.17 09:43:40.230,1.01184,1.01198,2.25,1.88
2012.01.17 09:43:41.400,1.01184,1.01198,2.25,1.88
2012.01.17 09:43:41.970,1.01184,1.01198,2.25,1.88
2012.01.17 09:43:42.517,1.01184,1.01198,2.25,1.88
2012.01.17 09:43:43.455,1.01183,1.01197,1.50,1.50
2012.01.17 09:43:43.599,1.01181,1.01197,3.19,2.25
2012.01.17 09:43:46.709,1.01181,1.01196,2.44,1.50
2012.01.17 09:43:47.258,1.0118,1.01194,1.50,2.25
2012.01.17 09:43:47.810,1.01182,1.01195,1.50,1.50
2012.01.17 09:43:48.164,1.01182,1.01196,2.25,3.00
2012.01.17 09:43:52.687,1.01181,1.01194,1.50,1.50
2012.01.17 09:43:53.080,1.0118,1.01194,2.44,1.50
2012.01.17 09:43:53.873,1.01181,1.01196,1.50,2.25
2012.01.17 09:43:54.057,1.0118,1.01194,2.44,1.50
2012.01.17 09:43:55.482,1.01181,1.01196,1.50,2.63
2012.01.17 09:43:55.691,1.0118,1.01194,3.94,1.50
2012.01.17 09:43:56.747,1.01182,1.01196,1.50,2.63
2012.01.17 09:43:57.326,1.01182,1.01196,1.50,2.63
2012.01.17 09:43:57.996,1.01182,1.01196,1.50,2.25
2012.01.17 09:43:59.367,1.01182,1.01196,2.25,1.50
2012.01.17 09:43:59.794,1.01184,1.01198,2.25,1.50
2012.01.17 09:43:59.873,1.01184,1.01198,2.25,1.50
2012.01.17 09:44:00.278,1.01184,1.01198,2.25,1.50
2012.01.17 09:44:00.352,1.01184,1.01198,2.25,1.50
2012.01.17 09:44:00.896,1.01183,1.01197,2.25,1.50
2012.01.17 09:44:00.976,1.01183,1.01197,2.25,1.50
2012.01.17 09:44:01.129,1.01183,1.01195,1.50,1.50
2012.01.17 09:44:01.792,1.01182,1.01195,1.50,1.50
2012.01.17 09:44:06.649,1.01183,1.01195,1.50,1.50
2012.01.17 09:44:07.277,1.01183,1.01195,1.69,1.50
2012.01.17 09:44:07.425,1.01184,1.01198,2.25,1.50
2012.01.17 09:44:07.710,1.01187,1.01201,2.25,3.00
2012.01.17 09:44:08.238,1.01187,1.01201,2.25,2.25
2012.01.17 09:44:08.801,1.01186,1.012,1.50,1.50
2012.01.17 09:44:09.088,1.01185,1.01197,1.50,1.50
2012.01.17 09:44:09.470,1.01185,1.01197,1.50,1.50
2012.01.17 09:44:10.014,1.01185,1.01197,1.50,1.50
2012.01.17 09:44:10.538,1.01183,1.01197,1.50,1.50
2012.01.17 09:44:16.901,1.01183,1.01196,1.50,1.50
2012.01.17 09:44:21.218,1.01183,1.01196,1.50,1.50
2012.01.17 09:44:25.293,1.01182,1.01196,3.00,1.50
2012.01.17 09:44:27.839,1.01184,1.01198,1.50,2.25
2012.01.17 09:44:28.436,1.01184,1.01198,2.25,1.50
2012.01.17 09:44:28.979,1.01183,1.01197,1.50,1.50
2012.01.17 09:44:31.936,1.01183,1.01197,1.50,1.50
2012.01.17 09:44:32.841,1.01183,1.01199,3.00,1.50
2012.01.17 09:44:34.576,1.01183,1.01199,3.00,1.50
2012.01.17 09:44:34.648,1.01183,1.01199,3.00,1.50
2012.01.17 09:44:38.013,1.01183,1.01199,3.00,1.50
2012.01.17 09:44:38.441,1.01183,1.01199,3.00,1.50
2012.01.17 09:44:38.904,1.01183,1.01197,1.50,1.50
2012.01.17 09:44:39.286,1.01183,1.01199,3.00,1.50
2012.01.17 09:44:39.382,1.01183,1.01199,3.00,1.50
2012.01.17 09:44:40.283,1.01186,1.012,2.25,1.50
2012.01.17 09:44:40.496,1.01188,1.01202,2.25,1.88
2012.01.17 09:44:42.311,1.01188,1.01202,2.25,1.50
2012.01.17 09:44:43.674,1.01184,1.01195,2.25,1.50
2012.01.17 09:44:44.005,1.01182,1.01193,1.88,1.50
2012.01.17 09:44:44.086,1.01181,1.01193,2.25,1.50
2012.01.17 09:44:44.444,1.01182,1.01196,1.50,1.50
2012.01.17 09:44:44.589,1.01182,1.01196,2.25,1.50
2012.01.17 09:44:44.803,1.01183,1.01199,2.25,1.50
2012.01.17 09:44:46.127,1.01182,1.01196,2.25,1.50
2012.01.17 09:44:49.536,1.01184,1.01199,2.25,1.50
2012.01.17 09:44:49.860,1.01184,1.012,2.25,2.25
2012.01.17 09:44:52.032,1.01183,1.01197,4.50,1.50
2012.01.17 09:44:52.169,1.01183,1.01197,3.00,1.50
2012.01.17 09:44:53.663,1.01183,1.01197,3.00,2.25
2012.01.17 09:44:56.495,1.01183,1.01196,3.00,1.13
2012.01.17 09:44:57.040,1.01183,1.01196,1.50,1.88
2012.01.17 09:44:57.580,1.01181,1.01196,1.50,4.51
2012.01.17 09:44:58.084,1.01181,1.01196,1.50,3.75
2012.01.17 09:44:58.586,1.01181,1.01195,1.50,1.50
2012.01.17 09:44:58.732,1.01181,1.01196,1.50,3.76
2012.01.17 09:44:58.860,1.01181,1.01195,1.50,1.50
2012.01.17 09:44:59.412,1.01181,1.01196,1.50,3.38
2012.01.17 09:44:59.960,1.01183,1.01196,1.50,1.13
2012.01.17 09:45:00.502,1.01183,1.01196,1.50,1.88
2012.01.17 09:45:00.984,1.01181,1.01194,1.50,1.50
2012.01.17 09:45:01.663,1.01181,1.01195,1.50,3.00
2012.01.17 09:45:04.680,1.01182,1.01196,1.50,1.13
2012.01.17 09:45:05.202,1.01183,1.01196,1.50,1.13
2012.01.17 09:45:05.268,1.01181,1.01196,1.50,2.63
2012.01.17 09:45:07.182,1.0118,1.01196,3.60,3.00
2012.01.17 09:45:07.698,1.01182,1.01196,1.50,1.13
2012.01.17 09:45:08.249,1.01181,1.01196,1.35,2.63
2012.01.17 09:45:13.597,1.01182,1.01197,1.50,1.88
2012.01.17 09:45:14.346,1.01182,1.01197,1.50,1.88
2012.01.17 09:45:14.850,1.01181,1.01196,1.35,1.50
2012.01.17 09:45:15.402,1.01178,1.0119,2.14,1.88
2012.01.17 09:45:15.750,1.01175,1.01187,1.50,1.50
2012.01.17 09:45:15.819,1.01173,1.01187,3.75,2.25
2012.01.17 09:45:15.966,1.01174,1.01185,1.50,1.50
2012.01.17 09:45:16.041,1.01173,1.01187,1.50,1.50
2012.01.17 09:45:16.578,1.01172,1.01186,3.98,1.13
2012.01.17 09:45:17.284,1.01172,1.01188,3.60,1.50
2012.01.17 09:45:17.362,1.01173,1.01185,1.50,1.50
2012.01.17 09:45:17.430,1.01173,1.01188,1.50,2.25
2012.01.17 09:45:17.572,1.01173,1.01188,1.50,2.25
2012.01.17 09:45:18.500,1.01173,1.01188,1.50,1.50
2012.01.17 09:45:18.570,1.01173,1.01188,1.50,1.50
2012.01.17 09:45:19.255,1.01173,1.01188,1.50,1.50
2012.01.17 09:45:20.075,1.01173,1.01188,1.50,1.50
2012.01.17 09:45:20.634,1.01173,1.01188,1.50,1.50
2012.01.17 09:45:21.986,1.01173,1.01188,1.50,2.25
2012.01.17 09:45:22.583,1.01173,1.01188,1.50,2.25
2012.01.17 09:45:23.146,1.01173,1.01188,1.50,2.25
2012.01.17 09:45:23.679,1.01173,1.01188,1.50,1.50
2012.01.17 09:45:24.207,1.01173,1.01188,1.50,2.25
2012.01.17 09:45:24.834,1.01173,1.01188,1.50,2.25
2012.01.17 09:45:35.267,1.01173,1.01188,1.50,1.50
2012.01.17 09:45:38.464,1.01174,1.0119,5.33,1.50
2012.01.17 09:45:38.967,1.01176,1.01192,3.00,2.85
2012.01.17 09:45:39.044,1.01176,1.01192,3.00,2.85
2012.01.17 09:45:43.212,1.01176,1.01192,2.63,2.85
2012.01.17 09:45:43.751,1.01177,1.01192,1.13,2.25
2012.01.17 09:45:44.467,1.01176,1.01192,2.63,2.85
2012.01.17 09:45:44.608,1.01176,1.01192,2.63,2.85
2012.01.17 09:45:46.489,1.01176,1.01192,2.25,2.10
2012.01.17 09:45:48.520,1.01177,1.01188,1.50,1.51
2012.01.17 09:45:49.084,1.01174,1.01181,1.13,1.50
2012.01.17 09:45:49.168,1.01172,1.01183,1.50,1.50
2012.01.17 09:45:50.072,1.01171,1.01185,3.60,2.25
2012.01.17 09:45:50.750,1.01171,1.01184,2.10,1.50
2012.01.17 09:45:51.030,1.01172,1.01186,1.88,2.01
2012.01.17 09:45:51.481,1.01173,1.01187,4.50,1.50
2012.01.17 09:45:51.692,1.01175,1.01189,2.25,1.50
2012.01.17 09:45:54.282,1.01177,1.01191,2.25,3.38
2012.01.17 09:45:54.840,1.01177,1.01191,2.25,1.50
2012.01.17 09:46:07.664,1.01177,1.0119,2.25,1.95
2012.01.17 09:46:07.937,1.01176,1.0119,1.50,3.45
2012.01.17 09:46:11.428,1.01177,1.01191,2.25,3.00
2012.01.17 09:46:14.147,1.01183,1.01191,1.73,1.50
2012.01.17 09:46:14.233,1.01184,1.01196,1.35,2.25
2012.01.17 09:46:14.321,1.01187,1.01198,1.50,1.13
2012.01.17 09:46:14.466,1.01187,1.01199,3.00,1.95
2012.01.17 09:46:14.616,1.01186,1.01199,1.50,4.20
2012.01.17 09:46:14.766,1.01186,1.01199,1.50,3.45
2012.01.17 09:46:21.418,1.01187,1.01202,1.73,5.48
2012.01.17 09:46:21.631,1.01188,1.01203,2.25,2.10
2012.01.17 09:46:22.484,1.01189,1.01204,2.25,2.85
2012.01.17 09:46:22.583,1.01185,1.012,1.24,3.45
2012.01.17 09:46:25.014,1.01188,1.01202,2.25,3.75
2012.01.17 09:46:28.140,1.01185,1.01201,2.44,1.50
2012.01.17 09:46:28.699,1.01185,1.01201,2.44,1.50
2012.01.17 09:46:29.400,1.01185,1.01201,3.49,1.50
2012.01.17 09:46:29.479,1.01185,1.01201,3.49,1.50
2012.01.17 09:46:30.017,1.01185,1.01201,2.74,1.50
2012.01.17 09:46:35.917,1.01186,1.01201,1.50,1.50
2012.01.17 09:46:36.106,1.01186,1.01201,1.50,1.50
2012.01.17 09:46:37.534,1.01187,1.01203,2.25,2.85
2012.01.17 09:46:37.746,1.01185,1.01201,2.44,1.50
2012.01.17 09:46:53.623,1.01184,1.01199,3.00,1.50
2012.01.17 09:46:53.845,1.01184,1.01199,3.00,2.63
2012.01.17 09:46:54.410,1.01183,1.01199,2.25,4.20
2012.01.17 09:46:54.852,1.01183,1.01198,1.50,1.50
2012.01.17 09:46:55.358,1.01182,1.01198,2.44,1.50
2012.01.17 09:46:55.841,1.01183,1.01197,1.50,2.25
2012.01.17 09:46:56.400,1.01183,1.01197,2.25,2.25
2012.01.17 09:46:56.939,1.01183,1.01197,1.50,2.25
2012.01.17 09:46:57.460,1.01183,1.01197,4.06,2.25
2012.01.17 09:46:57.533,1.01184,1.01199,2.25,1.50
2012.01.17 09:46:57.611,1.01187,1.01202,2.25,3.38
2012.01.17 09:46:58.429,1.01187,1.01201,2.25,1.88
2012.01.17 09:46:58.852,1.01183,1.01197,2.25,1.50
2012.01.17 09:46:58.934,1.01183,1.01197,2.25,1.50
2012.01.17 09:47:00.967,1.01183,1.01197,2.25,2.25
2012.01.17 09:47:03.900,1.01183,1.01197,2.25,1.50
2012.01.17 09:47:04.368,1.01183,1.01197,2.25,1.50
2012.01.17 09:47:05.024,1.01183,1.01197,2.25,1.50
2012.01.17 09:47:07.915,1.01183,1.01197,2.25,1.50
2012.01.17 09:47:09.037,1.01183,1.01197,2.25,1.50
2012.01.17 09:47:09.107,1.01185,1.01199,2.25,1.69
2012.01.17 09:47:09.787,1.01183,1.01198,2.25,1.50
2012.01.17 09:47:10.116,1.01182,1.01198,2.85,1.50
2012.01.17 09:47:10.630,1.01184,1.012,1.50,5.89
2012.01.17 09:47:11.240,1.01183,1.01197,3.75,1.50
2012.01.17 09:47:11.746,1.01182,1.01196,1.35,1.50
2012.01.17 09:47:12.080,1.01183,1.01199,2.25,1.50
2012.01.17 09:47:13.820,1.01183,1.01199,2.25,1.50
2012.01.17 09:47:15.817,1.01183,1.01199,2.25,1.50
2012.01.17 09:47:16.258,1.01183,1.01199,2.25,3.00
2012.01.17 09:47:16.781,1.01183,1.01199,2.25,2.25
2012.01.17 09:47:19.560,1.01183,1.01199,2.25,1.50
2012.01.17 09:47:20.150,1.01181,1.01197,2.64,1.50
2012.01.17 09:47:20.701,1.01181,1.01197,2.26,1.50
2012.01.17 09:47:22.530,1.01184,1.01198,2.25,1.50
2012.01.17 09:47:27.030,1.01184,1.01198,2.25,1.50
2012.01.17 09:47:27.778,1.01184,1.01198,2.25,1.50
2012.01.17 09:47:28.337,1.01184,1.01198,2.25,1.50
2012.01.17 09:47:29.966,1.01184,1.01198,2.25,1.50
2012.01.17 09:47:30.686,1.01184,1.01198,2.25,1.50
2012.01.17 09:47:31.383,1.01184,1.01198,2.25,1.50
2012.01.17 09:47:32.821,1.01186,1.012,3.00,3.45
2012.01.17 09:47:33.068,1.01186,1.012,3.00,3.45
2012.01.17 09:47:35.496,1.01186,1.01199,1.50,1.50
2012.01.17 09:47:35.577,1.01183,1.01199,4.69,1.50
2012.01.17 09:47:40.077,1.01183,1.01199,2.63,1.50
2012.01.17 09:47:40.347,1.01187,1.012,2.25,1.95
2012.01.17 09:47:40.498,1.01187,1.01203,2.25,2.45
2012.01.17 09:47:40.909,1.0119,1.012,2.25,1.95
2012.01.17 09:47:41.455,1.01185,1.01201,6.31,1.50
2012.01.17 09:47:41.534,1.01189,1.01203,2.25,2.44
2012.01.17 09:47:42.030,1.01186,1.01202,2.25,4.35
2012.01.17 09:47:42.571,1.01185,1.012,2.26,3.45
2012.01.17 09:47:43.507,1.01188,1.01204,2.25,3.20
2012.01.17 09:47:43.991,1.01186,1.01201,2.25,3.45
2012.01.17 09:47:44.273,1.01189,1.01203,2.25,1.65
2012.01.17 09:47:44.559,1.01189,1.012,1.50,1.95
2012.01.17 09:47:45.098,1.01187,1.012,2.25,1.95
2012.01.17 09:47:45.560,1.01189,1.01204,2.25,1.13
2012.01.17 09:47:45.629,1.01189,1.01205,2.25,4.20
2012.01.17 09:47:46.413,1.01189,1.012,2.25,1.95
2012.01.17 09:47:46.762,1.01188,1.01203,2.25,1.50
2012.01.17 09:47:47.288,1.0119,1.01205,1.50,1.50
2012.01.17 09:47:47.800,1.01188,1.01204,2.25,2.25
2012.01.17 09:47:48.003,1.01186,1.012,2.25,1.95
2012.01.17 09:47:48.556,1.01189,1.01205,2.25,5.90
2012.01.17 09:47:48.629,1.01189,1.01204,2.25,2.45
2012.01.17 09:47:49.180,1.01189,1.01205,2.25,4.58
2012.01.17 09:47:49.465,1.01189,1.01201,2.25,1.95
2012.01.17 09:47:50.279,1.01188,1.01202,2.25,1.50
2012.01.17 09:47:50.354,1.01188,1.01204,2.25,1.50
2012.01.17 09:47:50.570,1.01188,1.01204,2.25,3.60
2012.01.17 09:47:51.097,1.01185,1.012,3.94,1.95
2012.01.17 09:47:51.483,1.01189,1.01202,2.25,2.25
2012.01.17 09:47:51.701,1.01189,1.01205,2.25,3.04
2012.01.17 09:47:52.097,1.01189,1.01204,2.25,1.54
2012.01.17 09:47:52.847,1.01185,1.01201,3.01,3.45
2012.01.17 09:47:53.002,1.0119,1.01201,1.51,1.95
2012.01.17 09:47:53.070,1.0119,1.01203,5.71,1.50
2012.01.17 09:47:53.144,1.01192,1.01208,2.25,2.45
2012.01.17 09:47:53.427,1.01195,1.01209,1.95,1.50
2012.01.17 09:47:53.572,1.01195,1.0121,2.70,1.50
2012.01.17 09:47:53.641,1.01198,1.01212,2.25,2.25
2012.01.17 09:47:53.717,1.01203,1.01213,1.50,1.50
2012.01.17 09:47:53.859,1.01203,1.01215,1.50,2.33
2012.01.17 09:47:58.972,1.01205,1.01215,1.50,1.95
2012.01.17 09:47:59.697,1.01205,1.01217,1.50,1.88
2012.01.17 09:47:59.915,1.01203,1.01217,1.50,2.63
2012.01.17 09:48:00.339,1.01201,1.01215,2.25,1.50
2012.01.17 09:48:01.246,1.01205,1.01216,1.50,1.95
2012.01.17 09:48:08.129,1.01205,1.01216,2.25,2.70
2012.01.17 09:48:08.393,1.01207,1.01219,1.50,1.13
2012.01.17 09:48:08.602,1.01207,1.01221,2.25,2.25
2012.01.17 09:48:08.953,1.01204,1.01218,3.94,1.50
2012.01.17 09:48:09.880,1.01205,1.01221,2.25,4.20
2012.01.17 09:48:10.019,1.01208,1.01223,2.25,3.19
2012.01.17 09:48:10.545,1.01211,1.01226,2.25,2.25
2012.01.17 09:48:10.623,1.01211,1.01227,2.26,1.50
2012.01.17 09:48:11.258,1.01214,1.01228,1.50,1.50
2012.01.17 09:48:15.473,1.01214,1.01227,1.50,1.13
2012.01.17 09:48:15.833,1.01209,1.01219,2.25,1.50
2012.01.17 09:48:15.983,1.01204,1.01216,1.50,1.50
2012.01.17 09:48:16.066,1.01202,1.01216,2.85,1.50
2012.01.17 09:48:16.742,1.01204,1.01218,1.50,2.10
2012.01.17 09:48:17.091,1.01205,1.01221,2.25,4.58
2012.01.17 09:48:17.470,1.01205,1.0122,2.25,1.88
2012.01.17 09:48:17.599,1.01205,1.0122,1.50,1.88
2012.01.17 09:48:18.127,1.01204,1.01217,1.50,1.50
2012.01.17 09:48:18.671,1.01202,1.01216,3.60,1.50
2012.01.17 09:48:18.740,1.01204,1.01218,2.25,1.50
2012.01.17 09:48:19.169,1.01206,1.0122,2.25,1.50
2012.01.17 09:48:20.332,1.01206,1.0122,2.25,1.50
2012.01.17 09:48:22.377,1.01206,1.0122,2.25,1.50
2012.01.17 09:48:22.842,1.01208,1.01222,2.25,1.50
2012.01.17 09:48:28.217,1.01208,1.01222,2.25,1.50
2012.01.17 09:48:32.811,1.01209,1.01225,2.25,5.33
2012.01.17 09:48:33.349,1.01208,1.01222,2.25,1.50
2012.01.17 09:48:33.837,1.01209,1.01225,2.25,6.45
2012.01.17 09:48:34.664,1.01207,1.01223,3.75,1.50
2012.01.17 09:48:34.998,1.01207,1.01223,2.25,1.50
2012.01.17 09:48:35.550,1.01207,1.01223,2.25,2.25
2012.01.17 09:48:39.430,1.01205,1.01219,2.44,1.50
2012.01.17 09:48:39.938,1.01205,1.01219,2.44,1.50
2012.01.17 09:48:40.724,1.01205,1.01219,2.25,2.48
2012.01.17 09:48:41.155,1.01202,1.01215,2.25,1.95
2012.01.17 09:48:41.552,1.012,1.01214,1.50,1.50
2012.01.17 09:48:41.836,1.01202,1.01216,1.50,2.25
2012.01.17 09:48:42.191,1.01205,1.01216,3.30,1.50
2012.01.17 09:48:42.262,1.01205,1.01219,3.30,1.50
2012.01.17 09:48:43.566,1.01205,1.01219,3.30,1.50
2012.01.17 09:48:44.641,1.01206,1.0122,2.25,1.50
2012.01.17 09:48:55.988,1.01207,1.01223,2.63,2.25
2012.01.17 09:48:56.069,1.01211,1.01225,2.25,2.14
2012.01.17 09:48:57.911,1.01209,1.01225,2.25,3.45
2012.01.17 09:49:00.226,1.01209,1.01224,2.25,1.50
2012.01.17 09:49:00.538,1.01208,1.01222,2.25,1.50
2012.01.17 09:49:02.649,1.01208,1.01222,2.25,1.50
2012.01.17 09:49:02.992,1.01209,1.01224,2.25,3.00
2012.01.17 09:49:03.204,1.01212,1.01225,1.50,2.70
2012.01.17 09:49:03.563,1.01215,1.01225,2.25,1.95
2012.01.17 09:49:04.194,1.01214,1.01225,2.25,1.95
2012.01.17 09:49:06.150,1.01212,1.01225,2.25,1.95
2012.01.17 09:49:06.547,1.01209,1.01223,2.44,2.25
2012.01.17 09:49:07.080,1.01209,1.01223,2.44,2.63
2012.01.17 09:49:10.292,1.01207,1.01221,2.25,1.50
2012.01.17 09:49:11.318,1.01209,1.01223,2.25,2.63
2012.01.17 09:49:15.524,1.01205,1.01219,4.20,2.25
2012.01.17 09:49:15.609,1.01202,1.01216,5.44,2.25
2012.01.17 09:49:15.825,1.01202,1.01216,2.44,1.50
2012.01.17 09:49:16.041,1.01202,1.01216,1.70,1.50
2012.01.17 09:49:16.325,1.01204,1.01217,1.50,1.35
2012.01.17 09:49:17.043,1.01204,1.01218,1.50,1.50
2012.01.17 09:49:17.590,1.01204,1.01218,2.25,1.50
2012.01.17 09:49:18.140,1.01204,1.01215,2.25,1.95
2012.01.17 09:49:18.421,1.01205,1.01217,1.95,2.25
2012.01.17 09:49:18.873,1.01205,1.01219,1.95,2.26
2012.01.17 09:49:19.899,1.01203,1.01219,4.50,1.50
2012.01.17 09:49:20.588,1.01203,1.01219,2.25,1.50
2012.01.17 09:49:21.133,1.01204,1.01219,2.70,1.50
2012.01.17 09:49:21.981,1.01204,1.01219,1.95,1.50
2012.01.17 09:49:23.308,1.01203,1.01219,4.50,1.88
2012.01.17 09:49:23.391,1.01202,1.01217,1.50,1.13
2012.01.17 09:49:23.762,1.012,1.01216,2.63,3.38
2012.01.17 09:49:23.982,1.012,1.01215,1.50,4.05
2012.01.17 09:49:24.125,1.01197,1.01213,2.82,2.10
2012.01.17 09:49:25.442,1.01192,1.01201,2.25,1.95
2012.01.17 09:49:25.919,1.01191,1.01198,1.50,1.50
2012.01.17 09:49:26.061,1.01187,1.01201,2.25,3.45
2012.01.17 09:49:26.612,1.01189,1.01204,2.25,4.50
2012.01.17 09:49:26.682,1.01189,1.01204,2.25,2.25
2012.01.17 09:49:27.139,1.01186,1.012,2.25,1.50
2012.01.17 09:49:27.903,1.01189,1.01202,2.25,4.50
2012.01.17 09:49:27.985,1.01189,1.01204,2.25,2.26
2012.01.17 09:49:28.462,1.01188,1.01202,2.25,1.50
2012.01.17 09:49:28.875,1.01185,1.012,1.05,1.50
2012.01.17 09:49:29.408,1.01188,1.01202,2.25,1.50
2012.01.17 09:49:29.610,1.01189,1.01205,1.50,7.39
2012.01.17 09:49:30.047,1.01188,1.01202,2.25,1.50
2012.01.17 09:49:30.367,1.01185,1.01199,2.44,1.50
2012.01.17 09:49:30.711,1.01187,1.01201,2.25,1.95
2012.01.17 09:49:31.059,1.0119,1.01204,1.50,1.13
2012.01.17 09:49:31.633,1.0119,1.01201,1.50,1.95
2012.01.17 09:49:32.510,1.01189,1.01203,2.25,2.25
2012.01.17 09:49:32.839,1.01189,1.01201,2.25,2.10
2012.01.17 09:49:33.123,1.01181,1.01193,3.08,1.50
2012.01.17 09:49:33.199,1.01186,1.01198,1.50,4.69
2012.01.17 09:49:33.412,1.01186,1.01198,3.00,1.50
2012.01.17 09:49:33.482,1.01189,1.01203,1.50,2.10
2012.01.17 09:49:34.098,1.01186,1.01201,2.25,2.55
2012.01.17 09:49:34.181,1.01185,1.01199,2.25,1.50
2012.01.17 09:49:35.251,1.01187,1.01201,1.50,4.05
2012.01.17 09:49:35.777,1.01185,1.01201,2.25,4.05
2012.01.17 09:49:36.119,1.01185,1.01199,2.25,1.50
2012.01.17 09:49:36.288,1.01185,1.01201,2.25,5.55
2012.01.17 09:49:36.361,1.01185,1.01199,2.25,1.50
2012.01.17 09:49:36.428,1.01185,1.01201,2.25,4.05
2012.01.17 09:49:37.097,1.01185,1.01201,2.25,4.05
2012.01.17 09:49:37.658,1.01187,1.01201,1.50,2.55
2012.01.17 09:49:38.180,1.01188,1.01201,1.50,2.55
2012.01.17 09:49:38.253,1.01186,1.01198,2.25,1.50
2012.01.17 09:49:38.399,1.01186,1.012,2.25,3.00
2012.01.17 09:49:38.962,1.01186,1.012,2.25,1.50
2012.01.17 09:49:39.172,1.01182,1.01198,2.25,1.50
2012.01.17 09:49:39.372,1.01185,1.01201,2.25,4.05
2012.01.17 09:49:40.033,1.01187,1.01201,1.50,3.30
2012.01.17 09:49:40.429,1.01187,1.01203,1.50,1.50
2012.01.17 09:49:40.809,1.01185,1.01201,4.20,1.50
2012.01.17 09:49:56.442,1.01185,1.012,2.25,1.95
2012.01.17 09:49:56.800,1.01184,1.01198,2.25,1.50
2012.01.17 09:49:57.263,1.01186,1.012,2.25,5.70
2012.01.17 09:49:57.780,1.01183,1.01199,2.44,1.50
2012.01.17 09:49:58.660,1.01183,1.01198,1.50,1.35
2012.01.17 09:49:58.874,1.0118,1.01195,4.21,2.25
2012.01.17 09:49:59.572,1.0118,1.01195,2.70,3.38
2012.01.17 09:49:59.695,1.01183,1.01196,1.50,1.88
2012.01.17 09:50:00.221,1.01182,1.01197,1.50,3.23
2012.01.17 09:50:00.554,1.01181,1.01197,1.50,3.98
2012.01.17 09:50:00.773,1.01181,1.01197,3.60,2.25
2012.01.17 09:50:01.302,1.01183,1.01198,1.50,1.50
2012.01.17 09:50:02.179,1.01183,1.01198,1.50,1.50
2012.01.17 09:50:04.272,1.01181,1.01197,2.25,2.25
2012.01.17 09:50:06.018,1.01184,1.01198,1.50,3.60
2012.01.17 09:50:06.346,1.01181,1.01197,2.25,3.00
2012.01.17 09:50:07.976,1.01181,1.01197,1.50,2.25
2012.01.17 09:50:08.537,1.01181,1.01197,2.10,2.25
2012.01.17 09:50:08.875,1.01184,1.01198,1.50,2.25
2012.01.17 09:50:09.172,1.01186,1.012,2.25,3.45
2012.01.17 09:50:09.791,1.01185,1.01199,2.70,1.50
2012.01.17 09:50:10.102,1.01187,1.01202,1.50,1.35
2012.01.17 09:50:10.238,1.01186,1.012,2.25,1.50
2012.01.17 09:50:13.425,1.01185,1.01199,2.70,1.50
2012.01.17 09:50:16.122,1.01184,1.01198,2.25,2.63
2012.01.17 09:50:16.641,1.01184,1.01196,1.50,1.13
2012.01.17 09:50:16.779,1.01182,1.01196,1.50,2.63
2012.01.17 09:50:17.297,1.01182,1.01196,1.50,1.88
2012.01.17 09:50:18.117,1.01185,1.01197,1.50,1.13
2012.01.17 09:50:18.250,1.01183,1.01197,1.50,2.25
2012.01.17 09:50:18.810,1.01183,1.01197,1.50,2.25
2012.01.17 09:50:18.878,1.01185,1.01199,1.50,3.00
2012.01.17 09:50:19.449,1.01182,1.01198,2.85,3.00
2012.01.17 09:50:21.147,1.01182,1.01198,2.85,2.25
2012.01.17 09:50:21.218,1.01185,1.01199,1.50,3.00
2012.01.17 09:50:23.397,1.01185,1.01197,1.50,1.50
2012.01.17 09:50:23.747,1.01182,1.01198,2.10,3.00
2012.01.17 09:50:23.939,1.01183,1.01198,1.35,3.00
2012.01.17 09:50:25.330,1.01183,1.01198,1.35,3.00
2012.01.17 09:50:25.766,1.01183,1.01198,1.35,3.00
2012.01.17 09:50:26.537,1.01183,1.01196,1.35,1.50
2012.01.17 09:50:27.140,1.01183,1.01196,1.35,1.50
2012.01.17 09:50:28.190,1.01182,1.01195,2.25,1.50
2012.01.17 09:50:28.779,1.01183,1.01195,1.35,1.50
2012.01.17 09:50:29.301,1.01185,1.01196,1.50,1.50
2012.01.17 09:50:29.840,1.01182,1.01197,2.25,1.50
2012.01.17 09:50:30.400,1.01182,1.01197,2.25,1.50
2012.01.17 09:50:30.601,1.01182,1.01197,2.25,1.50
2012.01.17 09:50:31.891,1.01181,1.01195,1.50,2.25
2012.01.17 09:50:32.456,1.01181,1.01195,1.50,2.25
2012.01.17 09:50:33.139,1.01183,1.01196,1.50,1.13
2012.01.17 09:50:33.480,1.0118,1.01196,4.95,2.63
2012.01.17 09:50:35.807,1.0118,1.01194,1.95,3.00
2012.01.17 09:50:37.762,1.0118,1.01193,1.95,1.50
2012.01.17 09:50:37.972,1.01178,1.01193,3.75,2.63
2012.01.17 09:50:38.044,1.01178,1.01191,1.50,1.13
2012.01.17 09:50:38.577,1.01176,1.01191,3.00,1.50
2012.01.17 09:50:39.164,1.01176,1.01191,3.00,1.50
2012.01.17 09:50:40.506,1.01176,1.01192,3.00,3.00
2012.01.17 09:50:41.040,1.01178,1.01191,1.50,1.50
2012.01.17 09:50:41.579,1.01178,1.01192,1.50,1.50
2012.01.17 09:50:42.147,1.01178,1.01192,1.50,1.50
2012.01.17 09:50:42.665,1.01183,1.01193,1.50,1.50
2012.01.17 09:50:42.755,1.01184,1.01199,2.70,2.26
2012.01.17 09:50:43.397,1.01184,1.01199,2.70,1.50
2012.01.17 09:50:52.176,1.01184,1.01199,2.70,1.50
2012.01.17 09:50:52.326,1.01184,1.01199,2.70,1.50
2012.01.17 09:50:53.063,1.01184,1.01199,2.70,1.50
2012.01.17 09:50:53.649,1.01184,1.01199,2.70,1.50
2012.01.17 09:50:55.430,1.01184,1.01199,2.70,1.50
2012.01.17 09:50:57.106,1.01184,1.01199,2.70,1.50
2012.01.17 09:50:57.557,1.01183,1.01199,3.00,2.25
2012.01.17 09:50:57.818,1.01183,1.01198,2.25,2.25
2012.01.17 09:50:58.443,1.01182,1.01196,2.25,2.25
2012.01.17 09:50:59.249,1.01181,1.01194,2.25,1.50
2012.01.17 09:50:59.467,1.0118,1.01194,2.25,1.50
2012.01.17 09:50:59.611,1.0118,1.01194,2.25,2.25
2012.01.17 09:51:00.126,1.0118,1.01192,1.50,1.50
2012.01.17 09:51:07.088,1.0118,1.01192,2.25,1.50
2012.01.17 09:51:07.162,1.0118,1.01194,2.25,2.25
2012.01.17 09:51:07.291,1.01182,1.01195,1.50,3.08
2012.01.17 09:51:07.884,1.01178,1.01194,2.25,1.50
2012.01.17 09:51:16.668,1.01178,1.01194,2.25,1.50
2012.01.17 09:51:27.880,1.01181,1.01195,2.25,4.20
2012.01.17 09:51:28.228,1.01185,1.01195,1.50,1.95
2012.01.17 09:51:29.460,1.01185,1.01198,1.50,3.38
2012.01.17 09:51:29.741,1.01182,1.01198,2.25,2.25
2012.01.17 09:51:30.919,1.01182,1.01197,1.50,2.10
2012.01.17 09:51:31.131,1.01182,1.01196,1.50,1.13
2012.01.17 09:51:31.546,1.01178,1.01192,2.44,1.50
2012.01.17 09:51:35.270,1.01175,1.01191,5.89,1.50
2012.01.17 09:51:35.418,1.01176,1.01191,1.69,1.50
2012.01.17 09:51:35.774,1.01177,1.01193,2.25,3.75
2012.01.17 09:51:36.560,1.01175,1.01189,5.89,1.50
2012.01.17 09:51:37.841,1.01177,1.01191,2.25,3.00
2012.01.17 09:51:41.803,1.01179,1.01191,1.50,1.50
2012.01.17 09:51:43.231,1.01179,1.01191,1.50,2.25
2012.01.17 09:51:44.545,1.01179,1.01189,1.50,1.50
2012.01.17 09:51:45.111,1.01177,1.01189,1.50,1.50
2012.01.17 09:51:45.186,1.01175,1.01189,4.95,2.25
2012.01.17 09:51:45.260,1.01175,1.01189,4.95,1.50
2012.01.17 09:51:52.348,1.01176,1.01192,1.50,2.25
2012.01.17 09:51:53.018,1.0118,1.01194,1.50,2.63
2012.01.17 09:51:53.573,1.01183,1.01195,1.50,1.13
2012.01.17 09:51:53.669,1.01183,1.01197,2.25,3.75
2012.01.17 09:51:54.161,1.01181,1.01196,1.50,1.88
2012.01.17 09:51:54.452,1.0118,1.01194,1.50,1.35
2012.01.17 09:51:54.993,1.01181,1.01195,1.50,2.25
2012.01.17 09:51:57.776,1.01181,1.01195,2.25,1.50
2012.01.17 09:52:00.609,1.01181,1.01195,1.50,2.25
2012.01.17 09:52:00.755,1.0118,1.01193,1.95,1.50
2012.01.17 09:52:01.176,1.01177,1.01192,2.63,1.50
2012.01.17 09:52:04.464,1.01179,1.01193,1.50,1.50
2012.01.17 09:52:05.043,1.01177,1.01191,3.75,1.50
2012.01.17 09:52:05.554,1.01178,1.01191,1.50,1.50
2012.01.17 09:52:06.064,1.01178,1.01191,1.50,1.50
2012.01.17 09:52:06.823,1.01178,1.01191,1.50,1.50
2012.01.17 09:52:07.097,1.01178,1.01191,2.25,1.50
2012.01.17 09:52:07.656,1.01178,1.01191,2.25,1.50
2012.01.17 09:52:08.208,1.01178,1.01191,1.50,1.50
2012.01.17 09:52:11.897,1.01178,1.01189,1.50,1.50
2012.01.17 09:52:12.891,1.01177,1.01189,1.50,1.50
2012.01.17 09:52:13.420,1.01178,1.01189,1.50,1.50
2012.01.17 09:52:14.305,1.01177,1.01189,2.25,1.50
2012.01.17 09:52:15.599,1.01178,1.01189,1.50,1.50
2012.01.17 09:52:16.399,1.01178,1.01189,1.50,1.50
2012.01.17 09:52:16.956,1.01178,1.01189,1.50,1.50
2012.01.17 09:52:17.477,1.01177,1.01189,1.50,1.50
2012.01.17 09:52:23.006,1.01178,1.01189,1.50,1.50
2012.01.17 09:52:23.546,1.01177,1.01189,1.50,1.50
2012.01.17 09:52:24.912,1.01177,1.01191,3.00,1.50
2012.01.17 09:52:25.421,1.01178,1.01191,1.50,1.50
2012.01.17 09:52:26.776,1.01177,1.0119,3.00,1.13
2012.01.17 09:52:27.291,1.01175,1.01185,1.50,1.50
2012.01.17 09:52:27.373,1.0117,1.01185,2.70,1.50
2012.01.17 09:52:27.525,1.0117,1.01185,3.45,1.50
2012.01.17 09:52:27.954,1.01173,1.01187,1.50,1.13
2012.01.17 09:52:28.953,1.01173,1.01188,1.50,1.13
2012.01.17 09:52:29.680,1.01173,1.01188,1.50,1.13
2012.01.17 09:52:30.189,1.01173,1.01188,1.50,1.13
2012.01.17 09:52:31.187,1.01173,1.01188,1.50,1.13
2012.01.17 09:52:31.581,1.01173,1.01189,1.50,2.25
2012.01.17 09:52:31.649,1.01173,1.01187,1.50,1.50
2012.01.17 09:52:32.159,1.01174,1.01189,3.00,1.50
2012.01.17 09:52:32.240,1.01176,1.0119,2.25,3.45
2012.01.17 09:52:32.383,1.01174,1.01188,3.00,1.88
2012.01.17 09:52:32.459,1.01174,1.01188,2.25,3.38
2012.01.17 09:52:32.602,1.01172,1.01187,1.50,1.88
2012.01.17 09:52:33.268,1.01171,1.01187,4.17,2.63
2012.01.17 09:52:33.781,1.01171,1.01187,4.17,1.88
2012.01.17 09:52:34.481,1.01171,1.01187,4.17,2.63
2012.01.17 09:52:34.620,1.01171,1.01186,3.42,1.13
2012.01.17 09:52:34.834,1.01172,1.01187,1.50,3.38
2012.01.17 09:52:35.521,1.01171,1.01185,1.35,1.50
2012.01.17 09:52:36.021,1.0117,1.01185,2.55,2.25
2012.01.17 09:52:36.532,1.0117,1.01185,2.55,2.25
2012.01.17 09:52:37.429,1.0117,1.01185,2.55,2.25
2012.01.17 09:52:37.979,1.0117,1.01185,2.55,1.50
2012.01.17 09:52:38.831,1.0117,1.01185,2.55,2.63
2012.01.17 09:52:39.344,1.01169,1.01182,1.50,1.50
2012.01.17 09:52:39.679,1.01169,1.01182,1.50,1.50
2012.01.17 09:52:40.093,1.01168,1.01182,3.00,1.50
2012.01.17 09:52:40.652,1.01167,1.01181,1.51,1.50
2012.01.17 09:52:41.195,1.01167,1.01181,1.51,1.50
2012.01.17 09:52:41.906,1.01167,1.01183,2.26,2.63
2012.01.17 09:52:42.494,1.01167,1.01182,3.01,1.13
2012.01.17 09:52:43.379,1.01167,1.01182,3.01,1.13
2012.01.17 09:52:44.040,1.01167,1.01183,3.01,3.38
2012.01.17 09:52:44.424,1.01167,1.01181,3.01,1.13
2012.01.17 09:52:44.854,1.01165,1.0118,4.13,3.83
2012.01.17 09:52:45.429,1.01165,1.01179,2.25,1.50
2012.01.17 09:52:45.954,1.01166,1.0118,2.25,4.20
2012.01.17 09:52:46.412,1.01166,1.01177,1.50,2.70
2012.01.17 09:52:46.760,1.01162,1.01174,1.50,1.50
2012.01.17 09:52:47.497,1.01162,1.01175,1.50,1.50
2012.01.17 09:52:47.957,1.0116,1.01175,2.25,2.82
2012.01.17 09:52:48.179,1.0116,1.01175,1.88,1.69
2012.01.17 09:52:48.869,1.01161,1.01174,1.13,1.50
2012.01.17 09:52:50.069,1.01161,1.01173,1.13,1.50
2012.01.17 09:52:50.481,1.0116,1.01175,2.63,1.50
2012.01.17 09:52:51.204,1.01163,1.01177,2.25,7.80
2012.01.17 09:52:51.430,1.01165,1.01177,2.33,3.38
2012.01.17 09:52:51.974,1.01168,1.01177,2.10,1.13
2012.01.17 09:52:52.134,1.01167,1.01179,1.50,1.50
2012.01.17 09:52:52.550,1.01168,1.01179,1.50,1.50
2012.01.17 09:52:53.110,1.01168,1.01179,1.50,2.25
2012.01.17 09:52:53.692,1.01165,1.01178,1.50,1.50
2012.01.17 09:52:53.775,1.01165,1.01178,1.50,1.50
2012.01.17 09:52:54.276,1.01165,1.01179,2.25,1.50
2012.01.17 09:52:55.062,1.01167,1.0118,1.50,2.70
2012.01.17 09:52:55.662,1.01167,1.0118,1.50,2.70
2012.01.17 09:52:56.216,1.01164,1.0118,3.00,4.20
2012.01.17 09:52:56.786,1.01164,1.0118,3.00,4.95
2012.01.17 09:52:57.301,1.01165,1.0118,1.50,4.95
2012.01.17 09:52:59.849,1.01165,1.0118,1.50,4.20
2012.01.17 09:53:02.130,1.01165,1.0118,1.50,4.95
2012.01.17 09:53:02.198,1.01165,1.0118,1.50,4.95
2012.01.17 09:53:02.857,1.01165,1.0118,1.50,4.95
2012.01.17 09:53:03.822,1.01165,1.0118,1.50,4.20
2012.01.17 09:53:04.328,1.01164,1.0118,3.00,3.45
2012.01.17 09:53:04.849,1.01167,1.0118,1.50,2.70
2012.01.17 09:53:05.172,1.01168,1.01182,2.25,2.25
2012.01.17 09:53:05.792,1.01169,1.01181,1.50,1.50
2012.01.17 09:53:05.872,1.01169,1.01185,3.00,4.20
2012.01.17 09:53:06.087,1.01169,1.01182,1.50,1.50
2012.01.17 09:53:06.649,1.01169,1.01181,1.50,3.45
2012.01.17 09:53:07.408,1.01165,1.01181,3.75,3.45
2012.01.17 09:53:07.789,1.01165,1.01178,2.25,1.50
2012.01.17 09:53:08.461,1.01165,1.01181,3.00,3.45
2012.01.17 09:53:08.813,1.01165,1.01178,1.50,1.50
2012.01.17 09:53:09.486,1.01165,1.01178,1.50,1.50
2012.01.17 09:53:10.935,1.01166,1.0118,2.25,3.00
2012.01.17 09:53:11.497,1.01167,1.01183,2.25,3.75
2012.01.17 09:53:11.780,1.0117,1.01183,1.50,1.50
2012.01.17 09:53:12.119,1.01165,1.0118,3.75,1.95
2012.01.17 09:53:12.670,1.01169,1.01185,3.00,6.45
2012.01.17 09:53:13.862,1.01169,1.01185,3.00,4.95
2012.01.17 09:53:14.440,1.01172,1.01186,1.50,2.70
2012.01.17 09:53:14.968,1.01173,1.01186,2.25,1.05
2012.01.17 09:53:15.318,1.01173,1.01189,2.25,2.10
2012.01.17 09:53:16.884,1.01173,1.01189,2.25,2.10
2012.01.17 09:53:16.987,1.01174,1.01189,2.70,1.50
2012.01.17 09:53:17.067,1.01174,1.01187,2.70,1.50
2012.01.17 09:53:18.356,1.01171,1.01187,3.75,1.50
2012.01.17 09:53:18.918,1.01173,1.01189,2.25,2.10
2012.01.17 09:53:19.206,1.01173,1.01189,2.25,2.10
2012.01.17 09:53:19.562,1.01171,1.01187,3.75,1.50
2012.01.17 09:53:22.814,1.01171,1.01187,3.75,1.50
2012.01.17 09:53:23.611,1.01171,1.01186,2.25,3.08
2012.01.17 09:53:24.158,1.0117,1.01185,1.50,1.50
2012.01.17 09:53:24.698,1.0117,1.01185,1.50,2.25
2012.01.17 09:53:31.484,1.0117,1.01183,1.50,1.50
2012.01.17 09:53:31.995,1.01168,1.01183,1.50,1.88
2012.01.17 09:53:32.634,1.01168,1.01183,2.25,1.50
2012.01.17 09:53:33.006,1.01169,1.01185,3.75,3.00
2012.01.17 09:53:33.087,1.01172,1.01185,1.50,1.50
2012.01.17 09:53:33.790,1.0117,1.01184,2.25,1.50
2012.01.17 09:53:35.402,1.01171,1.01186,1.50,3.08
2012.01.17 09:53:38.651,1.01171,1.01185,1.50,1.50
2012.01.17 09:53:40.311,1.01174,1.01186,1.50,3.38
2012.01.17 09:53:40.389,1.01174,1.01186,1.50,2.63
2012.01.17 09:53:41.598,1.01177,1.01186,1.50,2.63
2012.01.17 09:53:41.668,1.01174,1.01186,1.50,2.25
2012.01.17 09:53:41.978,1.01172,1.01186,2.25,4.13
2012.01.17 09:53:42.178,1.01174,1.01186,1.50,2.25
2012.01.17 09:53:43.651,1.01174,1.01186,1.50,2.63
2012.01.17 09:53:44.182,1.01174,1.01186,1.50,2.33
2012.01.17 09:53:46.516,1.01174,1.01186,1.50,2.33
2012.01.17 09:53:47.084,1.01174,1.01186,1.50,2.71
2012.01.17 09:53:47.390,1.01171,1.01186,1.50,3.08
2012.01.17 09:53:47.818,1.0117,1.01182,2.25,1.50
2012.01.17 09:53:48.905,1.01172,1.01186,1.50,3.45
2012.01.17 09:53:49.120,1.01174,1.01186,1.50,1.95
2012.01.17 09:53:49.669,1.01173,1.01186,1.50,1.95
2012.01.17 09:53:51.443,1.01173,1.01186,1.50,3.00
2012.01.17 09:53:51.729,1.01173,1.01186,1.50,3.45
2012.01.17 09:53:51.860,1.0117,1.01185,1.50,1.50
2012.01.17 09:53:52.214,1.01169,1.01184,1.50,1.13
2012.01.17 09:53:52.759,1.01168,1.01182,2.25,3.00
2012.01.17 09:53:53.292,1.01165,1.01181,3.75,1.50
2012.01.17 09:53:55.279,1.01165,1.01181,3.00,1.88
2012.01.17 09:53:55.865,1.01164,1.01178,3.00,1.50
2012.01.17 09:53:55.948,1.01164,1.01178,2.25,1.88
2012.01.17 09:53:56.641,1.01164,1.01178,2.25,2.48
2012.01.17 09:53:57.183,1.01162,1.01176,3.61,1.50
2012.01.17 09:53:57.319,1.01162,1.01179,1.35,2.44
2012.01.17 09:53:57.526,1.01162,1.01179,1.35,1.69
2012.01.17 09:53:58.086,1.01162,1.01178,4.36,1.50
2012.01.17 09:53:58.380,1.0117,1.01187,1.50,1.50
2012.01.17 09:53:58.661,1.0117,1.01185,1.50,1.95
2012.01.17 09:53:59.221,1.01172,1.01185,2.25,1.95
2012.01.17 09:54:00.044,1.01172,1.01185,2.25,1.95
2012.01.17 09:54:05.314,1.0117,1.01185,2.25,1.95
2012.01.17 09:54:05.396,1.0117,1.01183,2.25,1.50
2012.01.17 09:54:05.478,1.01168,1.01181,1.50,1.50
2012.01.17 09:54:06.085,1.01167,1.01181,2.63,1.50
2012.01.17 09:54:08.491,1.01167,1.01181,2.25,1.88
2012.01.17 09:54:09.019,1.01167,1.01181,2.25,1.88
2012.01.17 09:54:10.287,1.01167,1.01181,2.25,1.88
2012.01.17 09:54:10.818,1.01165,1.0118,2.70,1.50
2012.01.17 09:54:14.513,1.01165,1.0118,2.70,1.50
2012.01.17 09:54:15.109,1.01167,1.01182,2.25,1.13
2012.01.17 09:54:16.261,1.01167,1.01182,2.25,1.88
2012.01.17 09:54:16.766,1.01165,1.01179,4.20,1.50
2012.01.17 09:54:17.331,1.01165,1.01179,4.20,1.88
2012.01.17 09:54:18.050,1.01165,1.01179,4.20,1.88
2012.01.17 09:54:19.278,1.01167,1.01181,2.25,1.88
2012.01.17 09:54:20.587,1.01165,1.01179,4.20,1.50
2012.01.17 09:54:21.253,1.01165,1.01179,4.20,1.50
2012.01.17 09:54:22.495,1.01165,1.01179,4.20,1.88
2012.01.17 09:54:22.641,1.01163,1.01177,3.75,2.25
2012.01.17 09:54:22.843,1.01162,1.01175,1.50,1.50
2012.01.17 09:54:23.446,1.01162,1.01172,1.50,1.50
2012.01.17 09:54:23.540,1.01163,1.01174,1.50,1.50
2012.01.17 09:54:24.094,1.01163,1.01174,1.50,1.50
2012.01.17 09:54:37.837,1.01162,1.01174,1.50,1.50
2012.01.17 09:54:38.381,1.01162,1.01175,1.50,1.69
2012.01.17 09:54:38.923,1.01162,1.01175,2.25,1.50
2012.01.17 09:54:42.544,1.01167,1.01175,1.50,1.50
2012.01.17 09:54:42.692,1.01171,1.0118,1.50,1.50
2012.01.17 09:54:42.901,1.01172,1.01183,1.35,1.50
2012.01.17 09:54:42.973,1.01175,1.01183,1.95,1.50
2012.01.17 09:54:43.046,1.01175,1.01188,2.70,1.80
2012.01.17 09:54:43.127,1.01177,1.01189,2.25,1.80
2012.01.17 09:54:43.202,1.01177,1.0119,1.50,1.95
2012.01.17 09:54:43.740,1.01174,1.01188,2.25,1.50
2012.01.17 09:54:44.071,1.01173,1.01186,1.50,1.50
2012.01.17 09:54:44.759,1.01173,1.01186,1.50,1.50
2012.01.17 09:54:45.279,1.01173,1.01186,1.50,1.50
2012.01.17 09:54:45.587,1.01175,1.01189,2.25,2.48
2012.01.17 09:54:46.149,1.01175,1.01189,1.50,2.48
2012.01.17 09:54:46.960,1.01175,1.01189,1.50,2.48
2012.01.17 09:54:48.973,1.01175,1.01189,2.25,3.23
2012.01.17 09:54:49.099,1.01175,1.01185,2.25,1.95
2012.01.17 09:54:53.089,1.01175,1.01185,2.25,1.95
2012.01.17 09:54:53.647,1.01175,1.01185,1.50,1.95
2012.01.17 09:54:55.650,1.01175,1.01185,2.25,1.95
2012.01.17 09:54:56.002,1.01175,1.01188,1.50,3.00
2012.01.17 09:54:56.070,1.01175,1.01189,1.50,2.25
2012.01.17 09:54:56.154,1.01177,1.0119,1.50,1.13
2012.01.17 09:54:56.663,1.01177,1.01191,2.25,1.88
2012.01.17 09:54:57.243,1.01177,1.01191,1.50,1.50
2012.01.17 09:55:02.119,1.01181,1.01194,2.25,2.25
2012.01.17 09:55:02.192,1.01181,1.01194,2.25,2.25
2012.01.17 09:55:02.331,1.01181,1.01197,2.40,4.50
2012.01.17 09:55:02.463,1.01181,1.01197,2.40,2.48
2012.01.17 09:55:02.881,1.01184,1.012,2.25,2.48
2012.01.17 09:55:04.308,1.01182,1.01198,3.00,1.73
2012.01.17 09:55:04.818,1.01181,1.01195,2.33,1.50
2012.01.17 09:55:05.295,1.01184,1.01197,1.50,1.73
2012.01.17 09:55:05.679,1.01182,1.01196,2.25,1.50
2012.01.17 09:55:06.266,1.01183,1.01199,1.50,3.08
2012.01.17 09:55:06.952,1.0118,1.01196,2.25,1.50
2012.01.17 09:55:07.461,1.0118,1.01196,3.00,1.50
2012.01.17 09:55:08.531,1.0118,1.01196,1.50,3.75
2012.01.17 09:55:08.601,1.01179,1.01194,3.45,1.50
2012.01.17 09:55:09.117,1.01179,1.01192,2.70,1.50
2012.01.17 09:55:09.672,1.01178,1.01192,1.50,1.50
2012.01.17 09:55:10.422,1.01179,1.01193,1.50,1.50
2012.01.17 09:55:11.450,1.01178,1.01192,1.50,1.50
2012.01.17 09:55:12.678,1.01179,1.01193,1.50,1.50
2012.01.17 09:55:20.456,1.01178,1.01191,1.50,1.50
2012.01.17 09:55:20.672,1.01177,1.01191,2.25,1.50
2012.01.17 09:55:20.741,1.01175,1.01189,5.14,1.50
2012.01.17 09:55:21.125,1.0117,1.01185,3.19,1.50
2012.01.17 09:55:21.691,1.01169,1.01183,1.13,1.50
2012.01.17 09:55:24.691,1.0117,1.01184,1.50,1.50
2012.01.17 09:55:25.259,1.01172,1.01184,1.50,1.50
2012.01.17 09:55:25.729,1.01174,1.01188,4.20,2.25
2012.01.17 09:55:25.819,1.01175,1.01191,1.50,1.69
2012.01.17 09:55:26.352,1.01175,1.01191,1.50,1.50
2012.01.17 09:55:27.761,1.01175,1.01191,2.25,1.50
2012.01.17 09:55:29.851,1.01175,1.0119,2.25,1.95
2012.01.17 09:55:30.103,1.01174,1.01188,3.00,1.50
2012.01.17 09:55:32.150,1.01176,1.0119,1.50,3.45
2012.01.17 09:55:35.095,1.01176,1.0119,2.25,1.50
2012.01.17 09:55:35.243,1.01178,1.01194,1.50,3.01
2012.01.17 09:55:35.660,1.01177,1.01191,2.25,1.50
2012.01.17 09:55:38.374,1.01178,1.01192,1.50,1.50
2012.01.17 09:55:38.862,1.01176,1.01192,2.25,3.00
2012.01.17 09:55:38.932,1.01183,1.01193,1.50,2.25
2012.01.17 09:55:39.282,1.01179,1.01192,1.20,2.70
2012.01.17 09:55:39.561,1.01178,1.01193,2.25,1.50
2012.01.17 09:55:39.633,1.01179,1.01193,2.70,1.50
2012.01.17 09:55:39.847,1.01179,1.01193,4.20,1.50
2012.01.17 09:55:40.005,1.01179,1.01192,3.00,1.50
2012.01.17 09:55:40.487,1.01183,1.01193,1.50,1.50
2012.01.17 09:55:40.631,1.01183,1.01196,1.50,2.70
2012.01.17 09:55:40.773,1.01183,1.01196,1.50,1.95
2012.01.17 09:55:41.320,1.01183,1.01196,1.50,2.70
2012.01.17 09:55:42.443,1.01183,1.01196,1.50,2.70
2012.01.17 09:55:44.679,1.01183,1.01196,1.50,2.70
2012.01.17 09:55:45.450,1.01183,1.01191,1.50,1.50
2012.01.17 09:55:46.859,1.01183,1.01196,1.50,2.70
2012.01.17 09:55:46.930,1.01183,1.01196,1.50,1.95
2012.01.17 09:55:47.598,1.01183,1.01196,1.50,2.70
2012.01.17 09:55:47.909,1.01183,1.01192,1.50,1.50
2012.01.17 09:55:49.451,1.01183,1.01192,1.50,1.50
2012.01.17 09:55:50.008,1.01183,1.01191,1.50,1.50
2012.01.17 09:55:50.668,1.01183,1.01191,1.50,1.50
2012.01.17 09:55:52.303,1.01183,1.01192,1.50,1.50
2012.01.17 09:55:52.855,1.01181,1.01195,2.25,2.25
2012.01.17 09:55:52.931,1.01181,1.01195,2.25,1.50
2012.01.17 09:55:57.035,1.01181,1.01195,2.25,2.25
2012.01.17 09:55:58.401,1.01181,1.01195,2.25,2.25
2012.01.17 09:55:59.421,1.01182,1.01198,2.25,3.23
2012.01.17 09:55:59.957,1.0118,1.01196,3.00,2.25
2012.01.17 09:56:00.842,1.0118,1.01195,3.00,1.50
2012.01.17 09:56:00.912,1.0118,1.01195,2.25,1.50
2012.01.17 09:56:00.983,1.0118,1.01193,1.50,1.50
2012.01.17 09:56:01.388,1.01182,1.01193,1.50,1.50
2012.01.17 09:56:04.077,1.01182,1.01193,1.50,1.50
2012.01.17 09:56:07.517,1.01182,1.01192,1.50,1.50
2012.01.17 09:56:08.458,1.01182,1.01192,1.50,1.50
2012.01.17 09:56:10.233,1.01182,1.01193,1.50,1.50
2012.01.17 09:56:11.356,1.01182,1.01193,1.50,1.50
2012.01.17 09:56:11.868,1.01182,1.01192,1.50,1.50
2012.01.17 09:56:12.476,1.01182,1.01193,1.50,1.50
2012.01.17 09:56:12.747,1.0118,1.01192,1.50,1.50
2012.01.17 09:56:13.145,1.01178,1.01192,2.25,3.00
2012.01.17 09:56:13.840,1.01179,1.01192,1.50,1.50
2012.01.17 09:56:14.918,1.01179,1.01193,2.25,1.50
2012.01.17 09:56:15.838,1.01182,1.01192,1.50,1.50
2012.01.17 09:56:16.811,1.01183,1.01193,1.50,1.50
2012.01.17 09:56:17.251,1.01181,1.01193,1.50,1.50
2012.01.17 09:56:18.777,1.01181,1.01193,1.50,1.50
2012.01.17 09:56:18.848,1.01183,1.01193,1.50,1.50
2012.01.17 09:56:19.398,1.01182,1.01192,1.50,1.50
2012.01.17 09:56:20.913,1.01182,1.01193,1.50,1.50
2012.01.17 09:56:21.432,1.0118,1.01192,3.00,1.50
2012.01.17 09:56:21.968,1.01178,1.01192,2.25,3.00
2012.01.17 09:56:29.665,1.01179,1.01193,2.25,1.50
2012.01.17 09:56:30.806,1.01179,1.01195,2.25,3.00
2012.01.17 09:56:31.058,1.01178,1.01192,2.25,1.50
2012.01.17 09:56:31.963,1.0118,1.01192,3.08,1.50
2012.01.17 09:56:32.311,1.01185,1.01198,1.50,1.50
2012.01.17 09:56:32.760,1.01183,1.01194,3.00,1.50
2012.01.17 09:56:33.303,1.01183,1.01196,1.50,3.00
2012.01.17 09:56:33.641,1.01183,1.01194,1.50,1.50
2012.01.17 09:56:34.344,1.01183,1.01196,1.50,1.50
2012.01.17 09:56:35.439,1.01183,1.01198,2.25,1.50
2012.01.17 09:56:35.960,1.01183,1.01199,3.00,2.25
2012.01.17 09:56:37.462,1.01185,1.01199,1.50,2.25
2012.01.17 09:56:38.010,1.01183,1.01199,3.00,2.25
2012.01.17 09:56:39.221,1.01186,1.01199,2.63,2.25
2012.01.17 09:56:39.297,1.01186,1.01199,1.50,2.25
2012.01.17 09:56:39.867,1.01186,1.01199,1.89,2.25
2012.01.17 09:56:40.001,1.01187,1.01196,1.50,1.50
2012.01.17 09:56:40.380,1.01187,1.01198,1.50,1.50
2012.01.17 09:56:41.898,1.01186,1.01198,1.50,1.50
2012.01.17 09:56:42.241,1.01185,1.01195,1.50,1.50
2012.01.17 09:56:42.510,1.01181,1.01195,2.44,1.50
2012.01.17 09:56:42.952,1.01181,1.01195,1.69,3.45
2012.01.17 09:56:43.222,1.0118,1.01194,2.25,2.25
2012.01.17 09:56:43.639,1.01181,1.01194,1.50,1.50
2012.01.17 09:56:44.159,1.0118,1.01194,2.25,1.50
2012.01.17 09:56:45.043,1.0118,1.01194,1.50,1.50
2012.01.17 09:56:45.326,1.01178,1.01192,2.25,2.25
2012.01.17 09:56:46.038,1.01178,1.01192,2.25,1.50
2012.01.17 09:56:46.843,1.01177,1.01191,1.50,1.50
2012.01.17 09:56:48.380,1.0118,1.01191,1.95,1.50
2012.01.17 09:56:48.582,1.0118,1.01193,2.70,1.50
2012.01.17 09:56:48.650,1.01181,1.01195,1.50,1.50
2012.01.17 09:56:49.179,1.0118,1.01195,3.45,1.50
2012.01.17 09:56:49.691,1.01181,1.01195,1.50,1.50
2012.01.17 09:56:49.948,1.01181,1.01195,1.50,1.50
2012.01.17 09:56:50.533,1.01181,1.01195,1.50,1.50
2012.01.17 09:56:51.211,1.01181,1.01195,1.50,1.50
2012.01.17 09:56:51.768,1.0118,1.01195,3.45,1.50
2012.01.17 09:56:52.529,1.0118,1.01195,3.45,1.50
2012.01.17 09:56:53.438,1.0118,1.01195,3.45,1.50
2012.01.17 09:56:54.899,1.0118,1.01195,3.45,1.50
2012.01.17 09:56:57.948,1.01182,1.01195,1.50,1.50
2012.01.17 09:56:58.474,1.01183,1.01195,1.50,1.50
2012.01.17 09:56:58.999,1.01182,1.01196,3.75,1.50
2012.01.17 09:56:59.071,1.01182,1.01196,3.75,1.50
2012.01.17 09:56:59.271,1.01182,1.01196,3.75,1.50
2012.01.17 09:56:59.402,1.01183,1.01199,3.00,2.25
2012.01.17 09:56:59.543,1.01184,1.01199,1.50,2.25
2012.01.17 09:57:00.175,1.01184,1.01196,1.50,1.50
2012.01.17 09:57:02.522,1.01183,1.01194,1.50,1.50
2012.01.17 09:57:02.718,1.01182,1.01192,1.50,1.50
2012.01.17 09:57:03.237,1.01181,1.01192,1.50,1.50
2012.01.17 09:57:03.310,1.01184,1.01194,1.50,1.50
2012.01.17 09:57:03.380,1.01184,1.01196,1.50,1.50
2012.01.17 09:57:03.521,1.01185,1.01198,1.50,1.50
2012.01.17 09:57:04.080,1.01185,1.01199,1.50,1.50
2012.01.17 09:57:04.287,1.01185,1.01197,1.50,1.50
2012.01.17 09:57:04.621,1.01185,1.01193,1.50,1.50
2012.01.17 09:57:05.078,1.01184,1.01196,1.50,1.50
2012.01.17 09:57:05.640,1.01183,1.01196,1.50,1.50
2012.01.17 09:57:05.968,1.01184,1.01198,3.00,1.50
2012.01.17 09:57:06.248,1.01184,1.01198,2.25,1.50
2012.01.17 09:57:06.501,1.01183,1.01196,1.50,1.50
2012.01.17 09:57:06.963,1.01186,1.01196,1.50,1.50
2012.01.17 09:57:07.234,1.01186,1.012,2.25,4.99
2012.01.17 09:57:08.431,1.01186,1.01196,1.50,1.50
2012.01.17 09:57:08.631,1.01186,1.01196,1.50,1.50
2012.01.17 09:57:09.675,1.01183,1.01197,3.00,1.50
2012.01.17 09:57:09.825,1.01185,1.01195,1.50,1.50
2012.01.17 09:57:09.974,1.01185,1.01197,1.50,1.50
2012.01.17 09:57:10.531,1.01185,1.01198,1.50,1.50
2012.01.17 09:57:10.666,1.01185,1.01196,1.50,1.50
2012.01.17 09:57:11.181,1.01186,1.01196,1.13,1.50
2012.01.17 09:57:11.630,1.01184,1.01196,1.50,1.50
2012.01.17 09:57:12.128,1.01185,1.01196,1.13,1.50
2012.01.17 09:57:14.788,1.01186,1.01196,1.13,1.50
2012.01.17 09:57:15.291,1.01186,1.01196,1.13,1.50
2012.01.17 09:57:15.970,1.01185,1.01194,1.13,1.50
2012.01.17 09:57:16.715,1.01185,1.01196,1.13,1.50
2012.01.17 09:57:19.289,1.01185,1.01198,1.13,3.00
2012.01.17 09:57:19.978,1.01186,1.01198,1.13,1.50
2012.01.17 09:57:22.133,1.01186,1.01198,1.50,1.50
2012.01.17 09:57:23.526,1.01187,1.01198,1.52,1.50
2012.01.17 09:57:24.078,1.01188,1.01198,2.27,1.50
2012.01.17 09:57:24.851,1.01188,1.01198,1.50,1.50
2012.01.17 09:57:24.996,1.01188,1.01196,1.13,1.50
2012.01.17 09:57:25.211,1.01184,1.01196,1.89,1.50
2012.01.17 09:57:25.428,1.01185,1.01196,1.13,1.50
2012.01.17 09:57:25.961,1.01186,1.01196,1.13,1.50
2012.01.17 09:57:26.532,1.01184,1.01196,1.13,1.50
2012.01.17 09:57:26.802,1.01185,1.01199,1.13,3.00
2012.01.17 09:57:26.942,1.01185,1.01199,1.13,1.50
2012.01.17 09:57:27.520,1.01185,1.01199,1.13,1.50
2012.01.17 09:57:28.281,1.01187,1.01199,1.13,1.50
2012.01.17 09:57:28.698,1.01184,1.01199,1.13,1.50
2012.01.17 09:57:29.229,1.01185,1.01199,1.13,1.50
2012.01.17 09:57:30.107,1.01186,1.01199,1.13,1.50
2012.01.17 09:57:30.709,1.01186,1.01199,1.13,1.50
2012.01.17 09:57:30.990,1.01185,1.01199,1.13,1.50
2012.01.17 09:57:31.507,1.01185,1.01199,1.13,1.50
2012.01.17 09:57:32.111,1.01184,1.01199,1.13,1.50
2012.01.17 09:57:32.439,1.01186,1.01199,1.13,1.50
2012.01.17 09:57:32.979,1.01186,1.01199,1.13,1.50
2012.01.17 09:57:33.529,1.01186,1.01199,1.13,1.50
2012.01.17 09:57:34.065,1.01187,1.01199,1.13,1.50
2012.01.17 09:57:34.317,1.01186,1.01199,1.50,1.50
2012.01.17 09:57:36.257,1.01186,1.01199,1.50,1.50
2012.01.17 09:57:37.125,1.01186,1.01199,1.13,1.50
2012.01.17 09:57:37.719,1.01186,1.01199,1.13,1.50
2012.01.17 09:57:38.353,1.01185,1.01199,1.13,1.50
2012.01.17 09:57:41.689,1.01185,1.01199,1.13,1.50
2012.01.17 09:57:42.199,1.01185,1.01199,1.13,1.50
2012.01.17 09:57:44.178,1.01184,1.01199,1.13,1.50
2012.01.17 09:57:44.596,1.01184,1.01196,1.13,1.50
2012.01.17 09:57:45.163,1.01184,1.01196,1.13,1.50
2012.01.17 09:57:45.372,1.01182,1.01196,1.50,2.63
2012.01.17 09:57:45.892,1.0118,1.01194,4.39,1.50
2012.01.17 09:57:46.214,1.0118,1.01195,3.27,1.50
2012.01.17 09:57:46.727,1.01182,1.01196,1.50,2.25
2012.01.17 09:57:47.038,1.01182,1.01196,3.00,1.50
2012.01.17 09:57:47.889,1.01184,1.01196,1.50,1.50
2012.01.17 09:57:48.487,1.01188,1.01199,1.13,1.50
2012.01.17 09:57:48.582,1.01187,1.01201,2.63,1.50
2012.01.17 09:57:48.850,1.01187,1.01197,1.13,1.50
2012.01.17 09:57:49.064,1.01186,1.01199,1.13,3.00
2012.01.17 09:57:49.422,1.01186,1.01199,1.13,1.50
2012.01.17 09:57:49.570,1.01187,1.01201,2.25,3.00
2012.01.17 09:57:50.111,1.01188,1.01203,2.25,2.10
2012.01.17 09:57:50.681,1.01187,1.01201,3.00,1.50
2012.01.17 09:57:51.262,1.01187,1.012,1.50,1.50
2012.01.17 09:57:51.672,1.01187,1.01198,1.50,1.50
2012.01.17 09:57:52.212,1.01185,1.01198,1.50,1.50
2012.01.17 09:57:53.156,1.01188,1.01202,1.13,1.50
2012.01.17 09:57:53.241,1.01188,1.012,1.13,1.95
2012.01.17 09:57:53.450,1.01184,1.012,2.82,3.45
2012.01.17 09:57:53.652,1.01184,1.01196,1.13,1.50
2012.01.17 09:57:53.978,1.01185,1.01196,1.13,1.50
2012.01.17 09:57:54.560,1.01185,1.01196,1.13,1.50
2012.01.17 09:57:58.367,1.01185,1.01196,1.13,1.50
2012.01.17 09:57:58.897,1.01185,1.01196,1.13,1.50
2012.01.17 09:58:00.257,1.01189,1.01196,1.05,1.50
2012.01.17 09:58:00.333,1.01189,1.01198,1.44,1.50
2012.01.17 09:58:00.402,1.01192,1.01198,1.13,1.50
2012.01.17 09:58:02.448,1.0119,1.01196,2.33,1.50
2012.01.17 09:58:02.813,1.01189,1.01198,3.54,1.50
2012.01.17 09:58:03.448,1.0119,1.01195,1.52,1.50
2012.01.17 09:58:04.210,1.0119,1.01198,1.14,3.60
2012.01.17 09:58:05.733,1.0119,1.01197,1.50,1.50
2012.01.17 09:58:08.911,1.01187,1.01193,1.88,1.50
2012.01.17 09:58:09.008,1.0118,1.01193,2.70,1.50
2012.01.17 09:58:09.211,1.0118,1.01196,4.20,2.25
2012.01.17 09:58:09.351,1.0118,1.01196,4.20,1.50
2012.01.17 09:58:09.851,1.0118,1.01192,3.45,1.50
2012.01.17 09:58:10.047,1.0118,1.01196,4.95,1.50
2012.01.17 09:58:10.238,1.0118,1.01196,4.95,1.50
2012.01.17 09:58:10.308,1.0118,1.01196,4.95,1.50
2012.01.17 09:58:10.923,1.0118,1.01196,4.95,1.50
2012.01.17 09:58:11.469,1.0118,1.01196,4.20,1.50
2012.01.17 09:58:12.816,1.0118,1.01196,4.20,1.50
2012.01.17 09:58:28.673,1.01183,1.01197,2.25,1.69
2012.01.17 09:58:30.843,1.01181,1.01195,2.25,1.50
2012.01.17 09:58:36.564,1.01181,1.01195,2.25,1.50
2012.01.17 09:58:37.634,1.01181,1.01195,2.25,1.50
2012.01.17 09:58:42.155,1.0118,1.01193,4.20,1.50
2012.01.17 09:58:44.933,1.0118,1.01196,5.70,2.25
2012.01.17 09:58:46.460,1.01183,1.01199,1.50,2.44
2012.01.17 09:58:48.410,1.0118,1.01196,6.45,1.50
2012.01.17 09:58:49.322,1.01182,1.01198,1.50,2.25
2012.01.17 09:58:50.574,1.0118,1.01196,6.45,1.50
2012.01.17 09:58:52.518,1.01182,1.01198,1.50,3.75
2012.01.17 09:58:56.314,1.01181,1.01195,1.50,1.50
2012.01.17 09:58:56.635,1.01182,1.01195,1.09,1.50
2012.01.17 09:58:57.255,1.01189,1.01203,1.50,2.63
2012.01.17 09:58:57.585,1.01188,1.01201,1.13,1.50
2012.01.17 09:58:57.907,1.01188,1.01199,1.13,1.50
2012.01.17 09:58:58.327,1.01188,1.01201,1.13,1.50
2012.01.17 09:58:59.144,1.01188,1.01201,1.13,1.50
2012.01.17 09:58:59.814,1.01187,1.01201,2.63,1.50
2012.01.17 09:59:03.804,1.01187,1.012,1.13,1.50
2012.01.17 09:59:04.216,1.01185,1.01195,3.38,1.50
2012.01.17 09:59:04.496,1.01181,1.01195,3.94,1.50
2012.01.17 09:59:11.748,1.01185,1.01199,1.95,2.63
2012.01.17 09:59:11.819,1.01186,1.01201,1.13,3.00
2012.01.17 09:59:12.338,1.01185,1.01201,6.45,3.00
2012.01.17 09:59:12.978,1.01185,1.01199,6.45,1.50
2012.01.17 09:59:13.293,1.01185,1.012,7.20,1.50
2012.01.17 09:59:14.324,1.01185,1.01201,7.20,2.25
2012.01.17 09:59:16.664,1.01185,1.01201,7.20,2.25
2012.01.17 09:59:17.643,1.01185,1.01197,5.70,1.50
2012.01.17 09:59:17.976,1.01184,1.01197,1.89,1.50
2012.01.17 09:59:18.051,1.0118,1.01196,3.00,2.25
2012.01.17 09:59:18.765,1.01183,1.01197,1.50,2.25
2012.01.17 09:59:19.467,1.01183,1.01197,1.50,2.25
2012.01.17 09:59:21.364,1.01185,1.01197,1.95,2.25
2012.01.17 09:59:21.567,1.01186,1.012,1.50,1.69
2012.01.17 09:59:22.103,1.01186,1.012,1.88,1.50
2012.01.17 09:59:24.793,1.01186,1.012,1.50,2.26
2012.01.17 09:59:25.336,1.01186,1.012,2.63,1.50
2012.01.17 09:59:27.172,1.01186,1.012,2.25,2.26
2012.01.17 09:59:27.920,1.01186,1.012,1.50,2.26
2012.01.17 09:59:28.503,1.01186,1.012,1.50,1.50
2012.01.17 09:59:36.609,1.01185,1.01197,4.58,1.50
2012.01.17 09:59:37.137,1.01185,1.01197,4.58,1.50
2012.01.17 09:59:39.951,1.01185,1.01199,3.75,2.25
2012.01.17 09:59:40.429,1.01186,1.01202,1.88,3.00
2012.01.17 09:59:40.755,1.01186,1.01197,1.50,1.50
2012.01.17 09:59:41.036,1.01181,1.01195,1.80,1.50
2012.01.17 09:59:41.695,1.01183,1.01197,1.50,2.25
2012.01.17 09:59:43.651,1.01183,1.01197,1.50,1.50
2012.01.17 09:59:47.085,1.01181,1.01195,3.75,1.50
2012.01.17 09:59:50.225,1.01183,1.01197,1.50,2.25
2012.01.17 09:59:53.497,1.01183,1.01197,1.50,2.25
2012.01.17 09:59:54.037,1.01183,1.01197,1.50,2.25
2012.01.17 09:59:55.176,1.01183,1.01197,1.50,2.25
2012.01.17 09:59:55.733,1.01181,1.01195,1.50,2.25
2012.01.17 09:59:58.746,1.01181,1.01195,1.88,1.50
2012.01.17 09:59:58.956,1.01181,1.01195,2.63,1.50
2012.01.17 09:59:59.530,1.01181,1.01195,3.23,1.50
