2017.08.01 23:00:00.139,1.25514,1.25526,1.25,1.00
2017.08.01 23:00:00.191,1.25513,1.25524,1.00,1.00
2017.08.01 23:00:00.293,1.2551,1.25522,3.00,1.00
2017.08.01 23:00:00.936,1.25511,1.25522,1.50,1.00
2017.08.01 23:00:01.453,1.2551,1.25521,2.44,1.00
2017.08.01 23:00:01.734,1.2551,1.25526,2.44,1.50
2017.08.01 23:00:01.785,1.2551,1.25522,3.94,1.00
2017.08.01 23:00:02.893,1.25509,1.25522,4.69,1.00
2017.08.01 23:00:04.243,1.2551,1.25522,1.50,1.00
2017.08.01 23:00:04.928,1.25509,1.25522,2.81,1.00
2017.08.01 23:00:06.063,1.25509,1.25522,2.81,1.00
2017.08.01 23:00:06.577,1.25509,1.25521,2.81,1.00
2017.08.01 23:00:07.357,1.25509,1.25521,2.81,1.00
2017.08.01 23:00:11.109,1.25508,1.2552,1.00,1.00
2017.08.01 23:00:11.415,1.25504,1.25515,1.00,1.00
2017.08.01 23:00:12.497,1.25502,1.25514,1.00,1.00
2017.08.01 23:00:12.548,1.25502,1.25512,1.00,1.00
2017.08.01 23:00:13.053,1.25501,1.25512,2.81,1.00
2017.08.01 23:00:15.514,1.25501,1.25512,2.44,1.00
2017.08.01 23:00:16.057,1.25501,1.25512,2.25,1.00
2017.08.01 23:00:20.462,1.25501,1.25512,3.19,1.00
2017.08.01 23:00:22.387,1.25501,1.25512,3.19,1.00
2017.08.01 23:00:25.967,1.25501,1.25512,1.69,1.00
2017.08.01 23:00:26.514,1.25501,1.25512,2.06,1.00
2017.08.01 23:00:28.524,1.25501,1.25512,1.25,1.00
2017.08.01 23:00:29.095,1.25501,1.25512,2.44,1.00
2017.08.01 23:00:30.377,1.25501,1.25512,2.81,1.00
2017.08.01 23:00:38.123,1.255,1.2551,1.50,1.00
2017.08.01 23:00:38.750,1.25499,1.2551,2.62,1.00
2017.08.01 23:00:39.252,1.25498,1.2551,3.56,1.00
2017.08.01 23:00:39.874,1.25499,1.2551,1.25,1.00
2017.08.01 23:00:44.875,1.25499,1.25511,1.50,1.00
2017.08.01 23:00:45.879,1.25498,1.25511,3.19,1.00
2017.08.01 23:00:54.817,1.25498,1.25509,1.00,1.00
2017.08.01 23:01:00.656,1.25497,1.25509,3.37,1.00
2017.08.01 23:01:08.004,1.25496,1.25509,4.87,1.00
2017.08.01 23:01:08.510,1.25498,1.25509,1.00,1.00
2017.08.01 23:01:09.023,1.25497,1.25509,2.25,1.00
2017.08.01 23:01:11.083,1.25498,1.25509,1.50,1.00
2017.08.01 23:01:11.810,1.25497,1.25509,2.25,1.00
2017.08.01 23:01:12.313,1.25497,1.25509,3.00,1.00
2017.08.01 23:01:12.756,1.255,1.25509,1.00,1.00
2017.08.01 23:01:13.372,1.25501,1.25509,1.00,1.00
2017.08.01 23:01:14.925,1.255,1.25509,1.25,1.00
2017.08.01 23:01:17.150,1.255,1.25511,1.00,1.00
2017.08.01 23:01:17.201,1.255,1.25509,1.00,1.00
2017.08.01 23:01:26.832,1.25499,1.25509,1.00,1.00
2017.08.01 23:01:28.247,1.25498,1.25509,1.50,1.00
2017.08.01 23:01:32.249,1.25499,1.25509,1.50,1.00
2017.08.01 23:01:33.037,1.25498,1.25509,3.37,1.00
2017.08.01 23:01:33.381,1.25506,1.25515,1.72,1.00
2017.08.01 23:01:33.483,1.25506,1.25517,2.06,1.00
2017.08.01 23:01:33.749,1.25508,1.2552,1.87,1.50
2017.08.01 23:01:34.061,1.25514,1.25523,1.37,1.00
2017.08.01 23:01:34.572,1.25514,1.25524,1.37,1.00
2017.08.01 23:01:34.920,1.25513,1.25524,1.00,1.00
2017.08.01 23:01:35.526,1.25511,1.25523,1.69,1.00
2017.08.01 23:01:36.391,1.25511,1.25523,1.87,1.00
2017.08.01 23:01:37.031,1.2551,1.25522,3.37,1.00
2017.08.01 23:01:39.032,1.2551,1.25521,1.12,1.00
2017.08.01 23:01:39.868,1.25509,1.25521,1.12,1.00
2017.08.01 23:01:40.122,1.25511,1.25521,1.00,1.00
2017.08.01 23:01:42.100,1.25511,1.25522,1.37,1.00
2017.08.01 23:01:42.151,1.25513,1.25524,1.00,1.00
2017.08.01 23:01:42.457,1.25515,1.25523,1.00,1.00
2017.08.01 23:01:43.869,1.25512,1.25523,1.50,1.00
2017.08.01 23:01:44.430,1.25511,1.25523,1.50,1.00
2017.08.01 23:02:00.920,1.25514,1.25523,1.00,1.00
2017.08.01 23:02:01.073,1.25515,1.25525,1.00,1.00
2017.08.01 23:02:01.808,1.25516,1.25525,1.00,1.00
2017.08.01 23:02:08.859,1.25511,1.25523,1.50,1.12
2017.08.01 23:02:09.012,1.25509,1.2552,2.25,1.00
2017.08.01 23:02:09.410,1.25507,1.2552,2.44,1.00
2017.08.01 23:02:09.512,1.25508,1.25517,1.00,1.00
2017.08.01 23:02:10.064,1.25508,1.25518,1.00,1.00
2017.08.01 23:02:12.886,1.25507,1.25518,1.50,1.00
2017.08.01 23:02:12.989,1.25503,1.25516,4.12,1.00
2017.08.01 23:02:13.141,1.25502,1.25514,1.87,1.00
2017.08.01 23:02:15.620,1.255,1.25513,3.75,1.00
2017.08.01 23:02:15.672,1.255,1.25511,2.06,1.00
2017.08.01 23:02:18.154,1.25501,1.25511,1.25,1.00
2017.08.01 23:02:22.657,1.25499,1.25511,2.44,1.00
2017.08.01 23:02:31.812,1.25499,1.25511,1.69,1.00
2017.08.01 23:02:32.373,1.25498,1.25511,4.69,1.00
2017.08.01 23:02:36.634,1.25498,1.2551,2.44,1.00
2017.08.01 23:02:37.185,1.25498,1.2551,2.06,1.00
2017.08.01 23:02:37.774,1.25498,1.2551,1.69,1.00
2017.08.01 23:02:42.644,1.25499,1.2551,1.50,1.00
2017.08.01 23:02:43.246,1.255,1.2551,1.00,1.00
2017.08.01 23:02:43.552,1.25502,1.25512,1.25,1.00
2017.08.01 23:03:07.576,1.25501,1.25512,1.69,1.00
2017.08.01 23:03:08.081,1.255,1.25512,1.25,1.00
2017.08.01 23:03:08.495,1.25501,1.2551,1.00,1.00
2017.08.01 23:03:09.660,1.25501,1.25509,1.00,1.50
2017.08.01 23:03:09.712,1.25498,1.25509,2.25,1.50
2017.08.01 23:03:10.518,1.25497,1.25509,6.00,1.50
2017.08.01 23:03:11.174,1.25499,1.25509,1.00,1.50
2017.08.01 23:03:15.195,1.255,1.25509,1.00,1.00
2017.08.01 23:03:15.799,1.25501,1.25509,1.00,1.00
2017.08.01 23:03:15.960,1.25501,1.25511,1.00,1.00
2017.08.01 23:03:16.510,1.255,1.25511,1.50,1.00
2017.08.01 23:03:27.292,1.255,1.2551,1.50,1.00
2017.08.01 23:03:38.618,1.25499,1.2551,1.69,1.00
2017.08.01 23:03:38.669,1.25498,1.25508,1.00,1.00
2017.08.01 23:03:38.974,1.25496,1.25506,1.25,1.00
2017.08.01 23:03:39.872,1.25497,1.25506,1.00,1.00
2017.08.01 23:03:40.634,1.25496,1.25505,1.00,1.00
2017.08.01 23:03:45.186,1.25498,1.25505,1.00,1.00
2017.08.01 23:03:50.395,1.25496,1.25505,1.00,1.00
2017.08.01 23:03:50.919,1.25495,1.25505,1.50,1.00
2017.08.01 23:03:51.436,1.25496,1.25505,1.00,1.00
2017.08.01 23:03:51.862,1.25494,1.25505,1.00,1.00
2017.08.01 23:03:52.415,1.25493,1.25505,3.56,1.00
2017.08.01 23:03:53.268,1.25495,1.25505,1.37,1.00
2017.08.01 23:03:54.644,1.25499,1.25507,1.00,1.00
2017.08.01 23:03:54.746,1.25499,1.25509,1.00,1.00
2017.08.01 23:03:55.262,1.25498,1.25509,2.81,1.00
2017.08.01 23:03:55.822,1.25499,1.2551,1.50,1.00
2017.08.01 23:03:56.356,1.25499,1.25509,1.00,1.00
2017.08.01 23:03:56.410,1.25497,1.25506,1.00,1.00
2017.08.01 23:03:56.513,1.25495,1.25505,1.50,1.00
2017.08.01 23:03:57.035,1.25494,1.25505,1.50,1.00
2017.08.01 23:04:00.351,1.25493,1.25504,1.00,1.00
2017.08.01 23:04:00.453,1.25492,1.25502,1.00,1.00
2017.08.01 23:04:00.758,1.2549,1.25496,1.00,1.50
2017.08.01 23:04:00.809,1.25489,1.255,1.00,2.25
2017.08.01 23:04:00.861,1.25487,1.255,1.50,1.00
2017.08.01 23:04:00.913,1.25489,1.255,1.00,1.00
2017.08.01 23:04:01.433,1.25488,1.255,1.50,1.00
2017.08.01 23:04:03.904,1.25489,1.255,1.00,1.00
2017.08.01 23:04:04.452,1.25489,1.25499,1.69,1.00
2017.08.01 23:04:04.965,1.25489,1.25499,1.25,1.00
2017.08.01 23:04:05.726,1.25492,1.25501,1.00,1.00
2017.08.01 23:04:07.604,1.25491,1.25501,1.69,1.00
2017.08.01 23:04:11.762,1.25489,1.25501,1.69,1.00
2017.08.01 23:04:14.100,1.25489,1.25501,1.69,1.00
2017.08.01 23:04:16.922,1.25488,1.25501,2.81,1.00
2017.08.01 23:04:17.248,1.25489,1.25499,1.00,1.00
2017.08.01 23:04:20.955,1.25488,1.25499,4.31,1.00
2017.08.01 23:04:21.621,1.25489,1.25499,1.00,1.00
2017.08.01 23:04:22.039,1.25487,1.25499,1.12,1.00
2017.08.01 23:04:22.612,1.25488,1.25499,1.00,1.00
2017.08.01 23:04:24.545,1.25488,1.255,1.69,1.00
2017.08.01 23:04:29.029,1.25487,1.255,2.25,1.00
2017.08.01 23:04:29.131,1.25486,1.25497,1.50,1.00
2017.08.01 23:04:29.233,1.25484,1.25496,1.00,1.00
2017.08.01 23:04:29.487,1.25484,1.25494,1.69,1.00
2017.08.01 23:04:30.260,1.25483,1.25494,1.69,1.00
2017.08.01 23:04:32.214,1.25482,1.25494,2.06,1.00
2017.08.01 23:04:34.755,1.25481,1.25492,1.50,1.00
2017.08.01 23:04:34.990,1.25471,1.25482,1.12,1.00
2017.08.01 23:04:35.041,1.25473,1.25484,1.25,1.00
2017.08.01 23:04:40.260,1.25471,1.25484,2.44,1.00
2017.08.01 23:04:44.701,1.25471,1.25484,2.44,1.00
2017.08.01 23:04:48.803,1.25473,1.25484,1.00,1.00
2017.08.01 23:04:49.335,1.25472,1.25484,1.87,1.00
2017.08.01 23:04:49.881,1.25471,1.25484,1.87,1.00
2017.08.01 23:04:50.551,1.25471,1.25482,3.75,1.00
2017.08.01 23:04:50.946,1.25474,1.25485,1.00,1.25
2017.08.01 23:04:50.997,1.2548,1.25485,1.00,1.00
2017.08.01 23:04:51.048,1.25478,1.25491,1.00,2.25
2017.08.01 23:04:51.200,1.25478,1.25489,1.00,1.37
2017.08.01 23:04:51.353,1.25479,1.2549,1.00,1.87
2017.08.01 23:04:51.557,1.25481,1.25491,1.00,1.00
2017.08.01 23:04:51.608,1.25482,1.25493,1.00,2.62
2017.08.01 23:04:52.278,1.25482,1.25493,1.00,4.12
2017.08.01 23:04:53.915,1.25482,1.25493,1.00,3.37
2017.08.01 23:04:54.446,1.25482,1.25491,1.00,1.37
2017.08.01 23:04:56.010,1.2548,1.25491,1.00,1.37
2017.08.01 23:04:56.062,1.25481,1.25492,1.00,1.00
2017.08.01 23:04:56.604,1.25481,1.25493,1.00,2.62
2017.08.01 23:04:59.070,1.25481,1.25493,1.00,4.87
2017.08.01 23:05:00.278,1.25481,1.25493,1.00,4.12
2017.08.01 23:05:01.541,1.25481,1.25492,1.00,1.00
2017.08.01 23:05:02.177,1.25481,1.25492,1.00,1.62
2017.08.01 23:05:02.845,1.2548,1.25492,1.00,2.44
2017.08.01 23:05:03.429,1.2548,1.25491,1.00,1.00
2017.08.01 23:05:06.135,1.2548,1.25492,1.00,1.69
2017.08.01 23:05:06.186,1.25479,1.2549,1.00,2.44
2017.08.01 23:05:07.533,1.25477,1.25489,1.50,3.19
2017.08.01 23:05:08.057,1.25477,1.25489,1.50,3.56
2017.08.01 23:05:08.629,1.25477,1.25489,1.50,2.06
2017.08.01 23:05:11.765,1.25478,1.25489,1.00,1.31
2017.08.01 23:05:11.918,1.2548,1.25491,1.00,3.75
2017.08.01 23:05:21.940,1.2548,1.25492,1.00,1.00
2017.08.01 23:05:22.468,1.25481,1.25493,1.00,2.25
2017.08.01 23:05:23.364,1.25482,1.25491,1.00,1.00
2017.08.01 23:05:23.415,1.2548,1.2549,1.00,1.00
2017.08.01 23:05:25.121,1.2548,1.25491,1.00,1.50
2017.08.01 23:05:25.455,1.25477,1.25489,1.00,3.56
2017.08.01 23:05:26.011,1.25475,1.25486,1.00,3.19
2017.08.01 23:05:26.063,1.25475,1.25484,1.00,1.00
2017.08.01 23:05:26.358,1.25475,1.25486,1.00,2.25
2017.08.01 23:05:29.463,1.25476,1.25486,1.00,1.50
2017.08.01 23:05:29.972,1.25477,1.25485,1.00,1.00
2017.08.01 23:05:30.502,1.25477,1.25486,1.00,1.25
2017.08.01 23:05:33.540,1.25477,1.25488,1.00,2.81
2017.08.01 23:05:34.412,1.25477,1.25486,1.00,1.25
2017.08.01 23:05:46.248,1.25475,1.25486,1.00,1.00
2017.08.01 23:05:46.818,1.25474,1.25485,1.00,1.00
2017.08.01 23:05:53.153,1.25474,1.25483,1.00,1.00
2017.08.01 23:05:53.654,1.25473,1.25484,1.00,2.44
2017.08.01 23:05:55.080,1.25473,1.25485,1.00,1.50
2017.08.01 23:05:55.618,1.2547,1.25481,1.12,1.50
2017.08.01 23:05:55.923,1.2547,1.25478,1.00,1.00
2017.08.01 23:05:56.225,1.25476,1.25484,1.00,1.00
2017.08.01 23:05:56.327,1.25476,1.25486,1.00,1.00
2017.08.01 23:05:56.855,1.25476,1.25488,1.00,2.81
2017.08.01 23:05:58.274,1.25476,1.25487,1.00,2.06
2017.08.01 23:05:58.706,1.25476,1.25483,1.00,1.00
2017.08.01 23:05:59.490,1.25475,1.25483,1.00,1.00
2017.08.01 23:06:00.024,1.25474,1.25482,1.00,1.00
2017.08.01 23:06:01.314,1.25474,1.25485,1.00,1.25
2017.08.01 23:06:02.008,1.25474,1.25486,1.00,2.44
2017.08.01 23:06:02.211,1.2547,1.25479,1.00,1.00
2017.08.01 23:06:02.313,1.25467,1.2548,1.37,1.25
2017.08.01 23:06:02.365,1.2547,1.25481,1.00,4.69
2017.08.01 23:06:02.874,1.25471,1.25482,1.12,1.00
2017.08.01 23:06:03.176,1.25473,1.25482,1.00,1.00
2017.08.01 23:06:03.570,1.25473,1.25484,1.00,2.06
2017.08.01 23:06:05.280,1.25473,1.25483,1.00,1.00
2017.08.01 23:06:06.308,1.2547,1.2548,1.00,1.00
2017.08.01 23:06:07.900,1.2547,1.25481,1.00,2.25
2017.08.01 23:06:10.065,1.2547,1.2548,1.00,1.12
2017.08.01 23:06:14.831,1.25471,1.2548,1.00,1.25
2017.08.01 23:06:15.356,1.25471,1.25481,1.00,1.25
2017.08.01 23:06:19.094,1.25471,1.2548,1.00,1.25
2017.08.01 23:06:19.639,1.2547,1.2548,1.00,1.50
2017.08.01 23:06:21.527,1.2547,1.2548,1.00,1.25
2017.08.01 23:06:25.276,1.2547,1.2548,1.00,2.25
2017.08.01 23:06:25.931,1.2547,1.2548,1.00,2.25
2017.08.01 23:06:26.289,1.25468,1.25478,1.50,1.00
2017.08.01 23:06:26.798,1.25467,1.25478,1.12,2.44
2017.08.01 23:06:27.591,1.25464,1.25473,2.25,1.75
2017.08.01 23:06:27.795,1.25459,1.2547,1.69,1.25
2017.08.01 23:06:28.305,1.2546,1.2547,1.00,1.50
2017.08.01 23:06:28.610,1.2546,1.25472,1.00,3.56
2017.08.01 23:06:29.277,1.2546,1.25472,1.00,5.06
2017.08.01 23:06:30.357,1.25459,1.25468,1.00,1.00
2017.08.01 23:06:31.307,1.25457,1.25466,1.00,1.50
2017.08.01 23:06:31.359,1.25454,1.25464,1.00,1.50
2017.08.01 23:06:31.879,1.25454,1.25464,1.00,1.69
2017.08.01 23:06:32.209,1.2545,1.25461,1.25,1.69
2017.08.01 23:06:33.828,1.25452,1.25462,1.00,3.19
2017.08.01 23:06:34.559,1.25451,1.25461,1.00,1.12
2017.08.01 23:06:35.717,1.25452,1.25462,1.00,1.50
2017.08.01 23:06:35.768,1.25453,1.25464,1.00,4.87
2017.08.01 23:06:36.305,1.25452,1.25464,1.50,3.56
2017.08.01 23:06:37.376,1.25452,1.25464,1.00,2.81
2017.08.01 23:06:37.997,1.25452,1.25464,1.00,3.00
2017.08.01 23:06:38.100,1.25452,1.25461,1.00,1.00
2017.08.01 23:06:38.253,1.25449,1.25462,1.00,2.25
2017.08.01 23:06:41.539,1.25449,1.25458,1.00,1.50
2017.08.01 23:06:41.590,1.25447,1.25457,1.12,1.00
2017.08.01 23:06:42.132,1.25447,1.25458,1.12,1.00
2017.08.01 23:06:42.815,1.25447,1.25457,1.00,1.00
2017.08.01 23:06:43.071,1.25447,1.25456,1.00,2.65
2017.08.01 23:06:43.799,1.25447,1.25457,1.00,2.46
2017.08.01 23:06:44.848,1.25447,1.25456,1.00,1.15
2017.08.01 23:06:46.849,1.25447,1.25456,1.00,1.25
2017.08.01 23:06:48.120,1.25447,1.25457,1.00,2.81
2017.08.01 23:06:48.645,1.25447,1.25457,1.00,3.06
2017.08.01 23:06:49.054,1.25452,1.2546,1.00,1.00
2017.08.01 23:06:49.156,1.25453,1.25464,1.00,1.00
2017.08.01 23:06:49.310,1.25455,1.25466,1.00,3.37
2017.08.01 23:06:49.850,1.25454,1.25466,1.00,3.00
2017.08.01 23:06:50.408,1.25454,1.25465,1.00,3.37
2017.08.01 23:06:53.029,1.25454,1.25464,1.00,1.50
2017.08.01 23:06:53.334,1.25456,1.25465,1.00,2.25
2017.08.01 23:06:53.838,1.25454,1.25465,1.00,3.00
2017.08.01 23:06:54.117,1.25454,1.25465,1.00,2.62
2017.08.01 23:06:54.322,1.25458,1.25466,1.37,1.00
2017.08.01 23:06:54.374,1.25458,1.25471,1.87,2.25
2017.08.01 23:06:54.504,1.25462,1.25471,1.00,1.00
2017.08.01 23:06:54.658,1.25459,1.2547,1.00,2.06
2017.08.01 23:06:55.356,1.25458,1.25468,1.00,1.12
2017.08.01 23:06:55.812,1.25455,1.25464,1.00,1.12
2017.08.01 23:06:55.863,1.25453,1.25464,1.00,1.12
2017.08.01 23:06:55.965,1.25452,1.25462,1.00,1.00
2017.08.01 23:06:56.118,1.2545,1.25463,1.00,1.69
2017.08.01 23:06:56.916,1.2545,1.25462,1.00,1.50
2017.08.01 23:06:58.601,1.2545,1.25461,1.00,1.50
2017.08.01 23:06:59.541,1.2545,1.25462,1.00,1.50
2017.08.01 23:06:59.593,1.2545,1.2546,1.00,1.02
2017.08.01 23:07:00.072,1.25451,1.2546,1.00,1.00
2017.08.01 23:07:02.311,1.25451,1.25461,1.00,1.00
2017.08.01 23:07:03.185,1.25451,1.2546,1.00,1.00
2017.08.01 23:07:04.824,1.25451,1.25459,1.00,1.00
2017.08.01 23:07:05.770,1.2545,1.25459,1.00,1.00
2017.08.01 23:07:05.923,1.25447,1.25457,1.00,1.00
2017.08.01 23:07:06.076,1.25447,1.25455,1.00,1.00
2017.08.01 23:07:06.424,1.25445,1.25455,2.06,1.00
2017.08.01 23:07:06.707,1.25445,1.25452,1.12,1.00
2017.08.01 23:07:07.289,1.25445,1.25452,1.37,1.00
2017.08.01 23:07:07.392,1.25442,1.25454,1.75,1.50
2017.08.01 23:07:07.495,1.25442,1.25451,1.75,1.00
2017.08.01 23:07:08.018,1.25443,1.25452,1.50,1.50
2017.08.01 23:07:08.705,1.25446,1.25455,1.37,1.00
2017.08.01 23:07:08.807,1.25447,1.25458,1.00,1.50
2017.08.01 23:07:08.960,1.25447,1.25456,1.00,1.00
2017.08.01 23:07:09.784,1.25447,1.25457,1.00,1.00
2017.08.01 23:07:10.341,1.25448,1.25457,1.00,1.00
2017.08.01 23:07:10.668,1.25448,1.25454,1.00,1.00
2017.08.01 23:07:11.024,1.25445,1.25451,1.00,1.00
2017.08.01 23:07:11.126,1.25443,1.25451,1.50,1.00
2017.08.01 23:07:11.503,1.25443,1.25448,1.00,1.00
2017.08.01 23:07:14.342,1.25445,1.25449,1.00,1.00
2017.08.01 23:07:15.207,1.25445,1.25449,1.00,1.00
2017.08.01 23:07:21.138,1.25446,1.2545,1.00,1.00
2017.08.01 23:07:21.239,1.25446,1.25451,1.00,1.00
2017.08.01 23:07:21.790,1.25446,1.25452,1.00,1.00
2017.08.01 23:07:21.842,1.25445,1.2545,1.00,1.00
2017.08.01 23:07:21.894,1.25442,1.2545,1.50,1.00
2017.08.01 23:07:21.946,1.25443,1.25447,1.00,1.00
2017.08.01 23:07:22.474,1.25442,1.25446,1.00,1.00
2017.08.01 23:07:23.535,1.25443,1.2545,1.00,1.00
2017.08.01 23:07:24.200,1.25444,1.25451,1.00,1.00
2017.08.01 23:07:29.950,1.25443,1.25451,1.00,1.00
2017.08.01 23:07:30.053,1.25441,1.25448,1.00,1.00
2017.08.01 23:07:30.105,1.25439,1.25448,1.00,1.00
2017.08.01 23:07:30.156,1.25439,1.25446,1.00,1.00
2017.08.01 23:07:30.672,1.25438,1.25445,1.00,1.00
2017.08.01 23:07:31.180,1.25438,1.25446,1.00,1.00
2017.08.01 23:07:32.170,1.2544,1.25446,1.00,1.00
2017.08.01 23:07:32.426,1.25441,1.25448,1.00,1.00
2017.08.01 23:07:32.528,1.25443,1.2545,1.00,1.00
2017.08.01 23:07:34.957,1.25442,1.2545,1.00,1.00
2017.08.01 23:07:35.364,1.25441,1.25448,1.00,1.00
2017.08.01 23:07:35.965,1.25441,1.25447,1.00,1.00
2017.08.01 23:07:40.824,1.25439,1.25445,1.00,1.00
2017.08.01 23:07:53.900,1.25436,1.25445,1.00,1.00
2017.08.01 23:07:54.053,1.25436,1.25443,1.00,1.00
2017.08.01 23:07:54.358,1.25436,1.25441,1.00,1.00
2017.08.01 23:07:54.894,1.25435,1.25441,1.00,1.00
2017.08.01 23:07:58.057,1.25437,1.25441,1.00,1.00
2017.08.01 23:07:58.561,1.25437,1.25443,1.00,1.00
2017.08.01 23:07:59.981,1.25435,1.25443,1.00,1.00
2017.08.01 23:08:00.589,1.25435,1.25442,1.00,1.00
2017.08.01 23:08:01.249,1.25435,1.25441,1.00,1.00
2017.08.01 23:08:01.996,1.25435,1.25442,1.00,1.00
2017.08.01 23:08:02.877,1.25435,1.25441,1.00,1.00
2017.08.01 23:08:03.474,1.25435,1.25442,1.00,1.00
2017.08.01 23:08:05.104,1.25436,1.25442,1.00,1.00
2017.08.01 23:08:05.358,1.25434,1.25442,1.00,1.00
2017.08.01 23:08:07.245,1.25436,1.25442,1.00,1.00
2017.08.01 23:08:08.784,1.25437,1.25442,1.00,1.00
2017.08.01 23:08:08.886,1.25437,1.25445,1.00,1.00
2017.08.01 23:08:16.376,1.25437,1.25444,1.00,1.00
2017.08.01 23:08:24.446,1.25435,1.25444,1.00,1.00
2017.08.01 23:08:24.965,1.25435,1.25443,1.50,1.00
2017.08.01 23:08:25.474,1.25435,1.25442,1.50,1.00
2017.08.01 23:08:26.079,1.25433,1.25441,3.00,1.00
2017.08.01 23:08:26.728,1.25433,1.2544,1.87,1.00
2017.08.01 23:08:27.355,1.25433,1.2544,1.12,1.00
2017.08.01 23:08:29.894,1.25433,1.2544,1.87,1.00
2017.08.01 23:08:30.088,1.25429,1.2544,2.85,1.50
2017.08.01 23:08:30.139,1.25425,1.25437,1.50,1.00
2017.08.01 23:08:30.190,1.25424,1.25435,1.37,1.00
2017.08.01 23:08:30.242,1.25424,1.25435,1.50,1.50
2017.08.01 23:08:30.293,1.25424,1.25432,1.00,1.00
2017.08.01 23:08:30.874,1.25425,1.25432,1.00,1.00
2017.08.01 23:08:31.225,1.25424,1.2543,1.50,1.00
2017.08.01 23:08:31.327,1.25424,1.25432,1.50,1.00
2017.08.01 23:08:31.647,1.25426,1.25432,1.00,1.00
2017.08.01 23:08:32.337,1.25426,1.25433,1.00,1.00
2017.08.01 23:08:36.249,1.25422,1.25433,3.19,1.00
2017.08.01 23:08:36.402,1.25422,1.2543,5.25,1.00
2017.08.01 23:08:36.962,1.25422,1.25431,3.00,1.00
2017.08.01 23:08:39.964,1.25422,1.25431,2.62,1.00
2017.08.01 23:08:41.845,1.25423,1.25431,1.50,1.00
2017.08.01 23:08:42.153,1.25427,1.25434,1.00,1.00
2017.08.01 23:08:47.364,1.2543,1.25434,1.00,1.00
2017.08.01 23:08:47.416,1.2543,1.25438,1.00,1.00
2017.08.01 23:08:47.926,1.25431,1.25438,1.00,1.00
2017.08.01 23:08:48.456,1.25431,1.25437,1.00,1.00
2017.08.01 23:08:51.206,1.25432,1.25438,1.00,1.00
2017.08.01 23:08:56.506,1.25431,1.25438,1.00,1.00
2017.08.01 23:08:56.557,1.25431,1.25436,1.00,1.00
2017.08.01 23:09:02.563,1.2543,1.25436,1.00,1.00
2017.08.01 23:09:08.141,1.25431,1.25438,1.50,1.00
2017.08.01 23:09:08.806,1.2543,1.25439,3.00,1.00
2017.08.01 23:09:11.195,1.25431,1.25439,1.00,1.50
2017.08.01 23:09:11.349,1.25426,1.25435,1.00,1.00
2017.08.01 23:09:11.451,1.25426,1.25433,1.00,1.00
2017.08.01 23:09:18.248,1.25426,1.25431,1.00,1.00
2017.08.01 23:09:19.276,1.25427,1.25431,1.00,1.00
2017.08.01 23:09:19.480,1.25425,1.2543,1.00,1.00
2017.08.01 23:09:20.064,1.25426,1.2543,1.00,1.00
2017.08.01 23:09:28.251,1.25425,1.2543,1.00,1.00
2017.08.01 23:09:28.685,1.25425,1.25432,1.00,1.00
2017.08.01 23:09:33.113,1.25424,1.25432,1.00,1.00
2017.08.01 23:09:33.164,1.25425,1.2543,1.00,1.00
2017.08.01 23:09:33.672,1.25425,1.25429,1.00,1.00
2017.08.01 23:09:48.483,1.25426,1.2543,1.00,1.00
2017.08.01 23:09:49.026,1.25425,1.25429,1.00,1.00
2017.08.01 23:09:49.438,1.25427,1.25431,1.00,1.00
2017.08.01 23:09:53.777,1.25427,1.25431,1.00,1.00
2017.08.01 23:09:56.576,1.25425,1.25431,1.00,1.00
2017.08.01 23:09:56.627,1.25424,1.25433,1.50,1.00
2017.08.01 23:09:56.730,1.25427,1.25433,1.00,1.00
2017.08.01 23:09:57.137,1.25431,1.25435,1.00,1.00
2017.08.01 23:09:58.077,1.2543,1.25434,1.00,1.00
2017.08.01 23:10:01.373,1.25431,1.25435,1.00,1.00
2017.08.01 23:10:01.988,1.2543,1.25435,1.00,1.00
2017.08.01 23:10:03.617,1.25431,1.25435,1.00,1.00
2017.08.01 23:10:14.169,1.2543,1.25435,1.00,1.00
2017.08.01 23:10:22.426,1.2543,1.25439,1.00,1.12
2017.08.01 23:10:26.907,1.2543,1.25439,1.00,1.50
2017.08.01 23:10:27.420,1.2543,1.25439,1.00,1.00
2017.08.01 23:10:28.128,1.25431,1.2544,1.00,1.00
2017.08.01 23:10:28.696,1.2543,1.25441,1.50,1.87
2017.08.01 23:10:29.203,1.25434,1.25444,1.00,1.00
2017.08.01 23:10:29.254,1.25434,1.25446,1.00,1.00
2017.08.01 23:10:38.121,1.25435,1.25446,1.00,1.00
2017.08.01 23:10:39.572,1.25437,1.25448,1.00,1.00
2017.08.01 23:10:49.041,1.25437,1.25449,1.00,1.87
2017.08.01 23:10:49.551,1.25437,1.25448,1.50,1.00
2017.08.01 23:10:53.516,1.2544,1.25451,1.00,2.25
2017.08.01 23:10:54.524,1.25441,1.25451,1.00,1.00
2017.08.01 23:10:58.406,1.25438,1.25448,1.00,1.00
2017.08.01 23:10:59.016,1.25437,1.25449,1.00,1.12
2017.08.01 23:10:59.686,1.25437,1.25447,1.00,1.00
2017.08.01 23:11:01.506,1.25437,1.25448,1.00,1.00
2017.08.01 23:11:14.173,1.25439,1.25449,1.00,1.00
2017.08.01 23:11:14.685,1.25441,1.25452,1.50,1.00
2017.08.01 23:11:17.502,1.2544,1.25452,1.69,1.50
2017.08.01 23:11:19.426,1.2544,1.25452,1.69,1.50
2017.08.01 23:11:19.843,1.2544,1.2545,1.00,1.12
2017.08.01 23:11:20.378,1.25439,1.25451,1.00,2.44
2017.08.01 23:11:21.406,1.25439,1.25451,1.00,1.69
2017.08.01 23:11:22.239,1.25438,1.25449,1.00,1.31
2017.08.01 23:11:22.290,1.25436,1.25449,1.87,1.69
2017.08.01 23:11:37.684,1.25436,1.25449,1.69,1.00
2017.08.01 23:11:38.254,1.25436,1.25448,2.25,1.00
2017.08.01 23:11:41.284,1.25436,1.25445,1.50,1.00
2017.08.01 23:11:41.562,1.25439,1.2545,1.00,3.00
2017.08.01 23:11:42.626,1.2544,1.25451,1.50,1.50
2017.08.01 23:11:43.437,1.2544,1.25451,1.50,1.00
2017.08.01 23:11:44.051,1.25441,1.25451,1.00,1.00
2017.08.01 23:11:44.357,1.25431,1.25441,1.00,1.00
2017.08.01 23:11:44.765,1.25431,1.25439,1.25,1.00
2017.08.01 23:11:45.753,1.25431,1.2544,1.00,1.00
2017.08.01 23:11:46.846,1.25429,1.2544,2.44,1.00
2017.08.01 23:11:48.174,1.25429,1.2544,3.19,1.00
2017.08.01 23:11:48.715,1.25429,1.25439,3.56,1.00
2017.08.01 23:11:49.415,1.25429,1.25439,2.62,1.00
2017.08.01 23:11:49.967,1.2543,1.25439,1.25,1.00
2017.08.01 23:11:53.525,1.25429,1.25439,3.19,1.00
2017.08.01 23:11:54.089,1.25429,1.2544,1.50,1.00
2017.08.01 23:11:54.797,1.2543,1.25439,1.00,1.00
2017.08.01 23:11:55.309,1.2543,1.2544,1.00,1.50
2017.08.01 23:12:01.830,1.25428,1.2544,1.69,1.50
2017.08.01 23:12:03.566,1.25428,1.25439,1.50,1.50
2017.08.01 23:12:27.844,1.25428,1.2544,1.00,1.50
2017.08.01 23:12:29.624,1.25429,1.2544,1.00,1.50
2017.08.01 23:12:29.931,1.25431,1.2544,1.00,1.00
2017.08.01 23:12:30.517,1.2543,1.2544,1.00,1.00
2017.08.01 23:12:31.048,1.2543,1.25439,1.12,1.00
2017.08.01 23:12:32.178,1.25429,1.2544,1.12,1.00
2017.08.01 23:12:36.647,1.25429,1.25442,1.12,1.00
2017.08.01 23:12:39.504,1.25429,1.25442,3.37,1.00
2017.08.01 23:12:39.809,1.25429,1.25439,1.87,1.00
2017.08.01 23:12:40.470,1.25433,1.25444,1.12,1.00
2017.08.01 23:12:40.978,1.25433,1.25444,1.50,1.50
2017.08.01 23:12:41.479,1.25433,1.25444,1.50,1.50
2017.08.01 23:12:42.078,1.25433,1.25444,1.37,1.50
2017.08.01 23:12:42.628,1.25433,1.25444,1.50,1.50
2017.08.01 23:12:43.806,1.25433,1.25444,1.50,1.50
2017.08.01 23:12:57.118,1.25432,1.25443,1.50,1.50
2017.08.01 23:12:57.169,1.25432,1.25439,1.00,1.00
2017.08.01 23:12:57.705,1.25431,1.25439,1.87,1.00
2017.08.01 23:12:59.588,1.25432,1.25444,1.00,1.00
2017.08.01 23:13:00.124,1.25432,1.25445,1.00,1.50
2017.08.01 23:13:00.701,1.2543,1.25441,2.62,1.25
2017.08.01 23:13:01.006,1.25428,1.25439,1.69,1.00
2017.08.01 23:13:07.150,1.25427,1.25437,1.00,1.00
2017.08.01 23:13:07.669,1.25427,1.25436,1.00,1.00
2017.08.01 23:13:08.370,1.25424,1.25436,2.25,1.00
2017.08.01 23:13:08.664,1.25424,1.25434,1.50,1.00
2017.08.01 23:13:09.993,1.25424,1.25435,1.50,1.50
2017.08.01 23:13:10.644,1.25424,1.25435,1.00,1.50
2017.08.01 23:13:11.239,1.25423,1.25435,1.50,1.50
2017.08.01 23:13:13.070,1.25423,1.25434,3.00,1.00
2017.08.01 23:13:14.225,1.25424,1.25434,1.00,1.50
2017.08.01 23:13:14.940,1.25423,1.25435,3.19,1.50
2017.08.01 23:13:15.489,1.25424,1.25434,1.31,1.00
2017.08.01 23:13:16.034,1.25425,1.25434,1.50,1.00
2017.08.01 23:13:16.675,1.25425,1.25435,1.50,1.00
2017.08.01 23:13:22.740,1.25425,1.25434,1.50,1.00
2017.08.01 23:13:27.382,1.25425,1.25435,1.00,1.00
2017.08.01 23:13:27.915,1.25423,1.25434,1.87,1.00
2017.08.01 23:13:28.493,1.25423,1.25434,1.87,1.00
2017.08.01 23:13:31.324,1.25423,1.25435,1.87,1.00
2017.08.01 23:13:32.848,1.25425,1.25435,1.50,1.00
2017.08.01 23:13:33.606,1.25424,1.25434,2.44,1.00
2017.08.01 23:13:34.210,1.25425,1.25435,1.87,1.00
2017.08.01 23:13:34.767,1.25425,1.25435,1.87,1.00
2017.08.01 23:13:35.661,1.25425,1.25435,1.87,1.00
2017.08.01 23:13:36.306,1.25426,1.25435,1.50,1.00
2017.08.01 23:13:37.017,1.25426,1.25434,1.50,1.00
2017.08.01 23:13:37.626,1.25426,1.25435,1.87,1.00
2017.08.01 23:13:38.562,1.25426,1.25435,1.12,1.00
2017.08.01 23:13:40.230,1.25425,1.25435,1.87,1.00
2017.08.01 23:13:48.263,1.25425,1.25434,1.12,1.00
2017.08.01 23:13:57.641,1.25425,1.25435,2.25,1.00
2017.08.01 23:13:58.213,1.25425,1.25434,1.00,1.00
2017.08.01 23:13:58.770,1.25424,1.25434,1.12,1.00
2017.08.01 23:14:18.252,1.25422,1.25429,2.62,1.00
2017.08.01 23:14:18.355,1.25414,1.25426,4.87,2.25
2017.08.01 23:14:18.458,1.25412,1.25424,3.37,1.00
2017.08.01 23:14:18.676,1.25412,1.25422,1.00,1.00
2017.08.01 23:14:18.778,1.2541,1.25422,1.87,1.00
2017.08.01 23:14:19.319,1.2541,1.25421,1.87,1.00
2017.08.01 23:14:21.079,1.25409,1.25421,2.25,1.00
2017.08.01 23:14:21.589,1.2541,1.25421,1.00,1.50
2017.08.01 23:14:22.787,1.25409,1.25421,2.44,1.00
2017.08.01 23:14:23.354,1.25409,1.2542,2.44,1.00
2017.08.01 23:14:24.067,1.2541,1.25417,1.00,1.00
2017.08.01 23:14:24.676,1.25409,1.25418,2.44,1.50
2017.08.01 23:14:25.337,1.2541,1.25417,1.00,1.50
2017.08.01 23:14:26.289,1.25409,1.25417,1.69,1.50
2017.08.01 23:14:27.778,1.25407,1.25415,1.50,1.50
2017.08.01 23:14:27.880,1.25403,1.25414,1.00,1.50
2017.08.01 23:14:27.931,1.25406,1.25418,1.00,4.50
2017.08.01 23:14:28.135,1.25406,1.25414,1.00,1.00
2017.08.01 23:14:28.649,1.25405,1.25414,1.00,1.50
2017.08.01 23:14:30.139,1.25405,1.25415,1.00,1.00
2017.08.01 23:14:30.292,1.25405,1.25417,1.00,1.00
2017.08.01 23:14:32.353,1.25405,1.25418,1.00,2.81
2017.08.01 23:14:34.836,1.25406,1.25418,1.00,2.06
2017.08.01 23:14:36.603,1.25406,1.25419,1.00,3.56
2017.08.01 23:14:37.207,1.25407,1.25419,1.00,2.44
2017.08.01 23:14:37.973,1.25407,1.2542,1.00,4.12
2017.08.01 23:14:38.635,1.25407,1.25419,1.00,1.50
2017.08.01 23:14:39.141,1.25407,1.2542,1.00,2.62
2017.08.01 23:14:41.953,1.25409,1.2542,1.00,1.87
2017.08.01 23:14:42.508,1.2541,1.2542,1.00,1.00
2017.08.01 23:14:43.041,1.2541,1.25421,1.00,1.00
2017.08.01 23:14:44.961,1.2541,1.25416,1.00,1.50
2017.08.01 23:14:45.362,1.25409,1.2542,1.00,1.50
2017.08.01 23:14:45.885,1.2541,1.25419,1.00,2.25
2017.08.01 23:14:46.492,1.2541,1.2542,1.00,1.50
2017.08.01 23:14:47.194,1.2541,1.25421,1.31,1.00
2017.08.01 23:14:48.916,1.25411,1.25421,1.00,1.00
2017.08.01 23:14:49.417,1.25412,1.25421,1.00,1.00
2017.08.01 23:14:49.995,1.25412,1.2542,1.00,1.00
2017.08.01 23:14:51.895,1.25412,1.25424,1.00,1.25
2017.08.01 23:14:55.297,1.25413,1.25425,1.00,1.00
2017.08.01 23:14:55.985,1.25413,1.25427,1.00,5.06
2017.08.01 23:14:56.620,1.25414,1.25427,1.00,4.31
2017.08.01 23:14:57.320,1.25414,1.25427,1.00,2.81
2017.08.01 23:14:57.834,1.25415,1.25427,1.00,3.37
2017.08.01 23:15:00.196,1.25415,1.25428,1.00,1.25
2017.08.01 23:15:02.099,1.25416,1.25428,1.00,1.00
2017.08.01 23:15:02.252,1.25419,1.25428,1.00,1.00
2017.08.01 23:15:02.971,1.25418,1.25429,1.00,3.00
2017.08.01 23:15:03.732,1.25418,1.2543,1.00,2.25
2017.08.01 23:15:06.513,1.25417,1.25429,1.12,1.69
2017.08.01 23:15:07.063,1.25417,1.25429,1.00,1.69
2017.08.01 23:15:07.631,1.25416,1.25428,1.00,1.50
2017.08.01 23:15:08.983,1.25415,1.25428,1.00,1.00
2017.08.01 23:15:09.491,1.25415,1.25429,1.00,3.00
2017.08.01 23:15:24.677,1.25412,1.25422,1.50,1.00
2017.08.01 23:15:24.831,1.25406,1.25418,1.00,1.00
2017.08.01 23:15:25.446,1.25405,1.25417,4.31,1.00
2017.08.01 23:15:25.958,1.25407,1.25418,1.00,1.00
2017.08.01 23:15:26.833,1.25406,1.25418,1.25,1.00
2017.08.01 23:15:28.627,1.25407,1.25418,1.00,1.00
2017.08.01 23:15:29.131,1.25406,1.25418,1.12,1.00
2017.08.01 23:15:31.378,1.25407,1.25418,1.00,1.00
2017.08.01 23:15:32.007,1.25407,1.25417,1.00,1.00
2017.08.01 23:15:32.485,1.25407,1.25419,1.69,1.00
2017.08.01 23:15:33.104,1.25406,1.25419,1.57,1.00
2017.08.01 23:15:33.629,1.25404,1.25416,2.62,1.00
2017.08.01 23:15:33.681,1.25404,1.25416,1.87,1.00
2017.08.01 23:15:34.749,1.25404,1.25414,1.00,1.00
2017.08.01 23:15:35.687,1.25403,1.25414,2.25,1.00
2017.08.01 23:15:39.853,1.25402,1.25414,3.75,1.00
2017.08.01 23:15:45.108,1.25401,1.25411,2.25,1.00
2017.08.01 23:15:45.446,1.25396,1.25408,5.25,1.00
2017.08.01 23:15:46.000,1.25397,1.25408,1.50,1.00
2017.08.01 23:15:46.660,1.25396,1.25408,3.75,1.00
2017.08.01 23:15:48.081,1.25398,1.25409,1.50,1.00
2017.08.01 23:15:48.715,1.25397,1.25409,1.50,1.00
2017.08.01 23:15:49.245,1.25396,1.25409,2.62,1.00
2017.08.01 23:15:50.784,1.25397,1.25409,1.00,1.00
2017.08.01 23:15:53.573,1.25398,1.25409,1.50,1.00
2017.08.01 23:15:54.249,1.25397,1.25409,1.00,1.00
2017.08.01 23:16:00.125,1.25398,1.25409,1.50,1.00
2017.08.01 23:16:00.904,1.25397,1.25409,2.62,1.00
2017.08.01 23:16:01.410,1.25398,1.25409,1.00,1.00
2017.08.01 23:16:05.782,1.25396,1.25406,2.62,1.00
2017.08.01 23:16:06.355,1.25396,1.25407,1.37,1.00
2017.08.01 23:16:06.849,1.25399,1.25409,1.00,1.60
2017.08.01 23:16:06.901,1.25398,1.2541,1.87,1.50
2017.08.01 23:16:07.003,1.25401,1.2541,1.00,1.00
2017.08.01 23:16:07.542,1.254,1.25411,1.00,1.00
2017.08.01 23:16:08.149,1.25399,1.25411,1.12,1.00
2017.08.01 23:16:08.713,1.25399,1.25411,3.00,1.00
2017.08.01 23:16:09.289,1.25399,1.25411,1.12,1.00
2017.08.01 23:16:10.350,1.25399,1.25409,1.00,1.00
2017.08.01 23:16:10.775,1.25402,1.25413,1.00,1.69
2017.08.01 23:16:11.284,1.25402,1.25413,1.00,1.69
2017.08.01 23:16:11.802,1.25402,1.25413,1.00,1.00
2017.08.01 23:16:16.368,1.25403,1.25413,1.00,1.00
2017.08.01 23:16:19.325,1.25404,1.25413,1.00,1.25
2017.08.01 23:16:19.529,1.25402,1.25413,1.00,1.69
2017.08.01 23:16:20.048,1.25403,1.25413,1.00,1.00
2017.08.01 23:16:23.365,1.25402,1.25413,1.00,1.00
2017.08.01 23:16:23.868,1.25402,1.25412,1.00,1.00
2017.08.01 23:16:30.296,1.25402,1.25413,1.00,1.00
2017.08.01 23:16:30.844,1.25402,1.25412,1.00,1.00
2017.08.01 23:16:32.247,1.25402,1.25414,1.00,1.69
2017.08.01 23:16:34.329,1.25403,1.25414,1.00,1.00
2017.08.01 23:16:34.867,1.25403,1.25415,1.00,1.69
2017.08.01 23:16:35.258,1.25406,1.25415,1.00,1.00
2017.08.01 23:16:35.928,1.25405,1.25416,1.00,2.44
2017.08.01 23:16:37.362,1.25404,1.25416,1.00,1.19
2017.08.01 23:16:38.342,1.25406,1.25416,1.00,1.00
2017.08.01 23:16:38.854,1.25406,1.25414,1.00,1.00
2017.08.01 23:16:39.201,1.25406,1.25416,1.00,1.00
2017.08.01 23:16:44.446,1.25406,1.25416,1.00,1.19
2017.08.01 23:16:44.994,1.25406,1.25416,1.00,1.25
2017.08.01 23:16:47.882,1.25406,1.25417,1.00,2.06
2017.08.01 23:16:51.969,1.25408,1.25417,1.00,1.25
2017.08.01 23:16:53.095,1.25408,1.25417,1.00,1.19
2017.08.01 23:16:53.679,1.25408,1.25417,1.00,1.00
2017.08.01 23:16:55.695,1.25408,1.25418,1.00,1.00
2017.08.01 23:16:59.985,1.25408,1.25419,1.00,1.50
2017.08.01 23:17:00.733,1.25409,1.25419,1.12,1.00
2017.08.01 23:17:01.039,1.25411,1.2542,1.00,1.00
2017.08.01 23:17:03.841,1.25409,1.2542,1.00,1.00
2017.08.01 23:17:04.605,1.25409,1.25421,1.00,1.00
2017.08.01 23:17:07.771,1.2541,1.25421,1.00,1.00
2017.08.01 23:17:08.320,1.2541,1.25422,1.00,3.75
2017.08.01 23:17:09.178,1.25409,1.25422,1.00,3.75
2017.08.01 23:17:10.504,1.25409,1.25421,1.00,1.50
2017.08.01 23:17:12.667,1.25409,1.25422,1.00,3.94
2017.08.01 23:17:14.259,1.2541,1.25422,1.00,1.12
2017.08.01 23:17:17.056,1.25411,1.25423,1.00,4.87
2017.08.01 23:17:17.864,1.25411,1.25422,1.00,1.50
2017.08.01 23:17:18.420,1.25411,1.25423,1.00,3.00
2017.08.01 23:17:19.338,1.25409,1.25421,2.44,1.12
2017.08.01 23:17:19.848,1.25408,1.2542,1.00,2.44
2017.08.01 23:17:20.399,1.25408,1.25419,1.00,2.06
2017.08.01 23:17:20.934,1.25408,1.25419,1.00,3.94
2017.08.01 23:17:23.105,1.25408,1.25417,1.00,1.00
2017.08.01 23:17:24.624,1.25406,1.25417,1.00,1.50
2017.08.01 23:17:31.251,1.25406,1.25417,1.00,2.06
2017.08.01 23:17:33.875,1.25406,1.25417,1.00,2.06
2017.08.01 23:17:39.904,1.25406,1.25417,1.00,2.06
2017.08.01 23:17:42.927,1.25407,1.25418,1.50,1.50
2017.08.01 23:17:43.164,1.25407,1.2542,1.50,2.44
2017.08.01 23:17:43.888,1.25407,1.2542,2.25,3.94
2017.08.01 23:17:45.070,1.25407,1.2542,2.25,2.25
2017.08.01 23:17:45.984,1.25408,1.2542,1.00,1.50
2017.08.01 23:17:46.608,1.25407,1.2542,1.50,1.50
2017.08.01 23:17:48.085,1.25408,1.2542,1.00,1.00
2017.08.01 23:17:52.630,1.25409,1.2542,1.00,1.00
2017.08.01 23:17:53.285,1.25411,1.2542,1.00,1.00
2017.08.01 23:17:53.875,1.25411,1.25421,1.00,1.00
2017.08.01 23:17:57.225,1.2541,1.25421,1.00,1.00
2017.08.01 23:17:57.534,1.25412,1.25423,1.00,2.25
2017.08.01 23:17:58.347,1.2541,1.25422,1.00,1.31
2017.08.01 23:17:58.848,1.2541,1.25419,1.00,1.00
2017.08.01 23:17:59.414,1.25409,1.25419,1.00,1.00
2017.08.01 23:18:01.052,1.25407,1.25419,1.00,1.00
2017.08.01 23:18:02.678,1.25407,1.25418,1.00,1.00
2017.08.01 23:18:03.311,1.25409,1.25418,1.00,1.00
2017.08.01 23:18:03.465,1.25409,1.2542,1.00,1.50
2017.08.01 23:18:07.217,1.25408,1.2542,1.00,1.00
2017.08.01 23:18:07.754,1.25408,1.25421,1.00,1.00
2017.08.01 23:18:08.656,1.25409,1.25421,1.00,1.00
2017.08.01 23:18:09.163,1.25409,1.25422,1.00,2.25
2017.08.01 23:18:09.758,1.25411,1.25422,1.00,2.25
2017.08.01 23:18:10.290,1.2541,1.25422,1.00,3.19
2017.08.01 23:18:15.070,1.2541,1.25422,1.00,2.25
2017.08.01 23:18:20.132,1.25412,1.25422,1.00,1.00
2017.08.01 23:18:20.860,1.25412,1.25423,1.00,1.50
2017.08.01 23:18:21.522,1.25413,1.25423,1.00,1.00
2017.08.01 23:18:46.916,1.25413,1.25424,1.00,1.87
2017.08.01 23:19:01.259,1.25416,1.25424,1.87,1.00
2017.08.01 23:19:01.465,1.25421,1.25432,1.00,1.50
2017.08.01 23:19:01.518,1.25419,1.25431,1.00,3.19
2017.08.01 23:19:02.132,1.25419,1.2543,1.00,2.44
2017.08.01 23:19:03.015,1.2542,1.25431,1.00,2.81
2017.08.01 23:19:03.566,1.25419,1.2543,1.00,1.50
2017.08.01 23:19:03.821,1.2542,1.25432,1.00,1.50
2017.08.01 23:19:04.587,1.2542,1.25433,1.00,3.56
2017.08.01 23:19:05.210,1.2542,1.25433,1.00,2.81
2017.08.01 23:19:05.760,1.2542,1.25431,1.00,1.00
2017.08.01 23:19:06.287,1.25421,1.25431,1.00,1.00
2017.08.01 23:19:06.557,1.25415,1.25424,4.87,1.00
2017.08.01 23:19:06.660,1.25412,1.25423,1.00,3.37
2017.08.01 23:19:06.965,1.25419,1.25426,1.00,1.50
2017.08.01 23:19:07.069,1.2542,1.25432,1.00,4.12
2017.08.01 23:19:07.266,1.2542,1.25432,1.00,3.94
2017.08.01 23:19:07.914,1.2542,1.25431,1.00,1.50
2017.08.01 23:19:08.430,1.2542,1.25432,1.00,2.44
2017.08.01 23:19:08.481,1.2542,1.25431,1.00,2.06
2017.08.01 23:19:08.913,1.2542,1.25432,1.00,3.75
2017.08.01 23:19:09.450,1.2542,1.25431,1.00,1.50
2017.08.01 23:19:09.999,1.2542,1.25432,1.00,3.00
2017.08.01 23:19:10.675,1.2542,1.25433,1.00,4.31
2017.08.01 23:19:10.900,1.25422,1.25433,1.00,1.87
2017.08.01 23:19:11.837,1.25423,1.25435,1.50,1.00
2017.08.01 23:19:12.400,1.25423,1.25434,1.00,1.00
2017.08.01 23:19:13.238,1.25427,1.25438,1.00,4.12
2017.08.01 23:19:13.289,1.25427,1.25438,1.00,1.87
2017.08.01 23:19:13.810,1.25427,1.25439,1.00,1.31
2017.08.01 23:19:14.521,1.25427,1.25439,1.00,3.56
2017.08.01 23:19:15.281,1.25429,1.25439,1.00,2.06
2017.08.01 23:19:19.084,1.25429,1.25439,1.00,1.31
2017.08.01 23:19:22.880,1.25427,1.25439,1.00,1.31
2017.08.01 23:19:24.725,1.25427,1.25439,1.00,2.06
2017.08.01 23:19:28.526,1.25427,1.2544,1.00,4.31
2017.08.01 23:19:29.043,1.25428,1.2544,1.00,1.50
2017.08.01 23:19:29.806,1.25428,1.25439,1.00,1.50
2017.08.01 23:19:30.364,1.25428,1.2544,1.00,3.00
2017.08.01 23:19:31.082,1.25427,1.2544,1.00,2.81
2017.08.01 23:19:35.287,1.25428,1.2544,1.00,4.12
2017.08.01 23:19:35.526,1.25426,1.25438,1.00,1.69
2017.08.01 23:19:37.051,1.25426,1.25438,1.00,3.94
2017.08.01 23:19:37.737,1.25426,1.25438,1.00,2.06
2017.08.01 23:19:38.179,1.25428,1.25438,1.00,1.69
2017.08.01 23:19:40.800,1.25428,1.25437,1.00,1.37
2017.08.01 23:19:41.300,1.25426,1.25437,1.00,1.62
2017.08.01 23:19:46.352,1.25426,1.25437,1.00,1.00
2017.08.01 23:19:46.898,1.25427,1.25438,1.00,3.00
2017.08.01 23:19:47.731,1.25427,1.25438,1.00,2.25
2017.08.01 23:19:52.225,1.25428,1.25439,1.00,1.00
2017.08.01 23:19:53.236,1.25429,1.25439,1.00,1.00
2017.08.01 23:19:56.449,1.25428,1.25439,1.00,1.00
2017.08.01 23:19:56.999,1.25428,1.25439,1.00,1.50
2017.08.01 23:19:59.740,1.25429,1.25439,1.00,1.87
2017.08.01 23:20:00.265,1.25428,1.25439,1.00,1.12
2017.08.01 23:20:00.740,1.25429,1.25441,1.00,1.31
2017.08.01 23:20:00.896,1.25431,1.25441,1.00,1.50
2017.08.01 23:20:02.662,1.25431,1.25442,1.00,4.69
2017.08.01 23:20:04.584,1.2543,1.25442,1.00,3.75
2017.08.01 23:20:10.979,1.2543,1.25441,1.00,1.50
2017.08.01 23:20:11.936,1.2543,1.25442,1.00,3.56
2017.08.01 23:20:13.043,1.2543,1.25441,1.00,1.50
2017.08.01 23:20:13.560,1.2543,1.25442,1.00,3.56
2017.08.01 23:20:22.180,1.25431,1.25442,1.00,1.12
2017.08.01 23:20:23.764,1.25432,1.25442,1.00,2.25
2017.08.01 23:20:24.293,1.25432,1.25442,1.00,2.06
2017.08.01 23:20:24.830,1.25432,1.25442,1.00,1.00
2017.08.01 23:20:25.537,1.25432,1.25443,1.00,2.62
2017.08.01 23:20:26.064,1.25433,1.25443,1.00,2.25
2017.08.01 23:20:36.923,1.25433,1.25445,1.00,6.00
2017.08.01 23:20:38.697,1.25433,1.25445,1.00,6.19
2017.08.01 23:20:39.292,1.25433,1.25444,1.00,1.00
2017.08.01 23:20:41.678,1.25432,1.25444,1.00,1.25
2017.08.01 23:20:54.864,1.25433,1.25444,1.00,3.00
2017.08.01 23:20:55.278,1.25433,1.25443,1.00,1.69
2017.08.01 23:20:55.680,1.25431,1.25441,1.12,1.19
2017.08.01 23:20:56.143,1.25431,1.25442,1.00,1.69
2017.08.01 23:20:58.014,1.25431,1.25443,1.00,5.44
2017.08.01 23:20:59.546,1.25431,1.25442,1.00,1.25
2017.08.01 23:21:01.310,1.25431,1.25443,1.00,1.50
2017.08.01 23:21:01.934,1.25431,1.25444,1.00,5.25
2017.08.01 23:21:02.594,1.25431,1.25443,1.00,1.50
2017.08.01 23:21:03.654,1.25432,1.25444,1.00,1.50
2017.08.01 23:21:03.705,1.25434,1.25445,1.00,2.25
2017.08.01 23:21:04.215,1.25435,1.25445,1.00,1.00
2017.08.01 23:21:07.346,1.25435,1.25447,1.00,3.00
2017.08.01 23:21:07.874,1.25436,1.25447,1.00,2.25
2017.08.01 23:21:15.211,1.25437,1.25448,1.00,1.00
2017.08.01 23:21:21.782,1.25437,1.25448,1.00,1.69
2017.08.01 23:21:24.706,1.25436,1.25447,1.00,1.31
2017.08.01 23:21:25.248,1.25435,1.25447,1.00,2.81
2017.08.01 23:21:25.754,1.25435,1.25447,1.00,2.06
2017.08.01 23:21:26.406,1.25435,1.25447,1.00,2.44
2017.08.01 23:21:27.199,1.25435,1.25447,1.00,1.25
2017.08.01 23:21:27.344,1.25435,1.25446,1.00,1.19
2017.08.01 23:21:30.394,1.25435,1.25447,1.00,1.19
2017.08.01 23:21:35.074,1.25435,1.25447,1.00,4.31
2017.08.01 23:21:35.781,1.25435,1.25446,1.00,1.25
2017.08.01 23:21:37.561,1.25435,1.25447,1.00,3.00
2017.08.01 23:21:38.153,1.25436,1.25447,1.00,1.50
2017.08.01 23:21:38.683,1.25436,1.25448,1.00,3.56
2017.08.01 23:21:43.108,1.25436,1.25449,1.00,3.75
2017.08.01 23:21:43.442,1.25438,1.25449,1.00,3.94
2017.08.01 23:21:44.071,1.25438,1.25448,1.00,1.50
2017.08.01 23:21:49.943,1.25438,1.2545,1.00,4.31
2017.08.01 23:21:50.470,1.25438,1.25449,1.00,2.44
2017.08.01 23:21:51.220,1.25436,1.25446,1.50,1.25
2017.08.01 23:21:51.526,1.25435,1.25448,1.50,2.62
2017.08.01 23:21:51.893,1.25437,1.25449,1.00,4.31
2017.08.01 23:21:55.735,1.25437,1.2545,1.00,5.44
2017.08.01 23:21:56.254,1.25438,1.2545,1.00,2.81
2017.08.01 23:21:57.023,1.25438,1.25449,1.00,1.00
2017.08.01 23:21:58.365,1.25438,1.2545,1.00,5.44
2017.08.01 23:21:58.889,1.25438,1.2545,1.00,3.19
2017.08.01 23:21:59.664,1.25438,1.2545,1.00,3.00
2017.08.01 23:22:00.235,1.25438,1.25449,1.00,1.00
2017.08.01 23:22:00.596,1.25441,1.25451,1.00,1.31
2017.08.01 23:22:01.117,1.25441,1.25452,1.00,1.25
2017.08.01 23:22:01.642,1.25441,1.25452,1.00,1.19
2017.08.01 23:22:02.227,1.25441,1.25452,1.00,1.00
2017.08.01 23:22:04.813,1.25442,1.25454,1.50,3.75
2017.08.01 23:22:05.118,1.25444,1.25454,1.00,2.25
2017.08.01 23:22:05.621,1.25444,1.25453,1.00,1.50
2017.08.01 23:22:05.830,1.25444,1.25455,1.00,2.06
2017.08.01 23:22:08.255,1.25444,1.25455,1.00,2.06
2017.08.01 23:22:09.477,1.25444,1.25452,1.00,1.00
2017.08.01 23:22:09.529,1.25442,1.25451,1.00,1.00
2017.08.01 23:22:16.442,1.25442,1.25454,1.00,2.06
2017.08.01 23:22:18.019,1.25442,1.25454,1.00,4.12
2017.08.01 23:22:18.522,1.25442,1.25454,1.00,2.06
2017.08.01 23:22:19.072,1.25442,1.25454,1.00,4.31
2017.08.01 23:22:20.041,1.25442,1.25454,1.00,4.31
2017.08.01 23:22:26.656,1.25442,1.25452,1.00,1.00
2017.08.01 23:22:32.012,1.25442,1.25451,1.00,1.00
2017.08.01 23:22:32.533,1.25441,1.25452,1.00,1.50
2017.08.01 23:22:33.980,1.25441,1.2545,1.00,1.00
2017.08.01 23:22:34.286,1.25438,1.25445,1.00,1.00
2017.08.01 23:22:34.491,1.25438,1.25448,1.00,1.00
2017.08.01 23:22:34.857,1.25437,1.25445,1.00,1.00
2017.08.01 23:22:35.112,1.25437,1.25447,1.00,1.50
2017.08.01 23:22:36.522,1.25436,1.25446,1.00,1.00
2017.08.01 23:22:37.105,1.25437,1.25446,1.00,1.00
2017.08.01 23:22:37.628,1.25438,1.25446,1.00,1.00
2017.08.01 23:22:44.781,1.25436,1.25448,1.50,1.25
2017.08.01 23:22:45.293,1.25437,1.25448,1.00,1.00
2017.08.01 23:22:50.728,1.25437,1.25449,1.00,1.25
2017.08.01 23:22:51.773,1.25439,1.2545,1.00,2.25
2017.08.01 23:22:52.556,1.2544,1.25451,1.00,3.00
2017.08.01 23:22:54.895,1.2544,1.25452,1.00,1.50
2017.08.01 23:22:55.200,1.25443,1.25454,1.00,1.87
2017.08.01 23:23:00.675,1.25444,1.25454,1.00,1.00
2017.08.01 23:23:00.727,1.25444,1.25456,1.00,6.00
2017.08.01 23:23:14.869,1.25444,1.25453,1.00,1.00
2017.08.01 23:23:31.586,1.25445,1.25452,1.00,1.00
2017.08.01 23:23:35.034,1.25444,1.25454,1.00,1.00
2017.08.01 23:23:42.907,1.25445,1.25454,1.00,1.00
2017.08.01 23:23:50.856,1.25445,1.25453,1.00,1.00
2017.08.01 23:24:08.276,1.25445,1.25452,1.00,1.00
2017.08.01 23:24:21.063,1.25446,1.25452,1.00,1.00
2017.08.01 23:24:22.929,1.25445,1.25452,1.00,1.00
2017.08.01 23:24:28.256,1.25445,1.25453,1.00,1.00
2017.08.01 23:24:40.003,1.25444,1.25453,1.00,1.00
2017.08.01 23:24:41.266,1.25443,1.25453,1.00,1.00
2017.08.01 23:24:43.125,1.25442,1.25453,1.12,1.00
2017.08.01 23:24:43.177,1.25442,1.25451,1.12,1.00
2017.08.01 23:24:45.539,1.25442,1.25453,1.00,1.00
2017.08.01 23:24:45.640,1.25442,1.25456,1.00,2.25
2017.08.01 23:24:46.417,1.25442,1.25455,1.00,1.00
2017.08.01 23:24:51.491,1.25442,1.25451,1.00,1.00
2017.08.01 23:24:52.091,1.25442,1.25452,1.00,1.00
2017.08.01 23:24:58.820,1.25442,1.25454,1.00,1.00
2017.08.01 23:25:04.339,1.25441,1.25452,1.12,1.25
2017.08.01 23:25:04.711,1.25441,1.25449,1.00,1.00
2017.08.01 23:25:08.248,1.25441,1.2545,1.00,1.00
2017.08.01 23:25:08.757,1.25441,1.25451,1.00,1.00
2017.08.01 23:25:13.325,1.25441,1.25453,1.00,1.25
2017.08.01 23:25:13.935,1.25441,1.25454,1.00,1.69
2017.08.01 23:25:14.443,1.25442,1.25454,1.00,1.00
2017.08.01 23:25:14.958,1.25442,1.25453,1.00,1.00
2017.08.01 23:25:15.304,1.25442,1.25451,1.00,1.00
2017.08.01 23:25:15.355,1.25442,1.25454,1.00,1.69
2017.08.01 23:25:18.607,1.25442,1.25455,1.00,1.12
2017.08.01 23:25:20.229,1.25443,1.25455,1.00,1.00
2017.08.01 23:25:20.281,1.25443,1.25457,1.00,2.25
2017.08.01 23:25:21.739,1.25444,1.25457,1.00,1.00
2017.08.01 23:25:31.957,1.25444,1.25458,1.00,3.75
2017.08.01 23:25:33.220,1.25445,1.25459,1.00,2.62
2017.08.01 23:25:36.164,1.25446,1.25459,1.00,2.62
2017.08.01 23:25:41.004,1.25448,1.25461,1.00,3.19
2017.08.01 23:25:41.310,1.25447,1.25459,1.00,1.19
2017.08.01 23:25:42.616,1.25447,1.25459,1.00,1.25
2017.08.01 23:25:46.011,1.25447,1.25461,1.00,5.25
2017.08.01 23:25:46.611,1.25448,1.25461,1.00,2.62
2017.08.01 23:25:53.137,1.25448,1.25461,1.00,2.81
2017.08.01 23:25:56.292,1.25448,1.2546,1.00,1.19
2017.08.01 23:25:59.175,1.25448,1.25461,1.00,2.25
2017.08.01 23:26:05.480,1.25449,1.25461,1.00,2.81
2017.08.01 23:26:10.483,1.25449,1.25462,1.00,3.19
2017.08.01 23:26:10.637,1.25451,1.25463,1.00,1.00
2017.08.01 23:26:11.159,1.2545,1.25464,1.00,3.37
2017.08.01 23:26:13.048,1.2545,1.25461,1.12,1.25
2017.08.01 23:26:13.186,1.25447,1.25461,1.50,1.19
2017.08.01 23:26:13.883,1.25447,1.25461,1.00,1.69
2017.08.01 23:26:21.317,1.2545,1.2546,1.00,1.00
2017.08.01 23:26:21.419,1.25449,1.25462,1.00,1.12
2017.08.01 23:26:21.933,1.2545,1.25462,1.00,1.00
2017.08.01 23:26:24.714,1.25447,1.25462,5.44,1.00
2017.08.01 23:26:25.430,1.25448,1.2546,1.50,1.00
2017.08.01 23:26:26.059,1.25448,1.2546,1.12,1.25
2017.08.01 23:26:34.015,1.25447,1.25461,1.12,1.00
2017.08.01 23:26:34.830,1.25447,1.2546,3.37,1.00
2017.08.01 23:26:40.815,1.25448,1.25461,1.00,1.00
2017.08.01 23:26:44.289,1.2545,1.25461,1.00,1.00
2017.08.01 23:26:44.801,1.25449,1.25462,1.00,1.00
2017.08.01 23:26:45.118,1.25451,1.25462,1.00,1.00
2017.08.01 23:26:45.445,1.25449,1.25462,1.12,1.00
2017.08.01 23:26:45.977,1.25448,1.25462,4.12,1.00
2017.08.01 23:26:46.133,1.25448,1.25462,3.00,1.19
2017.08.01 23:26:46.668,1.25449,1.25462,1.00,1.25
2017.08.01 23:26:49.985,1.25448,1.25462,3.00,1.00
2017.08.01 23:26:52.021,1.25449,1.25462,1.00,1.00
2017.08.01 23:26:52.174,1.25451,1.25462,1.00,1.00
2017.08.01 23:26:52.695,1.2545,1.25462,1.00,1.00
2017.08.01 23:26:53.228,1.25451,1.25462,1.00,1.00
2017.08.01 23:26:55.361,1.25449,1.25462,1.50,1.00
2017.08.01 23:26:55.467,1.25448,1.25462,1.50,2.44
2017.08.01 23:26:55.984,1.25447,1.25461,2.25,1.69
2017.08.01 23:26:56.502,1.25449,1.25462,1.00,1.25
2017.08.01 23:26:57.035,1.2545,1.25461,1.00,1.00
2017.08.01 23:26:57.544,1.25449,1.25461,1.00,1.00
2017.08.01 23:27:00.203,1.25451,1.25464,1.00,1.50
2017.08.01 23:27:00.357,1.25454,1.25464,1.00,1.00
2017.08.01 23:27:00.766,1.25451,1.25463,2.25,1.00
2017.08.01 23:27:01.280,1.25451,1.25464,2.25,1.00
2017.08.01 23:27:02.796,1.25452,1.25464,1.00,1.00
2017.08.01 23:27:05.652,1.25452,1.25463,1.00,1.00
2017.08.01 23:27:05.704,1.2545,1.25463,1.87,1.25
2017.08.01 23:27:05.959,1.25447,1.25461,2.62,1.19
2017.08.01 23:27:06.678,1.25447,1.25461,1.87,1.69
2017.08.01 23:27:08.980,1.25451,1.25462,1.00,1.50
2017.08.01 23:27:09.650,1.25452,1.25462,1.00,1.00
2017.08.01 23:27:09.752,1.25453,1.25464,1.00,1.00
2017.08.01 23:27:10.226,1.25451,1.25464,2.25,1.00
2017.08.01 23:27:10.507,1.2545,1.25462,1.12,1.00
2017.08.01 23:27:10.980,1.25448,1.25462,1.12,1.00
2017.08.01 23:27:11.031,1.25448,1.2546,1.00,1.00
2017.08.01 23:27:15.810,1.25447,1.25459,1.12,1.00
2017.08.01 23:27:15.964,1.25445,1.25459,2.25,1.00
2017.08.01 23:27:16.562,1.25446,1.25459,1.00,1.00
2017.08.01 23:27:17.377,1.25447,1.25459,1.00,1.00
2017.08.01 23:27:19.324,1.25448,1.25459,1.00,1.00
2017.08.01 23:27:19.873,1.25449,1.25459,1.00,1.00
2017.08.01 23:27:33.374,1.25449,1.2546,1.00,1.00
2017.08.01 23:27:33.425,1.25445,1.25459,3.75,1.00
2017.08.01 23:27:34.014,1.25447,1.25458,1.00,1.00
2017.08.01 23:27:36.826,1.25445,1.25459,1.12,1.00
2017.08.01 23:27:37.362,1.25445,1.25459,1.12,1.19
2017.08.01 23:27:40.708,1.25445,1.25459,1.12,1.69
2017.08.01 23:27:45.235,1.25444,1.25457,3.37,1.00
2017.08.01 23:27:48.297,1.25444,1.25457,1.87,1.00
2017.08.01 23:27:52.191,1.25444,1.25457,4.31,1.00
2017.08.01 23:27:52.699,1.25445,1.25457,2.25,1.00
2017.08.01 23:27:53.227,1.25447,1.25458,1.12,1.00
2017.08.01 23:28:00.915,1.25447,1.25457,1.00,1.00
2017.08.01 23:28:01.222,1.25449,1.2546,1.00,1.00
2017.08.01 23:28:01.478,1.25447,1.2546,2.25,1.00
2017.08.01 23:28:02.477,1.25448,1.25459,1.00,1.00
2017.08.01 23:28:03.056,1.25447,1.25459,1.50,1.00
2017.08.01 23:28:05.518,1.25448,1.25459,1.00,1.00
2017.08.01 23:28:11.573,1.25446,1.25457,1.00,1.00
2017.08.01 23:28:11.676,1.25443,1.25456,5.25,1.00
2017.08.01 23:28:12.135,1.25442,1.25453,4.12,1.00
2017.08.01 23:28:12.736,1.25444,1.25453,1.00,1.00
2017.08.01 23:28:13.289,1.25442,1.25453,1.37,1.00
2017.08.01 23:28:16.380,1.25443,1.25454,1.00,1.00
2017.08.01 23:28:23.980,1.25443,1.25454,2.25,1.00
2017.08.01 23:28:26.382,1.25445,1.25456,2.44,1.00
2017.08.01 23:28:28.810,1.25446,1.25458,1.12,1.00
2017.08.01 23:28:30.328,1.25445,1.25457,1.00,1.00
2017.08.01 23:28:30.861,1.25446,1.25457,1.00,1.00
2017.08.01 23:28:31.390,1.25447,1.25456,1.00,1.00
2017.08.01 23:28:31.898,1.25445,1.25456,1.50,1.00
2017.08.01 23:28:35.737,1.25447,1.25458,1.50,1.00
2017.08.01 23:28:35.891,1.25448,1.2546,1.00,1.00
2017.08.01 23:28:36.447,1.25447,1.2546,1.00,1.00
2017.08.01 23:28:40.545,1.25447,1.25458,1.00,1.00
2017.08.01 23:28:40.841,1.25445,1.25458,1.00,1.00
2017.08.01 23:28:41.361,1.25445,1.25457,1.00,1.00
2017.08.01 23:28:44.117,1.25444,1.25456,1.00,1.00
2017.08.01 23:28:44.788,1.25443,1.25456,1.00,1.00
2017.08.01 23:28:45.219,1.25443,1.25454,1.12,1.00
2017.08.01 23:28:45.723,1.25442,1.25454,1.87,1.00
2017.08.01 23:28:48.226,1.25443,1.25454,1.00,1.00
2017.08.01 23:29:00.894,1.25442,1.25454,3.00,1.00
2017.08.01 23:29:03.408,1.25442,1.25456,2.62,1.50
2017.08.01 23:29:14.310,1.25442,1.25455,1.87,1.69
2017.08.01 23:29:14.723,1.2544,1.25454,3.75,1.50
2017.08.01 23:29:15.033,1.25442,1.25455,1.00,1.00
2017.08.01 23:29:15.550,1.25442,1.25454,1.00,1.00
2017.08.01 23:29:16.880,1.25441,1.25455,1.87,1.25
2017.08.01 23:29:17.398,1.25441,1.25454,1.00,1.00
2017.08.01 23:29:21.576,1.25442,1.25454,1.00,1.00
2017.08.01 23:29:21.883,1.25445,1.25457,1.00,1.00
2017.08.01 23:29:23.924,1.25446,1.25459,1.50,3.00
2017.08.01 23:29:24.427,1.25447,1.2546,1.50,1.50
2017.08.01 23:29:25.653,1.25448,1.2546,1.00,1.00
2017.08.01 23:29:25.755,1.25451,1.25461,1.00,1.00
2017.08.01 23:29:25.858,1.25453,1.25464,1.50,1.00
2017.08.01 23:29:25.960,1.25454,1.25466,1.00,1.00
2017.08.01 23:29:26.013,1.25452,1.25459,2.62,1.00
2017.08.01 23:29:26.115,1.25445,1.25451,1.00,1.00
2017.08.01 23:29:26.166,1.25443,1.25451,1.00,1.00
2017.08.01 23:29:26.359,1.2544,1.2545,1.87,1.00
2017.08.01 23:29:26.869,1.2544,1.25451,1.00,1.00
2017.08.01 23:29:27.073,1.25439,1.25449,1.50,1.00
2017.08.01 23:29:27.175,1.25437,1.25448,3.37,1.00
2017.08.01 23:29:27.712,1.25435,1.25448,2.25,1.25
2017.08.01 23:29:28.301,1.25435,1.25448,2.25,1.25
2017.08.01 23:29:28.760,1.25434,1.25446,1.50,1.25
2017.08.01 23:29:29.200,1.25432,1.25445,1.50,1.00
2017.08.01 23:29:29.892,1.25432,1.25445,1.12,1.00
2017.08.01 23:29:30.160,1.25433,1.25447,2.25,1.00
2017.08.01 23:29:30.880,1.25436,1.25447,1.00,1.00
2017.08.01 23:29:31.544,1.25436,1.25448,1.12,1.00
2017.08.01 23:29:32.578,1.25438,1.25448,1.00,1.00
2017.08.01 23:29:32.784,1.25447,1.25458,1.00,1.00
2017.08.01 23:29:32.835,1.25445,1.25458,2.62,1.00
2017.08.01 23:29:35.661,1.25443,1.25448,1.50,1.67
2017.08.01 23:29:35.763,1.25443,1.25452,1.00,1.00
2017.08.01 23:29:35.815,1.25446,1.25453,1.00,2.62
2017.08.01 23:29:35.917,1.25445,1.25456,1.00,1.00
2017.08.01 23:29:36.173,1.25444,1.25458,1.00,1.00
2017.08.01 23:29:36.695,1.25444,1.25459,1.00,3.94
2017.08.01 23:29:36.747,1.25444,1.25457,1.00,1.00
2017.08.01 23:29:38.092,1.25443,1.25457,1.12,1.69
2017.08.01 23:29:38.398,1.25442,1.25455,1.12,1.00
2017.08.01 23:29:39.047,1.25444,1.25455,1.00,1.00
2017.08.01 23:29:39.150,1.25442,1.25455,1.87,1.00
2017.08.01 23:29:40.907,1.25444,1.25455,1.00,1.00
2017.08.01 23:29:43.716,1.25444,1.25456,1.00,1.00
2017.08.01 23:29:44.512,1.25443,1.25456,1.50,1.00
2017.08.01 23:29:50.375,1.25445,1.25458,2.25,1.50
2017.08.01 23:29:54.042,1.25445,1.25458,1.50,2.44
2017.08.01 23:29:55.978,1.25445,1.25458,1.00,3.94
2017.08.01 23:29:56.646,1.25443,1.25455,1.50,1.69
2017.08.01 23:29:56.748,1.25449,1.25459,1.00,1.00
2017.08.01 23:29:56.851,1.25449,1.25463,3.19,1.00
2017.08.01 23:29:56.903,1.25449,1.25461,1.87,1.50
2017.08.01 23:29:57.442,1.25449,1.25462,1.00,2.25
2017.08.01 23:29:58.386,1.25449,1.25461,1.00,1.00
2017.08.01 23:30:00.967,1.25448,1.25461,3.00,2.44
2017.08.01 23:30:05.366,1.25448,1.25462,2.62,4.69
2017.08.01 23:30:05.907,1.25448,1.25461,2.62,2.44
2017.08.01 23:30:07.579,1.25445,1.25456,4.87,1.50
2017.08.01 23:30:07.784,1.2544,1.25454,3.00,1.00
2017.08.01 23:30:08.316,1.25441,1.25455,1.00,1.50
2017.08.01 23:30:10.372,1.25441,1.25456,1.00,1.12
2017.08.01 23:30:10.882,1.25442,1.25456,1.50,1.50
2017.08.01 23:30:11.444,1.25443,1.25456,1.69,1.00
2017.08.01 23:30:26.754,1.25442,1.25456,1.00,3.56
2017.08.01 23:30:27.073,1.25444,1.25456,1.00,1.00
2017.08.01 23:30:27.659,1.25442,1.25457,1.00,2.81
2017.08.01 23:30:28.488,1.25442,1.25456,1.00,1.00
2017.08.01 23:30:29.003,1.25442,1.25457,1.50,2.62
2017.08.01 23:30:30.356,1.25443,1.25457,1.00,2.25
2017.08.01 23:30:39.496,1.25445,1.25457,1.00,1.00
2017.08.01 23:30:50.558,1.25443,1.25458,2.25,1.00
2017.08.01 23:30:50.609,1.25445,1.25458,1.00,1.00
2017.08.01 23:31:01.611,1.25447,1.2546,1.00,1.00
2017.08.01 23:31:02.118,1.25447,1.25461,1.12,3.00
2017.08.01 23:31:04.069,1.25447,1.2546,1.87,1.00
2017.08.01 23:31:04.614,1.25447,1.25461,1.87,5.44
2017.08.01 23:31:08.697,1.25448,1.25461,1.00,1.50
2017.08.01 23:31:11.207,1.25447,1.2546,1.00,1.25
2017.08.01 23:31:11.600,1.25444,1.25457,1.00,4.12
2017.08.01 23:31:11.910,1.25443,1.25455,1.00,1.00
2017.08.01 23:31:12.429,1.25443,1.25456,1.00,1.50
2017.08.01 23:31:18.807,1.25442,1.25456,1.00,1.50
2017.08.01 23:31:23.817,1.25443,1.25456,1.00,1.50
2017.08.01 23:31:25.785,1.25442,1.25456,3.75,1.50
2017.08.01 23:31:26.792,1.25443,1.25456,1.00,1.50
2017.08.01 23:31:28.838,1.25442,1.25456,3.75,1.50
2017.08.01 23:31:30.555,1.25441,1.25456,2.25,1.50
2017.08.01 23:31:31.059,1.25442,1.25456,1.00,1.50
2017.08.01 23:31:34.312,1.25442,1.25457,2.62,1.50
2017.08.01 23:31:34.648,1.25445,1.25456,1.00,1.00
2017.08.01 23:31:35.428,1.25445,1.25458,3.00,1.00
2017.08.01 23:31:35.479,1.25445,1.2546,4.12,3.00
2017.08.01 23:31:36.113,1.25446,1.2546,1.00,1.50
2017.08.01 23:31:36.165,1.25448,1.2546,1.00,1.00
2017.08.01 23:31:37.883,1.25448,1.25461,1.00,3.56
2017.08.01 23:31:38.391,1.25448,1.25461,1.00,5.06
2017.08.01 23:31:38.941,1.25448,1.25461,1.00,3.56
2017.08.01 23:31:39.468,1.25448,1.25461,1.00,2.06
2017.08.01 23:31:40.645,1.25448,1.25459,1.00,1.69
2017.08.01 23:31:41.454,1.25448,1.25457,1.00,1.00
2017.08.01 23:31:42.065,1.25448,1.25458,1.00,1.00
2017.08.01 23:31:42.799,1.25448,1.25459,1.00,1.50
2017.08.01 23:31:43.312,1.25448,1.25458,1.00,1.00
2017.08.01 23:31:43.821,1.25449,1.25459,1.00,1.00
2017.08.01 23:31:48.116,1.25449,1.2546,1.00,1.12
2017.08.01 23:31:53.311,1.25449,1.25458,1.00,1.00
2017.08.01 23:31:53.933,1.25449,1.25459,1.00,1.00
2017.08.01 23:32:01.749,1.2545,1.25459,1.00,1.00
2017.08.01 23:32:02.375,1.2545,1.25458,1.00,1.00
2017.08.01 23:32:02.836,1.25448,1.25458,1.00,1.00
2017.08.01 23:32:03.663,1.25448,1.25459,1.00,1.69
2017.08.01 23:32:04.337,1.25448,1.25458,1.00,1.00
2017.08.01 23:32:04.866,1.25448,1.25459,1.00,1.25
2017.08.01 23:32:05.928,1.25448,1.2546,1.00,3.94
2017.08.01 23:32:09.262,1.2545,1.25459,1.00,1.00
2017.08.01 23:32:12.156,1.2545,1.2546,1.00,1.12
2017.08.01 23:32:16.348,1.25449,1.25461,1.00,1.87
2017.08.01 23:32:16.870,1.25449,1.25461,1.00,1.50
2017.08.01 23:32:17.377,1.25449,1.25462,1.00,4.12
2017.08.01 23:32:17.713,1.25451,1.25462,1.00,4.12
2017.08.01 23:32:19.757,1.25451,1.25462,1.00,4.12
2017.08.01 23:32:29.438,1.25449,1.2546,1.00,1.00
2017.08.01 23:32:30.016,1.25449,1.25461,1.00,1.87
2017.08.01 23:32:31.130,1.2545,1.25461,1.00,1.12
2017.08.01 23:32:31.335,1.25452,1.25462,1.00,2.25
2017.08.01 23:32:31.517,1.25452,1.25463,1.00,1.00
2017.08.01 23:32:37.745,1.25452,1.25464,1.00,4.87
2017.08.01 23:32:37.949,1.25452,1.25462,1.00,1.50
2017.08.01 23:32:38.458,1.25452,1.25463,1.00,2.62
2017.08.01 23:32:38.963,1.25452,1.25462,1.00,1.50
2017.08.01 23:32:39.730,1.25452,1.25463,1.00,1.87
2017.08.01 23:32:42.331,1.25452,1.25464,1.00,5.06
2017.08.01 23:32:42.837,1.25452,1.25463,1.00,1.50
2017.08.01 23:32:47.916,1.25452,1.25464,1.00,2.44
2017.08.01 23:32:48.222,1.25454,1.25465,1.25,1.00
2017.08.01 23:32:48.822,1.25454,1.25466,1.25,1.50
2017.08.01 23:32:49.982,1.25455,1.25466,1.00,1.00
2017.08.01 23:32:50.289,1.25461,1.25472,1.00,1.00
2017.08.01 23:32:50.878,1.25462,1.25473,1.00,1.00
2017.08.01 23:32:53.014,1.25462,1.25474,1.00,1.50
2017.08.01 23:32:53.609,1.25462,1.25474,1.00,1.50
2017.08.01 23:32:54.719,1.25464,1.25475,1.00,2.62
2017.08.01 23:32:55.128,1.25462,1.25474,1.00,1.50
2017.08.01 23:32:55.645,1.2546,1.25471,1.50,1.00
2017.08.01 23:32:56.195,1.2546,1.25472,1.00,2.25
2017.08.01 23:32:58.558,1.25461,1.25472,1.00,1.00
2017.08.01 23:32:58.711,1.25461,1.25474,1.00,1.87
2017.08.01 23:33:00.782,1.25462,1.25474,1.00,1.00
2017.08.01 23:33:04.920,1.25462,1.25473,1.00,1.00
2017.08.01 23:33:05.580,1.25462,1.25472,1.00,1.50
2017.08.01 23:33:10.896,1.25461,1.25472,1.50,1.00
2017.08.01 23:33:12.870,1.25461,1.25473,1.00,1.00
2017.08.01 23:33:12.973,1.25463,1.25473,1.00,1.00
2017.08.01 23:33:13.126,1.25463,1.25475,1.00,2.62
2017.08.01 23:33:13.742,1.25463,1.25477,1.00,3.37
2017.08.01 23:33:13.794,1.25465,1.25476,1.00,1.12
2017.08.01 23:33:18.525,1.25463,1.25475,1.00,1.50
2017.08.01 23:33:20.128,1.25463,1.25474,1.00,1.50
2017.08.01 23:33:28.318,1.25463,1.25474,1.00,1.87
2017.08.01 23:33:43.159,1.25464,1.25474,1.00,1.00
2017.08.01 23:33:43.817,1.25465,1.25474,1.00,1.00
2017.08.01 23:33:50.050,1.25464,1.25475,1.00,1.37
2017.08.01 23:33:51.160,1.25464,1.25475,1.00,1.50
2017.08.01 23:33:51.737,1.25465,1.25475,1.00,2.25
2017.08.01 23:34:05.028,1.25465,1.25475,1.00,1.87
2017.08.01 23:34:09.696,1.25465,1.25475,1.00,1.50
2017.08.01 23:34:10.290,1.25466,1.25475,1.00,1.00
2017.08.01 23:34:10.940,1.25466,1.25477,1.25,1.12
2017.08.01 23:34:11.443,1.25466,1.25478,1.25,3.00
2017.08.01 23:34:15.898,1.25468,1.25478,1.00,1.12
2017.08.01 23:34:20.050,1.25469,1.2548,1.00,1.00
2017.08.01 23:34:20.599,1.2547,1.2548,1.00,1.00
2017.08.01 23:34:25.908,1.25468,1.25479,1.00,1.00
2017.08.01 23:34:26.999,1.25468,1.2548,1.00,4.31
2017.08.01 23:34:28.937,1.25468,1.25479,1.00,1.25
2017.08.01 23:34:29.453,1.25468,1.2548,1.00,1.12
2017.08.01 23:34:35.179,1.25469,1.2548,1.00,1.00
2017.08.01 23:34:38.401,1.25472,1.25482,1.00,3.37
2017.08.01 23:34:38.555,1.25474,1.25485,1.00,1.37
2017.08.01 23:34:38.752,1.25475,1.25487,1.00,2.25
2017.08.01 23:34:39.624,1.25475,1.25487,1.00,3.19
2017.08.01 23:34:40.139,1.25475,1.25486,1.00,1.00
2017.08.01 23:34:48.650,1.25476,1.25488,1.00,3.00
2017.08.01 23:34:49.197,1.25476,1.25487,1.00,1.50
2017.08.01 23:34:49.714,1.25476,1.25488,1.00,1.00
2017.08.01 23:34:50.375,1.25477,1.25488,1.00,2.25
2017.08.01 23:34:50.885,1.25478,1.25488,1.00,2.25
2017.08.01 23:34:55.987,1.25479,1.25489,1.00,1.12
2017.08.01 23:34:56.109,1.25481,1.25489,4.50,1.12
2017.08.01 23:34:56.160,1.25481,1.25492,5.25,1.50
2017.08.01 23:34:56.364,1.25482,1.25495,1.00,4.50
2017.08.01 23:34:57.423,1.25482,1.25493,1.00,1.00
2017.08.01 23:34:57.942,1.25482,1.25492,1.00,1.00
2017.08.01 23:34:58.095,1.25483,1.25494,1.00,1.00
2017.08.01 23:35:00.508,1.25483,1.25495,1.00,1.12
2017.08.01 23:35:01.119,1.25483,1.25495,1.00,2.25
2017.08.01 23:35:01.620,1.25483,1.25495,1.00,1.00
2017.08.01 23:35:02.149,1.25483,1.25494,1.00,1.12
2017.08.01 23:35:02.694,1.25484,1.25494,1.00,1.87
2017.08.01 23:35:03.009,1.25481,1.25493,1.50,1.12
2017.08.01 23:35:03.541,1.25481,1.25492,1.00,1.00
2017.08.01 23:35:06.961,1.25481,1.25491,1.50,1.00
2017.08.01 23:35:07.474,1.2548,1.25492,1.50,1.12
2017.08.01 23:35:07.999,1.25481,1.25493,1.50,1.37
2017.08.01 23:35:12.130,1.25481,1.25492,1.00,1.37
2017.08.01 23:35:12.517,1.25483,1.25495,1.00,4.12
2017.08.01 23:35:12.737,1.25483,1.25495,1.00,2.25
2017.08.01 23:35:13.093,1.25485,1.25496,1.00,2.44
2017.08.01 23:35:13.834,1.25485,1.25495,1.00,1.00
2017.08.01 23:35:15.742,1.25485,1.25497,1.12,1.37
2017.08.01 23:35:15.948,1.2549,1.25502,1.00,1.00
2017.08.01 23:35:16.526,1.2549,1.25502,1.00,1.37
2017.08.01 23:35:18.709,1.2549,1.25503,1.00,2.44
2017.08.01 23:35:20.866,1.25492,1.25502,1.00,1.00
2017.08.01 23:35:21.753,1.25492,1.25503,1.00,1.50
2017.08.01 23:35:22.334,1.25492,1.25503,1.00,1.50
2017.08.01 23:35:22.859,1.25493,1.25504,1.00,2.44
2017.08.01 23:35:23.528,1.25493,1.25503,1.00,1.00
2017.08.01 23:35:23.964,1.25491,1.25504,1.00,2.44
2017.08.01 23:35:25.499,1.25492,1.25504,1.00,2.06
2017.08.01 23:35:26.074,1.25492,1.25503,1.00,1.00
2017.08.01 23:35:26.815,1.25492,1.25504,1.00,3.19
2017.08.01 23:35:28.401,1.25492,1.25503,1.00,1.00
2017.08.01 23:35:29.514,1.25492,1.25504,1.00,2.06
2017.08.01 23:35:30.015,1.25492,1.25503,1.00,1.00
2017.08.01 23:35:30.543,1.25492,1.25504,1.00,2.06
2017.08.01 23:35:31.137,1.25492,1.25503,1.00,1.00
2017.08.01 23:35:31.647,1.25492,1.25502,1.00,1.00
2017.08.01 23:35:37.575,1.25493,1.25502,1.00,1.00
2017.08.01 23:35:39.065,1.25491,1.25504,1.50,3.19
2017.08.01 23:35:39.694,1.25491,1.25503,1.50,1.00
2017.08.01 23:35:40.356,1.25491,1.25504,1.50,3.19
2017.08.01 23:35:41.066,1.25491,1.25503,1.50,1.00
2017.08.01 23:35:41.674,1.25491,1.25504,1.50,4.69
2017.08.01 23:35:42.177,1.25491,1.25504,1.50,1.87
2017.08.01 23:35:42.279,1.25493,1.25504,1.00,4.12
2017.08.01 23:35:48.244,1.25496,1.25506,1.00,1.12
2017.08.01 23:35:48.397,1.25497,1.25509,1.00,1.87
2017.08.01 23:35:48.550,1.25499,1.2551,1.00,2.62
2017.08.01 23:35:53.719,1.25499,1.25509,1.00,1.87
2017.08.01 23:35:54.252,1.25499,1.2551,1.00,4.50
2017.08.01 23:35:54.823,1.25499,1.2551,1.00,3.00
2017.08.01 23:35:55.477,1.25499,1.2551,1.00,2.62
2017.08.01 23:36:00.180,1.25499,1.25511,1.00,1.87
2017.08.01 23:36:00.721,1.25499,1.2551,1.00,1.00
2017.08.01 23:36:05.958,1.25499,1.25511,1.00,1.87
2017.08.01 23:36:06.466,1.25499,1.25511,1.00,2.06
2017.08.01 23:36:07.338,1.255,1.25511,1.00,2.81
2017.08.01 23:36:09.554,1.255,1.25511,1.00,1.69
2017.08.01 23:36:10.080,1.255,1.25511,1.00,1.69
2017.08.01 23:36:10.630,1.255,1.25511,1.00,1.69
2017.08.01 23:36:11.856,1.255,1.25511,1.00,1.50
2017.08.01 23:36:12.485,1.255,1.25511,1.00,1.50
2017.08.01 23:36:13.005,1.25506,1.2551,1.00,1.25
2017.08.01 23:36:13.158,1.2551,1.25517,1.50,2.62
2017.08.01 23:36:13.209,1.2551,1.25518,1.50,1.00
2017.08.01 23:36:13.608,1.25511,1.25521,1.00,2.29
2017.08.01 23:36:14.112,1.25511,1.25521,1.00,1.87
2017.08.01 23:36:18.689,1.2551,1.25517,1.00,1.12
2017.08.01 23:36:19.360,1.25511,1.25517,1.00,1.12
2017.08.01 23:36:19.918,1.2551,1.25517,1.00,1.00
2017.08.01 23:36:25.823,1.25515,1.25519,1.00,1.00
2017.08.01 23:36:25.874,1.25514,1.25522,4.50,1.00
2017.08.01 23:36:26.425,1.25515,1.25521,1.00,1.00
2017.08.01 23:36:26.939,1.25516,1.25521,1.00,1.50
2017.08.01 23:36:31.109,1.25515,1.25521,1.00,1.50
2017.08.01 23:36:31.160,1.2551,1.2552,1.60,1.00
2017.08.01 23:36:33.375,1.25509,1.2552,2.48,1.00
2017.08.01 23:36:35.606,1.25511,1.2552,1.00,1.00
2017.08.01 23:36:36.129,1.2551,1.2552,1.60,1.00
2017.08.01 23:36:37.066,1.2551,1.2552,1.60,1.00
2017.08.01 23:36:40.442,1.2551,1.2552,1.00,1.00
2017.08.01 23:36:42.022,1.25511,1.2552,1.45,1.00
2017.08.01 23:36:51.771,1.25512,1.25522,2.33,1.00
2017.08.01 23:36:53.987,1.25515,1.25522,1.00,1.00
2017.08.01 23:36:54.608,1.25514,1.25522,1.50,1.00
2017.08.01 23:36:55.245,1.25511,1.25522,2.62,1.00
2017.08.01 23:36:55.930,1.25511,1.25523,1.37,1.00
2017.08.01 23:37:05.027,1.25511,1.25522,2.44,1.00
2017.08.01 23:37:08.315,1.25511,1.25522,3.37,1.00
2017.08.01 23:37:08.857,1.25511,1.25522,3.19,1.00
2017.08.01 23:37:11.315,1.25515,1.25522,1.50,1.00
2017.08.01 23:37:11.366,1.25518,1.25528,1.50,2.25
2017.08.01 23:37:11.418,1.25522,1.25528,1.00,1.00
2017.08.01 23:37:11.521,1.25521,1.2553,1.50,1.00
2017.08.01 23:37:11.777,1.25524,1.2553,1.50,1.00
2017.08.01 23:37:12.315,1.25525,1.2553,1.00,1.00
2017.08.01 23:37:12.519,1.25521,1.25531,1.50,1.00
2017.08.01 23:37:12.571,1.2552,1.25528,1.00,1.00
2017.08.01 23:37:12.878,1.25515,1.25523,1.00,1.00
2017.08.01 23:37:13.310,1.25512,1.25524,1.12,1.00
2017.08.01 23:37:14.477,1.25512,1.25523,1.00,1.00
2017.08.01 23:37:15.751,1.25512,1.25523,1.00,1.50
2017.08.01 23:37:15.802,1.2551,1.25517,1.00,1.00
2017.08.01 23:37:16.848,1.25511,1.25519,1.00,1.00
2017.08.01 23:37:17.356,1.2551,1.2552,1.69,1.00
2017.08.01 23:37:18.003,1.25511,1.2552,1.00,1.00
2017.08.01 23:37:18.538,1.2551,1.25519,1.00,1.00
2017.08.01 23:37:18.946,1.2551,1.25521,1.00,1.00
2017.08.01 23:37:19.447,1.25511,1.25521,1.00,1.00
2017.08.01 23:37:19.498,1.25511,1.25519,1.00,1.00
2017.08.01 23:37:20.007,1.2551,1.2552,1.00,1.00
2017.08.01 23:37:20.609,1.25511,1.2552,1.00,1.00
2017.08.01 23:37:20.924,1.25511,1.25518,1.00,1.00
2017.08.01 23:37:21.432,1.25511,1.25519,1.00,1.00
2017.08.01 23:37:22.685,1.25511,1.2552,1.00,1.00
2017.08.01 23:37:23.247,1.2551,1.2552,1.12,1.00
2017.08.01 23:37:23.756,1.25511,1.25519,1.00,1.00
2017.08.01 23:37:24.478,1.2551,1.25519,1.00,1.00
2017.08.01 23:37:25.624,1.2551,1.25521,1.00,1.00
2017.08.01 23:37:26.126,1.25511,1.2552,1.00,1.00
2017.08.01 23:37:26.941,1.2551,1.2552,1.00,1.00
2017.08.01 23:37:27.094,1.2551,1.25522,1.00,1.00
2017.08.01 23:37:27.400,1.25514,1.25526,1.00,3.37
2017.08.01 23:37:27.798,1.25516,1.25527,1.00,1.12
2017.08.01 23:37:27.950,1.25517,1.25529,1.00,3.37
2017.08.01 23:37:28.155,1.25515,1.25527,2.25,1.00
2017.08.01 23:37:28.664,1.25516,1.25527,1.50,2.62
2017.08.01 23:37:42.960,1.25516,1.25528,1.00,1.50
2017.08.01 23:37:43.480,1.25517,1.25528,1.00,1.00
2017.08.01 23:37:47.186,1.25518,1.2553,1.00,2.62
2017.08.01 23:37:47.542,1.25521,1.2553,1.00,1.50
2017.08.01 23:37:47.644,1.25521,1.25533,1.00,1.00
2017.08.01 23:37:47.696,1.25523,1.25534,1.00,3.00
2017.08.01 23:37:48.179,1.25524,1.25536,1.00,2.62
2017.08.01 23:37:48.689,1.25525,1.25536,1.00,2.62
2017.08.01 23:37:50.138,1.25524,1.25534,1.00,1.00
2017.08.01 23:37:50.341,1.25522,1.25535,1.00,2.62
2017.08.01 23:37:50.880,1.25522,1.25535,1.00,1.50
2017.08.01 23:37:51.427,1.25522,1.25535,1.00,3.00
2017.08.01 23:37:51.966,1.25522,1.25535,1.00,1.50
2017.08.01 23:37:52.917,1.25522,1.25534,1.00,1.00
2017.08.01 23:37:52.968,1.25524,1.25534,1.00,1.00
2017.08.01 23:37:59.954,1.25522,1.25534,1.00,1.00
2017.08.01 23:38:01.662,1.25522,1.25535,1.00,2.06
2017.08.01 23:38:02.213,1.25522,1.25535,1.00,3.56
2017.08.01 23:38:02.856,1.25522,1.25535,1.00,2.06
2017.08.01 23:38:03.118,1.25524,1.25535,1.00,2.62
2017.08.01 23:38:03.476,1.25521,1.25535,1.50,3.37
2017.08.01 23:38:16.608,1.25523,1.25534,1.00,1.00
2017.08.01 23:38:16.935,1.25521,1.25534,2.25,1.00
2017.08.01 23:38:17.442,1.25522,1.25534,1.00,1.12
2017.08.01 23:38:19.194,1.25521,1.25534,2.25,1.00
2017.08.01 23:38:19.716,1.25522,1.25536,1.00,4.87
2017.08.01 23:38:19.868,1.25522,1.25536,1.00,1.87
2017.08.01 23:38:20.629,1.25522,1.25535,1.50,1.50
2017.08.01 23:38:21.168,1.25523,1.25533,1.12,2.25
2017.08.01 23:38:25.856,1.25522,1.25528,2.25,1.87
2017.08.01 23:38:26.010,1.25519,1.25526,1.00,1.30
2017.08.01 23:38:26.243,1.25516,1.25526,3.00,1.18
2017.08.01 23:38:33.950,1.25516,1.25527,2.25,2.37
2017.08.01 23:38:38.928,1.25519,1.25527,1.00,2.31
2017.08.01 23:38:39.030,1.2552,1.2553,2.62,2.62
2017.08.01 23:38:39.539,1.25521,1.25532,1.50,1.00
2017.08.01 23:38:39.744,1.25521,1.2553,1.00,1.00
2017.08.01 23:38:40.296,1.2552,1.2553,2.25,1.00
2017.08.01 23:38:41.015,1.25521,1.2553,1.00,1.00
2017.08.01 23:38:41.536,1.2552,1.2553,2.25,1.00
2017.08.01 23:38:42.056,1.25521,1.2553,1.50,1.00
2017.08.01 23:38:44.836,1.25521,1.25533,1.87,3.00
2017.08.01 23:38:52.217,1.25522,1.25533,1.00,3.00
2017.08.01 23:38:52.760,1.25521,1.25533,1.12,3.00
2017.08.01 23:38:53.461,1.25522,1.25533,1.00,3.00
2017.08.01 23:38:55.711,1.25521,1.25533,2.62,3.00
2017.08.01 23:38:57.311,1.25522,1.25533,1.00,4.50
2017.08.01 23:38:57.918,1.25521,1.25533,1.12,3.00
2017.08.01 23:39:00.485,1.25522,1.25533,1.00,4.50
2017.08.01 23:39:01.015,1.25521,1.25533,1.12,4.50
2017.08.01 23:39:01.957,1.25521,1.25532,1.00,2.62
2017.08.01 23:39:14.490,1.25522,1.25532,1.00,2.62
2017.08.01 23:39:14.542,1.25525,1.25532,1.00,2.62
2017.08.01 23:39:14.593,1.25525,1.25533,1.50,1.00
2017.08.01 23:39:14.697,1.25525,1.25536,1.00,2.62
2017.08.01 23:39:14.801,1.25528,1.25538,1.00,2.62
2017.08.01 23:39:22.539,1.25527,1.25538,1.00,4.12
2017.08.01 23:39:22.879,1.25525,1.25535,1.50,1.00
2017.08.01 23:39:25.074,1.25526,1.25536,1.00,2.62
2017.08.01 23:39:25.619,1.25526,1.25535,1.00,2.62
2017.08.01 23:39:26.180,1.25525,1.25535,1.50,2.62
2017.08.01 23:39:31.744,1.25526,1.25535,1.00,2.62
2017.08.01 23:39:33.493,1.25525,1.25535,1.87,2.25
2017.08.01 23:39:34.049,1.25525,1.25536,1.50,2.62
2017.08.01 23:39:38.129,1.25526,1.25536,1.00,3.37
2017.08.01 23:39:39.501,1.25525,1.25536,1.50,3.19
2017.08.01 23:39:39.895,1.25526,1.25533,1.00,2.62
2017.08.01 23:40:00.167,1.25525,1.25532,1.00,2.25
2017.08.01 23:40:00.269,1.2552,1.25531,2.25,1.00
2017.08.01 23:40:02.774,1.25521,1.25531,1.00,1.00
2017.08.01 23:40:03.448,1.2552,1.25531,2.25,1.00
2017.08.01 23:40:05.893,1.25522,1.25532,3.75,2.62
2017.08.01 23:40:05.945,1.25523,1.25534,3.00,2.25
2017.08.01 23:40:06.047,1.25523,1.25536,4.87,2.62
2017.08.01 23:40:06.251,1.25526,1.25536,2.25,1.00
2017.08.01 23:40:08.293,1.25526,1.25536,1.87,2.25
2017.08.01 23:40:10.301,1.25527,1.25536,1.00,2.62
2017.08.01 23:40:11.071,1.25527,1.25536,1.12,1.00
2017.08.01 23:40:16.622,1.25527,1.25537,1.31,2.25
2017.08.01 23:40:16.674,1.25529,1.25538,1.12,1.00
2017.08.01 23:40:18.250,1.2553,1.25539,1.00,2.25
2017.08.01 23:40:18.405,1.25531,1.2554,1.00,1.00
2017.08.01 23:40:25.757,1.2553,1.25541,1.00,4.12
2017.08.01 23:40:28.256,1.25531,1.25541,1.00,4.12
2017.08.01 23:40:28.465,1.25529,1.2554,1.00,2.62
2017.08.01 23:40:28.757,1.25529,1.25538,1.00,2.25
2017.08.01 23:40:33.308,1.25525,1.25538,5.62,4.50
2017.08.01 23:40:33.398,1.25525,1.25536,3.37,2.25
2017.08.01 23:40:33.708,1.25516,1.25525,2.25,1.00
2017.08.01 23:40:41.346,1.25516,1.25525,1.69,2.25
2017.08.01 23:40:42.017,1.25515,1.25525,2.62,2.25
2017.08.01 23:40:42.324,1.25517,1.25525,3.00,2.25
2017.08.01 23:40:42.715,1.2552,1.25525,1.00,2.25
2017.08.01 23:40:43.230,1.25521,1.25525,1.00,2.25
2017.08.01 23:40:43.895,1.25516,1.25525,1.00,2.25
2017.08.01 23:40:44.909,1.25515,1.25525,3.37,2.25
2017.08.01 23:40:48.338,1.25515,1.25526,2.25,2.62
2017.08.01 23:40:49.574,1.25517,1.25526,1.12,1.00
2017.08.01 23:40:54.398,1.25518,1.25527,1.00,2.25
2017.08.01 23:40:54.450,1.25518,1.25528,3.00,1.00
2017.08.01 23:41:00.182,1.25517,1.25526,3.75,2.25
2017.08.01 23:41:00.766,1.25517,1.25526,1.50,2.62
2017.08.01 23:41:06.503,1.25517,1.25527,2.62,2.62
2017.08.01 23:41:18.584,1.25517,1.25527,3.75,1.00
2017.08.01 23:41:28.311,1.25517,1.25527,1.50,2.25
2017.08.01 23:41:30.346,1.25516,1.25526,3.00,2.25
2017.08.01 23:41:30.848,1.25517,1.25526,1.00,2.62
2017.08.01 23:41:31.758,1.25516,1.25526,3.00,2.62
2017.08.01 23:41:36.750,1.25517,1.25526,1.00,2.62
2017.08.01 23:41:42.066,1.25517,1.25527,1.50,2.62
2017.08.01 23:41:42.758,1.25517,1.25527,1.50,1.00
2017.08.01 23:41:48.247,1.25517,1.25526,1.00,2.25
2017.08.01 23:41:48.591,1.25519,1.25526,1.00,2.25
2017.08.01 23:41:48.698,1.25519,1.25528,1.50,2.62
2017.08.01 23:41:48.847,1.25521,1.25532,2.25,3.00
2017.08.01 23:41:50.284,1.25519,1.2553,3.00,2.25
2017.08.01 23:41:51.798,1.25521,1.2553,1.00,2.62
2017.08.01 23:41:52.323,1.25518,1.2553,1.12,2.62
2017.08.01 23:41:54.083,1.25518,1.25527,1.00,2.25
2017.08.01 23:41:54.866,1.25517,1.25527,2.62,2.25
2017.08.01 23:41:57.067,1.25521,1.25527,1.00,2.25
2017.08.01 23:41:57.614,1.2552,1.25527,1.00,2.25
2017.08.01 23:41:58.448,1.25521,1.25527,1.00,2.25
2017.08.01 23:41:58.551,1.2552,1.25528,1.00,1.00
2017.08.01 23:41:58.755,1.25522,1.25529,1.50,1.00
2017.08.01 23:41:58.857,1.25522,1.25533,1.50,3.37
2017.08.01 23:41:59.369,1.25523,1.25533,1.00,3.37
2017.08.01 23:42:00.263,1.25522,1.25533,1.50,3.37
2017.08.01 23:42:00.971,1.25525,1.25534,1.00,1.00
2017.08.01 23:42:01.280,1.25525,1.25533,1.00,2.62
2017.08.01 23:42:01.817,1.25526,1.25533,1.00,2.62
2017.08.01 23:42:02.142,1.2552,1.25531,5.25,2.25
2017.08.01 23:42:02.666,1.2552,1.2553,1.00,1.00
2017.08.01 23:42:03.198,1.2552,1.25531,3.00,2.25
2017.08.01 23:42:13.523,1.25521,1.25532,2.25,2.25
2017.08.01 23:42:14.057,1.25522,1.25533,5.44,2.25
2017.08.01 23:42:14.601,1.25523,1.25536,4.12,2.62
2017.08.01 23:42:17.746,1.25526,1.25536,1.50,2.62
2017.08.01 23:42:18.052,1.25522,1.25528,1.00,2.62
2017.08.01 23:42:18.202,1.25516,1.25526,1.87,2.62
2017.08.01 23:42:18.728,1.25517,1.25526,1.00,2.62
2017.08.01 23:42:26.001,1.25516,1.25526,1.87,3.37
2017.08.01 23:42:28.352,1.25516,1.25526,1.50,1.00
2017.08.01 23:42:33.844,1.25517,1.25527,1.31,2.25
2017.08.01 23:42:34.859,1.25517,1.25528,4.12,2.62
2017.08.01 23:42:36.379,1.25517,1.25526,2.62,1.00
2017.08.01 23:42:36.430,1.25516,1.25526,1.87,2.25
2017.08.01 23:42:36.935,1.25517,1.25526,1.00,2.25
2017.08.01 23:42:41.772,1.25515,1.25526,3.00,2.25
2017.08.01 23:42:43.026,1.25516,1.25525,1.12,2.62
2017.08.01 23:42:43.531,1.25515,1.25524,1.00,1.00
2017.08.01 23:42:44.394,1.25516,1.25524,1.00,1.00
2017.08.01 23:42:44.925,1.25516,1.25526,1.12,2.25
2017.08.01 23:42:46.882,1.25515,1.25527,4.12,1.12
2017.08.01 23:42:47.748,1.25515,1.25525,1.12,2.25
2017.08.01 23:42:48.053,1.25516,1.25527,1.00,3.00
2017.08.01 23:42:48.155,1.25516,1.25525,1.00,2.25
2017.08.01 23:42:48.461,1.25516,1.25527,3.75,3.75
2017.08.01 23:42:49.016,1.25516,1.25527,2.25,2.62
2017.08.01 23:42:49.940,1.25517,1.25527,1.00,2.62
2017.08.01 23:42:50.447,1.25517,1.25527,1.00,1.00
2017.08.01 23:42:58.770,1.25516,1.25527,4.50,1.00
2017.08.01 23:42:59.371,1.25517,1.25527,1.00,1.00
2017.08.01 23:43:02.471,1.25517,1.25526,1.00,1.00
2017.08.01 23:43:08.316,1.25517,1.25528,1.50,2.62
2017.08.01 23:43:09.350,1.25518,1.25527,1.00,2.62
2017.08.01 23:43:10.492,1.25518,1.25528,1.00,2.62
2017.08.01 23:43:10.994,1.25518,1.25527,1.00,2.62
2017.08.01 23:43:19.048,1.25519,1.25527,1.00,2.62
2017.08.01 23:43:28.318,1.25519,1.25526,1.00,2.25
2017.08.01 23:43:31.993,1.2552,1.25526,1.00,2.25
2017.08.01 23:43:32.045,1.25521,1.25528,1.00,2.62
2017.08.01 23:43:32.147,1.25524,1.25532,1.12,2.62
2017.08.01 23:43:32.249,1.25526,1.25534,1.00,2.62
2017.08.01 23:43:32.351,1.25526,1.25536,1.00,2.62
2017.08.01 23:43:33.016,1.25527,1.25536,1.00,2.62
2017.08.01 23:43:34.036,1.25527,1.25536,1.00,1.00
2017.08.01 23:43:40.475,1.25528,1.25536,1.00,1.00
2017.08.01 23:43:40.983,1.25528,1.25538,1.50,2.62
2017.08.01 23:43:46.431,1.2553,1.25538,1.00,2.62
2017.08.01 23:43:46.948,1.2553,1.25539,1.00,2.62
2017.08.01 23:43:53.161,1.25529,1.25539,1.12,2.62
2017.08.01 23:43:56.386,1.2553,1.25539,1.00,2.62
2017.08.01 23:43:56.895,1.25531,1.2554,1.00,2.25
2017.08.01 23:43:57.432,1.25532,1.2554,1.00,2.25
2017.08.01 23:44:02.934,1.25535,1.2554,1.00,2.25
2017.08.01 23:44:02.986,1.25538,1.25542,1.00,4.50
2017.08.01 23:44:03.090,1.2554,1.25544,1.00,1.87
2017.08.01 23:44:03.141,1.25542,1.25549,1.00,2.25
2017.08.01 23:44:03.192,1.25542,1.25551,1.00,2.25
2017.08.01 23:44:03.718,1.25542,1.2555,1.00,2.25
2017.08.01 23:44:03.972,1.25541,1.25552,1.00,3.00
2017.08.01 23:44:08.289,1.25542,1.25552,1.00,1.12
2017.08.01 23:44:08.391,1.25542,1.25551,1.00,2.25
2017.08.01 23:44:09.108,1.25541,1.25551,1.31,2.62
2017.08.01 23:44:09.282,1.2554,1.25552,2.62,1.12
2017.08.01 23:44:09.384,1.2554,1.2555,1.00,2.25
2017.08.01 23:44:09.487,1.2554,1.25552,2.44,3.37
2017.08.01 23:44:10.054,1.2554,1.25552,2.81,1.87
2017.08.01 23:44:14.831,1.25541,1.25551,1.00,1.00
2017.08.01 23:44:14.883,1.2554,1.2555,2.25,2.25
2017.08.01 23:44:15.138,1.2554,1.25551,1.12,1.12
2017.08.01 23:44:16.213,1.25541,1.25551,1.00,1.12
2017.08.01 23:44:16.264,1.25541,1.25549,1.00,1.00
2017.08.01 23:44:22.954,1.25538,1.25549,1.00,1.12
2017.08.01 23:44:23.497,1.25536,1.25549,3.37,3.00
2017.08.01 23:44:25.588,1.25537,1.25548,2.06,1.12
2017.08.01 23:44:26.111,1.25537,1.25548,1.87,1.12
2017.08.01 23:44:28.316,1.25537,1.25548,3.75,1.00
2017.08.01 23:44:39.317,1.25538,1.25549,1.25,1.00
2017.08.01 23:44:41.227,1.25538,1.2555,2.62,3.37
2017.08.01 23:44:41.997,1.25538,1.2555,2.62,1.12
2017.08.01 23:44:42.789,1.25538,1.25549,2.62,1.00
2017.08.01 23:44:43.365,1.25538,1.25549,1.00,1.50
2017.08.01 23:44:48.744,1.25539,1.25549,2.25,1.12
2017.08.01 23:44:59.858,1.25541,1.2555,1.00,2.62
2017.08.01 23:45:00.265,1.25539,1.25549,1.00,1.00
2017.08.01 23:45:00.818,1.25539,1.25549,1.00,2.62
2017.08.01 23:45:05.262,1.2554,1.25549,1.00,1.00
2017.08.01 23:45:05.364,1.25541,1.2555,2.25,2.25
2017.08.01 23:45:05.587,1.25541,1.25552,1.12,4.12
2017.08.01 23:45:06.012,1.25543,1.25552,1.00,1.87
2017.08.01 23:45:06.115,1.25541,1.25552,1.12,1.12
2017.08.01 23:45:06.166,1.25541,1.2555,1.00,2.25
2017.08.01 23:45:08.285,1.25541,1.25551,1.00,1.00
2017.08.01 23:45:09.804,1.25541,1.2555,1.00,1.00
2017.08.01 23:45:09.906,1.25541,1.25549,1.00,2.25
2017.08.01 23:45:10.115,1.25541,1.25551,1.00,1.87
2017.08.01 23:45:10.407,1.2554,1.25548,1.00,1.25
2017.08.01 23:45:10.509,1.25536,1.25547,2.25,4.50
2017.08.01 23:45:10.668,1.25536,1.25544,1.50,2.62
2017.08.01 23:45:12.708,1.25536,1.25544,1.00,1.00
2017.08.01 23:45:14.708,1.25537,1.25545,1.00,2.62
2017.08.01 23:45:14.861,1.25537,1.25546,1.00,1.00
2017.08.01 23:45:14.963,1.25537,1.25548,1.12,1.00
2017.08.01 23:45:15.098,1.25537,1.25547,1.12,2.25
2017.08.01 23:45:17.425,1.25538,1.25547,1.00,2.62
2017.08.01 23:45:17.986,1.25539,1.25546,1.00,1.00
2017.08.01 23:45:18.140,1.25539,1.25548,1.00,1.12
2017.08.01 23:45:18.191,1.25539,1.25546,1.00,2.25
2017.08.01 23:45:23.572,1.25538,1.25546,1.00,2.62
2017.08.01 23:45:28.347,1.25538,1.25548,1.00,3.00
2017.08.01 23:45:48.380,1.25538,1.25547,1.00,2.62
2017.08.01 23:45:53.505,1.2554,1.25547,1.00,2.25
2017.08.01 23:45:54.011,1.2554,1.25548,1.00,2.62
2017.08.01 23:45:54.539,1.25539,1.25548,1.00,2.62
2017.08.01 23:45:55.997,1.25539,1.25547,1.00,3.00
2017.08.01 23:45:56.545,1.25539,1.25546,1.00,2.62
2017.08.01 23:45:56.869,1.25537,1.25546,1.00,2.62
2017.08.01 23:45:58.812,1.25537,1.25547,1.00,1.00
2017.08.01 23:46:03.814,1.25537,1.25546,1.00,2.25
2017.08.01 23:46:04.068,1.25535,1.25544,1.50,1.00
2017.08.01 23:46:04.868,1.25536,1.25544,1.00,3.00
2017.08.01 23:46:05.444,1.25536,1.25543,1.00,2.62
2017.08.01 23:46:06.254,1.25535,1.25542,1.00,1.00
2017.08.01 23:46:07.918,1.25536,1.25543,1.00,2.81
2017.08.01 23:46:08.020,1.25536,1.25541,1.00,2.62
2017.08.01 23:46:09.384,1.25532,1.25541,1.00,3.00
2017.08.01 23:46:13.677,1.25532,1.25542,1.25,2.62
2017.08.01 23:46:14.143,1.25532,1.25544,1.12,4.87
2017.08.01 23:46:15.158,1.25533,1.25544,1.00,2.62
2017.08.01 23:46:16.830,1.25533,1.25543,1.00,2.25
2017.08.01 23:46:17.915,1.25535,1.25543,1.00,2.62
2017.08.01 23:46:20.516,1.25536,1.25543,1.00,2.62
2017.08.01 23:46:20.567,1.25536,1.25545,1.00,2.62
2017.08.01 23:46:21.072,1.25536,1.25546,1.12,2.25
2017.08.01 23:46:23.883,1.25537,1.25546,1.00,2.25
2017.08.01 23:46:28.244,1.25537,1.25547,1.12,2.62
2017.08.01 23:46:29.257,1.25535,1.25539,1.00,1.00
2017.08.01 23:46:29.359,1.2553,1.25538,1.00,3.37
2017.08.01 23:46:29.461,1.2553,1.25535,1.00,2.62
2017.08.01 23:46:30.072,1.2553,1.25537,1.00,2.62
2017.08.01 23:46:36.401,1.2553,1.25535,1.00,2.62
2017.08.01 23:46:36.503,1.2553,1.25537,1.00,2.62
2017.08.01 23:46:39.578,1.25528,1.25537,1.00,2.62
2017.08.01 23:46:39.782,1.25528,1.25535,1.00,2.25
2017.08.01 23:46:40.593,1.25529,1.25535,1.00,2.25
2017.08.01 23:46:46.374,1.25529,1.25536,1.00,2.62
2017.08.01 23:46:48.296,1.25529,1.25537,1.00,1.00
2017.08.01 23:46:49.602,1.2553,1.25536,1.00,2.62
2017.08.01 23:46:55.131,1.25528,1.25536,1.00,2.62
2017.08.01 23:46:56.118,1.25529,1.25535,1.00,1.00
2017.08.01 23:47:04.419,1.25529,1.25537,1.00,2.62
2017.08.01 23:47:05.246,1.25529,1.25535,1.00,2.62
2017.08.01 23:47:08.031,1.25529,1.25538,1.00,3.00
2017.08.01 23:47:08.337,1.25529,1.25536,1.00,2.62
2017.08.01 23:47:11.516,1.25529,1.25537,1.00,2.62
2017.08.01 23:47:12.063,1.25529,1.25538,1.00,2.62
2017.08.01 23:47:12.419,1.2553,1.25536,1.00,2.25
2017.08.01 23:47:18.018,1.25528,1.25536,1.50,2.25
2017.08.01 23:47:18.172,1.25527,1.25533,1.00,2.25
2017.08.01 23:47:18.689,1.25527,1.25534,1.00,2.62
2017.08.01 23:47:20.336,1.25527,1.25536,1.00,1.00
2017.08.01 23:47:20.865,1.25529,1.25536,1.00,1.00
2017.08.01 23:47:21.376,1.25529,1.25538,1.00,2.62
2017.08.01 23:47:21.711,1.25532,1.25538,1.00,2.62
2017.08.01 23:47:22.405,1.2553,1.25538,1.00,2.62
2017.08.01 23:47:23.616,1.25531,1.25538,1.00,2.62
2017.08.01 23:47:23.838,1.2553,1.25536,1.00,2.62
2017.08.01 23:47:24.334,1.2553,1.25537,1.00,1.00
2017.08.01 23:47:27.286,1.25527,1.25537,1.00,3.00
2017.08.01 23:47:27.337,1.25527,1.25534,1.00,2.25
2017.08.01 23:47:27.875,1.25526,1.25532,1.00,1.00
2017.08.01 23:47:28.418,1.25526,1.25533,1.00,1.00
2017.08.01 23:47:28.934,1.25526,1.25535,1.00,2.62
2017.08.01 23:47:29.291,1.25526,1.25533,1.00,2.25
2017.08.01 23:47:30.852,1.25524,1.25533,1.00,2.25
2017.08.01 23:47:37.532,1.2553,1.25533,1.50,1.87
2017.08.01 23:47:37.635,1.25534,1.25545,3.75,1.00
2017.08.01 23:47:37.686,1.25537,1.25543,1.00,2.62
2017.08.01 23:47:37.788,1.2554,1.25548,1.00,1.00
2017.08.01 23:47:37.992,1.25541,1.25549,3.00,1.25
2017.08.01 23:47:38.299,1.25542,1.25552,1.12,5.06
2017.08.01 23:47:39.969,1.25542,1.25551,1.00,3.37
2017.08.01 23:47:40.197,1.2554,1.25549,1.00,2.62
2017.08.01 23:47:41.488,1.2554,1.25551,3.00,4.87
2017.08.01 23:47:42.368,1.25542,1.25551,1.00,2.25
2017.08.01 23:47:42.578,1.25542,1.25552,1.50,1.12
2017.08.01 23:47:42.630,1.25549,1.25553,1.00,2.62
2017.08.01 23:47:42.784,1.25553,1.2556,1.00,2.25
2017.08.01 23:47:42.912,1.25552,1.25561,2.62,1.00
2017.08.01 23:47:42.963,1.25555,1.25561,1.00,1.00
2017.08.01 23:47:43.726,1.25555,1.25559,1.00,1.00
2017.08.01 23:47:43.777,1.25553,1.25559,1.00,1.00
2017.08.01 23:47:43.829,1.2555,1.25557,1.12,1.00
2017.08.01 23:47:43.984,1.25548,1.25557,2.62,1.00
2017.08.01 23:47:44.087,1.2555,1.25557,1.00,1.00
2017.08.01 23:47:44.659,1.25549,1.25557,1.00,1.00
2017.08.01 23:47:45.317,1.25548,1.25557,1.12,1.00
2017.08.01 23:47:47.269,1.25551,1.25558,1.00,1.00
2017.08.01 23:47:47.423,1.25551,1.2556,1.58,1.00
2017.08.01 23:47:47.576,1.25554,1.2556,1.20,1.00
2017.08.01 23:47:47.628,1.25554,1.25563,1.58,3.37
2017.08.01 23:47:47.730,1.25555,1.25562,5.78,1.00
2017.08.01 23:47:47.782,1.25555,1.25564,1.58,1.00
2017.08.01 23:47:48.309,1.25556,1.25564,1.00,1.12
2017.08.01 23:47:48.781,1.25556,1.25563,1.50,2.62
2017.08.01 23:47:48.884,1.25555,1.25564,1.20,1.00
2017.08.01 23:47:49.610,1.25555,1.25564,3.15,1.00
2017.08.01 23:47:50.143,1.25557,1.25564,1.37,1.00
2017.08.01 23:47:50.297,1.25561,1.25569,1.37,3.37
2017.08.01 23:47:50.401,1.25561,1.25565,2.62,1.00
2017.08.01 23:47:50.503,1.25557,1.25565,1.00,1.00
2017.08.01 23:47:50.555,1.25562,1.25568,4.28,4.50
2017.08.01 23:47:50.744,1.25572,1.25579,1.28,1.00
2017.08.01 23:47:50.798,1.25572,1.25581,1.53,1.00
2017.08.01 23:47:50.900,1.25573,1.25579,1.00,1.00
2017.08.01 23:47:51.105,1.25571,1.25578,1.00,1.00
2017.08.01 23:47:51.208,1.25571,1.25575,1.00,1.00
2017.08.01 23:47:51.310,1.25562,1.25575,1.72,2.25
2017.08.01 23:47:51.688,1.2556,1.25572,3.72,1.00
2017.08.01 23:47:52.154,1.25559,1.25569,2.40,1.00
2017.08.01 23:47:55.245,1.25559,1.25569,3.15,1.00
2017.08.01 23:47:55.880,1.25563,1.25569,2.78,1.00
2017.08.01 23:47:57.142,1.25562,1.25569,2.78,1.00
2017.08.01 23:47:58.266,1.25562,1.2557,2.78,1.00
2017.08.01 23:47:58.318,1.2556,1.25569,2.25,1.00
2017.08.01 23:47:58.860,1.25564,1.25571,1.00,3.00
2017.08.01 23:47:59.014,1.25564,1.25573,2.25,1.00
2017.08.01 23:47:59.117,1.25561,1.25571,2.25,1.12
2017.08.01 23:48:00.321,1.25561,1.2557,2.25,1.00
2017.08.01 23:48:00.900,1.25561,1.25569,2.25,1.00
2017.08.01 23:48:04.939,1.25558,1.25567,2.62,1.00
2017.08.01 23:48:08.062,1.25558,1.25566,2.62,1.00
2017.08.01 23:48:08.215,1.25555,1.25566,6.00,3.75
2017.08.01 23:48:09.838,1.25555,1.2556,2.25,1.00
2017.08.01 23:48:09.941,1.25549,1.25557,1.12,1.00
2017.08.01 23:48:10.512,1.25548,1.25556,2.62,1.00
2017.08.01 23:48:20.540,1.25546,1.25556,4.50,1.00
2017.08.01 23:48:20.846,1.25548,1.25557,2.62,1.00
2017.08.01 23:48:21.562,1.25548,1.25555,2.62,1.00
2017.08.01 23:48:22.095,1.25547,1.25556,3.37,1.00
2017.08.01 23:48:24.748,1.25547,1.25557,3.37,1.00
2017.08.01 23:48:28.246,1.25549,1.25557,1.00,1.00
2017.08.01 23:48:30.325,1.25549,1.25559,1.00,1.50
2017.08.01 23:48:36.994,1.25549,1.25556,1.00,1.00
2017.08.01 23:48:37.300,1.25539,1.25547,3.37,1.50
2017.08.01 23:48:37.351,1.25539,1.25549,3.37,1.87
2017.08.01 23:48:37.556,1.25543,1.25549,2.62,1.00
2017.08.01 23:48:38.890,1.25541,1.25549,2.62,1.00
2017.08.01 23:48:47.150,1.25541,1.25548,2.62,1.00
2017.08.01 23:48:47.201,1.25539,1.25547,2.62,1.00
2017.08.01 23:48:47.378,1.25538,1.25547,1.00,1.00
2017.08.01 23:48:48.317,1.25538,1.25547,2.62,1.00
2017.08.01 23:48:48.575,1.25538,1.25543,2.62,1.00
2017.08.01 23:48:48.677,1.25532,1.25542,2.25,1.12
2017.08.01 23:48:48.882,1.25529,1.25542,4.12,3.37
2017.08.01 23:48:55.906,1.25529,1.2554,2.62,1.00
2017.08.01 23:49:03.635,1.25529,1.25536,2.62,1.00
2017.08.01 23:49:03.737,1.25525,1.25533,1.00,1.00
2017.08.01 23:49:04.299,1.25523,1.25533,2.62,1.12
2017.08.01 23:49:04.401,1.25522,1.25533,1.25,1.50
2017.08.01 23:49:05.904,1.25523,1.25533,2.25,1.12
2017.08.01 23:49:08.012,1.25523,1.25532,2.25,1.00
2017.08.01 23:49:08.217,1.25522,1.25532,1.00,1.00
2017.08.01 23:49:19.641,1.25523,1.25533,1.12,1.50
2017.08.01 23:49:21.158,1.25522,1.25531,2.62,1.00
2017.08.01 23:49:25.664,1.25522,1.25529,2.62,1.00
2017.08.01 23:49:28.245,1.25522,1.25529,1.00,1.00
2017.08.01 23:49:45.490,1.25522,1.25531,1.25,1.00
2017.08.01 23:49:46.020,1.25522,1.25531,3.00,1.00
2017.08.01 23:49:53.991,1.25522,1.25529,2.25,1.00
2017.08.01 23:50:00.155,1.25522,1.25526,2.25,1.00
2017.08.01 23:50:00.308,1.25519,1.25526,1.00,1.00
2017.08.01 23:50:13.116,1.2552,1.25527,1.00,1.00
2017.08.01 23:50:13.269,1.25522,1.25529,1.00,1.00
2017.08.01 23:50:13.886,1.25522,1.2553,1.00,1.00
2017.08.01 23:50:34.519,1.25523,1.25531,1.69,1.00
2017.08.01 23:50:35.034,1.25524,1.25531,1.00,1.00
2017.08.01 23:50:35.994,1.25525,1.25531,1.00,1.00
2017.08.01 23:50:38.381,1.25524,1.25531,2.25,1.00
2017.08.01 23:50:51.661,1.25524,1.25533,1.50,1.00
2017.08.01 23:50:54.403,1.25523,1.2553,1.00,1.00
2017.08.01 23:50:54.710,1.2552,1.25528,1.00,1.00
2017.08.01 23:50:54.965,1.25518,1.25528,1.50,1.12
2017.08.01 23:50:59.723,1.25517,1.25525,1.12,1.00
2017.08.01 23:51:00.030,1.25514,1.25521,1.00,1.00
2017.08.01 23:51:03.047,1.25514,1.25523,1.12,1.12
2017.08.01 23:51:04.282,1.25513,1.2552,2.62,1.00
2017.08.01 23:51:04.455,1.2551,1.2552,1.50,1.00
2017.08.01 23:51:05.778,1.2551,1.25521,2.25,1.50
2017.08.01 23:51:08.034,1.25512,1.25521,1.69,1.00
2017.08.01 23:51:08.238,1.25512,1.25523,4.69,1.00
2017.08.01 23:51:08.801,1.25514,1.25523,1.00,1.12
2017.08.01 23:51:09.427,1.25512,1.25523,1.12,1.12
2017.08.01 23:51:10.269,1.25512,1.25523,2.06,1.12
2017.08.01 23:51:10.940,1.25512,1.25523,2.06,1.12
2017.08.01 23:51:11.441,1.25513,1.25523,1.00,1.12
2017.08.01 23:51:14.748,1.25514,1.25523,1.00,1.12
2017.08.01 23:51:15.636,1.25514,1.25525,1.69,3.37
2017.08.01 23:51:22.918,1.25514,1.25525,2.44,3.37
2017.08.01 23:51:40.589,1.25514,1.25525,1.50,3.37
2017.08.01 23:51:48.298,1.25514,1.25525,3.37,1.50
2017.08.01 23:51:54.549,1.25517,1.25525,1.50,1.00
2017.08.01 23:51:55.065,1.25517,1.25525,3.00,2.25
2017.08.01 23:52:00.226,1.25517,1.25527,3.00,3.37
2017.08.01 23:52:00.277,1.25522,1.25527,1.00,1.00
2017.08.01 23:52:00.380,1.25523,1.25529,1.50,1.00
2017.08.01 23:52:00.432,1.25523,1.25532,1.87,1.12
2017.08.01 23:52:01.789,1.25523,1.2553,1.12,1.00
2017.08.01 23:52:03.874,1.2552,1.2553,4.12,1.12
2017.08.01 23:52:03.977,1.2552,1.25527,2.62,1.12
2017.08.01 23:52:04.079,1.25515,1.25523,1.00,1.00
2017.08.01 23:52:09.812,1.25515,1.25522,1.00,2.25
2017.08.01 23:52:11.113,1.25515,1.25523,1.00,1.50
2017.08.01 23:52:15.395,1.25511,1.25521,3.37,1.00
2017.08.01 23:52:15.447,1.2551,1.25519,2.62,1.00
2017.08.01 23:52:15.925,1.25509,1.25514,2.62,1.00
2017.08.01 23:52:16.027,1.25497,1.25507,2.62,1.12
2017.08.01 23:52:16.129,1.25497,1.25502,1.00,1.00
2017.08.01 23:52:16.285,1.25494,1.25503,1.00,1.12
2017.08.01 23:52:16.438,1.25491,1.25499,3.37,1.00
2017.08.01 23:52:16.591,1.2549,1.25498,1.00,1.00
2017.08.01 23:52:16.964,1.25488,1.25494,3.19,1.00
2017.08.01 23:52:17.169,1.25479,1.25489,1.00,3.37
2017.08.01 23:52:17.500,1.25479,1.25485,1.00,2.25
2017.08.01 23:52:17.603,1.25466,1.25476,1.00,1.00
2017.08.01 23:52:17.859,1.25466,1.25472,1.12,1.00
2017.08.01 23:52:18.177,1.25456,1.25463,2.00,1.00
2017.08.01 23:52:18.594,1.25457,1.25468,1.12,1.00
2017.08.01 23:52:18.646,1.25459,1.25467,1.00,3.75
2017.08.01 23:52:19.056,1.25459,1.25468,1.00,1.00
2017.08.01 23:52:20.180,1.25463,1.2547,1.00,2.62
2017.08.01 23:52:20.282,1.25466,1.25475,1.00,1.50
2017.08.01 23:52:20.333,1.2547,1.25475,1.00,1.12
2017.08.01 23:52:20.487,1.2547,1.25478,1.00,1.12
2017.08.01 23:52:20.641,1.25474,1.2548,1.00,2.62
2017.08.01 23:52:20.796,1.25477,1.25486,1.00,3.37
2017.08.01 23:52:22.289,1.25478,1.25486,1.00,2.25
2017.08.01 23:52:25.846,1.25478,1.25487,1.00,3.37
2017.08.01 23:52:26.379,1.25478,1.25486,1.00,2.25
2017.08.01 23:52:28.138,1.25478,1.25485,1.00,2.25
2017.08.01 23:52:38.906,1.25478,1.25486,1.00,2.25
2017.08.01 23:52:48.920,1.25478,1.25487,1.00,2.25
2017.08.01 23:52:49.022,1.25478,1.25485,1.00,2.62
2017.08.01 23:52:50.289,1.25478,1.25485,1.00,1.00
2017.08.01 23:52:50.705,1.25482,1.25486,1.00,4.50
2017.08.01 23:52:50.809,1.25485,1.2549,1.00,1.87
2017.08.01 23:52:50.862,1.25487,1.25493,1.00,2.62
2017.08.01 23:52:50.913,1.25489,1.25497,1.00,1.00
2017.08.01 23:52:50.966,1.25491,1.25497,1.00,1.00
2017.08.01 23:52:51.505,1.25491,1.25499,1.00,2.62
2017.08.01 23:52:55.929,1.25491,1.25499,1.00,1.69
2017.08.01 23:52:57.514,1.25491,1.25498,1.00,1.12
2017.08.01 23:53:03.038,1.25491,1.25498,1.00,2.62
2017.08.01 23:53:07.025,1.2549,1.25499,1.00,2.62
2017.08.01 23:53:08.313,1.2549,1.25499,1.00,1.00
2017.08.01 23:53:11.040,1.25491,1.255,1.00,2.62
2017.08.01 23:53:11.346,1.25492,1.25497,1.00,1.00
2017.08.01 23:53:12.026,1.2549,1.25497,1.00,1.00
2017.08.01 23:53:26.151,1.2549,1.25499,1.00,1.12
2017.08.01 23:53:28.247,1.2549,1.25498,1.00,1.00
2017.08.01 23:53:28.552,1.25488,1.25495,1.12,1.00
2017.08.01 23:53:29.088,1.25488,1.25496,1.00,1.12
2017.08.01 23:53:29.592,1.25487,1.25495,1.00,1.12
2017.08.01 23:53:30.598,1.25485,1.25493,1.50,1.00
2017.08.01 23:53:31.257,1.25485,1.25493,1.00,3.00
2017.08.01 23:53:34.910,1.25485,1.25495,1.00,2.62
2017.08.01 23:53:35.475,1.25485,1.25496,1.00,4.50
2017.08.01 23:53:36.517,1.25485,1.25494,1.00,2.25
2017.08.01 23:53:48.286,1.25485,1.25493,1.00,2.25
2017.08.01 23:53:59.732,1.25485,1.25492,1.00,3.00
2017.08.01 23:54:08.118,1.25485,1.25493,1.00,3.37
2017.08.01 23:54:10.919,1.25485,1.25493,1.00,1.50
2017.08.01 23:54:17.154,1.25484,1.25493,1.00,1.31
2017.08.01 23:54:17.206,1.25482,1.25492,1.12,1.69
2017.08.01 23:54:17.855,1.25482,1.25492,1.12,3.94
2017.08.01 23:54:22.043,1.25481,1.25487,2.25,1.00
2017.08.01 23:54:22.145,1.25479,1.25487,2.62,1.25
2017.08.01 23:54:22.684,1.25478,1.25487,2.62,1.00
2017.08.01 23:54:25.024,1.25478,1.25486,2.62,1.69
2017.08.01 23:54:25.177,1.25476,1.25486,1.00,1.69
2017.08.01 23:54:26.029,1.25476,1.25486,1.00,1.25
2017.08.01 23:54:26.887,1.25476,1.25485,1.00,1.25
2017.08.01 23:54:28.375,1.25475,1.25485,1.00,1.00
2017.08.01 23:54:30.941,1.25475,1.25484,1.00,1.00
2017.08.01 23:54:31.196,1.25474,1.25482,1.00,1.00
2017.08.01 23:54:31.248,1.25471,1.25483,2.62,2.06
2017.08.01 23:54:32.206,1.25471,1.25481,2.62,2.25
2017.08.01 23:54:32.410,1.25467,1.25478,1.00,3.19
2017.08.01 23:54:32.461,1.25465,1.25477,1.12,2.81
2017.08.01 23:54:32.665,1.25465,1.25475,1.00,2.62
2017.08.01 23:54:33.024,1.25463,1.25474,2.25,1.00
2017.08.01 23:54:33.535,1.25463,1.25474,2.25,2.25
2017.08.01 23:54:41.758,1.25465,1.25474,1.00,2.25
2017.08.01 23:54:48.306,1.25465,1.25475,1.00,2.62
2017.08.01 23:54:56.128,1.25465,1.25476,1.00,2.62
2017.08.01 23:54:56.675,1.25465,1.25474,1.00,1.00
2017.08.01 23:55:02.619,1.25463,1.25472,1.00,1.00
2017.08.01 23:55:02.722,1.25459,1.25471,3.37,1.12
2017.08.01 23:55:02.978,1.25462,1.25471,1.00,3.37
2017.08.01 23:55:03.182,1.2546,1.2547,1.00,1.12
2017.08.01 23:55:03.233,1.2546,1.25468,3.00,1.00
2017.08.01 23:55:05.347,1.2546,1.25469,3.00,1.00
2017.08.01 23:55:05.877,1.2546,1.25469,1.00,1.50
2017.08.01 23:55:06.836,1.2546,1.25466,1.00,1.00
2017.08.01 23:55:10.252,1.2546,1.25468,1.00,1.00
2017.08.01 23:55:15.760,1.25462,1.25469,1.00,2.62
2017.08.01 23:55:15.862,1.25462,1.25471,1.00,1.00
2017.08.01 23:55:21.464,1.25463,1.25471,1.00,1.00
2017.08.01 23:55:22.173,1.25462,1.25472,1.12,2.81
2017.08.01 23:55:22.684,1.25463,1.25472,1.00,3.00
2017.08.01 23:55:25.966,1.25468,1.25472,1.00,2.25
2017.08.01 23:55:26.069,1.2547,1.25477,2.25,1.00
2017.08.01 23:55:26.376,1.2547,1.2548,2.25,3.19
2017.08.01 23:55:26.479,1.2547,1.25478,1.50,2.25
2017.08.01 23:55:27.036,1.25469,1.25477,1.00,1.00
2017.08.01 23:55:33.407,1.25469,1.25476,1.00,1.00
2017.08.01 23:55:33.723,1.25468,1.25475,1.00,3.37
2017.08.01 23:55:38.925,1.25466,1.25475,1.50,3.56
2017.08.01 23:55:47.093,1.25469,1.25475,2.25,2.62
2017.08.01 23:55:47.195,1.25469,1.25478,1.50,2.62
2017.08.01 23:55:47.981,1.25469,1.25477,1.50,2.62
2017.08.01 23:55:49.591,1.25467,1.25475,1.87,1.00
2017.08.01 23:55:58.464,1.25467,1.25477,1.87,2.81
2017.08.01 23:55:58.906,1.25469,1.25478,1.00,3.00
2017.08.01 23:55:59.428,1.25469,1.25477,1.00,2.62
2017.08.01 23:56:04.031,1.25469,1.25476,1.00,2.62
2017.08.01 23:56:05.647,1.2547,1.25476,1.00,2.62
2017.08.01 23:56:05.749,1.25471,1.25477,1.00,1.00
2017.08.01 23:56:05.801,1.25471,1.25479,1.00,1.00
2017.08.01 23:56:06.717,1.25469,1.25478,1.00,1.31
2017.08.01 23:56:06.821,1.25468,1.25475,1.00,1.00
2017.08.01 23:56:07.331,1.25467,1.25475,1.50,1.12
2017.08.01 23:56:07.887,1.25467,1.25475,1.00,1.31
2017.08.01 23:56:11.988,1.25465,1.25473,1.00,1.12
2017.08.01 23:56:12.499,1.25466,1.25474,1.00,2.62
2017.08.01 23:56:12.551,1.25466,1.25476,1.00,1.00
2017.08.01 23:56:13.920,1.25469,1.25476,1.00,1.00
2017.08.01 23:56:14.430,1.25469,1.25475,1.00,1.00
2017.08.01 23:56:18.460,1.25467,1.25474,1.50,1.00
2017.08.01 23:56:18.765,1.25466,1.25472,1.00,1.00
2017.08.01 23:56:19.126,1.25463,1.25472,1.50,2.25
2017.08.01 23:56:19.735,1.25463,1.25472,1.50,1.12
2017.08.01 23:56:19.991,1.2546,1.25469,4.87,1.00
2017.08.01 23:56:20.299,1.2546,1.25467,1.50,1.00
2017.08.01 23:56:24.321,1.25457,1.25464,2.25,1.00
2017.08.01 23:56:24.475,1.25455,1.25463,1.00,1.00
2017.08.01 23:56:25.018,1.25455,1.25463,1.00,2.62
2017.08.01 23:56:28.256,1.25455,1.25464,1.00,3.19
2017.08.01 23:56:29.030,1.25455,1.25461,1.00,1.00
2017.08.01 23:56:29.487,1.25453,1.25462,1.00,1.00
2017.08.01 23:56:30.038,1.25454,1.25462,1.00,1.00
2017.08.01 23:56:30.563,1.25453,1.25462,1.00,1.00
2017.08.01 23:56:32.017,1.25453,1.25461,1.00,1.00
2017.08.01 23:56:33.877,1.25454,1.25461,1.00,1.00
2017.08.01 23:56:33.980,1.25458,1.25464,1.00,2.62
2017.08.01 23:56:34.083,1.2546,1.25467,1.00,1.12
2017.08.01 23:56:35.098,1.2546,1.25468,1.00,1.00
2017.08.01 23:56:35.353,1.2546,1.2547,1.50,3.19
2017.08.01 23:56:36.022,1.2546,1.25469,1.50,1.69
2017.08.01 23:56:36.529,1.2546,1.2547,1.50,2.44
2017.08.01 23:56:38.555,1.2546,1.2547,1.50,2.44
2017.08.01 23:56:39.102,1.2546,1.25468,1.00,1.12
2017.08.01 23:56:40.749,1.25461,1.25469,1.00,2.62
2017.08.01 23:56:40.801,1.25461,1.2547,1.00,1.00
2017.08.01 23:56:41.329,1.25462,1.2547,1.00,1.00
2017.08.01 23:56:41.836,1.2546,1.2547,1.50,1.00
2017.08.01 23:56:48.201,1.2546,1.2547,1.00,2.44
2017.08.01 23:56:48.405,1.2546,1.25468,1.00,2.25
2017.08.01 23:56:48.456,1.25458,1.25468,1.12,2.25
2017.08.01 23:56:49.854,1.2546,1.25468,1.00,2.25
2017.08.01 23:56:49.906,1.2546,1.2547,1.12,3.19
2017.08.01 23:56:50.215,1.2546,1.25468,1.00,2.62
2017.08.01 23:56:50.267,1.25458,1.25468,1.12,2.81
2017.08.01 23:56:52.119,1.25458,1.25469,3.37,1.25
2017.08.01 23:56:52.784,1.25458,1.2547,3.37,4.31
2017.08.01 23:56:55.791,1.25458,1.25462,2.25,1.00
2017.08.01 23:56:56.014,1.25453,1.25463,1.00,1.19
2017.08.01 23:56:56.754,1.25453,1.25463,1.00,1.25
2017.08.01 23:56:57.281,1.25454,1.25464,1.12,1.25
2017.08.01 23:56:57.434,1.25454,1.25463,1.00,2.62
2017.08.01 23:56:57.976,1.25453,1.25463,1.00,4.31
2017.08.01 23:56:58.525,1.25453,1.25462,1.00,1.31
2017.08.01 23:56:59.149,1.25453,1.25461,1.00,1.00
2017.08.01 23:57:00.408,1.25453,1.2546,1.00,1.00
2017.08.01 23:57:00.909,1.25453,1.25461,1.00,1.69
2017.08.01 23:57:03.054,1.25451,1.25461,1.00,1.69
2017.08.01 23:57:08.258,1.25451,1.2546,1.00,1.00
2017.08.01 23:57:09.307,1.25451,1.25462,1.12,2.06
2017.08.01 23:57:09.869,1.25452,1.25463,1.00,3.56
2017.08.01 23:57:11.481,1.25452,1.25462,1.12,1.19
2017.08.01 23:57:15.699,1.25452,1.25463,1.00,3.56
2017.08.01 23:57:18.117,1.25452,1.25463,1.00,2.81
2017.08.01 23:57:18.783,1.25452,1.25462,1.00,2.06
2017.08.01 23:57:20.007,1.25451,1.25462,1.12,1.31
2017.08.01 23:57:20.261,1.25451,1.2546,1.00,1.19
2017.08.01 23:57:20.364,1.25451,1.25462,1.00,5.06
2017.08.01 23:57:20.512,1.2545,1.2546,1.12,1.19
2017.08.01 23:57:20.563,1.2545,1.25462,1.12,2.81
2017.08.01 23:57:21.071,1.25451,1.25461,1.00,1.31
2017.08.01 23:57:21.275,1.25451,1.25462,1.00,5.81
2017.08.01 23:57:21.953,1.25451,1.25461,1.00,1.31
2017.08.01 23:57:22.056,1.25451,1.25462,1.00,4.31
2017.08.01 23:57:22.338,1.25451,1.25461,1.00,2.06
2017.08.01 23:57:22.493,1.25451,1.25462,1.00,5.06
2017.08.01 23:57:23.025,1.25451,1.25462,1.00,5.06
2017.08.01 23:57:23.565,1.25451,1.25462,1.00,3.56
2017.08.01 23:57:27.223,1.25451,1.25462,3.00,3.19
2017.08.01 23:57:27.917,1.25451,1.25462,1.12,1.31
2017.08.01 23:57:30.230,1.25451,1.25462,3.37,1.31
2017.08.01 23:57:30.744,1.25452,1.25462,2.62,1.31
2017.08.01 23:57:31.097,1.25451,1.25462,1.00,2.81
2017.08.01 23:57:36.080,1.25452,1.25462,1.00,3.56
2017.08.01 23:57:46.313,1.25452,1.25463,1.50,1.69
2017.08.01 23:57:48.257,1.25452,1.25463,1.12,2.62
2017.08.01 23:57:48.856,1.25452,1.25462,1.12,2.62
2017.08.01 23:57:55.926,1.25454,1.25462,1.00,2.62
2017.08.01 23:57:56.132,1.25454,1.25463,1.87,1.12
2017.08.01 23:57:56.659,1.25455,1.25463,1.00,2.62
2017.08.01 23:58:06.074,1.25458,1.25463,1.50,2.62
2017.08.01 23:58:06.177,1.25456,1.25465,1.00,2.62
2017.08.01 23:58:06.228,1.25458,1.25465,2.25,2.25
2017.08.01 23:58:06.280,1.25459,1.25467,4.12,1.25
2017.08.01 23:58:06.382,1.25459,1.25465,1.00,2.25
2017.08.01 23:58:06.485,1.25459,1.25466,1.00,1.31
2017.08.01 23:58:09.768,1.25459,1.25467,1.00,2.81
2017.08.01 23:58:12.522,1.2546,1.25468,1.00,2.81
2017.08.01 23:58:13.047,1.2546,1.25467,1.00,2.62
2017.08.01 23:58:13.622,1.2546,1.25466,1.00,2.62
2017.08.01 23:58:15.627,1.25461,1.25466,1.00,2.25
2017.08.01 23:58:15.679,1.25463,1.25469,1.00,2.62
2017.08.01 23:58:16.281,1.25463,1.25469,1.00,1.00
2017.08.01 23:58:17.376,1.25463,1.25472,1.00,2.62
2017.08.01 23:58:18.040,1.25462,1.25472,1.00,2.62
2017.08.01 23:58:18.596,1.25462,1.25471,1.00,2.81
2017.08.01 23:58:19.840,1.25461,1.25471,1.00,2.81
2017.08.01 23:58:20.383,1.2546,1.2547,1.50,1.31
2017.08.01 23:58:20.435,1.2546,1.25469,1.50,1.31
2017.08.01 23:58:23.515,1.25458,1.25468,1.50,1.12
2017.08.01 23:58:24.023,1.25459,1.25468,1.00,2.06
2017.08.01 23:58:25.532,1.25459,1.25466,1.50,1.00
2017.08.01 23:58:26.053,1.25459,1.25469,1.50,4.31
2017.08.01 23:58:26.206,1.25463,1.25469,1.00,2.62
2017.08.01 23:58:26.308,1.25463,1.2547,1.00,1.25
2017.08.01 23:58:28.461,1.25463,1.25469,1.00,1.00
2017.08.01 23:58:34.406,1.25466,1.2547,1.00,1.00
2017.08.01 23:58:34.560,1.25466,1.25473,1.00,2.25
2017.08.01 23:58:34.663,1.25466,1.25476,3.00,1.31
2017.08.01 23:58:36.713,1.25466,1.25474,3.00,1.00
2017.08.01 23:58:36.867,1.25463,1.25472,1.50,2.44
2017.08.01 23:58:38.367,1.25465,1.25472,1.00,2.25
2017.08.01 23:58:38.469,1.25465,1.25473,1.00,1.00
2017.08.01 23:58:40.959,1.25466,1.25475,1.00,2.81
2017.08.01 23:58:41.880,1.25466,1.25473,1.50,1.00
2017.08.01 23:58:42.503,1.25466,1.25475,1.50,2.25
2017.08.01 23:58:43.875,1.25468,1.25475,1.00,2.25
2017.08.01 23:58:44.587,1.25468,1.25477,1.00,1.00
2017.08.01 23:58:48.247,1.25468,1.25477,1.00,2.62
2017.08.01 23:58:56.803,1.25467,1.25477,1.00,2.62
2017.08.01 23:59:00.848,1.25468,1.25477,1.00,2.62
2017.08.01 23:59:03.326,1.25469,1.25477,1.00,2.62
2017.08.01 23:59:06.309,1.25469,1.25479,1.25,3.37
2017.08.01 23:59:06.945,1.25469,1.25477,1.69,1.00
2017.08.01 23:59:07.887,1.2547,1.25477,1.00,1.00
2017.08.01 23:59:08.666,1.2547,1.25477,1.50,2.25
2017.08.01 23:59:11.184,1.2547,1.25478,1.50,1.00
2017.08.01 23:59:11.686,1.25471,1.25479,1.00,2.62
2017.08.01 23:59:12.199,1.2547,1.25479,3.19,2.62
2017.08.01 23:59:12.945,1.25471,1.25479,1.00,2.62
2017.08.01 23:59:13.523,1.2547,1.25479,1.00,2.62
2017.08.01 23:59:14.917,1.2547,1.2548,1.00,4.50
2017.08.01 23:59:15.019,1.2547,1.25477,1.00,2.62
2017.08.01 23:59:15.741,1.2547,1.25478,1.00,2.62
2017.08.01 23:59:28.352,1.2547,1.25478,1.50,1.00
2017.08.01 23:59:29.573,1.25472,1.25478,1.00,1.00
2017.08.01 23:59:29.726,1.25474,1.25483,1.00,2.62
2017.08.01 23:59:31.697,1.25476,1.25483,1.00,2.62
2017.08.01 23:59:32.208,1.25476,1.25484,1.00,2.25
2017.08.01 23:59:41.159,1.25476,1.25486,2.44,2.62
2017.08.01 23:59:49.680,1.25478,1.25486,1.00,2.62
2017.08.01 23:59:50.244,1.25478,1.25484,1.00,1.00
2017.08.01 23:59:50.622,1.25478,1.25487,1.00,2.62
