2010.06.25 05:00:01.836,1.0422,1.04225,1.60,1.00
2010.06.25 05:00:02.441,1.04215,1.04225,4.80,1.00
2010.06.25 05:00:03.082,1.04215,1.04225,4.00,1.00
2010.06.25 05:00:03.298,1.04215,1.0422,1.60,1.00
2010.06.25 05:00:03.502,1.04205,1.04225,1.70,1.30
2010.06.25 05:00:04.517,1.04205,1.04225,1.60,1.70
2010.06.25 05:00:04.788,1.04205,1.04225,1.60,2.10
2010.06.25 05:00:05.587,1.04205,1.04225,1.60,1.30
2010.06.25 05:00:18.688,1.04205,1.04225,1.60,1.70
2010.06.25 05:00:18.931,1.04205,1.04215,1.60,1.00
2010.06.25 05:00:19.825,1.04205,1.0422,1.60,1.00
2010.06.25 05:00:21.121,1.04205,1.04215,1.60,1.00
2010.06.25 05:00:22.200,1.04205,1.0422,1.60,1.00
2010.06.25 05:00:22.876,1.04205,1.0422,1.60,1.00
2010.06.25 05:00:40.416,1.042,1.04215,1.60,1.00
2010.06.25 05:00:40.529,1.042,1.04215,1.60,1.00
2010.06.25 05:00:40.748,1.042,1.04215,1.60,1.30
2010.06.25 05:00:42.316,1.04195,1.04215,1.60,1.30
2010.06.25 05:00:45.858,1.042,1.04215,1.60,1.10
2010.06.25 05:00:47.728,1.042,1.04215,1.60,1.30
2010.06.25 05:00:55.259,1.04205,1.0422,1.60,1.10
2010.06.25 05:00:55.528,1.04205,1.0422,1.60,1.00
2010.06.25 05:01:05.679,1.042,1.0422,1.60,4.50
2010.06.25 05:01:05.819,1.042,1.04215,1.60,1.00
2010.06.25 05:01:07.068,1.042,1.04215,1.60,1.30
2010.06.25 05:01:07.407,1.042,1.0421,1.60,1.00
2010.06.25 05:01:08.831,1.0418,1.042,1.60,1.00
2010.06.25 05:01:16.661,1.04185,1.042,1.60,1.00
2010.06.25 05:01:20.470,1.04185,1.042,1.60,1.30
2010.06.25 05:01:21.496,1.0418,1.042,2.00,2.10
2010.06.25 05:01:23.422,1.0418,1.042,2.00,1.90
2010.06.25 05:01:23.557,1.04185,1.042,1.60,1.90
2010.06.25 05:01:23.819,1.04185,1.042,1.60,1.00
2010.06.25 05:01:25.227,1.04185,1.042,1.60,1.10
2010.06.25 05:01:25.376,1.04185,1.042,1.60,1.00
2010.06.25 05:01:25.527,1.04185,1.042,1.60,1.00
2010.06.25 05:01:25.956,1.04185,1.042,1.60,1.00
2010.06.25 05:01:30.912,1.04185,1.04195,1.60,1.00
2010.06.25 05:01:32.766,1.04185,1.042,1.60,1.00
2010.06.25 05:01:37.417,1.0419,1.042,1.60,1.00
2010.06.25 05:01:38.479,1.042,1.04235,1.60,4.30
2010.06.25 05:01:38.577,1.042,1.04235,3.20,4.30
2010.06.25 05:01:38.677,1.042,1.04235,6.40,1.10
2010.06.25 05:01:39.483,1.0421,1.04225,1.60,1.10
2010.06.25 05:01:41.638,1.0419,1.0421,1.60,1.00
2010.06.25 05:01:41.841,1.04195,1.0421,1.60,1.00
2010.06.25 05:01:42.621,1.0419,1.0421,1.60,1.00
2010.06.25 05:01:43.219,1.04195,1.04215,1.60,4.30
2010.06.25 05:01:51.898,1.04195,1.04215,1.60,4.70
2010.06.25 05:01:52.150,1.0419,1.0421,3.20,2.10
2010.06.25 05:01:53.065,1.0419,1.04205,1.60,1.10
2010.06.25 05:01:53.266,1.04185,1.04205,1.60,1.10
2010.06.25 05:01:53.776,1.0419,1.04205,1.60,1.10
2010.06.25 05:01:54.590,1.0419,1.04205,1.60,1.00
2010.06.25 05:01:54.795,1.04195,1.0421,1.60,1.10
2010.06.25 05:02:00.487,1.04195,1.042,1.60,1.00
2010.06.25 05:02:00.709,1.04185,1.042,1.60,1.10
2010.06.25 05:02:00.930,1.0418,1.042,2.10,1.10
2010.06.25 05:02:01.147,1.0418,1.04195,1.70,1.00
2010.06.25 05:02:01.488,1.04185,1.042,1.60,1.00
2010.06.25 05:02:02.475,1.04185,1.04205,1.60,1.10
2010.06.25 05:02:06.480,1.0419,1.04205,1.60,1.00
2010.06.25 05:02:07.428,1.042,1.0423,2.40,7.90
2010.06.25 05:02:07.759,1.04205,1.0423,3.20,1.00
2010.06.25 05:02:08.707,1.04205,1.04225,4.80,1.00
2010.06.25 05:02:08.993,1.04205,1.04225,3.20,1.00
2010.06.25 05:02:10.214,1.04205,1.04225,1.60,1.10
2010.06.25 05:02:10.473,1.04205,1.0422,1.60,1.00
2010.06.25 05:02:10.738,1.04205,1.04215,1.60,3.20
2010.06.25 05:02:11.614,1.042,1.04215,1.60,4.80
2010.06.25 05:02:11.934,1.04195,1.04215,2.40,5.10
2010.06.25 05:02:12.560,1.04195,1.04215,1.60,5.10
2010.06.25 05:02:12.871,1.042,1.0422,2.40,7.60
2010.06.25 05:02:13.847,1.042,1.0422,4.40,1.00
2010.06.25 05:02:13.940,1.042,1.0422,2.40,1.00
2010.06.25 05:02:24.700,1.04205,1.0422,1.60,1.00
2010.06.25 05:02:25.000,1.04205,1.04225,1.60,1.10
2010.06.25 05:02:39.678,1.042,1.0422,1.60,1.00
2010.06.25 05:02:39.915,1.04205,1.0422,1.60,1.00
2010.06.25 05:02:40.543,1.04205,1.04225,1.60,1.10
2010.06.25 05:03:26.288,1.0421,1.04235,3.20,4.30
2010.06.25 05:03:26.407,1.0421,1.04235,6.40,4.30
2010.06.25 05:03:27.125,1.0422,1.04235,3.20,1.00
2010.06.25 05:03:27.248,1.0423,1.0426,2.40,5.50
2010.06.25 05:03:28.228,1.0423,1.0426,1.00,6.90
2010.06.25 05:03:28.669,1.0423,1.04255,1.00,6.70
2010.06.25 05:03:29.507,1.0423,1.04255,2.40,5.10
2010.06.25 05:03:30.111,1.0423,1.04255,2.40,5.30
2010.06.25 05:03:31.613,1.0423,1.0425,1.00,1.00
2010.06.25 05:03:34.265,1.0423,1.04255,1.60,5.10
2010.06.25 05:03:35.162,1.0423,1.04255,1.60,4.70
2010.06.25 05:03:35.429,1.04235,1.0426,3.20,4.70
2010.06.25 05:03:36.863,1.04235,1.0426,4.80,1.50
2010.06.25 05:03:37.175,1.04235,1.0426,8.00,1.00
2010.06.25 05:03:37.483,1.0424,1.0426,6.40,1.00
2010.06.25 05:03:48.719,1.0424,1.0426,4.80,1.00
2010.06.25 05:03:49.372,1.0424,1.0426,6.40,1.00
2010.06.25 05:04:03.168,1.04235,1.04255,1.60,3.20
2010.06.25 05:04:03.310,1.04235,1.04255,1.00,3.50
2010.06.25 05:04:05.327,1.04235,1.04255,1.00,3.70
2010.06.25 05:04:06.238,1.0423,1.04255,3.20,5.30
2010.06.25 05:04:06.561,1.04225,1.04245,2.40,3.20
2010.06.25 05:04:07.526,1.0423,1.0425,1.60,4.30
2010.06.25 05:04:11.719,1.04235,1.0425,1.60,1.00
2010.06.25 05:04:12.070,1.04235,1.0425,1.60,3.50
2010.06.25 05:04:12.389,1.0423,1.04255,2.40,5.10
2010.06.25 05:04:13.153,1.0423,1.0425,2.40,1.00
2010.06.25 05:04:14.837,1.0423,1.04255,2.40,5.10
2010.06.25 05:04:27.136,1.04235,1.04255,1.60,4.70
2010.06.25 05:04:27.266,1.04235,1.04255,1.60,3.90
2010.06.25 05:04:27.448,1.04235,1.04255,1.60,3.50
2010.06.25 05:04:35.906,1.0424,1.04255,1.60,3.20
2010.06.25 05:04:36.067,1.04245,1.0426,1.60,1.00
2010.06.25 05:04:36.369,1.04245,1.04265,1.60,2.70
2010.06.25 05:04:44.770,1.04245,1.0426,1.60,1.00
2010.06.25 05:04:45.123,1.0424,1.0426,1.60,4.30
2010.06.25 05:04:46.738,1.0424,1.04255,1.60,1.00
2010.06.25 05:04:52.975,1.04235,1.04255,2.40,3.50
2010.06.25 05:04:53.099,1.04235,1.04255,1.60,4.30
2010.06.25 05:04:53.587,1.04235,1.0425,1.60,1.00
2010.06.25 05:04:54.918,1.04235,1.04255,1.60,4.30
2010.06.25 05:04:56.688,1.04235,1.04255,1.60,3.50
2010.06.25 05:04:56.948,1.04235,1.0426,1.60,7.50
2010.06.25 05:04:57.701,1.04235,1.04255,1.60,3.20
2010.06.25 05:04:57.927,1.0423,1.04255,3.20,4.50
2010.06.25 05:04:58.156,1.0423,1.04245,1.60,1.10
2010.06.25 05:05:09.145,1.0422,1.0424,1.60,4.30
2010.06.25 05:05:09.484,1.0422,1.04235,1.60,1.10
2010.06.25 05:05:19.224,1.0422,1.04235,1.60,1.00
2010.06.25 05:05:31.607,1.0422,1.04235,1.60,1.10
2010.06.25 05:05:43.067,1.0422,1.04235,1.60,1.00
2010.06.25 05:05:47.947,1.0422,1.0424,1.60,1.10
2010.06.25 05:05:48.308,1.0422,1.0424,1.60,1.00
2010.06.25 05:05:48.666,1.0422,1.0424,2.40,1.00
2010.06.25 05:05:50.537,1.04225,1.0424,1.60,1.00
2010.06.25 05:06:06.587,1.0422,1.0424,2.40,1.00
2010.06.25 05:06:06.696,1.0422,1.0424,2.40,1.10
2010.06.25 05:06:06.807,1.0422,1.0424,1.60,1.10
2010.06.25 05:06:11.706,1.04225,1.0424,1.60,1.10
2010.06.25 05:06:11.857,1.04225,1.0424,1.60,1.00
2010.06.25 05:06:12.965,1.04225,1.04245,1.60,4.30
2010.06.25 05:06:13.176,1.04235,1.0425,1.60,1.10
2010.06.25 05:06:13.384,1.0423,1.0425,1.60,1.10
2010.06.25 05:06:13.593,1.0424,1.0425,1.60,1.00
2010.06.25 05:06:14.336,1.04235,1.04255,1.60,1.00
2010.06.25 05:06:14.608,1.0424,1.04255,1.60,1.00
2010.06.25 05:06:14.883,1.0424,1.0426,1.60,1.00
2010.06.25 05:06:15.730,1.0424,1.0426,2.50,1.00
2010.06.25 05:06:15.978,1.0425,1.0428,6.80,1.50
2010.06.25 05:06:16.861,1.0426,1.04285,1.00,4.00
2010.06.25 05:06:17.208,1.04255,1.0428,6.40,1.10
2010.06.25 05:06:29.012,1.04255,1.0428,5.60,1.10
2010.06.25 05:06:29.128,1.04255,1.0428,6.40,1.10
2010.06.25 05:06:33.961,1.04255,1.0428,5.60,1.10
2010.06.25 05:06:34.257,1.04255,1.0428,6.40,1.10
2010.06.25 05:06:38.598,1.04255,1.0428,3.20,4.30
2010.06.25 05:06:38.800,1.04255,1.0428,2.40,4.30
2010.06.25 05:06:39.690,1.04245,1.0427,1.60,5.10
2010.06.25 05:06:39.912,1.0424,1.04265,2.40,3.50
2010.06.25 05:06:40.131,1.0424,1.04265,1.60,4.30
2010.06.25 05:06:40.984,1.0424,1.04255,1.60,1.00
2010.06.25 05:06:46.114,1.0424,1.0426,1.60,4.30
2010.06.25 05:06:50.608,1.0424,1.0426,1.60,3.50
2010.06.25 05:06:51.886,1.0424,1.04265,3.20,5.10
2010.06.25 05:07:01.928,1.0424,1.0426,2.40,1.00
2010.06.25 05:07:01.979,1.0424,1.0426,1.60,4.30
2010.06.25 05:07:02.321,1.0424,1.04255,1.60,1.00
2010.06.25 05:07:02.656,1.0424,1.04255,1.60,1.10
2010.06.25 05:07:02.998,1.04235,1.04255,1.60,1.10
2010.06.25 05:07:08.391,1.0424,1.0426,1.60,4.30
2010.06.25 05:07:13.234,1.0424,1.04255,1.60,1.10
2010.06.25 05:07:23.846,1.0424,1.04255,1.60,1.00
2010.06.25 05:07:25.309,1.0424,1.0426,1.60,4.30
2010.06.25 05:07:25.497,1.0424,1.0426,1.60,3.50
2010.06.25 05:07:25.690,1.0424,1.0426,1.60,1.00
2010.06.25 05:07:25.879,1.0424,1.04265,2.40,5.10
2010.06.25 05:07:26.650,1.0424,1.04265,3.20,5.10
2010.06.25 05:07:27.151,1.04245,1.04265,1.60,5.10
2010.06.25 05:07:27.291,1.04245,1.04265,1.60,1.10
2010.06.25 05:07:50.227,1.04245,1.0426,1.60,1.00
2010.06.25 05:07:50.558,1.04245,1.0426,1.60,3.50
2010.06.25 05:07:50.669,1.0424,1.0426,1.60,4.30
2010.06.25 05:07:51.692,1.0424,1.04255,1.60,1.10
2010.06.25 05:07:51.817,1.0424,1.04255,1.60,1.00
2010.06.25 05:07:52.567,1.04245,1.0426,1.60,4.30
2010.06.25 05:07:52.698,1.04245,1.0426,1.60,1.10
2010.06.25 05:07:53.039,1.0425,1.0426,1.60,1.10
2010.06.25 05:07:54.696,1.0425,1.04265,1.60,3.50
2010.06.25 05:07:54.855,1.0425,1.04265,1.60,1.00
2010.06.25 05:07:57.336,1.04255,1.04265,1.60,1.00
2010.06.25 05:07:57.412,1.04255,1.0427,1.60,1.10
2010.06.25 05:07:58.950,1.0426,1.04275,1.60,4.60
2010.06.25 05:07:59.228,1.0426,1.04275,1.60,3.10
2010.06.25 05:07:59.925,1.0426,1.04275,1.60,1.90
2010.06.25 05:08:00.045,1.04265,1.0428,1.60,1.10
2010.06.25 05:08:07.518,1.04265,1.0428,2.40,1.00
2010.06.25 05:08:07.722,1.0427,1.0429,2.40,1.10
2010.06.25 05:08:07.930,1.04275,1.0429,1.60,1.00
2010.06.25 05:08:09.708,1.04275,1.04295,1.60,2.20
2010.06.25 05:08:09.922,1.04275,1.04295,1.60,5.40
2010.06.25 05:08:10.753,1.0427,1.0429,1.00,1.00
2010.06.25 05:08:11.086,1.0427,1.04285,1.60,1.00
2010.06.25 05:08:11.408,1.0427,1.04285,1.60,1.10
2010.06.25 05:08:21.001,1.0427,1.04285,1.60,1.00
2010.06.25 05:08:21.569,1.0427,1.0429,1.60,4.30
2010.06.25 05:08:24.654,1.0427,1.04285,1.60,1.00
2010.06.25 05:08:24.895,1.0427,1.04285,1.60,1.10
2010.06.25 05:08:25.136,1.04265,1.04285,1.60,7.00
2010.06.25 05:08:29.464,1.04265,1.04285,2.40,5.90
2010.06.25 05:08:29.704,1.04265,1.04285,3.20,1.00
2010.06.25 05:09:27.842,1.0427,1.04295,2.40,5.90
2010.06.25 05:09:28.001,1.04275,1.04295,3.20,1.00
2010.06.25 05:09:28.160,1.04275,1.04295,4.80,1.00
2010.06.25 05:09:28.318,1.0428,1.043,1.60,4.30
2010.06.25 05:09:52.758,1.04275,1.043,2.40,5.10
2010.06.25 05:09:52.877,1.0428,1.043,1.60,5.10
2010.06.25 05:09:56.393,1.0428,1.043,1.60,4.30
2010.06.25 05:09:59.223,1.04275,1.043,2.40,4.30
2010.06.25 05:09:59.286,1.04275,1.043,2.40,4.70
2010.06.25 05:09:59.350,1.04275,1.043,2.40,5.10
2010.06.25 05:10:01.287,1.0428,1.043,1.60,5.10
2010.06.25 05:10:05.619,1.0428,1.043,1.60,4.30
2010.06.25 05:10:10.358,1.0428,1.043,1.60,1.10
2010.06.25 05:10:11.109,1.04285,1.043,1.60,1.00
2010.06.25 05:10:13.401,1.04285,1.04305,1.60,1.30
2010.06.25 05:10:13.743,1.0429,1.04305,1.60,1.00
2010.06.25 05:10:13.922,1.0429,1.04305,1.60,2.10
2010.06.25 05:10:14.098,1.0429,1.04305,1.60,1.90
2010.06.25 05:10:14.458,1.0429,1.04305,1.60,2.10
2010.06.25 05:10:18.668,1.0429,1.04305,1.60,2.90
2010.06.25 05:10:23.621,1.0429,1.04305,1.60,2.70
2010.06.25 05:10:30.808,1.0429,1.04305,1.60,2.90
2010.06.25 05:10:31.903,1.0428,1.04295,4.40,1.00
2010.06.25 05:10:32.855,1.04275,1.04285,1.60,1.00
2010.06.25 05:10:33.951,1.0428,1.0429,1.60,1.00
2010.06.25 05:10:36.426,1.0428,1.04295,1.60,1.10
2010.06.25 05:10:37.922,1.0428,1.04295,1.60,1.00
2010.06.25 05:10:38.223,1.04285,1.043,1.60,1.90
2010.06.25 05:10:48.879,1.04285,1.043,1.60,1.50
2010.06.25 05:10:48.987,1.04285,1.043,1.60,1.10
2010.06.25 05:10:51.933,1.0428,1.043,1.60,4.30
2010.06.25 05:10:52.195,1.0428,1.043,1.60,1.10
2010.06.25 05:10:52.454,1.04285,1.043,1.60,4.30
2010.06.25 05:10:52.712,1.0428,1.043,1.60,1.10
2010.06.25 05:10:53.579,1.0428,1.04295,1.60,1.10
2010.06.25 05:10:55.128,1.04285,1.04295,1.60,1.10
2010.06.25 05:10:55.850,1.0429,1.043,1.60,1.10
2010.06.25 05:10:57.478,1.0428,1.043,8.00,1.10
2010.06.25 05:10:58.277,1.0428,1.043,3.60,1.10
2010.06.25 05:10:58.563,1.0428,1.043,1.60,1.10
2010.06.25 05:11:05.071,1.0428,1.04295,1.60,1.00
2010.06.25 05:11:05.657,1.0428,1.04295,1.60,1.10
2010.06.25 05:11:09.632,1.04285,1.04295,1.60,1.10
2010.06.25 05:11:09.917,1.04285,1.043,1.60,1.90
2010.06.25 05:11:10.030,1.04285,1.043,1.60,1.50
2010.06.25 05:11:10.139,1.0429,1.043,1.60,1.10
2010.06.25 05:11:10.687,1.04285,1.043,1.60,1.10
2010.06.25 05:11:10.907,1.04285,1.043,1.60,4.30
2010.06.25 05:11:11.170,1.04285,1.043,1.60,1.10
2010.06.25 05:11:11.298,1.0428,1.043,2.00,1.10
2010.06.25 05:11:12.091,1.0428,1.043,1.60,1.10
2010.06.25 05:11:13.620,1.04285,1.04295,1.60,1.00
2010.06.25 05:11:16.777,1.04285,1.043,1.60,4.30
2010.06.25 05:11:16.920,1.0428,1.043,1.60,1.10
2010.06.25 05:11:20.797,1.04285,1.04295,1.60,1.00
2010.06.25 05:11:22.732,1.0429,1.04295,1.60,1.00
2010.06.25 05:11:22.975,1.0429,1.04305,1.60,1.10
2010.06.25 05:11:23.128,1.04295,1.04305,1.60,1.10
2010.06.25 05:11:30.121,1.04285,1.043,2.00,1.10
2010.06.25 05:11:30.824,1.0428,1.04295,1.60,1.10
2010.06.25 05:11:33.241,1.04285,1.04295,1.60,1.00
2010.06.25 05:11:35.149,1.04295,1.043,1.60,1.20
2010.06.25 05:11:35.877,1.04295,1.04305,1.60,1.10
2010.06.25 05:11:42.059,1.04285,1.04305,1.60,4.50
2010.06.25 05:11:42.273,1.0428,1.043,1.60,1.10
2010.06.25 05:11:42.479,1.0428,1.04295,1.60,1.00
2010.06.25 05:11:44.291,1.0428,1.04295,1.60,1.10
2010.06.25 05:11:44.771,1.0428,1.0429,1.60,1.00
2010.06.25 05:11:47.240,1.04285,1.043,1.60,1.90
2010.06.25 05:11:47.447,1.0429,1.043,1.60,1.90
2010.06.25 05:11:47.658,1.0429,1.043,1.60,1.10
2010.06.25 05:11:49.547,1.04285,1.043,1.60,1.10
2010.06.25 05:11:51.770,1.04285,1.043,1.60,1.00
2010.06.25 05:12:21.752,1.0429,1.043,1.60,1.00
2010.06.25 05:12:23.773,1.0429,1.04295,1.60,1.00
2010.06.25 05:12:25.130,1.0429,1.043,1.60,1.10
2010.06.25 05:12:27.296,1.0428,1.0429,1.60,1.00
2010.06.25 05:12:28.616,1.0428,1.04295,1.60,1.10
2010.06.25 05:12:29.873,1.04285,1.04295,1.60,1.10
2010.06.25 05:12:35.243,1.04275,1.04285,8.00,1.00
2010.06.25 05:12:35.592,1.04285,1.04295,1.60,1.10
2010.06.25 05:12:37.978,1.04285,1.04295,1.60,1.20
2010.06.25 05:12:54.149,1.04285,1.04295,1.60,1.00
2010.06.25 05:12:54.932,1.04285,1.043,1.60,1.00
2010.06.25 05:13:09.021,1.0429,1.043,1.60,1.00
2010.06.25 05:13:13.157,1.0429,1.04305,1.60,1.10
2010.06.25 05:13:28.358,1.04285,1.043,1.60,1.00
2010.06.25 05:13:29.334,1.04285,1.043,1.60,1.10
2010.06.25 05:13:33.629,1.04285,1.04295,1.60,1.00
2010.06.25 05:14:05.035,1.0428,1.0429,1.60,1.00
2010.06.25 05:14:06.540,1.04285,1.043,1.60,5.10
2010.06.25 05:14:06.693,1.0429,1.043,1.60,1.90
2010.06.25 05:14:08.288,1.04285,1.04295,1.60,1.00
2010.06.25 05:14:08.678,1.04285,1.04295,1.60,1.10
2010.06.25 05:14:11.385,1.0428,1.04295,1.60,1.10
2010.06.25 05:14:13.321,1.04285,1.043,1.60,1.90
2010.06.25 05:14:13.666,1.04285,1.043,1.60,1.10
2010.06.25 05:14:23.374,1.04285,1.04295,1.60,1.00
2010.06.25 05:14:24.893,1.04285,1.043,1.60,1.10
2010.06.25 05:14:33.574,1.04285,1.04295,1.60,1.00
2010.06.25 05:14:35.623,1.0429,1.043,1.60,1.10
2010.06.25 05:14:37.474,1.04285,1.043,2.00,1.10
2010.06.25 05:14:37.970,1.04285,1.043,1.60,1.10
2010.06.25 05:14:39.532,1.04295,1.043,1.60,1.10
2010.06.25 05:14:39.697,1.04295,1.043,1.60,1.00
2010.06.25 05:14:39.883,1.04295,1.04305,1.60,1.00
2010.06.25 05:14:39.968,1.04295,1.0431,1.60,1.90
2010.06.25 05:14:40.058,1.04295,1.0431,1.60,1.50
2010.06.25 05:14:40.147,1.04295,1.0431,1.60,1.10
2010.06.25 05:14:43.369,1.04295,1.0431,1.60,1.90
2010.06.25 05:14:44.506,1.0429,1.04305,6.80,1.00
2010.06.25 05:14:44.743,1.04285,1.043,2.80,1.00
2010.06.25 05:14:44.980,1.04285,1.043,2.00,1.00
2010.06.25 05:14:45.219,1.04285,1.04295,1.60,1.00
2010.06.25 05:14:57.579,1.0428,1.04295,1.60,1.00
2010.06.25 05:14:58.905,1.0428,1.04295,1.60,1.10
2010.06.25 05:15:01.338,1.0428,1.04295,1.70,1.10
2010.06.25 05:15:01.408,1.04285,1.04295,1.60,1.10
2010.06.25 05:15:10.344,1.0428,1.04295,1.60,1.10
2010.06.25 05:15:23.244,1.0428,1.04295,1.70,1.10
2010.06.25 05:15:24.231,1.04285,1.04295,1.60,1.10
2010.06.25 05:15:24.951,1.04285,1.043,1.60,1.10
2010.06.25 05:16:00.847,1.04285,1.04295,1.60,1.00
2010.06.25 05:16:18.349,1.0428,1.04295,1.60,1.30
2010.06.25 05:16:18.583,1.0428,1.04295,1.60,2.10
2010.06.25 05:16:19.473,1.0428,1.0429,1.60,1.00
2010.06.25 05:16:28.746,1.0426,1.0428,2.40,4.00
2010.06.25 05:16:28.974,1.0426,1.0428,1.60,4.30
2010.06.25 05:16:30.666,1.0427,1.0428,1.60,4.00
2010.06.25 05:16:30.888,1.04275,1.04285,1.60,1.00
2010.06.25 05:16:31.211,1.04275,1.0429,1.60,1.10
2010.06.25 05:16:59.048,1.04275,1.04285,1.60,1.00
2010.06.25 05:16:59.241,1.0427,1.04285,1.60,5.50
2010.06.25 05:16:59.431,1.0427,1.04285,1.60,6.20
2010.06.25 05:17:00.324,1.0426,1.04275,1.60,4.00
2010.06.25 05:17:01.169,1.0426,1.04275,1.60,1.00
2010.06.25 05:17:03.354,1.0427,1.04285,1.60,2.20
2010.06.25 05:17:03.483,1.0427,1.04285,1.60,5.40
2010.06.25 05:17:03.742,1.0427,1.04285,1.70,1.90
2010.06.25 05:17:03.991,1.0427,1.04285,1.70,4.30
2010.06.25 05:17:04.832,1.0427,1.04285,1.70,1.10
2010.06.25 05:17:05.721,1.0427,1.04285,1.70,4.30
2010.06.25 05:17:06.011,1.0427,1.04285,1.70,1.10
2010.06.25 05:17:06.301,1.0427,1.04285,1.70,4.30
2010.06.25 05:17:07.237,1.0427,1.04285,1.70,1.10
2010.06.25 05:17:07.372,1.0427,1.04285,1.70,4.30
2010.06.25 05:17:07.511,1.0427,1.04285,1.70,1.10
2010.06.25 05:17:07.778,1.0427,1.04285,1.70,4.30
2010.06.25 05:17:07.920,1.0427,1.04285,1.70,1.10
2010.06.25 05:17:08.188,1.0427,1.04285,1.70,1.90
2010.06.25 05:17:08.833,1.0427,1.04285,1.70,5.10
2010.06.25 05:17:09.174,1.0427,1.04285,1.70,1.10
2010.06.25 05:17:09.299,1.0427,1.04285,1.70,5.10
2010.06.25 05:17:09.422,1.0427,1.04285,1.70,1.90
2010.06.25 05:17:09.549,1.0427,1.04285,1.70,1.10
2010.06.25 05:17:09.789,1.0427,1.04285,1.70,4.30
2010.06.25 05:17:10.029,1.0427,1.04285,1.70,1.10
2010.06.25 05:17:11.320,1.0427,1.04285,1.70,5.10
2010.06.25 05:17:11.468,1.0427,1.04285,1.70,1.10
2010.06.25 05:17:11.769,1.0427,1.04285,1.70,4.30
2010.06.25 05:17:12.071,1.0427,1.04285,1.70,1.10
2010.06.25 05:17:12.221,1.0427,1.04285,1.70,5.10
2010.06.25 05:17:12.481,1.0427,1.04285,1.70,1.90
2010.06.25 05:17:13.582,1.0427,1.04285,1.70,1.10
2010.06.25 05:17:13.659,1.0427,1.04285,1.60,1.10
2010.06.25 05:17:13.739,1.0427,1.04285,1.60,4.30
2010.06.25 05:17:13.959,1.0427,1.04285,1.60,1.10
2010.06.25 05:17:15.187,1.0427,1.04285,1.60,1.90
2010.06.25 05:17:15.832,1.0427,1.04285,1.60,5.10
2010.06.25 05:17:16.151,1.0427,1.04285,1.60,1.90
2010.06.25 05:17:16.433,1.0427,1.04285,1.60,5.10
2010.06.25 05:17:17.201,1.0427,1.04285,1.60,1.90
2010.06.25 05:17:17.361,1.0427,1.04285,1.60,5.10
2010.06.25 05:17:17.520,1.0427,1.04285,1.60,1.10
2010.06.25 05:17:18.881,1.0427,1.04285,1.60,4.30
2010.06.25 05:17:19.223,1.0427,1.04285,1.60,1.90
2010.06.25 05:17:19.493,1.0427,1.04285,1.60,5.10
2010.06.25 05:17:19.762,1.0427,1.04285,1.60,4.30
2010.06.25 05:17:20.031,1.0427,1.04285,1.60,1.10
2010.06.25 05:17:20.300,1.04265,1.0428,1.60,4.30
2010.06.25 05:17:21.419,1.04265,1.04275,1.60,1.00
2010.06.25 05:17:21.939,1.0427,1.04275,1.60,1.00
2010.06.25 05:17:22.149,1.0427,1.0428,1.60,1.10
2010.06.25 05:17:22.289,1.0427,1.0428,1.60,1.00
2010.06.25 05:17:23.519,1.0427,1.04285,1.60,1.90
2010.06.25 05:17:23.659,1.0427,1.04285,1.60,1.10
2010.06.25 05:17:23.800,1.0427,1.04285,1.60,4.30
2010.06.25 05:17:23.941,1.0427,1.04285,1.60,1.10
2010.06.25 05:17:24.361,1.0427,1.04285,1.60,4.30
2010.06.25 05:17:25.223,1.04265,1.0428,1.70,3.50
2010.06.25 05:17:25.450,1.04265,1.0428,1.60,4.30
2010.06.25 05:17:25.680,1.0426,1.04275,1.60,1.10
2010.06.25 05:17:27.885,1.0426,1.04275,2.40,1.00
2010.06.25 05:17:27.938,1.04265,1.0428,5.70,1.00
2010.06.25 05:17:27.973,1.0427,1.04285,1.60,1.00
2010.06.25 05:17:28.068,1.0427,1.0429,1.60,1.50
2010.06.25 05:17:28.413,1.0427,1.0429,4.80,1.10
2010.06.25 05:17:29.169,1.04275,1.0429,1.60,1.10
2010.06.25 05:17:30.613,1.04275,1.04295,1.60,1.10
2010.06.25 05:17:31.442,1.0428,1.04295,1.60,1.10
2010.06.25 05:17:31.589,1.04275,1.04295,1.60,1.10
2010.06.25 05:17:31.808,1.04275,1.04295,4.80,1.10
2010.06.25 05:17:31.959,1.0428,1.04295,1.60,1.10
2010.06.25 05:17:32.189,1.04275,1.04295,1.60,1.10
2010.06.25 05:17:32.338,1.04275,1.04295,4.80,1.10
2010.06.25 05:17:33.339,1.0428,1.04295,1.60,1.10
2010.06.25 05:17:33.686,1.04275,1.04295,4.80,1.10
2010.06.25 05:17:33.898,1.0428,1.04295,1.60,1.10
2010.06.25 05:17:34.119,1.04275,1.04295,1.60,1.10
2010.06.25 05:17:34.329,1.04275,1.04295,4.80,1.10
2010.06.25 05:17:34.540,1.04275,1.04295,1.60,1.10
2010.06.25 05:17:34.648,1.0428,1.04295,1.60,1.10
2010.06.25 05:17:34.760,1.04275,1.04295,1.60,1.10
2010.06.25 05:17:35.569,1.0428,1.04295,1.60,1.30
2010.06.25 05:17:35.917,1.0428,1.04295,1.60,1.10
2010.06.25 05:17:36.331,1.04275,1.04295,4.90,1.10
2010.06.25 05:17:36.610,1.0428,1.04295,1.60,1.10
2010.06.25 05:17:36.749,1.04275,1.04295,1.70,1.10
2010.06.25 05:17:37.573,1.0428,1.04295,1.60,1.10
2010.06.25 05:17:37.772,1.04275,1.04295,4.90,1.10
2010.06.25 05:17:37.960,1.0428,1.04295,1.60,1.10
2010.06.25 05:17:38.339,1.04275,1.04295,4.90,1.10
2010.06.25 05:17:38.531,1.0428,1.04295,1.60,1.10
2010.06.25 05:17:39.482,1.04275,1.04295,4.90,1.10
2010.06.25 05:17:39.675,1.0428,1.04295,1.60,1.10
2010.06.25 05:17:39.871,1.0428,1.04295,1.60,1.00
2010.06.25 05:17:42.043,1.04285,1.043,1.00,1.10
2010.06.25 05:17:58.208,1.0428,1.04295,1.60,1.00
2010.06.25 05:18:07.396,1.0428,1.04295,1.60,1.10
2010.06.25 05:18:08.921,1.04285,1.043,1.60,1.10
2010.06.25 05:18:11.219,1.04295,1.04305,1.60,4.80
2010.06.25 05:18:11.299,1.04295,1.04305,1.60,1.60
2010.06.25 05:18:11.380,1.04295,1.0431,1.60,10.30
2010.06.25 05:18:12.093,1.043,1.04315,1.60,3.30
2010.06.25 05:18:12.172,1.043,1.04305,1.60,1.00
2010.06.25 05:18:12.476,1.0429,1.043,2.00,1.10
2010.06.25 05:18:12.780,1.04285,1.043,1.60,1.10
2010.06.25 05:18:13.561,1.04285,1.043,1.60,4.30
2010.06.25 05:18:14.192,1.04285,1.04295,1.60,1.00
2010.06.25 05:18:30.331,1.04285,1.043,1.60,1.10
2010.06.25 05:18:31.392,1.04285,1.043,1.60,1.00
2010.06.25 05:18:31.647,1.0429,1.043,1.70,1.00
2010.06.25 05:18:32.562,1.0429,1.0431,7.30,2.30
2010.06.25 05:18:32.866,1.043,1.04315,1.00,5.90
2010.06.25 05:18:33.164,1.043,1.04315,1.00,1.10
2010.06.25 05:18:38.965,1.04305,1.04315,1.00,5.90
2010.06.25 05:18:40.234,1.043,1.04315,1.60,5.90
2010.06.25 05:18:41.103,1.043,1.04315,1.60,6.10
2010.06.25 05:18:41.799,1.04295,1.0431,1.60,5.10
2010.06.25 05:18:42.030,1.0429,1.04305,2.40,1.00
2010.06.25 05:18:42.866,1.04285,1.04305,3.20,1.10
2010.06.25 05:18:43.062,1.04285,1.043,1.60,1.10
2010.06.25 05:18:45.054,1.0429,1.0431,1.60,4.30
2010.06.25 05:18:47.005,1.0429,1.04305,1.60,4.80
2010.06.25 05:18:47.052,1.04295,1.0431,1.60,7.90
2010.06.25 05:18:47.208,1.04295,1.0431,1.60,6.30
2010.06.25 05:18:47.328,1.04295,1.0431,1.60,3.10
2010.06.25 05:18:47.368,1.04295,1.0431,1.60,2.30
2010.06.25 05:18:47.448,1.04295,1.0431,1.60,1.50
2010.06.25 05:18:47.490,1.0429,1.0431,1.70,1.50
2010.06.25 05:18:47.568,1.0429,1.0431,1.70,4.70
2010.06.25 05:18:47.898,1.0429,1.0431,1.70,4.30
2010.06.25 05:18:50.278,1.04295,1.0431,1.60,4.30
2010.06.25 05:18:50.428,1.04295,1.0431,1.60,1.10
2010.06.25 05:18:55.068,1.04295,1.0431,1.60,1.00
2010.06.25 05:18:55.340,1.0429,1.043,1.60,1.00
2010.06.25 05:18:57.070,1.043,1.0431,1.60,1.00
2010.06.25 05:19:00.658,1.04295,1.0431,1.60,1.00
2010.06.25 05:19:16.771,1.0429,1.0431,1.60,3.50
2010.06.25 05:19:17.011,1.0429,1.0431,1.60,4.30
2010.06.25 05:19:18.417,1.0429,1.04305,1.60,1.00
2010.06.25 05:19:20.335,1.0429,1.04305,1.60,1.10
2010.06.25 05:19:22.462,1.0429,1.04305,1.60,4.30
2010.06.25 05:19:22.750,1.0429,1.043,1.60,1.10
2010.06.25 05:19:23.714,1.04285,1.04295,1.60,1.10
2010.06.25 05:19:24.420,1.0429,1.04295,1.60,1.10
2010.06.25 05:19:24.590,1.0429,1.043,1.60,1.10
2010.06.25 05:19:25.609,1.0428,1.04295,1.60,1.10
2010.06.25 05:19:25.847,1.04285,1.04295,1.60,1.10
2010.06.25 05:19:27.489,1.0429,1.04295,1.60,1.00
2010.06.25 05:19:28.032,1.04285,1.04295,1.60,1.00
2010.06.25 05:20:09.044,1.0428,1.04295,1.60,1.00
2010.06.25 05:20:13.350,1.04285,1.04295,1.60,1.00
2010.06.25 05:20:14.695,1.04285,1.043,1.60,1.00
2010.06.25 05:20:14.948,1.04285,1.043,1.70,1.00
2010.06.25 05:20:20.096,1.04285,1.04305,1.70,1.10
2010.06.25 05:20:24.700,1.0429,1.04305,1.60,1.10
2010.06.25 05:20:24.879,1.0429,1.04305,1.60,1.00
2010.06.25 05:20:29.918,1.0429,1.0431,1.60,4.30
2010.06.25 05:20:33.195,1.0429,1.04305,1.60,1.00
2010.06.25 05:20:44.045,1.0429,1.04305,1.60,1.00
2010.06.25 05:20:44.282,1.0429,1.043,1.60,1.00
2010.06.25 05:20:45.074,1.0428,1.043,1.60,1.10
2010.06.25 05:20:45.500,1.0428,1.04295,1.60,1.00
2010.06.25 05:20:47.777,1.04285,1.04295,1.60,1.10
2010.06.25 05:20:47.854,1.0428,1.04295,1.60,2.10
2010.06.25 05:20:47.965,1.04275,1.0429,1.60,1.00
2010.06.25 05:20:54.419,1.04275,1.0429,1.70,1.00
2010.06.25 05:20:54.569,1.04275,1.04295,1.70,4.30
2010.06.25 05:20:54.930,1.0428,1.04295,1.60,4.30
2010.06.25 05:20:55.113,1.0428,1.04295,1.60,1.10
2010.06.25 05:20:58.050,1.0428,1.04295,1.60,1.00
2010.06.25 05:20:58.200,1.04285,1.043,1.60,4.30
2010.06.25 05:21:04.352,1.04285,1.043,1.60,1.10
2010.06.25 05:21:04.789,1.0428,1.043,1.60,1.10
2010.06.25 05:21:08.370,1.0428,1.043,1.60,1.00
2010.06.25 05:21:08.389,1.0428,1.043,2.40,1.00
2010.06.25 05:21:13.469,1.0428,1.043,2.40,1.00
2010.06.25 05:21:25.190,1.0428,1.04305,2.40,4.30
2010.06.25 05:21:25.849,1.0428,1.04305,2.40,4.50
2010.06.25 05:21:26.120,1.0428,1.043,2.40,1.00
2010.06.25 05:21:30.351,1.0428,1.043,2.40,1.00
2010.06.25 05:21:37.692,1.0428,1.043,2.40,1.00
2010.06.25 05:21:48.802,1.0428,1.043,2.40,1.00
2010.06.25 05:21:52.762,1.0428,1.043,2.40,1.00
2010.06.25 05:21:54.779,1.0428,1.043,2.40,1.00
2010.06.25 05:22:00.429,1.04285,1.043,1.60,1.00
2010.06.25 05:22:00.617,1.04285,1.04305,1.60,4.30
2010.06.25 05:22:01.603,1.04285,1.04305,1.60,1.10
2010.06.25 05:22:02.280,1.04285,1.04305,1.60,4.30
2010.06.25 05:22:32.184,1.0428,1.04305,3.20,4.30
2010.06.25 05:22:32.279,1.0428,1.043,2.40,1.00
2010.06.25 05:22:32.370,1.0428,1.043,1.60,1.00
2010.06.25 05:22:32.549,1.04285,1.043,1.60,1.10
2010.06.25 05:22:33.684,1.0428,1.043,1.60,4.30
2010.06.25 05:22:46.530,1.04285,1.043,1.60,4.30
2010.06.25 05:22:48.141,1.04285,1.043,1.60,1.00
2010.06.25 05:22:48.642,1.04285,1.043,1.60,4.30
2010.06.25 05:22:53.383,1.04285,1.043,1.60,1.10
2010.06.25 05:22:53.540,1.04285,1.043,1.60,1.00
2010.06.25 05:22:53.842,1.04285,1.043,1.60,4.30
2010.06.25 05:23:06.909,1.04285,1.043,1.60,1.00
2010.06.25 05:23:06.994,1.04285,1.043,1.60,1.00
2010.06.25 05:23:07.070,1.04285,1.04305,1.60,4.30
2010.06.25 05:23:07.152,1.04285,1.04305,1.60,1.10
2010.06.25 05:23:13.668,1.04285,1.04305,2.40,1.00
2010.06.25 05:23:13.868,1.0429,1.04305,1.60,1.00
2010.06.25 05:23:25.669,1.04295,1.0431,1.60,1.10
2010.06.25 05:23:29.388,1.04295,1.0431,1.60,1.00
2010.06.25 05:23:36.021,1.04295,1.0431,1.60,6.70
2010.06.25 05:23:36.139,1.04295,1.0431,1.60,7.50
2010.06.25 05:23:36.479,1.04295,1.0431,1.60,7.90
2010.06.25 05:23:37.790,1.04295,1.0431,1.60,8.00
2010.06.25 05:23:39.449,1.04295,1.0431,1.60,6.40
2010.06.25 05:23:39.530,1.043,1.0431,1.60,3.20
2010.06.25 05:23:39.691,1.043,1.0431,1.60,1.60
2010.06.25 05:23:40.515,1.04295,1.0431,1.60,1.00
2010.06.25 05:23:41.840,1.04295,1.0431,1.60,1.00
2010.06.25 05:23:52.632,1.04295,1.0431,1.60,1.10
2010.06.25 05:23:52.743,1.0429,1.0431,1.60,4.30
2010.06.25 05:23:52.850,1.0429,1.04305,1.60,1.00
2010.06.25 05:23:56.206,1.0429,1.04305,1.60,5.10
2010.06.25 05:24:06.344,1.04285,1.043,1.60,3.50
2010.06.25 05:24:17.177,1.04285,1.043,1.60,4.30
2010.06.25 05:24:23.861,1.04285,1.043,1.60,3.50
2010.06.25 05:24:23.960,1.04285,1.043,1.60,1.00
2010.06.25 05:24:25.965,1.04285,1.043,1.60,4.30
2010.06.25 05:25:26.434,1.04285,1.043,1.60,1.10
2010.06.25 05:26:08.905,1.04285,1.043,1.60,1.00
2010.06.25 05:26:23.047,1.04285,1.043,1.60,4.30
2010.06.25 05:26:45.207,1.04275,1.0429,1.60,1.10
2010.06.25 05:26:46.119,1.0427,1.04285,1.60,3.50
2010.06.25 05:26:46.380,1.0427,1.04285,1.60,5.40
2010.06.25 05:26:48.404,1.0427,1.04285,1.60,5.50
2010.06.25 05:26:51.501,1.0427,1.04285,1.60,5.20
2010.06.25 05:27:01.801,1.04265,1.04285,1.60,5.50
2010.06.25 05:27:02.635,1.04265,1.0428,1.60,1.00
2010.06.25 05:27:18.661,1.04265,1.0428,1.60,1.10
2010.06.25 05:27:46.272,1.04265,1.0428,1.60,1.00
2010.06.25 05:28:38.308,1.04265,1.04285,1.60,2.30
2010.06.25 05:28:39.850,1.04265,1.04285,1.60,2.10
2010.06.25 05:28:40.763,1.04265,1.04285,1.60,2.00
2010.06.25 05:28:47.133,1.04265,1.04285,1.60,2.30
2010.06.25 05:28:47.369,1.04265,1.0428,1.60,1.10
2010.06.25 05:29:23.557,1.0426,1.0428,1.60,4.30
2010.06.25 05:29:24.011,1.0426,1.04275,1.60,1.00
2010.06.25 05:29:31.460,1.0426,1.04275,1.60,1.10
2010.06.25 05:29:58.923,1.0425,1.0427,1.60,4.30
2010.06.25 05:30:01.213,1.0425,1.04265,1.60,1.00
2010.06.25 05:30:02.503,1.0425,1.04265,1.60,3.50
2010.06.25 05:30:02.754,1.0425,1.04265,1.60,1.00
2010.06.25 05:30:03.870,1.0425,1.0426,1.60,1.00
2010.06.25 05:30:04.781,1.04245,1.0426,1.60,1.00
2010.06.25 05:30:06.475,1.04245,1.0426,1.60,1.10
2010.06.25 05:30:07.792,1.0424,1.04255,1.60,3.50
2010.06.25 05:30:07.967,1.04235,1.04255,1.60,4.30
2010.06.25 05:30:08.944,1.04235,1.04245,1.60,3.50
2010.06.25 05:30:09.251,1.04235,1.04245,1.60,1.10
2010.06.25 05:30:10.522,1.0423,1.04245,1.60,1.10
2010.06.25 05:30:10.848,1.0423,1.04245,1.60,1.00
2010.06.25 05:30:11.159,1.0423,1.0425,1.60,1.10
2010.06.25 05:30:12.109,1.04235,1.0425,1.60,1.10
2010.06.25 05:30:53.339,1.04235,1.0425,1.60,1.00
2010.06.25 05:30:54.184,1.04235,1.04255,1.60,4.30
2010.06.25 05:30:58.580,1.04235,1.0425,1.60,1.00
2010.06.25 05:31:08.633,1.04235,1.04255,1.60,4.30
2010.06.25 05:31:09.988,1.0424,1.0426,1.60,4.40
2010.06.25 05:31:10.370,1.0424,1.0426,1.60,4.30
2010.06.25 05:31:14.154,1.04245,1.0426,1.60,3.50
2010.06.25 05:31:14.418,1.04245,1.0426,1.60,1.00
2010.06.25 05:31:39.382,1.04245,1.04265,1.60,5.90
2010.06.25 05:31:44.102,1.0425,1.04265,1.60,5.90
2010.06.25 05:31:47.075,1.04245,1.04265,1.60,5.90
2010.06.25 05:31:51.729,1.0425,1.04265,1.60,5.90
2010.06.25 05:32:07.219,1.04245,1.04265,1.60,5.90
2010.06.25 05:32:07.460,1.04245,1.04265,1.60,6.30
2010.06.25 05:32:07.590,1.04245,1.04265,1.60,6.70
2010.06.25 05:32:08.334,1.04235,1.04255,1.60,4.30
2010.06.25 05:33:07.902,1.04235,1.04255,1.60,1.10
2010.06.25 05:33:41.416,1.04245,1.0426,1.60,1.20
2010.06.25 05:33:41.616,1.04245,1.0426,1.60,4.40
2010.06.25 05:33:42.378,1.0423,1.04255,2.40,3.20
2010.06.25 05:33:42.761,1.0423,1.04255,1.60,3.50
2010.06.25 05:33:44.737,1.04235,1.04255,2.40,1.00
2010.06.25 05:33:44.960,1.0424,1.04255,1.60,1.00
2010.06.25 05:33:48.176,1.0424,1.0426,1.60,4.70
2010.06.25 05:33:49.048,1.0424,1.0426,1.60,4.30
2010.06.25 05:33:49.287,1.04245,1.0426,1.60,1.00
2010.06.25 05:33:50.483,1.04255,1.04265,1.60,1.10
2010.06.25 05:33:54.463,1.0426,1.0427,3.60,1.00
2010.06.25 05:33:54.652,1.0426,1.0427,2.80,1.00
2010.06.25 05:33:55.462,1.0426,1.0427,2.40,1.00
2010.06.25 05:33:55.755,1.0426,1.0427,2.40,1.00
2010.06.25 05:33:56.032,1.0427,1.0428,1.60,3.50
2010.06.25 05:33:56.922,1.04265,1.0428,1.60,3.50
2010.06.25 05:33:57.143,1.0426,1.0428,2.40,3.50
2010.06.25 05:34:06.060,1.0426,1.04285,2.40,6.40
2010.06.25 05:34:07.347,1.04265,1.04285,1.60,6.40
2010.06.25 05:34:12.230,1.04265,1.04275,1.60,1.00
2010.06.25 05:34:13.186,1.04245,1.04275,2.40,1.10
2010.06.25 05:34:13.446,1.04245,1.0427,1.60,1.10
2010.06.25 05:34:13.601,1.0424,1.0427,6.40,1.10
2010.06.25 05:34:28.770,1.04245,1.0427,6.40,1.00
2010.06.25 05:34:28.900,1.0425,1.0427,1.00,1.00
2010.06.25 05:34:30.263,1.04255,1.04275,1.70,4.40
2010.06.25 05:34:30.397,1.04265,1.0428,1.00,4.30
2010.06.25 05:34:31.143,1.04265,1.04285,1.00,8.40
2010.06.25 05:34:31.172,1.04265,1.04285,1.00,5.20
2010.06.25 05:34:31.511,1.04265,1.04285,2.50,5.20
2010.06.25 05:34:31.850,1.0427,1.04285,1.60,5.20
2010.06.25 05:34:32.795,1.0427,1.04285,1.60,5.10
2010.06.25 05:34:33.090,1.04275,1.0429,3.30,4.00
2010.06.25 05:34:34.044,1.0428,1.0429,3.20,1.00
2010.06.25 05:34:34.343,1.04285,1.0431,1.60,1.10
2010.06.25 05:34:34.941,1.0428,1.0431,6.40,1.10
2010.06.25 05:34:35.872,1.04285,1.04305,1.60,1.10
2010.06.25 05:34:51.534,1.0428,1.043,2.40,1.00
2010.06.25 05:34:51.837,1.04275,1.043,2.40,4.30
2010.06.25 05:34:52.132,1.04275,1.04295,2.40,1.00
2010.06.25 05:34:57.014,1.04275,1.04295,2.40,1.10
2010.06.25 05:34:57.752,1.04275,1.04295,1.60,4.30
2010.06.25 05:34:58.103,1.04275,1.04295,2.40,1.10
2010.06.25 05:35:10.140,1.04275,1.04295,5.60,1.00
2010.06.25 05:35:10.190,1.04275,1.043,6.40,1.50
2010.06.25 05:35:12.562,1.0429,1.043,1.60,1.50
2010.06.25 05:35:12.723,1.0429,1.043,1.60,1.00
2010.06.25 05:35:13.042,1.04295,1.043,1.60,1.00
2010.06.25 05:35:13.201,1.04295,1.0432,1.60,3.00
2010.06.25 05:35:22.772,1.043,1.04315,1.60,2.70
2010.06.25 05:35:22.953,1.0429,1.0431,4.80,1.10
2010.06.25 05:35:23.132,1.04285,1.0431,2.40,4.30
2010.06.25 05:35:23.872,1.04285,1.04305,2.40,1.00
2010.06.25 05:35:24.057,1.0429,1.04305,1.60,1.00
2010.06.25 05:35:25.271,1.0429,1.0431,1.60,1.10
2010.06.25 05:35:25.437,1.04295,1.0431,1.60,1.10
2010.06.25 05:35:26.748,1.04295,1.0431,1.60,1.00
2010.06.25 05:35:27.436,1.0429,1.0431,1.60,1.10
2010.06.25 05:35:28.381,1.0429,1.0431,1.60,4.30
2010.06.25 05:35:29.784,1.043,1.0431,1.60,1.00
2010.06.25 05:35:30.673,1.043,1.04315,1.60,2.70
2010.06.25 05:35:31.524,1.0429,1.0431,4.40,4.30
2010.06.25 05:35:32.409,1.0429,1.0431,1.60,4.30
2010.06.25 05:35:32.608,1.0429,1.04305,1.60,1.00
2010.06.25 05:35:33.980,1.0429,1.04305,1.60,1.00
2010.06.25 05:35:34.152,1.04285,1.04305,1.60,4.50
2010.06.25 05:35:34.321,1.04285,1.043,1.60,1.00
2010.06.25 05:35:35.157,1.0428,1.043,1.60,4.30
2010.06.25 05:35:38.295,1.04285,1.043,1.60,4.30
2010.06.25 05:35:38.395,1.04285,1.043,1.60,1.10
2010.06.25 05:35:39.151,1.0428,1.043,1.60,1.10
2010.06.25 05:35:39.351,1.0428,1.043,1.60,4.30
2010.06.25 05:35:39.592,1.0428,1.043,1.60,4.70
2010.06.25 05:35:39.832,1.0428,1.04295,1.60,1.00
2010.06.25 05:36:06.874,1.04285,1.04295,1.60,1.00
2010.06.25 05:36:08.355,1.04285,1.043,1.60,1.10
2010.06.25 05:36:08.491,1.04295,1.043,1.60,1.10
2010.06.25 05:36:08.563,1.04295,1.043,1.60,1.00
2010.06.25 05:36:08.670,1.04295,1.04305,1.60,1.00
2010.06.25 05:36:08.801,1.043,1.04305,1.60,1.00
2010.06.25 05:36:08.841,1.043,1.0431,1.60,1.10
2010.06.25 05:36:09.016,1.043,1.0431,1.60,3.50
2010.06.25 05:36:09.051,1.043,1.04305,1.60,1.90
2010.06.25 05:36:09.092,1.043,1.04305,1.60,5.10
2010.06.25 05:36:09.162,1.0429,1.04305,2.00,5.10
2010.06.25 05:36:09.232,1.0429,1.04305,1.60,5.10
2010.06.25 05:36:09.883,1.04285,1.04305,1.60,5.90
2010.06.25 05:36:10.154,1.04285,1.043,1.60,1.00
2010.06.25 05:36:26.369,1.04285,1.04305,1.60,1.90
2010.06.25 05:36:26.586,1.0429,1.04305,1.60,1.10
2010.06.25 05:36:28.131,1.0429,1.04305,1.60,1.00
2010.06.25 05:36:28.322,1.0429,1.0431,1.60,4.30
2010.06.25 05:36:28.891,1.0429,1.04305,1.60,1.00
2010.06.25 05:36:42.910,1.0429,1.04305,1.60,1.10
2010.06.25 05:36:49.961,1.0429,1.04305,1.60,1.30
2010.06.25 05:36:50.051,1.04285,1.04305,1.60,1.30
2010.06.25 05:36:50.931,1.04285,1.043,1.60,1.10
2010.06.25 05:36:53.642,1.0428,1.043,1.60,1.90
2010.06.25 05:36:53.791,1.0428,1.04295,1.60,1.00
2010.06.25 05:36:54.094,1.0428,1.04295,1.60,3.50
2010.06.25 05:36:54.243,1.04275,1.04295,1.60,3.70
2010.06.25 05:36:54.543,1.04275,1.04295,1.60,4.50
2010.06.25 05:36:55.406,1.04275,1.04295,1.60,5.30
2010.06.25 05:37:00.028,1.04275,1.04295,1.60,4.50
2010.06.25 05:37:03.033,1.04275,1.0429,1.60,1.00
2010.06.25 05:37:03.496,1.04275,1.0429,1.60,1.10
2010.06.25 05:37:04.146,1.04275,1.0429,1.60,1.00
2010.06.25 05:37:04.403,1.04275,1.04295,1.60,5.30
2010.06.25 05:37:05.815,1.04275,1.0429,1.60,1.00
2010.06.25 05:37:06.008,1.04275,1.04295,1.60,4.50
2010.06.25 05:37:07.459,1.04275,1.04295,1.60,4.30
2010.06.25 05:37:13.593,1.0428,1.04295,1.60,1.00
2010.06.25 05:37:22.162,1.04275,1.04295,1.60,3.50
2010.06.25 05:37:22.332,1.04275,1.04295,1.60,4.30
2010.06.25 05:37:42.371,1.0428,1.04295,1.60,1.10
2010.06.25 05:37:46.162,1.0428,1.04295,1.60,4.30
2010.06.25 05:37:51.836,1.04275,1.04295,1.60,4.50
2010.06.25 05:37:58.060,1.04275,1.04295,1.60,4.30
2010.06.25 05:37:59.439,1.0428,1.04295,1.60,1.10
2010.06.25 05:38:32.546,1.0428,1.04295,1.60,1.00
2010.06.25 05:38:47.148,1.04275,1.04295,1.60,4.30
2010.06.25 05:38:47.851,1.04275,1.04295,1.60,4.50
2010.06.25 05:38:48.172,1.04275,1.0429,1.60,1.00
2010.06.25 05:38:49.196,1.04275,1.0429,1.60,1.10
2010.06.25 05:38:55.101,1.04275,1.0429,1.60,1.00
2010.06.25 05:38:55.501,1.04275,1.04295,1.60,4.30
2010.06.25 05:38:58.830,1.0428,1.04295,1.60,4.30
2010.06.25 05:39:04.103,1.04275,1.04295,1.60,4.30
2010.06.25 05:39:04.550,1.04275,1.0429,1.60,1.00
2010.06.25 05:39:05.392,1.04275,1.0429,1.60,1.10
2010.06.25 05:39:06.319,1.04275,1.04295,1.60,4.30
2010.06.25 05:39:17.464,1.04275,1.0429,1.60,1.00
2010.06.25 05:39:23.798,1.04275,1.0429,1.60,1.10
2010.06.25 05:39:24.895,1.04275,1.04285,1.60,1.00
2010.06.25 05:39:25.678,1.04255,1.0427,1.00,3.20
2010.06.25 05:39:26.031,1.04245,1.04275,1.00,2.30
2010.06.25 05:39:26.979,1.0426,1.0427,1.60,2.30
2010.06.25 05:39:27.247,1.04245,1.0427,1.60,2.30
2010.06.25 05:39:27.512,1.04245,1.0427,1.60,2.30
2010.06.25 05:39:28.057,1.04245,1.04265,1.60,9.80
2010.06.25 05:39:29.059,1.0424,1.04255,1.60,1.00
2010.06.25 05:39:30.426,1.0424,1.04255,1.60,1.00
2010.06.25 05:39:42.499,1.0424,1.04255,1.60,1.90
2010.06.25 05:39:43.897,1.04235,1.0425,1.60,1.00
2010.06.25 05:39:48.093,1.04235,1.04255,1.60,1.90
2010.06.25 05:39:48.244,1.04235,1.04255,1.60,1.10
2010.06.25 05:39:50.241,1.0424,1.04255,1.60,1.10
2010.06.25 05:40:24.510,1.04235,1.04255,1.60,1.10
2010.06.25 05:40:31.510,1.0424,1.04255,1.60,1.00
2010.06.25 05:41:43.857,1.0424,1.0426,1.60,1.10
2010.06.25 05:41:44.089,1.04245,1.04265,1.60,1.10
2010.06.25 05:41:44.953,1.04245,1.0427,3.20,4.30
2010.06.25 05:41:45.271,1.04255,1.04275,1.60,1.00
2010.06.25 05:41:45.585,1.04255,1.0428,2.40,3.50
2010.06.25 05:41:46.514,1.04265,1.04285,1.60,2.10
2010.06.25 05:41:50.893,1.04265,1.0428,1.60,3.20
2010.06.25 05:41:51.792,1.04265,1.0428,1.60,3.50
2010.06.25 05:41:51.946,1.0426,1.04275,1.60,1.00
2010.06.25 05:41:53.130,1.0424,1.04265,1.00,5.30
2010.06.25 05:41:53.472,1.04245,1.04265,1.60,5.30
2010.06.25 05:41:53.811,1.0424,1.04265,1.00,5.30
2010.06.25 05:41:55.390,1.0424,1.0426,1.60,1.10
2010.06.25 05:41:59.345,1.04245,1.04265,1.60,4.30
2010.06.25 05:42:03.336,1.0425,1.04265,1.60,4.30
2010.06.25 05:42:03.635,1.04245,1.04265,1.60,4.30
2010.06.25 05:42:34.595,1.04245,1.0426,1.60,1.00
2010.06.25 05:42:41.842,1.0424,1.0426,2.40,1.00
2010.06.25 05:42:42.186,1.0424,1.0426,1.60,1.00
2010.06.25 05:42:45.762,1.04245,1.04265,1.60,4.30
2010.06.25 05:42:46.839,1.04245,1.0426,1.60,1.10
2010.06.25 05:42:47.320,1.0424,1.0426,1.60,1.10
2010.06.25 05:43:06.776,1.0424,1.04255,1.60,1.30
2010.06.25 05:43:06.913,1.0424,1.04255,1.60,2.10
2010.06.25 05:43:07.053,1.0424,1.04255,1.60,6.50
2010.06.25 05:43:07.704,1.0424,1.04255,1.60,8.10
2010.06.25 05:43:07.863,1.0424,1.04245,1.60,1.00
2010.06.25 05:43:08.205,1.04235,1.04245,1.60,1.00
2010.06.25 05:43:09.383,1.04235,1.0425,1.00,1.00
2010.06.25 05:43:09.620,1.04235,1.04255,2.40,1.00
2010.06.25 05:43:09.856,1.04235,1.04255,2.40,1.00
2010.06.25 05:43:12.803,1.0424,1.0426,1.60,1.10
2010.06.25 05:43:13.059,1.0424,1.0426,2.40,1.10
2010.06.25 05:43:13.781,1.0424,1.04265,6.00,1.10
2010.06.25 05:43:14.084,1.04245,1.04265,1.60,1.10
2010.06.25 05:43:27.641,1.04245,1.04265,1.60,1.00
2010.06.25 05:43:39.213,1.04255,1.04265,1.60,1.00
2010.06.25 05:43:39.351,1.04255,1.04275,1.60,1.30
2010.06.25 05:43:39.422,1.04255,1.04275,2.40,1.00
2010.06.25 05:43:40.069,1.04265,1.04275,1.60,1.00
2010.06.25 05:43:40.148,1.04275,1.0431,3.20,5.50
2010.06.25 05:43:40.291,1.04275,1.0431,3.20,5.10
2010.06.25 05:43:40.591,1.0428,1.0431,1.00,5.10
2010.06.25 05:43:45.281,1.0428,1.043,1.00,4.80
2010.06.25 05:43:45.432,1.0428,1.043,1.00,1.60
2010.06.25 05:43:45.582,1.0428,1.04305,1.00,4.70
2010.06.25 05:43:45.733,1.04285,1.04305,1.60,4.70
2010.06.25 05:43:45.884,1.0428,1.04305,6.40,1.50
2010.06.25 05:43:46.036,1.04285,1.04305,1.00,1.00
2010.06.25 05:43:46.750,1.04285,1.04305,2.40,2.30
2010.06.25 05:43:46.956,1.0428,1.043,1.60,1.00
2010.06.25 05:43:48.876,1.0428,1.043,3.20,1.00
2010.06.25 05:43:49.036,1.0428,1.04305,3.20,4.30
2010.06.25 05:43:50.260,1.0428,1.04305,3.20,5.90
2010.06.25 05:43:50.492,1.0428,1.043,3.20,3.20
2010.06.25 05:43:50.716,1.0428,1.04305,3.20,5.00
2010.06.25 05:43:50.936,1.04285,1.04305,1.60,1.00
2010.06.25 05:43:51.154,1.0428,1.04305,3.20,5.30
2010.06.25 05:43:51.997,1.0428,1.04305,3.20,6.10
2010.06.25 05:43:52.346,1.0428,1.04305,1.60,4.30
2010.06.25 05:43:52.471,1.04275,1.043,6.40,1.00
2010.06.25 05:43:52.593,1.04275,1.043,3.20,5.90
2010.06.25 05:43:52.712,1.04275,1.04295,3.20,3.30
2010.06.25 05:43:52.832,1.04275,1.04295,1.60,4.50
2010.06.25 05:43:52.951,1.0427,1.0429,1.60,1.00
2010.06.25 05:43:53.073,1.0427,1.0429,1.60,1.10
2010.06.25 05:43:54.261,1.0427,1.0429,1.60,1.10
2010.06.25 05:44:09.592,1.0427,1.04285,1.60,1.00
2010.06.25 05:44:10.881,1.0427,1.04285,1.60,1.10
2010.06.25 05:44:14.148,1.04265,1.0428,1.60,1.00
2010.06.25 05:44:14.285,1.04265,1.0428,1.60,1.10
2010.06.25 05:44:14.413,1.04265,1.04275,1.60,1.00
2010.06.25 05:44:14.543,1.04255,1.04275,1.60,1.00
2010.06.25 05:44:16.580,1.04255,1.04275,1.60,1.00
2010.06.25 05:44:17.132,1.0426,1.04275,1.60,1.00
2010.06.25 05:44:17.413,1.0426,1.0428,1.60,1.10
2010.06.25 05:44:23.181,1.04265,1.0428,1.60,1.10
2010.06.25 05:44:30.971,1.0427,1.043,2.40,4.30
2010.06.25 05:44:31.185,1.0427,1.043,3.20,4.30
2010.06.25 05:44:40.135,1.04275,1.04295,1.60,4.30
2010.06.25 05:44:40.207,1.04275,1.04295,1.60,1.10
2010.06.25 05:44:40.272,1.0428,1.04295,1.60,1.10
2010.06.25 05:44:40.473,1.0428,1.04295,1.60,4.30
2010.06.25 05:44:43.427,1.0428,1.043,1.60,6.70
2010.06.25 05:44:44.296,1.0428,1.043,1.60,4.30
2010.06.25 05:44:59.376,1.04285,1.04305,2.40,3.20
2010.06.25 05:44:59.647,1.0429,1.0431,1.60,1.90
2010.06.25 05:44:59.794,1.0429,1.0431,1.60,1.10
2010.06.25 05:45:00.825,1.0429,1.0431,1.60,2.70
2010.06.25 05:45:04.672,1.0429,1.0431,1.60,1.90
2010.06.25 05:45:06.673,1.04295,1.0431,1.60,1.90
2010.06.25 05:45:06.991,1.0429,1.0431,1.60,1.90
2010.06.25 05:45:07.452,1.0429,1.0431,1.60,2.70
2010.06.25 05:45:10.926,1.04295,1.0431,1.60,1.90
2010.06.25 05:45:11.282,1.04295,1.0431,1.60,1.10
2010.06.25 05:45:11.462,1.04295,1.0431,1.60,1.00
2010.06.25 05:45:12.742,1.04295,1.0431,1.60,1.10
2010.06.25 05:45:13.701,1.04295,1.0431,1.60,1.00
2010.06.25 05:45:29.862,1.0429,1.0431,2.40,1.00
2010.06.25 05:45:30.003,1.0429,1.0431,2.40,3.50
2010.06.25 05:45:30.281,1.0429,1.0431,2.40,4.30
2010.06.25 05:45:30.423,1.0429,1.0431,2.40,1.10
2010.06.25 05:45:31.369,1.04295,1.0431,1.60,1.00
2010.06.25 05:45:31.482,1.04295,1.0431,1.60,1.00
2010.06.25 05:45:41.421,1.04295,1.0431,1.60,3.50
2010.06.25 05:45:41.640,1.0429,1.0431,2.40,4.30
2010.06.25 05:45:42.054,1.0429,1.0431,2.40,1.10
2010.06.25 05:45:42.264,1.0429,1.0431,2.40,1.00
2010.06.25 05:45:42.472,1.04295,1.0431,1.60,1.00
2010.06.25 05:45:46.752,1.04305,1.0431,1.60,1.00
2010.06.25 05:45:47.037,1.0431,1.0432,4.80,1.00
2010.06.25 05:45:47.174,1.0431,1.0432,9.60,1.00
2010.06.25 05:45:47.303,1.0432,1.0433,1.60,1.00
2010.06.25 05:45:47.564,1.0432,1.0434,1.60,5.50
2010.06.25 05:45:48.043,1.0432,1.0434,1.60,1.90
2010.06.25 05:45:50.891,1.0432,1.0434,1.60,1.10
2010.06.25 05:45:57.042,1.0432,1.0434,1.60,2.90
2010.06.25 05:45:57.779,1.0432,1.04335,1.60,1.10
2010.06.25 05:45:58.316,1.0432,1.0433,1.60,1.40
2010.06.25 05:46:00.380,1.04315,1.0433,1.60,1.40
2010.06.25 05:46:02.759,1.04315,1.0433,1.60,2.20
2010.06.25 05:46:11.274,1.04315,1.0433,1.60,1.40
2010.06.25 05:46:13.162,1.04315,1.0433,1.60,2.20
2010.06.25 05:46:14.104,1.04315,1.0433,1.60,1.40
2010.06.25 05:46:27.964,1.04315,1.0433,1.60,2.40
2010.06.25 05:46:29.836,1.04315,1.0433,1.60,2.20
2010.06.25 05:46:29.933,1.04315,1.0433,1.60,2.40
2010.06.25 05:46:32.104,1.04315,1.0433,1.60,2.20
2010.06.25 05:46:44.775,1.04315,1.0433,1.60,1.40
2010.06.25 05:46:50.361,1.0432,1.0433,1.60,1.40
2010.06.25 05:47:00.410,1.0432,1.0433,1.60,1.80
2010.06.25 05:47:00.571,1.0432,1.0433,1.60,2.20
2010.06.25 05:47:00.742,1.04315,1.0433,1.60,2.20
2010.06.25 05:47:01.231,1.04315,1.0433,1.60,1.40
2010.06.25 05:47:06.062,1.04315,1.04335,1.60,1.10
2010.06.25 05:47:06.562,1.04315,1.0433,1.60,1.00
2010.06.25 05:47:17.521,1.04315,1.0433,1.60,1.30
2010.06.25 05:47:17.683,1.04315,1.0433,1.60,2.10
2010.06.25 05:47:18.470,1.0431,1.04325,1.60,3.50
2010.06.25 05:47:32.578,1.04305,1.04325,2.40,3.50
2010.06.25 05:47:33.044,1.0431,1.04325,1.60,1.00
2010.06.25 05:47:40.965,1.0431,1.04325,1.60,3.50
2010.06.25 05:47:41.672,1.04305,1.04325,1.60,3.50
2010.06.25 05:47:41.921,1.0431,1.0433,3.20,1.10
2010.06.25 05:47:42.167,1.0432,1.0434,10.40,4.40
2010.06.25 05:47:43.057,1.0432,1.04335,14.80,1.00
2010.06.25 05:47:43.212,1.0432,1.04335,1.60,1.00
2010.06.25 05:47:43.364,1.0432,1.04335,1.60,1.10
2010.06.25 05:47:54.942,1.0432,1.0433,1.60,1.00
2010.06.25 05:47:56.281,1.0432,1.0433,1.60,1.00
2010.06.25 05:47:56.471,1.0432,1.04335,1.60,1.10
2010.06.25 05:48:00.502,1.0431,1.0433,6.80,1.00
2010.06.25 05:48:00.583,1.0431,1.0433,2.80,1.00
2010.06.25 05:48:01.360,1.04315,1.0433,1.60,1.00
2010.06.25 05:48:12.852,1.0432,1.04335,1.60,1.10
2010.06.25 05:48:12.963,1.0432,1.04335,1.60,1.00
2010.06.25 05:48:13.352,1.04325,1.04335,1.60,1.00
2010.06.25 05:48:22.160,1.04325,1.04335,2.40,1.00
2010.06.25 05:48:22.221,1.04325,1.0434,2.40,1.10
2010.06.25 05:48:22.281,1.04335,1.0434,1.00,1.10
2010.06.25 05:48:22.343,1.0434,1.04345,5.10,2.70
2010.06.25 05:48:22.523,1.0435,1.04355,4.00,4.80
2010.06.25 05:48:22.582,1.0435,1.04355,4.80,1.00
2010.06.25 05:48:23.249,1.0436,1.04365,1.00,9.00
2010.06.25 05:48:23.512,1.0437,1.04395,1.60,1.00
2010.06.25 05:48:24.014,1.04365,1.04395,3.20,1.00
2010.06.25 05:48:25.463,1.04365,1.04385,1.60,1.00
2010.06.25 05:48:26.066,1.04365,1.04385,3.20,1.00
2010.06.25 05:48:26.332,1.04365,1.04385,1.60,1.00
2010.06.25 05:48:27.681,1.04365,1.04385,3.20,1.00
2010.06.25 05:48:28.101,1.04365,1.04385,3.20,1.00
2010.06.25 05:48:28.473,1.04365,1.04385,3.20,4.10
2010.06.25 05:48:28.604,1.04365,1.04385,3.20,4.90
2010.06.25 05:48:29.355,1.04365,1.04385,2.40,1.70
2010.06.25 05:48:29.694,1.04365,1.04385,2.40,4.90
2010.06.25 05:48:30.672,1.04365,1.04385,1.60,7.70
2010.06.25 05:48:32.521,1.04365,1.04385,1.60,7.50
2010.06.25 05:48:32.647,1.04365,1.04375,1.60,1.00
2010.06.25 05:48:33.712,1.04365,1.0438,1.60,1.00
2010.06.25 05:48:36.011,1.0436,1.0438,1.60,1.10
2010.06.25 05:48:36.204,1.04365,1.0438,1.60,1.10
2010.06.25 05:48:36.763,1.04365,1.04375,1.60,1.00
2010.06.25 05:48:38.146,1.0436,1.04375,1.60,1.00
2010.06.25 05:48:38.261,1.0434,1.04365,1.60,1.00
2010.06.25 05:48:38.362,1.0434,1.04365,1.60,3.50
2010.06.25 05:48:38.573,1.0434,1.04365,1.60,4.30
2010.06.25 05:48:42.880,1.0435,1.04365,1.60,1.00
2010.06.25 05:48:43.230,1.0435,1.0437,1.60,4.30
2010.06.25 05:48:44.075,1.0435,1.0437,2.40,1.00
2010.06.25 05:48:44.314,1.0435,1.0437,1.60,4.30
2010.06.25 05:48:46.598,1.0435,1.04365,1.60,1.00
2010.06.25 05:48:55.841,1.04345,1.04365,2.40,1.10
2010.06.25 05:48:55.856,1.04345,1.04365,1.60,4.30
2010.06.25 05:48:56.758,1.0435,1.0437,1.60,1.10
2010.06.25 05:48:58.958,1.0435,1.0437,1.60,4.30
2010.06.25 05:49:00.105,1.0435,1.0437,1.60,1.10
2010.06.25 05:49:00.465,1.0435,1.0436,1.60,1.00
2010.06.25 05:49:00.586,1.0435,1.0436,1.60,1.10
2010.06.25 05:49:00.716,1.0434,1.0436,1.60,1.30
2010.06.25 05:49:00.842,1.0434,1.04355,1.60,1.00
2010.06.25 05:49:01.764,1.04335,1.04355,1.60,4.30
2010.06.25 05:49:02.063,1.04335,1.04355,1.60,1.00
2010.06.25 05:49:02.356,1.04335,1.04355,2.40,1.00
2010.06.25 05:49:07.293,1.04335,1.0435,1.60,1.00
2010.06.25 05:49:07.638,1.0433,1.0435,1.60,1.90
2010.06.25 05:49:07.987,1.0433,1.0435,1.60,1.10
2010.06.25 05:49:11.584,1.0433,1.0435,4.80,1.00
2010.06.25 05:49:11.785,1.0433,1.0435,5.60,1.00
2010.06.25 05:49:11.982,1.04335,1.0435,1.60,1.00
2010.06.25 05:49:12.584,1.0433,1.0435,2.40,5.10
2010.06.25 05:49:13.431,1.0433,1.0435,1.60,8.30
2010.06.25 05:49:13.579,1.0433,1.0435,2.40,1.00
2010.06.25 05:49:15.214,1.0433,1.0435,1.60,1.00
2010.06.25 05:49:15.894,1.04335,1.0435,1.60,1.00
2010.06.25 05:49:16.824,1.04335,1.04355,1.60,1.10
2010.06.25 05:49:16.948,1.0434,1.0436,1.60,1.10
2010.06.25 05:49:23.263,1.0434,1.0436,1.60,1.30
2010.06.25 05:49:23.498,1.0434,1.0436,1.60,4.30
2010.06.25 05:49:23.740,1.04335,1.04355,5.60,1.00
2010.06.25 05:49:23.973,1.04335,1.0436,6.40,1.10
2010.06.25 05:49:29.313,1.0434,1.0436,1.60,1.10
2010.06.25 05:49:31.073,1.0434,1.0436,2.40,1.00
2010.06.25 05:49:50.563,1.0434,1.0436,1.60,1.10
2010.06.25 05:49:54.079,1.04335,1.04355,2.40,1.00
2010.06.25 05:50:00.065,1.04335,1.04355,1.60,1.00
2010.06.25 05:50:09.119,1.0434,1.04355,1.60,1.00
2010.06.25 05:50:09.383,1.0434,1.0436,1.60,4.50
2010.06.25 05:50:10.621,1.0434,1.0436,1.60,5.30
2010.06.25 05:50:10.854,1.0434,1.0435,1.60,5.60
2010.06.25 05:50:11.084,1.04335,1.0435,3.20,2.20
2010.06.25 05:50:11.224,1.0434,1.0436,1.60,1.60
2010.06.25 05:50:11.918,1.0434,1.0435,1.60,1.00
2010.06.25 05:50:12.066,1.0434,1.0436,1.60,4.80
2010.06.25 05:50:12.211,1.0434,1.0436,1.60,5.60
2010.06.25 05:50:12.395,1.04335,1.0435,2.40,4.80
2010.06.25 05:50:12.575,1.04335,1.0435,2.40,2.40
2010.06.25 05:50:12.755,1.0434,1.0435,1.60,1.00
2010.06.25 05:50:12.934,1.0434,1.04355,1.60,1.00
2010.06.25 05:50:13.768,1.04335,1.0435,2.40,3.20
2010.06.25 05:50:13.995,1.04335,1.0435,1.60,3.60
2010.06.25 05:50:14.224,1.04335,1.0435,2.40,1.00
2010.06.25 05:50:14.451,1.04335,1.0436,2.40,4.80
2010.06.25 05:50:14.871,1.04335,1.0436,3.20,4.80
2010.06.25 05:50:15.833,1.04335,1.0435,1.60,4.00
2010.06.25 05:50:16.026,1.04335,1.0435,1.60,3.20
2010.06.25 05:50:16.123,1.0434,1.0435,1.60,3.20
2010.06.25 05:50:16.785,1.0434,1.0435,1.60,3.60
2010.06.25 05:50:16.889,1.0434,1.0436,1.60,4.80
2010.06.25 05:50:19.641,1.0434,1.0436,1.60,4.30
2010.06.25 05:50:20.812,1.0434,1.0436,2.40,3.50
2010.06.25 05:50:20.960,1.04345,1.04365,1.60,1.10
2010.06.25 05:50:21.382,1.0434,1.04365,3.20,4.30
2010.06.25 05:50:21.662,1.04345,1.04365,1.60,4.30
2010.06.25 05:50:21.803,1.04345,1.04365,1.60,1.10
2010.06.25 05:50:24.792,1.04345,1.0437,2.40,4.30
2010.06.25 05:50:25.722,1.04345,1.0437,2.40,5.10
2010.06.25 05:50:25.761,1.04345,1.0437,2.40,6.70
2010.06.25 05:50:25.831,1.04345,1.0436,2.40,1.00
2010.06.25 05:50:25.877,1.04345,1.0436,1.60,1.00
2010.06.25 05:50:25.915,1.04345,1.04355,1.60,1.60
2010.06.25 05:50:26.911,1.0435,1.04375,1.60,4.30
2010.06.25 05:50:27.501,1.04345,1.04375,2.40,5.10
2010.06.25 05:50:27.674,1.04345,1.04365,1.60,6.40
2010.06.25 05:50:28.004,1.0435,1.0436,1.60,1.00
2010.06.25 05:50:28.172,1.0435,1.0437,1.60,1.50
2010.06.25 05:50:28.962,1.04345,1.0437,5.60,1.10
2010.06.25 05:50:29.177,1.04345,1.0437,3.20,4.30
2010.06.25 05:50:30.606,1.0435,1.0437,1.60,4.30
2010.06.25 05:50:33.241,1.0435,1.0437,1.60,5.10
2010.06.25 05:50:33.354,1.04345,1.0436,1.60,2.40
2010.06.25 05:50:33.464,1.04345,1.0436,1.60,6.40
2010.06.25 05:50:33.571,1.04345,1.0436,1.60,6.80
2010.06.25 05:50:33.684,1.0435,1.0436,1.60,2.00
2010.06.25 05:50:33.792,1.0435,1.0436,1.60,1.00
2010.06.25 05:50:34.084,1.04345,1.0437,6.40,1.10
2010.06.25 05:50:34.374,1.0434,1.04365,3.60,4.30
2010.06.25 05:50:34.664,1.04345,1.04365,1.60,1.10
2010.06.25 05:50:36.974,1.0434,1.04355,1.60,1.00
2010.06.25 05:50:37.234,1.04335,1.04355,1.60,5.10
2010.06.25 05:50:37.495,1.0433,1.0435,1.60,4.00
2010.06.25 05:50:37.641,1.0433,1.0435,1.60,4.30
2010.06.25 05:50:37.792,1.0433,1.04345,1.60,1.00
2010.06.25 05:50:38.427,1.0433,1.04345,1.60,1.90
2010.06.25 05:50:38.547,1.0433,1.04345,1.60,5.90
2010.06.25 05:50:38.884,1.0433,1.04345,1.60,2.70
2010.06.25 05:50:38.993,1.0433,1.0435,1.60,1.70
2010.06.25 05:50:39.212,1.04335,1.04355,1.60,4.30
2010.06.25 05:50:39.434,1.0434,1.0436,1.60,4.70
2010.06.25 05:50:39.774,1.0434,1.0436,1.60,1.10
2010.06.25 05:50:40.655,1.0434,1.04355,1.60,1.00
2010.06.25 05:50:40.861,1.04335,1.04355,1.60,1.00
2010.06.25 05:50:41.282,1.04335,1.04355,1.60,1.10
2010.06.25 05:50:43.539,1.04335,1.04355,1.60,4.30
2010.06.25 05:50:43.693,1.0433,1.04345,1.60,1.10
2010.06.25 05:51:01.363,1.04335,1.04345,1.60,1.00
2010.06.25 05:51:01.545,1.0434,1.0435,1.60,1.10
2010.06.25 05:51:01.724,1.04335,1.0435,1.60,1.00
2010.06.25 05:51:03.408,1.0434,1.0435,1.60,1.00
2010.06.25 05:51:03.827,1.04335,1.0435,1.60,1.00
2010.06.25 05:51:03.944,1.04335,1.04345,1.60,1.00
2010.06.25 05:51:04.053,1.0433,1.04345,1.60,1.00
2010.06.25 05:51:04.162,1.0433,1.0435,1.60,4.30
2010.06.25 05:51:07.522,1.0433,1.04345,1.60,1.00
2010.06.25 05:51:20.744,1.0433,1.04345,1.60,1.10
2010.06.25 05:51:22.146,1.0433,1.0435,2.40,3.50
2010.06.25 05:51:23.153,1.0433,1.0435,1.60,4.30
2010.06.25 05:51:44.363,1.04335,1.0435,1.60,1.10
2010.06.25 05:51:44.578,1.04335,1.04355,2.40,1.00
2010.06.25 05:51:44.788,1.04335,1.0436,5.60,1.10
2010.06.25 05:51:46.648,1.04335,1.0436,1.00,4.30
2010.06.25 05:51:46.798,1.04335,1.04355,2.40,3.50
2010.06.25 05:51:47.837,1.04335,1.04355,2.40,1.00
2010.06.25 05:51:51.044,1.04335,1.04355,2.40,1.10
2010.06.25 05:51:51.107,1.04335,1.04355,1.60,1.10
2010.06.25 05:51:53.637,1.0434,1.0436,1.60,4.30
2010.06.25 05:51:54.003,1.0434,1.0436,1.60,1.10
2010.06.25 05:51:54.182,1.04335,1.04355,1.60,3.50
2010.06.25 05:51:54.363,1.04335,1.04355,1.60,4.30
2010.06.25 05:51:55.583,1.04335,1.04355,1.60,1.00
2010.06.25 05:51:59.222,1.04335,1.04355,7.20,1.00
2010.06.25 05:51:59.387,1.0434,1.0436,1.60,1.10
2010.06.25 05:52:00.198,1.0434,1.04365,6.40,1.10
2010.06.25 05:52:00.552,1.0435,1.0437,5.60,1.00
2010.06.25 05:52:00.899,1.0435,1.0437,1.60,1.10
2010.06.25 05:52:01.856,1.0435,1.04365,1.60,1.00
2010.06.25 05:52:05.146,1.0435,1.0437,1.60,1.10
2010.06.25 05:52:05.811,1.0435,1.04365,1.60,1.00
2010.06.25 05:52:06.532,1.0435,1.0437,1.60,1.10
2010.06.25 05:52:07.722,1.0435,1.0436,1.60,2.40
2010.06.25 05:52:07.868,1.04345,1.0436,2.00,6.40
2010.06.25 05:52:08.016,1.0435,1.0436,1.60,3.20
2010.06.25 05:52:08.165,1.0435,1.0436,1.60,1.00
2010.06.25 05:52:08.302,1.0435,1.0436,1.60,1.00
2010.06.25 05:52:08.443,1.0435,1.0437,2.40,1.00
2010.06.25 05:52:08.583,1.0435,1.0437,1.60,3.50
2010.06.25 05:52:08.863,1.0435,1.0437,1.60,1.00
2010.06.25 05:52:09.002,1.0435,1.0437,2.40,1.00
2010.06.25 05:52:09.765,1.04345,1.0436,2.40,1.00
2010.06.25 05:52:10.112,1.0435,1.0437,1.60,1.00
2010.06.25 05:52:10.321,1.0435,1.0437,1.60,1.00
2010.06.25 05:52:10.871,1.04345,1.04365,7.60,2.40
2010.06.25 05:52:10.941,1.04345,1.04365,7.60,5.60
2010.06.25 05:52:11.013,1.04345,1.0436,2.80,4.00
2010.06.25 05:52:11.082,1.04345,1.0436,2.40,4.00
2010.06.25 05:52:11.152,1.04345,1.0436,1.60,6.40
2010.06.25 05:52:11.405,1.0435,1.0436,1.60,1.20
2010.06.25 05:52:11.653,1.04345,1.0436,8.00,1.00
2010.06.25 05:52:12.520,1.04345,1.04365,1.00,3.50
2010.06.25 05:52:12.668,1.0434,1.04365,3.20,4.30
2010.06.25 05:52:12.983,1.0434,1.0436,1.60,3.50
2010.06.25 05:52:13.422,1.0434,1.0436,1.60,4.30
2010.06.25 05:52:26.645,1.0434,1.0436,1.60,5.10
2010.06.25 05:52:26.702,1.04335,1.0435,3.20,1.60
2010.06.25 05:52:26.956,1.04335,1.0435,1.60,4.80
2010.06.25 05:52:27.209,1.04335,1.0435,1.60,1.20
2010.06.25 05:52:27.989,1.04335,1.04355,1.60,4.30
2010.06.25 05:52:28.148,1.0433,1.04345,1.60,1.60
2010.06.25 05:52:28.309,1.0433,1.04345,1.60,3.20
2010.06.25 05:52:28.470,1.0433,1.0435,1.60,7.10
2010.06.25 05:52:28.625,1.0433,1.0435,1.60,12.70
2010.06.25 05:52:29.269,1.0433,1.04345,1.60,1.00
2010.06.25 05:52:29.621,1.0433,1.04345,1.60,5.10
2010.06.25 05:52:32.142,1.04325,1.04345,2.40,1.90
2010.06.25 05:52:32.210,1.0433,1.04345,1.60,1.00
2010.06.25 05:52:33.935,1.0433,1.0435,1.60,7.90
2010.06.25 05:52:48.318,1.04335,1.0435,1.60,7.90
2010.06.25 05:52:49.332,1.04335,1.0435,1.60,1.00
2010.06.25 05:52:49.609,1.04335,1.04355,2.40,1.10
2010.06.25 05:52:51.135,1.04335,1.04355,2.40,1.00
2010.06.25 05:52:51.465,1.0434,1.04355,1.60,1.00
2010.06.25 05:52:52.181,1.04345,1.04355,1.60,1.00
2010.06.25 05:52:52.521,1.04345,1.0436,1.60,1.10
2010.06.25 05:52:53.374,1.0434,1.0436,1.60,1.10
2010.06.25 05:52:54.016,1.0434,1.0436,1.60,4.30
2010.06.25 05:53:04.583,1.04335,1.04355,1.60,1.00
2010.06.25 05:53:10.515,1.0434,1.04355,1.60,1.00
2010.06.25 05:53:29.804,1.0434,1.0436,1.60,4.30
2010.06.25 05:53:35.991,1.0434,1.0436,1.60,3.50
2010.06.25 05:53:36.163,1.04345,1.0436,1.60,1.00
2010.06.25 05:53:37.298,1.0434,1.0436,1.60,3.50
2010.06.25 05:53:37.557,1.0434,1.0436,1.60,6.70
2010.06.25 05:53:37.672,1.0434,1.0436,1.60,7.10
2010.06.25 05:53:38.013,1.0434,1.0436,1.60,4.70
2010.06.25 05:53:38.133,1.0434,1.0436,1.60,1.50
2010.06.25 05:53:38.253,1.0434,1.0436,2.40,1.00
2010.06.25 05:53:38.482,1.0434,1.0436,2.40,1.00
2010.06.25 05:53:40.498,1.04335,1.0435,1.60,5.60
2010.06.25 05:53:40.668,1.0434,1.0436,2.40,3.50
2010.06.25 05:53:40.822,1.0434,1.0436,3.20,3.20
2010.06.25 05:53:40.903,1.0434,1.04365,3.20,9.70
2010.06.25 05:53:40.983,1.0434,1.04365,3.20,4.30
2010.06.25 05:53:44.020,1.04335,1.04355,2.40,5.10
2010.06.25 05:53:44.875,1.04335,1.04355,2.40,3.50
2010.06.25 05:53:44.921,1.0434,1.04355,1.60,3.50
2010.06.25 05:53:45.608,1.0434,1.0436,3.20,2.80
2010.06.25 05:53:45.900,1.0434,1.04355,1.60,4.80
2010.06.25 05:54:00.820,1.0434,1.0436,1.60,2.50
2010.06.25 05:54:00.888,1.0434,1.0436,1.60,1.20
2010.06.25 05:54:00.953,1.0434,1.0436,2.40,1.20
2010.06.25 05:54:01.600,1.0434,1.0436,2.40,1.00
2010.06.25 05:54:01.668,1.04345,1.0436,1.60,1.00
2010.06.25 05:54:01.734,1.04345,1.04365,1.60,4.30
2010.06.25 05:54:01.804,1.04345,1.04365,1.60,1.00
2010.06.25 05:54:02.144,1.04345,1.04365,1.60,1.10
2010.06.25 05:54:03.017,1.0434,1.04365,3.20,4.30
2010.06.25 05:54:03.234,1.0434,1.04365,6.40,1.00
2010.06.25 05:54:03.452,1.04345,1.04365,1.60,1.00
2010.06.25 05:54:04.222,1.0434,1.04365,6.40,1.10
2010.06.25 05:54:04.961,1.0434,1.04365,3.20,4.30
2010.06.25 05:54:11.180,1.0434,1.04365,6.40,1.10
2010.06.25 05:54:11.271,1.04345,1.04365,1.60,1.10
2010.06.25 05:54:11.361,1.04345,1.04365,1.60,1.00
2010.06.25 05:54:18.151,1.0434,1.04365,6.40,1.00
2010.06.25 05:54:18.465,1.0434,1.04365,3.20,4.30
2010.06.25 05:54:18.721,1.04345,1.04365,1.60,4.30
2010.06.25 05:54:19.625,1.04345,1.04365,1.60,1.00
2010.06.25 05:54:24.686,1.0434,1.04365,3.20,4.30
2010.06.25 05:54:24.927,1.0434,1.0436,2.40,1.00
2010.06.25 05:54:25.166,1.0434,1.0436,1.60,3.50
2010.06.25 05:54:26.023,1.0434,1.0436,1.60,4.30
2010.06.25 05:54:29.980,1.0434,1.0436,1.60,4.50
2010.06.25 05:54:30.263,1.0434,1.04355,1.60,1.00
2010.06.25 05:54:31.822,1.04335,1.04355,3.20,1.00
2010.06.25 05:54:32.756,1.0434,1.04355,1.60,1.00
2010.06.25 05:54:34.555,1.0434,1.0436,1.60,4.30
2010.06.25 05:54:37.644,1.0434,1.0436,1.60,3.50
2010.06.25 05:54:38.763,1.0434,1.0436,2.40,1.00
2010.06.25 05:54:39.093,1.0434,1.04365,2.40,1.20
2010.06.25 05:54:39.422,1.0434,1.04365,3.20,1.20
2010.06.25 05:54:40.910,1.04345,1.04365,1.60,1.00
2010.06.25 05:54:41.764,1.04345,1.0436,1.60,6.40
2010.06.25 05:54:41.826,1.04345,1.0436,1.60,6.80
2010.06.25 05:54:42.174,1.04345,1.0436,1.60,1.00
2010.06.25 05:54:44.301,1.04345,1.04365,1.60,1.00
2010.06.25 05:54:45.665,1.04345,1.04365,1.60,1.10
2010.06.25 05:54:46.235,1.04345,1.04365,1.60,1.00
2010.06.25 05:54:47.274,1.04345,1.04365,2.40,1.00
2010.06.25 05:54:47.713,1.04345,1.04365,1.60,1.10
2010.06.25 05:54:48.143,1.04345,1.04365,2.40,1.00
2010.06.25 05:54:49.692,1.0434,1.04365,3.20,1.10
2010.06.25 05:54:50.783,1.04345,1.04365,2.40,1.10
2010.06.25 05:54:51.078,1.04345,1.04365,2.40,1.00
2010.06.25 05:54:56.112,1.04345,1.04365,1.60,1.10
2010.06.25 05:54:56.311,1.0434,1.04365,6.40,1.10
2010.06.25 05:54:56.411,1.0434,1.04365,3.20,1.10
2010.06.25 05:54:56.512,1.04345,1.04365,1.60,1.10
2010.06.25 05:54:57.567,1.04345,1.04365,1.60,1.00
2010.06.25 05:55:00.802,1.04345,1.0437,2.40,4.30
2010.06.25 05:55:02.430,1.0435,1.0437,1.60,1.00
2010.06.25 05:55:06.230,1.04345,1.0437,6.40,1.00
2010.06.25 05:55:10.982,1.0435,1.0437,1.60,1.00
2010.06.25 05:55:16.232,1.04345,1.0437,6.40,1.00
2010.06.25 05:55:17.084,1.04345,1.0437,6.40,1.10
2010.06.25 05:55:18.468,1.04345,1.0437,7.20,1.10
2010.06.25 05:55:18.796,1.0435,1.0437,2.40,1.00
2010.06.25 05:55:27.372,1.0435,1.0437,2.50,1.00
2010.06.25 05:55:27.584,1.0435,1.0437,3.30,1.00
2010.06.25 05:55:28.534,1.0435,1.04375,6.50,1.10
2010.06.25 05:55:28.851,1.04355,1.0438,6.40,1.00
2010.06.25 05:55:29.772,1.0436,1.0438,1.00,1.00
2010.06.25 05:55:30.081,1.0436,1.0438,1.00,1.00
2010.06.25 05:55:30.390,1.0435,1.04375,3.20,3.20
2010.06.25 05:55:30.695,1.0435,1.04375,3.20,3.50
2010.06.25 05:55:43.172,1.04345,1.0437,3.20,3.50
2010.06.25 05:55:44.152,1.04345,1.0437,3.20,4.30
2010.06.25 05:55:44.840,1.04345,1.0437,3.20,10.50
2010.06.25 05:55:45.810,1.04345,1.0437,3.20,4.40
2010.06.25 05:55:46.726,1.04345,1.0437,3.20,4.30
2010.06.25 05:55:59.855,1.04345,1.0437,2.40,7.30
2010.06.25 05:56:00.199,1.0435,1.0437,1.60,1.00
2010.06.25 05:56:00.453,1.0435,1.04375,3.20,4.40
2010.06.25 05:56:01.539,1.0435,1.04375,1.60,4.30
2010.06.25 05:56:05.758,1.0435,1.04375,3.20,4.30
2010.06.25 05:56:09.385,1.04355,1.04375,1.00,3.50
2010.06.25 05:56:16.099,1.04355,1.0438,3.20,4.40
2010.06.25 05:56:16.983,1.04355,1.04375,1.60,3.20
2010.06.25 05:56:17.841,1.04355,1.04375,1.00,3.50
2010.06.25 05:56:44.141,1.0435,1.04375,3.20,4.50
2010.06.25 05:56:44.264,1.0435,1.04375,1.60,6.10
2010.06.25 05:56:45.041,1.04345,1.04365,1.60,3.50
2010.06.25 05:56:45.349,1.0434,1.0436,1.60,3.70
2010.06.25 05:56:46.236,1.0434,1.0436,1.60,4.50
2010.06.25 05:56:49.993,1.0434,1.0436,1.60,1.30
2010.06.25 05:56:52.392,1.0434,1.0436,2.40,4.50
2010.06.25 05:57:00.487,1.0434,1.0435,2.40,1.00
2010.06.25 05:57:00.804,1.0434,1.0435,1.60,1.00
2010.06.25 05:57:01.123,1.04335,1.0435,2.40,1.00
2010.06.25 05:57:01.672,1.04335,1.0435,2.40,1.00
2010.06.25 05:57:02.782,1.04335,1.0435,1.60,1.00
2010.06.25 05:57:03.232,1.04335,1.0435,1.60,1.00
2010.06.25 05:57:03.501,1.04335,1.0435,1.60,1.00
2010.06.25 05:57:05.422,1.04335,1.04355,1.60,5.90
2010.06.25 05:57:05.622,1.0434,1.04355,1.60,5.10
2010.06.25 05:57:05.823,1.0434,1.04355,1.60,1.00
2010.06.25 05:57:22.595,1.0434,1.0436,1.60,1.10
2010.06.25 05:57:22.748,1.04345,1.04365,1.60,1.20
2010.06.25 05:57:24.358,1.0434,1.04365,3.20,5.10
2010.06.25 05:57:25.761,1.0434,1.04365,3.20,4.30
2010.06.25 05:57:30.090,1.0434,1.0436,2.40,1.00
2010.06.25 05:57:30.235,1.0434,1.0436,2.40,3.60
2010.06.25 05:57:31.033,1.0434,1.0436,1.60,3.60
2010.06.25 05:57:33.333,1.0434,1.0436,1.60,3.90
2010.06.25 05:57:34.590,1.0434,1.0436,1.60,4.70
2010.06.25 05:57:43.041,1.0433,1.0435,3.60,2.90
2010.06.25 05:57:43.121,1.0433,1.04345,2.80,1.00
2010.06.25 05:57:43.210,1.0433,1.04345,1.20,1.00
2010.06.25 05:57:43.363,1.0433,1.04345,1.20,5.10
2010.06.25 05:57:43.442,1.0433,1.04345,1.20,5.90
2010.06.25 05:57:44.137,1.0433,1.0434,1.20,1.10
2010.06.25 05:57:44.777,1.0433,1.0434,1.00,4.30
2010.06.25 05:57:45.130,1.0433,1.0434,1.00,5.00
2010.06.25 05:57:45.395,1.04305,1.04335,3.20,3.20
2010.06.25 05:57:46.296,1.04305,1.0433,1.60,1.10
2010.06.25 05:57:47.629,1.0431,1.0433,1.60,1.90
2010.06.25 05:57:48.102,1.0431,1.0433,1.60,2.00
2010.06.25 05:57:49.001,1.0431,1.04325,1.60,1.00
2010.06.25 05:57:49.271,1.04305,1.04325,1.60,1.00
2010.06.25 05:57:50.404,1.04305,1.04325,1.60,3.50
2010.06.25 05:57:50.753,1.043,1.0432,1.60,5.10
2010.06.25 05:57:51.969,1.04305,1.04325,1.60,4.30
2010.06.25 05:57:55.215,1.04305,1.04325,1.60,1.10
2010.06.25 05:57:56.499,1.04305,1.04325,1.60,4.30
2010.06.25 05:57:57.906,1.0431,1.04325,1.60,1.10
2010.06.25 05:57:59.243,1.04305,1.04325,1.60,4.30
2010.06.25 05:58:00.624,1.04305,1.04325,2.40,4.30
2010.06.25 05:58:00.933,1.04305,1.04325,2.40,1.00
2010.06.25 05:58:03.931,1.0431,1.0433,1.60,5.30
2010.06.25 05:58:04.074,1.04305,1.04325,2.40,1.00
2010.06.25 05:58:04.773,1.0431,1.04325,1.60,1.00
2010.06.25 05:58:05.704,1.0431,1.0433,1.60,2.10
2010.06.25 05:58:05.983,1.0431,1.0433,4.80,2.00
2010.06.25 05:58:06.869,1.04315,1.0433,1.60,2.00
2010.06.25 05:58:07.125,1.04315,1.0433,3.20,1.00
2010.06.25 05:58:07.604,1.04315,1.0433,1.60,3.60
2010.06.25 05:58:08.534,1.0431,1.0433,1.60,2.90
2010.06.25 05:58:09.202,1.04305,1.04325,1.60,1.10
2010.06.25 05:58:10.151,1.04305,1.04325,1.60,1.00
2010.06.25 05:58:10.499,1.04305,1.04325,2.40,1.00
2010.06.25 05:58:10.865,1.04305,1.04325,1.60,1.10
2010.06.25 05:58:11.911,1.04305,1.04325,1.60,1.00
2010.06.25 05:58:13.404,1.04305,1.04325,1.60,1.10
2010.06.25 05:58:15.732,1.04305,1.04325,2.40,1.10
2010.06.25 05:58:16.664,1.04305,1.04325,1.60,1.10
2010.06.25 05:58:21.917,1.04305,1.04325,1.60,1.00
2010.06.25 05:58:22.513,1.04305,1.04325,1.60,1.10
2010.06.25 05:58:22.715,1.04305,1.0432,1.60,3.20
2010.06.25 05:58:24.456,1.04305,1.04325,1.60,4.90
2010.06.25 05:58:25.135,1.04305,1.04325,1.60,4.90
2010.06.25 05:58:25.482,1.04305,1.04325,1.60,1.20
2010.06.25 05:58:27.239,1.04305,1.0432,1.60,3.50
2010.06.25 05:58:39.545,1.04305,1.0432,1.60,1.00
2010.06.25 05:58:39.806,1.04305,1.04325,1.60,1.20
2010.06.25 05:58:41.266,1.04305,1.04325,1.60,1.10
2010.06.25 05:58:45.355,1.04305,1.04325,2.40,1.00
2010.06.25 05:58:46.513,1.04305,1.04325,1.60,1.10
2010.06.25 05:58:48.290,1.04305,1.04325,1.60,1.00
2010.06.25 05:58:49.260,1.04305,1.0433,5.60,2.10
2010.06.25 05:58:49.556,1.0431,1.0433,1.60,2.10
2010.06.25 05:58:50.793,1.0431,1.0433,1.60,2.00
2010.06.25 05:58:51.142,1.0431,1.0433,1.60,2.10
2010.06.25 05:58:51.487,1.04305,1.04325,5.60,1.00
2010.06.25 05:58:52.460,1.04305,1.04325,1.60,1.10
2010.06.25 05:58:54.029,1.04305,1.04325,1.60,1.00
2010.06.25 05:58:55.077,1.04305,1.0433,5.60,2.10
2010.06.25 05:58:59.081,1.04305,1.04325,1.60,1.00
2010.06.25 05:58:59.364,1.04305,1.04325,5.60,1.00
2010.06.25 05:59:00.994,1.04305,1.0433,5.60,2.10
2010.06.25 05:59:03.989,1.0431,1.04325,1.60,1.10
2010.06.25 05:59:09.614,1.0431,1.04325,1.60,2.20
2010.06.25 05:59:10.909,1.04305,1.04315,1.60,1.00
2010.06.25 05:59:15.469,1.04305,1.04315,1.60,1.90
2010.06.25 05:59:16.383,1.04305,1.0431,1.60,1.10
2010.06.25 05:59:17.495,1.043,1.0431,1.60,1.10
2010.06.25 05:59:17.823,1.043,1.0431,1.60,1.90
2010.06.25 05:59:18.137,1.043,1.04305,1.60,1.00
2010.06.25 05:59:19.155,1.0429,1.043,1.60,1.10
2010.06.25 05:59:19.467,1.0429,1.04295,1.60,1.00
2010.06.25 05:59:20.464,1.0429,1.04295,1.60,1.10
2010.06.25 05:59:20.811,1.0429,1.04295,1.60,1.00
2010.06.25 05:59:21.842,1.04285,1.043,1.60,1.10
2010.06.25 05:59:22.144,1.0429,1.043,1.60,1.10
2010.06.25 05:59:23.319,1.04285,1.043,1.60,1.10
2010.06.25 05:59:23.577,1.04285,1.04295,1.60,1.00
2010.06.25 05:59:26.784,1.04265,1.0429,6.40,1.00
2010.06.25 05:59:26.872,1.04265,1.0429,5.60,1.00
2010.06.25 05:59:26.962,1.04265,1.0429,4.80,1.00
2010.06.25 05:59:27.706,1.04265,1.04285,1.60,1.10
2010.06.25 05:59:28.384,1.0427,1.0428,1.60,1.00
2010.06.25 05:59:28.728,1.04275,1.0428,1.60,1.00
2010.06.25 05:59:28.902,1.04275,1.04285,1.60,1.10
2010.06.25 05:59:31.975,1.0427,1.04285,1.60,1.10
2010.06.25 05:59:32.206,1.0427,1.0428,1.60,1.00
2010.06.25 05:59:33.517,1.04265,1.04275,4.00,1.00
2010.06.25 05:59:33.666,1.04265,1.0428,2.40,1.10
2010.06.25 05:59:33.813,1.04265,1.0428,4.00,1.10
2010.06.25 05:59:34.759,1.0426,1.04275,3.20,1.10
2010.06.25 05:59:35.067,1.04255,1.04275,3.20,1.10
2010.06.25 05:59:35.376,1.0426,1.04275,3.20,1.10
2010.06.25 05:59:36.285,1.04255,1.04275,3.20,1.10
2010.06.25 05:59:36.630,1.04255,1.0427,3.20,1.00
2010.06.25 05:59:36.814,1.04255,1.04275,8.00,1.10
2010.06.25 05:59:36.994,1.04255,1.04275,3.20,1.10
2010.06.25 05:59:37.921,1.04255,1.0427,1.60,1.10
2010.06.25 05:59:38.201,1.04245,1.04265,1.60,1.10
2010.06.25 05:59:38.479,1.04245,1.0426,4.80,1.00
2010.06.25 05:59:39.536,1.04245,1.0426,1.60,1.10
2010.06.25 05:59:40.057,1.04245,1.0426,4.80,1.10
2010.06.25 05:59:40.935,1.04245,1.0426,1.60,1.10
2010.06.25 05:59:41.665,1.04245,1.0426,4.80,1.10
2010.06.25 05:59:41.856,1.04245,1.0426,1.60,1.10
2010.06.25 05:59:42.046,1.04245,1.0426,4.80,1.10
2010.06.25 05:59:42.904,1.04245,1.0426,1.60,1.10
2010.06.25 05:59:43.128,1.04245,1.0426,4.80,1.10
2010.06.25 05:59:43.350,1.04245,1.0426,1.60,1.10
2010.06.25 05:59:43.582,1.04245,1.0426,4.80,1.10
2010.06.25 05:59:44.745,1.04245,1.0426,1.60,1.10
2010.06.25 05:59:46.492,1.04245,1.0426,4.80,1.10
2010.06.25 05:59:46.613,1.04245,1.0426,4.80,1.00
2010.06.25 05:59:47.885,1.04245,1.0426,1.60,1.00
2010.06.25 05:59:48.920,1.04245,1.0426,4.80,1.00
2010.06.25 05:59:49.228,1.04245,1.0426,4.80,1.10
2010.06.25 05:59:50.771,1.04245,1.0426,4.80,1.00
2010.06.25 05:59:51.098,1.04245,1.0426,1.60,1.00
2010.06.25 05:59:51.426,1.04245,1.0426,4.80,1.10
2010.06.25 05:59:52.677,1.0425,1.0426,1.60,1.00
2010.06.25 05:59:53.622,1.04245,1.0426,1.60,1.00
2010.06.25 05:59:53.969,1.04255,1.0427,1.70,1.10
2010.06.25 05:59:55.075,1.0426,1.04275,5.60,1.10
2010.06.25 05:59:56.551,1.04255,1.0427,1.60,1.00
2010.06.25 05:59:56.777,1.0425,1.0427,3.20,1.10
2010.06.25 05:59:57.007,1.0425,1.04265,2.40,1.10
2010.06.25 05:59:57.974,1.0425,1.04265,1.60,1.10
2010.06.25 05:59:59.246,1.04245,1.0426,1.60,1.00
