2008.02.05 02:00:12.886,0.9946,0.99515,0.80,3.60
2008.02.05 02:00:13.082,0.9946,0.99515,0.80,3.60
2008.02.05 02:00:34.339,0.9946,0.99515,0.80,3.60
2008.02.05 02:00:40.861,0.9946,0.99515,0.80,3.60
2008.02.05 02:00:41.078,0.9946,0.99515,0.80,3.60
2008.02.05 02:00:43.496,0.9946,0.99515,0.80,3.60
2008.02.05 02:00:43.722,0.9946,0.99515,0.80,3.60
2008.02.05 02:00:47.404,0.9946,0.99515,0.80,3.60
2008.02.05 02:00:47.607,0.9946,0.99515,0.80,3.60
2008.02.05 02:00:50.071,0.9946,0.99515,0.80,3.60
2008.02.05 02:01:12.133,0.9946,0.99515,0.80,3.60
2008.02.05 02:01:12.348,0.9946,0.99515,0.80,3.60
2008.02.05 02:01:28.999,0.9946,0.99515,0.80,3.60
2008.02.05 02:01:29.226,0.9946,0.99515,0.80,3.60
2008.02.05 02:01:40.943,0.9946,0.99515,0.80,3.60
2008.02.05 02:01:41.233,0.9946,0.99515,0.80,3.60
2008.02.05 02:01:50.130,0.9946,0.99515,0.80,3.60
2008.02.05 02:01:51.376,0.9946,0.99515,0.80,3.60
2008.02.05 02:02:12.100,0.9946,0.99515,0.80,3.60
2008.02.05 02:02:12.397,0.9946,0.99515,0.80,3.60
2008.02.05 02:02:14.698,0.9946,0.99515,0.80,3.60
2008.02.05 02:02:41.331,0.9946,0.99515,0.80,3.60
2008.02.05 02:02:51.337,0.9946,0.99515,0.80,3.60
2008.02.05 02:03:00.473,0.9946,0.99515,0.80,3.60
2008.02.05 02:03:11.362,0.9946,0.99515,0.80,3.60
2008.02.05 02:03:11.560,0.9946,0.99515,0.80,3.60
2008.02.05 02:03:32.630,0.9946,0.99495,1.10,0.50
2008.02.05 02:03:32.715,0.9946,0.99495,0.40,0.50
2008.02.05 02:03:32.858,0.9947,0.9949,0.20,2.00
2008.02.05 02:03:33.002,0.9947,0.9949,0.20,2.00
2008.02.05 02:03:33.146,0.9947,0.9949,0.20,6.00
2008.02.05 02:03:33.289,0.9947,0.9949,0.20,6.00
2008.02.05 02:03:33.433,0.9947,0.9949,0.20,6.80
2008.02.05 02:03:33.576,0.9947,0.9949,0.20,9.20
2008.02.05 02:03:33.720,0.9947,0.9949,0.20,9.20
2008.02.05 02:03:33.864,0.9947,0.9949,0.20,9.20
2008.02.05 02:03:34.144,0.9947,0.9949,0.20,9.20
2008.02.05 02:03:41.196,0.9947,0.9949,0.20,9.20
2008.02.05 02:03:41.397,0.9947,0.9949,0.20,9.20
2008.02.05 02:03:42.794,0.9947,0.9949,0.20,8.80
2008.02.05 02:03:42.979,0.9947,0.9949,0.20,8.80
2008.02.05 02:03:45.079,0.9947,0.9949,0.20,9.20
2008.02.05 02:03:45.249,0.9947,0.9949,0.20,9.20
2008.02.05 02:03:52.862,0.9947,0.9949,0.20,8.80
2008.02.05 02:03:52.983,0.9947,0.9949,0.20,8.80
2008.02.05 02:03:55.130,0.9947,0.9949,0.20,9.20
2008.02.05 02:03:55.195,0.9947,0.9949,0.20,9.20
2008.02.05 02:03:56.693,0.9947,0.9949,0.20,8.80
2008.02.05 02:03:56.739,0.9947,0.9949,0.20,6.40
2008.02.05 02:03:56.810,0.9947,0.9949,0.20,6.40
2008.02.05 02:03:56.834,0.9947,0.9949,0.20,5.60
2008.02.05 02:03:56.857,0.9947,0.995,0.20,2.60
2008.02.05 02:03:56.914,0.9947,0.995,0.20,1.80
2008.02.05 02:03:56.948,0.9947,0.9951,0.20,18.40
2008.02.05 02:03:57.076,0.9947,0.9951,0.20,18.40
2008.02.05 02:03:57.118,0.9947,0.9951,0.20,18.40
2008.02.05 02:04:11.318,0.9947,0.9951,0.20,18.40
2008.02.05 02:04:11.426,0.9947,0.9951,0.20,18.40
2008.02.05 02:04:11.628,0.9947,0.9951,0.20,18.40
2008.02.05 02:04:41.386,0.9946,0.99515,0.80,3.60
2008.02.05 02:04:41.580,0.9946,0.99515,0.80,3.60
2008.02.05 02:04:42.533,0.9946,0.99515,0.80,3.60
2008.02.05 02:04:42.689,0.9946,0.99515,0.80,3.60
2008.02.05 02:04:56.814,0.9946,0.99515,0.80,3.60
2008.02.05 02:04:57.646,0.9946,0.99515,0.80,3.60
2008.02.05 02:05:11.621,0.9946,0.99515,0.80,3.60
2008.02.05 02:05:13.409,0.9946,0.99515,0.80,3.60
2008.02.05 02:05:13.527,0.99485,0.9951,0.40,9.60
2008.02.05 02:05:13.646,0.99485,0.9951,0.40,9.60
2008.02.05 02:05:13.955,0.99485,0.9951,0.40,9.60
2008.02.05 02:05:14.592,0.99485,0.9951,0.40,9.60
2008.02.05 02:05:14.793,0.99485,0.9951,0.40,9.60
2008.02.05 02:05:16.879,0.9948,0.9951,7.10,9.60
2008.02.05 02:05:17.043,0.9948,0.9951,3.20,2.40
2008.02.05 02:05:17.207,0.9947,0.9952,0.20,0.20
2008.02.05 02:05:17.370,0.9947,0.9952,0.20,0.20
2008.02.05 02:05:17.534,0.9947,0.9952,0.20,17.80
2008.02.05 02:05:17.697,0.9947,0.9952,0.20,21.60
2008.02.05 02:05:17.879,0.9947,0.9952,0.20,21.60
2008.02.05 02:05:18.163,0.9947,0.9952,0.20,0.20
2008.02.05 02:05:18.446,0.9947,0.9952,0.20,2.50
2008.02.05 02:05:18.730,0.9947,0.9952,0.20,21.50
2008.02.05 02:05:19.014,0.9947,0.9952,0.20,4.00
2008.02.05 02:05:19.223,0.9947,0.9952,0.20,0.20
2008.02.05 02:05:19.433,0.9947,0.9952,0.20,0.20
2008.02.05 02:05:20.149,0.9947,0.9952,0.20,0.20
2008.02.05 02:05:58.865,0.9945,0.9954,0.50,0.50
2008.02.05 02:05:59.105,0.9945,0.9954,0.50,0.50
2008.02.05 02:06:07.319,0.99465,0.99525,3.30,3.60
2008.02.05 02:06:14.352,0.99465,0.99525,3.30,3.60
2008.02.05 02:06:14.983,0.9947,0.99525,4.80,3.60
2008.02.05 02:06:15.069,0.9947,0.9953,8.10,11.60
2008.02.05 02:06:15.142,0.9947,0.9952,17.10,0.40
2008.02.05 02:06:15.380,0.9947,0.9952,17.10,0.40
2008.02.05 02:06:15.593,0.9947,0.9952,17.80,0.40
2008.02.05 02:06:16.094,0.9947,0.9952,17.80,0.40
2008.02.05 02:06:16.202,0.9947,0.9952,17.80,0.40
2008.02.05 02:06:16.295,0.9947,0.9952,17.80,0.40
2008.02.05 02:06:18.041,0.9947,0.9952,17.80,0.40
2008.02.05 02:06:18.855,0.9947,0.9952,17.80,0.40
2008.02.05 02:06:34.305,0.9947,0.9952,17.80,0.40
2008.02.05 02:06:44.302,0.9947,0.9952,17.80,0.40
2008.02.05 02:06:44.409,0.9947,0.9952,17.80,0.40
2008.02.05 02:06:55.072,0.9947,0.9953,3.30,3.60
2008.02.05 02:06:55.105,0.9949,0.9953,4.80,10.00
2008.02.05 02:06:55.138,0.9949,0.9952,4.80,0.40
2008.02.05 02:06:55.179,0.9949,0.9952,4.80,0.40
2008.02.05 02:06:55.212,0.9949,0.9952,4.80,0.40
2008.02.05 02:06:55.349,0.9949,0.9952,4.80,0.40
2008.02.05 02:06:55.385,0.9949,0.9952,4.80,0.40
2008.02.05 02:06:55.724,0.9949,0.9952,5.50,0.40
2008.02.05 02:06:56.102,0.9949,0.9952,5.50,0.40
2008.02.05 02:06:56.617,0.9949,0.9952,5.50,0.40
2008.02.05 02:06:57.141,0.9949,0.9952,6.30,0.40
2008.02.05 02:07:00.578,0.9949,0.9952,5.50,0.40
2008.02.05 02:07:00.866,0.9948,0.9952,3.30,0.40
2008.02.05 02:07:00.980,0.9947,0.9952,17.80,0.40
2008.02.05 02:07:01.110,0.9947,0.9952,17.80,0.40
2008.02.05 02:07:01.824,0.9947,0.9952,17.80,0.40
2008.02.05 02:07:15.200,0.9947,0.9952,17.80,0.40
2008.02.05 02:07:15.296,0.9947,0.9952,17.80,0.40
2008.02.05 02:07:18.810,0.9947,0.9952,17.80,0.40
2008.02.05 02:07:20.495,0.9948,0.9952,0.50,0.40
2008.02.05 02:07:20.634,0.9948,0.9952,0.50,0.40
2008.02.05 02:07:21.572,0.9948,0.9952,0.50,0.40
2008.02.05 02:07:30.070,0.9948,0.9952,0.50,0.40
2008.02.05 02:07:30.314,0.9948,0.9952,0.50,14.70
2008.02.05 02:07:30.483,0.9948,0.9952,0.50,15.50
2008.02.05 02:07:30.780,0.9948,0.9952,0.50,16.30
2008.02.05 02:07:31.871,0.9948,0.9952,0.50,16.30
2008.02.05 02:07:47.117,0.9948,0.9952,0.50,16.30
2008.02.05 02:07:47.347,0.9948,0.9952,0.50,16.30
2008.02.05 02:08:00.589,0.9947,0.9952,0.70,0.80
2008.02.05 02:08:01.100,0.99465,0.99525,3.30,3.60
2008.02.05 02:08:01.919,0.99465,0.99525,3.30,3.60
2008.02.05 02:08:02.218,0.99465,0.99525,3.30,3.60
2008.02.05 02:08:05.631,0.9949,0.99525,0.40,4.00
2008.02.05 02:08:05.687,0.9949,0.9952,0.40,9.10
2008.02.05 02:08:05.705,0.9949,0.9952,0.40,9.10
2008.02.05 02:08:05.771,0.9949,0.9952,4.30,15.50
2008.02.05 02:08:05.790,0.9949,0.9952,4.30,15.50
2008.02.05 02:08:05.808,0.9949,0.9952,4.30,7.50
2008.02.05 02:08:06.261,0.9949,0.9952,5.10,7.50
2008.02.05 02:08:06.709,0.9949,0.9952,5.10,7.50
2008.02.05 02:08:06.806,0.9949,0.9952,5.10,7.50
2008.02.05 02:08:09.479,0.9949,0.9952,5.10,7.50
2008.02.05 02:08:09.575,0.9949,0.9952,5.10,7.50
2008.02.05 02:08:09.690,0.9949,0.9952,5.10,15.50
2008.02.05 02:08:09.738,0.9949,0.9952,4.00,16.30
2008.02.05 02:08:09.785,0.9949,0.9952,1.60,16.30
2008.02.05 02:08:09.834,0.9949,0.9952,1.60,18.80
2008.02.05 02:08:09.882,0.9948,0.9952,0.50,20.40
2008.02.05 02:08:10.085,0.9948,0.9952,0.50,20.40
2008.02.05 02:08:20.691,0.9949,0.9952,0.40,20.40
2008.02.05 02:08:20.760,0.9949,0.9952,4.30,18.80
2008.02.05 02:08:20.807,0.9949,0.9952,4.30,18.80
2008.02.05 02:08:20.850,0.9949,0.9952,4.30,10.70
2008.02.05 02:08:20.947,0.9949,0.9952,4.30,10.70
2008.02.05 02:08:21.114,0.9949,0.9952,4.30,10.70
2008.02.05 02:08:21.300,0.9949,0.9952,5.10,9.90
2008.02.05 02:08:21.830,0.9949,0.9952,5.10,9.90
2008.02.05 02:08:22.149,0.9949,0.9952,5.10,9.90
2008.02.05 02:08:24.078,0.9949,0.9952,5.10,9.90
2008.02.05 02:08:24.199,0.9949,0.9952,4.70,9.90
2008.02.05 02:08:24.276,0.9949,0.9952,4.00,10.70
2008.02.05 02:08:24.298,0.9949,0.9952,4.00,18.70
2008.02.05 02:08:24.321,0.9948,0.9952,2.00,18.70
2008.02.05 02:08:24.388,0.9948,0.9952,2.00,18.70
2008.02.05 02:08:24.411,0.9948,0.9952,0.50,18.80
2008.02.05 02:08:24.598,0.9948,0.9952,0.50,18.80
2008.02.05 02:08:25.208,0.9948,0.9952,0.50,18.80
2008.02.05 02:08:29.080,0.9948,0.9952,0.50,18.80
2008.02.05 02:08:30.214,0.9948,0.9952,0.50,18.80
2008.02.05 02:08:31.129,0.9948,0.9952,0.50,18.80
2008.02.05 02:08:32.495,0.9948,0.9952,0.50,18.80
2008.02.05 02:08:32.711,0.9948,0.9952,0.50,18.80
2008.02.05 02:09:15.545,0.9947,0.9952,0.90,11.60
2008.02.05 02:09:18.306,0.9947,0.9952,0.90,11.60
2008.02.05 02:09:18.508,0.9947,0.9952,0.90,11.60
2008.02.05 02:09:24.343,0.9947,0.9952,0.90,11.60
2008.02.05 02:09:25.070,0.9947,0.9952,0.90,11.60
2008.02.05 02:09:28.024,0.9947,0.9952,0.90,11.60
2008.02.05 02:09:29.043,0.9947,0.9952,0.90,11.60
2008.02.05 02:09:31.086,0.9947,0.9952,0.90,11.60
2008.02.05 02:09:41.436,0.9947,0.9952,0.80,11.60
2008.02.05 02:09:41.827,0.9947,0.9952,0.80,11.60
2008.02.05 02:09:42.874,0.9947,0.9952,0.80,11.60
2008.02.05 02:09:59.425,0.9947,0.995,4.80,6.40
2008.02.05 02:09:59.588,0.9947,0.995,3.50,10.40
2008.02.05 02:09:59.762,0.9947,0.995,3.50,10.40
2008.02.05 02:09:59.992,0.9947,0.995,4.30,10.40
2008.02.05 02:10:00.541,0.9947,0.995,4.30,10.40
2008.02.05 02:10:00.850,0.9947,0.995,4.30,10.40
2008.02.05 02:10:01.907,0.9947,0.995,3.90,10.40
2008.02.05 02:10:02.020,0.9947,0.995,0.80,11.20
2008.02.05 02:10:02.133,0.9946,0.995,6.70,12.00
2008.02.05 02:10:02.286,0.9946,0.995,6.70,12.00
2008.02.05 02:10:06.901,0.9946,0.995,6.30,12.00
2008.02.05 02:10:07.084,0.99455,0.995,0.80,20.00
2008.02.05 02:10:07.267,0.99455,0.995,0.80,20.00
2008.02.05 02:10:11.459,0.99455,0.995,0.80,20.00
2008.02.05 02:10:15.343,0.99455,0.995,0.80,20.00
2008.02.05 02:10:31.581,0.99455,0.995,0.80,20.00
2008.02.05 02:10:47.040,0.9945,0.995,2.30,11.20
2008.02.05 02:10:47.234,0.9945,0.995,2.30,11.20
2008.02.05 02:10:59.475,0.99455,0.995,0.80,11.20
2008.02.05 02:11:00.392,0.99455,0.995,0.80,11.20
2008.02.05 02:11:06.613,0.99455,0.99505,0.80,3.60
2008.02.05 02:11:07.029,0.99455,0.99505,0.80,3.60
2008.02.05 02:11:07.328,0.99455,0.99505,0.80,3.60
2008.02.05 02:11:14.568,0.99455,0.995,0.80,11.20
2008.02.05 02:11:32.648,0.99455,0.995,0.80,11.20
2008.02.05 02:11:32.866,0.99455,0.995,0.80,11.20
2008.02.05 02:12:00.308,0.99455,0.99505,0.80,3.60
2008.02.05 02:12:00.613,0.99455,0.99505,0.80,3.60
2008.02.05 02:12:01.793,0.99455,0.99505,0.80,3.60
2008.02.05 02:12:07.413,0.99455,0.99505,0.80,3.60
2008.02.05 02:12:08.337,0.99455,0.99505,0.80,3.60
2008.02.05 02:12:08.635,0.99455,0.99505,0.80,3.60
2008.02.05 02:12:18.121,0.99455,0.99505,0.80,3.60
2008.02.05 02:12:18.237,0.99455,0.99505,0.80,3.60
2008.02.05 02:12:48.613,0.99455,0.99505,0.80,3.60
2008.02.05 02:12:48.826,0.99455,0.99505,0.80,3.60
2008.02.05 02:12:51.063,0.99455,0.99505,0.80,3.60
2008.02.05 02:13:00.377,0.99455,0.99505,0.80,3.60
2008.02.05 02:13:00.587,0.99455,0.99505,0.80,3.60
2008.02.05 02:13:03.616,0.99455,0.99505,0.80,3.60
2008.02.05 02:13:03.818,0.99455,0.99505,0.80,3.60
2008.02.05 02:13:08.743,0.99455,0.99505,0.80,3.60
2008.02.05 02:13:40.316,0.99455,0.99505,0.80,3.60
2008.02.05 02:13:49.158,0.99455,0.99505,0.80,3.60
2008.02.05 02:14:00.566,0.99455,0.99505,0.80,3.60
2008.02.05 02:14:00.865,0.99455,0.99505,0.80,3.60
2008.02.05 02:14:08.565,0.99455,0.99505,0.80,3.60
2008.02.05 02:14:08.870,0.99455,0.99505,0.80,3.60
2008.02.05 02:14:15.629,0.99455,0.99505,0.80,3.60
2008.02.05 02:15:00.536,0.99455,0.99505,0.80,3.60
2008.02.05 02:15:01.777,0.99455,0.99505,0.80,3.60
2008.02.05 02:15:08.616,0.99455,0.99505,0.80,3.60
2008.02.05 02:15:09.743,0.99455,0.99505,0.80,3.60
2008.02.05 02:15:20.027,0.99455,0.99505,0.80,3.60
2008.02.05 02:15:31.297,0.99455,0.99505,0.80,3.60
2008.02.05 02:15:34.358,0.9945,0.99505,0.80,4.40
2008.02.05 02:15:34.429,0.9945,0.995,2.80,11.30
2008.02.05 02:15:34.523,0.9945,0.995,3.60,11.30
2008.02.05 02:15:39.027,0.9945,0.995,8.40,21.70
2008.02.05 02:15:39.144,0.9945,0.9949,8.40,2.40
2008.02.05 02:15:39.213,0.9945,0.9948,8.40,0.80
2008.02.05 02:15:39.367,0.9945,0.9948,8.40,0.80
2008.02.05 02:15:40.286,0.9945,0.9948,8.40,0.80
2008.02.05 02:15:45.178,0.9945,0.9949,8.40,2.40
2008.02.05 02:15:45.251,0.9945,0.995,8.40,22.50
2008.02.05 02:15:45.292,0.9945,0.995,8.40,22.50
2008.02.05 02:16:01.627,0.9945,0.995,8.40,22.50
2008.02.05 02:16:01.842,0.9945,0.995,8.40,22.50
2008.02.05 02:16:05.487,0.9945,0.995,5.60,11.20
2008.02.05 02:16:05.703,0.9945,0.995,5.60,11.20
2008.02.05 02:16:09.710,0.9945,0.995,5.60,11.20
2008.02.05 02:16:10.118,0.9945,0.995,5.60,11.20
2008.02.05 02:16:23.360,0.9945,0.995,5.60,8.00
2008.02.05 02:16:23.367,0.9945,0.995,6.30,8.80
2008.02.05 02:16:25.867,0.9945,0.995,6.30,8.80
2008.02.05 02:16:26.607,0.9945,0.995,6.30,8.80
2008.02.05 02:16:29.983,0.9945,0.995,6.30,8.80
2008.02.05 02:16:30.026,0.9945,0.995,9.20,20.00
2008.02.05 02:16:30.609,0.9945,0.995,9.20,20.00
2008.02.05 02:16:35.270,0.9945,0.995,9.20,20.00
2008.02.05 02:16:51.240,0.9945,0.995,9.20,20.00
2008.02.05 02:16:51.463,0.9945,0.995,9.20,20.00
2008.02.05 02:17:01.822,0.9945,0.99505,0.80,3.60
2008.02.05 02:17:02.040,0.9945,0.99505,0.80,3.60
2008.02.05 02:17:04.433,0.9945,0.99505,0.80,3.60
2008.02.05 02:17:04.600,0.9945,0.99505,0.80,3.60
2008.02.05 02:17:04.742,0.9945,0.99505,0.80,3.60
2008.02.05 02:17:05.314,0.9945,0.99505,0.80,3.60
2008.02.05 02:17:10.087,0.9945,0.99505,0.80,3.60
2008.02.05 02:17:15.102,0.9945,0.99505,0.80,3.60
2008.02.05 02:17:15.169,0.9945,0.995,3.60,11.20
2008.02.05 02:17:21.939,0.9945,0.995,3.60,11.20
2008.02.05 02:17:49.795,0.9945,0.99505,0.80,3.60
2008.02.05 02:17:50.033,0.9945,0.99505,0.80,3.60
2008.02.05 02:18:01.880,0.9945,0.99505,0.80,3.60
2008.02.05 02:18:02.081,0.9945,0.99505,0.80,3.60
2008.02.05 02:18:09.952,0.9945,0.99505,0.80,3.60
2008.02.05 02:18:10.060,0.9945,0.99505,0.80,3.60
2008.02.05 02:18:35.371,0.9945,0.99505,0.80,3.60
2008.02.05 02:18:35.574,0.9945,0.99505,0.80,3.60
2008.02.05 02:19:02.054,0.9945,0.99505,0.80,3.60
2008.02.05 02:19:02.162,0.9945,0.99505,0.80,3.60
2008.02.05 02:19:10.032,0.9945,0.99505,0.80,3.60
2008.02.05 02:19:10.438,0.9945,0.99505,0.80,3.60
2008.02.05 02:19:20.954,0.9945,0.99505,0.80,3.60
2008.02.05 02:19:21.168,0.9945,0.99505,0.80,3.60
2008.02.05 02:19:39.247,0.9945,0.995,0.80,0.80
2008.02.05 02:19:39.296,0.9945,0.995,5.60,11.20
2008.02.05 02:19:46.066,0.9945,0.9949,4.80,2.40
2008.02.05 02:19:46.110,0.9945,0.9948,4.80,0.80
2008.02.05 02:19:47.211,0.9945,0.9948,5.60,0.80
2008.02.05 02:19:47.311,0.9945,0.9948,5.60,0.80
2008.02.05 02:19:48.856,0.9945,0.9948,5.60,0.80
2008.02.05 02:19:53.295,0.9945,0.9949,5.60,2.40
2008.02.05 02:19:53.347,0.9945,0.995,5.60,11.20
2008.02.05 02:19:53.465,0.9945,0.995,5.60,11.20
2008.02.05 02:19:54.593,0.9945,0.995,5.60,11.20
2008.02.05 02:20:02.358,0.9945,0.995,5.60,11.20
2008.02.05 02:20:03.499,0.9945,0.995,5.60,8.80
2008.02.05 02:20:03.626,0.9945,0.995,6.30,8.80
2008.02.05 02:20:06.766,0.9945,0.995,6.30,8.80
2008.02.05 02:20:06.898,0.9945,0.995,6.30,8.80
2008.02.05 02:20:09.777,0.9945,0.995,7.60,20.00
2008.02.05 02:20:09.830,0.9945,0.995,6.80,20.00
2008.02.05 02:20:10.024,0.9945,0.995,6.80,20.00
2008.02.05 02:20:10.079,0.9945,0.995,3.60,12.00
2008.02.05 02:20:10.141,0.9945,0.995,0.60,8.00
2008.02.05 02:20:10.195,0.99445,0.995,3.30,9.20
2008.02.05 02:20:10.322,0.99445,0.995,3.30,9.60
2008.02.05 02:20:10.374,0.9944,0.9948,5.70,3.60
2008.02.05 02:20:10.603,0.9944,0.9948,13.70,3.60
2008.02.05 02:20:10.738,0.9944,0.9948,16.10,3.60
2008.02.05 02:20:10.844,0.9944,0.9948,16.10,3.60
2008.02.05 02:20:11.138,0.9944,0.995,19.50,25.20
2008.02.05 02:20:11.228,0.9944,0.995,20.20,25.20
2008.02.05 02:20:11.351,0.9944,0.995,20.20,25.20
2008.02.05 02:20:11.619,0.9944,0.995,20.20,24.80
2008.02.05 02:20:11.792,0.9944,0.995,20.20,23.60
2008.02.05 02:20:11.966,0.9944,0.995,20.20,23.60
2008.02.05 02:20:12.139,0.9944,0.995,20.20,23.60
2008.02.05 02:20:15.335,0.9944,0.995,20.20,23.60
2008.02.05 02:20:15.423,0.9944,0.995,20.20,23.70
2008.02.05 02:20:58.973,0.9942,0.9951,0.50,0.50
2008.02.05 02:21:02.370,0.9944,0.995,4.10,3.60
2008.02.05 02:21:02.593,0.9944,0.995,4.10,3.60
2008.02.05 02:21:10.852,0.9944,0.995,4.10,3.60
2008.02.05 02:21:11.575,0.9944,0.995,4.10,3.60
2008.02.05 02:21:44.262,0.9942,0.9951,0.50,0.50
2008.02.05 02:21:44.464,0.9942,0.9951,0.50,0.50
2008.02.05 02:22:01.296,0.9944,0.995,4.10,3.60
2008.02.05 02:22:02.589,0.9944,0.995,4.10,3.60
2008.02.05 02:22:11.587,0.9944,0.995,4.10,3.60
2008.02.05 02:22:29.792,0.9944,0.995,4.10,3.60
2008.02.05 02:22:30.021,0.9944,0.995,4.10,3.60
2008.02.05 02:23:02.582,0.9944,0.995,4.10,3.60
2008.02.05 02:23:03.876,0.9944,0.995,4.10,3.60
2008.02.05 02:23:11.529,0.9944,0.995,4.10,3.60
2008.02.05 02:23:11.741,0.9944,0.995,4.10,3.60
2008.02.05 02:23:15.412,0.9944,0.995,4.10,3.60
2008.02.05 02:23:54.521,0.9945,0.995,0.80,11.30
2008.02.05 02:23:55.046,0.9945,0.995,1.30,11.30
2008.02.05 02:23:55.111,0.9945,0.995,2.00,12.10
2008.02.05 02:23:55.175,0.9945,0.995,2.00,12.10
2008.02.05 02:23:55.386,0.9945,0.995,4.40,20.10
2008.02.05 02:23:55.549,0.9945,0.995,6.80,18.50
2008.02.05 02:23:55.713,0.9945,0.995,6.80,18.50
2008.02.05 02:24:00.765,0.9945,0.995,6.80,18.50
2008.02.05 02:24:00.979,0.9945,0.995,6.80,18.50
2008.02.05 02:24:01.899,0.9945,0.995,6.80,18.50
2008.02.05 02:24:02.505,0.9945,0.9947,6.00,0.80
2008.02.05 02:24:02.588,0.9945,0.9947,3.60,4.80
2008.02.05 02:24:02.670,0.9945,0.9947,1.20,9.60
2008.02.05 02:24:02.818,0.9945,0.9947,1.20,9.60
2008.02.05 02:24:03.150,0.9945,0.99465,0.60,2.40
2008.02.05 02:24:03.538,0.9945,0.99465,0.60,2.40
2008.02.05 02:24:03.866,0.9945,0.99465,0.60,2.40
2008.02.05 02:24:04.194,0.9945,0.99465,0.60,2.40
2008.02.05 02:24:04.478,0.9945,0.99465,0.80,2.40
2008.02.05 02:24:04.566,0.9945,0.99465,1.60,2.40
2008.02.05 02:24:04.655,0.9945,0.9947,5.60,1.60
2008.02.05 02:24:04.744,0.9945,0.9947,8.00,1.60
2008.02.05 02:24:04.893,0.9945,0.9947,8.00,1.60
2008.02.05 02:24:05.092,0.9945,0.9947,8.00,1.60
2008.02.05 02:24:05.301,0.9945,0.9948,8.00,0.20
2008.02.05 02:24:05.509,0.9945,0.995,8.80,18.50
2008.02.05 02:24:05.718,0.9945,0.995,8.80,18.50
2008.02.05 02:24:05.927,0.9945,0.995,8.80,18.50
2008.02.05 02:24:06.110,0.9945,0.995,8.80,18.50
2008.02.05 02:24:27.859,0.9945,0.995,8.80,18.50
2008.02.05 02:24:50.715,0.99445,0.99505,4.10,4.40
2008.02.05 02:24:54.497,0.99445,0.99505,4.10,4.40
2008.02.05 02:24:54.904,0.99445,0.99505,4.10,4.40
2008.02.05 02:25:05.136,0.99445,0.99505,4.10,4.40
2008.02.05 02:25:05.279,0.9945,0.9947,0.60,8.00
2008.02.05 02:25:05.423,0.9945,0.9947,0.60,8.80
2008.02.05 02:25:05.567,0.9945,0.9947,0.60,11.20
2008.02.05 02:25:05.711,0.9945,0.99465,0.60,2.40
2008.02.05 02:25:05.780,0.9945,0.99465,0.60,2.40
2008.02.05 02:25:05.851,0.9945,0.99465,0.60,2.40
2008.02.05 02:25:06.268,0.9945,0.99465,0.60,2.40
2008.02.05 02:25:06.366,0.9945,0.99465,0.60,2.40
2008.02.05 02:25:06.480,0.9945,0.99465,0.60,2.40
2008.02.05 02:25:06.760,0.9945,0.99465,0.60,2.40
2008.02.05 02:25:06.870,0.9945,0.99465,0.60,2.40
2008.02.05 02:25:07.319,0.9945,0.99465,0.60,2.40
2008.02.05 02:25:07.636,0.9945,0.99465,0.60,2.40
2008.02.05 02:25:07.712,0.9945,0.9947,4.00,0.80
2008.02.05 02:25:08.047,0.9945,0.9949,7.20,12.00
2008.02.05 02:25:08.381,0.9945,0.995,8.80,20.10
2008.02.05 02:25:08.713,0.9945,0.995,8.80,18.50
2008.02.05 02:25:08.882,0.9945,0.995,8.80,18.50
2008.02.05 02:25:09.051,0.9945,0.995,8.80,18.50
2008.02.05 02:25:53.496,0.9942,0.9951,0.50,0.50
2008.02.05 02:25:54.886,0.99445,0.99505,4.10,4.40
2008.02.05 02:25:55.099,0.99445,0.99505,4.10,4.40
2008.02.05 02:26:08.196,0.99445,0.99475,4.10,0.50
2008.02.05 02:26:08.415,0.9945,0.9947,0.60,7.20
2008.02.05 02:26:08.564,0.9945,0.9947,0.60,9.60
2008.02.05 02:26:08.712,0.9945,0.9947,0.60,9.60
2008.02.05 02:26:08.860,0.9945,0.9947,0.60,10.40
2008.02.05 02:26:09.009,0.9945,0.99465,0.60,2.40
2008.02.05 02:26:09.157,0.9945,0.99465,0.60,2.40
2008.02.05 02:26:09.306,0.9945,0.99465,0.60,2.40
2008.02.05 02:26:09.495,0.9945,0.99465,0.60,2.40
2008.02.05 02:26:09.743,0.9945,0.99465,0.60,2.40
2008.02.05 02:26:10.129,0.9945,0.99465,0.60,2.40
2008.02.05 02:26:10.377,0.9945,0.99465,0.60,2.40
2008.02.05 02:26:10.711,0.9945,0.99465,0.80,2.40
2008.02.05 02:26:10.824,0.9945,0.9947,4.80,1.60
2008.02.05 02:26:10.938,0.9945,0.9948,8.00,0.90
2008.02.05 02:26:11.051,0.9945,0.9949,8.80,10.40
2008.02.05 02:26:11.721,0.9945,0.9949,8.80,8.00
2008.02.05 02:26:11.875,0.9945,0.995,8.80,20.10
2008.02.05 02:26:12.028,0.9945,0.995,8.80,18.50
2008.02.05 02:26:12.182,0.9945,0.995,8.80,18.50
2008.02.05 02:26:47.331,0.99445,0.99505,4.10,4.40
2008.02.05 02:26:55.087,0.99445,0.99505,4.10,4.40
2008.02.05 02:26:55.289,0.99445,0.99505,4.10,4.40
2008.02.05 02:26:56.271,0.99445,0.99505,4.10,4.40
2008.02.05 02:26:56.389,0.99445,0.99505,4.10,4.40
2008.02.05 02:27:11.859,0.99445,0.99505,4.10,4.40
2008.02.05 02:27:12.273,0.99445,0.99505,4.10,4.40
2008.02.05 02:27:12.321,0.99445,0.99475,4.10,0.50
2008.02.05 02:27:12.383,0.9945,0.99475,1.30,0.50
2008.02.05 02:27:12.432,0.9945,0.9947,2.90,4.80
2008.02.05 02:27:12.491,0.9945,0.9947,2.10,6.40
2008.02.05 02:27:12.538,0.9945,0.9947,0.60,10.40
2008.02.05 02:27:12.596,0.9945,0.9947,0.60,11.20
2008.02.05 02:27:12.798,0.9945,0.9947,0.60,11.20
2008.02.05 02:27:12.895,0.9945,0.99465,0.60,2.40
2008.02.05 02:27:13.007,0.9945,0.99465,0.60,2.40
2008.02.05 02:27:13.057,0.9945,0.99465,0.60,2.40
2008.02.05 02:27:13.106,0.9945,0.99465,0.60,2.40
2008.02.05 02:27:13.502,0.9945,0.99465,0.60,2.40
2008.02.05 02:27:13.621,0.9945,0.99465,0.60,2.40
2008.02.05 02:27:13.823,0.9945,0.99465,0.60,2.40
2008.02.05 02:27:14.138,0.9945,0.99465,0.60,2.40
2008.02.05 02:27:14.386,0.9945,0.99465,0.80,2.40
2008.02.05 02:27:14.635,0.9945,0.9948,5.60,3.30
2008.02.05 02:27:14.885,0.9945,0.9949,8.80,9.60
2008.02.05 02:27:15.134,0.9945,0.995,8.80,18.50
2008.02.05 02:27:15.376,0.9945,0.995,8.80,18.50
2008.02.05 02:27:15.624,0.9945,0.995,8.80,18.50
2008.02.05 02:27:15.866,0.9945,0.995,8.80,18.50
2008.02.05 02:27:16.109,0.9945,0.995,8.80,18.50
2008.02.05 02:27:55.280,0.99445,0.99505,4.10,4.40
2008.02.05 02:28:01.086,0.99445,0.99505,4.10,4.40
2008.02.05 02:28:01.241,0.99445,0.99505,4.10,4.40
2008.02.05 02:28:14.574,0.99445,0.99505,4.10,4.40
2008.02.05 02:28:14.966,0.99445,0.99475,4.10,0.50
2008.02.05 02:28:15.165,0.9945,0.9947,0.60,7.20
2008.02.05 02:28:15.362,0.9945,0.9947,0.60,9.60
2008.02.05 02:28:15.475,0.9945,0.9947,0.60,8.80
2008.02.05 02:28:15.589,0.9945,0.99465,0.60,2.40
2008.02.05 02:28:15.702,0.9945,0.99465,0.60,2.40
2008.02.05 02:28:16.013,0.9945,0.99465,0.60,2.40
2008.02.05 02:28:16.127,0.9945,0.99465,0.60,2.40
2008.02.05 02:28:16.240,0.9945,0.99465,0.60,2.40
2008.02.05 02:28:16.354,0.9945,0.99465,0.60,2.40
2008.02.05 02:28:16.530,0.9945,0.99465,0.60,2.40
2008.02.05 02:28:16.834,0.9945,0.99465,0.60,2.40
2008.02.05 02:28:17.038,0.9945,0.99465,0.60,2.40
2008.02.05 02:28:17.456,0.9945,0.99465,0.80,2.40
2008.02.05 02:28:17.504,0.9945,0.9947,4.80,3.20
2008.02.05 02:28:17.552,0.9945,0.9948,5.60,7.30
2008.02.05 02:28:17.605,0.9945,0.9948,8.00,2.50
2008.02.05 02:28:17.663,0.9945,0.9948,8.00,2.50
2008.02.05 02:28:17.710,0.9945,0.9948,8.80,0.20
2008.02.05 02:28:17.759,0.9945,0.9949,8.80,11.20
2008.02.05 02:28:17.807,0.9945,0.9949,8.80,11.20
2008.02.05 02:28:17.855,0.9945,0.9949,8.80,10.40
2008.02.05 02:28:17.965,0.9945,0.9949,8.80,9.60
2008.02.05 02:28:18.012,0.9945,0.9949,8.80,9.60
2008.02.05 02:28:18.060,0.9945,0.9949,8.80,5.60
2008.02.05 02:28:18.108,0.9945,0.9949,8.80,2.40
2008.02.05 02:28:18.156,0.9945,0.995,8.80,18.50
2008.02.05 02:28:18.347,0.9945,0.995,8.80,18.50
2008.02.05 02:28:18.550,0.9945,0.995,8.80,18.50
2008.02.05 02:28:18.878,0.9945,0.995,8.80,18.50
2008.02.05 02:28:19.171,0.9945,0.995,8.80,18.50
2008.02.05 02:28:55.321,0.99445,0.99505,4.10,4.40
2008.02.05 02:28:55.531,0.99445,0.99505,4.10,4.40
2008.02.05 02:29:04.194,0.99445,0.99505,4.10,4.40
2008.02.05 02:29:08.300,0.99445,0.99505,4.10,4.40
2008.02.05 02:29:18.032,0.99445,0.99505,4.10,4.40
2008.02.05 02:29:18.533,0.99445,0.99475,4.10,0.50
2008.02.05 02:29:18.801,0.9945,0.9947,0.60,1.60
2008.02.05 02:29:18.975,0.9945,0.9947,0.60,9.60
2008.02.05 02:29:19.148,0.9945,0.99465,0.60,2.40
2008.02.05 02:29:19.322,0.9945,0.99465,0.60,2.40
2008.02.05 02:29:19.496,0.9945,0.99465,0.60,2.40
2008.02.05 02:29:19.849,0.9945,0.99465,0.60,2.40
2008.02.05 02:29:20.082,0.9945,0.99465,0.60,2.40
2008.02.05 02:29:20.376,0.9945,0.99465,0.60,2.40
2008.02.05 02:29:20.609,0.9945,0.99465,0.80,2.40
2008.02.05 02:29:20.843,0.9945,0.9948,7.20,0.20
2008.02.05 02:29:21.037,0.9945,0.9949,7.20,12.00
2008.02.05 02:29:21.232,0.9945,0.995,8.80,23.30
2008.02.05 02:29:21.426,0.9945,0.995,8.80,18.90
2008.02.05 02:29:21.817,0.9945,0.995,8.80,18.90
2008.02.05 02:29:22.117,0.9945,0.995,8.80,18.90
2008.02.05 02:29:22.332,0.9945,0.995,8.80,18.90
2008.02.05 02:29:31.324,0.9945,0.995,8.80,18.90
2008.02.05 02:29:55.584,0.99445,0.99505,4.10,4.40
2008.02.05 02:30:06.622,0.99445,0.99505,4.10,4.40
2008.02.05 02:30:06.838,0.99445,0.99505,4.10,4.40
2008.02.05 02:30:15.792,0.99445,0.99505,4.10,4.40
2008.02.05 02:30:16.310,0.99445,0.99505,4.10,4.40
2008.02.05 02:30:21.189,0.99445,0.99475,4.10,0.50
2008.02.05 02:30:21.377,0.9945,0.9947,0.60,11.20
2008.02.05 02:30:21.565,0.9945,0.9947,0.60,11.20
2008.02.05 02:30:21.768,0.9945,0.99465,0.60,2.40
2008.02.05 02:30:21.957,0.9945,0.99465,0.60,2.40
2008.02.05 02:30:22.300,0.9945,0.99465,0.60,2.40
2008.02.05 02:30:22.484,0.9945,0.99465,0.60,2.40
2008.02.05 02:30:22.668,0.9945,0.99465,0.60,2.40
2008.02.05 02:30:22.851,0.9945,0.99465,0.60,2.40
2008.02.05 02:30:23.214,0.9945,0.99465,0.60,2.40
2008.02.05 02:30:23.695,0.9945,0.99465,0.80,2.40
2008.02.05 02:30:23.899,0.9945,0.9948,5.60,3.30
2008.02.05 02:30:24.103,0.9945,0.9949,8.80,10.40
2008.02.05 02:30:24.307,0.9945,0.9949,7.20,3.20
2008.02.05 02:30:24.511,0.9945,0.995,7.20,23.70
2008.02.05 02:30:24.599,0.9945,0.995,7.20,20.10
2008.02.05 02:30:24.850,0.9945,0.995,7.20,20.10
2008.02.05 02:30:25.066,0.9945,0.995,7.20,20.10
2008.02.05 02:30:25.259,0.9945,0.995,7.20,20.10
2008.02.05 02:30:31.684,0.9945,0.995,7.20,20.00
2008.02.05 02:30:31.850,0.9945,0.995,7.20,20.00
2008.02.05 02:30:52.303,0.9945,0.995,7.20,20.00
2008.02.05 02:30:55.479,0.9945,0.995,1.30,11.20
2008.02.05 02:30:55.617,0.9945,0.995,1.30,11.20
2008.02.05 02:31:09.353,0.99445,0.99505,4.10,3.60
2008.02.05 02:31:09.579,0.99445,0.99505,4.10,3.60
2008.02.05 02:31:18.819,0.99445,0.99505,4.10,3.60
2008.02.05 02:31:19.228,0.99445,0.99505,4.10,3.60
2008.02.05 02:31:20.272,0.99445,0.99505,4.10,3.60
2008.02.05 02:31:24.258,0.99445,0.99505,4.10,3.60
2008.02.05 02:31:24.797,0.99445,0.99475,4.10,0.50
2008.02.05 02:31:24.936,0.9945,0.9947,0.60,6.40
2008.02.05 02:31:25.073,0.9945,0.9947,0.60,8.80
2008.02.05 02:31:25.261,0.9945,0.9947,0.60,8.80
2008.02.05 02:31:25.450,0.9945,0.9948,5.60,5.60
2008.02.05 02:31:25.638,0.9945,0.9949,5.60,0.80
2008.02.05 02:31:25.827,0.9945,0.9949,5.60,0.80
2008.02.05 02:31:26.016,0.9945,0.9949,7.20,9.60
2008.02.05 02:31:26.332,0.9945,0.9949,7.20,9.60
2008.02.05 02:31:26.416,0.9945,0.9949,7.20,3.20
2008.02.05 02:31:26.500,0.9945,0.995,7.20,21.20
2008.02.05 02:31:26.583,0.9945,0.995,7.20,17.60
2008.02.05 02:31:27.043,0.9945,0.995,7.20,17.60
2008.02.05 02:31:27.367,0.9945,0.995,8.00,17.60
2008.02.05 02:31:27.815,0.9945,0.995,8.00,17.60
2008.02.05 02:31:47.043,0.9945,0.995,8.00,17.60
2008.02.05 02:31:50.769,0.9945,0.995,8.00,17.60
2008.02.05 02:31:54.751,0.9945,0.995,8.00,17.60
2008.02.05 02:31:55.623,0.9945,0.995,8.00,17.60
2008.02.05 02:31:55.833,0.9945,0.995,8.00,17.60
2008.02.05 02:32:00.849,0.99445,0.99505,4.10,3.60
2008.02.05 02:32:20.567,0.99445,0.99505,4.10,3.60
2008.02.05 02:32:23.822,0.99445,0.99505,4.10,3.60
2008.02.05 02:32:26.395,0.99445,0.99475,4.10,0.50
2008.02.05 02:32:26.534,0.9945,0.9947,0.60,8.00
2008.02.05 02:32:26.672,0.9945,0.9947,0.60,8.00
2008.02.05 02:32:26.811,0.9945,0.9947,0.60,8.00
2008.02.05 02:32:26.950,0.9945,0.9947,5.60,4.00
2008.02.05 02:32:27.088,0.9945,0.9947,8.00,0.80
2008.02.05 02:32:27.227,0.9945,0.9949,8.80,0.80
2008.02.05 02:32:27.386,0.9945,0.995,8.80,18.40
2008.02.05 02:32:28.344,0.9945,0.995,8.80,18.40
2008.02.05 02:32:29.843,0.9945,0.995,8.80,18.40
2008.02.05 02:32:43.845,0.9945,0.995,8.80,18.40
2008.02.05 02:33:12.532,0.99445,0.99505,4.10,3.60
2008.02.05 02:33:21.444,0.99445,0.99505,4.10,3.60
2008.02.05 02:33:21.957,0.99445,0.99505,4.10,3.60
2008.02.05 02:33:27.996,0.99445,0.99475,4.10,0.50
2008.02.05 02:33:28.041,0.9945,0.9947,1.30,1.60
2008.02.05 02:33:28.102,0.9945,0.9947,1.30,8.80
2008.02.05 02:33:28.124,0.9945,0.9947,0.60,8.80
2008.02.05 02:33:28.315,0.9945,0.9947,0.60,9.60
2008.02.05 02:33:28.517,0.9945,0.9947,0.60,9.60
2008.02.05 02:33:28.624,0.9945,0.99465,0.60,2.40
2008.02.05 02:33:28.642,0.9945,0.99465,0.60,2.40
2008.02.05 02:33:28.717,0.9945,0.99465,0.60,2.40
2008.02.05 02:33:28.743,0.9945,0.99465,0.60,0.80
2008.02.05 02:33:28.816,0.9945,0.99465,0.60,0.80
2008.02.05 02:33:28.852,0.9945,0.99465,0.60,0.80
2008.02.05 02:33:29.007,0.9945,0.99465,0.80,0.80
2008.02.05 02:33:29.066,0.9945,0.99465,0.80,0.80
2008.02.05 02:33:29.164,0.9945,0.9947,4.00,1.60
2008.02.05 02:33:29.263,0.9945,0.9947,7.20,0.80
2008.02.05 02:33:29.362,0.9945,0.9949,7.20,12.00
2008.02.05 02:33:29.460,0.9945,0.9949,7.20,12.00
2008.02.05 02:33:29.559,0.9945,0.9949,7.20,9.60
2008.02.05 02:33:29.657,0.9945,0.9949,7.20,2.40
2008.02.05 02:33:29.756,0.9945,0.995,7.20,22.40
2008.02.05 02:33:30.431,0.9945,0.995,7.20,22.40
2008.02.05 02:33:30.834,0.9945,0.995,7.20,22.40
2008.02.05 02:33:30.928,0.9945,0.995,7.20,21.60
2008.02.05 02:33:31.021,0.9945,0.995,7.20,20.80
2008.02.05 02:33:31.115,0.9945,0.995,7.20,20.00
2008.02.05 02:33:35.380,0.9945,0.995,7.20,20.00
2008.02.05 02:33:43.801,0.9945,0.995,7.20,20.00
2008.02.05 02:33:45.044,0.9945,0.995,7.20,20.00
2008.02.05 02:34:04.588,0.9945,0.99485,0.40,0.50
2008.02.05 02:34:04.609,0.9945,0.99485,1.60,0.50
2008.02.05 02:34:04.651,0.9945,0.99485,1.60,0.50
2008.02.05 02:34:04.715,0.9945,0.9948,1.60,2.40
2008.02.05 02:34:04.757,0.9945,0.9948,1.60,2.40
2008.02.05 02:34:04.783,0.9945,0.9948,6.40,2.40
2008.02.05 02:34:04.878,0.9945,0.9948,8.00,6.40
2008.02.05 02:34:05.055,0.9945,0.9948,8.00,6.40
2008.02.05 02:34:05.158,0.9945,0.9948,8.80,6.40
2008.02.05 02:34:05.673,0.9945,0.9948,8.80,6.40
2008.02.05 02:34:06.188,0.9945,0.9948,8.80,6.40
2008.02.05 02:34:06.277,0.9945,0.9948,5.60,9.60
2008.02.05 02:34:08.261,0.9945,0.9948,5.60,7.20
2008.02.05 02:34:08.693,0.9945,0.9948,5.60,7.20
2008.02.05 02:34:08.784,0.9945,0.9948,5.60,9.60
2008.02.05 02:34:08.842,0.9945,0.9948,5.60,9.60
2008.02.05 02:34:08.929,0.9945,0.9948,5.60,9.60
2008.02.05 02:34:44.889,0.99445,0.9949,0.80,0.80
2008.02.05 02:34:45.090,0.99445,0.9949,0.80,0.80
2008.02.05 02:34:52.570,0.99445,0.9949,0.80,0.80
2008.02.05 02:34:54.507,0.99445,0.9949,0.80,0.80
2008.02.05 02:35:04.716,0.99445,0.99495,0.80,3.60
2008.02.05 02:35:05.016,0.99445,0.9949,0.80,0.80
2008.02.05 02:35:26.794,0.9945,0.9948,4.00,8.00
2008.02.05 02:35:39.922,0.9945,0.9948,4.00,8.00
2008.02.05 02:35:40.155,0.9945,0.9948,4.00,8.00
2008.02.05 02:35:42.709,0.9945,0.9948,4.00,8.00
2008.02.05 02:35:42.832,0.9945,0.9948,4.00,8.80
2008.02.05 02:35:42.955,0.99445,0.9948,0.80,7.20
2008.02.05 02:35:43.078,0.99445,0.9948,0.80,10.40
2008.02.05 02:35:51.729,0.9945,0.9948,0.40,10.40
2008.02.05 02:35:51.877,0.9945,0.9948,0.40,10.40
2008.02.05 02:35:51.961,0.9945,0.9948,0.40,10.40
2008.02.05 02:35:52.045,0.9945,0.9948,2.70,12.00
2008.02.05 02:35:52.128,0.9945,0.9948,2.70,12.00
2008.02.05 02:35:52.312,0.9945,0.9948,3.20,12.00
2008.02.05 02:35:52.396,0.9945,0.9948,4.00,11.20
2008.02.05 02:35:53.045,0.9945,0.9948,4.00,11.20
2008.02.05 02:35:54.141,0.99455,0.9948,0.40,11.60
2008.02.05 02:35:54.310,0.99455,0.9948,0.40,11.60
2008.02.05 02:35:58.642,0.99455,0.9948,0.40,11.60
2008.02.05 02:36:04.167,0.9945,0.9948,7.20,11.20
2008.02.05 02:36:04.296,0.9945,0.9948,7.20,9.60
2008.02.05 02:36:04.395,0.9945,0.9948,5.60,9.60
2008.02.05 02:36:05.086,0.9945,0.9948,5.60,9.60
2008.02.05 02:36:05.286,0.9945,0.9948,5.60,9.60
2008.02.05 02:36:11.334,0.9945,0.9948,5.60,9.60
2008.02.05 02:36:14.119,0.99455,0.9948,0.40,10.00
2008.02.05 02:36:14.283,0.99455,0.9948,0.40,11.60
2008.02.05 02:36:14.315,0.99455,0.9948,0.40,11.60
2008.02.05 02:36:18.177,0.9945,0.9948,7.20,11.20
2008.02.05 02:36:18.283,0.99455,0.9948,0.40,11.60
2008.02.05 02:36:18.326,0.99455,0.9948,0.40,11.60
2008.02.05 02:36:18.364,0.99455,0.9948,0.40,10.00
2008.02.05 02:36:28.247,0.9945,0.9948,4.80,9.60
2008.02.05 02:36:28.400,0.9945,0.9948,6.40,9.60
2008.02.05 02:36:28.553,0.9945,0.9948,6.40,11.20
2008.02.05 02:36:35.618,0.9945,0.9948,6.40,11.20
2008.02.05 02:36:38.271,0.9945,0.9948,4.80,11.20
2008.02.05 02:36:38.529,0.99455,0.9948,0.40,11.60
2008.02.05 02:36:38.839,0.99455,0.9948,0.40,11.60
2008.02.05 02:36:39.067,0.99455,0.9948,0.40,11.60
2008.02.05 02:36:42.888,0.99455,0.9948,0.40,11.60
2008.02.05 02:36:51.885,0.99455,0.9948,0.40,11.60
2008.02.05 02:36:52.299,0.99455,0.9948,0.40,11.60
2008.02.05 02:37:05.292,0.99455,0.9948,0.40,11.60
2008.02.05 02:37:15.321,0.99445,0.9949,0.80,0.80
2008.02.05 02:37:24.595,0.99445,0.9949,0.80,0.80
2008.02.05 02:37:24.817,0.99445,0.9949,0.80,0.80
2008.02.05 02:37:30.424,0.99445,0.9949,0.80,0.80
2008.02.05 02:37:31.257,0.99445,0.9949,0.80,0.80
2008.02.05 02:37:42.073,0.99445,0.9949,0.80,0.80
2008.02.05 02:37:52.279,0.99445,0.9949,0.80,0.80
2008.02.05 02:37:52.576,0.99445,0.9949,0.80,0.80
2008.02.05 02:38:05.380,0.99445,0.99495,0.80,3.60
2008.02.05 02:38:05.597,0.99445,0.9949,0.80,0.80
2008.02.05 02:38:10.046,0.99445,0.9949,0.80,0.80
2008.02.05 02:38:10.272,0.99445,0.9949,0.80,0.80
2008.02.05 02:38:25.589,0.99445,0.9949,0.80,0.80
2008.02.05 02:38:45.457,0.9945,0.99485,0.40,0.50
2008.02.05 02:38:45.515,0.9945,0.9948,4.30,6.40
2008.02.05 02:38:45.544,0.9945,0.9948,6.40,9.60
2008.02.05 02:38:52.357,0.9945,0.9948,6.40,9.60
2008.02.05 02:38:52.560,0.9945,0.9948,6.40,9.60
2008.02.05 02:38:55.414,0.99455,0.9948,0.40,10.00
2008.02.05 02:38:55.603,0.99455,0.9948,0.40,11.60
2008.02.05 02:38:55.702,0.99455,0.9948,0.40,11.60
2008.02.05 02:39:05.426,0.99455,0.9948,0.40,11.60
2008.02.05 02:39:05.482,0.9945,0.9948,4.80,11.20
2008.02.05 02:39:05.580,0.9945,0.9948,4.80,9.60
2008.02.05 02:39:05.592,0.9945,0.9948,6.40,9.60
2008.02.05 02:39:06.559,0.9945,0.9948,6.40,9.60
2008.02.05 02:39:07.620,0.9945,0.9948,6.40,7.20
2008.02.05 02:39:07.672,0.9945,0.9948,6.40,7.20
2008.02.05 02:39:07.700,0.9945,0.9948,7.20,6.40
2008.02.05 02:39:07.732,0.9945,0.9948,9.60,6.40
2008.02.05 02:39:08.148,0.9945,0.9948,7.20,6.40
2008.02.05 02:39:08.179,0.9945,0.9948,6.90,6.80
2008.02.05 02:39:08.207,0.9945,0.9948,6.10,9.20
2008.02.05 02:39:08.244,0.9945,0.9947,2.10,4.00
2008.02.05 02:39:08.292,0.9945,0.9947,2.10,4.00
2008.02.05 02:39:08.319,0.9945,0.9947,0.60,4.00
2008.02.05 02:39:08.606,0.9945,0.9947,0.60,4.00
2008.02.05 02:39:08.838,0.9945,0.9947,0.60,4.00
2008.02.05 02:39:08.907,0.9945,0.9947,0.60,4.00
2008.02.05 02:39:09.287,0.9945,0.9947,0.60,4.00
2008.02.05 02:39:09.355,0.9945,0.9947,0.60,4.00
2008.02.05 02:39:09.526,0.9945,0.9947,0.60,4.00
2008.02.05 02:39:17.483,0.9945,0.9947,0.60,4.00
2008.02.05 02:39:17.616,0.9945,0.9947,0.60,4.00
2008.02.05 02:39:20.160,0.9945,0.9947,0.60,4.00
2008.02.05 02:39:32.098,0.9945,0.9947,0.60,4.00
2008.02.05 02:39:32.615,0.9945,0.9947,0.60,4.00
2008.02.05 02:39:47.401,0.9945,0.99475,0.80,0.50
2008.02.05 02:39:47.499,0.9945,0.9947,0.80,4.00
2008.02.05 02:39:47.598,0.9945,0.9947,0.80,5.60
2008.02.05 02:39:52.647,0.9945,0.9947,0.80,5.60
2008.02.05 02:39:52.851,0.9945,0.9947,0.80,5.60
2008.02.05 02:39:55.995,0.9945,0.9947,0.80,5.60
2008.02.05 02:39:56.224,0.9945,0.9947,0.80,5.60
2008.02.05 02:39:57.480,0.9945,0.9947,0.60,5.60
2008.02.05 02:39:57.638,0.9945,0.9947,0.60,4.00
2008.02.05 02:40:03.352,0.9945,0.9947,0.60,4.00
2008.02.05 02:40:07.402,0.9945,0.9947,0.80,4.00
2008.02.05 02:40:07.620,0.9945,0.9947,0.80,4.00
2008.02.05 02:40:07.679,0.9945,0.9947,0.80,5.60
2008.02.05 02:40:08.306,0.9945,0.9947,0.80,5.60
2008.02.05 02:40:08.866,0.9945,0.9947,0.80,5.60
2008.02.05 02:40:09.290,0.9945,0.9947,0.80,5.60
2008.02.05 02:40:17.501,0.9945,0.9947,0.80,5.60
2008.02.05 02:40:17.706,0.9945,0.9947,0.80,5.60
2008.02.05 02:40:26.898,0.9945,0.9947,0.80,5.60
2008.02.05 02:40:37.089,0.9945,0.9947,0.80,5.60
2008.02.05 02:40:41.714,0.9945,0.9948,0.60,7.20
2008.02.05 02:40:49.765,0.99445,0.9948,0.80,0.80
2008.02.05 02:40:49.987,0.99445,0.9948,0.80,0.80
2008.02.05 02:40:50.868,0.99445,0.9948,0.80,0.80
2008.02.05 02:40:52.603,0.99445,0.9948,0.80,0.80
2008.02.05 02:40:52.823,0.99445,0.9948,0.80,0.80
2008.02.05 02:40:58.323,0.99445,0.9948,0.80,0.80
2008.02.05 02:41:00.067,0.99445,0.9948,0.80,0.80
2008.02.05 02:41:08.642,0.99445,0.9949,0.80,4.00
2008.02.05 02:41:09.780,0.99445,0.9948,0.80,0.80
2008.02.05 02:41:14.831,0.99445,0.9948,1.10,1.20
2008.02.05 02:41:14.906,0.99445,0.9947,1.10,4.00
2008.02.05 02:41:14.947,0.9945,0.9947,0.60,4.00
2008.02.05 02:41:17.728,0.9945,0.9947,0.60,4.00
2008.02.05 02:41:17.902,0.9945,0.9947,0.60,4.00
2008.02.05 02:41:21.947,0.9945,0.9947,0.60,4.00
2008.02.05 02:41:24.795,0.9945,0.9947,0.80,4.00
2008.02.05 02:41:24.888,0.9945,0.9947,0.80,4.00
2008.02.05 02:41:24.961,0.9945,0.9947,0.80,4.00
2008.02.05 02:41:24.996,0.9945,0.9947,0.80,5.60
2008.02.05 02:41:25.299,0.9945,0.9947,0.80,5.60
2008.02.05 02:41:34.860,0.9945,0.9947,0.60,5.60
2008.02.05 02:41:34.898,0.9945,0.9947,0.60,5.60
2008.02.05 02:41:34.970,0.9945,0.9947,0.60,5.60
2008.02.05 02:41:34.977,0.9945,0.9947,0.60,4.00
2008.02.05 02:41:35.723,0.9945,0.9947,0.60,4.00
2008.02.05 02:41:35.936,0.9945,0.9947,0.60,4.00
2008.02.05 02:41:52.782,0.9945,0.9947,0.60,4.00
2008.02.05 02:41:52.975,0.9945,0.9947,0.60,4.00
2008.02.05 02:41:53.282,0.9945,0.9947,0.60,4.00
2008.02.05 02:42:09.874,0.99445,0.9949,0.80,3.60
2008.02.05 02:42:10.092,0.99445,0.9948,0.80,0.80
2008.02.05 02:42:16.789,0.9945,0.9948,0.60,4.80
2008.02.05 02:42:16.893,0.9945,0.9948,0.60,4.80
2008.02.05 02:42:16.909,0.9945,0.9948,0.60,5.60
2008.02.05 02:42:21.383,0.9945,0.9948,0.60,5.60
2008.02.05 02:42:27.318,0.9945,0.9948,0.60,5.60
2008.02.05 02:42:28.349,0.9945,0.9948,0.60,5.60
2008.02.05 02:42:33.765,0.9945,0.99475,0.80,0.50
2008.02.05 02:42:45.075,0.9945,0.99475,0.80,0.50
2008.02.05 02:42:52.844,0.9945,0.99475,0.40,0.50
2008.02.05 02:42:53.044,0.9945,0.99475,0.40,0.50
2008.02.05 02:43:06.922,0.99445,0.9948,0.80,0.80
2008.02.05 02:43:07.148,0.99445,0.9948,0.80,0.80
2008.02.05 02:43:09.906,0.99445,0.9949,0.80,4.00
2008.02.05 02:43:10.121,0.99445,0.9948,0.80,0.80
2008.02.05 02:43:15.858,0.9945,0.9948,0.60,4.80
2008.02.05 02:43:15.965,0.9945,0.9948,0.60,5.60
2008.02.05 02:43:16.149,0.9945,0.9948,0.60,5.60
2008.02.05 02:43:50.532,0.9944,0.9947,4.80,4.00
2008.02.05 02:43:52.609,0.9944,0.9947,4.80,4.00
2008.02.05 02:43:53.010,0.99445,0.9947,0.80,4.00
2008.02.05 02:43:53.107,0.99445,0.9947,0.80,4.00
2008.02.05 02:44:10.087,0.99445,0.9947,0.80,4.00
2008.02.05 02:44:10.403,0.99445,0.9947,0.80,4.00
2008.02.05 02:44:15.994,0.9945,0.9947,0.60,4.00
2008.02.05 02:44:16.090,0.9945,0.9947,0.60,4.00
2008.02.05 02:44:37.883,0.9945,0.9948,0.60,5.60
2008.02.05 02:44:38.098,0.9945,0.9948,0.60,5.60
2008.02.05 02:44:53.029,0.99445,0.9948,0.80,0.80
2008.02.05 02:44:53.231,0.99445,0.9948,0.80,0.80
2008.02.05 02:45:10.310,0.99445,0.9948,0.80,0.80
2008.02.05 02:45:16.131,0.9945,0.9948,0.60,4.80
2008.02.05 02:45:16.333,0.9945,0.9948,0.60,5.60
2008.02.05 02:45:23.210,0.9945,0.9948,0.60,5.60
2008.02.05 02:45:23.436,0.9945,0.9948,0.60,5.60
2008.02.05 02:45:47.441,0.99445,0.9948,0.40,0.50
2008.02.05 02:45:47.550,0.9945,0.9947,2.10,4.00
2008.02.05 02:45:53.201,0.9945,0.9947,2.10,4.00
2008.02.05 02:45:53.308,0.9945,0.9947,2.10,4.00
2008.02.05 02:45:57.386,0.9945,0.9947,2.40,4.00
2008.02.05 02:45:57.514,0.9945,0.9947,0.80,4.00
2008.02.05 02:45:57.551,0.9945,0.9947,0.80,4.00
2008.02.05 02:46:07.436,0.9945,0.9947,0.60,4.00
2008.02.05 02:46:07.495,0.9945,0.9947,0.60,4.00
2008.02.05 02:46:07.591,0.9945,0.9947,0.60,5.60
2008.02.05 02:46:08.736,0.9945,0.9947,0.60,5.60
2008.02.05 02:46:08.948,0.9945,0.9947,0.60,5.60
2008.02.05 02:46:10.266,0.9945,0.9947,0.60,5.60
2008.02.05 02:46:11.387,0.9945,0.9947,0.60,5.60
2008.02.05 02:46:16.277,0.9945,0.9947,0.60,5.60
2008.02.05 02:46:16.380,0.9945,0.9947,0.60,5.60
2008.02.05 02:46:53.468,0.99445,0.9948,0.80,0.80
2008.02.05 02:46:53.564,0.99445,0.9948,0.80,0.80
2008.02.05 02:46:54.363,0.99445,0.9948,0.80,0.80
2008.02.05 02:46:54.501,0.99445,0.9948,0.80,0.80
2008.02.05 02:47:11.759,0.99445,0.9948,0.80,0.80
2008.02.05 02:47:15.139,0.99445,0.9948,0.80,0.80
2008.02.05 02:47:15.367,0.9945,0.9948,0.60,6.40
2008.02.05 02:47:15.478,0.9945,0.9948,0.60,7.20
2008.02.05 02:47:39.840,0.9945,0.9948,0.60,7.20
2008.02.05 02:47:51.203,0.99445,0.9948,0.80,0.80
2008.02.05 02:47:53.654,0.99445,0.9948,0.80,0.80
2008.02.05 02:48:11.528,0.99445,0.9949,0.80,3.60
2008.02.05 02:48:11.621,0.99445,0.9948,0.80,0.80
2008.02.05 02:48:15.515,0.9945,0.9948,0.60,6.40
2008.02.05 02:48:15.634,0.9945,0.9948,0.60,7.20
2008.02.05 02:48:25.837,0.9945,0.9948,0.60,7.20
2008.02.05 02:48:27.283,0.9945,0.9948,0.80,7.20
2008.02.05 02:48:27.373,0.9945,0.9947,4.00,5.60
2008.02.05 02:48:27.461,0.9945,0.99475,5.60,2.40
2008.02.05 02:48:27.549,0.9945,0.99475,5.10,2.40
2008.02.05 02:48:27.636,0.9945,0.99475,5.10,2.40
2008.02.05 02:48:28.612,0.9945,0.99475,5.10,2.40
2008.02.05 02:49:11.121,0.9943,0.9949,0.50,0.50
2008.02.05 02:49:11.453,0.9943,0.9949,0.50,0.50
2008.02.05 02:49:13.005,0.99455,0.9948,0.40,0.50
2008.02.05 02:49:13.140,0.99455,0.9948,0.40,5.20
2008.02.05 02:49:15.634,0.99455,0.9948,0.40,4.40
2008.02.05 02:49:15.753,0.99455,0.9948,0.40,5.20
2008.02.05 02:49:23.085,0.99455,0.9948,0.40,5.20
2008.02.05 02:49:23.213,0.9945,0.9948,1.10,4.80
2008.02.05 02:49:25.623,0.9945,0.9948,1.10,4.80
2008.02.05 02:49:26.815,0.9945,0.9948,1.10,5.60
2008.02.05 02:49:27.333,0.9945,0.9948,1.10,5.60
2008.02.05 02:49:27.741,0.9945,0.9948,1.10,5.60
2008.02.05 02:49:33.024,0.99455,0.9948,0.40,6.00
2008.02.05 02:49:33.116,0.99455,0.9948,0.40,6.00
2008.02.05 02:49:38.409,0.9945,0.9948,2.40,6.00
2008.02.05 02:49:38.470,0.9945,0.9948,2.40,6.00
2008.02.05 02:49:38.478,0.9945,0.9948,1.60,6.00
2008.02.05 02:49:38.502,0.9945,0.9947,1.60,4.00
2008.02.05 02:49:38.566,0.99445,0.9947,1.10,4.00
2008.02.05 02:49:38.605,0.99445,0.9947,1.10,4.00
2008.02.05 02:49:38.682,0.9945,0.9947,0.60,4.00
2008.02.05 02:49:39.484,0.9945,0.9947,0.60,4.00
2008.02.05 02:49:39.591,0.9945,0.9947,0.60,4.00
2008.02.05 02:49:56.621,0.9945,0.9947,0.60,4.00
2008.02.05 02:49:56.841,0.9945,0.9947,0.60,4.00
2008.02.05 02:50:15.777,0.9945,0.9948,0.60,4.00
2008.02.05 02:50:15.886,0.9945,0.9948,0.60,4.80
2008.02.05 02:50:15.929,0.9945,0.9948,0.60,5.60
2008.02.05 02:50:23.408,0.9945,0.9948,0.60,5.60
2008.02.05 02:50:26.782,0.9945,0.9948,0.60,4.80
2008.02.05 02:50:26.889,0.9945,0.9948,0.60,5.60
2008.02.05 02:50:38.644,0.9945,0.9948,0.60,5.60
2008.02.05 02:50:39.166,0.9945,0.9948,0.60,5.60
2008.02.05 02:50:42.197,0.9945,0.9948,0.60,5.60
2008.02.05 02:50:42.429,0.9945,0.9948,0.60,5.60
2008.02.05 02:50:54.110,0.99445,0.9948,0.80,0.80
2008.02.05 02:51:03.341,0.99445,0.9948,0.80,0.80
2008.02.05 02:51:10.152,0.99445,0.99465,0.80,0.50
2008.02.05 02:51:10.358,0.9945,0.9946,0.60,2.40
2008.02.05 02:51:10.433,0.9945,0.99455,0.60,2.40
2008.02.05 02:51:10.506,0.9945,0.99455,0.60,2.40
2008.02.05 02:51:11.426,0.9945,0.99455,0.60,2.40
2008.02.05 02:51:15.894,0.9945,0.99455,0.60,2.40
2008.02.05 02:51:15.998,0.9945,0.99455,0.60,2.40
2008.02.05 02:51:16.046,0.9945,0.99455,0.60,2.40
2008.02.05 02:51:25.884,0.9945,0.99455,0.60,2.40
2008.02.05 02:51:25.914,0.9945,0.99455,0.60,2.40
2008.02.05 02:51:49.384,0.9945,0.99455,0.60,2.40
2008.02.05 02:51:49.552,0.9945,0.9946,0.60,4.80
2008.02.05 02:51:49.705,0.9945,0.9946,0.60,4.00
2008.02.05 02:51:49.859,0.9945,0.9946,0.60,4.00
2008.02.05 02:51:50.011,0.99445,0.9946,0.80,4.00
2008.02.05 02:51:50.380,0.99445,0.9946,0.80,4.00
2008.02.05 02:51:50.832,0.99445,0.9946,0.80,4.00
2008.02.05 02:51:51.961,0.99445,0.9946,0.80,4.00
2008.02.05 02:51:52.056,0.99445,0.9946,0.80,4.00
2008.02.05 02:51:52.131,0.99445,0.9946,0.80,4.00
2008.02.05 02:51:52.213,0.99445,0.9947,0.80,6.40
2008.02.05 02:51:52.251,0.99445,0.9947,0.80,5.60
2008.02.05 02:51:52.290,0.99445,0.9948,0.80,7.60
2008.02.05 02:51:52.328,0.99445,0.9948,0.80,5.20
2008.02.05 02:51:52.368,0.99445,0.9948,0.80,1.60
2008.02.05 02:51:52.405,0.99445,0.9949,0.80,20.40
2008.02.05 02:51:52.504,0.99445,0.9949,0.80,20.40
2008.02.05 02:51:52.562,0.99445,0.9949,0.80,20.40
2008.02.05 02:51:52.659,0.99445,0.9949,0.80,20.40
2008.02.05 02:51:52.698,0.99445,0.9949,0.80,12.40
2008.02.05 02:51:52.736,0.99445,0.9949,0.80,4.40
2008.02.05 02:51:52.774,0.99445,0.9949,0.80,3.60
2008.02.05 02:51:52.812,0.99445,0.9949,0.80,0.50
2008.02.05 02:51:52.882,0.99445,0.9949,0.80,0.50
2008.02.05 02:51:53.383,0.99445,0.9949,0.80,0.50
2008.02.05 02:51:53.746,0.99445,0.995,0.80,24.00
2008.02.05 02:51:53.900,0.99445,0.995,0.80,24.00
2008.02.05 02:51:55.702,0.99445,0.9949,0.80,8.80
2008.02.05 02:51:55.827,0.99445,0.9948,0.80,6.40
2008.02.05 02:51:55.951,0.99445,0.9948,0.80,6.40
2008.02.05 02:51:56.074,0.99445,0.9948,0.80,6.40
2008.02.05 02:51:56.197,0.99445,0.9948,0.80,6.40
2008.02.05 02:51:56.290,0.99445,0.9948,0.80,7.20
2008.02.05 02:51:56.776,0.99445,0.9948,0.80,7.20
2008.02.05 02:51:57.323,0.99445,0.9948,0.80,8.00
2008.02.05 02:51:58.784,0.99445,0.9948,0.80,8.00
2008.02.05 02:51:59.227,0.99445,0.9948,0.80,8.00
2008.02.05 02:51:59.306,0.99445,0.9948,0.80,10.40
2008.02.05 02:52:03.742,0.99445,0.9948,0.80,10.40
2008.02.05 02:52:41.802,0.9943,0.9949,0.50,0.50
2008.02.05 02:52:49.710,0.99445,0.9949,0.80,4.00
2008.02.05 02:52:50.125,0.99445,0.9949,0.80,4.00
2008.02.05 02:52:55.747,0.99445,0.9949,0.80,4.00
2008.02.05 02:52:57.164,0.99445,0.9949,0.80,4.00
2008.02.05 02:53:27.527,0.9943,0.9949,0.50,0.50
2008.02.05 02:53:50.501,0.99445,0.9949,0.80,4.00
2008.02.05 02:53:57.142,0.99445,0.9949,0.80,4.00
2008.02.05 02:53:57.354,0.99445,0.9949,0.80,4.00
2008.02.05 02:53:57.853,0.99445,0.9949,0.80,3.60
2008.02.05 02:53:58.888,0.99445,0.9949,0.80,3.60
2008.02.05 02:54:13.251,0.99445,0.9949,0.80,4.00
2008.02.05 02:54:43.579,0.9944,0.9948,7.20,3.20
2008.02.05 02:54:43.651,0.9945,0.9948,2.40,9.60
2008.02.05 02:54:43.927,0.9945,0.9948,2.40,9.60
2008.02.05 02:54:44.199,0.9945,0.9948,3.10,9.60
2008.02.05 02:54:44.472,0.9945,0.9948,3.60,9.60
2008.02.05 02:54:44.745,0.9945,0.9948,3.60,9.60
2008.02.05 02:54:57.243,0.9945,0.9948,3.60,9.60
2008.02.05 02:54:58.647,0.9945,0.9948,3.60,9.60
2008.02.05 02:55:08.684,0.9945,0.9948,3.60,9.60
2008.02.05 02:55:43.619,0.99445,0.99495,0.80,3.60
2008.02.05 02:55:44.453,0.99445,0.99495,0.80,3.60
2008.02.05 02:55:44.615,0.99445,0.9949,0.80,0.50
2008.02.05 02:55:51.407,0.99445,0.9949,0.80,0.50
2008.02.05 02:55:58.676,0.99445,0.9949,0.80,0.50
2008.02.05 02:56:21.316,0.9945,0.9948,0.60,0.80
2008.02.05 02:56:29.940,0.9945,0.9948,0.60,0.80
2008.02.05 02:56:44.487,0.9945,0.9948,0.60,0.80
2008.02.05 02:56:44.595,0.9945,0.9948,0.60,0.80
2008.02.05 02:56:56.530,0.99445,0.9948,0.80,6.40
2008.02.05 02:56:56.603,0.99445,0.9948,0.80,6.40
2008.02.05 02:56:56.663,0.99445,0.9948,0.80,6.40
2008.02.05 02:56:56.817,0.99445,0.9948,0.80,6.40
2008.02.05 02:56:58.495,0.99445,0.9948,0.80,6.40
2008.02.05 02:56:58.902,0.99445,0.9948,0.80,6.40
2008.02.05 02:57:12.077,0.99445,0.9948,0.80,6.40
2008.02.05 02:57:15.354,0.99445,0.9948,0.80,6.40
2008.02.05 02:57:28.542,0.99445,0.9948,0.80,6.40
2008.02.05 02:57:28.649,0.99445,0.9948,0.80,6.40
2008.02.05 02:57:43.556,0.99445,0.9948,0.80,6.40
2008.02.05 02:57:43.767,0.99445,0.9948,0.80,6.40
2008.02.05 02:57:44.661,0.99445,0.9948,0.80,6.40
2008.02.05 02:57:44.874,0.99445,0.9948,0.80,6.40
2008.02.05 02:57:58.667,0.99445,0.99495,0.80,3.60
2008.02.05 02:57:58.874,0.99445,0.99495,0.80,3.60
2008.02.05 02:58:06.647,0.99445,0.99495,0.80,3.60
2008.02.05 02:58:28.636,0.99445,0.9948,0.80,6.40
2008.02.05 02:58:28.742,0.99445,0.9948,0.80,6.40
2008.02.05 02:58:29.086,0.99445,0.9948,0.80,6.40
2008.02.05 02:58:29.310,0.99445,0.9948,0.80,6.40
2008.02.05 02:58:44.925,0.99445,0.9948,0.80,6.40
2008.02.05 02:58:55.994,0.99445,0.9948,0.80,6.40
2008.02.05 02:58:56.261,0.99445,0.9948,0.80,6.40
2008.02.05 02:58:58.868,0.99445,0.9948,0.80,6.40
2008.02.05 02:58:59.065,0.99445,0.9948,0.80,6.40
2008.02.05 02:59:02.050,0.99445,0.9948,0.80,6.40
2008.02.05 02:59:14.652,0.99445,0.9948,0.80,6.40
2008.02.05 02:59:14.876,0.99445,0.9948,0.80,6.40
2008.02.05 02:59:16.016,0.99445,0.9948,0.80,6.40
2008.02.05 02:59:23.712,0.99445,0.9948,0.80,6.40
2008.02.05 02:59:26.085,0.99445,0.9948,0.80,6.40
2008.02.05 02:59:28.784,0.99445,0.9948,0.80,6.40
2008.02.05 02:59:28.998,0.99445,0.9948,0.80,6.40
2008.02.05 02:59:34.580,0.9945,0.9948,0.70,6.40
2008.02.05 02:59:34.637,0.9945,0.99495,3.10,3.60
2008.02.05 02:59:34.694,0.9945,0.99495,4.40,3.60
2008.02.05 02:59:34.857,0.9945,0.995,4.40,19.10
2008.02.05 02:59:35.867,0.9945,0.995,4.40,19.10
2008.02.05 02:59:44.846,0.9945,0.995,4.40,19.10
2008.02.05 02:59:45.061,0.9945,0.995,4.40,18.70
2008.02.05 02:59:56.169,0.9945,0.995,4.40,18.70
