2013.04.16 17:00:00.414,1.02214,1.02226,1.50,1.13
2013.04.16 17:00:01.618,1.02208,1.0222,1.50,1.50
2013.04.16 17:00:02.797,1.02207,1.02222,5.03,3.75
2013.04.16 17:00:03.437,1.02208,1.0222,1.50,1.50
2013.04.16 17:00:04.538,1.02208,1.0222,1.50,1.88
2013.04.16 17:00:05.446,1.02208,1.0222,1.50,2.63
2013.04.16 17:00:06.493,1.02208,1.0222,1.65,3.38
2013.04.16 17:00:08.657,1.02208,1.02219,1.50,1.50
2013.04.16 17:00:09.201,1.02207,1.02218,1.50,1.50
2013.04.16 17:00:09.706,1.02207,1.02218,1.50,3.00
2013.04.16 17:00:10.778,1.02207,1.02218,1.50,1.50
2013.04.16 17:00:26.676,1.02206,1.02218,2.25,2.25
2013.04.16 17:00:27.219,1.02206,1.02218,2.25,1.50
2013.04.16 17:00:29.561,1.02209,1.02219,2.10,2.25
2013.04.16 17:00:30.047,1.02209,1.0222,2.10,1.50
2013.04.16 17:00:35.017,1.02209,1.02222,3.60,1.88
2013.04.16 17:00:35.456,1.02209,1.02222,3.60,1.50
2013.04.16 17:00:36.298,1.0221,1.02223,1.50,4.88
2013.04.16 17:00:37.048,1.02212,1.02223,2.10,3.38
2013.04.16 17:00:37.358,1.02213,1.02225,2.10,1.50
2013.04.16 17:00:40.567,1.02213,1.02225,2.10,1.50
2013.04.16 17:00:42.428,1.02213,1.02225,2.10,2.25
2013.04.16 17:00:43.004,1.02213,1.02225,2.85,2.25
2013.04.16 17:00:43.506,1.02213,1.02225,2.85,2.25
2013.04.16 17:00:43.858,1.02213,1.02224,2.85,1.50
2013.04.16 17:00:43.978,1.02213,1.02223,1.50,1.50
2013.04.16 17:00:44.818,1.02213,1.02223,1.50,1.50
2013.04.16 17:00:52.318,1.02213,1.02224,2.25,1.88
2013.04.16 17:00:53.207,1.02213,1.02225,2.25,3.00
2013.04.16 17:00:53.726,1.02213,1.02225,2.25,1.50
2013.04.16 17:00:54.246,1.02213,1.02225,2.25,1.50
2013.04.16 17:00:54.967,1.02213,1.02225,2.25,2.25
2013.04.16 17:00:56.667,1.02213,1.02225,2.25,3.75
2013.04.16 17:00:56.727,1.02213,1.02224,1.50,1.50
2013.04.16 17:00:57.397,1.02214,1.02225,1.50,3.00
2013.04.16 17:00:57.947,1.02213,1.02225,2.85,1.50
2013.04.16 17:01:00.442,1.02216,1.02227,1.50,2.63
2013.04.16 17:01:03.347,1.02216,1.02226,1.50,1.13
2013.04.16 17:01:06.529,1.02214,1.02226,1.50,1.13
2013.04.16 17:01:07.127,1.02215,1.02227,2.25,1.88
2013.04.16 17:01:12.417,1.02214,1.02226,1.50,1.88
2013.04.16 17:01:25.637,1.02214,1.02226,1.50,1.50
2013.04.16 17:01:25.878,1.02211,1.02225,2.25,4.50
2013.04.16 17:01:26.057,1.02211,1.02225,2.25,3.75
2013.04.16 17:01:26.176,1.02211,1.02223,1.50,1.50
2013.04.16 17:01:26.728,1.02211,1.02224,1.50,2.25
2013.04.16 17:01:28.243,1.02211,1.02224,2.25,3.00
2013.04.16 17:01:28.867,1.02213,1.02224,1.50,2.25
2013.04.16 17:01:29.514,1.02211,1.02224,1.50,2.25
2013.04.16 17:01:30.026,1.02211,1.02222,2.25,1.50
2013.04.16 17:01:36.536,1.02211,1.02223,1.50,2.25
2013.04.16 17:01:37.117,1.02211,1.02222,1.50,1.88
2013.04.16 17:01:37.356,1.02209,1.02221,3.00,1.50
2013.04.16 17:01:38.387,1.02208,1.02221,2.25,1.50
2013.04.16 17:01:39.041,1.02209,1.0222,1.50,1.50
2013.04.16 17:01:40.296,1.02208,1.0222,2.25,1.50
2013.04.16 17:01:40.416,1.02209,1.0222,1.50,1.50
2013.04.16 17:01:41.296,1.02208,1.0222,3.00,1.50
2013.04.16 17:01:41.360,1.02209,1.0222,1.50,1.50
2013.04.16 17:01:45.007,1.02208,1.0222,2.25,2.25
2013.04.16 17:01:46.908,1.02209,1.0222,1.50,1.50
2013.04.16 17:01:52.318,1.02209,1.02221,2.25,2.25
2013.04.16 17:01:52.736,1.0221,1.02224,1.50,3.00
2013.04.16 17:01:53.240,1.02211,1.02224,1.50,3.00
2013.04.16 17:01:53.801,1.02208,1.02222,4.50,1.50
2013.04.16 17:01:54.123,1.02208,1.02222,3.75,2.25
2013.04.16 17:01:54.437,1.02208,1.02222,3.00,2.25
2013.04.16 17:01:54.757,1.02208,1.02222,3.75,2.25
2013.04.16 17:01:55.240,1.0221,1.02224,3.00,3.00
2013.04.16 17:01:59.087,1.0221,1.02224,3.75,2.25
2013.04.16 17:01:59.207,1.02211,1.02224,1.50,2.25
2013.04.16 17:02:00.856,1.02213,1.02224,2.25,3.00
2013.04.16 17:02:02.346,1.02213,1.02224,2.25,3.00
2013.04.16 17:02:03.927,1.02213,1.02223,1.50,1.13
2013.04.16 17:02:08.927,1.02211,1.02224,2.25,1.50
2013.04.16 17:02:08.987,1.02211,1.02222,2.25,1.50
2013.04.16 17:02:09.107,1.02211,1.02223,2.25,2.25
2013.04.16 17:02:09.290,1.02213,1.02223,2.25,2.25
2013.04.16 17:02:09.837,1.02213,1.02223,2.25,1.50
2013.04.16 17:02:11.127,1.02213,1.02224,2.25,2.25
2013.04.16 17:02:19.716,1.02213,1.02224,2.25,2.25
2013.04.16 17:02:20.256,1.02214,1.02224,1.50,1.50
2013.04.16 17:02:24.238,1.02214,1.02224,1.50,1.50
2013.04.16 17:02:29.788,1.02211,1.02223,1.50,1.50
2013.04.16 17:02:29.907,1.0221,1.02222,1.50,2.25
2013.04.16 17:02:29.967,1.02209,1.0222,3.00,1.50
2013.04.16 17:02:30.027,1.02209,1.0222,2.25,1.50
2013.04.16 17:02:30.697,1.02207,1.0222,4.35,2.25
2013.04.16 17:02:31.256,1.02207,1.02219,4.35,1.50
2013.04.16 17:02:32.090,1.02208,1.02219,1.50,1.50
2013.04.16 17:02:32.479,1.02209,1.0222,2.10,2.25
2013.04.16 17:02:33.034,1.02209,1.02221,3.60,2.25
2013.04.16 17:02:34.656,1.02209,1.02221,3.60,2.25
2013.04.16 17:02:35.406,1.02209,1.0222,4.35,1.50
2013.04.16 17:02:36.729,1.02209,1.0222,3.60,1.50
2013.04.16 17:02:37.316,1.02209,1.02221,3.60,2.25
2013.04.16 17:02:38.068,1.02209,1.0222,3.60,1.50
2013.04.16 17:02:39.058,1.02209,1.0222,3.60,1.50
2013.04.16 17:02:39.457,1.02209,1.02221,4.35,1.50
2013.04.16 17:02:39.517,1.0221,1.02221,1.50,2.25
2013.04.16 17:02:39.817,1.0221,1.02224,1.50,3.00
2013.04.16 17:02:40.339,1.0221,1.02224,2.25,3.75
2013.04.16 17:02:42.257,1.0221,1.02223,1.50,1.50
2013.04.16 17:02:42.436,1.0221,1.02222,1.50,1.50
2013.04.16 17:02:42.976,1.0221,1.02223,2.25,1.50
2013.04.16 17:02:51.756,1.0221,1.02223,2.25,1.50
2013.04.16 17:02:52.946,1.0221,1.02223,2.25,1.50
2013.04.16 17:03:05.840,1.0221,1.02223,2.25,1.50
2013.04.16 17:03:16.357,1.02215,1.02225,1.35,1.50
2013.04.16 17:03:16.418,1.02216,1.02228,2.25,4.88
2013.04.16 17:03:16.538,1.02215,1.02227,2.18,1.50
2013.04.16 17:03:16.658,1.02216,1.02224,1.50,2.25
2013.04.16 17:03:16.957,1.02211,1.02223,2.25,1.50
2013.04.16 17:03:17.316,1.02211,1.02223,1.50,1.50
2013.04.16 17:03:17.867,1.0221,1.02222,1.50,1.50
2013.04.16 17:03:18.436,1.0221,1.02222,2.25,1.50
2013.04.16 17:03:18.626,1.0221,1.02222,2.25,2.25
2013.04.16 17:03:19.316,1.0221,1.02221,1.50,1.50
2013.04.16 17:03:21.035,1.0221,1.0222,1.50,1.50
2013.04.16 17:03:21.577,1.0221,1.0222,1.50,1.50
2013.04.16 17:03:21.765,1.02209,1.0222,1.50,1.50
2013.04.16 17:03:23.168,1.0221,1.0222,1.50,1.50
2013.04.16 17:03:24.347,1.02215,1.0222,3.00,1.50
2013.04.16 17:03:24.528,1.02215,1.02225,3.75,1.50
2013.04.16 17:03:24.588,1.02215,1.02225,1.50,1.50
2013.04.16 17:03:24.887,1.02213,1.02224,1.50,1.50
2013.04.16 17:03:25.398,1.02211,1.02222,2.25,2.25
2013.04.16 17:03:25.638,1.02209,1.02222,1.50,3.75
2013.04.16 17:03:25.877,1.02208,1.02219,3.00,1.50
2013.04.16 17:03:25.937,1.02208,1.02219,3.00,1.50
2013.04.16 17:03:25.996,1.02208,1.02219,3.00,1.50
2013.04.16 17:03:26.537,1.02208,1.02222,4.50,3.00
2013.04.16 17:03:26.597,1.02209,1.02222,1.50,3.00
2013.04.16 17:03:28.226,1.0221,1.02222,3.00,3.75
2013.04.16 17:03:28.347,1.0221,1.02222,3.00,3.00
2013.04.16 17:03:29.327,1.0221,1.02222,3.75,2.25
2013.04.16 17:03:30.006,1.0221,1.02222,3.75,2.25
2013.04.16 17:03:44.947,1.0221,1.02222,4.50,2.25
2013.04.16 17:03:46.607,1.0221,1.02222,3.75,2.25
2013.04.16 17:03:47.148,1.0221,1.02222,3.75,2.25
2013.04.16 17:03:58.637,1.02209,1.02222,1.50,2.25
2013.04.16 17:03:59.196,1.02208,1.02222,5.25,3.00
2013.04.16 17:03:59.720,1.02209,1.02222,1.50,3.00
2013.04.16 17:04:00.713,1.02209,1.02222,2.25,3.00
2013.04.16 17:04:01.287,1.0221,1.02222,1.50,2.25
2013.04.16 17:04:01.842,1.0221,1.02222,3.75,1.50
2013.04.16 17:04:02.228,1.0221,1.02222,5.10,1.50
2013.04.16 17:04:02.787,1.0221,1.02222,5.85,1.50
2013.04.16 17:04:03.308,1.0221,1.02222,3.00,2.25
2013.04.16 17:04:03.868,1.0221,1.02222,2.85,2.25
2013.04.16 17:04:04.458,1.0221,1.02223,2.85,3.00
2013.04.16 17:04:04.650,1.0221,1.02223,2.10,3.75
2013.04.16 17:04:05.757,1.0221,1.02223,3.60,3.75
2013.04.16 17:04:07.217,1.0221,1.02222,5.85,1.50
2013.04.16 17:04:07.337,1.0221,1.02222,3.75,1.50
2013.04.16 17:04:07.646,1.0221,1.02222,3.75,2.25
2013.04.16 17:04:14.421,1.0221,1.02222,3.60,2.25
2013.04.16 17:04:14.967,1.02209,1.02222,3.00,3.00
2013.04.16 17:04:16.664,1.0221,1.02222,1.50,3.00
2013.04.16 17:04:19.568,1.0221,1.02222,2.25,1.50
2013.04.16 17:04:20.127,1.0221,1.02222,1.50,2.25
2013.04.16 17:04:21.907,1.02211,1.02222,1.50,2.25
2013.04.16 17:04:23.517,1.0221,1.02222,2.25,2.25
2013.04.16 17:04:25.519,1.02212,1.02222,1.50,1.50
2013.04.16 17:04:26.607,1.0221,1.02222,3.60,2.25
2013.04.16 17:04:27.387,1.0221,1.02222,3.60,2.25
2013.04.16 17:04:27.927,1.0221,1.02222,3.60,2.25
2013.04.16 17:04:28.188,1.0221,1.02222,3.60,2.25
2013.04.16 17:04:28.316,1.0221,1.02222,5.85,1.50
2013.04.16 17:04:28.618,1.0221,1.02222,2.25,3.00
2013.04.16 17:04:28.856,1.02208,1.0222,2.63,1.50
2013.04.16 17:04:29.396,1.02208,1.0222,1.88,2.25
2013.04.16 17:04:29.457,1.02209,1.0222,1.50,2.25
2013.04.16 17:04:29.993,1.02209,1.0222,1.50,2.25
2013.04.16 17:04:30.117,1.02209,1.0222,1.35,1.50
2013.04.16 17:04:30.238,1.0221,1.02222,1.50,1.50
2013.04.16 17:04:30.477,1.0221,1.02223,1.50,3.75
2013.04.16 17:04:31.076,1.0221,1.02223,2.25,3.75
2013.04.16 17:04:33.518,1.02211,1.02223,1.50,3.75
2013.04.16 17:04:41.396,1.0221,1.02223,3.38,3.00
2013.04.16 17:04:46.727,1.0221,1.02223,3.00,3.00
2013.04.16 17:04:58.502,1.02211,1.02224,1.50,1.50
2013.04.16 17:05:03.206,1.02213,1.02225,1.50,1.50
2013.04.16 17:05:03.707,1.02211,1.02224,3.75,1.50
2013.04.16 17:05:07.127,1.02211,1.02224,1.50,1.50
2013.04.16 17:05:07.711,1.02213,1.02225,1.50,1.50
2013.04.16 17:05:08.238,1.02213,1.02225,1.50,1.50
2013.04.16 17:05:09.766,1.02213,1.02225,1.50,2.25
2013.04.16 17:05:15.478,1.02213,1.02225,1.50,1.50
2013.04.16 17:05:23.106,1.02212,1.02225,1.50,2.25
2013.04.16 17:05:23.848,1.02211,1.02225,1.50,3.38
2013.04.16 17:05:23.909,1.02211,1.02224,1.50,1.50
2013.04.16 17:05:24.026,1.02211,1.02224,1.50,2.25
2013.04.16 17:05:24.086,1.02211,1.02223,1.50,1.50
2013.04.16 17:05:24.596,1.02212,1.02224,1.50,1.50
2013.04.16 17:05:25.491,1.02212,1.02224,1.50,1.50
2013.04.16 17:05:28.946,1.02212,1.02225,1.50,2.63
2013.04.16 17:05:40.687,1.02212,1.02224,1.50,2.25
2013.04.16 17:05:49.716,1.02212,1.02224,1.50,2.25
2013.04.16 17:05:50.986,1.02212,1.02224,1.50,1.50
2013.04.16 17:05:58.536,1.02212,1.02224,1.50,1.50
2013.04.16 17:06:06.618,1.02212,1.02224,1.50,2.25
2013.04.16 17:06:09.916,1.02212,1.02224,1.50,2.25
2013.04.16 17:06:22.028,1.02212,1.02224,1.50,2.25
2013.04.16 17:06:32.296,1.02212,1.02224,1.50,2.25
2013.04.16 17:06:35.746,1.0221,1.02224,1.50,3.00
2013.04.16 17:06:37.676,1.02211,1.02223,1.50,1.50
2013.04.16 17:06:40.227,1.02211,1.02224,1.50,2.25
2013.04.16 17:06:40.767,1.02209,1.02223,2.63,2.25
2013.04.16 17:06:43.337,1.02211,1.02223,1.50,1.50
2013.04.16 17:06:45.126,1.02211,1.02224,1.50,2.25
2013.04.16 17:06:45.661,1.02211,1.02224,1.50,2.25
2013.04.16 17:06:54.317,1.0221,1.02224,2.25,3.00
2013.04.16 17:06:55.366,1.0221,1.02224,2.25,3.00
2013.04.16 17:07:31.447,1.02213,1.02225,1.50,3.00
2013.04.16 17:07:31.992,1.0221,1.02223,1.50,1.50
2013.04.16 17:07:41.742,1.0221,1.02223,1.50,1.50
2013.04.16 17:07:47.406,1.0221,1.02223,1.50,1.50
2013.04.16 17:07:50.213,1.02212,1.02224,1.50,3.00
2013.04.16 17:07:57.388,1.02212,1.02224,2.25,2.63
2013.04.16 17:08:02.038,1.02212,1.02223,1.50,2.25
2013.04.16 17:08:02.098,1.02213,1.02225,1.50,1.13
2013.04.16 17:08:02.278,1.02213,1.02226,2.25,2.25
2013.04.16 17:08:02.987,1.02213,1.02227,3.00,3.00
2013.04.16 17:08:03.888,1.02213,1.02222,2.25,1.50
2013.04.16 17:08:04.428,1.02212,1.02222,1.88,1.50
2013.04.16 17:08:07.827,1.02212,1.02222,1.50,1.50
2013.04.16 17:08:09.380,1.02211,1.02222,2.25,1.50
2013.04.16 17:08:10.696,1.02212,1.02222,1.50,1.50
2013.04.16 17:08:11.299,1.02211,1.02222,2.25,1.50
2013.04.16 17:08:14.437,1.02211,1.02222,1.50,1.50
2013.04.16 17:08:41.869,1.0221,1.02222,2.25,1.50
2013.04.16 17:08:46.674,1.02211,1.02222,1.50,1.50
2013.04.16 17:08:47.428,1.02209,1.02222,3.60,2.25
2013.04.16 17:08:57.518,1.0221,1.02222,2.25,1.50
2013.04.16 17:08:58.477,1.0221,1.02222,2.25,1.50
2013.04.16 17:08:59.377,1.02212,1.02222,1.50,1.50
2013.04.16 17:09:05.169,1.02212,1.02223,2.25,2.25
2013.04.16 17:09:06.488,1.02212,1.02223,2.25,2.25
2013.04.16 17:09:35.726,1.02212,1.02224,2.25,2.25
2013.04.16 17:09:42.777,1.02212,1.02223,2.25,1.50
2013.04.16 17:09:43.448,1.02212,1.02223,1.50,1.50
2013.04.16 17:09:47.977,1.02212,1.02224,2.25,3.00
2013.04.16 17:09:55.974,1.02212,1.02223,1.50,2.25
2013.04.16 17:09:56.560,1.02212,1.02223,1.50,3.00
2013.04.16 17:09:59.588,1.02212,1.02223,1.50,2.25
2013.04.16 17:10:10.741,1.02212,1.02224,1.50,1.50
2013.04.16 17:10:15.787,1.0221,1.02223,1.50,3.00
2013.04.16 17:10:15.907,1.02209,1.02222,2.25,1.50
2013.04.16 17:10:16.327,1.02209,1.02223,2.63,3.75
2013.04.16 17:10:16.807,1.02209,1.02223,3.38,4.50
2013.04.16 17:10:17.068,1.02209,1.02222,2.63,2.25
2013.04.16 17:10:17.607,1.02209,1.02222,4.13,1.50
2013.04.16 17:10:18.221,1.02211,1.02223,2.25,3.75
2013.04.16 17:10:20.698,1.02211,1.02223,1.50,3.00
2013.04.16 17:10:21.377,1.02211,1.02223,2.25,2.25
2013.04.16 17:10:28.687,1.02211,1.02222,2.25,1.50
2013.04.16 17:10:29.260,1.02211,1.02222,2.25,1.50
2013.04.16 17:10:29.833,1.02211,1.02222,2.25,1.50
2013.04.16 17:10:30.407,1.02211,1.02222,2.25,1.50
2013.04.16 17:10:31.687,1.02211,1.02222,2.25,1.50
2013.04.16 17:10:32.256,1.02211,1.02222,2.25,1.50
2013.04.16 17:10:39.548,1.02211,1.02223,1.50,2.63
2013.04.16 17:10:40.087,1.02211,1.02223,2.25,3.38
2013.04.16 17:10:43.498,1.02209,1.02221,3.38,2.25
2013.04.16 17:10:44.257,1.02209,1.02221,3.00,5.25
2013.04.16 17:10:44.820,1.02209,1.02221,3.00,3.75
2013.04.16 17:10:45.393,1.02209,1.02221,3.00,4.50
2013.04.16 17:10:46.064,1.02209,1.02221,2.25,3.75
2013.04.16 17:10:46.717,1.02209,1.02221,3.00,2.25
2013.04.16 17:10:48.161,1.02209,1.02221,2.25,1.50
2013.04.16 17:10:48.467,1.02209,1.0222,2.25,1.50
2013.04.16 17:10:48.586,1.02209,1.0222,2.25,1.03
2013.04.16 17:10:48.826,1.02209,1.02221,2.25,4.30
2013.04.16 17:10:49.367,1.02209,1.02221,2.25,3.00
2013.04.16 17:10:49.684,1.02209,1.02221,2.25,2.25
2013.04.16 17:10:50.387,1.02209,1.02221,2.25,3.00
2013.04.16 17:10:51.217,1.02209,1.02221,2.25,2.25
2013.04.16 17:10:51.783,1.0221,1.02221,1.50,1.50
2013.04.16 17:10:52.426,1.02209,1.02221,2.25,1.50
2013.04.16 17:10:53.239,1.02209,1.02221,2.25,1.50
2013.04.16 17:10:53.658,1.0221,1.02223,1.50,1.50
2013.04.16 17:11:00.247,1.02211,1.02223,1.50,1.50
2013.04.16 17:11:05.130,1.02212,1.02223,1.50,1.50
2013.04.16 17:11:07.097,1.02211,1.02223,2.25,2.25
2013.04.16 17:11:10.607,1.02212,1.02223,1.50,1.50
2013.04.16 17:11:22.146,1.02211,1.02223,1.50,4.50
2013.04.16 17:11:29.506,1.02211,1.02223,1.50,3.00
2013.04.16 17:11:33.472,1.02211,1.02223,1.50,3.00
2013.04.16 17:11:50.537,1.02211,1.02222,1.50,1.50
2013.04.16 17:11:52.151,1.02211,1.02222,1.50,1.50
2013.04.16 17:12:03.712,1.0221,1.02224,2.25,3.75
2013.04.16 17:12:03.837,1.02212,1.02224,1.50,3.00
2013.04.16 17:12:06.287,1.02212,1.02225,1.50,3.00
2013.04.16 17:12:11.197,1.02212,1.02225,2.25,3.00
2013.04.16 17:12:11.497,1.02212,1.02225,1.50,3.00
2013.04.16 17:12:20.379,1.02212,1.02223,1.50,1.50
2013.04.16 17:12:33.367,1.02211,1.02222,1.50,1.50
2013.04.16 17:12:35.398,1.0221,1.02223,1.88,1.50
2013.04.16 17:12:42.157,1.0221,1.02222,1.50,1.50
2013.04.16 17:12:44.647,1.0221,1.02223,1.50,1.50
2013.04.16 17:12:48.964,1.02212,1.02223,1.50,1.50
2013.04.16 17:12:51.335,1.02212,1.02223,1.50,1.50
2013.04.16 17:13:20.474,1.02212,1.02224,1.50,2.25
2013.04.16 17:13:43.156,1.0221,1.02224,1.50,2.25
2013.04.16 17:13:44.708,1.0221,1.02224,1.50,1.50
2013.04.16 17:13:50.136,1.02209,1.02224,1.13,1.50
2013.04.16 17:14:00.726,1.02211,1.02225,1.50,1.13
2013.04.16 17:14:01.256,1.02208,1.02225,2.25,1.13
2013.04.16 17:14:11.266,1.0221,1.02225,2.25,1.13
2013.04.16 17:14:18.446,1.0221,1.02225,1.50,1.88
2013.04.16 17:14:19.077,1.02209,1.02223,1.50,1.50
2013.04.16 17:14:22.329,1.02209,1.02223,3.00,1.50
2013.04.16 17:14:25.889,1.02209,1.02223,1.50,1.50
2013.04.16 17:14:34.668,1.02209,1.02223,1.50,1.50
2013.04.16 17:14:38.569,1.0221,1.02223,1.50,1.50
2013.04.16 17:14:42.095,1.02211,1.02222,1.50,1.50
2013.04.16 17:14:53.739,1.02211,1.02222,1.50,1.50
2013.04.16 17:14:54.248,1.02211,1.02222,1.50,1.50
2013.04.16 17:14:54.560,1.02211,1.02222,1.50,1.50
2013.04.16 17:14:58.197,1.02211,1.02222,1.50,1.50
2013.04.16 17:15:01.407,1.02211,1.02222,1.50,1.50
2013.04.16 17:15:03.009,1.02211,1.02222,1.50,1.50
2013.04.16 17:15:09.400,1.0221,1.02219,1.50,1.50
2013.04.16 17:15:09.470,1.02209,1.02219,1.13,1.50
2013.04.16 17:15:10.019,1.02207,1.02219,1.50,1.80
2013.04.16 17:15:10.739,1.02208,1.0222,1.50,1.50
2013.04.16 17:15:11.118,1.02209,1.0222,1.50,1.50
2013.04.16 17:15:12.049,1.02209,1.0222,1.50,1.50
2013.04.16 17:15:12.288,1.02207,1.02219,2.63,2.25
2013.04.16 17:15:13.418,1.02207,1.0222,1.88,3.83
2013.04.16 17:15:14.978,1.02207,1.02219,3.75,1.50
2013.04.16 17:15:15.596,1.02209,1.02219,1.50,1.50
2013.04.16 17:15:16.119,1.02208,1.02219,1.50,1.50
2013.04.16 17:15:17.438,1.02209,1.02219,1.50,1.50
2013.04.16 17:15:18.282,1.02208,1.02219,1.50,1.50
2013.04.16 17:15:18.849,1.02207,1.02219,3.75,1.50
2013.04.16 17:15:19.340,1.02207,1.02214,2.25,2.25
2013.04.16 17:15:19.458,1.02206,1.02214,2.63,2.25
2013.04.16 17:15:19.639,1.02203,1.02212,1.50,1.50
2013.04.16 17:15:20.189,1.02202,1.02212,1.50,1.50
2013.04.16 17:15:23.753,1.02201,1.02213,1.50,1.50
2013.04.16 17:15:25.128,1.02201,1.02214,1.50,2.25
2013.04.16 17:15:29.413,1.02201,1.02214,1.50,1.50
2013.04.16 17:15:29.768,1.02199,1.02213,4.35,2.70
2013.04.16 17:15:30.012,1.02197,1.02211,2.25,1.05
2013.04.16 17:15:30.558,1.02197,1.0221,2.25,1.80
2013.04.16 17:15:30.738,1.02197,1.0221,1.50,2.55
2013.04.16 17:15:32.430,1.02196,1.02208,2.25,1.50
2013.04.16 17:15:32.549,1.02195,1.02207,1.35,1.50
2013.04.16 17:15:32.849,1.02193,1.02206,1.50,3.38
2013.04.16 17:15:32.909,1.02192,1.02206,2.25,3.38
2013.04.16 17:15:33.829,1.02192,1.02204,3.00,1.50
2013.04.16 17:15:34.428,1.02192,1.02204,3.00,1.50
2013.04.16 17:15:35.427,1.02192,1.02204,3.00,1.50
2013.04.16 17:15:35.487,1.02192,1.02204,3.00,1.50
2013.04.16 17:15:36.017,1.02192,1.02204,2.25,2.25
2013.04.16 17:15:36.260,1.0219,1.02201,2.25,1.58
2013.04.16 17:15:36.379,1.02187,1.02201,4.50,3.00
2013.04.16 17:15:36.680,1.02188,1.022,1.50,1.50
2013.04.16 17:15:37.041,1.0219,1.02201,2.25,1.50
2013.04.16 17:15:37.349,1.02192,1.02202,1.50,1.88
2013.04.16 17:15:37.469,1.02191,1.02202,2.25,1.88
2013.04.16 17:15:38.898,1.02191,1.02203,2.25,1.50
2013.04.16 17:15:39.409,1.02191,1.02204,3.00,1.88
2013.04.16 17:15:39.984,1.02191,1.02203,3.00,1.50
2013.04.16 17:15:41.639,1.02191,1.02204,3.00,1.13
2013.04.16 17:15:46.268,1.02193,1.02204,1.50,1.13
2013.04.16 17:15:47.699,1.02193,1.02204,1.50,1.13
2013.04.16 17:15:48.244,1.02193,1.02204,1.50,1.50
2013.04.16 17:15:48.678,1.02193,1.02205,2.25,3.00
2013.04.16 17:15:50.098,1.02194,1.02205,1.50,1.13
2013.04.16 17:15:52.669,1.02194,1.02205,1.50,1.13
2013.04.16 17:15:54.385,1.02194,1.02205,2.25,2.25
2013.04.16 17:15:54.829,1.02194,1.02204,2.25,1.50
2013.04.16 17:16:00.708,1.02194,1.02204,2.25,1.50
2013.04.16 17:16:07.508,1.02193,1.02204,2.25,2.63
2013.04.16 17:16:08.032,1.02193,1.02204,1.50,3.38
2013.04.16 17:16:32.789,1.02193,1.02203,1.50,1.50
2013.04.16 17:16:36.398,1.02193,1.02203,1.50,1.50
2013.04.16 17:16:36.934,1.02193,1.02203,1.50,2.25
2013.04.16 17:16:38.901,1.02191,1.02203,1.50,1.50
2013.04.16 17:16:50.088,1.02191,1.02204,2.25,2.63
2013.04.16 17:17:03.608,1.02193,1.02204,1.50,1.13
2013.04.16 17:17:04.125,1.02192,1.02203,1.50,1.50
2013.04.16 17:17:04.649,1.02192,1.02203,1.50,1.50
2013.04.16 17:17:19.763,1.02192,1.02204,1.50,1.50
2013.04.16 17:17:34.428,1.02191,1.02204,3.00,1.50
2013.04.16 17:17:39.959,1.02191,1.02202,1.50,2.25
2013.04.16 17:17:48.128,1.0219,1.02202,2.25,2.25
2013.04.16 17:17:48.672,1.0219,1.02202,2.25,3.00
2013.04.16 17:17:51.520,1.02191,1.02202,1.50,3.75
2013.04.16 17:17:53.194,1.02191,1.02202,1.50,3.00
2013.04.16 17:17:53.740,1.02191,1.02202,2.25,2.25
2013.04.16 17:17:58.038,1.02194,1.02202,2.85,2.25
2013.04.16 17:17:58.280,1.02197,1.02208,2.25,1.50
2013.04.16 17:17:58.469,1.02199,1.0221,2.10,2.25
2013.04.16 17:17:59.659,1.02201,1.02212,1.50,1.13
2013.04.16 17:18:02.930,1.02201,1.02213,2.25,4.13
2013.04.16 17:18:05.529,1.022,1.02211,1.50,1.50
2013.04.16 17:18:05.589,1.022,1.02211,3.75,1.50
2013.04.16 17:18:05.769,1.02205,1.02218,1.69,1.50
2013.04.16 17:18:05.950,1.02205,1.02215,1.69,1.50
2013.04.16 17:18:06.129,1.02204,1.02214,1.50,1.13
2013.04.16 17:18:07.659,1.02202,1.02214,1.50,1.88
2013.04.16 17:18:07.860,1.02202,1.02214,1.50,1.88
2013.04.16 17:18:08.649,1.02202,1.02214,2.25,1.13
2013.04.16 17:18:08.770,1.02203,1.02216,1.50,1.50
2013.04.16 17:18:09.355,1.02206,1.02218,1.50,1.50
2013.04.16 17:18:09.661,1.02209,1.0222,1.50,1.50
2013.04.16 17:18:13.279,1.02211,1.02223,1.50,2.25
2013.04.16 17:18:13.847,1.02211,1.02223,1.50,2.25
2013.04.16 17:18:15.609,1.02214,1.02223,1.50,1.50
2013.04.16 17:18:15.729,1.02216,1.02227,4.35,3.75
2013.04.16 17:18:15.908,1.02216,1.02228,4.35,1.50
2013.04.16 17:18:16.880,1.02216,1.02226,2.25,2.25
2013.04.16 17:18:17.189,1.02214,1.02223,1.13,1.50
2013.04.16 17:18:17.830,1.02212,1.02223,1.50,1.50
2013.04.16 17:18:18.008,1.02212,1.02225,1.50,1.13
2013.04.16 17:18:20.349,1.02212,1.02224,1.50,1.50
2013.04.16 17:18:20.469,1.02211,1.02223,4.13,1.50
2013.04.16 17:18:21.098,1.02212,1.02225,2.25,3.75
2013.04.16 17:18:24.461,1.02214,1.02225,1.50,1.13
2013.04.16 17:18:24.639,1.02215,1.02224,1.13,1.50
2013.04.16 17:18:25.058,1.02212,1.02224,1.50,1.50
2013.04.16 17:18:32.696,1.02212,1.02224,2.25,1.50
2013.04.16 17:18:42.700,1.02212,1.02223,1.50,1.50
2013.04.16 17:18:43.238,1.02213,1.02223,1.50,1.50
2013.04.16 17:18:47.159,1.02216,1.02226,1.50,3.08
2013.04.16 17:18:47.220,1.02216,1.02228,1.50,4.50
2013.04.16 17:18:47.279,1.02215,1.02228,1.50,3.75
2013.04.16 17:18:47.878,1.02215,1.02226,1.69,1.50
2013.04.16 17:18:48.119,1.02213,1.02226,1.88,2.25
2013.04.16 17:18:49.966,1.02213,1.02225,1.50,1.50
2013.04.16 17:18:57.548,1.02213,1.02225,2.63,1.13
2013.04.16 17:18:57.970,1.02211,1.02225,2.25,1.88
2013.04.16 17:18:58.089,1.02211,1.02224,1.50,1.50
2013.04.16 17:19:00.982,1.02211,1.02222,1.50,2.25
2013.04.16 17:19:01.170,1.02209,1.02221,3.00,1.50
2013.04.16 17:19:01.411,1.02207,1.02219,1.88,1.50
2013.04.16 17:19:01.959,1.02207,1.02219,1.13,1.50
2013.04.16 17:19:03.968,1.02207,1.0222,1.13,3.00
2013.04.16 17:19:04.488,1.02207,1.02219,1.13,1.50
2013.04.16 17:19:05.378,1.02207,1.02219,1.88,1.50
2013.04.16 17:19:12.919,1.02207,1.02221,5.25,3.75
2013.04.16 17:19:13.160,1.02209,1.02223,1.50,3.45
2013.04.16 17:19:13.340,1.02211,1.02223,2.25,2.63
2013.04.16 17:19:13.979,1.0221,1.02222,2.25,1.50
2013.04.16 17:19:14.649,1.02214,1.02223,2.25,2.63
2013.04.16 17:19:14.829,1.02216,1.02225,2.85,1.50
2013.04.16 17:19:14.949,1.02219,1.02229,2.25,1.50
2013.04.16 17:19:15.010,1.02219,1.02231,2.25,1.88
2013.04.16 17:19:15.189,1.02225,1.02235,1.50,2.25
2013.04.16 17:19:15.371,1.02229,1.0224,3.00,2.25
2013.04.16 17:19:15.491,1.0223,1.0224,1.50,2.25
2013.04.16 17:19:15.560,1.02228,1.0224,3.75,2.25
2013.04.16 17:19:15.679,1.02227,1.0224,2.25,2.25
2013.04.16 17:19:15.798,1.02233,1.0224,1.50,1.50
2013.04.16 17:19:16.039,1.02234,1.02242,1.69,2.25
2013.04.16 17:19:16.099,1.02233,1.02245,5.44,1.50
2013.04.16 17:19:16.631,1.02233,1.02245,3.00,1.50
2013.04.16 17:19:16.707,1.02236,1.02247,1.50,1.13
2013.04.16 17:19:16.949,1.02242,1.02252,1.50,1.50
2013.04.16 17:19:17.129,1.02242,1.02251,1.88,1.50
2013.04.16 17:19:17.189,1.02239,1.02251,1.50,1.50
2013.04.16 17:19:17.697,1.02238,1.0225,1.50,1.50
2013.04.16 17:19:18.629,1.02237,1.02249,5.25,1.50
2013.04.16 17:19:19.168,1.02237,1.0225,2.63,3.00
2013.04.16 17:19:20.140,1.02237,1.0225,3.00,2.25
2013.04.16 17:19:20.699,1.02237,1.02248,1.50,1.50
2013.04.16 17:19:21.059,1.02236,1.02248,2.44,3.00
2013.04.16 17:19:21.562,1.02236,1.02248,1.50,3.00
2013.04.16 17:19:22.431,1.02236,1.02248,2.07,3.00
2013.04.16 17:19:34.432,1.02236,1.02248,2.44,3.00
2013.04.16 17:19:34.890,1.02234,1.02246,2.25,2.25
2013.04.16 17:19:35.009,1.02231,1.02245,5.40,1.13
2013.04.16 17:19:35.189,1.02231,1.02244,3.15,1.50
2013.04.16 17:19:35.369,1.0223,1.02242,3.38,2.25
2013.04.16 17:19:35.488,1.0223,1.02241,1.50,1.50
2013.04.16 17:19:35.910,1.02227,1.02239,1.50,1.50
2013.04.16 17:19:36.449,1.02226,1.02239,2.63,2.25
2013.04.16 17:19:36.751,1.02224,1.02238,1.50,2.63
2013.04.16 17:19:36.810,1.02223,1.02237,1.95,2.25
2013.04.16 17:19:38.009,1.02225,1.02237,3.75,1.88
2013.04.16 17:19:38.577,1.02224,1.02237,1.58,3.38
2013.04.16 17:19:39.577,1.02224,1.02237,1.70,2.63
2013.04.16 17:19:40.588,1.02226,1.02237,1.50,2.63
2013.04.16 17:19:40.831,1.02224,1.02237,2.25,3.38
2013.04.16 17:19:42.669,1.02223,1.02236,2.48,1.50
2013.04.16 17:19:43.326,1.02223,1.02236,1.84,1.50
2013.04.16 17:19:43.640,1.02224,1.02236,1.81,1.50
2013.04.16 17:19:44.199,1.02224,1.02236,1.83,1.50
2013.04.16 17:19:45.538,1.02224,1.02237,2.58,1.50
2013.04.16 17:19:46.970,1.02225,1.02237,1.69,1.13
2013.04.16 17:19:48.039,1.02226,1.02239,1.50,5.25
2013.04.16 17:19:48.574,1.02226,1.02238,2.25,1.50
2013.04.16 17:19:52.169,1.02226,1.02235,1.50,1.50
2013.04.16 17:19:52.290,1.02223,1.02235,1.50,1.88
2013.04.16 17:19:52.829,1.02222,1.02235,3.75,3.00
2013.04.16 17:19:53.189,1.02223,1.02235,1.50,3.00
2013.04.16 17:19:55.018,1.02223,1.02235,2.25,1.50
2013.04.16 17:20:00.680,1.02223,1.02235,1.73,2.25
2013.04.16 17:20:01.549,1.02222,1.02234,3.23,1.13
2013.04.16 17:20:03.849,1.02222,1.02235,4.65,1.88
2013.04.16 17:20:04.368,1.02222,1.02235,4.58,1.88
2013.04.16 17:20:05.178,1.02223,1.02235,1.66,1.13
2013.04.16 17:20:08.879,1.02223,1.02235,1.73,1.50
2013.04.16 17:20:09.868,1.02223,1.02235,1.66,1.50
2013.04.16 17:20:10.426,1.02223,1.02235,1.66,1.50
2013.04.16 17:20:11.021,1.02223,1.02236,1.66,2.63
2013.04.16 17:20:11.578,1.02223,1.02236,1.66,2.63
2013.04.16 17:20:12.098,1.02223,1.02236,1.66,2.25
2013.04.16 17:20:12.706,1.02223,1.02236,1.73,2.25
2013.04.16 17:20:13.558,1.02223,1.02236,1.73,2.25
2013.04.16 17:20:14.098,1.02223,1.02236,1.73,2.25
2013.04.16 17:20:15.655,1.02223,1.02236,1.73,2.63
2013.04.16 17:20:16.179,1.02223,1.02236,2.48,1.88
2013.04.16 17:20:17.618,1.02223,1.02236,1.50,2.63
2013.04.16 17:20:17.739,1.02223,1.02234,1.50,1.50
2013.04.16 17:20:17.919,1.02218,1.02231,3.00,1.50
2013.04.16 17:20:17.979,1.02218,1.02229,1.50,3.00
2013.04.16 17:20:18.220,1.02214,1.02228,2.25,1.50
2013.04.16 17:20:18.281,1.02214,1.02228,1.50,1.50
2013.04.16 17:20:18.351,1.02214,1.02226,1.50,1.50
2013.04.16 17:20:19.141,1.02212,1.02226,3.00,2.63
2013.04.16 17:20:19.212,1.02212,1.02226,1.50,2.63
2013.04.16 17:20:20.208,1.02212,1.02226,1.50,3.38
2013.04.16 17:20:21.900,1.02213,1.02224,1.05,1.50
2013.04.16 17:20:22.411,1.02212,1.02224,1.73,1.50
2013.04.16 17:20:23.209,1.02212,1.02224,1.65,1.50
2013.04.16 17:20:23.748,1.02212,1.02224,1.58,1.50
2013.04.16 17:20:24.413,1.02212,1.02224,1.88,1.50
2013.04.16 17:20:25.078,1.02212,1.02223,1.65,1.50
2013.04.16 17:20:25.600,1.02212,1.02223,1.50,3.00
2013.04.16 17:20:25.959,1.02208,1.02222,3.75,2.63
2013.04.16 17:20:26.019,1.02208,1.02222,3.00,3.38
2013.04.16 17:20:26.708,1.02208,1.02221,1.50,2.25
2013.04.16 17:20:30.990,1.02209,1.02221,1.50,2.63
2013.04.16 17:20:31.529,1.02211,1.02222,1.50,2.63
2013.04.16 17:20:32.099,1.02211,1.02222,2.25,1.13
2013.04.16 17:20:36.868,1.02211,1.02223,1.50,3.00
2013.04.16 17:20:42.628,1.0221,1.02222,1.50,1.50
2013.04.16 17:20:43.180,1.02211,1.02223,1.50,4.13
2013.04.16 17:20:44.919,1.02209,1.02222,1.50,1.88
2013.04.16 17:20:44.979,1.02209,1.02222,1.50,1.88
2013.04.16 17:20:45.459,1.02209,1.02222,2.25,1.13
2013.04.16 17:20:45.961,1.02209,1.02222,1.50,3.38
2013.04.16 17:20:46.508,1.02208,1.02221,1.50,3.00
2013.04.16 17:20:47.089,1.02208,1.02219,1.50,1.50
2013.04.16 17:20:47.210,1.02206,1.02219,1.13,2.25
2013.04.16 17:20:47.328,1.02205,1.02218,1.50,1.88
2013.04.16 17:20:49.310,1.02205,1.02218,2.25,1.13
2013.04.16 17:20:49.909,1.02208,1.02218,2.25,1.13
2013.04.16 17:20:50.425,1.02208,1.02219,1.50,1.13
2013.04.16 17:20:50.860,1.02206,1.02219,1.69,1.50
2013.04.16 17:20:50.930,1.02206,1.02219,1.69,1.50
2013.04.16 17:20:51.109,1.02207,1.02219,1.50,1.13
2013.04.16 17:20:51.412,1.02208,1.0222,1.50,1.88
2013.04.16 17:20:51.959,1.02208,1.0222,3.00,1.88
2013.04.16 17:20:52.929,1.02209,1.0222,2.25,1.13
2013.04.16 17:20:53.409,1.0221,1.0222,1.50,1.13
2013.04.16 17:20:54.729,1.02209,1.0222,3.00,1.13
2013.04.16 17:20:55.366,1.0221,1.0222,1.50,1.13
2013.04.16 17:20:58.801,1.02209,1.0222,2.25,1.13
2013.04.16 17:20:58.919,1.02208,1.0222,3.00,2.63
2013.04.16 17:21:01.081,1.02208,1.0222,1.50,2.63
2013.04.16 17:21:03.160,1.02207,1.02219,1.50,1.50
2013.04.16 17:21:03.290,1.02206,1.02219,1.50,1.50
2013.04.16 17:21:06.820,1.02205,1.02218,2.25,1.50
2013.04.16 17:21:09.059,1.02205,1.02218,2.25,1.13
2013.04.16 17:21:15.250,1.02205,1.02219,3.00,3.00
2013.04.16 17:21:17.059,1.02206,1.02217,2.25,1.13
2013.04.16 17:21:17.765,1.02206,1.02217,2.25,1.13
2013.04.16 17:21:20.730,1.02206,1.02218,2.25,1.50
2013.04.16 17:21:21.818,1.02205,1.02217,3.00,1.50
2013.04.16 17:21:22.521,1.02205,1.02217,1.50,1.50
2013.04.16 17:21:22.829,1.02202,1.02216,3.00,1.50
2013.04.16 17:21:26.779,1.02203,1.02215,2.40,1.50
2013.04.16 17:21:28.250,1.02203,1.02215,2.48,1.50
2013.04.16 17:21:28.929,1.02204,1.02215,2.03,1.50
2013.04.16 17:21:32.499,1.02206,1.02215,1.50,1.50
2013.04.16 17:21:33.060,1.02206,1.02217,1.50,1.50
2013.04.16 17:21:33.677,1.02206,1.02217,1.50,1.50
2013.04.16 17:21:34.250,1.02206,1.02217,1.50,1.50
2013.04.16 17:21:35.219,1.02205,1.02217,1.50,1.88
2013.04.16 17:21:37.989,1.02205,1.02217,2.25,2.25
2013.04.16 17:21:43.039,1.02205,1.02217,2.25,1.50
2013.04.16 17:21:43.549,1.02205,1.02217,2.25,1.50
2013.04.16 17:21:45.660,1.02205,1.02217,2.25,1.50
2013.04.16 17:21:46.019,1.02205,1.02217,2.25,1.50
2013.04.16 17:21:47.454,1.02205,1.02217,2.25,1.50
2013.04.16 17:21:47.940,1.02205,1.02217,2.25,1.50
2013.04.16 17:21:48.548,1.02206,1.0222,3.94,2.25
2013.04.16 17:21:48.979,1.02207,1.0222,2.25,2.25
2013.04.16 17:21:49.460,1.02209,1.02221,1.50,1.13
2013.04.16 17:21:50.460,1.02209,1.02221,2.25,1.13
2013.04.16 17:21:52.365,1.0221,1.02221,1.50,1.50
2013.04.16 17:21:53.161,1.02211,1.02221,1.50,1.50
2013.04.16 17:21:56.409,1.02211,1.02221,1.50,1.13
2013.04.16 17:22:00.251,1.02211,1.02221,1.50,1.35
2013.04.16 17:22:06.790,1.02211,1.02222,1.50,2.25
2013.04.16 17:22:09.059,1.02211,1.02222,1.50,1.88
2013.04.16 17:22:09.641,1.02211,1.02221,1.50,1.50
2013.04.16 17:22:10.153,1.0221,1.02221,2.25,1.50
2013.04.16 17:22:11.590,1.0221,1.02222,2.25,1.13
2013.04.16 17:22:14.228,1.0221,1.02222,1.50,1.13
2013.04.16 17:22:14.968,1.0221,1.02223,2.25,1.88
2013.04.16 17:22:15.648,1.0221,1.02223,2.25,1.88
2013.04.16 17:22:16.216,1.0221,1.02223,2.25,1.88
2013.04.16 17:22:18.038,1.0221,1.02223,1.50,2.25
2013.04.16 17:22:22.449,1.0221,1.02222,1.50,3.38
2013.04.16 17:22:23.039,1.02209,1.02222,3.00,3.38
2013.04.16 17:22:25.781,1.02209,1.02221,1.50,1.50
2013.04.16 17:22:38.899,1.02209,1.02221,1.50,1.13
2013.04.16 17:22:44.869,1.02209,1.02221,2.25,1.13
2013.04.16 17:22:46.369,1.02209,1.02221,2.25,1.13
2013.04.16 17:22:47.629,1.02209,1.02221,1.50,1.13
2013.04.16 17:22:48.257,1.02209,1.02222,1.50,2.25
2013.04.16 17:22:50.565,1.02211,1.02222,1.50,2.25
2013.04.16 17:22:54.187,1.0221,1.02223,3.00,1.50
2013.04.16 17:22:54.510,1.0222,1.02235,2.44,2.25
2013.04.16 17:22:54.631,1.0222,1.02238,1.69,3.00
2013.04.16 17:22:54.900,1.02224,1.0224,1.50,2.25
2013.04.16 17:22:54.965,1.02224,1.0224,1.50,1.50
2013.04.16 17:22:55.032,1.02227,1.0224,1.50,1.50
2013.04.16 17:22:55.549,1.02232,1.02242,1.50,1.13
2013.04.16 17:22:56.349,1.02232,1.02243,1.50,2.63
2013.04.16 17:22:59.270,1.02232,1.02241,1.50,1.50
2013.04.16 17:22:59.390,1.0223,1.02241,1.50,2.25
2013.04.16 17:22:59.511,1.02227,1.02241,1.50,3.75
2013.04.16 17:23:01.190,1.02227,1.02241,1.50,2.25
2013.04.16 17:23:01.263,1.02228,1.02241,1.50,2.25
2013.04.16 17:23:01.812,1.02228,1.02241,1.50,2.25
2013.04.16 17:23:02.589,1.02228,1.02241,1.50,2.25
2013.04.16 17:23:03.869,1.02228,1.02241,1.50,2.25
2013.04.16 17:23:04.389,1.02228,1.02241,1.50,2.25
2013.04.16 17:23:04.957,1.02228,1.02241,1.50,2.25
2013.04.16 17:23:13.620,1.02227,1.0224,2.25,1.13
2013.04.16 17:23:13.680,1.02227,1.0224,2.25,1.88
2013.04.16 17:23:14.000,1.02226,1.02236,1.50,3.00
2013.04.16 17:23:14.059,1.02223,1.02236,2.68,3.38
2013.04.16 17:23:14.119,1.02223,1.02236,1.62,3.67
2013.04.16 17:23:14.179,1.02223,1.02236,1.62,2.92
2013.04.16 17:23:14.729,1.02227,1.02236,1.50,1.88
2013.04.16 17:23:15.953,1.02227,1.02237,1.50,1.88
2013.04.16 17:23:19.141,1.02226,1.02237,1.50,1.88
2013.04.16 17:23:23.939,1.02226,1.02238,2.25,2.25
2013.04.16 17:23:24.488,1.02226,1.02238,3.00,3.00
2013.04.16 17:23:28.460,1.02223,1.02235,2.25,1.50
2013.04.16 17:23:28.579,1.02223,1.02234,1.50,1.50
2013.04.16 17:23:28.759,1.02221,1.02234,1.50,1.35
2013.04.16 17:23:31.889,1.0222,1.02232,3.00,1.50
2013.04.16 17:23:32.399,1.0222,1.02232,1.50,2.33
2013.04.16 17:23:32.699,1.02218,1.02231,1.50,3.00
2013.04.16 17:23:33.239,1.02215,1.02229,1.50,2.63
2013.04.16 17:23:34.935,1.02215,1.02229,1.50,4.13
2013.04.16 17:23:41.289,1.02215,1.02229,2.25,4.50
2013.04.16 17:23:41.629,1.02215,1.02229,2.25,4.50
2013.04.16 17:23:52.871,1.02215,1.02227,1.50,2.25
2013.04.16 17:24:04.869,1.02215,1.02227,1.50,1.88
2013.04.16 17:24:05.438,1.02215,1.02227,2.25,1.88
2013.04.16 17:24:13.170,1.02215,1.02226,2.25,1.50
2013.04.16 17:24:13.231,1.02215,1.02226,2.25,2.25
2013.04.16 17:24:14.299,1.02215,1.02226,1.50,3.00
2013.04.16 17:24:14.419,1.02215,1.02226,1.50,2.25
2013.04.16 17:24:15.109,1.02215,1.02226,1.50,1.50
2013.04.16 17:24:15.169,1.02215,1.02226,2.25,1.50
2013.04.16 17:24:16.319,1.02216,1.02228,1.50,1.88
2013.04.16 17:24:16.709,1.02216,1.02228,2.25,2.63
2013.04.16 17:24:16.949,1.02216,1.02228,2.25,1.50
2013.04.16 17:24:17.643,1.02216,1.02228,1.50,2.25
2013.04.16 17:24:17.830,1.02216,1.02228,1.50,1.50
2013.04.16 17:24:17.949,1.02216,1.02228,2.25,2.25
2013.04.16 17:24:18.720,1.02216,1.02228,1.50,1.50
2013.04.16 17:24:19.419,1.02216,1.02228,1.50,2.25
2013.04.16 17:24:20.169,1.02216,1.02228,1.50,2.25
2013.04.16 17:24:20.869,1.02216,1.02228,2.25,1.88
2013.04.16 17:24:21.769,1.02216,1.02228,1.50,1.88
2013.04.16 17:24:22.690,1.02216,1.02228,2.25,1.50
2013.04.16 17:24:23.192,1.02216,1.02228,2.25,2.63
2013.04.16 17:24:23.960,1.02216,1.02228,2.25,2.63
2013.04.16 17:24:24.498,1.02217,1.0223,2.25,1.13
2013.04.16 17:24:24.701,1.02217,1.0223,2.25,1.13
2013.04.16 17:24:24.890,1.02218,1.02231,2.10,3.00
2013.04.16 17:24:25.189,1.02221,1.02234,1.50,3.00
2013.04.16 17:24:25.729,1.02221,1.02234,1.50,2.25
2013.04.16 17:24:26.486,1.02221,1.02234,1.50,3.00
2013.04.16 17:24:27.510,1.02222,1.02234,1.50,2.25
2013.04.16 17:24:28.139,1.02222,1.02234,1.50,3.75
2013.04.16 17:24:30.908,1.02221,1.02233,2.25,1.50
2013.04.16 17:24:31.590,1.02221,1.02233,2.25,1.50
2013.04.16 17:24:32.887,1.02221,1.02233,2.25,1.50
2013.04.16 17:24:34.628,1.02221,1.02233,2.25,1.50
2013.04.16 17:24:35.258,1.02221,1.02233,1.50,1.50
2013.04.16 17:24:39.149,1.02222,1.02234,1.50,2.25
2013.04.16 17:24:39.819,1.02224,1.02234,2.25,1.50
2013.04.16 17:24:40.359,1.02224,1.02234,2.25,1.50
2013.04.16 17:24:41.350,1.02224,1.02234,2.25,1.50
2013.04.16 17:24:44.989,1.02224,1.02234,2.25,1.50
2013.04.16 17:24:46.609,1.02224,1.02234,1.50,1.50
2013.04.16 17:24:52.021,1.02224,1.02234,2.25,1.50
2013.04.16 17:24:52.560,1.02224,1.02234,1.50,1.50
2013.04.16 17:24:53.111,1.02224,1.02234,1.50,1.50
2013.04.16 17:24:56.819,1.02224,1.02234,2.25,1.50
2013.04.16 17:24:57.178,1.02223,1.02234,3.00,1.50
2013.04.16 17:24:57.720,1.02223,1.02234,1.50,2.63
2013.04.16 17:25:00.730,1.02222,1.02234,2.25,3.38
2013.04.16 17:25:10.879,1.02222,1.02234,2.25,3.38
2013.04.16 17:25:13.359,1.02223,1.02234,1.50,3.38
2013.04.16 17:25:13.419,1.02223,1.02234,2.25,1.88
2013.04.16 17:25:13.920,1.02224,1.02234,1.50,1.50
2013.04.16 17:25:24.860,1.02224,1.02234,2.25,1.50
2013.04.16 17:25:25.989,1.02224,1.02237,2.25,3.38
2013.04.16 17:25:30.060,1.02224,1.02237,1.50,1.88
2013.04.16 17:25:31.729,1.02224,1.02237,2.25,2.63
2013.04.16 17:25:32.490,1.02224,1.02237,2.25,1.88
2013.04.16 17:25:34.123,1.02224,1.02237,2.25,1.88
2013.04.16 17:25:34.669,1.02224,1.02238,1.50,5.25
2013.04.16 17:25:40.089,1.02224,1.02237,1.50,1.13
2013.04.16 17:25:40.599,1.02224,1.02237,1.50,1.13
2013.04.16 17:25:41.219,1.02224,1.02237,2.25,1.13
2013.04.16 17:25:41.739,1.02224,1.02237,2.25,1.13
2013.04.16 17:25:42.209,1.02225,1.02237,1.50,1.13
2013.04.16 17:25:42.759,1.02226,1.02238,1.50,6.38
2013.04.16 17:25:48.040,1.02226,1.02238,1.50,4.50
2013.04.16 17:25:48.770,1.02226,1.02238,1.50,4.50
2013.04.16 17:25:49.570,1.02226,1.02238,1.50,4.50
2013.04.16 17:25:50.530,1.02226,1.02237,1.50,1.50
2013.04.16 17:25:52.509,1.02226,1.02237,1.50,2.25
2013.04.16 17:25:53.870,1.02224,1.02236,1.50,1.50
2013.04.16 17:25:54.109,1.02221,1.02233,1.50,1.50
2013.04.16 17:25:54.169,1.02221,1.0223,1.50,1.50
2013.04.16 17:25:54.229,1.02218,1.0223,1.50,2.25
2013.04.16 17:25:54.601,1.02216,1.0223,2.44,3.00
2013.04.16 17:25:55.609,1.02217,1.0223,1.50,4.50
2013.04.16 17:25:55.669,1.02215,1.02229,1.69,1.50
2013.04.16 17:25:55.729,1.02215,1.02228,1.69,2.25
2013.04.16 17:25:56.269,1.02214,1.02228,1.50,3.75
2013.04.16 17:25:56.840,1.02214,1.02227,1.50,2.25
2013.04.16 17:25:57.500,1.02213,1.02226,3.00,1.13
2013.04.16 17:25:59.349,1.02214,1.02226,1.50,1.88
2013.04.16 17:26:08.221,1.02213,1.02226,2.25,2.25
2013.04.16 17:26:08.839,1.02213,1.02223,1.50,1.50
2013.04.16 17:26:09.141,1.02204,1.02213,2.25,1.35
2013.04.16 17:26:09.320,1.02201,1.02213,1.50,2.85
2013.04.16 17:26:09.440,1.02197,1.02211,2.63,2.25
2013.04.16 17:26:09.680,1.02195,1.02208,2.44,1.88
2013.04.16 17:26:09.740,1.02195,1.02208,1.50,2.63
2013.04.16 17:26:09.800,1.02194,1.02206,1.50,1.50
2013.04.16 17:26:10.100,1.02193,1.02206,1.50,1.50
2013.04.16 17:26:10.650,1.02192,1.02205,2.25,1.50
2013.04.16 17:26:11.950,1.02192,1.02204,1.50,2.25
2013.04.16 17:26:12.499,1.02191,1.02202,1.50,1.50
2013.04.16 17:26:14.140,1.0219,1.02201,1.50,1.58
2013.04.16 17:26:14.441,1.02182,1.02194,2.93,1.50
2013.04.16 17:26:14.739,1.02182,1.02193,1.50,1.50
2013.04.16 17:26:14.920,1.0218,1.02191,1.50,1.35
2013.04.16 17:26:19.720,1.0218,1.02193,1.50,2.25
2013.04.16 17:26:20.259,1.02181,1.02194,1.50,4.50
2013.04.16 17:26:26.949,1.02181,1.02193,1.50,1.50
2013.04.16 17:26:27.679,1.02181,1.02194,1.50,4.13
2013.04.16 17:26:28.879,1.02181,1.02193,1.50,1.50
2013.04.16 17:26:31.706,1.02181,1.02193,1.50,2.93
2013.04.16 17:26:32.260,1.02181,1.02193,1.50,1.43
2013.04.16 17:26:33.980,1.02181,1.02193,3.00,1.13
2013.04.16 17:26:35.453,1.02182,1.02194,1.50,4.80
2013.04.16 17:26:37.271,1.02182,1.02194,1.50,1.88
2013.04.16 17:26:38.640,1.0218,1.02194,3.00,3.38
2013.04.16 17:26:39.561,1.02181,1.02194,1.50,2.63
2013.04.16 17:26:39.870,1.02183,1.02195,2.25,1.88
2013.04.16 17:26:39.991,1.02183,1.02196,1.50,3.00
2013.04.16 17:26:42.272,1.02183,1.02196,2.25,1.13
2013.04.16 17:26:42.461,1.02183,1.02194,1.50,1.50
2013.04.16 17:26:42.880,1.02183,1.02194,1.50,2.10
2013.04.16 17:26:43.420,1.0218,1.02194,2.25,3.60
2013.04.16 17:26:50.349,1.02182,1.02194,1.50,1.88
2013.04.16 17:26:57.691,1.02182,1.02194,1.50,1.50
2013.04.16 17:26:59.493,1.02182,1.02194,1.50,1.50
2013.04.16 17:27:00.460,1.02183,1.02196,1.50,3.08
2013.04.16 17:27:01.137,1.02184,1.02197,1.50,2.63
2013.04.16 17:27:01.657,1.02184,1.02197,1.50,2.63
2013.04.16 17:27:15.290,1.02183,1.02196,3.00,1.13
2013.04.16 17:27:15.650,1.02177,1.02185,1.50,2.85
2013.04.16 17:27:15.830,1.02173,1.02185,2.25,3.60
2013.04.16 17:27:21.569,1.02172,1.02183,2.25,1.50
2013.04.16 17:27:29.081,1.02172,1.02184,2.25,1.50
2013.04.16 17:27:29.619,1.02173,1.02187,2.25,2.63
2013.04.16 17:27:31.410,1.02175,1.02187,1.50,2.25
2013.04.16 17:27:35.750,1.02175,1.02187,1.50,2.25
2013.04.16 17:27:37.719,1.02175,1.02187,1.50,2.25
2013.04.16 17:27:39.429,1.02175,1.02187,1.50,2.25
2013.04.16 17:27:43.383,1.02173,1.0218,2.25,2.85
2013.04.16 17:27:43.511,1.02168,1.02178,1.69,3.00
2013.04.16 17:27:43.571,1.02167,1.02177,1.69,1.50
2013.04.16 17:27:43.880,1.02163,1.02175,2.52,2.10
2013.04.16 17:27:44.430,1.02162,1.02174,2.93,1.50
2013.04.16 17:27:44.970,1.02162,1.02174,1.43,1.50
2013.04.16 17:27:45.280,1.02163,1.02175,1.80,2.25
2013.04.16 17:27:45.701,1.02162,1.02173,2.03,1.50
2013.04.16 17:27:45.820,1.02163,1.02173,1.35,1.50
2013.04.16 17:27:46.239,1.02163,1.02172,2.63,1.50
2013.04.16 17:27:46.659,1.02163,1.02175,2.78,2.25
2013.04.16 17:27:46.720,1.02163,1.02175,1.50,1.50
2013.04.16 17:27:46.900,1.02164,1.02173,1.13,1.50
2013.04.16 17:27:47.231,1.02159,1.02172,3.00,1.50
2013.04.16 17:27:47.770,1.02159,1.02172,2.10,2.25
2013.04.16 17:27:48.310,1.02161,1.02174,1.50,1.50
2013.04.16 17:27:48.849,1.02163,1.02172,1.50,1.50
2013.04.16 17:27:51.519,1.02162,1.02174,1.50,4.50
2013.04.16 17:27:53.160,1.02162,1.02174,1.50,3.75
2013.04.16 17:27:54.290,1.02161,1.02174,1.50,2.25
2013.04.16 17:27:54.823,1.02161,1.02174,1.50,2.25
2013.04.16 17:27:55.370,1.02161,1.02174,1.50,2.25
2013.04.16 17:27:56.990,1.0216,1.02173,2.25,1.50
2013.04.16 17:27:57.530,1.0216,1.02172,2.25,1.50
2013.04.16 17:27:58.190,1.02158,1.02172,1.50,1.50
2013.04.16 17:27:58.251,1.02158,1.0217,1.50,1.50
2013.04.16 17:27:59.040,1.02155,1.02169,2.63,1.50
2013.04.16 17:27:59.340,1.02152,1.02165,1.50,1.50
2013.04.16 17:28:00.630,1.0215,1.02164,2.25,1.88
2013.04.16 17:28:01.170,1.02151,1.02163,1.50,1.13
2013.04.16 17:28:01.719,1.02151,1.02164,2.25,1.88
2013.04.16 17:28:02.340,1.0215,1.02163,2.25,1.50
2013.04.16 17:28:02.850,1.02153,1.02165,1.50,3.00
2013.04.16 17:28:03.389,1.02153,1.02165,2.25,1.50
2013.04.16 17:28:04.290,1.02152,1.02164,1.50,1.50
2013.04.16 17:28:05.976,1.02151,1.02162,1.50,1.13
2013.04.16 17:28:06.494,1.0215,1.02162,3.00,1.88
2013.04.16 17:28:07.661,1.0215,1.02161,1.50,1.88
2013.04.16 17:28:08.184,1.02149,1.02161,1.50,1.50
2013.04.16 17:28:09.529,1.02147,1.02161,2.25,2.25
2013.04.16 17:28:10.043,1.02149,1.02161,1.50,2.25
2013.04.16 17:28:10.729,1.02149,1.02161,1.50,2.63
2013.04.16 17:28:11.239,1.02149,1.02161,1.50,2.63
2013.04.16 17:28:14.590,1.02152,1.02161,2.10,2.63
2013.04.16 17:28:14.710,1.02154,1.02165,1.50,2.25
2013.04.16 17:28:14.829,1.02155,1.02168,1.32,1.88
2013.04.16 17:28:14.890,1.02155,1.02168,2.07,1.88
2013.04.16 17:28:15.249,1.0216,1.02172,1.50,1.88
2013.04.16 17:28:15.790,1.02161,1.02174,1.50,1.50
2013.04.16 17:28:16.294,1.02161,1.02174,2.25,1.50
2013.04.16 17:28:16.539,1.02161,1.02177,3.00,3.75
2013.04.16 17:28:19.641,1.02163,1.02176,1.50,1.50
2013.04.16 17:28:21.339,1.02163,1.02175,1.50,1.50
2013.04.16 17:28:21.890,1.02162,1.02173,1.50,1.50
2013.04.16 17:28:21.949,1.02162,1.02173,1.50,1.50
2013.04.16 17:28:22.501,1.02162,1.02173,1.50,1.50
2013.04.16 17:28:27.660,1.02162,1.02173,1.50,1.50
2013.04.16 17:28:28.501,1.02162,1.02173,1.50,1.50
2013.04.16 17:28:30.129,1.02162,1.02173,1.50,1.50
2013.04.16 17:28:31.528,1.02162,1.02172,1.50,2.85
2013.04.16 17:28:31.731,1.02161,1.02171,1.50,1.35
2013.04.16 17:28:31.850,1.0216,1.02171,2.25,1.35
2013.04.16 17:28:32.631,1.02161,1.02171,1.50,1.50
2013.04.16 17:28:32.701,1.02161,1.02171,1.50,1.50
2013.04.16 17:28:37.133,1.02159,1.02171,1.50,1.50
2013.04.16 17:28:37.639,1.02159,1.02172,1.50,1.50
2013.04.16 17:28:38.800,1.02159,1.02172,2.25,2.25
2013.04.16 17:28:39.761,1.02159,1.02172,2.25,2.25
2013.04.16 17:28:40.325,1.02159,1.02172,2.25,1.50
2013.04.16 17:28:40.862,1.02159,1.02172,2.25,1.50
2013.04.16 17:28:42.221,1.02159,1.02172,2.25,1.50
2013.04.16 17:28:42.780,1.02159,1.02172,2.25,1.50
2013.04.16 17:28:43.530,1.02159,1.02172,2.25,1.50
2013.04.16 17:28:43.590,1.02159,1.02172,2.25,1.50
2013.04.16 17:28:44.140,1.02158,1.0217,3.75,2.25
2013.04.16 17:28:45.122,1.02158,1.0217,3.75,1.50
2013.04.16 17:28:51.160,1.02158,1.0217,3.75,1.50
2013.04.16 17:28:51.701,1.02158,1.0217,3.75,1.50
2013.04.16 17:28:54.332,1.02158,1.0217,3.75,1.50
2013.04.16 17:28:55.790,1.02158,1.0217,2.25,2.25
2013.04.16 17:28:56.621,1.02158,1.0217,3.00,2.25
2013.04.16 17:28:57.210,1.02158,1.0217,3.00,2.25
2013.04.16 17:28:57.750,1.02158,1.0217,3.00,2.25
2013.04.16 17:28:59.642,1.02158,1.0217,3.00,1.50
2013.04.16 17:29:00.610,1.02158,1.02171,3.00,2.25
2013.04.16 17:29:01.605,1.02159,1.02171,1.50,2.25
2013.04.16 17:29:02.191,1.02159,1.02171,2.25,1.50
2013.04.16 17:29:03.589,1.02159,1.02172,2.25,1.50
2013.04.16 17:29:07.651,1.02159,1.0217,1.69,1.50
2013.04.16 17:29:07.711,1.02158,1.02166,1.50,1.50
2013.04.16 17:29:07.832,1.02157,1.02163,2.25,1.50
2013.04.16 17:29:07.962,1.02152,1.02163,2.25,2.25
2013.04.16 17:29:08.152,1.02152,1.02162,1.50,3.00
2013.04.16 17:29:08.331,1.02148,1.0216,2.25,1.50
2013.04.16 17:29:10.359,1.02148,1.02161,2.25,2.25
2013.04.16 17:29:11.119,1.02148,1.0216,2.25,1.50
2013.04.16 17:29:11.660,1.02148,1.0216,2.25,1.50
2013.04.16 17:29:12.681,1.02149,1.0216,1.32,1.50
2013.04.16 17:29:15.140,1.02149,1.0216,1.13,1.50
2013.04.16 17:29:15.261,1.02148,1.02159,2.25,1.50
2013.04.16 17:29:15.452,1.02146,1.02156,1.69,1.50
2013.04.16 17:29:15.512,1.02143,1.02156,2.25,1.50
2013.04.16 17:29:15.881,1.02139,1.02153,5.25,2.25
2013.04.16 17:29:16.000,1.02139,1.02152,3.19,2.25
2013.04.16 17:29:16.850,1.02139,1.02152,2.25,1.50
2013.04.16 17:29:17.584,1.02139,1.02151,1.50,1.50
2013.04.16 17:29:18.004,1.02139,1.02151,1.50,1.50
2013.04.16 17:29:18.750,1.02139,1.02151,1.50,1.50
2013.04.16 17:29:22.445,1.02139,1.02152,1.88,2.25
2013.04.16 17:29:23.130,1.02144,1.02153,4.50,1.50
2013.04.16 17:29:23.251,1.02144,1.02156,4.69,1.05
2013.04.16 17:29:23.311,1.02145,1.02157,1.69,3.00
2013.04.16 17:29:24.410,1.02145,1.02156,1.69,1.50
2013.04.16 17:29:24.987,1.02144,1.02156,1.50,1.50
2013.04.16 17:29:25.532,1.02142,1.02154,2.25,2.25
2013.04.16 17:29:26.248,1.02144,1.02155,1.50,1.50
2013.04.16 17:29:26.336,1.02143,1.02155,2.25,1.50
2013.04.16 17:29:26.402,1.02143,1.02156,2.25,2.25
2013.04.16 17:29:26.734,1.02142,1.02154,1.50,2.63
2013.04.16 17:29:27.040,1.02137,1.02149,2.25,1.50
2013.04.16 17:29:27.221,1.02135,1.02149,2.25,3.00
2013.04.16 17:29:27.293,1.02134,1.02145,2.25,1.50
2013.04.16 17:29:27.540,1.02132,1.02145,1.50,1.50
2013.04.16 17:29:28.415,1.02135,1.02146,2.25,1.13
2013.04.16 17:29:28.601,1.02135,1.02147,3.00,1.50
2013.04.16 17:29:28.720,1.02133,1.02146,1.69,1.50
2013.04.16 17:29:28.781,1.02132,1.02146,1.50,2.25
2013.04.16 17:29:29.389,1.02132,1.02145,1.58,1.50
2013.04.16 17:29:29.892,1.02137,1.02146,1.50,1.50
2013.04.16 17:29:30.201,1.02138,1.02146,1.50,1.50
2013.04.16 17:29:30.531,1.02138,1.02148,1.50,1.50
2013.04.16 17:29:31.099,1.02138,1.02148,1.50,1.50
2013.04.16 17:29:35.583,1.02138,1.02148,1.50,1.50
2013.04.16 17:29:36.641,1.02137,1.02146,1.50,1.50
2013.04.16 17:29:36.763,1.02134,1.02145,1.50,1.50
2013.04.16 17:29:36.891,1.0213,1.02143,1.50,2.25
2013.04.16 17:29:37.251,1.02128,1.0214,2.25,1.50
2013.04.16 17:29:37.660,1.0213,1.0214,1.50,1.50
2013.04.16 17:29:38.221,1.0213,1.02142,2.25,1.50
2013.04.16 17:29:38.881,1.0213,1.02142,2.25,1.50
2013.04.16 17:29:39.601,1.0213,1.02142,3.00,1.50
2013.04.16 17:29:40.152,1.02128,1.02142,2.63,1.50
2013.04.16 17:29:40.942,1.02129,1.02142,1.50,2.25
2013.04.16 17:29:41.071,1.02129,1.02142,1.50,2.25
2013.04.16 17:29:41.610,1.02129,1.02142,2.25,1.50
2013.04.16 17:29:41.790,1.0213,1.02142,1.50,1.50
2013.04.16 17:29:41.910,1.0213,1.02142,1.50,1.50
2013.04.16 17:29:47.205,1.02129,1.02141,1.50,1.50
2013.04.16 17:29:49.999,1.02129,1.02141,2.25,1.50
2013.04.16 17:29:52.640,1.02128,1.02141,1.50,1.50
2013.04.16 17:29:54.809,1.02127,1.02138,1.50,1.50
2013.04.16 17:29:55.132,1.02123,1.02133,1.50,1.50
2013.04.16 17:29:55.190,1.02121,1.02133,1.88,1.50
2013.04.16 17:29:59.420,1.02121,1.02132,1.88,2.25
2013.04.16 17:30:00.141,1.02121,1.02132,1.50,2.25
2013.04.16 17:30:00.736,1.0212,1.02132,1.50,3.00
2013.04.16 17:30:02.252,1.02119,1.02132,3.00,1.50
2013.04.16 17:30:03.540,1.02119,1.02132,3.00,2.25
2013.04.16 17:30:03.801,1.02119,1.02128,2.25,2.10
2013.04.16 17:30:04.041,1.02114,1.02126,5.25,2.25
2013.04.16 17:30:04.161,1.02116,1.02126,1.50,2.44
2013.04.16 17:30:04.461,1.02119,1.02128,1.50,1.50
2013.04.16 17:30:04.701,1.02119,1.0213,1.50,1.50
2013.04.16 17:30:04.821,1.02119,1.0213,1.50,1.50
2013.04.16 17:30:04.940,1.02119,1.02131,1.50,3.75
2013.04.16 17:30:05.444,1.0212,1.02131,1.50,4.35
2013.04.16 17:30:07.650,1.0212,1.02132,1.50,3.60
2013.04.16 17:30:08.190,1.02121,1.02132,1.50,3.75
2013.04.16 17:30:08.490,1.02121,1.02132,1.50,2.25
2013.04.16 17:30:08.902,1.0212,1.02129,3.00,1.50
2013.04.16 17:30:09.141,1.02115,1.02127,1.50,1.35
2013.04.16 17:30:09.260,1.02114,1.02122,1.88,1.50
2013.04.16 17:30:09.681,1.02118,1.02126,1.50,1.50
2013.04.16 17:30:09.751,1.02118,1.02127,1.50,1.50
2013.04.16 17:30:09.811,1.0212,1.02127,1.50,1.50
2013.04.16 17:30:10.326,1.02121,1.02128,2.25,1.50
2013.04.16 17:30:10.450,1.02121,1.02132,2.25,3.38
2013.04.16 17:30:14.281,1.02121,1.02131,2.25,1.88
2013.04.16 17:30:15.481,1.0212,1.02131,2.25,1.13
2013.04.16 17:30:15.602,1.0212,1.0213,2.25,1.13
2013.04.16 17:30:15.851,1.0212,1.02131,1.50,2.63
2013.04.16 17:30:15.972,1.0212,1.02131,1.50,1.88
2013.04.16 17:30:19.262,1.02121,1.02132,1.50,3.75
2013.04.16 17:30:19.572,1.02115,1.02124,3.75,1.13
2013.04.16 17:30:19.821,1.02112,1.02124,2.25,1.13
2013.04.16 17:30:19.941,1.02112,1.02124,2.25,1.88
2013.04.16 17:30:28.580,1.02112,1.02124,1.50,2.25
2013.04.16 17:30:28.940,1.02112,1.02126,3.75,4.13
2013.04.16 17:30:29.120,1.02114,1.02126,2.33,2.25
2013.04.16 17:30:29.684,1.02116,1.02126,2.18,1.13
2013.04.16 17:30:29.810,1.02116,1.0213,3.08,2.25
2013.04.16 17:30:30.350,1.02117,1.0213,1.50,1.50
2013.04.16 17:30:31.870,1.02117,1.02129,1.50,1.50
2013.04.16 17:30:31.990,1.02116,1.02128,1.50,1.50
2013.04.16 17:30:32.050,1.02116,1.02128,1.50,1.50
2013.04.16 17:30:32.590,1.02116,1.02128,1.50,1.50
2013.04.16 17:30:33.201,1.02118,1.02129,1.50,1.50
2013.04.16 17:30:33.261,1.02118,1.0213,1.50,2.63
2013.04.16 17:30:35.380,1.02119,1.02133,2.25,1.88
2013.04.16 17:30:35.560,1.02121,1.02133,1.50,1.13
2013.04.16 17:30:39.690,1.02121,1.02134,2.25,3.60
2013.04.16 17:30:40.246,1.02122,1.02135,1.50,2.25
2013.04.16 17:30:41.341,1.02123,1.02135,1.50,2.25
2013.04.16 17:30:41.522,1.02127,1.02136,1.50,1.13
2013.04.16 17:30:41.951,1.02128,1.0214,2.25,1.50
2013.04.16 17:30:42.073,1.02129,1.02142,1.50,1.50
2013.04.16 17:30:42.642,1.0213,1.02143,1.50,1.50
2013.04.16 17:30:45.410,1.02131,1.02143,1.50,1.50
2013.04.16 17:30:51.201,1.02132,1.02144,2.25,1.50
2013.04.16 17:30:51.261,1.02133,1.02146,1.50,2.25
2013.04.16 17:30:51.440,1.02132,1.02144,1.50,2.25
2013.04.16 17:30:52.223,1.0213,1.02143,3.00,1.50
2013.04.16 17:30:52.592,1.0213,1.02144,3.00,2.25
2013.04.16 17:30:53.651,1.02131,1.02144,1.50,2.25
2013.04.16 17:30:54.021,1.02132,1.02145,1.50,1.50
2013.04.16 17:30:54.080,1.02132,1.02145,1.50,1.50
2013.04.16 17:30:56.360,1.02132,1.02143,1.50,2.10
2013.04.16 17:30:56.672,1.02129,1.02138,1.50,1.88
2013.04.16 17:30:56.800,1.02123,1.02137,3.00,2.25
2013.04.16 17:30:57.040,1.02123,1.02135,1.50,1.50
2013.04.16 17:30:58.370,1.02124,1.02135,2.25,1.50
2013.04.16 17:30:58.491,1.02125,1.02136,2.25,1.50
2013.04.16 17:30:59.031,1.02126,1.02138,1.50,3.00
2013.04.16 17:30:59.270,1.02129,1.02142,2.25,1.50
2013.04.16 17:31:01.080,1.0213,1.02143,1.50,1.50
2013.04.16 17:31:04.461,1.0213,1.02142,1.50,2.25
2013.04.16 17:31:06.430,1.02131,1.02142,1.50,1.50
2013.04.16 17:31:07.281,1.02131,1.02142,1.50,1.50
2013.04.16 17:31:07.681,1.02131,1.02142,1.50,1.50
2013.04.16 17:31:09.170,1.02131,1.02143,1.50,1.50
2013.04.16 17:31:11.661,1.02131,1.02143,2.25,2.25
2013.04.16 17:31:11.720,1.02131,1.02142,1.50,1.50
2013.04.16 17:31:12.094,1.02129,1.0214,1.50,1.50
2013.04.16 17:31:12.163,1.02129,1.0214,1.50,1.50
2013.04.16 17:31:12.473,1.02123,1.02137,2.25,2.63
2013.04.16 17:31:12.540,1.02123,1.02136,2.25,1.50
2013.04.16 17:31:12.659,1.02123,1.02134,1.50,1.50
2013.04.16 17:31:13.431,1.02122,1.02134,2.25,1.50
2013.04.16 17:31:13.943,1.02122,1.02135,3.00,1.13
2013.04.16 17:31:14.012,1.02125,1.02137,1.50,3.00
2013.04.16 17:31:14.146,1.02126,1.02138,1.50,2.25
2013.04.16 17:31:15.412,1.02126,1.02138,1.50,1.50
2013.04.16 17:31:15.661,1.02124,1.02137,2.25,1.50
2013.04.16 17:31:16.378,1.02124,1.02137,1.50,1.50
2013.04.16 17:31:16.940,1.02125,1.02138,1.50,1.50
2013.04.16 17:31:17.120,1.02126,1.0214,2.25,1.88
2013.04.16 17:31:17.969,1.02126,1.02139,1.50,1.50
2013.04.16 17:31:18.529,1.02126,1.02138,1.50,2.25
2013.04.16 17:31:18.590,1.02125,1.02138,1.50,2.25
2013.04.16 17:31:19.150,1.02126,1.02139,2.82,2.25
2013.04.16 17:31:22.870,1.02128,1.0214,1.50,1.50
2013.04.16 17:31:23.624,1.02127,1.02141,2.25,4.58
2013.04.16 17:31:23.689,1.02127,1.02141,2.25,5.33
2013.04.16 17:31:29.335,1.02128,1.02139,1.50,1.50
2013.04.16 17:31:29.820,1.02129,1.02142,3.19,1.50
2013.04.16 17:31:30.432,1.0213,1.02143,2.25,1.88
2013.04.16 17:31:32.290,1.02131,1.02144,2.25,1.50
2013.04.16 17:31:33.181,1.02132,1.02144,1.50,1.50
2013.04.16 17:31:40.685,1.02133,1.02145,1.50,1.88
2013.04.16 17:31:43.151,1.02132,1.02144,2.25,1.50
2013.04.16 17:31:57.970,1.02133,1.02144,1.13,1.50
2013.04.16 17:31:59.489,1.02132,1.02144,2.25,1.50
2013.04.16 17:32:00.200,1.02132,1.02144,3.00,1.50
2013.04.16 17:32:06.473,1.02132,1.02144,2.25,1.50
2013.04.16 17:32:11.876,1.02132,1.02145,2.25,2.63
2013.04.16 17:32:15.164,1.02135,1.02147,1.50,1.50
2013.04.16 17:32:15.530,1.02133,1.02145,2.25,2.63
2013.04.16 17:32:15.590,1.02133,1.02144,1.50,1.50
2013.04.16 17:32:24.449,1.02135,1.02145,1.50,1.50
2013.04.16 17:32:24.580,1.02132,1.02145,4.13,1.88
2013.04.16 17:32:25.094,1.02132,1.02145,2.63,2.63
2013.04.16 17:32:38.403,1.02132,1.02144,2.25,5.25
2013.04.16 17:32:39.222,1.02131,1.02144,1.50,5.25
2013.04.16 17:32:39.781,1.02133,1.02144,3.47,3.00
2013.04.16 17:32:39.840,1.02138,1.02144,2.48,1.50
2013.04.16 17:32:39.961,1.02142,1.02147,5.40,1.13
2013.04.16 17:32:40.021,1.02143,1.02153,3.94,6.45
2013.04.16 17:32:40.081,1.02143,1.02156,4.69,2.25
2013.04.16 17:32:40.141,1.02143,1.02154,3.19,1.50
2013.04.16 17:32:40.452,1.0214,1.02152,1.50,1.50
2013.04.16 17:32:40.630,1.0214,1.02153,2.25,1.50
2013.04.16 17:32:41.051,1.02142,1.02154,1.50,1.50
2013.04.16 17:32:43.881,1.02142,1.02154,3.00,1.50
2013.04.16 17:32:54.111,1.02142,1.02154,3.00,3.00
2013.04.16 17:32:54.641,1.02142,1.02153,1.50,2.25
2013.04.16 17:33:00.807,1.02134,1.02148,2.59,3.75
2013.04.16 17:33:05.080,1.02133,1.02145,2.40,1.50
2013.04.16 17:33:05.260,1.02132,1.02145,2.25,2.25
2013.04.16 17:33:05.710,1.02132,1.02144,2.25,1.50
2013.04.16 17:33:06.261,1.02131,1.02143,2.25,2.25
2013.04.16 17:33:06.442,1.0213,1.02142,3.00,2.85
2013.04.16 17:33:06.571,1.02129,1.02142,2.25,2.85
2013.04.16 17:33:07.050,1.02129,1.0214,1.50,1.50
2013.04.16 17:33:09.847,1.02127,1.02136,2.25,2.10
2013.04.16 17:33:09.912,1.02125,1.02136,3.00,2.85
2013.04.16 17:33:09.981,1.02125,1.02135,1.50,1.88
2013.04.16 17:33:10.163,1.02122,1.02135,1.50,1.13
2013.04.16 17:33:10.350,1.02121,1.02134,3.00,2.25
2013.04.16 17:33:10.860,1.02121,1.02133,1.50,1.50
2013.04.16 17:33:13.615,1.02121,1.02133,2.25,1.50
2013.04.16 17:33:20.290,1.02121,1.02133,2.25,1.50
2013.04.16 17:33:20.830,1.02123,1.02135,2.25,2.63
2013.04.16 17:33:21.132,1.02128,1.02137,1.50,1.50
2013.04.16 17:33:21.490,1.0213,1.02143,1.50,3.00
2013.04.16 17:33:22.030,1.0213,1.02144,1.50,2.63
2013.04.16 17:33:24.557,1.02131,1.02144,1.50,3.27
2013.04.16 17:33:27.721,1.02131,1.02144,2.25,1.50
2013.04.16 17:33:27.902,1.02132,1.02137,2.25,1.35
2013.04.16 17:33:28.081,1.02127,1.02136,1.50,1.50
2013.04.16 17:33:28.141,1.02127,1.02137,2.25,1.13
2013.04.16 17:33:28.261,1.02128,1.02138,1.50,1.50
2013.04.16 17:33:28.322,1.0213,1.02142,1.50,1.50
2013.04.16 17:33:28.567,1.0213,1.02143,2.25,1.13
2013.04.16 17:33:29.195,1.02131,1.02144,1.50,1.88
2013.04.16 17:33:29.270,1.02131,1.02142,1.50,1.50
2013.04.16 17:33:29.822,1.0213,1.02143,1.50,2.63
2013.04.16 17:33:30.903,1.0213,1.02143,1.50,2.25
2013.04.16 17:33:31.461,1.02133,1.02144,1.50,2.25
2013.04.16 17:33:32.212,1.02134,1.02144,1.50,1.50
2013.04.16 17:33:32.391,1.02137,1.02148,1.50,2.25
2013.04.16 17:33:32.630,1.02138,1.02152,1.88,2.25
2013.04.16 17:33:33.141,1.02138,1.02153,1.88,3.75
2013.04.16 17:33:33.264,1.02138,1.02152,1.88,3.75
2013.04.16 17:33:33.571,1.02134,1.02146,1.50,1.50
2013.04.16 17:33:33.692,1.02133,1.02147,1.50,2.25
2013.04.16 17:33:33.753,1.02133,1.02147,2.25,2.25
2013.04.16 17:33:33.881,1.02133,1.02147,2.25,1.50
2013.04.16 17:33:34.401,1.02136,1.02149,1.50,4.13
2013.04.16 17:33:34.521,1.02136,1.02149,1.50,2.63
2013.04.16 17:33:34.941,1.02139,1.02152,1.50,2.25
2013.04.16 17:33:35.481,1.0214,1.02152,1.50,2.25
2013.04.16 17:33:36.260,1.0214,1.02152,2.25,2.25
2013.04.16 17:33:36.382,1.02139,1.02151,2.25,2.25
2013.04.16 17:33:36.502,1.02136,1.02148,2.44,1.50
2013.04.16 17:33:36.573,1.02136,1.02148,1.69,2.25
2013.04.16 17:33:36.641,1.02134,1.02148,1.50,2.25
2013.04.16 17:33:37.060,1.02133,1.02147,1.50,1.50
2013.04.16 17:33:39.090,1.02133,1.02145,1.50,3.00
2013.04.16 17:33:40.692,1.02133,1.02144,1.50,1.50
2013.04.16 17:33:42.641,1.02133,1.02146,2.25,3.00
2013.04.16 17:33:44.741,1.02133,1.02145,2.25,1.88
2013.04.16 17:33:45.281,1.02133,1.02145,1.50,1.13
2013.04.16 17:33:45.793,1.02132,1.02145,2.25,1.13
2013.04.16 17:33:46.321,1.02132,1.02145,2.25,1.13
2013.04.16 17:33:50.901,1.02131,1.02145,3.75,1.13
2013.04.16 17:33:51.592,1.02132,1.02145,1.50,1.88
2013.04.16 17:33:51.662,1.02131,1.02143,2.25,1.50
2013.04.16 17:33:51.720,1.02131,1.02141,2.25,1.50
2013.04.16 17:33:53.182,1.02131,1.02141,1.50,1.50
2013.04.16 17:33:57.754,1.0213,1.02141,1.88,1.50
2013.04.16 17:34:00.612,1.02131,1.02143,1.50,1.50
2013.04.16 17:34:00.743,1.02132,1.02145,1.50,2.63
2013.04.16 17:34:00.932,1.02132,1.02145,2.25,1.13
2013.04.16 17:34:04.430,1.02132,1.02145,2.25,1.88
2013.04.16 17:34:04.934,1.02132,1.02144,1.50,1.50
2013.04.16 17:34:05.261,1.02131,1.02143,1.13,2.25
2013.04.16 17:34:05.321,1.02129,1.02141,2.25,1.50
2013.04.16 17:34:05.930,1.02129,1.02141,2.25,1.50
2013.04.16 17:34:07.087,1.02129,1.02142,1.50,1.50
2013.04.16 17:34:07.619,1.0213,1.02143,1.50,1.50
2013.04.16 17:34:09.590,1.0213,1.02144,3.00,3.75
2013.04.16 17:34:11.440,1.0213,1.02143,5.25,1.35
2013.04.16 17:34:11.710,1.02131,1.02143,1.50,1.35
2013.04.16 17:34:12.011,1.02132,1.02145,2.25,3.38
2013.04.16 17:34:13.250,1.02133,1.02145,1.50,3.00
2013.04.16 17:34:15.501,1.02133,1.02145,1.50,2.25
2013.04.16 17:34:15.620,1.02134,1.02145,1.50,2.25
2013.04.16 17:34:15.861,1.02134,1.02148,3.19,2.25
2013.04.16 17:34:15.921,1.02134,1.02147,2.44,1.50
2013.04.16 17:34:16.470,1.02133,1.02145,1.50,2.25
2013.04.16 17:34:16.980,1.02133,1.02145,1.50,3.00
2013.04.16 17:34:20.154,1.02131,1.02143,1.50,2.25
2013.04.16 17:34:20.247,1.02131,1.02144,1.50,1.88
2013.04.16 17:34:20.312,1.02133,1.02144,1.50,1.50
2013.04.16 17:34:20.551,1.02135,1.02145,1.69,1.13
2013.04.16 17:34:20.732,1.02132,1.02144,3.00,1.50
2013.04.16 17:34:20.860,1.02131,1.02143,3.00,1.50
2013.04.16 17:34:20.922,1.02131,1.02143,3.00,1.50
2013.04.16 17:34:21.425,1.02129,1.02141,2.25,1.50
2013.04.16 17:34:22.050,1.02129,1.02141,2.25,1.50
2013.04.16 17:34:41.910,1.02128,1.02141,2.25,1.50
2013.04.16 17:34:42.720,1.02128,1.02141,1.50,2.25
2013.04.16 17:34:43.696,1.02128,1.02141,1.50,1.50
2013.04.16 17:34:45.745,1.0213,1.02141,1.50,1.50
2013.04.16 17:34:46.291,1.0213,1.02142,2.25,1.50
2013.04.16 17:34:46.840,1.02132,1.02144,1.50,3.38
2013.04.16 17:34:47.141,1.02135,1.02144,1.50,2.63
2013.04.16 17:34:47.202,1.02135,1.02146,1.50,1.50
2013.04.16 17:34:47.321,1.02136,1.02148,2.25,1.50
2013.04.16 17:34:47.441,1.02137,1.02149,3.00,1.13
2013.04.16 17:34:47.561,1.02139,1.02151,1.50,2.25
2013.04.16 17:34:47.801,1.02139,1.02153,1.50,2.25
2013.04.16 17:34:48.460,1.02139,1.02153,1.50,1.50
2013.04.16 17:34:48.981,1.02139,1.02153,1.50,2.25
2013.04.16 17:34:49.910,1.02139,1.02153,2.25,2.25
2013.04.16 17:34:50.341,1.02139,1.02153,2.25,2.25
2013.04.16 17:34:50.881,1.02139,1.02151,2.25,3.60
2013.04.16 17:34:51.930,1.02139,1.02151,1.50,3.60
2013.04.16 17:34:52.231,1.02135,1.02148,1.13,1.50
2013.04.16 17:34:52.590,1.02132,1.02146,1.50,2.63
2013.04.16 17:34:55.921,1.02131,1.02144,3.00,2.25
2013.04.16 17:34:58.141,1.02131,1.02144,1.50,1.50
2013.04.16 17:34:58.440,1.0213,1.02143,1.50,1.88
2013.04.16 17:34:59.129,1.0213,1.02143,2.25,2.63
2013.04.16 17:35:02.351,1.0213,1.02142,1.50,1.50
2013.04.16 17:35:11.660,1.02131,1.02142,1.50,1.50
2013.04.16 17:35:18.611,1.02129,1.02142,1.50,2.25
2013.04.16 17:35:20.621,1.02129,1.02141,1.50,1.50
2013.04.16 17:35:22.221,1.02129,1.02141,1.50,2.25
2013.04.16 17:35:22.710,1.02129,1.02141,2.25,2.25
2013.04.16 17:35:28.843,1.02129,1.02141,1.50,1.50
2013.04.16 17:35:32.330,1.02129,1.02141,1.50,2.25
2013.04.16 17:35:34.950,1.02129,1.02141,1.50,1.50
2013.04.16 17:35:35.564,1.02129,1.02141,1.50,2.25
2013.04.16 17:35:37.462,1.02129,1.02141,1.50,2.25
2013.04.16 17:35:37.711,1.02129,1.02141,1.50,1.50
2013.04.16 17:35:43.020,1.02129,1.02141,2.25,1.50
2013.04.16 17:35:43.561,1.02129,1.02143,3.75,2.63
2013.04.16 17:35:45.251,1.02129,1.02141,2.25,1.50
2013.04.16 17:35:49.012,1.02129,1.02141,2.25,2.25
2013.04.16 17:35:54.940,1.02131,1.02141,1.50,1.50
2013.04.16 17:35:55.471,1.02131,1.02143,2.25,2.63
2013.04.16 17:35:58.823,1.02131,1.02143,3.00,1.50
2013.04.16 17:36:00.552,1.02131,1.02143,3.75,1.50
2013.04.16 17:36:01.086,1.02131,1.02143,3.75,1.50
2013.04.16 17:36:03.941,1.02131,1.02143,3.75,1.50
2013.04.16 17:36:06.671,1.02131,1.02143,3.00,2.25
2013.04.16 17:36:06.730,1.02131,1.02143,2.25,2.25
2013.04.16 17:36:14.700,1.02129,1.02142,1.50,3.00
2013.04.16 17:36:16.531,1.02131,1.02142,1.50,3.00
2013.04.16 17:36:17.070,1.02132,1.02143,1.50,2.25
2013.04.16 17:36:17.571,1.02132,1.02143,1.50,1.50
2013.04.16 17:36:27.556,1.02131,1.02143,2.25,1.50
2013.04.16 17:36:28.125,1.02131,1.02143,2.25,2.25
2013.04.16 17:36:28.772,1.02131,1.02143,3.00,2.25
2013.04.16 17:36:29.311,1.02132,1.02143,1.50,1.50
2013.04.16 17:36:36.141,1.02133,1.02143,2.25,1.50
2013.04.16 17:36:36.336,1.02134,1.02147,1.50,2.25
2013.04.16 17:36:36.462,1.02136,1.02147,1.50,1.50
2013.04.16 17:36:36.760,1.02137,1.0215,2.25,2.25
2013.04.16 17:36:37.540,1.02137,1.0215,3.75,1.50
2013.04.16 17:36:38.361,1.02143,1.0215,2.25,1.50
2013.04.16 17:36:38.542,1.02143,1.02154,1.69,1.50
2013.04.16 17:36:38.721,1.02142,1.02153,5.25,2.10
2013.04.16 17:36:38.961,1.02139,1.02153,2.25,2.85
2013.04.16 17:36:39.781,1.0214,1.02152,1.50,1.50
2013.04.16 17:36:49.951,1.02139,1.02152,2.25,2.25
2013.04.16 17:36:50.911,1.0214,1.02152,1.50,1.50
2013.04.16 17:36:58.271,1.0214,1.02151,1.50,1.50
2013.04.16 17:37:05.692,1.02137,1.02149,2.25,1.50
2013.04.16 17:37:11.021,1.02137,1.02149,3.00,1.50
2013.04.16 17:37:13.007,1.02137,1.02149,2.63,1.50
2013.04.16 17:37:13.525,1.02137,1.02149,3.38,1.50
2013.04.16 17:37:14.902,1.02137,1.02149,1.88,2.25
2013.04.16 17:37:15.142,1.02136,1.02148,1.50,2.25
2013.04.16 17:37:15.204,1.02134,1.02148,1.69,2.25
2013.04.16 17:37:15.272,1.02134,1.02143,1.69,1.50
2013.04.16 17:37:15.522,1.02131,1.02143,2.63,1.50
2013.04.16 17:37:15.581,1.02135,1.02144,2.25,1.50
2013.04.16 17:37:15.760,1.02138,1.02149,1.50,1.50
2013.04.16 17:37:15.941,1.02138,1.02151,1.50,1.50
2013.04.16 17:37:16.430,1.02138,1.02151,3.00,1.50
2013.04.16 17:37:16.981,1.02138,1.02151,3.00,1.50
2013.04.16 17:37:21.760,1.02138,1.02151,3.00,2.25
2013.04.16 17:37:22.334,1.02139,1.02151,1.50,1.50
2013.04.16 17:37:22.882,1.02139,1.02151,1.50,1.50
2013.04.16 17:37:23.427,1.02139,1.02152,1.50,1.50
2013.04.16 17:37:23.773,1.02145,1.02154,1.50,1.13
2013.04.16 17:37:23.842,1.02145,1.02155,1.50,1.50
2013.04.16 17:37:23.962,1.02143,1.02154,2.25,1.50
2013.04.16 17:37:24.093,1.02142,1.02155,1.50,2.25
2013.04.16 17:37:27.270,1.02141,1.02154,3.75,1.50
2013.04.16 17:37:28.721,1.02141,1.02154,2.25,1.50
2013.04.16 17:37:29.721,1.02141,1.02154,2.25,1.50
2013.04.16 17:37:30.231,1.02141,1.02154,2.25,1.50
2013.04.16 17:37:31.841,1.02141,1.02154,3.00,1.50
2013.04.16 17:37:33.329,1.02141,1.02154,2.25,2.25
2013.04.16 17:37:34.162,1.02141,1.02154,1.50,2.25
2013.04.16 17:37:37.931,1.02141,1.02154,2.25,2.25
2013.04.16 17:37:40.398,1.02141,1.02154,1.50,3.00
2013.04.16 17:37:42.870,1.02141,1.02153,1.50,1.50
2013.04.16 17:37:44.261,1.02141,1.02153,1.50,3.00
2013.04.16 17:38:01.583,1.02141,1.02153,1.50,2.25
2013.04.16 17:38:02.814,1.02141,1.02153,1.50,2.25
2013.04.16 17:38:04.672,1.02139,1.02152,1.50,3.75
2013.04.16 17:38:05.230,1.02138,1.02149,1.50,1.50
2013.04.16 17:38:08.740,1.02137,1.02149,2.25,2.25
2013.04.16 17:38:08.921,1.02135,1.02147,2.25,1.50
2013.04.16 17:38:09.041,1.02133,1.02144,1.50,1.50
2013.04.16 17:38:09.163,1.02132,1.02144,1.50,2.25
2013.04.16 17:38:11.528,1.02132,1.02144,1.50,2.25
2013.04.16 17:38:13.291,1.02131,1.02142,1.50,1.50
2013.04.16 17:38:34.722,1.0213,1.02142,2.25,1.50
2013.04.16 17:38:35.271,1.0213,1.02142,2.25,2.25
2013.04.16 17:38:36.150,1.02129,1.02141,1.88,1.50
2013.04.16 17:38:37.991,1.02129,1.0214,1.50,1.50
2013.04.16 17:38:39.970,1.02128,1.0214,2.25,1.50
2013.04.16 17:38:40.032,1.02128,1.0214,2.25,1.50
2013.04.16 17:38:40.755,1.02128,1.0214,2.25,1.50
2013.04.16 17:38:40.901,1.02128,1.0214,2.25,1.50
2013.04.16 17:38:42.390,1.02128,1.0214,2.25,1.50
2013.04.16 17:38:43.511,1.02128,1.02141,2.25,1.50
2013.04.16 17:38:45.543,1.02128,1.02142,3.60,2.63
2013.04.16 17:38:46.415,1.02128,1.02142,3.60,2.63
2013.04.16 17:38:55.862,1.0213,1.02142,2.25,3.38
2013.04.16 17:38:58.733,1.0213,1.02142,2.25,2.63
2013.04.16 17:39:13.893,1.02131,1.02142,1.50,1.88
2013.04.16 17:39:14.451,1.0213,1.02142,1.50,2.63
2013.04.16 17:39:15.660,1.02129,1.02141,1.50,1.50
2013.04.16 17:39:24.904,1.02129,1.02142,3.00,1.13
2013.04.16 17:39:31.640,1.02129,1.02143,4.50,4.50
2013.04.16 17:39:32.221,1.02129,1.02143,3.00,5.25
2013.04.16 17:39:33.321,1.02132,1.02143,2.25,5.25
2013.04.16 17:39:33.561,1.02134,1.02148,3.75,4.50
2013.04.16 17:39:33.932,1.02136,1.02148,1.50,3.75
2013.04.16 17:39:34.131,1.02139,1.02153,2.25,1.50
2013.04.16 17:39:37.681,1.0214,1.02153,2.25,1.50
2013.04.16 17:39:42.013,1.02139,1.02151,2.25,1.50
2013.04.16 17:39:42.561,1.02139,1.02151,2.25,2.25
2013.04.16 17:39:48.245,1.02141,1.02153,1.50,1.50
2013.04.16 17:39:48.791,1.0214,1.02154,3.00,1.50
2013.04.16 17:39:53.162,1.02141,1.02154,2.25,1.50
2013.04.16 17:39:56.798,1.02142,1.02154,1.50,1.50
2013.04.16 17:39:56.922,1.02144,1.02155,2.25,2.25
2013.04.16 17:39:57.041,1.02145,1.02157,1.50,2.25
2013.04.16 17:39:57.552,1.02145,1.02157,2.25,2.25
2013.04.16 17:40:00.641,1.02145,1.02157,1.50,2.25
2013.04.16 17:40:00.822,1.02143,1.02155,2.25,1.50
2013.04.16 17:40:00.882,1.02143,1.02155,3.00,1.50
2013.04.16 17:40:01.431,1.02145,1.02156,2.10,1.50
2013.04.16 17:40:03.323,1.02145,1.02157,2.85,1.50
2013.04.16 17:40:03.501,1.02142,1.02155,1.58,1.50
2013.04.16 17:40:03.681,1.02143,1.02155,2.25,2.25
2013.04.16 17:40:04.221,1.02145,1.02158,2.85,2.25
2013.04.16 17:40:05.952,1.02143,1.02157,2.25,2.25
2013.04.16 17:40:06.012,1.02143,1.02157,1.50,3.00
2013.04.16 17:40:06.314,1.02145,1.02157,1.50,1.50
2013.04.16 17:40:06.441,1.02145,1.02157,2.25,1.50
2013.04.16 17:40:07.975,1.02142,1.02156,2.63,1.50
2013.04.16 17:40:08.281,1.02145,1.02157,1.50,2.25
2013.04.16 17:40:08.461,1.02142,1.02156,1.88,1.50
2013.04.16 17:40:08.644,1.02144,1.02156,3.00,1.50
2013.04.16 17:40:08.772,1.02145,1.02156,3.00,1.50
2013.04.16 17:40:09.331,1.02146,1.02158,1.50,1.50
2013.04.16 17:40:09.390,1.02146,1.02159,1.50,4.13
2013.04.16 17:40:10.174,1.02147,1.02159,1.50,2.63
2013.04.16 17:40:13.458,1.02147,1.02159,1.50,2.63
2013.04.16 17:40:15.671,1.02145,1.02157,1.50,1.50
2013.04.16 17:40:15.790,1.02143,1.02157,1.50,2.25
2013.04.16 17:40:16.150,1.02145,1.02156,1.58,1.50
2013.04.16 17:40:20.428,1.02145,1.02157,2.33,2.25
2013.04.16 17:40:20.561,1.02145,1.02157,2.33,2.25
2013.04.16 17:40:20.981,1.02143,1.02154,1.58,1.50
2013.04.16 17:40:21.103,1.02142,1.02153,1.50,1.50
2013.04.16 17:40:21.590,1.02141,1.02154,1.13,1.69
2013.04.16 17:40:21.651,1.02141,1.02154,1.88,1.69
2013.04.16 17:40:21.921,1.02144,1.02156,1.50,1.50
2013.04.16 17:40:21.981,1.02142,1.02156,2.25,1.50
2013.04.16 17:40:23.311,1.02142,1.02155,2.25,1.50
2013.04.16 17:40:33.331,1.02143,1.02155,1.50,1.50
2013.04.16 17:40:43.611,1.02143,1.02157,3.60,3.00
2013.04.16 17:40:43.672,1.02145,1.02158,1.50,1.50
2013.04.16 17:40:44.092,1.02148,1.02159,1.50,1.13
2013.04.16 17:40:44.392,1.02148,1.02162,2.25,2.63
2013.04.16 17:40:44.452,1.02149,1.02162,1.50,1.88
2013.04.16 17:40:44.701,1.02149,1.02163,2.25,1.50
2013.04.16 17:40:50.560,1.0215,1.02163,1.50,1.50
2013.04.16 17:40:56.732,1.0215,1.02163,1.50,2.25
2013.04.16 17:41:00.892,1.0215,1.02162,1.50,2.85
2013.04.16 17:41:03.163,1.0215,1.02162,2.25,2.25
2013.04.16 17:41:04.730,1.0215,1.02162,2.25,3.00
2013.04.16 17:41:04.870,1.0215,1.02162,1.50,3.75
2013.04.16 17:41:08.894,1.0215,1.02162,1.50,3.00
2013.04.16 17:41:08.963,1.0215,1.02162,3.75,1.50
2013.04.16 17:41:11.381,1.02154,1.02163,2.25,1.50
2013.04.16 17:41:11.560,1.02154,1.02166,3.00,1.50
2013.04.16 17:41:11.742,1.02153,1.02164,1.50,2.25
2013.04.16 17:41:11.931,1.02154,1.02166,2.25,1.50
2013.04.16 17:41:12.411,1.02152,1.02163,2.33,1.50
2013.04.16 17:41:12.531,1.0215,1.02163,1.69,2.25
2013.04.16 17:41:13.150,1.0215,1.02163,1.50,1.50
2013.04.16 17:41:14.171,1.0215,1.02163,2.25,1.50
2013.04.16 17:41:17.691,1.0215,1.02163,2.63,1.50
2013.04.16 17:41:18.202,1.0215,1.02163,1.88,1.50
2013.04.16 17:41:19.282,1.0215,1.02163,2.63,1.50
2013.04.16 17:41:19.747,1.0215,1.02163,2.63,1.50
2013.04.16 17:41:20.292,1.0215,1.02162,2.63,1.50
2013.04.16 17:41:25.133,1.02153,1.02162,1.50,1.50
2013.04.16 17:41:25.252,1.02154,1.02163,3.00,1.50
2013.04.16 17:41:25.372,1.02154,1.02167,3.75,1.50
2013.04.16 17:41:26.030,1.02154,1.02168,3.75,3.75
2013.04.16 17:41:26.166,1.02154,1.02167,3.75,1.50
2013.04.16 17:41:26.481,1.02154,1.02167,3.75,1.50
2013.04.16 17:41:33.572,1.02154,1.02165,3.00,2.25
2013.04.16 17:41:33.691,1.02152,1.02163,3.75,1.50
2013.04.16 17:41:33.871,1.02149,1.02162,1.88,1.50
2013.04.16 17:41:33.992,1.02147,1.02158,2.25,1.50
2013.04.16 17:41:34.173,1.02145,1.02157,1.13,2.25
2013.04.16 17:41:34.242,1.02143,1.02155,2.63,1.50
2013.04.16 17:41:34.301,1.02143,1.02155,1.88,2.25
2013.04.16 17:41:36.038,1.02142,1.02155,1.50,2.25
2013.04.16 17:41:39.777,1.02142,1.02155,1.50,2.25
2013.04.16 17:41:46.452,1.02144,1.02155,1.50,1.50
2013.04.16 17:41:46.512,1.02145,1.02158,1.50,1.50
2013.04.16 17:41:46.571,1.02145,1.02159,3.00,3.00
2013.04.16 17:41:47.191,1.02146,1.02159,1.50,2.25
2013.04.16 17:41:48.491,1.02148,1.02161,1.50,3.00
2013.04.16 17:41:48.792,1.02149,1.02161,1.50,1.50
2013.04.16 17:41:50.765,1.0215,1.02161,1.50,1.50
2013.04.16 17:41:51.291,1.0215,1.02162,1.50,1.88
2013.04.16 17:41:55.093,1.02149,1.02162,1.50,1.88
2013.04.16 17:41:55.404,1.02145,1.02159,2.25,1.50
2013.04.16 17:41:55.843,1.02145,1.02159,2.25,2.25
2013.04.16 17:41:55.973,1.02145,1.02158,2.25,2.25
2013.04.16 17:41:56.534,1.02145,1.02158,2.25,3.75
2013.04.16 17:41:57.352,1.02144,1.02157,3.00,1.50
2013.04.16 17:41:57.711,1.02144,1.02156,3.00,1.50
2013.04.16 17:41:58.246,1.02144,1.02156,3.00,1.50
2013.04.16 17:41:58.936,1.02145,1.02156,1.50,2.25
2013.04.16 17:41:59.982,1.02145,1.02156,1.50,1.50
2013.04.16 17:42:00.174,1.02144,1.02153,2.25,1.50
2013.04.16 17:42:00.422,1.0214,1.02151,1.13,1.50
2013.04.16 17:42:00.613,1.02137,1.02149,1.69,1.50
2013.04.16 17:42:01.172,1.02137,1.0215,3.00,1.50
2013.04.16 17:42:01.411,1.02139,1.02151,1.50,1.50
2013.04.16 17:42:04.991,1.02139,1.02152,3.00,1.88
2013.04.16 17:42:05.654,1.02141,1.02154,1.50,2.63
2013.04.16 17:42:07.587,1.02141,1.02154,1.50,2.25
2013.04.16 17:42:08.615,1.02141,1.02155,2.25,2.25
2013.04.16 17:42:10.354,1.02141,1.02154,1.50,1.50
2013.04.16 17:42:14.355,1.0214,1.02152,2.25,1.50
2013.04.16 17:42:19.802,1.0214,1.02153,2.25,2.25
2013.04.16 17:42:20.413,1.02141,1.02153,1.50,2.25
2013.04.16 17:42:22.673,1.02144,1.02153,1.50,1.50
2013.04.16 17:42:23.015,1.02144,1.02158,2.25,2.25
2013.04.16 17:42:27.763,1.02145,1.02157,2.25,1.50
2013.04.16 17:42:31.433,1.02146,1.02157,1.50,1.50
2013.04.16 17:42:31.494,1.02148,1.0216,2.25,2.25
2013.04.16 17:42:31.562,1.02148,1.0216,2.25,2.25
2013.04.16 17:42:31.863,1.02149,1.02163,1.50,1.88
2013.04.16 17:42:33.539,1.0215,1.02162,1.50,2.33
2013.04.16 17:42:33.605,1.02149,1.02159,1.50,1.50
2013.04.16 17:42:33.675,1.02147,1.02159,2.25,1.50
2013.04.16 17:42:33.988,1.02145,1.02159,3.75,2.25
2013.04.16 17:42:34.113,1.02145,1.02159,2.25,2.25
2013.04.16 17:42:34.173,1.02145,1.02158,2.25,1.50
2013.04.16 17:42:34.693,1.02144,1.02158,5.25,3.00
2013.04.16 17:42:35.633,1.02144,1.02158,6.00,3.00
2013.04.16 17:42:36.242,1.02145,1.02158,1.50,2.25
2013.04.16 17:42:37.954,1.02144,1.02156,5.25,1.50
2013.04.16 17:42:39.982,1.02144,1.02157,3.00,1.50
2013.04.16 17:42:40.936,1.02144,1.02158,3.00,3.38
2013.04.16 17:42:43.074,1.02144,1.02158,3.00,2.63
2013.04.16 17:42:43.505,1.02146,1.02158,1.50,1.50
2013.04.16 17:42:43.643,1.02147,1.0216,1.50,3.00
2013.04.16 17:42:43.821,1.02148,1.0216,1.50,1.50
2013.04.16 17:42:44.822,1.02148,1.0216,3.60,1.50
2013.04.16 17:42:47.461,1.0215,1.02163,1.50,3.00
2013.04.16 17:42:52.122,1.0215,1.02163,1.50,2.25
2013.04.16 17:42:52.843,1.0215,1.02163,2.25,2.25
2013.04.16 17:42:53.081,1.0215,1.02162,2.25,3.75
2013.04.16 17:42:54.842,1.02149,1.0216,1.50,1.50
2013.04.16 17:42:55.281,1.02148,1.0216,2.25,2.25
2013.04.16 17:42:56.743,1.02148,1.0216,3.00,2.25
2013.04.16 17:42:58.861,1.02148,1.02161,3.75,3.00
2013.04.16 17:42:59.927,1.02148,1.0216,2.25,1.50
2013.04.16 17:43:05.191,1.02148,1.0216,3.75,2.25
2013.04.16 17:43:08.352,1.02148,1.0216,3.75,1.50
2013.04.16 17:43:08.868,1.02148,1.02159,1.50,2.25
2013.04.16 17:43:09.381,1.02148,1.02158,1.50,1.50
2013.04.16 17:43:11.040,1.02148,1.02158,1.50,1.50
2013.04.16 17:43:12.016,1.02148,1.02158,1.50,3.75
2013.04.16 17:43:12.082,1.02148,1.02156,1.50,1.50
2013.04.16 17:43:12.207,1.02145,1.02156,1.50,1.50
2013.04.16 17:43:12.391,1.02145,1.02158,3.38,2.25
2013.04.16 17:43:12.701,1.02145,1.02158,3.38,1.50
2013.04.16 17:43:12.941,1.02146,1.02158,1.50,1.50
2013.04.16 17:43:14.300,1.02145,1.02159,4.13,3.00
2013.04.16 17:43:15.312,1.02145,1.02159,3.38,3.00
2013.04.16 17:43:17.411,1.02145,1.02159,4.13,2.25
2013.04.16 17:43:17.974,1.02146,1.02159,1.88,1.50
2013.04.16 17:43:18.661,1.02147,1.0216,2.25,1.50
2013.04.16 17:43:19.021,1.02147,1.02159,1.50,1.50
2013.04.16 17:43:19.082,1.02146,1.02158,1.13,1.50
2013.04.16 17:43:19.212,1.02144,1.02157,1.50,1.50
2013.04.16 17:43:19.392,1.02142,1.02155,1.50,1.50
2013.04.16 17:43:19.515,1.02141,1.02155,3.00,1.50
2013.04.16 17:43:28.402,1.02144,1.02155,2.25,2.25
2013.04.16 17:43:28.463,1.02145,1.02157,1.50,1.50
2013.04.16 17:43:28.583,1.02146,1.02158,1.50,1.50
2013.04.16 17:43:32.483,1.02146,1.02158,1.50,2.25
2013.04.16 17:43:32.746,1.02145,1.02158,2.25,1.50
2013.04.16 17:43:33.933,1.02147,1.02158,1.50,1.50
2013.04.16 17:43:34.783,1.02148,1.02158,1.50,1.50
2013.04.16 17:43:37.566,1.02148,1.02159,1.50,2.25
2013.04.16 17:43:38.137,1.02146,1.02158,2.25,1.50
2013.04.16 17:43:38.381,1.02145,1.02158,3.00,2.25
2013.04.16 17:43:38.442,1.02145,1.02155,1.50,1.50
2013.04.16 17:43:38.621,1.02143,1.02152,1.50,1.50
2013.04.16 17:43:38.761,1.02145,1.02155,1.50,1.50
2013.04.16 17:43:39.282,1.02146,1.02157,1.50,1.50
2013.04.16 17:43:39.901,1.02145,1.02157,1.50,1.50
2013.04.16 17:43:39.961,1.02145,1.02156,1.50,1.50
2013.04.16 17:43:40.322,1.0214,1.02153,1.13,1.50
2013.04.16 17:43:40.849,1.0214,1.02153,1.88,1.50
2013.04.16 17:43:47.012,1.02139,1.02152,1.50,2.63
2013.04.16 17:43:47.431,1.02138,1.0215,2.25,1.50
2013.04.16 17:43:48.281,1.02135,1.02148,2.25,1.50
2013.04.16 17:43:48.642,1.02135,1.02146,1.50,1.50
2013.04.16 17:43:48.953,1.02135,1.02147,1.50,1.50
2013.04.16 17:43:49.501,1.02137,1.02149,1.50,2.25
2013.04.16 17:43:50.055,1.02137,1.02149,1.50,1.50
2013.04.16 17:43:51.201,1.02137,1.0215,2.10,3.00
2013.04.16 17:43:56.540,1.02137,1.0215,2.10,3.00
2013.04.16 17:43:57.050,1.02137,1.02149,1.50,1.50
2013.04.16 17:44:04.871,1.02137,1.0215,2.25,1.50
2013.04.16 17:44:08.348,1.02137,1.0215,2.25,1.50
2013.04.16 17:44:08.590,1.02139,1.02151,1.50,1.50
2013.04.16 17:44:23.372,1.02138,1.0215,2.25,1.50
2013.04.16 17:44:23.432,1.02138,1.0215,2.25,1.50
2013.04.16 17:44:24.021,1.02137,1.02149,2.25,2.25
2013.04.16 17:44:27.425,1.02138,1.02149,1.50,2.25
2013.04.16 17:44:30.338,1.02138,1.02149,1.50,1.50
2013.04.16 17:44:32.171,1.02138,1.02147,1.50,1.50
2013.04.16 17:44:32.471,1.02132,1.02145,3.75,1.50
2013.04.16 17:44:33.323,1.02132,1.02145,3.75,1.50
2013.04.16 17:44:35.115,1.02132,1.02145,5.25,1.50
2013.04.16 17:44:46.132,1.02132,1.02145,3.75,1.88
2013.04.16 17:44:54.214,1.02132,1.02143,3.75,1.50
2013.04.16 17:45:33.561,1.02132,1.02143,2.25,1.50
2013.04.16 17:45:41.322,1.02132,1.02143,3.00,1.50
2013.04.16 17:45:45.851,1.02132,1.02144,3.00,1.88
2013.04.16 17:45:59.421,1.02132,1.02144,2.25,1.13
2013.04.16 17:46:00.982,1.02132,1.02144,2.25,1.13
2013.04.16 17:46:12.075,1.02132,1.02145,1.50,2.25
2013.04.16 17:46:14.261,1.02132,1.02145,1.50,2.25
2013.04.16 17:46:15.622,1.02132,1.02145,2.10,2.25
2013.04.16 17:46:24.321,1.02132,1.02145,2.10,2.25
2013.04.16 17:46:24.858,1.02132,1.02145,2.10,2.25
2013.04.16 17:46:25.852,1.02132,1.02146,2.10,2.25
2013.04.16 17:46:29.060,1.02132,1.02145,2.10,3.00
2013.04.16 17:46:31.861,1.02132,1.02144,2.10,1.50
2013.04.16 17:46:36.232,1.02132,1.02144,2.10,2.25
2013.04.16 17:46:46.791,1.02132,1.02144,2.85,2.25
2013.04.16 17:46:52.810,1.02132,1.02144,4.35,2.25
2013.04.16 17:46:54.900,1.02133,1.02144,1.50,1.50
2013.04.16 17:46:55.592,1.02135,1.02144,2.25,1.50
2013.04.16 17:46:55.715,1.02135,1.02148,3.75,2.25
2013.04.16 17:46:55.782,1.02135,1.02149,4.50,3.38
2013.04.16 17:46:55.842,1.02135,1.02148,2.25,3.00
2013.04.16 17:46:56.202,1.02134,1.02147,1.50,2.25
2013.04.16 17:46:57.579,1.02134,1.02147,2.10,2.25
2013.04.16 17:46:57.763,1.02134,1.02147,2.10,3.00
2013.04.16 17:46:58.153,1.02133,1.02145,2.63,2.25
2013.04.16 17:46:58.222,1.02133,1.02145,2.63,2.25
2013.04.16 17:46:58.793,1.02133,1.02145,3.38,2.25
2013.04.16 17:46:59.393,1.02133,1.02145,2.63,2.25
2013.04.16 17:47:00.602,1.02138,1.02145,1.35,1.50
2013.04.16 17:47:00.663,1.02138,1.02146,1.35,1.50
2013.04.16 17:47:00.722,1.02138,1.02147,1.35,1.50
2013.04.16 17:47:01.251,1.02137,1.02149,2.25,3.75
2013.04.16 17:47:01.862,1.02137,1.02148,1.50,2.25
2013.04.16 17:47:02.469,1.02137,1.02148,1.50,2.25
2013.04.16 17:47:02.972,1.02137,1.02148,1.50,2.25
2013.04.16 17:47:04.541,1.02137,1.02148,2.10,2.25
2013.04.16 17:47:08.610,1.02136,1.02148,3.83,2.25
2013.04.16 17:47:08.851,1.02137,1.02148,1.35,2.25
2013.04.16 17:47:09.568,1.02136,1.02148,3.19,2.25
2013.04.16 17:47:22.077,1.02137,1.02148,1.58,1.50
2013.04.16 17:47:22.884,1.02137,1.02148,1.50,1.50
2013.04.16 17:47:27.411,1.02137,1.02148,2.10,1.50
2013.04.16 17:47:27.951,1.02137,1.02148,1.50,1.50
2013.04.16 17:47:35.622,1.02135,1.02143,3.08,3.00
2013.04.16 17:47:35.682,1.02135,1.02143,1.58,3.00
2013.04.16 17:47:36.222,1.02134,1.02142,2.25,2.25
2013.04.16 17:47:36.804,1.02134,1.02145,2.25,2.25
2013.04.16 17:48:13.226,1.02133,1.02143,1.35,1.50
2013.04.16 17:48:13.591,1.02133,1.02145,1.50,1.50
2013.04.16 17:48:14.252,1.02132,1.02145,2.25,1.50
2013.04.16 17:48:15.071,1.02132,1.02145,2.25,1.50
2013.04.16 17:48:17.843,1.02132,1.02145,1.50,2.25
2013.04.16 17:48:18.786,1.02131,1.02143,3.00,1.50
2013.04.16 17:48:35.788,1.02132,1.02145,1.50,3.00
2013.04.16 17:48:38.092,1.02132,1.02145,1.50,1.50
2013.04.16 17:48:45.453,1.02132,1.02145,1.50,2.25
2013.04.16 17:48:45.572,1.02132,1.02145,1.50,1.50
2013.04.16 17:48:47.971,1.02132,1.02145,1.50,2.63
2013.04.16 17:48:48.172,1.02131,1.02145,3.75,2.63
2013.04.16 17:48:50.970,1.02134,1.02145,1.50,1.50
2013.04.16 17:48:57.052,1.02132,1.02145,1.50,2.25
2013.04.16 17:48:58.322,1.02132,1.02144,1.50,1.50
2013.04.16 17:49:08.412,1.02131,1.02144,2.25,2.25
2013.04.16 17:49:13.173,1.02131,1.02143,1.50,2.25
2013.04.16 17:49:13.232,1.02131,1.02143,1.50,2.25
2013.04.16 17:49:13.592,1.0213,1.0214,1.50,1.50
2013.04.16 17:49:20.153,1.02131,1.02142,1.50,3.00
2013.04.16 17:49:20.692,1.02131,1.02142,1.50,3.00
2013.04.16 17:49:21.483,1.02131,1.02142,1.50,2.25
2013.04.16 17:49:22.113,1.02131,1.02142,2.25,2.25
2013.04.16 17:49:23.413,1.02131,1.02142,1.50,2.25
2013.04.16 17:49:23.961,1.02132,1.02141,1.50,1.50
2013.04.16 17:49:25.954,1.0213,1.02141,1.50,1.50
2013.04.16 17:49:37.251,1.02128,1.0214,3.00,1.50
2013.04.16 17:49:38.214,1.02128,1.0214,3.00,1.50
2013.04.16 17:49:49.912,1.02128,1.02139,2.25,1.50
2013.04.16 17:49:52.122,1.02128,1.02141,1.50,3.00
2013.04.16 17:49:57.373,1.02128,1.0214,1.50,3.00
2013.04.16 17:49:59.541,1.02128,1.02138,1.50,1.50
2013.04.16 17:50:00.822,1.02127,1.02138,1.50,1.50
2013.04.16 17:50:01.795,1.02126,1.02138,3.75,3.75
2013.04.16 17:50:01.869,1.02125,1.02135,1.13,1.50
2013.04.16 17:50:02.422,1.02125,1.02134,1.13,1.50
2013.04.16 17:50:02.542,1.02121,1.02134,2.25,1.50
2013.04.16 17:50:08.894,1.02121,1.02133,4.50,1.88
2013.04.16 17:50:10.941,1.02121,1.02133,3.75,2.63
2013.04.16 17:50:12.192,1.02121,1.02133,2.25,2.63
2013.04.16 17:50:18.572,1.02121,1.02132,1.50,1.50
2013.04.16 17:50:18.692,1.0212,1.02131,1.50,1.50
2013.04.16 17:50:19.341,1.02119,1.0213,2.25,1.50
2013.04.16 17:50:26.712,1.02118,1.0213,1.50,1.50
2013.04.16 17:50:28.548,1.02117,1.02128,1.35,2.25
2013.04.16 17:50:28.732,1.02114,1.02127,3.08,1.50
2013.04.16 17:50:28.852,1.02113,1.02126,1.50,1.50
2013.04.16 17:50:28.971,1.02112,1.02126,2.25,3.75
2013.04.16 17:50:29.332,1.02112,1.02125,2.85,1.50
2013.04.16 17:50:30.882,1.02115,1.02125,3.60,1.50
2013.04.16 17:50:31.121,1.02116,1.02127,1.58,2.25
2013.04.16 17:50:31.422,1.02118,1.02128,1.35,1.50
2013.04.16 17:50:32.943,1.02116,1.02128,2.85,2.25
2013.04.16 17:50:33.483,1.02117,1.02127,1.35,1.50
2013.04.16 17:50:33.988,1.02117,1.02127,1.35,1.50
2013.04.16 17:50:35.042,1.02116,1.02127,1.50,1.50
2013.04.16 17:50:35.223,1.02113,1.02125,3.38,1.50
2013.04.16 17:50:35.462,1.02114,1.02125,1.50,1.50
2013.04.16 17:50:35.822,1.02116,1.02129,2.25,2.25
2013.04.16 17:50:36.332,1.02116,1.02129,3.08,1.50
2013.04.16 17:50:37.533,1.02118,1.02129,2.25,1.50
2013.04.16 17:50:37.988,1.02115,1.02125,2.25,1.50
2013.04.16 17:50:38.413,1.02114,1.02125,2.33,1.50
2013.04.16 17:50:38.736,1.02115,1.02125,4.43,1.50
2013.04.16 17:50:38.863,1.02117,1.02128,1.50,2.25
2013.04.16 17:50:39.323,1.02117,1.02129,1.50,1.50
2013.04.16 17:50:42.573,1.02118,1.02129,1.50,2.25
2013.04.16 17:50:43.114,1.02116,1.02127,2.33,1.50
2013.04.16 17:50:43.652,1.02116,1.02128,2.85,1.50
2013.04.16 17:50:44.202,1.02117,1.0213,2.25,1.50
2013.04.16 17:50:44.622,1.02117,1.02129,2.18,1.50
2013.04.16 17:50:44.932,1.02117,1.02131,2.93,4.13
2013.04.16 17:50:47.382,1.02117,1.02129,2.33,2.25
2013.04.16 17:50:48.172,1.02118,1.02129,1.35,1.50
2013.04.16 17:50:48.760,1.02118,1.02129,2.85,1.50
2013.04.16 17:51:05.731,1.02118,1.02129,1.50,1.50
2013.04.16 17:51:08.992,1.02117,1.0213,3.00,2.25
2013.04.16 17:51:11.842,1.02117,1.02131,4.58,1.50
2013.04.16 17:51:12.512,1.02117,1.02131,3.83,2.25
2013.04.16 17:51:14.724,1.02117,1.0213,3.75,1.50
2013.04.16 17:51:15.442,1.02117,1.02131,4.50,2.25
2013.04.16 17:51:16.141,1.02117,1.02131,3.75,1.50
2013.04.16 17:51:16.672,1.02117,1.02131,4.50,1.50
2013.04.16 17:51:18.472,1.02117,1.02131,3.75,2.25
2013.04.16 17:51:18.652,1.02117,1.02131,3.75,2.25
2013.04.16 17:51:20.501,1.02117,1.0213,3.00,1.50
2013.04.16 17:51:21.042,1.02117,1.02131,2.25,3.00
2013.04.16 17:51:21.555,1.02117,1.0213,2.25,1.50
2013.04.16 17:51:22.353,1.02117,1.0213,1.50,2.25
2013.04.16 17:51:22.713,1.02115,1.02126,1.88,2.25
2013.04.16 17:51:22.893,1.02112,1.02124,2.25,1.50
2013.04.16 17:51:25.143,1.02111,1.02123,1.50,2.25
2013.04.16 17:51:25.722,1.02109,1.02122,1.50,1.50
2013.04.16 17:51:26.472,1.02108,1.02122,3.75,2.25
2013.04.16 17:51:27.013,1.02108,1.02122,3.75,2.25
2013.04.16 17:51:42.432,1.02108,1.02122,2.25,3.75
2013.04.16 17:51:45.882,1.02109,1.02122,1.50,3.00
2013.04.16 17:51:46.152,1.02114,1.02122,3.00,3.00
2013.04.16 17:51:46.333,1.02115,1.02128,2.10,1.50
2013.04.16 17:51:46.938,1.02115,1.02128,1.50,2.25
2013.04.16 17:51:48.182,1.02114,1.02125,3.00,1.50
2013.04.16 17:51:48.423,1.02112,1.02123,1.35,1.50
2013.04.16 17:51:49.272,1.02112,1.02123,1.35,1.50
2013.04.16 17:51:52.362,1.02111,1.02123,3.00,1.88
2013.04.16 17:51:52.662,1.02109,1.02122,2.25,1.13
2013.04.16 17:51:52.782,1.02109,1.02122,1.50,1.88
2013.04.16 17:51:56.773,1.02109,1.02121,2.25,1.50
2013.04.16 17:51:57.322,1.02109,1.02121,2.25,1.50
2013.04.16 17:52:04.928,1.02109,1.02121,3.00,1.50
2013.04.16 17:52:05.292,1.0211,1.02121,1.35,1.50
2013.04.16 17:52:05.653,1.02111,1.02123,2.10,1.50
2013.04.16 17:52:06.293,1.02111,1.02123,2.10,1.50
2013.04.16 17:52:08.042,1.02111,1.02125,2.85,1.50
2013.04.16 17:52:08.102,1.02111,1.02125,2.85,1.50
2013.04.16 17:52:08.544,1.02113,1.02127,2.33,1.50
2013.04.16 17:52:08.904,1.02117,1.0213,1.50,1.50
2013.04.16 17:52:08.963,1.02118,1.0213,1.50,1.50
2013.04.16 17:52:10.286,1.02118,1.0213,1.50,1.50
2013.04.16 17:52:10.832,1.02118,1.0213,1.50,1.50
2013.04.16 17:52:12.883,1.02118,1.0213,1.50,2.25
2013.04.16 17:52:13.516,1.02116,1.02128,2.25,1.50
2013.04.16 17:52:15.913,1.02115,1.02128,2.33,2.25
2013.04.16 17:52:16.393,1.02113,1.02127,1.50,1.50
2013.04.16 17:52:16.925,1.02113,1.02127,1.50,2.25
2013.04.16 17:52:17.993,1.02111,1.02125,1.50,2.25
2013.04.16 17:52:18.053,1.0211,1.02124,3.00,1.50
2013.04.16 17:52:18.562,1.0211,1.02123,2.25,1.50
2013.04.16 17:52:25.043,1.0211,1.02123,1.50,2.25
2013.04.16 17:52:28.902,1.0211,1.02123,1.50,2.25
2013.04.16 17:52:38.793,1.0211,1.02123,1.50,3.38
2013.04.16 17:52:39.386,1.02109,1.02123,2.25,3.38
2013.04.16 17:52:43.864,1.02112,1.02123,1.50,3.38
2013.04.16 17:52:44.043,1.02115,1.02127,1.50,2.48
2013.04.16 17:52:45.092,1.02115,1.02127,2.33,1.73
2013.04.16 17:52:46.068,1.02115,1.02128,3.08,1.73
2013.04.16 17:52:46.992,1.02116,1.02128,1.58,2.48
2013.04.16 17:52:47.552,1.02116,1.02127,1.50,1.73
2013.04.16 17:52:48.146,1.02116,1.02127,1.50,1.73
2013.04.16 17:52:48.662,1.02116,1.02128,1.50,1.50
2013.04.16 17:52:48.962,1.02117,1.0213,1.50,2.25
2013.04.16 17:52:55.183,1.02117,1.02129,1.50,1.50
2013.04.16 17:52:55.743,1.02116,1.02129,3.00,1.50
2013.04.16 17:52:55.943,1.02116,1.02129,3.00,1.50
2013.04.16 17:52:56.422,1.02117,1.02129,1.50,1.50
2013.04.16 17:52:56.542,1.02117,1.02129,1.50,1.50
2013.04.16 17:52:57.523,1.02117,1.0213,1.50,2.25
2013.04.16 17:52:58.062,1.02117,1.02129,1.50,1.50
2013.04.16 17:52:59.856,1.02117,1.02129,1.50,1.50
2013.04.16 17:53:00.406,1.02116,1.02129,2.25,1.50
2013.04.16 17:53:04.732,1.02116,1.02127,1.50,1.50
2013.04.16 17:53:04.926,1.02112,1.02126,1.95,1.50
2013.04.16 17:53:04.992,1.02112,1.02127,1.88,3.75
2013.04.16 17:53:05.283,1.02111,1.02124,2.40,1.50
2013.04.16 17:53:05.793,1.02111,1.02123,2.40,1.50
2013.04.16 17:53:21.974,1.02111,1.02123,1.50,2.25
2013.04.16 17:53:22.440,1.0211,1.02122,1.50,3.00
2013.04.16 17:53:22.953,1.02111,1.02123,1.50,1.50
2013.04.16 17:53:23.493,1.02111,1.02123,1.50,2.25
2013.04.16 17:53:24.025,1.0211,1.02123,3.00,1.50
2013.04.16 17:53:26.512,1.02111,1.02123,1.50,1.50
2013.04.16 17:53:26.633,1.02114,1.02123,1.35,1.50
2013.04.16 17:53:26.755,1.02115,1.02128,2.10,3.00
2013.04.16 17:53:26.827,1.02115,1.02127,2.10,1.50
2013.04.16 17:53:26.953,1.02117,1.02129,1.35,2.25
2013.04.16 17:53:27.492,1.02117,1.0213,1.50,1.50
2013.04.16 17:53:29.023,1.02115,1.02129,3.00,3.00
2013.04.16 17:53:30.313,1.02117,1.02129,1.50,1.50
2013.04.16 17:53:30.833,1.02117,1.02129,1.50,1.50
2013.04.16 17:53:31.483,1.02116,1.02128,2.33,1.50
2013.04.16 17:53:31.663,1.02115,1.02129,1.50,3.00
2013.04.16 17:53:31.723,1.02114,1.02128,1.50,2.25
2013.04.16 17:53:31.843,1.02113,1.02125,1.50,1.13
2013.04.16 17:53:35.364,1.02113,1.02125,1.50,3.00
2013.04.16 17:53:45.095,1.02112,1.02124,1.35,1.50
2013.04.16 17:53:58.633,1.0211,1.02123,2.25,2.25
2013.04.16 17:53:58.752,1.0211,1.02123,2.25,2.25
2013.04.16 17:53:59.243,1.0211,1.02123,2.25,2.25
2013.04.16 17:54:04.574,1.02111,1.02123,2.10,1.88
2013.04.16 17:54:05.363,1.02112,1.02123,1.50,1.50
2013.04.16 17:54:13.912,1.02112,1.02123,1.35,1.50
2013.04.16 17:54:14.464,1.02111,1.02122,1.50,1.50
2013.04.16 17:54:15.004,1.02112,1.02123,1.50,1.88
2013.04.16 17:54:17.553,1.02112,1.02123,1.50,1.50
2013.04.16 17:54:20.032,1.02112,1.02123,1.50,1.50
2013.04.16 17:54:24.705,1.02111,1.02123,2.10,2.25
2013.04.16 17:54:39.646,1.0211,1.02123,4.50,1.50
2013.04.16 17:54:45.773,1.0211,1.02122,2.25,1.50
2013.04.16 17:54:47.423,1.0211,1.02122,2.85,1.88
2013.04.16 17:54:49.362,1.0211,1.02124,4.73,3.00
2013.04.16 17:54:55.348,1.02112,1.02124,2.25,2.78
2013.04.16 17:54:57.713,1.02113,1.02124,1.50,1.50
2013.04.16 17:54:57.774,1.02114,1.02124,1.50,2.25
2013.04.16 17:54:57.903,1.02115,1.02124,1.50,1.50
2013.04.16 17:54:58.023,1.02117,1.02128,1.50,1.73
2013.04.16 17:54:58.443,1.02117,1.02131,3.00,2.25
2013.04.16 17:55:01.423,1.02118,1.02131,1.50,2.25
2013.04.16 17:55:05.085,1.02119,1.0213,1.50,1.50
2013.04.16 17:55:05.682,1.02118,1.0213,1.50,1.50
2013.04.16 17:55:12.402,1.02118,1.0213,1.50,1.50
2013.04.16 17:55:18.851,1.02118,1.0213,2.25,1.50
2013.04.16 17:55:30.752,1.02117,1.0213,2.25,2.25
2013.04.16 17:55:33.332,1.02118,1.02131,2.10,1.50
2013.04.16 17:55:45.682,1.02118,1.02131,1.50,2.25
2013.04.16 17:55:46.593,1.02118,1.02131,1.50,1.50
2013.04.16 17:56:00.542,1.02118,1.0213,2.25,1.50
2013.04.16 17:56:01.452,1.02119,1.02132,1.50,1.50
2013.04.16 17:56:06.992,1.02117,1.02132,2.25,2.25
2013.04.16 17:56:07.942,1.02117,1.02132,2.25,2.25
2013.04.16 17:56:10.763,1.02117,1.0213,3.00,1.50
2013.04.16 17:56:12.292,1.02118,1.0213,1.50,1.50
2013.04.16 17:56:35.482,1.02119,1.02131,1.50,1.50
2013.04.16 17:56:42.012,1.02118,1.02131,1.50,1.50
2013.04.16 17:56:42.132,1.02118,1.0213,1.50,1.50
2013.04.16 17:56:43.633,1.02119,1.0213,1.50,2.25
2013.04.16 17:56:44.318,1.02118,1.0213,2.25,1.50
2013.04.16 17:56:59.492,1.02119,1.02133,2.25,3.75
2013.04.16 17:57:00.004,1.02119,1.02132,1.50,2.25
2013.04.16 17:57:00.123,1.02119,1.02132,2.25,1.50
2013.04.16 17:57:00.243,1.0212,1.02134,2.63,3.00
2013.04.16 17:57:00.369,1.02121,1.02134,2.25,2.25
2013.04.16 17:57:00.760,1.02121,1.02134,2.25,2.25
2013.04.16 17:57:03.103,1.02121,1.02134,2.25,3.00
2013.04.16 17:57:07.695,1.02126,1.02134,1.50,1.50
2013.04.16 17:57:07.943,1.02126,1.02138,2.25,5.25
2013.04.16 17:57:08.304,1.02125,1.02137,1.50,1.50
2013.04.16 17:57:08.723,1.02122,1.02134,4.50,1.50
2013.04.16 17:57:09.292,1.02124,1.02133,2.25,2.25
2013.04.16 17:57:09.474,1.02125,1.02135,1.50,2.25
2013.04.16 17:57:10.014,1.02122,1.02134,1.50,1.50
2013.04.16 17:57:10.668,1.02122,1.02133,1.50,1.50
2013.04.16 17:57:11.063,1.02122,1.02133,1.50,1.50
2013.04.16 17:57:12.414,1.02122,1.02133,1.50,2.25
2013.04.16 17:57:12.593,1.02119,1.02132,3.00,2.25
2013.04.16 17:57:13.103,1.02119,1.02132,1.50,2.25
2013.04.16 17:57:13.613,1.02119,1.02131,1.50,2.25
2013.04.16 17:57:17.874,1.02119,1.02131,2.25,2.25
2013.04.16 17:57:22.902,1.02119,1.02131,1.50,2.25
2013.04.16 17:57:28.812,1.02117,1.0213,1.50,1.50
2013.04.16 17:57:30.553,1.02117,1.02131,2.25,3.75
2013.04.16 17:57:34.623,1.02117,1.02131,1.50,3.75
2013.04.16 17:57:35.889,1.02116,1.0213,2.25,1.50
2013.04.16 17:57:36.285,1.02115,1.02126,2.25,2.10
2013.04.16 17:57:36.534,1.0211,1.02122,1.50,2.25
2013.04.16 17:57:37.145,1.02108,1.02122,2.25,3.00
2013.04.16 17:57:37.474,1.02108,1.02122,1.50,3.00
2013.04.16 17:57:39.431,1.02107,1.02121,2.25,1.50
2013.04.16 17:57:39.984,1.02108,1.02122,1.50,2.25
2013.04.16 17:57:45.712,1.02109,1.02123,1.50,5.63
2013.04.16 17:57:46.246,1.02109,1.02122,2.25,1.50
2013.04.16 17:57:55.875,1.02109,1.02123,3.60,6.38
2013.04.16 17:57:57.303,1.02109,1.02122,2.85,1.50
2013.04.16 17:57:57.894,1.02109,1.02122,2.25,2.25
2013.04.16 17:58:21.374,1.02108,1.02121,1.50,2.25
2013.04.16 17:58:23.063,1.02107,1.0212,3.00,1.50
2013.04.16 17:58:28.473,1.0211,1.02121,1.50,3.00
2013.04.16 17:58:28.713,1.0211,1.02121,2.25,2.25
2013.04.16 17:58:32.524,1.0211,1.02121,2.25,1.50
2013.04.16 17:58:33.075,1.02111,1.02121,2.25,1.50
2013.04.16 17:58:36.028,1.02111,1.02121,1.50,2.25
2013.04.16 17:58:36.573,1.02109,1.02121,2.25,1.50
2013.04.16 17:58:37.912,1.02109,1.02122,2.25,2.85
2013.04.16 17:58:39.722,1.02109,1.02121,2.25,1.50
2013.04.16 17:58:40.883,1.02109,1.02121,3.00,1.50
2013.04.16 17:58:43.153,1.02109,1.02121,2.25,2.25
2013.04.16 17:58:43.658,1.02109,1.02121,3.00,2.25
2013.04.16 17:58:49.045,1.0211,1.02121,1.50,2.25
2013.04.16 17:58:51.832,1.02108,1.02121,3.00,1.50
2013.04.16 17:58:54.653,1.02109,1.02121,1.50,2.25
2013.04.16 17:58:57.450,1.02108,1.02121,4.50,2.25
2013.04.16 17:58:57.992,1.02108,1.02121,5.25,2.25
2013.04.16 17:58:58.953,1.02111,1.02123,1.50,3.38
2013.04.16 17:58:59.133,1.02113,1.02123,3.60,1.88
2013.04.16 17:58:59.435,1.02116,1.02126,3.00,1.50
2013.04.16 17:58:59.504,1.02117,1.02127,1.50,1.43
2013.04.16 17:58:59.684,1.02117,1.0213,2.25,1.50
2013.04.16 17:59:04.444,1.02117,1.02129,1.58,1.50
2013.04.16 17:59:04.684,1.02117,1.02128,1.58,2.10
2013.04.16 17:59:04.923,1.02112,1.02126,2.25,1.50
2013.04.16 17:59:05.463,1.02112,1.02126,2.25,1.50
2013.04.16 17:59:07.568,1.02112,1.02125,3.00,1.50
2013.04.16 17:59:08.113,1.02111,1.02123,1.50,1.35
2013.04.16 17:59:08.233,1.0211,1.02123,2.25,1.35
2013.04.16 17:59:08.617,1.02109,1.02121,1.50,1.50
2013.04.16 17:59:13.604,1.02109,1.02122,1.50,2.25
2013.04.16 17:59:19.824,1.02109,1.02122,2.25,2.25
2013.04.16 17:59:20.943,1.0211,1.02123,2.25,1.50
2013.04.16 17:59:21.064,1.0211,1.02124,3.00,3.75
2013.04.16 17:59:21.575,1.0211,1.02124,4.50,3.00
2013.04.16 17:59:22.267,1.0211,1.02124,4.50,3.00
2013.04.16 17:59:31.341,1.0211,1.02122,3.75,1.50
2013.04.16 17:59:31.643,1.02112,1.02124,1.50,2.25
2013.04.16 17:59:33.713,1.02112,1.02124,1.50,2.25
2013.04.16 17:59:48.496,1.02112,1.02124,1.50,3.00
2013.04.16 17:59:49.118,1.02112,1.02124,1.50,2.25
2013.04.16 17:59:50.073,1.02112,1.02124,1.50,1.50
2013.04.16 17:59:52.653,1.02113,1.02124,1.50,1.50
2013.04.16 17:59:52.774,1.02113,1.02127,2.25,2.10
2013.04.16 17:59:52.954,1.02116,1.02128,1.50,1.50
2013.04.16 17:59:53.264,1.02116,1.0213,3.08,3.00
2013.04.16 17:59:53.323,1.02116,1.0213,3.83,1.50
2013.04.16 17:59:53.825,1.02119,1.02131,1.50,1.50
