2008.12.19 09:00:01.998,1.236,1.23655,3.20,3.40
2008.12.19 09:00:02.508,1.236,1.23645,3.20,1.00
2008.12.19 09:00:03.368,1.23615,1.237,1.00,1.20
2008.12.19 09:00:03.828,1.23595,1.237,3.20,9.20
2008.12.19 09:00:04.187,1.236,1.23715,2.40,8.60
2008.12.19 09:00:04.648,1.236,1.23705,2.40,9.20
2008.12.19 09:00:05.277,1.23605,1.2371,3.40,9.20
2008.12.19 09:00:05.627,1.23605,1.2365,2.40,8.60
2008.12.19 09:00:06.037,1.23605,1.237,2.40,2.80
2008.12.19 09:00:06.447,1.23605,1.237,2.40,5.60
2008.12.19 09:00:07.546,1.236,1.2365,3.20,3.00
2008.12.19 09:00:07.947,1.236,1.2365,3.20,1.00
2008.12.19 09:00:09.097,1.236,1.2364,3.20,1.20
2008.12.19 09:00:09.666,1.2353,1.23605,1.60,1.20
2008.12.19 09:00:10.066,1.2355,1.23605,1.00,1.20
2008.12.19 09:00:10.466,1.23555,1.23655,2.40,1.20
2008.12.19 09:00:11.286,1.23545,1.23655,2.40,1.20
2008.12.19 09:00:12.496,1.2355,1.23645,2.40,9.60
2008.12.19 09:00:13.515,1.2358,1.2365,1.00,3.00
2008.12.19 09:00:13.815,1.2361,1.2365,1.00,1.00
2008.12.19 09:00:14.235,1.23605,1.2369,1.00,1.60
2008.12.19 09:00:14.975,1.236,1.2369,1.00,1.60
2008.12.19 09:00:15.625,1.2361,1.2368,2.40,1.60
2008.12.19 09:00:16.085,1.23605,1.2368,2.40,1.60
2008.12.19 09:00:16.724,1.23635,1.2368,1.00,1.60
2008.12.19 09:00:17.344,1.2364,1.2368,2.40,1.60
2008.12.19 09:00:17.744,1.23655,1.2368,1.00,1.60
2008.12.19 09:00:18.144,1.2365,1.2368,2.40,1.60
2008.12.19 09:00:18.604,1.23675,1.2368,2.40,1.60
2008.12.19 09:00:19.064,1.23675,1.23745,2.40,1.60
2008.12.19 09:00:19.904,1.237,1.2383,2.40,8.60
2008.12.19 09:00:20.284,1.237,1.23835,2.40,6.20
2008.12.19 09:00:20.583,1.2373,1.2384,2.40,1.20
2008.12.19 09:00:22.833,1.2374,1.2382,4.00,1.20
2008.12.19 09:00:23.533,1.2375,1.2382,2.40,1.20
2008.12.19 09:00:23.953,1.2375,1.23865,2.40,9.80
2008.12.19 09:00:26.062,1.2375,1.23855,2.40,3.00
2008.12.19 09:00:26.462,1.2376,1.2386,2.40,9.20
2008.12.19 09:00:26.802,1.2376,1.2386,2.40,1.60
2008.12.19 09:00:28.052,1.2376,1.2386,2.40,1.00
2008.12.19 09:00:28.452,1.23735,1.23835,2.40,5.60
2008.12.19 09:00:28.851,1.23715,1.238,2.40,5.60
2008.12.19 09:00:29.312,1.2368,1.2379,1.00,1.00
2008.12.19 09:00:29.901,1.2373,1.2378,1.00,1.00
2008.12.19 09:00:30.301,1.23715,1.2376,4.00,2.40
2008.12.19 09:00:31.071,1.23715,1.23755,1.60,11.00
2008.12.19 09:00:31.421,1.2365,1.23715,2.40,5.60
2008.12.19 09:00:31.841,1.23625,1.2372,1.60,1.00
2008.12.19 09:00:32.241,1.23625,1.2369,1.60,1.00
2008.12.19 09:00:33.090,1.2371,1.23745,1.60,14.00
2008.12.19 09:00:34.190,1.2373,1.2374,1.60,5.10
2008.12.19 09:00:34.490,1.2368,1.2372,3.20,8.60
2008.12.19 09:00:34.830,1.23665,1.2372,3.20,9.20
2008.12.19 09:00:35.010,1.23645,1.23705,1.60,1.00
2008.12.19 09:00:35.780,1.2366,1.2369,1.60,2.80
2008.12.19 09:00:36.460,1.2366,1.2368,1.60,2.80
2008.12.19 09:00:36.871,1.2362,1.23675,1.60,1.00
2008.12.19 09:00:37.619,1.23665,1.2367,3.20,5.60
2008.12.19 09:00:38.189,1.23665,1.23715,3.20,1.00
2008.12.19 09:00:38.739,1.2368,1.23745,3.20,8.60
2008.12.19 09:00:39.079,1.23605,1.2367,1.60,1.00
2008.12.19 09:00:39.759,1.23645,1.2371,1.60,8.60
2008.12.19 09:00:40.289,1.23595,1.23645,3.20,2.40
2008.12.19 09:00:41.409,1.2361,1.23635,3.20,2.40
2008.12.19 09:00:41.999,1.2361,1.23625,3.20,1.00
2008.12.19 09:00:42.498,1.2361,1.23635,3.20,1.00
2008.12.19 09:00:42.948,1.2361,1.2363,3.20,1.00
2008.12.19 09:00:44.038,1.2361,1.23625,3.20,2.40
2008.12.19 09:00:44.498,1.23545,1.2362,12.80,1.60
2008.12.19 09:00:45.017,1.23545,1.2363,12.80,2.20
2008.12.19 09:00:46.357,1.2356,1.2364,12.80,7.80
2008.12.19 09:00:46.697,1.23575,1.2364,2.40,1.60
2008.12.19 09:00:49.927,1.2359,1.2364,2.40,1.60
2008.12.19 09:00:50.606,1.2359,1.2364,3.20,1.60
2008.12.19 09:00:50.886,1.2361,1.2364,1.60,1.60
2008.12.19 09:00:51.406,1.2361,1.23665,1.60,8.00
2008.12.19 09:00:51.686,1.236,1.23665,1.00,8.00
2008.12.19 09:00:52.266,1.2363,1.23665,4.80,8.00
2008.12.19 09:00:52.676,1.2363,1.2366,1.00,8.00
2008.12.19 09:00:53.026,1.2364,1.237,2.40,1.60
2008.12.19 09:00:53.845,1.23655,1.2367,2.40,8.00
2008.12.19 09:00:54.415,1.2367,1.23785,2.40,8.60
2008.12.19 09:00:55.065,1.2368,1.2371,2.40,8.80
2008.12.19 09:00:55.526,1.23675,1.2368,2.40,8.00
2008.12.19 09:00:56.795,1.2369,1.2376,2.40,11.60
2008.12.19 09:00:57.035,1.2369,1.237,2.40,1.60
2008.12.19 09:00:58.224,1.2371,1.23805,2.40,5.90
2008.12.19 09:00:58.754,1.2371,1.23825,2.40,8.60
2008.12.19 09:00:59.324,1.237,1.2382,2.40,6.20
2008.12.19 09:00:59.724,1.23715,1.2381,2.40,5.60
2008.12.19 09:01:00.174,1.23705,1.23805,2.40,5.60
2008.12.19 09:01:00.824,1.237,1.238,2.40,1.00
2008.12.19 09:01:01.284,1.23715,1.2382,2.40,5.60
2008.12.19 09:01:01.644,1.23705,1.2381,2.40,8.60
2008.12.19 09:01:02.064,1.23695,1.23805,2.40,1.00
2008.12.19 09:01:02.643,1.237,1.238,2.40,9.20
2008.12.19 09:01:03.633,1.2371,1.23805,2.40,8.60
2008.12.19 09:01:04.163,1.237,1.238,2.40,6.20
2008.12.19 09:01:05.722,1.237,1.238,2.40,9.20
2008.12.19 09:01:07.682,1.2369,1.23795,2.40,1.00
2008.12.19 09:01:08.322,1.237,1.238,2.40,9.20
2008.12.19 09:01:08.732,1.237,1.23795,2.40,5.60
2008.12.19 09:01:12.771,1.237,1.238,2.40,9.20
2008.12.19 09:01:23.408,1.237,1.2379,2.40,2.80
2008.12.19 09:01:23.638,1.23675,1.2378,1.00,1.00
2008.12.19 09:01:24.038,1.23695,1.23745,1.00,1.00
2008.12.19 09:01:24.328,1.23685,1.23745,1.00,1.00
2008.12.19 09:01:24.658,1.2368,1.2379,2.40,8.60
2008.12.19 09:01:25.298,1.23675,1.23785,2.40,8.60
2008.12.19 09:01:25.468,1.23655,1.2376,8.00,1.00
2008.12.19 09:01:25.748,1.23655,1.2375,8.00,1.00
2008.12.19 09:01:25.918,1.23655,1.23745,8.00,1.00
2008.12.19 09:01:26.608,1.2366,1.23755,8.00,8.60
2008.12.19 09:01:27.427,1.23665,1.2374,2.40,8.60
2008.12.19 09:01:27.757,1.2366,1.2373,8.00,1.00
2008.12.19 09:01:29.857,1.2367,1.23785,2.40,8.60
2008.12.19 09:01:30.237,1.2367,1.2379,2.40,9.20
2008.12.19 09:01:30.797,1.2369,1.2381,2.40,8.60
2008.12.19 09:01:31.366,1.23755,1.2384,1.00,2.80
2008.12.19 09:01:31.936,1.23765,1.2389,2.40,13.40
2008.12.19 09:01:32.216,1.23775,1.239,2.40,8.60
2008.12.19 09:01:32.616,1.2375,1.2387,8.20,1.00
2008.12.19 09:01:33.136,1.2375,1.23865,1.00,1.00
2008.12.19 09:01:33.716,1.23785,1.2386,1.00,1.00
2008.12.19 09:01:34.416,1.2379,1.2392,3.40,5.60
2008.12.19 09:01:34.586,1.23905,1.23945,1.00,1.00
2008.12.19 09:01:35.825,1.2394,1.23995,3.20,2.00
2008.12.19 09:01:36.385,1.23885,1.2393,1.20,1.00
2008.12.19 09:01:36.615,1.2389,1.2401,1.60,8.60
2008.12.19 09:01:37.065,1.23895,1.23985,1.60,1.00
2008.12.19 09:01:37.525,1.23855,1.23925,1.60,2.40
2008.12.19 09:01:37.745,1.23855,1.23945,1.60,9.20
2008.12.19 09:01:38.255,1.23855,1.23935,1.60,2.80
2008.12.19 09:01:38.555,1.23855,1.23925,1.60,1.00
2008.12.19 09:01:38.795,1.2387,1.23915,1.60,1.00
2008.12.19 09:01:39.084,1.2382,1.23865,2.10,2.40
2008.12.19 09:01:39.724,1.2376,1.23865,1.60,2.40
2008.12.19 09:01:40.295,1.2376,1.23855,1.60,4.60
2008.12.19 09:01:41.044,1.2378,1.23845,1.60,1.20
2008.12.19 09:01:42.414,1.23795,1.23895,3.40,4.80
2008.12.19 09:01:42.924,1.23805,1.2388,2.40,4.80
2008.12.19 09:01:43.314,1.23805,1.2393,2.40,8.60
2008.12.19 09:01:43.774,1.23815,1.23925,2.40,8.60
2008.12.19 09:01:44.233,1.23815,1.23845,2.40,2.40
2008.12.19 09:01:44.683,1.2377,1.23845,1.60,3.00
2008.12.19 09:01:44.903,1.2377,1.23825,1.60,1.00
2008.12.19 09:01:47.303,1.2374,1.2379,8.00,1.00
2008.12.19 09:01:47.582,1.2374,1.2378,8.00,1.00
2008.12.19 09:01:53.741,1.2375,1.23755,8.00,2.40
2008.12.19 09:01:54.271,1.2364,1.23755,1.00,3.40
2008.12.19 09:01:54.781,1.23655,1.2375,2.40,1.20
2008.12.19 09:01:55.071,1.23645,1.2374,2.40,1.20
2008.12.19 09:01:57.171,1.23665,1.2374,4.00,1.20
2008.12.19 09:01:57.570,1.23655,1.2373,1.60,1.60
2008.12.19 09:01:57.960,1.23665,1.23745,4.00,1.20
2008.12.19 09:01:58.770,1.2366,1.2375,1.00,3.40
2008.12.19 09:02:01.489,1.23655,1.23745,1.00,3.40
2008.12.19 09:02:01.849,1.23645,1.2374,3.20,2.40
2008.12.19 09:02:02.439,1.2362,1.2373,3.40,1.00
2008.12.19 09:02:04.238,1.2364,1.2375,2.40,12.00
2008.12.19 09:02:06.498,1.23645,1.23745,4.00,12.00
2008.12.19 09:02:08.997,1.23645,1.2373,1.60,2.40
2008.12.19 09:02:09.687,1.23645,1.2371,1.60,1.20
2008.12.19 09:02:10.717,1.23645,1.23705,1.60,1.60
2008.12.19 09:02:11.507,1.23645,1.23695,1.60,2.80
2008.12.19 09:02:11.957,1.23565,1.23685,3.40,9.20
2008.12.19 09:02:12.307,1.2357,1.23675,1.00,3.00
2008.12.19 09:02:12.697,1.2357,1.23675,1.00,2.40
2008.12.19 09:02:13.156,1.2358,1.2365,1.00,1.20
2008.12.19 09:02:13.776,1.2358,1.2365,2.80,1.20
2008.12.19 09:02:13.896,1.2358,1.2366,2.80,1.20
2008.12.19 09:02:14.306,1.2359,1.23655,1.60,1.60
2008.12.19 09:02:18.185,1.23595,1.23655,1.60,1.00
2008.12.19 09:02:22.374,1.23585,1.23645,1.60,1.00
2008.12.19 09:02:22.604,1.23565,1.2363,3.20,1.00
2008.12.19 09:02:23.324,1.23565,1.2363,3.20,2.20
2008.12.19 09:02:23.794,1.2357,1.23625,1.60,2.20
2008.12.19 09:02:26.383,1.2357,1.2365,1.60,2.80
2008.12.19 09:02:27.533,1.2357,1.23625,1.60,1.60
2008.12.19 09:02:29.542,1.2357,1.23605,1.60,1.00
2008.12.19 09:02:33.102,1.2357,1.23615,1.60,1.60
2008.12.19 09:02:33.842,1.2357,1.2365,1.60,16.00
2008.12.19 09:02:40.370,1.2357,1.2364,1.00,16.00
2008.12.19 09:02:40.900,1.23565,1.2364,1.60,16.00
2008.12.19 09:02:41.290,1.2357,1.2364,1.60,17.00
2008.12.19 09:02:44.189,1.23565,1.2364,1.60,17.00
2008.12.19 09:02:44.769,1.23565,1.2364,1.60,16.00
2008.12.19 09:02:51.467,1.2354,1.2364,2.80,16.00
2008.12.19 09:02:51.807,1.2354,1.2364,1.60,16.00
2008.12.19 09:02:54.396,1.23545,1.23635,1.60,5.60
2008.12.19 09:02:54.996,1.2354,1.2363,1.60,9.20
2008.12.19 09:02:55.456,1.2354,1.23625,1.60,9.20
2008.12.19 09:02:55.856,1.2354,1.2362,1.60,1.00
2008.12.19 09:02:56.246,1.2354,1.23615,1.60,1.00
2008.12.19 09:02:56.716,1.2354,1.23615,1.60,9.20
2008.12.19 09:02:57.136,1.2354,1.2361,1.60,6.20
2008.12.19 09:02:57.575,1.2354,1.2361,1.60,9.20
2008.12.19 09:02:59.175,1.2354,1.23605,1.60,3.60
2008.12.19 09:02:59.525,1.2354,1.23605,1.60,9.20
2008.12.19 09:03:00.215,1.2354,1.23615,1.60,1.00
2008.12.19 09:03:01.245,1.23545,1.23625,1.60,2.20
2008.12.19 09:03:02.155,1.23545,1.23625,1.60,2.80
2008.12.19 09:03:05.154,1.2354,1.23615,1.60,8.60
2008.12.19 09:03:05.614,1.2354,1.23605,1.60,1.00
2008.12.19 09:03:11.432,1.2354,1.2359,1.60,1.00
2008.12.19 09:03:13.852,1.2354,1.23595,1.60,1.00
2008.12.19 09:03:15.382,1.2354,1.23605,1.60,9.20
2008.12.19 09:03:16.791,1.2354,1.23605,1.60,3.60
2008.12.19 09:03:17.371,1.2354,1.2361,1.60,8.60
2008.12.19 09:03:41.455,1.2354,1.2361,1.60,9.20
2008.12.19 09:03:41.985,1.2354,1.23605,1.60,1.00
2008.12.19 09:03:42.385,1.2354,1.23595,1.60,1.60
2008.12.19 09:03:42.905,1.2355,1.23605,2.40,1.20
2008.12.19 09:03:43.185,1.2355,1.2365,2.40,1.60
2008.12.19 09:03:48.403,1.23565,1.2364,1.60,1.60
2008.12.19 09:03:50.343,1.2358,1.2364,1.60,1.60
2008.12.19 09:03:56.571,1.23615,1.23705,1.60,4.20
2008.12.19 09:03:56.962,1.2363,1.23705,1.00,3.20
2008.12.19 09:03:57.602,1.2364,1.23705,2.40,3.20
2008.12.19 09:03:58.141,1.23665,1.2369,2.40,3.20
2008.12.19 09:03:59.001,1.23625,1.2369,6.40,3.20
2008.12.19 09:03:59.441,1.23625,1.2369,2.40,3.20
2008.12.19 09:04:10.918,1.23645,1.2369,2.40,3.20
2008.12.19 09:04:11.728,1.23635,1.2369,3.40,3.20
2008.12.19 09:04:13.967,1.236,1.2369,4.80,3.20
2008.12.19 09:04:17.477,1.2361,1.2369,4.80,3.80
2008.12.19 09:04:17.876,1.23625,1.2369,1.00,3.80
2008.12.19 09:04:18.276,1.23605,1.2369,4.80,3.80
2008.12.19 09:04:21.715,1.23625,1.2369,1.00,3.80
2008.12.19 09:04:22.115,1.23605,1.23685,4.80,1.00
2008.12.19 09:04:22.585,1.23605,1.2367,4.80,1.60
2008.12.19 09:04:22.985,1.2359,1.23675,3.80,1.00
2008.12.19 09:04:23.625,1.23585,1.2369,8.80,1.00
2008.12.19 09:04:24.125,1.2359,1.23685,8.80,1.00
2008.12.19 09:04:27.434,1.2359,1.23685,8.80,1.00
2008.12.19 09:04:28.634,1.2359,1.2368,8.80,1.00
2008.12.19 09:04:29.843,1.23595,1.23685,1.60,1.00
2008.12.19 09:04:30.253,1.23595,1.23685,3.20,1.00
2008.12.19 09:04:30.653,1.23595,1.2369,5.60,12.00
2008.12.19 09:04:31.813,1.23595,1.2369,6.40,6.40
2008.12.19 09:04:33.703,1.23595,1.2369,6.60,6.40
2008.12.19 09:04:36.072,1.23595,1.2369,6.40,6.40
2008.12.19 09:04:38.781,1.2359,1.2369,8.80,7.00
2008.12.19 09:04:41.070,1.2361,1.2369,1.60,7.00
2008.12.19 09:04:41.361,1.2361,1.2369,1.60,7.40
2008.12.19 09:04:43.230,1.23635,1.2369,1.60,7.40
2008.12.19 09:04:47.229,1.23645,1.2369,1.60,6.40
2008.12.19 09:04:55.077,1.23645,1.2369,1.60,8.00
2008.12.19 09:04:58.607,1.23635,1.23685,1.60,1.60
2008.12.19 09:05:01.566,1.236,1.23685,1.60,10.80
2008.12.19 09:05:01.806,1.2359,1.2367,1.00,1.60
2008.12.19 09:05:02.156,1.2359,1.2365,1.00,1.20
2008.12.19 09:05:02.835,1.236,1.2363,1.00,1.60
2008.12.19 09:05:04.385,1.236,1.23635,1.00,2.20
2008.12.19 09:05:05.135,1.236,1.23635,1.00,1.00
2008.12.19 09:05:05.555,1.236,1.2366,1.00,3.20
2008.12.19 09:05:09.964,1.236,1.23655,1.00,2.20
2008.12.19 09:05:13.463,1.236,1.23655,1.00,3.20
2008.12.19 09:05:15.293,1.236,1.23645,1.00,1.00
2008.12.19 09:05:15.642,1.236,1.23655,1.00,3.20
2008.12.19 09:05:17.302,1.236,1.2366,1.00,2.60
2008.12.19 09:05:17.752,1.236,1.2367,1.00,1.60
2008.12.19 09:05:23.021,1.2361,1.2367,4.80,2.60
2008.12.19 09:05:23.531,1.2362,1.2367,1.20,2.60
2008.12.19 09:05:23.940,1.2361,1.2367,3.20,1.60
2008.12.19 09:05:39.936,1.2361,1.2365,3.20,1.60
2008.12.19 09:05:40.236,1.236,1.23625,1.00,1.20
2008.12.19 09:05:40.516,1.236,1.23625,1.00,2.60
2008.12.19 09:05:41.026,1.23575,1.23625,1.60,2.60
2008.12.19 09:05:41.426,1.2357,1.23615,1.60,2.60
2008.12.19 09:05:43.426,1.2359,1.23615,3.20,1.60
2008.12.19 09:05:43.956,1.23595,1.23685,1.00,1.60
2008.12.19 09:05:44.816,1.236,1.2368,1.00,2.20
2008.12.19 09:05:52.143,1.2361,1.23665,1.60,1.60
2008.12.19 09:05:52.613,1.236,1.23655,1.60,1.60
2008.12.19 09:05:54.093,1.23605,1.23655,1.60,3.20
2008.12.19 09:06:06.920,1.23605,1.2365,1.60,1.60
2008.12.19 09:06:20.107,1.2362,1.23655,1.60,1.60
2008.12.19 09:06:20.837,1.2362,1.23655,2.40,1.60
2008.12.19 09:06:21.926,1.2363,1.23655,1.60,3.20
2008.12.19 09:06:22.316,1.23605,1.23655,2.80,2.20
2008.12.19 09:06:22.826,1.2363,1.23665,1.00,2.20
2008.12.19 09:06:23.996,1.23605,1.23655,1.60,1.60
2008.12.19 09:06:24.656,1.23615,1.23655,1.60,1.60
2008.12.19 09:06:25.095,1.23615,1.23655,1.60,1.60
2008.12.19 09:06:42.061,1.2361,1.2365,1.60,1.60
2008.12.19 09:06:42.861,1.2361,1.2364,1.60,1.60
2008.12.19 09:06:44.461,1.2361,1.23635,1.60,1.60
2008.12.19 09:06:44.861,1.236,1.23635,1.60,1.60
2008.12.19 09:06:45.801,1.236,1.23625,1.60,1.60
2008.12.19 09:06:46.301,1.2359,1.2362,3.20,1.60
2008.12.19 09:06:48.420,1.236,1.23615,1.60,1.00
2008.12.19 09:06:51.819,1.236,1.2364,1.60,2.20
2008.12.19 09:06:52.179,1.236,1.2364,1.60,1.60
2008.12.19 09:07:00.817,1.236,1.23635,1.60,4.00
2008.12.19 09:07:01.117,1.236,1.23625,1.60,5.60
2008.12.19 09:07:01.177,1.236,1.23625,1.60,8.60
2008.12.19 09:07:02.787,1.2359,1.23615,3.20,1.00
2008.12.19 09:07:03.666,1.2359,1.2361,3.20,1.00
2008.12.19 09:07:05.626,1.23525,1.23595,1.60,2.60
2008.12.19 09:07:05.856,1.23525,1.236,1.60,1.60
2008.12.19 09:07:07.755,1.2354,1.23585,1.60,3.20
2008.12.19 09:07:29.310,1.2354,1.23585,1.60,3.00
2008.12.19 09:07:30.010,1.2354,1.2357,1.60,1.00
2008.12.19 09:07:31.380,1.23495,1.23515,2.00,1.00
2008.12.19 09:07:32.169,1.2354,1.23575,1.60,8.60
2008.12.19 09:07:35.229,1.2345,1.2356,2.40,8.60
2008.12.19 09:07:40.817,1.2344,1.2355,5.60,1.00
2008.12.19 09:07:46.966,1.23455,1.23555,1.00,3.80
2008.12.19 09:07:47.826,1.23455,1.23555,1.00,3.80
2008.12.19 09:07:48.665,1.23465,1.23555,1.00,3.80
2008.12.19 09:07:48.885,1.23465,1.23555,1.00,3.80
2008.12.19 09:08:01.882,1.23465,1.2353,1.00,1.00
2008.12.19 09:08:02.532,1.23465,1.235,1.00,1.60
2008.12.19 09:08:03.052,1.2344,1.2349,1.60,1.60
2008.12.19 09:08:03.512,1.23445,1.2349,1.60,1.60
2008.12.19 09:08:04.392,1.23455,1.23495,1.60,1.60
2008.12.19 09:08:06.661,1.23455,1.235,1.60,2.60
2008.12.19 09:08:07.051,1.2347,1.23525,2.40,1.60
2008.12.19 09:08:14.189,1.23455,1.2352,1.00,1.60
2008.12.19 09:08:25.737,1.2346,1.2352,1.00,1.60
2008.12.19 09:08:26.096,1.23455,1.2352,6.60,1.60
2008.12.19 09:08:26.606,1.23455,1.2352,3.20,1.60
2008.12.19 09:08:32.365,1.2341,1.2348,3.20,1.60
2008.12.19 09:08:32.875,1.2341,1.2348,1.60,1.60
2008.12.19 09:08:33.475,1.2342,1.23455,1.00,1.00
2008.12.19 09:08:38.024,1.2342,1.23445,1.00,1.00
2008.12.19 09:08:39.943,1.23345,1.234,1.50,1.60
2008.12.19 09:08:40.293,1.2334,1.2347,2.40,2.80
2008.12.19 09:08:41.853,1.2336,1.2346,2.40,1.00
2008.12.19 09:08:42.192,1.2338,1.235,2.40,1.00
2008.12.19 09:08:42.872,1.23385,1.23505,2.40,1.00
2008.12.19 09:08:43.612,1.234,1.235,2.40,1.00
2008.12.19 09:08:49.801,1.23415,1.2351,2.40,8.60
2008.12.19 09:08:50.490,1.23405,1.2351,2.40,8.60
2008.12.19 09:09:07.136,1.23415,1.23485,2.40,1.00
2008.12.19 09:09:19.074,1.23415,1.23445,2.40,11.20
2008.12.19 09:09:19.593,1.2337,1.23445,2.40,11.20
2008.12.19 09:09:19.993,1.2335,1.2343,1.60,12.80
2008.12.19 09:09:21.033,1.2336,1.2343,1.60,14.40
2008.12.19 09:09:22.133,1.2336,1.2342,1.60,12.80
2008.12.19 09:09:23.063,1.2337,1.2342,1.00,12.80
2008.12.19 09:09:23.592,1.23375,1.2342,2.40,12.80
2008.12.19 09:09:23.823,1.23375,1.2342,2.40,14.40
2008.12.19 09:09:25.792,1.23355,1.2342,1.60,14.40
2008.12.19 09:09:31.401,1.2336,1.2341,1.60,1.00
2008.12.19 09:09:32.000,1.2336,1.2341,1.60,7.00
2008.12.19 09:09:32.331,1.2336,1.23405,1.60,8.60
2008.12.19 09:09:33.510,1.2328,1.23385,1.60,1.60
2008.12.19 09:09:35.370,1.2329,1.23355,3.00,1.60
2008.12.19 09:09:35.869,1.2329,1.23355,1.60,1.60
2008.12.19 09:09:37.989,1.2329,1.2334,1.60,1.60
2008.12.19 09:09:38.279,1.2329,1.2334,1.60,1.20
2008.12.19 09:09:38.559,1.23255,1.2336,4.00,1.60
2008.12.19 09:09:42.519,1.23265,1.23335,2.40,6.40
2008.12.19 09:09:43.608,1.23225,1.23315,3.40,4.80
2008.12.19 09:09:44.068,1.23235,1.2335,2.40,8.60
2008.12.19 09:09:45.397,1.23255,1.23345,2.40,2.80
2008.12.19 09:09:46.267,1.2327,1.2335,2.40,8.60
2008.12.19 09:09:46.667,1.2327,1.2335,2.40,5.60
2008.12.19 09:09:48.337,1.23265,1.2337,2.40,8.60
2008.12.19 09:09:49.027,1.23275,1.2337,2.40,8.60
2008.12.19 09:09:49.726,1.23275,1.23355,2.40,8.60
2008.12.19 09:09:52.445,1.23265,1.23365,2.40,8.60
2008.12.19 09:09:54.065,1.2327,1.23365,1.00,5.60
2008.12.19 09:09:54.465,1.23275,1.23385,3.40,9.20
2008.12.19 09:09:54.885,1.23285,1.23385,2.40,8.60
2008.12.19 09:10:00.414,1.2329,1.23375,2.40,8.60
2008.12.19 09:10:03.893,1.23305,1.23375,2.40,8.60
2008.12.19 09:10:04.223,1.23305,1.23415,2.40,8.60
2008.12.19 09:10:12.881,1.2331,1.23395,2.40,1.60
2008.12.19 09:10:13.451,1.2327,1.2338,1.00,1.00
2008.12.19 09:10:17.380,1.2328,1.23375,1.00,2.20
2008.12.19 09:10:17.779,1.2328,1.23375,1.00,1.00
2008.12.19 09:10:18.229,1.23275,1.2337,1.00,1.00
2008.12.19 09:10:21.079,1.23275,1.23375,3.20,11.40
2008.12.19 09:10:21.459,1.23275,1.23375,3.40,2.20
2008.12.19 09:10:21.809,1.23275,1.23375,3.20,11.40
2008.12.19 09:10:22.149,1.2328,1.2337,1.00,1.00
2008.12.19 09:10:22.918,1.23275,1.2337,1.00,1.00
2008.12.19 09:10:23.538,1.23275,1.23375,3.40,9.80
2008.12.19 09:10:23.648,1.23275,1.23375,3.40,1.00
2008.12.19 09:10:23.758,1.23275,1.2337,1.00,1.00
2008.12.19 09:10:24.738,1.23275,1.23375,3.20,11.40
2008.12.19 09:10:25.138,1.23275,1.23375,2.40,11.40
2008.12.19 09:10:25.607,1.23275,1.23375,3.40,2.80
2008.12.19 09:10:26.007,1.23275,1.2337,1.00,1.00
2008.12.19 09:10:27.067,1.2327,1.2337,1.00,1.00
2008.12.19 09:10:34.735,1.23275,1.2337,1.00,1.00
2008.12.19 09:10:35.715,1.23275,1.23375,3.40,1.00
2008.12.19 09:10:36.066,1.2328,1.23375,1.00,1.00
2008.12.19 09:10:40.584,1.23275,1.2337,1.00,1.00
2008.12.19 09:10:48.562,1.23275,1.2337,1.00,1.00
2008.12.19 09:10:49.152,1.23275,1.2337,1.00,1.00
2008.12.19 09:10:51.161,1.23275,1.23375,3.40,1.00
2008.12.19 09:10:52.671,1.23275,1.23375,3.40,7.80
2008.12.19 09:10:53.011,1.23275,1.2337,1.00,1.00
2008.12.19 09:10:53.591,1.2328,1.23375,1.00,1.00
2008.12.19 09:10:55.990,1.23275,1.2337,2.80,5.60
2008.12.19 09:10:56.400,1.23265,1.2336,4.00,1.60
2008.12.19 09:10:58.100,1.23265,1.23355,4.00,2.20
2008.12.19 09:11:02.669,1.23265,1.23355,3.80,2.20
2008.12.19 09:11:24.773,1.23275,1.23355,3.20,2.20
2008.12.19 09:11:27.453,1.23275,1.23335,1.60,1.60
2008.12.19 09:11:29.732,1.23275,1.233,1.60,1.60
2008.12.19 09:11:30.082,1.23235,1.233,1.60,1.60
2008.12.19 09:11:30.652,1.2323,1.23295,1.60,1.60
2008.12.19 09:11:30.932,1.23225,1.23275,1.60,1.60
2008.12.19 09:11:31.172,1.23235,1.23265,1.60,1.60
2008.12.19 09:11:31.512,1.2323,1.23265,3.20,1.60
2008.12.19 09:11:35.091,1.2324,1.23345,4.00,1.60
2008.12.19 09:11:37.120,1.23245,1.2333,5.60,1.60
2008.12.19 09:11:38.790,1.23255,1.2333,3.20,1.60
2008.12.19 09:11:45.338,1.23255,1.23285,1.60,1.60
2008.12.19 09:11:45.678,1.23245,1.2328,5.60,1.60
2008.12.19 09:11:45.978,1.23245,1.23315,5.60,3.20
2008.12.19 09:11:48.748,1.23245,1.233,2.40,3.20
2008.12.19 09:11:49.268,1.23225,1.23295,3.20,1.00
2008.12.19 09:11:49.677,1.23225,1.23265,3.20,1.00
2008.12.19 09:11:50.068,1.23225,1.23295,3.20,5.40
2008.12.19 09:11:50.707,1.2323,1.233,3.20,1.00
2008.12.19 09:11:51.107,1.2323,1.2329,3.20,1.00
2008.12.19 09:11:52.008,1.2323,1.23295,3.20,9.20
2008.12.19 09:12:01.884,1.2323,1.23285,3.20,1.00
2008.12.19 09:12:02.564,1.2323,1.2329,3.20,1.00
2008.12.19 09:12:08.853,1.23125,1.2324,6.40,1.20
2008.12.19 09:12:09.242,1.23125,1.2324,1.60,2.60
2008.12.19 09:12:11.142,1.23145,1.23225,1.60,3.20
2008.12.19 09:12:11.732,1.23195,1.23225,1.60,3.20
2008.12.19 09:12:12.022,1.2313,1.23225,1.60,3.20
2008.12.19 09:12:13.222,1.23145,1.23225,1.60,2.20
2008.12.19 09:12:14.091,1.23145,1.2323,2.40,1.60
2008.12.19 09:12:16.071,1.23145,1.23225,1.60,2.20
2008.12.19 09:12:27.268,1.2314,1.232,3.20,1.60
2008.12.19 09:12:27.508,1.2314,1.232,1.60,1.60
2008.12.19 09:12:45.634,1.2314,1.2319,1.60,1.20
2008.12.19 09:12:46.093,1.2314,1.2321,1.60,2.20
2008.12.19 09:12:46.733,1.2315,1.2321,1.60,2.20
2008.12.19 09:12:58.741,1.23155,1.23215,1.60,2.20
2008.12.19 09:12:59.140,1.2321,1.23215,2.40,2.20
2008.12.19 09:12:59.581,1.2321,1.233,2.40,1.00
2008.12.19 09:13:00.200,1.23225,1.23305,2.40,1.60
2008.12.19 09:13:02.210,1.2317,1.23245,7.60,1.20
2008.12.19 09:13:02.720,1.2317,1.23245,1.60,1.20
2008.12.19 09:13:03.010,1.23165,1.23275,1.60,2.60
2008.12.19 09:13:03.650,1.2319,1.2326,1.60,2.60
2008.12.19 09:13:04.609,1.23195,1.2325,1.60,1.00
2008.12.19 09:13:05.369,1.23205,1.23265,2.40,1.60
2008.12.19 09:13:05.699,1.23215,1.23265,4.00,1.60
2008.12.19 09:13:05.809,1.23225,1.233,2.40,1.60
2008.12.19 09:13:06.099,1.23225,1.233,3.20,1.60
2008.12.19 09:13:06.159,1.23235,1.233,2.40,1.60
2008.12.19 09:13:07.158,1.23225,1.2329,2.40,1.60
2008.12.19 09:13:07.958,1.23235,1.2329,2.40,1.60
2008.12.19 09:13:08.508,1.2323,1.2329,1.00,1.60
2008.12.19 09:13:08.848,1.23225,1.2329,2.40,1.60
2008.12.19 09:13:10.528,1.23185,1.2326,1.60,1.20
2008.12.19 09:13:12.457,1.23195,1.23245,1.60,1.60
2008.12.19 09:13:14.157,1.23195,1.23255,1.60,1.60
2008.12.19 09:13:14.447,1.2322,1.2328,1.00,1.00
2008.12.19 09:13:14.897,1.23225,1.23285,2.40,1.60
2008.12.19 09:13:15.597,1.23225,1.2328,2.40,1.60
2008.12.19 09:13:20.185,1.232,1.2328,1.00,1.60
2008.12.19 09:13:22.525,1.23195,1.23265,1.60,1.20
2008.12.19 09:13:24.434,1.23195,1.23255,1.60,1.60
2008.12.19 09:13:36.502,1.23195,1.23235,1.60,1.20
2008.12.19 09:13:37.121,1.2319,1.23235,3.20,1.20
2008.12.19 09:13:38.671,1.2319,1.2323,3.20,1.60
2008.12.19 09:13:55.237,1.23125,1.23215,1.60,2.20
2008.12.19 09:13:56.037,1.23125,1.23215,1.60,1.60
2008.12.19 09:13:56.617,1.2315,1.2323,1.00,1.20
2008.12.19 09:13:57.087,1.2316,1.2323,1.00,1.20
2008.12.19 09:13:57.426,1.23175,1.2324,2.40,1.00
2008.12.19 09:13:57.776,1.23175,1.23255,2.40,1.60
2008.12.19 09:13:59.886,1.2318,1.2325,2.40,7.20
2008.12.19 09:14:00.276,1.23155,1.23225,1.60,1.20
2008.12.19 09:14:01.076,1.2315,1.23225,1.60,1.20
2008.12.19 09:14:01.665,1.23155,1.23215,1.60,1.60
2008.12.19 09:14:11.973,1.2315,1.23215,2.40,1.60
2008.12.19 09:14:12.213,1.2315,1.2322,2.40,1.60
2008.12.19 09:14:12.613,1.23155,1.2326,1.60,11.00
2008.12.19 09:14:12.843,1.2319,1.2326,2.40,4.80
2008.12.19 09:14:14.003,1.2321,1.2325,2.40,4.80
2008.12.19 09:14:15.003,1.2319,1.2325,5.00,4.80
2008.12.19 09:14:16.032,1.232,1.2325,1.00,4.80
2008.12.19 09:14:16.212,1.232,1.2325,1.00,4.80
2008.12.19 09:14:16.662,1.2319,1.2324,1.60,1.60
2008.12.19 09:14:17.072,1.23195,1.23235,1.60,1.20
2008.12.19 09:14:17.592,1.232,1.23255,1.00,4.80
2008.12.19 09:14:17.982,1.2321,1.23265,1.60,3.20
2008.12.19 09:14:18.331,1.2321,1.23265,3.20,3.20
2008.12.19 09:14:20.171,1.2321,1.23245,1.20,1.20
2008.12.19 09:14:20.641,1.2317,1.23255,1.80,1.60
2008.12.19 09:14:21.551,1.2317,1.23235,1.80,1.00
2008.12.19 09:14:21.791,1.2318,1.23235,1.60,1.00
2008.12.19 09:14:28.739,1.2318,1.23235,1.60,2.20
2008.12.19 09:14:28.969,1.2317,1.23235,1.80,2.20
2008.12.19 09:14:29.129,1.2315,1.23235,1.60,2.20
2008.12.19 09:14:29.429,1.23145,1.23235,3.20,2.20
2008.12.19 09:14:29.899,1.2314,1.23235,2.40,2.20
2008.12.19 09:14:30.918,1.23155,1.23235,1.60,2.20
2008.12.19 09:14:33.378,1.2316,1.2323,1.60,1.60
2008.12.19 09:15:33.163,1.23155,1.23235,1.60,2.20
2008.12.19 09:15:33.853,1.23145,1.23235,2.40,2.20
2008.12.19 09:15:34.303,1.23155,1.23235,1.60,2.20
2008.12.19 09:15:37.702,1.2315,1.2322,3.20,1.60
2008.12.19 09:15:37.822,1.2315,1.2322,1.60,1.60
2008.12.19 09:15:38.152,1.2315,1.2322,1.60,2.20
2008.12.19 09:15:41.931,1.2315,1.2321,1.60,1.60
2008.12.19 09:15:42.441,1.2314,1.2321,1.60,1.60
2008.12.19 09:15:43.611,1.2315,1.23215,1.60,3.20
2008.12.19 09:15:43.901,1.2315,1.23215,1.60,2.20
2008.12.19 09:16:39.807,1.2314,1.2321,1.60,1.60
2008.12.19 09:16:47.495,1.23135,1.23215,1.00,3.20
2008.12.19 09:16:47.615,1.2313,1.23215,2.80,3.80
2008.12.19 09:16:47.835,1.2313,1.23215,1.60,2.80
2008.12.19 09:16:58.973,1.2313,1.23215,2.20,2.80
2008.12.19 09:16:59.423,1.2313,1.23215,4.80,2.20
2008.12.19 09:16:59.722,1.2313,1.2321,4.80,1.60
2008.12.19 09:17:00.482,1.2313,1.23215,4.00,3.20
2008.12.19 09:17:00.662,1.2313,1.23215,1.60,2.80
2008.12.19 09:17:01.612,1.2313,1.232,1.60,1.00
2008.12.19 09:17:02.122,1.2313,1.232,1.60,2.20
2008.12.19 09:17:14.959,1.2313,1.23195,1.60,1.60
2008.12.19 09:17:15.929,1.2313,1.23195,1.60,1.00
2008.12.19 09:17:16.508,1.2313,1.23195,3.20,1.00
2008.12.19 09:17:16.968,1.2314,1.23195,1.60,1.00
2008.12.19 09:17:22.087,1.2314,1.2319,1.60,1.60
2008.12.19 09:17:27.446,1.2314,1.23195,1.60,3.20
2008.12.19 09:17:28.146,1.2314,1.23195,1.60,2.20
2008.12.19 09:17:31.915,1.2313,1.23195,1.60,2.20
2008.12.19 09:18:01.688,1.2313,1.23205,1.60,2.80
2008.12.19 09:18:01.917,1.2313,1.23205,1.60,2.20
2008.12.19 09:18:02.317,1.2313,1.23215,1.60,2.80
2008.12.19 09:18:05.487,1.2313,1.23215,1.60,3.80
2008.12.19 09:18:05.846,1.2313,1.2322,2.40,1.00
2008.12.19 09:18:06.297,1.23155,1.23245,2.40,8.60
2008.12.19 09:18:06.636,1.23165,1.2325,2.40,8.60
2008.12.19 09:18:07.166,1.2317,1.2325,2.40,8.60
2008.12.19 09:18:07.746,1.2318,1.23255,2.40,8.60
2008.12.19 09:18:08.196,1.23205,1.23255,2.40,8.60
2008.12.19 09:18:08.606,1.23195,1.2326,2.40,3.20
2008.12.19 09:18:09.376,1.23195,1.2326,2.40,3.20
2008.12.19 09:18:09.835,1.2316,1.2326,3.40,3.20
2008.12.19 09:18:10.176,1.2314,1.23245,1.00,1.00
2008.12.19 09:18:10.525,1.2313,1.23225,1.60,1.00
2008.12.19 09:18:20.123,1.2314,1.23225,1.60,2.80
2008.12.19 09:18:22.782,1.2314,1.2321,1.60,2.20
2008.12.19 09:18:25.942,1.2314,1.23225,1.60,1.00
2008.12.19 09:18:28.291,1.2314,1.23225,1.60,2.80
2008.12.19 09:18:28.641,1.23145,1.23225,1.00,1.00
2008.12.19 09:18:28.861,1.232,1.2331,2.40,5.40
2008.12.19 09:18:29.082,1.232,1.2331,2.40,1.00
2008.12.19 09:18:29.671,1.2319,1.2331,2.40,1.00
2008.12.19 09:18:30.001,1.2319,1.2332,2.40,8.60
2008.12.19 09:18:31.510,1.232,1.23265,1.00,1.00
2008.12.19 09:18:31.920,1.23175,1.2325,4.80,1.20
2008.12.19 09:18:32.090,1.23155,1.2325,1.60,2.60
2008.12.19 09:18:32.270,1.2315,1.2324,1.00,1.00
2008.12.19 09:18:32.390,1.23135,1.2324,3.20,1.00
2008.12.19 09:18:32.850,1.23135,1.2323,3.20,1.00
2008.12.19 09:18:33.930,1.23155,1.2327,3.20,2.80
2008.12.19 09:18:34.440,1.23175,1.2328,2.40,1.60
2008.12.19 09:18:34.959,1.2317,1.2327,2.40,1.60
2008.12.19 09:18:35.879,1.2319,1.2327,2.40,1.60
2008.12.19 09:18:37.071,1.23175,1.2327,2.40,1.60
2008.12.19 09:18:37.429,1.2319,1.2327,2.40,1.60
2008.12.19 09:18:38.009,1.23175,1.2327,3.40,1.60
2008.12.19 09:18:38.359,1.23205,1.2327,2.40,1.60
2008.12.19 09:18:38.719,1.23185,1.2327,2.40,1.60
2008.12.19 09:18:39.109,1.2318,1.2327,1.00,1.60
2008.12.19 09:18:40.078,1.2318,1.2327,1.00,1.60
2008.12.19 09:18:40.788,1.23185,1.2327,1.00,1.60
2008.12.19 09:18:41.208,1.23175,1.2327,1.00,2.20
2008.12.19 09:18:43.297,1.2318,1.2327,1.00,2.20
2008.12.19 09:18:43.457,1.2318,1.2327,1.00,1.60
2008.12.19 09:18:44.217,1.2318,1.23265,1.00,1.00
2008.12.19 09:18:44.787,1.2316,1.23255,1.00,1.00
2008.12.19 09:18:45.257,1.2313,1.23225,1.60,1.00
2008.12.19 09:18:45.477,1.2313,1.2319,1.60,1.00
2008.12.19 09:18:49.036,1.2314,1.2319,1.60,1.00
2008.12.19 09:18:50.196,1.2314,1.2321,1.60,3.60
2008.12.19 09:18:50.946,1.2314,1.23205,1.60,1.00
2008.12.19 09:19:42.513,1.2314,1.2318,1.60,1.00
2008.12.19 09:19:45.973,1.2314,1.23175,1.60,1.00
2008.12.19 09:19:46.192,1.2314,1.23235,1.60,8.60
2008.12.19 09:19:46.522,1.2314,1.2324,1.60,8.60
2008.12.19 09:19:47.052,1.2315,1.23265,2.80,5.60
2008.12.19 09:19:47.632,1.23165,1.2326,1.00,1.00
2008.12.19 09:19:48.142,1.2316,1.2327,3.40,6.20
2008.12.19 09:19:48.602,1.2314,1.23255,1.00,1.00
2008.12.19 09:19:49.083,1.2316,1.23255,1.00,1.00
2008.12.19 09:19:49.362,1.2316,1.23265,1.00,1.00
2008.12.19 09:19:50.182,1.23175,1.23295,2.40,8.60
2008.12.19 09:19:50.461,1.23195,1.23295,2.40,5.60
2008.12.19 09:19:51.041,1.23195,1.2331,2.40,8.60
2008.12.19 09:19:53.620,1.23215,1.2332,2.40,8.60
2008.12.19 09:19:55.830,1.2323,1.23305,2.40,8.60
2008.12.19 09:19:56.380,1.2318,1.23295,3.20,9.20
2008.12.19 09:19:56.890,1.232,1.23285,1.00,1.00
2008.12.19 09:19:57.010,1.2321,1.233,2.40,5.60
2008.12.19 09:19:58.029,1.2317,1.2329,3.40,9.20
2008.12.19 09:19:58.420,1.23165,1.2328,1.00,1.00
2008.12.19 09:19:58.769,1.232,1.2333,2.40,8.60
2008.12.19 09:19:59.120,1.23225,1.23335,1.00,1.00
2008.12.19 09:19:59.879,1.2323,1.2333,2.40,8.60
2008.12.19 09:20:00.449,1.23225,1.2332,2.40,8.60
2008.12.19 09:20:01.299,1.23225,1.2332,2.40,2.80
2008.12.19 09:20:01.768,1.23225,1.23325,2.40,8.60
2008.12.19 09:20:04.448,1.23225,1.2332,2.40,8.60
2008.12.19 09:20:05.618,1.23225,1.23315,2.40,8.60
2008.12.19 09:20:06.217,1.23225,1.2332,2.40,8.60
2008.12.19 09:20:06.707,1.23215,1.23305,1.00,1.00
2008.12.19 09:20:07.057,1.23205,1.23305,1.00,1.00
2008.12.19 09:20:07.467,1.2321,1.23305,1.00,1.00
2008.12.19 09:20:08.567,1.23205,1.233,1.00,6.20
2008.12.19 09:20:08.967,1.23185,1.23275,1.60,5.60
2008.12.19 09:20:09.366,1.23185,1.23265,1.60,1.00
2008.12.19 09:20:10.046,1.2319,1.2324,1.60,1.00
2008.12.19 09:20:10.576,1.2319,1.23245,1.60,1.00
2008.12.19 09:20:11.186,1.2319,1.2323,1.60,8.60
2008.12.19 09:20:11.486,1.2319,1.23195,1.60,3.20
2008.12.19 09:20:11.876,1.2319,1.23195,1.60,3.20
2008.12.19 09:20:12.456,1.2319,1.232,1.60,1.00
2008.12.19 09:20:13.266,1.2319,1.2324,1.60,5.40
2008.12.19 09:20:13.736,1.2315,1.2326,1.60,8.60
2008.12.19 09:20:14.496,1.2315,1.2323,1.60,1.00
2008.12.19 09:20:15.195,1.2316,1.2321,1.60,1.60
2008.12.19 09:20:15.655,1.2316,1.2321,1.60,2.20
2008.12.19 09:20:16.125,1.2316,1.2321,1.60,2.80
2008.12.19 09:20:16.685,1.2316,1.232,1.60,1.00
2008.12.19 09:20:17.015,1.2316,1.23185,1.60,1.00
2008.12.19 09:20:20.224,1.2316,1.23195,1.60,1.00
2008.12.19 09:20:20.754,1.2316,1.2319,1.60,1.00
2008.12.19 09:20:21.114,1.2316,1.2318,1.60,1.00
2008.12.19 09:20:25.613,1.23055,1.23175,3.40,1.00
2008.12.19 09:20:26.332,1.23055,1.23175,3.20,9.20
2008.12.19 09:20:41.240,1.23075,1.23175,3.40,6.20
2008.12.19 09:20:41.689,1.23085,1.23175,2.40,5.60
2008.12.19 09:20:44.708,1.23145,1.23175,1.60,5.60
2008.12.19 09:20:45.048,1.23075,1.2318,2.40,8.60
2008.12.19 09:20:46.478,1.2309,1.23175,2.40,5.60
2008.12.19 09:20:49.067,1.23085,1.23175,2.40,5.60
2008.12.19 09:20:51.597,1.231,1.23195,2.40,8.60
2008.12.19 09:20:52.126,1.23145,1.23195,1.60,8.60
2008.12.19 09:21:05.114,1.2316,1.23195,1.60,8.60
2008.12.19 09:21:11.232,1.2316,1.23205,1.60,10.80
2008.12.19 09:21:27.299,1.2316,1.23195,1.60,1.60
2008.12.19 09:21:27.588,1.2316,1.23195,1.60,2.20
2008.12.19 09:21:35.686,1.2316,1.2318,1.60,5.60
2008.12.19 09:21:36.046,1.2316,1.23175,1.60,9.20
2008.12.19 09:21:38.446,1.2316,1.2317,1.60,3.60
2008.12.19 09:21:39.155,1.2316,1.2317,1.60,9.20
2008.12.19 09:21:39.495,1.2306,1.2317,1.60,9.20
2008.12.19 09:21:45.784,1.2308,1.2318,4.00,8.60
2008.12.19 09:21:46.643,1.2314,1.2318,1.60,8.60
2008.12.19 09:21:49.272,1.2316,1.232,1.60,2.20
2008.12.19 09:22:05.789,1.2316,1.23185,1.60,1.00
2008.12.19 09:22:06.449,1.23075,1.23185,4.00,9.20
2008.12.19 09:22:15.776,1.23145,1.23185,1.60,9.20
2008.12.19 09:22:19.076,1.23075,1.23185,4.00,9.20
2008.12.19 09:22:48.448,1.2309,1.23175,1.60,1.00
2008.12.19 09:22:57.836,1.23095,1.23175,1.60,1.00
2008.12.19 09:22:58.237,1.23105,1.23175,1.60,1.60
2008.12.19 09:23:01.945,1.2311,1.2317,1.60,1.60
2008.12.19 09:23:44.365,1.231,1.2317,1.60,1.60
2008.12.19 09:23:44.805,1.2311,1.2316,1.60,3.20
2008.12.19 09:23:45.844,1.231,1.23155,1.60,3.20
2008.12.19 09:23:58.981,1.23105,1.23155,1.60,3.20
2008.12.19 09:23:59.271,1.231,1.23155,3.20,3.20
2008.12.19 09:23:59.891,1.23105,1.2316,1.60,1.60
2008.12.19 09:24:01.371,1.23115,1.23155,1.60,2.60
2008.12.19 09:24:02.870,1.23115,1.2316,1.60,2.60
2008.12.19 09:24:03.400,1.23095,1.23155,4.80,3.20
2008.12.19 09:24:11.038,1.2311,1.23165,1.60,4.80
2008.12.19 09:24:11.328,1.2311,1.23165,1.60,3.20
2008.12.19 09:24:45.820,1.23125,1.23165,1.60,1.60
2008.12.19 09:24:49.249,1.2313,1.2317,1.60,2.60
2008.12.19 09:24:49.709,1.2312,1.2317,1.20,1.60
2008.12.19 09:24:50.289,1.2312,1.23175,1.20,1.60
2008.12.19 09:24:51.509,1.23115,1.23175,3.80,1.20
2008.12.19 09:24:51.978,1.23125,1.23195,1.60,3.20
2008.12.19 09:24:53.319,1.2312,1.2319,2.40,3.20
2008.12.19 09:24:54.398,1.23145,1.23225,1.00,1.20
2008.12.19 09:24:54.808,1.23135,1.23225,2.40,1.00
2008.12.19 09:24:55.148,1.2312,1.2323,2.20,3.20
2008.12.19 09:25:07.325,1.2314,1.2322,1.60,3.20
2008.12.19 09:25:07.785,1.2314,1.2322,2.40,3.20
2008.12.19 09:25:10.144,1.2314,1.23215,2.80,2.40
2008.12.19 09:25:10.874,1.2314,1.23215,1.60,2.40
2008.12.19 09:25:12.564,1.2313,1.23215,3.40,2.20
2008.12.19 09:25:14.273,1.2314,1.23215,1.00,2.20
2008.12.19 09:25:14.673,1.2314,1.23215,1.00,3.20
2008.12.19 09:25:15.253,1.2313,1.23215,3.40,2.20
2008.12.19 09:26:06.431,1.23105,1.2317,1.60,2.60
2008.12.19 09:26:08.420,1.2311,1.23165,1.60,3.80
2008.12.19 09:26:08.760,1.2311,1.23165,1.60,1.60
2008.12.19 09:26:09.180,1.2311,1.232,1.60,16.60
2008.12.19 09:26:09.680,1.2311,1.2318,1.60,1.00
2008.12.19 09:26:10.490,1.2311,1.2317,1.60,1.60
2008.12.19 09:26:11.759,1.2311,1.23165,1.60,1.00
2008.12.19 09:26:15.179,1.2311,1.2315,1.60,3.20
2008.12.19 09:26:15.849,1.2311,1.2315,1.60,2.60
2008.12.19 09:26:16.888,1.2311,1.23145,1.60,3.20
2008.12.19 09:26:22.467,1.2311,1.23145,1.60,2.20
2008.12.19 09:26:22.867,1.2311,1.2313,1.60,1.00
2008.12.19 09:26:25.556,1.23055,1.23125,1.60,1.00
2008.12.19 09:26:26.896,1.23095,1.23125,1.60,1.00
2008.12.19 09:26:31.765,1.23055,1.23125,1.60,1.00
2008.12.19 09:26:33.994,1.2307,1.2311,1.60,2.80
2008.12.19 09:26:35.074,1.2307,1.23095,1.60,1.00
2008.12.19 09:26:35.474,1.2301,1.23085,1.60,1.60
2008.12.19 09:26:35.933,1.2301,1.23095,4.00,1.60
2008.12.19 09:26:36.283,1.2302,1.2314,2.40,8.60
2008.12.19 09:26:36.794,1.2303,1.2313,1.00,1.00
2008.12.19 09:26:37.524,1.23025,1.2312,1.00,1.00
2008.12.19 09:26:43.392,1.23035,1.2312,1.00,1.00
2008.12.19 09:26:43.912,1.23045,1.23145,2.40,8.60
2008.12.19 09:26:45.771,1.23045,1.23125,1.60,2.60
2008.12.19 09:26:47.701,1.23045,1.23115,1.60,3.20
2008.12.19 09:27:14.624,1.23045,1.23105,1.60,1.00
2008.12.19 09:27:14.894,1.23045,1.23105,1.60,3.20
2008.12.19 09:27:40.638,1.23045,1.23095,1.60,2.60
2008.12.19 09:27:41.677,1.23045,1.23095,1.60,3.80
2008.12.19 09:27:42.597,1.23045,1.23095,1.60,2.20
2008.12.19 09:27:43.657,1.23045,1.23095,1.60,1.60
2008.12.19 09:27:44.697,1.23055,1.23105,1.60,3.20
2008.12.19 09:27:45.207,1.23045,1.231,1.60,1.60
2008.12.19 09:27:46.876,1.2302,1.23105,1.60,2.20
2008.12.19 09:27:47.286,1.23015,1.231,1.60,1.00
2008.12.19 09:27:48.736,1.2302,1.23105,1.60,2.80
2008.12.19 09:27:50.575,1.2302,1.23105,1.60,3.80
2008.12.19 09:27:51.085,1.2302,1.2311,1.60,1.00
2008.12.19 09:27:51.625,1.23035,1.2312,2.40,3.20
2008.12.19 09:27:51.856,1.23055,1.2312,2.40,3.20
2008.12.19 09:27:52.265,1.23115,1.2312,2.40,3.20
2008.12.19 09:27:53.175,1.23135,1.2314,2.40,11.20
2008.12.19 09:27:53.625,1.2317,1.23175,4.80,7.50
2008.12.19 09:27:54.305,1.2306,1.2312,1.00,3.20
2008.12.19 09:27:54.714,1.2316,1.2318,4.80,7.50
2008.12.19 09:27:55.224,1.2316,1.23205,4.80,13.60
2008.12.19 09:27:55.734,1.2316,1.23205,4.80,8.00
2008.12.19 09:27:59.413,1.23075,1.2319,1.00,8.00
2008.12.19 09:28:02.073,1.231,1.2319,1.00,8.00
2008.12.19 09:28:04.402,1.231,1.23175,1.00,3.80
2008.12.19 09:28:05.382,1.23065,1.2317,1.60,2.60
2008.12.19 09:28:05.662,1.23065,1.23135,1.60,3.20
2008.12.19 09:28:07.192,1.23035,1.2312,1.00,3.20
2008.12.19 09:28:07.652,1.23045,1.2312,1.00,3.20
2008.12.19 09:28:09.271,1.23065,1.2312,1.00,3.20
2008.12.19 09:28:09.721,1.23075,1.2312,1.00,3.20
2008.12.19 09:28:10.241,1.2308,1.2312,3.40,3.20
2008.12.19 09:28:10.961,1.23135,1.23185,2.40,1.60
2008.12.19 09:28:11.601,1.23115,1.23185,2.90,1.60
2008.12.19 09:28:12.180,1.2313,1.2317,2.50,1.60
2008.12.19 09:28:12.600,1.2323,1.23265,2.40,11.80
2008.12.19 09:28:13.290,1.23245,1.23295,2.40,8.60
2008.12.19 09:28:13.760,1.2318,1.2323,2.90,1.60
2008.12.19 09:28:14.090,1.23245,1.23305,2.40,5.60
2008.12.19 09:28:14.500,1.23245,1.2329,2.40,8.60
2008.12.19 09:28:14.840,1.23245,1.2329,2.40,5.60
2008.12.19 09:28:15.409,1.23245,1.23295,2.40,8.60
2008.12.19 09:28:16.229,1.23245,1.233,2.40,8.60
2008.12.19 09:28:18.629,1.23245,1.2328,2.40,11.20
2008.12.19 09:28:19.299,1.2313,1.2321,2.40,9.60
2008.12.19 09:28:20.079,1.2316,1.2319,2.40,9.60
2008.12.19 09:28:20.638,1.2314,1.2319,1.00,9.60
2008.12.19 09:28:21.168,1.23145,1.2319,1.00,9.60
2008.12.19 09:28:21.448,1.23155,1.2319,1.00,9.60
2008.12.19 09:28:21.908,1.23165,1.2319,1.00,9.60
2008.12.19 09:28:22.438,1.2321,1.23215,4.80,1.60
2008.12.19 09:28:23.308,1.23245,1.23375,2.40,8.60
2008.12.19 09:28:23.647,1.2329,1.23405,2.40,8.60
2008.12.19 09:28:24.058,1.2329,1.234,2.40,5.60
2008.12.19 09:28:24.627,1.23265,1.2334,2.40,8.60
2008.12.19 09:28:25.087,1.23175,1.23315,2.40,8.60
2008.12.19 09:28:25.487,1.23245,1.23315,2.40,8.00
2008.12.19 09:28:26.647,1.2329,1.233,2.40,8.00
2008.12.19 09:28:27.666,1.233,1.2335,2.40,12.00
2008.12.19 09:28:28.296,1.23235,1.233,1.00,8.00
2008.12.19 09:28:28.916,1.2323,1.233,2.40,8.00
2008.12.19 09:28:32.485,1.23235,1.233,2.40,8.00
2008.12.19 09:28:36.334,1.2319,1.2329,1.00,1.00
2008.12.19 09:28:36.885,1.23225,1.233,1.00,10.40
2008.12.19 09:28:37.444,1.23225,1.233,1.00,8.00
2008.12.19 09:28:38.734,1.23255,1.233,3.40,8.00
2008.12.19 09:28:40.993,1.23265,1.233,1.00,8.00
2008.12.19 09:28:41.103,1.2324,1.233,1.60,8.00
2008.12.19 09:28:42.923,1.23255,1.233,1.00,8.00
2008.12.19 09:28:43.163,1.23265,1.233,1.00,8.00
2008.12.19 09:28:43.603,1.2327,1.233,1.00,8.00
2008.12.19 09:28:44.232,1.23265,1.233,1.00,8.00
2008.12.19 09:28:45.872,1.2327,1.233,1.00,8.00
2008.12.19 09:28:46.322,1.23265,1.233,1.00,8.00
2008.12.19 09:28:46.902,1.2326,1.233,1.00,8.00
2008.12.19 09:28:47.252,1.2325,1.233,1.00,8.00
2008.12.19 09:28:51.251,1.2321,1.2329,16.00,1.00
2008.12.19 09:28:53.160,1.2322,1.233,16.60,10.40
2008.12.19 09:28:53.580,1.2323,1.233,2.40,8.00
2008.12.19 09:28:54.090,1.23225,1.233,1.00,8.00
2008.12.19 09:28:54.610,1.23225,1.233,1.00,8.00
2008.12.19 09:28:55.120,1.2322,1.2329,16.00,1.00
2008.12.19 09:28:59.959,1.2322,1.23285,16.00,1.00
2008.12.19 09:29:00.349,1.2322,1.2328,16.00,1.00
2008.12.19 09:29:19.354,1.2322,1.2328,16.00,6.20
2008.12.19 09:29:19.694,1.2322,1.2327,16.00,1.00
2008.12.19 09:29:19.805,1.2322,1.2327,16.00,1.60
2008.12.19 09:29:21.154,1.2322,1.23255,16.00,1.00
2008.12.19 09:29:24.083,1.2322,1.23245,16.00,1.00
2008.12.19 09:29:24.253,1.23135,1.23225,1.00,1.60
2008.12.19 09:29:24.663,1.23135,1.2325,1.00,1.00
2008.12.19 09:29:25.222,1.2314,1.2325,1.00,1.00
2008.12.19 09:29:25.442,1.23155,1.2326,1.00,1.00
2008.12.19 09:29:25.912,1.2315,1.2324,1.20,1.00
2008.12.19 09:29:26.254,1.2315,1.2325,3.40,1.00
2008.12.19 09:29:26.372,1.23155,1.2325,1.00,1.00
2008.12.19 09:29:27.072,1.2316,1.23255,1.00,2.80
2008.12.19 09:29:27.482,1.2316,1.2325,1.00,1.00
2008.12.19 09:29:27.952,1.2316,1.23255,1.00,2.80
2008.12.19 09:29:28.182,1.23155,1.2325,2.40,1.00
2008.12.19 09:29:28.422,1.2316,1.23255,1.00,2.80
2008.12.19 09:29:36.180,1.2317,1.2325,2.40,1.60
2008.12.19 09:29:36.400,1.2317,1.2325,3.40,1.60
2008.12.19 09:29:37.850,1.23175,1.2325,1.60,1.60
2008.12.19 09:29:38.480,1.2319,1.2325,1.60,1.60
2008.12.19 09:29:41.539,1.23195,1.23225,1.60,1.60
2008.12.19 09:29:42.009,1.2315,1.23225,8.00,1.60
2008.12.19 09:29:42.169,1.2315,1.23255,6.40,1.60
2008.12.19 09:29:43.038,1.2316,1.2324,11.60,1.60
2008.12.19 09:29:43.648,1.23165,1.2324,1.60,1.60
2008.12.19 09:29:44.168,1.2316,1.2324,7.00,1.60
2008.12.19 09:29:44.638,1.23165,1.2324,1.60,1.60
2008.12.19 09:29:44.748,1.2316,1.2324,7.80,1.60
2008.12.19 09:29:44.868,1.23165,1.2324,1.60,1.60
2008.12.19 09:29:47.028,1.2317,1.2324,3.40,1.60
2008.12.19 09:29:47.438,1.2318,1.2324,2.40,1.60
2008.12.19 09:29:48.067,1.23175,1.2324,1.00,1.60
2008.12.19 09:29:48.537,1.23175,1.2324,1.00,1.60
2008.12.19 09:29:49.037,1.23155,1.2324,7.20,1.60
2008.12.19 09:29:50.826,1.2317,1.2324,1.00,1.60
2008.12.19 09:29:58.415,1.23165,1.23235,1.60,1.00
2008.12.19 09:29:58.755,1.23165,1.23235,1.00,2.20
2008.12.19 09:29:58.994,1.23175,1.23235,1.60,2.20
2008.12.19 09:30:01.294,1.2318,1.23235,1.60,1.60
2008.12.19 09:30:01.714,1.2318,1.23235,1.60,2.20
2008.12.19 09:30:15.850,1.2316,1.23225,1.00,1.60
2008.12.19 09:30:16.080,1.23155,1.23225,9.60,1.60
2008.12.19 09:30:16.811,1.23155,1.2321,8.00,1.00
2008.12.19 09:30:16.980,1.2316,1.23215,8.00,1.00
2008.12.19 09:30:17.570,1.2316,1.23205,8.00,1.00
2008.12.19 09:30:17.920,1.2316,1.23205,8.00,1.00
2008.12.19 09:30:18.320,1.2316,1.23205,8.00,9.20
2008.12.19 09:30:18.700,1.2316,1.23195,8.00,1.00
2008.12.19 09:30:19.270,1.2316,1.232,8.00,1.00
2008.12.19 09:30:21.609,1.2316,1.23205,8.00,1.00
2008.12.19 09:30:22.229,1.2316,1.23205,8.00,6.20
2008.12.19 09:30:23.319,1.2316,1.232,8.00,2.80
2008.12.19 09:30:23.899,1.2316,1.232,8.00,8.60
2008.12.19 09:30:29.537,1.2316,1.23205,8.00,2.80
2008.12.19 09:30:29.947,1.2316,1.23205,8.00,9.20
2008.12.19 09:30:46.443,1.2316,1.23195,8.00,1.00
2008.12.19 09:30:47.123,1.2316,1.232,8.00,1.00
2008.12.19 09:30:47.703,1.2316,1.23195,8.00,1.00
2008.12.19 09:30:48.233,1.2316,1.23205,8.00,9.20
2008.12.19 09:30:48.922,1.2316,1.23205,8.00,5.60
2008.12.19 09:30:49.272,1.2316,1.23225,8.00,8.60
2008.12.19 09:30:49.392,1.2316,1.23245,10.40,17.60
2008.12.19 09:30:49.804,1.2316,1.23245,10.40,23.20
2008.12.19 09:30:49.922,1.2316,1.23245,8.00,17.60
2008.12.19 09:30:52.721,1.2316,1.2324,10.40,17.60
2008.12.19 09:30:54.991,1.2317,1.2324,1.00,17.60
2008.12.19 09:30:55.161,1.23165,1.2324,1.00,17.60
2008.12.19 09:30:55.571,1.2317,1.2324,2.40,17.60
2008.12.19 09:30:56.071,1.2318,1.2324,1.00,17.60
2008.12.19 09:30:56.481,1.23225,1.2324,1.00,17.60
2008.12.19 09:30:56.940,1.2324,1.2335,1.00,1.00
2008.12.19 09:30:57.550,1.23245,1.2336,3.20,1.60
2008.12.19 09:30:58.000,1.23255,1.2334,2.40,1.60
2008.12.19 09:30:58.340,1.23245,1.23335,2.80,5.60
2008.12.19 09:30:58.800,1.2324,1.23325,1.00,1.00
2008.12.19 09:30:59.090,1.2324,1.23335,1.00,1.00
2008.12.19 09:30:59.490,1.23245,1.2334,2.40,10.20
2008.12.19 09:31:00.400,1.23235,1.23335,3.40,1.00
2008.12.19 09:31:00.800,1.23235,1.2333,1.00,1.00
2008.12.19 09:31:01.189,1.23235,1.23335,3.40,5.60
2008.12.19 09:31:01.529,1.23245,1.2334,2.40,1.60
2008.12.19 09:31:02.169,1.23255,1.2334,2.40,1.60
2008.12.19 09:31:02.449,1.23245,1.2334,3.40,1.60
2008.12.19 09:31:02.909,1.2326,1.2334,1.00,1.60
2008.12.19 09:31:03.269,1.23265,1.2334,2.40,1.60
2008.12.19 09:31:03.729,1.23295,1.2334,1.00,1.60
2008.12.19 09:31:04.119,1.233,1.2334,2.40,1.60
2008.12.19 09:31:04.499,1.233,1.2334,3.40,1.60
2008.12.19 09:31:05.019,1.233,1.2334,1.00,1.60
2008.12.19 09:31:05.479,1.23275,1.2334,1.00,1.60
2008.12.19 09:31:08.288,1.2331,1.2336,1.00,1.60
2008.12.19 09:31:08.458,1.2333,1.2336,1.00,1.60
2008.12.19 09:31:08.928,1.2331,1.23435,1.00,1.00
2008.12.19 09:31:09.277,1.2334,1.2346,2.40,18.20
2008.12.19 09:31:09.857,1.2334,1.23435,2.40,8.60
2008.12.19 09:31:10.377,1.2327,1.2336,4.80,1.60
2008.12.19 09:31:10.717,1.23225,1.23335,1.60,2.40
2008.12.19 09:31:11.177,1.23225,1.2332,1.60,1.00
2008.12.19 09:31:11.917,1.2324,1.23295,1.60,1.00
2008.12.19 09:31:12.197,1.2324,1.2329,1.60,1.00
2008.12.19 09:31:14.976,1.2324,1.23295,1.60,1.00
2008.12.19 09:31:15.326,1.2324,1.2332,1.60,1.00
2008.12.19 09:31:16.116,1.2324,1.23315,2.20,1.00
2008.12.19 09:31:16.806,1.2325,1.233,2.40,2.40
2008.12.19 09:31:17.266,1.23235,1.23285,1.60,1.00
2008.12.19 09:31:17.486,1.23235,1.23295,1.60,2.20
2008.12.19 09:31:17.776,1.23235,1.23285,1.60,1.00
2008.12.19 09:31:18.225,1.2324,1.23265,1.60,1.00
2008.12.19 09:31:18.635,1.2324,1.2328,1.60,1.00
2008.12.19 09:31:18.865,1.2324,1.23285,1.60,1.00
2008.12.19 09:31:19.785,1.2324,1.23275,1.60,1.00
2008.12.19 09:31:20.585,1.2324,1.23275,1.60,6.20
2008.12.19 09:31:54.367,1.2324,1.23275,1.60,5.60
2008.12.19 09:31:54.756,1.2324,1.2327,1.60,8.60
2008.12.19 09:32:00.935,1.2324,1.2326,1.60,5.60
2008.12.19 09:32:01.285,1.2324,1.2326,1.60,8.60
2008.12.19 09:32:03.105,1.2324,1.23255,1.60,5.60
2008.12.19 09:32:03.744,1.2324,1.2326,1.60,8.60
2008.12.19 09:32:05.094,1.2324,1.2326,1.60,2.80
2008.12.19 09:32:05.624,1.2324,1.2328,1.60,3.60
2008.12.19 09:32:05.964,1.2324,1.23285,1.60,1.00
2008.12.19 09:32:06.144,1.2324,1.2332,1.60,28.80
2008.12.19 09:32:06.594,1.2324,1.2332,1.60,24.00
2008.12.19 09:32:07.413,1.23245,1.2331,3.40,24.00
2008.12.19 09:32:07.983,1.23245,1.2331,2.80,24.00
2008.12.19 09:32:08.273,1.23255,1.2331,2.40,24.00
2008.12.19 09:32:10.983,1.23235,1.233,1.60,1.00
2008.12.19 09:32:11.752,1.23235,1.23285,1.60,9.20
2008.12.19 09:32:12.092,1.2324,1.23275,1.60,1.00
2008.12.19 09:32:12.442,1.2324,1.23265,1.60,1.00
2008.12.19 09:32:13.322,1.2324,1.2332,1.60,8.60
2008.12.19 09:32:13.742,1.2324,1.2332,1.60,2.80
2008.12.19 09:32:14.132,1.2324,1.23325,1.60,24.00
2008.12.19 09:32:14.542,1.23245,1.2331,2.40,24.00
2008.12.19 09:32:21.170,1.23255,1.2331,2.40,24.00
2008.12.19 09:32:21.640,1.2325,1.2331,1.00,24.00
2008.12.19 09:32:22.000,1.2326,1.2331,2.40,24.00
2008.12.19 09:32:23.030,1.2326,1.2331,1.00,24.00
2008.12.19 09:32:24.120,1.23265,1.2331,1.00,24.00
2008.12.19 09:32:24.639,1.23265,1.2331,3.40,24.00
2008.12.19 09:32:24.989,1.23265,1.2331,1.00,24.00
2008.12.19 09:32:25.459,1.2323,1.2331,2.40,24.00
2008.12.19 09:32:26.079,1.23255,1.2331,1.00,24.00
2008.12.19 09:32:26.409,1.23255,1.2331,1.00,24.00
2008.12.19 09:32:26.589,1.2324,1.2331,1.00,24.00
2008.12.19 09:32:26.929,1.2324,1.2331,1.00,24.00
2008.12.19 09:32:27.099,1.2324,1.2331,2.40,24.00
2008.12.19 09:32:27.459,1.23245,1.2331,2.40,24.00
2008.12.19 09:32:27.889,1.2324,1.2331,1.60,24.00
2008.12.19 09:32:28.299,1.23245,1.2331,2.40,24.00
2008.12.19 09:32:28.529,1.2324,1.2331,1.60,24.00
2008.12.19 09:32:30.128,1.2325,1.2331,1.00,24.00
2008.12.19 09:32:30.578,1.2325,1.2331,1.00,24.00
2008.12.19 09:32:31.028,1.2324,1.2331,1.60,24.60
2008.12.19 09:32:36.257,1.2324,1.2329,1.60,5.60
2008.12.19 09:32:36.607,1.2324,1.23255,1.60,1.00
2008.12.19 09:32:36.996,1.2316,1.2322,4.80,6.20
2008.12.19 09:32:37.497,1.2316,1.2322,4.80,5.60
2008.12.19 09:32:38.136,1.2316,1.2324,4.80,9.20
2008.12.19 09:32:38.946,1.2316,1.23235,4.80,5.60
2008.12.19 09:32:39.296,1.2314,1.23225,6.40,5.60
2008.12.19 09:32:40.036,1.2314,1.23235,6.40,9.20
2008.12.19 09:32:40.386,1.2316,1.23235,6.40,8.60
2008.12.19 09:32:40.906,1.2316,1.2324,6.40,8.60
2008.12.19 09:32:41.186,1.2316,1.2324,6.40,5.60
2008.12.19 09:32:41.715,1.2316,1.2325,6.40,8.60
2008.12.19 09:32:42.975,1.2316,1.2326,8.80,8.60
2008.12.19 09:32:43.435,1.2317,1.2327,2.40,8.60
2008.12.19 09:32:43.785,1.2318,1.23275,2.40,8.60
2008.12.19 09:32:44.585,1.2317,1.2327,2.40,8.60
2008.12.19 09:32:44.864,1.2318,1.23275,2.40,8.60
2008.12.19 09:32:45.334,1.23155,1.2326,6.40,1.00
2008.12.19 09:32:45.824,1.23155,1.2322,6.40,1.00
2008.12.19 09:32:46.164,1.2322,1.2323,1.60,6.20
2008.12.19 09:32:46.514,1.231,1.2323,1.00,1.00
2008.12.19 09:32:46.734,1.2322,1.23235,1.60,1.00
2008.12.19 09:32:47.144,1.2313,1.23245,2.40,5.60
2008.12.19 09:32:47.384,1.2315,1.23275,2.40,8.60
2008.12.19 09:32:48.184,1.2316,1.23285,2.40,8.60
2008.12.19 09:32:48.524,1.2318,1.23255,2.40,8.60
2008.12.19 09:32:49.004,1.2314,1.23225,1.00,1.00
2008.12.19 09:32:49.403,1.2314,1.23255,2.40,8.60
2008.12.19 09:32:50.093,1.2315,1.2327,2.40,8.60
2008.12.19 09:32:50.663,1.2315,1.2325,3.40,9.20
2008.12.19 09:32:51.023,1.23165,1.23275,2.40,8.60
2008.12.19 09:32:51.713,1.23165,1.2327,2.40,8.60
2008.12.19 09:32:51.893,1.23165,1.23275,2.40,9.20
2008.12.19 09:32:52.063,1.2317,1.2327,2.40,8.60
2008.12.19 09:32:52.863,1.2317,1.23265,2.40,8.60
2008.12.19 09:32:54.042,1.2315,1.2325,1.00,5.60
2008.12.19 09:32:54.332,1.23145,1.2325,2.40,5.60
2008.12.19 09:32:54.553,1.23135,1.23245,3.40,1.00
2008.12.19 09:32:55.072,1.2322,1.2323,1.60,8.60
2008.12.19 09:32:55.422,1.2309,1.23215,3.30,6.20
2008.12.19 09:32:55.832,1.2322,1.23245,1.60,11.00
2008.12.19 09:32:56.282,1.23085,1.23205,1.00,1.00
2008.12.19 09:32:56.792,1.2307,1.2319,2.40,8.60
2008.12.19 09:32:57.192,1.231,1.2323,2.40,8.60
2008.12.19 09:32:59.011,1.23085,1.23155,4.80,5.60
2008.12.19 09:32:59.291,1.23085,1.23155,4.80,8.60
2008.12.19 09:32:59.641,1.2305,1.23155,1.60,8.60
2008.12.19 09:33:00.211,1.2305,1.23125,1.60,9.20
2008.12.19 09:33:00.901,1.2306,1.2313,1.60,8.60
2008.12.19 09:33:01.190,1.2306,1.2313,1.60,9.20
2008.12.19 09:33:01.600,1.2306,1.23125,1.60,1.00
2008.12.19 09:33:02.060,1.2306,1.23115,1.60,3.60
2008.12.19 09:33:02.750,1.2306,1.2309,1.60,8.60
2008.12.19 09:33:03.211,1.2294,1.23065,2.40,1.00
2008.12.19 09:33:03.610,1.2304,1.23065,1.60,3.20
2008.12.19 09:33:04.010,1.2294,1.2307,1.60,4.80
2008.12.19 09:33:04.690,1.2294,1.23035,1.60,1.00
2008.12.19 09:33:05.739,1.2296,1.2305,1.60,1.00
2008.12.19 09:33:28.014,1.2296,1.23055,1.60,1.00
2008.12.19 09:33:28.314,1.2296,1.2304,1.60,1.00
2008.12.19 09:33:28.724,1.2296,1.2305,1.60,2.80
2008.12.19 09:33:29.174,1.2296,1.2305,1.60,8.60
2008.12.19 09:33:29.884,1.2296,1.23045,1.60,9.20
2008.12.19 09:33:30.293,1.2296,1.23055,1.60,9.20
2008.12.19 09:33:33.203,1.2296,1.23055,1.60,3.60
2008.12.19 09:33:33.893,1.2296,1.2306,4.40,8.60
2008.12.19 09:33:34.403,1.2296,1.2306,5.00,8.60
2008.12.19 09:33:34.853,1.22975,1.2308,2.40,2.80
2008.12.19 09:33:35.562,1.2298,1.23085,3.20,8.60
2008.12.19 09:33:36.412,1.2298,1.2308,3.40,9.20
2008.12.19 09:33:37.282,1.23005,1.23105,2.40,8.60
2008.12.19 09:33:38.082,1.2302,1.23115,1.00,3.60
2008.12.19 09:33:38.482,1.23035,1.23145,3.20,9.20
2008.12.19 09:33:41.311,1.2301,1.2312,4.00,9.20
2008.12.19 09:33:42.121,1.2301,1.2312,1.60,9.20
2008.12.19 09:33:42.861,1.23015,1.2311,1.60,6.20
2008.12.19 09:33:43.260,1.23025,1.23115,1.00,7.40
2008.12.19 09:33:43.650,1.23025,1.23105,1.00,1.00
2008.12.19 09:33:44.110,1.2302,1.23105,1.00,1.00
2008.12.19 09:33:44.580,1.23025,1.23105,1.00,1.20
2008.12.19 09:33:44.870,1.2305,1.23105,1.60,1.20
2008.12.19 09:33:46.280,1.2306,1.23105,1.60,1.00
2008.12.19 09:33:50.668,1.2306,1.231,1.60,5.60
2008.12.19 09:33:50.848,1.2306,1.231,1.60,8.60
2008.12.19 09:33:51.239,1.2306,1.23095,1.60,5.60
2008.12.19 09:33:51.638,1.2306,1.23095,1.60,8.60
2008.12.19 09:33:52.278,1.2306,1.2309,1.60,8.60
2008.12.19 09:33:52.738,1.2306,1.2309,1.60,7.00
2008.12.19 09:33:53.128,1.2306,1.2308,1.60,8.60
2008.12.19 09:33:53.688,1.2292,1.23105,10.40,1.00
2008.12.19 09:33:54.148,1.2292,1.23045,8.00,1.00
2008.12.19 09:33:58.677,1.2294,1.2303,8.00,3.60
2008.12.19 09:33:59.147,1.2294,1.2303,8.00,8.60
2008.12.19 09:34:00.287,1.2294,1.2302,8.00,2.80
2008.12.19 09:34:00.646,1.2294,1.2302,8.00,8.60
2008.12.19 09:34:01.126,1.2294,1.23025,8.00,8.60
2008.12.19 09:34:09.314,1.2294,1.2301,8.00,2.80
2008.12.19 09:34:10.184,1.2294,1.2301,8.00,8.60
2008.12.19 09:34:11.264,1.2294,1.2299,8.00,8.60
2008.12.19 09:34:17.932,1.2294,1.22975,8.00,8.60
2008.12.19 09:34:23.681,1.2294,1.22975,8.00,9.20
2008.12.19 09:34:24.131,1.2294,1.22975,8.00,5.60
2008.12.19 09:34:24.650,1.2294,1.2298,8.00,8.60
2008.12.19 09:34:33.888,1.2294,1.2298,8.00,2.80
2008.12.19 09:34:34.128,1.2294,1.22985,8.00,8.60
2008.12.19 09:34:38.667,1.2294,1.22975,8.00,2.80
2008.12.19 09:34:39.297,1.229,1.22975,8.00,12.00
2008.12.19 09:34:39.707,1.229,1.22965,8.00,1.20
2008.12.19 09:34:41.336,1.2291,1.22955,8.00,1.00
2008.12.19 09:34:45.336,1.2291,1.22945,8.00,1.00
2008.12.19 09:34:48.315,1.2291,1.22955,1.60,1.00
2008.12.19 09:34:48.724,1.2292,1.22955,1.00,1.00
2008.12.19 09:34:49.055,1.2292,1.2299,1.00,6.40
2008.12.19 09:34:49.284,1.2292,1.2296,1.00,11.00
2008.12.19 09:34:49.914,1.2292,1.2299,1.00,6.40
2008.12.19 09:34:50.254,1.2292,1.2296,1.00,5.60
2008.12.19 09:34:50.604,1.2292,1.2297,1.00,1.00
2008.12.19 09:34:51.114,1.2292,1.2299,1.00,6.40
2008.12.19 09:35:05.251,1.2288,1.22935,2.40,1.20
2008.12.19 09:35:05.720,1.2288,1.22935,1.60,2.60
2008.12.19 09:35:06.540,1.229,1.22945,1.00,1.20
2008.12.19 09:35:07.520,1.229,1.2293,1.00,1.00
2008.12.19 09:35:08.670,1.229,1.2297,1.00,1.60
2008.12.19 09:35:12.479,1.229,1.22935,1.00,8.60
2008.12.19 09:35:12.879,1.229,1.2293,1.00,8.60
2008.12.19 09:35:13.459,1.229,1.22915,1.00,8.60
2008.12.19 09:35:16.758,1.22815,1.229,6.40,8.60
2008.12.19 09:35:17.148,1.2273,1.22855,1.00,1.60
2008.12.19 09:35:18.298,1.22755,1.2284,1.00,1.60
2008.12.19 09:35:18.947,1.22755,1.2286,1.00,1.00
2008.12.19 09:35:20.687,1.2278,1.2286,1.00,1.20
2008.12.19 09:35:20.857,1.2278,1.22895,1.00,2.20
2008.12.19 09:35:21.377,1.2278,1.22895,1.00,1.60
2008.12.19 09:35:21.547,1.2277,1.229,1.00,9.60
2008.12.19 09:35:21.647,1.22785,1.229,1.00,9.60
2008.12.19 09:35:22.377,1.22785,1.2289,1.00,9.60
2008.12.19 09:35:22.786,1.2279,1.2289,1.00,9.60
2008.12.19 09:35:23.556,1.228,1.2289,1.00,9.60
2008.12.19 09:35:29.055,1.2278,1.2283,2.40,1.20
2008.12.19 09:35:29.395,1.2278,1.2283,2.80,1.60
2008.12.19 09:35:29.635,1.22775,1.2287,1.00,1.60
2008.12.19 09:35:31.124,1.22785,1.2285,1.00,1.60
2008.12.19 09:35:37.003,1.22785,1.2285,1.00,1.60
2008.12.19 09:35:37.563,1.2278,1.2285,1.00,1.60
2008.12.19 09:35:39.242,1.22795,1.2285,1.00,1.60
2008.12.19 09:35:39.752,1.22805,1.2285,1.20,1.60
2008.12.19 09:35:41.612,1.22815,1.2285,1.60,1.60
2008.12.19 09:35:48.360,1.22805,1.2285,1.60,1.60
2008.12.19 09:35:52.949,1.22815,1.2285,1.60,1.60
2008.12.19 09:35:53.459,1.22815,1.2285,3.20,1.60
2008.12.19 09:35:54.649,1.22835,1.22905,1.60,19.20
2008.12.19 09:35:54.989,1.22805,1.22905,3.20,19.20
2008.12.19 09:36:16.063,1.22815,1.2289,3.20,20.80
2008.12.19 09:36:16.343,1.22815,1.2289,3.20,21.80
2008.12.19 09:36:18.003,1.22815,1.2287,1.60,2.60
2008.12.19 09:36:18.403,1.22815,1.22865,1.60,1.00
2008.12.19 09:36:22.772,1.22815,1.2286,3.20,1.00
2008.12.19 09:36:23.112,1.22815,1.229,3.20,20.80
2008.12.19 09:36:24.962,1.2278,1.22845,8.00,1.20
2008.12.19 09:36:25.291,1.2278,1.22845,8.00,2.60
2008.12.19 09:36:26.292,1.2279,1.22825,8.00,1.60
2008.12.19 09:36:26.881,1.2279,1.22825,8.00,2.20
2008.12.19 09:36:33.389,1.2279,1.22815,8.00,1.00
2008.12.19 09:36:33.909,1.2279,1.22815,8.00,2.20
2008.12.19 09:36:34.589,1.2279,1.22805,8.00,2.20
2008.12.19 09:36:34.989,1.22725,1.22805,1.60,2.20
2008.12.19 09:36:36.859,1.2274,1.22795,1.60,3.20
2008.12.19 09:36:37.148,1.2274,1.22795,1.60,2.20
2008.12.19 09:36:39.008,1.2274,1.22805,1.60,3.80
2008.12.19 09:36:39.358,1.2274,1.22805,1.60,2.20
2008.12.19 09:36:41.327,1.2274,1.22805,1.60,3.20
2008.12.19 09:36:41.557,1.2274,1.22805,1.60,2.20
2008.12.19 09:36:50.965,1.2274,1.22815,1.60,3.80
2008.12.19 09:36:51.085,1.2274,1.22815,1.60,2.20
2008.12.19 09:36:53.414,1.2274,1.228,1.60,1.60
2008.12.19 09:36:53.634,1.2274,1.2282,1.60,2.20
2008.12.19 09:36:53.864,1.22715,1.2282,1.00,2.20
2008.12.19 09:37:00.763,1.2272,1.22815,1.00,3.20
2008.12.19 09:37:01.283,1.22725,1.22825,1.00,10.80
2008.12.19 09:37:15.520,1.22725,1.2283,1.00,8.60
2008.12.19 09:37:21.768,1.22725,1.22825,1.00,2.40
2008.12.19 09:37:22.218,1.22715,1.2282,2.40,8.60
2008.12.19 09:37:22.398,1.22715,1.2281,2.40,1.20
2008.12.19 09:37:23.828,1.22715,1.22805,2.40,1.00
2008.12.19 09:37:32.285,1.22725,1.22805,1.00,1.00
2008.12.19 09:37:34.155,1.2273,1.22805,2.40,1.00
2008.12.19 09:37:34.375,1.2274,1.22805,1.60,1.00
2008.12.19 09:37:36.164,1.2274,1.22795,1.60,1.60
2008.12.19 09:37:36.344,1.22745,1.2282,1.60,2.20
2008.12.19 09:37:36.574,1.22745,1.2282,1.60,1.60
2008.12.19 09:37:36.744,1.22745,1.2284,1.60,1.60
2008.12.19 09:37:37.304,1.22755,1.2284,1.00,1.60
2008.12.19 09:37:47.282,1.2274,1.22835,1.60,1.60
2008.12.19 09:37:54.720,1.22755,1.22835,1.00,1.60
2008.12.19 09:37:56.609,1.2276,1.22835,1.00,6.20
2008.12.19 09:37:57.069,1.2276,1.22825,1.00,1.00
2008.12.19 09:38:00.429,1.2274,1.22825,1.60,1.00
2008.12.19 09:38:01.738,1.22745,1.22825,1.60,1.60
2008.12.19 09:38:01.968,1.22735,1.22825,2.20,2.20
2008.12.19 09:38:02.198,1.22735,1.22825,2.40,2.20
2008.12.19 09:38:03.578,1.2273,1.228,1.60,1.60
2008.12.19 09:38:43.728,1.22735,1.22785,1.60,1.20
2008.12.19 09:38:44.068,1.22735,1.22825,1.60,1.60
2008.12.19 09:38:45.897,1.22735,1.22815,1.60,2.20
2008.12.19 09:38:52.826,1.2274,1.228,1.60,1.60
2008.12.19 09:39:56.980,1.22745,1.22795,1.60,1.20
2008.12.19 09:39:57.331,1.22745,1.2282,1.60,1.60
2008.12.19 09:40:18.385,1.2274,1.228,1.60,1.60
2008.12.19 09:40:26.973,1.2274,1.22795,1.60,1.20
2008.12.19 09:40:27.423,1.22735,1.2282,1.60,2.20
2008.12.19 09:41:17.551,1.22735,1.22815,1.60,3.20
2008.12.19 09:41:29.568,1.22725,1.22785,2.40,1.00
2008.12.19 09:41:38.856,1.22725,1.2277,1.60,1.00
2008.12.19 09:41:39.305,1.2272,1.2277,1.60,1.00
2008.12.19 09:41:39.636,1.2272,1.2276,1.60,1.00
2008.12.19 09:41:48.353,1.22715,1.22745,1.60,1.60
2008.12.19 09:41:48.863,1.22715,1.2277,1.60,1.00
2008.12.19 09:42:05.809,1.22715,1.2276,2.40,1.00
2008.12.19 09:42:07.389,1.2272,1.2276,1.00,1.00
2008.12.19 09:42:07.679,1.22715,1.2276,2.40,1.00
2008.12.19 09:42:11.838,1.2272,1.2276,1.00,1.00
2008.12.19 09:42:12.298,1.22725,1.2276,1.00,1.00
2008.12.19 09:42:26.054,1.22715,1.2276,2.40,1.00
2008.12.19 09:42:27.244,1.22725,1.2276,1.00,1.00
2008.12.19 09:42:29.943,1.2272,1.2276,1.00,1.00
2008.12.19 09:42:41.190,1.22715,1.2276,2.40,1.00
2008.12.19 09:43:20.091,1.22725,1.2276,1.00,1.00
2008.12.19 09:43:40.236,1.22725,1.2276,1.00,1.00
2008.12.19 09:43:40.806,1.22715,1.2276,1.60,1.00
2008.12.19 09:43:47.985,1.22715,1.2276,2.40,1.00
2008.12.19 09:43:51.104,1.22725,1.2276,1.00,1.00
2008.12.19 09:43:51.504,1.2273,1.2276,1.00,1.00
2008.12.19 09:43:51.914,1.2273,1.2276,1.00,1.00
2008.12.19 09:44:01.881,1.2271,1.2276,1.60,1.00
2008.12.19 09:44:21.416,1.22715,1.2276,2.20,1.00
2008.12.19 09:44:22.026,1.22715,1.2276,2.40,1.00
2008.12.19 09:44:24.896,1.2272,1.2276,1.00,1.00
2008.12.19 09:44:25.306,1.2272,1.2276,1.00,1.00
2008.12.19 09:44:26.165,1.2272,1.2276,1.00,1.00
2008.12.19 09:44:30.545,1.22725,1.2276,1.00,1.00
2008.12.19 09:44:30.894,1.2273,1.2276,1.00,1.00
2008.12.19 09:44:47.040,1.2274,1.2277,1.00,1.00
2008.12.19 09:44:47.440,1.2274,1.2277,2.20,1.00
2008.12.19 09:44:49.510,1.2274,1.2277,2.40,1.00
2008.12.19 09:45:00.377,1.2274,1.2277,1.80,1.00
2008.12.19 09:45:00.947,1.22735,1.2277,1.00,1.00
2008.12.19 09:45:04.096,1.2273,1.2277,1.00,1.00
2008.12.19 09:45:15.704,1.2273,1.2277,1.00,1.00
2008.12.19 09:45:17.283,1.22725,1.2277,1.00,1.00
2008.12.19 09:45:20.442,1.22715,1.2277,2.40,1.00
2008.12.19 09:45:51.745,1.22715,1.22765,1.60,2.60
2008.12.19 09:45:53.845,1.2271,1.22765,1.60,3.20
2008.12.19 09:45:54.814,1.2271,1.2276,1.60,1.60
2008.12.19 09:45:56.254,1.2271,1.22755,1.60,2.60
2008.12.19 09:46:01.262,1.227,1.22755,1.60,1.60
2008.12.19 09:46:01.612,1.2271,1.2275,1.60,1.20
2008.12.19 09:46:02.012,1.227,1.22755,1.60,1.60
2008.12.19 09:46:02.592,1.2271,1.2275,1.60,1.20
2008.12.19 09:46:04.832,1.22715,1.22755,1.60,2.60
2008.12.19 09:46:05.282,1.22705,1.22755,1.60,3.20
2008.12.19 09:46:06.211,1.227,1.22755,1.60,3.20
2008.12.19 09:46:07.461,1.22695,1.2274,1.60,2.60
2008.12.19 09:46:08.031,1.2269,1.22745,4.80,1.60
2008.12.19 09:46:09.470,1.2269,1.22735,4.80,3.20
2008.12.19 09:46:13.549,1.2269,1.22735,4.80,2.20
2008.12.19 09:46:13.849,1.2269,1.2273,4.80,8.60
2008.12.19 09:46:14.019,1.2269,1.22725,4.80,2.80
2008.12.19 09:46:14.639,1.2269,1.22725,4.80,8.60
2008.12.19 09:46:16.879,1.2269,1.22735,4.80,2.20
2008.12.19 09:46:18.768,1.2269,1.2273,4.80,2.80
2008.12.19 09:46:19.168,1.22665,1.22715,1.60,1.20
2008.12.19 09:46:19.558,1.22665,1.22715,1.60,2.60
2008.12.19 09:46:20.998,1.2267,1.2271,1.60,2.60
2008.12.19 09:46:21.538,1.2267,1.227,1.60,1.00
2008.12.19 09:46:22.387,1.2267,1.2271,1.60,2.60
2008.12.19 09:46:23.257,1.2267,1.22705,1.60,2.20
2008.12.19 09:46:23.487,1.2267,1.22705,1.60,3.20
2008.12.19 09:46:33.605,1.2267,1.22715,1.60,1.00
2008.12.19 09:46:34.074,1.2267,1.22735,1.00,16.00
2008.12.19 09:46:36.954,1.2266,1.2273,1.60,18.80
2008.12.19 09:46:37.544,1.2266,1.2273,1.60,16.00
2008.12.19 09:46:42.052,1.2267,1.2273,1.00,16.00
2008.12.19 09:46:42.762,1.2267,1.2272,1.00,1.00
2008.12.19 09:46:45.072,1.2266,1.22715,1.60,1.60
2008.12.19 09:46:45.542,1.2266,1.22715,1.60,3.20
2008.12.19 09:47:26.882,1.2266,1.22715,1.60,2.20
2008.12.19 09:47:30.291,1.2266,1.22705,1.60,8.60
2008.12.19 09:47:33.770,1.2266,1.22685,1.60,2.80
2008.12.19 09:47:34.000,1.22575,1.22665,1.00,1.20
2008.12.19 09:47:34.230,1.22575,1.22665,1.00,2.60
2008.12.19 09:47:34.510,1.22575,1.22665,1.00,1.20
2008.12.19 09:47:34.930,1.22555,1.22655,2.40,1.20
2008.12.19 09:47:36.229,1.22585,1.22655,1.00,1.60
2008.12.19 09:47:36.919,1.2251,1.2264,1.00,8.60
2008.12.19 09:47:37.380,1.22515,1.22645,1.00,8.60
2008.12.19 09:47:43.218,1.22505,1.2262,8.00,8.60
2008.12.19 09:47:44.447,1.2252,1.22605,1.00,1.00
2008.12.19 09:47:46.087,1.2251,1.22605,8.00,1.00
2008.12.19 09:47:46.957,1.2251,1.22605,8.00,2.20
2008.12.19 09:47:47.357,1.2251,1.22595,8.00,1.00
2008.12.19 09:47:47.807,1.2251,1.22595,8.00,6.20
2008.12.19 09:47:48.227,1.2251,1.22585,8.00,1.00
2008.12.19 09:47:52.006,1.2251,1.2257,8.00,2.40
2008.12.19 09:47:52.575,1.2251,1.2255,8.00,8.60
2008.12.19 09:47:56.354,1.2251,1.22545,8.00,5.60
2008.12.19 09:47:57.614,1.2251,1.2255,8.00,8.60
2008.12.19 09:48:13.151,1.2251,1.22555,8.00,9.20
2008.12.19 09:48:13.611,1.2251,1.22575,8.00,8.60
2008.12.19 09:48:13.951,1.2251,1.2257,8.00,8.60
2008.12.19 09:48:15.040,1.2251,1.2257,8.00,8.60
2008.12.19 09:48:23.718,1.2251,1.22595,8.00,1.60
2008.12.19 09:48:33.826,1.22515,1.2259,1.00,1.60
2008.12.19 09:48:35.086,1.2252,1.2259,1.60,1.60
2008.12.19 09:48:35.725,1.22535,1.2259,1.60,1.60
2008.12.19 09:48:43.073,1.22545,1.2259,1.60,1.60
2008.12.19 09:48:52.601,1.22545,1.2259,2.20,1.60
2008.12.19 09:48:52.951,1.22555,1.2259,1.00,1.60
2008.12.19 09:48:55.371,1.2256,1.2259,1.00,1.60
2008.12.19 09:48:55.830,1.2256,1.2259,1.00,1.60
2008.12.19 09:48:56.340,1.2257,1.2259,1.00,1.60
2008.12.19 09:48:56.750,1.2258,1.2259,1.00,1.60
2008.12.19 09:48:57.160,1.2258,1.2259,1.00,1.60
2008.12.19 09:48:58.480,1.22595,1.2265,1.00,2.40
2008.12.19 09:49:01.569,1.22595,1.22665,1.00,1.60
2008.12.19 09:49:03.598,1.22575,1.2265,1.00,1.60
2008.12.19 09:49:36.241,1.22585,1.2265,1.00,1.60
2008.12.19 09:49:36.531,1.22595,1.2265,1.00,1.60
2008.12.19 09:49:56.616,1.22575,1.2265,1.00,1.60
2008.12.19 09:50:56.871,1.22595,1.2265,1.00,1.60
2008.12.19 09:50:57.331,1.22595,1.2265,1.00,1.60
2008.12.19 09:50:57.681,1.2258,1.2265,1.00,1.60
2008.12.19 09:50:57.911,1.22595,1.2265,1.00,1.60
2008.12.19 09:51:17.616,1.22575,1.2265,1.20,1.60
2008.12.19 09:51:20.245,1.2258,1.2265,1.00,1.60
2008.12.19 09:51:38.421,1.2258,1.2265,2.40,1.60
2008.12.19 09:51:38.541,1.2259,1.2265,1.60,1.60
2008.12.19 09:51:39.061,1.22615,1.2265,1.60,1.60
2008.12.19 09:51:39.231,1.22605,1.2265,1.80,1.60
2008.12.19 09:51:39.461,1.22605,1.2265,2.40,1.60
2008.12.19 09:51:40.820,1.22615,1.2265,4.00,1.60
2008.12.19 09:51:42.360,1.22615,1.22695,4.00,1.60
2008.12.19 09:51:49.668,1.22655,1.22685,1.60,1.60
2008.12.19 09:51:49.958,1.22655,1.22695,1.60,1.60
2008.12.19 09:51:50.358,1.2265,1.2269,1.60,1.00
2008.12.19 09:51:50.588,1.2265,1.227,1.60,1.60
2008.12.19 09:51:51.688,1.22665,1.227,3.20,1.60
2008.12.19 09:51:59.766,1.22675,1.227,1.60,1.60
2008.12.19 09:52:00.306,1.22675,1.22725,1.60,4.80
2008.12.19 09:52:06.444,1.2268,1.2273,1.60,9.60
2008.12.19 09:52:13.003,1.2268,1.2273,3.20,9.60
2008.12.19 09:52:13.983,1.2269,1.2273,1.60,9.60
2008.12.19 09:52:20.621,1.22675,1.2273,1.60,9.60
2008.12.19 09:52:21.031,1.2269,1.2273,1.60,9.60
2008.12.19 09:52:23.150,1.22695,1.22765,1.60,1.00
2008.12.19 09:52:23.380,1.2269,1.22765,1.60,2.20
2008.12.19 09:52:23.670,1.22695,1.22765,1.60,2.20
2008.12.19 09:52:24.140,1.2269,1.22765,1.60,1.00
2008.12.19 09:52:34.887,1.22655,1.22755,3.20,2.20
2008.12.19 09:52:35.227,1.22655,1.22755,1.60,10.80
2008.12.19 09:52:35.407,1.22655,1.22755,1.60,2.20
2008.12.19 09:52:36.047,1.22665,1.22755,3.20,2.20
2008.12.19 09:52:40.586,1.22675,1.22755,1.60,2.20
2008.12.19 09:52:40.936,1.22675,1.22755,3.20,2.20
2008.12.19 09:52:41.166,1.22675,1.22755,1.60,2.20
2008.12.19 09:52:41.456,1.22665,1.22755,3.20,2.20
2008.12.19 09:52:55.622,1.22665,1.22755,1.60,7.80
2008.12.19 09:52:55.792,1.2266,1.2275,16.00,2.80
2008.12.19 09:52:55.912,1.2266,1.22725,16.00,1.00
2008.12.19 09:52:57.162,1.2266,1.227,16.00,1.00
2008.12.19 09:53:04.270,1.2266,1.22735,16.00,1.00
2008.12.19 09:53:05.020,1.2266,1.22735,16.00,6.20
2008.12.19 09:54:04.486,1.2266,1.22725,16.00,5.60
2008.12.19 09:54:35.548,1.2266,1.22725,16.00,8.60
2008.12.19 09:54:36.818,1.2266,1.2272,16.00,5.60
2008.12.19 09:54:37.408,1.2266,1.2272,16.00,8.60
2008.12.19 09:54:37.758,1.2266,1.2273,16.00,8.60
2008.12.19 09:54:37.928,1.2266,1.22725,16.00,8.60
2008.12.19 09:54:38.288,1.2266,1.2272,16.00,2.80
2008.12.19 09:54:38.888,1.2266,1.2272,16.00,8.60
2008.12.19 09:54:39.057,1.2266,1.22725,16.00,8.60
2008.12.19 09:54:39.707,1.2266,1.2272,16.00,8.60
2008.12.19 09:54:40.117,1.2266,1.22715,16.00,8.60
2008.12.19 09:54:52.254,1.2266,1.2271,16.00,5.60
2008.12.19 09:55:22.417,1.2266,1.2271,16.00,8.60
2008.12.19 09:56:18.993,1.2266,1.2271,16.00,5.60
2008.12.19 09:56:19.353,1.2266,1.22775,16.00,3.40
2008.12.19 09:56:20.153,1.2266,1.2276,16.00,1.00
2008.12.19 09:56:20.573,1.2266,1.22755,16.00,2.20
2008.12.19 09:56:21.023,1.2266,1.22755,17.20,2.20
2008.12.19 09:56:21.703,1.2268,1.22755,1.60,2.20
2008.12.19 09:56:30.041,1.2269,1.22755,1.60,1.60
2008.12.19 09:56:30.261,1.2269,1.2277,1.60,57.60
2008.12.19 09:56:30.711,1.2269,1.2277,1.60,54.40
2008.12.19 09:56:31.400,1.22705,1.2277,2.40,54.40
2008.12.19 09:56:31.621,1.22655,1.2277,1.00,54.40
2008.12.19 09:56:31.860,1.22675,1.2277,1.00,54.40
2008.12.19 09:56:32.040,1.22675,1.2277,1.00,54.40
2008.12.19 09:56:32.720,1.2265,1.22765,1.00,8.60
2008.12.19 09:56:33.170,1.2268,1.22775,1.00,54.40
2008.12.19 09:56:33.460,1.22685,1.2277,1.00,54.40
2008.12.19 09:56:33.750,1.2264,1.2276,1.00,8.60
2008.12.19 09:56:34.370,1.22675,1.22775,1.00,55.20
2008.12.19 09:56:34.899,1.22695,1.2277,1.00,54.40
2008.12.19 09:56:35.669,1.2269,1.2277,1.00,54.40
2008.12.19 09:56:42.288,1.2267,1.2276,1.00,1.00
2008.12.19 09:56:42.518,1.22675,1.2276,1.00,1.00
2008.12.19 09:56:43.087,1.22675,1.2276,1.00,1.00
2008.12.19 09:56:43.939,1.2268,1.2275,1.00,1.00
2008.12.19 09:56:44.457,1.22675,1.2275,1.00,1.00
2008.12.19 09:57:21.779,1.22655,1.22745,1.00,1.00
2008.12.19 09:57:22.748,1.2265,1.2274,1.00,1.00
2008.12.19 09:57:23.268,1.22675,1.22765,1.00,1.60
2008.12.19 09:57:24.008,1.2269,1.2276,1.60,1.60
2008.12.19 09:57:24.708,1.2268,1.22755,1.60,1.60
2008.12.19 09:57:25.807,1.22625,1.22745,1.00,8.60
2008.12.19 09:57:26.617,1.22625,1.22735,1.00,2.80
2008.12.19 09:57:26.977,1.2263,1.22735,1.00,8.60
2008.12.19 09:57:27.367,1.2261,1.22725,1.00,8.60
2008.12.19 09:57:27.657,1.2261,1.2272,1.00,2.80
2008.12.19 09:57:28.247,1.2261,1.2273,1.00,8.60
2008.12.19 09:57:28.667,1.22615,1.22715,1.00,5.60
2008.12.19 09:57:29.116,1.22615,1.22725,1.00,8.60
2008.12.19 09:57:29.447,1.22615,1.22715,1.00,2.80
2008.12.19 09:57:29.916,1.22615,1.22725,1.00,8.60
2008.12.19 09:57:30.246,1.22615,1.22715,1.00,8.60
2008.12.19 09:57:30.777,1.2261,1.22715,1.00,8.60
2008.12.19 09:57:37.254,1.22625,1.22745,1.00,8.60
2008.12.19 09:58:11.916,1.22635,1.22735,1.00,8.60
2008.12.19 09:58:54.946,1.2266,1.2274,1.00,2.80
2008.12.19 09:58:55.586,1.2266,1.22765,1.00,3.40
2008.12.19 09:58:57.155,1.22675,1.22755,1.60,2.20
2008.12.19 09:58:57.615,1.2262,1.2274,1.00,8.60
2008.12.19 09:58:58.135,1.22665,1.2274,1.00,8.60
2008.12.19 09:58:58.415,1.22665,1.22765,1.00,3.20
2008.12.19 09:58:59.634,1.22675,1.22755,1.00,3.20
2008.12.19 09:59:00.564,1.2267,1.22745,1.60,2.80
2008.12.19 09:59:01.024,1.2267,1.22755,1.60,8.60
2008.12.19 09:59:01.714,1.2267,1.2274,1.60,5.60
2008.12.19 09:59:02.174,1.2267,1.22765,1.60,1.00
2008.12.19 09:59:02.474,1.2267,1.2278,1.60,63.80
2008.12.19 09:59:03.324,1.22685,1.22775,1.00,54.40
2008.12.19 09:59:03.954,1.22675,1.2277,1.00,54.40
2008.12.19 09:59:04.194,1.22685,1.2277,1.00,54.40
2008.12.19 09:59:07.163,1.2269,1.2277,1.00,54.40
2008.12.19 09:59:07.863,1.22725,1.2277,2.40,54.40
2008.12.19 09:59:09.612,1.2274,1.2277,4.00,54.40
2008.12.19 09:59:15.961,1.22695,1.2277,1.00,54.40
2008.12.19 09:59:17.910,1.22705,1.2277,1.00,54.40
2008.12.19 09:59:18.390,1.22685,1.2277,8.00,54.40
2008.12.19 09:59:20.420,1.2269,1.2277,8.60,54.40
2008.12.19 09:59:20.599,1.2269,1.2277,8.80,54.40
2008.12.19 09:59:20.889,1.227,1.2277,1.00,54.40
2008.12.19 09:59:21.180,1.227,1.2277,1.00,54.40
2008.12.19 09:59:22.951,1.2271,1.2277,1.00,54.40
2008.12.19 09:59:35.556,1.22685,1.22765,8.00,3.00
2008.12.19 09:59:44.424,1.2269,1.22765,8.00,1.00
2008.12.19 09:59:45.114,1.22695,1.22775,1.00,54.40
2008.12.19 09:59:45.464,1.2269,1.2277,11.40,54.40
2008.12.19 09:59:45.853,1.22705,1.2277,1.00,54.40
2008.12.19 09:59:47.173,1.22715,1.22765,1.00,2.40
2008.12.19 09:59:47.503,1.2268,1.22765,8.00,3.00
2008.12.19 09:59:53.232,1.2269,1.22765,8.00,1.00
2008.12.19 09:59:53.641,1.2269,1.22775,8.00,57.40
2008.12.19 09:59:54.101,1.2269,1.2277,8.00,54.40
