2014.10.16 03:00:00.868,1.12598,1.12611,1.29,1.84
2014.10.16 03:00:02.853,1.12596,1.12611,2.21,1.84
2014.10.16 03:00:13.544,1.1259,1.12598,1.19,1.00
2014.10.16 03:00:13.847,1.12588,1.12598,1.25,1.00
2014.10.16 03:00:14.394,1.12588,1.12598,1.25,1.15
2014.10.16 03:00:21.118,1.12588,1.12598,1.01,1.10
2014.10.16 03:00:22.205,1.12588,1.12599,1.29,1.07
2014.10.16 03:00:22.358,1.12588,1.126,1.56,1.15
2014.10.16 03:00:22.460,1.12589,1.12602,1.66,1.17
2014.10.16 03:00:22.713,1.12591,1.12604,1.29,1.65
2014.10.16 03:00:23.572,1.12592,1.12605,1.19,1.15
2014.10.16 03:00:29.597,1.1259,1.12605,1.46,1.15
2014.10.16 03:00:29.648,1.1259,1.12605,1.46,1.07
2014.10.16 03:00:50.030,1.12592,1.12607,1.84,1.84
2014.10.16 03:00:50.728,1.12592,1.12607,1.34,1.36
2014.10.16 03:00:51.032,1.12588,1.12602,1.00,1.40
2014.10.16 03:00:51.537,1.12586,1.12601,1.15,1.34
2014.10.16 03:00:51.841,1.12584,1.12593,1.17,1.00
2014.10.16 03:00:52.298,1.12583,1.12591,1.00,1.45
2014.10.16 03:00:52.349,1.12574,1.12589,2.21,1.26
2014.10.16 03:00:52.400,1.12574,1.12589,2.21,1.26
2014.10.16 03:00:52.755,1.12572,1.12585,1.84,1.00
2014.10.16 03:00:53.275,1.12573,1.12585,1.34,1.00
2014.10.16 03:00:54.544,1.12571,1.12585,2.96,1.00
2014.10.16 03:00:56.223,1.12571,1.12585,2.96,1.15
2014.10.16 03:01:01.660,1.12572,1.12586,1.36,1.34
2014.10.16 03:01:08.056,1.12572,1.12585,1.34,1.25
2014.10.16 03:01:08.735,1.12572,1.12585,1.84,1.57
2014.10.16 03:01:09.826,1.12574,1.12585,1.70,1.10
2014.10.16 03:01:09.928,1.12574,1.12587,3.64,1.00
2014.10.16 03:01:10.080,1.12575,1.12591,1.46,1.65
2014.10.16 03:01:10.131,1.12578,1.12591,1.74,1.09
2014.10.16 03:01:10.334,1.12579,1.12594,1.46,1.84
2014.10.16 03:01:10.874,1.1258,1.12594,2.21,1.10
2014.10.16 03:01:11.598,1.12582,1.12594,1.29,1.10
2014.10.16 03:01:11.750,1.12582,1.12597,1.34,1.84
2014.10.16 03:01:13.596,1.12583,1.12597,1.46,1.84
2014.10.16 03:01:22.318,1.12582,1.12593,1.15,1.50
2014.10.16 03:01:22.573,1.12574,1.12586,1.20,1.39
2014.10.16 03:01:22.674,1.12575,1.12589,1.07,1.15
2014.10.16 03:01:22.978,1.12581,1.12594,1.40,1.29
2014.10.16 03:01:23.516,1.12581,1.12595,1.34,1.32
2014.10.16 03:01:27.105,1.12584,1.12596,1.00,1.65
2014.10.16 03:01:28.084,1.12581,1.12595,1.76,1.34
2014.10.16 03:01:32.041,1.12581,1.12594,1.29,1.17
2014.10.16 03:01:33.090,1.12581,1.12595,1.10,1.15
2014.10.16 03:01:33.394,1.12581,1.12593,1.00,1.15
2014.10.16 03:01:41.971,1.12581,1.12593,1.20,1.09
2014.10.16 03:01:48.751,1.12581,1.12593,1.01,1.17
2014.10.16 03:02:04.702,1.12582,1.12594,1.00,2.59
2014.10.16 03:02:05.521,1.12582,1.12594,1.00,2.59
2014.10.16 03:02:06.073,1.12582,1.12594,1.00,1.36
2014.10.16 03:02:14.066,1.12582,1.12592,1.00,1.19
2014.10.16 03:02:14.510,1.12581,1.12592,1.20,1.26
2014.10.16 03:02:14.960,1.12581,1.12591,1.12,2.51
2014.10.16 03:02:15.599,1.12579,1.1259,1.00,1.40
2014.10.16 03:02:15.649,1.12579,1.12589,1.00,2.32
2014.10.16 03:02:15.953,1.12578,1.12587,1.00,2.51
2014.10.16 03:02:16.055,1.12576,1.12586,1.00,1.15
2014.10.16 03:02:25.194,1.12574,1.12584,1.00,1.40
2014.10.16 03:02:25.497,1.12573,1.12583,1.25,5.25
2014.10.16 03:02:26.011,1.12572,1.12582,1.12,1.84
2014.10.16 03:02:26.562,1.12572,1.12582,1.12,4.01
2014.10.16 03:02:31.038,1.12573,1.12581,1.00,1.40
2014.10.16 03:02:35.082,1.12571,1.12581,1.12,1.15
2014.10.16 03:02:36.879,1.12571,1.12582,1.00,1.84
2014.10.16 03:02:39.075,1.12572,1.12582,1.00,1.84
2014.10.16 03:02:39.176,1.12575,1.12582,1.00,1.84
2014.10.16 03:02:39.227,1.12575,1.12582,1.00,1.84
2014.10.16 03:02:39.379,1.12572,1.12582,1.00,1.84
2014.10.16 03:02:52.748,1.12572,1.12584,1.37,1.84
2014.10.16 03:02:52.901,1.12574,1.12586,1.95,1.76
2014.10.16 03:02:52.952,1.12577,1.12587,1.00,1.76
2014.10.16 03:02:53.412,1.12577,1.12589,1.00,4.76
2014.10.16 03:02:53.715,1.12575,1.12587,1.12,4.76
2014.10.16 03:03:00.006,1.12575,1.12587,1.19,3.07
2014.10.16 03:03:00.108,1.12577,1.12587,1.00,1.15
2014.10.16 03:03:00.210,1.12579,1.12588,1.00,1.17
2014.10.16 03:03:00.565,1.12581,1.12589,1.00,1.15
2014.10.16 03:03:00.667,1.12584,1.12594,1.00,1.15
2014.10.16 03:03:00.719,1.12588,1.12598,1.00,6.07
2014.10.16 03:03:00.820,1.12588,1.12598,1.00,1.15
2014.10.16 03:03:00.922,1.12588,1.12598,1.00,1.10
2014.10.16 03:03:00.973,1.12586,1.12596,1.29,1.00
2014.10.16 03:03:01.277,1.12586,1.12598,1.25,1.15
2014.10.16 03:03:01.631,1.12584,1.12596,1.25,1.15
2014.10.16 03:03:01.732,1.12584,1.12596,1.25,1.17
2014.10.16 03:03:02.655,1.12584,1.12596,1.69,1.65
2014.10.16 03:03:05.159,1.12584,1.12596,1.00,1.17
2014.10.16 03:03:07.142,1.12584,1.12596,1.09,1.19
2014.10.16 03:03:07.445,1.12587,1.12597,1.00,1.57
2014.10.16 03:03:07.951,1.12586,1.12597,1.00,1.10
2014.10.16 03:03:08.866,1.12583,1.12597,1.84,1.57
2014.10.16 03:03:11.428,1.12583,1.12596,1.40,1.00
2014.10.16 03:03:12.139,1.12584,1.12596,1.36,1.00
2014.10.16 03:03:12.828,1.12584,1.12597,1.36,1.01
2014.10.16 03:03:13.532,1.12583,1.12597,1.15,1.10
2014.10.16 03:03:13.965,1.12583,1.12597,1.40,1.76
2014.10.16 03:03:15.986,1.12583,1.12597,1.15,1.29
2014.10.16 03:03:17.580,1.12583,1.12597,1.10,1.34
2014.10.16 03:03:18.333,1.12583,1.12597,1.29,1.84
2014.10.16 03:03:19.469,1.12583,1.12595,1.34,1.00
2014.10.16 03:03:20.819,1.12583,1.12596,1.84,1.00
2014.10.16 03:03:21.363,1.12584,1.12596,1.00,2.77
2014.10.16 03:03:28.377,1.12584,1.12596,1.19,2.40
2014.10.16 03:03:29.084,1.12584,1.12596,1.00,1.84
2014.10.16 03:03:30.400,1.12584,1.12596,1.10,1.84
2014.10.16 03:03:36.444,1.12584,1.12596,1.29,2.40
2014.10.16 03:03:36.960,1.12584,1.12596,1.10,1.09
2014.10.16 03:03:43.915,1.12584,1.12596,1.76,1.17
2014.10.16 03:03:44.939,1.12584,1.12596,1.10,1.17
2014.10.16 03:03:52.535,1.12584,1.12596,1.76,1.17
2014.10.16 03:03:52.977,1.12584,1.12596,1.10,1.17
2014.10.16 03:03:53.944,1.12584,1.12596,1.00,1.40
2014.10.16 03:03:54.045,1.12583,1.12595,1.10,1.10
2014.10.16 03:03:56.666,1.12582,1.12598,2.21,1.84
2014.10.16 03:03:57.694,1.12582,1.12598,2.21,1.65
2014.10.16 03:04:00.665,1.12583,1.12598,1.29,1.84
2014.10.16 03:04:02.668,1.12582,1.12597,2.21,1.15
2014.10.16 03:04:04.705,1.12583,1.12597,1.29,1.34
2014.10.16 03:04:11.689,1.12582,1.12597,2.21,1.40
2014.10.16 03:04:13.740,1.12582,1.12597,2.21,1.40
2014.10.16 03:04:22.184,1.12582,1.12597,2.21,3.26
2014.10.16 03:04:32.583,1.12581,1.12595,2.06,1.15
2014.10.16 03:04:40.746,1.1258,1.12594,2.06,1.15
2014.10.16 03:04:44.833,1.12581,1.12594,1.31,1.15
2014.10.16 03:04:45.845,1.1258,1.12594,2.06,1.15
2014.10.16 03:04:47.702,1.12581,1.12594,1.31,1.15
2014.10.16 03:04:49.706,1.1258,1.12594,2.06,1.15
2014.10.16 03:04:53.042,1.12582,1.12593,1.00,1.15
2014.10.16 03:05:01.478,1.12582,1.12592,1.19,1.15
2014.10.16 03:05:03.454,1.12582,1.12592,1.00,1.15
2014.10.16 03:05:24.631,1.12582,1.12593,1.19,1.65
2014.10.16 03:05:27.598,1.12582,1.12593,1.00,2.40
2014.10.16 03:05:34.059,1.12582,1.12593,1.25,2.40
2014.10.16 03:05:56.682,1.12579,1.12593,1.46,1.15
2014.10.16 03:05:58.659,1.1258,1.12593,1.36,1.40
2014.10.16 03:06:00.795,1.12582,1.12593,1.19,1.15
2014.10.16 03:06:01.780,1.12582,1.12593,1.25,1.15
2014.10.16 03:06:06.781,1.12582,1.12594,1.19,2.59
2014.10.16 03:06:06.983,1.12584,1.12594,1.00,1.09
2014.10.16 03:06:07.236,1.12583,1.12595,1.15,1.10
2014.10.16 03:06:28.532,1.12583,1.12597,1.29,1.40
2014.10.16 03:06:29.554,1.12583,1.12597,1.76,1.15
2014.10.16 03:06:32.557,1.12583,1.12597,1.29,1.15
2014.10.16 03:06:33.569,1.12583,1.12597,1.76,1.15
2014.10.16 03:06:40.576,1.12583,1.12597,1.10,1.15
2014.10.16 03:06:40.677,1.12589,1.12599,1.00,1.15
2014.10.16 03:06:40.779,1.12589,1.12601,1.17,1.84
2014.10.16 03:06:41.315,1.12589,1.12601,1.00,1.84
2014.10.16 03:06:41.828,1.12589,1.12601,1.00,1.84
2014.10.16 03:06:47.346,1.12589,1.12599,1.10,1.10
2014.10.16 03:06:47.398,1.12589,1.12601,1.10,1.76
2014.10.16 03:06:48.030,1.12589,1.12601,1.25,1.57
2014.10.16 03:06:54.194,1.12589,1.126,1.10,1.25
2014.10.16 03:06:57.181,1.12589,1.126,1.25,1.07
2014.10.16 03:06:57.283,1.12589,1.126,1.01,1.10
2014.10.16 03:06:57.808,1.12589,1.126,1.25,1.15
2014.10.16 03:06:58.405,1.12589,1.12599,1.00,1.17
2014.10.16 03:06:58.709,1.12583,1.12597,1.34,1.20
2014.10.16 03:06:58.810,1.12583,1.12596,1.36,1.15
2014.10.16 03:06:59.114,1.12581,1.1259,1.26,1.00
2014.10.16 03:07:00.920,1.12581,1.1259,1.26,1.00
2014.10.16 03:07:02.921,1.12581,1.1259,1.26,1.00
2014.10.16 03:07:06.953,1.1258,1.1259,2.21,1.00
2014.10.16 03:07:10.941,1.12582,1.1259,1.29,1.00
2014.10.16 03:07:11.944,1.1258,1.1259,2.21,1.00
2014.10.16 03:07:19.978,1.12581,1.1259,1.26,1.00
2014.10.16 03:07:27.650,1.12582,1.12596,1.64,1.34
2014.10.16 03:07:27.852,1.12589,1.12598,1.00,3.26
2014.10.16 03:07:28.005,1.12589,1.12598,1.00,1.15
2014.10.16 03:07:33.324,1.12588,1.126,1.19,2.89
2014.10.16 03:07:33.375,1.12588,1.12601,1.19,1.34
2014.10.16 03:07:33.579,1.12595,1.12604,1.00,1.84
2014.10.16 03:07:54.043,1.12595,1.12603,1.00,1.17
2014.10.16 03:08:33.457,1.1259,1.12602,1.66,1.10
2014.10.16 03:08:39.724,1.12591,1.12602,1.19,1.10
2014.10.16 03:08:42.731,1.1259,1.12602,1.39,1.10
2014.10.16 03:08:52.750,1.12591,1.12604,1.19,1.15
2014.10.16 03:08:57.781,1.1259,1.12604,2.14,1.15
2014.10.16 03:09:03.597,1.1259,1.12599,1.66,1.00
2014.10.16 03:09:11.880,1.1259,1.12599,1.71,1.00
2014.10.16 03:09:30.666,1.12593,1.12604,1.10,1.17
2014.10.16 03:09:30.973,1.12595,1.12606,1.07,1.07
2014.10.16 03:09:31.024,1.12595,1.12606,1.15,1.00
2014.10.16 03:09:31.176,1.12599,1.12611,1.10,2.21
2014.10.16 03:09:31.378,1.12599,1.12611,1.20,1.09
2014.10.16 03:09:31.880,1.126,1.12611,1.00,1.09
2014.10.16 03:09:33.168,1.126,1.12611,1.00,1.39
2014.10.16 03:09:34.159,1.126,1.12611,1.00,1.09
2014.10.16 03:09:40.512,1.126,1.12611,1.00,1.39
2014.10.16 03:09:41.272,1.126,1.12611,1.00,1.09
2014.10.16 03:09:47.315,1.126,1.12611,1.00,1.39
2014.10.16 03:09:48.275,1.126,1.12611,1.00,1.09
2014.10.16 03:09:51.288,1.126,1.12611,1.00,1.46
2014.10.16 03:09:54.317,1.126,1.12611,1.00,2.21
2014.10.16 03:09:55.305,1.126,1.12611,1.00,1.46
2014.10.16 03:09:59.334,1.126,1.12611,1.00,2.21
2014.10.16 03:10:00.324,1.12599,1.12611,1.65,2.21
2014.10.16 03:10:00.855,1.126,1.12611,1.00,2.21
2014.10.16 03:10:01.362,1.126,1.12611,1.00,1.46
2014.10.16 03:10:02.323,1.126,1.12611,1.00,2.21
2014.10.16 03:10:03.333,1.126,1.12611,1.00,1.46
2014.10.16 03:10:05.354,1.126,1.12611,1.00,2.21
2014.10.16 03:10:06.349,1.126,1.12611,1.00,1.46
2014.10.16 03:10:07.337,1.126,1.12611,1.00,1.46
2014.10.16 03:10:10.338,1.126,1.12611,1.00,2.21
2014.10.16 03:10:18.382,1.126,1.12611,1.00,1.09
2014.10.16 03:10:28.725,1.12599,1.12611,1.65,1.09
2014.10.16 03:10:32.951,1.12599,1.12613,1.07,1.39
2014.10.16 03:10:49.793,1.12599,1.12613,1.00,1.46
2014.10.16 03:10:50.506,1.12599,1.12611,1.00,1.34
2014.10.16 03:10:57.308,1.126,1.12611,1.00,1.34
2014.10.16 03:10:57.838,1.126,1.12614,1.00,2.21
2014.10.16 03:10:58.380,1.126,1.12611,1.00,1.34
2014.10.16 03:10:59.847,1.126,1.12613,1.00,1.46
2014.10.16 03:11:11.254,1.126,1.12611,1.00,1.34
2014.10.16 03:11:22.040,1.12595,1.12611,1.71,1.34
2014.10.16 03:11:41.304,1.12603,1.12611,1.00,1.34
2014.10.16 03:11:42.044,1.12603,1.12612,1.00,2.21
2014.10.16 03:11:46.467,1.12603,1.12611,1.00,1.34
2014.10.16 03:11:47.868,1.12603,1.12612,1.00,1.84
2014.10.16 03:11:47.969,1.12603,1.12612,1.00,1.20
2014.10.16 03:11:48.020,1.12607,1.12613,1.00,1.09
2014.10.16 03:11:48.550,1.12607,1.12613,1.00,1.01
2014.10.16 03:11:53.968,1.12607,1.12615,1.00,1.31
2014.10.16 03:11:55.958,1.12607,1.12615,1.00,1.31
2014.10.16 03:11:56.949,1.12607,1.12616,1.00,2.14
2014.10.16 03:11:58.948,1.12607,1.12616,1.00,1.29
2014.10.16 03:11:59.599,1.12607,1.12618,1.07,2.06
2014.10.16 03:11:59.801,1.12607,1.12618,2.59,1.50
2014.10.16 03:12:19.970,1.12607,1.12618,3.71,1.00
2014.10.16 03:12:40.166,1.1261,1.12618,1.34,1.00
2014.10.16 03:12:40.671,1.12609,1.12618,1.09,1.00
2014.10.16 03:12:48.006,1.12609,1.12623,1.20,2.21
2014.10.16 03:12:48.650,1.12609,1.12623,1.39,2.21
2014.10.16 03:12:49.056,1.12609,1.12619,1.39,1.00
2014.10.16 03:12:54.074,1.1261,1.12619,1.07,1.00
2014.10.16 03:12:55.376,1.1261,1.12619,1.10,1.00
2014.10.16 03:13:01.732,1.1261,1.12619,1.17,1.00
2014.10.16 03:13:21.964,1.1261,1.12619,1.10,1.00
2014.10.16 03:13:29.879,1.12611,1.12623,1.00,1.09
2014.10.16 03:13:29.930,1.12616,1.12623,1.00,1.00
2014.10.16 03:13:30.082,1.12616,1.1263,1.17,1.77
2014.10.16 03:13:30.234,1.1262,1.12634,1.10,1.65
2014.10.16 03:13:30.436,1.12622,1.12633,1.00,1.17
2014.10.16 03:13:30.942,1.12622,1.12633,1.57,1.10
2014.10.16 03:13:31.347,1.12624,1.1264,1.17,1.91
2014.10.16 03:13:39.390,1.12624,1.12637,1.09,1.29
2014.10.16 03:13:40.385,1.12624,1.12641,1.17,2.29
2014.10.16 03:13:43.356,1.12624,1.12637,1.17,1.39
2014.10.16 03:13:44.356,1.12624,1.12639,1.09,1.79
2014.10.16 03:13:45.368,1.12624,1.12637,1.09,1.39
2014.10.16 03:13:45.876,1.12624,1.12637,1.01,1.46
2014.10.16 03:14:06.069,1.12624,1.12637,1.10,1.46
2014.10.16 03:14:06.579,1.12624,1.12638,1.29,2.29
2014.10.16 03:14:06.933,1.12624,1.12638,1.19,2.29
2014.10.16 03:14:07.482,1.12624,1.12638,1.00,2.29
2014.10.16 03:14:16.816,1.12621,1.12637,1.84,1.77
2014.10.16 03:14:19.546,1.12621,1.12637,1.84,1.71
2014.10.16 03:14:20.548,1.12622,1.12637,1.29,1.71
2014.10.16 03:14:21.553,1.12621,1.12637,1.84,1.71
2014.10.16 03:14:26.986,1.12623,1.12639,1.10,1.54
2014.10.16 03:14:31.102,1.12621,1.12637,2.59,3.64
2014.10.16 03:14:31.621,1.12621,1.12637,1.76,3.64
2014.10.16 03:14:38.589,1.12621,1.12636,2.51,1.71
2014.10.16 03:14:39.588,1.12621,1.12635,1.76,1.46
2014.10.16 03:14:44.238,1.12621,1.12633,1.07,2.89
2014.10.16 03:14:44.390,1.12616,1.12629,1.01,1.46
2014.10.16 03:14:44.543,1.12613,1.12629,2.14,3.64
2014.10.16 03:14:56.724,1.12613,1.12629,1.76,4.39
2014.10.16 03:15:00.732,1.12613,1.12628,1.26,1.34
2014.10.16 03:15:05.044,1.12612,1.12628,1.84,3.26
2014.10.16 03:15:19.071,1.12613,1.12629,1.32,2.96
2014.10.16 03:15:19.845,1.12613,1.12629,1.40,2.96
2014.10.16 03:15:20.262,1.12615,1.12629,1.09,1.84
2014.10.16 03:15:20.925,1.12615,1.12629,1.09,1.09
2014.10.16 03:15:29.646,1.12615,1.12628,1.84,1.10
2014.10.16 03:15:30.036,1.12615,1.12628,2.59,1.00
2014.10.16 03:15:30.188,1.12615,1.12628,2.59,1.10
2014.10.16 03:15:36.442,1.12613,1.12628,4.39,1.10
2014.10.16 03:15:46.149,1.1262,1.12631,1.00,1.15
2014.10.16 03:15:46.676,1.1262,1.12631,1.17,1.10
2014.10.16 03:15:52.195,1.1262,1.12631,1.84,1.10
2014.10.16 03:16:13.060,1.1262,1.12631,1.40,1.00
2014.10.16 03:16:33.990,1.1262,1.12631,1.84,1.00
2014.10.16 03:16:34.557,1.1262,1.12631,4.01,1.00
2014.10.16 03:16:36.847,1.1262,1.12633,3.26,1.19
2014.10.16 03:16:36.998,1.12617,1.12626,2.32,1.00
2014.10.16 03:16:37.049,1.12617,1.12629,2.32,1.12
2014.10.16 03:16:37.100,1.12614,1.12629,3.26,1.39
2014.10.16 03:16:37.504,1.12611,1.12621,3.26,1.00
2014.10.16 03:16:53.921,1.12616,1.12625,1.10,1.25
2014.10.16 03:16:54.733,1.12616,1.12625,1.00,1.32
2014.10.16 03:17:36.010,1.12616,1.12625,1.00,1.01
2014.10.16 03:17:43.372,1.12616,1.12625,1.10,1.07
2014.10.16 03:17:53.906,1.12612,1.12627,1.36,1.34
2014.10.16 03:17:55.721,1.12613,1.12628,1.26,1.84
2014.10.16 03:17:56.768,1.12612,1.12627,1.36,1.34
2014.10.16 03:18:00.206,1.12611,1.12628,2.96,1.34
2014.10.16 03:18:06.745,1.12614,1.12629,1.34,2.21
2014.10.16 03:18:12.800,1.12613,1.12629,1.34,2.21
2014.10.16 03:18:17.673,1.12614,1.1263,1.71,1.34
2014.10.16 03:18:17.724,1.12616,1.1263,3.64,1.19
2014.10.16 03:18:17.775,1.12616,1.12631,4.39,1.01
2014.10.16 03:18:17.826,1.12618,1.12631,2.51,1.25
2014.10.16 03:18:18.331,1.12621,1.12631,1.34,1.00
2014.10.16 03:18:18.382,1.12626,1.12635,1.00,1.25
2014.10.16 03:18:18.957,1.12626,1.12635,1.07,1.25
2014.10.16 03:18:21.318,1.12626,1.12635,1.40,1.00
2014.10.16 03:18:31.302,1.12627,1.12635,1.34,1.00
2014.10.16 03:18:31.353,1.1263,1.12641,1.00,2.21
2014.10.16 03:18:31.556,1.12635,1.12642,1.00,1.01
2014.10.16 03:18:31.809,1.12635,1.12646,1.10,1.84
2014.10.16 03:18:32.113,1.1264,1.12649,1.00,1.71
2014.10.16 03:18:32.264,1.12639,1.12649,1.00,1.71
2014.10.16 03:18:33.104,1.12633,1.12648,1.34,1.46
2014.10.16 03:18:33.206,1.12632,1.12648,2.77,1.46
2014.10.16 03:18:33.734,1.12631,1.12648,1.52,1.46
2014.10.16 03:18:46.224,1.12631,1.12646,1.46,1.36
2014.10.16 03:18:47.260,1.1263,1.12647,3.64,1.15
2014.10.16 03:18:51.377,1.12631,1.12646,1.34,1.36
2014.10.16 03:18:53.342,1.1263,1.12647,3.64,1.84
2014.10.16 03:18:53.494,1.1263,1.12647,1.34,2.21
2014.10.16 03:18:57.330,1.1263,1.12647,1.46,1.84
2014.10.16 03:18:57.871,1.12629,1.12647,1.40,2.21
2014.10.16 03:19:01.156,1.12629,1.12644,1.17,3.07
2014.10.16 03:19:01.207,1.12625,1.12641,1.34,1.52
2014.10.16 03:19:01.308,1.12624,1.12641,1.46,2.96
2014.10.16 03:19:01.410,1.12623,1.12632,1.84,1.00
2014.10.16 03:19:01.511,1.12621,1.12632,2.21,1.00
2014.10.16 03:19:06.965,1.12621,1.12632,1.34,1.00
2014.10.16 03:19:07.168,1.1262,1.12632,1.09,1.07
2014.10.16 03:19:07.219,1.12618,1.12632,2.59,1.17
2014.10.16 03:19:09.185,1.12618,1.12632,1.84,1.10
2014.10.16 03:19:18.380,1.12618,1.12632,2.21,1.69
2014.10.16 03:19:24.289,1.12618,1.12632,2.14,1.34
2014.10.16 03:19:26.059,1.12618,1.12631,1.17,1.26
2014.10.16 03:19:26.567,1.12618,1.12631,1.15,1.19
2014.10.16 03:19:27.157,1.12618,1.12632,1.40,1.76
2014.10.16 03:19:38.218,1.12618,1.12632,1.34,1.01
2014.10.16 03:19:47.233,1.12618,1.12632,1.84,1.29
2014.10.16 03:19:50.262,1.12618,1.12632,1.34,1.01
2014.10.16 03:19:53.249,1.12618,1.12632,1.84,1.29
2014.10.16 03:19:54.266,1.12618,1.12632,1.34,1.01
2014.10.16 03:20:12.423,1.12618,1.12632,2.96,1.29
2014.10.16 03:20:14.978,1.12618,1.12632,2.96,1.19
2014.10.16 03:20:15.281,1.1262,1.12632,1.34,1.00
2014.10.16 03:20:33.724,1.12621,1.1263,1.40,1.00
2014.10.16 03:20:34.897,1.12621,1.1263,1.09,1.00
2014.10.16 03:20:41.391,1.12625,1.12635,1.00,1.09
2014.10.16 03:20:43.058,1.12622,1.1263,1.76,1.00
2014.10.16 03:20:43.412,1.12624,1.12636,1.00,1.84
2014.10.16 03:20:44.843,1.1262,1.12631,2.96,1.00
2014.10.16 03:20:45.148,1.12624,1.12636,1.00,1.34
2014.10.16 03:20:46.706,1.1262,1.1263,1.40,1.00
2014.10.16 03:20:47.133,1.12624,1.12636,1.00,1.84
2014.10.16 03:20:48.667,1.12619,1.12631,2.21,1.00
2014.10.16 03:20:51.064,1.12625,1.12635,1.00,2.21
2014.10.16 03:20:52.064,1.12625,1.12635,1.00,1.09
2014.10.16 03:20:52.609,1.1262,1.1263,3.71,1.00
2014.10.16 03:20:55.028,1.1262,1.1263,1.34,1.00
2014.10.16 03:20:55.664,1.1262,1.1263,1.34,1.00
2014.10.16 03:20:59.139,1.12624,1.12636,1.10,1.84
2014.10.16 03:21:00.565,1.12621,1.12631,1.34,1.00
2014.10.16 03:21:07.140,1.12625,1.12635,1.00,1.84
2014.10.16 03:21:08.553,1.1262,1.1263,2.96,1.00
2014.10.16 03:21:08.806,1.1262,1.1263,1.15,1.00
2014.10.16 03:21:12.831,1.1262,1.1263,1.00,1.00
2014.10.16 03:21:39.830,1.12624,1.12634,1.00,1.34
2014.10.16 03:21:40.491,1.12624,1.12635,1.00,1.36
2014.10.16 03:21:41.015,1.12625,1.12635,1.00,1.09
2014.10.16 03:21:41.475,1.1262,1.12631,1.40,1.00
2014.10.16 03:21:47.872,1.12626,1.12635,1.00,1.84
2014.10.16 03:21:49.403,1.12621,1.1263,1.17,1.00
2014.10.16 03:21:54.626,1.12621,1.1263,1.15,1.00
2014.10.16 03:21:55.863,1.12626,1.12635,1.00,1.76
2014.10.16 03:21:56.458,1.12626,1.12635,1.00,1.01
2014.10.16 03:21:57.443,1.12621,1.12631,1.34,1.00
2014.10.16 03:22:03.886,1.12625,1.12636,1.10,1.36
2014.10.16 03:22:05.351,1.12622,1.12631,1.84,1.00
2014.10.16 03:22:06.469,1.1262,1.12631,1.71,1.00
2014.10.16 03:22:09.943,1.1262,1.12631,4.39,1.00
2014.10.16 03:22:11.854,1.12625,1.12635,1.10,1.01
2014.10.16 03:22:12.362,1.12625,1.12635,1.15,1.00
2014.10.16 03:22:13.623,1.12621,1.12631,6.56,1.00
2014.10.16 03:22:18.060,1.12623,1.12635,5.06,1.00
2014.10.16 03:22:18.111,1.1263,1.12638,1.00,1.00
2014.10.16 03:22:18.212,1.1263,1.12641,1.10,1.50
2014.10.16 03:22:18.263,1.1263,1.12641,1.52,1.00
2014.10.16 03:22:18.314,1.12634,1.12645,1.29,1.17
2014.10.16 03:22:18.517,1.12634,1.12648,1.34,1.69
2014.10.16 03:22:18.568,1.12634,1.12648,5.81,1.25
2014.10.16 03:22:18.771,1.1264,1.12656,2.32,1.76
2014.10.16 03:22:19.117,1.12646,1.12657,1.34,1.00
2014.10.16 03:22:19.219,1.12646,1.12663,2.59,1.15
2014.10.16 03:22:19.269,1.12648,1.12663,2.32,1.00
2014.10.16 03:22:19.779,1.12648,1.12664,3.26,1.25
2014.10.16 03:22:20.135,1.12649,1.12663,2.96,1.19
2014.10.16 03:22:20.642,1.12654,1.12663,1.00,1.19
2014.10.16 03:22:21.393,1.12649,1.12663,1.84,1.69
2014.10.16 03:22:21.494,1.12649,1.12662,1.65,1.25
2014.10.16 03:22:22.023,1.12649,1.12665,1.84,1.34
2014.10.16 03:22:22.227,1.12649,1.12662,1.65,1.19
2014.10.16 03:22:22.747,1.12647,1.12662,2.96,1.36
2014.10.16 03:22:23.367,1.12647,1.12662,5.14,1.29
2014.10.16 03:22:23.672,1.12647,1.1266,3.26,1.19
2014.10.16 03:22:24.465,1.12647,1.1266,1.40,1.29
2014.10.16 03:22:25.477,1.12647,1.12661,1.15,1.36
2014.10.16 03:22:26.467,1.12647,1.1266,1.15,1.29
2014.10.16 03:22:28.446,1.12647,1.12664,1.40,1.34
2014.10.16 03:22:37.491,1.12647,1.12661,1.40,1.36
2014.10.16 03:22:39.653,1.12646,1.12658,1.34,1.00
2014.10.16 03:22:42.187,1.12646,1.12658,1.77,1.00
2014.10.16 03:22:42.713,1.12644,1.12658,2.21,1.19
2014.10.16 03:22:43.503,1.12645,1.12658,2.89,1.00
2014.10.16 03:22:47.685,1.12645,1.12657,3.64,1.00
2014.10.16 03:22:49.293,1.12646,1.12657,2.89,1.00
2014.10.16 03:22:51.093,1.12647,1.1266,1.46,1.25
2014.10.16 03:22:53.201,1.12647,1.1266,1.84,1.00
2014.10.16 03:22:54.021,1.12647,1.1266,1.84,1.00
2014.10.16 03:22:55.203,1.12647,1.12657,1.84,1.00
2014.10.16 03:22:55.509,1.12647,1.12652,1.00,1.00
2014.10.16 03:22:55.610,1.12641,1.12651,2.21,1.00
2014.10.16 03:22:55.712,1.1264,1.1265,1.27,1.00
2014.10.16 03:23:01.096,1.12638,1.12651,2.21,1.69
2014.10.16 03:23:03.270,1.12638,1.12651,1.84,1.84
2014.10.16 03:23:03.921,1.12638,1.12649,1.40,1.00
2014.10.16 03:23:06.191,1.12636,1.12648,1.34,1.00
2014.10.16 03:23:06.242,1.12635,1.12648,1.36,1.07
2014.10.16 03:23:13.778,1.12633,1.12647,1.34,1.29
2014.10.16 03:23:13.829,1.12633,1.12643,1.36,1.00
2014.10.16 03:23:13.879,1.1263,1.12643,2.21,1.00
2014.10.16 03:23:13.930,1.1263,1.12639,1.46,1.00
2014.10.16 03:23:14.212,1.12622,1.12637,1.09,1.36
2014.10.16 03:23:15.843,1.1262,1.12634,1.46,1.00
2014.10.16 03:23:16.352,1.12622,1.12636,1.34,1.29
2014.10.16 03:23:18.286,1.12621,1.12636,2.96,1.10
2014.10.16 03:23:19.353,1.12622,1.12634,1.34,1.00
2014.10.16 03:23:19.656,1.12622,1.12634,2.32,1.00
2014.10.16 03:23:19.909,1.12622,1.12636,3.45,1.25
2014.10.16 03:23:24.849,1.12623,1.12635,1.15,1.00
2014.10.16 03:23:25.379,1.1262,1.12635,1.71,1.00
2014.10.16 03:23:25.481,1.12619,1.12635,1.46,2.02
2014.10.16 03:23:37.926,1.1262,1.12635,3.26,2.51
2014.10.16 03:23:38.638,1.12621,1.12635,2.51,2.51
2014.10.16 03:23:38.880,1.12621,1.12635,2.51,1.76
2014.10.16 03:23:39.539,1.12622,1.12635,2.32,1.69
2014.10.16 03:23:44.905,1.12622,1.12638,2.51,2.96
2014.10.16 03:23:48.748,1.12623,1.12639,1.34,3.71
2014.10.16 03:23:59.071,1.12623,1.12639,3.26,3.64
2014.10.16 03:24:01.163,1.12623,1.12639,1.34,5.21
2014.10.16 03:24:01.214,1.12622,1.12637,1.40,1.29
2014.10.16 03:24:01.620,1.12619,1.12635,3.26,2.14
2014.10.16 03:24:02.025,1.12619,1.12632,3.07,1.19
2014.10.16 03:24:02.801,1.12619,1.12633,1.15,1.39
2014.10.16 03:24:03.306,1.12619,1.12634,1.34,2.21
2014.10.16 03:24:04.930,1.12619,1.12634,1.15,1.46
2014.10.16 03:24:06.551,1.12619,1.12632,1.40,1.00
2014.10.16 03:24:06.652,1.12619,1.1263,1.40,1.00
2014.10.16 03:24:06.905,1.12619,1.12634,1.46,1.36
2014.10.16 03:24:07.454,1.12619,1.12634,1.46,1.84
2014.10.16 03:24:08.892,1.12619,1.1263,1.46,1.00
2014.10.16 03:24:09.094,1.12619,1.12633,1.34,1.29
2014.10.16 03:24:09.636,1.12619,1.12633,1.40,1.01
2014.10.16 03:24:19.236,1.12619,1.12633,2.21,1.29
2014.10.16 03:24:19.287,1.12619,1.12633,2.21,1.19
2014.10.16 03:24:20.213,1.12619,1.12633,2.21,1.00
2014.10.16 03:24:22.618,1.12619,1.12635,2.21,1.39
2014.10.16 03:24:34.045,1.12619,1.12635,1.27,2.14
2014.10.16 03:24:35.055,1.12618,1.12635,3.26,1.39
2014.10.16 03:24:36.046,1.12618,1.12634,4.01,1.19
2014.10.16 03:24:39.052,1.12618,1.12635,4.01,2.14
2014.10.16 03:24:41.056,1.12619,1.12634,1.34,1.26
2014.10.16 03:24:45.164,1.1262,1.12635,1.34,2.21
2014.10.16 03:25:21.024,1.12621,1.12633,1.09,1.00
2014.10.16 03:25:39.614,1.12621,1.12633,1.09,1.19
2014.10.16 03:25:40.577,1.12621,1.12633,1.36,1.25
2014.10.16 03:25:41.083,1.1262,1.12632,1.15,1.00
2014.10.16 03:25:49.140,1.1262,1.12632,1.40,1.19
2014.10.16 03:25:52.127,1.1262,1.12632,1.34,1.25
2014.10.16 03:25:59.616,1.1262,1.12632,1.40,1.37
2014.10.16 03:25:59.871,1.12613,1.12625,1.00,1.46
2014.10.16 03:26:00.075,1.1261,1.12622,2.59,1.00
2014.10.16 03:26:00.685,1.1261,1.12622,1.76,1.07
2014.10.16 03:26:01.208,1.1261,1.12622,1.07,1.07
2014.10.16 03:26:20.978,1.12607,1.12621,1.34,1.32
2014.10.16 03:26:22.092,1.12609,1.12622,1.26,1.20
2014.10.16 03:26:23.219,1.12611,1.12623,1.76,1.07
2014.10.16 03:26:23.751,1.12609,1.12622,1.84,1.10
2014.10.16 03:26:51.765,1.12609,1.12623,1.34,2.25
2014.10.16 03:26:54.451,1.1261,1.12623,2.51,1.69
2014.10.16 03:27:08.053,1.12611,1.12623,1.17,1.50
2014.10.16 03:27:11.389,1.12609,1.12623,4.76,1.00
2014.10.16 03:27:13.890,1.1261,1.12624,1.34,1.31
2014.10.16 03:27:14.958,1.1261,1.12624,1.40,1.19
2014.10.16 03:27:16.446,1.1261,1.12622,1.40,1.00
2014.10.16 03:27:28.534,1.1261,1.12625,1.84,1.69
2014.10.16 03:27:28.938,1.1261,1.12625,1.84,1.84
2014.10.16 03:27:34.663,1.1261,1.12624,1.34,2.14
2014.10.16 03:27:34.714,1.1261,1.12623,1.17,1.39
2014.10.16 03:27:35.222,1.1261,1.12622,1.20,1.39
2014.10.16 03:27:44.217,1.12608,1.12615,1.26,1.57
2014.10.16 03:27:44.318,1.12604,1.12613,1.10,1.50
2014.10.16 03:27:44.521,1.12601,1.12613,1.29,1.57
2014.10.16 03:27:44.824,1.126,1.12611,1.09,1.00
2014.10.16 03:27:45.150,1.12597,1.12608,1.34,1.00
2014.10.16 03:27:45.520,1.12594,1.1261,1.34,2.96
2014.10.16 03:27:53.468,1.12595,1.12609,1.34,1.29
2014.10.16 03:27:54.498,1.12595,1.12609,1.34,1.01
2014.10.16 03:27:59.520,1.12595,1.12609,1.34,1.76
2014.10.16 03:28:11.516,1.12595,1.12609,1.34,1.01
2014.10.16 03:28:15.560,1.12595,1.12609,2.21,1.29
2014.10.16 03:28:16.531,1.12596,1.12609,1.36,1.01
2014.10.16 03:28:18.533,1.12595,1.12609,1.46,1.01
2014.10.16 03:28:24.546,1.12595,1.12609,2.21,1.29
2014.10.16 03:28:25.591,1.12595,1.12609,2.21,1.19
2014.10.16 03:28:26.103,1.12601,1.12609,1.00,1.00
2014.10.16 03:28:26.255,1.12605,1.12616,1.09,1.00
2014.10.16 03:28:26.407,1.12607,1.12618,1.00,1.10
2014.10.16 03:28:26.508,1.12608,1.12621,1.15,1.00
2014.10.16 03:28:26.812,1.1261,1.12622,2.32,1.00
2014.10.16 03:28:27.064,1.12613,1.12626,3.07,1.00
2014.10.16 03:28:27.691,1.12615,1.12626,2.32,1.00
2014.10.16 03:28:27.792,1.12615,1.12629,3.07,2.44
2014.10.16 03:28:28.301,1.12616,1.1263,1.84,1.39
2014.10.16 03:28:29.166,1.12615,1.1263,2.51,2.14
2014.10.16 03:28:44.245,1.12615,1.1263,3.26,1.76
2014.10.16 03:28:52.838,1.12615,1.1263,3.26,3.26
2014.10.16 03:28:53.141,1.12613,1.12628,2.70,1.29
2014.10.16 03:28:56.155,1.12614,1.12629,1.84,2.96
2014.10.16 03:28:57.752,1.12616,1.12629,1.34,1.69
2014.10.16 03:28:59.536,1.12615,1.12628,6.56,1.25
2014.10.16 03:28:59.637,1.12615,1.12627,1.84,1.00
2014.10.16 03:29:00.143,1.12614,1.12626,2.51,1.00
2014.10.16 03:29:00.244,1.12612,1.12626,4.39,1.00
2014.10.16 03:29:00.834,1.12614,1.12627,1.15,1.00
2014.10.16 03:29:01.268,1.12612,1.12625,3.64,1.00
2014.10.16 03:29:02.376,1.12616,1.12629,1.36,2.32
2014.10.16 03:29:02.427,1.12616,1.12629,1.46,1.50
2014.10.16 03:29:23.077,1.12618,1.12629,1.34,1.00
2014.10.16 03:29:25.997,1.12616,1.12629,1.40,1.01
2014.10.16 03:29:26.518,1.12617,1.12629,1.34,1.00
2014.10.16 03:29:28.151,1.12617,1.12628,1.15,1.69
2014.10.16 03:29:28.593,1.12616,1.12627,1.15,1.19
2014.10.16 03:29:28.745,1.12613,1.12626,1.84,1.25
2014.10.16 03:29:30.312,1.12615,1.12624,1.40,1.00
2014.10.16 03:29:32.582,1.12614,1.12626,1.15,1.25
2014.10.16 03:29:32.838,1.12614,1.12626,4.76,1.00
2014.10.16 03:29:34.472,1.12614,1.12624,4.01,1.00
2014.10.16 03:29:38.812,1.12614,1.12624,1.34,1.00
2014.10.16 03:29:39.398,1.12614,1.12626,1.84,1.00
2014.10.16 03:29:43.061,1.12612,1.12623,4.01,1.00
2014.10.16 03:29:45.137,1.12615,1.12624,1.15,1.00
2014.10.16 03:29:45.643,1.12613,1.12623,1.09,1.00
2014.10.16 03:29:45.946,1.12613,1.12623,1.00,1.00
2014.10.16 03:29:46.149,1.12613,1.12623,1.17,1.00
2014.10.16 03:29:53.166,1.12613,1.12623,1.00,1.00
2014.10.16 03:29:56.499,1.12611,1.12622,1.84,1.00
2014.10.16 03:30:06.130,1.12611,1.12622,1.40,1.25
2014.10.16 03:30:06.822,1.12611,1.12622,1.40,1.25
2014.10.16 03:30:10.237,1.1261,1.12621,1.40,1.00
2014.10.16 03:30:26.617,1.1261,1.12621,5.25,1.00
2014.10.16 03:30:32.991,1.1261,1.12621,1.40,1.25
2014.10.16 03:31:09.150,1.12609,1.12618,1.15,1.00
2014.10.16 03:31:09.302,1.12603,1.12615,1.15,1.12
2014.10.16 03:31:09.403,1.12602,1.12612,1.15,1.00
2014.10.16 03:31:09.707,1.12602,1.12613,3.07,1.00
2014.10.16 03:31:09.859,1.12602,1.12617,3.07,1.10
2014.10.16 03:31:10.390,1.12604,1.12617,1.15,1.00
2014.10.16 03:31:12.061,1.12606,1.12617,2.32,1.00
2014.10.16 03:31:12.162,1.12608,1.1262,1.15,1.00
2014.10.16 03:31:18.592,1.12609,1.1262,2.51,1.25
2014.10.16 03:31:38.998,1.12608,1.1262,1.34,1.25
2014.10.16 03:31:42.875,1.1261,1.12622,1.34,1.25
2014.10.16 03:31:44.997,1.12609,1.12621,1.84,1.00
2014.10.16 03:31:46.894,1.12612,1.12621,1.29,1.00
2014.10.16 03:31:46.946,1.12613,1.12621,1.62,1.00
2014.10.16 03:31:47.149,1.12617,1.12629,3.07,1.25
2014.10.16 03:32:07.032,1.12618,1.12629,2.51,1.00
2014.10.16 03:32:40.912,1.12618,1.12629,1.34,1.00
2014.10.16 03:32:40.963,1.12618,1.12629,1.34,1.00
2014.10.16 03:32:47.232,1.12618,1.12633,1.71,1.84
2014.10.16 03:32:55.218,1.1262,1.12629,1.10,1.00
2014.10.16 03:33:00.951,1.1262,1.12629,1.07,1.00
2014.10.16 03:33:07.612,1.1262,1.12629,1.15,1.00
2014.10.16 03:33:07.916,1.12622,1.12633,1.65,1.00
2014.10.16 03:33:08.017,1.12627,1.12636,1.15,1.00
2014.10.16 03:33:08.422,1.12629,1.1264,1.15,1.25
2014.10.16 03:33:08.524,1.12631,1.1264,2.32,1.00
2014.10.16 03:33:08.574,1.12633,1.12643,1.15,1.00
2014.10.16 03:33:08.726,1.12633,1.12643,3.07,1.00
2014.10.16 03:33:08.878,1.12634,1.12647,4.50,1.25
2014.10.16 03:33:08.980,1.12636,1.12647,2.32,1.25
2014.10.16 03:33:09.081,1.12636,1.12649,4.50,1.12
2014.10.16 03:33:10.650,1.12634,1.12649,2.32,1.12
2014.10.16 03:33:11.193,1.12634,1.1265,3.26,2.06
2014.10.16 03:33:12.239,1.12633,1.12649,1.15,2.96
2014.10.16 03:33:12.792,1.12633,1.12649,1.15,2.21
2014.10.16 03:33:12.842,1.12633,1.12643,1.15,1.00
2014.10.16 03:33:13.045,1.12627,1.1264,1.34,1.56
2014.10.16 03:33:13.146,1.12627,1.1264,2.51,1.19
2014.10.16 03:33:16.434,1.12628,1.12642,2.51,1.69
2014.10.16 03:33:17.430,1.12628,1.12642,2.51,1.25
2014.10.16 03:33:18.437,1.12628,1.12642,2.51,1.19
2014.10.16 03:33:21.617,1.12628,1.12642,3.26,1.00
2014.10.16 03:33:24.894,1.12629,1.12641,1.34,1.37
2014.10.16 03:33:25.249,1.12628,1.12643,4.01,1.19
2014.10.16 03:33:27.629,1.12629,1.12643,1.34,1.31
2014.10.16 03:33:28.580,1.12627,1.12642,4.39,2.51
2014.10.16 03:33:28.885,1.12629,1.12642,2.51,2.81
2014.10.16 03:33:30.583,1.12629,1.12642,2.51,1.69
2014.10.16 03:33:30.684,1.12629,1.12642,2.51,2.06
2014.10.16 03:33:31.191,1.12629,1.12642,4.39,1.25
2014.10.16 03:33:32.634,1.12629,1.12639,3.64,1.00
2014.10.16 03:33:34.785,1.12628,1.12639,1.15,1.25
2014.10.16 03:33:35.327,1.12627,1.12638,2.32,1.00
2014.10.16 03:33:39.127,1.12629,1.1264,1.15,1.25
2014.10.16 03:33:39.178,1.12629,1.1264,3.45,1.25
2014.10.16 03:33:39.229,1.12629,1.12642,3.64,1.25
2014.10.16 03:33:40.675,1.1263,1.12641,1.09,1.00
2014.10.16 03:33:40.777,1.12627,1.12638,3.82,1.00
2014.10.16 03:33:47.017,1.12628,1.12639,1.15,1.25
2014.10.16 03:33:47.270,1.1263,1.12641,1.36,1.00
2014.10.16 03:33:48.634,1.1263,1.12641,1.17,2.06
2014.10.16 03:33:48.685,1.12628,1.12639,1.09,1.00
2014.10.16 03:33:48.786,1.12626,1.12635,2.21,1.00
2014.10.16 03:33:52.000,1.12628,1.12639,1.17,1.69
2014.10.16 03:33:52.152,1.12628,1.12639,1.17,1.00
2014.10.16 03:33:53.426,1.12626,1.12637,1.34,1.00
2014.10.16 03:33:55.722,1.12628,1.12638,1.17,1.25
2014.10.16 03:33:56.177,1.12629,1.1264,1.01,1.25
2014.10.16 03:33:56.229,1.12629,1.1264,1.40,1.00
2014.10.16 03:33:58.622,1.12629,1.1264,1.15,1.31
2014.10.16 03:33:59.644,1.12629,1.1264,1.15,1.31
2014.10.16 03:34:02.337,1.12627,1.12638,4.01,1.00
2014.10.16 03:34:02.727,1.12627,1.12636,1.15,1.00
2014.10.16 03:34:03.536,1.12628,1.12639,1.17,1.19
2014.10.16 03:34:04.072,1.12628,1.12639,1.09,1.00
2014.10.16 03:34:04.224,1.1263,1.12639,1.40,1.00
2014.10.16 03:34:06.275,1.12628,1.12637,3.07,1.00
2014.10.16 03:34:06.327,1.12628,1.12637,1.15,1.00
2014.10.16 03:34:06.429,1.12626,1.12637,1.34,1.00
2014.10.16 03:34:07.374,1.12625,1.12636,1.84,1.00
2014.10.16 03:34:27.065,1.12625,1.12636,3.82,1.00
2014.10.16 03:34:43.318,1.12625,1.12636,1.15,1.00
2014.10.16 03:34:47.418,1.12625,1.12636,1.01,1.00
2014.10.16 03:34:49.966,1.12624,1.12633,1.17,1.00
2014.10.16 03:34:57.127,1.12625,1.12636,1.01,1.25
2014.10.16 03:34:59.866,1.12624,1.12633,1.09,1.00
2014.10.16 03:35:10.527,1.12625,1.12634,1.10,1.25
2014.10.16 03:35:15.961,1.12625,1.12634,1.15,1.00
2014.10.16 03:35:22.087,1.12625,1.12636,1.15,1.00
2014.10.16 03:35:53.298,1.12625,1.12636,1.40,1.00
2014.10.16 03:35:56.113,1.12627,1.12638,1.40,1.25
2014.10.16 03:36:08.974,1.12625,1.12636,1.84,1.00
2014.10.16 03:36:09.026,1.12625,1.12636,1.84,1.00
2014.10.16 03:36:09.127,1.12627,1.12638,1.10,1.10
2014.10.16 03:36:09.798,1.12627,1.12638,1.17,1.00
2014.10.16 03:36:19.332,1.12627,1.12638,1.40,1.00
2014.10.16 03:36:29.113,1.12627,1.12639,1.40,1.00
2014.10.16 03:36:41.952,1.12627,1.12639,2.96,1.00
2014.10.16 03:36:42.104,1.12632,1.12642,1.07,1.25
2014.10.16 03:36:42.205,1.12633,1.12645,1.17,1.29
2014.10.16 03:36:42.513,1.12633,1.12645,1.34,1.25
2014.10.16 03:36:42.766,1.12637,1.12649,1.15,1.00
2014.10.16 03:36:42.868,1.12639,1.1265,1.84,1.25
2014.10.16 03:36:43.071,1.12643,1.12656,1.40,1.25
2014.10.16 03:36:43.224,1.12644,1.1266,2.59,1.84
2014.10.16 03:36:43.275,1.12644,1.1266,6.94,1.69
2014.10.16 03:36:43.326,1.12645,1.1266,1.34,1.00
2014.10.16 03:36:43.831,1.12647,1.12659,1.15,1.00
2014.10.16 03:36:59.074,1.12647,1.12659,1.07,1.32
2014.10.16 03:37:06.159,1.12647,1.12659,1.07,1.25
2014.10.16 03:37:16.475,1.12647,1.12659,1.40,1.19
2014.10.16 03:37:20.519,1.12647,1.12659,1.40,1.00
2014.10.16 03:37:46.719,1.12646,1.12661,3.64,1.39
2014.10.16 03:37:57.686,1.12646,1.12662,2.89,1.46
2014.10.16 03:38:11.720,1.12646,1.12661,3.64,1.29
2014.10.16 03:38:18.695,1.12646,1.12662,2.89,1.46
2014.10.16 03:38:20.699,1.12646,1.12663,3.64,3.71
2014.10.16 03:38:23.066,1.12646,1.12663,3.26,3.71
2014.10.16 03:38:23.421,1.12645,1.12661,1.46,2.21
2014.10.16 03:38:24.452,1.12645,1.12659,1.40,1.29
2014.10.16 03:38:25.412,1.12645,1.12659,1.34,1.01
2014.10.16 03:38:27.441,1.12645,1.1266,1.84,1.39
2014.10.16 03:38:29.453,1.12645,1.12661,1.34,2.96
2014.10.16 03:38:30.827,1.12646,1.12661,3.26,2.14
2014.10.16 03:38:31.422,1.12646,1.1266,3.26,1.31
2014.10.16 03:38:33.439,1.12646,1.12661,3.26,1.66
2014.10.16 03:38:36.432,1.12646,1.12661,4.01,2.14
2014.10.16 03:38:38.464,1.12646,1.12661,3.26,1.66
2014.10.16 03:38:41.488,1.12646,1.12661,4.01,2.14
2014.10.16 03:38:42.444,1.12646,1.12661,3.26,1.66
2014.10.16 03:38:49.595,1.12646,1.12662,3.26,1.39
2014.10.16 03:38:51.069,1.12646,1.12662,1.34,1.36
2014.10.16 03:38:51.592,1.12646,1.12661,1.84,1.26
2014.10.16 03:38:52.582,1.12646,1.12662,1.84,1.36
2014.10.16 03:38:56.579,1.12646,1.12661,1.84,1.26
2014.10.16 03:38:57.584,1.12646,1.12662,1.84,1.36
2014.10.16 03:39:11.398,1.12648,1.12663,1.46,1.29
2014.10.16 03:39:11.500,1.12652,1.12664,1.17,1.19
2014.10.16 03:39:11.809,1.12656,1.12668,1.40,1.50
2014.10.16 03:39:11.911,1.1266,1.1267,1.10,1.10
2014.10.16 03:39:12.164,1.12661,1.12673,1.20,1.09
2014.10.16 03:39:14.475,1.1266,1.12671,1.84,1.00
2014.10.16 03:39:16.536,1.1266,1.12668,1.15,1.00
2014.10.16 03:39:16.789,1.12652,1.12663,2.36,1.10
2014.10.16 03:39:16.891,1.12656,1.12661,1.10,1.00
2014.10.16 03:39:16.992,1.12657,1.12666,1.65,1.00
2014.10.16 03:39:17.093,1.1266,1.1267,1.10,1.25
2014.10.16 03:39:17.296,1.12659,1.12669,1.15,1.00
2014.10.16 03:39:17.985,1.12659,1.12669,1.15,1.00
2014.10.16 03:39:20.950,1.12659,1.12669,1.84,1.00
2014.10.16 03:39:21.944,1.12659,1.12669,1.40,1.00
2014.10.16 03:39:23.583,1.12659,1.12668,1.07,1.00
2014.10.16 03:39:23.736,1.12657,1.12669,1.19,1.17
2014.10.16 03:39:23.888,1.12656,1.12666,1.01,1.00
2014.10.16 03:39:24.090,1.12652,1.12665,1.76,1.09
2014.10.16 03:39:24.242,1.12651,1.12662,1.84,1.00
2014.10.16 03:39:26.437,1.1265,1.12662,1.76,1.10
2014.10.16 03:39:28.103,1.12652,1.12663,1.00,1.17
2014.10.16 03:39:32.168,1.1265,1.12662,1.76,1.01
2014.10.16 03:39:33.278,1.12651,1.12661,1.00,1.00
2014.10.16 03:39:47.054,1.12651,1.12661,1.00,1.07
2014.10.16 03:39:55.376,1.1265,1.12659,1.01,1.00
2014.10.16 03:40:01.465,1.1265,1.12659,1.09,1.00
2014.10.16 03:40:10.404,1.1265,1.12659,1.84,1.00
2014.10.16 03:40:10.455,1.12651,1.12662,1.34,1.00
2014.10.16 03:40:10.736,1.12655,1.12665,1.00,1.01
2014.10.16 03:40:18.577,1.12657,1.12666,1.00,1.25
2014.10.16 03:40:21.971,1.12655,1.12664,1.10,1.00
2014.10.16 03:40:33.439,1.12655,1.12664,1.29,1.00
2014.10.16 03:40:34.154,1.12655,1.12664,1.26,1.00
2014.10.16 03:40:34.538,1.12656,1.12667,1.36,1.00
2014.10.16 03:40:42.793,1.12657,1.12668,1.76,1.00
2014.10.16 03:40:45.989,1.12657,1.12668,1.84,1.00
2014.10.16 03:40:50.786,1.12658,1.12668,1.84,1.00
2014.10.16 03:40:53.886,1.12658,1.12668,1.09,1.00
2014.10.16 03:41:02.899,1.12658,1.12668,2.21,1.00
2014.10.16 03:41:05.104,1.12659,1.12669,1.29,1.00
2014.10.16 03:41:11.167,1.12659,1.12669,1.10,1.00
2014.10.16 03:41:15.141,1.12659,1.12669,1.29,1.00
2014.10.16 03:41:16.173,1.12659,1.12669,1.01,1.00
2014.10.16 03:41:17.314,1.12659,1.12669,1.32,1.00
2014.10.16 03:41:36.976,1.12659,1.12669,1.84,1.00
2014.10.16 03:41:41.965,1.12661,1.12673,1.00,2.59
2014.10.16 03:41:42.087,1.12661,1.12669,1.00,1.19
2014.10.16 03:41:42.188,1.12661,1.12672,1.00,1.29
2014.10.16 03:41:42.855,1.12659,1.12669,1.17,1.00
2014.10.16 03:41:45.815,1.12662,1.12673,1.00,1.36
2014.10.16 03:41:46.170,1.12667,1.12674,1.00,1.40
2014.10.16 03:42:03.120,1.12662,1.12674,1.32,1.07
2014.10.16 03:42:04.218,1.12662,1.12674,1.00,2.14
2014.10.16 03:42:05.305,1.12662,1.12674,1.10,2.21
2014.10.16 03:42:05.406,1.12667,1.12674,1.00,1.29
2014.10.16 03:42:05.558,1.12667,1.12675,1.00,1.01
2014.10.16 03:42:07.043,1.12662,1.12674,1.40,1.00
2014.10.16 03:42:07.145,1.12662,1.12674,1.15,1.69
2014.10.16 03:42:08.397,1.12668,1.12676,1.00,2.51
2014.10.16 03:42:09.150,1.12668,1.12676,1.00,1.76
2014.10.16 03:42:09.819,1.12662,1.12674,1.40,1.00
2014.10.16 03:42:10.324,1.12662,1.12674,1.17,1.36
2014.10.16 03:42:10.427,1.12662,1.12674,1.10,1.36
2014.10.16 03:42:18.279,1.12662,1.12672,1.00,1.40
2014.10.16 03:42:18.784,1.12662,1.12673,1.00,1.34
2014.10.16 03:42:21.894,1.12659,1.12671,1.40,1.10
2014.10.16 03:42:26.516,1.12659,1.12671,1.40,1.00
2014.10.16 03:42:27.397,1.12665,1.12673,1.00,1.00
2014.10.16 03:42:27.940,1.12665,1.12675,1.00,1.29
2014.10.16 03:42:29.407,1.12659,1.12671,1.34,1.00
2014.10.16 03:42:31.588,1.12665,1.12675,1.00,2.14
2014.10.16 03:42:32.683,1.12665,1.12675,1.00,1.29
2014.10.16 03:42:33.346,1.1266,1.1267,2.59,1.00
2014.10.16 03:42:33.895,1.1266,1.1267,1.40,1.00
2014.10.16 03:42:39.623,1.12664,1.12674,1.00,1.34
2014.10.16 03:42:39.725,1.12664,1.12676,1.00,1.84
2014.10.16 03:42:41.402,1.12661,1.12671,1.15,1.00
2014.10.16 03:42:49.611,1.12659,1.12671,1.84,1.00
2014.10.16 03:42:53.606,1.12665,1.12675,1.00,1.84
2014.10.16 03:42:54.803,1.12667,1.12675,1.00,1.34
2014.10.16 03:42:56.599,1.12667,1.12677,1.00,1.84
2014.10.16 03:43:02.621,1.12667,1.12675,1.00,1.26
2014.10.16 03:43:03.408,1.12664,1.12675,1.10,1.26
2014.10.16 03:43:03.806,1.12661,1.1267,2.59,1.00
2014.10.16 03:43:05.343,1.12664,1.12674,1.10,1.29
2014.10.16 03:43:05.928,1.12664,1.12675,1.10,1.76
2014.10.16 03:43:07.123,1.1266,1.1267,2.59,1.00
2014.10.16 03:43:11.977,1.1266,1.1267,1.84,1.00
2014.10.16 03:43:13.836,1.12664,1.12674,1.00,1.36
2014.10.16 03:43:14.194,1.12667,1.12675,1.00,1.84
2014.10.16 03:43:14.734,1.12667,1.12675,1.00,1.36
2014.10.16 03:43:15.243,1.12667,1.12676,1.00,1.34
2014.10.16 03:43:17.248,1.12667,1.12675,1.00,1.36
2014.10.16 03:43:18.286,1.12667,1.12676,1.00,1.34
2014.10.16 03:43:21.961,1.12667,1.12677,1.00,1.10
2014.10.16 03:43:22.062,1.12667,1.12677,1.84,1.00
2014.10.16 03:43:22.113,1.12671,1.1268,1.00,1.00
2014.10.16 03:43:22.417,1.12676,1.12684,1.00,1.76
2014.10.16 03:43:22.519,1.12676,1.12687,1.00,2.59
2014.10.16 03:43:23.512,1.12676,1.12686,1.00,1.29
2014.10.16 03:43:24.164,1.12671,1.12683,1.84,1.00
2014.10.16 03:43:24.619,1.12676,1.12686,1.00,1.29
2014.10.16 03:43:25.397,1.12676,1.12687,1.00,1.36
2014.10.16 03:43:26.041,1.12672,1.12683,1.34,1.00
2014.10.16 03:43:26.395,1.12677,1.12686,1.00,1.29
2014.10.16 03:43:27.430,1.12677,1.12687,1.00,1.84
2014.10.16 03:43:28.143,1.12672,1.12682,1.65,1.00
2014.10.16 03:43:28.345,1.12676,1.12686,1.00,1.29
2014.10.16 03:43:28.860,1.12675,1.12686,1.00,1.29
2014.10.16 03:43:29.406,1.12675,1.12686,1.00,1.76
2014.10.16 03:43:30.116,1.12672,1.12683,1.34,1.00
2014.10.16 03:43:30.470,1.12668,1.12682,1.19,3.34
2014.10.16 03:43:30.773,1.12665,1.12676,1.34,1.00
2014.10.16 03:43:31.128,1.12663,1.12678,4.84,1.40
2014.10.16 03:43:32.651,1.12669,1.12677,1.00,1.15
2014.10.16 03:43:32.804,1.12669,1.12681,1.00,1.84
2014.10.16 03:43:34.643,1.12665,1.12678,1.15,1.00
2014.10.16 03:43:34.845,1.1267,1.1268,1.00,1.15
2014.10.16 03:43:35.304,1.12672,1.12681,1.00,1.15
2014.10.16 03:43:35.405,1.12672,1.12681,1.00,1.10
2014.10.16 03:43:36.294,1.12672,1.12682,1.10,1.01
2014.10.16 03:43:36.395,1.12677,1.12685,1.00,1.84
2014.10.16 03:43:36.497,1.12677,1.12686,1.00,1.29
2014.10.16 03:43:37.014,1.12677,1.12687,1.00,2.59
2014.10.16 03:43:37.577,1.12677,1.12687,1.00,3.34
2014.10.16 03:43:38.163,1.12673,1.12685,1.17,1.19
2014.10.16 03:43:38.466,1.12678,1.12687,1.00,3.34
2014.10.16 03:43:38.517,1.12678,1.12687,1.00,3.34
2014.10.16 03:43:40.184,1.12678,1.12685,1.00,1.34
2014.10.16 03:43:40.235,1.12673,1.12685,1.10,1.84
2014.10.16 03:43:40.336,1.12679,1.12685,1.00,1.34
2014.10.16 03:43:40.488,1.12679,1.12687,1.00,3.34
2014.10.16 03:43:42.444,1.12679,1.12689,1.00,4.09
2014.10.16 03:43:43.696,1.12679,1.12689,1.00,4.09
2014.10.16 03:43:44.775,1.12679,1.12685,1.00,1.19
2014.10.16 03:43:52.465,1.12679,1.12686,1.00,1.39
2014.10.16 03:43:59.501,1.12679,1.12685,1.00,1.19
2014.10.16 03:44:00.375,1.12673,1.12684,1.40,1.25
2014.10.16 03:44:00.426,1.12672,1.12683,1.15,1.19
2014.10.16 03:44:00.527,1.12672,1.12683,1.00,1.39
2014.10.16 03:44:01.914,1.12677,1.12683,1.00,1.39
2014.10.16 03:44:02.925,1.12677,1.12684,1.00,1.19
2014.10.16 03:44:03.582,1.12673,1.12683,1.10,1.25
2014.10.16 03:44:03.734,1.12673,1.12683,1.00,1.84
2014.10.16 03:44:04.240,1.12673,1.12681,1.00,1.36
2014.10.16 03:44:08.735,1.1267,1.12681,1.10,1.84
2014.10.16 03:44:11.462,1.12669,1.12681,1.00,1.34
2014.10.16 03:44:17.300,1.12665,1.12679,2.40,1.84
2014.10.16 03:44:17.452,1.12665,1.12675,1.00,1.01
2014.10.16 03:44:17.553,1.12663,1.12675,1.10,1.01
2014.10.16 03:44:18.424,1.12662,1.12675,1.17,1.29
2014.10.16 03:44:19.002,1.12662,1.12675,1.00,1.34
2014.10.16 03:44:21.433,1.12662,1.12673,1.00,1.29
2014.10.16 03:44:23.438,1.12662,1.12673,1.00,1.01
2014.10.16 03:44:24.441,1.12662,1.12672,1.00,1.25
2014.10.16 03:44:26.446,1.12662,1.12673,1.00,1.01
2014.10.16 03:44:28.465,1.12662,1.12673,1.00,1.29
2014.10.16 03:44:30.816,1.12661,1.1267,1.10,1.00
2014.10.16 03:44:30.968,1.12661,1.12672,1.10,1.69
2014.10.16 03:44:31.556,1.12663,1.12672,1.00,1.25
2014.10.16 03:44:31.876,1.12665,1.12672,1.25,1.00
2014.10.16 03:44:31.977,1.12663,1.12672,1.25,1.00
2014.10.16 03:44:33.468,1.1266,1.12672,1.36,1.00
2014.10.16 03:44:34.885,1.1266,1.12672,1.40,1.00
2014.10.16 03:44:39.076,1.1266,1.12672,1.36,1.10
2014.10.16 03:44:45.513,1.12659,1.12672,3.26,1.00
2014.10.16 03:45:25.178,1.12661,1.1267,1.34,1.00
2014.10.16 03:45:25.279,1.12658,1.12672,1.57,1.15
2014.10.16 03:45:25.330,1.12658,1.12672,3.19,1.07
2014.10.16 03:45:25.381,1.12658,1.12671,1.26,1.20
2014.10.16 03:45:25.483,1.12658,1.12671,1.00,1.30
2014.10.16 03:45:25.988,1.12655,1.12668,1.84,1.10
2014.10.16 03:45:26.139,1.1266,1.12671,1.00,2.74
2014.10.16 03:45:26.190,1.1266,1.12671,1.00,2.59
2014.10.16 03:45:26.696,1.1266,1.12671,1.00,1.34
2014.10.16 03:45:36.840,1.1266,1.1267,1.00,1.39
2014.10.16 03:45:37.244,1.1266,1.12671,1.00,1.09
2014.10.16 03:45:37.597,1.12655,1.12668,2.59,1.00
2014.10.16 03:45:38.894,1.12661,1.1267,1.00,1.01
2014.10.16 03:45:41.195,1.12658,1.12669,1.10,1.00
2014.10.16 03:45:46.021,1.12659,1.12669,1.00,1.25
2014.10.16 03:45:47.436,1.12658,1.12669,1.10,1.00
2014.10.16 03:45:52.004,1.12658,1.12669,1.29,1.00
2014.10.16 03:45:52.907,1.12658,1.12669,1.10,1.69
2014.10.16 03:45:53.982,1.12658,1.12668,1.10,1.19
2014.10.16 03:45:54.996,1.12658,1.12669,1.10,1.69
2014.10.16 03:45:57.075,1.12658,1.12669,1.15,1.69
2014.10.16 03:45:57.974,1.12658,1.12668,1.15,1.25
2014.10.16 03:45:59.008,1.12658,1.12668,1.15,1.19
2014.10.16 03:46:06.012,1.12658,1.12668,1.15,1.25
2014.10.16 03:46:08.998,1.12658,1.12669,1.15,1.69
2014.10.16 03:46:13.257,1.12658,1.12669,1.09,1.07
2014.10.16 03:46:17.064,1.12655,1.12668,1.65,1.10
2014.10.16 03:46:17.367,1.1265,1.1266,1.10,1.00
2014.10.16 03:46:17.872,1.12649,1.1266,1.50,1.20
2014.10.16 03:46:18.205,1.12649,1.1266,1.65,1.00
2014.10.16 03:46:23.185,1.12649,1.1266,1.10,1.07
2014.10.16 03:46:41.899,1.12648,1.12659,1.07,1.17
2014.10.16 03:46:42.443,1.12648,1.12659,1.00,1.15
2014.10.16 03:46:42.847,1.12642,1.1265,1.65,1.00
2014.10.16 03:46:42.999,1.12638,1.12649,1.15,1.00
2014.10.16 03:46:43.050,1.12638,1.12649,1.00,1.17
2014.10.16 03:46:43.505,1.12637,1.1265,1.00,3.07
2014.10.16 03:46:45.375,1.12633,1.12646,1.39,1.15
2014.10.16 03:46:46.125,1.12632,1.12646,1.84,1.15
2014.10.16 03:46:46.630,1.12632,1.12648,2.59,1.40
2014.10.16 03:46:50.437,1.1264,1.12649,1.00,1.34
2014.10.16 03:47:01.517,1.12639,1.1265,1.00,5.62
2014.10.16 03:47:01.619,1.12632,1.12648,1.19,2.51
2014.10.16 03:47:02.124,1.12632,1.12648,1.36,1.34
2014.10.16 03:47:09.802,1.12631,1.12646,1.76,1.15
2014.10.16 03:47:11.589,1.12631,1.12646,1.76,1.15
2014.10.16 03:47:12.579,1.12631,1.12646,2.51,1.15
2014.10.16 03:47:13.753,1.12632,1.12646,1.19,1.15
2014.10.16 03:47:14.567,1.12631,1.12646,2.51,1.15
2014.10.16 03:47:16.571,1.12632,1.12646,1.69,1.15
2014.10.16 03:47:17.587,1.12632,1.12646,1.69,1.15
2014.10.16 03:47:18.616,1.12632,1.12646,1.69,1.15
2014.10.16 03:47:19.581,1.12632,1.12646,1.69,1.15
2014.10.16 03:47:24.863,1.12632,1.12644,1.50,1.36
2014.10.16 03:47:26.609,1.12632,1.12644,1.50,1.34
2014.10.16 03:47:27.944,1.12636,1.12645,1.00,1.40
2014.10.16 03:47:28.462,1.12636,1.12645,1.00,1.40
2014.10.16 03:47:29.788,1.12636,1.12646,1.00,1.34
2014.10.16 03:47:30.293,1.12636,1.12646,1.00,1.34
2014.10.16 03:47:30.965,1.12636,1.12645,1.00,1.39
2014.10.16 03:47:31.996,1.12636,1.12646,1.00,1.34
2014.10.16 03:47:32.299,1.12636,1.12648,1.25,2.51
2014.10.16 03:47:32.819,1.12636,1.12649,1.25,4.01
2014.10.16 03:47:53.022,1.12636,1.12648,1.00,2.51
2014.10.16 03:47:59.750,1.1264,1.12648,1.00,3.26
2014.10.16 03:48:04.567,1.1264,1.12649,1.00,1.40
2014.10.16 03:48:04.618,1.12637,1.1265,1.00,4.01
2014.10.16 03:48:04.720,1.12639,1.1265,1.00,4.01
2014.10.16 03:48:04.872,1.12639,1.1265,1.00,1.84
2014.10.16 03:48:06.394,1.12639,1.1265,1.20,1.00
2014.10.16 03:48:06.919,1.12639,1.1265,1.00,1.15
2014.10.16 03:48:10.743,1.12639,1.1265,1.07,1.07
2014.10.16 03:48:10.794,1.12644,1.1265,1.00,1.00
2014.10.16 03:48:31.841,1.1264,1.1265,1.84,1.00
2014.10.16 03:48:32.043,1.12638,1.1265,1.40,1.00
2014.10.16 03:48:32.195,1.12637,1.1265,1.29,1.07
2014.10.16 03:48:33.117,1.12636,1.1265,1.76,1.84
2014.10.16 03:48:33.655,1.12638,1.1265,1.00,1.34
2014.10.16 03:48:35.495,1.12638,1.12651,1.00,1.46
2014.10.16 03:48:36.035,1.12638,1.12651,1.00,1.46
2014.10.16 03:48:37.609,1.1264,1.1265,1.00,1.36
2014.10.16 03:48:52.218,1.1264,1.1265,1.00,1.84
2014.10.16 03:48:52.521,1.1264,1.1265,1.00,1.84
2014.10.16 03:49:05.652,1.1264,1.1265,1.00,1.36
2014.10.16 03:49:10.792,1.12644,1.1265,1.00,1.00
2014.10.16 03:49:11.402,1.12649,1.12657,1.00,1.34
2014.10.16 03:49:11.453,1.12649,1.1266,1.00,1.17
2014.10.16 03:49:13.592,1.12649,1.1266,1.20,1.25
2014.10.16 03:49:17.421,1.12649,1.1266,1.20,1.19
2014.10.16 03:49:21.461,1.12649,1.1266,1.09,1.25
2014.10.16 03:49:23.709,1.12648,1.12658,1.34,1.00
2014.10.16 03:49:24.012,1.12644,1.12653,1.36,1.00
2014.10.16 03:49:26.647,1.12643,1.12653,2.59,1.00
2014.10.16 03:49:34.674,1.12644,1.12653,1.36,1.00
2014.10.16 03:49:36.705,1.12643,1.12653,2.59,1.00
2014.10.16 03:49:41.479,1.12643,1.12653,1.76,1.00
2014.10.16 03:49:50.759,1.12643,1.12652,1.29,1.00
2014.10.16 03:49:52.626,1.12643,1.12652,1.76,1.00
2014.10.16 03:49:54.611,1.12643,1.12652,1.29,1.00
2014.10.16 03:49:57.635,1.12643,1.12652,1.29,1.00
2014.10.16 03:50:42.916,1.12642,1.12652,1.84,1.00
2014.10.16 03:50:47.505,1.12642,1.12652,1.84,1.00
2014.10.16 03:50:48.041,1.12643,1.12652,1.36,1.00
2014.10.16 03:50:48.824,1.12642,1.12652,1.84,1.00
2014.10.16 03:50:50.881,1.12642,1.12655,1.84,1.00
2014.10.16 03:50:56.890,1.12643,1.12655,1.36,1.00
2014.10.16 03:50:57.882,1.12642,1.12655,1.84,1.00
2014.10.16 03:50:58.872,1.12643,1.12655,1.36,1.00
2014.10.16 03:50:59.862,1.12642,1.12655,1.84,1.00
2014.10.16 03:51:03.853,1.12644,1.12655,1.29,1.00
2014.10.16 03:51:08.864,1.12643,1.12655,1.36,1.25
2014.10.16 03:51:14.370,1.12641,1.12655,2.59,1.17
2014.10.16 03:51:14.986,1.12641,1.12655,1.84,1.09
2014.10.16 03:51:16.000,1.12641,1.12656,2.59,1.40
2014.10.16 03:51:20.989,1.12642,1.12656,1.29,1.34
2014.10.16 03:51:23.001,1.12641,1.12656,2.59,1.40
2014.10.16 03:51:31.036,1.12641,1.12654,1.36,1.10
2014.10.16 03:51:31.960,1.1264,1.12654,1.36,1.65
2014.10.16 03:51:32.264,1.12635,1.12641,3.00,1.10
2014.10.16 03:51:32.668,1.12632,1.12642,1.00,1.09
2014.10.16 03:51:33.201,1.12631,1.12642,1.01,1.17
2014.10.16 03:51:34.393,1.12631,1.12642,1.00,6.19
2014.10.16 03:51:34.696,1.12627,1.12638,1.19,1.15
2014.10.16 03:51:34.747,1.12625,1.12638,1.69,1.15
2014.10.16 03:51:34.949,1.12625,1.12637,1.25,1.15
2014.10.16 03:51:35.810,1.12625,1.12638,1.69,1.40
2014.10.16 03:51:35.860,1.12625,1.12639,1.69,3.26
2014.10.16 03:51:36.581,1.12625,1.12638,1.19,2.32
2014.10.16 03:51:36.834,1.12624,1.12637,1.19,3.07
2014.10.16 03:51:38.874,1.12622,1.12637,1.29,3.07
2014.10.16 03:51:40.000,1.12622,1.12637,1.76,3.07
2014.10.16 03:51:40.911,1.12622,1.12637,2.14,1.15
2014.10.16 03:51:41.063,1.12625,1.12637,1.19,1.15
2014.10.16 03:51:42.070,1.12624,1.12637,1.31,1.15
2014.10.16 03:51:44.043,1.12623,1.12637,1.56,1.15
2014.10.16 03:51:45.282,1.12625,1.12639,1.26,3.26
2014.10.16 03:51:45.332,1.12625,1.12641,1.34,3.34
2014.10.16 03:51:45.688,1.12628,1.12641,1.76,1.07
2014.10.16 03:51:45.790,1.12628,1.12641,1.84,1.10
2014.10.16 03:51:45.891,1.12628,1.12641,2.59,1.00
2014.10.16 03:51:46.397,1.1263,1.12645,1.34,1.40
2014.10.16 03:51:47.056,1.12631,1.12645,1.36,1.15
2014.10.16 03:51:48.071,1.1263,1.12639,3.34,1.00
2014.10.16 03:52:04.707,1.12629,1.12639,1.29,1.10
2014.10.16 03:52:13.220,1.12629,1.12639,1.84,1.00
2014.10.16 03:52:27.113,1.12631,1.12644,1.40,1.09
2014.10.16 03:52:27.215,1.12633,1.12644,1.09,1.00
2014.10.16 03:52:27.788,1.12633,1.12644,1.34,1.00
2014.10.16 03:52:48.069,1.12633,1.12644,4.01,1.00
2014.10.16 03:53:00.217,1.12634,1.12643,1.34,1.00
2014.10.16 03:53:03.726,1.12638,1.12643,1.17,1.00
2014.10.16 03:53:03.878,1.12641,1.1265,1.87,1.00
2014.10.16 03:53:03.929,1.12643,1.12655,1.27,1.50
2014.10.16 03:53:03.980,1.12643,1.12658,2.21,1.50
2014.10.16 03:53:04.030,1.12644,1.12658,3.45,1.50
2014.10.16 03:53:04.131,1.12647,1.12662,1.34,2.59
2014.10.16 03:53:04.664,1.12647,1.12659,1.34,1.00
2014.10.16 03:53:09.356,1.12646,1.12654,1.34,1.00
2014.10.16 03:53:33.290,1.12643,1.12653,3.26,1.00
2014.10.16 03:53:54.065,1.12644,1.12653,2.51,1.00
2014.10.16 03:54:14.367,1.12646,1.12658,1.40,1.00
2014.10.16 03:54:14.821,1.1265,1.12662,1.20,1.09
2014.10.16 03:54:14.923,1.12651,1.12664,1.32,1.32
2014.10.16 03:54:14.973,1.12651,1.12664,1.40,1.25
2014.10.16 03:54:15.226,1.12651,1.12665,1.34,1.01
2014.10.16 03:54:29.522,1.12651,1.12665,1.84,1.17
2014.10.16 03:54:33.026,1.12652,1.12665,1.84,1.25
2014.10.16 03:54:33.937,1.12653,1.12665,2.51,1.25
2014.10.16 03:54:43.442,1.12656,1.12668,1.34,1.00
2014.10.16 03:54:43.594,1.12656,1.12668,3.26,1.00
2014.10.16 03:54:43.695,1.12659,1.12673,1.40,1.39
2014.10.16 03:54:44.928,1.12659,1.12674,1.84,1.26
2014.10.16 03:54:45.453,1.12659,1.12674,2.21,1.19
2014.10.16 03:54:45.958,1.12659,1.12674,2.21,1.00
2014.10.16 03:55:03.969,1.12662,1.12674,1.36,1.00
2014.10.16 03:55:04.991,1.12664,1.12674,1.26,1.00
2014.10.16 03:55:05.497,1.12662,1.12675,2.51,1.50
2014.10.16 03:55:05.598,1.12661,1.12675,1.34,1.50
2014.10.16 03:55:06.136,1.1266,1.12675,1.34,1.69
2014.10.16 03:55:07.319,1.1266,1.1267,1.34,1.00
2014.10.16 03:55:07.825,1.12658,1.1267,3.26,1.00
2014.10.16 03:55:19.909,1.12658,1.1267,1.34,1.00
2014.10.16 03:55:20.425,1.12658,1.12669,1.34,1.00
2014.10.16 03:55:26.433,1.12657,1.12667,1.84,1.00
2014.10.16 03:55:34.628,1.12657,1.12667,1.40,1.00
2014.10.16 03:55:37.650,1.12657,1.12667,1.84,1.00
2014.10.16 03:55:38.645,1.12658,1.12667,1.39,1.00
2014.10.16 03:55:40.660,1.12657,1.12667,1.84,1.00
2014.10.16 03:55:41.683,1.12657,1.12667,1.34,1.00
2014.10.16 03:55:42.641,1.12657,1.12667,1.84,1.00
2014.10.16 03:55:43.630,1.12657,1.12667,1.84,1.00
2014.10.16 03:55:43.731,1.12656,1.12663,1.34,1.00
2014.10.16 03:55:43.782,1.12656,1.12663,1.34,1.00
2014.10.16 03:56:24.992,1.12653,1.12663,1.84,1.00
2014.10.16 03:56:35.623,1.12653,1.12663,1.00,1.00
2014.10.16 03:56:43.704,1.1265,1.12663,1.34,1.25
2014.10.16 03:56:48.845,1.12649,1.12658,1.34,1.00
2014.10.16 03:56:49.149,1.12646,1.12653,1.34,1.00
2014.10.16 03:56:49.654,1.12646,1.12653,1.39,1.00
2014.10.16 03:56:50.511,1.12644,1.12653,1.34,1.00
2014.10.16 03:56:58.548,1.12645,1.12653,1.34,1.00
2014.10.16 03:56:59.551,1.12644,1.12653,1.34,1.00
2014.10.16 03:57:01.540,1.12645,1.12653,1.34,1.00
2014.10.16 03:57:05.555,1.12644,1.12653,1.34,1.00
2014.10.16 03:57:10.106,1.12644,1.12653,1.34,1.00
2014.10.16 03:57:13.370,1.12643,1.12653,1.34,1.00
2014.10.16 03:57:13.593,1.12645,1.12653,1.29,1.00
2014.10.16 03:57:15.578,1.12644,1.12653,1.36,1.00
2014.10.16 03:57:19.678,1.12645,1.12653,1.29,1.00
2014.10.16 03:57:21.616,1.12647,1.12658,1.25,1.65
2014.10.16 03:57:21.999,1.12649,1.12658,1.34,1.00
2014.10.16 03:57:23.731,1.12649,1.12658,1.36,1.00
2014.10.16 03:57:24.693,1.12648,1.12658,1.36,1.00
2014.10.16 03:57:31.373,1.12647,1.12658,1.84,1.00
2014.10.16 03:57:31.931,1.12647,1.12658,1.39,1.00
2014.10.16 03:57:34.320,1.12651,1.12658,1.19,1.00
2014.10.16 03:57:34.422,1.12651,1.12662,1.69,1.65
2014.10.16 03:57:34.523,1.12652,1.12662,1.84,1.00
2014.10.16 03:57:34.775,1.12656,1.12665,1.00,1.50
2014.10.16 03:57:35.280,1.12653,1.12664,1.36,1.00
2014.10.16 03:57:36.220,1.12652,1.12664,1.34,1.00
2014.10.16 03:57:37.242,1.12653,1.12664,1.36,1.00
2014.10.16 03:57:39.960,1.12653,1.12664,1.29,1.65
2014.10.16 03:57:40.061,1.12651,1.12664,1.34,1.65
2014.10.16 03:57:40.567,1.12651,1.12663,1.19,1.15
2014.10.16 03:57:41.180,1.12651,1.12663,1.00,1.40
2014.10.16 03:57:51.092,1.12651,1.12662,1.00,1.39
2014.10.16 03:57:51.571,1.12648,1.12658,1.34,1.00
2014.10.16 03:57:51.823,1.12648,1.12658,1.01,1.00
2014.10.16 03:57:51.874,1.12646,1.12654,1.84,1.00
2014.10.16 03:57:52.077,1.12647,1.12657,1.19,1.00
2014.10.16 03:57:52.627,1.12647,1.12658,1.19,1.10
2014.10.16 03:57:53.138,1.12647,1.12658,1.69,1.10
2014.10.16 03:57:57.844,1.12646,1.12654,1.29,1.00
2014.10.16 03:57:58.148,1.12647,1.12658,1.25,1.10
2014.10.16 03:57:58.199,1.12647,1.12658,1.40,1.00
2014.10.16 03:57:58.733,1.12648,1.12658,1.36,1.00
2014.10.16 03:57:59.821,1.12648,1.12654,1.36,1.00
2014.10.16 03:57:59.973,1.12645,1.12654,1.34,1.00
2014.10.16 03:58:00.278,1.12647,1.12658,1.32,1.10
2014.10.16 03:58:00.935,1.12647,1.12658,1.76,1.10
2014.10.16 03:58:01.631,1.12647,1.12658,1.26,1.57
2014.10.16 03:58:02.137,1.12646,1.12657,2.59,1.00
2014.10.16 03:58:05.321,1.12647,1.12657,1.26,1.00
2014.10.16 03:58:05.838,1.12647,1.12658,1.76,1.57
2014.10.16 03:58:07.080,1.12647,1.12652,1.07,1.00
2014.10.16 03:58:07.615,1.12646,1.12652,1.29,1.00
2014.10.16 03:58:08.250,1.12644,1.12652,1.84,1.00
2014.10.16 03:58:13.235,1.12645,1.12652,1.26,1.00
2014.10.16 03:58:19.265,1.12643,1.12652,2.59,1.00
2014.10.16 03:58:45.344,1.12647,1.12655,1.00,1.00
2014.10.16 03:58:45.445,1.12647,1.12657,1.20,1.00
2014.10.16 03:58:45.956,1.12647,1.12658,1.39,1.00
2014.10.16 03:58:47.114,1.12648,1.12658,1.19,1.00
2014.10.16 03:58:54.024,1.12648,1.12654,1.19,1.00
2014.10.16 03:58:54.126,1.12645,1.12654,2.59,1.00
2014.10.16 03:58:54.378,1.12648,1.12658,1.00,1.57
2014.10.16 03:58:54.883,1.12648,1.12658,1.36,1.00
2014.10.16 03:58:55.615,1.12649,1.12661,1.01,1.76
2014.10.16 03:58:55.818,1.12647,1.12656,1.34,1.00
2014.10.16 03:59:03.401,1.1265,1.12659,1.00,1.00
2014.10.16 03:59:04.320,1.1265,1.12658,1.00,1.00
2014.10.16 03:59:04.835,1.12647,1.12656,1.84,1.00
2014.10.16 03:59:05.341,1.12646,1.12656,1.36,1.50
2014.10.16 03:59:13.982,1.12645,1.12654,1.84,1.00
2014.10.16 03:59:15.175,1.12645,1.12654,1.32,1.00
2014.10.16 03:59:24.205,1.12645,1.12654,1.76,1.00
2014.10.16 03:59:31.175,1.12644,1.12654,1.36,1.00
2014.10.16 03:59:38.719,1.12643,1.12654,1.84,1.00
2014.10.16 03:59:39.571,1.12643,1.12649,1.36,1.00
2014.10.16 03:59:39.723,1.1264,1.12649,1.10,1.00
2014.10.16 03:59:39.824,1.12637,1.12649,4.84,1.50
2014.10.16 03:59:39.925,1.12637,1.12644,1.09,1.00
2014.10.16 03:59:40.128,1.12633,1.12644,1.34,1.00
2014.10.16 03:59:57.151,1.12634,1.12644,1.36,1.00
