2008.07.04 16:00:01.003,1.01555,1.01595,5.50,9.30
2008.07.04 16:00:01.171,1.0156,1.01595,1.90,9.30
2008.07.04 16:00:01.578,1.0156,1.01595,2.80,9.30
2008.07.04 16:00:02.394,1.01555,1.01595,3.60,9.30
2008.07.04 16:00:02.896,1.01555,1.01595,2.60,9.30
2008.07.04 16:00:03.080,1.0156,1.01595,1.00,10.00
2008.07.04 16:00:03.922,1.0155,1.01595,2.10,10.00
2008.07.04 16:00:04.072,1.0155,1.0159,2.10,9.30
2008.07.04 16:00:08.751,1.0155,1.0159,1.20,9.30
2008.07.04 16:00:10.080,1.0155,1.0159,5.20,1.40
2008.07.04 16:00:10.112,1.0155,1.0159,4.30,1.40
2008.07.04 16:00:10.193,1.01545,1.01585,5.40,1.00
2008.07.04 16:00:10.273,1.01545,1.01585,1.50,1.00
2008.07.04 16:00:10.421,1.01545,1.0159,1.50,2.40
2008.07.04 16:00:18.266,1.0155,1.0159,1.00,1.60
2008.07.04 16:00:18.428,1.0155,1.0158,5.50,2.80
2008.07.04 16:00:19.009,1.0155,1.0158,5.20,6.70
2008.07.04 16:00:19.768,1.01545,1.0158,6.30,6.70
2008.07.04 16:00:21.218,1.0155,1.01585,2.80,7.30
2008.07.04 16:00:23.584,1.0155,1.01585,2.80,8.10
2008.07.04 16:00:29.193,1.0155,1.0158,2.80,7.30
2008.07.04 16:00:29.273,1.0155,1.0158,2.80,1.50
2008.07.04 16:00:29.644,1.01535,1.0158,6.30,2.40
2008.07.04 16:00:29.732,1.0154,1.01565,2.80,1.00
2008.07.04 16:00:29.887,1.0153,1.01565,1.00,1.00
2008.07.04 16:00:29.979,1.0152,1.01565,1.00,1.00
2008.07.04 16:00:31.716,1.01525,1.0157,1.00,4.30
2008.07.04 16:00:32.124,1.01525,1.0157,1.00,1.00
2008.07.04 16:00:32.637,1.01545,1.01575,1.00,3.70
2008.07.04 16:00:32.866,1.01545,1.01585,1.00,4.20
2008.07.04 16:00:32.987,1.01545,1.01585,1.00,3.60
2008.07.04 16:00:34.166,1.0154,1.0157,1.40,1.00
2008.07.04 16:00:34.368,1.0154,1.0156,1.00,8.60
2008.07.04 16:00:34.396,1.01525,1.0156,6.30,8.60
2008.07.04 16:00:34.661,1.0153,1.01555,4.80,1.00
2008.07.04 16:00:34.731,1.01525,1.01555,1.00,1.00
2008.07.04 16:00:34.866,1.0152,1.01555,1.00,1.00
2008.07.04 16:00:34.901,1.01515,1.01555,4.80,1.00
2008.07.04 16:00:35.202,1.0151,1.01555,2.20,1.00
2008.07.04 16:00:44.058,1.01515,1.0156,1.00,6.10
2008.07.04 16:00:44.528,1.01515,1.0156,1.30,5.20
2008.07.04 16:00:44.695,1.01515,1.0155,1.00,2.80
2008.07.04 16:00:45.634,1.01515,1.0155,1.30,2.80
2008.07.04 16:00:45.784,1.01525,1.0156,5.50,1.60
2008.07.04 16:00:46.580,1.01525,1.0156,5.50,9.30
2008.07.04 16:00:50.145,1.0153,1.0156,4.80,9.30
2008.07.04 16:00:50.277,1.0153,1.0156,3.80,9.30
2008.07.04 16:00:50.413,1.0153,1.0156,2.80,9.30
2008.07.04 16:00:50.888,1.0152,1.0155,1.20,2.80
2008.07.04 16:00:54.097,1.0152,1.0155,6.20,2.80
2008.07.04 16:00:54.240,1.0152,1.0156,5.20,1.40
2008.07.04 16:00:54.384,1.01515,1.0156,4.40,2.40
2008.07.04 16:00:55.187,1.01515,1.0155,6.30,2.80
2008.07.04 16:00:55.280,1.0152,1.0155,5.50,2.80
2008.07.04 16:00:55.822,1.0152,1.0155,1.20,2.80
2008.07.04 16:00:58.574,1.0152,1.0155,5.20,2.80
2008.07.04 16:00:58.810,1.0152,1.0155,4.30,2.80
2008.07.04 16:00:58.848,1.0152,1.0156,3.30,1.40
2008.07.04 16:00:59.165,1.01515,1.0156,4.40,2.40
2008.07.04 16:00:59.441,1.01515,1.0155,1.50,2.80
2008.07.04 16:01:07.622,1.0153,1.0155,1.00,2.80
2008.07.04 16:01:07.868,1.0153,1.0156,1.00,1.00
2008.07.04 16:01:07.898,1.0153,1.01565,1.00,1.00
2008.07.04 16:01:07.961,1.0153,1.01575,1.00,1.00
2008.07.04 16:01:12.601,1.0154,1.01585,1.30,4.30
2008.07.04 16:01:14.607,1.0154,1.01585,1.30,3.40
2008.07.04 16:01:20.356,1.0154,1.01585,1.00,4.30
2008.07.04 16:02:09.519,1.0154,1.0158,1.00,3.60
2008.07.04 16:02:50.839,1.01535,1.01575,1.00,1.00
2008.07.04 16:02:50.867,1.0153,1.01575,7.50,1.00
2008.07.04 16:02:51.148,1.0153,1.01575,6.90,1.40
2008.07.04 16:02:51.228,1.0153,1.01575,6.00,1.40
2008.07.04 16:02:51.259,1.0153,1.01575,1.20,1.40
2008.07.04 16:03:27.975,1.01535,1.01575,4.80,1.40
2008.07.04 16:03:28.012,1.01545,1.01575,1.00,1.00
2008.07.04 16:03:28.047,1.01545,1.01575,13.20,1.00
2008.07.04 16:03:28.125,1.01545,1.0158,13.20,2.80
2008.07.04 16:03:29.623,1.01545,1.0158,16.00,2.80
2008.07.04 16:03:30.497,1.0155,1.0158,16.00,2.80
2008.07.04 16:03:30.671,1.0155,1.0158,1.20,2.80
2008.07.04 16:03:32.045,1.0155,1.0158,7.20,2.80
2008.07.04 16:03:32.105,1.01545,1.01585,4.40,1.00
2008.07.04 16:03:32.379,1.0155,1.01585,2.80,1.40
2008.07.04 16:03:32.516,1.01545,1.01585,1.00,1.40
2008.07.04 16:03:32.881,1.0154,1.0158,3.60,1.00
2008.07.04 16:03:40.241,1.01545,1.0158,1.00,1.00
2008.07.04 16:03:40.281,1.01545,1.0158,1.00,2.80
2008.07.04 16:03:47.952,1.0155,1.0158,1.00,2.80
2008.07.04 16:03:48.334,1.0155,1.0158,3.60,2.80
2008.07.04 16:03:48.395,1.0155,1.0158,9.30,2.80
2008.07.04 16:03:48.541,1.0155,1.0158,1.20,2.80
2008.07.04 16:04:30.479,1.0155,1.0158,2.10,2.80
2008.07.04 16:05:19.857,1.0157,1.0158,1.00,2.80
2008.07.04 16:05:30.666,1.0157,1.01585,1.00,3.40
2008.07.04 16:05:30.727,1.0157,1.01585,1.00,3.40
2008.07.04 16:05:30.855,1.0157,1.01585,1.00,4.30
2008.07.04 16:05:30.984,1.0157,1.0158,1.00,3.60
2008.07.04 16:05:46.351,1.0157,1.0158,1.00,1.00
2008.07.04 16:05:46.770,1.0157,1.0158,1.00,1.40
2008.07.04 16:05:51.451,1.0157,1.01575,1.00,3.00
2008.07.04 16:05:51.482,1.01535,1.0157,1.00,1.40
2008.07.04 16:05:51.951,1.01535,1.0157,1.00,2.40
2008.07.04 16:05:52.746,1.01535,1.0157,1.90,2.40
2008.07.04 16:05:53.101,1.01545,1.0157,1.00,2.40
2008.07.04 16:05:53.260,1.01545,1.0157,1.00,1.60
2008.07.04 16:05:53.419,1.01545,1.0157,1.00,4.60
2008.07.04 16:05:53.818,1.01545,1.01575,1.00,5.20
2008.07.04 16:05:54.857,1.01545,1.0157,1.00,4.50
2008.07.04 16:05:55.345,1.01545,1.01575,1.00,5.20
2008.07.04 16:06:04.345,1.0153,1.01575,1.20,5.20
2008.07.04 16:06:04.565,1.0153,1.0157,1.20,4.50
2008.07.04 16:06:04.709,1.0153,1.0157,5.20,1.40
2008.07.04 16:06:04.752,1.0153,1.0157,4.30,1.40
2008.07.04 16:06:04.940,1.01525,1.0157,4.40,2.40
2008.07.04 16:06:37.496,1.0153,1.0156,12.20,2.80
2008.07.04 16:06:37.902,1.0153,1.0156,1.20,2.80
2008.07.04 16:06:39.903,1.0153,1.0156,1.80,2.80
2008.07.04 16:06:42.317,1.01535,1.0156,1.00,2.80
2008.07.04 16:06:42.446,1.01535,1.0157,1.00,2.80
2008.07.04 16:06:42.568,1.01535,1.0157,1.30,2.80
2008.07.04 16:06:42.798,1.0154,1.0157,1.00,2.80
2008.07.04 16:06:43.234,1.0154,1.01585,1.00,9.00
2008.07.04 16:06:43.373,1.0154,1.01585,1.00,5.20
2008.07.04 16:06:44.902,1.0154,1.01585,1.00,4.30
2008.07.04 16:06:51.240,1.01535,1.0158,2.10,3.40
2008.07.04 16:06:51.333,1.01535,1.0158,1.50,3.40
2008.07.04 16:06:51.676,1.01535,1.0158,4.40,6.30
2008.07.04 16:06:51.776,1.01535,1.0158,4.40,1.40
2008.07.04 16:06:52.052,1.01535,1.0158,4.40,2.40
2008.07.04 16:06:52.672,1.01535,1.0158,5.00,2.40
2008.07.04 16:06:56.828,1.01535,1.01575,4.30,1.00
2008.07.04 16:06:57.181,1.01535,1.01575,3.40,1.00
2008.07.04 16:06:57.286,1.0153,1.0157,3.60,1.00
2008.07.04 16:07:31.607,1.0154,1.0157,5.50,3.60
2008.07.04 16:07:31.698,1.0154,1.01575,5.50,3.60
2008.07.04 16:07:32.046,1.0154,1.01575,1.20,3.60
2008.07.04 16:08:05.987,1.0154,1.01575,5.20,4.30
2008.07.04 16:08:06.047,1.0154,1.01575,4.80,4.30
2008.07.04 16:08:06.113,1.0153,1.01575,1.60,1.40
2008.07.04 16:08:06.261,1.0153,1.0157,1.60,1.00
2008.07.04 16:08:06.316,1.0153,1.0157,3.60,1.00
2008.07.04 16:08:13.803,1.0153,1.0157,2.80,1.00
2008.07.04 16:09:13.009,1.01536,1.01566,2.00,8.60
2008.07.04 16:09:39.150,1.01527,1.01552,5.20,4.60
2008.07.04 16:09:45.942,1.01521,1.01551,2.00,8.60
2008.07.04 16:09:46.244,1.01535,1.01555,1.50,1.00
2008.07.04 16:09:58.579,1.01536,1.01566,1.00,1.00
2008.07.04 16:10:17.191,1.0153,1.0157,2.80,2.60
2008.07.04 16:10:17.308,1.0153,1.0157,2.80,6.40
2008.07.04 16:10:17.793,1.0153,1.0157,2.80,1.60
2008.07.04 16:10:30.770,1.01525,1.0157,4.30,1.60
2008.07.04 16:10:30.862,1.01525,1.0157,4.30,4.50
2008.07.04 16:10:30.910,1.01525,1.0157,1.40,3.60
2008.07.04 16:10:31.100,1.01525,1.0157,1.00,3.60
2008.07.04 16:10:35.768,1.0153,1.0157,2.80,5.50
2008.07.04 16:10:35.890,1.0153,1.0157,2.80,6.40
2008.07.04 16:10:36.456,1.0153,1.0157,2.80,1.60
2008.07.04 16:10:40.755,1.01525,1.0157,4.30,1.60
2008.07.04 16:10:41.081,1.01525,1.0157,4.30,6.60
2008.07.04 16:10:41.539,1.0153,1.0157,2.80,1.60
2008.07.04 16:10:42.936,1.01525,1.0157,4.30,6.60
2008.07.04 16:10:55.617,1.01525,1.0157,4.30,7.50
2008.07.04 16:11:03.343,1.01525,1.0157,4.30,6.60
2008.07.04 16:11:12.987,1.01525,1.0157,4.30,11.40
2008.07.04 16:11:13.320,1.0153,1.0157,2.80,1.60
2008.07.04 16:11:34.331,1.01525,1.0157,4.30,1.60
2008.07.04 16:11:34.659,1.01525,1.0157,4.30,6.60
2008.07.04 16:11:37.862,1.01525,1.0157,4.30,5.60
2008.07.04 16:11:37.970,1.01525,1.0157,4.30,6.60
2008.07.04 16:12:33.926,1.0153,1.0157,3.40,6.60
2008.07.04 16:12:34.084,1.0153,1.0157,5.40,6.60
2008.07.04 16:12:34.203,1.0153,1.0156,7.30,2.80
2008.07.04 16:12:38.665,1.0153,1.0156,9.20,2.80
2008.07.04 16:12:46.587,1.0153,1.0156,1.00,2.80
2008.07.04 16:12:46.741,1.0153,1.0157,1.00,2.80
2008.07.04 16:12:46.879,1.0153,1.0157,2.00,2.80
2008.07.04 16:12:56.763,1.01535,1.0157,1.00,2.80
2008.07.04 16:13:12.281,1.0153,1.0157,2.00,2.80
2008.07.04 16:13:13.067,1.01535,1.0157,1.00,2.80
2008.07.04 16:13:15.040,1.0154,1.0157,2.80,4.80
2008.07.04 16:13:15.171,1.0154,1.0157,2.80,5.70
2008.07.04 16:13:15.413,1.0154,1.01575,2.80,6.40
2008.07.04 16:13:26.833,1.0154,1.01575,2.80,7.00
2008.07.04 16:13:37.052,1.0154,1.01575,2.80,6.10
2008.07.04 16:13:37.434,1.0154,1.01575,2.80,7.00
2008.07.04 16:13:46.184,1.0154,1.01575,2.80,11.80
2008.07.04 16:13:49.148,1.0154,1.01575,2.80,7.00
2008.07.04 16:13:49.275,1.0154,1.0157,2.80,5.70
2008.07.04 16:13:53.780,1.0154,1.0157,2.80,4.80
2008.07.04 16:13:54.176,1.0153,1.0157,2.00,2.80
2008.07.04 16:13:56.848,1.01535,1.0157,1.00,2.80
2008.07.04 16:14:31.814,1.0153,1.0157,2.00,2.80
2008.07.04 16:14:31.907,1.0154,1.0157,2.80,10.50
2008.07.04 16:14:31.993,1.0154,1.01575,2.80,11.20
2008.07.04 16:14:37.197,1.0154,1.01575,2.80,10.30
2008.07.04 16:14:37.307,1.0154,1.01575,2.80,11.20
2008.07.04 16:14:42.211,1.0153,1.01575,1.00,9.30
2008.07.04 16:14:42.329,1.0153,1.01575,1.00,3.60
2008.07.04 16:14:42.400,1.0153,1.01575,2.00,3.60
2008.07.04 16:14:42.440,1.0153,1.0157,2.00,2.80
2008.07.04 16:14:57.441,1.01535,1.0157,1.00,2.80
2008.07.04 16:15:12.142,1.0153,1.0157,2.00,2.80
2008.07.04 16:15:12.311,1.01535,1.0157,1.00,2.80
2008.07.04 16:15:31.022,1.0154,1.0158,1.00,1.60
2008.07.04 16:15:31.074,1.0154,1.01585,1.00,7.90
2008.07.04 16:15:31.119,1.0154,1.01585,1.00,4.20
2008.07.04 16:15:31.522,1.0154,1.0158,1.00,2.80
2008.07.04 16:16:01.560,1.0152,1.01545,4.90,4.80
2008.07.04 16:16:01.700,1.01524,1.01549,4.20,1.00
2008.07.04 16:16:01.951,1.01528,1.01548,1.00,1.90
2008.07.04 16:16:22.945,1.01528,1.01548,3.60,1.00
2008.07.04 16:16:23.086,1.01529,1.01549,1.00,1.00
2008.07.04 16:16:25.377,1.01528,1.01548,1.00,1.00
2008.07.04 16:16:27.492,1.01528,1.01548,1.00,1.90
2008.07.04 16:16:29.954,1.01526,1.01551,4.90,1.00
2008.07.04 16:16:30.250,1.01528,1.01548,1.00,1.00
2008.07.04 16:16:30.550,1.01521,1.01551,4.20,1.00
2008.07.04 16:16:45.361,1.01516,1.01546,1.00,4.40
2008.07.04 16:16:45.507,1.0151,1.01535,4.90,1.00
2008.07.04 16:16:48.053,1.01504,1.01524,1.00,1.20
2008.07.04 16:16:48.459,1.015,1.0152,1.00,1.00
2008.07.04 16:16:48.507,1.01501,1.01531,1.00,1.00
2008.07.04 16:16:48.649,1.01506,1.01536,1.00,1.00
2008.07.04 16:16:48.840,1.0151,1.0154,1.00,1.00
2008.07.04 16:16:49.111,1.01515,1.0154,4.90,4.80
2008.07.04 16:16:49.651,1.01511,1.01546,4.20,1.00
2008.07.04 16:16:49.901,1.01517,1.01542,1.00,1.00
2008.07.04 16:16:50.001,1.01524,1.01544,3.60,1.00
2008.07.04 16:16:50.186,1.01526,1.01551,4.90,1.00
2008.07.04 16:16:53.893,1.01524,1.01559,1.00,1.00
2008.07.04 16:16:54.008,1.01536,1.01551,1.00,1.00
2008.07.04 16:16:54.586,1.01541,1.01551,1.00,1.00
2008.07.04 16:16:54.695,1.01539,1.01559,4.90,1.00
2008.07.04 16:16:54.816,1.01548,1.01558,5.00,1.00
2008.07.04 16:16:54.939,1.0155,1.01565,1.00,2.80
2008.07.04 16:16:55.047,1.01556,1.01571,1.00,1.00
2008.07.04 16:16:55.160,1.01559,1.01574,1.00,1.00
2008.07.04 16:17:35.035,1.0155,1.0158,1.00,2.80
2008.07.04 16:17:41.134,1.0155,1.01585,1.00,1.00
2008.07.04 16:17:41.338,1.0155,1.01595,1.00,7.00
2008.07.04 16:17:41.607,1.0155,1.01595,1.00,4.20
2008.07.04 16:17:41.878,1.0155,1.016,1.00,3.70
2008.07.04 16:18:40.753,1.01527,1.01562,1.00,3.80
2008.07.04 16:18:40.844,1.01533,1.01563,1.30,1.00
2008.07.04 16:18:41.022,1.01539,1.01569,3.40,1.00
2008.07.04 16:18:41.431,1.01546,1.01576,1.00,1.00
2008.07.04 16:18:41.598,1.01553,1.01583,4.20,1.00
2008.07.04 16:18:41.768,1.01554,1.01589,1.00,4.50
2008.07.04 16:18:41.996,1.01552,1.01582,1.00,4.50
2008.07.04 16:18:46.732,1.01552,1.01572,4.20,1.00
2008.07.04 16:18:53.383,1.01548,1.01568,1.30,1.00
2008.07.04 16:18:55.543,1.01548,1.01558,4.20,1.00
2008.07.04 16:18:56.258,1.01534,1.01554,1.00,1.00
2008.07.04 16:18:58.135,1.01529,1.01539,1.00,1.00
2008.07.04 16:18:58.598,1.01519,1.01539,1.00,1.00
2008.07.04 16:18:58.775,1.01527,1.01537,1.00,1.00
2008.07.04 16:18:58.970,1.01521,1.01551,1.60,1.00
2008.07.04 16:18:59.147,1.01526,1.01556,1.00,4.50
2008.07.04 16:18:59.316,1.01528,1.01558,1.00,1.00
2008.07.04 16:18:59.575,1.01528,1.01553,1.00,1.00
2008.07.04 16:18:59.784,1.01521,1.01551,4.20,1.00
2008.07.04 16:18:59.897,1.0153,1.01536,1.30,1.00
2008.07.04 16:19:11.175,1.0154,1.016,7.00,3.70
2008.07.04 16:19:22.131,1.01545,1.016,1.00,3.70
2008.07.04 16:19:22.214,1.01555,1.016,1.00,3.70
2008.07.04 16:19:22.353,1.01555,1.01605,1.00,14.60
2008.07.04 16:19:22.403,1.01555,1.01605,1.00,7.90
2008.07.04 16:19:22.537,1.0155,1.01605,1.50,7.90
2008.07.04 16:19:28.213,1.0155,1.01605,1.50,8.60
2008.07.04 16:19:28.263,1.0155,1.016,1.50,3.60
2008.07.04 16:19:28.292,1.0155,1.016,1.50,5.50
2008.07.04 16:19:28.388,1.0155,1.016,1.50,4.50
2008.07.04 16:19:28.485,1.0155,1.016,13.00,4.50
2008.07.04 16:19:28.522,1.0155,1.016,3.40,4.50
2008.07.04 16:19:30.725,1.0155,1.016,3.40,5.40
2008.07.04 16:19:46.321,1.0155,1.01595,3.40,1.00
2008.07.04 16:19:53.935,1.0155,1.016,3.40,4.50
2008.07.04 16:19:54.713,1.01555,1.016,1.00,4.50
2008.07.04 16:19:54.787,1.01555,1.016,1.00,3.70
2008.07.04 16:19:57.273,1.01555,1.0159,1.00,2.80
2008.07.04 16:19:57.424,1.01555,1.0159,1.40,2.80
2008.07.04 16:19:58.764,1.01555,1.01605,1.40,6.60
2008.07.04 16:20:00.282,1.01555,1.01605,11.00,6.60
2008.07.04 16:20:00.839,1.01555,1.01605,11.00,3.70
2008.07.04 16:20:01.624,1.01555,1.0161,11.00,3.70
2008.07.04 16:20:01.856,1.01555,1.01615,15.80,5.20
2008.07.04 16:20:01.925,1.01555,1.01615,16.50,4.60
2008.07.04 16:20:02.423,1.0156,1.01615,1.00,4.60
2008.07.04 16:20:04.629,1.0156,1.01615,1.00,3.70
2008.07.04 16:20:04.906,1.0161,1.01615,1.00,3.70
2008.07.04 16:20:05.062,1.0161,1.01615,13.90,3.70
2008.07.04 16:20:05.213,1.0161,1.0164,13.90,4.80
2008.07.04 16:20:05.363,1.0161,1.0164,1.00,3.80
2008.07.04 16:20:05.513,1.0161,1.0164,1.00,2.80
2008.07.04 16:20:05.878,1.0162,1.01655,2.80,7.40
2008.07.04 16:20:08.042,1.0162,1.0165,2.80,6.70
2008.07.04 16:20:08.801,1.0162,1.01655,2.80,7.40
2008.07.04 16:20:12.153,1.0162,1.0165,2.80,6.70
2008.07.04 16:20:16.279,1.0163,1.0165,1.00,6.70
2008.07.04 16:20:16.424,1.0164,1.0166,3.80,5.40
2008.07.04 16:20:16.562,1.0164,1.0166,4.30,3.70
2008.07.04 16:20:16.770,1.0164,1.0167,4.30,2.80
2008.07.04 16:20:19.315,1.0164,1.0167,13.90,2.80
2008.07.04 16:20:19.799,1.0164,1.0167,1.00,2.80
2008.07.04 16:20:23.997,1.0165,1.0168,2.80,4.80
2008.07.04 16:20:24.519,1.0165,1.01685,2.80,5.50
2008.07.04 16:20:35.840,1.0165,1.01685,3.30,5.50
2008.07.04 16:20:36.312,1.0165,1.01685,3.30,8.40
2008.07.04 16:20:36.465,1.0165,1.01685,2.80,8.40
2008.07.04 16:20:36.626,1.0165,1.0168,2.80,8.40
2008.07.04 16:20:41.035,1.0165,1.01685,2.80,12.20
2008.07.04 16:20:41.102,1.0165,1.01685,3.30,8.40
2008.07.04 16:21:06.658,1.0165,1.01685,1.40,8.40
2008.07.04 16:21:55.400,1.0165,1.01685,3.30,8.40
2008.07.04 16:22:14.051,1.0166,1.01685,1.00,8.40
2008.07.04 16:22:14.126,1.0166,1.0168,1.00,4.80
2008.07.04 16:22:14.198,1.0166,1.0169,7.20,3.70
2008.07.04 16:22:14.338,1.0166,1.01695,1.40,5.50
2008.07.04 16:22:15.655,1.0166,1.0169,1.40,4.80
2008.07.04 16:22:17.516,1.0166,1.0169,1.40,5.70
2008.07.04 16:22:20.869,1.01665,1.017,1.00,3.60
2008.07.04 16:22:20.953,1.01665,1.017,1.00,2.80
2008.07.04 16:22:21.105,1.0167,1.0171,2.80,1.60
2008.07.04 16:22:22.325,1.0167,1.0171,2.80,7.40
2008.07.04 16:22:22.754,1.0167,1.0171,12.40,7.40
2008.07.04 16:22:25.062,1.01675,1.017,1.00,2.80
2008.07.04 16:22:25.111,1.01675,1.01705,1.00,3.60
2008.07.04 16:22:25.737,1.01675,1.017,1.00,2.80
2008.07.04 16:22:29.350,1.01675,1.01705,1.00,3.60
2008.07.04 16:22:41.093,1.01675,1.01705,1.00,4.50
2008.07.04 16:22:41.156,1.0167,1.01705,12.40,4.50
2008.07.04 16:22:41.218,1.0167,1.01705,2.80,5.50
2008.07.04 16:22:43.144,1.0167,1.01705,2.80,4.50
2008.07.04 16:22:43.444,1.0166,1.01705,7.20,3.60
2008.07.04 16:22:44.111,1.0166,1.01705,16.80,3.60
2008.07.04 16:22:45.105,1.01665,1.01705,1.00,3.60
2008.07.04 16:22:45.133,1.01665,1.01705,5.50,3.60
2008.07.04 16:22:45.196,1.01665,1.01705,8.40,1.00
2008.07.04 16:22:45.256,1.01665,1.0172,9.00,4.50
2008.07.04 16:22:45.300,1.01665,1.0172,6.10,4.50
2008.07.04 16:22:45.339,1.01665,1.0172,6.90,4.50
2008.07.04 16:22:45.375,1.01665,1.0172,6.90,1.60
2008.07.04 16:22:45.428,1.01665,1.0172,7.90,1.60
2008.07.04 16:22:45.712,1.01665,1.0172,7.00,1.60
2008.07.04 16:22:45.746,1.0168,1.0172,2.80,1.00
2008.07.04 16:22:45.783,1.01715,1.01735,4.80,1.00
2008.07.04 16:22:45.822,1.0172,1.01735,1.00,1.00
2008.07.04 16:22:45.877,1.0172,1.0176,1.00,1.60
2008.07.04 16:22:45.917,1.0172,1.01765,1.00,1.60
2008.07.04 16:22:45.952,1.0173,1.01765,1.00,1.60
2008.07.04 16:22:46.116,1.0173,1.01755,2.80,1.00
2008.07.04 16:22:46.277,1.0173,1.01755,1.90,1.00
2008.07.04 16:22:46.649,1.0173,1.01755,2.80,1.00
2008.07.04 16:22:46.786,1.0173,1.0178,1.00,1.00
2008.07.04 16:22:46.924,1.0172,1.01745,1.90,1.00
2008.07.04 16:22:47.187,1.01705,1.01745,1.00,1.00
2008.07.04 16:22:47.504,1.01695,1.01745,2.80,1.00
2008.07.04 16:22:47.619,1.01695,1.01765,2.80,3.70
2008.07.04 16:22:47.716,1.01695,1.0176,1.00,3.70
2008.07.04 16:22:47.815,1.0169,1.0176,1.90,3.70
2008.07.04 16:22:48.656,1.01685,1.01745,1.00,3.70
2008.07.04 16:22:49.066,1.01675,1.0174,1.00,3.70
2008.07.04 16:22:49.873,1.01675,1.01735,1.00,3.70
2008.07.04 16:22:52.080,1.01695,1.01735,1.00,3.70
2008.07.04 16:22:52.301,1.017,1.01735,1.00,3.70
2008.07.04 16:22:52.404,1.01705,1.01735,1.00,3.70
2008.07.04 16:22:52.683,1.01705,1.0175,1.00,3.70
2008.07.04 16:22:58.129,1.0172,1.0175,1.00,3.70
2008.07.04 16:22:58.373,1.01715,1.0175,1.00,2.80
2008.07.04 16:23:01.086,1.0172,1.0175,1.00,2.80
2008.07.04 16:23:06.428,1.01715,1.0175,1.00,2.80
2008.07.04 16:23:08.846,1.01715,1.0175,1.30,2.80
2008.07.04 16:23:08.914,1.01725,1.0176,12.10,4.80
2008.07.04 16:23:09.276,1.0173,1.0176,12.10,4.80
2008.07.04 16:23:09.452,1.0173,1.0176,1.00,4.80
2008.07.04 16:23:10.644,1.0174,1.0176,1.00,4.80
2008.07.04 16:23:10.939,1.0174,1.0176,1.00,4.80
2008.07.04 16:23:11.005,1.0174,1.0177,1.00,2.80
2008.07.04 16:23:11.117,1.01745,1.0177,1.00,2.80
2008.07.04 16:23:11.238,1.0175,1.0177,1.00,2.80
2008.07.04 16:23:11.301,1.0175,1.01785,1.00,3.70
2008.07.04 16:23:11.359,1.0175,1.0179,1.00,1.60
2008.07.04 16:23:11.427,1.0175,1.0179,1.00,1.00
2008.07.04 16:23:11.637,1.01755,1.0179,1.00,1.00
2008.07.04 16:23:15.704,1.0175,1.0179,1.00,1.00
2008.07.04 16:23:16.729,1.01745,1.0179,1.00,1.00
2008.07.04 16:23:16.759,1.01745,1.0179,1.30,1.00
2008.07.04 16:23:16.793,1.0175,1.0179,1.00,1.00
2008.07.04 16:23:18.221,1.0174,1.0179,2.70,1.00
2008.07.04 16:23:18.258,1.0174,1.0179,2.20,1.00
2008.07.04 16:23:18.494,1.0174,1.0179,1.30,1.00
2008.07.04 16:23:19.070,1.01745,1.0179,1.00,1.00
2008.07.04 16:23:19.264,1.0175,1.0179,1.00,1.00
2008.07.04 16:23:19.764,1.0175,1.0179,3.40,1.00
2008.07.04 16:23:19.813,1.0175,1.0179,3.40,4.60
2008.07.04 16:23:20.424,1.0175,1.0179,3.40,5.50
2008.07.04 16:23:22.725,1.0175,1.0179,5.40,5.50
2008.07.04 16:23:22.824,1.0175,1.0178,12.10,2.80
2008.07.04 16:23:23.825,1.0175,1.0178,1.00,2.80
2008.07.04 16:23:26.350,1.0175,1.0178,7.20,2.80
2008.07.04 16:23:31.728,1.0175,1.0178,9.10,2.80
2008.07.04 16:23:31.837,1.0175,1.0178,11.00,2.80
2008.07.04 16:23:39.252,1.0176,1.0178,1.90,2.80
2008.07.04 16:23:39.348,1.0176,1.0178,3.80,2.80
2008.07.04 16:23:39.847,1.0175,1.0178,1.00,2.80
2008.07.04 16:23:39.931,1.0175,1.0178,11.00,2.80
2008.07.04 16:23:47.330,1.0176,1.0178,1.00,2.80
2008.07.04 16:23:47.469,1.0176,1.0179,4.80,1.00
2008.07.04 16:23:47.724,1.0176,1.0179,3.80,1.00
2008.07.04 16:23:47.834,1.0176,1.0179,2.80,1.00
2008.07.04 16:23:50.714,1.0176,1.0179,4.80,1.00
2008.07.04 16:23:50.823,1.0176,1.0179,6.70,1.00
2008.07.04 16:23:53.266,1.01755,1.0179,7.40,1.00
2008.07.04 16:23:53.363,1.0176,1.0179,4.40,1.00
2008.07.04 16:23:53.449,1.01765,1.0179,1.00,1.00
2008.07.04 16:23:56.236,1.0176,1.0179,2.00,1.00
2008.07.04 16:23:56.451,1.0176,1.0179,1.00,1.00
2008.07.04 16:23:57.220,1.0176,1.0179,4.30,1.00
2008.07.04 16:23:57.264,1.0176,1.0179,5.20,1.00
2008.07.04 16:23:57.316,1.01755,1.0179,5.40,1.00
2008.07.04 16:23:57.385,1.01755,1.0179,3.40,1.00
2008.07.04 16:23:57.691,1.01755,1.0179,4.20,1.00
2008.07.04 16:23:57.771,1.01765,1.0179,1.00,1.00
2008.07.04 16:23:57.817,1.01765,1.0179,7.30,1.00
2008.07.04 16:23:58.158,1.0177,1.0179,6.70,1.00
2008.07.04 16:24:00.839,1.0177,1.0179,2.80,1.00
2008.07.04 16:24:00.930,1.0176,1.0179,1.00,1.00
2008.07.04 16:24:01.006,1.0176,1.0179,1.00,1.00
2008.07.04 16:24:01.060,1.01755,1.0179,1.00,1.00
2008.07.04 16:24:02.946,1.0175,1.0179,1.00,1.00
2008.07.04 16:24:05.168,1.0175,1.0179,1.80,1.00
2008.07.04 16:24:05.665,1.0176,1.0179,6.70,1.00
2008.07.04 16:24:05.996,1.0176,1.0179,7.20,1.00
2008.07.04 16:24:15.970,1.0177,1.0179,1.90,1.00
2008.07.04 16:24:21.601,1.0177,1.0179,2.80,1.00
2008.07.04 16:24:23.361,1.01765,1.0179,3.40,1.00
2008.07.04 16:24:23.414,1.0177,1.0179,3.30,1.00
2008.07.04 16:24:23.459,1.0177,1.0179,6.20,1.00
2008.07.04 16:24:25.284,1.0177,1.0179,5.20,1.00
2008.07.04 16:24:25.836,1.0177,1.0179,4.80,1.00
2008.07.04 16:24:25.937,1.0176,1.0179,2.00,1.00
2008.07.04 16:24:26.869,1.0176,1.0179,1.00,1.00
2008.07.04 16:24:27.099,1.0176,1.0179,1.00,4.60
2008.07.04 16:24:27.187,1.0173,1.0179,6.40,4.60
2008.07.04 16:24:27.374,1.0173,1.0179,5.70,4.60
2008.07.04 16:24:27.832,1.0172,1.0178,5.70,3.70
2008.07.04 16:24:28.434,1.0172,1.01775,1.00,3.70
2008.07.04 16:24:28.643,1.0171,1.0177,5.70,3.70
2008.07.04 16:24:29.136,1.0171,1.01765,1.00,3.70
2008.07.04 16:24:29.206,1.01705,1.01765,5.70,3.70
2008.07.04 16:24:35.238,1.01735,1.01765,1.00,3.70
2008.07.04 16:24:35.655,1.0174,1.01765,1.00,3.70
2008.07.04 16:24:35.820,1.0175,1.01785,1.00,1.00
2008.07.04 16:24:36.121,1.0175,1.01785,1.20,1.00
2008.07.04 16:24:36.298,1.0175,1.0179,6.90,1.00
2008.07.04 16:24:37.962,1.0175,1.0179,7.50,1.00
2008.07.04 16:24:41.203,1.0175,1.0179,6.80,1.00
2008.07.04 16:24:41.333,1.0175,1.0179,6.30,1.00
2008.07.04 16:24:41.378,1.0175,1.0179,5.70,1.00
2008.07.04 16:24:41.992,1.0174,1.0179,6.40,1.00
2008.07.04 16:24:43.525,1.01745,1.0179,1.00,1.00
2008.07.04 16:24:44.085,1.0175,1.0179,1.00,1.00
2008.07.04 16:24:45.445,1.0175,1.0178,1.00,6.70
2008.07.04 16:24:45.539,1.0175,1.01785,1.00,7.40
2008.07.04 16:24:45.594,1.0175,1.01785,2.80,7.40
2008.07.04 16:24:46.194,1.0175,1.0178,2.80,6.70
2008.07.04 16:24:47.854,1.01745,1.0178,4.40,6.70
2008.07.04 16:24:47.954,1.01745,1.0178,5.40,6.70
2008.07.04 16:24:48.344,1.0175,1.0178,4.80,6.70
2008.07.04 16:24:54.319,1.0175,1.0178,3.80,6.70
2008.07.04 16:24:54.492,1.0175,1.0178,2.80,6.70
2008.07.04 16:24:54.631,1.0175,1.01785,2.80,8.00
2008.07.04 16:25:00.320,1.0175,1.01785,2.80,6.10
2008.07.04 16:25:00.427,1.0174,1.01785,1.00,4.20
2008.07.04 16:25:00.747,1.0174,1.0178,1.00,2.80
2008.07.04 16:25:00.772,1.0174,1.0178,2.00,2.80
2008.07.04 16:25:02.846,1.0174,1.0178,1.50,2.80
2008.07.04 16:25:02.886,1.0174,1.0178,1.00,2.80
2008.07.04 16:25:03.023,1.0174,1.01785,1.00,1.00
2008.07.04 16:25:03.111,1.0174,1.01785,1.00,1.30
2008.07.04 16:25:03.442,1.01735,1.01785,4.30,1.30
2008.07.04 16:25:05.634,1.01735,1.0178,4.30,1.00
2008.07.04 16:25:12.271,1.01735,1.0178,5.00,1.00
2008.07.04 16:25:12.434,1.01735,1.0178,6.90,3.60
2008.07.04 16:25:12.494,1.01735,1.0178,11.70,3.60
2008.07.04 16:25:12.545,1.01735,1.0178,13.60,3.60
2008.07.04 16:25:12.668,1.01735,1.01785,13.60,4.20
2008.07.04 16:25:12.709,1.0174,1.01785,1.00,4.20
2008.07.04 16:25:13.049,1.0174,1.01785,1.40,4.20
2008.07.04 16:25:16.382,1.0174,1.01785,1.40,3.60
2008.07.04 16:25:16.448,1.01745,1.01785,1.00,3.60
2008.07.04 16:25:16.555,1.0176,1.01785,4.80,1.00
2008.07.04 16:25:16.637,1.0176,1.0179,4.80,2.60
2008.07.04 16:25:16.894,1.0176,1.0179,4.80,1.60
2008.07.04 16:25:19.885,1.0176,1.0179,1.00,1.60
2008.07.04 16:25:21.046,1.0175,1.0179,1.40,1.60
2008.07.04 16:25:21.080,1.0175,1.01785,2.80,1.00
2008.07.04 16:25:21.898,1.0175,1.01785,4.80,1.00
2008.07.04 16:25:21.924,1.01745,1.01785,5.40,1.00
2008.07.04 16:25:22.003,1.01745,1.01785,7.30,3.60
2008.07.04 16:25:22.262,1.0175,1.0178,6.70,2.80
2008.07.04 16:25:22.393,1.0175,1.0178,7.20,2.80
2008.07.04 16:25:26.604,1.0176,1.0178,3.80,2.80
2008.07.04 16:25:30.367,1.0175,1.01785,1.00,1.00
2008.07.04 16:25:30.547,1.0175,1.01785,2.80,1.00
2008.07.04 16:25:31.887,1.0175,1.01785,2.80,1.30
2008.07.04 16:25:32.052,1.0174,1.01785,1.00,1.30
2008.07.04 16:25:32.393,1.01735,1.01785,4.30,1.30
2008.07.04 16:25:35.405,1.01735,1.01785,4.30,1.00
2008.07.04 16:25:35.711,1.0175,1.01785,1.90,1.00
2008.07.04 16:25:35.752,1.0175,1.01785,6.70,3.60
2008.07.04 16:25:36.123,1.0175,1.01785,7.20,3.60
2008.07.04 16:25:37.695,1.0176,1.0178,1.90,2.80
2008.07.04 16:25:41.951,1.0177,1.0178,1.00,2.80
2008.07.04 16:25:42.031,1.0177,1.0178,4.30,2.80
2008.07.04 16:25:42.112,1.0177,1.0179,9.10,1.00
2008.07.04 16:25:42.190,1.0177,1.0179,11.00,1.00
2008.07.04 16:25:46.450,1.01765,1.0179,11.10,1.00
2008.07.04 16:25:46.489,1.0178,1.018,1.00,4.20
2008.07.04 16:25:46.900,1.018,1.0183,4.60,1.00
2008.07.04 16:25:47.432,1.018,1.0183,2.30,1.00
2008.07.04 16:25:47.499,1.018,1.0183,2.80,1.00
2008.07.04 16:25:47.668,1.01815,1.0183,2.00,1.00
2008.07.04 16:25:47.840,1.01825,1.01885,1.00,3.70
2008.07.04 16:25:48.142,1.01825,1.0186,1.00,3.70
2008.07.04 16:25:48.314,1.018,1.0186,1.50,3.70
2008.07.04 16:25:48.492,1.0181,1.0186,1.00,3.70
2008.07.04 16:25:48.636,1.0181,1.0187,1.00,3.70
2008.07.04 16:25:48.857,1.01815,1.0187,1.00,3.70
2008.07.04 16:25:49.148,1.01815,1.01875,1.60,3.70
2008.07.04 16:25:55.391,1.01815,1.0186,1.00,1.00
2008.07.04 16:25:55.464,1.01815,1.01855,1.00,3.70
2008.07.04 16:25:55.736,1.01805,1.01855,1.00,3.70
2008.07.04 16:25:55.942,1.01805,1.01855,1.30,3.70
2008.07.04 16:25:56.006,1.01805,1.01855,10.90,6.60
2008.07.04 16:25:56.104,1.01805,1.0185,10.90,2.80
2008.07.04 16:25:56.137,1.01815,1.0185,1.00,2.80
2008.07.04 16:25:58.121,1.0181,1.0185,1.00,2.80
2008.07.04 16:25:59.989,1.0181,1.0185,10.00,2.80
2008.07.04 16:26:00.209,1.0181,1.01855,10.00,3.60
2008.07.04 16:26:03.535,1.0182,1.01855,4.80,3.60
2008.07.04 16:26:04.126,1.0182,1.01855,5.20,3.60
2008.07.04 16:26:05.020,1.0182,1.01855,4.30,3.60
2008.07.04 16:26:05.144,1.0181,1.01855,1.40,3.60
2008.07.04 16:26:05.365,1.0181,1.01855,9.10,3.60
2008.07.04 16:26:06.009,1.0181,1.0184,9.10,1.90
2008.07.04 16:26:06.112,1.0181,1.0184,9.10,6.70
2008.07.04 16:26:06.550,1.01805,1.0184,9.20,6.70
2008.07.04 16:26:08.448,1.0181,1.0184,8.60,6.70
2008.07.04 16:26:08.494,1.0181,1.0184,5.70,6.70
2008.07.04 16:26:08.535,1.0181,1.01825,5.70,1.00
2008.07.04 16:26:08.597,1.01795,1.01825,1.00,1.00
2008.07.04 16:26:08.637,1.01795,1.0182,1.00,3.70
2008.07.04 16:26:08.694,1.0179,1.0182,4.80,3.70
2008.07.04 16:26:08.733,1.0176,1.0182,1.60,3.70
2008.07.04 16:26:08.954,1.01795,1.0182,1.00,3.70
2008.07.04 16:26:09.312,1.0181,1.0182,1.90,3.70
2008.07.04 16:26:09.352,1.0181,1.0183,1.90,2.80
2008.07.04 16:26:12.138,1.0181,1.0183,1.00,2.80
2008.07.04 16:26:12.343,1.0178,1.0184,1.00,1.00
2008.07.04 16:26:12.528,1.0178,1.01845,1.00,4.20
2008.07.04 16:26:12.792,1.0178,1.01845,1.00,3.70
2008.07.04 16:26:13.115,1.0178,1.0184,1.00,3.70
2008.07.04 16:26:13.140,1.0178,1.01835,1.00,3.70
2008.07.04 16:26:13.336,1.0177,1.01835,1.00,3.70
2008.07.04 16:26:13.459,1.0177,1.01815,1.00,1.00
2008.07.04 16:26:13.884,1.0176,1.01815,1.00,1.00
2008.07.04 16:26:15.966,1.0178,1.0182,1.00,3.70
2008.07.04 16:26:16.045,1.0179,1.0182,1.90,3.70
2008.07.04 16:26:16.374,1.0179,1.0182,1.00,3.70
2008.07.04 16:26:16.751,1.0179,1.0182,1.40,3.70
2008.07.04 16:26:16.910,1.0179,1.01825,1.40,3.60
2008.07.04 16:26:18.908,1.0179,1.01825,1.40,4.30
2008.07.04 16:26:19.061,1.0179,1.01825,1.00,4.30
2008.07.04 16:26:19.124,1.0179,1.01825,1.00,1.40
2008.07.04 16:26:19.203,1.01775,1.01825,1.00,1.40
2008.07.04 16:26:19.231,1.01775,1.0182,1.00,1.00
2008.07.04 16:26:19.286,1.0177,1.0182,1.00,1.00
2008.07.04 16:26:19.536,1.0177,1.01815,1.00,1.00
2008.07.04 16:26:23.484,1.0177,1.01815,1.00,1.40
2008.07.04 16:26:23.531,1.0177,1.018,1.00,2.60
2008.07.04 16:26:23.675,1.0177,1.01805,1.00,2.60
2008.07.04 16:26:23.752,1.0177,1.01805,1.00,7.40
2008.07.04 16:26:24.151,1.0177,1.01805,2.80,7.40
2008.07.04 16:26:24.694,1.0177,1.018,2.80,7.40
2008.07.04 16:26:26.675,1.0177,1.018,2.80,6.70
2008.07.04 16:26:26.738,1.0176,1.0181,7.50,3.60
2008.07.04 16:26:26.768,1.0177,1.0181,1.00,3.60
2008.07.04 16:26:26.845,1.0177,1.018,1.00,5.70
2008.07.04 16:26:27.222,1.0177,1.01805,1.00,6.40
2008.07.04 16:26:28.470,1.0177,1.01805,1.60,6.40
2008.07.04 16:26:28.560,1.0178,1.01805,1.90,6.40
2008.07.04 16:26:28.718,1.0178,1.01805,6.70,3.60
2008.07.04 16:26:28.799,1.0178,1.018,1.00,2.80
2008.07.04 16:26:29.199,1.0178,1.018,1.40,2.80
2008.07.04 16:26:29.791,1.0178,1.018,7.20,2.80
2008.07.04 16:26:30.068,1.0178,1.018,11.00,2.80
2008.07.04 16:26:30.239,1.0178,1.018,10.50,2.80
2008.07.04 16:26:31.024,1.0178,1.018,7.60,2.80
2008.07.04 16:26:31.387,1.0178,1.018,6.70,2.80
2008.07.04 16:26:31.506,1.01775,1.018,7.40,2.80
2008.07.04 16:26:31.659,1.01775,1.018,12.20,2.80
2008.07.04 16:26:31.711,1.0179,1.018,6.70,2.80
2008.07.04 16:26:31.844,1.0179,1.018,8.60,1.00
2008.07.04 16:26:32.211,1.0179,1.01825,8.60,9.90
2008.07.04 16:26:32.299,1.01795,1.0182,1.00,5.70
2008.07.04 16:26:32.390,1.018,1.01845,1.00,1.00
2008.07.04 16:26:33.051,1.0179,1.01845,6.40,1.00
2008.07.04 16:26:33.144,1.018,1.01845,1.00,1.00
2008.07.04 16:26:34.168,1.018,1.01845,1.00,1.40
2008.07.04 16:26:34.251,1.018,1.0183,2.80,6.70
2008.07.04 16:26:36.217,1.018,1.01835,2.80,7.40
2008.07.04 16:26:36.525,1.018,1.01835,7.60,7.40
2008.07.04 16:26:36.582,1.018,1.01835,7.60,8.00
2008.07.04 16:26:36.634,1.018,1.01835,11.50,8.00
2008.07.04 16:26:36.682,1.01795,1.0183,12.10,6.70
2008.07.04 16:26:45.806,1.01795,1.0183,12.10,7.60
2008.07.04 16:26:45.850,1.01795,1.0183,12.10,8.60
2008.07.04 16:26:56.495,1.018,1.0183,11.50,8.60
2008.07.04 16:26:56.554,1.018,1.01835,2.80,9.90
2008.07.04 16:26:56.616,1.0181,1.01835,1.00,4.20
2008.07.04 16:26:56.674,1.0181,1.01835,1.00,3.60
2008.07.04 16:26:56.743,1.0182,1.01835,15.30,1.00
2008.07.04 16:26:56.812,1.01815,1.0184,15.90,3.70
2008.07.04 16:26:56.882,1.01815,1.0184,15.90,2.80
2008.07.04 16:26:57.143,1.0183,1.0185,2.80,1.00
2008.07.04 16:26:57.499,1.0183,1.01855,2.80,1.00
2008.07.04 16:26:57.562,1.0183,1.01865,2.80,11.80
2008.07.04 16:27:00.133,1.0183,1.01865,2.80,16.00
2008.07.04 16:27:00.230,1.0183,1.0185,2.80,1.90
2008.07.04 16:27:03.563,1.01825,1.0185,3.40,1.90
2008.07.04 16:27:03.728,1.01825,1.01865,9.20,16.00
2008.07.04 16:27:03.790,1.0183,1.01865,8.60,15.20
2008.07.04 16:27:03.837,1.0183,1.01865,8.60,14.70
2008.07.04 16:27:03.881,1.0183,1.0186,8.60,10.50
2008.07.04 16:27:12.074,1.0183,1.0186,6.70,10.50
2008.07.04 16:27:12.339,1.0183,1.0186,5.70,10.50
2008.07.04 16:27:16.059,1.0183,1.0186,6.40,10.50
2008.07.04 16:27:16.086,1.0183,1.0186,1.30,10.50
2008.07.04 16:27:16.435,1.0183,1.0186,6.10,10.50
2008.07.04 16:27:16.466,1.0184,1.0186,1.00,10.50
2008.07.04 16:27:16.492,1.0184,1.0187,1.00,2.80
2008.07.04 16:27:16.591,1.0184,1.0187,1.80,2.80
2008.07.04 16:27:16.632,1.0185,1.0187,1.00,2.80
2008.07.04 16:27:16.658,1.0185,1.0188,1.00,1.00
2008.07.04 16:27:16.748,1.0185,1.01885,1.00,1.00
2008.07.04 16:27:16.873,1.0185,1.0189,1.00,3.60
2008.07.04 16:27:16.966,1.0185,1.0189,1.00,2.80
2008.07.04 16:27:17.072,1.01845,1.0189,1.00,2.80
2008.07.04 16:27:17.188,1.01845,1.01895,3.80,1.00
2008.07.04 16:27:17.648,1.01875,1.0193,1.00,4.50
2008.07.04 16:27:18.939,1.01875,1.0193,1.00,3.70
2008.07.04 16:27:20.010,1.01875,1.0193,1.60,3.70
2008.07.04 16:27:20.560,1.019,1.0193,1.00,3.70
2008.07.04 16:27:20.644,1.019,1.0193,5.50,3.70
2008.07.04 16:27:20.707,1.01905,1.01935,1.00,3.70
2008.07.04 16:27:20.764,1.01905,1.01935,3.40,3.70
2008.07.04 16:27:21.133,1.01905,1.0194,3.40,2.80
2008.07.04 16:27:21.166,1.01905,1.01955,1.50,4.20
2008.07.04 16:27:21.276,1.01905,1.01955,4.40,6.10
2008.07.04 16:27:21.386,1.0191,1.01945,2.80,1.00
2008.07.04 16:27:21.695,1.019,1.01945,1.80,1.00
2008.07.04 16:27:21.882,1.019,1.01945,6.30,1.00
2008.07.04 16:27:21.947,1.01905,1.0195,1.00,3.60
2008.07.04 16:27:22.530,1.01905,1.0194,1.00,1.00
2008.07.04 16:27:22.925,1.01905,1.01935,1.00,3.70
2008.07.04 16:27:23.005,1.01875,1.01935,6.10,3.70
2008.07.04 16:27:25.137,1.01875,1.01935,5.40,4.30
2008.07.04 16:27:25.475,1.01875,1.0193,1.00,3.70
2008.07.04 16:27:26.836,1.01875,1.01915,1.00,3.70
2008.07.04 16:27:26.996,1.01855,1.01915,5.40,3.70
2008.07.04 16:27:27.351,1.01855,1.01905,1.00,3.70
2008.07.04 16:27:27.465,1.01845,1.01905,5.40,3.70
2008.07.04 16:27:27.888,1.01845,1.01895,1.00,3.70
2008.07.04 16:27:27.936,1.01835,1.01895,5.40,3.70
2008.07.04 16:27:28.316,1.01835,1.01885,1.00,3.70
2008.07.04 16:27:28.409,1.01825,1.01885,5.40,3.70
2008.07.04 16:27:28.960,1.01825,1.0188,1.00,3.70
2008.07.04 16:27:31.599,1.01835,1.0188,1.00,3.70
2008.07.04 16:27:31.637,1.01835,1.0188,1.50,3.70
2008.07.04 16:27:31.776,1.01845,1.0188,1.00,3.70
2008.07.04 16:27:31.913,1.01845,1.01905,5.10,17.00
2008.07.04 16:27:32.055,1.0185,1.01895,1.00,1.00
2008.07.04 16:27:32.202,1.0185,1.01905,1.00,5.00
2008.07.04 16:27:32.342,1.0185,1.01905,1.00,4.50
2008.07.04 16:27:32.483,1.01855,1.01905,1.00,1.00
2008.07.04 16:27:33.543,1.01845,1.01895,6.10,1.00
2008.07.04 16:27:34.548,1.01845,1.0189,5.40,1.00
2008.07.04 16:27:34.884,1.01845,1.0189,4.40,1.00
2008.07.04 16:27:35.152,1.01825,1.01885,6.10,3.70
2008.07.04 16:27:35.186,1.01825,1.01885,5.40,3.70
2008.07.04 16:27:35.656,1.01825,1.0188,1.00,3.70
2008.07.04 16:27:38.565,1.01845,1.0188,1.00,3.70
2008.07.04 16:27:38.753,1.01845,1.01895,5.10,1.00
2008.07.04 16:27:39.022,1.01845,1.01895,6.10,1.00
2008.07.04 16:27:41.087,1.01845,1.0189,5.40,1.00
2008.07.04 16:27:41.233,1.01845,1.0189,5.40,3.40
2008.07.04 16:27:41.374,1.01845,1.01885,1.00,3.70
2008.07.04 16:27:41.482,1.01825,1.01885,6.10,3.70
2008.07.04 16:27:42.117,1.01825,1.01885,5.40,3.70
2008.07.04 16:27:42.521,1.01825,1.0188,1.00,3.70
2008.07.04 16:27:47.742,1.01845,1.01895,4.40,1.00
2008.07.04 16:27:48.080,1.01845,1.01895,5.10,1.00
2008.07.04 16:27:48.188,1.01845,1.01895,6.10,1.00
2008.07.04 16:27:55.938,1.01845,1.01895,1.60,1.00
2008.07.04 16:27:56.203,1.01845,1.01895,2.20,1.00
2008.07.04 16:27:57.485,1.01855,1.01905,3.60,4.20
2008.07.04 16:27:57.778,1.01855,1.019,7.40,3.60
2008.07.04 16:27:57.937,1.0186,1.019,6.20,3.60
2008.07.04 16:28:10.691,1.0186,1.0189,6.20,1.90
2008.07.04 16:28:11.105,1.0186,1.0189,6.20,6.70
2008.07.04 16:28:11.436,1.0186,1.0189,5.70,6.70
2008.07.04 16:28:15.034,1.0186,1.01895,5.70,7.30
2008.07.04 16:28:15.276,1.0185,1.0188,2.80,4.80
2008.07.04 16:28:27.417,1.0185,1.0188,2.80,5.70
2008.07.04 16:28:30.417,1.0185,1.0188,2.80,4.80
2008.07.04 16:28:32.305,1.0185,1.0187,2.80,3.80
2008.07.04 16:28:47.374,1.01835,1.0187,8.20,6.70
2008.07.04 16:28:53.801,1.01835,1.0187,6.30,6.70
2008.07.04 16:28:54.110,1.0184,1.0187,5.70,6.70
2008.07.04 16:28:54.788,1.0184,1.0187,5.70,4.80
2008.07.04 16:28:54.863,1.01835,1.0187,10.90,4.80
2008.07.04 16:28:54.953,1.0185,1.0188,8.60,5.50
2008.07.04 16:28:55.023,1.0185,1.0188,8.60,4.80
2008.07.04 16:28:56.805,1.01845,1.0188,9.20,4.80
2008.07.04 16:28:57.780,1.01845,1.0188,9.20,3.80
2008.07.04 16:28:57.888,1.0186,1.01885,2.80,1.00
2008.07.04 16:28:58.077,1.0186,1.01895,2.80,8.00
2008.07.04 16:29:00.303,1.01845,1.0189,3.80,1.60
2008.07.04 16:29:00.352,1.0185,1.0189,2.80,1.60
2008.07.04 16:29:08.300,1.0185,1.01885,2.80,1.00
2008.07.04 16:29:08.399,1.0185,1.0188,2.80,3.70
2008.07.04 16:29:08.480,1.0184,1.0188,1.00,3.70
2008.07.04 16:29:08.521,1.01835,1.0188,1.00,3.70
2008.07.04 16:29:08.563,1.01825,1.0188,1.90,3.70
2008.07.04 16:29:14.970,1.01825,1.0188,1.90,4.50
2008.07.04 16:29:18.509,1.01825,1.01865,1.90,6.40
2008.07.04 16:29:18.838,1.01825,1.01865,1.00,10.30
2008.07.04 16:29:18.918,1.01825,1.01865,1.00,12.20
2008.07.04 16:29:18.958,1.01825,1.0186,1.00,8.50
2008.07.04 16:29:19.051,1.01825,1.0186,1.00,1.60
2008.07.04 16:29:22.843,1.01825,1.0186,7.60,1.60
2008.07.04 16:29:23.153,1.01825,1.0186,7.60,8.50
2008.07.04 16:29:23.422,1.0183,1.0186,6.70,8.50
2008.07.04 16:29:23.543,1.0183,1.0186,6.70,6.60
2008.07.04 16:29:23.599,1.0183,1.01865,6.70,7.00
2008.07.04 16:29:28.945,1.0183,1.01865,7.20,7.00
2008.07.04 16:29:29.037,1.0184,1.01865,3.80,6.40
2008.07.04 16:29:29.196,1.0184,1.0186,3.80,5.70
2008.07.04 16:29:29.727,1.0184,1.0186,3.80,3.80
2008.07.04 16:29:37.265,1.01835,1.0186,4.50,3.80
2008.07.04 16:29:37.403,1.0184,1.0186,4.40,3.80
2008.07.04 16:29:37.811,1.0184,1.01875,7.30,1.30
2008.07.04 16:29:37.958,1.0184,1.01885,1.00,4.20
2008.07.04 16:29:47.904,1.0184,1.01885,1.80,4.20
2008.07.04 16:29:47.948,1.0185,1.01885,4.80,4.20
2008.07.04 16:29:48.348,1.0185,1.01885,4.80,3.60
2008.07.04 16:29:48.375,1.01845,1.0188,5.70,2.80
2008.07.04 16:29:48.401,1.01845,1.0188,1.90,2.80
2008.07.04 16:29:48.488,1.01845,1.0188,1.00,2.80
2008.07.04 16:29:48.607,1.01845,1.01885,1.00,3.60
2008.07.04 16:29:48.645,1.0184,1.01885,7.20,3.60
2008.07.04 16:29:51.455,1.0184,1.01885,1.20,3.60
2008.07.04 16:29:51.540,1.0185,1.01885,4.80,3.60
2008.07.04 16:29:51.621,1.0185,1.0188,4.80,2.80
2008.07.04 16:29:52.170,1.0185,1.0188,5.20,2.80
2008.07.04 16:29:54.070,1.0186,1.0188,1.90,2.80
2008.07.04 16:29:57.929,1.0186,1.0188,1.00,2.80
2008.07.04 16:29:58.597,1.0185,1.0188,5.20,2.80
2008.07.04 16:30:00.013,1.0185,1.0188,1.40,2.80
2008.07.04 16:30:00.416,1.0185,1.0188,1.00,2.80
2008.07.04 16:30:00.502,1.0184,1.01885,7.20,3.60
2008.07.04 16:30:07.896,1.0184,1.01885,1.20,3.60
2008.07.04 16:30:07.976,1.0185,1.01885,3.80,3.60
2008.07.04 16:30:08.146,1.01845,1.0188,5.70,2.80
2008.07.04 16:30:08.894,1.0185,1.0188,5.20,2.80
2008.07.04 16:30:10.197,1.0186,1.0188,1.90,2.80
2008.07.04 16:30:19.503,1.0186,1.0188,2.40,2.80
2008.07.04 16:30:19.584,1.0186,1.0189,5.20,1.00
2008.07.04 16:30:19.662,1.0186,1.019,5.20,3.60
2008.07.04 16:30:21.827,1.01855,1.019,7.00,3.60
2008.07.04 16:30:21.940,1.01855,1.019,1.80,3.60
2008.07.04 16:30:24.958,1.01855,1.019,1.80,1.00
2008.07.04 16:30:25.020,1.01855,1.019,1.00,1.00
2008.07.04 16:30:25.353,1.01845,1.019,10.50,1.00
2008.07.04 16:30:39.850,1.01855,1.019,8.00,1.00
2008.07.04 16:30:40.013,1.0186,1.019,12.10,2.80
2008.07.04 16:30:40.184,1.0186,1.019,1.00,2.80
2008.07.04 16:30:43.045,1.0188,1.019,1.00,2.80
2008.07.04 16:30:43.173,1.0189,1.0191,4.30,2.60
2008.07.04 16:30:43.289,1.0189,1.0192,9.10,2.80
2008.07.04 16:30:43.770,1.0189,1.01935,9.10,4.20
2008.07.04 16:30:43.881,1.0189,1.01935,1.00,4.20
2008.07.04 16:30:45.484,1.0189,1.0193,1.00,2.80
2008.07.04 16:30:47.793,1.019,1.0193,1.90,2.80
2008.07.04 16:30:48.098,1.0193,1.0195,7.60,2.80
2008.07.04 16:30:52.529,1.01935,1.0195,1.00,2.80
2008.07.04 16:30:52.983,1.0195,1.0196,16.30,1.00
2008.07.04 16:30:53.158,1.0195,1.0197,16.30,2.80
2008.07.04 16:30:54.323,1.0195,1.0198,19.20,12.40
2008.07.04 16:30:56.162,1.0196,1.0199,20.10,1.60
2008.07.04 16:30:56.623,1.0196,1.01995,1.00,6.60
2008.07.04 16:30:56.840,1.01965,1.01995,1.00,6.60
2008.07.04 16:30:57.499,1.01965,1.01995,1.00,3.70
2008.07.04 16:30:57.949,1.0197,1.02,1.00,3.00
2008.07.04 16:30:58.089,1.0197,1.02,5.40,1.00
2008.07.04 16:30:58.569,1.01965,1.02005,1.30,3.80
2008.07.04 16:30:59.159,1.0197,1.02005,1.00,3.80
2008.07.04 16:30:59.328,1.0197,1.02,1.50,1.00
2008.07.04 16:30:59.843,1.0197,1.02,1.00,1.00
2008.07.04 16:31:00.159,1.0196,1.02005,1.00,3.80
2008.07.04 16:31:00.755,1.0196,1.0199,1.00,3.70
2008.07.04 16:31:01.567,1.0196,1.0198,1.00,3.70
2008.07.04 16:31:03.868,1.0198,1.02,1.00,4.50
2008.07.04 16:31:03.961,1.0199,1.02,14.00,1.00
2008.07.04 16:31:04.346,1.01995,1.02,1.00,1.00
2008.07.04 16:31:04.544,1.01995,1.02055,5.70,7.40
2008.07.04 16:31:04.931,1.02,1.02055,1.00,4.50
2008.07.04 16:31:05.085,1.02025,1.0207,1.00,1.50
2008.07.04 16:31:05.552,1.02025,1.02065,1.00,3.70
2008.07.04 16:31:05.586,1.0202,1.02065,1.00,3.70
2008.07.04 16:31:08.412,1.0201,1.02065,1.00,3.70
2008.07.04 16:31:08.545,1.0202,1.0204,1.00,1.90
2008.07.04 16:31:08.677,1.0202,1.02045,1.00,7.50
2008.07.04 16:31:09.432,1.0202,1.0204,1.00,4.60
2008.07.04 16:31:10.564,1.02,1.0202,3.10,1.00
2008.07.04 16:31:11.500,1.0199,1.02015,1.00,3.70
2008.07.04 16:31:11.629,1.0196,1.0199,1.00,1.00
2008.07.04 16:31:12.021,1.0194,1.0199,1.00,1.00
2008.07.04 16:31:12.107,1.0193,1.01995,1.00,3.00
2008.07.04 16:31:12.716,1.0193,1.01995,1.00,2.40
2008.07.04 16:31:13.117,1.0193,1.0199,1.00,2.40
2008.07.04 16:31:13.815,1.0194,1.01965,1.00,3.40
2008.07.04 16:31:14.180,1.0194,1.01965,1.00,1.00
2008.07.04 16:31:14.344,1.01905,1.01965,1.00,1.40
2008.07.04 16:31:17.610,1.01905,1.01965,1.00,11.00
2008.07.04 16:31:20.952,1.01925,1.01965,1.00,10.30
2008.07.04 16:31:21.522,1.0194,1.01965,11.50,3.60
2008.07.04 16:31:21.646,1.0194,1.0197,11.50,9.40
2008.07.04 16:31:21.777,1.0194,1.0197,11.50,8.60
2008.07.04 16:31:23.369,1.01935,1.0197,12.10,8.60
2008.07.04 16:31:23.698,1.01935,1.0197,12.10,9.40
2008.07.04 16:31:23.771,1.01935,1.01965,1.00,1.00
2008.07.04 16:31:23.840,1.0193,1.01965,1.00,1.00
2008.07.04 16:31:23.920,1.01925,1.01965,4.40,1.40
2008.07.04 16:31:24.523,1.01905,1.0196,1.50,2.40
2008.07.04 16:31:24.731,1.01905,1.0196,1.00,3.20
2008.07.04 16:32:22.887,1.01891,1.01921,1.00,2.60
2008.07.04 16:32:23.147,1.01899,1.01929,1.30,1.40
2008.07.04 16:32:23.277,1.01907,1.01932,2.80,1.00
2008.07.04 16:32:23.306,1.0191,1.0193,1.40,1.60
2008.07.04 16:32:23.526,1.01909,1.01929,1.40,7.60
2008.07.04 16:32:23.694,1.01905,1.0193,1.00,2.60
2008.07.04 16:32:23.870,1.01904,1.01929,1.40,1.00
2008.07.04 16:32:26.080,1.01903,1.01928,1.00,1.90
2008.07.04 16:32:26.251,1.01901,1.01931,1.40,2.40
2008.07.04 16:32:27.352,1.0191,1.01935,1.40,1.50
2008.07.04 16:32:27.450,1.01922,1.01942,4.90,1.00
2008.07.04 16:32:27.552,1.01925,1.01945,1.00,2.60
2008.07.04 16:32:27.744,1.01923,1.01933,1.00,1.90
2008.07.04 16:32:27.852,1.01914,1.01929,1.40,1.00
2008.07.04 16:32:28.025,1.01904,1.01929,2.60,2.50
2008.07.04 16:32:28.113,1.01902,1.01927,2.60,1.50
2008.07.04 16:32:28.208,1.01898,1.01928,4.90,1.00
2008.07.04 16:32:28.438,1.01897,1.01927,1.00,4.80
2008.07.04 16:32:37.461,1.01894,1.01924,1.00,1.00
2008.07.04 16:32:38.785,1.0189,1.0192,2.80,1.00
2008.07.04 16:32:39.073,1.01887,1.01912,18.00,2.40
2008.07.04 16:32:50.706,1.01888,1.01914,1.00,1.90
2008.07.04 16:32:50.897,1.01899,1.01924,1.30,1.00
2008.07.04 16:32:51.094,1.01907,1.01927,4.20,1.00
2008.07.04 16:32:51.273,1.01907,1.01932,1.00,7.00
2008.07.04 16:32:52.672,1.01906,1.01931,1.00,1.00
2008.07.04 16:32:52.790,1.01901,1.01926,4.30,1.00
2008.07.04 16:32:53.087,1.019,1.01925,1.30,1.00
2008.07.04 16:32:53.196,1.01905,1.01925,2.80,1.00
2008.07.04 16:32:53.304,1.0191,1.0193,1.00,2.50
2008.07.04 16:32:54.513,1.01911,1.01941,1.40,1.60
2008.07.04 16:32:54.634,1.01914,1.01944,4.90,1.00
2008.07.04 16:32:54.878,1.01913,1.01943,1.40,2.40
2008.07.04 16:32:55.109,1.01913,1.01938,4.90,1.00
2008.07.04 16:32:55.265,1.01908,1.01938,1.30,2.20
2008.07.04 16:33:01.327,1.01905,1.0196,1.00,3.90
2008.07.04 16:33:01.475,1.01905,1.01955,1.00,1.00
2008.07.04 16:33:01.616,1.01905,1.01955,1.00,5.50
2008.07.04 16:33:02.091,1.019,1.01955,1.00,5.50
2008.07.04 16:33:07.596,1.019,1.0195,1.00,1.00
2008.07.04 16:33:15.761,1.019,1.01955,1.00,6.10
2008.07.04 16:33:35.716,1.019,1.0192,1.00,1.00
2008.07.04 16:33:36.069,1.019,1.0191,1.00,1.00
2008.07.04 16:33:36.168,1.01895,1.0191,5.40,4.60
2008.07.04 16:33:36.257,1.0187,1.0191,1.00,4.60
2008.07.04 16:33:36.416,1.0187,1.0191,1.00,9.40
2008.07.04 16:33:36.737,1.0187,1.0191,1.00,1.50
2008.07.04 16:33:36.856,1.01855,1.01905,1.00,4.80
2008.07.04 16:33:36.972,1.01855,1.01895,1.00,1.00
2008.07.04 16:33:37.090,1.01845,1.01895,5.40,1.00
2008.07.04 16:33:37.200,1.01835,1.0189,1.00,4.50
2008.07.04 16:33:45.419,1.01845,1.0189,1.00,4.50
2008.07.04 16:33:45.870,1.01845,1.0189,1.60,4.50
2008.07.04 16:33:46.044,1.01845,1.01895,6.10,1.00
2008.07.04 16:33:58.530,1.01845,1.01895,7.00,1.00
2008.07.04 16:34:06.363,1.01845,1.019,7.60,1.00
2008.07.04 16:34:09.338,1.01855,1.019,1.00,1.00
2008.07.04 16:34:09.481,1.01855,1.019,5.10,1.00
2008.07.04 16:34:09.618,1.01855,1.01905,9.60,1.00
2008.07.04 16:34:09.757,1.01855,1.01905,10.50,1.00
2008.07.04 16:34:09.926,1.0186,1.01905,4.30,1.00
2008.07.04 16:34:14.520,1.0186,1.01905,6.20,1.00
2008.07.04 16:34:14.994,1.0186,1.0191,1.00,1.60
2008.07.04 16:34:44.064,1.01855,1.0191,5.40,2.40
2008.07.04 16:34:44.242,1.0185,1.01905,1.00,5.40
2008.07.04 16:34:58.796,1.0185,1.01905,1.00,5.80
2008.07.04 16:35:35.406,1.01845,1.019,5.40,1.00
2008.07.04 16:35:35.550,1.01835,1.01895,5.40,4.50
2008.07.04 16:35:35.960,1.01835,1.0189,1.00,4.50
2008.07.04 16:35:36.401,1.01835,1.01895,5.40,4.50
2008.07.04 16:35:45.886,1.01835,1.0189,1.00,4.50
2008.07.04 16:36:07.462,1.01821,1.01845,1.30,1.00
2008.07.04 16:36:13.603,1.01841,1.01856,1.00,1.00
2008.07.04 16:36:45.649,1.0185,1.01864,1.30,1.00
2008.07.04 16:36:47.144,1.01846,1.01866,1.40,9.60
2008.07.04 16:36:51.809,1.01838,1.01868,4.30,19.30
2008.07.04 16:37:58.713,1.01835,1.0189,1.00,5.20
2008.07.04 16:37:58.791,1.01835,1.0188,1.00,1.00
2008.07.04 16:37:59.176,1.0183,1.0188,4.40,1.60
2008.07.04 16:37:59.224,1.01825,1.01875,1.00,4.50
2008.07.04 16:38:02.451,1.0182,1.01875,1.50,5.40
2008.07.04 16:38:29.132,1.0182,1.01875,1.50,5.80
2008.07.04 16:39:16.221,1.0182,1.0186,1.50,1.00
2008.07.04 16:39:16.315,1.01815,1.01865,1.50,7.30
2008.07.04 16:39:16.472,1.01815,1.0186,1.50,2.70
2008.07.04 16:39:16.565,1.01815,1.0186,1.50,7.50
2008.07.04 16:39:19.992,1.01815,1.0186,1.00,7.50
2008.07.04 16:39:20.328,1.01815,1.0186,1.00,1.60
2008.07.04 16:39:27.225,1.01815,1.01855,1.00,1.00
2008.07.04 16:39:34.559,1.01815,1.01855,7.60,1.00
2008.07.04 16:39:34.699,1.0182,1.0186,1.00,1.60
2008.07.04 16:39:39.553,1.0183,1.0186,1.00,1.60
2008.07.04 16:39:39.657,1.0183,1.0186,1.00,8.50
2008.07.04 16:39:39.687,1.0183,1.0186,1.90,8.50
2008.07.04 16:39:39.972,1.0183,1.01865,1.90,8.40
2008.07.04 16:39:43.658,1.0182,1.01865,1.40,8.40
2008.07.04 16:39:43.756,1.0182,1.0186,1.40,8.40
2008.07.04 16:39:45.634,1.01825,1.0186,1.00,7.60
2008.07.04 16:39:45.689,1.01825,1.01875,1.00,1.30
2008.07.04 16:39:45.737,1.01825,1.01875,1.50,1.30
2008.07.04 16:39:46.876,1.01825,1.0187,1.50,1.00
2008.07.04 16:39:49.343,1.01825,1.01875,1.50,1.30
2008.07.04 16:39:54.114,1.01825,1.0186,1.00,1.90
2008.07.04 16:39:54.274,1.0182,1.0186,2.00,1.90
2008.07.04 16:39:57.594,1.01825,1.0187,1.00,1.00
2008.07.04 16:39:57.760,1.01825,1.01875,1.00,1.00
2008.07.04 16:39:57.813,1.01825,1.01875,1.50,1.00
2008.07.04 16:40:20.661,1.01825,1.0187,1.50,4.50
2008.07.04 16:40:21.002,1.01825,1.0186,1.50,1.90
2008.07.04 16:40:21.039,1.0182,1.0186,2.00,1.90
2008.07.04 16:40:25.163,1.0182,1.0187,2.00,5.40
2008.07.04 16:40:25.201,1.0182,1.0187,6.40,1.00
2008.07.04 16:40:25.228,1.01825,1.01875,1.00,1.00
2008.07.04 16:40:25.641,1.01825,1.01875,1.50,1.00
2008.07.04 16:40:29.219,1.01825,1.01875,2.40,1.00
2008.07.04 16:40:48.680,1.01825,1.01875,2.40,8.40
2008.07.04 16:40:48.790,1.01825,1.0187,1.00,15.10
2008.07.04 16:40:48.967,1.0182,1.0187,2.00,15.10
2008.07.04 16:40:49.277,1.0182,1.0187,2.00,1.60
2008.07.04 16:40:50.684,1.0182,1.01865,2.00,1.00
2008.07.04 16:40:53.709,1.0182,1.01865,6.40,1.00
2008.07.04 16:40:53.789,1.0183,1.01865,1.90,1.00
2008.07.04 16:40:53.973,1.01825,1.01865,2.80,1.00
2008.07.04 16:40:55.085,1.01825,1.01865,3.40,1.00
2008.07.04 16:40:55.328,1.01825,1.0187,3.40,3.70
2008.07.04 16:40:57.120,1.01825,1.0186,3.40,9.60
2008.07.04 16:40:57.284,1.01825,1.01865,2.80,10.30
2008.07.04 16:40:57.613,1.0183,1.01865,1.90,10.30
2008.07.04 16:41:28.190,1.0183,1.01865,1.90,9.30
2008.07.04 16:42:22.138,1.01825,1.01865,2.80,9.30
2008.07.04 16:43:20.487,1.01825,1.01865,1.00,9.30
2008.07.04 16:44:23.573,1.0182,1.01865,7.20,9.30
2008.07.04 16:44:24.008,1.01825,1.01865,1.00,9.30
2008.07.04 16:45:05.763,1.01825,1.0186,1.00,9.00
2008.07.04 16:45:13.201,1.01825,1.0184,1.00,1.00
2008.07.04 16:46:19.102,1.0181,1.0184,7.20,1.00
2008.07.04 16:46:19.313,1.01805,1.0184,1.00,1.00
2008.07.04 16:46:19.522,1.018,1.0184,1.00,1.00
2008.07.04 16:46:19.856,1.01795,1.0184,6.20,1.00
2008.07.04 16:46:24.799,1.018,1.0184,5.40,1.00
2008.07.04 16:46:26.225,1.018,1.0184,1.00,1.00
2008.07.04 16:46:26.783,1.0182,1.0184,1.00,1.00
2008.07.04 16:46:26.810,1.01825,1.0184,1.00,1.00
2008.07.04 16:46:58.379,1.0181,1.0184,3.30,1.00
2008.07.04 16:46:58.816,1.0181,1.0184,1.40,1.00
2008.07.04 16:46:58.861,1.0181,1.0184,1.00,1.00
2008.07.04 16:46:58.933,1.0182,1.0184,1.00,1.00
2008.07.04 16:46:59.125,1.01825,1.0184,1.00,1.00
2008.07.04 16:47:34.669,1.0181,1.0184,3.30,1.00
2008.07.04 16:47:34.943,1.0181,1.0184,1.40,1.00
2008.07.04 16:47:35.473,1.0181,1.0184,1.00,1.00
2008.07.04 16:47:35.616,1.018,1.0184,5.00,1.00
2008.07.04 16:47:35.947,1.018,1.0184,1.00,1.00
2008.07.04 16:47:46.966,1.01815,1.0184,5.40,1.00
2008.07.04 16:47:47.146,1.0182,1.0184,4.40,1.00
2008.07.04 16:47:47.324,1.01825,1.0184,1.00,1.00
2008.07.04 16:47:49.420,1.01815,1.0184,5.40,1.00
2008.07.04 16:47:49.451,1.01815,1.0184,6.30,1.00
2008.07.04 16:47:49.553,1.01815,1.0183,6.30,1.90
2008.07.04 16:47:49.644,1.0182,1.0183,1.00,1.90
2008.07.04 16:47:49.959,1.0182,1.0184,1.00,7.00
2008.07.04 16:47:50.082,1.0182,1.0184,1.00,1.20
2008.07.04 16:47:50.827,1.01795,1.0184,1.00,1.20
2008.07.04 16:47:51.635,1.018,1.0184,1.00,1.20
2008.07.04 16:47:54.928,1.01795,1.0184,1.00,1.20
2008.07.04 16:47:55.029,1.01795,1.0183,1.00,1.90
2008.07.04 16:47:55.424,1.01795,1.0184,1.00,1.20
2008.07.04 16:48:01.420,1.01795,1.0183,1.00,1.90
2008.07.04 16:48:03.462,1.0179,1.0183,1.00,1.90
2008.07.04 16:48:38.711,1.0179,1.01835,1.00,2.50
2008.07.04 16:48:38.815,1.0179,1.01825,1.00,4.50
2008.07.04 16:48:38.869,1.0178,1.01825,1.00,9.30
2008.07.04 16:48:38.914,1.01765,1.01825,1.00,9.30
2008.07.04 16:48:38.965,1.01765,1.01825,1.00,10.00
2008.07.04 16:48:39.016,1.01765,1.01815,1.00,1.60
2008.07.04 16:48:39.128,1.01765,1.01815,1.00,6.30
2008.07.04 16:48:39.176,1.01765,1.01815,1.00,12.10
2008.07.04 16:48:39.484,1.01765,1.0181,1.00,7.50
2008.07.04 16:48:56.482,1.01765,1.018,1.00,1.00
2008.07.04 16:48:56.521,1.0176,1.018,1.00,1.00
2008.07.04 16:48:56.700,1.0176,1.018,1.00,6.70
2008.07.04 16:48:57.245,1.0176,1.018,1.00,7.50
2008.07.04 16:49:05.033,1.0177,1.018,1.00,7.50
2008.07.04 16:49:05.068,1.01765,1.018,1.50,7.50
2008.07.04 16:49:05.391,1.01765,1.018,2.50,2.70
2008.07.04 16:49:05.610,1.01765,1.018,2.50,1.90
2008.07.04 16:49:07.029,1.01765,1.018,2.50,2.70
2008.07.04 16:49:07.053,1.0177,1.018,1.90,2.70
2008.07.04 16:49:07.151,1.0176,1.018,1.00,2.70
2008.07.04 16:49:07.252,1.0176,1.018,1.00,7.50
2008.07.04 16:49:07.650,1.01755,1.0179,1.00,1.00
2008.07.04 16:49:08.091,1.01755,1.018,1.00,5.60
2008.07.04 16:49:08.549,1.01755,1.018,1.00,1.00
2008.07.04 16:49:08.698,1.0176,1.01805,1.00,12.10
2008.07.04 16:49:09.149,1.0176,1.01805,1.00,7.40
2008.07.04 16:49:09.371,1.0176,1.018,1.00,7.50
2008.07.04 16:49:11.429,1.0177,1.018,1.90,2.70
2008.07.04 16:49:11.749,1.0177,1.018,1.90,1.90
2008.07.04 16:49:43.137,1.0177,1.018,1.90,2.80
2008.07.04 16:50:34.683,1.0177,1.018,4.80,2.80
2008.07.04 16:50:40.312,1.0177,1.018,4.80,1.00
2008.07.04 16:50:40.360,1.0177,1.0181,1.00,1.90
2008.07.04 16:51:01.341,1.01775,1.0181,1.00,1.90
2008.07.04 16:51:01.604,1.01775,1.0181,4.40,1.90
2008.07.04 16:51:15.506,1.01775,1.018,4.40,1.00
2008.07.04 16:51:37.323,1.01775,1.018,2.50,1.00
2008.07.04 16:51:37.780,1.01765,1.018,6.30,6.00
2008.07.04 16:51:42.339,1.0177,1.018,5.70,6.00
2008.07.04 16:51:42.474,1.0177,1.018,2.80,6.80
2008.07.04 16:51:42.604,1.0175,1.018,5.50,1.60
2008.07.04 16:51:42.736,1.0175,1.018,1.00,1.60
2008.07.04 16:51:44.033,1.0175,1.018,1.00,1.00
2008.07.04 16:51:44.163,1.01755,1.01805,1.00,1.00
2008.07.04 16:51:44.428,1.0176,1.01805,1.00,1.00
2008.07.04 16:51:46.501,1.0176,1.0179,1.00,1.00
2008.07.04 16:51:59.345,1.0173,1.01785,1.00,4.50
2008.07.04 16:52:10.425,1.01725,1.01785,1.00,4.50
2008.07.04 16:52:19.889,1.0172,1.01785,1.50,4.50
2008.07.04 16:52:28.532,1.0172,1.0179,6.00,4.50
2008.07.04 16:52:34.025,1.0172,1.0178,6.00,1.00
2008.07.04 16:53:03.424,1.0172,1.0178,6.70,1.00
2008.07.04 16:53:03.602,1.01725,1.0178,4.40,1.00
2008.07.04 16:53:03.812,1.0173,1.0178,1.00,1.00
2008.07.04 16:53:08.032,1.0173,1.0178,5.40,1.00
2008.07.04 16:54:37.134,1.0173,1.0178,6.00,1.00
2008.07.04 16:55:11.726,1.0175,1.01785,4.90,1.00
2008.07.04 16:55:11.926,1.01749,1.01779,1.30,5.50
2008.07.04 16:55:13.314,1.01745,1.01775,1.00,17.50
2008.07.04 16:55:13.633,1.01741,1.01771,1.30,7.70
2008.07.04 16:55:17.482,1.01737,1.01772,1.00,4.60
2008.07.04 16:55:18.443,1.01736,1.01771,4.20,3.40
2008.07.04 16:55:18.532,1.01735,1.0177,1.30,3.60
2008.07.04 16:55:18.627,1.01736,1.01766,1.30,9.30
2008.07.04 16:55:19.460,1.01741,1.01766,1.30,8.10
2008.07.04 16:55:19.708,1.01741,1.01771,1.30,8.10
2008.07.04 16:55:19.968,1.01739,1.01774,1.00,4.60
2008.07.04 16:55:20.090,1.01741,1.01776,2.00,12.00
2008.07.04 16:55:22.789,1.01742,1.01777,1.00,10.00
2008.07.04 16:55:38.174,1.01742,1.01777,1.30,7.70
2008.07.04 16:55:40.391,1.01741,1.01776,1.00,17.50
2008.07.04 16:55:40.574,1.01736,1.01771,1.00,1.00
2008.07.04 16:55:45.734,1.01733,1.01768,1.00,17.50
2008.07.04 16:55:46.603,1.01738,1.01763,1.30,8.10
2008.07.04 16:55:46.765,1.01738,1.01768,1.00,3.40
2008.07.04 16:55:47.053,1.01741,1.01766,4.20,3.40
2008.07.04 16:55:47.288,1.01733,1.01763,1.30,5.50
2008.07.04 16:55:55.485,1.0173,1.0176,1.00,7.40
2008.07.04 16:56:48.858,1.0173,1.0178,6.70,1.00
2008.07.04 16:56:49.360,1.0174,1.0178,1.00,1.00
2008.07.04 16:56:49.854,1.0175,1.0178,1.00,1.00
2008.07.04 16:56:50.281,1.0175,1.0178,5.40,1.00
2008.07.04 16:57:02.983,1.0175,1.0178,17.20,8.40
2008.07.04 16:57:05.982,1.01752,1.01787,2.20,8.60
2008.07.04 16:57:06.187,1.01753,1.01793,3.00,11.70
2008.07.04 16:57:06.460,1.01753,1.01793,1.30,7.60
2008.07.04 16:57:08.049,1.01751,1.01791,2.00,3.10
2008.07.04 16:57:11.052,1.01752,1.01787,4.90,4.80
2008.07.04 16:57:11.541,1.01751,1.01786,1.30,7.60
2008.07.04 16:57:12.032,1.01753,1.01783,1.30,1.00
2008.07.04 16:57:12.219,1.01751,1.01786,1.30,5.80
2008.07.04 16:57:12.636,1.01754,1.01784,1.30,8.20
2008.07.04 16:57:12.809,1.01758,1.01783,2.70,2.50
2008.07.04 16:57:13.338,1.01758,1.01783,1.00,6.10
2008.07.04 16:57:13.542,1.01755,1.01785,1.00,12.60
2008.07.04 16:57:13.745,1.01753,1.01783,17.20,8.40
2008.07.04 16:57:13.949,1.01753,1.01783,1.30,6.80
2008.07.04 16:57:14.185,1.01752,1.01782,2.00,3.10
2008.07.04 16:57:14.327,1.01756,1.01776,1.00,5.70
2008.07.04 16:57:14.534,1.01753,1.01778,1.30,3.00
2008.07.04 16:57:14.676,1.01757,1.01777,4.90,5.70
2008.07.04 16:57:14.898,1.01759,1.01779,1.00,7.00
2008.07.04 16:57:15.699,1.01753,1.01783,3.00,12.70
2008.07.04 16:57:15.912,1.01763,1.01768,1.30,6.80
2008.07.04 16:57:16.208,1.01747,1.01772,2.00,1.00
2008.07.04 16:57:16.405,1.01742,1.01772,2.00,3.10
2008.07.04 16:57:16.608,1.01746,1.01776,1.30,8.20
2008.07.04 16:57:17.729,1.01749,1.01784,2.00,3.10
2008.07.04 16:57:17.855,1.01756,1.01786,1.30,6.80
2008.07.04 16:57:24.300,1.01759,1.01789,17.80,6.30
2008.07.04 16:57:25.162,1.01759,1.01789,1.30,6.80
2008.07.04 16:57:25.269,1.01755,1.0179,1.30,7.20
2008.07.04 16:57:46.949,1.01754,1.01789,1.30,3.00
2008.07.04 16:57:47.453,1.01756,1.01786,1.30,3.00
2008.07.04 16:57:47.730,1.01758,1.01788,1.30,6.80
2008.07.04 16:57:48.967,1.01761,1.01791,4.90,2.10
2008.07.04 16:57:49.270,1.01764,1.01794,2.00,3.10
2008.07.04 16:57:54.411,1.01766,1.01796,4.90,5.70
2008.07.04 16:57:54.739,1.0177,1.018,4.90,2.10
2008.07.04 16:57:56.526,1.01778,1.01803,1.30,1.00
2008.07.04 16:57:57.364,1.01783,1.01807,2.00,1.00
2008.07.04 16:58:02.141,1.0175,1.0178,1.00,1.00
2008.07.04 16:58:03.169,1.0175,1.0178,5.40,1.00
2008.07.04 16:58:23.515,1.0176,1.0178,1.00,1.00
2008.07.04 16:58:24.337,1.0176,1.0178,5.40,1.00
2008.07.04 16:58:24.415,1.0177,1.0178,1.00,1.00
2008.07.04 16:58:35.899,1.0177,1.0178,1.00,1.00
2008.07.04 16:58:51.908,1.0176,1.0178,5.40,1.00
2008.07.04 16:59:05.685,1.01755,1.01785,1.00,1.00
2008.07.04 16:59:07.624,1.01756,1.01786,3.00,3.60
2008.07.04 16:59:09.999,1.01762,1.01787,3.00,1.00
2008.07.04 16:59:17.694,1.01768,1.01798,5.80,2.80
2008.07.04 16:59:25.264,1.01784,1.01804,3.00,1.30
2008.07.04 16:59:26.406,1.01792,1.01806,1.30,1.00
2008.07.04 16:59:27.110,1.01787,1.01802,3.00,1.00
2008.07.04 16:59:27.284,1.01783,1.01798,3.00,1.00
2008.07.04 16:59:28.165,1.01775,1.01795,5.80,3.60
2008.07.04 16:59:32.689,1.0177,1.0179,1.50,1.00
2008.07.04 16:59:45.568,1.01758,1.01788,1.50,1.00
2008.07.04 16:59:49.339,1.01748,1.01778,1.30,1.00
2008.07.04 16:59:49.530,1.01746,1.01776,3.00,1.00
2008.07.04 16:59:50.124,1.01751,1.01781,1.50,1.00
2008.07.04 16:59:50.274,1.01757,1.01787,5.80,3.60
2008.07.04 16:59:50.492,1.01762,1.01792,2.00,4.80
2008.07.04 16:59:53.404,1.01762,1.01792,3.00,1.00
2008.07.04 16:59:53.547,1.01766,1.01791,2.20,1.00
2008.07.04 16:59:56.602,1.01761,1.01791,3.00,3.60
2008.07.04 16:59:57.262,1.01758,1.01783,2.00,4.80
2008.07.04 16:59:57.471,1.01756,1.01776,3.00,1.00
