2012.10.31 18:00:00.076,0.99967,0.99979,2.25,1.13
2012.10.31 18:00:00.446,0.99968,0.9998,1.50,7.35
2012.10.31 18:00:00.626,0.99966,0.99978,1.50,2.25
2012.10.31 18:00:01.230,0.99965,0.99977,2.10,2.25
2012.10.31 18:00:01.773,0.99964,0.99976,3.45,1.50
2012.10.31 18:00:02.095,0.99964,0.99976,3.45,2.25
2012.10.31 18:00:09.117,0.99964,0.99976,1.73,1.50
2012.10.31 18:00:10.690,0.99963,0.99977,3.23,2.25
2012.10.31 18:00:11.349,0.99963,0.99977,4.58,1.50
2012.10.31 18:00:13.757,0.99964,0.99978,2.25,4.50
2012.10.31 18:00:14.144,0.99968,0.9998,1.50,1.88
2012.10.31 18:00:14.656,0.99966,0.99975,1.35,1.50
2012.10.31 18:00:15.366,0.99965,0.99975,1.35,1.50
2012.10.31 18:00:16.206,0.99966,0.99975,3.60,1.50
2012.10.31 18:00:16.266,0.99967,0.9998,2.10,2.10
2012.10.31 18:00:16.446,0.99966,0.99977,2.10,1.50
2012.10.31 18:00:18.291,0.99965,0.99976,1.35,1.50
2012.10.31 18:00:19.044,0.99965,0.99977,2.10,1.50
2012.10.31 18:00:20.116,0.99965,0.99977,2.10,1.50
2012.10.31 18:00:20.841,0.99965,0.99977,2.10,1.50
2012.10.31 18:00:21.926,0.99965,0.99977,2.10,1.50
2012.10.31 18:00:25.560,0.99965,0.99977,2.10,2.25
2012.10.31 18:00:25.956,0.99965,0.99977,2.10,2.25
2012.10.31 18:00:26.466,0.99965,0.99974,1.50,2.48
2012.10.31 18:00:26.707,0.99963,0.99976,3.00,1.73
2012.10.31 18:00:26.826,0.99964,0.99976,2.85,2.25
2012.10.31 18:00:29.277,0.99964,0.99976,2.63,2.25
2012.10.31 18:00:30.417,0.99964,0.99978,3.23,3.00
2012.10.31 18:00:31.686,0.99964,0.99977,2.63,1.50
2012.10.31 18:00:32.505,0.99964,0.99977,2.63,1.50
2012.10.31 18:00:38.950,0.99964,0.99977,2.48,1.50
2012.10.31 18:00:43.116,0.99964,0.99977,2.10,1.35
2012.10.31 18:00:43.177,0.99962,0.99973,2.10,2.25
2012.10.31 18:00:43.237,0.99962,0.99973,2.10,2.25
2012.10.31 18:00:43.596,0.9996,0.9997,2.10,1.50
2012.10.31 18:00:44.287,0.9996,0.9997,1.73,1.50
2012.10.31 18:00:50.891,0.9996,0.9997,2.85,1.50
2012.10.31 18:00:51.348,0.99959,0.99971,2.85,3.00
2012.10.31 18:00:52.517,0.99959,0.9997,2.10,2.25
2012.10.31 18:00:54.209,0.99957,0.99969,2.85,2.25
2012.10.31 18:00:55.311,0.99957,0.99969,2.85,2.25
2012.10.31 18:00:58.194,0.99957,0.99969,2.70,2.25
2012.10.31 18:00:59.197,0.99957,0.99969,2.10,2.25
2012.10.31 18:01:00.466,0.99957,0.99969,2.10,2.25
2012.10.31 18:01:00.836,0.99957,0.99969,1.50,2.25
2012.10.31 18:01:01.346,0.99957,0.99963,1.50,2.25
2012.10.31 18:01:01.630,0.99952,0.99965,3.00,2.33
2012.10.31 18:01:02.332,0.99952,0.99965,2.25,2.25
2012.10.31 18:01:04.984,0.99952,0.99965,3.00,2.25
2012.10.31 18:01:05.167,0.99958,0.99965,1.50,2.25
2012.10.31 18:01:05.408,0.99956,0.99965,1.50,3.75
2012.10.31 18:01:05.977,0.99953,0.99965,2.25,3.75
2012.10.31 18:01:11.987,0.99953,0.99965,2.25,3.75
2012.10.31 18:01:12.517,0.99953,0.99965,2.25,3.75
2012.10.31 18:01:13.189,0.99953,0.99965,2.25,3.75
2012.10.31 18:01:18.216,0.99953,0.99965,1.50,3.00
2012.10.31 18:01:18.396,0.99954,0.99965,1.50,1.50
2012.10.31 18:01:29.688,0.99955,0.99966,1.50,2.33
2012.10.31 18:01:30.226,0.99954,0.99966,1.50,3.83
2012.10.31 18:01:32.146,0.99955,0.99966,1.50,2.25
2012.10.31 18:01:32.536,0.99953,0.99966,3.00,2.25
2012.10.31 18:01:34.087,0.99954,0.99965,1.50,1.13
2012.10.31 18:01:34.687,0.99953,0.99965,1.50,1.13
2012.10.31 18:01:36.649,0.99955,0.99966,1.50,1.58
2012.10.31 18:01:37.186,0.99953,0.99966,3.75,1.58
2012.10.31 18:01:46.242,0.99954,0.99965,1.50,1.13
2012.10.31 18:01:46.944,0.99953,0.99966,1.50,2.25
2012.10.31 18:01:50.036,0.99951,0.99965,4.35,2.25
2012.10.31 18:01:51.376,0.99953,0.99965,1.50,2.25
2012.10.31 18:01:51.907,0.99952,0.99963,2.25,1.50
2012.10.31 18:01:52.086,0.99952,0.99965,3.00,2.25
2012.10.31 18:01:52.616,0.99952,0.99964,3.00,2.25
2012.10.31 18:01:54.385,0.99951,0.99963,2.25,2.25
2012.10.31 18:01:54.626,0.99951,0.99963,2.25,2.25
2012.10.31 18:01:57.157,0.9995,0.9996,1.50,2.25
2012.10.31 18:01:58.117,0.99948,0.9996,2.25,2.25
2012.10.31 18:01:58.568,0.99952,0.99962,1.50,1.50
2012.10.31 18:02:01.207,0.99952,0.99964,2.25,1.50
2012.10.31 18:02:03.706,0.99952,0.99963,3.00,1.50
2012.10.31 18:02:06.059,0.99954,0.99964,1.50,1.50
2012.10.31 18:02:24.702,0.99952,0.99965,3.75,1.50
2012.10.31 18:02:25.847,0.99952,0.99965,3.75,1.88
2012.10.31 18:02:26.522,0.99955,0.99966,2.25,1.50
2012.10.31 18:02:27.037,0.99953,0.99965,3.75,1.50
2012.10.31 18:02:30.247,0.99953,0.99964,1.50,1.50
2012.10.31 18:02:44.907,0.99953,0.99962,2.25,1.50
2012.10.31 18:02:44.968,0.99953,0.99962,2.25,1.50
2012.10.31 18:02:45.208,0.9995,0.9996,3.23,1.13
2012.10.31 18:02:45.763,0.99949,0.9996,2.48,1.88
2012.10.31 18:02:46.893,0.99949,0.99958,1.50,1.50
2012.10.31 18:02:47.086,0.99947,0.99959,1.50,3.00
2012.10.31 18:02:47.618,0.99947,0.99959,2.85,3.00
2012.10.31 18:02:48.017,0.9995,0.99959,1.50,3.00
2012.10.31 18:02:48.256,0.99947,0.99959,2.25,3.00
2012.10.31 18:02:48.796,0.99947,0.99958,1.50,1.50
2012.10.31 18:02:49.706,0.99947,0.99958,1.50,1.50
2012.10.31 18:02:50.893,0.99947,0.99958,1.50,1.50
2012.10.31 18:02:51.997,0.99947,0.99958,1.50,1.50
2012.10.31 18:02:54.327,0.99947,0.99959,2.25,1.88
2012.10.31 18:02:54.632,0.9995,0.9996,1.50,3.00
2012.10.31 18:02:55.146,0.99951,0.9996,1.50,1.50
2012.10.31 18:02:55.981,0.9995,0.9996,1.50,1.50
2012.10.31 18:02:56.658,0.99949,0.99959,1.50,1.50
2012.10.31 18:02:57.346,0.99947,0.99959,3.00,1.50
2012.10.31 18:02:58.396,0.99947,0.99957,2.25,1.50
2012.10.31 18:02:59.386,0.99947,0.99958,1.50,1.50
2012.10.31 18:03:04.049,0.99947,0.99959,1.50,3.08
2012.10.31 18:03:04.346,0.99948,0.99959,1.50,1.58
2012.10.31 18:03:05.724,0.99948,0.99959,1.50,3.08
2012.10.31 18:03:06.919,0.99947,0.99959,1.50,4.58
2012.10.31 18:03:12.959,0.99947,0.99959,1.50,3.08
2012.10.31 18:03:15.496,0.99948,0.99958,1.50,1.13
2012.10.31 18:03:24.567,0.99951,0.9996,1.50,2.25
2012.10.31 18:03:24.627,0.9995,0.9996,1.50,2.25
2012.10.31 18:03:25.189,0.9995,0.99961,3.00,1.13
2012.10.31 18:03:27.055,0.9995,0.99962,1.50,2.25
2012.10.31 18:03:32.512,0.99951,0.99962,1.50,2.25
2012.10.31 18:03:35.596,0.9995,0.99962,1.50,2.33
2012.10.31 18:03:36.107,0.9995,0.99962,1.50,2.25
2012.10.31 18:03:45.907,0.9995,0.99962,1.50,2.63
2012.10.31 18:03:46.447,0.99948,0.9996,2.25,2.33
2012.10.31 18:03:47.186,0.99948,0.9996,2.25,2.33
2012.10.31 18:03:47.888,0.99948,0.9996,2.25,2.25
2012.10.31 18:03:49.440,0.99948,0.9996,2.25,2.63
2012.10.31 18:03:50.413,0.99948,0.9996,2.25,2.70
2012.10.31 18:03:52.217,0.99948,0.9996,2.25,2.63
2012.10.31 18:03:52.756,0.9995,0.99962,1.50,2.25
2012.10.31 18:03:53.206,0.99949,0.99961,3.00,2.33
2012.10.31 18:03:53.447,0.99949,0.9996,2.25,1.20
2012.10.31 18:03:56.466,0.99948,0.9996,2.25,2.63
2012.10.31 18:04:00.066,0.99946,0.99953,1.50,2.10
2012.10.31 18:04:00.127,0.99945,0.99953,1.73,2.10
2012.10.31 18:04:00.247,0.9994,0.99951,1.17,2.33
2012.10.31 18:04:00.487,0.99938,0.9995,1.50,2.25
2012.10.31 18:04:00.668,0.99938,0.9995,1.50,2.25
2012.10.31 18:04:15.848,0.99938,0.99949,1.73,1.50
2012.10.31 18:04:22.648,0.99937,0.99949,3.23,1.50
2012.10.31 18:04:23.357,0.99939,0.99951,1.50,3.00
2012.10.31 18:04:25.507,0.9994,0.99951,1.50,2.25
2012.10.31 18:04:26.047,0.99939,0.99951,3.00,2.25
2012.10.31 18:04:35.509,0.9994,0.9995,1.50,2.25
2012.10.31 18:04:36.189,0.99939,0.9995,1.50,2.25
2012.10.31 18:04:52.632,0.99938,0.9995,2.48,2.25
2012.10.31 18:04:54.407,0.99939,0.99951,2.25,2.25
2012.10.31 18:05:01.216,0.99939,0.99951,2.25,2.25
2012.10.31 18:05:03.575,0.99939,0.99951,2.25,2.25
2012.10.31 18:05:04.377,0.99939,0.99951,2.25,2.25
2012.10.31 18:05:04.926,0.99939,0.99951,3.00,3.75
2012.10.31 18:05:05.996,0.99939,0.99951,3.00,3.75
2012.10.31 18:05:06.694,0.99939,0.99951,2.25,2.25
2012.10.31 18:05:07.556,0.99939,0.99951,3.00,3.00
2012.10.31 18:05:13.653,0.99938,0.99949,1.73,2.25
2012.10.31 18:05:20.251,0.99937,0.9995,3.60,2.25
2012.10.31 18:05:20.767,0.99939,0.9995,1.50,2.25
2012.10.31 18:05:22.850,0.99939,0.99952,2.25,4.13
2012.10.31 18:05:23.525,0.99939,0.99952,4.13,2.25
2012.10.31 18:05:25.196,0.99939,0.99952,3.38,3.75
2012.10.31 18:05:26.196,0.99938,0.9995,3.23,1.50
2012.10.31 18:05:26.316,0.99938,0.99949,3.23,1.13
2012.10.31 18:05:26.797,0.99935,0.99948,1.50,2.25
2012.10.31 18:05:27.381,0.99935,0.99948,1.50,2.25
2012.10.31 18:05:33.607,0.99935,0.99947,1.50,2.25
2012.10.31 18:05:34.987,0.99935,0.99947,1.50,2.25
2012.10.31 18:05:35.857,0.99935,0.99945,1.50,1.50
2012.10.31 18:05:35.918,0.99934,0.99944,1.50,1.50
2012.10.31 18:05:36.508,0.99937,0.99943,1.50,1.50
2012.10.31 18:05:36.717,0.99933,0.99944,2.25,3.00
2012.10.31 18:05:37.588,0.99933,0.99943,1.88,2.25
2012.10.31 18:05:37.781,0.9993,0.99942,1.13,2.63
2012.10.31 18:05:38.582,0.99929,0.9994,1.50,2.25
2012.10.31 18:05:39.138,0.99929,0.99941,1.88,2.25
2012.10.31 18:05:39.678,0.99932,0.99942,1.50,2.25
2012.10.31 18:05:40.190,0.99932,0.99943,1.50,2.25
2012.10.31 18:05:40.967,0.99931,0.99941,1.50,2.25
2012.10.31 18:05:41.514,0.99932,0.99941,1.50,2.25
2012.10.31 18:05:47.191,0.99932,0.99941,1.50,2.25
2012.10.31 18:05:49.614,0.9993,0.99942,3.00,2.25
2012.10.31 18:05:50.047,0.99931,0.99943,1.50,2.25
2012.10.31 18:05:50.910,0.99933,0.99944,1.50,3.38
2012.10.31 18:05:51.088,0.99936,0.99944,1.50,1.50
2012.10.31 18:05:51.149,0.99936,0.99944,1.50,1.50
2012.10.31 18:05:51.208,0.99936,0.99946,2.25,1.88
2012.10.31 18:05:51.269,0.99936,0.9995,3.00,3.98
2012.10.31 18:05:51.827,0.99938,0.99947,1.50,2.25
2012.10.31 18:05:52.358,0.99938,0.99947,2.25,2.25
2012.10.31 18:05:52.870,0.99938,0.99947,1.50,2.25
2012.10.31 18:05:55.347,0.99938,0.99947,2.25,2.85
2012.10.31 18:05:55.647,0.99936,0.99945,3.00,1.13
2012.10.31 18:05:55.708,0.99938,0.99946,1.50,1.13
2012.10.31 18:05:56.305,0.99938,0.99948,1.50,2.25
2012.10.31 18:05:57.037,0.99938,0.99948,1.50,2.25
2012.10.31 18:05:57.962,0.99938,0.99948,1.50,2.25
2012.10.31 18:05:59.687,0.99935,0.99945,1.88,1.50
2012.10.31 18:05:59.747,0.99935,0.99945,1.13,1.50
2012.10.31 18:05:59.928,0.99936,0.99946,1.50,1.88
2012.10.31 18:05:59.987,0.9994,0.99946,1.50,1.88
2012.10.31 18:06:00.228,0.99938,0.99948,1.50,2.25
2012.10.31 18:06:00.657,0.99937,0.99942,1.50,1.50
2012.10.31 18:06:00.718,0.99938,0.99948,1.50,2.25
2012.10.31 18:06:02.827,0.99937,0.99948,2.25,2.25
2012.10.31 18:06:03.575,0.99938,0.99948,1.50,2.25
2012.10.31 18:06:04.867,0.99938,0.99948,1.50,2.25
2012.10.31 18:06:06.638,0.99938,0.99948,2.25,2.25
2012.10.31 18:06:09.236,0.99938,0.99948,1.13,2.25
2012.10.31 18:06:09.949,0.99939,0.9995,3.75,2.25
2012.10.31 18:06:12.588,0.99939,0.9995,1.50,1.50
2012.10.31 18:06:24.689,0.99939,0.9995,1.88,1.50
2012.10.31 18:06:24.749,0.9994,0.9995,1.13,1.50
2012.10.31 18:06:24.810,0.99942,0.9995,1.50,1.50
2012.10.31 18:06:25.296,0.99946,0.99954,1.50,1.50
2012.10.31 18:06:25.538,0.99942,0.99951,2.25,2.25
2012.10.31 18:06:25.656,0.99945,0.99954,1.50,1.50
2012.10.31 18:06:28.227,0.99945,0.99956,3.00,1.50
2012.10.31 18:06:28.288,0.99945,0.99956,3.00,1.50
2012.10.31 18:06:29.000,0.99945,0.99956,1.50,1.50
2012.10.31 18:06:29.899,0.99945,0.99956,1.50,1.50
2012.10.31 18:06:34.277,0.99945,0.99956,3.00,1.50
2012.10.31 18:06:40.376,0.99945,0.99956,1.35,1.50
2012.10.31 18:06:40.436,0.99945,0.99956,2.10,1.50
2012.10.31 18:06:40.977,0.99949,0.99958,2.25,1.50
2012.10.31 18:06:53.528,0.99945,0.99956,2.25,2.25
2012.10.31 18:06:53.987,0.99948,0.99958,1.50,1.50
2012.10.31 18:06:54.497,0.99948,0.99958,2.48,1.50
2012.10.31 18:06:56.468,0.99947,0.99958,3.98,1.50
2012.10.31 18:06:56.997,0.99948,0.9996,2.48,2.25
2012.10.31 18:06:57.555,0.99948,0.99961,1.73,3.00
2012.10.31 18:07:16.016,0.99948,0.99958,1.73,1.50
2012.10.31 18:07:18.049,0.99947,0.99958,3.23,1.50
2012.10.31 18:07:18.497,0.99947,0.99958,3.23,1.50
2012.10.31 18:07:18.559,0.99945,0.99956,2.25,1.50
2012.10.31 18:07:18.677,0.99945,0.99956,1.50,1.50
2012.10.31 18:07:19.577,0.99945,0.99958,1.88,3.00
2012.10.31 18:07:24.089,0.99945,0.99957,1.88,1.50
2012.10.31 18:07:29.876,0.99947,0.99957,2.37,1.50
2012.10.31 18:07:30.177,0.99949,0.99957,1.50,1.50
2012.10.31 18:07:30.297,0.99951,0.99962,1.13,1.50
2012.10.31 18:07:30.597,0.99947,0.99957,2.48,1.50
2012.10.31 18:07:31.128,0.99947,0.99958,2.25,1.50
2012.10.31 18:07:31.646,0.99947,0.99958,2.25,2.25
2012.10.31 18:07:33.738,0.99947,0.99958,1.88,2.25
2012.10.31 18:07:36.111,0.99947,0.99958,1.88,2.25
2012.10.31 18:07:36.510,0.9995,0.99962,2.25,4.50
2012.10.31 18:07:36.815,0.9995,0.99962,2.25,3.75
2012.10.31 18:07:37.316,0.9995,0.99961,1.50,2.25
2012.10.31 18:07:39.166,0.99951,0.99962,1.50,3.75
2012.10.31 18:07:40.447,0.99951,0.99962,1.50,3.75
2012.10.31 18:07:44.576,0.9995,0.99962,2.25,3.75
2012.10.31 18:07:44.877,0.99948,0.99958,1.50,2.25
2012.10.31 18:07:45.304,0.99948,0.99956,1.50,1.50
2012.10.31 18:07:45.366,0.99948,0.99958,1.50,2.25
2012.10.31 18:07:47.360,0.99946,0.99958,1.50,2.25
2012.10.31 18:07:51.387,0.99945,0.99958,3.00,2.25
2012.10.31 18:07:51.657,0.99945,0.99956,2.25,1.50
2012.10.31 18:07:51.838,0.99945,0.99958,2.25,3.75
2012.10.31 18:07:53.576,0.99945,0.99957,2.25,1.50
2012.10.31 18:07:55.867,0.99945,0.99952,1.38,1.50
2012.10.31 18:07:56.047,0.99945,0.99954,1.50,2.25
2012.10.31 18:07:56.596,0.99942,0.99954,1.50,3.75
2012.10.31 18:07:57.077,0.99946,0.99958,2.25,3.75
2012.10.31 18:08:00.847,0.99946,0.99958,1.50,3.00
2012.10.31 18:08:00.967,0.99944,0.99953,2.25,1.50
2012.10.31 18:08:01.515,0.99945,0.99955,1.50,2.25
2012.10.31 18:08:05.468,0.99945,0.99955,1.50,2.25
2012.10.31 18:08:05.527,0.99947,0.99955,1.50,1.50
2012.10.31 18:08:05.768,0.99948,0.99958,3.23,1.13
2012.10.31 18:08:05.827,0.9995,0.99961,1.50,3.68
2012.10.31 18:08:05.946,0.99948,0.99961,3.23,3.00
2012.10.31 18:08:06.516,0.99948,0.99958,1.73,1.50
2012.10.31 18:08:07.629,0.99946,0.99959,1.50,3.75
2012.10.31 18:08:11.398,0.99946,0.99953,1.50,1.50
2012.10.31 18:08:11.578,0.99944,0.99954,3.00,1.50
2012.10.31 18:08:11.700,0.99945,0.99957,2.25,1.50
2012.10.31 18:08:12.709,0.99946,0.99958,1.50,3.38
2012.10.31 18:08:13.816,0.99945,0.99958,2.25,3.00
2012.10.31 18:08:14.062,0.99945,0.99955,2.25,2.25
2012.10.31 18:08:14.659,0.99945,0.99955,2.25,2.25
2012.10.31 18:08:14.720,0.99945,0.99955,2.25,1.50
2012.10.31 18:08:16.579,0.99945,0.99957,3.00,2.25
2012.10.31 18:08:16.757,0.99945,0.99952,1.50,1.50
2012.10.31 18:08:16.818,0.99945,0.99955,3.00,2.25
2012.10.31 18:08:16.937,0.99945,0.99955,3.00,1.50
2012.10.31 18:08:19.147,0.99945,0.99959,2.25,3.75
2012.10.31 18:08:19.657,0.99945,0.99953,1.50,1.50
2012.10.31 18:08:19.958,0.99945,0.99956,2.25,1.50
2012.10.31 18:08:20.568,0.99945,0.99957,2.25,1.13
2012.10.31 18:08:21.102,0.99945,0.99955,2.25,1.50
2012.10.31 18:08:21.887,0.99945,0.99955,2.25,1.50
2012.10.31 18:08:22.438,0.99943,0.99954,1.50,1.50
2012.10.31 18:08:24.086,0.99945,0.99954,1.50,1.50
2012.10.31 18:08:26.670,0.99944,0.99953,1.50,2.25
2012.10.31 18:08:27.028,0.99946,0.99955,2.25,2.25
2012.10.31 18:08:27.566,0.99946,0.99955,3.00,1.50
2012.10.31 18:08:28.878,0.99945,0.99952,1.50,1.50
2012.10.31 18:08:29.066,0.99946,0.99954,1.50,1.50
2012.10.31 18:08:32.586,0.99946,0.99956,1.50,1.50
2012.10.31 18:08:35.608,0.99945,0.99956,2.25,1.50
2012.10.31 18:08:37.087,0.99944,0.99956,1.50,1.50
2012.10.31 18:08:37.207,0.99947,0.99957,1.50,1.50
2012.10.31 18:08:37.507,0.9995,0.99961,1.50,2.25
2012.10.31 18:08:38.010,0.9995,0.99962,3.00,2.25
2012.10.31 18:08:38.591,0.9995,0.99962,3.00,2.25
2012.10.31 18:08:42.265,0.99951,0.99961,1.88,1.50
2012.10.31 18:08:42.449,0.9995,0.99961,1.13,4.35
2012.10.31 18:08:42.567,0.99947,0.99956,1.50,3.00
2012.10.31 18:08:43.072,0.99946,0.99956,1.88,1.50
2012.10.31 18:08:43.607,0.99946,0.99956,1.88,1.50
2012.10.31 18:08:48.196,0.99945,0.99956,3.00,1.50
2012.10.31 18:08:48.437,0.99945,0.99956,3.00,1.50
2012.10.31 18:08:50.458,0.99946,0.99956,1.88,3.00
2012.10.31 18:08:50.637,0.99947,0.99956,1.50,3.00
2012.10.31 18:08:51.157,0.99945,0.99956,2.25,1.50
2012.10.31 18:08:52.477,0.99945,0.99956,2.63,3.00
2012.10.31 18:08:52.797,0.99945,0.99956,1.88,1.50
2012.10.31 18:08:56.167,0.99944,0.99954,3.00,1.13
2012.10.31 18:08:56.737,0.99946,0.99955,1.50,1.50
2012.10.31 18:08:57.571,0.99946,0.99955,1.50,1.50
2012.10.31 18:09:02.660,0.99946,0.99955,1.50,1.50
2012.10.31 18:09:07.878,0.99945,0.99957,2.25,2.25
2012.10.31 18:09:10.958,0.9995,0.99959,1.13,4.50
2012.10.31 18:09:11.018,0.9995,0.99958,1.13,1.50
2012.10.31 18:09:11.257,0.99951,0.99963,1.50,2.25
2012.10.31 18:09:11.809,0.99958,0.99964,1.50,3.75
2012.10.31 18:09:11.987,0.99957,0.99964,1.50,2.25
2012.10.31 18:09:12.047,0.99953,0.99963,2.25,2.25
2012.10.31 18:09:14.087,0.99951,0.99962,1.88,1.50
2012.10.31 18:09:15.877,0.99954,0.99962,1.73,1.50
2012.10.31 18:09:16.178,0.99958,0.99965,1.50,1.50
2012.10.31 18:09:16.367,0.99958,0.99969,1.50,3.00
2012.10.31 18:09:16.921,0.99958,0.99969,1.50,2.25
2012.10.31 18:09:23.368,0.99957,0.99969,3.98,2.85
2012.10.31 18:09:23.427,0.99956,0.99966,1.35,2.25
2012.10.31 18:09:24.060,0.99955,0.99966,1.13,2.25
2012.10.31 18:09:24.947,0.99954,0.99968,2.63,2.25
2012.10.31 18:09:25.637,0.99954,0.99966,2.63,2.25
2012.10.31 18:09:27.980,0.99954,0.99967,1.13,2.25
2012.10.31 18:09:28.868,0.99954,0.99967,1.13,2.25
2012.10.31 18:09:29.864,0.99954,0.99967,1.13,2.25
2012.10.31 18:09:30.987,0.99954,0.99967,1.13,2.25
2012.10.31 18:09:32.647,0.99954,0.99967,1.88,2.25
2012.10.31 18:09:34.398,0.99954,0.99967,1.13,2.25
2012.10.31 18:09:35.407,0.99954,0.99967,1.13,2.25
2012.10.31 18:09:36.627,0.99954,0.99967,1.13,2.25
2012.10.31 18:09:37.758,0.99954,0.99967,1.13,2.25
2012.10.31 18:09:41.707,0.99954,0.99967,1.13,2.25
2012.10.31 18:09:45.827,0.99954,0.99967,1.13,3.00
2012.10.31 18:09:45.887,0.99953,0.99962,2.25,1.50
2012.10.31 18:09:45.947,0.99953,0.99962,1.50,1.50
2012.10.31 18:09:46.247,0.99953,0.99961,1.50,1.50
2012.10.31 18:09:46.427,0.99949,0.99961,1.13,2.25
2012.10.31 18:09:48.269,0.99948,0.99961,3.00,2.25
2012.10.31 18:09:48.328,0.99948,0.99961,4.43,1.50
2012.10.31 18:09:48.447,0.9995,0.99962,3.75,2.25
2012.10.31 18:09:48.568,0.99952,0.99962,2.48,1.50
2012.10.31 18:09:48.894,0.99953,0.99967,2.48,2.25
2012.10.31 18:09:49.237,0.99953,0.99967,2.48,2.25
2012.10.31 18:09:52.538,0.99953,0.99967,3.23,2.25
2012.10.31 18:09:53.164,0.99953,0.99967,3.23,2.25
2012.10.31 18:09:53.687,0.99953,0.99967,2.48,2.25
2012.10.31 18:09:57.748,0.99953,0.99967,2.48,2.25
2012.10.31 18:09:59.128,0.99954,0.99967,1.50,2.25
2012.10.31 18:09:59.247,0.99958,0.99969,1.50,2.25
2012.10.31 18:10:00.178,0.99958,0.99969,1.50,2.25
2012.10.31 18:10:02.157,0.99958,0.99969,1.50,1.50
2012.10.31 18:10:02.927,0.99958,0.99969,1.50,2.85
2012.10.31 18:10:03.048,0.99955,0.99967,3.38,2.25
2012.10.31 18:10:04.237,0.99953,0.99967,2.25,1.50
2012.10.31 18:10:05.339,0.99953,0.99967,2.25,1.50
2012.10.31 18:10:05.878,0.99956,0.99967,1.50,1.50
2012.10.31 18:10:06.468,0.99958,0.99969,2.48,2.25
2012.10.31 18:10:13.867,0.99958,0.99967,2.48,2.25
2012.10.31 18:10:14.109,0.99952,0.99962,1.50,1.50
2012.10.31 18:10:14.418,0.99955,0.99964,1.50,2.25
2012.10.31 18:10:14.778,0.99952,0.99961,1.50,1.50
2012.10.31 18:10:14.917,0.99954,0.99964,2.25,3.75
2012.10.31 18:10:15.595,0.99955,0.99964,1.50,2.25
2012.10.31 18:10:16.137,0.99954,0.99963,2.25,1.50
2012.10.31 18:10:16.257,0.99952,0.99961,3.75,1.50
2012.10.31 18:10:16.317,0.99954,0.99963,2.25,3.00
2012.10.31 18:10:16.437,0.99952,0.99961,3.75,1.50
2012.10.31 18:10:16.938,0.99952,0.99962,2.25,2.25
2012.10.31 18:10:17.117,0.99955,0.99963,1.50,1.50
2012.10.31 18:10:17.917,0.99953,0.99963,2.25,1.50
2012.10.31 18:10:20.137,0.99953,0.99965,3.00,3.00
2012.10.31 18:10:22.677,0.99953,0.99964,3.00,1.50
2012.10.31 18:10:23.190,0.99953,0.99964,3.00,1.50
2012.10.31 18:10:23.307,0.99953,0.99965,3.75,3.00
2012.10.31 18:10:23.858,0.99954,0.99965,1.50,1.50
2012.10.31 18:10:23.916,0.99954,0.99965,1.50,1.50
2012.10.31 18:10:27.108,0.99954,0.99965,2.25,1.50
2012.10.31 18:10:27.896,0.99954,0.99966,3.00,2.25
2012.10.31 18:10:28.017,0.99954,0.99966,3.00,3.00
2012.10.31 18:10:28.866,0.99954,0.99966,3.00,2.25
2012.10.31 18:10:30.018,0.99954,0.99966,3.00,2.25
2012.10.31 18:10:33.184,0.99954,0.99966,3.00,2.25
2012.10.31 18:10:34.308,0.99953,0.99967,3.38,3.60
2012.10.31 18:10:58.777,0.99955,0.99966,1.13,2.25
2012.10.31 18:10:59.388,0.99955,0.99964,1.13,2.25
2012.10.31 18:11:05.288,0.99953,0.99967,4.20,3.00
2012.10.31 18:11:06.427,0.99954,0.99966,3.45,2.25
2012.10.31 18:11:10.657,0.99954,0.99967,1.20,3.00
2012.10.31 18:11:11.809,0.99954,0.99967,1.20,2.25
2012.10.31 18:11:12.737,0.99954,0.99966,2.70,2.25
2012.10.31 18:11:13.811,0.99954,0.99966,2.70,2.25
2012.10.31 18:11:14.912,0.99954,0.99968,2.70,4.35
2012.10.31 18:11:16.048,0.99954,0.99966,2.70,2.25
2012.10.31 18:11:17.117,0.99954,0.99966,2.70,2.25
2012.10.31 18:11:19.148,0.99954,0.99967,2.70,1.50
2012.10.31 18:11:20.228,0.99954,0.99967,1.20,2.25
2012.10.31 18:11:21.337,0.99955,0.99967,1.50,2.25
2012.10.31 18:11:21.996,0.99954,0.99967,1.20,2.25
2012.10.31 18:11:22.559,0.99954,0.99967,1.95,3.00
2012.10.31 18:11:23.387,0.99954,0.99967,1.95,3.00
2012.10.31 18:11:27.806,0.99954,0.99966,3.45,2.25
2012.10.31 18:11:29.898,0.99954,0.99967,1.20,3.00
2012.10.31 18:11:30.457,0.99954,0.99966,2.70,2.25
2012.10.31 18:11:33.124,0.99958,0.99967,1.50,1.88
2012.10.31 18:11:33.308,0.99961,0.99969,2.25,2.25
2012.10.31 18:11:33.367,0.99961,0.99969,1.50,3.00
2012.10.31 18:11:33.607,0.99959,0.99969,1.50,2.25
2012.10.31 18:11:33.847,0.99958,0.99967,2.48,1.50
2012.10.31 18:11:34.088,0.99954,0.99966,3.75,3.00
2012.10.31 18:11:34.638,0.99955,0.99967,1.50,2.25
2012.10.31 18:11:35.147,0.99954,0.99966,3.75,2.25
2012.10.31 18:11:36.536,0.99955,0.99967,1.50,2.25
2012.10.31 18:11:37.377,0.99954,0.99967,1.95,2.25
2012.10.31 18:11:39.657,0.99954,0.99967,4.20,1.50
2012.10.31 18:11:40.337,0.99954,0.99968,3.00,2.25
2012.10.31 18:11:44.988,0.99954,0.99968,3.00,3.00
2012.10.31 18:11:48.233,0.99954,0.99968,3.00,2.25
2012.10.31 18:11:48.738,0.99954,0.99968,2.25,2.25
2012.10.31 18:11:49.384,0.99955,0.99967,1.50,2.25
2012.10.31 18:11:50.473,0.99954,0.99966,2.25,2.25
2012.10.31 18:11:51.062,0.99954,0.99966,2.25,2.25
2012.10.31 18:11:51.844,0.99954,0.99968,2.25,2.25
2012.10.31 18:11:52.528,0.99954,0.99968,3.00,2.25
2012.10.31 18:11:52.648,0.99954,0.99968,3.00,2.25
2012.10.31 18:11:53.678,0.99954,0.99968,2.25,2.25
2012.10.31 18:11:54.478,0.99955,0.99968,1.50,2.25
2012.10.31 18:11:54.858,0.99959,0.99969,1.50,2.25
2012.10.31 18:11:54.978,0.99959,0.99969,1.50,2.25
2012.10.31 18:11:55.588,0.9996,0.99969,1.50,1.50
2012.10.31 18:11:56.350,0.99959,0.99971,2.25,2.25
2012.10.31 18:11:56.867,0.99957,0.99971,2.48,4.13
2012.10.31 18:11:57.425,0.99957,0.99969,3.23,1.50
2012.10.31 18:11:57.808,0.99955,0.99966,1.50,2.25
2012.10.31 18:11:59.017,0.99955,0.99967,2.25,2.25
2012.10.31 18:11:59.638,0.99955,0.99967,2.25,2.25
2012.10.31 18:12:01.167,0.99955,0.99967,2.25,2.25
2012.10.31 18:12:02.630,0.99954,0.99966,4.20,2.25
2012.10.31 18:12:03.160,0.99954,0.99966,4.20,2.25
2012.10.31 18:12:04.307,0.99954,0.99966,3.45,2.25
2012.10.31 18:12:05.377,0.99954,0.99967,1.20,2.85
2012.10.31 18:12:06.947,0.99954,0.99966,2.48,3.00
2012.10.31 18:12:10.728,0.99953,0.99967,4.05,4.50
2012.10.31 18:12:11.731,0.99953,0.99966,3.53,1.50
2012.10.31 18:12:12.833,0.99953,0.99967,3.53,4.50
2012.10.31 18:12:13.257,0.99953,0.99967,3.00,4.50
2012.10.31 18:12:13.323,0.99956,0.99967,1.50,3.00
2012.10.31 18:12:13.627,0.9996,0.99972,3.00,2.25
2012.10.31 18:12:14.147,0.99958,0.9997,4.65,1.50
2012.10.31 18:12:14.207,0.99958,0.9997,3.15,1.50
2012.10.31 18:12:14.567,0.99958,0.99968,1.50,1.50
2012.10.31 18:12:14.928,0.99957,0.99965,1.50,1.50
2012.10.31 18:12:15.197,0.99953,0.99965,3.53,1.50
2012.10.31 18:12:15.437,0.99953,0.99965,2.78,1.50
2012.10.31 18:12:15.990,0.99954,0.99965,2.03,1.50
2012.10.31 18:12:17.299,0.99955,0.99965,1.50,1.50
2012.10.31 18:12:17.990,0.99954,0.99965,2.03,1.50
2012.10.31 18:12:23.207,0.99955,0.99966,1.50,1.50
2012.10.31 18:12:23.757,0.99953,0.99966,2.78,1.50
2012.10.31 18:12:25.597,0.99955,0.99965,1.50,1.50
2012.10.31 18:12:26.377,0.99953,0.99965,2.78,1.50
2012.10.31 18:12:28.427,0.99955,0.99965,1.50,1.50
2012.10.31 18:12:29.394,0.99954,0.99965,2.03,1.50
2012.10.31 18:12:29.966,0.99955,0.99965,1.50,1.50
2012.10.31 18:12:30.484,0.99954,0.99965,2.03,1.50
2012.10.31 18:12:33.357,0.99955,0.99965,1.50,1.50
2012.10.31 18:12:33.907,0.99953,0.99965,2.78,1.50
2012.10.31 18:12:34.739,0.99952,0.99963,2.85,2.25
2012.10.31 18:12:34.978,0.99953,0.99964,3.00,1.50
2012.10.31 18:12:35.180,0.99952,0.99963,1.88,3.00
2012.10.31 18:12:41.898,0.99957,0.99964,1.50,2.25
2012.10.31 18:12:42.425,0.99958,0.99966,1.50,1.50
2012.10.31 18:12:43.193,0.99958,0.99967,1.50,1.50
2012.10.31 18:12:47.368,0.99957,0.99967,1.73,2.25
2012.10.31 18:12:47.607,0.99953,0.99965,3.15,1.50
2012.10.31 18:12:49.978,0.99954,0.99965,2.25,1.50
2012.10.31 18:12:50.338,0.9996,0.9997,1.50,1.50
2012.10.31 18:12:50.457,0.99958,0.99968,1.50,1.50
2012.10.31 18:12:50.977,0.99959,0.99969,1.50,1.50
2012.10.31 18:12:51.748,0.99959,0.99968,1.50,1.50
2012.10.31 18:12:51.807,0.99959,0.99968,1.50,1.50
2012.10.31 18:12:51.987,0.99955,0.99966,3.00,1.50
2012.10.31 18:12:52.347,0.99953,0.99965,3.75,1.50
2012.10.31 18:12:52.891,0.99954,0.99965,1.65,1.50
2012.10.31 18:12:54.439,0.99955,0.99966,1.50,1.50
2012.10.31 18:12:54.977,0.99954,0.99966,1.50,2.25
2012.10.31 18:12:55.532,0.99955,0.99967,1.50,3.00
2012.10.31 18:12:58.357,0.99955,0.99967,2.25,1.50
2012.10.31 18:12:58.658,0.99957,0.99969,2.25,1.88
2012.10.31 18:12:59.004,0.9996,0.9997,1.50,1.50
2012.10.31 18:12:59.659,0.99959,0.9997,2.25,1.50
2012.10.31 18:13:00.760,0.9996,0.99972,1.50,3.60
2012.10.31 18:13:01.277,0.9996,0.99972,2.25,2.85
2012.10.31 18:13:07.258,0.99959,0.99971,1.50,3.00
2012.10.31 18:13:08.137,0.99959,0.9997,1.50,2.25
2012.10.31 18:13:08.907,0.99957,0.99968,1.65,2.25
2012.10.31 18:13:09.087,0.99954,0.99967,1.28,3.00
2012.10.31 18:13:09.714,0.99955,0.99967,1.50,3.00
2012.10.31 18:13:10.733,0.99954,0.99966,2.40,2.25
2012.10.31 18:13:12.829,0.99953,0.99967,2.40,3.75
2012.10.31 18:13:13.489,0.99954,0.99967,1.50,2.25
2012.10.31 18:13:13.691,0.99953,0.99967,3.00,3.75
2012.10.31 18:13:14.305,0.99954,0.99967,1.50,2.25
2012.10.31 18:13:14.961,0.99953,0.99967,2.25,3.75
2012.10.31 18:13:15.262,0.99955,0.99967,1.50,3.75
2012.10.31 18:13:16.011,0.99953,0.99967,2.25,5.25
2012.10.31 18:13:16.222,0.99955,0.99967,1.50,5.25
2012.10.31 18:13:16.652,0.99953,0.99967,3.75,5.25
2012.10.31 18:13:17.161,0.99955,0.99967,1.50,5.25
2012.10.31 18:13:17.382,0.99953,0.99967,3.75,5.25
2012.10.31 18:13:17.929,0.99954,0.99966,1.50,2.25
2012.10.31 18:13:19.461,0.99954,0.99966,1.50,1.50
2012.10.31 18:13:20.032,0.99955,0.99967,1.50,4.50
2012.10.31 18:13:20.582,0.99953,0.99967,3.75,4.50
2012.10.31 18:13:23.063,0.99953,0.99967,3.00,3.75
2012.10.31 18:13:23.913,0.99954,0.99967,1.50,2.25
2012.10.31 18:13:24.564,0.99954,0.99966,1.65,1.50
2012.10.31 18:13:27.152,0.99953,0.99967,3.00,4.50
2012.10.31 18:13:27.791,0.99954,0.99966,1.50,1.50
2012.10.31 18:13:28.667,0.99955,0.99967,1.50,4.50
2012.10.31 18:13:29.173,0.99956,0.99967,1.50,3.00
2012.10.31 18:13:29.293,0.9996,0.99968,1.50,2.25
2012.10.31 18:13:29.542,0.99961,0.99973,3.00,3.23
2012.10.31 18:13:30.093,0.99961,0.99973,3.00,3.00
2012.10.31 18:13:42.605,0.9996,0.99973,1.50,2.85
2012.10.31 18:13:48.537,0.9996,0.99971,1.50,1.50
2012.10.31 18:13:49.042,0.9996,0.99973,1.50,2.25
2012.10.31 18:13:56.201,0.9996,0.99971,1.50,1.50
2012.10.31 18:13:56.734,0.9996,0.99973,1.50,2.25
2012.10.31 18:13:58.682,0.99965,0.99974,1.50,2.25
2012.10.31 18:13:58.801,0.99965,0.99976,1.50,3.75
2012.10.31 18:13:59.215,0.99963,0.99976,2.25,2.29
2012.10.31 18:14:02.550,0.99963,0.99977,1.50,3.64
2012.10.31 18:14:05.101,0.99962,0.99975,2.25,1.50
2012.10.31 18:14:05.402,0.99965,0.99975,1.50,1.50
2012.10.31 18:14:05.523,0.99968,0.99979,1.50,1.50
2012.10.31 18:14:06.031,0.99967,0.9998,2.25,1.13
2012.10.31 18:14:06.331,0.99966,0.99976,1.50,1.50
2012.10.31 18:14:06.692,0.9997,0.99982,2.25,3.00
2012.10.31 18:14:06.993,0.99968,0.99976,1.50,1.50
2012.10.31 18:14:07.292,0.99963,0.99976,2.25,1.50
2012.10.31 18:14:07.761,0.99963,0.99976,2.25,1.50
2012.10.31 18:14:08.801,0.99963,0.99976,1.50,1.50
2012.10.31 18:14:10.353,0.99964,0.99978,2.25,2.63
2012.10.31 18:14:11.043,0.99964,0.99977,1.28,1.50
2012.10.31 18:14:11.730,0.99964,0.99977,1.50,1.88
2012.10.31 18:14:12.043,0.9997,0.99981,1.50,1.73
2012.10.31 18:14:12.284,0.99971,0.99982,1.50,3.60
2012.10.31 18:14:12.832,0.99971,0.99982,1.50,2.10
2012.10.31 18:14:14.452,0.99969,0.99982,3.00,2.10
2012.10.31 18:14:14.751,0.99969,0.99982,1.50,3.23
2012.10.31 18:14:14.813,0.99967,0.9998,2.25,1.50
2012.10.31 18:14:15.454,0.99969,0.99981,1.50,3.00
2012.10.31 18:14:15.691,0.99967,0.99981,1.50,3.00
2012.10.31 18:14:16.371,0.99967,0.99979,1.50,1.35
2012.10.31 18:14:16.492,0.99965,0.99976,1.50,1.50
2012.10.31 18:14:17.253,0.99964,0.99976,2.63,1.50
2012.10.31 18:14:17.791,0.99964,0.99977,1.65,1.88
2012.10.31 18:14:18.332,0.99964,0.99976,1.65,1.50
2012.10.31 18:14:22.334,0.99964,0.99976,1.50,2.25
2012.10.31 18:14:22.835,0.99965,0.99977,1.50,4.50
2012.10.31 18:14:23.566,0.99963,0.99977,2.25,4.50
2012.10.31 18:14:24.224,0.99964,0.99977,1.50,2.25
2012.10.31 18:14:25.654,0.99964,0.99977,1.50,2.33
2012.10.31 18:14:27.917,0.99963,0.99977,3.75,3.53
2012.10.31 18:14:29.395,0.99963,0.99977,3.75,2.70
2012.10.31 18:14:30.131,0.99963,0.99977,3.00,2.03
2012.10.31 18:14:32.642,0.99963,0.99977,3.00,3.75
2012.10.31 18:14:34.471,0.99963,0.99977,2.25,2.18
2012.10.31 18:14:36.332,0.99964,0.99978,2.25,2.63
2012.10.31 18:14:36.860,0.99964,0.99976,2.25,1.50
2012.10.31 18:14:41.971,0.99964,0.99976,2.25,2.33
2012.10.31 18:14:44.730,0.99964,0.99976,3.00,2.33
2012.10.31 18:14:45.031,0.99966,0.99976,1.50,1.50
2012.10.31 18:14:45.391,0.99966,0.99976,1.50,1.50
2012.10.31 18:14:45.451,0.99963,0.99976,1.88,1.58
2012.10.31 18:15:04.338,0.99963,0.99977,2.85,1.65
2012.10.31 18:15:05.511,0.99965,0.99977,1.50,1.65
2012.10.31 18:15:06.014,0.99963,0.99977,2.85,1.65
2012.10.31 18:15:06.842,0.99963,0.99977,2.25,1.58
2012.10.31 18:15:07.520,0.99963,0.99977,2.85,1.58
2012.10.31 18:15:08.140,0.99963,0.99977,2.85,1.65
2012.10.31 18:15:10.071,0.99964,0.99978,2.25,3.68
2012.10.31 18:15:12.029,0.99964,0.99978,2.25,3.68
2012.10.31 18:15:14.140,0.99964,0.99978,2.25,3.00
2012.10.31 18:15:15.231,0.99964,0.99978,2.25,3.75
2012.10.31 18:15:18.442,0.99964,0.99978,2.25,3.75
2012.10.31 18:15:20.561,0.99964,0.99978,2.25,3.68
2012.10.31 18:15:21.662,0.99964,0.99976,2.25,1.58
2012.10.31 18:15:28.025,0.99964,0.99978,2.25,3.00
2012.10.31 18:15:28.391,0.99965,0.99978,1.50,2.85
2012.10.31 18:15:28.834,0.99969,0.99982,3.75,1.13
2012.10.31 18:15:29.381,0.99971,0.99983,1.50,1.50
2012.10.31 18:15:29.562,0.99971,0.99981,1.50,1.50
2012.10.31 18:15:30.111,0.99974,0.99982,1.50,1.50
2012.10.31 18:15:30.511,0.99971,0.9998,1.50,1.50
2012.10.31 18:15:30.881,0.99971,0.99982,1.50,1.50
2012.10.31 18:15:32.282,0.99971,0.99981,1.50,1.50
2012.10.31 18:15:32.793,0.99971,0.99982,1.50,1.50
2012.10.31 18:15:33.385,0.99971,0.99982,1.50,1.58
2012.10.31 18:15:33.511,0.99969,0.99982,2.25,2.03
2012.10.31 18:15:34.652,0.99969,0.99981,2.25,3.08
2012.10.31 18:15:35.383,0.99968,0.9998,1.50,2.10
2012.10.31 18:15:35.450,0.99966,0.99976,1.50,1.50
2012.10.31 18:15:37.583,0.99965,0.99977,3.00,1.58
2012.10.31 18:15:39.881,0.99965,0.99976,2.25,1.50
2012.10.31 18:15:40.470,0.99965,0.99977,3.00,1.58
2012.10.31 18:15:41.001,0.99964,0.99976,2.25,1.50
2012.10.31 18:15:41.911,0.99964,0.99977,3.00,2.33
2012.10.31 18:15:42.581,0.99964,0.99977,3.00,2.33
2012.10.31 18:15:46.350,0.99964,0.99976,3.00,1.50
2012.10.31 18:15:46.941,0.99964,0.99977,3.00,2.33
2012.10.31 18:15:47.801,0.99964,0.99976,3.00,1.50
2012.10.31 18:15:48.399,0.99964,0.99977,3.00,2.33
2012.10.31 18:15:49.663,0.99964,0.99976,3.00,1.50
2012.10.31 18:15:50.213,0.99964,0.99976,3.00,1.50
2012.10.31 18:15:50.811,0.99964,0.99976,3.00,1.58
2012.10.31 18:15:51.326,0.99964,0.99976,3.00,1.58
2012.10.31 18:15:52.222,0.99964,0.99977,1.50,2.33
2012.10.31 18:15:53.901,0.99964,0.99976,3.00,1.58
2012.10.31 18:15:55.149,0.99965,0.99977,1.50,4.58
2012.10.31 18:15:55.676,0.99965,0.99977,1.50,4.58
2012.10.31 18:15:57.454,0.99964,0.99976,3.00,1.58
2012.10.31 18:15:58.013,0.99964,0.99976,3.00,1.58
2012.10.31 18:16:00.112,0.99964,0.99977,3.00,3.15
2012.10.31 18:16:00.896,0.99964,0.99977,3.00,2.40
2012.10.31 18:16:01.504,0.99964,0.99975,1.50,1.58
2012.10.31 18:16:06.831,0.99962,0.99973,3.00,1.50
2012.10.31 18:16:07.381,0.99962,0.99974,3.00,1.50
2012.10.31 18:16:08.334,0.99965,0.99977,1.50,4.58
2012.10.31 18:16:08.862,0.99965,0.99977,1.50,3.15
2012.10.31 18:16:09.651,0.99963,0.99974,3.00,1.58
2012.10.31 18:16:10.432,0.99962,0.99973,3.00,1.50
2012.10.31 18:16:11.176,0.99963,0.99974,1.50,1.50
2012.10.31 18:16:12.721,0.99962,0.99973,3.00,1.50
2012.10.31 18:16:13.402,0.99964,0.99975,2.25,2.33
2012.10.31 18:16:13.982,0.99963,0.99973,1.50,1.50
2012.10.31 18:16:14.311,0.99967,0.99973,1.50,1.50
2012.10.31 18:16:14.431,0.99963,0.99974,1.50,1.58
2012.10.31 18:16:15.403,0.99963,0.99973,1.50,1.50
2012.10.31 18:16:15.981,0.99963,0.99974,1.50,1.58
2012.10.31 18:16:16.766,0.99963,0.99973,1.50,1.50
2012.10.31 18:16:17.211,0.99964,0.99975,2.25,2.33
2012.10.31 18:16:17.271,0.99962,0.99973,1.50,1.50
2012.10.31 18:16:17.851,0.99967,0.99973,1.50,1.50
2012.10.31 18:16:18.034,0.99964,0.99976,2.25,1.20
2012.10.31 18:16:18.422,0.99962,0.99973,2.25,1.50
2012.10.31 18:16:19.562,0.99965,0.99976,1.50,1.20
2012.10.31 18:16:20.961,0.99964,0.99976,2.25,2.70
2012.10.31 18:16:21.551,0.99963,0.99974,2.25,1.50
2012.10.31 18:16:22.032,0.99963,0.99974,2.25,1.50
2012.10.31 18:16:23.152,0.99963,0.99975,2.25,2.70
2012.10.31 18:16:23.281,0.99962,0.99975,1.50,1.95
2012.10.31 18:16:23.811,0.99964,0.99976,1.50,2.78
2012.10.31 18:16:25.971,0.99964,0.99976,1.50,3.90
2012.10.31 18:16:26.492,0.99962,0.99975,1.50,1.95
2012.10.31 18:16:27.042,0.99962,0.99975,1.50,1.95
2012.10.31 18:16:28.752,0.99962,0.99975,1.50,1.95
2012.10.31 18:16:31.391,0.99961,0.99975,5.48,1.50
2012.10.31 18:16:32.454,0.99962,0.99975,1.50,1.58
2012.10.31 18:16:32.955,0.99961,0.99975,5.48,1.58
2012.10.31 18:16:33.691,0.99964,0.99976,2.25,2.70
2012.10.31 18:16:35.381,0.99962,0.99974,3.75,1.50
2012.10.31 18:16:45.142,0.99965,0.99976,1.50,2.70
2012.10.31 18:16:45.263,0.99965,0.99976,3.98,1.88
2012.10.31 18:16:45.442,0.99963,0.9997,2.48,1.50
2012.10.31 18:16:45.561,0.99961,0.99972,3.98,1.88
2012.10.31 18:16:45.682,0.99961,0.99973,3.00,3.23
2012.10.31 18:16:45.862,0.99962,0.99973,1.50,3.30
2012.10.31 18:16:46.102,0.99962,0.99975,1.50,1.95
2012.10.31 18:16:46.650,0.99963,0.99975,1.50,1.88
2012.10.31 18:16:48.871,0.99965,0.99976,1.50,1.88
2012.10.31 18:16:49.171,0.99962,0.99973,1.50,1.50
2012.10.31 18:16:49.231,0.99962,0.99975,1.50,1.88
2012.10.31 18:16:50.911,0.99962,0.99974,3.00,1.50
2012.10.31 18:16:52.051,0.99963,0.99976,1.50,1.88
2012.10.31 18:16:52.171,0.99962,0.99973,1.50,1.50
2012.10.31 18:16:55.351,0.99961,0.99972,3.23,1.50
2012.10.31 18:16:57.154,0.99961,0.99974,3.23,3.00
2012.10.31 18:16:58.272,0.99962,0.99975,1.50,1.95
2012.10.31 18:16:58.643,0.99962,0.99975,3.00,4.05
2012.10.31 18:16:59.005,0.99961,0.99971,2.25,1.50
2012.10.31 18:16:59.262,0.9996,0.99973,2.48,1.50
2012.10.31 18:16:59.381,0.9996,0.99971,3.23,1.50
2012.10.31 18:17:00.281,0.9996,0.99971,3.75,1.50
2012.10.31 18:17:01.652,0.9996,0.99971,3.00,1.50
2012.10.31 18:17:02.851,0.9996,0.99971,1.50,1.50
2012.10.31 18:17:03.391,0.99959,0.99971,2.25,2.25
2012.10.31 18:17:03.692,0.99957,0.99969,2.25,1.50
2012.10.31 18:17:04.087,0.99956,0.99967,1.50,1.50
2012.10.31 18:17:06.051,0.99955,0.99968,1.50,1.50
2012.10.31 18:17:06.636,0.99957,0.99971,3.00,3.83
2012.10.31 18:17:06.941,0.9996,0.99971,1.50,2.25
2012.10.31 18:17:08.777,0.99959,0.99973,2.25,3.75
2012.10.31 18:17:08.964,0.99959,0.99968,1.50,1.50
2012.10.31 18:17:09.165,0.99954,0.99967,2.25,1.58
2012.10.31 18:17:11.771,0.99953,0.99966,3.60,1.20
2012.10.31 18:17:12.311,0.99955,0.99966,1.50,1.13
2012.10.31 18:17:12.935,0.99954,0.99966,2.25,2.70
2012.10.31 18:17:15.231,0.99954,0.99966,2.25,2.70
2012.10.31 18:17:15.442,0.99955,0.99966,1.50,2.33
2012.10.31 18:17:15.744,0.9996,0.99971,3.00,1.05
2012.10.31 18:17:15.921,0.99961,0.99974,3.00,2.18
2012.10.31 18:17:16.221,0.99961,0.99971,1.50,1.50
2012.10.31 18:17:16.341,0.99961,0.99974,1.50,3.08
2012.10.31 18:17:16.947,0.99961,0.99973,1.50,2.25
2012.10.31 18:17:19.502,0.99961,0.99972,1.50,1.50
2012.10.31 18:17:20.122,0.99961,0.99973,1.50,2.25
2012.10.31 18:17:22.902,0.99961,0.99973,1.50,2.25
2012.10.31 18:17:23.201,0.99965,0.99975,1.50,1.95
2012.10.31 18:17:23.725,0.99964,0.99975,1.50,1.95
2012.10.31 18:17:29.631,0.99964,0.99976,1.50,2.33
2012.10.31 18:17:36.692,0.99964,0.99976,1.50,2.33
2012.10.31 18:17:38.882,0.99964,0.99976,1.50,2.33
2012.10.31 18:18:12.050,0.99964,0.99975,1.50,1.20
2012.10.31 18:18:12.680,0.99964,0.99975,1.50,1.20
2012.10.31 18:18:16.522,0.99961,0.99975,3.23,2.70
2012.10.31 18:18:17.022,0.99963,0.99975,1.50,1.20
2012.10.31 18:18:17.442,0.99962,0.99972,1.50,3.00
2012.10.31 18:18:17.563,0.99958,0.99969,1.50,1.20
2012.10.31 18:18:17.682,0.99956,0.99966,1.50,1.50
2012.10.31 18:18:17.802,0.99954,0.99966,1.50,1.58
2012.10.31 18:18:18.071,0.99954,0.99968,2.25,4.95
2012.10.31 18:18:18.193,0.99954,0.99968,3.00,3.38
2012.10.31 18:18:18.551,0.99959,0.99969,1.50,1.20
2012.10.31 18:18:18.912,0.99959,0.9997,1.50,3.00
2012.10.31 18:18:19.472,0.99956,0.99968,3.23,1.50
2012.10.31 18:18:20.115,0.99956,0.99968,1.50,1.58
2012.10.31 18:18:24.662,0.99954,0.99968,3.75,2.03
2012.10.31 18:18:25.018,0.99954,0.99967,1.50,1.58
2012.10.31 18:18:25.584,0.99954,0.99966,1.50,1.50
2012.10.31 18:18:26.161,0.99952,0.99966,2.25,3.08
2012.10.31 18:18:26.821,0.99953,0.99965,2.25,1.50
2012.10.31 18:18:43.191,0.99953,0.99965,2.10,1.50
2012.10.31 18:18:44.301,0.99953,0.99965,2.10,1.50
2012.10.31 18:18:48.792,0.99953,0.99965,2.10,1.50
2012.10.31 18:18:50.712,0.99953,0.99965,2.10,1.50
2012.10.31 18:18:52.272,0.99955,0.99967,1.50,3.75
2012.10.31 18:18:53.023,0.99954,0.99966,1.50,2.25
2012.10.31 18:18:53.582,0.99954,0.99966,2.25,2.25
2012.10.31 18:18:54.083,0.99954,0.99966,2.25,2.25
2012.10.31 18:18:54.623,0.99954,0.99966,2.25,2.25
2012.10.31 18:18:55.432,0.99954,0.99966,2.25,2.25
2012.10.31 18:18:59.472,0.99955,0.99967,2.25,2.63
2012.10.31 18:18:59.973,0.99955,0.99967,2.25,1.88
2012.10.31 18:19:00.776,0.99954,0.99966,2.25,1.50
2012.10.31 18:19:18.183,0.99954,0.99967,2.25,1.13
2012.10.31 18:19:18.942,0.99954,0.99966,2.25,1.50
2012.10.31 18:19:19.529,0.99958,0.99967,1.50,2.25
2012.10.31 18:19:19.601,0.99954,0.99967,1.35,2.25
2012.10.31 18:19:20.178,0.99953,0.99967,3.23,3.00
2012.10.31 18:19:24.741,0.99953,0.99967,2.10,3.00
2012.10.31 18:19:25.635,0.99953,0.99967,2.10,3.00
2012.10.31 18:19:28.859,0.99953,0.99967,2.10,3.00
2012.10.31 18:19:31.301,0.99953,0.99967,2.85,3.00
2012.10.31 18:19:31.361,0.99956,0.99967,1.50,3.00
2012.10.31 18:19:31.902,0.99957,0.99969,1.50,1.13
2012.10.31 18:19:32.527,0.99957,0.99969,2.10,1.13
2012.10.31 18:19:33.042,0.99957,0.9997,2.10,1.50
2012.10.31 18:19:35.334,0.99957,0.9997,2.10,1.50
2012.10.31 18:19:38.642,0.99957,0.9997,2.10,1.50
2012.10.31 18:19:56.883,0.99957,0.99967,1.50,1.35
2012.10.31 18:19:57.192,0.99955,0.99964,1.73,1.50
2012.10.31 18:19:57.613,0.99951,0.99963,3.00,2.25
2012.10.31 18:19:57.672,0.99951,0.99963,2.25,2.25
2012.10.31 18:19:57.972,0.99949,0.99961,2.25,3.00
2012.10.31 18:19:58.214,0.99946,0.9996,3.08,1.50
2012.10.31 18:19:58.772,0.99947,0.99961,2.10,3.75
2012.10.31 18:20:06.232,0.99946,0.99957,1.35,1.50
2012.10.31 18:20:06.411,0.99944,0.99956,1.50,1.50
2012.10.31 18:20:07.842,0.99944,0.99956,3.00,1.50
2012.10.31 18:20:08.082,0.99947,0.9996,1.50,2.70
2012.10.31 18:20:10.824,0.99947,0.9996,4.35,1.88
2012.10.31 18:20:11.372,0.99948,0.99961,2.10,1.88
2012.10.31 18:20:13.395,0.99948,0.99961,2.10,1.13
2012.10.31 18:20:13.464,0.99948,0.99961,3.60,1.20
2012.10.31 18:20:14.030,0.99949,0.99962,2.25,1.50
2012.10.31 18:20:19.071,0.99949,0.99961,4.50,1.50
2012.10.31 18:20:20.183,0.99949,0.99961,4.50,1.50
2012.10.31 18:20:21.182,0.9995,0.99962,3.00,1.50
2012.10.31 18:20:23.042,0.9995,0.99961,1.50,1.50
2012.10.31 18:20:23.532,0.9995,0.99963,1.50,2.25
2012.10.31 18:20:29.109,0.9995,0.99961,1.50,1.50
2012.10.31 18:20:29.413,0.99956,0.99963,2.25,1.50
2012.10.31 18:20:29.894,0.99956,0.99968,2.25,1.88
2012.10.31 18:20:30.152,0.99957,0.99968,1.50,1.95
2012.10.31 18:20:30.686,0.99959,0.99971,4.50,1.50
2012.10.31 18:20:30.754,0.99962,0.99974,1.50,2.63
2012.10.31 18:20:31.276,0.9996,0.99974,2.25,2.63
2012.10.31 18:20:31.403,0.99963,0.99975,1.50,2.85
2012.10.31 18:20:31.702,0.99964,0.99978,1.50,3.75
2012.10.31 18:20:32.262,0.99963,0.99977,1.50,2.33
2012.10.31 18:20:39.524,0.99963,0.99977,1.50,2.33
2012.10.31 18:20:43.421,0.99963,0.99977,2.10,2.25
2012.10.31 18:20:43.971,0.99964,0.99976,1.50,1.50
2012.10.31 18:21:04.363,0.99961,0.99973,3.38,1.50
2012.10.31 18:21:04.722,0.99961,0.99971,1.13,1.50
2012.10.31 18:21:05.211,0.99959,0.99973,2.25,3.00
2012.10.31 18:21:05.472,0.99963,0.99973,1.50,1.50
2012.10.31 18:21:05.772,0.99963,0.99975,1.88,2.25
2012.10.31 18:21:05.893,0.99963,0.99972,1.88,1.50
2012.10.31 18:21:06.080,0.99956,0.99966,2.29,1.50
2012.10.31 18:21:06.146,0.99956,0.9997,6.27,2.25
2012.10.31 18:21:06.272,0.99956,0.9997,5.48,1.50
2012.10.31 18:21:06.453,0.99955,0.99967,4.73,1.50
2012.10.31 18:21:06.693,0.99957,0.99971,1.50,2.25
2012.10.31 18:21:06.931,0.99955,0.99968,1.73,1.50
2012.10.31 18:21:07.193,0.99958,0.9997,1.50,3.75
2012.10.31 18:21:07.552,0.9996,0.99972,1.13,1.50
2012.10.31 18:21:07.919,0.99963,0.99974,1.50,1.50
2012.10.31 18:21:08.064,0.99963,0.99975,1.50,2.48
2012.10.31 18:21:12.701,0.99963,0.99975,1.50,1.50
2012.10.31 18:21:14.814,0.99963,0.99975,1.88,1.50
2012.10.31 18:21:15.815,0.99963,0.99975,1.50,1.50
2012.10.31 18:21:17.073,0.99963,0.99975,1.50,2.10
2012.10.31 18:21:17.254,0.99961,0.99972,1.88,1.50
2012.10.31 18:21:17.761,0.9996,0.99973,1.13,3.00
2012.10.31 18:21:17.942,0.9996,0.99973,2.25,2.25
2012.10.31 18:21:18.468,0.9996,0.99972,3.75,1.50
2012.10.31 18:21:24.163,0.99963,0.99974,1.50,3.00
2012.10.31 18:21:24.722,0.99965,0.99977,1.50,1.50
2012.10.31 18:21:25.091,0.99965,0.99978,1.50,1.35
2012.10.31 18:21:27.742,0.99965,0.99978,1.50,1.73
2012.10.31 18:21:28.862,0.99965,0.99978,1.50,1.73
2012.10.31 18:21:30.472,0.99965,0.99978,1.50,1.35
2012.10.31 18:21:31.002,0.99965,0.99978,1.50,1.35
2012.10.31 18:21:31.866,0.99965,0.99978,1.50,1.35
2012.10.31 18:21:36.047,0.99965,0.99978,1.50,1.35
2012.10.31 18:21:39.356,0.99965,0.99978,1.50,1.35
2012.10.31 18:21:41.563,0.99965,0.99978,1.50,1.35
2012.10.31 18:21:49.838,0.99965,0.99979,2.25,5.85
2012.10.31 18:21:50.082,0.99965,0.99979,3.98,3.00
2012.10.31 18:21:50.142,0.99969,0.99979,1.50,1.50
2012.10.31 18:21:50.323,0.9997,0.99982,1.50,3.38
2012.10.31 18:21:50.504,0.99966,0.99978,4.13,1.50
2012.10.31 18:21:51.043,0.99965,0.99978,1.35,1.50
2012.10.31 18:21:51.714,0.99965,0.99977,1.50,1.50
2012.10.31 18:21:54.702,0.99965,0.99977,3.75,1.50
2012.10.31 18:21:54.822,0.99967,0.99979,1.88,1.50
2012.10.31 18:21:54.882,0.99969,0.99979,1.50,1.50
2012.10.31 18:21:55.152,0.99967,0.9998,3.38,2.25
2012.10.31 18:21:55.699,0.99967,0.99981,1.88,2.25
2012.10.31 18:22:01.802,0.99969,0.99981,1.50,2.25
2012.10.31 18:22:02.042,0.99964,0.99977,2.63,1.50
2012.10.31 18:22:02.560,0.99964,0.99978,4.13,2.25
2012.10.31 18:22:03.773,0.99964,0.99978,3.38,2.25
2012.10.31 18:22:07.111,0.99964,0.99978,3.38,2.85
2012.10.31 18:22:07.858,0.99964,0.99978,3.75,2.85
2012.10.31 18:22:09.532,0.99965,0.99978,1.13,1.50
2012.10.31 18:22:10.065,0.99966,0.9998,1.50,5.25
2012.10.31 18:22:10.552,0.99968,0.99982,1.50,2.25
2012.10.31 18:22:10.912,0.99971,0.99982,1.13,1.50
2012.10.31 18:22:11.213,0.99974,0.99983,1.50,1.50
2012.10.31 18:22:11.332,0.99972,0.99983,1.88,1.50
2012.10.31 18:22:13.472,0.99974,0.99983,1.50,1.50
2012.10.31 18:22:14.006,0.99973,0.99983,1.50,1.50
2012.10.31 18:22:15.925,0.99971,0.99982,2.63,1.50
2012.10.31 18:22:16.282,0.99974,0.99985,1.50,1.50
2012.10.31 18:22:16.462,0.99974,0.99986,1.50,1.50
2012.10.31 18:22:17.002,0.99973,0.99987,2.25,3.75
2012.10.31 18:22:30.201,0.99974,0.99986,1.50,2.25
2012.10.31 18:22:33.223,0.99973,0.99985,2.25,1.50
2012.10.31 18:22:33.760,0.99974,0.99986,1.50,2.25
2012.10.31 18:22:34.542,0.99972,0.99986,3.38,2.25
2012.10.31 18:22:38.682,0.99972,0.99986,2.63,2.25
2012.10.31 18:22:39.322,0.99973,0.99986,1.50,1.50
2012.10.31 18:22:39.948,0.99974,0.99986,1.50,3.00
2012.10.31 18:22:40.391,0.99972,0.99986,3.38,2.25
2012.10.31 18:22:41.723,0.99973,0.99985,1.50,1.50
2012.10.31 18:22:43.121,0.99973,0.99986,1.88,1.50
2012.10.31 18:22:43.778,0.99973,0.99985,1.50,1.50
2012.10.31 18:22:44.772,0.99972,0.99986,3.38,2.25
2012.10.31 18:22:45.075,0.99974,0.99986,1.50,2.25
2012.10.31 18:22:45.412,0.99972,0.99986,3.38,2.25
2012.10.31 18:22:48.522,0.99973,0.99987,1.50,3.75
2012.10.31 18:22:49.032,0.99973,0.99985,1.50,1.50
2012.10.31 18:22:49.542,0.99974,0.99986,1.50,3.00
2012.10.31 18:22:50.983,0.99974,0.99986,1.50,3.00
2012.10.31 18:22:51.104,0.99974,0.99986,1.50,3.00
2012.10.31 18:22:51.462,0.99971,0.99981,1.50,3.00
2012.10.31 18:22:51.582,0.99967,0.99981,1.88,3.75
2012.10.31 18:22:52.992,0.99967,0.9998,1.88,1.50
2012.10.31 18:22:54.492,0.99968,0.9998,1.50,1.50
2012.10.31 18:22:55.781,0.99968,0.99982,1.50,5.25
2012.10.31 18:22:56.496,0.99967,0.99981,2.63,2.25
2012.10.31 18:22:57.201,0.99968,0.99982,1.50,5.25
2012.10.31 18:22:57.892,0.99967,0.99981,2.63,2.25
2012.10.31 18:22:58.381,0.99969,0.99981,1.50,2.25
2012.10.31 18:22:59.342,0.99967,0.99981,2.63,2.25
2012.10.31 18:23:00.032,0.99969,0.99981,1.50,2.25
2012.10.31 18:23:00.555,0.99968,0.9998,1.50,1.50
2012.10.31 18:23:02.022,0.99968,0.99982,1.50,5.25
2012.10.31 18:23:02.552,0.99968,0.9998,1.88,2.25
2012.10.31 18:23:05.276,0.99968,0.99979,1.88,1.50
2012.10.31 18:23:08.533,0.99969,0.99978,1.13,1.50
2012.10.31 18:23:08.772,0.99971,0.99983,1.50,2.25
2012.10.31 18:23:09.012,0.99973,0.99985,1.50,3.23
2012.10.31 18:23:09.593,0.99973,0.99985,2.25,1.50
2012.10.31 18:23:10.133,0.99973,0.99984,1.13,2.25
2012.10.31 18:23:10.192,0.99971,0.9998,1.50,1.50
2012.10.31 18:23:10.253,0.99971,0.99982,1.88,1.50
2012.10.31 18:23:10.312,0.99971,0.99984,1.88,2.25
2012.10.31 18:23:10.553,0.99971,0.99982,1.50,1.50
2012.10.31 18:23:11.089,0.99971,0.99981,1.50,1.50
2012.10.31 18:23:11.373,0.99971,0.99983,1.50,3.00
2012.10.31 18:23:12.952,0.99971,0.99981,1.50,1.50
2012.10.31 18:23:20.064,0.99967,0.99981,2.25,3.00
2012.10.31 18:23:20.572,0.99967,0.9998,1.88,1.50
2012.10.31 18:23:22.714,0.99967,0.99978,1.88,1.50
2012.10.31 18:23:23.252,0.99967,0.99978,1.50,1.50
2012.10.31 18:23:24.252,0.99967,0.99978,1.88,1.50
2012.10.31 18:23:24.432,0.99965,0.99976,2.48,2.25
2012.10.31 18:23:24.856,0.99965,0.99977,1.88,1.50
2012.10.31 18:23:25.675,0.99963,0.99977,2.25,2.25
2012.10.31 18:23:25.918,0.99963,0.99977,1.50,2.25
2012.10.31 18:23:26.523,0.99963,0.99977,1.88,3.00
2012.10.31 18:23:29.252,0.99963,0.99977,1.50,2.25
2012.10.31 18:23:33.872,0.99963,0.99977,1.88,1.50
2012.10.31 18:23:37.892,0.99963,0.99977,1.88,3.75
2012.10.31 18:23:38.970,0.99963,0.99977,1.88,3.75
2012.10.31 18:23:41.207,0.99963,0.99977,1.88,3.75
2012.10.31 18:23:42.228,0.99963,0.99977,1.50,3.00
2012.10.31 18:23:46.341,0.99963,0.99977,1.50,2.48
2012.10.31 18:23:46.402,0.99963,0.99976,1.50,1.88
2012.10.31 18:23:46.703,0.99963,0.99977,1.50,2.85
2012.10.31 18:23:46.824,0.99965,0.99977,1.50,2.63
2012.10.31 18:23:47.484,0.99963,0.99977,4.13,2.63
2012.10.31 18:23:48.161,0.99963,0.99977,1.88,2.25
2012.10.31 18:23:49.753,0.99963,0.99977,1.50,1.50
2012.10.31 18:23:50.750,0.99963,0.99977,1.88,2.25
2012.10.31 18:23:52.957,0.99963,0.99977,1.88,2.25
2012.10.31 18:23:54.532,0.99964,0.99978,1.50,3.98
2012.10.31 18:23:55.142,0.99964,0.99976,1.50,1.50
2012.10.31 18:23:57.244,0.99964,0.99978,1.88,5.48
2012.10.31 18:23:58.172,0.99963,0.99977,2.63,2.25
2012.10.31 18:24:01.193,0.99965,0.99977,1.50,2.25
2012.10.31 18:24:02.107,0.99963,0.99977,2.63,1.50
2012.10.31 18:24:02.783,0.99963,0.99977,2.63,2.25
2012.10.31 18:24:03.662,0.99963,0.99977,2.63,2.25
2012.10.31 18:24:04.702,0.99963,0.99977,2.25,2.25
2012.10.31 18:24:09.002,0.99963,0.99977,2.63,2.25
2012.10.31 18:24:09.503,0.99963,0.99977,2.63,2.25
2012.10.31 18:24:10.074,0.99963,0.99977,2.63,2.25
2012.10.31 18:24:11.152,0.99963,0.99977,2.63,2.25
2012.10.31 18:24:11.662,0.99963,0.99977,1.88,2.25
2012.10.31 18:24:15.222,0.99963,0.99977,1.88,2.25
2012.10.31 18:24:15.773,0.99964,0.99976,1.50,1.50
2012.10.31 18:24:19.332,0.99964,0.99976,1.50,2.55
2012.10.31 18:24:20.713,0.99963,0.99976,1.50,1.05
2012.10.31 18:24:21.343,0.99964,0.99977,2.25,1.50
2012.10.31 18:24:21.702,0.99971,0.99978,1.50,1.50
2012.10.31 18:24:21.823,0.99971,0.99983,3.00,3.00
2012.10.31 18:24:22.102,0.99978,0.99984,1.50,1.35
2012.10.31 18:24:22.492,0.99971,0.99982,1.50,1.50
2012.10.31 18:24:23.531,0.99971,0.99983,1.50,3.00
2012.10.31 18:24:23.892,0.99971,0.99981,1.50,1.50
2012.10.31 18:24:25.582,0.99971,0.99982,1.50,1.50
2012.10.31 18:24:26.128,0.99971,0.99981,1.50,1.50
2012.10.31 18:24:27.032,0.99971,0.99982,1.50,1.50
2012.10.31 18:24:30.293,0.99969,0.99982,3.38,2.10
2012.10.31 18:24:30.593,0.99965,0.99976,1.73,1.50
2012.10.31 18:24:31.027,0.99964,0.99976,2.25,1.80
2012.10.31 18:24:35.572,0.99964,0.99976,1.50,1.80
2012.10.31 18:24:36.312,0.99964,0.99976,1.50,1.80
2012.10.31 18:24:41.148,0.99964,0.99976,1.50,2.55
2012.10.31 18:24:41.804,0.99964,0.99976,1.50,1.80
2012.10.31 18:24:42.523,0.99964,0.99976,1.50,1.80
2012.10.31 18:24:47.312,0.99964,0.99976,1.50,1.80
2012.10.31 18:24:51.422,0.99964,0.99976,1.50,2.55
2012.10.31 18:24:59.523,0.99964,0.99976,1.50,1.80
2012.10.31 18:25:00.519,0.99964,0.99976,1.50,1.80
2012.10.31 18:25:02.972,0.99963,0.99977,1.50,3.23
2012.10.31 18:25:04.161,0.99963,0.99977,1.50,3.23
2012.10.31 18:25:05.093,0.99963,0.99977,1.50,3.23
2012.10.31 18:25:05.996,0.99963,0.99977,1.50,3.23
2012.10.31 18:25:06.432,0.99963,0.99977,1.50,5.10
2012.10.31 18:25:07.182,0.99964,0.99977,2.25,4.80
2012.10.31 18:25:07.442,0.99967,0.99977,1.50,2.55
2012.10.31 18:25:10.242,0.99967,0.99976,1.50,1.05
2012.10.31 18:25:10.483,0.99964,0.99976,1.50,4.05
2012.10.31 18:25:11.393,0.99964,0.99976,2.25,2.85
2012.10.31 18:25:11.614,0.99968,0.99977,2.25,1.80
2012.10.31 18:25:11.954,0.9997,0.99981,2.25,1.43
2012.10.31 18:25:12.475,0.99969,0.99981,3.00,1.88
2012.10.31 18:25:18.652,0.99969,0.99982,1.50,1.80
2012.10.31 18:25:19.827,0.99969,0.99981,2.25,1.50
2012.10.31 18:25:23.554,0.99969,0.9998,1.88,1.50
2012.10.31 18:25:24.167,0.99969,0.99981,3.38,2.25
2012.10.31 18:25:26.485,0.99969,0.99981,1.50,2.55
2012.10.31 18:25:26.625,0.99969,0.99981,1.50,3.75
2012.10.31 18:25:26.753,0.99967,0.99978,2.25,1.50
2012.10.31 18:25:26.874,0.99964,0.99976,4.13,1.50
2012.10.31 18:25:27.612,0.99964,0.99975,1.50,1.50
2012.10.31 18:25:27.853,0.99961,0.99972,1.50,1.50
2012.10.31 18:25:28.513,0.9996,0.99971,2.25,1.50
2012.10.31 18:25:29.032,0.9996,0.99972,1.50,1.80
2012.10.31 18:25:29.213,0.9996,0.99972,1.50,2.55
2012.10.31 18:25:29.392,0.9996,0.99972,1.50,3.60
2012.10.31 18:25:29.952,0.99959,0.99971,2.25,1.80
2012.10.31 18:25:30.073,0.99956,0.9997,3.23,2.55
2012.10.31 18:25:30.193,0.99954,0.99968,3.98,2.85
2012.10.31 18:25:30.313,0.99952,0.99965,3.00,1.05
2012.10.31 18:25:30.683,0.99951,0.9996,1.88,1.50
2012.10.31 18:25:30.802,0.99951,0.99963,1.88,3.00
2012.10.31 18:25:30.922,0.99956,0.99963,1.50,1.50
2012.10.31 18:25:31.252,0.99951,0.99963,1.88,3.00
2012.10.31 18:25:31.503,0.99953,0.99964,1.50,1.05
2012.10.31 18:25:32.068,0.99954,0.99966,1.50,3.60
2012.10.31 18:25:32.914,0.99954,0.99966,1.50,3.30
2012.10.31 18:25:35.124,0.99954,0.99966,1.50,3.30
2012.10.31 18:25:36.893,0.99953,0.99966,1.50,1.80
2012.10.31 18:25:37.484,0.99953,0.99966,1.50,1.80
2012.10.31 18:25:40.433,0.99953,0.99966,1.50,1.80
2012.10.31 18:25:40.982,0.99953,0.99966,1.50,1.80
2012.10.31 18:25:41.543,0.99953,0.99966,1.50,1.80
2012.10.31 18:25:42.783,0.99953,0.99967,1.50,2.93
2012.10.31 18:25:45.603,0.99953,0.99967,3.60,2.55
2012.10.31 18:25:45.963,0.99959,0.99969,1.50,1.05
2012.10.31 18:25:46.323,0.9996,0.99969,1.50,1.50
2012.10.31 18:25:46.394,0.9996,0.99971,1.50,1.50
2012.10.31 18:25:46.916,0.9996,0.99972,1.50,2.18
2012.10.31 18:25:50.213,0.9996,0.99971,2.25,1.50
2012.10.31 18:25:55.819,0.9996,0.99971,1.50,1.50
2012.10.31 18:25:56.374,0.9996,0.99973,1.50,4.50
2012.10.31 18:25:56.493,0.9996,0.99971,1.50,1.50
2012.10.31 18:25:58.052,0.9996,0.99973,2.25,3.30
2012.10.31 18:25:58.583,0.9996,0.99973,2.25,3.00
2012.10.31 18:26:00.563,0.9996,0.99973,2.25,3.30
2012.10.31 18:26:06.083,0.99959,0.99973,4.50,3.00
2012.10.31 18:26:06.442,0.9996,0.99971,1.13,1.80
2012.10.31 18:26:07.344,0.9996,0.99971,1.50,1.50
2012.10.31 18:26:07.468,0.99955,0.99967,2.48,1.50
2012.10.31 18:26:07.608,0.99954,0.99967,1.13,2.55
2012.10.31 18:26:08.164,0.99955,0.99967,1.50,2.55
2012.10.31 18:26:08.743,0.99955,0.99969,2.25,3.00
2012.10.31 18:26:09.967,0.99955,0.99969,1.88,3.00
2012.10.31 18:26:10.168,0.99957,0.99969,1.50,2.25
2012.10.31 18:26:10.472,0.99959,0.99972,1.50,3.00
2012.10.31 18:26:10.592,0.99959,0.99972,1.50,1.50
2012.10.31 18:26:16.523,0.99959,0.99971,1.13,1.50
2012.10.31 18:26:16.713,0.9996,0.99971,1.13,1.50
2012.10.31 18:26:16.894,0.9996,0.99973,1.50,1.50
2012.10.31 18:26:19.745,0.99963,0.99975,1.50,2.25
2012.10.31 18:26:20.062,0.99965,0.99977,1.50,3.75
2012.10.31 18:26:20.233,0.99965,0.99977,1.50,3.00
2012.10.31 18:26:20.412,0.99963,0.99977,1.50,3.00
2012.10.31 18:26:22.502,0.99965,0.99977,1.50,3.00
2012.10.31 18:26:23.023,0.99964,0.99976,1.50,1.50
2012.10.31 18:26:24.972,0.99964,0.99976,1.88,1.50
2012.10.31 18:26:25.973,0.99964,0.99976,1.50,1.50
2012.10.31 18:26:30.322,0.99964,0.99976,1.88,1.50
2012.10.31 18:26:32.913,0.99964,0.99976,1.88,1.73
2012.10.31 18:26:33.153,0.99961,0.99973,3.75,1.50
2012.10.31 18:26:33.423,0.99963,0.99973,1.50,1.50
2012.10.31 18:26:33.724,0.99966,0.99975,1.50,3.00
2012.10.31 18:26:34.217,0.99963,0.99972,1.50,1.50
2012.10.31 18:26:34.284,0.99961,0.99972,2.25,1.50
2012.10.31 18:26:38.632,0.99961,0.99972,1.88,1.50
2012.10.31 18:26:38.693,0.99963,0.99975,1.50,3.75
2012.10.31 18:26:39.223,0.99964,0.99977,2.25,2.25
2012.10.31 18:26:39.788,0.99963,0.99976,2.25,1.50
2012.10.31 18:26:40.363,0.99963,0.99977,2.25,3.00
2012.10.31 18:26:40.952,0.99963,0.99977,1.50,2.25
2012.10.31 18:26:41.505,0.99964,0.99978,1.88,4.35
2012.10.31 18:26:42.141,0.99964,0.99978,1.88,4.35
2012.10.31 18:26:44.121,0.99964,0.99978,1.88,4.35
2012.10.31 18:26:45.207,0.99964,0.99978,1.88,4.35
2012.10.31 18:26:45.713,0.99964,0.99978,1.88,3.60
2012.10.31 18:26:46.307,0.99964,0.99978,2.63,3.60
2012.10.31 18:26:47.310,0.99964,0.99978,1.88,3.60
2012.10.31 18:26:48.555,0.99964,0.99976,1.50,1.50
2012.10.31 18:26:49.244,0.99965,0.99977,1.50,2.25
2012.10.31 18:27:01.723,0.99964,0.99976,1.50,1.50
2012.10.31 18:27:01.932,0.99965,0.99978,1.88,2.10
2012.10.31 18:27:05.753,0.99967,0.99979,1.50,3.60
2012.10.31 18:27:06.189,0.99975,0.99983,1.50,1.73
2012.10.31 18:27:06.314,0.99972,0.99982,2.25,1.73
2012.10.31 18:27:06.493,0.99974,0.99986,1.88,1.50
2012.10.31 18:27:18.912,0.99975,0.99987,1.50,2.25
2012.10.31 18:27:19.189,0.99973,0.99987,3.00,2.25
2012.10.31 18:27:19.623,0.99972,0.99981,3.38,1.50
2012.10.31 18:27:19.743,0.99972,0.99983,2.63,2.10
2012.10.31 18:27:20.363,0.99972,0.99984,2.25,2.85
2012.10.31 18:27:20.512,0.99978,0.99985,1.50,3.23
2012.10.31 18:27:20.693,0.99971,0.99984,1.50,2.85
2012.10.31 18:27:20.929,0.99971,0.99981,1.50,1.50
2012.10.31 18:27:21.484,0.99971,0.99982,1.50,1.50
2012.10.31 18:27:41.633,0.99971,0.99981,1.50,1.50
2012.10.31 18:27:43.604,0.99971,0.99983,1.50,3.00
2012.10.31 18:27:44.338,0.99971,0.99982,1.50,1.50
2012.10.31 18:27:45.091,0.99971,0.99981,1.50,1.50
2012.10.31 18:27:45.493,0.99971,0.99983,1.50,1.50
2012.10.31 18:27:45.780,0.99971,0.99981,1.50,1.50
2012.10.31 18:27:46.892,0.99971,0.99982,1.50,1.50
2012.10.31 18:27:47.862,0.99971,0.99981,1.50,1.50
2012.10.31 18:27:48.488,0.99971,0.99982,1.50,1.50
2012.10.31 18:27:49.055,0.99971,0.99981,1.50,1.50
2012.10.31 18:27:49.713,0.99971,0.99982,1.50,1.50
2012.10.31 18:27:51.152,0.99971,0.99983,1.50,1.50
2012.10.31 18:27:51.583,0.99971,0.99981,1.50,1.50
2012.10.31 18:27:53.943,0.99971,0.99983,1.50,1.50
2012.10.31 18:27:54.956,0.99971,0.99982,1.50,1.50
2012.10.31 18:27:56.439,0.99971,0.99983,1.50,1.50
2012.10.31 18:27:56.770,0.99971,0.99981,1.50,1.50
2012.10.31 18:27:56.990,0.99971,0.99983,1.50,1.50
2012.10.31 18:27:57.154,0.99971,0.99981,1.50,1.50
2012.10.31 18:27:57.533,0.99971,0.99983,1.50,3.00
2012.10.31 18:27:57.713,0.99971,0.99981,1.50,1.50
2012.10.31 18:27:58.214,0.99971,0.99982,1.50,1.50
2012.10.31 18:28:01.813,0.99971,0.99982,1.50,1.50
2012.10.31 18:28:02.912,0.99971,0.99983,1.50,1.50
2012.10.31 18:28:03.708,0.99971,0.99982,1.50,1.50
2012.10.31 18:28:05.522,0.99971,0.99983,1.50,1.50
2012.10.31 18:28:06.043,0.99971,0.99982,1.50,1.50
2012.10.31 18:28:09.152,0.99971,0.99981,1.50,1.50
2012.10.31 18:28:10.066,0.99971,0.99982,1.50,1.50
2012.10.31 18:28:11.883,0.99971,0.99983,1.50,1.50
2012.10.31 18:28:12.434,0.99971,0.99982,1.50,1.50
2012.10.31 18:28:13.234,0.99971,0.99981,1.50,1.50
2012.10.31 18:28:13.493,0.99971,0.99983,1.50,1.50
2012.10.31 18:28:14.252,0.99971,0.99982,1.50,1.50
2012.10.31 18:28:14.867,0.99971,0.99983,1.50,1.50
2012.10.31 18:28:15.013,0.99971,0.99981,1.50,1.50
2012.10.31 18:28:15.534,0.99971,0.99982,1.50,1.50
2012.10.31 18:28:17.504,0.99971,0.99983,1.50,3.00
2012.10.31 18:28:18.063,0.99971,0.99982,1.50,1.50
2012.10.31 18:28:18.704,0.99971,0.99981,1.50,1.50
2012.10.31 18:28:19.414,0.99971,0.99982,1.50,1.50
2012.10.31 18:28:20.182,0.99971,0.99981,1.50,1.50
2012.10.31 18:28:20.776,0.99971,0.99982,1.50,1.50
2012.10.31 18:28:21.673,0.99971,0.99983,1.50,1.50
2012.10.31 18:28:22.232,0.99971,0.99982,1.50,1.50
2012.10.31 18:28:23.022,0.99971,0.99983,1.50,1.50
2012.10.31 18:28:24.093,0.99973,0.99983,1.35,1.50
2012.10.31 18:28:24.453,0.99979,0.99986,1.50,1.50
2012.10.31 18:28:24.653,0.99977,0.99988,1.65,1.50
2012.10.31 18:28:25.222,0.99977,0.99989,1.50,1.50
2012.10.31 18:28:28.544,0.99974,0.99985,1.73,1.50
2012.10.31 18:28:28.603,0.99973,0.99985,2.40,1.50
2012.10.31 18:28:29.274,0.99974,0.99986,1.50,2.03
2012.10.31 18:28:29.333,0.99972,0.99986,3.00,2.03
2012.10.31 18:28:29.882,0.99973,0.99985,1.50,1.50
2012.10.31 18:28:30.672,0.99973,0.99987,1.50,2.78
2012.10.31 18:28:31.192,0.99974,0.99986,1.50,2.03
2012.10.31 18:28:34.232,0.99973,0.99985,1.50,1.50
2012.10.31 18:28:35.062,0.99974,0.99986,1.50,1.50
2012.10.31 18:28:35.381,0.99972,0.99986,3.38,1.50
2012.10.31 18:28:35.709,0.99974,0.99986,1.50,1.50
2012.10.31 18:28:36.633,0.99972,0.99986,3.38,1.50
2012.10.31 18:28:37.873,0.99974,0.99986,1.50,1.50
2012.10.31 18:28:41.262,0.99972,0.99986,3.38,2.25
2012.10.31 18:28:41.797,0.99972,0.99986,3.38,2.25
2012.10.31 18:28:42.593,0.99972,0.99986,3.38,3.00
2012.10.31 18:28:43.162,0.99973,0.99985,1.50,1.50
2012.10.31 18:28:43.673,0.99973,0.99987,2.25,3.00
2012.10.31 18:28:45.900,0.99973,0.99985,1.50,1.50
2012.10.31 18:28:58.663,0.99974,0.99986,1.50,2.25
2012.10.31 18:28:59.263,0.99972,0.99986,3.38,2.25
2012.10.31 18:29:00.226,0.99972,0.99986,3.75,2.25
2012.10.31 18:29:00.930,0.99974,0.99986,1.50,2.25
2012.10.31 18:29:01.543,0.99973,0.99985,1.50,1.50
2012.10.31 18:29:02.613,0.99974,0.99986,1.50,3.00
2012.10.31 18:29:03.533,0.99973,0.99985,2.25,1.50
2012.10.31 18:29:05.994,0.99973,0.99987,1.50,3.75
2012.10.31 18:29:07.003,0.99973,0.99985,1.50,1.50
2012.10.31 18:29:09.393,0.99973,0.99987,2.25,2.40
2012.10.31 18:29:09.932,0.99974,0.99986,1.50,2.40
2012.10.31 18:29:10.932,0.99973,0.99985,1.50,1.65
2012.10.31 18:29:12.402,0.99974,0.99986,1.50,2.40
2012.10.31 18:29:12.642,0.99972,0.99986,3.98,2.40
2012.10.31 18:29:16.333,0.99973,0.99987,1.50,2.40
2012.10.31 18:29:20.968,0.99974,0.99986,1.50,2.40
2012.10.31 18:29:21.743,0.99973,0.99985,1.50,1.65
2012.10.31 18:29:23.592,0.99974,0.99986,1.50,2.40
2012.10.31 18:29:24.142,0.99973,0.99985,1.50,1.65
2012.10.31 18:29:26.512,0.99972,0.99986,2.48,3.15
2012.10.31 18:29:27.020,0.99973,0.99986,1.50,1.65
2012.10.31 18:29:27.584,0.99972,0.99986,2.48,3.15
2012.10.31 18:29:28.062,0.99974,0.99986,1.50,3.15
2012.10.31 18:29:28.702,0.99972,0.99986,2.48,3.15
2012.10.31 18:29:29.461,0.99973,0.99986,1.50,1.65
2012.10.31 18:29:31.026,0.99974,0.99986,1.50,3.15
2012.10.31 18:29:33.706,0.99973,0.99985,1.50,1.65
2012.10.31 18:29:34.582,0.99972,0.99986,2.48,3.15
2012.10.31 18:29:35.312,0.99974,0.99986,1.50,3.15
2012.10.31 18:29:36.632,0.99973,0.99985,1.50,1.65
2012.10.31 18:29:37.552,0.99974,0.99986,1.50,3.15
2012.10.31 18:29:37.612,0.99972,0.99986,2.48,3.15
2012.10.31 18:29:38.142,0.99974,0.99986,1.50,3.15
2012.10.31 18:29:40.394,0.99972,0.99986,2.48,3.15
2012.10.31 18:29:41.972,0.99974,0.99986,1.50,3.15
2012.10.31 18:29:42.495,0.99973,0.99985,1.50,1.65
2012.10.31 18:29:43.082,0.99972,0.99986,2.48,3.15
2012.10.31 18:29:44.964,0.99973,0.99986,1.50,1.65
2012.10.31 18:29:45.643,0.99972,0.99986,2.48,3.15
2012.10.31 18:29:45.972,0.99974,0.99986,1.50,3.15
2012.10.31 18:29:49.472,0.99972,0.99986,3.98,3.15
2012.10.31 18:29:49.802,0.99974,0.99986,1.50,3.15
2012.10.31 18:29:49.922,0.99972,0.99986,3.98,3.15
2012.10.31 18:29:50.043,0.99974,0.99986,1.50,3.15
2012.10.31 18:29:50.124,0.99972,0.99986,2.48,3.15
2012.10.31 18:29:50.582,0.99974,0.99986,1.50,3.15
2012.10.31 18:29:51.592,0.99972,0.99986,2.48,3.15
2012.10.31 18:29:52.002,0.99974,0.99986,1.50,2.40
2012.10.31 18:29:52.433,0.99977,0.99988,1.73,1.13
2012.10.31 18:29:52.674,0.99975,0.99988,3.00,2.63
2012.10.31 18:29:53.203,0.99975,0.99987,1.50,2.40
2012.10.31 18:29:53.682,0.99973,0.99987,3.23,2.40
2012.10.31 18:29:54.192,0.99974,0.99988,1.50,2.78
2012.10.31 18:29:54.756,0.99973,0.99987,2.48,2.40
2012.10.31 18:29:55.503,0.99973,0.99987,3.23,2.40
2012.10.31 18:29:55.696,0.99973,0.99987,2.48,2.55
2012.10.31 18:29:55.813,0.99975,0.99987,1.50,2.40
2012.10.31 18:29:56.397,0.99974,0.99986,1.50,1.50
2012.10.31 18:29:56.957,0.99974,0.99986,1.50,1.65
2012.10.31 18:29:58.013,0.99973,0.99987,2.48,3.15
2012.10.31 18:29:58.720,0.99975,0.99987,1.50,3.30
2012.10.31 18:29:58.993,0.99973,0.99987,2.48,3.15
2012.10.31 18:29:59.054,0.99975,0.99987,1.50,2.40
2012.10.31 18:29:59.150,0.99973,0.99987,3.98,2.40
2012.10.31 18:30:00.263,0.99973,0.99987,2.48,3.15
2012.10.31 18:30:01.062,0.99974,0.99986,1.50,1.65
2012.10.31 18:30:01.650,0.99974,0.99986,1.50,1.65
2012.10.31 18:30:02.226,0.99973,0.99987,2.48,2.55
2012.10.31 18:30:02.287,0.99973,0.99987,3.98,2.55
2012.10.31 18:30:02.594,0.99978,0.9999,1.50,1.65
2012.10.31 18:30:03.133,0.99975,0.99986,2.48,1.50
2012.10.31 18:30:03.614,0.99973,0.99985,1.50,1.50
2012.10.31 18:30:04.535,0.99975,0.99987,1.50,3.30
2012.10.31 18:30:04.669,0.99973,0.99987,2.25,3.30
2012.10.31 18:30:05.245,0.99973,0.99987,1.50,3.30
2012.10.31 18:30:05.998,0.99974,0.99986,1.50,2.40
2012.10.31 18:30:06.783,0.99974,0.99986,1.50,2.40
2012.10.31 18:30:07.354,0.99973,0.99987,1.50,3.15
2012.10.31 18:30:07.964,0.99973,0.99985,1.50,1.50
2012.10.31 18:30:08.737,0.99974,0.99986,1.50,2.40
2012.10.31 18:30:09.674,0.99973,0.99987,1.50,3.15
2012.10.31 18:30:10.186,0.99973,0.99987,1.50,3.30
2012.10.31 18:30:12.403,0.99973,0.99985,1.50,1.50
2012.10.31 18:30:12.995,0.99974,0.99986,1.50,2.40
2012.10.31 18:30:14.383,0.99974,0.99986,1.50,2.40
2012.10.31 18:30:14.995,0.99973,0.99987,2.25,4.80
2012.10.31 18:30:16.393,0.99972,0.99986,2.48,2.40
2012.10.31 18:30:16.738,0.99974,0.99986,1.50,2.40
2012.10.31 18:30:19.313,0.99974,0.99986,1.50,2.40
2012.10.31 18:30:20.094,0.99972,0.99986,2.48,2.40
2012.10.31 18:30:20.619,0.99974,0.99986,1.50,2.40
2012.10.31 18:30:21.163,0.99972,0.99986,2.48,2.40
2012.10.31 18:30:21.686,0.99974,0.99986,1.50,2.40
2012.10.31 18:30:22.203,0.99973,0.99987,1.50,3.15
2012.10.31 18:30:22.707,0.99973,0.99985,1.50,1.50
2012.10.31 18:30:24.113,0.99974,0.99986,1.50,2.40
2012.10.31 18:30:24.808,0.99974,0.99986,1.50,2.40
2012.10.31 18:30:26.754,0.99974,0.99986,1.50,2.40
2012.10.31 18:30:27.286,0.99974,0.99986,1.50,2.40
2012.10.31 18:30:28.103,0.99973,0.99985,1.50,1.50
2012.10.31 18:30:28.926,0.99974,0.99986,1.50,2.40
2012.10.31 18:30:29.382,0.99972,0.99986,1.73,2.40
2012.10.31 18:30:29.624,0.99974,0.99986,1.50,2.40
2012.10.31 18:30:33.534,0.99972,0.99986,1.73,2.40
2012.10.31 18:30:33.703,0.99974,0.99986,1.50,2.40
2012.10.31 18:30:34.854,0.99974,0.99986,1.50,2.40
2012.10.31 18:30:35.382,0.99973,0.99985,1.50,1.65
2012.10.31 18:30:44.078,0.9998,0.99986,1.50,1.05
2012.10.31 18:30:44.146,0.99977,0.99986,1.50,1.05
2012.10.31 18:30:44.205,0.99975,0.99987,1.50,1.05
2012.10.31 18:30:44.264,0.99972,0.99984,2.48,1.50
2012.10.31 18:30:44.833,0.99971,0.99983,4.73,1.50
2012.10.31 18:30:45.384,0.99971,0.99984,3.23,1.50
2012.10.31 18:30:46.594,0.99972,0.99986,1.73,2.55
2012.10.31 18:30:48.050,0.99972,0.99985,1.73,2.25
2012.10.31 18:30:48.354,0.99967,0.99981,2.89,3.30
2012.10.31 18:30:48.534,0.99967,0.99979,1.73,1.28
2012.10.31 18:30:48.894,0.99966,0.99977,1.50,1.05
2012.10.31 18:30:49.014,0.99964,0.99976,2.25,1.65
2012.10.31 18:30:49.571,0.99963,0.99976,2.25,1.80
2012.10.31 18:30:50.384,0.99963,0.99976,1.50,1.80
2012.10.31 18:30:51.264,0.99962,0.99976,3.98,1.80
2012.10.31 18:30:52.363,0.99963,0.99976,1.50,1.65
2012.10.31 18:30:53.110,0.99964,0.99976,1.50,1.65
2012.10.31 18:30:54.022,0.99964,0.99976,2.25,1.65
2012.10.31 18:30:54.393,0.99964,0.99976,1.50,1.65
2012.10.31 18:30:54.954,0.99964,0.99976,2.25,1.65
2012.10.31 18:30:57.593,0.99964,0.99976,1.50,1.65
2012.10.31 18:30:58.661,0.99964,0.99976,1.50,1.65
2012.10.31 18:30:59.783,0.99964,0.99976,1.50,1.65
2012.10.31 18:31:01.987,0.99964,0.99976,1.50,1.80
2012.10.31 18:31:03.259,0.99963,0.99977,3.00,2.55
2012.10.31 18:31:03.804,0.99963,0.99977,3.00,2.55
2012.10.31 18:31:06.745,0.99964,0.99977,1.50,1.05
2012.10.31 18:31:07.353,0.99963,0.99977,1.50,2.55
2012.10.31 18:31:11.243,0.99965,0.99977,1.50,2.55
2012.10.31 18:31:11.756,0.99964,0.99976,1.50,2.40
2012.10.31 18:31:12.567,0.99963,0.99977,1.50,2.55
2012.10.31 18:31:13.173,0.99964,0.99977,1.50,1.05
2012.10.31 18:31:13.694,0.99963,0.99977,1.50,2.55
2012.10.31 18:31:14.235,0.99964,0.99976,1.50,2.40
2012.10.31 18:31:24.243,0.99963,0.99977,1.50,2.55
2012.10.31 18:31:25.577,0.99964,0.99977,1.50,1.05
2012.10.31 18:31:26.343,0.99963,0.99977,1.50,2.55
2012.10.31 18:31:27.273,0.99965,0.99977,1.50,2.55
2012.10.31 18:31:27.483,0.99963,0.99977,1.50,2.55
2012.10.31 18:31:28.013,0.99964,0.99977,1.50,1.05
2012.10.31 18:31:30.323,0.99963,0.99977,1.50,2.55
2012.10.31 18:31:30.523,0.99965,0.99977,1.50,2.55
2012.10.31 18:31:31.303,0.99964,0.99976,1.50,2.40
2012.10.31 18:31:31.964,0.99963,0.99977,2.25,2.55
2012.10.31 18:31:35.443,0.99965,0.99977,1.50,2.55
2012.10.31 18:31:36.154,0.99964,0.99976,1.50,2.40
2012.10.31 18:31:37.913,0.99965,0.99977,1.50,2.55
2012.10.31 18:31:38.253,0.99963,0.99977,1.50,2.55
2012.10.31 18:31:39.793,0.99964,0.99977,1.50,1.05
2012.10.31 18:31:40.434,0.99968,0.99977,1.50,1.05
2012.10.31 18:31:40.613,0.9997,0.9998,1.50,2.03
2012.10.31 18:31:40.914,0.99969,0.9998,1.50,1.88
2012.10.31 18:31:42.294,0.99967,0.9998,3.98,1.50
2012.10.31 18:31:51.556,0.99967,0.9998,2.48,1.65
2012.10.31 18:31:52.363,0.99967,0.9998,2.48,1.50
2012.10.31 18:32:03.614,0.99968,0.9998,1.73,3.15
2012.10.31 18:32:04.153,0.99968,0.9998,1.73,2.40
2012.10.31 18:32:04.214,0.99968,0.9998,1.73,2.40
2012.10.31 18:32:04.394,0.99966,0.99976,1.35,1.50
2012.10.31 18:32:04.514,0.99964,0.99976,3.00,1.50
2012.10.31 18:32:05.066,0.99963,0.99977,4.73,1.65
2012.10.31 18:32:06.323,0.99963,0.99977,3.98,1.65
2012.10.31 18:32:08.753,0.99963,0.99977,4.35,1.65
2012.10.31 18:32:09.753,0.99963,0.99977,4.35,1.65
2012.10.31 18:32:10.328,0.99963,0.99977,4.35,1.65
2012.10.31 18:32:10.969,0.99963,0.99977,4.35,1.65
2012.10.31 18:32:11.985,0.99963,0.99977,3.60,1.65
2012.10.31 18:32:14.842,0.99963,0.99977,4.35,1.65
2012.10.31 18:32:19.253,0.99965,0.99977,1.50,1.65
2012.10.31 18:32:19.795,0.99964,0.99976,1.50,1.65
2012.10.31 18:32:20.584,0.99963,0.99977,5.85,1.65
2012.10.31 18:32:21.140,0.99963,0.99977,3.60,1.65
2012.10.31 18:32:22.720,0.99964,0.99978,1.50,2.55
2012.10.31 18:32:23.236,0.99964,0.99976,1.50,1.50
2012.10.31 18:32:24.993,0.99965,0.99977,1.50,1.65
2012.10.31 18:32:27.246,0.99965,0.99977,1.50,1.65
2012.10.31 18:32:27.929,0.99965,0.99977,1.50,1.65
2012.10.31 18:32:29.885,0.99965,0.99977,1.50,1.65
2012.10.31 18:32:32.446,0.99965,0.99977,1.50,1.65
2012.10.31 18:32:33.814,0.99964,0.99976,1.50,1.50
2012.10.31 18:32:34.373,0.99964,0.99978,1.50,2.40
2012.10.31 18:32:37.845,0.99964,0.99978,1.50,2.55
2012.10.31 18:32:38.832,0.99964,0.99978,1.50,2.40
2012.10.31 18:32:39.967,0.99964,0.99978,1.50,2.40
2012.10.31 18:32:42.055,0.99964,0.99978,1.50,2.40
2012.10.31 18:32:42.566,0.99964,0.99978,1.50,2.40
2012.10.31 18:32:44.254,0.99964,0.99978,1.50,2.40
2012.10.31 18:32:44.908,0.99964,0.99978,1.50,2.40
2012.10.31 18:32:45.445,0.99964,0.99978,2.25,2.55
2012.10.31 18:32:47.406,0.99964,0.99978,1.50,2.40
2012.10.31 18:32:47.907,0.99964,0.99978,1.50,2.40
2012.10.31 18:32:50.415,0.99964,0.99978,1.50,2.33
2012.10.31 18:32:50.716,0.99964,0.99978,1.50,2.33
2012.10.31 18:32:51.721,0.99964,0.99978,1.50,2.33
2012.10.31 18:32:53.037,0.99964,0.99978,1.50,2.33
2012.10.31 18:32:55.053,0.99964,0.99978,1.50,2.33
2012.10.31 18:32:55.789,0.99964,0.99978,2.25,2.33
2012.10.31 18:33:03.233,0.99964,0.99978,2.25,2.40
2012.10.31 18:33:06.223,0.99965,0.99977,1.50,1.65
2012.10.31 18:33:09.753,0.99965,0.99977,1.50,1.50
2012.10.31 18:33:14.724,0.99964,0.99978,3.53,2.25
2012.10.31 18:33:15.243,0.99964,0.99978,2.78,1.50
2012.10.31 18:33:16.994,0.99963,0.99977,3.98,1.50
2012.10.31 18:33:17.512,0.99964,0.99976,2.78,1.50
2012.10.31 18:33:18.799,0.99964,0.99977,1.28,1.50
2012.10.31 18:33:19.611,0.99964,0.99976,2.78,1.50
2012.10.31 18:33:19.893,0.99964,0.99978,2.40,1.50
2012.10.31 18:33:20.413,0.99964,0.99978,3.15,2.25
2012.10.31 18:33:21.042,0.99965,0.99977,2.03,1.50
2012.10.31 18:33:21.584,0.99964,0.99976,3.15,1.50
2012.10.31 18:33:22.106,0.99964,0.99976,2.40,1.50
2012.10.31 18:33:22.174,0.99964,0.99978,2.40,3.00
2012.10.31 18:33:22.299,0.99964,0.99976,2.40,1.50
2012.10.31 18:33:23.003,0.99964,0.99976,2.40,1.50
2012.10.31 18:33:23.244,0.99964,0.99978,2.03,3.00
2012.10.31 18:33:23.783,0.99963,0.99977,4.28,1.50
2012.10.31 18:33:24.362,0.99964,0.99977,1.28,1.50
2012.10.31 18:33:25.503,0.99963,0.99977,3.75,1.50
2012.10.31 18:33:26.061,0.99963,0.99977,3.75,1.50
2012.10.31 18:33:26.564,0.99964,0.99976,2.03,1.50
2012.10.31 18:33:28.673,0.99964,0.99978,2.25,3.00
2012.10.31 18:33:29.223,0.99964,0.99976,2.25,1.50
2012.10.31 18:33:30.127,0.99965,0.99977,1.50,1.50
2012.10.31 18:33:30.396,0.99963,0.99977,3.00,1.50
2012.10.31 18:33:31.119,0.99964,0.99976,1.50,1.50
2012.10.31 18:33:32.073,0.99965,0.99977,1.50,1.50
2012.10.31 18:33:32.662,0.99964,0.99976,2.03,1.50
2012.10.31 18:33:34.233,0.99964,0.99978,2.03,3.00
2012.10.31 18:33:34.413,0.99964,0.99976,2.03,1.50
2012.10.31 18:33:35.183,0.99965,0.99977,2.03,1.50
2012.10.31 18:33:38.613,0.99964,0.99978,2.03,3.00
2012.10.31 18:33:38.914,0.99963,0.99977,3.00,1.50
2012.10.31 18:33:39.423,0.99963,0.99977,3.75,2.25
2012.10.31 18:33:40.017,0.99963,0.99977,3.00,1.50
2012.10.31 18:33:40.724,0.99963,0.99977,3.75,2.25
2012.10.31 18:33:41.615,0.99965,0.99977,1.50,2.25
2012.10.31 18:33:42.771,0.99964,0.99976,1.50,1.50
2012.10.31 18:33:43.273,0.99964,0.99976,2.03,1.50
2012.10.31 18:33:44.010,0.99964,0.99976,2.03,1.50
2012.10.31 18:33:45.583,0.99964,0.99976,2.03,1.50
2012.10.31 18:33:46.341,0.99964,0.99976,2.03,1.50
2012.10.31 18:33:46.973,0.99964,0.99976,2.03,1.50
2012.10.31 18:33:49.921,0.99964,0.99976,2.25,1.50
2012.10.31 18:33:50.573,0.99964,0.99978,2.25,3.75
2012.10.31 18:33:51.325,0.99963,0.99977,3.00,2.25
2012.10.31 18:33:51.699,0.99963,0.99975,3.23,1.50
2012.10.31 18:33:53.093,0.99965,0.99977,1.50,2.25
2012.10.31 18:33:54.774,0.99964,0.99976,3.53,1.50
2012.10.31 18:33:55.303,0.99964,0.99977,1.28,2.25
2012.10.31 18:33:56.680,0.99964,0.99976,2.78,1.50
2012.10.31 18:33:57.330,0.99965,0.99977,1.50,2.25
2012.10.31 18:33:57.956,0.99964,0.99977,1.28,2.25
2012.10.31 18:33:58.699,0.99965,0.99977,1.50,2.25
2012.10.31 18:33:59.620,0.99964,0.99976,2.25,1.50
2012.10.31 18:34:02.036,0.99964,0.99976,2.78,1.50
2012.10.31 18:34:03.173,0.99964,0.99976,2.78,1.50
2012.10.31 18:34:03.752,0.99965,0.99977,1.50,1.50
2012.10.31 18:34:04.303,0.99964,0.99976,2.78,1.50
2012.10.31 18:34:05.906,0.99964,0.99978,2.78,5.25
2012.10.31 18:34:06.458,0.99965,0.99977,1.50,1.50
2012.10.31 18:34:07.013,0.99964,0.99976,2.78,1.50
2012.10.31 18:34:07.574,0.99965,0.99977,1.50,1.50
2012.10.31 18:34:08.493,0.99964,0.99976,2.25,1.50
2012.10.31 18:34:12.213,0.99964,0.99978,2.78,2.25
2012.10.31 18:34:12.925,0.99964,0.99977,1.28,1.50
2012.10.31 18:34:13.443,0.99964,0.99976,2.78,1.50
2012.10.31 18:34:13.955,0.99964,0.99976,2.78,1.50
2012.10.31 18:34:14.073,0.99964,0.99978,2.78,2.25
2012.10.31 18:34:15.973,0.99964,0.99978,3.15,2.25
2012.10.31 18:34:16.581,0.99964,0.99977,2.18,1.50
2012.10.31 18:34:20.201,0.99964,0.99977,1.65,1.50
2012.10.31 18:34:22.408,0.99964,0.99977,1.65,1.50
2012.10.31 18:34:23.415,0.99964,0.99977,1.65,1.50
2012.10.31 18:34:24.583,0.99964,0.99977,1.65,1.50
2012.10.31 18:34:25.634,0.99964,0.99977,1.65,1.50
2012.10.31 18:34:27.165,0.99964,0.99978,2.40,2.25
2012.10.31 18:34:27.743,0.99964,0.99976,2.40,1.50
2012.10.31 18:34:28.093,0.99964,0.99978,2.40,2.25
2012.10.31 18:34:28.630,0.99964,0.99978,2.40,3.00
2012.10.31 18:34:28.753,0.99964,0.99976,2.40,1.50
2012.10.31 18:34:30.804,0.99965,0.99977,2.03,1.50
2012.10.31 18:34:31.412,0.99964,0.99976,2.40,1.50
2012.10.31 18:34:31.933,0.99964,0.99976,2.40,1.50
2012.10.31 18:34:32.984,0.99964,0.99976,2.40,1.50
2012.10.31 18:34:34.113,0.99964,0.99976,2.93,1.50
2012.10.31 18:34:34.834,0.99965,0.99977,2.03,1.50
2012.10.31 18:34:35.385,0.99963,0.99977,3.38,1.50
2012.10.31 18:34:40.293,0.99963,0.99975,3.90,1.50
2012.10.31 18:34:40.413,0.99967,0.99979,1.50,1.50
2012.10.31 18:34:40.534,0.99969,0.9998,1.50,2.25
2012.10.31 18:34:40.654,0.99969,0.9998,1.50,1.50
2012.10.31 18:34:41.273,0.99968,0.9998,1.73,3.00
2012.10.31 18:34:42.464,0.99969,0.9998,1.50,1.50
2012.10.31 18:34:44.934,0.99967,0.9998,4.13,1.50
2012.10.31 18:34:45.935,0.99967,0.9998,2.63,1.50
2012.10.31 18:34:47.036,0.99968,0.99981,1.73,2.25
2012.10.31 18:34:48.255,0.99969,0.99981,1.50,3.75
2012.10.31 18:34:48.949,0.99967,0.99981,4.13,3.75
2012.10.31 18:34:49.923,0.99967,0.99981,2.63,3.75
2012.10.31 18:34:51.153,0.99969,0.99981,1.50,3.75
2012.10.31 18:34:51.774,0.99967,0.99981,2.63,3.75
2012.10.31 18:34:54.436,0.99967,0.9998,2.63,1.50
2012.10.31 18:34:55.987,0.99968,0.9998,1.73,2.25
2012.10.31 18:34:56.658,0.99968,0.9998,2.25,3.00
2012.10.31 18:34:58.075,0.99967,0.9998,2.63,1.50
2012.10.31 18:34:58.724,0.99968,0.9998,2.25,1.50
2012.10.31 18:34:59.275,0.9997,0.9998,1.50,1.50
2012.10.31 18:34:59.804,0.99968,0.99981,2.25,1.50
2012.10.31 18:35:00.284,0.99968,0.99982,2.25,3.00
2012.10.31 18:35:00.834,0.99969,0.99982,1.50,1.50
2012.10.31 18:35:01.374,0.99969,0.99983,3.30,2.25
2012.10.31 18:35:01.875,0.9997,0.99982,2.03,1.50
2012.10.31 18:35:05.054,0.99969,0.99981,4.05,1.50
2012.10.31 18:35:08.144,0.99969,0.99983,4.05,2.25
2012.10.31 18:35:08.684,0.99969,0.99981,4.05,1.50
2012.10.31 18:35:09.334,0.9997,0.99982,2.03,1.50
2012.10.31 18:35:09.884,0.99969,0.99983,4.05,2.25
2012.10.31 18:35:10.654,0.99969,0.99981,4.05,1.50
2012.10.31 18:35:11.954,0.9997,0.99981,1.50,1.50
2012.10.31 18:35:12.074,0.9997,0.99983,1.50,2.25
2012.10.31 18:35:12.504,0.99979,0.99984,1.50,2.25
2012.10.31 18:35:12.645,0.99972,0.99982,1.50,1.50
2012.10.31 18:35:13.296,0.99972,0.99983,1.50,2.25
2012.10.31 18:35:13.805,0.99973,0.99985,2.63,1.50
2012.10.31 18:35:13.865,0.99973,0.99987,2.63,2.25
2012.10.31 18:35:14.424,0.99973,0.99985,2.63,1.50
2012.10.31 18:35:15.015,0.99973,0.99987,2.63,2.25
2012.10.31 18:35:15.374,0.99973,0.99985,2.63,1.50
2012.10.31 18:35:16.031,0.99973,0.99986,1.13,1.50
2012.10.31 18:35:18.080,0.99974,0.99986,1.50,1.50
2012.10.31 18:35:18.764,0.99973,0.99985,2.63,1.50
2012.10.31 18:35:19.257,0.99973,0.99987,2.63,2.25
2012.10.31 18:35:21.084,0.99973,0.99987,2.63,3.00
2012.10.31 18:35:23.174,0.99975,0.99987,1.50,2.25
2012.10.31 18:35:23.714,0.99975,0.99987,2.78,2.25
2012.10.31 18:35:24.274,0.99975,0.99986,1.28,1.50
2012.10.31 18:35:24.844,0.99974,0.99986,2.40,1.50
2012.10.31 18:35:27.006,0.99977,0.99988,1.50,2.10
2012.10.31 18:35:27.465,0.99977,0.99989,3.00,2.25
2012.10.31 18:35:27.594,0.99977,0.99989,4.73,1.50
2012.10.31 18:35:27.659,0.9998,0.99992,3.00,2.25
2012.10.31 18:35:28.418,0.9998,0.9999,1.50,1.50
2012.10.31 18:35:28.855,0.99979,0.99992,1.28,2.25
2012.10.31 18:35:29.390,0.99979,0.99992,1.50,2.25
2012.10.31 18:35:30.284,0.99979,0.99992,1.50,1.50
2012.10.31 18:35:31.504,0.9998,0.99992,1.50,1.50
2012.10.31 18:35:31.625,0.99979,0.99992,1.50,3.00
2012.10.31 18:35:32.045,0.99978,0.99991,1.73,2.25
2012.10.31 18:35:33.844,0.99978,0.9999,2.63,2.25
2012.10.31 18:35:34.445,0.99979,0.99991,1.50,2.25
2012.10.31 18:35:35.110,0.99978,0.9999,2.63,2.25
2012.10.31 18:35:37.684,0.99979,0.99991,1.50,2.25
2012.10.31 18:35:38.655,0.99978,0.9999,2.63,2.25
2012.10.31 18:35:39.395,0.99979,0.99991,1.50,2.25
2012.10.31 18:35:39.904,0.99978,0.99991,1.13,2.25
2012.10.31 18:35:44.955,0.99977,0.99989,1.73,2.25
2012.10.31 18:35:45.315,0.99975,0.99985,1.50,1.50
2012.10.31 18:35:45.925,0.99975,0.99987,1.50,2.40
2012.10.31 18:35:50.544,0.99973,0.99987,3.23,1.65
2012.10.31 18:35:51.076,0.99973,0.99986,1.73,1.50
2012.10.31 18:35:51.745,0.99973,0.99986,1.73,1.65
2012.10.31 18:35:52.342,0.99974,0.99986,1.50,1.65
2012.10.31 18:35:52.894,0.99973,0.99987,3.23,3.15
2012.10.31 18:35:53.413,0.99973,0.99985,3.23,1.65
2012.10.31 18:35:54.283,0.99974,0.99986,1.50,1.65
2012.10.31 18:35:54.845,0.99973,0.99985,3.23,1.50
2012.10.31 18:35:55.386,0.99974,0.99986,1.50,1.65
2012.10.31 18:35:55.998,0.99973,0.99986,3.98,1.65
2012.10.31 18:35:56.156,0.99973,0.99986,2.85,1.65
2012.10.31 18:35:56.741,0.99973,0.99985,4.35,1.50
2012.10.31 18:35:57.357,0.99973,0.99986,2.85,1.65
2012.10.31 18:35:59.295,0.99973,0.99986,1.35,1.65
2012.10.31 18:35:59.998,0.99973,0.99987,2.85,1.65
2012.10.31 18:36:00.733,0.99972,0.99986,3.23,1.65
2012.10.31 18:36:02.743,0.99975,0.99987,1.50,1.65
2012.10.31 18:36:03.326,0.99974,0.99986,1.50,1.65
2012.10.31 18:36:05.623,0.99975,0.99987,1.50,1.80
2012.10.31 18:36:07.364,0.99974,0.99986,1.50,1.65
2012.10.31 18:36:08.385,0.99974,0.99988,1.50,2.55
2012.10.31 18:36:08.990,0.99973,0.99987,2.85,2.40
2012.10.31 18:36:09.319,0.99975,0.99987,1.50,2.40
2012.10.31 18:36:09.996,0.99974,0.99988,1.50,3.30
2012.10.31 18:36:11.074,0.99973,0.99987,3.98,1.65
2012.10.31 18:36:11.660,0.99975,0.99987,1.50,1.65
2012.10.31 18:36:12.422,0.99975,0.99987,1.50,1.65
2012.10.31 18:36:13.111,0.99975,0.99987,1.50,1.65
2012.10.31 18:36:13.634,0.99975,0.99987,1.50,1.65
2012.10.31 18:36:14.331,0.99974,0.99988,1.50,3.15
2012.10.31 18:36:15.646,0.99974,0.99986,1.50,1.50
2012.10.31 18:36:16.334,0.99975,0.99987,1.50,1.80
2012.10.31 18:36:16.833,0.99975,0.99987,1.50,1.65
2012.10.31 18:36:17.648,0.99974,0.99986,1.50,1.50
2012.10.31 18:36:18.227,0.99974,0.99986,1.50,1.65
2012.10.31 18:36:18.956,0.99975,0.99987,1.50,1.65
2012.10.31 18:36:19.026,0.99975,0.99987,1.50,1.65
2012.10.31 18:36:19.393,0.99973,0.99987,2.48,1.65
2012.10.31 18:36:19.975,0.99974,0.99988,1.50,3.30
2012.10.31 18:36:20.479,0.99974,0.99988,1.50,3.30
2012.10.31 18:36:21.190,0.99973,0.99987,2.48,1.80
2012.10.31 18:36:21.406,0.99975,0.99987,1.50,1.80
2012.10.31 18:36:23.044,0.99974,0.99986,1.50,1.65
2012.10.31 18:36:23.646,0.99975,0.99987,1.50,1.65
2012.10.31 18:36:25.283,0.99975,0.99987,1.50,1.80
2012.10.31 18:36:26.464,0.99975,0.99987,1.50,1.80
2012.10.31 18:36:28.493,0.99975,0.99987,1.50,1.80
2012.10.31 18:36:28.825,0.99973,0.99987,2.48,1.80
2012.10.31 18:36:29.334,0.99974,0.99988,1.50,4.05
2012.10.31 18:36:29.846,0.99974,0.99988,1.50,3.15
2012.10.31 18:36:30.514,0.99974,0.99986,1.50,1.65
2012.10.31 18:36:32.693,0.99974,0.99986,1.50,1.50
2012.10.31 18:36:33.263,0.99974,0.99988,1.50,3.15
2012.10.31 18:36:33.764,0.99974,0.99988,1.50,3.30
2012.10.31 18:36:34.294,0.99975,0.99987,1.50,1.65
2012.10.31 18:36:34.930,0.99975,0.99987,1.50,1.65
2012.10.31 18:36:35.509,0.99974,0.99986,1.50,1.65
2012.10.31 18:36:36.067,0.99975,0.99987,1.50,1.80
2012.10.31 18:36:36.646,0.99974,0.99986,1.50,1.65
2012.10.31 18:36:37.306,0.99974,0.99986,1.50,1.65
2012.10.31 18:36:38.566,0.99974,0.99988,1.50,3.15
2012.10.31 18:36:39.294,0.99973,0.99987,2.48,1.65
2012.10.31 18:36:39.889,0.99974,0.99988,1.50,3.15
2012.10.31 18:36:40.434,0.99973,0.99986,1.35,1.65
2012.10.31 18:36:40.943,0.99974,0.99988,1.50,3.30
2012.10.31 18:36:41.484,0.99973,0.99986,1.35,1.65
2012.10.31 18:36:41.914,0.99975,0.99987,1.50,1.65
2012.10.31 18:36:42.034,0.99973,0.99987,4.35,1.65
2012.10.31 18:36:42.096,0.99975,0.99987,1.50,1.65
2012.10.31 18:36:42.345,0.99973,0.99987,2.85,1.80
2012.10.31 18:36:44.611,0.99975,0.99987,1.50,1.65
2012.10.31 18:36:45.133,0.99974,0.99986,1.50,1.65
2012.10.31 18:36:45.654,0.99973,0.99987,3.00,1.80
2012.10.31 18:36:46.341,0.99974,0.99986,1.50,1.65
2012.10.31 18:36:50.494,0.99973,0.99985,2.25,1.50
2012.10.31 18:36:50.854,0.99975,0.99987,1.50,1.80
2012.10.31 18:36:51.004,0.99973,0.99987,2.25,1.80
2012.10.31 18:36:51.563,0.99973,0.99987,2.25,3.15
2012.10.31 18:36:52.203,0.99975,0.99987,1.50,1.65
2012.10.31 18:36:52.707,0.99973,0.99987,2.25,1.65
2012.10.31 18:36:53.298,0.99974,0.99986,1.50,1.65
2012.10.31 18:36:53.804,0.99973,0.99985,2.25,1.50
2012.10.31 18:36:53.864,0.99973,0.99985,3.00,1.65
2012.10.31 18:36:54.834,0.99975,0.99986,1.50,1.65
2012.10.31 18:36:55.205,0.99978,0.99988,1.50,1.05
2012.10.31 18:36:55.384,0.99978,0.99991,2.25,2.78
2012.10.31 18:36:55.624,0.99978,0.99991,3.00,2.78
2012.10.31 18:37:01.973,0.99979,0.99991,2.25,3.30
2012.10.31 18:37:02.915,0.99977,0.99991,3.00,3.15
2012.10.31 18:37:11.185,0.99978,0.9999,2.25,1.50
2012.10.31 18:37:11.246,0.99977,0.99987,1.50,1.65
2012.10.31 18:37:11.305,0.99976,0.99985,1.50,1.50
2012.10.31 18:37:11.955,0.99976,0.99986,1.50,1.65
2012.10.31 18:37:12.515,0.99975,0.99987,3.00,1.65
2012.10.31 18:37:13.937,0.99976,0.99987,1.50,1.65
2012.10.31 18:37:15.084,0.99975,0.99987,1.50,1.65
2012.10.31 18:37:16.214,0.99976,0.99987,1.50,1.80
2012.10.31 18:37:18.408,0.99976,0.99986,1.50,1.65
2012.10.31 18:37:18.935,0.99976,0.99985,1.50,1.65
2012.10.31 18:37:19.764,0.99975,0.99986,1.50,1.65
2012.10.31 18:37:20.304,0.99975,0.99986,1.50,1.65
2012.10.31 18:37:20.564,0.99975,0.99986,1.50,1.65
2012.10.31 18:37:21.620,0.99975,0.99986,1.50,1.80
2012.10.31 18:37:22.584,0.99974,0.99986,3.00,1.65
2012.10.31 18:37:23.643,0.99975,0.99986,1.50,1.80
2012.10.31 18:37:26.784,0.99975,0.99986,1.50,1.80
2012.10.31 18:37:28.208,0.99975,0.99986,1.50,1.65
2012.10.31 18:37:30.682,0.99975,0.99988,1.50,1.80
2012.10.31 18:37:33.954,0.99976,0.99988,1.50,1.80
2012.10.31 18:37:35.977,0.99976,0.99988,1.50,3.30
2012.10.31 18:37:36.533,0.99975,0.99987,3.00,1.80
2012.10.31 18:37:36.900,0.99975,0.99987,3.00,1.80
2012.10.31 18:37:37.434,0.99975,0.99987,2.25,1.65
2012.10.31 18:37:38.086,0.99976,0.99987,1.50,1.80
2012.10.31 18:37:41.684,0.99975,0.99987,3.00,1.65
2012.10.31 18:37:42.674,0.99975,0.99987,3.00,1.65
2012.10.31 18:37:44.756,0.99976,0.99987,1.50,1.80
2012.10.31 18:37:45.758,0.99976,0.99987,1.50,1.65
2012.10.31 18:37:46.874,0.99976,0.99987,1.50,1.80
2012.10.31 18:37:47.944,0.99976,0.99987,1.50,1.80
2012.10.31 18:37:50.125,0.99976,0.99987,1.50,1.80
2012.10.31 18:37:50.484,0.99976,0.99989,3.00,2.40
2012.10.31 18:37:50.545,0.99978,0.99989,1.50,2.25
2012.10.31 18:37:50.904,0.99981,0.99992,1.13,3.15
2012.10.31 18:37:51.964,0.99981,0.9999,1.13,1.50
2012.10.31 18:37:52.264,0.99984,0.99996,2.25,1.80
2012.10.31 18:37:52.949,0.99984,0.99996,3.00,1.65
2012.10.31 18:37:53.454,0.99985,0.99996,1.50,1.80
2012.10.31 18:37:53.939,0.99985,0.99996,1.50,1.80
2012.10.31 18:37:55.422,0.99984,0.99996,2.25,1.65
2012.10.31 18:37:56.258,0.99985,0.99996,1.50,1.65
2012.10.31 18:38:08.894,0.99984,0.99996,2.25,1.65
2012.10.31 18:38:12.135,0.99983,0.99995,3.75,1.50
2012.10.31 18:38:12.744,0.99984,0.99996,2.25,1.65
2012.10.31 18:38:21.722,0.99985,0.99996,1.50,1.65
2012.10.31 18:38:22.485,0.99984,0.99996,2.25,1.65
2012.10.31 18:38:23.017,0.99985,0.99995,1.50,1.65
2012.10.31 18:38:25.131,0.99985,0.99997,1.50,3.15
2012.10.31 18:38:25.254,0.99984,0.99997,1.50,3.15
2012.10.31 18:38:27.665,0.99983,0.99994,1.88,1.50
2012.10.31 18:38:27.786,0.99982,0.99994,1.13,6.00
2012.10.31 18:38:28.301,0.99983,0.99995,2.25,2.40
2012.10.31 18:38:29.074,0.99983,0.99997,2.25,3.30
2012.10.31 18:38:29.637,0.99983,0.99997,2.25,3.15
2012.10.31 18:38:29.955,0.99984,0.99996,2.25,2.40
2012.10.31 18:38:30.684,0.99984,0.99996,2.25,2.40
2012.10.31 18:38:32.790,0.99983,0.99995,3.00,1.65
2012.10.31 18:38:33.794,0.99984,0.99995,1.50,1.65
2012.10.31 18:38:34.916,0.99984,0.99995,1.50,1.65
2012.10.31 18:38:36.854,0.99983,0.99995,3.00,1.65
2012.10.31 18:38:38.864,0.99984,0.99996,2.25,2.55
2012.10.31 18:38:39.874,0.99983,0.99995,3.00,1.65
2012.10.31 18:38:41.724,0.99983,0.99995,3.00,1.65
2012.10.31 18:38:43.674,0.99983,0.99995,3.00,2.40
2012.10.31 18:38:51.764,0.99985,0.99996,1.50,2.55
2012.10.31 18:38:55.795,0.99983,0.99997,3.00,4.80
2012.10.31 18:38:59.314,0.99983,0.99995,2.25,1.65
2012.10.31 18:38:59.494,0.99982,0.99992,1.50,1.50
2012.10.31 18:38:59.555,0.9998,0.99992,2.48,1.50
2012.10.31 18:38:59.867,0.9998,0.9999,1.73,1.50
2012.10.31 18:39:00.404,0.9998,0.99991,1.73,1.50
2012.10.31 18:39:00.916,0.9998,0.9999,1.50,1.65
2012.10.31 18:39:00.975,0.99979,0.9999,2.25,1.50
2012.10.31 18:39:01.697,0.99978,0.9999,2.63,2.40
2012.10.31 18:39:02.236,0.99978,0.99991,2.25,1.65
2012.10.31 18:39:04.685,0.99979,0.99991,1.50,3.15
2012.10.31 18:39:05.386,0.99978,0.9999,2.25,2.25
2012.10.31 18:39:05.935,0.99979,0.99991,1.50,3.15
2012.10.31 18:39:10.994,0.99978,0.9999,2.25,2.25
2012.10.31 18:39:12.085,0.99979,0.99991,1.50,3.30
2012.10.31 18:39:12.605,0.99978,0.9999,2.25,2.40
2012.10.31 18:39:22.586,0.99978,0.99991,2.25,1.80
2012.10.31 18:39:27.124,0.99978,0.99991,2.25,1.50
2012.10.31 18:39:27.632,0.99978,0.9999,2.25,2.25
2012.10.31 18:39:30.065,0.99978,0.99991,2.25,1.50
2012.10.31 18:39:30.244,0.99978,0.99991,2.25,1.50
2012.10.31 18:39:30.595,0.99978,0.99991,2.25,1.50
2012.10.31 18:39:30.654,0.99978,0.99991,2.25,1.50
2012.10.31 18:39:33.175,0.99979,0.99991,1.50,3.00
2012.10.31 18:39:34.029,0.99978,0.9999,2.25,2.25
2012.10.31 18:39:34.825,0.99978,0.99991,2.25,1.50
2012.10.31 18:39:35.064,0.99978,0.99991,2.25,1.50
2012.10.31 18:39:37.535,0.99979,0.99991,1.50,3.00
2012.10.31 18:39:38.335,0.99977,0.99991,3.38,3.00
2012.10.31 18:39:41.265,0.99979,0.99991,1.50,3.00
2012.10.31 18:39:41.914,0.99978,0.9999,1.50,2.25
2012.10.31 18:39:44.047,0.99977,0.99991,2.25,3.00
2012.10.31 18:39:44.175,0.99979,0.99991,1.50,3.00
2012.10.31 18:39:44.795,0.99978,0.9999,1.50,2.25
2012.10.31 18:39:46.016,0.99979,0.99991,1.50,3.00
2012.10.31 18:39:47.236,0.99977,0.99991,2.25,3.00
2012.10.31 18:39:47.815,0.99978,0.99991,1.50,1.50
2012.10.31 18:39:49.964,0.99978,0.99991,2.25,1.50
2012.10.31 18:39:50.025,0.99979,0.99991,1.50,1.50
2012.10.31 18:39:50.085,0.99979,0.99991,1.50,1.50
2012.10.31 18:39:52.165,0.99983,0.99992,1.50,1.13
2012.10.31 18:39:52.525,0.99984,0.99993,2.25,1.13
2012.10.31 18:39:53.336,0.99984,0.99996,2.25,3.00
2012.10.31 18:40:05.055,0.99985,0.99997,2.25,2.18
2012.10.31 18:40:11.957,0.99984,0.99994,3.00,1.50
2012.10.31 18:40:12.080,0.99984,0.99992,1.50,1.50
2012.10.31 18:40:12.627,0.99981,0.99992,2.25,1.50
2012.10.31 18:40:12.925,0.99981,0.99992,1.50,1.50
2012.10.31 18:40:18.785,0.99978,0.99991,3.00,1.50
2012.10.31 18:40:18.965,0.99981,0.99993,3.00,2.25
2012.10.31 18:40:19.206,0.99985,0.99994,1.50,2.10
2012.10.31 18:40:19.326,0.99982,0.99992,1.50,1.50
2012.10.31 18:40:19.445,0.99985,0.99996,1.50,2.25
2012.10.31 18:40:25.023,0.99983,0.99995,1.50,1.50
2012.10.31 18:40:25.575,0.99984,0.99996,1.50,2.25
2012.10.31 18:40:34.444,0.99982,0.99996,1.88,2.25
2012.10.31 18:40:35.153,0.99983,0.99997,1.50,3.00
2012.10.31 18:40:38.642,0.99982,0.99996,1.50,2.25
2012.10.31 18:40:39.163,0.99983,0.99995,1.50,1.50
2012.10.31 18:40:39.705,0.99984,0.99996,1.50,2.25
2012.10.31 18:40:49.235,0.99982,0.99996,1.50,2.25
2012.10.31 18:40:49.415,0.99982,0.99995,1.50,3.83
2012.10.31 18:40:49.774,0.99978,0.99992,2.25,1.50
2012.10.31 18:40:49.895,0.99983,0.99994,1.50,2.63
2012.10.31 18:40:50.464,0.99984,0.99994,1.50,1.13
2012.10.31 18:40:51.428,0.99984,0.99994,1.50,1.13
2012.10.31 18:40:56.402,0.99983,0.99994,1.50,1.88
2012.10.31 18:40:56.935,0.99984,0.99994,1.50,1.13
2012.10.31 18:41:04.616,0.99984,0.99993,1.50,1.35
2012.10.31 18:41:04.675,0.9998,0.99992,1.73,2.25
2012.10.31 18:41:08.345,0.9998,0.99992,1.50,2.25
2012.10.31 18:41:08.535,0.99982,0.99993,1.50,3.00
2012.10.31 18:41:09.095,0.9998,0.99993,1.50,3.00
2012.10.31 18:41:10.605,0.9998,0.99993,2.25,3.00
2012.10.31 18:41:10.665,0.99984,0.99994,1.50,1.73
2012.10.31 18:41:10.785,0.99984,0.99995,1.50,1.50
2012.10.31 18:41:14.365,0.99984,0.99996,2.25,1.50
2012.10.31 18:41:14.425,0.99989,0.99997,1.50,1.50
2012.10.31 18:41:14.605,0.99987,0.99999,3.00,3.60
2012.10.31 18:41:14.724,0.99985,0.99999,3.23,3.60
2012.10.31 18:41:14.848,0.99985,0.99999,1.50,3.83
2012.10.31 18:41:15.524,0.99984,0.99998,2.25,3.00
2012.10.31 18:41:16.065,0.99985,0.99998,1.50,1.50
2012.10.31 18:41:16.715,0.99984,0.99998,2.25,3.00
2012.10.31 18:41:17.955,0.99985,0.99997,1.50,1.50
2012.10.31 18:41:19.354,0.99985,0.99998,1.50,1.50
2012.10.31 18:41:19.895,0.99985,0.99997,1.50,2.25
2012.10.31 18:41:22.304,0.99984,0.99997,1.50,1.13
2012.10.31 18:41:22.665,0.99988,0.99998,1.50,1.50
2012.10.31 18:41:22.846,0.99988,0.99999,1.50,1.73
2012.10.31 18:41:25.355,0.9999,1.00002,3.00,1.50
2012.10.31 18:41:25.605,0.99991,1.00002,2.25,1.50
2012.10.31 18:41:25.672,0.99997,1.00003,3.00,1.50
2012.10.31 18:41:26.205,0.99997,1.00004,1.50,2.25
2012.10.31 18:41:26.325,0.99989,1.00001,4.88,2.25
2012.10.31 18:41:28.875,0.99989,1.00001,3.38,3.00
2012.10.31 18:41:28.995,0.99988,1.00001,1.88,2.25
2012.10.31 18:41:29.556,0.99988,0.99999,1.88,2.25
2012.10.31 18:41:30.354,0.99988,0.99999,1.50,2.25
2012.10.31 18:41:31.814,0.99988,0.99999,1.50,1.50
2012.10.31 18:41:38.665,0.99985,0.99998,2.25,1.50
2012.10.31 18:41:38.845,0.99988,0.99999,1.50,2.33
2012.10.31 18:41:41.365,0.99987,1.00001,2.25,3.00
2012.10.31 18:41:42.185,0.99988,1.00001,1.50,1.50
2012.10.31 18:41:44.345,0.99989,1.00001,1.50,3.00
2012.10.31 18:41:50.006,0.99988,1.0,1.50,2.25
2012.10.31 18:41:57.575,0.99989,1.00001,1.50,3.00
2012.10.31 18:41:58.285,0.99987,1.00001,2.63,3.00
2012.10.31 18:42:02.216,0.99989,1.0,1.50,1.50
2012.10.31 18:42:02.902,0.99988,1.0,2.25,3.00
2012.10.31 18:42:03.836,0.99989,1.0,1.50,1.50
2012.10.31 18:42:04.346,0.99988,1.0,2.25,1.50
2012.10.31 18:42:05.285,0.99989,1.0,1.50,1.50
2012.10.31 18:42:14.734,0.99989,1.00002,1.50,2.25
2012.10.31 18:42:16.035,0.99989,1.00002,1.50,2.25
2012.10.31 18:42:16.335,0.99992,1.00002,1.13,1.50
2012.10.31 18:42:17.746,0.99988,1.00002,2.63,2.25
2012.10.31 18:42:19.795,0.99989,1.00002,1.13,1.50
2012.10.31 18:42:20.347,0.9999,1.00003,2.25,1.50
2012.10.31 18:42:20.868,0.99989,1.00001,3.38,1.50
2012.10.31 18:42:49.057,0.99989,1.00001,2.25,2.25
2012.10.31 18:42:49.696,0.99988,1.00002,3.75,3.00
2012.10.31 18:42:50.479,0.99988,1.00002,3.75,3.00
2012.10.31 18:42:59.794,0.99988,1.00002,3.75,2.25
2012.10.31 18:43:02.285,0.99989,1.00002,1.88,2.25
2012.10.31 18:43:02.964,0.99991,1.00003,2.25,2.25
2012.10.31 18:43:03.512,0.99991,1.00003,2.63,2.25
2012.10.31 18:43:09.415,0.99991,1.00004,1.50,3.23
2012.10.31 18:43:15.865,0.99997,1.00004,1.50,3.23
2012.10.31 18:43:16.106,1.00003,1.0001,1.50,1.50
2012.10.31 18:43:16.167,1.00006,1.00015,1.50,1.35
2012.10.31 18:43:16.525,1.00006,1.00018,1.50,1.88
2012.10.31 18:43:18.318,1.00006,1.00018,3.00,2.25
2012.10.31 18:43:18.506,1.00003,1.00012,1.50,1.50
2012.10.31 18:43:18.987,1.00003,1.00014,3.00,2.25
2012.10.31 18:43:19.296,1.00006,1.00018,2.25,2.25
2012.10.31 18:43:19.617,1.00006,1.00017,2.25,2.25
2012.10.31 18:43:19.736,1.00004,1.00014,2.25,1.50
2012.10.31 18:43:19.795,1.00004,1.00014,1.50,1.50
2012.10.31 18:43:19.975,1.00004,1.00014,3.75,1.73
2012.10.31 18:43:20.395,1.00005,1.00018,2.25,1.50
2012.10.31 18:43:22.385,1.00004,1.00016,5.25,1.50
2012.10.31 18:43:22.816,1.00006,1.00016,1.50,1.50
2012.10.31 18:43:23.117,1.00011,1.00019,2.25,1.50
2012.10.31 18:43:23.666,1.00012,1.00022,1.13,2.93
2012.10.31 18:43:24.325,1.0001,1.00022,2.25,5.18
2012.10.31 18:43:24.446,1.00007,1.0002,3.00,1.50
2012.10.31 18:43:25.080,1.00007,1.00021,2.25,2.25
2012.10.31 18:43:25.745,1.00007,1.0002,2.25,1.50
2012.10.31 18:43:25.996,1.00005,1.00016,2.25,1.50
2012.10.31 18:43:26.655,1.00004,1.00016,1.50,1.50
2012.10.31 18:43:47.146,1.00002,1.00012,1.50,1.50
2012.10.31 18:43:47.695,1.00001,1.00011,1.50,1.50
2012.10.31 18:43:48.896,0.99999,1.00011,3.00,1.50
2012.10.31 18:43:49.032,1.0,1.00013,1.50,1.50
2012.10.31 18:43:49.565,0.99998,1.00012,4.50,1.50
2012.10.31 18:43:50.355,0.99999,1.00012,1.13,1.50
2012.10.31 18:43:50.415,1.0,1.00012,1.50,1.50
2012.10.31 18:43:56.305,1.00001,1.00013,1.50,1.50
2012.10.31 18:43:56.567,1.00003,1.00017,1.50,3.00
2012.10.31 18:43:57.215,1.00003,1.00017,1.50,2.25
2012.10.31 18:43:59.826,1.00003,1.00015,1.50,1.50
2012.10.31 18:43:59.945,1.00002,1.00011,1.50,1.50
2012.10.31 18:44:00.498,1.00002,1.00012,1.50,1.50
2012.10.31 18:44:01.005,1.00005,1.00014,1.50,2.48
2012.10.31 18:44:01.125,1.00001,1.00012,1.50,1.50
2012.10.31 18:44:03.405,1.00001,1.00012,1.50,3.00
2012.10.31 18:44:03.465,1.0,1.00012,3.75,3.23
2012.10.31 18:44:03.646,0.99997,1.00008,2.25,2.10
2012.10.31 18:44:03.825,0.99997,1.00007,2.25,1.73
2012.10.31 18:44:03.886,0.99997,1.00007,1.50,1.73
2012.10.31 18:44:04.197,0.99993,1.00005,1.50,1.50
2012.10.31 18:44:04.735,0.99994,1.00006,1.50,2.25
2012.10.31 18:44:05.326,0.99993,1.00005,1.50,1.50
2012.10.31 18:44:06.165,0.99993,1.00007,1.50,2.48
2012.10.31 18:44:07.796,0.99993,1.00005,1.50,1.50
2012.10.31 18:44:10.903,0.99993,1.00007,1.50,2.48
2012.10.31 18:44:11.340,0.99993,1.00005,1.50,1.50
2012.10.31 18:44:17.625,0.99993,1.00007,1.88,2.48
2012.10.31 18:44:17.795,0.99993,1.00005,1.88,1.50
2012.10.31 18:44:23.225,0.99993,1.00005,1.88,1.50
2012.10.31 18:44:24.735,0.99993,1.00004,1.88,1.50
2012.10.31 18:44:25.056,0.99992,0.99996,1.13,1.50
2012.10.31 18:44:25.415,0.99987,0.99995,2.25,1.58
2012.10.31 18:44:25.715,0.99984,0.99992,3.75,1.73
2012.10.31 18:44:26.397,0.99984,0.99992,3.00,1.73
2012.10.31 18:44:28.646,0.99981,0.99992,2.25,1.73
2012.10.31 18:44:29.027,0.99984,0.99996,2.25,3.00
2012.10.31 18:44:29.716,0.99983,0.99995,3.00,1.50
2012.10.31 18:44:30.375,0.99984,0.99996,2.25,2.25
2012.10.31 18:44:45.885,0.99984,0.99996,1.50,2.25
2012.10.31 18:44:45.946,0.99982,0.99991,2.25,1.50
2012.10.31 18:44:46.006,0.99982,0.99993,2.25,1.73
2012.10.31 18:44:47.865,0.99982,0.99992,2.25,1.50
2012.10.31 18:44:50.355,0.99982,0.99992,2.25,1.50
2012.10.31 18:44:50.855,0.99984,0.99996,2.25,1.50
2012.10.31 18:44:51.426,0.99984,0.99998,2.25,2.48
2012.10.31 18:44:54.935,0.99983,0.99995,2.25,1.50
2012.10.31 18:44:55.175,0.99983,0.99997,2.25,2.48
2012.10.31 18:44:55.295,0.99983,0.99995,2.25,1.50
2012.10.31 18:44:55.836,0.99983,0.99997,2.25,3.23
2012.10.31 18:44:58.825,0.99983,0.99995,2.25,1.50
2012.10.31 18:44:59.355,0.99983,0.99997,2.25,2.48
2012.10.31 18:45:00.135,0.99983,0.99997,2.25,1.73
2012.10.31 18:45:00.555,0.99988,0.99999,1.50,1.50
2012.10.31 18:45:01.357,0.99989,0.99999,1.50,1.50
2012.10.31 18:45:01.895,0.99988,1.0,1.50,3.75
2012.10.31 18:45:02.155,0.99989,1.0,1.50,2.25
2012.10.31 18:45:02.364,0.99987,1.0,1.50,2.25
2012.10.31 18:45:03.466,0.99988,1.0,1.50,2.25
2012.10.31 18:45:04.058,0.99987,1.0,2.25,2.25
2012.10.31 18:45:06.246,0.99989,1.0,1.50,2.25
2012.10.31 18:45:10.645,0.99988,1.0,1.50,3.75
2012.10.31 18:45:11.196,0.99989,1.0,1.50,2.25
2012.10.31 18:45:12.125,0.99989,1.0,1.50,3.00
2012.10.31 18:45:12.185,0.99983,0.99997,4.50,1.50
2012.10.31 18:45:12.716,0.99983,0.99997,3.38,1.50
2012.10.31 18:45:15.556,0.99983,0.99997,5.48,1.50
2012.10.31 18:45:15.615,0.99987,0.99997,1.50,1.50
2012.10.31 18:45:15.676,0.99988,1.0,1.50,2.25
2012.10.31 18:45:16.206,0.99989,1.0,1.50,2.25
2012.10.31 18:45:16.665,0.99987,1.0,1.50,2.25
2012.10.31 18:45:17.166,0.99987,1.0,1.50,1.50
2012.10.31 18:45:18.745,0.99987,1.0,1.50,1.50
2012.10.31 18:45:20.309,0.99988,1.0,1.50,3.00
2012.10.31 18:45:20.557,0.99985,0.99996,1.13,1.50
2012.10.31 18:45:21.097,0.99983,0.99996,1.13,3.75
2012.10.31 18:45:21.456,0.99982,0.99996,2.25,3.75
2012.10.31 18:45:21.516,0.99984,0.99996,1.50,3.00
2012.10.31 18:45:22.025,0.99983,0.99996,1.50,1.50
2012.10.31 18:45:22.565,0.99984,0.99996,1.50,2.25
2012.10.31 18:45:30.915,0.99984,0.99996,1.88,2.25
2012.10.31 18:45:33.868,0.99984,0.99996,2.25,2.25
2012.10.31 18:45:38.566,0.99984,0.99996,3.00,2.25
2012.10.31 18:45:51.506,0.99986,0.99998,1.50,1.73
2012.10.31 18:45:51.745,0.99987,1.00001,1.50,5.25
2012.10.31 18:45:51.935,0.99985,0.99997,1.88,1.50
2012.10.31 18:46:43.315,0.99983,0.99995,3.75,1.50
2012.10.31 18:46:43.831,0.99984,0.99996,2.25,1.50
2012.10.31 18:46:44.400,0.99985,0.99996,3.00,1.50
2012.10.31 18:46:44.586,0.99988,1.0,1.50,3.75
2012.10.31 18:46:45.217,0.99987,1.0,1.50,1.50
2012.10.31 18:46:45.905,0.99988,1.0,1.50,1.50
2012.10.31 18:46:46.545,0.99987,1.0,2.25,1.50
2012.10.31 18:46:46.765,0.99989,1.0,1.50,1.50
2012.10.31 18:46:47.006,0.99987,1.0,2.25,1.50
2012.10.31 18:46:47.532,0.99987,1.0,2.25,1.50
2012.10.31 18:46:49.915,0.99989,1.0,1.50,1.50
2012.10.31 18:46:50.661,0.99988,1.0,1.50,3.00
2012.10.31 18:46:51.173,0.99987,1.0,3.00,1.50
2012.10.31 18:46:52.105,0.99986,0.99997,3.75,1.50
2012.10.31 18:46:52.166,0.99983,0.99997,5.48,1.50
2012.10.31 18:46:52.345,0.99983,0.99997,3.00,2.25
2012.10.31 18:46:52.655,0.99983,0.99994,2.25,1.73
2012.10.31 18:46:55.055,0.99981,0.99992,1.50,1.73
2012.10.31 18:47:12.376,0.99981,0.99994,1.50,3.23
2012.10.31 18:47:12.557,0.99985,0.99995,1.50,1.13
2012.10.31 18:47:13.646,0.99985,0.99997,1.50,2.85
2012.10.31 18:47:15.985,0.99982,0.99996,3.00,3.00
2012.10.31 18:47:16.286,0.99982,0.99995,2.25,1.50
2012.10.31 18:47:16.826,0.99983,0.99995,1.50,3.00
2012.10.31 18:47:18.425,0.99984,0.99995,1.50,1.50
2012.10.31 18:47:19.085,0.99982,0.99996,3.00,4.13
2012.10.31 18:47:19.735,0.99983,0.99996,1.50,2.25
2012.10.31 18:47:20.687,0.99983,0.99994,1.50,1.73
2012.10.31 18:47:21.055,0.99981,0.99992,1.50,1.73
2012.10.31 18:47:25.726,0.99981,0.99992,2.25,1.73
2012.10.31 18:47:30.397,0.99981,0.99992,2.25,1.73
2012.10.31 18:47:38.615,0.99981,0.99992,3.75,1.73
2012.10.31 18:47:38.795,0.99984,0.99996,1.50,1.88
2012.10.31 18:47:38.915,0.99984,0.99995,1.50,1.50
2012.10.31 18:47:39.036,0.99981,0.99993,3.75,2.25
2012.10.31 18:47:39.677,0.99981,0.99993,3.75,2.48
2012.10.31 18:47:39.795,0.99988,0.99996,3.00,3.60
2012.10.31 18:47:39.916,0.99981,0.99993,3.75,2.48
2012.10.31 18:47:41.226,0.99982,0.99996,2.25,3.75
2012.10.31 18:47:41.345,0.99984,0.99996,1.50,3.00
2012.10.31 18:47:41.705,0.99981,0.99993,3.75,2.48
2012.10.31 18:47:44.125,0.99981,0.99992,2.25,1.50
2012.10.31 18:48:00.625,0.99981,0.99993,3.00,2.48
2012.10.31 18:48:03.106,0.99981,0.99992,1.50,1.50
2012.10.31 18:48:08.554,0.99983,0.99996,1.50,2.85
2012.10.31 18:48:08.795,0.99984,0.99996,1.50,1.88
2012.10.31 18:48:19.457,0.99984,0.99997,1.50,1.73
2012.10.31 18:48:31.084,0.99984,0.99997,1.50,1.73
2012.10.31 18:48:32.935,0.99982,0.99991,3.00,1.50
2012.10.31 18:48:33.514,0.99981,0.99993,3.00,1.73
2012.10.31 18:48:46.675,0.99984,0.99996,1.50,1.13
2012.10.31 18:48:46.795,0.99984,0.99996,1.50,1.13
2012.10.31 18:48:47.035,0.99981,0.99992,1.50,1.50
2012.10.31 18:48:47.537,0.99982,0.99994,1.50,3.23
2012.10.31 18:48:48.131,0.99981,0.99994,3.00,2.10
2012.10.31 18:49:05.054,0.9998,0.99992,3.75,1.73
2012.10.31 18:49:10.344,0.99981,0.99992,1.50,1.73
2012.10.31 18:49:11.564,0.99981,0.99992,1.50,1.73
2012.10.31 18:49:12.576,0.99981,0.99992,1.50,1.73
2012.10.31 18:49:13.364,0.99981,0.99992,1.50,1.73
2012.10.31 18:49:18.795,0.99981,0.99992,1.50,1.73
2012.10.31 18:49:21.194,0.9998,0.99992,1.50,1.73
2012.10.31 18:49:22.014,0.9998,0.99992,1.80,1.73
2012.10.31 18:49:22.555,0.99981,0.99991,1.50,1.50
2012.10.31 18:49:22.675,0.9998,0.99991,1.50,1.50
2012.10.31 18:49:24.094,0.9998,0.99991,1.50,1.50
2012.10.31 18:49:25.181,0.99979,0.99991,4.50,1.50
2012.10.31 18:49:40.265,0.99981,0.99993,1.50,2.48
2012.10.31 18:49:40.775,0.99981,0.99991,1.50,1.50
2012.10.31 18:49:41.315,0.99981,0.99994,2.25,3.23
2012.10.31 18:49:42.827,0.99981,0.99994,1.50,2.48
2012.10.31 18:49:44.485,0.99982,0.99994,1.50,3.23
2012.10.31 18:49:46.575,0.99981,0.99994,1.50,3.23
2012.10.31 18:49:47.119,0.99981,0.99994,1.50,2.48
2012.10.31 18:49:47.807,0.99982,0.99994,1.50,2.48
2012.10.31 18:49:49.375,0.9998,0.99994,4.50,2.48
2012.10.31 18:49:49.555,0.9998,0.99991,3.00,1.50
2012.10.31 18:49:57.854,0.99981,0.99993,2.25,3.00
2012.10.31 18:49:59.435,0.99981,0.99993,3.00,1.50
2012.10.31 18:50:00.434,0.99981,0.99993,3.00,1.50
2012.10.31 18:50:00.975,0.9998,0.99994,3.75,2.48
2012.10.31 18:50:01.137,0.9998,0.99994,3.75,2.48
2012.10.31 18:50:01.255,0.9998,0.99991,2.25,1.50
2012.10.31 18:50:01.804,0.99981,0.99993,1.50,1.50
2012.10.31 18:50:02.360,0.9998,0.99992,1.50,1.50
2012.10.31 18:50:03.353,0.9998,0.99992,1.50,1.50
2012.10.31 18:50:03.904,0.9998,0.99992,1.50,1.50
2012.10.31 18:50:04.562,0.9998,0.99992,1.50,1.50
2012.10.31 18:50:06.870,0.99981,0.99992,1.50,1.50
2012.10.31 18:50:07.925,0.9998,0.99992,2.25,1.50
2012.10.31 18:50:08.645,0.9998,0.99992,2.25,1.50
2012.10.31 18:50:09.205,0.9998,0.99992,2.25,1.50
2012.10.31 18:50:10.075,0.9998,0.99992,2.25,1.50
2012.10.31 18:50:11.124,0.9998,0.99992,2.25,1.50
2012.10.31 18:50:12.275,0.9998,0.99992,2.25,1.50
2012.10.31 18:50:14.535,0.99981,0.99993,3.00,2.25
2012.10.31 18:50:18.965,0.99981,0.99993,2.03,2.63
2012.10.31 18:50:19.275,0.99979,0.99991,2.03,2.25
2012.10.31 18:50:19.849,0.99981,0.99992,1.50,1.50
2012.10.31 18:50:21.954,0.99981,0.99992,1.50,1.50
2012.10.31 18:50:23.325,0.99979,0.99991,3.53,2.25
2012.10.31 18:50:26.295,0.9998,0.99991,2.03,1.50
2012.10.31 18:50:27.315,0.99979,0.99991,1.05,1.50
2012.10.31 18:50:28.367,0.99978,0.99991,4.80,1.50
2012.10.31 18:50:32.579,0.99979,0.99991,1.05,1.50
2012.10.31 18:50:33.615,0.99978,0.99992,4.28,3.00
2012.10.31 18:50:34.714,0.99978,0.99992,4.28,3.00
2012.10.31 18:50:35.765,0.99978,0.9999,4.28,1.50
2012.10.31 18:50:36.294,0.99978,0.9999,2.03,1.50
2012.10.31 18:50:36.835,0.99978,0.9999,2.55,1.50
2012.10.31 18:50:37.468,0.99978,0.99991,2.40,1.50
2012.10.31 18:50:39.226,0.99979,0.9999,1.05,1.50
2012.10.31 18:50:41.216,0.9998,0.9999,2.03,1.50
2012.10.31 18:50:42.322,0.9998,0.9999,2.03,1.50
2012.10.31 18:50:43.415,0.9998,0.9999,1.50,1.50
2012.10.31 18:50:44.726,0.9998,0.99989,1.50,1.50
2012.10.31 18:50:45.388,0.99979,0.99989,1.50,2.25
2012.10.31 18:50:45.515,0.99975,0.99986,2.25,1.50
2012.10.31 18:50:45.636,0.99973,0.99986,1.50,1.50
2012.10.31 18:50:46.057,0.99975,0.99987,1.50,3.75
2012.10.31 18:50:46.615,0.99974,0.99986,1.50,1.50
2012.10.31 18:50:47.238,0.99974,0.99986,2.25,1.88
2012.10.31 18:50:50.155,0.99973,0.99987,2.25,3.23
2012.10.31 18:50:51.075,0.99973,0.99987,3.00,3.38
2012.10.31 18:50:52.039,0.99973,0.99987,3.00,3.38
2012.10.31 18:50:53.095,0.99973,0.99987,3.00,3.38
2012.10.31 18:50:54.225,0.99973,0.99987,3.00,3.38
2012.10.31 18:50:59.452,0.99974,0.99987,1.50,1.73
2012.10.31 18:51:00.185,0.99973,0.99987,2.25,3.23
2012.10.31 18:51:05.816,0.99973,0.99987,3.00,3.38
2012.10.31 18:51:07.540,0.99973,0.99987,2.25,3.23
2012.10.31 18:51:09.106,0.99975,0.99987,1.50,3.38
2012.10.31 18:51:09.786,0.99974,0.99986,2.25,1.88
2012.10.31 18:51:24.183,0.99975,0.99987,1.50,3.23
2012.10.31 18:51:24.746,0.99974,0.99986,1.50,1.88
2012.10.31 18:51:27.245,0.99975,0.99987,1.50,3.23
2012.10.31 18:51:27.840,0.99974,0.99986,1.50,1.65
2012.10.31 18:51:28.385,0.99973,0.99986,2.25,1.65
2012.10.31 18:51:28.695,0.99973,0.99987,2.25,3.23
2012.10.31 18:51:29.237,0.99974,0.99986,1.50,1.50
2012.10.31 18:51:29.966,0.99973,0.99987,1.50,2.10
2012.10.31 18:51:30.215,0.99975,0.99987,1.50,2.10
2012.10.31 18:51:30.415,0.99973,0.99987,1.50,3.23
2012.10.31 18:51:30.955,0.99974,0.99987,2.25,2.48
2012.10.31 18:51:32.135,0.99974,0.99986,1.50,1.50
2012.10.31 18:51:33.835,0.99975,0.99987,1.50,3.98
2012.10.31 18:51:33.895,0.99973,0.99987,3.00,3.98
2012.10.31 18:51:36.230,0.99973,0.99987,4.50,3.98
2012.10.31 18:51:36.895,0.99975,0.99987,1.50,3.23
2012.10.31 18:51:37.445,0.99974,0.99987,2.25,2.48
2012.10.31 18:51:38.036,0.99973,0.99987,3.00,3.98
2012.10.31 18:51:39.686,0.99974,0.99987,1.50,1.73
2012.10.31 18:51:40.236,0.99974,0.99986,1.50,1.50
2012.10.31 18:51:43.587,0.99974,0.99987,1.50,1.73
2012.10.31 18:51:44.319,0.99974,0.99987,1.50,2.70
2012.10.31 18:51:47.387,0.99974,0.99987,1.50,1.73
2012.10.31 18:51:48.055,0.99973,0.99987,1.50,3.23
2012.10.31 18:51:48.175,0.99975,0.99987,1.50,3.23
2012.10.31 18:51:48.414,0.99973,0.99987,1.50,2.10
2012.10.31 18:51:48.936,0.99974,0.99988,1.50,6.83
2012.10.31 18:51:50.594,0.99975,0.99987,1.50,2.10
2012.10.31 18:51:50.774,0.99973,0.99987,3.75,2.33
2012.10.31 18:51:54.283,0.99974,0.99988,1.50,6.30
2012.10.31 18:51:56.334,0.99973,0.99987,2.25,2.33
2012.10.31 18:51:58.184,0.99974,0.99988,1.50,5.70
2012.10.31 18:51:58.726,0.99973,0.99987,2.25,2.33
2012.10.31 18:51:59.514,0.99975,0.99987,1.50,2.10
2012.10.31 18:52:01.892,0.99975,0.99987,1.50,1.95
2012.10.31 18:52:02.404,0.99974,0.99986,1.50,1.50
2012.10.31 18:52:03.034,0.99973,0.99987,1.50,1.95
2012.10.31 18:52:03.345,0.99975,0.99987,1.50,1.95
2012.10.31 18:52:05.594,0.99973,0.99987,2.25,2.10
2012.10.31 18:52:05.904,0.99975,0.99987,1.50,2.33
2012.10.31 18:52:06.192,0.99973,0.99987,1.50,2.33
2012.10.31 18:52:06.704,0.99974,0.99988,1.50,3.08
2012.10.31 18:52:07.334,0.99973,0.99987,1.50,2.10
2012.10.31 18:52:07.974,0.99975,0.99987,1.50,2.10
2012.10.31 18:52:10.575,0.99975,0.99987,3.00,2.10
2012.10.31 18:52:10.879,0.99979,0.99989,1.50,1.35
2012.10.31 18:52:15.206,0.99974,0.99986,1.50,1.50
2012.10.31 18:52:15.845,0.99975,0.99987,1.50,1.50
2012.10.31 18:52:16.505,0.99973,0.99987,3.00,1.73
2012.10.31 18:52:17.055,0.99974,0.99988,1.50,4.20
2012.10.31 18:52:18.576,0.99974,0.99988,1.50,4.20
2012.10.31 18:52:20.554,0.99973,0.99987,3.00,2.10
2012.10.31 18:52:21.073,0.99974,0.99988,2.25,3.08
2012.10.31 18:52:21.695,0.99974,0.99988,1.50,3.08
2012.10.31 18:52:21.996,0.99974,0.99986,1.50,1.50
2012.10.31 18:52:22.546,0.99974,0.99986,3.00,1.50
2012.10.31 18:52:22.905,0.99979,0.9999,1.50,1.88
2012.10.31 18:52:23.205,0.99976,0.99987,1.50,1.50
2012.10.31 18:52:25.975,0.99975,0.99987,1.50,1.88
2012.10.31 18:52:26.338,0.99973,0.99987,1.50,1.88
2012.10.31 18:52:26.409,0.99975,0.99987,1.50,2.10
2012.10.31 18:52:28.955,0.99974,0.99986,1.50,1.50
2012.10.31 18:52:30.265,0.99973,0.99987,3.75,2.10
2012.10.31 18:52:30.840,0.99974,0.99986,1.50,1.88
2012.10.31 18:52:31.374,0.99975,0.99987,1.50,1.88
2012.10.31 18:52:32.505,0.99974,0.99986,1.50,2.10
2012.10.31 18:52:34.905,0.99975,0.99987,1.50,1.50
2012.10.31 18:52:35.585,0.99974,0.99986,1.50,1.50
2012.10.31 18:52:36.135,0.99973,0.99987,1.50,1.50
2012.10.31 18:52:36.684,0.99974,0.99988,1.50,3.45
2012.10.31 18:52:37.565,0.99973,0.99987,2.25,1.50
2012.10.31 18:52:38.237,0.99974,0.99988,1.50,3.45
2012.10.31 18:52:42.735,0.99974,0.99988,2.25,3.45
2012.10.31 18:52:43.764,0.99974,0.99988,1.50,3.23
2012.10.31 18:52:44.745,0.99974,0.99988,1.50,3.45
2012.10.31 18:52:45.264,0.99974,0.99988,1.50,3.45
2012.10.31 18:52:46.226,0.99974,0.99986,1.50,1.50
2012.10.31 18:52:46.776,0.99975,0.99987,1.50,1.73
2012.10.31 18:52:49.175,0.99973,0.99987,2.25,1.73
2012.10.31 18:52:52.435,0.99975,0.99987,1.50,1.50
2012.10.31 18:52:55.157,0.99974,0.99986,1.50,1.50
2012.10.31 18:52:55.695,0.99973,0.99987,2.25,1.88
2012.10.31 18:52:56.245,0.99975,0.99987,1.50,1.88
2012.10.31 18:52:57.387,0.99977,0.99987,1.50,1.88
2012.10.31 18:52:57.746,0.99974,0.99986,1.50,1.88
2012.10.31 18:52:58.625,0.99975,0.99987,1.50,1.50
2012.10.31 18:53:01.325,0.99974,0.99986,1.50,1.50
2012.10.31 18:53:01.675,0.99974,0.99988,1.50,4.20
2012.10.31 18:53:02.828,0.99974,0.99988,2.25,4.73
2012.10.31 18:53:03.005,0.99979,0.99988,1.50,1.50
2012.10.31 18:53:03.066,0.99979,0.99991,1.50,4.35
2012.10.31 18:53:03.916,0.99979,0.99991,1.50,1.13
2012.10.31 18:53:03.976,0.99978,0.99991,3.00,1.88
2012.10.31 18:53:04.096,0.99979,0.99992,1.50,1.50
2012.10.31 18:53:08.297,0.9998,0.99991,1.50,1.50
2012.10.31 18:53:08.835,0.99979,0.99991,3.00,1.50
2012.10.31 18:53:15.225,0.9998,0.99991,1.50,1.50
2012.10.31 18:53:15.757,0.9998,0.99991,1.50,1.50
2012.10.31 18:53:16.725,0.9998,0.99991,1.50,1.50
2012.10.31 18:53:17.025,0.99979,0.99991,1.50,2.48
2012.10.31 18:53:17.265,0.99979,0.99991,1.50,2.25
2012.10.31 18:53:17.826,0.99979,0.99991,1.50,2.25
2012.10.31 18:53:26.349,0.99979,0.99991,1.50,2.25
2012.10.31 18:53:26.775,0.99976,0.99987,1.50,1.50
2012.10.31 18:53:27.255,0.99974,0.99987,2.25,1.50
2012.10.31 18:53:28.665,0.99974,0.99986,3.75,1.50
2012.10.31 18:53:29.436,0.99975,0.99987,2.25,1.50
2012.10.31 18:53:32.205,0.9998,0.99986,1.50,1.50
2012.10.31 18:53:32.446,0.99979,0.99992,1.50,4.35
2012.10.31 18:53:32.979,0.9998,0.99992,1.50,2.25
2012.10.31 18:53:37.496,0.9998,0.99992,1.50,1.50
2012.10.31 18:53:38.292,0.99979,0.99992,1.50,1.50
2012.10.31 18:53:39.536,0.9998,0.99992,1.50,1.50
2012.10.31 18:53:40.095,0.9998,0.99992,1.50,1.50
2012.10.31 18:53:40.620,0.99979,0.99992,1.50,1.50
2012.10.31 18:53:42.911,0.99979,0.99992,1.50,2.10
2012.10.31 18:53:46.425,0.99979,0.99992,1.50,2.10
2012.10.31 18:53:47.166,0.9998,0.99992,1.50,2.10
2012.10.31 18:53:51.978,0.9998,0.99992,1.50,1.73
2012.10.31 18:53:52.525,0.99978,0.99991,1.13,1.73
2012.10.31 18:53:52.585,0.99977,0.99991,1.88,1.95
2012.10.31 18:53:52.958,0.99978,0.99992,2.25,6.08
2012.10.31 18:53:53.266,0.9998,0.99991,1.50,1.73
2012.10.31 18:53:57.175,0.9998,0.9999,1.50,1.50
2012.10.31 18:53:58.695,0.9998,0.99992,1.50,2.48
2012.10.31 18:53:59.386,0.9998,0.99992,1.50,2.25
2012.10.31 18:53:59.872,0.9998,0.9999,1.50,1.50
2012.10.31 18:54:01.195,0.9998,0.99991,1.50,1.50
2012.10.31 18:54:01.796,0.9998,0.99992,1.50,2.25
2012.10.31 18:54:04.024,0.9998,0.99992,1.50,2.25
2012.10.31 18:54:04.145,0.9998,0.99992,1.50,2.48
2012.10.31 18:54:04.685,0.99978,0.9999,3.75,1.50
2012.10.31 18:54:05.310,0.99978,0.9999,3.75,1.73
2012.10.31 18:54:06.086,0.99978,0.9999,3.75,1.73
2012.10.31 18:54:11.815,0.99978,0.9999,1.50,2.48
2012.10.31 18:54:18.457,0.99978,0.9999,2.25,2.48
2012.10.31 18:54:20.505,0.99978,0.9999,2.25,2.48
2012.10.31 18:54:26.745,0.99978,0.99991,2.25,2.70
2012.10.31 18:54:27.197,0.99988,0.99993,1.50,1.50
2012.10.31 18:54:27.271,0.99984,0.99995,1.13,3.00
2012.10.31 18:54:27.816,0.99983,0.99995,1.50,2.25
2012.10.31 18:54:28.906,0.99982,0.99994,2.25,1.13
2012.10.31 18:54:29.090,0.99984,0.99994,1.50,1.13
2012.10.31 18:54:29.216,0.99982,0.99994,3.75,1.13
2012.10.31 18:54:29.466,0.99984,0.99994,1.50,1.13
2012.10.31 18:54:29.837,0.99984,0.99994,2.25,1.13
2012.10.31 18:54:30.195,0.99989,0.99996,1.50,1.50
2012.10.31 18:54:30.316,0.99987,0.99996,1.50,1.50
2012.10.31 18:54:30.686,0.99985,0.99994,1.50,1.50
2012.10.31 18:54:30.746,0.99982,0.99994,4.50,1.50
2012.10.31 18:54:31.365,0.9998,0.99993,2.25,2.48
2012.10.31 18:54:31.786,0.99983,0.99995,1.50,3.75
2012.10.31 18:54:32.336,0.99982,0.99994,1.50,1.50
2012.10.31 18:54:32.855,0.99982,0.99994,2.25,1.50
2012.10.31 18:54:33.485,0.99983,0.99994,1.50,1.50
2012.10.31 18:54:34.035,0.99983,0.99995,1.50,1.50
2012.10.31 18:54:34.765,0.99984,0.99995,1.50,1.50
2012.10.31 18:54:35.915,0.99984,0.99994,1.50,3.00
2012.10.31 18:54:35.975,0.99981,0.99992,1.50,1.50
2012.10.31 18:54:36.515,0.99983,0.99994,1.50,1.88
2012.10.31 18:54:37.603,0.99983,0.99995,1.50,1.88
2012.10.31 18:54:38.145,0.99983,0.99995,1.50,1.50
2012.10.31 18:54:38.699,0.99984,0.99995,1.50,1.50
2012.10.31 18:54:41.307,0.99984,0.99995,2.25,1.50
2012.10.31 18:54:41.426,0.99988,0.99998,1.50,1.73
2012.10.31 18:54:41.726,0.99989,0.99994,1.50,1.50
2012.10.31 18:54:41.786,0.99983,0.99994,2.48,1.50
2012.10.31 18:54:42.326,0.99984,0.99994,1.50,1.50
2012.10.31 18:54:42.726,0.9998,0.99992,1.50,1.73
2012.10.31 18:54:43.206,0.99985,0.99991,1.50,1.50
2012.10.31 18:54:43.399,0.99981,0.99993,2.25,2.48
2012.10.31 18:54:43.883,0.99981,0.99993,1.50,2.48
2012.10.31 18:54:44.685,0.99981,0.99993,1.50,2.25
2012.10.31 18:54:45.807,0.99985,0.99994,1.50,3.00
2012.10.31 18:54:46.439,0.99985,0.99994,1.50,1.50
2012.10.31 18:54:47.548,0.99985,0.99995,1.50,1.50
2012.10.31 18:54:48.356,0.99982,0.99996,5.25,4.50
2012.10.31 18:54:50.531,0.99982,0.99995,3.75,1.50
2012.10.31 18:54:50.595,0.99982,0.99995,3.00,1.50
2012.10.31 18:54:50.715,0.99982,0.99996,1.50,3.00
2012.10.31 18:54:51.301,0.99983,0.99995,1.50,2.25
2012.10.31 18:54:52.788,0.99981,0.99992,1.50,1.50
2012.10.31 18:54:53.296,0.99981,0.99992,1.50,2.25
2012.10.31 18:55:00.086,0.9998,0.99992,2.25,1.50
2012.10.31 18:55:01.545,0.99981,0.99992,1.50,2.25
2012.10.31 18:55:02.091,0.99981,0.99992,1.50,1.50
2012.10.31 18:55:03.376,0.99981,0.99992,1.50,2.25
2012.10.31 18:55:18.686,0.99982,0.99992,1.20,2.25
2012.10.31 18:55:18.905,0.99982,0.99992,1.20,1.50
2012.10.31 18:55:36.406,0.99984,0.99995,1.50,2.85
2012.10.31 18:55:36.466,0.99984,0.99995,2.25,2.10
2012.10.31 18:55:36.528,0.99987,0.99997,1.50,1.58
2012.10.31 18:55:36.717,0.99989,1.0,1.50,3.23
2012.10.31 18:55:36.836,0.9999,1.00002,1.95,1.50
2012.10.31 18:55:37.076,0.99987,0.99999,3.15,1.50
2012.10.31 18:55:37.726,0.99989,0.99999,1.50,1.50
2012.10.31 18:55:37.965,0.99986,0.99998,1.95,1.13
2012.10.31 18:55:41.966,0.99986,1.0,2.40,3.75
2012.10.31 18:55:42.206,0.99986,0.99999,2.40,1.50
2012.10.31 18:55:42.601,0.99986,1.0,2.40,3.75
2012.10.31 18:55:43.165,0.99988,0.99999,1.50,1.50
2012.10.31 18:55:46.229,0.99988,0.99999,2.40,1.50
2012.10.31 18:55:46.785,0.99988,1.0,1.95,3.75
2012.10.31 18:55:47.206,0.99989,1.0,1.95,2.25
2012.10.31 18:55:47.637,0.99989,0.99994,1.95,1.50
2012.10.31 18:55:48.057,0.99987,0.99994,1.50,2.48
2012.10.31 18:55:48.417,0.99982,0.99993,1.65,2.25
2012.10.31 18:55:48.846,0.99982,0.99993,1.20,2.25
2012.10.31 18:55:49.380,0.99981,0.99993,3.00,2.25
2012.10.31 18:55:49.942,0.99981,0.99992,1.50,1.50
2012.10.31 18:55:51.856,0.99982,0.99992,1.65,2.25
2012.10.31 18:55:52.157,0.99982,0.99992,1.65,1.50
2012.10.31 18:55:52.696,0.99982,0.99992,1.20,2.25
2012.10.31 18:55:53.495,0.99982,0.99992,1.50,2.25
2012.10.31 18:55:54.126,0.99982,0.99992,1.20,2.25
2012.10.31 18:55:54.666,0.99982,0.99992,1.20,2.25
2012.10.31 18:55:55.195,0.99982,0.99992,1.50,2.25
2012.10.31 18:56:00.666,0.99981,0.99994,1.50,4.73
2012.10.31 18:56:06.448,0.99984,0.99995,1.50,2.25
2012.10.31 18:56:06.696,0.99982,0.99995,1.95,4.73
2012.10.31 18:56:07.263,0.99983,0.99994,1.50,1.73
2012.10.31 18:56:07.806,0.99984,0.99995,1.50,3.98
2012.10.31 18:56:08.356,0.99983,0.99995,1.50,5.48
2012.10.31 18:56:09.288,0.99981,0.99993,3.00,1.50
2012.10.31 18:56:09.944,0.99981,0.99994,1.50,2.48
2012.10.31 18:56:12.287,0.99983,0.99995,2.70,1.73
2012.10.31 18:56:12.407,0.99983,0.99995,1.50,3.00
2012.10.31 18:56:12.926,0.99986,0.99994,1.50,1.50
2012.10.31 18:56:13.047,0.99982,0.99994,1.50,2.48
2012.10.31 18:56:20.276,0.99982,0.99994,1.20,3.98
2012.10.31 18:56:20.395,0.99985,0.99997,1.50,5.10
2012.10.31 18:56:20.516,0.99985,0.99997,1.50,2.63
2012.10.31 18:56:24.215,0.99983,0.99997,1.95,3.98
2012.10.31 18:56:24.755,0.99984,0.99996,1.95,1.50
2012.10.31 18:56:28.648,0.99984,0.99996,1.95,1.50
2012.10.31 18:56:29.335,0.99984,0.99996,1.50,1.50
2012.10.31 18:56:35.796,0.99984,0.99996,1.95,1.50
2012.10.31 18:56:36.265,0.99988,0.99998,1.50,3.98
2012.10.31 18:56:36.575,0.99988,0.99997,1.50,1.50
2012.10.31 18:56:36.816,0.99983,0.99994,1.73,1.50
2012.10.31 18:56:37.355,0.99982,0.99996,4.95,2.25
2012.10.31 18:56:37.565,0.99984,0.99998,1.95,3.98
2012.10.31 18:56:38.226,0.99984,0.99998,1.95,3.98
2012.10.31 18:56:42.345,0.99984,0.99995,1.50,1.50
2012.10.31 18:56:42.705,0.99981,0.99992,3.00,1.50
2012.10.31 18:56:43.326,0.99981,0.99994,4.50,1.73
2012.10.31 18:56:44.915,0.99981,0.99992,3.00,1.50
2012.10.31 18:57:00.856,0.99981,0.99993,3.75,1.73
2012.10.31 18:57:12.716,0.99981,0.99993,3.75,1.73
2012.10.31 18:57:13.415,0.99981,0.99995,3.75,4.35
2012.10.31 18:57:15.416,0.99981,0.99994,2.25,2.48
2012.10.31 18:57:17.366,0.99982,0.99994,1.50,2.48
2012.10.31 18:57:17.896,0.99981,0.99994,2.25,2.48
2012.10.31 18:57:23.687,0.99982,0.99994,1.50,2.48
2012.10.31 18:57:25.035,0.99981,0.99994,2.25,2.48
2012.10.31 18:57:36.146,0.99982,0.99994,1.50,2.48
2012.10.31 18:57:40.337,0.99981,0.99993,3.00,1.73
2012.10.31 18:57:41.172,0.99981,0.99995,3.00,4.58
2012.10.31 18:57:41.827,0.99981,0.99995,3.00,4.58
2012.10.31 18:57:43.785,0.99982,0.99993,1.13,1.73
2012.10.31 18:57:45.946,0.99985,0.99996,1.50,1.35
2012.10.31 18:57:46.006,0.99985,0.99997,1.50,1.35
2012.10.31 18:57:46.185,0.99987,0.99997,1.50,1.35
2012.10.31 18:57:46.305,0.99983,0.99995,1.50,1.50
2012.10.31 18:57:46.505,0.99983,0.99995,1.88,1.50
2012.10.31 18:57:46.964,0.99987,0.99998,1.50,3.98
2012.10.31 18:57:48.555,0.99987,0.99997,1.50,1.73
2012.10.31 18:57:48.877,0.99984,0.99995,1.50,1.73
2012.10.31 18:57:49.117,0.99987,0.99997,1.50,2.10
2012.10.31 18:57:49.678,0.99985,0.99997,3.00,3.60
2012.10.31 18:57:49.857,0.99985,0.99996,3.00,1.50
2012.10.31 18:57:50.707,0.99983,0.99995,2.25,4.73
2012.10.31 18:57:51.657,0.99983,0.99993,1.28,2.48
2012.10.31 18:57:51.776,0.99983,0.99994,1.50,2.48
2012.10.31 18:57:51.896,0.99985,0.99996,1.50,1.73
2012.10.31 18:57:52.376,0.99983,0.99994,1.50,1.73
2012.10.31 18:57:52.506,0.99983,0.99994,1.50,1.73
2012.10.31 18:57:52.686,0.99983,0.99993,1.50,1.73
2012.10.31 18:57:53.116,0.99983,0.99993,2.25,1.73
2012.10.31 18:57:53.176,0.99983,0.99993,2.25,1.73
2012.10.31 18:58:50.136,0.99982,0.99993,1.50,1.73
2012.10.31 18:58:52.177,0.99984,0.99993,1.50,1.73
2012.10.31 18:58:52.685,0.99983,0.99993,1.50,1.73
2012.10.31 18:58:56.329,0.99982,0.99995,1.50,1.73
2012.10.31 18:58:57.836,0.99982,0.99995,1.50,1.73
2012.10.31 18:59:06.087,0.99981,0.99993,3.75,1.73
2012.10.31 18:59:08.188,0.99984,0.99994,1.50,2.48
2012.10.31 18:59:08.497,0.99984,0.99994,1.50,2.48
2012.10.31 18:59:08.556,0.99984,0.99994,1.50,1.73
2012.10.31 18:59:09.076,0.99981,0.99994,3.75,2.48
2012.10.31 18:59:11.010,0.99985,0.99997,1.50,2.85
2012.10.31 18:59:11.080,0.99985,0.99997,2.25,2.10
2012.10.31 18:59:11.158,0.99985,0.99995,2.25,1.50
2012.10.31 18:59:11.676,0.99985,0.99995,1.50,2.48
2012.10.31 18:59:11.796,0.99982,0.99994,3.75,2.48
2012.10.31 18:59:11.856,0.99989,0.99994,1.50,2.25
2012.10.31 18:59:11.977,0.99983,0.99994,3.00,1.73
2012.10.31 18:59:12.658,0.99981,0.99993,3.00,2.48
2012.10.31 18:59:12.727,0.99985,0.99997,1.50,1.13
2012.10.31 18:59:13.387,0.99983,0.99993,3.00,1.50
2012.10.31 18:59:13.507,0.99982,0.99994,3.75,3.00
2012.10.31 18:59:14.063,0.99982,0.99994,3.00,3.23
2012.10.31 18:59:14.877,0.99981,0.99993,4.50,1.73
2012.10.31 18:59:18.216,0.99981,0.99993,4.13,1.73
2012.10.31 18:59:19.819,0.99982,0.99993,1.50,1.73
2012.10.31 18:59:20.009,0.99984,0.99995,1.13,1.73
2012.10.31 18:59:20.327,0.99981,0.99995,5.25,3.98
2012.10.31 18:59:20.886,0.99982,0.99992,1.13,1.73
2012.10.31 18:59:22.997,0.99982,0.99993,1.13,1.73
2012.10.31 18:59:24.367,0.99982,0.99993,1.13,1.73
2012.10.31 18:59:31.566,0.99982,0.99993,1.73,1.73
2012.10.31 18:59:31.747,0.99989,0.99998,1.50,3.75
2012.10.31 18:59:31.987,0.99988,0.99997,2.10,1.73
2012.10.31 18:59:32.227,0.9999,0.99997,4.05,1.50
2012.10.31 18:59:32.527,0.99992,1.00002,1.88,1.50
2012.10.31 18:59:32.647,0.99991,1.00001,1.13,1.50
2012.10.31 18:59:33.187,0.99996,1.00002,1.50,1.50
2012.10.31 18:59:33.307,0.99994,1.00002,1.50,1.50
2012.10.31 18:59:33.429,0.99995,1.00002,2.25,1.50
2012.10.31 18:59:33.738,0.99993,1.00003,2.48,3.00
2012.10.31 18:59:34.304,0.99992,1.00004,2.25,3.00
2012.10.31 18:59:34.666,0.99993,1.00004,1.50,1.50
2012.10.31 18:59:34.786,0.99995,1.00004,1.13,1.50
2012.10.31 18:59:35.028,0.99997,1.00004,1.50,1.50
2012.10.31 18:59:35.147,0.99999,1.00012,2.85,3.00
2012.10.31 18:59:35.506,1.00007,1.00014,1.50,4.73
2012.10.31 18:59:35.687,1.0,1.00012,1.50,1.50
2012.10.31 18:59:36.955,1.00001,1.00013,1.88,3.75
2012.10.31 18:59:37.136,1.00007,1.00015,1.50,3.00
2012.10.31 18:59:37.317,1.00009,1.00019,1.50,1.50
2012.10.31 18:59:37.378,1.00009,1.00017,1.50,1.50
2012.10.31 18:59:37.797,1.00006,1.00011,1.50,1.50
2012.10.31 18:59:37.856,1.00001,1.00011,2.25,1.50
2012.10.31 18:59:37.916,1.00001,1.00013,2.25,2.25
2012.10.31 18:59:38.216,1.00006,1.00014,1.50,2.25
2012.10.31 18:59:38.336,1.00001,1.00014,3.75,2.25
2012.10.31 18:59:38.587,1.00006,1.00014,2.85,1.50
2012.10.31 18:59:38.886,1.00013,1.0002,1.50,3.75
2012.10.31 18:59:40.042,1.00013,1.00025,1.50,1.50
2012.10.31 18:59:40.168,1.00015,1.00025,1.50,1.50
2012.10.31 18:59:40.476,1.00015,1.00027,2.25,1.50
2012.10.31 18:59:40.539,1.00013,1.00023,1.50,1.50
2012.10.31 18:59:40.606,1.00013,1.00025,1.50,1.50
2012.10.31 18:59:40.728,1.00012,1.00023,1.73,1.50
2012.10.31 18:59:40.847,1.00013,1.00025,1.50,1.50
2012.10.31 18:59:41.376,1.00014,1.00025,2.25,2.25
2012.10.31 18:59:41.677,1.00015,1.00025,1.50,2.25
2012.10.31 18:59:42.049,1.00014,1.00022,1.50,1.50
2012.10.31 18:59:42.607,1.00014,1.00023,1.50,2.25
2012.10.31 18:59:43.146,1.00015,1.00027,1.50,1.50
2012.10.31 18:59:43.687,1.00013,1.00024,1.50,2.25
2012.10.31 18:59:44.299,1.00011,1.00023,3.23,1.50
2012.10.31 18:59:45.126,1.00011,1.00023,2.48,1.50
2012.10.31 18:59:45.367,1.00012,1.00023,2.10,1.50
2012.10.31 18:59:45.487,1.00016,1.00027,2.48,1.50
2012.10.31 18:59:45.849,1.00012,1.00023,1.50,1.50
2012.10.31 18:59:45.967,1.00012,1.00026,2.25,2.25
2012.10.31 18:59:47.087,1.00012,1.00026,3.00,2.25
2012.10.31 18:59:47.447,1.00013,1.00026,3.00,2.25
2012.10.31 18:59:48.706,1.00013,1.00023,1.50,2.25
2012.10.31 18:59:49.008,1.00007,1.00015,2.48,1.50
2012.10.31 18:59:49.436,1.00004,1.00011,1.73,2.25
2012.10.31 18:59:49.976,1.00003,1.00014,2.25,1.50
2012.10.31 18:59:50.218,1.00003,1.00015,2.25,2.25
2012.10.31 18:59:50.338,1.00003,1.00014,2.25,1.50
2012.10.31 18:59:50.877,1.00003,1.00014,1.50,1.88
2012.10.31 18:59:51.236,1.00009,1.00015,1.50,1.50
2012.10.31 18:59:51.717,1.00009,1.0002,2.10,1.50
2012.10.31 18:59:51.956,1.00007,1.00019,3.75,2.25
2012.10.31 18:59:52.501,1.00005,1.00015,1.73,2.25
2012.10.31 18:59:52.578,1.00003,1.00014,2.25,1.50
2012.10.31 18:59:52.793,1.00003,1.00014,3.00,1.50
2012.10.31 18:59:52.986,1.00005,1.00015,1.73,1.50
2012.10.31 18:59:53.286,1.00008,1.00019,2.25,1.50
2012.10.31 18:59:53.587,1.00013,1.0002,1.50,1.50
2012.10.31 18:59:53.886,1.00013,1.00022,2.18,3.00
2012.10.31 18:59:54.007,1.0001,1.00022,1.50,2.25
2012.10.31 18:59:54.128,1.00011,1.00024,1.50,3.75
2012.10.31 18:59:54.256,1.00011,1.00024,2.93,1.50
2012.10.31 18:59:55.607,1.00012,1.00022,1.50,2.25
2012.10.31 18:59:55.966,1.00009,1.0002,1.43,1.50
2012.10.31 18:59:56.145,1.00009,1.00022,1.43,3.75
2012.10.31 18:59:56.326,1.0001,1.00022,1.43,2.25
2012.10.31 18:59:56.717,1.00014,1.0002,1.50,1.13
2012.10.31 18:59:56.778,1.00014,1.00025,1.50,1.50
2012.10.31 18:59:57.397,1.00012,1.00024,2.18,1.50
2012.10.31 18:59:58.267,1.00012,1.00022,1.50,2.25
2012.10.31 18:59:58.386,1.00017,1.00023,1.50,3.00
2012.10.31 18:59:58.507,1.00017,1.00027,1.50,2.25
2012.10.31 18:59:58.688,1.00015,1.00024,1.50,1.50
2012.10.31 18:59:59.166,1.00017,1.00024,1.50,1.50
2012.10.31 18:59:59.466,1.00014,1.00026,2.93,3.00
2012.10.31 18:59:59.526,1.00014,1.00024,2.93,1.50
2012.10.31 18:59:59.766,1.00012,1.00024,2.25,2.25
2012.10.31 18:59:59.887,1.00012,1.00024,2.85,2.25
