2016.05.03 19:00:00.114,1.27231,1.27239,1.00,1.32
2016.05.03 19:00:00.471,1.27229,1.27239,1.00,1.39
2016.05.03 19:00:01.121,1.27228,1.27239,1.00,1.25
2016.05.03 19:00:02.188,1.27228,1.27241,1.87,2.14
2016.05.03 19:00:02.545,1.27231,1.27241,1.00,2.14
2016.05.03 19:00:03.154,1.27231,1.27241,1.00,1.20
2016.05.03 19:00:06.794,1.27233,1.27243,2.25,2.44
2016.05.03 19:00:07.201,1.27229,1.2724,1.00,1.76
2016.05.03 19:00:08.899,1.27227,1.2724,1.87,2.14
2016.05.03 19:00:09.436,1.27228,1.2724,1.00,2.51
2016.05.03 19:00:09.944,1.27227,1.2724,2.25,3.26
2016.05.03 19:00:11.554,1.27227,1.27238,1.00,1.39
2016.05.03 19:00:11.860,1.27224,1.27235,1.12,2.14
2016.05.03 19:00:12.920,1.27224,1.27235,2.62,1.69
2016.05.03 19:00:13.448,1.27224,1.27235,2.25,1.69
2016.05.03 19:00:14.028,1.27224,1.27235,2.25,1.00
2016.05.03 19:00:14.181,1.27226,1.27237,1.00,2.06
2016.05.03 19:00:14.486,1.27225,1.2723,1.50,1.25
2016.05.03 19:00:14.587,1.27222,1.2723,1.95,1.25
2016.05.03 19:00:14.690,1.27222,1.2723,1.50,1.25
2016.05.03 19:00:16.345,1.27222,1.2723,2.32,1.25
2016.05.03 19:00:17.055,1.27222,1.2723,1.95,1.25
2016.05.03 19:00:17.512,1.27225,1.2723,1.12,1.25
2016.05.03 19:00:17.674,1.27225,1.27234,1.12,1.25
2016.05.03 19:00:17.725,1.27227,1.27234,1.75,1.25
2016.05.03 19:00:18.233,1.27228,1.27235,1.47,1.25
2016.05.03 19:00:19.228,1.27226,1.27232,1.12,1.25
2016.05.03 19:00:22.797,1.27226,1.27232,1.00,1.25
2016.05.03 19:00:24.402,1.27224,1.27232,1.95,1.25
2016.05.03 19:00:27.994,1.27226,1.27232,1.50,1.69
2016.05.03 19:00:28.045,1.27223,1.27229,1.87,1.50
2016.05.03 19:00:28.097,1.27223,1.27227,1.12,1.25
2016.05.03 19:00:28.148,1.27223,1.27227,1.00,1.25
2016.05.03 19:00:28.250,1.27217,1.27227,1.00,2.06
2016.05.03 19:00:28.302,1.2722,1.27227,1.00,2.06
2016.05.03 19:00:28.353,1.2722,1.27227,1.00,1.31
2016.05.03 19:00:28.558,1.27218,1.27227,1.50,1.25
2016.05.03 19:00:28.914,1.27216,1.27227,1.50,1.76
2016.05.03 19:00:29.117,1.27214,1.27224,2.25,1.00
2016.05.03 19:00:29.467,1.27213,1.27224,1.87,1.39
2016.05.03 19:00:29.977,1.27214,1.27224,1.20,1.19
2016.05.03 19:00:31.081,1.27214,1.27227,1.20,3.34
2016.05.03 19:00:31.588,1.27213,1.27227,2.70,2.52
2016.05.03 19:00:32.095,1.27215,1.27227,1.00,2.52
2016.05.03 19:00:33.194,1.27213,1.27226,3.07,1.02
2016.05.03 19:00:33.703,1.27214,1.27227,1.00,2.22
2016.05.03 19:00:34.940,1.27213,1.27226,3.07,1.39
2016.05.03 19:00:35.707,1.27215,1.27226,1.00,1.39
2016.05.03 19:00:36.237,1.27215,1.27226,1.00,1.77
2016.05.03 19:00:37.116,1.27213,1.27225,1.95,1.50
2016.05.03 19:00:37.167,1.27213,1.27225,1.57,1.50
2016.05.03 19:00:37.218,1.27213,1.27225,1.57,2.44
2016.05.03 19:00:39.480,1.27214,1.27225,1.00,3.27
2016.05.03 19:00:39.989,1.27214,1.27227,1.50,2.22
2016.05.03 19:00:40.901,1.27215,1.27227,1.00,2.22
2016.05.03 19:00:42.458,1.27214,1.27226,1.07,1.62
2016.05.03 19:00:42.710,1.27214,1.27227,1.07,1.77
2016.05.03 19:00:43.250,1.27214,1.27227,1.07,2.22
2016.05.03 19:00:43.569,1.27213,1.27225,1.00,1.12
2016.05.03 19:00:43.620,1.27212,1.2722,1.57,1.25
2016.05.03 19:00:43.924,1.27212,1.2722,1.87,1.25
2016.05.03 19:00:45.390,1.27213,1.27224,1.00,1.39
2016.05.03 19:00:45.544,1.27214,1.27225,2.32,2.14
2016.05.03 19:00:46.049,1.27214,1.27226,1.95,1.56
2016.05.03 19:00:46.100,1.27221,1.27226,1.50,1.00
2016.05.03 19:00:46.304,1.27225,1.27232,1.45,1.25
2016.05.03 19:00:46.357,1.27225,1.27235,2.32,1.21
2016.05.03 19:00:46.409,1.27227,1.27238,1.87,1.47
2016.05.03 19:00:46.919,1.27229,1.2724,1.00,2.22
2016.05.03 19:00:47.934,1.27228,1.27239,1.20,1.19
2016.05.03 19:00:48.681,1.27227,1.27236,1.57,1.00
2016.05.03 19:00:48.884,1.2722,1.27232,1.95,1.00
2016.05.03 19:00:49.397,1.27222,1.27234,1.12,1.56
2016.05.03 19:00:49.919,1.27223,1.27235,1.00,2.52
2016.05.03 19:00:51.389,1.27221,1.27234,1.37,2.22
2016.05.03 19:00:51.906,1.27221,1.27234,1.50,1.47
2016.05.03 19:00:52.422,1.27221,1.27234,1.12,2.14
2016.05.03 19:00:52.929,1.27221,1.27235,1.57,2.59
2016.05.03 19:00:53.284,1.27221,1.27228,1.10,1.00
2016.05.03 19:00:53.393,1.27215,1.27228,1.29,1.00
2016.05.03 19:00:53.800,1.27214,1.27227,1.66,1.58
2016.05.03 19:00:54.131,1.27214,1.27226,1.31,1.00
2016.05.03 19:00:54.234,1.27212,1.27224,2.04,1.00
2016.05.03 19:00:54.337,1.2721,1.27224,1.56,1.84
2016.05.03 19:00:54.794,1.27209,1.27222,1.29,1.50
2016.05.03 19:00:55.985,1.27209,1.27222,1.29,1.96
2016.05.03 19:00:57.339,1.27208,1.27214,2.04,1.00
2016.05.03 19:00:57.391,1.27208,1.27217,2.04,1.00
2016.05.03 19:00:57.544,1.27205,1.27218,3.99,1.96
2016.05.03 19:00:57.647,1.27204,1.27215,1.26,1.37
2016.05.03 19:00:57.698,1.27204,1.27216,1.26,1.12
2016.05.03 19:00:58.411,1.27205,1.27218,1.24,1.50
2016.05.03 19:00:58.513,1.27203,1.27218,2.86,1.87
2016.05.03 19:00:58.719,1.27205,1.27218,1.29,1.00
2016.05.03 19:00:59.230,1.27208,1.27219,1.00,1.66
2016.05.03 19:01:00.948,1.27208,1.27219,1.00,1.76
2016.05.03 19:01:01.090,1.27205,1.27216,1.20,1.25
2016.05.03 19:01:01.142,1.27207,1.27215,1.00,1.00
2016.05.03 19:01:01.599,1.27209,1.27217,1.00,1.69
2016.05.03 19:01:02.108,1.27209,1.27217,1.00,1.19
2016.05.03 19:01:02.630,1.2721,1.2722,1.16,2.06
2016.05.03 19:01:03.876,1.2721,1.2722,1.29,1.19
2016.05.03 19:01:08.740,1.2721,1.2722,1.16,1.31
2016.05.03 19:01:10.012,1.2721,1.2722,1.21,1.19
2016.05.03 19:01:10.520,1.27211,1.2722,1.00,2.06
2016.05.03 19:01:13.753,1.27209,1.2722,1.16,2.81
2016.05.03 19:01:14.044,1.27207,1.27217,1.16,1.12
2016.05.03 19:01:14.554,1.27207,1.27217,1.00,1.87
2016.05.03 19:01:15.314,1.27207,1.27217,1.21,1.12
2016.05.03 19:01:16.460,1.27207,1.27215,1.00,1.00
2016.05.03 19:01:16.612,1.27203,1.27215,2.19,1.37
2016.05.03 19:01:16.664,1.27203,1.27214,1.10,1.57
2016.05.03 19:01:16.716,1.27204,1.27212,1.00,1.00
2016.05.03 19:01:17.074,1.27204,1.27216,1.00,2.06
2016.05.03 19:01:17.583,1.27204,1.27215,1.07,1.50
2016.05.03 19:01:17.685,1.27204,1.27215,1.20,1.50
2016.05.03 19:01:17.990,1.27207,1.27215,1.00,1.50
2016.05.03 19:01:20.083,1.27208,1.27216,1.07,1.69
2016.05.03 19:01:20.186,1.27208,1.27219,1.36,2.06
2016.05.03 19:01:20.694,1.27208,1.27219,1.36,1.31
2016.05.03 19:01:21.198,1.27208,1.27219,1.36,1.31
2016.05.03 19:01:23.410,1.2721,1.27219,1.00,1.12
2016.05.03 19:01:25.296,1.27209,1.2722,1.20,1.12
2016.05.03 19:01:26.912,1.2721,1.2722,1.45,1.00
2016.05.03 19:01:27.022,1.27211,1.27224,1.20,2.89
2016.05.03 19:01:27.074,1.27211,1.27224,1.57,1.57
2016.05.03 19:01:28.038,1.2721,1.27218,1.87,1.19
2016.05.03 19:01:28.241,1.27209,1.27217,1.37,1.19
2016.05.03 19:01:28.292,1.27209,1.2722,1.00,1.50
2016.05.03 19:01:28.343,1.27209,1.2722,1.87,1.50
2016.05.03 19:01:28.598,1.27206,1.27219,1.95,3.07
2016.05.03 19:01:28.650,1.27204,1.27215,1.50,1.00
2016.05.03 19:01:28.770,1.27204,1.27215,1.57,1.12
2016.05.03 19:01:28.872,1.27207,1.27215,1.00,1.00
2016.05.03 19:01:29.177,1.27205,1.27212,1.00,1.00
2016.05.03 19:01:29.381,1.27194,1.27207,1.12,2.62
2016.05.03 19:01:29.482,1.27196,1.27205,1.26,1.50
2016.05.03 19:01:29.685,1.27199,1.2721,1.20,1.00
2016.05.03 19:01:29.736,1.27201,1.27212,1.00,1.50
2016.05.03 19:01:29.838,1.27199,1.2721,1.57,1.00
2016.05.03 19:01:30.186,1.27196,1.27209,2.89,1.87
2016.05.03 19:01:33.088,1.27196,1.27207,1.69,1.82
2016.05.03 19:01:33.338,1.27193,1.27206,2.14,1.87
2016.05.03 19:01:33.998,1.27193,1.27206,2.14,1.12
2016.05.03 19:01:34.554,1.27194,1.27207,1.50,1.57
2016.05.03 19:01:35.780,1.27195,1.27207,1.19,1.57
2016.05.03 19:01:36.643,1.27194,1.27206,3.26,1.00
2016.05.03 19:01:37.154,1.27196,1.27207,1.25,1.20
2016.05.03 19:01:37.914,1.27196,1.27206,1.25,1.37
2016.05.03 19:01:38.424,1.27196,1.27206,1.25,1.00
2016.05.03 19:01:38.962,1.27194,1.27204,1.50,1.00
2016.05.03 19:01:39.267,1.27194,1.27202,1.00,1.00
2016.05.03 19:01:39.977,1.27194,1.27204,1.00,1.00
2016.05.03 19:01:40.185,1.27195,1.27208,1.01,2.25
2016.05.03 19:01:41.819,1.27195,1.27205,1.39,1.12
2016.05.03 19:01:42.327,1.27195,1.27207,1.01,1.95
2016.05.03 19:01:42.378,1.27198,1.27207,1.25,1.95
2016.05.03 19:01:42.684,1.27195,1.27207,1.01,1.57
2016.05.03 19:01:42.735,1.27195,1.27207,1.25,2.25
2016.05.03 19:01:43.242,1.27195,1.27207,1.25,1.95
2016.05.03 19:01:45.160,1.27193,1.27205,1.69,1.57
2016.05.03 19:01:45.667,1.27193,1.27204,1.69,1.07
2016.05.03 19:01:45.949,1.27193,1.27205,2.81,1.10
2016.05.03 19:01:47.718,1.27195,1.27206,1.31,1.12
2016.05.03 19:01:48.428,1.27196,1.27206,1.00,1.00
2016.05.03 19:01:49.173,1.27195,1.27206,1.69,1.00
2016.05.03 19:01:49.682,1.27195,1.27206,2.22,1.12
2016.05.03 19:01:50.232,1.27197,1.27207,2.22,1.00
2016.05.03 19:01:50.537,1.27199,1.2721,1.35,1.57
2016.05.03 19:01:52.129,1.27199,1.27209,1.19,1.12
2016.05.03 19:01:54.911,1.27199,1.27208,1.19,1.95
2016.05.03 19:01:55.746,1.27199,1.27209,1.19,1.87
2016.05.03 19:01:55.797,1.27196,1.27209,1.40,1.87
2016.05.03 19:02:00.271,1.27196,1.27207,4.17,1.00
2016.05.03 19:02:00.806,1.27197,1.2721,2.22,2.70
2016.05.03 19:02:01.321,1.27197,1.2721,1.77,1.95
2016.05.03 19:02:01.901,1.27197,1.2721,2.07,1.95
2016.05.03 19:02:02.414,1.27197,1.27209,1.69,1.47
2016.05.03 19:02:02.921,1.27197,1.27208,1.19,1.45
2016.05.03 19:02:03.466,1.27195,1.27209,2.86,2.25
2016.05.03 19:02:03.568,1.27196,1.27209,1.40,2.62
2016.05.03 19:02:06.271,1.27197,1.27209,2.06,1.07
2016.05.03 19:02:06.781,1.27198,1.2721,1.41,2.25
2016.05.03 19:02:07.422,1.27197,1.2721,1.78,2.70
2016.05.03 19:02:07.923,1.27197,1.27209,1.78,1.12
2016.05.03 19:02:10.639,1.27197,1.27209,2.15,1.12
2016.05.03 19:02:12.082,1.27197,1.27209,2.15,1.12
2016.05.03 19:02:14.889,1.27199,1.2721,1.00,1.57
2016.05.03 19:02:15.424,1.27198,1.27211,1.10,3.00
2016.05.03 19:02:18.471,1.272,1.2721,1.00,1.57
2016.05.03 19:02:18.928,1.27197,1.27209,2.06,1.87
2016.05.03 19:02:20.101,1.27195,1.27209,1.39,3.37
2016.05.03 19:02:20.254,1.27194,1.27207,1.56,1.12
2016.05.03 19:02:21.914,1.27194,1.27207,1.19,2.57
2016.05.03 19:02:22.458,1.27194,1.27207,1.56,2.20
2016.05.03 19:02:23.006,1.27194,1.27207,2.06,1.95
2016.05.03 19:02:23.471,1.27197,1.27207,1.31,1.20
2016.05.03 19:02:25.025,1.27197,1.27209,2.44,1.20
2016.05.03 19:02:26.322,1.27197,1.27209,1.19,2.70
2016.05.03 19:02:27.928,1.27197,1.27206,1.19,1.50
2016.05.03 19:02:30.533,1.27195,1.27206,1.12,1.50
2016.05.03 19:02:31.040,1.27194,1.27205,1.20,1.00
2016.05.03 19:02:33.023,1.27194,1.27206,1.95,1.10
2016.05.03 19:02:33.696,1.27194,1.27206,1.57,1.10
2016.05.03 19:02:35.291,1.27195,1.27206,1.00,1.10
2016.05.03 19:02:36.002,1.27195,1.27206,1.50,1.57
2016.05.03 19:02:39.534,1.27195,1.27207,1.12,1.45
2016.05.03 19:02:40.511,1.27195,1.27207,1.10,1.20
2016.05.03 19:02:41.190,1.27194,1.27207,1.57,1.47
2016.05.03 19:02:41.716,1.27193,1.27204,2.51,1.00
2016.05.03 19:02:42.813,1.27194,1.27204,1.10,1.00
2016.05.03 19:02:43.172,1.27195,1.27205,1.37,1.00
2016.05.03 19:02:43.584,1.27194,1.27205,1.57,1.00
2016.05.03 19:02:44.115,1.27195,1.27206,1.50,1.57
2016.05.03 19:02:45.293,1.27193,1.27206,2.89,1.20
2016.05.03 19:02:49.622,1.27194,1.27207,1.57,1.95
2016.05.03 19:02:53.149,1.27194,1.27205,1.57,1.00
2016.05.03 19:02:56.652,1.27195,1.27206,1.50,1.95
2016.05.03 19:02:59.357,1.27195,1.27206,1.00,1.47
2016.05.03 19:02:59.864,1.27195,1.27206,1.12,1.20
2016.05.03 19:03:00.371,1.27195,1.27206,1.37,1.20
2016.05.03 19:03:03.218,1.27194,1.27206,1.57,1.20
2016.05.03 19:03:03.726,1.27194,1.27206,1.87,1.07
2016.05.03 19:03:05.120,1.27194,1.27205,1.50,1.10
2016.05.03 19:03:05.627,1.27194,1.27205,1.50,1.00
2016.05.03 19:03:06.357,1.27194,1.27206,1.87,1.00
2016.05.03 19:03:07.028,1.27196,1.27206,1.00,1.00
2016.05.03 19:03:08.244,1.27195,1.27206,1.87,1.87
2016.05.03 19:03:10.194,1.27194,1.27206,1.50,1.12
2016.05.03 19:03:10.995,1.27196,1.27206,1.00,1.00
2016.05.03 19:03:11.349,1.27196,1.27207,1.50,1.00
2016.05.03 19:03:12.402,1.27196,1.27208,1.12,1.12
2016.05.03 19:03:13.606,1.27196,1.27206,1.12,1.00
2016.05.03 19:03:14.762,1.27198,1.27208,1.10,1.12
2016.05.03 19:03:15.063,1.27198,1.27208,1.10,1.50
2016.05.03 19:03:15.851,1.27198,1.27207,1.10,1.00
2016.05.03 19:03:17.260,1.27198,1.27206,1.10,1.00
2016.05.03 19:03:19.470,1.27195,1.27206,1.50,1.00
2016.05.03 19:03:19.571,1.27193,1.27205,1.10,1.00
2016.05.03 19:03:19.622,1.27193,1.27203,1.10,1.00
2016.05.03 19:03:19.775,1.27192,1.27205,2.81,1.87
2016.05.03 19:03:19.978,1.27193,1.27203,1.07,1.00
2016.05.03 19:03:20.521,1.27193,1.27203,1.45,1.00
2016.05.03 19:03:20.673,1.27192,1.27203,1.76,1.00
2016.05.03 19:03:21.180,1.27193,1.27204,1.20,1.00
2016.05.03 19:03:21.686,1.27193,1.27204,1.47,1.00
2016.05.03 19:03:21.788,1.27193,1.27204,1.75,1.00
2016.05.03 19:03:22.294,1.27193,1.27205,1.12,1.00
2016.05.03 19:03:22.346,1.27192,1.27205,3.94,1.00
2016.05.03 19:03:23.171,1.27192,1.27205,3.56,1.37
2016.05.03 19:03:23.716,1.27193,1.27203,1.10,1.00
2016.05.03 19:03:24.231,1.27192,1.27205,3.26,1.50
2016.05.03 19:03:24.762,1.27192,1.27205,3.26,1.50
2016.05.03 19:03:26.112,1.27192,1.27203,2.51,1.00
2016.05.03 19:03:27.486,1.2719,1.27202,1.56,2.25
2016.05.03 19:03:27.639,1.27187,1.27198,2.51,1.00
2016.05.03 19:03:27.690,1.27187,1.27196,1.76,1.12
2016.05.03 19:03:27.741,1.27184,1.27196,1.12,1.50
2016.05.03 19:03:27.792,1.27184,1.27193,1.12,1.00
2016.05.03 19:03:27.844,1.27182,1.27193,2.44,1.10
2016.05.03 19:03:27.895,1.27182,1.27191,1.69,1.00
2016.05.03 19:03:28.200,1.27184,1.27193,1.50,1.10
2016.05.03 19:03:28.353,1.27187,1.27194,1.00,1.00
2016.05.03 19:03:28.404,1.27187,1.27196,1.19,1.10
2016.05.03 19:03:28.607,1.2719,1.272,1.00,2.41
2016.05.03 19:03:28.885,1.27194,1.27203,1.12,1.00
2016.05.03 19:03:29.392,1.27194,1.27206,1.50,2.41
2016.05.03 19:03:30.789,1.27194,1.27206,1.12,1.91
2016.05.03 19:03:31.297,1.27194,1.27206,1.00,1.66
2016.05.03 19:03:31.469,1.27192,1.27205,1.69,1.26
2016.05.03 19:03:31.976,1.27191,1.27203,1.00,1.66
2016.05.03 19:03:32.144,1.27187,1.27202,2.25,1.36
2016.05.03 19:03:32.756,1.27187,1.27199,2.25,1.00
2016.05.03 19:03:32.908,1.27187,1.27199,1.50,1.50
2016.05.03 19:03:33.061,1.27188,1.27201,1.00,1.36
2016.05.03 19:03:33.518,1.27186,1.27198,2.25,1.50
2016.05.03 19:03:33.658,1.27186,1.27198,1.57,1.87
2016.05.03 19:03:33.810,1.27186,1.27198,1.95,1.00
2016.05.03 19:03:34.654,1.27188,1.27198,1.37,1.00
2016.05.03 19:03:34.705,1.27188,1.27203,2.62,2.41
2016.05.03 19:03:34.807,1.27191,1.27204,1.62,2.86
2016.05.03 19:03:35.113,1.27194,1.27207,1.00,2.86
2016.05.03 19:03:35.648,1.27192,1.27207,1.57,2.49
2016.05.03 19:03:37.319,1.27193,1.27206,1.10,1.74
2016.05.03 19:03:37.826,1.27194,1.27206,1.00,1.74
2016.05.03 19:03:38.080,1.27195,1.27208,1.31,2.11
2016.05.03 19:03:38.132,1.27195,1.27208,2.00,1.36
2016.05.03 19:03:38.284,1.27194,1.27206,1.10,1.16
2016.05.03 19:03:38.675,1.27195,1.27208,1.50,1.26
2016.05.03 19:03:38.726,1.27195,1.27209,1.45,2.04
2016.05.03 19:03:39.716,1.27195,1.27208,1.47,1.36
2016.05.03 19:03:40.121,1.27195,1.2721,2.70,2.49
2016.05.03 19:03:40.462,1.27195,1.2721,2.51,1.74
2016.05.03 19:03:40.616,1.27196,1.2721,1.01,1.74
2016.05.03 19:03:41.427,1.27196,1.27209,2.06,1.74
2016.05.03 19:03:42.637,1.27196,1.2721,1.01,4.29
2016.05.03 19:03:43.144,1.27196,1.27208,1.62,1.26
2016.05.03 19:03:43.246,1.27196,1.27208,1.25,1.26
2016.05.03 19:03:46.939,1.27194,1.27208,2.81,1.24
2016.05.03 19:03:47.142,1.27196,1.27208,1.25,1.24
2016.05.03 19:03:47.680,1.27196,1.27209,1.25,2.49
2016.05.03 19:03:48.187,1.27195,1.27209,2.81,1.24
2016.05.03 19:03:49.151,1.27195,1.27202,2.06,1.00
2016.05.03 19:03:49.398,1.27192,1.27202,1.00,2.86
2016.05.03 19:03:49.449,1.27192,1.27201,1.00,1.36
2016.05.03 19:03:49.501,1.27188,1.27199,1.00,1.29
2016.05.03 19:03:50.045,1.27188,1.272,1.87,1.29
2016.05.03 19:03:50.147,1.2719,1.27203,1.37,1.66
2016.05.03 19:03:50.454,1.27192,1.27203,1.47,2.41
2016.05.03 19:03:50.760,1.27191,1.27202,1.00,1.36
2016.05.03 19:03:51.031,1.27188,1.27202,2.44,1.74
2016.05.03 19:03:51.901,1.27188,1.272,1.25,1.66
2016.05.03 19:03:52.256,1.27187,1.27199,1.20,1.37
2016.05.03 19:03:52.574,1.27186,1.27198,1.00,2.11
2016.05.03 19:03:52.879,1.27192,1.27202,1.00,1.26
2016.05.03 19:03:53.338,1.27191,1.27203,2.14,1.16
2016.05.03 19:03:53.441,1.2719,1.27202,1.82,1.54
2016.05.03 19:03:53.492,1.2719,1.27202,1.00,1.74
2016.05.03 19:03:54.000,1.2719,1.272,1.12,1.00
2016.05.03 19:03:58.124,1.27188,1.272,1.95,1.66
2016.05.03 19:03:58.225,1.27186,1.27197,1.87,1.31
2016.05.03 19:03:58.277,1.27186,1.27197,1.12,2.11
2016.05.03 19:03:58.834,1.27191,1.27197,1.00,1.95
2016.05.03 19:03:58.968,1.27191,1.27202,2.62,1.50
2016.05.03 19:03:59.031,1.27192,1.27202,1.12,1.00
2016.05.03 19:03:59.562,1.27191,1.27202,3.26,1.00
2016.05.03 19:03:59.765,1.27191,1.27201,1.50,1.00
2016.05.03 19:04:00.424,1.27191,1.27201,1.50,1.46
2016.05.03 19:04:00.715,1.27189,1.27201,1.12,1.46
2016.05.03 19:04:01.781,1.27191,1.27201,1.00,1.46
2016.05.03 19:04:01.933,1.27191,1.27202,1.20,1.50
2016.05.03 19:04:01.985,1.27192,1.27202,1.62,1.12
2016.05.03 19:04:04.542,1.27191,1.27202,1.20,1.46
2016.05.03 19:04:07.480,1.27193,1.27204,1.20,1.46
2016.05.03 19:04:07.735,1.27197,1.27209,1.00,2.78
2016.05.03 19:04:07.786,1.27197,1.27209,1.37,2.03
2016.05.03 19:04:08.294,1.27198,1.2721,1.10,1.58
2016.05.03 19:04:09.633,1.272,1.2721,1.00,1.21
2016.05.03 19:04:10.864,1.27202,1.27212,1.00,1.21
2016.05.03 19:04:11.271,1.27199,1.27212,1.57,1.96
2016.05.03 19:04:11.373,1.27197,1.27211,1.95,3.46
2016.05.03 19:04:11.949,1.27197,1.2721,1.20,1.00
2016.05.03 19:04:13.115,1.27197,1.27211,1.45,2.33
2016.05.03 19:04:13.644,1.27198,1.27211,1.10,3.46
2016.05.03 19:04:15.061,1.27198,1.27211,1.29,2.33
2016.05.03 19:04:15.814,1.27202,1.27211,1.56,2.33
2016.05.03 19:04:16.121,1.27212,1.27217,1.47,1.00
2016.05.03 19:04:16.173,1.27212,1.27221,1.47,1.00
2016.05.03 19:04:16.224,1.27212,1.27225,2.32,1.37
2016.05.03 19:04:16.275,1.27213,1.27227,1.45,1.57
2016.05.03 19:04:16.725,1.27213,1.27226,1.82,1.20
2016.05.03 19:04:16.879,1.27213,1.27226,1.45,1.20
2016.05.03 19:04:17.387,1.27213,1.27226,1.10,2.32
2016.05.03 19:04:18.573,1.27213,1.27226,1.00,3.00
2016.05.03 19:04:19.894,1.27213,1.27226,1.10,2.70
2016.05.03 19:04:20.827,1.27213,1.27226,1.57,2.70
2016.05.03 19:04:21.660,1.27214,1.27226,1.00,1.87
2016.05.03 19:04:21.916,1.27214,1.27226,1.00,1.87
2016.05.03 19:04:22.425,1.27214,1.27226,1.12,2.32
2016.05.03 19:04:26.445,1.27212,1.27225,1.70,1.50
2016.05.03 19:04:27.236,1.27212,1.27225,1.39,2.20
2016.05.03 19:04:30.048,1.27212,1.27225,1.39,2.20
2016.05.03 19:04:31.366,1.27212,1.27225,1.39,2.04
2016.05.03 19:04:32.398,1.27211,1.27224,1.20,2.04
2016.05.03 19:04:32.992,1.2721,1.2722,1.87,1.50
2016.05.03 19:04:33.195,1.27203,1.27214,1.12,1.29
2016.05.03 19:04:33.246,1.27201,1.27214,2.32,2.04
2016.05.03 19:04:33.399,1.27201,1.27214,1.12,1.74
2016.05.03 19:04:33.551,1.27201,1.27214,1.12,1.74
2016.05.03 19:04:34.058,1.27201,1.27214,1.00,1.74
2016.05.03 19:04:34.576,1.27201,1.27214,1.12,2.11
2016.05.03 19:04:35.352,1.27202,1.27214,1.00,1.36
2016.05.03 19:04:35.859,1.27202,1.27214,1.00,1.26
2016.05.03 19:04:36.766,1.27202,1.27214,1.00,1.31
2016.05.03 19:04:36.818,1.27209,1.27216,1.00,2.86
2016.05.03 19:04:37.075,1.27213,1.27225,1.10,1.21
2016.05.03 19:04:37.126,1.27213,1.27226,1.57,1.54
2016.05.03 19:04:37.380,1.27213,1.27226,1.50,1.26
2016.05.03 19:04:37.941,1.27211,1.27226,2.70,2.79
2016.05.03 19:04:38.094,1.2721,1.27221,1.12,1.21
2016.05.03 19:04:38.601,1.2721,1.2722,1.00,1.00
2016.05.03 19:04:39.464,1.2721,1.27222,1.07,2.25
2016.05.03 19:04:39.515,1.2721,1.27222,1.45,1.50
2016.05.03 19:04:40.135,1.2721,1.27222,1.57,1.37
2016.05.03 19:04:40.676,1.2721,1.27222,1.00,3.16
2016.05.03 19:04:42.979,1.2721,1.27222,1.39,1.74
2016.05.03 19:04:43.843,1.2721,1.27222,1.39,1.26
2016.05.03 19:04:44.716,1.2721,1.27221,1.31,1.29
2016.05.03 19:04:46.350,1.27209,1.27218,1.19,1.12
2016.05.03 19:04:46.401,1.27206,1.27218,1.50,3.07
2016.05.03 19:04:46.503,1.27204,1.27215,1.31,1.12
2016.05.03 19:04:47.018,1.27204,1.27214,1.19,1.00
2016.05.03 19:04:48.482,1.27205,1.27217,1.25,1.50
2016.05.03 19:04:48.583,1.27207,1.27218,1.00,1.95
2016.05.03 19:04:48.635,1.27207,1.27218,1.00,1.20
2016.05.03 19:04:48.687,1.27209,1.2722,1.00,1.87
2016.05.03 19:04:48.738,1.27209,1.2722,1.19,1.50
2016.05.03 19:04:49.250,1.27209,1.27219,1.00,1.07
2016.05.03 19:04:49.751,1.27209,1.2722,1.00,1.57
2016.05.03 19:04:50.347,1.27209,1.2722,1.00,1.00
2016.05.03 19:04:51.210,1.27209,1.2722,1.00,1.95
2016.05.03 19:04:51.756,1.27209,1.2722,1.00,1.95
2016.05.03 19:04:52.001,1.2721,1.27222,1.25,1.10
2016.05.03 19:04:52.508,1.2721,1.27224,1.69,4.50
2016.05.03 19:04:54.057,1.2721,1.27224,2.51,2.32
2016.05.03 19:04:56.926,1.2721,1.27224,2.51,2.25
2016.05.03 19:04:58.930,1.2721,1.27221,2.51,1.00
2016.05.03 19:04:59.236,1.27205,1.27215,1.94,1.10
2016.05.03 19:04:59.289,1.27205,1.27215,1.00,1.47
2016.05.03 19:04:59.442,1.27208,1.27218,1.00,1.82
2016.05.03 19:04:59.494,1.27208,1.27218,1.00,1.45
2016.05.03 19:04:59.901,1.27204,1.27217,1.95,1.10
2016.05.03 19:05:00.003,1.27204,1.27217,1.95,1.85
2016.05.03 19:05:00.507,1.27205,1.27217,1.00,2.25
2016.05.03 19:05:00.862,1.27203,1.27214,1.39,1.12
2016.05.03 19:05:00.964,1.27205,1.27214,1.00,1.00
2016.05.03 19:05:01.167,1.27207,1.27219,1.00,2.32
2016.05.03 19:05:01.480,1.27204,1.27215,1.12,1.00
2016.05.03 19:05:01.805,1.27204,1.27216,1.95,1.00
2016.05.03 19:05:02.010,1.27204,1.27216,1.57,1.00
2016.05.03 19:05:02.061,1.27206,1.27216,1.00,1.00
2016.05.03 19:05:02.317,1.27204,1.27216,1.57,1.00
2016.05.03 19:05:03.455,1.27204,1.27216,1.95,1.00
2016.05.03 19:05:03.965,1.27206,1.27216,1.69,1.00
2016.05.03 19:05:04.269,1.27205,1.27214,1.19,1.00
2016.05.03 19:05:04.897,1.27204,1.27214,1.12,1.12
2016.05.03 19:05:05.869,1.27203,1.27216,1.76,1.00
2016.05.03 19:05:05.972,1.27206,1.27216,1.00,1.00
2016.05.03 19:05:06.492,1.27207,1.27219,1.00,1.50
2016.05.03 19:05:07.204,1.27208,1.27218,1.00,1.20
2016.05.03 19:05:07.306,1.27208,1.27219,1.50,1.50
2016.05.03 19:05:08.204,1.27207,1.27219,2.14,1.50
2016.05.03 19:05:08.255,1.27206,1.27218,2.06,1.20
2016.05.03 19:05:08.307,1.27206,1.27218,1.69,1.20
2016.05.03 19:05:08.763,1.27204,1.27217,2.06,1.45
2016.05.03 19:05:08.814,1.27204,1.27217,2.81,1.12
2016.05.03 19:05:09.271,1.27206,1.27218,2.44,1.57
2016.05.03 19:05:09.716,1.27204,1.27217,2.81,1.20
2016.05.03 19:05:09.818,1.27204,1.27216,1.31,1.37
2016.05.03 19:05:10.327,1.27204,1.27217,2.44,1.10
2016.05.03 19:05:10.378,1.27204,1.27215,1.69,1.00
2016.05.03 19:05:10.885,1.27204,1.27214,1.25,1.00
2016.05.03 19:05:12.525,1.2721,1.27215,1.00,1.57
2016.05.03 19:05:12.730,1.27214,1.27225,1.00,1.45
2016.05.03 19:05:13.156,1.27216,1.27224,1.00,1.12
2016.05.03 19:05:13.258,1.27213,1.27224,1.50,1.00
2016.05.03 19:05:13.461,1.27213,1.27225,1.00,1.12
2016.05.03 19:05:14.179,1.27212,1.27225,1.12,1.29
2016.05.03 19:05:14.727,1.27213,1.27224,1.00,1.87
2016.05.03 19:05:15.238,1.27212,1.27224,1.50,1.59
2016.05.03 19:05:16.223,1.27212,1.27225,1.87,2.04
2016.05.03 19:05:16.280,1.27212,1.27224,1.12,1.21
2016.05.03 19:05:17.997,1.27212,1.27226,2.25,2.11
2016.05.03 19:05:18.201,1.27214,1.27226,1.69,1.29
2016.05.03 19:05:18.608,1.27214,1.27226,2.44,1.21
2016.05.03 19:05:18.710,1.27214,1.27226,2.44,1.96
2016.05.03 19:05:19.240,1.27214,1.27226,1.69,2.04
2016.05.03 19:05:19.893,1.27216,1.27226,1.00,1.37
2016.05.03 19:05:20.401,1.27214,1.27225,1.19,1.37
2016.05.03 19:05:20.655,1.27214,1.27226,1.69,1.12
2016.05.03 19:05:20.757,1.27214,1.27226,1.69,1.75
2016.05.03 19:05:20.808,1.27214,1.27226,1.69,1.37
2016.05.03 19:05:21.326,1.27215,1.27228,1.25,1.20
2016.05.03 19:05:22.259,1.27215,1.27229,1.31,2.49
2016.05.03 19:05:24.581,1.27217,1.27229,1.00,1.74
2016.05.03 19:05:25.685,1.27215,1.27229,1.31,1.74
2016.05.03 19:05:27.479,1.27215,1.27226,1.12,1.00
2016.05.03 19:05:27.863,1.27213,1.27223,1.37,1.00
2016.05.03 19:05:27.915,1.27211,1.27223,2.89,1.00
2016.05.03 19:05:29.483,1.27213,1.27222,1.12,1.00
2016.05.03 19:05:29.534,1.27213,1.27222,1.50,1.00
2016.05.03 19:05:29.636,1.27213,1.27222,1.50,1.00
2016.05.03 19:05:29.737,1.27213,1.27223,1.87,1.00
2016.05.03 19:05:30.042,1.27213,1.27223,2.25,1.00
2016.05.03 19:05:30.094,1.27213,1.27223,2.81,1.00
2016.05.03 19:05:30.335,1.27215,1.27226,1.25,1.57
2016.05.03 19:05:30.691,1.27215,1.27228,1.31,1.36
2016.05.03 19:05:30.742,1.27215,1.27227,1.25,1.29
2016.05.03 19:05:31.300,1.27214,1.27228,1.76,2.06
2016.05.03 19:05:32.285,1.27215,1.27226,1.25,1.37
2016.05.03 19:05:32.489,1.27216,1.27227,1.00,1.10
2016.05.03 19:05:32.642,1.27216,1.27226,1.00,1.37
2016.05.03 19:05:32.886,1.27216,1.27228,1.00,1.45
2016.05.03 19:05:38.300,1.27216,1.27228,1.50,1.45
2016.05.03 19:05:38.810,1.27217,1.27226,1.00,1.00
2016.05.03 19:05:39.311,1.27217,1.27227,1.00,1.10
2016.05.03 19:05:39.820,1.27218,1.27228,1.00,1.82
2016.05.03 19:05:41.608,1.27218,1.27227,1.00,1.47
2016.05.03 19:05:42.615,1.27217,1.27227,1.00,1.47
2016.05.03 19:05:43.164,1.27217,1.27228,1.00,1.20
2016.05.03 19:05:43.266,1.27217,1.27227,1.00,1.20
2016.05.03 19:05:44.403,1.27217,1.27227,1.00,1.20
2016.05.03 19:05:44.949,1.27217,1.27228,1.00,1.95
2016.05.03 19:05:45.564,1.27216,1.27227,1.00,1.57
2016.05.03 19:05:45.921,1.27215,1.27226,1.25,1.75
2016.05.03 19:05:47.562,1.27215,1.27223,1.25,1.00
2016.05.03 19:05:48.108,1.27214,1.27225,1.31,2.70
2016.05.03 19:05:57.797,1.27215,1.27225,1.19,1.00
2016.05.03 19:06:01.437,1.27215,1.27225,1.19,1.50
2016.05.03 19:06:01.945,1.27214,1.27225,1.19,1.50
2016.05.03 19:06:03.203,1.27213,1.27221,1.20,1.00
2016.05.03 19:06:03.508,1.27208,1.27217,1.19,1.50
2016.05.03 19:06:03.559,1.27204,1.27215,2.89,1.12
2016.05.03 19:06:03.712,1.27204,1.27215,1.01,2.62
2016.05.03 19:06:03.920,1.27204,1.27215,1.39,1.50
2016.05.03 19:06:06.335,1.27203,1.27215,1.69,2.62
2016.05.03 19:06:21.213,1.27203,1.27214,1.37,1.50
2016.05.03 19:06:21.724,1.27203,1.27214,1.00,1.87
2016.05.03 19:06:23.277,1.27203,1.27214,1.00,1.87
2016.05.03 19:06:24.089,1.27203,1.27214,1.62,1.87
2016.05.03 19:06:25.385,1.27203,1.27214,1.62,1.87
2016.05.03 19:06:29.459,1.27203,1.27214,1.25,1.50
2016.05.03 19:06:32.721,1.27203,1.27214,1.19,1.50
2016.05.03 19:06:33.305,1.27203,1.27214,1.69,1.07
2016.05.03 19:06:40.106,1.27203,1.27212,1.31,1.00
2016.05.03 19:06:40.620,1.27203,1.27212,1.12,1.10
2016.05.03 19:06:41.132,1.27203,1.27214,1.31,2.25
2016.05.03 19:06:43.149,1.27205,1.27214,1.25,1.12
2016.05.03 19:06:46.294,1.27205,1.27211,1.25,1.00
2016.05.03 19:06:46.345,1.27202,1.27212,1.50,1.10
2016.05.03 19:06:46.447,1.27206,1.27212,1.25,1.07
2016.05.03 19:06:46.650,1.27203,1.27212,1.00,1.57
2016.05.03 19:06:46.701,1.27203,1.27211,1.00,1.20
2016.05.03 19:06:46.752,1.27199,1.27211,2.06,1.20
2016.05.03 19:06:46.803,1.27199,1.27211,2.44,1.07
2016.05.03 19:06:52.408,1.27199,1.27211,2.32,1.44
2016.05.03 19:06:52.944,1.27199,1.27211,2.32,1.44
2016.05.03 19:06:54.909,1.27199,1.27211,2.25,1.44
2016.05.03 19:06:56.298,1.27199,1.27211,2.25,1.82
2016.05.03 19:06:57.220,1.27199,1.27211,1.50,2.94
2016.05.03 19:07:01.942,1.272,1.27212,1.50,1.82
2016.05.03 19:07:02.145,1.27199,1.27211,1.00,1.72
2016.05.03 19:07:02.906,1.27198,1.27211,1.95,2.19
2016.05.03 19:07:03.514,1.27198,1.27211,1.95,1.82
2016.05.03 19:07:04.421,1.27198,1.27208,1.20,1.00
2016.05.03 19:07:04.727,1.27191,1.27202,1.12,1.10
2016.05.03 19:07:04.930,1.27193,1.27204,1.56,1.12
2016.05.03 19:07:04.982,1.27195,1.27205,1.00,1.44
2016.05.03 19:07:05.134,1.27192,1.27202,1.37,1.00
2016.05.03 19:07:05.288,1.27191,1.27202,1.00,1.44
2016.05.03 19:07:05.417,1.2719,1.27202,1.00,1.72
2016.05.03 19:07:05.519,1.2719,1.27202,1.10,1.37
2016.05.03 19:07:06.129,1.27189,1.27202,2.14,1.12
2016.05.03 19:07:06.671,1.27189,1.27202,1.39,1.12
2016.05.03 19:07:07.179,1.27189,1.27202,2.14,1.12
2016.05.03 19:07:07.687,1.2719,1.27202,1.10,1.12
2016.05.03 19:07:07.739,1.27189,1.27202,1.45,2.12
2016.05.03 19:07:07.927,1.27189,1.27202,1.95,1.12
2016.05.03 19:07:08.180,1.27188,1.27201,1.20,1.12
2016.05.03 19:07:08.434,1.2719,1.27203,1.37,1.07
2016.05.03 19:07:08.739,1.27192,1.27205,1.87,1.82
2016.05.03 19:07:09.345,1.27194,1.27207,1.01,1.74
2016.05.03 19:07:09.404,1.27193,1.27207,1.64,2.12
2016.05.03 19:07:09.911,1.27194,1.27207,1.01,1.30
2016.05.03 19:07:10.418,1.27196,1.27207,1.00,1.30
2016.05.03 19:07:11.150,1.27195,1.27209,2.25,1.07
2016.05.03 19:07:11.556,1.27195,1.2721,2.81,2.49
2016.05.03 19:07:12.076,1.27197,1.2721,1.19,3.24
2016.05.03 19:07:12.427,1.27197,1.27208,1.00,1.12
2016.05.03 19:07:13.379,1.27197,1.27209,1.12,1.74
2016.05.03 19:07:13.482,1.27196,1.27209,1.37,2.12
2016.05.03 19:07:13.533,1.27196,1.27209,1.75,1.74
2016.05.03 19:07:13.635,1.27197,1.27209,1.00,2.12
2016.05.03 19:07:16.186,1.27197,1.27211,1.50,1.99
2016.05.03 19:07:16.441,1.27206,1.27211,1.00,1.37
2016.05.03 19:07:16.594,1.27213,1.27219,1.37,1.00
2016.05.03 19:07:16.646,1.27213,1.2722,1.12,1.10
2016.05.03 19:07:16.952,1.27211,1.27218,1.50,1.00
2016.05.03 19:07:17.287,1.27214,1.2722,1.37,1.00
2016.05.03 19:07:17.390,1.27209,1.27214,1.69,1.00
2016.05.03 19:07:17.898,1.27209,1.27215,1.19,1.00
2016.05.03 19:07:20.021,1.27209,1.27214,1.19,1.00
2016.05.03 19:07:20.123,1.27206,1.27214,2.06,1.00
2016.05.03 19:07:20.225,1.27206,1.27214,1.25,1.00
2016.05.03 19:07:20.809,1.27206,1.27215,1.25,1.00
2016.05.03 19:07:21.317,1.27206,1.27215,1.69,1.50
2016.05.03 19:07:22.468,1.27206,1.27216,1.69,1.12
2016.05.03 19:07:23.647,1.2721,1.27216,1.19,1.12
2016.05.03 19:07:24.055,1.2721,1.27219,1.19,1.57
2016.05.03 19:07:25.946,1.2721,1.27217,1.19,1.00
2016.05.03 19:07:26.048,1.27211,1.27221,1.00,1.20
2016.05.03 19:07:26.201,1.27214,1.27221,1.00,1.00
2016.05.03 19:07:27.352,1.27214,1.2722,1.00,1.00
2016.05.03 19:07:27.505,1.2721,1.27217,1.00,1.00
2016.05.03 19:07:27.556,1.2721,1.27215,1.00,1.10
2016.05.03 19:07:27.607,1.27204,1.27215,1.39,1.10
2016.05.03 19:07:27.709,1.27206,1.27215,1.00,1.10
2016.05.03 19:07:27.863,1.27204,1.27217,1.76,1.10
2016.05.03 19:07:28.205,1.27206,1.27217,1.87,1.00
2016.05.03 19:07:28.510,1.27206,1.27217,1.50,1.00
2016.05.03 19:07:29.024,1.27207,1.27217,1.00,1.00
2016.05.03 19:07:29.278,1.27208,1.27219,1.56,1.10
2016.05.03 19:07:29.605,1.27209,1.27219,2.81,1.00
2016.05.03 19:07:30.115,1.2721,1.2722,1.56,1.00
2016.05.03 19:07:30.875,1.2721,1.2722,2.06,1.10
2016.05.03 19:07:30.977,1.27211,1.2722,1.25,1.00
2016.05.03 19:07:31.618,1.27211,1.27222,1.31,1.00
2016.05.03 19:07:32.127,1.27213,1.27222,1.37,1.00
2016.05.03 19:07:32.381,1.27213,1.27222,1.00,1.00
2016.05.03 19:07:32.483,1.27213,1.27222,1.37,1.00
2016.05.03 19:07:32.635,1.27212,1.27222,1.50,1.00
2016.05.03 19:07:40.208,1.27212,1.27222,1.87,1.00
2016.05.03 19:07:40.751,1.27212,1.27221,1.37,1.10
2016.05.03 19:07:41.360,1.27212,1.2722,1.37,1.00
2016.05.03 19:07:43.205,1.27212,1.2722,1.00,1.00
2016.05.03 19:07:43.763,1.2721,1.27218,1.47,1.00
2016.05.03 19:07:43.815,1.2721,1.27218,1.00,1.00
2016.05.03 19:07:43.961,1.27206,1.27215,1.95,1.00
2016.05.03 19:07:44.165,1.27208,1.27218,1.00,1.10
2016.05.03 19:07:44.317,1.27209,1.27218,2.25,1.00
2016.05.03 19:07:44.369,1.2721,1.2722,1.12,1.00
2016.05.03 19:07:44.572,1.27209,1.27218,1.12,1.00
2016.05.03 19:07:44.674,1.27208,1.27218,1.69,1.00
2016.05.03 19:07:45.332,1.2721,1.27218,1.00,1.00
2016.05.03 19:07:45.383,1.2721,1.27221,1.00,1.10
2016.05.03 19:07:45.897,1.27211,1.27221,1.25,1.00
2016.05.03 19:07:46.868,1.27211,1.27222,2.44,1.00
2016.05.03 19:07:47.977,1.27211,1.27221,1.69,1.00
2016.05.03 19:07:48.129,1.27211,1.27221,2.06,1.00
2016.05.03 19:07:48.281,1.27211,1.27221,1.25,1.00
2016.05.03 19:07:48.637,1.2721,1.27221,1.94,1.00
2016.05.03 19:07:48.738,1.2721,1.27221,1.69,1.00
2016.05.03 19:07:49.191,1.27213,1.27223,1.37,1.07
2016.05.03 19:07:49.699,1.27214,1.27223,1.00,1.00
2016.05.03 19:07:50.517,1.27214,1.27224,1.00,1.00
2016.05.03 19:07:50.822,1.27212,1.27217,1.25,1.00
2016.05.03 19:07:50.976,1.27206,1.27216,1.56,1.00
2016.05.03 19:07:51.182,1.27205,1.27213,1.20,1.00
2016.05.03 19:07:51.335,1.27201,1.27211,1.29,1.00
2016.05.03 19:07:51.487,1.272,1.27211,1.00,1.00
2016.05.03 19:07:52.004,1.272,1.27211,1.69,1.00
2016.05.03 19:07:52.663,1.27202,1.27213,2.06,1.10
2016.05.03 19:07:52.816,1.27206,1.27213,1.00,1.00
2016.05.03 19:07:52.868,1.27208,1.27218,1.00,1.95
2016.05.03 19:07:52.970,1.27209,1.2722,1.00,1.10
2016.05.03 19:07:53.520,1.27208,1.2722,2.14,1.00
2016.05.03 19:07:54.027,1.27211,1.27222,1.00,1.57
2016.05.03 19:07:54.281,1.27211,1.27219,1.00,1.00
2016.05.03 19:07:54.890,1.27211,1.27221,1.25,1.00
2016.05.03 19:07:55.396,1.27212,1.27222,1.00,1.12
2016.05.03 19:07:55.904,1.27211,1.27219,1.00,1.00
2016.05.03 19:07:56.159,1.27209,1.27219,1.25,1.00
2016.05.03 19:07:56.262,1.27207,1.27215,1.64,1.00
2016.05.03 19:07:56.449,1.27205,1.27215,1.57,1.00
2016.05.03 19:07:56.501,1.27205,1.27218,2.32,1.50
2016.05.03 19:07:56.704,1.27205,1.27215,1.57,1.00
2016.05.03 19:07:56.807,1.27206,1.27217,1.57,1.00
2016.05.03 19:07:57.314,1.27207,1.27218,1.00,1.12
2016.05.03 19:07:57.770,1.27207,1.27216,1.57,1.00
2016.05.03 19:07:58.074,1.2721,1.2722,1.00,1.50
2016.05.03 19:07:58.236,1.27208,1.2722,1.76,1.00
2016.05.03 19:07:58.288,1.27207,1.27218,1.76,1.00
2016.05.03 19:07:58.949,1.2721,1.2722,1.12,1.12
2016.05.03 19:07:59.254,1.27207,1.27218,1.69,1.12
2016.05.03 19:07:59.757,1.27207,1.27218,2.51,1.00
2016.05.03 19:08:00.266,1.27209,1.2722,1.00,1.57
2016.05.03 19:08:00.471,1.27211,1.27222,1.12,1.20
2016.05.03 19:08:00.917,1.27209,1.27218,1.00,1.00
2016.05.03 19:08:01.426,1.27207,1.27218,1.39,1.00
2016.05.03 19:08:01.934,1.27209,1.27218,1.00,1.00
2016.05.03 19:08:02.250,1.2721,1.2722,1.00,1.00
2016.05.03 19:08:03.113,1.27209,1.2722,3.00,1.00
2016.05.03 19:08:03.620,1.27212,1.2722,1.00,1.00
2016.05.03 19:08:04.724,1.27211,1.27223,1.31,1.45
2016.05.03 19:08:04.877,1.27211,1.27223,2.06,1.00
2016.05.03 19:08:05.485,1.27212,1.27223,1.69,1.00
2016.05.03 19:08:06.044,1.27212,1.27222,1.25,1.00
2016.05.03 19:08:06.551,1.27211,1.27222,1.31,1.07
2016.05.03 19:08:07.506,1.27212,1.27224,1.25,2.70
2016.05.03 19:08:08.014,1.27212,1.27221,1.69,1.00
2016.05.03 19:08:08.320,1.27213,1.27223,1.37,1.07
2016.05.03 19:08:08.830,1.27212,1.27223,2.81,1.10
2016.05.03 19:08:09.571,1.27212,1.27223,3.56,1.07
2016.05.03 19:08:09.876,1.27212,1.27223,3.19,1.07
2016.05.03 19:08:10.672,1.27212,1.27224,2.06,1.07
2016.05.03 19:08:11.173,1.27212,1.27224,1.31,1.07
2016.05.03 19:08:11.275,1.27212,1.27224,1.69,1.07
2016.05.03 19:08:11.327,1.27212,1.27224,2.14,1.10
2016.05.03 19:08:11.480,1.27212,1.27224,2.51,1.10
2016.05.03 19:08:12.296,1.27213,1.27224,1.37,1.10
2016.05.03 19:08:12.905,1.27213,1.27224,1.50,1.10
2016.05.03 19:08:13.412,1.27213,1.27224,2.25,1.10
2016.05.03 19:08:13.957,1.27213,1.27224,1.87,1.20
2016.05.03 19:08:14.365,1.27213,1.27222,1.00,1.00
2016.05.03 19:08:14.670,1.27213,1.27225,1.50,1.57
2016.05.03 19:08:15.184,1.27212,1.27225,2.51,1.95
2016.05.03 19:08:15.381,1.27212,1.27222,1.69,1.00
2016.05.03 19:08:16.192,1.27212,1.27222,1.69,1.00
2016.05.03 19:08:16.705,1.27212,1.27223,2.81,1.00
2016.05.03 19:08:17.689,1.27212,1.27223,2.06,1.00
2016.05.03 19:08:18.324,1.27212,1.27223,2.44,1.00
2016.05.03 19:08:20.193,1.27212,1.27223,1.00,2.25
2016.05.03 19:08:20.296,1.2721,1.27221,1.20,1.50
2016.05.03 19:08:20.602,1.27202,1.27214,2.06,1.12
2016.05.03 19:08:20.755,1.27203,1.27216,1.95,1.95
2016.05.03 19:08:21.110,1.27206,1.27217,1.57,1.00
2016.05.03 19:08:21.631,1.27207,1.27217,1.50,1.00
2016.05.03 19:08:22.188,1.27207,1.27219,1.29,1.20
2016.05.03 19:08:23.798,1.27209,1.2722,1.12,1.57
2016.05.03 19:08:24.307,1.27209,1.2722,1.12,1.12
2016.05.03 19:08:25.947,1.27211,1.2722,1.00,1.00
2016.05.03 19:08:26.099,1.27211,1.27222,1.00,1.57
2016.05.03 19:08:26.985,1.27211,1.27224,2.44,1.57
2016.05.03 19:08:28.508,1.2721,1.27221,1.76,1.12
2016.05.03 19:08:28.712,1.27209,1.2722,1.00,1.00
2016.05.03 19:08:28.814,1.27209,1.27221,1.50,1.85
2016.05.03 19:08:28.966,1.27209,1.2722,1.12,1.87
2016.05.03 19:08:29.119,1.27207,1.27219,2.14,1.37
2016.05.03 19:08:29.223,1.27206,1.27218,1.07,1.00
2016.05.03 19:08:29.730,1.27206,1.27218,1.20,1.37
2016.05.03 19:08:29.883,1.27208,1.27219,1.00,1.87
2016.05.03 19:08:30.420,1.27209,1.27219,1.00,1.87
2016.05.03 19:08:30.827,1.27209,1.27219,1.00,1.00
2016.05.03 19:08:31.376,1.27209,1.2722,1.00,1.20
2016.05.03 19:08:33.407,1.27209,1.27219,1.00,1.00
2016.05.03 19:08:35.400,1.27209,1.27222,1.50,1.95
2016.05.03 19:08:35.949,1.27209,1.27219,1.00,1.00
2016.05.03 19:08:36.608,1.27209,1.27222,1.50,1.95
2016.05.03 19:08:37.141,1.27209,1.27221,1.57,1.12
2016.05.03 19:08:37.720,1.27209,1.27221,1.00,1.87
2016.05.03 19:08:37.872,1.27209,1.27221,1.00,1.50
2016.05.03 19:08:39.139,1.27208,1.27218,1.01,1.37
2016.05.03 19:08:39.431,1.27198,1.2721,1.50,1.00
2016.05.03 19:08:39.939,1.27197,1.27209,3.56,1.00
2016.05.03 19:08:40.597,1.27198,1.27209,1.00,1.10
2016.05.03 19:08:41.104,1.27197,1.27209,3.56,1.00
2016.05.03 19:08:41.607,1.272,1.27209,1.00,1.10
2016.05.03 19:08:42.263,1.27199,1.27208,1.00,1.75
2016.05.03 19:08:42.518,1.27196,1.27207,1.12,1.50
2016.05.03 19:08:42.670,1.27195,1.27206,1.01,1.12
2016.05.03 19:08:43.177,1.27195,1.27207,1.76,2.25
2016.05.03 19:08:43.714,1.27196,1.27208,1.00,3.75
2016.05.03 19:08:43.920,1.27197,1.27203,1.00,1.00
2016.05.03 19:08:44.023,1.27193,1.27203,2.25,1.00
2016.05.03 19:08:44.125,1.27192,1.27202,2.06,1.00
2016.05.03 19:08:44.328,1.27191,1.27201,1.10,1.00
2016.05.03 19:08:44.785,1.2719,1.27202,2.62,1.50
2016.05.03 19:08:45.439,1.2719,1.27202,2.62,1.00
2016.05.03 19:08:45.948,1.2719,1.27203,2.62,1.87
2016.05.03 19:08:46.488,1.27192,1.27203,1.45,2.25
2016.05.03 19:08:46.834,1.27191,1.27199,1.50,1.50
2016.05.03 19:08:46.989,1.27187,1.27199,1.10,3.07
2016.05.03 19:08:47.091,1.27185,1.27199,1.50,3.45
2016.05.03 19:08:47.244,1.27185,1.27197,1.00,1.87
2016.05.03 19:08:47.296,1.27182,1.27195,3.26,1.95
2016.05.03 19:08:47.397,1.27184,1.27195,1.00,1.95
2016.05.03 19:08:47.601,1.27182,1.27194,1.31,1.57
2016.05.03 19:08:48.341,1.27182,1.27194,1.62,1.57
2016.05.03 19:08:48.890,1.27184,1.27194,1.00,1.12
2016.05.03 19:08:49.245,1.27184,1.27195,1.00,1.95
2016.05.03 19:08:49.348,1.27183,1.27194,1.00,1.20
2016.05.03 19:08:49.450,1.27183,1.27194,1.00,1.47
2016.05.03 19:08:50.045,1.27183,1.27193,1.00,1.75
2016.05.03 19:08:50.351,1.27177,1.27187,1.37,2.12
2016.05.03 19:08:50.403,1.27175,1.27188,1.70,1.47
2016.05.03 19:08:50.454,1.27175,1.27184,1.95,1.00
2016.05.03 19:08:50.759,1.27176,1.27185,2.14,1.00
2016.05.03 19:08:51.605,1.27176,1.27185,1.31,1.87
2016.05.03 19:08:51.707,1.27174,1.27184,1.12,1.75
2016.05.03 19:08:51.809,1.27172,1.27184,1.12,2.62
2016.05.03 19:08:51.962,1.27172,1.27179,1.50,1.25
2016.05.03 19:08:52.470,1.27172,1.27179,1.10,1.25
2016.05.03 19:08:52.819,1.27182,1.27186,1.00,1.31
2016.05.03 19:08:52.870,1.27182,1.2719,1.00,1.26
2016.05.03 19:08:53.632,1.27179,1.2719,1.50,1.19
2016.05.03 19:08:53.784,1.27178,1.27188,1.50,1.31
2016.05.03 19:08:54.089,1.27178,1.27189,1.50,1.29
2016.05.03 19:08:54.597,1.27179,1.27189,1.00,1.29
2016.05.03 19:08:55.105,1.2718,1.2719,1.00,1.39
2016.05.03 19:08:55.647,1.27179,1.2719,1.00,1.20
2016.05.03 19:08:56.156,1.27178,1.27188,1.00,1.00
2016.05.03 19:08:56.866,1.27178,1.27189,1.00,1.47
2016.05.03 19:08:57.410,1.27178,1.2719,1.00,1.20
2016.05.03 19:08:57.816,1.27175,1.27188,1.57,1.19
2016.05.03 19:08:57.867,1.2718,1.27187,1.00,1.01
2016.05.03 19:08:58.020,1.2718,1.27186,1.00,1.00
2016.05.03 19:08:58.071,1.27178,1.27189,1.50,1.20
2016.05.03 19:08:58.123,1.27178,1.27191,1.50,1.20
2016.05.03 19:08:59.473,1.27178,1.2719,1.50,1.20
2016.05.03 19:08:59.817,1.27181,1.2719,1.00,1.00
2016.05.03 19:09:00.071,1.27181,1.27192,1.00,1.00
2016.05.03 19:09:00.173,1.27181,1.27192,1.00,1.37
2016.05.03 19:09:00.680,1.27181,1.27193,1.00,2.00
2016.05.03 19:09:00.984,1.27181,1.27192,1.57,1.12
2016.05.03 19:09:02.988,1.27182,1.27191,1.00,1.00
2016.05.03 19:09:03.803,1.27182,1.27193,1.00,1.01
2016.05.03 19:09:04.643,1.27182,1.27193,1.00,1.01
2016.05.03 19:09:04.796,1.27182,1.27193,1.00,1.39
2016.05.03 19:09:07.776,1.27182,1.27193,1.50,1.00
2016.05.03 19:09:07.929,1.27184,1.27195,1.00,2.19
2016.05.03 19:09:08.436,1.27184,1.27194,1.00,1.12
2016.05.03 19:09:12.193,1.27184,1.27195,1.00,1.20
2016.05.03 19:09:12.841,1.27187,1.27194,1.00,1.07
2016.05.03 19:09:12.943,1.27188,1.27198,1.00,1.39
2016.05.03 19:09:13.046,1.27188,1.27199,1.12,1.39
2016.05.03 19:09:13.199,1.27187,1.27198,1.00,3.82
2016.05.03 19:09:13.251,1.27184,1.27195,1.50,1.47
2016.05.03 19:09:13.302,1.27184,1.27195,1.50,1.10
2016.05.03 19:09:14.156,1.27184,1.27198,1.00,3.32
2016.05.03 19:09:14.511,1.27184,1.27196,1.00,1.37
2016.05.03 19:09:15.177,1.27186,1.27196,1.00,1.12
2016.05.03 19:09:16.210,1.27191,1.27195,1.00,1.50
2016.05.03 19:09:16.465,1.27197,1.27208,2.25,1.19
2016.05.03 19:09:16.516,1.27198,1.2721,1.45,2.25
2016.05.03 19:09:16.789,1.27198,1.2721,1.07,1.50
2016.05.03 19:09:17.702,1.27199,1.27211,1.00,1.50
2016.05.03 19:09:19.520,1.27199,1.27211,1.00,1.57
2016.05.03 19:09:20.027,1.272,1.27211,1.00,1.50
2016.05.03 19:09:20.575,1.27199,1.27212,1.00,1.20
2016.05.03 19:09:22.584,1.27201,1.27212,1.00,1.20
2016.05.03 19:09:23.598,1.27201,1.27213,1.00,1.20
2016.05.03 19:09:24.142,1.27201,1.2721,1.25,1.00
2016.05.03 19:09:24.649,1.27201,1.27213,1.25,1.95
2016.05.03 19:09:25.156,1.27201,1.27212,1.25,1.20
2016.05.03 19:09:26.848,1.27201,1.27211,1.25,1.00
2016.05.03 19:09:27.000,1.27199,1.2721,1.00,1.10
2016.05.03 19:09:27.544,1.27199,1.27211,1.00,1.95
2016.05.03 19:09:28.101,1.27199,1.27211,1.12,1.45
2016.05.03 19:09:28.308,1.27199,1.2721,1.00,1.20
2016.05.03 19:09:28.410,1.27199,1.27211,1.12,1.45
2016.05.03 19:09:29.137,1.272,1.27211,1.00,1.57
2016.05.03 19:09:31.079,1.272,1.27209,1.00,1.00
2016.05.03 19:09:31.587,1.272,1.27211,1.00,1.57
2016.05.03 19:09:33.959,1.272,1.27211,1.00,1.95
2016.05.03 19:09:34.333,1.27199,1.27211,1.37,1.20
2016.05.03 19:09:34.840,1.27199,1.27211,1.12,1.47
2016.05.03 19:09:39.164,1.27199,1.2721,1.37,1.00
2016.05.03 19:09:39.687,1.27199,1.2721,1.00,1.00
2016.05.03 19:09:40.202,1.27199,1.27211,1.00,1.20
2016.05.03 19:09:40.557,1.27199,1.27211,1.00,1.57
2016.05.03 19:09:41.072,1.27199,1.27211,1.00,1.57
2016.05.03 19:09:41.577,1.27198,1.27209,1.12,1.12
2016.05.03 19:09:42.743,1.272,1.2721,1.00,1.87
2016.05.03 19:09:42.845,1.272,1.2721,1.00,1.12
2016.05.03 19:09:43.359,1.272,1.2721,1.00,1.37
2016.05.03 19:09:43.864,1.272,1.2721,1.00,1.00
2016.05.03 19:09:45.707,1.272,1.2721,1.00,1.07
2016.05.03 19:09:46.163,1.27201,1.27212,1.00,1.10
2016.05.03 19:09:46.670,1.272,1.27211,1.25,1.50
2016.05.03 19:09:50.292,1.27199,1.27209,1.00,1.00
2016.05.03 19:09:50.799,1.27198,1.27209,1.50,1.20
2016.05.03 19:09:51.450,1.27198,1.27208,1.12,1.00
2016.05.03 19:09:52.568,1.27198,1.2721,1.50,1.07
2016.05.03 19:09:53.100,1.27198,1.2721,1.00,1.50
2016.05.03 19:09:53.602,1.27198,1.2721,1.00,1.37
2016.05.03 19:09:54.110,1.27201,1.2721,1.00,1.00
2016.05.03 19:09:54.769,1.27198,1.2721,1.87,1.00
2016.05.03 19:09:55.073,1.27198,1.2721,1.00,1.50
2016.05.03 19:09:55.575,1.27198,1.2721,1.50,1.12
2016.05.03 19:09:55.678,1.27198,1.2721,1.12,1.37
2016.05.03 19:09:57.390,1.27198,1.27211,2.25,1.57
2016.05.03 19:09:58.271,1.272,1.2721,1.00,1.12
2016.05.03 19:10:03.097,1.27199,1.27211,1.12,1.57
2016.05.03 19:10:03.275,1.27197,1.27208,2.14,1.00
2016.05.03 19:10:03.479,1.27196,1.27208,1.31,1.50
2016.05.03 19:10:03.986,1.27197,1.27208,1.25,1.95
2016.05.03 19:10:04.493,1.27197,1.27209,1.25,1.20
2016.05.03 19:10:05.674,1.27198,1.2721,1.00,1.57
2016.05.03 19:10:06.630,1.27198,1.2721,1.00,1.57
2016.05.03 19:10:06.783,1.27197,1.27208,1.69,1.00
2016.05.03 19:10:07.919,1.27197,1.2721,1.69,1.47
2016.05.03 19:10:08.523,1.27197,1.2721,1.69,1.95
2016.05.03 19:10:10.374,1.27198,1.2721,1.00,1.95
2016.05.03 19:10:10.890,1.27198,1.2721,1.00,1.57
2016.05.03 19:10:11.400,1.27198,1.2721,1.00,1.95
2016.05.03 19:10:14.390,1.27198,1.2721,1.00,1.57
2016.05.03 19:10:14.492,1.27198,1.2721,1.00,1.95
2016.05.03 19:10:15.368,1.272,1.2721,1.00,1.95
2016.05.03 19:10:15.532,1.272,1.2721,1.00,1.20
2016.05.03 19:10:16.356,1.272,1.2721,1.00,1.57
2016.05.03 19:10:16.893,1.272,1.2721,1.00,1.95
2016.05.03 19:10:18.339,1.272,1.27209,1.00,1.50
2016.05.03 19:10:21.487,1.27199,1.2721,1.00,1.57
2016.05.03 19:10:22.028,1.27199,1.2721,1.00,1.20
2016.05.03 19:10:22.948,1.27199,1.2721,1.00,1.95
2016.05.03 19:10:24.107,1.27196,1.27207,1.69,1.47
2016.05.03 19:10:24.614,1.27196,1.27207,2.44,1.10
2016.05.03 19:10:25.103,1.27196,1.27205,1.69,1.00
2016.05.03 19:10:25.245,1.27193,1.27205,1.87,1.57
2016.05.03 19:10:25.347,1.27193,1.27204,1.50,1.07
2016.05.03 19:10:25.554,1.27193,1.27205,1.50,1.57
2016.05.03 19:10:26.467,1.27194,1.27205,1.00,1.12
2016.05.03 19:10:27.009,1.27194,1.27204,1.62,1.00
2016.05.03 19:10:30.232,1.27193,1.27202,1.95,1.00
2016.05.03 19:10:30.436,1.27186,1.27195,1.10,1.00
2016.05.03 19:10:30.589,1.27183,1.27191,2.14,1.00
2016.05.03 19:10:30.742,1.2718,1.27191,2.44,1.58
2016.05.03 19:10:34.035,1.2718,1.27192,1.50,1.96
2016.05.03 19:10:34.934,1.2718,1.27192,1.50,1.96
2016.05.03 19:10:35.239,1.2718,1.27192,1.69,1.58
2016.05.03 19:10:35.746,1.2718,1.27192,1.50,1.58
2016.05.03 19:10:36.532,1.2718,1.27192,1.50,1.96
2016.05.03 19:10:40.144,1.2718,1.2719,1.00,2.71
2016.05.03 19:10:41.222,1.2718,1.2719,1.00,1.96
2016.05.03 19:10:43.307,1.27178,1.27189,1.01,1.46
2016.05.03 19:10:43.460,1.27176,1.27188,1.57,1.66
2016.05.03 19:10:44.038,1.27177,1.27188,1.00,1.64
2016.05.03 19:10:44.552,1.27177,1.27188,1.19,1.64
2016.05.03 19:10:45.058,1.27177,1.27189,1.19,3.24
2016.05.03 19:10:46.146,1.27178,1.27189,1.25,1.36
2016.05.03 19:10:46.665,1.27176,1.2719,2.51,1.74
2016.05.03 19:10:47.137,1.27176,1.27186,2.32,1.21
2016.05.03 19:10:47.464,1.27169,1.27183,2.89,1.54
2016.05.03 19:10:49.363,1.27168,1.27182,1.37,1.61
2016.05.03 19:10:50.173,1.27168,1.27182,1.87,2.11
2016.05.03 19:10:51.139,1.27168,1.27181,1.87,1.26
2016.05.03 19:10:54.803,1.27168,1.27177,1.37,1.21
2016.05.03 19:10:54.905,1.27166,1.2718,1.57,2.04
2016.05.03 19:10:55.058,1.27168,1.2718,1.00,2.11
2016.05.03 19:10:55.576,1.27169,1.27181,1.00,3.91
2016.05.03 19:10:56.290,1.27168,1.27181,1.87,3.61
2016.05.03 19:10:56.504,1.2717,1.27181,1.00,2.86
2016.05.03 19:10:57.049,1.27169,1.27181,1.00,2.86
2016.05.03 19:10:57.556,1.2717,1.27181,1.00,2.49
2016.05.03 19:10:58.297,1.27169,1.27181,1.00,2.49
2016.05.03 19:10:58.598,1.27165,1.27177,1.87,1.00
2016.05.03 19:10:58.813,1.27164,1.27176,1.00,1.00
2016.05.03 19:10:58.915,1.27165,1.27179,1.57,1.99
2016.05.03 19:10:59.220,1.27168,1.27179,1.00,1.99
2016.05.03 19:10:59.727,1.27167,1.27179,1.50,1.36
2016.05.03 19:11:01.662,1.27166,1.27175,1.87,1.46
2016.05.03 19:11:01.966,1.27164,1.27174,1.10,1.58
2016.05.03 19:11:02.374,1.27164,1.27171,1.87,1.00
2016.05.03 19:11:02.565,1.27164,1.27173,1.50,1.00
2016.05.03 19:11:02.820,1.27166,1.27179,1.50,2.41
2016.05.03 19:11:02.872,1.27166,1.2718,2.25,2.33
2016.05.03 19:11:03.394,1.27165,1.27178,1.10,1.21
2016.05.03 19:11:04.025,1.27165,1.27178,1.37,1.66
2016.05.03 19:11:04.548,1.27166,1.27179,1.12,1.53
2016.05.03 19:11:06.221,1.27165,1.27179,1.56,1.57
2016.05.03 19:11:06.526,1.27162,1.27173,1.39,1.50
2016.05.03 19:11:07.859,1.27162,1.27171,1.39,1.00
2016.05.03 19:11:09.544,1.27162,1.27174,2.14,1.00
2016.05.03 19:11:09.596,1.27163,1.27177,1.69,1.50
2016.05.03 19:11:10.106,1.27165,1.27178,1.10,1.50
2016.05.03 19:11:11.503,1.27165,1.27179,1.57,1.10
2016.05.03 19:11:12.219,1.27164,1.27179,3.64,1.85
2016.05.03 19:11:12.524,1.27166,1.2718,1.69,2.94
2016.05.03 19:11:14.952,1.27169,1.2718,1.00,1.74
2016.05.03 19:11:15.460,1.27166,1.2718,1.76,2.04
2016.05.03 19:11:16.500,1.27166,1.2718,1.76,2.11
2016.05.03 19:11:16.805,1.27165,1.27176,1.22,2.25
2016.05.03 19:11:16.856,1.27165,1.27176,1.22,1.87
2016.05.03 19:11:16.958,1.27167,1.27178,1.31,1.54
2016.05.03 19:11:17.247,1.27166,1.27179,1.31,1.29
2016.05.03 19:11:17.921,1.27166,1.27179,1.39,1.66
2016.05.03 19:11:20.004,1.27167,1.27179,1.56,1.26
2016.05.03 19:11:20.549,1.27167,1.2718,1.31,1.57
2016.05.03 19:11:21.081,1.27167,1.2718,2.06,2.32
2016.05.03 19:11:21.588,1.27169,1.2718,1.00,1.20
2016.05.03 19:11:22.179,1.27168,1.2718,1.69,1.20
2016.05.03 19:11:22.897,1.27169,1.2718,1.00,1.20
2016.05.03 19:11:23.437,1.27168,1.27179,1.25,1.45
2016.05.03 19:11:24.686,1.27164,1.27175,2.14,1.50
2016.05.03 19:11:24.990,1.27163,1.27173,1.60,1.00
2016.05.03 19:11:25.295,1.27162,1.2717,1.37,1.00
2016.05.03 19:11:25.346,1.27161,1.2717,1.01,1.00
2016.05.03 19:11:25.589,1.27159,1.27171,1.00,2.25
2016.05.03 19:11:26.097,1.27159,1.27171,1.00,1.87
2016.05.03 19:11:26.454,1.2716,1.2717,1.12,1.00
2016.05.03 19:11:26.556,1.27159,1.2717,1.12,1.00
2016.05.03 19:11:30.565,1.27159,1.27167,1.12,1.00
2016.05.03 19:11:30.718,1.27156,1.27167,3.94,1.00
2016.05.03 19:11:31.123,1.27154,1.27165,2.25,1.00
2016.05.03 19:11:31.356,1.27152,1.27165,1.87,2.32
2016.05.03 19:11:31.864,1.27152,1.27165,1.87,1.57
2016.05.03 19:11:32.269,1.27155,1.27166,1.50,2.62
2016.05.03 19:11:32.574,1.27165,1.27177,1.00,1.75
2016.05.03 19:11:32.879,1.27166,1.27177,1.00,1.00
2016.05.03 19:11:33.408,1.27166,1.2718,1.00,2.73
2016.05.03 19:11:35.010,1.27167,1.2718,1.25,1.57
2016.05.03 19:11:35.163,1.27169,1.2718,1.00,1.10
2016.05.03 19:11:35.468,1.27169,1.27182,1.57,1.00
2016.05.03 19:11:35.976,1.27168,1.27182,1.87,1.36
2016.05.03 19:11:36.498,1.27169,1.27182,1.20,1.12
2016.05.03 19:11:37.012,1.27169,1.27182,1.10,1.50
2016.05.03 19:11:37.723,1.27167,1.27182,2.51,1.74
2016.05.03 19:11:38.380,1.27167,1.27181,1.76,2.41
2016.05.03 19:11:40.242,1.27169,1.27181,1.00,1.36
2016.05.03 19:11:40.395,1.27171,1.27182,1.20,1.00
2016.05.03 19:11:41.807,1.27167,1.27181,3.56,2.79
2016.05.03 19:11:45.432,1.27167,1.27181,3.26,2.04
2016.05.03 19:11:47.919,1.2717,1.27181,1.00,2.04
2016.05.03 19:11:48.539,1.2717,1.27182,1.00,2.41
2016.05.03 19:11:49.142,1.27172,1.2718,1.00,1.00
2016.05.03 19:11:49.193,1.27172,1.27184,1.12,1.56
2016.05.03 19:11:49.498,1.27174,1.27186,1.00,2.41
2016.05.03 19:11:50.209,1.27175,1.27186,1.00,1.74
2016.05.03 19:11:50.362,1.27175,1.27188,1.12,2.49
2016.05.03 19:11:50.535,1.27174,1.27179,1.69,1.00
2016.05.03 19:11:50.637,1.27171,1.27178,1.07,1.00
2016.05.03 19:11:50.688,1.27168,1.27178,2.06,1.37
2016.05.03 19:11:50.841,1.27168,1.27178,1.19,1.37
2016.05.03 19:11:50.892,1.27168,1.27179,1.19,1.50
2016.05.03 19:11:51.199,1.27169,1.2718,1.19,1.50
2016.05.03 19:11:51.504,1.27171,1.27183,1.95,1.00
2016.05.03 19:11:52.034,1.27172,1.27184,2.62,1.00
2016.05.03 19:11:52.801,1.27173,1.27184,1.56,1.00
2016.05.03 19:11:53.823,1.27174,1.27182,1.19,1.00
2016.05.03 19:11:54.128,1.27164,1.27174,1.87,1.50
2016.05.03 19:11:54.179,1.27164,1.27174,1.12,1.87
2016.05.03 19:11:54.810,1.27165,1.27173,1.69,1.00
2016.05.03 19:11:55.396,1.27165,1.27172,1.69,1.00
2016.05.03 19:11:55.601,1.27165,1.27176,1.25,1.00
2016.05.03 19:11:56.110,1.27165,1.27177,2.14,1.50
2016.05.03 19:11:56.648,1.27165,1.27177,2.06,1.50
2016.05.03 19:11:57.464,1.27165,1.27177,1.12,4.20
2016.05.03 19:11:57.515,1.27163,1.27173,1.20,1.50
2016.05.03 19:11:57.616,1.27162,1.27173,1.39,2.25
2016.05.03 19:11:58.159,1.27163,1.27174,1.12,1.87
2016.05.03 19:11:59.215,1.27163,1.27174,1.87,1.50
2016.05.03 19:12:02.170,1.27165,1.27174,3.56,1.50
2016.05.03 19:12:02.424,1.2717,1.27179,1.07,1.00
2016.05.03 19:12:02.627,1.2717,1.27182,1.26,3.00
2016.05.03 19:12:04.329,1.2717,1.2718,1.19,1.00
2016.05.03 19:12:04.431,1.2717,1.27176,1.12,1.00
2016.05.03 19:12:04.636,1.27164,1.27175,2.70,1.00
2016.05.03 19:12:05.399,1.27164,1.27173,2.62,1.00
2016.05.03 19:12:09.988,1.27164,1.27175,1.37,1.12
2016.05.03 19:12:10.292,1.27164,1.27173,1.37,1.00
2016.05.03 19:12:11.751,1.27164,1.27173,1.37,1.37
2016.05.03 19:12:14.870,1.27163,1.27172,2.14,1.50
2016.05.03 19:12:15.371,1.27163,1.27172,2.14,1.00
2016.05.03 19:12:15.524,1.27165,1.27176,1.12,1.12
2016.05.03 19:12:15.677,1.27165,1.27178,1.20,2.25
2016.05.03 19:12:15.829,1.27167,1.27178,1.00,1.87
2016.05.03 19:12:16.352,1.27165,1.27177,1.66,1.12
2016.05.03 19:12:18.125,1.27167,1.27179,3.19,1.95
2016.05.03 19:12:18.658,1.27168,1.2718,1.69,1.95
2016.05.03 19:12:23.950,1.2717,1.27179,1.00,1.37
2016.05.03 19:12:25.316,1.27169,1.27179,1.00,1.57
2016.05.03 19:12:25.828,1.27168,1.27178,1.69,1.00
2016.05.03 19:12:26.692,1.27168,1.27179,1.00,1.57
2016.05.03 19:12:27.239,1.27168,1.27178,1.19,1.00
2016.05.03 19:12:30.962,1.2717,1.27178,1.00,1.00
2016.05.03 19:12:35.151,1.2717,1.27179,1.00,1.57
2016.05.03 19:12:35.749,1.27168,1.27174,1.19,1.00
2016.05.03 19:12:35.901,1.27165,1.27174,3.19,1.00
2016.05.03 19:12:35.953,1.27165,1.27172,1.12,1.00
2016.05.03 19:12:36.307,1.27164,1.27172,1.12,1.00
2016.05.03 19:12:36.409,1.27166,1.27172,1.25,1.00
2016.05.03 19:12:36.606,1.27164,1.27172,1.50,1.00
2016.05.03 19:12:37.113,1.27164,1.27172,1.50,1.00
2016.05.03 19:12:39.349,1.27164,1.27173,1.50,1.00
2016.05.03 19:12:42.664,1.27163,1.27171,2.14,1.00
2016.05.03 19:12:42.766,1.27163,1.27171,1.01,1.00
2016.05.03 19:12:43.704,1.27163,1.27171,1.39,1.00
2016.05.03 19:12:43.756,1.27163,1.27173,1.76,1.50
2016.05.03 19:12:44.474,1.27163,1.27174,1.76,1.00
2016.05.03 19:12:45.877,1.27163,1.27173,1.76,1.00
2016.05.03 19:12:48.384,1.27163,1.27176,1.76,1.00
2016.05.03 19:12:48.436,1.27167,1.27176,1.00,1.00
2016.05.03 19:12:48.944,1.27166,1.27178,1.25,1.57
2016.05.03 19:12:49.729,1.27169,1.27178,1.00,1.20
2016.05.03 19:12:50.287,1.2717,1.27179,1.00,1.12
2016.05.03 19:12:50.339,1.2717,1.27179,1.00,1.00
2016.05.03 19:12:50.543,1.27171,1.27182,1.50,1.12
2016.05.03 19:12:51.490,1.2717,1.27182,1.50,1.00
2016.05.03 19:12:51.541,1.2717,1.27182,1.12,1.50
2016.05.03 19:12:52.200,1.2717,1.2718,1.00,1.37
2016.05.03 19:12:52.765,1.2717,1.2718,1.00,1.12
2016.05.03 19:12:55.346,1.2717,1.27181,1.00,2.25
2016.05.03 19:12:56.303,1.2717,1.27179,1.00,1.66
2016.05.03 19:12:56.507,1.27168,1.27179,1.00,1.59
2016.05.03 19:12:57.352,1.27168,1.27179,1.50,1.66
2016.05.03 19:12:57.853,1.27168,1.27179,1.69,1.66
2016.05.03 19:12:58.893,1.27168,1.27178,1.19,1.00
2016.05.03 19:13:01.461,1.27171,1.27179,1.69,1.29
2016.05.03 19:13:01.868,1.27171,1.27181,2.06,1.21
2016.05.03 19:13:02.226,1.27171,1.27179,1.62,1.00
2016.05.03 19:13:02.277,1.27171,1.27183,1.62,2.04
2016.05.03 19:13:02.787,1.27171,1.27182,3.94,1.29
2016.05.03 19:13:04.712,1.27171,1.27181,3.94,1.00
2016.05.03 19:13:05.240,1.27171,1.27183,3.19,1.37
2016.05.03 19:13:05.544,1.27172,1.27186,1.66,4.29
2016.05.03 19:13:06.052,1.27174,1.27186,1.25,2.04
2016.05.03 19:13:06.590,1.27173,1.27185,2.89,1.21
2016.05.03 19:13:09.182,1.27173,1.27185,1.76,1.12
2016.05.03 19:13:10.360,1.27173,1.27185,1.19,1.36
2016.05.03 19:13:10.879,1.27172,1.27185,3.64,1.29
2016.05.03 19:13:11.399,1.27175,1.27185,1.10,1.29
2016.05.03 19:13:11.716,1.27178,1.27188,2.89,1.00
2016.05.03 19:13:12.225,1.27179,1.27189,1.70,1.00
2016.05.03 19:13:12.732,1.27179,1.27191,1.70,1.66
2016.05.03 19:13:13.037,1.27181,1.27191,1.07,1.16
2016.05.03 19:13:14.001,1.27181,1.27192,1.07,1.59
2016.05.03 19:13:19.045,1.27182,1.27193,1.29,1.54
2016.05.03 19:13:19.401,1.27182,1.27194,1.76,2.41
2016.05.03 19:13:20.262,1.27182,1.27194,1.29,3.16
2016.05.03 19:13:21.246,1.2718,1.27194,1.84,3.91
2016.05.03 19:13:21.764,1.27181,1.27193,1.72,1.29
2016.05.03 19:13:22.277,1.27181,1.27192,1.72,1.00
2016.05.03 19:13:22.784,1.27182,1.27195,1.84,2.04
2016.05.03 19:13:23.089,1.27184,1.27195,1.29,1.50
2016.05.03 19:13:23.628,1.27184,1.27195,1.29,1.87
2016.05.03 19:13:24.540,1.27184,1.27194,1.29,1.12
2016.05.03 19:13:25.088,1.27184,1.27195,1.29,1.37
2016.05.03 19:13:25.999,1.27184,1.27194,1.29,1.12
2016.05.03 19:13:29.903,1.27184,1.27195,2.22,1.00
2016.05.03 19:13:30.004,1.27185,1.27197,1.74,2.25
2016.05.03 19:13:32.005,1.27184,1.27195,2.97,1.12
2016.05.03 19:13:32.460,1.27183,1.27195,1.02,2.32
2016.05.03 19:13:32.512,1.27182,1.27194,1.69,1.87
2016.05.03 19:13:32.920,1.27182,1.27194,1.69,1.12
2016.05.03 19:13:33.225,1.27182,1.27194,1.69,1.87
2016.05.03 19:13:33.380,1.27182,1.27194,1.69,1.50
2016.05.03 19:13:33.616,1.27182,1.27194,1.69,1.87
2016.05.03 19:13:34.428,1.27182,1.27194,2.06,1.00
2016.05.03 19:13:34.783,1.27182,1.27194,2.44,1.50
2016.05.03 19:13:35.414,1.27182,1.27193,2.14,1.00
2016.05.03 19:13:37.188,1.27182,1.27193,2.14,1.37
2016.05.03 19:13:37.696,1.27182,1.27193,2.14,1.00
2016.05.03 19:13:39.992,1.27183,1.27194,1.19,1.00
2016.05.03 19:13:41.131,1.27184,1.27194,1.25,1.37
2016.05.03 19:13:45.813,1.27182,1.27193,1.31,1.50
2016.05.03 19:13:46.523,1.27182,1.27193,1.19,1.50
2016.05.03 19:13:47.096,1.27182,1.27193,1.19,1.50
2016.05.03 19:13:47.149,1.27184,1.27193,1.69,1.00
2016.05.03 19:13:47.259,1.27184,1.27195,2.22,1.00
2016.05.03 19:13:47.514,1.27185,1.27195,1.77,1.00
2016.05.03 19:13:48.226,1.27187,1.27196,1.12,1.00
2016.05.03 19:13:48.981,1.27187,1.27196,1.00,1.00
2016.05.03 19:13:49.489,1.27186,1.27196,1.76,1.00
2016.05.03 19:13:50.632,1.27186,1.27193,1.76,1.00
2016.05.03 19:13:52.182,1.27184,1.27195,1.31,1.00
2016.05.03 19:13:52.690,1.27185,1.27196,1.76,1.00
2016.05.03 19:13:53.311,1.27185,1.27197,1.76,1.00
2016.05.03 19:13:53.618,1.27185,1.27195,1.76,1.12
2016.05.03 19:13:54.125,1.27184,1.27195,1.26,1.50
2016.05.03 19:13:56.931,1.27183,1.27195,1.31,1.75
2016.05.03 19:13:56.992,1.27183,1.27194,1.25,1.12
2016.05.03 19:13:57.526,1.27183,1.27194,1.32,1.87
2016.05.03 19:13:58.041,1.27181,1.27192,1.29,1.50
2016.05.03 19:13:58.549,1.27181,1.27192,1.39,1.12
2016.05.03 19:13:59.119,1.27182,1.27193,1.19,1.12
2016.05.03 19:13:59.272,1.27182,1.27193,1.19,1.87
2016.05.03 19:14:00.948,1.27183,1.27194,1.25,1.50
2016.05.03 19:14:01.499,1.27183,1.27192,1.25,1.00
2016.05.03 19:14:07.657,1.27182,1.27193,1.19,1.50
2016.05.03 19:14:09.654,1.27182,1.27193,1.19,1.50
2016.05.03 19:14:10.262,1.27182,1.27193,1.19,1.87
2016.05.03 19:14:10.871,1.27181,1.27193,1.39,1.87
2016.05.03 19:14:11.411,1.27181,1.27192,1.39,1.00
2016.05.03 19:14:12.275,1.27181,1.27193,1.29,2.25
2016.05.03 19:14:12.741,1.27182,1.27193,1.19,1.12
2016.05.03 19:14:12.793,1.27182,1.27193,1.19,1.87
2016.05.03 19:14:13.554,1.27182,1.27193,1.19,1.00
2016.05.03 19:14:14.154,1.27181,1.27192,2.51,1.00
2016.05.03 19:14:14.964,1.27182,1.27194,1.19,2.62
2016.05.03 19:14:15.168,1.27182,1.27194,1.19,1.87
2016.05.03 19:14:15.694,1.27182,1.27194,1.76,2.25
2016.05.03 19:14:16.201,1.27183,1.27194,1.19,1.12
2016.05.03 19:14:18.037,1.27184,1.27194,1.19,1.12
2016.05.03 19:14:18.190,1.27184,1.27196,1.31,2.62
2016.05.03 19:14:18.293,1.27184,1.27196,1.69,1.87
2016.05.03 19:14:18.549,1.27184,1.27194,1.69,1.00
2016.05.03 19:14:18.705,1.27183,1.27194,1.25,3.00
2016.05.03 19:14:19.213,1.27183,1.27194,1.25,3.37
2016.05.03 19:14:20.388,1.27185,1.27194,1.00,2.62
2016.05.03 19:14:20.591,1.27185,1.27194,1.00,1.00
2016.05.03 19:14:21.098,1.27185,1.27194,2.14,1.00
2016.05.03 19:14:23.280,1.27185,1.27195,1.69,1.12
2016.05.03 19:14:23.690,1.27185,1.27197,1.19,1.87
2016.05.03 19:14:25.902,1.27185,1.27195,1.19,1.37
2016.05.03 19:14:30.424,1.27184,1.27194,3.19,1.12
2016.05.03 19:14:30.526,1.27187,1.27196,1.25,1.12
2016.05.03 19:14:30.628,1.27187,1.27194,1.25,1.12
2016.05.03 19:14:32.313,1.27187,1.27196,1.25,1.37
2016.05.03 19:14:32.415,1.27187,1.27194,1.25,1.12
2016.05.03 19:14:32.922,1.27187,1.27195,1.25,1.87
2016.05.03 19:14:35.491,1.27184,1.27194,1.25,1.12
2016.05.03 19:14:35.897,1.27182,1.27194,1.26,3.00
2016.05.03 19:14:36.434,1.27181,1.27193,2.06,1.00
2016.05.03 19:14:36.952,1.27181,1.27192,2.44,1.00
2016.05.03 19:14:37.459,1.27181,1.27192,1.76,1.00
2016.05.03 19:14:37.967,1.27181,1.27193,1.29,2.32
2016.05.03 19:14:38.469,1.27181,1.27193,1.29,2.32
2016.05.03 19:14:38.977,1.27181,1.27193,1.29,2.70
2016.05.03 19:14:39.737,1.27181,1.27192,2.14,1.00
2016.05.03 19:14:40.673,1.27182,1.27193,1.25,1.95
2016.05.03 19:14:42.198,1.27183,1.27193,1.00,1.12
2016.05.03 19:14:44.228,1.27183,1.27194,1.00,3.37
2016.05.03 19:14:44.737,1.27181,1.27193,2.51,1.00
2016.05.03 19:14:45.244,1.27181,1.27194,3.26,3.37
2016.05.03 19:14:45.436,1.27181,1.27194,3.26,3.00
2016.05.03 19:14:45.842,1.27181,1.27193,2.51,1.37
2016.05.03 19:14:45.943,1.27181,1.27193,2.14,1.12
2016.05.03 19:14:46.045,1.27181,1.27193,1.76,1.87
2016.05.03 19:14:46.147,1.27181,1.27193,2.51,1.12
2016.05.03 19:14:46.350,1.27181,1.27192,1.76,1.37
2016.05.03 19:14:46.656,1.27181,1.27193,1.76,1.12
2016.05.03 19:14:47.237,1.27181,1.27193,1.26,2.25
2016.05.03 19:14:47.744,1.27182,1.27194,1.01,1.12
2016.05.03 19:14:47.846,1.27182,1.27194,1.76,1.87
2016.05.03 19:14:48.150,1.27182,1.27194,1.01,1.50
2016.05.03 19:14:48.671,1.27182,1.27194,2.14,1.37
2016.05.03 19:14:49.377,1.27182,1.27194,2.51,1.87
2016.05.03 19:14:49.884,1.27182,1.27194,2.89,1.37
2016.05.03 19:14:53.656,1.27182,1.27194,2.51,1.12
2016.05.03 19:14:53.860,1.27182,1.27193,2.51,1.12
2016.05.03 19:14:54.953,1.27182,1.27194,1.57,1.87
2016.05.03 19:14:57.768,1.27182,1.27194,1.95,1.37
2016.05.03 19:14:59.295,1.27181,1.27194,2.51,3.00
2016.05.03 19:14:59.802,1.27181,1.27193,1.76,1.00
2016.05.03 19:15:00.151,1.27182,1.27186,1.10,1.00
2016.05.03 19:15:00.406,1.27178,1.27188,1.60,1.00
2016.05.03 19:15:00.508,1.27178,1.27182,1.12,1.00
2016.05.03 19:15:00.662,1.27172,1.2718,1.00,1.00
2016.05.03 19:15:00.713,1.2717,1.27179,1.10,1.50
2016.05.03 19:15:00.765,1.27168,1.27179,1.25,2.25
2016.05.03 19:15:01.019,1.27168,1.27179,1.31,1.57
2016.05.03 19:15:01.556,1.27169,1.27178,1.00,1.00
2016.05.03 19:15:02.088,1.27169,1.2718,1.00,2.25
2016.05.03 19:15:03.408,1.27168,1.27178,1.39,1.00
2016.05.03 19:15:03.560,1.27167,1.27178,1.50,1.37
2016.05.03 19:15:04.067,1.27167,1.27178,1.12,1.50
2016.05.03 19:15:09.376,1.27167,1.2718,1.12,3.75
2016.05.03 19:15:09.579,1.27168,1.2718,1.12,1.12
2016.05.03 19:15:09.681,1.27169,1.27181,1.37,1.87
2016.05.03 19:15:11.310,1.27168,1.2718,1.50,1.50
2016.05.03 19:15:13.308,1.27169,1.2718,1.00,2.25
2016.05.03 19:15:14.612,1.27168,1.2718,1.50,1.50
2016.05.03 19:15:15.512,1.27168,1.2718,1.87,1.12
2016.05.03 19:15:15.969,1.27166,1.27178,1.56,2.25
2016.05.03 19:15:17.978,1.27166,1.27177,1.19,1.37
2016.05.03 19:15:21.473,1.27167,1.27177,1.25,1.37
2016.05.03 19:15:21.828,1.27167,1.27178,1.25,2.62
2016.05.03 19:15:22.032,1.27167,1.27178,1.25,2.62
2016.05.03 19:15:23.131,1.27166,1.27177,2.06,1.50
2016.05.03 19:15:24.115,1.27166,1.27177,2.06,1.20
2016.05.03 19:15:25.454,1.27169,1.27181,1.00,1.87
2016.05.03 19:15:25.961,1.27169,1.27181,1.00,1.57
2016.05.03 19:15:28.330,1.27168,1.27181,1.00,2.32
2016.05.03 19:15:29.512,1.2717,1.27181,1.00,2.32
2016.05.03 19:15:30.235,1.27168,1.27179,1.50,1.10
2016.05.03 19:15:30.286,1.27168,1.27179,1.50,1.12
2016.05.03 19:15:31.362,1.27167,1.27178,1.69,1.95
2016.05.03 19:15:31.887,1.27167,1.27178,1.69,1.95
2016.05.03 19:15:32.279,1.27167,1.27178,1.69,2.25
2016.05.03 19:15:32.382,1.27167,1.27178,1.69,1.95
2016.05.03 19:15:33.247,1.27167,1.27178,1.69,1.95
2016.05.03 19:15:33.762,1.27167,1.27179,2.44,1.12
2016.05.03 19:15:33.864,1.27174,1.27179,1.00,1.12
2016.05.03 19:15:34.017,1.27176,1.27185,1.50,1.95
2016.05.03 19:15:34.068,1.27178,1.27187,1.31,1.87
2016.05.03 19:15:34.119,1.27178,1.27187,1.69,1.57
2016.05.03 19:15:34.424,1.27177,1.27183,1.31,1.00
2016.05.03 19:15:34.628,1.27169,1.27181,1.00,1.10
2016.05.03 19:15:34.780,1.27169,1.27181,1.00,1.12
2016.05.03 19:15:35.044,1.27167,1.27179,1.69,2.32
2016.05.03 19:15:35.551,1.27167,1.27178,2.06,1.57
2016.05.03 19:15:36.211,1.27169,1.27179,1.00,1.87
2016.05.03 19:15:36.313,1.27169,1.2718,1.00,1.10
2016.05.03 19:15:36.465,1.27171,1.27182,1.00,1.57
2016.05.03 19:15:36.779,1.27171,1.27182,1.00,1.87
2016.05.03 19:15:37.566,1.2717,1.27181,1.50,1.07
2016.05.03 19:15:38.460,1.2717,1.27179,1.00,1.00
2016.05.03 19:15:38.562,1.27168,1.27179,2.25,1.50
2016.05.03 19:15:38.766,1.27168,1.27179,2.25,1.57
2016.05.03 19:15:39.428,1.27166,1.27175,1.87,1.00
2016.05.03 19:15:39.580,1.27164,1.27175,2.59,1.00
2016.05.03 19:15:40.188,1.27166,1.27175,1.00,1.10
2016.05.03 19:15:40.703,1.27165,1.27175,1.20,1.10
2016.05.03 19:15:44.367,1.27166,1.27175,1.00,1.10
2016.05.03 19:15:45.281,1.27165,1.27175,1.25,1.57
2016.05.03 19:15:45.783,1.27164,1.27175,1.27,1.50
2016.05.03 19:15:46.206,1.27163,1.27174,1.52,1.37
2016.05.03 19:15:51.783,1.27163,1.27174,1.15,1.37
2016.05.03 19:15:52.498,1.27163,1.27174,1.15,1.10
2016.05.03 19:15:54.553,1.27163,1.27172,1.65,1.00
2016.05.03 19:15:54.604,1.27163,1.27174,1.15,2.32
2016.05.03 19:15:54.908,1.27161,1.27174,1.69,3.07
2016.05.03 19:16:06.683,1.27161,1.27171,1.69,1.00
2016.05.03 19:16:07.947,1.27162,1.27173,1.12,1.87
2016.05.03 19:16:10.947,1.27162,1.27172,1.87,1.00
2016.05.03 19:16:12.362,1.27162,1.27173,1.87,1.12
2016.05.03 19:16:12.464,1.27164,1.27174,1.00,2.32
2016.05.03 19:16:13.225,1.27164,1.27174,1.00,1.57
2016.05.03 19:16:14.654,1.27163,1.27172,1.00,1.00
2016.05.03 19:16:15.161,1.27161,1.27172,2.44,1.00
2016.05.03 19:16:15.870,1.27161,1.27171,1.69,1.00
2016.05.03 19:16:17.213,1.27164,1.27171,1.00,1.00
2016.05.03 19:16:18.162,1.27164,1.27172,1.00,1.00
2016.05.03 19:16:18.670,1.27165,1.27172,1.00,1.00
2016.05.03 19:16:18.822,1.27163,1.27172,1.00,1.00
2016.05.03 19:16:19.836,1.27162,1.27172,1.12,1.00
2016.05.03 19:16:23.725,1.27163,1.27172,1.00,1.00
2016.05.03 19:16:24.780,1.27163,1.27173,1.50,1.00
2016.05.03 19:16:25.442,1.27164,1.27173,1.00,1.00
2016.05.03 19:16:25.970,1.27163,1.27173,1.50,1.00
2016.05.03 19:16:29.540,1.27161,1.27173,2.81,1.12
2016.05.03 19:16:32.882,1.27162,1.27173,1.31,2.25
2016.05.03 19:16:40.376,1.27161,1.27173,1.31,2.25
2016.05.03 19:16:41.756,1.27163,1.27173,1.00,1.95
2016.05.03 19:16:42.325,1.27162,1.27173,1.00,1.95
2016.05.03 19:16:42.866,1.27161,1.27173,1.39,1.95
2016.05.03 19:16:43.383,1.27162,1.27173,1.00,1.95
2016.05.03 19:16:45.510,1.27161,1.27173,2.14,1.95
2016.05.03 19:16:48.397,1.27161,1.27173,2.51,1.10
2016.05.03 19:16:51.402,1.27162,1.27173,1.69,1.00
2016.05.03 19:16:51.909,1.27164,1.27173,1.00,1.00
2016.05.03 19:16:52.768,1.27163,1.27173,1.12,1.00
2016.05.03 19:16:53.965,1.27164,1.27173,1.00,1.12
2016.05.03 19:16:55.261,1.27162,1.27173,1.25,1.12
2016.05.03 19:16:55.853,1.27163,1.27173,1.00,1.12
2016.05.03 19:16:56.530,1.27163,1.27172,1.00,1.00
2016.05.03 19:16:57.224,1.27163,1.27173,1.00,2.32
2016.05.03 19:16:57.818,1.27163,1.27172,1.00,1.00
2016.05.03 19:16:59.881,1.27162,1.27172,1.25,1.00
2016.05.03 19:17:04.067,1.27163,1.27172,1.00,1.00
2016.05.03 19:17:07.302,1.27163,1.27173,1.00,1.20
2016.05.03 19:17:07.608,1.27162,1.27173,1.25,1.85
2016.05.03 19:17:07.914,1.27164,1.27173,1.00,1.85
2016.05.03 19:17:09.572,1.27161,1.27167,2.51,1.00
2016.05.03 19:17:09.725,1.27156,1.27167,2.06,2.62
2016.05.03 19:17:09.827,1.27154,1.27165,1.50,1.00
2016.05.03 19:17:10.031,1.27154,1.27164,1.00,1.37
2016.05.03 19:17:10.545,1.27152,1.27163,2.44,1.10
2016.05.03 19:17:14.154,1.27152,1.27164,2.44,1.74
2016.05.03 19:17:17.918,1.27152,1.27164,1.31,1.36
2016.05.03 19:17:18.223,1.27154,1.27167,1.00,1.74
2016.05.03 19:17:19.083,1.27153,1.27167,2.06,1.74
2016.05.03 19:17:19.522,1.27153,1.27164,2.06,1.00
2016.05.03 19:17:19.827,1.27152,1.27164,1.19,2.11
2016.05.03 19:17:26.108,1.27155,1.27164,1.00,1.99
2016.05.03 19:17:28.246,1.27154,1.27164,1.25,1.36
2016.05.03 19:17:29.565,1.27154,1.27165,1.25,1.66
2016.05.03 19:17:29.869,1.27156,1.27165,1.00,1.26
2016.05.03 19:17:30.175,1.27156,1.27167,1.00,1.31
2016.05.03 19:17:30.430,1.27154,1.27167,1.25,2.11
2016.05.03 19:17:30.764,1.27154,1.27165,1.25,1.29
2016.05.03 19:17:33.058,1.27157,1.27166,1.00,1.47
2016.05.03 19:17:33.160,1.27158,1.27167,1.00,1.31
2016.05.03 19:17:33.415,1.2716,1.27169,1.00,1.56
2016.05.03 19:17:33.517,1.2716,1.27169,1.00,1.31
2016.05.03 19:17:34.025,1.27159,1.2717,1.00,1.36
2016.05.03 19:17:34.678,1.27162,1.2717,1.00,1.74
2016.05.03 19:17:35.506,1.27159,1.2717,1.00,1.24
2016.05.03 19:17:35.608,1.27162,1.2717,1.00,1.36
2016.05.03 19:17:35.862,1.27161,1.27171,1.00,1.36
2016.05.03 19:17:37.164,1.27163,1.27171,1.00,1.20
2016.05.03 19:17:40.120,1.27165,1.27173,1.00,1.87
2016.05.03 19:17:40.222,1.27165,1.27173,1.00,1.12
2016.05.03 19:17:45.429,1.27164,1.27173,1.12,1.50
2016.05.03 19:17:55.224,1.27165,1.27173,1.00,1.50
2016.05.03 19:18:03.629,1.27162,1.27173,2.70,1.50
2016.05.03 19:18:04.170,1.27162,1.27172,1.95,1.37
2016.05.03 19:18:04.921,1.27162,1.27172,1.95,1.12
2016.05.03 19:18:09.625,1.27162,1.27173,2.70,1.12
2016.05.03 19:18:12.669,1.27167,1.27173,1.00,1.12
2016.05.03 19:18:13.443,1.27164,1.27173,1.12,1.50
2016.05.03 19:18:13.495,1.27164,1.27172,1.12,1.16
2016.05.03 19:18:16.023,1.27164,1.27172,1.00,1.91
2016.05.03 19:18:16.777,1.27165,1.27172,1.00,1.66
2016.05.03 19:18:20.966,1.27164,1.27172,1.00,1.16
2016.05.03 19:18:21.515,1.27164,1.27172,1.50,1.16
2016.05.03 19:18:21.817,1.27167,1.27172,1.00,1.16
2016.05.03 19:18:22.572,1.27165,1.27172,1.00,1.16
2016.05.03 19:18:23.098,1.27164,1.27172,1.50,1.16
2016.05.03 19:18:25.393,1.27164,1.27173,1.50,1.66
2016.05.03 19:18:26.876,1.27164,1.27172,1.50,1.16
2016.05.03 19:18:32.701,1.27164,1.27173,1.00,1.16
2016.05.03 19:18:42.695,1.27164,1.27171,1.00,1.00
2016.05.03 19:18:46.487,1.27163,1.27171,1.00,1.00
2016.05.03 19:18:46.993,1.27163,1.2717,1.00,1.00
2016.05.03 19:18:47.597,1.27164,1.2717,1.00,1.00
2016.05.03 19:18:51.325,1.27164,1.27171,1.50,1.00
2016.05.03 19:18:57.906,1.27165,1.27171,1.00,1.00
2016.05.03 19:18:59.403,1.27165,1.27172,1.00,1.00
2016.05.03 19:19:03.643,1.27165,1.2717,1.00,1.00
2016.05.03 19:19:04.792,1.27165,1.27171,1.00,1.00
2016.05.03 19:19:05.401,1.27164,1.27171,1.00,1.00
2016.05.03 19:19:26.517,1.27163,1.27172,1.37,1.00
2016.05.03 19:19:34.166,1.27163,1.27173,1.87,1.12
2016.05.03 19:19:34.922,1.27163,1.27173,2.25,1.50
2016.05.03 19:19:40.269,1.27163,1.27172,1.50,1.00
2016.05.03 19:19:46.384,1.27164,1.27173,1.00,1.37
2016.05.03 19:19:55.607,1.27164,1.27172,1.00,1.37
2016.05.03 19:19:56.578,1.27164,1.27172,1.00,1.12
2016.05.03 19:19:57.110,1.27164,1.27173,1.00,1.12
2016.05.03 19:20:04.888,1.27165,1.27173,1.00,1.12
2016.05.03 19:20:05.395,1.27165,1.27174,1.00,1.00
2016.05.03 19:20:10.705,1.27165,1.27173,1.00,1.00
2016.05.03 19:20:13.688,1.27165,1.27174,1.00,1.00
2016.05.03 19:20:15.119,1.27165,1.27174,1.00,1.19
2016.05.03 19:20:18.304,1.27163,1.27174,4.01,1.00
2016.05.03 19:20:18.608,1.27176,1.27189,1.07,3.00
2016.05.03 19:20:18.659,1.27179,1.27189,1.00,2.25
2016.05.03 19:20:18.812,1.2718,1.27191,1.87,1.00
2016.05.03 19:20:18.913,1.2718,1.27193,1.87,1.21
2016.05.03 19:20:19.451,1.2718,1.27193,1.50,1.16
2016.05.03 19:20:19.815,1.2718,1.27193,1.12,1.26
2016.05.03 19:20:20.323,1.2718,1.27194,1.50,1.74
2016.05.03 19:20:22.284,1.2718,1.27194,2.32,1.36
2016.05.03 19:20:22.791,1.27182,1.27194,1.10,1.16
2016.05.03 19:20:23.502,1.27182,1.27194,1.10,1.00
2016.05.03 19:20:24.049,1.27182,1.27194,1.12,1.57
2016.05.03 19:20:25.406,1.27182,1.27194,1.00,2.11
2016.05.03 19:20:27.274,1.27182,1.27194,1.00,2.11
2016.05.03 19:20:27.710,1.27182,1.27193,1.00,1.91
2016.05.03 19:20:28.218,1.27181,1.27192,1.00,1.66
2016.05.03 19:20:29.409,1.2718,1.27193,1.20,2.41
2016.05.03 19:20:29.936,1.27181,1.27192,1.00,1.66
2016.05.03 19:20:32.119,1.27181,1.27193,1.00,2.04
2016.05.03 19:20:33.436,1.27181,1.27191,1.00,1.29
2016.05.03 19:20:36.038,1.27181,1.27191,1.00,1.66
2016.05.03 19:20:37.295,1.27179,1.27191,1.07,1.66
2016.05.03 19:20:37.889,1.27179,1.27189,1.00,1.00
2016.05.03 19:20:39.490,1.27178,1.27189,1.12,1.00
2016.05.03 19:20:40.031,1.2718,1.27189,1.00,1.00
2016.05.03 19:20:40.082,1.27178,1.27189,1.31,1.00
2016.05.03 19:20:40.133,1.27179,1.27189,1.37,1.87
2016.05.03 19:20:40.439,1.27177,1.27184,1.00,1.29
2016.05.03 19:20:40.651,1.27175,1.27185,1.00,1.29
2016.05.03 19:20:40.702,1.27176,1.27187,1.00,1.99
2016.05.03 19:20:40.906,1.27179,1.2719,1.00,1.91
2016.05.03 19:20:40.957,1.2718,1.2719,1.00,1.24
2016.05.03 19:20:41.008,1.27178,1.2719,1.00,1.24
2016.05.03 19:20:41.312,1.27179,1.27192,1.37,2.04
2016.05.03 19:20:41.718,1.27178,1.2719,1.00,1.61
2016.05.03 19:20:45.854,1.27179,1.27189,1.00,1.24
2016.05.03 19:20:47.010,1.27178,1.27189,1.00,1.36
2016.05.03 19:20:47.467,1.27178,1.2719,1.12,1.29
2016.05.03 19:20:47.974,1.27177,1.27189,1.76,1.00
2016.05.03 19:20:48.026,1.27177,1.27184,1.95,1.00
2016.05.03 19:20:48.303,1.27169,1.27184,3.45,3.61
2016.05.03 19:20:48.911,1.27169,1.27181,2.70,1.00
2016.05.03 19:20:49.114,1.2717,1.27183,1.57,1.00
2016.05.03 19:20:53.728,1.27168,1.27181,1.50,2.32
2016.05.03 19:20:56.326,1.27168,1.2718,1.37,1.12
2016.05.03 19:20:56.782,1.27171,1.2718,1.00,1.12
2016.05.03 19:20:56.934,1.27169,1.2718,1.12,1.12
2016.05.03 19:21:00.138,1.27168,1.27179,1.50,1.00
2016.05.03 19:21:07.754,1.2717,1.27179,1.00,1.12
2016.05.03 19:21:07.805,1.27168,1.27179,1.31,1.12
2016.05.03 19:21:08.333,1.27169,1.27181,1.00,1.20
2016.05.03 19:21:08.842,1.27169,1.27182,1.20,2.70
2016.05.03 19:21:09.860,1.27169,1.27182,1.20,2.25
2016.05.03 19:21:10.489,1.27168,1.27181,2.51,2.25
2016.05.03 19:21:10.590,1.27168,1.27181,2.14,2.25
2016.05.03 19:21:14.878,1.27168,1.27181,4.39,1.50
2016.05.03 19:21:15.214,1.27168,1.2718,1.31,2.25
2016.05.03 19:21:16.078,1.27166,1.27179,2.14,1.37
2016.05.03 19:21:17.002,1.27166,1.27179,2.14,1.57
2016.05.03 19:21:19.346,1.27166,1.27179,1.95,2.70
2016.05.03 19:21:26.752,1.27165,1.27179,1.57,2.70
2016.05.03 19:21:26.957,1.27164,1.27177,1.57,3.07
2016.05.03 19:21:33.253,1.27165,1.27177,1.00,3.00
2016.05.03 19:21:33.355,1.27165,1.27177,1.00,2.62
2016.05.03 19:21:33.862,1.27166,1.27177,1.12,1.00
2016.05.03 19:21:35.403,1.27166,1.27177,1.07,1.00
2016.05.03 19:21:37.549,1.27166,1.27178,1.07,1.00
2016.05.03 19:21:39.735,1.27168,1.27178,1.00,1.50
2016.05.03 19:21:39.988,1.27168,1.27179,1.00,1.87
2016.05.03 19:21:41.495,1.27169,1.27179,1.00,1.50
2016.05.03 19:21:41.596,1.27169,1.27182,1.95,2.62
2016.05.03 19:21:42.531,1.27169,1.27182,3.07,1.50
2016.05.03 19:21:42.583,1.27169,1.27182,3.00,1.87
2016.05.03 19:21:43.091,1.27169,1.27182,1.50,3.37
2016.05.03 19:21:44.333,1.27169,1.27181,2.25,1.10
2016.05.03 19:21:45.267,1.27171,1.27182,1.00,1.57
2016.05.03 19:21:45.659,1.27169,1.27182,2.25,2.32
2016.05.03 19:21:46.699,1.27166,1.27179,2.89,1.87
2016.05.03 19:21:47.019,1.27164,1.27177,1.37,1.20
2016.05.03 19:21:47.559,1.27164,1.27176,1.37,2.62
2016.05.03 19:21:48.066,1.27164,1.27176,1.12,2.62
2016.05.03 19:21:49.113,1.27164,1.27176,1.12,2.62
2016.05.03 19:21:49.641,1.27164,1.27176,1.50,2.70
2016.05.03 19:21:53.333,1.27164,1.27176,1.57,1.57
2016.05.03 19:21:53.842,1.27164,1.27178,1.20,2.32
2016.05.03 19:21:54.969,1.27164,1.27176,1.47,1.10
2016.05.03 19:21:59.639,1.27165,1.27177,1.12,1.45
2016.05.03 19:22:00.232,1.27164,1.27177,1.95,2.32
2016.05.03 19:22:01.800,1.27164,1.27177,1.47,1.95
2016.05.03 19:22:01.851,1.27164,1.27177,1.10,1.95
2016.05.03 19:22:02.359,1.27165,1.27177,1.00,1.95
2016.05.03 19:22:03.148,1.27165,1.27177,1.87,1.20
2016.05.03 19:22:03.696,1.27165,1.27178,1.87,3.07
2016.05.03 19:22:08.389,1.27165,1.27178,2.25,2.70
2016.05.03 19:22:10.282,1.27166,1.27177,1.12,1.07
2016.05.03 19:22:10.334,1.27164,1.27177,1.20,1.07
2016.05.03 19:22:10.841,1.27164,1.27177,1.20,1.00
2016.05.03 19:22:12.918,1.27164,1.27176,1.39,1.00
2016.05.03 19:22:14.896,1.27164,1.27176,1.39,1.00
2016.05.03 19:22:15.150,1.27167,1.27176,1.00,1.00
2016.05.03 19:22:15.404,1.27168,1.2718,1.37,1.10
2016.05.03 19:22:15.939,1.27168,1.2718,1.00,1.95
2016.05.03 19:22:16.447,1.27167,1.2718,1.31,3.07
2016.05.03 19:22:25.502,1.27168,1.2718,1.00,1.87
2016.05.03 19:22:26.023,1.27168,1.27181,3.00,2.32
2016.05.03 19:22:26.529,1.27168,1.27181,2.62,2.70
2016.05.03 19:22:26.580,1.27168,1.27181,1.87,2.62
2016.05.03 19:22:29.628,1.27167,1.2718,1.01,1.20
2016.05.03 19:22:30.228,1.27166,1.27178,1.66,1.20
2016.05.03 19:22:32.919,1.27166,1.27179,1.76,1.50
2016.05.03 19:22:35.777,1.27167,1.2718,1.00,1.87
2016.05.03 19:22:42.448,1.27168,1.2718,1.00,1.87
2016.05.03 19:22:42.753,1.27169,1.27182,2.06,2.44
2016.05.03 19:22:43.260,1.27169,1.2718,1.00,1.07
2016.05.03 19:22:44.302,1.27168,1.2718,1.01,1.57
2016.05.03 19:22:44.606,1.27168,1.27181,2.44,1.12
2016.05.03 19:22:46.770,1.2717,1.27183,2.70,1.87
2016.05.03 19:22:50.114,1.2717,1.27183,1.20,2.62
2016.05.03 19:22:51.619,1.27171,1.27183,1.00,1.87
2016.05.03 19:22:54.934,1.27171,1.27184,1.00,3.07
2016.05.03 19:22:56.137,1.27171,1.27182,1.00,1.37
2016.05.03 19:22:56.239,1.27171,1.27183,1.00,1.50
2016.05.03 19:22:57.032,1.27169,1.27183,2.32,1.50
2016.05.03 19:22:58.146,1.27171,1.27183,1.00,1.50
2016.05.03 19:22:58.249,1.27172,1.27184,1.95,1.87
2016.05.03 19:22:58.453,1.27172,1.27184,1.57,1.00
2016.05.03 19:22:58.625,1.27172,1.27184,1.82,1.00
2016.05.03 19:22:58.677,1.27172,1.27184,1.20,1.00
2016.05.03 19:23:02.658,1.27172,1.27184,1.57,1.37
2016.05.03 19:23:03.970,1.27171,1.27183,1.12,1.00
2016.05.03 19:23:04.477,1.2717,1.27183,3.75,1.00
2016.05.03 19:23:05.152,1.2717,1.27184,3.37,1.12
2016.05.03 19:23:06.970,1.27174,1.27187,1.12,1.20
2016.05.03 19:23:07.022,1.27177,1.27187,1.00,1.20
2016.05.03 19:23:07.174,1.27178,1.2719,1.20,1.00
2016.05.03 19:23:07.276,1.27178,1.2719,3.37,1.00
2016.05.03 19:23:07.595,1.27178,1.2719,2.81,1.00
2016.05.03 19:23:07.955,1.27179,1.27192,1.69,1.50
2016.05.03 19:23:08.573,1.27179,1.2719,1.60,1.00
2016.05.03 19:23:09.377,1.27179,1.2719,1.01,1.00
2016.05.03 19:23:24.338,1.27179,1.2719,1.22,1.12
2016.05.03 19:23:25.205,1.27178,1.2719,1.69,1.12
2016.05.03 19:23:28.400,1.27179,1.2719,1.37,1.12
2016.05.03 19:23:31.734,1.27178,1.27191,2.89,1.50
2016.05.03 19:23:32.269,1.27178,1.27191,1.77,1.50
2016.05.03 19:23:32.776,1.27179,1.27191,1.12,1.00
2016.05.03 19:23:35.214,1.27179,1.27191,1.37,1.00
2016.05.03 19:23:35.893,1.27179,1.27191,1.37,1.00
2016.05.03 19:23:36.399,1.27179,1.27191,1.58,1.00
2016.05.03 19:23:38.204,1.2718,1.27192,1.07,1.00
2016.05.03 19:23:38.710,1.2718,1.27193,1.87,3.00
2016.05.03 19:23:45.072,1.2718,1.27192,1.87,1.00
2016.05.03 19:23:45.340,1.2718,1.27192,1.57,1.00
2016.05.03 19:23:45.873,1.27182,1.27192,1.00,1.00
2016.05.03 19:23:50.483,1.27182,1.27193,1.00,2.25
2016.05.03 19:23:53.774,1.27182,1.27193,1.00,2.62
2016.05.03 19:23:54.333,1.27182,1.27193,1.00,1.87
2016.05.03 19:23:57.451,1.2718,1.27193,2.70,1.87
2016.05.03 19:23:59.675,1.2718,1.27193,1.57,3.37
2016.05.03 19:24:00.182,1.2718,1.27193,1.57,3.45
2016.05.03 19:24:01.555,1.2718,1.27193,1.20,4.20
2016.05.03 19:24:04.480,1.27179,1.27192,1.95,1.50
2016.05.03 19:24:05.752,1.27179,1.2719,2.70,1.37
2016.05.03 19:24:06.006,1.27174,1.27187,2.81,2.06
2016.05.03 19:24:07.474,1.27179,1.2719,1.00,2.89
2016.05.03 19:24:07.677,1.27172,1.27184,3.19,1.12
2016.05.03 19:24:07.779,1.27169,1.2718,1.50,1.00
2016.05.03 19:24:07.881,1.27167,1.27179,1.20,1.50
2016.05.03 19:24:08.415,1.27167,1.27179,1.20,1.00
2016.05.03 19:24:09.129,1.27169,1.27179,1.00,1.00
2016.05.03 19:24:09.180,1.27169,1.27182,2.32,1.50
2016.05.03 19:24:09.484,1.27177,1.2719,1.57,2.06
2016.05.03 19:24:09.991,1.27179,1.27191,1.07,1.87
2016.05.03 19:24:13.080,1.27179,1.27189,1.07,1.12
2016.05.03 19:24:13.181,1.27177,1.27189,1.00,1.12
2016.05.03 19:24:13.334,1.27173,1.27186,1.87,1.37
2016.05.03 19:24:13.391,1.27173,1.27185,1.00,1.12
2016.05.03 19:24:13.544,1.27175,1.27185,1.00,1.00
2016.05.03 19:24:13.697,1.27176,1.27189,1.10,2.70
2016.05.03 19:24:14.103,1.27177,1.27189,1.00,1.12
2016.05.03 19:24:14.154,1.27177,1.2719,1.57,2.25
2016.05.03 19:24:14.704,1.27177,1.2719,2.32,1.00
2016.05.03 19:24:15.552,1.27179,1.27191,1.00,1.12
2016.05.03 19:24:22.219,1.27178,1.27183,1.20,1.00
2016.05.03 19:24:22.422,1.27169,1.2718,1.20,1.12
2016.05.03 19:24:22.524,1.27167,1.27179,1.20,1.87
2016.05.03 19:24:22.930,1.27165,1.27177,1.57,1.00
2016.05.03 19:24:23.082,1.27165,1.27177,1.57,1.37
2016.05.03 19:24:23.184,1.27165,1.27178,2.32,1.00
2016.05.03 19:24:23.286,1.27165,1.27178,3.26,1.00
2016.05.03 19:24:23.812,1.27168,1.27178,1.00,1.37
2016.05.03 19:24:24.322,1.27168,1.27179,1.57,1.87
2016.05.03 19:24:24.830,1.27168,1.27179,1.76,1.00
2016.05.03 19:24:24.932,1.27168,1.27178,1.69,1.37
2016.05.03 19:24:25.252,1.27172,1.27178,1.00,1.37
2016.05.03 19:24:25.303,1.27172,1.2718,1.00,1.12
2016.05.03 19:24:25.405,1.27172,1.27182,1.10,1.00
2016.05.03 19:24:25.913,1.27172,1.27183,1.10,1.87
2016.05.03 19:24:26.563,1.27173,1.27183,1.50,1.37
2016.05.03 19:24:26.615,1.27174,1.27184,1.00,1.00
2016.05.03 19:24:26.666,1.27176,1.27184,1.00,1.00
2016.05.03 19:24:26.810,1.27177,1.27189,1.10,1.95
2016.05.03 19:24:27.217,1.27179,1.27189,1.00,1.95
2016.05.03 19:24:27.725,1.27179,1.27189,1.00,2.25
2016.05.03 19:24:28.273,1.27179,1.27188,1.00,1.37
2016.05.03 19:24:28.324,1.27179,1.2719,1.00,1.95
2016.05.03 19:24:28.847,1.27179,1.27188,1.00,1.00
2016.05.03 19:24:29.203,1.27179,1.27188,1.00,1.12
2016.05.03 19:24:29.305,1.27179,1.2719,1.00,1.95
2016.05.03 19:24:29.906,1.27177,1.27189,1.00,1.37
2016.05.03 19:24:30.567,1.27178,1.27189,1.00,2.25
2016.05.03 19:24:31.074,1.27179,1.27189,1.00,1.95
2016.05.03 19:24:31.175,1.27177,1.27189,1.00,2.32
2016.05.03 19:24:31.328,1.27177,1.27186,1.00,1.37
2016.05.03 19:24:31.710,1.27173,1.27185,1.45,1.00
2016.05.03 19:24:31.812,1.27172,1.27183,1.12,1.00
2016.05.03 19:24:31.863,1.27172,1.27183,1.10,2.25
2016.05.03 19:24:32.371,1.27171,1.27183,1.00,2.62
2016.05.03 19:24:33.082,1.2717,1.27183,1.95,2.62
2016.05.03 19:24:33.235,1.2717,1.2718,1.00,1.12
2016.05.03 19:24:33.478,1.27167,1.27178,1.00,1.20
2016.05.03 19:24:34.141,1.27167,1.27179,1.00,1.95
2016.05.03 19:24:34.703,1.27166,1.27177,1.10,1.00
2016.05.03 19:24:34.754,1.27166,1.27177,1.10,1.37
2016.05.03 19:24:34.806,1.27166,1.27178,1.10,1.57
2016.05.03 19:24:35.110,1.27166,1.27177,1.00,1.47
2016.05.03 19:24:35.415,1.27166,1.2718,1.19,2.25
2016.05.03 19:24:35.922,1.27168,1.27178,1.00,1.20
2016.05.03 19:24:36.336,1.27167,1.27178,1.25,1.00
2016.05.03 19:24:36.438,1.27167,1.27177,1.25,1.50
2016.05.03 19:24:37.046,1.27168,1.27179,1.00,1.57
2016.05.03 19:24:37.148,1.27168,1.27178,1.00,1.20
2016.05.03 19:24:37.761,1.27168,1.27179,1.50,1.95
2016.05.03 19:24:37.812,1.2717,1.27182,1.00,2.32
2016.05.03 19:24:38.219,1.27172,1.27181,1.00,1.00
2016.05.03 19:24:38.727,1.27169,1.2718,1.26,1.37
2016.05.03 19:24:38.778,1.27167,1.27179,1.37,1.12
2016.05.03 19:24:38.830,1.27166,1.27178,1.10,1.12
2016.05.03 19:24:39.353,1.27164,1.27175,1.07,1.00
2016.05.03 19:24:39.759,1.27165,1.27178,1.12,1.20
2016.05.03 19:24:40.114,1.27167,1.27178,1.00,1.95
2016.05.03 19:24:40.615,1.27166,1.27179,1.50,1.95
2016.05.03 19:24:40.920,1.27169,1.27178,1.00,1.20
2016.05.03 19:24:41.427,1.27168,1.27178,1.00,1.20
2016.05.03 19:24:43.538,1.27166,1.27178,1.69,1.20
2016.05.03 19:24:43.741,1.27166,1.27174,1.37,1.00
2016.05.03 19:24:43.925,1.27162,1.27174,1.37,2.32
2016.05.03 19:24:44.027,1.2716,1.27174,1.20,2.32
2016.05.03 19:24:44.843,1.2716,1.27172,1.32,1.12
2016.05.03 19:24:45.046,1.2716,1.27172,1.39,1.00
2016.05.03 19:24:48.899,1.27163,1.27173,1.00,1.12
2016.05.03 19:24:49.000,1.27164,1.27177,1.50,1.20
2016.05.03 19:24:49.051,1.27164,1.27178,2.62,1.07
2016.05.03 19:24:49.559,1.27167,1.27178,1.00,1.95
2016.05.03 19:24:50.109,1.27167,1.27178,1.00,1.57
2016.05.03 19:24:50.667,1.27167,1.27178,1.00,1.20
2016.05.03 19:24:51.174,1.27167,1.27178,1.00,1.10
2016.05.03 19:24:51.478,1.27167,1.27178,1.00,1.20
2016.05.03 19:24:52.455,1.27166,1.27178,1.00,1.57
2016.05.03 19:24:53.074,1.27165,1.27177,1.12,1.45
2016.05.03 19:24:53.378,1.27165,1.27176,1.00,1.45
2016.05.03 19:24:53.582,1.27165,1.27177,1.00,1.07
2016.05.03 19:24:54.130,1.27168,1.27178,1.00,1.57
2016.05.03 19:24:54.282,1.27165,1.27178,1.50,1.57
2016.05.03 19:24:54.790,1.27165,1.27178,1.00,1.95
2016.05.03 19:24:55.297,1.27167,1.27178,1.00,1.57
2016.05.03 19:24:55.806,1.27166,1.27178,1.12,1.45
2016.05.03 19:24:56.310,1.27167,1.27179,1.00,1.20
2016.05.03 19:24:56.817,1.27167,1.27178,1.00,1.20
2016.05.03 19:24:57.323,1.27167,1.2718,1.00,1.87
2016.05.03 19:24:57.780,1.27165,1.27178,1.12,1.95
2016.05.03 19:24:58.400,1.27165,1.27178,1.37,1.45
2016.05.03 19:24:58.906,1.27167,1.27178,1.00,1.95
2016.05.03 19:24:59.414,1.27167,1.27177,1.25,1.10
2016.05.03 19:24:59.566,1.27169,1.2718,1.00,2.25
2016.05.03 19:25:00.078,1.27169,1.27178,1.00,1.20
2016.05.03 19:25:00.582,1.27169,1.27179,1.00,1.45
2016.05.03 19:25:01.664,1.27166,1.27179,1.19,1.57
2016.05.03 19:25:02.388,1.27164,1.27177,1.69,1.07
2016.05.03 19:25:02.654,1.27164,1.27177,1.69,1.07
2016.05.03 19:25:03.356,1.27166,1.27177,1.00,1.07
2016.05.03 19:25:03.863,1.27168,1.27179,1.00,1.87
2016.05.03 19:25:03.965,1.27166,1.27179,1.25,1.87
2016.05.03 19:25:04.767,1.27167,1.27179,1.00,1.12
2016.05.03 19:25:04.818,1.27167,1.2718,1.00,1.20
2016.05.03 19:25:04.869,1.27169,1.2718,1.00,1.20
2016.05.03 19:25:05.123,1.27169,1.27182,1.00,1.95
2016.05.03 19:25:05.631,1.2717,1.27182,1.00,1.57
2016.05.03 19:25:06.161,1.2717,1.27182,1.00,1.95
2016.05.03 19:25:06.764,1.27169,1.27182,1.50,1.95
2016.05.03 19:25:07.548,1.2717,1.27182,1.00,1.95
2016.05.03 19:25:08.073,1.27169,1.27182,1.50,1.95
2016.05.03 19:25:08.631,1.27167,1.27181,1.20,1.45
2016.05.03 19:25:09.138,1.27167,1.27181,1.12,1.45
2016.05.03 19:25:09.723,1.27167,1.27178,1.00,1.00
2016.05.03 19:25:10.231,1.27168,1.2718,1.00,1.00
2016.05.03 19:25:11.001,1.27169,1.2718,1.00,1.00
2016.05.03 19:25:13.822,1.27169,1.27179,1.00,1.37
2016.05.03 19:25:14.228,1.27169,1.27181,1.00,1.95
2016.05.03 19:25:16.183,1.27167,1.2718,2.25,1.57
2016.05.03 19:25:16.436,1.27168,1.27179,1.00,1.47
2016.05.03 19:25:16.639,1.27168,1.2718,1.00,1.50
2016.05.03 19:25:16.690,1.2717,1.2718,1.00,1.50
2016.05.03 19:25:16.792,1.27168,1.2718,1.00,1.87
2016.05.03 19:25:17.335,1.27169,1.2718,1.00,1.50
2016.05.03 19:25:17.598,1.27167,1.2718,1.87,1.00
2016.05.03 19:25:17.768,1.27169,1.27181,1.00,1.95
2016.05.03 19:25:18.090,1.27167,1.27181,1.50,1.95
2016.05.03 19:25:18.641,1.27167,1.27181,1.87,1.57
2016.05.03 19:25:19.303,1.27168,1.27181,1.00,1.57
2016.05.03 19:25:19.841,1.27167,1.27181,1.87,1.57
2016.05.03 19:25:20.382,1.27168,1.27181,1.00,1.57
2016.05.03 19:25:20.843,1.27168,1.2718,1.00,1.12
2016.05.03 19:25:21.313,1.2717,1.27179,1.00,1.12
2016.05.03 19:25:21.466,1.2717,1.27181,1.00,1.57
2016.05.03 19:25:21.996,1.2717,1.27181,1.00,1.87
2016.05.03 19:25:22.625,1.2717,1.2718,1.00,1.00
2016.05.03 19:25:23.654,1.2717,1.27181,1.00,1.00
2016.05.03 19:25:23.888,1.27175,1.27181,1.00,1.00
2016.05.03 19:25:24.071,1.27177,1.2719,1.95,2.32
2016.05.03 19:25:24.604,1.27178,1.27188,1.37,1.00
2016.05.03 19:25:25.193,1.27178,1.27188,1.00,1.00
2016.05.03 19:25:25.448,1.27179,1.2719,1.00,1.00
2016.05.03 19:25:25.550,1.27178,1.2719,1.00,1.87
2016.05.03 19:25:26.058,1.27178,1.27189,1.50,1.00
2016.05.03 19:25:28.131,1.27178,1.2719,1.50,1.12
2016.05.03 19:25:28.486,1.2718,1.2719,1.47,1.00
2016.05.03 19:25:29.028,1.27178,1.27189,1.57,1.12
2016.05.03 19:25:29.079,1.27178,1.27189,1.10,1.87
2016.05.03 19:25:29.586,1.27178,1.27189,1.00,1.87
2016.05.03 19:25:30.102,1.27178,1.27189,1.00,1.12
2016.05.03 19:25:30.608,1.27178,1.27188,1.00,1.00
2016.05.03 19:25:32.330,1.27176,1.27188,1.20,1.00
2016.05.03 19:25:32.431,1.27176,1.27186,1.20,1.00
2016.05.03 19:25:32.736,1.27174,1.27184,1.01,1.50
2016.05.03 19:25:32.888,1.2717,1.27181,1.39,1.00
2016.05.03 19:25:33.396,1.27168,1.27181,2.14,1.12
2016.05.03 19:25:33.909,1.27168,1.2718,1.39,1.00
2016.05.03 19:25:34.431,1.27168,1.2718,1.07,1.12
2016.05.03 19:25:34.941,1.27166,1.27179,1.76,1.00
2016.05.03 19:25:35.161,1.27169,1.2718,1.10,1.12
2016.05.03 19:25:35.467,1.27179,1.27192,1.12,1.95
2016.05.03 19:25:35.773,1.27177,1.27186,1.95,1.00
2016.05.03 19:25:35.965,1.27177,1.27186,1.00,1.37
2016.05.03 19:25:36.168,1.27177,1.27188,1.00,1.10
2016.05.03 19:25:36.270,1.27177,1.27185,1.00,1.00
2016.05.03 19:25:36.576,1.27177,1.27188,1.00,1.00
2016.05.03 19:25:36.628,1.27179,1.27188,1.00,1.00
2016.05.03 19:25:36.680,1.27179,1.27191,1.00,1.57
2016.05.03 19:25:36.782,1.27182,1.27191,1.00,1.10
2016.05.03 19:25:37.318,1.27182,1.27193,1.12,1.87
2016.05.03 19:25:41.055,1.27182,1.27192,1.12,1.37
2016.05.03 19:25:42.469,1.27182,1.27191,1.12,1.00
2016.05.03 19:25:43.013,1.27182,1.27192,1.12,1.57
2016.05.03 19:25:46.269,1.27182,1.27193,1.00,1.12
2016.05.03 19:25:47.183,1.27182,1.27193,1.00,1.87
2016.05.03 19:25:47.699,1.27182,1.27193,1.12,1.95
2016.05.03 19:25:48.224,1.27182,1.27193,1.00,1.95
2016.05.03 19:25:48.832,1.27182,1.27193,1.12,1.20
2016.05.03 19:25:55.394,1.27182,1.27193,1.12,1.50
2016.05.03 19:25:56.198,1.27182,1.27193,1.12,3.00
2016.05.03 19:25:56.699,1.27182,1.27193,1.57,1.00
2016.05.03 19:25:57.206,1.27182,1.27195,1.57,3.07
2016.05.03 19:25:59.849,1.27182,1.27194,1.50,1.95
2016.05.03 19:26:00.514,1.27182,1.27194,1.50,1.95
2016.05.03 19:26:08.552,1.27183,1.27194,1.50,1.20
2016.05.03 19:26:08.603,1.27186,1.27197,1.00,1.50
2016.05.03 19:26:08.909,1.27193,1.27202,1.20,2.25
2016.05.03 19:26:09.365,1.27193,1.27204,1.20,1.12
2016.05.03 19:26:09.928,1.27193,1.27204,1.07,1.37
2016.05.03 19:26:10.448,1.27193,1.27204,1.07,1.00
2016.05.03 19:26:10.804,1.27193,1.27207,2.25,1.57
2016.05.03 19:26:11.362,1.27192,1.27206,2.25,1.37
2016.05.03 19:26:11.897,1.27193,1.27205,1.10,1.00
2016.05.03 19:26:12.660,1.27192,1.27205,1.10,1.57
2016.05.03 19:26:12.764,1.27191,1.27205,1.70,1.95
2016.05.03 19:26:13.735,1.27191,1.27205,1.70,1.57
2016.05.03 19:26:14.258,1.27191,1.27205,1.39,1.57
2016.05.03 19:26:14.534,1.27193,1.27206,1.87,1.57
2016.05.03 19:26:14.687,1.27196,1.27208,1.07,1.57
2016.05.03 19:26:15.193,1.27196,1.27208,1.10,1.50
2016.05.03 19:26:15.699,1.27196,1.27206,1.00,1.00
2016.05.03 19:26:16.209,1.27196,1.27207,1.50,1.00
2016.05.03 19:26:16.910,1.27193,1.27207,1.12,1.87
2016.05.03 19:26:17.418,1.27193,1.27206,1.12,1.00
2016.05.03 19:26:17.722,1.27195,1.27207,1.37,1.50
2016.05.03 19:26:21.508,1.27194,1.27207,1.07,1.50
2016.05.03 19:26:21.812,1.27193,1.27206,1.20,1.47
2016.05.03 19:26:22.016,1.27194,1.27207,1.00,1.95
2016.05.03 19:26:22.523,1.27192,1.27205,1.76,1.00
2016.05.03 19:26:23.067,1.27192,1.27205,2.14,1.20
2016.05.03 19:26:23.221,1.27192,1.27205,1.01,1.57
2016.05.03 19:26:23.728,1.27192,1.27205,1.76,1.07
2016.05.03 19:26:24.236,1.27192,1.27205,1.76,1.00
2016.05.03 19:26:27.774,1.27193,1.27205,1.37,1.00
2016.05.03 19:26:27.926,1.27194,1.27207,2.25,1.10
2016.05.03 19:26:28.740,1.27197,1.27207,1.00,1.10
2016.05.03 19:26:28.791,1.27194,1.27207,2.25,1.10
2016.05.03 19:26:28.843,1.27197,1.27207,1.00,1.10
2016.05.03 19:26:29.349,1.27196,1.27207,1.00,1.10
2016.05.03 19:26:30.183,1.27194,1.27207,1.50,1.10
2016.05.03 19:26:30.696,1.27196,1.27208,1.00,1.57
2016.05.03 19:26:31.210,1.27193,1.27208,2.70,2.32
2016.05.03 19:26:31.525,1.27198,1.2721,1.50,1.47
2016.05.03 19:26:31.576,1.27198,1.2721,1.12,1.07
2016.05.03 19:26:32.083,1.27197,1.2721,2.25,1.20
2016.05.03 19:26:32.135,1.27199,1.2721,1.00,1.10
2016.05.03 19:26:32.440,1.27199,1.2721,1.12,1.50
2016.05.03 19:26:32.758,1.27199,1.27212,1.37,2.25
2016.05.03 19:26:33.267,1.27199,1.27212,1.50,2.70
2016.05.03 19:26:33.723,1.27202,1.27211,1.00,1.10
2016.05.03 19:26:33.825,1.27199,1.27211,1.31,1.47
2016.05.03 19:26:33.977,1.27203,1.27211,1.00,1.10
2016.05.03 19:26:35.692,1.272,1.27212,1.00,1.07
2016.05.03 19:26:40.079,1.27201,1.27213,1.00,2.25
2016.05.03 19:26:45.118,1.272,1.27212,1.87,1.57
2016.05.03 19:26:46.689,1.272,1.27212,2.25,1.45
2016.05.03 19:26:47.199,1.27202,1.27212,1.00,1.07
2016.05.03 19:26:51.173,1.27203,1.27213,1.00,1.50
2016.05.03 19:26:51.756,1.27201,1.27213,1.50,1.50
2016.05.03 19:26:52.294,1.27201,1.27213,1.50,1.75
2016.05.03 19:26:52.396,1.27204,1.27213,1.00,1.75
2016.05.03 19:26:52.497,1.27204,1.27215,1.00,1.75
2016.05.03 19:26:53.004,1.27204,1.27216,1.00,1.57
2016.05.03 19:26:55.691,1.27207,1.27216,1.00,1.57
2016.05.03 19:26:55.895,1.27211,1.27221,1.50,1.57
2016.05.03 19:26:56.250,1.27212,1.27223,1.00,1.57
2016.05.03 19:26:56.761,1.27213,1.27223,1.00,1.57
2016.05.03 19:26:58.502,1.27214,1.27224,1.00,1.50
2016.05.03 19:26:58.857,1.27214,1.27226,1.12,1.87
2016.05.03 19:26:58.908,1.27216,1.27226,1.00,1.87
2016.05.03 19:26:59.415,1.27216,1.27226,1.00,1.07
2016.05.03 19:27:01.108,1.27217,1.27226,1.00,1.07
2016.05.03 19:27:01.646,1.27217,1.27228,1.00,1.12
2016.05.03 19:27:09.331,1.27219,1.27228,1.00,1.12
2016.05.03 19:27:09.535,1.27219,1.2723,1.00,1.50
2016.05.03 19:27:19.390,1.2722,1.27229,1.00,1.07
2016.05.03 19:27:28.476,1.2722,1.27231,1.00,1.87
2016.05.03 19:27:32.129,1.2722,1.27231,1.00,2.25
2016.05.03 19:27:35.141,1.27225,1.27231,1.00,1.87
2016.05.03 19:27:35.243,1.27228,1.27234,1.12,1.31
2016.05.03 19:27:35.346,1.27233,1.2724,1.00,1.47
2016.05.03 19:27:35.448,1.27233,1.27244,1.00,1.95
2016.05.03 19:27:35.550,1.27233,1.27243,1.00,1.12
2016.05.03 19:27:35.652,1.27233,1.27244,1.00,1.95
2016.05.03 19:27:36.253,1.27233,1.27244,1.00,2.32
2016.05.03 19:27:42.657,1.27232,1.27244,1.50,1.95
2016.05.03 19:27:44.360,1.27234,1.27242,1.00,1.12
2016.05.03 19:27:44.550,1.27231,1.27242,1.87,1.50
2016.05.03 19:27:51.414,1.27231,1.27241,2.25,1.00
2016.05.03 19:27:51.928,1.27232,1.27241,1.00,1.12
2016.05.03 19:27:55.090,1.27234,1.27243,1.00,1.29
2016.05.03 19:27:56.445,1.27234,1.27244,1.00,1.10
2016.05.03 19:28:00.955,1.27236,1.27245,1.50,1.20
2016.05.03 19:28:01.260,1.27241,1.2725,1.00,1.20
2016.05.03 19:28:03.324,1.27241,1.27251,1.00,1.00
2016.05.03 19:28:04.625,1.27241,1.27253,1.00,2.32
2016.05.03 19:28:05.126,1.27242,1.27253,1.00,3.07
2016.05.03 19:28:06.020,1.27242,1.27251,1.00,1.00
2016.05.03 19:28:12.913,1.27238,1.27251,1.76,1.00
2016.05.03 19:28:12.964,1.27238,1.27251,1.69,1.07
2016.05.03 19:28:18.651,1.27238,1.27249,1.00,1.57
2016.05.03 19:28:18.703,1.27236,1.27246,1.00,1.00
2016.05.03 19:28:19.252,1.27236,1.27246,1.00,1.07
2016.05.03 19:28:19.353,1.27234,1.27246,1.50,1.07
2016.05.03 19:28:25.132,1.27237,1.27246,1.00,1.07
2016.05.03 19:28:32.199,1.27237,1.27246,1.00,1.10
2016.05.03 19:28:32.503,1.27239,1.27248,1.00,1.07
2016.05.03 19:28:46.950,1.27234,1.27247,1.00,2.62
2016.05.03 19:28:47.454,1.27234,1.27245,1.00,1.07
2016.05.03 19:28:49.132,1.27234,1.27244,1.00,1.45
2016.05.03 19:28:49.335,1.27232,1.27243,1.50,1.10
2016.05.03 19:28:49.843,1.27232,1.27242,1.00,1.00
2016.05.03 19:28:50.473,1.27232,1.27242,1.00,1.07
2016.05.03 19:28:51.751,1.27232,1.27242,1.00,1.45
2016.05.03 19:28:52.282,1.27232,1.27241,1.00,1.00
2016.05.03 19:28:52.792,1.27231,1.27241,1.00,1.00
2016.05.03 19:28:53.554,1.27231,1.27239,1.00,1.37
2016.05.03 19:28:53.606,1.27226,1.27235,2.14,1.00
2016.05.03 19:28:53.657,1.27225,1.27235,1.80,1.56
2016.05.03 19:28:53.759,1.27224,1.27233,1.12,1.25
2016.05.03 19:28:53.860,1.2722,1.27233,2.32,1.00
2016.05.03 19:28:53.962,1.27221,1.27233,1.07,1.00
2016.05.03 19:28:54.457,1.27222,1.27235,2.25,1.10
2016.05.03 19:28:54.559,1.27224,1.27235,1.00,1.00
2016.05.03 19:28:55.624,1.27225,1.27235,1.00,1.00
2016.05.03 19:28:56.753,1.27225,1.27236,1.00,1.10
2016.05.03 19:28:56.907,1.27222,1.27236,3.26,1.07
2016.05.03 19:28:57.206,1.27224,1.27236,1.10,1.10
2016.05.03 19:28:58.503,1.27225,1.27236,1.00,1.10
2016.05.03 19:28:59.343,1.27225,1.27235,1.25,1.00
2016.05.03 19:29:00.110,1.27225,1.27236,1.00,1.57
2016.05.03 19:29:00.619,1.27224,1.27236,1.39,1.57
2016.05.03 19:29:00.974,1.27225,1.27237,1.75,1.20
2016.05.03 19:29:01.481,1.27226,1.27237,1.37,1.12
2016.05.03 19:29:02.059,1.27225,1.27237,2.25,1.00
2016.05.03 19:29:02.576,1.27226,1.27237,1.00,1.00
2016.05.03 19:29:03.044,1.27225,1.27235,1.50,1.00
2016.05.03 19:29:03.197,1.27223,1.27237,2.14,2.14
2016.05.03 19:29:03.704,1.27226,1.27237,1.00,1.00
2016.05.03 19:29:04.573,1.27226,1.27238,1.00,1.50
2016.05.03 19:29:05.081,1.27225,1.27238,1.37,1.95
2016.05.03 19:29:08.197,1.27226,1.27238,1.37,1.50
2016.05.03 19:29:08.704,1.27225,1.27237,1.01,1.12
2016.05.03 19:29:09.034,1.27226,1.27239,2.44,1.57
2016.05.03 19:29:09.237,1.27226,1.27237,1.69,1.00
2016.05.03 19:29:09.998,1.27225,1.27237,1.76,1.87
2016.05.03 19:29:12.007,1.27227,1.27238,1.39,1.00
2016.05.03 19:29:12.109,1.27228,1.27242,2.70,1.95
2016.05.03 19:29:12.237,1.27229,1.27242,1.57,1.10
2016.05.03 19:29:12.748,1.2723,1.27242,1.87,1.37
2016.05.03 19:29:13.256,1.2723,1.27243,2.06,1.87
2016.05.03 19:29:16.422,1.2723,1.27243,1.31,2.25
2016.05.03 19:29:21.110,1.27231,1.27243,1.25,1.12
2016.05.03 19:29:21.617,1.27231,1.27242,1.25,1.00
2016.05.03 19:29:21.770,1.27233,1.27242,1.00,1.00
2016.05.03 19:29:22.275,1.27231,1.27244,1.39,1.87
2016.05.03 19:29:22.326,1.27231,1.27244,1.01,2.47
2016.05.03 19:29:22.428,1.27229,1.27243,3.64,1.50
2016.05.03 19:29:22.935,1.27232,1.27244,1.00,1.20
2016.05.03 19:29:22.986,1.27233,1.27244,1.57,1.12
2016.05.03 19:29:23.088,1.27235,1.27246,1.10,1.50
2016.05.03 19:29:23.622,1.27236,1.27246,1.00,1.00
2016.05.03 19:29:24.129,1.27236,1.27247,1.00,1.12
2016.05.03 19:29:25.683,1.27237,1.27248,1.19,1.57
2016.05.03 19:29:25.836,1.2724,1.2725,1.10,1.12
2016.05.03 19:29:26.342,1.27237,1.27247,1.69,1.00
2016.05.03 19:29:26.444,1.27236,1.27247,1.20,1.00
2016.05.03 19:29:26.831,1.27236,1.27249,1.37,1.12
2016.05.03 19:29:27.339,1.27237,1.27248,1.00,1.10
2016.05.03 19:29:28.849,1.27237,1.27248,1.69,1.00
2016.05.03 19:29:29.153,1.27232,1.27246,2.14,1.12
2016.05.03 19:29:29.204,1.27232,1.27245,1.20,1.87
2016.05.03 19:29:32.014,1.27233,1.27245,1.10,2.25
2016.05.03 19:29:32.142,1.27235,1.27245,1.50,1.12
2016.05.03 19:29:32.195,1.27235,1.27248,2.25,2.32
2016.05.03 19:29:32.701,1.27235,1.27248,3.37,2.32
2016.05.03 19:29:33.006,1.27237,1.27248,1.00,2.32
2016.05.03 19:29:33.463,1.27235,1.27246,3.00,1.00
2016.05.03 19:29:34.352,1.27238,1.27246,1.19,1.00
2016.05.03 19:29:34.404,1.27238,1.27249,1.69,1.20
2016.05.03 19:29:34.556,1.2724,1.2725,1.25,1.25
2016.05.03 19:29:35.064,1.27241,1.2725,1.00,1.25
2016.05.03 19:29:35.369,1.27237,1.27248,1.76,1.00
2016.05.03 19:29:35.573,1.27234,1.27247,1.76,2.70
2016.05.03 19:29:36.118,1.27233,1.27247,1.66,3.82
2016.05.03 19:29:40.157,1.27233,1.27245,1.76,1.50
2016.05.03 19:29:40.208,1.27234,1.27247,4.01,1.50
2016.05.03 19:29:40.513,1.27237,1.27247,1.00,1.00
2016.05.03 19:29:41.380,1.27237,1.27249,1.10,1.95
2016.05.03 19:29:44.290,1.27236,1.27246,1.45,1.50
2016.05.03 19:29:44.442,1.27233,1.27245,2.06,1.00
2016.05.03 19:29:48.482,1.27234,1.27246,1.39,1.50
2016.05.03 19:29:48.837,1.27234,1.27246,1.69,1.50
2016.05.03 19:29:52.979,1.27233,1.27246,2.06,2.25
2016.05.03 19:29:53.031,1.27233,1.27245,1.26,1.37
2016.05.03 19:29:53.633,1.27232,1.27244,1.31,1.00
2016.05.03 19:29:54.059,1.27234,1.27246,1.39,1.12
2016.05.03 19:29:54.363,1.27236,1.27248,1.07,1.00
2016.05.03 19:29:54.870,1.27236,1.27249,2.32,1.00
2016.05.03 19:29:55.377,1.27237,1.27249,1.10,1.00
2016.05.03 19:29:56.218,1.27237,1.27248,1.57,1.00
2016.05.03 19:29:56.733,1.27238,1.27249,1.00,1.00
2016.05.03 19:29:59.915,1.27236,1.27249,1.95,1.50
2016.05.03 19:30:00.257,1.27232,1.27244,1.26,1.12
2016.05.03 19:30:03.013,1.27233,1.27245,2.89,1.00
2016.05.03 19:30:03.353,1.27236,1.27248,1.37,2.62
2016.05.03 19:30:03.962,1.27238,1.27248,1.00,1.12
2016.05.03 19:30:04.722,1.27238,1.2725,1.87,1.50
2016.05.03 19:30:05.044,1.27238,1.2725,1.87,1.50
2016.05.03 19:30:05.298,1.27238,1.2725,1.95,1.87
2016.05.03 19:30:05.806,1.27238,1.27249,1.95,1.00
2016.05.03 19:30:07.107,1.27238,1.27249,1.00,1.00
2016.05.03 19:30:07.209,1.27238,1.27249,1.00,1.57
2016.05.03 19:30:07.733,1.27237,1.27249,1.50,2.32
2016.05.03 19:30:09.455,1.27243,1.27248,1.00,1.50
2016.05.03 19:30:09.506,1.27241,1.27249,1.00,1.87
2016.05.03 19:30:09.682,1.27242,1.27252,1.00,2.25
2016.05.03 19:30:10.242,1.27241,1.27251,1.00,1.37
2016.05.03 19:30:11.554,1.27241,1.27252,1.00,1.12
2016.05.03 19:30:12.062,1.27241,1.27251,1.00,1.12
2016.05.03 19:30:12.577,1.27241,1.27251,1.00,1.50
2016.05.03 19:30:14.945,1.27241,1.27251,1.50,1.00
2016.05.03 19:30:15.473,1.27241,1.27251,1.50,1.37
2016.05.03 19:30:15.746,1.27239,1.27251,1.20,1.87
2016.05.03 19:30:16.254,1.27239,1.2725,1.00,1.57
2016.05.03 19:30:16.401,1.27239,1.27249,1.00,1.20
2016.05.03 19:30:16.909,1.27238,1.27246,1.00,1.20
2016.05.03 19:30:17.164,1.27238,1.27249,1.00,1.95
2016.05.03 19:30:17.316,1.27238,1.27248,1.00,1.87
2016.05.03 19:30:20.179,1.27237,1.27247,1.00,1.37
2016.05.03 19:30:21.723,1.27239,1.2725,1.00,1.57
2016.05.03 19:30:21.774,1.27241,1.2725,1.00,1.50
2016.05.03 19:30:22.302,1.27241,1.2725,1.00,1.00
2016.05.03 19:30:22.809,1.2724,1.2725,1.50,1.12
2016.05.03 19:30:25.123,1.27242,1.2725,1.00,1.50
2016.05.03 19:30:27.687,1.2724,1.2725,1.12,1.00
2016.05.03 19:30:27.739,1.27245,1.27253,1.00,1.20
2016.05.03 19:30:28.026,1.27247,1.27259,1.00,2.32
2016.05.03 19:30:28.482,1.27247,1.27257,1.00,2.32
2016.05.03 19:30:28.635,1.27245,1.27256,1.00,1.20
2016.05.03 19:30:29.141,1.27244,1.27254,1.00,1.00
2016.05.03 19:30:29.699,1.27247,1.27254,1.00,1.00
2016.05.03 19:30:29.963,1.27247,1.27257,1.00,1.57
2016.05.03 19:30:32.842,1.27248,1.27257,1.00,1.50
2016.05.03 19:30:33.349,1.27248,1.27257,1.00,1.00
2016.05.03 19:30:33.874,1.27248,1.27258,1.00,1.20
2016.05.03 19:30:34.952,1.27248,1.2726,1.00,1.07
2016.05.03 19:30:39.911,1.27248,1.2726,1.00,1.45
2016.05.03 19:30:40.418,1.27248,1.27261,1.00,1.95
2016.05.03 19:30:42.856,1.27248,1.2726,1.00,1.95
2016.05.03 19:30:43.672,1.27247,1.27259,2.14,1.95
2016.05.03 19:30:44.179,1.27248,1.27259,1.00,1.57
2016.05.03 19:30:47.862,1.27248,1.27259,1.00,1.20
2016.05.03 19:30:48.368,1.27248,1.27259,1.50,1.10
2016.05.03 19:30:51.805,1.27248,1.2726,1.00,1.45
2016.05.03 19:30:55.634,1.27248,1.2726,1.00,2.32
2016.05.03 19:30:56.182,1.27248,1.27259,1.00,1.47
2016.05.03 19:30:59.766,1.27248,1.27259,1.00,2.32
2016.05.03 19:31:00.222,1.27248,1.27259,1.00,1.10
2016.05.03 19:31:00.747,1.27248,1.27259,1.00,1.47
2016.05.03 19:31:02.096,1.27248,1.27258,1.00,1.37
2016.05.03 19:31:04.416,1.27248,1.27259,1.00,1.95
2016.05.03 19:31:05.026,1.27248,1.27259,1.00,1.20
2016.05.03 19:31:08.803,1.27248,1.27259,1.87,1.10
2016.05.03 19:31:11.434,1.27248,1.2726,1.87,1.07
2016.05.03 19:31:21.010,1.27248,1.27258,1.87,1.00
2016.05.03 19:31:27.015,1.27248,1.27259,1.87,1.10
2016.05.03 19:31:27.066,1.2725,1.27259,1.00,1.10
2016.05.03 19:31:31.587,1.2725,1.2726,1.87,1.10
2016.05.03 19:31:32.683,1.2725,1.27259,1.50,1.00
2016.05.03 19:31:36.997,1.2725,1.2726,1.50,1.10
2016.05.03 19:31:57.008,1.2725,1.27262,2.25,1.20
2016.05.03 19:31:57.537,1.2725,1.27262,2.25,1.20
2016.05.03 19:32:01.998,1.2725,1.27262,1.50,1.47
2016.05.03 19:32:02.533,1.2725,1.27261,1.50,1.95
2016.05.03 19:32:03.082,1.27251,1.27261,1.00,1.95
2016.05.03 19:32:03.589,1.2725,1.27261,1.65,1.95
2016.05.03 19:32:03.691,1.2725,1.27261,1.50,1.20
2016.05.03 19:32:03.792,1.2725,1.27261,1.50,1.95
2016.05.03 19:32:04.299,1.2725,1.2726,1.50,1.10
2016.05.03 19:32:05.420,1.2725,1.27262,2.25,1.07
2016.05.03 19:32:05.935,1.27256,1.27262,1.00,1.07
2016.05.03 19:32:05.986,1.27253,1.27262,1.00,1.57
2016.05.03 19:32:06.037,1.27256,1.27262,1.00,1.00
2016.05.03 19:32:06.190,1.27258,1.27268,1.69,1.05
2016.05.03 19:32:06.514,1.2726,1.2727,1.00,1.50
2016.05.03 19:32:11.221,1.2726,1.27269,1.00,1.47
2016.05.03 19:32:11.670,1.27257,1.27268,1.00,1.12
2016.05.03 19:32:11.721,1.27257,1.27266,1.00,1.50
2016.05.03 19:32:12.228,1.27255,1.27266,1.19,1.07
2016.05.03 19:32:17.623,1.27254,1.27264,1.31,1.00
2016.05.03 19:32:17.674,1.27254,1.27264,1.12,1.00
2016.05.03 19:32:17.725,1.27254,1.27262,1.00,1.00
2016.05.03 19:32:18.920,1.27254,1.27263,1.00,1.00
2016.05.03 19:32:20.273,1.27255,1.27266,1.00,2.62
2016.05.03 19:32:20.426,1.27258,1.27268,1.00,1.00
2016.05.03 19:32:21.109,1.2726,1.27268,1.00,1.00
2016.05.03 19:32:21.464,1.2726,1.2727,1.00,1.20
2016.05.03 19:32:22.927,1.2726,1.27272,1.00,2.32
2016.05.03 19:32:25.905,1.27261,1.27271,1.00,1.95
2016.05.03 19:32:26.110,1.27261,1.27273,1.00,3.00
2016.05.03 19:32:26.528,1.27258,1.27267,1.29,1.00
2016.05.03 19:32:26.630,1.27256,1.27266,1.12,1.10
2016.05.03 19:32:27.137,1.27257,1.27269,1.37,2.32
2016.05.03 19:32:27.239,1.27258,1.27269,1.00,1.57
2016.05.03 19:32:27.391,1.2726,1.27269,1.00,1.57
2016.05.03 19:32:27.696,1.27256,1.27266,2.06,1.00
2016.05.03 19:32:27.966,1.27256,1.27268,1.37,1.95
2016.05.03 19:32:28.068,1.27257,1.27269,2.25,1.00
2016.05.03 19:32:28.610,1.27259,1.2727,1.00,1.95
2016.05.03 19:32:28.812,1.27259,1.2727,1.00,2.14
2016.05.03 19:32:33.119,1.27259,1.2727,1.00,1.57
2016.05.03 19:32:33.655,1.2726,1.2727,1.00,1.47
2016.05.03 19:32:34.573,1.2726,1.2727,1.00,1.20
2016.05.03 19:32:35.029,1.27262,1.2727,1.00,1.20
2016.05.03 19:32:35.536,1.27263,1.27275,1.12,1.37
2016.05.03 19:32:35.936,1.27263,1.27275,1.12,1.12
2016.05.03 19:32:36.461,1.27263,1.27275,1.50,1.20
2016.05.03 19:32:36.613,1.27263,1.27275,1.50,1.20
2016.05.03 19:32:37.127,1.27263,1.27274,1.50,1.12
2016.05.03 19:32:37.483,1.27263,1.27273,1.50,1.37
2016.05.03 19:32:39.757,1.27261,1.27272,1.39,1.00
2016.05.03 19:32:40.062,1.27261,1.27273,1.76,2.62
2016.05.03 19:32:40.572,1.27261,1.27273,1.76,2.62
2016.05.03 19:32:41.117,1.27261,1.27272,1.76,1.00
2016.05.03 19:32:41.624,1.27261,1.27272,1.29,1.37
2016.05.03 19:32:55.017,1.27261,1.27273,2.14,1.46
2016.05.03 19:32:55.973,1.27261,1.27273,2.14,1.21
2016.05.03 19:32:58.619,1.27262,1.27275,1.56,2.78
2016.05.03 19:32:59.482,1.27264,1.27275,1.37,1.96
2016.05.03 19:33:01.408,1.27264,1.27275,1.00,1.96
2016.05.03 19:33:01.949,1.27264,1.27275,1.00,1.46
2016.05.03 19:33:03.229,1.27264,1.27276,1.10,1.53
2016.05.03 19:33:03.779,1.27265,1.27276,1.00,1.28
2016.05.03 19:33:04.293,1.27265,1.27276,1.00,2.03
2016.05.03 19:33:04.824,1.27265,1.27276,1.00,1.66
2016.05.03 19:33:05.093,1.27266,1.27277,2.06,1.10
2016.05.03 19:33:05.827,1.27266,1.27279,2.81,1.58
2016.05.03 19:33:10.360,1.27271,1.27279,1.00,1.96
2016.05.03 19:33:10.475,1.27271,1.27281,1.00,1.48
2016.05.03 19:33:10.527,1.27271,1.27283,1.00,2.41
2016.05.03 19:33:11.462,1.27271,1.27283,1.50,3.08
2016.05.03 19:33:11.969,1.27271,1.27281,1.50,1.08
2016.05.03 19:33:12.325,1.27273,1.27283,1.00,2.33
2016.05.03 19:33:12.377,1.27273,1.27285,1.50,1.20
2016.05.03 19:33:12.428,1.27276,1.27286,1.00,1.66
2016.05.03 19:33:12.632,1.27277,1.27289,1.00,1.53
2016.05.03 19:33:12.886,1.27277,1.27286,1.00,1.21
2016.05.03 19:33:13.470,1.27275,1.27288,1.37,1.66
2016.05.03 19:33:14.018,1.27275,1.27287,1.00,1.29
2016.05.03 19:33:17.227,1.27278,1.27288,1.00,1.66
2016.05.03 19:33:18.406,1.27278,1.27289,1.00,2.04
2016.05.03 19:33:18.933,1.27278,1.27288,1.25,1.66
2016.05.03 19:33:19.474,1.27278,1.27288,1.25,1.29
2016.05.03 19:33:20.282,1.27278,1.27288,1.25,1.12
2016.05.03 19:33:21.186,1.27279,1.2729,1.00,1.29
2016.05.03 19:33:21.288,1.27279,1.27291,1.12,1.64
2016.05.03 19:33:21.948,1.27279,1.27292,1.12,1.74
2016.05.03 19:33:22.999,1.27279,1.2729,1.00,1.00
2016.05.03 19:33:24.443,1.27279,1.27291,1.00,1.20
2016.05.03 19:33:26.958,1.27281,1.27292,1.00,1.53
2016.05.03 19:33:27.482,1.27281,1.27294,2.25,3.08
2016.05.03 19:33:28.011,1.27281,1.27293,2.25,1.21
2016.05.03 19:33:30.150,1.27281,1.27293,1.50,1.66
2016.05.03 19:33:32.023,1.27281,1.27292,1.00,1.58
2016.05.03 19:33:32.176,1.27279,1.2729,1.31,1.10
2016.05.03 19:33:35.066,1.27279,1.27292,3.26,1.58
2016.05.03 19:33:35.168,1.27282,1.27292,1.00,1.58
2016.05.03 19:33:35.320,1.27282,1.27294,1.12,1.66
2016.05.03 19:33:36.259,1.27282,1.27294,1.50,1.28
2016.05.03 19:33:37.254,1.27282,1.27294,1.00,1.57
2016.05.03 19:33:37.984,1.27282,1.27294,1.00,1.00
2016.05.03 19:33:38.238,1.27285,1.27294,1.00,1.00
2016.05.03 19:33:38.746,1.27285,1.27296,1.00,1.56
2016.05.03 19:33:39.688,1.27282,1.27296,1.31,1.56
2016.05.03 19:33:39.739,1.27282,1.27294,1.31,1.75
2016.05.03 19:33:39.993,1.27282,1.27295,1.00,1.20
2016.05.03 19:33:41.305,1.27282,1.27293,1.00,1.48
2016.05.03 19:33:41.660,1.27282,1.27294,1.00,1.10
2016.05.03 19:33:43.207,1.27283,1.27296,1.00,1.57
2016.05.03 19:33:44.448,1.27282,1.27296,1.20,1.57
2016.05.03 19:33:44.984,1.27283,1.27295,1.00,1.47
2016.05.03 19:33:46.205,1.27283,1.27296,1.00,1.95
2016.05.03 19:33:46.748,1.27283,1.27293,1.00,1.12
2016.05.03 19:33:47.509,1.27283,1.27293,1.00,1.37
2016.05.03 19:33:48.029,1.27283,1.27293,1.00,1.12
2016.05.03 19:33:48.712,1.27283,1.27295,1.00,1.95
2016.05.03 19:33:49.422,1.27283,1.27295,1.00,2.32
2016.05.03 19:33:49.927,1.27282,1.27294,1.00,1.95
2016.05.03 19:33:49.978,1.27282,1.27294,1.00,1.20
2016.05.03 19:33:50.079,1.27282,1.27294,1.00,2.32
2016.05.03 19:33:50.181,1.27282,1.27294,1.00,1.57
2016.05.03 19:33:50.283,1.27282,1.27294,1.00,1.95
2016.05.03 19:33:50.790,1.27282,1.27294,1.12,1.57
2016.05.03 19:33:51.455,1.27282,1.27295,1.00,1.57
2016.05.03 19:33:52.019,1.27282,1.27295,1.00,1.95
2016.05.03 19:33:52.527,1.27282,1.27296,1.50,1.95
2016.05.03 19:33:54.826,1.27282,1.27294,1.00,1.10
2016.05.03 19:33:55.580,1.27282,1.27295,1.00,1.82
2016.05.03 19:33:56.017,1.27282,1.27293,1.00,1.87
2016.05.03 19:33:56.528,1.27281,1.27293,1.00,1.95
2016.05.03 19:33:57.039,1.27282,1.27291,1.00,1.00
2016.05.03 19:33:57.141,1.27282,1.27295,1.00,1.87
2016.05.03 19:33:57.650,1.27282,1.27295,1.00,1.57
2016.05.03 19:34:00.192,1.27281,1.27294,1.31,2.32
2016.05.03 19:34:00.344,1.27281,1.27292,1.25,2.32
2016.05.03 19:34:00.693,1.27278,1.2729,2.14,1.57
2016.05.03 19:34:00.747,1.27278,1.2729,1.20,1.57
2016.05.03 19:34:03.153,1.27278,1.2729,1.20,1.10
2016.05.03 19:34:03.205,1.2728,1.2729,1.00,1.10
2016.05.03 19:34:03.759,1.2728,1.27292,1.00,1.57
2016.05.03 19:34:04.268,1.2728,1.27292,1.37,1.20
2016.05.03 19:34:06.021,1.27283,1.27292,1.00,1.20
2016.05.03 19:34:12.257,1.27281,1.27292,1.37,1.10
2016.05.03 19:34:12.359,1.27279,1.27292,1.85,2.32
2016.05.03 19:34:15.528,1.27279,1.27291,1.69,1.50
2016.05.03 19:34:20.648,1.27279,1.27291,1.69,1.00
2016.05.03 19:34:22.702,1.2728,1.27291,1.00,1.00
2016.05.03 19:34:25.364,1.2728,1.2729,1.00,1.00
2016.05.03 19:34:25.757,1.2728,1.27292,1.00,1.57
2016.05.03 19:34:26.762,1.27286,1.27292,1.00,1.31
2016.05.03 19:34:26.864,1.27296,1.27304,1.00,1.07
2016.05.03 19:34:27.006,1.27291,1.27305,1.85,1.66
2016.05.03 19:34:27.057,1.27294,1.27306,1.00,1.47
2016.05.03 19:34:27.362,1.27291,1.27303,2.14,1.16
2016.05.03 19:34:27.514,1.2729,1.27302,1.00,1.94
2016.05.03 19:34:28.036,1.27287,1.27299,1.85,1.00
2016.05.03 19:34:28.189,1.27286,1.27298,1.44,1.00
2016.05.03 19:34:28.696,1.27286,1.27298,1.06,1.00
2016.05.03 19:34:29.268,1.27286,1.27298,1.44,1.00
2016.05.03 19:34:29.927,1.27286,1.27299,3.05,1.12
2016.05.03 19:34:30.231,1.27285,1.27293,1.45,1.00
2016.05.03 19:34:30.282,1.27283,1.27293,1.20,1.21
2016.05.03 19:34:30.384,1.2728,1.27293,3.64,1.74
2016.05.03 19:34:30.435,1.27281,1.27293,1.10,2.11
2016.05.03 19:34:30.486,1.27282,1.27293,1.12,1.00
2016.05.03 19:34:30.588,1.27283,1.27296,1.12,1.74
2016.05.03 19:34:30.705,1.27285,1.27297,1.69,1.20
2016.05.03 19:34:30.758,1.27287,1.27298,1.69,1.12
2016.05.03 19:34:30.860,1.27287,1.273,2.81,1.20
2016.05.03 19:34:31.063,1.2729,1.27303,1.50,1.74
2016.05.03 19:34:31.367,1.27293,1.27304,1.37,1.10
2016.05.03 19:34:32.790,1.27293,1.27303,1.12,1.00
2016.05.03 19:34:32.892,1.27291,1.27303,2.44,1.45
2016.05.03 19:34:33.044,1.27289,1.27301,1.00,1.57
2016.05.03 19:34:34.007,1.27288,1.27301,1.57,2.04
2016.05.03 19:34:34.109,1.27288,1.27301,1.20,1.66
2016.05.03 19:34:36.076,1.27289,1.27302,1.50,1.57
2016.05.03 19:34:36.127,1.27291,1.27302,1.00,1.10
2016.05.03 19:34:36.996,1.2729,1.27303,1.50,1.57
2016.05.03 19:34:38.412,1.2729,1.27303,2.89,1.12
2016.05.03 19:34:41.147,1.27291,1.27305,1.76,1.20
2016.05.03 19:34:43.402,1.27292,1.27305,1.37,1.10
2016.05.03 19:34:48.664,1.27293,1.27305,1.07,1.12
2016.05.03 19:34:54.324,1.27293,1.27305,1.20,1.37
2016.05.03 19:34:54.857,1.27293,1.27305,1.20,1.00
2016.05.03 19:34:55.377,1.27293,1.27305,1.20,1.37
2016.05.03 19:34:55.884,1.27293,1.27305,1.07,1.50
2016.05.03 19:34:56.999,1.27293,1.27304,1.50,1.12
2016.05.03 19:34:57.101,1.2729,1.27303,1.76,1.37
2016.05.03 19:34:57.406,1.2729,1.27304,2.14,1.20
2016.05.03 19:34:58.047,1.2729,1.27305,2.51,3.45
2016.05.03 19:34:58.302,1.27292,1.27305,1.00,1.57
2016.05.03 19:34:58.985,1.27293,1.27305,1.00,1.10
2016.05.03 19:34:59.744,1.27293,1.27306,1.00,1.95
2016.05.03 19:35:00.251,1.27294,1.27306,1.00,1.20
2016.05.03 19:35:01.115,1.27294,1.27305,1.00,1.20
2016.05.03 19:35:01.629,1.27293,1.27305,1.00,1.20
2016.05.03 19:35:02.166,1.27293,1.27304,1.00,1.20
2016.05.03 19:35:02.729,1.27293,1.27305,1.00,1.50
2016.05.03 19:35:04.520,1.27293,1.27306,1.50,2.32
2016.05.03 19:35:05.032,1.27294,1.27307,1.12,2.32
2016.05.03 19:35:05.692,1.27296,1.27307,1.00,1.95
2016.05.03 19:35:06.207,1.27296,1.27307,1.00,1.57
2016.05.03 19:35:07.883,1.27296,1.27307,1.00,1.57
2016.05.03 19:35:08.380,1.27294,1.27307,1.25,2.32
2016.05.03 19:35:09.776,1.27295,1.27307,1.00,2.32
2016.05.03 19:35:13.285,1.27292,1.27307,1.01,2.32
2016.05.03 19:35:19.700,1.27291,1.27307,4.93,2.70
2016.05.03 19:35:19.751,1.27291,1.27305,4.55,1.37
2016.05.03 19:35:20.287,1.27292,1.27307,2.38,3.82
2016.05.03 19:35:31.086,1.27291,1.27306,3.13,1.95
2016.05.03 19:35:32.074,1.27293,1.27306,1.69,1.95
2016.05.03 19:35:34.107,1.27293,1.27306,1.69,1.95
2016.05.03 19:35:34.864,1.27293,1.27306,1.56,1.57
2016.05.03 19:35:36.284,1.27293,1.27306,2.14,2.25
2016.05.03 19:35:37.158,1.27295,1.27306,1.31,1.12
2016.05.03 19:35:46.440,1.27295,1.27307,2.44,1.87
2016.05.03 19:35:47.280,1.27296,1.27307,1.19,1.07
2016.05.03 19:35:50.397,1.27296,1.27305,1.69,1.00
2016.05.03 19:35:51.470,1.27296,1.27306,1.69,1.00
2016.05.03 19:36:02.118,1.27296,1.27307,1.69,1.00
2016.05.03 19:36:02.645,1.27296,1.27306,2.44,1.00
2016.05.03 19:36:03.347,1.27298,1.27306,1.00,1.00
2016.05.03 19:36:13.737,1.273,1.27306,1.00,1.00
2016.05.03 19:36:13.839,1.27303,1.2731,1.50,1.00
2016.05.03 19:36:13.891,1.27308,1.27312,1.25,1.00
2016.05.03 19:36:14.094,1.27309,1.27318,1.37,1.00
2016.05.03 19:36:14.601,1.27309,1.27319,1.12,1.00
2016.05.03 19:36:15.117,1.27308,1.27319,1.76,1.00
2016.05.03 19:36:17.898,1.27308,1.27318,2.14,1.00
2016.05.03 19:36:24.009,1.27308,1.2732,1.31,1.00
2016.05.03 19:36:28.109,1.27309,1.27319,1.20,1.00
2016.05.03 19:36:30.193,1.27309,1.27319,1.50,1.00
2016.05.03 19:36:33.270,1.27311,1.27319,1.01,1.50
2016.05.03 19:36:33.322,1.27311,1.27315,1.01,1.00
2016.05.03 19:36:33.627,1.27298,1.27309,1.94,1.50
2016.05.03 19:36:34.138,1.27298,1.27309,1.66,1.00
2016.05.03 19:36:34.728,1.27299,1.27311,1.31,1.87
2016.05.03 19:36:34.881,1.273,1.27311,1.62,1.00
2016.05.03 19:36:35.340,1.27302,1.27311,1.19,1.00
2016.05.03 19:36:36.187,1.27302,1.27309,1.31,1.00
2016.05.03 19:36:36.340,1.27299,1.27306,1.01,1.00
2016.05.03 19:36:50.191,1.27299,1.27308,1.76,1.00
2016.05.03 19:36:53.384,1.27298,1.27306,1.26,1.00
2016.05.03 19:36:53.537,1.27295,1.27306,2.51,1.00
2016.05.03 19:36:54.277,1.27295,1.27304,1.39,1.00
2016.05.03 19:36:56.020,1.27296,1.27304,1.00,1.00
2016.05.03 19:37:03.858,1.27297,1.27304,1.00,1.00
2016.05.03 19:37:04.522,1.27295,1.27304,1.76,1.00
2016.05.03 19:37:05.119,1.27296,1.27306,1.10,2.25
2016.05.03 19:37:05.839,1.27296,1.27306,1.10,2.62
2016.05.03 19:37:11.101,1.27294,1.27305,1.01,1.12
2016.05.03 19:37:11.152,1.27294,1.27299,1.29,1.00
2016.05.03 19:37:11.356,1.27284,1.27291,1.80,1.87
2016.05.03 19:37:11.458,1.27279,1.27291,1.31,2.25
2016.05.03 19:37:12.472,1.27277,1.2729,2.06,3.00
2016.05.03 19:37:13.677,1.27277,1.27285,1.31,1.50
2016.05.03 19:37:14.084,1.27274,1.27285,2.81,1.00
2016.05.03 19:37:14.237,1.27274,1.27285,2.81,1.00
2016.05.03 19:37:14.492,1.27265,1.27275,1.19,1.37
2016.05.03 19:37:14.594,1.27263,1.27273,1.00,1.12
2016.05.03 19:37:15.683,1.27262,1.27273,1.31,1.87
2016.05.03 19:37:20.022,1.27263,1.27273,1.19,1.00
2016.05.03 19:37:20.537,1.27263,1.27274,2.06,1.00
2016.05.03 19:37:21.044,1.27266,1.27277,1.00,1.45
2016.05.03 19:37:21.095,1.27267,1.27279,1.31,2.62
2016.05.03 19:37:21.146,1.27267,1.27279,1.76,1.10
2016.05.03 19:37:21.197,1.2727,1.2728,1.19,1.20
2016.05.03 19:37:21.360,1.2727,1.27282,1.64,1.50
2016.05.03 19:37:21.720,1.27278,1.27285,1.00,1.20
2016.05.03 19:37:21.822,1.2728,1.27287,1.00,1.00
2016.05.03 19:37:21.874,1.27283,1.2729,1.25,1.82
2016.05.03 19:37:21.925,1.27283,1.2729,1.25,1.00
2016.05.03 19:37:22.432,1.27283,1.27291,1.25,1.00
2016.05.03 19:37:22.851,1.2728,1.27286,1.29,1.00
2016.05.03 19:37:22.953,1.27279,1.27287,1.32,1.50
2016.05.03 19:37:23.005,1.27277,1.27285,1.69,1.00
2016.05.03 19:37:23.259,1.27273,1.27283,1.25,2.25
2016.05.03 19:37:23.766,1.27272,1.27283,1.66,1.00
2016.05.03 19:37:24.274,1.27271,1.27283,2.89,1.00
2016.05.03 19:37:24.427,1.27271,1.27281,2.89,1.00
2016.05.03 19:37:30.945,1.27271,1.2728,2.51,1.00
2016.05.03 19:37:31.250,1.27266,1.27278,1.76,1.87
2016.05.03 19:37:31.358,1.27266,1.27278,1.76,1.50
2016.05.03 19:37:31.992,1.27265,1.27275,1.50,2.25
2016.05.03 19:37:32.145,1.27264,1.27275,1.76,1.50
2016.05.03 19:37:32.685,1.27264,1.27275,1.25,1.57
2016.05.03 19:37:37.276,1.27264,1.27273,1.69,1.00
2016.05.03 19:37:38.267,1.27264,1.27271,1.69,1.00
2016.05.03 19:37:38.470,1.27258,1.27269,2.06,1.00
2016.05.03 19:37:38.624,1.27256,1.27264,1.57,1.00
2016.05.03 19:37:38.880,1.27249,1.27261,1.31,1.50
2016.05.03 19:37:39.703,1.27249,1.27259,1.22,1.00
2016.05.03 19:37:40.211,1.27248,1.27259,1.66,1.00
2016.05.03 19:37:40.772,1.27246,1.27259,2.51,3.00
2016.05.03 19:37:41.280,1.27246,1.27259,1.69,3.82
2016.05.03 19:37:44.046,1.27246,1.27259,1.69,3.82
2016.05.03 19:37:44.657,1.27246,1.27258,1.69,1.10
2016.05.03 19:37:45.171,1.27246,1.27258,1.25,1.07
2016.05.03 19:37:45.947,1.27249,1.27258,1.19,1.07
2016.05.03 19:37:46.101,1.27249,1.27261,1.29,1.00
2016.05.03 19:37:46.608,1.27249,1.27262,2.14,1.12
2016.05.03 19:37:51.060,1.27249,1.27261,2.51,1.00
2016.05.03 19:37:54.999,1.2725,1.27261,1.64,1.00
2016.05.03 19:37:55.765,1.2725,1.27261,1.82,1.00
2016.05.03 19:37:55.816,1.2725,1.27263,1.82,1.12
2016.05.03 19:37:55.969,1.27255,1.27263,1.00,1.00
2016.05.03 19:37:56.762,1.27252,1.27263,1.12,1.00
2016.05.03 19:37:59.205,1.2725,1.27263,2.25,1.00
2016.05.03 19:37:59.746,1.2725,1.27263,1.95,1.00
2016.05.03 19:38:01.457,1.2725,1.27261,1.95,1.00
2016.05.03 19:38:04.194,1.2725,1.27257,1.82,1.00
2016.05.03 19:38:04.397,1.27245,1.27257,1.20,1.00
2016.05.03 19:38:04.601,1.27243,1.27255,1.76,1.00
2016.05.03 19:38:05.497,1.27243,1.27255,1.76,1.87
2016.05.03 19:38:05.701,1.27237,1.27249,2.14,1.00
2016.05.03 19:38:05.957,1.27236,1.27247,1.45,1.00
2016.05.03 19:38:06.111,1.27233,1.27248,1.01,1.47
2016.05.03 19:38:06.619,1.27233,1.27248,1.01,2.62
2016.05.03 19:38:07.186,1.27234,1.27249,1.39,2.62
2016.05.03 19:38:07.693,1.27234,1.27249,1.70,3.07
2016.05.03 19:38:11.002,1.27236,1.27249,1.37,1.20
2016.05.03 19:38:11.200,1.27239,1.27254,1.20,3.07
2016.05.03 19:38:11.708,1.27239,1.27252,1.20,1.00
2016.05.03 19:38:13.224,1.27239,1.27252,1.10,1.00
2016.05.03 19:38:15.419,1.27237,1.27251,1.95,1.00
2016.05.03 19:38:15.552,1.27233,1.27241,1.87,1.00
2016.05.03 19:38:15.603,1.27229,1.27241,1.56,1.50
2016.05.03 19:38:15.705,1.27225,1.27241,3.56,2.25
2016.05.03 19:38:15.807,1.27225,1.27241,3.64,1.47
2016.05.03 19:38:16.315,1.27227,1.27243,1.57,2.25
2016.05.03 19:38:16.944,1.27227,1.27243,1.57,1.10
2016.05.03 19:38:19.178,1.27227,1.27245,2.51,1.50
2016.05.03 19:38:23.746,1.2723,1.27245,1.66,1.07
2016.05.03 19:38:24.253,1.2723,1.27245,1.64,1.10
2016.05.03 19:38:24.841,1.27232,1.27245,1.12,1.10
2016.05.03 19:38:25.349,1.27232,1.27248,1.95,3.19
2016.05.03 19:38:25.858,1.27232,1.27246,1.95,1.00
2016.05.03 19:38:26.709,1.27232,1.27244,1.20,1.00
2016.05.03 19:38:27.013,1.2723,1.27241,1.26,1.00
2016.05.03 19:38:30.648,1.2723,1.27244,1.26,1.07
2016.05.03 19:38:31.156,1.27232,1.27244,1.10,1.00
2016.05.03 19:38:33.625,1.27229,1.27244,1.39,1.95
2016.05.03 19:38:33.879,1.27229,1.27241,1.26,1.00
2016.05.03 19:38:34.600,1.27228,1.27241,1.10,1.07
2016.05.03 19:38:35.122,1.27228,1.27239,1.10,1.00
2016.05.03 19:38:35.628,1.27228,1.2724,1.10,1.20
2016.05.03 19:38:38.584,1.27228,1.27242,1.07,1.00
2016.05.03 19:38:41.900,1.27229,1.27244,1.57,1.57
2016.05.03 19:38:41.951,1.27231,1.27244,1.19,1.57
2016.05.03 19:38:42.104,1.27232,1.27245,1.39,1.00
2016.05.03 19:38:42.611,1.27233,1.27246,1.00,1.57
2016.05.03 19:38:45.050,1.27233,1.27245,1.00,1.00
2016.05.03 19:38:45.254,1.2723,1.27242,1.76,1.00
2016.05.03 19:38:46.264,1.27232,1.27245,1.25,1.57
2016.05.03 19:38:46.805,1.27233,1.27245,1.12,1.57
2016.05.03 19:38:47.986,1.27234,1.27245,1.00,1.00
2016.05.03 19:38:49.101,1.27233,1.27245,1.10,1.10
2016.05.03 19:38:50.268,1.27232,1.27244,1.32,1.00
2016.05.03 19:38:50.775,1.27232,1.27244,1.01,1.10
2016.05.03 19:38:55.621,1.27232,1.27243,1.25,1.00
2016.05.03 19:39:01.109,1.27232,1.27243,1.00,1.37
2016.05.03 19:39:02.197,1.27232,1.27244,1.00,2.32
2016.05.03 19:39:02.706,1.27232,1.27244,1.00,1.95
2016.05.03 19:39:05.608,1.27232,1.27242,1.00,1.00
2016.05.03 19:39:08.460,1.27232,1.27244,1.00,1.50
2016.05.03 19:39:10.366,1.27232,1.27245,1.00,2.70
2016.05.03 19:39:10.873,1.27233,1.27245,1.00,1.00
2016.05.03 19:39:11.402,1.27234,1.27247,1.00,1.07
2016.05.03 19:39:12.136,1.27237,1.27248,1.00,1.87
2016.05.03 19:39:12.340,1.27237,1.27248,1.00,1.57
2016.05.03 19:39:16.265,1.27238,1.27248,1.00,1.10
2016.05.03 19:39:21.624,1.27237,1.27248,1.50,1.10
2016.05.03 19:39:21.828,1.27235,1.27248,1.87,1.10
2016.05.03 19:39:22.334,1.27235,1.27248,1.00,1.95
2016.05.03 19:39:22.611,1.27237,1.27247,1.00,1.20
2016.05.03 19:39:23.119,1.27237,1.27247,1.00,1.07
2016.05.03 19:39:23.633,1.27236,1.27247,1.00,1.07
2016.05.03 19:39:24.414,1.27238,1.27247,1.00,1.07
2016.05.03 19:39:24.823,1.27236,1.27247,1.00,1.07
2016.05.03 19:39:25.557,1.27237,1.27247,1.00,1.07
2016.05.03 19:39:26.070,1.27236,1.27247,1.00,1.07
2016.05.03 19:39:30.789,1.27237,1.27247,1.00,1.57
2016.05.03 19:39:31.407,1.27237,1.27247,1.00,1.57
2016.05.03 19:39:31.917,1.27237,1.27247,1.00,1.57
2016.05.03 19:39:32.423,1.27237,1.27248,1.00,1.07
2016.05.03 19:39:32.728,1.27235,1.27247,1.10,1.95
2016.05.03 19:39:33.243,1.27235,1.27246,1.00,1.00
2016.05.03 19:39:37.137,1.27234,1.27246,1.10,1.37
2016.05.03 19:39:37.543,1.27233,1.27243,1.00,1.00
2016.05.03 19:39:38.238,1.27233,1.27244,1.00,2.32
2016.05.03 19:39:38.757,1.27233,1.27243,1.00,1.00
2016.05.03 19:39:42.540,1.27231,1.27243,1.10,1.20
2016.05.03 19:39:51.404,1.27235,1.27243,1.00,1.00
2016.05.03 19:39:51.633,1.2724,1.2725,1.00,1.00
2016.05.03 19:39:51.684,1.27238,1.2725,1.10,1.00
2016.05.03 19:39:52.144,1.27238,1.27249,1.10,1.37
2016.05.03 19:39:52.652,1.27238,1.27249,1.00,1.10
2016.05.03 19:39:56.853,1.27239,1.2725,1.00,1.07
2016.05.03 19:39:57.354,1.27239,1.2725,1.10,1.00
2016.05.03 19:39:58.157,1.27239,1.27251,1.10,1.57
2016.05.03 19:39:58.967,1.27239,1.27251,1.10,1.95
2016.05.03 19:40:00.313,1.27239,1.27251,1.00,1.00
2016.05.03 19:40:00.863,1.27239,1.27252,1.00,1.57
2016.05.03 19:40:01.370,1.27239,1.27252,1.07,1.50
2016.05.03 19:40:01.886,1.27239,1.27251,1.10,1.00
2016.05.03 19:40:03.282,1.27242,1.27252,1.00,1.00
2016.05.03 19:40:04.483,1.27242,1.27254,1.00,1.87
2016.05.03 19:40:07.492,1.27242,1.27254,1.00,3.37
2016.05.03 19:40:09.897,1.27242,1.27254,1.00,2.25
2016.05.03 19:40:13.100,1.27243,1.27255,1.50,1.50
2016.05.03 19:40:13.405,1.27248,1.2726,1.75,1.75
2016.05.03 19:40:13.456,1.27249,1.2726,1.37,1.00
2016.05.03 19:40:13.862,1.27248,1.27261,2.62,1.00
2016.05.03 19:40:14.369,1.27248,1.27262,2.62,1.12
2016.05.03 19:40:14.880,1.27248,1.27261,2.62,1.00
2016.05.03 19:40:15.388,1.27248,1.27261,2.62,1.50
2016.05.03 19:40:15.913,1.27252,1.27263,1.00,1.87
2016.05.03 19:40:16.265,1.27256,1.27267,1.12,1.50
2016.05.03 19:40:16.722,1.27255,1.27267,1.07,1.50
2016.05.03 19:40:16.875,1.27253,1.27263,1.12,1.00
2016.05.03 19:40:16.977,1.27248,1.27261,4.57,1.50
2016.05.03 19:40:17.028,1.27247,1.27261,1.50,3.37
2016.05.03 19:40:17.129,1.27246,1.27258,1.20,1.50
2016.05.03 19:40:17.943,1.27246,1.27258,1.20,1.50
2016.05.03 19:40:24.413,1.27247,1.27259,1.00,2.25
2016.05.03 19:40:24.963,1.2725,1.27259,1.00,1.87
2016.05.03 19:40:25.167,1.27251,1.27263,1.12,1.37
2016.05.03 19:40:25.269,1.27252,1.27265,1.07,1.95
2016.05.03 19:40:25.785,1.27252,1.27265,1.57,1.57
2016.05.03 19:40:26.512,1.27253,1.27265,1.10,1.20
2016.05.03 19:40:27.071,1.27253,1.27264,1.00,1.20
2016.05.03 19:40:27.590,1.2725,1.27263,2.81,1.50
2016.05.03 19:40:27.641,1.2725,1.27263,1.50,2.62
2016.05.03 19:40:27.743,1.27247,1.27261,3.19,1.37
2016.05.03 19:40:27.847,1.27247,1.27261,2.14,1.75
2016.05.03 19:40:28.354,1.27246,1.27259,1.12,1.12
2016.05.03 19:40:28.861,1.27246,1.27258,1.12,1.37
2016.05.03 19:40:29.811,1.27246,1.27258,1.07,1.75
2016.05.03 19:40:33.060,1.27245,1.27258,1.22,2.25
2016.05.03 19:40:33.161,1.27244,1.27257,2.06,1.87
2016.05.03 19:40:33.684,1.27244,1.27256,1.37,1.37
2016.05.03 19:40:33.888,1.27245,1.27258,1.45,2.70
2016.05.03 19:40:34.956,1.27244,1.27257,1.87,1.12
2016.05.03 19:40:36.310,1.27245,1.27256,2.32,1.00
2016.05.03 19:40:37.110,1.27245,1.27257,3.07,1.00
2016.05.03 19:40:40.270,1.27247,1.27258,1.00,1.10
2016.05.03 19:40:40.781,1.27246,1.27258,1.10,1.20
2016.05.03 19:40:41.694,1.27247,1.27259,1.00,2.32
2016.05.03 19:40:42.200,1.27246,1.27259,3.45,3.45
2016.05.03 19:40:42.625,1.27248,1.27259,1.00,3.45
2016.05.03 19:40:43.169,1.27248,1.27259,1.00,3.07
2016.05.03 19:40:43.679,1.27249,1.27259,1.00,2.70
2016.05.03 19:40:44.186,1.27249,1.27259,1.00,3.07
2016.05.03 19:40:49.285,1.27249,1.27259,1.00,1.57
2016.05.03 19:40:49.464,1.27247,1.27256,1.50,1.00
2016.05.03 19:40:49.515,1.27243,1.2725,2.92,1.00
2016.05.03 19:40:49.821,1.27234,1.27238,2.25,1.00
2016.05.03 19:40:49.923,1.27231,1.2724,1.00,2.32
2016.05.03 19:40:49.974,1.27228,1.27239,1.75,1.50
2016.05.03 19:40:50.026,1.27225,1.27237,2.06,1.07
2016.05.03 19:40:50.484,1.27227,1.27241,1.87,2.25
2016.05.03 19:40:50.536,1.27228,1.27241,1.12,2.25
2016.05.03 19:40:50.934,1.27228,1.27242,1.12,1.50
2016.05.03 19:40:51.137,1.27228,1.27243,1.95,2.62
2016.05.03 19:40:52.819,1.27231,1.27244,1.12,3.82
2016.05.03 19:40:53.579,1.2723,1.27244,1.20,2.32
2016.05.03 19:40:54.086,1.27231,1.27243,1.00,1.07
2016.05.03 19:40:54.339,1.27229,1.27242,2.51,1.47
2016.05.03 19:40:54.881,1.2723,1.27244,1.12,2.32
2016.05.03 19:40:55.185,1.27232,1.27244,1.00,1.57
2016.05.03 19:40:55.743,1.27231,1.27244,1.00,1.95
2016.05.03 19:40:57.458,1.27231,1.27243,1.00,1.95
2016.05.03 19:41:01.076,1.27231,1.27243,1.00,1.10
2016.05.03 19:41:01.615,1.27232,1.27244,1.00,1.20
2016.05.03 19:41:01.819,1.27233,1.27246,2.70,1.20
2016.05.03 19:41:01.920,1.27233,1.27246,1.95,1.20
2016.05.03 19:41:02.110,1.27233,1.27246,3.07,1.20
2016.05.03 19:41:02.618,1.2723,1.27243,3.26,1.57
2016.05.03 19:41:02.669,1.2723,1.27242,1.57,1.10
2016.05.03 19:41:03.176,1.2723,1.27242,1.57,1.20
2016.05.03 19:41:03.683,1.2723,1.27242,1.10,1.57
2016.05.03 19:41:04.139,1.27232,1.27242,1.00,1.10
2016.05.03 19:41:04.343,1.27233,1.27245,1.50,1.07
2016.05.03 19:41:04.596,1.27234,1.27247,1.00,2.32
2016.05.03 19:41:04.647,1.27234,1.27247,1.37,1.20
2016.05.03 19:41:05.040,1.27233,1.27247,1.87,1.20
2016.05.03 19:41:06.392,1.27236,1.27247,1.00,1.20
2016.05.03 19:41:06.937,1.27234,1.27247,1.00,1.57
2016.05.03 19:41:07.344,1.27233,1.27245,1.00,1.57
2016.05.03 19:41:08.094,1.27234,1.27246,1.00,3.64
2016.05.03 19:41:08.783,1.27234,1.27246,1.12,1.57
2016.05.03 19:41:10.607,1.27235,1.27246,1.00,1.07
2016.05.03 19:41:11.014,1.27235,1.27248,3.19,1.37
2016.05.03 19:41:11.322,1.27235,1.27247,1.10,1.87
2016.05.03 19:41:11.836,1.27233,1.27247,1.50,2.32
2016.05.03 19:41:12.381,1.27231,1.27245,1.47,3.82
2016.05.03 19:41:13.760,1.27232,1.27245,1.50,1.57
2016.05.03 19:41:13.862,1.27232,1.27245,1.12,1.95
2016.05.03 19:41:14.376,1.27232,1.27245,1.87,1.47
2016.05.03 19:41:14.969,1.27232,1.27245,2.25,2.32
2016.05.03 19:41:15.572,1.27232,1.27241,1.50,1.00
2016.05.03 19:41:15.877,1.27225,1.27232,1.37,1.00
2016.05.03 19:41:15.928,1.27224,1.27232,1.39,1.00
2016.05.03 19:41:15.980,1.27226,1.27232,1.37,1.00
2016.05.03 19:41:16.082,1.27221,1.27232,1.12,1.87
2016.05.03 19:41:16.286,1.27219,1.27231,1.39,1.37
2016.05.03 19:41:16.741,1.27219,1.27232,1.76,2.70
2016.05.03 19:41:17.272,1.27219,1.27231,1.64,1.12
2016.05.03 19:41:17.630,1.27222,1.27234,1.00,1.87
2016.05.03 19:41:17.682,1.27222,1.27234,1.12,1.50
2016.05.03 19:41:17.835,1.27227,1.27238,1.00,2.32
2016.05.03 19:41:17.937,1.27227,1.27238,1.00,1.10
2016.05.03 19:41:18.316,1.27225,1.27238,2.25,1.47
2016.05.03 19:41:18.368,1.27225,1.27238,1.87,1.57
2016.05.03 19:41:18.574,1.27225,1.27237,1.00,1.00
2016.05.03 19:41:18.879,1.27225,1.27238,1.87,2.70
2016.05.03 19:41:18.981,1.27225,1.27237,1.00,1.00
2016.05.03 19:41:19.488,1.27225,1.27238,1.00,2.32
2016.05.03 19:41:19.991,1.27225,1.27238,1.87,1.95
2016.05.03 19:41:20.143,1.27225,1.27237,1.12,1.50
2016.05.03 19:41:20.296,1.27223,1.27234,1.31,1.00
2016.05.03 19:41:21.364,1.27223,1.27236,1.12,1.57
2016.05.03 19:41:21.466,1.27223,1.27233,1.00,1.00
2016.05.03 19:41:21.813,1.27218,1.2723,1.95,1.00
2016.05.03 19:41:22.333,1.27217,1.2723,2.62,1.00
2016.05.03 19:41:23.073,1.27218,1.27231,1.20,1.10
2016.05.03 19:41:24.044,1.27224,1.27234,1.00,1.87
2016.05.03 19:41:24.095,1.27224,1.27234,1.00,1.10
2016.05.03 19:41:24.146,1.27221,1.27234,1.50,1.20
2016.05.03 19:41:24.197,1.27221,1.27234,1.95,1.12
2016.05.03 19:41:24.502,1.27221,1.27234,1.10,1.87
2016.05.03 19:41:24.780,1.27221,1.27234,1.95,1.50
2016.05.03 19:41:24.881,1.27221,1.27234,1.20,2.25
2016.05.03 19:41:24.983,1.27221,1.27234,1.95,2.25
2016.05.03 19:41:25.301,1.27221,1.27232,1.10,1.00
2016.05.03 19:41:25.504,1.27223,1.27235,1.10,1.95
2016.05.03 19:41:25.708,1.27223,1.27235,1.10,2.32
2016.05.03 19:41:25.810,1.27223,1.27235,1.47,1.20
2016.05.03 19:41:26.316,1.27222,1.27234,1.07,1.00
2016.05.03 19:41:26.637,1.27222,1.27232,1.07,1.00
2016.05.03 19:41:26.789,1.27222,1.27234,1.07,1.12
2016.05.03 19:41:28.411,1.27222,1.27235,1.20,1.57
2016.05.03 19:41:28.720,1.27224,1.27235,1.00,1.57
2016.05.03 19:41:30.416,1.27224,1.27236,1.00,2.70
2016.05.03 19:41:30.944,1.27224,1.27236,1.00,1.45
2016.05.03 19:41:31.249,1.27223,1.27232,1.00,1.00
2016.05.03 19:41:31.351,1.27221,1.27232,1.10,1.50
2016.05.03 19:41:31.554,1.27218,1.27228,1.69,1.00
2016.05.03 19:41:31.656,1.27218,1.27228,1.10,1.12
2016.05.03 19:41:32.108,1.2722,1.2723,1.10,1.37
2016.05.03 19:41:32.212,1.2722,1.27232,1.20,1.47
2016.05.03 19:41:32.466,1.2722,1.27232,2.44,1.00
2016.05.03 19:41:32.822,1.27222,1.27235,1.50,1.95
2016.05.03 19:41:33.025,1.27222,1.27235,2.62,1.57
2016.05.03 19:41:33.432,1.27222,1.27234,1.12,1.20
2016.05.03 19:41:33.976,1.27222,1.27234,1.50,1.57
2016.05.03 19:41:34.483,1.27222,1.27234,1.12,1.20
2016.05.03 19:41:34.788,1.27222,1.27235,1.87,1.95
2016.05.03 19:41:34.991,1.27222,1.27235,1.12,1.95
2016.05.03 19:41:35.093,1.27222,1.27235,1.87,1.95
2016.05.03 19:41:35.195,1.27222,1.27235,1.12,1.57
2016.05.03 19:41:35.718,1.27223,1.27235,1.00,1.57
2016.05.03 19:41:36.320,1.27222,1.27234,1.87,1.00
2016.05.03 19:41:36.829,1.27223,1.27235,1.12,1.57
2016.05.03 19:41:37.373,1.27224,1.27235,1.57,1.12
2016.05.03 19:41:37.424,1.27224,1.27236,1.95,1.12
2016.05.03 19:41:37.526,1.27224,1.27236,1.57,1.37
2016.05.03 19:41:37.830,1.27224,1.27234,1.37,1.50
2016.05.03 19:41:37.932,1.27222,1.27233,1.00,2.32
2016.05.03 19:41:38.237,1.27221,1.27232,1.00,1.20
2016.05.03 19:41:38.390,1.27221,1.27234,2.25,1.20
2016.05.03 19:41:38.550,1.27224,1.27234,1.00,1.10
2016.05.03 19:41:39.361,1.27224,1.27237,1.37,2.62
2016.05.03 19:41:39.666,1.27226,1.27237,1.00,1.10
2016.05.03 19:41:40.173,1.27225,1.27236,1.12,1.20
2016.05.03 19:41:40.477,1.27225,1.27238,2.81,1.57
2016.05.03 19:41:40.877,1.27227,1.2724,2.62,1.57
2016.05.03 19:41:41.351,1.27227,1.2724,2.25,2.32
2016.05.03 19:41:41.402,1.27227,1.2724,2.62,1.95
2016.05.03 19:41:41.910,1.27228,1.27239,1.12,1.07
2016.05.03 19:41:42.417,1.27228,1.2724,1.00,1.57
2016.05.03 19:41:42.764,1.27228,1.2724,1.87,1.45
2016.05.03 19:41:43.220,1.27228,1.27239,1.87,1.10
2016.05.03 19:41:46.823,1.27228,1.27239,1.12,1.47
2016.05.03 19:41:46.874,1.27228,1.27239,1.50,1.20
2016.05.03 19:41:47.027,1.27223,1.27236,2.70,2.62
2016.05.03 19:41:47.559,1.27224,1.27236,1.20,1.12
2016.05.03 19:41:48.219,1.27224,1.27236,1.57,1.87
2016.05.03 19:41:48.756,1.27224,1.27236,1.10,2.25
2016.05.03 19:41:49.163,1.27225,1.27237,1.50,1.12
2016.05.03 19:41:49.671,1.27225,1.27237,1.37,1.37
2016.05.03 19:41:50.179,1.27226,1.27238,2.70,1.00
2016.05.03 19:41:50.722,1.27229,1.2724,1.00,1.47
2016.05.03 19:41:51.330,1.27227,1.2724,1.50,2.32
2016.05.03 19:41:51.584,1.27227,1.27238,1.47,1.37
2016.05.03 19:41:52.117,1.27227,1.27236,1.00,1.00
2016.05.03 19:41:52.219,1.27225,1.27238,1.95,1.87
2016.05.03 19:41:52.676,1.27228,1.27237,1.00,1.50
2016.05.03 19:41:52.930,1.27228,1.27239,1.00,1.57
2016.05.03 19:41:53.437,1.27227,1.27238,1.12,1.00
2016.05.03 19:41:53.628,1.27225,1.27237,1.10,1.87
2016.05.03 19:41:54.441,1.27225,1.27238,2.32,1.57
2016.05.03 19:41:54.644,1.27227,1.2724,1.50,1.87
2016.05.03 19:41:55.503,1.27228,1.27241,1.00,3.07
2016.05.03 19:41:56.010,1.27227,1.2724,2.32,1.57
2016.05.03 19:41:56.366,1.27227,1.2724,2.70,2.70
2016.05.03 19:41:56.467,1.27227,1.27239,2.32,1.10
2016.05.03 19:41:56.983,1.27227,1.2724,2.32,1.07
2016.05.03 19:41:57.762,1.27227,1.2724,1.57,1.95
2016.05.03 19:41:57.864,1.27227,1.2724,2.70,1.57
2016.05.03 19:41:58.553,1.27228,1.27241,2.62,1.57
2016.05.03 19:41:58.655,1.27228,1.27241,1.50,2.32
2016.05.03 19:42:00.114,1.27229,1.27241,1.00,2.32
2016.05.03 19:42:00.621,1.27228,1.27241,2.25,1.57
2016.05.03 19:42:03.050,1.2723,1.27241,1.00,1.95
2016.05.03 19:42:03.507,1.27227,1.27241,1.76,1.57
2016.05.03 19:42:04.015,1.27227,1.27241,2.14,1.95
2016.05.03 19:42:04.522,1.27228,1.2724,1.57,1.10
2016.05.03 19:42:04.776,1.27228,1.2724,1.47,1.57
2016.05.03 19:42:04.950,1.27227,1.2724,1.95,1.20
2016.05.03 19:42:05.458,1.27229,1.27241,1.00,1.57
2016.05.03 19:42:05.762,1.27228,1.27238,1.57,1.00
2016.05.03 19:42:05.864,1.27228,1.27241,2.32,2.70
2016.05.03 19:42:06.371,1.27229,1.27241,1.00,1.95
2016.05.03 19:42:06.912,1.27229,1.27241,1.00,1.57
2016.05.03 19:42:08.393,1.27228,1.27239,1.95,1.00
2016.05.03 19:42:08.938,1.27228,1.27241,1.95,1.95
2016.05.03 19:42:10.166,1.27229,1.27241,1.00,1.95
2016.05.03 19:42:10.713,1.27229,1.27241,1.37,1.20
2016.05.03 19:42:11.221,1.27229,1.27241,1.00,1.45
2016.05.03 19:42:12.154,1.27229,1.27241,1.20,1.37
2016.05.03 19:42:13.990,1.2723,1.27241,1.20,2.62
2016.05.03 19:42:14.295,1.27228,1.2724,1.12,1.37
2016.05.03 19:42:14.803,1.27227,1.27239,1.12,1.50
2016.05.03 19:42:15.310,1.27228,1.2724,1.87,1.87
2016.05.03 19:42:15.608,1.27228,1.2724,1.57,1.37
2016.05.03 19:42:16.064,1.27228,1.2724,1.57,1.12
2016.05.03 19:42:16.577,1.27228,1.27239,1.20,1.50
2016.05.03 19:42:17.084,1.27228,1.27238,1.12,1.00
2016.05.03 19:42:17.889,1.27227,1.27241,2.25,3.37
2016.05.03 19:42:18.903,1.27227,1.27241,3.00,1.37
2016.05.03 19:42:19.056,1.27229,1.27241,2.25,1.50
2016.05.03 19:42:19.588,1.27229,1.27241,1.37,1.87
2016.05.03 19:42:19.945,1.27232,1.27241,1.07,1.87
2016.05.03 19:42:20.199,1.27232,1.27242,1.07,1.12
2016.05.03 19:42:20.503,1.27231,1.27242,1.12,1.87
2016.05.03 19:42:20.604,1.27229,1.27241,1.07,1.50
2016.05.03 19:42:21.320,1.2723,1.27241,1.57,1.87
2016.05.03 19:42:21.422,1.2723,1.27242,1.57,1.37
2016.05.03 19:42:21.524,1.2723,1.27241,1.87,1.00
2016.05.03 19:42:22.188,1.27229,1.27241,1.87,1.50
2016.05.03 19:42:22.695,1.27229,1.27241,1.87,1.50
2016.05.03 19:42:22.898,1.27232,1.27243,1.10,1.50
2016.05.03 19:42:23.243,1.27231,1.27239,1.07,1.00
2016.05.03 19:42:23.295,1.27231,1.27241,1.07,1.00
2016.05.03 19:42:23.802,1.27231,1.2724,1.07,1.00
2016.05.03 19:42:24.383,1.27228,1.2724,2.25,1.00
2016.05.03 19:42:24.890,1.2723,1.2724,1.10,1.37
2016.05.03 19:42:25.093,1.27232,1.27242,1.00,1.12
2016.05.03 19:42:25.291,1.27229,1.27241,1.45,1.12
2016.05.03 19:42:25.443,1.27229,1.2724,1.95,1.12
2016.05.03 19:42:25.545,1.27231,1.2724,1.00,1.12
2016.05.03 19:42:27.410,1.27231,1.27241,1.00,1.12
2016.05.03 19:42:27.918,1.27232,1.27239,1.00,1.00
2016.05.03 19:42:28.880,1.2723,1.27242,1.57,1.12
2016.05.03 19:42:29.513,1.2723,1.2724,1.00,1.00
2016.05.03 19:42:29.717,1.27231,1.2724,1.00,1.50
2016.05.03 19:42:29.818,1.27231,1.2724,1.00,1.00
2016.05.03 19:42:30.375,1.27231,1.2724,1.00,1.37
2016.05.03 19:42:30.907,1.27228,1.27241,3.19,1.37
2016.05.03 19:42:31.161,1.27228,1.2724,1.87,1.50
2016.05.03 19:42:31.466,1.27228,1.2724,1.12,1.12
2016.05.03 19:42:32.126,1.27228,1.2724,1.50,1.37
2016.05.03 19:42:32.329,1.27231,1.27241,1.00,1.00
2016.05.03 19:42:32.752,1.27229,1.2724,1.37,1.75
2016.05.03 19:42:32.856,1.27228,1.2724,2.25,1.12
2016.05.03 19:42:32.958,1.27228,1.2724,1.87,1.37
2016.05.03 19:42:33.216,1.27228,1.27241,1.75,1.87
2016.05.03 19:42:33.723,1.2723,1.27239,1.12,1.00
2016.05.03 19:42:34.027,1.2723,1.27241,1.12,1.12
2016.05.03 19:42:34.192,1.2723,1.27241,1.12,1.12
2016.05.03 19:42:36.355,1.27233,1.27241,1.00,1.37
2016.05.03 19:42:36.457,1.27233,1.27242,1.00,1.37
2016.05.03 19:42:36.915,1.27232,1.27241,1.10,1.12
2016.05.03 19:42:37.017,1.27232,1.27241,1.10,1.00
2016.05.03 19:42:37.577,1.27232,1.27242,1.10,1.00
2016.05.03 19:42:38.237,1.27232,1.27243,1.10,1.75
2016.05.03 19:42:38.542,1.27229,1.27239,1.07,1.00
2016.05.03 19:42:39.050,1.2723,1.27239,1.10,1.37
2016.05.03 19:42:39.557,1.2723,1.27239,1.10,1.12
2016.05.03 19:42:40.079,1.27231,1.27239,1.10,1.12
2016.05.03 19:42:41.559,1.27231,1.27241,1.10,1.37
2016.05.03 19:42:43.137,1.27229,1.2724,1.50,1.50
2016.05.03 19:42:43.645,1.27231,1.2724,1.10,1.00
2016.05.03 19:42:46.088,1.27228,1.2724,2.06,1.37
2016.05.03 19:42:46.241,1.27228,1.27238,1.07,1.00
2016.05.03 19:42:46.343,1.27228,1.27238,1.57,1.75
2016.05.03 19:42:46.856,1.27228,1.27237,1.20,1.50
2016.05.03 19:42:47.009,1.27229,1.27238,1.00,1.00
2016.05.03 19:42:47.060,1.27229,1.27239,1.00,2.25
2016.05.03 19:42:47.557,1.27229,1.27238,1.00,1.00
2016.05.03 19:42:48.166,1.27229,1.27239,1.00,2.25
2016.05.03 19:42:48.673,1.27229,1.27238,1.00,1.00
2016.05.03 19:42:50.473,1.2723,1.27238,1.00,1.00
2016.05.03 19:42:50.828,1.27228,1.27239,1.10,1.37
2016.05.03 19:42:51.422,1.27227,1.27237,1.07,1.00
2016.05.03 19:42:53.787,1.27227,1.27237,2.70,1.00
2016.05.03 19:42:54.294,1.27227,1.27237,1.20,1.00
2016.05.03 19:42:54.801,1.27227,1.27239,1.20,1.87
2016.05.03 19:42:55.327,1.27229,1.27239,1.00,3.00
2016.05.03 19:42:55.987,1.27229,1.27239,1.00,2.25
2016.05.03 19:42:56.494,1.27229,1.27239,1.00,2.25
2016.05.03 19:42:57.034,1.27229,1.27239,1.20,1.00
2016.05.03 19:42:57.541,1.27231,1.2724,1.00,1.87
2016.05.03 19:42:58.404,1.27229,1.2724,1.07,1.00
2016.05.03 19:42:58.607,1.27229,1.2724,1.07,1.87
2016.05.03 19:42:59.151,1.2723,1.27241,1.10,3.00
2016.05.03 19:42:59.709,1.27229,1.2724,1.07,1.50
2016.05.03 19:43:00.167,1.27229,1.2724,1.57,1.50
2016.05.03 19:43:00.624,1.27229,1.2724,1.95,1.50
2016.05.03 19:43:01.081,1.27229,1.2724,1.57,1.87
2016.05.03 19:43:01.284,1.2723,1.27241,1.10,3.00
2016.05.03 19:43:01.792,1.27229,1.27241,1.07,3.00
2016.05.03 19:43:02.097,1.27228,1.27238,1.20,1.37
2016.05.03 19:43:02.892,1.27228,1.27238,1.10,1.12
2016.05.03 19:43:03.501,1.27227,1.27238,1.57,1.00
2016.05.03 19:43:04.010,1.27229,1.27238,1.00,1.37
2016.05.03 19:43:04.560,1.27228,1.27238,1.57,1.37
2016.05.03 19:43:05.118,1.27228,1.27238,1.20,1.50
2016.05.03 19:43:05.473,1.27228,1.27238,1.50,1.00
2016.05.03 19:43:06.179,1.27228,1.27238,1.10,1.00
2016.05.03 19:43:06.789,1.27228,1.27239,1.20,1.50
2016.05.03 19:43:07.297,1.27228,1.27239,1.07,1.50
2016.05.03 19:43:07.844,1.27228,1.27239,1.07,1.12
2016.05.03 19:43:08.001,1.27231,1.2724,1.00,1.00
2016.05.03 19:43:08.307,1.27228,1.27238,1.20,1.12
2016.05.03 19:43:09.018,1.27228,1.2724,1.20,1.87
2016.05.03 19:43:10.547,1.27228,1.27239,1.57,1.87
2016.05.03 19:43:10.852,1.27231,1.27239,1.00,1.37
2016.05.03 19:43:11.139,1.27231,1.27241,1.00,1.50
2016.05.03 19:43:11.647,1.27228,1.27238,1.12,1.00
2016.05.03 19:43:12.611,1.27229,1.27239,1.07,1.12
2016.05.03 19:43:13.128,1.27229,1.27238,1.20,1.00
2016.05.03 19:43:15.722,1.27229,1.2724,1.07,1.87
2016.05.03 19:43:16.636,1.27229,1.2724,1.95,1.00
2016.05.03 19:43:17.179,1.27227,1.27239,1.87,1.37
2016.05.03 19:43:18.244,1.27228,1.2724,1.87,2.25
2016.05.03 19:43:18.295,1.27228,1.27235,1.87,1.00
2016.05.03 19:43:18.486,1.27228,1.27235,1.00,1.00
2016.05.03 19:43:19.054,1.27226,1.27235,2.51,1.00
2016.05.03 19:43:19.763,1.27227,1.27235,1.20,1.00
2016.05.03 19:43:20.270,1.27226,1.27235,2.89,1.00
2016.05.03 19:43:20.776,1.27229,1.27235,1.00,1.00
2016.05.03 19:43:23.406,1.27229,1.27237,1.00,1.00
2016.05.03 19:43:23.558,1.27229,1.27239,1.00,1.10
2016.05.03 19:43:23.873,1.27229,1.27236,1.00,1.00
2016.05.03 19:43:24.380,1.27226,1.27236,2.14,1.00
2016.05.03 19:43:25.249,1.27229,1.27236,1.00,1.00
2016.05.03 19:43:25.604,1.27226,1.27236,1.76,1.00
2016.05.03 19:43:26.234,1.27226,1.27236,2.14,1.00
2016.05.03 19:43:26.743,1.27227,1.27236,1.47,1.00
2016.05.03 19:43:26.846,1.27226,1.27236,1.76,1.00
2016.05.03 19:43:27.049,1.27227,1.27235,1.47,1.00
2016.05.03 19:43:27.151,1.27226,1.27235,1.01,1.00
2016.05.03 19:43:27.202,1.27225,1.27233,2.25,1.00
2016.05.03 19:43:27.406,1.27215,1.27225,1.00,1.50
2016.05.03 19:43:27.508,1.27212,1.27223,1.57,1.00
2016.05.03 19:43:28.036,1.27212,1.27224,1.57,1.95
2016.05.03 19:43:28.340,1.27214,1.27224,1.00,1.57
2016.05.03 19:43:28.646,1.27216,1.27227,1.00,1.95
2016.05.03 19:43:28.950,1.27216,1.27227,1.87,1.00
2016.05.03 19:43:29.486,1.27216,1.27228,1.50,1.00
2016.05.03 19:43:29.791,1.27215,1.27225,1.00,1.00
2016.05.03 19:43:30.298,1.27215,1.27227,1.10,2.62
2016.05.03 19:43:30.400,1.27217,1.27227,1.00,2.25
2016.05.03 19:43:30.704,1.27217,1.27227,1.00,2.62
2016.05.03 19:43:31.210,1.27216,1.27227,1.00,1.50
2016.05.03 19:43:31.717,1.27216,1.27227,1.10,1.50
2016.05.03 19:43:32.223,1.27216,1.27226,1.10,1.00
2016.05.03 19:43:32.730,1.27216,1.27227,1.10,2.62
2016.05.03 19:43:33.268,1.27216,1.27227,1.20,3.37
2016.05.03 19:43:33.777,1.27215,1.27227,1.10,1.87
2016.05.03 19:43:34.082,1.27213,1.27226,2.44,1.50
2016.05.03 19:43:34.588,1.27215,1.27227,1.20,2.25
2016.05.03 19:43:34.912,1.27215,1.27226,1.10,1.37
2016.05.03 19:43:35.420,1.27215,1.27225,1.00,1.12
2016.05.03 19:43:35.926,1.27216,1.27225,1.00,2.25
2016.05.03 19:43:37.854,1.27214,1.27224,1.10,1.50
2016.05.03 19:43:37.905,1.27213,1.27224,2.14,1.50
2016.05.03 19:43:38.412,1.27213,1.2722,1.12,1.00
2016.05.03 19:43:38.463,1.27213,1.27223,1.12,1.12
2016.05.03 19:43:38.970,1.27213,1.27223,1.07,1.37
2016.05.03 19:43:39.731,1.27213,1.27221,1.07,1.00
2016.05.03 19:43:43.050,1.27213,1.27223,1.07,1.50
2016.05.03 19:43:43.574,1.27213,1.27224,1.57,1.12
2016.05.03 19:43:44.032,1.27213,1.27224,2.32,1.37
2016.05.03 19:43:44.388,1.27211,1.27222,1.20,1.50
2016.05.03 19:43:44.540,1.27211,1.27223,1.20,1.21
2016.05.03 19:43:45.053,1.27211,1.27224,1.00,1.58
2016.05.03 19:43:45.560,1.27211,1.27224,3.82,1.48
2016.05.03 19:43:46.067,1.27211,1.27224,2.60,1.48
2016.05.03 19:43:47.061,1.27212,1.27225,1.12,1.66
2016.05.03 19:43:47.568,1.27212,1.27225,2.22,1.66
2016.05.03 19:43:48.745,1.27215,1.27226,1.00,1.91
2016.05.03 19:43:49.264,1.27215,1.27226,1.12,1.93
2016.05.03 19:43:49.366,1.27215,1.27225,1.00,1.10
2016.05.03 19:43:49.873,1.27215,1.27226,1.12,1.00
2016.05.03 19:43:50.401,1.27216,1.27228,1.00,1.82
2016.05.03 19:43:51.012,1.27218,1.27229,1.00,1.47
2016.05.03 19:43:51.508,1.2722,1.27231,1.00,2.03
2016.05.03 19:43:51.814,1.27217,1.27228,1.12,1.57
2016.05.03 19:43:51.916,1.27216,1.27226,1.00,1.00
2016.05.03 19:43:52.527,1.27218,1.27227,1.00,1.37
2016.05.03 19:43:52.630,1.27218,1.27228,1.00,1.20
2016.05.03 19:43:52.809,1.27218,1.2723,1.87,1.20
2016.05.03 19:43:53.324,1.27219,1.27231,1.37,1.18
2016.05.03 19:43:53.730,1.27221,1.27233,1.50,1.50
2016.05.03 19:43:54.085,1.27219,1.27231,1.57,1.10
2016.05.03 19:43:54.136,1.27218,1.2723,1.07,1.46
2016.05.03 19:43:54.238,1.27215,1.27227,1.57,1.10
2016.05.03 19:43:54.519,1.27215,1.27226,1.10,1.50
2016.05.03 19:43:54.926,1.27217,1.27226,1.00,1.12
2016.05.03 19:43:55.129,1.27219,1.27231,1.37,1.66
2016.05.03 19:43:55.671,1.27221,1.27233,1.12,2.33
2016.05.03 19:43:55.876,1.27223,1.27233,1.00,1.58
2016.05.03 19:43:55.979,1.27221,1.27233,1.12,1.58
2016.05.03 19:43:56.487,1.27221,1.27233,1.00,1.28
2016.05.03 19:43:56.943,1.27223,1.27234,1.00,1.66
2016.05.03 19:43:57.482,1.27221,1.27233,1.37,2.03
2016.05.03 19:43:57.686,1.2722,1.27233,1.50,3.53
2016.05.03 19:43:57.737,1.2722,1.27233,1.12,3.91
2016.05.03 19:43:58.193,1.2722,1.27233,1.50,1.66
2016.05.03 19:43:58.245,1.27219,1.27232,1.95,1.46
2016.05.03 19:43:58.347,1.27218,1.27231,1.01,1.56
2016.05.03 19:43:58.399,1.27217,1.27228,1.56,1.00
2016.05.03 19:43:58.552,1.27216,1.27229,1.37,1.47
2016.05.03 19:43:58.718,1.27216,1.27228,1.00,1.87
2016.05.03 19:43:59.024,1.27218,1.2723,1.50,1.20
2016.05.03 19:43:59.126,1.2722,1.27233,1.00,2.03
2016.05.03 19:43:59.330,1.27222,1.27234,1.00,1.58
2016.05.03 19:43:59.838,1.27222,1.27235,1.50,2.33
2016.05.03 19:44:00.364,1.27223,1.27236,1.87,3.16
2016.05.03 19:44:00.517,1.27222,1.27234,2.32,1.37
2016.05.03 19:44:00.670,1.27217,1.27228,1.10,1.50
2016.05.03 19:44:00.823,1.27213,1.27227,2.51,1.50
2016.05.03 19:44:01.332,1.27216,1.27226,1.50,1.10
2016.05.03 19:44:01.916,1.27217,1.27227,1.00,1.11
2016.05.03 19:44:02.170,1.27218,1.2723,1.87,1.12
2016.05.03 19:44:02.678,1.27219,1.27231,1.00,1.96
2016.05.03 19:44:02.780,1.2722,1.27231,1.50,1.00
2016.05.03 19:44:02.933,1.27221,1.27233,1.20,1.66
2016.05.03 19:44:03.137,1.27216,1.27229,1.76,1.21
2016.05.03 19:44:03.384,1.27214,1.27227,1.39,1.28
2016.05.03 19:44:03.891,1.27215,1.27226,1.12,1.00
2016.05.03 19:44:04.246,1.27216,1.27228,1.07,2.33
2016.05.03 19:44:04.753,1.27216,1.27228,1.07,1.96
2016.05.03 19:44:05.259,1.27215,1.27227,1.95,1.12
2016.05.03 19:44:05.462,1.27215,1.27227,1.10,1.20
2016.05.03 19:44:05.665,1.27216,1.27227,1.20,1.12
2016.05.03 19:44:05.868,1.27218,1.2723,1.57,1.57
2016.05.03 19:44:06.122,1.27221,1.27234,1.62,2.03
2016.05.03 19:44:06.173,1.27222,1.27235,1.00,2.71
2016.05.03 19:44:06.378,1.27222,1.27235,1.37,1.20
2016.05.03 19:44:06.682,1.27222,1.27235,1.12,1.66
2016.05.03 19:44:06.784,1.27223,1.27236,1.10,2.03
2016.05.03 19:44:06.836,1.27225,1.27236,1.00,1.66
2016.05.03 19:44:07.039,1.27226,1.27238,1.12,1.50
2016.05.03 19:44:07.345,1.27226,1.27238,1.00,2.03
2016.05.03 19:44:07.650,1.27227,1.27238,1.12,1.10
2016.05.03 19:44:07.898,1.27227,1.27236,1.87,1.00
2016.05.03 19:44:08.052,1.27224,1.27237,1.07,2.25
2016.05.03 19:44:08.103,1.27224,1.27237,1.00,2.32
2016.05.03 19:44:08.613,1.27224,1.27238,1.50,2.71
2016.05.03 19:44:09.139,1.27226,1.27238,1.12,2.41
2016.05.03 19:44:09.393,1.27227,1.2724,1.37,2.33
2016.05.03 19:44:09.495,1.27226,1.27238,2.32,1.00
2016.05.03 19:44:09.649,1.27227,1.27238,1.37,1.00
2016.05.03 19:44:09.852,1.27227,1.27238,1.00,1.12
2016.05.03 19:44:10.360,1.27226,1.27238,1.12,1.10
2016.05.03 19:44:10.865,1.27226,1.27238,1.37,1.10
2016.05.03 19:44:11.372,1.27227,1.27238,1.50,1.10
2016.05.03 19:44:12.032,1.27227,1.27236,1.01,1.00
2016.05.03 19:44:12.565,1.27226,1.27236,1.50,1.00
2016.05.03 19:44:13.073,1.27227,1.27236,1.00,1.00
2016.05.03 19:44:13.581,1.27226,1.27236,1.87,1.00
2016.05.03 19:44:14.315,1.27227,1.27236,1.00,1.00
2016.05.03 19:44:14.822,1.27226,1.27236,1.95,1.00
2016.05.03 19:44:15.330,1.27226,1.27236,1.57,1.00
2016.05.03 19:44:15.836,1.27226,1.27236,2.89,1.00
2016.05.03 19:44:16.306,1.27225,1.27236,1.00,1.50
2016.05.03 19:44:16.408,1.27223,1.27236,1.47,1.87
2016.05.03 19:44:16.460,1.27222,1.27236,2.32,2.25
2016.05.03 19:44:16.917,1.27223,1.27236,1.47,2.25
2016.05.03 19:44:16.968,1.27224,1.27236,1.37,1.87
2016.05.03 19:44:17.070,1.27223,1.27236,1.20,1.50
2016.05.03 19:44:17.172,1.27224,1.27237,1.50,2.70
2016.05.03 19:44:17.375,1.27223,1.27236,2.32,1.00
2016.05.03 19:44:17.726,1.27225,1.27236,1.37,1.00
2016.05.03 19:44:18.035,1.27226,1.27238,1.95,1.00
2016.05.03 19:44:18.339,1.27224,1.27236,1.12,2.32
2016.05.03 19:44:18.441,1.27223,1.27235,1.57,1.10
2016.05.03 19:44:18.951,1.27224,1.27236,1.37,2.32
2016.05.03 19:44:19.742,1.27225,1.27238,1.87,3.00
2016.05.03 19:44:19.895,1.27226,1.27237,1.95,1.00
2016.05.03 19:44:20.149,1.27225,1.27236,1.45,1.00
2016.05.03 19:44:20.301,1.27223,1.27236,1.57,1.95
2016.05.03 19:44:20.809,1.27223,1.27236,1.57,1.57
2016.05.03 19:44:21.698,1.27225,1.27236,2.62,1.07
2016.05.03 19:44:22.206,1.27223,1.27236,1.20,2.25
2016.05.03 19:44:22.307,1.27223,1.27236,1.10,1.95
2016.05.03 19:44:23.015,1.27223,1.27235,1.39,1.39
2016.05.03 19:44:23.420,1.27223,1.27235,1.01,2.51
2016.05.03 19:44:23.929,1.27222,1.27235,1.20,3.45
2016.05.03 19:44:24.431,1.27223,1.27235,1.00,2.70
2016.05.03 19:44:24.738,1.27221,1.2723,1.00,1.00
2016.05.03 19:44:24.840,1.27217,1.27229,2.14,1.00
2016.05.03 19:44:25.347,1.27217,1.2723,1.39,1.12
2016.05.03 19:44:25.702,1.2722,1.2723,1.00,1.00
2016.05.03 19:44:25.906,1.2722,1.27232,1.37,1.57
2016.05.03 19:44:26.008,1.2722,1.27231,1.87,1.37
2016.05.03 19:44:26.372,1.27221,1.27232,1.00,1.57
2016.05.03 19:44:26.626,1.27221,1.27233,1.00,2.32
2016.05.03 19:44:26.880,1.2722,1.27233,2.81,1.20
2016.05.03 19:44:27.133,1.2722,1.27232,2.25,1.47
2016.05.03 19:44:27.438,1.27222,1.27232,1.00,1.85
2016.05.03 19:44:27.489,1.2722,1.27231,1.00,1.37
2016.05.03 19:44:27.591,1.2722,1.27233,1.25,1.57
2016.05.03 19:44:28.105,1.27219,1.27232,3.00,1.57
2016.05.03 19:44:28.309,1.2722,1.27233,1.76,1.00
2016.05.03 19:44:28.616,1.27221,1.27234,2.25,1.37
2016.05.03 19:44:29.072,1.27223,1.27234,1.50,1.12
2016.05.03 19:44:29.377,1.27221,1.27233,1.12,1.07
2016.05.03 19:44:29.529,1.27221,1.27234,3.00,1.87
2016.05.03 19:44:29.632,1.27221,1.27234,2.25,2.25
2016.05.03 19:44:30.145,1.27222,1.27234,1.37,1.37
2016.05.03 19:44:30.398,1.27223,1.27235,1.50,1.12
2016.05.03 19:44:30.551,1.27223,1.27235,2.25,1.12
2016.05.03 19:44:30.755,1.27224,1.27236,1.87,1.07
2016.05.03 19:44:30.857,1.27224,1.27236,2.25,1.12
2016.05.03 19:44:31.060,1.27224,1.27236,1.87,1.07
2016.05.03 19:44:31.511,1.27223,1.27234,1.00,1.87
2016.05.03 19:44:31.867,1.27221,1.27233,1.50,1.50
2016.05.03 19:44:32.374,1.27221,1.27233,1.87,1.20
2016.05.03 19:44:32.830,1.27221,1.27233,1.50,1.45
2016.05.03 19:44:32.983,1.27219,1.27231,1.12,1.00
2016.05.03 19:44:33.034,1.27218,1.27229,1.37,1.07
2016.05.03 19:44:33.185,1.27216,1.27228,1.20,1.10
2016.05.03 19:44:33.287,1.27214,1.27228,1.01,1.20
2016.05.03 19:44:33.440,1.27216,1.27229,2.25,2.62
2016.05.03 19:44:33.701,1.27219,1.2723,1.00,1.20
2016.05.03 19:44:33.802,1.27217,1.2723,1.87,1.20
2016.05.03 19:44:34.259,1.27219,1.27231,1.37,1.07
2016.05.03 19:44:34.797,1.2722,1.27232,1.50,1.50
2016.05.03 19:44:35.304,1.27221,1.27233,2.25,1.50
2016.05.03 19:44:35.457,1.27222,1.27234,1.12,2.32
2016.05.03 19:44:35.964,1.27221,1.27233,1.12,1.10
2016.05.03 19:44:36.119,1.2722,1.27233,1.62,1.45
2016.05.03 19:44:36.682,1.27221,1.27234,3.00,1.10
2016.05.03 19:44:36.988,1.27222,1.27234,1.00,1.47
2016.05.03 19:44:37.191,1.27219,1.27232,2.14,1.12
2016.05.03 19:44:37.700,1.27221,1.27234,1.31,2.25
2016.05.03 19:44:38.004,1.27223,1.27233,1.00,1.45
2016.05.03 19:44:38.106,1.27223,1.27236,1.87,3.75
2016.05.03 19:44:38.654,1.27223,1.27235,1.50,1.95
2016.05.03 19:44:38.857,1.27223,1.27236,1.50,1.12
2016.05.03 19:44:38.908,1.27223,1.27236,2.62,1.20
2016.05.03 19:44:39.010,1.27224,1.27236,1.37,1.50
2016.05.03 19:44:39.061,1.27223,1.27236,1.50,1.87
2016.05.03 19:44:39.112,1.27223,1.27235,1.50,1.75
2016.05.03 19:44:39.315,1.2722,1.27233,1.39,1.07
2016.05.03 19:44:39.468,1.2722,1.27232,1.95,1.47
2016.05.03 19:44:39.620,1.27217,1.2723,2.14,1.50
2016.05.03 19:44:40.151,1.27219,1.27231,1.50,1.87
2016.05.03 19:44:40.660,1.27221,1.27233,1.12,1.75
2016.05.03 19:44:41.167,1.27219,1.27232,3.19,1.37
2016.05.03 19:44:41.219,1.27221,1.27232,1.37,1.07
2016.05.03 19:44:41.422,1.27223,1.27234,1.00,1.57
2016.05.03 19:44:41.767,1.27221,1.27234,2.32,3.07
2016.05.03 19:44:42.275,1.27222,1.27234,1.00,2.25
2016.05.03 19:44:42.681,1.27222,1.27234,1.87,1.10
2016.05.03 19:44:42.833,1.2722,1.27233,2.06,2.25
2016.05.03 19:44:43.088,1.2722,1.27232,1.69,1.07
2016.05.03 19:44:43.190,1.2722,1.27232,1.69,1.50
2016.05.03 19:44:43.656,1.2722,1.27233,1.69,3.00
2016.05.03 19:44:43.809,1.2722,1.27232,1.25,1.37
2016.05.03 19:44:44.165,1.27221,1.27233,2.62,1.37
2016.05.03 19:44:44.775,1.27223,1.27234,1.00,1.37
2016.05.03 19:44:44.826,1.27223,1.27235,1.00,1.75
2016.05.03 19:44:44.928,1.27223,1.27235,1.00,1.87
2016.05.03 19:44:45.247,1.27225,1.27236,1.25,1.37
2016.05.03 19:44:45.757,1.27223,1.27235,1.37,1.50
2016.05.03 19:44:45.859,1.27222,1.27234,1.12,1.12
2016.05.03 19:44:46.062,1.27223,1.27236,1.87,1.75
2016.05.03 19:44:46.658,1.27224,1.27236,1.12,1.37
2016.05.03 19:44:46.963,1.27223,1.27234,1.50,1.87
2016.05.03 19:44:47.065,1.27219,1.27231,1.87,1.00
2016.05.03 19:44:47.116,1.27219,1.27231,1.37,1.12
2016.05.03 19:44:47.675,1.27221,1.27233,1.00,2.25
2016.05.03 19:44:48.322,1.2722,1.27233,2.44,1.50
2016.05.03 19:44:48.579,1.27223,1.27234,1.50,1.50
2016.05.03 19:44:49.087,1.27224,1.27237,1.12,2.62
2016.05.03 19:44:49.484,1.27222,1.27234,1.00,1.50
2016.05.03 19:44:49.535,1.27222,1.27233,1.00,1.75
2016.05.03 19:44:49.587,1.2722,1.27232,1.87,3.00
2016.05.03 19:44:49.639,1.27219,1.2723,1.50,1.12
2016.05.03 19:44:49.944,1.27217,1.27229,1.50,1.07
2016.05.03 19:44:50.096,1.27219,1.2723,1.00,1.87
2016.05.03 19:44:50.401,1.27221,1.27231,1.00,1.75
2016.05.03 19:44:50.553,1.27218,1.27231,1.69,1.75
2016.05.03 19:44:50.655,1.27218,1.27231,2.06,1.57
2016.05.03 19:44:50.796,1.27221,1.27232,1.00,2.25
2016.05.03 19:44:51.000,1.27219,1.27232,1.87,1.12
2016.05.03 19:44:51.102,1.27221,1.27232,1.12,1.87
2016.05.03 19:44:51.611,1.27221,1.27234,1.69,2.25
2016.05.03 19:44:51.915,1.27223,1.27235,1.37,1.12
2016.05.03 19:44:52.068,1.27222,1.27235,2.62,1.87
2016.05.03 19:44:52.600,1.27223,1.27235,1.87,1.82
2016.05.03 19:44:53.718,1.27221,1.27232,1.12,1.07
2016.05.03 19:44:53.871,1.27219,1.27232,1.12,3.07
2016.05.03 19:44:54.086,1.27216,1.2723,1.50,2.25
2016.05.03 19:44:54.391,1.2722,1.2723,1.00,1.12
2016.05.03 19:44:54.746,1.27221,1.27232,1.00,1.12
2016.05.03 19:44:55.506,1.2722,1.27234,1.69,2.25
2016.05.03 19:44:56.026,1.27221,1.27234,2.06,1.87
2016.05.03 19:44:56.078,1.27223,1.27233,1.00,1.12
2016.05.03 19:44:56.180,1.27221,1.27233,1.69,1.12
2016.05.03 19:44:56.687,1.27221,1.27234,1.25,2.25
2016.05.03 19:44:57.146,1.2722,1.27232,2.44,1.75
2016.05.03 19:44:57.664,1.27222,1.27232,1.00,1.75
2016.05.03 19:44:58.223,1.2722,1.27232,2.44,1.12
2016.05.03 19:44:58.985,1.27222,1.27233,1.00,1.87
2016.05.03 19:44:59.500,1.27221,1.27231,2.44,1.12
2016.05.03 19:45:00.363,1.2722,1.27229,1.00,1.10
2016.05.03 19:45:00.516,1.27218,1.27228,1.27,2.70
2016.05.03 19:45:00.618,1.27215,1.27227,1.62,1.10
2016.05.03 19:45:00.669,1.27215,1.27227,1.25,1.37
2016.05.03 19:45:01.176,1.27214,1.27226,1.37,2.32
2016.05.03 19:45:01.695,1.27214,1.27224,1.00,1.50
2016.05.03 19:45:02.203,1.27213,1.27224,1.50,1.50
2016.05.03 19:45:02.750,1.27213,1.27223,1.50,1.00
2016.05.03 19:45:03.268,1.27214,1.27224,1.00,1.50
2016.05.03 19:45:04.814,1.27213,1.27224,1.00,1.50
2016.05.03 19:45:05.321,1.27212,1.27224,2.62,1.50
2016.05.03 19:45:06.020,1.27213,1.27224,1.56,1.50
2016.05.03 19:45:06.620,1.27212,1.27224,3.94,1.50
2016.05.03 19:45:13.846,1.27213,1.27223,2.44,1.00
2016.05.03 19:45:14.392,1.27213,1.27223,1.31,1.00
2016.05.03 19:45:14.900,1.27213,1.27222,1.31,1.00
2016.05.03 19:45:15.054,1.27212,1.27222,1.10,1.50
2016.05.03 19:45:15.105,1.27212,1.27217,1.00,1.19
2016.05.03 19:45:15.308,1.27199,1.2721,1.00,1.00
2016.05.03 19:45:15.359,1.27198,1.27206,1.50,1.00
2016.05.03 19:45:15.890,1.27197,1.27207,1.69,1.00
2016.05.03 19:45:18.954,1.27197,1.27207,3.19,1.00
2016.05.03 19:45:19.296,1.27198,1.27209,1.57,1.00
2016.05.03 19:45:20.534,1.27198,1.27209,1.57,1.00
2016.05.03 19:45:21.054,1.27196,1.27209,1.39,1.87
2016.05.03 19:45:25.870,1.27197,1.27209,1.25,1.95
2016.05.03 19:45:26.378,1.27196,1.27208,1.56,1.00
2016.05.03 19:45:27.800,1.27196,1.27209,1.56,1.95
2016.05.03 19:45:28.337,1.27196,1.27208,1.56,1.00
2016.05.03 19:45:29.906,1.27196,1.27207,1.56,1.00
2016.05.03 19:45:30.798,1.27196,1.27206,2.06,1.00
2016.05.03 19:45:31.712,1.27196,1.27208,2.06,1.10
2016.05.03 19:45:31.966,1.27196,1.27206,2.06,1.00
2016.05.03 19:45:32.119,1.27196,1.27206,1.31,1.12
2016.05.03 19:45:32.221,1.27196,1.27204,1.37,1.00
2016.05.03 19:45:32.323,1.27195,1.27205,1.00,1.00
2016.05.03 19:45:33.177,1.27195,1.27206,1.10,1.00
2016.05.03 19:45:33.685,1.27195,1.27205,1.10,1.00
2016.05.03 19:45:35.319,1.27194,1.27205,2.40,1.00
2016.05.03 19:45:35.476,1.27194,1.27207,2.40,2.25
2016.05.03 19:45:35.983,1.27194,1.27206,2.40,1.00
2016.05.03 19:45:36.492,1.27195,1.27206,1.76,1.50
2016.05.03 19:45:37.720,1.27195,1.27206,1.26,1.12
2016.05.03 19:45:38.466,1.27194,1.27206,1.39,1.00
2016.05.03 19:45:38.517,1.27194,1.27204,1.64,1.00
2016.05.03 19:45:39.032,1.27194,1.27204,1.76,1.00
2016.05.03 19:45:41.677,1.27194,1.27206,1.01,1.50
2016.05.03 19:45:44.080,1.27193,1.27205,3.26,1.00
2016.05.03 19:45:45.578,1.27193,1.27204,2.04,1.50
2016.05.03 19:45:46.136,1.27194,1.27204,1.25,1.50
2016.05.03 19:45:46.238,1.27193,1.27204,2.06,1.50
2016.05.03 19:45:46.803,1.27193,1.27202,2.06,1.00
2016.05.03 19:45:47.108,1.27185,1.272,1.95,3.07
2016.05.03 19:45:47.616,1.27186,1.27199,1.50,1.95
2016.05.03 19:45:48.152,1.27186,1.27199,1.37,1.95
2016.05.03 19:45:48.687,1.27186,1.27199,1.20,1.95
2016.05.03 19:45:50.028,1.27185,1.27196,1.20,1.00
2016.05.03 19:45:50.079,1.27183,1.27196,1.25,1.95
2016.05.03 19:45:50.131,1.27182,1.27196,1.57,2.70
2016.05.03 19:45:50.639,1.27182,1.27195,1.00,2.62
2016.05.03 19:45:51.717,1.27182,1.27195,1.50,1.00
2016.05.03 19:45:52.605,1.27182,1.27195,1.50,1.20
2016.05.03 19:45:54.256,1.27182,1.27195,1.87,1.12
2016.05.03 19:45:54.763,1.27182,1.27194,1.37,1.00
2016.05.03 19:45:55.118,1.27182,1.27194,1.07,1.00
2016.05.03 19:45:55.871,1.27181,1.27194,1.20,1.87
2016.05.03 19:45:56.380,1.27179,1.27191,1.87,1.00
2016.05.03 19:45:56.794,1.27179,1.27191,1.57,1.00
2016.05.03 19:45:59.129,1.27182,1.27193,1.00,2.62
2016.05.03 19:45:59.435,1.27186,1.27197,1.07,1.00
2016.05.03 19:46:00.044,1.27185,1.27199,1.00,2.32
2016.05.03 19:46:00.298,1.27184,1.27197,1.20,1.87
2016.05.03 19:46:00.753,1.27184,1.27195,1.00,1.59
2016.05.03 19:46:00.856,1.27184,1.27196,1.00,1.54
2016.05.03 19:46:01.722,1.27184,1.27194,1.00,1.00
2016.05.03 19:46:01.773,1.27184,1.27194,1.00,1.50
2016.05.03 19:46:02.173,1.27182,1.27194,1.69,1.12
2016.05.03 19:46:03.088,1.27182,1.27195,2.44,1.21
2016.05.03 19:46:03.626,1.27183,1.27195,1.00,1.00
2016.05.03 19:46:04.499,1.27182,1.27195,2.44,1.00
2016.05.03 19:46:05.153,1.27182,1.27195,1.69,1.12
2016.05.03 19:46:05.458,1.27184,1.27198,1.47,1.57
2016.05.03 19:46:05.999,1.27186,1.27198,1.00,1.57
2016.05.03 19:46:06.456,1.27183,1.27196,1.07,1.37
2016.05.03 19:46:09.168,1.27183,1.27196,1.07,1.96
2016.05.03 19:46:09.693,1.27183,1.27196,1.07,1.59
2016.05.03 19:46:10.560,1.27183,1.27196,1.20,2.04
2016.05.03 19:46:12.169,1.27183,1.27196,1.20,1.66
2016.05.03 19:46:12.516,1.27184,1.27195,1.07,1.12
2016.05.03 19:46:13.271,1.27183,1.27195,1.07,1.12
2016.05.03 19:46:13.577,1.27183,1.27197,1.07,2.01
2016.05.03 19:46:13.780,1.27183,1.27195,1.07,1.12
2016.05.03 19:46:16.669,1.27182,1.27196,2.14,2.25
2016.05.03 19:46:16.771,1.27182,1.27195,2.14,1.00
2016.05.03 19:46:16.975,1.27182,1.27193,1.57,1.00
2016.05.03 19:46:17.531,1.27182,1.27192,1.10,1.50
2016.05.03 19:46:18.079,1.2718,1.27192,1.07,1.87
2016.05.03 19:46:20.056,1.27179,1.27192,1.95,2.25
2016.05.03 19:46:20.564,1.27179,1.27192,2.25,2.25
2016.05.03 19:46:23.787,1.27179,1.27192,2.25,1.12
2016.05.03 19:46:25.931,1.27181,1.27192,1.10,1.12
2016.05.03 19:46:30.965,1.2718,1.27192,1.10,1.12
2016.05.03 19:46:31.321,1.27179,1.27194,3.52,3.00
2016.05.03 19:46:32.513,1.27183,1.27195,1.00,2.85
2016.05.03 19:46:32.818,1.27192,1.27204,1.95,1.00
2016.05.03 19:46:33.072,1.27194,1.27207,1.37,2.44
2016.05.03 19:46:33.579,1.27195,1.27208,1.00,1.20
2016.05.03 19:46:34.518,1.27195,1.27208,1.00,1.07
2016.05.03 19:46:35.834,1.27195,1.27208,1.50,1.50
2016.05.03 19:46:35.988,1.27195,1.27208,1.50,1.87
2016.05.03 19:46:36.738,1.27196,1.27208,1.00,1.45
2016.05.03 19:46:36.790,1.27196,1.27208,1.10,1.10
2016.05.03 19:46:37.296,1.27197,1.27208,1.50,1.10
2016.05.03 19:46:38.602,1.27195,1.27208,1.87,1.47
2016.05.03 19:46:39.203,1.27195,1.27208,2.25,1.20
2016.05.03 19:46:39.711,1.27195,1.27208,2.62,1.57
2016.05.03 19:46:40.218,1.27195,1.27207,1.87,1.00
2016.05.03 19:46:40.320,1.27195,1.27205,1.12,1.00
2016.05.03 19:46:40.422,1.27193,1.27205,1.74,1.00
2016.05.03 19:46:40.523,1.27194,1.27205,1.69,1.00
2016.05.03 19:46:44.503,1.27194,1.27207,1.69,1.10
2016.05.03 19:46:44.655,1.27195,1.2721,1.92,2.51
2016.05.03 19:46:44.799,1.27196,1.2721,2.67,1.66
2016.05.03 19:46:44.952,1.27197,1.27209,1.21,1.07
2016.05.03 19:46:45.156,1.27194,1.27209,1.92,2.70
2016.05.03 19:46:45.663,1.27194,1.27207,1.74,1.12
2016.05.03 19:46:46.191,1.27193,1.27206,1.61,1.12
2016.05.03 19:46:54.072,1.27193,1.27197,1.36,1.00
2016.05.03 19:46:54.174,1.27188,1.27198,2.25,1.69
2016.05.03 19:46:54.225,1.27188,1.27198,9.16,1.69
2016.05.03 19:46:54.277,1.27193,1.272,1.00,2.25
2016.05.03 19:46:54.713,1.27191,1.27205,1.36,2.06
2016.05.03 19:46:54.764,1.27193,1.27205,1.12,1.69
2016.05.03 19:46:59.738,1.27193,1.27208,1.36,1.87
2016.05.03 19:47:01.953,1.27194,1.27208,1.36,2.25
2016.05.03 19:47:02.058,1.27194,1.27208,2.11,2.25
2016.05.03 19:47:02.515,1.27194,1.27205,2.11,1.00
2016.05.03 19:47:02.568,1.27194,1.27205,1.36,1.00
2016.05.03 19:47:04.168,1.27194,1.27205,1.47,1.50
2016.05.03 19:47:04.473,1.27193,1.27203,1.20,1.00
2016.05.03 19:47:07.873,1.27193,1.27203,1.74,1.00
2016.05.03 19:47:08.381,1.27193,1.27204,1.74,1.00
2016.05.03 19:47:09.295,1.27193,1.27203,1.74,1.00
2016.05.03 19:47:14.888,1.27194,1.27203,1.12,1.00
2016.05.03 19:47:16.320,1.27193,1.27203,1.47,1.00
2016.05.03 19:47:16.827,1.27193,1.27204,1.57,1.00
2016.05.03 19:47:24.323,1.27194,1.27205,1.87,1.50
2016.05.03 19:47:24.873,1.27195,1.27205,1.00,1.50
2016.05.03 19:47:28.353,1.27193,1.27205,1.95,1.87
2016.05.03 19:47:34.199,1.27193,1.27204,1.57,1.00
2016.05.03 19:47:34.250,1.27194,1.27204,1.20,1.00
2016.05.03 19:47:38.406,1.27194,1.27203,1.20,1.00
2016.05.03 19:47:41.902,1.27195,1.27203,1.87,1.00
2016.05.03 19:47:42.722,1.27195,1.27205,1.50,1.00
2016.05.03 19:47:43.842,1.27194,1.27204,1.12,1.00
2016.05.03 19:47:44.808,1.27194,1.27204,1.12,1.00
2016.05.03 19:47:53.018,1.27196,1.27204,1.10,1.00
2016.05.03 19:48:00.459,1.27194,1.27203,1.12,1.00
2016.05.03 19:48:01.339,1.27194,1.27202,1.12,1.00
2016.05.03 19:48:01.441,1.27194,1.27204,1.12,1.50
2016.05.03 19:48:04.831,1.27194,1.27201,1.12,1.00
2016.05.03 19:48:05.850,1.27194,1.27204,1.12,1.50
2016.05.03 19:48:07.960,1.27194,1.27203,1.12,1.00
2016.05.03 19:48:10.545,1.27194,1.27204,1.12,1.50
2016.05.03 19:48:15.269,1.27193,1.27206,1.87,2.44
2016.05.03 19:48:18.390,1.27194,1.27204,1.12,1.00
2016.05.03 19:48:18.441,1.27194,1.272,1.12,1.00
2016.05.03 19:48:18.644,1.27181,1.27194,2.02,2.32
2016.05.03 19:48:19.074,1.27182,1.27194,1.20,1.37
2016.05.03 19:48:19.179,1.27182,1.27195,1.57,1.00
2016.05.03 19:48:19.239,1.27183,1.27196,1.12,1.50
2016.05.03 19:48:19.747,1.27184,1.27196,2.25,1.00
2016.05.03 19:48:20.527,1.27186,1.27199,1.10,1.76
2016.05.03 19:48:21.596,1.27186,1.27198,1.10,1.00
2016.05.03 19:48:21.799,1.27186,1.27196,1.10,1.00
2016.05.03 19:48:22.148,1.27181,1.27194,1.12,1.50
2016.05.03 19:48:23.163,1.27181,1.27194,1.37,2.62
2016.05.03 19:48:23.900,1.27181,1.27194,1.50,2.25
2016.05.03 19:48:24.257,1.27186,1.27198,1.20,1.31
2016.05.03 19:48:24.359,1.27186,1.27199,1.37,2.14
2016.05.03 19:48:24.866,1.27186,1.27199,1.95,2.06
2016.05.03 19:48:26.663,1.27186,1.27196,1.45,1.00
2016.05.03 19:48:26.816,1.27182,1.27196,1.12,2.32
2016.05.03 19:48:27.318,1.27181,1.27193,1.50,1.00
2016.05.03 19:48:28.870,1.27181,1.27192,1.50,1.12
2016.05.03 19:48:29.023,1.27181,1.27192,1.20,1.12
2016.05.03 19:48:29.530,1.27179,1.27192,2.62,1.12
2016.05.03 19:48:30.056,1.27181,1.27192,1.45,1.00
2016.05.03 19:48:30.566,1.27179,1.27192,2.25,1.12
2016.05.03 19:48:31.077,1.27179,1.27192,2.25,1.12
2016.05.03 19:48:31.437,1.2718,1.27192,1.12,1.00
2016.05.03 19:48:31.642,1.2718,1.27192,1.67,1.12
2016.05.03 19:48:32.149,1.2718,1.27192,1.87,1.12
2016.05.03 19:48:32.656,1.2718,1.27192,1.57,1.50
2016.05.03 19:48:32.921,1.2718,1.27191,1.47,1.37
2016.05.03 19:48:33.073,1.27178,1.27191,1.87,1.87
2016.05.03 19:48:33.586,1.27178,1.27191,1.87,2.25
2016.05.03 19:48:34.184,1.27178,1.27191,1.87,1.87
2016.05.03 19:48:34.643,1.27179,1.27192,1.20,1.50
2016.05.03 19:48:35.150,1.27179,1.27192,2.70,1.00
2016.05.03 19:48:35.902,1.27179,1.27192,1.57,1.12
2016.05.03 19:48:36.005,1.27179,1.27187,2.85,1.00
2016.05.03 19:48:36.412,1.27178,1.27185,1.12,1.00
2016.05.03 19:48:36.576,1.27177,1.27188,2.25,1.00
2016.05.03 19:48:37.097,1.27177,1.27185,1.95,1.00
2016.05.03 19:48:37.707,1.27178,1.27185,1.10,1.00
2016.05.03 19:48:38.051,1.27177,1.27186,1.87,1.00
2016.05.03 19:48:38.913,1.27176,1.27183,1.27,1.00
2016.05.03 19:48:39.065,1.27172,1.27184,1.27,1.00
2016.05.03 19:48:39.593,1.27172,1.27182,2.02,1.00
2016.05.03 19:48:39.899,1.27174,1.2718,1.00,1.00
2016.05.03 19:48:40.102,1.27171,1.2718,1.57,1.00
2016.05.03 19:48:40.923,1.27173,1.2718,1.00,1.00
2016.05.03 19:48:41.026,1.27169,1.27178,1.50,1.50
2016.05.03 19:48:41.078,1.27169,1.27178,1.00,2.25
2016.05.03 19:48:41.180,1.27166,1.27178,1.10,2.62
2016.05.03 19:48:41.231,1.27164,1.27177,1.87,1.87
2016.05.03 19:48:41.739,1.27164,1.27177,2.62,1.87
2016.05.03 19:48:43.133,1.27164,1.27175,2.62,1.00
2016.05.03 19:48:51.534,1.27163,1.27176,1.12,1.87
2016.05.03 19:48:54.671,1.27162,1.27176,1.87,2.25
2016.05.03 19:48:57.805,1.27163,1.27175,1.07,1.00
2016.05.03 19:48:58.768,1.27163,1.27172,1.57,1.00
2016.05.03 19:48:59.293,1.27162,1.27172,1.07,1.12
2016.05.03 19:49:00.239,1.27162,1.27172,1.10,1.50
2016.05.03 19:49:00.747,1.27162,1.27171,1.10,1.87
2016.05.03 19:49:02.105,1.27162,1.27173,1.12,3.00
2016.05.03 19:49:02.612,1.27162,1.27173,1.12,3.00
2016.05.03 19:49:02.860,1.27163,1.27174,1.57,1.00
2016.05.03 19:49:02.962,1.27164,1.27174,1.47,1.00
2016.05.03 19:49:03.318,1.27163,1.27174,1.20,1.00
2016.05.03 19:49:05.085,1.27163,1.27175,1.20,2.06
2016.05.03 19:49:06.161,1.27162,1.27174,2.62,1.00
2016.05.03 19:49:07.374,1.27162,1.27175,3.37,1.31
2016.05.03 19:49:07.882,1.27163,1.27174,1.45,1.00
2016.05.03 19:49:10.341,1.27163,1.27175,1.45,1.25
2016.05.03 19:49:10.894,1.27163,1.27176,1.45,1.12
2016.05.03 19:49:11.438,1.27164,1.27177,1.47,1.95
2016.05.03 19:49:14.669,1.27163,1.27176,3.07,1.12
2016.05.03 19:49:16.307,1.27166,1.27178,1.00,2.70
2016.05.03 19:49:16.973,1.27165,1.27177,1.87,1.10
2016.05.03 19:49:19.354,1.27165,1.27178,1.57,3.45
2016.05.03 19:49:21.354,1.27164,1.27177,1.20,1.87
2016.05.03 19:49:22.372,1.27163,1.27176,2.62,1.12
2016.05.03 19:49:22.929,1.27163,1.27176,2.32,1.12
2016.05.03 19:49:23.459,1.27163,1.27175,2.32,1.00
2016.05.03 19:49:25.257,1.27163,1.27176,2.32,3.37
2016.05.03 19:49:25.763,1.27163,1.27176,1.57,1.95
2016.05.03 19:49:26.687,1.27165,1.27176,1.00,1.07
2016.05.03 19:49:27.194,1.27164,1.27176,1.87,1.07
2016.05.03 19:49:32.551,1.27164,1.27176,1.87,1.07
2016.05.03 19:49:33.057,1.27164,1.27176,1.12,1.07
2016.05.03 19:49:33.605,1.27164,1.27176,1.50,1.07
2016.05.03 19:49:34.910,1.27164,1.27176,1.00,1.07
2016.05.03 19:49:37.717,1.27164,1.27176,1.50,1.07
2016.05.03 19:49:39.899,1.27163,1.27176,3.07,1.20
2016.05.03 19:49:40.729,1.27164,1.27176,1.37,1.57
2016.05.03 19:49:41.033,1.27163,1.27176,1.47,1.45
2016.05.03 19:49:49.142,1.27162,1.27176,2.25,1.50
2016.05.03 19:49:51.672,1.27162,1.27172,2.25,1.00
2016.05.03 19:49:51.875,1.27164,1.27172,1.30,1.19
2016.05.03 19:49:52.535,1.27164,1.27172,1.05,1.19
2016.05.03 19:49:54.611,1.27162,1.27171,1.12,1.25
2016.05.03 19:49:55.154,1.27162,1.27171,1.50,1.25
2016.05.03 19:49:57.305,1.27162,1.27168,1.50,1.00
2016.05.03 19:49:57.457,1.27157,1.27164,1.00,1.00
2016.05.03 19:49:57.509,1.27154,1.27164,1.22,1.12
2016.05.03 19:49:57.611,1.27153,1.27164,1.00,1.12
2016.05.03 19:49:58.119,1.27153,1.27165,1.50,1.12
2016.05.03 19:49:58.373,1.27157,1.27166,1.00,1.39
2016.05.03 19:49:58.707,1.27162,1.2717,1.20,1.00
2016.05.03 19:49:59.216,1.27161,1.27171,2.25,1.00
2016.05.03 19:50:00.375,1.27161,1.27172,1.50,1.50
2016.05.03 19:50:00.781,1.27162,1.27169,1.12,1.00
2016.05.03 19:50:01.289,1.27161,1.27169,1.50,1.00
2016.05.03 19:50:01.594,1.27162,1.27171,1.12,1.00
2016.05.03 19:50:02.135,1.27162,1.2717,1.12,1.00
2016.05.03 19:50:02.490,1.27162,1.27172,1.12,1.00
2016.05.03 19:50:03.300,1.27162,1.27171,1.12,1.00
2016.05.03 19:50:04.230,1.27162,1.27169,1.12,1.00
2016.05.03 19:50:05.495,1.27162,1.27172,1.12,1.69
2016.05.03 19:50:06.005,1.27163,1.27172,1.50,1.69
2016.05.03 19:50:10.461,1.27162,1.27172,1.50,2.06
2016.05.03 19:50:10.992,1.27162,1.27172,1.50,1.69
2016.05.03 19:50:12.006,1.27161,1.2717,1.12,1.00
2016.05.03 19:50:13.418,1.27162,1.27172,1.50,1.25
2016.05.03 19:50:13.924,1.27163,1.27173,1.10,1.69
2016.05.03 19:50:14.178,1.27163,1.27172,1.47,1.25
2016.05.03 19:50:14.583,1.27162,1.27173,1.07,1.69
2016.05.03 19:50:15.118,1.27162,1.27171,1.12,1.00
2016.05.03 19:50:17.420,1.27162,1.27169,1.12,1.00
2016.05.03 19:50:18.404,1.27162,1.2717,1.12,1.00
2016.05.03 19:50:21.138,1.27162,1.27171,1.12,1.00
2016.05.03 19:50:21.890,1.27162,1.27172,1.12,1.19
2016.05.03 19:50:22.420,1.27163,1.27171,1.12,1.25
2016.05.03 19:50:22.623,1.27163,1.27175,1.50,1.12
2016.05.03 19:50:22.725,1.27166,1.27176,1.87,1.25
2016.05.03 19:50:22.827,1.27166,1.27178,2.32,1.00
2016.05.03 19:50:22.878,1.27167,1.27178,2.25,1.00
2016.05.03 19:50:27.618,1.27167,1.27179,2.25,1.50
2016.05.03 19:50:28.190,1.27167,1.2718,1.57,3.37
2016.05.03 19:50:39.731,1.27166,1.27178,1.12,2.44
2016.05.03 19:50:40.238,1.27165,1.27178,2.62,2.44
2016.05.03 19:50:40.742,1.27165,1.27178,1.87,2.06
2016.05.03 19:50:41.643,1.27165,1.27178,2.25,2.25
2016.05.03 19:50:42.151,1.27165,1.27178,2.25,1.37
2016.05.03 19:50:43.332,1.27164,1.27177,3.45,1.12
2016.05.03 19:50:43.636,1.27172,1.27178,1.00,1.00
2016.05.03 19:50:43.763,1.27172,1.27183,1.87,2.00
2016.05.03 19:50:43.814,1.27172,1.27184,2.62,1.56
2016.05.03 19:50:44.632,1.27173,1.27181,1.47,1.00
2016.05.03 19:50:44.836,1.27172,1.27181,3.37,1.00
2016.05.03 19:50:45.834,1.27172,1.27179,1.87,1.00
2016.05.03 19:50:45.987,1.27167,1.27179,1.75,1.37
2016.05.03 19:50:46.039,1.27166,1.27179,1.10,1.69
2016.05.03 19:50:46.545,1.27165,1.27179,1.57,3.19
2016.05.03 19:50:47.238,1.27165,1.27179,1.95,2.44
2016.05.03 19:50:51.929,1.27166,1.27179,1.57,2.25
2016.05.03 19:50:56.058,1.27167,1.27178,1.00,1.00
2016.05.03 19:50:56.659,1.27166,1.27178,2.32,1.00
2016.05.03 19:50:57.960,1.27167,1.27179,1.00,2.25
2016.05.03 19:50:58.011,1.27169,1.27179,1.00,1.50
2016.05.03 19:50:58.062,1.27169,1.2718,1.87,1.20
2016.05.03 19:50:58.638,1.27169,1.2718,1.57,1.00
2016.05.03 19:50:59.367,1.27169,1.2718,1.07,1.87
2016.05.03 19:51:00.482,1.27169,1.2718,1.07,1.00
2016.05.03 19:51:01.270,1.27169,1.27181,1.07,1.50
2016.05.03 19:51:02.372,1.27169,1.27181,1.95,1.00
2016.05.03 19:51:02.879,1.27169,1.27181,1.57,1.87
2016.05.03 19:51:03.885,1.27168,1.2718,3.00,1.00
2016.05.03 19:51:04.958,1.27168,1.2718,1.87,2.25
2016.05.03 19:51:06.996,1.27168,1.2718,1.12,2.62
2016.05.03 19:51:07.986,1.27166,1.27179,1.12,1.50
2016.05.03 19:51:08.038,1.27165,1.27178,1.12,1.62
2016.05.03 19:51:08.089,1.27164,1.27175,1.45,1.50
2016.05.03 19:51:08.597,1.27163,1.27175,1.87,2.06
2016.05.03 19:51:09.134,1.27163,1.27175,1.87,2.06
2016.05.03 19:51:13.299,1.27163,1.27175,2.62,1.69
2016.05.03 19:51:15.074,1.27164,1.27175,1.20,1.31
2016.05.03 19:51:15.582,1.27164,1.27176,1.20,1.31
2016.05.03 19:51:16.088,1.27164,1.27176,1.10,1.69
2016.05.03 19:51:16.986,1.27164,1.27177,1.10,2.44
2016.05.03 19:51:20.391,1.27164,1.27174,1.57,1.00
2016.05.03 19:51:20.919,1.27164,1.27176,1.10,2.06
2016.05.03 19:51:22.726,1.27164,1.27176,1.37,2.06
2016.05.03 19:51:23.233,1.27162,1.27173,1.12,1.00
2016.05.03 19:51:23.487,1.27164,1.27173,1.30,1.00
2016.05.03 19:51:24.470,1.27163,1.27173,1.37,1.00
2016.05.03 19:51:27.234,1.27163,1.27173,1.37,1.00
2016.05.03 19:51:28.540,1.27163,1.27174,1.37,1.00
2016.05.03 19:51:29.592,1.27164,1.27175,1.37,1.12
2016.05.03 19:51:41.766,1.27163,1.27175,2.25,1.25
2016.05.03 19:51:42.074,1.27163,1.27173,2.25,1.00
2016.05.03 19:51:54.101,1.27162,1.27171,1.50,1.00
2016.05.03 19:52:00.075,1.27162,1.27174,1.87,1.00
2016.05.03 19:52:02.977,1.27161,1.27174,2.25,1.50
2016.05.03 19:52:03.484,1.27161,1.27174,1.87,2.25
2016.05.03 19:52:04.022,1.27161,1.27174,1.57,3.00
2016.05.03 19:52:05.637,1.2716,1.27174,2.62,1.87
2016.05.03 19:52:06.874,1.27163,1.27174,1.00,1.95
2016.05.03 19:52:08.998,1.27163,1.27168,1.00,1.00
2016.05.03 19:52:09.960,1.2716,1.27168,1.57,1.00
2016.05.03 19:52:10.269,1.2716,1.27168,1.95,1.00
2016.05.03 19:52:10.523,1.2716,1.27168,1.95,1.00
2016.05.03 19:52:16.523,1.2716,1.27173,1.82,1.00
2016.05.03 19:52:18.073,1.27161,1.27173,1.20,1.00
2016.05.03 19:52:18.530,1.27163,1.27175,1.10,1.76
2016.05.03 19:52:18.683,1.27163,1.27176,2.32,1.07
2016.05.03 19:52:19.226,1.27165,1.27178,1.12,2.70
2016.05.03 19:52:19.582,1.27163,1.27176,1.57,1.00
2016.05.03 19:52:20.826,1.27162,1.27171,1.45,2.25
2016.05.03 19:52:21.131,1.27159,1.27171,3.45,2.25
2016.05.03 19:52:34.318,1.2716,1.27171,1.20,2.25
2016.05.03 19:52:35.011,1.27161,1.27171,1.20,2.25
2016.05.03 19:52:43.001,1.2716,1.27171,1.95,2.62
2016.05.03 19:52:43.508,1.27161,1.27171,1.10,2.25
2016.05.03 19:52:47.344,1.27161,1.2717,1.07,1.12
2016.05.03 19:53:01.184,1.27161,1.27171,1.10,2.25
2016.05.03 19:53:16.309,1.27161,1.27171,1.00,1.10
2016.05.03 19:53:16.714,1.27162,1.27172,1.37,2.32
2016.05.03 19:53:17.221,1.27162,1.27172,1.75,2.32
2016.05.03 19:53:23.403,1.27161,1.27172,1.85,1.00
2016.05.03 19:53:24.334,1.27161,1.27171,1.85,1.00
2016.05.03 19:53:24.892,1.27163,1.27171,1.37,1.00
2016.05.03 19:53:25.443,1.27162,1.27172,1.75,1.50
2016.05.03 19:53:28.704,1.27162,1.27172,1.37,1.00
2016.05.03 19:53:35.001,1.27162,1.27172,2.25,1.00
2016.05.03 19:53:38.967,1.27162,1.27175,1.87,1.01
2016.05.03 19:53:39.496,1.27164,1.27176,1.12,1.00
2016.05.03 19:53:39.751,1.27163,1.27174,1.20,1.00
2016.05.03 19:53:39.903,1.27162,1.27174,1.95,1.00
2016.05.03 19:53:40.412,1.27163,1.27175,1.10,1.00
2016.05.03 19:53:40.716,1.27163,1.27175,1.57,1.00
2016.05.03 19:53:41.223,1.27163,1.27176,2.32,2.44
2016.05.03 19:53:43.723,1.27163,1.27176,1.95,1.31
2016.05.03 19:53:43.977,1.27163,1.27176,2.70,1.12
2016.05.03 19:53:44.745,1.27165,1.27176,1.47,1.00
2016.05.03 19:53:46.347,1.27163,1.27176,3.00,1.12
2016.05.03 19:53:52.619,1.27163,1.27176,2.25,1.31
2016.05.03 19:53:59.385,1.27164,1.27176,1.45,1.19
2016.05.03 19:53:59.936,1.27164,1.27176,1.57,1.31
2016.05.03 19:54:01.832,1.27164,1.27177,1.07,2.70
2016.05.03 19:54:03.388,1.27164,1.27177,1.45,1.57
2016.05.03 19:54:03.895,1.27163,1.27177,1.87,1.57
2016.05.03 19:54:03.997,1.27164,1.27177,1.07,2.32
2016.05.03 19:54:04.099,1.27164,1.27177,1.07,1.95
2016.05.03 19:54:04.607,1.27164,1.27177,1.20,1.20
2016.05.03 19:54:05.962,1.27163,1.27177,2.25,1.57
2016.05.03 19:54:06.507,1.27164,1.27177,1.45,1.95
2016.05.03 19:54:07.046,1.27165,1.27175,1.10,1.00
2016.05.03 19:54:07.554,1.27165,1.27176,1.10,1.50
2016.05.03 19:54:08.062,1.27165,1.27176,1.10,2.06
2016.05.03 19:54:08.958,1.27163,1.27176,1.50,2.06
2016.05.03 19:54:09.919,1.27164,1.27176,1.95,1.00
2016.05.03 19:54:10.469,1.27164,1.27176,1.57,1.00
2016.05.03 19:54:11.179,1.27164,1.27177,2.32,1.95
2016.05.03 19:54:11.686,1.27164,1.27177,1.95,1.47
2016.05.03 19:54:12.409,1.27165,1.27177,1.10,1.57
2016.05.03 19:54:12.968,1.27164,1.27175,1.57,1.00
2016.05.03 19:54:13.620,1.27163,1.27176,2.62,1.00
2016.05.03 19:54:14.386,1.27165,1.27177,1.12,1.10
2016.05.03 19:54:14.935,1.27166,1.27178,1.00,1.57
2016.05.03 19:54:15.441,1.27164,1.27177,1.57,2.25
2016.05.03 19:54:15.950,1.27164,1.27177,1.95,1.87
2016.05.03 19:54:16.457,1.27164,1.27176,1.07,1.12
2016.05.03 19:54:17.723,1.27164,1.27177,1.45,1.12
2016.05.03 19:54:18.331,1.27164,1.27176,1.57,1.00
2016.05.03 19:54:18.737,1.27163,1.27173,1.50,1.00
2016.05.03 19:54:19.271,1.27162,1.27173,1.50,1.00
2016.05.03 19:54:21.641,1.27162,1.27174,1.12,1.00
2016.05.03 19:54:22.149,1.27163,1.27174,1.20,1.00
2016.05.03 19:54:22.697,1.27162,1.27173,1.94,1.00
2016.05.03 19:54:22.901,1.27162,1.27176,1.94,1.69
2016.05.03 19:54:23.055,1.27165,1.27176,1.12,1.00
2016.05.03 19:54:23.157,1.27164,1.27176,1.10,1.00
2016.05.03 19:54:23.259,1.27164,1.27176,1.12,1.00
2016.05.03 19:54:23.565,1.27164,1.27173,1.12,1.00
2016.05.03 19:54:24.104,1.27164,1.27172,1.07,1.00
2016.05.03 19:54:26.205,1.27163,1.27174,1.12,1.00
2016.05.03 19:54:26.712,1.27163,1.27176,1.50,1.69
2016.05.03 19:54:28.017,1.27165,1.27176,1.10,1.69
2016.05.03 19:54:28.526,1.27163,1.27175,1.50,1.25
2016.05.03 19:54:29.292,1.27164,1.27173,1.07,1.00
2016.05.03 19:54:29.802,1.27163,1.27174,1.95,1.00
2016.05.03 19:54:30.401,1.27163,1.27175,1.95,1.01
2016.05.03 19:54:30.452,1.27163,1.27175,1.57,1.01
2016.05.03 19:54:30.859,1.27163,1.27175,1.20,1.76
2016.05.03 19:54:31.365,1.27162,1.27175,1.45,2.14
2016.05.03 19:54:31.873,1.27163,1.27176,1.95,2.14
2016.05.03 19:54:34.170,1.27165,1.27177,1.10,1.57
2016.05.03 19:54:34.765,1.27163,1.27177,1.50,1.95
2016.05.03 19:54:35.987,1.27164,1.27176,1.20,1.00
2016.05.03 19:54:36.683,1.27163,1.27176,1.56,1.00
2016.05.03 19:54:41.813,1.27164,1.27177,1.57,3.26
2016.05.03 19:54:44.717,1.27164,1.27177,1.57,3.26
2016.05.03 19:54:45.247,1.27164,1.27177,1.57,3.26
2016.05.03 19:54:45.298,1.27164,1.27177,1.07,3.26
2016.05.03 19:54:45.400,1.27164,1.2717,1.45,1.87
2016.05.03 19:54:45.692,1.27151,1.27164,1.69,1.39
2016.05.03 19:54:46.048,1.27154,1.27164,1.00,1.39
2016.05.03 19:54:46.302,1.27152,1.27164,1.31,1.39
2016.05.03 19:54:46.519,1.27157,1.27165,1.00,2.14
2016.05.03 19:54:46.829,1.27162,1.27167,1.21,1.00
2016.05.03 19:54:46.881,1.27165,1.27175,1.12,2.25
2016.05.03 19:54:47.288,1.27164,1.27176,1.47,2.25
2016.05.03 19:54:48.406,1.27165,1.27176,1.37,1.00
2016.05.03 19:54:48.612,1.27165,1.27176,1.00,1.00
2016.05.03 19:54:48.714,1.27165,1.27176,1.37,1.00
2016.05.03 19:54:50.792,1.27163,1.27176,2.70,1.87
2016.05.03 19:54:51.500,1.27163,1.27174,1.95,1.00
2016.05.03 19:54:52.016,1.27165,1.27172,1.00,1.00
2016.05.03 19:54:52.422,1.27161,1.27172,1.57,1.50
2016.05.03 19:54:52.737,1.27162,1.27171,1.12,1.00
2016.05.03 19:54:58.235,1.27162,1.27171,1.20,1.37
2016.05.03 19:54:59.623,1.27161,1.2717,1.20,1.31
2016.05.03 19:55:00.132,1.27162,1.27166,1.10,1.00
2016.05.03 19:55:00.335,1.27153,1.27165,1.07,1.87
2016.05.03 19:55:00.844,1.27154,1.27166,1.10,1.01
2016.05.03 19:55:01.292,1.27155,1.27164,1.00,1.00
2016.05.03 19:55:01.547,1.27152,1.27163,1.10,1.00
2016.05.03 19:55:06.409,1.27152,1.27163,1.37,1.00
2016.05.03 19:55:07.074,1.27151,1.27163,1.87,1.37
2016.05.03 19:55:07.616,1.27151,1.27163,2.06,1.25
2016.05.03 19:55:07.871,1.27151,1.27163,1.62,1.69
2016.05.03 19:55:08.023,1.27148,1.2716,3.37,1.00
2016.05.03 19:55:09.100,1.27148,1.27161,2.25,1.12
2016.05.03 19:55:09.609,1.27148,1.2716,1.50,1.00
2016.05.03 19:55:10.610,1.27148,1.27159,1.37,1.12
2016.05.03 19:55:10.661,1.27148,1.27159,1.12,1.12
2016.05.03 19:55:11.354,1.27148,1.27158,1.12,1.00
2016.05.03 19:55:11.868,1.27148,1.2716,1.12,1.37
2016.05.03 19:55:12.375,1.27148,1.2716,1.37,1.00
2016.05.03 19:55:12.883,1.27149,1.27162,1.12,2.25
2016.05.03 19:55:13.423,1.27149,1.27163,1.50,2.81
2016.05.03 19:55:14.553,1.27151,1.27163,1.10,1.31
2016.05.03 19:55:16.479,1.27151,1.27161,1.10,1.00
2016.05.03 19:55:19.291,1.27148,1.2716,1.87,1.00
2016.05.03 19:55:21.070,1.27148,1.27161,3.37,2.25
2016.05.03 19:55:22.564,1.27148,1.27162,2.62,1.12
2016.05.03 19:55:23.097,1.27148,1.27162,2.62,1.12
2016.05.03 19:55:25.916,1.2715,1.27163,2.32,1.25
2016.05.03 19:55:26.452,1.2715,1.27163,2.25,1.62
2016.05.03 19:55:32.172,1.27153,1.27164,1.00,1.66
2016.05.03 19:55:32.760,1.27152,1.27164,1.31,1.66
2016.05.03 19:55:33.552,1.27153,1.27164,1.00,1.66
2016.05.03 19:55:34.078,1.27152,1.27164,1.10,1.47
2016.05.03 19:55:34.636,1.27155,1.27164,1.00,1.47
2016.05.03 19:55:34.839,1.2716,1.27171,2.79,2.44
2016.05.03 19:55:34.941,1.2716,1.27171,3.61,1.00
2016.05.03 19:55:35.486,1.27162,1.27173,1.00,2.62
2016.05.03 19:55:40.902,1.27162,1.27172,1.25,1.00
2016.05.03 19:55:43.427,1.27161,1.27172,2.14,1.00
2016.05.03 19:55:43.956,1.27162,1.27173,1.25,1.12
2016.05.03 19:55:44.008,1.27162,1.27173,1.62,1.12
2016.05.03 19:55:44.558,1.27161,1.27173,2.30,1.12
2016.05.03 19:55:47.147,1.27162,1.27173,1.25,1.50
2016.05.03 19:55:47.758,1.27162,1.27173,1.62,2.25
2016.05.03 19:55:47.860,1.27162,1.27173,1.25,2.25
2016.05.03 19:55:48.021,1.27162,1.27173,1.62,2.25
2016.05.03 19:55:48.586,1.2716,1.27171,2.07,1.12
2016.05.03 19:55:48.637,1.27159,1.27171,1.56,1.95
2016.05.03 19:55:48.688,1.27158,1.27168,2.04,1.00
2016.05.03 19:55:49.204,1.27158,1.27168,1.29,1.00
2016.05.03 19:55:49.472,1.27158,1.2717,1.29,1.95
2016.05.03 19:55:49.877,1.2716,1.2717,1.19,2.25
2016.05.03 19:55:50.030,1.27161,1.27172,2.06,1.50
2016.05.03 19:55:54.934,1.27162,1.27173,1.01,1.00
2016.05.03 19:55:55.540,1.27161,1.27173,1.01,1.00
2016.05.03 19:55:56.082,1.27162,1.27173,1.01,1.00
2016.05.03 19:55:59.158,1.27162,1.27173,1.39,1.00
2016.05.03 19:55:59.950,1.27161,1.27173,2.89,1.00
2016.05.03 19:56:00.305,1.27163,1.27174,1.75,1.87
2016.05.03 19:56:00.645,1.27169,1.27177,1.01,1.00
2016.05.03 19:56:00.798,1.27171,1.27181,1.00,1.00
2016.05.03 19:56:01.459,1.27173,1.27182,1.19,1.00
2016.05.03 19:56:01.651,1.27175,1.27188,2.44,1.57
2016.05.03 19:56:01.702,1.27175,1.27189,3.56,1.12
2016.05.03 19:56:01.755,1.27178,1.2719,1.50,1.95
2016.05.03 19:56:02.164,1.27179,1.2719,1.39,1.50
2016.05.03 19:56:02.368,1.27178,1.2719,3.26,1.50
2016.05.03 19:56:02.571,1.27179,1.2719,1.39,1.87
2016.05.03 19:56:03.017,1.27179,1.27188,1.76,1.00
2016.05.03 19:56:03.068,1.27178,1.27189,1.31,1.20
2016.05.03 19:56:03.170,1.27176,1.27187,1.25,1.12
2016.05.03 19:56:04.185,1.27175,1.27188,1.31,1.07
2016.05.03 19:56:04.722,1.27177,1.27188,1.69,1.50
2016.05.03 19:56:05.179,1.27174,1.27187,2.51,1.07
2016.05.03 19:56:05.686,1.27175,1.27188,1.69,2.25
2016.05.03 19:56:06.210,1.27175,1.27188,1.69,1.87
2016.05.03 19:56:06.363,1.27177,1.2719,1.87,2.32
2016.05.03 19:56:06.415,1.27178,1.2719,1.31,1.95
2016.05.03 19:56:06.923,1.27179,1.2719,1.31,1.95
2016.05.03 19:56:07.431,1.27178,1.27191,5.14,1.50
2016.05.03 19:56:07.688,1.27179,1.27191,2.14,1.10
2016.05.03 19:56:10.170,1.27179,1.27191,1.66,1.95
2016.05.03 19:56:10.679,1.27179,1.27189,1.56,1.12
2016.05.03 19:56:11.084,1.27179,1.27187,1.19,1.12
2016.05.03 19:56:11.135,1.27176,1.27185,1.62,1.00
2016.05.03 19:56:11.527,1.27177,1.27187,1.00,1.57
2016.05.03 19:56:12.034,1.27174,1.27187,4.39,1.57
2016.05.03 19:56:12.541,1.27176,1.27186,1.25,1.00
2016.05.03 19:56:12.592,1.27176,1.27186,1.62,1.00
2016.05.03 19:56:13.100,1.27177,1.27187,1.12,1.00
2016.05.03 19:56:13.396,1.27171,1.27183,2.51,1.57
2016.05.03 19:56:14.004,1.27171,1.27183,3.64,1.95
2016.05.03 19:56:14.410,1.27167,1.27179,2.14,1.10
2016.05.03 19:56:15.788,1.27169,1.2718,1.50,1.07
2016.05.03 19:56:16.094,1.27172,1.27183,1.12,1.50
2016.05.03 19:56:16.297,1.27168,1.27179,1.25,1.07
2016.05.03 19:56:16.907,1.27166,1.27179,2.06,1.50
2016.05.03 19:56:17.406,1.27166,1.27179,2.06,1.20
2016.05.03 19:56:17.610,1.27166,1.27177,1.69,1.37
2016.05.03 19:56:17.918,1.27168,1.27179,1.25,1.45
2016.05.03 19:56:18.530,1.27169,1.27179,1.00,1.00
2016.05.03 19:56:18.587,1.27169,1.27179,1.00,1.50
2016.05.03 19:56:19.094,1.27168,1.27179,1.25,2.25
2016.05.03 19:56:22.224,1.27166,1.27177,2.44,1.20
2016.05.03 19:56:27.619,1.27166,1.27178,2.44,2.32
2016.05.03 19:56:29.019,1.27169,1.27179,1.00,1.20
2016.05.03 19:56:29.476,1.27174,1.27179,1.00,1.07
2016.05.03 19:56:29.783,1.27179,1.27189,2.06,1.00
2016.05.03 19:56:30.376,1.27179,1.27187,2.44,1.00
2016.05.03 19:56:30.681,1.27179,1.27192,1.66,2.62
2016.05.03 19:56:31.087,1.27181,1.27192,1.25,2.25
2016.05.03 19:56:31.672,1.27181,1.27192,1.25,3.07
2016.05.03 19:56:32.028,1.27181,1.27188,1.01,1.00
2016.05.03 19:56:37.506,1.2718,1.27187,1.39,1.00
2016.05.03 19:56:46.116,1.27179,1.27187,1.20,1.00
2016.05.03 19:56:46.620,1.27179,1.27187,1.20,1.00
2016.05.03 19:56:48.274,1.2718,1.27189,1.50,1.00
2016.05.03 19:56:48.578,1.27179,1.27189,2.70,1.00
2016.05.03 19:56:48.680,1.2718,1.27189,1.87,1.00
2016.05.03 19:56:48.832,1.27179,1.27189,1.20,1.00
2016.05.03 19:56:48.935,1.27179,1.27186,1.12,1.00
2016.05.03 19:56:49.766,1.27179,1.27186,1.47,1.00
2016.05.03 19:56:50.223,1.2718,1.27188,1.12,1.00
2016.05.03 19:56:50.730,1.2718,1.27188,2.14,1.00
2016.05.03 19:56:50.960,1.2718,1.2719,2.14,1.00
2016.05.03 19:56:51.187,1.2718,1.27188,1.95,1.00
2016.05.03 19:56:51.696,1.2718,1.27188,1.47,1.00
2016.05.03 19:56:51.798,1.27179,1.27188,1.20,1.00
2016.05.03 19:56:52.304,1.2718,1.27187,1.57,1.00
2016.05.03 19:56:52.406,1.2718,1.27189,1.10,1.00
2016.05.03 19:56:52.914,1.27178,1.27186,2.70,1.00
2016.05.03 19:56:53.219,1.27178,1.27186,1.20,1.00
2016.05.03 19:56:53.473,1.27178,1.27186,1.57,1.00
2016.05.03 19:56:53.829,1.27179,1.27188,1.37,1.00
2016.05.03 19:56:54.426,1.27178,1.27187,1.00,1.00
2016.05.03 19:56:54.629,1.27178,1.27189,1.20,1.00
2016.05.03 19:56:55.149,1.27179,1.27189,1.07,1.00
2016.05.03 19:56:56.332,1.2718,1.27191,1.95,1.50
2016.05.03 19:56:56.387,1.27185,1.27191,1.00,1.50
2016.05.03 19:56:56.489,1.27183,1.27195,1.87,1.00
2016.05.03 19:56:56.591,1.27183,1.27195,1.31,1.95
2016.05.03 19:56:56.693,1.27183,1.27193,1.00,1.50
2016.05.03 19:56:56.999,1.27179,1.27193,1.95,1.95
2016.05.03 19:57:00.014,1.2718,1.27192,1.12,1.00
2016.05.03 19:57:00.116,1.2718,1.27191,1.00,1.00
2016.05.03 19:57:00.409,1.27176,1.2719,3.26,1.10
2016.05.03 19:57:00.612,1.27179,1.2719,1.37,1.10
2016.05.03 19:57:00.917,1.27178,1.2719,1.07,1.10
2016.05.03 19:57:01.171,1.2718,1.2719,1.47,1.00
2016.05.03 19:57:01.323,1.27179,1.27191,1.45,2.25
2016.05.03 19:57:01.873,1.27178,1.2719,1.20,1.00
2016.05.03 19:57:03.340,1.27178,1.27184,1.20,1.12
2016.05.03 19:57:03.392,1.27171,1.27182,3.75,1.95
2016.05.03 19:57:03.443,1.27167,1.27181,1.12,1.87
2016.05.03 19:57:03.696,1.27166,1.2718,1.95,1.95
2016.05.03 19:57:03.899,1.27167,1.2718,1.50,1.12
2016.05.03 19:57:04.204,1.2717,1.27182,1.20,1.57
2016.05.03 19:57:04.747,1.27171,1.27182,1.37,1.57
2016.05.03 19:57:04.798,1.27171,1.27182,1.00,1.57
2016.05.03 19:57:05.307,1.2717,1.27181,1.37,1.00
2016.05.03 19:57:05.411,1.27168,1.27181,1.20,1.12
2016.05.03 19:57:05.614,1.2717,1.27182,1.37,1.10
2016.05.03 19:57:05.996,1.27167,1.27179,1.57,1.12
2016.05.03 19:57:06.098,1.27167,1.2718,4.95,1.12
2016.05.03 19:57:06.301,1.27168,1.2718,1.47,1.00
2016.05.03 19:57:06.606,1.27168,1.2718,1.57,1.00
2016.05.03 19:57:06.708,1.27168,1.27181,1.95,1.00
2016.05.03 19:57:07.012,1.27168,1.27179,1.57,1.00
2016.05.03 19:57:07.587,1.27166,1.27178,1.50,1.12
2016.05.03 19:57:08.097,1.27166,1.2718,2.62,1.00
2016.05.03 19:57:08.659,1.27169,1.27182,1.50,1.57
2016.05.03 19:57:08.710,1.27167,1.2718,2.32,1.50
2016.05.03 19:57:09.016,1.27167,1.27177,1.10,1.00
2016.05.03 19:57:09.523,1.27165,1.27177,1.57,1.00
2016.05.03 19:57:09.828,1.27164,1.27175,1.10,1.00
2016.05.03 19:57:10.132,1.27165,1.27176,1.87,1.00
2016.05.03 19:57:10.370,1.27165,1.27176,1.00,1.00
2016.05.03 19:57:10.878,1.27165,1.27176,1.37,1.00
2016.05.03 19:57:11.929,1.27165,1.27178,1.12,1.57
2016.05.03 19:57:12.436,1.27165,1.27177,1.87,1.00
2016.05.03 19:57:12.741,1.2717,1.2718,1.00,1.57
2016.05.03 19:57:12.944,1.27173,1.27185,1.45,1.57
2016.05.03 19:57:13.495,1.27172,1.27184,1.50,1.00
2016.05.03 19:57:13.698,1.27171,1.27186,2.44,1.95
2016.05.03 19:57:13.953,1.27171,1.27184,2.44,1.00
2016.05.03 19:57:14.258,1.2717,1.27184,1.01,1.12
2016.05.03 19:57:14.359,1.27169,1.27181,1.50,1.00
2016.05.03 19:57:14.563,1.27165,1.27177,1.57,1.12
2016.05.03 19:57:14.665,1.27165,1.27179,2.62,1.87
2016.05.03 19:57:14.818,1.27167,1.27179,1.57,1.00
2016.05.03 19:57:15.334,1.27166,1.27179,1.12,1.50
2016.05.03 19:57:16.417,1.27165,1.27178,1.12,1.10
2016.05.03 19:57:16.670,1.27164,1.27179,1.57,2.70
2016.05.03 19:57:16.721,1.27164,1.27178,1.45,1.47
2016.05.03 19:57:17.836,1.27165,1.27178,1.47,1.95
2016.05.03 19:57:18.342,1.27164,1.27177,1.12,1.10
2016.05.03 19:57:18.850,1.27165,1.27178,1.87,1.57
2016.05.03 19:57:19.335,1.27165,1.27178,1.50,3.00
2016.05.03 19:57:19.437,1.27165,1.27178,1.87,2.62
2016.05.03 19:57:22.236,1.27166,1.27179,1.12,1.50
2016.05.03 19:57:23.667,1.27166,1.27178,1.12,1.00
2016.05.03 19:57:23.718,1.27166,1.27178,1.00,1.50
2016.05.03 19:57:23.871,1.27164,1.27177,1.39,1.87
2016.05.03 19:57:26.166,1.27164,1.27175,1.47,1.00
2016.05.03 19:57:26.508,1.27162,1.27171,1.37,1.00
2016.05.03 19:57:26.559,1.27161,1.27171,1.10,1.00
2016.05.03 19:57:27.168,1.2716,1.27171,1.57,1.00
2016.05.03 19:57:28.682,1.2716,1.27171,1.95,1.00
2016.05.03 19:57:29.456,1.2716,1.27171,1.20,1.00
2016.05.03 19:57:29.968,1.2716,1.27171,1.57,1.00
2016.05.03 19:57:30.629,1.2716,1.27171,1.95,1.00
2016.05.03 19:57:33.993,1.27161,1.27171,1.37,1.00
2016.05.03 19:57:34.882,1.27161,1.27171,1.00,1.00
2016.05.03 19:57:35.086,1.27161,1.27171,1.37,1.00
2016.05.03 19:57:36.319,1.27161,1.27166,1.37,1.00
2016.05.03 19:57:36.483,1.27157,1.27163,1.37,1.00
2016.05.03 19:57:36.534,1.27157,1.27161,1.00,1.00
2016.05.03 19:57:36.585,1.27153,1.27163,1.50,1.00
2016.05.03 19:57:36.687,1.27157,1.27166,1.20,1.00
2016.05.03 19:57:36.789,1.27157,1.27169,2.25,1.50
2016.05.03 19:57:37.297,1.27157,1.27169,3.00,1.50
2016.05.03 19:57:38.562,1.27159,1.27169,1.47,1.00
2016.05.03 19:57:39.105,1.27159,1.27169,2.70,1.00
2016.05.03 19:57:40.054,1.27159,1.2717,2.70,1.50
2016.05.03 19:57:41.973,1.2716,1.27164,1.10,1.00
2016.05.03 19:57:42.075,1.27159,1.27164,1.00,1.00
2016.05.03 19:57:42.126,1.27155,1.27162,1.31,1.00
2016.05.03 19:57:42.178,1.27156,1.27162,1.00,1.00
2016.05.03 19:57:42.279,1.27156,1.27162,1.50,1.00
2016.05.03 19:57:42.705,1.27157,1.27165,1.20,1.00
2016.05.03 19:57:42.808,1.27159,1.27168,1.50,1.00
2016.05.03 19:57:45.163,1.27159,1.2717,1.95,1.00
2016.05.03 19:57:47.525,1.2716,1.2717,1.47,2.25
2016.05.03 19:57:48.086,1.27159,1.2717,2.70,1.87
2016.05.03 19:57:48.137,1.27159,1.27168,1.95,1.00
2016.05.03 19:57:48.240,1.27159,1.27168,1.95,1.00
2016.05.03 19:57:48.748,1.27159,1.27168,1.20,1.00
2016.05.03 19:57:49.378,1.27159,1.27168,1.95,1.00
2016.05.03 19:57:49.885,1.2716,1.27168,1.20,1.00
2016.05.03 19:57:52.021,1.27159,1.27168,1.95,1.00
2016.05.03 19:57:52.275,1.27158,1.27165,2.25,1.50
2016.05.03 19:57:52.532,1.27151,1.2716,1.12,1.00
2016.05.03 19:57:54.816,1.2715,1.2716,1.47,1.00
2016.05.03 19:57:54.867,1.27153,1.2716,1.69,1.00
2016.05.03 19:57:54.969,1.27153,1.27163,1.87,1.12
2016.05.03 19:57:55.122,1.27152,1.2716,1.39,1.00
2016.05.03 19:57:55.224,1.27152,1.27161,1.00,1.00
2016.05.03 19:57:55.732,1.2715,1.27161,2.32,1.00
2016.05.03 19:57:56.236,1.27148,1.27161,3.19,1.00
2016.05.03 19:57:56.794,1.2715,1.27161,3.07,1.12
2016.05.03 19:57:56.946,1.27151,1.27161,1.20,1.00
2016.05.03 19:57:57.099,1.27153,1.27163,1.20,1.21
2016.05.03 19:57:57.557,1.27153,1.27163,1.95,1.00
2016.05.03 19:57:57.892,1.27159,1.27168,1.00,1.50
2016.05.03 19:57:58.045,1.27159,1.27168,1.10,1.00
2016.05.03 19:57:58.248,1.27159,1.27164,1.10,1.00
2016.05.03 19:57:58.503,1.27153,1.27163,2.25,1.50
2016.05.03 19:57:58.555,1.27153,1.27163,1.87,1.50
2016.05.03 19:57:59.211,1.27155,1.27163,1.00,1.00
2016.05.03 19:57:59.720,1.27154,1.27163,1.95,1.00
2016.05.03 19:57:59.772,1.27155,1.27166,1.50,1.00
2016.05.03 19:57:59.823,1.27158,1.27166,1.37,1.00
2016.05.03 19:57:59.926,1.27158,1.2717,1.00,1.87
2016.05.03 19:58:00.027,1.27158,1.2717,1.87,1.12
2016.05.03 19:58:00.332,1.27162,1.27169,1.00,1.00
2016.05.03 19:58:00.833,1.27162,1.2717,1.00,1.00
2016.05.03 19:58:01.745,1.27163,1.2717,1.00,1.00
2016.05.03 19:58:02.279,1.2716,1.2717,3.00,1.00
2016.05.03 19:58:04.683,1.2716,1.2717,2.25,1.50
2016.05.03 19:58:08.275,1.2716,1.27169,2.14,1.37
2016.05.03 19:58:10.187,1.27162,1.27169,1.00,1.00
2016.05.03 19:58:10.736,1.2716,1.27171,1.60,1.19
2016.05.03 19:58:12.089,1.27159,1.27165,1.31,1.00
2016.05.03 19:58:12.242,1.2716,1.27169,1.12,1.00
2016.05.03 19:58:12.744,1.2716,1.27169,1.57,1.00
2016.05.03 19:58:13.657,1.2716,1.27169,2.70,1.00
2016.05.03 19:58:14.079,1.27162,1.27169,1.12,1.00
2016.05.03 19:58:14.605,1.27161,1.27169,1.20,1.00
2016.05.03 19:58:15.314,1.2716,1.27169,2.32,1.00
2016.05.03 19:58:16.057,1.2716,1.27167,2.32,1.00
2016.05.03 19:58:21.574,1.27161,1.2717,1.12,1.12
2016.05.03 19:58:21.980,1.2716,1.27166,1.57,1.00
2016.05.03 19:58:22.234,1.2715,1.27161,1.07,1.12
2016.05.03 19:58:22.617,1.27149,1.27158,1.07,1.00
2016.05.03 19:58:23.126,1.27148,1.27158,1.32,1.00
2016.05.03 19:58:23.633,1.27148,1.27159,2.44,1.00
2016.05.03 19:58:24.177,1.27148,1.27158,3.19,1.00
2016.05.03 19:58:24.793,1.2715,1.2716,1.25,1.31
2016.05.03 19:58:25.898,1.27148,1.27157,3.26,1.00
2016.05.03 19:58:27.137,1.2715,1.27161,1.01,1.19
2016.05.03 19:58:27.745,1.27151,1.27161,1.37,1.19
2016.05.03 19:58:28.126,1.27155,1.27161,1.00,1.19
2016.05.03 19:58:28.178,1.27152,1.27161,1.37,1.19
2016.05.03 19:58:28.685,1.2715,1.27159,1.19,1.00
2016.05.03 19:58:29.652,1.2715,1.27158,1.19,1.00
2016.05.03 19:58:29.704,1.2715,1.27156,1.19,1.00
2016.05.03 19:58:29.755,1.27148,1.27155,1.07,1.00
2016.05.03 19:58:29.857,1.27145,1.27153,3.00,1.00
2016.05.03 19:58:30.162,1.27145,1.27151,1.12,1.00
2016.05.03 19:58:30.791,1.27146,1.27152,1.12,1.00
2016.05.03 19:58:30.842,1.27147,1.27153,1.12,1.00
2016.05.03 19:58:31.093,1.27148,1.27156,1.45,1.00
2016.05.03 19:58:31.802,1.27149,1.27157,1.50,1.00
2016.05.03 19:58:32.208,1.27148,1.27155,1.20,1.00
2016.05.03 19:58:32.742,1.27148,1.27156,1.57,1.00
2016.05.03 19:58:33.352,1.27149,1.27157,1.20,1.00
2016.05.03 19:58:33.859,1.27148,1.27157,1.50,1.00
2016.05.03 19:58:34.202,1.27143,1.27151,2.44,1.00
2016.05.03 19:58:34.254,1.27143,1.27151,2.06,1.00
2016.05.03 19:58:37.540,1.27143,1.2715,1.01,1.00
2016.05.03 19:58:44.243,1.27143,1.27149,1.76,1.00
2016.05.03 19:58:44.858,1.2714,1.27148,1.95,1.00
2016.05.03 19:58:44.960,1.2714,1.27148,1.10,1.00
2016.05.03 19:58:45.467,1.2714,1.27149,1.57,1.50
2016.05.03 19:58:45.619,1.27141,1.27146,1.00,1.00
2016.05.03 19:58:45.958,1.27134,1.2714,1.25,1.00
2016.05.03 19:58:46.112,1.27134,1.27144,1.57,1.00
2016.05.03 19:58:46.213,1.27137,1.27145,1.10,1.00
2016.05.03 19:58:46.519,1.27139,1.27146,1.12,1.00
2016.05.03 19:58:47.308,1.2714,1.27146,1.10,1.00
2016.05.03 19:58:47.920,1.2714,1.27148,1.10,1.00
2016.05.03 19:58:48.226,1.27141,1.27146,1.00,1.00
2016.05.03 19:58:48.379,1.27136,1.27143,3.00,1.00
2016.05.03 19:58:48.601,1.27133,1.27142,1.29,1.00
2016.05.03 19:58:49.109,1.27133,1.27141,1.31,1.00
2016.05.03 19:58:49.363,1.27133,1.27143,2.81,1.00
2016.05.03 19:58:49.872,1.27135,1.27143,1.37,1.00
2016.05.03 19:58:50.624,1.27139,1.27144,1.25,1.50
2016.05.03 19:58:50.676,1.27142,1.27148,1.00,1.20
2016.05.03 19:58:50.828,1.27142,1.2715,2.62,1.50
2016.05.03 19:58:51.386,1.27142,1.2715,1.31,1.50
2016.05.03 19:58:51.967,1.27142,1.27151,1.56,1.50
2016.05.03 19:58:54.013,1.27142,1.27152,2.81,1.00
2016.05.03 19:58:54.317,1.27146,1.27154,1.69,1.00
2016.05.03 19:58:54.861,1.27147,1.27154,1.20,1.00
2016.05.03 19:58:55.217,1.27149,1.27156,1.12,1.00
2016.05.03 19:58:56.116,1.27149,1.27158,1.87,1.00
2016.05.03 19:58:56.625,1.27148,1.27158,1.95,1.00
2016.05.03 19:58:56.727,1.27148,1.27158,1.20,1.00
2016.05.03 19:58:56.778,1.27148,1.27158,1.50,1.00
2016.05.03 19:58:57.134,1.27148,1.27154,1.50,1.00
2016.05.03 19:58:57.185,1.27148,1.27154,1.20,1.00
2016.05.03 19:58:57.688,1.27147,1.27154,1.50,1.00
2016.05.03 19:58:58.195,1.27146,1.27154,1.95,1.00
2016.05.03 19:58:58.704,1.27146,1.27154,2.32,1.00
2016.05.03 19:58:59.353,1.27147,1.27156,1.20,1.00
2016.05.03 19:58:59.506,1.27147,1.27156,2.25,1.00
2016.05.03 19:59:00.116,1.2715,1.27156,1.00,1.00
2016.05.03 19:59:00.624,1.27147,1.27156,3.75,1.00
2016.05.03 19:59:02.346,1.27147,1.27156,1.45,1.00
2016.05.03 19:59:02.906,1.27147,1.27156,1.57,1.00
2016.05.03 19:59:03.574,1.27147,1.27156,1.50,1.00
2016.05.03 19:59:04.084,1.27146,1.27155,2.25,1.00
2016.05.03 19:59:04.490,1.27145,1.27152,1.87,1.00
2016.05.03 19:59:04.541,1.27145,1.27152,1.00,1.00
2016.05.03 19:59:04.694,1.27142,1.2715,2.59,1.00
2016.05.03 19:59:05.244,1.27142,1.2715,2.06,1.00
2016.05.03 19:59:06.082,1.27143,1.27149,1.01,1.00
2016.05.03 19:59:06.585,1.27143,1.2715,1.01,1.00
2016.05.03 19:59:07.252,1.27141,1.27146,1.50,1.69
2016.05.03 19:59:07.303,1.27139,1.27146,2.62,1.25
2016.05.03 19:59:07.354,1.27138,1.27142,1.50,1.00
2016.05.03 19:59:07.558,1.27131,1.27141,1.95,1.00
2016.05.03 19:59:08.197,1.27131,1.27141,1.07,1.50
2016.05.03 19:59:10.288,1.27131,1.27141,1.87,1.00
2016.05.03 19:59:10.811,1.27131,1.27141,2.06,1.50
2016.05.03 19:59:11.314,1.27132,1.27141,1.37,1.50
2016.05.03 19:59:11.468,1.27132,1.27141,1.87,1.50
2016.05.03 19:59:11.824,1.27133,1.27143,2.25,1.00
2016.05.03 19:59:12.128,1.27134,1.27143,1.45,1.00
2016.05.03 19:59:13.885,1.27135,1.27146,1.57,1.50
2016.05.03 19:59:14.139,1.27135,1.27146,1.57,1.87
2016.05.03 19:59:14.343,1.27134,1.27146,3.07,1.12
2016.05.03 19:59:14.394,1.2714,1.27146,1.00,1.00
2016.05.03 19:59:14.704,1.27135,1.2714,3.45,2.62
2016.05.03 19:59:14.857,1.27132,1.27141,1.00,3.00
2016.05.03 19:59:14.909,1.27132,1.27141,1.12,1.00
2016.05.03 19:59:15.061,1.27131,1.27143,1.12,1.87
2016.05.03 19:59:15.569,1.27131,1.27142,1.12,1.00
2016.05.03 19:59:16.115,1.27131,1.27143,2.62,1.12
2016.05.03 19:59:16.318,1.27132,1.27145,2.25,1.57
2016.05.03 19:59:16.977,1.27134,1.27145,1.47,1.12
2016.05.03 19:59:17.484,1.27134,1.27145,1.95,1.00
2016.05.03 19:59:18.018,1.27135,1.27147,1.00,2.25
2016.05.03 19:59:18.525,1.27136,1.27145,1.10,1.00
2016.05.03 19:59:19.033,1.27136,1.27146,1.57,1.12
2016.05.03 19:59:19.561,1.27135,1.27145,2.14,1.00
2016.05.03 19:59:20.830,1.27136,1.27144,1.10,1.00
2016.05.03 19:59:21.495,1.27136,1.27146,1.57,1.00
2016.05.03 19:59:22.003,1.27137,1.27147,1.50,1.87
2016.05.03 19:59:22.515,1.27137,1.27147,1.07,1.50
2016.05.03 19:59:22.922,1.27134,1.27145,1.87,1.00
2016.05.03 19:59:23.429,1.27135,1.27145,1.10,1.00
2016.05.03 19:59:23.940,1.27134,1.27145,1.07,1.37
2016.05.03 19:59:24.449,1.27133,1.27145,2.25,1.50
2016.05.03 19:59:24.956,1.27136,1.27145,1.00,1.00
2016.05.03 19:59:25.494,1.27133,1.27145,3.75,1.50
2016.05.03 19:59:26.002,1.27137,1.27147,1.00,3.56
2016.05.03 19:59:26.560,1.27137,1.27147,1.37,1.69
2016.05.03 19:59:26.612,1.27137,1.27148,1.56,1.12
2016.05.03 19:59:27.233,1.27139,1.27148,1.32,1.00
2016.05.03 19:59:27.797,1.27141,1.27149,1.00,1.25
2016.05.03 19:59:28.228,1.27141,1.27145,1.00,1.00
2016.05.03 19:59:28.381,1.27139,1.27143,1.50,1.00
2016.05.03 19:59:28.432,1.27133,1.27141,1.01,1.12
2016.05.03 19:59:28.484,1.27132,1.27141,1.12,1.31
2016.05.03 19:59:29.024,1.2713,1.27141,2.06,1.69
2016.05.03 19:59:29.415,1.2713,1.27134,1.12,1.00
2016.05.03 19:59:29.467,1.27126,1.27134,1.12,1.00
2016.05.03 19:59:29.518,1.27127,1.27137,1.37,1.19
2016.05.03 19:59:29.569,1.27128,1.27139,1.31,1.37
2016.05.03 19:59:29.721,1.27129,1.2714,1.69,1.69
2016.05.03 19:59:29.773,1.27129,1.27138,1.69,1.00
2016.05.03 19:59:29.874,1.27129,1.2714,1.69,1.69
2016.05.03 19:59:30.382,1.27129,1.2714,2.25,1.50
2016.05.03 19:59:30.923,1.2713,1.2714,1.95,1.50
2016.05.03 19:59:31.430,1.27131,1.2714,1.00,1.50
2016.05.03 19:59:32.481,1.2713,1.2714,1.20,1.87
2016.05.03 19:59:32.890,1.2713,1.27138,1.20,1.00
2016.05.03 19:59:32.992,1.27129,1.2714,1.45,1.87
2016.05.03 19:59:33.836,1.27129,1.2714,1.95,2.25
2016.05.03 19:59:34.344,1.27128,1.27137,1.45,1.12
2016.05.03 19:59:34.853,1.27128,1.27136,1.45,1.00
2016.05.03 19:59:35.496,1.27127,1.27136,2.62,1.00
2016.05.03 19:59:36.003,1.27128,1.27136,1.95,1.00
2016.05.03 19:59:36.611,1.27128,1.27136,2.51,1.00
2016.05.03 19:59:39.114,1.27129,1.27139,1.01,1.00
2016.05.03 19:59:40.530,1.27128,1.27134,1.76,1.00
2016.05.03 19:59:40.632,1.27126,1.27134,1.12,1.25
2016.05.03 19:59:40.734,1.27125,1.27135,1.12,1.19
2016.05.03 19:59:40.886,1.27127,1.27136,1.37,1.69
2016.05.03 19:59:40.938,1.27127,1.27138,1.87,1.50
2016.05.03 19:59:41.476,1.27129,1.27139,2.14,1.00
2016.05.03 19:59:46.645,1.27129,1.2714,2.81,1.31
2016.05.03 19:59:49.409,1.2713,1.27142,1.39,3.19
2016.05.03 19:59:49.937,1.2713,1.27142,1.76,3.19
2016.05.03 19:59:50.790,1.2713,1.27141,2.51,1.00
2016.05.03 19:59:51.951,1.27131,1.27141,1.37,1.00
2016.05.03 19:59:52.470,1.27132,1.27142,1.00,2.44
2016.05.03 19:59:54.739,1.27131,1.27142,2.25,1.69
2016.05.03 19:59:55.246,1.27131,1.27141,1.87,1.00
2016.05.03 19:59:56.171,1.27138,1.27143,1.00,1.31
2016.05.03 19:59:56.324,1.2714,1.27147,1.20,1.37
2016.05.03 19:59:56.375,1.2714,1.2715,2.25,3.94
2016.05.03 19:59:56.427,1.27142,1.27151,1.66,1.00
2016.05.03 19:59:56.654,1.27139,1.27151,1.85,3.00
2016.05.03 19:59:56.756,1.27139,1.2715,1.57,1.00
2016.05.03 19:59:57.278,1.27139,1.27151,1.07,3.00
2016.05.03 19:59:57.786,1.27139,1.27151,2.32,1.87
2016.05.03 19:59:58.325,1.27139,1.27151,2.32,2.62
2016.05.03 19:59:59.111,1.2714,1.27151,1.00,2.62
2016.05.03 19:59:59.263,1.27139,1.27152,3.07,1.87
2016.05.03 19:59:59.315,1.2714,1.2715,1.00,1.00
2016.05.03 19:59:59.663,1.27139,1.27148,1.12,1.00
2016.05.03 19:59:59.816,1.27136,1.27147,1.57,1.00
2016.05.03 19:59:59.867,1.27136,1.27145,1.37,1.00
