2007.08.21 07:00:02.605,1.0593,1.0596,22.80,4.00
2007.08.21 07:00:03.601,1.0593,1.0596,27.60,4.00
2007.08.21 07:00:27.241,1.0593,1.0596,43.50,4.00
2007.08.21 07:00:28.467,1.0593,1.0596,27.60,4.00
2007.08.21 07:00:35.767,1.0594,1.0596,4.00,5.30
2007.08.21 07:00:35.974,1.0594,1.0596,4.00,6.70
2007.08.21 07:00:36.185,1.0593,1.0596,33.30,6.70
2007.08.21 07:00:36.580,1.0593,1.0596,29.30,6.70
2007.08.21 07:00:38.040,1.0593,1.0596,26.90,6.70
2007.08.21 07:00:44.307,1.0593,1.0597,26.90,47.80
2007.08.21 07:00:55.462,1.0593,1.0596,29.30,0.70
2007.08.21 07:00:58.228,1.0593,1.0596,29.30,6.70
2007.08.21 07:00:58.273,1.0593,1.0596,17.40,19.40
2007.08.21 07:00:58.359,1.0593,1.0596,14.20,20.20
2007.08.21 07:00:59.506,1.0593,1.0596,13.60,20.20
2007.08.21 07:01:01.752,1.0593,1.05955,13.60,0.90
2007.08.21 07:01:01.780,1.0593,1.0596,29.50,7.80
2007.08.21 07:01:01.893,1.0593,1.0596,32.70,7.00
2007.08.21 07:01:04.888,1.0593,1.0596,29.50,7.00
2007.08.21 07:01:04.981,1.0593,1.0596,31.90,7.00
2007.08.21 07:01:05.213,1.0593,1.05955,27.90,0.90
2007.08.21 07:01:06.147,1.0593,1.0596,31.90,7.00
2007.08.21 07:01:12.881,1.0593,1.05955,20.00,1.30
2007.08.21 07:01:12.937,1.0593,1.0595,20.00,4.00
2007.08.21 07:01:24.936,1.0593,1.0595,19.20,4.00
2007.08.21 07:01:35.195,1.0593,1.0595,15.20,4.00
2007.08.21 07:01:36.131,1.0593,1.0595,19.20,4.00
2007.08.21 07:01:42.444,1.0593,1.0596,19.20,27.00
2007.08.21 07:01:42.466,1.0593,1.0596,31.10,7.10
2007.08.21 07:01:49.892,1.0593,1.0596,1.90,7.10
2007.08.21 07:01:51.375,1.0593,1.0596,15.10,5.30
2007.08.21 07:01:51.812,1.0593,1.0596,30.30,5.30
2007.08.21 07:01:51.833,1.0593,1.0596,35.90,1.30
2007.08.21 07:01:51.908,1.0594,1.0596,6.60,1.30
2007.08.21 07:01:52.000,1.0594,1.0596,12.60,1.30
2007.08.21 07:01:52.032,1.0593,1.0597,39.80,10.00
2007.08.21 07:01:52.139,1.0593,1.0597,40.60,10.20
2007.08.21 07:01:52.419,1.0594,1.0597,3.60,6.20
2007.08.21 07:01:53.061,1.0594,1.0597,10.70,5.00
2007.08.21 07:01:56.787,1.0594,1.0597,15.20,6.00
2007.08.21 07:02:04.666,1.0593,1.0596,45.20,0.40
2007.08.21 07:02:05.444,1.0593,1.0596,45.00,0.40
2007.08.21 07:02:06.319,1.0593,1.0597,45.00,6.00
2007.08.21 07:02:08.411,1.0595,1.0597,1.60,6.00
2007.08.21 07:02:10.255,1.0595,1.0597,0.50,6.00
2007.08.21 07:02:10.395,1.0594,1.0597,3.00,5.00
2007.08.21 07:02:10.888,1.0593,1.0597,46.70,5.00
2007.08.21 07:02:11.910,1.0595,1.0597,0.80,1.00
2007.08.21 07:02:11.926,1.0595,1.0597,6.30,1.00
2007.08.21 07:02:12.018,1.0595,1.0597,6.00,1.00
2007.08.21 07:02:12.122,1.0595,1.0598,6.60,9.50
2007.08.21 07:02:12.339,1.0594,1.0598,29.90,5.50
2007.08.21 07:02:12.624,1.0595,1.0598,4.90,4.30
2007.08.21 07:02:14.807,1.0595,1.0597,3.40,4.00
2007.08.21 07:02:14.934,1.0595,1.0597,2.10,4.00
2007.08.21 07:02:15.042,1.0594,1.0597,3.20,4.00
2007.08.21 07:02:15.109,1.0593,1.0597,44.90,4.70
2007.08.21 07:02:15.157,1.0593,1.0597,44.90,4.70
2007.08.21 07:02:15.345,1.0593,1.0597,44.10,4.70
2007.08.21 07:02:15.460,1.0593,1.0597,44.20,5.50
2007.08.21 07:02:16.800,1.0594,1.0597,28.30,5.50
2007.08.21 07:02:16.912,1.0593,1.0597,45.80,5.50
2007.08.21 07:02:17.933,1.0593,1.0596,41.00,4.00
2007.08.21 07:02:17.941,1.0594,1.0596,4.30,4.00
2007.08.21 07:02:18.045,1.0594,1.0596,8.40,4.00
2007.08.21 07:02:18.333,1.0593,1.0597,54.00,19.00
2007.08.21 07:02:18.465,1.0593,1.0597,46.00,5.50
2007.08.21 07:02:18.854,1.0594,1.0596,15.00,4.00
2007.08.21 07:02:18.879,1.0594,1.0596,5.00,4.00
2007.08.21 07:02:18.973,1.0594,1.0596,7.80,4.00
2007.08.21 07:02:19.161,1.0594,1.0596,7.00,4.00
2007.08.21 07:02:19.367,1.0594,1.0597,7.80,12.60
2007.08.21 07:02:19.394,1.0594,1.0598,23.70,17.30
2007.08.21 07:02:19.461,1.0594,1.0598,23.70,16.50
2007.08.21 07:02:19.501,1.0594,1.0598,27.10,13.50
2007.08.21 07:02:19.810,1.0594,1.0598,27.10,5.50
2007.08.21 07:02:20.197,1.0594,1.0598,31.10,4.30
2007.08.21 07:02:20.393,1.0594,1.0598,31.10,5.10
2007.08.21 07:02:20.433,1.0594,1.0597,7.80,11.90
2007.08.21 07:02:20.504,1.0594,1.0596,7.80,4.00
2007.08.21 07:02:21.235,1.0594,1.0596,3.80,4.00
2007.08.21 07:02:21.827,1.0594,1.0596,3.00,4.00
2007.08.21 07:02:22.420,1.0594,1.0596,15.70,4.00
2007.08.21 07:02:22.510,1.0594,1.0596,19.70,4.00
2007.08.21 07:02:22.585,1.0594,1.05965,19.70,0.70
2007.08.21 07:02:22.692,1.0594,1.05965,20.50,0.70
2007.08.21 07:02:22.893,1.0594,1.05965,22.70,0.70
2007.08.21 07:02:23.019,1.0595,1.05965,4.80,0.70
2007.08.21 07:02:23.100,1.0595,1.0597,4.80,4.00
2007.08.21 07:02:23.429,1.0595,1.0597,8.80,4.00
2007.08.21 07:02:23.815,1.0595,1.0597,11.00,4.00
2007.08.21 07:02:23.848,1.0595,1.0597,15.00,4.00
2007.08.21 07:02:24.889,1.0595,1.0597,16.60,4.00
2007.08.21 07:02:26.544,1.0595,1.0597,12.60,4.00
2007.08.21 07:02:26.912,1.0595,1.0597,10.40,4.00
2007.08.21 07:02:26.973,1.0595,1.0597,6.40,4.00
2007.08.21 07:02:27.076,1.0595,1.0597,4.00,4.00
2007.08.21 07:02:27.383,1.0594,1.0597,35.70,4.00
2007.08.21 07:02:27.493,1.0595,1.0597,4.80,4.00
2007.08.21 07:02:27.908,1.0595,1.0597,3.20,4.00
2007.08.21 07:02:28.004,1.0595,1.0597,4.00,4.00
2007.08.21 07:02:28.324,1.0594,1.0597,27.70,4.00
2007.08.21 07:02:28.417,1.0594,1.0597,29.30,4.00
2007.08.21 07:02:32.470,1.0594,1.0597,28.50,4.00
2007.08.21 07:02:35.870,1.0594,1.0597,20.60,15.90
2007.08.21 07:02:35.888,1.0594,1.0596,20.60,4.00
2007.08.21 07:02:35.992,1.0594,1.0596,16.80,4.00
2007.08.21 07:02:36.400,1.0594,1.0596,12.80,4.00
2007.08.21 07:02:38.444,1.0594,1.0596,9.60,4.00
2007.08.21 07:02:38.481,1.0594,1.0596,8.00,4.00
2007.08.21 07:02:38.997,1.0594,1.0596,6.40,4.00
2007.08.21 07:02:39.102,1.0594,1.0596,4.00,4.00
2007.08.21 07:02:39.315,1.0593,1.0596,31.70,4.00
2007.08.21 07:02:39.408,1.0593,1.0596,30.10,4.00
2007.08.21 07:02:39.534,1.0593,1.0596,26.10,4.00
2007.08.21 07:02:52.352,1.0593,1.0596,26.10,4.70
2007.08.21 07:02:52.387,1.0593,1.0596,26.10,5.50
2007.08.21 07:02:55.370,1.0593,1.0596,26.10,0.50
2007.08.21 07:02:58.699,1.0593,1.0597,26.90,45.80
2007.08.21 07:03:22.049,1.0593,1.0597,28.50,43.20
2007.08.21 07:03:22.261,1.0593,1.0597,4.80,15.50
2007.08.21 07:03:23.503,1.0593,1.0596,4.80,8.20
2007.08.21 07:03:46.305,1.0593,1.0596,4.80,8.10
2007.08.21 07:03:46.414,1.0593,1.0596,4.80,8.20
2007.08.21 07:03:52.230,1.0593,1.0596,4.80,8.20
2007.08.21 07:03:52.351,1.0593,1.0596,4.80,7.40
2007.08.21 07:03:54.198,1.0593,1.0596,4.80,8.20
2007.08.21 07:04:05.599,1.0594,1.0596,0.80,8.20
2007.08.21 07:04:05.709,1.0594,1.0596,1.60,8.20
2007.08.21 07:04:06.030,1.0594,1.0596,5.60,8.20
2007.08.21 07:04:09.260,1.0594,1.0596,5.60,7.40
2007.08.21 07:04:09.302,1.0594,1.0596,5.60,6.70
2007.08.21 07:04:13.274,1.0594,1.0596,0.80,6.70
2007.08.21 07:04:13.724,1.0594,1.05965,0.80,7.40
2007.08.21 07:04:14.824,1.0594,1.05965,5.60,7.40
2007.08.21 07:04:15.023,1.0594,1.05965,5.60,19.30
2007.08.21 07:04:15.052,1.0594,1.0596,5.60,18.60
2007.08.21 07:04:20.186,1.0594,1.0596,6.40,18.60
2007.08.21 07:04:24.069,1.0594,1.0595,6.40,0.50
2007.08.21 07:04:34.136,1.0594,1.0596,2.40,19.00
2007.08.21 07:04:35.309,1.0594,1.0596,2.40,18.90
2007.08.21 07:04:35.759,1.0594,1.0596,0.80,27.70
2007.08.21 07:04:35.957,1.0594,1.0595,4.80,0.70
2007.08.21 07:04:36.173,1.0594,1.0596,0.80,27.70
2007.08.21 07:04:36.594,1.0593,1.0594,19.20,0.70
2007.08.21 07:04:36.725,1.0593,1.0594,16.00,0.90
2007.08.21 07:04:37.180,1.0593,1.0595,12.00,18.60
2007.08.21 07:04:37.268,1.0593,1.0595,8.00,18.60
2007.08.21 07:04:41.044,1.0593,1.0596,6.40,23.40
2007.08.21 07:04:41.096,1.0593,1.0596,6.40,23.40
2007.08.21 07:04:41.653,1.0593,1.0595,4.80,0.70
2007.08.21 07:04:41.735,1.0593,1.0595,4.80,0.60
2007.08.21 07:04:41.845,1.0593,1.0595,4.00,0.70
2007.08.21 07:04:41.872,1.0593,1.0595,4.00,0.90
2007.08.21 07:04:42.189,1.0592,1.0596,34.10,41.00
2007.08.21 07:04:43.129,1.0592,1.0596,30.90,42.20
2007.08.21 07:04:44.025,1.0592,1.0594,30.90,0.70
2007.08.21 07:04:44.103,1.0592,1.0594,22.20,0.70
2007.08.21 07:04:44.738,1.0593,1.0595,0.80,25.70
2007.08.21 07:04:45.979,1.0593,1.0596,0.80,42.10
2007.08.21 07:04:46.035,1.0593,1.0596,0.80,42.20
2007.08.21 07:04:47.750,1.0593,1.0596,0.80,42.30
2007.08.21 07:04:51.411,1.0593,1.0595,0.80,6.30
2007.08.21 07:04:55.148,1.0592,1.0595,19.80,6.30
2007.08.21 07:04:55.242,1.0592,1.0594,21.40,0.40
2007.08.21 07:04:55.650,1.0592,1.0595,21.40,8.60
2007.08.21 07:05:01.507,1.0592,1.0594,21.40,0.30
2007.08.21 07:05:02.161,1.0592,1.0594,21.40,0.20
2007.08.21 07:05:04.402,1.0592,1.0595,21.40,6.10
2007.08.21 07:05:10.164,1.0592,1.0595,29.30,6.10
2007.08.21 07:06:30.749,1.0592,1.0594,31.10,0.30
2007.08.21 07:06:34.914,1.0591,1.0594,43.10,0.30
2007.08.21 07:06:40.124,1.0591,1.0594,47.00,0.30
2007.08.21 07:06:42.135,1.0591,1.0594,43.10,0.30
2007.08.21 07:06:46.669,1.0591,1.0594,43.10,0.20
2007.08.21 07:06:47.197,1.0592,1.0595,4.60,5.80
2007.08.21 07:06:58.484,1.0591,1.0594,42.30,0.20
2007.08.21 07:07:01.087,1.0592,1.0594,0.80,0.20
2007.08.21 07:07:03.946,1.0592,1.0595,19.00,25.90
2007.08.21 07:07:03.988,1.0592,1.0594,19.00,0.90
2007.08.21 07:07:05.139,1.0592,1.0594,19.00,0.80
2007.08.21 07:07:05.342,1.0592,1.0594,18.20,0.50
2007.08.21 07:07:05.447,1.0592,1.0595,16.60,0.70
2007.08.21 07:07:05.460,1.0592,1.0593,6.40,0.90
2007.08.21 07:07:05.552,1.0592,1.0594,4.00,24.80
2007.08.21 07:07:05.869,1.0592,1.0595,4.00,22.70
2007.08.21 07:07:05.993,1.0591,1.0593,8.80,23.90
2007.08.21 07:07:06.101,1.0591,1.0592,4.80,0.80
2007.08.21 07:07:06.375,1.0591,1.0593,0.80,24.60
2007.08.21 07:07:08.476,1.0591,1.0593,1.60,16.60
2007.08.21 07:07:08.880,1.0591,1.0593,9.60,16.60
2007.08.21 07:07:08.950,1.0591,1.0594,12.00,33.80
2007.08.21 07:07:08.988,1.0591,1.0593,16.00,0.90
2007.08.21 07:07:09.080,1.0591,1.0594,21.60,17.20
2007.08.21 07:07:10.051,1.0591,1.0594,25.60,16.00
2007.08.21 07:07:13.858,1.0592,1.05945,0.80,16.70
2007.08.21 07:07:13.978,1.0592,1.0594,6.40,0.60
2007.08.21 07:07:14.073,1.0592,1.05945,8.80,4.70
2007.08.21 07:07:14.376,1.0593,1.05945,3.20,0.70
2007.08.21 07:07:14.401,1.0593,1.0595,7.20,25.60
2007.08.21 07:07:14.469,1.0593,1.0596,7.20,40.80
2007.08.21 07:07:14.611,1.0594,1.0596,0.80,21.60
2007.08.21 07:07:14.711,1.0594,1.0595,4.00,0.70
2007.08.21 07:07:14.926,1.0594,1.0596,4.80,17.60
2007.08.21 07:07:15.432,1.0593,1.0594,19.00,0.50
2007.08.21 07:07:15.485,1.0593,1.0594,13.40,0.70
2007.08.21 07:07:15.572,1.0593,1.0595,8.80,4.40
2007.08.21 07:07:15.743,1.0593,1.0595,8.00,4.40
2007.08.21 07:07:15.942,1.0593,1.0595,8.80,0.80
2007.08.21 07:07:16.013,1.0594,1.0595,4.00,0.50
2007.08.21 07:07:16.121,1.0593,1.0595,8.80,0.80
2007.08.21 07:07:16.556,1.0593,1.05955,4.80,5.00
2007.08.21 07:07:20.446,1.0593,1.0596,23.10,4.60
2007.08.21 07:07:20.550,1.0593,1.0596,23.90,4.60
2007.08.21 07:07:20.560,1.0594,1.0595,8.00,0.30
2007.08.21 07:07:20.967,1.0594,1.0595,12.00,0.30
2007.08.21 07:07:21.101,1.0594,1.0595,14.40,0.30
2007.08.21 07:07:24.697,1.0594,1.0596,12.00,4.60
2007.08.21 07:07:27.890,1.0594,1.0595,9.60,0.60
2007.08.21 07:07:27.947,1.0594,1.0596,2.40,4.70
2007.08.21 07:07:28.065,1.0594,1.0596,5.60,18.90
2007.08.21 07:07:28.255,1.0594,1.0595,4.00,4.30
2007.08.21 07:07:28.683,1.0593,1.0595,23.80,4.30
2007.08.21 07:07:30.157,1.05925,1.0595,24.60,4.30
2007.08.21 07:07:56.681,1.05925,1.0595,24.60,0.40
2007.08.21 07:07:57.735,1.0593,1.0596,22.30,4.30
2007.08.21 07:07:58.007,1.0595,1.0596,1.60,0.40
2007.08.21 07:08:21.417,1.0595,1.0596,1.60,4.30
2007.08.21 07:08:22.506,1.0595,1.0596,1.60,16.20
2007.08.21 07:08:22.540,1.0594,1.0595,0.80,4.00
2007.08.21 07:08:22.648,1.0593,1.0595,24.70,4.00
2007.08.21 07:08:24.839,1.0593,1.0595,22.30,4.00
2007.08.21 07:08:27.079,1.0593,1.0596,22.30,4.20
2007.08.21 07:08:27.183,1.0593,1.0596,23.10,4.20
2007.08.21 07:08:27.282,1.0595,1.0596,1.30,4.30
2007.08.21 07:08:58.789,1.0595,1.0596,1.00,4.30
2007.08.21 07:09:27.169,1.0595,1.0596,1.00,4.20
2007.08.21 07:09:27.289,1.0595,1.0596,1.80,4.20
2007.08.21 07:09:27.373,1.0595,1.0596,1.80,4.30
2007.08.21 07:09:27.480,1.0595,1.0596,2.60,4.20
2007.08.21 07:09:27.573,1.0595,1.0596,6.60,4.20
2007.08.21 07:09:29.590,1.0595,1.0597,6.60,17.60
2007.08.21 07:09:45.926,1.0595,1.0596,6.60,0.80
2007.08.21 07:09:50.388,1.0595,1.0597,5.80,23.90
2007.08.21 07:09:50.497,1.0595,1.0596,5.00,0.60
2007.08.21 07:09:50.713,1.0595,1.0596,1.00,0.50
2007.08.21 07:09:52.477,1.0595,1.0596,1.00,0.90
2007.08.21 07:10:00.783,1.0594,1.0595,16.00,4.00
2007.08.21 07:10:02.394,1.0595,1.0596,0.70,12.20
2007.08.21 07:10:11.705,1.0595,1.0596,0.70,12.20
2007.08.21 07:10:11.749,1.0593,1.0596,19.90,13.80
2007.08.21 07:10:11.867,1.0593,1.0596,18.40,14.60
2007.08.21 07:10:11.959,1.0593,1.0596,14.40,14.60
2007.08.21 07:10:12.305,1.0593,1.0596,14.40,15.40
2007.08.21 07:10:12.405,1.0593,1.0595,15.80,11.90
2007.08.21 07:10:13.095,1.0593,1.0595,11.80,11.90
2007.08.21 07:10:21.595,1.0593,1.0595,11.20,11.90
2007.08.21 07:10:25.723,1.0593,1.0594,10.40,4.00
2007.08.21 07:10:27.972,1.0593,1.0594,0.50,4.00
2007.08.21 07:10:41.120,1.0592,1.0594,27.00,4.00
2007.08.21 07:10:42.269,1.0593,1.0594,1.10,4.00
2007.08.21 07:10:51.196,1.0592,1.0594,28.00,4.00
2007.08.21 07:10:51.406,1.0592,1.0594,26.40,4.00
2007.08.21 07:10:55.912,1.0593,1.0594,4.80,4.00
2007.08.21 07:10:55.986,1.0593,1.0594,4.00,4.00
2007.08.21 07:10:56.620,1.0592,1.0594,12.60,4.00
2007.08.21 07:10:56.665,1.0592,1.0594,11.80,4.00
2007.08.21 07:10:56.771,1.0592,1.0595,11.80,29.00
2007.08.21 07:10:56.911,1.0592,1.0595,0.80,17.00
2007.08.21 07:10:57.018,1.0592,1.0593,4.00,4.00
2007.08.21 07:10:57.293,1.0592,1.0594,4.00,14.30
2007.08.21 07:10:57.389,1.0591,1.0594,8.00,15.10
2007.08.21 07:10:57.485,1.0591,1.0592,12.00,4.00
2007.08.21 07:10:57.905,1.0591,1.0592,11.20,4.00
2007.08.21 07:10:58.301,1.0591,1.0593,11.20,15.90
2007.08.21 07:10:58.314,1.0591,1.0593,14.40,4.00
2007.08.21 07:10:58.435,1.0591,1.0593,16.80,4.00
2007.08.21 07:10:58.527,1.0591,1.0593,20.00,4.00
2007.08.21 07:10:58.822,1.0592,1.0594,0.80,21.40
2007.08.21 07:10:58.851,1.0592,1.0594,3.20,4.70
2007.08.21 07:10:58.947,1.0592,1.0594,13.60,4.70
2007.08.21 07:10:59.042,1.0592,1.0594,13.60,0.50
2007.08.21 07:10:59.262,1.0592,1.0595,17.60,32.10
2007.08.21 07:10:59.442,1.0592,1.0594,17.60,0.50
2007.08.21 07:11:13.701,1.0592,1.0595,15.20,33.80
2007.08.21 07:11:27.267,1.0592,1.0595,11.20,33.80
2007.08.21 07:11:28.925,1.0592,1.0594,13.60,4.00
2007.08.21 07:11:29.084,1.0592,1.0594,17.60,4.00
2007.08.21 07:11:29.250,1.0592,1.0594,21.60,4.00
2007.08.21 07:11:29.542,1.0592,1.0594,5.20,4.00
2007.08.21 07:11:38.831,1.0592,1.0594,24.00,4.00
2007.08.21 07:11:38.924,1.0592,1.0594,28.00,4.00
2007.08.21 07:11:38.938,1.0593,1.0595,0.80,15.90
2007.08.21 07:11:39.010,1.0593,1.0595,0.80,4.00
2007.08.21 07:11:39.460,1.0593,1.0596,0.80,20.10
2007.08.21 07:11:39.529,1.0593,1.0594,0.80,4.00
2007.08.21 07:11:39.661,1.0592,1.0594,24.60,4.00
2007.08.21 07:11:39.878,1.0593,1.0595,0.80,15.90
2007.08.21 07:11:40.035,1.0593,1.0595,4.80,4.00
2007.08.21 07:11:48.033,1.0593,1.0595,10.40,4.00
2007.08.21 07:11:48.188,1.0593,1.0595,14.40,4.00
2007.08.21 07:11:48.455,1.0593,1.0595,18.40,4.00
2007.08.21 07:11:48.501,1.0593,1.0595,20.80,4.00
2007.08.21 07:11:48.574,1.0593,1.0595,24.80,4.00
2007.08.21 07:11:49.012,1.0592,1.0595,30.20,4.00
2007.08.21 07:11:53.204,1.0594,1.0595,0.20,4.00
2007.08.21 07:11:54.564,1.0593,1.0595,24.80,4.00
2007.08.21 07:11:58.011,1.0593,1.0595,27.20,4.00
2007.08.21 07:12:01.425,1.0593,1.0595,27.20,5.60
2007.08.21 07:12:10.666,1.0594,1.0595,0.20,5.60
2007.08.21 07:12:13.023,1.0593,1.0595,20.80,5.60
2007.08.21 07:12:13.186,1.0593,1.0595,16.80,5.60
2007.08.21 07:12:13.445,1.0594,1.0595,0.20,5.60
2007.08.21 07:12:13.456,1.0594,1.0595,0.90,5.60
2007.08.21 07:12:13.650,1.0595,1.0596,0.10,0.60
2007.08.21 07:12:14.122,1.0595,1.0596,0.10,4.00
2007.08.21 07:12:14.477,1.0594,1.0596,0.90,4.00
2007.08.21 07:12:25.892,1.0594,1.0596,0.90,4.10
2007.08.21 07:12:29.093,1.0594,1.0596,10.50,4.00
2007.08.21 07:12:29.559,1.0594,1.0596,12.90,4.00
2007.08.21 07:12:29.624,1.0594,1.0596,20.90,4.00
2007.08.21 07:12:30.073,1.0594,1.0596,24.90,4.00
2007.08.21 07:12:38.741,1.0594,1.0596,24.80,4.00
2007.08.21 07:12:39.352,1.0594,1.0596,4.60,4.00
2007.08.21 07:12:41.649,1.05935,1.0596,28.00,4.00
2007.08.21 07:12:57.107,1.05935,1.0596,24.60,4.00
2007.08.21 07:13:08.340,1.0594,1.0597,23.80,15.90
2007.08.21 07:13:08.537,1.0595,1.0597,0.80,11.90
2007.08.21 07:13:08.671,1.0594,1.05975,27.40,0.60
2007.08.21 07:13:08.775,1.0594,1.05975,38.70,0.60
2007.08.21 07:13:08.844,1.0595,1.0598,2.10,4.50
2007.08.21 07:13:08.870,1.0594,1.0598,38.70,4.00
2007.08.21 07:13:31.146,1.0594,1.0598,43.70,4.00
2007.08.21 07:13:31.241,1.0594,1.0598,44.90,4.00
2007.08.21 07:13:31.670,1.0594,1.0598,52.10,4.00
2007.08.21 07:13:32.152,1.0594,1.0598,52.10,4.00
2007.08.21 07:13:51.100,1.0595,1.05985,39.70,0.60
2007.08.21 07:13:51.162,1.0596,1.05985,11.90,0.60
2007.08.21 07:13:51.210,1.0596,1.05985,12.70,0.60
2007.08.21 07:13:51.307,1.0596,1.0599,12.70,5.60
2007.08.21 07:13:53.144,1.0596,1.0599,16.70,5.60
2007.08.21 07:13:53.158,1.0596,1.0599,23.90,1.60
2007.08.21 07:13:53.245,1.0597,1.0599,18.30,1.60
2007.08.21 07:13:53.350,1.0597,1.0599,22.30,1.60
2007.08.21 07:13:53.456,1.0597,1.0599,24.70,1.60
2007.08.21 07:13:53.667,1.0597,1.0599,40.70,1.60
2007.08.21 07:13:53.764,1.0597,1.0599,41.50,1.60
2007.08.21 07:13:53.773,1.0597,1.0599,40.70,1.60
2007.08.21 07:13:54.064,1.0597,1.0599,39.90,1.60
2007.08.21 07:13:54.781,1.0597,1.06,39.90,7.40
2007.08.21 07:13:55.040,1.0597,1.06,43.90,6.20
2007.08.21 07:13:56.663,1.06,1.06005,2.50,0.60
2007.08.21 07:13:56.867,1.06,1.06005,3.30,0.60
2007.08.21 07:13:56.883,1.06,1.06005,1.00,0.60
2007.08.21 07:13:56.990,1.06,1.0601,1.50,0.80
2007.08.21 07:13:57.080,1.0599,1.0602,38.40,9.20
2007.08.21 07:13:57.138,1.06,1.0602,1.50,8.00
2007.08.21 07:13:57.189,1.0599,1.0602,40.80,8.00
2007.08.21 07:13:57.288,1.06,1.0602,1.90,4.00
2007.08.21 07:13:57.488,1.0599,1.0602,44.70,4.00
2007.08.21 07:13:59.132,1.06,1.0603,3.20,19.90
2007.08.21 07:13:59.168,1.0599,1.0601,15.20,4.00
2007.08.21 07:13:59.281,1.06,1.0601,1.70,4.00
2007.08.21 07:13:59.687,1.0598,1.0601,17.30,4.00
2007.08.21 07:14:01.092,1.0598,1.0601,6.30,4.00
2007.08.21 07:14:10.686,1.0597,1.0601,40.40,4.00
2007.08.21 07:14:10.724,1.0597,1.0602,45.20,32.30
2007.08.21 07:14:10.780,1.0598,1.0602,33.90,12.40
2007.08.21 07:14:10.821,1.0598,1.0602,35.50,11.60
2007.08.21 07:14:10.887,1.0599,1.0602,1.00,7.60
2007.08.21 07:14:11.095,1.0599,1.0602,2.80,5.20
2007.08.21 07:14:11.113,1.0598,1.0602,38.00,4.00
2007.08.21 07:14:11.228,1.0598,1.0602,40.40,4.00
2007.08.21 07:14:11.397,1.0598,1.0602,43.80,4.00
2007.08.21 07:14:12.856,1.0598,1.0602,46.00,4.00
2007.08.21 07:14:12.973,1.0598,1.0602,46.80,4.00
2007.08.21 07:14:16.166,1.0598,1.0602,46.90,4.00
2007.08.21 07:14:16.179,1.06,1.0603,5.60,37.70
2007.08.21 07:14:16.262,1.06,1.0603,39.80,13.20
2007.08.21 07:14:16.274,1.0601,1.0603,1.90,12.40
2007.08.21 07:14:16.371,1.06,1.0603,43.80,10.00
2007.08.21 07:14:16.793,1.06,1.0603,44.60,6.00
2007.08.21 07:14:17.113,1.0601,1.0603,1.50,4.80
2007.08.21 07:14:18.317,1.06,1.0603,50.20,4.80
2007.08.21 07:14:18.343,1.06,1.0603,52.40,4.80
2007.08.21 07:14:23.123,1.06,1.0603,53.20,4.00
2007.08.21 07:14:24.054,1.0601,1.0603,9.60,4.00
2007.08.21 07:14:35.197,1.0601,1.0604,12.00,15.90
2007.08.21 07:14:35.247,1.0602,1.0603,15.90,1.60
2007.08.21 07:14:35.307,1.0602,1.0603,16.70,1.60
2007.08.21 07:14:36.402,1.0602,1.0604,16.70,1.60
2007.08.21 07:14:37.825,1.0602,1.0605,16.70,5.60
2007.08.21 07:14:38.242,1.0602,1.0604,4.80,11.90
2007.08.21 07:14:38.274,1.0602,1.0603,4.00,4.00
2007.08.21 07:14:38.469,1.0601,1.0603,19.00,4.00
2007.08.21 07:14:38.767,1.0601,1.0603,15.00,4.00
2007.08.21 07:14:38.872,1.0601,1.0603,15.00,5.60
2007.08.21 07:14:39.138,1.0601,1.0603,11.00,5.60
2007.08.21 07:14:39.390,1.0601,1.0603,10.20,5.60
2007.08.21 07:14:39.441,1.0601,1.0603,9.40,5.60
2007.08.21 07:14:41.365,1.0601,1.0603,10.20,5.60
2007.08.21 07:14:41.396,1.0601,1.0603,11.00,5.60
2007.08.21 07:14:45.982,1.06,1.0603,47.40,5.60
2007.08.21 07:14:50.912,1.06,1.0603,51.60,5.60
2007.08.21 07:14:53.810,1.0601,1.0603,1.90,5.60
2007.08.21 07:14:53.826,1.06,1.0603,46.90,5.60
2007.08.21 07:14:55.262,1.06,1.0603,43.90,5.60
2007.08.21 07:14:55.271,1.06,1.0602,42.30,4.00
2007.08.21 07:14:55.367,1.0601,1.0602,1.40,4.00
2007.08.21 07:14:55.481,1.0601,1.0602,0.80,4.00
2007.08.21 07:14:55.990,1.0599,1.0602,17.30,4.00
2007.08.21 07:14:56.118,1.0599,1.0602,17.30,5.60
2007.08.21 07:14:56.230,1.0598,1.0602,38.80,5.60
2007.08.21 07:14:58.271,1.0599,1.0602,14.10,5.60
2007.08.21 07:15:04.414,1.06,1.0602,0.80,8.00
2007.08.21 07:15:07.958,1.0599,1.0602,41.30,5.60
2007.08.21 07:15:41.047,1.0599,1.0602,40.50,5.60
2007.08.21 07:15:45.904,1.0599,1.0602,40.50,4.00
2007.08.21 07:15:46.952,1.0599,1.0602,42.10,4.00
2007.08.21 07:16:03.519,1.0599,1.0602,42.10,5.60
2007.08.21 07:16:12.916,1.0599,1.0602,39.70,5.60
2007.08.21 07:16:12.977,1.0599,1.0602,19.80,5.60
2007.08.21 07:16:13.074,1.0599,1.0602,29.30,5.60
2007.08.21 07:16:13.382,1.0599,1.0602,21.30,5.60
2007.08.21 07:16:13.429,1.0599,1.0601,21.30,4.00
2007.08.21 07:16:13.490,1.0599,1.0601,9.40,4.00
2007.08.21 07:16:13.599,1.0599,1.0601,5.40,4.00
2007.08.21 07:16:14.013,1.0599,1.0601,4.80,5.60
2007.08.21 07:16:14.162,1.0599,1.0601,0.80,5.60
2007.08.21 07:16:20.437,1.0599,1.0601,1.60,5.60
2007.08.21 07:16:20.544,1.0599,1.0601,2.40,5.60
2007.08.21 07:16:20.856,1.0599,1.0601,6.40,5.60
2007.08.21 07:16:50.215,1.0599,1.0601,2.40,5.60
2007.08.21 07:16:50.932,1.0599,1.0601,6.40,5.60
2007.08.21 07:16:54.048,1.0599,1.0601,5.60,5.60
2007.08.21 07:16:54.155,1.0599,1.0601,4.80,5.60
2007.08.21 07:16:54.571,1.0599,1.0601,0.80,5.60
2007.08.21 07:16:57.858,1.0598,1.0601,31.70,5.60
2007.08.21 07:17:12.633,1.0599,1.06,0.80,1.60
2007.08.21 07:17:12.728,1.0598,1.06,30.10,1.20
2007.08.21 07:17:23.733,1.0598,1.0601,27.90,5.60
2007.08.21 07:17:34.732,1.0599,1.06,0.80,4.00
2007.08.21 07:17:35.348,1.0599,1.06,0.80,5.60
2007.08.21 07:17:46.454,1.0599,1.06,0.80,5.80
2007.08.21 07:17:49.033,1.0599,1.06,0.80,5.60
2007.08.21 07:17:53.212,1.0599,1.06,0.80,5.20
2007.08.21 07:17:54.022,1.0599,1.06,0.80,5.60
2007.08.21 07:18:02.243,1.0599,1.06,0.80,5.70
2007.08.21 07:18:10.230,1.0599,1.06,0.80,5.60
2007.08.21 07:18:12.646,1.0598,1.0599,20.00,4.00
2007.08.21 07:18:12.711,1.0598,1.0599,6.40,4.00
2007.08.21 07:18:12.732,1.0598,1.0599,6.40,3.60
2007.08.21 07:18:12.834,1.0598,1.0599,14.40,3.60
2007.08.21 07:18:13.246,1.0598,1.0599,10.40,3.60
2007.08.21 07:18:19.870,1.0598,1.0599,10.40,4.00
2007.08.21 07:18:23.205,1.0598,1.0599,6.40,4.00
2007.08.21 07:18:24.112,1.0599,1.06,0.80,13.60
2007.08.21 07:18:24.201,1.0599,1.06,0.80,17.60
2007.08.21 07:18:24.240,1.0599,1.06,0.80,5.70
2007.08.21 07:18:25.541,1.0599,1.06,0.80,1.70
2007.08.21 07:18:28.499,1.0599,1.06,0.80,1.60
2007.08.21 07:18:28.515,1.0598,1.06,28.70,1.60
2007.08.21 07:18:34.935,1.0599,1.0601,0.80,8.00
2007.08.21 07:18:35.148,1.0598,1.0601,26.30,9.60
2007.08.21 07:18:37.004,1.0599,1.06,0.80,1.60
2007.08.21 07:18:37.421,1.0598,1.06,26.30,1.70
2007.08.21 07:18:38.459,1.0598,1.06,26.30,1.60
2007.08.21 07:18:46.444,1.0599,1.06,0.80,1.70
2007.08.21 07:18:55.363,1.0599,1.06,0.80,1.60
2007.08.21 07:18:56.305,1.0598,1.06,1.70,5.60
2007.08.21 07:18:56.389,1.0597,1.06,29.90,5.60
2007.08.21 07:18:56.410,1.0597,1.06,26.20,5.60
2007.08.21 07:18:56.610,1.0597,1.06,26.20,5.60
2007.08.21 07:18:56.698,1.05965,1.06,23.80,5.60
2007.08.21 07:18:56.708,1.0597,1.06,9.90,5.60
2007.08.21 07:18:56.818,1.05965,1.06,26.10,5.60
2007.08.21 07:18:56.898,1.0596,1.06,34.90,5.60
2007.08.21 07:18:56.912,1.0596,1.06,35.70,5.60
2007.08.21 07:18:57.030,1.0597,1.06,10.30,5.60
2007.08.21 07:18:57.112,1.0596,1.06,39.70,5.60
2007.08.21 07:18:57.126,1.0597,1.06,1.40,5.60
2007.08.21 07:18:57.183,1.0596,1.06,37.30,5.60
2007.08.21 07:18:57.241,1.0597,1.06,2.50,17.50
2007.08.21 07:18:57.311,1.0597,1.0599,5.30,4.00
2007.08.21 07:18:57.544,1.0597,1.0599,3.70,4.00
2007.08.21 07:18:57.622,1.0596,1.0599,30.10,4.00
2007.08.21 07:18:57.960,1.0597,1.0599,10.10,4.00
2007.08.21 07:18:58.141,1.0597,1.0599,10.90,4.00
2007.08.21 07:18:58.376,1.0597,1.0599,10.10,4.00
2007.08.21 07:18:58.539,1.0597,1.0599,9.30,4.00
2007.08.21 07:19:08.272,1.0597,1.0599,8.50,4.00
2007.08.21 07:19:08.351,1.0596,1.0599,21.40,5.60
2007.08.21 07:19:08.448,1.0596,1.0599,28.50,5.60
2007.08.21 07:19:08.480,1.0596,1.0599,27.70,5.60
2007.08.21 07:19:08.557,1.0596,1.0599,25.30,5.60
2007.08.21 07:19:08.681,1.0596,1.0599,24.50,5.60
2007.08.21 07:19:08.755,1.0596,1.0599,12.60,5.60
2007.08.21 07:19:08.851,1.0596,1.0599,12.00,5.60
2007.08.21 07:19:08.973,1.0596,1.0599,4.00,5.60
2007.08.21 07:19:09.066,1.0595,1.0599,27.70,5.60
2007.08.21 07:19:09.074,1.0595,1.0599,26.10,5.60
2007.08.21 07:19:09.197,1.0595,1.0598,26.10,4.00
2007.08.21 07:19:09.272,1.0595,1.0598,21.30,4.00
2007.08.21 07:19:09.378,1.0595,1.0598,17.30,5.60
2007.08.21 07:19:09.703,1.0595,1.0597,17.30,4.00
2007.08.21 07:19:09.806,1.0595,1.0597,13.30,4.00
2007.08.21 07:19:10.368,1.0595,1.0597,9.30,4.00
2007.08.21 07:19:16.864,1.0595,1.0597,3.50,4.00
2007.08.21 07:19:17.740,1.0594,1.0598,30.10,13.50
2007.08.21 07:19:17.902,1.0595,1.0596,0.90,4.00
2007.08.21 07:19:28.274,1.0594,1.0595,8.80,3.20
2007.08.21 07:19:28.297,1.05935,1.0595,6.40,3.20
2007.08.21 07:19:28.377,1.05935,1.0595,16.00,3.20
2007.08.21 07:19:28.474,1.05935,1.0595,9.60,3.20
2007.08.21 07:19:28.500,1.0592,1.0595,1.80,3.20
2007.08.21 07:19:28.704,1.0592,1.0595,3.30,3.20
2007.08.21 07:19:28.789,1.0594,1.0595,1.50,12.70
2007.08.21 07:19:28.884,1.0593,1.0595,8.00,13.20
2007.08.21 07:19:29.001,1.0593,1.0595,8.00,12.70
2007.08.21 07:19:29.060,1.0592,1.0595,11.20,12.70
2007.08.21 07:19:29.088,1.0592,1.0593,6.00,4.00
2007.08.21 07:19:29.205,1.0591,1.0593,35.70,4.00
2007.08.21 07:19:29.242,1.0591,1.0593,36.50,4.00
2007.08.21 07:19:34.907,1.0592,1.0593,5.90,4.00
2007.08.21 07:19:39.361,1.0592,1.0594,2.80,17.50
2007.08.21 07:19:39.373,1.0591,1.0594,32.60,13.50
2007.08.21 07:19:39.468,1.0591,1.0594,27.00,5.60
2007.08.21 07:19:42.226,1.0591,1.0594,31.80,1.60
2007.08.21 07:19:42.304,1.0591,1.0594,50.10,1.60
2007.08.21 07:19:44.246,1.0592,1.0594,31.10,1.60
2007.08.21 07:19:44.334,1.0592,1.0595,35.10,1.60
2007.08.21 07:19:45.702,1.0592,1.0598,31.70,11.90
2007.08.21 07:19:45.791,1.0592,1.0598,31.70,7.90
2007.08.21 07:19:46.197,1.0594,1.0598,4.00,7.90
2007.08.21 07:19:47.446,1.0594,1.0599,4.00,17.10
2007.08.21 07:19:49.305,1.0595,1.0599,0.80,17.10
2007.08.21 07:19:49.326,1.0595,1.0598,12.70,1.60
2007.08.21 07:19:49.528,1.0595,1.0598,16.70,1.60
2007.08.21 07:19:49.805,1.0595,1.0598,16.80,1.60
2007.08.21 07:19:49.948,1.0595,1.0598,12.80,1.60
2007.08.21 07:19:50.040,1.0595,1.0598,12.70,1.60
2007.08.21 07:19:50.456,1.0595,1.0599,12.70,2.80
2007.08.21 07:19:50.605,1.0595,1.0599,16.70,1.60
2007.08.21 07:19:51.863,1.0595,1.0598,16.70,4.00
2007.08.21 07:19:52.027,1.0595,1.0598,20.70,4.00
2007.08.21 07:19:52.098,1.0595,1.0598,16.70,4.00
2007.08.21 07:19:55.262,1.0595,1.0598,16.70,5.60
2007.08.21 07:19:58.345,1.0595,1.0596,15.90,4.00
2007.08.21 07:19:58.358,1.0595,1.0596,4.00,4.00
2007.08.21 07:19:58.557,1.0594,1.0596,24.80,4.00
2007.08.21 07:19:58.965,1.0594,1.0596,20.80,4.00
2007.08.21 07:19:59.085,1.0594,1.0596,16.80,4.00
2007.08.21 07:19:59.390,1.0594,1.0596,16.80,5.60
2007.08.21 07:20:01.358,1.0594,1.0596,2.40,15.90
2007.08.21 07:20:01.465,1.0594,1.0595,2.40,1.60
2007.08.21 07:20:01.522,1.0593,1.0595,9.60,5.60
2007.08.21 07:20:01.613,1.0593,1.0595,8.80,5.60
2007.08.21 07:20:02.064,1.0593,1.0595,4.80,13.50
2007.08.21 07:20:02.078,1.0593,1.0595,0.80,13.50
2007.08.21 07:20:03.156,1.0592,1.0595,30.90,13.50
2007.08.21 07:20:04.799,1.0592,1.0594,6.10,4.00
2007.08.21 07:20:04.888,1.0592,1.0594,0.70,4.00
2007.08.21 07:20:04.899,1.0592,1.0594,8.20,4.00
2007.08.21 07:20:05.093,1.0591,1.0594,30.90,4.00
2007.08.21 07:20:05.213,1.0591,1.0594,30.90,4.00
2007.08.21 07:20:05.398,1.0591,1.0594,22.20,4.00
2007.08.21 07:20:05.613,1.059,1.0594,35.70,4.00
2007.08.21 07:20:05.825,1.059,1.0594,35.70,4.00
2007.08.21 07:20:05.938,1.059,1.0594,30.90,5.60
2007.08.21 07:20:06.027,1.059,1.0594,27.70,5.60
2007.08.21 07:20:06.167,1.0589,1.0594,39.00,5.60
2007.08.21 07:20:06.235,1.0589,1.0594,37.40,5.60
2007.08.21 07:20:06.349,1.0589,1.0594,37.40,5.60
2007.08.21 07:20:25.357,1.0591,1.0594,0.80,5.60
2007.08.21 07:20:25.425,1.0591,1.0594,14.80,5.60
2007.08.21 07:20:25.629,1.0592,1.0594,2.60,4.00
2007.08.21 07:20:25.652,1.0592,1.0594,3.40,4.00
2007.08.21 07:20:25.841,1.0591,1.0594,23.60,4.00
2007.08.21 07:20:29.212,1.0592,1.0594,0.80,0.90
2007.08.21 07:20:52.122,1.0593,1.0594,0.80,4.00
2007.08.21 07:20:52.285,1.0593,1.0594,3.20,4.00
2007.08.21 07:20:53.111,1.0594,1.0595,0.80,14.20
2007.08.21 07:20:53.330,1.0592,1.0594,11.10,4.00
2007.08.21 07:20:53.940,1.0592,1.0594,19.10,4.00
2007.08.21 07:20:53.966,1.0592,1.0595,19.10,4.10
2007.08.21 07:20:54.473,1.0592,1.0595,7.20,5.70
2007.08.21 07:20:54.488,1.0592,1.0595,6.40,5.70
2007.08.21 07:20:54.573,1.0591,1.0595,27.70,5.70
2007.08.21 07:20:54.988,1.0591,1.0595,23.70,5.70
2007.08.21 07:20:55.501,1.0591,1.0595,22.90,5.70
2007.08.21 07:20:57.778,1.0592,1.0595,2.40,5.70
2007.08.21 07:20:58.086,1.0592,1.0595,3.20,5.70
2007.08.21 07:21:04.725,1.0592,1.0595,3.20,5.90
2007.08.21 07:21:05.139,1.0592,1.0595,3.20,5.70
2007.08.21 07:21:07.757,1.0593,1.0595,2.40,5.70
2007.08.21 07:21:12.317,1.0591,1.0595,22.30,5.70
2007.08.21 07:21:14.399,1.0592,1.0595,0.60,5.70
2007.08.21 07:21:14.814,1.0593,1.0595,2.40,5.70
2007.08.21 07:21:15.129,1.0593,1.0595,3.20,5.70
2007.08.21 07:21:15.543,1.0593,1.0596,3.20,24.10
2007.08.21 07:21:19.886,1.0593,1.0596,3.20,24.30
2007.08.21 07:21:25.276,1.0591,1.0596,22.30,24.30
2007.08.21 07:21:33.959,1.0591,1.0596,26.30,24.30
2007.08.21 07:21:33.987,1.0591,1.0596,27.10,24.30
2007.08.21 07:21:34.054,1.0591,1.0595,27.90,0.60
2007.08.21 07:21:34.073,1.0592,1.0596,14.30,23.40
2007.08.21 07:21:41.715,1.0591,1.0596,29.30,29.10
2007.08.21 07:21:47.560,1.0592,1.0595,15.00,5.70
2007.08.21 07:21:48.518,1.05915,1.0595,32.50,5.70
2007.08.21 07:21:48.565,1.0592,1.0595,11.60,5.70
2007.08.21 07:21:48.633,1.05915,1.0595,25.30,5.70
2007.08.21 07:21:48.744,1.05915,1.0595,24.50,5.70
2007.08.21 07:21:48.771,1.0591,1.0595,38.10,5.70
2007.08.21 07:21:48.941,1.0592,1.0595,7.30,5.70
2007.08.21 07:21:51.535,1.0592,1.0595,1.40,5.70
2007.08.21 07:21:51.643,1.0591,1.0595,28.50,5.70
2007.08.21 07:21:51.744,1.05905,1.0595,27.70,5.70
2007.08.21 07:21:52.159,1.0591,1.0595,13.30,5.80
2007.08.21 07:21:52.267,1.0591,1.0595,8.20,5.90
2007.08.21 07:21:54.577,1.05905,1.0595,27.70,5.90
2007.08.21 07:21:54.612,1.0592,1.0595,3.30,5.70
2007.08.21 07:21:54.731,1.0591,1.0595,28.50,5.70
2007.08.21 07:21:55.910,1.0593,1.0595,0.20,5.70
2007.08.21 07:21:56.345,1.0591,1.0595,39.70,5.70
2007.08.21 07:21:58.072,1.0592,1.0595,22.30,5.70
2007.08.21 07:21:58.184,1.0593,1.0595,2.30,1.70
2007.08.21 07:21:58.279,1.0593,1.0596,23.80,6.80
2007.08.21 07:21:58.427,1.0594,1.0596,1.60,6.80
2007.08.21 07:21:58.535,1.0594,1.0596,4.20,6.80
2007.08.21 07:21:58.613,1.0594,1.0596,4.20,6.80
2007.08.21 07:21:59.199,1.0593,1.0596,42.20,5.60
2007.08.21 07:22:04.520,1.0593,1.0596,44.80,5.60
2007.08.21 07:22:04.841,1.0593,1.0596,44.40,5.60
2007.08.21 07:22:05.304,1.0593,1.0596,43.50,5.60
2007.08.21 07:22:05.586,1.0594,1.0596,2.90,17.50
2007.08.21 07:22:05.634,1.0593,1.0595,28.20,4.00
2007.08.21 07:22:05.697,1.0594,1.0595,1.10,4.00
2007.08.21 07:22:06.142,1.0593,1.0595,5.90,4.00
2007.08.21 07:22:06.678,1.0592,1.0595,28.50,4.00
2007.08.21 07:22:06.881,1.0593,1.0595,1.00,4.00
2007.08.21 07:22:07.179,1.05915,1.0595,27.70,4.00
2007.08.21 07:22:07.323,1.05915,1.0595,23.70,4.00
2007.08.21 07:22:07.642,1.0591,1.0595,20.60,4.00
2007.08.21 07:22:07.742,1.0591,1.0595,27.70,4.00
2007.08.21 07:22:07.857,1.0591,1.0595,26.90,5.60
2007.08.21 07:22:08.185,1.05905,1.0595,23.70,5.60
2007.08.21 07:22:09.041,1.05905,1.0594,23.70,0.20
2007.08.21 07:22:09.138,1.05905,1.0594,23.70,1.70
2007.08.21 07:22:09.469,1.05905,1.0594,23.70,1.60
2007.08.21 07:22:12.888,1.0591,1.0596,22.90,22.40
2007.08.21 07:22:18.380,1.0591,1.0595,22.90,1.60
2007.08.21 07:22:24.055,1.0591,1.0595,22.90,0.50
2007.08.21 07:22:24.086,1.0591,1.0595,22.90,0.40
2007.08.21 07:22:27.688,1.0591,1.0597,22.90,35.80
2007.08.21 07:23:05.214,1.0591,1.0596,22.90,18.40
2007.08.21 07:23:05.260,1.0591,1.0596,14.90,14.40
2007.08.21 07:23:05.343,1.0591,1.0596,11.90,14.40
2007.08.21 07:23:05.777,1.0591,1.0596,11.90,14.40
2007.08.21 07:23:07.103,1.0591,1.0595,7.90,1.20
2007.08.21 07:23:08.796,1.0591,1.0595,11.90,1.20
2007.08.21 07:23:08.873,1.0591,1.0595,18.30,1.20
2007.08.21 07:23:09.066,1.0591,1.0595,18.30,3.60
2007.08.21 07:23:09.110,1.0591,1.0595,18.30,7.60
2007.08.21 07:23:09.145,1.0591,1.0595,22.30,6.40
2007.08.21 07:23:13.813,1.0591,1.0595,22.30,4.00
2007.08.21 07:23:13.857,1.0591,1.0596,22.30,23.00
2007.08.21 07:23:15.629,1.0591,1.05965,22.30,23.80
2007.08.21 07:23:20.357,1.0591,1.05965,10.40,19.20
2007.08.21 07:23:20.439,1.0593,1.05965,22.10,9.90
2007.08.21 07:23:20.503,1.0593,1.0596,20.50,0.90
2007.08.21 07:23:20.583,1.0593,1.0596,24.50,0.90
2007.08.21 07:23:20.607,1.0593,1.05965,24.50,12.70
2007.08.21 07:23:25.320,1.0593,1.0596,30.90,0.80
2007.08.21 07:23:29.893,1.0594,1.0596,4.00,0.80
2007.08.21 07:23:29.945,1.0594,1.0597,11.90,26.60
2007.08.21 07:23:30.627,1.0594,1.05975,11.90,35.50
2007.08.21 07:23:37.976,1.0594,1.0597,11.90,36.30
2007.08.21 07:23:42.275,1.0595,1.0596,4.00,0.80
2007.08.21 07:23:42.408,1.0595,1.0597,4.00,12.40
2007.08.21 07:23:43.199,1.0595,1.0598,4.00,2.40
2007.08.21 07:23:43.485,1.0595,1.0597,4.00,0.80
2007.08.21 07:23:59.047,1.0595,1.0598,4.00,2.40
2007.08.21 07:23:59.475,1.0595,1.0598,4.10,2.40
2007.08.21 07:24:00.768,1.0595,1.0598,0.20,2.40
2007.08.21 07:24:00.876,1.0597,1.0598,2.40,2.40
2007.08.21 07:24:00.908,1.0598,1.0599,3.20,3.60
2007.08.21 07:24:01.008,1.0598,1.0599,16.40,1.20
2007.08.21 07:24:01.068,1.0599,1.06,4.00,4.80
2007.08.21 07:24:01.278,1.0598,1.0599,15.60,1.20
2007.08.21 07:24:01.316,1.0598,1.0599,4.80,1.20
2007.08.21 07:24:01.480,1.0598,1.0599,4.00,1.20
2007.08.21 07:24:01.744,1.0598,1.0599,4.00,1.20
2007.08.21 07:24:01.873,1.0598,1.0601,12.70,7.50
2007.08.21 07:24:01.964,1.0599,1.0601,11.90,13.10
2007.08.21 07:24:02.075,1.0599,1.0601,11.90,10.80
2007.08.21 07:24:02.298,1.06,1.0601,4.00,4.10
2007.08.21 07:24:02.341,1.0599,1.0601,11.90,4.10
2007.08.21 07:24:02.399,1.0598,1.0601,18.40,0.20
2007.08.21 07:24:02.507,1.0598,1.0601,14.40,0.20
2007.08.21 07:24:02.644,1.0598,1.0601,12.00,0.20
2007.08.21 07:24:02.732,1.0598,1.0601,8.00,0.20
2007.08.21 07:24:02.964,1.0598,1.0601,15.90,0.20
2007.08.21 07:24:03.054,1.0598,1.0603,15.90,22.90
2007.08.21 07:24:03.163,1.0598,1.0603,15.90,22.10
2007.08.21 07:24:03.211,1.0598,1.0602,11.90,1.20
2007.08.21 07:24:03.355,1.0598,1.0602,7.90,1.20
2007.08.21 07:24:03.377,1.0597,1.0602,19.90,1.20
2007.08.21 07:24:04.776,1.0598,1.0602,2.40,1.20
2007.08.21 07:24:04.883,1.0601,1.0602,4.00,1.20
2007.08.21 07:24:08.286,1.06,1.0602,15.90,1.20
2007.08.21 07:24:08.446,1.06,1.0602,4.00,1.20
2007.08.21 07:24:09.085,1.06,1.0603,4.00,19.50
2007.08.21 07:24:09.301,1.0599,1.0603,21.30,19.50
2007.08.21 07:24:09.363,1.0599,1.0603,4.80,20.10
2007.08.21 07:24:09.590,1.0599,1.0603,1.80,20.10
2007.08.21 07:24:09.807,1.0599,1.0603,11.20,20.10
2007.08.21 07:24:09.815,1.06,1.0603,7.20,20.10
2007.08.21 07:24:09.917,1.06,1.0603,19.00,3.60
2007.08.21 07:24:10.022,1.06,1.0603,22.20,1.20
2007.08.21 07:24:11.840,1.0601,1.0603,1.00,9.10
2007.08.21 07:24:12.337,1.0601,1.0603,1.20,7.90
2007.08.21 07:24:12.466,1.06,1.0603,16.80,7.90
2007.08.21 07:24:12.803,1.0601,1.0603,1.80,7.90
2007.08.21 07:24:25.337,1.0599,1.0603,38.10,7.90
2007.08.21 07:24:25.375,1.0599,1.0603,33.30,11.90
2007.08.21 07:24:25.860,1.0599,1.0603,9.80,11.90
2007.08.21 07:24:25.910,1.0599,1.0603,5.40,11.90
2007.08.21 07:24:26.226,1.0598,1.0603,32.60,17.10
2007.08.21 07:24:29.357,1.0599,1.0603,2.00,17.10
2007.08.21 07:24:29.378,1.0599,1.0603,1.00,17.10
2007.08.21 07:24:29.451,1.0598,1.0603,29.40,17.10
2007.08.21 07:24:29.463,1.0598,1.0603,27.80,17.10
2007.08.21 07:24:29.750,1.0599,1.0603,2.90,17.10
2007.08.21 07:24:29.869,1.0598,1.0603,28.60,17.70
2007.08.21 07:24:29.883,1.0599,1.0603,18.30,17.70
2007.08.21 07:24:29.988,1.0599,1.0603,22.30,13.70
2007.08.21 07:24:30.370,1.0599,1.0603,6.50,13.70
2007.08.21 07:24:30.441,1.0599,1.0603,2.60,17.10
2007.08.21 07:24:30.538,1.0599,1.0603,1.80,17.10
2007.08.21 07:24:35.259,1.0599,1.0603,2.40,17.10
2007.08.21 07:24:35.285,1.0599,1.0603,6.00,17.10
2007.08.21 07:24:35.864,1.0599,1.0602,5.20,4.00
2007.08.21 07:24:35.882,1.0598,1.0602,28.50,16.70
2007.08.21 07:24:36.012,1.0599,1.0602,3.40,19.70
2007.08.21 07:24:36.437,1.0599,1.0601,1.00,7.90
2007.08.21 07:24:53.394,1.0598,1.0601,20.60,11.90
2007.08.21 07:24:53.467,1.0598,1.0601,1.50,18.30
2007.08.21 07:24:53.504,1.0598,1.0601,6.20,26.10
2007.08.21 07:24:53.610,1.0597,1.0601,40.70,28.50
2007.08.21 07:24:54.032,1.0597,1.0601,39.90,32.50
2007.08.21 07:24:54.207,1.0598,1.0601,5.60,33.70
2007.08.21 07:24:57.855,1.0597,1.0601,35.00,33.70
2007.08.21 07:25:03.098,1.0598,1.0601,0.80,0.80
2007.08.21 07:25:03.841,1.0597,1.0602,35.00,44.70
2007.08.21 07:25:04.059,1.0597,1.0602,35.90,44.00
2007.08.21 07:25:04.497,1.0598,1.0601,0.50,0.70
2007.08.21 07:25:09.237,1.0598,1.06015,12.70,33.90
2007.08.21 07:25:09.537,1.0598,1.06,8.70,8.80
2007.08.21 07:25:09.953,1.0598,1.0601,8.70,0.90
2007.08.21 07:25:10.055,1.0598,1.06015,8.70,27.50
2007.08.21 07:25:10.951,1.0598,1.06015,12.70,27.50
2007.08.21 07:25:11.036,1.0598,1.06015,4.00,17.90
2007.08.21 07:25:11.671,1.0598,1.06015,6.40,17.90
2007.08.21 07:25:11.776,1.0598,1.06015,4.00,17.90
2007.08.21 07:25:12.744,1.0598,1.06015,4.00,20.30
2007.08.21 07:25:15.421,1.0598,1.0601,4.00,19.40
2007.08.21 07:25:19.165,1.0598,1.0601,4.00,31.40
2007.08.21 07:25:20.227,1.0598,1.06,4.00,0.90
2007.08.21 07:25:28.444,1.0598,1.06,6.40,0.60
2007.08.21 07:25:29.363,1.0598,1.06,6.40,0.80
2007.08.21 07:25:35.289,1.0598,1.06005,6.40,8.70
2007.08.21 07:25:41.659,1.0598,1.06,4.00,0.70
2007.08.21 07:25:42.969,1.0597,1.06005,16.00,11.10
2007.08.21 07:25:43.148,1.0597,1.06005,4.10,15.10
2007.08.21 07:25:43.232,1.0597,1.06005,4.00,15.10
2007.08.21 07:25:44.393,1.0597,1.06005,4.00,16.30
2007.08.21 07:25:53.309,1.0598,1.06005,0.80,18.70
2007.08.21 07:25:53.328,1.0598,1.06005,2.20,18.70
2007.08.21 07:25:53.350,1.0598,1.06,3.00,0.50
2007.08.21 07:25:53.531,1.0598,1.06005,7.00,18.70
2007.08.21 07:25:53.558,1.0598,1.06005,14.90,6.80
2007.08.21 07:25:53.942,1.0598,1.0601,14.90,36.30
2007.08.21 07:25:54.418,1.0598,1.0601,14.90,34.70
2007.08.21 07:25:54.642,1.0598,1.0601,14.90,34.70
2007.08.21 07:25:54.835,1.0598,1.06,7.00,0.80
2007.08.21 07:25:55.248,1.0598,1.06005,5.60,3.20
2007.08.21 07:25:55.271,1.0598,1.06,4.80,0.90
2007.08.21 07:25:55.360,1.0598,1.06005,4.00,3.20
2007.08.21 07:25:55.580,1.0598,1.06,4.00,10.30
2007.08.21 07:25:55.981,1.0597,1.06,21.50,10.30
2007.08.21 07:25:55.996,1.0597,1.06,17.30,10.30
2007.08.21 07:25:56.117,1.0597,1.06,15.90,10.30
2007.08.21 07:25:56.213,1.0597,1.0599,4.00,0.90
2007.08.21 07:26:00.935,1.0597,1.06,4.00,14.30
2007.08.21 07:26:05.399,1.0597,1.06,4.00,0.80
2007.08.21 07:26:14.176,1.0597,1.06005,5.40,16.30
2007.08.21 07:26:14.225,1.0597,1.06,6.20,0.60
2007.08.21 07:26:14.316,1.0597,1.06,7.00,0.90
2007.08.21 07:26:14.518,1.0598,1.06,4.00,13.90
2007.08.21 07:26:14.579,1.0598,1.05995,4.00,3.20
2007.08.21 07:26:15.812,1.0598,1.0599,11.20,0.50
2007.08.21 07:26:16.055,1.0598,1.0601,11.20,32.90
2007.08.21 07:26:16.161,1.0598,1.06,11.20,10.30
2007.08.21 07:26:16.362,1.0598,1.06005,11.20,11.10
2007.08.21 07:26:18.151,1.0598,1.06005,4.00,11.10
2007.08.21 07:26:29.598,1.0597,1.06,18.90,0.80
2007.08.21 07:26:29.856,1.0597,1.06,18.80,0.60
2007.08.21 07:26:30.197,1.0597,1.06,18.90,0.60
2007.08.21 07:26:30.719,1.0597,1.06,18.80,10.30
2007.08.21 07:26:31.129,1.0597,1.06,18.90,10.30
2007.08.21 07:26:31.665,1.0597,1.06,18.80,10.30
2007.08.21 07:26:32.084,1.0597,1.06,18.90,10.30
2007.08.21 07:26:32.718,1.0597,1.06,18.80,10.30
2007.08.21 07:26:33.026,1.0597,1.06,18.90,10.30
2007.08.21 07:26:33.855,1.0597,1.06,18.80,10.30
2007.08.21 07:26:34.159,1.0597,1.06,18.90,10.30
2007.08.21 07:26:34.605,1.0597,1.06,18.80,10.30
2007.08.21 07:26:35.022,1.0597,1.06,18.90,10.30
2007.08.21 07:26:35.143,1.0597,1.06,23.50,2.40
2007.08.21 07:26:35.248,1.0597,1.0601,23.50,7.60
2007.08.21 07:26:35.540,1.0597,1.0601,25.90,7.60
2007.08.21 07:26:35.554,1.0598,1.0601,7.90,7.60
2007.08.21 07:26:35.648,1.0598,1.0601,0.70,7.60
2007.08.21 07:26:35.766,1.0597,1.06025,21.20,3.20
2007.08.21 07:26:36.537,1.0597,1.0601,25.20,2.40
2007.08.21 07:26:44.762,1.0597,1.0602,22.20,1.20
2007.08.21 07:26:45.188,1.0596,1.0602,37.50,1.20
2007.08.21 07:26:45.280,1.0597,1.0602,0.70,3.60
2007.08.21 07:26:45.308,1.05965,1.0601,18.30,2.40
2007.08.21 07:26:54.751,1.0597,1.0602,3.60,3.60
2007.08.21 07:27:04.229,1.0597,1.0602,16.80,3.60
2007.08.21 07:27:04.265,1.0597,1.0602,17.60,3.60
2007.08.21 07:27:04.347,1.0597,1.0602,18.40,3.60
2007.08.21 07:27:04.655,1.0597,1.0602,22.40,3.60
2007.08.21 07:27:04.691,1.0598,1.0602,7.90,3.60
2007.08.21 07:27:04.793,1.0598,1.0601,7.90,2.40
2007.08.21 07:27:05.639,1.0597,1.0601,18.30,2.40
2007.08.21 07:27:05.742,1.0597,1.0602,18.30,1.20
2007.08.21 07:27:05.870,1.0597,1.0602,15.90,3.60
2007.08.21 07:27:09.823,1.0597,1.0601,15.90,2.40
2007.08.21 07:27:15.850,1.0597,1.0602,15.90,3.60
2007.08.21 07:27:22.958,1.05965,1.0602,18.30,3.60
2007.08.21 07:27:28.420,1.0598,1.0602,0.20,3.70
2007.08.21 07:27:33.275,1.05965,1.0602,18.30,3.70
2007.08.21 07:28:14.725,1.0597,1.06,15.90,2.40
2007.08.21 07:28:14.772,1.0597,1.06,4.00,14.30
2007.08.21 07:28:15.813,1.0597,1.06,4.00,18.30
2007.08.21 07:28:15.848,1.0597,1.0599,4.00,7.90
2007.08.21 07:28:17.820,1.0597,1.06,4.00,19.00
2007.08.21 07:28:17.863,1.0597,1.06,4.00,15.00
2007.08.21 07:28:17.992,1.0597,1.06,4.00,16.50
2007.08.21 07:28:18.280,1.0597,1.06,4.00,12.50
2007.08.21 07:28:24.769,1.0596,1.06,24.90,13.70
2007.08.21 07:28:29.813,1.0597,1.06,11.90,9.10
2007.08.21 07:28:29.868,1.0597,1.06,15.90,9.10
2007.08.21 07:28:29.934,1.0597,1.06,16.50,9.10
2007.08.21 07:28:34.163,1.0597,1.06,16.50,7.90
2007.08.21 07:28:38.313,1.0597,1.06,12.50,11.90
2007.08.21 07:28:38.333,1.0597,1.06,8.50,15.90
2007.08.21 07:28:38.421,1.0597,1.06,7.90,18.30
2007.08.21 07:28:38.516,1.0597,1.06,8.00,24.70
2007.08.21 07:28:38.828,1.0597,1.06,8.00,28.70
2007.08.21 07:28:38.843,1.0597,1.06,8.00,31.10
2007.08.21 07:28:39.043,1.0597,1.06,7.90,31.10
2007.08.21 07:28:39.134,1.0597,1.06,7.90,32.30
2007.08.21 07:28:39.790,1.0597,1.06,8.00,32.30
2007.08.21 07:28:42.548,1.0597,1.06,7.90,32.30
2007.08.21 07:28:43.633,1.0597,1.06005,7.90,35.50
2007.08.21 07:28:46.851,1.0597,1.06,12.00,0.60
2007.08.21 07:28:46.945,1.0597,1.06,14.40,0.50
2007.08.21 07:28:47.064,1.0597,1.06,14.40,0.60
2007.08.21 07:28:47.175,1.0597,1.06,18.40,0.60
2007.08.21 07:28:47.210,1.0597,1.06005,18.40,4.80
2007.08.21 07:28:47.279,1.0598,1.06,4.00,0.80
2007.08.21 07:28:47.367,1.0598,1.06015,15.90,15.30
2007.08.21 07:28:47.899,1.0598,1.0601,15.90,0.50
2007.08.21 07:28:48.002,1.0598,1.0601,19.90,0.50
2007.08.21 07:28:48.083,1.0598,1.0602,19.90,20.10
2007.08.21 07:28:51.096,1.0598,1.06025,22.30,18.50
2007.08.21 07:28:58.569,1.0598,1.06025,22.30,18.60
2007.08.21 07:29:02.784,1.0597,1.06025,39.80,34.80
2007.08.21 07:29:04.586,1.0598,1.06025,22.40,18.60
2007.08.21 07:29:04.796,1.0599,1.06025,2.40,16.20
2007.08.21 07:29:06.938,1.0599,1.06025,2.40,21.00
2007.08.21 07:29:06.951,1.0599,1.06025,2.40,21.80
2007.08.21 07:29:06.974,1.0599,1.0602,2.40,0.60
2007.08.21 07:29:07.048,1.0599,1.0601,2.40,0.80
2007.08.21 07:29:17.670,1.0599,1.0602,2.40,21.20
2007.08.21 07:29:17.685,1.0599,1.06015,2.40,0.80
2007.08.21 07:29:21.460,1.0599,1.0601,2.40,4.00
2007.08.21 07:29:21.495,1.05975,1.0601,0.80,7.20
2007.08.21 07:29:21.593,1.0598,1.06,2.40,0.80
2007.08.21 07:29:21.699,1.0598,1.06,10.30,0.80
2007.08.21 07:29:21.896,1.0598,1.0601,10.30,27.10
2007.08.21 07:29:22.065,1.0598,1.0601,10.30,29.50
2007.08.21 07:29:23.185,1.0598,1.0601,10.30,30.70
2007.08.21 07:29:23.912,1.0598,1.0601,10.40,28.10
2007.08.21 07:29:23.923,1.0598,1.0601,10.40,25.70
2007.08.21 07:29:23.993,1.0598,1.0601,10.40,21.10
2007.08.21 07:29:24.321,1.0598,1.0601,10.40,17.10
2007.08.21 07:29:25.355,1.0598,1.0601,10.40,15.90
2007.08.21 07:29:30.519,1.0598,1.0601,11.20,15.90
2007.08.21 07:29:30.568,1.0599,1.0601,0.40,15.90
2007.08.21 07:29:30.772,1.0599,1.0601,2.70,15.90
2007.08.21 07:29:35.865,1.0599,1.0601,2.70,0.50
2007.08.21 07:29:39.309,1.0599,1.06015,0.40,16.70
2007.08.21 07:29:40.773,1.0599,1.06015,2.70,16.70
2007.08.21 07:29:42.242,1.0599,1.0601,2.40,0.50
2007.08.21 07:29:42.660,1.0598,1.06015,10.90,16.70
2007.08.21 07:29:49.908,1.0599,1.06015,2.40,16.70
2007.08.21 07:29:52.617,1.05975,1.0601,0.80,0.70
2007.08.21 07:29:52.839,1.0599,1.06015,2.40,16.70
2007.08.21 07:29:57.072,1.0598,1.0601,10.90,0.50
2007.08.21 07:30:05.526,1.0598,1.0601,8.50,15.90
2007.08.21 07:30:05.624,1.0598,1.0601,10.90,15.90
2007.08.21 07:30:09.409,1.0598,1.0601,10.90,11.90
2007.08.21 07:30:09.510,1.0598,1.0602,14.30,32.20
2007.08.21 07:30:09.709,1.0598,1.0602,14.30,28.20
2007.08.21 07:30:09.940,1.0598,1.0602,14.30,24.20
2007.08.21 07:30:10.938,1.0598,1.06025,14.30,27.40
2007.08.21 07:30:17.976,1.0599,1.0602,4.00,0.90
2007.08.21 07:30:18.056,1.0599,1.06025,23.70,12.30
2007.08.21 07:30:18.258,1.0599,1.06025,26.10,9.90
2007.08.21 07:30:18.467,1.0599,1.0603,30.90,29.70
2007.08.21 07:30:18.582,1.0599,1.0602,33.30,0.50
2007.08.21 07:30:18.700,1.0599,1.0603,34.90,29.70
2007.08.21 07:30:18.887,1.0599,1.0603,34.10,29.70
2007.08.21 07:30:18.899,1.0599,1.0603,33.30,29.70
2007.08.21 07:30:18.961,1.0599,1.0602,32.50,0.50
2007.08.21 07:30:19.106,1.0599,1.0603,32.50,29.70
2007.08.21 07:30:19.233,1.0599,1.0603,33.30,29.70
2007.08.21 07:30:19.310,1.0599,1.0603,34.90,29.70
2007.08.21 07:30:19.316,1.0599,1.0602,34.10,0.60
2007.08.21 07:30:19.401,1.0599,1.0603,35.00,29.70
2007.08.21 07:30:19.720,1.0599,1.0602,34.90,0.80
2007.08.21 07:30:22.904,1.0599,1.0602,35.10,0.70
2007.08.21 07:30:33.066,1.06,1.06035,7.90,23.50
2007.08.21 07:30:33.275,1.06,1.0603,7.90,0.80
2007.08.21 07:30:33.365,1.06,1.06035,7.90,24.90
2007.08.21 07:30:33.531,1.06,1.0603,8.10,0.60
2007.08.21 07:30:33.787,1.06,1.06035,7.90,20.90
2007.08.21 07:30:34.215,1.06,1.0603,7.90,0.80
2007.08.21 07:30:34.575,1.06,1.06035,8.70,19.70
2007.08.21 07:30:34.597,1.06,1.0603,9.50,0.70
2007.08.21 07:30:34.629,1.06,1.06035,10.60,19.70
2007.08.21 07:30:34.666,1.06,1.06035,9.80,19.70
2007.08.21 07:30:34.761,1.06,1.06035,10.60,19.70
2007.08.21 07:30:34.848,1.06,1.06035,9.80,19.70
2007.08.21 07:30:34.940,1.06,1.06035,8.70,19.80
2007.08.21 07:30:34.976,1.06,1.06035,7.90,19.80
2007.08.21 07:30:39.509,1.0601,1.0603,3.20,15.00
2007.08.21 07:30:39.662,1.0601,1.0603,11.90,2.40
2007.08.21 07:30:39.709,1.0601,1.0604,11.90,29.10
2007.08.21 07:30:39.824,1.0601,1.0604,14.30,29.10
2007.08.21 07:30:40.124,1.0601,1.0604,14.30,25.10
2007.08.21 07:30:40.340,1.0601,1.0604,14.30,24.30
2007.08.21 07:30:40.453,1.0601,1.0604,18.30,20.30
2007.08.21 07:30:40.599,1.0601,1.0604,18.30,19.10
2007.08.21 07:30:42.279,1.0601,1.0604,19.10,19.10
2007.08.21 07:30:42.320,1.0601,1.0604,19.90,19.10
2007.08.21 07:30:42.538,1.0601,1.0604,20.70,19.10
2007.08.21 07:30:45.056,1.0601,1.0604,27.10,12.70
2007.08.21 07:30:45.083,1.0602,1.0604,3.20,8.70
2007.08.21 07:30:45.200,1.0602,1.0604,3.20,7.90
2007.08.21 07:30:45.494,1.0602,1.0605,11.90,18.10
2007.08.21 07:30:45.574,1.0602,1.0605,11.90,11.70
2007.08.21 07:30:45.792,1.0602,1.0605,11.90,7.70
2007.08.21 07:30:45.818,1.0602,1.0604,11.90,0.20
2007.08.21 07:30:47.478,1.0602,1.0605,11.90,2.50
2007.08.21 07:30:49.550,1.0602,1.0605,15.90,2.50
2007.08.21 07:30:49.562,1.0602,1.0605,15.90,10.40
2007.08.21 07:30:49.658,1.0602,1.0605,16.50,10.40
2007.08.21 07:30:51.210,1.0602,1.0605,12.50,14.40
2007.08.21 07:30:51.244,1.0602,1.0605,8.50,18.40
2007.08.21 07:30:51.351,1.0602,1.0604,8.50,4.00
2007.08.21 07:30:52.984,1.0602,1.0604,8.50,4.10
2007.08.21 07:31:08.117,1.0602,1.0604,8.50,0.20
2007.08.21 07:31:08.139,1.0602,1.0604,12.70,0.20
2007.08.21 07:31:08.208,1.0602,1.0604,13.50,0.20
2007.08.21 07:31:08.234,1.0602,1.0604,14.30,0.20
2007.08.21 07:31:08.269,1.0602,1.0604,21.50,0.20
2007.08.21 07:31:08.303,1.0602,1.0604,23.90,0.20
2007.08.21 07:31:08.346,1.0602,1.0604,27.90,0.20
2007.08.21 07:31:08.654,1.0602,1.0604,31.90,0.20
2007.08.21 07:31:11.139,1.0603,1.0605,7.90,4.10
2007.08.21 07:31:11.230,1.0603,1.0605,11.90,4.10
2007.08.21 07:31:11.543,1.0603,1.0605,15.10,4.10
2007.08.21 07:31:11.660,1.0603,1.0605,7.20,12.00
2007.08.21 07:31:11.759,1.0603,1.0605,6.40,12.00
2007.08.21 07:31:12.058,1.0603,1.0605,2.40,12.00
2007.08.21 07:31:14.089,1.0602,1.0605,30.10,12.00
2007.08.21 07:31:14.114,1.0602,1.0604,27.70,4.00
2007.08.21 07:31:14.144,1.0602,1.0604,23.90,4.00
2007.08.21 07:31:14.203,1.0602,1.0604,23.10,4.00
2007.08.21 07:31:14.260,1.0602,1.0604,15.10,4.00
2007.08.21 07:31:14.380,1.0602,1.0604,14.30,4.00
2007.08.21 07:31:14.665,1.0602,1.0604,10.30,4.00
2007.08.21 07:31:15.025,1.0602,1.0605,14.30,12.00
2007.08.21 07:31:15.137,1.0603,1.0605,2.40,12.00
2007.08.21 07:31:15.182,1.0604,1.06055,14.30,0.80
2007.08.21 07:31:15.226,1.0604,1.0606,14.30,13.20
2007.08.21 07:31:15.290,1.0604,1.0606,14.30,9.20
2007.08.21 07:31:15.600,1.0604,1.0606,11.10,9.20
2007.08.21 07:31:15.704,1.0604,1.0606,6.40,13.10
2007.08.21 07:31:15.798,1.0604,1.0606,4.00,13.10
2007.08.21 07:31:16.015,1.0603,1.0606,27.80,13.10
2007.08.21 07:31:16.144,1.0603,1.0606,31.80,11.90
2007.08.21 07:31:17.229,1.0603,1.0606,27.80,11.90
2007.08.21 07:31:18.182,1.0603,1.0605,26.10,0.20
2007.08.21 07:31:18.308,1.0603,1.0605,22.90,0.20
2007.08.21 07:31:18.614,1.0603,1.0605,22.90,4.10
2007.08.21 07:31:18.705,1.0603,1.0605,20.50,4.10
2007.08.21 07:31:18.731,1.0603,1.0605,6.40,12.00
2007.08.21 07:31:18.811,1.0603,1.0605,4.00,12.00
2007.08.21 07:31:19.033,1.0602,1.0605,32.50,12.00
2007.08.21 07:31:20.224,1.0602,1.0605,28.50,12.00
2007.08.21 07:31:20.796,1.0603,1.0605,2.40,12.00
2007.08.21 07:31:26.352,1.0603,1.0606,2.40,33.10
2007.08.21 07:31:26.708,1.0603,1.0605,10.30,0.60
2007.08.21 07:31:58.703,1.0603,1.0606,12.70,15.90
2007.08.21 07:31:58.748,1.0604,1.0606,7.90,4.00
2007.08.21 07:31:58.864,1.0604,1.0606,11.90,4.00
2007.08.21 07:31:58.961,1.0604,1.0606,14.30,4.00
2007.08.21 07:31:59.169,1.0604,1.0606,18.30,4.00
2007.08.21 07:32:06.128,1.0604,1.0607,20.70,16.70
2007.08.21 07:32:06.209,1.0604,1.0607,29.30,12.70
2007.08.21 07:32:06.315,1.0604,1.0607,29.30,11.90
2007.08.21 07:32:10.166,1.0604,1.0607,29.30,7.90
2007.08.21 07:32:10.279,1.0605,1.0608,11.90,15.70
2007.08.21 07:32:10.365,1.0605,1.0608,18.30,9.30
2007.08.21 07:32:10.556,1.0605,1.0607,18.30,0.40
2007.08.21 07:32:10.666,1.0604,1.0606,22.30,8.00
2007.08.21 07:32:10.783,1.0604,1.0606,4.80,11.90
2007.08.21 07:32:10.798,1.0603,1.0604,10.20,3.20
2007.08.21 07:32:10.823,1.0603,1.0604,9.40,3.20
2007.08.21 07:32:10.875,1.0603,1.0604,8.00,3.30
2007.08.21 07:32:10.970,1.0602,1.0603,4.80,0.80
2007.08.21 07:32:11.093,1.0603,1.0604,4.00,3.20
2007.08.21 07:32:11.189,1.0603,1.0604,4.00,11.90
2007.08.21 07:32:11.310,1.0603,1.0605,4.00,10.10
2007.08.21 07:32:11.393,1.0603,1.0605,4.00,9.60
2007.08.21 07:32:11.457,1.0603,1.0605,4.00,7.20
2007.08.21 07:32:11.717,1.0603,1.0605,4.00,9.60
2007.08.21 07:32:11.851,1.0601,1.0603,28.70,4.00
2007.08.21 07:32:12.129,1.0601,1.0603,27.90,4.00
2007.08.21 07:32:12.266,1.0602,1.0603,4.00,4.00
2007.08.21 07:32:12.544,1.0602,1.0603,4.00,0.70
2007.08.21 07:32:12.590,1.0601,1.0604,23.90,16.70
2007.08.21 07:32:14.315,1.0603,1.0605,7.90,15.80
2007.08.21 07:32:14.402,1.0603,1.0605,7.90,8.40
2007.08.21 07:32:14.716,1.0603,1.0605,7.90,6.00
2007.08.21 07:32:14.734,1.0602,1.0605,29.50,9.90
2007.08.21 07:32:14.788,1.0602,1.0605,29.50,9.10
2007.08.21 07:32:15.054,1.0602,1.0605,31.90,13.10
2007.08.21 07:32:15.334,1.0602,1.0605,31.90,11.90
2007.08.21 07:32:33.336,1.0604,1.0605,11.20,4.00
2007.08.21 07:32:33.454,1.0604,1.0605,11.90,4.00
2007.08.21 07:32:33.745,1.0605,1.06055,7.90,0.80
2007.08.21 07:32:34.222,1.0605,1.0606,7.90,1.20
2007.08.21 07:32:34.281,1.0605,1.0606,15.90,1.20
2007.08.21 07:32:36.836,1.0605,1.0607,15.90,2.40
2007.08.21 07:32:38.788,1.0605,1.0608,8.70,6.40
2007.08.21 07:32:38.898,1.0605,1.0608,10.30,6.40
2007.08.21 07:32:39.005,1.0606,1.0608,7.90,6.40
2007.08.21 07:32:41.782,1.0605,1.0608,31.90,14.30
2007.08.21 07:32:44.270,1.0606,1.0608,9.50,6.40
2007.08.21 07:32:44.375,1.0606,1.0608,10.30,6.40
2007.08.21 07:32:44.483,1.0606,1.0608,10.30,4.00
2007.08.21 07:32:44.788,1.0606,1.0608,13.50,4.00
2007.08.21 07:32:45.730,1.0606,1.0608,21.50,4.00
2007.08.21 07:32:45.773,1.0606,1.0609,23.90,27.10
2007.08.21 07:32:45.836,1.0607,1.0609,9.50,14.30
2007.08.21 07:32:45.945,1.0607,1.0609,9.50,11.90
2007.08.21 07:32:46.256,1.0607,1.0609,0.80,23.90
2007.08.21 07:32:46.270,1.0607,1.0608,0.80,4.00
2007.08.21 07:32:46.364,1.0607,1.0608,4.00,4.10
2007.08.21 07:32:46.707,1.0605,1.0608,17.30,4.10
2007.08.21 07:32:47.045,1.0605,1.0608,13.30,4.10
2007.08.21 07:32:47.091,1.0605,1.0608,12.50,4.10
2007.08.21 07:32:48.242,1.0605,1.0608,12.50,2.50
2007.08.21 07:32:48.345,1.0605,1.0608,12.50,4.90
2007.08.21 07:32:48.359,1.0604,1.0606,32.50,4.00
2007.08.21 07:32:48.427,1.0604,1.0606,26.90,4.00
2007.08.21 07:32:48.843,1.0604,1.0606,22.90,4.00
2007.08.21 07:32:49.154,1.0604,1.0606,18.90,4.00
2007.08.21 07:32:50.689,1.0604,1.0607,18.90,15.10
2007.08.21 07:32:50.786,1.0604,1.0607,21.30,15.10
2007.08.21 07:32:50.826,1.0605,1.0607,15.90,3.20
2007.08.21 07:32:50.919,1.0605,1.0608,15.90,9.30
2007.08.21 07:32:51.239,1.0605,1.0608,15.90,5.30
2007.08.21 07:32:51.593,1.0605,1.0608,15.90,4.10
2007.08.21 07:32:52.844,1.0606,1.0608,7.90,4.00
2007.08.21 07:32:55.257,1.0606,1.0608,7.90,2.40
2007.08.21 07:32:55.295,1.0606,1.0607,7.90,0.90
2007.08.21 07:32:55.359,1.0605,1.0606,10.40,4.00
2007.08.21 07:32:55.491,1.0605,1.0606,4.00,4.00
2007.08.21 07:32:55.690,1.06045,1.0606,2.40,4.00
2007.08.21 07:32:55.801,1.0605,1.0606,11.90,4.00
2007.08.21 07:32:55.892,1.0605,1.0607,11.90,3.20
2007.08.21 07:32:55.981,1.0605,1.0608,11.90,8.00
2007.08.21 07:32:56.401,1.0605,1.0608,11.90,4.00
2007.08.21 07:32:56.812,1.0605,1.0609,11.90,28.10
2007.08.21 07:32:56.829,1.0605,1.0607,7.90,4.00
2007.08.21 07:33:01.371,1.0605,1.0608,7.90,19.00
2007.08.21 07:33:01.406,1.0605,1.0608,17.50,14.30
2007.08.21 07:33:01.500,1.0605,1.0608,23.90,11.90
2007.08.21 07:33:01.840,1.0605,1.0608,27.90,11.90
2007.08.21 07:33:02.398,1.0605,1.0608,30.30,11.90
2007.08.21 07:33:02.880,1.0605,1.0608,18.30,18.30
2007.08.21 07:33:02.912,1.0605,1.0607,15.90,4.00
2007.08.21 07:33:02.980,1.0605,1.0607,11.90,4.00
2007.08.21 07:33:03.389,1.0605,1.0607,7.90,4.00
2007.08.21 07:33:05.296,1.0605,1.0607,7.90,4.10
2007.08.21 07:33:09.400,1.0605,1.0607,7.90,0.60
2007.08.21 07:33:13.300,1.0605,1.0607,7.90,0.20
2007.08.21 07:33:13.338,1.0605,1.0607,11.90,0.20
2007.08.21 07:33:15.430,1.0605,1.0607,8.50,0.20
2007.08.21 07:33:15.467,1.0605,1.0607,8.50,4.10
2007.08.21 07:33:25.872,1.0605,1.0607,11.90,4.10
2007.08.21 07:33:25.883,1.0605,1.0607,11.90,0.20
2007.08.21 07:33:26.087,1.0605,1.0607,15.90,0.20
2007.08.21 07:33:28.785,1.0605,1.0606,15.90,3.20
2007.08.21 07:33:28.870,1.0605,1.0606,15.90,5.60
2007.08.21 07:33:28.893,1.0604,1.0606,8.00,13.50
2007.08.21 07:33:28.988,1.0603,1.0604,5.60,0.20
2007.08.21 07:33:29.392,1.0603,1.0604,4.00,4.10
2007.08.21 07:33:29.416,1.0602,1.0604,18.90,4.10
2007.08.21 07:33:29.504,1.0602,1.0604,12.50,4.10
2007.08.21 07:33:29.575,1.0602,1.0604,12.50,4.00
2007.08.21 07:33:29.936,1.0602,1.0604,8.50,4.00
2007.08.21 07:33:31.328,1.0604,1.0605,2.40,12.00
2007.08.21 07:33:31.380,1.0604,1.0606,2.50,7.60
2007.08.21 07:33:31.434,1.0604,1.06055,3.30,0.80
2007.08.21 07:33:31.470,1.0604,1.06055,4.90,0.80
2007.08.21 07:33:31.590,1.0604,1.0605,4.80,0.20
2007.08.21 07:33:31.688,1.0604,1.0606,4.80,1.20
2007.08.21 07:33:31.738,1.0604,1.0606,4.00,1.20
2007.08.21 07:33:31.840,1.0604,1.0606,1.60,1.20
2007.08.21 07:33:31.894,1.0604,1.0606,10.40,1.20
2007.08.21 07:33:31.949,1.0602,1.0606,14.90,1.20
2007.08.21 07:33:32.046,1.0602,1.0606,15.70,1.20
2007.08.21 07:33:32.262,1.0602,1.0606,14.90,1.20
2007.08.21 07:33:32.891,1.0602,1.0606,14.90,5.00
2007.08.21 07:33:32.944,1.0602,1.0606,18.90,5.00
2007.08.21 07:33:32.989,1.0602,1.0606,16.50,5.00
2007.08.21 07:33:33.347,1.0603,1.0606,4.00,5.00
2007.08.21 07:33:33.418,1.0604,1.0606,2.40,1.20
2007.08.21 07:33:33.470,1.0604,1.0606,23.90,1.20
2007.08.21 07:33:33.876,1.0604,1.0606,27.90,1.20
2007.08.21 07:33:35.848,1.0604,1.0606,24.70,1.20
2007.08.21 07:33:35.863,1.0604,1.0606,22.30,5.00
2007.08.21 07:33:35.970,1.0604,1.0605,10.40,0.20
2007.08.21 07:33:36.050,1.0604,1.0605,6.40,0.20
2007.08.21 07:33:36.226,1.0604,1.0605,4.00,0.20
2007.08.21 07:33:36.366,1.0603,1.0604,12.50,4.00
2007.08.21 07:33:36.528,1.0602,1.0604,18.90,4.10
2007.08.21 07:33:36.550,1.0602,1.0604,16.50,4.10
2007.08.21 07:33:36.598,1.0602,1.0604,12.50,4.10
2007.08.21 07:33:36.657,1.0602,1.0604,8.50,4.10
2007.08.21 07:33:39.260,1.0602,1.0604,8.50,0.20
2007.08.21 07:33:39.355,1.0602,1.0604,19.70,0.20
2007.08.21 07:33:39.495,1.0602,1.0604,22.10,0.20
2007.08.21 07:33:39.908,1.0602,1.0605,30.10,12.00
2007.08.21 07:33:48.390,1.0602,1.0604,30.10,4.00
2007.08.21 07:33:48.488,1.0602,1.0604,24.50,4.10
2007.08.21 07:33:48.585,1.0602,1.0604,18.90,4.20
2007.08.21 07:33:48.911,1.0602,1.0604,18.10,4.10
2007.08.21 07:33:49.219,1.0602,1.0604,17.50,4.10
2007.08.21 07:33:49.943,1.0602,1.0604,27.10,4.10
2007.08.21 07:33:50.140,1.0602,1.0604,27.10,4.00
2007.08.21 07:33:50.309,1.0602,1.0605,27.10,12.00
2007.08.21 07:33:50.877,1.0602,1.0605,24.70,12.00
2007.08.21 07:33:50.923,1.0604,1.0605,5.60,8.00
2007.08.21 07:33:50.980,1.0604,1.0606,6.40,1.20
2007.08.21 07:33:51.025,1.0605,1.0606,0.80,1.20
2007.08.21 07:33:51.434,1.0604,1.0606,6.40,1.20
2007.08.21 07:33:51.492,1.0604,1.0606,27.90,1.20
2007.08.21 07:33:51.904,1.0604,1.0606,28.50,1.20
2007.08.21 07:33:53.902,1.0604,1.0606,29.30,1.20
2007.08.21 07:33:54.002,1.0604,1.0606,31.50,1.20
2007.08.21 07:34:01.056,1.0604,1.0607,31.50,12.00
2007.08.21 07:34:05.387,1.0605,1.0607,2.40,8.00
2007.08.21 07:34:05.400,1.0606,1.0607,3.20,7.90
2007.08.21 07:34:05.518,1.0606,1.0608,11.90,9.20
2007.08.21 07:34:05.950,1.0606,1.0608,4.80,17.10
2007.08.21 07:34:05.998,1.0606,1.0607,4.80,4.00
2007.08.21 07:34:06.026,1.0606,1.0607,4.00,4.00
2007.08.21 07:34:06.447,1.0605,1.0607,12.50,4.00
2007.08.21 07:34:07.203,1.0605,1.0607,8.50,4.00
2007.08.21 07:34:08.257,1.0605,1.0607,8.50,0.70
2007.08.21 07:34:31.416,1.0605,1.0607,12.50,0.70
2007.08.21 07:34:31.525,1.0605,1.0607,15.90,0.50
2007.08.21 07:34:31.561,1.0605,1.0608,15.90,0.70
2007.08.21 07:34:31.733,1.0605,1.06085,15.90,4.80
2007.08.21 07:34:32.243,1.0605,1.0608,15.90,0.70
2007.08.21 07:34:34.014,1.06055,1.0609,2.40,28.10
2007.08.21 07:34:34.027,1.0606,1.0608,7.90,0.50
2007.08.21 07:34:34.115,1.0607,1.0609,9.50,13.20
2007.08.21 07:34:34.153,1.0607,1.06095,9.50,14.00
2007.08.21 07:34:34.322,1.0607,1.061,13.50,37.00
2007.08.21 07:34:34.429,1.0607,1.0609,12.70,0.60
2007.08.21 07:34:34.463,1.0607,1.0609,12.70,17.20
2007.08.21 07:34:34.539,1.0607,1.0608,4.80,0.70
2007.08.21 07:34:34.651,1.0605,1.0609,14.90,29.10
2007.08.21 07:34:34.856,1.0605,1.0609,12.50,29.10
2007.08.21 07:34:37.045,1.0604,1.0608,20.90,11.90
2007.08.21 07:34:37.150,1.0604,1.0608,12.90,11.90
2007.08.21 07:34:37.189,1.0604,1.0608,10.50,11.90
2007.08.21 07:34:37.246,1.0604,1.0608,8.10,11.90
2007.08.21 07:34:37.424,1.0604,1.0608,8.10,14.30
2007.08.21 07:34:37.549,1.0604,1.0608,4.10,18.30
2007.08.21 07:34:37.952,1.06045,1.0608,2.40,15.90
2007.08.21 07:34:37.966,1.0606,1.0608,7.90,4.00
2007.08.21 07:34:38.424,1.0606,1.0608,7.90,5.20
2007.08.21 07:34:38.655,1.0605,1.0608,19.80,13.10
2007.08.21 07:34:38.708,1.0605,1.0608,27.70,13.10
2007.08.21 07:34:39.016,1.0605,1.0608,26.90,13.10
2007.08.21 07:34:39.681,1.0605,1.0608,26.90,11.90
2007.08.21 07:34:39.920,1.0605,1.0607,26.90,4.00
2007.08.21 07:34:40.016,1.0605,1.0607,24.50,4.00
2007.08.21 07:34:40.068,1.0605,1.0607,6.40,4.00
2007.08.21 07:34:40.176,1.0605,1.0607,4.00,4.00
2007.08.21 07:34:40.581,1.0604,1.0607,16.60,4.00
2007.08.21 07:34:41.007,1.0605,1.0607,7.90,4.00
2007.08.21 07:34:51.047,1.0605,1.0608,11.90,6.90
2007.08.21 07:34:51.166,1.0605,1.0608,11.90,4.50
2007.08.21 07:34:52.239,1.0605,1.0608,11.90,4.10
2007.08.21 07:35:05.844,1.0605,1.0608,11.90,5.60
2007.08.21 07:35:10.324,1.0605,1.0608,11.90,5.50
2007.08.21 07:35:22.182,1.0605,1.0607,11.90,1.50
2007.08.21 07:35:24.060,1.0605,1.0608,11.90,4.00
2007.08.21 07:35:28.592,1.0604,1.0608,34.30,4.00
2007.08.21 07:35:35.128,1.0606,1.0608,7.90,4.00
2007.08.21 07:35:58.922,1.0607,1.0611,12.80,25.20
2007.08.21 07:35:58.987,1.0607,1.0609,12.00,15.40
2007.08.21 07:35:59.113,1.0607,1.0608,12.00,1.60
2007.08.21 07:35:59.202,1.0608,1.0609,0.20,13.80
2007.08.21 07:35:59.516,1.0607,1.0609,12.00,13.80
2007.08.21 07:35:59.621,1.0607,1.0609,24.70,13.80
2007.08.21 07:36:00.619,1.0607,1.0609,28.70,9.80
2007.08.21 07:36:00.658,1.0608,1.0609,0.80,7.40
2007.08.21 07:36:00.874,1.0608,1.0609,9.50,7.40
2007.08.21 07:36:01.133,1.0608,1.0611,15.90,27.30
2007.08.21 07:36:01.203,1.0609,1.0611,3.20,23.00
2007.08.21 07:36:01.292,1.0609,1.0611,4.00,18.20
2007.08.21 07:36:01.495,1.0609,1.0611,3.20,15.80
2007.08.21 07:36:01.687,1.0609,1.0611,2.40,16.00
2007.08.21 07:36:01.815,1.0609,1.061,2.40,0.20
2007.08.21 07:36:02.217,1.0609,1.0611,2.40,16.00
2007.08.21 07:36:02.538,1.0609,1.0611,2.40,14.80
2007.08.21 07:36:02.729,1.0609,1.0611,2.40,14.70
2007.08.21 07:36:02.843,1.0609,1.0611,11.10,6.80
2007.08.21 07:36:03.136,1.0609,1.0611,11.10,7.60
2007.08.21 07:36:03.168,1.0609,1.0611,11.10,4.40
2007.08.21 07:36:03.239,1.0609,1.061,20.70,0.70
2007.08.21 07:36:03.343,1.0609,1.061,23.10,0.70
2007.08.21 07:36:03.637,1.0609,1.061,19.10,0.70
2007.08.21 07:36:03.860,1.0609,1.061,13.50,0.40
2007.08.21 07:36:04.165,1.0609,1.061,4.00,0.40
2007.08.21 07:36:04.591,1.0608,1.0609,12.80,0.20
2007.08.21 07:36:04.612,1.0608,1.0609,12.80,4.00
2007.08.21 07:36:04.688,1.0608,1.0609,4.30,4.00
2007.08.21 07:36:08.637,1.0608,1.0609,20.20,4.00
2007.08.21 07:36:08.758,1.0608,1.0609,5.90,4.00
2007.08.21 07:36:08.777,1.0608,1.061,5.90,0.30
2007.08.21 07:36:08.839,1.0608,1.061,27.40,0.30
2007.08.21 07:36:08.961,1.0608,1.061,31.40,0.30
2007.08.21 07:36:09.394,1.0609,1.061,7.90,0.30
2007.08.21 07:36:15.186,1.0609,1.061,15.10,0.30
2007.08.21 07:36:15.327,1.0609,1.061,15.90,0.30
2007.08.21 07:36:15.350,1.0609,1.0611,20.70,2.90
2007.08.21 07:36:15.384,1.0609,1.0611,21.50,2.90
2007.08.21 07:36:15.479,1.0609,1.0611,27.90,2.90
2007.08.21 07:36:15.673,1.0609,1.0611,31.90,2.90
2007.08.21 07:36:18.286,1.0609,1.0611,31.90,2.80
2007.08.21 07:36:19.226,1.0608,1.0611,43.80,2.80
2007.08.21 07:36:24.809,1.0609,1.0611,7.40,3.60
2007.08.21 07:36:25.879,1.0608,1.0611,41.00,3.60
2007.08.21 07:36:25.919,1.0608,1.0611,44.20,3.60
2007.08.21 07:36:25.935,1.0608,1.0611,44.20,3.60
2007.08.21 07:36:26.160,1.061,1.0611,1.50,3.60
2007.08.21 07:36:26.266,1.0609,1.0611,24.70,3.60
2007.08.21 07:36:26.681,1.0609,1.0611,26.30,3.60
2007.08.21 07:36:30.202,1.0609,1.0611,27.20,3.60
2007.08.21 07:36:30.321,1.0609,1.0611,33.50,3.60
2007.08.21 07:36:30.527,1.06085,1.0611,35.90,3.60
2007.08.21 07:36:31.215,1.0608,1.0611,41.80,7.60
2007.08.21 07:36:31.267,1.0609,1.0611,13.00,7.60
2007.08.21 07:36:31.359,1.0608,1.0611,32.80,7.60
2007.08.21 07:36:31.772,1.0609,1.0611,8.60,7.60
2007.08.21 07:36:32.405,1.0609,1.0611,3.40,7.60
2007.08.21 07:36:33.770,1.0608,1.061,27.20,4.00
2007.08.21 07:36:33.835,1.0608,1.061,19.20,4.00
2007.08.21 07:36:34.256,1.0608,1.061,2.20,4.00
2007.08.21 07:36:35.150,1.0607,1.061,31.90,4.00
2007.08.21 07:36:42.654,1.0607,1.0611,35.90,21.40
2007.08.21 07:36:42.763,1.0608,1.0611,15.90,9.50
2007.08.21 07:36:42.881,1.0609,1.0611,5.10,7.10
2007.08.21 07:36:43.185,1.0608,1.0611,23.90,7.10
2007.08.21 07:36:52.226,1.0609,1.0611,15.90,3.10
2007.08.21 07:36:52.310,1.0609,1.0611,23.10,3.10
2007.08.21 07:36:52.419,1.0609,1.0611,25.50,3.10
2007.08.21 07:36:56.738,1.0609,1.0611,25.50,7.10
2007.08.21 07:36:56.786,1.0609,1.0611,18.30,7.10
2007.08.21 07:36:56.880,1.0609,1.0611,15.90,7.10
2007.08.21 07:36:58.738,1.0609,1.061,8.00,0.20
2007.08.21 07:36:58.839,1.0609,1.061,6.40,0.20
2007.08.21 07:36:58.888,1.0609,1.061,4.00,4.10
2007.08.21 07:36:59.249,1.0608,1.061,8.80,4.10
2007.08.21 07:36:59.850,1.0608,1.061,8.80,4.90
2007.08.21 07:37:01.325,1.0608,1.061,8.80,4.80
2007.08.21 07:37:10.266,1.0608,1.061,0.40,12.80
2007.08.21 07:37:10.751,1.0608,1.0609,0.40,4.00
2007.08.21 07:37:11.401,1.0608,1.0609,0.40,4.80
2007.08.21 07:37:13.421,1.0608,1.0609,0.40,0.80
2007.08.21 07:37:13.477,1.0608,1.061,0.40,12.80
2007.08.21 07:37:14.810,1.0608,1.061,0.40,12.70
2007.08.21 07:37:15.467,1.0608,1.061,0.40,0.50
2007.08.21 07:37:24.797,1.0608,1.06105,9.00,4.90
2007.08.21 07:37:24.883,1.0608,1.061,9.80,0.70
2007.08.21 07:37:25.083,1.0608,1.061,13.80,0.50
2007.08.21 07:37:39.609,1.0608,1.0611,14.60,31.80
2007.08.21 07:37:39.623,1.0608,1.061,15.40,0.50
2007.08.21 07:37:39.753,1.0608,1.0611,16.20,0.90
2007.08.21 07:37:39.836,1.0608,1.061,6.70,16.00
2007.08.21 07:37:39.881,1.0608,1.0609,5.90,0.90
2007.08.21 07:37:39.936,1.0608,1.0609,5.10,0.60
2007.08.21 07:37:40.026,1.0608,1.0609,4.30,0.70
2007.08.21 07:37:40.234,1.0608,1.0609,0.40,0.70
2007.08.21 07:37:41.593,1.0608,1.061,0.40,25.70
2007.08.21 07:37:41.796,1.0608,1.0609,0.40,0.60
2007.08.21 07:38:03.390,1.0608,1.0609,0.40,15.20
2007.08.21 07:38:03.815,1.0608,1.0609,4.00,15.20
2007.08.21 07:38:03.870,1.0607,1.0608,4.00,4.00
2007.08.21 07:38:03.906,1.0606,1.0608,19.90,4.00
2007.08.21 07:38:04.017,1.0606,1.0608,15.90,4.00
2007.08.21 07:38:04.193,1.0606,1.0608,11.90,4.00
2007.08.21 07:38:04.335,1.0606,1.0608,7.90,4.00
2007.08.21 07:38:06.172,1.0606,1.0608,7.90,4.80
2007.08.21 07:38:29.861,1.0606,1.0608,7.90,0.80
2007.08.21 07:38:30.058,1.0606,1.0608,16.70,0.80
2007.08.21 07:38:30.156,1.0606,1.0608,23.10,0.80
2007.08.21 07:38:30.354,1.0606,1.0608,27.10,0.80
2007.08.21 07:38:30.459,1.0606,1.0608,29.50,0.80
2007.08.21 07:38:31.096,1.0606,1.0609,29.50,16.70
2007.08.21 07:38:31.201,1.0606,1.0609,29.50,15.20
2007.08.21 07:38:31.401,1.0607,1.0609,7.90,7.20
2007.08.21 07:38:31.557,1.0607,1.0609,9.50,6.80
2007.08.21 07:38:31.665,1.0607,1.0609,9.50,6.40
2007.08.21 07:38:31.693,1.0607,1.0609,9.50,6.00
2007.08.21 07:38:31.932,1.0607,1.0609,0.80,14.00
2007.08.21 07:38:32.037,1.0606,1.0609,31.10,13.90
2007.08.21 07:38:32.128,1.0607,1.0609,4.00,13.90
2007.08.21 07:38:32.340,1.0606,1.0609,29.50,13.90
2007.08.21 07:38:40.950,1.0606,1.0609,31.10,13.90
2007.08.21 07:38:41.464,1.0607,1.0609,7.90,6.00
2007.08.21 07:38:42.079,1.0607,1.0609,7.90,8.40
2007.08.21 07:38:42.289,1.0607,1.0609,7.90,6.00
2007.08.21 07:38:42.494,1.0607,1.0609,7.90,8.40
2007.08.21 07:38:46.555,1.0607,1.0609,7.90,6.00
2007.08.21 07:38:47.184,1.0607,1.06095,7.90,6.50
2007.08.21 07:38:48.506,1.0607,1.0609,7.90,0.50
2007.08.21 07:38:48.889,1.0607,1.0609,7.90,0.50
2007.08.21 07:38:49.023,1.0607,1.061,14.30,4.50
2007.08.21 07:38:49.124,1.0607,1.0609,18.30,0.50
2007.08.21 07:38:49.655,1.0607,1.06105,18.30,5.20
2007.08.21 07:38:53.891,1.0607,1.061,15.90,0.90
2007.08.21 07:38:54.453,1.0607,1.061,15.90,4.50
2007.08.21 07:38:54.529,1.0607,1.061,11.90,16.40
2007.08.21 07:38:54.627,1.0607,1.061,8.50,16.30
2007.08.21 07:38:58.890,1.0607,1.0611,8.50,34.90
2007.08.21 07:38:59.005,1.0607,1.061,11.90,0.80
2007.08.21 07:38:59.327,1.0607,1.0611,12.00,30.80
2007.08.21 07:38:59.622,1.0607,1.0611,11.90,26.80
2007.08.21 07:39:00.946,1.0606,1.0611,25.50,26.20
2007.08.21 07:39:01.066,1.0606,1.0611,28.60,26.20
2007.08.21 07:39:01.122,1.0606,1.061,25.40,0.60
2007.08.21 07:39:01.258,1.0606,1.0611,24.60,28.60
2007.08.21 07:39:01.481,1.0606,1.061,20.60,0.60
2007.08.21 07:39:02.516,1.0606,1.0611,20.50,31.70
2007.08.21 07:39:02.611,1.0606,1.061,16.50,0.80
2007.08.21 07:39:02.728,1.0606,1.0611,16.50,37.10
2007.08.21 07:39:02.802,1.0606,1.061,16.50,22.80
2007.08.21 07:39:03.215,1.0606,1.061,12.50,24.00
2007.08.21 07:39:09.127,1.0606,1.0608,12.50,0.70
2007.08.21 07:39:09.993,1.0606,1.0609,12.50,5.20
2007.08.21 07:39:10.216,1.0606,1.0608,8.50,0.80
2007.08.21 07:39:11.620,1.0606,1.0609,8.60,17.00
2007.08.21 07:39:12.058,1.0606,1.0609,8.50,17.00
2007.08.21 07:39:12.588,1.0606,1.0609,8.60,17.00
2007.08.21 07:39:13.041,1.0606,1.0609,8.50,16.60
2007.08.21 07:39:13.563,1.0606,1.0608,8.60,0.80
2007.08.21 07:39:13.997,1.0606,1.0608,8.50,0.70
2007.08.21 07:39:14.956,1.0606,1.0608,8.60,4.70
2007.08.21 07:39:15.400,1.0606,1.0608,0.20,4.70
2007.08.21 07:39:15.494,1.0605,1.0608,30.50,4.70
2007.08.21 07:39:16.039,1.0605,1.0608,29.70,4.70
2007.08.21 07:39:17.766,1.0605,1.0608,29.70,4.00
2007.08.21 07:39:22.708,1.0606,1.0608,7.90,4.00
2007.08.21 07:39:25.969,1.0606,1.0609,7.90,15.90
2007.08.21 07:39:26.129,1.0606,1.0609,12.00,4.00
2007.08.21 07:39:38.774,1.0606,1.0609,12.00,5.60
2007.08.21 07:39:38.830,1.0606,1.0609,12.00,7.20
2007.08.21 07:39:39.024,1.0606,1.0609,12.00,8.80
2007.08.21 07:39:43.214,1.0606,1.0609,11.90,8.90
2007.08.21 07:39:43.313,1.0606,1.0608,11.90,0.20
2007.08.21 07:39:43.646,1.0606,1.0609,11.90,8.90
2007.08.21 07:39:44.035,1.0606,1.0608,11.90,4.00
2007.08.21 07:39:44.081,1.0606,1.0608,7.90,4.10
2007.08.21 07:39:44.602,1.0606,1.0608,7.90,4.00
2007.08.21 07:39:44.814,1.0606,1.0608,7.90,4.10
2007.08.21 07:39:45.459,1.0606,1.0608,7.90,4.00
2007.08.21 07:39:46.000,1.0606,1.0608,7.90,4.10
2007.08.21 07:39:46.553,1.0606,1.0608,7.90,4.00
2007.08.21 07:39:46.865,1.0606,1.0608,7.90,4.10
2007.08.21 07:39:47.420,1.0606,1.0608,7.90,4.00
2007.08.21 07:39:47.632,1.0606,1.0608,7.90,4.10
2007.08.21 07:39:48.271,1.0606,1.0608,7.90,4.00
2007.08.21 07:39:48.597,1.0606,1.0608,7.90,4.10
2007.08.21 07:39:49.259,1.0606,1.0608,7.90,4.00
2007.08.21 07:39:49.699,1.0606,1.0608,7.90,4.10
2007.08.21 07:39:50.097,1.0606,1.0608,7.90,4.00
2007.08.21 07:39:50.523,1.0606,1.0608,7.90,4.10
2007.08.21 07:39:51.547,1.0607,1.0608,2.40,0.20
2007.08.21 07:39:51.588,1.0608,1.0609,0.80,17.60
2007.08.21 07:39:51.701,1.0608,1.061,0.80,7.70
2007.08.21 07:39:51.785,1.0608,1.061,9.50,9.30
2007.08.21 07:39:52.016,1.0608,1.061,13.50,5.30
2007.08.21 07:39:52.123,1.0608,1.061,15.10,5.30
2007.08.21 07:39:52.219,1.0608,1.061,15.10,4.10
2007.08.21 07:39:54.158,1.0608,1.061,15.90,4.10
2007.08.21 07:39:54.258,1.0608,1.061,16.70,4.10
2007.08.21 07:39:54.395,1.0608,1.061,17.50,4.10
2007.08.21 07:40:01.059,1.0608,1.061,24.70,4.00
2007.08.21 07:40:01.083,1.0608,1.06105,27.10,3.20
2007.08.21 07:40:01.178,1.0608,1.06105,29.50,3.20
2007.08.21 07:40:02.332,1.0608,1.061,29.50,0.20
2007.08.21 07:40:05.534,1.0608,1.06105,29.50,3.20
2007.08.21 07:40:05.548,1.0611,1.0612,0.80,23.60
2007.08.21 07:40:05.656,1.0611,1.0612,2.40,2.80
2007.08.21 07:40:05.769,1.0611,1.0612,2.40,2.80
2007.08.21 07:40:05.807,1.061,1.0611,15.10,1.60
2007.08.21 07:40:05.835,1.06105,1.0611,1.70,1.60
2007.08.21 07:40:05.873,1.0611,1.0612,2.40,2.00
2007.08.21 07:40:05.970,1.0611,1.0612,1.60,2.00
2007.08.21 07:40:06.104,1.0611,1.0612,15.20,2.00
2007.08.21 07:40:06.257,1.0611,1.0612,15.20,1.20
2007.08.21 07:40:06.531,1.0611,1.0612,15.10,1.20
2007.08.21 07:40:08.586,1.0612,1.0613,7.90,11.60
2007.08.21 07:40:09.124,1.0611,1.0612,23.20,1.20
2007.08.21 07:40:09.222,1.0611,1.0612,31.90,1.20
2007.08.21 07:40:09.253,1.0611,1.0613,35.90,7.40
2007.08.21 07:40:09.801,1.0611,1.0613,35.10,7.40
2007.08.21 07:40:10.296,1.0611,1.0613,31.10,7.40
2007.08.21 07:40:11.567,1.06115,1.0613,2.40,7.40
2007.08.21 07:40:11.609,1.0612,1.0613,2.40,7.40
2007.08.21 07:40:11.689,1.0613,1.0614,9.50,0.20
2007.08.21 07:40:12.014,1.0613,1.0614,13.50,0.20
2007.08.21 07:40:12.641,1.0613,1.0615,15.10,5.20
2007.08.21 07:40:13.352,1.0613,1.0615,15.10,4.00
2007.08.21 07:40:16.072,1.0613,1.0615,12.70,4.80
2007.08.21 07:40:16.096,1.0612,1.0613,20.80,7.40
2007.08.21 07:40:16.202,1.0612,1.0613,8.80,7.40
2007.08.21 07:40:16.338,1.0612,1.0613,8.80,7.50
2007.08.21 07:40:16.417,1.0612,1.0613,8.80,8.30
2007.08.21 07:40:16.483,1.0612,1.0613,8.00,8.30
2007.08.21 07:40:16.513,1.0612,1.0613,8.00,7.50
2007.08.21 07:40:16.634,1.0612,1.0613,4.00,7.50
2007.08.21 07:40:17.593,1.0611,1.0613,29.30,7.50
2007.08.21 07:40:18.135,1.0612,1.0613,7.90,7.40
2007.08.21 07:40:26.221,1.0611,1.0613,26.20,7.50
2007.08.21 07:40:26.855,1.0611,1.0613,34.10,7.50
2007.08.21 07:40:27.378,1.0611,1.0613,30.10,7.50
2007.08.21 07:40:28.157,1.0612,1.0613,7.90,7.50
2007.08.21 07:40:40.643,1.0612,1.0613,13.50,2.70
2007.08.21 07:40:40.710,1.0614,1.0616,1.60,14.00
2007.08.21 07:40:40.741,1.0614,1.0616,1.60,13.20
2007.08.21 07:40:40.845,1.0614,1.0616,1.60,11.20
2007.08.21 07:40:40.896,1.0614,1.0616,1.60,8.00
2007.08.21 07:40:40.928,1.0614,1.0616,10.30,9.60
2007.08.21 07:40:41.071,1.0614,1.0616,10.30,9.60
2007.08.21 07:40:41.150,1.0614,1.0615,14.30,0.20
2007.08.21 07:40:41.768,1.0614,1.0615,14.30,4.20
2007.08.21 07:40:41.808,1.0614,1.0615,4.00,4.20
2007.08.21 07:40:42.134,1.0613,1.0615,4.00,5.80
2007.08.21 07:40:42.195,1.0613,1.0614,4.00,4.00
2007.08.21 07:40:42.237,1.0611,1.0614,21.60,11.90
2007.08.21 07:40:42.247,1.0611,1.0614,25.60,11.90
2007.08.21 07:40:42.333,1.0611,1.0614,34.30,11.90
2007.08.21 07:40:42.473,1.0611,1.0614,31.90,11.90
2007.08.21 07:40:42.653,1.0611,1.0614,28.50,11.90
2007.08.21 07:40:43.095,1.0611,1.0614,24.50,11.90
2007.08.21 07:40:43.107,1.0611,1.0614,24.50,7.90
2007.08.21 07:40:43.180,1.0612,1.06145,11.90,1.00
2007.08.21 07:40:43.251,1.0612,1.06145,11.90,0.60
2007.08.21 07:40:43.312,1.0612,1.0615,15.90,9.40
2007.08.21 07:40:43.619,1.0612,1.0615,15.90,5.40
2007.08.21 07:40:44.165,1.0612,1.0615,15.90,4.20
2007.08.21 07:40:44.671,1.0612,1.0615,15.90,5.00
2007.08.21 07:40:44.696,1.0612,1.0613,4.00,4.00
2007.08.21 07:40:44.912,1.0611,1.0613,21.50,4.00
2007.08.21 07:40:45.222,1.0611,1.0613,17.50,4.00
2007.08.21 07:40:45.668,1.0611,1.0613,13.50,4.00
2007.08.21 07:40:45.949,1.0611,1.0613,13.50,0.50
2007.08.21 07:40:45.964,1.0611,1.0614,15.10,19.90
2007.08.21 07:40:45.974,1.0611,1.0614,15.90,19.90
2007.08.21 07:40:46.119,1.0611,1.0614,16.70,19.90
2007.08.21 07:40:48.178,1.0611,1.0614,22.30,16.00
2007.08.21 07:40:48.189,1.0612,1.06145,8.70,1.00
2007.08.21 07:40:48.307,1.0613,1.06145,7.90,1.00
2007.08.21 07:40:48.334,1.0613,1.06145,7.90,0.60
2007.08.21 07:40:48.576,1.0613,1.0615,7.90,9.40
2007.08.21 07:40:48.712,1.0613,1.0615,7.90,5.40
2007.08.21 07:40:49.602,1.0613,1.0615,7.90,4.20
2007.08.21 07:40:54.687,1.0613,1.0615,11.90,0.20
2007.08.21 07:40:54.716,1.0615,1.0616,1.60,1.80
2007.08.21 07:40:54.911,1.0615,1.0617,10.30,10.60
2007.08.21 07:40:55.125,1.0615,1.0617,14.30,6.60
2007.08.21 07:40:56.177,1.0615,1.0617,14.30,5.40
2007.08.21 07:40:56.674,1.0615,1.0616,14.30,4.00
2007.08.21 07:40:56.741,1.0615,1.0616,4.80,4.00
2007.08.21 07:40:56.848,1.0615,1.0616,4.00,4.00
2007.08.21 07:40:57.160,1.0614,1.0615,4.00,0.06
2007.08.21 07:40:57.701,1.0614,1.0615,4.00,4.00
2007.08.21 07:40:59.243,1.0613,1.0615,8.50,4.00
2007.08.21 07:41:00.696,1.0613,1.0615,0.60,11.90
2007.08.21 07:41:00.830,1.0612,1.0615,34.30,11.90
2007.08.21 07:41:01.286,1.0612,1.0615,30.30,11.90
2007.08.21 07:41:01.295,1.0612,1.0615,32.70,11.90
2007.08.21 07:41:03.181,1.0612,1.0615,29.30,11.90
2007.08.21 07:41:03.717,1.0612,1.0615,28.50,11.90
2007.08.21 07:41:04.708,1.0613,1.0615,4.00,11.90
2007.08.21 07:41:04.796,1.0613,1.0615,6.40,11.90
2007.08.21 07:41:04.904,1.0614,1.0615,11.90,4.00
2007.08.21 07:41:05.643,1.0614,1.0615,11.90,0.06
2007.08.21 07:41:09.687,1.0614,1.0615,10.30,0.06
2007.08.21 07:41:10.698,1.0614,1.0615,8.70,0.06
2007.08.21 07:41:10.784,1.0614,1.0615,8.70,4.00
2007.08.21 07:41:10.807,1.0614,1.0615,0.80,4.00
2007.08.21 07:41:10.911,1.0613,1.0615,19.70,4.00
2007.08.21 07:41:11.093,1.0613,1.0615,16.50,4.00
2007.08.21 07:41:11.122,1.0613,1.0615,12.50,4.00
2007.08.21 07:41:11.328,1.0613,1.0615,4.00,11.90
2007.08.21 07:41:12.288,1.0612,1.0615,35.00,11.90
2007.08.21 07:41:12.757,1.0613,1.0615,7.90,4.00
2007.08.21 07:41:13.169,1.0612,1.0615,17.50,6.40
2007.08.21 07:41:14.226,1.0612,1.0615,18.30,6.40
2007.08.21 07:41:14.812,1.0612,1.0615,19.80,6.40
2007.08.21 07:41:14.887,1.0612,1.0615,20.60,6.40
2007.08.21 07:41:14.993,1.0612,1.0615,20.80,6.40
2007.08.21 07:41:15.265,1.0612,1.0615,21.60,6.40
2007.08.21 07:41:15.413,1.0612,1.0615,21.40,6.40
2007.08.21 07:41:15.498,1.0612,1.0615,22.20,6.40
2007.08.21 07:41:15.840,1.0612,1.0615,22.40,6.40
2007.08.21 07:41:16.278,1.0612,1.0615,22.20,6.40
2007.08.21 07:41:16.817,1.0612,1.0615,22.40,6.40
2007.08.21 07:41:17.235,1.0612,1.0615,14.30,6.40
2007.08.21 07:41:19.167,1.0612,1.0615,11.10,6.40
2007.08.21 07:41:19.199,1.0612,1.0614,8.70,4.00
2007.08.21 07:41:19.231,1.0612,1.0614,4.70,4.00
2007.08.21 07:41:19.284,1.0612,1.0614,1.60,4.10
2007.08.21 07:41:19.302,1.0612,1.0614,0.80,4.10
2007.08.21 07:41:19.375,1.0612,1.0614,8.50,6.50
2007.08.21 07:41:19.493,1.0612,1.0614,8.50,6.40
2007.08.21 07:41:19.815,1.0612,1.0614,8.50,6.50
2007.08.21 07:41:19.914,1.0611,1.0614,20.50,6.50
2007.08.21 07:41:20.134,1.0611,1.0614,19.70,6.50
2007.08.21 07:41:22.302,1.0612,1.0614,12.70,6.40
2007.08.21 07:41:22.416,1.0612,1.0614,1.60,4.00
2007.08.21 07:41:22.717,1.0612,1.0615,4.00,6.40
2007.08.21 07:41:22.732,1.0612,1.0615,11.90,6.40
2007.08.21 07:41:23.757,1.0612,1.0615,15.90,2.40
2007.08.21 07:41:23.851,1.0612,1.0615,17.50,2.40
2007.08.21 07:41:23.882,1.0612,1.0615,20.70,2.40
2007.08.21 07:41:24.574,1.0613,1.0615,2.40,2.40
2007.08.21 07:41:25.710,1.0612,1.0615,20.70,2.40
2007.08.21 07:41:25.802,1.0612,1.0615,17.50,2.40
2007.08.21 07:41:25.825,1.0612,1.0615,13.30,6.40
2007.08.21 07:41:25.901,1.0612,1.0615,12.50,6.40
2007.08.21 07:41:26.543,1.0612,1.0615,16.50,6.40
2007.08.21 07:41:28.321,1.0612,1.0615,8.00,6.40
2007.08.21 07:41:28.965,1.0612,1.0614,8.00,0.20
2007.08.21 07:41:29.209,1.0612,1.0614,4.00,0.20
2007.08.21 07:41:30.898,1.0612,1.0615,4.00,6.40
2007.08.21 07:41:31.178,1.0612,1.0615,4.00,2.40
2007.08.21 07:41:31.217,1.0612,1.0613,3.20,4.00
2007.08.21 07:41:31.274,1.0612,1.0613,0.80,4.00
2007.08.21 07:41:31.313,1.0611,1.0613,27.10,4.00
2007.08.21 07:41:31.421,1.0611,1.0613,10.40,6.40
2007.08.21 07:41:31.585,1.0611,1.0613,9.60,6.40
2007.08.21 07:41:31.790,1.0611,1.0613,10.40,6.40
2007.08.21 07:41:32.186,1.0611,1.0613,6.40,6.40
2007.08.21 07:41:32.737,1.0613,1.0614,2.40,3.30
2007.08.21 07:41:32.809,1.0613,1.0614,2.50,5.40
2007.08.21 07:41:32.898,1.0613,1.0614,3.30,5.40
2007.08.21 07:41:32.911,1.0614,1.0615,11.90,1.20
2007.08.21 07:41:33.256,1.0614,1.0615,11.90,0.06
2007.08.21 07:41:35.310,1.0614,1.0615,4.00,0.06
2007.08.21 07:41:35.390,1.0614,1.0615,4.00,4.00
2007.08.21 07:41:35.407,1.0613,1.0615,23.70,4.00
2007.08.21 07:41:35.487,1.0613,1.0615,22.90,4.00
2007.08.21 07:41:35.565,1.0613,1.0615,16.50,4.00
2007.08.21 07:41:35.932,1.0613,1.0615,12.50,4.00
2007.08.21 07:41:36.813,1.0613,1.0615,4.00,4.00
2007.08.21 07:41:37.088,1.0612,1.0615,20.60,4.00
2007.08.21 07:41:37.331,1.0612,1.0615,16.60,4.00
2007.08.21 07:41:38.114,1.0612,1.0615,12.60,4.00
2007.08.21 07:41:38.156,1.0612,1.0615,13.40,4.00
2007.08.21 07:41:38.180,1.0612,1.0615,14.20,4.00
2007.08.21 07:41:38.210,1.0613,1.0615,0.20,4.00
2007.08.21 07:41:38.271,1.0614,1.0615,2.40,0.06
2007.08.21 07:41:38.334,1.0614,1.0616,15.10,7.60
2007.08.21 07:41:38.425,1.0614,1.0616,23.10,1.20
2007.08.21 07:41:38.800,1.0614,1.0616,20.70,1.20
2007.08.21 07:41:38.873,1.0614,1.0616,8.00,1.20
2007.08.21 07:41:38.961,1.0613,1.0616,23.20,1.20
2007.08.21 07:41:39.041,1.0613,1.0616,20.00,1.20
2007.08.21 07:41:39.222,1.0613,1.0617,24.00,7.20
2007.08.21 07:41:43.143,1.0613,1.0617,24.00,6.40
2007.08.21 07:41:43.363,1.0613,1.0617,24.00,4.00
2007.08.21 07:41:44.833,1.0613,1.0617,12.10,11.90
2007.08.21 07:41:44.961,1.0613,1.0617,8.10,11.90
2007.08.21 07:41:45.141,1.0613,1.0617,4.10,11.90
2007.08.21 07:41:45.183,1.0613,1.0617,0.20,13.10
2007.08.21 07:41:45.806,1.0612,1.0617,20.60,5.20
2007.08.21 07:41:46.043,1.0612,1.0614,20.60,4.00
2007.08.21 07:41:46.107,1.0612,1.0614,18.20,4.00
2007.08.21 07:41:46.140,1.0613,1.0614,0.20,4.00
2007.08.21 07:41:46.365,1.0612,1.0616,13.60,6.00
2007.08.21 07:41:46.417,1.0612,1.0616,15.20,3.60
2007.08.21 07:41:46.563,1.0612,1.0616,15.20,1.20
2007.08.21 07:41:46.791,1.0612,1.0616,19.80,1.20
2007.08.21 07:41:46.899,1.0612,1.0616,23.80,1.20
2007.08.21 07:41:46.938,1.0612,1.0616,23.00,1.20
2007.08.21 07:41:46.977,1.0612,1.0616,20.60,1.20
2007.08.21 07:41:47.042,1.0612,1.0616,20.60,5.20
2007.08.21 07:41:47.227,1.0612,1.0616,16.00,5.20
2007.08.21 07:41:47.450,1.0612,1.0616,16.00,1.20
2007.08.21 07:41:47.468,1.0612,1.0616,18.40,1.20
2007.08.21 07:41:48.018,1.0612,1.0617,22.40,13.40
2007.08.21 07:41:48.796,1.0613,1.0617,2.40,13.40
2007.08.21 07:41:48.825,1.0615,1.0617,7.90,5.20
2007.08.21 07:41:51.145,1.0615,1.0617,7.90,4.00
2007.08.21 07:41:51.753,1.0615,1.0618,7.90,26.50
2007.08.21 07:41:53.354,1.0615,1.0618,7.90,27.30
2007.08.21 07:41:53.407,1.0615,1.0617,7.90,4.80
2007.08.21 07:41:53.455,1.0614,1.0616,24.80,0.60
2007.08.21 07:41:53.987,1.0614,1.0616,20.80,0.70
2007.08.21 07:41:54.002,1.0614,1.0617,16.80,19.90
2007.08.21 07:41:54.372,1.0614,1.0616,12.80,0.90
2007.08.21 07:41:57.864,1.0615,1.0618,7.90,42.40
2007.08.21 07:41:57.968,1.0615,1.0617,7.90,0.50
2007.08.21 07:42:25.819,1.0615,1.0618,7.90,25.90
2007.08.21 07:42:25.899,1.0615,1.0618,11.90,14.00
2007.08.21 07:42:25.992,1.0615,1.0618,11.90,11.60
2007.08.21 07:42:32.850,1.0616,1.0618,7.90,11.60
2007.08.21 07:42:34.316,1.0616,1.0617,7.90,4.00
2007.08.21 07:42:34.438,1.0615,1.0617,19.00,4.30
2007.08.21 07:42:34.605,1.0615,1.0617,19.70,4.30
2007.08.21 07:42:35.043,1.0615,1.0617,11.70,4.30
2007.08.21 07:42:35.558,1.0615,1.0617,11.70,4.20
2007.08.21 07:42:35.763,1.0615,1.0617,11.70,4.00
2007.08.21 07:42:35.856,1.0615,1.0617,9.30,2.40
2007.08.21 07:42:35.885,1.0614,1.0616,16.50,12.70
2007.08.21 07:42:35.950,1.0614,1.0616,15.70,12.70
2007.08.21 07:42:35.980,1.0614,1.0616,11.20,16.00
2007.08.21 07:42:36.017,1.0614,1.0616,10.40,16.00
2007.08.21 07:42:36.087,1.0614,1.0616,8.00,18.50
2007.08.21 07:42:36.201,1.0614,1.0616,8.00,18.70
2007.08.21 07:42:36.318,1.0614,1.0616,4.00,18.60
2007.08.21 07:42:36.958,1.0614,1.0616,4.00,18.40
2007.08.21 07:42:39.372,1.0614,1.0616,4.00,16.80
2007.08.21 07:42:41.339,1.0614,1.0616,4.00,20.80
2007.08.21 07:42:41.371,1.0614,1.0616,11.90,7.20
2007.08.21 07:42:41.473,1.0614,1.0616,11.90,6.40
2007.08.21 07:42:41.588,1.0614,1.0616,11.90,4.00
2007.08.21 07:42:42.367,1.0614,1.0617,11.90,19.20
2007.08.21 07:42:42.437,1.0614,1.0617,19.10,15.20
2007.08.21 07:42:42.543,1.0614,1.0617,25.50,12.80
2007.08.21 07:42:43.259,1.0614,1.0617,27.90,12.80
2007.08.21 07:42:43.937,1.0614,1.0617,25.50,12.80
2007.08.21 07:42:44.369,1.0615,1.0617,0.80,12.10
2007.08.21 07:42:44.468,1.0615,1.0617,8.70,4.30
2007.08.21 07:42:44.582,1.0615,1.0617,9.50,4.00
2007.08.21 07:42:48.866,1.0615,1.0618,11.90,31.50
2007.08.21 07:42:48.899,1.0616,1.0618,1.60,29.10
2007.08.21 07:42:48.973,1.0616,1.0618,1.60,26.70
2007.08.21 07:42:48.994,1.0616,1.0618,9.50,14.60
2007.08.21 07:42:49.145,1.0616,1.0618,10.30,11.40
2007.08.21 07:42:49.408,1.0616,1.0618,11.10,11.40
2007.08.21 07:42:50.058,1.0616,1.0618,11.10,11.60
2007.08.21 07:42:50.289,1.0616,1.0618,11.10,11.50
2007.08.21 07:42:50.377,1.0616,1.0618,11.10,11.40
2007.08.21 07:42:50.508,1.0616,1.0618,11.90,11.60
2007.08.21 07:42:50.624,1.0616,1.0618,11.10,11.60
2007.08.21 07:42:50.938,1.0616,1.0618,11.10,11.40
2007.08.21 07:42:51.267,1.0616,1.0619,11.10,30.80
2007.08.21 07:42:51.470,1.0616,1.0619,11.10,31.00
2007.08.21 07:42:51.885,1.0616,1.0619,9.50,31.00
2007.08.21 07:42:52.016,1.0616,1.0619,9.50,30.80
2007.08.21 07:42:52.335,1.0616,1.0618,9.50,0.60
2007.08.21 07:42:53.022,1.0616,1.0618,9.50,0.70
2007.08.21 07:42:53.290,1.0616,1.0618,9.50,0.60
2007.08.21 07:42:53.825,1.0616,1.0619,9.50,30.80
2007.08.21 07:42:54.165,1.0616,1.0618,9.50,0.80
2007.08.21 07:42:54.684,1.0616,1.0618,9.50,0.60
2007.08.21 07:42:54.816,1.0616,1.0618,9.50,0.90
2007.08.21 07:42:55.242,1.0616,1.0619,9.50,31.00
2007.08.21 07:42:55.763,1.0616,1.0618,9.50,0.60
2007.08.21 07:42:56.184,1.0616,1.0619,9.50,31.00
2007.08.21 07:42:56.614,1.0616,1.0619,9.50,30.80
2007.08.21 07:42:57.028,1.0616,1.0619,9.50,31.00
2007.08.21 07:42:57.688,1.0616,1.0619,9.50,30.80
2007.08.21 07:42:58.002,1.0616,1.0619,9.50,31.00
2007.08.21 07:42:58.398,1.0616,1.0619,9.50,28.60
2007.08.21 07:42:58.421,1.0615,1.0617,8.00,4.20
2007.08.21 07:42:58.540,1.0613,1.0616,14.90,0.50
2007.08.21 07:42:58.601,1.0613,1.0616,14.10,0.90
2007.08.21 07:42:58.855,1.0613,1.0617,14.90,19.10
2007.08.21 07:42:58.978,1.0615,1.0617,4.00,19.10
2007.08.21 07:42:59.157,1.0614,1.0617,8.50,20.30
2007.08.21 07:43:00.199,1.0614,1.0617,8.50,16.40
2007.08.21 07:43:00.475,1.0614,1.0617,8.50,15.30
2007.08.21 07:43:00.492,1.0614,1.0618,14.10,37.50
2007.08.21 07:43:00.569,1.0614,1.0617,16.50,0.80
2007.08.21 07:43:00.599,1.0614,1.0618,26.90,37.40
2007.08.21 07:43:00.928,1.0615,1.0618,7.90,33.50
2007.08.21 07:43:01.418,1.0615,1.06185,7.90,27.10
2007.08.21 07:43:01.469,1.0615,1.06185,17.50,23.10
2007.08.21 07:43:01.592,1.0615,1.06185,23.90,20.70
2007.08.21 07:43:01.937,1.0615,1.06185,26.30,20.70
2007.08.21 07:43:02.031,1.0615,1.0618,27.10,0.50
2007.08.21 07:43:02.257,1.0615,1.06185,27.10,19.50
2007.08.21 07:43:04.038,1.0615,1.0618,25.50,18.90
2007.08.21 07:43:04.563,1.0615,1.0618,25.50,0.60
2007.08.21 07:43:05.376,1.0615,1.06185,25.50,20.30
2007.08.21 07:43:06.389,1.0615,1.06185,26.10,20.30
2007.08.21 07:43:06.403,1.0615,1.0617,23.70,0.70
2007.08.21 07:43:06.507,1.0615,1.0618,14.90,23.50
2007.08.21 07:43:06.600,1.0615,1.0618,8.50,23.50
2007.08.21 07:43:07.934,1.0615,1.0619,8.50,44.80
2007.08.21 07:43:07.986,1.0615,1.0619,19.70,41.60
2007.08.21 07:43:08.115,1.0615,1.0619,23.70,41.50
2007.08.21 07:43:09.111,1.0615,1.0618,26.10,0.80
2007.08.21 07:43:12.518,1.0616,1.0619,7.90,35.20
2007.08.21 07:43:15.949,1.0615,1.0619,23.00,35.50
2007.08.21 07:43:16.160,1.0615,1.0619,30.90,38.70
2007.08.21 07:43:16.562,1.0615,1.0618,30.10,0.70
2007.08.21 07:43:16.954,1.0615,1.0618,30.10,19.50
2007.08.21 07:43:16.998,1.0615,1.0618,20.50,30.00
2007.08.21 07:43:17.157,1.0615,1.0618,16.50,30.00
2007.08.21 07:43:17.578,1.0615,1.0617,12.50,0.80
2007.08.21 07:43:19.439,1.0615,1.0617,12.50,0.20
2007.08.21 07:43:19.485,1.0615,1.0618,15.90,22.70
2007.08.21 07:43:19.591,1.0615,1.0618,21.50,19.50
2007.08.21 07:43:26.058,1.0615,1.0618,22.10,19.50
2007.08.21 07:43:27.734,1.0615,1.0618,22.10,20.10
2007.08.21 07:43:32.461,1.0615,1.0618,22.10,19.50
2007.08.21 07:43:39.165,1.0615,1.0618,22.10,20.10
2007.08.21 07:43:42.851,1.0615,1.06185,22.10,20.90
2007.08.21 07:43:44.419,1.0615,1.0618,22.10,0.70
2007.08.21 07:43:49.272,1.0615,1.0618,22.10,0.80
2007.08.21 07:43:52.017,1.0615,1.0618,19.70,0.70
2007.08.21 07:43:52.035,1.0615,1.0616,0.80,0.70
2007.08.21 07:43:52.138,1.0615,1.0617,2.40,18.40
2007.08.21 07:43:52.329,1.0614,1.0616,22.90,0.60
2007.08.21 07:43:52.442,1.0614,1.0617,22.10,20.80
2007.08.21 07:43:52.593,1.0614,1.0616,18.10,0.90
2007.08.21 07:43:53.619,1.0614,1.0617,14.10,21.60
2007.08.21 07:43:57.611,1.0614,1.0616,14.10,0.50
2007.08.21 07:43:58.027,1.0614,1.0617,13.30,22.90
2007.08.21 07:44:02.037,1.0614,1.0616,11.70,0.60
2007.08.21 07:44:02.070,1.0614,1.0617,9.30,25.30
2007.08.21 07:44:02.142,1.0614,1.0617,0.80,25.20
2007.08.21 07:44:02.260,1.0613,1.0616,31.70,0.70
2007.08.21 07:44:02.703,1.0613,1.0617,30.90,36.40
2007.08.21 07:44:02.762,1.0613,1.0617,30.90,36.60
2007.08.21 07:44:02.882,1.0613,1.0616,30.90,0.60
2007.08.21 07:44:03.344,1.0613,1.0617,26.90,37.20
2007.08.21 07:44:06.696,1.0613,1.0617,26.10,37.20
2007.08.21 07:44:06.975,1.0613,1.0617,25.50,34.80
2007.08.21 07:44:07.050,1.0613,1.0616,23.10,12.80
2007.08.21 07:44:07.092,1.0613,1.0616,19.10,16.80
2007.08.21 07:44:07.210,1.0613,1.0616,13.50,20.00
2007.08.21 07:44:07.746,1.0613,1.0615,9.50,0.70
2007.08.21 07:44:08.691,1.0613,1.0615,23.10,0.70
2007.08.21 07:44:08.916,1.0613,1.0614,23.10,0.20
2007.08.21 07:44:09.030,1.0613,1.0615,23.10,0.60
2007.08.21 07:44:09.307,1.0613,1.0616,23.10,12.50
2007.08.21 07:44:09.562,1.0614,1.0616,11.10,4.60
2007.08.21 07:44:09.762,1.0614,1.0615,11.90,0.50
2007.08.21 07:44:11.034,1.0614,1.0616,11.90,0.60
2007.08.21 07:44:11.575,1.0615,1.06175,2.40,17.60
2007.08.21 07:44:11.681,1.0615,1.0618,17.50,38.60
2007.08.21 07:44:11.760,1.0615,1.0618,6.40,16.20
2007.08.21 07:44:11.860,1.0615,1.0618,25.50,0.80
2007.08.21 07:44:11.882,1.0615,1.0618,25.50,0.60
2007.08.21 07:44:12.607,1.0615,1.0618,30.10,23.10
2007.08.21 07:44:12.826,1.0616,1.0618,7.90,15.20
2007.08.21 07:44:13.365,1.0616,1.0618,7.90,14.00
2007.08.21 07:44:14.371,1.0616,1.0618,7.90,11.60
2007.08.21 07:44:16.228,1.0615,1.0618,23.80,23.50
2007.08.21 07:44:16.309,1.0615,1.0617,23.80,4.00
2007.08.21 07:44:16.515,1.0616,1.0618,2.40,23.50
2007.08.21 07:44:16.534,1.0617,1.0618,3.20,11.50
2007.08.21 07:44:16.646,1.0617,1.0618,4.00,11.40
2007.08.21 07:44:17.068,1.0617,1.0618,3.20,11.70
2007.08.21 07:44:17.483,1.0617,1.0618,3.20,11.50
2007.08.21 07:44:17.590,1.0617,1.0618,3.20,11.40
2007.08.21 07:44:19.229,1.0617,1.0618,1.60,11.40
2007.08.21 07:44:19.432,1.0617,1.0618,1.60,11.70
2007.08.21 07:44:19.651,1.0617,1.0618,1.60,11.90
2007.08.21 07:44:19.756,1.0617,1.0618,1.60,11.80
2007.08.21 07:44:20.595,1.0617,1.0618,1.60,11.50
2007.08.21 07:44:20.705,1.0617,1.0618,1.60,11.40
2007.08.21 07:44:21.576,1.0617,1.0618,1.60,11.70
2007.08.21 07:44:21.665,1.0617,1.0618,1.60,11.40
2007.08.21 07:44:22.501,1.0617,1.0618,1.60,11.50
2007.08.21 07:44:22.522,1.0616,1.0617,24.50,4.00
2007.08.21 07:44:22.588,1.0616,1.0617,7.20,4.00
2007.08.21 07:44:22.630,1.0616,1.0617,4.80,4.00
2007.08.21 07:44:22.698,1.0616,1.0617,4.00,4.00
2007.08.21 07:44:23.166,1.0616,1.0617,4.00,15.90
2007.08.21 07:44:23.315,1.0615,1.0616,12.00,4.00
2007.08.21 07:44:23.343,1.0615,1.0616,9.60,4.00
2007.08.21 07:44:23.548,1.0615,1.0616,5.60,4.00
2007.08.21 07:44:24.731,1.0615,1.0616,4.00,4.00
2007.08.21 07:44:25.596,1.0615,1.0617,4.00,11.90
2007.08.21 07:44:25.668,1.0615,1.0617,4.00,4.00
2007.08.21 07:44:27.048,1.0615,1.0617,3.20,4.00
2007.08.21 07:44:27.066,1.0615,1.0618,0.80,20.10
2007.08.21 07:44:27.237,1.0615,1.0618,0.80,24.10
2007.08.21 07:44:27.275,1.0614,1.0616,17.80,4.00
2007.08.21 07:44:27.365,1.0614,1.0616,12.60,4.00
2007.08.21 07:44:27.572,1.0614,1.0616,15.00,4.00
2007.08.21 07:44:27.588,1.0614,1.0617,17.40,15.90
2007.08.21 07:44:27.695,1.0615,1.0617,1.60,4.00
2007.08.21 07:44:28.116,1.0617,1.0618,3.20,13.00
2007.08.21 07:44:28.152,1.0617,1.0618,3.20,11.40
2007.08.21 07:44:28.188,1.0617,1.0618,4.00,11.40
2007.08.21 07:44:30.052,1.0616,1.0617,25.50,4.00
2007.08.21 07:44:30.134,1.0616,1.0617,15.00,4.00
2007.08.21 07:44:30.250,1.0616,1.0617,8.60,4.00
2007.08.21 07:44:30.441,1.0616,1.0617,4.60,4.00
2007.08.21 07:44:32.113,1.0616,1.0618,4.60,17.20
2007.08.21 07:44:32.129,1.0616,1.0618,4.00,17.20
2007.08.21 07:44:32.252,1.0616,1.06175,4.00,1.60
2007.08.21 07:44:32.316,1.0616,1.06175,4.00,3.10
2007.08.21 07:44:32.333,1.0616,1.0617,4.00,11.90
2007.08.21 07:44:32.757,1.0616,1.06175,4.00,3.10
2007.08.21 07:44:33.389,1.0615,1.06175,12.50,3.10
2007.08.21 07:44:34.092,1.0616,1.06175,11.10,3.10
2007.08.21 07:44:34.163,1.0616,1.06175,11.10,1.50
2007.08.21 07:44:34.214,1.0616,1.06175,11.90,1.50
2007.08.21 07:44:34.362,1.0616,1.0618,11.90,5.10
2007.08.21 07:44:34.616,1.0616,1.0618,11.90,5.30
2007.08.21 07:44:35.252,1.0616,1.0618,4.00,17.20
2007.08.21 07:44:35.563,1.0616,1.0618,4.00,17.30
2007.08.21 07:44:35.670,1.0615,1.0618,12.50,13.40
2007.08.21 07:44:35.780,1.0615,1.0618,9.60,13.40
2007.08.21 07:44:35.814,1.0615,1.0618,8.00,13.40
2007.08.21 07:44:36.157,1.0615,1.0618,4.00,13.40
2007.08.21 07:44:37.924,1.0615,1.0617,4.00,0.30
2007.08.21 07:44:39.150,1.0615,1.0617,1.80,0.30
2007.08.21 07:44:39.321,1.06145,1.0617,4.80,1.00
2007.08.21 07:44:39.525,1.06145,1.0616,2.40,0.80
2007.08.21 07:44:39.596,1.06145,1.0616,1.60,0.80
2007.08.21 07:44:39.711,1.0614,1.0616,18.60,0.80
2007.08.21 07:44:39.807,1.0613,1.0616,38.20,0.80
2007.08.21 07:44:39.934,1.0613,1.0616,35.80,0.80
2007.08.21 07:44:40.131,1.0614,1.0616,0.90,0.80
2007.08.21 07:44:40.234,1.0613,1.0616,8.10,0.80
2007.08.21 07:44:40.330,1.0613,1.0616,4.10,0.80
2007.08.21 07:44:40.636,1.06125,1.0616,11.20,8.70
2007.08.21 07:44:40.956,1.0612,1.0616,12.20,8.70
2007.08.21 07:44:41.176,1.0612,1.0616,1.90,8.70
2007.08.21 07:44:41.572,1.0613,1.0616,0.80,8.70
2007.08.21 07:44:41.581,1.0614,1.0616,0.80,8.70
2007.08.21 07:44:41.681,1.06135,1.0616,15.10,0.80
2007.08.21 07:44:41.782,1.0614,1.0616,5.90,0.80
2007.08.21 07:44:42.084,1.06135,1.0616,19.90,0.80
2007.08.21 07:44:42.097,1.06135,1.0616,30.90,0.80
2007.08.21 07:44:42.221,1.0613,1.0616,45.90,8.70
2007.08.21 07:44:42.311,1.0613,1.0616,34.00,0.80
2007.08.21 07:44:43.155,1.0613,1.0616,41.30,0.80
2007.08.21 07:44:43.290,1.0614,1.0616,2.90,0.80
2007.08.21 07:44:43.319,1.0613,1.0616,41.30,0.80
2007.08.21 07:44:43.735,1.0614,1.0616,7.20,0.80
2007.08.21 07:44:43.941,1.0615,1.0617,1.50,1.00
2007.08.21 07:44:44.119,1.0615,1.0616,1.90,0.80
2007.08.21 07:44:44.134,1.0614,1.0616,28.10,0.80
2007.08.21 07:44:44.249,1.0614,1.0616,33.70,0.80
2007.08.21 07:44:45.349,1.0614,1.0616,33.70,1.60
2007.08.21 07:44:46.137,1.0614,1.0616,29.70,1.60
2007.08.21 07:44:46.164,1.0615,1.0617,2.40,12.10
2007.08.21 07:44:46.231,1.0615,1.0617,2.20,1.80
2007.08.21 07:44:47.627,1.0614,1.0616,24.30,1.60
2007.08.21 07:44:49.208,1.0614,1.0616,20.40,1.60
2007.08.21 07:44:49.270,1.0614,1.0616,2.90,1.60
2007.08.21 07:44:49.322,1.06135,1.0616,16.60,1.60
2007.08.21 07:44:49.657,1.06135,1.0616,30.00,1.60
2007.08.21 07:44:49.853,1.06135,1.0616,34.20,1.60
2007.08.21 07:44:50.104,1.06135,1.0616,33.40,1.60
2007.08.21 07:44:50.112,1.06135,1.0616,31.80,1.60
2007.08.21 07:44:50.155,1.06135,1.0616,27.80,1.60
2007.08.21 07:44:50.387,1.06135,1.0616,31.80,1.60
2007.08.21 07:44:51.344,1.0614,1.0616,7.90,1.60
2007.08.21 07:44:51.438,1.0614,1.0616,13.50,2.40
2007.08.21 07:44:52.183,1.0615,1.0616,0.80,2.40
2007.08.21 07:44:52.292,1.0614,1.0616,33.90,2.40
2007.08.21 07:44:52.955,1.0615,1.0616,1.40,2.40
2007.08.21 07:44:57.118,1.0615,1.0616,0.80,2.40
2007.08.21 07:44:57.150,1.0615,1.0616,0.80,2.40
2007.08.21 07:44:57.344,1.0614,1.0616,3.40,2.40
2007.08.21 07:44:57.416,1.0613,1.0616,30.70,3.20
2007.08.21 07:44:57.626,1.0614,1.0617,1.70,13.10
2007.08.21 07:44:57.677,1.0613,1.0615,32.30,3.20
2007.08.21 07:44:57.906,1.0614,1.0615,3.50,3.20
2007.08.21 07:44:58.164,1.0613,1.0615,33.30,3.20
2007.08.21 07:44:58.210,1.0613,1.0615,36.30,3.20
2007.08.21 07:44:58.255,1.0614,1.0616,1.70,15.10
2007.08.21 07:44:58.337,1.0614,1.0616,5.00,3.20
2007.08.21 07:44:59.173,1.0614,1.0616,14.20,3.20
2007.08.21 07:44:59.179,1.0615,1.0617,2.10,19.50
2007.08.21 07:44:59.273,1.0615,1.0617,6.10,6.70
2007.08.21 07:44:59.298,1.0614,1.0617,29.40,5.10
2007.08.21 07:44:59.384,1.0614,1.0617,32.70,1.80
2007.08.21 07:44:59.419,1.0615,1.0617,3.50,0.30
2007.08.21 07:44:59.493,1.0614,1.0617,46.20,0.30
2007.08.21 07:45:05.630,1.0615,1.0617,4.80,4.20
2007.08.21 07:45:05.798,1.0614,1.0617,42.80,4.20
2007.08.21 07:45:05.906,1.0615,1.0617,4.00,4.20
2007.08.21 07:45:06.145,1.0615,1.0617,0.60,0.30
2007.08.21 07:45:06.216,1.0615,1.0617,7.10,0.30
2007.08.21 07:45:06.327,1.0614,1.0617,47.40,0.30
2007.08.21 07:45:07.683,1.0614,1.0617,49.60,0.40
2007.08.21 07:45:10.154,1.0616,1.0617,3.20,0.40
2007.08.21 07:45:10.245,1.0617,1.0618,0.40,16.50
2007.08.21 07:45:10.358,1.0617,1.0618,0.40,14.10
2007.08.21 07:45:10.571,1.0616,1.0618,11.90,14.10
2007.08.21 07:45:11.117,1.0616,1.0618,11.90,10.10
2007.08.21 07:45:11.193,1.0616,1.0618,14.30,8.50
2007.08.21 07:45:11.227,1.0616,1.0618,16.70,8.50
2007.08.21 07:45:11.419,1.0616,1.0618,19.90,8.50
2007.08.21 07:45:11.623,1.0616,1.0618,21.50,8.50
2007.08.21 07:45:11.839,1.0616,1.0618,4.00,8.50
2007.08.21 07:45:11.875,1.0616,1.0618,4.00,5.30
2007.08.21 07:45:11.941,1.0616,1.0618,4.00,9.30
2007.08.21 07:45:12.144,1.0616,1.0617,1.60,4.00
2007.08.21 07:45:12.156,1.0616,1.0617,0.80,4.00
2007.08.21 07:45:12.277,1.0616,1.0617,2.40,4.00
2007.08.21 07:45:12.358,1.0615,1.0617,34.10,4.00
2007.08.21 07:45:12.383,1.0615,1.0617,30.90,4.00
2007.08.21 07:45:13.588,1.0615,1.0617,31.80,4.00
2007.08.21 07:45:13.713,1.0615,1.0617,30.90,4.00
2007.08.21 07:45:13.796,1.0615,1.0617,31.70,4.00
2007.08.21 07:45:13.915,1.0615,1.0617,32.60,4.00
2007.08.21 07:45:14.021,1.0615,1.0617,31.70,4.00
2007.08.21 07:45:14.183,1.0615,1.0617,27.70,4.00
2007.08.21 07:45:14.195,1.0617,1.0618,0.80,21.00
2007.08.21 07:45:14.279,1.0617,1.0618,0.80,9.10
2007.08.21 07:45:14.378,1.0617,1.0618,1.60,9.10
2007.08.21 07:45:14.615,1.0616,1.0617,23.00,4.00
2007.08.21 07:45:14.702,1.0616,1.0617,9.50,4.00
2007.08.21 07:45:14.721,1.0616,1.0617,7.10,4.00
2007.08.21 07:45:14.815,1.0616,1.0617,6.30,4.00
2007.08.21 07:45:14.838,1.0616,1.0617,5.60,4.00
2007.08.21 07:45:14.972,1.0616,1.0617,4.80,4.00
2007.08.21 07:45:15.138,1.0616,1.0617,0.80,4.00
2007.08.21 07:45:15.347,1.0615,1.0617,10.40,4.00
2007.08.21 07:45:15.453,1.0616,1.0617,0.30,4.00
2007.08.21 07:45:16.708,1.0617,1.0618,1.60,6.70
2007.08.21 07:45:16.916,1.0617,1.0618,1.60,10.70
2007.08.21 07:45:17.235,1.0616,1.0618,9.80,10.70
2007.08.21 07:45:17.339,1.0616,1.0618,13.80,22.60
2007.08.21 07:45:17.444,1.0616,1.0618,7.40,22.60
2007.08.21 07:45:17.501,1.0616,1.0618,6.60,22.60
2007.08.21 07:45:17.554,1.0616,1.0618,7.40,22.60
2007.08.21 07:45:17.647,1.0616,1.0617,5.00,4.00
2007.08.21 07:45:17.757,1.0616,1.0617,4.20,4.00
2007.08.21 07:45:17.798,1.0616,1.0617,0.30,4.00
2007.08.21 07:45:18.231,1.0616,1.0617,4.20,4.00
2007.08.21 07:45:18.667,1.0616,1.0618,4.20,17.00
2007.08.21 07:45:18.715,1.0615,1.0616,2.40,4.00
2007.08.21 07:45:18.774,1.06145,1.0616,2.40,4.00
2007.08.21 07:45:19.066,1.0614,1.0616,8.00,4.00
2007.08.21 07:45:19.254,1.0615,1.0616,4.00,4.00
2007.08.21 07:45:19.364,1.0614,1.0616,25.50,4.00
2007.08.21 07:45:19.702,1.0614,1.0617,23.10,16.80
2007.08.21 07:45:19.791,1.06135,1.0615,2.40,4.00
2007.08.21 07:45:19.978,1.0613,1.0615,13.60,4.00
2007.08.21 07:45:19.987,1.0613,1.0615,9.60,4.00
2007.08.21 07:45:20.105,1.0613,1.0615,8.90,4.00
2007.08.21 07:45:20.114,1.0613,1.0615,8.10,4.00
2007.08.21 07:45:20.174,1.0614,1.0615,4.00,4.00
2007.08.21 07:45:20.351,1.0615,1.0616,2.40,4.00
2007.08.21 07:45:20.516,1.0616,1.0617,0.80,2.40
2007.08.21 07:45:20.603,1.0616,1.0617,0.80,2.40
2007.08.21 07:45:20.740,1.0615,1.0616,6.80,1.60
2007.08.21 07:45:20.838,1.0615,1.0616,6.40,1.60
2007.08.21 07:45:21.270,1.0615,1.0616,6.40,1.60
2007.08.21 07:45:21.538,1.0615,1.0616,4.00,4.00
2007.08.21 07:45:21.695,1.0615,1.0616,4.00,11.90
2007.08.21 07:45:21.902,1.0613,1.0616,4.10,11.90
2007.08.21 07:45:22.119,1.0613,1.0616,0.20,11.90
2007.08.21 07:45:22.154,1.0613,1.0615,0.20,4.00
2007.08.21 07:45:22.222,1.0613,1.0615,0.60,4.00
2007.08.21 07:45:22.249,1.0613,1.0615,4.60,4.00
2007.08.21 07:45:22.665,1.0614,1.0616,2.40,15.90
2007.08.21 07:45:22.687,1.0614,1.06175,2.40,3.20
2007.08.21 07:45:22.740,1.0614,1.0616,14.40,4.00
2007.08.21 07:45:22.778,1.0614,1.0616,15.20,4.00
2007.08.21 07:45:22.836,1.0615,1.0616,0.80,4.00
2007.08.21 07:45:23.181,1.0615,1.0616,3.20,4.00
2007.08.21 07:45:23.693,1.0615,1.0616,7.20,4.00
2007.08.21 07:45:25.648,1.0615,1.0617,7.20,15.90
2007.08.21 07:45:25.693,1.0615,1.0617,15.10,4.00
2007.08.21 07:45:25.790,1.0615,1.0617,19.10,4.00
2007.08.21 07:45:25.890,1.0615,1.0617,21.50,4.00
2007.08.21 07:45:26.091,1.0615,1.0617,25.50,4.00
2007.08.21 07:45:26.217,1.0615,1.0617,29.50,4.00
2007.08.21 07:45:27.273,1.0615,1.0617,22.20,11.90
2007.08.21 07:45:27.382,1.0615,1.0617,8.00,4.00
2007.08.21 07:45:27.488,1.0615,1.06175,8.00,5.60
2007.08.21 07:45:28.727,1.0615,1.06175,29.50,5.60
2007.08.21 07:45:28.775,1.0615,1.06175,30.30,5.60
2007.08.21 07:45:28.841,1.0616,1.06175,4.00,5.60
2007.08.21 07:45:29.150,1.0616,1.0617,3.20,0.70
2007.08.21 07:45:29.157,1.0616,1.0618,5.60,21.00
2007.08.21 07:45:31.715,1.0616,1.0617,3.20,0.60
2007.08.21 07:45:31.777,1.0615,1.0618,9.60,17.20
2007.08.21 07:45:31.887,1.0615,1.0618,8.80,17.20
2007.08.21 07:45:31.915,1.0615,1.0618,8.00,17.20
2007.08.21 07:45:32.284,1.0615,1.0617,25.50,0.90
2007.08.21 07:45:32.391,1.0615,1.0618,21.50,21.20
2007.08.21 07:45:32.409,1.0615,1.0618,25.50,21.20
2007.08.21 07:45:33.162,1.0615,1.0618,25.50,0.70
2007.08.21 07:45:33.178,1.0615,1.06185,25.50,20.60
2007.08.21 07:45:33.282,1.0615,1.0616,19.00,0.80
2007.08.21 07:45:33.336,1.0615,1.0617,23.00,15.90
2007.08.21 07:45:33.401,1.0615,1.0616,16.60,0.90
2007.08.21 07:45:33.602,1.0615,1.0617,12.60,15.90
2007.08.21 07:45:33.803,1.0615,1.0617,8.60,15.90
2007.08.21 07:45:34.196,1.0615,1.0617,4.60,15.90
2007.08.21 07:45:35.304,1.0615,1.0617,4.00,15.90
2007.08.21 07:45:35.653,1.0615,1.06175,4.00,15.10
2007.08.21 07:45:35.712,1.0615,1.06175,3.20,15.10
2007.08.21 07:45:35.760,1.0615,1.0617,0.80,0.90
2007.08.21 07:45:35.822,1.0614,1.0617,15.80,13.70
2007.08.21 07:45:35.860,1.0614,1.0616,15.00,0.90
2007.08.21 07:45:35.918,1.0614,1.0617,8.60,13.70
2007.08.21 07:45:36.091,1.0614,1.06165,4.60,15.10
2007.08.21 07:45:36.242,1.0614,1.06165,0.60,15.10
2007.08.21 07:45:36.766,1.0613,1.06165,8.80,11.10
2007.08.21 07:45:36.793,1.0613,1.0615,8.80,0.70
2007.08.21 07:45:38.167,1.0613,1.0615,4.80,0.80
2007.08.21 07:45:38.761,1.0613,1.0616,2.40,11.90
2007.08.21 07:45:38.784,1.0613,1.0616,0.80,11.90
2007.08.21 07:45:38.878,1.0613,1.0615,4.00,0.80
2007.08.21 07:45:39.210,1.0613,1.0615,4.80,0.70
2007.08.21 07:45:39.305,1.0613,1.0616,19.10,15.90
2007.08.21 07:45:39.740,1.0613,1.0616,23.10,15.90
2007.08.21 07:45:40.168,1.0613,1.0616,27.10,15.90
2007.08.21 07:45:40.414,1.0613,1.0616,29.50,15.90
2007.08.21 07:45:40.785,1.0613,1.0616,32.00,15.90
2007.08.21 07:45:40.879,1.0613,1.0616,31.90,16.00
2007.08.21 07:45:41.195,1.0614,1.0616,4.00,16.00
2007.08.21 07:45:41.234,1.0614,1.06165,6.40,17.60
2007.08.21 07:45:41.321,1.0615,1.06165,1.60,5.60
2007.08.21 07:45:42.280,1.0614,1.06175,12.50,15.50
2007.08.21 07:45:42.293,1.0614,1.0616,14.90,0.90
2007.08.21 07:45:42.373,1.0614,1.0615,10.20,0.60
2007.08.21 07:45:42.486,1.0614,1.0615,9.40,0.60
2007.08.21 07:45:42.542,1.0614,1.0615,8.60,0.90
2007.08.21 07:45:42.669,1.0614,1.0615,4.60,0.90
2007.08.21 07:45:42.792,1.0614,1.0615,4.00,0.50
2007.08.21 07:45:44.197,1.0613,1.0616,6.40,11.90
2007.08.21 07:45:45.227,1.06135,1.0615,2.40,0.60
2007.08.21 07:45:46.415,1.0615,1.06175,1.60,15.20
2007.08.21 07:45:46.492,1.0615,1.0617,1.60,13.60
2007.08.21 07:45:46.550,1.0614,1.0617,10.20,15.50
2007.08.21 07:45:46.577,1.0614,1.06165,2.40,15.10
2007.08.21 07:45:46.626,1.0615,1.0616,1.60,0.60
2007.08.21 07:45:46.668,1.0614,1.0616,5.40,15.90
2007.08.21 07:45:46.733,1.0614,1.06165,7.00,19.10
2007.08.21 07:45:46.783,1.0615,1.06165,1.60,7.20
2007.08.21 07:45:46.895,1.0615,1.06165,2.40,5.60
2007.08.21 07:45:48.274,1.0615,1.0617,4.00,16.30
2007.08.21 07:45:50.375,1.0615,1.06175,6.40,7.30
2007.08.21 07:45:52.300,1.0615,1.06175,23.90,7.30
2007.08.21 07:45:52.451,1.0616,1.0617,1.60,0.80
2007.08.21 07:45:52.909,1.0616,1.0618,4.00,21.00
2007.08.21 07:45:53.752,1.0616,1.06185,8.00,24.20
2007.08.21 07:45:53.850,1.0617,1.06185,0.80,12.30
2007.08.21 07:45:53.955,1.0617,1.06185,4.00,10.70
2007.08.21 07:45:55.211,1.0617,1.0618,0.80,0.90
2007.08.21 07:45:55.418,1.0617,1.06185,4.00,10.70
2007.08.21 07:45:55.737,1.0617,1.0618,0.80,0.60
2007.08.21 07:45:55.812,1.0616,1.0617,29.40,0.90
2007.08.21 07:45:55.840,1.0616,1.0618,22.10,9.10
2007.08.21 07:45:55.948,1.0616,1.0617,10.20,0.50
2007.08.21 07:45:56.001,1.0616,1.06185,9.40,22.60
2007.08.21 07:45:56.021,1.0616,1.06185,8.60,24.20
2007.08.21 07:45:56.057,1.0616,1.06185,16.50,12.30
2007.08.21 07:45:56.150,1.0616,1.0618,12.50,0.80
2007.08.21 07:45:56.712,1.0616,1.0618,12.50,5.10
2007.08.21 07:45:56.782,1.0616,1.0618,15.90,5.10
2007.08.21 07:45:57.103,1.0616,1.0618,11.90,5.10
2007.08.21 07:45:57.222,1.0617,1.0618,5.60,0.40
2007.08.21 07:45:57.241,1.0618,1.062,7.90,1.20
2007.08.21 07:45:57.349,1.0619,1.062,13.00,1.20
2007.08.21 07:45:57.548,1.0619,1.062,12.70,1.20
2007.08.21 07:45:57.744,1.0619,1.062,13.50,1.20
2007.08.21 07:45:57.874,1.0619,1.062,14.30,1.20
2007.08.21 07:45:57.932,1.0619,1.062,15.10,1.20
2007.08.21 07:45:58.072,1.0619,1.062,14.30,1.20
2007.08.21 07:45:58.101,1.0619,1.062,12.70,1.20
2007.08.21 07:45:58.151,1.0619,1.0621,11.90,4.00
2007.08.21 07:45:58.793,1.0619,1.0621,11.90,4.20
2007.08.21 07:46:00.051,1.0619,1.062,11.90,0.20
2007.08.21 07:46:00.172,1.0619,1.0621,11.90,4.20
2007.08.21 07:46:02.035,1.0619,1.0621,12.70,4.20
2007.08.21 07:46:02.263,1.0619,1.062,4.80,4.20
2007.08.21 07:46:02.359,1.0619,1.062,0.80,4.20
2007.08.21 07:46:02.564,1.0619,1.062,0.80,4.40
2007.08.21 07:46:02.884,1.0619,1.062,0.80,5.90
2007.08.21 07:46:02.980,1.0619,1.062,0.80,4.40
2007.08.21 07:46:03.182,1.0618,1.0619,10.40,4.00
2007.08.21 07:46:03.260,1.0616,1.0619,20.50,4.00
2007.08.21 07:46:03.316,1.0616,1.0619,24.50,4.00
2007.08.21 07:46:03.360,1.0616,1.0619,24.50,4.20
2007.08.21 07:46:03.772,1.0616,1.0619,12.50,16.10
2007.08.21 07:46:03.790,1.0616,1.0618,12.50,4.00
2007.08.21 07:46:04.190,1.0616,1.0618,8.50,4.00
2007.08.21 07:46:05.343,1.0615,1.0618,10.40,4.20
2007.08.21 07:46:05.461,1.0615,1.0618,8.00,4.20
2007.08.21 07:46:05.700,1.0615,1.0617,8.00,4.00
2007.08.21 07:46:05.873,1.0615,1.0617,4.00,5.50
2007.08.21 07:46:05.987,1.0615,1.0617,4.00,4.00
2007.08.21 07:46:06.081,1.0614,1.0617,24.50,4.00
2007.08.21 07:46:06.188,1.0614,1.0617,24.50,5.50
2007.08.21 07:46:06.206,1.0614,1.0617,20.50,5.50
2007.08.21 07:46:06.299,1.0614,1.0616,16.50,4.00
2007.08.21 07:46:06.309,1.0614,1.0617,16.50,17.40
2007.08.21 07:46:06.507,1.0614,1.0616,12.50,4.00
2007.08.21 07:46:07.133,1.0614,1.0616,8.50,4.00
2007.08.21 07:46:07.727,1.0614,1.06165,8.50,3.10
2007.08.21 07:46:07.772,1.0614,1.06165,12.50,3.10
2007.08.21 07:46:07.875,1.0614,1.0618,12.50,14.20
2007.08.21 07:46:07.965,1.0614,1.0618,16.50,7.80
2007.08.21 07:46:08.267,1.0614,1.06165,12.50,3.10
2007.08.21 07:46:08.371,1.0614,1.06165,16.50,3.10
2007.08.21 07:46:08.389,1.0614,1.0616,16.50,4.00
2007.08.21 07:46:08.471,1.0614,1.0616,12.50,4.00
2007.08.21 07:46:08.759,1.0614,1.06165,12.50,3.10
2007.08.21 07:46:08.789,1.0614,1.06165,20.50,3.10
2007.08.21 07:46:08.883,1.0614,1.0618,16.50,10.20
2007.08.21 07:46:09.005,1.0614,1.0618,16.50,7.80
2007.08.21 07:46:09.173,1.0614,1.0618,16.50,5.40
2007.08.21 07:46:09.270,1.0615,1.0618,5.60,1.40
2007.08.21 07:46:09.377,1.0617,1.0618,1.60,1.40
2007.08.21 07:46:09.379,1.0617,1.0618,9.50,1.20
2007.08.21 07:46:09.470,1.0618,1.0619,0.30,4.00
2007.08.21 07:46:09.585,1.0617,1.0618,9.50,1.20
2007.08.21 07:46:10.119,1.0617,1.0619,9.50,4.20
2007.08.21 07:46:10.196,1.0617,1.0618,9.50,0.40
2007.08.21 07:46:10.291,1.0617,1.0619,13.50,4.00
2007.08.21 07:46:10.297,1.0617,1.06195,13.50,3.10
2007.08.21 07:46:10.410,1.0617,1.06195,19.90,3.10
2007.08.21 07:46:11.214,1.0617,1.0619,19.90,4.00
2007.08.21 07:46:11.243,1.0617,1.0619,4.00,4.20
2007.08.21 07:46:11.413,1.0616,1.0619,25.30,4.20
2007.08.21 07:46:11.427,1.0616,1.0619,24.50,4.20
2007.08.21 07:46:11.770,1.0616,1.0618,4.00,0.30
2007.08.21 07:46:12.072,1.0616,1.0619,4.00,4.20
2007.08.21 07:46:12.220,1.0615,1.0619,24.50,4.20
2007.08.21 07:46:12.274,1.0615,1.0618,24.50,4.00
2007.08.21 07:46:12.289,1.0615,1.0618,12.00,4.20
2007.08.21 07:46:12.401,1.0615,1.0618,8.00,4.20
2007.08.21 07:46:12.702,1.0615,1.0618,4.00,4.20
2007.08.21 07:46:13.218,1.0614,1.0618,24.50,4.20
2007.08.21 07:46:13.643,1.0614,1.0618,25.50,4.00
2007.08.21 07:46:13.689,1.0614,1.0618,26.30,4.00
2007.08.21 07:46:13.714,1.0614,1.0618,27.10,4.00
2007.08.21 07:46:13.756,1.0618,1.0619,0.80,3.60
2007.08.21 07:46:13.816,1.0618,1.0619,0.80,3.60
2007.08.21 07:46:13.853,1.0618,1.0619,8.70,3.60
2007.08.21 07:46:13.958,1.0618,1.0619,8.70,1.20
2007.08.21 07:46:14.270,1.0618,1.0619,7.20,1.20
2007.08.21 07:46:14.322,1.0616,1.0619,20.40,5.20
2007.08.21 07:46:14.377,1.0616,1.0619,21.50,5.20
2007.08.21 07:46:14.449,1.0616,1.0619,20.70,5.20
2007.08.21 07:46:14.472,1.0616,1.0618,19.90,0.80
2007.08.21 07:46:14.613,1.0616,1.0618,19.10,0.80
2007.08.21 07:46:14.786,1.0616,1.0618,16.70,1.60
2007.08.21 07:46:15.097,1.0616,1.0618,15.90,1.60
2007.08.21 07:46:15.507,1.0616,1.0618,15.90,1.50
2007.08.21 07:46:15.774,1.0616,1.0618,15.90,5.50
2007.08.21 07:46:15.815,1.0616,1.0618,4.00,14.90
2007.08.21 07:46:15.923,1.0616,1.0618,4.00,15.00
2007.08.21 07:46:15.938,1.0616,1.0618,4.00,16.50
2007.08.21 07:46:15.970,1.0616,1.0618,4.00,18.00
2007.08.21 07:46:16.023,1.0615,1.0618,27.10,18.00
2007.08.21 07:46:17.033,1.0615,1.0618,31.10,18.00
2007.08.21 07:46:17.241,1.0615,1.0618,27.10,18.00
2007.08.21 07:46:17.271,1.0615,1.0618,23.10,22.00
2007.08.21 07:46:17.365,1.0615,1.0618,17.50,26.00
2007.08.21 07:46:17.589,1.0615,1.0618,13.50,26.00
2007.08.21 07:46:17.801,1.0616,1.0618,7.90,13.20
2007.08.21 07:46:17.896,1.0616,1.0618,7.90,10.00
2007.08.21 07:46:19.395,1.0616,1.0618,7.90,10.00
2007.08.21 07:46:19.565,1.0616,1.0618,7.90,10.20
2007.08.21 07:46:19.803,1.0616,1.0618,9.50,10.10
2007.08.21 07:46:19.924,1.0616,1.0618,10.30,10.80
2007.08.21 07:46:20.026,1.0616,1.0618,10.30,10.00
2007.08.21 07:46:23.944,1.0617,1.0618,0.80,10.00
2007.08.21 07:46:24.027,1.0617,1.0618,0.80,8.40
2007.08.21 07:46:24.212,1.0616,1.0618,10.30,8.40
2007.08.21 07:46:24.234,1.0617,1.0618,2.40,8.40
2007.08.21 07:46:24.358,1.0617,1.0618,11.10,6.90
2007.08.21 07:46:24.376,1.0617,1.0618,11.10,1.40
2007.08.21 07:46:24.467,1.0618,1.0619,1.60,4.00
2007.08.21 07:46:25.258,1.0617,1.0619,11.10,4.00
2007.08.21 07:46:27.366,1.0617,1.0618,11.10,0.20
2007.08.21 07:46:27.386,1.0617,1.0619,11.10,4.20
2007.08.21 07:46:27.462,1.0617,1.0619,11.10,0.80
2007.08.21 07:46:31.834,1.0617,1.0619,0.80,11.90
2007.08.21 07:46:31.932,1.0616,1.0619,31.70,11.90
2007.08.21 07:46:32.131,1.0616,1.0619,27.70,11.90
2007.08.21 07:46:32.353,1.0616,1.0619,26.90,11.90
2007.08.21 07:46:35.274,1.0616,1.0619,24.50,7.90
2007.08.21 07:46:35.341,1.0616,1.0617,2.40,4.00
2007.08.21 07:46:35.448,1.0616,1.0617,0.80,4.00
2007.08.21 07:46:35.549,1.0615,1.0617,23.80,4.00
2007.08.21 07:46:35.948,1.0615,1.0617,20.20,4.00
2007.08.21 07:46:36.302,1.0615,1.0617,16.20,4.00
2007.08.21 07:46:36.796,1.0616,1.0617,0.80,4.00
2007.08.21 07:46:36.894,1.0616,1.0617,20.10,4.00
2007.08.21 07:46:36.910,1.0616,1.0617,20.90,4.00
2007.08.21 07:46:37.002,1.0616,1.0619,27.30,15.30
2007.08.21 07:46:37.138,1.0616,1.0619,30.50,17.60
2007.08.21 07:46:37.200,1.0616,1.0619,30.50,16.40
2007.08.21 07:46:40.293,1.0616,1.0619,27.30,14.80
2007.08.21 07:46:40.311,1.0616,1.0619,22.30,23.00
2007.08.21 07:46:40.348,1.0616,1.0617,21.50,4.00
2007.08.21 07:46:40.411,1.0616,1.0617,2.40,4.00
2007.08.21 07:46:40.504,1.0615,1.0617,25.40,4.00
2007.08.21 07:46:40.725,1.0615,1.0617,21.40,4.00
2007.08.21 07:46:40.919,1.0615,1.0617,20.60,4.00
2007.08.21 07:46:41.041,1.0615,1.0617,19.80,4.00
2007.08.21 07:46:41.181,1.0615,1.0617,15.80,4.00
2007.08.21 07:46:41.923,1.0615,1.0617,16.20,4.00
2007.08.21 07:46:45.823,1.0616,1.0617,7.90,4.00
2007.08.21 07:46:45.962,1.0616,1.06175,7.90,2.90
2007.08.21 07:46:45.995,1.0616,1.06175,7.90,1.40
2007.08.21 07:46:46.185,1.0616,1.0618,7.90,6.40
2007.08.21 07:46:46.247,1.0616,1.0618,7.90,4.00
2007.08.21 07:46:48.223,1.0617,1.0618,0.80,4.00
2007.08.21 07:46:48.273,1.0617,1.0618,1.60,4.00
2007.08.21 07:46:48.421,1.0617,1.0618,2.40,4.00
2007.08.21 07:46:48.889,1.0617,1.06185,2.40,3.00
2007.08.21 07:46:55.454,1.0616,1.06185,13.20,3.00
2007.08.21 07:46:57.979,1.0617,1.06185,4.00,3.00
2007.08.21 07:46:58.211,1.0616,1.06185,29.70,1.50
2007.08.21 07:46:58.294,1.0617,1.0619,4.70,4.00
2007.08.21 07:47:03.306,1.0617,1.06195,1.90,2.20
2007.08.21 07:47:03.451,1.0616,1.06195,36.20,2.20
2007.08.21 07:47:03.503,1.0617,1.06195,2.10,1.10
2007.08.21 07:47:03.566,1.06165,1.06195,20.80,1.10
2007.08.21 07:47:03.603,1.0617,1.062,0.50,3.20
2007.08.21 07:47:04.077,1.06165,1.062,24.80,3.20
2007.08.21 07:47:04.196,1.06165,1.062,28.80,3.20
2007.08.21 07:47:06.600,1.06165,1.062,16.90,7.20
2007.08.21 07:47:09.800,1.0617,1.062,6.40,3.20
2007.08.21 07:47:09.885,1.06165,1.0618,16.80,4.00
2007.08.21 07:47:09.986,1.0617,1.0618,1.20,4.00
2007.08.21 07:47:10.135,1.0616,1.0618,32.20,4.00
2007.08.21 07:47:10.436,1.0617,1.0618,1.20,4.00
2007.08.21 07:47:12.378,1.06165,1.0619,4.80,11.90
2007.08.21 07:47:12.602,1.06165,1.06195,4.90,1.10
2007.08.21 07:47:12.705,1.06165,1.062,4.90,7.20
2007.08.21 07:47:12.775,1.0617,1.062,4.90,7.20
2007.08.21 07:47:13.119,1.06165,1.062,16.90,7.20
2007.08.21 07:47:17.762,1.06165,1.062,16.90,4.80
2007.08.21 07:47:18.069,1.0617,1.062,4.30,4.00
2007.08.21 07:47:21.401,1.0616,1.062,36.30,15.90
2007.08.21 07:47:21.470,1.0617,1.0619,0.90,4.00
2007.08.21 07:47:21.511,1.06165,1.0619,11.90,4.00
2007.08.21 07:47:21.811,1.06165,1.0619,7.90,4.00
2007.08.21 07:47:22.170,1.0617,1.0619,1.80,4.00
2007.08.21 07:47:27.086,1.0617,1.0619,2.30,4.00
2007.08.21 07:47:27.133,1.0617,1.0619,1.50,4.00
2007.08.21 07:47:27.179,1.0617,1.0619,0.70,4.00
2007.08.21 07:47:27.191,1.0617,1.0619,0.60,4.00
2007.08.21 07:47:27.343,1.0617,1.062,0.60,11.90
2007.08.21 07:47:27.398,1.0616,1.0618,28.20,4.00
2007.08.21 07:47:27.454,1.0616,1.0618,25.80,4.00
2007.08.21 07:47:27.499,1.0616,1.0618,16.20,4.00
2007.08.21 07:47:27.701,1.0616,1.0618,18.60,4.00
2007.08.21 07:47:27.915,1.0616,1.0618,14.60,4.00
2007.08.21 07:47:28.122,1.0616,1.0618,13.80,4.00
2007.08.21 07:47:28.229,1.0616,1.0618,9.80,4.00
2007.08.21 07:47:28.259,1.0616,1.0618,7.40,4.00
2007.08.21 07:47:33.946,1.0616,1.0618,15.30,4.00
2007.08.21 07:47:34.062,1.0616,1.0618,22.50,4.00
2007.08.21 07:47:34.158,1.0616,1.0618,21.90,4.00
2007.08.21 07:47:34.365,1.0616,1.0618,25.90,4.00
2007.08.21 07:47:34.414,1.0616,1.0618,28.30,4.00
2007.08.21 07:47:35.195,1.0616,1.0618,32.30,4.00
2007.08.21 07:47:37.593,1.0616,1.0618,32.10,4.00
2007.08.21 07:47:39.475,1.0616,1.0618,21.00,15.90
2007.08.21 07:47:39.566,1.0616,1.0618,19.20,15.90
2007.08.21 07:47:39.600,1.0616,1.0617,19.20,4.00
2007.08.21 07:47:39.992,1.0616,1.0618,25.70,4.00
2007.08.21 07:47:40.098,1.0616,1.0618,29.70,4.00
2007.08.21 07:47:40.139,1.0616,1.0618,25.70,4.00
2007.08.21 07:47:40.301,1.0616,1.0618,29.70,4.00
2007.08.21 07:47:41.174,1.0616,1.0618,33.70,4.00
2007.08.21 07:47:41.506,1.0616,1.0618,10.60,4.00
2007.08.21 07:47:42.128,1.0616,1.0618,6.60,4.00
2007.08.21 07:47:42.400,1.0616,1.0619,4.20,7.90
2007.08.21 07:47:42.453,1.0616,1.0619,3.40,13.30
2007.08.21 07:47:42.543,1.0616,1.0617,5.80,4.00
2007.08.21 07:47:42.619,1.0616,1.0617,5.00,4.00
2007.08.21 07:47:42.656,1.0616,1.0617,1.00,4.00
2007.08.21 07:47:42.679,1.0616,1.0617,0.30,4.00
2007.08.21 07:47:42.969,1.0615,1.0617,10.40,4.00
2007.08.21 07:47:42.985,1.0615,1.0618,8.00,13.00
2007.08.21 07:47:43.077,1.0615,1.0616,11.00,4.00
2007.08.21 07:47:43.081,1.0615,1.0616,10.20,4.00
2007.08.21 07:47:43.139,1.0615,1.0616,6.20,4.00
2007.08.21 07:47:43.295,1.0615,1.0616,5.40,4.00
2007.08.21 07:47:43.316,1.0615,1.0616,4.60,4.00
2007.08.21 07:47:43.374,1.0615,1.0616,0.60,4.00
2007.08.21 07:47:43.501,1.0614,1.0616,19.20,4.00
2007.08.21 07:47:43.599,1.0614,1.0616,12.80,4.00
2007.08.21 07:47:44.021,1.0614,1.0616,8.80,4.00
2007.08.21 07:47:44.195,1.0614,1.0616,4.80,4.00
2007.08.21 07:47:44.410,1.0614,1.0617,4.80,11.90
2007.08.21 07:47:44.440,1.0613,1.0615,26.50,4.00
2007.08.21 07:47:44.511,1.0613,1.0615,23.30,4.00
2007.08.21 07:47:44.538,1.0613,1.0615,22.50,4.00
2007.08.21 07:47:44.546,1.0613,1.0615,27.20,4.00
2007.08.21 07:47:45.436,1.0613,1.0615,30.40,4.00
2007.08.21 07:47:45.449,1.0613,1.0616,31.20,17.50
2007.08.21 07:47:45.485,1.0614,1.0616,0.30,5.60
2007.08.21 07:47:45.880,1.0614,1.0615,0.30,4.00
2007.08.21 07:47:45.976,1.0614,1.0615,1.60,4.00
2007.08.21 07:47:47.350,1.0614,1.0616,1.60,17.50
2007.08.21 07:47:47.400,1.0614,1.0616,9.50,5.60
2007.08.21 07:47:48.443,1.0615,1.0616,8.70,5.60
2007.08.21 07:47:48.454,1.0615,1.0616,8.70,1.60
2007.08.21 07:47:48.564,1.0615,1.0616,9.50,1.60
2007.08.21 07:47:48.962,1.0615,1.06175,9.50,2.30
2007.08.21 07:47:48.997,1.0615,1.0616,0.80,5.60
2007.08.21 07:47:49.072,1.0614,1.0616,13.50,5.60
2007.08.21 07:47:49.168,1.0614,1.0616,12.70,5.60
2007.08.21 07:47:49.255,1.0614,1.0616,11.90,5.60
2007.08.21 07:47:49.453,1.0614,1.0616,15.90,5.60
2007.08.21 07:47:49.521,1.0614,1.0616,11.90,5.60
2007.08.21 07:47:50.182,1.0614,1.0616,7.90,5.60
2007.08.21 07:47:53.030,1.0614,1.0616,12.70,5.60
2007.08.21 07:47:53.145,1.0614,1.0616,20.70,5.60
2007.08.21 07:47:53.182,1.0614,1.0616,24.70,1.60
2007.08.21 07:47:53.502,1.0614,1.0616,27.10,1.60
2007.08.21 07:47:54.481,1.0614,1.0616,31.10,1.60
2007.08.21 07:47:54.931,1.0613,1.0616,44.40,1.60
2007.08.21 07:47:54.991,1.0613,1.0616,46.80,1.60
2007.08.21 07:47:55.945,1.0613,1.0616,42.80,1.60
2007.08.21 07:47:55.965,1.0614,1.0616,9.50,5.60
2007.08.21 07:47:56.040,1.0614,1.0616,5.70,5.60
2007.08.21 07:47:56.148,1.0613,1.0616,31.70,5.60
2007.08.21 07:47:56.236,1.0614,1.0616,1.00,5.60
2007.08.21 07:47:57.403,1.0614,1.0616,3.70,5.60
2007.08.21 07:47:57.507,1.0614,1.0616,20.60,5.60
2007.08.21 07:47:57.516,1.0614,1.0616,23.00,1.60
2007.08.21 07:47:57.594,1.0614,1.0616,33.40,1.60
2007.08.21 07:47:58.021,1.0614,1.0616,34.20,1.60
2007.08.21 07:47:58.103,1.0614,1.0617,35.80,4.00
2007.08.21 07:47:58.422,1.0614,1.0617,37.40,4.00
2007.08.21 07:47:58.477,1.0614,1.06175,29.40,2.30
2007.08.21 07:47:58.551,1.0614,1.0616,2.00,4.00
2007.08.21 07:47:58.572,1.0614,1.0616,7.70,4.00
2007.08.21 07:47:58.632,1.0614,1.0616,9.00,4.00
2007.08.21 07:47:58.686,1.0613,1.0616,34.20,4.00
2007.08.21 07:47:58.954,1.0613,1.0616,32.60,4.00
2007.08.21 07:47:59.095,1.0613,1.0616,32.60,4.00
2007.08.21 07:47:59.905,1.0614,1.06165,1.40,2.30
2007.08.21 07:47:59.978,1.0613,1.06165,35.30,2.30
2007.08.21 07:48:00.069,1.0614,1.06165,3.60,2.30
2007.08.21 07:48:00.107,1.06135,1.06165,14.50,1.10
2007.08.21 07:48:00.186,1.06135,1.0618,18.50,5.20
2007.08.21 07:48:00.430,1.06135,1.0618,18.50,1.20
2007.08.21 07:48:00.516,1.0613,1.0618,40.10,1.20
2007.08.21 07:48:00.595,1.0613,1.0618,40.10,1.20
2007.08.21 07:48:00.698,1.0613,1.0618,40.10,1.20
2007.08.21 07:48:01.344,1.0613,1.0619,40.10,13.50
2007.08.21 07:48:01.540,1.0613,1.0616,30.20,7.90
2007.08.21 07:48:01.711,1.0614,1.0616,1.80,15.40
2007.08.21 07:48:01.727,1.0614,1.0616,4.30,16.60
2007.08.21 07:48:02.195,1.0613,1.0616,33.50,16.60
2007.08.21 07:48:02.374,1.0614,1.0616,2.20,17.70
2007.08.21 07:48:03.177,1.0612,1.0616,45.80,17.70
2007.08.21 07:48:03.516,1.0613,1.0616,0.90,17.70
2007.08.21 07:48:04.040,1.0613,1.0615,9.00,4.00
2007.08.21 07:48:04.171,1.0613,1.0615,1.30,4.00
2007.08.21 07:48:04.471,1.0613,1.0615,3.80,4.80
2007.08.21 07:48:04.510,1.0612,1.06145,34.40,1.10
2007.08.21 07:48:04.572,1.0612,1.0614,8.40,4.00
2007.08.21 07:48:04.989,1.0611,1.0614,36.60,4.00
2007.08.21 07:48:05.466,1.0611,1.0614,36.60,4.00
2007.08.21 07:48:06.420,1.0612,1.06145,0.70,2.30
2007.08.21 07:48:06.509,1.0611,1.06145,35.00,2.30
2007.08.21 07:48:06.511,1.0611,1.06145,37.80,2.30
2007.08.21 07:48:06.606,1.0611,1.06145,38.60,2.30
2007.08.21 07:48:10.959,1.0611,1.0614,37.00,4.00
2007.08.21 07:48:10.996,1.0611,1.0614,32.70,4.00
2007.08.21 07:48:12.921,1.0611,1.0614,30.30,4.00
2007.08.21 07:48:13.040,1.0612,1.0614,6.50,4.00
2007.08.21 07:48:13.129,1.0611,1.06145,37.80,2.30
2007.08.21 07:48:13.543,1.0612,1.06145,3.60,2.30
2007.08.21 07:48:14.062,1.0611,1.06145,45.00,2.30
2007.08.21 07:48:14.257,1.0611,1.06145,44.20,2.30
2007.08.21 07:48:14.597,1.0612,1.06145,3.10,2.30
2007.08.21 07:48:18.523,1.0611,1.06145,40.20,2.30
2007.08.21 07:48:18.550,1.0611,1.06145,36.70,2.30
2007.08.21 07:48:18.647,1.0611,1.06145,37.00,2.30
2007.08.21 07:48:18.755,1.0611,1.06145,34.60,2.30
2007.08.21 07:48:18.924,1.0612,1.0614,2.70,4.00
2007.08.21 07:48:19.046,1.0612,1.0614,0.80,17.70
2007.08.21 07:48:19.154,1.0611,1.0614,27.40,22.10
2007.08.21 07:48:19.234,1.0611,1.06135,27.40,1.10
2007.08.21 07:48:19.245,1.0611,1.06135,27.40,2.30
2007.08.21 07:48:21.050,1.0612,1.06135,2.50,2.30
2007.08.21 07:48:21.082,1.0611,1.06135,27.20,1.10
2007.08.21 07:48:21.106,1.0612,1.0614,1.70,3.20
2007.08.21 07:48:21.156,1.0611,1.0614,30.40,2.40
2007.08.21 07:48:21.267,1.0612,1.0615,3.60,23.60
2007.08.21 07:48:21.357,1.0611,1.0615,34.70,23.10
2007.08.21 07:48:21.399,1.0611,1.0615,34.70,21.90
2007.08.21 07:48:22.466,1.0612,1.0615,3.90,20.70
2007.08.21 07:48:22.516,1.0612,1.0615,3.10,20.70
2007.08.21 07:48:23.526,1.0612,1.0615,2.40,16.70
2007.08.21 07:48:23.542,1.0612,1.0614,8.90,1.60
2007.08.21 07:48:23.659,1.0612,1.0614,6.80,1.60
2007.08.21 07:48:24.037,1.0611,1.0614,46.80,1.60
2007.08.21 07:48:24.961,1.0611,1.0614,46.80,1.60
2007.08.21 07:48:25.055,1.0612,1.0614,4.10,1.60
2007.08.21 07:48:25.077,1.0611,1.0614,35.90,1.60
2007.08.21 07:48:25.476,1.0612,1.0614,1.30,5.60
2007.08.21 07:48:25.501,1.0612,1.0614,0.30,17.50
2007.08.21 07:48:25.567,1.0612,1.0614,0.30,18.00
2007.08.21 07:48:25.593,1.0611,1.0614,33.60,19.50
2007.08.21 07:48:25.656,1.0611,1.0614,33.60,20.00
2007.08.21 07:48:25.715,1.0611,1.0614,28.00,24.00
2007.08.21 07:48:26.002,1.0612,1.0614,0.30,22.40
2007.08.21 07:48:26.252,1.0611,1.0613,20.00,1.60
2007.08.21 07:48:28.507,1.0611,1.0614,16.00,22.40
2007.08.21 07:48:28.615,1.0612,1.0614,0.30,23.20
2007.08.21 07:48:29.038,1.0611,1.0613,5.10,7.90
2007.08.21 07:48:29.552,1.06105,1.0613,4.00,11.90
2007.08.21 07:48:29.677,1.06095,1.0613,20.50,12.40
2007.08.21 07:48:29.774,1.06095,1.0613,14.10,16.40
2007.08.21 07:48:29.782,1.06095,1.0613,14.10,16.80
2007.08.21 07:48:29.882,1.0609,1.0613,36.80,17.30
2007.08.21 07:48:30.139,1.0609,1.0613,35.20,17.30
2007.08.21 07:48:30.149,1.061,1.0613,0.90,17.30
2007.08.21 07:48:31.702,1.061,1.0613,2.60,19.70
2007.08.21 07:48:36.077,1.061,1.0612,0.60,7.90
2007.08.21 07:48:36.270,1.0609,1.0612,39.20,11.90
2007.08.21 07:48:38.679,1.0609,1.0612,35.20,10.30
2007.08.21 07:48:41.003,1.061,1.0612,1.20,10.30
2007.08.21 07:48:41.075,1.061,1.0612,4.70,2.40
2007.08.21 07:48:41.775,1.061,1.0612,2.80,2.40
2007.08.21 07:48:41.833,1.0609,1.0612,33.80,2.40
2007.08.21 07:48:45.026,1.061,1.0612,3.60,2.40
2007.08.21 07:48:45.076,1.0612,1.06125,1.10,0.50
2007.08.21 07:48:45.105,1.0612,1.06125,1.70,0.50
2007.08.21 07:48:45.233,1.0612,1.06125,1.30,0.80
2007.08.21 07:48:45.385,1.0612,1.06125,2.20,0.50
2007.08.21 07:48:45.543,1.0611,1.0613,22.30,1.20
2007.08.21 07:48:46.352,1.0612,1.0614,1.20,15.70
2007.08.21 07:48:46.559,1.0612,1.0614,2.30,15.90
2007.08.21 07:48:47.290,1.0611,1.0614,21.50,15.70
2007.08.21 07:48:47.487,1.0611,1.0614,9.30,15.70
2007.08.21 07:48:47.579,1.061,1.0614,43.90,19.30
2007.08.21 07:48:47.607,1.0611,1.0613,3.70,9.90
2007.08.21 07:48:47.690,1.061,1.0613,31.10,13.10
2007.08.21 07:48:47.807,1.061,1.0612,31.10,0.10
2007.08.21 07:48:47.948,1.061,1.0612,31.10,0.10
2007.08.21 07:48:48.223,1.061,1.0612,19.90,2.40
2007.08.21 07:48:48.275,1.061,1.0612,15.90,2.40
2007.08.21 07:48:48.595,1.061,1.0612,1.30,2.40
2007.08.21 07:48:48.626,1.061,1.0612,1.60,2.40
2007.08.21 07:48:48.722,1.061,1.0612,4.70,2.40
2007.08.21 07:48:53.102,1.0611,1.0613,2.40,11.60
2007.08.21 07:48:53.123,1.0612,1.0613,4.00,4.80
2007.08.21 07:48:53.219,1.0612,1.0613,4.00,1.60
2007.08.21 07:48:53.941,1.0612,1.0613,4.00,1.40
2007.08.21 07:48:54.046,1.0611,1.0613,19.10,1.40
2007.08.21 07:48:54.159,1.0611,1.0613,13.50,1.40
2007.08.21 07:48:54.179,1.0611,1.0613,13.50,0.80
2007.08.21 07:48:54.235,1.0611,1.0614,13.50,28.70
2007.08.21 07:48:54.259,1.0611,1.0613,12.70,0.60
2007.08.21 07:48:54.322,1.0611,1.0614,11.90,28.70
2007.08.21 07:48:54.340,1.0611,1.0614,11.90,27.60
2007.08.21 07:48:54.363,1.0611,1.0614,11.90,27.50
2007.08.21 07:48:54.739,1.0611,1.0613,4.00,11.20
2007.08.21 07:48:55.015,1.061,1.0612,21.30,0.60
2007.08.21 07:48:55.055,1.061,1.0613,15.90,0.50
2007.08.21 07:48:55.107,1.061,1.0613,15.90,0.60
2007.08.21 07:48:55.124,1.061,1.0613,18.30,0.80
2007.08.21 07:48:55.156,1.0612,1.0614,4.00,23.60
2007.08.21 07:48:55.283,1.0612,1.0613,4.00,0.90
2007.08.21 07:48:55.371,1.0612,1.0613,4.00,0.80
2007.08.21 07:48:55.677,1.0612,1.0614,4.00,0.80
2007.08.21 07:48:55.771,1.0612,1.0615,4.00,32.90
2007.08.21 07:48:56.040,1.0612,1.0615,4.00,31.30
2007.08.21 07:48:56.100,1.0612,1.0614,4.00,0.90
2007.08.21 07:48:56.196,1.0612,1.0614,4.00,13.30
2007.08.21 07:48:56.559,1.0611,1.0613,15.90,0.20
2007.08.21 07:48:56.605,1.0611,1.0613,4.00,0.20
2007.08.21 07:48:56.716,1.0611,1.0614,4.00,4.00
2007.08.21 07:48:57.069,1.061,1.0613,13.40,0.50
2007.08.21 07:48:57.146,1.061,1.0613,12.00,0.80
2007.08.21 07:48:57.213,1.061,1.0614,8.00,36.70
2007.08.21 07:48:57.235,1.061,1.0612,8.00,0.90
2007.08.21 07:48:57.652,1.061,1.0613,4.00,28.70
2007.08.21 07:49:03.564,1.061,1.06125,23.90,3.20
2007.08.21 07:49:03.569,1.0611,1.06125,4.00,3.20
2007.08.21 07:49:03.768,1.0611,1.0613,4.00,1.80
2007.08.21 07:49:03.872,1.0611,1.0614,4.00,24.60
2007.08.21 07:49:04.205,1.0611,1.0614,4.00,20.70
2007.08.21 07:49:08.236,1.0611,1.0614,4.00,20.60
2007.08.21 07:49:10.624,1.0611,1.0614,4.00,20.00
2007.08.21 07:49:10.635,1.0611,1.0614,4.00,32.20
2007.08.21 07:49:10.729,1.0611,1.0614,4.00,36.20
2007.08.21 07:49:10.854,1.0611,1.0613,4.00,0.80
2007.08.21 07:49:11.259,1.0611,1.0613,4.00,0.90
2007.08.21 07:49:11.542,1.061,1.0613,16.70,0.60
2007.08.21 07:49:11.554,1.061,1.0614,16.70,44.60
2007.08.21 07:49:11.583,1.061,1.0614,12.70,45.80
2007.08.21 07:49:11.679,1.0612,1.0613,4.00,0.60
2007.08.21 07:49:11.771,1.0612,1.0614,4.00,10.50
2007.08.21 07:49:11.851,1.0612,1.0613,4.00,0.60
2007.08.21 07:49:14.666,1.0612,1.0614,4.00,16.50
2007.08.21 07:49:14.690,1.0611,1.06135,12.00,3.10
2007.08.21 07:49:14.865,1.0611,1.06135,8.00,3.40
2007.08.21 07:49:15.344,1.0611,1.06135,4.00,3.40
2007.08.21 07:49:18.704,1.0611,1.0613,4.00,3.30
2007.08.21 07:49:24.243,1.0611,1.0613,4.00,3.00
2007.08.21 07:49:24.301,1.0611,1.0613,4.00,2.60
2007.08.21 07:49:26.085,1.0611,1.0613,4.00,0.30
2007.08.21 07:49:27.618,1.0611,1.0613,4.00,0.30
2007.08.21 07:49:33.252,1.0611,1.0614,4.00,31.90
2007.08.21 07:49:33.329,1.0611,1.0613,4.00,0.70
2007.08.21 07:49:33.403,1.0611,1.0614,4.00,32.80
2007.08.21 07:49:33.852,1.0611,1.0613,4.00,0.60
2007.08.21 07:49:34.683,1.0611,1.0613,4.00,0.70
2007.08.21 07:49:34.896,1.0611,1.0613,4.00,4.10
2007.08.21 07:49:36.236,1.0611,1.0614,4.00,44.10
2007.08.21 07:49:37.792,1.0611,1.0614,4.00,43.70
2007.08.21 07:49:39.230,1.0611,1.0613,4.00,4.30
2007.08.21 07:49:40.691,1.0611,1.0614,4.00,32.60
2007.08.21 07:49:40.743,1.0611,1.0613,4.00,0.80
2007.08.21 07:49:40.814,1.0611,1.0613,4.00,0.80
2007.08.21 07:49:40.946,1.0611,1.0614,4.00,20.90
2007.08.21 07:49:43.703,1.0611,1.0613,4.00,0.30
2007.08.21 07:49:43.917,1.0611,1.0614,4.00,2.88
2007.08.21 07:49:44.242,1.0611,1.0613,4.00,0.20
2007.08.21 07:49:45.379,1.0611,1.0614,4.00,3.00
2007.08.21 07:49:45.791,1.0611,1.0614,4.00,5.70
2007.08.21 07:49:45.805,1.0611,1.0614,4.00,28.10
2007.08.21 07:49:45.885,1.0611,1.0614,4.00,28.50
2007.08.21 07:49:47.231,1.0611,1.0613,4.00,0.90
2007.08.21 07:49:51.902,1.0611,1.0613,4.00,0.80
2007.08.21 07:49:59.801,1.0611,1.0613,4.00,4.10
2007.08.21 07:50:00.031,1.0611,1.0613,4.00,1.50
2007.08.21 07:50:01.771,1.0611,1.0613,4.00,1.00
2007.08.21 07:50:01.804,1.0611,1.0613,4.00,0.60
2007.08.21 07:50:01.809,1.0611,1.0613,4.00,0.30
2007.08.21 07:50:02.482,1.0611,1.0612,4.00,2.40
2007.08.21 07:50:03.735,1.0611,1.0613,4.00,2.40
2007.08.21 07:50:03.987,1.061,1.0613,28.70,2.40
2007.08.21 07:50:04.147,1.061,1.0613,32.70,2.40
2007.08.21 07:50:04.189,1.061,1.0613,36.70,2.40
2007.08.21 07:50:06.327,1.0612,1.0613,4.00,2.40
2007.08.21 07:50:07.685,1.0611,1.0613,27.90,2.40
2007.08.21 07:50:07.782,1.0611,1.0613,8.00,2.40
2007.08.21 07:50:08.181,1.0611,1.06135,8.00,0.80
2007.08.21 07:50:08.295,1.0611,1.06135,4.00,0.80
2007.08.21 07:50:09.013,1.0611,1.0613,4.00,0.30
2007.08.21 07:50:09.219,1.0611,1.06135,4.00,0.80
2007.08.21 07:50:09.230,1.061,1.06135,38.10,0.80
2007.08.21 07:50:09.328,1.0612,1.06135,4.00,0.80
2007.08.21 07:50:09.630,1.0611,1.06135,15.90,0.80
2007.08.21 07:50:09.739,1.0611,1.06135,15.90,0.50
2007.08.21 07:50:09.758,1.0611,1.06135,4.00,0.50
2007.08.21 07:50:09.840,1.0611,1.0613,4.00,0.30
2007.08.21 07:50:10.268,1.0611,1.0613,4.00,2.60
2007.08.21 07:50:11.714,1.0611,1.0613,4.00,3.00
2007.08.21 07:50:11.733,1.0611,1.0613,4.00,3.40
2007.08.21 07:50:11.742,1.0611,1.0613,4.00,3.90
2007.08.21 07:50:15.654,1.0611,1.0613,4.00,3.90
2007.08.21 07:50:16.678,1.0611,1.0612,4.00,0.30
2007.08.21 07:50:16.900,1.0611,1.0612,4.00,0.40
2007.08.21 07:50:17.072,1.0611,1.0612,4.00,0.50
2007.08.21 07:50:17.304,1.0611,1.0612,4.00,0.60
2007.08.21 07:50:19.808,1.0611,1.0612,4.00,0.30
2007.08.21 07:50:20.529,1.0611,1.0612,4.00,0.50
2007.08.21 07:50:20.952,1.0611,1.0612,4.00,0.60
2007.08.21 07:50:22.346,1.061,1.0612,16.50,0.60
2007.08.21 07:50:32.818,1.061,1.0612,6.70,0.60
2007.08.21 07:50:32.907,1.061,1.0612,1.50,0.60
2007.08.21 07:50:36.615,1.0609,1.0612,23.00,0.50
2007.08.21 07:50:37.252,1.0609,1.06115,23.00,2.40
2007.08.21 07:50:37.262,1.0608,1.0611,27.70,2.40
2007.08.21 07:50:37.332,1.06075,1.0611,16.90,5.00
2007.08.21 07:50:37.363,1.0608,1.0611,16.10,5.00
2007.08.21 07:50:37.575,1.0607,1.0611,20.30,5.00
2007.08.21 07:50:37.737,1.0607,1.0611,45.40,26.50
2007.08.21 07:50:37.776,1.0608,1.0611,3.60,26.50
2007.08.21 07:50:38.179,1.0607,1.0611,40.60,27.70
2007.08.21 07:50:39.207,1.0608,1.0611,4.20,25.30
2007.08.21 07:50:39.289,1.0609,1.0611,0.60,9.40
2007.08.21 07:50:39.399,1.0608,1.0611,28.10,3.60
2007.08.21 07:50:39.492,1.0608,1.0611,31.30,1.20
2007.08.21 07:50:40.185,1.0609,1.0612,2.20,0.50
2007.08.21 07:50:41.271,1.0608,1.0611,19.30,19.90
2007.08.21 07:50:41.362,1.0609,1.061,2.30,0.80
2007.08.21 07:50:41.605,1.0608,1.061,5.30,0.80
2007.08.21 07:50:41.619,1.0608,1.061,2.90,0.80
2007.08.21 07:50:41.687,1.0608,1.061,3.50,0.80
2007.08.21 07:50:41.693,1.0609,1.061,1.60,0.80
2007.08.21 07:50:41.783,1.0609,1.0611,1.70,15.20
2007.08.21 07:50:41.795,1.0608,1.0611,28.00,12.80
2007.08.21 07:50:41.891,1.0608,1.0611,28.00,8.80
2007.08.21 07:50:41.988,1.0609,1.0611,1.40,4.00
2007.08.21 07:50:42.201,1.0608,1.0612,33.80,17.00
2007.08.21 07:50:42.316,1.0609,1.0612,2.00,5.10
2007.08.21 07:50:42.409,1.0608,1.0612,38.60,0.50
2007.08.21 07:50:42.522,1.0609,1.0612,1.30,1.70
2007.08.21 07:50:43.137,1.0608,1.0612,38.60,0.50
2007.08.21 07:50:44.261,1.0608,1.0612,8.70,6.90
2007.08.21 07:50:44.280,1.06075,1.0611,20.00,11.90
2007.08.21 07:50:44.376,1.0608,1.0611,3.80,14.10
2007.08.21 07:50:44.470,1.0608,1.0611,3.20,14.10
2007.08.21 07:50:44.490,1.06075,1.0611,14.00,16.50
2007.08.21 07:50:44.570,1.0608,1.0611,3.00,16.50
2007.08.21 07:50:44.594,1.0607,1.0611,47.60,16.50
2007.08.21 07:50:44.711,1.0607,1.0611,47.60,16.50
2007.08.21 07:50:44.766,1.0608,1.0611,3.00,18.90
2007.08.21 07:50:44.902,1.0608,1.0611,4.60,18.90
2007.08.21 07:50:44.971,1.0607,1.0611,45.70,18.90
2007.08.21 07:50:45.195,1.0607,1.0611,41.70,20.10
2007.08.21 07:50:47.274,1.0608,1.061,2.00,0.80
2007.08.21 07:50:49.253,1.0607,1.061,27.40,0.80
2007.08.21 07:50:50.895,1.0608,1.0611,1.60,35.40
2007.08.21 07:50:50.906,1.0607,1.0611,35.70,33.00
2007.08.21 07:50:51.000,1.0607,1.0611,35.70,21.30
2007.08.21 07:50:51.856,1.0607,1.0611,39.70,29.20
2007.08.21 07:50:52.253,1.0608,1.0611,2.00,20.50
2007.08.21 07:50:52.335,1.0607,1.0611,32.20,22.90
2007.08.21 07:50:52.357,1.0607,1.0611,27.30,39.60
2007.08.21 07:50:53.418,1.0607,1.061,22.10,0.20
2007.08.21 07:50:53.672,1.0607,1.061,23.70,0.20
2007.08.21 07:50:53.712,1.0608,1.061,1.50,0.20
2007.08.21 07:50:53.923,1.0607,1.061,23.90,0.20
2007.08.21 07:50:54.455,1.0608,1.061,3.40,0.20
2007.08.21 07:50:54.539,1.0607,1.061,40.70,0.20
2007.08.21 07:51:04.810,1.0608,1.0611,26.60,10.00
2007.08.21 07:51:04.826,1.0608,1.0611,26.50,7.60
2007.08.21 07:51:04.906,1.0609,1.0611,0.80,1.20
2007.08.21 07:51:05.021,1.0609,1.0611,2.50,1.20
2007.08.21 07:51:05.116,1.0608,1.0611,34.70,1.20
2007.08.21 07:51:05.143,1.0609,1.0612,1.90,4.00
2007.08.21 07:51:05.218,1.0609,1.0613,1.00,33.00
2007.08.21 07:51:05.321,1.0609,1.0613,4.30,33.00
2007.08.21 07:51:05.330,1.0609,1.0612,24.10,0.30
2007.08.21 07:51:05.451,1.061,1.0612,1.40,0.50
2007.08.21 07:51:05.546,1.061,1.0612,1.20,0.30
2007.08.21 07:51:05.849,1.06085,1.0612,32.90,0.30
2007.08.21 07:51:05.866,1.0609,1.0612,11.30,0.30
2007.08.21 07:51:05.958,1.0609,1.0612,6.00,0.30
2007.08.21 07:51:06.151,1.06085,1.0612,26.50,0.30
2007.08.21 07:51:06.173,1.06085,1.0613,26.50,0.20
2007.08.21 07:51:06.389,1.0609,1.0613,0.60,0.20
2007.08.21 07:51:06.906,1.0608,1.0613,39.20,0.20
2007.08.21 07:51:07.007,1.06085,1.0614,26.50,11.60
2007.08.21 07:51:08.265,1.0609,1.0614,10.00,18.00
2007.08.21 07:51:08.322,1.0609,1.0614,0.90,15.60
2007.08.21 07:51:08.359,1.0608,1.0612,37.70,11.90
2007.08.21 07:51:08.456,1.0608,1.0612,37.70,15.90
2007.08.21 07:51:08.873,1.0609,1.0612,4.50,4.20
2007.08.21 07:51:09.091,1.0609,1.0612,1.60,0.30
2007.08.21 07:51:09.322,1.0609,1.0612,1.30,0.30
2007.08.21 07:51:09.387,1.0609,1.0613,2.20,1.20
2007.08.21 07:51:09.396,1.0608,1.0613,41.30,1.20
2007.08.21 07:51:09.451,1.061,1.0613,0.80,1.20
2007.08.21 07:51:09.492,1.0609,1.0613,11.20,1.20
2007.08.21 07:51:09.597,1.061,1.0613,1.30,1.20
2007.08.21 07:51:09.844,1.061,1.0613,2.10,1.20
2007.08.21 07:51:09.918,1.061,1.0613,2.50,1.20
2007.08.21 07:51:10.002,1.0609,1.0613,33.50,1.20
2007.08.21 07:51:10.116,1.0609,1.0613,35.10,1.20
2007.08.21 07:51:10.245,1.061,1.0614,1.20,8.20
2007.08.21 07:51:10.281,1.0609,1.0614,38.30,8.20
2007.08.21 07:51:10.333,1.0609,1.0613,37.20,0.20
2007.08.21 07:51:10.426,1.0609,1.0613,38.00,0.20
2007.08.21 07:51:10.630,1.0609,1.0614,38.00,4.40
2007.08.21 07:51:10.641,1.0609,1.0614,37.20,4.40
2007.08.21 07:51:10.808,1.0609,1.06135,34.80,2.40
2007.08.21 07:51:10.840,1.061,1.06135,1.00,2.40
2007.08.21 07:51:11.218,1.0609,1.0613,8.40,1.20
2007.08.21 07:51:11.370,1.0608,1.0613,39.70,1.20
2007.08.21 07:51:11.857,1.0609,1.0613,1.70,1.20
2007.08.21 07:51:11.871,1.0608,1.0613,39.70,1.20
2007.08.21 07:51:11.885,1.061,1.0613,23.90,1.20
2007.08.21 07:51:12.105,1.061,1.0614,27.90,20.30
2007.08.21 07:51:12.272,1.0609,1.0614,48.10,26.70
2007.08.21 07:51:12.298,1.061,1.0613,12.50,1.60
2007.08.21 07:51:12.406,1.061,1.0613,2.10,13.50
2007.08.21 07:51:12.502,1.0609,1.0613,49.20,15.90
2007.08.21 07:51:12.812,1.0609,1.0613,49.20,18.30
2007.08.21 07:51:12.826,1.061,1.0612,2.00,0.80
2007.08.21 07:51:13.032,1.061,1.0612,4.00,1.60
2007.08.21 07:51:15.787,1.0609,1.0612,25.70,1.60
2007.08.21 07:51:15.822,1.0609,1.0611,24.10,0.80
2007.08.21 07:51:15.884,1.0609,1.0611,20.90,0.80
2007.08.21 07:51:15.925,1.0609,1.0611,8.20,0.80
2007.08.21 07:51:15.970,1.0609,1.0611,7.40,0.80
2007.08.21 07:51:16.022,1.0609,1.0611,4.20,1.60
2007.08.21 07:51:16.295,1.0609,1.0611,4.20,4.00
2007.08.21 07:51:16.434,1.0609,1.0611,4.20,21.50
2007.08.21 07:51:16.706,1.0609,1.0611,0.30,21.50
2007.08.21 07:51:16.887,1.0609,1.0611,0.30,23.10
2007.08.21 07:51:17.288,1.0609,1.0611,0.30,24.30
2007.08.21 07:51:17.786,1.0609,1.0611,0.30,22.70
2007.08.21 07:51:18.829,1.0609,1.0611,0.30,24.30
2007.08.21 07:51:22.853,1.0609,1.0611,0.30,22.70
2007.08.21 07:51:26.322,1.0607,1.0611,40.70,22.70
2007.08.21 07:51:26.335,1.0609,1.0611,4.20,22.70
2007.08.21 07:51:26.404,1.0609,1.0611,4.20,6.00
2007.08.21 07:51:26.499,1.0609,1.0611,4.20,3.60
2007.08.21 07:51:26.612,1.0609,1.0611,4.20,1.20
2007.08.21 07:51:26.818,1.0609,1.0611,0.30,3.60
2007.08.21 07:51:26.882,1.0609,1.0611,0.30,6.00
2007.08.21 07:51:26.924,1.0609,1.061,0.30,0.80
2007.08.21 07:51:27.031,1.0609,1.061,0.30,1.60
2007.08.21 07:51:27.330,1.0609,1.061,4.20,0.80
2007.08.21 07:51:27.444,1.0609,1.0611,5.30,4.00
2007.08.21 07:51:27.841,1.0609,1.0612,5.30,18.50
2007.08.21 07:51:28.086,1.0609,1.0612,6.10,17.70
2007.08.21 07:51:28.115,1.0609,1.0612,6.90,17.70
2007.08.21 07:51:28.189,1.0609,1.0611,6.90,1.20
2007.08.21 07:51:28.406,1.061,1.0611,4.00,1.20
2007.08.21 07:51:29.331,1.061,1.0612,4.00,0.60
2007.08.21 07:51:29.802,1.0609,1.0612,18.90,3.00
2007.08.21 07:51:29.895,1.0609,1.0612,18.90,5.40
2007.08.21 07:51:29.922,1.0609,1.0611,7.00,1.60
2007.08.21 07:51:32.936,1.0609,1.06115,7.00,0.80
2007.08.21 07:51:35.938,1.0609,1.0611,7.00,1.60
2007.08.21 07:51:39.372,1.0609,1.0611,7.00,0.80
2007.08.21 07:51:39.480,1.0609,1.06115,7.00,0.80
2007.08.21 07:51:45.001,1.0608,1.06115,39.90,0.80
2007.08.21 07:51:45.793,1.0609,1.06115,2.80,0.80
2007.08.21 07:51:47.653,1.0608,1.06115,42.30,0.80
2007.08.21 07:51:47.721,1.0609,1.06115,0.80,0.80
2007.08.21 07:51:47.803,1.0608,1.06115,40.70,0.80
2007.08.21 07:51:47.865,1.0608,1.06115,33.70,0.80
2007.08.21 07:51:47.909,1.0608,1.0612,31.30,21.80
2007.08.21 07:51:48.031,1.0609,1.0612,1.10,22.60
2007.08.21 07:51:48.071,1.0609,1.0612,1.40,39.30
2007.08.21 07:51:48.189,1.0608,1.0612,25.50,39.30
2007.08.21 07:51:51.833,1.0608,1.0612,19.90,39.30
2007.08.21 07:51:51.895,1.0609,1.0612,1.60,36.90
2007.08.21 07:51:51.917,1.061,1.0612,1.50,4.40
2007.08.21 07:51:51.949,1.0609,1.0612,18.30,2.00
2007.08.21 07:51:52.070,1.061,1.0612,1.10,0.80
2007.08.21 07:51:52.235,1.0609,1.0612,39.00,4.00
2007.08.21 07:51:52.517,1.061,1.0613,9.60,4.80
2007.08.21 07:51:52.572,1.061,1.0613,0.70,4.80
2007.08.21 07:51:52.712,1.061,1.0613,6.10,4.80
2007.08.21 07:51:52.723,1.0609,1.0613,43.30,4.80
2007.08.21 07:51:52.870,1.061,1.0613,4.90,4.80
2007.08.21 07:51:53.000,1.0609,1.0613,41.70,4.80
2007.08.21 07:51:53.883,1.061,1.0613,6.90,3.20
2007.08.21 07:51:53.902,1.0609,1.0613,40.60,0.80
2007.08.21 07:51:53.985,1.0611,1.06135,15.90,0.80
2007.08.21 07:51:54.107,1.0612,1.0614,1.60,8.20
2007.08.21 07:51:54.479,1.0612,1.0614,1.80,4.40
2007.08.21 07:51:54.535,1.0611,1.0614,15.90,3.20
2007.08.21 07:51:55.272,1.0611,1.0613,15.90,0.30
2007.08.21 07:51:55.444,1.0612,1.0614,2.40,3.20
2007.08.21 07:51:57.430,1.0612,1.0613,2.30,0.30
2007.08.21 07:51:57.528,1.0612,1.0614,1.80,3.20
2007.08.21 07:51:57.852,1.0612,1.0613,0.50,0.30
2007.08.21 07:51:58.054,1.0611,1.0614,15.90,3.20
2007.08.21 07:52:00.217,1.0611,1.0614,15.90,3.00
2007.08.21 07:52:03.427,1.0611,1.0614,15.90,3.20
2007.08.21 07:52:06.034,1.0612,1.0614,0.80,3.00
2007.08.21 07:52:06.108,1.0612,1.0614,2.20,0.60
2007.08.21 07:52:06.894,1.0611,1.0614,42.30,0.60
2007.08.21 07:52:06.961,1.0613,1.0615,0.80,18.70
2007.08.21 07:52:06.992,1.0613,1.0615,4.80,16.30
2007.08.21 07:52:07.064,1.0613,1.0615,17.50,1.20
2007.08.21 07:52:07.543,1.0612,1.0615,37.80,1.20
2007.08.21 07:52:07.582,1.0612,1.0615,27.90,1.20
2007.08.21 07:52:07.591,1.0613,1.0615,0.70,1.20
2007.08.21 07:52:09.018,1.0612,1.0615,7.20,18.50
2007.08.21 07:52:09.114,1.0611,1.0615,43.10,18.50
2007.08.21 07:52:09.131,1.0612,1.0615,1.70,20.90
2007.08.21 07:52:09.538,1.0611,1.0615,40.50,23.30
2007.08.21 07:52:09.788,1.0611,1.0615,44.50,22.10
2007.08.21 07:52:09.939,1.0611,1.0615,44.50,26.10
2007.08.21 07:52:09.989,1.0611,1.0613,28.80,1.00
2007.08.21 07:52:10.083,1.0612,1.0613,1.50,1.80
2007.08.21 07:52:10.193,1.061,1.0613,33.50,1.80
2007.08.21 07:52:10.571,1.0611,1.0613,3.80,1.80
2007.08.21 07:52:10.979,1.0611,1.0613,3.00,3.40
2007.08.21 07:52:11.347,1.061,1.0613,25.50,3.40
2007.08.21 07:52:12.450,1.061,1.0613,29.50,0.80
2007.08.21 07:52:12.577,1.061,1.0613,42.20,0.80
2007.08.21 07:52:12.655,1.061,1.0614,42.20,9.20
2007.08.21 07:52:12.728,1.0611,1.0614,15.90,9.20
2007.08.21 07:52:12.900,1.0612,1.0614,2.20,2.00
2007.08.21 07:52:13.031,1.0611,1.0614,7.10,2.00
2007.08.21 07:52:13.084,1.0611,1.0614,0.90,13.30
2007.08.21 07:52:13.490,1.061,1.0613,35.10,0.30
2007.08.21 07:52:13.551,1.061,1.0613,15.70,0.30
2007.08.21 07:52:13.687,1.0609,1.0613,41.30,0.30
2007.08.21 07:52:13.704,1.0609,1.0613,39.70,0.30
2007.08.21 07:52:13.909,1.061,1.0613,1.60,0.30
2007.08.21 07:52:13.954,1.0609,1.0613,2.30,0.30
2007.08.21 07:52:14.014,1.06085,1.0613,22.40,0.30
2007.08.21 07:52:14.109,1.06085,1.0613,15.20,0.30
2007.08.21 07:52:14.321,1.06085,1.0612,12.80,0.20
2007.08.21 07:52:14.431,1.06085,1.0612,12.80,0.40
2007.08.21 07:52:14.523,1.06085,1.0612,12.80,0.30
2007.08.21 07:52:14.643,1.06085,1.0613,12.80,0.30
2007.08.21 07:52:15.470,1.06085,1.0612,12.80,0.30
2007.08.21 07:52:15.981,1.0609,1.0612,2.60,0.30
2007.08.21 07:52:16.206,1.0609,1.0612,1.10,0.30
2007.08.21 07:52:17.032,1.0608,1.0612,38.90,12.10
2007.08.21 07:52:17.114,1.0608,1.0612,34.90,16.10
2007.08.21 07:52:17.200,1.0608,1.0612,30.90,17.30
2007.08.21 07:52:17.889,1.06075,1.0612,30.10,17.30
2007.08.21 07:52:17.945,1.0609,1.0612,23.90,5.20
2007.08.21 07:52:18.063,1.0609,1.0612,28.50,5.40
2007.08.21 07:52:18.164,1.0609,1.0612,28.50,1.40
2007.08.21 07:52:18.274,1.0609,1.0612,28.50,1.20
2007.08.21 07:52:21.350,1.061,1.0613,1.10,29.10
2007.08.21 07:52:24.605,1.0609,1.0613,30.90,6.80
2007.08.21 07:52:24.690,1.061,1.0613,6.60,4.40
2007.08.21 07:52:25.081,1.0611,1.0613,1.80,2.00
2007.08.21 07:52:27.136,1.061,1.0613,18.30,0.80
2007.08.21 07:52:27.986,1.0609,1.0613,36.50,0.80
2007.08.21 07:52:28.023,1.0609,1.0613,27.00,12.70
2007.08.21 07:52:28.128,1.0609,1.0613,45.30,19.10
2007.08.21 07:52:28.226,1.0609,1.0613,45.30,20.70
2007.08.21 07:52:28.482,1.0609,1.0613,45.30,23.10
2007.08.21 07:52:29.146,1.0609,1.0613,45.30,24.70
2007.08.21 07:52:29.228,1.061,1.0613,2.30,25.90
2007.08.21 07:52:30.495,1.0609,1.0613,41.30,22.70
2007.08.21 07:52:30.595,1.0609,1.0613,41.30,24.30
2007.08.21 07:52:32.104,1.0609,1.0613,41.30,25.10
2007.08.21 07:52:32.281,1.061,1.0613,1.90,25.90
2007.08.21 07:52:34.544,1.0609,1.0613,41.30,24.30
2007.08.21 07:52:34.663,1.0609,1.0613,41.30,25.90
2007.08.21 07:52:45.864,1.0609,1.0613,40.50,26.00
2007.08.21 07:52:46.494,1.0609,1.0613,13.50,26.00
2007.08.21 07:52:46.602,1.0609,1.0611,1.70,0.20
2007.08.21 07:52:46.704,1.0608,1.0611,38.10,0.20
2007.08.21 07:52:57.575,1.0608,1.0612,18.90,37.70
2007.08.21 07:52:58.128,1.0608,1.0612,18.90,37.80
2007.08.21 07:53:00.563,1.0608,1.0612,16.50,37.70
2007.08.21 07:53:15.415,1.0609,1.0612,4.00,40.10
2007.08.21 07:53:15.455,1.0609,1.06115,4.00,0.80
2007.08.21 07:53:19.167,1.0609,1.0611,4.00,0.20
2007.08.21 07:53:19.569,1.0609,1.06115,4.00,0.80
2007.08.21 07:53:20.820,1.0609,1.0611,4.00,0.20
2007.08.21 07:53:22.267,1.0609,1.0612,4.00,37.70
2007.08.21 07:53:26.295,1.0609,1.0611,4.00,0.20
2007.08.21 07:53:31.961,1.0609,1.0611,4.00,0.20
2007.08.21 07:53:39.377,1.0609,1.06125,4.00,38.50
2007.08.21 07:53:39.618,1.0608,1.0611,4.00,0.80
2007.08.21 07:53:39.716,1.0608,1.0611,4.00,26.10
2007.08.21 07:53:39.796,1.0608,1.061,4.00,0.50
2007.08.21 07:53:44.505,1.0608,1.061,4.00,12.90
2007.08.21 07:53:44.573,1.0607,1.061,4.00,43.10
2007.08.21 07:53:44.788,1.0607,1.0609,4.10,0.50
2007.08.21 07:53:45.751,1.0607,1.061,4.10,43.50
2007.08.21 07:53:46.677,1.0607,1.061,4.10,27.60
2007.08.21 07:53:46.753,1.0607,1.06105,4.10,29.80
2007.08.21 07:53:46.779,1.0607,1.06105,4.10,29.80
2007.08.21 07:53:47.164,1.0607,1.061,4.10,0.90
2007.08.21 07:53:47.374,1.0607,1.061,4.10,0.80
2007.08.21 07:53:47.997,1.0607,1.06105,4.00,28.90
2007.08.21 07:53:49.088,1.0606,1.061,39.90,0.90
2007.08.21 07:53:49.104,1.0608,1.061,4.00,0.80
2007.08.21 07:53:49.229,1.0608,1.06105,4.00,7.40
2007.08.21 07:53:49.315,1.0608,1.06105,4.00,5.00
2007.08.21 07:53:50.376,1.0608,1.061,4.00,0.60
2007.08.21 07:53:52.492,1.0607,1.06105,15.90,1.40
2007.08.21 07:53:59.199,1.0608,1.06115,4.00,41.90
2007.08.21 07:53:59.319,1.0608,1.0612,4.00,54.90
2007.08.21 07:53:59.520,1.0608,1.0611,4.00,0.60
2007.08.21 07:54:03.862,1.0608,1.0611,4.00,39.50
2007.08.21 07:54:04.567,1.0608,1.061,4.00,0.40
2007.08.21 07:54:15.887,1.0608,1.061,4.10,0.40
2007.08.21 07:54:26.376,1.0608,1.061,4.30,0.40
2007.08.21 07:54:27.403,1.0608,1.061,4.30,0.20
2007.08.21 07:54:33.727,1.0608,1.061,4.30,0.70
2007.08.21 07:54:35.341,1.0608,1.061,4.10,0.70
2007.08.21 07:54:38.995,1.0608,1.061,4.10,0.60
2007.08.21 07:54:39.100,1.0608,1.0611,4.10,11.80
2007.08.21 07:54:39.196,1.0608,1.0611,4.10,5.40
2007.08.21 07:54:39.226,1.0608,1.0611,4.10,4.20
2007.08.21 07:54:39.329,1.0608,1.0611,4.10,0.30
2007.08.21 07:54:39.827,1.0608,1.0611,8.10,0.30
2007.08.21 07:54:43.058,1.0608,1.0611,8.30,0.30
2007.08.21 07:54:49.260,1.0609,1.0611,4.00,0.30
2007.08.21 07:54:49.296,1.0609,1.0612,4.00,1.30
2007.08.21 07:54:49.762,1.0609,1.0612,4.00,0.90
2007.08.21 07:54:50.150,1.0609,1.0613,4.00,34.40
2007.08.21 07:54:52.288,1.0609,1.0612,4.00,0.60
2007.08.21 07:54:52.466,1.0609,1.0612,4.00,16.80
2007.08.21 07:54:57.177,1.0609,1.0612,4.10,18.00
2007.08.21 07:54:59.551,1.0609,1.0612,4.00,18.00
2007.08.21 07:55:07.912,1.0609,1.0611,0.60,0.20
2007.08.21 07:55:09.091,1.0609,1.0612,4.00,18.20
2007.08.21 07:55:09.725,1.0608,1.0611,23.00,0.30
2007.08.21 07:55:09.749,1.0608,1.0611,23.80,0.30
2007.08.21 07:55:09.825,1.061,1.0611,4.00,0.30
2007.08.21 07:55:10.117,1.061,1.0611,4.00,0.20
2007.08.21 07:55:16.357,1.061,1.0613,4.00,22.40
2007.08.21 07:55:16.462,1.061,1.0612,4.00,0.30
2007.08.21 07:55:24.764,1.061,1.0612,4.00,0.20
2007.08.21 07:55:24.813,1.0609,1.0612,26.30,0.20
2007.08.21 07:55:24.847,1.0611,1.0613,4.00,6.10
2007.08.21 07:55:24.964,1.0611,1.0613,4.00,2.10
2007.08.21 07:55:25.145,1.0611,1.0613,4.00,0.90
2007.08.21 07:55:25.470,1.0611,1.0612,4.00,0.30
2007.08.21 07:55:36.049,1.0611,1.0613,4.00,0.90
2007.08.21 07:55:36.271,1.0611,1.0613,4.00,0.40
2007.08.21 07:55:52.567,1.0611,1.0613,4.00,0.50
2007.08.21 07:56:10.915,1.0611,1.0613,4.00,0.30
2007.08.21 07:56:12.365,1.0611,1.0613,4.00,0.20
2007.08.21 07:56:12.414,1.061,1.0613,26.30,0.20
2007.08.21 07:56:12.449,1.061,1.0613,27.10,0.20
2007.08.21 07:56:12.486,1.0612,1.0614,4.00,2.10
2007.08.21 07:56:12.820,1.0611,1.0614,15.90,2.10
2007.08.21 07:56:12.905,1.0611,1.0613,4.00,0.30
2007.08.21 07:56:13.000,1.0611,1.0613,4.00,1.80
2007.08.21 07:56:17.461,1.0611,1.0613,4.00,4.10
2007.08.21 07:56:18.862,1.0611,1.0613,4.00,8.10
2007.08.21 07:56:18.990,1.061,1.0613,26.30,8.10
2007.08.21 07:56:19.003,1.061,1.0613,4.00,25.70
2007.08.21 07:56:19.150,1.061,1.0613,4.00,26.90
2007.08.21 07:56:21.081,1.061,1.0613,1.70,26.90
2007.08.21 07:56:23.860,1.0609,1.0613,40.90,26.90
2007.08.21 07:56:23.990,1.0611,1.0613,1.70,14.90
2007.08.21 07:56:24.085,1.0611,1.0613,1.70,7.40
2007.08.21 07:56:24.186,1.0611,1.0613,1.70,3.40
2007.08.21 07:56:24.637,1.0611,1.0613,1.70,3.60
2007.08.21 07:56:25.148,1.0611,1.0613,1.70,2.40
2007.08.21 07:56:27.581,1.0611,1.0613,2.50,2.40
2007.08.21 07:56:27.979,1.0611,1.0613,2.50,2.50
2007.08.21 07:56:28.950,1.0611,1.0613,24.00,2.20
2007.08.21 07:56:29.047,1.0611,1.0613,34.40,2.20
2007.08.21 07:56:29.322,1.0612,1.0613,2.50,2.20
2007.08.21 07:56:30.375,1.0611,1.0613,38.40,2.20
2007.08.21 07:56:30.548,1.0611,1.0613,29.60,2.20
2007.08.21 07:56:31.103,1.0611,1.0613,24.80,2.20
2007.08.21 07:56:31.145,1.0611,1.0613,8.90,2.20
2007.08.21 07:56:31.260,1.0611,1.0613,2.50,2.50
2007.08.21 07:56:31.353,1.0611,1.0613,2.50,0.90
2007.08.21 07:56:33.648,1.0611,1.0613,3.30,0.90
2007.08.21 07:56:39.688,1.0611,1.0613,4.00,0.70
2007.08.21 07:56:56.948,1.0611,1.0614,4.00,42.80
2007.08.21 07:57:09.474,1.061,1.0613,18.30,3.10
2007.08.21 07:57:09.492,1.061,1.0613,6.40,15.10
2007.08.21 07:57:09.595,1.061,1.0613,4.00,22.30
2007.08.21 07:57:10.123,1.061,1.0613,4.00,23.50
2007.08.21 07:57:10.241,1.061,1.0613,4.00,25.90
2007.08.21 07:57:14.944,1.0609,1.0613,43.10,25.90
2007.08.21 07:57:14.980,1.0611,1.0613,4.00,13.10
2007.08.21 07:57:15.156,1.0611,1.0613,4.00,10.70
2007.08.21 07:57:15.162,1.0611,1.0613,4.00,4.30
2007.08.21 07:57:16.081,1.0611,1.0613,4.00,3.10
2007.08.21 07:57:23.803,1.061,1.0613,15.90,3.10
2007.08.21 07:57:33.998,1.061,1.0613,1.30,3.10
2007.08.21 07:57:34.024,1.0609,1.0612,30.20,0.40
2007.08.21 07:57:34.127,1.0609,1.0612,46.90,0.40
2007.08.21 07:57:36.968,1.0608,1.0612,50.40,0.40
2007.08.21 07:57:37.038,1.0611,1.0613,1.50,15.50
2007.08.21 07:57:37.072,1.061,1.0613,15.90,13.10
2007.08.21 07:57:37.155,1.061,1.0612,15.90,0.20
2007.08.21 07:57:37.269,1.061,1.0612,15.90,0.30
2007.08.21 07:58:02.598,1.0611,1.0613,1.10,3.10
2007.08.21 07:58:02.813,1.061,1.0613,27.90,2.50
2007.08.21 07:58:09.573,1.0609,1.0613,47.70,2.50
2007.08.21 07:58:09.610,1.0609,1.0613,38.40,15.90
2007.08.21 07:58:09.729,1.061,1.0612,2.80,0.40
2007.08.21 07:58:09.778,1.0609,1.0612,52.60,0.40
2007.08.21 07:58:09.825,1.0609,1.0612,51.70,0.40
2007.08.21 07:58:09.895,1.0609,1.0612,50.90,0.40
2007.08.21 07:58:15.135,1.0611,1.0613,4.00,10.70
2007.08.21 07:58:15.248,1.0611,1.0613,4.00,4.30
2007.08.21 07:58:16.125,1.0611,1.0613,4.00,3.10
2007.08.21 07:58:33.110,1.061,1.0613,20.70,5.50
2007.08.21 07:58:33.218,1.061,1.0613,19.90,5.50
2007.08.21 07:58:33.230,1.061,1.0612,7.20,0.40
2007.08.21 07:58:33.251,1.061,1.0612,4.80,1.90
2007.08.21 07:58:33.266,1.061,1.0612,4.00,1.90
2007.08.21 07:58:36.077,1.0609,1.0612,23.70,1.90
2007.08.21 07:58:36.172,1.0611,1.0612,4.00,1.90
2007.08.21 07:58:36.222,1.0611,1.0612,4.00,1.80
2007.08.21 07:58:36.332,1.0611,1.0613,4.00,8.30
2007.08.21 07:58:36.531,1.0611,1.0613,4.00,4.30
2007.08.21 07:58:37.113,1.0611,1.0613,4.00,3.10
2007.08.21 07:58:38.285,1.061,1.0613,18.30,3.10
2007.08.21 07:58:41.459,1.061,1.0613,16.00,3.10
2007.08.21 07:58:41.554,1.061,1.0613,16.00,3.10
2007.08.21 07:58:42.179,1.0611,1.0613,10.60,3.10
2007.08.21 07:58:42.284,1.061,1.0613,14.31,3.10
2007.08.21 07:58:49.973,1.0611,1.0613,0.80,3.10
2007.08.21 07:58:55.801,1.061,1.0613,18.30,3.10
2007.08.21 07:58:57.183,1.06095,1.0613,23.10,3.10
2007.08.21 07:58:57.219,1.0612,1.0613,0.50,2.80
2007.08.21 07:58:57.325,1.0611,1.0613,19.90,2.20
2007.08.21 07:59:01.782,1.0611,1.0613,18.30,2.20
2007.08.21 07:59:02.173,1.0611,1.0613,18.30,2.50
2007.08.21 07:59:03.152,1.061,1.0613,38.80,2.50
2007.08.21 07:59:03.212,1.0611,1.0613,0.80,2.50
2007.08.21 07:59:03.309,1.0611,1.0613,0.60,2.50
2007.08.21 07:59:08.045,1.0611,1.0613,3.20,2.50
2007.08.21 07:59:08.727,1.0611,1.0613,3.20,3.30
2007.08.21 07:59:08.836,1.0611,1.0613,3.20,4.10
2007.08.21 07:59:09.253,1.0611,1.0613,3.20,9.70
2007.08.21 07:59:09.283,1.0611,1.0613,3.20,12.10
2007.08.21 07:59:10.622,1.061,1.0613,22.10,12.10
2007.08.21 07:59:10.716,1.061,1.0612,9.60,0.30
2007.08.21 07:59:10.824,1.061,1.0612,5.60,0.30
2007.08.21 07:59:13.798,1.061,1.0612,6.40,0.30
2007.08.21 07:59:15.723,1.061,1.0613,6.40,35.20
2007.08.21 07:59:29.250,1.0611,1.0613,4.00,31.20
2007.08.21 07:59:29.328,1.0611,1.0613,4.00,0.70
2007.08.21 07:59:29.445,1.0611,1.06125,4.00,0.80
2007.08.21 07:59:29.658,1.0611,1.0614,4.00,39.30
2007.08.21 07:59:30.310,1.0611,1.0614,4.00,39.30
2007.08.21 07:59:33.675,1.061,1.0614,23.90,39.30
2007.08.21 07:59:33.716,1.061,1.0614,23.90,39.30
2007.08.21 07:59:33.752,1.061,1.0612,12.00,0.90
2007.08.21 07:59:33.772,1.061,1.0613,12.00,40.90
2007.08.21 07:59:33.865,1.061,1.0612,8.80,0.90
2007.08.21 07:59:33.968,1.061,1.0613,6.40,53.50
2007.08.21 07:59:38.786,1.061,1.0613,6.40,53.10
2007.08.21 07:59:38.798,1.061,1.0613,6.40,51.50
2007.08.21 07:59:38.901,1.061,1.0612,6.40,0.90
2007.08.21 07:59:39.352,1.061,1.06135,6.40,44.30
2007.08.21 07:59:39.426,1.061,1.06135,6.40,43.70
2007.08.21 07:59:39.463,1.061,1.0613,6.40,40.50
2007.08.21 07:59:42.415,1.061,1.0612,6.40,0.80
2007.08.21 07:59:42.462,1.0611,1.0612,4.00,0.50
