2007.08.14 14:00:00.327,1.06045,1.0607,34.60,8.00
2007.08.14 14:00:00.537,1.06045,1.0607,32.20,8.00
2007.08.14 14:00:00.615,1.06045,1.0607,19.70,15.90
2007.08.14 14:00:00.631,1.0605,1.0607,5.50,15.90
2007.08.14 14:00:00.727,1.0605,1.0607,2.90,16.70
2007.08.14 14:00:00.845,1.0605,1.0607,2.00,17.50
2007.08.14 14:00:00.846,1.0604,1.0607,43.00,18.30
2007.08.14 14:00:01.088,1.06035,1.0607,27.20,10.40
2007.08.14 14:00:01.108,1.06035,1.0606,20.80,4.00
2007.08.14 14:00:01.125,1.06035,1.0606,38.40,8.00
2007.08.14 14:00:01.158,1.06035,1.0606,38.40,8.00
2007.08.14 14:00:01.342,1.06035,1.0606,38.00,8.00
2007.08.14 14:00:01.979,1.06035,1.0606,38.80,8.00
2007.08.14 14:00:02.090,1.06035,1.0606,39.80,8.00
2007.08.14 14:00:02.166,1.06035,1.0606,35.80,8.00
2007.08.14 14:00:02.188,1.06035,1.0606,17.50,4.00
2007.08.14 14:00:02.367,1.0604,1.0606,1.00,4.00
2007.08.14 14:00:02.381,1.06035,1.0607,22.30,10.40
2007.08.14 14:00:02.818,1.0604,1.0607,21.40,10.40
2007.08.14 14:00:03.367,1.0604,1.0607,21.30,10.40
2007.08.14 14:00:03.913,1.0604,1.0607,21.40,10.40
2007.08.14 14:00:05.509,1.0604,1.0607,26.90,10.40
2007.08.14 14:00:06.217,1.06035,1.0607,28.00,10.40
2007.08.14 14:00:06.455,1.0604,1.0607,2.50,10.40
2007.08.14 14:00:06.965,1.06035,1.0606,23.20,4.00
2007.08.14 14:00:07.061,1.0604,1.0606,0.70,4.00
2007.08.14 14:00:07.237,1.0604,1.0606,7.20,4.00
2007.08.14 14:00:07.284,1.0604,1.0606,4.80,8.00
2007.08.14 14:00:07.325,1.0604,1.0606,2.30,8.00
2007.08.14 14:00:07.594,1.0604,1.0606,2.20,8.00
2007.08.14 14:00:09.395,1.06035,1.0606,21.20,8.00
2007.08.14 14:00:10.519,1.06035,1.0606,8.40,16.00
2007.08.14 14:00:10.639,1.0604,1.0606,0.50,16.80
2007.08.14 14:00:10.651,1.06035,1.0606,7.10,16.80
2007.08.14 14:00:10.749,1.06035,1.0606,6.30,16.80
2007.08.14 14:00:11.026,1.06035,1.0606,11.90,16.80
2007.08.14 14:00:11.057,1.06035,1.0606,28.60,8.50
2007.08.14 14:00:11.154,1.0604,1.0606,4.00,8.50
2007.08.14 14:00:11.167,1.0604,1.0606,2.80,8.00
2007.08.14 14:00:11.272,1.06035,1.0606,30.80,12.00
2007.08.14 14:00:11.489,1.06035,1.0606,30.80,8.00
2007.08.14 14:00:11.969,1.06035,1.0606,22.00,15.90
2007.08.14 14:00:12.074,1.0604,1.0606,3.40,15.90
2007.08.14 14:00:12.092,1.06035,1.0606,6.30,16.80
2007.08.14 14:00:12.292,1.0604,1.0606,4.70,16.80
2007.08.14 14:00:12.409,1.0604,1.0606,4.70,20.80
2007.08.14 14:00:14.330,1.0604,1.0606,4.80,20.80
2007.08.14 14:00:14.420,1.0604,1.0606,4.70,20.80
2007.08.14 14:00:15.347,1.0604,1.0606,1.90,20.80
2007.08.14 14:00:15.502,1.0604,1.0605,4.70,4.00
2007.08.14 14:00:15.587,1.0604,1.0605,0.50,4.00
2007.08.14 14:00:15.796,1.0603,1.0605,45.40,4.00
2007.08.14 14:00:15.932,1.0603,1.0605,41.40,4.00
2007.08.14 14:00:16.007,1.0603,1.0605,39.00,4.00
2007.08.14 14:00:16.132,1.0603,1.0605,37.20,4.00
2007.08.14 14:00:16.566,1.0603,1.0605,37.00,4.00
2007.08.14 14:00:16.674,1.0603,1.0605,36.80,4.00
2007.08.14 14:00:17.057,1.0603,1.0605,37.00,4.00
2007.08.14 14:00:18.313,1.0603,1.0605,33.00,4.00
2007.08.14 14:00:18.356,1.0604,1.0605,0.80,4.00
2007.08.14 14:00:18.430,1.0604,1.0605,1.60,4.00
2007.08.14 14:00:18.477,1.0604,1.0605,2.40,4.00
2007.08.14 14:00:18.506,1.0604,1.0605,2.60,4.00
2007.08.14 14:00:18.590,1.0604,1.0605,3.40,4.00
2007.08.14 14:00:19.702,1.0604,1.0605,7.40,4.00
2007.08.14 14:00:21.680,1.0604,1.0605,3.40,4.00
2007.08.14 14:00:22.472,1.0604,1.0605,2.60,4.00
2007.08.14 14:00:22.491,1.0604,1.0606,2.60,36.50
2007.08.14 14:00:22.505,1.0604,1.0605,1.20,16.70
2007.08.14 14:00:22.602,1.0603,1.0604,21.20,4.00
2007.08.14 14:00:22.616,1.0603,1.0604,11.20,4.00
2007.08.14 14:00:22.697,1.0603,1.0604,10.40,4.00
2007.08.14 14:00:22.711,1.0603,1.0604,6.40,4.00
2007.08.14 14:00:22.737,1.0603,1.0604,5.60,4.00
2007.08.14 14:00:22.995,1.0603,1.0605,5.60,31.60
2007.08.14 14:00:23.036,1.0603,1.0605,5.60,22.80
2007.08.14 14:00:23.179,1.0603,1.0605,1.00,23.60
2007.08.14 14:00:23.245,1.0603,1.0605,2.00,31.60
2007.08.14 14:00:23.315,1.0603,1.0605,3.60,31.60
2007.08.14 14:00:23.347,1.0603,1.0605,3.60,31.20
2007.08.14 14:00:23.512,1.0603,1.0604,3.60,4.00
2007.08.14 14:00:23.570,1.0603,1.0604,2.50,4.00
2007.08.14 14:00:23.686,1.0603,1.0604,1.60,4.00
2007.08.14 14:00:23.923,1.0603,1.0604,0.80,4.00
2007.08.14 14:00:29.052,1.0603,1.0604,0.80,4.00
2007.08.14 14:00:29.069,1.0603,1.0605,0.80,32.50
2007.08.14 14:00:29.097,1.0603,1.0605,1.60,32.50
2007.08.14 14:00:29.150,1.0603,1.0605,2.80,32.00
2007.08.14 14:00:29.269,1.0603,1.0605,3.60,32.00
2007.08.14 14:00:29.303,1.0603,1.0605,3.60,31.50
2007.08.14 14:00:29.557,1.0603,1.0605,7.60,19.50
2007.08.14 14:00:29.607,1.0603,1.0605,7.60,18.70
2007.08.14 14:00:29.653,1.0603,1.0605,7.60,17.10
2007.08.14 14:00:29.676,1.0603,1.0605,7.60,16.30
2007.08.14 14:00:29.774,1.0603,1.0605,7.60,16.00
2007.08.14 14:00:29.858,1.0603,1.0605,8.00,16.00
2007.08.14 14:00:31.074,1.0603,1.0605,8.00,15.90
2007.08.14 14:00:31.172,1.0603,1.0605,8.30,15.90
2007.08.14 14:00:31.902,1.0603,1.0605,16.30,15.90
2007.08.14 14:00:34.653,1.0603,1.0605,8.30,15.90
2007.08.14 14:00:35.716,1.0603,1.0605,16.30,15.90
2007.08.14 14:00:37.320,1.06025,1.0605,17.90,15.90
2007.08.14 14:00:42.060,1.0603,1.0605,11.40,8.00
2007.08.14 14:00:42.176,1.0603,1.0605,29.90,8.00
2007.08.14 14:00:43.672,1.0603,1.0605,34.00,8.00
2007.08.14 14:00:50.701,1.0603,1.0605,41.20,4.00
2007.08.14 14:00:56.598,1.0603,1.0605,37.30,4.00
2007.08.14 14:00:56.701,1.0603,1.0605,42.20,4.00
2007.08.14 14:00:56.778,1.0603,1.0606,46.20,26.90
2007.08.14 14:00:56.812,1.06035,1.0606,2.40,24.20
2007.08.14 14:00:56.920,1.06035,1.0606,2.40,24.00
2007.08.14 14:00:57.024,1.06035,1.0606,2.40,21.60
2007.08.14 14:00:57.035,1.06035,1.0606,2.40,20.80
2007.08.14 14:00:57.200,1.0604,1.0606,0.80,20.00
2007.08.14 14:00:57.207,1.06035,1.0606,3.60,19.90
2007.08.14 14:00:57.322,1.0604,1.0606,1.90,19.90
2007.08.14 14:01:01.031,1.0604,1.0606,0.80,19.90
2007.08.14 14:01:10.531,1.0604,1.0606,4.10,19.90
2007.08.14 14:01:10.640,1.0604,1.0606,4.60,19.90
2007.08.14 14:01:12.215,1.0604,1.0606,4.60,27.90
2007.08.14 14:01:19.626,1.0604,1.0606,16.50,4.00
2007.08.14 14:01:19.731,1.0605,1.0606,0.60,4.00
2007.08.14 14:01:20.057,1.0605,1.0606,0.60,4.00
2007.08.14 14:01:22.213,1.0605,1.0606,0.80,4.00
2007.08.14 14:01:22.688,1.0605,1.0606,0.80,8.00
2007.08.14 14:01:22.903,1.0605,1.0606,0.60,15.90
2007.08.14 14:01:24.286,1.0605,1.0606,0.80,15.90
2007.08.14 14:01:25.333,1.0605,1.0606,1.60,15.90
2007.08.14 14:01:25.415,1.0605,1.0606,3.20,15.90
2007.08.14 14:01:25.730,1.0605,1.0606,3.30,8.00
2007.08.14 14:01:26.165,1.0605,1.0606,3.30,4.00
2007.08.14 14:01:26.358,1.0605,1.0606,3.40,4.00
2007.08.14 14:01:27.983,1.0605,1.0606,2.60,4.00
2007.08.14 14:01:27.996,1.0605,1.0606,1.80,4.00
2007.08.14 14:01:28.031,1.0604,1.0606,42.20,4.00
2007.08.14 14:01:28.127,1.0604,1.0606,41.40,4.00
2007.08.14 14:01:28.562,1.0604,1.0606,37.40,8.00
2007.08.14 14:01:28.625,1.0604,1.0605,35.00,4.00
2007.08.14 14:01:28.674,1.0604,1.0605,6.00,4.00
2007.08.14 14:01:28.761,1.0604,1.0605,4.20,4.00
2007.08.14 14:01:28.884,1.0604,1.0605,3.60,4.00
2007.08.14 14:01:29.177,1.0604,1.0605,4.60,4.00
2007.08.14 14:01:29.233,1.0604,1.0606,4.60,11.30
2007.08.14 14:01:29.296,1.0604,1.0606,17.50,11.10
2007.08.14 14:01:29.327,1.0604,1.0606,17.50,10.30
2007.08.14 14:01:29.383,1.0604,1.0606,17.50,9.50
2007.08.14 14:01:29.403,1.0604,1.0606,17.50,8.90
2007.08.14 14:01:29.592,1.0604,1.0606,20.70,8.90
2007.08.14 14:01:29.719,1.0604,1.0606,12.10,16.80
2007.08.14 14:01:30.131,1.0604,1.0606,8.10,16.00
2007.08.14 14:01:31.187,1.0604,1.0606,8.10,15.90
2007.08.14 14:01:40.596,1.0604,1.0606,8.40,15.90
2007.08.14 14:01:41.013,1.0604,1.0606,8.50,15.90
2007.08.14 14:01:42.752,1.0604,1.0606,8.50,0.70
2007.08.14 14:01:43.289,1.0604,1.0607,8.80,47.30
2007.08.14 14:01:45.967,1.0604,1.0606,8.80,0.50
2007.08.14 14:01:49.892,1.0605,1.0607,0.50,47.30
2007.08.14 14:01:52.837,1.0604,1.0607,8.60,46.50
2007.08.14 14:01:53.026,1.0604,1.0607,8.40,46.50
2007.08.14 14:02:05.904,1.0604,1.0607,16.40,41.60
2007.08.14 14:02:06.304,1.0604,1.0606,16.40,15.90
2007.08.14 14:02:06.433,1.0604,1.0606,7.60,24.00
2007.08.14 14:02:06.530,1.0604,1.0606,3.60,9.60
2007.08.14 14:02:07.475,1.0604,1.0606,3.50,34.70
2007.08.14 14:02:11.159,1.0604,1.0606,3.50,35.60
2007.08.14 14:02:11.222,1.0604,1.0606,3.50,34.80
2007.08.14 14:02:11.263,1.0604,1.0606,5.90,34.00
2007.08.14 14:02:11.284,1.0604,1.0606,8.10,8.40
2007.08.14 14:02:11.376,1.0605,1.0606,0.50,8.00
2007.08.14 14:02:11.491,1.0605,1.0606,0.60,8.00
2007.08.14 14:02:11.595,1.0605,1.0606,0.50,8.00
2007.08.14 14:02:11.684,1.0605,1.0607,0.50,42.50
2007.08.14 14:02:11.770,1.0605,1.0607,1.30,42.50
2007.08.14 14:02:11.795,1.0605,1.0607,3.20,39.10
2007.08.14 14:02:11.900,1.0605,1.0607,3.60,31.90
2007.08.14 14:02:12.129,1.0605,1.0607,3.60,30.30
2007.08.14 14:02:12.187,1.0605,1.0607,3.60,29.50
2007.08.14 14:02:12.215,1.0605,1.0607,3.70,29.50
2007.08.14 14:02:12.322,1.0605,1.0607,3.70,21.50
2007.08.14 14:02:12.351,1.0605,1.0607,3.70,20.70
2007.08.14 14:02:12.532,1.0605,1.0607,4.10,19.90
2007.08.14 14:02:14.372,1.0605,1.0607,3.30,40.70
2007.08.14 14:02:14.478,1.0605,1.0607,3.30,41.50
2007.08.14 14:02:14.681,1.0605,1.0606,3.30,4.00
2007.08.14 14:02:15.119,1.0605,1.0606,3.40,4.00
2007.08.14 14:02:20.817,1.0605,1.0606,3.80,4.00
2007.08.14 14:02:20.878,1.0605,1.0607,3.80,29.50
2007.08.14 14:02:20.892,1.0605,1.0607,3.80,28.70
2007.08.14 14:02:20.945,1.0605,1.0607,4.20,20.70
2007.08.14 14:02:20.970,1.0605,1.0607,4.20,19.90
2007.08.14 14:02:21.147,1.0605,1.0607,4.30,19.90
2007.08.14 14:02:21.665,1.0605,1.0607,4.10,19.90
2007.08.14 14:02:23.070,1.0605,1.0608,4.10,43.30
2007.08.14 14:02:28.908,1.0605,1.0607,4.50,0.80
2007.08.14 14:02:34.414,1.0605,1.0608,4.60,41.70
2007.08.14 14:02:38.385,1.0605,1.0608,4.50,41.70
2007.08.14 14:02:38.883,1.0605,1.0607,19.20,0.70
2007.08.14 14:02:38.999,1.0606,1.0608,0.50,32.20
2007.08.14 14:02:39.088,1.0606,1.0607,0.60,0.50
2007.08.14 14:02:39.410,1.0606,1.0608,0.60,40.10
2007.08.14 14:02:39.604,1.0606,1.0608,0.50,40.10
2007.08.14 14:02:39.807,1.0606,1.0608,0.60,40.10
2007.08.14 14:02:44.816,1.0606,1.0608,2.80,40.10
2007.08.14 14:02:44.819,1.0606,1.06085,3.60,41.70
2007.08.14 14:02:44.888,1.0606,1.06085,5.40,28.70
2007.08.14 14:02:44.986,1.0606,1.0608,5.60,0.80
2007.08.14 14:02:45.101,1.0606,1.0609,5.70,39.40
2007.08.14 14:02:45.201,1.0606,1.0609,5.90,39.30
2007.08.14 14:02:45.308,1.0606,1.0608,6.00,0.70
2007.08.14 14:02:48.440,1.0606,1.0608,30.60,0.70
2007.08.14 14:02:48.958,1.0606,1.0609,34.60,40.70
2007.08.14 14:02:49.066,1.0606,1.0608,35.40,0.60
2007.08.14 14:02:49.258,1.0606,1.0609,37.80,37.50
2007.08.14 14:02:49.379,1.0607,1.0609,0.30,36.70
2007.08.14 14:02:49.694,1.0607,1.0608,0.50,0.60
2007.08.14 14:02:49.787,1.0607,1.0609,2.50,36.70
2007.08.14 14:02:49.822,1.0607,1.0609,4.90,36.70
2007.08.14 14:02:49.881,1.0607,1.0609,5.70,36.70
2007.08.14 14:02:49.896,1.0607,1.0609,5.80,36.70
2007.08.14 14:02:54.493,1.0607,1.0608,5.00,4.00
2007.08.14 14:02:54.508,1.0607,1.0608,4.20,4.00
2007.08.14 14:02:54.552,1.0607,1.0608,2.60,4.00
2007.08.14 14:02:54.646,1.0607,1.0608,3.20,4.00
2007.08.14 14:02:54.706,1.0607,1.0608,4.00,4.00
2007.08.14 14:02:54.753,1.0607,1.0608,5.10,4.00
2007.08.14 14:02:54.782,1.0607,1.0608,5.90,4.00
2007.08.14 14:02:54.851,1.0607,1.0608,4.70,15.90
2007.08.14 14:02:54.970,1.0607,1.0608,4.00,15.90
2007.08.14 14:02:55.015,1.0607,1.0608,3.20,15.90
2007.08.14 14:02:55.039,1.0607,1.0608,0.80,15.90
2007.08.14 14:02:55.063,1.0607,1.0608,1.00,15.90
2007.08.14 14:02:55.271,1.0607,1.0608,0.20,15.90
2007.08.14 14:02:55.386,1.0607,1.0608,0.60,8.00
2007.08.14 14:02:55.417,1.0607,1.0608,1.30,8.00
2007.08.14 14:02:55.481,1.0607,1.0608,3.50,8.00
2007.08.14 14:02:55.598,1.0607,1.0608,5.90,8.00
2007.08.14 14:02:55.797,1.0607,1.0608,5.90,4.00
2007.08.14 14:02:56.421,1.0607,1.0608,6.30,4.00
2007.08.14 14:02:59.101,1.0607,1.0608,6.30,4.00
2007.08.14 14:02:59.417,1.0607,1.0608,6.00,4.00
2007.08.14 14:03:00.563,1.0607,1.0608,6.20,4.00
2007.08.14 14:03:01.192,1.0607,1.0608,6.50,4.00
2007.08.14 14:03:01.290,1.0607,1.0608,6.30,4.00
2007.08.14 14:03:02.122,1.0607,1.0608,6.50,4.00
2007.08.14 14:03:03.074,1.0607,1.0608,7.30,4.00
2007.08.14 14:03:04.346,1.0607,1.0609,7.30,26.30
2007.08.14 14:03:04.378,1.0607,1.0609,7.30,19.90
2007.08.14 14:03:04.495,1.0608,1.0609,0.30,19.90
2007.08.14 14:03:04.798,1.0608,1.0609,0.30,8.00
2007.08.14 14:03:04.855,1.0608,1.0609,1.00,8.00
2007.08.14 14:03:04.906,1.0608,1.0609,1.20,8.00
2007.08.14 14:03:05.002,1.0608,1.0609,3.20,8.00
2007.08.14 14:03:05.168,1.0608,1.0609,4.80,8.00
2007.08.14 14:03:05.319,1.0608,1.0609,4.80,4.00
2007.08.14 14:03:05.368,1.0608,1.0609,5.60,4.00
2007.08.14 14:03:05.525,1.0608,1.0609,5.70,4.00
2007.08.14 14:03:05.824,1.0608,1.0609,6.00,4.00
2007.08.14 14:03:07.728,1.0608,1.0609,5.90,4.00
2007.08.14 14:03:07.850,1.0608,1.0609,4.50,4.00
2007.08.14 14:03:07.891,1.0608,1.0609,2.90,4.00
2007.08.14 14:03:08.885,1.0608,1.0609,2.90,19.90
2007.08.14 14:03:08.954,1.0608,1.0609,2.10,19.90
2007.08.14 14:03:08.965,1.0608,1.0609,1.30,19.90
2007.08.14 14:03:08.997,1.0607,1.0609,17.60,15.90
2007.08.14 14:03:09.158,1.0607,1.0609,16.80,15.90
2007.08.14 14:03:09.203,1.0607,1.0609,12.10,15.90
2007.08.14 14:03:09.234,1.0607,1.0609,10.50,15.90
2007.08.14 14:03:09.388,1.0607,1.0609,8.80,15.90
2007.08.14 14:03:09.486,1.0607,1.0609,14.30,8.00
2007.08.14 14:03:09.530,1.0607,1.0609,13.50,8.00
2007.08.14 14:03:09.585,1.0607,1.0609,23.10,8.00
2007.08.14 14:03:09.787,1.0607,1.0609,26.30,8.00
2007.08.14 14:03:09.805,1.0607,1.0609,23.10,12.00
2007.08.14 14:03:09.893,1.0607,1.0609,31.20,8.00
2007.08.14 14:03:11.346,1.0607,1.0609,31.40,8.00
2007.08.14 14:03:11.454,1.0607,1.0609,31.90,8.00
2007.08.14 14:03:12.365,1.0607,1.0609,32.00,8.00
2007.08.14 14:03:14.121,1.0607,1.061,32.00,43.30
2007.08.14 14:03:15.305,1.0607,1.061,32.20,43.30
2007.08.14 14:03:16.951,1.0607,1.0609,14.70,0.50
2007.08.14 14:03:17.046,1.0607,1.061,14.50,41.30
2007.08.14 14:03:17.257,1.0607,1.061,14.20,41.30
2007.08.14 14:03:17.395,1.0607,1.061,9.80,42.50
2007.08.14 14:03:17.467,1.0607,1.0609,9.60,0.80
2007.08.14 14:03:18.019,1.0607,1.0609,9.90,0.80
2007.08.14 14:03:22.856,1.0607,1.061,18.00,44.10
2007.08.14 14:03:22.958,1.0607,1.0609,26.00,0.50
2007.08.14 14:03:23.061,1.0607,1.0609,26.40,0.80
2007.08.14 14:03:23.158,1.0607,1.061,26.60,32.60
2007.08.14 14:03:23.263,1.0607,1.061,30.60,38.90
2007.08.14 14:03:25.354,1.0607,1.061,14.30,41.70
2007.08.14 14:03:25.442,1.0607,1.061,14.00,45.30
2007.08.14 14:03:25.553,1.0607,1.0609,13.70,0.90
2007.08.14 14:03:25.866,1.0607,1.061,9.70,45.70
2007.08.14 14:03:25.974,1.0607,1.0609,9.60,0.90
2007.08.14 14:03:26.284,1.0607,1.0609,10.00,0.80
2007.08.14 14:03:27.526,1.0607,1.061,10.00,45.40
2007.08.14 14:03:28.349,1.0607,1.0609,25.90,0.70
2007.08.14 14:03:28.447,1.0607,1.0609,26.70,0.80
2007.08.14 14:03:28.564,1.0607,1.0609,26.90,0.80
2007.08.14 14:03:28.664,1.0607,1.0609,27.20,0.70
2007.08.14 14:03:28.770,1.0607,1.061,27.50,35.80
2007.08.14 14:03:28.974,1.0607,1.0609,31.50,0.80
2007.08.14 14:03:30.019,1.0607,1.061,31.60,42.10
2007.08.14 14:03:32.415,1.0607,1.061,23.70,38.10
2007.08.14 14:03:32.516,1.0607,1.061,14.10,38.10
2007.08.14 14:03:32.630,1.0607,1.0609,14.00,0.90
2007.08.14 14:03:32.726,1.0607,1.061,13.80,42.30
2007.08.14 14:03:33.037,1.0607,1.0609,9.60,0.70
2007.08.14 14:03:33.365,1.0607,1.061,10.00,45.30
2007.08.14 14:03:42.453,1.0607,1.0609,26.80,12.00
2007.08.14 14:03:42.557,1.0607,1.0609,27.10,8.00
2007.08.14 14:03:42.801,1.0607,1.0609,29.50,8.00
2007.08.14 14:03:42.881,1.0607,1.0609,33.50,4.00
2007.08.14 14:03:42.970,1.0607,1.0609,37.60,4.00
2007.08.14 14:03:43.699,1.0607,1.0609,37.20,4.00
2007.08.14 14:03:44.213,1.0607,1.0609,37.50,4.00
2007.08.14 14:03:44.330,1.0607,1.0609,37.60,4.00
2007.08.14 14:03:46.092,1.0607,1.0609,37.80,4.00
2007.08.14 14:03:46.190,1.0607,1.0609,38.60,4.00
2007.08.14 14:03:50.438,1.0607,1.0609,25.90,15.90
2007.08.14 14:03:50.485,1.0607,1.0609,23.50,15.90
2007.08.14 14:03:50.547,1.0607,1.0609,15.60,19.90
2007.08.14 14:03:50.862,1.0607,1.0609,11.60,19.90
2007.08.14 14:03:51.072,1.0607,1.0609,10.80,19.90
2007.08.14 14:03:51.171,1.0607,1.0609,10.70,19.90
2007.08.14 14:03:51.913,1.0607,1.0609,19.40,12.00
2007.08.14 14:03:51.993,1.0607,1.0609,27.40,8.00
2007.08.14 14:03:52.199,1.0607,1.0609,28.20,8.00
2007.08.14 14:03:52.929,1.0607,1.0609,36.20,4.00
2007.08.14 14:03:52.949,1.0607,1.0609,38.60,4.00
2007.08.14 14:03:56.461,1.0607,1.061,42.60,39.30
2007.08.14 14:03:56.505,1.0608,1.061,2.40,28.20
2007.08.14 14:03:56.601,1.0608,1.061,2.60,33.70
2007.08.14 14:03:56.672,1.0608,1.061,3.40,33.70
2007.08.14 14:03:56.679,1.0608,1.061,5.80,33.70
2007.08.14 14:03:57.015,1.0608,1.061,5.70,23.90
2007.08.14 14:03:57.120,1.0608,1.061,6.00,23.90
2007.08.14 14:03:57.540,1.0608,1.061,6.00,23.90
2007.08.14 14:03:58.414,1.0608,1.061,12.40,19.90
2007.08.14 14:03:59.564,1.0609,1.0611,0.90,41.70
2007.08.14 14:03:59.930,1.0609,1.0611,2.20,35.10
2007.08.14 14:03:59.943,1.0609,1.0611,1.40,35.10
2007.08.14 14:04:00.017,1.0609,1.0611,2.80,23.10
2007.08.14 14:04:00.032,1.0609,1.0611,5.20,23.10
2007.08.14 14:04:00.177,1.0609,1.0611,6.00,23.10
2007.08.14 14:04:00.332,1.0609,1.0611,10.00,19.10
2007.08.14 14:04:00.431,1.0609,1.0611,18.20,7.20
2007.08.14 14:04:00.640,1.0609,1.0611,18.40,7.20
2007.08.14 14:04:00.751,1.0609,1.0611,18.80,4.80
2007.08.14 14:04:00.963,1.0609,1.0611,22.80,4.80
2007.08.14 14:04:01.162,1.0609,1.0611,23.60,4.00
2007.08.14 14:04:01.266,1.0609,1.0611,26.00,4.00
2007.08.14 14:04:01.477,1.0609,1.0611,34.00,4.00
2007.08.14 14:04:01.626,1.0609,1.0611,26.00,4.00
2007.08.14 14:04:01.682,1.0609,1.0611,26.00,8.00
2007.08.14 14:04:02.533,1.0609,1.0611,30.00,4.00
2007.08.14 14:04:02.632,1.061,1.0611,0.80,4.00
2007.08.14 14:04:02.700,1.061,1.0611,1.60,4.00
2007.08.14 14:04:02.722,1.061,1.0611,2.00,4.00
2007.08.14 14:04:02.732,1.061,1.0611,2.80,4.00
2007.08.14 14:04:04.068,1.061,1.0611,3.00,4.00
2007.08.14 14:04:04.306,1.061,1.0611,3.20,4.00
2007.08.14 14:04:04.320,1.06105,1.0611,1.60,4.00
2007.08.14 14:04:05.499,1.061,1.0611,4.80,4.00
2007.08.14 14:04:06.517,1.061,1.0612,31.10,8.00
2007.08.14 14:04:09.391,1.06105,1.0612,0.80,4.00
2007.08.14 14:04:09.660,1.0612,1.06125,0.80,1.00
2007.08.14 14:04:09.787,1.0612,1.0613,0.90,23.90
2007.08.14 14:04:09.897,1.0612,1.0613,0.90,23.90
2007.08.14 14:04:09.982,1.0612,1.0613,1.00,23.90
2007.08.14 14:04:10.025,1.0612,1.0613,1.30,23.90
2007.08.14 14:04:10.291,1.0612,1.0613,1.30,15.90
2007.08.14 14:04:10.558,1.0612,1.0613,0.80,8.00
2007.08.14 14:04:10.671,1.0612,1.0613,0.70,8.00
2007.08.14 14:04:11.069,1.06115,1.0613,6.20,8.00
2007.08.14 14:04:11.603,1.06115,1.0613,5.60,8.00
2007.08.14 14:04:11.817,1.06115,1.0613,6.20,8.00
2007.08.14 14:04:12.851,1.0612,1.0613,2.30,8.00
2007.08.14 14:04:13.264,1.06115,1.0613,6.60,8.00
2007.08.14 14:04:14.430,1.0612,1.0613,2.20,4.00
2007.08.14 14:04:14.511,1.0612,1.0614,19.30,13.60
2007.08.14 14:04:14.531,1.0613,1.0614,0.70,12.80
2007.08.14 14:04:14.538,1.06125,1.0614,4.80,10.40
2007.08.14 14:04:14.632,1.0613,1.0614,1.30,12.80
2007.08.14 14:04:14.712,1.0613,1.0614,0.80,12.80
2007.08.14 14:04:14.727,1.0613,1.0614,0.90,12.00
2007.08.14 14:04:14.843,1.06125,1.0614,4.10,12.00
2007.08.14 14:04:15.048,1.0613,1.0614,1.40,12.00
2007.08.14 14:04:15.133,1.06125,1.0614,4.10,10.40
2007.08.14 14:04:15.255,1.06125,1.0614,3.50,8.00
2007.08.14 14:04:15.360,1.06125,1.0614,4.00,8.00
2007.08.14 14:04:15.448,1.06125,1.0614,3.30,8.00
2007.08.14 14:04:15.644,1.06125,1.0614,4.10,8.00
2007.08.14 14:04:15.757,1.06125,1.0614,4.90,8.00
2007.08.14 14:04:16.478,1.06125,1.0614,4.90,4.00
2007.08.14 14:04:16.500,1.06125,1.0614,5.10,4.00
2007.08.14 14:04:16.891,1.06125,1.0614,5.10,8.00
2007.08.14 14:04:16.989,1.06125,1.0614,4.90,4.00
2007.08.14 14:04:17.608,1.0613,1.0614,0.90,4.00
2007.08.14 14:04:17.936,1.06125,1.0614,5.00,8.00
2007.08.14 14:04:19.740,1.0612,1.0614,36.70,8.00
2007.08.14 14:04:19.792,1.0613,1.0614,1.30,8.00
2007.08.14 14:04:19.805,1.0613,1.0614,0.50,8.00
2007.08.14 14:04:20.017,1.0612,1.0614,22.70,15.90
2007.08.14 14:04:20.106,1.0612,1.0614,9.00,15.90
2007.08.14 14:04:20.306,1.06115,1.0614,14.30,15.90
2007.08.14 14:04:20.429,1.06115,1.0614,10.30,15.90
2007.08.14 14:04:20.522,1.06115,1.0614,10.40,15.90
2007.08.14 14:04:20.626,1.0612,1.0614,4.40,15.90
2007.08.14 14:04:29.748,1.0612,1.0614,2.40,16.80
2007.08.14 14:04:30.062,1.0612,1.0614,1.50,28.80
2007.08.14 14:04:30.178,1.06115,1.0614,6.40,29.60
2007.08.14 14:04:30.229,1.06115,1.0614,6.40,30.40
2007.08.14 14:04:30.267,1.06115,1.0614,6.40,31.20
2007.08.14 14:04:30.692,1.0612,1.0614,1.50,31.20
2007.08.14 14:04:32.281,1.0612,1.0614,1.20,31.20
2007.08.14 14:04:39.028,1.0612,1.0614,1.70,28.80
2007.08.14 14:04:39.039,1.0612,1.0614,2.40,28.00
2007.08.14 14:04:39.752,1.06115,1.0614,6.40,28.00
2007.08.14 14:04:40.076,1.0613,1.0614,0.50,27.90
2007.08.14 14:04:40.172,1.0612,1.0614,9.40,23.90
2007.08.14 14:04:40.292,1.0613,1.0614,0.60,15.90
2007.08.14 14:04:40.394,1.0613,1.0614,0.70,15.90
2007.08.14 14:04:41.024,1.06125,1.0614,2.30,8.00
2007.08.14 14:04:42.084,1.06125,1.0614,2.40,7.20
2007.08.14 14:04:45.451,1.0613,1.0614,0.60,7.20
2007.08.14 14:04:46.930,1.0613,1.0614,0.80,7.20
2007.08.14 14:04:47.627,1.0613,1.0614,0.60,7.20
2007.08.14 14:04:48.264,1.0613,1.0614,0.80,7.20
2007.08.14 14:04:51.467,1.06125,1.0614,2.40,7.20
2007.08.14 14:05:00.572,1.0613,1.0614,0.50,7.20
2007.08.14 14:05:00.686,1.0613,1.0614,0.60,15.10
2007.08.14 14:05:03.398,1.0613,1.0614,1.90,15.10
2007.08.14 14:05:03.560,1.0613,1.0614,2.70,15.10
2007.08.14 14:05:03.598,1.0613,1.0614,2.70,7.20
2007.08.14 14:05:03.627,1.0613,1.0614,3.50,7.20
2007.08.14 14:05:03.702,1.0613,1.0614,3.80,7.20
2007.08.14 14:05:06.341,1.0613,1.0614,3.90,7.20
2007.08.14 14:05:06.619,1.0613,1.0614,3.10,7.20
2007.08.14 14:05:06.639,1.0613,1.0614,2.30,7.20
2007.08.14 14:05:06.684,1.06125,1.0614,1.60,7.20
2007.08.14 14:05:06.897,1.06125,1.0614,1.60,7.60
2007.08.14 14:05:06.956,1.0612,1.0614,30.40,7.60
2007.08.14 14:05:07.055,1.0612,1.0613,30.40,4.00
2007.08.14 14:05:07.087,1.0612,1.0613,5.60,4.00
2007.08.14 14:05:07.215,1.0612,1.0613,4.00,4.00
2007.08.14 14:05:07.733,1.0612,1.0613,4.00,8.00
2007.08.14 14:05:08.895,1.0612,1.0613,4.00,8.00
2007.08.14 14:05:09.815,1.0612,1.0613,3.80,8.00
2007.08.14 14:05:10.364,1.0612,1.0613,3.90,8.00
2007.08.14 14:05:12.609,1.0612,1.0613,3.10,9.60
2007.08.14 14:05:12.624,1.06115,1.0612,1.60,4.00
2007.08.14 14:05:12.701,1.06115,1.0612,1.60,4.00
2007.08.14 14:05:12.728,1.0611,1.0612,0.80,4.00
2007.08.14 14:05:13.108,1.06105,1.0612,1.60,4.00
2007.08.14 14:05:13.335,1.06105,1.0612,1.60,8.00
2007.08.14 14:05:13.789,1.061,1.0612,35.70,8.00
2007.08.14 14:05:14.172,1.06105,1.0612,0.80,8.00
2007.08.14 14:05:14.960,1.06105,1.0612,1.60,8.00
2007.08.14 14:05:15.305,1.06105,1.0612,1.60,4.80
2007.08.14 14:05:15.740,1.061,1.0612,31.70,4.80
2007.08.14 14:05:15.832,1.061,1.0612,35.70,4.80
2007.08.14 14:05:15.917,1.061,1.0612,39.70,4.00
2007.08.14 14:05:15.950,1.061,1.0612,41.00,4.00
2007.08.14 14:05:16.002,1.06105,1.0612,1.60,4.00
2007.08.14 14:05:17.167,1.0611,1.0613,20.90,16.80
2007.08.14 14:05:17.197,1.0612,1.0613,0.50,16.20
2007.08.14 14:05:17.246,1.0612,1.0613,0.50,15.60
2007.08.14 14:05:17.334,1.0612,1.0613,1.00,4.60
2007.08.14 14:05:17.554,1.0612,1.0613,1.00,4.00
2007.08.14 14:05:17.629,1.0612,1.0614,1.20,9.80
2007.08.14 14:05:17.644,1.0612,1.0614,1.20,7.40
2007.08.14 14:05:17.740,1.0612,1.0614,1.30,7.40
2007.08.14 14:05:17.984,1.0612,1.0614,1.70,7.40
2007.08.14 14:05:18.107,1.0612,1.0614,1.70,6.60
2007.08.14 14:05:18.209,1.0612,1.0614,1.70,5.80
2007.08.14 14:05:18.742,1.0612,1.0614,2.00,5.80
2007.08.14 14:05:19.194,1.0612,1.0614,4.40,5.80
2007.08.14 14:05:19.237,1.0612,1.0614,16.30,5.80
2007.08.14 14:05:21.429,1.0612,1.0614,12.30,9.80
2007.08.14 14:05:21.451,1.0612,1.0614,9.90,9.80
2007.08.14 14:05:21.632,1.0612,1.0614,1.80,17.70
2007.08.14 14:05:21.844,1.0612,1.0614,1.70,17.70
2007.08.14 14:05:21.953,1.0612,1.0614,1.90,17.70
2007.08.14 14:05:22.282,1.0612,1.0614,2.00,17.70
2007.08.14 14:05:22.382,1.0612,1.0614,3.60,17.70
2007.08.14 14:05:22.404,1.0612,1.0614,4.40,17.70
2007.08.14 14:05:22.615,1.0612,1.0614,4.40,17.90
2007.08.14 14:05:22.681,1.0612,1.0614,12.30,10.00
2007.08.14 14:05:22.795,1.0612,1.0614,12.30,17.80
2007.08.14 14:05:22.994,1.0612,1.0614,12.40,17.80
2007.08.14 14:05:23.333,1.0612,1.0614,12.40,0.60
2007.08.14 14:05:23.833,1.0612,1.0614,12.40,0.60
2007.08.14 14:05:26.757,1.0612,1.0615,4.40,37.50
2007.08.14 14:05:26.942,1.0612,1.0615,4.40,38.20
2007.08.14 14:05:27.061,1.0612,1.0615,4.40,38.20
2007.08.14 14:05:27.470,1.0612,1.0615,3.90,38.20
2007.08.14 14:05:27.566,1.0612,1.0615,4.20,38.40
2007.08.14 14:05:27.995,1.0612,1.0614,4.40,0.50
2007.08.14 14:05:28.107,1.0612,1.06145,4.40,24.90
2007.08.14 14:05:28.371,1.0612,1.0614,3.60,0.50
2007.08.14 14:05:28.404,1.0612,1.0614,1.80,0.50
2007.08.14 14:05:28.474,1.0612,1.0614,1.80,0.80
2007.08.14 14:05:28.517,1.0612,1.06145,1.60,27.70
2007.08.14 14:05:28.571,1.0612,1.06145,1.60,29.30
2007.08.14 14:05:28.606,1.0612,1.0614,1.60,32.50
2007.08.14 14:05:28.739,1.06115,1.0614,1.60,39.00
2007.08.14 14:05:28.825,1.06115,1.0614,1.60,41.90
2007.08.14 14:05:28.885,1.06115,1.0614,1.60,42.50
2007.08.14 14:05:28.926,1.06115,1.0614,1.60,42.50
2007.08.14 14:05:29.106,1.0611,1.0613,8.80,0.70
2007.08.14 14:05:29.132,1.0611,1.0614,4.00,44.10
2007.08.14 14:05:29.850,1.0611,1.0613,4.00,0.70
2007.08.14 14:05:34.289,1.06105,1.06135,1.60,34.50
2007.08.14 14:05:36.751,1.06105,1.0612,1.60,0.70
2007.08.14 14:05:38.109,1.06105,1.0613,1.60,0.80
2007.08.14 14:05:38.213,1.0611,1.0614,0.80,28.50
2007.08.14 14:05:38.251,1.0611,1.0614,1.60,29.30
2007.08.14 14:05:38.310,1.0612,1.0614,0.80,29.30
2007.08.14 14:05:38.523,1.06115,1.0614,1.60,31.70
2007.08.14 14:05:38.562,1.06115,1.0612,1.60,0.50
2007.08.14 14:05:38.620,1.06105,1.0611,1.60,0.60
2007.08.14 14:05:38.653,1.06105,1.0611,1.60,0.90
2007.08.14 14:05:38.665,1.0609,1.0611,21.40,0.90
2007.08.14 14:05:38.726,1.0609,1.06115,16.90,12.30
2007.08.14 14:05:38.826,1.0609,1.06115,14.40,14.90
2007.08.14 14:05:38.854,1.0609,1.06115,14.40,15.70
2007.08.14 14:05:38.937,1.0609,1.0611,12.80,0.60
2007.08.14 14:05:39.028,1.0609,1.06115,8.80,17.10
2007.08.14 14:05:39.147,1.0609,1.061,4.80,0.50
2007.08.14 14:05:39.218,1.0608,1.0609,35.90,0.10
2007.08.14 14:05:39.497,1.0608,1.0609,35.10,0.10
2007.08.14 14:05:39.563,1.0608,1.061,34.30,4.10
2007.08.14 14:05:39.570,1.0608,1.0609,27.90,0.10
2007.08.14 14:05:39.720,1.0608,1.061,15.90,4.10
2007.08.14 14:05:39.751,1.0608,1.0611,15.90,49.40
2007.08.14 14:05:39.774,1.0608,1.0611,11.90,49.40
2007.08.14 14:05:39.870,1.0608,1.0611,11.90,45.50
2007.08.14 14:05:39.981,1.0608,1.061,7.90,0.50
2007.08.14 14:05:40.083,1.0608,1.0611,11.90,45.50
2007.08.14 14:05:40.192,1.0608,1.061,15.90,0.80
2007.08.14 14:05:40.536,1.0608,1.0611,15.90,46.30
2007.08.14 14:05:40.599,1.0608,1.061,11.90,0.70
2007.08.14 14:05:40.693,1.0608,1.061,11.90,0.80
2007.08.14 14:05:40.797,1.0608,1.061,11.90,0.80
2007.08.14 14:05:40.835,1.0608,1.061,11.90,0.80
2007.08.14 14:05:40.904,1.0608,1.0611,11.90,46.90
2007.08.14 14:05:41.118,1.0608,1.0611,15.90,43.70
2007.08.14 14:05:41.224,1.0608,1.0611,15.90,47.60
2007.08.14 14:05:41.321,1.0608,1.0611,15.90,43.70
2007.08.14 14:05:41.757,1.0608,1.0611,15.90,46.60
2007.08.14 14:05:41.968,1.0608,1.061,11.90,0.70
2007.08.14 14:05:42.072,1.0608,1.0611,13.00,37.50
2007.08.14 14:05:42.170,1.0609,1.0612,1.60,61.40
2007.08.14 14:05:42.192,1.0609,1.0612,1.60,56.60
2007.08.14 14:05:42.278,1.0609,1.0611,1.60,0.50
2007.08.14 14:05:42.381,1.0609,1.06115,21.70,6.90
2007.08.14 14:05:42.388,1.0609,1.0611,21.70,0.50
2007.08.14 14:05:42.441,1.0609,1.0612,22.50,36.10
2007.08.14 14:05:42.476,1.0609,1.0611,23.50,0.90
2007.08.14 14:05:42.594,1.061,1.0611,4.00,0.90
2007.08.14 14:05:42.601,1.061,1.0612,4.00,42.40
2007.08.14 14:05:42.674,1.061,1.0612,4.00,0.70
2007.08.14 14:05:42.685,1.061,1.06125,4.00,20.30
2007.08.14 14:05:42.795,1.061,1.0613,4.00,33.90
2007.08.14 14:05:42.890,1.061,1.0613,4.00,27.20
2007.08.14 14:05:42.945,1.061,1.0613,4.00,26.40
2007.08.14 14:05:43.093,1.061,1.0612,4.00,0.50
2007.08.14 14:05:43.198,1.061,1.0612,4.00,0.50
2007.08.14 14:05:43.511,1.061,1.0613,4.10,22.20
2007.08.14 14:05:43.621,1.0611,1.0612,4.00,0.80
2007.08.14 14:05:43.723,1.0611,1.0613,4.00,37.00
2007.08.14 14:05:43.839,1.0611,1.06125,4.00,5.30
2007.08.14 14:05:44.340,1.0611,1.06125,4.00,5.10
2007.08.14 14:05:45.162,1.061,1.06125,23.90,4.50
2007.08.14 14:05:45.171,1.061,1.06125,15.90,0.50
2007.08.14 14:05:45.291,1.0612,1.06125,4.00,0.50
2007.08.14 14:05:45.317,1.0612,1.0613,4.00,0.80
2007.08.14 14:05:45.389,1.0612,1.0614,4.00,22.70
2007.08.14 14:05:45.566,1.0611,1.0614,2.40,24.80
2007.08.14 14:05:45.664,1.0611,1.0614,2.40,31.20
2007.08.14 14:05:45.685,1.06105,1.0614,5.60,50.70
2007.08.14 14:05:45.854,1.06105,1.0613,5.60,13.40
2007.08.14 14:05:45.872,1.061,1.0612,8.00,0.30
2007.08.14 14:05:45.900,1.061,1.06125,25.70,5.50
2007.08.14 14:05:45.994,1.061,1.06125,25.70,6.60
2007.08.14 14:05:46.080,1.061,1.0612,25.70,0.80
2007.08.14 14:05:46.102,1.061,1.06125,23.90,7.40
2007.08.14 14:05:46.116,1.061,1.06125,23.90,9.00
2007.08.14 14:05:46.200,1.061,1.06125,19.90,13.80
2007.08.14 14:05:46.315,1.061,1.06125,11.90,13.80
2007.08.14 14:05:46.451,1.061,1.06125,11.90,14.60
2007.08.14 14:05:48.184,1.061,1.06125,11.90,12.20
2007.08.14 14:05:48.193,1.061,1.06125,15.90,5.90
2007.08.14 14:05:48.443,1.061,1.0612,15.90,0.90
2007.08.14 14:05:48.650,1.0611,1.06125,4.00,5.10
2007.08.14 14:05:51.114,1.06105,1.06125,1.60,5.10
2007.08.14 14:05:51.138,1.061,1.0612,29.60,0.60
2007.08.14 14:05:51.203,1.061,1.06125,22.80,5.10
2007.08.14 14:05:51.317,1.061,1.06125,30.80,5.10
2007.08.14 14:05:51.518,1.061,1.0612,29.50,4.00
2007.08.14 14:05:51.614,1.061,1.0612,25.50,4.00
2007.08.14 14:05:51.722,1.061,1.0612,24.70,4.00
2007.08.14 14:05:51.988,1.061,1.0612,23.90,4.00
2007.08.14 14:05:52.042,1.061,1.0612,24.70,4.00
2007.08.14 14:05:52.054,1.061,1.0612,26.00,4.00
2007.08.14 14:05:52.147,1.061,1.0612,26.80,4.00
2007.08.14 14:05:55.127,1.061,1.0612,28.60,4.00
2007.08.14 14:05:55.136,1.0611,1.0612,4.00,4.00
2007.08.14 14:05:56.370,1.0612,1.06125,0.20,1.10
2007.08.14 14:05:56.462,1.0611,1.0612,4.00,4.00
2007.08.14 14:05:56.689,1.0611,1.06125,4.00,1.10
2007.08.14 14:06:00.329,1.0611,1.06125,4.00,0.50
2007.08.14 14:06:00.419,1.0611,1.0613,4.80,4.50
2007.08.14 14:06:00.439,1.0612,1.0613,0.40,4.50
2007.08.14 14:06:01.157,1.0612,1.0613,0.40,4.00
2007.08.14 14:06:01.258,1.0611,1.0613,5.60,4.00
2007.08.14 14:06:01.272,1.0611,1.0613,4.80,4.00
2007.08.14 14:06:01.343,1.0611,1.0613,4.00,4.00
2007.08.14 14:06:01.489,1.0612,1.0613,0.40,4.00
2007.08.14 14:06:02.512,1.0611,1.0613,4.80,4.00
2007.08.14 14:06:02.586,1.0611,1.0613,4.00,4.00
2007.08.14 14:06:02.604,1.06105,1.0613,1.60,4.00
2007.08.14 14:06:02.703,1.0612,1.0613,4.00,4.00
2007.08.14 14:06:02.936,1.0612,1.0613,4.30,4.00
2007.08.14 14:06:03.413,1.0612,1.06135,4.30,5.10
2007.08.14 14:06:05.160,1.0612,1.0613,0.40,0.60
2007.08.14 14:06:05.221,1.0612,1.06135,0.40,0.60
2007.08.14 14:06:05.344,1.0612,1.0614,0.80,14.90
2007.08.14 14:06:05.374,1.0612,1.0614,1.60,14.10
2007.08.14 14:06:05.426,1.0612,1.06135,2.40,0.70
2007.08.14 14:06:05.462,1.0612,1.0614,3.80,6.40
2007.08.14 14:06:05.678,1.0613,1.06135,4.00,0.70
2007.08.14 14:06:12.670,1.0612,1.0614,0.80,15.60
2007.08.14 14:06:12.697,1.0612,1.0613,0.70,0.80
2007.08.14 14:06:12.786,1.0612,1.06135,4.70,1.90
2007.08.14 14:06:12.801,1.0612,1.06135,4.00,5.90
2007.08.14 14:06:12.927,1.0612,1.06135,4.00,9.30
2007.08.14 14:06:12.975,1.0612,1.06135,4.00,10.30
2007.08.14 14:06:13.065,1.06105,1.06135,1.60,10.30
2007.08.14 14:06:13.284,1.06105,1.06135,1.60,10.60
2007.08.14 14:06:13.320,1.06105,1.06135,1.60,11.20
2007.08.14 14:06:13.701,1.06105,1.06135,1.60,12.10
2007.08.14 14:06:13.727,1.06105,1.0613,1.60,0.90
2007.08.14 14:06:13.830,1.06105,1.0613,1.60,0.50
2007.08.14 14:06:14.747,1.06105,1.06135,1.60,14.50
2007.08.14 14:06:14.766,1.06105,1.0613,1.60,0.80
2007.08.14 14:06:14.869,1.0612,1.0613,4.00,0.60
2007.08.14 14:06:14.964,1.0612,1.0613,4.00,0.50
2007.08.14 14:06:14.982,1.0612,1.0613,4.00,0.80
2007.08.14 14:06:20.253,1.0612,1.0614,4.00,21.80
2007.08.14 14:06:20.369,1.0612,1.0614,1.80,20.20
2007.08.14 14:06:20.452,1.06105,1.0613,1.60,0.90
2007.08.14 14:06:20.493,1.0611,1.0613,1.80,0.50
2007.08.14 14:06:20.684,1.0611,1.0614,1.80,34.40
2007.08.14 14:06:20.760,1.0611,1.0613,1.80,0.80
2007.08.14 14:06:20.835,1.0611,1.0613,1.80,0.70
2007.08.14 14:06:22.207,1.06105,1.06135,1.60,11.90
2007.08.14 14:06:22.240,1.0612,1.06135,1.80,29.40
2007.08.14 14:06:22.333,1.0612,1.06135,1.80,12.80
2007.08.14 14:06:22.442,1.0612,1.0614,1.80,42.70
2007.08.14 14:06:24.675,1.0611,1.0614,22.50,41.10
2007.08.14 14:06:24.733,1.0611,1.0614,1.80,24.90
2007.08.14 14:06:24.842,1.0611,1.0613,1.80,0.80
2007.08.14 14:06:24.877,1.0611,1.0613,1.80,0.60
2007.08.14 14:06:24.884,1.0611,1.0613,1.80,0.70
2007.08.14 14:06:25.048,1.0611,1.06135,1.80,13.60
2007.08.14 14:06:28.195,1.0611,1.06135,2.60,12.80
2007.08.14 14:06:28.407,1.0611,1.06135,2.60,13.60
2007.08.14 14:06:29.065,1.0611,1.06135,2.60,12.80
2007.08.14 14:06:29.272,1.0611,1.06135,2.60,12.70
2007.08.14 14:06:29.530,1.0611,1.06135,2.60,13.50
2007.08.14 14:06:29.912,1.0611,1.0613,2.60,30.20
2007.08.14 14:06:30.405,1.06105,1.0613,1.60,32.60
2007.08.14 14:06:30.585,1.061,1.0612,38.80,0.80
2007.08.14 14:06:30.785,1.061,1.0612,35.10,0.80
2007.08.14 14:06:30.874,1.061,1.0612,28.80,0.70
2007.08.14 14:06:30.985,1.061,1.0613,28.40,43.20
2007.08.14 14:06:31.099,1.061,1.0613,27.30,43.80
2007.08.14 14:06:31.208,1.061,1.0613,23.30,46.00
2007.08.14 14:06:31.776,1.061,1.06125,23.30,11.20
2007.08.14 14:06:31.885,1.061,1.0612,7.40,0.60
2007.08.14 14:06:31.925,1.061,1.06125,6.60,27.10
2007.08.14 14:06:31.977,1.061,1.06125,6.60,30.00
2007.08.14 14:06:32.050,1.061,1.06125,6.60,31.60
2007.08.14 14:06:32.187,1.061,1.06125,2.60,39.00
2007.08.14 14:06:32.307,1.061,1.0611,2.60,0.60
2007.08.14 14:06:34.083,1.061,1.0611,3.40,4.00
2007.08.14 14:06:36.759,1.0609,1.0611,37.30,4.00
2007.08.14 14:06:36.799,1.0609,1.0611,5.00,4.00
2007.08.14 14:06:36.851,1.0609,1.0611,4.20,4.00
2007.08.14 14:06:36.864,1.0609,1.0611,3.40,4.00
2007.08.14 14:06:36.884,1.0609,1.0611,3.40,4.20
2007.08.14 14:06:37.261,1.0608,1.0611,19.30,6.60
2007.08.14 14:06:37.310,1.0608,1.061,39.30,4.00
2007.08.14 14:06:37.465,1.0608,1.061,40.50,4.00
2007.08.14 14:06:37.563,1.0608,1.061,36.50,4.00
2007.08.14 14:06:37.576,1.0608,1.061,32.50,4.00
2007.08.14 14:06:37.670,1.0608,1.061,30.90,4.00
2007.08.14 14:06:37.773,1.0608,1.061,29.10,4.00
2007.08.14 14:06:38.192,1.0608,1.061,29.00,4.00
2007.08.14 14:06:38.393,1.0608,1.061,28.90,4.00
2007.08.14 14:06:39.207,1.0609,1.061,3.40,4.00
2007.08.14 14:06:40.027,1.0609,1.061,4.00,4.00
2007.08.14 14:06:40.798,1.0609,1.0611,4.00,4.00
2007.08.14 14:06:41.002,1.0609,1.0611,5.20,4.00
2007.08.14 14:06:41.159,1.0609,1.0611,6.00,4.00
2007.08.14 14:06:41.197,1.0609,1.0611,6.80,4.00
2007.08.14 14:06:41.625,1.0609,1.0611,14.70,4.00
2007.08.14 14:06:41.630,1.061,1.0611,4.00,4.00
2007.08.14 14:06:41.783,1.0609,1.0611,10.70,4.00
2007.08.14 14:06:41.836,1.0609,1.0611,16.80,4.00
2007.08.14 14:06:41.947,1.0609,1.0611,17.00,4.00
2007.08.14 14:06:41.989,1.0609,1.0611,18.60,4.00
2007.08.14 14:06:42.043,1.0609,1.0611,18.80,4.00
2007.08.14 14:06:42.948,1.0609,1.0612,19.00,9.60
2007.08.14 14:06:43.303,1.0609,1.0612,18.80,9.90
2007.08.14 14:06:43.420,1.0609,1.0612,18.80,9.60
2007.08.14 14:06:43.605,1.0609,1.0612,18.60,9.90
2007.08.14 14:06:44.022,1.0609,1.0612,18.60,9.60
2007.08.14 14:06:44.221,1.0609,1.0612,19.00,9.60
2007.08.14 14:06:44.744,1.0609,1.0612,19.00,11.20
2007.08.14 14:06:44.818,1.061,1.0612,4.00,11.20
2007.08.14 14:06:44.847,1.061,1.0611,4.00,3.20
2007.08.14 14:06:44.964,1.061,1.0611,4.00,15.20
2007.08.14 14:06:45.051,1.061,1.0611,4.00,17.60
2007.08.14 14:06:45.161,1.061,1.0611,4.00,18.00
2007.08.14 14:06:45.343,1.061,1.0611,4.00,18.80
2007.08.14 14:06:45.381,1.061,1.0611,4.00,20.40
2007.08.14 14:06:45.491,1.061,1.0611,4.00,24.40
2007.08.14 14:06:45.746,1.0609,1.0611,18.30,24.40
2007.08.14 14:06:45.903,1.0609,1.0611,6.40,11.80
2007.08.14 14:06:46.113,1.0609,1.0611,6.40,12.10
2007.08.14 14:06:46.254,1.0609,1.0611,4.00,12.10
2007.08.14 14:06:46.723,1.0609,1.0611,4.00,12.90
2007.08.14 14:06:46.887,1.0609,1.0611,4.00,18.50
2007.08.14 14:06:47.012,1.0609,1.0611,4.00,17.70
2007.08.14 14:06:47.421,1.0609,1.0611,4.00,16.10
2007.08.14 14:06:47.580,1.0609,1.06105,4.00,0.80
2007.08.14 14:06:47.746,1.0609,1.0611,4.00,16.10
2007.08.14 14:06:47.810,1.0608,1.0611,14.70,16.10
2007.08.14 14:06:47.867,1.0608,1.0611,23.20,14.00
2007.08.14 14:06:47.954,1.0608,1.0611,24.00,9.20
2007.08.14 14:06:48.100,1.0608,1.0611,24.00,8.40
2007.08.14 14:06:48.178,1.0608,1.0611,20.00,8.40
2007.08.14 14:06:48.211,1.0608,1.0611,20.80,8.40
2007.08.14 14:06:50.212,1.0608,1.0611,21.60,7.60
2007.08.14 14:06:50.331,1.061,1.0611,4.00,4.00
2007.08.14 14:06:51.059,1.061,1.0612,4.00,22.20
2007.08.14 14:06:51.165,1.061,1.0612,4.00,21.40
2007.08.14 14:06:51.213,1.061,1.0612,4.00,19.80
2007.08.14 14:06:51.372,1.061,1.0612,11.90,20.50
2007.08.14 14:06:51.488,1.061,1.0612,11.90,19.80
2007.08.14 14:06:52.216,1.061,1.0612,11.90,19.00
2007.08.14 14:06:52.225,1.061,1.0612,11.90,18.20
2007.08.14 14:06:52.255,1.0611,1.0612,4.00,18.20
2007.08.14 14:06:52.276,1.0611,1.0612,4.00,17.40
2007.08.14 14:06:52.308,1.0611,1.0612,4.00,14.20
2007.08.14 14:06:52.360,1.0611,1.0612,4.00,13.40
2007.08.14 14:06:52.428,1.0611,1.0612,4.00,9.60
2007.08.14 14:06:52.630,1.0611,1.0612,4.00,19.20
2007.08.14 14:06:52.728,1.0611,1.0612,4.00,15.20
2007.08.14 14:06:52.820,1.0611,1.0612,4.00,7.20
2007.08.14 14:06:52.941,1.0611,1.0612,4.00,4.80
2007.08.14 14:06:52.986,1.0611,1.0612,4.00,0.80
2007.08.14 14:06:53.145,1.0611,1.06125,4.00,4.00
2007.08.14 14:06:53.175,1.061,1.06125,11.90,4.00
2007.08.14 14:06:53.351,1.0612,1.06125,4.00,4.00
2007.08.14 14:06:53.753,1.0612,1.0613,4.00,26.30
2007.08.14 14:06:53.885,1.0612,1.0613,4.00,24.50
2007.08.14 14:06:53.910,1.0612,1.0613,4.00,16.50
2007.08.14 14:06:53.977,1.0612,1.0613,4.00,16.40
2007.08.14 14:06:54.122,1.0612,1.0613,4.00,12.40
2007.08.14 14:06:56.365,1.0611,1.0613,4.00,20.30
2007.08.14 14:06:56.760,1.0611,1.0612,4.00,4.00
2007.08.14 14:06:56.786,1.061,1.0612,30.40,4.00
2007.08.14 14:06:56.878,1.061,1.0612,24.60,4.00
2007.08.14 14:06:56.933,1.061,1.0612,23.80,4.00
2007.08.14 14:06:56.966,1.061,1.0612,30.30,4.00
2007.08.14 14:06:57.078,1.061,1.0612,22.30,4.00
2007.08.14 14:06:57.292,1.061,1.0612,18.30,4.00
2007.08.14 14:06:57.514,1.061,1.0612,6.80,4.00
2007.08.14 14:06:59.754,1.0611,1.0612,2.40,4.00
2007.08.14 14:06:59.784,1.061,1.0613,26.30,26.20
2007.08.14 14:06:59.870,1.0611,1.0613,2.40,28.10
2007.08.14 14:07:00.017,1.0611,1.0613,1.90,27.30
2007.08.14 14:07:00.192,1.0611,1.0613,0.70,20.50
2007.08.14 14:07:00.292,1.061,1.0613,43.20,19.90
2007.08.14 14:07:00.310,1.0611,1.0613,1.70,19.10
2007.08.14 14:07:00.639,1.0611,1.0613,1.90,18.30
2007.08.14 14:07:00.818,1.061,1.0613,46.80,2.40
2007.08.14 14:07:00.918,1.061,1.0614,50.80,43.30
2007.08.14 14:07:00.982,1.061,1.0614,51.60,43.30
2007.08.14 14:07:01.019,1.0611,1.0614,6.20,43.30
2007.08.14 14:07:01.122,1.0611,1.0614,7.20,40.90
2007.08.14 14:07:01.282,1.0611,1.0614,7.20,40.90
2007.08.14 14:07:01.343,1.0611,1.0614,26.10,35.60
2007.08.14 14:07:01.359,1.0611,1.0614,26.90,35.60
2007.08.14 14:07:01.399,1.0611,1.0614,27.70,35.60
2007.08.14 14:07:01.451,1.0612,1.0614,2.40,31.40
2007.08.14 14:07:01.620,1.0611,1.0614,27.70,27.40
2007.08.14 14:07:01.763,1.0611,1.0614,31.70,22.20
2007.08.14 14:07:01.808,1.0612,1.0614,3.50,21.40
2007.08.14 14:07:01.926,1.0611,1.0614,38.10,20.60
2007.08.14 14:07:01.959,1.0612,1.0614,0.80,9.70
2007.08.14 14:07:02.185,1.0611,1.0614,41.80,8.90
2007.08.14 14:07:02.251,1.0611,1.0614,42.60,8.80
2007.08.14 14:07:02.317,1.0613,1.0614,0.60,8.80
2007.08.14 14:07:02.374,1.0613,1.0614,1.80,4.80
2007.08.14 14:07:02.581,1.0612,1.0614,30.30,0.80
2007.08.14 14:07:02.881,1.0613,1.0614,2.20,0.80
2007.08.14 14:07:03.315,1.0612,1.0614,47.40,0.80
2007.08.14 14:07:03.410,1.0613,1.0614,2.30,0.80
2007.08.14 14:07:04.655,1.0612,1.0614,52.40,0.80
2007.08.14 14:07:05.240,1.0612,1.0614,50.80,0.80
2007.08.14 14:07:05.275,1.0612,1.0614,49.50,0.80
2007.08.14 14:07:07.801,1.0613,1.0614,1.10,0.80
2007.08.14 14:07:07.895,1.0612,1.0614,50.40,0.80
2007.08.14 14:07:07.904,1.0612,1.0614,48.80,0.80
2007.08.14 14:07:08.380,1.0612,1.0614,42.00,0.80
2007.08.14 14:07:08.804,1.0612,1.0614,37.10,0.80
2007.08.14 14:07:09.327,1.0612,1.0614,46.00,0.80
2007.08.14 14:07:11.297,1.0612,1.0614,30.00,0.90
2007.08.14 14:07:11.414,1.0613,1.0614,0.80,1.00
2007.08.14 14:07:13.323,1.06115,1.0614,32.00,1.00
2007.08.14 14:07:13.392,1.0612,1.0614,1.90,26.60
2007.08.14 14:07:13.534,1.0612,1.0614,1.10,27.40
2007.08.14 14:07:13.592,1.0612,1.0614,3.80,31.70
2007.08.14 14:07:13.694,1.0612,1.0614,2.40,32.00
2007.08.14 14:07:13.721,1.0611,1.0614,50.30,32.80
2007.08.14 14:07:14.009,1.0612,1.0614,3.10,32.80
2007.08.14 14:07:14.282,1.0611,1.0613,50.30,0.30
2007.08.14 14:07:15.896,1.0612,1.0614,2.90,33.60
2007.08.14 14:07:15.945,1.0612,1.0614,1.30,37.60
2007.08.14 14:07:16.050,1.0612,1.0614,2.40,33.60
2007.08.14 14:07:16.158,1.0611,1.0614,41.50,33.50
2007.08.14 14:07:16.672,1.0611,1.0613,41.50,0.07
2007.08.14 14:07:19.015,1.0612,1.0613,1.20,0.07
2007.08.14 14:07:19.379,1.0612,1.0614,1.60,36.70
2007.08.14 14:07:19.489,1.0611,1.0614,41.50,36.90
2007.08.14 14:07:19.677,1.0611,1.0613,37.50,4.00
2007.08.14 14:07:19.739,1.06105,1.0613,39.10,4.00
2007.08.14 14:07:19.810,1.0611,1.0613,8.70,4.00
2007.08.14 14:07:19.839,1.0611,1.0613,12.20,4.00
2007.08.14 14:07:20.008,1.0611,1.0613,8.00,4.40
2007.08.14 14:07:20.348,1.0611,1.0613,19.90,4.40
2007.08.14 14:07:20.412,1.0611,1.0613,19.30,4.20
2007.08.14 14:07:20.531,1.0611,1.0613,31.30,4.00
2007.08.14 14:07:23.110,1.0612,1.0613,2.00,4.00
2007.08.14 14:07:23.265,1.06105,1.0613,38.50,4.00
2007.08.14 14:07:23.324,1.0611,1.0613,16.20,0.07
2007.08.14 14:07:23.446,1.0612,1.0613,25.60,0.07
2007.08.14 14:07:27.161,1.0613,1.0614,4.00,4.80
2007.08.14 14:07:29.329,1.0612,1.0614,39.90,5.60
2007.08.14 14:07:29.360,1.0612,1.0614,8.80,6.60
2007.08.14 14:07:29.453,1.0612,1.0614,5.70,8.90
2007.08.14 14:07:29.537,1.0612,1.0614,4.90,8.90
2007.08.14 14:07:29.556,1.0612,1.0614,4.80,9.00
2007.08.14 14:07:29.612,1.0612,1.0614,4.00,9.80
2007.08.14 14:07:29.862,1.0612,1.0613,4.00,4.00
2007.08.14 14:07:30.257,1.0611,1.0613,39.90,4.00
2007.08.14 14:07:30.361,1.0611,1.0613,37.50,4.00
2007.08.14 14:07:30.392,1.0611,1.0613,31.90,4.00
2007.08.14 14:07:30.809,1.0611,1.0613,27.90,4.00
2007.08.14 14:07:31.335,1.0611,1.0613,23.90,4.00
2007.08.14 14:07:33.892,1.0612,1.0613,4.10,4.00
2007.08.14 14:07:34.002,1.0612,1.0613,4.30,4.00
2007.08.14 14:07:34.061,1.0612,1.0613,5.10,4.00
2007.08.14 14:07:34.074,1.0612,1.0613,5.90,4.00
2007.08.14 14:07:34.102,1.0612,1.0613,6.20,4.00
2007.08.14 14:07:34.280,1.0612,1.0613,10.20,4.00
2007.08.14 14:07:34.302,1.0612,1.0613,11.20,4.00
2007.08.14 14:07:35.310,1.0613,1.0614,4.00,22.40
2007.08.14 14:07:35.346,1.0612,1.0613,10.40,0.07
2007.08.14 14:07:35.471,1.0613,1.0614,4.40,7.20
2007.08.14 14:07:35.551,1.0613,1.0614,4.40,4.80
2007.08.14 14:07:36.298,1.0613,1.0614,4.70,4.80
2007.08.14 14:07:36.916,1.0613,1.0614,5.80,4.80
2007.08.14 14:07:36.933,1.0613,1.0614,6.60,4.80
2007.08.14 14:07:36.960,1.0613,1.0614,7.40,4.80
2007.08.14 14:07:37.009,1.0613,1.0614,7.60,4.80
2007.08.14 14:07:37.139,1.0613,1.0614,7.90,4.80
2007.08.14 14:07:37.422,1.0613,1.0614,8.30,4.80
2007.08.14 14:07:37.541,1.0613,1.0614,8.00,4.80
2007.08.14 14:07:38.059,1.0613,1.0614,7.90,4.80
2007.08.14 14:07:38.401,1.0614,1.0615,4.00,17.60
2007.08.14 14:07:40.526,1.0614,1.0615,6.40,4.00
2007.08.14 14:07:40.633,1.0614,1.0615,7.60,4.00
2007.08.14 14:07:40.731,1.0614,1.0615,6.70,4.00
2007.08.14 14:07:40.743,1.0614,1.0615,7.50,4.00
2007.08.14 14:07:40.774,1.0615,1.0616,4.00,28.10
2007.08.14 14:07:40.856,1.0615,1.0616,4.00,0.80
2007.08.14 14:07:40.947,1.0615,1.0616,4.60,0.80
2007.08.14 14:07:41.044,1.0615,1.0616,5.40,0.80
2007.08.14 14:07:41.057,1.0615,1.0616,7.40,0.80
2007.08.14 14:07:41.188,1.0615,1.0616,8.20,0.80
2007.08.14 14:07:41.568,1.0615,1.0616,8.30,0.80
2007.08.14 14:07:43.764,1.0615,1.0617,8.30,4.00
2007.08.14 14:07:43.776,1.0616,1.0617,0.80,4.00
2007.08.14 14:07:43.853,1.0616,1.0617,2.80,4.00
2007.08.14 14:07:43.948,1.0616,1.0618,3.60,17.60
2007.08.14 14:07:43.966,1.0616,1.0618,5.10,16.80
2007.08.14 14:07:44.059,1.0616,1.0618,6.70,16.80
2007.08.14 14:07:44.364,1.0617,1.0618,4.00,12.00
2007.08.14 14:07:44.387,1.0617,1.0618,4.00,0.80
2007.08.14 14:07:44.473,1.0617,1.0619,4.00,32.60
2007.08.14 14:07:44.554,1.0617,1.0619,4.00,29.40
2007.08.14 14:07:44.597,1.0617,1.0618,4.00,0.50
2007.08.14 14:07:44.777,1.0617,1.0619,4.60,26.60
2007.08.14 14:07:44.819,1.0617,1.0618,5.40,0.50
2007.08.14 14:07:44.905,1.0617,1.0619,6.20,26.50
2007.08.14 14:07:44.979,1.0617,1.0619,7.00,26.50
2007.08.14 14:07:45.421,1.0617,1.0619,8.00,30.50
2007.08.14 14:07:45.469,1.0617,1.0618,8.80,0.50
2007.08.14 14:07:45.736,1.0617,1.0618,9.60,0.90
2007.08.14 14:07:46.769,1.0617,1.0619,10.50,29.70
2007.08.14 14:07:47.177,1.0617,1.0619,10.10,32.10
2007.08.14 14:07:47.364,1.0617,1.0619,10.90,32.10
2007.08.14 14:07:47.381,1.0618,1.0619,4.80,28.80
2007.08.14 14:07:47.391,1.0618,1.06195,5.60,0.90
2007.08.14 14:07:47.508,1.0618,1.06195,7.20,0.50
2007.08.14 14:07:47.597,1.0618,1.062,7.60,7.20
2007.08.14 14:07:47.622,1.0618,1.0621,10.00,29.90
2007.08.14 14:07:47.788,1.0619,1.0621,4.00,28.30
2007.08.14 14:07:48.195,1.0619,1.0621,4.80,25.10
2007.08.14 14:07:48.209,1.0619,1.062,6.80,0.50
2007.08.14 14:07:48.232,1.0619,1.0621,10.80,8.40
2007.08.14 14:07:48.333,1.0619,1.0621,11.10,32.10
2007.08.14 14:07:48.477,1.0619,1.0621,11.50,32.10
2007.08.14 14:07:48.635,1.0619,1.0621,11.40,32.10
2007.08.14 14:07:49.097,1.0619,1.0621,11.40,31.30
2007.08.14 14:07:49.170,1.0619,1.0621,11.60,31.30
2007.08.14 14:07:49.684,1.0619,1.062,10.10,0.90
2007.08.14 14:07:49.761,1.0619,1.062,8.50,0.90
2007.08.14 14:07:49.787,1.0619,1.0621,7.90,31.30
2007.08.14 14:07:49.882,1.0619,1.06215,11.30,11.20
2007.08.14 14:07:49.997,1.0619,1.06215,11.60,11.20
2007.08.14 14:07:50.352,1.0619,1.0621,12.40,0.70
2007.08.14 14:07:50.367,1.062,1.0622,4.00,12.80
2007.08.14 14:07:50.403,1.0621,1.0623,0.60,40.90
2007.08.14 14:07:50.479,1.0621,1.0622,1.20,0.90
2007.08.14 14:07:50.516,1.0621,1.0622,3.40,0.60
2007.08.14 14:07:50.690,1.0621,1.0622,4.20,0.60
2007.08.14 14:07:50.886,1.0621,1.0623,8.20,30.60
2007.08.14 14:07:50.902,1.0621,1.0622,8.40,0.70
2007.08.14 14:07:51.453,1.0621,1.0622,8.40,0.90
2007.08.14 14:07:51.504,1.0621,1.06225,4.40,6.40
2007.08.14 14:07:51.543,1.0621,1.0622,4.10,0.60
2007.08.14 14:07:51.644,1.0621,1.06225,3.30,6.40
2007.08.14 14:07:51.682,1.0621,1.06225,2.50,10.40
2007.08.14 14:07:51.707,1.0621,1.06225,1.70,10.40
2007.08.14 14:07:51.753,1.0621,1.06225,0.80,10.40
2007.08.14 14:07:51.864,1.0621,1.06225,0.60,10.40
2007.08.14 14:07:52.166,1.0621,1.06225,0.40,10.40
2007.08.14 14:07:52.478,1.0621,1.0622,0.30,17.00
2007.08.14 14:07:52.680,1.0621,1.0622,0.20,16.90
2007.08.14 14:07:54.035,1.062,1.0622,5.60,25.10
2007.08.14 14:07:54.117,1.062,1.0621,4.80,0.60
2007.08.14 14:07:54.373,1.062,1.0622,4.00,25.10
2007.08.14 14:07:55.470,1.0619,1.0622,25.20,17.90
2007.08.14 14:07:55.520,1.0621,1.06225,4.00,9.90
2007.08.14 14:07:55.612,1.0621,1.0622,4.00,0.70
2007.08.14 14:07:55.830,1.0621,1.0622,4.00,0.80
2007.08.14 14:07:55.859,1.0621,1.0622,4.00,0.70
2007.08.14 14:07:55.923,1.0621,1.0623,4.00,42.60
2007.08.14 14:07:56.391,1.062,1.0623,20.70,43.40
2007.08.14 14:07:56.434,1.062,1.0622,4.00,0.70
2007.08.14 14:07:56.481,1.062,1.0622,4.00,0.90
2007.08.14 14:07:56.548,1.062,1.06225,4.00,11.20
2007.08.14 14:07:56.594,1.062,1.06225,4.00,12.00
2007.08.14 14:07:56.804,1.062,1.06225,4.00,13.60
2007.08.14 14:07:56.846,1.062,1.0622,4.00,0.80
2007.08.14 14:07:57.008,1.062,1.06225,4.00,12.60
2007.08.14 14:07:57.063,1.062,1.0622,4.00,0.90
2007.08.14 14:07:57.136,1.062,1.0622,4.00,17.30
2007.08.14 14:08:00.458,1.062,1.0622,4.00,0.80
2007.08.14 14:08:03.405,1.062,1.0623,4.80,19.20
2007.08.14 14:08:03.418,1.062,1.0623,5.60,18.40
2007.08.14 14:08:03.464,1.0621,1.0622,0.50,0.90
2007.08.14 14:08:03.501,1.0621,1.0622,4.50,0.50
2007.08.14 14:08:03.559,1.0621,1.0622,4.80,0.50
2007.08.14 14:08:04.394,1.0621,1.0622,4.40,0.80
2007.08.14 14:08:04.417,1.0621,1.0623,0.50,34.70
2007.08.14 14:08:08.433,1.062,1.0622,5.60,0.60
2007.08.14 14:08:08.522,1.062,1.06225,4.80,29.50
2007.08.14 14:08:08.539,1.062,1.06225,4.80,31.90
2007.08.14 14:08:08.740,1.062,1.0622,4.00,0.50
2007.08.14 14:08:08.815,1.0619,1.06225,51.00,31.90
2007.08.14 14:08:08.959,1.0619,1.06225,29.20,9.60
2007.08.14 14:08:09.051,1.0619,1.06225,27.60,9.60
2007.08.14 14:08:09.635,1.0619,1.0622,23.60,0.60
2007.08.14 14:08:10.908,1.062,1.0622,4.00,13.60
2007.08.14 14:08:10.923,1.062,1.06215,4.00,10.40
2007.08.14 14:08:13.918,1.0618,1.0621,29.60,6.40
2007.08.14 14:08:13.948,1.0618,1.0621,25.60,6.40
2007.08.14 14:08:14.056,1.0618,1.0621,25.60,6.80
2007.08.14 14:08:14.205,1.0618,1.0621,25.60,6.40
2007.08.14 14:08:14.255,1.0618,1.0621,24.80,6.40
2007.08.14 14:08:15.092,1.0618,1.0621,24.50,6.80
2007.08.14 14:08:16.211,1.0618,1.0621,24.90,6.80
2007.08.14 14:08:16.890,1.0619,1.0621,4.00,9.20
2007.08.14 14:08:16.929,1.0619,1.0621,4.00,9.60
2007.08.14 14:08:16.936,1.0619,1.0621,4.00,14.40
2007.08.14 14:08:17.261,1.0619,1.0621,4.00,13.60
2007.08.14 14:08:17.568,1.0619,1.0621,4.00,14.40
2007.08.14 14:08:19.390,1.0618,1.0621,15.20,14.40
2007.08.14 14:08:19.433,1.0618,1.0621,22.40,13.60
2007.08.14 14:08:19.556,1.0618,1.0621,22.40,8.80
2007.08.14 14:08:19.747,1.0618,1.0621,22.40,8.80
2007.08.14 14:08:20.214,1.0618,1.06215,22.40,12.80
2007.08.14 14:08:20.355,1.0619,1.06215,0.20,12.80
2007.08.14 14:08:21.043,1.0619,1.06215,0.20,13.60
2007.08.14 14:08:21.208,1.0618,1.0621,22.40,0.50
2007.08.14 14:08:21.307,1.0618,1.0621,22.40,0.90
2007.08.14 14:08:21.606,1.0618,1.06215,21.60,14.40
2007.08.14 14:08:21.834,1.0618,1.06215,21.60,14.80
2007.08.14 14:08:21.860,1.0619,1.06215,4.00,14.80
2007.08.14 14:08:21.911,1.0619,1.0621,4.00,0.50
2007.08.14 14:08:22.038,1.0619,1.06215,4.00,16.50
2007.08.14 14:08:22.053,1.0619,1.0622,4.00,51.80
2007.08.14 14:08:22.061,1.0619,1.0621,4.00,0.60
2007.08.14 14:08:22.120,1.0619,1.0622,4.00,53.70
2007.08.14 14:08:22.255,1.0619,1.0622,4.00,53.40
2007.08.14 14:08:22.317,1.0619,1.0622,4.00,51.00
2007.08.14 14:08:22.385,1.0619,1.0622,4.00,50.20
2007.08.14 14:08:22.540,1.0619,1.0622,4.00,49.40
2007.08.14 14:08:24.027,1.0619,1.0622,4.00,47.80
2007.08.14 14:08:24.942,1.0619,1.0621,4.00,33.60
2007.08.14 14:08:25.035,1.0619,1.0621,4.00,41.00
2007.08.14 14:08:25.066,1.0619,1.06205,3.80,21.60
2007.08.14 14:08:25.143,1.0619,1.06205,3.80,25.60
2007.08.14 14:08:25.981,1.0619,1.06205,3.80,11.20
2007.08.14 14:08:29.394,1.0619,1.06205,3.80,12.00
2007.08.14 14:08:29.432,1.0619,1.062,3.80,0.90
2007.08.14 14:08:29.501,1.0618,1.06205,5.60,16.00
2007.08.14 14:08:29.823,1.0618,1.062,3.80,29.40
2007.08.14 14:08:30.013,1.0617,1.062,30.50,35.00
2007.08.14 14:08:30.518,1.0617,1.062,29.70,35.00
2007.08.14 14:08:30.551,1.0617,1.062,21.70,36.00
2007.08.14 14:08:30.631,1.0617,1.0619,20.50,0.70
2007.08.14 14:08:30.720,1.0617,1.0619,21.30,0.80
2007.08.14 14:08:30.750,1.0617,1.062,21.20,37.40
2007.08.14 14:08:30.851,1.0617,1.0619,20.40,0.70
2007.08.14 14:08:30.959,1.0617,1.062,28.30,37.90
2007.08.14 14:08:31.077,1.0617,1.062,22.70,38.60
2007.08.14 14:08:31.140,1.0618,1.0619,3.80,0.80
2007.08.14 14:08:33.205,1.0618,1.0619,4.00,0.90
2007.08.14 14:08:37.467,1.0617,1.0619,19.90,0.90
2007.08.14 14:08:37.492,1.0618,1.0621,14.30,53.10
2007.08.14 14:08:37.559,1.0618,1.0621,14.30,53.90
2007.08.14 14:08:37.583,1.0618,1.0621,14.30,60.40
2007.08.14 14:08:37.694,1.0618,1.062,14.30,0.60
2007.08.14 14:08:37.789,1.0618,1.0621,14.30,61.50
2007.08.14 14:08:37.897,1.0618,1.062,14.30,0.60
2007.08.14 14:08:37.996,1.0618,1.0621,26.30,58.20
2007.08.14 14:08:38.123,1.0618,1.0621,26.30,52.60
2007.08.14 14:08:38.331,1.0618,1.062,26.30,0.90
2007.08.14 14:08:38.491,1.0618,1.062,26.30,0.70
2007.08.14 14:08:38.528,1.06175,1.062,4.00,0.80
2007.08.14 14:08:38.612,1.06175,1.062,4.00,0.50
2007.08.14 14:08:38.762,1.06175,1.062,4.00,0.80
2007.08.14 14:08:38.946,1.06175,1.0621,4.00,43.10
2007.08.14 14:08:39.037,1.06175,1.062,4.00,23.60
2007.08.14 14:08:39.259,1.0617,1.062,26.30,26.00
2007.08.14 14:08:39.618,1.0617,1.062,27.10,22.80
2007.08.14 14:08:39.682,1.0617,1.0619,28.50,0.50
2007.08.14 14:08:39.841,1.0617,1.062,30.90,17.70
2007.08.14 14:08:39.868,1.0617,1.062,32.00,17.70
2007.08.14 14:08:39.920,1.0618,1.0619,4.00,0.80
2007.08.14 14:08:39.952,1.0618,1.062,4.00,0.60
2007.08.14 14:08:40.025,1.0618,1.06205,4.00,8.00
2007.08.14 14:08:41.183,1.0618,1.062,5.20,0.60
2007.08.14 14:08:41.267,1.0618,1.0621,23.70,32.60
2007.08.14 14:08:41.325,1.0619,1.062,4.00,0.90
2007.08.14 14:08:42.214,1.0619,1.062,4.80,0.70
2007.08.14 14:08:42.280,1.0619,1.06215,6.00,8.00
2007.08.14 14:08:42.285,1.0619,1.0622,6.80,44.40
2007.08.14 14:08:42.691,1.0619,1.0622,8.40,39.60
2007.08.14 14:08:42.796,1.0619,1.0622,26.00,32.20
2007.08.14 14:08:43.097,1.0619,1.0622,30.00,28.20
2007.08.14 14:08:43.502,1.0619,1.0622,13.60,34.80
2007.08.14 14:08:43.607,1.0619,1.0621,12.20,0.80
2007.08.14 14:08:43.812,1.062,1.0622,4.00,35.40
2007.08.14 14:08:43.928,1.062,1.06215,4.00,9.60
2007.08.14 14:08:44.017,1.0619,1.062,2.60,0.50
2007.08.14 14:08:44.488,1.0619,1.0621,6.60,25.50
2007.08.14 14:08:45.024,1.0619,1.0621,5.80,25.50
2007.08.14 14:08:45.097,1.0619,1.062,5.00,0.80
2007.08.14 14:08:45.341,1.0619,1.062,4.00,0.80
2007.08.14 14:08:45.513,1.0618,1.062,43.30,0.50
2007.08.14 14:08:45.615,1.062,1.0621,4.00,24.70
2007.08.14 14:08:45.990,1.062,1.0622,4.00,31.60
2007.08.14 14:08:46.090,1.062,1.0622,4.00,26.00
2007.08.14 14:08:55.506,1.0619,1.0621,33.20,4.00
2007.08.14 14:08:55.642,1.0619,1.0621,29.20,8.00
2007.08.14 14:08:55.861,1.0619,1.0621,32.80,8.00
2007.08.14 14:08:55.955,1.0619,1.0621,32.60,8.00
2007.08.14 14:08:56.271,1.0619,1.0621,28.60,8.00
2007.08.14 14:08:56.467,1.0619,1.0621,36.00,8.00
2007.08.14 14:08:56.562,1.0619,1.0621,40.00,4.00
2007.08.14 14:08:56.637,1.062,1.0621,4.00,4.00
2007.08.14 14:08:58.531,1.062,1.0622,4.00,10.40
2007.08.14 14:08:58.586,1.062,1.0622,4.00,7.20
2007.08.14 14:08:58.640,1.062,1.0622,4.00,6.90
2007.08.14 14:08:58.764,1.062,1.0622,4.00,4.50
2007.08.14 14:09:00.719,1.062,1.0622,11.90,8.50
2007.08.14 14:09:01.165,1.062,1.0622,4.00,26.00
2007.08.14 14:09:02.218,1.062,1.0622,4.80,25.50
2007.08.14 14:09:02.289,1.062,1.0622,5.60,25.50
2007.08.14 14:09:02.494,1.0621,1.0622,4.00,25.50
2007.08.14 14:09:02.608,1.0621,1.0622,4.80,25.50
2007.08.14 14:09:02.739,1.0621,1.06225,6.80,4.00
2007.08.14 14:09:02.853,1.0621,1.06225,7.60,4.00
2007.08.14 14:09:03.127,1.0621,1.06225,7.60,4.00
2007.08.14 14:09:03.407,1.0621,1.0623,7.60,30.40
2007.08.14 14:09:03.518,1.0621,1.0623,7.60,29.60
2007.08.14 14:09:03.807,1.0621,1.0623,6.80,29.60
2007.08.14 14:09:03.869,1.0621,1.0623,6.10,29.60
2007.08.14 14:09:03.945,1.0621,1.0623,5.30,29.60
2007.08.14 14:09:04.075,1.0621,1.0623,5.30,29.90
2007.08.14 14:09:04.289,1.0621,1.0623,4.50,29.90
2007.08.14 14:09:04.657,1.0621,1.0623,12.70,21.20
2007.08.14 14:09:04.794,1.0621,1.0623,12.90,20.30
2007.08.14 14:09:04.875,1.0621,1.0623,12.90,20.00
2007.08.14 14:09:05.180,1.0621,1.0623,12.90,12.00
2007.08.14 14:09:06.411,1.0621,1.0623,14.50,12.00
2007.08.14 14:09:06.429,1.0621,1.0623,15.60,12.00
2007.08.14 14:09:08.518,1.0621,1.0623,15.60,12.40
2007.08.14 14:09:08.974,1.0622,1.0623,4.00,12.40
2007.08.14 14:09:09.015,1.0622,1.0623,4.00,8.40
2007.08.14 14:09:09.125,1.0622,1.0623,4.00,3.90
2007.08.14 14:09:09.307,1.0622,1.0623,4.80,3.90
2007.08.14 14:09:10.881,1.0622,1.0623,4.80,3.10
2007.08.14 14:09:10.924,1.0622,1.0623,4.80,2.30
2007.08.14 14:09:10.980,1.0622,1.0623,12.70,1.30
2007.08.14 14:09:11.088,1.0622,1.0623,12.70,0.80
2007.08.14 14:09:11.119,1.0622,1.0624,12.70,24.30
2007.08.14 14:09:11.196,1.0622,1.0624,13.10,24.30
2007.08.14 14:09:11.234,1.0622,1.0624,13.10,25.10
2007.08.14 14:09:11.924,1.0622,1.0624,13.20,25.10
2007.08.14 14:09:12.138,1.0622,1.0624,13.20,16.30
2007.08.14 14:09:12.549,1.0622,1.0624,13.20,24.30
2007.08.14 14:09:12.973,1.0622,1.0624,13.20,24.40
2007.08.14 14:09:13.527,1.0623,1.0624,4.00,24.40
2007.08.14 14:09:13.686,1.0623,1.0624,4.00,23.60
2007.08.14 14:09:13.804,1.0623,1.0624,4.00,15.60
2007.08.14 14:09:14.106,1.0623,1.0624,4.00,11.60
2007.08.14 14:09:14.215,1.0623,1.0624,4.00,7.60
2007.08.14 14:09:14.523,1.0623,1.0624,4.00,7.50
2007.08.14 14:09:16.082,1.0623,1.0624,4.00,11.50
2007.08.14 14:09:17.293,1.0623,1.0624,4.00,10.40
2007.08.14 14:09:17.499,1.0623,1.0624,30.30,6.10
2007.08.14 14:09:17.519,1.0624,1.06245,4.00,1.60
2007.08.14 14:09:17.620,1.0623,1.0624,26.30,4.80
2007.08.14 14:09:17.634,1.0623,1.0624,26.30,4.00
2007.08.14 14:09:17.720,1.0624,1.0625,4.00,6.40
2007.08.14 14:09:17.733,1.0624,1.0625,4.00,6.40
2007.08.14 14:09:17.822,1.0624,1.0625,4.00,5.60
2007.08.14 14:09:18.127,1.0624,1.0625,4.00,4.00
2007.08.14 14:09:18.168,1.0624,1.0625,4.80,4.00
2007.08.14 14:09:18.256,1.0624,1.0626,4.80,32.50
2007.08.14 14:09:18.345,1.0624,1.0626,4.80,33.10
2007.08.14 14:09:18.444,1.0624,1.0626,4.80,32.90
2007.08.14 14:09:18.664,1.0624,1.0626,4.80,34.50
2007.08.14 14:09:18.730,1.0624,1.0626,4.00,34.50
2007.08.14 14:09:18.750,1.0624,1.0625,4.00,8.00
2007.08.14 14:09:19.069,1.0624,1.0626,4.00,11.20
2007.08.14 14:09:19.178,1.0624,1.0626,4.00,10.40
2007.08.14 14:09:19.217,1.0623,1.0626,24.80,9.60
2007.08.14 14:09:19.331,1.0623,1.0626,24.80,8.00
2007.08.14 14:09:20.529,1.0625,1.0626,4.00,0.80
2007.08.14 14:09:20.547,1.0624,1.0626,17.80,0.80
2007.08.14 14:09:20.644,1.0624,1.0626,18.40,0.80
2007.08.14 14:09:20.659,1.0624,1.0626,19.20,0.80
2007.08.14 14:09:20.740,1.0625,1.0626,2.40,0.80
2007.08.14 14:09:20.827,1.0625,1.0626,3.20,0.80
2007.08.14 14:09:20.832,1.0625,1.0626,5.60,0.80
2007.08.14 14:09:20.863,1.0625,1.0626,6.40,0.80
2007.08.14 14:09:21.266,1.0626,1.0627,4.00,8.00
2007.08.14 14:09:21.361,1.0625,1.0626,6.20,4.80
2007.08.14 14:09:21.383,1.0625,1.0626,10.20,4.80
2007.08.14 14:09:22.206,1.0625,1.0626,10.20,4.00
2007.08.14 14:09:22.866,1.0625,1.0627,10.20,27.90
2007.08.14 14:09:23.003,1.0626,1.0627,4.00,24.70
2007.08.14 14:09:23.008,1.0626,1.0627,4.00,0.70
2007.08.14 14:09:23.114,1.0626,1.0627,4.00,0.90
2007.08.14 14:09:27.074,1.0626,1.0627,1.60,4.00
2007.08.14 14:09:27.134,1.0626,1.0627,1.60,4.00
2007.08.14 14:09:27.176,1.0627,1.0628,4.30,18.40
2007.08.14 14:09:27.290,1.0627,1.0628,4.30,11.90
2007.08.14 14:09:27.378,1.0627,1.0628,4.30,7.10
2007.08.14 14:09:27.474,1.0627,1.0628,5.10,6.30
2007.08.14 14:09:27.503,1.0627,1.0628,6.40,5.60
2007.08.14 14:09:27.685,1.0627,1.0628,6.30,5.60
2007.08.14 14:09:27.780,1.0627,1.0628,6.30,1.60
2007.08.14 14:09:27.892,1.0627,1.0629,7.90,34.50
2007.08.14 14:09:27.948,1.0627,1.0629,7.90,30.50
2007.08.14 14:09:28.238,1.0627,1.0629,7.90,29.70
2007.08.14 14:09:28.325,1.0627,1.0629,7.90,27.90
2007.08.14 14:09:28.618,1.0627,1.0629,7.90,27.10
2007.08.14 14:09:29.338,1.0627,1.0629,8.00,27.10
2007.08.14 14:09:29.593,1.0627,1.0629,7.20,27.90
2007.08.14 14:09:29.665,1.0627,1.0629,7.20,24.70
2007.08.14 14:09:29.763,1.0627,1.0629,7.20,26.50
2007.08.14 14:09:29.908,1.0627,1.0629,5.90,26.60
2007.08.14 14:09:29.973,1.0627,1.0629,5.90,27.90
2007.08.14 14:09:30.125,1.0627,1.0629,5.90,27.10
2007.08.14 14:09:30.316,1.0627,1.0629,5.90,30.70
2007.08.14 14:09:30.710,1.0627,1.0629,5.90,27.60
2007.08.14 14:09:30.732,1.0627,1.0629,5.90,32.40
2007.08.14 14:09:31.230,1.0627,1.0629,5.90,40.20
2007.08.14 14:09:31.287,1.0627,1.0629,4.80,39.40
2007.08.14 14:09:31.321,1.0627,1.0629,4.80,41.80
2007.08.14 14:09:31.656,1.0627,1.0629,4.80,37.70
2007.08.14 14:09:31.770,1.0627,1.0629,6.40,33.70
2007.08.14 14:09:31.859,1.0627,1.0629,6.40,33.50
2007.08.14 14:09:31.974,1.0627,1.0629,6.40,31.10
2007.08.14 14:09:32.117,1.0627,1.0629,4.80,35.90
2007.08.14 14:09:32.194,1.0627,1.0629,4.80,42.10
2007.08.14 14:09:32.337,1.0627,1.06285,4.80,4.00
2007.08.14 14:09:32.593,1.0627,1.0628,4.80,12.70
2007.08.14 14:09:32.709,1.0627,1.0628,4.80,16.70
2007.08.14 14:09:32.920,1.0627,1.06285,4.80,4.00
2007.08.14 14:09:33.132,1.0627,1.0629,4.80,38.90
2007.08.14 14:09:33.210,1.0627,1.0628,4.80,0.80
2007.08.14 14:09:33.328,1.0627,1.0629,4.80,36.10
2007.08.14 14:09:33.566,1.0627,1.0629,4.80,33.70
2007.08.14 14:09:33.641,1.0627,1.0629,4.80,39.20
2007.08.14 14:09:33.661,1.0627,1.0629,4.80,40.00
2007.08.14 14:09:33.751,1.0627,1.0629,4.80,39.80
2007.08.14 14:09:33.859,1.0627,1.0629,4.80,35.80
2007.08.14 14:09:34.039,1.0627,1.0629,16.70,23.40
2007.08.14 14:09:34.160,1.0627,1.0629,16.70,10.40
2007.08.14 14:09:34.192,1.0627,1.0629,16.70,9.60
2007.08.14 14:09:34.368,1.0627,1.0629,16.70,8.60
2007.08.14 14:09:34.418,1.0627,1.0629,16.70,8.10
2007.08.14 14:09:34.476,1.0627,1.0629,16.70,6.50
2007.08.14 14:09:34.561,1.0627,1.0629,16.70,14.50
2007.08.14 14:09:34.973,1.0627,1.0629,15.90,15.30
2007.08.14 14:09:35.051,1.0627,1.0629,15.90,7.30
2007.08.14 14:09:35.365,1.0627,1.0629,11.90,11.30
2007.08.14 14:09:35.430,1.0627,1.0629,11.90,10.50
2007.08.14 14:09:35.570,1.0627,1.0629,4.00,26.70
2007.08.14 14:09:35.664,1.0627,1.0629,4.00,26.30
2007.08.14 14:09:35.817,1.0627,1.0629,0.30,25.50
2007.08.14 14:09:35.984,1.0627,1.0629,1.00,25.50
2007.08.14 14:09:36.079,1.0628,1.06295,1.60,4.00
2007.08.14 14:09:36.113,1.0629,1.06295,1.60,4.00
2007.08.14 14:09:36.365,1.0629,1.063,1.60,15.70
2007.08.14 14:09:36.398,1.0629,1.063,1.60,15.20
2007.08.14 14:09:36.491,1.0629,1.063,1.60,15.60
2007.08.14 14:09:36.613,1.0627,1.0629,12.20,4.80
2007.08.14 14:09:36.638,1.0627,1.0629,5.00,4.80
2007.08.14 14:09:36.698,1.0627,1.0629,1.00,4.80
2007.08.14 14:09:36.819,1.0627,1.0629,0.30,4.80
2007.08.14 14:09:36.908,1.0627,1.0629,1.10,4.80
2007.08.14 14:09:36.955,1.0627,1.0629,1.90,4.80
2007.08.14 14:09:37.035,1.0627,1.0629,12.50,12.70
2007.08.14 14:09:37.153,1.0627,1.0629,12.00,3.20
2007.08.14 14:09:37.228,1.06275,1.0629,1.60,3.20
2007.08.14 14:09:37.313,1.06275,1.0629,1.60,0.80
2007.08.14 14:09:37.465,1.0628,1.0629,1.60,0.80
2007.08.14 14:09:37.539,1.0628,1.0629,1.60,4.80
2007.08.14 14:09:37.767,1.0627,1.0629,32.80,4.80
2007.08.14 14:09:37.879,1.0627,1.0629,35.20,4.80
2007.08.14 14:09:38.016,1.0627,1.0629,32.00,4.80
2007.08.14 14:09:38.076,1.0627,1.0629,22.40,0.80
2007.08.14 14:09:38.086,1.0628,1.063,4.00,10.70
2007.08.14 14:09:38.102,1.0628,1.063,4.00,9.90
2007.08.14 14:09:38.272,1.0628,1.063,4.00,9.40
2007.08.14 14:09:38.318,1.0628,1.063,5.60,7.00
2007.08.14 14:09:38.786,1.0628,1.063,5.60,5.40
2007.08.14 14:09:39.414,1.0628,1.063,7.60,4.80
2007.08.14 14:09:39.454,1.0629,1.063,0.80,4.80
2007.08.14 14:09:40.035,1.0629,1.063,0.80,4.00
2007.08.14 14:09:40.507,1.0629,1.063,4.80,4.00
2007.08.14 14:09:40.617,1.0629,1.063,4.00,4.00
2007.08.14 14:09:41.155,1.0629,1.0631,4.00,4.00
2007.08.14 14:09:41.168,1.0629,1.0631,4.80,4.00
2007.08.14 14:09:41.265,1.063,1.0631,0.20,4.00
2007.08.14 14:09:41.472,1.063,1.0631,0.40,4.00
2007.08.14 14:09:41.565,1.063,1.0631,4.30,4.00
2007.08.14 14:09:41.578,1.063,1.0631,4.50,4.00
2007.08.14 14:09:41.679,1.063,1.0632,4.80,18.60
2007.08.14 14:09:41.701,1.063,1.0632,4.80,14.60
2007.08.14 14:09:41.935,1.063,1.0632,5.60,14.60
2007.08.14 14:09:42.101,1.063,1.0632,5.60,13.80
2007.08.14 14:09:42.226,1.063,1.0632,5.60,14.00
2007.08.14 14:09:42.284,1.0631,1.0632,4.00,13.20
2007.08.14 14:09:42.297,1.0631,1.0632,4.00,12.00
2007.08.14 14:09:42.414,1.0631,1.0632,4.00,11.70
2007.08.14 14:09:42.472,1.0631,1.0632,4.00,10.90
2007.08.14 14:09:42.495,1.0631,1.0632,4.00,9.30
2007.08.14 14:09:42.607,1.0631,1.0632,4.00,6.30
2007.08.14 14:09:42.626,1.0631,1.0632,4.00,5.50
2007.08.14 14:09:42.702,1.0631,1.0632,4.00,6.30
2007.08.14 14:09:42.717,1.0631,1.0632,4.00,7.90
2007.08.14 14:09:42.729,1.0631,1.0632,4.00,8.70
2007.08.14 14:09:42.998,1.063,1.0632,5.50,8.70
2007.08.14 14:09:43.032,1.063,1.0631,5.60,4.00
2007.08.14 14:09:43.514,1.063,1.0631,1.70,4.00
2007.08.14 14:09:43.550,1.063,1.0631,1.60,5.60
2007.08.14 14:09:43.588,1.063,1.0631,0.80,5.60
2007.08.14 14:09:43.650,1.0629,1.0631,10.20,5.60
2007.08.14 14:09:43.772,1.0629,1.0631,9.40,6.00
2007.08.14 14:09:43.966,1.0629,1.0631,9.40,6.10
2007.08.14 14:09:44.219,1.0629,1.0631,8.60,6.10
2007.08.14 14:09:44.274,1.0629,1.0631,7.80,6.10
2007.08.14 14:09:44.481,1.0629,1.0631,3.80,6.10
2007.08.14 14:09:44.498,1.0629,1.0631,3.80,6.90
2007.08.14 14:09:44.513,1.0629,1.0631,3.80,9.30
2007.08.14 14:09:44.923,1.0629,1.0631,3.80,10.90
2007.08.14 14:09:45.220,1.0629,1.0631,3.80,11.20
2007.08.14 14:09:45.502,1.0629,1.0631,4.60,11.20
2007.08.14 14:09:45.625,1.0629,1.0631,4.60,10.40
2007.08.14 14:09:45.728,1.0629,1.063,4.60,4.00
2007.08.14 14:09:46.185,1.0629,1.0631,4.60,8.00
2007.08.14 14:09:46.247,1.0629,1.0631,4.60,8.80
2007.08.14 14:09:46.387,1.0629,1.0631,4.60,4.90
2007.08.14 14:09:46.438,1.0629,1.0631,4.60,7.30
2007.08.14 14:09:46.686,1.0629,1.063,4.60,4.00
2007.08.14 14:09:47.858,1.0629,1.063,3.80,4.00
2007.08.14 14:09:48.089,1.0628,1.063,38.10,4.00
2007.08.14 14:09:48.122,1.0628,1.063,31.70,4.40
2007.08.14 14:09:48.314,1.0628,1.063,21.30,4.40
2007.08.14 14:09:48.637,1.0628,1.063,17.30,12.40
2007.08.14 14:09:49.052,1.0628,1.063,13.30,16.40
2007.08.14 14:09:49.103,1.0628,1.063,13.30,17.20
2007.08.14 14:09:49.146,1.0628,1.063,5.40,26.20
2007.08.14 14:09:49.264,1.0628,1.063,5.40,29.80
2007.08.14 14:09:49.279,1.0628,1.063,5.40,32.20
2007.08.14 14:09:49.310,1.0628,1.063,5.60,32.20
2007.08.14 14:09:49.537,1.0628,1.063,5.60,33.00
2007.08.14 14:09:49.573,1.0628,1.0629,5.60,4.00
2007.08.14 14:09:49.631,1.0628,1.0629,1.60,4.00
2007.08.14 14:09:49.784,1.0628,1.0629,1.60,4.40
2007.08.14 14:09:50.010,1.0627,1.0629,19.90,4.40
2007.08.14 14:09:50.096,1.0627,1.0629,15.90,4.40
2007.08.14 14:09:50.214,1.0627,1.0629,15.90,12.40
2007.08.14 14:09:50.317,1.0627,1.0629,23.90,4.40
2007.08.14 14:09:50.614,1.0627,1.0629,23.90,4.40
2007.08.14 14:09:50.841,1.0627,1.0629,15.90,4.40
2007.08.14 14:09:51.199,1.0627,1.0629,15.90,5.20
2007.08.14 14:09:51.252,1.0627,1.0628,4.00,4.00
2007.08.14 14:09:52.584,1.0627,1.0629,4.00,9.70
2007.08.14 14:09:52.798,1.0627,1.0629,4.00,8.10
2007.08.14 14:09:52.838,1.0627,1.0629,4.00,6.90
2007.08.14 14:09:53.053,1.0626,1.0629,33.10,9.30
2007.08.14 14:09:53.131,1.0626,1.0628,22.20,5.60
2007.08.14 14:09:53.258,1.0626,1.0628,21.40,5.60
2007.08.14 14:09:53.308,1.0626,1.0628,16.10,5.60
2007.08.14 14:09:53.364,1.0626,1.0628,9.70,5.60
2007.08.14 14:09:53.388,1.0626,1.0628,5.70,5.60
2007.08.14 14:09:53.423,1.0626,1.0628,5.60,5.90
2007.08.14 14:09:53.558,1.0627,1.0628,4.00,5.90
2007.08.14 14:09:53.609,1.0627,1.06285,4.00,4.00
2007.08.14 14:09:53.643,1.0627,1.0629,4.00,10.90
2007.08.14 14:09:53.717,1.0627,1.0629,4.00,9.60
2007.08.14 14:09:53.804,1.0627,1.0629,4.00,7.60
2007.08.14 14:09:53.870,1.0627,1.0629,4.00,6.80
2007.08.14 14:09:53.971,1.0627,1.0629,4.00,4.40
2007.08.14 14:09:54.762,1.0627,1.0629,4.00,4.00
2007.08.14 14:09:55.605,1.0627,1.0629,4.00,5.20
2007.08.14 14:09:55.670,1.0627,1.0628,4.00,4.00
2007.08.14 14:09:57.583,1.0626,1.0628,43.70,4.00
2007.08.14 14:09:57.676,1.0628,1.0629,4.00,4.30
2007.08.14 14:09:57.757,1.0628,1.0629,5.60,4.30
2007.08.14 14:09:57.771,1.0628,1.0629,5.60,4.00
2007.08.14 14:09:59.638,1.0629,1.063,4.00,25.90
2007.08.14 14:09:59.761,1.0629,1.063,4.00,16.40
2007.08.14 14:09:59.862,1.0629,1.063,4.00,8.30
2007.08.14 14:10:00.272,1.0629,1.063,4.00,8.00
2007.08.14 14:10:00.776,1.0629,1.063,4.00,4.00
2007.08.14 14:10:01.187,1.06275,1.063,4.80,6.10
2007.08.14 14:10:01.258,1.0628,1.063,4.00,7.70
2007.08.14 14:10:01.283,1.0628,1.063,4.00,10.10
2007.08.14 14:10:01.303,1.0628,1.063,4.00,11.20
2007.08.14 14:10:01.491,1.0628,1.063,4.00,10.40
2007.08.14 14:10:01.504,1.0628,1.0629,4.00,4.00
2007.08.14 14:10:02.641,1.0628,1.063,4.00,5.90
2007.08.14 14:10:02.757,1.0628,1.063,4.00,6.00
2007.08.14 14:10:03.051,1.0628,1.063,4.00,4.40
2007.08.14 14:10:03.454,1.0628,1.063,4.00,4.30
2007.08.14 14:10:04.095,1.0628,1.0629,4.00,4.00
2007.08.14 14:10:06.156,1.0628,1.0629,4.00,8.00
2007.08.14 14:10:08.051,1.0628,1.063,4.00,37.80
2007.08.14 14:10:08.864,1.0628,1.0629,4.00,0.90
2007.08.14 14:10:14.167,1.0627,1.063,8.80,22.70
2007.08.14 14:10:14.275,1.0627,1.063,8.00,31.30
2007.08.14 14:10:14.376,1.0627,1.063,8.00,31.70
2007.08.14 14:10:14.600,1.0627,1.063,8.00,31.50
2007.08.14 14:10:14.671,1.0627,1.0629,8.00,0.90
2007.08.14 14:10:14.775,1.0627,1.06295,8.00,11.20
2007.08.14 14:10:14.871,1.0627,1.06295,8.00,13.60
2007.08.14 14:10:14.876,1.0627,1.06295,8.00,14.40
2007.08.14 14:10:15.092,1.0627,1.06295,4.00,14.40
2007.08.14 14:10:15.739,1.0627,1.0629,4.00,30.30
2007.08.14 14:10:15.820,1.0627,1.06295,4.00,14.40
2007.08.14 14:10:16.764,1.0627,1.06295,4.00,14.30
2007.08.14 14:10:17.076,1.0627,1.0629,4.00,0.90
2007.08.14 14:10:17.353,1.0627,1.06295,4.00,12.50
2007.08.14 14:10:17.498,1.0627,1.0628,4.00,0.60
2007.08.14 14:10:19.232,1.0627,1.06295,4.80,9.20
2007.08.14 14:10:19.324,1.0627,1.06295,4.80,9.00
2007.08.14 14:10:19.651,1.0628,1.063,4.00,34.50
2007.08.14 14:10:19.743,1.0628,1.063,4.00,35.40
2007.08.14 14:10:20.145,1.06265,1.063,4.00,21.70
2007.08.14 14:10:20.394,1.0626,1.063,35.80,21.70
2007.08.14 14:10:20.475,1.0626,1.0629,31.80,0.50
2007.08.14 14:10:20.679,1.0626,1.063,27.80,25.70
2007.08.14 14:10:21.304,1.0626,1.0629,27.80,0.80
2007.08.14 14:10:21.815,1.0626,1.063,27.90,25.50
2007.08.14 14:10:22.202,1.0627,1.063,4.00,25.50
2007.08.14 14:10:22.652,1.0627,1.0629,4.00,25.50
2007.08.14 14:10:23.701,1.0627,1.063,4.00,34.00
2007.08.14 14:10:24.618,1.0627,1.0629,4.00,27.90
2007.08.14 14:10:24.656,1.0626,1.0629,46.10,31.10
2007.08.14 14:10:24.722,1.0626,1.0628,50.10,0.90
2007.08.14 14:10:24.729,1.0626,1.0629,47.40,40.80
2007.08.14 14:10:24.817,1.0626,1.0628,46.30,0.90
2007.08.14 14:10:24.969,1.0626,1.0629,44.70,40.80
2007.08.14 14:10:25.139,1.0626,1.0629,46.10,42.40
2007.08.14 14:10:25.178,1.0626,1.0629,48.50,40.00
2007.08.14 14:10:25.225,1.0626,1.0628,50.90,0.60
2007.08.14 14:10:25.234,1.0626,1.063,33.60,40.80
2007.08.14 14:10:25.274,1.0627,1.063,4.00,36.00
2007.08.14 14:10:29.193,1.0627,1.0629,4.00,16.70
2007.08.14 14:10:32.127,1.0626,1.0629,45.10,27.10
2007.08.14 14:10:32.188,1.0626,1.0629,38.70,32.90
2007.08.14 14:10:32.311,1.0626,1.0628,7.20,0.60
2007.08.14 14:10:32.332,1.0626,1.0628,6.40,0.80
2007.08.14 14:10:32.411,1.0626,1.06285,4.00,10.40
2007.08.14 14:10:32.615,1.0626,1.0627,4.00,0.90
2007.08.14 14:10:33.644,1.0626,1.06285,4.00,10.40
2007.08.14 14:10:33.766,1.0626,1.06285,4.00,8.00
2007.08.14 14:10:33.872,1.0626,1.0629,4.10,26.80
2007.08.14 14:10:34.026,1.0627,1.0629,1.60,26.80
2007.08.14 14:10:34.172,1.0627,1.0628,1.60,0.50
2007.08.14 14:10:34.206,1.0627,1.0629,1.60,33.20
2007.08.14 14:10:34.274,1.0625,1.0628,17.20,16.70
2007.08.14 14:10:34.325,1.0625,1.0628,16.40,19.10
2007.08.14 14:10:34.389,1.0625,1.0628,16.20,29.60
2007.08.14 14:10:34.484,1.0625,1.0628,15.40,29.80
2007.08.14 14:10:34.619,1.0627,1.0628,1.60,29.80
2007.08.14 14:10:34.798,1.0627,1.0629,1.60,49.90
2007.08.14 14:10:34.834,1.0627,1.0628,1.60,0.90
2007.08.14 14:10:34.900,1.0627,1.0629,1.60,43.60
2007.08.14 14:10:35.015,1.0627,1.0628,1.60,0.50
2007.08.14 14:10:35.147,1.0625,1.0628,31.20,0.70
2007.08.14 14:10:35.155,1.0625,1.0627,27.20,0.20
2007.08.14 14:10:35.217,1.0625,1.06275,26.40,4.20
2007.08.14 14:10:35.244,1.0625,1.06275,24.00,4.20
2007.08.14 14:10:35.310,1.0625,1.0627,38.40,0.70
2007.08.14 14:10:35.736,1.0625,1.0627,41.10,4.10
2007.08.14 14:10:35.862,1.0626,1.0627,4.00,4.10
2007.08.14 14:10:35.890,1.0626,1.0627,4.00,4.00
2007.08.14 14:10:36.775,1.0626,1.0627,4.00,8.00
2007.08.14 14:10:39.157,1.0625,1.0627,39.80,8.00
2007.08.14 14:10:39.346,1.06245,1.0627,43.80,8.00
2007.08.14 14:10:39.391,1.06245,1.0627,43.00,8.00
2007.08.14 14:10:39.535,1.0625,1.0627,17.20,8.00
2007.08.14 14:10:39.587,1.0625,1.0628,25.80,6.40
2007.08.14 14:10:39.670,1.0626,1.0628,1.70,4.00
2007.08.14 14:10:39.806,1.0626,1.0627,1.10,4.80
2007.08.14 14:10:40.098,1.0625,1.0628,24.60,4.00
2007.08.14 14:10:41.040,1.0625,1.0628,32.10,4.00
2007.08.14 14:10:41.557,1.0625,1.0628,32.20,4.00
2007.08.14 14:10:41.656,1.0625,1.0628,33.00,4.00
2007.08.14 14:10:42.789,1.0626,1.0628,0.50,4.00
2007.08.14 14:10:45.276,1.0626,1.0628,1.70,4.00
2007.08.14 14:10:45.311,1.0626,1.0628,1.80,4.00
2007.08.14 14:10:45.384,1.0625,1.0628,37.40,4.00
2007.08.14 14:10:45.688,1.0625,1.0628,37.40,4.10
2007.08.14 14:10:46.586,1.0626,1.0628,1.60,4.10
2007.08.14 14:10:47.808,1.0625,1.0628,35.20,4.10
2007.08.14 14:10:48.180,1.0625,1.0628,35.40,4.90
2007.08.14 14:10:49.092,1.0625,1.0628,23.70,4.80
2007.08.14 14:10:54.703,1.0625,1.0628,19.20,4.00
2007.08.14 14:11:00.347,1.0626,1.0628,1.30,5.70
2007.08.14 14:11:00.449,1.0626,1.0628,0.50,6.50
2007.08.14 14:11:00.693,1.0626,1.0628,0.70,7.30
2007.08.14 14:11:00.745,1.0625,1.0628,21.60,8.60
2007.08.14 14:11:03.003,1.0626,1.0628,1.10,8.50
2007.08.14 14:11:03.124,1.0625,1.0628,17.70,8.80
2007.08.14 14:11:03.169,1.0625,1.0628,17.70,9.60
2007.08.14 14:11:03.325,1.0625,1.0628,17.70,9.40
2007.08.14 14:11:03.420,1.0626,1.0628,0.80,9.60
2007.08.14 14:11:03.558,1.0626,1.0628,2.00,10.40
2007.08.14 14:11:04.367,1.0626,1.0628,0.50,11.20
2007.08.14 14:11:06.436,1.0625,1.0628,17.30,11.20
2007.08.14 14:11:07.375,1.0625,1.0628,17.20,8.80
2007.08.14 14:11:07.416,1.0625,1.0628,17.20,6.40
2007.08.14 14:11:07.466,1.0625,1.0628,17.50,5.60
2007.08.14 14:11:07.865,1.0626,1.0628,1.80,5.20
2007.08.14 14:11:08.190,1.0625,1.0628,19.10,3.60
2007.08.14 14:11:09.029,1.0626,1.0628,4.10,3.60
2007.08.14 14:11:09.945,1.0626,1.0628,4.20,3.60
2007.08.14 14:11:10.034,1.0626,1.0628,4.30,3.60
2007.08.14 14:11:10.464,1.0627,1.0628,0.80,12.00
2007.08.14 14:11:10.679,1.0627,1.0628,0.80,16.00
2007.08.14 14:11:11.934,1.0627,1.0628,0.80,8.00
2007.08.14 14:11:13.286,1.0627,1.0628,0.80,23.90
2007.08.14 14:11:13.368,1.0627,1.0628,0.80,26.30
2007.08.14 14:11:14.733,1.0626,1.0627,4.40,0.10
2007.08.14 14:11:15.654,1.0626,1.0628,4.40,27.90
2007.08.14 14:11:16.182,1.0626,1.0628,4.00,30.50
2007.08.14 14:11:16.259,1.0625,1.0628,47.60,30.50
2007.08.14 14:11:16.276,1.0625,1.0628,15.70,6.40
2007.08.14 14:11:16.441,1.0625,1.0628,14.90,10.40
2007.08.14 14:11:16.494,1.0625,1.0627,26.80,4.00
2007.08.14 14:11:16.689,1.0625,1.0627,23.90,4.00
2007.08.14 14:11:16.931,1.0625,1.0627,24.70,4.00
2007.08.14 14:11:17.023,1.0626,1.0627,0.20,4.00
2007.08.14 14:11:17.230,1.0625,1.0627,23.10,4.00
2007.08.14 14:11:17.439,1.0625,1.0627,15.20,21.50
2007.08.14 14:11:17.531,1.0625,1.0627,15.30,21.50
2007.08.14 14:11:17.843,1.0625,1.0627,23.20,14.40
2007.08.14 14:11:17.942,1.0625,1.0627,23.30,4.00
2007.08.14 14:11:18.140,1.0625,1.0627,22.50,4.00
2007.08.14 14:11:19.803,1.0626,1.0627,0.50,4.00
2007.08.14 14:11:19.900,1.0626,1.0627,2.10,4.00
2007.08.14 14:11:19.908,1.0626,1.0627,2.90,4.00
2007.08.14 14:11:20.015,1.0626,1.0627,3.20,4.00
2007.08.14 14:11:20.193,1.0626,1.0627,8.00,4.00
2007.08.14 14:11:20.204,1.0626,1.0627,8.80,4.00
2007.08.14 14:11:20.314,1.0626,1.0628,9.00,8.80
2007.08.14 14:11:20.504,1.0626,1.0628,9.80,4.80
2007.08.14 14:11:20.859,1.0626,1.0628,9.80,19.10
2007.08.14 14:11:22.504,1.0626,1.0628,9.80,4.80
2007.08.14 14:11:23.232,1.0626,1.0628,10.00,4.80
2007.08.14 14:11:23.367,1.0626,1.0628,10.00,4.80
2007.08.14 14:11:23.556,1.0626,1.0628,10.30,4.80
2007.08.14 14:11:24.402,1.0626,1.0627,10.30,0.10
2007.08.14 14:11:25.214,1.0626,1.0627,10.20,0.10
2007.08.14 14:11:25.586,1.0626,1.0627,1.90,0.10
2007.08.14 14:11:26.663,1.0626,1.0627,0.80,0.10
2007.08.14 14:11:26.766,1.0625,1.0628,25.60,4.00
2007.08.14 14:11:26.856,1.06255,1.0629,19.10,12.80
2007.08.14 14:11:26.976,1.0626,1.0629,17.50,12.00
2007.08.14 14:11:27.068,1.0626,1.0629,18.40,12.00
2007.08.14 14:11:27.193,1.0627,1.0629,0.70,12.00
2007.08.14 14:11:27.828,1.0626,1.0629,21.60,10.40
2007.08.14 14:11:28.023,1.0626,1.0629,21.70,10.40
2007.08.14 14:11:28.295,1.0627,1.0629,2.10,9.60
2007.08.14 14:11:28.526,1.0626,1.0629,21.30,9.60
2007.08.14 14:11:28.634,1.0627,1.0629,2.90,11.00
2007.08.14 14:11:28.704,1.0627,1.0629,1.70,12.60
2007.08.14 14:11:28.729,1.0627,1.0629,2.40,13.40
2007.08.14 14:11:28.739,1.0626,1.0629,17.70,14.20
2007.08.14 14:11:28.938,1.0626,1.0629,14.40,12.80
2007.08.14 14:11:28.978,1.0626,1.0629,12.00,11.20
2007.08.14 14:11:29.147,1.0626,1.0629,9.00,10.50
2007.08.14 14:11:29.308,1.0627,1.0629,2.00,11.30
2007.08.14 14:11:29.475,1.0627,1.0629,1.00,11.60
2007.08.14 14:11:30.075,1.0626,1.0629,9.20,10.80
2007.08.14 14:11:34.802,1.0627,1.0629,2.10,10.00
2007.08.14 14:11:36.239,1.0627,1.0629,0.60,9.60
2007.08.14 14:11:36.369,1.0626,1.0629,15.40,9.60
2007.08.14 14:11:36.444,1.0626,1.0629,16.60,9.60
2007.08.14 14:11:36.559,1.0626,1.0629,18.20,9.60
2007.08.14 14:11:37.050,1.0627,1.0629,1.60,9.50
2007.08.14 14:11:37.351,1.0626,1.0629,19.70,9.50
2007.08.14 14:11:37.380,1.0627,1.0629,1.70,9.50
2007.08.14 14:11:37.468,1.0627,1.0629,0.90,9.50
2007.08.14 14:11:37.540,1.0627,1.0629,0.80,9.50
2007.08.14 14:11:37.784,1.0626,1.0629,16.10,10.30
2007.08.14 14:11:37.802,1.06255,1.0629,20.10,10.30
2007.08.14 14:11:37.971,1.06255,1.0629,19.90,10.40
2007.08.14 14:11:37.987,1.06255,1.0628,31.00,3.90
2007.08.14 14:11:38.083,1.0626,1.0628,7.10,3.90
2007.08.14 14:11:38.288,1.06255,1.0628,25.40,3.90
2007.08.14 14:11:41.210,1.0625,1.0628,61.90,3.90
2007.08.14 14:11:41.288,1.0626,1.0628,7.80,3.90
2007.08.14 14:11:41.789,1.0625,1.0628,59.50,3.90
2007.08.14 14:11:41.800,1.0626,1.0628,6.40,3.90
2007.08.14 14:11:41.830,1.0625,1.0628,49.90,21.40
2007.08.14 14:11:41.935,1.0625,1.0628,51.50,23.80
2007.08.14 14:11:42.235,1.0626,1.0628,2.00,27.80
2007.08.14 14:11:42.351,1.0625,1.0628,27.30,5.60
2007.08.14 14:11:42.642,1.0625,1.0628,22.90,5.60
2007.08.14 14:11:44.895,1.06245,1.0628,26.90,8.00
2007.08.14 14:11:45.036,1.0625,1.0628,1.00,8.80
2007.08.14 14:11:45.189,1.06245,1.0628,25.60,8.80
2007.08.14 14:11:45.233,1.06245,1.0628,23.20,8.80
2007.08.14 14:11:45.347,1.06245,1.0627,34.40,4.00
2007.08.14 14:11:45.406,1.06245,1.0627,28.80,4.00
2007.08.14 14:11:45.650,1.0625,1.0627,11.70,4.00
2007.08.14 14:11:47.106,1.06245,1.0627,24.70,4.00
2007.08.14 14:11:48.456,1.0625,1.0627,9.80,4.00
2007.08.14 14:11:50.513,1.0625,1.0627,7.10,4.00
2007.08.14 14:11:50.618,1.0625,1.0627,8.10,4.00
2007.08.14 14:11:50.716,1.0625,1.0627,25.50,1.60
2007.08.14 14:11:50.766,1.0625,1.0627,27.90,1.60
2007.08.14 14:11:50.828,1.0625,1.0628,31.90,37.70
2007.08.14 14:11:50.973,1.0625,1.0628,35.10,37.70
2007.08.14 14:11:51.242,1.0625,1.0628,37.50,39.90
2007.08.14 14:11:51.285,1.0626,1.0628,4.10,39.90
2007.08.14 14:11:51.309,1.0627,1.0628,0.80,35.90
2007.08.14 14:11:51.339,1.0627,1.0628,0.60,18.40
2007.08.14 14:11:51.379,1.0626,1.0628,28.40,18.40
2007.08.14 14:11:51.456,1.0626,1.0628,28.50,8.00
2007.08.14 14:11:51.560,1.0626,1.0628,30.10,8.00
2007.08.14 14:11:51.756,1.0626,1.0628,28.40,8.00
2007.08.14 14:11:51.797,1.0626,1.0628,28.40,8.00
2007.08.14 14:11:51.880,1.0626,1.0629,38.00,33.00
2007.08.14 14:11:51.906,1.0626,1.0629,35.60,29.00
2007.08.14 14:11:51.913,1.0626,1.0629,34.80,29.00
2007.08.14 14:11:51.968,1.0627,1.0629,2.00,28.90
2007.08.14 14:11:52.292,1.0626,1.0629,50.00,32.90
2007.08.14 14:11:52.504,1.0627,1.0629,0.70,31.10
2007.08.14 14:11:52.530,1.0627,1.0629,1.40,30.30
2007.08.14 14:11:52.596,1.0627,1.0629,1.30,8.00
2007.08.14 14:11:53.860,1.0627,1.0629,4.00,10.40
2007.08.14 14:11:53.936,1.0627,1.0628,4.00,0.80
2007.08.14 14:11:54.059,1.0626,1.0628,34.80,4.80
2007.08.14 14:11:54.280,1.0626,1.0628,30.80,4.80
2007.08.14 14:11:54.356,1.0626,1.0628,30.00,4.00
2007.08.14 14:11:54.676,1.0626,1.0628,30.30,4.00
2007.08.14 14:11:57.369,1.0626,1.0628,22.40,13.50
2007.08.14 14:11:57.455,1.0626,1.0628,21.60,13.50
2007.08.14 14:11:57.475,1.0626,1.0628,8.10,5.60
2007.08.14 14:11:57.501,1.0626,1.0628,5.70,8.00
2007.08.14 14:11:57.572,1.0626,1.0628,4.00,11.00
2007.08.14 14:11:57.674,1.0626,1.0628,4.00,11.80
2007.08.14 14:11:57.756,1.0626,1.0627,4.00,0.80
2007.08.14 14:11:57.776,1.0625,1.0627,31.40,0.80
2007.08.14 14:11:57.782,1.0625,1.0627,30.60,1.60
2007.08.14 14:11:57.888,1.0625,1.0627,18.70,8.00
2007.08.14 14:11:57.986,1.0625,1.0627,18.60,8.00
2007.08.14 14:11:58.063,1.0625,1.0627,14.60,8.00
2007.08.14 14:11:58.084,1.0625,1.0627,12.20,8.00
2007.08.14 14:11:58.100,1.0625,1.0627,8.20,8.00
2007.08.14 14:11:59.312,1.0625,1.0627,4.20,8.00
2007.08.14 14:11:59.589,1.0625,1.0627,4.20,7.20
2007.08.14 14:11:59.675,1.0625,1.0627,5.00,7.20
2007.08.14 14:11:59.823,1.0625,1.0627,5.80,7.20
2007.08.14 14:11:59.866,1.0625,1.0627,5.70,7.20
2007.08.14 14:11:59.979,1.0625,1.0627,5.60,4.00
2007.08.14 14:12:00.018,1.0625,1.0627,4.80,4.00
2007.08.14 14:12:00.058,1.0625,1.0627,6.20,4.00
2007.08.14 14:12:00.185,1.0625,1.0627,4.80,4.00
2007.08.14 14:12:00.275,1.0625,1.0627,4.00,4.00
2007.08.14 14:12:01.925,1.0625,1.0627,4.00,4.80
2007.08.14 14:12:03.805,1.0625,1.0627,4.00,5.60
2007.08.14 14:12:03.854,1.06245,1.0627,3.20,8.00
2007.08.14 14:12:03.912,1.06245,1.0626,3.20,5.60
2007.08.14 14:12:04.115,1.06245,1.0626,1.60,5.60
2007.08.14 14:12:04.260,1.0624,1.0626,4.50,5.60
2007.08.14 14:12:04.325,1.0624,1.0626,4.50,4.00
2007.08.14 14:12:04.412,1.0624,1.0626,5.30,4.00
2007.08.14 14:12:04.419,1.0624,1.0626,6.30,4.00
2007.08.14 14:12:04.466,1.0624,1.0626,7.10,4.00
2007.08.14 14:12:04.529,1.0624,1.0626,7.70,4.00
2007.08.14 14:12:04.836,1.0624,1.0626,8.00,4.00
2007.08.14 14:12:04.885,1.0625,1.0626,4.00,4.00
2007.08.14 14:12:05.872,1.0625,1.0627,4.00,8.00
2007.08.14 14:12:06.269,1.0625,1.0627,4.00,7.20
2007.08.14 14:12:06.815,1.0625,1.0627,4.00,8.00
2007.08.14 14:12:06.823,1.0624,1.0627,17.60,8.00
2007.08.14 14:12:06.908,1.0624,1.0627,17.60,9.00
2007.08.14 14:12:06.926,1.0624,1.0627,17.60,14.60
2007.08.14 14:12:07.020,1.0624,1.0627,17.60,15.10
2007.08.14 14:12:07.117,1.0624,1.0627,16.80,15.10
2007.08.14 14:12:07.148,1.0624,1.0627,16.80,15.90
2007.08.14 14:12:07.239,1.0624,1.0627,16.90,15.90
2007.08.14 14:12:07.361,1.0625,1.0627,4.00,15.10
2007.08.14 14:12:07.519,1.0625,1.0627,4.00,9.50
2007.08.14 14:12:07.551,1.0625,1.0627,4.00,7.20
2007.08.14 14:12:09.820,1.0625,1.0627,4.00,4.00
2007.08.14 14:12:09.912,1.0625,1.0627,6.00,4.00
2007.08.14 14:12:09.935,1.0625,1.0627,6.80,4.00
2007.08.14 14:12:10.020,1.0625,1.0627,9.20,4.00
2007.08.14 14:12:10.037,1.0625,1.0627,10.30,4.00
2007.08.14 14:12:10.330,1.0625,1.0627,11.90,4.00
2007.08.14 14:12:11.559,1.0625,1.0627,10.80,4.00
2007.08.14 14:12:11.568,1.0625,1.0627,9.20,4.00
2007.08.14 14:12:11.898,1.0625,1.0627,9.10,4.00
2007.08.14 14:12:16.324,1.0624,1.0626,0.60,10.40
2007.08.14 14:12:16.445,1.0624,1.0626,0.20,10.40
2007.08.14 14:12:16.538,1.0624,1.0626,0.20,14.40
2007.08.14 14:12:16.549,1.06235,1.0626,3.20,14.40
2007.08.14 14:12:16.634,1.06235,1.0625,3.20,4.00
2007.08.14 14:12:16.841,1.06235,1.0625,3.20,12.70
2007.08.14 14:12:17.044,1.06235,1.0625,1.60,12.70
2007.08.14 14:12:17.061,1.0623,1.0625,17.30,12.70
2007.08.14 14:12:17.258,1.0623,1.0625,17.40,12.70
2007.08.14 14:12:17.366,1.0623,1.0625,25.50,4.00
2007.08.14 14:12:17.458,1.0623,1.0625,33.50,4.00
2007.08.14 14:12:17.880,1.0623,1.0625,29.50,8.00
2007.08.14 14:12:18.004,1.0623,1.0625,21.50,8.00
2007.08.14 14:12:18.237,1.0623,1.0625,17.50,8.00
2007.08.14 14:12:18.305,1.0623,1.0625,17.60,8.00
2007.08.14 14:12:19.925,1.0623,1.0625,12.70,10.40
2007.08.14 14:12:21.135,1.06225,1.0624,2.70,8.90
2007.08.14 14:12:21.282,1.0622,1.0624,6.40,9.50
2007.08.14 14:12:21.358,1.0622,1.0623,4.00,0.40
2007.08.14 14:12:21.377,1.0622,1.0624,6.40,10.30
2007.08.14 14:12:22.038,1.0622,1.0623,4.00,0.60
2007.08.14 14:12:22.341,1.0622,1.0623,4.00,1.60
2007.08.14 14:12:22.482,1.0622,1.0623,4.00,2.40
2007.08.14 14:12:22.596,1.0622,1.0623,4.00,3.20
2007.08.14 14:12:22.969,1.0622,1.0623,4.00,2.20
2007.08.14 14:12:23.077,1.0622,1.0623,4.00,1.40
2007.08.14 14:12:23.164,1.0622,1.0623,4.00,0.60
2007.08.14 14:12:23.293,1.0622,1.0623,4.00,0.50
2007.08.14 14:12:23.610,1.0622,1.0624,4.00,10.30
2007.08.14 14:12:23.797,1.0622,1.0624,4.00,10.20
2007.08.14 14:12:24.319,1.0622,1.0624,4.00,10.50
2007.08.14 14:12:24.561,1.0622,1.0623,4.00,0.50
2007.08.14 14:12:24.622,1.0622,1.0623,4.00,0.60
2007.08.14 14:12:25.170,1.0622,1.0624,4.00,9.70
2007.08.14 14:12:25.365,1.0622,1.0623,4.00,0.60
2007.08.14 14:12:25.455,1.0622,1.0623,4.00,0.60
2007.08.14 14:12:25.899,1.0622,1.0623,4.00,0.60
2007.08.14 14:12:26.106,1.0622,1.0623,4.00,0.50
2007.08.14 14:12:26.276,1.0622,1.0624,4.00,11.80
2007.08.14 14:12:26.720,1.0622,1.0623,4.00,0.50
2007.08.14 14:12:28.461,1.0622,1.0623,4.00,0.50
2007.08.14 14:12:29.921,1.0622,1.0624,4.00,10.90
2007.08.14 14:12:30.873,1.0622,1.06245,4.00,16.10
2007.08.14 14:12:31.069,1.0622,1.06245,4.00,15.30
2007.08.14 14:12:31.495,1.0622,1.06245,4.00,13.70
2007.08.14 14:12:31.580,1.0622,1.0624,4.00,0.70
2007.08.14 14:12:32.887,1.06215,1.0624,2.30,0.80
2007.08.14 14:12:32.923,1.06215,1.06245,2.30,13.40
2007.08.14 14:12:32.991,1.0623,1.0624,4.00,0.80
2007.08.14 14:12:33.038,1.0623,1.06245,4.70,10.40
2007.08.14 14:12:33.079,1.0623,1.0624,4.70,0.60
2007.08.14 14:12:33.553,1.0623,1.0625,6.00,0.90
2007.08.14 14:12:33.603,1.0623,1.06255,6.80,8.00
2007.08.14 14:12:33.705,1.0623,1.06255,7.60,6.40
2007.08.14 14:12:33.965,1.0623,1.06255,6.80,6.40
2007.08.14 14:12:34.016,1.0623,1.0626,6.00,33.20
2007.08.14 14:12:34.079,1.0623,1.0626,6.00,32.40
2007.08.14 14:12:34.102,1.0623,1.0626,6.00,32.40
2007.08.14 14:12:34.125,1.0623,1.0625,5.20,0.60
2007.08.14 14:12:34.181,1.0623,1.0626,4.20,35.00
2007.08.14 14:12:34.286,1.0623,1.0625,4.20,0.50
2007.08.14 14:12:34.324,1.0623,1.06255,4.20,8.00
2007.08.14 14:12:34.493,1.0623,1.06255,4.00,8.00
2007.08.14 14:12:37.710,1.06225,1.0624,2.30,0.80
2007.08.14 14:12:37.819,1.06225,1.0625,1.10,19.20
2007.08.14 14:12:37.905,1.0622,1.06225,5.80,0.20
2007.08.14 14:12:38.079,1.0622,1.06225,5.80,0.10
2007.08.14 14:12:38.158,1.0622,1.06235,5.80,0.80
2007.08.14 14:12:39.344,1.0622,1.0624,5.80,12.00
2007.08.14 14:12:41.133,1.0621,1.06235,8.40,13.40
2007.08.14 14:12:41.339,1.0621,1.06235,4.50,13.20
2007.08.14 14:12:41.749,1.0621,1.06235,4.40,13.60
2007.08.14 14:12:41.974,1.0621,1.0623,4.40,0.70
2007.08.14 14:12:42.087,1.0621,1.06235,4.40,15.20
2007.08.14 14:12:42.275,1.0621,1.0623,4.40,0.90
2007.08.14 14:12:42.908,1.0621,1.0623,0.30,0.50
2007.08.14 14:12:42.990,1.0621,1.0623,0.20,41.80
2007.08.14 14:12:43.110,1.062,1.0622,30.30,0.70
2007.08.14 14:12:43.203,1.062,1.0623,29.50,47.30
2007.08.14 14:12:43.324,1.062,1.0622,25.50,0.50
2007.08.14 14:12:43.399,1.062,1.0622,24.70,0.80
2007.08.14 14:12:43.421,1.062,1.0623,23.90,47.30
2007.08.14 14:12:43.523,1.062,1.0623,23.90,47.70
2007.08.14 14:12:43.618,1.062,1.0623,19.90,47.70
2007.08.14 14:12:44.952,1.0621,1.06235,2.70,16.40
2007.08.14 14:12:44.986,1.0621,1.0623,7.50,0.60
2007.08.14 14:12:45.063,1.0621,1.06235,7.70,12.20
2007.08.14 14:12:45.093,1.0621,1.06235,7.70,11.40
2007.08.14 14:12:45.167,1.0621,1.06235,7.70,10.60
2007.08.14 14:12:45.213,1.0621,1.0623,8.50,0.80
2007.08.14 14:12:45.577,1.0621,1.0624,8.50,33.70
2007.08.14 14:12:45.900,1.0621,1.0624,8.60,33.70
2007.08.14 14:12:46.982,1.0621,1.0624,8.90,32.90
2007.08.14 14:12:47.291,1.0621,1.0623,8.00,0.80
2007.08.14 14:12:47.349,1.0621,1.0623,7.20,0.60
2007.08.14 14:12:47.389,1.0621,1.0624,5.60,33.80
2007.08.14 14:12:47.447,1.0621,1.06235,4.80,5.30
2007.08.14 14:12:47.513,1.0621,1.06235,4.40,6.80
2007.08.14 14:12:47.557,1.0621,1.0623,4.40,0.80
2007.08.14 14:12:47.728,1.0621,1.0623,4.30,0.80
2007.08.14 14:12:47.770,1.0621,1.0623,4.30,0.80
2007.08.14 14:12:47.851,1.0621,1.0622,4.50,0.90
2007.08.14 14:12:48.170,1.0621,1.0622,4.40,0.80
2007.08.14 14:12:48.272,1.0621,1.0622,4.40,0.60
2007.08.14 14:12:48.400,1.0621,1.0623,4.80,17.90
2007.08.14 14:12:48.497,1.0621,1.0623,4.90,17.90
2007.08.14 14:12:48.932,1.0621,1.0623,4.60,22.20
2007.08.14 14:12:48.986,1.0621,1.0622,0.60,0.80
2007.08.14 14:12:49.028,1.0621,1.0623,0.80,34.20
2007.08.14 14:12:49.398,1.0621,1.0623,4.80,36.60
2007.08.14 14:12:49.463,1.0621,1.0623,4.90,28.60
2007.08.14 14:12:51.330,1.0621,1.0623,5.00,35.40
2007.08.14 14:12:51.761,1.0621,1.0623,4.80,36.20
2007.08.14 14:12:52.090,1.0621,1.0622,4.90,0.90
2007.08.14 14:12:52.414,1.0621,1.0622,0.90,0.80
2007.08.14 14:12:52.526,1.0621,1.0622,0.50,0.60
2007.08.14 14:12:52.621,1.0621,1.0622,0.20,0.50
2007.08.14 14:12:52.713,1.062,1.0622,6.40,0.80
2007.08.14 14:12:52.945,1.062,1.06225,6.40,8.00
2007.08.14 14:12:53.261,1.062,1.0623,5.60,24.00
2007.08.14 14:12:53.398,1.062,1.0623,4.80,24.00
2007.08.14 14:12:53.475,1.062,1.0622,4.80,15.90
2007.08.14 14:12:53.549,1.062,1.0621,4.00,0.50
2007.08.14 14:12:54.553,1.0621,1.0622,0.50,15.10
2007.08.14 14:12:55.001,1.0621,1.06225,0.50,8.00
2007.08.14 14:12:58.466,1.0621,1.0622,2.40,4.00
2007.08.14 14:12:58.478,1.0621,1.0622,6.40,4.00
2007.08.14 14:12:58.530,1.0621,1.0622,7.20,4.00
2007.08.14 14:12:58.579,1.0621,1.0622,7.60,4.00
2007.08.14 14:12:58.889,1.0621,1.0622,8.40,4.00
2007.08.14 14:12:59.934,1.0621,1.0623,8.50,10.00
2007.08.14 14:13:00.008,1.0621,1.0623,8.50,6.80
2007.08.14 14:13:00.056,1.0621,1.0623,8.50,5.20
2007.08.14 14:13:00.164,1.0621,1.0623,8.60,5.20
2007.08.14 14:13:00.237,1.0621,1.0623,8.60,4.40
2007.08.14 14:13:00.829,1.0621,1.0623,5.40,4.40
2007.08.14 14:13:04.448,1.0621,1.0622,5.30,4.00
2007.08.14 14:13:04.640,1.0622,1.0623,2.00,15.10
2007.08.14 14:13:04.673,1.0623,1.06235,0.80,4.80
2007.08.14 14:13:04.689,1.0623,1.06235,1.60,4.00
2007.08.14 14:13:04.760,1.0622,1.0623,2.80,15.40
2007.08.14 14:13:04.883,1.0622,1.0623,3.20,18.90
2007.08.14 14:13:04.991,1.0622,1.0623,3.20,10.20
2007.08.14 14:13:05.003,1.0622,1.0623,1.60,11.90
2007.08.14 14:13:05.088,1.0622,1.0623,2.40,10.00
2007.08.14 14:13:05.185,1.0622,1.0623,1.60,9.50
2007.08.14 14:13:05.301,1.0622,1.0623,2.20,9.50
2007.08.14 14:13:05.494,1.0622,1.0623,1.40,9.50
2007.08.14 14:13:05.533,1.0622,1.0623,1.20,9.50
2007.08.14 14:13:05.731,1.0622,1.0623,0.80,5.60
2007.08.14 14:13:05.761,1.0622,1.0623,0.80,4.80
2007.08.14 14:13:06.053,1.0621,1.0623,16.40,4.80
2007.08.14 14:13:06.162,1.0622,1.0623,0.80,4.80
2007.08.14 14:13:06.507,1.0622,1.0623,0.80,22.30
2007.08.14 14:13:06.604,1.0622,1.0623,0.80,24.70
2007.08.14 14:13:06.924,1.0622,1.0623,0.80,24.70
2007.08.14 14:13:07.459,1.0622,1.0623,0.80,6.40
2007.08.14 14:13:09.589,1.0621,1.0623,5.90,6.50
2007.08.14 14:13:09.664,1.0621,1.0623,3.50,5.70
2007.08.14 14:13:09.716,1.0621,1.0623,2.70,5.70
2007.08.14 14:13:09.921,1.0621,1.0623,2.70,5.60
2007.08.14 14:13:10.015,1.0621,1.0623,2.60,5.60
2007.08.14 14:13:10.328,1.0621,1.0623,4.20,5.60
2007.08.14 14:13:10.340,1.0621,1.0623,4.30,5.60
2007.08.14 14:13:10.559,1.0621,1.0623,5.10,5.60
2007.08.14 14:13:10.674,1.0621,1.0623,4.30,5.60
2007.08.14 14:13:10.751,1.0621,1.0623,3.50,5.60
2007.08.14 14:13:10.778,1.062,1.0621,9.40,0.10
2007.08.14 14:13:10.918,1.0621,1.0623,1.60,7.60
2007.08.14 14:13:10.964,1.0621,1.0622,1.60,2.40
2007.08.14 14:13:11.055,1.062,1.0621,4.60,3.20
2007.08.14 14:13:11.093,1.06195,1.0621,5.20,7.20
2007.08.14 14:13:11.112,1.06195,1.0621,0.60,7.20
2007.08.14 14:13:11.155,1.0619,1.0621,13.60,7.20
2007.08.14 14:13:11.215,1.0619,1.0621,10.40,7.20
2007.08.14 14:13:11.627,1.0619,1.062,6.40,4.00
2007.08.14 14:13:12.083,1.0619,1.062,5.60,4.00
2007.08.14 14:13:12.810,1.0619,1.062,6.40,4.00
2007.08.14 14:13:12.843,1.0619,1.062,7.60,4.00
2007.08.14 14:13:12.965,1.0619,1.062,8.40,4.00
2007.08.14 14:13:13.158,1.0619,1.062,8.60,4.00
2007.08.14 14:13:13.273,1.0619,1.062,4.60,4.00
2007.08.14 14:13:13.380,1.0619,1.062,4.40,4.00
2007.08.14 14:13:13.417,1.0619,1.062,5.20,4.00
2007.08.14 14:13:13.795,1.0619,1.062,5.40,4.00
2007.08.14 14:13:14.122,1.0619,1.062,5.50,4.00
2007.08.14 14:13:14.262,1.0619,1.062,6.30,4.00
2007.08.14 14:13:14.322,1.0619,1.062,7.90,4.00
2007.08.14 14:13:14.362,1.0619,1.062,8.10,4.00
2007.08.14 14:13:14.449,1.0619,1.0621,8.10,7.20
2007.08.14 14:13:14.558,1.0619,1.0621,8.00,7.20
2007.08.14 14:13:15.508,1.0619,1.0621,8.20,4.00
2007.08.14 14:13:15.722,1.0621,1.0622,0.70,8.80
2007.08.14 14:13:16.152,1.062,1.0621,2.40,4.00
2007.08.14 14:13:16.212,1.062,1.0621,1.60,4.00
2007.08.14 14:13:16.223,1.0619,1.0621,10.00,4.00
2007.08.14 14:13:16.620,1.0618,1.0621,44.20,4.00
2007.08.14 14:13:17.011,1.0618,1.0621,47.30,4.00
2007.08.14 14:13:17.026,1.062,1.0621,0.50,4.00
2007.08.14 14:13:17.252,1.0619,1.0621,10.80,4.00
2007.08.14 14:13:17.344,1.0619,1.0621,10.80,4.00
2007.08.14 14:13:17.356,1.0619,1.0621,11.60,4.00
2007.08.14 14:13:17.448,1.0621,1.0622,0.20,4.00
2007.08.14 14:13:18.207,1.0621,1.0622,0.70,4.00
2007.08.14 14:13:18.963,1.0621,1.0622,0.20,28.10
2007.08.14 14:13:19.165,1.0619,1.0621,38.80,4.10
2007.08.14 14:13:19.285,1.0619,1.0621,38.80,4.00
2007.08.14 14:13:19.409,1.062,1.0621,1.60,4.00
2007.08.14 14:13:23.437,1.0619,1.0621,6.10,4.00
2007.08.14 14:13:23.459,1.0619,1.0621,13.00,4.00
2007.08.14 14:13:23.561,1.0619,1.0621,1.40,4.00
2007.08.14 14:13:23.573,1.0619,1.0621,8.30,4.00
2007.08.14 14:13:23.668,1.0618,1.0621,49.00,8.00
2007.08.14 14:13:23.784,1.0618,1.0621,51.50,8.00
2007.08.14 14:13:23.894,1.0618,1.0621,51.70,8.00
2007.08.14 14:13:24.104,1.0618,1.0621,52.50,8.00
2007.08.14 14:13:25.192,1.0619,1.0621,5.80,8.00
2007.08.14 14:13:25.506,1.0618,1.0621,53.10,8.00
2007.08.14 14:13:25.724,1.0619,1.0621,0.80,8.00
2007.08.14 14:13:25.867,1.0618,1.0621,56.20,8.00
2007.08.14 14:13:26.386,1.0619,1.0621,8.10,4.00
2007.08.14 14:13:26.417,1.062,1.0621,1.90,4.00
2007.08.14 14:13:29.484,1.0619,1.0621,41.40,4.00
2007.08.14 14:13:29.589,1.062,1.0622,7.30,4.00
2007.08.14 14:13:29.801,1.0621,1.0622,1.00,4.00
2007.08.14 14:13:29.820,1.062,1.0622,11.80,4.00
2007.08.14 14:13:29.921,1.062,1.0622,12.50,4.00
2007.08.14 14:13:30.051,1.062,1.0622,13.30,4.00
2007.08.14 14:13:30.521,1.0621,1.0622,4.10,4.00
2007.08.14 14:13:30.593,1.0621,1.0622,0.80,4.00
2007.08.14 14:13:30.722,1.0621,1.0622,2.70,4.00
2007.08.14 14:13:30.790,1.0621,1.0622,0.80,4.00
2007.08.14 14:13:30.886,1.0621,1.0622,1.70,4.00
2007.08.14 14:13:30.914,1.0621,1.0622,2.50,4.00
2007.08.14 14:13:31.543,1.062,1.0622,32.30,4.00
2007.08.14 14:13:31.642,1.062,1.0622,32.40,4.00
2007.08.14 14:13:32.305,1.0621,1.0622,0.30,4.00
2007.08.14 14:13:32.719,1.0621,1.0622,0.80,4.00
2007.08.14 14:13:33.491,1.062,1.0622,19.20,4.00
2007.08.14 14:13:33.739,1.062,1.0623,20.10,45.80
2007.08.14 14:13:36.691,1.0621,1.0622,0.70,0.50
2007.08.14 14:13:37.026,1.0621,1.0622,0.80,0.50
2007.08.14 14:13:37.101,1.062,1.0623,20.30,42.20
2007.08.14 14:13:37.145,1.0621,1.0622,0.70,0.70
2007.08.14 14:13:37.211,1.062,1.0623,27.20,26.50
2007.08.14 14:13:37.582,1.062,1.0624,20.30,35.00
2007.08.14 14:13:37.779,1.062,1.06235,20.30,8.20
2007.08.14 14:13:37.790,1.0621,1.0623,0.60,0.70
2007.08.14 14:13:38.015,1.062,1.06235,24.90,8.80
2007.08.14 14:13:38.022,1.0621,1.06235,9.80,8.80
2007.08.14 14:13:38.107,1.0621,1.06235,10.20,8.80
2007.08.14 14:13:38.448,1.0621,1.0624,10.10,16.00
2007.08.14 14:13:41.249,1.0621,1.0624,38.40,36.70
2007.08.14 14:13:41.329,1.0621,1.0624,40.00,35.70
2007.08.14 14:13:41.346,1.0622,1.0623,0.90,0.50
2007.08.14 14:13:41.546,1.0621,1.0624,40.80,34.10
2007.08.14 14:13:41.660,1.0622,1.0623,0.70,0.70
2007.08.14 14:13:41.685,1.0622,1.0623,0.90,0.60
2007.08.14 14:13:41.741,1.0622,1.0623,0.60,0.50
2007.08.14 14:13:41.987,1.0622,1.0623,0.90,0.60
2007.08.14 14:13:42.003,1.0621,1.0624,39.00,34.20
2007.08.14 14:13:42.092,1.0622,1.0623,0.70,0.50
2007.08.14 14:13:42.188,1.0622,1.0623,0.90,0.80
2007.08.14 14:13:42.395,1.0621,1.06235,9.10,9.90
2007.08.14 14:13:42.835,1.0621,1.06235,8.90,10.40
2007.08.14 14:13:44.547,1.0621,1.0622,4.40,0.80
2007.08.14 14:13:45.324,1.0621,1.0622,8.10,0.80
2007.08.14 14:13:45.752,1.0621,1.0623,8.00,29.70
2007.08.14 14:13:45.957,1.0621,1.0622,7.20,0.60
2007.08.14 14:13:46.040,1.0621,1.0623,5.40,29.90
2007.08.14 14:13:46.261,1.0621,1.0622,4.80,0.70
2007.08.14 14:13:46.604,1.0621,1.0623,4.80,41.30
2007.08.14 14:13:46.690,1.0621,1.0623,4.80,43.70
2007.08.14 14:13:46.827,1.0621,1.0623,4.80,46.10
2007.08.14 14:13:47.140,1.0621,1.0622,4.80,0.90
2007.08.14 14:13:47.326,1.0621,1.0623,4.80,48.30
2007.08.14 14:13:47.452,1.0621,1.0623,4.80,42.70
2007.08.14 14:13:47.533,1.0621,1.0622,4.00,0.60
2007.08.14 14:13:47.771,1.062,1.0623,15.90,46.70
2007.08.14 14:13:48.089,1.062,1.0623,15.90,47.60
2007.08.14 14:13:50.149,1.062,1.0623,15.90,47.60
2007.08.14 14:13:50.247,1.062,1.0623,15.90,46.80
2007.08.14 14:13:50.326,1.062,1.0622,15.90,0.60
2007.08.14 14:13:50.364,1.062,1.0623,15.90,42.00
2007.08.14 14:13:50.528,1.0621,1.0622,4.00,0.80
2007.08.14 14:13:50.678,1.0621,1.0623,4.10,32.20
2007.08.14 14:13:50.791,1.0621,1.0623,4.40,28.20
2007.08.14 14:13:53.930,1.0621,1.0622,5.20,0.60
2007.08.14 14:13:54.153,1.0621,1.0623,6.00,27.40
2007.08.14 14:13:54.340,1.0621,1.0623,5.20,27.40
2007.08.14 14:13:54.584,1.0621,1.0623,4.40,27.40
2007.08.14 14:13:55.164,1.0621,1.0623,4.70,18.30
2007.08.14 14:13:55.257,1.0621,1.0622,5.90,0.50
2007.08.14 14:13:55.372,1.0621,1.0623,5.90,0.80
2007.08.14 14:13:55.469,1.0621,1.0624,5.10,18.90
2007.08.14 14:13:55.591,1.0621,1.0624,4.80,18.90
2007.08.14 14:13:55.829,1.0621,1.0623,4.40,0.60
2007.08.14 14:13:56.028,1.0621,1.0623,4.80,0.70
2007.08.14 14:13:56.078,1.0622,1.0623,4.00,0.80
2007.08.14 14:13:56.458,1.0622,1.0624,4.00,15.60
2007.08.14 14:14:01.619,1.0622,1.0624,4.20,36.50
2007.08.14 14:14:03.527,1.0622,1.0623,4.30,4.00
2007.08.14 14:14:03.637,1.0622,1.0623,4.50,4.00
2007.08.14 14:14:04.617,1.0622,1.0623,4.60,4.00
2007.08.14 14:14:04.732,1.0622,1.0623,4.80,4.00
2007.08.14 14:14:05.550,1.0622,1.0623,5.10,4.00
2007.08.14 14:14:05.619,1.0622,1.0623,4.80,4.00
2007.08.14 14:14:05.985,1.0622,1.0623,5.60,4.00
2007.08.14 14:14:06.015,1.0622,1.0623,6.70,4.00
2007.08.14 14:14:06.449,1.0622,1.0624,6.70,4.20
2007.08.14 14:14:06.541,1.0622,1.0624,6.90,4.20
2007.08.14 14:14:06.601,1.0623,1.0624,4.00,4.20
2007.08.14 14:14:07.881,1.0623,1.06245,4.20,8.00
2007.08.14 14:14:07.913,1.0623,1.0624,4.20,0.90
2007.08.14 14:14:07.921,1.0623,1.0624,4.20,0.60
2007.08.14 14:14:08.010,1.0623,1.0624,4.40,0.70
2007.08.14 14:14:08.655,1.0623,1.0625,5.20,24.10
2007.08.14 14:14:08.695,1.0623,1.0624,6.40,0.60
2007.08.14 14:14:08.970,1.0623,1.0625,7.20,21.70
2007.08.14 14:14:09.012,1.0623,1.0625,7.60,19.30
2007.08.14 14:14:09.104,1.0623,1.0625,7.60,0.90
2007.08.14 14:14:09.220,1.0623,1.06255,8.40,8.00
2007.08.14 14:14:09.654,1.0623,1.0625,8.60,0.90
2007.08.14 14:14:09.765,1.0623,1.0626,9.00,25.00
2007.08.14 14:14:10.509,1.0623,1.0625,12.20,0.70
2007.08.14 14:14:10.718,1.0624,1.0626,4.00,22.60
2007.08.14 14:14:10.873,1.0624,1.0626,4.80,12.00
2007.08.14 14:14:15.681,1.0624,1.0626,4.90,33.70
2007.08.14 14:14:15.887,1.0624,1.0626,4.80,33.70
2007.08.14 14:14:16.000,1.0624,1.0626,5.00,33.70
2007.08.14 14:14:16.342,1.0624,1.0626,4.90,33.70
2007.08.14 14:14:17.168,1.0624,1.0626,4.80,40.90
2007.08.14 14:14:17.192,1.0624,1.0625,0.80,0.70
2007.08.14 14:14:17.347,1.0623,1.0626,28.40,46.50
2007.08.14 14:14:17.726,1.0623,1.0625,16.40,0.90
2007.08.14 14:14:18.197,1.0623,1.0625,16.40,0.90
2007.08.14 14:14:18.250,1.0623,1.0625,16.40,0.50
2007.08.14 14:14:20.083,1.0623,1.0625,8.50,0.90
2007.08.14 14:14:20.196,1.0623,1.0626,8.20,42.80
2007.08.14 14:14:20.330,1.0623,1.0624,8.20,0.80
2007.08.14 14:14:20.418,1.0623,1.0624,7.20,0.60
2007.08.14 14:14:20.503,1.0623,1.0624,6.30,0.80
2007.08.14 14:14:20.527,1.0623,1.0624,5.50,0.80
2007.08.14 14:14:20.586,1.0623,1.0624,4.70,0.60
2007.08.14 14:14:20.847,1.0623,1.0624,4.80,0.80
2007.08.14 14:14:23.729,1.0623,1.0625,4.80,40.10
2007.08.14 14:14:23.753,1.0623,1.0625,0.80,40.10
2007.08.14 14:14:23.867,1.0623,1.0624,0.60,0.50
2007.08.14 14:14:24.479,1.0622,1.0624,15.50,0.50
2007.08.14 14:14:27.824,1.0622,1.0624,15.60,0.80
2007.08.14 14:14:28.574,1.0623,1.0624,4.00,0.60
2007.08.14 14:14:28.762,1.0623,1.0625,4.10,38.60
2007.08.14 14:14:28.895,1.0623,1.0625,4.30,38.50
2007.08.14 14:14:29.213,1.0623,1.0625,4.00,38.50
2007.08.14 14:14:31.684,1.0622,1.0625,28.20,34.60
2007.08.14 14:14:31.797,1.0622,1.0624,19.60,0.70
2007.08.14 14:14:32.316,1.0622,1.0625,19.50,43.30
2007.08.14 14:14:34.345,1.0622,1.0625,15.50,43.30
2007.08.14 14:14:34.454,1.0622,1.0625,14.70,43.30
2007.08.14 14:14:34.496,1.0622,1.0624,13.90,0.80
2007.08.14 14:14:34.645,1.0623,1.0625,4.00,41.70
2007.08.14 14:14:34.764,1.0623,1.0625,4.00,27.40
2007.08.14 14:14:39.596,1.0622,1.0624,29.70,4.00
2007.08.14 14:14:39.630,1.0622,1.0624,23.90,4.00
2007.08.14 14:14:39.852,1.0622,1.0624,31.90,4.00
2007.08.14 14:14:40.068,1.0622,1.0624,27.90,4.00
2007.08.14 14:14:49.166,1.0623,1.0624,4.00,4.00
2007.08.14 14:14:49.302,1.0623,1.0624,4.20,4.00
2007.08.14 14:14:57.142,1.0623,1.0624,4.40,4.00
2007.08.14 14:14:59.488,1.0623,1.0624,4.40,0.90
2007.08.14 14:14:59.517,1.0623,1.0624,4.30,0.90
2007.08.14 14:15:00.679,1.0623,1.0624,4.20,0.50
2007.08.14 14:15:01.627,1.0623,1.06255,4.20,12.00
2007.08.14 14:15:01.674,1.0623,1.06255,4.20,9.60
2007.08.14 14:15:01.733,1.0623,1.06255,4.40,9.60
2007.08.14 14:15:01.857,1.0623,1.0625,4.40,0.70
2007.08.14 14:15:01.876,1.0623,1.06255,4.40,7.20
2007.08.14 14:15:01.946,1.0623,1.06255,5.60,7.20
2007.08.14 14:15:02.075,1.0623,1.0625,6.40,0.60
2007.08.14 14:15:02.460,1.0623,1.0626,7.20,26.00
2007.08.14 14:15:02.480,1.0623,1.0626,7.30,25.20
2007.08.14 14:15:02.687,1.0623,1.0626,9.50,20.40
2007.08.14 14:15:02.735,1.0624,1.0626,4.00,18.20
2007.08.14 14:15:02.789,1.0624,1.0625,4.00,0.70
2007.08.14 14:15:02.808,1.0624,1.0626,4.00,17.50
2007.08.14 14:15:08.158,1.0623,1.0625,27.80,0.50
2007.08.14 14:15:08.234,1.0623,1.0625,19.20,0.90
2007.08.14 14:15:08.306,1.0623,1.0625,18.40,0.80
2007.08.14 14:15:08.359,1.0623,1.0626,17.20,45.90
2007.08.14 14:15:08.373,1.0623,1.0626,17.20,45.90
2007.08.14 14:15:08.450,1.0623,1.0625,16.40,0.90
2007.08.14 14:15:08.521,1.0623,1.0625,16.40,0.90
2007.08.14 14:15:08.612,1.0623,1.0625,16.40,0.80
2007.08.14 14:15:08.732,1.0623,1.06255,16.30,8.00
2007.08.14 14:15:09.073,1.0623,1.06255,16.30,16.00
2007.08.14 14:15:09.283,1.0623,1.06255,21.20,7.20
2007.08.14 14:15:09.407,1.0623,1.06255,22.00,5.60
2007.08.14 14:15:09.447,1.0624,1.0625,4.00,0.70
2007.08.14 14:15:09.828,1.0624,1.0626,4.00,40.40
2007.08.14 14:15:14.798,1.0623,1.0625,32.60,0.80
2007.08.14 14:15:14.994,1.0623,1.0626,31.80,37.50
2007.08.14 14:15:15.080,1.0623,1.0625,31.00,0.60
2007.08.14 14:15:15.619,1.0624,1.0625,0.80,0.70
2007.08.14 14:15:15.786,1.0624,1.0625,1.60,0.60
2007.08.14 14:15:16.144,1.0624,1.0625,5.60,0.80
2007.08.14 14:15:17.058,1.0624,1.0625,5.60,0.90
2007.08.14 14:15:17.775,1.0624,1.06255,7.90,4.90
2007.08.14 14:15:18.713,1.0624,1.0625,3.90,0.80
2007.08.14 14:15:18.852,1.0624,1.06255,4.00,4.90
2007.08.14 14:15:18.877,1.0624,1.06255,3.20,4.90
2007.08.14 14:15:18.908,1.0624,1.06255,2.40,4.90
2007.08.14 14:15:19.275,1.0624,1.0625,0.80,0.70
2007.08.14 14:15:19.400,1.0624,1.06255,0.20,4.90
2007.08.14 14:15:20.770,1.0624,1.06255,0.20,0.90
2007.08.14 14:15:20.780,1.0625,1.0626,4.00,12.60
2007.08.14 14:15:20.934,1.0625,1.0626,4.00,8.50
2007.08.14 14:15:20.998,1.0625,1.0627,4.00,33.10
2007.08.14 14:15:21.109,1.0625,1.0627,4.00,42.10
2007.08.14 14:15:21.212,1.0624,1.0626,32.00,0.50
2007.08.14 14:15:21.257,1.0624,1.0626,32.00,0.80
2007.08.14 14:15:21.337,1.0624,1.0627,32.00,42.50
2007.08.14 14:15:21.443,1.0624,1.0626,23.20,0.60
2007.08.14 14:15:21.646,1.0624,1.06265,19.20,4.90
2007.08.14 14:15:22.630,1.0625,1.06265,4.00,4.90
2007.08.14 14:15:27.254,1.0624,1.0626,23.90,0.50
2007.08.14 14:15:27.281,1.0624,1.06265,8.00,6.50
2007.08.14 14:15:27.698,1.0624,1.0626,4.00,0.60
2007.08.14 14:15:30.242,1.0624,1.0626,19.90,4.00
2007.08.14 14:15:30.254,1.0625,1.0626,4.00,4.00
2007.08.14 14:15:35.744,1.0625,1.0626,4.00,12.00
2007.08.14 14:15:35.752,1.0624,1.0626,19.90,12.00
2007.08.14 14:15:35.850,1.0624,1.0626,19.90,12.40
2007.08.14 14:15:35.912,1.0624,1.0626,19.90,12.90
2007.08.14 14:15:35.941,1.0624,1.0626,19.90,13.40
2007.08.14 14:15:36.228,1.0624,1.0626,11.90,17.40
2007.08.14 14:15:37.188,1.0624,1.0626,11.90,9.40
2007.08.14 14:15:37.687,1.0624,1.0626,11.90,10.20
2007.08.14 14:15:37.709,1.0624,1.0626,11.90,11.00
2007.08.14 14:15:37.820,1.0624,1.0626,11.90,11.80
2007.08.14 14:15:38.041,1.0624,1.0626,11.90,19.80
2007.08.14 14:15:40.139,1.0624,1.0626,11.90,19.00
2007.08.14 14:15:40.188,1.0624,1.0626,11.90,18.20
2007.08.14 14:15:40.256,1.0624,1.0626,11.90,17.40
2007.08.14 14:15:40.465,1.0624,1.0626,11.90,16.90
2007.08.14 14:15:40.713,1.0624,1.0626,11.90,16.40
2007.08.14 14:15:40.791,1.0624,1.0626,4.00,25.10
2007.08.14 14:15:40.802,1.0624,1.0626,4.00,24.70
2007.08.14 14:15:40.898,1.0624,1.0626,4.00,28.10
2007.08.14 14:15:41.015,1.0624,1.0626,4.00,28.30
2007.08.14 14:15:41.024,1.0624,1.0626,4.00,29.10
2007.08.14 14:15:41.101,1.0624,1.0626,4.00,29.90
2007.08.14 14:15:42.340,1.0624,1.0626,4.00,30.20
2007.08.14 14:15:42.448,1.0624,1.0625,4.00,4.00
2007.08.14 14:15:42.543,1.0624,1.0626,4.00,30.20
2007.08.14 14:15:42.733,1.0623,1.0626,47.40,30.20
2007.08.14 14:15:42.771,1.0623,1.0626,41.60,40.00
2007.08.14 14:15:42.866,1.0623,1.0626,41.60,32.00
2007.08.14 14:15:42.903,1.0623,1.06255,40.80,1.60
2007.08.14 14:15:43.193,1.0623,1.06255,40.70,1.60
2007.08.14 14:15:43.302,1.0623,1.06255,36.70,1.60
2007.08.14 14:15:46.818,1.0623,1.06255,43.10,1.60
2007.08.14 14:15:46.883,1.0624,1.06255,4.00,1.60
2007.08.14 14:15:48.810,1.0624,1.0625,4.00,4.00
2007.08.14 14:15:48.835,1.0623,1.0625,32.60,4.00
2007.08.14 14:15:48.905,1.0623,1.0625,24.60,4.00
2007.08.14 14:15:49.226,1.0623,1.0625,24.50,4.00
2007.08.14 14:15:49.257,1.0624,1.0625,4.00,4.00
2007.08.14 14:15:49.677,1.0624,1.0625,4.80,4.00
2007.08.14 14:15:50.302,1.0624,1.06255,4.80,1.60
2007.08.14 14:15:50.503,1.0624,1.0626,4.80,30.90
2007.08.14 14:15:51.203,1.0624,1.0626,0.80,30.90
2007.08.14 14:15:51.265,1.0624,1.0625,0.80,4.00
2007.08.14 14:15:51.600,1.0623,1.0625,25.00,4.00
2007.08.14 14:15:51.772,1.0623,1.0625,22.60,4.00
2007.08.14 14:15:52.211,1.0623,1.0625,22.60,4.00
2007.08.14 14:15:53.255,1.0624,1.0625,4.00,4.00
2007.08.14 14:15:53.488,1.0624,1.0625,4.80,4.00
2007.08.14 14:16:00.006,1.0624,1.0625,5.60,4.00
2007.08.14 14:16:02.223,1.0623,1.0625,41.30,4.00
2007.08.14 14:16:02.337,1.0624,1.06255,0.70,1.60
2007.08.14 14:16:02.777,1.0624,1.0626,1.20,4.80
2007.08.14 14:16:03.189,1.0623,1.0626,23.10,4.00
2007.08.14 14:16:06.288,1.0624,1.0626,5.60,4.00
2007.08.14 14:16:06.984,1.0624,1.0626,6.00,4.00
2007.08.14 14:16:07.221,1.0624,1.0626,6.80,4.00
2007.08.14 14:16:07.301,1.06235,1.0626,11.60,4.00
2007.08.14 14:16:07.470,1.06235,1.0626,10.80,4.00
2007.08.14 14:16:10.853,1.0623,1.0626,36.60,4.00
2007.08.14 14:16:11.589,1.0623,1.0626,39.90,4.00
2007.08.14 14:16:11.641,1.0624,1.0626,0.80,5.60
2007.08.14 14:16:11.755,1.0623,1.0626,39.60,5.60
2007.08.14 14:16:11.877,1.06225,1.0626,36.40,5.60
2007.08.14 14:16:11.977,1.06225,1.0626,36.20,5.60
2007.08.14 14:16:12.771,1.06225,1.0626,35.40,5.60
2007.08.14 14:16:12.966,1.0625,1.0626,1.80,5.60
2007.08.14 14:16:15.373,1.0624,1.06265,19.60,5.60
2007.08.14 14:16:15.598,1.06235,1.06265,23.80,1.60
2007.08.14 14:16:15.826,1.0624,1.06265,6.00,1.60
2007.08.14 14:16:15.896,1.0626,1.06265,1.10,1.60
2007.08.14 14:16:16.092,1.0625,1.0627,11.90,11.70
2007.08.14 14:16:16.110,1.0626,1.0627,2.10,7.70
2007.08.14 14:16:17.213,1.0625,1.0627,11.90,6.90
2007.08.14 14:16:18.547,1.0625,1.0627,11.90,6.60
2007.08.14 14:16:18.655,1.0625,1.0627,11.90,5.80
2007.08.14 14:16:18.668,1.0626,1.0627,2.00,4.80
2007.08.14 14:16:18.688,1.0625,1.0627,12.00,4.00
2007.08.14 14:16:19.269,1.0625,1.0627,2.20,4.00
2007.08.14 14:16:19.408,1.0624,1.0628,48.40,17.80
2007.08.14 14:16:19.494,1.0625,1.0628,4.30,17.00
2007.08.14 14:16:19.929,1.0625,1.0628,3.30,13.00
2007.08.14 14:16:20.054,1.06245,1.0628,17.10,13.80
2007.08.14 14:16:20.694,1.06245,1.0628,17.10,13.00
2007.08.14 14:16:20.791,1.06245,1.0628,17.10,12.40
2007.08.14 14:16:20.909,1.06245,1.0628,17.20,12.40
2007.08.14 14:16:20.950,1.06245,1.0628,17.20,11.60
2007.08.14 14:16:21.345,1.0626,1.0628,0.70,11.60
2007.08.14 14:16:21.369,1.0626,1.0628,0.50,13.20
2007.08.14 14:16:21.428,1.0626,1.0628,2.40,17.30
2007.08.14 14:16:21.742,1.0625,1.0628,12.30,18.10
2007.08.14 14:16:21.839,1.0625,1.0628,12.30,20.50
2007.08.14 14:16:22.115,1.0626,1.0628,1.10,24.50
2007.08.14 14:16:25.946,1.0625,1.0628,12.30,24.90
2007.08.14 14:16:27.010,1.0625,1.0627,11.90,0.20
2007.08.14 14:16:27.133,1.0625,1.0628,11.90,24.90
2007.08.14 14:16:27.434,1.0626,1.0628,1.30,25.10
2007.08.14 14:16:27.868,1.0625,1.0628,26.30,15.10
2007.08.14 14:16:27.884,1.06255,1.0628,23.10,10.30
2007.08.14 14:16:27.933,1.06255,1.0628,19.10,6.30
2007.08.14 14:16:27.985,1.06255,1.0628,19.10,5.50
2007.08.14 14:16:28.076,1.06255,1.0628,19.10,3.40
2007.08.14 14:16:28.209,1.0626,1.0628,4.00,3.20
2007.08.14 14:16:28.321,1.06255,1.0628,19.20,0.80
2007.08.14 14:16:28.533,1.06255,1.0629,19.20,20.40
2007.08.14 14:16:28.596,1.0626,1.0629,2.10,19.60
2007.08.14 14:16:28.840,1.06255,1.0629,19.20,18.80
2007.08.14 14:16:29.139,1.06255,1.0629,19.30,15.60
2007.08.14 14:16:29.354,1.0626,1.0629,17.50,9.80
2007.08.14 14:16:29.387,1.0627,1.0629,11.90,7.40
2007.08.14 14:16:29.464,1.0627,1.0629,11.90,7.20
2007.08.14 14:16:29.487,1.0628,1.0629,2.40,6.40
2007.08.14 14:16:29.580,1.0628,1.0629,1.40,4.00
2007.08.14 14:16:31.849,1.0627,1.0629,10.30,4.00
2007.08.14 14:16:31.864,1.0628,1.063,15.10,16.40
2007.08.14 14:16:31.956,1.0628,1.063,15.10,15.60
2007.08.14 14:16:31.967,1.0628,1.063,15.10,7.20
2007.08.14 14:16:32.090,1.0628,1.063,15.10,0.80
2007.08.14 14:16:32.605,1.0628,1.0631,15.10,16.50
2007.08.14 14:16:32.669,1.0628,1.0631,15.10,18.10
2007.08.14 14:16:32.695,1.0628,1.0631,15.10,22.10
2007.08.14 14:16:32.771,1.0628,1.0631,15.90,22.10
2007.08.14 14:16:32.812,1.0628,1.0631,16.80,22.10
2007.08.14 14:16:32.941,1.0628,1.0631,17.60,22.10
2007.08.14 14:16:33.437,1.0628,1.0631,16.70,21.70
2007.08.14 14:16:33.463,1.0628,1.0631,15.90,21.70
2007.08.14 14:16:33.586,1.0628,1.0631,15.10,21.70
2007.08.14 14:16:34.386,1.0628,1.0631,15.10,26.50
2007.08.14 14:16:34.427,1.0628,1.0631,7.90,34.50
2007.08.14 14:16:34.437,1.0629,1.0631,4.00,34.50
2007.08.14 14:16:34.514,1.0629,1.0631,4.00,35.00
2007.08.14 14:16:34.729,1.0628,1.0631,11.90,35.00
2007.08.14 14:16:34.739,1.0628,1.063,11.90,16.00
2007.08.14 14:16:34.938,1.0628,1.0629,4.00,4.00
2007.08.14 14:16:36.127,1.0628,1.0629,4.00,4.10
2007.08.14 14:16:36.349,1.06265,1.0629,4.00,4.00
2007.08.14 14:16:36.382,1.0627,1.0629,4.00,4.00
2007.08.14 14:16:36.449,1.0627,1.0629,4.00,4.30
2007.08.14 14:16:36.551,1.0627,1.0629,4.00,4.00
2007.08.14 14:16:36.669,1.0628,1.0629,2.00,4.00
2007.08.14 14:16:36.800,1.0628,1.0629,1.60,3.60
2007.08.14 14:16:36.993,1.0628,1.063,2.40,10.60
2007.08.14 14:16:37.190,1.0629,1.063,4.00,8.80
2007.08.14 14:16:37.315,1.0628,1.063,28.10,11.20
2007.08.14 14:16:37.370,1.0628,1.06295,28.10,4.00
2007.08.14 14:16:37.446,1.0628,1.0629,1.60,4.00
2007.08.14 14:16:37.469,1.0628,1.0629,0.80,4.00
2007.08.14 14:16:37.615,1.0627,1.0629,10.80,4.00
2007.08.14 14:16:37.658,1.0627,1.0629,14.80,4.00
2007.08.14 14:16:37.674,1.0627,1.0629,13.80,4.00
2007.08.14 14:16:37.758,1.0627,1.0629,13.00,4.00
2007.08.14 14:16:37.883,1.0627,1.0629,12.90,4.00
2007.08.14 14:16:37.932,1.0627,1.0629,13.70,4.00
2007.08.14 14:16:37.999,1.0627,1.0629,10.80,4.00
2007.08.14 14:16:38.042,1.06275,1.0629,4.00,4.00
2007.08.14 14:16:38.349,1.0627,1.0629,10.80,4.00
2007.08.14 14:16:38.681,1.0627,1.0629,6.80,4.00
2007.08.14 14:16:40.405,1.0627,1.0629,7.50,4.00
2007.08.14 14:16:40.416,1.0628,1.0629,4.00,4.00
2007.08.14 14:16:47.508,1.0628,1.0629,4.00,5.30
2007.08.14 14:16:47.526,1.0628,1.0629,4.00,6.10
2007.08.14 14:16:47.865,1.0628,1.0629,4.00,6.90
2007.08.14 14:16:48.250,1.0628,1.0629,4.00,5.60
2007.08.14 14:16:48.321,1.0628,1.0629,4.00,4.80
2007.08.14 14:16:48.379,1.0628,1.0629,4.00,4.00
2007.08.14 14:16:48.865,1.0626,1.0629,18.90,4.00
2007.08.14 14:16:48.882,1.0627,1.0629,4.00,4.00
2007.08.14 14:16:48.977,1.0627,1.0629,4.00,4.40
2007.08.14 14:16:49.604,1.0627,1.0628,4.00,4.00
2007.08.14 14:16:52.189,1.0627,1.0628,4.10,4.00
2007.08.14 14:16:52.405,1.0627,1.0628,4.00,4.00
2007.08.14 14:16:53.246,1.0627,1.0628,5.20,4.00
2007.08.14 14:16:53.294,1.0627,1.0628,6.00,4.00
2007.08.14 14:16:53.321,1.0627,1.0628,6.80,4.00
2007.08.14 14:16:53.365,1.0627,1.0628,7.10,4.00
2007.08.14 14:16:53.874,1.0627,1.0629,7.10,4.00
2007.08.14 14:16:53.993,1.0627,1.0629,7.20,4.00
2007.08.14 14:16:56.399,1.0628,1.0629,4.00,4.00
2007.08.14 14:17:04.815,1.0627,1.0629,7.20,4.00
2007.08.14 14:17:04.982,1.0627,1.063,22.80,7.60
2007.08.14 14:17:05.092,1.0628,1.063,1.80,5.20
2007.08.14 14:17:05.398,1.0628,1.063,2.20,4.80
2007.08.14 14:17:06.784,1.0627,1.063,29.60,4.80
2007.08.14 14:17:06.862,1.0628,1.063,1.30,4.80
2007.08.14 14:17:06.926,1.0627,1.063,31.70,4.80
2007.08.14 14:17:07.858,1.0628,1.063,6.90,4.80
2007.08.14 14:17:08.367,1.0627,1.063,55.70,4.80
2007.08.14 14:17:08.386,1.0628,1.063,1.60,4.80
2007.08.14 14:17:08.492,1.0629,1.063,3.00,0.80
2007.08.14 14:17:09.492,1.06285,1.063,8.80,0.80
2007.08.14 14:17:09.546,1.06285,1.063,8.00,0.80
2007.08.14 14:17:10.073,1.06285,1.063,8.00,4.80
2007.08.14 14:17:10.386,1.063,1.0631,0.50,4.10
2007.08.14 14:17:10.423,1.0631,1.06315,1.30,4.80
2007.08.14 14:17:10.487,1.0631,1.06315,1.90,4.00
2007.08.14 14:17:10.855,1.0631,1.0632,1.80,9.60
2007.08.14 14:17:10.923,1.063,1.0632,35.70,5.60
2007.08.14 14:17:11.152,1.063,1.0632,27.70,4.80
2007.08.14 14:17:11.246,1.063,1.0632,23.70,8.80
2007.08.14 14:17:11.469,1.0631,1.0632,1.30,12.90
2007.08.14 14:17:11.568,1.06295,1.0632,8.10,5.60
2007.08.14 14:17:11.684,1.063,1.0632,0.60,6.80
2007.08.14 14:17:11.702,1.063,1.0632,0.60,7.60
2007.08.14 14:17:11.757,1.0629,1.0632,16.10,8.40
2007.08.14 14:17:11.879,1.0629,1.0632,16.10,9.20
2007.08.14 14:17:12.028,1.063,1.0631,0.50,4.00
2007.08.14 14:17:12.118,1.0629,1.0631,27.90,4.00
2007.08.14 14:17:13.154,1.0629,1.0632,29.80,6.70
2007.08.14 14:17:13.246,1.0629,1.0632,29.80,5.90
2007.08.14 14:17:13.433,1.063,1.0632,3.90,5.90
2007.08.14 14:17:13.591,1.0631,1.0632,0.80,3.60
2007.08.14 14:17:13.960,1.0631,1.0632,2.40,3.60
2007.08.14 14:17:14.056,1.0631,1.0632,3.20,3.60
2007.08.14 14:17:14.083,1.063,1.0632,13.40,3.60
2007.08.14 14:17:14.113,1.0631,1.0632,1.90,3.60
2007.08.14 14:17:14.186,1.0632,1.0633,0.20,6.40
2007.08.14 14:17:14.371,1.0632,1.0633,0.60,4.00
2007.08.14 14:17:14.995,1.06315,1.0633,6.40,4.80
2007.08.14 14:17:15.253,1.0632,1.0633,1.90,4.80
2007.08.14 14:17:15.300,1.06315,1.0633,8.40,4.80
2007.08.14 14:17:15.340,1.0633,1.0634,0.30,30.10
2007.08.14 14:17:15.519,1.0633,1.0634,0.30,30.10
2007.08.14 14:17:16.310,1.06315,1.0633,8.50,4.00
2007.08.14 14:17:16.327,1.06315,1.0633,7.70,4.00
2007.08.14 14:17:16.406,1.0633,1.0634,1.00,17.90
2007.08.14 14:17:16.422,1.0633,1.0634,1.70,7.60
2007.08.14 14:17:16.540,1.0633,1.0634,1.60,6.80
2007.08.14 14:17:16.623,1.0632,1.0634,36.10,4.40
2007.08.14 14:17:17.258,1.0632,1.0634,41.90,4.40
2007.08.14 14:17:17.705,1.06325,1.0634,4.80,4.40
2007.08.14 14:17:17.824,1.06325,1.0634,5.40,4.40
2007.08.14 14:17:17.873,1.0634,1.0635,1.80,27.90
2007.08.14 14:17:17.928,1.0633,1.0635,16.30,24.00
2007.08.14 14:17:17.981,1.0634,1.0635,2.00,21.60
2007.08.14 14:17:18.012,1.0634,1.0635,0.80,12.80
2007.08.14 14:17:18.138,1.0633,1.0635,29.90,10.40
2007.08.14 14:17:18.246,1.0633,1.0635,33.90,6.40
2007.08.14 14:17:18.401,1.0634,1.0635,2.20,5.60
2007.08.14 14:17:19.408,1.0633,1.0635,33.90,5.60
2007.08.14 14:17:19.922,1.0633,1.0635,26.70,6.40
2007.08.14 14:17:20.119,1.0633,1.0635,10.80,27.30
2007.08.14 14:17:20.204,1.0633,1.0635,2.70,27.30
2007.08.14 14:17:20.316,1.0632,1.0635,51.30,31.30
2007.08.14 14:17:20.405,1.0632,1.0634,44.90,4.00
2007.08.14 14:17:20.437,1.0633,1.0634,0.50,4.00
2007.08.14 14:17:20.510,1.0632,1.0634,37.70,4.00
2007.08.14 14:17:21.164,1.0632,1.0634,27.40,4.00
2007.08.14 14:17:21.286,1.06315,1.0634,27.90,4.00
2007.08.14 14:17:21.338,1.06315,1.0634,27.10,4.00
2007.08.14 14:17:21.361,1.06315,1.0634,26.30,4.00
2007.08.14 14:17:21.875,1.06315,1.0634,27.90,4.00
2007.08.14 14:17:21.903,1.06315,1.0634,19.90,4.00
2007.08.14 14:17:21.981,1.06315,1.0634,19.10,4.00
2007.08.14 14:17:22.536,1.06315,1.0634,27.90,4.00
2007.08.14 14:17:22.586,1.06315,1.0634,28.70,4.00
2007.08.14 14:17:22.651,1.0632,1.0634,28.00,4.00
2007.08.14 14:17:24.134,1.0633,1.0634,0.70,4.00
2007.08.14 14:17:24.334,1.0634,1.0635,0.60,35.30
2007.08.14 14:17:24.397,1.0634,1.0635,3.80,35.30
2007.08.14 14:17:24.443,1.0634,1.0635,2.60,35.30
2007.08.14 14:17:24.462,1.0634,1.0635,5.20,35.30
2007.08.14 14:17:24.653,1.0634,1.0635,2.70,35.30
2007.08.14 14:17:24.766,1.0634,1.0635,2.70,40.90
2007.08.14 14:17:24.790,1.0634,1.0635,1.70,40.90
2007.08.14 14:17:24.884,1.06335,1.0634,1.60,4.00
2007.08.14 14:17:24.987,1.0633,1.0634,0.90,17.50
2007.08.14 14:17:25.067,1.0632,1.0634,22.90,18.30
2007.08.14 14:17:25.083,1.0632,1.0634,3.50,19.10
2007.08.14 14:17:25.315,1.06315,1.0634,20.80,19.10
2007.08.14 14:17:25.349,1.06315,1.0634,19.20,19.90
2007.08.14 14:17:25.410,1.0632,1.0634,3.10,26.30
2007.08.14 14:17:25.485,1.0632,1.0634,2.30,25.50
2007.08.14 14:17:25.514,1.0632,1.0634,18.00,9.60
2007.08.14 14:17:25.605,1.0632,1.0634,18.00,4.80
2007.08.14 14:17:25.633,1.06315,1.0634,19.00,4.80
2007.08.14 14:17:25.688,1.06315,1.0634,19.80,4.80
2007.08.14 14:17:26.044,1.0632,1.0634,12.70,13.50
2007.08.14 14:17:26.194,1.0633,1.0634,0.80,17.50
2007.08.14 14:17:26.252,1.0633,1.0634,0.50,17.50
2007.08.14 14:17:26.533,1.0632,1.0634,25.10,12.80
2007.08.14 14:17:26.802,1.0632,1.0634,25.10,8.80
2007.08.14 14:17:26.923,1.0632,1.0634,25.00,8.80
2007.08.14 14:17:26.968,1.0633,1.0634,0.70,4.80
2007.08.14 14:17:27.070,1.0633,1.0634,2.20,4.80
2007.08.14 14:17:27.479,1.06325,1.0634,6.60,4.80
2007.08.14 14:17:27.811,1.06325,1.0634,8.40,4.80
2007.08.14 14:17:28.111,1.0633,1.0634,1.10,4.00
2007.08.14 14:17:28.155,1.06325,1.0635,8.40,35.90
2007.08.14 14:17:28.439,1.06325,1.06355,20.30,27.20
2007.08.14 14:17:28.556,1.0633,1.06355,31.90,18.40
2007.08.14 14:17:28.606,1.0634,1.0635,0.60,0.90
2007.08.14 14:17:28.693,1.0634,1.0635,0.70,0.90
2007.08.14 14:17:28.935,1.0633,1.0634,32.90,0.50
2007.08.14 14:17:29.832,1.0634,1.0635,0.50,5.60
2007.08.14 14:17:29.885,1.0634,1.0635,0.20,5.60
2007.08.14 14:17:29.939,1.0634,1.0635,0.30,7.20
2007.08.14 14:17:30.061,1.06325,1.0635,5.80,7.70
2007.08.14 14:17:30.148,1.06325,1.0635,4.20,12.50
2007.08.14 14:17:30.173,1.06325,1.0635,4.40,13.30
2007.08.14 14:17:30.492,1.06325,1.0635,3.70,14.10
2007.08.14 14:17:30.710,1.06325,1.0635,3.60,35.70
2007.08.14 14:17:31.347,1.06325,1.0635,4.10,35.70
2007.08.14 14:17:31.667,1.06325,1.0635,4.20,35.70
2007.08.14 14:17:32.376,1.0633,1.0634,2.80,0.90
2007.08.14 14:17:33.193,1.0633,1.0635,2.90,35.70
2007.08.14 14:17:33.263,1.0634,1.0635,0.50,34.00
2007.08.14 14:17:33.285,1.0634,1.0635,6.20,33.00
2007.08.14 14:17:33.533,1.0634,1.0635,6.60,32.40
2007.08.14 14:17:33.704,1.0634,1.0635,5.90,32.10
2007.08.14 14:17:33.810,1.0634,1.0635,5.90,0.70
2007.08.14 14:17:33.883,1.0634,1.0636,6.70,40.90
2007.08.14 14:17:33.908,1.0634,1.0636,5.20,42.50
2007.08.14 14:17:34.026,1.0634,1.06355,1.60,10.40
2007.08.14 14:17:34.037,1.0634,1.06355,0.80,10.40
2007.08.14 14:17:34.086,1.0633,1.06355,2.10,10.40
2007.08.14 14:17:34.234,1.0633,1.0635,2.10,23.30
2007.08.14 14:17:34.330,1.0633,1.0634,2.40,0.50
2007.08.14 14:17:34.389,1.0633,1.0635,3.20,23.30
2007.08.14 14:17:34.437,1.0634,1.0635,0.30,21.00
2007.08.14 14:17:34.535,1.0633,1.06355,2.80,9.60
2007.08.14 14:17:34.591,1.0633,1.0635,2.00,0.60
2007.08.14 14:17:34.647,1.0633,1.0635,1.90,0.50
2007.08.14 14:17:35.033,1.0633,1.06355,2.70,9.60
2007.08.14 14:17:35.059,1.0634,1.06355,0.50,9.60
2007.08.14 14:17:35.478,1.0634,1.0635,0.70,0.90
2007.08.14 14:17:35.894,1.0634,1.0635,0.60,0.50
2007.08.14 14:17:36.521,1.0634,1.06355,0.60,9.10
2007.08.14 14:17:37.144,1.0634,1.06355,0.50,9.10
2007.08.14 14:17:38.200,1.0634,1.06355,0.60,9.10
2007.08.14 14:17:38.513,1.0634,1.06355,0.60,9.90
2007.08.14 14:17:38.576,1.0634,1.0635,0.60,17.10
2007.08.14 14:17:38.673,1.0634,1.0635,0.30,17.30
2007.08.14 14:17:39.099,1.0634,1.0635,0.50,21.20
2007.08.14 14:17:40.666,1.0634,1.0635,0.60,29.30
2007.08.14 14:17:41.531,1.0633,1.0634,1.60,0.60
2007.08.14 14:17:41.574,1.0633,1.0634,0.80,0.80
2007.08.14 14:17:41.633,1.0633,1.0634,0.20,0.90
2007.08.14 14:17:41.810,1.06325,1.0635,1.60,35.60
2007.08.14 14:17:41.923,1.0632,1.06345,23.10,7.50
2007.08.14 14:17:41.977,1.0633,1.06345,0.30,7.50
2007.08.14 14:17:42.303,1.0632,1.0634,14.30,0.90
2007.08.14 14:17:42.393,1.0632,1.0634,14.00,0.50
2007.08.14 14:17:42.563,1.0632,1.06345,14.80,7.50
2007.08.14 14:17:42.570,1.0632,1.0634,16.40,0.70
2007.08.14 14:17:42.606,1.0633,1.06345,1.30,7.50
2007.08.14 14:17:42.708,1.0633,1.0634,0.60,0.90
2007.08.14 14:17:44.827,1.0633,1.0635,0.80,24.40
2007.08.14 14:17:44.997,1.0633,1.0635,0.80,46.80
2007.08.14 14:17:45.034,1.0633,1.06345,0.80,27.40
2007.08.14 14:17:45.222,1.0633,1.06345,0.70,27.40
2007.08.14 14:17:46.072,1.0633,1.06345,0.70,12.00
2007.08.14 14:17:46.287,1.0633,1.0634,0.50,0.70
2007.08.14 14:17:46.487,1.0632,1.06345,3.00,12.00
2007.08.14 14:17:46.575,1.0632,1.0634,2.20,0.50
2007.08.14 14:17:46.698,1.0632,1.0634,2.00,31.90
2007.08.14 14:17:46.807,1.0632,1.0634,0.80,35.10
2007.08.14 14:17:46.885,1.0632,1.0634,0.80,35.90
2007.08.14 14:17:46.979,1.0632,1.0633,0.80,0.90
2007.08.14 14:17:47.016,1.0632,1.0634,0.80,35.70
2007.08.14 14:17:47.026,1.06315,1.0633,1.60,0.80
2007.08.14 14:17:47.088,1.06315,1.0633,1.60,0.90
2007.08.14 14:17:47.290,1.0631,1.0633,39.20,0.80
2007.08.14 14:17:47.303,1.0631,1.06335,39.20,7.20
2007.08.14 14:17:47.650,1.0631,1.06335,40.10,6.40
2007.08.14 14:17:48.655,1.0631,1.06335,40.90,6.40
2007.08.14 14:17:48.900,1.0631,1.06335,40.90,5.60
2007.08.14 14:17:49.329,1.0631,1.0633,40.20,0.50
2007.08.14 14:17:49.479,1.0631,1.0634,35.40,39.30
2007.08.14 14:17:49.541,1.0631,1.0634,1.70,34.50
2007.08.14 14:17:49.647,1.0631,1.0633,1.20,0.70
2007.08.14 14:17:49.678,1.0631,1.0633,1.20,0.90
2007.08.14 14:17:49.756,1.0631,1.06335,0.60,10.80
2007.08.14 14:17:49.868,1.0631,1.0633,0.60,31.70
2007.08.14 14:17:51.947,1.0631,1.0633,0.60,34.20
2007.08.14 14:17:52.031,1.0631,1.0633,0.60,40.60
2007.08.14 14:17:52.058,1.063,1.0633,0.80,35.20
2007.08.14 14:17:52.186,1.063,1.0632,1.10,0.70
2007.08.14 14:17:52.288,1.063,1.0632,1.30,0.80
2007.08.14 14:17:52.709,1.063,1.0632,1.60,0.60
2007.08.14 14:17:53.242,1.063,1.0633,1.70,37.60
2007.08.14 14:17:53.767,1.063,1.0632,1.60,0.50
2007.08.14 14:17:53.861,1.063,1.0633,1.30,36.80
2007.08.14 14:17:54.193,1.063,1.0633,1.50,37.60
2007.08.14 14:17:54.389,1.063,1.0633,1.70,39.20
2007.08.14 14:17:54.505,1.063,1.0631,1.20,0.60
2007.08.14 14:17:54.550,1.063,1.0632,1.20,14.80
2007.08.14 14:17:54.598,1.063,1.0631,0.70,0.70
2007.08.14 14:17:55.439,1.063,1.0632,0.50,36.80
2007.08.14 14:17:56.299,1.063,1.0631,0.40,8.80
2007.08.14 14:17:56.405,1.0629,1.0631,4.00,8.80
2007.08.14 14:17:56.501,1.0629,1.0631,4.00,9.60
2007.08.14 14:17:56.735,1.0629,1.063,4.00,4.00
2007.08.14 14:17:57.052,1.0628,1.063,45.70,4.00
2007.08.14 14:17:57.157,1.0628,1.063,44.10,4.00
2007.08.14 14:17:57.436,1.0628,1.063,38.50,4.00
2007.08.14 14:17:57.482,1.0628,1.063,38.50,8.00
2007.08.14 14:17:57.544,1.0628,1.063,37.70,8.00
2007.08.14 14:17:57.555,1.0628,1.063,4.70,10.40
2007.08.14 14:17:57.673,1.0628,1.063,3.40,10.40
2007.08.14 14:17:57.777,1.0628,1.063,1.00,10.40
2007.08.14 14:17:58.015,1.0628,1.063,1.00,6.40
2007.08.14 14:17:58.082,1.0628,1.063,0.30,4.00
2007.08.14 14:17:58.414,1.0627,1.063,24.40,5.20
2007.08.14 14:17:58.509,1.0627,1.063,25.20,5.20
2007.08.14 14:17:58.541,1.0627,1.063,25.20,6.00
2007.08.14 14:17:58.571,1.0627,1.063,25.20,6.80
2007.08.14 14:17:58.606,1.0627,1.063,22.00,6.80
2007.08.14 14:17:59.037,1.0628,1.063,0.50,5.60
2007.08.14 14:17:59.075,1.0628,1.063,0.50,4.80
2007.08.14 14:17:59.087,1.0628,1.063,0.50,4.00
2007.08.14 14:17:59.235,1.0627,1.063,22.00,4.00
2007.08.14 14:17:59.765,1.0627,1.063,21.90,4.00
2007.08.14 14:18:00.748,1.0627,1.063,22.70,4.00
2007.08.14 14:18:00.820,1.0627,1.063,22.50,4.00
2007.08.14 14:18:01.126,1.0627,1.063,23.30,4.00
2007.08.14 14:18:01.244,1.0627,1.063,3.90,4.00
2007.08.14 14:18:02.298,1.06265,1.063,29.10,4.00
2007.08.14 14:18:03.450,1.0627,1.063,12.80,4.00
2007.08.14 14:18:03.480,1.0627,1.063,4.40,4.00
2007.08.14 14:18:03.527,1.0629,1.063,0.80,4.00
2007.08.14 14:18:03.601,1.0628,1.06305,16.20,4.00
2007.08.14 14:18:03.713,1.0628,1.0631,19.40,10.90
2007.08.14 14:18:03.948,1.0629,1.0631,0.90,14.90
2007.08.14 14:18:04.019,1.0628,1.063,29.70,4.00
2007.08.14 14:18:04.132,1.0627,1.063,50.10,4.00
2007.08.14 14:18:04.436,1.0627,1.063,54.00,4.00
2007.08.14 14:18:04.541,1.0627,1.063,54.00,4.00
2007.08.14 14:18:05.278,1.0628,1.063,3.30,4.00
2007.08.14 14:18:07.576,1.0627,1.063,54.20,4.00
2007.08.14 14:18:09.996,1.0627,1.063,54.20,4.00
2007.08.14 14:18:10.324,1.0628,1.063,15.00,4.00
2007.08.14 14:18:11.802,1.0628,1.063,8.50,4.00
2007.08.14 14:18:12.228,1.0628,1.063,3.10,4.00
2007.08.14 14:18:12.532,1.0628,1.063,6.70,11.90
2007.08.14 14:18:12.627,1.0628,1.063,1.20,12.70
2007.08.14 14:18:12.647,1.0627,1.063,48.70,12.70
2007.08.14 14:18:12.748,1.0627,1.063,48.40,12.70
2007.08.14 14:18:12.772,1.0627,1.063,47.60,12.70
2007.08.14 14:18:12.911,1.0627,1.063,47.60,16.70
2007.08.14 14:18:12.953,1.0628,1.063,0.90,16.70
2007.08.14 14:18:13.046,1.0627,1.063,49.10,8.00
2007.08.14 14:18:13.158,1.0627,1.063,47.60,8.00
2007.08.14 14:18:13.205,1.0629,1.063,1.50,8.00
2007.08.14 14:18:13.488,1.0629,1.063,0.60,4.00
2007.08.14 14:18:13.519,1.0628,1.063,11.70,4.00
2007.08.14 14:18:13.677,1.0627,1.063,57.20,4.00
2007.08.14 14:18:13.797,1.0627,1.063,57.20,4.00
2007.08.14 14:18:14.019,1.0628,1.063,34.40,4.00
2007.08.14 14:18:14.524,1.0629,1.0631,1.90,8.00
2007.08.14 14:18:14.607,1.0629,1.0631,1.50,4.00
2007.08.14 14:18:15.041,1.0628,1.0631,1.80,4.00
2007.08.14 14:18:15.065,1.06275,1.0631,40.60,4.80
2007.08.14 14:18:15.083,1.0629,1.0631,20.30,4.80
2007.08.14 14:18:15.161,1.0629,1.0631,25.40,4.80
2007.08.14 14:18:15.401,1.063,1.0631,2.70,4.80
2007.08.14 14:18:15.529,1.0629,1.0631,13.30,17.50
2007.08.14 14:18:15.560,1.0629,1.0631,14.10,17.50
2007.08.14 14:18:15.617,1.0629,1.0631,12.60,25.50
2007.08.14 14:18:15.672,1.0629,1.0631,9.40,29.50
2007.08.14 14:18:15.725,1.0628,1.0631,47.80,29.50
2007.08.14 14:18:15.928,1.0628,1.0631,47.60,29.50
2007.08.14 14:18:15.974,1.0627,1.0631,55.30,29.50
2007.08.14 14:18:16.027,1.063,1.0631,1.30,12.80
2007.08.14 14:18:16.144,1.063,1.0631,1.60,8.80
2007.08.14 14:18:16.204,1.0629,1.0631,20.20,4.80
2007.08.14 14:18:16.222,1.0629,1.0631,20.20,4.00
2007.08.14 14:18:16.243,1.0629,1.0631,19.90,4.00
2007.08.14 14:18:16.441,1.063,1.0631,1.90,4.00
2007.08.14 14:18:16.476,1.0629,1.0631,24.10,4.00
2007.08.14 14:18:16.558,1.0628,1.0631,46.60,4.00
2007.08.14 14:18:16.771,1.0628,1.0631,41.80,4.00
2007.08.14 14:18:16.995,1.0628,1.0631,2.60,4.00
2007.08.14 14:18:17.082,1.063,1.0631,1.00,4.00
2007.08.14 14:18:17.538,1.0628,1.0631,45.60,4.00
2007.08.14 14:18:17.930,1.0628,1.0631,41.60,4.00
2007.08.14 14:18:18.019,1.0628,1.0631,5.10,8.00
2007.08.14 14:18:18.065,1.06275,1.063,38.20,4.00
2007.08.14 14:18:18.264,1.0628,1.063,8.90,4.00
2007.08.14 14:18:18.364,1.0627,1.063,53.30,4.00
2007.08.14 14:18:18.442,1.0627,1.063,52.50,4.00
2007.08.14 14:18:18.480,1.0627,1.063,52.50,4.00
2007.08.14 14:18:18.540,1.0629,1.063,2.10,4.00
2007.08.14 14:18:18.572,1.0628,1.06305,22.10,4.00
2007.08.14 14:18:19.056,1.0629,1.06305,0.80,4.00
2007.08.14 14:18:19.105,1.0627,1.063,56.30,4.00
2007.08.14 14:18:19.240,1.0628,1.063,5.90,4.00
2007.08.14 14:18:19.295,1.0627,1.063,51.40,4.00
2007.08.14 14:18:19.472,1.0627,1.063,50.60,4.00
2007.08.14 14:18:19.634,1.0627,1.063,52.80,4.00
2007.08.14 14:18:19.660,1.0628,1.063,5.00,4.00
2007.08.14 14:18:19.846,1.0628,1.063,9.50,4.00
2007.08.14 14:18:20.165,1.0627,1.063,40.70,4.00
2007.08.14 14:18:20.271,1.0628,1.063,1.10,4.00
2007.08.14 14:18:20.606,1.0628,1.063,4.80,4.00
2007.08.14 14:18:24.253,1.0628,1.06305,8.80,8.00
2007.08.14 14:18:24.509,1.0628,1.063,0.80,0.90
2007.08.14 14:18:24.649,1.0627,1.0631,42.30,23.30
2007.08.14 14:18:24.761,1.0628,1.063,0.60,0.60
2007.08.14 14:18:27.783,1.0627,1.06305,27.50,8.00
2007.08.14 14:18:28.094,1.06265,1.06305,26.70,8.00
2007.08.14 14:18:28.205,1.0629,1.063,0.60,0.80
2007.08.14 14:18:30.359,1.0629,1.0631,4.00,0.60
2007.08.14 14:18:30.387,1.0629,1.06315,4.00,14.50
2007.08.14 14:18:30.572,1.0627,1.06315,37.80,14.50
2007.08.14 14:18:30.615,1.0627,1.0631,33.80,13.70
2007.08.14 14:18:30.656,1.0627,1.06305,33.70,0.60
2007.08.14 14:18:31.194,1.0627,1.06305,29.70,0.60
2007.08.14 14:18:32.003,1.0627,1.0631,24.90,14.50
2007.08.14 14:18:32.129,1.0627,1.063,16.70,4.90
2007.08.14 14:18:32.140,1.0627,1.063,15.90,4.90
2007.08.14 14:18:32.329,1.0628,1.063,4.00,4.90
2007.08.14 14:18:38.630,1.0628,1.063,4.00,19.40
2007.08.14 14:18:41.285,1.0628,1.063,4.00,47.50
2007.08.14 14:18:41.349,1.0628,1.0629,4.00,0.60
2007.08.14 14:18:41.386,1.0628,1.0629,4.00,0.70
2007.08.14 14:18:42.971,1.0627,1.06295,16.30,9.60
2007.08.14 14:18:43.040,1.0627,1.06295,16.10,9.60
2007.08.14 14:18:43.153,1.0627,1.06295,16.10,9.80
2007.08.14 14:18:43.555,1.0627,1.0629,12.10,6.40
2007.08.14 14:18:43.649,1.0627,1.0628,4.00,0.70
2007.08.14 14:18:44.079,1.0627,1.0629,4.00,33.40
2007.08.14 14:18:44.116,1.0627,1.0629,4.00,37.40
2007.08.14 14:18:44.178,1.0627,1.0629,4.00,10.70
2007.08.14 14:18:44.766,1.0627,1.0628,4.00,0.30
2007.08.14 14:18:46.765,1.0626,1.0628,18.40,0.30
2007.08.14 14:18:46.869,1.0626,1.0628,19.20,0.30
2007.08.14 14:18:46.901,1.0627,1.0628,0.60,0.30
2007.08.14 14:18:46.997,1.0627,1.06295,2.10,16.00
2007.08.14 14:18:47.035,1.0627,1.06295,2.90,15.20
2007.08.14 14:18:47.180,1.0627,1.06295,6.90,8.80
2007.08.14 14:18:47.539,1.0627,1.06295,7.10,8.80
2007.08.14 14:18:47.752,1.0627,1.06295,7.20,8.80
2007.08.14 14:18:48.692,1.0627,1.0629,6.80,0.80
2007.08.14 14:18:48.748,1.0627,1.0629,7.60,0.90
2007.08.14 14:18:49.651,1.0627,1.06295,7.60,8.20
2007.08.14 14:18:50.092,1.0627,1.06295,6.30,8.20
2007.08.14 14:18:50.181,1.0627,1.06295,6.30,9.00
2007.08.14 14:18:50.247,1.0627,1.0629,5.50,0.70
2007.08.14 14:18:50.292,1.0627,1.06295,4.80,9.80
2007.08.14 14:18:50.477,1.0627,1.0629,4.80,0.50
2007.08.14 14:18:50.614,1.0627,1.06295,5.60,9.90
2007.08.14 14:18:51.324,1.0628,1.063,4.00,24.50
2007.08.14 14:18:54.152,1.0628,1.063,4.00,48.40
2007.08.14 14:18:57.321,1.0627,1.0629,32.70,7.50
2007.08.14 14:18:57.372,1.0627,1.0629,33.20,7.20
2007.08.14 14:18:58.284,1.0627,1.0629,33.30,6.40
2007.08.14 14:19:03.071,1.0627,1.0629,6.50,6.40
2007.08.14 14:19:03.106,1.0627,1.0629,2.70,6.40
2007.08.14 14:19:03.197,1.0626,1.0629,39.00,6.40
2007.08.14 14:19:03.257,1.0626,1.0629,33.40,10.40
2007.08.14 14:19:03.313,1.0626,1.0629,21.60,10.70
2007.08.14 14:19:03.460,1.0627,1.0629,1.80,10.90
2007.08.14 14:19:03.722,1.0626,1.0628,41.80,4.00
2007.08.14 14:19:07.478,1.0627,1.0628,1.20,4.00
2007.08.14 14:19:07.696,1.0626,1.0629,32.50,8.00
2007.08.14 14:19:07.890,1.0626,1.0629,33.80,8.00
2007.08.14 14:19:07.926,1.06265,1.0629,6.40,4.00
2007.08.14 14:19:08.450,1.0627,1.0629,0.60,4.00
2007.08.14 14:19:08.553,1.0627,1.0629,2.40,4.00
2007.08.14 14:19:08.647,1.06265,1.0629,24.00,4.00
2007.08.14 14:19:08.753,1.06265,1.0629,24.10,4.00
2007.08.14 14:19:09.068,1.0627,1.0629,1.20,4.00
2007.08.14 14:19:09.268,1.0627,1.0629,10.20,4.00
2007.08.14 14:19:10.257,1.06265,1.0629,29.10,4.00
2007.08.14 14:19:10.517,1.06265,1.0629,29.30,4.00
2007.08.14 14:19:14.234,1.06265,1.0629,26.10,4.00
2007.08.14 14:19:14.263,1.0627,1.0629,4.90,4.80
2007.08.14 14:19:14.434,1.0627,1.0629,5.90,5.60
2007.08.14 14:19:14.492,1.06265,1.0629,12.10,22.30
2007.08.14 14:19:14.606,1.0627,1.0629,3.10,23.20
2007.08.14 14:19:14.644,1.0627,1.0629,2.00,29.60
2007.08.14 14:19:14.688,1.0626,1.0629,0.90,34.50
2007.08.14 14:19:14.893,1.0626,1.0628,6.40,4.20
2007.08.14 14:19:14.937,1.06255,1.0628,36.10,4.20
2007.08.14 14:19:15.081,1.0626,1.0628,6.10,4.20
2007.08.14 14:19:15.593,1.06255,1.0628,29.70,4.20
2007.08.14 14:19:15.625,1.06255,1.0628,28.80,4.20
2007.08.14 14:19:15.798,1.0626,1.0628,6.90,4.20
2007.08.14 14:19:16.055,1.0626,1.0628,5.10,4.20
2007.08.14 14:19:16.217,1.06255,1.0628,23.20,4.20
2007.08.14 14:19:16.245,1.06255,1.0628,19.20,4.20
2007.08.14 14:19:16.287,1.06255,1.0628,18.40,4.20
2007.08.14 14:19:16.357,1.0627,1.0628,0.80,4.20
2007.08.14 14:19:16.790,1.0626,1.0628,9.40,4.20
2007.08.14 14:19:16.835,1.06255,1.0628,31.20,4.20
2007.08.14 14:19:16.894,1.06255,1.0628,19.20,4.20
2007.08.14 14:19:16.983,1.0626,1.0628,7.20,4.20
2007.08.14 14:19:17.090,1.0626,1.0628,5.60,4.00
2007.08.14 14:19:17.155,1.06255,1.0628,26.40,4.00
2007.08.14 14:19:17.200,1.06255,1.0627,3.30,4.00
2007.08.14 14:19:17.206,1.06255,1.0628,27.20,4.00
2007.08.14 14:19:17.290,1.06255,1.0627,2.80,4.00
2007.08.14 14:19:17.615,1.0626,1.0627,0.50,4.00
2007.08.14 14:19:17.710,1.06255,1.0628,2.10,5.60
2007.08.14 14:19:17.844,1.0626,1.0628,0.50,6.40
2007.08.14 14:19:17.914,1.06255,1.0628,4.50,6.40
2007.08.14 14:19:18.029,1.0625,1.0628,14.70,5.60
2007.08.14 14:19:18.061,1.0626,1.0628,0.50,4.80
2007.08.14 14:19:18.347,1.0625,1.0628,18.60,4.80
2007.08.14 14:19:18.499,1.0625,1.0628,18.60,8.00
2007.08.14 14:19:18.563,1.0626,1.0628,0.30,8.00
2007.08.14 14:19:18.680,1.0626,1.0628,0.30,10.40
2007.08.14 14:19:18.900,1.0625,1.0627,46.60,4.00
2007.08.14 14:19:20.153,1.0625,1.0628,14.50,4.80
2007.08.14 14:19:20.258,1.0625,1.0628,14.50,8.80
2007.08.14 14:19:20.379,1.0626,1.0627,0.30,0.30
2007.08.14 14:19:23.966,1.0625,1.0628,15.30,4.00
2007.08.14 14:19:24.943,1.0625,1.0628,16.10,4.80
2007.08.14 14:19:25.257,1.0626,1.0628,0.30,4.00
2007.08.14 14:19:26.672,1.0625,1.0628,16.90,4.80
2007.08.14 14:19:26.741,1.0625,1.0628,16.10,9.60
2007.08.14 14:19:26.783,1.0625,1.0627,44.20,4.00
2007.08.14 14:19:26.914,1.0625,1.0627,7.10,0.70
2007.08.14 14:19:27.327,1.0626,1.0628,0.30,21.60
2007.08.14 14:19:27.499,1.0625,1.0628,35.90,21.80
2007.08.14 14:19:27.713,1.0626,1.0628,0.30,21.80
2007.08.14 14:19:39.965,1.0625,1.0628,32.20,26.40
2007.08.14 14:19:40.289,1.0625,1.0627,31.90,0.90
2007.08.14 14:19:42.199,1.0625,1.0627,35.90,0.60
2007.08.14 14:19:42.342,1.0625,1.0628,36.70,26.40
2007.08.14 14:19:43.083,1.0625,1.0628,38.30,22.40
2007.08.14 14:19:43.160,1.0626,1.0627,0.30,0.90
2007.08.14 14:19:43.366,1.0625,1.0628,35.00,37.60
2007.08.14 14:19:43.409,1.0625,1.0628,33.40,41.60
2007.08.14 14:19:43.471,1.0625,1.0627,31.60,0.80
2007.08.14 14:19:43.631,1.0625,1.0628,30.80,41.60
2007.08.14 14:19:43.898,1.0625,1.0628,22.80,41.60
2007.08.14 14:19:44.426,1.0625,1.0628,22.70,42.70
2007.08.14 14:19:45.160,1.0625,1.0627,30.70,0.70
2007.08.14 14:19:45.298,1.0625,1.0627,22.40,0.60
2007.08.14 14:19:45.303,1.0625,1.0627,20.00,0.80
2007.08.14 14:19:45.378,1.0625,1.0627,11.20,0.90
2007.08.14 14:19:45.481,1.0625,1.0627,11.20,0.60
2007.08.14 14:19:45.689,1.0625,1.06275,8.40,15.90
2007.08.14 14:19:45.930,1.0625,1.0627,4.40,0.90
2007.08.14 14:19:46.751,1.0625,1.06275,4.40,16.10
2007.08.14 14:19:47.466,1.0625,1.0627,8.40,0.60
2007.08.14 14:19:47.719,1.0625,1.06275,16.30,8.20
2007.08.14 14:19:48.760,1.0625,1.0627,4.40,0.60
2007.08.14 14:19:48.803,1.0625,1.06275,4.40,9.00
2007.08.14 14:19:48.870,1.0625,1.0627,4.40,17.70
2007.08.14 14:19:49.166,1.0625,1.06275,4.40,10.60
2007.08.14 14:19:49.205,1.0626,1.06275,4.00,10.60
2007.08.14 14:19:49.291,1.0626,1.06275,4.00,9.80
2007.08.14 14:19:49.325,1.0626,1.0627,4.00,0.70
2007.08.14 14:19:49.336,1.0626,1.0627,4.00,0.90
2007.08.14 14:19:49.547,1.0626,1.0627,4.00,0.80
2007.08.14 14:19:49.723,1.0625,1.06275,5.70,8.20
2007.08.14 14:19:49.821,1.0625,1.0627,5.00,0.70
2007.08.14 14:19:49.915,1.0625,1.06275,5.00,8.00
2007.08.14 14:19:50.032,1.0625,1.06275,4.40,9.60
2007.08.14 14:19:50.068,1.0625,1.0627,4.40,0.60
2007.08.14 14:19:50.238,1.0625,1.0627,4.40,22.40
2007.08.14 14:19:50.529,1.0625,1.0626,4.40,0.70
2007.08.14 14:19:51.158,1.0625,1.0626,4.00,0.70
2007.08.14 14:19:54.181,1.0624,1.0627,26.60,27.20
2007.08.14 14:19:54.393,1.0624,1.0627,25.00,27.20
2007.08.14 14:19:54.607,1.0624,1.06265,29.40,8.00
2007.08.14 14:19:54.967,1.0624,1.0626,27.00,0.70
2007.08.14 14:19:55.196,1.0624,1.06265,23.00,8.00
2007.08.14 14:19:55.420,1.0624,1.06265,23.00,8.80
2007.08.14 14:19:55.501,1.0624,1.0626,17.20,0.80
2007.08.14 14:19:55.566,1.0624,1.06265,17.20,9.60
2007.08.14 14:19:55.609,1.0624,1.0626,28.80,0.70
2007.08.14 14:19:55.810,1.0624,1.06265,24.10,13.60
2007.08.14 14:19:56.349,1.0624,1.0626,20.10,9.60
2007.08.14 14:19:56.448,1.0625,1.0626,4.00,9.60
2007.08.14 14:19:56.584,1.0625,1.0626,4.00,8.80
2007.08.14 14:19:57.086,1.0625,1.0626,4.00,9.00
2007.08.14 14:19:57.210,1.0625,1.0626,4.00,5.00
2007.08.14 14:19:57.381,1.0624,1.0626,24.10,5.00
2007.08.14 14:19:57.462,1.0624,1.0626,24.10,9.80
2007.08.14 14:19:57.515,1.0624,1.0626,24.70,9.80
2007.08.14 14:19:57.604,1.0624,1.0626,25.10,9.80
2007.08.14 14:19:57.666,1.0624,1.0626,25.10,9.90
2007.08.14 14:19:57.692,1.0624,1.0626,21.10,14.70
2007.08.14 14:19:57.722,1.0624,1.0626,21.10,13.90
2007.08.14 14:19:57.831,1.0624,1.0626,25.10,13.90
2007.08.14 14:19:57.889,1.0624,1.0625,25.10,0.80
2007.08.14 14:19:57.937,1.0624,1.0625,27.50,0.80
2007.08.14 14:19:58.026,1.0624,1.0625,27.50,5.60
2007.08.14 14:19:58.067,1.0624,1.0625,31.50,5.60
2007.08.14 14:19:58.249,1.0623,1.0625,31.80,5.60
2007.08.14 14:19:58.377,1.0623,1.0625,13.30,5.60
2007.08.14 14:19:58.576,1.0623,1.0625,9.50,9.60
2007.08.14 14:19:58.698,1.0623,1.0625,8.30,10.40
2007.08.14 14:19:58.891,1.0623,1.0625,8.00,10.40
2007.08.14 14:19:59.003,1.0623,1.0624,8.00,4.00
2007.08.14 14:19:59.179,1.0623,1.0624,4.00,4.00
2007.08.14 14:19:59.738,1.0623,1.0624,4.20,4.00
2007.08.14 14:19:59.762,1.0623,1.0624,4.70,4.00
2007.08.14 14:19:59.848,1.0623,1.0624,4.80,4.00
2007.08.14 14:20:01.308,1.0623,1.0625,4.80,10.40
2007.08.14 14:20:01.324,1.0623,1.0625,4.80,6.40
2007.08.14 14:20:02.239,1.0623,1.0625,5.00,6.40
2007.08.14 14:20:06.274,1.0623,1.0624,5.00,4.00
2007.08.14 14:20:06.362,1.0623,1.0624,4.80,4.00
2007.08.14 14:20:11.143,1.0622,1.0624,34.70,4.00
2007.08.14 14:20:12.264,1.0623,1.0624,1.20,8.00
2007.08.14 14:20:12.289,1.0623,1.0624,1.90,10.40
2007.08.14 14:20:12.392,1.0622,1.0624,18.40,18.30
2007.08.14 14:20:12.433,1.0622,1.0624,18.60,18.30
2007.08.14 14:20:12.507,1.0622,1.0624,5.30,18.40
2007.08.14 14:20:12.519,1.0621,1.0624,60.60,18.50
2007.08.14 14:20:12.546,1.0621,1.0624,59.00,18.50
2007.08.14 14:20:12.610,1.0621,1.0624,59.80,18.60
2007.08.14 14:20:12.711,1.0621,1.0624,58.20,22.60
2007.08.14 14:20:12.821,1.0621,1.0624,60.40,8.40
2007.08.14 14:20:12.851,1.0622,1.0624,24.80,8.40
2007.08.14 14:20:12.887,1.0622,1.0624,24.80,4.40
2007.08.14 14:20:12.931,1.0622,1.0624,21.70,4.20
2007.08.14 14:20:12.954,1.0622,1.0624,21.70,5.00
2007.08.14 14:20:13.016,1.0622,1.0624,21.70,6.40
2007.08.14 14:20:13.152,1.0622,1.0624,17.70,7.20
2007.08.14 14:20:13.272,1.0621,1.0624,62.70,7.20
2007.08.14 14:20:13.332,1.0621,1.0624,57.60,7.10
2007.08.14 14:20:13.443,1.0622,1.0624,6.40,7.00
2007.08.14 14:20:13.474,1.0621,1.0624,55.70,7.10
2007.08.14 14:20:13.556,1.0622,1.0624,8.80,11.10
2007.08.14 14:20:13.655,1.0621,1.0624,53.50,11.10
2007.08.14 14:20:13.772,1.0621,1.0624,53.50,11.10
2007.08.14 14:20:13.883,1.0622,1.0624,1.70,7.10
2007.08.14 14:20:14.104,1.0621,1.0624,53.50,11.10
2007.08.14 14:20:14.519,1.0621,1.0624,53.50,11.30
2007.08.14 14:20:17.180,1.0621,1.0624,49.50,10.50
2007.08.14 14:20:17.242,1.0622,1.0624,6.00,8.80
2007.08.14 14:20:17.274,1.0621,1.0624,47.90,8.80
2007.08.14 14:20:17.362,1.0622,1.0624,38.60,0.80
2007.08.14 14:20:17.412,1.0622,1.0625,45.00,23.20
2007.08.14 14:20:17.450,1.0623,1.0625,5.30,20.00
2007.08.14 14:20:17.480,1.0622,1.0625,52.50,19.20
2007.08.14 14:20:17.556,1.0624,1.0625,0.50,15.20
2007.08.14 14:20:17.660,1.0623,1.0625,18.50,15.20
2007.08.14 14:20:17.696,1.0624,1.0625,0.80,14.40
2007.08.14 14:20:17.908,1.0624,1.0625,0.80,6.40
2007.08.14 14:20:18.142,1.0624,1.0625,0.80,6.40
2007.08.14 14:20:18.179,1.06235,1.0625,2.40,4.80
2007.08.14 14:20:18.510,1.06235,1.0625,2.10,4.80
2007.08.14 14:20:18.701,1.0623,1.0625,40.60,4.00
2007.08.14 14:20:19.039,1.0622,1.0625,54.30,4.00
2007.08.14 14:20:19.148,1.0622,1.0625,54.30,4.00
2007.08.14 14:20:19.243,1.0623,1.0625,3.60,8.00
2007.08.14 14:20:19.360,1.0623,1.0625,4.90,4.00
2007.08.14 14:20:19.655,1.0623,1.0624,1.30,4.00
2007.08.14 14:20:19.849,1.0623,1.0624,1.40,4.00
2007.08.14 14:20:19.881,1.0622,1.0624,53.40,4.00
2007.08.14 14:20:19.926,1.0622,1.0624,48.60,4.00
2007.08.14 14:20:20.075,1.0622,1.0624,46.20,4.00
2007.08.14 14:20:24.325,1.0623,1.0625,1.70,10.40
2007.08.14 14:20:24.434,1.0622,1.0625,25.50,9.60
2007.08.14 14:20:24.521,1.0622,1.0625,26.30,4.80
2007.08.14 14:20:24.557,1.0623,1.0625,2.50,4.00
2007.08.14 14:20:26.706,1.0623,1.0625,5.10,4.00
2007.08.14 14:20:27.549,1.0623,1.0625,41.70,4.00
2007.08.14 14:20:29.765,1.0623,1.0625,38.00,4.00
2007.08.14 14:20:29.810,1.0624,1.0625,0.50,4.00
2007.08.14 14:20:30.142,1.0622,1.0625,48.60,4.00
2007.08.14 14:20:30.223,1.0622,1.0625,48.60,4.00
2007.08.14 14:20:30.382,1.0622,1.0625,48.40,4.00
2007.08.14 14:20:30.424,1.0622,1.0625,48.40,12.00
2007.08.14 14:20:31.306,1.0622,1.0625,48.60,12.00
2007.08.14 14:20:35.004,1.0622,1.0625,43.80,12.80
2007.08.14 14:20:35.053,1.0622,1.0625,37.50,14.40
2007.08.14 14:20:35.065,1.0622,1.0625,37.50,14.40
2007.08.14 14:20:35.122,1.0623,1.0625,0.70,15.20
2007.08.14 14:20:36.135,1.0622,1.0625,37.40,14.40
2007.08.14 14:20:40.292,1.0624,1.0625,4.00,14.40
2007.08.14 14:20:40.348,1.0624,1.0625,4.00,13.60
2007.08.14 14:20:40.397,1.0624,1.0625,4.00,12.80
2007.08.14 14:20:40.416,1.0624,1.0625,4.00,4.00
2007.08.14 14:20:40.623,1.0624,1.0625,4.00,4.00
2007.08.14 14:20:42.363,1.0623,1.0625,39.70,4.00
2007.08.14 14:20:42.410,1.0623,1.0625,39.90,4.00
2007.08.14 14:20:42.458,1.0623,1.0625,33.50,4.00
2007.08.14 14:20:42.570,1.0623,1.0625,21.50,4.00
2007.08.14 14:20:42.669,1.0623,1.0625,17.50,4.00
2007.08.14 14:20:42.874,1.0623,1.0625,25.70,4.00
2007.08.14 14:20:42.888,1.0624,1.0625,4.00,4.00
2007.08.14 14:20:51.760,1.0623,1.0625,41.80,4.00
2007.08.14 14:20:51.829,1.0623,1.0625,39.40,4.00
2007.08.14 14:20:51.931,1.0623,1.0625,23.90,4.00
2007.08.14 14:20:52.019,1.0623,1.0625,21.50,4.00
2007.08.14 14:20:52.468,1.0623,1.0625,17.50,4.00
2007.08.14 14:21:03.248,1.0623,1.0625,17.00,4.00
2007.08.14 14:21:03.452,1.0623,1.0625,16.70,4.00
2007.08.14 14:21:03.539,1.0623,1.0625,16.70,4.80
2007.08.14 14:21:03.604,1.0623,1.0625,16.70,5.60
2007.08.14 14:21:03.645,1.0623,1.0625,16.50,5.60
2007.08.14 14:21:03.740,1.0623,1.0625,16.40,5.60
2007.08.14 14:21:03.762,1.0623,1.0625,16.40,6.40
2007.08.14 14:21:04.572,1.0623,1.0625,16.40,5.60
2007.08.14 14:21:04.625,1.0623,1.0625,16.40,4.80
2007.08.14 14:21:04.758,1.0623,1.0625,16.40,4.00
2007.08.14 14:21:08.075,1.0623,1.0625,16.40,4.80
2007.08.14 14:21:12.044,1.0622,1.0625,40.00,4.80
2007.08.14 14:21:12.271,1.0623,1.0625,3.30,4.80
2007.08.14 14:21:15.030,1.0623,1.0625,3.10,4.80
2007.08.14 14:21:15.146,1.0623,1.0625,3.60,4.00
2007.08.14 14:21:15.770,1.0622,1.0625,42.00,4.00
2007.08.14 14:21:18.278,1.0622,1.0625,42.10,4.00
2007.08.14 14:21:18.391,1.0623,1.0625,1.10,4.00
2007.08.14 14:21:18.789,1.0622,1.0625,41.90,4.80
2007.08.14 14:21:18.899,1.0622,1.0625,42.70,5.60
2007.08.14 14:21:18.955,1.0623,1.0625,7.30,6.40
2007.08.14 14:21:19.275,1.0622,1.0625,41.90,5.60
2007.08.14 14:21:19.299,1.0623,1.0625,5.90,4.80
2007.08.14 14:21:19.357,1.0623,1.0625,8.60,4.00
2007.08.14 14:21:19.517,1.0622,1.0625,40.20,4.80
2007.08.14 14:21:19.584,1.0622,1.0625,40.20,5.60
2007.08.14 14:21:19.625,1.0622,1.0625,40.20,6.40
2007.08.14 14:21:20.025,1.0623,1.0625,1.50,5.60
2007.08.14 14:21:20.035,1.0622,1.0625,49.30,4.80
2007.08.14 14:21:20.134,1.0623,1.0625,11.40,4.80
2007.08.14 14:21:20.234,1.0622,1.0625,54.70,4.80
2007.08.14 14:21:20.328,1.0623,1.0625,15.80,4.80
2007.08.14 14:21:20.661,1.0623,1.0625,38.90,4.80
2007.08.14 14:21:20.969,1.0623,1.0625,47.50,0.80
2007.08.14 14:21:21.084,1.0623,1.0625,44.00,0.80
2007.08.14 14:21:21.185,1.0624,1.0625,12.50,0.80
2007.08.14 14:21:21.390,1.06235,1.0625,36.80,0.80
2007.08.14 14:21:21.817,1.0625,1.0626,0.10,11.20
2007.08.14 14:21:21.919,1.06235,1.0625,28.50,0.80
2007.08.14 14:21:22.025,1.0624,1.0625,8.00,0.80
2007.08.14 14:21:22.117,1.06235,1.0625,21.90,0.80
2007.08.14 14:21:22.209,1.06235,1.0626,25.90,11.20
2007.08.14 14:21:22.238,1.06235,1.0626,22.70,11.20
2007.08.14 14:21:22.330,1.06235,1.0626,18.70,11.20
2007.08.14 14:21:22.687,1.0625,1.0626,1.50,8.00
2007.08.14 14:21:22.990,1.06235,1.0626,16.30,8.00
2007.08.14 14:21:23.055,1.0624,1.0626,6.20,8.00
2007.08.14 14:21:24.206,1.06235,1.0626,15.00,8.00
2007.08.14 14:21:25.255,1.06235,1.0626,15.00,8.80
2007.08.14 14:21:25.922,1.06235,1.0626,15.00,8.80
2007.08.14 14:21:29.873,1.06235,1.0626,15.30,8.80
2007.08.14 14:21:32.378,1.0625,1.0626,2.40,8.80
2007.08.14 14:21:32.438,1.0625,1.0626,1.20,4.80
2007.08.14 14:21:33.072,1.0625,1.0626,1.30,4.80
2007.08.14 14:21:33.689,1.0625,1.0626,2.50,8.80
2007.08.14 14:21:34.109,1.0624,1.0626,34.00,8.00
2007.08.14 14:21:34.226,1.0625,1.0626,1.10,4.00
2007.08.14 14:21:35.772,1.0624,1.0626,34.00,8.00
2007.08.14 14:21:41.919,1.0625,1.0626,0.30,8.00
2007.08.14 14:21:42.221,1.0625,1.0626,0.30,8.80
2007.08.14 14:21:42.261,1.0625,1.0626,0.30,9.60
2007.08.14 14:21:42.353,1.0625,1.0626,0.30,10.40
2007.08.14 14:21:44.537,1.0625,1.0626,4.20,10.40
2007.08.14 14:21:44.582,1.0625,1.0626,4.20,9.60
2007.08.14 14:21:44.595,1.0625,1.0626,4.20,8.80
2007.08.14 14:21:44.692,1.0625,1.0626,4.20,8.00
2007.08.14 14:21:52.931,1.0625,1.0626,0.30,8.00
2007.08.14 14:21:53.105,1.0625,1.0626,0.30,8.80
2007.08.14 14:21:53.201,1.0625,1.0626,0.30,9.60
2007.08.14 14:21:53.340,1.0625,1.0626,0.30,10.40
2007.08.14 14:21:54.456,1.0625,1.0626,0.30,9.60
2007.08.14 14:21:54.468,1.0625,1.0626,0.30,8.80
2007.08.14 14:21:54.511,1.0625,1.0626,0.30,8.00
2007.08.14 14:21:54.860,1.0625,1.0626,4.20,8.00
2007.08.14 14:21:54.886,1.0625,1.0626,4.30,8.00
2007.08.14 14:21:54.983,1.0625,1.0626,4.30,4.00
2007.08.14 14:21:55.507,1.0625,1.0627,4.70,12.00
2007.08.14 14:21:55.514,1.0625,1.0627,4.70,8.00
2007.08.14 14:21:55.691,1.0625,1.0627,4.70,6.40
2007.08.14 14:21:56.904,1.0625,1.06265,4.70,4.00
2007.08.14 14:21:56.945,1.0625,1.0626,0.70,4.00
2007.08.14 14:21:57.020,1.0625,1.0626,0.40,4.00
2007.08.14 14:21:57.979,1.0625,1.0626,0.40,8.00
2007.08.14 14:21:58.066,1.0625,1.0626,0.40,4.00
2007.08.14 14:21:58.594,1.0625,1.0626,0.30,4.00
2007.08.14 14:21:58.915,1.0625,1.0626,0.30,8.00
2007.08.14 14:21:58.985,1.0625,1.0626,4.20,8.00
2007.08.14 14:21:59.108,1.0625,1.0626,4.20,4.00
2007.08.14 14:21:59.439,1.0625,1.0626,4.20,8.00
2007.08.14 14:21:59.495,1.0625,1.0626,0.30,8.00
2007.08.14 14:21:59.639,1.0625,1.0626,0.30,4.00
2007.08.14 14:22:00.937,1.0625,1.0626,4.20,4.00
2007.08.14 14:22:01.223,1.0625,1.0626,4.20,0.70
2007.08.14 14:22:04.923,1.0625,1.0626,0.30,0.60
2007.08.14 14:22:05.247,1.0625,1.06265,0.30,12.00
2007.08.14 14:22:06.448,1.0625,1.06265,4.20,12.00
2007.08.14 14:22:06.704,1.0625,1.0626,4.20,0.70
2007.08.14 14:22:07.122,1.0625,1.0628,4.20,52.80
2007.08.14 14:22:09.960,1.0625,1.0628,0.30,51.20
2007.08.14 14:22:10.566,1.0625,1.0628,0.30,51.20
2007.08.14 14:22:10.750,1.0625,1.0627,0.30,20.20
2007.08.14 14:22:19.526,1.0625,1.06265,4.20,0.70
2007.08.14 14:22:19.793,1.0625,1.0628,4.20,51.20
2007.08.14 14:22:20.589,1.0625,1.0627,4.20,0.60
2007.08.14 14:22:20.689,1.0625,1.0628,4.20,40.80
2007.08.14 14:22:20.774,1.0625,1.0627,4.20,0.70
2007.08.14 14:22:20.811,1.0625,1.0627,4.70,0.60
2007.08.14 14:22:21.016,1.0625,1.0627,5.70,0.80
2007.08.14 14:22:21.126,1.0625,1.0627,5.70,0.70
2007.08.14 14:22:21.429,1.0625,1.0628,5.80,41.30
2007.08.14 14:22:22.461,1.0625,1.0628,5.90,42.10
2007.08.14 14:22:24.552,1.0625,1.0627,6.20,0.80
2007.08.14 14:22:24.579,1.0625,1.0627,6.20,0.60
2007.08.14 14:22:24.655,1.0625,1.0628,6.80,30.80
2007.08.14 14:22:24.666,1.0625,1.0627,6.80,0.80
2007.08.14 14:22:24.682,1.0625,1.0627,6.80,0.70
2007.08.14 14:22:24.956,1.0625,1.0627,8.40,0.90
2007.08.14 14:22:24.989,1.0626,1.06275,4.00,8.00
2007.08.14 14:22:26.123,1.0626,1.0629,4.00,54.10
2007.08.14 14:22:28.118,1.0626,1.0628,4.00,0.70
2007.08.14 14:22:28.459,1.06255,1.0628,3.20,0.60
2007.08.14 14:22:28.557,1.06255,1.0628,3.20,22.50
2007.08.14 14:22:31.816,1.06255,1.06275,2.90,4.00
2007.08.14 14:22:34.177,1.0627,1.06275,0.60,4.00
2007.08.14 14:22:34.282,1.0626,1.0627,0.90,0.60
2007.08.14 14:22:34.493,1.0626,1.0627,0.70,0.60
2007.08.14 14:22:34.697,1.0626,1.06275,0.50,4.00
2007.08.14 14:22:36.776,1.0626,1.06275,0.60,4.00
2007.08.14 14:22:37.530,1.0626,1.0628,0.60,18.40
2007.08.14 14:22:39.278,1.0626,1.0628,0.70,18.40
2007.08.14 14:22:39.578,1.0626,1.0628,1.20,15.20
2007.08.14 14:22:39.597,1.0626,1.0628,5.20,8.80
2007.08.14 14:22:39.673,1.0626,1.0628,6.60,8.80
2007.08.14 14:22:39.709,1.0626,1.0628,7.40,8.80
2007.08.14 14:22:39.725,1.0626,1.0628,8.20,0.60
2007.08.14 14:22:40.134,1.0626,1.0629,10.00,25.60
2007.08.14 14:22:40.206,1.0627,1.0629,0.30,25.60
2007.08.14 14:22:40.404,1.0627,1.0628,0.30,0.90
2007.08.14 14:22:40.512,1.0626,1.0628,13.20,0.50
2007.08.14 14:22:40.623,1.0626,1.0628,13.20,0.50
2007.08.14 14:22:41.298,1.0626,1.0628,13.20,0.60
2007.08.14 14:22:41.672,1.0627,1.06285,0.20,8.00
2007.08.14 14:22:43.552,1.0627,1.0628,0.30,0.50
2007.08.14 14:22:44.531,1.0627,1.06285,4.20,8.00
2007.08.14 14:22:44.628,1.0627,1.06285,5.00,8.00
2007.08.14 14:22:44.660,1.0627,1.06285,6.70,0.80
2007.08.14 14:22:44.694,1.0627,1.063,7.50,42.70
2007.08.14 14:22:44.754,1.0627,1.0629,7.60,0.50
2007.08.14 14:22:45.038,1.0628,1.063,4.00,30.80
2007.08.14 14:22:45.158,1.0628,1.063,4.00,11.20
2007.08.14 14:22:45.222,1.0628,1.063,4.00,10.40
2007.08.14 14:22:45.276,1.0628,1.063,4.20,10.40
2007.08.14 14:22:45.537,1.0628,1.0631,4.20,48.20
2007.08.14 14:22:45.986,1.0628,1.0631,4.30,44.20
2007.08.14 14:22:46.107,1.0628,1.063,4.70,0.70
2007.08.14 14:22:46.255,1.0628,1.063,7.60,0.60
2007.08.14 14:22:46.277,1.0628,1.06305,10.00,8.00
2007.08.14 14:22:47.353,1.0628,1.06305,10.10,8.00
2007.08.14 14:22:47.446,1.0628,1.063,10.30,0.60
2007.08.14 14:22:48.391,1.0628,1.06305,9.60,8.00
2007.08.14 14:22:48.691,1.0628,1.063,9.70,0.60
2007.08.14 14:22:50.059,1.0629,1.063,4.00,0.90
2007.08.14 14:22:50.062,1.0629,1.06305,4.00,0.60
2007.08.14 14:22:50.122,1.0629,1.0632,4.00,54.80
2007.08.14 14:22:50.156,1.0629,1.0632,4.00,57.90
2007.08.14 14:22:50.574,1.0629,1.0631,4.00,0.90
2007.08.14 14:22:51.075,1.0629,1.0632,4.20,45.00
2007.08.14 14:22:51.506,1.0629,1.0632,4.20,45.00
2007.08.14 14:22:52.504,1.0629,1.0632,0.30,45.00
2007.08.14 14:22:52.598,1.0629,1.0631,0.30,0.60
2007.08.14 14:22:52.649,1.0629,1.0632,0.30,51.50
2007.08.14 14:22:52.751,1.0629,1.0631,0.30,20.80
2007.08.14 14:22:53.554,1.0629,1.0632,0.30,47.50
2007.08.14 14:22:53.573,1.0629,1.0632,2.70,54.90
2007.08.14 14:22:53.644,1.0629,1.0631,4.30,0.50
2007.08.14 14:22:53.701,1.0629,1.0632,9.90,41.50
2007.08.14 14:22:53.841,1.0629,1.0632,11.50,41.50
2007.08.14 14:22:55.556,1.0629,1.0632,5.10,38.30
2007.08.14 14:22:55.577,1.0629,1.0631,9.10,0.60
2007.08.14 14:22:55.662,1.063,1.0632,0.80,39.90
2007.08.14 14:22:55.689,1.063,1.0631,0.80,0.60
2007.08.14 14:22:55.766,1.063,1.0632,0.80,35.30
2007.08.14 14:22:55.860,1.063,1.0632,2.50,34.30
2007.08.14 14:22:55.906,1.063,1.0631,1.70,0.60
2007.08.14 14:22:55.973,1.063,1.0631,2.30,0.80
2007.08.14 14:22:56.196,1.063,1.0632,2.30,28.00
2007.08.14 14:22:56.275,1.063,1.0632,1.70,27.20
2007.08.14 14:22:56.501,1.063,1.0632,5.70,24.00
2007.08.14 14:22:56.598,1.063,1.0632,6.00,28.00
2007.08.14 14:22:56.681,1.063,1.0631,6.10,0.80
2007.08.14 14:22:56.774,1.063,1.06325,6.10,9.60
2007.08.14 14:22:56.898,1.0631,1.06325,0.40,9.60
2007.08.14 14:22:56.981,1.0631,1.06325,0.70,9.60
2007.08.14 14:22:57.140,1.0631,1.06325,0.70,10.40
2007.08.14 14:22:57.153,1.0631,1.0632,0.70,0.90
2007.08.14 14:22:57.570,1.0631,1.06325,3.10,9.30
2007.08.14 14:22:57.605,1.0631,1.06325,3.20,9.30
2007.08.14 14:22:57.728,1.0631,1.0632,3.80,0.80
2007.08.14 14:22:57.823,1.0631,1.0632,3.20,0.50
2007.08.14 14:22:58.033,1.0631,1.06325,3.20,8.50
2007.08.14 14:22:58.640,1.0631,1.06325,2.80,8.50
2007.08.14 14:22:58.763,1.0631,1.06325,3.00,8.50
2007.08.14 14:22:59.395,1.0631,1.0632,2.60,0.80
2007.08.14 14:22:59.814,1.0631,1.06325,2.80,8.50
2007.08.14 14:22:59.906,1.0631,1.06325,2.50,8.50
2007.08.14 14:23:00.003,1.0631,1.0632,2.60,0.80
2007.08.14 14:23:00.138,1.0631,1.0632,2.60,0.60
2007.08.14 14:23:00.212,1.0631,1.0632,2.60,0.90
2007.08.14 14:23:00.229,1.0631,1.06325,2.40,11.30
2007.08.14 14:23:00.408,1.0631,1.06325,2.40,10.50
2007.08.14 14:23:00.434,1.0631,1.0632,2.40,0.80
2007.08.14 14:23:00.530,1.0631,1.0632,2.40,0.80
2007.08.14 14:23:00.833,1.0631,1.06325,2.40,8.50
2007.08.14 14:23:01.970,1.063,1.06325,6.30,8.50
2007.08.14 14:23:02.621,1.063,1.0632,6.00,0.80
2007.08.14 14:23:02.735,1.063,1.0632,5.60,0.70
2007.08.14 14:23:02.779,1.063,1.0632,5.60,0.90
2007.08.14 14:23:03.283,1.063,1.0633,5.80,32.90
2007.08.14 14:23:03.316,1.063,1.0633,6.40,32.90
2007.08.14 14:23:03.421,1.0631,1.0633,0.30,32.90
2007.08.14 14:23:03.723,1.0631,1.0633,0.50,30.00
2007.08.14 14:23:04.145,1.0631,1.0633,0.80,24.50
2007.08.14 14:23:04.190,1.0631,1.06325,0.80,8.50
2007.08.14 14:23:05.097,1.0631,1.06325,4.80,8.50
2007.08.14 14:23:05.552,1.0631,1.0633,4.80,18.10
2007.08.14 14:23:05.594,1.0631,1.0633,4.90,0.70
2007.08.14 14:23:06.082,1.0632,1.0633,4.00,0.80
2007.08.14 14:23:06.133,1.0632,1.0634,4.80,22.60
2007.08.14 14:23:06.237,1.0632,1.0634,4.80,17.60
2007.08.14 14:23:06.350,1.0632,1.06345,5.40,11.20
2007.08.14 14:23:06.594,1.0633,1.06345,4.00,11.20
2007.08.14 14:23:06.656,1.0633,1.0634,4.50,0.60
2007.08.14 14:23:06.693,1.0633,1.0634,4.50,0.60
2007.08.14 14:23:06.764,1.0633,1.0634,4.80,0.70
2007.08.14 14:23:08.109,1.0633,1.0634,4.80,0.80
2007.08.14 14:23:09.647,1.0633,1.0634,4.30,0.80
2007.08.14 14:23:09.680,1.0633,1.0634,0.40,0.80
2007.08.14 14:23:09.766,1.0633,1.0634,0.40,8.80
2007.08.14 14:23:10.890,1.0632,1.0633,8.70,0.40
2007.08.14 14:23:11.334,1.0633,1.0634,0.50,10.40
2007.08.14 14:23:11.427,1.0632,1.0634,10.30,10.40
2007.08.14 14:23:11.465,1.0632,1.0634,11.10,10.40
2007.08.14 14:23:11.560,1.0632,1.0634,11.10,8.80
2007.08.14 14:23:11.845,1.0632,1.0634,10.30,8.80
2007.08.14 14:23:12.437,1.0632,1.0634,9.50,8.80
2007.08.14 14:23:12.449,1.0632,1.0634,0.80,21.50
2007.08.14 14:23:12.559,1.0632,1.0633,0.70,1.60
2007.08.14 14:23:12.644,1.0632,1.0633,0.70,5.60
2007.08.14 14:23:12.681,1.0631,1.0633,4.20,9.60
2007.08.14 14:23:12.697,1.0631,1.0633,1.80,9.60
2007.08.14 14:23:12.775,1.0631,1.0632,1.80,0.80
2007.08.14 14:23:12.808,1.0631,1.0632,1.00,0.80
2007.08.14 14:23:12.880,1.0631,1.0633,1.00,9.60
2007.08.14 14:23:13.927,1.0632,1.0633,0.70,9.60
2007.08.14 14:23:14.016,1.0632,1.0633,0.80,9.60
2007.08.14 14:23:14.136,1.0632,1.0633,0.70,8.00
2007.08.14 14:23:14.222,1.0632,1.0633,0.90,4.00
2007.08.14 14:23:14.340,1.0633,1.06335,0.20,4.00
2007.08.14 14:23:14.435,1.0632,1.0633,0.90,4.00
2007.08.14 14:23:14.542,1.0632,1.0633,1.00,4.00
2007.08.14 14:23:14.552,1.0632,1.0633,1.80,4.00
2007.08.14 14:23:14.640,1.0632,1.0633,1.30,4.00
2007.08.14 14:23:14.849,1.0632,1.0633,1.90,4.00
2007.08.14 14:23:14.955,1.0632,1.0633,1.10,4.00
2007.08.14 14:23:15.064,1.0632,1.0633,1.00,4.00
2007.08.14 14:23:15.281,1.0631,1.0632,4.10,0.80
2007.08.14 14:23:15.368,1.0631,1.0632,1.80,0.80
2007.08.14 14:23:15.524,1.0631,1.0632,1.70,0.80
2007.08.14 14:23:15.546,1.0631,1.0633,0.90,4.00
2007.08.14 14:23:15.678,1.0631,1.0633,0.80,4.80
2007.08.14 14:23:15.865,1.0631,1.0633,0.80,8.80
2007.08.14 14:23:15.975,1.0631,1.0633,0.50,8.80
2007.08.14 14:23:16.098,1.0631,1.0633,20.40,12.80
2007.08.14 14:23:16.116,1.0631,1.0633,24.40,12.80
2007.08.14 14:23:16.134,1.0631,1.0633,24.40,8.80
2007.08.14 14:23:16.303,1.0631,1.0634,9.60,13.60
2007.08.14 14:23:16.602,1.0631,1.0634,8.80,13.60
2007.08.14 14:23:16.721,1.0631,1.0633,19.20,8.00
2007.08.14 14:23:16.756,1.0631,1.0633,15.20,8.00
2007.08.14 14:23:16.925,1.0631,1.0633,12.80,8.00
2007.08.14 14:23:17.023,1.0631,1.0633,8.80,8.00
2007.08.14 14:23:17.340,1.0632,1.0633,0.30,8.00
2007.08.14 14:23:17.561,1.0631,1.0633,10.60,8.00
2007.08.14 14:23:17.569,1.0631,1.0633,9.80,8.00
2007.08.14 14:23:17.641,1.0631,1.0633,17.80,8.00
2007.08.14 14:23:17.797,1.0631,1.0633,17.00,8.00
2007.08.14 14:23:18.585,1.0631,1.0633,17.60,8.00
2007.08.14 14:23:19.627,1.0631,1.0633,9.60,8.00
2007.08.14 14:23:21.313,1.0631,1.0633,10.40,8.00
2007.08.14 14:23:21.377,1.0632,1.0633,0.40,8.00
2007.08.14 14:23:21.995,1.0632,1.0633,0.50,8.00
2007.08.14 14:23:22.831,1.0632,1.0633,0.50,8.00
2007.08.14 14:23:23.696,1.0632,1.0633,0.50,21.50
2007.08.14 14:23:23.775,1.0632,1.0633,0.40,21.50
2007.08.14 14:23:23.949,1.0631,1.0633,12.00,21.50
2007.08.14 14:23:23.974,1.0631,1.0633,11.20,21.50
2007.08.14 14:23:24.057,1.0631,1.0633,10.40,21.50
2007.08.14 14:23:24.080,1.0631,1.0632,10.00,0.30
2007.08.14 14:23:24.295,1.0631,1.0632,2.10,0.30
2007.08.14 14:23:24.469,1.0631,1.0632,2.90,0.30
2007.08.14 14:23:24.487,1.0632,1.0633,1.10,21.50
2007.08.14 14:23:24.713,1.0632,1.0633,1.10,9.60
2007.08.14 14:23:26.152,1.0632,1.0633,1.20,8.00
2007.08.14 14:23:26.304,1.0632,1.0633,1.20,4.00
2007.08.14 14:23:26.778,1.0632,1.0633,1.60,4.00
2007.08.14 14:23:28.219,1.0632,1.0633,1.90,4.00
2007.08.14 14:23:28.742,1.0632,1.0633,2.70,4.00
2007.08.14 14:23:28.762,1.0632,1.0633,3.50,4.00
2007.08.14 14:23:28.906,1.0632,1.0633,4.30,4.00
2007.08.14 14:23:29.163,1.0632,1.0634,4.30,16.80
2007.08.14 14:23:29.815,1.0632,1.0634,4.10,16.80
2007.08.14 14:23:30.084,1.0632,1.0634,3.30,16.80
2007.08.14 14:23:30.122,1.0632,1.0634,2.50,16.80
2007.08.14 14:23:30.242,1.0632,1.0634,1.70,16.80
2007.08.14 14:23:30.299,1.0632,1.0634,2.00,16.80
2007.08.14 14:23:30.636,1.0632,1.0634,2.00,20.80
2007.08.14 14:23:30.830,1.0632,1.0633,1.40,4.00
2007.08.14 14:23:31.245,1.06315,1.0633,1.60,4.00
2007.08.14 14:23:31.408,1.0631,1.0633,14.30,4.00
2007.08.14 14:23:31.651,1.0632,1.0633,0.20,15.10
2007.08.14 14:23:31.759,1.0631,1.0633,15.40,15.10
2007.08.14 14:23:31.994,1.0631,1.0633,15.40,19.10
2007.08.14 14:23:32.183,1.0631,1.0633,14.60,19.10
2007.08.14 14:23:32.276,1.0631,1.0633,2.60,11.20
2007.08.14 14:23:33.212,1.0631,1.0633,2.50,11.20
2007.08.14 14:23:33.599,1.0631,1.0633,2.60,11.20
2007.08.14 14:23:34.472,1.0631,1.0633,1.40,11.20
2007.08.14 14:23:35.280,1.0631,1.0633,0.80,11.20
2007.08.14 14:23:36.374,1.063,1.0633,26.90,11.20
2007.08.14 14:23:36.416,1.0632,1.0633,0.30,11.20
2007.08.14 14:23:37.255,1.0632,1.0633,0.50,11.20
2007.08.14 14:23:37.776,1.063,1.0633,36.50,11.20
2007.08.14 14:23:37.784,1.0631,1.0633,1.10,11.20
2007.08.14 14:23:37.802,1.0631,1.0633,0.70,11.20
2007.08.14 14:23:44.212,1.0631,1.0633,3.80,8.00
2007.08.14 14:23:44.342,1.0631,1.0633,5.40,4.00
2007.08.14 14:23:44.615,1.0632,1.0633,0.60,4.00
2007.08.14 14:23:45.954,1.06315,1.0633,2.80,4.00
2007.08.14 14:23:46.788,1.06315,1.0633,2.80,4.00
2007.08.14 14:23:48.770,1.06315,1.0633,2.50,4.00
2007.08.14 14:23:50.109,1.06315,1.0633,2.80,4.00
2007.08.14 14:23:51.262,1.0632,1.0633,0.60,4.00
2007.08.14 14:23:51.359,1.06315,1.0633,2.40,4.00
2007.08.14 14:23:51.562,1.0632,1.0633,0.70,4.00
2007.08.14 14:23:53.318,1.06315,1.0633,3.10,8.00
2007.08.14 14:23:53.335,1.06315,1.0633,2.80,8.80
2007.08.14 14:23:53.732,1.0632,1.0633,0.80,8.00
2007.08.14 14:23:53.855,1.0632,1.0633,0.50,8.00
2007.08.14 14:23:53.878,1.06315,1.0633,3.20,4.00
2007.08.14 14:23:56.777,1.06315,1.0633,3.20,4.80
2007.08.14 14:23:56.865,1.0632,1.0633,1.00,4.80
2007.08.14 14:23:56.978,1.0632,1.0633,0.80,4.80
2007.08.14 14:23:56.988,1.06315,1.0633,2.40,8.80
2007.08.14 14:23:57.706,1.06315,1.0633,3.00,8.00
2007.08.14 14:23:57.782,1.06315,1.0633,3.00,4.00
2007.08.14 14:23:57.820,1.0632,1.0633,1.30,4.00
2007.08.14 14:23:58.092,1.0632,1.0634,0.90,14.40
2007.08.14 14:23:58.592,1.06315,1.0634,3.40,13.60
2007.08.14 14:23:59.444,1.0632,1.0634,1.00,13.60
2007.08.14 14:24:00.167,1.06315,1.0634,3.50,17.60
2007.08.14 14:24:00.463,1.0632,1.0633,0.90,4.00
2007.08.14 14:24:01.950,1.0632,1.0633,0.80,4.00
2007.08.14 14:24:02.901,1.0632,1.0633,1.90,4.00
2007.08.14 14:24:03.100,1.0632,1.06335,1.90,4.00
2007.08.14 14:24:03.248,1.0632,1.0634,1.90,12.80
2007.08.14 14:24:04.143,1.0632,1.0634,1.90,12.00
2007.08.14 14:24:04.732,1.0632,1.0634,4.30,12.00
2007.08.14 14:24:04.843,1.0632,1.0634,5.10,12.00
2007.08.14 14:24:04.869,1.0632,1.0634,5.10,8.00
2007.08.14 14:24:05.258,1.0632,1.0634,5.90,8.00
2007.08.14 14:24:05.356,1.0633,1.0634,0.50,8.00
2007.08.14 14:24:05.763,1.0633,1.0634,0.50,4.00
2007.08.14 14:24:06.087,1.0633,1.0634,0.50,3.20
2007.08.14 14:24:06.446,1.0633,1.0634,0.50,0.80
2007.08.14 14:24:07.955,1.0633,1.0634,0.60,0.80
2007.08.14 14:24:07.997,1.0633,1.0634,1.20,0.80
2007.08.14 14:24:08.051,1.0633,1.0634,2.80,0.80
2007.08.14 14:24:08.244,1.0633,1.0634,3.60,0.80
2007.08.14 14:24:08.576,1.0633,1.0634,3.60,4.80
2007.08.14 14:24:10.666,1.0633,1.0634,7.60,4.80
2007.08.14 14:24:10.732,1.0633,1.0634,7.60,4.00
2007.08.14 14:24:10.773,1.0633,1.0635,10.80,17.70
2007.08.14 14:24:10.859,1.0634,1.0635,0.30,4.00
2007.08.14 14:24:11.063,1.0633,1.0635,35.60,4.00
2007.08.14 14:24:11.196,1.0633,1.0635,31.60,4.00
2007.08.14 14:24:11.290,1.0633,1.0635,2.10,4.00
2007.08.14 14:24:11.375,1.0633,1.0635,2.10,8.00
2007.08.14 14:24:11.486,1.0633,1.0635,0.80,8.00
2007.08.14 14:24:11.809,1.0633,1.0634,0.80,4.00
2007.08.14 14:24:12.414,1.0633,1.0634,0.70,4.00
2007.08.14 14:24:12.507,1.0632,1.0634,40.80,4.00
2007.08.14 14:24:12.727,1.0633,1.0634,4.00,4.00
2007.08.14 14:24:12.832,1.0633,1.0635,7.70,4.00
2007.08.14 14:24:12.998,1.0633,1.0634,7.70,0.80
2007.08.14 14:24:13.254,1.0633,1.0634,38.00,0.80
2007.08.14 14:24:13.348,1.0633,1.0634,37.80,0.80
2007.08.14 14:24:14.146,1.0634,1.0635,4.00,4.00
2007.08.14 14:24:14.174,1.0634,1.0635,7.20,4.00
2007.08.14 14:24:14.305,1.0634,1.0636,19.20,24.00
2007.08.14 14:24:14.349,1.0634,1.0636,19.20,23.20
2007.08.14 14:24:14.355,1.0634,1.0636,19.20,18.40
2007.08.14 14:24:14.394,1.0634,1.0636,28.00,9.60
2007.08.14 14:24:14.706,1.0634,1.0636,20.00,9.60
2007.08.14 14:24:14.797,1.0634,1.0636,28.00,9.60
2007.08.14 14:24:14.915,1.0634,1.0636,32.80,8.00
2007.08.14 14:24:14.978,1.0634,1.0636,35.20,8.00
2007.08.14 14:24:15.013,1.0635,1.0636,2.30,4.00
2007.08.14 14:24:15.119,1.0634,1.0636,39.70,4.00
2007.08.14 14:24:15.178,1.0635,1.0636,0.80,4.00
2007.08.14 14:24:15.215,1.0635,1.0637,0.80,35.80
2007.08.14 14:24:15.270,1.0634,1.0637,46.80,35.80
2007.08.14 14:24:15.329,1.0634,1.0637,46.30,27.20
2007.08.14 14:24:15.377,1.0634,1.0637,45.50,28.00
2007.08.14 14:24:15.404,1.0634,1.0637,45.50,28.80
2007.08.14 14:24:15.424,1.0634,1.0637,45.50,28.70
2007.08.14 14:24:15.509,1.0634,1.0637,45.50,27.90
2007.08.14 14:24:15.532,1.0634,1.0637,44.70,27.90
2007.08.14 14:24:15.856,1.0634,1.0637,44.90,27.90
2007.08.14 14:24:15.945,1.0634,1.0637,44.90,27.80
2007.08.14 14:24:16.163,1.0634,1.0637,45.70,27.80
2007.08.14 14:24:16.543,1.0634,1.0637,45.50,27.80
2007.08.14 14:24:17.081,1.0634,1.0637,44.10,27.80
2007.08.14 14:24:17.177,1.0634,1.0637,44.10,35.80
2007.08.14 14:24:17.304,1.0634,1.0637,44.10,35.60
2007.08.14 14:24:17.593,1.0634,1.0637,44.30,35.80
2007.08.14 14:24:17.716,1.0634,1.0637,44.10,36.60
2007.08.14 14:24:17.734,1.0634,1.0636,37.70,0.80
2007.08.14 14:24:17.819,1.0634,1.0635,14.60,0.80
2007.08.14 14:24:17.921,1.0634,1.0635,4.20,1.60
2007.08.14 14:24:17.941,1.0634,1.0635,4.20,2.40
2007.08.14 14:24:18.223,1.0634,1.0635,4.20,2.40
2007.08.14 14:24:18.340,1.0634,1.0635,0.20,2.40
2007.08.14 14:24:18.386,1.0634,1.0635,0.20,1.60
2007.08.14 14:24:18.543,1.0634,1.0635,0.20,0.80
2007.08.14 14:24:18.703,1.0634,1.06355,0.20,1.60
2007.08.14 14:24:18.723,1.0634,1.06355,0.20,4.00
2007.08.14 14:24:19.263,1.0634,1.06355,0.60,4.00
2007.08.14 14:24:19.288,1.0634,1.0636,0.60,17.00
2007.08.14 14:24:19.381,1.0634,1.0636,0.60,8.00
2007.08.14 14:24:19.465,1.0634,1.0636,0.60,4.00
2007.08.14 14:24:19.586,1.0635,1.0636,0.50,4.00
2007.08.14 14:24:19.687,1.0634,1.0636,1.70,4.00
2007.08.14 14:24:19.736,1.0635,1.0636,6.40,4.00
2007.08.14 14:24:19.801,1.0635,1.06365,22.80,4.00
2007.08.14 14:24:19.892,1.0635,1.06365,36.40,4.00
2007.08.14 14:24:19.948,1.0635,1.06365,37.20,4.00
2007.08.14 14:24:19.996,1.0635,1.06365,38.60,4.00
2007.08.14 14:24:20.012,1.0635,1.0637,39.40,8.80
2007.08.14 14:24:20.116,1.0635,1.0636,39.40,0.80
2007.08.14 14:24:20.210,1.0635,1.0638,47.40,26.60
2007.08.14 14:24:20.261,1.0635,1.06375,42.60,4.00
2007.08.14 14:24:20.312,1.0635,1.0636,21.50,0.80
2007.08.14 14:24:20.347,1.0635,1.0636,20.70,0.80
2007.08.14 14:24:20.412,1.0635,1.0636,18.30,0.80
2007.08.14 14:24:20.504,1.0635,1.0636,14.30,0.80
2007.08.14 14:24:20.549,1.06345,1.0635,1.90,0.80
2007.08.14 14:24:20.559,1.06345,1.0635,1.90,0.80
2007.08.14 14:24:20.588,1.0635,1.0637,12.00,13.10
2007.08.14 14:24:20.618,1.0635,1.0637,8.00,13.40
2007.08.14 14:24:20.714,1.0635,1.0637,8.00,14.20
2007.08.14 14:24:20.810,1.0635,1.0636,7.90,4.00
2007.08.14 14:24:20.826,1.06345,1.0635,0.10,0.80
2007.08.14 14:24:20.963,1.0634,1.0635,9.10,0.80
2007.08.14 14:24:21.071,1.0634,1.0635,9.10,0.50
2007.08.14 14:24:21.129,1.0634,1.0635,4.30,0.50
2007.08.14 14:24:21.169,1.0634,1.0635,10.70,0.50
2007.08.14 14:24:21.252,1.0634,1.0635,14.70,0.50
2007.08.14 14:24:21.345,1.0635,1.0636,7.90,4.80
2007.08.14 14:24:21.583,1.0635,1.0636,7.90,0.80
2007.08.14 14:24:21.662,1.0635,1.0636,8.10,0.80
2007.08.14 14:24:22.172,1.0635,1.0637,8.10,18.30
2007.08.14 14:24:22.279,1.0635,1.0637,0.20,36.00
2007.08.14 14:24:22.377,1.0635,1.0637,0.20,34.50
2007.08.14 14:24:22.400,1.0635,1.0637,0.20,33.70
2007.08.14 14:24:22.495,1.0635,1.0637,0.20,32.90
2007.08.14 14:24:22.513,1.0635,1.0637,0.20,32.10
2007.08.14 14:24:22.992,1.0635,1.0637,0.20,33.50
2007.08.14 14:24:23.123,1.0635,1.0637,0.20,34.30
2007.08.14 14:24:23.195,1.0635,1.0637,0.20,34.20
2007.08.14 14:24:23.310,1.0635,1.0637,0.20,35.00
2007.08.14 14:24:24.129,1.0635,1.0637,0.20,34.20
2007.08.14 14:24:24.237,1.0635,1.0637,0.20,12.70
2007.08.14 14:24:24.260,1.0635,1.0637,0.20,18.30
2007.08.14 14:24:24.337,1.0635,1.0636,0.20,4.00
2007.08.14 14:24:24.748,1.0635,1.06365,0.20,4.00
2007.08.14 14:24:25.071,1.0635,1.0637,0.20,8.40
2007.08.14 14:24:25.208,1.0635,1.0637,0.20,6.80
2007.08.14 14:24:25.226,1.0635,1.0637,0.20,10.80
2007.08.14 14:24:25.283,1.0635,1.0637,8.10,14.80
2007.08.14 14:24:25.483,1.0635,1.0637,0.20,22.80
2007.08.14 14:24:25.693,1.0635,1.0637,0.20,23.10
2007.08.14 14:24:26.201,1.0635,1.0637,0.20,11.20
2007.08.14 14:24:26.257,1.0635,1.06365,0.20,4.00
2007.08.14 14:24:26.321,1.0635,1.0636,0.20,4.00
2007.08.14 14:24:27.252,1.0635,1.06365,0.20,4.00
2007.08.14 14:24:27.349,1.0635,1.0637,0.20,33.90
2007.08.14 14:24:27.377,1.0635,1.0637,0.20,29.00
2007.08.14 14:24:27.563,1.0634,1.0637,26.80,29.00
2007.08.14 14:24:27.658,1.0634,1.0637,30.80,25.00
2007.08.14 14:24:28.198,1.0635,1.0637,4.00,25.00
2007.08.14 14:24:28.277,1.0635,1.0637,8.00,21.00
2007.08.14 14:24:28.425,1.0635,1.0637,29.50,10.70
2007.08.14 14:24:28.486,1.0635,1.0637,32.20,8.80
2007.08.14 14:24:28.498,1.0635,1.0637,32.20,8.00
2007.08.14 14:24:28.707,1.0635,1.0637,9.90,4.00
2007.08.14 14:24:28.744,1.0635,1.0638,9.90,19.10
2007.08.14 14:24:28.797,1.0635,1.0638,8.30,27.00
2007.08.14 14:24:28.815,1.0635,1.0638,4.30,31.00
2007.08.14 14:24:28.908,1.0635,1.0638,4.30,31.20
2007.08.14 14:24:29.029,1.0635,1.0638,4.30,29.60
2007.08.14 14:24:29.052,1.0635,1.0638,4.00,33.20
2007.08.14 14:24:29.106,1.0635,1.0637,4.00,15.90
2007.08.14 14:24:29.335,1.0634,1.0637,17.40,5.60
2007.08.14 14:24:29.429,1.0634,1.0637,13.40,9.60
2007.08.14 14:24:29.515,1.0634,1.0636,25.00,4.00
2007.08.14 14:24:29.592,1.0634,1.0636,20.20,4.00
2007.08.14 14:24:29.620,1.0634,1.0636,19.80,4.00
2007.08.14 14:24:29.632,1.0634,1.0636,17.40,4.00
2007.08.14 14:24:29.749,1.0634,1.0636,16.60,4.00
2007.08.14 14:24:29.838,1.0634,1.0636,16.60,4.00
2007.08.14 14:24:29.941,1.0634,1.0636,12.60,4.00
2007.08.14 14:24:30.374,1.0634,1.0636,12.60,4.00
2007.08.14 14:24:30.559,1.0634,1.0636,12.70,4.00
2007.08.14 14:24:30.779,1.0634,1.0636,12.60,4.00
2007.08.14 14:24:30.894,1.0634,1.0636,12.60,4.00
2007.08.14 14:24:31.297,1.0634,1.0636,4.60,15.10
2007.08.14 14:24:31.392,1.0634,1.0636,4.60,16.90
2007.08.14 14:24:31.512,1.0634,1.0636,4.50,16.90
2007.08.14 14:24:31.711,1.0634,1.0636,0.60,20.90
2007.08.14 14:24:32.158,1.0634,1.0636,0.60,24.90
2007.08.14 14:24:32.239,1.0634,1.0636,0.60,11.20
2007.08.14 14:24:34.786,1.0634,1.0636,0.60,17.60
2007.08.14 14:24:34.930,1.0634,1.0635,0.20,4.00
2007.08.14 14:24:35.356,1.0634,1.0635,0.20,8.00
2007.08.14 14:24:35.766,1.0633,1.0635,8.60,4.00
2007.08.14 14:24:35.866,1.0633,1.0635,0.70,3.70
2007.08.14 14:24:35.882,1.0633,1.0635,0.70,7.70
2007.08.14 14:24:35.968,1.0633,1.0635,0.80,6.90
2007.08.14 14:24:36.178,1.0633,1.0635,0.60,6.90
2007.08.14 14:24:36.262,1.0633,1.0635,0.50,6.90
2007.08.14 14:24:36.481,1.0633,1.0635,0.20,6.90
2007.08.14 14:24:36.593,1.0633,1.0635,0.40,6.90
2007.08.14 14:24:36.800,1.0633,1.0635,0.20,6.90
2007.08.14 14:24:37.260,1.0633,1.0634,0.20,4.00
2007.08.14 14:24:37.315,1.0633,1.0634,0.20,7.20
2007.08.14 14:24:37.427,1.0632,1.0634,6.00,7.20
2007.08.14 14:24:37.469,1.0632,1.0634,5.20,7.20
2007.08.14 14:24:37.523,1.0632,1.0634,9.60,18.10
2007.08.14 14:24:37.557,1.0632,1.0634,8.80,18.10
2007.08.14 14:24:37.711,1.0632,1.0634,4.80,18.10
2007.08.14 14:24:37.777,1.0632,1.0634,4.80,0.50
2007.08.14 14:24:37.779,1.0632,1.0634,8.80,0.70
2007.08.14 14:24:37.840,1.0632,1.0635,8.70,9.30
2007.08.14 14:24:37.943,1.0632,1.0635,8.30,9.30
2007.08.14 14:24:38.092,1.0632,1.06355,8.30,10.90
2007.08.14 14:24:39.213,1.0632,1.06355,10.70,10.90
2007.08.14 14:24:39.304,1.0633,1.0635,0.90,0.70
2007.08.14 14:24:39.314,1.0633,1.06355,4.90,10.90
2007.08.14 14:24:39.395,1.0633,1.0635,5.50,0.90
2007.08.14 14:24:39.506,1.0633,1.0635,5.50,0.90
2007.08.14 14:24:39.526,1.0633,1.0635,5.50,0.60
2007.08.14 14:24:39.603,1.0633,1.0637,9.50,60.90
2007.08.14 14:24:39.741,1.0633,1.0637,9.50,61.70
2007.08.14 14:24:39.916,1.0633,1.0637,9.60,57.70
2007.08.14 14:24:40.131,1.0633,1.0637,9.60,56.90
2007.08.14 14:24:40.259,1.0633,1.0637,12.00,56.90
2007.08.14 14:24:40.353,1.0633,1.0637,16.00,47.80
2007.08.14 14:24:40.369,1.0633,1.06365,16.00,13.60
2007.08.14 14:24:40.429,1.0634,1.0636,0.50,0.50
2007.08.14 14:24:40.553,1.0634,1.0636,0.50,0.50
2007.08.14 14:24:40.563,1.0634,1.06365,0.40,11.20
2007.08.14 14:24:40.658,1.0634,1.0636,1.60,0.50
2007.08.14 14:24:41.353,1.0634,1.0636,7.20,0.70
2007.08.14 14:24:41.433,1.0634,1.0637,11.30,14.40
2007.08.14 14:24:41.857,1.0634,1.0637,15.30,0.50
2007.08.14 14:24:41.892,1.0634,1.0637,15.30,0.60
2007.08.14 14:24:42.078,1.0634,1.0638,16.10,53.80
2007.08.14 14:24:43.100,1.0634,1.0637,14.50,0.70
2007.08.14 14:24:48.092,1.0634,1.0638,14.60,52.80
2007.08.14 14:24:48.230,1.0634,1.0638,10.60,52.80
2007.08.14 14:24:48.313,1.0634,1.0637,7.40,25.10
2007.08.14 14:24:48.452,1.0634,1.0636,1.60,0.50
2007.08.14 14:24:48.509,1.0634,1.0637,0.40,31.60
2007.08.14 14:24:49.041,1.0633,1.0636,21.40,0.70
2007.08.14 14:24:49.146,1.0633,1.0637,20.60,48.70
2007.08.14 14:24:50.105,1.0633,1.0637,16.60,49.50
2007.08.14 14:24:50.847,1.0633,1.0637,16.80,49.50
2007.08.14 14:24:51.751,1.0633,1.0637,16.80,49.60
2007.08.14 14:24:53.273,1.0633,1.0637,15.20,49.60
2007.08.14 14:24:53.551,1.0634,1.0637,0.30,48.20
2007.08.14 14:24:54.852,1.0634,1.0637,0.30,50.60
2007.08.14 14:24:54.927,1.0633,1.0635,2.00,0.70
2007.08.14 14:24:55.034,1.0633,1.0635,2.00,0.80
2007.08.14 14:24:55.052,1.0633,1.0636,0.80,25.90
2007.08.14 14:24:55.098,1.0633,1.06355,0.80,8.80
2007.08.14 14:24:55.139,1.0633,1.06355,0.80,9.60
2007.08.14 14:24:55.977,1.0633,1.06355,0.80,13.60
2007.08.14 14:24:58.782,1.0633,1.0635,2.40,0.80
2007.08.14 14:24:58.885,1.0633,1.06355,13.10,23.10
2007.08.14 14:24:58.949,1.0633,1.0635,13.90,0.50
2007.08.14 14:24:59.000,1.0633,1.0635,9.90,0.80
2007.08.14 14:24:59.014,1.0633,1.0635,10.70,0.80
2007.08.14 14:24:59.094,1.0633,1.0636,10.80,25.70
2007.08.14 14:24:59.443,1.0633,1.0637,10.80,60.60
2007.08.14 14:24:59.916,1.0633,1.0636,10.80,0.70
2007.08.14 14:25:00.100,1.0633,1.0637,10.80,60.60
2007.08.14 14:25:00.320,1.0633,1.0636,10.80,0.60
2007.08.14 14:25:00.657,1.0633,1.0637,10.80,60.60
2007.08.14 14:25:01.156,1.0633,1.0636,10.80,0.60
2007.08.14 14:25:04.082,1.0633,1.0636,10.70,0.50
2007.08.14 14:25:04.179,1.0633,1.0637,10.80,59.80
2007.08.14 14:25:04.296,1.0633,1.0635,9.60,0.80
2007.08.14 14:25:04.386,1.0633,1.0635,7.60,0.80
2007.08.14 14:25:04.594,1.0633,1.0636,23.50,29.20
2007.08.14 14:25:04.717,1.0633,1.0636,19.40,33.20
2007.08.14 14:25:04.813,1.0633,1.0636,15.40,33.20
2007.08.14 14:25:04.852,1.0633,1.0635,14.60,0.60
2007.08.14 14:25:05.125,1.0633,1.0635,16.20,0.90
2007.08.14 14:25:05.797,1.0633,1.0635,16.00,0.70
2007.08.14 14:25:05.836,1.0633,1.0636,15.90,36.60
2007.08.14 14:25:07.270,1.0633,1.06355,16.70,8.00
2007.08.14 14:25:07.379,1.0633,1.06355,18.30,8.00
2007.08.14 14:25:07.506,1.0633,1.0635,28.90,0.50
2007.08.14 14:25:07.591,1.0633,1.0635,10.60,0.80
2007.08.14 14:25:07.702,1.0633,1.0635,10.80,2.40
2007.08.14 14:25:07.809,1.0633,1.0635,10.80,2.40
2007.08.14 14:25:09.358,1.0633,1.0635,8.80,2.40
2007.08.14 14:25:09.462,1.0633,1.0635,20.70,2.40
2007.08.14 14:25:09.669,1.0633,1.0635,16.70,2.40
2007.08.14 14:25:09.876,1.0633,1.0635,8.80,4.80
2007.08.14 14:25:09.967,1.0633,1.0635,7.20,8.80
2007.08.14 14:25:09.998,1.0633,1.0635,1.60,33.00
2007.08.14 14:25:10.049,1.0632,1.0635,47.90,33.00
2007.08.14 14:25:10.093,1.0632,1.0634,43.90,0.80
2007.08.14 14:25:10.225,1.0632,1.0634,43.90,1.60
2007.08.14 14:25:10.252,1.0632,1.0634,43.90,2.40
2007.08.14 14:25:10.289,1.0632,1.0634,43.90,1.60
2007.08.14 14:25:10.408,1.0632,1.0634,17.60,1.60
2007.08.14 14:25:10.449,1.0632,1.0634,17.60,0.80
2007.08.14 14:25:10.485,1.0632,1.06345,17.60,0.80
2007.08.14 14:25:10.606,1.0632,1.0634,17.60,0.80
2007.08.14 14:25:10.755,1.0632,1.0634,17.60,1.60
2007.08.14 14:25:10.766,1.0632,1.0634,17.60,2.40
2007.08.14 14:25:36.519,1.0632,1.0634,12.20,0.80
2007.08.14 14:25:36.657,1.0632,1.0634,12.20,0.80
2007.08.14 14:25:36.785,1.0632,1.06345,12.20,5.60
2007.08.14 14:25:37.067,1.0632,1.0634,9.40,0.80
2007.08.14 14:25:37.102,1.0632,1.0635,11.00,12.80
2007.08.14 14:25:39.022,1.0632,1.0635,11.60,12.80
2007.08.14 14:25:39.547,1.0633,1.0635,0.20,12.80
2007.08.14 14:25:40.076,1.0633,1.0635,0.20,6.40
2007.08.14 14:25:45.336,1.0633,1.0635,0.20,8.00
2007.08.14 14:25:45.464,1.0633,1.0635,0.20,8.50
2007.08.14 14:25:45.557,1.06325,1.0635,3.20,8.50
2007.08.14 14:25:45.889,1.06325,1.0635,3.20,12.50
2007.08.14 14:25:46.078,1.06325,1.0635,3.20,13.30
2007.08.14 14:25:46.290,1.06325,1.0635,3.20,13.20
2007.08.14 14:25:46.501,1.06325,1.0635,3.20,13.30
2007.08.14 14:25:46.807,1.06325,1.0635,3.20,35.10
2007.08.14 14:25:47.961,1.06325,1.0635,3.20,27.10
2007.08.14 14:25:48.246,1.06325,1.0635,3.20,26.90
2007.08.14 14:25:48.341,1.0633,1.0635,0.70,23.10
2007.08.14 14:25:48.554,1.0633,1.0635,4.70,7.20
2007.08.14 14:25:48.572,1.0633,1.0635,4.70,3.20
2007.08.14 14:25:49.088,1.0633,1.0635,4.70,2.40
2007.08.14 14:25:50.424,1.0633,1.0635,4.80,2.40
2007.08.14 14:25:51.161,1.0633,1.0635,4.80,2.40
2007.08.14 14:25:51.573,1.0633,1.0635,5.00,2.40
2007.08.14 14:25:56.467,1.0633,1.0635,4.60,2.40
2007.08.14 14:25:56.520,1.0633,1.0635,4.60,1.60
2007.08.14 14:25:56.545,1.0633,1.0635,6.00,0.80
2007.08.14 14:25:56.747,1.0633,1.06355,7.60,5.60
2007.08.14 14:25:57.075,1.0633,1.06355,7.80,5.60
2007.08.14 14:25:57.089,1.0633,1.06355,7.80,4.00
2007.08.14 14:25:57.583,1.0633,1.06355,7.60,4.00
2007.08.14 14:25:57.786,1.0633,1.06355,7.40,4.00
2007.08.14 14:25:58.430,1.0633,1.06355,7.50,4.00
2007.08.14 14:26:00.281,1.0633,1.06355,6.00,4.00
2007.08.14 14:26:00.411,1.0633,1.06355,5.20,4.00
2007.08.14 14:26:00.483,1.0633,1.06355,4.70,4.00
2007.08.14 14:26:00.579,1.06325,1.0635,4.80,4.00
2007.08.14 14:26:00.710,1.06325,1.0635,3.20,4.00
2007.08.14 14:26:00.722,1.0632,1.0635,15.90,8.00
2007.08.14 14:26:00.804,1.0632,1.0635,16.70,8.00
2007.08.14 14:26:00.917,1.0632,1.0635,15.50,8.00
2007.08.14 14:26:01.002,1.0632,1.0635,14.70,8.00
2007.08.14 14:26:01.024,1.0632,1.0635,13.90,8.00
2007.08.14 14:26:01.102,1.0632,1.0635,14.70,8.00
2007.08.14 14:26:01.118,1.0632,1.0635,13.90,8.00
2007.08.14 14:26:01.212,1.0632,1.0635,15.80,8.00
2007.08.14 14:26:01.333,1.0632,1.0635,16.60,8.00
2007.08.14 14:26:01.624,1.0632,1.0635,17.10,8.00
2007.08.14 14:26:02.170,1.0632,1.06355,17.10,9.60
2007.08.14 14:26:02.945,1.0632,1.06355,17.10,10.40
2007.08.14 14:26:02.997,1.0632,1.0635,17.10,0.90
2007.08.14 14:26:03.016,1.0632,1.06355,17.10,12.00
2007.08.14 14:26:03.410,1.0632,1.0635,17.90,0.60
2007.08.14 14:26:03.505,1.0633,1.0635,0.40,0.80
2007.08.14 14:26:03.566,1.0633,1.0635,0.40,0.60
2007.08.14 14:26:03.678,1.0633,1.06355,0.40,9.60
2007.08.14 14:26:04.250,1.0633,1.06355,0.60,8.00
2007.08.14 14:26:06.813,1.0633,1.0635,0.70,0.60
2007.08.14 14:26:09.631,1.0633,1.06355,1.00,9.60
2007.08.14 14:26:15.537,1.0633,1.0635,0.80,0.60
2007.08.14 14:26:16.063,1.0633,1.06355,2.00,9.60
2007.08.14 14:26:16.093,1.0633,1.0635,2.80,0.60
2007.08.14 14:26:16.135,1.0633,1.0636,3.60,34.80
2007.08.14 14:26:16.512,1.0633,1.06355,3.60,8.00
2007.08.14 14:26:16.584,1.0633,1.0635,3.90,0.70
2007.08.14 14:26:16.997,1.0633,1.0635,3.90,0.80
2007.08.14 14:26:17.104,1.0633,1.0636,7.90,28.90
2007.08.14 14:26:18.034,1.0633,1.06355,21.40,0.60
2007.08.14 14:26:18.153,1.0633,1.06355,21.60,0.70
2007.08.14 14:26:18.212,1.06335,1.0637,1.60,46.70
2007.08.14 14:26:18.360,1.06335,1.0637,1.60,50.90
2007.08.14 14:26:18.378,1.06335,1.0637,3.20,50.90
2007.08.14 14:26:18.554,1.06335,1.0636,3.20,0.50
2007.08.14 14:26:19.313,1.0634,1.0637,0.40,43.90
2007.08.14 14:26:19.344,1.0634,1.0637,0.50,43.90
2007.08.14 14:26:19.475,1.0634,1.0637,0.50,42.10
2007.08.14 14:26:19.511,1.0634,1.0637,0.50,42.10
2007.08.14 14:26:19.569,1.0634,1.0636,3.20,0.60
2007.08.14 14:26:19.604,1.0634,1.0636,4.00,0.80
2007.08.14 14:26:19.687,1.0634,1.0636,8.00,0.50
2007.08.14 14:26:19.719,1.0634,1.0637,8.80,33.30
2007.08.14 14:26:20.396,1.0634,1.0637,8.00,33.10
2007.08.14 14:26:20.450,1.0634,1.06365,7.20,0.80
2007.08.14 14:26:20.517,1.0634,1.0635,6.40,0.80
2007.08.14 14:26:20.531,1.0634,1.0635,6.40,0.60
2007.08.14 14:26:20.579,1.0634,1.0636,5.60,5.50
2007.08.14 14:26:20.642,1.0634,1.0635,5.60,0.50
2007.08.14 14:26:20.736,1.0634,1.0636,5.60,5.50
2007.08.14 14:26:20.893,1.0634,1.0636,5.60,4.70
2007.08.14 14:26:20.927,1.0634,1.0637,5.60,32.80
2007.08.14 14:26:21.038,1.0634,1.0637,10.80,24.50
2007.08.14 14:26:21.141,1.0634,1.06365,10.50,0.60
2007.08.14 14:26:21.224,1.0634,1.0637,12.10,0.50
2007.08.14 14:26:21.234,1.0634,1.0638,12.10,58.20
2007.08.14 14:26:21.347,1.0634,1.0638,12.50,57.80
2007.08.14 14:26:21.449,1.0634,1.0637,14.90,0.90
2007.08.14 14:26:21.553,1.0634,1.0638,15.10,56.80
2007.08.14 14:26:21.652,1.0634,1.0637,15.30,0.70
2007.08.14 14:26:22.063,1.0634,1.0638,14.80,54.20
2007.08.14 14:26:22.078,1.0634,1.0637,14.80,0.90
2007.08.14 14:26:22.152,1.0634,1.0637,14.80,0.60
2007.08.14 14:26:22.173,1.0634,1.0638,15.60,53.40
2007.08.14 14:26:22.189,1.0634,1.0637,17.00,0.60
2007.08.14 14:26:22.246,1.0634,1.0638,17.80,54.20
2007.08.14 14:26:22.910,1.0634,1.0637,17.80,0.60
2007.08.14 14:26:23.006,1.0634,1.0638,40.30,52.00
2007.08.14 14:26:23.107,1.0634,1.0638,41.00,50.50
2007.08.14 14:26:23.412,1.0634,1.0638,46.60,48.90
2007.08.14 14:26:23.424,1.0635,1.0637,4.00,0.70
2007.08.14 14:26:23.521,1.0635,1.0637,15.20,0.80
2007.08.14 14:26:23.625,1.0635,1.0639,7.80,51.30
2007.08.14 14:26:23.731,1.0635,1.0638,7.80,0.50
2007.08.14 14:26:23.834,1.0635,1.0638,8.80,0.70
2007.08.14 14:26:23.908,1.0635,1.0639,9.60,50.40
2007.08.14 14:26:23.941,1.0635,1.0639,9.60,50.50
2007.08.14 14:26:24.024,1.0635,1.0638,10.40,0.60
2007.08.14 14:26:24.046,1.0635,1.0638,12.20,0.70
2007.08.14 14:26:24.143,1.0635,1.0639,12.20,57.10
2007.08.14 14:26:24.199,1.0635,1.0639,13.80,57.10
2007.08.14 14:26:24.234,1.0635,1.0638,13.80,0.90
2007.08.14 14:26:24.259,1.0635,1.0639,13.80,56.30
2007.08.14 14:26:24.342,1.0635,1.0639,15.40,56.30
2007.08.14 14:26:24.437,1.0635,1.0639,15.40,57.90
2007.08.14 14:26:24.474,1.0635,1.0638,15.50,0.80
2007.08.14 14:26:24.488,1.0635,1.0638,15.50,17.80
2007.08.14 14:26:24.559,1.0635,1.0638,12.00,18.80
2007.08.14 14:26:24.765,1.0635,1.0638,12.00,24.40
2007.08.14 14:26:25.077,1.0635,1.06375,14.60,0.60
2007.08.14 14:26:25.300,1.0636,1.0638,0.20,17.60
2007.08.14 14:26:25.478,1.0636,1.0639,0.20,57.00
2007.08.14 14:26:25.503,1.0636,1.0639,0.20,51.60
2007.08.14 14:26:25.714,1.0636,1.0639,0.20,43.40
2007.08.14 14:26:26.104,1.0635,1.0639,17.80,43.40
2007.08.14 14:26:26.128,1.0635,1.0638,17.10,0.60
2007.08.14 14:26:26.224,1.0635,1.0639,16.90,44.80
2007.08.14 14:26:27.052,1.0635,1.0639,17.10,44.50
2007.08.14 14:26:27.162,1.0635,1.0639,17.20,43.60
2007.08.14 14:26:27.433,1.0635,1.0639,21.20,43.60
2007.08.14 14:26:27.479,1.0636,1.0639,0.80,42.60
2007.08.14 14:26:27.580,1.0636,1.0638,3.00,0.50
2007.08.14 14:26:27.649,1.0636,1.0639,4.60,28.00
2007.08.14 14:26:27.673,1.0636,1.0639,6.20,28.00
2007.08.14 14:26:27.748,1.0636,1.0639,7.00,28.00
2007.08.14 14:26:27.795,1.0636,1.0639,12.10,0.80
2007.08.14 14:26:28.003,1.0636,1.06385,10.20,0.70
2007.08.14 14:26:28.096,1.0636,1.0639,10.10,27.50
2007.08.14 14:26:28.162,1.0636,1.06385,9.30,0.50
2007.08.14 14:26:28.206,1.0636,1.06385,9.10,0.60
2007.08.14 14:26:28.413,1.0636,1.06385,9.30,0.90
2007.08.14 14:26:28.506,1.0636,1.0639,9.40,27.50
2007.08.14 14:26:28.929,1.0636,1.06385,9.40,0.80
2007.08.14 14:26:29.040,1.0636,1.06385,3.50,8.00
2007.08.14 14:26:29.076,1.0636,1.06385,1.90,8.00
2007.08.14 14:26:29.135,1.0636,1.06385,1.80,8.00
2007.08.14 14:26:29.204,1.0636,1.0639,0.20,38.10
2007.08.14 14:26:29.452,1.0636,1.0639,0.50,41.30
2007.08.14 14:26:29.490,1.0636,1.0638,0.50,10.40
2007.08.14 14:26:29.544,1.0636,1.06375,0.20,0.80
2007.08.14 14:26:30.601,1.0636,1.0639,0.20,45.60
2007.08.14 14:26:31.120,1.0636,1.0639,0.20,45.60
2007.08.14 14:26:32.259,1.0636,1.0638,0.40,0.70
2007.08.14 14:26:33.473,1.0636,1.0638,0.60,0.60
2007.08.14 14:26:33.578,1.0636,1.0638,0.50,0.80
2007.08.14 14:26:33.992,1.0636,1.0637,0.40,0.90
2007.08.14 14:26:34.096,1.0636,1.0638,0.40,23.10
2007.08.14 14:26:34.117,1.0635,1.0637,7.00,0.80
2007.08.14 14:26:34.239,1.0635,1.0637,5.40,0.70
2007.08.14 14:26:34.307,1.0635,1.0637,3.00,0.80
2007.08.14 14:26:34.411,1.0635,1.0638,1.30,28.00
2007.08.14 14:26:34.573,1.0635,1.0637,0.60,0.80
2007.08.14 14:26:34.834,1.0635,1.0637,0.60,0.90
2007.08.14 14:26:35.045,1.0635,1.0638,0.70,33.10
2007.08.14 14:26:35.131,1.0635,1.06375,1.50,8.00
2007.08.14 14:26:35.154,1.0635,1.06375,2.60,8.00
2007.08.14 14:26:35.196,1.0635,1.06375,3.40,8.00
2007.08.14 14:26:35.259,1.0635,1.0637,3.90,0.70
2007.08.14 14:26:35.759,1.0635,1.06375,3.70,8.00
2007.08.14 14:26:36.082,1.0635,1.06375,5.30,8.00
2007.08.14 14:26:36.148,1.0635,1.0637,6.90,0.50
2007.08.14 14:26:36.289,1.0635,1.06375,7.70,8.00
2007.08.14 14:26:36.333,1.0635,1.06375,9.30,8.00
2007.08.14 14:26:36.495,1.0635,1.06375,8.50,8.00
2007.08.14 14:26:37.009,1.0635,1.0639,12.50,56.00
2007.08.14 14:26:37.668,1.0635,1.0639,12.50,54.40
2007.08.14 14:26:37.695,1.0635,1.0639,12.50,50.30
2007.08.14 14:26:37.744,1.0635,1.0639,12.50,51.10
2007.08.14 14:26:37.767,1.0635,1.0639,12.50,51.90
2007.08.14 14:26:37.843,1.0635,1.0639,12.40,53.00
2007.08.14 14:26:38.013,1.0635,1.0639,12.40,53.80
2007.08.14 14:26:38.371,1.0635,1.06375,12.40,0.70
2007.08.14 14:26:38.977,1.0635,1.0638,11.40,30.70
2007.08.14 14:26:39.007,1.0635,1.06375,9.00,0.50
2007.08.14 14:26:39.092,1.0635,1.06375,4.80,18.30
2007.08.14 14:26:39.184,1.0635,1.0637,0.80,0.80
2007.08.14 14:26:39.369,1.0635,1.0638,0.80,44.70
2007.08.14 14:26:39.507,1.0635,1.0638,4.80,43.40
2007.08.14 14:26:39.608,1.0635,1.0637,0.80,0.50
2007.08.14 14:26:39.717,1.0635,1.0638,0.50,31.80
2007.08.14 14:26:39.810,1.0635,1.0637,0.20,0.70
2007.08.14 14:26:40.017,1.06345,1.0637,3.20,16.70
2007.08.14 14:26:40.146,1.06345,1.0637,3.20,26.60
2007.08.14 14:26:40.336,1.06345,1.0636,1.60,0.70
2007.08.14 14:26:40.394,1.0634,1.0637,0.80,34.10
2007.08.14 14:26:40.429,1.0634,1.0637,0.50,34.90
2007.08.14 14:26:40.542,1.0634,1.0637,1.70,34.00
2007.08.14 14:26:40.634,1.0634,1.0637,2.50,34.00
2007.08.14 14:26:40.644,1.0634,1.0636,3.60,0.50
2007.08.14 14:26:40.745,1.0634,1.06365,3.30,8.50
2007.08.14 14:26:41.161,1.0634,1.06365,3.30,7.70
2007.08.14 14:26:43.037,1.0634,1.06365,6.50,7.70
2007.08.14 14:26:43.133,1.0635,1.06365,0.20,7.70
2007.08.14 14:26:43.155,1.0635,1.0636,0.20,0.80
2007.08.14 14:26:43.529,1.0635,1.0637,0.20,19.50
2007.08.14 14:26:44.054,1.06345,1.0637,3.20,23.50
2007.08.14 14:26:44.310,1.06345,1.0638,3.20,53.50
2007.08.14 14:26:44.496,1.06345,1.0637,3.20,16.30
2007.08.14 14:26:44.567,1.06345,1.0636,3.20,0.80
2007.08.14 14:26:44.667,1.06345,1.0637,1.60,29.50
2007.08.14 14:26:44.757,1.0634,1.0637,0.40,31.60
2007.08.14 14:26:44.788,1.06335,1.0637,1.60,36.60
2007.08.14 14:26:44.868,1.06335,1.0637,1.60,37.40
2007.08.14 14:26:44.971,1.06335,1.0637,3.20,37.40
2007.08.14 14:26:44.981,1.06335,1.0637,3.20,38.20
2007.08.14 14:26:44.988,1.06335,1.0636,3.20,0.50
2007.08.14 14:26:45.078,1.06335,1.0637,3.20,36.80
2007.08.14 14:26:45.297,1.0634,1.0637,0.20,37.30
2007.08.14 14:26:45.306,1.0634,1.0636,0.20,0.80
2007.08.14 14:26:46.034,1.0634,1.0637,1.40,28.70
2007.08.14 14:26:46.134,1.0634,1.0637,3.00,26.30
2007.08.14 14:26:46.240,1.06345,1.0636,1.60,0.70
2007.08.14 14:26:46.409,1.06345,1.0637,3.20,20.40
2007.08.14 14:26:46.521,1.06345,1.0637,3.20,22.00
2007.08.14 14:26:46.544,1.06345,1.0637,3.20,35.10
2007.08.14 14:26:46.648,1.06345,1.0637,3.20,46.10
2007.08.14 14:26:46.718,1.06345,1.0637,3.20,46.90
2007.08.14 14:26:46.756,1.06345,1.0636,3.20,0.90
2007.08.14 14:26:46.819,1.0634,1.0637,4.20,48.50
2007.08.14 14:26:46.860,1.0634,1.0636,0.20,0.80
2007.08.14 14:26:46.926,1.0634,1.0637,0.20,48.10
2007.08.14 14:26:47.169,1.0634,1.0636,4.20,0.50
2007.08.14 14:26:47.280,1.0634,1.0637,4.20,49.70
2007.08.14 14:26:47.549,1.0634,1.0637,4.20,50.50
2007.08.14 14:26:47.584,1.0634,1.0636,0.20,0.90
2007.08.14 14:26:51.334,1.06335,1.0636,3.20,11.30
2007.08.14 14:26:51.966,1.06335,1.0636,3.20,10.40
2007.08.14 14:26:51.999,1.06335,1.0636,3.20,9.60
2007.08.14 14:26:52.570,1.0634,1.0636,3.10,8.80
2007.08.14 14:26:52.618,1.06345,1.0636,1.60,4.80
2007.08.14 14:26:52.989,1.06345,1.0636,1.60,0.80
2007.08.14 14:26:53.115,1.06345,1.0636,1.60,1.60
2007.08.14 14:26:53.198,1.06345,1.0636,1.60,13.50
2007.08.14 14:26:53.247,1.0634,1.0636,16.20,17.50
2007.08.14 14:26:53.426,1.0634,1.0636,16.20,16.70
2007.08.14 14:26:53.521,1.0634,1.0636,0.30,20.70
2007.08.14 14:26:53.615,1.0634,1.0636,0.30,8.80
2007.08.14 14:26:53.722,1.06335,1.0636,3.20,8.80
2007.08.14 14:26:54.769,1.0634,1.0636,0.20,8.80
2007.08.14 14:26:57.164,1.0634,1.0636,4.20,8.80
2007.08.14 14:26:57.637,1.0634,1.0636,4.00,8.80
2007.08.14 14:26:59.008,1.06335,1.0636,3.20,15.20
2007.08.14 14:26:59.207,1.06335,1.0636,3.20,16.10
2007.08.14 14:26:59.218,1.06335,1.06355,3.20,4.00
2007.08.14 14:26:59.518,1.06335,1.0635,3.20,8.00
2007.08.14 14:26:59.919,1.06335,1.0635,1.60,8.00
2007.08.14 14:27:00.026,1.0634,1.0635,0.80,4.00
2007.08.14 14:27:00.084,1.0634,1.0636,0.80,12.10
2007.08.14 14:27:00.134,1.0634,1.0636,25.20,19.20
2007.08.14 14:27:00.224,1.0634,1.0636,26.00,12.00
2007.08.14 14:27:00.237,1.0634,1.0637,9.20,27.90
2007.08.14 14:27:00.327,1.06345,1.0637,1.60,27.90
2007.08.14 14:27:00.350,1.06345,1.0637,1.60,27.70
2007.08.14 14:27:00.407,1.06345,1.0637,3.20,27.70
2007.08.14 14:27:00.446,1.06345,1.0637,3.20,23.70
2007.08.14 14:27:00.518,1.06345,1.0637,3.20,27.70
2007.08.14 14:27:00.555,1.06345,1.0636,3.20,5.60
2007.08.14 14:27:00.628,1.06345,1.0636,3.20,8.00
2007.08.14 14:27:00.672,1.06345,1.0636,1.60,12.00
2007.08.14 14:27:00.734,1.0634,1.0636,4.00,12.00
2007.08.14 14:27:01.481,1.0634,1.0635,4.00,4.00
2007.08.14 14:27:03.707,1.0634,1.0636,4.00,12.00
2007.08.14 14:27:05.113,1.0634,1.0635,4.10,4.00
2007.08.14 14:27:06.056,1.0634,1.0636,4.10,12.00
2007.08.14 14:27:06.469,1.0634,1.0636,5.40,12.00
2007.08.14 14:27:06.508,1.0634,1.0636,5.40,9.60
2007.08.14 14:27:06.563,1.0635,1.0636,0.20,8.00
2007.08.14 14:27:06.615,1.0635,1.0636,0.20,4.00
2007.08.14 14:27:06.984,1.0634,1.0636,7.20,4.00
2007.08.14 14:27:07.022,1.0635,1.0636,4.00,4.00
2007.08.14 14:27:07.094,1.0635,1.0636,5.60,4.00
2007.08.14 14:27:07.130,1.0635,1.0636,6.40,4.00
2007.08.14 14:27:07.177,1.0635,1.0636,7.20,4.00
2007.08.14 14:27:07.185,1.0635,1.0636,7.60,4.00
2007.08.14 14:27:07.516,1.0635,1.0637,7.60,12.30
2007.08.14 14:27:08.440,1.0635,1.0637,6.00,12.30
2007.08.14 14:27:08.477,1.0635,1.0637,5.20,12.30
2007.08.14 14:27:08.532,1.0635,1.0637,4.80,10.70
2007.08.14 14:27:08.560,1.0635,1.0637,4.80,8.30
2007.08.14 14:27:08.574,1.0635,1.0637,4.00,8.30
2007.08.14 14:27:09.077,1.0635,1.0636,4.00,1.60
2007.08.14 14:27:09.090,1.06345,1.0636,3.20,1.60
2007.08.14 14:27:09.113,1.06345,1.0636,1.60,5.60
2007.08.14 14:27:09.147,1.06345,1.0636,1.60,17.50
2007.08.14 14:27:09.394,1.0634,1.0636,12.80,17.50
2007.08.14 14:27:09.570,1.0634,1.0636,5.00,9.60
2007.08.14 14:27:10.201,1.0634,1.0636,5.00,11.20
2007.08.14 14:27:10.226,1.0634,1.0636,5.80,11.20
2007.08.14 14:27:10.429,1.0634,1.0636,5.00,11.20
2007.08.14 14:27:10.735,1.0635,1.0636,0.30,11.20
2007.08.14 14:27:10.824,1.0635,1.0636,0.20,11.20
2007.08.14 14:27:11.031,1.0635,1.0636,0.20,9.60
2007.08.14 14:27:11.145,1.0635,1.0636,1.60,4.00
2007.08.14 14:27:11.175,1.0635,1.0637,3.20,14.20
2007.08.14 14:27:11.241,1.0635,1.0637,3.20,13.10
2007.08.14 14:27:11.271,1.0635,1.0637,7.20,5.90
2007.08.14 14:27:11.460,1.0635,1.0637,8.80,5.90
2007.08.14 14:27:11.477,1.0635,1.0637,8.80,5.10
2007.08.14 14:27:11.644,1.0635,1.0637,12.80,1.10
2007.08.14 14:27:11.862,1.0635,1.0636,12.80,0.40
2007.08.14 14:27:11.970,1.0635,1.0636,13.00,0.40
2007.08.14 14:27:12.159,1.0635,1.0638,13.00,18.40
2007.08.14 14:27:13.234,1.0635,1.0638,13.00,17.60
2007.08.14 14:27:13.524,1.0636,1.0638,4.00,11.20
2007.08.14 14:27:13.826,1.0636,1.0638,4.00,10.40
2007.08.14 14:27:14.161,1.0636,1.0638,4.00,14.50
2007.08.14 14:27:14.239,1.0636,1.0638,4.00,14.40
2007.08.14 14:27:14.263,1.0636,1.06375,4.00,4.00
2007.08.14 14:27:14.372,1.0635,1.06375,15.10,4.00
2007.08.14 14:27:14.653,1.0635,1.06375,15.90,4.00
2007.08.14 14:27:14.782,1.0635,1.06375,16.00,4.00
2007.08.14 14:27:15.600,1.0635,1.06375,16.20,4.00
2007.08.14 14:27:15.697,1.0635,1.06375,16.20,4.00
2007.08.14 14:27:16.151,1.0635,1.06375,15.40,4.00
2007.08.14 14:27:16.222,1.0635,1.06375,14.10,4.00
2007.08.14 14:27:16.317,1.0635,1.06375,14.00,4.00
2007.08.14 14:27:16.397,1.0635,1.06375,13.20,4.00
2007.08.14 14:27:17.159,1.0635,1.06375,13.40,4.00
2007.08.14 14:27:17.478,1.0635,1.06375,13.30,4.00
2007.08.14 14:27:18.095,1.0635,1.06375,13.00,4.00
2007.08.14 14:27:18.615,1.0635,1.06375,13.20,4.00
2007.08.14 14:27:18.759,1.0635,1.0638,14.00,19.70
2007.08.14 14:27:18.801,1.0636,1.0638,4.00,14.10
2007.08.14 14:27:18.911,1.0636,1.0638,4.00,11.70
2007.08.14 14:27:19.730,1.0636,1.0638,4.00,10.90
2007.08.14 14:27:22.021,1.0636,1.06375,4.00,4.00
2007.08.14 14:27:22.102,1.0635,1.06375,15.40,4.00
2007.08.14 14:27:22.127,1.0635,1.06375,14.60,4.00
2007.08.14 14:27:22.224,1.0635,1.06375,14.20,4.00
2007.08.14 14:27:22.282,1.0635,1.06375,13.40,4.00
2007.08.14 14:27:25.545,1.0635,1.06375,11.20,4.00
2007.08.14 14:27:25.666,1.0636,1.06375,23.90,4.00
2007.08.14 14:27:25.764,1.0636,1.06375,8.00,4.00
2007.08.14 14:27:25.802,1.0637,1.06375,4.00,4.00
2007.08.14 14:27:25.851,1.0637,1.0638,4.00,0.80
2007.08.14 14:27:27.216,1.0637,1.0639,4.00,23.20
2007.08.14 14:27:27.836,1.0637,1.0639,4.00,23.10
2007.08.14 14:27:28.254,1.0637,1.0639,4.00,22.80
2007.08.14 14:27:28.567,1.0637,1.0638,4.00,4.00
2007.08.14 14:27:28.610,1.06365,1.0638,3.20,4.00
2007.08.14 14:27:28.705,1.06365,1.0638,1.60,4.00
2007.08.14 14:27:28.790,1.06365,1.0638,1.60,5.10
2007.08.14 14:27:28.804,1.06365,1.0638,1.60,5.90
2007.08.14 14:27:29.070,1.0636,1.0638,4.20,10.70
2007.08.14 14:27:31.362,1.0636,1.0638,4.20,9.90
2007.08.14 14:27:31.479,1.0636,1.0638,5.60,9.60
2007.08.14 14:27:31.531,1.0636,1.0638,6.40,8.80
2007.08.14 14:27:31.576,1.0636,1.0638,5.40,8.80
2007.08.14 14:27:31.585,1.0636,1.0638,6.20,8.00
2007.08.14 14:27:31.694,1.0636,1.0638,7.40,8.00
2007.08.14 14:27:31.787,1.0636,1.0638,8.00,8.00
2007.08.14 14:27:31.800,1.0636,1.0638,8.00,4.00
2007.08.14 14:27:31.809,1.0636,1.0638,7.20,4.00
2007.08.14 14:27:32.094,1.0636,1.0638,6.40,4.00
2007.08.14 14:27:32.115,1.0638,1.06385,4.00,4.00
2007.08.14 14:27:32.388,1.0638,1.0639,4.00,4.80
2007.08.14 14:27:32.607,1.0638,1.0639,4.00,0.80
2007.08.14 14:27:33.283,1.0638,1.064,4.00,13.00
2007.08.14 14:27:33.346,1.0638,1.064,4.00,12.80
2007.08.14 14:27:33.592,1.0638,1.064,4.20,12.80
2007.08.14 14:27:33.630,1.0638,1.064,4.20,10.40
2007.08.14 14:27:33.639,1.0638,1.064,4.20,8.80
2007.08.14 14:27:33.698,1.0638,1.064,4.20,4.80
2007.08.14 14:27:34.260,1.0639,1.064,0.20,4.80
2007.08.14 14:27:34.586,1.0639,1.064,0.20,8.00
2007.08.14 14:27:34.683,1.0638,1.064,4.20,8.00
2007.08.14 14:27:34.835,1.0638,1.064,4.20,12.00
2007.08.14 14:27:35.599,1.0638,1.064,4.20,8.00
2007.08.14 14:27:35.636,1.0639,1.064,0.20,8.00
2007.08.14 14:27:35.721,1.0639,1.064,0.40,4.80
2007.08.14 14:27:35.829,1.0639,1.064,0.80,4.80
2007.08.14 14:27:36.031,1.0639,1.064,1.00,4.80
2007.08.14 14:27:36.607,1.0639,1.064,5.00,4.80
2007.08.14 14:27:36.664,1.0639,1.064,5.40,4.80
2007.08.14 14:27:37.181,1.0639,1.064,5.40,0.80
2007.08.14 14:27:37.295,1.0639,1.064,5.50,0.80
2007.08.14 14:27:38.403,1.0639,1.064,5.30,0.80
2007.08.14 14:27:39.550,1.0639,1.064,5.50,0.80
2007.08.14 14:27:40.800,1.0639,1.064,5.70,0.80
2007.08.14 14:27:41.163,1.064,1.0641,0.80,10.00
2007.08.14 14:27:41.214,1.064,1.0641,0.80,10.00
2007.08.14 14:27:41.331,1.064,1.0641,1.50,9.60
2007.08.14 14:27:41.464,1.064,1.0641,0.70,9.60
2007.08.14 14:27:41.543,1.064,1.0641,3.10,8.00
2007.08.14 14:27:41.633,1.0641,1.0642,3.20,11.50
2007.08.14 14:27:41.714,1.064,1.0641,20.70,4.00
2007.08.14 14:27:41.742,1.0641,1.0642,6.00,4.90
2007.08.14 14:27:41.855,1.0641,1.0642,6.90,3.20
2007.08.14 14:27:41.955,1.0641,1.0642,12.30,3.20
2007.08.14 14:27:42.161,1.0642,1.0643,3.40,0.80
2007.08.14 14:27:42.171,1.0642,1.06435,4.20,1.60
2007.08.14 14:27:42.351,1.0642,1.0644,5.00,22.40
2007.08.14 14:27:42.389,1.0642,1.0644,5.00,23.20
2007.08.14 14:27:42.396,1.0642,1.0644,5.10,23.20
2007.08.14 14:27:42.467,1.0642,1.0644,5.20,23.20
2007.08.14 14:27:42.683,1.0642,1.0644,5.20,21.60
2007.08.14 14:27:42.785,1.0642,1.0644,5.20,17.60
2007.08.14 14:27:42.878,1.0642,1.0644,5.20,17.60
2007.08.14 14:27:43.094,1.0642,1.0644,5.20,16.00
2007.08.14 14:27:43.503,1.0642,1.0644,4.50,16.00
2007.08.14 14:27:43.717,1.0642,1.0643,4.10,4.00
2007.08.14 14:27:43.826,1.0642,1.0643,3.30,4.00
2007.08.14 14:27:43.875,1.0642,1.0643,2.50,4.00
2007.08.14 14:27:43.919,1.0642,1.0643,0.80,4.00
2007.08.14 14:27:44.002,1.0641,1.06425,26.60,0.80
2007.08.14 14:27:44.036,1.0641,1.06425,22.60,0.80
2007.08.14 14:27:44.081,1.0642,1.06425,4.00,0.80
2007.08.14 14:27:44.134,1.0642,1.06425,6.40,0.80
2007.08.14 14:27:44.257,1.0642,1.0644,14.30,23.40
2007.08.14 14:27:44.305,1.0642,1.0644,14.30,24.20
2007.08.14 14:27:44.342,1.0642,1.0644,22.80,24.20
2007.08.14 14:27:44.371,1.0642,1.0644,22.80,20.20
2007.08.14 14:27:44.620,1.0642,1.0644,22.80,16.20
2007.08.14 14:27:44.741,1.0642,1.0644,14.80,16.20
2007.08.14 14:27:44.836,1.0642,1.0644,14.80,16.20
2007.08.14 14:27:45.119,1.0642,1.0644,10.80,15.40
2007.08.14 14:27:45.150,1.0642,1.0644,2.60,9.60
2007.08.14 14:27:45.211,1.0642,1.06435,2.60,4.00
2007.08.14 14:27:45.247,1.06415,1.0643,1.40,4.00
2007.08.14 14:27:45.421,1.0641,1.0643,22.00,4.00
2007.08.14 14:27:45.569,1.0641,1.0643,14.20,9.80
2007.08.14 14:27:45.663,1.0641,1.0643,4.60,17.70
2007.08.14 14:27:45.878,1.0641,1.0643,4.60,21.70
2007.08.14 14:27:46.187,1.0641,1.0643,4.50,21.70
2007.08.14 14:27:46.709,1.0641,1.0643,16.60,8.00
2007.08.14 14:27:46.864,1.0641,1.0643,16.60,0.60
2007.08.14 14:27:47.053,1.0642,1.0644,4.00,31.70
2007.08.14 14:27:47.115,1.0642,1.0644,4.00,35.50
2007.08.14 14:27:47.353,1.0642,1.0644,4.00,32.10
2007.08.14 14:27:47.575,1.0641,1.0644,22.50,28.10
2007.08.14 14:27:47.582,1.0641,1.0644,23.30,28.10
2007.08.14 14:27:47.632,1.0643,1.06435,4.00,0.90
2007.08.14 14:27:47.869,1.0643,1.0644,4.00,0.70
2007.08.14 14:27:47.954,1.0643,1.0644,4.00,0.80
2007.08.14 14:27:48.052,1.0643,1.06445,4.00,11.20
2007.08.14 14:27:48.080,1.0643,1.06445,4.00,12.00
2007.08.14 14:27:48.139,1.0643,1.0644,19.90,0.60
2007.08.14 14:27:48.153,1.0643,1.06445,19.90,3.20
2007.08.14 14:27:48.171,1.0643,1.0644,19.90,0.80
2007.08.14 14:27:48.254,1.0643,1.0644,11.90,0.80
2007.08.14 14:27:48.285,1.0643,1.06445,11.90,0.50
2007.08.14 14:27:48.756,1.0643,1.0645,11.90,0.70
2007.08.14 14:27:48.774,1.0643,1.0645,11.90,0.90
2007.08.14 14:27:49.087,1.0643,1.0645,11.90,0.80
2007.08.14 14:27:49.186,1.0643,1.06455,19.90,18.40
2007.08.14 14:27:50.026,1.0643,1.0645,19.90,0.70
2007.08.14 14:27:51.054,1.0643,1.0645,19.90,0.80
2007.08.14 14:27:51.064,1.0643,1.0645,15.90,0.60
2007.08.14 14:27:51.157,1.0643,1.0644,15.90,0.80
2007.08.14 14:27:51.183,1.0642,1.0645,12.40,27.50
2007.08.14 14:27:51.259,1.0642,1.0645,4.00,28.80
2007.08.14 14:27:51.461,1.0642,1.0644,4.00,19.90
2007.08.14 14:27:51.579,1.0642,1.06445,4.20,9.60
2007.08.14 14:27:51.679,1.0642,1.0644,13.90,0.70
2007.08.14 14:27:51.753,1.0643,1.0645,4.00,17.20
2007.08.14 14:27:52.088,1.0642,1.0645,6.20,14.00
2007.08.14 14:27:52.187,1.0642,1.0645,10.90,35.00
2007.08.14 14:27:52.293,1.0642,1.06445,8.50,8.00
2007.08.14 14:27:52.508,1.0642,1.06445,4.30,8.00
2007.08.14 14:27:52.598,1.0643,1.0644,4.00,0.90
2007.08.14 14:27:53.110,1.0642,1.06445,22.50,4.80
2007.08.14 14:27:53.128,1.0642,1.06445,14.70,0.80
2007.08.14 14:27:53.225,1.0644,1.06445,4.00,0.80
2007.08.14 14:27:53.306,1.0644,1.06455,4.00,10.80
2007.08.14 14:27:53.962,1.0644,1.06455,4.00,10.70
2007.08.14 14:27:54.167,1.0644,1.06455,4.00,14.70
2007.08.14 14:27:54.798,1.0644,1.06455,4.00,14.40
2007.08.14 14:27:55.248,1.0644,1.06455,4.00,13.60
2007.08.14 14:27:55.309,1.0644,1.06455,4.00,12.80
2007.08.14 14:27:55.363,1.0644,1.06455,4.00,12.00
2007.08.14 14:27:55.560,1.0643,1.0645,31.90,0.70
2007.08.14 14:27:55.617,1.0643,1.06455,31.90,16.80
2007.08.14 14:27:55.622,1.0643,1.0645,5.60,0.80
2007.08.14 14:27:55.666,1.0643,1.06455,5.60,13.60
2007.08.14 14:27:55.718,1.0643,1.06455,4.00,14.50
2007.08.14 14:27:55.841,1.0643,1.06455,4.00,14.90
2007.08.14 14:27:56.046,1.0643,1.0645,4.00,27.00
2007.08.14 14:27:56.131,1.0642,1.0645,34.50,31.00
2007.08.14 14:27:56.158,1.0642,1.06445,30.50,8.00
2007.08.14 14:27:56.253,1.0642,1.0644,20.10,0.60
2007.08.14 14:27:56.458,1.0642,1.06445,16.10,8.00
2007.08.14 14:27:57.255,1.0642,1.06445,16.10,10.40
2007.08.14 14:27:57.322,1.0642,1.06445,16.10,11.20
2007.08.14 14:27:57.397,1.0642,1.06445,16.10,12.00
2007.08.14 14:27:57.603,1.0642,1.06445,15.90,12.00
2007.08.14 14:27:58.213,1.0642,1.0644,16.30,0.90
2007.08.14 14:27:58.731,1.0642,1.0644,15.90,0.80
2007.08.14 14:27:58.838,1.0642,1.0643,15.90,0.80
2007.08.14 14:27:59.106,1.0642,1.0643,11.90,7.80
2007.08.14 14:27:59.146,1.06405,1.0641,6.80,0.80
2007.08.14 14:27:59.216,1.06405,1.0641,6.80,0.80
2007.08.14 14:27:59.313,1.06405,1.0641,5.40,0.80
2007.08.14 14:27:59.363,1.06405,1.0641,5.40,0.50
2007.08.14 14:27:59.391,1.064,1.0642,4.00,22.40
2007.08.14 14:27:59.407,1.064,1.0641,4.00,0.50
2007.08.14 14:27:59.472,1.064,1.0641,4.00,0.70
2007.08.14 14:27:59.514,1.064,1.0642,4.00,21.20
2007.08.14 14:27:59.557,1.064,1.0642,4.00,22.00
2007.08.14 14:27:59.669,1.0639,1.064,8.00,0.20
2007.08.14 14:28:00.136,1.0639,1.064,8.00,0.20
2007.08.14 14:28:00.295,1.0639,1.0641,4.40,22.00
2007.08.14 14:28:00.649,1.0639,1.064,0.50,0.50
2007.08.14 14:28:00.923,1.0639,1.0641,0.40,35.60
2007.08.14 14:28:01.673,1.0639,1.064,4.30,0.70
2007.08.14 14:28:01.758,1.0639,1.06405,4.20,8.00
2007.08.14 14:28:02.182,1.0639,1.0641,4.20,25.20
2007.08.14 14:28:02.219,1.0639,1.0641,0.30,29.20
2007.08.14 14:28:02.490,1.0638,1.06405,29.70,7.20
2007.08.14 14:28:02.598,1.0638,1.06405,25.70,7.60
2007.08.14 14:28:03.177,1.0639,1.064,15.90,0.60
2007.08.14 14:28:03.308,1.064,1.0641,4.00,15.60
2007.08.14 14:28:03.338,1.064,1.0641,4.00,0.80
2007.08.14 14:28:03.435,1.064,1.0641,4.00,0.80
2007.08.14 14:28:03.476,1.064,1.0642,4.00,33.10
2007.08.14 14:28:03.497,1.064,1.0642,4.40,32.40
2007.08.14 14:28:03.702,1.064,1.0641,4.00,0.80
2007.08.14 14:28:03.808,1.064,1.0642,4.10,6.80
2007.08.14 14:28:04.254,1.064,1.0641,4.00,0.80
2007.08.14 14:28:04.323,1.064,1.0642,4.10,5.50
2007.08.14 14:28:04.430,1.064,1.0641,4.00,0.80
2007.08.14 14:28:04.815,1.064,1.0642,4.00,0.50
2007.08.14 14:28:04.970,1.064,1.06425,4.10,8.50
2007.08.14 14:28:05.070,1.064,1.06425,4.10,8.40
2007.08.14 14:28:05.690,1.064,1.06425,4.20,8.40
2007.08.14 14:28:08.170,1.064,1.0642,4.30,0.90
2007.08.14 14:28:08.700,1.064,1.0642,20.50,0.70
2007.08.14 14:28:08.793,1.064,1.06425,24.80,8.30
2007.08.14 14:28:09.001,1.064,1.0642,24.90,0.70
2007.08.14 14:28:09.218,1.064,1.06425,28.90,8.30
2007.08.14 14:28:09.582,1.064,1.0642,28.80,0.50
2007.08.14 14:28:09.716,1.064,1.06425,29.10,8.30
2007.08.14 14:28:10.451,1.064,1.0643,29.10,35.30
2007.08.14 14:28:10.471,1.0641,1.0642,4.00,0.50
2007.08.14 14:28:10.867,1.0641,1.0643,4.00,38.60
2007.08.14 14:28:11.704,1.064,1.0643,17.10,41.80
2007.08.14 14:28:11.731,1.064,1.0642,25.10,0.60
2007.08.14 14:28:11.927,1.064,1.0642,24.30,0.90
2007.08.14 14:28:12.012,1.064,1.0643,24.30,44.10
2007.08.14 14:28:12.140,1.064,1.0642,24.00,0.70
2007.08.14 14:28:13.599,1.064,1.0642,20.80,0.70
2007.08.14 14:28:14.302,1.064,1.0642,16.80,8.00
2007.08.14 14:28:14.732,1.064,1.0642,24.40,4.00
2007.08.14 14:28:14.842,1.064,1.0642,28.40,4.00
2007.08.14 14:28:14.981,1.064,1.0642,31.40,4.00
2007.08.14 14:28:15.232,1.064,1.0642,41.60,4.00
2007.08.14 14:28:15.427,1.064,1.0642,41.70,4.00
2007.08.14 14:28:15.521,1.0641,1.0642,1.00,4.00
2007.08.14 14:28:16.273,1.0641,1.0642,0.60,4.00
2007.08.14 14:28:16.677,1.0641,1.0642,0.50,13.50
2007.08.14 14:28:17.003,1.0641,1.0642,0.50,17.50
2007.08.14 14:28:17.532,1.0641,1.0642,0.30,9.60
2007.08.14 14:28:18.217,1.0641,1.0642,0.30,5.60
2007.08.14 14:28:18.246,1.0641,1.0642,0.30,4.00
2007.08.14 14:28:19.912,1.064,1.0642,4.00,4.00
2007.08.14 14:28:20.217,1.064,1.0642,4.80,4.00
2007.08.14 14:28:20.257,1.064,1.0642,8.80,4.00
2007.08.14 14:28:20.327,1.0641,1.0642,0.50,4.00
2007.08.14 14:28:21.325,1.064,1.0641,4.30,3.20
2007.08.14 14:28:21.366,1.064,1.0641,3.50,3.20
2007.08.14 14:28:21.395,1.064,1.0641,2.70,3.20
2007.08.14 14:28:21.445,1.064,1.0641,1.60,3.20
2007.08.14 14:28:21.531,1.064,1.0641,0.90,3.20
2007.08.14 14:28:21.641,1.064,1.0641,0.80,3.60
2007.08.14 14:28:21.808,1.0639,1.0641,17.80,0.60
2007.08.14 14:28:21.869,1.0639,1.06415,10.90,4.00
2007.08.14 14:28:21.889,1.0639,1.0642,10.90,17.70
2007.08.14 14:28:21.961,1.0639,1.0642,10.80,17.70
2007.08.14 14:28:22.082,1.0639,1.0641,10.00,0.80
2007.08.14 14:28:22.285,1.0639,1.0641,33.90,8.80
2007.08.14 14:28:22.384,1.0639,1.0641,34.10,8.80
2007.08.14 14:28:22.437,1.0639,1.0641,35.70,8.80
2007.08.14 14:28:22.491,1.064,1.0641,0.60,8.80
2007.08.14 14:28:22.804,1.064,1.0641,0.60,7.20
2007.08.14 14:28:22.906,1.064,1.0641,0.30,7.20
2007.08.14 14:28:22.943,1.064,1.0641,0.30,7.20
2007.08.14 14:28:22.974,1.0639,1.0641,0.90,11.20
2007.08.14 14:28:23.121,1.0638,1.0641,12.40,10.50
2007.08.14 14:28:23.326,1.0638,1.0641,22.30,10.50
2007.08.14 14:28:23.943,1.0639,1.0641,0.90,10.50
2007.08.14 14:28:24.049,1.0638,1.064,39.00,4.00
2007.08.14 14:28:24.253,1.0638,1.0641,19.00,8.10
2007.08.14 14:28:24.376,1.0639,1.0641,0.80,8.10
2007.08.14 14:28:24.390,1.0638,1.0641,26.00,4.10
2007.08.14 14:28:24.568,1.0639,1.0641,1.00,4.10
2007.08.14 14:28:24.876,1.0639,1.0641,1.00,4.30
2007.08.14 14:28:25.610,1.0638,1.0641,26.10,4.20
2007.08.14 14:28:26.031,1.0638,1.0641,25.70,4.30
2007.08.14 14:28:26.236,1.0638,1.0641,25.70,4.20
2007.08.14 14:28:26.647,1.0638,1.0641,25.70,4.30
2007.08.14 14:28:27.071,1.0638,1.0641,25.80,4.30
2007.08.14 14:28:27.771,1.0639,1.0641,0.50,4.20
2007.08.14 14:28:28.282,1.0638,1.064,46.80,4.00
2007.08.14 14:28:28.612,1.0639,1.064,1.00,4.00
2007.08.14 14:28:30.267,1.0638,1.064,43.60,4.00
2007.08.14 14:28:30.772,1.0638,1.064,42.10,4.00
2007.08.14 14:28:30.888,1.0638,1.0641,15.90,10.20
2007.08.14 14:28:30.984,1.0639,1.0641,0.80,10.00
2007.08.14 14:28:31.275,1.0638,1.0641,17.50,14.00
2007.08.14 14:28:31.321,1.0638,1.0641,8.60,14.00
2007.08.14 14:28:31.527,1.0638,1.064,32.70,4.00
2007.08.14 14:28:31.844,1.0638,1.064,23.40,4.00
2007.08.14 14:28:32.038,1.0638,1.064,17.10,4.00
2007.08.14 14:28:32.581,1.0639,1.064,0.90,4.00
2007.08.14 14:28:33.695,1.0639,1.064,0.90,4.00
2007.08.14 14:28:34.319,1.0639,1.064,0.60,4.00
2007.08.14 14:28:35.666,1.0639,1.064,0.50,4.00
2007.08.14 14:28:35.775,1.0638,1.064,22.20,4.30
2007.08.14 14:28:35.984,1.0638,1.064,22.20,4.20
2007.08.14 14:28:36.204,1.0639,1.064,0.50,4.10
2007.08.14 14:28:36.402,1.0638,1.064,14.20,4.00
2007.08.14 14:28:40.867,1.0639,1.0641,0.50,36.20
2007.08.14 14:28:41.598,1.0639,1.0641,0.50,36.40
2007.08.14 14:28:43.260,1.0638,1.064,37.20,4.00
2007.08.14 14:28:45.832,1.0637,1.064,51.30,4.00
2007.08.14 14:28:46.306,1.0637,1.064,51.30,4.00
2007.08.14 14:28:46.324,1.0637,1.064,49.90,4.00
2007.08.14 14:28:46.360,1.0638,1.06405,7.90,4.00
2007.08.14 14:28:46.381,1.0637,1.0641,52.90,19.40
2007.08.14 14:28:47.191,1.0638,1.064,11.40,4.00
2007.08.14 14:28:47.709,1.0639,1.064,0.30,4.00
2007.08.14 14:28:49.193,1.0639,1.064,0.30,0.80
2007.08.14 14:28:49.815,1.0638,1.06415,15.40,19.40
2007.08.14 14:28:49.829,1.0638,1.0642,18.60,46.60
2007.08.14 14:28:49.899,1.0638,1.0642,20.60,42.90
2007.08.14 14:28:49.965,1.0638,1.06415,23.00,14.80
2007.08.14 14:28:50.200,1.0639,1.0641,0.80,0.60
2007.08.14 14:28:50.309,1.0638,1.06415,15.70,15.20
2007.08.14 14:28:50.414,1.0639,1.064,0.50,0.80
2007.08.14 14:28:53.337,1.0639,1.06415,0.60,14.20
2007.08.14 14:28:53.601,1.0639,1.0641,0.60,0.50
2007.08.14 14:28:54.966,1.0639,1.06415,0.50,13.90
2007.08.14 14:28:56.519,1.0639,1.06415,0.50,14.00
2007.08.14 14:28:56.733,1.0639,1.06415,2.00,14.00
2007.08.14 14:28:56.824,1.0639,1.0641,6.00,0.90
2007.08.14 14:28:56.839,1.0639,1.06415,8.10,13.60
2007.08.14 14:28:56.933,1.0639,1.0641,8.10,0.60
2007.08.14 14:28:57.952,1.0639,1.0641,34.40,0.90
2007.08.14 14:28:58.160,1.0639,1.0642,34.40,45.40
2007.08.14 14:28:58.256,1.0639,1.0642,16.00,26.20
2007.08.14 14:28:58.271,1.0639,1.0641,19.20,0.80
2007.08.14 14:28:58.303,1.0639,1.06425,19.20,19.80
2007.08.14 14:28:58.375,1.064,1.06425,0.80,18.30
2007.08.14 14:28:58.394,1.064,1.0642,0.80,0.80
2007.08.14 14:28:58.551,1.064,1.0642,0.80,0.60
2007.08.14 14:28:58.561,1.064,1.0642,1.20,0.50
2007.08.14 14:28:58.692,1.064,1.0642,1.20,0.50
2007.08.14 14:28:58.790,1.064,1.0643,5.20,25.20
2007.08.14 14:28:58.812,1.064,1.0642,21.20,0.60
2007.08.14 14:28:58.900,1.064,1.0643,21.20,40.60
2007.08.14 14:28:59.015,1.064,1.0643,20.90,40.40
2007.08.14 14:28:59.053,1.064,1.06425,20.90,15.50
2007.08.14 14:28:59.216,1.064,1.0642,20.90,0.90
2007.08.14 14:28:59.318,1.064,1.0642,24.90,0.70
2007.08.14 14:28:59.636,1.064,1.0643,25.10,31.30
2007.08.14 14:28:59.743,1.064,1.0643,25.10,31.70
2007.08.14 14:28:59.851,1.064,1.0643,25.10,31.60
2007.08.14 14:28:59.940,1.064,1.0643,25.10,31.30
2007.08.14 14:29:00.670,1.064,1.0643,25.00,30.50
2007.08.14 14:29:01.712,1.064,1.0642,29.00,0.80
2007.08.14 14:29:01.807,1.064,1.0643,14.60,16.00
2007.08.14 14:29:01.925,1.064,1.0642,15.20,0.90
2007.08.14 14:29:02.017,1.064,1.0643,15.20,9.70
2007.08.14 14:29:02.279,1.064,1.0642,17.60,0.60
2007.08.14 14:29:02.436,1.064,1.0643,18.00,11.20
2007.08.14 14:29:02.777,1.064,1.0642,11.60,0.90
2007.08.14 14:29:02.905,1.064,1.0642,11.60,16.00
2007.08.14 14:29:02.959,1.0639,1.0641,9.10,0.80
2007.08.14 14:29:02.980,1.0639,1.0641,8.30,0.70
2007.08.14 14:29:03.052,1.0639,1.0642,4.00,38.10
2007.08.14 14:29:03.087,1.0639,1.0642,4.00,38.90
2007.08.14 14:29:03.179,1.0639,1.0642,4.00,47.50
2007.08.14 14:29:03.303,1.0639,1.0641,8.00,0.90
2007.08.14 14:29:03.376,1.0639,1.0642,24.30,35.90
2007.08.14 14:29:03.449,1.0639,1.0641,24.30,0.90
2007.08.14 14:29:03.507,1.0639,1.0642,24.30,32.70
2007.08.14 14:29:03.588,1.0639,1.0641,24.10,0.70
2007.08.14 14:29:03.682,1.064,1.0642,0.20,30.80
2007.08.14 14:29:03.789,1.0639,1.0641,20.30,0.50
2007.08.14 14:29:03.823,1.0639,1.06415,16.30,8.00
2007.08.14 14:29:03.888,1.0639,1.06415,24.10,8.00
2007.08.14 14:29:04.075,1.0639,1.06415,25.90,8.00
2007.08.14 14:29:04.174,1.0639,1.0641,17.90,0.90
2007.08.14 14:29:04.290,1.0639,1.06415,25.90,8.00
2007.08.14 14:29:04.342,1.0639,1.0642,29.90,38.00
2007.08.14 14:29:04.384,1.0639,1.0641,22.20,0.50
2007.08.14 14:29:04.683,1.0639,1.0642,26.10,31.10
2007.08.14 14:29:04.706,1.0639,1.0642,22.10,31.10
2007.08.14 14:29:06.503,1.0639,1.0641,22.90,0.90
2007.08.14 14:29:07.823,1.0639,1.0642,23.00,30.40
2007.08.14 14:29:07.913,1.0639,1.0642,23.20,30.40
2007.08.14 14:29:08.752,1.0639,1.0642,15.30,38.30
2007.08.14 14:29:08.798,1.0639,1.0642,11.30,40.70
2007.08.14 14:29:08.865,1.0639,1.0641,17.20,0.50
2007.08.14 14:29:08.960,1.0639,1.0641,16.80,0.50
2007.08.14 14:29:09.166,1.0639,1.0642,12.80,62.90
2007.08.14 14:29:09.275,1.0639,1.0641,0.80,0.60
2007.08.14 14:29:09.687,1.0639,1.0641,0.80,0.70
2007.08.14 14:29:09.902,1.0639,1.0641,0.80,28.00
2007.08.14 14:29:11.439,1.0638,1.06405,20.10,8.00
2007.08.14 14:29:11.451,1.0638,1.064,17.70,0.50
2007.08.14 14:29:11.862,1.0638,1.06405,13.70,8.00
2007.08.14 14:29:13.014,1.0638,1.06405,21.70,8.00
2007.08.14 14:29:13.852,1.0638,1.064,8.00,0.70
2007.08.14 14:29:13.945,1.0638,1.064,8.00,0.50
2007.08.14 14:29:14.155,1.0638,1.0641,8.00,51.80
2007.08.14 14:29:14.451,1.0637,1.0641,23.20,41.60
2007.08.14 14:29:15.198,1.0637,1.0641,23.20,41.20
2007.08.14 14:29:15.295,1.0637,1.0641,23.40,41.20
2007.08.14 14:29:15.812,1.0637,1.0641,23.40,41.30
2007.08.14 14:29:15.917,1.0637,1.0641,23.20,41.30
2007.08.14 14:29:16.031,1.0637,1.064,47.40,22.30
2007.08.14 14:29:16.725,1.0638,1.0639,0.80,4.00
2007.08.14 14:29:17.547,1.0637,1.0639,29.60,4.00
2007.08.14 14:29:17.562,1.0637,1.0639,29.40,4.00
2007.08.14 14:29:17.656,1.0637,1.0639,28.60,4.00
2007.08.14 14:29:17.861,1.0637,1.0639,22.60,4.00
2007.08.14 14:29:17.906,1.0637,1.0639,20.20,4.00
2007.08.14 14:29:18.278,1.0637,1.0639,8.30,15.90
2007.08.14 14:29:18.346,1.0637,1.0639,8.30,19.90
2007.08.14 14:29:18.397,1.0637,1.0639,8.00,20.70
2007.08.14 14:29:19.323,1.0636,1.0639,21.00,8.80
2007.08.14 14:29:19.880,1.0636,1.0639,22.60,8.80
2007.08.14 14:29:19.950,1.0636,1.0638,46.70,4.00
2007.08.14 14:29:22.346,1.0636,1.0638,37.90,4.00
2007.08.14 14:29:22.424,1.0636,1.0638,4.40,4.00
2007.08.14 14:29:22.511,1.0636,1.0638,3.60,8.00
2007.08.14 14:29:22.540,1.0636,1.0638,0.80,10.40
2007.08.14 14:29:23.271,1.0635,1.0638,35.00,10.40
2007.08.14 14:29:24.819,1.0635,1.0638,32.00,8.00
2007.08.14 14:29:24.928,1.0636,1.0638,0.60,8.00
2007.08.14 14:29:25.030,1.0635,1.0638,36.30,8.00
2007.08.14 14:29:25.049,1.0635,1.0638,38.00,8.00
2007.08.14 14:29:25.082,1.0635,1.0638,39.70,4.00
2007.08.14 14:29:25.760,1.0635,1.0638,39.70,4.00
2007.08.14 14:29:25.975,1.0636,1.0638,1.60,4.00
2007.08.14 14:29:26.070,1.0635,1.0638,40.70,4.00
2007.08.14 14:29:27.978,1.0637,1.0638,1.00,4.00
2007.08.14 14:29:32.536,1.0636,1.0638,8.40,4.00
2007.08.14 14:29:34.738,1.0636,1.0638,32.40,4.00
2007.08.14 14:29:38.298,1.0636,1.0638,28.40,4.80
2007.08.14 14:29:38.368,1.0637,1.0638,0.90,8.80
2007.08.14 14:29:38.392,1.0637,1.0638,0.50,16.70
2007.08.14 14:29:38.632,1.0637,1.0638,1.00,16.80
2007.08.14 14:29:38.823,1.0637,1.0638,1.10,8.80
2007.08.14 14:29:40.381,1.0637,1.0638,0.50,8.00
2007.08.14 14:29:40.655,1.0637,1.0638,0.60,4.00
2007.08.14 14:29:41.832,1.0636,1.0638,6.00,5.60
2007.08.14 14:29:41.966,1.0637,1.0638,0.70,9.60
2007.08.14 14:29:42.055,1.0636,1.0637,3.10,4.00
2007.08.14 14:29:43.965,1.0636,1.0637,0.80,4.10
2007.08.14 14:29:44.213,1.0635,1.0637,15.80,4.10
2007.08.14 14:29:44.717,1.0636,1.0637,0.50,4.00
2007.08.14 14:29:50.322,1.0635,1.0637,35.60,4.00
2007.08.14 14:29:55.309,1.0636,1.0637,0.10,3.60
2007.08.14 14:29:57.200,1.0635,1.0637,36.80,3.60
2007.08.14 14:30:01.452,1.0635,1.0637,31.60,3.60
2007.08.14 14:30:01.525,1.0635,1.0637,31.40,3.60
2007.08.14 14:30:01.643,1.0635,1.0637,29.00,3.60
2007.08.14 14:30:02.064,1.0635,1.0637,25.00,3.60
2007.08.14 14:30:02.284,1.0635,1.0637,24.90,3.60
2007.08.14 14:30:02.477,1.0635,1.0637,24.10,3.60
2007.08.14 14:30:02.511,1.0635,1.0637,23.30,3.60
2007.08.14 14:30:03.054,1.0635,1.0637,14.60,3.60
2007.08.14 14:30:03.254,1.0635,1.0637,14.40,3.60
2007.08.14 14:30:03.366,1.0635,1.0637,14.60,3.60
2007.08.14 14:30:03.440,1.0635,1.0637,13.90,3.60
2007.08.14 14:30:03.924,1.0635,1.0637,13.80,3.60
2007.08.14 14:30:04.180,1.0635,1.0637,14.60,3.60
2007.08.14 14:30:04.221,1.0636,1.0637,3.20,3.60
2007.08.14 14:30:04.527,1.0636,1.0638,3.20,14.40
2007.08.14 14:30:04.741,1.0636,1.0638,3.30,13.20
2007.08.14 14:30:04.788,1.0636,1.0638,3.30,15.60
2007.08.14 14:30:04.862,1.0636,1.0638,3.20,15.60
2007.08.14 14:30:05.071,1.06355,1.0638,0.60,15.60
2007.08.14 14:30:05.157,1.0635,1.0638,12.90,15.60
2007.08.14 14:30:05.305,1.0635,1.0638,30.90,16.00
2007.08.14 14:30:05.404,1.0635,1.0638,32.50,17.40
2007.08.14 14:30:05.475,1.0635,1.06375,32.50,4.00
2007.08.14 14:30:05.490,1.0635,1.0637,23.70,3.60
2007.08.14 14:30:05.664,1.06345,1.0637,25.90,3.60
2007.08.14 14:30:05.711,1.06345,1.0637,26.00,3.60
2007.08.14 14:30:07.217,1.0635,1.0637,10.40,3.60
2007.08.14 14:30:08.419,1.0636,1.06375,4.50,4.00
2007.08.14 14:30:08.477,1.0636,1.06375,5.80,4.00
2007.08.14 14:30:08.802,1.0636,1.0638,5.10,24.60
2007.08.14 14:30:08.912,1.0635,1.0638,45.60,16.00
2007.08.14 14:30:08.982,1.0636,1.0638,4.40,16.00
2007.08.14 14:30:09.148,1.0636,1.0638,3.90,12.00
2007.08.14 14:30:09.255,1.0635,1.0638,45.10,12.00
2007.08.14 14:30:09.362,1.0636,1.0638,4.40,12.00
2007.08.14 14:30:09.477,1.0635,1.0638,40.00,16.00
2007.08.14 14:30:09.530,1.0636,1.0638,3.10,15.20
2007.08.14 14:30:09.585,1.0636,1.0638,3.40,11.20
2007.08.14 14:30:09.708,1.0635,1.0638,35.40,11.20
2007.08.14 14:30:09.911,1.0636,1.0638,7.90,11.20
2007.08.14 14:30:10.320,1.0635,1.0638,38.60,11.20
2007.08.14 14:30:10.445,1.0636,1.0638,7.20,11.20
2007.08.14 14:30:11.429,1.0635,1.0638,44.30,4.80
2007.08.14 14:30:11.444,1.0636,1.0638,9.20,4.80
2007.08.14 14:30:11.535,1.0635,1.0638,46.90,4.80
2007.08.14 14:30:11.729,1.0636,1.0638,4.60,4.80
2007.08.14 14:30:12.058,1.0636,1.0638,4.60,4.80
2007.08.14 14:30:12.591,1.06355,1.0638,21.10,4.80
2007.08.14 14:30:13.064,1.0636,1.0638,0.80,4.00
2007.08.14 14:30:13.194,1.0636,1.0638,9.00,11.20
2007.08.14 14:30:13.701,1.0636,1.0638,1.10,11.20
2007.08.14 14:30:15.073,1.06355,1.0638,21.20,11.20
2007.08.14 14:30:15.747,1.0636,1.0638,8.60,4.00
2007.08.14 14:30:16.052,1.0636,1.0638,9.40,4.00
2007.08.14 14:30:16.216,1.0636,1.0638,5.60,4.00
2007.08.14 14:30:16.377,1.0636,1.0638,5.10,4.00
2007.08.14 14:30:16.814,1.0636,1.0638,8.40,4.00
2007.08.14 14:30:17.115,1.0636,1.0638,1.70,4.00
2007.08.14 14:30:19.077,1.06355,1.0638,20.70,4.00
2007.08.14 14:30:19.232,1.06355,1.0638,20.40,4.00
2007.08.14 14:30:19.390,1.0636,1.0638,6.30,4.00
2007.08.14 14:30:19.472,1.0636,1.0638,1.10,4.00
2007.08.14 14:30:19.481,1.06355,1.0638,18.00,4.00
2007.08.14 14:30:20.513,1.06355,1.0638,18.80,4.00
2007.08.14 14:30:20.546,1.06355,1.0638,19.60,4.00
2007.08.14 14:30:20.573,1.06355,1.0638,20.40,4.00
2007.08.14 14:30:20.974,1.0636,1.0638,2.70,4.00
2007.08.14 14:30:21.061,1.06355,1.0638,18.80,4.00
2007.08.14 14:30:21.091,1.06355,1.0638,18.70,4.00
2007.08.14 14:30:21.122,1.06355,1.0638,17.90,4.00
2007.08.14 14:30:21.409,1.0636,1.0639,12.50,18.00
2007.08.14 14:30:21.450,1.0636,1.0639,19.70,14.00
2007.08.14 14:30:21.524,1.0636,1.0639,31.00,12.00
2007.08.14 14:30:21.536,1.0636,1.0639,31.00,11.20
2007.08.14 14:30:21.600,1.0636,1.0639,35.80,6.40
2007.08.14 14:30:21.940,1.0637,1.0639,4.10,10.40
2007.08.14 14:30:22.906,1.0636,1.0639,50.00,10.40
2007.08.14 14:30:23.120,1.0636,1.0639,49.90,10.40
2007.08.14 14:30:23.801,1.0637,1.0639,11.50,10.40
2007.08.14 14:30:27.193,1.0636,1.0639,51.30,10.40
2007.08.14 14:30:27.620,1.0637,1.0639,9.40,10.40
2007.08.14 14:30:28.577,1.0636,1.0639,51.30,10.40
2007.08.14 14:30:29.142,1.0636,1.0639,51.50,10.40
2007.08.14 14:30:29.238,1.0636,1.0639,52.30,10.40
2007.08.14 14:30:29.261,1.0636,1.0639,53.10,10.40
2007.08.14 14:30:29.389,1.0637,1.0639,13.60,10.40
2007.08.14 14:30:29.871,1.0637,1.0639,12.20,10.40
2007.08.14 14:30:29.910,1.0637,1.0639,13.40,10.40
2007.08.14 14:30:29.922,1.0637,1.0639,8.70,10.40
2007.08.14 14:30:30.588,1.0636,1.0639,52.30,10.40
2007.08.14 14:30:30.895,1.0637,1.0639,7.20,10.40
2007.08.14 14:30:31.870,1.0636,1.0639,52.30,9.60
2007.08.14 14:30:31.971,1.0637,1.0639,14.10,8.00
2007.08.14 14:30:32.075,1.0636,1.0639,52.20,8.00
2007.08.14 14:30:32.187,1.0636,1.0639,51.40,8.00
2007.08.14 14:30:32.283,1.0636,1.0639,51.40,8.00
2007.08.14 14:30:32.307,1.0637,1.0639,0.60,4.00
2007.08.14 14:30:32.465,1.0636,1.0639,53.00,4.00
2007.08.14 14:30:32.503,1.0637,1.0639,18.60,4.00
2007.08.14 14:30:32.583,1.0636,1.0639,58.40,4.00
2007.08.14 14:30:32.610,1.0636,1.064,50.50,14.40
2007.08.14 14:30:32.621,1.06365,1.064,40.90,10.40
2007.08.14 14:30:32.679,1.06365,1.064,40.90,8.80
2007.08.14 14:30:32.895,1.06365,1.064,40.90,10.40
2007.08.14 14:30:32.934,1.0637,1.064,9.90,10.40
2007.08.14 14:30:33.205,1.06365,1.064,41.00,8.80
2007.08.14 14:30:33.802,1.06365,1.064,41.00,8.70
2007.08.14 14:30:34.418,1.0637,1.064,14.20,8.70
2007.08.14 14:30:35.084,1.0637,1.064,2.90,8.50
2007.08.14 14:30:36.597,1.0637,1.064,3.70,8.50
2007.08.14 14:30:40.954,1.0636,1.064,54.10,7.70
2007.08.14 14:30:40.994,1.0637,1.064,36.10,6.50
2007.08.14 14:30:41.217,1.0638,1.064,0.50,5.60
2007.08.14 14:30:41.426,1.0637,1.064,46.10,5.60
2007.08.14 14:30:41.557,1.0637,1.064,52.30,5.60
2007.08.14 14:30:43.476,1.0639,1.064,1.00,1.20
2007.08.14 14:30:43.559,1.0638,1.0641,40.00,14.00
2007.08.14 14:30:43.728,1.0639,1.0641,4.70,13.80
2007.08.14 14:30:43.752,1.0638,1.0641,48.80,9.00
2007.08.14 14:30:43.765,1.0638,1.0641,48.80,9.00
2007.08.14 14:30:43.861,1.0638,1.0641,49.60,8.20
2007.08.14 14:30:44.114,1.0638,1.0641,49.60,8.20
2007.08.14 14:30:44.326,1.0639,1.0641,10.30,8.10
2007.08.14 14:30:44.644,1.0638,1.0641,49.80,8.10
2007.08.14 14:30:45.707,1.0638,1.0641,53.70,8.10
2007.08.14 14:30:46.685,1.0639,1.0641,12.60,8.10
2007.08.14 14:30:46.898,1.0638,1.0641,50.40,8.10
2007.08.14 14:30:46.983,1.0638,1.0641,34.40,4.30
2007.08.14 14:30:47.081,1.0639,1.0641,1.60,5.10
2007.08.14 14:30:47.105,1.0638,1.0641,37.50,5.10
2007.08.14 14:30:47.137,1.0638,1.0641,37.50,5.90
2007.08.14 14:30:47.213,1.0639,1.0641,2.20,9.50
2007.08.14 14:30:47.369,1.0638,1.0641,37.10,9.60
2007.08.14 14:30:47.408,1.0639,1.0641,0.50,9.60
2007.08.14 14:30:47.538,1.0638,1.064,42.70,4.00
2007.08.14 14:30:47.745,1.0638,1.064,38.80,4.00
2007.08.14 14:30:48.308,1.0639,1.064,0.40,4.00
2007.08.14 14:30:48.715,1.0639,1.064,0.50,4.00
2007.08.14 14:30:51.077,1.0638,1.064,31.40,4.00
2007.08.14 14:30:51.170,1.0638,1.064,0.80,4.00
2007.08.14 14:30:51.356,1.0638,1.064,6.80,4.00
2007.08.14 14:30:51.475,1.0637,1.064,40.40,8.00
2007.08.14 14:30:51.581,1.0637,1.064,40.40,8.00
2007.08.14 14:30:52.226,1.0637,1.064,36.30,4.00
2007.08.14 14:30:52.754,1.0637,1.064,38.60,8.00
2007.08.14 14:30:53.412,1.0637,1.064,41.80,8.00
2007.08.14 14:30:53.470,1.0637,1.064,46.60,8.00
2007.08.14 14:30:53.510,1.0638,1.0641,41.30,22.60
2007.08.14 14:30:53.519,1.0639,1.0641,7.90,20.20
2007.08.14 14:30:53.619,1.0638,1.0641,44.90,14.90
2007.08.14 14:30:53.715,1.0638,1.0641,44.90,14.60
2007.08.14 14:30:53.720,1.0638,1.0641,44.90,13.70
2007.08.14 14:30:53.814,1.0638,1.0641,44.90,12.90
2007.08.14 14:30:53.910,1.0639,1.0641,7.00,12.90
2007.08.14 14:30:53.939,1.0638,1.0641,41.00,4.90
2007.08.14 14:30:54.035,1.06385,1.0641,43.90,4.80
2007.08.14 14:30:54.510,1.06385,1.0641,43.90,4.00
2007.08.14 14:30:55.463,1.0639,1.0641,2.00,4.00
2007.08.14 14:30:55.485,1.06385,1.0641,21.50,4.00
2007.08.14 14:30:55.602,1.06385,1.0641,12.70,4.40
2007.08.14 14:30:55.708,1.0638,1.0641,38.90,4.40
2007.08.14 14:30:55.992,1.0638,1.06415,39.00,8.40
2007.08.14 14:30:57.096,1.0638,1.06415,39.00,8.40
2007.08.14 14:30:57.236,1.0638,1.06415,35.00,8.40
2007.08.14 14:30:57.318,1.0638,1.06415,35.20,8.40
2007.08.14 14:30:58.913,1.0638,1.06415,35.20,8.40
2007.08.14 14:30:59.033,1.0639,1.0641,0.60,0.80
2007.08.14 14:30:59.130,1.0638,1.0642,37.40,47.50
2007.08.14 14:30:59.235,1.0638,1.0642,37.30,47.50
2007.08.14 14:30:59.450,1.0638,1.0642,41.30,42.70
2007.08.14 14:31:00.488,1.0639,1.0641,0.70,0.60
2007.08.14 14:31:00.549,1.0639,1.0641,0.90,0.90
2007.08.14 14:31:00.613,1.0638,1.0642,38.70,48.80
2007.08.14 14:31:00.670,1.0638,1.0642,48.20,49.70
2007.08.14 14:31:00.763,1.0639,1.0641,0.50,0.80
2007.08.14 14:31:00.774,1.0639,1.0641,0.80,0.90
2007.08.14 14:31:00.865,1.0638,1.0642,41.80,49.70
2007.08.14 14:31:00.982,1.0639,1.0641,0.60,0.80
2007.08.14 14:31:01.522,1.0638,1.0642,17.80,40.80
2007.08.14 14:31:02.377,1.0638,1.0641,0.70,0.60
2007.08.14 14:31:03.457,1.0638,1.0641,17.60,0.90
2007.08.14 14:31:06.994,1.0638,1.0641,45.70,27.60
2007.08.14 14:31:07.035,1.0638,1.0641,44.10,27.60
2007.08.14 14:31:07.315,1.0638,1.064,44.10,0.70
2007.08.14 14:31:07.331,1.0638,1.064,44.10,0.80
2007.08.14 14:31:07.354,1.0638,1.0641,44.10,30.10
2007.08.14 14:31:07.434,1.0638,1.0641,44.10,30.70
2007.08.14 14:31:07.648,1.0638,1.064,44.10,0.90
2007.08.14 14:31:07.863,1.0638,1.064,44.10,0.90
2007.08.14 14:31:07.947,1.0638,1.064,37.70,0.70
2007.08.14 14:31:07.958,1.0638,1.0641,5.60,22.70
2007.08.14 14:31:08.081,1.0638,1.0641,4.00,31.40
2007.08.14 14:31:08.257,1.0638,1.0641,4.00,31.40
2007.08.14 14:31:08.294,1.0638,1.0641,4.00,39.70
2007.08.14 14:31:08.392,1.0638,1.0639,4.00,0.50
2007.08.14 14:31:08.507,1.0639,1.064,1.60,0.70
2007.08.14 14:31:08.628,1.0639,1.064,1.60,0.90
2007.08.14 14:31:08.742,1.0639,1.0641,24.70,22.90
2007.08.14 14:31:08.836,1.0639,1.0641,24.70,14.70
2007.08.14 14:31:08.855,1.0639,1.0642,24.70,57.00
2007.08.14 14:31:09.005,1.0639,1.0642,24.70,56.90
2007.08.14 14:31:09.054,1.0639,1.0642,25.20,55.30
2007.08.14 14:31:09.147,1.0639,1.0642,10.90,32.70
2007.08.14 14:31:09.273,1.0639,1.0641,12.70,0.60
2007.08.14 14:31:09.520,1.0639,1.0642,19.10,24.80
2007.08.14 14:31:09.593,1.0639,1.0642,41.60,30.10
2007.08.14 14:31:09.703,1.0639,1.0642,46.90,30.10
2007.08.14 14:31:11.191,1.0639,1.0642,45.30,28.40
2007.08.14 14:31:11.802,1.0639,1.0642,45.50,28.40
2007.08.14 14:31:12.027,1.0639,1.0641,44.90,0.60
2007.08.14 14:31:12.059,1.0639,1.0642,42.50,28.40
2007.08.14 14:31:12.146,1.0639,1.0641,32.90,0.80
2007.08.14 14:31:12.239,1.0639,1.0641,27.50,0.80
2007.08.14 14:31:12.570,1.0639,1.0641,41.80,0.60
2007.08.14 14:31:13.214,1.0639,1.0642,42.00,28.40
2007.08.14 14:31:13.703,1.0639,1.0642,44.40,28.40
2007.08.14 14:31:18.131,1.0639,1.0641,40.40,0.60
2007.08.14 14:31:18.336,1.0639,1.0642,40.20,37.00
2007.08.14 14:31:18.960,1.0639,1.0641,33.80,0.50
2007.08.14 14:31:19.022,1.0639,1.0642,27.10,49.20
2007.08.14 14:31:19.118,1.0639,1.06415,15.40,12.40
2007.08.14 14:31:19.237,1.0639,1.06415,14.80,12.50
2007.08.14 14:31:19.361,1.0639,1.0641,14.80,0.50
2007.08.14 14:31:19.478,1.0639,1.0641,14.80,0.80
2007.08.14 14:31:19.491,1.0639,1.06415,10.80,14.40
2007.08.14 14:31:19.665,1.0639,1.06415,12.30,12.80
2007.08.14 14:31:19.694,1.0639,1.0641,12.30,0.60
2007.08.14 14:31:19.761,1.0639,1.06415,12.30,12.60
2007.08.14 14:31:19.880,1.0639,1.0641,12.30,0.90
2007.08.14 14:31:19.932,1.0639,1.06415,12.30,11.00
2007.08.14 14:31:20.097,1.0639,1.0641,12.30,0.50
2007.08.14 14:31:20.209,1.0639,1.06415,11.90,13.10
2007.08.14 14:31:20.507,1.0639,1.0642,11.90,55.70
2007.08.14 14:31:20.528,1.0638,1.0641,30.30,27.70
2007.08.14 14:31:20.601,1.0638,1.064,26.30,0.60
2007.08.14 14:31:20.626,1.0638,1.0641,26.30,28.20
2007.08.14 14:31:22.463,1.0638,1.064,22.30,0.90
2007.08.14 14:31:22.510,1.0638,1.064,22.30,0.60
2007.08.14 14:31:22.561,1.0638,1.0641,6.40,34.10
2007.08.14 14:31:22.657,1.0638,1.0641,4.00,34.10
2007.08.14 14:31:22.669,1.0638,1.0641,4.00,36.50
2007.08.14 14:31:22.754,1.0638,1.0641,4.00,36.60
2007.08.14 14:31:22.770,1.0638,1.06405,4.00,13.70
2007.08.14 14:31:22.863,1.0637,1.064,34.40,0.70
2007.08.14 14:31:22.972,1.0637,1.06405,36.80,13.80
2007.08.14 14:31:22.982,1.0638,1.064,2.40,0.50
2007.08.14 14:31:23.098,1.0638,1.064,12.70,0.70
2007.08.14 14:31:23.189,1.0638,1.064,24.70,0.60
2007.08.14 14:31:23.522,1.0638,1.0641,28.70,40.90
2007.08.14 14:31:23.794,1.0638,1.0641,28.70,40.10
2007.08.14 14:31:23.821,1.0638,1.0641,28.70,39.20
2007.08.14 14:31:23.834,1.0638,1.0641,28.70,38.50
2007.08.14 14:31:24.050,1.0638,1.064,20.80,0.80
2007.08.14 14:31:24.085,1.0638,1.06405,20.80,10.30
2007.08.14 14:31:24.104,1.0638,1.064,20.80,0.80
2007.08.14 14:31:24.146,1.0638,1.064,4.00,0.80
2007.08.14 14:31:24.264,1.0638,1.06405,4.00,13.70
2007.08.14 14:31:24.369,1.0638,1.06405,4.00,13.80
2007.08.14 14:31:24.480,1.0637,1.064,27.90,0.80
2007.08.14 14:31:24.516,1.0637,1.064,18.30,0.80
2007.08.14 14:31:24.576,1.0637,1.0639,4.00,0.80
2007.08.14 14:31:24.611,1.0637,1.0639,4.00,0.50
2007.08.14 14:31:24.684,1.0637,1.0639,4.00,0.80
2007.08.14 14:31:24.875,1.0637,1.06395,4.00,11.30
2007.08.14 14:31:25.036,1.0637,1.0639,15.90,0.70
2007.08.14 14:31:25.142,1.0637,1.0639,24.70,0.80
2007.08.14 14:31:25.471,1.0637,1.0639,28.70,0.60
2007.08.14 14:31:27.079,1.0637,1.064,26.30,40.50
2007.08.14 14:31:27.204,1.0637,1.0639,15.90,0.80
2007.08.14 14:31:28.273,1.0637,1.06395,11.90,13.70
2007.08.14 14:31:31.365,1.0637,1.06395,11.90,13.60
2007.08.14 14:31:32.106,1.0637,1.0639,11.90,0.80
2007.08.14 14:31:32.125,1.0636,1.0638,28.60,0.90
2007.08.14 14:31:32.214,1.0636,1.0639,30.20,25.60
2007.08.14 14:31:32.242,1.0636,1.0639,29.90,25.60
2007.08.14 14:31:33.649,1.0636,1.0638,30.00,0.50
2007.08.14 14:31:33.968,1.0636,1.0638,29.70,0.50
2007.08.14 14:31:34.111,1.0636,1.0638,29.70,0.50
2007.08.14 14:31:34.313,1.0636,1.0639,27.30,28.80
2007.08.14 14:31:34.496,1.0636,1.0639,25.70,28.80
2007.08.14 14:31:34.560,1.0636,1.0638,25.70,0.50
2007.08.14 14:31:34.705,1.0636,1.0638,21.70,0.80
2007.08.14 14:31:34.740,1.0636,1.0639,17.70,43.00
2007.08.14 14:31:34.811,1.0636,1.0639,17.70,43.20
2007.08.14 14:31:34.937,1.0636,1.0638,17.70,0.80
2007.08.14 14:31:35.144,1.0636,1.0638,16.10,0.80
2007.08.14 14:31:35.465,1.0636,1.0639,26.50,42.60
2007.08.14 14:31:35.686,1.0636,1.0639,26.50,42.60
2007.08.14 14:31:35.878,1.0636,1.0639,30.50,38.60
2007.08.14 14:31:35.967,1.0636,1.0639,30.50,40.20
2007.08.14 14:31:36.055,1.0636,1.0639,30.50,39.40
2007.08.14 14:31:36.086,1.0636,1.0639,30.50,38.40
2007.08.14 14:31:36.475,1.0636,1.0639,36.10,34.50
2007.08.14 14:31:36.533,1.0636,1.0638,12.00,0.30
2007.08.14 14:31:36.581,1.0636,1.0639,14.40,12.30
2007.08.14 14:31:36.628,1.0636,1.06395,14.40,12.80
2007.08.14 14:31:36.657,1.0636,1.06395,14.40,12.80
2007.08.14 14:31:36.965,1.0636,1.0639,14.50,0.70
2007.08.14 14:31:37.280,1.0636,1.06395,14.40,12.40
2007.08.14 14:31:37.512,1.0637,1.06395,2.40,12.40
2007.08.14 14:31:37.727,1.0637,1.06395,2.40,11.50
2007.08.14 14:31:37.870,1.0637,1.064,2.40,23.50
2007.08.14 14:31:37.938,1.0637,1.0639,26.50,0.70
2007.08.14 14:31:38.046,1.0637,1.064,30.50,41.80
2007.08.14 14:31:38.915,1.0637,1.0639,30.50,0.80
2007.08.14 14:31:40.082,1.0637,1.064,26.30,41.20
2007.08.14 14:31:40.203,1.0637,1.0639,15.90,0.50
2007.08.14 14:31:40.517,1.0637,1.0639,11.90,0.70
2007.08.14 14:31:40.623,1.0637,1.06395,11.90,13.90
2007.08.14 14:31:41.073,1.0636,1.06395,39.80,25.80
2007.08.14 14:31:41.083,1.0636,1.06395,38.20,25.80
2007.08.14 14:31:41.183,1.0636,1.06395,37.90,29.20
2007.08.14 14:31:41.189,1.0636,1.06395,39.50,29.20
2007.08.14 14:31:41.211,1.0636,1.0639,35.50,0.90
2007.08.14 14:31:41.267,1.0636,1.064,35.50,50.50
2007.08.14 14:31:41.311,1.0637,1.0639,4.00,35.70
2007.08.14 14:31:41.379,1.0637,1.0638,4.00,0.90
2007.08.14 14:31:41.398,1.0637,1.0638,4.00,0.60
2007.08.14 14:31:41.554,1.0637,1.0639,4.00,38.90
2007.08.14 14:31:41.813,1.0636,1.0638,43.90,0.60
2007.08.14 14:31:41.922,1.0636,1.0639,43.90,43.00
2007.08.14 14:31:42.016,1.0636,1.0639,45.50,43.00
2007.08.14 14:31:42.140,1.0636,1.0639,15.20,19.60
2007.08.14 14:31:42.894,1.0636,1.0639,15.20,19.60
2007.08.14 14:31:43.563,1.0636,1.0638,9.60,0.50
2007.08.14 14:31:43.628,1.0636,1.0639,16.80,49.20
2007.08.14 14:31:43.655,1.0636,1.0639,14.40,51.60
2007.08.14 14:31:43.735,1.0635,1.0638,20.00,0.90
2007.08.14 14:31:43.782,1.0635,1.0639,15.20,48.30
2007.08.14 14:31:44.061,1.0635,1.0637,43.30,0.60
2007.08.14 14:31:44.260,1.0635,1.0638,15.20,0.60
2007.08.14 14:31:44.277,1.0635,1.0639,16.80,50.80
2007.08.14 14:31:44.553,1.0635,1.0637,16.80,0.80
2007.08.14 14:31:44.591,1.0635,1.0638,16.80,16.70
2007.08.14 14:31:44.689,1.0635,1.0637,15.20,0.80
2007.08.14 14:31:44.705,1.0635,1.0638,43.30,39.00
2007.08.14 14:31:44.859,1.0635,1.0638,43.30,39.10
2007.08.14 14:31:45.020,1.0635,1.0637,43.30,0.70
2007.08.14 14:31:45.090,1.0635,1.0637,39.30,0.70
2007.08.14 14:31:45.098,1.0635,1.0637,39.30,0.70
2007.08.14 14:31:45.230,1.0635,1.0638,37.50,39.80
2007.08.14 14:31:45.560,1.0635,1.0637,6.40,0.60
2007.08.14 14:31:45.610,1.0635,1.0637,6.40,0.50
2007.08.14 14:31:45.678,1.0635,1.0637,6.40,0.60
2007.08.14 14:31:45.732,1.0634,1.0637,21.00,0.50
2007.08.14 14:31:45.878,1.0634,1.0638,18.50,45.40
2007.08.14 14:31:45.960,1.0634,1.0637,18.40,0.80
2007.08.14 14:31:46.041,1.0634,1.0638,17.60,45.40
2007.08.14 14:31:46.158,1.0634,1.0637,19.20,0.60
2007.08.14 14:31:46.295,1.0634,1.0638,19.30,39.80
2007.08.14 14:31:46.399,1.0634,1.0637,19.30,0.90
2007.08.14 14:31:46.624,1.0635,1.0637,15.90,0.50
2007.08.14 14:31:46.665,1.0635,1.0638,17.50,36.40
2007.08.14 14:31:46.725,1.0635,1.0637,19.00,0.80
2007.08.14 14:31:46.761,1.0635,1.0638,19.80,19.30
2007.08.14 14:31:46.821,1.0635,1.0638,24.60,13.70
2007.08.14 14:31:46.863,1.0635,1.0638,29.20,9.70
2007.08.14 14:31:47.051,1.0635,1.0639,31.20,22.90
2007.08.14 14:31:47.076,1.0635,1.0639,29.60,30.90
2007.08.14 14:31:47.143,1.0635,1.0638,25.60,18.50
2007.08.14 14:31:47.175,1.0635,1.06375,7.20,0.60
2007.08.14 14:31:47.282,1.0635,1.0638,6.40,17.30
2007.08.14 14:31:47.386,1.0635,1.0638,5.00,19.70
2007.08.14 14:31:47.481,1.0635,1.06375,4.80,0.60
2007.08.14 14:31:47.624,1.0635,1.06375,18.50,6.40
2007.08.14 14:31:47.637,1.0635,1.0638,17.70,19.00
2007.08.14 14:31:47.702,1.0635,1.0638,18.10,15.00
2007.08.14 14:31:47.782,1.0635,1.06385,24.70,19.00
2007.08.14 14:31:47.897,1.0635,1.06385,25.50,19.00
2007.08.14 14:31:47.916,1.0635,1.0638,30.50,0.90
2007.08.14 14:31:48.111,1.0635,1.0638,35.30,0.60
2007.08.14 14:31:48.122,1.0635,1.0638,34.20,0.60
2007.08.14 14:31:48.170,1.0635,1.0639,33.40,43.30
2007.08.14 14:31:48.230,1.0635,1.0638,37.20,0.60
2007.08.14 14:31:48.410,1.0635,1.0639,36.40,43.30
2007.08.14 14:31:48.763,1.0635,1.0638,36.40,26.90
2007.08.14 14:31:48.871,1.0635,1.0637,28.40,0.50
2007.08.14 14:31:48.990,1.0635,1.0638,28.50,26.90
2007.08.14 14:31:49.085,1.0635,1.0638,30.90,26.80
2007.08.14 14:31:49.206,1.0635,1.0638,32.20,26.80
2007.08.14 14:31:49.321,1.0635,1.0638,40.80,26.00
2007.08.14 14:31:49.352,1.0635,1.0638,41.60,22.00
2007.08.14 14:31:49.442,1.0635,1.0638,42.40,22.00
2007.08.14 14:31:49.555,1.0635,1.0637,44.80,0.80
2007.08.14 14:31:52.423,1.0635,1.0637,44.90,4.00
2007.08.14 14:31:52.640,1.0636,1.0638,2.40,4.80
2007.08.14 14:31:53.180,1.0636,1.0638,24.70,8.80
2007.08.14 14:31:54.547,1.0636,1.0638,24.70,9.60
2007.08.14 14:31:54.769,1.0636,1.0638,28.70,5.60
2007.08.14 14:31:55.095,1.0636,1.0638,32.70,1.60
2007.08.14 14:31:55.122,1.0636,1.0638,38.30,1.60
2007.08.14 14:31:55.133,1.0636,1.0638,42.30,1.60
2007.08.14 14:31:55.190,1.0637,1.0638,16.90,1.60
2007.08.14 14:31:55.311,1.0637,1.0638,24.90,1.60
2007.08.14 14:31:55.428,1.0638,1.0639,0.10,7.20
2007.08.14 14:31:55.461,1.0638,1.0639,0.20,6.40
2007.08.14 14:31:55.576,1.0638,1.0639,0.20,4.00
2007.08.14 14:31:55.660,1.0637,1.0638,27.40,0.70
2007.08.14 14:31:55.738,1.0637,1.0638,27.40,0.70
2007.08.14 14:31:55.765,1.0637,1.0639,27.40,4.00
2007.08.14 14:31:55.880,1.0637,1.0639,31.30,4.00
2007.08.14 14:31:55.979,1.0638,1.0639,4.00,4.00
2007.08.14 14:31:58.661,1.0638,1.0639,4.00,4.20
2007.08.14 14:31:58.907,1.0638,1.0639,4.00,5.00
2007.08.14 14:31:58.987,1.0638,1.0639,4.00,5.20
2007.08.14 14:31:59.030,1.0638,1.0639,4.00,6.00
2007.08.14 14:31:59.112,1.0636,1.0639,39.60,17.60
2007.08.14 14:31:59.134,1.0636,1.0639,38.80,18.40
2007.08.14 14:31:59.218,1.0636,1.0639,43.90,19.90
2007.08.14 14:31:59.315,1.0636,1.0639,35.90,19.90
2007.08.14 14:31:59.342,1.0636,1.0639,35.10,19.10
2007.08.14 14:31:59.373,1.0636,1.0639,35.10,22.40
2007.08.14 14:31:59.425,1.0636,1.0639,35.40,22.40
2007.08.14 14:31:59.654,1.0636,1.0639,37.00,22.40
2007.08.14 14:31:59.847,1.0636,1.0639,45.00,22.40
2007.08.14 14:32:00.287,1.0636,1.0638,44.80,4.00
2007.08.14 14:32:00.824,1.0636,1.0638,45.00,4.00
2007.08.14 14:32:03.698,1.0636,1.0638,37.00,4.00
2007.08.14 14:32:06.574,1.0637,1.0638,1.60,4.00
2007.08.14 14:32:06.685,1.0637,1.0639,1.80,8.00
2007.08.14 14:32:06.729,1.0637,1.0639,2.60,4.00
2007.08.14 14:32:06.776,1.0637,1.0639,3.90,4.00
2007.08.14 14:32:06.847,1.0637,1.0639,4.70,4.00
2007.08.14 14:32:07.643,1.0637,1.0639,31.00,4.00
2007.08.14 14:32:08.005,1.0637,1.0639,30.80,4.00
2007.08.14 14:32:08.501,1.0637,1.064,30.80,39.50
2007.08.14 14:32:08.548,1.0637,1.0639,29.20,0.80
2007.08.14 14:32:08.607,1.0637,1.0639,28.40,0.70
2007.08.14 14:32:08.643,1.0637,1.06395,19.10,8.00
2007.08.14 14:32:08.795,1.0637,1.0639,18.30,0.60
2007.08.14 14:32:08.877,1.0637,1.0639,15.90,0.60
2007.08.14 14:32:09.083,1.0636,1.06395,24.70,8.00
2007.08.14 14:32:09.115,1.0636,1.06395,18.30,14.40
2007.08.14 14:32:09.204,1.0636,1.0639,35.10,33.30
2007.08.14 14:32:09.218,1.0636,1.0639,33.50,34.10
2007.08.14 14:32:09.298,1.0636,1.0639,9.70,21.70
2007.08.14 14:32:09.396,1.0636,1.0639,9.60,21.70
2007.08.14 14:32:09.416,1.0636,1.0639,8.00,21.70
2007.08.14 14:32:09.543,1.0636,1.06385,4.00,0.60
2007.08.14 14:32:09.614,1.0636,1.0638,19.90,0.50
2007.08.14 14:32:09.819,1.0636,1.06385,11.90,10.40
2007.08.14 14:32:10.798,1.0636,1.06385,11.90,10.30
2007.08.14 14:32:11.630,1.0635,1.0638,31.70,18.30
2007.08.14 14:32:11.758,1.0635,1.0637,35.50,0.80
2007.08.14 14:32:11.865,1.0635,1.0638,31.50,22.40
2007.08.14 14:32:12.128,1.0635,1.0637,33.10,0.70
2007.08.14 14:32:12.277,1.0635,1.0638,41.10,22.40
2007.08.14 14:32:12.625,1.0635,1.0637,40.30,0.80
2007.08.14 14:32:12.669,1.0635,1.0637,39.50,0.70
2007.08.14 14:32:12.741,1.0635,1.0637,38.20,0.50
2007.08.14 14:32:12.770,1.0635,1.0637,38.20,0.90
2007.08.14 14:32:13.149,1.0635,1.0637,5.90,15.10
2007.08.14 14:32:13.170,1.0635,1.0637,0.40,21.50
2007.08.14 14:32:13.253,1.0634,1.0636,16.40,0.90
2007.08.14 14:32:13.346,1.0634,1.0637,11.60,33.20
2007.08.14 14:32:13.374,1.0634,1.0636,8.20,0.60
2007.08.14 14:32:13.479,1.0634,1.0636,4.00,22.30
2007.08.14 14:32:13.710,1.0634,1.0637,8.10,46.80
2007.08.14 14:32:13.815,1.0634,1.0636,4.30,0.70
2007.08.14 14:32:14.173,1.0634,1.0636,4.30,0.60
2007.08.14 14:32:14.436,1.0634,1.06365,0.40,8.00
2007.08.14 14:32:14.467,1.0634,1.0636,0.50,0.50
2007.08.14 14:32:14.588,1.0634,1.06365,4.40,8.00
2007.08.14 14:32:14.645,1.0634,1.06365,5.20,8.00
2007.08.14 14:32:14.671,1.0634,1.06365,19.00,8.00
2007.08.14 14:32:14.772,1.0634,1.0636,23.00,0.50
2007.08.14 14:32:14.891,1.0634,1.06365,38.80,8.00
2007.08.14 14:32:14.910,1.0634,1.0636,39.60,0.70
2007.08.14 14:32:15.002,1.0634,1.06365,40.40,8.00
2007.08.14 14:32:15.201,1.0634,1.0637,42.80,23.10
2007.08.14 14:32:15.221,1.0635,1.0637,12.30,0.80
2007.08.14 14:32:15.434,1.0635,1.06375,12.20,8.80
2007.08.14 14:32:15.721,1.0635,1.0638,16.20,37.30
2007.08.14 14:32:15.876,1.0635,1.0638,16.30,37.30
2007.08.14 14:32:16.080,1.0635,1.0637,16.30,8.00
2007.08.14 14:32:16.191,1.0635,1.0637,0.40,27.90
2007.08.14 14:32:16.235,1.0635,1.0636,0.40,0.70
2007.08.14 14:32:16.306,1.0634,1.0636,5.40,0.70
2007.08.14 14:32:16.413,1.0634,1.0637,4.80,36.90
2007.08.14 14:32:16.447,1.0634,1.0637,4.00,37.70
2007.08.14 14:32:16.546,1.0634,1.0637,8.00,37.70
2007.08.14 14:32:16.627,1.0634,1.0636,4.00,25.50
2007.08.14 14:32:16.724,1.0634,1.0636,4.00,0.50
2007.08.14 14:32:16.943,1.0634,1.0637,4.00,28.90
2007.08.14 14:32:17.084,1.0634,1.0637,4.00,30.50
2007.08.14 14:32:17.170,1.0634,1.0636,4.00,35.80
2007.08.14 14:32:17.263,1.0634,1.0636,4.00,39.70
2007.08.14 14:32:17.938,1.0634,1.0635,4.00,0.80
2007.08.14 14:32:18.188,1.0633,1.0636,18.40,35.20
2007.08.14 14:32:18.205,1.0633,1.0636,16.80,35.20
2007.08.14 14:32:18.354,1.0633,1.0636,20.80,32.80
2007.08.14 14:32:18.665,1.0633,1.0636,10.80,37.70
2007.08.14 14:32:18.826,1.0633,1.0635,10.80,0.70
2007.08.14 14:32:18.878,1.0633,1.0636,0.20,32.60
2007.08.14 14:32:19.120,1.0633,1.0635,0.20,0.60
2007.08.14 14:32:19.189,1.0633,1.0635,0.20,22.40
2007.08.14 14:32:20.560,1.0632,1.0634,31.50,0.80
2007.08.14 14:32:20.768,1.0632,1.0635,31.30,22.40
2007.08.14 14:32:22.280,1.0632,1.0635,31.40,22.40
2007.08.14 14:32:23.945,1.0633,1.0635,0.20,22.40
2007.08.14 14:32:25.583,1.0632,1.0635,31.40,22.40
2007.08.14 14:32:25.666,1.0632,1.0634,29.60,0.50
2007.08.14 14:32:27.938,1.0633,1.0635,0.20,24.20
2007.08.14 14:32:28.161,1.0632,1.0635,25.60,31.40
2007.08.14 14:32:28.171,1.0632,1.0635,21.60,35.40
2007.08.14 14:32:28.251,1.0632,1.06345,20.80,8.00
2007.08.14 14:32:28.280,1.0632,1.06345,16.80,10.40
2007.08.14 14:32:28.482,1.0632,1.06345,15.90,10.40
2007.08.14 14:32:28.600,1.0632,1.06345,15.90,12.00
2007.08.14 14:32:28.612,1.0632,1.0633,11.90,0.60
2007.08.14 14:32:28.702,1.0631,1.0634,15.20,23.00
2007.08.14 14:32:28.771,1.0631,1.0633,15.20,0.80
2007.08.14 14:32:28.805,1.0631,1.0634,6.40,38.30
2007.08.14 14:32:28.997,1.0631,1.0634,5.60,38.30
2007.08.14 14:32:29.022,1.0631,1.0633,5.60,27.90
2007.08.14 14:32:29.123,1.0631,1.0632,4.40,0.90
2007.08.14 14:32:29.136,1.0631,1.0632,0.50,0.60
2007.08.14 14:32:29.241,1.06305,1.0633,0.80,40.80
2007.08.14 14:32:29.638,1.0629,1.063,18.50,0.60
2007.08.14 14:32:29.677,1.06285,1.0629,4.00,0.80
2007.08.14 14:32:29.736,1.06285,1.0629,4.00,0.80
2007.08.14 14:32:29.793,1.0627,1.0628,2.30,0.90
2007.08.14 14:32:29.895,1.0626,1.0627,5.20,0.80
2007.08.14 14:32:29.943,1.0624,1.0626,1.60,0.60
2007.08.14 14:32:30.010,1.0624,1.0627,3.60,3.80
2007.08.14 14:32:30.053,1.0624,1.0627,2.80,3.80
2007.08.14 14:32:30.240,1.0625,1.0627,1.60,3.00
2007.08.14 14:32:30.260,1.0626,1.0627,1.60,0.90
2007.08.14 14:32:30.305,1.0625,1.0626,1.60,0.50
2007.08.14 14:32:30.437,1.0625,1.0626,1.60,0.70
2007.08.14 14:32:30.567,1.0625,1.0626,1.60,0.60
2007.08.14 14:32:30.619,1.0625,1.0628,1.60,0.50
2007.08.14 14:32:30.656,1.0625,1.0626,1.60,0.90
2007.08.14 14:32:30.670,1.0625,1.0627,1.60,3.40
2007.08.14 14:32:30.768,1.0624,1.0625,1.60,0.80
2007.08.14 14:32:30.985,1.0625,1.06275,1.60,0.70
2007.08.14 14:32:31.012,1.062,1.0626,4.00,0.70
2007.08.14 14:32:31.197,1.0621,1.0623,0.80,0.80
2007.08.14 14:32:31.295,1.0619,1.0622,12.80,0.70
2007.08.14 14:32:31.392,1.0619,1.0621,11.20,0.40
2007.08.14 14:32:31.617,1.0619,1.0622,4.00,6.20
2007.08.14 14:32:32.078,1.0619,1.0622,3.70,6.30
2007.08.14 14:32:32.167,1.0619,1.0622,3.20,6.30
2007.08.14 14:32:32.384,1.0619,1.0624,11.10,25.50
2007.08.14 14:32:32.433,1.0619,1.0623,11.10,12.00
2007.08.14 14:32:32.745,1.0619,1.0623,15.10,0.50
2007.08.14 14:32:33.040,1.0619,1.0623,19.10,0.50
2007.08.14 14:32:33.380,1.0619,1.0624,19.10,12.80
2007.08.14 14:32:34.363,1.0619,1.0624,23.10,12.80
2007.08.14 14:32:34.647,1.0619,1.0624,8.00,4.80
2007.08.14 14:32:34.740,1.0622,1.0624,4.00,4.80
2007.08.14 14:32:34.889,1.0624,1.0625,5.60,4.80
2007.08.14 14:32:34.903,1.0624,1.0625,5.60,5.60
2007.08.14 14:32:35.060,1.0624,1.0625,6.40,4.80
2007.08.14 14:32:35.174,1.0625,1.0626,0.20,0.80
2007.08.14 14:32:35.300,1.0625,1.0629,0.50,15.20
2007.08.14 14:32:35.405,1.0625,1.0628,0.80,0.90
2007.08.14 14:32:35.474,1.0625,1.0628,0.80,6.40
2007.08.14 14:32:35.596,1.0625,1.06275,0.60,12.00
2007.08.14 14:32:35.651,1.0627,1.06275,1.60,11.40
2007.08.14 14:32:35.716,1.0627,1.06275,1.60,0.50
2007.08.14 14:32:35.735,1.0627,1.0629,5.60,9.30
2007.08.14 14:32:35.826,1.0627,1.0629,5.60,12.00
2007.08.14 14:32:35.874,1.0627,1.0628,4.00,0.60
2007.08.14 14:32:36.157,1.0627,1.063,8.00,0.60
2007.08.14 14:32:36.256,1.0628,1.063,4.00,0.60
2007.08.14 14:32:36.285,1.0628,1.063,4.00,0.50
2007.08.14 14:32:36.372,1.0628,1.0629,4.00,0.40
2007.08.14 14:32:36.684,1.063,1.0631,10.40,0.60
2007.08.14 14:32:36.798,1.063,1.0632,23.20,6.50
2007.08.14 14:32:36.911,1.0631,1.0632,2.40,0.50
2007.08.14 14:32:36.998,1.0631,1.0633,2.40,5.60
2007.08.14 14:32:37.110,1.0631,1.0633,14.40,9.50
2007.08.14 14:32:37.158,1.0631,1.0633,14.40,10.30
2007.08.14 14:32:37.229,1.0631,1.0633,20.80,6.30
2007.08.14 14:32:37.660,1.0631,1.0632,20.80,0.50
2007.08.14 14:32:38.187,1.0631,1.0632,16.80,1.40
2007.08.14 14:32:38.603,1.0631,1.0632,14.40,1.40
2007.08.14 14:32:38.629,1.063,1.0631,15.30,6.40
2007.08.14 14:32:38.709,1.063,1.0631,5.80,10.40
2007.08.14 14:32:38.783,1.0629,1.063,14.40,4.00
2007.08.14 14:32:38.832,1.0629,1.063,6.40,4.20
2007.08.14 14:32:38.922,1.0629,1.063,4.00,5.20
2007.08.14 14:32:39.078,1.0627,1.0629,12.20,0.30
2007.08.14 14:32:39.159,1.0627,1.0629,40.70,4.20
2007.08.14 14:32:39.455,1.0627,1.0629,12.80,0.30
2007.08.14 14:32:39.542,1.0627,1.0629,8.80,0.30
2007.08.14 14:32:39.603,1.0627,1.063,8.80,9.10
2007.08.14 14:32:39.664,1.0627,1.063,8.80,8.80
2007.08.14 14:32:39.854,1.0627,1.063,8.80,8.90
2007.08.14 14:32:39.987,1.0627,1.0629,8.80,0.90
2007.08.14 14:32:40.708,1.0627,1.0629,36.70,4.90
2007.08.14 14:32:40.852,1.0627,1.063,36.70,22.10
2007.08.14 14:32:41.146,1.0629,1.063,4.00,5.20
2007.08.14 14:32:41.192,1.063,1.0631,4.00,5.80
2007.08.14 14:32:41.258,1.0629,1.063,22.30,0.50
2007.08.14 14:32:41.478,1.063,1.0631,4.20,4.20
2007.08.14 14:32:41.531,1.063,1.0632,4.20,5.60
2007.08.14 14:32:41.684,1.063,1.0631,24.30,0.80
2007.08.14 14:32:41.898,1.063,1.0631,24.40,0.80
2007.08.14 14:32:42.100,1.063,1.0632,24.30,5.40
2007.08.14 14:32:42.236,1.063,1.0633,24.30,25.40
2007.08.14 14:32:42.329,1.063,1.0633,24.10,25.40
2007.08.14 14:32:42.413,1.063,1.0632,23.90,0.90
2007.08.14 14:32:42.625,1.063,1.0633,19.90,29.60
2007.08.14 14:32:42.639,1.063,1.0633,15.90,33.60
2007.08.14 14:32:42.755,1.063,1.0633,11.90,38.10
2007.08.14 14:32:43.177,1.063,1.06325,7.90,14.90
2007.08.14 14:32:44.334,1.063,1.06325,7.90,15.20
2007.08.14 14:32:44.743,1.063,1.06315,7.90,0.70
2007.08.14 14:32:44.819,1.0629,1.0631,6.40,0.80
2007.08.14 14:32:44.936,1.0629,1.06315,4.00,9.00
2007.08.14 14:32:45.048,1.0629,1.06315,4.00,9.30
2007.08.14 14:32:45.288,1.0629,1.0631,4.00,0.50
2007.08.14 14:32:45.348,1.0629,1.0631,4.00,0.80
2007.08.14 14:32:45.384,1.0628,1.0631,32.10,0.80
2007.08.14 14:32:45.494,1.0628,1.0631,40.10,0.70
2007.08.14 14:32:45.617,1.0628,1.0632,36.10,36.70
2007.08.14 14:32:45.698,1.0628,1.0631,34.30,27.80
2007.08.14 14:32:45.821,1.0628,1.06305,30.30,8.50
2007.08.14 14:32:45.911,1.0628,1.063,19.90,0.60
2007.08.14 14:32:46.032,1.0628,1.063,19.90,0.60
2007.08.14 14:32:46.130,1.0628,1.06305,15.90,11.50
2007.08.14 14:32:46.538,1.0628,1.063,11.90,0.70
2007.08.14 14:32:46.631,1.0628,1.063,11.90,0.50
2007.08.14 14:32:46.768,1.0628,1.063,12.00,0.80
2007.08.14 14:32:47.090,1.0628,1.0631,4.00,43.40
2007.08.14 14:32:47.210,1.0627,1.063,44.60,0.90
2007.08.14 14:32:47.339,1.0627,1.063,40.60,24.40
2007.08.14 14:32:47.849,1.0627,1.063,40.80,23.90
2007.08.14 14:32:48.172,1.0628,1.063,15.90,0.60
2007.08.14 14:32:48.196,1.0628,1.0631,19.90,34.60
2007.08.14 14:32:48.298,1.0628,1.063,29.50,0.60
2007.08.14 14:32:48.392,1.0628,1.0631,31.90,37.20
2007.08.14 14:32:48.408,1.0628,1.063,31.90,0.50
2007.08.14 14:32:48.592,1.0628,1.0631,35.90,33.20
2007.08.14 14:32:48.604,1.0628,1.0631,31.90,38.80
2007.08.14 14:32:48.677,1.0628,1.0631,31.90,39.60
2007.08.14 14:32:48.711,1.0628,1.0631,27.90,42.20
2007.08.14 14:32:48.815,1.0627,1.0631,10.80,40.60
2007.08.14 14:32:48.842,1.0627,1.063,11.60,0.60
2007.08.14 14:32:48.932,1.0627,1.0631,11.60,42.70
2007.08.14 14:32:49.005,1.0627,1.0631,11.60,43.50
2007.08.14 14:32:49.026,1.0627,1.0631,11.60,44.30
2007.08.14 14:32:49.117,1.0627,1.0629,30.00,0.90
2007.08.14 14:32:49.155,1.0627,1.0629,34.00,0.50
2007.08.14 14:32:49.241,1.0627,1.063,34.60,25.40
2007.08.14 14:32:49.444,1.0627,1.0629,33.80,0.90
2007.08.14 14:32:49.647,1.0627,1.0629,34.60,0.90
2007.08.14 14:32:49.775,1.0627,1.063,42.80,25.40
2007.08.14 14:32:49.857,1.0627,1.063,42.00,25.40
2007.08.14 14:32:50.518,1.0627,1.063,38.00,25.40
2007.08.14 14:32:52.610,1.0627,1.0629,34.00,0.50
2007.08.14 14:32:52.754,1.0627,1.063,29.60,35.20
2007.08.14 14:32:52.827,1.0627,1.0629,28.80,0.80
2007.08.14 14:32:52.890,1.0627,1.0629,28.50,0.80
2007.08.14 14:32:52.985,1.0627,1.06295,27.70,8.00
2007.08.14 14:32:53.010,1.0627,1.0629,26.80,0.70
2007.08.14 14:32:53.094,1.0627,1.0629,24.40,0.90
2007.08.14 14:32:53.202,1.0627,1.06295,20.40,10.40
2007.08.14 14:32:53.410,1.0627,1.0629,21.40,0.70
2007.08.14 14:32:53.441,1.0627,1.06295,22.20,10.40
2007.08.14 14:32:53.503,1.0627,1.06295,21.20,10.40
2007.08.14 14:32:53.655,1.0627,1.0629,20.40,0.70
2007.08.14 14:32:54.259,1.0627,1.0629,12.40,0.80
2007.08.14 14:32:54.894,1.0627,1.06295,13.40,10.40
2007.08.14 14:32:54.933,1.0627,1.0629,18.20,0.90
2007.08.14 14:32:54.951,1.0627,1.0629,19.00,0.90
2007.08.14 14:32:55.320,1.0627,1.06295,27.00,10.40
2007.08.14 14:32:56.766,1.0627,1.0629,15.00,0.70
2007.08.14 14:32:57.194,1.0627,1.06295,14.00,14.40
2007.08.14 14:32:57.275,1.0627,1.06295,13.20,14.40
2007.08.14 14:32:57.344,1.0627,1.06295,12.40,14.40
2007.08.14 14:32:57.394,1.0627,1.06295,11.90,14.40
2007.08.14 14:33:03.773,1.0627,1.0629,4.00,0.60
2007.08.14 14:33:03.851,1.0627,1.0628,4.00,0.90
2007.08.14 14:33:04.733,1.0626,1.0629,27.50,29.10
2007.08.14 14:33:04.809,1.0626,1.0628,26.70,0.50
2007.08.14 14:33:04.834,1.0626,1.0629,8.00,34.00
2007.08.14 14:33:04.927,1.0626,1.0628,8.00,0.60
2007.08.14 14:33:04.947,1.0626,1.0628,8.00,0.70
2007.08.14 14:33:05.069,1.0626,1.0628,8.00,0.90
2007.08.14 14:33:05.138,1.0626,1.06285,4.00,10.80
2007.08.14 14:33:05.260,1.0626,1.0628,4.00,0.90
2007.08.14 14:33:05.286,1.0626,1.0629,4.00,38.00
2007.08.14 14:33:05.363,1.0626,1.0628,4.00,0.50
2007.08.14 14:33:05.470,1.0626,1.0629,4.00,38.20
2007.08.14 14:33:05.565,1.0626,1.0629,4.00,38.40
2007.08.14 14:33:05.677,1.0626,1.0629,4.00,39.20
2007.08.14 14:33:05.795,1.0626,1.0628,4.00,25.60
2007.08.14 14:33:07.173,1.0626,1.0627,4.00,0.70
2007.08.14 14:33:07.324,1.0626,1.0628,4.00,26.00
2007.08.14 14:33:07.347,1.0626,1.0628,4.00,26.00
2007.08.14 14:33:07.824,1.0625,1.0627,29.60,0.70
2007.08.14 14:33:07.938,1.0625,1.0627,29.50,0.50
2007.08.14 14:33:08.047,1.0625,1.0627,29.50,0.50
2007.08.14 14:33:08.151,1.0625,1.0627,25.50,0.80
2007.08.14 14:33:08.440,1.0626,1.0627,4.00,0.80
2007.08.14 14:33:08.482,1.0626,1.06275,4.00,8.00
2007.08.14 14:33:10.687,1.0625,1.0627,20.30,12.00
2007.08.14 14:33:10.710,1.0625,1.0626,0.50,3.20
2007.08.14 14:33:10.855,1.0625,1.0626,0.50,7.20
2007.08.14 14:33:10.878,1.0624,1.0626,12.50,11.20
2007.08.14 14:33:10.934,1.0624,1.0626,12.40,10.90
2007.08.14 14:33:11.027,1.0624,1.0626,12.00,10.90
2007.08.14 14:33:11.066,1.0624,1.0626,12.00,11.70
2007.08.14 14:33:11.134,1.0624,1.0626,12.00,12.50
2007.08.14 14:33:11.194,1.0624,1.0626,12.00,13.30
2007.08.14 14:33:11.251,1.0624,1.0626,16.00,12.80
2007.08.14 14:33:11.349,1.0625,1.0626,0.10,8.80
2007.08.14 14:33:11.662,1.0624,1.0626,8.00,8.80
2007.08.14 14:33:11.711,1.0624,1.0626,4.00,8.80
2007.08.14 14:33:11.783,1.0624,1.0625,4.00,4.00
2007.08.14 14:33:12.179,1.0623,1.0625,11.10,4.00
2007.08.14 14:33:12.195,1.0623,1.0625,7.10,4.00
2007.08.14 14:33:12.304,1.0623,1.0625,4.70,4.00
2007.08.14 14:33:12.824,1.0623,1.0625,4.70,8.80
2007.08.14 14:33:12.833,1.0623,1.0625,4.70,20.70
2007.08.14 14:33:12.948,1.0623,1.0625,4.70,23.10
2007.08.14 14:33:13.062,1.0623,1.0625,4.70,24.70
2007.08.14 14:33:13.267,1.0623,1.0625,4.50,24.70
2007.08.14 14:33:13.378,1.0623,1.0624,4.50,4.00
2007.08.14 14:33:13.583,1.0623,1.0624,4.30,4.00
2007.08.14 14:33:13.803,1.0623,1.0624,4.50,4.00
2007.08.14 14:33:13.904,1.0623,1.0625,4.60,10.50
2007.08.14 14:33:14.027,1.0623,1.0625,4.40,10.50
2007.08.14 14:33:14.120,1.0623,1.0625,4.40,6.50
2007.08.14 14:33:14.131,1.0623,1.0625,4.60,6.50
2007.08.14 14:33:14.229,1.0623,1.0625,4.80,6.50
2007.08.14 14:33:14.447,1.0623,1.0625,4.40,6.50
2007.08.14 14:33:14.820,1.0623,1.0625,6.00,6.50
2007.08.14 14:33:15.250,1.0623,1.0625,6.00,14.40
2007.08.14 14:33:15.332,1.0623,1.0625,0.60,16.80
2007.08.14 14:33:15.355,1.0622,1.0624,9.80,6.50
2007.08.14 14:33:15.411,1.0622,1.0624,9.00,10.50
2007.08.14 14:33:15.443,1.0622,1.0624,8.80,10.80
2007.08.14 14:33:15.665,1.0622,1.0624,8.80,10.70
2007.08.14 14:33:15.750,1.0623,1.0624,4.00,10.70
2007.08.14 14:33:15.917,1.0623,1.0624,4.00,8.00
2007.08.14 14:33:15.938,1.0623,1.0624,4.00,4.00
2007.08.14 14:33:17.266,1.0623,1.0625,4.00,12.00
2007.08.14 14:33:17.872,1.0623,1.0625,4.00,10.40
2007.08.14 14:33:17.885,1.0623,1.0625,4.00,6.40
2007.08.14 14:33:18.792,1.0623,1.0624,4.00,4.00
2007.08.14 14:33:18.877,1.0623,1.0624,4.00,4.10
2007.08.14 14:33:18.985,1.0623,1.0624,4.00,4.20
2007.08.14 14:33:19.004,1.0622,1.0624,30.30,4.20
2007.08.14 14:33:19.093,1.0622,1.0624,30.30,5.20
2007.08.14 14:33:19.106,1.0622,1.0624,30.30,6.00
2007.08.14 14:33:19.198,1.0623,1.0624,0.50,5.10
2007.08.14 14:33:19.297,1.0622,1.0624,27.90,7.50
2007.08.14 14:33:19.315,1.0623,1.0624,0.60,8.30
2007.08.14 14:33:19.422,1.0622,1.0624,27.90,6.70
2007.08.14 14:33:19.514,1.0623,1.0624,1.30,5.90
2007.08.14 14:33:19.724,1.0622,1.0624,27.90,7.20
2007.08.14 14:33:19.847,1.0623,1.0624,1.30,5.60
2007.08.14 14:33:19.980,1.0623,1.0624,2.30,6.40
2007.08.14 14:33:20.275,1.0623,1.0624,1.90,8.80
2007.08.14 14:33:20.335,1.0622,1.0624,2.00,8.80
2007.08.14 14:33:20.360,1.0622,1.0624,4.40,8.80
2007.08.14 14:33:20.575,1.0621,1.0624,44.30,8.80
2007.08.14 14:33:20.654,1.0622,1.0624,5.50,8.00
2007.08.14 14:33:20.678,1.0621,1.0624,44.50,6.40
2007.08.14 14:33:20.769,1.0621,1.0624,45.30,5.60
2007.08.14 14:33:20.807,1.0622,1.0624,30.50,5.60
2007.08.14 14:33:20.854,1.0624,1.06245,0.80,4.00
2007.08.14 14:33:21.356,1.0623,1.0624,1.30,3.20
2007.08.14 14:33:21.458,1.0623,1.0625,6.40,8.00
2007.08.14 14:33:21.482,1.0623,1.0625,6.40,7.20
2007.08.14 14:33:21.780,1.0622,1.0625,15.00,7.20
2007.08.14 14:33:21.794,1.0623,1.0625,2.30,7.20
2007.08.14 14:33:21.898,1.0622,1.0625,32.40,7.20
2007.08.14 14:33:22.124,1.0622,1.0625,32.40,3.20
2007.08.14 14:33:22.198,1.0622,1.0625,21.20,3.20
2007.08.14 14:33:22.557,1.0623,1.0625,1.80,4.00
2007.08.14 14:33:23.185,1.0622,1.0625,17.20,3.20
2007.08.14 14:33:23.370,1.0622,1.0624,15.60,1.80
2007.08.14 14:33:23.420,1.0622,1.0624,17.20,2.60
2007.08.14 14:33:23.500,1.0622,1.0624,16.90,3.40
2007.08.14 14:33:24.105,1.0622,1.0624,16.60,3.40
2007.08.14 14:33:24.217,1.0622,1.0624,16.60,3.40
2007.08.14 14:33:24.333,1.0622,1.0624,39.00,6.60
2007.08.14 14:33:25.714,1.0623,1.0624,2.40,7.40
2007.08.14 14:33:25.893,1.0621,1.0624,48.10,7.40
2007.08.14 14:33:25.916,1.0622,1.0624,9.60,10.00
2007.08.14 14:33:26.086,1.0621,1.0624,45.90,9.20
2007.08.14 14:33:26.197,1.0623,1.0624,1.50,8.40
2007.08.14 14:33:26.252,1.0622,1.0624,17.70,7.50
2007.08.14 14:33:26.337,1.0623,1.0624,2.10,5.00
2007.08.14 14:33:26.522,1.0622,1.0624,21.70,5.80
2007.08.14 14:33:26.541,1.0622,1.0624,21.70,6.60
2007.08.14 14:33:26.709,1.0621,1.0624,48.20,6.60
2007.08.14 14:33:26.780,1.0621,1.0624,44.80,17.10
2007.08.14 14:33:26.902,1.0622,1.0624,4.40,21.10
2007.08.14 14:33:27.077,1.0622,1.0623,4.70,0.30
2007.08.14 14:33:27.234,1.0622,1.0623,7.20,0.30
2007.08.14 14:33:27.316,1.0622,1.0623,3.50,0.30
2007.08.14 14:33:27.388,1.0621,1.0624,43.40,7.20
2007.08.14 14:33:27.442,1.0621,1.0624,44.20,6.40
2007.08.14 14:33:27.473,1.0624,1.0625,1.10,12.00
2007.08.14 14:33:27.490,1.0624,1.0625,1.30,12.00
2007.08.14 14:33:27.518,1.0623,1.0625,28.70,12.80
2007.08.14 14:33:27.587,1.0624,1.0625,2.20,13.60
2007.08.14 14:33:27.635,1.0623,1.0625,28.70,12.80
2007.08.14 14:33:27.683,1.0624,1.0625,1.40,14.40
2007.08.14 14:33:27.740,1.0622,1.06245,39.50,4.00
2007.08.14 14:33:27.795,1.0621,1.0624,47.00,0.50
2007.08.14 14:33:27.928,1.0622,1.0624,4.10,1.60
2007.08.14 14:33:27.952,1.0621,1.0624,40.50,2.40
2007.08.14 14:33:27.988,1.0621,1.0624,38.90,3.20
2007.08.14 14:33:28.022,1.0622,1.0624,1.90,3.20
2007.08.14 14:33:28.269,1.0621,1.0624,35.40,3.20
2007.08.14 14:33:28.279,1.06215,1.0624,16.00,2.40
2007.08.14 14:33:28.349,1.0622,1.0624,1.80,1.20
2007.08.14 14:33:28.361,1.0623,1.0624,1.00,0.60
2007.08.14 14:33:28.447,1.0622,1.0624,21.20,0.20
2007.08.14 14:33:28.554,1.0623,1.0625,0.50,8.00
2007.08.14 14:33:28.767,1.06215,1.0624,16.00,4.00
2007.08.14 14:33:28.795,1.0622,1.0624,4.20,8.80
2007.08.14 14:33:28.861,1.0621,1.0624,27.20,9.60
2007.08.14 14:33:28.875,1.0622,1.0624,4.00,14.40
2007.08.14 14:33:28.990,1.0622,1.0624,0.70,14.40
2007.08.14 14:33:29.313,1.0621,1.0624,28.30,14.50
2007.08.14 14:33:29.955,1.0621,1.0624,28.30,14.70
2007.08.14 14:33:31.438,1.0621,1.0624,28.40,14.60
2007.08.14 14:33:31.652,1.0621,1.0624,28.40,14.80
2007.08.14 14:33:31.793,1.0621,1.0624,28.40,10.80
2007.08.14 14:33:31.871,1.0621,1.0624,28.40,7.40
2007.08.14 14:33:32.724,1.0622,1.0624,1.00,7.60
2007.08.14 14:33:33.338,1.0621,1.0624,28.40,7.50
2007.08.14 14:33:34.037,1.0622,1.0624,1.00,7.20
2007.08.14 14:33:34.798,1.0621,1.0624,38.10,7.20
2007.08.14 14:33:34.909,1.0621,1.0624,43.20,6.30
2007.08.14 14:33:34.942,1.0621,1.0624,48.00,5.50
2007.08.14 14:33:34.997,1.0621,1.0624,48.00,5.30
2007.08.14 14:33:35.045,1.0623,1.0624,0.50,4.50
2007.08.14 14:33:36.920,1.0623,1.0624,1.80,4.40
2007.08.14 14:33:37.351,1.0623,1.0624,1.60,5.60
2007.08.14 14:33:37.429,1.0622,1.0624,11.30,5.60
2007.08.14 14:33:37.459,1.0621,1.0624,50.30,5.90
2007.08.14 14:33:37.532,1.0621,1.0624,45.50,6.70
2007.08.14 14:33:37.543,1.0621,1.0624,45.50,7.50
2007.08.14 14:33:37.574,1.0621,1.0624,44.50,7.50
2007.08.14 14:33:37.775,1.0622,1.0624,1.60,7.50
2007.08.14 14:33:39.277,1.0622,1.0624,27.30,7.50
2007.08.14 14:33:39.346,1.0622,1.0624,33.80,5.60
2007.08.14 14:33:39.392,1.0623,1.0624,1.50,4.80
2007.08.14 14:33:39.555,1.0622,1.0624,34.50,4.00
2007.08.14 14:33:40.708,1.0621,1.0624,49.20,4.00
2007.08.14 14:33:40.781,1.0624,1.0625,1.50,16.00
2007.08.14 14:33:40.816,1.0624,1.0625,1.20,13.60
2007.08.14 14:33:40.875,1.0623,1.0625,30.30,9.60
2007.08.14 14:33:40.993,1.0623,1.0625,35.20,6.40
2007.08.14 14:33:41.016,1.0624,1.0625,1.70,5.60
2007.08.14 14:33:41.107,1.0623,1.0625,36.90,4.80
2007.08.14 14:33:41.736,1.0623,1.0625,41.10,4.00
2007.08.14 14:33:41.932,1.0623,1.0625,38.30,4.80
2007.08.14 14:33:41.961,1.0624,1.0625,0.50,5.60
2007.08.14 14:33:42.143,1.0623,1.0625,37.50,5.60
2007.08.14 14:33:42.254,1.0624,1.0625,2.00,6.40
2007.08.14 14:33:42.591,1.0623,1.0625,37.50,5.60
2007.08.14 14:33:42.657,1.0623,1.0625,37.50,4.80
2007.08.14 14:33:42.698,1.0623,1.0625,37.50,4.00
2007.08.14 14:33:42.757,1.0623,1.0625,2.80,4.00
2007.08.14 14:33:42.816,1.0624,1.0626,15.90,24.00
2007.08.14 14:33:42.870,1.0624,1.0626,15.90,21.60
2007.08.14 14:33:42.964,1.0625,1.0626,0.80,17.60
2007.08.14 14:33:43.002,1.0624,1.0626,24.10,9.60
2007.08.14 14:33:43.122,1.0624,1.0626,24.10,8.80
2007.08.14 14:33:43.281,1.0624,1.0626,4.30,8.80
2007.08.14 14:33:43.331,1.0624,1.0626,4.70,2.40
2007.08.14 14:33:43.516,1.0624,1.0626,5.90,2.40
2007.08.14 14:33:43.630,1.0623,1.0626,42.00,12.80
2007.08.14 14:33:43.664,1.0623,1.0626,37.20,12.80
2007.08.14 14:33:44.813,1.0624,1.0626,6.80,12.80
2007.08.14 14:33:45.292,1.0623,1.0626,35.50,12.80
2007.08.14 14:33:46.556,1.0624,1.0626,0.90,13.10
2007.08.14 14:33:47.245,1.0623,1.0626,34.70,13.30
2007.08.14 14:33:48.263,1.0624,1.0626,11.90,17.30
2007.08.14 14:33:48.273,1.0624,1.0626,12.00,27.80
2007.08.14 14:33:48.375,1.0624,1.0626,12.00,27.00
2007.08.14 14:33:48.478,1.0624,1.0626,12.00,26.80
2007.08.14 14:33:48.590,1.0624,1.0626,12.00,27.60
2007.08.14 14:33:48.911,1.0624,1.0626,4.00,27.60
2007.08.14 14:33:49.331,1.0624,1.0626,11.90,17.10
2007.08.14 14:33:49.341,1.0624,1.0626,11.90,13.10
2007.08.14 14:33:50.073,1.0624,1.0626,11.90,12.80
2007.08.14 14:33:50.155,1.0624,1.0626,11.90,12.10
2007.08.14 14:33:50.249,1.0624,1.0626,11.90,12.00
2007.08.14 14:33:50.358,1.0624,1.0626,11.90,12.80
2007.08.14 14:33:50.955,1.0624,1.0625,11.90,0.80
2007.08.14 14:33:51.001,1.0624,1.0625,11.90,1.60
2007.08.14 14:33:51.109,1.0624,1.0625,11.90,1.60
2007.08.14 14:33:51.205,1.0624,1.0625,11.90,1.60
2007.08.14 14:33:51.223,1.0624,1.0625,11.90,0.80
2007.08.14 14:33:51.270,1.0624,1.0626,11.90,13.90
2007.08.14 14:33:51.323,1.0624,1.0626,4.00,24.60
2007.08.14 14:33:51.473,1.0624,1.0626,4.00,28.60
2007.08.14 14:33:51.772,1.0624,1.0626,4.00,24.60
2007.08.14 14:33:51.857,1.0624,1.0626,11.90,14.80
2007.08.14 14:33:51.965,1.0624,1.0626,11.90,14.00
2007.08.14 14:33:52.163,1.0624,1.0626,11.90,13.20
2007.08.14 14:33:52.282,1.0624,1.0626,11.90,12.40
2007.08.14 14:33:52.491,1.0624,1.0626,11.90,12.00
2007.08.14 14:33:52.607,1.0624,1.0626,11.90,12.60
2007.08.14 14:33:54.252,1.0625,1.0626,4.00,12.60
2007.08.14 14:33:54.480,1.0625,1.0626,4.00,10.20
2007.08.14 14:33:54.803,1.0625,1.0626,4.00,6.20
2007.08.14 14:33:56.152,1.0625,1.0626,4.00,10.20
2007.08.14 14:33:56.266,1.0625,1.0626,4.00,6.20
2007.08.14 14:33:58.290,1.0625,1.0626,4.00,6.50
2007.08.14 14:33:58.372,1.0625,1.0626,4.00,5.90
2007.08.14 14:33:58.683,1.0625,1.0626,4.00,6.70
2007.08.14 14:33:58.790,1.0625,1.0626,4.00,5.90
2007.08.14 14:33:58.814,1.0625,1.0626,4.00,4.80
2007.08.14 14:33:58.884,1.0625,1.0626,4.00,4.00
2007.08.14 14:33:59.245,1.0625,1.0626,4.00,8.00
2007.08.14 14:34:00.843,1.0625,1.0626,4.00,4.00
2007.08.14 14:34:01.372,1.0625,1.0626,4.00,8.00
2007.08.14 14:34:03.067,1.0625,1.0626,4.00,8.40
2007.08.14 14:34:04.196,1.0625,1.0626,4.00,4.40
2007.08.14 14:34:05.354,1.0625,1.0626,4.00,4.00
2007.08.14 14:34:08.022,1.0625,1.0626,4.30,4.00
2007.08.14 14:34:08.331,1.0625,1.0627,4.50,16.00
2007.08.14 14:34:08.444,1.0625,1.0627,6.10,8.80
2007.08.14 14:34:08.494,1.0625,1.0627,6.90,6.40
2007.08.14 14:34:08.538,1.0625,1.0627,7.40,6.40
2007.08.14 14:34:09.293,1.0625,1.0627,7.40,5.60
2007.08.14 14:34:09.417,1.0625,1.0627,7.40,4.80
2007.08.14 14:34:09.491,1.0625,1.0627,7.60,4.80
2007.08.14 14:34:09.554,1.0625,1.0627,7.60,4.00
2007.08.14 14:34:09.842,1.0626,1.0627,4.00,4.00
2007.08.14 14:34:10.234,1.0626,1.0628,4.00,27.30
2007.08.14 14:34:10.348,1.0626,1.0628,4.00,23.30
2007.08.14 14:34:10.445,1.0626,1.0628,4.00,23.80
2007.08.14 14:34:11.409,1.0626,1.0628,4.00,23.00
2007.08.14 14:34:13.324,1.0626,1.0628,4.00,22.20
2007.08.14 14:34:13.365,1.0626,1.0628,11.90,13.20
2007.08.14 14:34:13.528,1.0626,1.0628,11.90,14.00
2007.08.14 14:34:13.538,1.0626,1.0628,11.90,10.00
2007.08.14 14:34:13.578,1.0626,1.0628,11.90,11.00
2007.08.14 14:34:14.667,1.0626,1.0628,11.90,10.20
2007.08.14 14:34:14.774,1.0626,1.0628,11.90,11.00
2007.08.14 14:34:15.638,1.0626,1.0628,11.90,10.60
2007.08.14 14:34:17.183,1.0626,1.0628,1.10,10.60
2007.08.14 14:34:17.297,1.0626,1.0628,4.60,10.60
2007.08.14 14:34:17.815,1.0626,1.0628,5.10,10.40
2007.08.14 14:34:19.687,1.0625,1.0628,35.90,7.20
2007.08.14 14:34:19.698,1.0626,1.0628,4.90,6.40
2007.08.14 14:34:19.771,1.0626,1.0628,2.60,5.60
2007.08.14 14:34:20.628,1.0625,1.0628,36.20,5.60
2007.08.14 14:34:21.560,1.0625,1.0628,35.90,5.60
2007.08.14 14:34:21.870,1.0626,1.0628,11.40,5.60
2007.08.14 14:34:21.882,1.0625,1.0628,40.20,4.00
2007.08.14 14:34:22.798,1.0627,1.0628,1.70,4.00
2007.08.14 14:34:22.895,1.0627,1.06285,1.90,4.00
2007.08.14 14:34:23.203,1.0626,1.0629,42.50,28.80
2007.08.14 14:34:23.303,1.0627,1.0629,0.70,27.20
2007.08.14 14:34:23.311,1.0626,1.0629,42.50,23.20
2007.08.14 14:34:23.408,1.0627,1.0629,2.00,7.20
2007.08.14 14:34:23.525,1.0627,1.0629,2.20,4.80
2007.08.14 14:34:23.741,1.0626,1.0629,38.50,0.80
2007.08.14 14:34:23.819,1.0627,1.0629,6.40,0.80
2007.08.14 14:34:23.943,1.0627,1.0629,36.50,0.80
2007.08.14 14:34:24.188,1.0628,1.063,5.70,21.80
2007.08.14 14:34:24.342,1.0627,1.063,40.50,21.80
2007.08.14 14:34:24.363,1.0628,1.063,4.70,17.80
2007.08.14 14:34:24.468,1.0627,1.063,40.50,13.80
2007.08.14 14:34:25.056,1.0627,1.063,38.90,13.80
2007.08.14 14:34:25.935,1.0628,1.063,0.80,13.70
2007.08.14 14:34:29.448,1.0628,1.063,3.70,12.10
2007.08.14 14:34:30.556,1.0627,1.063,40.10,12.10
2007.08.14 14:34:30.613,1.0627,1.063,41.80,12.10
2007.08.14 14:34:30.651,1.0628,1.063,8.00,12.10
2007.08.14 14:34:30.829,1.0628,1.063,7.00,9.70
2007.08.14 14:34:30.930,1.0627,1.063,45.40,9.70
2007.08.14 14:34:31.900,1.0627,1.063,45.40,8.10
2007.08.14 14:34:32.202,1.0627,1.063,47.00,8.10
2007.08.14 14:34:32.210,1.0627,1.063,47.80,8.10
2007.08.14 14:34:32.830,1.0627,1.063,46.20,8.10
2007.08.14 14:34:32.927,1.0629,1.063,2.10,4.10
2007.08.14 14:34:33.354,1.0628,1.063,43.40,4.10
2007.08.14 14:34:34.168,1.0628,1.063,43.40,3.30
2007.08.14 14:34:35.887,1.0628,1.063,45.00,3.30
2007.08.14 14:34:35.982,1.0628,1.063,41.40,3.30
2007.08.14 14:34:36.071,1.0629,1.063,2.60,3.30
2007.08.14 14:34:36.921,1.063,1.0631,1.70,11.10
2007.08.14 14:34:37.016,1.0629,1.063,33.30,2.70
2007.08.14 14:34:37.441,1.0628,1.063,47.90,0.30
2007.08.14 14:34:37.553,1.0628,1.063,43.90,0.30
2007.08.14 14:34:37.770,1.0628,1.063,43.70,0.30
2007.08.14 14:34:37.865,1.063,1.0631,23.30,8.60
2007.08.14 14:34:37.948,1.0629,1.0631,24.70,8.60
2007.08.14 14:34:38.694,1.0629,1.0631,38.30,8.60
2007.08.14 14:34:40.282,1.063,1.0631,0.90,8.00
2007.08.14 14:34:40.349,1.0629,1.0631,39.90,8.00
2007.08.14 14:34:40.399,1.063,1.0631,3.10,4.00
2007.08.14 14:34:40.574,1.063,1.0631,6.40,3.20
2007.08.14 14:34:40.603,1.063,1.0631,6.70,0.80
2007.08.14 14:34:40.744,1.0629,1.0632,41.20,7.90
2007.08.14 14:34:40.947,1.0629,1.0632,41.80,7.20
2007.08.14 14:34:41.041,1.063,1.0632,1.20,7.20
2007.08.14 14:34:41.051,1.0629,1.0632,40.10,11.20
2007.08.14 14:34:41.146,1.063,1.0632,5.50,10.40
2007.08.14 14:34:41.266,1.063,1.0632,3.90,10.40
2007.08.14 14:34:41.466,1.063,1.0632,1.00,18.30
2007.08.14 14:34:41.587,1.063,1.0632,1.70,22.30
2007.08.14 14:34:41.875,1.063,1.0632,1.80,22.30
2007.08.14 14:34:42.290,1.063,1.0632,1.30,22.30
2007.08.14 14:34:42.360,1.063,1.0632,0.70,18.30
2007.08.14 14:34:42.373,1.0631,1.0632,1.80,18.30
2007.08.14 14:34:42.408,1.063,1.0632,30.20,10.40
2007.08.14 14:34:42.516,1.063,1.0632,30.40,10.40
2007.08.14 14:34:42.612,1.063,1.0632,32.80,8.00
2007.08.14 14:34:42.734,1.0631,1.0632,1.90,8.00
2007.08.14 14:34:42.820,1.0631,1.0632,1.00,8.00
2007.08.14 14:34:42.938,1.063,1.0633,19.60,18.00
2007.08.14 14:34:43.106,1.063,1.0633,19.60,17.20
2007.08.14 14:34:43.140,1.063,1.0632,37.90,8.00
2007.08.14 14:34:43.463,1.063,1.0632,22.30,8.00
2007.08.14 14:34:43.577,1.063,1.0632,22.40,8.00
2007.08.14 14:34:47.439,1.0631,1.0632,4.40,8.00
2007.08.14 14:34:47.482,1.0631,1.0632,4.60,8.00
2007.08.14 14:34:47.576,1.0631,1.0632,4.80,8.00
2007.08.14 14:34:47.700,1.0631,1.0632,4.80,8.00
2007.08.14 14:34:48.017,1.0631,1.0633,4.80,20.00
2007.08.14 14:34:49.142,1.0631,1.0633,4.80,19.20
2007.08.14 14:34:49.383,1.0631,1.0633,4.80,13.60
2007.08.14 14:34:51.631,1.0631,1.0633,6.00,13.60
2007.08.14 14:34:51.726,1.0631,1.0633,5.00,13.60
2007.08.14 14:34:52.363,1.0631,1.0633,5.00,10.40
2007.08.14 14:34:52.484,1.0631,1.0633,6.00,10.40
2007.08.14 14:34:52.496,1.0631,1.0633,6.80,8.00
2007.08.14 14:34:52.578,1.0631,1.0633,7.30,8.00
2007.08.14 14:34:53.350,1.0631,1.0633,8.10,4.00
2007.08.14 14:34:54.548,1.0632,1.0633,0.20,4.00
2007.08.14 14:34:56.113,1.0631,1.0633,8.10,4.00
2007.08.14 14:34:56.346,1.0631,1.0633,7.60,4.00
2007.08.14 14:34:56.772,1.0632,1.0633,0.50,4.00
2007.08.14 14:34:56.883,1.0632,1.0633,0.50,4.00
2007.08.14 14:34:57.322,1.0632,1.0633,2.10,4.00
2007.08.14 14:34:57.451,1.0632,1.0633,4.00,4.00
2007.08.14 14:34:57.847,1.0632,1.0633,3.90,4.00
2007.08.14 14:34:57.954,1.0632,1.0633,7.90,4.00
2007.08.14 14:34:58.080,1.0632,1.0633,8.30,4.00
2007.08.14 14:34:58.922,1.0632,1.0633,8.30,8.00
2007.08.14 14:34:59.028,1.0632,1.0634,8.30,19.20
2007.08.14 14:34:59.397,1.0632,1.0634,8.30,17.60
2007.08.14 14:34:59.504,1.0632,1.0634,8.30,13.60
2007.08.14 14:35:00.627,1.0632,1.0634,7.50,13.60
2007.08.14 14:35:00.646,1.0632,1.0634,6.70,13.60
2007.08.14 14:35:00.669,1.0632,1.0634,4.20,13.60
2007.08.14 14:35:00.773,1.0632,1.0634,4.00,13.60
2007.08.14 14:35:01.545,1.0632,1.0634,4.40,13.60
2007.08.14 14:35:03.028,1.0633,1.0634,4.00,13.60
2007.08.14 14:35:03.637,1.0633,1.0635,4.00,39.30
2007.08.14 14:35:03.975,1.0633,1.0634,1.80,32.90
2007.08.14 14:35:04.063,1.0633,1.0634,1.50,38.00
2007.08.14 14:35:04.157,1.0631,1.0634,34.00,43.30
2007.08.14 14:35:07.443,1.0633,1.0634,1.50,40.30
2007.08.14 14:35:07.525,1.0633,1.06345,1.50,17.60
2007.08.14 14:35:08.105,1.0633,1.06345,1.50,16.80
2007.08.14 14:35:09.735,1.0633,1.06345,1.20,16.80
2007.08.14 14:35:09.897,1.0633,1.06345,1.20,16.00
2007.08.14 14:35:09.948,1.0633,1.0634,1.20,0.50
2007.08.14 14:35:10.151,1.0633,1.06345,1.20,14.40
2007.08.14 14:35:12.495,1.0631,1.0634,20.00,0.60
2007.08.14 14:35:12.515,1.0631,1.0634,24.00,36.80
2007.08.14 14:35:12.608,1.0631,1.0634,7.60,30.30
2007.08.14 14:35:12.628,1.0631,1.0634,6.80,31.90
2007.08.14 14:35:12.708,1.0631,1.0633,5.60,0.90
2007.08.14 14:35:12.786,1.0631,1.0634,4.80,31.20
2007.08.14 14:35:12.822,1.0631,1.0634,6.00,30.20
2007.08.14 14:35:12.878,1.0631,1.0634,6.80,29.40
2007.08.14 14:35:12.925,1.0631,1.0634,6.80,31.00
2007.08.14 14:35:12.986,1.0631,1.0633,6.80,0.80
2007.08.14 14:35:13.021,1.0631,1.0634,6.80,22.30
2007.08.14 14:35:13.086,1.0631,1.0634,7.60,22.30
2007.08.14 14:35:13.568,1.0631,1.0633,7.70,0.50
2007.08.14 14:35:14.496,1.0631,1.0633,7.70,0.70
2007.08.14 14:35:14.604,1.0631,1.0633,7.60,0.60
2007.08.14 14:35:14.991,1.0631,1.0633,7.60,0.80
2007.08.14 14:35:15.144,1.0631,1.0633,7.60,0.50
2007.08.14 14:35:15.356,1.0631,1.0634,7.60,35.10
2007.08.14 14:35:16.827,1.0631,1.0634,7.50,34.90
2007.08.14 14:35:17.041,1.0631,1.0634,6.50,34.90
2007.08.14 14:35:17.115,1.0631,1.06335,5.70,10.20
2007.08.14 14:35:17.147,1.0631,1.0633,5.70,0.60
2007.08.14 14:35:17.164,1.0631,1.06335,4.90,12.60
2007.08.14 14:35:17.211,1.0631,1.06335,4.90,13.40
2007.08.14 14:35:17.245,1.0631,1.0633,4.80,26.90
2007.08.14 14:35:17.773,1.0631,1.0633,5.90,28.70
2007.08.14 14:35:17.894,1.0631,1.0633,4.80,28.90
2007.08.14 14:35:18.299,1.0631,1.0632,4.90,0.60
2007.08.14 14:35:18.735,1.0631,1.0633,4.80,28.90
2007.08.14 14:35:18.937,1.0631,1.0633,4.80,29.00
2007.08.14 14:35:19.977,1.0631,1.0633,0.80,35.40
2007.08.14 14:35:20.092,1.0631,1.0632,0.60,0.90
2007.08.14 14:35:20.297,1.0631,1.06325,0.50,8.00
2007.08.14 14:35:20.415,1.063,1.0632,29.80,4.50
2007.08.14 14:35:20.511,1.063,1.0632,28.20,4.90
2007.08.14 14:35:20.629,1.063,1.0631,28.90,0.80
2007.08.14 14:35:20.698,1.063,1.0632,28.10,4.80
2007.08.14 14:35:20.722,1.063,1.0632,27.30,4.80
2007.08.14 14:35:21.041,1.063,1.0632,19.30,4.80
2007.08.14 14:35:21.150,1.063,1.0632,27.30,4.80
2007.08.14 14:35:21.573,1.063,1.0631,27.50,0.80
2007.08.14 14:35:22.202,1.063,1.0632,19.50,4.80
2007.08.14 14:35:25.436,1.063,1.0632,19.50,0.80
2007.08.14 14:35:27.949,1.063,1.0632,19.60,0.80
2007.08.14 14:35:29.904,1.063,1.06325,18.30,8.20
2007.08.14 14:35:29.972,1.063,1.06325,14.30,14.60
2007.08.14 14:35:30.008,1.0629,1.063,12.80,0.50
2007.08.14 14:35:30.026,1.0629,1.063,12.00,0.70
2007.08.14 14:35:30.078,1.0629,1.0631,10.40,11.80
2007.08.14 14:35:30.105,1.0629,1.0631,6.40,11.80
2007.08.14 14:35:30.224,1.0629,1.0631,4.00,12.20
2007.08.14 14:35:30.484,1.0628,1.063,14.40,0.60
2007.08.14 14:35:30.523,1.0628,1.0631,35.90,39.50
2007.08.14 14:35:30.952,1.0628,1.0631,31.90,45.30
2007.08.14 14:35:31.093,1.0628,1.063,27.90,0.80
2007.08.14 14:35:34.082,1.0628,1.063,26.30,5.20
2007.08.14 14:35:34.102,1.0628,1.063,18.40,13.50
2007.08.14 14:35:34.125,1.0628,1.063,18.40,17.50
2007.08.14 14:35:34.205,1.0628,1.063,4.00,9.60
2007.08.14 14:35:34.317,1.0628,1.0629,4.00,4.00
2007.08.14 14:35:35.603,1.0628,1.063,4.10,8.00
2007.08.14 14:35:35.615,1.0628,1.063,4.10,4.00
2007.08.14 14:35:38.645,1.0628,1.063,0.20,4.00
2007.08.14 14:35:40.492,1.0628,1.063,5.70,4.00
2007.08.14 14:35:40.573,1.0628,1.063,24.90,4.00
2007.08.14 14:35:40.602,1.0628,1.063,25.70,4.00
2007.08.14 14:35:40.833,1.0627,1.063,47.60,4.00
2007.08.14 14:35:41.109,1.0628,1.0631,41.80,15.50
2007.08.14 14:35:41.184,1.0628,1.0631,41.80,11.50
2007.08.14 14:35:41.211,1.0628,1.0631,41.80,7.50
2007.08.14 14:35:41.324,1.0628,1.0631,33.80,5.10
2007.08.14 14:35:41.532,1.0628,1.0631,33.80,4.90
2007.08.14 14:35:41.848,1.0628,1.0631,33.80,5.10
2007.08.14 14:35:42.110,1.0628,1.0631,33.80,4.30
2007.08.14 14:35:45.322,1.0628,1.0631,33.80,4.10
2007.08.14 14:35:45.435,1.0629,1.0631,4.00,4.10
2007.08.14 14:35:47.526,1.0629,1.0631,4.00,16.30
2007.08.14 14:35:47.637,1.0629,1.0631,4.00,18.80
2007.08.14 14:35:47.851,1.0629,1.0631,4.00,18.90
2007.08.14 14:35:48.103,1.0629,1.0631,4.00,22.90
2007.08.14 14:35:48.599,1.0629,1.063,4.00,4.00
2007.08.14 14:35:51.145,1.0629,1.0631,4.00,4.40
2007.08.14 14:35:54.598,1.0628,1.0631,30.00,4.00
2007.08.14 14:35:58.350,1.0629,1.06315,16.10,4.00
2007.08.14 14:35:58.455,1.0629,1.0631,16.10,4.00
2007.08.14 14:35:59.056,1.0629,1.0631,20.10,4.00
2007.08.14 14:36:00.016,1.0631,1.0632,3.20,26.50
2007.08.14 14:36:05.224,1.063,1.0631,8.00,0.70
2007.08.14 14:36:05.534,1.063,1.0631,18.60,0.70
2007.08.14 14:36:05.553,1.063,1.0631,25.00,0.70
2007.08.14 14:36:05.641,1.063,1.0632,37.90,6.70
2007.08.14 14:36:05.762,1.063,1.0632,36.60,8.00
2007.08.14 14:36:05.858,1.063,1.0632,36.40,8.00
2007.08.14 14:36:05.955,1.063,1.0632,40.40,8.00
2007.08.14 14:36:06.063,1.0631,1.0632,7.90,4.00
2007.08.14 14:36:06.369,1.0631,1.0632,8.00,4.00
2007.08.14 14:36:06.395,1.0631,1.0633,8.00,17.60
2007.08.14 14:36:06.566,1.0631,1.0633,8.00,16.80
2007.08.14 14:36:06.631,1.0631,1.0633,8.00,16.70
2007.08.14 14:36:06.673,1.0631,1.0633,8.00,12.70
2007.08.14 14:36:06.741,1.0631,1.0633,10.40,10.30
2007.08.14 14:36:09.136,1.0631,1.0633,0.20,6.30
2007.08.14 14:36:09.228,1.0631,1.0633,0.20,7.10
2007.08.14 14:36:09.247,1.063,1.0633,7.70,13.00
2007.08.14 14:36:09.365,1.063,1.0632,31.60,4.00
2007.08.14 14:36:09.458,1.063,1.0632,27.60,4.00
2007.08.14 14:36:09.781,1.063,1.0632,29.20,4.00
2007.08.14 14:36:09.892,1.063,1.0633,17.20,10.40
2007.08.14 14:36:09.952,1.063,1.0633,17.20,6.40
2007.08.14 14:36:10.118,1.063,1.0633,14.80,7.20
2007.08.14 14:36:10.225,1.063,1.0632,27.60,4.00
2007.08.14 14:36:13.070,1.063,1.0632,27.40,4.00
2007.08.14 14:36:21.124,1.0629,1.0632,50.00,4.00
2007.08.14 14:36:23.768,1.0629,1.0632,50.20,4.00
2007.08.14 14:36:24.614,1.063,1.0633,28.40,12.40
2007.08.14 14:36:24.721,1.063,1.0633,33.20,7.60
2007.08.14 14:36:24.736,1.0631,1.0633,2.00,7.20
2007.08.14 14:36:24.767,1.063,1.0633,36.80,4.80
2007.08.14 14:36:24.973,1.0631,1.0633,3.90,4.40
2007.08.14 14:36:25.176,1.0631,1.0633,0.90,8.40
2007.08.14 14:36:25.399,1.0631,1.0633,3.70,8.20
2007.08.14 14:36:25.497,1.0631,1.0633,36.30,8.20
2007.08.14 14:36:25.840,1.0632,1.0633,1.10,8.10
2007.08.14 14:36:25.954,1.0632,1.0633,0.90,8.00
2007.08.14 14:36:34.115,1.0631,1.0633,11.60,8.00
2007.08.14 14:36:34.134,1.063,1.0633,53.30,8.40
2007.08.14 14:36:34.232,1.063,1.0633,41.40,9.70
2007.08.14 14:36:34.299,1.063,1.0633,33.40,10.50
2007.08.14 14:36:34.308,1.063,1.0633,32.60,11.30
2007.08.14 14:36:34.617,1.063,1.0633,35.80,15.50
2007.08.14 14:36:34.640,1.063,1.0633,16.70,11.70
2007.08.14 14:36:34.759,1.0631,1.0632,1.40,4.00
2007.08.14 14:36:37.673,1.0631,1.0632,2.10,4.00
2007.08.14 14:36:37.963,1.063,1.0633,36.00,27.80
2007.08.14 14:36:38.714,1.063,1.0633,44.00,27.80
2007.08.14 14:36:44.166,1.063,1.0634,48.40,44.00
2007.08.14 14:36:47.424,1.063,1.0634,42.80,44.00
2007.08.14 14:36:47.837,1.0631,1.0633,0.50,0.90
2007.08.14 14:36:48.128,1.0629,1.06335,58.00,26.80
2007.08.14 14:36:48.159,1.0629,1.06335,46.90,34.80
2007.08.14 14:36:48.266,1.063,1.06325,0.50,0.80
2007.08.14 14:36:48.791,1.0629,1.0633,46.90,40.10
2007.08.14 14:36:49.896,1.063,1.0632,0.90,0.30
2007.08.14 14:36:54.067,1.063,1.06325,35.40,4.70
2007.08.14 14:36:54.087,1.063,1.06325,35.40,5.50
2007.08.14 14:36:54.170,1.063,1.0632,33.60,0.70
2007.08.14 14:36:54.281,1.063,1.06325,33.60,6.80
2007.08.14 14:36:54.327,1.063,1.06325,33.60,7.60
2007.08.14 14:36:54.380,1.063,1.06325,33.60,7.60
2007.08.14 14:36:54.489,1.063,1.0632,33.20,0.70
2007.08.14 14:36:54.900,1.063,1.06325,25.20,7.60
2007.08.14 14:36:55.497,1.063,1.06325,24.70,8.00
2007.08.14 14:36:56.078,1.0631,1.06325,4.00,7.20
2007.08.14 14:36:56.118,1.0631,1.06325,4.00,5.60
2007.08.14 14:36:56.175,1.0631,1.0632,4.00,0.50
2007.08.14 14:36:56.216,1.0631,1.0632,4.00,0.70
2007.08.14 14:36:56.262,1.0631,1.0633,4.00,32.60
2007.08.14 14:36:56.280,1.0631,1.0633,4.00,31.90
2007.08.14 14:36:57.570,1.0631,1.0632,4.00,0.60
2007.08.14 14:37:01.119,1.0631,1.0632,4.00,0.50
2007.08.14 14:37:02.591,1.0631,1.0633,4.00,26.60
2007.08.14 14:37:04.097,1.063,1.0633,35.80,26.60
2007.08.14 14:37:04.234,1.063,1.0633,31.40,31.40
2007.08.14 14:37:04.440,1.063,1.06325,31.30,4.70
2007.08.14 14:37:04.749,1.063,1.0632,35.30,0.70
2007.08.14 14:37:07.155,1.0631,1.06325,4.00,4.70
2007.08.14 14:37:10.552,1.0632,1.06335,3.20,28.30
2007.08.14 14:37:10.872,1.0632,1.06335,3.20,28.20
2007.08.14 14:37:11.623,1.0632,1.0633,3.20,27.30
2007.08.14 14:37:12.359,1.0632,1.0633,3.20,27.60
2007.08.14 14:37:13.938,1.0632,1.0633,3.20,27.50
2007.08.14 14:37:21.012,1.0632,1.0633,3.20,27.20
2007.08.14 14:37:22.003,1.0631,1.0633,4.00,26.40
2007.08.14 14:37:22.070,1.0631,1.0633,5.00,25.50
2007.08.14 14:37:22.098,1.0631,1.0633,5.00,24.70
2007.08.14 14:37:22.168,1.0631,1.0633,5.00,23.90
2007.08.14 14:37:22.311,1.0631,1.0633,5.80,23.90
2007.08.14 14:37:22.347,1.0631,1.0633,6.60,23.90
2007.08.14 14:37:22.401,1.0631,1.0633,6.80,23.90
2007.08.14 14:37:22.479,1.0631,1.0633,7.60,23.90
2007.08.14 14:37:22.521,1.0631,1.0633,7.50,23.90
2007.08.14 14:37:22.820,1.0631,1.0633,18.00,13.60
2007.08.14 14:37:22.841,1.0631,1.0633,18.00,12.00
2007.08.14 14:37:22.936,1.0631,1.0633,17.60,12.00
2007.08.14 14:37:23.420,1.0631,1.0633,17.60,8.00
2007.08.14 14:37:23.679,1.0631,1.0633,25.60,8.00
2007.08.14 14:37:23.889,1.0631,1.0633,24.80,8.00
2007.08.14 14:37:23.972,1.0631,1.0633,24.00,8.00
2007.08.14 14:37:23.985,1.0631,1.0633,23.40,8.00
2007.08.14 14:37:24.092,1.0631,1.0633,23.50,8.10
2007.08.14 14:37:24.163,1.0631,1.0633,22.70,8.10
2007.08.14 14:37:24.201,1.0631,1.0633,22.70,8.40
2007.08.14 14:37:24.273,1.0631,1.0633,18.70,8.40
2007.08.14 14:37:24.307,1.0631,1.0633,10.80,8.40
2007.08.14 14:37:24.408,1.0631,1.0633,10.80,12.40
2007.08.14 14:37:24.436,1.0631,1.0633,2.40,9.60
2007.08.14 14:37:24.482,1.0631,1.0633,2.40,10.40
2007.08.14 14:37:24.541,1.0631,1.0633,2.40,10.40
2007.08.14 14:37:24.583,1.0631,1.0633,2.40,9.60
2007.08.14 14:37:24.645,1.063,1.0633,12.60,9.70
2007.08.14 14:37:24.672,1.063,1.0633,11.80,10.50
2007.08.14 14:37:24.754,1.063,1.0633,11.30,10.50
2007.08.14 14:37:24.795,1.063,1.0633,11.30,11.30
2007.08.14 14:37:24.956,1.063,1.0633,8.90,13.70
2007.08.14 14:37:25.710,1.063,1.0633,8.90,17.70
2007.08.14 14:37:25.806,1.063,1.0633,8.90,33.60
2007.08.14 14:37:26.271,1.063,1.06325,8.90,4.00
2007.08.14 14:37:26.308,1.063,1.06325,4.90,4.00
2007.08.14 14:37:26.716,1.063,1.0632,4.90,4.00
2007.08.14 14:37:27.207,1.0631,1.0632,4.00,4.00
2007.08.14 14:37:29.304,1.0631,1.0632,7.20,4.00
2007.08.14 14:37:35.115,1.0631,1.0633,7.20,25.70
2007.08.14 14:37:54.446,1.0631,1.0633,7.20,25.60
2007.08.14 14:37:56.704,1.0631,1.0633,5.40,26.00
2007.08.14 14:37:56.791,1.0631,1.0632,6.40,2.60
2007.08.14 14:37:56.802,1.063,1.0631,36.60,0.80
2007.08.14 14:37:57.104,1.0631,1.0632,6.40,2.60
2007.08.14 14:37:57.113,1.0631,1.0632,6.50,2.40
2007.08.14 14:37:57.208,1.0631,1.0633,6.50,25.10
2007.08.14 14:37:57.305,1.0631,1.0633,6.50,25.90
2007.08.14 14:37:57.420,1.0631,1.0633,6.80,25.90
2007.08.14 14:37:57.737,1.0631,1.0633,9.20,7.60
2007.08.14 14:37:57.821,1.0631,1.0633,9.20,3.60
2007.08.14 14:37:57.833,1.0631,1.0633,9.50,3.40
2007.08.14 14:37:58.036,1.0631,1.0633,9.50,3.30
2007.08.14 14:37:58.252,1.0631,1.0633,27.20,7.30
2007.08.14 14:37:58.259,1.0632,1.0633,4.00,7.30
2007.08.14 14:37:58.318,1.0632,1.0633,4.00,6.50
2007.08.14 14:37:58.360,1.0632,1.0633,4.00,1.20
2007.08.14 14:37:58.366,1.0632,1.0633,4.00,0.50
2007.08.14 14:37:58.453,1.0632,1.0634,4.00,15.90
2007.08.14 14:37:58.562,1.0632,1.0634,4.00,15.80
2007.08.14 14:37:58.788,1.0632,1.0634,6.40,15.80
2007.08.14 14:37:58.873,1.0632,1.0634,26.30,17.40
2007.08.14 14:37:58.896,1.0632,1.0634,26.30,16.60
2007.08.14 14:37:58.911,1.0632,1.0634,26.30,11.80
2007.08.14 14:37:58.988,1.0632,1.0634,29.20,8.20
2007.08.14 14:37:59.143,1.0632,1.0634,29.20,7.40
2007.08.14 14:37:59.213,1.0632,1.0634,29.20,6.60
2007.08.14 14:37:59.387,1.0633,1.0634,4.00,5.00
2007.08.14 14:37:59.515,1.0633,1.0634,4.00,0.60
2007.08.14 14:37:59.720,1.0633,1.0634,4.00,0.50
2007.08.14 14:38:00.473,1.0633,1.0635,22.30,11.20
2007.08.14 14:38:00.666,1.0633,1.0635,26.30,7.20
2007.08.14 14:38:00.726,1.0633,1.0635,26.30,6.40
2007.08.14 14:38:01.145,1.0633,1.0635,28.70,6.40
2007.08.14 14:38:01.215,1.0633,1.0635,28.70,5.60
2007.08.14 14:38:01.495,1.0633,1.0635,24.70,9.60
2007.08.14 14:38:01.550,1.0633,1.0635,22.30,9.60
2007.08.14 14:38:01.860,1.0633,1.0635,22.30,13.60
2007.08.14 14:38:01.920,1.0633,1.0635,4.00,23.90
2007.08.14 14:38:02.438,1.0633,1.0635,19.90,16.00
2007.08.14 14:38:02.610,1.0633,1.0635,19.90,12.00
2007.08.14 14:38:02.647,1.0633,1.0635,22.30,9.60
2007.08.14 14:38:19.801,1.0633,1.0635,22.30,13.60
2007.08.14 14:38:19.840,1.0633,1.0635,4.00,9.60
2007.08.14 14:38:19.949,1.0633,1.0634,4.00,4.00
2007.08.14 14:38:25.980,1.0633,1.0634,6.40,4.00
2007.08.14 14:38:28.259,1.0633,1.0634,2.40,4.00
2007.08.14 14:38:28.317,1.0633,1.0634,2.40,8.10
2007.08.14 14:38:28.431,1.0633,1.0634,2.40,8.70
2007.08.14 14:38:28.635,1.0633,1.0634,2.40,0.50
2007.08.14 14:38:28.741,1.0633,1.0634,2.40,0.50
2007.08.14 14:38:29.257,1.0633,1.06345,2.40,8.80
2007.08.14 14:38:30.392,1.0633,1.06345,2.40,0.70
2007.08.14 14:38:30.442,1.0633,1.06355,6.40,15.20
2007.08.14 14:38:31.741,1.0633,1.06355,6.40,14.40
2007.08.14 14:38:36.446,1.0634,1.06355,2.40,14.40
2007.08.14 14:38:38.341,1.0634,1.06355,2.40,19.20
2007.08.14 14:38:38.443,1.0634,1.0635,2.40,0.60
2007.08.14 14:38:38.535,1.0634,1.0636,2.40,40.20
2007.08.14 14:38:38.594,1.0634,1.06355,2.40,14.40
2007.08.14 14:38:42.036,1.0634,1.0635,2.40,0.70
2007.08.14 14:38:42.860,1.0634,1.06355,2.20,24.70
2007.08.14 14:38:42.951,1.0634,1.06355,1.00,24.70
2007.08.14 14:38:43.830,1.0634,1.0636,1.00,40.90
2007.08.14 14:38:47.834,1.0634,1.0636,1.00,44.10
2007.08.14 14:38:47.950,1.0634,1.0635,0.40,0.50
2007.08.14 14:38:48.043,1.0634,1.0635,0.40,0.70
2007.08.14 14:38:48.152,1.0634,1.0635,0.40,30.50
2007.08.14 14:38:48.311,1.0634,1.06355,0.40,34.50
2007.08.14 14:38:48.363,1.0634,1.06355,0.40,26.60
2007.08.14 14:38:48.459,1.0634,1.06355,0.40,31.10
2007.08.14 14:38:48.575,1.0634,1.06355,0.40,27.10
2007.08.14 14:38:48.857,1.0634,1.06355,0.40,27.90
2007.08.14 14:38:48.871,1.0634,1.0635,0.40,0.50
2007.08.14 14:38:48.992,1.0634,1.06355,0.40,24.70
2007.08.14 14:38:49.011,1.0634,1.06355,0.40,25.50
2007.08.14 14:38:49.380,1.0634,1.0635,0.40,0.90
2007.08.14 14:38:49.532,1.0634,1.06355,0.40,23.10
2007.08.14 14:38:59.566,1.0633,1.0635,4.00,22.30
2007.08.14 14:39:02.923,1.0633,1.0635,12.40,14.40
2007.08.14 14:39:02.994,1.0633,1.0635,12.40,10.40
2007.08.14 14:39:03.019,1.0633,1.0635,23.00,8.00
2007.08.14 14:39:03.344,1.0633,1.0635,25.40,8.00
2007.08.14 14:39:03.436,1.0633,1.0635,29.40,4.00
2007.08.14 14:39:07.443,1.0633,1.0635,30.20,4.00
2007.08.14 14:39:07.479,1.0633,1.0635,31.20,4.00
2007.08.14 14:39:07.575,1.0633,1.0635,32.00,4.00
2007.08.14 14:39:07.916,1.0633,1.06355,36.30,4.00
2007.08.14 14:39:07.999,1.0633,1.0635,32.30,4.00
2007.08.14 14:39:08.301,1.0633,1.06355,36.30,4.00
2007.08.14 14:39:08.914,1.0634,1.06355,6.40,4.00
2007.08.14 14:39:08.934,1.0634,1.06355,19.10,4.00
2007.08.14 14:39:09.032,1.0634,1.06355,21.60,4.00
2007.08.14 14:39:09.134,1.0634,1.06355,15.30,4.00
2007.08.14 14:39:09.434,1.0634,1.0636,15.30,1.60
2007.08.14 14:39:09.617,1.0634,1.0636,15.30,0.80
2007.08.14 14:39:10.362,1.0634,1.06365,15.30,4.00
2007.08.14 14:39:11.064,1.0634,1.06365,15.20,4.00
2007.08.14 14:39:11.876,1.0634,1.0637,15.20,16.80
2007.08.14 14:39:11.911,1.0634,1.0637,15.20,16.80
2007.08.14 14:39:12.003,1.0635,1.0637,4.00,16.80
2007.08.14 14:39:12.029,1.0635,1.0637,4.00,16.90
2007.08.14 14:39:12.271,1.0635,1.0637,4.00,16.10
2007.08.14 14:39:12.426,1.0635,1.0637,4.00,16.00
2007.08.14 14:39:13.768,1.0635,1.0637,4.00,15.80
2007.08.14 14:39:14.031,1.0635,1.0637,4.00,15.90
2007.08.14 14:39:19.369,1.0635,1.0637,4.00,15.80
2007.08.14 14:39:21.442,1.0634,1.0637,16.00,18.20
2007.08.14 14:39:21.453,1.0634,1.0636,21.40,15.90
2007.08.14 14:39:21.554,1.0634,1.0636,16.80,19.40
2007.08.14 14:39:21.615,1.0634,1.0636,16.00,24.20
2007.08.14 14:39:21.665,1.0634,1.0636,16.00,24.40
2007.08.14 14:39:21.865,1.0634,1.0636,12.00,25.20
2007.08.14 14:39:22.364,1.0634,1.0636,14.40,25.20
2007.08.14 14:39:22.404,1.0634,1.0636,14.40,21.20
2007.08.14 14:39:22.471,1.0634,1.0636,26.30,9.20
2007.08.14 14:39:22.564,1.0634,1.0636,26.30,8.90
2007.08.14 14:39:24.167,1.0633,1.0636,48.30,8.90
2007.08.14 14:39:30.367,1.0633,1.0636,44.30,9.00
2007.08.14 14:39:32.865,1.0635,1.0636,0.80,9.00
2007.08.14 14:39:32.926,1.0635,1.0636,1.30,8.20
2007.08.14 14:39:32.957,1.0635,1.0636,0.60,0.80
2007.08.14 14:39:32.967,1.0634,1.0637,14.40,20.40
2007.08.14 14:39:33.064,1.0634,1.0637,15.30,17.90
2007.08.14 14:39:33.165,1.0634,1.0637,15.30,17.10
2007.08.14 14:39:33.477,1.0634,1.0637,15.30,17.00
2007.08.14 14:39:33.626,1.0634,1.0637,15.30,16.20
2007.08.14 14:39:33.900,1.0634,1.0637,15.20,16.00
2007.08.14 14:39:34.923,1.0635,1.0637,18.40,24.00
2007.08.14 14:39:34.990,1.0636,1.0637,1.20,19.20
2007.08.14 14:39:35.008,1.0635,1.0637,18.40,18.40
2007.08.14 14:39:35.030,1.0636,1.0637,0.70,2.40
2007.08.14 14:39:35.242,1.0636,1.0638,0.90,34.00
2007.08.14 14:39:35.340,1.0636,1.0638,1.90,30.00
2007.08.14 14:39:35.615,1.0636,1.0638,1.60,29.20
2007.08.14 14:39:36.587,1.0635,1.0638,44.00,29.00
2007.08.14 14:39:36.696,1.0636,1.0638,1.60,28.90
2007.08.14 14:39:36.795,1.0636,1.0638,1.10,28.70
2007.08.14 14:39:37.466,1.0635,1.0638,5.60,28.70
2007.08.14 14:39:37.537,1.0634,1.0638,55.10,35.00
2007.08.14 14:39:37.669,1.0634,1.06375,51.10,4.00
2007.08.14 14:39:37.939,1.0635,1.0637,1.50,4.00
2007.08.14 14:39:38.037,1.0634,1.0637,48.70,4.00
2007.08.14 14:39:38.417,1.0634,1.0637,47.90,4.00
2007.08.14 14:39:38.426,1.0635,1.0637,10.90,4.00
2007.08.14 14:39:38.554,1.0634,1.0637,45.90,4.00
2007.08.14 14:39:39.409,1.0635,1.0637,12.90,4.00
2007.08.14 14:39:49.333,1.0634,1.06375,40.80,8.00
2007.08.14 14:39:52.444,1.0635,1.06375,38.90,0.60
2007.08.14 14:39:52.465,1.0636,1.0638,4.00,38.40
2007.08.14 14:39:52.643,1.0636,1.0639,4.00,45.20
2007.08.14 14:39:52.652,1.0636,1.0639,4.00,44.90
2007.08.14 14:39:52.772,1.0636,1.0639,4.00,44.90
2007.08.14 14:39:52.970,1.0636,1.0639,4.00,42.70
2007.08.14 14:39:53.521,1.0636,1.0639,4.00,42.70
2007.08.14 14:39:55.270,1.0636,1.0639,4.00,42.60
2007.08.14 14:39:58.941,1.0636,1.0638,4.00,26.80
2007.08.14 14:39:58.948,1.0635,1.0638,44.00,26.80
2007.08.14 14:39:59.080,1.0635,1.0638,40.00,39.80
2007.08.14 14:39:59.181,1.0635,1.06375,36.00,8.00
2007.08.14 14:39:59.384,1.0635,1.06375,32.00,8.00
2007.08.14 14:39:59.468,1.0636,1.06375,4.00,8.00
2007.08.14 14:39:59.798,1.0636,1.0638,4.00,0.90
2007.08.14 14:40:00.675,1.0636,1.0638,4.00,0.60
2007.08.14 14:40:00.942,1.0636,1.0638,8.00,0.60
2007.08.14 14:40:01.013,1.0637,1.0638,4.00,0.60
2007.08.14 14:40:01.038,1.0637,1.0639,4.00,25.00
2007.08.14 14:40:01.109,1.0637,1.0638,4.00,0.90
2007.08.14 14:40:01.117,1.0637,1.0638,4.00,0.80
2007.08.14 14:40:01.423,1.0637,1.064,4.00,48.50
2007.08.14 14:40:01.516,1.0637,1.0639,4.00,0.80
2007.08.14 14:40:02.714,1.0637,1.064,4.00,48.20
2007.08.14 14:40:02.978,1.0636,1.064,16.00,53.80
2007.08.14 14:40:03.117,1.0636,1.0638,15.00,0.70
2007.08.14 14:40:03.136,1.0636,1.0639,15.00,32.20
2007.08.14 14:40:03.189,1.0636,1.0638,14.20,0.70
2007.08.14 14:40:03.335,1.0636,1.0639,13.40,32.20
2007.08.14 14:40:03.453,1.0636,1.0638,12.00,0.60
2007.08.14 14:40:04.494,1.0636,1.0638,19.90,0.80
2007.08.14 14:40:04.590,1.0636,1.0638,19.90,0.70
2007.08.14 14:40:04.634,1.0636,1.06385,19.90,14.40
2007.08.14 14:40:05.009,1.0636,1.06385,12.00,28.60
2007.08.14 14:40:05.028,1.0636,1.06385,12.00,29.40
2007.08.14 14:40:05.146,1.0636,1.0638,12.00,0.60
2007.08.14 14:40:06.121,1.0636,1.0638,12.00,0.50
2007.08.14 14:40:09.056,1.0636,1.0638,12.00,0.60
2007.08.14 14:40:09.247,1.0636,1.0638,12.00,0.70
2007.08.14 14:40:10.479,1.0636,1.06375,12.00,0.80
2007.08.14 14:40:10.496,1.0636,1.06375,4.00,8.00
2007.08.14 14:40:10.510,1.0635,1.06375,34.00,8.00
2007.08.14 14:40:10.609,1.0635,1.0637,31.90,0.60
2007.08.14 14:40:10.678,1.0635,1.06375,31.10,8.00
2007.08.14 14:40:10.735,1.0635,1.06375,30.30,8.00
2007.08.14 14:40:11.023,1.0635,1.0637,26.30,0.80
2007.08.14 14:40:12.978,1.0635,1.0637,18.40,0.80
2007.08.14 14:40:13.074,1.0635,1.0637,12.00,0.80
2007.08.14 14:40:13.335,1.0635,1.0637,12.00,0.80
2007.08.14 14:40:14.023,1.0635,1.0638,4.00,37.50
2007.08.14 14:40:17.446,1.0635,1.0637,4.00,8.90
2007.08.14 14:40:18.073,1.0635,1.0637,4.00,8.80
2007.08.14 14:40:23.579,1.0636,1.0637,4.00,22.30
2007.08.14 14:40:23.673,1.0636,1.0637,4.00,4.00
2007.08.14 14:40:23.743,1.0636,1.0638,4.00,22.10
2007.08.14 14:40:23.792,1.0636,1.0638,4.00,21.20
2007.08.14 14:40:24.216,1.0636,1.0638,4.00,20.20
2007.08.14 14:40:24.410,1.0636,1.0638,4.00,20.40
2007.08.14 14:40:25.261,1.0636,1.0638,4.00,19.60
2007.08.14 14:40:26.700,1.0636,1.0638,4.00,19.40
2007.08.14 14:40:26.851,1.0636,1.0638,4.00,19.30
2007.08.14 14:40:27.336,1.0636,1.0638,4.00,19.50
2007.08.14 14:40:27.757,1.0636,1.0638,4.00,19.30
2007.08.14 14:40:31.662,1.0636,1.0638,4.00,20.50
2007.08.14 14:40:31.707,1.0636,1.06375,4.00,1.10
2007.08.14 14:40:31.772,1.0636,1.06375,4.00,2.30
2007.08.14 14:40:39.889,1.0636,1.06375,2.10,2.30
2007.08.14 14:40:40.161,1.0636,1.0637,1.50,4.00
2007.08.14 14:40:43.553,1.0634,1.0637,62.10,4.00
2007.08.14 14:40:43.590,1.0635,1.0637,6.40,4.00
2007.08.14 14:40:43.658,1.0635,1.0637,2.00,4.00
2007.08.14 14:40:43.702,1.0634,1.0637,52.70,4.00
2007.08.14 14:40:43.777,1.0634,1.0637,47.90,5.10
2007.08.14 14:40:43.809,1.0634,1.0637,47.90,6.30
2007.08.14 14:40:43.853,1.0634,1.0637,47.90,7.50
2007.08.14 14:40:44.116,1.0635,1.0637,12.30,7.50
2007.08.14 14:40:46.057,1.0636,1.0637,2.00,7.50
2007.08.14 14:40:46.588,1.0635,1.0637,31.50,7.40
2007.08.14 14:40:48.007,1.0635,1.0637,15.30,7.40
2007.08.14 14:40:48.136,1.0634,1.0637,51.20,7.40
2007.08.14 14:40:48.149,1.0636,1.0637,4.70,3.40
2007.08.14 14:40:48.265,1.0637,1.0638,1.80,4.10
2007.08.14 14:40:48.417,1.0637,1.0638,1.80,0.90
2007.08.14 14:40:48.488,1.0636,1.0638,14.40,0.20
2007.08.14 14:40:48.517,1.0635,1.0638,42.90,0.20
2007.08.14 14:40:48.559,1.0636,1.0637,0.10,2.40
2007.08.14 14:40:48.680,1.0635,1.0637,9.70,6.40
2007.08.14 14:40:48.746,1.0634,1.06365,38.80,1.10
2007.08.14 14:40:48.769,1.0634,1.06365,34.00,1.10
2007.08.14 14:40:49.030,1.0634,1.06365,34.00,2.20
2007.08.14 14:40:49.287,1.0634,1.06365,29.90,2.20
2007.08.14 14:40:52.569,1.0635,1.06365,1.40,2.20
2007.08.14 14:40:52.616,1.06345,1.06365,12.00,2.20
2007.08.14 14:40:52.629,1.0636,1.06365,2.20,1.10
2007.08.14 14:40:52.722,1.0636,1.0638,2.40,16.90
2007.08.14 14:40:52.822,1.0636,1.0638,0.90,10.50
2007.08.14 14:40:52.855,1.0635,1.0638,21.10,11.60
2007.08.14 14:40:53.176,1.0636,1.0638,0.60,11.90
2007.08.14 14:40:53.253,1.0635,1.0638,29.20,10.30
2007.08.14 14:40:55.698,1.0636,1.0638,1.40,10.80
2007.08.14 14:40:55.740,1.0636,1.0638,2.00,10.10
2007.08.14 14:40:55.828,1.0636,1.0638,1.30,11.70
2007.08.14 14:40:58.719,1.0635,1.0638,29.20,13.30
2007.08.14 14:41:06.911,1.0636,1.0638,1.80,13.60
2007.08.14 14:41:07.677,1.0635,1.0638,28.60,12.00
2007.08.14 14:41:11.198,1.0636,1.0638,4.00,0.50
2007.08.14 14:41:13.230,1.0636,1.0638,4.00,0.80
2007.08.14 14:41:15.845,1.0636,1.06385,4.00,16.00
2007.08.14 14:41:21.969,1.0636,1.06385,4.00,16.00
2007.08.14 14:41:23.319,1.0636,1.0638,4.00,0.60
2007.08.14 14:41:24.463,1.0636,1.0638,4.00,0.70
2007.08.14 14:41:25.249,1.0636,1.0639,4.00,38.30
2007.08.14 14:41:25.275,1.0636,1.0639,4.00,37.50
2007.08.14 14:41:25.376,1.0636,1.0639,4.00,36.70
2007.08.14 14:41:25.393,1.0636,1.0638,4.00,0.70
2007.08.14 14:41:25.534,1.06365,1.0639,4.00,30.90
2007.08.14 14:41:26.106,1.0637,1.0638,0.80,0.70
2007.08.14 14:41:26.399,1.0637,1.0639,4.80,20.00
2007.08.14 14:41:26.428,1.0637,1.0639,4.80,15.70
2007.08.14 14:41:27.041,1.0637,1.0639,4.80,20.00
2007.08.14 14:41:27.757,1.0637,1.06385,4.80,0.80
2007.08.14 14:41:28.078,1.0637,1.0639,4.00,13.60
2007.08.14 14:41:29.633,1.0637,1.06385,6.40,0.90
2007.08.14 14:41:30.677,1.0637,1.06385,14.40,0.70
2007.08.14 14:41:30.764,1.0638,1.06385,4.00,0.60
2007.08.14 14:41:31.164,1.0637,1.0639,10.40,4.80
2007.08.14 14:41:31.206,1.0637,1.06385,14.40,0.60
2007.08.14 14:41:31.263,1.0637,1.064,14.40,25.00
2007.08.14 14:41:31.300,1.0637,1.064,25.90,22.80
2007.08.14 14:41:31.369,1.0637,1.06395,26.70,4.00
2007.08.14 14:41:31.404,1.0637,1.06395,27.50,4.00
2007.08.14 14:41:31.407,1.0637,1.0639,27.60,0.70
2007.08.14 14:41:31.725,1.0638,1.0639,7.90,0.80
2007.08.14 14:41:31.981,1.0639,1.064,4.00,10.30
2007.08.14 14:41:32.212,1.0639,1.064,5.60,10.30
2007.08.14 14:41:32.598,1.0639,1.064,1.60,10.30
2007.08.14 14:41:33.162,1.0639,1.0641,1.60,21.50
2007.08.14 14:41:33.277,1.0639,1.064,0.20,0.50
2007.08.14 14:41:33.679,1.0639,1.064,8.00,0.80
2007.08.14 14:41:33.725,1.064,1.0641,4.00,0.80
2007.08.14 14:41:33.787,1.064,1.06415,4.00,7.30
2007.08.14 14:41:33.830,1.064,1.06415,4.00,6.50
2007.08.14 14:41:33.856,1.064,1.0642,4.00,28.90
2007.08.14 14:41:33.880,1.064,1.0642,4.00,28.90
2007.08.14 14:41:33.926,1.064,1.0641,4.00,2.50
2007.08.14 14:41:34.001,1.064,1.0641,4.10,2.50
2007.08.14 14:41:34.096,1.064,1.06405,4.00,0.60
2007.08.14 14:41:34.137,1.0641,1.0642,4.00,26.60
2007.08.14 14:41:34.217,1.0641,1.0642,4.00,0.50
2007.08.14 14:41:34.302,1.0641,1.0642,4.00,0.70
2007.08.14 14:41:34.436,1.0641,1.0642,4.00,12.00
2007.08.14 14:41:34.543,1.0641,1.0643,4.00,43.80
2007.08.14 14:41:34.638,1.0641,1.0643,4.00,42.20
2007.08.14 14:41:34.852,1.064,1.0642,10.80,0.80
2007.08.14 14:41:35.136,1.064,1.0643,10.80,43.00
2007.08.14 14:41:35.184,1.064,1.0642,10.90,0.50
2007.08.14 14:41:35.244,1.064,1.0642,10.80,0.90
2007.08.14 14:41:35.346,1.064,1.0643,10.70,42.40
2007.08.14 14:41:35.639,1.0641,1.0643,4.00,42.40
2007.08.14 14:41:35.670,1.0641,1.0643,4.00,42.20
2007.08.14 14:41:35.759,1.0641,1.0642,4.00,0.60
2007.08.14 14:41:35.776,1.0641,1.0643,4.00,35.40
2007.08.14 14:41:35.873,1.0641,1.0642,4.00,0.70
2007.08.14 14:41:35.939,1.0641,1.0643,4.00,39.60
2007.08.14 14:41:36.176,1.0641,1.06425,4.00,10.00
2007.08.14 14:41:36.680,1.0641,1.0642,6.40,0.90
2007.08.14 14:41:36.703,1.0641,1.06425,6.40,5.80
2007.08.14 14:41:36.799,1.0641,1.06425,6.40,5.70
2007.08.14 14:41:37.007,1.0641,1.0643,18.40,11.60
2007.08.14 14:41:37.111,1.0641,1.0643,18.70,14.00
2007.08.14 14:41:37.227,1.0641,1.0642,20.80,0.50
2007.08.14 14:41:37.299,1.0641,1.0643,21.60,14.00
2007.08.14 14:41:37.315,1.0641,1.0643,13.60,11.60
2007.08.14 14:41:37.388,1.0641,1.0643,14.40,11.60
2007.08.14 14:41:37.698,1.0642,1.0643,4.00,10.80
2007.08.14 14:41:37.953,1.0641,1.0642,20.50,0.60
2007.08.14 14:41:38.025,1.0642,1.0643,5.20,0.50
2007.08.14 14:41:38.103,1.0642,1.0644,6.00,13.40
2007.08.14 14:41:38.145,1.0641,1.0642,13.50,0.60
2007.08.14 14:41:38.170,1.0641,1.0642,12.60,0.60
2007.08.14 14:41:38.211,1.0642,1.0643,4.00,0.50
2007.08.14 14:41:38.531,1.0641,1.0642,20.80,0.60
2007.08.14 14:41:39.141,1.0642,1.0643,3.70,4.40
2007.08.14 14:41:40.166,1.0641,1.0642,19.30,0.60
2007.08.14 14:41:40.214,1.0641,1.0643,17.50,9.70
2007.08.14 14:41:40.269,1.0641,1.0642,16.70,0.60
2007.08.14 14:41:40.332,1.0641,1.0642,19.00,0.60
2007.08.14 14:41:40.420,1.0641,1.0642,18.20,0.60
2007.08.14 14:41:40.535,1.0641,1.0642,14.20,0.60
2007.08.14 14:41:40.723,1.0641,1.0642,14.10,0.60
2007.08.14 14:41:40.844,1.0641,1.0642,11.70,0.60
2007.08.14 14:41:41.780,1.0641,1.0642,3.70,0.60
2007.08.14 14:41:44.165,1.064,1.0642,16.40,0.60
2007.08.14 14:41:44.267,1.064,1.0642,25.80,5.10
2007.08.14 14:41:44.368,1.064,1.0642,25.00,5.10
2007.08.14 14:41:44.376,1.064,1.0642,24.20,5.10
2007.08.14 14:41:44.434,1.064,1.0642,23.00,5.10
2007.08.14 14:41:44.483,1.064,1.0642,22.80,5.10
2007.08.14 14:41:44.589,1.064,1.0642,18.80,5.10
2007.08.14 14:41:44.804,1.064,1.0642,10.80,5.10
2007.08.14 14:41:45.007,1.064,1.0642,10.80,5.00
2007.08.14 14:41:45.520,1.064,1.0642,10.80,5.20
2007.08.14 14:41:45.600,1.064,1.0642,10.80,6.00
2007.08.14 14:41:45.637,1.064,1.0642,10.20,7.20
2007.08.14 14:41:45.711,1.064,1.0642,10.20,8.00
2007.08.14 14:41:45.733,1.064,1.0642,18.20,8.00
2007.08.14 14:41:46.313,1.064,1.0642,18.40,8.00
2007.08.14 14:41:46.355,1.064,1.0642,10.40,8.00
2007.08.14 14:41:46.771,1.064,1.0642,8.00,10.40
2007.08.14 14:41:46.845,1.064,1.0642,8.00,10.40
2007.08.14 14:41:47.779,1.064,1.0642,8.00,9.60
2007.08.14 14:41:47.809,1.064,1.0642,8.00,8.20
2007.08.14 14:41:47.890,1.064,1.0642,8.00,7.40
2007.08.14 14:41:47.925,1.064,1.0642,8.00,7.60
2007.08.14 14:41:48.126,1.064,1.0642,16.00,7.60
2007.08.14 14:41:48.335,1.064,1.0642,18.40,5.20
2007.08.14 14:41:48.637,1.064,1.0642,14.40,9.20
2007.08.14 14:41:48.709,1.064,1.0642,14.40,10.00
2007.08.14 14:41:48.756,1.064,1.0642,14.40,27.90
2007.08.14 14:41:48.859,1.064,1.0642,12.00,31.80
2007.08.14 14:41:48.902,1.064,1.0642,12.00,33.40
2007.08.14 14:41:48.959,1.064,1.0642,12.00,33.60
2007.08.14 14:41:49.009,1.064,1.0642,12.00,34.50
2007.08.14 14:41:49.758,1.064,1.0642,4.00,18.60
2007.08.14 14:41:50.642,1.0639,1.0642,18.20,21.00
2007.08.14 14:41:50.712,1.0639,1.0641,27.20,4.30
2007.08.14 14:41:50.739,1.0639,1.0641,26.40,4.30
2007.08.14 14:41:50.810,1.0639,1.0641,23.70,4.30
2007.08.14 14:41:50.847,1.0639,1.0641,22.90,4.30
2007.08.14 14:41:50.905,1.0639,1.0641,22.90,4.40
2007.08.14 14:41:51.002,1.0639,1.0641,22.80,4.50
2007.08.14 14:41:51.050,1.0639,1.0641,22.80,5.30
2007.08.14 14:41:51.122,1.0639,1.0641,22.80,6.40
2007.08.14 14:41:51.218,1.0639,1.0641,18.80,6.40
2007.08.14 14:41:51.292,1.0639,1.0641,18.80,7.20
2007.08.14 14:41:51.750,1.0639,1.0641,10.80,7.20
2007.08.14 14:41:51.840,1.0639,1.0641,10.80,7.30
2007.08.14 14:41:53.829,1.0639,1.0641,10.80,7.60
2007.08.14 14:41:55.170,1.0639,1.0641,10.80,8.40
2007.08.14 14:41:55.188,1.0639,1.0641,10.80,12.40
2007.08.14 14:41:55.369,1.0639,1.0641,18.50,20.50
2007.08.14 14:41:55.407,1.0639,1.0641,18.50,21.40
2007.08.14 14:41:55.457,1.0639,1.0641,18.50,0.60
2007.08.14 14:41:55.476,1.0639,1.0642,16.10,45.80
2007.08.14 14:41:55.580,1.0639,1.0641,16.10,0.90
2007.08.14 14:41:56.304,1.0639,1.0641,4.10,0.60
2007.08.14 14:41:57.872,1.0639,1.0642,4.00,40.80
2007.08.14 14:41:58.079,1.0639,1.0641,4.00,0.80
2007.08.14 14:42:01.914,1.0639,1.0641,4.00,14.50
2007.08.14 14:42:02.017,1.0639,1.0641,4.00,30.50
2007.08.14 14:42:02.257,1.0638,1.0641,33.60,32.90
2007.08.14 14:42:02.427,1.0638,1.064,22.40,0.70
2007.08.14 14:42:02.606,1.0638,1.06405,22.40,8.10
2007.08.14 14:42:02.838,1.0638,1.06405,18.40,8.10
2007.08.14 14:42:05.862,1.0638,1.064,26.30,0.90
2007.08.14 14:42:06.680,1.0639,1.0641,0.80,41.80
2007.08.14 14:42:06.700,1.0639,1.0641,4.00,41.70
2007.08.14 14:42:06.791,1.0639,1.064,4.80,0.50
2007.08.14 14:42:06.991,1.0639,1.0641,4.80,41.70
2007.08.14 14:42:07.115,1.0639,1.0641,5.10,41.70
2007.08.14 14:42:07.307,1.0639,1.0641,9.10,41.70
2007.08.14 14:42:07.336,1.0639,1.0642,9.10,50.20
2007.08.14 14:42:07.446,1.0639,1.0642,9.10,49.50
2007.08.14 14:42:07.662,1.0639,1.0641,9.10,0.60
2007.08.14 14:42:07.723,1.0639,1.0641,9.10,0.70
2007.08.14 14:42:08.632,1.0639,1.0641,9.10,0.60
2007.08.14 14:42:09.596,1.0639,1.06415,9.10,15.70
2007.08.14 14:42:10.008,1.0639,1.06415,8.40,15.70
2007.08.14 14:42:10.104,1.0639,1.06415,8.40,15.90
2007.08.14 14:42:10.214,1.0639,1.0641,4.40,19.80
2007.08.14 14:42:10.307,1.0639,1.0641,3.60,26.30
2007.08.14 14:42:10.425,1.0639,1.06405,0.80,12.50
2007.08.14 14:42:10.516,1.0638,1.06405,4.80,12.50
2007.08.14 14:42:10.611,1.0638,1.064,4.80,0.60
2007.08.14 14:42:10.684,1.0638,1.064,4.80,0.50
2007.08.14 14:42:10.726,1.0638,1.0641,4.80,20.70
2007.08.14 14:42:10.834,1.0638,1.064,4.80,0.80
2007.08.14 14:42:11.145,1.0638,1.0641,4.00,21.30
2007.08.14 14:42:11.982,1.0638,1.0641,4.00,21.10
2007.08.14 14:42:12.811,1.0638,1.064,4.00,0.60
2007.08.14 14:42:12.852,1.0638,1.064,4.00,0.80
2007.08.14 14:42:12.880,1.0638,1.064,4.00,0.70
2007.08.14 14:42:12.950,1.0638,1.0641,4.00,16.00
2007.08.14 14:42:13.431,1.0638,1.064,4.00,0.60
2007.08.14 14:42:14.780,1.0638,1.064,4.80,0.50
2007.08.14 14:42:14.822,1.0639,1.064,4.00,0.80
2007.08.14 14:42:15.809,1.0639,1.06415,4.00,15.30
2007.08.14 14:42:15.916,1.0639,1.06415,4.00,14.60
2007.08.14 14:42:16.674,1.0638,1.06415,12.80,14.60
2007.08.14 14:42:16.865,1.0638,1.064,30.30,0.50
2007.08.14 14:42:17.165,1.0638,1.064,26.30,0.90
2007.08.14 14:42:17.719,1.0639,1.0641,4.00,38.80
2007.08.14 14:42:19.761,1.0638,1.0641,36.10,22.60
2007.08.14 14:42:19.859,1.0638,1.064,30.30,0.80
2007.08.14 14:42:20.276,1.0638,1.0641,26.30,42.00
2007.08.14 14:42:22.769,1.0638,1.0641,18.40,38.60
2007.08.14 14:42:22.835,1.0638,1.0641,18.40,39.40
2007.08.14 14:42:22.866,1.0638,1.0641,16.00,40.10
2007.08.14 14:42:22.947,1.0638,1.06405,16.00,22.40
2007.08.14 14:42:23.068,1.0638,1.06405,16.00,22.80
2007.08.14 14:42:23.293,1.0638,1.064,4.00,0.50
2007.08.14 14:42:25.366,1.0638,1.064,4.00,0.70
2007.08.14 14:42:25.408,1.0638,1.064,4.00,0.50
2007.08.14 14:42:25.471,1.0638,1.064,4.00,0.70
2007.08.14 14:42:25.595,1.0638,1.0641,4.00,17.10
2007.08.14 14:42:25.779,1.0638,1.0641,32.10,35.40
2007.08.14 14:42:25.795,1.0639,1.064,4.00,0.70
2007.08.14 14:42:26.275,1.0639,1.06415,12.80,10.90
2007.08.14 14:42:26.392,1.0639,1.0642,18.00,25.20
2007.08.14 14:42:26.417,1.064,1.0642,4.00,22.80
2007.08.14 14:42:26.480,1.064,1.0641,4.00,0.90
2007.08.14 14:42:26.634,1.064,1.0641,4.00,0.70
2007.08.14 14:42:26.809,1.064,1.06425,4.00,18.70
2007.08.14 14:42:27.104,1.064,1.06425,4.00,17.90
2007.08.14 14:42:29.309,1.064,1.06425,4.00,17.80
2007.08.14 14:42:29.507,1.064,1.06425,4.00,18.60
2007.08.14 14:42:29.793,1.0639,1.0642,15.90,0.80
2007.08.14 14:42:29.814,1.0639,1.0642,13.80,29.90
2007.08.14 14:42:29.852,1.0639,1.0641,13.00,0.90
2007.08.14 14:42:29.896,1.0639,1.06415,12.20,15.30
2007.08.14 14:42:29.944,1.0639,1.0641,4.00,0.50
2007.08.14 14:42:30.132,1.0639,1.064,4.00,0.20
2007.08.14 14:42:30.268,1.0639,1.0641,0.10,29.90
2007.08.14 14:42:30.406,1.0638,1.064,30.40,0.90
2007.08.14 14:42:30.759,1.0638,1.064,26.40,0.80
2007.08.14 14:42:30.969,1.0638,1.0641,26.30,42.00
2007.08.14 14:42:31.255,1.0638,1.064,26.40,0.80
2007.08.14 14:42:32.194,1.0638,1.064,26.40,0.90
2007.08.14 14:42:33.229,1.0639,1.064,3.20,0.90
2007.08.14 14:42:33.446,1.064,1.0642,4.00,40.20
2007.08.14 14:42:33.613,1.064,1.0642,4.00,39.40
2007.08.14 14:42:33.646,1.064,1.0642,4.00,29.60
2007.08.14 14:42:35.854,1.064,1.06425,4.00,18.90
2007.08.14 14:42:35.951,1.064,1.06425,4.20,19.50
2007.08.14 14:42:36.251,1.064,1.0642,4.20,0.80
2007.08.14 14:42:36.406,1.064,1.06425,4.20,18.90
2007.08.14 14:42:36.795,1.064,1.06425,4.20,15.70
2007.08.14 14:42:36.875,1.064,1.06425,4.80,10.70
2007.08.14 14:42:36.893,1.064,1.0642,4.80,0.70
2007.08.14 14:42:36.998,1.064,1.0642,6.90,0.70
2007.08.14 14:42:37.209,1.064,1.0642,7.70,0.90
2007.08.14 14:42:37.297,1.064,1.0643,7.70,23.00
2007.08.14 14:42:37.332,1.0641,1.0642,4.00,0.80
2007.08.14 14:42:37.404,1.0641,1.0643,4.00,23.60
2007.08.14 14:42:37.499,1.0641,1.0642,4.00,0.60
2007.08.14 14:42:38.256,1.064,1.0642,9.60,0.90
2007.08.14 14:42:38.306,1.064,1.0642,8.60,0.60
2007.08.14 14:42:38.414,1.064,1.0643,6.50,19.60
2007.08.14 14:42:38.428,1.064,1.0643,5.70,19.60
2007.08.14 14:42:38.455,1.064,1.0643,4.90,19.60
2007.08.14 14:42:38.506,1.064,1.0643,4.90,19.70
2007.08.14 14:42:39.265,1.064,1.0642,4.90,0.50
2007.08.14 14:42:40.208,1.0641,1.0643,4.00,23.00
2007.08.14 14:42:40.382,1.0641,1.0643,4.00,18.80
2007.08.14 14:42:40.499,1.0641,1.0642,4.00,0.90
2007.08.14 14:42:40.594,1.0641,1.0643,4.00,18.50
2007.08.14 14:42:41.326,1.0641,1.0643,4.00,28.80
2007.08.14 14:42:42.258,1.0641,1.0642,4.00,0.80
2007.08.14 14:42:43.297,1.0641,1.0642,4.00,0.60
2007.08.14 14:42:43.815,1.0641,1.0643,4.00,27.20
2007.08.14 14:42:45.770,1.064,1.0643,42.30,27.20
2007.08.14 14:42:45.862,1.064,1.0642,41.50,0.80
2007.08.14 14:42:45.884,1.064,1.0643,32.50,37.50
2007.08.14 14:42:45.996,1.064,1.0643,24.20,37.60
2007.08.14 14:42:46.031,1.064,1.0642,24.00,0.60
2007.08.14 14:42:46.287,1.064,1.0642,24.60,0.70
2007.08.14 14:42:46.405,1.064,1.0643,20.60,41.60
2007.08.14 14:42:47.339,1.064,1.0643,20.80,39.80
2007.08.14 14:42:47.446,1.064,1.0642,28.80,0.90
2007.08.14 14:42:48.284,1.064,1.0642,32.80,0.60
2007.08.14 14:42:48.322,1.064,1.0643,32.00,37.30
2007.08.14 14:42:48.371,1.0642,1.0644,4.00,31.60
2007.08.14 14:42:48.658,1.0642,1.0644,4.00,23.30
2007.08.14 14:42:50.362,1.0641,1.0644,14.60,18.30
2007.08.14 14:42:50.451,1.0641,1.0644,27.60,35.00
2007.08.14 14:42:50.474,1.0641,1.0643,26.70,0.60
2007.08.14 14:42:50.545,1.0641,1.0643,26.30,10.20
2007.08.14 14:42:50.661,1.0641,1.0643,22.30,11.00
2007.08.14 14:42:51.283,1.0642,1.0643,4.00,0.50
2007.08.14 14:42:51.378,1.0642,1.0644,4.00,28.50
2007.08.14 14:42:51.531,1.0642,1.0643,4.00,0.80
2007.08.14 14:42:51.791,1.0641,1.0644,36.30,20.90
2007.08.14 14:42:51.798,1.06415,1.0644,4.00,20.90
2007.08.14 14:42:51.827,1.06415,1.0645,4.00,26.40
2007.08.14 14:42:51.913,1.0643,1.0645,3.60,22.40
2007.08.14 14:42:52.111,1.0643,1.0645,3.60,22.80
2007.08.14 14:42:52.319,1.0643,1.0644,3.60,0.50
2007.08.14 14:42:52.415,1.0643,1.0645,3.60,0.70
2007.08.14 14:42:52.532,1.0643,1.0646,3.60,45.30
2007.08.14 14:42:52.834,1.0643,1.0646,3.60,45.30
2007.08.14 14:42:53.734,1.0642,1.0645,16.00,0.80
2007.08.14 14:42:53.832,1.0642,1.0645,18.40,0.80
2007.08.14 14:42:53.880,1.0644,1.0645,3.60,0.80
2007.08.14 14:42:54.017,1.0644,1.0646,3.60,26.40
2007.08.14 14:42:54.042,1.0644,1.0646,3.60,25.60
2007.08.14 14:42:54.279,1.0644,1.06465,3.60,26.40
2007.08.14 14:42:54.367,1.0644,1.0646,3.60,0.80
2007.08.14 14:42:54.408,1.0644,1.0647,3.60,51.10
2007.08.14 14:42:54.502,1.0644,1.0646,3.60,38.60
2007.08.14 14:42:54.817,1.0644,1.0647,3.60,52.20
2007.08.14 14:42:54.878,1.0643,1.0647,9.00,48.20
2007.08.14 14:42:54.915,1.0645,1.0647,3.60,48.30
2007.08.14 14:42:55.024,1.0645,1.0647,3.60,47.70
2007.08.14 14:42:55.078,1.0645,1.0646,3.60,0.90
2007.08.14 14:42:55.227,1.0645,1.0647,3.60,46.00
2007.08.14 14:42:55.295,1.0644,1.0647,33.70,42.80
2007.08.14 14:42:55.332,1.0646,1.0647,3.60,31.50
2007.08.14 14:42:55.532,1.0646,1.0647,4.40,14.70
2007.08.14 14:42:55.591,1.0646,1.0647,5.20,13.30
2007.08.14 14:42:55.651,1.0647,1.0648,0.60,19.90
2007.08.14 14:42:55.746,1.0646,1.0647,4.40,13.20
2007.08.14 14:42:55.913,1.0646,1.0647,3.60,5.30
2007.08.14 14:42:56.167,1.0646,1.0648,3.60,0.70
2007.08.14 14:42:56.521,1.0646,1.0649,3.60,39.30
2007.08.14 14:42:56.770,1.0646,1.0648,6.80,0.70
2007.08.14 14:42:56.839,1.0647,1.0649,3.60,32.30
2007.08.14 14:42:56.879,1.0647,1.065,4.00,43.70
2007.08.14 14:42:56.978,1.0647,1.0649,4.40,0.60
2007.08.14 14:42:57.043,1.0647,1.065,4.40,43.90
2007.08.14 14:42:57.086,1.0647,1.065,4.40,43.90
2007.08.14 14:42:57.180,1.0647,1.0649,4.40,0.70
2007.08.14 14:42:57.301,1.0647,1.065,4.40,37.40
2007.08.14 14:42:57.352,1.0647,1.0649,4.40,0.70
2007.08.14 14:42:57.503,1.0647,1.065,4.80,36.60
2007.08.14 14:42:57.596,1.0647,1.065,5.10,36.60
2007.08.14 14:42:57.811,1.0647,1.0649,5.10,23.40
2007.08.14 14:42:57.931,1.0647,1.0649,4.80,23.40
2007.08.14 14:42:58.264,1.0647,1.0649,5.20,23.40
2007.08.14 14:42:58.429,1.0647,1.0648,5.40,0.80
2007.08.14 14:42:58.590,1.0646,1.0647,32.70,0.50
2007.08.14 14:42:58.867,1.0647,1.0648,5.50,5.60
2007.08.14 14:42:58.901,1.0647,1.0648,5.50,0.50
2007.08.14 14:42:59.008,1.0646,1.0647,32.70,0.60
2007.08.14 14:42:59.177,1.0647,1.0649,5.50,28.20
2007.08.14 14:42:59.358,1.0647,1.0648,5.50,0.90
2007.08.14 14:43:00.114,1.0648,1.065,0.40,46.00
2007.08.14 14:43:00.205,1.0648,1.065,0.50,37.20
2007.08.14 14:43:00.337,1.0648,1.0649,0.50,0.50
2007.08.14 14:43:00.951,1.0648,1.06505,4.50,14.00
2007.08.14 14:43:01.039,1.0648,1.065,4.80,0.80
2007.08.14 14:43:01.144,1.0648,1.065,4.80,0.50
2007.08.14 14:43:01.266,1.0648,1.06505,4.80,13.60
2007.08.14 14:43:01.284,1.0648,1.065,4.80,0.50
2007.08.14 14:43:01.447,1.0648,1.06505,4.80,10.40
2007.08.14 14:43:01.475,1.0648,1.06505,4.80,10.40
2007.08.14 14:43:01.973,1.0648,1.06505,4.00,10.00
2007.08.14 14:43:02.082,1.0648,1.06505,4.00,10.20
2007.08.14 14:43:02.113,1.0648,1.06505,4.00,8.60
2007.08.14 14:43:02.170,1.0648,1.06505,4.40,8.00
2007.08.14 14:43:02.466,1.0649,1.06505,0.80,8.00
2007.08.14 14:43:02.490,1.065,1.0651,3.20,16.60
2007.08.14 14:43:02.760,1.065,1.0651,3.30,14.40
2007.08.14 14:43:02.791,1.065,1.06515,3.30,9.70
2007.08.14 14:43:02.883,1.065,1.06515,27.20,9.70
2007.08.14 14:43:03.783,1.065,1.0651,11.60,9.60
2007.08.14 14:43:03.822,1.065,1.0651,27.70,9.60
2007.08.14 14:43:03.942,1.065,1.0651,27.70,0.80
2007.08.14 14:43:04.183,1.065,1.0652,27.70,8.00
2007.08.14 14:43:04.231,1.065,1.0652,27.60,8.00
2007.08.14 14:43:04.332,1.0649,1.0652,25.60,5.60
2007.08.14 14:43:04.367,1.065,1.0652,4.00,5.60
2007.08.14 14:43:04.503,1.065,1.0652,4.00,10.40
2007.08.14 14:43:04.549,1.065,1.0651,4.00,0.50
2007.08.14 14:43:04.848,1.065,1.0652,4.00,10.40
2007.08.14 14:43:04.975,1.065,1.0652,4.00,6.40
2007.08.14 14:43:05.061,1.065,1.0651,4.00,4.10
2007.08.14 14:43:05.588,1.065,1.0651,4.00,4.20
2007.08.14 14:43:05.888,1.0649,1.0651,20.00,5.50
2007.08.14 14:43:05.991,1.0649,1.0651,12.00,6.60
2007.08.14 14:43:06.081,1.0649,1.0651,12.00,7.40
2007.08.14 14:43:06.220,1.0649,1.0651,12.00,6.60
2007.08.14 14:43:06.293,1.0649,1.0651,8.00,6.60
2007.08.14 14:43:06.339,1.0649,1.0651,4.00,6.60
2007.08.14 14:43:06.407,1.0649,1.0651,4.00,7.60
2007.08.14 14:43:06.623,1.0649,1.0651,4.00,8.40
2007.08.14 14:43:06.828,1.0649,1.0651,15.90,3.90
2007.08.14 14:43:06.926,1.065,1.0651,2.40,3.40
2007.08.14 14:43:07.028,1.065,1.0651,2.40,2.00
2007.08.14 14:43:07.141,1.0651,1.06515,4.00,4.00
2007.08.14 14:43:07.174,1.0651,1.0652,4.00,7.20
2007.08.14 14:43:07.454,1.065,1.0651,26.30,0.50
2007.08.14 14:43:07.549,1.065,1.0651,26.30,0.40
2007.08.14 14:43:07.890,1.065,1.0651,26.30,0.20
2007.08.14 14:43:07.942,1.0651,1.0652,2.40,7.20
2007.08.14 14:43:08.169,1.0651,1.0652,2.40,5.60
2007.08.14 14:43:08.290,1.0651,1.0652,2.40,9.60
2007.08.14 14:43:08.301,1.0651,1.0652,2.40,8.80
2007.08.14 14:43:08.321,1.0651,1.0652,2.40,8.00
2007.08.14 14:43:08.397,1.0649,1.0651,26.20,0.60
2007.08.14 14:43:08.497,1.0649,1.0651,16.00,2.50
2007.08.14 14:43:08.568,1.0649,1.0651,15.20,3.30
2007.08.14 14:43:08.581,1.0649,1.0651,12.00,4.10
2007.08.14 14:43:08.895,1.0649,1.065,8.00,4.30
2007.08.14 14:43:09.006,1.0649,1.065,8.00,5.50
2007.08.14 14:43:09.103,1.0649,1.065,8.00,4.60
2007.08.14 14:43:09.136,1.0649,1.065,4.00,4.60
2007.08.14 14:43:09.222,1.0649,1.065,4.00,4.00
2007.08.14 14:43:09.324,1.0649,1.065,4.00,6.40
2007.08.14 14:43:09.419,1.0649,1.065,4.00,11.20
2007.08.14 14:43:09.420,1.0649,1.065,4.00,15.20
2007.08.14 14:43:09.474,1.0649,1.065,4.00,16.00
2007.08.14 14:43:09.518,1.06475,1.0649,4.00,5.20
2007.08.14 14:43:09.638,1.06475,1.0649,4.00,4.80
2007.08.14 14:43:09.720,1.06475,1.0649,4.00,4.90
2007.08.14 14:43:09.794,1.0647,1.0649,14.90,4.90
2007.08.14 14:43:09.851,1.0647,1.0649,11.40,4.90
2007.08.14 14:43:09.942,1.0647,1.0649,11.40,4.10
2007.08.14 14:43:10.040,1.0647,1.0649,11.70,4.10
2007.08.14 14:43:10.243,1.0647,1.0649,11.70,4.00
2007.08.14 14:43:10.341,1.0647,1.0648,9.00,4.00
2007.08.14 14:43:10.393,1.0647,1.0648,4.90,4.00
2007.08.14 14:43:10.473,1.0647,1.0648,4.00,4.00
2007.08.14 14:43:10.860,1.0647,1.0648,6.40,4.00
2007.08.14 14:43:10.869,1.0647,1.0649,6.40,16.60
2007.08.14 14:43:10.964,1.0647,1.0649,6.80,12.40
2007.08.14 14:43:11.078,1.0647,1.06485,6.80,4.00
2007.08.14 14:43:11.240,1.0647,1.06485,2.80,4.00
2007.08.14 14:43:11.371,1.0648,1.06485,2.40,4.00
2007.08.14 14:43:11.450,1.0648,1.0649,2.40,4.40
2007.08.14 14:43:11.600,1.0648,1.0649,2.40,4.10
2007.08.14 14:43:11.710,1.0648,1.0649,2.40,0.20
2007.08.14 14:43:11.796,1.0648,1.0649,6.40,0.20
2007.08.14 14:43:11.878,1.0648,1.0649,8.80,0.20
2007.08.14 14:43:11.915,1.0648,1.065,9.00,17.60
2007.08.14 14:43:11.982,1.0648,1.065,9.00,12.80
2007.08.14 14:43:12.082,1.0648,1.065,9.00,12.00
2007.08.14 14:43:12.121,1.0648,1.065,9.00,9.00
2007.08.14 14:43:12.192,1.0648,1.065,9.00,8.20
2007.08.14 14:43:12.205,1.0648,1.065,9.00,9.80
2007.08.14 14:43:12.270,1.0648,1.065,9.00,10.60
2007.08.14 14:43:12.290,1.0648,1.065,9.00,11.40
2007.08.14 14:43:12.440,1.0648,1.065,9.20,11.40
2007.08.14 14:43:12.786,1.0648,1.065,9.20,0.60
2007.08.14 14:43:13.664,1.0648,1.06505,9.10,15.40
2007.08.14 14:43:13.786,1.0648,1.065,9.10,14.60
2007.08.14 14:43:13.835,1.0648,1.065,4.30,21.00
2007.08.14 14:43:13.884,1.0648,1.0649,0.40,0.60
2007.08.14 14:43:14.027,1.0647,1.0649,10.40,0.80
2007.08.14 14:43:14.085,1.0647,1.0648,6.40,0.60
2007.08.14 14:43:14.183,1.0647,1.0648,6.40,0.50
2007.08.14 14:43:14.205,1.0647,1.0649,10.40,26.00
2007.08.14 14:43:14.400,1.0647,1.0648,10.40,0.80
2007.08.14 14:43:14.413,1.0647,1.0648,2.40,0.60
2007.08.14 14:43:14.491,1.0647,1.0649,2.40,25.60
2007.08.14 14:43:14.501,1.0647,1.0649,3.20,25.60
2007.08.14 14:43:14.700,1.0647,1.0649,3.20,0.80
2007.08.14 14:43:14.796,1.0647,1.065,3.20,40.10
2007.08.14 14:43:14.937,1.0647,1.065,7.20,40.10
2007.08.14 14:43:15.141,1.0647,1.0649,3.20,0.50
2007.08.14 14:43:15.235,1.0647,1.065,3.20,32.60
2007.08.14 14:43:15.352,1.0647,1.0649,7.20,0.70
2007.08.14 14:43:15.652,1.0647,1.065,7.20,44.40
2007.08.14 14:43:16.070,1.0647,1.0649,7.20,0.90
2007.08.14 14:43:16.393,1.0647,1.0649,7.20,0.80
2007.08.14 14:43:16.489,1.0647,1.0649,7.20,0.50
2007.08.14 14:43:17.299,1.0647,1.0648,7.20,0.30
2007.08.14 14:43:18.053,1.0647,1.0648,7.20,0.40
2007.08.14 14:43:18.661,1.0647,1.065,7.20,45.10
2007.08.14 14:43:19.399,1.0647,1.065,7.20,45.00
2007.08.14 14:43:19.817,1.0647,1.065,0.10,45.10
2007.08.14 14:43:19.913,1.0647,1.0649,0.10,27.60
2007.08.14 14:43:20.007,1.0646,1.0649,3.20,31.70
2007.08.14 14:43:20.227,1.0646,1.0648,3.20,0.90
2007.08.14 14:43:20.337,1.0646,1.0648,4.00,0.80
2007.08.14 14:43:20.421,1.0646,1.0649,4.00,24.60
2007.08.14 14:43:20.535,1.0646,1.0648,4.00,0.60
2007.08.14 14:43:21.555,1.0646,1.0648,4.00,0.50
2007.08.14 14:43:21.594,1.0645,1.06485,37.00,8.00
2007.08.14 14:43:21.875,1.0645,1.0648,35.20,0.90
2007.08.14 14:43:22.355,1.0645,1.0649,35.20,24.60
2007.08.14 14:43:22.405,1.0645,1.0648,32.80,0.90
2007.08.14 14:43:22.436,1.0645,1.0649,20.30,36.50
2007.08.14 14:43:22.472,1.0645,1.0648,40.90,23.90
2007.08.14 14:43:22.594,1.0645,1.0647,40.10,0.60
2007.08.14 14:43:22.606,1.0645,1.0648,38.10,25.50
2007.08.14 14:43:22.795,1.0645,1.0648,30.10,25.50
2007.08.14 14:43:22.813,1.0645,1.0647,32.50,0.90
2007.08.14 14:43:22.924,1.0646,1.0648,0.80,0.60
2007.08.14 14:43:22.988,1.0646,1.0649,0.80,25.60
2007.08.14 14:43:23.131,1.0646,1.0649,0.80,22.00
2007.08.14 14:43:23.351,1.0646,1.0648,27.10,0.70
2007.08.14 14:43:23.907,1.0646,1.0649,27.20,40.20
2007.08.14 14:43:27.255,1.0647,1.0648,0.20,0.50
2007.08.14 14:43:27.344,1.0647,1.0648,0.20,0.90
2007.08.14 14:43:27.473,1.0646,1.0648,0.10,0.90
2007.08.14 14:43:27.488,1.0645,1.0649,26.60,38.00
2007.08.14 14:43:27.567,1.0645,1.0649,24.20,40.90
2007.08.14 14:43:27.858,1.0645,1.0647,21.80,0.90
2007.08.14 14:43:27.885,1.0645,1.0648,19.10,36.30
2007.08.14 14:43:27.979,1.0645,1.0648,14.00,38.50
2007.08.14 14:43:28.036,1.0645,1.0647,13.20,0.60
2007.08.14 14:43:28.097,1.0645,1.0647,4.80,0.90
2007.08.14 14:43:28.170,1.0645,1.0648,4.00,43.90
2007.08.14 14:43:28.624,1.0644,1.0648,22.40,40.70
2007.08.14 14:43:29.123,1.0644,1.0648,14.40,40.60
2007.08.14 14:43:29.538,1.0644,1.0647,14.40,0.80
2007.08.14 14:43:29.805,1.0644,1.0648,12.80,41.20
2007.08.14 14:43:29.852,1.0644,1.0647,35.10,34.60
2007.08.14 14:43:30.321,1.0644,1.0646,32.70,0.90
2007.08.14 14:43:30.383,1.0644,1.0647,24.60,40.20
2007.08.14 14:43:30.479,1.0644,1.0647,12.00,41.00
2007.08.14 14:43:30.516,1.0644,1.0647,11.20,41.00
2007.08.14 14:43:30.527,1.0644,1.0646,10.40,0.70
2007.08.14 14:43:30.788,1.0644,1.06465,10.40,16.00
2007.08.14 14:43:30.800,1.0644,1.06465,6.40,16.00
2007.08.14 14:43:30.885,1.0644,1.06465,6.40,23.90
2007.08.14 14:43:30.941,1.0644,1.06465,6.40,27.90
2007.08.14 14:43:31.009,1.0644,1.0646,4.00,0.50
2007.08.14 14:43:31.019,1.0644,1.0646,4.00,0.70
2007.08.14 14:43:31.145,1.0644,1.0647,4.00,49.90
2007.08.14 14:43:32.040,1.0643,1.0646,13.20,0.50
2007.08.14 14:43:32.661,1.0643,1.0647,13.20,43.80
2007.08.14 14:43:32.965,1.0643,1.0647,13.00,43.80
2007.08.14 14:43:34.521,1.0643,1.0646,34.00,37.20
2007.08.14 14:43:34.658,1.0643,1.0645,33.20,0.90
2007.08.14 14:43:34.668,1.0643,1.0646,32.40,37.20
2007.08.14 14:43:34.834,1.0643,1.0646,28.40,45.10
2007.08.14 14:43:34.860,1.0643,1.0646,24.40,47.50
2007.08.14 14:43:34.954,1.0642,1.0646,24.30,36.90
2007.08.14 14:43:34.967,1.0642,1.0645,24.30,0.60
2007.08.14 14:43:35.047,1.0642,1.0645,12.60,0.80
2007.08.14 14:43:35.154,1.0642,1.0645,11.70,0.90
2007.08.14 14:43:35.171,1.0642,1.0646,10.90,43.20
2007.08.14 14:43:35.202,1.0642,1.0646,10.10,43.20
2007.08.14 14:43:35.375,1.0642,1.0646,18.10,38.60
2007.08.14 14:43:35.449,1.0642,1.06455,18.90,12.00
2007.08.14 14:43:35.467,1.0642,1.06455,18.60,10.80
2007.08.14 14:43:35.586,1.0642,1.06455,21.80,10.80
2007.08.14 14:43:35.671,1.0642,1.06455,22.20,10.80
2007.08.14 14:43:35.797,1.0642,1.06455,19.80,10.80
2007.08.14 14:43:35.878,1.0642,1.06455,19.80,9.60
2007.08.14 14:43:35.984,1.0642,1.0645,20.00,0.70
2007.08.14 14:43:36.114,1.0642,1.06455,20.00,8.00
2007.08.14 14:43:36.287,1.0642,1.06455,19.40,8.00
2007.08.14 14:43:36.300,1.0643,1.06455,1.60,8.00
2007.08.14 14:43:36.685,1.0643,1.0645,1.60,0.80
2007.08.14 14:43:37.831,1.0643,1.06455,0.10,12.00
2007.08.14 14:43:37.946,1.0642,1.0646,13.70,33.00
2007.08.14 14:43:37.959,1.0642,1.0646,21.70,34.00
2007.08.14 14:43:38.055,1.0642,1.0645,21.60,0.50
2007.08.14 14:43:38.207,1.0642,1.0646,21.70,36.00
2007.08.14 14:43:40.970,1.0643,1.0645,3.20,8.80
2007.08.14 14:43:41.003,1.0643,1.0645,3.20,4.80
2007.08.14 14:43:41.057,1.0643,1.0645,4.60,4.80
2007.08.14 14:43:41.171,1.0643,1.0645,5.40,4.80
2007.08.14 14:43:41.286,1.0643,1.0645,6.20,4.80
2007.08.14 14:43:41.473,1.0643,1.0645,6.70,4.00
2007.08.14 14:43:41.582,1.0643,1.0645,6.80,4.00
2007.08.14 14:43:41.794,1.0643,1.0645,14.80,4.00
2007.08.14 14:43:42.212,1.0643,1.0645,14.90,4.00
2007.08.14 14:43:42.417,1.0643,1.0646,14.80,17.80
2007.08.14 14:43:42.510,1.0643,1.0645,34.90,4.00
2007.08.14 14:43:44.498,1.0643,1.0645,35.20,4.00
2007.08.14 14:43:44.681,1.0643,1.0646,14.40,17.60
2007.08.14 14:43:46.033,1.0643,1.0646,14.40,17.60
2007.08.14 14:43:47.490,1.0643,1.0645,32.70,4.00
2007.08.14 14:43:47.592,1.0643,1.0645,31.60,4.00
2007.08.14 14:43:47.616,1.0643,1.0645,30.80,4.00
2007.08.14 14:43:47.664,1.0643,1.0645,30.00,4.00
2007.08.14 14:43:48.216,1.0643,1.0645,29.90,4.00
2007.08.14 14:43:52.785,1.0644,1.0645,0.10,4.00
2007.08.14 14:43:53.438,1.0644,1.0645,0.10,8.00
2007.08.14 14:43:53.516,1.0643,1.0645,0.20,11.20
2007.08.14 14:43:53.550,1.0643,1.0645,0.20,15.20
2007.08.14 14:43:53.608,1.0642,1.0645,23.30,15.20
2007.08.14 14:43:53.839,1.0642,1.0645,23.40,15.20
2007.08.14 14:43:53.935,1.0642,1.0645,19.40,15.20
2007.08.14 14:43:54.030,1.0642,1.0645,19.30,15.20
2007.08.14 14:43:54.611,1.0642,1.0645,15.30,15.20
2007.08.14 14:43:57.470,1.0642,1.0645,23.00,15.30
2007.08.14 14:43:57.562,1.0642,1.0645,23.60,15.30
2007.08.14 14:43:57.934,1.06415,1.0645,24.40,15.30
2007.08.14 14:43:57.966,1.0641,1.0644,60.00,4.00
2007.08.14 14:43:58.588,1.06415,1.0644,36.80,4.00
2007.08.14 14:43:58.710,1.06415,1.0644,36.00,4.00
2007.08.14 14:43:58.890,1.06415,1.0643,28.80,3.20
2007.08.14 14:43:58.900,1.06415,1.0643,26.40,7.20
2007.08.14 14:43:58.986,1.0641,1.0643,40.00,7.20
2007.08.14 14:43:59.003,1.06405,1.0643,12.80,11.20
2007.08.14 14:43:59.103,1.064,1.0643,35.70,11.20
2007.08.14 14:43:59.188,1.0641,1.0643,4.30,11.20
2007.08.14 14:43:59.288,1.064,1.0643,19.20,12.00
2007.08.14 14:43:59.319,1.0641,1.0642,1.70,0.40
2007.08.14 14:43:59.421,1.064,1.0642,17.00,0.50
2007.08.14 14:43:59.542,1.0641,1.0642,0.70,0.60
2007.08.14 14:43:59.830,1.064,1.0642,3.30,0.60
2007.08.14 14:44:00.950,1.06395,1.0642,14.40,0.60
2007.08.14 14:44:00.975,1.06395,1.0642,12.80,0.60
2007.08.14 14:44:01.043,1.064,1.0642,3.40,0.60
2007.08.14 14:44:01.065,1.0639,1.0642,43.10,0.60
2007.08.14 14:44:01.090,1.0639,1.0642,40.50,0.60
2007.08.14 14:44:01.181,1.064,1.0642,3.20,12.50
2007.08.14 14:44:01.287,1.0639,1.0642,50.20,12.70
2007.08.14 14:44:01.502,1.0639,1.0642,54.20,12.70
2007.08.14 14:44:01.588,1.0639,1.0642,54.70,12.50
2007.08.14 14:44:02.282,1.0639,1.0642,55.50,12.50
2007.08.14 14:44:02.340,1.064,1.0642,1.80,12.50
2007.08.14 14:44:02.408,1.064,1.0642,0.70,12.50
2007.08.14 14:44:02.749,1.064,1.0642,2.60,12.70
2007.08.14 14:44:02.862,1.0639,1.0642,55.70,12.70
2007.08.14 14:44:02.897,1.064,1.0642,6.30,12.70
2007.08.14 14:44:03.072,1.064,1.0642,1.50,4.30
2007.08.14 14:44:03.083,1.06395,1.0642,30.40,4.30
2007.08.14 14:44:03.110,1.06395,1.0642,31.20,4.30
2007.08.14 14:44:03.393,1.06395,1.0642,35.20,4.10
2007.08.14 14:44:03.580,1.064,1.0642,10.40,4.10
2007.08.14 14:44:04.411,1.06395,1.0642,37.10,4.10
2007.08.14 14:44:04.503,1.06395,1.0642,37.10,4.30
2007.08.14 14:44:04.526,1.064,1.0642,5.00,4.30
2007.08.14 14:44:04.603,1.064,1.0643,33.80,5.60
2007.08.14 14:44:04.624,1.064,1.0643,33.80,4.80
2007.08.14 14:44:04.715,1.0641,1.0643,1.20,4.80
2007.08.14 14:44:04.823,1.0641,1.0643,1.20,4.80
2007.08.14 14:44:04.913,1.0641,1.0643,3.80,4.80
2007.08.14 14:44:05.024,1.0641,1.0643,7.90,4.80
2007.08.14 14:44:05.145,1.0641,1.0643,16.80,4.80
2007.08.14 14:44:05.229,1.0641,1.0643,15.40,4.80
2007.08.14 14:44:05.434,1.0641,1.0643,41.10,0.80
2007.08.14 14:44:05.718,1.0641,1.0644,41.10,5.60
2007.08.14 14:44:05.885,1.0642,1.0644,1.10,4.80
2007.08.14 14:44:06.365,1.06415,1.0644,15.90,4.00
2007.08.14 14:44:06.382,1.06415,1.0644,19.90,4.00
2007.08.14 14:44:07.097,1.06415,1.0644,21.60,4.00
2007.08.14 14:44:07.117,1.0642,1.0644,4.20,4.00
2007.08.14 14:44:07.202,1.06415,1.0644,24.80,4.00
2007.08.14 14:44:07.276,1.06415,1.0644,25.60,4.00
2007.08.14 14:44:07.407,1.0642,1.0644,0.80,9.80
2007.08.14 14:44:07.480,1.0641,1.0644,52.40,9.80
2007.08.14 14:44:07.503,1.0641,1.0644,55.40,15.90
2007.08.14 14:44:07.628,1.0642,1.0644,3.90,15.90
2007.08.14 14:44:07.924,1.0642,1.0644,0.80,15.90
2007.08.14 14:44:08.449,1.0641,1.0644,48.40,15.90
2007.08.14 14:44:09.431,1.0642,1.0644,1.60,19.90
2007.08.14 14:44:09.482,1.0641,1.0644,40.00,25.50
2007.08.14 14:44:09.573,1.0641,1.0644,41.40,27.90
2007.08.14 14:44:10.412,1.0642,1.0644,0.60,29.70
2007.08.14 14:44:10.462,1.0642,1.0644,2.70,33.70
2007.08.14 14:44:10.509,1.0641,1.0643,21.78,11.90
2007.08.14 14:44:11.488,1.0642,1.0643,0.08,15.90
2007.08.14 14:44:14.150,1.0641,1.0643,7.80,15.90
2007.08.14 14:44:14.560,1.06405,1.0643,29.60,8.00
2007.08.14 14:44:15.073,1.0641,1.0643,7.20,8.00
2007.08.14 14:44:16.440,1.06405,1.0643,40.00,4.00
2007.08.14 14:44:16.491,1.064,1.0643,55.20,4.00
2007.08.14 14:44:16.535,1.064,1.0643,60.80,4.00
2007.08.14 14:44:16.608,1.064,1.0643,61.60,4.00
2007.08.14 14:44:16.643,1.064,1.0643,62.40,4.00
2007.08.14 14:44:17.435,1.0641,1.0643,10.00,4.00
2007.08.14 14:44:17.556,1.064,1.0643,63.40,4.00
2007.08.14 14:44:17.772,1.0641,1.0643,4.10,4.00
2007.08.14 14:44:18.171,1.064,1.0643,63.00,4.00
2007.08.14 14:44:18.218,1.064,1.0644,113.00,22.30
2007.08.14 14:44:20.773,1.0642,1.0643,0.08,4.00
2007.08.14 14:44:22.444,1.0641,1.0644,21.98,8.00
2007.08.14 14:44:22.528,1.06415,1.0644,14.40,8.00
2007.08.14 14:44:22.620,1.0642,1.0644,2.60,8.00
2007.08.14 14:44:22.638,1.0642,1.0644,5.10,8.00
2007.08.14 14:44:22.743,1.06415,1.0644,18.30,8.00
2007.08.14 14:44:23.067,1.0642,1.0644,3.60,4.00
2007.08.14 14:44:23.167,1.06415,1.0644,18.50,4.00
2007.08.14 14:44:26.486,1.0642,1.0644,14.60,4.00
2007.08.14 14:44:28.324,1.0642,1.0644,14.40,4.00
2007.08.14 14:44:31.953,1.0642,1.0644,14.40,8.00
2007.08.14 14:44:33.011,1.0642,1.0644,6.40,8.00
2007.08.14 14:44:37.371,1.0642,1.0644,6.20,8.00
2007.08.14 14:44:37.457,1.0642,1.0644,4.60,8.00
2007.08.14 14:44:37.643,1.0642,1.0644,3.80,8.00
2007.08.14 14:44:37.689,1.0642,1.0644,3.00,8.00
2007.08.14 14:44:37.777,1.0643,1.0644,0.10,8.00
2007.08.14 14:44:38.082,1.0641,1.0644,22.70,7.20
2007.08.14 14:44:42.601,1.0641,1.0644,18.70,7.20
2007.08.14 14:44:46.972,1.0641,1.0644,14.70,7.20
2007.08.14 14:44:47.101,1.0641,1.0643,34.60,3.20
2007.08.14 14:44:47.223,1.0641,1.0643,34.60,7.20
2007.08.14 14:44:47.330,1.0641,1.0643,33.80,7.20
2007.08.14 14:44:47.422,1.0641,1.0643,32.90,7.20
2007.08.14 14:44:47.485,1.0641,1.0643,32.10,7.20
2007.08.14 14:44:47.529,1.0641,1.0643,3.70,8.00
2007.08.14 14:44:48.362,1.0641,1.0643,30.00,8.00
2007.08.14 14:44:48.502,1.0641,1.0643,34.80,8.00
2007.08.14 14:44:48.553,1.0641,1.0643,37.20,4.00
2007.08.14 14:44:48.563,1.0641,1.0643,43.20,4.00
2007.08.14 14:44:48.650,1.0641,1.0643,45.00,4.00
2007.08.14 14:44:48.669,1.0641,1.0643,47.40,4.00
2007.08.14 14:44:48.758,1.0641,1.0644,19.20,8.00
2007.08.14 14:44:49.174,1.0641,1.0644,21.60,8.00
2007.08.14 14:44:49.317,1.0641,1.0644,25.60,8.00
2007.08.14 14:44:50.538,1.0641,1.0642,23.20,5.60
2007.08.14 14:44:50.602,1.0642,1.0643,0.10,0.80
2007.08.14 14:44:50.646,1.0642,1.0644,1.10,9.60
2007.08.14 14:44:50.743,1.0642,1.0644,0.10,8.00
2007.08.14 14:44:51.054,1.0642,1.0643,0.10,4.00
2007.08.14 14:44:51.111,1.0642,1.0643,0.10,8.00
2007.08.14 14:44:51.749,1.0641,1.0643,33.80,8.00
2007.08.14 14:44:51.998,1.0641,1.0643,37.80,8.00
2007.08.14 14:44:52.032,1.0641,1.0643,38.60,4.00
2007.08.14 14:44:52.175,1.0641,1.0643,35.50,4.00
2007.08.14 14:44:52.189,1.0641,1.0643,35.80,4.00
2007.08.14 14:44:52.268,1.0641,1.0643,36.60,4.00
2007.08.14 14:44:52.906,1.0641,1.0643,44.60,4.00
2007.08.14 14:44:53.213,1.0641,1.0643,48.60,4.00
2007.08.14 14:44:53.949,1.0641,1.0643,46.50,4.00
2007.08.14 14:44:54.003,1.0641,1.0643,45.70,4.00
2007.08.14 14:44:54.057,1.0641,1.0643,37.70,4.00
2007.08.14 14:44:54.099,1.0641,1.0643,37.70,4.80
2007.08.14 14:44:54.153,1.0641,1.0643,36.90,6.40
2007.08.14 14:44:54.302,1.0642,1.0643,0.10,5.60
2007.08.14 14:44:54.401,1.0642,1.0643,0.10,4.80
2007.08.14 14:44:54.505,1.0642,1.0643,0.10,8.80
2007.08.14 14:44:54.533,1.0642,1.0643,0.10,8.00
2007.08.14 14:44:54.573,1.0642,1.0643,0.10,8.80
2007.08.14 14:44:54.682,1.0642,1.0643,0.10,8.00
2007.08.14 14:44:54.814,1.0642,1.0643,0.10,8.80
2007.08.14 14:44:55.017,1.0642,1.0643,0.10,4.80
2007.08.14 14:44:55.124,1.0642,1.0643,0.10,4.00
2007.08.14 14:44:55.412,1.0642,1.0643,0.10,4.80
2007.08.14 14:44:55.435,1.0642,1.0643,0.10,5.60
2007.08.14 14:44:55.489,1.0642,1.0643,0.10,6.40
2007.08.14 14:44:56.049,1.0642,1.0643,0.10,10.40
2007.08.14 14:44:56.356,1.0642,1.0643,0.10,8.80
2007.08.14 14:44:56.581,1.0642,1.0643,0.10,8.00
2007.08.14 14:44:56.961,1.0642,1.0643,0.10,4.00
2007.08.14 14:44:57.308,1.0641,1.0643,27.20,4.00
2007.08.14 14:44:57.474,1.0641,1.0642,24.70,4.00
2007.08.14 14:44:57.591,1.06395,1.0642,19.00,4.00
2007.08.14 14:44:57.715,1.064,1.0642,3.90,4.80
2007.08.14 14:44:57.763,1.06395,1.0642,12.00,4.80
2007.08.14 14:44:57.904,1.0639,1.0642,42.80,4.80
2007.08.14 14:44:58.028,1.064,1.0642,9.60,19.60
2007.08.14 14:44:58.095,1.064,1.0641,8.80,4.00
2007.08.14 14:44:58.104,1.064,1.0641,2.10,4.00
2007.08.14 14:44:58.312,1.0641,1.0642,1.40,25.20
2007.08.14 14:44:58.612,1.0641,1.0642,1.60,26.10
2007.08.14 14:44:58.636,1.064,1.0642,18.00,19.70
2007.08.14 14:44:58.685,1.0641,1.0642,2.00,18.90
2007.08.14 14:44:58.749,1.064,1.0642,18.00,18.80
2007.08.14 14:44:59.029,1.064,1.0642,22.00,14.80
2007.08.14 14:44:59.143,1.0641,1.0642,2.10,6.40
2007.08.14 14:44:59.243,1.064,1.0642,47.80,4.00
2007.08.14 14:44:59.336,1.064,1.0642,12.50,4.00
2007.08.14 14:44:59.552,1.064,1.0642,3.50,4.00
2007.08.14 14:45:00.423,1.064,1.0642,2.90,4.00
2007.08.14 14:45:00.469,1.064,1.0643,4.10,8.00
2007.08.14 14:45:00.578,1.0641,1.0643,3.80,8.00
2007.08.14 14:45:00.881,1.06405,1.0643,20.50,8.00
2007.08.14 14:45:01.501,1.064,1.0643,44.60,8.00
2007.08.14 14:45:01.524,1.064,1.0643,51.20,8.00
2007.08.14 14:45:01.597,1.064,1.0643,57.60,4.00
2007.08.14 14:45:01.617,1.064,1.0643,64.30,4.00
2007.08.14 14:45:01.797,1.064,1.0643,65.10,4.00
2007.08.14 14:45:02.004,1.0641,1.0643,22.50,4.00
2007.08.14 14:45:02.133,1.064,1.0643,61.90,4.00
2007.08.14 14:45:02.290,1.0641,1.0643,18.10,4.00
2007.08.14 14:45:04.071,1.064,1.0643,54.70,8.00
2007.08.14 14:45:04.131,1.0641,1.0643,18.30,8.80
2007.08.14 14:45:04.141,1.0641,1.0643,4.90,20.70
2007.08.14 14:45:04.167,1.064,1.0643,42.50,21.50
2007.08.14 14:45:04.232,1.0641,1.0643,5.90,22.30
2007.08.14 14:45:04.527,1.064,1.0643,38.50,22.30
2007.08.14 14:45:04.551,1.064,1.0643,45.60,22.30
2007.08.14 14:45:04.751,1.064,1.0643,20.20,24.70
2007.08.14 14:45:05.141,1.06395,1.0643,45.60,24.70
2007.08.14 14:45:07.857,1.06395,1.0643,45.40,24.70
2007.08.14 14:45:09.311,1.06395,1.0643,45.90,24.70
2007.08.14 14:45:09.406,1.06395,1.0643,45.10,24.70
2007.08.14 14:45:09.502,1.064,1.0643,2.40,25.50
2007.08.14 14:45:09.519,1.0639,1.0643,55.30,23.10
2007.08.14 14:45:09.534,1.0639,1.0643,51.30,23.10
2007.08.14 14:45:09.614,1.0639,1.06415,46.50,4.00
2007.08.14 14:45:09.623,1.0639,1.0641,39.60,7.20
2007.08.14 14:45:09.721,1.0639,1.0641,21.80,9.20
2007.08.14 14:45:09.816,1.064,1.0641,1.30,10.00
2007.08.14 14:45:09.843,1.064,1.0641,2.50,10.00
2007.08.14 14:45:09.894,1.0639,1.064,8.30,0.80
2007.08.14 14:45:10.038,1.0639,1.064,4.00,1.20
2007.08.14 14:45:10.133,1.0639,1.064,3.40,1.00
2007.08.14 14:45:10.261,1.0638,1.064,9.10,0.80
2007.08.14 14:45:10.663,1.0638,1.0641,4.80,11.60
2007.08.14 14:45:10.774,1.0638,1.0641,1.70,11.60
2007.08.14 14:45:10.988,1.0638,1.0641,2.40,11.70
2007.08.14 14:45:11.063,1.06375,1.0641,14.40,10.90
2007.08.14 14:45:11.164,1.064,1.0641,1.60,10.90
2007.08.14 14:45:11.201,1.0639,1.0641,1.00,10.90
2007.08.14 14:45:11.257,1.0639,1.0641,23.40,1.60
2007.08.14 14:45:11.358,1.06395,1.0641,4.50,0.80
2007.08.14 14:45:11.571,1.064,1.0641,0.40,0.80
2007.08.14 14:45:11.665,1.0639,1.0641,47.80,0.80
2007.08.14 14:45:11.771,1.0639,1.0641,47.80,0.80
2007.08.14 14:45:11.877,1.064,1.0641,3.50,0.80
2007.08.14 14:45:11.998,1.0639,1.0641,49.40,0.80
2007.08.14 14:45:12.084,1.0639,1.0642,44.00,11.60
2007.08.14 14:45:12.193,1.06395,1.0642,29.20,9.20
2007.08.14 14:45:12.245,1.064,1.0642,7.60,8.40
2007.08.14 14:45:12.410,1.064,1.0642,7.80,8.40
2007.08.14 14:45:12.508,1.06395,1.0642,33.40,8.40
2007.08.14 14:45:13.230,1.064,1.0642,5.80,8.20
2007.08.14 14:45:13.330,1.064,1.0642,9.90,8.00
2007.08.14 14:45:14.049,1.06395,1.0642,33.40,4.00
2007.08.14 14:45:14.066,1.064,1.0642,7.40,4.00
2007.08.14 14:45:14.165,1.06395,1.0642,41.00,4.00
2007.08.14 14:45:14.211,1.0639,1.0642,58.40,4.00
2007.08.14 14:45:14.273,1.0639,1.0642,58.50,4.00
2007.08.14 14:45:14.384,1.064,1.0642,42.50,4.00
2007.08.14 14:45:14.578,1.06405,1.0643,4.80,8.00
2007.08.14 14:45:14.658,1.0641,1.0643,0.80,9.60
2007.08.14 14:45:14.791,1.06405,1.0643,12.80,13.60
2007.08.14 14:45:15.078,1.0641,1.0643,4.40,12.00
2007.08.14 14:45:15.112,1.0641,1.0643,4.10,8.00
2007.08.14 14:45:15.336,1.06405,1.0643,21.60,8.00
2007.08.14 14:45:15.416,1.0641,1.0643,9.80,8.00
2007.08.14 14:45:15.480,1.06405,1.0643,25.00,8.00
2007.08.14 14:45:15.501,1.0641,1.0643,10.10,8.00
2007.08.14 14:45:15.538,1.06405,1.0643,25.90,8.00
2007.08.14 14:45:17.298,1.0641,1.0643,2.50,8.00
2007.08.14 14:45:18.634,1.06405,1.0643,37.20,8.00
2007.08.14 14:45:22.278,1.0641,1.0643,11.60,8.00
2007.08.14 14:45:25.593,1.0641,1.0643,0.80,8.00
2007.08.14 14:45:26.605,1.06405,1.0643,13.70,19.90
2007.08.14 14:45:26.724,1.0641,1.0643,0.80,19.90
2007.08.14 14:45:26.745,1.0641,1.0643,0.90,19.90
2007.08.14 14:45:26.791,1.0641,1.0643,1.70,19.90
2007.08.14 14:45:27.131,1.0641,1.0643,1.70,19.90
2007.08.14 14:45:27.549,1.064,1.0643,50.40,15.90
2007.08.14 14:45:27.646,1.064,1.0643,46.60,8.00
2007.08.14 14:45:27.784,1.064,1.0643,46.70,8.00
2007.08.14 14:45:28.175,1.064,1.0643,42.40,8.00
2007.08.14 14:45:28.301,1.0641,1.0643,4.70,8.00
2007.08.14 14:45:30.648,1.0641,1.0643,8.80,8.00
2007.08.14 14:45:30.657,1.06405,1.0643,25.40,8.00
2007.08.14 14:45:30.807,1.06405,1.0643,26.20,8.00
2007.08.14 14:45:33.050,1.0641,1.0643,10.60,8.00
2007.08.14 14:45:33.108,1.06405,1.0643,28.00,4.00
2007.08.14 14:45:33.147,1.0641,1.0643,1.50,4.00
2007.08.14 14:45:33.180,1.064,1.0643,56.50,4.00
2007.08.14 14:45:33.254,1.0641,1.0643,4.20,4.00
2007.08.14 14:45:33.619,1.0641,1.0643,12.20,4.00
2007.08.14 14:45:33.671,1.0642,1.0643,0.40,4.00
2007.08.14 14:45:34.807,1.0642,1.0643,0.50,4.00
2007.08.14 14:45:35.731,1.0641,1.0643,50.70,4.00
2007.08.14 14:45:43.111,1.0642,1.0644,1.40,9.60
2007.08.14 14:45:43.127,1.0642,1.0644,3.60,4.00
2007.08.14 14:45:43.329,1.0642,1.0645,36.30,23.10
2007.08.14 14:45:43.413,1.06425,1.0645,23.10,19.10
2007.08.14 14:45:43.522,1.0643,1.0645,9.90,19.00
2007.08.14 14:45:43.634,1.06425,1.0645,4.80,10.90
2007.08.14 14:45:43.648,1.06425,1.0644,4.80,4.00
2007.08.14 14:45:43.735,1.06415,1.0644,19.40,4.00
2007.08.14 14:45:43.844,1.06415,1.0644,16.10,4.00
2007.08.14 14:45:44.144,1.06415,1.0644,30.00,15.90
2007.08.14 14:45:44.255,1.0642,1.0644,12.20,15.90
2007.08.14 14:45:44.465,1.0641,1.0644,55.80,15.90
2007.08.14 14:45:44.671,1.0642,1.0644,10.80,8.00
2007.08.14 14:45:45.177,1.06415,1.0644,30.10,8.00
2007.08.14 14:45:45.192,1.0642,1.0644,13.50,8.00
2007.08.14 14:45:46.636,1.06415,1.0644,26.20,15.90
2007.08.14 14:45:46.972,1.0641,1.0644,56.90,15.90
2007.08.14 14:45:47.058,1.0641,1.0644,56.70,15.90
2007.08.14 14:45:47.168,1.0642,1.0644,3.40,15.90
2007.08.14 14:45:47.402,1.0641,1.0644,55.00,15.90
2007.08.14 14:45:47.479,1.0642,1.0644,6.90,15.90
2007.08.14 14:45:47.545,1.0641,1.0644,53.80,15.90
2007.08.14 14:45:47.649,1.0641,1.06435,45.00,4.00
2007.08.14 14:45:47.679,1.0641,1.0642,3.70,4.00
2007.08.14 14:45:47.886,1.0641,1.0642,0.80,4.00
2007.08.14 14:45:47.979,1.0641,1.0642,3.30,4.10
2007.08.14 14:45:47.999,1.06405,1.0642,6.40,4.10
2007.08.14 14:45:48.061,1.0641,1.0642,2.50,4.10
2007.08.14 14:45:48.073,1.064,1.0642,21.20,4.40
2007.08.14 14:45:48.183,1.0641,1.0642,1.30,8.40
2007.08.14 14:45:49.111,1.064,1.0642,41.30,6.80
2007.08.14 14:45:49.286,1.064,1.0642,6.30,6.80
2007.08.14 14:45:49.623,1.06395,1.0642,41.30,2.80
2007.08.14 14:45:49.647,1.06395,1.0642,21.20,0.60
2007.08.14 14:45:49.745,1.06395,1.0642,25.30,0.60
2007.08.14 14:45:49.835,1.0639,1.0642,63.10,0.60
2007.08.14 14:45:49.852,1.0639,1.0642,63.80,0.20
2007.08.14 14:45:49.960,1.064,1.0643,3.80,6.40
2007.08.14 14:45:50.113,1.0641,1.0643,0.50,6.40
2007.08.14 14:45:50.137,1.0641,1.0643,2.50,2.40
2007.08.14 14:45:50.156,1.064,1.0643,53.90,6.40
2007.08.14 14:45:50.241,1.064,1.0643,54.70,6.40
2007.08.14 14:45:50.262,1.0641,1.0643,9.20,6.40
2007.08.14 14:45:50.370,1.064,1.0643,60.50,4.00
2007.08.14 14:45:50.385,1.0641,1.0643,2.30,4.00
2007.08.14 14:45:51.397,1.064,1.0643,65.30,4.00
2007.08.14 14:45:52.861,1.064,1.0643,66.40,4.00
2007.08.14 14:45:53.595,1.064,1.0643,66.50,4.00
2007.08.14 14:45:53.978,1.064,1.0643,66.70,4.00
2007.08.14 14:45:54.488,1.0642,1.0643,0.80,4.00
2007.08.14 14:45:54.523,1.0642,1.0643,1.60,4.00
2007.08.14 14:45:54.615,1.0641,1.0643,53.00,4.00
2007.08.14 14:45:54.709,1.0642,1.0644,2.80,8.00
2007.08.14 14:45:54.749,1.0642,1.0644,3.60,8.00
2007.08.14 14:45:56.512,1.0642,1.0644,6.00,8.00
2007.08.14 14:45:56.596,1.0642,1.0644,12.40,15.90
2007.08.14 14:45:56.621,1.0643,1.0644,2.40,11.90
2007.08.14 14:45:56.714,1.0643,1.0645,3.20,10.80
2007.08.14 14:45:56.814,1.0643,1.0645,25.50,13.60
2007.08.14 14:45:56.823,1.0643,1.0645,25.50,12.80
2007.08.14 14:45:56.942,1.0643,1.0645,25.50,12.00
2007.08.14 14:45:57.227,1.0643,1.0645,29.50,8.00
2007.08.14 14:45:58.262,1.0643,1.0645,29.70,8.00
2007.08.14 14:45:58.380,1.0643,1.0645,29.50,8.00
2007.08.14 14:45:59.419,1.0643,1.0645,29.70,8.00
2007.08.14 14:46:00.222,1.0643,1.0645,33.70,4.00
2007.08.14 14:46:00.290,1.0643,1.0645,34.50,4.00
2007.08.14 14:46:00.317,1.0643,1.0645,35.70,4.00
2007.08.14 14:46:00.376,1.0643,1.0645,36.50,4.00
2007.08.14 14:46:02.704,1.0643,1.0645,36.70,4.00
2007.08.14 14:46:03.633,1.0644,1.0646,2.40,25.30
2007.08.14 14:46:03.752,1.0644,1.0646,6.40,19.90
2007.08.14 14:46:03.933,1.0644,1.0646,6.40,19.10
2007.08.14 14:46:04.050,1.0644,1.0646,6.40,18.30
2007.08.14 14:46:04.263,1.0644,1.0646,14.40,18.30
2007.08.14 14:46:05.824,1.0644,1.0646,14.50,18.30
2007.08.14 14:46:07.594,1.0644,1.0646,14.60,18.30
2007.08.14 14:46:08.738,1.0643,1.0646,42.00,18.30
2007.08.14 14:46:09.216,1.0644,1.0645,12.20,4.00
2007.08.14 14:46:09.255,1.0644,1.0645,8.20,4.00
2007.08.14 14:46:09.349,1.0644,1.0645,8.00,4.00
2007.08.14 14:46:19.690,1.0645,1.0646,2.40,26.00
2007.08.14 14:46:19.723,1.0645,1.0646,5.60,0.80
2007.08.14 14:46:19.822,1.0645,1.0646,27.90,0.80
2007.08.14 14:46:19.841,1.0645,1.0647,27.90,14.40
2007.08.14 14:46:19.928,1.0645,1.0647,28.20,13.60
2007.08.14 14:46:20.058,1.0645,1.0647,29.30,13.60
2007.08.14 14:46:20.113,1.0645,1.0647,30.10,13.60
2007.08.14 14:46:20.132,1.0645,1.0647,30.10,12.80
2007.08.14 14:46:20.148,1.0645,1.0647,30.90,12.80
2007.08.14 14:46:20.327,1.0645,1.0647,34.90,8.80
2007.08.14 14:46:20.629,1.0645,1.0647,34.90,8.00
2007.08.14 14:46:20.659,1.0645,1.0647,34.10,8.00
2007.08.14 14:46:20.756,1.0645,1.0647,14.70,4.00
2007.08.14 14:46:20.879,1.0645,1.0647,13.90,4.00
2007.08.14 14:46:21.175,1.0645,1.0647,34.00,8.00
2007.08.14 14:46:23.561,1.0645,1.0647,34.90,8.00
2007.08.14 14:46:23.638,1.0645,1.0647,35.70,8.00
2007.08.14 14:46:23.722,1.0645,1.0647,36.50,8.00
2007.08.14 14:46:24.187,1.0645,1.0647,35.30,8.00
2007.08.14 14:46:24.224,1.0645,1.0647,34.50,8.00
2007.08.14 14:46:24.342,1.0645,1.0647,33.70,8.00
2007.08.14 14:46:24.778,1.0645,1.0647,13.60,4.00
2007.08.14 14:46:25.099,1.0645,1.0647,33.70,8.00
2007.08.14 14:46:26.258,1.0645,1.0647,31.90,8.00
2007.08.14 14:46:30.311,1.0645,1.0647,33.10,8.00
2007.08.14 14:46:30.336,1.0645,1.0647,33.90,8.00
2007.08.14 14:46:30.502,1.0645,1.0647,34.70,8.00
2007.08.14 14:46:30.751,1.0645,1.0647,31.50,8.00
2007.08.14 14:46:30.805,1.0645,1.0647,15.40,19.90
2007.08.14 14:46:31.017,1.0645,1.0647,15.20,19.90
2007.08.14 14:46:31.071,1.0645,1.0647,14.40,19.90
2007.08.14 14:46:31.162,1.0645,1.0646,14.40,4.00
2007.08.14 14:46:31.328,1.0645,1.0646,8.00,4.00
2007.08.14 14:46:32.193,1.0645,1.0647,8.00,28.30
2007.08.14 14:46:32.302,1.0644,1.0647,41.40,22.70
2007.08.14 14:46:32.373,1.0644,1.0647,41.90,22.40
2007.08.14 14:46:32.578,1.0644,1.0647,41.90,22.30
2007.08.14 14:46:32.790,1.0645,1.0647,21.70,12.00
2007.08.14 14:46:33.088,1.0645,1.0647,25.70,12.00
2007.08.14 14:46:33.205,1.0645,1.0647,11.40,4.00
2007.08.14 14:46:33.667,1.0645,1.0647,11.40,1.60
2007.08.14 14:46:33.706,1.0645,1.0646,3.20,4.00
2007.08.14 14:46:33.827,1.06445,1.0645,4.00,4.00
2007.08.14 14:46:34.104,1.0644,1.0645,8.00,4.00
2007.08.14 14:46:34.239,1.0644,1.0645,4.00,15.10
2007.08.14 14:46:35.152,1.0643,1.0645,14.80,15.10
2007.08.14 14:46:39.819,1.0643,1.0645,14.80,0.90
2007.08.14 14:46:40.310,1.0643,1.0645,14.80,15.10
2007.08.14 14:46:40.368,1.0643,1.0644,14.50,0.90
2007.08.14 14:46:40.457,1.0643,1.0644,12.00,0.80
2007.08.14 14:46:40.792,1.0643,1.0644,8.00,0.90
2007.08.14 14:46:41.292,1.0642,1.0645,21.30,9.60
2007.08.14 14:46:41.375,1.0642,1.0644,17.30,0.60
2007.08.14 14:46:41.749,1.0642,1.0645,18.90,9.60
2007.08.14 14:46:42.674,1.0642,1.0645,17.30,9.60
2007.08.14 14:46:42.749,1.0642,1.0645,8.60,23.30
2007.08.14 14:46:42.794,1.0642,1.0644,6.20,8.00
2007.08.14 14:46:42.930,1.0642,1.0644,5.20,9.60
2007.08.14 14:46:43.036,1.0642,1.0644,4.80,9.60
2007.08.14 14:46:43.133,1.0642,1.0643,4.00,0.50
2007.08.14 14:46:43.240,1.0643,1.0644,8.00,4.80
2007.08.14 14:46:43.291,1.0643,1.0645,8.00,9.60
2007.08.14 14:46:43.320,1.0643,1.0645,10.80,0.80
2007.08.14 14:46:43.448,1.0643,1.0645,12.60,0.50
2007.08.14 14:46:43.511,1.0643,1.0645,14.20,0.90
2007.08.14 14:46:43.757,1.0643,1.0645,28.50,0.60
2007.08.14 14:46:43.862,1.0643,1.0646,32.50,37.10
2007.08.14 14:46:44.078,1.0643,1.0646,14.20,17.00
2007.08.14 14:46:44.793,1.0643,1.0646,32.50,37.30
2007.08.14 14:46:45.210,1.0643,1.0646,32.40,37.30
2007.08.14 14:46:45.941,1.0643,1.0645,28.40,0.70
2007.08.14 14:46:46.666,1.0643,1.0645,30.00,0.80
2007.08.14 14:46:46.775,1.0643,1.0644,3.30,0.60
2007.08.14 14:46:46.870,1.0643,1.0645,0.80,11.20
2007.08.14 14:46:47.084,1.0642,1.0645,30.80,11.20
2007.08.14 14:46:47.184,1.0642,1.0644,29.20,0.90
2007.08.14 14:46:47.198,1.0642,1.0644,25.20,0.60
2007.08.14 14:46:47.282,1.0642,1.0645,22.80,13.60
2007.08.14 14:46:47.307,1.0642,1.0644,27.00,0.50
2007.08.14 14:46:47.523,1.0642,1.0644,23.00,0.80
2007.08.14 14:46:47.606,1.0642,1.0644,19.00,0.50
2007.08.14 14:46:48.331,1.0642,1.0644,18.80,0.60
2007.08.14 14:46:49.262,1.0642,1.0644,19.10,0.50
2007.08.14 14:46:50.299,1.0642,1.0644,18.70,0.50
2007.08.14 14:46:50.412,1.0642,1.0645,18.50,40.00
2007.08.14 14:46:55.269,1.0642,1.0645,19.60,39.90
2007.08.14 14:46:55.411,1.0642,1.0644,27.60,0.90
2007.08.14 14:46:55.478,1.0642,1.0645,28.00,29.90
2007.08.14 14:46:56.009,1.0642,1.0645,32.00,33.80
2007.08.14 14:47:01.297,1.0642,1.0645,31.70,33.80
2007.08.14 14:47:01.824,1.0642,1.0645,32.30,34.00
2007.08.14 14:47:01.951,1.0642,1.0644,32.40,0.70
2007.08.14 14:47:08.756,1.0642,1.0643,32.40,4.00
2007.08.14 14:47:08.783,1.0642,1.0643,31.60,4.00
2007.08.14 14:47:08.887,1.0642,1.0643,4.40,4.00
2007.08.14 14:47:09.010,1.0642,1.0643,3.60,4.00
2007.08.14 14:47:09.039,1.0642,1.0643,2.00,4.00
2007.08.14 14:47:09.048,1.0642,1.0643,1.20,4.00
2007.08.14 14:47:09.349,1.0642,1.0644,1.20,8.00
2007.08.14 14:47:09.390,1.0642,1.0644,2.30,8.00
2007.08.14 14:47:09.522,1.0642,1.0644,2.40,8.00
2007.08.14 14:47:09.675,1.0642,1.0644,3.20,8.00
2007.08.14 14:47:09.729,1.0642,1.0644,4.00,8.00
2007.08.14 14:47:10.804,1.0642,1.0643,3.20,4.00
2007.08.14 14:47:10.840,1.0642,1.0643,2.00,4.00
2007.08.14 14:47:10.874,1.0642,1.0643,1.20,4.00
2007.08.14 14:47:13.338,1.0642,1.0643,2.30,4.00
2007.08.14 14:47:13.353,1.0642,1.0644,2.30,9.60
2007.08.14 14:47:13.399,1.0642,1.0644,3.10,9.60
2007.08.14 14:47:13.516,1.0642,1.0644,3.60,8.00
2007.08.14 14:47:13.565,1.0642,1.0644,4.40,8.00
2007.08.14 14:47:14.790,1.0642,1.0644,4.70,8.00
2007.08.14 14:47:15.431,1.0642,1.0644,4.60,8.00
2007.08.14 14:47:18.074,1.0642,1.0644,4.80,8.00
2007.08.14 14:47:18.412,1.0642,1.0644,5.30,8.00
2007.08.14 14:47:18.528,1.0642,1.0644,28.00,8.00
2007.08.14 14:47:18.957,1.0642,1.0644,31.60,8.00
2007.08.14 14:47:20.099,1.06415,1.0644,35.60,8.00
2007.08.14 14:47:22.473,1.0642,1.0644,31.60,8.00
2007.08.14 14:47:23.110,1.0642,1.0644,31.20,8.00
2007.08.14 14:47:23.447,1.0642,1.0644,31.60,8.00
2007.08.14 14:47:25.628,1.0642,1.0644,34.00,8.00
2007.08.14 14:47:25.778,1.0642,1.0644,38.00,4.00
2007.08.14 14:47:27.076,1.0642,1.0644,37.60,4.00
2007.08.14 14:47:28.811,1.0643,1.0644,2.40,4.00
2007.08.14 14:47:29.868,1.0642,1.0644,38.10,4.00
2007.08.14 14:47:30.082,1.0643,1.0644,0.50,4.00
2007.08.14 14:47:32.385,1.0644,1.0646,5.60,10.80
2007.08.14 14:47:32.466,1.0644,1.0646,6.40,8.10
2007.08.14 14:47:32.590,1.0644,1.0646,32.70,13.60
2007.08.14 14:47:32.691,1.0644,1.0646,36.80,9.60
2007.08.14 14:47:32.708,1.0644,1.0646,37.60,8.80
2007.08.14 14:47:32.877,1.0645,1.0646,8.00,4.80
2007.08.14 14:47:33.290,1.0645,1.0646,10.40,0.80
2007.08.14 14:47:33.434,1.0645,1.0646,8.00,0.80
2007.08.14 14:47:33.485,1.0645,1.0646,8.80,0.80
2007.08.14 14:47:33.561,1.0645,1.0646,9.60,0.80
2007.08.14 14:47:33.603,1.0645,1.0646,9.70,0.80
2007.08.14 14:47:33.869,1.0645,1.0646,19.50,0.80
2007.08.14 14:47:34.359,1.0645,1.0647,19.50,18.30
2007.08.14 14:47:34.727,1.0645,1.0647,21.90,15.90
2007.08.14 14:47:34.829,1.0646,1.0647,20.90,4.00
2007.08.14 14:47:34.837,1.0646,1.06475,23.30,4.00
2007.08.14 14:47:34.950,1.0646,1.06475,31.30,4.00
2007.08.14 14:47:34.995,1.0646,1.0648,31.30,11.20
2007.08.14 14:47:35.062,1.0647,1.0648,0.40,8.80
2007.08.14 14:47:35.263,1.0647,1.0648,8.30,4.80
2007.08.14 14:47:36.031,1.0647,1.0648,0.40,4.80
2007.08.14 14:47:36.148,1.0647,1.0648,0.40,4.00
2007.08.14 14:47:36.785,1.0646,1.0648,31.30,4.00
2007.08.14 14:47:36.806,1.0646,1.0648,30.50,4.00
2007.08.14 14:47:37.023,1.0646,1.0648,29.70,4.00
2007.08.14 14:47:37.425,1.0646,1.0648,35.90,4.00
2007.08.14 14:47:38.860,1.0646,1.0648,33.50,4.00
2007.08.14 14:47:38.921,1.0646,1.0648,6.40,4.00
2007.08.14 14:47:39.006,1.0646,1.0648,4.00,4.10
2007.08.14 14:47:39.339,1.0646,1.0648,15.90,4.10
2007.08.14 14:47:39.366,1.0646,1.0648,15.90,0.20
2007.08.14 14:47:39.434,1.0647,1.0649,0.30,36.90
2007.08.14 14:47:39.499,1.0647,1.06485,0.30,4.00
2007.08.14 14:47:39.555,1.0646,1.06485,31.90,4.00
2007.08.14 14:47:39.566,1.0646,1.06485,32.70,4.00
2007.08.14 14:47:39.869,1.0646,1.06485,36.70,4.00
2007.08.14 14:47:39.983,1.0646,1.06485,35.90,4.00
2007.08.14 14:47:40.047,1.0646,1.0649,35.90,30.00
2007.08.14 14:47:40.533,1.0646,1.0649,35.90,29.20
2007.08.14 14:47:40.618,1.0646,1.0649,38.30,29.20
2007.08.14 14:47:41.056,1.0647,1.0649,0.20,29.20
2007.08.14 14:47:41.484,1.0647,1.0649,0.20,29.40
2007.08.14 14:47:41.819,1.0646,1.0649,38.30,29.40
2007.08.14 14:47:42.362,1.0647,1.0649,8.10,19.20
2007.08.14 14:47:42.467,1.0647,1.0649,23.20,16.50
2007.08.14 14:47:42.586,1.0647,1.0649,23.60,16.10
2007.08.14 14:47:42.904,1.0647,1.0649,27.60,16.10
2007.08.14 14:47:43.006,1.0647,1.0649,13.50,8.20
2007.08.14 14:47:43.216,1.0647,1.0649,13.50,8.40
2007.08.14 14:47:43.449,1.0647,1.0649,31.80,12.40
2007.08.14 14:47:43.535,1.0647,1.0649,30.10,12.20
2007.08.14 14:47:43.872,1.0647,1.0649,26.90,14.00
2007.08.14 14:47:43.985,1.0646,1.0649,28.00,12.20
2007.08.14 14:47:44.019,1.0646,1.0648,27.20,4.00
2007.08.14 14:47:44.050,1.0646,1.0648,22.40,4.00
2007.08.14 14:47:44.172,1.0646,1.0648,12.00,4.10
2007.08.14 14:47:44.267,1.0646,1.0648,30.30,8.00
2007.08.14 14:47:44.376,1.0646,1.0648,4.00,8.20
2007.08.14 14:47:44.437,1.0646,1.0647,4.00,4.00
2007.08.14 14:47:44.927,1.0646,1.0647,4.00,8.00
2007.08.14 14:47:45.103,1.0645,1.0647,8.00,8.00
2007.08.14 14:47:45.562,1.0645,1.0647,4.00,8.00
2007.08.14 14:47:45.609,1.0644,1.0647,39.00,8.00
2007.08.14 14:47:48.362,1.0645,1.0647,4.00,8.00
2007.08.14 14:47:48.374,1.0645,1.0647,5.60,8.00
2007.08.14 14:47:48.480,1.0645,1.0647,13.50,8.00
2007.08.14 14:47:48.571,1.0645,1.0647,23.90,8.00
2007.08.14 14:47:48.909,1.0645,1.0647,15.90,8.00
2007.08.14 14:47:49.007,1.0645,1.0647,19.90,8.00
2007.08.14 14:47:49.366,1.0645,1.0646,19.90,4.00
2007.08.14 14:47:49.440,1.0645,1.0646,12.00,4.00
2007.08.14 14:47:51.838,1.0645,1.0646,10.40,4.00
2007.08.14 14:47:51.981,1.0644,1.0646,31.20,4.00
2007.08.14 14:47:52.013,1.0644,1.0646,27.20,4.00
2007.08.14 14:47:52.036,1.0644,1.0646,22.80,4.00
2007.08.14 14:47:52.207,1.0644,1.0646,18.80,4.00
2007.08.14 14:47:52.526,1.0644,1.0646,14.80,4.00
2007.08.14 14:47:52.637,1.0644,1.0646,14.70,4.00
2007.08.14 14:47:53.837,1.0644,1.0646,18.70,4.00
2007.08.14 14:47:53.926,1.0645,1.0646,16.00,4.00
2007.08.14 14:47:54.052,1.0645,1.0646,16.00,2.90
2007.08.14 14:47:54.264,1.0645,1.0647,27.90,6.90
2007.08.14 14:47:56.519,1.0646,1.0647,0.30,6.90
2007.08.14 14:47:58.888,1.0646,1.0647,0.30,7.10
2007.08.14 14:48:00.538,1.0646,1.0647,0.30,7.90
2007.08.14 14:48:01.874,1.0646,1.0647,0.30,7.70
2007.08.14 14:48:03.725,1.0645,1.0647,27.90,7.70
2007.08.14 14:48:06.592,1.0645,1.0647,27.90,8.00
2007.08.14 14:48:07.825,1.0645,1.0647,30.30,4.00
2007.08.14 14:48:07.883,1.0645,1.0647,38.30,4.00
2007.08.14 14:48:08.119,1.0645,1.0648,35.60,11.10
2007.08.14 14:48:08.137,1.0645,1.0648,36.40,11.10
2007.08.14 14:48:08.304,1.0645,1.0648,37.20,11.10
2007.08.14 14:48:08.337,1.0645,1.0648,37.30,11.10
2007.08.14 14:48:10.572,1.0646,1.0648,0.30,11.10
2007.08.14 14:48:14.308,1.0646,1.0648,0.30,8.00
2007.08.14 14:48:14.363,1.0646,1.0648,4.20,4.00
2007.08.14 14:48:14.379,1.0646,1.0648,14.60,4.00
2007.08.14 14:48:14.437,1.0646,1.0648,14.60,16.20
2007.08.14 14:48:16.255,1.0646,1.0648,14.60,16.40
2007.08.14 14:48:16.869,1.0646,1.0648,16.20,16.40
2007.08.14 14:48:18.339,1.0646,1.0648,18.60,12.40
2007.08.14 14:48:18.377,1.0647,1.0648,1.60,0.50
2007.08.14 14:48:18.493,1.0647,1.06485,1.60,4.00
2007.08.14 14:48:18.593,1.0647,1.0649,1.60,13.70
2007.08.14 14:48:18.721,1.0647,1.0649,1.60,13.90
2007.08.14 14:48:20.278,1.0647,1.06495,1.60,14.70
2007.08.14 14:48:20.659,1.0647,1.06495,1.60,13.90
2007.08.14 14:48:21.526,1.0647,1.0649,11.20,0.70
2007.08.14 14:48:21.645,1.0647,1.065,11.20,30.00
2007.08.14 14:48:21.978,1.0647,1.065,11.20,24.40
2007.08.14 14:48:22.072,1.0648,1.065,0.30,44.50
2007.08.14 14:48:22.286,1.0648,1.0649,0.30,0.60
2007.08.14 14:48:22.686,1.0648,1.065,0.30,44.50
2007.08.14 14:48:26.355,1.0647,1.0648,25.60,0.90
2007.08.14 14:48:26.445,1.0647,1.0649,2.30,12.50
2007.08.14 14:48:26.536,1.0646,1.0649,19.20,12.50
2007.08.14 14:48:26.559,1.0646,1.0649,18.40,12.50
2007.08.14 14:48:26.595,1.0646,1.0649,13.60,16.50
2007.08.14 14:48:26.638,1.0646,1.0648,9.60,0.80
2007.08.14 14:48:26.657,1.0646,1.0648,8.00,0.60
2007.08.14 14:48:26.870,1.0646,1.0649,9.60,16.70
2007.08.14 14:48:28.087,1.0646,1.0649,31.90,36.70
2007.08.14 14:48:28.249,1.0646,1.0648,27.90,0.90
2007.08.14 14:48:29.040,1.0646,1.0649,27.90,36.80
2007.08.14 14:48:31.055,1.0646,1.0649,27.90,36.70
2007.08.14 14:48:32.769,1.0646,1.0649,27.90,36.90
2007.08.14 14:48:32.860,1.0646,1.0648,27.90,0.80
2007.08.14 14:48:32.927,1.0646,1.0649,28.70,39.00
2007.08.14 14:48:32.954,1.0646,1.0649,22.30,17.30
2007.08.14 14:48:33.058,1.0646,1.0649,26.30,13.30
2007.08.14 14:48:33.135,1.0647,1.0649,0.80,13.20
2007.08.14 14:48:33.236,1.0647,1.0648,0.80,0.40
2007.08.14 14:48:33.249,1.0647,1.065,0.90,27.20
2007.08.14 14:48:33.331,1.0647,1.0649,1.10,0.70
2007.08.14 14:48:33.443,1.0647,1.065,0.40,24.80
2007.08.14 14:48:33.546,1.0647,1.0649,0.40,16.10
2007.08.14 14:48:33.572,1.0646,1.0649,12.00,24.80
2007.08.14 14:48:33.652,1.0646,1.0649,11.20,24.80
2007.08.14 14:48:33.668,1.0646,1.0648,8.80,0.80
2007.08.14 14:48:33.718,1.0646,1.0648,4.00,0.50
2007.08.14 14:48:33.977,1.0646,1.06485,8.00,8.40
2007.08.14 14:48:33.990,1.0646,1.06485,26.30,12.40
2007.08.14 14:48:34.806,1.0646,1.0648,30.30,0.60
2007.08.14 14:48:34.990,1.0646,1.0649,26.30,39.50
2007.08.14 14:48:46.427,1.0646,1.0648,20.00,0.70
2007.08.14 14:48:46.434,1.0646,1.0648,18.40,0.70
2007.08.14 14:48:46.514,1.0646,1.06485,18.40,21.10
2007.08.14 14:48:46.559,1.0646,1.0648,18.40,0.60
2007.08.14 14:48:46.668,1.0646,1.0648,16.00,0.70
2007.08.14 14:48:46.738,1.0646,1.06485,16.00,27.10
2007.08.14 14:48:47.054,1.0646,1.06485,16.00,27.30
2007.08.14 14:48:47.115,1.0646,1.06485,12.00,27.30
2007.08.14 14:48:47.332,1.0645,1.06485,46.40,50.60
2007.08.14 14:48:48.450,1.0646,1.0648,12.00,27.30
2007.08.14 14:48:48.470,1.0645,1.0648,31.10,39.00
2007.08.14 14:48:48.484,1.0645,1.0647,29.50,4.00
2007.08.14 14:48:48.592,1.0645,1.0647,33.50,4.20
2007.08.14 14:48:48.926,1.0645,1.0647,33.50,4.30
2007.08.14 14:48:49.358,1.0645,1.0647,33.50,4.20
2007.08.14 14:48:49.568,1.0645,1.0647,29.50,8.20
2007.08.14 14:48:54.852,1.0645,1.0647,29.50,8.30
2007.08.14 14:48:55.999,1.0645,1.0647,24.70,12.30
2007.08.14 14:48:56.093,1.0645,1.0647,24.70,13.30
2007.08.14 14:48:56.137,1.0645,1.0647,24.70,14.10
2007.08.14 14:48:56.182,1.0645,1.0647,24.70,14.90
2007.08.14 14:48:56.199,1.0645,1.0647,24.70,14.80
2007.08.14 14:48:56.303,1.0645,1.0647,28.70,10.80
2007.08.14 14:48:56.519,1.0645,1.0647,24.70,14.80
2007.08.14 14:48:56.737,1.0645,1.0647,28.70,10.80
2007.08.14 14:48:58.999,1.0645,1.0647,2.40,11.60
2007.08.14 14:48:59.095,1.0645,1.0647,2.40,11.70
2007.08.14 14:48:59.114,1.0644,1.0646,20.40,4.00
2007.08.14 14:48:59.173,1.0644,1.0646,15.60,4.00
2007.08.14 14:48:59.325,1.0644,1.0646,11.60,6.30
2007.08.14 14:48:59.390,1.0644,1.0646,25.90,10.40
2007.08.14 14:48:59.416,1.0644,1.0646,24.30,10.40
2007.08.14 14:48:59.427,1.0644,1.0646,24.30,11.20
2007.08.14 14:48:59.533,1.0644,1.0646,24.40,19.50
2007.08.14 14:48:59.579,1.0644,1.0646,20.40,19.50
2007.08.14 14:48:59.863,1.0644,1.0646,12.40,19.50
2007.08.14 14:48:59.968,1.0644,1.0646,2.00,15.60
2007.08.14 14:49:00.041,1.0644,1.0645,2.00,4.00
2007.08.14 14:49:00.067,1.0644,1.0645,2.00,5.20
2007.08.14 14:49:00.161,1.0644,1.0645,2.00,9.20
2007.08.14 14:49:00.205,1.0644,1.0645,2.00,10.00
2007.08.14 14:49:00.243,1.0644,1.0645,2.00,10.80
2007.08.14 14:49:00.495,1.0644,1.0645,2.00,18.80
2007.08.14 14:49:01.033,1.0644,1.0645,2.00,22.80
2007.08.14 14:49:01.049,1.0642,1.0645,15.20,15.80
2007.08.14 14:49:01.101,1.0642,1.0644,15.20,4.00
2007.08.14 14:49:01.204,1.0642,1.0644,12.80,4.00
2007.08.14 14:49:01.409,1.0642,1.0644,12.80,2.00
2007.08.14 14:49:01.815,1.0642,1.0644,8.80,2.00
2007.08.14 14:49:02.115,1.0642,1.0644,34.50,6.00
2007.08.14 14:49:02.215,1.0642,1.0644,34.00,6.00
2007.08.14 14:49:02.529,1.0642,1.0644,32.50,6.00
2007.08.14 14:49:02.638,1.0642,1.0644,31.70,6.00
2007.08.14 14:49:02.750,1.0642,1.0644,30.90,6.00
2007.08.14 14:49:03.218,1.0642,1.0644,30.70,6.00
2007.08.14 14:49:08.512,1.0642,1.0644,30.70,6.80
2007.08.14 14:49:09.419,1.0642,1.0644,29.10,6.80
2007.08.14 14:49:09.534,1.0642,1.0644,21.20,14.70
2007.08.14 14:49:09.629,1.0642,1.0644,19.40,14.70
2007.08.14 14:49:09.961,1.0642,1.0644,15.40,14.70
2007.08.14 14:49:14.591,1.0642,1.0644,15.40,15.50
2007.08.14 14:49:20.625,1.0642,1.0644,15.40,15.90
2007.08.14 14:49:20.777,1.0642,1.0644,16.20,15.90
2007.08.14 14:49:20.803,1.0642,1.0644,18.00,15.90
2007.08.14 14:49:20.815,1.0642,1.0644,18.80,15.90
2007.08.14 14:49:21.216,1.0642,1.0644,10.80,15.90
2007.08.14 14:49:27.888,1.0642,1.0644,10.50,15.90
2007.08.14 14:49:29.073,1.0642,1.0644,18.50,15.90
2007.08.14 14:49:35.107,1.0642,1.0644,18.40,15.90
2007.08.14 14:49:36.621,1.0642,1.0644,19.20,15.90
2007.08.14 14:49:36.716,1.0642,1.0644,29.40,8.00
2007.08.14 14:49:36.837,1.0642,1.0644,29.80,8.00
2007.08.14 14:49:36.961,1.0642,1.0644,30.40,8.00
2007.08.14 14:49:37.059,1.0642,1.0644,34.40,8.00
2007.08.14 14:49:37.488,1.0642,1.0644,34.20,8.00
2007.08.14 14:49:37.577,1.0642,1.0644,34.00,8.00
2007.08.14 14:49:40.028,1.0642,1.0644,34.20,8.00
2007.08.14 14:49:41.014,1.0642,1.0644,34.10,8.00
2007.08.14 14:49:41.119,1.0642,1.0644,25.80,15.90
2007.08.14 14:49:41.227,1.0642,1.0644,22.40,15.90
2007.08.14 14:49:41.550,1.0642,1.0644,18.40,15.90
2007.08.14 14:49:43.581,1.0642,1.0644,28.90,8.00
2007.08.14 14:49:43.915,1.0642,1.0644,29.00,8.00
2007.08.14 14:49:44.006,1.0642,1.0644,33.00,8.00
2007.08.14 14:49:46.076,1.0642,1.0644,35.40,8.00
2007.08.14 14:49:46.145,1.0642,1.0644,36.50,8.00
2007.08.14 14:49:46.193,1.0642,1.0644,36.50,4.00
2007.08.14 14:49:46.266,1.0642,1.0644,33.20,4.00
2007.08.14 14:49:47.020,1.0642,1.0644,33.40,4.00
2007.08.14 14:49:47.527,1.0642,1.0645,33.40,25.20
2007.08.14 14:49:48.413,1.0642,1.0645,33.50,25.40
2007.08.14 14:49:48.427,1.0642,1.0644,32.70,0.50
2007.08.14 14:49:49.059,1.0642,1.0644,30.30,0.60
2007.08.14 14:49:49.169,1.0642,1.0644,29.10,0.80
2007.08.14 14:49:49.271,1.0642,1.0645,33.00,33.80
2007.08.14 14:49:49.473,1.0642,1.0645,32.90,33.80
2007.08.14 14:49:49.591,1.0642,1.0644,32.80,0.80
2007.08.14 14:49:50.120,1.0642,1.0644,37.50,0.70
2007.08.14 14:49:50.183,1.0642,1.0645,37.50,25.60
2007.08.14 14:49:50.534,1.0642,1.0645,37.80,25.60
2007.08.14 14:49:50.651,1.0642,1.0645,38.00,25.60
2007.08.14 14:49:50.718,1.0642,1.0645,40.40,25.60
2007.08.14 14:49:53.022,1.0642,1.0644,40.60,0.60
2007.08.14 14:49:56.121,1.0643,1.06455,11.90,15.60
2007.08.14 14:49:56.237,1.0643,1.0645,11.90,0.90
2007.08.14 14:49:56.256,1.0643,1.0646,14.40,45.00
2007.08.14 14:49:56.447,1.0643,1.0645,18.40,0.80
2007.08.14 14:50:01.391,1.0643,1.0645,18.30,0.50
2007.08.14 14:50:04.477,1.0643,1.0646,19.80,39.80
2007.08.14 14:50:04.509,1.0643,1.0646,20.60,39.80
2007.08.14 14:50:04.586,1.0643,1.0645,20.90,0.50
2007.08.14 14:50:04.639,1.0643,1.0646,21.70,35.80
2007.08.14 14:50:04.713,1.0643,1.0645,22.00,0.70
2007.08.14 14:50:05.277,1.0643,1.0645,22.60,0.60
2007.08.14 14:50:05.382,1.0643,1.0645,30.60,0.60
2007.08.14 14:50:06.118,1.0643,1.0645,31.00,0.90
2007.08.14 14:50:07.971,1.0643,1.0645,31.70,0.80
2007.08.14 14:50:11.164,1.0643,1.0646,31.60,33.20
2007.08.14 14:50:12.654,1.0643,1.0645,31.60,10.40
2007.08.14 14:50:12.678,1.0643,1.0645,3.30,19.90
2007.08.14 14:50:12.762,1.0643,1.0645,2.50,19.90
2007.08.14 14:50:12.913,1.0643,1.0645,0.80,22.50
2007.08.14 14:50:12.939,1.0642,1.06445,13.40,9.60
2007.08.14 14:50:13.061,1.0642,1.06445,12.00,9.60
2007.08.14 14:50:13.077,1.0642,1.0644,12.00,0.70
2007.08.14 14:50:13.167,1.0642,1.0645,13.60,25.70
2007.08.14 14:50:13.193,1.0642,1.06445,15.50,0.70
2007.08.14 14:50:13.321,1.0642,1.06445,39.60,8.00
2007.08.14 14:50:13.507,1.0642,1.0645,40.40,30.10
2007.08.14 14:50:13.719,1.0642,1.0644,36.40,0.50
2007.08.14 14:50:14.040,1.0642,1.0645,36.60,28.10
2007.08.14 14:50:14.134,1.0642,1.0645,37.50,27.10
2007.08.14 14:50:14.215,1.0642,1.0645,41.50,27.10
2007.08.14 14:50:14.247,1.0643,1.0646,7.90,34.70
2007.08.14 14:50:14.365,1.0643,1.0646,11.90,42.50
2007.08.14 14:50:14.573,1.0643,1.0645,15.90,0.90
2007.08.14 14:50:14.656,1.0643,1.0646,15.90,38.50
2007.08.14 14:50:18.158,1.0643,1.0645,4.00,8.00
2007.08.14 14:50:18.562,1.0642,1.0645,34.20,8.00
2007.08.14 14:50:19.137,1.0642,1.0644,34.20,4.00
2007.08.14 14:50:19.149,1.0642,1.0644,30.20,4.00
2007.08.14 14:50:19.201,1.0642,1.0644,26.00,8.00
2007.08.14 14:50:19.323,1.0642,1.0644,17.10,4.00
2007.08.14 14:50:19.760,1.0642,1.0644,16.80,4.00
2007.08.14 14:50:21.254,1.0642,1.0644,16.40,4.00
2007.08.14 14:50:21.789,1.0642,1.0644,36.50,8.00
2007.08.14 14:50:21.816,1.0642,1.0644,1.60,8.00
2007.08.14 14:50:23.169,1.0641,1.0644,55.80,8.00
2007.08.14 14:50:24.773,1.0642,1.0644,8.20,8.00
2007.08.14 14:50:25.614,1.0642,1.0644,6.00,12.00
2007.08.14 14:50:25.636,1.0641,1.0643,52.30,4.00
2007.08.14 14:50:25.709,1.0642,1.0643,0.70,4.00
2007.08.14 14:50:26.243,1.0642,1.0643,0.90,8.00
2007.08.14 14:50:28.677,1.0641,1.0643,43.40,4.00
2007.08.14 14:50:30.163,1.0641,1.0643,45.20,4.00
2007.08.14 14:50:30.187,1.0641,1.0644,45.20,22.40
2007.08.14 14:50:30.297,1.0642,1.0644,9.30,10.40
2007.08.14 14:50:30.394,1.0642,1.0644,6.50,8.00
2007.08.14 14:50:30.445,1.0642,1.0644,2.00,8.00
2007.08.14 14:50:30.700,1.0641,1.0644,43.40,8.00
2007.08.14 14:50:30.821,1.0641,1.0644,45.60,8.00
2007.08.14 14:50:31.111,1.0641,1.0644,45.60,4.00
2007.08.14 14:50:31.124,1.0642,1.0645,14.70,26.40
2007.08.14 14:50:31.298,1.0643,1.0645,0.40,10.40
2007.08.14 14:50:31.342,1.0643,1.0645,0.50,8.00
2007.08.14 14:50:34.291,1.0642,1.0645,34.30,8.00
2007.08.14 14:50:36.186,1.0643,1.0645,0.90,8.00
2007.08.14 14:50:36.293,1.0643,1.0645,0.70,8.00
2007.08.14 14:50:36.660,1.0643,1.0644,0.50,4.00
2007.08.14 14:50:36.743,1.0642,1.0644,29.90,4.00
2007.08.14 14:50:36.841,1.0642,1.0644,25.80,4.00
2007.08.14 14:50:36.942,1.0642,1.0644,12.70,4.00
2007.08.14 14:50:37.267,1.06415,1.0644,26.40,4.00
2007.08.14 14:50:37.797,1.06415,1.0644,26.40,8.00
2007.08.14 14:50:43.173,1.0642,1.0644,11.80,8.00
2007.08.14 14:50:43.285,1.0642,1.0644,5.10,8.00
2007.08.14 14:50:44.150,1.06415,1.0644,25.00,8.00
2007.08.14 14:50:46.375,1.06415,1.0644,24.90,8.00
2007.08.14 14:50:50.183,1.0642,1.0644,24.10,4.00
2007.08.14 14:50:50.227,1.0642,1.0644,28.20,4.00
2007.08.14 14:50:50.320,1.0642,1.0644,37.50,4.00
2007.08.14 14:50:50.439,1.0643,1.0644,0.50,4.00
2007.08.14 14:50:51.721,1.0643,1.0644,0.50,4.00
2007.08.14 14:51:09.437,1.0643,1.0644,1.60,4.00
2007.08.14 14:51:09.448,1.0643,1.0644,2.40,4.00
2007.08.14 14:51:09.499,1.0643,1.0644,3.20,4.00
2007.08.14 14:51:09.751,1.0643,1.0645,3.20,8.00
2007.08.14 14:51:12.453,1.0643,1.0645,2.40,8.00
2007.08.14 14:51:12.492,1.0643,1.0645,1.00,8.00
2007.08.14 14:51:12.571,1.0643,1.0645,0.30,8.00
2007.08.14 14:51:12.589,1.0642,1.0645,19.60,8.10
2007.08.14 14:51:12.702,1.0642,1.0645,20.20,8.10
2007.08.14 14:51:12.759,1.0642,1.0644,17.80,4.00
2007.08.14 14:51:12.798,1.0642,1.0644,13.80,4.00
2007.08.14 14:51:12.916,1.0642,1.0644,33.10,8.00
2007.08.14 14:51:13.017,1.0642,1.0644,32.80,8.00
2007.08.14 14:51:13.125,1.0642,1.0644,32.00,8.00
2007.08.14 14:51:13.462,1.0642,1.0644,23.80,8.00
2007.08.14 14:51:15.236,1.0642,1.0644,23.80,4.00
2007.08.14 14:51:15.296,1.0642,1.0644,36.60,4.00
2007.08.14 14:51:15.854,1.0642,1.0644,39.00,4.00
2007.08.14 14:51:17.209,1.0642,1.0645,39.00,22.40
2007.08.14 14:51:17.322,1.0642,1.0645,26.20,26.40
2007.08.14 14:51:17.450,1.0642,1.0644,23.80,0.70
2007.08.14 14:51:18.238,1.0642,1.0645,23.00,30.50
2007.08.14 14:51:18.422,1.0642,1.0645,22.60,32.00
2007.08.14 14:51:19.239,1.0642,1.0645,22.00,33.70
2007.08.14 14:51:19.367,1.0642,1.0645,20.70,34.10
2007.08.14 14:51:19.402,1.0642,1.0645,19.90,34.90
2007.08.14 14:51:19.425,1.0642,1.0645,19.10,35.60
2007.08.14 14:51:19.453,1.0642,1.0644,18.30,0.70
2007.08.14 14:51:19.607,1.0642,1.0645,18.30,39.10
2007.08.14 14:51:19.701,1.0642,1.0644,18.30,0.90
2007.08.14 14:51:19.715,1.0642,1.0644,18.30,10.80
2007.08.14 14:51:19.779,1.0641,1.0644,22.80,11.00
2007.08.14 14:51:19.812,1.0641,1.0644,20.40,11.00
2007.08.14 14:51:19.867,1.0641,1.0644,18.00,11.20
2007.08.14 14:51:20.003,1.0641,1.0644,17.80,11.20
2007.08.14 14:51:20.040,1.0641,1.0644,13.80,15.20
2007.08.14 14:51:20.118,1.0641,1.0643,37.10,0.50
2007.08.14 14:51:20.558,1.0641,1.0644,33.10,31.10
2007.08.14 14:51:20.953,1.0641,1.0644,33.00,31.10
2007.08.14 14:51:21.752,1.0641,1.0643,33.00,0.70
2007.08.14 14:51:21.809,1.0641,1.0644,21.70,37.30
2007.08.14 14:51:21.870,1.0641,1.0643,20.10,0.80
2007.08.14 14:51:21.920,1.0641,1.0643,20.00,0.60
2007.08.14 14:51:22.229,1.0641,1.06435,16.00,22.30
2007.08.14 14:51:22.267,1.0641,1.06435,14.40,22.30
2007.08.14 14:51:22.338,1.0641,1.06435,10.40,26.30
2007.08.14 14:51:22.554,1.0641,1.0643,14.40,0.60
2007.08.14 14:51:22.760,1.0641,1.06435,4.20,10.40
2007.08.14 14:51:22.797,1.0641,1.0643,5.80,0.80
2007.08.14 14:51:22.865,1.0641,1.0643,7.40,0.90
2007.08.14 14:51:23.497,1.0641,1.0643,7.40,0.50
2007.08.14 14:51:25.785,1.0641,1.0643,5.80,0.80
2007.08.14 14:51:25.811,1.0641,1.0644,14.40,41.60
2007.08.14 14:51:25.901,1.0641,1.0644,10.40,41.60
2007.08.14 14:51:25.996,1.0641,1.0644,6.40,41.50
2007.08.14 14:51:26.564,1.0641,1.0643,6.70,0.50
2007.08.14 14:51:28.352,1.0641,1.0644,2.70,41.60
2007.08.14 14:51:29.321,1.0641,1.0644,16.40,37.40
2007.08.14 14:51:29.422,1.0641,1.0644,24.40,47.60
2007.08.14 14:51:29.519,1.0641,1.0644,26.50,42.50
2007.08.14 14:51:29.599,1.0641,1.0644,26.50,38.50
2007.08.14 14:51:29.810,1.0641,1.0644,26.50,37.70
2007.08.14 14:51:29.843,1.0641,1.0644,10.40,15.40
2007.08.14 14:51:32.057,1.0641,1.0644,10.40,14.60
2007.08.14 14:51:32.779,1.0641,1.0644,9.90,23.80
2007.08.14 14:51:32.824,1.0641,1.0643,9.90,0.60
2007.08.14 14:51:32.883,1.0641,1.0644,18.70,42.80
2007.08.14 14:51:32.991,1.0641,1.0644,18.70,44.40
2007.08.14 14:51:33.103,1.0641,1.0643,18.70,0.50
2007.08.14 14:51:33.317,1.0641,1.0643,8.30,0.70
2007.08.14 14:51:33.404,1.0641,1.0644,12.30,45.60
2007.08.14 14:51:35.761,1.0641,1.0644,20.40,38.20
2007.08.14 14:51:35.879,1.0641,1.0644,24.40,42.90
2007.08.14 14:51:35.987,1.0641,1.0644,24.70,42.70
2007.08.14 14:51:36.107,1.0641,1.0643,24.70,0.60
2007.08.14 14:51:36.412,1.0641,1.0644,10.40,14.70
2007.08.14 14:51:36.828,1.0641,1.0644,10.40,16.20
2007.08.14 14:51:36.924,1.0641,1.0644,14.70,39.70
2007.08.14 14:51:36.992,1.0641,1.0643,14.70,0.70
2007.08.14 14:51:37.024,1.0641,1.0644,18.70,44.50
2007.08.14 14:51:37.324,1.0641,1.0643,10.70,0.50
2007.08.14 14:51:37.756,1.0641,1.0644,14.70,45.30
2007.08.14 14:51:39.791,1.0641,1.0644,17.90,39.20
2007.08.14 14:51:39.919,1.0641,1.0644,11.70,17.00
2007.08.14 14:51:39.998,1.0641,1.0644,12.00,17.00
2007.08.14 14:51:40.055,1.0641,1.0643,12.00,0.80
2007.08.14 14:51:40.525,1.0641,1.0644,12.00,15.40
2007.08.14 14:51:41.833,1.0641,1.0644,11.20,15.70
2007.08.14 14:51:41.855,1.0641,1.0644,11.20,16.50
2007.08.14 14:51:41.952,1.0641,1.0644,11.20,16.40
2007.08.14 14:51:42.457,1.0641,1.0643,31.30,0.50
2007.08.14 14:51:49.368,1.0641,1.0643,18.40,18.40
2007.08.14 14:51:49.465,1.0641,1.0642,14.40,0.50
2007.08.14 14:51:49.572,1.0641,1.0642,18.40,0.80
2007.08.14 14:51:49.785,1.0641,1.0643,18.40,18.40
2007.08.14 14:51:49.905,1.0641,1.0643,14.40,18.40
2007.08.14 14:51:51.810,1.0641,1.0643,22.30,9.60
2007.08.14 14:51:51.901,1.0641,1.0643,22.30,8.80
2007.08.14 14:51:51.923,1.0641,1.0643,11.20,4.80
2007.08.14 14:51:51.964,1.0641,1.0643,11.20,4.00
2007.08.14 14:51:52.336,1.0641,1.0643,11.30,4.00
2007.08.14 14:51:52.442,1.0641,1.0643,11.40,4.00
2007.08.14 14:51:52.765,1.0641,1.0643,11.30,4.00
2007.08.14 14:51:53.877,1.0641,1.0643,13.70,4.00
2007.08.14 14:51:53.948,1.0642,1.0643,8.00,4.00
2007.08.14 14:51:55.899,1.0642,1.0644,8.00,27.90
2007.08.14 14:51:55.936,1.0642,1.0644,13.80,6.40
2007.08.14 14:51:56.034,1.0642,1.0644,13.80,4.00
2007.08.14 14:51:56.159,1.0642,1.0644,14.40,4.00
2007.08.14 14:51:56.256,1.0642,1.0644,15.50,4.00
2007.08.14 14:51:56.326,1.0642,1.0644,16.30,4.00
2007.08.14 14:51:56.467,1.0642,1.0644,21.10,4.00
2007.08.14 14:51:56.698,1.0642,1.0644,21.40,4.00
2007.08.14 14:51:56.796,1.0642,1.0644,23.80,4.00
2007.08.14 14:51:56.890,1.0642,1.0644,23.90,4.00
2007.08.14 14:51:57.556,1.0642,1.0644,23.80,4.00
2007.08.14 14:51:57.665,1.0642,1.0644,23.80,4.00
2007.08.14 14:51:57.993,1.0643,1.0645,8.20,23.20
2007.08.14 14:51:58.112,1.0643,1.0645,28.20,3.20
2007.08.14 14:51:58.187,1.0643,1.0645,29.00,3.20
2007.08.14 14:51:58.201,1.0643,1.0645,29.80,3.20
2007.08.14 14:51:58.233,1.0643,1.0645,32.40,0.80
2007.08.14 14:51:58.329,1.0643,1.0645,36.40,0.80
2007.08.14 14:51:58.538,1.0643,1.0645,40.40,0.80
2007.08.14 14:51:58.725,1.0643,1.0645,44.40,0.80
2007.08.14 14:51:59.810,1.0643,1.0645,44.60,0.80
2007.08.14 14:51:59.947,1.0645,1.0646,1.60,6.40
2007.08.14 14:52:00.047,1.0645,1.0646,1.60,0.80
2007.08.14 14:52:00.156,1.0645,1.0646,3.00,0.80
2007.08.14 14:52:00.187,1.0645,1.0646,3.80,0.80
2007.08.14 14:52:00.265,1.0645,1.0646,4.60,0.80
2007.08.14 14:52:00.466,1.0645,1.0646,2.80,0.80
2007.08.14 14:52:00.580,1.0645,1.0646,1.60,0.80
2007.08.14 14:52:00.603,1.0645,1.0646,0.80,0.80
2007.08.14 14:52:00.922,1.0645,1.0646,2.40,0.80
2007.08.14 14:52:00.950,1.0645,1.0646,3.20,0.80
2007.08.14 14:52:01.023,1.0645,1.0646,4.50,0.80
2007.08.14 14:52:01.105,1.0645,1.06465,4.80,0.60
2007.08.14 14:52:01.405,1.0646,1.06465,0.10,0.60
2007.08.14 14:52:04.461,1.0646,1.0647,0.10,19.90
2007.08.14 14:52:07.282,1.0645,1.0647,14.00,21.50
2007.08.14 14:52:07.522,1.0645,1.0647,13.30,25.50
2007.08.14 14:52:07.616,1.0645,1.0647,10.90,27.90
2007.08.14 14:52:09.073,1.0645,1.0646,10.90,4.00
2007.08.14 14:52:09.939,1.0645,1.0646,2.90,4.00
2007.08.14 14:52:10.935,1.0645,1.0646,3.20,4.00
2007.08.14 14:52:11.017,1.0645,1.0646,3.60,4.00
2007.08.14 14:52:12.076,1.0645,1.0647,3.60,22.30
2007.08.14 14:52:12.843,1.0645,1.0647,7.60,22.30
2007.08.14 14:52:12.960,1.0645,1.0647,38.80,6.40
2007.08.14 14:52:13.047,1.0645,1.0647,41.20,4.00
2007.08.14 14:52:13.114,1.0645,1.0648,43.60,26.50
2007.08.14 14:52:13.167,1.0645,1.0648,43.80,26.40
2007.08.14 14:52:13.206,1.0645,1.0648,47.80,26.40
2007.08.14 14:52:13.385,1.0645,1.0648,47.80,22.40
2007.08.14 14:52:13.706,1.0645,1.0648,47.80,22.30
2007.08.14 14:52:14.309,1.0645,1.0648,51.80,22.30
2007.08.14 14:52:14.817,1.0645,1.0648,51.40,22.30
2007.08.14 14:52:18.192,1.0645,1.0648,51.30,22.30
2007.08.14 14:52:18.520,1.0645,1.0649,51.30,42.30
2007.08.14 14:52:19.657,1.0645,1.0648,51.10,22.30
2007.08.14 14:52:20.602,1.0646,1.0648,1.60,22.30
2007.08.14 14:52:20.729,1.0646,1.0648,3.20,22.30
2007.08.14 14:52:20.733,1.0646,1.0648,4.80,22.30
2007.08.14 14:52:20.912,1.0646,1.0648,8.80,4.00
2007.08.14 14:52:28.416,1.0646,1.0648,10.40,4.00
2007.08.14 14:52:29.398,1.0646,1.0648,12.80,4.00
2007.08.14 14:52:31.936,1.0646,1.0648,10.40,4.00
2007.08.14 14:52:32.001,1.0646,1.0648,8.80,4.00
2007.08.14 14:52:33.454,1.0646,1.0648,8.80,4.40
2007.08.14 14:52:33.550,1.0646,1.0648,8.80,5.40
2007.08.14 14:52:33.572,1.0646,1.0648,8.80,6.20
2007.08.14 14:52:33.721,1.0646,1.0648,8.80,7.00
2007.08.14 14:52:36.565,1.0645,1.0648,31.20,7.00
2007.08.14 14:52:40.045,1.0645,1.0648,36.10,6.20
2007.08.14 14:52:40.141,1.0645,1.0648,36.10,5.40
2007.08.14 14:52:40.159,1.06455,1.0648,14.40,4.60
2007.08.14 14:52:40.550,1.06455,1.0648,14.40,4.30
2007.08.14 14:52:41.622,1.0646,1.0648,4.70,4.40
2007.08.14 14:52:42.464,1.06455,1.0648,14.40,4.30
2007.08.14 14:52:45.238,1.0646,1.0648,5.40,4.40
2007.08.14 14:52:45.425,1.0647,1.0648,2.40,4.00
2007.08.14 14:52:45.431,1.0647,1.0649,2.60,22.80
2007.08.14 14:52:45.552,1.0646,1.0649,34.60,8.50
2007.08.14 14:52:45.587,1.0647,1.0649,4.20,8.50
2007.08.14 14:52:45.654,1.0646,1.0649,35.90,8.20
2007.08.14 14:52:45.867,1.0647,1.0649,1.90,8.20
2007.08.14 14:52:47.183,1.0646,1.0649,35.90,8.20
2007.08.14 14:52:47.433,1.0647,1.0649,4.40,8.20
2007.08.14 14:52:48.124,1.06465,1.0649,17.30,8.20
2007.08.14 14:52:48.230,1.0647,1.0649,1.50,7.80
2007.08.14 14:52:48.331,1.0647,1.0649,6.90,7.60
2007.08.14 14:52:48.974,1.06465,1.0649,14.50,8.10
2007.08.14 14:52:49.062,1.0647,1.0649,3.80,8.10
2007.08.14 14:52:49.083,1.0647,1.0649,1.30,8.40
2007.08.14 14:52:49.153,1.0647,1.0649,3.00,8.40
2007.08.14 14:52:49.388,1.06465,1.0649,17.60,8.60
2007.08.14 14:52:49.496,1.0647,1.0649,1.20,8.60
2007.08.14 14:52:50.492,1.0647,1.0649,3.50,8.80
2007.08.14 14:52:50.825,1.0647,1.0649,1.30,8.80
2007.08.14 14:52:51.859,1.06465,1.0649,7.20,8.80
2007.08.14 14:52:53.881,1.0647,1.0649,2.00,8.90
2007.08.14 14:52:55.487,1.06465,1.0649,7.20,8.60
2007.08.14 14:52:55.929,1.06465,1.0649,7.20,8.90
2007.08.14 14:52:57.896,1.06465,1.0649,7.40,8.50
2007.08.14 14:52:58.403,1.06465,1.0649,7.40,8.60
2007.08.14 14:52:58.947,1.06465,1.0649,7.40,10.20
2007.08.14 14:52:58.983,1.06465,1.0648,7.40,4.00
2007.08.14 14:52:59.065,1.0647,1.0648,1.70,4.10
2007.08.14 14:52:59.263,1.06465,1.0648,1.50,4.10
2007.08.14 14:53:02.813,1.0646,1.0648,13.60,4.30
2007.08.14 14:53:03.411,1.0646,1.0648,12.80,0.40
2007.08.14 14:53:03.540,1.0646,1.0649,12.80,12.90
2007.08.14 14:53:07.896,1.06465,1.0648,3.20,0.80
2007.08.14 14:53:07.984,1.06465,1.0648,3.20,2.40
2007.08.14 14:53:08.087,1.06465,1.0648,3.20,0.80
2007.08.14 14:53:08.156,1.06465,1.0648,3.20,1.60
2007.08.14 14:53:08.216,1.06465,1.0648,3.20,0.80
2007.08.14 14:53:08.338,1.06465,1.0649,3.20,13.70
2007.08.14 14:53:08.447,1.06465,1.0648,3.20,4.00
2007.08.14 14:53:08.553,1.06465,1.0648,1.60,4.00
2007.08.14 14:53:08.612,1.06465,1.0648,1.60,4.30
2007.08.14 14:53:08.706,1.06465,1.0648,1.60,4.40
2007.08.14 14:53:08.761,1.0646,1.0648,15.20,4.40
2007.08.14 14:53:08.981,1.0646,1.0648,16.80,4.40
2007.08.14 14:53:09.024,1.0646,1.0648,20.80,4.40
2007.08.14 14:53:09.034,1.0646,1.0648,20.80,4.30
2007.08.14 14:53:09.083,1.0646,1.0648,20.80,0.40
2007.08.14 14:53:09.443,1.0646,1.0648,19.20,0.40
2007.08.14 14:53:09.493,1.0646,1.0648,16.80,4.30
2007.08.14 14:53:09.561,1.0646,1.0648,12.80,4.40
2007.08.14 14:53:10.178,1.0646,1.0648,31.10,4.40
2007.08.14 14:53:12.512,1.0646,1.0648,12.80,5.60
2007.08.14 14:53:12.613,1.0646,1.0648,21.60,6.40
2007.08.14 14:53:12.670,1.0646,1.0648,21.60,7.20
2007.08.14 14:53:12.820,1.0646,1.0648,15.20,7.20
2007.08.14 14:53:12.948,1.0646,1.0648,15.20,7.20
2007.08.14 14:53:12.985,1.0646,1.0647,15.20,4.00
2007.08.14 14:53:13.072,1.0646,1.0647,11.20,4.00
2007.08.14 14:53:13.109,1.0646,1.0647,9.60,4.00
2007.08.14 14:53:13.167,1.0646,1.0647,5.60,4.00
2007.08.14 14:53:13.181,1.0646,1.0647,1.60,4.00
2007.08.14 14:53:13.194,1.0645,1.0647,37.40,4.00
2007.08.14 14:53:14.905,1.0645,1.0647,33.40,4.00
2007.08.14 14:53:15.571,1.0645,1.0647,33.40,4.00
2007.08.14 14:53:18.585,1.06455,1.0647,1.60,4.00
2007.08.14 14:53:18.600,1.06455,1.0648,1.60,30.20
2007.08.14 14:53:18.611,1.0646,1.0648,4.00,7.60
2007.08.14 14:53:20.438,1.0646,1.0648,4.00,11.60
2007.08.14 14:53:20.461,1.0646,1.0648,4.00,13.20
2007.08.14 14:53:20.532,1.06455,1.0647,3.20,3.20
2007.08.14 14:53:20.660,1.06455,1.0647,1.60,3.20
2007.08.14 14:53:20.742,1.0645,1.0647,13.20,3.20
2007.08.14 14:53:20.763,1.0645,1.0647,12.00,3.20
2007.08.14 14:53:20.858,1.0645,1.0647,11.20,3.20
2007.08.14 14:53:20.969,1.0645,1.0648,12.00,11.90
2007.08.14 14:53:20.990,1.0645,1.0648,12.00,7.90
2007.08.14 14:53:21.081,1.0645,1.0648,32.30,35.30
2007.08.14 14:53:21.176,1.0645,1.0648,32.30,27.30
2007.08.14 14:53:21.308,1.0645,1.0648,28.30,27.30
2007.08.14 14:53:21.496,1.0645,1.0648,32.10,23.60
2007.08.14 14:53:21.592,1.0645,1.0648,32.10,23.30
2007.08.14 14:53:22.973,1.0646,1.0648,7.90,15.40
2007.08.14 14:53:23.076,1.0646,1.0648,4.00,3.70
2007.08.14 14:53:23.087,1.0646,1.0648,4.00,2.90
2007.08.14 14:53:23.184,1.0646,1.0648,4.00,2.80
2007.08.14 14:53:23.242,1.0646,1.0648,4.00,2.00
2007.08.14 14:53:26.740,1.0646,1.0648,4.00,1.80
2007.08.14 14:53:28.478,1.0646,1.0648,4.00,5.80
2007.08.14 14:53:28.490,1.0646,1.0648,4.00,10.60
2007.08.14 14:53:28.547,1.06455,1.0648,1.60,20.30
2007.08.14 14:53:28.642,1.06455,1.0647,1.60,2.40
2007.08.14 14:53:28.692,1.0645,1.0647,12.90,2.40
2007.08.14 14:53:28.762,1.0645,1.0647,12.00,2.40
2007.08.14 14:53:28.793,1.0645,1.0647,13.60,2.40
2007.08.14 14:53:28.967,1.0645,1.0647,13.60,2.70
2007.08.14 14:53:29.509,1.0645,1.0647,12.80,2.70
2007.08.14 14:53:29.616,1.0645,1.0647,7.20,29.10
2007.08.14 14:53:29.654,1.0645,1.0647,1.60,29.10
2007.08.14 14:53:34.565,1.0645,1.0647,1.60,21.10
2007.08.14 14:53:34.779,1.0645,1.0647,1.60,22.20
2007.08.14 14:53:34.807,1.0645,1.0647,1.60,23.00
2007.08.14 14:53:34.969,1.0645,1.0647,1.60,23.80
2007.08.14 14:53:35.110,1.0645,1.0647,1.60,23.90
2007.08.14 14:53:35.223,1.0645,1.0647,1.60,31.90
2007.08.14 14:53:35.620,1.0645,1.0647,1.60,31.70
2007.08.14 14:53:35.908,1.0645,1.0647,0.60,31.70
2007.08.14 14:53:39.313,1.0645,1.0647,0.70,31.60
2007.08.14 14:53:40.052,1.06445,1.0647,11.10,12.40
2007.08.14 14:53:40.157,1.0645,1.0647,4.00,11.50
2007.08.14 14:53:40.219,1.06445,1.0647,11.10,10.70
2007.08.14 14:53:40.262,1.06445,1.0647,7.20,0.40
2007.08.14 14:53:40.511,1.0645,1.0647,4.80,0.40
2007.08.14 14:53:40.567,1.0645,1.0648,4.50,12.20
2007.08.14 14:53:40.599,1.06445,1.0648,15.20,8.20
2007.08.14 14:53:40.682,1.06445,1.0648,36.90,36.10
2007.08.14 14:53:40.883,1.0645,1.0648,15.70,32.10
2007.08.14 14:53:40.913,1.06455,1.0648,0.90,32.10
2007.08.14 14:53:41.171,1.06455,1.0648,1.10,31.30
2007.08.14 14:53:42.267,1.0645,1.0648,36.90,31.20
2007.08.14 14:53:43.681,1.06455,1.0648,1.20,16.80
2007.08.14 14:53:47.018,1.06455,1.0647,0.50,0.20
2007.08.14 14:53:47.098,1.06455,1.0647,5.60,0.20
2007.08.14 14:53:47.150,1.0646,1.0648,2.40,15.70
2007.08.14 14:53:47.179,1.06455,1.0648,5.60,11.70
2007.08.14 14:53:47.789,1.06455,1.0648,5.60,11.40
2007.08.14 14:53:48.090,1.06455,1.0648,5.60,10.60
2007.08.14 14:53:49.142,1.06455,1.0648,5.60,10.50
2007.08.14 14:53:49.581,1.06455,1.0648,5.60,10.70
2007.08.14 14:53:50.076,1.0645,1.0648,13.60,14.70
2007.08.14 14:53:50.109,1.0645,1.0648,12.80,19.00
2007.08.14 14:53:50.184,1.06455,1.0648,1.70,23.00
2007.08.14 14:53:50.199,1.06455,1.0647,2.00,0.50
2007.08.14 14:53:51.881,1.0645,1.0647,12.80,1.20
2007.08.14 14:53:51.922,1.06455,1.0647,2.00,2.00
2007.08.14 14:53:51.991,1.06455,1.0647,0.50,2.80
2007.08.14 14:53:55.758,1.0645,1.0647,12.80,3.00
2007.08.14 14:53:55.912,1.0645,1.0647,12.80,3.00
2007.08.14 14:53:56.189,1.0645,1.0647,12.80,3.10
2007.08.14 14:53:56.419,1.06455,1.0647,0.60,2.90
2007.08.14 14:53:56.512,1.0645,1.0647,12.80,2.80
2007.08.14 14:53:56.729,1.0645,1.0647,12.80,3.00
2007.08.14 14:53:58.413,1.06455,1.0647,0.50,2.80
2007.08.14 14:53:59.639,1.0645,1.0647,12.80,4.00
2007.08.14 14:53:59.708,1.06455,1.0647,0.90,4.00
2007.08.14 14:53:59.860,1.0644,1.0647,32.30,4.00
2007.08.14 14:54:00.135,1.0644,1.0647,44.10,18.40
2007.08.14 14:54:00.605,1.0645,1.0647,0.50,17.60
2007.08.14 14:54:00.690,1.06445,1.0647,12.80,16.80
2007.08.14 14:54:00.851,1.0645,1.0647,4.90,15.10
2007.08.14 14:54:01.056,1.0645,1.0647,4.60,19.10
2007.08.14 14:54:01.090,1.0645,1.0647,4.60,10.40
2007.08.14 14:54:01.160,1.0645,1.06475,6.20,4.00
2007.08.14 14:54:01.266,1.0645,1.06475,1.20,4.00
2007.08.14 14:54:01.433,1.0645,1.0648,4.60,26.00
2007.08.14 14:54:02.296,1.06445,1.0648,14.30,25.20
2007.08.14 14:54:06.553,1.0646,1.0648,4.00,21.20
2007.08.14 14:54:06.648,1.0646,1.0648,4.00,21.60
2007.08.14 14:54:06.720,1.0646,1.0648,4.00,17.60
2007.08.14 14:54:06.850,1.0646,1.0648,4.00,15.20
2007.08.14 14:54:06.971,1.0646,1.0648,4.00,14.70
2007.08.14 14:54:07.203,1.0646,1.0648,4.00,10.40
2007.08.14 14:54:07.286,1.0646,1.0648,4.00,14.40
2007.08.14 14:54:07.501,1.0646,1.0648,4.00,14.60
2007.08.14 14:54:07.830,1.0646,1.0648,4.00,14.40
2007.08.14 14:54:09.306,1.0646,1.0648,4.00,14.60
2007.08.14 14:54:09.837,1.0646,1.0648,4.00,14.80
2007.08.14 14:54:10.701,1.0646,1.0648,4.00,14.60
2007.08.14 14:54:11.752,1.0646,1.0648,4.00,14.70
2007.08.14 14:54:12.602,1.0646,1.0648,4.00,12.00
2007.08.14 14:54:12.635,1.0646,1.0648,4.00,10.40
2007.08.14 14:54:12.698,1.0646,1.0648,4.00,4.80
2007.08.14 14:54:12.745,1.0646,1.0648,4.00,4.00
2007.08.14 14:54:13.131,1.0646,1.0648,4.00,5.60
2007.08.14 14:54:13.666,1.0646,1.0648,4.80,5.60
2007.08.14 14:54:13.752,1.0647,1.0648,0.60,5.60
2007.08.14 14:54:14.372,1.0646,1.0648,5.60,5.60
2007.08.14 14:54:14.429,1.0646,1.0648,4.80,5.60
2007.08.14 14:54:14.441,1.0646,1.0648,4.00,5.60
2007.08.14 14:54:14.588,1.0646,1.0647,4.00,2.40
2007.08.14 14:54:14.685,1.06455,1.0647,3.20,2.40
2007.08.14 14:54:14.708,1.06455,1.0647,3.20,6.40
2007.08.14 14:54:15.610,1.0646,1.0647,4.00,6.40
2007.08.14 14:54:15.635,1.0646,1.0647,4.00,10.40
2007.08.14 14:54:15.754,1.0646,1.06475,4.00,4.00
2007.08.14 14:54:15.911,1.0646,1.0648,4.00,4.80
2007.08.14 14:54:15.929,1.0646,1.0648,4.00,4.00
2007.08.14 14:54:15.938,1.0646,1.0648,4.00,4.80
2007.08.14 14:54:16.034,1.0647,1.0648,4.00,4.80
2007.08.14 14:54:16.162,1.0647,1.0648,4.90,0.80
2007.08.14 14:54:16.260,1.0647,1.0648,5.10,0.80
2007.08.14 14:54:16.377,1.0647,1.0648,5.20,0.80
2007.08.14 14:54:16.587,1.0647,1.0648,4.80,0.80
2007.08.14 14:54:16.646,1.0647,1.0649,4.80,8.60
2007.08.14 14:54:16.678,1.0647,1.0649,4.50,8.60
2007.08.14 14:54:16.791,1.0647,1.0649,4.40,8.80
2007.08.14 14:54:17.115,1.0647,1.0649,4.70,8.80
2007.08.14 14:54:17.225,1.0647,1.0649,4.80,8.00
2007.08.14 14:54:17.530,1.0647,1.0649,4.80,9.60
2007.08.14 14:54:17.635,1.0647,1.0649,4.50,9.60
2007.08.14 14:54:17.754,1.0647,1.0649,4.50,9.80
2007.08.14 14:54:18.593,1.0647,1.0649,4.80,8.20
2007.08.14 14:54:18.806,1.0647,1.0649,5.00,7.90
2007.08.14 14:54:19.242,1.0647,1.0649,6.60,7.90
2007.08.14 14:54:19.271,1.0647,1.0649,8.20,7.90
2007.08.14 14:54:19.433,1.0647,1.0649,9.80,7.90
2007.08.14 14:54:19.445,1.0647,1.0649,9.60,7.90
2007.08.14 14:54:19.536,1.0647,1.0649,9.80,7.60
2007.08.14 14:54:19.625,1.0648,1.0649,4.00,7.60
2007.08.14 14:54:19.661,1.0648,1.0649,4.00,7.30
2007.08.14 14:54:19.723,1.0648,1.0649,4.00,6.50
2007.08.14 14:54:19.847,1.0648,1.0649,4.00,5.60
2007.08.14 14:54:19.920,1.0648,1.0649,4.00,4.80
2007.08.14 14:54:19.964,1.0648,1.065,4.00,18.00
2007.08.14 14:54:20.044,1.0648,1.065,4.00,18.80
2007.08.14 14:54:20.059,1.0648,1.065,4.00,19.20
2007.08.14 14:54:20.169,1.0648,1.065,4.40,17.20
2007.08.14 14:54:23.099,1.0648,1.065,4.40,13.20
2007.08.14 14:54:23.116,1.0649,1.065,4.00,10.80
2007.08.14 14:54:23.219,1.0649,1.065,4.00,3.20
2007.08.14 14:54:23.281,1.0649,1.065,4.00,2.40
2007.08.14 14:54:23.430,1.0649,1.0651,4.10,20.10
2007.08.14 14:54:23.525,1.0649,1.0651,4.10,20.90
2007.08.14 14:54:23.831,1.0649,1.0651,4.10,16.90
2007.08.14 14:54:23.840,1.0649,1.0651,4.10,14.50
2007.08.14 14:54:24.167,1.0649,1.0651,4.00,13.70
2007.08.14 14:54:24.276,1.0649,1.0651,4.00,13.80
2007.08.14 14:54:25.227,1.0649,1.0651,4.00,37.90
2007.08.14 14:54:25.274,1.0649,1.0651,4.00,36.30
2007.08.14 14:54:26.021,1.0649,1.0651,4.00,35.50
2007.08.14 14:54:26.587,1.0649,1.0651,4.00,27.50
2007.08.14 14:54:26.789,1.0649,1.0651,4.00,27.40
2007.08.14 14:54:27.745,1.0649,1.0651,4.00,35.40
2007.08.14 14:54:27.858,1.0649,1.0651,4.00,35.50
2007.08.14 14:54:28.314,1.0649,1.0651,4.00,27.40
2007.08.14 14:54:30.256,1.0649,1.0651,4.00,35.40
2007.08.14 14:54:30.304,1.0649,1.0651,4.00,35.50
2007.08.14 14:54:30.942,1.0649,1.0651,4.10,35.50
2007.08.14 14:54:31.150,1.0649,1.0651,4.10,33.70
2007.08.14 14:54:31.244,1.0649,1.0651,4.20,25.70
2007.08.14 14:54:31.359,1.0649,1.0651,4.20,25.60
2007.08.14 14:54:31.998,1.0649,1.0651,4.20,11.20
2007.08.14 14:54:32.062,1.0649,1.0651,0.30,15.20
2007.08.14 14:54:32.176,1.0649,1.0651,0.30,17.60
2007.08.14 14:54:32.317,1.0649,1.0651,0.30,18.50
2007.08.14 14:54:32.451,1.06485,1.0651,1.60,18.50
2007.08.14 14:54:32.484,1.0648,1.0651,16.50,22.50
2007.08.14 14:54:32.578,1.0649,1.0651,4.00,18.50
2007.08.14 14:54:32.767,1.0649,1.0651,4.00,14.50
2007.08.14 14:54:32.975,1.0649,1.0651,4.20,14.50
2007.08.14 14:54:33.602,1.0649,1.0651,4.20,12.10
2007.08.14 14:54:33.685,1.0649,1.0651,4.20,8.00
2007.08.14 14:54:33.783,1.0649,1.0651,4.00,6.30
2007.08.14 14:54:33.807,1.0649,1.0651,4.00,5.50
2007.08.14 14:54:33.975,1.0649,1.0651,4.00,4.70
2007.08.14 14:54:34.110,1.0649,1.065,4.00,4.00
2007.08.14 14:54:34.129,1.0648,1.065,9.20,4.00
2007.08.14 14:54:34.223,1.0648,1.065,7.60,4.00
2007.08.14 14:54:34.265,1.0648,1.065,6.00,4.80
2007.08.14 14:54:34.312,1.0648,1.065,4.40,6.50
2007.08.14 14:54:34.336,1.0648,1.065,4.40,7.30
2007.08.14 14:54:34.526,1.0648,1.065,4.40,7.30
2007.08.14 14:54:35.372,1.0648,1.065,4.40,6.50
2007.08.14 14:54:35.390,1.0648,1.065,4.40,5.70
2007.08.14 14:54:35.456,1.0648,1.065,4.40,4.90
2007.08.14 14:54:35.467,1.0648,1.065,4.80,4.30
2007.08.14 14:54:35.689,1.0648,1.065,4.70,4.30
2007.08.14 14:54:35.786,1.0648,1.065,4.10,0.40
2007.08.14 14:54:35.936,1.0648,1.0651,4.40,12.40
2007.08.14 14:54:36.115,1.0649,1.0651,4.00,12.40
2007.08.14 14:54:36.215,1.065,1.0651,4.00,12.40
2007.08.14 14:54:36.256,1.065,1.0651,4.00,0.90
2007.08.14 14:54:36.376,1.065,1.0651,4.00,1.50
2007.08.14 14:54:36.430,1.065,1.0651,4.00,1.10
2007.08.14 14:54:36.633,1.065,1.0651,4.00,1.20
2007.08.14 14:54:36.974,1.065,1.0651,4.00,1.00
2007.08.14 14:54:37.866,1.065,1.0651,4.00,0.30
2007.08.14 14:54:38.239,1.065,1.0652,4.00,7.20
2007.08.14 14:54:38.270,1.065,1.0652,4.00,4.80
2007.08.14 14:54:38.414,1.065,1.0652,4.00,4.00
2007.08.14 14:54:38.561,1.0649,1.0652,16.80,4.00
2007.08.14 14:54:38.744,1.0649,1.0652,12.80,4.00
2007.08.14 14:54:38.758,1.0649,1.0651,11.20,0.40
2007.08.14 14:54:38.770,1.0649,1.0651,9.60,0.40
2007.08.14 14:54:38.874,1.0649,1.0651,8.00,0.40
2007.08.14 14:54:38.962,1.0649,1.0651,8.00,4.30
2007.08.14 14:54:39.053,1.0649,1.0651,4.00,4.30
2007.08.14 14:54:39.115,1.0649,1.0651,8.00,4.30
2007.08.14 14:54:39.171,1.0649,1.0651,17.50,0.40
2007.08.14 14:54:39.198,1.065,1.0651,4.00,0.40
2007.08.14 14:54:39.259,1.065,1.0651,4.00,0.50
2007.08.14 14:54:39.484,1.065,1.0651,4.00,0.30
2007.08.14 14:54:40.298,1.065,1.0651,4.00,0.50
2007.08.14 14:54:40.767,1.065,1.0651,4.00,0.40
2007.08.14 14:54:40.851,1.065,1.0651,4.00,0.40
2007.08.14 14:54:41.935,1.065,1.0652,4.00,8.30
2007.08.14 14:54:42.127,1.065,1.0651,4.00,0.20
2007.08.14 14:54:42.751,1.065,1.0653,4.00,36.40
2007.08.14 14:54:42.862,1.065,1.0652,4.00,8.20
2007.08.14 14:54:43.712,1.065,1.0652,4.00,13.40
2007.08.14 14:54:43.811,1.065,1.0652,4.00,13.50
2007.08.14 14:54:44.747,1.065,1.0651,4.00,0.50
2007.08.14 14:54:46.237,1.065,1.0652,4.00,13.40
2007.08.14 14:54:46.768,1.065,1.0652,4.00,0.80
2007.08.14 14:54:47.823,1.065,1.0653,4.00,35.60
2007.08.14 14:54:47.924,1.065,1.0652,4.00,0.50
2007.08.14 14:54:48.903,1.065,1.0653,4.00,33.20
2007.08.14 14:54:49.003,1.065,1.0652,4.00,0.50
2007.08.14 14:54:49.086,1.065,1.0652,4.00,0.70
2007.08.14 14:54:50.026,1.065,1.0652,4.00,0.80
2007.08.14 14:54:50.076,1.065,1.0653,4.00,33.40
2007.08.14 14:54:50.297,1.065,1.0652,4.00,0.90
2007.08.14 14:54:51.114,1.065,1.0653,4.00,30.20
2007.08.14 14:54:51.637,1.065,1.06525,4.00,18.40
2007.08.14 14:54:51.758,1.065,1.0653,4.00,25.80
2007.08.14 14:54:51.867,1.065,1.0652,4.00,0.60
2007.08.14 14:54:51.958,1.065,1.0653,4.00,37.80
2007.08.14 14:54:52.053,1.065,1.0653,4.00,38.60
2007.08.14 14:54:52.081,1.065,1.0652,4.00,6.00
2007.08.14 14:54:52.207,1.0649,1.0652,38.30,6.80
2007.08.14 14:54:52.290,1.0649,1.0652,22.40,9.20
2007.08.14 14:54:52.393,1.0649,1.0651,18.40,0.40
2007.08.14 14:54:52.415,1.0649,1.0652,14.40,9.20
2007.08.14 14:54:52.682,1.0649,1.0651,10.40,0.40
2007.08.14 14:54:52.703,1.0649,1.0651,6.40,0.40
2007.08.14 14:54:52.746,1.0649,1.0652,6.40,19.50
2007.08.14 14:54:52.777,1.0649,1.0651,4.00,0.90
2007.08.14 14:54:52.892,1.0649,1.0651,4.30,0.90
2007.08.14 14:54:52.912,1.0649,1.0652,4.30,37.10
2007.08.14 14:54:52.983,1.0649,1.0651,4.10,0.50
2007.08.14 14:54:53.089,1.0649,1.0651,4.90,0.80
2007.08.14 14:54:53.103,1.0649,1.0652,2.90,37.50
2007.08.14 14:54:53.112,1.0649,1.0652,7.70,38.30
2007.08.14 14:54:53.202,1.0649,1.0652,8.70,35.10
2007.08.14 14:54:53.307,1.0649,1.0651,8.80,0.90
2007.08.14 14:54:53.393,1.0649,1.0651,8.00,0.70
2007.08.14 14:54:53.425,1.0649,1.06515,7.20,19.90
2007.08.14 14:54:53.509,1.0649,1.06515,8.10,19.90
2007.08.14 14:54:53.615,1.0649,1.0651,8.90,0.80
2007.08.14 14:54:53.720,1.0649,1.0652,7.40,0.70
2007.08.14 14:54:53.819,1.0649,1.0652,7.20,0.60
2007.08.14 14:54:53.827,1.0649,1.06525,6.40,15.20
2007.08.14 14:54:54.135,1.0649,1.06525,2.40,15.20
2007.08.14 14:54:54.148,1.0649,1.0652,7.20,0.70
2007.08.14 14:54:54.242,1.0651,1.06525,4.10,0.90
2007.08.14 14:54:54.260,1.0651,1.06535,4.10,16.20
2007.08.14 14:54:54.351,1.0651,1.06535,4.10,14.40
2007.08.14 14:54:54.449,1.0651,1.06535,4.00,14.40
2007.08.14 14:54:54.466,1.0651,1.0653,4.00,0.70
2007.08.14 14:54:54.554,1.0651,1.0653,4.00,0.80
2007.08.14 14:54:54.671,1.0651,1.0653,4.00,0.90
2007.08.14 14:54:54.768,1.0651,1.0653,4.00,0.60
2007.08.14 14:54:54.966,1.0651,1.06535,4.00,9.60
2007.08.14 14:54:55.069,1.065,1.0653,16.20,0.90
2007.08.14 14:54:55.196,1.065,1.0653,16.20,0.90
2007.08.14 14:54:55.300,1.065,1.0653,32.10,0.90
2007.08.14 14:54:55.389,1.065,1.0653,30.50,0.60
2007.08.14 14:54:55.405,1.065,1.0653,25.00,38.50
2007.08.14 14:54:55.620,1.065,1.0652,23.40,0.90
2007.08.14 14:54:56.013,1.065,1.0653,19.40,37.70
2007.08.14 14:54:56.426,1.0651,1.0653,0.20,40.10
2007.08.14 14:54:56.543,1.0651,1.0653,0.20,40.10
2007.08.14 14:54:57.279,1.0651,1.0653,0.30,39.30
2007.08.14 14:54:57.646,1.0651,1.0653,4.20,35.30
2007.08.14 14:54:57.696,1.0651,1.0653,4.20,0.70
2007.08.14 14:54:57.939,1.0651,1.06535,4.20,25.80
2007.08.14 14:54:57.998,1.0651,1.0653,4.20,0.60
2007.08.14 14:54:58.110,1.0651,1.0653,4.20,0.50
2007.08.14 14:54:58.205,1.0651,1.0653,4.40,0.50
2007.08.14 14:54:58.262,1.0651,1.0653,6.80,0.80
2007.08.14 14:54:58.331,1.0651,1.0654,19.80,41.60
2007.08.14 14:54:58.378,1.0651,1.0654,20.60,41.60
2007.08.14 14:54:58.461,1.0651,1.0654,20.60,55.00
2007.08.14 14:54:58.577,1.0651,1.0654,21.40,55.00
2007.08.14 14:54:58.798,1.0651,1.0654,21.40,59.00
2007.08.14 14:54:58.894,1.0651,1.0653,20.60,0.50
2007.08.14 14:54:58.929,1.0651,1.0653,19.80,0.80
2007.08.14 14:54:59.018,1.0651,1.0653,18.90,0.50
2007.08.14 14:54:59.307,1.0651,1.0653,16.50,0.60
2007.08.14 14:54:59.437,1.0651,1.0654,12.50,51.10
2007.08.14 14:55:00.328,1.0651,1.0654,13.30,50.30
2007.08.14 14:55:00.381,1.0651,1.0654,14.30,50.60
2007.08.14 14:55:00.594,1.0651,1.0654,15.10,50.60
2007.08.14 14:55:00.965,1.0651,1.0653,15.70,0.70
2007.08.14 14:55:00.986,1.0651,1.0654,14.90,60.20
2007.08.14 14:55:01.257,1.0651,1.06535,6.80,29.70
2007.08.14 14:55:01.339,1.0651,1.0653,6.70,0.60
2007.08.14 14:55:01.445,1.0651,1.0653,4.30,0.50
2007.08.14 14:55:01.554,1.0651,1.06535,5.60,32.90
2007.08.14 14:55:01.684,1.0651,1.06535,6.40,32.90
2007.08.14 14:55:01.717,1.0651,1.06535,7.20,32.90
2007.08.14 14:55:02.197,1.0651,1.06535,6.40,32.90
2007.08.14 14:55:02.295,1.0651,1.06535,5.40,32.90
2007.08.14 14:55:02.501,1.0651,1.06535,5.20,32.90
2007.08.14 14:55:02.697,1.0651,1.06535,4.40,32.90
2007.08.14 14:55:03.183,1.0651,1.0654,0.60,56.70
2007.08.14 14:55:03.251,1.0651,1.0654,0.60,60.70
2007.08.14 14:55:03.444,1.0651,1.0653,0.60,40.90
2007.08.14 14:55:04.920,1.065,1.0653,30.00,39.30
2007.08.14 14:55:05.014,1.0651,1.0652,1.60,0.70
2007.08.14 14:55:05.059,1.0651,1.0653,2.40,39.30
2007.08.14 14:55:05.122,1.0651,1.0652,3.20,0.60
2007.08.14 14:55:05.237,1.0651,1.0652,3.20,0.60
2007.08.14 14:55:05.357,1.0651,1.0652,3.20,0.50
2007.08.14 14:55:05.470,1.0651,1.0653,1.60,41.00
2007.08.14 14:55:05.570,1.0651,1.0653,3.80,41.00
2007.08.14 14:55:05.586,1.0651,1.0653,3.00,41.00
2007.08.14 14:55:05.685,1.0651,1.0652,3.80,0.80
2007.08.14 14:55:05.800,1.0651,1.06525,3.80,8.10
2007.08.14 14:55:06.865,1.0651,1.0652,7.80,0.80
2007.08.14 14:55:07.910,1.0651,1.0653,7.80,8.90
2007.08.14 14:55:08.420,1.0651,1.0652,7.90,0.10
2007.08.14 14:55:08.933,1.065,1.0652,17.00,0.10
2007.08.14 14:55:09.046,1.065,1.0652,15.60,0.10
2007.08.14 14:55:09.135,1.0651,1.0652,0.50,0.10
2007.08.14 14:55:09.184,1.065,1.0652,14.00,0.10
2007.08.14 14:55:09.767,1.0651,1.0652,0.80,4.10
2007.08.14 14:55:10.188,1.065,1.0652,13.70,4.10
2007.08.14 14:55:10.312,1.0649,1.0652,24.50,4.10
2007.08.14 14:55:10.499,1.0649,1.0651,24.50,0.10
2007.08.14 14:55:10.670,1.0651,1.0652,1.30,4.00
2007.08.14 14:55:10.824,1.0651,1.06525,0.90,4.00
2007.08.14 14:55:11.346,1.065,1.0653,11.50,5.60
2007.08.14 14:55:12.118,1.0651,1.0653,1.40,8.20
2007.08.14 14:55:12.128,1.065,1.0653,10.00,6.60
2007.08.14 14:55:12.190,1.065,1.0652,4.50,4.00
2007.08.14 14:55:12.211,1.065,1.0652,2.50,4.00
2007.08.14 14:55:12.314,1.06495,1.0652,11.60,4.00
2007.08.14 14:55:12.385,1.065,1.0652,2.00,4.00
2007.08.14 14:55:13.768,1.065,1.0652,1.10,6.40
2007.08.14 14:55:13.883,1.0649,1.0652,34.80,4.00
2007.08.14 14:55:14.408,1.0649,1.0652,38.80,4.00
2007.08.14 14:55:14.522,1.065,1.0652,1.00,4.00
2007.08.14 14:55:14.658,1.065,1.0652,2.50,4.00
2007.08.14 14:55:14.701,1.065,1.0652,4.60,4.00
2007.08.14 14:55:14.730,1.0648,1.0652,51.00,4.00
2007.08.14 14:55:14.846,1.065,1.0652,16.20,4.00
2007.08.14 14:55:15.148,1.065,1.0653,8.50,12.40
2007.08.14 14:55:15.479,1.0651,1.0653,1.80,8.40
2007.08.14 14:55:16.647,1.065,1.0653,8.40,6.80
2007.08.14 14:55:16.962,1.0651,1.0653,1.70,6.70
2007.08.14 14:55:18.212,1.0651,1.0653,1.10,6.50
2007.08.14 14:55:18.311,1.0651,1.0653,0.80,6.80
2007.08.14 14:55:18.799,1.06495,1.0653,18.00,10.80
2007.08.14 14:55:18.842,1.065,1.0653,5.90,11.20
2007.08.14 14:55:18.935,1.0649,1.0653,57.20,17.60
2007.08.14 14:55:19.147,1.065,1.0652,7.70,4.00
2007.08.14 14:55:19.648,1.0649,1.0652,51.10,4.00
2007.08.14 14:55:19.893,1.0649,1.0652,51.00,4.00
2007.08.14 14:55:20.617,1.0649,1.0652,51.40,4.00
2007.08.14 14:55:21.675,1.0649,1.0652,49.40,4.00
2007.08.14 14:55:21.693,1.065,1.0652,20.40,4.00
2007.08.14 14:55:21.989,1.065,1.0653,12.40,14.80
2007.08.14 14:55:22.811,1.065,1.0653,15.60,12.40
2007.08.14 14:55:23.043,1.0651,1.0653,1.20,12.20
2007.08.14 14:55:23.434,1.065,1.0653,25.10,8.20
2007.08.14 14:55:23.805,1.065,1.0653,25.10,8.00
2007.08.14 14:55:24.652,1.065,1.0653,33.10,8.20
2007.08.14 14:55:24.775,1.0651,1.0653,0.60,8.40
2007.08.14 14:55:24.974,1.0651,1.0653,0.70,8.80
2007.08.14 14:55:25.386,1.0651,1.0653,0.60,8.50
2007.08.14 14:55:26.973,1.065,1.0653,12.80,10.10
2007.08.14 14:55:27.176,1.065,1.0653,12.00,8.50
2007.08.14 14:55:28.064,1.0651,1.0653,2.40,8.40
2007.08.14 14:55:29.716,1.065,1.0653,31.50,10.80
2007.08.14 14:55:29.928,1.065,1.0653,21.90,11.20
2007.08.14 14:55:30.460,1.065,1.0653,17.10,11.50
2007.08.14 14:55:31.238,1.065,1.0651,10.50,0.40
2007.08.14 14:55:31.301,1.065,1.0653,12.80,11.50
2007.08.14 14:55:31.407,1.065,1.0653,13.60,11.50
2007.08.14 14:55:31.508,1.0651,1.0653,1.70,13.90
2007.08.14 14:55:31.545,1.065,1.0653,13.60,12.40
2007.08.14 14:55:31.645,1.0651,1.0653,2.80,11.60
2007.08.14 14:55:31.750,1.065,1.0653,10.90,13.20
2007.08.14 14:55:31.849,1.065,1.0653,10.90,10.80
2007.08.14 14:55:31.960,1.065,1.0653,10.90,6.80
2007.08.14 14:55:32.167,1.065,1.0653,10.90,6.80
2007.08.14 14:55:32.553,1.065,1.0653,9.20,8.40
2007.08.14 14:55:32.649,1.065,1.0653,9.20,6.80
2007.08.14 14:55:32.699,1.065,1.0653,9.20,6.70
2007.08.14 14:55:32.823,1.065,1.0653,8.40,6.70
2007.08.14 14:55:32.923,1.065,1.0653,8.30,9.20
2007.08.14 14:55:32.973,1.065,1.0653,3.80,13.20
2007.08.14 14:55:33.024,1.065,1.0653,1.60,13.20
2007.08.14 14:55:33.446,1.06495,1.0652,34.60,4.00
2007.08.14 14:55:33.548,1.0649,1.0652,54.40,4.00
2007.08.14 14:55:34.725,1.0651,1.0652,1.30,4.00
2007.08.14 14:55:34.923,1.065,1.0653,10.80,15.50
2007.08.14 14:55:34.949,1.0651,1.0653,2.00,11.50
2007.08.14 14:55:36.608,1.065,1.0653,10.80,11.60
2007.08.14 14:55:36.810,1.065,1.0653,10.00,9.20
2007.08.14 14:55:36.878,1.0651,1.0653,2.80,6.00
2007.08.14 14:55:36.905,1.065,1.0653,42.20,19.10
2007.08.14 14:55:37.015,1.0651,1.0653,2.80,11.20
2007.08.14 14:55:37.122,1.0651,1.0653,0.60,8.80
2007.08.14 14:55:37.194,1.0651,1.0653,19.90,8.80
2007.08.14 14:55:37.244,1.0652,1.0653,0.90,0.80
2007.08.14 14:55:37.491,1.0651,1.0654,8.00,31.10
2007.08.14 14:55:37.519,1.06505,1.0654,12.00,35.10
2007.08.14 14:55:37.661,1.0651,1.0653,3.40,8.00
2007.08.14 14:55:37.858,1.065,1.0653,40.20,9.10
2007.08.14 14:55:37.898,1.065,1.0653,40.20,9.90
2007.08.14 14:55:37.913,1.0651,1.0653,4.30,10.70
2007.08.14 14:55:38.514,1.065,1.0653,45.80,21.10
2007.08.14 14:55:39.148,1.065,1.0653,45.80,20.30
2007.08.14 14:55:39.162,1.0651,1.0653,2.90,19.50
2007.08.14 14:55:39.351,1.0652,1.0653,0.90,19.50
2007.08.14 14:55:39.450,1.0652,1.0653,1.60,18.70
2007.08.14 14:55:39.754,1.0651,1.0653,11.90,18.40
2007.08.14 14:55:40.603,1.0652,1.0653,0.60,6.40
2007.08.14 14:55:40.727,1.0652,1.0654,1.50,18.70
2007.08.14 14:55:41.451,1.0651,1.0654,8.00,18.60
2007.08.14 14:55:42.493,1.0651,1.0654,8.80,19.40
2007.08.14 14:55:42.837,1.0651,1.0654,8.80,19.20
2007.08.14 14:55:43.659,1.0652,1.0654,1.10,18.90
2007.08.14 14:55:44.197,1.0651,1.0654,4.10,18.90
2007.08.14 14:55:45.146,1.06505,1.0654,12.80,19.20
2007.08.14 14:55:46.314,1.06505,1.0654,12.00,19.20
2007.08.14 14:55:46.347,1.065,1.0654,48.00,23.20
2007.08.14 14:55:46.957,1.065,1.0653,46.40,0.80
2007.08.14 14:55:46.986,1.065,1.0653,45.50,6.70
2007.08.14 14:55:47.049,1.0651,1.0653,3.80,18.70
2007.08.14 14:55:47.485,1.065,1.0653,44.50,18.80
2007.08.14 14:55:48.748,1.0651,1.0653,4.40,20.40
2007.08.14 14:55:49.255,1.0651,1.0653,0.80,22.20
2007.08.14 14:55:49.349,1.0651,1.0653,0.60,30.20
2007.08.14 14:55:49.452,1.065,1.0653,11.80,32.60
2007.08.14 14:55:49.555,1.06495,1.0653,59.80,32.60
2007.08.14 14:55:49.653,1.065,1.0653,17.10,34.20
2007.08.14 14:55:50.235,1.065,1.0653,27.00,32.60
2007.08.14 14:55:50.409,1.065,1.0653,51.10,21.20
2007.08.14 14:55:50.518,1.065,1.0653,55.10,21.30
2007.08.14 14:55:50.784,1.065,1.0653,55.90,20.50
2007.08.14 14:55:50.839,1.065,1.0653,55.30,19.20
2007.08.14 14:55:50.852,1.065,1.0653,55.30,18.40
2007.08.14 14:55:50.933,1.0651,1.0653,0.50,18.40
2007.08.14 14:55:51.038,1.065,1.0653,56.90,18.40
2007.08.14 14:55:51.364,1.065,1.0653,48.10,10.40
2007.08.14 14:55:52.307,1.0651,1.0653,3.60,10.40
2007.08.14 14:55:52.518,1.065,1.0653,51.60,18.40
2007.08.14 14:55:52.620,1.065,1.0653,51.60,18.40
2007.08.14 14:55:53.233,1.065,1.0653,51.60,19.20
2007.08.14 14:55:53.356,1.0651,1.0653,1.20,27.10
2007.08.14 14:55:53.776,1.0651,1.0653,1.70,4.80
2007.08.14 14:55:57.110,1.0651,1.0653,1.80,4.80
2007.08.14 14:55:57.123,1.065,1.0653,18.60,4.80
2007.08.14 14:55:57.219,1.065,1.0653,18.10,4.80
2007.08.14 14:55:57.243,1.06495,1.0653,21.30,4.80
2007.08.14 14:55:57.324,1.06495,1.0653,14.90,11.20
2007.08.14 14:55:57.346,1.065,1.0653,0.70,11.20
2007.08.14 14:55:57.435,1.06495,1.0653,12.00,12.50
2007.08.14 14:55:57.490,1.0649,1.0653,49.60,17.30
2007.08.14 14:55:57.525,1.065,1.0653,2.90,18.10
2007.08.14 14:55:57.543,1.0649,1.0652,51.40,4.00
2007.08.14 14:55:57.880,1.0649,1.0652,56.90,4.00
2007.08.14 14:55:57.897,1.065,1.0652,12.80,4.00
2007.08.14 14:55:57.962,1.0649,1.0653,55.20,8.80
2007.08.14 14:55:58.001,1.06495,1.0653,16.50,4.00
2007.08.14 14:55:58.195,1.06495,1.0653,15.70,4.00
2007.08.14 14:55:59.387,1.065,1.0653,2.00,12.80
2007.08.14 14:55:59.449,1.065,1.0652,2.00,0.80
2007.08.14 14:55:59.541,1.0649,1.0652,46.80,19.10
2007.08.14 14:55:59.586,1.0649,1.0652,47.60,19.10
2007.08.14 14:55:59.861,1.065,1.0652,1.60,4.80
2007.08.14 14:56:00.095,1.065,1.0652,0.70,4.80
2007.08.14 14:56:00.119,1.0649,1.0652,23.60,4.80
2007.08.14 14:56:00.266,1.0649,1.0652,22.00,4.80
2007.08.14 14:56:00.275,1.065,1.0652,0.60,4.80
2007.08.14 14:56:00.441,1.0649,1.0652,35.30,4.00
2007.08.14 14:56:00.505,1.0649,1.0652,36.10,4.00
2007.08.14 14:56:00.521,1.065,1.0652,0.60,4.00
2007.08.14 14:56:00.639,1.0649,1.0652,46.90,4.00
2007.08.14 14:56:01.170,1.0649,1.0652,39.40,4.00
2007.08.14 14:56:04.842,1.065,1.0652,3.00,4.00
2007.08.14 14:56:04.883,1.0649,1.0652,43.40,4.00
2007.08.14 14:56:04.951,1.0649,1.0652,56.70,4.00
2007.08.14 14:56:05.062,1.0649,1.0652,57.20,4.00
2007.08.14 14:56:05.387,1.065,1.0652,2.80,4.00
2007.08.14 14:56:05.471,1.065,1.0652,2.30,4.00
2007.08.14 14:56:05.758,1.0649,1.0652,63.80,4.00
2007.08.14 14:56:05.899,1.0649,1.0653,63.40,9.60
2007.08.14 14:56:05.926,1.0649,1.0653,63.40,8.80
2007.08.14 14:56:06.003,1.0649,1.0653,64.20,8.80
2007.08.14 14:56:06.081,1.0649,1.0653,64.20,8.00
2007.08.14 14:56:06.606,1.065,1.0653,1.20,4.00
2007.08.14 14:56:07.390,1.06495,1.0653,27.80,4.00
2007.08.14 14:56:08.735,1.065,1.0653,32.00,4.00
2007.08.14 14:56:08.865,1.0649,1.0653,69.20,4.80
2007.08.14 14:56:09.284,1.0649,1.0653,69.00,4.80
2007.08.14 14:56:09.529,1.065,1.0653,8.50,4.80
2007.08.14 14:56:10.201,1.0649,1.0653,69.00,8.80
2007.08.14 14:56:10.742,1.065,1.0653,19.90,8.80
2007.08.14 14:56:11.826,1.0651,1.0653,0.30,8.80
2007.08.14 14:56:11.898,1.065,1.0653,28.10,8.00
2007.08.14 14:56:11.982,1.0651,1.0653,0.50,4.00
2007.08.14 14:56:12.474,1.0651,1.0653,0.30,5.60
2007.08.14 14:56:12.746,1.065,1.0653,16.00,9.60
2007.08.14 14:56:13.384,1.065,1.0653,15.10,9.60
2007.08.14 14:56:13.716,1.0651,1.0653,0.80,9.60
2007.08.14 14:56:16.826,1.0651,1.0653,3.70,9.60
2007.08.14 14:56:16.855,1.0651,1.0653,18.40,22.40
2007.08.14 14:56:16.952,1.0652,1.0653,1.80,12.00
2007.08.14 14:56:16.964,1.0651,1.0653,29.80,8.00
2007.08.14 14:56:17.068,1.0652,1.0654,2.00,33.20
2007.08.14 14:56:17.280,1.0652,1.0654,1.10,33.10
2007.08.14 14:56:18.211,1.0652,1.0654,1.20,32.30
2007.08.14 14:56:18.255,1.065,1.0654,57.10,36.30
2007.08.14 14:56:18.480,1.065,1.0653,55.10,8.00
2007.08.14 14:56:18.668,1.065,1.0653,54.30,8.00
2007.08.14 14:56:18.776,1.0651,1.0653,27.60,8.00
2007.08.14 14:56:19.008,1.0652,1.06535,1.70,4.00
2007.08.14 14:56:19.034,1.0652,1.0654,1.30,32.50
2007.08.14 14:56:19.799,1.065,1.0654,55.20,36.50
2007.08.14 14:56:19.826,1.0651,1.0653,5.80,4.00
2007.08.14 14:56:19.838,1.065,1.0653,57.60,8.00
2007.08.14 14:56:19.934,1.0651,1.0653,0.60,8.80
2007.08.14 14:56:20.004,1.065,1.0653,25.70,8.80
2007.08.14 14:56:20.041,1.0651,1.0653,2.60,8.80
2007.08.14 14:56:20.099,1.065,1.0653,23.80,8.80
2007.08.14 14:56:20.261,1.065,1.0653,22.10,8.80
2007.08.14 14:56:20.546,1.065,1.0653,25.50,8.00
2007.08.14 14:56:20.764,1.0651,1.0653,1.40,4.00
2007.08.14 14:56:20.788,1.065,1.0653,37.40,4.00
2007.08.14 14:56:23.599,1.0651,1.0653,3.60,8.00
2007.08.14 14:56:24.324,1.0652,1.0653,3.20,18.30
2007.08.14 14:56:24.427,1.0652,1.0653,3.20,14.30
2007.08.14 14:56:24.487,1.0652,1.0654,3.20,26.50
2007.08.14 14:56:24.584,1.0652,1.0654,3.20,22.50
2007.08.14 14:56:24.649,1.0652,1.0654,3.20,18.50
2007.08.14 14:56:24.758,1.0653,1.0654,3.20,18.50
2007.08.14 14:56:24.798,1.0653,1.0654,3.20,17.90
2007.08.14 14:56:25.221,1.0653,1.0654,3.20,17.60
2007.08.14 14:56:25.328,1.0653,1.0654,3.20,14.00
2007.08.14 14:56:26.661,1.0653,1.0654,3.20,11.90
2007.08.14 14:56:26.779,1.0653,1.0654,3.20,9.50
2007.08.14 14:56:26.873,1.0653,1.0654,3.20,5.60
2007.08.14 14:56:26.981,1.0653,1.0654,3.20,5.10
2007.08.14 14:56:27.085,1.0653,1.0654,3.20,2.40
2007.08.14 14:56:27.233,1.0653,1.0654,3.20,1.60
2007.08.14 14:56:27.286,1.0653,1.0654,3.20,0.80
2007.08.14 14:56:27.346,1.0652,1.0654,11.00,0.80
2007.08.14 14:56:27.512,1.0652,1.0654,32.80,4.80
2007.08.14 14:56:27.608,1.0653,1.0654,0.30,4.80
2007.08.14 14:56:27.811,1.0653,1.0654,0.20,4.80
2007.08.14 14:56:27.859,1.0653,1.0654,3.30,4.80
2007.08.14 14:56:27.925,1.0653,1.0654,3.20,0.80
2007.08.14 14:56:28.019,1.0653,1.0654,3.50,0.80
2007.08.14 14:56:29.289,1.0653,1.0654,0.40,0.80
2007.08.14 14:56:29.475,1.0652,1.0654,32.50,4.80
2007.08.14 14:56:29.799,1.0653,1.0654,3.20,4.80
2007.08.14 14:56:30.016,1.0653,1.0654,3.20,0.80
2007.08.14 14:56:30.212,1.0653,1.0655,3.20,14.40
2007.08.14 14:56:30.709,1.0653,1.0655,3.30,14.40
2007.08.14 14:56:31.849,1.0653,1.0655,4.10,14.40
2007.08.14 14:56:31.862,1.0653,1.0655,5.10,13.60
2007.08.14 14:56:31.957,1.0653,1.0655,5.00,13.60
2007.08.14 14:56:32.004,1.0653,1.0655,4.20,13.60
2007.08.14 14:56:32.210,1.0653,1.0655,3.40,13.60
2007.08.14 14:56:32.844,1.0652,1.0655,47.50,13.60
2007.08.14 14:56:33.195,1.0652,1.0655,48.40,13.60
2007.08.14 14:56:33.728,1.0651,1.0655,69.00,13.60
2007.08.14 14:56:33.849,1.0652,1.0655,48.20,13.60
2007.08.14 14:56:34.153,1.0652,1.0655,48.20,13.90
2007.08.14 14:56:35.110,1.0652,1.0655,48.20,13.80
2007.08.14 14:56:35.418,1.0652,1.0654,44.20,4.00
2007.08.14 14:56:35.828,1.0652,1.0654,44.30,4.00
2007.08.14 14:56:36.836,1.0652,1.0654,44.20,4.00
2007.08.14 14:56:37.300,1.0652,1.0654,40.20,4.00
2007.08.14 14:56:37.353,1.0652,1.0654,28.20,4.00
2007.08.14 14:56:37.460,1.0652,1.0654,25.80,4.00
2007.08.14 14:56:37.883,1.0652,1.0654,21.30,4.00
2007.08.14 14:56:38.956,1.0652,1.0654,29.30,4.00
2007.08.14 14:56:42.956,1.0652,1.0654,29.40,4.00
2007.08.14 14:56:46.084,1.0652,1.0654,26.40,4.00
2007.08.14 14:56:46.200,1.0652,1.0654,26.20,4.00
2007.08.14 14:56:46.246,1.0652,1.0654,25.40,4.00
2007.08.14 14:56:46.301,1.0652,1.0654,23.10,4.00
2007.08.14 14:56:46.408,1.0652,1.0654,11.10,8.00
2007.08.14 14:56:46.491,1.0652,1.0654,10.30,8.00
2007.08.14 14:56:46.505,1.0652,1.0654,10.30,8.10
2007.08.14 14:56:48.605,1.0652,1.0654,10.30,8.20
2007.08.14 14:56:48.668,1.0652,1.0654,10.30,9.00
2007.08.14 14:56:48.717,1.0652,1.0654,10.30,9.90
2007.08.14 14:56:48.798,1.0652,1.0654,10.30,10.00
2007.08.14 14:56:48.881,1.0652,1.0654,10.30,10.80
2007.08.14 14:56:48.987,1.0652,1.0654,2.40,21.30
2007.08.14 14:56:49.080,1.0651,1.0654,47.90,31.70
2007.08.14 14:56:49.194,1.0651,1.0654,47.70,31.80
2007.08.14 14:56:49.592,1.0651,1.0654,47.70,35.80
2007.08.14 14:56:49.940,1.0651,1.0653,43.70,4.00
2007.08.14 14:56:51.413,1.0651,1.0653,44.00,4.00
2007.08.14 14:56:54.211,1.0651,1.0653,3.00,12.00
2007.08.14 14:56:54.216,1.0651,1.0653,1.60,12.90
2007.08.14 14:56:54.254,1.0651,1.0653,0.80,13.20
2007.08.14 14:56:54.449,1.0651,1.0653,0.80,13.20
2007.08.14 14:56:56.260,1.0651,1.0653,0.80,13.40
2007.08.14 14:56:56.476,1.065,1.0652,49.70,4.00
2007.08.14 14:56:57.949,1.065,1.0652,45.70,4.00
2007.08.14 14:56:58.450,1.065,1.0652,40.90,4.00
2007.08.14 14:56:58.469,1.065,1.0652,40.10,4.00
2007.08.14 14:56:58.480,1.065,1.0652,39.30,4.00
2007.08.14 14:56:59.392,1.065,1.0652,25.50,4.00
2007.08.14 14:56:59.406,1.065,1.0652,19.10,4.00
2007.08.14 14:56:59.614,1.065,1.0652,18.50,4.00
2007.08.14 14:56:59.704,1.065,1.0652,18.30,4.00
2007.08.14 14:56:59.816,1.065,1.0652,14.30,4.00
2007.08.14 14:57:00.340,1.065,1.0652,14.30,4.80
2007.08.14 14:57:00.450,1.065,1.0651,6.40,0.50
2007.08.14 14:57:00.535,1.065,1.0651,4.00,0.80
2007.08.14 14:57:01.062,1.0649,1.0651,18.90,0.80
2007.08.14 14:57:01.751,1.0649,1.0651,18.90,0.70
2007.08.14 14:57:02.395,1.0649,1.0651,18.90,0.80
2007.08.14 14:57:03.426,1.0649,1.0651,47.00,4.80
2007.08.14 14:57:03.446,1.0649,1.0651,45.40,4.80
2007.08.14 14:57:03.499,1.0649,1.0651,43.60,4.80
2007.08.14 14:57:03.918,1.0649,1.0651,34.70,6.40
2007.08.14 14:57:03.936,1.0649,1.0651,27.50,6.40
2007.08.14 14:57:04.046,1.0649,1.0651,18.30,7.20
2007.08.14 14:57:04.146,1.0649,1.0651,18.30,8.00
2007.08.14 14:57:04.303,1.0649,1.0651,18.30,8.10
2007.08.14 14:57:04.468,1.0649,1.065,10.40,0.60
2007.08.14 14:57:04.550,1.0649,1.065,4.00,0.70
2007.08.14 14:57:04.605,1.0649,1.065,4.00,1.50
2007.08.14 14:57:04.672,1.0649,1.065,4.00,3.20
2007.08.14 14:57:04.861,1.0649,1.065,4.00,3.30
2007.08.14 14:57:04.879,1.0648,1.065,18.60,3.30
2007.08.14 14:57:05.311,1.0648,1.065,14.60,3.30
2007.08.14 14:57:05.585,1.0648,1.065,15.40,3.30
2007.08.14 14:57:05.593,1.0648,1.065,16.20,3.30
2007.08.14 14:57:05.701,1.0648,1.065,15.40,3.30
2007.08.14 14:57:05.898,1.0648,1.065,7.40,3.30
2007.08.14 14:57:05.925,1.0648,1.065,8.20,3.30
2007.08.14 14:57:05.997,1.0648,1.065,7.40,3.30
2007.08.14 14:57:06.022,1.0648,1.065,0.60,10.80
2007.08.14 14:57:06.136,1.0648,1.065,0.50,11.10
2007.08.14 14:57:06.442,1.0648,1.065,0.50,7.90
2007.08.14 14:57:06.536,1.0648,1.065,0.90,7.50
2007.08.14 14:57:06.584,1.0648,1.065,0.90,11.50
2007.08.14 14:57:06.612,1.0648,1.065,1.70,11.50
2007.08.14 14:57:06.643,1.0648,1.065,2.00,11.50
2007.08.14 14:57:06.740,1.0648,1.065,1.50,11.50
2007.08.14 14:57:06.860,1.0648,1.065,0.80,12.00
2007.08.14 14:57:06.895,1.0648,1.065,0.80,8.00
2007.08.14 14:57:07.031,1.0647,1.065,43.40,8.00
2007.08.14 14:57:07.133,1.0647,1.065,39.40,8.00
2007.08.14 14:57:07.538,1.0647,1.065,43.40,8.00
2007.08.14 14:57:07.565,1.0647,1.065,43.40,7.20
2007.08.14 14:57:07.633,1.0647,1.065,43.40,5.60
2007.08.14 14:57:07.771,1.0648,1.065,0.30,6.40
2007.08.14 14:57:07.843,1.0648,1.065,0.50,6.40
2007.08.14 14:57:07.865,1.0648,1.065,2.00,6.40
2007.08.14 14:57:07.904,1.0648,1.065,2.00,5.50
2007.08.14 14:57:07.962,1.0648,1.065,10.00,5.50
2007.08.14 14:57:08.053,1.0649,1.065,0.80,0.80
2007.08.14 14:57:08.089,1.0649,1.06505,0.80,4.00
2007.08.14 14:57:08.110,1.0649,1.0651,0.80,6.80
2007.08.14 14:57:08.167,1.0649,1.0651,15.90,10.50
2007.08.14 14:57:08.276,1.0649,1.0651,12.00,14.50
2007.08.14 14:57:08.371,1.0649,1.0651,12.00,16.10
2007.08.14 14:57:08.547,1.0649,1.0651,0.50,10.30
2007.08.14 14:57:08.596,1.0648,1.0651,16.30,10.30
2007.08.14 14:57:08.672,1.0648,1.0651,12.30,15.10
2007.08.14 14:57:08.682,1.0648,1.0651,12.30,13.50
2007.08.14 14:57:08.716,1.0648,1.0651,16.30,12.70
2007.08.14 14:57:08.805,1.0648,1.0651,18.70,12.70
2007.08.14 14:57:09.017,1.0648,1.0651,14.70,12.70
2007.08.14 14:57:09.130,1.0649,1.0651,1.60,11.90
2007.08.14 14:57:09.765,1.0649,1.065,1.60,4.00
2007.08.14 14:57:09.962,1.0649,1.065,1.60,4.40
2007.08.14 14:57:10.140,1.0649,1.065,0.70,4.40
2007.08.14 14:57:10.169,1.0647,1.065,44.50,4.40
2007.08.14 14:57:10.371,1.0647,1.065,51.70,4.40
2007.08.14 14:57:10.471,1.0648,1.065,9.60,4.40
2007.08.14 14:57:11.011,1.0648,1.065,3.10,4.40
2007.08.14 14:57:11.200,1.0648,1.065,34.70,4.40
2007.08.14 14:57:11.428,1.0648,1.065,38.70,4.40
2007.08.14 14:57:11.849,1.0648,1.065,34.70,4.40
2007.08.14 14:57:12.483,1.0648,1.065,30.30,4.40
2007.08.14 14:57:12.563,1.0648,1.065,30.00,4.50
2007.08.14 14:57:12.771,1.0648,1.065,30.00,4.60
2007.08.14 14:57:12.882,1.0648,1.065,26.00,4.70
2007.08.14 14:57:13.672,1.0648,1.065,26.00,5.60
2007.08.14 14:57:13.741,1.0648,1.065,26.00,6.40
2007.08.14 14:57:13.786,1.0648,1.065,25.90,7.40
2007.08.14 14:57:14.196,1.0648,1.065,25.90,7.50
2007.08.14 14:57:16.220,1.0648,1.065,25.90,7.60
2007.08.14 14:57:16.329,1.0648,1.065,25.10,7.60
2007.08.14 14:57:16.412,1.0648,1.065,24.30,7.60
2007.08.14 14:57:16.432,1.0648,1.065,23.70,7.60
2007.08.14 14:57:16.485,1.0648,1.065,22.90,7.60
2007.08.14 14:57:16.850,1.0648,1.065,23.00,7.60
2007.08.14 14:57:16.970,1.0648,1.065,11.00,11.60
2007.08.14 14:57:17.288,1.0648,1.065,15.20,6.00
2007.08.14 14:57:17.336,1.0648,1.065,15.20,5.20
2007.08.14 14:57:17.414,1.0648,1.065,16.80,4.40
2007.08.14 14:57:17.493,1.0649,1.065,6.40,0.40
2007.08.14 14:57:17.598,1.0649,1.06505,14.30,4.00
2007.08.14 14:57:17.875,1.0649,1.06505,17.30,4.00
2007.08.14 14:57:17.915,1.0649,1.06505,25.30,4.00
2007.08.14 14:57:18.020,1.0649,1.06505,29.50,4.00
2007.08.14 14:57:18.423,1.0649,1.0651,29.50,5.60
2007.08.14 14:57:18.677,1.0649,1.0651,29.50,5.60
2007.08.14 14:57:18.692,1.0649,1.0651,29.50,4.80
2007.08.14 14:57:20.529,1.0649,1.0651,19.10,4.90
2007.08.14 14:57:20.629,1.0649,1.0651,18.30,6.00
2007.08.14 14:57:20.801,1.0649,1.0651,18.30,6.80
2007.08.14 14:57:20.826,1.0649,1.0651,18.30,7.70
2007.08.14 14:57:21.076,1.0649,1.065,10.40,0.80
2007.08.14 14:57:21.125,1.0649,1.065,8.00,0.80
2007.08.14 14:57:21.236,1.0649,1.065,4.00,0.80
2007.08.14 14:57:21.577,1.0648,1.065,21.90,0.80
2007.08.14 14:57:21.632,1.0648,1.065,21.90,1.60
2007.08.14 14:57:21.673,1.0648,1.065,21.90,2.60
2007.08.14 14:57:21.736,1.0648,1.065,21.90,3.40
2007.08.14 14:57:22.029,1.0648,1.065,21.90,3.50
2007.08.14 14:57:22.382,1.0648,1.065,17.90,3.50
2007.08.14 14:57:22.526,1.0648,1.065,17.60,3.50
2007.08.14 14:57:23.390,1.0648,1.065,11.20,3.50
2007.08.14 14:57:23.561,1.0648,1.065,31.60,7.50
2007.08.14 14:57:24.081,1.0648,1.065,31.60,7.50
2007.08.14 14:57:24.419,1.0648,1.065,30.00,7.50
2007.08.14 14:57:24.511,1.0648,1.065,17.90,17.50
2007.08.14 14:57:24.612,1.0648,1.065,9.90,17.50
2007.08.14 14:57:24.736,1.0648,1.065,9.10,17.50
2007.08.14 14:57:24.810,1.0648,1.065,8.40,17.50
2007.08.14 14:57:24.933,1.0648,1.0649,4.80,0.40
2007.08.14 14:57:24.951,1.0648,1.0649,4.00,0.40
2007.08.14 14:57:25.030,1.0647,1.0649,50.60,4.30
2007.08.14 14:57:25.047,1.0647,1.0649,49.80,4.30
2007.08.14 14:57:25.129,1.0647,1.0649,49.00,4.40
2007.08.14 14:57:25.163,1.0647,1.0649,45.00,4.40
2007.08.14 14:57:25.483,1.0647,1.0649,15.20,0.40
2007.08.14 14:57:25.493,1.0647,1.0649,16.80,0.40
2007.08.14 14:57:25.570,1.0647,1.0649,39.40,8.30
2007.08.14 14:57:26.026,1.0647,1.0649,39.40,4.30
2007.08.14 14:57:26.140,1.0647,1.0649,43.50,0.40
2007.08.14 14:57:26.343,1.0647,1.0649,15.40,0.40
2007.08.14 14:57:26.443,1.0647,1.0649,43.50,0.40
2007.08.14 14:57:26.656,1.0647,1.0649,13.80,0.40
2007.08.14 14:57:28.207,1.0647,1.0649,6.30,0.40
2007.08.14 14:57:28.552,1.0647,1.065,21.70,7.70
2007.08.14 14:57:28.646,1.0648,1.065,2.20,7.30
2007.08.14 14:57:29.073,1.0648,1.065,11.00,7.30
2007.08.14 14:57:30.427,1.0647,1.065,56.20,8.90
2007.08.14 14:57:30.533,1.0647,1.065,48.50,9.10
2007.08.14 14:57:30.627,1.0647,1.065,48.40,9.10
2007.08.14 14:57:30.948,1.0648,1.065,4.20,9.10
2007.08.14 14:57:31.372,1.0648,1.065,5.00,9.70
2007.08.14 14:57:31.528,1.0648,1.065,1.60,10.30
2007.08.14 14:57:31.536,1.0647,1.065,40.40,10.90
2007.08.14 14:57:32.035,1.0647,1.0649,9.20,0.80
2007.08.14 14:57:32.155,1.0648,1.0649,1.60,4.80
2007.08.14 14:57:32.457,1.0647,1.0649,8.10,4.00
2007.08.14 14:57:32.548,1.06465,1.0649,4.20,6.20
2007.08.14 14:57:32.570,1.06465,1.0649,4.20,7.00
2007.08.14 14:57:32.657,1.06465,1.0649,2.30,7.20
2007.08.14 14:57:32.665,1.0646,1.06485,18.40,0.60
2007.08.14 14:57:32.772,1.0646,1.06485,3.40,1.20
2007.08.14 14:57:32.865,1.0646,1.0648,8.30,4.00
2007.08.14 14:57:33.049,1.0645,1.0648,54.80,4.00
2007.08.14 14:57:33.908,1.0645,1.06485,54.20,1.20
2007.08.14 14:57:34.252,1.0645,1.06485,54.20,1.20
2007.08.14 14:57:35.126,1.0646,1.06485,8.90,0.60
2007.08.14 14:57:36.008,1.0646,1.06485,38.50,0.60
2007.08.14 14:57:36.178,1.0646,1.0649,38.50,30.90
2007.08.14 14:57:36.245,1.0647,1.0649,1.40,28.50
2007.08.14 14:57:36.489,1.0647,1.0649,2.40,23.90
2007.08.14 14:57:36.552,1.0647,1.0649,2.80,23.60
2007.08.14 14:57:36.660,1.0646,1.0649,36.90,15.60
2007.08.14 14:57:36.983,1.0646,1.0649,43.10,16.40
2007.08.14 14:57:37.074,1.0646,1.0649,36.90,24.40
2007.08.14 14:57:37.178,1.0646,1.0649,42.50,26.80
2007.08.14 14:57:37.473,1.0646,1.0649,42.50,30.80
2007.08.14 14:57:38.476,1.0646,1.0649,42.50,30.00
2007.08.14 14:57:38.585,1.0647,1.0649,1.20,23.70
2007.08.14 14:57:39.188,1.0647,1.0649,1.70,15.60
2007.08.14 14:57:39.722,1.0646,1.0649,36.90,15.60
2007.08.14 14:57:40.336,1.0646,1.0649,42.50,18.00
2007.08.14 14:57:40.450,1.0647,1.0649,1.70,17.90
2007.08.14 14:57:40.555,1.0646,1.0649,39.60,10.00
2007.08.14 14:57:40.607,1.0646,1.0649,39.60,10.00
2007.08.14 14:57:40.764,1.0647,1.0649,2.20,10.00
2007.08.14 14:57:41.084,1.0646,1.0649,35.20,7.60
2007.08.14 14:57:41.146,1.0646,1.0649,37.60,7.60
2007.08.14 14:57:41.187,1.0646,1.0649,37.60,7.40
2007.08.14 14:57:41.386,1.0646,1.0649,37.90,7.40
2007.08.14 14:57:42.135,1.0646,1.0649,37.70,7.40
2007.08.14 14:57:43.433,1.0647,1.0649,1.30,7.40
2007.08.14 14:57:43.479,1.0646,1.0649,36.10,15.40
2007.08.14 14:57:43.575,1.0647,1.0649,2.60,15.40
2007.08.14 14:57:43.697,1.0647,1.0649,8.30,15.60
2007.08.14 14:57:45.001,1.0647,1.0649,5.70,23.70
2007.08.14 14:57:45.037,1.0647,1.0649,5.70,27.70
2007.08.14 14:57:45.123,1.0647,1.0649,1.00,36.90
2007.08.14 14:57:45.627,1.0647,1.0649,0.50,36.60
2007.08.14 14:57:46.463,1.0646,1.0648,40.90,4.00
2007.08.14 14:57:47.314,1.0646,1.0649,44.90,35.80
2007.08.14 14:57:48.487,1.0645,1.0649,50.50,39.90
2007.08.14 14:57:48.564,1.0646,1.0648,0.80,0.80
2007.08.14 14:57:48.878,1.0646,1.0648,0.50,0.60
2007.08.14 14:57:49.415,1.0646,1.0648,0.70,0.50
2007.08.14 14:57:49.501,1.0646,1.0649,40.60,16.70
2007.08.14 14:57:49.598,1.0646,1.0649,41.20,23.10
2007.08.14 14:57:49.791,1.0648,1.06485,0.70,0.50
2007.08.14 14:57:49.805,1.0648,1.06485,0.90,0.50
2007.08.14 14:57:50.183,1.0648,1.0649,0.80,0.60
2007.08.14 14:57:50.532,1.0648,1.0649,0.80,0.60
2007.08.14 14:57:51.983,1.0646,1.065,52.60,45.50
2007.08.14 14:57:52.073,1.0647,1.0649,0.50,0.80
2007.08.14 14:57:52.083,1.0646,1.0649,0.80,0.50
2007.08.14 14:57:52.100,1.06455,1.065,29.60,43.00
2007.08.14 14:57:52.184,1.0646,1.0649,0.60,0.70
2007.08.14 14:57:52.216,1.06455,1.065,18.40,51.10
2007.08.14 14:57:52.339,1.06455,1.0649,14.40,20.00
2007.08.14 14:57:52.534,1.0646,1.06485,0.80,0.50
2007.08.14 14:57:52.603,1.0646,1.0648,0.80,0.50
2007.08.14 14:57:53.116,1.0645,1.06485,42.20,8.00
2007.08.14 14:57:57.012,1.0646,1.0649,29.70,45.20
2007.08.14 14:57:57.355,1.0647,1.0648,4.10,0.70
2007.08.14 14:57:57.451,1.0647,1.0649,4.00,28.70
2007.08.14 14:57:57.768,1.0647,1.0648,4.10,0.70
2007.08.14 14:57:58.196,1.0647,1.0648,4.00,0.80
2007.08.14 14:58:00.281,1.0647,1.0649,4.10,27.80
2007.08.14 14:58:02.475,1.0647,1.06485,0.20,8.00
2007.08.14 14:58:02.533,1.0646,1.06485,31.90,8.00
2007.08.14 14:58:02.952,1.0646,1.06485,27.90,8.00
2007.08.14 14:58:12.595,1.0646,1.06485,31.90,8.00
2007.08.14 14:58:12.682,1.0647,1.0648,4.00,0.80
2007.08.14 14:58:12.716,1.0647,1.0648,4.80,0.60
2007.08.14 14:58:19.758,1.0647,1.0648,4.70,4.00
2007.08.14 14:58:19.995,1.0647,1.0648,0.70,4.00
2007.08.14 14:58:20.086,1.0647,1.0648,0.60,4.00
2007.08.14 14:58:20.179,1.0646,1.0648,33.50,4.00
2007.08.14 14:58:20.203,1.0646,1.0648,32.70,4.00
2007.08.14 14:58:20.395,1.0646,1.0648,31.90,4.00
2007.08.14 14:58:20.597,1.0646,1.0648,27.90,4.00
2007.08.14 14:58:24.529,1.0647,1.0648,4.00,4.00
2007.08.14 14:58:24.634,1.0647,1.0648,4.10,4.00
2007.08.14 14:58:24.755,1.0647,1.0648,4.40,4.00
2007.08.14 14:58:25.157,1.0647,1.0648,4.80,4.00
2007.08.14 14:58:25.256,1.0647,1.0648,4.80,4.00
2007.08.14 14:58:25.368,1.0647,1.0648,4.90,4.00
2007.08.14 14:58:26.512,1.0647,1.0648,5.30,4.00
2007.08.14 14:58:26.727,1.0647,1.0649,7.00,10.80
2007.08.14 14:58:26.804,1.0647,1.0649,7.00,10.00
2007.08.14 14:58:26.844,1.0648,1.0649,4.00,9.20
2007.08.14 14:58:26.901,1.0648,1.0649,4.00,8.80
2007.08.14 14:58:27.376,1.0648,1.0649,4.00,8.00
2007.08.14 14:58:27.556,1.0648,1.0649,4.00,4.00
2007.08.14 14:58:31.418,1.0647,1.0649,37.30,4.00
2007.08.14 14:58:32.267,1.0648,1.0649,4.00,8.00
2007.08.14 14:58:34.508,1.0648,1.0649,4.00,16.00
2007.08.14 14:58:34.613,1.0648,1.0649,4.00,4.00
2007.08.14 14:58:34.637,1.0648,1.0649,4.00,8.00
2007.08.14 14:58:34.825,1.0647,1.0648,3.20,4.00
2007.08.14 14:58:38.176,1.0648,1.0649,4.00,8.00
2007.08.14 14:58:38.482,1.0647,1.0649,6.80,8.00
2007.08.14 14:58:38.579,1.0647,1.0649,6.80,4.00
2007.08.14 14:58:39.576,1.0647,1.0648,6.80,5.60
2007.08.14 14:58:39.672,1.0647,1.0648,5.80,5.60
2007.08.14 14:58:39.783,1.0647,1.0648,4.90,5.60
2007.08.14 14:58:39.886,1.0647,1.0648,4.80,5.60
2007.08.14 14:58:40.083,1.0647,1.0648,4.80,4.00
2007.08.14 14:58:40.201,1.0647,1.0648,4.80,6.40
2007.08.14 14:58:40.516,1.0647,1.0648,6.00,6.40
2007.08.14 14:58:40.928,1.0647,1.0648,6.60,4.00
2007.08.14 14:58:41.090,1.0647,1.0648,6.60,8.00
2007.08.14 14:58:41.456,1.0647,1.0648,6.60,4.00
2007.08.14 14:58:42.620,1.0647,1.0648,5.90,4.00
2007.08.14 14:58:42.824,1.0647,1.0648,5.60,4.00
2007.08.14 14:58:43.337,1.0647,1.0648,5.00,4.00
2007.08.14 14:58:43.883,1.0647,1.0648,4.80,4.00
2007.08.14 14:58:44.452,1.0647,1.0648,0.80,4.00
2007.08.14 14:58:46.248,1.0647,1.0648,0.50,4.00
2007.08.14 14:58:47.259,1.0647,1.0648,0.80,4.00
2007.08.14 14:58:47.511,1.0647,1.0648,4.80,4.00
2007.08.14 14:58:48.547,1.0647,1.0648,0.80,4.00
2007.08.14 14:58:49.145,1.0647,1.0648,0.60,4.00
2007.08.14 14:58:49.256,1.0647,1.0648,0.60,4.00
2007.08.14 14:58:49.660,1.0647,1.0648,0.60,4.00
2007.08.14 14:58:50.078,1.0647,1.0648,0.60,4.80
2007.08.14 14:58:50.184,1.0647,1.0648,0.50,12.70
2007.08.14 14:58:50.294,1.0647,1.0648,0.30,4.80
2007.08.14 14:58:50.376,1.0647,1.0648,0.30,8.80
2007.08.14 14:58:50.600,1.0647,1.0648,0.50,8.80
2007.08.14 14:58:50.709,1.0647,1.0648,0.30,8.80
2007.08.14 14:58:51.913,1.0646,1.0648,5.60,8.80
2007.08.14 14:58:51.932,1.0646,1.0648,4.80,8.80
2007.08.14 14:58:51.995,1.0646,1.0648,4.00,8.80
2007.08.14 14:58:53.652,1.0645,1.0648,19.60,8.80
2007.08.14 14:58:57.587,1.0644,1.0648,63.30,8.80
2007.08.14 14:58:57.627,1.0644,1.0648,63.30,4.80
2007.08.14 14:58:57.648,1.0646,1.0648,8.80,15.20
2007.08.14 14:58:57.745,1.0646,1.0648,22.40,6.40
2007.08.14 14:58:57.831,1.0646,1.0648,24.80,4.00
2007.08.14 14:58:58.160,1.0647,1.0648,0.80,4.00
2007.08.14 14:58:58.196,1.0647,1.0648,0.80,4.00
2007.08.14 14:58:58.250,1.0647,1.0648,0.50,4.00
2007.08.14 14:58:58.350,1.0646,1.0648,21.00,4.00
2007.08.14 14:58:58.657,1.0647,1.0648,0.50,4.00
2007.08.14 14:58:58.774,1.0646,1.0648,21.00,4.00
2007.08.14 14:58:59.183,1.0647,1.0648,0.50,4.00
2007.08.14 14:58:59.640,1.0646,1.0648,21.10,4.00
2007.08.14 14:58:59.697,1.0647,1.0648,2.20,4.00
2007.08.14 14:58:59.877,1.0647,1.0648,1.30,4.00
2007.08.14 14:59:00.749,1.0646,1.0648,38.40,4.00
2007.08.14 14:59:01.595,1.0647,1.0648,0.90,4.00
2007.08.14 14:59:01.706,1.0647,1.0648,0.80,4.00
2007.08.14 14:59:01.811,1.0646,1.0648,25.00,4.00
2007.08.14 14:59:02.005,1.0647,1.0648,0.50,4.00
2007.08.14 14:59:02.216,1.0647,1.0648,0.30,4.00
2007.08.14 14:59:02.745,1.0647,1.0648,0.50,4.00
2007.08.14 14:59:03.148,1.0647,1.0648,0.30,4.00
2007.08.14 14:59:03.726,1.0646,1.0648,21.20,4.00
2007.08.14 14:59:04.158,1.0647,1.0648,0.30,4.00
2007.08.14 14:59:05.197,1.0645,1.0648,42.90,13.50
2007.08.14 14:59:05.241,1.0645,1.0648,42.10,13.50
2007.08.14 14:59:05.300,1.0646,1.0648,1.10,13.50
2007.08.14 14:59:05.422,1.0646,1.0648,0.50,15.90
2007.08.14 14:59:05.619,1.0645,1.0648,21.40,5.60
2007.08.14 14:59:06.036,1.0645,1.0648,21.40,9.60
2007.08.14 14:59:06.309,1.0646,1.0648,0.70,9.60
2007.08.14 14:59:07.143,1.0644,1.0648,67.50,9.60
2007.08.14 14:59:07.250,1.0644,1.0648,65.90,12.00
2007.08.14 14:59:07.293,1.0644,1.0647,55.40,4.00
2007.08.14 14:59:07.409,1.0645,1.0647,6.10,4.00
2007.08.14 14:59:07.496,1.0644,1.0647,45.10,4.00
2007.08.14 14:59:07.711,1.0644,1.0647,45.10,4.00
2007.08.14 14:59:08.031,1.0645,1.0647,6.40,4.00
2007.08.14 14:59:08.645,1.0645,1.0647,2.40,4.00
2007.08.14 14:59:08.740,1.0644,1.0647,43.90,4.00
2007.08.14 14:59:09.301,1.0644,1.0647,44.00,4.00
2007.08.14 14:59:09.595,1.0644,1.0647,43.90,4.00
2007.08.14 14:59:10.794,1.0644,1.0647,39.90,4.00
2007.08.14 14:59:11.624,1.0644,1.0647,42.00,4.00
2007.08.14 14:59:11.741,1.0645,1.0647,7.70,4.00
2007.08.14 14:59:11.819,1.0645,1.0647,22.10,4.00
2007.08.14 14:59:11.851,1.0646,1.0647,0.50,4.00
2007.08.14 14:59:11.950,1.0646,1.0647,0.80,4.00
2007.08.14 14:59:12.133,1.0645,1.0647,4.80,4.00
2007.08.14 14:59:12.169,1.0644,1.0647,41.10,4.00
2007.08.14 14:59:12.232,1.0646,1.0647,0.70,4.00
2007.08.14 14:59:13.151,1.0645,1.0647,15.80,4.00
2007.08.14 14:59:13.301,1.0645,1.0647,7.70,4.00
2007.08.14 14:59:13.719,1.0644,1.0647,45.80,4.00
2007.08.14 14:59:14.345,1.0645,1.0647,0.70,4.00
2007.08.14 14:59:14.667,1.0645,1.0647,0.60,4.00
2007.08.14 14:59:14.756,1.0645,1.0647,10.90,4.00
2007.08.14 14:59:14.972,1.0644,1.0647,50.10,4.00
2007.08.14 14:59:15.076,1.0644,1.0647,52.60,4.00
2007.08.14 14:59:16.610,1.0645,1.0647,3.10,4.00
2007.08.14 14:59:16.643,1.0645,1.0647,0.70,8.00
2007.08.14 14:59:16.704,1.0645,1.0647,1.70,8.00
2007.08.14 14:59:16.731,1.0645,1.0646,0.90,4.80
2007.08.14 14:59:16.748,1.0645,1.0646,0.70,7.20
2007.08.14 14:59:16.818,1.0644,1.0646,4.20,7.20
2007.08.14 14:59:16.843,1.0644,1.0646,1.70,7.20
2007.08.14 14:59:17.011,1.06435,1.06455,5.00,4.00
2007.08.14 14:59:17.034,1.06435,1.06455,5.10,4.00
2007.08.14 14:59:17.145,1.0643,1.06455,29.10,4.00
2007.08.14 14:59:17.300,1.0643,1.06455,37.30,4.00
2007.08.14 14:59:17.555,1.0643,1.06455,31.60,4.00
2007.08.14 14:59:17.651,1.0643,1.06455,30.00,4.00
2007.08.14 14:59:17.672,1.0645,1.06455,1.50,4.00
2007.08.14 14:59:17.776,1.0644,1.0646,8.70,4.80
2007.08.14 14:59:17.777,1.0644,1.0646,8.40,4.80
2007.08.14 14:59:18.279,1.0644,1.0645,24.70,4.40
2007.08.14 14:59:18.391,1.0644,1.0645,25.40,3.90
2007.08.14 14:59:18.700,1.0644,1.0645,25.10,3.70
2007.08.14 14:59:18.795,1.0644,1.0645,26.20,3.80
2007.08.14 14:59:19.190,1.0644,1.0645,7.30,3.80
2007.08.14 14:59:19.226,1.0643,1.0645,46.00,3.80
2007.08.14 14:59:19.322,1.0643,1.0645,24.80,3.80
2007.08.14 14:59:19.437,1.0644,1.0645,3.70,3.80
2007.08.14 14:59:19.522,1.0643,1.0645,22.10,3.80
2007.08.14 14:59:20.268,1.0643,1.0645,23.80,3.80
2007.08.14 14:59:20.997,1.0644,1.0645,7.00,3.80
2007.08.14 14:59:21.718,1.0644,1.0645,7.40,3.80
2007.08.14 14:59:21.829,1.0644,1.0645,8.20,3.80
2007.08.14 14:59:23.050,1.0644,1.0645,8.40,3.80
2007.08.14 14:59:25.025,1.0644,1.0645,8.30,3.80
2007.08.14 14:59:25.233,1.0644,1.0645,8.00,3.80
2007.08.14 14:59:25.338,1.0644,1.0645,7.40,3.80
2007.08.14 14:59:25.545,1.0644,1.0645,7.30,3.80
2007.08.14 14:59:25.864,1.0644,1.0645,7.20,3.80
2007.08.14 14:59:26.104,1.0644,1.0645,7.30,3.80
2007.08.14 14:59:26.505,1.0644,1.0645,7.20,3.80
2007.08.14 14:59:26.608,1.0644,1.0645,7.10,3.80
2007.08.14 14:59:26.826,1.0644,1.0645,7.70,3.80
2007.08.14 14:59:27.035,1.0644,1.0645,8.40,3.80
2007.08.14 14:59:28.138,1.0644,1.0645,8.30,3.80
2007.08.14 14:59:28.233,1.0644,1.0645,10.70,3.80
2007.08.14 14:59:28.286,1.0645,1.0646,4.00,4.30
2007.08.14 14:59:28.338,1.0644,1.0645,6.70,3.60
2007.08.14 14:59:28.451,1.0644,1.0645,6.70,2.90
2007.08.14 14:59:28.576,1.0644,1.0645,6.70,2.70
2007.08.14 14:59:29.101,1.0644,1.0645,6.50,2.80
2007.08.14 14:59:30.334,1.0644,1.0645,41.10,2.60
2007.08.14 14:59:30.544,1.0644,1.0645,41.00,1.00
2007.08.14 14:59:30.644,1.0644,1.0645,40.80,1.50
2007.08.14 14:59:30.749,1.0645,1.0646,4.00,0.30
2007.08.14 14:59:31.401,1.0645,1.0646,4.00,4.20
2007.08.14 14:59:32.307,1.0645,1.0646,4.20,4.20
2007.08.14 14:59:32.948,1.0645,1.0646,4.00,4.20
2007.08.14 14:59:33.568,1.0645,1.0646,4.10,4.20
2007.08.14 14:59:33.666,1.0645,1.0646,4.30,4.20
2007.08.14 14:59:33.766,1.0645,1.0646,4.10,4.20
2007.08.14 14:59:34.105,1.0645,1.0646,4.10,0.30
2007.08.14 14:59:36.661,1.0645,1.0646,4.30,0.30
2007.08.14 14:59:36.866,1.0645,1.0646,4.10,0.30
2007.08.14 14:59:37.514,1.0645,1.0646,4.00,4.20
2007.08.14 14:59:39.118,1.0644,1.0646,43.00,4.20
2007.08.14 14:59:39.272,1.0645,1.0646,0.20,4.20
2007.08.14 14:59:39.370,1.0645,1.0646,18.90,0.30
2007.08.14 14:59:39.743,1.0645,1.0646,3.20,0.30
2007.08.14 14:59:39.780,1.0645,1.0646,0.80,5.80
2007.08.14 14:59:39.844,1.0644,1.0645,14.10,0.80
2007.08.14 14:59:39.876,1.0644,1.0645,10.30,0.80
2007.08.14 14:59:39.993,1.0644,1.0645,8.80,0.80
2007.08.14 14:59:40.052,1.0644,1.0645,8.00,0.80
2007.08.14 14:59:40.116,1.0644,1.0645,8.00,0.90
2007.08.14 14:59:40.147,1.0644,1.0645,12.00,0.90
2007.08.14 14:59:40.473,1.0644,1.0645,8.00,4.90
2007.08.14 14:59:40.637,1.0644,1.0645,4.00,4.90
2007.08.14 14:59:40.802,1.0644,1.0645,17.50,0.90
2007.08.14 14:59:40.892,1.0644,1.0645,20.10,0.90
2007.08.14 14:59:40.911,1.0645,1.0646,4.00,8.20
2007.08.14 14:59:40.925,1.0644,1.0645,16.90,0.10
2007.08.14 14:59:40.983,1.0645,1.0646,4.00,4.20
2007.08.14 14:59:43.387,1.0645,1.0646,4.10,4.20
2007.08.14 14:59:43.926,1.0645,1.0646,4.30,4.20
2007.08.14 14:59:45.796,1.0645,1.0646,4.00,4.20
2007.08.14 14:59:45.819,1.0644,1.0646,26.10,4.20
2007.08.14 14:59:45.842,1.0644,1.0646,26.10,0.60
2007.08.14 14:59:45.905,1.0644,1.0647,26.00,40.40
2007.08.14 14:59:46.100,1.0644,1.06465,22.00,8.20
2007.08.14 14:59:46.335,1.0644,1.06465,22.00,8.20
2007.08.14 14:59:47.221,1.0644,1.06465,21.90,8.20
2007.08.14 14:59:47.430,1.0644,1.06465,22.00,8.20
2007.08.14 14:59:47.526,1.0644,1.0646,22.30,0.50
2007.08.14 14:59:48.212,1.0644,1.06465,22.10,8.20
2007.08.14 14:59:48.677,1.0644,1.06465,24.50,8.20
2007.08.14 14:59:48.702,1.0645,1.06465,4.00,8.20
2007.08.14 14:59:48.905,1.0645,1.06465,4.10,8.20
2007.08.14 14:59:49.116,1.0645,1.06465,4.00,8.20
2007.08.14 14:59:54.798,1.0645,1.0647,4.00,34.50
2007.08.14 14:59:54.906,1.0644,1.0646,15.60,0.60
2007.08.14 14:59:55.016,1.0644,1.0647,4.00,33.40
2007.08.14 14:59:55.131,1.0644,1.0646,4.00,22.60
2007.08.14 14:59:59.248,1.0644,1.0646,4.80,24.40
2007.08.14 14:59:59.365,1.0644,1.0646,6.70,0.90
2007.08.14 14:59:59.380,1.0645,1.0647,4.00,22.50
2007.08.14 14:59:59.553,1.0645,1.0647,4.00,20.80
