2012.03.07 16:00:00.208,1.0022,1.00233,1.50,1.50
2012.03.07 16:00:00.361,1.00222,1.00237,1.50,3.00
2012.03.07 16:00:01.594,1.00225,1.00234,1.50,2.25
2012.03.07 16:00:02.087,1.00224,1.00234,1.50,3.00
2012.03.07 16:00:02.299,1.00218,1.0023,1.50,1.50
2012.03.07 16:00:02.502,1.00217,1.0023,1.50,1.50
2012.03.07 16:00:03.055,1.00217,1.0023,1.35,1.50
2012.03.07 16:00:03.267,1.00219,1.00232,1.50,4.50
2012.03.07 16:00:03.689,1.00216,1.00227,2.10,1.50
2012.03.07 16:00:04.045,1.00217,1.00232,3.00,4.50
2012.03.07 16:00:04.187,1.00217,1.00231,2.85,1.88
2012.03.07 16:00:04.691,1.00217,1.00231,2.85,2.63
2012.03.07 16:00:04.783,1.00217,1.00228,1.35,1.50
2012.03.07 16:00:05.273,1.00217,1.00229,3.60,1.50
2012.03.07 16:00:05.670,1.0022,1.0023,1.50,2.25
2012.03.07 16:00:05.818,1.00219,1.0023,2.25,2.25
2012.03.07 16:00:05.901,1.00219,1.0023,3.00,2.25
2012.03.07 16:00:06.454,1.00219,1.00229,1.50,1.69
2012.03.07 16:00:06.955,1.00219,1.00227,1.50,1.50
2012.03.07 16:00:07.174,1.00217,1.00229,2.48,3.00
2012.03.07 16:00:07.994,1.00218,1.00231,1.50,2.63
2012.03.07 16:00:08.069,1.00218,1.00227,1.50,1.50
2012.03.07 16:00:08.618,1.00217,1.00228,1.35,2.25
2012.03.07 16:00:09.334,1.00217,1.00228,2.85,3.00
2012.03.07 16:00:09.644,1.00217,1.00228,3.15,1.50
2012.03.07 16:00:10.069,1.00218,1.00229,1.80,1.50
2012.03.07 16:00:10.571,1.0022,1.00232,1.13,1.88
2012.03.07 16:00:10.666,1.0022,1.00231,1.13,2.78
2012.03.07 16:00:10.976,1.00217,1.00227,2.10,1.50
2012.03.07 16:00:11.327,1.00217,1.0023,2.48,2.44
2012.03.07 16:00:11.408,1.00219,1.0023,2.07,2.25
2012.03.07 16:00:12.029,1.00221,1.00232,2.67,2.25
2012.03.07 16:00:12.203,1.00222,1.00233,3.75,1.50
2012.03.07 16:00:12.628,1.00221,1.00232,2.25,2.63
2012.03.07 16:00:12.970,1.00222,1.0023,1.50,1.50
2012.03.07 16:00:13.501,1.0022,1.00232,3.00,1.88
2012.03.07 16:00:13.643,1.0022,1.00232,3.00,1.88
2012.03.07 16:00:13.858,1.0022,1.00232,1.50,3.38
2012.03.07 16:00:14.303,1.00218,1.00227,1.50,1.50
2012.03.07 16:00:14.990,1.00222,1.00232,1.50,1.13
2012.03.07 16:00:15.110,1.0022,1.00232,2.25,2.63
2012.03.07 16:00:15.186,1.0022,1.00232,4.73,2.25
2012.03.07 16:00:15.261,1.0022,1.00235,3.23,2.25
2012.03.07 16:00:15.338,1.00221,1.00236,3.23,1.69
2012.03.07 16:00:15.695,1.00222,1.00233,1.35,1.13
2012.03.07 16:00:16.046,1.00219,1.0023,2.10,1.50
2012.03.07 16:00:17.220,1.00222,1.0023,1.13,1.50
2012.03.07 16:00:17.576,1.00222,1.0023,1.50,3.75
2012.03.07 16:00:18.119,1.00223,1.00229,1.50,1.69
2012.03.07 16:00:18.215,1.00216,1.00227,2.10,3.00
2012.03.07 16:00:18.553,1.00216,1.00227,2.10,3.00
2012.03.07 16:00:20.136,1.00214,1.00227,1.50,2.25
2012.03.07 16:00:20.425,1.00213,1.00224,3.68,3.00
2012.03.07 16:00:20.570,1.00211,1.00223,2.25,2.44
2012.03.07 16:00:21.114,1.00211,1.00223,2.25,2.44
2012.03.07 16:00:21.328,1.00212,1.00225,1.50,2.25
2012.03.07 16:00:21.411,1.00212,1.00225,3.00,2.85
2012.03.07 16:00:21.844,1.00208,1.0022,1.50,1.50
2012.03.07 16:00:22.202,1.00209,1.00222,1.50,2.63
2012.03.07 16:00:22.351,1.00207,1.00219,2.25,1.50
2012.03.07 16:00:22.426,1.00209,1.00221,1.50,1.13
2012.03.07 16:00:22.707,1.00207,1.00221,2.25,2.63
2012.03.07 16:00:22.851,1.00206,1.00218,2.25,1.50
2012.03.07 16:00:23.439,1.00207,1.00221,2.25,3.38
2012.03.07 16:00:23.916,1.00206,1.00216,3.00,1.50
2012.03.07 16:00:23.987,1.00206,1.00219,2.25,1.50
2012.03.07 16:00:24.127,1.0021,1.00221,1.50,2.63
2012.03.07 16:00:24.493,1.00208,1.00215,1.50,3.00
2012.03.07 16:00:24.564,1.00203,1.00214,1.50,1.13
2012.03.07 16:00:25.135,1.00201,1.00213,3.00,1.88
2012.03.07 16:00:26.246,1.00201,1.00212,2.25,2.25
2012.03.07 16:00:26.847,1.00201,1.00212,1.50,3.75
2012.03.07 16:00:26.955,1.00198,1.0021,1.50,2.44
2012.03.07 16:00:27.235,1.00201,1.0021,1.50,1.69
2012.03.07 16:00:27.454,1.00197,1.00209,2.10,1.50
2012.03.07 16:00:27.742,1.00196,1.00208,1.50,2.25
2012.03.07 16:00:27.814,1.00194,1.00207,3.38,2.25
2012.03.07 16:00:28.360,1.00195,1.00205,1.13,1.50
2012.03.07 16:00:28.446,1.00197,1.00208,1.50,1.88
2012.03.07 16:00:28.516,1.00197,1.00209,1.50,1.88
2012.03.07 16:00:28.775,1.00197,1.00208,1.50,1.88
2012.03.07 16:00:29.044,1.00192,1.00205,2.25,3.00
2012.03.07 16:00:29.503,1.0019,1.00203,4.13,2.25
2012.03.07 16:00:29.904,1.00188,1.00201,2.85,1.88
2012.03.07 16:00:30.460,1.00188,1.00202,3.60,2.63
2012.03.07 16:00:30.537,1.0019,1.00202,1.50,2.63
2012.03.07 16:00:30.933,1.00188,1.00201,2.10,1.88
2012.03.07 16:00:32.157,1.00188,1.00201,2.10,1.88
2012.03.07 16:00:32.932,1.00189,1.00203,3.00,3.19
2012.03.07 16:00:33.003,1.00192,1.00204,1.50,5.25
2012.03.07 16:00:33.343,1.00195,1.00206,1.13,1.32
2012.03.07 16:00:33.412,1.00193,1.00207,3.00,2.82
2012.03.07 16:00:33.482,1.00193,1.00205,2.25,2.25
2012.03.07 16:00:34.021,1.00191,1.00205,2.25,4.50
2012.03.07 16:00:34.937,1.00191,1.00204,2.25,1.50
2012.03.07 16:00:35.233,1.00191,1.00203,2.40,1.50
2012.03.07 16:00:35.652,1.0019,1.00201,1.50,1.50
2012.03.07 16:00:35.736,1.00187,1.002,3.98,1.13
2012.03.07 16:00:36.217,1.00187,1.00198,1.35,2.25
2012.03.07 16:00:37.674,1.00185,1.00197,3.75,2.44
2012.03.07 16:00:38.026,1.00185,1.00195,1.50,3.75
2012.03.07 16:00:38.092,1.00181,1.00194,1.88,1.88
2012.03.07 16:00:38.372,1.0018,1.00194,4.13,1.88
2012.03.07 16:00:38.517,1.0018,1.00194,6.98,1.88
2012.03.07 16:00:39.754,1.00184,1.00195,1.65,1.50
2012.03.07 16:00:40.293,1.00184,1.00196,1.65,1.50
2012.03.07 16:00:40.642,1.00182,1.00194,2.85,1.50
2012.03.07 16:00:41.898,1.00182,1.00194,1.50,3.75
2012.03.07 16:00:42.190,1.0018,1.00193,3.75,3.75
2012.03.07 16:00:43.030,1.0018,1.00191,1.50,1.88
2012.03.07 16:00:43.572,1.00179,1.00192,2.25,2.63
2012.03.07 16:00:44.083,1.00181,1.00193,2.25,6.00
2012.03.07 16:00:44.634,1.0018,1.00191,1.50,1.88
2012.03.07 16:00:44.979,1.00183,1.00193,1.50,3.75
2012.03.07 16:00:45.064,1.00183,1.00193,1.80,1.50
2012.03.07 16:00:45.543,1.00181,1.0019,1.50,1.50
2012.03.07 16:00:45.616,1.00181,1.00193,3.00,2.25
2012.03.07 16:00:46.157,1.00181,1.00193,3.00,2.63
2012.03.07 16:00:46.665,1.00181,1.00193,3.00,2.63
2012.03.07 16:00:47.284,1.00181,1.00193,2.25,2.63
2012.03.07 16:00:51.153,1.0018,1.00191,1.50,1.50
2012.03.07 16:00:52.222,1.0018,1.00193,3.75,2.63
2012.03.07 16:00:52.761,1.0018,1.00194,3.75,3.75
2012.03.07 16:00:53.649,1.0018,1.00194,3.00,3.00
2012.03.07 16:00:53.869,1.00182,1.00196,1.50,3.75
2012.03.07 16:00:54.411,1.0018,1.00193,2.29,1.50
2012.03.07 16:00:54.921,1.00182,1.00194,1.50,2.25
2012.03.07 16:00:55.470,1.00182,1.00193,1.50,1.50
2012.03.07 16:00:56.150,1.0018,1.00192,3.04,1.50
2012.03.07 16:00:56.614,1.00184,1.00196,1.50,2.63
2012.03.07 16:00:57.136,1.00183,1.00195,1.50,2.25
2012.03.07 16:00:57.661,1.00184,1.00197,1.50,2.25
2012.03.07 16:00:58.001,1.00188,1.002,1.50,3.75
2012.03.07 16:00:58.628,1.00185,1.00197,3.15,2.25
2012.03.07 16:00:59.033,1.00188,1.002,1.50,3.00
2012.03.07 16:00:59.536,1.00186,1.00197,1.88,2.25
2012.03.07 16:00:59.854,1.00187,1.002,2.10,1.88
2012.03.07 16:00:59.993,1.0019,1.00201,1.13,2.63
2012.03.07 16:01:00.551,1.0019,1.00203,1.88,1.50
2012.03.07 16:01:01.030,1.00189,1.002,1.50,5.25
2012.03.07 16:01:01.109,1.00185,1.00197,1.50,2.25
2012.03.07 16:01:01.455,1.00185,1.00195,1.50,4.50
2012.03.07 16:01:01.667,1.00185,1.00196,1.13,3.38
2012.03.07 16:01:02.096,1.00186,1.00198,1.69,2.25
2012.03.07 16:01:02.166,1.00188,1.00199,1.50,2.25
2012.03.07 16:01:02.832,1.00188,1.00198,1.50,1.50
2012.03.07 16:01:03.118,1.00185,1.00198,1.50,3.00
2012.03.07 16:01:03.682,1.00185,1.00198,2.25,3.00
2012.03.07 16:01:03.893,1.00188,1.00199,1.50,3.00
2012.03.07 16:01:04.294,1.00188,1.00198,1.50,3.00
2012.03.07 16:01:04.368,1.00185,1.00197,1.65,3.00
2012.03.07 16:01:04.447,1.00183,1.00196,1.50,2.25
2012.03.07 16:01:04.867,1.00184,1.00197,1.50,1.50
2012.03.07 16:01:05.133,1.00185,1.00198,2.25,2.25
2012.03.07 16:01:05.747,1.00189,1.002,1.50,2.25
2012.03.07 16:01:06.256,1.00189,1.00199,1.50,1.69
2012.03.07 16:01:06.464,1.00185,1.00197,2.40,1.50
2012.03.07 16:01:06.601,1.00187,1.00199,1.50,2.44
2012.03.07 16:01:08.935,1.00189,1.002,1.50,2.25
2012.03.07 16:01:09.191,1.00187,1.00199,1.69,2.25
2012.03.07 16:01:10.290,1.00187,1.00193,1.50,2.25
2012.03.07 16:01:10.573,1.00183,1.00193,1.50,3.38
2012.03.07 16:01:10.834,1.00181,1.00193,1.50,2.63
2012.03.07 16:01:12.048,1.0018,1.00193,2.25,1.88
2012.03.07 16:01:12.556,1.0018,1.00193,1.50,2.63
2012.03.07 16:01:13.074,1.00181,1.00193,1.50,3.38
2012.03.07 16:01:15.390,1.00181,1.00193,2.25,3.38
2012.03.07 16:01:16.128,1.00181,1.00193,3.00,2.63
2012.03.07 16:01:16.944,1.00181,1.00193,2.25,3.00
2012.03.07 16:01:17.453,1.00181,1.00193,2.25,4.13
2012.03.07 16:01:17.994,1.00181,1.00193,4.35,2.63
2012.03.07 16:01:18.344,1.00185,1.00196,1.50,1.13
2012.03.07 16:01:18.413,1.00185,1.00197,1.50,3.75
2012.03.07 16:01:19.356,1.00181,1.00195,3.04,1.50
2012.03.07 16:01:19.430,1.00181,1.00191,1.69,1.88
2012.03.07 16:01:19.722,1.00175,1.00187,1.69,3.00
2012.03.07 16:01:20.008,1.00175,1.00185,2.25,7.13
2012.03.07 16:01:20.158,1.00175,1.00185,1.50,4.13
2012.03.07 16:01:20.235,1.00171,1.00183,1.50,1.50
2012.03.07 16:01:20.776,1.0017,1.00184,2.63,2.63
2012.03.07 16:01:20.868,1.0017,1.00182,1.50,1.50
2012.03.07 16:01:21.202,1.00172,1.00185,1.50,1.13
2012.03.07 16:01:21.743,1.00171,1.00183,1.50,1.50
2012.03.07 16:01:22.418,1.00172,1.00185,1.50,2.25
2012.03.07 16:01:22.760,1.0017,1.00181,2.48,1.50
2012.03.07 16:01:22.891,1.00171,1.00185,2.10,3.00
2012.03.07 16:01:23.144,1.00174,1.00185,1.50,2.25
2012.03.07 16:01:23.218,1.00174,1.00185,1.50,2.25
2012.03.07 16:01:23.762,1.00173,1.00187,3.00,3.94
2012.03.07 16:01:23.903,1.00174,1.00184,1.50,1.50
2012.03.07 16:01:24.417,1.00173,1.00182,1.50,1.50
2012.03.07 16:01:24.620,1.00175,1.00186,2.25,1.69
2012.03.07 16:01:25.121,1.00175,1.00187,2.25,3.19
2012.03.07 16:01:25.662,1.00173,1.00186,1.50,2.44
2012.03.07 16:01:25.732,1.00172,1.00186,2.25,2.44
2012.03.07 16:01:26.005,1.00171,1.00181,1.35,1.50
2012.03.07 16:01:26.754,1.0017,1.00181,1.50,1.50
2012.03.07 16:01:26.824,1.00171,1.00183,1.50,3.19
2012.03.07 16:01:27.590,1.0017,1.00181,1.50,1.50
2012.03.07 16:01:28.217,1.00171,1.00183,1.50,3.19
2012.03.07 16:01:29.151,1.0017,1.00182,1.50,1.50
2012.03.07 16:01:31.221,1.00168,1.00182,4.13,2.25
2012.03.07 16:01:31.584,1.00173,1.00182,1.50,1.50
2012.03.07 16:01:31.798,1.00171,1.0018,1.50,1.50
2012.03.07 16:01:32.253,1.00168,1.0018,1.88,1.50
2012.03.07 16:01:32.748,1.00169,1.00181,1.50,2.25
2012.03.07 16:01:33.695,1.00169,1.00179,1.50,1.50
2012.03.07 16:01:34.193,1.00168,1.0018,1.69,3.38
2012.03.07 16:01:34.744,1.00169,1.0018,1.50,2.44
2012.03.07 16:01:34.935,1.00167,1.0018,2.25,3.34
2012.03.07 16:01:35.072,1.00165,1.00178,3.75,1.50
2012.03.07 16:01:35.142,1.00165,1.00177,3.75,1.50
2012.03.07 16:01:35.771,1.00167,1.0018,1.50,3.19
2012.03.07 16:01:36.114,1.0017,1.00181,1.50,2.25
2012.03.07 16:01:36.455,1.00166,1.00178,2.48,3.00
2012.03.07 16:01:36.842,1.00164,1.00177,2.82,3.00
2012.03.07 16:01:37.647,1.00163,1.00177,6.00,3.00
2012.03.07 16:01:37.741,1.00163,1.00174,3.00,1.50
2012.03.07 16:01:38.158,1.00164,1.00176,2.06,2.25
2012.03.07 16:01:39.192,1.00164,1.00176,1.50,3.75
2012.03.07 16:01:39.412,1.00164,1.00174,1.50,1.13
2012.03.07 16:01:39.566,1.00161,1.00174,1.50,1.13
2012.03.07 16:01:39.988,1.00164,1.00176,2.10,3.00
2012.03.07 16:01:40.521,1.00167,1.00177,1.50,1.50
2012.03.07 16:01:40.856,1.00165,1.00177,1.50,2.25
2012.03.07 16:01:41.198,1.00165,1.00174,1.50,1.50
2012.03.07 16:01:41.413,1.0016,1.00172,3.00,2.25
2012.03.07 16:01:42.341,1.00159,1.00173,3.00,4.13
2012.03.07 16:01:42.899,1.00162,1.00172,1.50,1.13
2012.03.07 16:01:43.398,1.00161,1.00173,2.85,1.88
2012.03.07 16:01:43.992,1.00162,1.00174,1.50,1.50
2012.03.07 16:01:44.349,1.00165,1.00176,1.50,2.25
2012.03.07 16:01:44.707,1.00168,1.00177,1.50,1.50
2012.03.07 16:01:44.857,1.00165,1.00177,2.25,1.50
2012.03.07 16:01:45.507,1.00163,1.00177,3.00,3.75
2012.03.07 16:01:45.794,1.00163,1.00176,1.50,1.50
2012.03.07 16:01:46.345,1.00162,1.00174,1.50,1.50
2012.03.07 16:01:47.290,1.00162,1.00174,2.25,1.88
2012.03.07 16:01:47.697,1.00164,1.00172,1.50,1.50
2012.03.07 16:01:48.109,1.00159,1.00165,1.88,2.25
2012.03.07 16:01:48.818,1.00158,1.00165,1.50,8.07
2012.03.07 16:01:48.909,1.0015,1.00163,2.63,2.44
2012.03.07 16:01:49.474,1.00151,1.00163,1.50,3.00
2012.03.07 16:01:51.377,1.0015,1.00162,3.00,1.69
2012.03.07 16:01:51.926,1.00149,1.00161,3.00,1.69
2012.03.07 16:01:52.062,1.00149,1.00158,2.25,1.50
2012.03.07 16:01:52.193,1.0015,1.00163,2.63,1.88
2012.03.07 16:01:52.263,1.0015,1.00163,3.38,1.13
2012.03.07 16:01:52.753,1.00152,1.00163,1.50,1.88
2012.03.07 16:01:52.893,1.00149,1.00163,2.25,3.38
2012.03.07 16:01:53.570,1.00149,1.00162,1.50,1.13
2012.03.07 16:01:54.117,1.00147,1.00161,3.75,1.88
2012.03.07 16:01:54.271,1.00147,1.00161,3.00,2.63
2012.03.07 16:01:55.190,1.00149,1.00161,1.50,2.63
2012.03.07 16:01:55.490,1.00144,1.00154,3.00,1.13
2012.03.07 16:01:55.703,1.00142,1.00154,1.50,2.63
2012.03.07 16:01:56.814,1.00142,1.00154,1.50,1.88
2012.03.07 16:01:56.955,1.00142,1.00154,2.25,1.88
2012.03.07 16:01:57.173,1.00144,1.00156,2.25,2.63
2012.03.07 16:01:57.514,1.00144,1.00156,1.50,3.38
2012.03.07 16:01:57.782,1.00142,1.00155,1.50,2.25
2012.03.07 16:01:58.983,1.00143,1.00155,1.50,2.25
2012.03.07 16:01:59.390,1.00145,1.00157,1.50,4.88
2012.03.07 16:01:59.804,1.00146,1.00159,1.50,1.50
2012.03.07 16:02:00.629,1.00145,1.00157,1.69,1.50
2012.03.07 16:02:01.131,1.00146,1.00159,2.25,1.88
2012.03.07 16:02:01.627,1.00146,1.0016,3.98,1.50
2012.03.07 16:02:02.088,1.00149,1.00161,1.50,2.25
2012.03.07 16:02:02.511,1.00147,1.00159,1.50,2.25
2012.03.07 16:02:02.934,1.00149,1.0016,1.50,1.50
2012.03.07 16:02:03.007,1.00149,1.00161,1.50,2.25
2012.03.07 16:02:03.735,1.00149,1.00158,1.50,1.50
2012.03.07 16:02:03.889,1.0015,1.00161,1.50,3.00
2012.03.07 16:02:04.034,1.00152,1.0016,1.50,1.50
2012.03.07 16:02:04.386,1.00149,1.00159,3.00,1.50
2012.03.07 16:02:04.581,1.00146,1.00159,3.38,1.50
2012.03.07 16:02:04.713,1.00149,1.00159,1.50,1.50
2012.03.07 16:02:04.853,1.00147,1.00159,1.50,3.00
2012.03.07 16:02:06.233,1.00147,1.00159,1.50,3.15
2012.03.07 16:02:06.577,1.00144,1.00156,1.69,2.10
2012.03.07 16:02:06.854,1.00142,1.00152,3.00,1.50
2012.03.07 16:02:06.996,1.00143,1.00154,3.42,1.50
2012.03.07 16:02:07.135,1.00144,1.00156,1.54,2.25
2012.03.07 16:02:08.695,1.00143,1.00157,4.92,3.00
2012.03.07 16:02:08.767,1.00147,1.00158,1.50,3.00
2012.03.07 16:02:08.916,1.00148,1.00159,2.10,1.50
2012.03.07 16:02:09.232,1.00148,1.00161,2.10,1.13
2012.03.07 16:02:09.364,1.00152,1.00161,1.50,1.88
2012.03.07 16:02:09.505,1.00149,1.0016,1.50,1.50
2012.03.07 16:02:09.576,1.00147,1.0016,1.50,1.50
2012.03.07 16:02:10.091,1.00145,1.00158,5.07,1.50
2012.03.07 16:02:10.165,1.00148,1.00159,1.50,2.25
2012.03.07 16:02:10.710,1.00151,1.00162,1.50,1.69
2012.03.07 16:02:11.276,1.0015,1.00162,1.50,1.69
2012.03.07 16:02:11.759,1.00148,1.0016,1.50,1.50
2012.03.07 16:02:12.279,1.00149,1.00162,1.50,1.69
2012.03.07 16:02:12.788,1.00148,1.0016,1.50,1.50
2012.03.07 16:02:12.861,1.0015,1.00161,1.50,1.50
2012.03.07 16:02:13.256,1.00148,1.0016,1.50,1.50
2012.03.07 16:02:13.871,1.00146,1.0016,1.88,2.25
2012.03.07 16:02:14.394,1.00146,1.0016,1.88,3.00
2012.03.07 16:02:14.913,1.00148,1.00161,1.50,3.00
2012.03.07 16:02:16.068,1.00146,1.0016,2.63,2.25
2012.03.07 16:02:16.914,1.00146,1.00158,1.88,2.25
2012.03.07 16:02:17.620,1.00145,1.00157,1.50,3.60
2012.03.07 16:02:20.029,1.00145,1.00156,1.50,1.35
2012.03.07 16:02:20.375,1.00141,1.00152,1.50,1.50
2012.03.07 16:02:20.447,1.00143,1.00152,1.13,1.50
2012.03.07 16:02:20.597,1.00144,1.00156,1.50,2.25
2012.03.07 16:02:20.953,1.00144,1.00156,2.25,2.25
2012.03.07 16:02:21.165,1.00141,1.00152,1.13,1.50
2012.03.07 16:02:21.683,1.0014,1.00152,1.69,1.50
2012.03.07 16:02:22.236,1.0014,1.00152,5.25,1.50
2012.03.07 16:02:22.305,1.00141,1.00154,2.63,1.50
2012.03.07 16:02:22.647,1.00144,1.00156,1.50,4.50
2012.03.07 16:02:23.346,1.00141,1.00155,2.48,1.50
2012.03.07 16:02:24.090,1.00141,1.00155,1.50,2.44
2012.03.07 16:02:25.292,1.00141,1.00155,1.50,1.69
2012.03.07 16:02:25.507,1.00143,1.00156,1.50,1.69
2012.03.07 16:02:26.813,1.00142,1.00154,1.50,1.50
2012.03.07 16:02:27.021,1.0014,1.00153,2.25,1.50
2012.03.07 16:02:29.135,1.00142,1.00153,1.88,1.50
2012.03.07 16:02:29.610,1.0014,1.00154,3.38,1.88
2012.03.07 16:02:30.154,1.0014,1.00154,3.38,2.63
2012.03.07 16:02:30.863,1.00141,1.00153,3.00,2.25
2012.03.07 16:02:33.445,1.00141,1.00155,2.25,2.63
2012.03.07 16:02:33.726,1.00144,1.00155,1.50,1.13
2012.03.07 16:02:33.799,1.00144,1.00157,2.10,2.44
2012.03.07 16:02:34.019,1.0015,1.0016,1.50,2.44
2012.03.07 16:02:34.644,1.00147,1.0016,1.50,1.69
2012.03.07 16:02:35.153,1.00147,1.0016,1.50,1.50
2012.03.07 16:02:35.814,1.0015,1.0016,1.50,1.50
2012.03.07 16:02:36.551,1.00147,1.00159,1.50,2.25
2012.03.07 16:02:36.755,1.00148,1.00159,1.50,1.50
2012.03.07 16:02:36.963,1.00148,1.00159,1.50,1.50
2012.03.07 16:02:37.365,1.00147,1.00158,1.50,1.50
2012.03.07 16:02:37.648,1.00148,1.00161,2.25,1.50
2012.03.07 16:02:38.356,1.00151,1.00161,1.50,1.50
2012.03.07 16:02:38.441,1.00149,1.00161,3.00,3.00
2012.03.07 16:02:38.576,1.00146,1.00158,2.63,1.50
2012.03.07 16:02:39.104,1.00147,1.00161,1.50,3.00
2012.03.07 16:02:40.270,1.00147,1.0016,2.25,1.50
2012.03.07 16:02:40.413,1.00147,1.0016,1.50,1.50
2012.03.07 16:02:40.684,1.00147,1.0016,2.25,1.50
2012.03.07 16:02:40.883,1.0015,1.0016,1.50,1.50
2012.03.07 16:02:41.088,1.00146,1.00158,1.88,1.50
2012.03.07 16:02:41.552,1.00149,1.00159,1.50,1.50
2012.03.07 16:02:41.626,1.00147,1.00158,1.50,2.25
2012.03.07 16:02:41.840,1.00151,1.00159,1.50,1.50
2012.03.07 16:02:42.390,1.00151,1.0016,1.50,1.50
2012.03.07 16:02:42.472,1.00151,1.00164,2.25,1.69
2012.03.07 16:02:42.611,1.00151,1.00164,2.48,1.69
2012.03.07 16:02:42.758,1.00154,1.00167,1.28,3.00
2012.03.07 16:02:42.907,1.00156,1.00168,1.50,3.75
2012.03.07 16:02:43.126,1.00153,1.00164,1.65,2.25
2012.03.07 16:02:43.683,1.00152,1.00164,1.50,2.25
2012.03.07 16:02:44.890,1.00152,1.00164,1.50,2.25
2012.03.07 16:02:46.809,1.00152,1.00164,1.50,2.25
2012.03.07 16:02:46.895,1.00148,1.00162,4.13,2.25
2012.03.07 16:02:47.312,1.00148,1.0016,3.38,1.50
2012.03.07 16:02:47.644,1.00148,1.00158,1.88,1.50
2012.03.07 16:02:47.924,1.00149,1.00161,1.50,1.50
2012.03.07 16:02:48.366,1.00152,1.00163,1.50,2.44
2012.03.07 16:02:48.504,1.00153,1.00164,1.32,1.50
2012.03.07 16:02:48.576,1.00153,1.00166,1.47,3.00
2012.03.07 16:02:49.090,1.00153,1.00165,1.50,2.25
2012.03.07 16:02:49.176,1.00151,1.00163,1.50,2.25
2012.03.07 16:02:50.232,1.0015,1.00161,1.88,1.50
2012.03.07 16:02:50.574,1.00153,1.00165,1.50,2.25
2012.03.07 16:02:51.379,1.00147,1.00159,2.44,1.50
2012.03.07 16:02:51.882,1.00147,1.00159,3.19,1.50
2012.03.07 16:02:51.952,1.00148,1.00162,1.50,1.88
2012.03.07 16:02:53.093,1.00148,1.00162,1.50,2.63
2012.03.07 16:02:54.705,1.00148,1.00162,2.25,2.25
2012.03.07 16:02:54.846,1.00148,1.0016,1.50,2.70
2012.03.07 16:02:55.193,1.00146,1.00157,1.13,1.50
2012.03.07 16:02:55.853,1.00146,1.00158,1.13,3.00
2012.03.07 16:02:56.694,1.00144,1.00158,1.69,3.00
2012.03.07 16:02:57.222,1.00144,1.00157,2.44,1.50
2012.03.07 16:02:57.776,1.00147,1.00158,1.50,1.50
2012.03.07 16:02:58.171,1.00145,1.00157,2.25,1.50
2012.03.07 16:02:59.536,1.00145,1.00157,1.50,3.00
2012.03.07 16:02:59.959,1.00145,1.00155,1.50,5.63
2012.03.07 16:03:00.176,1.00138,1.0015,4.32,1.50
2012.03.07 16:03:00.932,1.00142,1.00153,1.50,1.50
2012.03.07 16:03:01.437,1.00142,1.00154,1.50,3.00
2012.03.07 16:03:01.793,1.00144,1.00156,1.50,2.63
2012.03.07 16:03:01.863,1.00141,1.00153,3.60,1.50
2012.03.07 16:03:03.592,1.00141,1.00153,2.85,1.50
2012.03.07 16:03:03.792,1.00143,1.00157,2.63,3.75
2012.03.07 16:03:04.335,1.00143,1.00156,2.63,1.50
2012.03.07 16:03:04.813,1.00139,1.0015,2.25,1.50
2012.03.07 16:03:05.356,1.00142,1.00153,1.50,3.38
2012.03.07 16:03:05.852,1.0014,1.00152,1.50,2.25
2012.03.07 16:03:06.538,1.00141,1.00153,1.50,1.88
2012.03.07 16:03:06.627,1.00139,1.00151,3.38,1.50
2012.03.07 16:03:07.193,1.0014,1.00153,1.50,1.13
2012.03.07 16:03:07.394,1.00142,1.00153,1.50,1.13
2012.03.07 16:03:07.792,1.0014,1.00152,1.50,1.50
2012.03.07 16:03:08.412,1.00142,1.00154,1.50,2.63
2012.03.07 16:03:08.492,1.00139,1.00151,3.38,1.50
2012.03.07 16:03:09.189,1.00139,1.00152,1.13,1.50
2012.03.07 16:03:09.931,1.00139,1.00152,1.88,1.50
2012.03.07 16:03:10.444,1.00139,1.00151,1.50,3.00
2012.03.07 16:03:10.797,1.00137,1.00148,2.29,1.50
2012.03.07 16:03:11.821,1.00134,1.00144,2.25,1.50
2012.03.07 16:03:12.135,1.00134,1.00141,1.50,1.50
2012.03.07 16:03:12.353,1.00128,1.00139,1.13,1.50
2012.03.07 16:03:13.041,1.00128,1.00141,1.69,1.50
2012.03.07 16:03:13.161,1.0013,1.00142,1.50,1.50
2012.03.07 16:03:13.687,1.0013,1.00144,1.50,3.75
2012.03.07 16:03:15.114,1.0013,1.00144,2.25,2.25
2012.03.07 16:03:15.419,1.0013,1.00141,1.50,1.50
2012.03.07 16:03:16.030,1.0013,1.00141,2.78,1.50
2012.03.07 16:03:16.109,1.00132,1.00144,1.50,2.25
2012.03.07 16:03:16.643,1.00131,1.00145,2.25,3.00
2012.03.07 16:03:17.190,1.00132,1.00144,3.00,1.50
2012.03.07 16:03:17.407,1.0013,1.00141,3.38,1.50
2012.03.07 16:03:18.091,1.00131,1.00141,1.50,1.50
2012.03.07 16:03:18.173,1.00131,1.00143,3.00,1.50
2012.03.07 16:03:18.805,1.0013,1.00142,1.13,1.50
2012.03.07 16:03:19.424,1.00131,1.00142,2.10,1.50
2012.03.07 16:03:19.567,1.00134,1.00144,1.50,1.50
2012.03.07 16:03:19.974,1.00134,1.00143,1.50,2.25
2012.03.07 16:03:20.046,1.00132,1.00139,1.50,1.88
2012.03.07 16:03:20.114,1.00127,1.00139,2.25,1.88
2012.03.07 16:03:20.256,1.00127,1.00138,2.25,2.25
2012.03.07 16:03:20.443,1.00124,1.00137,1.50,2.25
2012.03.07 16:03:20.573,1.00121,1.00133,3.04,1.50
2012.03.07 16:03:20.642,1.00121,1.00135,4.54,2.25
2012.03.07 16:03:21.440,1.00121,1.00135,4.35,2.25
2012.03.07 16:03:21.991,1.00121,1.00135,3.60,2.25
2012.03.07 16:03:22.510,1.00122,1.00135,1.50,2.25
2012.03.07 16:03:24.503,1.00122,1.00135,1.50,2.25
2012.03.07 16:03:25.014,1.00121,1.00135,1.50,3.00
2012.03.07 16:03:25.428,1.0012,1.00133,3.38,1.50
2012.03.07 16:03:25.787,1.00123,1.00133,2.25,1.50
2012.03.07 16:03:25.864,1.00124,1.00136,2.25,2.25
2012.03.07 16:03:26.377,1.00124,1.00136,3.23,2.25
2012.03.07 16:03:26.893,1.00124,1.00136,3.23,1.50
2012.03.07 16:03:27.665,1.00126,1.00137,2.25,1.50
2012.03.07 16:03:27.932,1.00126,1.00138,1.50,3.94
2012.03.07 16:03:28.775,1.00125,1.00136,2.85,1.50
2012.03.07 16:03:29.323,1.00125,1.00136,1.35,1.50
2012.03.07 16:03:29.876,1.00124,1.00136,1.50,4.50
2012.03.07 16:03:30.301,1.00123,1.0013,1.88,1.50
2012.03.07 16:03:30.384,1.0012,1.0013,1.50,2.25
2012.03.07 16:03:30.792,1.00118,1.0013,2.10,2.25
2012.03.07 16:03:31.461,1.00119,1.00131,3.00,2.25
2012.03.07 16:03:33.064,1.00119,1.00131,2.25,3.00
2012.03.07 16:03:33.754,1.00119,1.00131,2.25,3.00
2012.03.07 16:03:34.378,1.00118,1.0013,1.50,2.25
2012.03.07 16:03:34.922,1.00119,1.00131,2.25,2.25
2012.03.07 16:03:35.433,1.00119,1.00131,3.75,3.00
2012.03.07 16:03:36.252,1.00119,1.00131,3.00,3.00
2012.03.07 16:03:36.924,1.00119,1.00131,2.25,2.25
2012.03.07 16:03:38.254,1.00122,1.00131,2.55,3.00
2012.03.07 16:03:38.591,1.00126,1.00134,1.50,1.50
2012.03.07 16:03:39.154,1.00123,1.00132,1.50,1.50
2012.03.07 16:03:39.225,1.00122,1.00132,1.50,1.50
2012.03.07 16:03:39.363,1.0012,1.00132,6.75,1.50
2012.03.07 16:03:40.345,1.00121,1.00132,2.10,1.50
2012.03.07 16:03:40.484,1.00123,1.00134,2.63,1.50
2012.03.07 16:03:40.557,1.00123,1.00134,3.90,1.50
2012.03.07 16:03:40.623,1.00123,1.00137,3.90,3.00
2012.03.07 16:03:41.587,1.00123,1.00137,3.30,3.00
2012.03.07 16:03:42.139,1.00123,1.00137,4.05,2.25
2012.03.07 16:03:42.564,1.00123,1.00136,1.50,2.63
2012.03.07 16:03:42.918,1.0012,1.00132,4.17,1.50
2012.03.07 16:03:43.382,1.00123,1.00132,1.54,1.50
2012.03.07 16:03:43.928,1.00124,1.00136,4.50,2.25
2012.03.07 16:03:44.432,1.00125,1.00138,1.65,2.25
2012.03.07 16:03:45.482,1.00125,1.00137,2.82,1.50
2012.03.07 16:03:45.551,1.00125,1.00137,2.82,1.50
2012.03.07 16:03:45.826,1.00127,1.00137,1.50,1.50
2012.03.07 16:03:46.037,1.00128,1.0014,3.60,2.25
2012.03.07 16:03:46.576,1.00127,1.00139,1.50,2.25
2012.03.07 16:03:46.714,1.00126,1.00137,1.50,1.50
2012.03.07 16:03:47.498,1.00126,1.00138,5.25,1.50
2012.03.07 16:03:47.648,1.00126,1.00138,2.25,1.50
2012.03.07 16:03:47.864,1.00124,1.00136,2.64,1.50
2012.03.07 16:03:48.361,1.00122,1.00132,4.03,1.50
2012.03.07 16:03:49.125,1.00122,1.00134,3.65,1.50
2012.03.07 16:03:49.918,1.00121,1.00134,1.50,1.50
2012.03.07 16:03:50.411,1.0012,1.00132,1.50,1.50
2012.03.07 16:03:51.302,1.00121,1.00133,1.50,1.50
2012.03.07 16:03:52.144,1.00123,1.00133,1.32,1.50
2012.03.07 16:03:52.683,1.00122,1.00134,5.10,1.50
2012.03.07 16:03:53.040,1.00123,1.00129,1.05,1.50
2012.03.07 16:03:53.369,1.00119,1.00129,1.65,1.69
2012.03.07 16:03:53.458,1.00115,1.00122,1.50,1.50
2012.03.07 16:03:53.541,1.00116,1.00122,1.50,1.50
2012.03.07 16:03:54.392,1.00111,1.00122,1.35,1.50
2012.03.07 16:03:54.676,1.00113,1.00122,2.25,1.50
2012.03.07 16:03:54.748,1.00113,1.00124,2.25,2.25
2012.03.07 16:03:55.937,1.00113,1.00122,2.25,1.50
2012.03.07 16:03:56.287,1.00113,1.00125,2.25,1.50
2012.03.07 16:03:56.932,1.00113,1.00126,4.50,1.50
2012.03.07 16:03:57.438,1.00118,1.00129,1.50,1.50
2012.03.07 16:03:58.204,1.00114,1.00126,1.13,6.00
2012.03.07 16:03:58.499,1.00113,1.0012,1.05,1.50
2012.03.07 16:03:58.856,1.00111,1.00121,2.25,1.50
2012.03.07 16:03:59.127,1.00111,1.00121,1.65,1.50
2012.03.07 16:03:59.587,1.0011,1.00121,1.80,2.25
2012.03.07 16:04:01.111,1.00109,1.0012,3.15,2.25
2012.03.07 16:04:01.339,1.00113,1.00122,1.50,1.50
2012.03.07 16:04:01.702,1.00113,1.00125,3.75,2.25
2012.03.07 16:04:01.850,1.00113,1.00125,3.75,1.50
2012.03.07 16:04:03.407,1.00113,1.00125,7.13,1.50
2012.03.07 16:04:03.565,1.00115,1.00127,6.38,1.50
2012.03.07 16:04:03.638,1.00118,1.00129,1.50,2.25
2012.03.07 16:04:04.060,1.00118,1.00129,1.50,3.75
2012.03.07 16:04:04.588,1.00115,1.00126,3.00,1.50
2012.03.07 16:04:05.034,1.00115,1.00124,3.38,1.50
2012.03.07 16:04:05.110,1.00115,1.00126,3.38,1.50
2012.03.07 16:04:05.739,1.00113,1.00123,1.69,1.50
2012.03.07 16:04:06.175,1.00111,1.00122,2.25,1.50
2012.03.07 16:04:07.285,1.00112,1.00124,1.50,1.50
2012.03.07 16:04:07.779,1.00114,1.00126,1.50,1.69
2012.03.07 16:04:08.127,1.00118,1.00126,1.50,2.44
2012.03.07 16:04:08.203,1.00111,1.00123,4.35,3.00
2012.03.07 16:04:08.273,1.00111,1.00121,2.85,1.50
2012.03.07 16:04:08.819,1.00113,1.00127,3.38,2.25
2012.03.07 16:04:09.365,1.00112,1.00125,2.48,1.50
2012.03.07 16:04:09.774,1.00111,1.00125,1.50,1.69
2012.03.07 16:04:10.115,1.0011,1.00121,3.75,1.50
2012.03.07 16:04:10.973,1.00112,1.00124,1.50,3.75
2012.03.07 16:04:11.054,1.0011,1.00123,3.75,1.50
2012.03.07 16:04:12.032,1.0011,1.00123,1.50,3.29
2012.03.07 16:04:12.779,1.00109,1.00122,3.23,1.50
2012.03.07 16:04:12.870,1.00112,1.00124,1.50,1.35
2012.03.07 16:04:13.085,1.0011,1.00124,4.50,2.25
2012.03.07 16:04:13.159,1.00113,1.00126,1.50,3.04
2012.03.07 16:04:13.314,1.00112,1.00125,1.50,2.44
2012.03.07 16:04:13.735,1.0011,1.00121,2.25,1.50
2012.03.07 16:04:14.209,1.00112,1.00124,1.50,1.50
2012.03.07 16:04:19.341,1.00112,1.00124,5.10,1.50
2012.03.07 16:04:19.675,1.00114,1.00126,2.63,2.25
2012.03.07 16:04:19.816,1.00114,1.00126,1.50,2.44
2012.03.07 16:04:20.029,1.00111,1.00123,3.60,1.50
2012.03.07 16:04:21.390,1.00112,1.00121,1.35,1.50
2012.03.07 16:04:21.609,1.00112,1.00124,1.35,1.88
2012.03.07 16:04:22.315,1.00111,1.00124,1.50,1.88
2012.03.07 16:04:25.111,1.00111,1.00123,1.35,1.13
2012.03.07 16:04:25.785,1.00114,1.00126,3.00,1.50
2012.03.07 16:04:25.934,1.00114,1.00126,2.25,3.75
2012.03.07 16:04:26.487,1.00111,1.00123,3.38,1.50
2012.03.07 16:04:26.963,1.00113,1.00126,5.10,5.25
2012.03.07 16:04:27.633,1.00113,1.00125,2.85,1.88
2012.03.07 16:04:27.711,1.00109,1.0012,3.00,1.50
2012.03.07 16:04:28.193,1.00111,1.00123,2.25,1.13
2012.03.07 16:04:28.719,1.00111,1.00122,1.35,1.50
2012.03.07 16:04:29.728,1.00113,1.00124,1.50,1.13
2012.03.07 16:04:30.262,1.0011,1.00122,2.85,1.50
2012.03.07 16:04:30.615,1.00116,1.00126,1.50,1.50
2012.03.07 16:04:31.134,1.00115,1.00127,3.38,1.50
2012.03.07 16:04:31.446,1.00117,1.00129,2.25,1.50
2012.03.07 16:04:32.986,1.00119,1.00131,2.25,1.69
2012.03.07 16:04:33.862,1.00118,1.0013,1.50,1.69
2012.03.07 16:04:34.400,1.00117,1.00129,3.75,1.50
2012.03.07 16:04:34.758,1.00118,1.00129,1.50,1.50
2012.03.07 16:04:34.910,1.00118,1.00132,3.00,2.63
2012.03.07 16:04:35.513,1.00118,1.00132,2.25,2.63
2012.03.07 16:04:36.068,1.00119,1.00132,1.88,2.63
2012.03.07 16:04:36.291,1.00121,1.00132,1.50,1.88
2012.03.07 16:04:36.578,1.00125,1.00136,1.13,2.25
2012.03.07 16:04:37.098,1.00124,1.00136,4.13,2.25
2012.03.07 16:04:37.936,1.00125,1.00136,1.50,2.63
2012.03.07 16:04:38.008,1.00122,1.00133,2.78,1.50
2012.03.07 16:04:38.284,1.00123,1.00133,5.63,2.25
2012.03.07 16:04:38.717,1.00124,1.00135,3.15,1.13
2012.03.07 16:04:38.803,1.00124,1.00136,1.50,2.25
2012.03.07 16:04:38.876,1.00124,1.00136,2.25,2.25
2012.03.07 16:04:39.355,1.00124,1.00136,2.40,2.25
2012.03.07 16:04:41.116,1.00124,1.00134,4.28,2.25
2012.03.07 16:04:41.327,1.0012,1.00131,1.65,1.50
2012.03.07 16:04:41.402,1.00119,1.00131,2.25,1.50
2012.03.07 16:04:41.922,1.00117,1.0013,3.23,1.50
2012.03.07 16:04:42.130,1.00119,1.0013,4.50,1.50
2012.03.07 16:04:42.662,1.00122,1.00134,2.25,6.00
2012.03.07 16:04:43.172,1.00123,1.00134,1.50,2.25
2012.03.07 16:04:43.703,1.0012,1.00132,1.88,1.69
2012.03.07 16:04:44.436,1.0012,1.00134,3.38,3.38
2012.03.07 16:04:45.340,1.00121,1.00134,1.50,2.63
2012.03.07 16:04:46.924,1.00121,1.00134,2.85,2.63
2012.03.07 16:04:47.471,1.00124,1.00136,1.88,1.35
2012.03.07 16:04:48.308,1.00124,1.00137,1.65,3.19
2012.03.07 16:04:49.614,1.00123,1.00136,8.40,2.25
2012.03.07 16:04:49.755,1.00123,1.00136,3.90,2.25
2012.03.07 16:04:50.026,1.00121,1.00134,1.88,1.88
2012.03.07 16:04:50.534,1.00121,1.00134,2.25,1.88
2012.03.07 16:04:51.517,1.00121,1.00134,2.85,1.88
2012.03.07 16:04:52.068,1.00124,1.00135,2.40,2.25
2012.03.07 16:04:52.219,1.00124,1.00136,2.40,1.69
2012.03.07 16:04:52.370,1.00124,1.00137,1.09,1.50
2012.03.07 16:04:52.448,1.00127,1.00137,1.35,1.50
2012.03.07 16:04:53.096,1.00127,1.0014,3.75,1.13
2012.03.07 16:04:53.590,1.0013,1.00141,1.50,1.13
2012.03.07 16:04:53.950,1.00128,1.0014,2.25,1.88
2012.03.07 16:04:54.625,1.00129,1.0014,1.50,1.50
2012.03.07 16:04:55.173,1.00129,1.0014,1.50,1.50
2012.03.07 16:04:55.794,1.0013,1.00142,2.25,2.63
2012.03.07 16:04:56.655,1.00128,1.0014,3.00,1.50
2012.03.07 16:04:56.964,1.00131,1.00142,1.50,1.73
2012.03.07 16:04:57.034,1.00127,1.00139,1.50,1.50
2012.03.07 16:04:57.378,1.00129,1.00139,2.10,1.50
2012.03.07 16:04:57.736,1.00134,1.00146,2.25,3.75
2012.03.07 16:04:58.288,1.00134,1.00146,3.00,1.50
2012.03.07 16:04:58.756,1.00132,1.00141,1.50,1.50
2012.03.07 16:04:58.963,1.00128,1.0014,1.35,1.50
2012.03.07 16:04:59.238,1.0013,1.0014,1.88,1.50
2012.03.07 16:04:59.378,1.0013,1.00142,3.38,1.50
2012.03.07 16:05:00.018,1.0013,1.00139,1.88,1.50
2012.03.07 16:05:00.094,1.0013,1.00143,1.88,2.44
2012.03.07 16:05:01.609,1.0013,1.00143,1.88,2.07
2012.03.07 16:05:01.765,1.00129,1.00141,1.50,1.09
2012.03.07 16:05:02.315,1.0013,1.00142,1.88,2.44
2012.03.07 16:05:02.841,1.00132,1.00143,1.50,2.25
2012.03.07 16:05:02.918,1.00132,1.00144,1.50,1.88
2012.03.07 16:05:03.861,1.00135,1.00145,1.50,1.88
2012.03.07 16:05:04.278,1.00133,1.00145,1.50,1.88
2012.03.07 16:05:04.833,1.00132,1.00141,1.50,1.50
2012.03.07 16:05:04.909,1.00132,1.00144,1.50,1.88
2012.03.07 16:05:06.469,1.0013,1.00141,3.38,1.50
2012.03.07 16:05:07.088,1.00132,1.00144,2.25,1.88
2012.03.07 16:05:09.831,1.00137,1.00148,2.25,2.63
2012.03.07 16:05:10.375,1.00137,1.00148,2.25,2.63
2012.03.07 16:05:10.902,1.00137,1.00148,2.25,2.63
2012.03.07 16:05:11.366,1.00135,1.00147,1.50,1.50
2012.03.07 16:05:12.815,1.00135,1.00147,2.25,2.25
2012.03.07 16:05:13.324,1.00135,1.00147,1.50,1.50
2012.03.07 16:05:15.257,1.00135,1.00143,1.50,4.50
2012.03.07 16:05:15.463,1.00129,1.0014,1.50,1.50
2012.03.07 16:05:16.002,1.00131,1.00143,1.50,3.75
2012.03.07 16:05:16.485,1.00132,1.00144,1.50,1.13
2012.03.07 16:05:16.755,1.0013,1.00144,2.63,2.63
2012.03.07 16:05:17.876,1.0013,1.0014,1.13,2.33
2012.03.07 16:05:18.226,1.00123,1.00134,1.73,1.50
2012.03.07 16:05:18.499,1.00122,1.00134,2.85,1.50
2012.03.07 16:05:19.055,1.00121,1.00133,4.35,1.50
2012.03.07 16:05:20.188,1.00121,1.00133,1.50,1.50
2012.03.07 16:05:20.405,1.00121,1.00135,3.00,2.63
2012.03.07 16:05:20.548,1.00121,1.00133,1.50,1.50
2012.03.07 16:05:21.086,1.00122,1.00134,1.50,1.50
2012.03.07 16:05:21.895,1.00122,1.00134,1.50,1.88
2012.03.07 16:05:23.221,1.00125,1.00135,1.50,3.00
2012.03.07 16:05:23.361,1.00123,1.00132,1.50,1.50
2012.03.07 16:05:23.433,1.00121,1.00132,1.50,1.50
2012.03.07 16:05:24.826,1.0012,1.00132,3.60,1.50
2012.03.07 16:05:28.870,1.00119,1.00132,1.88,1.50
2012.03.07 16:05:29.086,1.00117,1.00129,4.17,1.50
2012.03.07 16:05:29.633,1.00117,1.00129,3.79,1.50
2012.03.07 16:05:29.972,1.00117,1.00128,2.85,1.50
2012.03.07 16:05:30.315,1.00115,1.00125,1.50,1.50
2012.03.07 16:05:30.769,1.00113,1.00121,1.88,1.88
2012.03.07 16:05:30.862,1.00109,1.00121,3.00,1.88
2012.03.07 16:05:31.418,1.00111,1.00123,1.50,3.75
2012.03.07 16:05:31.703,1.00111,1.00123,2.10,1.88
2012.03.07 16:05:32.353,1.00111,1.00124,1.50,1.13
2012.03.07 16:05:33.063,1.0011,1.00122,2.25,1.50
2012.03.07 16:05:34.715,1.0011,1.00122,3.00,1.50
2012.03.07 16:05:35.504,1.00111,1.00122,2.10,1.50
2012.03.07 16:05:36.466,1.0011,1.00122,1.50,1.50
2012.03.07 16:05:36.743,1.00109,1.0012,1.50,1.50
2012.03.07 16:05:37.244,1.00108,1.0012,3.75,1.50
2012.03.07 16:05:37.771,1.00108,1.00116,1.50,1.50
2012.03.07 16:05:37.855,1.00108,1.0012,3.90,1.50
2012.03.07 16:05:38.372,1.00108,1.0012,3.45,1.50
2012.03.07 16:05:39.153,1.00108,1.0012,3.75,1.50
2012.03.07 16:05:40.403,1.0011,1.00122,1.50,1.50
2012.03.07 16:05:40.536,1.00112,1.00123,1.50,1.13
2012.03.07 16:05:40.798,1.0011,1.00123,1.50,1.13
2012.03.07 16:05:40.871,1.00108,1.00118,3.94,1.50
2012.03.07 16:05:41.145,1.00108,1.00122,3.94,1.50
2012.03.07 16:05:41.656,1.00108,1.00122,3.94,1.50
2012.03.07 16:05:41.862,1.00108,1.00119,2.44,1.50
2012.03.07 16:05:42.482,1.00109,1.00121,1.50,1.50
2012.03.07 16:05:43.013,1.00109,1.00121,1.88,1.50
2012.03.07 16:05:43.298,1.00113,1.00123,1.88,1.13
2012.03.07 16:05:43.697,1.00113,1.00127,1.88,4.35
2012.03.07 16:05:44.345,1.00113,1.00127,1.88,4.35
2012.03.07 16:05:44.424,1.00112,1.00124,4.28,1.50
2012.03.07 16:05:45.370,1.00112,1.00124,2.03,1.50
2012.03.07 16:05:45.932,1.00112,1.00122,1.50,1.50
2012.03.07 16:05:46.023,1.00108,1.0012,4.13,1.50
2012.03.07 16:05:46.566,1.0011,1.00121,1.50,1.88
2012.03.07 16:05:46.636,1.00113,1.00123,1.50,2.25
2012.03.07 16:05:47.054,1.00111,1.00123,1.50,3.75
2012.03.07 16:05:47.469,1.00111,1.00123,1.50,1.88
2012.03.07 16:05:55.026,1.00111,1.00123,2.25,1.88
2012.03.07 16:05:55.705,1.00111,1.00123,2.25,1.50
2012.03.07 16:05:56.917,1.00113,1.00123,1.73,1.50
2012.03.07 16:05:57.482,1.00114,1.00126,2.25,2.25
2012.03.07 16:06:01.454,1.00114,1.00125,2.25,2.25
2012.03.07 16:06:01.819,1.00108,1.00121,2.03,1.50
2012.03.07 16:06:02.093,1.00108,1.00121,1.88,1.50
2012.03.07 16:06:02.368,1.00108,1.00121,1.50,1.84
2012.03.07 16:06:02.949,1.00107,1.00117,2.10,1.50
2012.03.07 16:06:03.117,1.00105,1.00118,1.50,1.50
2012.03.07 16:06:03.676,1.00106,1.0012,2.25,2.97
2012.03.07 16:06:04.075,1.00106,1.00119,2.25,1.09
2012.03.07 16:06:04.626,1.00106,1.00119,2.25,1.09
2012.03.07 16:06:05.124,1.00105,1.00117,1.50,1.50
2012.03.07 16:06:08.364,1.00105,1.00117,1.50,3.00
2012.03.07 16:06:08.727,1.00102,1.00108,1.50,1.50
2012.03.07 16:06:08.878,1.00097,1.00107,2.48,1.50
2012.03.07 16:06:09.586,1.00094,1.00107,2.63,1.50
2012.03.07 16:06:10.095,1.00095,1.00106,1.50,1.13
2012.03.07 16:06:10.914,1.00094,1.00106,2.63,1.13
2012.03.07 16:06:11.327,1.00094,1.00102,1.50,1.50
2012.03.07 16:06:11.544,1.00091,1.00102,1.50,1.50
2012.03.07 16:06:12.399,1.0009,1.00101,1.50,1.50
2012.03.07 16:06:12.487,1.00088,1.001,2.85,1.50
2012.03.07 16:06:12.984,1.00089,1.00101,1.88,1.88
2012.03.07 16:06:13.572,1.0009,1.00101,2.41,1.13
2012.03.07 16:06:13.872,1.00097,1.00107,1.50,1.50
2012.03.07 16:06:14.087,1.00095,1.00107,1.50,1.50
2012.03.07 16:06:14.236,1.00094,1.00106,2.40,1.50
2012.03.07 16:06:15.093,1.00095,1.00107,3.00,1.69
2012.03.07 16:06:15.183,1.00095,1.00104,1.50,2.25
2012.03.07 16:06:15.401,1.00092,1.00101,1.50,1.50
2012.03.07 16:06:15.966,1.00091,1.00104,1.50,5.25
2012.03.07 16:06:16.107,1.00093,1.00104,2.25,2.25
2012.03.07 16:06:17.339,1.00086,1.00094,1.50,3.00
2012.03.07 16:06:17.507,1.00082,1.00094,2.25,3.75
2012.03.07 16:06:17.988,1.0008,1.00092,3.38,1.69
2012.03.07 16:06:18.757,1.00079,1.00091,1.35,1.50
2012.03.07 16:06:19.044,1.00077,1.00089,2.67,1.50
2012.03.07 16:06:20.057,1.00078,1.00088,1.50,1.50
2012.03.07 16:06:20.140,1.00079,1.00092,1.50,1.50
2012.03.07 16:06:20.425,1.0008,1.0009,1.13,1.50
2012.03.07 16:06:20.634,1.00083,1.00093,2.63,1.50
2012.03.07 16:06:21.188,1.00083,1.00095,3.38,1.50
2012.03.07 16:06:21.692,1.00083,1.00097,3.38,2.44
2012.03.07 16:06:22.256,1.00083,1.00097,3.38,2.44
2012.03.07 16:06:23.308,1.00081,1.00093,1.13,1.50
2012.03.07 16:06:23.877,1.0008,1.00093,2.25,1.50
2012.03.07 16:06:25.016,1.00087,1.00096,1.35,1.50
2012.03.07 16:06:25.309,1.0009,1.00099,3.38,1.50
2012.03.07 16:06:25.456,1.0009,1.00101,3.38,1.13
2012.03.07 16:06:25.667,1.0009,1.00102,3.38,1.13
2012.03.07 16:06:25.883,1.0009,1.00103,4.88,2.25
2012.03.07 16:06:26.518,1.00091,1.00103,1.50,4.88
2012.03.07 16:06:26.599,1.0009,1.001,1.50,1.50
2012.03.07 16:06:27.017,1.00088,1.00099,1.69,1.50
2012.03.07 16:06:27.618,1.00087,1.00099,2.10,1.69
2012.03.07 16:06:27.830,1.00088,1.00099,1.50,1.69
2012.03.07 16:06:28.314,1.0009,1.00104,1.50,3.38
2012.03.07 16:06:28.984,1.00089,1.00101,3.00,1.50
2012.03.07 16:06:29.173,1.0009,1.00104,1.50,2.25
2012.03.07 16:06:30.176,1.00093,1.00104,1.14,1.50
2012.03.07 16:06:30.807,1.00094,1.00107,1.13,2.66
2012.03.07 16:06:31.523,1.00094,1.00107,1.50,2.66
2012.03.07 16:06:32.314,1.00094,1.00107,2.03,3.00
2012.03.07 16:06:34.162,1.00094,1.00107,1.13,3.03
2012.03.07 16:06:34.364,1.00094,1.00106,1.28,3.19
2012.03.07 16:06:34.920,1.00094,1.00106,2.03,1.69
2012.03.07 16:06:36.951,1.00094,1.00107,2.03,3.00
2012.03.07 16:06:37.848,1.00094,1.00107,2.03,3.00
2012.03.07 16:06:38.344,1.00093,1.00107,2.10,2.44
2012.03.07 16:06:38.693,1.00091,1.00104,3.00,1.50
2012.03.07 16:06:39.304,1.00093,1.00105,1.50,1.50
2012.03.07 16:06:39.608,1.00099,1.00108,1.50,1.50
2012.03.07 16:06:39.690,1.00099,1.00115,1.50,1.88
2012.03.07 16:06:39.769,1.001,1.00111,1.50,1.88
2012.03.07 16:06:40.338,1.001,1.00112,2.25,2.25
2012.03.07 16:06:40.808,1.001,1.00112,1.50,2.25
2012.03.07 16:06:40.957,1.00099,1.00112,2.25,2.85
2012.03.07 16:06:41.097,1.00098,1.00108,1.69,1.50
2012.03.07 16:06:41.226,1.00096,1.00108,2.25,2.25
2012.03.07 16:06:41.366,1.00093,1.00103,1.88,1.50
2012.03.07 16:06:41.826,1.00092,1.00103,1.35,1.50
2012.03.07 16:06:41.897,1.00092,1.00106,3.60,1.50
2012.03.07 16:06:42.101,1.00095,1.00107,1.50,3.19
2012.03.07 16:06:42.657,1.00098,1.00112,1.50,4.88
2012.03.07 16:06:42.737,1.001,1.00112,1.13,5.63
2012.03.07 16:06:43.113,1.001,1.00109,1.13,1.50
2012.03.07 16:06:43.192,1.00101,1.00113,1.50,2.44
2012.03.07 16:06:43.759,1.001,1.00112,1.13,1.50
2012.03.07 16:06:44.048,1.00103,1.00115,1.50,6.00
2012.03.07 16:06:44.600,1.001,1.00112,3.57,1.50
2012.03.07 16:06:45.055,1.00101,1.00115,1.50,4.13
2012.03.07 16:06:45.564,1.00101,1.00115,3.60,2.63
2012.03.07 16:06:45.778,1.00103,1.00115,2.25,2.25
2012.03.07 16:06:46.249,1.00102,1.00114,3.38,1.50
2012.03.07 16:06:47.449,1.00104,1.00114,1.13,1.50
2012.03.07 16:06:47.594,1.00105,1.00117,2.25,2.25
2012.03.07 16:06:47.854,1.00103,1.00115,1.88,1.50
2012.03.07 16:06:48.385,1.00103,1.00115,1.50,1.50
2012.03.07 16:06:49.475,1.00107,1.00118,1.50,1.50
2012.03.07 16:06:49.619,1.00105,1.00118,1.50,3.00
2012.03.07 16:06:49.766,1.00105,1.00117,1.50,1.50
2012.03.07 16:06:50.122,1.001,1.00111,1.50,1.50
2012.03.07 16:06:50.756,1.00107,1.00118,1.69,1.13
2012.03.07 16:06:51.314,1.00111,1.00122,1.50,4.50
2012.03.07 16:06:51.788,1.00109,1.00121,3.00,2.25
2012.03.07 16:06:51.874,1.00109,1.00118,1.50,1.50
2012.03.07 16:06:52.549,1.00115,1.00119,1.13,1.50
2012.03.07 16:06:52.635,1.00117,1.00127,1.50,1.69
2012.03.07 16:06:52.972,1.00115,1.00126,1.88,1.69
2012.03.07 16:06:53.647,1.00114,1.00125,2.25,3.75
2012.03.07 16:06:54.335,1.0011,1.00121,1.88,1.50
2012.03.07 16:06:54.414,1.00113,1.00124,1.50,1.69
2012.03.07 16:06:54.807,1.0011,1.00124,2.63,1.69
2012.03.07 16:06:55.232,1.00113,1.00125,1.50,6.75
2012.03.07 16:06:56.123,1.00108,1.00122,3.23,1.50
2012.03.07 16:06:57.139,1.00109,1.00122,1.13,1.50
2012.03.07 16:06:57.290,1.00113,1.00125,1.50,5.25
2012.03.07 16:06:57.444,1.00113,1.00125,1.50,1.88
2012.03.07 16:06:57.983,1.00114,1.00127,2.25,2.25
2012.03.07 16:06:58.333,1.00114,1.00128,2.25,1.50
2012.03.07 16:06:58.808,1.00112,1.00126,3.98,1.50
2012.03.07 16:06:59.469,1.00112,1.00126,3.23,2.25
2012.03.07 16:06:59.556,1.00111,1.00123,2.25,1.50
2012.03.07 16:07:01.382,1.00111,1.00123,1.50,1.95
2012.03.07 16:07:01.469,1.00111,1.00123,1.50,2.33
2012.03.07 16:07:01.554,1.00111,1.00119,1.50,1.50
2012.03.07 16:07:01.625,1.00108,1.00119,1.69,2.25
2012.03.07 16:07:02.156,1.00106,1.00118,3.00,1.50
2012.03.07 16:07:02.656,1.00105,1.00117,3.75,1.50
2012.03.07 16:07:03.758,1.00108,1.0012,1.50,2.70
2012.03.07 16:07:04.276,1.00109,1.00121,1.50,1.95
2012.03.07 16:07:04.407,1.00107,1.00121,2.63,3.45
2012.03.07 16:07:05.832,1.00107,1.0012,2.63,1.95
2012.03.07 16:07:06.352,1.00107,1.0012,1.88,1.50
2012.03.07 16:07:07.663,1.00107,1.0012,2.44,1.95
2012.03.07 16:07:08.191,1.00107,1.0012,1.69,1.95
2012.03.07 16:07:09.753,1.00107,1.0012,1.69,1.50
2012.03.07 16:07:10.567,1.00107,1.00118,2.25,1.50
2012.03.07 16:07:11.344,1.00105,1.00116,1.69,3.00
2012.03.07 16:07:11.419,1.00101,1.00114,1.13,2.25
2012.03.07 16:07:11.959,1.001,1.00114,4.13,2.25
2012.03.07 16:07:12.734,1.001,1.00114,4.88,2.25
2012.03.07 16:07:13.179,1.00101,1.00114,3.60,1.50
2012.03.07 16:07:13.684,1.00103,1.00115,3.60,1.50
2012.03.07 16:07:14.315,1.00103,1.00114,1.35,1.50
2012.03.07 16:07:15.673,1.00103,1.00115,3.08,3.00
2012.03.07 16:07:16.023,1.00105,1.00117,2.25,1.95
2012.03.07 16:07:16.449,1.00105,1.00115,1.50,2.25
2012.03.07 16:07:16.525,1.001,1.00112,4.13,1.50
2012.03.07 16:07:17.246,1.00101,1.00112,3.00,1.50
2012.03.07 16:07:17.318,1.00102,1.00112,1.69,1.50
2012.03.07 16:07:17.473,1.00107,1.00119,3.00,3.83
2012.03.07 16:07:17.557,1.0011,1.00121,2.44,1.95
2012.03.07 16:07:17.629,1.0011,1.00123,2.44,1.65
2012.03.07 16:07:17.780,1.0011,1.00124,1.69,2.70
2012.03.07 16:07:17.859,1.0011,1.00123,1.69,1.20
2012.03.07 16:07:18.636,1.0011,1.00124,2.29,2.70
2012.03.07 16:07:18.995,1.00109,1.0012,1.69,2.18
2012.03.07 16:07:19.069,1.00108,1.00119,2.25,1.20
2012.03.07 16:07:19.220,1.00108,1.00118,1.50,2.25
2012.03.07 16:07:19.298,1.00104,1.00115,4.50,1.50
2012.03.07 16:07:19.523,1.001,1.00114,5.10,1.50
2012.03.07 16:07:20.097,1.001,1.00114,4.35,1.95
2012.03.07 16:07:20.954,1.00101,1.00113,1.50,1.50
2012.03.07 16:07:22.124,1.00101,1.00113,3.00,1.50
2012.03.07 16:07:22.196,1.00102,1.00116,2.25,1.88
2012.03.07 16:07:22.756,1.00102,1.00116,2.10,2.63
2012.03.07 16:07:23.293,1.00102,1.00116,2.10,1.88
2012.03.07 16:07:23.980,1.00106,1.00116,1.13,1.50
2012.03.07 16:07:24.411,1.00107,1.00116,2.25,1.50
2012.03.07 16:07:24.824,1.0011,1.0012,1.50,1.50
2012.03.07 16:07:24.875,1.0011,1.00124,3.19,2.25
2012.03.07 16:07:25.476,1.0011,1.00124,3.00,2.63
2012.03.07 16:07:25.823,1.0011,1.00123,3.00,2.25
2012.03.07 16:07:26.146,1.00108,1.00117,7.13,1.13
2012.03.07 16:07:26.289,1.00108,1.00117,2.25,1.58
2012.03.07 16:07:26.693,1.00106,1.00114,1.88,1.50
2012.03.07 16:07:26.766,1.001,1.00114,4.69,1.50
2012.03.07 16:07:27.281,1.001,1.00114,3.75,1.69
2012.03.07 16:07:27.918,1.00102,1.00116,1.50,4.50
2012.03.07 16:07:31.458,1.00102,1.00116,2.48,2.70
2012.03.07 16:07:31.862,1.00105,1.00118,1.50,4.13
2012.03.07 16:07:33.326,1.00105,1.00118,3.38,2.63
2012.03.07 16:07:33.481,1.00105,1.00119,4.73,3.83
2012.03.07 16:07:33.696,1.00107,1.00118,1.50,1.20
2012.03.07 16:07:34.223,1.00105,1.00117,1.50,1.95
2012.03.07 16:07:34.711,1.00104,1.00117,1.50,6.45
2012.03.07 16:07:35.176,1.00102,1.00114,3.98,1.50
2012.03.07 16:07:35.742,1.00102,1.00114,2.48,1.50
2012.03.07 16:07:36.213,1.00104,1.00116,1.50,1.50
2012.03.07 16:07:38.113,1.00104,1.00116,1.50,3.75
2012.03.07 16:07:38.323,1.00101,1.00113,1.35,3.75
2012.03.07 16:07:38.533,1.001,1.00113,1.88,1.50
2012.03.07 16:07:38.787,1.001,1.00113,1.88,3.00
2012.03.07 16:07:39.136,1.001,1.00112,3.38,1.50
2012.03.07 16:07:39.775,1.001,1.00112,1.50,4.32
2012.03.07 16:07:40.273,1.00101,1.00113,1.50,1.88
2012.03.07 16:07:40.817,1.001,1.00112,2.25,1.50
2012.03.07 16:07:41.830,1.00102,1.00114,1.50,2.63
2012.03.07 16:07:41.906,1.001,1.00113,1.50,1.88
2012.03.07 16:07:42.381,1.00099,1.00113,3.98,3.75
2012.03.07 16:07:42.902,1.00099,1.0011,1.35,1.50
2012.03.07 16:07:43.493,1.001,1.00113,1.88,3.75
2012.03.07 16:07:43.801,1.00102,1.00113,1.50,2.25
2012.03.07 16:07:44.601,1.00102,1.00114,1.50,2.63
2012.03.07 16:07:44.894,1.001,1.00112,3.38,1.50
2012.03.07 16:07:45.171,1.001,1.00107,1.50,2.25
2012.03.07 16:07:45.800,1.00091,1.00104,2.10,1.50
2012.03.07 16:07:46.084,1.00091,1.00104,1.35,1.50
2012.03.07 16:07:46.689,1.00092,1.00106,1.50,2.63
2012.03.07 16:07:46.842,1.00091,1.00103,2.85,1.50
2012.03.07 16:07:49.254,1.00093,1.00101,1.50,2.25
2012.03.07 16:07:49.973,1.00085,1.00097,4.50,2.25
2012.03.07 16:07:50.121,1.00085,1.00097,1.50,1.50
2012.03.07 16:07:50.265,1.00087,1.00099,1.50,1.88
2012.03.07 16:07:50.933,1.00083,1.00095,2.25,2.25
2012.03.07 16:07:51.024,1.00082,1.00092,1.50,1.50
2012.03.07 16:07:51.783,1.00082,1.00094,3.00,1.69
2012.03.07 16:07:52.806,1.00083,1.00094,1.65,1.50
2012.03.07 16:07:52.887,1.00083,1.00097,3.75,3.00
2012.03.07 16:07:53.346,1.00085,1.00093,1.50,2.25
2012.03.07 16:07:53.423,1.00082,1.00093,2.25,2.25
2012.03.07 16:07:53.567,1.00081,1.00093,1.13,2.25
2012.03.07 16:07:54.576,1.0008,1.00093,5.25,2.25
2012.03.07 16:07:56.220,1.00082,1.00094,1.13,1.50
2012.03.07 16:07:56.366,1.00084,1.00096,2.25,2.25
2012.03.07 16:07:56.438,1.00084,1.00094,2.25,2.25
2012.03.07 16:07:56.935,1.0008,1.00092,3.38,1.88
2012.03.07 16:07:57.753,1.00084,1.00092,1.88,1.50
2012.03.07 16:07:57.826,1.00084,1.00096,3.38,3.00
2012.03.07 16:07:57.966,1.00084,1.00095,1.50,3.00
2012.03.07 16:07:58.423,1.00081,1.00091,1.13,1.50
2012.03.07 16:07:58.982,1.0008,1.00091,2.63,1.50
2012.03.07 16:08:00.345,1.0008,1.00091,1.88,1.69
2012.03.07 16:08:01.113,1.0008,1.00091,1.13,1.69
2012.03.07 16:08:04.163,1.00082,1.00093,1.50,1.88
2012.03.07 16:08:04.964,1.0008,1.00092,2.63,1.88
2012.03.07 16:08:06.636,1.0008,1.00092,3.38,1.88
2012.03.07 16:08:07.163,1.0008,1.00092,2.63,1.88
2012.03.07 16:08:07.694,1.0008,1.00092,3.38,1.88
2012.03.07 16:08:08.403,1.00083,1.00092,1.13,1.50
2012.03.07 16:08:08.759,1.00087,1.00094,3.23,1.50
2012.03.07 16:08:08.907,1.00088,1.00101,3.23,1.69
2012.03.07 16:08:09.449,1.00089,1.00099,1.50,1.50
2012.03.07 16:08:09.990,1.00089,1.00099,1.50,1.50
2012.03.07 16:08:10.469,1.00088,1.00098,1.35,1.50
2012.03.07 16:08:11.033,1.00088,1.00099,1.73,1.50
2012.03.07 16:08:11.108,1.00088,1.00099,1.73,1.50
2012.03.07 16:08:11.726,1.0009,1.00102,2.25,2.25
2012.03.07 16:08:12.074,1.0009,1.00101,1.50,1.50
2012.03.07 16:08:12.349,1.00089,1.001,1.50,1.50
2012.03.07 16:08:13.087,1.00089,1.00101,3.00,1.50
2012.03.07 16:08:13.785,1.00089,1.00101,2.25,1.50
2012.03.07 16:08:13.857,1.00089,1.00101,2.25,3.75
2012.03.07 16:08:14.199,1.00089,1.00097,1.50,1.50
2012.03.07 16:08:14.560,1.00092,1.00101,1.50,2.25
2012.03.07 16:08:15.311,1.00088,1.001,4.35,1.69
2012.03.07 16:08:15.842,1.00088,1.001,4.35,1.50
2012.03.07 16:08:16.035,1.00088,1.001,4.35,1.50
2012.03.07 16:08:16.504,1.00088,1.001,4.73,1.50
2012.03.07 16:08:17.307,1.00092,1.00103,1.50,2.25
2012.03.07 16:08:17.517,1.00092,1.00104,1.50,2.63
2012.03.07 16:08:17.789,1.00093,1.00104,2.48,1.88
2012.03.07 16:08:17.865,1.00093,1.00104,1.73,1.88
2012.03.07 16:08:18.010,1.00093,1.00103,1.50,2.25
2012.03.07 16:08:18.160,1.00089,1.00101,2.10,2.44
2012.03.07 16:08:18.816,1.00089,1.00101,2.48,1.69
2012.03.07 16:08:19.145,1.00093,1.00103,1.50,3.75
2012.03.07 16:08:19.275,1.00091,1.00103,1.50,4.50
2012.03.07 16:08:19.805,1.0009,1.00102,1.50,1.50
2012.03.07 16:08:19.944,1.00092,1.00104,1.50,1.88
2012.03.07 16:08:20.426,1.00094,1.00104,1.13,1.88
2012.03.07 16:08:20.940,1.00091,1.00103,1.50,1.88
2012.03.07 16:08:21.103,1.00091,1.00102,1.50,1.35
2012.03.07 16:08:21.456,1.00088,1.00097,1.50,1.69
2012.03.07 16:08:21.804,1.0008,1.00093,4.88,1.50
2012.03.07 16:08:22.402,1.0008,1.00093,3.38,1.50
2012.03.07 16:08:22.604,1.0008,1.00093,6.23,1.50
2012.03.07 16:08:22.927,1.00087,1.00096,1.50,3.00
2012.03.07 16:08:23.190,1.00082,1.00096,2.10,4.50
2012.03.07 16:08:23.458,1.0008,1.00092,2.63,1.50
2012.03.07 16:08:24.092,1.00081,1.00094,1.50,1.13
2012.03.07 16:08:24.655,1.0008,1.00092,5.63,1.50
2012.03.07 16:08:24.863,1.00081,1.00094,1.50,1.13
2012.03.07 16:08:25.430,1.0008,1.00093,3.38,1.50
2012.03.07 16:08:25.622,1.0008,1.00093,5.48,1.50
2012.03.07 16:08:26.143,1.00082,1.00094,1.50,2.63
2012.03.07 16:08:26.672,1.00082,1.00094,1.50,2.44
2012.03.07 16:08:27.193,1.00084,1.00094,1.65,1.50
2012.03.07 16:08:27.273,1.00085,1.00097,1.50,1.88
2012.03.07 16:08:27.553,1.00087,1.00099,1.50,3.75
2012.03.07 16:08:27.829,1.00087,1.00099,2.25,1.50
2012.03.07 16:08:27.977,1.00087,1.00101,3.00,2.63
2012.03.07 16:08:28.253,1.00087,1.00101,3.00,4.88
2012.03.07 16:08:28.590,1.00085,1.00097,1.50,1.13
2012.03.07 16:08:29.023,1.00083,1.00094,1.50,1.50
2012.03.07 16:08:29.366,1.00081,1.00094,1.35,3.75
2012.03.07 16:08:30.586,1.00081,1.00094,1.35,3.75
2012.03.07 16:08:31.117,1.00081,1.00094,1.35,1.50
2012.03.07 16:08:31.197,1.00083,1.00095,2.25,1.50
2012.03.07 16:08:31.336,1.00085,1.00097,1.13,1.69
2012.03.07 16:08:31.536,1.00081,1.00093,3.00,1.50
2012.03.07 16:08:32.073,1.00081,1.00093,3.38,1.88
2012.03.07 16:08:32.654,1.00081,1.00093,3.00,1.50
2012.03.07 16:08:38.973,1.00081,1.00094,1.50,1.50
2012.03.07 16:08:39.355,1.00081,1.00092,1.50,1.50
2012.03.07 16:08:39.892,1.00079,1.00092,2.25,2.25
2012.03.07 16:08:40.221,1.00078,1.00092,4.50,2.25
2012.03.07 16:08:40.749,1.00078,1.00092,4.50,2.25
2012.03.07 16:08:41.261,1.00078,1.00092,4.13,2.25
2012.03.07 16:08:42.227,1.00078,1.00092,4.13,2.25
2012.03.07 16:08:42.492,1.00078,1.00092,4.13,1.65
2012.03.07 16:08:43.025,1.00078,1.00089,2.25,1.50
2012.03.07 16:08:43.356,1.00076,1.00088,1.88,3.00
2012.03.07 16:08:43.639,1.00071,1.00084,1.13,1.50
2012.03.07 16:08:43.720,1.0007,1.00084,3.57,2.25
2012.03.07 16:08:43.995,1.00069,1.00081,3.19,1.50
2012.03.07 16:08:44.127,1.00071,1.00084,1.50,2.25
2012.03.07 16:08:44.746,1.00075,1.00087,2.25,3.75
2012.03.07 16:08:45.081,1.00077,1.00089,1.50,3.00
2012.03.07 16:08:45.616,1.00077,1.00088,1.50,1.50
2012.03.07 16:08:46.135,1.00077,1.00088,1.50,1.50
2012.03.07 16:08:46.835,1.00077,1.00089,1.50,3.75
2012.03.07 16:08:46.907,1.00075,1.00087,3.00,2.25
2012.03.07 16:08:47.446,1.00075,1.00087,3.00,2.25
2012.03.07 16:08:49.434,1.00076,1.00089,1.50,1.50
2012.03.07 16:08:50.011,1.00075,1.00087,3.00,2.25
2012.03.07 16:08:51.423,1.00075,1.00087,3.00,2.25
2012.03.07 16:08:51.983,1.00075,1.00087,2.25,2.25
2012.03.07 16:08:52.513,1.00075,1.00087,3.00,2.25
2012.03.07 16:08:53.048,1.00076,1.0009,3.00,3.19
2012.03.07 16:08:53.600,1.00078,1.00092,2.25,6.00
2012.03.07 16:08:53.745,1.0008,1.00092,1.50,4.50
2012.03.07 16:08:54.417,1.00079,1.00091,1.50,1.69
2012.03.07 16:08:54.984,1.00079,1.00091,2.25,1.69
2012.03.07 16:08:55.611,1.0008,1.00093,3.00,3.75
2012.03.07 16:08:56.152,1.0008,1.00093,3.00,3.00
2012.03.07 16:08:56.775,1.0008,1.00094,2.25,4.13
2012.03.07 16:08:56.985,1.00079,1.00091,1.50,1.50
2012.03.07 16:08:57.508,1.00076,1.0009,4.69,1.50
2012.03.07 16:08:58.078,1.00077,1.00089,1.69,1.50
2012.03.07 16:08:58.966,1.00077,1.00089,2.25,1.50
2012.03.07 16:08:59.354,1.00079,1.00091,1.50,1.50
2012.03.07 16:09:00.955,1.00079,1.00091,1.50,2.25
2012.03.07 16:09:01.475,1.00077,1.00089,2.25,1.50
2012.03.07 16:09:02.842,1.00079,1.00091,1.50,5.25
2012.03.07 16:09:03.375,1.00077,1.0009,1.50,2.25
2012.03.07 16:09:04.045,1.00077,1.0009,1.50,1.50
2012.03.07 16:09:04.304,1.00077,1.00088,1.50,1.50
2012.03.07 16:09:04.374,1.00077,1.00091,3.00,2.25
2012.03.07 16:09:04.502,1.00077,1.00089,1.50,1.50
2012.03.07 16:09:04.969,1.00078,1.00092,2.44,3.00
2012.03.07 16:09:05.173,1.00077,1.00089,3.19,1.50
2012.03.07 16:09:06.515,1.00078,1.00092,3.19,4.50
2012.03.07 16:09:07.024,1.00078,1.00092,3.19,1.50
2012.03.07 16:09:07.509,1.00082,1.00095,1.50,2.25
2012.03.07 16:09:07.810,1.00082,1.00094,1.50,2.63
2012.03.07 16:09:07.893,1.00081,1.00093,1.50,1.50
2012.03.07 16:09:07.970,1.00081,1.00093,1.50,2.25
2012.03.07 16:09:08.513,1.0008,1.00091,1.88,2.25
2012.03.07 16:09:09.370,1.00081,1.00093,1.50,3.75
2012.03.07 16:09:09.853,1.0008,1.00092,1.88,1.50
2012.03.07 16:09:11.612,1.00082,1.00092,4.50,2.25
2012.03.07 16:09:11.820,1.00084,1.00096,3.38,3.00
2012.03.07 16:09:12.176,1.00085,1.00096,2.25,2.25
2012.03.07 16:09:12.925,1.00079,1.00091,1.20,1.50
2012.03.07 16:09:13.462,1.0008,1.00092,1.50,1.50
2012.03.07 16:09:13.884,1.00081,1.00095,1.50,2.63
2012.03.07 16:09:14.601,1.00081,1.00095,1.50,1.88
2012.03.07 16:09:14.673,1.00083,1.00096,1.50,1.13
2012.03.07 16:09:15.089,1.00081,1.00095,1.50,1.88
2012.03.07 16:09:17.417,1.00081,1.00095,1.50,2.63
2012.03.07 16:09:18.188,1.00081,1.00094,1.50,3.38
2012.03.07 16:09:18.548,1.00079,1.00089,1.50,1.88
2012.03.07 16:09:18.771,1.00076,1.00087,1.50,1.50
2012.03.07 16:09:18.853,1.00075,1.00084,1.50,1.50
2012.03.07 16:09:19.358,1.00072,1.00084,1.73,1.50
2012.03.07 16:09:19.495,1.00075,1.00084,1.13,1.50
2012.03.07 16:09:19.576,1.00075,1.00086,1.88,2.25
2012.03.07 16:09:20.089,1.00075,1.00087,3.38,2.25
2012.03.07 16:09:20.635,1.00075,1.00087,3.38,2.25
2012.03.07 16:09:21.147,1.00075,1.00087,3.38,2.25
2012.03.07 16:09:21.703,1.00075,1.00084,2.10,1.13
2012.03.07 16:09:22.096,1.00073,1.00078,1.50,1.50
2012.03.07 16:09:22.189,1.00074,1.00085,1.50,2.63
2012.03.07 16:09:22.274,1.00071,1.00083,1.50,1.50
2012.03.07 16:09:22.489,1.00074,1.00085,1.50,3.38
2012.03.07 16:09:22.790,1.00074,1.00085,1.50,3.38
2012.03.07 16:09:22.870,1.00071,1.00083,1.50,2.25
2012.03.07 16:09:23.559,1.00071,1.00083,1.50,3.00
2012.03.07 16:09:23.779,1.00072,1.00085,1.50,2.25
2012.03.07 16:09:24.546,1.00071,1.00083,2.10,1.50
2012.03.07 16:09:28.185,1.00069,1.00082,4.73,1.50
2012.03.07 16:09:28.270,1.00068,1.0008,2.25,1.13
2012.03.07 16:09:28.773,1.00069,1.0008,1.50,1.88
2012.03.07 16:09:28.917,1.00069,1.0008,1.50,1.13
2012.03.07 16:09:29.608,1.00069,1.00081,1.50,2.25
2012.03.07 16:09:30.115,1.0007,1.00082,1.50,1.13
2012.03.07 16:09:30.654,1.00068,1.00082,4.69,2.25
2012.03.07 16:09:31.536,1.0007,1.00082,2.10,1.50
2012.03.07 16:09:31.753,1.00072,1.00083,1.50,1.50
2012.03.07 16:09:32.685,1.0007,1.00082,3.60,1.50
2012.03.07 16:09:33.246,1.00071,1.00084,1.50,1.69
2012.03.07 16:09:34.537,1.00067,1.00077,5.10,2.25
2012.03.07 16:09:34.616,1.00065,1.00077,4.13,2.25
2012.03.07 16:09:35.506,1.00065,1.00077,1.88,1.50
2012.03.07 16:09:36.158,1.00065,1.00077,1.50,1.50
2012.03.07 16:09:38.211,1.00068,1.0008,2.25,1.50
2012.03.07 16:09:38.638,1.00067,1.00077,2.10,1.50
2012.03.07 16:09:38.789,1.00067,1.00077,1.35,1.50
2012.03.07 16:09:39.080,1.00065,1.00077,3.00,1.50
2012.03.07 16:09:39.532,1.00063,1.00072,4.88,1.50
2012.03.07 16:09:39.881,1.00061,1.00072,1.50,1.50
2012.03.07 16:09:40.402,1.00058,1.00072,5.48,1.50
2012.03.07 16:09:41.401,1.00058,1.00072,3.75,2.25
2012.03.07 16:09:41.707,1.00057,1.00068,1.13,3.75
2012.03.07 16:09:42.126,1.00055,1.00066,1.69,1.50
2012.03.07 16:09:42.965,1.00055,1.00066,2.44,3.00
2012.03.07 16:09:43.518,1.00055,1.00066,2.25,3.57
2012.03.07 16:09:43.735,1.00054,1.00062,1.50,2.25
2012.03.07 16:09:44.374,1.00049,1.00055,1.50,2.25
2012.03.07 16:09:44.614,1.00042,1.00053,1.50,1.69
2012.03.07 16:09:44.767,1.00041,1.00051,1.50,1.13
2012.03.07 16:09:44.849,1.00039,1.00048,2.25,1.13
2012.03.07 16:09:45.005,1.00037,1.00046,1.88,1.88
2012.03.07 16:09:45.816,1.00034,1.00046,3.00,3.00
2012.03.07 16:09:45.902,1.00034,1.00044,1.50,1.50
2012.03.07 16:09:46.455,1.00032,1.00044,2.85,2.44
2012.03.07 16:09:46.964,1.00032,1.00044,2.85,2.44
2012.03.07 16:09:47.093,1.00034,1.00046,2.40,3.00
2012.03.07 16:09:47.604,1.00034,1.00046,1.88,4.13
2012.03.07 16:09:48.184,1.00034,1.00046,3.75,2.25
2012.03.07 16:09:48.661,1.00032,1.00045,1.50,1.50
2012.03.07 16:09:48.809,1.00032,1.00042,1.35,1.50
2012.03.07 16:09:49.604,1.00031,1.00042,2.78,1.50
2012.03.07 16:09:49.771,1.00032,1.00042,2.25,1.50
2012.03.07 16:09:50.078,1.00034,1.00044,1.50,2.25
2012.03.07 16:09:50.157,1.00036,1.00046,1.50,1.50
2012.03.07 16:09:50.445,1.00038,1.00048,1.50,1.69
2012.03.07 16:09:50.592,1.00034,1.00045,1.35,1.50
2012.03.07 16:09:51.163,1.00036,1.00045,1.50,1.50
2012.03.07 16:09:51.706,1.00034,1.00044,2.07,1.50
2012.03.07 16:09:51.914,1.00036,1.00047,1.50,3.00
2012.03.07 16:09:52.054,1.00033,1.00046,2.63,1.50
2012.03.07 16:09:52.564,1.00033,1.00045,2.63,2.25
2012.03.07 16:09:53.066,1.00034,1.00044,4.28,1.50
2012.03.07 16:09:53.140,1.00037,1.00047,1.50,1.50
2012.03.07 16:09:53.431,1.00035,1.00047,1.50,3.19
2012.03.07 16:09:54.094,1.00033,1.0004,1.50,1.50
2012.03.07 16:09:54.241,1.0003,1.0004,2.25,1.50
2012.03.07 16:09:54.642,1.00032,1.00043,1.50,3.00
2012.03.07 16:09:54.792,1.00032,1.00043,1.50,1.50
2012.03.07 16:09:55.642,1.00034,1.00044,1.50,2.63
2012.03.07 16:09:55.729,1.00031,1.00044,2.25,1.88
2012.03.07 16:09:55.811,1.0003,1.00042,4.13,1.50
2012.03.07 16:09:56.160,1.00034,1.00045,2.25,3.75
2012.03.07 16:09:56.308,1.00032,1.00043,1.50,1.69
2012.03.07 16:09:57.207,1.00031,1.00043,2.25,1.69
2012.03.07 16:09:57.703,1.00031,1.00043,2.25,2.44
2012.03.07 16:09:58.256,1.00031,1.00043,2.25,1.69
2012.03.07 16:09:58.814,1.00029,1.00039,1.35,3.00
2012.03.07 16:09:58.954,1.00025,1.00037,2.63,3.00
2012.03.07 16:09:59.225,1.0003,1.00038,1.50,1.50
2012.03.07 16:09:59.354,1.00028,1.00038,1.50,1.50
2012.03.07 16:09:59.426,1.00026,1.00038,1.88,1.50
2012.03.07 16:09:59.986,1.00024,1.00037,2.63,1.50
2012.03.07 16:10:00.780,1.00024,1.00037,3.75,1.50
2012.03.07 16:10:01.320,1.00028,1.00037,1.50,1.50
2012.03.07 16:10:01.484,1.00025,1.00037,2.25,1.88
2012.03.07 16:10:01.965,1.00027,1.00037,1.50,1.88
2012.03.07 16:10:02.054,1.00025,1.00037,1.50,3.38
2012.03.07 16:10:02.613,1.00024,1.00037,1.50,3.38
2012.03.07 16:10:02.899,1.00026,1.00037,2.10,2.25
2012.03.07 16:10:03.404,1.00029,1.00039,1.50,1.88
2012.03.07 16:10:03.757,1.00024,1.00037,4.73,1.50
2012.03.07 16:10:03.895,1.00025,1.00034,1.50,2.25
2012.03.07 16:10:04.257,1.00025,1.00031,1.50,3.38
2012.03.07 16:10:04.830,1.00027,1.00033,1.50,1.13
2012.03.07 16:10:04.919,1.00025,1.00031,1.50,1.50
2012.03.07 16:10:04.999,1.00017,1.00029,3.00,4.88
2012.03.07 16:10:05.203,1.00015,1.00027,3.75,2.63
2012.03.07 16:10:05.631,1.00018,1.0003,1.50,3.19
2012.03.07 16:10:06.584,1.00019,1.00032,1.50,3.00
2012.03.07 16:10:06.674,1.00014,1.00025,2.25,2.25
2012.03.07 16:10:07.085,1.00015,1.00028,1.50,2.44
2012.03.07 16:10:07.154,1.00017,1.00029,1.50,3.19
2012.03.07 16:10:07.542,1.00014,1.00028,3.00,1.69
2012.03.07 16:10:07.615,1.00014,1.00026,1.50,2.25
2012.03.07 16:10:07.955,1.00015,1.00028,1.13,1.69
2012.03.07 16:10:08.463,1.00018,1.0003,1.50,4.50
2012.03.07 16:10:08.805,1.00015,1.00029,4.88,2.82
2012.03.07 16:10:08.875,1.00015,1.00029,3.75,3.57
2012.03.07 16:10:09.231,1.00016,1.00028,2.85,1.50
2012.03.07 16:10:09.606,1.00019,1.00031,2.25,2.25
2012.03.07 16:10:10.301,1.0002,1.00031,2.25,2.25
2012.03.07 16:10:10.819,1.0002,1.00031,2.25,2.25
2012.03.07 16:10:11.315,1.0002,1.00032,1.50,1.69
2012.03.07 16:10:11.874,1.00021,1.00033,2.25,2.63
2012.03.07 16:10:11.964,1.00023,1.00033,1.50,2.63
2012.03.07 16:10:12.302,1.00025,1.00033,1.50,2.63
2012.03.07 16:10:13.912,1.00023,1.00031,1.50,2.25
2012.03.07 16:10:14.126,1.0002,1.00031,1.50,3.00
2012.03.07 16:10:14.687,1.00021,1.00031,1.50,3.00
2012.03.07 16:10:14.831,1.00021,1.00033,1.50,3.75
2012.03.07 16:10:15.372,1.00024,1.00033,1.50,3.00
2012.03.07 16:10:15.784,1.00024,1.00036,1.50,2.25
2012.03.07 16:10:16.065,1.00029,1.00037,1.50,1.69
2012.03.07 16:10:16.360,1.00027,1.00038,3.00,1.69
2012.03.07 16:10:16.915,1.00027,1.00034,2.25,1.13
2012.03.07 16:10:17.014,1.00024,1.00033,1.50,1.50
2012.03.07 16:10:17.545,1.00024,1.00033,1.50,3.00
2012.03.07 16:10:17.978,1.00022,1.00031,1.50,1.13
2012.03.07 16:10:18.541,1.00022,1.00033,1.50,3.75
2012.03.07 16:10:18.761,1.00022,1.00033,2.44,1.50
2012.03.07 16:10:19.117,1.00026,1.00036,1.50,1.50
2012.03.07 16:10:19.597,1.00026,1.00034,1.50,1.13
2012.03.07 16:10:19.668,1.00023,1.00033,1.50,1.50
2012.03.07 16:10:20.294,1.00024,1.00031,1.50,3.00
2012.03.07 16:10:21.001,1.00023,1.00031,1.50,3.00
2012.03.07 16:10:21.159,1.00023,1.00032,2.10,1.50
2012.03.07 16:10:21.235,1.00024,1.00032,1.88,1.50
2012.03.07 16:10:21.772,1.00025,1.00033,2.25,1.88
2012.03.07 16:10:22.447,1.00027,1.00034,1.50,1.50
2012.03.07 16:10:22.587,1.0002,1.00031,2.25,2.44
2012.03.07 16:10:22.789,1.0002,1.00031,1.50,3.19
2012.03.07 16:10:23.008,1.00017,1.00027,1.50,1.69
2012.03.07 16:10:23.520,1.00018,1.00026,1.50,1.50
2012.03.07 16:10:23.665,1.00016,1.00027,1.50,1.69
2012.03.07 16:10:24.185,1.00015,1.00027,2.63,2.44
2012.03.07 16:10:24.332,1.00015,1.00027,1.50,2.44
2012.03.07 16:10:24.410,1.00015,1.00026,1.50,3.00
2012.03.07 16:10:24.884,1.00012,1.00024,1.50,1.13
2012.03.07 16:10:25.787,1.00012,1.00024,2.10,1.13
2012.03.07 16:10:26.270,1.00012,1.00022,1.50,3.00
2012.03.07 16:10:26.843,1.0001,1.00022,2.25,3.00
2012.03.07 16:10:27.596,1.00012,1.00022,1.50,3.00
2012.03.07 16:10:28.241,1.00013,1.00022,2.85,3.00
2012.03.07 16:10:29.070,1.00021,1.00027,1.50,3.00
2012.03.07 16:10:29.246,1.00013,1.00023,2.25,1.13
2012.03.07 16:10:30.476,1.00013,1.00022,2.25,3.00
2012.03.07 16:10:32.473,1.00013,1.00022,2.25,1.13
2012.03.07 16:10:33.015,1.00013,1.00024,2.25,2.25
2012.03.07 16:10:33.544,1.00018,1.00026,1.50,1.13
2012.03.07 16:10:33.690,1.00016,1.00026,1.50,1.13
2012.03.07 16:10:33.922,1.00015,1.00023,1.50,2.25
2012.03.07 16:10:34.143,1.00012,1.00023,2.25,3.00
2012.03.07 16:10:35.618,1.00015,1.00023,1.50,2.25
2012.03.07 16:10:35.697,1.00015,1.00026,1.50,3.00
2012.03.07 16:10:37.250,1.00015,1.00023,1.50,3.00
2012.03.07 16:10:37.332,1.00011,1.00023,2.25,4.50
2012.03.07 16:10:39.714,1.00015,1.00026,4.50,3.00
2012.03.07 16:10:39.788,1.00015,1.00026,4.50,3.75
2012.03.07 16:10:39.872,1.00015,1.00026,1.50,1.50
2012.03.07 16:10:40.017,1.00014,1.00026,1.50,3.75
2012.03.07 16:10:40.680,1.00014,1.00022,1.50,1.13
2012.03.07 16:10:41.233,1.00011,1.00022,2.63,1.13
2012.03.07 16:10:41.698,1.00011,1.00022,1.50,1.13
2012.03.07 16:10:41.845,1.0001,1.00021,1.50,1.58
2012.03.07 16:10:42.193,1.00007,1.00017,2.25,1.69
2012.03.07 16:10:42.740,1.00007,1.00016,1.50,2.44
2012.03.07 16:10:43.065,1.00009,1.00014,1.50,1.50
2012.03.07 16:10:43.233,1.00009,1.00015,1.50,3.00
2012.03.07 16:10:43.619,1.00011,1.00018,1.50,1.50
2012.03.07 16:10:44.129,1.00011,1.00018,1.88,1.50
2012.03.07 16:10:44.253,1.00018,1.00024,1.50,2.25
2012.03.07 16:10:44.329,1.00013,1.00024,1.50,1.50
2012.03.07 16:10:44.410,1.00013,1.00024,2.25,1.50
2012.03.07 16:10:44.768,1.00013,1.00022,2.25,1.13
2012.03.07 16:10:45.061,1.00014,1.00022,1.50,1.13
2012.03.07 16:10:45.519,1.00012,1.00022,1.50,1.13
2012.03.07 16:10:45.824,1.00009,1.00022,3.38,1.13
2012.03.07 16:10:45.963,1.00013,1.00022,1.50,1.13
2012.03.07 16:10:46.454,1.00015,1.00022,1.50,1.13
2012.03.07 16:10:47.114,1.00012,1.00022,1.50,1.13
2012.03.07 16:10:47.184,1.0001,1.00022,1.50,1.13
2012.03.07 16:10:48.635,1.00011,1.00023,1.50,3.00
2012.03.07 16:10:48.775,1.00012,1.00023,2.25,3.00
2012.03.07 16:10:49.281,1.00013,1.00024,2.25,3.00
2012.03.07 16:10:49.367,1.00012,1.00024,1.50,3.00
2012.03.07 16:10:51.810,1.0001,1.0002,1.50,1.69
2012.03.07 16:10:51.883,1.00008,1.0002,2.85,1.69
2012.03.07 16:10:52.424,1.00008,1.00021,1.35,3.94
2012.03.07 16:10:53.141,1.0001,1.00022,1.13,3.75
2012.03.07 16:10:53.244,1.00012,1.00022,2.25,3.00
2012.03.07 16:10:53.526,1.00013,1.00023,2.25,1.50
2012.03.07 16:10:55.290,1.00011,1.00023,1.50,1.13
2012.03.07 16:10:55.858,1.0001,1.00022,1.88,2.63
2012.03.07 16:10:56.525,1.00011,1.00022,2.25,1.13
2012.03.07 16:10:56.865,1.00013,1.00024,2.25,3.00
2012.03.07 16:10:57.217,1.00016,1.00028,1.50,2.44
2012.03.07 16:10:57.563,1.00017,1.00026,1.35,1.50
2012.03.07 16:10:58.165,1.00017,1.00027,2.25,1.50
2012.03.07 16:10:58.661,1.00013,1.00026,4.73,1.50
2012.03.07 16:10:59.089,1.00013,1.00024,2.25,1.69
2012.03.07 16:10:59.634,1.0001,1.00022,4.88,2.25
2012.03.07 16:11:00.350,1.00012,1.00024,1.50,2.44
2012.03.07 16:11:00.458,1.0001,1.00023,1.88,2.44
2012.03.07 16:11:00.609,1.0001,1.00023,3.98,2.44
2012.03.07 16:11:01.176,1.00013,1.00027,2.63,3.19
2012.03.07 16:11:01.538,1.00013,1.00023,1.50,1.88
2012.03.07 16:11:01.899,1.00009,1.00019,1.13,1.50
2012.03.07 16:11:02.461,1.00007,1.0002,2.25,4.50
2012.03.07 16:11:03.499,1.00005,1.00019,4.50,3.19
2012.03.07 16:11:03.591,1.0001,1.0002,1.50,1.50
2012.03.07 16:11:04.144,1.00009,1.00022,1.13,2.63
2012.03.07 16:11:04.706,1.0001,1.00022,1.50,1.13
2012.03.07 16:11:05.115,1.00011,1.00024,2.25,4.50
2012.03.07 16:11:05.186,1.00013,1.00024,1.50,3.00
2012.03.07 16:11:05.805,1.00011,1.00023,2.25,2.44
2012.03.07 16:11:06.496,1.00011,1.00023,2.25,2.44
2012.03.07 16:11:07.389,1.00013,1.00025,1.88,2.44
2012.03.07 16:11:07.720,1.00016,1.00027,1.88,4.50
2012.03.07 16:11:08.236,1.00016,1.00028,2.25,1.50
2012.03.07 16:11:08.374,1.00019,1.00029,1.50,1.50
2012.03.07 16:11:08.909,1.00016,1.00027,2.25,1.50
2012.03.07 16:11:09.265,1.00016,1.00028,2.25,1.50
2012.03.07 16:11:09.678,1.00016,1.00027,2.25,1.50
2012.03.07 16:11:09.830,1.00015,1.00027,2.25,3.00
2012.03.07 16:11:10.047,1.00015,1.00025,1.50,2.25
2012.03.07 16:11:10.116,1.00015,1.00025,1.50,2.25
2012.03.07 16:11:10.391,1.00015,1.00023,1.50,1.13
2012.03.07 16:11:10.907,1.00013,1.00023,1.50,1.13
2012.03.07 16:11:11.583,1.00014,1.00024,1.50,1.13
2012.03.07 16:11:12.096,1.00014,1.00026,4.35,1.50
2012.03.07 16:11:12.238,1.00014,1.00028,5.85,3.94
2012.03.07 16:11:12.319,1.0002,1.00028,1.50,1.69
2012.03.07 16:11:12.633,1.0002,1.0003,1.50,3.75
2012.03.07 16:11:13.207,1.00021,1.0003,1.50,3.00
2012.03.07 16:11:13.522,1.00018,1.00031,2.10,3.75
2012.03.07 16:11:14.082,1.00021,1.00032,2.25,1.50
2012.03.07 16:11:14.659,1.00023,1.00033,1.50,1.50
2012.03.07 16:11:15.015,1.0002,1.00033,2.25,2.25
2012.03.07 16:11:15.558,1.00022,1.00034,1.50,1.69
2012.03.07 16:11:16.982,1.00021,1.00034,1.50,1.50
2012.03.07 16:11:18.803,1.00021,1.00034,1.50,1.50
2012.03.07 16:11:19.327,1.00019,1.00033,2.82,2.25
2012.03.07 16:11:19.468,1.00022,1.00034,1.50,4.50
2012.03.07 16:11:20.281,1.00019,1.00033,4.32,2.25
2012.03.07 16:11:20.401,1.00016,1.00026,2.25,2.25
2012.03.07 16:11:20.561,1.00014,1.00026,3.00,3.19
2012.03.07 16:11:20.927,1.00012,1.00023,1.13,2.25
2012.03.07 16:11:21.605,1.00013,1.00025,1.50,2.25
2012.03.07 16:11:24.504,1.0001,1.00024,3.75,2.25
2012.03.07 16:11:28.016,1.00013,1.00025,1.50,2.25
2012.03.07 16:11:28.547,1.00011,1.00023,2.25,2.25
2012.03.07 16:11:30.057,1.00011,1.00023,1.50,3.94
2012.03.07 16:11:30.192,1.00009,1.00022,1.50,2.25
2012.03.07 16:11:30.520,1.00009,1.00022,1.50,2.25
2012.03.07 16:11:31.300,1.0001,1.00024,2.25,3.94
2012.03.07 16:11:31.880,1.00009,1.00021,3.00,2.25
2012.03.07 16:11:32.429,1.0001,1.00024,2.25,3.94
2012.03.07 16:11:33.005,1.00013,1.00025,1.50,5.25
2012.03.07 16:11:33.439,1.00015,1.00025,1.73,3.75
2012.03.07 16:11:33.522,1.00019,1.00029,1.50,2.25
2012.03.07 16:11:34.493,1.00019,1.00028,1.50,2.25
2012.03.07 16:11:34.635,1.00017,1.00028,1.50,1.50
2012.03.07 16:11:34.779,1.00014,1.00025,1.50,1.50
2012.03.07 16:11:35.345,1.00014,1.00024,1.13,2.25
2012.03.07 16:11:35.418,1.00016,1.00026,1.50,1.50
2012.03.07 16:11:35.944,1.00013,1.00027,4.50,2.25
2012.03.07 16:11:36.155,1.00013,1.00027,1.50,2.63
2012.03.07 16:11:36.798,1.00013,1.00027,1.69,2.25
2012.03.07 16:11:36.874,1.00014,1.00027,2.29,2.25
2012.03.07 16:11:37.093,1.00019,1.00031,1.50,1.88
2012.03.07 16:11:37.172,1.00023,1.00032,1.13,2.10
2012.03.07 16:11:37.393,1.00023,1.00035,3.60,2.25
2012.03.07 16:11:37.919,1.00026,1.00037,1.50,1.50
2012.03.07 16:11:42.174,1.00024,1.00037,1.50,1.50
2012.03.07 16:11:42.748,1.00024,1.00036,2.25,1.50
2012.03.07 16:11:45.564,1.00027,1.00037,1.50,1.50
2012.03.07 16:11:46.953,1.00027,1.00034,1.50,1.50
2012.03.07 16:11:47.165,1.00024,1.00033,1.50,3.75
2012.03.07 16:11:47.236,1.00024,1.00033,1.50,3.75
2012.03.07 16:11:47.305,1.0002,1.00033,1.88,3.00
2012.03.07 16:11:48.285,1.00019,1.00033,2.10,3.00
2012.03.07 16:11:48.804,1.00019,1.00033,2.85,3.00
2012.03.07 16:11:49.144,1.00023,1.00034,3.57,1.50
2012.03.07 16:11:49.694,1.00024,1.00036,1.50,3.00
2012.03.07 16:11:50.225,1.00025,1.00037,1.50,3.00
2012.03.07 16:11:50.569,1.00025,1.00034,1.50,1.50
2012.03.07 16:11:51.125,1.00024,1.00034,1.50,1.50
2012.03.07 16:11:57.165,1.00024,1.00034,1.50,1.50
2012.03.07 16:11:57.886,1.00026,1.00036,1.50,1.50
2012.03.07 16:11:58.504,1.00024,1.00037,1.32,3.75
2012.03.07 16:12:00.841,1.00024,1.00036,1.32,2.25
2012.03.07 16:12:01.132,1.00025,1.00036,1.50,2.25
2012.03.07 16:12:01.207,1.00025,1.00035,1.50,1.50
2012.03.07 16:12:01.409,1.00025,1.00036,1.50,1.69
2012.03.07 16:12:01.557,1.00022,1.00035,3.53,1.69
2012.03.07 16:12:01.814,1.00022,1.00035,2.63,1.69
2012.03.07 16:12:02.244,1.00025,1.00037,1.50,4.50
2012.03.07 16:12:02.544,1.00024,1.00033,1.32,1.50
2012.03.07 16:12:03.048,1.00024,1.00032,1.50,1.50
2012.03.07 16:12:03.407,1.00016,1.00026,3.00,1.69
2012.03.07 16:12:03.488,1.00016,1.00026,2.25,1.69
2012.03.07 16:12:04.032,1.00013,1.00025,2.10,3.00
2012.03.07 16:12:04.896,1.0001,1.00024,2.82,2.25
2012.03.07 16:12:05.543,1.00013,1.00023,1.50,2.85
2012.03.07 16:12:05.848,1.00009,1.00017,1.50,1.50
2012.03.07 16:12:06.137,1.00007,1.00017,2.25,1.50
2012.03.07 16:12:06.904,1.00005,1.00017,3.94,2.25
2012.03.07 16:12:06.988,1.00005,1.00016,1.84,1.50
2012.03.07 16:12:07.062,1.00008,1.00016,1.50,1.50
2012.03.07 16:12:07.420,1.00003,1.00017,6.38,3.75
2012.03.07 16:12:08.409,1.00003,1.00017,5.67,3.75
2012.03.07 16:12:08.486,1.00008,1.00017,1.50,2.25
2012.03.07 16:12:09.635,1.00008,1.00017,1.50,2.25
2012.03.07 16:12:10.206,1.0001,1.00023,1.50,3.94
2012.03.07 16:12:10.756,1.00013,1.00026,1.50,1.50
2012.03.07 16:12:12.141,1.00012,1.00024,1.50,2.25
2012.03.07 16:12:12.354,1.00014,1.00025,1.50,1.88
2012.03.07 16:12:12.565,1.0001,1.00024,3.98,2.25
2012.03.07 16:12:13.356,1.00012,1.00025,1.50,1.13
2012.03.07 16:12:14.574,1.0001,1.00024,3.98,2.25
2012.03.07 16:12:15.125,1.00012,1.00026,1.50,2.44
2012.03.07 16:12:15.896,1.00014,1.00026,1.13,2.44
2012.03.07 16:12:16.176,1.00015,1.00026,1.50,1.50
2012.03.07 16:12:16.730,1.00015,1.00025,1.50,1.13
2012.03.07 16:12:16.817,1.00011,1.00025,3.00,2.63
2012.03.07 16:12:18.272,1.0001,1.00022,3.57,2.25
2012.03.07 16:12:19.137,1.00012,1.00024,1.50,2.25
2012.03.07 16:12:19.343,1.0001,1.00023,2.07,2.25
2012.03.07 16:12:19.844,1.00012,1.00024,1.50,2.25
2012.03.07 16:12:20.854,1.0001,1.00023,2.07,2.25
2012.03.07 16:12:21.609,1.0001,1.00023,1.32,2.25
2012.03.07 16:12:22.495,1.0001,1.00023,1.13,2.63
2012.03.07 16:12:22.775,1.00009,1.0002,1.50,2.63
2012.03.07 16:12:23.275,1.00004,1.00014,1.13,2.25
2012.03.07 16:12:23.484,1.00004,1.00014,1.65,1.50
2012.03.07 16:12:24.018,1.00004,1.00016,1.28,1.50
2012.03.07 16:12:24.345,1.00006,1.00016,1.50,1.50
2012.03.07 16:12:24.902,1.00004,1.00016,1.65,1.50
2012.03.07 16:12:25.413,0.99999,1.00007,3.00,1.50
2012.03.07 16:12:25.503,0.99999,1.00007,2.25,1.50
2012.03.07 16:12:25.586,0.99998,1.00007,2.29,1.50
2012.03.07 16:12:25.939,0.99998,1.00007,1.69,1.50
2012.03.07 16:12:26.016,0.99998,1.00008,1.69,1.50
2012.03.07 16:12:26.873,0.99996,1.00005,1.50,1.50
2012.03.07 16:12:27.107,0.99994,1.00003,1.50,1.88
2012.03.07 16:12:27.253,0.99994,1.00002,1.13,2.25
2012.03.07 16:12:28.193,0.99997,1.00006,1.50,3.75
2012.03.07 16:12:28.492,0.99995,1.00003,2.10,1.50
2012.03.07 16:12:28.857,0.99997,1.00004,2.10,1.50
2012.03.07 16:12:29.558,0.99997,1.00005,1.50,1.88
2012.03.07 16:12:29.642,0.99994,1.00004,2.63,1.50
2012.03.07 16:12:29.855,0.99994,1.00004,2.63,1.50
2012.03.07 16:12:30.349,0.99994,1.00004,3.00,1.50
2012.03.07 16:12:31.079,0.99994,1.00003,3.00,1.50
2012.03.07 16:12:31.171,0.99994,1.00005,3.00,1.50
2012.03.07 16:12:31.664,0.99994,1.00006,2.63,1.50
2012.03.07 16:12:32.607,0.99994,1.00004,2.63,1.50
2012.03.07 16:12:33.121,0.99994,1.00006,3.00,1.50
2012.03.07 16:12:35.590,0.99994,1.00005,2.82,1.50
2012.03.07 16:12:36.596,0.99993,1.00005,5.10,1.50
2012.03.07 16:12:38.427,0.99993,1.00005,6.60,1.50
2012.03.07 16:12:39.109,0.99993,1.00005,6.60,1.50
2012.03.07 16:12:39.648,0.99993,1.00006,5.48,1.13
2012.03.07 16:12:39.725,0.99992,1.00005,1.13,2.25
2012.03.07 16:12:40.133,0.99991,1.00003,2.29,2.25
2012.03.07 16:12:40.273,0.99992,1.00003,1.35,2.25
2012.03.07 16:12:40.346,0.99994,1.00006,1.50,5.25
2012.03.07 16:12:40.920,0.99991,1.0,1.50,1.50
2012.03.07 16:12:41.009,0.99985,0.99997,3.38,3.00
2012.03.07 16:12:41.707,0.99985,0.99996,1.13,1.50
2012.03.07 16:12:41.778,0.99985,0.99996,1.13,1.50
2012.03.07 16:12:42.450,0.99985,0.99996,1.13,2.44
2012.03.07 16:12:43.971,0.99985,0.99996,1.13,3.19
2012.03.07 16:12:44.506,0.99985,0.99993,1.13,3.75
2012.03.07 16:12:44.780,0.99977,0.99988,2.25,2.25
2012.03.07 16:12:45.001,0.99975,0.99987,1.13,3.00
2012.03.07 16:12:47.315,0.99978,0.99988,1.35,1.50
2012.03.07 16:12:47.609,0.99985,0.99991,1.50,1.50
2012.03.07 16:12:47.761,0.99982,0.99991,1.50,1.50
2012.03.07 16:12:47.904,0.99979,0.99991,4.35,2.25
2012.03.07 16:12:48.177,0.99984,0.99994,1.50,3.19
2012.03.07 16:12:48.314,0.99983,0.99992,2.82,1.50
2012.03.07 16:12:48.700,0.99987,0.99997,1.50,1.50
2012.03.07 16:12:48.786,0.99987,0.99997,1.50,1.50
2012.03.07 16:12:49.725,0.99985,0.99998,3.23,3.00
2012.03.07 16:12:50.053,0.99986,0.99997,1.50,3.00
2012.03.07 16:12:50.858,0.99985,0.99997,2.63,1.50
2012.03.07 16:12:51.054,0.99985,0.99996,2.63,1.50
2012.03.07 16:12:51.125,0.99985,0.99997,1.88,1.50
2012.03.07 16:12:51.608,0.99982,0.99995,1.35,2.44
2012.03.07 16:12:52.469,0.99981,0.99994,2.10,1.50
2012.03.07 16:12:52.562,0.9998,0.99991,3.98,2.25
2012.03.07 16:12:52.961,0.99981,0.99989,1.50,1.88
2012.03.07 16:12:53.104,0.99978,0.99988,1.50,1.50
2012.03.07 16:12:53.625,0.99976,0.99988,1.50,1.50
2012.03.07 16:12:54.734,0.99976,0.99988,1.50,3.00
2012.03.07 16:12:55.287,0.99976,0.99988,2.63,3.00
2012.03.07 16:12:55.431,0.99979,0.99988,2.85,1.50
2012.03.07 16:12:55.800,0.99984,0.99993,1.50,1.50
2012.03.07 16:12:56.186,0.99984,0.99994,1.50,1.50
2012.03.07 16:12:56.289,0.99986,0.99994,1.50,1.50
2012.03.07 16:12:56.925,0.99986,0.99997,1.13,3.00
2012.03.07 16:12:57.211,0.99986,0.99998,1.50,3.00
2012.03.07 16:12:57.674,0.99988,0.99997,1.50,1.50
2012.03.07 16:12:57.759,0.99987,0.99997,2.25,1.50
2012.03.07 16:12:58.049,0.99985,0.99997,1.50,1.50
2012.03.07 16:12:58.405,0.99989,0.99999,1.50,3.00
2012.03.07 16:12:58.759,0.99992,1.00001,1.50,2.25
2012.03.07 16:12:59.250,0.99993,1.00005,2.03,1.13
2012.03.07 16:13:01.048,0.99991,1.00003,2.78,1.50
2012.03.07 16:13:01.606,0.99991,1.00004,1.28,2.25
2012.03.07 16:13:02.166,0.99995,1.00003,1.13,1.50
2012.03.07 16:13:02.303,0.99995,1.00005,1.65,1.13
2012.03.07 16:13:04.974,0.99995,1.00008,3.38,1.50
2012.03.07 16:13:05.437,0.99996,1.00008,1.35,1.50
2012.03.07 16:13:05.515,0.99996,1.00007,1.35,1.50
2012.03.07 16:13:06.195,0.99997,1.00009,2.85,1.50
2012.03.07 16:13:06.796,0.99998,1.00009,1.35,2.25
2012.03.07 16:13:06.893,0.99999,1.0001,1.05,2.25
2012.03.07 16:13:07.252,1.00001,1.0001,1.05,2.25
2012.03.07 16:13:07.606,1.00001,1.00012,1.28,2.25
2012.03.07 16:13:07.694,1.00005,1.00012,1.50,2.25
2012.03.07 16:13:08.055,1.00005,1.00017,1.13,2.63
2012.03.07 16:13:09.025,1.00005,1.00017,2.03,2.25
2012.03.07 16:13:09.548,1.00006,1.00017,1.28,2.63
2012.03.07 16:13:09.617,1.00006,1.00017,1.88,1.88
2012.03.07 16:13:09.703,1.00008,1.00019,2.10,1.50
2012.03.07 16:13:10.412,1.0001,1.00022,2.03,2.25
2012.03.07 16:13:10.709,1.00012,1.00024,1.88,2.25
2012.03.07 16:13:11.130,1.00012,1.00024,2.93,2.25
2012.03.07 16:13:11.348,1.00012,1.00024,3.00,2.25
2012.03.07 16:13:11.429,1.00012,1.00024,3.00,2.25
2012.03.07 16:13:12.087,1.00015,1.00024,1.88,2.25
2012.03.07 16:13:12.623,1.00015,1.00027,4.13,1.50
2012.03.07 16:13:13.182,1.00015,1.00027,3.38,1.88
2012.03.07 16:13:13.325,1.00015,1.00027,3.15,1.50
2012.03.07 16:13:14.316,1.00016,1.00027,1.12,1.13
2012.03.07 16:13:14.665,1.00019,1.00029,1.28,1.50
2012.03.07 16:13:15.485,1.00018,1.00029,3.22,1.88
2012.03.07 16:13:15.644,1.00017,1.00028,2.44,2.63
2012.03.07 16:13:15.781,1.00016,1.00028,2.25,2.63
2012.03.07 16:13:16.527,1.00015,1.00028,4.50,1.88
2012.03.07 16:13:16.982,1.00017,1.00029,1.88,3.75
2012.03.07 16:13:17.078,1.0002,1.00033,1.65,2.25
2012.03.07 16:13:18.167,1.0002,1.00033,1.13,3.15
2012.03.07 16:13:18.777,1.00019,1.0003,1.50,1.50
2012.03.07 16:13:18.895,1.00015,1.00028,1.88,2.25
2012.03.07 16:13:21.986,1.00014,1.00028,1.50,5.25
2012.03.07 16:13:22.439,1.00011,1.00023,3.08,1.50
2012.03.07 16:13:22.527,1.00011,1.00023,1.88,2.25
2012.03.07 16:13:23.235,1.00011,1.00023,2.33,2.25
2012.03.07 16:13:23.787,1.0001,1.00022,4.58,2.25
2012.03.07 16:13:24.326,1.0001,1.00022,3.45,2.25
2012.03.07 16:13:24.686,1.00008,1.00016,1.20,1.50
2012.03.07 16:13:24.832,1.00005,1.00016,1.13,1.50
2012.03.07 16:13:25.174,1.00004,1.00014,1.50,1.50
2012.03.07 16:13:28.430,1.00002,1.00012,1.50,1.50
2012.03.07 16:13:29.424,1.00001,1.00012,1.50,2.25
2012.03.07 16:13:29.847,1.0,1.00006,1.13,1.50
2012.03.07 16:13:29.940,0.99996,1.00006,1.13,2.25
2012.03.07 16:13:30.499,0.99994,1.00006,2.44,2.25
2012.03.07 16:13:30.718,0.99991,1.00005,1.50,2.25
2012.03.07 16:13:31.490,0.9999,1.00004,4.13,2.25
2012.03.07 16:13:32.078,0.99991,1.00003,1.50,2.25
2012.03.07 16:13:32.461,0.99992,1.00004,2.10,2.25
2012.03.07 16:13:34.412,0.99991,1.00005,1.50,2.25
2012.03.07 16:13:35.238,0.99991,1.00005,1.50,3.75
2012.03.07 16:13:35.994,0.9999,1.00004,4.32,2.25
2012.03.07 16:13:37.182,0.99995,1.00004,1.13,2.25
2012.03.07 16:13:37.271,0.99995,1.00007,3.08,1.50
2012.03.07 16:13:37.347,0.99995,1.00007,3.08,1.50
2012.03.07 16:13:37.578,0.99998,1.00009,1.50,2.44
2012.03.07 16:13:37.883,1.0,1.0001,1.50,3.19
2012.03.07 16:13:37.975,0.99997,1.0001,1.95,1.69
2012.03.07 16:13:38.531,0.99997,1.0001,1.50,1.50
2012.03.07 16:13:38.947,0.99995,1.00007,3.08,1.50
2012.03.07 16:13:39.083,0.99995,1.00007,1.50,3.75
2012.03.07 16:13:39.547,0.99992,1.00004,2.10,1.50
2012.03.07 16:13:39.675,0.99995,1.00004,1.13,1.50
2012.03.07 16:13:39.749,0.99995,1.00007,1.13,1.50
2012.03.07 16:13:39.898,0.99998,1.00009,1.50,1.69
2012.03.07 16:13:40.438,0.99996,1.00008,1.88,1.50
2012.03.07 16:13:40.802,0.99998,1.00008,1.50,1.50
2012.03.07 16:13:40.879,0.99994,1.00008,1.50,3.00
2012.03.07 16:13:41.095,0.99993,1.00005,1.80,1.50
2012.03.07 16:13:41.506,0.99994,1.00008,1.50,3.75
2012.03.07 16:13:41.653,0.99996,1.00008,1.50,1.50
2012.03.07 16:13:42.270,0.99994,1.00006,1.50,1.50
2012.03.07 16:13:44.176,0.99995,1.00006,1.13,1.50
2012.03.07 16:13:44.448,0.99999,1.00009,1.50,1.69
2012.03.07 16:13:45.363,0.99998,1.00009,1.50,1.50
2012.03.07 16:13:46.269,0.99998,1.00009,1.50,1.50
2012.03.07 16:13:47.762,0.99996,1.00006,1.73,1.50
2012.03.07 16:13:48.204,0.99999,1.00009,1.50,1.50
2012.03.07 16:13:48.473,0.99997,1.00009,1.50,3.00
2012.03.07 16:13:50.004,0.99997,1.00009,1.50,3.00
2012.03.07 16:13:50.567,0.99996,1.00009,1.13,3.00
2012.03.07 16:13:50.838,0.99998,1.00008,1.50,1.50
2012.03.07 16:13:51.233,0.99996,1.00008,2.33,3.00
2012.03.07 16:13:51.743,0.99997,1.00008,1.50,1.50
2012.03.07 16:13:54.606,0.99997,1.0001,2.25,1.50
2012.03.07 16:13:55.164,0.99997,1.0001,1.50,1.50
2012.03.07 16:13:57.031,0.99997,1.0001,2.25,1.50
2012.03.07 16:13:57.561,0.99997,1.0001,2.40,1.50
2012.03.07 16:13:58.105,0.99998,1.00011,1.20,3.75
2012.03.07 16:13:58.175,0.99997,1.00008,2.92,1.50
2012.03.07 16:13:58.305,1.00001,1.00013,1.50,3.19
2012.03.07 16:13:58.506,1.00003,1.00013,1.50,1.69
2012.03.07 16:13:59.175,1.00003,1.00015,2.40,4.50
2012.03.07 16:13:59.605,1.00005,1.00017,4.20,1.13
2012.03.07 16:13:59.832,1.00006,1.00017,1.13,1.13
2012.03.07 16:14:00.506,1.00008,1.0002,2.25,3.19
2012.03.07 16:14:01.027,1.00011,1.0002,1.50,1.50
2012.03.07 16:14:01.392,1.00008,1.0002,1.95,1.50
2012.03.07 16:14:02.204,1.00007,1.00018,1.95,2.25
2012.03.07 16:14:02.565,1.00007,1.00018,1.50,1.69
2012.03.07 16:14:02.711,1.00003,1.00017,1.95,2.25
2012.03.07 16:14:03.284,1.00003,1.00017,1.95,2.25
2012.03.07 16:14:03.841,1.00003,1.00017,1.50,2.25
2012.03.07 16:14:04.221,1.00006,1.00018,1.50,2.25
2012.03.07 16:14:04.793,1.00006,1.00018,1.50,4.50
2012.03.07 16:14:04.872,1.00003,1.00017,1.95,2.25
2012.03.07 16:14:05.487,1.00001,1.00015,2.25,2.25
2012.03.07 16:14:05.634,1.00004,1.00016,1.50,2.25
2012.03.07 16:14:10.654,1.00005,1.00016,1.13,2.25
2012.03.07 16:14:11.214,1.00004,1.00016,1.50,2.25
2012.03.07 16:14:12.144,1.00004,1.00016,1.50,2.25
2012.03.07 16:14:12.493,1.00006,1.00019,1.95,5.25
2012.03.07 16:14:12.685,1.00006,1.00019,1.95,3.19
2012.03.07 16:14:12.826,1.00006,1.0002,3.15,2.44
2012.03.07 16:14:13.372,1.0001,1.00019,1.50,1.69
2012.03.07 16:14:13.461,1.00005,1.00019,3.22,3.19
2012.03.07 16:14:13.665,1.00004,1.00017,1.95,1.50
2012.03.07 16:14:14.236,1.00003,1.00017,2.70,2.25
2012.03.07 16:14:14.518,1.00008,1.00019,1.50,3.00
2012.03.07 16:14:14.870,1.00008,1.00018,1.50,2.25
2012.03.07 16:14:14.946,1.00005,1.00018,3.83,2.25
2012.03.07 16:14:16.036,1.00001,1.00015,2.70,2.25
2012.03.07 16:14:17.607,1.00001,1.00015,2.25,4.50
2012.03.07 16:14:17.677,1.00005,1.00015,2.25,2.25
2012.03.07 16:14:17.813,1.00005,1.00016,4.20,3.00
2012.03.07 16:14:18.709,1.00005,1.00017,4.20,3.00
2012.03.07 16:14:19.165,1.00009,1.00017,1.50,1.50
2012.03.07 16:14:20.726,1.00011,1.00022,2.02,3.75
2012.03.07 16:14:21.033,1.00012,1.00025,1.95,3.38
2012.03.07 16:14:21.639,1.00014,1.00025,1.13,3.00
2012.03.07 16:14:21.787,1.00014,1.00026,3.83,2.25
2012.03.07 16:14:22.554,1.00014,1.00027,5.33,1.88
2012.03.07 16:14:23.098,1.00014,1.00027,1.50,1.69
2012.03.07 16:14:23.668,1.00012,1.00026,3.30,3.75
2012.03.07 16:14:23.747,1.00012,1.00023,1.35,1.50
2012.03.07 16:14:23.842,1.00013,1.00025,1.95,2.25
2012.03.07 16:14:24.351,1.00013,1.00025,2.40,2.25
2012.03.07 16:14:24.755,1.00015,1.00025,1.58,2.25
2012.03.07 16:14:25.309,1.00015,1.00026,1.58,3.00
2012.03.07 16:14:28.205,1.00014,1.00026,2.63,3.00
2012.03.07 16:14:28.405,1.00011,1.00025,1.50,1.50
2012.03.07 16:14:29.695,1.00011,1.00025,2.25,1.69
2012.03.07 16:14:30.316,1.00007,1.00021,2.48,2.25
2012.03.07 16:14:30.655,1.00009,1.0002,1.50,1.50
2012.03.07 16:14:31.135,1.00011,1.00023,1.50,1.50
2012.03.07 16:14:31.796,1.00013,1.00026,1.50,3.00
2012.03.07 16:14:32.776,1.00013,1.00027,1.50,3.19
2012.03.07 16:14:33.192,1.00015,1.00027,1.50,2.07
2012.03.07 16:14:33.825,1.00014,1.00026,1.50,2.44
2012.03.07 16:14:34.361,1.00014,1.00026,2.25,2.44
2012.03.07 16:14:35.875,1.00014,1.00026,2.25,2.44
2012.03.07 16:14:35.953,1.00015,1.00026,1.88,2.44
2012.03.07 16:14:36.087,1.00018,1.00028,1.50,1.13
2012.03.07 16:14:36.561,1.00018,1.00029,1.50,1.69
2012.03.07 16:14:36.851,1.00019,1.00033,1.50,3.00
2012.03.07 16:14:37.407,1.00019,1.00033,2.25,3.00
2012.03.07 16:14:37.489,1.00022,1.00034,1.50,5.63
2012.03.07 16:14:37.634,1.0002,1.00032,1.50,2.25
2012.03.07 16:14:38.358,1.00018,1.0003,3.60,1.50
2012.03.07 16:14:38.472,1.00021,1.00034,1.50,5.63
2012.03.07 16:14:39.140,1.00018,1.0003,3.60,1.50
2012.03.07 16:14:39.258,1.00021,1.00033,1.50,1.50
2012.03.07 16:14:39.336,1.00021,1.00033,1.50,1.50
2012.03.07 16:14:41.081,1.00021,1.00033,1.50,1.50
2012.03.07 16:14:41.164,1.00019,1.00033,3.00,3.75
2012.03.07 16:14:42.154,1.00017,1.00028,2.25,1.50
2012.03.07 16:14:42.560,1.00014,1.00027,1.92,3.00
2012.03.07 16:14:43.685,1.00014,1.00027,1.54,2.25
2012.03.07 16:14:44.077,1.00014,1.00027,2.29,2.25
2012.03.07 16:14:44.642,1.00017,1.00028,1.50,3.75
2012.03.07 16:14:45.709,1.00017,1.00028,2.25,2.25
2012.03.07 16:14:45.999,1.00014,1.00026,4.35,2.25
2012.03.07 16:14:46.503,1.00014,1.00026,2.48,2.25
2012.03.07 16:14:46.988,1.00017,1.00028,1.50,2.25
2012.03.07 16:14:47.573,1.00019,1.0003,1.50,1.50
2012.03.07 16:14:48.113,1.00016,1.0003,1.50,3.00
2012.03.07 16:14:48.750,1.00016,1.0003,2.63,3.00
2012.03.07 16:14:49.047,1.00017,1.0003,1.73,1.50
2012.03.07 16:14:49.187,1.00017,1.0003,1.13,1.50
2012.03.07 16:14:49.728,1.00017,1.00029,1.88,1.50
2012.03.07 16:14:50.507,1.00019,1.00029,1.50,1.50
2012.03.07 16:14:51.004,1.00017,1.00029,1.88,3.00
2012.03.07 16:14:52.124,1.00017,1.00029,1.50,3.00
2012.03.07 16:14:52.636,1.00014,1.00028,3.75,2.25
2012.03.07 16:14:53.579,1.00014,1.00028,1.50,3.00
2012.03.07 16:14:53.802,1.00014,1.00027,1.50,1.50
2012.03.07 16:14:54.305,1.00011,1.00022,1.54,1.50
2012.03.07 16:14:55.293,1.00012,1.00024,1.50,2.25
2012.03.07 16:14:58.472,1.00014,1.00026,1.50,2.63
2012.03.07 16:14:59.107,1.00012,1.00024,1.50,2.25
2012.03.07 16:14:59.825,1.00012,1.00024,1.50,2.25
2012.03.07 16:15:00.946,1.00009,1.00021,4.88,1.50
2012.03.07 16:15:01.057,1.00009,1.00021,1.50,1.50
2012.03.07 16:15:01.339,1.00009,1.00019,1.50,1.50
2012.03.07 16:15:01.712,1.00006,1.00016,1.88,1.50
2012.03.07 16:15:02.589,1.00006,1.00016,2.63,1.50
2012.03.07 16:15:02.767,1.00005,1.00014,3.38,1.50
2012.03.07 16:15:03.129,0.99998,1.0001,6.00,1.50
2012.03.07 16:15:04.169,0.99998,1.0001,1.50,3.00
2012.03.07 16:15:04.490,1.0,1.00012,1.50,2.25
2012.03.07 16:15:05.035,1.00001,1.00013,1.50,1.50
2012.03.07 16:15:05.110,0.99999,1.00013,2.25,2.25
2012.03.07 16:15:05.183,0.99999,1.00013,2.25,1.50
2012.03.07 16:15:05.687,0.99999,1.00013,3.00,2.25
2012.03.07 16:15:06.297,1.00002,1.00014,1.50,4.50
2012.03.07 16:15:07.219,1.00002,1.00014,1.50,4.13
2012.03.07 16:15:07.635,1.0,1.00012,6.75,1.50
2012.03.07 16:15:08.161,1.00001,1.00015,1.50,2.63
2012.03.07 16:15:08.253,1.00001,1.00014,2.25,1.88
2012.03.07 16:15:08.593,0.99999,1.00009,2.25,1.50
2012.03.07 16:15:08.944,0.99994,1.0,1.50,2.25
2012.03.07 16:15:09.014,0.99989,1.0,3.00,2.25
2012.03.07 16:15:09.348,0.9999,1.00002,2.25,1.50
2012.03.07 16:15:10.036,0.99991,1.00005,1.50,2.25
2012.03.07 16:15:10.596,0.99992,1.00004,2.25,1.13
2012.03.07 16:15:10.736,0.99995,1.00005,1.13,2.63
2012.03.07 16:15:11.276,0.99995,1.00006,1.13,1.50
2012.03.07 16:15:11.796,0.99994,1.00006,1.50,2.44
2012.03.07 16:15:12.326,0.99993,1.00005,1.50,2.25
2012.03.07 16:15:13.631,0.99993,1.00005,1.50,3.38
2012.03.07 16:15:13.929,0.99983,0.99995,2.63,3.00
2012.03.07 16:15:14.435,0.99983,0.99995,2.25,3.00
2012.03.07 16:15:14.963,0.99983,0.99995,1.50,2.25
2012.03.07 16:15:15.678,0.99987,0.99995,3.75,1.50
2012.03.07 16:15:15.775,0.9999,0.99999,2.63,1.50
2012.03.07 16:15:15.933,0.99992,1.00004,1.50,1.50
2012.03.07 16:15:16.412,0.99994,1.00006,1.50,2.82
2012.03.07 16:15:16.662,0.99992,1.00006,1.50,2.82
2012.03.07 16:15:17.660,0.99994,1.00006,1.50,2.44
2012.03.07 16:15:18.658,0.99992,1.00006,2.40,2.25
2012.03.07 16:15:19.337,0.99994,1.00006,1.50,2.25
2012.03.07 16:15:20.176,0.99993,1.00005,1.50,1.50
2012.03.07 16:15:21.000,0.99993,1.00006,1.50,1.50
2012.03.07 16:15:21.517,0.99992,1.00006,1.50,3.38
2012.03.07 16:15:21.864,0.99994,1.00006,1.50,3.57
2012.03.07 16:15:22.826,0.99994,1.00006,6.38,1.50
2012.03.07 16:15:23.178,0.99998,1.00008,1.50,2.25
2012.03.07 16:15:23.390,0.99993,1.00007,4.35,2.25
2012.03.07 16:15:23.734,0.99993,1.00007,2.10,3.19
2012.03.07 16:15:23.867,0.99996,1.00007,1.50,1.69
2012.03.07 16:15:24.004,0.99994,1.00007,1.50,1.69
2012.03.07 16:15:24.074,0.99996,1.00007,1.50,1.69
2012.03.07 16:15:24.697,0.99995,1.00007,1.50,3.19
2012.03.07 16:15:24.766,0.99993,1.00005,3.60,2.25
2012.03.07 16:15:25.215,0.99995,1.00007,1.50,2.44
2012.03.07 16:15:25.557,0.99991,1.00003,5.48,1.50
2012.03.07 16:15:25.948,0.99994,1.00006,1.50,2.44
2012.03.07 16:15:26.605,0.99992,1.00006,2.10,2.44
2012.03.07 16:15:27.262,0.99992,1.00006,1.50,2.44
2012.03.07 16:15:27.335,0.99994,1.00006,1.50,2.44
2012.03.07 16:15:27.482,0.99991,1.00005,3.00,2.25
2012.03.07 16:15:28.024,0.99991,1.00004,1.50,1.50
2012.03.07 16:15:28.741,0.99991,1.00005,3.00,2.25
2012.03.07 16:15:29.018,0.99991,1.00004,2.25,1.13
2012.03.07 16:15:29.264,0.99989,1.0,3.19,1.50
2012.03.07 16:15:29.813,0.99989,1.00001,3.19,1.50
2012.03.07 16:15:30.294,0.9999,1.00003,1.88,2.25
2012.03.07 16:15:30.366,0.9999,1.00003,4.13,1.50
2012.03.07 16:15:30.915,0.99992,1.00004,1.50,1.50
2012.03.07 16:15:31.609,0.99993,1.00006,1.50,1.69
2012.03.07 16:15:31.687,0.9999,1.00003,4.73,1.50
2012.03.07 16:15:32.956,0.99992,1.00004,1.50,1.50
2012.03.07 16:15:35.328,0.99993,1.00004,1.50,2.25
2012.03.07 16:15:35.690,0.99996,1.00006,1.50,1.32
2012.03.07 16:15:35.776,0.99994,1.00006,1.50,1.32
2012.03.07 16:15:36.274,0.99993,1.00006,1.50,1.32
2012.03.07 16:15:36.406,0.99991,1.00003,2.25,1.50
2012.03.07 16:15:36.856,0.99993,1.00005,1.50,2.25
2012.03.07 16:15:37.193,0.99995,1.00006,1.50,1.32
2012.03.07 16:15:37.522,0.99993,1.00006,1.50,1.32
2012.03.07 16:15:38.382,0.99991,1.00003,3.00,1.50
2012.03.07 16:15:38.452,0.99992,1.00006,1.50,4.32
2012.03.07 16:15:39.935,0.99994,1.00006,1.50,2.82
2012.03.07 16:15:40.006,0.99992,1.00004,1.50,1.50
2012.03.07 16:15:41.475,0.99994,1.00006,1.50,2.63
2012.03.07 16:15:41.744,0.99992,1.00004,1.69,1.50
2012.03.07 16:15:42.152,0.99994,1.00006,1.50,1.13
2012.03.07 16:15:42.652,0.99993,1.00005,1.50,1.50
2012.03.07 16:15:43.205,0.99992,1.00006,1.69,2.63
2012.03.07 16:15:43.733,0.99992,1.00006,1.50,2.63
2012.03.07 16:15:44.606,0.99995,1.00003,1.13,1.50
2012.03.07 16:15:44.698,0.99995,1.00008,2.63,3.38
2012.03.07 16:15:45.228,0.99995,1.00008,2.63,4.50
2012.03.07 16:15:45.753,0.99995,1.00007,1.13,2.25
2012.03.07 16:15:47.134,0.99997,1.00008,1.50,4.50
2012.03.07 16:15:47.671,0.99997,1.00008,1.50,3.00
2012.03.07 16:15:48.522,0.99997,1.00007,1.50,1.50
2012.03.07 16:15:48.724,0.99995,1.00006,1.13,1.50
2012.03.07 16:15:49.284,0.99996,1.00008,1.50,2.25
2012.03.07 16:15:49.804,0.99996,1.0001,4.13,3.19
2012.03.07 16:15:50.158,1.0,1.00014,2.25,3.75
2012.03.07 16:15:50.668,1.00001,1.00014,1.69,2.63
2012.03.07 16:15:51.025,1.00005,1.00017,4.50,3.38
2012.03.07 16:15:51.384,0.99997,1.00007,2.25,1.13
2012.03.07 16:15:51.457,0.99997,1.00007,1.50,1.50
2012.03.07 16:15:51.989,0.99996,1.00007,1.69,1.50
2012.03.07 16:15:53.709,0.99995,1.00007,3.75,3.75
2012.03.07 16:15:53.794,0.99993,1.00005,1.88,1.50
2012.03.07 16:15:53.869,0.99991,1.00003,3.75,1.50
2012.03.07 16:15:54.457,0.99991,1.00003,1.50,1.50
2012.03.07 16:15:54.757,0.99991,1.00002,1.50,1.17
2012.03.07 16:15:55.113,0.9999,0.99998,2.25,1.50
2012.03.07 16:15:55.204,0.99985,0.99998,6.00,1.50
2012.03.07 16:15:55.433,0.99988,0.99997,2.10,1.50
2012.03.07 16:15:56.041,0.99991,1.00001,2.10,1.50
2012.03.07 16:15:56.135,0.99991,1.00005,1.50,4.69
2012.03.07 16:15:56.347,0.99989,1.00001,6.00,1.50
2012.03.07 16:15:56.687,0.99991,1.00003,1.50,1.50
2012.03.07 16:15:57.908,0.99992,1.00004,1.50,3.00
2012.03.07 16:15:58.474,0.99993,1.00007,1.50,5.63
2012.03.07 16:15:58.832,0.99991,1.00005,2.10,1.69
2012.03.07 16:15:58.981,0.99991,1.00003,2.10,1.50
2012.03.07 16:15:59.388,0.99989,1.00001,7.73,1.50
2012.03.07 16:15:59.678,0.9999,1.00004,2.10,1.50
2012.03.07 16:15:59.818,0.99991,1.00004,3.60,1.50
2012.03.07 16:16:00.165,0.99995,1.00008,3.38,4.69
2012.03.07 16:16:00.714,0.99995,1.00007,4.88,1.50
2012.03.07 16:16:01.525,0.99998,1.00008,1.50,1.69
2012.03.07 16:16:01.822,1.00005,1.0001,2.63,1.50
2012.03.07 16:16:02.319,1.00005,1.00013,4.50,1.50
2012.03.07 16:16:02.737,1.00005,1.00013,4.50,1.50
2012.03.07 16:16:02.842,1.00005,1.00019,5.25,3.15
2012.03.07 16:16:03.405,1.00005,1.00018,4.50,1.20
2012.03.07 16:16:03.976,1.00005,1.00018,4.50,2.25
2012.03.07 16:16:04.519,1.00005,1.00018,3.75,2.25
2012.03.07 16:16:05.093,1.00005,1.00018,4.50,2.25
2012.03.07 16:16:05.648,1.00005,1.00018,3.75,2.25
2012.03.07 16:16:07.729,1.00008,1.00018,1.50,2.25
2012.03.07 16:16:08.529,1.00008,1.0002,1.50,1.50
2012.03.07 16:16:09.041,1.0001,1.00022,1.50,5.82
2012.03.07 16:16:10.087,1.00011,1.00024,2.25,4.32
2012.03.07 16:16:10.812,1.00011,1.00021,1.50,1.57
2012.03.07 16:16:10.892,1.00009,1.00019,1.50,1.50
2012.03.07 16:16:11.120,1.00006,1.00018,3.00,3.38
2012.03.07 16:16:11.265,1.00005,1.00015,2.78,1.50
2012.03.07 16:16:11.404,1.00003,1.00015,1.50,1.50
2012.03.07 16:16:12.501,1.00004,1.00017,1.50,1.88
2012.03.07 16:16:13.016,1.00005,1.00018,1.13,3.38
2012.03.07 16:16:13.554,1.00005,1.00018,2.63,3.75
2012.03.07 16:16:13.627,1.00006,1.00018,1.50,2.25
2012.03.07 16:16:14.101,1.00009,1.00015,1.50,3.38
2012.03.07 16:16:14.179,1.00003,1.00015,2.25,6.38
2012.03.07 16:16:14.253,1.00002,1.00013,1.50,1.50
2012.03.07 16:16:14.585,1.00005,1.00015,1.13,1.88
2012.03.07 16:16:14.797,1.00006,1.00019,1.50,2.63
2012.03.07 16:16:14.925,1.00004,1.00018,1.50,2.25
2012.03.07 16:16:15.174,1.00003,1.00015,3.00,1.50
2012.03.07 16:16:15.627,1.0,1.00014,3.00,4.88
2012.03.07 16:16:16.228,1.00005,1.00014,1.13,2.25
2012.03.07 16:16:16.302,1.00005,1.00016,4.88,1.13
2012.03.07 16:16:16.382,1.0001,1.00017,1.13,2.25
2012.03.07 16:16:16.744,1.00012,1.00021,1.50,4.13
2012.03.07 16:16:16.816,1.0001,1.00021,1.50,3.00
2012.03.07 16:16:16.969,1.00008,1.0002,1.50,2.07
2012.03.07 16:16:17.052,1.00006,1.00018,3.75,1.50
2012.03.07 16:16:17.128,1.00006,1.00018,3.75,6.00
2012.03.07 16:16:17.715,1.00001,1.00013,4.35,1.50
2012.03.07 16:16:17.788,1.00002,1.00016,2.10,1.88
2012.03.07 16:16:18.400,1.00005,1.00017,1.50,3.00
2012.03.07 16:16:18.865,1.00002,1.00016,1.50,1.88
2012.03.07 16:16:20.213,1.00002,1.00016,2.85,1.50
2012.03.07 16:16:20.567,1.00002,1.00016,3.24,3.38
2012.03.07 16:16:20.779,1.0,1.00014,1.50,3.00
2012.03.07 16:16:23.236,1.0,1.00014,2.25,3.00
2012.03.07 16:16:23.371,1.0,1.00009,2.25,1.35
2012.03.07 16:16:23.707,0.99996,1.00004,1.50,3.00
2012.03.07 16:16:23.778,0.99991,1.00003,3.94,3.00
2012.03.07 16:16:23.853,0.99991,1.00005,3.94,2.25
2012.03.07 16:16:23.926,0.99991,1.00005,3.19,1.50
2012.03.07 16:16:24.208,0.99995,1.00007,1.50,3.75
2012.03.07 16:16:24.748,0.9999,1.00003,3.00,1.13
2012.03.07 16:16:24.884,0.9999,1.00003,3.00,1.13
2012.03.07 16:16:25.298,0.99993,1.00005,1.50,3.38
2012.03.07 16:16:25.807,0.99993,1.00001,1.50,1.50
2012.03.07 16:16:26.437,0.99992,1.0,1.50,1.50
2012.03.07 16:16:26.944,0.99991,1.0,1.50,1.50
2012.03.07 16:16:27.275,0.99992,1.00001,3.00,1.13
2012.03.07 16:16:27.405,0.99997,1.00004,1.50,1.50
2012.03.07 16:16:27.480,0.99999,1.0001,1.50,1.73
2012.03.07 16:16:27.560,1.00002,1.00011,1.50,2.25
2012.03.07 16:16:27.884,0.99999,1.00011,1.50,1.88
2012.03.07 16:16:28.146,0.99996,1.00008,4.50,1.50
2012.03.07 16:16:28.285,0.99997,1.00011,1.69,3.38
2012.03.07 16:16:28.965,0.99997,1.00009,1.69,1.35
2012.03.07 16:16:29.084,0.99992,1.00003,1.50,1.88
2012.03.07 16:16:29.163,0.99994,1.00003,1.13,1.88
2012.03.07 16:16:29.377,0.99996,1.00005,2.25,1.50
2012.03.07 16:16:29.445,0.99996,1.00009,2.25,3.38
2012.03.07 16:16:29.982,0.99994,1.00008,5.67,1.88
2012.03.07 16:16:30.434,0.99996,1.00009,1.50,3.00
2012.03.07 16:16:30.507,0.99998,1.00009,1.50,1.50
2012.03.07 16:16:31.030,0.99998,1.00009,1.50,1.88
2012.03.07 16:16:31.260,0.99996,1.00008,1.50,2.25
2012.03.07 16:16:31.699,0.99999,1.00009,1.89,1.13
2012.03.07 16:16:31.986,1.00002,1.00013,3.75,1.50
2012.03.07 16:16:32.117,1.00003,1.00014,1.50,1.88
2012.03.07 16:16:32.399,0.99999,1.00013,2.83,2.25
2012.03.07 16:16:32.913,0.99999,1.00012,1.89,2.48
2012.03.07 16:16:33.283,0.99999,1.00008,1.50,2.25
2012.03.07 16:16:33.607,1.00001,1.00008,1.50,1.50
2012.03.07 16:16:33.807,0.99997,1.00009,3.00,1.50
2012.03.07 16:16:33.947,1.0,1.00009,1.50,1.50
2012.03.07 16:16:34.666,0.99991,1.00002,1.50,1.50
2012.03.07 16:16:34.739,0.99988,1.00002,2.44,1.50
2012.03.07 16:16:35.134,0.99992,1.00003,1.50,1.35
2012.03.07 16:16:35.416,0.9999,1.00002,1.50,1.50
2012.03.07 16:16:35.956,0.99991,1.00004,1.50,3.00
2012.03.07 16:16:36.759,0.9999,1.00004,2.25,4.50
2012.03.07 16:16:38.054,0.9999,1.00004,3.00,3.57
2012.03.07 16:16:38.574,0.99993,1.00004,2.25,1.13
2012.03.07 16:16:38.667,0.99993,1.00007,2.25,2.82
2012.03.07 16:16:39.216,0.99996,1.00007,1.50,1.13
2012.03.07 16:16:40.287,0.99995,1.00007,2.25,2.25
2012.03.07 16:16:40.915,0.99996,1.00008,1.50,2.85
2012.03.07 16:16:41.808,1.0,1.00009,1.50,2.63
2012.03.07 16:16:42.714,1.00007,1.00012,1.50,1.13
2012.03.07 16:16:42.802,1.00007,1.00018,1.50,1.50
2012.03.07 16:16:43.077,1.00004,1.00016,1.50,1.50
2012.03.07 16:16:43.585,1.00006,1.00017,1.50,1.88
2012.03.07 16:16:43.903,1.00004,1.00016,1.50,1.50
2012.03.07 16:16:45.755,1.00006,1.00017,1.50,1.13
2012.03.07 16:16:46.573,1.00004,1.00016,1.50,1.50
2012.03.07 16:16:46.925,1.00005,1.00016,2.63,1.50
2012.03.07 16:16:47.274,1.00008,1.00019,1.50,2.44
2012.03.07 16:16:47.890,1.00006,1.00019,2.25,1.69
2012.03.07 16:16:48.178,1.00003,1.00015,2.25,1.50
2012.03.07 16:16:48.855,1.0,1.00014,3.94,2.25
2012.03.07 16:16:49.067,1.00005,1.00017,1.50,2.25
2012.03.07 16:16:49.140,1.00005,1.00017,1.50,2.25
2012.03.07 16:16:49.771,1.00002,1.00016,1.50,1.50
2012.03.07 16:16:50.774,1.00002,1.00015,2.25,1.50
2012.03.07 16:16:50.847,1.00001,1.00013,2.44,1.50
2012.03.07 16:16:51.192,0.99999,1.00011,4.50,2.25
2012.03.07 16:16:51.714,1.0,1.00013,1.50,2.63
2012.03.07 16:16:52.477,0.99999,1.00011,2.25,2.40
2012.03.07 16:16:55.373,1.0,1.00014,2.25,1.88
2012.03.07 16:16:55.896,1.00001,1.00014,1.50,1.88
2012.03.07 16:16:56.368,1.00002,1.00014,1.71,1.50
2012.03.07 16:16:56.508,1.00003,1.00016,1.11,1.88
2012.03.07 16:16:56.755,1.00005,1.00017,1.50,3.38
2012.03.07 16:16:58.074,1.00005,1.00017,4.69,1.88
2012.03.07 16:16:58.592,1.00006,1.00019,1.50,1.13
2012.03.07 16:16:59.466,1.00006,1.0002,2.25,3.38
2012.03.07 16:16:59.868,1.00008,1.0002,1.35,2.25
2012.03.07 16:16:59.998,1.00009,1.00022,1.69,1.50
2012.03.07 16:17:00.064,1.0001,1.00022,1.35,1.50
2012.03.07 16:17:00.276,1.00013,1.00025,1.50,3.38
2012.03.07 16:17:00.741,1.0001,1.0002,1.50,2.82
2012.03.07 16:17:01.262,1.00008,1.0002,3.60,1.69
2012.03.07 16:17:01.945,1.0001,1.00024,1.50,4.50
2012.03.07 16:17:02.222,1.0001,1.00022,1.50,3.75
2012.03.07 16:17:02.566,1.0001,1.00019,1.50,1.50
2012.03.07 16:17:02.640,1.00008,1.00019,1.50,1.50
2012.03.07 16:17:03.195,1.00006,1.00019,2.25,1.50
2012.03.07 16:17:03.727,1.00006,1.00019,2.85,1.50
2012.03.07 16:17:04.285,1.00006,1.00017,2.10,1.50
2012.03.07 16:17:04.485,1.00006,1.00017,2.10,1.50
2012.03.07 16:17:05.208,1.00006,1.00017,2.85,1.50
2012.03.07 16:17:05.717,1.00006,1.0002,3.60,4.13
2012.03.07 16:17:06.237,1.00008,1.0002,3.04,1.50
2012.03.07 16:17:06.774,1.00008,1.00019,1.69,1.50
2012.03.07 16:17:06.919,1.00005,1.00017,2.44,1.50
2012.03.07 16:17:07.529,1.00007,1.00018,1.35,2.25
2012.03.07 16:17:08.883,1.00006,1.00018,2.25,1.50
2012.03.07 16:17:09.406,1.00007,1.00019,1.50,1.50
2012.03.07 16:17:09.915,1.00009,1.00021,2.10,1.50
2012.03.07 16:17:10.531,1.00011,1.00023,1.50,1.50
2012.03.07 16:17:10.678,1.00009,1.00022,1.50,1.50
2012.03.07 16:17:11.244,1.00009,1.00022,3.38,1.50
2012.03.07 16:17:11.592,1.00011,1.00024,1.50,1.88
2012.03.07 16:17:12.990,1.00012,1.00025,3.00,1.73
2012.03.07 16:17:13.520,1.00012,1.00023,1.50,1.50
2012.03.07 16:17:14.145,1.00014,1.00023,1.88,1.50
2012.03.07 16:17:14.429,1.00016,1.00028,2.25,1.50
2012.03.07 16:17:15.289,1.00016,1.00029,2.25,2.25
2012.03.07 16:17:15.817,1.00016,1.00029,1.50,1.50
2012.03.07 16:17:16.565,1.00016,1.00028,2.85,1.50
2012.03.07 16:17:17.584,1.00016,1.00029,2.85,1.13
2012.03.07 16:17:18.174,1.00016,1.0003,3.60,4.88
2012.03.07 16:17:18.316,1.00019,1.0003,1.50,1.88
2012.03.07 16:17:18.662,1.00025,1.00034,4.13,1.13
2012.03.07 16:17:18.739,1.00025,1.00039,4.13,4.69
2012.03.07 16:17:19.794,1.00025,1.00039,3.38,3.19
2012.03.07 16:17:19.963,1.00026,1.00039,1.50,3.00
2012.03.07 16:17:20.325,1.00032,1.00039,2.10,1.88
2012.03.07 16:17:20.402,1.0003,1.00039,2.25,1.88
2012.03.07 16:17:20.487,1.00034,1.00041,1.50,1.88
2012.03.07 16:17:20.557,1.00034,1.00044,1.50,1.32
2012.03.07 16:17:20.629,1.00032,1.00044,1.50,2.82
2012.03.07 16:17:21.319,1.00032,1.00044,2.25,1.50
2012.03.07 16:17:23.248,1.00034,1.00046,1.50,1.69
2012.03.07 16:17:24.161,1.00031,1.00045,2.25,1.69
2012.03.07 16:17:25.206,1.00031,1.00045,2.25,1.69
2012.03.07 16:17:25.636,1.00034,1.00046,1.50,1.50
2012.03.07 16:17:26.725,1.00034,1.00046,1.50,1.69
2012.03.07 16:17:27.138,1.0003,1.00044,4.13,1.50
2012.03.07 16:17:27.336,1.0003,1.00044,4.88,1.50
2012.03.07 16:17:27.895,1.00032,1.00046,2.25,1.69
2012.03.07 16:17:30.273,1.00031,1.00043,2.25,1.50
2012.03.07 16:17:32.312,1.00033,1.00045,2.25,1.69
2012.03.07 16:17:35.734,1.00035,1.00045,1.50,1.50
2012.03.07 16:17:36.235,1.00036,1.00048,2.25,3.75
2012.03.07 16:17:36.742,1.00035,1.00047,2.40,1.50
2012.03.07 16:17:37.431,1.00035,1.00043,1.50,1.35
2012.03.07 16:17:37.740,1.00024,1.00034,2.25,1.50
2012.03.07 16:17:38.018,1.00022,1.00034,3.00,1.50
2012.03.07 16:17:38.158,1.00022,1.00034,2.25,1.50
2012.03.07 16:17:38.360,1.00023,1.00034,1.35,1.50
2012.03.07 16:17:39.257,1.00024,1.00036,2.25,3.38
2012.03.07 16:17:41.206,1.00024,1.00036,2.85,1.88
2012.03.07 16:17:41.417,1.00025,1.00036,3.00,1.50
2012.03.07 16:17:41.492,1.00026,1.0004,2.63,2.25
2012.03.07 16:17:41.847,1.00028,1.0004,1.50,2.63
2012.03.07 16:17:42.380,1.00028,1.0004,1.50,2.25
2012.03.07 16:17:42.936,1.00028,1.0004,1.50,2.25
2012.03.07 16:17:43.414,1.00027,1.0004,1.88,2.25
2012.03.07 16:17:43.545,1.00028,1.0004,1.50,2.25
2012.03.07 16:17:44.068,1.00027,1.0004,1.88,2.25
2012.03.07 16:17:44.620,1.00026,1.0004,3.19,2.25
2012.03.07 16:17:45.105,1.00025,1.00037,4.32,1.50
2012.03.07 16:17:45.648,1.00024,1.00036,1.50,1.50
2012.03.07 16:17:46.188,1.00024,1.00036,2.25,1.50
2012.03.07 16:17:49.220,1.00024,1.00036,2.25,1.50
2012.03.07 16:17:49.364,1.00024,1.00038,3.75,2.10
2012.03.07 16:17:49.626,1.00022,1.00035,1.50,2.82
2012.03.07 16:17:49.981,1.00026,1.00039,2.63,1.28
2012.03.07 16:17:50.056,1.00027,1.0004,1.50,3.00
2012.03.07 16:17:50.127,1.00027,1.00037,1.50,1.50
2012.03.07 16:17:50.198,1.00025,1.00037,3.00,1.50
2012.03.07 16:17:50.265,1.00025,1.00037,2.25,1.50
2012.03.07 16:17:50.336,1.00026,1.0004,1.50,2.63
2012.03.07 16:17:50.482,1.00026,1.0004,3.00,3.75
2012.03.07 16:17:51.180,1.00026,1.00037,2.25,1.88
2012.03.07 16:17:51.263,1.00023,1.00033,1.50,1.50
2012.03.07 16:17:51.597,1.00022,1.00034,3.00,1.50
2012.03.07 16:17:52.598,1.0002,1.00025,1.50,1.13
2012.03.07 16:17:52.736,1.00019,1.00025,2.25,1.13
2012.03.07 16:17:53.386,1.00018,1.00024,1.35,1.50
2012.03.07 16:17:53.495,1.00018,1.00032,2.85,2.07
2012.03.07 16:17:53.708,1.00018,1.0003,1.35,1.50
2012.03.07 16:17:54.376,1.00016,1.0003,2.25,2.63
2012.03.07 16:17:54.517,1.00016,1.0003,2.25,4.13
2012.03.07 16:17:54.589,1.00015,1.00027,3.00,1.50
2012.03.07 16:17:55.704,1.00015,1.00027,5.25,1.50
2012.03.07 16:17:55.844,1.00016,1.0003,2.44,2.63
2012.03.07 16:17:58.196,1.00016,1.0003,2.44,2.63
2012.03.07 16:17:59.241,1.00016,1.0003,3.19,2.25
2012.03.07 16:17:59.503,1.00017,1.00031,5.85,1.50
2012.03.07 16:17:59.696,1.0002,1.00034,2.25,2.25
2012.03.07 16:17:59.764,1.00023,1.00035,1.50,3.38
2012.03.07 16:18:00.577,1.00024,1.00037,1.50,2.25
2012.03.07 16:18:01.364,1.00024,1.00037,1.50,3.98
2012.03.07 16:18:01.646,1.0002,1.00033,1.69,2.25
2012.03.07 16:18:01.791,1.00019,1.0003,4.50,1.50
2012.03.07 16:18:02.299,1.00016,1.00028,2.44,2.63
2012.03.07 16:18:02.832,1.00016,1.00028,2.44,4.13
2012.03.07 16:18:02.935,1.00014,1.00026,2.25,3.00
2012.03.07 16:18:03.011,1.00012,1.00024,3.38,1.50
2012.03.07 16:18:05.805,1.00012,1.00024,4.50,1.50
2012.03.07 16:18:06.074,1.00014,1.00026,2.67,1.50
2012.03.07 16:18:06.216,1.00015,1.00027,2.63,1.50
2012.03.07 16:18:06.565,1.00019,1.00028,1.50,1.50
2012.03.07 16:18:07.406,1.00018,1.00028,1.50,1.50
2012.03.07 16:18:07.486,1.00016,1.00028,3.57,3.00
2012.03.07 16:18:08.465,1.00017,1.00028,1.50,1.50
2012.03.07 16:18:13.755,1.00017,1.00028,2.25,1.50
2012.03.07 16:18:14.277,1.00017,1.00028,1.50,1.50
2012.03.07 16:18:14.812,1.00017,1.00028,1.50,2.25
2012.03.07 16:18:15.261,1.00017,1.00028,1.50,1.50
2012.03.07 16:18:15.348,1.00015,1.00025,1.50,1.50
2012.03.07 16:18:15.561,1.00015,1.00027,3.00,1.13
2012.03.07 16:18:16.514,1.00015,1.00026,1.50,1.50
2012.03.07 16:18:18.602,1.00016,1.00027,1.50,1.13
2012.03.07 16:18:20.340,1.00016,1.00027,2.25,1.13
2012.03.07 16:18:20.918,1.00017,1.00025,1.50,1.13
2012.03.07 16:18:21.014,1.00015,1.00027,1.50,3.19
2012.03.07 16:18:21.154,1.00016,1.00025,1.50,1.50
2012.03.07 16:18:21.231,1.00017,1.00028,1.50,3.00
2012.03.07 16:18:21.785,1.00017,1.00029,1.50,3.79
2012.03.07 16:18:21.928,1.00015,1.00026,1.50,1.50
2012.03.07 16:18:22.827,1.00015,1.00027,3.00,1.50
2012.03.07 16:18:24.428,1.00014,1.00026,1.73,1.50
2012.03.07 16:18:24.957,1.00012,1.00026,2.25,1.69
2012.03.07 16:18:25.550,1.00013,1.00026,1.50,1.69
2012.03.07 16:18:25.910,1.00012,1.00026,2.25,1.69
2012.03.07 16:18:25.991,1.00012,1.00026,2.25,1.69
2012.03.07 16:18:26.492,1.00015,1.00027,1.50,2.44
2012.03.07 16:18:26.571,1.00013,1.00025,2.25,1.50
2012.03.07 16:18:26.853,1.00013,1.00025,2.25,1.50
2012.03.07 16:18:27.070,1.00014,1.00028,3.00,2.25
2012.03.07 16:18:27.225,1.00014,1.00028,3.00,3.00
2012.03.07 16:18:27.907,1.00014,1.00027,3.00,1.50
2012.03.07 16:18:27.982,1.00013,1.00025,3.00,1.50
2012.03.07 16:18:28.488,1.00013,1.00025,3.00,1.50
2012.03.07 16:18:29.108,1.00011,1.00023,3.75,1.50
2012.03.07 16:18:29.175,1.00012,1.00026,2.25,3.19
2012.03.07 16:18:31.609,1.00011,1.00024,3.75,1.50
2012.03.07 16:18:32.648,1.00013,1.00025,1.50,2.25
2012.03.07 16:18:33.540,1.00013,1.00025,1.50,2.25
2012.03.07 16:18:34.241,1.00013,1.00025,2.25,2.25
2012.03.07 16:18:34.566,1.00012,1.00021,1.50,1.13
2012.03.07 16:18:35.258,1.00011,1.0002,2.25,1.50
2012.03.07 16:18:35.337,1.00011,1.00022,2.25,1.13
2012.03.07 16:18:35.601,1.00013,1.00023,1.50,2.25
2012.03.07 16:18:36.156,1.00012,1.00023,1.50,3.75
2012.03.07 16:18:36.707,1.00008,1.00022,3.00,3.00
2012.03.07 16:18:37.116,1.00008,1.00022,3.00,3.75
2012.03.07 16:18:37.193,1.00008,1.0002,2.25,2.63
2012.03.07 16:18:37.747,1.00005,1.00017,2.25,1.50
2012.03.07 16:18:38.274,1.00005,1.00016,1.50,1.50
2012.03.07 16:18:38.594,1.00004,1.00016,2.25,1.50
2012.03.07 16:18:39.158,1.00003,1.00015,2.25,1.50
2012.03.07 16:18:39.939,1.00007,1.00019,1.50,2.25
2012.03.07 16:18:40.877,1.00005,1.00017,2.25,1.50
2012.03.07 16:18:41.416,1.00002,1.00016,3.79,1.50
2012.03.07 16:18:41.832,1.00006,1.00016,1.50,1.50
2012.03.07 16:18:41.922,1.00007,1.00018,1.50,1.50
2012.03.07 16:18:41.999,1.00007,1.0002,3.00,1.50
2012.03.07 16:18:42.514,1.00007,1.00021,3.38,3.00
2012.03.07 16:18:42.797,1.00011,1.00021,1.50,1.50
2012.03.07 16:18:42.993,1.00008,1.0002,1.50,1.50
2012.03.07 16:18:43.647,1.00009,1.00023,2.25,3.94
2012.03.07 16:18:46.922,1.00007,1.00021,2.63,1.50
2012.03.07 16:18:47.422,1.00007,1.00021,3.38,3.00
2012.03.07 16:18:48.174,1.00007,1.00021,3.38,2.25
2012.03.07 16:18:51.067,1.00007,1.0002,2.25,1.50
2012.03.07 16:18:51.269,1.00006,1.00018,3.19,2.25
2012.03.07 16:18:51.877,1.00006,1.00018,3.42,3.00
2012.03.07 16:18:52.378,1.00006,1.00018,3.04,3.00
2012.03.07 16:18:53.395,1.00006,1.00018,3.04,2.25
2012.03.07 16:18:53.724,1.00008,1.00021,2.25,1.50
2012.03.07 16:18:54.525,1.00009,1.0002,1.50,1.50
2012.03.07 16:18:54.865,1.00011,1.0002,1.50,1.50
2012.03.07 16:18:54.995,1.00011,1.00022,1.50,1.69
2012.03.07 16:18:55.387,1.00009,1.00023,2.25,3.04
2012.03.07 16:18:55.643,1.00011,1.00023,1.50,3.04
2012.03.07 16:18:55.954,1.00008,1.00022,4.50,2.29
2012.03.07 16:18:56.457,1.00011,1.00023,1.50,3.04
2012.03.07 16:18:57.603,1.00009,1.00021,2.25,2.10
2012.03.07 16:18:58.037,1.00009,1.00021,2.25,2.10
2012.03.07 16:18:58.389,1.00007,1.00017,2.25,1.50
2012.03.07 16:18:59.354,1.00006,1.00017,1.13,3.00
2012.03.07 16:18:59.439,1.00003,1.00015,3.00,1.50
2012.03.07 16:19:07.677,1.00003,1.00015,3.00,1.88
2012.03.07 16:19:08.235,1.00001,1.00013,3.45,2.25
2012.03.07 16:19:08.750,1.00001,1.00014,1.50,2.63
2012.03.07 16:19:08.897,1.0,1.00014,2.70,3.00
2012.03.07 16:19:09.037,1.0,1.00014,2.25,2.63
2012.03.07 16:19:10.136,0.99999,1.00009,2.07,1.50
2012.03.07 16:19:10.214,0.99999,1.00011,3.04,2.25
2012.03.07 16:19:10.755,0.99999,1.00011,3.04,1.50
2012.03.07 16:19:11.314,1.0,1.00012,2.25,1.50
2012.03.07 16:19:11.525,1.0,1.00014,2.25,3.38
2012.03.07 16:19:12.346,1.00002,1.00014,2.25,1.13
2012.03.07 16:19:12.441,1.00002,1.00016,2.25,1.88
2012.03.07 16:19:21.173,1.00003,1.00016,1.50,1.88
2012.03.07 16:19:22.178,1.00003,1.00016,2.25,1.88
2012.03.07 16:19:22.364,1.00005,1.00017,2.25,2.25
2012.03.07 16:19:22.705,1.00003,1.00014,1.50,1.50
2012.03.07 16:19:23.244,1.00003,1.00015,2.25,1.50
2012.03.07 16:19:24.680,1.00003,1.00015,3.00,1.50
2012.03.07 16:19:24.770,1.0,1.00014,4.92,1.50
2012.03.07 16:19:25.301,1.00003,1.00015,1.50,1.50
2012.03.07 16:19:26.485,1.00003,1.00015,1.50,2.25
2012.03.07 16:19:26.717,1.00003,1.00009,1.50,1.50
2012.03.07 16:19:26.861,1.0,1.00011,3.00,1.50
2012.03.07 16:19:27.079,0.99997,1.00011,5.70,2.25
2012.03.07 16:19:27.407,0.99999,1.00012,1.69,1.50
2012.03.07 16:19:27.546,0.99998,1.0001,3.45,1.50
2012.03.07 16:19:28.250,0.99995,1.00007,4.13,1.50
2012.03.07 16:19:28.356,0.99995,1.00007,2.18,2.25
2012.03.07 16:19:28.642,0.99995,1.00007,1.58,2.25
2012.03.07 16:19:28.917,0.99995,1.00007,1.58,2.25
2012.03.07 16:19:28.989,0.99995,1.00007,1.58,2.25
2012.03.07 16:19:30.035,0.99995,1.00008,1.58,2.25
2012.03.07 16:19:30.405,0.99994,1.00005,2.82,1.50
2012.03.07 16:19:30.958,0.99991,1.00005,4.88,1.50
2012.03.07 16:19:31.509,0.9999,1.00004,2.25,1.50
2012.03.07 16:19:32.369,0.99991,1.00004,1.50,1.50
2012.03.07 16:19:32.452,0.99992,1.00006,1.50,2.44
2012.03.07 16:19:32.997,0.99991,1.00003,1.50,1.50
2012.03.07 16:19:33.266,0.99991,1.00005,1.50,1.50
2012.03.07 16:19:34.440,0.99991,1.00003,1.50,1.50
2012.03.07 16:19:34.921,0.99991,1.00005,1.50,1.50
2012.03.07 16:19:37.644,0.99995,1.00005,1.13,1.50
2012.03.07 16:19:38.039,0.99996,1.00007,1.50,1.50
2012.03.07 16:19:38.115,0.99994,1.00006,1.50,1.69
2012.03.07 16:19:38.675,0.99993,1.00005,1.50,1.69
2012.03.07 16:19:39.216,0.99994,1.00006,1.50,2.44
2012.03.07 16:19:39.484,0.99992,1.00006,2.25,2.44
2012.03.07 16:19:41.334,0.99993,1.00007,1.50,4.50
2012.03.07 16:19:42.884,0.99993,1.00005,1.50,3.19
2012.03.07 16:19:42.954,0.99993,1.00002,1.50,2.25
2012.03.07 16:19:43.154,0.99989,0.99999,1.50,1.50
2012.03.07 16:19:43.438,0.99985,0.99996,2.25,1.50
2012.03.07 16:19:43.576,0.99984,0.99994,3.30,1.50
2012.03.07 16:19:44.133,0.99983,0.99993,2.78,1.50
2012.03.07 16:19:44.768,0.99983,0.99995,4.28,1.50
2012.03.07 16:19:45.048,0.99983,0.99997,4.28,2.25
2012.03.07 16:19:45.644,0.99986,0.99998,1.50,2.25
2012.03.07 16:19:46.166,0.99985,0.99999,1.95,4.13
2012.03.07 16:19:47.296,0.99983,0.99995,1.50,1.50
2012.03.07 16:19:48.212,0.99983,0.99995,2.48,1.50
2012.03.07 16:19:48.571,0.99992,1.00004,1.95,1.50
2012.03.07 16:19:48.648,0.99995,1.00004,1.50,1.50
2012.03.07 16:19:49.134,0.99993,1.00006,1.50,2.07
2012.03.07 16:19:49.607,0.99991,1.00002,1.50,2.25
2012.03.07 16:19:50.011,0.9999,0.99996,1.13,1.69
2012.03.07 16:19:50.098,0.99983,0.99993,2.85,1.50
2012.03.07 16:19:50.655,0.99983,0.99994,2.10,1.50
2012.03.07 16:19:51.156,0.99984,0.99996,1.50,1.69
2012.03.07 16:19:51.769,0.99983,0.99996,1.35,2.44
2012.03.07 16:19:51.843,0.99983,0.99994,1.35,1.50
2012.03.07 16:19:53.472,0.99987,0.99997,2.10,1.13
2012.03.07 16:19:54.003,0.99986,0.99999,3.30,3.75
2012.03.07 16:19:54.503,0.99986,0.99999,2.93,3.00
2012.03.07 16:19:54.997,0.99988,0.99999,2.10,1.50
2012.03.07 16:19:55.495,0.99986,0.99997,1.24,2.25
2012.03.07 16:19:57.506,0.99986,0.99998,2.10,2.25
2012.03.07 16:19:58.046,0.99986,0.99997,1.50,1.50
2012.03.07 16:19:58.973,0.99985,0.99998,4.32,1.50
2012.03.07 16:19:59.539,0.99986,0.99997,1.35,1.50
2012.03.07 16:20:00.298,0.9999,0.99999,1.50,2.25
2012.03.07 16:20:00.629,0.99987,0.99997,1.35,2.25
2012.03.07 16:20:02.624,0.99987,0.99999,1.35,1.50
2012.03.07 16:20:03.159,0.99987,0.99998,2.10,2.25
2012.03.07 16:20:04.646,0.99987,0.99996,3.00,1.13
2012.03.07 16:20:04.838,0.9998,0.99991,1.95,1.50
2012.03.07 16:20:05.636,0.99982,0.99994,1.50,1.50
2012.03.07 16:20:06.559,0.99982,0.99995,1.95,1.50
2012.03.07 16:20:07.024,0.99983,0.99997,1.50,2.63
2012.03.07 16:20:07.226,0.99983,0.99995,1.50,1.50
2012.03.07 16:20:08.291,0.99983,0.99997,1.50,2.63
2012.03.07 16:20:09.221,0.99983,0.99997,1.50,3.38
2012.03.07 16:20:09.636,0.99983,0.99995,1.50,1.50
2012.03.07 16:20:10.763,0.99983,0.99997,1.50,3.38
2012.03.07 16:20:10.894,0.99985,0.99997,1.13,3.38
2012.03.07 16:20:11.241,0.99986,0.99996,1.35,1.50
2012.03.07 16:20:11.486,0.99986,1.0,2.85,3.75
2012.03.07 16:20:12.516,0.99986,0.99998,2.25,2.25
2012.03.07 16:20:15.197,0.99985,0.99997,3.98,2.25
2012.03.07 16:20:15.746,0.99985,0.99997,3.23,2.25
2012.03.07 16:20:16.254,0.99985,0.99997,3.23,2.25
2012.03.07 16:20:17.445,0.99985,0.99997,3.23,2.25
2012.03.07 16:20:17.800,0.99981,0.99992,1.50,1.50
2012.03.07 16:20:17.948,0.9998,0.99992,3.00,1.50
2012.03.07 16:20:18.356,0.9998,0.99989,1.20,1.50
2012.03.07 16:20:18.623,0.9998,0.99994,3.75,3.00
2012.03.07 16:20:18.697,0.99982,0.99994,1.50,3.00
2012.03.07 16:20:19.156,0.9998,0.99994,5.70,3.00
2012.03.07 16:20:19.757,0.9998,0.99992,1.95,1.50
2012.03.07 16:20:19.966,0.99978,0.99992,2.25,3.00
2012.03.07 16:20:20.108,0.99978,0.99989,1.20,2.25
2012.03.07 16:20:20.461,0.99974,0.99985,2.85,2.48
2012.03.07 16:20:20.804,0.9997,0.99981,2.33,1.50
2012.03.07 16:20:21.383,0.9997,0.99982,4.95,1.50
2012.03.07 16:20:21.463,0.99971,0.99985,2.25,2.10
2012.03.07 16:20:21.961,0.99971,0.99983,2.25,1.50
2012.03.07 16:20:22.524,0.99972,0.99984,1.50,1.50
2012.03.07 16:20:23.167,0.9997,0.99982,4.13,1.50
2012.03.07 16:20:23.511,0.99975,0.99985,1.13,1.50
2012.03.07 16:20:24.044,0.99974,0.99986,1.50,1.50
2012.03.07 16:20:24.401,0.99973,0.99984,1.35,1.50
2012.03.07 16:20:26.569,0.99972,0.99983,2.85,2.25
2012.03.07 16:20:27.058,0.9997,0.9998,1.50,3.00
2012.03.07 16:20:27.151,0.99965,0.99978,2.63,2.25
2012.03.07 16:20:27.222,0.99965,0.99978,2.63,2.33
2012.03.07 16:20:27.367,0.99965,0.99978,1.13,3.00
2012.03.07 16:20:27.704,0.99965,0.99976,1.13,1.50
2012.03.07 16:20:28.348,0.99965,0.99978,1.13,3.00
2012.03.07 16:20:29.145,0.99965,0.99977,1.13,1.50
2012.03.07 16:20:29.707,0.99965,0.99977,1.13,1.50
2012.03.07 16:20:31.054,0.99965,0.99977,1.13,1.50
2012.03.07 16:20:31.931,0.99965,0.99978,4.13,2.25
2012.03.07 16:20:32.482,0.99965,0.99978,2.63,2.25
2012.03.07 16:20:33.835,0.99966,0.99978,1.35,1.50
2012.03.07 16:20:34.324,0.99968,0.99979,1.50,1.69
2012.03.07 16:20:34.533,0.99966,0.99979,1.50,2.44
2012.03.07 16:20:34.947,0.99966,0.99978,2.85,1.50
2012.03.07 16:20:35.218,0.99972,0.99984,1.50,2.63
2012.03.07 16:20:35.355,0.99972,0.99984,3.00,1.88
2012.03.07 16:20:35.879,0.99975,0.99986,1.50,3.19
2012.03.07 16:20:36.393,0.99975,0.99983,1.50,1.50
2012.03.07 16:20:36.869,0.99974,0.99986,3.00,3.75
2012.03.07 16:20:37.423,0.99974,0.99986,3.00,1.69
2012.03.07 16:20:38.162,0.99974,0.99984,1.50,2.25
2012.03.07 16:20:38.251,0.99978,0.99987,1.50,1.69
2012.03.07 16:20:38.602,0.99975,0.99987,1.88,2.44
2012.03.07 16:20:38.680,0.99975,0.99987,2.63,2.44
2012.03.07 16:20:38.829,0.99975,0.99987,2.63,1.69
2012.03.07 16:20:39.844,0.99975,0.99986,1.50,1.69
2012.03.07 16:20:39.918,0.99973,0.99985,2.25,2.44
2012.03.07 16:20:40.439,0.99971,0.99985,2.25,2.44
2012.03.07 16:20:40.856,0.99975,0.99986,1.50,3.04
2012.03.07 16:20:40.998,0.99971,0.99984,1.50,3.00
2012.03.07 16:20:41.755,0.99972,0.99984,1.50,4.50
2012.03.07 16:20:41.863,0.9997,0.99982,2.63,1.69
2012.03.07 16:20:42.345,0.99971,0.99984,1.50,3.00
2012.03.07 16:20:43.636,0.99971,0.99984,1.50,4.50
2012.03.07 16:20:43.736,0.99973,0.99984,1.50,2.25
2012.03.07 16:20:43.956,0.99975,0.99986,1.13,3.75
2012.03.07 16:20:44.111,0.99977,0.99986,1.35,3.75
2012.03.07 16:20:44.267,0.99978,0.9999,1.35,3.75
2012.03.07 16:20:44.339,0.99978,0.9999,1.35,3.75
2012.03.07 16:20:45.035,0.99983,0.99991,1.50,1.50
2012.03.07 16:20:45.124,0.9998,0.99993,3.00,1.13
2012.03.07 16:20:45.207,0.9998,0.99994,2.25,2.63
2012.03.07 16:20:45.285,0.99979,0.99991,4.73,1.50
2012.03.07 16:20:45.453,0.99979,0.99991,4.73,1.50
2012.03.07 16:20:45.598,0.99979,0.99991,5.48,1.50
2012.03.07 16:20:45.877,0.99981,0.99994,1.50,4.35
2012.03.07 16:20:46.085,0.99978,0.99989,1.50,2.25
2012.03.07 16:20:46.866,0.99976,0.99989,1.50,2.63
2012.03.07 16:20:47.538,0.99978,0.9999,2.10,1.69
2012.03.07 16:20:48.147,0.99978,0.9999,2.10,1.69
2012.03.07 16:20:48.366,0.99975,0.99986,2.85,1.50
2012.03.07 16:20:49.227,0.99971,0.99982,5.10,1.50
2012.03.07 16:20:49.306,0.99972,0.99984,1.50,2.63
2012.03.07 16:20:50.446,0.99972,0.99984,1.50,2.44
2012.03.07 16:20:51.714,0.99972,0.99984,1.50,2.44
2012.03.07 16:20:52.355,0.99972,0.99984,1.50,2.44
2012.03.07 16:20:52.426,0.99973,0.99984,1.50,2.44
2012.03.07 16:20:52.781,0.99978,0.99985,1.35,1.50
2012.03.07 16:20:53.070,0.99979,0.99987,1.50,1.50
2012.03.07 16:20:53.479,0.99982,0.99989,1.50,2.25
2012.03.07 16:20:53.572,0.99982,0.99988,1.50,3.00
2012.03.07 16:20:53.880,0.99975,0.99985,1.88,3.00
2012.03.07 16:20:54.229,0.99975,0.99986,3.38,1.13
2012.03.07 16:20:55.003,0.99975,0.99987,3.38,1.88
2012.03.07 16:20:55.544,0.99975,0.99987,3.38,1.88
2012.03.07 16:20:57.538,0.99975,0.99986,1.13,2.25
2012.03.07 16:20:58.845,0.99972,0.99984,2.25,1.13
2012.03.07 16:20:59.237,0.99975,0.99986,1.13,4.50
2012.03.07 16:21:00.566,0.99975,0.99987,3.38,1.69
2012.03.07 16:21:00.775,0.99975,0.99986,1.50,1.69
2012.03.07 16:21:01.105,0.99973,0.99985,2.25,2.25
2012.03.07 16:21:01.634,0.99973,0.99985,2.25,3.00
2012.03.07 16:21:02.208,0.99973,0.99985,2.25,5.25
2012.03.07 16:21:02.283,0.99975,0.99985,1.13,5.25
2012.03.07 16:21:02.429,0.99977,0.99989,2.25,6.00
2012.03.07 16:21:02.566,0.99979,0.99989,1.50,4.50
2012.03.07 16:21:02.850,0.99978,0.99989,2.25,4.50
2012.03.07 16:21:03.210,0.99976,0.99986,2.25,1.50
2012.03.07 16:21:03.356,0.99972,0.99985,1.88,3.00
2012.03.07 16:21:03.934,0.99971,0.99985,3.75,2.44
2012.03.07 16:21:04.463,0.99971,0.99985,3.00,3.19
2012.03.07 16:21:05.009,0.99974,0.99985,2.48,2.44
2012.03.07 16:21:05.346,0.99975,0.99985,1.50,1.69
2012.03.07 16:21:05.996,0.99974,0.99982,3.00,1.50
2012.03.07 16:21:06.074,0.99969,0.99982,1.50,1.50
2012.03.07 16:21:06.285,0.99969,0.99982,1.50,1.50
2012.03.07 16:21:06.428,0.99969,0.9998,1.50,1.50
2012.03.07 16:21:06.767,0.99968,0.99982,2.25,3.38
2012.03.07 16:21:07.093,0.99967,0.99981,3.00,2.25
2012.03.07 16:21:08.117,0.99966,0.99978,2.25,3.19
2012.03.07 16:21:08.647,0.99965,0.99977,2.25,2.25
2012.03.07 16:21:08.974,0.99961,0.99971,1.50,1.50
2012.03.07 16:21:09.166,0.99959,0.99971,2.63,1.50
2012.03.07 16:21:09.521,0.99957,0.99969,5.25,1.50
2012.03.07 16:21:10.430,0.99958,0.99972,3.00,1.88
2012.03.07 16:21:10.694,0.99961,0.99973,1.50,1.13
2012.03.07 16:21:11.085,0.99959,0.99969,1.50,1.50
2012.03.07 16:21:11.633,0.99958,0.99972,3.00,1.88
2012.03.07 16:21:12.164,0.9996,0.99972,1.50,2.63
2012.03.07 16:21:13.217,0.99961,0.99973,3.00,1.69
2012.03.07 16:21:14.065,0.99961,0.99973,2.25,1.69
2012.03.07 16:21:15.297,0.99961,0.99973,2.25,1.88
2012.03.07 16:21:15.432,0.99964,0.99973,1.13,1.88
2012.03.07 16:21:15.787,0.99968,0.99975,1.50,3.00
2012.03.07 16:21:16.139,0.99965,0.99975,1.50,2.40
2012.03.07 16:21:16.221,0.99965,0.99977,3.75,2.03
2012.03.07 16:21:16.296,0.99967,0.99978,2.25,3.00
2012.03.07 16:21:17.020,0.9997,0.99978,1.50,2.25
2012.03.07 16:21:17.097,0.9997,0.9998,1.50,1.88
2012.03.07 16:21:17.166,0.99967,0.9998,1.50,3.38
2012.03.07 16:21:17.747,0.99968,0.9998,1.50,1.88
2012.03.07 16:21:19.031,0.99966,0.99979,1.50,1.50
2012.03.07 16:21:19.913,0.99966,0.99977,1.50,1.13
2012.03.07 16:21:20.191,0.99961,0.99974,1.50,2.25
2012.03.07 16:21:20.771,0.99961,0.99974,1.50,2.63
2012.03.07 16:21:24.605,0.99961,0.99973,1.50,1.50
2012.03.07 16:21:25.341,0.99961,0.99974,1.50,1.13
2012.03.07 16:21:25.873,0.99961,0.99973,1.50,1.50
2012.03.07 16:21:26.634,0.99962,0.99974,1.50,2.63
2012.03.07 16:21:26.731,0.9996,0.99974,3.00,3.38
2012.03.07 16:21:28.112,0.99961,0.99974,1.50,1.88
2012.03.07 16:21:29.506,0.99962,0.99974,1.50,3.38
2012.03.07 16:21:29.580,0.9996,0.99974,2.25,3.38
2012.03.07 16:21:30.026,0.99962,0.99974,1.50,3.38
2012.03.07 16:21:30.531,0.99961,0.99973,1.50,2.25
2012.03.07 16:21:31.083,0.9996,0.99974,1.50,3.38
2012.03.07 16:21:31.395,0.99962,0.99974,1.50,3.38
2012.03.07 16:21:33.484,0.99961,0.99973,1.50,2.25
2012.03.07 16:21:34.869,0.99961,0.99974,1.50,1.13
2012.03.07 16:21:35.507,0.99961,0.99973,2.25,1.50
2012.03.07 16:21:35.830,0.99965,0.99974,1.88,1.50
2012.03.07 16:21:36.301,0.99968,0.99979,3.00,2.25
2012.03.07 16:21:36.584,0.99967,0.9998,1.50,1.50
2012.03.07 16:21:37.564,0.99967,0.9998,1.50,1.50
2012.03.07 16:21:37.634,0.99967,0.99977,1.50,4.50
2012.03.07 16:21:37.902,0.99964,0.99974,1.13,2.25
2012.03.07 16:21:37.982,0.99962,0.99972,2.25,1.50
2012.03.07 16:21:38.063,0.99962,0.99974,2.25,1.50
2012.03.07 16:21:39.117,0.99963,0.99977,1.50,1.50
2012.03.07 16:21:39.194,0.99963,0.99977,2.25,1.50
2012.03.07 16:21:40.214,0.99963,0.99977,1.50,1.50
2012.03.07 16:21:42.045,0.99963,0.99977,2.25,1.69
2012.03.07 16:21:42.180,0.99964,0.99978,2.25,3.57
2012.03.07 16:21:42.395,0.99962,0.99974,1.50,2.25
2012.03.07 16:21:42.869,0.9996,0.99974,3.38,2.25
2012.03.07 16:21:42.957,0.99962,0.99974,1.50,2.44
2012.03.07 16:21:43.033,0.9996,0.99974,3.00,2.44
2012.03.07 16:21:43.328,0.99962,0.99974,1.50,2.44
2012.03.07 16:21:43.549,0.9996,0.99974,3.00,2.44
2012.03.07 16:21:43.842,0.99962,0.99974,1.50,2.44
2012.03.07 16:21:43.916,0.9996,0.99974,3.00,2.44
2012.03.07 16:21:45.286,0.9996,0.99974,3.00,2.44
2012.03.07 16:21:45.637,0.99969,0.9998,1.50,1.88
2012.03.07 16:21:45.824,0.99969,0.99982,2.25,3.75
2012.03.07 16:21:45.896,0.99971,0.99982,1.50,3.75
2012.03.07 16:21:46.038,0.99971,0.99983,1.50,1.50
2012.03.07 16:21:47.787,0.99971,0.99984,1.50,3.00
2012.03.07 16:21:48.327,0.9997,0.99984,3.75,4.50
2012.03.07 16:21:49.047,0.99968,0.9998,3.00,1.50
2012.03.07 16:21:49.294,0.99969,0.99982,1.50,1.50
2012.03.07 16:21:49.426,0.99969,0.99982,1.50,2.25
2012.03.07 16:21:49.782,0.99968,0.99979,1.50,1.50
2012.03.07 16:21:50.328,0.99966,0.99978,1.50,3.00
2012.03.07 16:21:50.853,0.99966,0.99978,1.50,1.50
2012.03.07 16:21:51.317,0.99966,0.99978,1.50,3.00
2012.03.07 16:21:51.755,0.99966,0.99978,1.50,3.00
2012.03.07 16:21:51.885,0.99964,0.99976,1.50,1.88
2012.03.07 16:21:54.181,0.99964,0.99975,1.50,1.13
2012.03.07 16:21:54.332,0.9996,0.99974,3.94,3.00
2012.03.07 16:21:54.807,0.99962,0.99976,1.50,4.88
2012.03.07 16:21:55.526,0.99963,0.99977,1.50,1.88
2012.03.07 16:21:55.936,0.99965,0.99977,1.50,1.88
2012.03.07 16:21:56.007,0.99963,0.99977,1.50,2.63
2012.03.07 16:21:56.225,0.99965,0.99977,1.50,1.88
2012.03.07 16:21:56.509,0.99963,0.99977,3.60,1.88
2012.03.07 16:21:57.113,0.99965,0.99977,1.50,1.50
2012.03.07 16:21:57.206,0.99966,0.99979,1.50,1.13
2012.03.07 16:21:57.730,0.99966,0.99978,1.50,1.50
2012.03.07 16:21:58.020,0.99964,0.99976,1.50,2.63
2012.03.07 16:21:58.547,0.99962,0.99974,2.25,1.50
2012.03.07 16:21:59.205,0.99964,0.99976,1.50,2.63
2012.03.07 16:22:00.375,0.99963,0.99977,1.50,1.88
2012.03.07 16:22:00.682,0.99965,0.99977,1.50,1.88
2012.03.07 16:22:03.106,0.99965,0.99977,1.50,1.50
2012.03.07 16:22:04.624,0.99965,0.99977,3.00,1.50
2012.03.07 16:22:04.944,0.9997,0.99981,1.50,1.50
2012.03.07 16:22:05.373,0.99968,0.9998,1.50,2.25
2012.03.07 16:22:05.894,0.99968,0.9998,2.25,2.25
2012.03.07 16:22:06.530,0.99972,0.99981,1.50,1.50
2012.03.07 16:22:06.864,0.99975,0.99985,1.50,1.69
2012.03.07 16:22:06.934,0.99973,0.99985,1.50,1.69
2012.03.07 16:22:07.459,0.99974,0.99985,1.50,1.50
2012.03.07 16:22:08.494,0.99972,0.99986,4.50,4.17
2012.03.07 16:22:08.995,0.99972,0.99986,2.25,4.17
2012.03.07 16:22:09.138,0.99975,0.99986,1.13,3.42
2012.03.07 16:22:09.408,0.99979,0.99989,1.50,1.69
2012.03.07 16:22:09.886,0.99977,0.99989,1.50,3.19
2012.03.07 16:22:10.490,0.99981,0.99991,2.25,1.69
2012.03.07 16:22:10.988,0.99985,0.99993,1.50,3.75
2012.03.07 16:22:11.130,0.99983,0.99995,1.50,3.00
2012.03.07 16:22:11.935,0.99983,0.99995,3.00,1.50
2012.03.07 16:22:12.024,0.99988,0.99998,1.50,2.25
2012.03.07 16:22:12.529,0.99989,1.0,1.50,1.50
2012.03.07 16:22:12.737,0.99987,1.0,2.25,2.25
2012.03.07 16:22:13.502,0.99987,1.0,1.50,1.50
2012.03.07 16:22:13.634,0.99989,1.0,1.50,1.50
2012.03.07 16:22:13.968,0.99988,1.0,3.79,3.00
2012.03.07 16:22:14.037,0.9999,1.0,1.35,2.25
2012.03.07 16:22:14.181,0.99991,1.00004,2.85,1.50
2012.03.07 16:22:14.398,0.99994,1.00006,1.32,4.13
2012.03.07 16:22:14.475,0.99994,1.00006,5.43,2.25
2012.03.07 16:22:14.547,0.99998,1.00007,1.50,1.50
2012.03.07 16:22:15.180,0.99998,1.00009,1.50,2.25
2012.03.07 16:22:15.400,0.99996,1.00008,3.00,2.25
2012.03.07 16:22:15.947,0.99996,1.00008,1.50,2.25
2012.03.07 16:22:16.160,0.99994,1.00006,1.50,1.50
2012.03.07 16:22:16.801,0.99991,1.00004,1.13,2.25
2012.03.07 16:22:16.879,0.9999,1.00004,3.79,3.00
2012.03.07 16:22:17.605,0.9999,1.00004,3.04,3.00
2012.03.07 16:22:18.499,0.99992,1.00006,1.50,3.75
2012.03.07 16:22:19.055,0.99992,1.00005,2.25,1.50
2012.03.07 16:22:20.466,0.99992,1.00004,1.50,2.25
2012.03.07 16:22:20.676,0.99992,1.00004,3.75,2.25
2012.03.07 16:22:20.882,0.99995,1.00007,1.50,3.00
2012.03.07 16:22:21.018,0.99995,1.00008,1.50,2.25
2012.03.07 16:22:21.527,0.99995,1.00007,1.50,2.25
2012.03.07 16:22:21.740,0.99997,1.00009,1.50,3.79
2012.03.07 16:22:22.318,0.99997,1.0001,1.50,1.69
2012.03.07 16:22:22.824,0.99997,1.0001,3.23,1.50
2012.03.07 16:22:23.292,0.99996,1.00009,2.63,2.25
2012.03.07 16:22:23.942,0.99999,1.00009,1.50,1.50
2012.03.07 16:22:24.427,0.99997,1.00009,2.25,2.25
2012.03.07 16:22:24.635,0.99995,1.00007,3.75,2.25
2012.03.07 16:22:24.775,0.99993,1.00005,2.40,1.50
2012.03.07 16:22:25.297,0.99993,1.00006,1.50,2.29
2012.03.07 16:22:25.898,0.99993,1.00005,1.50,3.75
2012.03.07 16:22:26.574,0.99993,1.00005,1.50,1.50
2012.03.07 16:22:27.443,0.99993,1.00005,3.45,1.50
2012.03.07 16:22:27.532,0.99995,1.00009,3.00,3.19
2012.03.07 16:22:27.678,0.99999,1.00009,1.50,1.69
2012.03.07 16:22:28.841,0.99999,1.00009,1.50,1.69
2012.03.07 16:22:29.438,0.99999,1.0001,2.25,1.50
2012.03.07 16:22:29.843,0.99997,1.00009,1.50,2.25
2012.03.07 16:22:30.353,0.99997,1.00009,1.50,2.25
2012.03.07 16:22:31.198,0.99997,1.00009,1.50,2.25
2012.03.07 16:22:31.756,0.99998,1.0001,1.50,2.25
2012.03.07 16:22:32.517,0.99998,1.0001,1.50,1.50
2012.03.07 16:22:33.078,1.00001,1.0001,1.50,1.50
2012.03.07 16:22:33.730,1.00001,1.00011,2.25,1.50
2012.03.07 16:22:34.155,1.00002,1.00014,1.50,4.50
2012.03.07 16:22:34.723,1.00002,1.00014,1.50,2.25
2012.03.07 16:22:34.872,1.0,1.00012,2.25,1.50
2012.03.07 16:22:35.687,1.0,1.00012,2.25,1.50
2012.03.07 16:22:36.349,1.0,1.00013,1.35,2.25
2012.03.07 16:22:37.109,1.0,1.00013,2.10,2.25
2012.03.07 16:22:37.601,1.00002,1.00016,1.50,4.13
2012.03.07 16:22:38.791,1.00002,1.00015,2.25,1.50
2012.03.07 16:22:39.004,1.00002,1.00016,1.50,3.19
2012.03.07 16:22:39.752,1.00001,1.00013,2.25,1.88
2012.03.07 16:22:40.106,1.00001,1.00009,1.50,1.50
2012.03.07 16:22:40.589,1.0,1.00014,3.00,2.63
2012.03.07 16:22:41.081,1.00001,1.00013,2.40,2.25
2012.03.07 16:22:41.233,1.00004,1.00016,1.43,3.94
2012.03.07 16:22:41.453,1.00007,1.00015,1.50,1.50
2012.03.07 16:22:41.598,1.00007,1.00018,1.50,1.50
2012.03.07 16:22:41.999,1.00007,1.00017,1.50,1.50
2012.03.07 16:22:42.079,1.00002,1.00014,1.50,2.25
2012.03.07 16:22:42.766,1.00002,1.00014,1.50,2.25
2012.03.07 16:22:43.388,1.00002,1.00014,1.50,2.25
2012.03.07 16:22:44.324,1.00002,1.00014,1.50,2.25
2012.03.07 16:22:44.584,1.00002,1.00014,2.29,2.25
2012.03.07 16:22:44.806,1.00007,1.00019,1.50,3.19
2012.03.07 16:22:44.948,1.00007,1.00018,1.50,1.50
2012.03.07 16:22:45.295,1.00005,1.00015,1.50,1.50
2012.03.07 16:22:45.798,1.00005,1.00015,1.50,1.50
2012.03.07 16:22:46.204,1.00005,1.00017,1.50,2.44
2012.03.07 16:22:46.346,1.00003,1.00015,4.13,3.00
2012.03.07 16:22:46.485,1.00003,1.00015,2.25,3.00
2012.03.07 16:22:47.222,1.00001,1.00014,1.88,2.25
2012.03.07 16:22:47.768,1.00001,1.00014,1.50,2.25
2012.03.07 16:22:48.230,1.00003,1.00015,1.50,3.75
2012.03.07 16:22:48.318,1.00001,1.00014,1.50,2.25
2012.03.07 16:22:48.833,1.00002,1.00015,1.50,1.50
2012.03.07 16:22:49.716,1.00002,1.00015,1.50,1.50
2012.03.07 16:22:50.935,1.00002,1.00015,1.50,1.50
2012.03.07 16:22:51.478,1.00002,1.00015,1.50,2.25
2012.03.07 16:22:51.983,1.00002,1.00015,1.50,2.25
2012.03.07 16:22:52.505,1.00002,1.00016,1.50,3.38
2012.03.07 16:22:53.475,1.00002,1.00016,2.25,4.88
2012.03.07 16:22:53.995,1.00003,1.00015,1.50,2.25
2012.03.07 16:22:54.883,1.00003,1.00015,1.50,2.44
2012.03.07 16:22:55.797,1.00001,1.00014,2.10,2.25
2012.03.07 16:22:57.425,1.00001,1.00014,1.35,2.25
2012.03.07 16:22:57.971,1.0,1.00014,4.73,2.25
2012.03.07 16:22:58.534,1.00007,1.00016,1.50,1.50
2012.03.07 16:22:58.616,1.00007,1.00018,1.50,2.25
2012.03.07 16:22:58.814,1.00005,1.00017,2.10,1.50
2012.03.07 16:22:59.907,1.00005,1.00017,3.00,1.50
2012.03.07 16:23:00.806,1.00006,1.00019,2.25,1.88
2012.03.07 16:23:01.305,1.00006,1.00019,2.25,1.50
2012.03.07 16:23:01.856,1.00006,1.00018,2.25,1.50
2012.03.07 16:23:02.415,1.00008,1.0002,1.50,1.13
2012.03.07 16:23:03.001,1.00007,1.00019,1.50,2.25
2012.03.07 16:23:03.502,1.00008,1.0002,1.50,1.88
2012.03.07 16:23:04.412,1.00008,1.0002,1.50,1.13
2012.03.07 16:23:04.917,1.00009,1.00021,1.50,2.82
2012.03.07 16:23:05.859,1.00008,1.00021,2.25,1.69
2012.03.07 16:23:06.335,1.00008,1.00021,2.25,1.69
2012.03.07 16:23:06.894,1.00007,1.00019,2.25,2.25
2012.03.07 16:23:07.397,1.00006,1.0002,3.75,3.19
2012.03.07 16:23:08.234,1.00008,1.0002,2.25,1.69
2012.03.07 16:23:08.779,1.00008,1.0002,2.25,1.50
2012.03.07 16:23:09.314,1.00008,1.0002,2.25,1.50
2012.03.07 16:23:09.951,1.00014,1.00022,1.50,1.50
2012.03.07 16:23:10.039,1.00012,1.00024,2.25,2.25
2012.03.07 16:23:11.009,1.00015,1.00025,1.50,2.63
2012.03.07 16:23:11.318,1.00012,1.00025,2.25,4.13
2012.03.07 16:23:11.855,1.00011,1.00025,3.00,2.63
2012.03.07 16:23:12.350,1.00012,1.00025,2.25,2.25
2012.03.07 16:23:12.838,1.00011,1.00023,1.50,1.50
2012.03.07 16:23:12.978,1.00008,1.00022,5.25,1.88
2012.03.07 16:23:13.517,1.00011,1.00023,1.50,3.38
2012.03.07 16:23:13.941,1.00008,1.0002,3.00,1.50
2012.03.07 16:23:14.493,1.00008,1.00022,2.25,3.75
2012.03.07 16:23:14.626,1.00007,1.00018,1.50,1.50
2012.03.07 16:23:14.757,1.00008,1.0002,2.25,2.25
2012.03.07 16:23:15.240,1.00006,1.00019,3.19,1.50
2012.03.07 16:23:15.788,1.00006,1.00018,3.19,1.50
2012.03.07 16:23:17.421,1.00006,1.00018,2.25,1.50
2012.03.07 16:23:17.953,1.00006,1.00018,2.25,2.25
2012.03.07 16:23:19.192,1.00008,1.00018,1.50,1.50
2012.03.07 16:23:20.187,1.00008,1.00019,1.50,1.50
2012.03.07 16:23:20.544,1.0001,1.00021,1.50,1.32
2012.03.07 16:23:21.165,1.00011,1.00022,1.50,2.63
2012.03.07 16:23:21.723,1.00009,1.00022,1.50,4.13
2012.03.07 16:23:21.913,1.00008,1.0002,3.00,1.69
2012.03.07 16:23:22.437,1.00008,1.00021,3.00,2.07
2012.03.07 16:23:22.507,1.0001,1.00022,1.88,3.75
2012.03.07 16:23:22.575,1.0001,1.00022,2.63,1.50
2012.03.07 16:23:22.647,1.00012,1.00024,1.50,3.00
2012.03.07 16:23:22.991,1.00014,1.00021,1.50,1.13
2012.03.07 16:23:23.065,1.00009,1.00018,1.50,1.50
2012.03.07 16:23:23.202,1.00004,1.00017,2.25,3.00
2012.03.07 16:23:23.773,1.00006,1.00018,1.50,2.25
2012.03.07 16:23:24.049,1.00006,1.00017,1.50,3.00
2012.03.07 16:23:24.187,1.00004,1.00015,1.13,1.69
2012.03.07 16:23:24.380,1.00005,1.00018,2.25,1.50
2012.03.07 16:23:24.456,1.00005,1.00019,2.85,3.75
2012.03.07 16:23:24.871,1.00004,1.00016,4.73,1.50
2012.03.07 16:23:25.365,1.00004,1.00016,1.50,3.75
2012.03.07 16:23:25.447,1.00001,1.00015,2.44,2.25
2012.03.07 16:23:26.135,1.00001,1.00015,3.19,2.25
2012.03.07 16:23:28.054,1.00001,1.00015,3.00,2.25
2012.03.07 16:23:29.673,1.00002,1.00015,1.50,3.19
2012.03.07 16:23:30.212,1.00001,1.00015,3.00,2.44
2012.03.07 16:23:30.723,1.00002,1.00015,1.50,3.19
2012.03.07 16:23:32.183,1.00001,1.00015,3.75,3.19
2012.03.07 16:23:32.733,1.00002,1.00015,1.50,3.19
2012.03.07 16:23:33.543,1.00001,1.00015,3.00,2.44
2012.03.07 16:23:33.941,1.00004,1.00015,1.88,1.50
2012.03.07 16:23:34.406,1.00007,1.00016,3.00,2.25
2012.03.07 16:23:34.486,1.0001,1.00021,1.50,2.25
2012.03.07 16:23:35.040,1.00008,1.00019,1.50,2.25
2012.03.07 16:23:35.577,1.00009,1.00021,1.50,2.25
2012.03.07 16:23:35.647,1.00007,1.0002,3.00,1.50
2012.03.07 16:23:36.055,1.00006,1.00017,2.10,1.50
2012.03.07 16:23:36.446,1.00007,1.0002,2.25,2.25
2012.03.07 16:23:37.224,1.00007,1.0002,2.25,2.25
2012.03.07 16:23:37.318,1.00011,1.00021,1.50,3.00
2012.03.07 16:23:37.396,1.00009,1.00021,2.25,3.00
2012.03.07 16:23:37.903,1.0001,1.00021,1.50,1.50
2012.03.07 16:23:38.109,1.00008,1.0002,2.25,1.50
2012.03.07 16:23:38.174,1.0001,1.0002,1.50,1.50
2012.03.07 16:23:38.754,1.0001,1.0002,2.25,1.50
2012.03.07 16:23:40.132,1.00009,1.00021,2.25,4.32
2012.03.07 16:23:40.216,1.00007,1.00019,2.25,1.50
2012.03.07 16:23:40.363,1.00006,1.00017,1.50,1.69
2012.03.07 16:23:40.581,1.00003,1.00015,1.50,1.50
2012.03.07 16:23:40.870,1.00002,1.00014,2.63,1.50
2012.03.07 16:23:42.133,1.00002,1.00014,1.50,1.50
2012.03.07 16:23:42.731,1.00002,1.00014,1.50,1.50
2012.03.07 16:23:44.062,1.00002,1.00016,1.50,3.94
2012.03.07 16:23:44.571,1.00005,1.00015,1.50,1.50
2012.03.07 16:23:44.788,1.00007,1.0002,1.50,2.25
2012.03.07 16:23:44.862,1.0001,1.00021,1.50,2.07
2012.03.07 16:23:45.008,1.0001,1.00021,1.50,1.32
2012.03.07 16:23:45.080,1.00012,1.00022,1.50,1.32
2012.03.07 16:23:45.458,1.00009,1.00019,1.13,2.25
2012.03.07 16:23:45.535,1.00005,1.00017,2.63,1.54
2012.03.07 16:23:45.606,1.00005,1.00016,1.50,1.50
2012.03.07 16:23:45.680,1.00002,1.00016,3.38,3.00
2012.03.07 16:23:46.237,1.00003,1.00015,1.50,3.00
2012.03.07 16:23:46.949,1.00003,1.00015,1.50,2.25
2012.03.07 16:23:47.619,1.00003,1.00015,3.00,2.25
2012.03.07 16:23:48.167,1.00004,1.00015,1.50,1.50
2012.03.07 16:23:48.509,1.00002,1.00015,3.00,1.50
2012.03.07 16:23:49.111,1.00005,1.00016,1.50,1.69
2012.03.07 16:23:49.680,1.00005,1.00016,1.50,1.69
2012.03.07 16:23:50.148,1.00003,1.00015,1.50,2.25
2012.03.07 16:23:50.685,1.00003,1.00015,2.25,2.25
2012.03.07 16:23:51.166,1.00006,1.00018,1.50,2.25
2012.03.07 16:23:51.247,1.00008,1.0002,1.50,5.63
2012.03.07 16:23:51.657,1.00012,1.00018,1.50,2.10
2012.03.07 16:23:51.734,1.00006,1.00016,1.50,1.69
2012.03.07 16:23:51.811,1.00004,1.00015,2.25,1.50
2012.03.07 16:23:52.627,1.00004,1.00015,2.25,1.50
2012.03.07 16:23:52.765,1.00001,1.00015,3.38,3.75
2012.03.07 16:23:53.393,1.00001,1.00015,4.13,3.75
2012.03.07 16:23:53.920,1.00004,1.00015,1.50,1.88
2012.03.07 16:23:54.948,1.00002,1.00015,1.50,2.63
2012.03.07 16:23:55.146,1.00004,1.00015,2.48,3.38
2012.03.07 16:23:55.593,1.00004,1.00015,2.63,1.50
2012.03.07 16:23:55.685,1.00005,1.00018,1.50,2.63
2012.03.07 16:23:56.209,1.00004,1.00017,2.40,1.88
2012.03.07 16:23:56.396,1.00003,1.00014,1.05,1.50
2012.03.07 16:23:56.473,1.00001,1.00014,1.92,2.25
2012.03.07 16:23:56.617,1.00002,1.00014,2.52,2.25
2012.03.07 16:23:57.249,1.00005,1.00017,1.13,2.25
2012.03.07 16:23:57.340,1.00003,1.00015,3.38,2.25
2012.03.07 16:23:57.937,1.00002,1.00013,2.25,1.50
2012.03.07 16:23:58.566,1.00003,1.00015,1.50,2.44
2012.03.07 16:23:59.095,1.00003,1.00015,1.50,2.44
2012.03.07 16:23:59.947,1.00002,1.00013,1.50,2.25
2012.03.07 16:24:06.188,1.00003,1.00015,1.50,4.69
2012.03.07 16:24:06.924,1.00001,1.00012,1.50,1.50
2012.03.07 16:24:07.536,1.00001,1.00013,1.50,2.25
2012.03.07 16:24:08.158,1.00003,1.00014,1.50,2.25
2012.03.07 16:24:08.696,1.00001,1.00014,2.25,2.25
2012.03.07 16:24:09.615,1.00002,1.00014,2.10,2.25
2012.03.07 16:24:09.971,1.00006,1.00017,1.50,2.25
2012.03.07 16:24:10.108,1.00004,1.00015,3.00,1.69
2012.03.07 16:24:10.316,1.00002,1.00015,2.25,2.44
2012.03.07 16:24:11.806,1.00002,1.00015,2.25,2.44
2012.03.07 16:24:12.207,1.00005,1.00012,2.63,1.50
2012.03.07 16:24:12.484,1.00006,1.00018,2.25,2.63
2012.03.07 16:24:12.772,1.00006,1.00018,1.50,2.63
2012.03.07 16:24:12.922,1.00002,1.00013,1.50,2.25
2012.03.07 16:24:13.518,1.00003,1.00015,1.50,3.00
2012.03.07 16:24:14.034,1.00001,1.00014,3.00,2.25
2012.03.07 16:24:14.545,1.00002,1.00016,2.25,4.69
2012.03.07 16:24:15.101,1.00002,1.00015,3.00,1.69
2012.03.07 16:24:15.760,1.0,1.00011,3.00,1.50
2012.03.07 16:24:15.839,1.00001,1.00013,2.25,3.00
2012.03.07 16:24:24.328,1.00003,1.00011,1.50,1.50
2012.03.07 16:24:24.540,0.99999,1.00009,3.00,2.25
2012.03.07 16:24:24.687,0.99997,1.00009,2.70,2.25
2012.03.07 16:24:25.086,1.0,1.00011,1.50,2.25
2012.03.07 16:24:25.349,0.99997,1.00009,2.70,2.25
2012.03.07 16:24:26.283,0.99997,1.00009,2.70,2.25
2012.03.07 16:24:26.570,0.99998,1.00009,5.18,2.25
2012.03.07 16:24:26.931,1.00006,1.00016,2.25,1.50
2012.03.07 16:24:27.473,1.00006,1.00018,2.25,2.25
2012.03.07 16:24:28.094,1.00001,1.00012,1.13,1.50
2012.03.07 16:24:28.597,1.0,1.00012,4.14,1.50
2012.03.07 16:24:30.015,1.0,1.00014,5.10,2.25
2012.03.07 16:24:31.407,1.00002,1.00014,1.13,1.50
2012.03.07 16:24:31.545,1.00005,1.00017,2.25,1.69
2012.03.07 16:24:31.695,1.00007,1.00019,1.50,3.94
2012.03.07 16:24:32.115,1.00009,1.00019,1.50,2.44
2012.03.07 16:24:32.185,1.00006,1.00019,1.50,2.44
2012.03.07 16:24:34.280,1.00006,1.00019,1.50,2.44
2012.03.07 16:24:37.235,1.00006,1.00019,1.50,2.44
2012.03.07 16:24:37.748,1.00004,1.00018,5.33,1.50
2012.03.07 16:24:38.275,1.00005,1.00018,1.50,2.25
2012.03.07 16:24:39.631,1.00006,1.00018,1.50,1.82
2012.03.07 16:24:39.725,1.00005,1.00015,2.40,1.88
2012.03.07 16:24:39.806,1.0,1.00011,4.84,1.65
2012.03.07 16:24:40.034,0.99999,1.00011,2.85,1.88
2012.03.07 16:24:40.456,1.00002,1.00013,1.50,1.50
2012.03.07 16:24:40.729,0.99999,1.00011,2.85,1.88
2012.03.07 16:24:40.802,1.00001,1.00013,1.50,3.00
2012.03.07 16:24:41.966,1.00001,1.00013,1.50,2.63
2012.03.07 16:24:42.475,1.0,1.00011,1.13,1.50
2012.03.07 16:24:42.803,1.00001,1.00014,1.50,1.13
2012.03.07 16:24:43.509,1.0,1.00013,1.13,2.25
2012.03.07 16:24:44.014,1.00001,1.00015,1.50,2.63
2012.03.07 16:24:44.515,1.0,1.00013,1.32,2.25
2012.03.07 16:24:45.597,1.00002,1.00014,1.50,2.25
2012.03.07 16:24:46.351,1.00002,1.00014,1.50,2.25
2012.03.07 16:24:55.574,1.00002,1.00014,2.25,2.25
2012.03.07 16:24:56.086,1.00002,1.00014,1.50,2.25
2012.03.07 16:24:56.485,1.00003,1.00014,2.25,2.25
2012.03.07 16:24:57.078,1.00008,1.00018,3.75,1.50
2012.03.07 16:24:57.157,1.00008,1.0002,2.25,3.00
2012.03.07 16:24:57.299,1.00006,1.00018,3.00,1.50
2012.03.07 16:24:57.850,1.00007,1.00019,3.00,3.75
2012.03.07 16:24:59.125,1.00005,1.00017,1.69,1.50
2012.03.07 16:24:59.670,1.00004,1.00017,1.88,2.25
2012.03.07 16:24:59.745,1.00003,1.00015,3.00,1.50
2012.03.07 16:25:00.079,1.00001,1.00013,4.88,2.25
2012.03.07 16:25:00.607,1.00002,1.00016,2.25,3.19
2012.03.07 16:25:02.490,1.00002,1.00015,3.00,1.50
2012.03.07 16:25:05.984,1.00002,1.00015,3.00,1.50
2012.03.07 16:25:06.871,1.00001,1.00013,2.85,2.25
2012.03.07 16:25:07.383,1.00001,1.00013,2.85,2.25
2012.03.07 16:25:09.906,1.00003,1.00015,2.25,3.00
2012.03.07 16:25:10.461,1.00003,1.00015,2.25,2.25
2012.03.07 16:25:10.818,1.00005,1.00015,1.88,2.25
2012.03.07 16:25:10.891,1.00006,1.00018,1.50,1.50
2012.03.07 16:25:11.490,1.00008,1.00019,1.50,2.10
2012.03.07 16:25:13.178,1.00008,1.0002,1.50,3.00
2012.03.07 16:25:13.767,1.00008,1.00019,1.50,1.50
2012.03.07 16:25:13.876,1.00005,1.00016,2.48,1.50
2012.03.07 16:25:14.440,1.00004,1.00017,1.28,3.00
2012.03.07 16:25:14.716,1.00004,1.00015,1.13,2.25
2012.03.07 16:25:14.846,1.00004,1.00016,2.03,2.44
2012.03.07 16:25:15.185,1.00002,1.00015,3.38,1.50
2012.03.07 16:25:16.184,1.00002,1.00015,1.88,1.50
2012.03.07 16:25:17.867,1.00005,1.00015,1.50,2.25
2012.03.07 16:25:18.364,1.00003,1.00015,3.00,3.75
2012.03.07 16:25:19.606,1.00003,1.00015,1.50,3.75
2012.03.07 16:25:20.352,1.00003,1.00015,1.50,3.00
2012.03.07 16:25:21.056,1.00003,1.00015,1.50,3.00
2012.03.07 16:25:21.137,1.00001,1.00014,1.35,2.25
2012.03.07 16:25:21.465,1.00003,1.00015,1.50,3.75
2012.03.07 16:25:22.225,1.00003,1.00015,1.50,3.75
2012.03.07 16:25:22.788,1.00003,1.00014,1.50,1.50
2012.03.07 16:25:23.344,1.00003,1.00014,1.50,1.50
2012.03.07 16:25:23.925,1.00003,1.00014,1.50,1.50
2012.03.07 16:25:24.671,1.00003,1.00014,1.50,1.50
2012.03.07 16:25:25.848,1.00003,1.00015,2.03,2.25
2012.03.07 16:25:26.676,1.00003,1.00013,1.50,1.28
2012.03.07 16:25:27.021,1.0,1.0001,2.10,1.50
2012.03.07 16:25:27.101,0.99998,1.00009,1.35,2.25
2012.03.07 16:25:27.547,0.99999,1.00013,3.38,3.38
2012.03.07 16:25:27.758,1.00001,1.00013,1.50,1.50
2012.03.07 16:25:28.663,1.00001,1.00014,1.50,1.69
2012.03.07 16:25:29.855,1.00001,1.00014,1.50,1.69
2012.03.07 16:25:30.415,1.00001,1.00014,1.50,1.69
2012.03.07 16:25:31.093,1.00001,1.00014,1.50,1.50
2012.03.07 16:25:31.923,1.00001,1.00014,1.50,1.50
2012.03.07 16:25:37.005,1.00001,1.00014,2.25,1.50
2012.03.07 16:25:38.036,1.00001,1.00014,2.25,1.50
2012.03.07 16:25:38.549,1.00001,1.00014,2.25,1.50
2012.03.07 16:25:39.053,1.00001,1.00014,1.50,1.50
2012.03.07 16:25:39.648,1.00001,1.00014,2.63,1.50
2012.03.07 16:25:41.854,1.00001,1.00015,3.38,3.00
2012.03.07 16:25:42.922,1.00001,1.00015,4.13,2.25
2012.03.07 16:25:44.326,1.00004,1.00015,3.60,2.25
2012.03.07 16:25:45.020,1.00008,1.00016,1.50,1.50
2012.03.07 16:25:45.099,1.00006,1.00018,2.44,3.00
2012.03.07 16:25:45.636,1.00006,1.00018,1.50,3.38
2012.03.07 16:25:45.791,1.00006,1.00016,1.50,1.50
2012.03.07 16:25:45.873,1.00003,1.00015,3.75,3.75
2012.03.07 16:25:46.777,1.00003,1.00015,2.25,3.00
2012.03.07 16:25:48.119,1.00003,1.00015,2.40,3.00
2012.03.07 16:25:56.488,1.00002,1.00013,2.25,1.50
2012.03.07 16:25:57.169,0.99997,1.0001,2.85,4.13
2012.03.07 16:25:57.724,0.99997,1.00008,1.50,1.50
2012.03.07 16:25:58.256,0.99996,1.00008,2.25,1.50
2012.03.07 16:25:58.606,0.99997,1.00008,1.35,1.50
2012.03.07 16:25:59.097,1.00002,1.00013,1.50,2.44
2012.03.07 16:25:59.238,1.00002,1.00015,1.50,4.13
2012.03.07 16:25:59.444,1.00005,1.00015,1.50,3.38
2012.03.07 16:25:59.730,1.00003,1.00015,1.50,4.50
2012.03.07 16:26:00.306,1.00003,1.00015,1.50,2.44
2012.03.07 16:26:04.425,1.00003,1.00015,1.50,2.74
2012.03.07 16:26:04.829,1.00001,1.00012,2.25,2.40
2012.03.07 16:26:04.917,0.99998,1.00008,1.50,1.50
2012.03.07 16:26:05.054,0.99995,1.00006,1.13,1.50
2012.03.07 16:26:05.594,0.99995,1.00007,1.13,3.00
2012.03.07 16:26:07.056,0.99997,1.00009,1.50,2.44
2012.03.07 16:26:07.126,1.00001,1.00009,1.50,2.44
2012.03.07 16:26:07.755,1.00001,1.0001,1.50,1.32
2012.03.07 16:26:08.968,0.99998,1.0001,1.50,1.32
2012.03.07 16:26:09.714,0.99998,1.0001,1.50,1.69
2012.03.07 16:26:10.274,0.99997,1.00008,1.50,1.50
2012.03.07 16:26:10.804,0.99997,1.00008,1.50,1.50
2012.03.07 16:26:12.034,0.99997,1.00008,1.50,1.50
2012.03.07 16:26:12.834,0.99997,1.00009,1.50,2.44
2012.03.07 16:26:13.154,1.0,1.00009,1.50,1.69
2012.03.07 16:26:13.687,0.99999,1.00011,1.50,4.88
2012.03.07 16:26:15.244,0.99999,1.0001,1.50,1.69
2012.03.07 16:26:15.597,0.99995,1.00009,4.88,3.94
2012.03.07 16:26:16.115,0.99995,1.00009,4.88,3.19
2012.03.07 16:26:16.187,0.99999,1.00009,1.50,1.69
2012.03.07 16:26:16.393,0.99997,1.00009,1.50,3.19
2012.03.07 16:26:17.113,0.99994,1.00006,4.58,1.50
2012.03.07 16:26:17.386,0.99996,1.00008,1.50,2.25
2012.03.07 16:26:17.934,0.99995,1.00007,2.25,1.50
2012.03.07 16:26:19.837,0.99995,1.00007,2.25,2.25
2012.03.07 16:26:20.541,0.99995,1.00007,1.50,1.50
2012.03.07 16:26:21.584,0.99996,1.00008,1.50,2.25
2012.03.07 16:26:22.043,0.99995,1.00003,1.50,2.63
2012.03.07 16:26:22.405,0.99987,0.99998,1.50,3.60
2012.03.07 16:26:22.805,0.99984,0.99997,2.25,1.69
2012.03.07 16:26:22.886,0.99982,0.99994,2.63,1.50
2012.03.07 16:26:25.766,0.99984,0.99995,1.50,1.13
2012.03.07 16:26:29.169,0.99982,0.99995,3.00,1.13
2012.03.07 16:26:32.480,0.99983,0.99995,1.50,1.13
2012.03.07 16:26:39.397,0.99984,0.99996,1.50,4.50
2012.03.07 16:26:40.215,0.99983,0.99996,1.35,4.50
2012.03.07 16:26:41.205,0.99982,0.99996,2.25,2.44
2012.03.07 16:26:42.586,0.99984,0.99996,1.50,2.25
2012.03.07 16:26:43.135,0.99982,0.99996,3.19,2.25
2012.03.07 16:26:44.865,0.99982,0.99994,3.00,1.50
2012.03.07 16:26:45.463,0.99984,0.99996,1.50,2.63
2012.03.07 16:26:45.986,0.99982,0.99996,3.00,2.63
2012.03.07 16:26:47.451,0.99982,0.99996,2.25,2.63
2012.03.07 16:26:47.991,0.99984,0.99996,1.50,2.63
2012.03.07 16:26:48.065,0.99982,0.99996,3.00,2.63
2012.03.07 16:26:48.134,0.99984,0.99996,1.50,2.63
2012.03.07 16:26:48.673,0.99983,0.99995,1.50,2.25
2012.03.07 16:26:49.201,0.99983,0.99995,1.50,1.50
2012.03.07 16:26:49.876,0.99982,0.99996,3.00,2.63
2012.03.07 16:27:00.643,0.99982,0.99996,2.25,2.63
2012.03.07 16:27:00.998,0.99981,0.99989,1.50,1.69
2012.03.07 16:27:01.202,0.99975,0.99987,2.63,2.25
2012.03.07 16:27:01.276,0.99973,0.99987,4.73,2.25
2012.03.07 16:27:01.596,0.99975,0.99987,1.50,2.25
2012.03.07 16:27:02.138,0.99975,0.99987,1.50,2.63
2012.03.07 16:27:02.495,0.99982,0.99993,1.50,1.09
2012.03.07 16:27:02.852,0.99981,0.99988,1.50,1.69
2012.03.07 16:27:03.069,0.99972,0.99986,3.15,2.25
2012.03.07 16:27:03.209,0.99972,0.99985,2.25,1.50
2012.03.07 16:27:03.282,0.99971,0.99983,2.25,1.50
2012.03.07 16:27:04.000,0.99971,0.99982,1.50,3.38
2012.03.07 16:27:04.306,0.99969,0.99975,1.50,1.13
2012.03.07 16:27:04.522,0.99964,0.99975,3.00,1.13
2012.03.07 16:27:05.036,0.99964,0.99975,1.50,1.13
2012.03.07 16:27:05.588,0.99967,0.99977,1.50,1.50
2012.03.07 16:27:05.785,0.99965,0.99978,3.75,1.50
2012.03.07 16:27:06.329,0.99964,0.99976,1.50,3.38
2012.03.07 16:27:06.539,0.99962,0.99974,1.50,4.50
2012.03.07 16:27:07.075,0.99961,0.99973,2.25,1.50
2012.03.07 16:27:10.992,0.99959,0.99971,3.00,1.50
2012.03.07 16:27:11.687,0.99959,0.99968,1.50,1.50
2012.03.07 16:27:12.043,0.99955,0.99965,2.25,2.44
2012.03.07 16:27:12.452,0.99952,0.99963,2.25,1.50
2012.03.07 16:27:12.537,0.99951,0.99963,1.50,1.50
2012.03.07 16:27:13.066,0.99951,0.99964,1.50,2.25
2012.03.07 16:27:13.417,0.99953,0.99964,2.25,2.25
2012.03.07 16:27:13.769,0.9996,0.9997,1.50,1.88
2012.03.07 16:27:14.203,0.9996,0.99966,1.50,2.57
2012.03.07 16:27:14.295,0.99955,0.99964,2.25,1.50
2012.03.07 16:27:14.516,0.99955,0.99964,2.25,3.00
2012.03.07 16:27:14.592,0.99952,0.99964,2.33,2.25
2012.03.07 16:27:14.743,0.99952,0.99957,1.50,1.50
2012.03.07 16:27:14.891,0.99947,0.99955,2.10,1.50
2012.03.07 16:27:15.039,0.99949,0.99956,3.60,1.50
2012.03.07 16:27:15.109,0.99949,0.99963,6.60,3.75
2012.03.07 16:27:15.178,0.99953,0.99963,1.50,3.75
2012.03.07 16:27:15.248,0.99953,0.99963,1.50,1.50
2012.03.07 16:27:15.717,0.99955,0.99966,1.50,1.13
2012.03.07 16:27:15.868,0.99953,0.99966,1.50,1.13
2012.03.07 16:27:16.423,0.99952,0.99964,1.50,2.25
2012.03.07 16:27:16.776,0.99946,0.99959,1.88,2.25
2012.03.07 16:27:17.122,0.99945,0.99955,1.88,1.50
2012.03.07 16:27:17.662,0.99946,0.99955,1.50,1.50
2012.03.07 16:27:17.756,0.99955,0.99964,1.50,2.25
2012.03.07 16:27:18.105,0.99955,0.99966,1.50,1.13
2012.03.07 16:27:18.179,0.99953,0.99966,1.50,1.13
2012.03.07 16:27:19.356,0.99956,0.99966,1.50,1.13
2012.03.07 16:27:19.879,0.99956,0.99968,1.50,1.88
2012.03.07 16:27:20.426,0.99956,0.99968,1.50,1.13
2012.03.07 16:27:21.247,0.99958,0.99968,1.50,1.13
2012.03.07 16:27:22.060,0.99958,0.99968,1.50,1.50
2012.03.07 16:27:22.695,0.99956,0.99968,1.50,2.63
2012.03.07 16:27:23.259,0.99956,0.99968,1.50,1.13
2012.03.07 16:27:24.394,0.99957,0.99968,1.50,1.13
2012.03.07 16:27:24.970,0.99957,0.99968,1.50,1.13
2012.03.07 16:27:26.164,0.99959,0.9997,1.50,2.25
2012.03.07 16:27:26.516,0.99959,0.99971,2.33,4.88
2012.03.07 16:27:26.863,0.99962,0.99973,1.95,1.13
2012.03.07 16:27:27.009,0.99962,0.99974,2.40,1.88
2012.03.07 16:27:27.287,0.99965,0.99976,1.58,1.50
2012.03.07 16:27:27.428,0.99965,0.99976,1.65,3.75
2012.03.07 16:27:27.823,0.99964,0.99976,1.20,5.57
2012.03.07 16:27:28.109,0.99961,0.99973,2.70,2.25
2012.03.07 16:27:28.797,0.9996,0.99973,1.20,2.25
2012.03.07 16:27:29.442,0.99962,0.99974,2.25,1.13
2012.03.07 16:27:30.019,0.99962,0.99975,2.25,3.60
2012.03.07 16:27:30.178,0.99965,0.99977,1.50,5.03
2012.03.07 16:27:30.720,0.99963,0.99977,2.25,5.25
2012.03.07 16:27:31.287,0.99965,0.99977,1.50,5.25
2012.03.07 16:27:31.849,0.99963,0.99977,2.25,5.25
2012.03.07 16:27:32.533,0.99963,0.99977,2.25,5.25
2012.03.07 16:27:33.201,0.99963,0.99977,1.50,3.00
2012.03.07 16:27:35.387,0.99965,0.99977,1.50,2.63
2012.03.07 16:27:35.643,0.99963,0.99977,1.50,2.63
2012.03.07 16:27:35.774,0.99965,0.99977,1.50,2.63
2012.03.07 16:27:35.846,0.99963,0.99977,3.00,2.63
2012.03.07 16:27:36.399,0.99963,0.99977,1.50,4.50
2012.03.07 16:27:36.465,0.99965,0.99977,1.50,4.50
2012.03.07 16:27:37.155,0.99963,0.99977,1.50,4.50
2012.03.07 16:27:38.098,0.99962,0.99974,1.50,1.50
2012.03.07 16:27:38.646,0.99964,0.99976,1.50,3.94
2012.03.07 16:27:39.017,0.99961,0.99975,1.50,2.44
2012.03.07 16:27:39.848,0.9996,0.99974,4.50,2.25
2012.03.07 16:27:40.033,0.99963,0.99975,1.50,2.44
2012.03.07 16:27:40.583,0.99963,0.99975,1.50,2.44
2012.03.07 16:27:41.114,0.99963,0.99975,1.50,2.44
2012.03.07 16:27:41.627,0.9996,0.99974,5.25,2.25
2012.03.07 16:27:42.473,0.99961,0.99975,1.50,2.44
2012.03.07 16:27:42.975,0.99963,0.99977,1.50,4.50
2012.03.07 16:27:44.830,0.99965,0.99977,1.50,5.25
2012.03.07 16:27:45.456,0.99963,0.99977,1.50,4.50
2012.03.07 16:27:48.284,0.99963,0.99976,1.95,1.13
2012.03.07 16:27:49.557,0.99965,0.99976,1.50,1.13
2012.03.07 16:27:49.814,0.99963,0.99976,1.50,1.13
2012.03.07 16:27:50.601,0.99963,0.99976,1.50,1.13
2012.03.07 16:27:51.529,0.99962,0.99974,1.50,2.25
2012.03.07 16:27:51.885,0.99963,0.99976,1.50,1.13
2012.03.07 16:27:53.890,0.99963,0.99976,1.50,1.13
2012.03.07 16:27:55.288,0.99963,0.99977,1.95,3.45
2012.03.07 16:27:56.963,0.99961,0.99975,5.14,1.50
2012.03.07 16:27:57.476,0.99961,0.99975,3.64,1.50
2012.03.07 16:27:58.290,0.99963,0.99976,1.50,1.13
2012.03.07 16:27:59.558,0.99964,0.99975,1.50,1.13
2012.03.07 16:27:59.945,0.99962,0.99974,1.50,1.50
2012.03.07 16:28:04.206,0.9996,0.99974,4.13,1.69
2012.03.07 16:28:04.284,0.9996,0.99974,2.25,4.58
2012.03.07 16:28:04.637,0.99955,0.99966,2.44,1.50
2012.03.07 16:28:04.779,0.99954,0.99966,4.32,1.50
2012.03.07 16:28:05.059,0.99953,0.99964,1.88,1.50
2012.03.07 16:28:05.585,0.99952,0.99964,1.50,1.50
2012.03.07 16:28:06.095,0.99952,0.99966,1.50,2.44
2012.03.07 16:28:06.648,0.9995,0.99964,5.25,1.50
2012.03.07 16:28:07.195,0.99952,0.99964,1.50,1.50
2012.03.07 16:28:08.366,0.99951,0.99964,1.50,1.50
2012.03.07 16:28:08.877,0.99952,0.99964,1.50,1.50
2012.03.07 16:28:10.791,0.9995,0.99964,4.50,1.50
2012.03.07 16:28:11.345,0.99951,0.99963,1.50,1.50
2012.03.07 16:28:11.853,0.99952,0.99964,1.50,1.50
2012.03.07 16:28:13.064,0.9995,0.99964,3.57,1.50
2012.03.07 16:28:13.737,0.99952,0.99964,1.50,2.25
2012.03.07 16:28:14.466,0.99953,0.99965,1.50,1.88
2012.03.07 16:28:14.965,0.99952,0.99964,2.25,1.50
2012.03.07 16:28:15.484,0.99953,0.99965,1.50,1.88
2012.03.07 16:28:19.268,0.99951,0.99965,1.50,1.50
2012.03.07 16:28:19.747,0.99951,0.99963,1.50,1.50
2012.03.07 16:28:19.822,0.99952,0.99966,1.95,3.00
2012.03.07 16:28:21.609,0.99952,0.99966,2.70,2.25
2012.03.07 16:28:22.353,0.99952,0.99966,2.70,2.25
2012.03.07 16:28:22.488,0.99952,0.99966,3.67,1.50
2012.03.07 16:28:22.888,0.99955,0.99968,1.50,2.25
2012.03.07 16:28:22.956,0.99957,0.99969,1.50,1.50
2012.03.07 16:28:23.297,0.99957,0.9997,2.25,3.19
2012.03.07 16:28:23.366,0.99957,0.9997,2.25,2.44
2012.03.07 16:28:23.441,0.9996,0.9997,1.50,1.69
2012.03.07 16:28:24.001,0.99959,0.99971,3.00,2.44
2012.03.07 16:28:24.534,0.99957,0.99969,3.19,1.50
2012.03.07 16:28:25.136,0.99958,0.99972,3.00,2.25
2012.03.07 16:28:25.728,0.9996,0.99973,1.50,1.50
2012.03.07 16:28:26.351,0.99962,0.99974,1.50,1.88
2012.03.07 16:28:26.695,0.99964,0.99976,1.50,3.38
2012.03.07 16:28:26.825,0.99962,0.99974,3.00,1.50
2012.03.07 16:28:27.459,0.99961,0.99973,1.50,1.50
2012.03.07 16:28:28.806,0.99962,0.99974,2.85,1.50
2012.03.07 16:28:29.078,0.99965,0.99977,3.38,1.20
2012.03.07 16:28:29.146,0.99968,0.99977,1.50,1.13
2012.03.07 16:28:29.334,0.99968,0.99979,1.50,3.27
2012.03.07 16:28:29.804,0.99965,0.99979,3.38,4.77
2012.03.07 16:28:30.311,0.99965,0.99978,3.38,1.39
2012.03.07 16:28:30.830,0.99961,0.99973,3.19,1.50
2012.03.07 16:28:31.731,0.99962,0.99974,1.50,2.25
2012.03.07 16:28:32.288,0.99961,0.99975,1.69,2.25
2012.03.07 16:28:33.525,0.99962,0.99974,1.50,1.50
2012.03.07 16:28:34.129,0.99962,0.9997,1.50,2.10
2012.03.07 16:28:34.407,0.99952,0.99962,1.95,1.50
2012.03.07 16:28:34.956,0.99951,0.99962,1.50,1.50
2012.03.07 16:28:35.482,0.99951,0.99962,1.20,1.50
2012.03.07 16:28:35.993,0.99951,0.99962,3.45,1.50
2012.03.07 16:28:36.078,0.99955,0.99962,1.95,1.50
2012.03.07 16:28:36.150,0.99956,0.9997,3.00,4.50
2012.03.07 16:28:36.491,0.99959,0.99971,3.50,1.50
2012.03.07 16:28:36.824,0.99962,0.99973,3.15,1.50
2012.03.07 16:28:36.897,0.99962,0.99976,4.65,3.00
2012.03.07 16:28:37.405,0.99963,0.99977,1.84,3.75
2012.03.07 16:28:37.946,0.99963,0.99977,1.50,5.25
2012.03.07 16:28:38.087,0.9996,0.99972,5.25,1.50
2012.03.07 16:28:38.968,0.99963,0.99975,1.50,3.19
2012.03.07 16:28:40.305,0.9996,0.99974,4.95,2.25
2012.03.07 16:28:40.817,0.99961,0.99975,1.50,2.44
2012.03.07 16:28:41.655,0.99961,0.99973,1.50,1.50
2012.03.07 16:28:42.147,0.9996,0.99972,4.35,1.50
2012.03.07 16:28:43.380,0.9996,0.99974,5.10,2.25
2012.03.07 16:28:44.316,0.99961,0.99975,1.50,2.63
2012.03.07 16:28:44.835,0.99961,0.99973,1.50,1.50
2012.03.07 16:28:45.473,0.99961,0.99975,1.50,2.63
2012.03.07 16:28:46.025,0.99961,0.99973,1.95,1.50
2012.03.07 16:28:47.035,0.9996,0.99972,3.04,1.50
2012.03.07 16:28:47.555,0.9996,0.99973,3.04,1.50
2012.03.07 16:28:47.815,0.9996,0.99973,2.10,5.33
2012.03.07 16:28:48.137,0.99956,0.9997,3.38,2.25
2012.03.07 16:28:48.207,0.99956,0.99968,1.88,1.50
2012.03.07 16:28:48.746,0.99955,0.99969,4.95,1.50
2012.03.07 16:28:49.419,0.99955,0.99969,5.18,1.50
2012.03.07 16:28:50.222,0.99955,0.99967,5.18,1.50
2012.03.07 16:28:50.647,0.99957,0.99969,1.50,3.00
2012.03.07 16:28:52.408,0.99956,0.99968,3.08,1.50
2012.03.07 16:28:52.459,0.99958,0.99972,1.95,3.19
2012.03.07 16:28:52.682,0.9996,0.99971,1.73,1.69
2012.03.07 16:28:52.907,0.99962,0.99974,1.50,3.19
2012.03.07 16:28:54.145,0.99962,0.99974,1.50,1.50
2012.03.07 16:28:55.537,0.99963,0.99974,1.20,1.50
2012.03.07 16:28:55.610,0.99964,0.99976,2.10,1.50
2012.03.07 16:28:56.121,0.99971,0.99983,1.50,2.57
2012.03.07 16:28:56.336,0.99969,0.99982,1.50,1.50
2012.03.07 16:28:56.749,0.99967,0.99981,3.75,3.19
2012.03.07 16:28:57.106,0.99962,0.99974,2.63,1.50
2012.03.07 16:28:57.176,0.99962,0.99974,2.70,1.50
2012.03.07 16:28:57.737,0.99961,0.99975,2.14,1.50
2012.03.07 16:28:58.346,0.99964,0.99976,1.50,2.63
2012.03.07 16:28:58.419,0.99961,0.99975,2.97,1.50
2012.03.07 16:28:58.949,0.99961,0.99975,2.52,1.50
2012.03.07 16:28:59.688,0.99961,0.99975,2.14,1.50
2012.03.07 16:29:01.065,0.99961,0.99975,1.69,1.50
2012.03.07 16:29:02.056,0.99961,0.99975,2.14,1.50
2012.03.07 16:29:02.564,0.99963,0.99976,1.95,1.13
2012.03.07 16:29:04.580,0.99966,0.99977,1.50,1.88
2012.03.07 16:29:04.929,0.99969,0.99982,1.50,2.25
2012.03.07 16:29:05.360,0.99972,0.99983,1.50,1.13
2012.03.07 16:29:05.529,0.99969,0.99982,1.95,1.50
2012.03.07 16:29:05.739,0.99969,0.99982,2.70,3.00
2012.03.07 16:29:06.294,0.99967,0.99979,1.95,2.25
2012.03.07 16:29:06.822,0.99967,0.99979,2.70,1.50
2012.03.07 16:29:06.904,0.99968,0.99982,1.95,4.50
2012.03.07 16:29:07.564,0.99967,0.99981,2.70,3.00
2012.03.07 16:29:08.086,0.99969,0.99981,1.50,1.50
2012.03.07 16:29:08.628,0.99968,0.99982,1.50,3.60
2012.03.07 16:29:09.214,0.99968,0.9998,1.50,1.50
2012.03.07 16:29:09.758,0.99968,0.9998,2.63,1.50
2012.03.07 16:29:09.831,0.99968,0.99982,3.38,2.10
2012.03.07 16:29:10.053,0.9997,0.99981,1.50,1.50
2012.03.07 16:29:10.200,0.9997,0.99983,1.50,2.25
2012.03.07 16:29:10.283,0.99972,0.99983,2.55,1.50
2012.03.07 16:29:10.495,0.99973,0.99987,3.30,2.63
2012.03.07 16:29:11.313,0.99973,0.99986,1.80,1.50
2012.03.07 16:29:11.800,0.99973,0.99986,1.88,2.44
2012.03.07 16:29:11.870,0.99971,0.99983,3.53,1.50
2012.03.07 16:29:12.158,0.99968,0.99981,4.13,2.63
2012.03.07 16:29:12.370,0.99966,0.99979,2.25,1.50
2012.03.07 16:29:12.688,0.99966,0.99978,1.50,4.50
2012.03.07 16:29:12.876,0.99964,0.99976,2.85,3.38
2012.03.07 16:29:13.004,0.99961,0.99973,3.94,1.50
2012.03.07 16:29:13.536,0.99962,0.99974,2.25,1.50
2012.03.07 16:29:15.037,0.99963,0.99974,1.50,1.50
2012.03.07 16:29:15.847,0.99963,0.99974,1.50,1.50
2012.03.07 16:29:17.857,0.99962,0.99974,1.50,1.50
2012.03.07 16:29:28.606,0.9996,0.99972,1.50,1.50
2012.03.07 16:29:31.452,0.9996,0.99972,4.73,1.50
2012.03.07 16:29:32.074,0.99966,0.99977,1.50,4.65
2012.03.07 16:29:32.161,0.99961,0.99975,2.63,1.88
2012.03.07 16:29:32.702,0.99961,0.99975,2.25,3.75
2012.03.07 16:29:33.247,0.9996,0.99974,2.25,1.69
2012.03.07 16:29:34.528,0.99961,0.99974,1.50,1.69
2012.03.07 16:29:35.503,0.99961,0.99974,1.50,1.69
2012.03.07 16:29:37.459,0.99964,0.99976,1.50,4.50
2012.03.07 16:29:38.188,0.99961,0.99975,5.10,2.44
2012.03.07 16:29:38.746,0.99961,0.99975,4.35,2.63
2012.03.07 16:29:45.847,0.99961,0.99975,2.25,1.88
2012.03.07 16:29:46.525,0.99961,0.99975,3.75,1.88
2012.03.07 16:29:47.285,0.99961,0.99975,3.00,1.88
2012.03.07 16:29:54.275,0.99961,0.99975,3.00,1.88
2012.03.07 16:29:54.347,0.99962,0.99975,2.63,1.50
2012.03.07 16:29:54.421,0.99965,0.99977,1.50,3.19
2012.03.07 16:29:54.996,0.99964,0.99976,1.50,1.50
2012.03.07 16:29:55.981,0.99964,0.99977,1.50,3.00
2012.03.07 16:29:56.397,0.99965,0.99977,1.50,5.25
2012.03.07 16:29:56.471,0.99966,0.99977,1.88,1.50
2012.03.07 16:29:56.552,0.99971,0.99982,1.50,4.50
2012.03.07 16:29:57.038,0.99971,0.99982,1.50,3.38
2012.03.07 16:29:57.180,0.99968,0.99979,3.38,1.50
2012.03.07 16:29:57.317,0.99963,0.99974,2.25,1.50
2012.03.07 16:29:57.781,0.99962,0.99974,2.25,1.50
2012.03.07 16:29:58.324,0.99963,0.99977,1.50,3.60
2012.03.07 16:29:58.846,0.99962,0.99974,1.50,1.50
2012.03.07 16:29:59.383,0.99961,0.99975,3.00,1.50
2012.03.07 16:29:59.888,0.99961,0.99975,3.15,1.50
2012.03.07 16:29:59.957,0.99961,0.99975,3.38,1.50
2012.03.07 16:30:00.170,0.99966,0.99978,2.25,1.69
2012.03.07 16:30:00.238,0.99966,0.99978,3.00,1.69
2012.03.07 16:30:00.798,0.99969,0.9998,1.50,2.25
2012.03.07 16:30:01.859,0.99966,0.99979,1.50,2.44
2012.03.07 16:30:01.939,0.99965,0.99979,3.19,1.50
2012.03.07 16:30:02.638,0.99965,0.99979,3.75,1.88
2012.03.07 16:30:02.848,0.99967,0.99979,1.13,1.50
2012.03.07 16:30:02.989,0.99969,0.99982,1.50,3.75
2012.03.07 16:30:03.578,0.99973,0.99985,1.50,1.69
2012.03.07 16:30:04.137,0.99974,0.99985,1.50,1.69
2012.03.07 16:30:04.703,0.99974,0.99985,1.50,1.13
2012.03.07 16:30:05.239,0.99973,0.99985,2.25,1.88
2012.03.07 16:30:05.575,0.99975,0.99985,1.50,1.88
2012.03.07 16:30:06.106,0.99976,0.99985,1.50,1.88
2012.03.07 16:30:06.867,0.99976,0.99985,1.50,1.50
2012.03.07 16:30:07.007,0.99975,0.99987,2.40,3.75
2012.03.07 16:30:07.078,0.99977,0.99987,1.50,1.50
2012.03.07 16:30:07.556,0.99972,0.99986,2.40,3.00
2012.03.07 16:30:08.087,0.99974,0.99986,1.50,3.00
2012.03.07 16:30:08.446,0.99972,0.99985,2.25,1.88
2012.03.07 16:30:09.947,0.99972,0.99985,2.25,1.88
2012.03.07 16:30:10.024,0.99974,0.99985,1.50,1.88
2012.03.07 16:30:10.579,0.99974,0.99985,1.50,2.63
2012.03.07 16:30:11.153,0.99974,0.99985,1.50,1.13
2012.03.07 16:30:11.655,0.99973,0.99985,1.50,3.00
2012.03.07 16:30:12.274,0.99974,0.99986,1.50,2.63
2012.03.07 16:30:12.813,0.99973,0.99986,1.50,2.63
2012.03.07 16:30:13.372,0.99974,0.99985,1.50,1.50
2012.03.07 16:30:14.126,0.99972,0.99986,2.25,4.13
2012.03.07 16:30:14.645,0.99973,0.99985,1.50,1.69
2012.03.07 16:30:15.215,0.99975,0.99985,1.50,1.69
2012.03.07 16:30:15.714,0.99973,0.99985,1.50,3.19
2012.03.07 16:30:16.292,0.99971,0.99984,3.00,2.25
2012.03.07 16:30:16.518,0.99971,0.99983,3.00,1.88
2012.03.07 16:30:16.877,0.99967,0.99979,2.63,2.25
2012.03.07 16:30:16.965,0.99966,0.99977,1.13,1.88
2012.03.07 16:30:17.630,0.99963,0.99974,1.50,1.50
2012.03.07 16:30:17.918,0.99965,0.99977,1.50,2.25
2012.03.07 16:30:19.831,0.99963,0.99976,2.25,1.13
2012.03.07 16:30:19.907,0.99962,0.99974,2.25,1.50
2012.03.07 16:30:20.446,0.99962,0.99974,1.50,1.50
2012.03.07 16:30:22.382,0.99964,0.99976,1.50,2.63
2012.03.07 16:30:23.604,0.99964,0.99976,1.50,2.44
2012.03.07 16:30:27.745,0.99962,0.99974,1.50,1.50
2012.03.07 16:30:29.525,0.99963,0.99977,2.25,4.50
2012.03.07 16:30:29.595,0.99963,0.99977,2.25,2.63
2012.03.07 16:30:29.884,0.99965,0.99977,1.50,2.63
2012.03.07 16:30:30.097,0.99963,0.99977,2.25,2.63
2012.03.07 16:30:30.877,0.99964,0.99976,1.50,1.50
2012.03.07 16:30:32.794,0.99961,0.99975,3.00,2.25
2012.03.07 16:30:37.565,0.9996,0.99974,2.63,2.44
2012.03.07 16:30:37.875,0.99958,0.99969,1.50,1.13
2012.03.07 16:30:38.357,0.99958,0.99967,1.50,1.50
2012.03.07 16:30:38.654,0.99954,0.99964,1.50,2.25
2012.03.07 16:30:38.736,0.99951,0.99964,2.25,2.25
2012.03.07 16:30:39.361,0.99952,0.99964,1.50,1.65
2012.03.07 16:30:39.841,0.9995,0.99962,2.10,1.69
2012.03.07 16:30:40.197,0.99952,0.99964,1.50,3.00
2012.03.07 16:30:40.724,0.99953,0.99964,1.50,2.25
2012.03.07 16:30:40.857,0.99955,0.99966,1.50,4.13
2012.03.07 16:30:41.403,0.99956,0.99967,1.50,3.38
2012.03.07 16:30:41.487,0.99956,0.99967,1.50,1.13
2012.03.07 16:30:42.222,0.99953,0.99967,2.85,3.38
2012.03.07 16:30:42.508,0.99953,0.99967,2.10,3.00
2012.03.07 16:30:49.009,0.99955,0.99967,1.88,1.88
2012.03.07 16:30:49.364,0.99955,0.99968,2.44,1.50
2012.03.07 16:30:49.437,0.99954,0.99966,3.19,1.50
2012.03.07 16:30:49.507,0.99956,0.99968,1.50,1.50
2012.03.07 16:30:49.724,0.99953,0.99967,3.00,1.50
2012.03.07 16:30:49.872,0.99952,0.99964,3.00,1.50
2012.03.07 16:30:50.089,0.99951,0.99965,3.19,2.25
2012.03.07 16:30:50.629,0.9995,0.99964,5.67,1.50
2012.03.07 16:30:51.133,0.99952,0.99966,1.50,3.00
2012.03.07 16:30:51.558,0.9995,0.99962,4.35,1.50
2012.03.07 16:30:52.648,0.99951,0.99965,1.50,2.44
2012.03.07 16:30:55.800,0.99953,0.99965,1.50,2.44
2012.03.07 16:30:56.471,0.99955,0.99966,1.50,2.44
2012.03.07 16:30:56.547,0.99952,0.99966,2.25,3.94
2012.03.07 16:30:57.109,0.99953,0.99967,1.50,5.25
2012.03.07 16:30:57.440,0.99951,0.99964,3.00,1.50
2012.03.07 16:30:57.509,0.99954,0.99965,1.50,1.69
2012.03.07 16:30:57.787,0.99952,0.99964,1.50,1.50
2012.03.07 16:30:58.314,0.99953,0.99965,1.50,1.69
2012.03.07 16:30:58.629,0.9995,0.99964,5.85,1.50
2012.03.07 16:30:59.434,0.99952,0.99966,1.50,3.19
2012.03.07 16:30:59.747,0.99954,0.99966,1.50,1.69
2012.03.07 16:31:00.304,0.9995,0.99964,4.35,1.50
2012.03.07 16:31:01.925,0.99951,0.99965,1.50,2.44
2012.03.07 16:31:02.138,0.9995,0.99964,5.10,1.50
2012.03.07 16:31:02.203,0.99952,0.99964,1.50,1.50
2012.03.07 16:31:03.687,0.99952,0.99964,1.50,3.00
2012.03.07 16:31:03.761,0.9995,0.99962,3.60,1.50
2012.03.07 16:31:04.285,0.99949,0.99961,2.25,1.50
2012.03.07 16:31:04.800,0.99948,0.99959,1.88,1.50
2012.03.07 16:31:05.306,0.99948,0.99961,1.88,3.00
2012.03.07 16:31:05.636,0.99947,0.9996,1.73,3.38
2012.03.07 16:31:05.705,0.99946,0.99958,4.73,1.88
2012.03.07 16:31:05.987,0.99946,0.99957,2.25,1.50
2012.03.07 16:31:06.339,0.99942,0.99953,2.25,1.13
2012.03.07 16:31:06.775,0.9994,0.99953,2.63,1.88
2012.03.07 16:31:06.924,0.99942,0.99955,1.50,2.63
2012.03.07 16:31:07.001,0.99942,0.99952,1.50,3.08
2012.03.07 16:31:07.297,0.99938,0.99947,1.50,1.13
2012.03.07 16:31:07.727,0.99936,0.99947,1.50,3.00
2012.03.07 16:31:07.866,0.99936,0.99946,1.50,1.50
2012.03.07 16:31:08.386,0.99934,0.99945,2.67,1.50
2012.03.07 16:31:08.945,0.99934,0.99946,4.17,1.50
2012.03.07 16:31:10.112,0.99937,0.99947,1.50,2.25
2012.03.07 16:31:10.213,0.99934,0.99945,1.73,1.50
2012.03.07 16:31:10.745,0.99935,0.99947,2.10,3.75
2012.03.07 16:31:11.069,0.99937,0.99947,1.50,1.50
2012.03.07 16:31:11.834,0.99934,0.99947,5.10,1.88
2012.03.07 16:31:14.538,0.99936,0.99948,1.50,1.50
2012.03.07 16:31:14.894,0.9994,0.99951,2.25,2.63
2012.03.07 16:31:15.387,0.99944,0.99955,1.50,1.88
2012.03.07 16:31:15.887,0.99943,0.99955,1.50,1.50
2012.03.07 16:31:16.031,0.99941,0.99954,1.50,1.50
2012.03.07 16:31:16.546,0.99939,0.99953,4.69,1.50
2012.03.07 16:31:17.272,0.99941,0.99954,1.50,1.50
2012.03.07 16:31:17.963,0.99941,0.99954,1.50,1.50
2012.03.07 16:31:19.146,0.99941,0.99954,1.50,1.50
2012.03.07 16:31:19.750,0.99943,0.99954,1.50,1.50
2012.03.07 16:31:20.126,0.99942,0.99954,1.50,1.50
2012.03.07 16:31:20.258,0.99945,0.99956,1.50,1.88
2012.03.07 16:31:20.395,0.99945,0.99956,1.50,1.88
2012.03.07 16:31:20.784,0.99943,0.99956,3.00,1.13
2012.03.07 16:31:24.086,0.99942,0.99954,1.50,1.50
2012.03.07 16:31:24.232,0.99942,0.99956,1.50,2.63
2012.03.07 16:31:24.753,0.99942,0.99956,2.25,2.63
2012.03.07 16:31:25.306,0.99943,0.99956,1.35,2.63
2012.03.07 16:31:25.820,0.99943,0.99956,1.35,2.63
2012.03.07 16:31:28.624,0.99943,0.99956,1.35,2.25
2012.03.07 16:31:29.734,0.99943,0.99956,1.35,2.25
2012.03.07 16:31:30.125,0.99941,0.99955,3.19,2.25
2012.03.07 16:31:31.309,0.99942,0.99955,3.00,2.25
2012.03.07 16:31:31.883,0.99944,0.99958,3.90,4.13
2012.03.07 16:31:32.224,0.99944,0.99958,1.50,5.63
2012.03.07 16:31:32.365,0.99942,0.99955,1.35,2.25
2012.03.07 16:31:32.761,0.99944,0.99956,2.25,3.94
2012.03.07 16:31:35.665,0.99941,0.99955,2.85,3.00
2012.03.07 16:31:37.838,0.99941,0.99955,3.60,3.00
2012.03.07 16:31:37.919,0.99941,0.99955,3.98,3.00
2012.03.07 16:31:38.502,0.99941,0.99952,2.85,1.69
2012.03.07 16:31:38.641,0.99939,0.99949,3.38,1.13
2012.03.07 16:31:38.788,0.99939,0.99945,1.50,1.50
2012.03.07 16:31:39.483,0.99934,0.99944,3.00,2.25
2012.03.07 16:31:39.570,0.99932,0.99941,1.13,2.25
2012.03.07 16:31:39.909,0.99932,0.99943,1.73,1.50
2012.03.07 16:31:40.428,0.99933,0.99946,2.25,4.32
2012.03.07 16:31:40.568,0.99933,0.99943,2.25,1.13
2012.03.07 16:31:40.711,0.9993,0.9994,3.75,1.50
2012.03.07 16:31:40.927,0.9993,0.99942,3.75,2.25
2012.03.07 16:31:40.999,0.99931,0.99942,2.25,1.50
2012.03.07 16:31:41.665,0.99932,0.99945,3.60,1.50
2012.03.07 16:31:42.385,0.99932,0.99945,2.25,2.25
2012.03.07 16:31:42.939,0.99934,0.99945,1.50,1.50
2012.03.07 16:31:43.563,0.99932,0.99944,3.00,2.25
2012.03.07 16:31:45.065,0.99933,0.99945,2.25,2.25
2012.03.07 16:31:48.165,0.99933,0.99945,2.25,3.38
2012.03.07 16:31:48.843,0.99932,0.99944,2.25,2.25
2012.03.07 16:31:49.684,0.99933,0.99945,2.25,4.13
2012.03.07 16:31:50.357,0.99931,0.99945,3.75,4.13
2012.03.07 16:31:51.014,0.99932,0.99945,2.25,1.88
2012.03.07 16:31:51.755,0.99932,0.99945,2.25,1.88
2012.03.07 16:31:57.365,0.99933,0.99943,1.58,1.13
2012.03.07 16:31:57.720,0.99938,0.99947,2.25,2.25
2012.03.07 16:31:57.866,0.99938,0.99949,3.75,1.13
2012.03.07 16:31:57.939,0.99942,0.99951,1.65,2.63
2012.03.07 16:31:58.078,0.99947,0.99954,2.25,1.50
2012.03.07 16:31:58.608,0.99945,0.99958,2.25,1.50
2012.03.07 16:32:03.867,0.99947,0.9996,1.35,2.25
2012.03.07 16:32:04.415,0.99946,0.9996,2.25,2.25
2012.03.07 16:32:05.032,0.99946,0.9996,3.00,1.50
2012.03.07 16:32:05.107,0.9995,0.99961,1.50,2.25
2012.03.07 16:32:05.177,0.99947,0.99961,2.25,3.75
2012.03.07 16:32:05.483,0.99946,0.99958,5.10,1.50
2012.03.07 16:32:06.023,0.99948,0.9996,1.69,3.00
2012.03.07 16:32:07.277,0.99948,0.9996,1.50,3.00
2012.03.07 16:32:07.346,0.99945,0.99956,1.88,1.50
2012.03.07 16:32:07.834,0.99944,0.99958,3.75,3.75
2012.03.07 16:32:07.903,0.99944,0.99956,3.75,1.50
2012.03.07 16:32:07.975,0.99944,0.99956,1.50,1.50
2012.03.07 16:32:09.170,0.99945,0.99957,2.25,1.50
2012.03.07 16:32:09.286,0.99948,0.9996,6.23,1.50
2012.03.07 16:32:09.645,0.99952,0.99965,2.25,2.25
2012.03.07 16:32:09.722,0.99955,0.99966,1.50,2.63
2012.03.07 16:32:10.276,0.99954,0.99966,1.50,4.88
2012.03.07 16:32:10.347,0.99952,0.99964,1.50,1.50
2012.03.07 16:32:11.109,0.99952,0.99966,2.25,3.38
2012.03.07 16:32:11.606,0.99951,0.99963,4.50,1.50
2012.03.07 16:32:12.169,0.99953,0.99965,1.50,3.75
2012.03.07 16:32:12.694,0.99951,0.99963,2.25,1.50
2012.03.07 16:32:14.395,0.99951,0.99965,2.25,3.75
2012.03.07 16:32:15.335,0.99953,0.99965,1.50,2.25
2012.03.07 16:32:15.838,0.99955,0.99966,1.50,1.88
2012.03.07 16:32:16.338,0.99953,0.99963,2.10,1.50
2012.03.07 16:32:16.736,0.99951,0.99963,3.75,1.50
2012.03.07 16:32:16.864,0.99952,0.99966,1.50,4.13
2012.03.07 16:32:17.803,0.99951,0.99965,2.25,2.44
2012.03.07 16:32:18.495,0.99951,0.99963,2.25,1.50
2012.03.07 16:32:19.285,0.99952,0.99965,1.50,2.44
2012.03.07 16:32:19.795,0.99952,0.99964,1.50,1.50
2012.03.07 16:32:20.382,0.9995,0.99964,3.38,1.50
2012.03.07 16:32:20.885,0.99952,0.99966,1.50,4.69
2012.03.07 16:32:21.304,0.99951,0.99963,2.25,1.50
2012.03.07 16:32:21.827,0.99952,0.99964,1.50,1.50
2012.03.07 16:32:25.462,0.9995,0.99964,2.63,1.50
2012.03.07 16:32:26.006,0.99951,0.99964,1.50,3.19
2012.03.07 16:32:26.629,0.99946,0.99958,3.00,2.25
2012.03.07 16:32:26.709,0.99941,0.99955,2.25,1.50
2012.03.07 16:32:26.915,0.99943,0.99955,1.50,2.25
2012.03.07 16:32:27.294,0.99941,0.99952,1.50,1.50
2012.03.07 16:32:27.836,0.99943,0.99955,1.50,2.63
2012.03.07 16:32:28.245,0.99941,0.99953,1.50,1.50
2012.03.07 16:32:28.949,0.99941,0.99953,1.50,3.00
2012.03.07 16:32:29.297,0.99941,0.99951,1.50,1.88
2012.03.07 16:32:29.505,0.99941,0.99953,1.50,3.00
2012.03.07 16:32:29.575,0.99941,0.99953,1.50,2.63
2012.03.07 16:32:29.964,0.99943,0.99955,1.50,6.00
2012.03.07 16:32:30.040,0.99941,0.99955,1.50,4.50
2012.03.07 16:32:30.116,0.99941,0.99955,1.50,2.63
2012.03.07 16:32:30.914,0.99943,0.99955,1.50,2.63
2012.03.07 16:32:31.437,0.99942,0.99954,1.50,1.50
2012.03.07 16:32:31.746,0.99945,0.99954,1.13,1.50
2012.03.07 16:32:32.085,0.99945,0.99957,1.50,2.25
2012.03.07 16:32:32.336,0.99943,0.99956,1.50,1.13
2012.03.07 16:32:32.667,0.99942,0.99954,1.50,1.50
2012.03.07 16:32:33.213,0.99943,0.99955,1.50,2.25
2012.03.07 16:32:34.593,0.99941,0.99955,1.69,2.25
2012.03.07 16:32:34.934,0.99945,0.99955,1.13,2.25
2012.03.07 16:32:35.075,0.99945,0.99957,2.78,3.00
2012.03.07 16:32:35.462,0.99945,0.99957,2.03,5.25
2012.03.07 16:32:35.797,0.99953,0.99963,2.63,2.57
2012.03.07 16:32:35.927,0.99953,0.99963,1.88,1.44
2012.03.07 16:32:36.185,0.9995,0.99963,3.02,1.13
2012.03.07 16:32:38.057,0.99948,0.99962,3.19,2.25
2012.03.07 16:32:38.266,0.99947,0.9996,3.94,1.50
2012.03.07 16:32:39.256,0.9995,0.99961,1.50,1.35
2012.03.07 16:32:40.195,0.9995,0.99962,1.50,3.00
2012.03.07 16:32:44.107,0.99952,0.99963,1.50,1.69
2012.03.07 16:32:44.608,0.9995,0.99963,3.00,1.69
2012.03.07 16:32:46.016,0.9995,0.99963,1.50,1.73
2012.03.07 16:32:46.098,0.99958,0.99965,4.50,1.73
2012.03.07 16:32:46.242,0.99959,0.99967,2.25,1.69
2012.03.07 16:32:46.321,0.99959,0.99968,1.88,1.50
2012.03.07 16:32:46.585,0.99965,0.99973,1.50,2.25
2012.03.07 16:32:47.544,0.99963,0.99975,1.50,1.09
2012.03.07 16:32:48.476,0.99963,0.99975,1.50,1.09
2012.03.07 16:32:50.521,0.99961,0.99969,2.25,1.50
2012.03.07 16:32:50.608,0.99959,0.99969,2.25,2.63
2012.03.07 16:32:50.820,0.99959,0.99968,1.50,3.75
2012.03.07 16:32:50.979,0.99957,0.99965,1.50,1.50
2012.03.07 16:32:51.056,0.99953,0.99963,1.50,1.50
2012.03.07 16:32:51.476,0.99949,0.99961,3.75,1.50
2012.03.07 16:32:51.920,0.99949,0.99963,8.25,3.00
2012.03.07 16:32:52.319,0.9995,0.99962,1.50,1.50
2012.03.07 16:32:52.575,0.99948,0.99958,3.38,1.88
2012.03.07 16:32:52.910,0.99944,0.9995,1.50,1.50
2012.03.07 16:32:53.149,0.99946,0.99952,1.50,1.50
2012.03.07 16:32:53.224,0.99939,0.99952,1.02,2.25
2012.03.07 16:32:54.213,0.99938,0.99952,2.70,3.00
2012.03.07 16:32:55.177,0.99938,0.99952,2.70,3.00
2012.03.07 16:32:56.016,0.99938,0.9995,2.63,1.50
2012.03.07 16:32:56.089,0.99938,0.99952,3.38,3.15
2012.03.07 16:32:56.658,0.99938,0.99952,2.63,3.00
2012.03.07 16:32:57.205,0.99938,0.99952,2.63,3.75
2012.03.07 16:32:57.719,0.99938,0.99951,3.30,1.50
2012.03.07 16:32:58.257,0.99939,0.99951,2.18,1.50
2012.03.07 16:32:58.964,0.99938,0.99951,3.30,1.50
2012.03.07 16:32:59.797,0.99939,0.99951,1.50,1.50
2012.03.07 16:33:00.467,0.99939,0.99951,2.18,1.50
2012.03.07 16:33:01.568,0.99939,0.99951,1.50,3.00
2012.03.07 16:33:01.909,0.99931,0.99941,2.25,1.88
2012.03.07 16:33:01.981,0.9993,0.99941,1.69,3.38
2012.03.07 16:33:02.127,0.99931,0.99941,3.00,1.50
2012.03.07 16:33:02.199,0.99932,0.99943,1.43,2.25
2012.03.07 16:33:02.446,0.99936,0.99946,1.50,1.50
2012.03.07 16:33:02.515,0.99934,0.99946,1.50,3.00
2012.03.07 16:33:03.076,0.99933,0.99945,2.93,2.25
2012.03.07 16:33:04.036,0.99933,0.99945,2.25,2.25
2012.03.07 16:33:04.765,0.99933,0.99945,2.25,2.25
2012.03.07 16:33:05.284,0.99933,0.99945,1.50,2.25
2012.03.07 16:33:07.083,0.99933,0.99945,2.18,2.25
2012.03.07 16:33:07.635,0.99933,0.99945,1.50,2.25
2012.03.07 16:33:07.842,0.99933,0.99945,2.18,2.25
2012.03.07 16:33:08.195,0.99933,0.99945,2.25,2.25
2012.03.07 16:33:08.986,0.99935,0.99947,2.37,2.25
2012.03.07 16:33:09.338,0.99939,0.9995,1.50,1.13
2012.03.07 16:33:09.744,0.99942,0.99951,1.50,2.25
2012.03.07 16:33:10.093,0.99932,0.99942,2.25,1.50
2012.03.07 16:33:10.171,0.99931,0.99942,1.50,1.50
2012.03.07 16:33:10.921,0.9993,0.99942,1.62,1.50
2012.03.07 16:33:11.557,0.99929,0.99942,2.93,1.50
2012.03.07 16:33:12.255,0.9993,0.99943,2.93,1.50
2012.03.07 16:33:12.577,0.99929,0.99942,2.85,1.50
2012.03.07 16:33:12.649,0.99929,0.99942,2.18,3.00
2012.03.07 16:33:12.719,0.99928,0.9994,1.43,1.50
2012.03.07 16:33:12.858,0.99926,0.99938,3.30,1.50
2012.03.07 16:33:13.757,0.99927,0.99941,2.55,3.75
2012.03.07 16:33:13.830,0.99927,0.9994,3.23,2.25
2012.03.07 16:33:13.907,0.99928,0.99939,2.18,1.50
2012.03.07 16:33:14.048,0.99926,0.99937,1.88,2.25
2012.03.07 16:33:14.251,0.99926,0.99935,1.50,1.50
2012.03.07 16:33:14.325,0.99924,0.99935,1.88,1.50
2012.03.07 16:33:15.368,0.99924,0.99935,2.10,1.50
2012.03.07 16:33:15.722,0.99932,0.99942,1.50,1.50
2012.03.07 16:33:16.255,0.9993,0.99942,2.25,3.75
2012.03.07 16:33:16.447,0.99933,0.99942,1.50,2.25
2012.03.07 16:33:16.990,0.99932,0.99942,1.50,2.25
2012.03.07 16:33:17.133,0.99929,0.99942,2.25,2.25
2012.03.07 16:33:17.685,0.99931,0.99942,1.50,2.25
2012.03.07 16:33:18.210,0.99931,0.99942,1.50,1.50
2012.03.07 16:33:18.754,0.99933,0.99943,1.13,3.00
2012.03.07 16:33:19.114,0.99938,0.99949,1.50,1.50
2012.03.07 16:33:19.671,0.99939,0.99948,1.50,1.73
2012.03.07 16:33:20.100,0.99935,0.99946,1.13,1.13
2012.03.07 16:33:20.185,0.99933,0.99946,1.50,1.88
2012.03.07 16:33:20.714,0.99933,0.99946,1.50,1.88
2012.03.07 16:33:21.115,0.99933,0.99946,1.50,3.75
2012.03.07 16:33:21.464,0.9993,0.99942,2.25,3.00
2012.03.07 16:33:22.229,0.9993,0.99942,2.25,3.00
2012.03.07 16:33:22.755,0.99931,0.99942,1.50,1.50
2012.03.07 16:33:23.296,0.99931,0.99942,1.50,1.50
2012.03.07 16:33:23.366,0.99929,0.99942,3.00,1.50
2012.03.07 16:33:23.914,0.9993,0.99942,1.50,1.50
2012.03.07 16:33:24.892,0.9993,0.99943,2.25,2.63
2012.03.07 16:33:25.487,0.9993,0.99942,1.50,1.50
2012.03.07 16:33:25.613,0.99928,0.99942,3.00,3.00
2012.03.07 16:33:26.137,0.9993,0.99943,1.50,2.63
2012.03.07 16:33:27.878,0.9993,0.99942,2.25,2.25
2012.03.07 16:33:28.293,0.99931,0.99943,2.25,1.50
2012.03.07 16:33:28.375,0.99933,0.99945,2.25,2.25
2012.03.07 16:33:28.905,0.99934,0.99946,1.50,3.38
2012.03.07 16:33:29.518,0.99933,0.99946,1.50,1.88
2012.03.07 16:33:30.274,0.99933,0.99946,1.50,1.88
2012.03.07 16:33:30.625,0.99931,0.99945,2.25,2.63
2012.03.07 16:33:30.826,0.99933,0.99945,1.50,2.63
2012.03.07 16:33:33.835,0.99932,0.99944,1.50,1.50
2012.03.07 16:33:34.384,0.99932,0.99945,1.50,1.13
2012.03.07 16:33:36.613,0.99932,0.99946,1.50,3.00
2012.03.07 16:33:39.655,0.99934,0.99947,1.50,3.19
2012.03.07 16:33:43.475,0.99933,0.99945,2.25,2.44
2012.03.07 16:33:44.376,0.99932,0.99944,1.50,1.50
2012.03.07 16:33:44.923,0.99933,0.99945,1.50,2.44
2012.03.07 16:33:47.139,0.99934,0.99945,1.50,1.50
2012.03.07 16:33:48.244,0.99933,0.99945,1.50,1.50
2012.03.07 16:33:49.326,0.99933,0.99945,1.50,1.50
2012.03.07 16:33:49.670,0.99931,0.9994,1.50,1.50
2012.03.07 16:33:49.949,0.99928,0.9994,1.50,3.75
2012.03.07 16:33:50.027,0.99928,0.9994,1.50,3.75
2012.03.07 16:33:50.109,0.99926,0.99937,1.88,1.50
2012.03.07 16:33:50.738,0.99926,0.99938,1.88,1.50
2012.03.07 16:33:51.146,0.99928,0.99938,1.50,2.25
2012.03.07 16:33:51.478,0.99926,0.99938,1.88,1.50
2012.03.07 16:33:51.996,0.99925,0.99937,1.50,3.00
2012.03.07 16:33:52.387,0.99925,0.99937,1.50,3.00
2012.03.07 16:33:52.912,0.99925,0.99934,1.50,2.25
2012.03.07 16:33:52.996,0.9992,0.99933,1.88,3.00
2012.03.07 16:33:53.545,0.9992,0.99933,1.50,3.94
2012.03.07 16:33:54.096,0.99919,0.99933,2.25,3.94
2012.03.07 16:33:54.615,0.99921,0.99933,1.50,3.19
2012.03.07 16:33:55.560,0.99923,0.99932,1.50,1.50
2012.03.07 16:33:55.709,0.99923,0.99935,1.50,3.75
2012.03.07 16:33:56.192,0.99923,0.99936,1.50,2.25
2012.03.07 16:33:59.326,0.99922,0.99936,1.50,3.94
2012.03.07 16:34:04.065,0.99925,0.99936,1.50,2.44
2012.03.07 16:34:04.903,0.99924,0.99936,1.50,3.94
2012.03.07 16:34:09.302,0.99922,0.99934,3.00,1.50
2012.03.07 16:34:09.916,0.99922,0.9993,1.50,1.50
2012.03.07 16:34:10.270,0.99917,0.99929,3.19,3.00
2012.03.07 16:34:10.818,0.99917,0.9993,1.69,3.00
2012.03.07 16:34:11.545,0.99919,0.9993,1.50,1.50
2012.03.07 16:34:12.039,0.99916,0.9993,5.85,2.25
2012.03.07 16:34:12.523,0.99918,0.9993,1.69,3.00
2012.03.07 16:34:13.350,0.99917,0.99929,1.69,3.00
2012.03.07 16:34:14.688,0.99915,0.99927,2.82,1.50
2012.03.07 16:34:17.015,0.99915,0.99927,1.50,2.25
2012.03.07 16:34:18.004,0.99915,0.99927,1.50,3.00
2012.03.07 16:34:18.512,0.99915,0.99926,1.65,1.50
2012.03.07 16:34:18.729,0.99915,0.99926,1.50,2.25
2012.03.07 16:34:18.871,0.99915,0.99925,1.50,2.63
2012.03.07 16:34:19.160,0.9991,0.99924,3.19,3.38
2012.03.07 16:34:19.694,0.9991,0.99924,3.19,3.38
2012.03.07 16:34:19.782,0.99913,0.99924,1.50,1.13
2012.03.07 16:34:20.304,0.99914,0.99926,1.50,2.25
2012.03.07 16:34:20.869,0.99913,0.99927,1.50,2.44
2012.03.07 16:34:20.937,0.99911,0.99927,2.10,2.44
2012.03.07 16:34:22.850,0.9991,0.99926,4.73,2.25
2012.03.07 16:34:24.390,0.9991,0.99926,4.73,2.25
2012.03.07 16:34:25.057,0.99912,0.99927,2.25,3.19
2012.03.07 16:34:27.258,0.99914,0.99926,1.50,2.25
2012.03.07 16:34:27.776,0.99913,0.99925,1.50,2.25
2012.03.07 16:34:32.795,0.99916,0.99927,1.50,1.88
2012.03.07 16:34:33.307,0.99915,0.99927,1.50,3.38
2012.03.07 16:34:33.441,0.99913,0.99925,1.50,2.25
2012.03.07 16:34:33.650,0.99916,0.99926,1.50,2.25
2012.03.07 16:34:34.166,0.99919,0.99931,4.50,1.88
2012.03.07 16:34:34.246,0.99921,0.99933,1.50,2.44
2012.03.07 16:34:34.387,0.99919,0.99934,4.50,2.07
2012.03.07 16:34:34.895,0.99919,0.99933,3.00,2.44
2012.03.07 16:34:36.425,0.99921,0.99933,1.50,1.69
2012.03.07 16:34:36.614,0.99919,0.99933,3.75,2.44
2012.03.07 16:34:37.144,0.9992,0.99934,1.50,3.57
2012.03.07 16:34:37.224,0.99918,0.9993,3.38,1.50
2012.03.07 16:34:37.371,0.99912,0.99926,3.38,2.25
2012.03.07 16:34:37.452,0.99912,0.99924,1.13,1.50
2012.03.07 16:34:37.936,0.99912,0.99926,2.63,2.25
2012.03.07 16:34:38.576,0.99912,0.99926,2.25,2.44
2012.03.07 16:34:39.115,0.99911,0.99925,3.98,2.44
2012.03.07 16:34:39.191,0.99913,0.99925,1.50,2.44
2012.03.07 16:34:40.175,0.99912,0.99926,4.35,1.69
2012.03.07 16:34:40.500,0.99914,0.99926,1.50,1.50
2012.03.07 16:34:41.960,0.99914,0.99926,2.67,1.50
2012.03.07 16:34:42.178,0.99917,0.99931,3.00,4.73
2012.03.07 16:34:42.252,0.99919,0.99931,1.50,4.73
2012.03.07 16:34:42.613,0.99921,0.99935,5.25,3.38
2012.03.07 16:34:42.966,0.99926,0.99937,2.25,1.88
2012.03.07 16:34:43.522,0.99927,0.99937,1.50,1.88
2012.03.07 16:34:43.869,0.9992,0.9993,3.00,2.03
2012.03.07 16:34:44.008,0.99917,0.9993,2.25,2.03
2012.03.07 16:34:44.549,0.99917,0.99929,1.50,1.88
2012.03.07 16:34:45.283,0.99916,0.9993,3.75,3.75
2012.03.07 16:34:45.364,0.99918,0.9993,1.50,3.75
2012.03.07 16:34:45.437,0.99916,0.9993,2.25,3.75
2012.03.07 16:34:45.509,0.99918,0.9993,1.50,3.00
2012.03.07 16:34:45.581,0.99918,0.9993,2.25,2.25
2012.03.07 16:34:45.656,0.9992,0.99931,1.50,1.50
2012.03.07 16:34:45.872,0.99921,0.99933,2.25,2.63
2012.03.07 16:34:46.419,0.99923,0.99932,1.02,1.50
2012.03.07 16:34:46.687,0.99923,0.99934,1.77,2.25
2012.03.07 16:34:47.110,0.99928,0.99935,1.50,1.69
2012.03.07 16:34:47.186,0.99928,0.99938,1.50,1.13
2012.03.07 16:34:47.526,0.99926,0.99938,2.25,1.13
2012.03.07 16:34:48.066,0.99926,0.99938,1.50,1.13
2012.03.07 16:34:48.670,0.99928,0.99938,1.50,1.13
2012.03.07 16:34:48.816,0.99926,0.99938,2.10,1.13
2012.03.07 16:34:50.659,0.99927,0.99938,1.50,1.13
2012.03.07 16:34:51.229,0.99926,0.99938,1.50,1.13
2012.03.07 16:34:51.747,0.99926,0.99938,2.85,1.13
2012.03.07 16:34:54.896,0.99929,0.99939,1.50,2.25
2012.03.07 16:34:54.969,0.99929,0.99941,2.25,1.69
2012.03.07 16:34:55.186,0.99929,0.99942,3.38,1.69
2012.03.07 16:34:55.335,0.99931,0.99943,1.13,6.00
2012.03.07 16:34:55.691,0.99938,0.99946,1.50,1.50
2012.03.07 16:34:56.103,0.99938,0.99946,1.50,1.88
2012.03.07 16:34:56.186,0.99936,0.99946,1.50,7.37
2012.03.07 16:34:56.261,0.99936,0.99946,1.50,4.74
2012.03.07 16:34:56.343,0.99935,0.99947,3.75,2.63
2012.03.07 16:34:56.566,0.99937,0.99947,1.50,1.88
2012.03.07 16:34:56.707,0.99935,0.99947,1.50,2.25
2012.03.07 16:34:57.226,0.99934,0.99946,2.25,2.25
2012.03.07 16:34:57.759,0.99934,0.99946,1.50,3.00
2012.03.07 16:34:57.844,0.99932,0.99944,1.50,1.50
2012.03.07 16:34:59.794,0.99933,0.99945,1.50,2.44
2012.03.07 16:35:00.555,0.99931,0.99945,1.88,2.25
2012.03.07 16:35:00.805,0.99932,0.99944,1.50,1.07
2012.03.07 16:35:01.085,0.99926,0.99936,2.25,1.50
2012.03.07 16:35:01.227,0.99923,0.99936,1.73,2.25
2012.03.07 16:35:01.367,0.99924,0.99934,1.35,1.50
2012.03.07 16:35:02.234,0.99922,0.99936,3.60,2.44
2012.03.07 16:35:02.518,0.99922,0.99936,3.00,3.19
2012.03.07 16:35:02.920,0.99924,0.99936,1.50,1.69
2012.03.07 16:35:06.753,0.99922,0.99934,3.00,1.50
2012.03.07 16:35:07.267,0.99922,0.99936,3.00,3.19
2012.03.07 16:35:07.805,0.99922,0.99936,3.00,3.19
2012.03.07 16:35:08.254,0.99922,0.99936,2.25,3.19
2012.03.07 16:35:08.856,0.99922,0.99936,3.00,3.19
2012.03.07 16:35:09.866,0.99922,0.99936,2.25,3.19
2012.03.07 16:35:11.333,0.99922,0.99936,3.38,3.00
2012.03.07 16:35:11.978,0.99922,0.99936,3.38,3.00
2012.03.07 16:35:12.638,0.99923,0.99935,1.50,2.25
2012.03.07 16:35:15.320,0.99923,0.99935,4.50,2.25
2012.03.07 16:35:17.867,0.99923,0.99936,2.44,1.50
2012.03.07 16:35:18.184,0.99923,0.99936,2.44,1.50
2012.03.07 16:35:18.374,0.99923,0.99936,2.44,1.50
2012.03.07 16:35:19.444,0.99923,0.99936,3.75,1.50
2012.03.07 16:35:19.772,0.99928,0.99939,1.50,1.50
2012.03.07 16:35:19.924,0.9993,0.99941,1.50,1.50
2012.03.07 16:35:20.076,0.99933,0.99942,1.50,1.50
2012.03.07 16:35:20.869,0.99933,0.99945,2.25,3.15
2012.03.07 16:35:21.089,0.99936,0.99947,1.50,1.50
2012.03.07 16:35:21.636,0.99935,0.99946,1.88,1.50
2012.03.07 16:35:22.464,0.99937,0.99947,1.50,1.50
2012.03.07 16:35:22.943,0.99935,0.99947,2.63,3.00
2012.03.07 16:35:23.033,0.99939,0.99948,1.50,1.13
2012.03.07 16:35:23.316,0.99935,0.99947,2.63,2.63
2012.03.07 16:35:23.727,0.99934,0.99946,2.25,2.25
2012.03.07 16:35:24.406,0.99935,0.99946,1.50,1.50
2012.03.07 16:35:25.063,0.99938,0.99951,1.50,3.38
2012.03.07 16:35:25.152,0.9994,0.9995,1.50,2.25
2012.03.07 16:35:25.490,0.99943,0.99952,1.50,1.35
2012.03.07 16:35:26.005,0.99942,0.99952,1.50,1.35
2012.03.07 16:35:26.345,0.99938,0.99949,1.50,1.50
2012.03.07 16:35:26.994,0.99936,0.99948,1.13,2.25
2012.03.07 16:35:27.555,0.99935,0.99947,2.25,2.25
2012.03.07 16:35:28.094,0.99937,0.99949,1.50,2.44
2012.03.07 16:35:28.646,0.99938,0.99949,1.50,2.25
2012.03.07 16:35:29.896,0.99938,0.99948,2.25,1.28
2012.03.07 16:35:30.108,0.99939,0.99949,2.25,1.50
2012.03.07 16:35:30.311,0.99942,0.99951,1.50,2.25
2012.03.07 16:35:30.837,0.99943,0.99951,1.50,2.25
2012.03.07 16:35:31.167,0.99944,0.99951,2.10,1.50
2012.03.07 16:35:31.378,0.99948,0.99958,1.50,2.03
2012.03.07 16:35:31.977,0.99949,0.99958,1.50,1.50
2012.03.07 16:35:32.047,0.99951,0.99958,1.50,1.50
2012.03.07 16:35:32.189,0.99946,0.99958,1.50,2.44
2012.03.07 16:35:32.404,0.99946,0.99956,1.50,1.50
2012.03.07 16:35:32.696,0.99943,0.99955,1.88,2.25
2012.03.07 16:35:33.461,0.99942,0.99955,1.88,1.50
2012.03.07 16:35:33.997,0.99944,0.99955,1.50,1.50
2012.03.07 16:35:34.524,0.99943,0.99955,1.50,1.50
2012.03.07 16:35:37.377,0.99944,0.99955,1.50,1.50
2012.03.07 16:35:37.706,0.99944,0.99955,1.50,2.25
2012.03.07 16:35:38.395,0.99946,0.99956,1.50,2.25
2012.03.07 16:35:38.927,0.99947,0.99957,1.50,1.50
2012.03.07 16:35:40.276,0.99946,0.99958,1.50,3.00
2012.03.07 16:35:41.925,0.99946,0.99957,1.50,2.25
2012.03.07 16:35:42.118,0.99943,0.99956,2.25,1.88
2012.03.07 16:35:42.666,0.99943,0.99956,1.50,1.88
2012.03.07 16:35:43.199,0.99943,0.99956,2.25,2.63
2012.03.07 16:35:43.712,0.99944,0.99956,1.50,2.63
2012.03.07 16:35:44.280,0.99944,0.99956,1.50,2.25
2012.03.07 16:35:44.819,0.99943,0.99955,2.25,2.25
2012.03.07 16:35:46.514,0.99943,0.99955,2.25,2.44
2012.03.07 16:35:47.113,0.99942,0.99954,2.25,1.69
2012.03.07 16:35:47.685,0.99943,0.99955,1.50,1.69
2012.03.07 16:35:48.226,0.99943,0.99955,3.98,2.44
2012.03.07 16:35:48.427,0.99945,0.99957,2.25,2.25
2012.03.07 16:35:48.974,0.99943,0.99956,2.25,2.25
2012.03.07 16:35:49.553,0.99942,0.99954,2.63,1.50
2012.03.07 16:35:50.173,0.99941,0.99955,3.75,3.00
2012.03.07 16:35:50.253,0.99947,0.99955,1.50,1.50
2012.03.07 16:35:50.397,0.99948,0.99958,1.50,1.50
2012.03.07 16:35:50.944,0.99947,0.99958,1.50,2.25
2012.03.07 16:35:51.386,0.99945,0.99958,4.13,2.25
2012.03.07 16:35:51.986,0.99945,0.99957,2.25,1.50
2012.03.07 16:35:52.493,0.99944,0.99956,1.50,3.38
2012.03.07 16:35:53.300,0.99946,0.99956,2.25,1.13
2012.03.07 16:35:53.834,0.99947,0.99958,1.50,1.50
2012.03.07 16:35:54.367,0.99945,0.99958,2.25,1.50
2012.03.07 16:35:55.077,0.99944,0.99956,1.88,1.35
2012.03.07 16:35:55.437,0.99945,0.99952,2.63,2.40
2012.03.07 16:35:55.978,0.99945,0.99952,1.50,1.50
2012.03.07 16:35:56.249,0.99948,0.99957,1.50,3.38
2012.03.07 16:35:56.434,0.99946,0.99957,1.50,3.38
2012.03.07 16:35:56.651,0.99942,0.99954,2.25,1.50
2012.03.07 16:35:57.180,0.99944,0.99955,2.25,1.50
2012.03.07 16:35:57.951,0.99946,0.99957,3.00,1.50
2012.03.07 16:35:58.435,0.99948,0.99959,1.50,1.50
2012.03.07 16:35:58.990,0.99948,0.99959,1.50,1.50
2012.03.07 16:35:59.808,0.99945,0.99958,5.07,1.50
2012.03.07 16:36:00.493,0.99947,0.99958,1.50,1.50
2012.03.07 16:36:01.258,0.99945,0.99957,4.50,1.50
2012.03.07 16:36:01.622,0.99943,0.99955,1.28,1.50
2012.03.07 16:36:01.837,0.99941,0.99955,2.63,1.50
2012.03.07 16:36:03.286,0.99942,0.99956,1.88,3.75
2012.03.07 16:36:04.314,0.99942,0.99956,1.88,3.75
2012.03.07 16:36:04.634,0.99943,0.99956,1.35,3.94
2012.03.07 16:36:05.463,0.99943,0.99955,1.13,2.25
2012.03.07 16:36:05.546,0.99941,0.99955,4.13,3.00
2012.03.07 16:36:06.500,0.99943,0.99955,1.13,2.25
2012.03.07 16:36:06.715,0.99944,0.99956,2.25,3.00
2012.03.07 16:36:07.064,0.99943,0.99956,2.63,2.25
2012.03.07 16:36:07.136,0.99943,0.99954,2.63,1.50
2012.03.07 16:36:07.574,0.99943,0.99951,1.13,1.50
2012.03.07 16:36:07.653,0.99943,0.99955,1.13,1.50
2012.03.07 16:36:08.153,0.99943,0.99954,1.13,1.50
2012.03.07 16:36:08.712,0.99943,0.99955,1.13,1.50
2012.03.07 16:36:09.768,0.99942,0.99955,2.25,1.50
2012.03.07 16:36:13.023,0.99942,0.99955,2.44,1.50
2012.03.07 16:36:13.723,0.99942,0.99956,3.19,4.35
2012.03.07 16:36:15.327,0.99942,0.99954,2.25,1.50
2012.03.07 16:36:15.907,0.99942,0.99955,2.25,1.50
2012.03.07 16:36:16.434,0.99941,0.99955,3.60,3.75
2012.03.07 16:36:16.945,0.99943,0.99955,1.50,3.75
2012.03.07 16:36:17.474,0.99943,0.99955,1.50,3.00
2012.03.07 16:36:18.175,0.99943,0.99956,3.38,1.50
2012.03.07 16:36:18.718,0.99945,0.99957,2.25,1.13
2012.03.07 16:36:19.578,0.99943,0.99956,1.88,3.19
2012.03.07 16:36:20.199,0.99941,0.99955,5.10,2.25
2012.03.07 16:36:20.850,0.99942,0.99955,1.69,1.50
2012.03.07 16:36:21.377,0.99941,0.99955,4.35,2.25
2012.03.07 16:36:22.363,0.99941,0.99955,3.60,3.00
2012.03.07 16:36:23.006,0.99944,0.99955,1.50,3.00
2012.03.07 16:36:23.523,0.99942,0.99954,2.25,1.50
2012.03.07 16:36:23.851,0.99946,0.99955,1.50,1.50
2012.03.07 16:36:24.369,0.99942,0.99955,2.25,1.50
2012.03.07 16:36:25.981,0.99941,0.99955,3.60,3.00
2012.03.07 16:36:26.191,0.99941,0.99953,3.60,1.50
2012.03.07 16:36:26.729,0.99943,0.99955,1.50,3.00
2012.03.07 16:36:27.434,0.99945,0.99955,1.50,1.50
2012.03.07 16:36:27.505,0.99943,0.99955,1.88,1.50
2012.03.07 16:36:28.043,0.99944,0.99955,2.25,1.50
2012.03.07 16:36:28.577,0.99943,0.99956,3.38,2.25
2012.03.07 16:36:29.386,0.99944,0.99956,2.44,2.25
2012.03.07 16:36:30.098,0.99949,0.99959,1.50,3.60
2012.03.07 16:36:31.698,0.99948,0.99959,1.50,2.25
2012.03.07 16:36:32.213,0.99947,0.99959,1.50,3.75
2012.03.07 16:36:32.753,0.99946,0.99959,1.69,2.25
2012.03.07 16:36:33.283,0.99947,0.99958,1.50,1.50
2012.03.07 16:36:35.414,0.99946,0.99958,3.94,1.50
2012.03.07 16:36:36.995,0.99948,0.99958,1.50,1.50
2012.03.07 16:36:37.123,0.99946,0.99959,1.69,2.25
2012.03.07 16:36:38.823,0.99947,0.99959,1.50,2.25
2012.03.07 16:36:39.528,0.99948,0.99959,1.50,2.25
2012.03.07 16:36:40.037,0.99946,0.99959,2.44,2.25
2012.03.07 16:36:40.110,0.99948,0.99958,1.50,1.50
2012.03.07 16:36:40.675,0.99949,0.99959,1.50,2.25
2012.03.07 16:36:43.270,0.9995,0.99959,1.50,2.44
2012.03.07 16:36:43.614,0.99946,0.99959,3.00,2.44
2012.03.07 16:36:44.157,0.99948,0.99959,1.50,2.44
2012.03.07 16:36:45.586,0.99946,0.99958,2.25,2.25
2012.03.07 16:36:47.044,0.99946,0.99958,2.25,1.50
2012.03.07 16:36:48.330,0.99946,0.99959,2.25,3.94
2012.03.07 16:36:48.717,0.99946,0.99958,2.25,1.50
2012.03.07 16:36:49.272,0.99949,0.99959,1.50,2.44
2012.03.07 16:36:49.494,0.99946,0.99958,3.75,2.25
2012.03.07 16:36:50.286,0.99946,0.99958,2.25,3.00
2012.03.07 16:36:50.808,0.99945,0.99959,3.00,3.94
2012.03.07 16:36:51.304,0.99947,0.99959,1.50,3.94
2012.03.07 16:36:54.636,0.99948,0.99959,1.50,2.44
2012.03.07 16:36:54.707,0.99946,0.99959,1.50,2.44
2012.03.07 16:36:55.265,0.99945,0.99956,1.50,2.25
2012.03.07 16:36:55.396,0.99947,0.99958,1.50,2.25
2012.03.07 16:36:55.943,0.99946,0.99959,1.50,3.19
2012.03.07 16:36:57.382,0.99947,0.99959,1.50,4.69
2012.03.07 16:36:58.427,0.99945,0.99959,3.00,4.69
2012.03.07 16:36:59.460,0.99947,0.99959,1.50,4.69
2012.03.07 16:37:00.110,0.99946,0.99958,1.50,2.25
2012.03.07 16:37:00.655,0.99947,0.99959,1.50,4.69
2012.03.07 16:37:03.160,0.99945,0.99959,3.00,4.69
2012.03.07 16:37:03.696,0.99945,0.99957,3.00,1.50
2012.03.07 16:37:04.296,0.99947,0.99958,1.50,1.50
2012.03.07 16:37:04.949,0.99948,0.99958,1.50,1.50
2012.03.07 16:37:05.469,0.99948,0.99956,1.50,1.50
2012.03.07 16:37:05.886,0.99946,0.99956,3.75,1.50
2012.03.07 16:37:08.102,0.99948,0.99956,1.50,1.50
2012.03.07 16:37:08.625,0.99948,0.99959,1.50,3.19
2012.03.07 16:37:09.014,0.99946,0.99959,1.50,3.19
2012.03.07 16:37:11.278,0.99946,0.99958,2.25,1.50
2012.03.07 16:37:11.793,0.99948,0.99956,1.50,1.50
2012.03.07 16:37:11.995,0.99946,0.99956,2.25,1.50
2012.03.07 16:37:13.020,0.99946,0.99956,2.25,1.50
2012.03.07 16:37:13.156,0.99948,0.99956,1.50,1.50
2012.03.07 16:37:13.957,0.99947,0.99956,1.50,1.50
2012.03.07 16:37:15.764,0.99948,0.99956,1.50,1.50
2012.03.07 16:37:16.449,0.99952,0.99959,1.50,1.50
2012.03.07 16:37:16.718,0.9995,0.99958,1.50,1.50
2012.03.07 16:37:16.787,0.9995,0.99958,1.50,1.50
2012.03.07 16:37:16.859,0.99948,0.99958,2.25,1.50
2012.03.07 16:37:19.084,0.99947,0.99958,2.25,1.50
2012.03.07 16:37:19.968,0.99949,0.99959,1.50,1.50
2012.03.07 16:37:20.416,0.99946,0.99959,2.25,1.50
2012.03.07 16:37:20.484,0.99948,0.99959,1.50,1.50
2012.03.07 16:37:20.675,0.99945,0.99959,3.00,3.00
2012.03.07 16:37:20.888,0.99948,0.99959,1.50,1.50
2012.03.07 16:37:21.494,0.9995,0.99959,1.50,1.50
2012.03.07 16:37:22.013,0.99949,0.99961,1.50,1.88
2012.03.07 16:37:22.484,0.99947,0.99958,1.50,1.50
2012.03.07 16:37:23.028,0.99948,0.99958,1.50,1.50
2012.03.07 16:37:24.074,0.99949,0.99961,3.00,1.88
2012.03.07 16:37:25.027,0.99949,0.99961,3.38,2.25
2012.03.07 16:37:25.559,0.99949,0.99961,3.38,2.25
2012.03.07 16:37:26.298,0.99949,0.99961,2.25,2.25
2012.03.07 16:37:26.436,0.99951,0.99962,1.50,1.13
2012.03.07 16:37:26.914,0.99948,0.99962,2.25,2.63
2012.03.07 16:37:27.315,0.99951,0.99962,1.50,1.13
2012.03.07 16:37:27.937,0.9995,0.99962,2.25,2.63
2012.03.07 16:37:29.230,0.99951,0.99963,1.50,1.69
2012.03.07 16:37:29.865,0.99949,0.99961,2.25,2.25
2012.03.07 16:37:31.428,0.99947,0.9996,1.50,2.25
2012.03.07 16:37:31.996,0.99947,0.9996,1.50,2.25
2012.03.07 16:37:32.661,0.99948,0.99961,2.25,2.25
2012.03.07 16:37:32.948,0.99946,0.99959,1.50,1.50
2012.03.07 16:37:33.575,0.99947,0.99959,1.50,1.50
2012.03.07 16:37:34.077,0.99946,0.99959,1.50,1.50
2012.03.07 16:37:34.461,0.9995,0.99962,2.25,3.94
2012.03.07 16:37:35.131,0.99952,0.99964,1.50,5.63
2012.03.07 16:37:35.215,0.99949,0.99961,3.00,1.50
2012.03.07 16:37:35.478,0.99951,0.99963,1.50,2.44
2012.03.07 16:37:36.476,0.99949,0.99962,3.00,1.69
2012.03.07 16:37:37.426,0.9995,0.99962,1.50,1.50
2012.03.07 16:37:37.945,0.99949,0.99963,3.00,1.50
2012.03.07 16:37:38.684,0.99951,0.99964,1.50,1.88
2012.03.07 16:37:39.129,0.99952,0.99966,1.50,2.63
2012.03.07 16:37:39.819,0.9995,0.9996,4.35,1.50
2012.03.07 16:37:40.214,0.99946,0.99958,2.44,2.25
2012.03.07 16:37:40.348,0.99945,0.99956,1.54,1.50
2012.03.07 16:37:40.605,0.99947,0.99959,1.50,2.25
2012.03.07 16:37:40.985,0.99944,0.99957,4.35,1.50
2012.03.07 16:37:41.591,0.99944,0.99958,5.25,3.00
2012.03.07 16:37:41.690,0.99946,0.99958,1.50,3.75
2012.03.07 16:37:42.421,0.99947,0.99958,1.50,2.25
2012.03.07 16:37:42.838,0.99945,0.99958,2.25,2.25
2012.03.07 16:37:43.358,0.99946,0.99958,1.50,2.25
2012.03.07 16:37:44.198,0.99947,0.99958,1.50,2.25
2012.03.07 16:37:45.805,0.99946,0.99958,1.50,2.25
2012.03.07 16:37:46.539,0.99946,0.99958,1.50,2.85
2012.03.07 16:37:46.887,0.99943,0.99957,2.63,1.50
2012.03.07 16:37:47.340,0.99947,0.99958,1.50,3.75
2012.03.07 16:37:47.724,0.99945,0.99958,4.50,2.25
2012.03.07 16:37:47.857,0.99947,0.99958,1.50,2.25
2012.03.07 16:37:48.296,0.99945,0.99958,3.00,2.25
2012.03.07 16:37:48.932,0.99946,0.99958,1.50,1.50
2012.03.07 16:37:49.025,0.99947,0.9996,1.35,2.63
2012.03.07 16:37:49.578,0.99951,0.99961,1.50,1.13
2012.03.07 16:37:49.738,0.99946,0.99959,2.25,1.50
2012.03.07 16:37:49.956,0.99945,0.99956,1.50,1.50
2012.03.07 16:37:50.541,0.99944,0.99956,6.23,1.50
2012.03.07 16:37:50.620,0.99946,0.99959,1.50,2.25
2012.03.07 16:37:51.109,0.99948,0.99958,1.50,1.50
2012.03.07 16:37:51.416,0.9995,0.99959,1.50,2.25
2012.03.07 16:37:51.969,0.99949,0.99959,1.50,2.44
2012.03.07 16:37:52.928,0.99946,0.99959,3.00,2.44
2012.03.07 16:37:53.949,0.99947,0.99958,1.50,1.50
2012.03.07 16:37:54.204,0.9995,0.99961,1.50,6.00
2012.03.07 16:37:54.894,0.99948,0.9996,1.50,1.69
2012.03.07 16:37:56.398,0.99949,0.99961,1.50,3.75
2012.03.07 16:37:56.944,0.99947,0.99959,1.50,1.69
2012.03.07 16:37:57.507,0.99949,0.99961,1.50,3.75
2012.03.07 16:37:58.044,0.99949,0.9996,1.50,2.44
2012.03.07 16:37:58.188,0.99947,0.99959,1.50,2.44
2012.03.07 16:37:58.736,0.99944,0.99957,3.00,1.50
2012.03.07 16:37:58.817,0.99953,0.99963,1.50,1.13
2012.03.07 16:37:59.364,0.99953,0.99965,1.50,3.75
2012.03.07 16:37:59.506,0.99951,0.99965,1.50,3.75
2012.03.07 16:37:59.695,0.99953,0.99965,1.50,3.75
2012.03.07 16:38:00.015,0.99953,0.99965,1.50,1.50
2012.03.07 16:38:02.413,0.99953,0.99965,1.50,1.88
2012.03.07 16:38:02.546,0.99953,0.99962,1.50,1.65
2012.03.07 16:38:02.891,0.99946,0.99958,2.25,3.00
2012.03.07 16:38:02.967,0.99946,0.99958,1.50,3.00
2012.03.07 16:38:03.101,0.99944,0.99956,4.88,1.50
2012.03.07 16:38:05.965,0.99945,0.99957,4.88,2.25
2012.03.07 16:38:06.604,0.99954,0.99966,1.50,1.82
2012.03.07 16:38:06.685,0.99956,0.99967,1.50,1.88
2012.03.07 16:38:07.147,0.99954,0.99967,1.50,2.48
2012.03.07 16:38:07.987,0.99954,0.99967,2.82,1.35
2012.03.07 16:38:08.389,0.99955,0.99967,1.50,2.25
2012.03.07 16:38:08.458,0.99953,0.99967,1.69,3.00
2012.03.07 16:38:08.659,0.99952,0.99964,1.50,1.50
2012.03.07 16:38:09.294,0.99952,0.99966,1.50,2.63
2012.03.07 16:38:14.564,0.99952,0.99966,2.25,2.63
2012.03.07 16:38:14.757,0.99954,0.99968,5.67,2.25
2012.03.07 16:38:14.886,0.99958,0.99969,1.50,2.63
2012.03.07 16:38:16.136,0.99956,0.99968,3.00,2.25
2012.03.07 16:38:18.135,0.99955,0.99967,2.25,1.50
2012.03.07 16:38:18.666,0.99956,0.99969,1.50,2.44
2012.03.07 16:38:26.648,0.99955,0.99967,3.00,1.50
2012.03.07 16:38:27.156,0.99956,0.99968,2.25,1.50
2012.03.07 16:38:27.780,0.99955,0.99968,4.50,1.50
2012.03.07 16:38:32.347,0.99955,0.99967,3.00,1.07
2012.03.07 16:38:32.638,0.99949,0.9996,1.13,2.25
2012.03.07 16:38:32.777,0.99946,0.99959,2.25,3.19
2012.03.07 16:38:33.305,0.99945,0.99957,3.38,1.50
2012.03.07 16:38:33.834,0.99947,0.9996,1.50,4.50
2012.03.07 16:38:34.982,0.99945,0.99958,4.13,3.00
2012.03.07 16:38:35.644,0.99945,0.99958,4.13,2.25
2012.03.07 16:38:36.197,0.99945,0.99958,4.13,3.00
2012.03.07 16:38:36.471,0.99946,0.9996,2.25,3.19
2012.03.07 16:38:37.156,0.99947,0.99961,2.25,4.50
2012.03.07 16:38:37.425,0.99948,0.99961,1.35,4.50
2012.03.07 16:38:37.495,0.99948,0.99961,1.35,2.63
2012.03.07 16:38:37.758,0.99947,0.99961,2.25,2.63
2012.03.07 16:38:38.277,0.99948,0.99961,1.35,2.63
2012.03.07 16:38:38.853,0.99947,0.99961,2.25,2.63
2012.03.07 16:38:38.929,0.99947,0.99961,2.25,5.25
2012.03.07 16:38:39.558,0.99945,0.99959,4.88,1.69
2012.03.07 16:38:39.815,0.99946,0.9996,2.25,4.69
2012.03.07 16:38:40.004,0.99945,0.99958,2.63,1.50
2012.03.07 16:38:40.515,0.99945,0.99958,2.63,2.25
2012.03.07 16:38:41.064,0.99945,0.99958,1.88,1.69
2012.03.07 16:38:43.105,0.99945,0.99957,4.88,1.69
2012.03.07 16:38:43.665,0.99946,0.9996,2.85,4.50
2012.03.07 16:38:44.244,0.99946,0.9996,3.60,5.25
2012.03.07 16:38:44.437,0.99946,0.9996,4.35,1.50
2012.03.07 16:38:44.568,0.9995,0.9996,1.13,1.50
2012.03.07 16:38:44.898,0.99953,0.99965,1.50,4.13
2012.03.07 16:38:45.024,0.99953,0.99965,1.50,3.38
2012.03.07 16:38:45.566,0.99955,0.99965,1.13,2.25
2012.03.07 16:38:46.077,0.99954,0.99966,2.44,2.25
2012.03.07 16:38:47.639,0.99954,0.99965,1.50,1.50
2012.03.07 16:38:47.734,0.99947,0.99958,2.25,3.94
2012.03.07 16:38:47.950,0.99945,0.99957,1.35,2.44
2012.03.07 16:38:48.480,0.99944,0.99957,3.38,2.44
2012.03.07 16:38:49.005,0.99944,0.99956,4.88,1.50
2012.03.07 16:38:49.735,0.99944,0.99958,4.88,3.94
2012.03.07 16:38:50.516,0.99943,0.99955,3.75,1.50
2012.03.07 16:38:51.094,0.99943,0.99955,2.85,1.50
2012.03.07 16:38:52.937,0.99943,0.99955,2.10,1.88
2012.03.07 16:38:53.689,0.99943,0.99955,1.50,1.88
2012.03.07 16:38:57.916,0.99943,0.99955,1.50,1.88
2012.03.07 16:38:58.566,0.99939,0.99948,3.60,1.13
2012.03.07 16:38:58.654,0.99934,0.99948,2.25,1.88
2012.03.07 16:38:58.728,0.99934,0.99948,1.50,2.63
2012.03.07 16:38:58.868,0.9994,0.99948,1.13,2.63
2012.03.07 16:38:59.077,0.99941,0.99951,1.50,2.07
2012.03.07 16:38:59.526,0.99941,0.99954,1.50,1.13
2012.03.07 16:38:59.801,0.99939,0.99953,1.69,3.60
2012.03.07 16:38:59.883,0.99939,0.99952,1.69,2.25
2012.03.07 16:39:00.412,0.99936,0.99948,1.50,1.50
2012.03.07 16:39:00.910,0.99938,0.9995,1.50,2.82
2012.03.07 16:39:01.306,0.99938,0.99949,1.50,2.25
2012.03.07 16:39:01.445,0.99934,0.99946,3.00,1.50
2012.03.07 16:39:02.233,0.99934,0.99948,3.00,1.88
2012.03.07 16:39:02.474,0.99937,0.99949,3.00,2.25
2012.03.07 16:39:02.552,0.99939,0.99951,1.50,2.44
2012.03.07 16:39:03.252,0.99938,0.99952,1.50,3.19
2012.03.07 16:39:04.606,0.99938,0.99952,3.00,3.19
2012.03.07 16:39:04.722,0.99945,0.99953,2.85,2.25
2012.03.07 16:39:05.027,0.9995,0.99958,1.50,1.50
2012.03.07 16:39:05.103,0.99952,0.99959,1.50,1.50
2012.03.07 16:39:05.323,0.99952,0.99964,2.25,1.65
2012.03.07 16:39:05.398,0.99951,0.99963,2.25,1.65
2012.03.07 16:39:06.027,0.99951,0.99963,1.50,1.50
2012.03.07 16:39:06.122,0.9995,0.99959,2.25,2.25
2012.03.07 16:39:06.340,0.99945,0.99958,1.50,1.50
2012.03.07 16:39:06.901,0.99944,0.99956,1.50,1.50
2012.03.07 16:39:06.967,0.99942,0.99956,2.25,1.50
2012.03.07 16:39:09.196,0.99942,0.99956,3.00,2.10
2012.03.07 16:39:09.724,0.99942,0.99956,2.25,2.10
2012.03.07 16:39:10.319,0.99943,0.99956,2.85,1.50
2012.03.07 16:39:10.948,0.99944,0.99958,3.00,1.69
2012.03.07 16:39:11.456,0.99944,0.99958,1.50,2.44
2012.03.07 16:39:12.253,0.99944,0.99956,1.50,1.50
2012.03.07 16:39:13.435,0.99945,0.99957,1.50,2.44
2012.03.07 16:39:13.897,0.99943,0.99957,3.60,2.44
2012.03.07 16:39:14.836,0.99943,0.99955,2.85,1.50
2012.03.07 16:39:26.658,0.99946,0.99958,1.50,3.94
2012.03.07 16:39:27.375,0.99944,0.99957,1.50,2.44
2012.03.07 16:39:27.914,0.99943,0.99957,1.50,2.44
2012.03.07 16:39:28.851,0.99942,0.99954,3.00,2.25
2012.03.07 16:39:29.268,0.99943,0.99957,1.50,3.94
2012.03.07 16:39:29.804,0.99943,0.99956,1.50,2.25
2012.03.07 16:39:29.875,0.99942,0.99954,3.00,1.50
2012.03.07 16:39:30.306,0.99942,0.99956,3.00,2.25
2012.03.07 16:39:31.736,0.99942,0.99956,3.00,2.25
2012.03.07 16:39:32.408,0.99943,0.99957,2.25,3.19
2012.03.07 16:39:33.783,0.99943,0.99957,1.50,4.32
2012.03.07 16:39:34.296,0.99942,0.99954,3.00,1.50
2012.03.07 16:39:36.626,0.99942,0.99956,3.00,2.25
2012.03.07 16:39:37.344,0.99942,0.99955,1.50,1.50
2012.03.07 16:39:38.035,0.99942,0.99956,3.00,2.25
2012.03.07 16:39:38.748,0.99943,0.99956,1.50,2.25
2012.03.07 16:39:39.353,0.99943,0.99955,1.50,1.50
2012.03.07 16:39:40.103,0.99941,0.99955,3.00,1.50
2012.03.07 16:39:40.625,0.99942,0.99956,3.00,2.25
2012.03.07 16:39:41.183,0.99942,0.99956,3.00,2.25
2012.03.07 16:39:41.697,0.99942,0.99956,2.25,2.63
2012.03.07 16:39:42.566,0.99945,0.99957,1.65,2.25
2012.03.07 16:39:42.906,0.99948,0.99958,2.25,1.50
2012.03.07 16:39:43.046,0.99948,0.99958,1.50,1.50
2012.03.07 16:39:43.119,0.99948,0.99958,1.50,2.25
2012.03.07 16:39:43.547,0.99945,0.99956,2.25,1.50
2012.03.07 16:39:45.319,0.99945,0.99956,2.25,1.50
2012.03.07 16:39:45.825,0.99945,0.99956,2.25,1.50
2012.03.07 16:39:47.661,0.99945,0.99957,2.25,3.00
2012.03.07 16:39:50.247,0.99945,0.99956,1.50,1.50
2012.03.07 16:39:50.963,0.99945,0.99956,2.25,1.50
2012.03.07 16:39:51.638,0.99945,0.99956,2.25,1.50
2012.03.07 16:39:53.396,0.99945,0.99957,2.25,3.00
2012.03.07 16:39:54.953,0.99945,0.99957,2.25,3.00
2012.03.07 16:39:56.584,0.99945,0.99957,2.25,3.00
2012.03.07 16:39:57.025,0.99945,0.99957,1.50,1.50
2012.03.07 16:39:58.623,0.99945,0.99957,2.25,1.50
2012.03.07 16:40:00.675,0.99945,0.99957,2.25,1.50
2012.03.07 16:40:04.015,0.99945,0.99957,2.25,1.50
2012.03.07 16:40:07.184,0.99945,0.99957,2.25,2.25
2012.03.07 16:40:07.255,0.99945,0.99954,2.25,2.40
2012.03.07 16:40:07.385,0.99941,0.99951,1.50,1.50
2012.03.07 16:40:07.459,0.99939,0.99947,1.13,1.50
2012.03.07 16:40:07.671,0.99933,0.99944,1.73,1.50
2012.03.07 16:40:08.357,0.99933,0.99945,2.10,1.50
2012.03.07 16:40:08.937,0.99935,0.99945,1.13,1.50
2012.03.07 16:40:09.008,0.99935,0.99947,3.38,1.50
2012.03.07 16:40:11.884,0.99935,0.99946,1.88,1.50
2012.03.07 16:40:12.446,0.99935,0.99947,3.38,1.50
2012.03.07 16:40:14.712,0.99935,0.99947,1.50,2.63
2012.03.07 16:40:15.108,0.99931,0.99945,4.13,1.50
2012.03.07 16:40:16.147,0.99932,0.99945,1.35,1.50
2012.03.07 16:40:16.642,0.99934,0.99946,1.50,2.44
2012.03.07 16:40:16.788,0.99934,0.99946,2.63,3.75
2012.03.07 16:40:17.407,0.99934,0.99942,1.50,3.00
2012.03.07 16:40:17.490,0.99928,0.9994,4.20,2.25
2012.03.07 16:40:17.629,0.99928,0.99942,1.88,4.35
2012.03.07 16:40:18.179,0.99927,0.9994,1.35,2.25
2012.03.07 16:40:19.187,0.99926,0.99939,2.25,1.50
2012.03.07 16:40:19.726,0.99925,0.99939,5.63,3.00
2012.03.07 16:40:20.729,0.99926,0.99938,2.25,2.25
2012.03.07 16:40:21.437,0.99926,0.99937,1.50,2.25
2012.03.07 16:40:21.580,0.99923,0.99935,1.50,1.50
2012.03.07 16:40:22.195,0.99923,0.99935,2.25,1.50
2012.03.07 16:40:22.489,0.99924,0.99932,1.73,1.50
2012.03.07 16:40:22.726,0.99924,0.99937,1.73,2.25
2012.03.07 16:40:23.632,0.99925,0.99936,1.73,1.50
2012.03.07 16:40:24.168,0.99925,0.99938,3.98,3.00
2012.03.07 16:40:24.275,0.99926,0.99938,2.48,1.50
2012.03.07 16:40:24.365,0.99926,0.99939,3.98,3.00
2012.03.07 16:40:25.216,0.99929,0.99938,1.50,1.50
2012.03.07 16:40:25.327,0.99926,0.99936,1.13,1.50
2012.03.07 16:40:25.401,0.99924,0.99936,3.38,1.50
2012.03.07 16:40:25.737,0.99924,0.99938,4.50,6.00
2012.03.07 16:40:26.267,0.99924,0.99938,3.75,3.75
2012.03.07 16:40:26.868,0.99923,0.99935,2.85,1.50
2012.03.07 16:40:29.020,0.99922,0.99934,1.50,1.50
2012.03.07 16:40:29.748,0.99921,0.99935,4.35,2.25
2012.03.07 16:40:31.700,0.99922,0.99935,1.50,2.25
2012.03.07 16:40:31.781,0.9992,0.99933,1.88,1.50
2012.03.07 16:40:32.328,0.9992,0.99934,2.63,3.38
2012.03.07 16:40:32.669,0.9992,0.99934,2.63,3.38
2012.03.07 16:40:32.811,0.99918,0.99932,2.85,3.00
2012.03.07 16:40:33.308,0.99919,0.99931,1.50,3.00
2012.03.07 16:40:33.522,0.99917,0.9993,1.50,4.13
2012.03.07 16:40:33.607,0.99916,0.99927,2.25,1.50
2012.03.07 16:40:35.279,0.99915,0.99927,5.10,1.88
2012.03.07 16:40:36.210,0.99914,0.99926,1.50,4.50
2012.03.07 16:40:36.708,0.99913,0.99925,2.10,2.25
2012.03.07 16:40:37.259,0.99912,0.99926,2.85,3.19
2012.03.07 16:40:37.895,0.99916,0.99926,1.50,1.69
2012.03.07 16:40:38.115,0.99914,0.99926,2.25,1.50
2012.03.07 16:40:38.579,0.99914,0.99928,5.63,1.69
2012.03.07 16:40:38.845,0.99916,0.99928,1.88,1.50
2012.03.07 16:40:39.093,0.9992,0.9993,1.50,1.50
2012.03.07 16:40:39.612,0.99921,0.99933,2.25,3.75
2012.03.07 16:40:40.041,0.99921,0.99933,2.25,1.50
2012.03.07 16:40:40.613,0.99923,0.99933,2.07,1.50
2012.03.07 16:40:41.089,0.99924,0.99936,1.88,1.50
2012.03.07 16:40:41.357,0.99924,0.99937,2.25,2.63
2012.03.07 16:40:42.766,0.99923,0.99937,1.50,4.88
2012.03.07 16:40:43.648,0.99922,0.99937,3.00,3.00
2012.03.07 16:40:43.957,0.99924,0.99937,1.50,3.75
2012.03.07 16:40:44.099,0.99926,0.99937,1.50,1.88
2012.03.07 16:40:44.636,0.99925,0.99937,1.50,3.00
2012.03.07 16:40:45.577,0.99924,0.99936,1.50,1.50
2012.03.07 16:40:45.732,0.99927,0.99937,1.50,1.13
2012.03.07 16:40:45.940,0.99924,0.99937,2.25,1.50
2012.03.07 16:40:47.075,0.99924,0.99936,1.50,2.25
2012.03.07 16:40:50.107,0.99925,0.99937,1.50,4.50
2012.03.07 16:40:50.454,0.99923,0.99934,1.50,1.50
2012.03.07 16:40:50.979,0.99922,0.99936,1.88,2.25
2012.03.07 16:40:51.565,0.99921,0.99935,1.69,3.00
2012.03.07 16:40:53.418,0.99921,0.99935,2.44,3.00
2012.03.07 16:40:55.594,0.99926,0.99936,1.50,1.50
2012.03.07 16:40:56.146,0.99926,0.99938,1.50,3.57
2012.03.07 16:40:56.427,0.99924,0.99938,3.00,3.57
2012.03.07 16:40:57.241,0.99925,0.99938,1.50,2.25
2012.03.07 16:40:57.773,0.99924,0.99938,1.88,3.38
2012.03.07 16:40:58.317,0.99925,0.99938,1.50,1.88
2012.03.07 16:40:59.003,0.99923,0.99937,2.63,2.25
2012.03.07 16:40:59.557,0.99923,0.99937,1.50,2.63
2012.03.07 16:41:00.471,0.99924,0.99936,1.50,2.25
2012.03.07 16:41:02.630,0.99923,0.99937,3.00,3.75
2012.03.07 16:41:05.617,0.99923,0.99935,1.50,1.50
2012.03.07 16:41:05.982,0.99916,0.99928,2.44,2.25
2012.03.07 16:41:06.060,0.99914,0.99926,2.25,1.50
2012.03.07 16:41:07.302,0.99911,0.99922,1.50,1.50
2012.03.07 16:41:07.775,0.99911,0.99924,2.25,1.13
2012.03.07 16:41:08.128,0.99913,0.99921,1.50,1.50
2012.03.07 16:41:08.407,0.999,0.99915,3.19,1.88
2012.03.07 16:41:08.623,0.99902,0.99915,2.10,1.13
2012.03.07 16:41:09.175,0.99902,0.99914,1.35,1.50
2012.03.07 16:41:09.398,0.99897,0.9991,1.50,1.50
2012.03.07 16:41:09.537,0.99897,0.9991,2.25,1.50
2012.03.07 16:41:09.888,0.999,0.99914,2.25,3.38
2012.03.07 16:41:09.956,0.999,0.99914,2.25,2.63
2012.03.07 16:41:10.100,0.99903,0.99914,1.50,1.13
2012.03.07 16:41:11.349,0.99902,0.99915,1.50,1.50
2012.03.07 16:41:11.697,0.99899,0.99909,2.25,1.50
2012.03.07 16:41:11.910,0.99894,0.99908,2.85,2.63
2012.03.07 16:41:13.489,0.99897,0.9991,2.25,1.88
2012.03.07 16:41:14.015,0.99899,0.99912,3.00,1.50
2012.03.07 16:41:14.578,0.99899,0.99913,1.50,1.69
2012.03.07 16:41:15.105,0.99898,0.99913,2.25,3.04
2012.03.07 16:41:15.435,0.999,0.99914,1.50,4.54
2012.03.07 16:41:16.089,0.99901,0.99913,1.50,3.19
2012.03.07 16:41:16.746,0.99901,0.99913,1.50,1.50
2012.03.07 16:41:16.830,0.99904,0.99915,1.50,1.88
2012.03.07 16:41:17.357,0.99905,0.99916,1.50,1.13
2012.03.07 16:41:18.151,0.99903,0.99915,1.50,1.88
2012.03.07 16:41:18.720,0.999,0.99912,4.13,1.50
2012.03.07 16:41:18.859,0.999,0.99914,4.13,1.50
2012.03.07 16:41:19.005,0.99904,0.99916,1.50,2.63
2012.03.07 16:41:19.357,0.99906,0.99918,1.50,4.50
2012.03.07 16:41:20.217,0.99903,0.99918,2.25,6.00
2012.03.07 16:41:20.959,0.99903,0.99918,3.00,3.38
2012.03.07 16:41:21.961,0.99903,0.99917,3.00,1.88
2012.03.07 16:41:22.388,0.99904,0.99916,3.00,1.88
2012.03.07 16:41:22.714,0.99904,0.99916,1.50,1.50
2012.03.07 16:41:23.511,0.99903,0.99916,1.50,1.50
2012.03.07 16:41:24.053,0.99903,0.99916,1.50,1.88
2012.03.07 16:41:24.567,0.99903,0.99916,1.50,1.88
2012.03.07 16:41:25.305,0.99903,0.99916,1.50,1.88
2012.03.07 16:41:27.119,0.99903,0.99916,1.50,1.50
2012.03.07 16:41:27.187,0.99903,0.99916,2.25,1.50
2012.03.07 16:41:27.515,0.99905,0.99918,3.75,1.50
2012.03.07 16:41:29.816,0.99906,0.99918,1.50,1.50
2012.03.07 16:41:30.373,0.99903,0.99917,2.63,3.00
2012.03.07 16:41:30.929,0.99903,0.99917,3.98,2.25
2012.03.07 16:41:31.066,0.99903,0.99917,3.60,4.50
2012.03.07 16:41:31.585,0.99903,0.99917,2.85,2.82
2012.03.07 16:41:33.776,0.99904,0.99917,1.50,2.07
2012.03.07 16:41:34.568,0.99903,0.99917,3.60,4.50
2012.03.07 16:41:36.092,0.99903,0.99915,3.60,1.69
2012.03.07 16:41:36.682,0.99903,0.99915,2.85,1.69
2012.03.07 16:41:37.229,0.99903,0.99916,1.35,1.69
2012.03.07 16:41:37.772,0.99904,0.99916,1.50,1.69
2012.03.07 16:41:39.214,0.99903,0.99915,2.25,1.69
2012.03.07 16:41:48.167,0.99904,0.99916,1.50,1.50
2012.03.07 16:41:48.707,0.99903,0.99917,3.00,1.88
2012.03.07 16:41:49.076,0.99903,0.99917,3.00,1.88
2012.03.07 16:41:49.671,0.99903,0.99917,3.00,1.88
2012.03.07 16:41:56.192,0.99902,0.99914,1.35,1.50
2012.03.07 16:41:56.747,0.99905,0.99914,1.13,1.50
2012.03.07 16:41:56.834,0.99905,0.99918,1.88,1.50
2012.03.07 16:41:57.051,0.99905,0.99919,1.50,3.75
2012.03.07 16:41:57.132,0.99902,0.99917,2.85,2.82
2012.03.07 16:41:59.457,0.99902,0.99917,2.85,2.07
2012.03.07 16:42:03.434,0.99904,0.99916,1.50,2.44
2012.03.07 16:42:04.191,0.99903,0.99916,1.50,2.25
2012.03.07 16:42:04.702,0.999,0.99915,3.00,5.22
2012.03.07 16:42:05.060,0.99901,0.99915,2.33,6.57
2012.03.07 16:42:05.410,0.99908,0.9992,1.69,1.50
2012.03.07 16:42:05.480,0.9991,0.99923,1.50,3.00
2012.03.07 16:42:05.973,0.9991,0.99923,1.50,5.63
2012.03.07 16:42:06.358,0.99905,0.99917,3.19,1.50
2012.03.07 16:42:06.948,0.99906,0.99918,2.25,1.50
2012.03.07 16:42:08.069,0.99903,0.99915,3.38,1.50
2012.03.07 16:42:08.677,0.99904,0.99916,1.50,1.50
2012.03.07 16:42:09.501,0.99903,0.99916,1.13,1.50
2012.03.07 16:42:10.025,0.99904,0.99916,1.50,1.50
2012.03.07 16:42:12.006,0.99906,0.99918,1.50,3.00
2012.03.07 16:42:12.289,0.99904,0.99918,1.69,1.50
2012.03.07 16:42:12.989,0.99904,0.99918,2.44,2.25
2012.03.07 16:42:13.517,0.99904,0.99916,2.44,1.50
2012.03.07 16:42:15.627,0.99903,0.99915,2.44,1.50
2012.03.07 16:42:16.355,0.99904,0.99916,1.69,2.25
2012.03.07 16:42:18.766,0.99903,0.99915,1.88,1.50
2012.03.07 16:42:19.299,0.99903,0.99917,1.88,3.00
2012.03.07 16:42:21.664,0.99903,0.99917,1.69,2.25
2012.03.07 16:42:22.250,0.99903,0.99917,3.94,2.25
2012.03.07 16:42:22.327,0.99906,0.9992,1.50,4.88
2012.03.07 16:42:22.645,0.99903,0.9992,4.69,4.88
2012.03.07 16:42:22.791,0.99903,0.9992,5.44,4.13
2012.03.07 16:42:23.344,0.99904,0.99918,1.69,1.50
2012.03.07 16:42:26.507,0.99906,0.99918,2.25,1.50
2012.03.07 16:42:26.940,0.9991,0.99918,1.50,1.50
2012.03.07 16:42:27.088,0.99911,0.99923,6.60,1.50
2012.03.07 16:42:27.236,0.99915,0.99927,1.50,2.25
2012.03.07 16:42:27.961,0.99912,0.99928,2.63,3.57
2012.03.07 16:42:28.504,0.99913,0.99928,1.88,1.32
2012.03.07 16:42:29.816,0.99913,0.99927,1.69,2.25
2012.03.07 16:42:30.375,0.99914,0.99926,1.50,1.50
2012.03.07 16:42:30.925,0.99913,0.99927,1.69,2.25
2012.03.07 16:42:31.253,0.99913,0.99922,1.50,1.50
2012.03.07 16:42:31.612,0.9991,0.99919,3.38,2.25
2012.03.07 16:42:32.128,0.99906,0.99919,4.50,3.00
2012.03.07 16:42:32.458,0.99908,0.99922,1.69,3.00
2012.03.07 16:42:32.787,0.99906,0.99921,1.50,2.25
2012.03.07 16:42:32.925,0.99904,0.9992,3.98,5.82
2012.03.07 16:42:33.450,0.99906,0.9992,1.50,4.32
2012.03.07 16:42:34.367,0.99907,0.9992,2.44,3.38
2012.03.07 16:42:34.887,0.99908,0.9992,1.50,4.88
2012.03.07 16:42:35.400,0.99907,0.99919,1.50,2.25
2012.03.07 16:42:35.469,0.99905,0.99917,3.19,1.50
2012.03.07 16:42:36.037,0.99904,0.99916,2.44,1.50
2012.03.07 16:42:36.656,0.99904,0.99916,2.25,1.50
2012.03.07 16:42:39.480,0.99905,0.99917,1.50,1.50
2012.03.07 16:42:42.932,0.99906,0.99917,2.25,1.50
2012.03.07 16:42:43.013,0.99906,0.9992,3.75,5.25
2012.03.07 16:42:43.973,0.9991,0.9992,1.32,1.50
2012.03.07 16:42:44.060,0.99914,0.99925,1.50,3.00
2012.03.07 16:42:44.201,0.99916,0.99928,2.25,3.00
2012.03.07 16:42:44.747,0.99918,0.99929,1.69,1.50
2012.03.07 16:42:45.257,0.99916,0.99929,2.25,2.63
2012.03.07 16:42:45.599,0.9992,0.99932,1.69,3.00
2012.03.07 16:42:46.148,0.99918,0.99931,3.60,1.50
2012.03.07 16:42:46.667,0.99919,0.99932,1.50,2.25
2012.03.07 16:42:46.914,0.99917,0.99931,1.69,2.25
2012.03.07 16:42:47.168,0.9992,0.99932,1.50,3.19
2012.03.07 16:42:47.751,0.9992,0.99932,1.50,3.94
2012.03.07 16:42:48.257,0.9992,0.99932,1.50,2.44
2012.03.07 16:42:48.756,0.99919,0.99931,1.69,3.75
2012.03.07 16:42:48.887,0.99917,0.99929,1.50,3.00
2012.03.07 16:42:49.607,0.99917,0.99928,1.50,1.50
2012.03.07 16:42:50.020,0.99915,0.99928,4.73,3.00
2012.03.07 16:42:50.534,0.99917,0.99929,1.13,3.00
2012.03.07 16:42:50.896,0.9992,0.99931,5.10,1.50
2012.03.07 16:42:51.489,0.99926,0.99934,1.50,1.50
2012.03.07 16:42:51.573,0.99924,0.99937,1.50,1.69
2012.03.07 16:42:52.903,0.99924,0.99936,1.69,1.50
2012.03.07 16:42:53.525,0.99924,0.99937,1.69,1.50
2012.03.07 16:42:53.673,0.99925,0.99937,2.25,1.13
2012.03.07 16:42:54.239,0.99927,0.99938,1.69,1.13
2012.03.07 16:42:54.796,0.99928,0.99938,1.50,1.13
2012.03.07 16:42:56.277,0.99928,0.99938,1.50,1.88
2012.03.07 16:42:56.835,0.99928,0.99938,1.50,1.13
2012.03.07 16:42:57.370,0.99927,0.99938,1.69,1.13
2012.03.07 16:42:58.494,0.99927,0.99938,1.69,1.88
2012.03.07 16:42:59.884,0.99927,0.99939,2.44,1.13
2012.03.07 16:43:00.669,0.99928,0.99939,1.50,1.50
2012.03.07 16:43:01.231,0.99927,0.99938,1.69,1.13
2012.03.07 16:43:01.765,0.99927,0.99939,1.69,2.63
2012.03.07 16:43:02.594,0.99927,0.99938,2.44,1.13
2012.03.07 16:43:03.114,0.99928,0.99938,1.50,1.13
2012.03.07 16:43:06.994,0.99928,0.99939,1.50,1.50
2012.03.07 16:43:08.956,0.99928,0.99939,2.25,1.13
2012.03.07 16:43:09.335,0.9993,0.9994,2.25,1.50
2012.03.07 16:43:09.606,0.99931,0.99944,3.00,2.25
2012.03.07 16:43:10.218,0.99932,0.99945,1.69,1.50
2012.03.07 16:43:11.005,0.99932,0.99945,1.50,2.25
2012.03.07 16:43:11.197,0.9993,0.99941,4.69,3.00
2012.03.07 16:43:11.645,0.99927,0.99939,1.69,2.25
2012.03.07 16:43:12.261,0.99927,0.99939,1.69,2.25
2012.03.07 16:43:13.016,0.99927,0.99939,1.69,2.25
2012.03.07 16:43:13.860,0.99927,0.99939,1.69,3.00
2012.03.07 16:43:14.868,0.99926,0.99939,4.69,1.50
2012.03.07 16:43:15.569,0.99926,0.99939,4.69,1.50
2012.03.07 16:43:16.113,0.99926,0.99939,4.69,1.50
2012.03.07 16:43:16.656,0.99926,0.99939,4.69,1.50
2012.03.07 16:43:18.376,0.99926,0.9994,5.44,4.50
2012.03.07 16:43:18.901,0.99927,0.99939,2.44,2.25
2012.03.07 16:43:19.520,0.99927,0.99939,1.69,2.25
2012.03.07 16:43:19.881,0.99928,0.99939,1.73,2.25
2012.03.07 16:43:20.237,0.99932,0.99939,1.13,1.50
2012.03.07 16:43:20.763,0.99933,0.99945,2.25,3.00
2012.03.07 16:43:21.315,0.99934,0.99945,2.25,1.50
2012.03.07 16:43:23.423,0.99935,0.99946,2.63,1.50
2012.03.07 16:43:23.852,0.99937,0.99945,1.69,1.50
2012.03.07 16:43:23.932,0.99938,0.99948,2.25,1.13
2012.03.07 16:43:24.472,0.99936,0.99948,3.19,2.25
2012.03.07 16:43:24.620,0.99934,0.99945,2.25,1.50
2012.03.07 16:43:25.155,0.99933,0.99946,3.00,1.50
2012.03.07 16:43:26.658,0.99933,0.99946,2.25,1.50
2012.03.07 16:43:27.268,0.99933,0.99945,3.00,1.50
2012.03.07 16:43:27.816,0.99933,0.99946,2.25,1.69
2012.03.07 16:43:29.559,0.99932,0.99946,3.00,3.19
2012.03.07 16:43:30.092,0.99933,0.99946,1.50,3.19
2012.03.07 16:43:30.788,0.99933,0.99946,1.50,3.19
2012.03.07 16:43:31.586,0.99933,0.99946,1.50,3.00
2012.03.07 16:43:32.151,0.99933,0.99946,1.50,2.25
2012.03.07 16:43:32.999,0.99933,0.99946,2.25,2.25
2012.03.07 16:43:34.414,0.99933,0.99946,1.50,2.25
2012.03.07 16:43:36.538,0.99933,0.99946,1.50,2.25
2012.03.07 16:43:37.090,0.99933,0.99946,1.50,2.25
2012.03.07 16:43:38.848,0.99934,0.99946,2.25,2.25
2012.03.07 16:43:41.575,0.99934,0.99947,1.50,4.50
2012.03.07 16:43:43.008,0.99934,0.99947,3.75,1.50
2012.03.07 16:43:43.658,0.99934,0.99948,3.75,3.38
2012.03.07 16:43:44.170,0.99934,0.99948,3.75,2.63
2012.03.07 16:43:44.310,0.99934,0.99946,3.00,1.50
2012.03.07 16:43:45.171,0.99935,0.99947,1.50,1.69
2012.03.07 16:43:45.728,0.99934,0.99946,1.50,1.69
2012.03.07 16:43:48.392,0.99935,0.99946,2.10,1.69
2012.03.07 16:43:48.478,0.99936,0.9995,3.23,5.63
2012.03.07 16:43:48.954,0.99942,0.9995,1.58,4.50
2012.03.07 16:43:49.029,0.99945,0.99954,1.58,2.25
2012.03.07 16:43:49.379,0.99943,0.99957,1.65,3.42
2012.03.07 16:43:49.716,0.99943,0.99957,1.58,3.79
2012.03.07 16:43:50.887,0.99943,0.99957,1.50,3.79
2012.03.07 16:43:51.337,0.99943,0.99955,1.50,1.88
2012.03.07 16:43:51.417,0.99941,0.99955,2.25,6.53
2012.03.07 16:43:51.499,0.99941,0.99951,2.25,1.13
2012.03.07 16:43:51.854,0.99931,0.99945,4.88,1.50
2012.03.07 16:43:51.997,0.99931,0.99945,4.88,1.50
2012.03.07 16:43:52.137,0.99933,0.99945,1.50,1.50
2012.03.07 16:43:52.486,0.99935,0.99948,1.50,2.25
2012.03.07 16:43:52.995,0.99934,0.99948,1.50,3.75
2012.03.07 16:43:53.187,0.99934,0.99948,1.50,1.50
2012.03.07 16:43:53.717,0.99936,0.99949,1.50,1.50
2012.03.07 16:43:59.375,0.99936,0.9995,1.50,3.00
2012.03.07 16:44:00.401,0.99935,0.99947,3.00,1.50
2012.03.07 16:44:00.960,0.99932,0.99945,2.44,1.50
2012.03.07 16:44:03.268,0.99934,0.99947,1.50,1.50
2012.03.07 16:44:03.798,0.99937,0.99949,1.50,3.38
2012.03.07 16:44:03.873,0.99935,0.99947,2.25,1.50
2012.03.07 16:44:04.421,0.99934,0.99946,3.00,1.50
2012.03.07 16:44:04.928,0.99934,0.99948,2.25,2.63
2012.03.07 16:44:05.729,0.99934,0.99946,2.25,1.50
2012.03.07 16:44:06.617,0.99934,0.99948,2.25,1.69
2012.03.07 16:44:07.263,0.99934,0.99948,1.50,1.69
2012.03.07 16:44:07.756,0.99931,0.99945,4.50,1.50
2012.03.07 16:44:08.373,0.99931,0.99943,2.25,1.69
2012.03.07 16:44:08.672,0.99933,0.99945,1.50,4.50
2012.03.07 16:44:09.198,0.99932,0.99944,1.50,2.44
2012.03.07 16:44:09.716,0.99932,0.99945,1.50,2.25
2012.03.07 16:44:10.038,0.99932,0.99939,1.50,1.50
2012.03.07 16:44:10.258,0.99929,0.99939,2.10,3.00
2012.03.07 16:44:10.328,0.99925,0.99937,2.29,3.75
2012.03.07 16:44:10.533,0.99924,0.99936,3.00,1.69
2012.03.07 16:44:11.080,0.99925,0.99937,1.50,3.75
2012.03.07 16:44:11.657,0.99926,0.99937,1.50,3.00
2012.03.07 16:44:11.727,0.99925,0.99937,1.50,2.25
2012.03.07 16:44:12.720,0.99927,0.99938,1.50,1.69
2012.03.07 16:44:13.109,0.99925,0.99937,1.50,2.25
2012.03.07 16:44:13.937,0.99924,0.99938,2.25,3.19
2012.03.07 16:44:14.479,0.99925,0.99937,1.50,2.63
2012.03.07 16:44:15.069,0.99926,0.99937,1.50,1.13
2012.03.07 16:44:15.956,0.99924,0.99937,2.25,1.13
2012.03.07 16:44:19.655,0.99924,0.99936,2.25,1.69
2012.03.07 16:44:23.815,0.99924,0.99938,2.25,3.19
2012.03.07 16:44:25.244,0.99923,0.99937,2.25,2.44
2012.03.07 16:44:27.238,0.99926,0.99937,2.25,2.25
2012.03.07 16:44:27.565,0.99928,0.99939,1.50,1.50
2012.03.07 16:44:28.127,0.99927,0.99939,2.25,3.00
2012.03.07 16:44:28.506,0.9993,0.99939,1.50,3.00
2012.03.07 16:44:29.875,0.9993,0.9994,1.50,2.25
2012.03.07 16:44:30.376,0.99936,0.99945,2.25,1.50
2012.03.07 16:44:30.456,0.99936,0.99948,2.25,2.63
2012.03.07 16:44:30.670,0.99938,0.99948,1.50,1.13
2012.03.07 16:44:31.205,0.99937,0.99948,1.50,1.13
2012.03.07 16:44:32.145,0.99937,0.99948,1.50,1.13
2012.03.07 16:44:32.694,0.99937,0.99948,1.50,1.13
2012.03.07 16:44:33.395,0.99937,0.99948,1.50,1.13
2012.03.07 16:44:33.955,0.99938,0.99949,1.50,1.50
2012.03.07 16:44:34.515,0.99938,0.99949,1.50,1.50
2012.03.07 16:44:34.764,0.99936,0.99949,5.10,1.50
2012.03.07 16:44:35.514,0.99936,0.99948,2.85,1.50
2012.03.07 16:44:37.255,0.99936,0.99949,4.35,1.50
2012.03.07 16:44:37.764,0.99938,0.99949,1.50,1.50
2012.03.07 16:44:38.294,0.99938,0.99949,1.50,1.50
2012.03.07 16:44:38.814,0.99938,0.99949,1.50,1.50
2012.03.07 16:44:39.875,0.99936,0.99949,3.75,1.50
2012.03.07 16:44:42.231,0.99936,0.99949,3.75,1.50
2012.03.07 16:44:45.425,0.99937,0.99949,1.50,1.50
2012.03.07 16:44:51.546,0.99938,0.99949,1.50,1.50
2012.03.07 16:44:52.074,0.99936,0.99947,3.00,1.50
2012.03.07 16:44:52.740,0.99937,0.99949,1.50,3.00
2012.03.07 16:44:56.046,0.99937,0.99949,1.50,3.00
2012.03.07 16:44:57.622,0.99937,0.99949,1.50,3.00
2012.03.07 16:44:58.136,0.99937,0.99949,1.50,1.50
2012.03.07 16:44:58.795,0.99936,0.99949,3.00,3.00
2012.03.07 16:44:59.358,0.99938,0.99949,1.50,1.50
2012.03.07 16:45:00.187,0.99937,0.99949,1.50,3.00
2012.03.07 16:45:01.588,0.99937,0.99949,2.25,2.25
2012.03.07 16:45:01.855,0.99936,0.99949,3.00,3.00
2012.03.07 16:45:02.458,0.99937,0.99949,1.50,3.00
2012.03.07 16:45:03.435,0.99939,0.99949,1.50,1.50
2012.03.07 16:45:04.040,0.99936,0.99949,4.50,1.50
2012.03.07 16:45:06.485,0.99937,0.99949,1.50,1.50
2012.03.07 16:45:07.075,0.99937,0.99949,1.50,3.00
2012.03.07 16:45:07.642,0.99938,0.99949,1.50,1.50
2012.03.07 16:45:08.120,0.99936,0.99949,5.85,1.50
2012.03.07 16:45:08.777,0.99937,0.99949,1.50,3.00
2012.03.07 16:45:09.335,0.99937,0.99949,1.50,3.00
2012.03.07 16:45:09.608,0.99938,0.9995,2.25,3.38
2012.03.07 16:45:10.244,0.99945,0.99953,1.13,1.13
2012.03.07 16:45:10.332,0.99947,0.99959,1.50,6.00
2012.03.07 16:45:10.540,0.99946,0.99956,2.25,3.23
2012.03.07 16:45:10.681,0.99941,0.99953,4.88,1.73
2012.03.07 16:45:10.963,0.99937,0.99949,5.29,1.50
2012.03.07 16:45:11.516,0.9994,0.99951,1.50,2.03
2012.03.07 16:45:12.070,0.99939,0.99952,2.25,2.25
2012.03.07 16:45:12.258,0.99939,0.99953,2.25,3.00
2012.03.07 16:45:12.447,0.9994,0.99953,3.23,2.25
2012.03.07 16:45:12.962,0.99942,0.99955,2.10,1.13
2012.03.07 16:45:13.491,0.99942,0.99956,3.60,2.63
2012.03.07 16:45:13.816,0.99944,0.99956,1.50,2.63
2012.03.07 16:45:14.377,0.99944,0.99954,1.50,1.50
2012.03.07 16:45:14.522,0.99941,0.99951,2.25,1.50
2012.03.07 16:45:14.742,0.99941,0.99951,2.25,1.50
2012.03.07 16:45:15.207,0.99948,0.99958,1.50,1.13
2012.03.07 16:45:16.366,0.99946,0.99958,2.25,1.13
2012.03.07 16:45:17.668,0.99947,0.99958,1.50,1.13
2012.03.07 16:45:19.406,0.99947,0.99958,1.50,1.13
2012.03.07 16:45:20.370,0.99948,0.99959,1.52,1.50
2012.03.07 16:45:20.441,0.99949,0.99962,4.14,2.25
2012.03.07 16:45:20.514,0.99953,0.99962,1.35,1.50
2012.03.07 16:45:20.664,0.99953,0.99965,2.85,1.88
2012.03.07 16:45:20.951,0.99955,0.99967,1.50,1.50
2012.03.07 16:45:21.528,0.99956,0.99968,3.90,1.13
2012.03.07 16:45:21.754,0.99956,0.99968,3.00,1.88
2012.03.07 16:45:22.449,0.99956,0.99967,2.25,1.50
2012.03.07 16:45:23.991,0.99955,0.99967,2.63,2.25
2012.03.07 16:45:24.066,0.99956,0.99967,2.25,1.50
2012.03.07 16:45:24.214,0.99956,0.99966,2.25,1.50
2012.03.07 16:45:24.440,0.99953,0.99966,1.88,4.88
2012.03.07 16:45:24.997,0.99953,0.99967,1.88,4.88
2012.03.07 16:45:25.533,0.99952,0.99966,2.85,2.25
2012.03.07 16:45:29.184,0.99952,0.99966,2.63,2.25
2012.03.07 16:45:29.255,0.99953,0.99966,2.25,2.25
2012.03.07 16:45:29.590,0.99956,0.99969,2.25,3.75
2012.03.07 16:45:30.169,0.99957,0.99969,1.50,1.88
2012.03.07 16:45:31.466,0.99957,0.99969,1.50,1.13
2012.03.07 16:45:32.105,0.99957,0.99969,1.50,1.13
2012.03.07 16:45:32.610,0.99957,0.99969,1.50,1.50
2012.03.07 16:45:34.662,0.99956,0.99969,3.75,1.13
2012.03.07 16:45:40.664,0.99956,0.9997,4.50,3.60
2012.03.07 16:45:42.680,0.99956,0.9997,3.75,3.60
2012.03.07 16:45:43.453,0.99956,0.9997,4.50,3.60
2012.03.07 16:45:44.082,0.99956,0.9997,3.75,3.60
2012.03.07 16:45:44.604,0.99956,0.9997,4.50,3.60
2012.03.07 16:45:45.128,0.99956,0.9997,3.75,3.60
2012.03.07 16:45:45.643,0.99956,0.9997,3.75,3.60
2012.03.07 16:45:46.424,0.99956,0.9997,3.75,3.60
2012.03.07 16:45:47.020,0.99958,0.99972,3.60,3.90
2012.03.07 16:45:47.331,0.99963,0.99975,2.85,5.82
2012.03.07 16:45:47.763,0.99964,0.99977,2.63,3.75
2012.03.07 16:45:48.336,0.99964,0.99977,2.63,5.25
2012.03.07 16:45:48.875,0.99964,0.99975,2.63,1.69
2012.03.07 16:45:51.458,0.99964,0.99975,2.63,1.69
2012.03.07 16:45:51.588,0.99964,0.99971,1.50,1.50
2012.03.07 16:45:51.798,0.99957,0.99969,3.75,2.25
2012.03.07 16:45:51.939,0.99956,0.99969,1.88,2.25
2012.03.07 16:45:52.207,0.99955,0.99966,5.10,1.50
2012.03.07 16:45:52.338,0.99956,0.99968,3.00,2.25
2012.03.07 16:45:53.235,0.99956,0.9997,3.75,2.44
2012.03.07 16:45:55.806,0.99957,0.9997,1.50,2.44
2012.03.07 16:45:56.492,0.99956,0.99968,2.25,2.25
2012.03.07 16:45:57.220,0.99957,0.99968,1.50,1.50
2012.03.07 16:45:57.774,0.99956,0.99968,3.75,3.00
2012.03.07 16:46:07.978,0.99956,0.99967,2.25,1.50
2012.03.07 16:46:08.119,0.99956,0.99968,2.25,3.38
2012.03.07 16:46:08.455,0.99956,0.99963,3.00,1.50
2012.03.07 16:46:08.530,0.99956,0.99962,2.25,2.25
2012.03.07 16:46:08.676,0.99952,0.99962,2.10,2.25
2012.03.07 16:46:08.879,0.99954,0.99965,1.50,1.13
2012.03.07 16:46:09.009,0.99956,0.99967,2.25,1.13
2012.03.07 16:46:09.140,0.99957,0.99969,1.13,1.35
2012.03.07 16:46:09.210,0.99959,0.9997,1.50,1.50
2012.03.07 16:46:09.726,0.99963,0.99975,2.25,5.25
2012.03.07 16:46:10.248,0.99964,0.99975,1.50,1.50
2012.03.07 16:46:11.470,0.99965,0.99974,1.50,2.10
2012.03.07 16:46:12.054,0.99959,0.99967,1.50,2.25
2012.03.07 16:46:12.141,0.99953,0.99966,2.25,1.50
2012.03.07 16:46:12.645,0.99954,0.99968,1.50,3.19
2012.03.07 16:46:13.386,0.99954,0.99968,2.85,2.44
2012.03.07 16:46:13.604,0.99958,0.9997,1.50,3.19
2012.03.07 16:46:14.247,0.9996,0.99972,1.50,1.69
2012.03.07 16:46:14.740,0.99964,0.99974,2.25,2.63
2012.03.07 16:46:14.952,0.99965,0.99976,1.50,2.44
2012.03.07 16:46:15.448,0.99965,0.99975,1.50,4.95
2012.03.07 16:46:15.592,0.99961,0.99974,2.25,5.25
2012.03.07 16:46:16.122,0.9996,0.99973,1.50,1.69
2012.03.07 16:46:17.266,0.99961,0.99974,1.50,4.50
2012.03.07 16:46:17.614,0.99964,0.99974,1.50,2.25
2012.03.07 16:46:18.097,0.99963,0.99974,1.50,4.50
2012.03.07 16:46:18.169,0.99959,0.99973,3.00,2.44
2012.03.07 16:46:18.677,0.99959,0.99971,2.25,1.50
2012.03.07 16:46:19.427,0.99959,0.99973,2.25,2.44
2012.03.07 16:46:20.563,0.99959,0.99971,1.50,1.50
2012.03.07 16:46:21.065,0.99959,0.99973,2.10,3.42
2012.03.07 16:46:21.825,0.99959,0.99973,2.44,2.25
2012.03.07 16:46:22.028,0.99959,0.9997,1.69,1.13
2012.03.07 16:46:22.276,0.99956,0.9997,2.25,3.19
2012.03.07 16:46:22.794,0.99956,0.9997,1.50,3.72
2012.03.07 16:46:23.339,0.99956,0.9997,2.25,3.72
2012.03.07 16:46:23.418,0.99959,0.9997,1.35,1.88
2012.03.07 16:46:23.771,0.99963,0.99974,3.00,2.25
2012.03.07 16:46:24.337,0.99963,0.99973,1.50,1.50
2012.03.07 16:46:24.847,0.99964,0.99973,1.50,1.50
2012.03.07 16:46:26.864,0.99963,0.99973,1.50,2.85
2012.03.07 16:46:27.067,0.99961,0.99969,1.50,1.88
2012.03.07 16:46:27.135,0.99959,0.99967,1.50,1.50
2012.03.07 16:46:27.209,0.99954,0.99967,1.50,1.50
2012.03.07 16:46:28.328,0.99953,0.99967,4.88,2.85
2012.03.07 16:46:28.835,0.99953,0.99965,2.25,2.10
2012.03.07 16:46:29.708,0.99952,0.99964,1.50,1.50
2012.03.07 16:46:30.244,0.99952,0.99963,1.50,1.50
2012.03.07 16:46:37.813,0.99951,0.99965,3.19,5.10
2012.03.07 16:46:37.964,0.99951,0.99963,3.19,1.50
2012.03.07 16:46:38.039,0.99952,0.99965,1.50,3.60
2012.03.07 16:46:38.250,0.99954,0.99966,1.50,6.88
2012.03.07 16:46:39.026,0.99954,0.99966,1.50,2.44
2012.03.07 16:46:42.436,0.99954,0.99965,1.50,2.25
2012.03.07 16:46:42.577,0.99952,0.99964,3.00,1.50
2012.03.07 16:46:43.120,0.99951,0.99963,3.00,1.50
2012.03.07 16:46:43.704,0.99952,0.99964,1.50,1.88
2012.03.07 16:46:44.325,0.9995,0.99964,3.94,1.88
2012.03.07 16:46:44.885,0.9995,0.99964,3.94,1.88
2012.03.07 16:46:49.847,0.99957,0.99964,2.25,1.50
2012.03.07 16:46:50.148,0.9996,0.99966,1.50,1.13
2012.03.07 16:46:50.228,0.9996,0.9997,1.50,2.25
2012.03.07 16:46:50.513,0.99957,0.9997,1.50,5.63
2012.03.07 16:46:51.208,0.99956,0.99968,1.50,1.69
2012.03.07 16:46:51.304,0.99952,0.99965,2.25,1.50
2012.03.07 16:46:51.797,0.99953,0.99965,1.50,1.50
2012.03.07 16:46:54.243,0.99952,0.99965,1.50,1.50
2012.03.07 16:46:54.795,0.99951,0.99965,4.69,1.50
2012.03.07 16:46:56.182,0.99951,0.99964,3.00,1.50
2012.03.07 16:46:59.568,0.99953,0.99965,1.50,1.50
2012.03.07 16:47:00.111,0.99954,0.99966,1.50,2.25
2012.03.07 16:47:03.625,0.99955,0.99966,1.32,1.50
2012.03.07 16:47:03.823,0.99956,0.99969,1.50,1.50
2012.03.07 16:47:04.371,0.99958,0.9997,1.50,1.88
2012.03.07 16:47:04.647,0.99954,0.99966,3.19,1.50
2012.03.07 16:47:05.156,0.99954,0.99966,3.00,1.69
2012.03.07 16:47:07.561,0.99953,0.99967,3.75,2.44
2012.03.07 16:47:07.909,0.99943,0.99957,1.50,1.50
2012.03.07 16:47:08.124,0.99946,0.99962,2.25,1.69
2012.03.07 16:47:08.645,0.99946,0.99963,3.75,1.69
2012.03.07 16:47:08.787,0.99944,0.9996,3.00,1.50
2012.03.07 16:47:09.451,0.99943,0.99955,2.25,1.50
2012.03.07 16:47:09.667,0.9994,0.99954,5.29,1.50
2012.03.07 16:47:13.059,0.99942,0.99956,2.25,4.69
2012.03.07 16:47:13.398,0.99945,0.99957,1.50,2.44
2012.03.07 16:47:13.906,0.99942,0.99956,2.25,1.69
2012.03.07 16:47:15.197,0.99943,0.99956,1.50,1.69
2012.03.07 16:47:15.527,0.99946,0.99958,2.25,3.00
2012.03.07 16:47:15.657,0.99944,0.99957,1.50,1.13
2012.03.07 16:47:16.411,0.99944,0.99956,1.50,1.50
2012.03.07 16:47:18.719,0.99945,0.99957,1.50,2.63
2012.03.07 16:47:18.787,0.99943,0.99957,2.25,2.63
2012.03.07 16:47:19.319,0.99944,0.99956,1.50,1.50
2012.03.07 16:47:19.892,0.99944,0.99957,1.50,1.13
2012.03.07 16:47:20.456,0.99943,0.99957,2.25,2.63
2012.03.07 16:47:20.944,0.99945,0.99957,1.50,2.63
2012.03.07 16:47:21.464,0.99944,0.99956,1.50,1.50
2012.03.07 16:47:22.586,0.99944,0.99957,1.50,1.13
2012.03.07 16:47:23.253,0.99941,0.99955,3.00,4.13
2012.03.07 16:47:23.757,0.99941,0.99955,3.75,4.13
2012.03.07 16:47:24.440,0.99941,0.99955,3.75,4.13
2012.03.07 16:47:25.954,0.99942,0.99955,3.00,2.25
2012.03.07 16:47:26.101,0.99944,0.99957,1.50,1.13
2012.03.07 16:47:26.626,0.99945,0.99957,1.50,2.63
2012.03.07 16:47:27.167,0.99944,0.99956,1.50,1.88
2012.03.07 16:47:31.890,0.99943,0.99957,3.19,2.25
2012.03.07 16:47:32.448,0.99944,0.99956,1.50,1.50
2012.03.07 16:47:35.436,0.99946,0.99958,1.50,3.75
2012.03.07 16:47:35.890,0.99944,0.99956,1.50,1.50
2012.03.07 16:47:36.961,0.99945,0.99957,1.50,2.25
2012.03.07 16:47:38.367,0.99943,0.99957,3.19,2.25
2012.03.07 16:47:38.936,0.99944,0.99956,1.50,1.50
2012.03.07 16:47:39.496,0.99944,0.99958,1.50,3.00
2012.03.07 16:47:40.026,0.99945,0.99957,1.50,2.25
2012.03.07 16:47:40.812,0.99946,0.99957,1.50,2.25
2012.03.07 16:47:40.891,0.99948,0.99958,1.50,1.50
2012.03.07 16:47:40.957,0.99946,0.99958,1.50,1.50
2012.03.07 16:47:41.557,0.99945,0.99958,1.50,2.25
2012.03.07 16:47:43.379,0.99945,0.99958,1.50,1.50
2012.03.07 16:47:44.800,0.99947,0.99958,1.50,1.50
2012.03.07 16:47:44.873,0.99945,0.99958,3.00,1.50
2012.03.07 16:47:45.395,0.99945,0.99958,3.00,1.50
2012.03.07 16:47:45.713,0.99949,0.99959,1.88,1.35
2012.03.07 16:47:45.929,0.99953,0.99965,1.50,3.69
2012.03.07 16:47:45.999,0.99955,0.99965,1.50,1.44
2012.03.07 16:47:46.529,0.99956,0.99967,1.50,1.88
2012.03.07 16:47:47.234,0.99955,0.99967,1.50,3.00
2012.03.07 16:47:47.939,0.99957,0.99968,1.50,2.10
2012.03.07 16:47:48.739,0.99957,0.99969,1.50,2.07
2012.03.07 16:47:49.040,0.99959,0.9997,1.50,1.69
2012.03.07 16:47:49.829,0.99959,0.99969,1.50,2.63
2012.03.07 16:47:50.948,0.99956,0.99969,4.50,2.63
2012.03.07 16:47:54.556,0.99956,0.99966,3.75,1.07
2012.03.07 16:47:54.637,0.99956,0.99965,3.75,1.07
2012.03.07 16:47:55.125,0.99945,0.99957,1.50,1.50
2012.03.07 16:47:55.234,0.99944,0.99957,2.25,1.88
2012.03.07 16:47:55.801,0.99946,0.99958,1.50,1.88
2012.03.07 16:47:58.187,0.99946,0.99958,1.50,3.75
2012.03.07 16:47:59.464,0.99945,0.99958,2.25,2.25
2012.03.07 16:47:59.665,0.99947,0.99958,1.50,2.25
2012.03.07 16:48:01.257,0.99946,0.99958,1.50,1.88
2012.03.07 16:48:04.149,0.99946,0.99958,2.25,2.48
2012.03.07 16:48:04.489,0.99954,0.99961,2.63,2.25
2012.03.07 16:48:04.829,0.99959,0.9997,1.50,1.88
2012.03.07 16:48:05.676,0.99958,0.9997,1.50,2.63
2012.03.07 16:48:06.859,0.99956,0.9997,1.50,3.94
2012.03.07 16:48:06.927,0.99959,0.99969,1.50,1.54
2012.03.07 16:48:07.069,0.99954,0.99968,1.88,1.88
2012.03.07 16:48:07.328,0.99954,0.99968,1.50,4.13
2012.03.07 16:48:07.887,0.99957,0.99968,1.50,2.63
2012.03.07 16:48:08.887,0.99956,0.99968,1.50,4.13
2012.03.07 16:48:10.097,0.99955,0.99968,1.50,2.63
2012.03.07 16:48:10.846,0.99955,0.99969,2.25,2.82
2012.03.07 16:48:11.166,0.99961,0.99971,1.50,4.50
2012.03.07 16:48:11.695,0.99962,0.99974,1.50,3.00
2012.03.07 16:48:12.657,0.99961,0.99974,2.25,3.00
2012.03.07 16:48:12.799,0.9996,0.99972,1.50,1.69
2012.03.07 16:48:14.725,0.99961,0.99972,2.25,1.69
2012.03.07 16:48:14.803,0.99962,0.99974,2.25,6.00
2012.03.07 16:48:15.146,0.99963,0.99974,1.50,5.25
2012.03.07 16:48:17.307,0.99959,0.99971,1.50,1.50
2012.03.07 16:48:17.941,0.99959,0.99973,1.50,2.44
2012.03.07 16:48:18.085,0.99959,0.99973,6.00,2.44
2012.03.07 16:48:18.410,0.99966,0.99976,5.48,1.50
2012.03.07 16:48:18.477,0.99967,0.99978,1.50,2.48
2012.03.07 16:48:18.626,0.99966,0.99977,3.75,3.38
2012.03.07 16:48:18.857,0.99963,0.99977,3.00,4.50
2012.03.07 16:48:19.596,0.99963,0.99977,3.00,5.25
2012.03.07 16:48:20.458,0.99963,0.99976,2.25,8.63
2012.03.07 16:48:20.800,0.9996,0.99974,2.25,1.88
2012.03.07 16:48:21.078,0.99962,0.99974,1.50,1.88
2012.03.07 16:48:21.147,0.9996,0.99974,5.25,1.88
2012.03.07 16:48:23.867,0.99961,0.99974,1.50,1.13
2012.03.07 16:48:24.494,0.99962,0.99974,1.50,2.63
2012.03.07 16:48:24.977,0.99963,0.99974,1.28,1.50
2012.03.07 16:48:25.118,0.99966,0.99978,1.50,3.92
2012.03.07 16:48:25.328,0.99966,0.99979,3.38,3.00
2012.03.07 16:48:25.836,0.99968,0.99979,3.00,1.50
2012.03.07 16:48:27.610,0.99968,0.99979,1.50,1.50
2012.03.07 16:48:29.256,0.99967,0.99979,1.50,3.60
2012.03.07 16:48:29.542,0.99966,0.99977,1.13,2.25
2012.03.07 16:48:32.197,0.99966,0.99979,2.63,2.10
2012.03.07 16:48:32.338,0.99964,0.99978,3.60,2.63
2012.03.07 16:48:32.598,0.99967,0.99979,1.50,1.13
2012.03.07 16:48:33.139,0.99967,0.99979,1.50,1.13
2012.03.07 16:48:35.535,0.99968,0.99979,1.50,1.50
2012.03.07 16:48:36.063,0.99968,0.99979,1.50,1.50
2012.03.07 16:48:38.852,0.99967,0.99978,1.50,2.25
2012.03.07 16:48:39.269,0.99968,0.99977,1.50,2.25
2012.03.07 16:48:40.039,0.99963,0.99971,1.50,2.25
2012.03.07 16:48:40.137,0.99953,0.99967,2.25,1.69
2012.03.07 16:48:40.639,0.99953,0.99966,1.50,1.69
2012.03.07 16:48:41.376,0.99952,0.99964,3.00,1.50
2012.03.07 16:48:41.917,0.99953,0.99965,1.50,1.50
2012.03.07 16:48:42.708,0.99952,0.99965,1.50,1.50
2012.03.07 16:48:43.262,0.99952,0.99964,1.50,1.50
2012.03.07 16:48:43.760,0.99955,0.99967,3.00,1.50
2012.03.07 16:48:43.896,0.99956,0.99969,1.50,1.88
2012.03.07 16:48:47.714,0.99959,0.99969,1.50,1.50
2012.03.07 16:48:47.983,0.99959,0.99971,1.50,3.00
2012.03.07 16:48:48.199,0.99961,0.99972,1.50,2.63
2012.03.07 16:48:48.704,0.99962,0.99973,1.50,2.25
2012.03.07 16:48:49.906,0.99962,0.99974,1.50,1.50
2012.03.07 16:48:50.126,0.99965,0.99974,2.25,1.13
2012.03.07 16:48:50.562,0.99967,0.99975,1.50,3.38
2012.03.07 16:48:50.642,0.99965,0.99974,2.25,1.69
2012.03.07 16:48:50.724,0.9996,0.99973,1.50,1.69
2012.03.07 16:48:50.798,0.99959,0.99973,3.00,1.69
2012.03.07 16:48:51.190,0.99963,0.99975,1.50,3.00
2012.03.07 16:48:51.697,0.99965,0.99975,1.50,2.25
2012.03.07 16:48:51.766,0.99965,0.99976,1.50,1.88
2012.03.07 16:48:51.837,0.99963,0.99976,1.50,1.88
2012.03.07 16:48:52.389,0.99964,0.99976,1.50,1.88
2012.03.07 16:48:53.383,0.99963,0.99976,1.50,1.13
2012.03.07 16:48:53.462,0.99965,0.99977,1.50,5.25
2012.03.07 16:48:53.663,0.99965,0.99977,1.50,2.82
2012.03.07 16:48:53.996,0.99963,0.99977,3.00,2.44
2012.03.07 16:48:54.439,0.99964,0.99977,1.50,2.82
2012.03.07 16:48:55.803,0.99966,0.99978,2.25,1.13
2012.03.07 16:48:56.126,0.9997,0.99979,1.50,1.50
2012.03.07 16:48:56.277,0.99968,0.99979,1.50,1.50
2012.03.07 16:48:57.185,0.99971,0.99979,1.50,1.13
2012.03.07 16:48:58.026,0.99967,0.99979,2.25,1.13
2012.03.07 16:49:00.173,0.99967,0.99979,1.50,1.50
2012.03.07 16:49:00.580,0.99968,0.99979,1.13,1.13
2012.03.07 16:49:00.862,0.99972,0.99984,2.25,3.00
2012.03.07 16:49:01.080,0.99972,0.99984,3.00,2.25
2012.03.07 16:49:01.966,0.99973,0.99986,3.75,2.25
2012.03.07 16:49:02.044,0.99973,0.99987,3.00,3.57
2012.03.07 16:49:03.667,0.99973,0.99986,1.50,1.50
2012.03.07 16:49:04.022,0.99977,0.99987,1.50,2.63
2012.03.07 16:49:04.635,0.99977,0.99989,1.50,3.42
2012.03.07 16:49:04.970,0.99975,0.99989,5.63,3.42
2012.03.07 16:49:05.519,0.99975,0.99989,6.38,3.79
2012.03.07 16:49:06.047,0.99975,0.99989,6.38,3.42
2012.03.07 16:49:06.728,0.99975,0.99989,5.63,3.42
2012.03.07 16:49:06.869,0.99979,0.99989,1.50,1.50
2012.03.07 16:49:07.219,0.99987,0.99997,1.50,2.55
2012.03.07 16:49:07.547,0.99985,0.99999,4.50,3.75
2012.03.07 16:49:08.087,0.99985,0.99997,4.35,1.50
2012.03.07 16:49:08.702,0.99985,0.99999,4.35,5.25
2012.03.07 16:49:10.085,0.99985,0.99998,3.60,2.25
2012.03.07 16:49:11.159,0.99986,0.99998,1.50,2.25
2012.03.07 16:49:11.717,0.99985,0.99998,2.25,2.25
2012.03.07 16:49:12.698,0.99985,0.99998,2.25,4.50
2012.03.07 16:49:13.339,0.99981,0.99995,4.13,1.50
2012.03.07 16:49:14.109,0.99981,0.99995,4.13,3.60
2012.03.07 16:49:14.464,0.9998,0.99989,1.50,1.50
2012.03.07 16:49:14.616,0.99976,0.99988,2.44,3.00
2012.03.07 16:49:15.397,0.99976,0.99988,2.44,2.25
2012.03.07 16:49:15.753,0.99974,0.99986,4.84,1.50
2012.03.07 16:49:16.112,0.99974,0.99982,3.75,4.58
2012.03.07 16:49:16.193,0.99966,0.99978,5.85,1.50
2012.03.07 16:49:16.271,0.99966,0.99976,4.35,1.50
2012.03.07 16:49:16.401,0.99967,0.99979,2.63,1.50
2012.03.07 16:49:16.911,0.99967,0.99979,1.50,1.50
2012.03.07 16:49:17.405,0.99966,0.9998,2.25,1.50
2012.03.07 16:49:18.199,0.99969,0.9998,4.32,1.50
2012.03.07 16:49:18.266,0.99971,0.99982,1.50,1.50
2012.03.07 16:49:18.338,0.99971,0.99985,1.50,3.75
2012.03.07 16:49:18.836,0.99973,0.99985,1.50,1.50
2012.03.07 16:49:24.857,0.99972,0.99984,1.50,1.50
2012.03.07 16:49:25.198,0.99975,0.99988,1.13,1.50
2012.03.07 16:49:34.778,0.99975,0.99987,1.13,1.50
2012.03.07 16:49:36.673,0.99974,0.99987,2.40,1.50
2012.03.07 16:49:36.896,0.99972,0.99983,1.65,1.50
2012.03.07 16:49:36.970,0.99971,0.99983,3.75,1.50
2012.03.07 16:49:37.643,0.99971,0.99985,3.75,2.25
2012.03.07 16:49:42.436,0.99971,0.99983,3.75,1.50
2012.03.07 16:49:42.967,0.9997,0.99982,2.44,1.50
2012.03.07 16:49:43.448,0.99972,0.99984,1.50,3.00
2012.03.07 16:49:46.416,0.99972,0.99984,1.50,2.25
2012.03.07 16:49:46.776,0.99971,0.99981,1.35,1.50
2012.03.07 16:49:46.852,0.99971,0.99983,1.35,3.00
2012.03.07 16:49:46.929,0.99974,0.99985,1.28,1.32
2012.03.07 16:49:47.062,0.99975,0.99987,2.78,2.25
2012.03.07 16:49:47.140,0.99976,0.99989,1.50,1.69
2012.03.07 16:49:49.116,0.99976,0.99988,1.50,2.63
2012.03.07 16:49:49.385,0.99973,0.99987,2.25,2.63
2012.03.07 16:49:49.886,0.99974,0.99987,1.50,1.13
2012.03.07 16:49:50.402,0.99973,0.99987,2.25,2.63
2012.03.07 16:49:50.945,0.99974,0.99987,1.50,1.13
2012.03.07 16:49:51.608,0.99972,0.99986,3.94,1.50
2012.03.07 16:49:52.153,0.99974,0.99986,1.50,1.50
2012.03.07 16:50:03.728,0.99975,0.99987,1.50,1.69
2012.03.07 16:50:03.806,0.99975,0.99987,4.13,1.50
2012.03.07 16:50:04.162,0.9998,0.99992,1.50,4.13
2012.03.07 16:50:04.693,0.99977,0.9999,1.50,4.65
2012.03.07 16:50:04.839,0.99974,0.99986,3.00,1.50
2012.03.07 16:50:05.041,0.99973,0.99986,1.50,1.50
2012.03.07 16:50:05.606,0.99973,0.99987,3.00,2.63
2012.03.07 16:50:06.209,0.99974,0.99987,1.13,2.44
2012.03.07 16:50:06.821,0.99975,0.99987,2.25,1.69
2012.03.07 16:50:07.367,0.99976,0.99988,1.50,2.63
2012.03.07 16:50:07.899,0.99976,0.99988,1.50,2.63
2012.03.07 16:50:08.437,0.99976,0.99988,1.50,2.63
2012.03.07 16:50:08.997,0.99976,0.99988,1.50,2.63
2012.03.07 16:50:09.759,0.99976,0.99988,1.50,2.63
2012.03.07 16:50:12.207,0.99975,0.99988,4.35,1.13
2012.03.07 16:50:12.729,0.99975,0.99988,5.10,1.13
2012.03.07 16:50:13.572,0.99975,0.99989,3.60,1.88
2012.03.07 16:50:13.789,0.99975,0.9999,4.02,2.82
2012.03.07 16:50:13.869,0.99975,0.9999,3.27,2.63
2012.03.07 16:50:14.457,0.99977,0.99991,2.25,3.75
2012.03.07 16:50:15.000,0.99978,0.99989,1.50,1.13
2012.03.07 16:50:15.571,0.99974,0.99986,1.50,1.50
2012.03.07 16:50:16.318,0.99973,0.99987,3.00,1.69
2012.03.07 16:50:17.560,0.99975,0.99987,1.50,1.69
2012.03.07 16:50:17.974,0.99976,0.9999,1.50,4.17
2012.03.07 16:50:18.458,0.99978,0.9999,1.50,2.29
2012.03.07 16:50:20.357,0.99977,0.99989,1.50,2.44
2012.03.07 16:50:20.846,0.99975,0.99989,3.00,3.19
2012.03.07 16:50:21.507,0.99975,0.99989,3.00,3.19
2012.03.07 16:50:22.025,0.99976,0.9999,2.25,4.69
2012.03.07 16:50:23.948,0.99976,0.99988,2.25,1.50
2012.03.07 16:50:24.797,0.99977,0.99989,1.50,2.44
2012.03.07 16:50:24.874,0.99974,0.99987,1.50,1.50
2012.03.07 16:50:25.387,0.99974,0.99986,3.00,1.50
2012.03.07 16:50:27.297,0.99974,0.99988,1.50,3.94
2012.03.07 16:50:27.834,0.99973,0.99987,1.50,1.69
2012.03.07 16:50:29.117,0.99973,0.99987,1.50,2.44
2012.03.07 16:50:29.629,0.99973,0.99987,2.25,2.44
2012.03.07 16:50:30.727,0.99975,0.99987,1.50,2.44
2012.03.07 16:50:30.866,0.99973,0.99987,2.25,2.44
2012.03.07 16:50:31.378,0.99974,0.99988,1.50,2.44
2012.03.07 16:50:31.996,0.99974,0.99987,1.50,1.50
2012.03.07 16:50:34.739,0.99974,0.99988,2.82,3.75
2012.03.07 16:50:35.067,0.99978,0.99989,1.50,1.50
2012.03.07 16:50:35.614,0.99979,0.99989,1.50,1.50
2012.03.07 16:50:37.355,0.99977,0.99989,1.50,1.50
2012.03.07 16:50:38.094,0.99978,0.99989,1.50,1.50
2012.03.07 16:50:39.374,0.99979,0.99989,1.50,1.50
2012.03.07 16:50:43.302,0.99979,0.9999,1.50,1.65
2012.03.07 16:50:43.848,0.99977,0.99987,1.50,1.13
2012.03.07 16:50:47.660,0.99976,0.99988,2.25,2.63
2012.03.07 16:50:48.197,0.99977,0.99988,1.50,1.13
2012.03.07 16:50:49.377,0.99976,0.99987,2.63,1.13
2012.03.07 16:50:53.391,0.99976,0.99986,1.13,1.50
2012.03.07 16:50:53.716,0.99976,0.99987,1.50,2.25
2012.03.07 16:50:54.029,0.9998,0.99992,2.25,3.00
2012.03.07 16:50:54.301,0.99982,0.99994,1.50,1.65
2012.03.07 16:50:54.957,0.9998,0.99992,3.98,2.25
2012.03.07 16:50:55.429,0.9998,0.99991,2.63,3.60
2012.03.07 16:50:55.776,0.99974,0.99986,8.25,1.50
2012.03.07 16:50:56.327,0.99975,0.99987,1.88,2.25
2012.03.07 16:50:56.880,0.99974,0.99987,5.67,2.25
2012.03.07 16:50:59.167,0.99974,0.99988,6.79,2.25
2012.03.07 16:51:00.050,0.99976,0.99988,2.10,2.25
2012.03.07 16:51:00.769,0.99976,0.99988,2.48,3.00
2012.03.07 16:51:01.366,0.99979,0.99991,1.50,3.75
2012.03.07 16:51:01.438,0.99979,0.99991,1.50,3.75
2012.03.07 16:51:05.865,0.99978,0.9999,1.50,2.25
2012.03.07 16:51:07.636,0.99978,0.9999,2.10,2.25
2012.03.07 16:51:08.528,0.99978,0.9999,1.50,2.25
2012.03.07 16:51:14.736,0.99976,0.99988,2.44,1.50
2012.03.07 16:51:15.237,0.99976,0.99988,2.07,3.00
2012.03.07 16:51:15.681,0.99974,0.99988,7.17,2.25
2012.03.07 16:51:16.508,0.99974,0.99988,7.17,3.00
2012.03.07 16:51:16.862,0.99976,0.9999,2.25,3.00
2012.03.07 16:51:16.940,0.99976,0.9999,6.79,2.25
2012.03.07 16:51:18.377,0.99978,0.9999,1.50,2.25
2012.03.07 16:51:20.807,0.99979,0.99991,1.50,2.25
2012.03.07 16:51:21.564,0.99978,0.99989,1.50,1.50
2012.03.07 16:51:22.079,0.99978,0.99988,1.50,1.50
2012.03.07 16:51:23.909,0.99976,0.99988,2.25,2.25
2012.03.07 16:51:26.749,0.99976,0.99988,1.88,3.00
2012.03.07 16:51:28.916,0.99976,0.99988,1.50,2.25
2012.03.07 16:51:30.890,0.99977,0.99988,1.50,1.50
2012.03.07 16:51:31.585,0.99977,0.99989,1.50,3.00
2012.03.07 16:51:34.927,0.99976,0.99989,3.00,2.25
2012.03.07 16:51:35.216,0.9998,0.9999,1.50,1.13
2012.03.07 16:51:35.966,0.99977,0.9999,2.25,1.13
2012.03.07 16:51:38.704,0.99977,0.9999,2.25,1.13
2012.03.07 16:51:39.057,0.99976,0.99987,2.25,1.50
2012.03.07 16:51:39.366,0.99977,0.99989,2.25,3.75
2012.03.07 16:51:40.020,0.99977,0.99989,3.75,2.25
2012.03.07 16:51:40.233,0.99976,0.99987,1.13,1.50
2012.03.07 16:51:41.827,0.99975,0.99989,2.25,3.00
2012.03.07 16:51:42.185,0.99977,0.99989,1.50,3.00
2012.03.07 16:51:42.459,0.99978,0.99991,1.35,2.25
2012.03.07 16:51:42.965,0.99978,0.99989,1.35,1.50
2012.03.07 16:51:43.159,0.99979,0.99991,2.10,2.25
2012.03.07 16:51:44.313,0.99978,0.99992,2.25,3.42
2012.03.07 16:51:44.846,0.99978,0.9999,2.25,1.50
2012.03.07 16:51:45.754,0.99979,0.99991,1.50,2.25
2012.03.07 16:51:48.038,0.99977,0.99991,3.38,2.25
2012.03.07 16:51:49.259,0.99978,0.9999,1.50,1.50
2012.03.07 16:51:49.342,0.99978,0.99989,1.50,1.65
2012.03.07 16:51:49.559,0.99974,0.99986,2.29,1.50
2012.03.07 16:51:50.122,0.99977,0.99988,1.50,2.03
2012.03.07 16:51:50.903,0.99977,0.99989,1.50,2.25
2012.03.07 16:51:51.326,0.99979,0.99991,1.50,3.38
2012.03.07 16:51:51.757,0.99977,0.99991,1.50,2.63
2012.03.07 16:51:51.896,0.99979,0.99991,1.50,1.13
2012.03.07 16:51:55.335,0.99979,0.9999,1.50,2.25
2012.03.07 16:51:55.530,0.99977,0.99988,1.50,1.50
2012.03.07 16:51:55.598,0.99975,0.99986,3.94,1.50
2012.03.07 16:51:55.845,0.99975,0.99988,5.44,1.50
2012.03.07 16:51:56.388,0.99977,0.99988,1.50,1.50
2012.03.07 16:51:56.996,0.99976,0.99988,2.07,3.00
2012.03.07 16:52:00.615,0.99978,0.99988,1.50,1.50
2012.03.07 16:52:01.416,0.99975,0.99988,5.25,1.50
2012.03.07 16:52:03.312,0.99976,0.99988,1.50,1.13
2012.03.07 16:52:04.012,0.99976,0.99988,1.88,2.63
2012.03.07 16:52:04.785,0.99977,0.99988,1.50,2.25
2012.03.07 16:52:05.737,0.99975,0.99988,4.50,2.25
2012.03.07 16:52:07.256,0.99975,0.99988,2.78,2.25
2012.03.07 16:52:10.101,0.99974,0.99987,2.78,2.25
2012.03.07 16:52:10.172,0.99974,0.99985,2.25,2.25
2012.03.07 16:52:10.724,0.99973,0.99985,1.50,2.25
2012.03.07 16:52:12.589,0.99973,0.99983,1.50,1.13
2012.03.07 16:52:12.787,0.99969,0.99979,1.50,1.50
2012.03.07 16:52:12.857,0.99966,0.99977,3.00,1.50
2012.03.07 16:52:13.144,0.99965,0.99977,3.94,1.50
2012.03.07 16:52:13.716,0.99965,0.99978,2.44,2.25
2012.03.07 16:52:13.793,0.99965,0.99976,2.44,1.50
2012.03.07 16:52:14.344,0.99965,0.99977,3.94,1.50
2012.03.07 16:52:15.199,0.99965,0.99977,3.19,2.25
2012.03.07 16:52:16.816,0.99967,0.99977,1.50,1.50
2012.03.07 16:52:17.208,0.99965,0.99977,2.67,1.50
2012.03.07 16:52:17.781,0.99964,0.99976,4.73,1.50
2012.03.07 16:52:17.922,0.99964,0.99972,4.35,3.00
2012.03.07 16:52:18.599,0.99955,0.99965,3.00,1.50
2012.03.07 16:52:18.699,0.99951,0.99965,2.10,2.44
2012.03.07 16:52:18.852,0.99951,0.99961,2.10,1.13
2012.03.07 16:52:19.202,0.99949,0.99958,1.13,2.25
2012.03.07 16:52:19.279,0.99945,0.99957,3.75,1.13
2012.03.07 16:52:19.816,0.99944,0.99956,1.50,1.88
2012.03.07 16:52:20.356,0.99945,0.99957,1.50,2.63
2012.03.07 16:52:20.856,0.99945,0.99956,1.50,2.25
2012.03.07 16:52:22.678,0.99943,0.99956,1.50,2.25
2012.03.07 16:52:23.588,0.99942,0.99955,1.50,2.25
2012.03.07 16:52:23.658,0.99944,0.99955,1.50,2.25
2012.03.07 16:52:25.566,0.99945,0.99955,1.50,2.25
2012.03.07 16:52:26.776,0.99945,0.99956,1.50,1.13
2012.03.07 16:52:29.379,0.99943,0.99956,2.25,1.13
2012.03.07 16:52:30.046,0.99943,0.99956,3.79,1.13
2012.03.07 16:52:33.387,0.99944,0.99956,1.95,2.44
2012.03.07 16:52:41.278,0.99944,0.99956,1.88,2.63
2012.03.07 16:52:41.817,0.99944,0.99956,1.50,2.63
2012.03.07 16:52:44.636,0.99942,0.99954,1.50,1.50
2012.03.07 16:52:44.827,0.99942,0.99956,1.50,2.63
2012.03.07 16:52:46.045,0.99942,0.99956,1.50,2.44
2012.03.07 16:52:48.507,0.99942,0.99954,1.50,2.25
2012.03.07 16:52:48.840,0.99944,0.99956,1.50,3.00
2012.03.07 16:52:49.053,0.99941,0.99955,1.50,4.88
2012.03.07 16:52:49.566,0.99942,0.99955,1.50,4.13
2012.03.07 16:52:49.647,0.99944,0.99956,1.50,3.75
2012.03.07 16:52:53.840,0.99944,0.99956,1.50,2.63
2012.03.07 16:52:54.515,0.99943,0.99956,1.50,1.13
2012.03.07 16:52:56.013,0.99944,0.99956,1.50,1.13
2012.03.07 16:52:56.734,0.99945,0.99956,1.50,1.13
2012.03.07 16:52:56.865,0.99943,0.99956,1.50,1.13
2012.03.07 16:52:58.866,0.99944,0.99956,1.50,1.13
2012.03.07 16:52:58.936,0.99946,0.99956,1.50,1.13
2012.03.07 16:53:00.498,0.99943,0.99956,1.50,1.13
2012.03.07 16:53:01.069,0.99944,0.99956,1.50,1.13
2012.03.07 16:53:06.183,0.99944,0.99957,1.50,3.75
2012.03.07 16:53:10.415,0.99943,0.99957,1.50,5.25
2012.03.07 16:53:11.066,0.99945,0.99957,1.50,5.25
2012.03.07 16:53:11.384,0.99943,0.99957,3.00,5.25
2012.03.07 16:53:12.687,0.99943,0.99955,1.50,1.50
2012.03.07 16:53:12.820,0.99941,0.99955,2.25,3.75
2012.03.07 16:53:13.368,0.99942,0.99955,1.50,1.13
2012.03.07 16:53:14.296,0.99942,0.99956,1.50,3.19
2012.03.07 16:53:20.296,0.99942,0.99956,2.25,3.19
2012.03.07 16:53:20.466,0.99947,0.99956,1.50,1.69
2012.03.07 16:53:21.278,0.99944,0.99956,1.50,3.19
2012.03.07 16:53:23.736,0.99944,0.99956,1.50,3.38
2012.03.07 16:53:24.878,0.99946,0.99958,1.50,3.00
2012.03.07 16:53:25.428,0.99946,0.99958,1.50,1.50
2012.03.07 16:53:25.969,0.99945,0.99958,3.75,1.50
2012.03.07 16:53:26.303,0.99944,0.99956,3.00,1.14
2012.03.07 16:53:26.811,0.9994,0.9995,1.50,1.13
2012.03.07 16:53:26.898,0.99938,0.99948,1.50,2.25
2012.03.07 16:53:27.111,0.99935,0.99948,3.94,2.63
2012.03.07 16:53:27.662,0.99936,0.99949,2.85,1.50
2012.03.07 16:53:28.265,0.99937,0.99949,1.50,3.00
2012.03.07 16:53:28.918,0.99937,0.99948,1.50,2.85
2012.03.07 16:53:29.271,0.99929,0.99943,3.94,1.50
2012.03.07 16:53:29.787,0.99931,0.99943,1.50,1.50
2012.03.07 16:53:30.364,0.99931,0.99942,1.50,1.50
2012.03.07 16:53:30.589,0.99927,0.99939,2.44,3.00
2012.03.07 16:53:30.736,0.99927,0.99939,1.69,3.00
2012.03.07 16:53:31.093,0.99925,0.99937,2.82,2.25
2012.03.07 16:53:31.758,0.99925,0.99938,2.07,3.00
2012.03.07 16:53:31.849,0.99925,0.99937,2.82,2.25
2012.03.07 16:53:35.724,0.99924,0.99934,2.25,1.50
2012.03.07 16:53:36.090,0.99922,0.99928,1.50,1.50
2012.03.07 16:53:36.241,0.99912,0.99926,4.20,2.25
2012.03.07 16:53:36.538,0.99917,0.99927,1.35,1.50
2012.03.07 16:53:36.612,0.99917,0.9993,2.85,1.13
2012.03.07 16:53:36.754,0.99919,0.99929,1.50,1.13
2012.03.07 16:53:37.268,0.99918,0.99927,1.50,1.13
2012.03.07 16:53:37.357,0.99913,0.99927,2.25,2.25
2012.03.07 16:53:37.499,0.99911,0.99925,3.19,2.25
2012.03.07 16:53:37.984,0.99914,0.99926,1.50,2.25
2012.03.07 16:53:39.623,0.99913,0.99927,1.50,1.17
2012.03.07 16:53:40.486,0.99914,0.99928,1.50,4.54
2012.03.07 16:53:41.017,0.99913,0.99925,3.98,1.50
2012.03.07 16:53:41.305,0.99916,0.99927,2.25,1.13
2012.03.07 16:53:41.911,0.99918,0.99928,3.04,1.50
2012.03.07 16:53:42.225,0.99921,0.9993,2.25,1.50
2012.03.07 16:53:42.301,0.9992,0.9993,3.00,1.50
2012.03.07 16:53:42.371,0.9992,0.99933,3.00,1.88
2012.03.07 16:53:42.672,0.99922,0.99935,2.25,1.13
2012.03.07 16:53:43.249,0.99922,0.99936,2.25,2.63
2012.03.07 16:53:43.799,0.99922,0.99934,2.25,1.50
2012.03.07 16:53:44.224,0.9992,0.99932,5.44,1.50
2012.03.07 16:53:44.386,0.99923,0.99935,1.50,3.00
2012.03.07 16:53:46.600,0.99923,0.99935,2.25,1.50
2012.03.07 16:53:47.174,0.99925,0.99936,2.63,1.13
2012.03.07 16:53:47.637,0.9993,0.9994,1.50,2.25
2012.03.07 16:53:47.723,0.9993,0.99942,1.50,2.10
2012.03.07 16:53:48.012,0.99927,0.9994,1.50,1.88
2012.03.07 16:53:48.348,0.99925,0.99938,2.25,1.50
2012.03.07 16:53:48.878,0.99925,0.99939,4.50,1.50
2012.03.07 16:53:49.385,0.99925,0.99939,4.50,1.50
2012.03.07 16:53:49.945,0.99926,0.99938,3.00,1.50
2012.03.07 16:53:50.586,0.99926,0.99939,1.88,1.50
2012.03.07 16:53:51.458,0.99927,0.99938,1.50,1.50
2012.03.07 16:53:53.220,0.99926,0.99938,1.88,1.50
2012.03.07 16:53:53.764,0.99926,0.99938,2.25,1.50
2012.03.07 16:53:54.267,0.99926,0.99938,1.50,2.25
2012.03.07 16:53:54.649,0.99922,0.99934,5.10,1.50
2012.03.07 16:53:54.777,0.99922,0.99936,3.60,1.88
2012.03.07 16:53:56.745,0.99928,0.99936,1.35,1.88
2012.03.07 16:53:56.834,0.9993,0.99941,1.50,2.25
2012.03.07 16:53:56.920,0.99931,0.99942,1.35,1.50
2012.03.07 16:53:57.135,0.99933,0.99942,1.35,1.50
2012.03.07 16:53:57.359,0.99935,0.99945,1.88,1.50
2012.03.07 16:53:57.510,0.99937,0.99948,1.50,1.50
2012.03.07 16:53:58.353,0.99935,0.99948,1.88,3.00
2012.03.07 16:53:58.900,0.99935,0.99948,1.13,3.00
2012.03.07 16:53:59.699,0.99937,0.99948,1.50,1.50
2012.03.07 16:54:00.209,0.99937,0.99947,1.50,1.35
2012.03.07 16:54:00.424,0.9993,0.99941,1.69,1.13
2012.03.07 16:54:00.918,0.99926,0.9994,3.00,1.88
2012.03.07 16:54:01.057,0.99926,0.99937,1.50,1.50
2012.03.07 16:54:01.670,0.99926,0.99938,3.00,1.50
2012.03.07 16:54:02.238,0.99926,0.99938,2.25,1.50
2012.03.07 16:54:02.776,0.99924,0.99938,3.79,1.50
2012.03.07 16:54:03.618,0.99924,0.99936,3.60,1.50
2012.03.07 16:54:04.098,0.99924,0.99936,2.25,3.75
2012.03.07 16:54:04.380,0.99922,0.99934,1.50,1.88
2012.03.07 16:54:04.450,0.99924,0.99934,1.32,1.50
2012.03.07 16:54:04.580,0.99925,0.99936,2.44,2.25
2012.03.07 16:54:04.711,0.99926,0.99939,1.50,2.85
2012.03.07 16:54:05.256,0.99927,0.99939,1.50,1.35
2012.03.07 16:54:05.642,0.99925,0.99937,2.44,2.10
2012.03.07 16:54:06.151,0.99927,0.99938,2.25,1.13
2012.03.07 16:54:06.372,0.99928,0.99941,1.35,2.63
2012.03.07 16:54:06.458,0.99929,0.99941,3.00,1.13
2012.03.07 16:54:06.815,0.99934,0.99945,1.50,1.32
2012.03.07 16:54:07.715,0.99931,0.99945,3.00,2.82
2012.03.07 16:54:08.287,0.99932,0.99946,2.25,2.44
2012.03.07 16:54:10.508,0.99932,0.99946,2.10,1.50
2012.03.07 16:54:10.648,0.99934,0.99948,1.50,3.75
2012.03.07 16:54:11.200,0.99933,0.99947,1.50,2.63
2012.03.07 16:54:12.066,0.99933,0.99947,1.50,4.73
2012.03.07 16:54:12.807,0.99932,0.99944,2.85,1.50
2012.03.07 16:54:12.904,0.99932,0.99946,3.75,2.25
2012.03.07 16:54:12.987,0.99934,0.99947,1.50,1.13
2012.03.07 16:54:13.501,0.99934,0.99946,2.25,1.50
2012.03.07 16:54:15.031,0.99934,0.99946,4.88,1.50
2012.03.07 16:54:15.100,0.99936,0.99948,2.25,2.44
2012.03.07 16:54:15.989,0.99936,0.99948,2.25,2.25
2012.03.07 16:54:16.130,0.99934,0.99947,3.00,2.25
2012.03.07 16:54:16.338,0.99938,0.9995,1.50,2.18
2012.03.07 16:54:16.889,0.99935,0.99948,4.13,1.50
2012.03.07 16:54:17.251,0.99936,0.99946,1.50,1.50
2012.03.07 16:54:17.822,0.99935,0.99946,1.88,1.50
2012.03.07 16:54:18.440,0.99935,0.99947,3.38,1.50
2012.03.07 16:54:20.268,0.99934,0.99946,3.38,1.50
2012.03.07 16:54:20.778,0.99935,0.99947,1.50,1.69
2012.03.07 16:54:21.118,0.99932,0.99943,2.85,1.50
2012.03.07 16:54:21.616,0.99932,0.99943,1.50,1.50
2012.03.07 16:54:22.179,0.99932,0.99944,3.00,1.50
2012.03.07 16:54:25.908,0.9993,0.99942,4.32,1.50
2012.03.07 16:54:26.060,0.9993,0.99942,4.32,1.50
2012.03.07 16:54:26.569,0.99929,0.99942,1.69,1.88
2012.03.07 16:54:26.757,0.99931,0.99943,1.50,1.88
2012.03.07 16:54:27.257,0.99929,0.99943,3.19,1.88
2012.03.07 16:54:27.451,0.99929,0.99943,5.25,1.88
2012.03.07 16:54:28.398,0.99929,0.99941,5.25,1.50
2012.03.07 16:54:28.817,0.99928,0.9994,1.88,1.50
2012.03.07 16:54:29.373,0.99926,0.9994,5.25,1.50
2012.03.07 16:54:29.522,0.99926,0.99937,1.50,1.50
2012.03.07 16:54:29.660,0.99926,0.99936,1.50,1.50
2012.03.07 16:54:29.869,0.99925,0.99938,1.50,3.00
2012.03.07 16:54:30.014,0.99925,0.99936,1.50,1.50
2012.03.07 16:54:30.229,0.99925,0.99938,1.50,1.50
2012.03.07 16:54:31.906,0.99927,0.99939,1.50,1.88
2012.03.07 16:54:32.639,0.99928,0.9994,1.50,2.25
2012.03.07 16:54:33.301,0.99926,0.99938,2.25,1.50
2012.03.07 16:54:33.840,0.99925,0.99937,2.25,1.50
2012.03.07 16:54:34.090,0.99932,0.99938,2.25,1.50
2012.03.07 16:54:34.301,0.99935,0.9994,1.13,1.50
2012.03.07 16:54:34.437,0.99935,0.99945,1.13,1.50
2012.03.07 16:54:34.512,0.99936,0.99948,1.50,1.50
2012.03.07 16:54:34.980,0.99935,0.99946,1.73,1.50
2012.03.07 16:54:35.306,0.99937,0.99948,1.50,2.25
2012.03.07 16:54:35.818,0.99936,0.99948,1.50,3.00
2012.03.07 16:54:37.540,0.99936,0.99948,1.50,3.00
2012.03.07 16:54:37.856,0.99938,0.99947,1.50,1.50
2012.03.07 16:54:38.426,0.99937,0.99947,1.50,1.50
2012.03.07 16:54:39.763,0.99937,0.99947,1.50,1.50
2012.03.07 16:54:40.280,0.99937,0.99947,1.50,1.50
2012.03.07 16:54:40.944,0.99937,0.99947,1.50,1.50
2012.03.07 16:54:41.530,0.99937,0.99948,1.50,1.50
2012.03.07 16:54:42.035,0.99935,0.99947,3.42,2.25
2012.03.07 16:54:42.547,0.99937,0.99948,1.50,1.50
2012.03.07 16:54:43.116,0.99936,0.99949,2.10,2.25
2012.03.07 16:54:43.898,0.99938,0.99949,1.50,2.25
2012.03.07 16:54:43.970,0.99936,0.99949,2.10,2.25
2012.03.07 16:54:44.865,0.99936,0.99949,2.10,2.25
2012.03.07 16:54:45.385,0.99938,0.99949,1.50,2.25
2012.03.07 16:54:45.462,0.99936,0.99949,3.60,2.25
2012.03.07 16:54:45.995,0.99938,0.99949,1.50,2.25
2012.03.07 16:54:46.530,0.99938,0.99949,1.50,1.50
2012.03.07 16:54:49.072,0.99936,0.99947,2.85,1.50
2012.03.07 16:54:49.796,0.99937,0.99949,1.50,3.00
2012.03.07 16:54:50.389,0.99937,0.99949,1.50,3.00
2012.03.07 16:54:57.210,0.99937,0.99949,1.50,3.00
2012.03.07 16:54:57.860,0.99937,0.99949,1.50,3.00
2012.03.07 16:55:00.114,0.99937,0.99949,1.50,3.00
2012.03.07 16:55:00.495,0.99939,0.99949,1.50,1.50
2012.03.07 16:55:01.005,0.99941,0.99949,1.50,1.50
2012.03.07 16:55:01.977,0.99937,0.99949,1.50,1.50
2012.03.07 16:55:02.889,0.99937,0.99949,1.50,3.00
2012.03.07 16:55:03.026,0.99935,0.99946,3.98,1.50
2012.03.07 16:55:03.367,0.99945,0.99957,1.13,2.25
2012.03.07 16:55:03.557,0.99947,0.99957,1.50,1.50
2012.03.07 16:55:04.159,0.99942,0.99955,1.50,2.25
2012.03.07 16:55:04.896,0.99942,0.99956,2.48,2.25
2012.03.07 16:55:05.110,0.99945,0.99957,1.50,3.00
2012.03.07 16:55:05.978,0.99945,0.99957,1.65,3.38
2012.03.07 16:55:06.120,0.99942,0.99957,1.65,1.13
2012.03.07 16:55:06.640,0.99941,0.99956,2.25,1.50
2012.03.07 16:55:06.990,0.99943,0.99956,1.50,1.50
2012.03.07 16:55:07.341,0.99946,0.99958,1.50,1.50
2012.03.07 16:55:07.689,0.99948,0.9996,2.25,3.57
2012.03.07 16:55:07.760,0.99944,0.9996,2.25,3.57
2012.03.07 16:55:07.831,0.99944,0.9996,2.25,3.38
2012.03.07 16:55:08.549,0.99945,0.99958,1.50,3.00
2012.03.07 16:55:09.336,0.99944,0.99956,2.25,1.69
2012.03.07 16:55:13.847,0.99944,0.99958,2.25,2.07
2012.03.07 16:55:13.986,0.99947,0.99959,1.50,2.82
2012.03.07 16:55:14.346,0.99944,0.99953,2.25,1.50
2012.03.07 16:55:14.641,0.99943,0.99955,2.10,3.00
2012.03.07 16:55:15.245,0.99942,0.99956,2.10,2.25
2012.03.07 16:55:15.319,0.99942,0.99954,2.10,1.50
2012.03.07 16:55:17.207,0.99943,0.99955,2.10,1.50
2012.03.07 16:55:17.839,0.99942,0.99954,2.10,1.50
2012.03.07 16:55:18.066,0.99942,0.99956,2.10,2.25
2012.03.07 16:55:21.160,0.99944,0.99958,1.50,4.88
2012.03.07 16:55:21.699,0.99945,0.99957,2.78,3.00
2012.03.07 16:55:28.888,0.99945,0.99956,1.13,1.50
2012.03.07 16:55:29.451,0.99945,0.99957,2.63,2.25
2012.03.07 16:55:31.978,0.99946,0.99957,1.13,1.50
2012.03.07 16:55:32.065,0.99947,0.99959,2.25,3.00
2012.03.07 16:55:32.142,0.99949,0.99961,3.60,3.57
2012.03.07 16:55:32.350,0.9995,0.99963,2.48,2.44
2012.03.07 16:55:32.924,0.99952,0.99963,2.10,2.25
2012.03.07 16:55:33.010,0.99954,0.99964,1.50,1.50
2012.03.07 16:55:33.639,0.99954,0.99965,1.50,2.25
2012.03.07 16:55:35.568,0.99955,0.99968,1.50,2.25
2012.03.07 16:55:36.126,0.99956,0.99968,1.50,2.25
2012.03.07 16:55:36.643,0.99955,0.99967,1.50,1.50
2012.03.07 16:55:38.956,0.99955,0.99967,1.50,3.00
2012.03.07 16:55:39.090,0.99953,0.99965,1.50,3.00
2012.03.07 16:55:39.357,0.99951,0.99965,3.19,3.75
2012.03.07 16:55:39.913,0.99952,0.99965,1.50,2.25
2012.03.07 16:55:40.703,0.99952,0.99965,1.50,2.25
2012.03.07 16:55:41.228,0.99952,0.99965,2.25,1.50
2012.03.07 16:55:41.936,0.99952,0.99965,1.50,1.50
2012.03.07 16:55:42.485,0.99952,0.99965,1.50,2.25
2012.03.07 16:55:43.440,0.99952,0.99965,1.50,2.25
2012.03.07 16:55:44.337,0.99952,0.99966,1.50,3.00
2012.03.07 16:55:44.423,0.99955,0.99967,1.50,1.50
2012.03.07 16:55:44.878,0.99957,0.99968,1.50,1.50
2012.03.07 16:55:45.286,0.99954,0.99967,2.07,1.50
2012.03.07 16:55:45.540,0.99954,0.99964,1.32,1.50
2012.03.07 16:55:46.147,0.99954,0.99966,1.32,1.50
2012.03.07 16:55:47.468,0.99954,0.99961,1.13,1.13
2012.03.07 16:55:47.557,0.99947,0.99959,4.35,2.25
2012.03.07 16:55:47.888,0.99946,0.99958,1.50,1.50
2012.03.07 16:55:50.469,0.99946,0.99958,2.85,2.44
2012.03.07 16:55:50.939,0.99948,0.9996,2.10,2.25
2012.03.07 16:55:51.447,0.99948,0.9996,2.10,1.50
2012.03.07 16:55:51.779,0.99953,0.99961,2.85,1.88
2012.03.07 16:55:51.918,0.99955,0.99967,2.82,3.00
2012.03.07 16:55:51.986,0.99955,0.99967,2.82,2.25
2012.03.07 16:55:52.056,0.99957,0.99968,1.50,2.25
2012.03.07 16:55:52.674,0.99955,0.99968,2.82,2.25
2012.03.07 16:55:53.203,0.99955,0.99968,2.82,2.25
2012.03.07 16:55:53.716,0.99955,0.99968,2.82,2.25
2012.03.07 16:55:54.257,0.99955,0.99968,2.63,2.25
2012.03.07 16:55:55.715,0.99955,0.99968,2.63,1.88
2012.03.07 16:55:56.817,0.99955,0.99968,2.63,2.63
2012.03.07 16:55:57.317,0.99955,0.99966,1.13,1.50
2012.03.07 16:55:57.572,0.99957,0.99968,1.13,1.50
2012.03.07 16:55:57.896,0.99961,0.9997,2.25,1.50
2012.03.07 16:55:58.254,0.99961,0.99971,2.10,1.13
2012.03.07 16:55:58.467,0.99962,0.99974,1.50,1.50
2012.03.07 16:55:58.542,0.99964,0.99974,1.50,1.13
2012.03.07 16:55:59.329,0.99961,0.99974,2.25,1.13
2012.03.07 16:55:59.849,0.99963,0.99974,1.50,1.13
2012.03.07 16:56:00.379,0.99962,0.99974,1.50,2.25
2012.03.07 16:56:00.709,0.9996,0.9997,2.25,1.50
2012.03.07 16:56:00.777,0.9996,0.99974,2.25,3.75
2012.03.07 16:56:00.980,0.99962,0.99974,1.50,2.25
2012.03.07 16:56:01.872,0.99961,0.99974,1.50,1.88
2012.03.07 16:56:02.416,0.9996,0.99973,1.13,1.50
2012.03.07 16:56:02.926,0.9996,0.99974,2.63,3.00
2012.03.07 16:56:03.606,0.99961,0.99974,1.50,1.50
2012.03.07 16:56:04.135,0.9996,0.99974,2.63,3.00
2012.03.07 16:56:04.684,0.9996,0.99974,2.63,3.00
2012.03.07 16:56:05.038,0.99962,0.99974,1.50,3.00
2012.03.07 16:56:05.678,0.99962,0.99974,1.50,1.50
2012.03.07 16:56:07.270,0.99962,0.99975,2.10,1.88
2012.03.07 16:56:07.623,0.99963,0.99975,1.88,1.88
2012.03.07 16:56:08.181,0.99966,0.99977,1.50,1.50
2012.03.07 16:56:08.260,0.99966,0.99978,1.50,2.63
2012.03.07 16:56:08.804,0.99966,0.99978,2.25,2.63
2012.03.07 16:56:09.808,0.99965,0.99978,4.50,1.13
2012.03.07 16:56:10.309,0.99965,0.99979,4.50,3.94
2012.03.07 16:56:10.729,0.99965,0.99976,1.88,1.50
2012.03.07 16:56:11.078,0.99964,0.99975,1.88,1.50
2012.03.07 16:56:11.420,0.99961,0.99975,1.50,3.19
2012.03.07 16:56:11.980,0.99961,0.99973,1.50,1.50
2012.03.07 16:56:12.520,0.99962,0.99974,1.50,2.44
2012.03.07 16:56:13.095,0.99961,0.99974,2.10,2.44
2012.03.07 16:56:13.777,0.99961,0.99974,1.35,2.44
2012.03.07 16:56:14.328,0.99962,0.99974,2.10,2.25
2012.03.07 16:56:15.088,0.99962,0.99974,2.85,2.25
2012.03.07 16:56:15.826,0.99962,0.99974,2.10,2.25
2012.03.07 16:56:18.555,0.99962,0.99974,2.10,2.25
2012.03.07 16:56:19.945,0.99962,0.99974,2.10,2.25
2012.03.07 16:56:20.808,0.99962,0.99974,2.85,2.25
2012.03.07 16:56:20.881,0.99966,0.99975,1.50,2.25
2012.03.07 16:56:21.387,0.99963,0.99975,1.50,3.00
2012.03.07 16:56:22.720,0.99963,0.99975,2.25,3.00
2012.03.07 16:56:23.968,0.99965,0.99975,1.13,1.50
2012.03.07 16:56:24.122,0.99965,0.99977,1.88,1.13
2012.03.07 16:56:24.484,0.99968,0.99979,1.50,1.88
2012.03.07 16:56:24.828,0.99975,0.99984,1.13,2.63
2012.03.07 16:56:25.398,0.99976,0.99986,2.25,2.63
2012.03.07 16:56:25.946,0.99975,0.99988,3.38,1.50
2012.03.07 16:56:27.318,0.99975,0.99988,3.98,3.75
2012.03.07 16:56:27.877,0.99975,0.99987,3.23,1.88
2012.03.07 16:56:29.803,0.99975,0.99987,4.73,1.50
2012.03.07 16:56:32.088,0.99975,0.99987,3.98,1.50
2012.03.07 16:56:32.281,0.99975,0.99986,2.25,1.95
2012.03.07 16:56:32.620,0.99965,0.99976,1.69,1.50
2012.03.07 16:56:32.760,0.99964,0.99977,3.42,2.25
2012.03.07 16:56:32.831,0.99965,0.99977,1.69,1.50
2012.03.07 16:56:34.730,0.99966,0.99978,1.50,2.25
2012.03.07 16:56:35.255,0.99966,0.99978,2.25,1.50
2012.03.07 16:56:35.816,0.99966,0.99978,1.50,1.50
2012.03.07 16:56:36.455,0.99965,0.99976,2.25,1.50
2012.03.07 16:56:36.611,0.99964,0.99976,1.50,3.00
2012.03.07 16:56:37.138,0.99962,0.99974,2.29,2.25
2012.03.07 16:56:37.639,0.99962,0.99974,2.29,2.25
2012.03.07 16:56:38.042,0.99964,0.99975,1.50,1.50
2012.03.07 16:56:38.565,0.99963,0.99975,1.50,3.00
2012.03.07 16:56:40.925,0.99963,0.99975,1.50,2.25
2012.03.07 16:56:44.250,0.99964,0.99975,1.13,2.25
2012.03.07 16:56:44.319,0.99964,0.99975,1.13,1.50
2012.03.07 16:56:44.521,0.99966,0.99978,1.50,3.00
2012.03.07 16:56:45.158,0.99966,0.99978,1.50,2.25
2012.03.07 16:56:45.498,0.99964,0.99975,1.50,1.50
2012.03.07 16:56:46.071,0.99965,0.99976,1.13,3.00
2012.03.07 16:56:46.234,0.9997,0.99981,1.73,1.13
2012.03.07 16:56:46.448,0.99973,0.99984,1.50,4.13
2012.03.07 16:56:46.779,0.99975,0.99984,1.50,1.50
2012.03.07 16:56:46.909,0.99973,0.99984,1.50,1.50
2012.03.07 16:56:47.855,0.99972,0.99984,1.50,1.50
2012.03.07 16:56:48.487,0.99971,0.99983,1.50,3.00
2012.03.07 16:56:48.997,0.99972,0.99984,1.50,3.00
2012.03.07 16:56:49.508,0.99972,0.99984,1.50,3.00
2012.03.07 16:56:51.733,0.99972,0.99983,1.50,1.50
2012.03.07 16:56:54.115,0.99972,0.99984,1.50,3.00
2012.03.07 16:56:59.005,0.99972,0.99984,1.50,3.00
2012.03.07 16:56:59.682,0.99972,0.99984,1.50,3.00
2012.03.07 16:56:59.985,0.9997,0.99982,1.50,2.25
2012.03.07 16:57:00.119,0.99968,0.99982,2.59,3.00
2012.03.07 16:57:00.566,0.99968,0.9998,1.69,1.50
2012.03.07 16:57:01.762,0.99967,0.99977,1.35,1.50
2012.03.07 16:57:01.840,0.99971,0.99982,1.50,2.44
2012.03.07 16:57:01.916,0.99969,0.99981,1.50,2.25
2012.03.07 16:57:02.320,0.99971,0.99983,1.50,2.82
2012.03.07 16:57:02.450,0.99968,0.99982,2.85,2.44
2012.03.07 16:57:03.366,0.99968,0.99982,2.85,3.19
2012.03.07 16:57:04.238,0.99968,0.99982,2.10,2.44
2012.03.07 16:57:05.335,0.99968,0.99982,2.10,2.44
2012.03.07 16:57:06.401,0.99966,0.9998,4.50,2.25
2012.03.07 16:57:06.600,0.99966,0.99978,2.25,1.50
2012.03.07 16:57:07.136,0.99967,0.99979,2.25,1.50
2012.03.07 16:57:07.802,0.99968,0.9998,1.50,2.25
2012.03.07 16:57:08.906,0.99969,0.99981,1.50,2.25
2012.03.07 16:57:09.469,0.99969,0.99981,1.50,2.40
2012.03.07 16:57:10.158,0.99968,0.99982,1.50,3.94
2012.03.07 16:57:10.761,0.99965,0.99976,1.88,1.13
2012.03.07 16:57:11.037,0.99964,0.99973,1.88,1.50
2012.03.07 16:57:11.319,0.99964,0.99976,1.50,3.00
2012.03.07 16:57:11.818,0.99962,0.99974,2.10,1.50
2012.03.07 16:57:12.511,0.99963,0.99976,1.50,1.69
2012.03.07 16:57:13.477,0.99964,0.99977,1.50,1.69
2012.03.07 16:57:13.728,0.99964,0.99975,1.50,3.00
2012.03.07 16:57:13.799,0.99962,0.99974,1.50,3.38
2012.03.07 16:57:14.518,0.99963,0.99975,1.50,1.50
2012.03.07 16:57:15.635,0.99963,0.99975,1.50,1.13
2012.03.07 16:57:16.948,0.99962,0.99974,3.60,1.50
2012.03.07 16:57:18.278,0.99962,0.99972,1.50,1.50
2012.03.07 16:57:18.617,0.99968,0.99979,1.50,2.44
2012.03.07 16:57:19.160,0.99967,0.99979,1.50,3.94
2012.03.07 16:57:22.089,0.99965,0.99977,2.63,2.25
2012.03.07 16:57:22.978,0.99966,0.99979,1.50,3.94
2012.03.07 16:57:24.119,0.9997,0.99978,1.50,1.50
2012.03.07 16:57:24.619,0.99968,0.99978,1.50,1.50
2012.03.07 16:57:24.917,0.99965,0.99978,3.38,1.50
2012.03.07 16:57:25.397,0.99967,0.99978,1.50,1.50
2012.03.07 16:57:26.189,0.99967,0.99977,1.50,1.50
2012.03.07 16:57:26.728,0.99967,0.99978,1.50,1.50
2012.03.07 16:57:27.597,0.99968,0.99978,1.50,1.50
2012.03.07 16:57:27.675,0.99966,0.99978,2.25,3.00
2012.03.07 16:57:28.390,0.99965,0.99976,1.88,2.25
2012.03.07 16:57:29.406,0.99965,0.99977,2.63,1.50
2012.03.07 16:57:30.950,0.99962,0.99974,2.85,2.25
2012.03.07 16:57:31.512,0.99962,0.99974,2.10,2.25
2012.03.07 16:57:32.858,0.99964,0.99975,1.50,2.07
2012.03.07 16:57:33.472,0.99966,0.99976,1.50,3.75
2012.03.07 16:57:33.667,0.99963,0.99975,2.10,2.07
2012.03.07 16:57:35.128,0.99963,0.99975,2.10,2.25
2012.03.07 16:57:36.698,0.99963,0.99975,3.04,1.88
2012.03.07 16:57:36.910,0.99965,0.99978,2.25,1.50
2012.03.07 16:57:37.447,0.99966,0.99978,1.50,1.50
2012.03.07 16:57:38.610,0.99964,0.99978,4.32,3.00
2012.03.07 16:57:39.317,0.99964,0.99977,1.50,1.88
2012.03.07 16:57:41.406,0.99963,0.99977,2.10,3.38
2012.03.07 16:57:41.979,0.99965,0.99977,1.50,3.38
2012.03.07 16:57:42.536,0.99965,0.99977,1.50,5.25
2012.03.07 16:57:42.667,0.99963,0.99977,2.10,5.25
2012.03.07 16:57:45.277,0.99965,0.99976,1.50,1.69
2012.03.07 16:57:45.773,0.99965,0.99971,1.50,1.50
2012.03.07 16:57:45.851,0.99962,0.99971,1.35,2.44
2012.03.07 16:57:45.928,0.99961,0.99969,1.50,1.50
2012.03.07 16:57:46.372,0.99958,0.99971,1.50,3.19
2012.03.07 16:57:46.454,0.99961,0.99972,1.50,2.25
2012.03.07 16:57:46.534,0.99963,0.99973,1.50,1.13
2012.03.07 16:57:46.667,0.99963,0.99975,1.50,1.13
2012.03.07 16:57:46.866,0.99965,0.99975,1.50,1.13
2012.03.07 16:57:47.057,0.99963,0.99975,1.50,1.13
2012.03.07 16:57:47.619,0.99964,0.99975,1.50,1.13
2012.03.07 16:57:50.209,0.99964,0.99977,1.50,1.69
2012.03.07 16:57:50.844,0.99961,0.99973,2.25,2.63
2012.03.07 16:57:51.358,0.99961,0.99973,2.25,3.00
2012.03.07 16:57:52.656,0.99962,0.99973,1.50,1.50
2012.03.07 16:57:53.898,0.99961,0.99973,2.25,1.50
2012.03.07 16:57:56.268,0.99963,0.99974,1.50,1.50
2012.03.07 16:57:56.783,0.99963,0.99975,1.50,1.50
2012.03.07 16:57:59.156,0.99963,0.99974,1.50,1.50
2012.03.07 16:58:01.375,0.99963,0.99975,1.50,1.69
2012.03.07 16:58:05.560,0.99965,0.99976,1.50,1.69
2012.03.07 16:58:06.057,0.99963,0.99976,1.50,1.69
2012.03.07 16:58:07.406,0.99965,0.99976,1.50,1.69
2012.03.07 16:58:11.208,0.99964,0.99976,1.50,3.19
2012.03.07 16:58:12.358,0.99965,0.99976,1.50,1.69
2012.03.07 16:58:12.828,0.99963,0.99977,3.00,5.25
2012.03.07 16:58:13.587,0.99963,0.99976,1.50,1.88
2012.03.07 16:58:15.870,0.99961,0.99975,3.00,1.50
2012.03.07 16:58:17.258,0.99964,0.99975,1.50,3.00
2012.03.07 16:58:17.332,0.99961,0.99973,2.25,2.25
2012.03.07 16:58:22.701,0.99961,0.99973,2.25,2.63
2012.03.07 16:58:27.236,0.99961,0.99972,2.25,1.88
2012.03.07 16:58:32.459,0.99961,0.99969,2.25,3.75
2012.03.07 16:58:32.589,0.99956,0.99967,3.00,1.50
2012.03.07 16:58:32.658,0.99952,0.99964,4.50,1.50
2012.03.07 16:58:32.728,0.99952,0.99964,3.75,1.50
2012.03.07 16:58:33.286,0.99953,0.99965,1.50,3.19
2012.03.07 16:58:33.863,0.99953,0.99965,1.50,3.19
2012.03.07 16:58:34.118,0.99955,0.99965,1.50,1.69
2012.03.07 16:58:34.998,0.99953,0.99965,1.50,1.69
2012.03.07 16:58:35.817,0.99953,0.99965,1.50,1.69
2012.03.07 16:58:36.102,0.99955,0.99966,1.50,1.69
2012.03.07 16:58:36.438,0.99953,0.99961,1.50,1.50
2012.03.07 16:58:36.570,0.99953,0.99964,1.50,1.50
2012.03.07 16:58:36.638,0.99951,0.99963,3.00,1.50
2012.03.07 16:58:36.968,0.99955,0.99965,1.50,2.07
2012.03.07 16:58:37.795,0.99954,0.99965,1.50,2.07
2012.03.07 16:58:38.228,0.99956,0.99965,1.50,2.07
2012.03.07 16:58:38.477,0.99954,0.99965,1.50,2.07
2012.03.07 16:58:39.789,0.99953,0.99965,1.50,2.07
2012.03.07 16:58:41.653,0.99953,0.99965,1.50,2.07
2012.03.07 16:58:41.848,0.99956,0.99965,1.50,2.07
2012.03.07 16:58:41.916,0.99954,0.99965,3.00,2.07
2012.03.07 16:58:43.325,0.99954,0.99965,1.50,2.07
2012.03.07 16:58:43.456,0.99952,0.99965,1.50,1.69
2012.03.07 16:58:43.966,0.99951,0.99965,2.25,3.19
2012.03.07 16:58:44.039,0.99953,0.99965,1.50,1.69
2012.03.07 16:58:44.661,0.99953,0.99965,1.50,1.69
2012.03.07 16:58:45.189,0.99953,0.99965,1.50,1.69
2012.03.07 16:58:54.626,0.99955,0.99965,1.50,1.69
2012.03.07 16:58:55.122,0.9995,0.99956,5.85,1.13
2012.03.07 16:58:55.584,0.99948,0.99954,3.00,3.38
2012.03.07 16:58:55.664,0.9994,0.99952,6.00,1.50
2012.03.07 16:58:56.213,0.99941,0.99955,2.25,6.00
2012.03.07 16:58:58.937,0.99942,0.99954,1.50,1.50
2012.03.07 16:58:59.480,0.99941,0.99954,1.50,2.25
2012.03.07 16:59:01.569,0.9994,0.99952,2.25,1.50
2012.03.07 16:59:05.441,0.99942,0.99954,1.50,3.00
2012.03.07 16:59:06.037,0.9994,0.99951,2.25,1.50
2012.03.07 16:59:06.286,0.99937,0.99951,3.94,1.50
2012.03.07 16:59:06.493,0.99937,0.99949,3.19,1.50
2012.03.07 16:59:07.133,0.99937,0.99947,1.50,1.50
2012.03.07 16:59:07.215,0.99934,0.99947,2.44,3.00
2012.03.07 16:59:07.717,0.99935,0.99947,1.50,3.00
2012.03.07 16:59:08.243,0.99936,0.99947,1.50,1.50
2012.03.07 16:59:08.788,0.99936,0.99947,1.50,1.50
2012.03.07 16:59:09.398,0.99936,0.99949,2.63,1.35
2012.03.07 16:59:09.823,0.99939,0.99951,1.50,3.60
2012.03.07 16:59:09.899,0.99937,0.99949,1.88,2.25
2012.03.07 16:59:10.635,0.99937,0.99944,1.50,2.25
2012.03.07 16:59:10.711,0.99932,0.99944,1.50,4.13
2012.03.07 16:59:11.370,0.99935,0.99947,1.50,3.53
2012.03.07 16:59:11.638,0.99935,0.99947,1.50,3.38
2012.03.07 16:59:12.277,0.99935,0.99947,1.50,1.32
2012.03.07 16:59:13.107,0.99935,0.99946,1.50,2.63
2012.03.07 16:59:13.652,0.99933,0.99945,1.50,1.65
2012.03.07 16:59:13.722,0.99931,0.99944,2.25,3.00
2012.03.07 16:59:14.232,0.99932,0.99944,1.50,4.50
2012.03.07 16:59:17.296,0.99934,0.99944,1.50,3.00
2012.03.07 16:59:18.027,0.99931,0.99944,3.00,3.00
2012.03.07 16:59:18.739,0.99931,0.99944,3.00,3.00
2012.03.07 16:59:19.487,0.99931,0.99944,1.50,4.32
2012.03.07 16:59:19.739,0.99933,0.99944,1.50,2.82
2012.03.07 16:59:22.876,0.99931,0.99943,1.50,1.88
2012.03.07 16:59:23.777,0.99933,0.99943,1.50,1.88
2012.03.07 16:59:24.298,0.99933,0.99946,1.50,3.38
2012.03.07 16:59:24.836,0.99934,0.99946,1.50,1.13
2012.03.07 16:59:25.180,0.99934,0.9994,1.50,2.25
2012.03.07 16:59:25.319,0.99928,0.99939,1.50,2.25
2012.03.07 16:59:25.838,0.99927,0.99939,1.50,2.25
2012.03.07 16:59:26.397,0.99924,0.99938,7.88,2.25
2012.03.07 16:59:26.600,0.99931,0.99942,1.50,1.73
2012.03.07 16:59:26.926,0.99934,0.99945,1.50,1.13
2012.03.07 16:59:26.996,0.99934,0.99946,1.50,1.50
2012.03.07 16:59:27.546,0.99933,0.99946,1.50,1.50
2012.03.07 16:59:28.096,0.99933,0.99946,1.50,1.13
2012.03.07 16:59:29.848,0.99933,0.99947,1.50,6.38
2012.03.07 16:59:30.322,0.99933,0.99945,1.50,3.15
2012.03.07 16:59:31.529,0.99932,0.99942,1.50,1.50
2012.03.07 16:59:31.610,0.9993,0.99942,1.50,1.50
2012.03.07 16:59:32.181,0.99934,0.99945,1.50,3.00
2012.03.07 16:59:32.534,0.99934,0.99946,1.50,1.88
2012.03.07 16:59:33.056,0.99935,0.99946,2.25,1.50
2012.03.07 16:59:33.570,0.99935,0.99947,4.50,1.88
2012.03.07 16:59:34.098,0.99935,0.99948,3.75,1.88
2012.03.07 16:59:34.600,0.99935,0.99948,4.50,1.88
2012.03.07 16:59:34.858,0.99935,0.99948,5.25,1.13
2012.03.07 16:59:35.376,0.99938,0.99948,1.50,1.13
2012.03.07 16:59:35.907,0.99936,0.99948,1.50,1.13
2012.03.07 16:59:36.575,0.99935,0.99948,2.25,2.63
2012.03.07 16:59:36.956,0.99935,0.99948,3.75,3.00
2012.03.07 16:59:38.075,0.99936,0.99947,1.50,1.50
2012.03.07 16:59:39.309,0.99937,0.99947,1.50,1.50
2012.03.07 16:59:39.867,0.99936,0.99947,1.50,1.50
2012.03.07 16:59:41.037,0.99937,0.99947,1.50,1.50
2012.03.07 16:59:46.667,0.99935,0.99947,3.75,2.25
2012.03.07 16:59:47.151,0.99934,0.99944,1.13,1.50
2012.03.07 16:59:47.676,0.99934,0.99945,4.13,1.50
2012.03.07 16:59:47.877,0.99935,0.99947,1.50,2.63
2012.03.07 16:59:48.540,0.99937,0.99948,1.50,1.88
2012.03.07 16:59:49.506,0.99934,0.99948,5.82,3.38
2012.03.07 16:59:49.784,0.99934,0.99947,5.82,1.13
2012.03.07 16:59:50.039,0.99934,0.99948,5.82,3.38
2012.03.07 16:59:50.561,0.99934,0.99948,6.57,3.38
2012.03.07 16:59:53.356,0.99934,0.99947,6.57,1.13
2012.03.07 16:59:53.556,0.99934,0.99948,5.82,3.38
2012.03.07 16:59:54.238,0.99934,0.99948,5.82,3.38
2012.03.07 16:59:55.487,0.99936,0.99948,1.50,1.88
2012.03.07 16:59:55.807,0.99938,0.99948,1.50,1.88
2012.03.07 16:59:56.409,0.99937,0.99948,1.50,1.88
2012.03.07 16:59:56.967,0.99937,0.99948,1.50,1.13
2012.03.07 16:59:57.702,0.99937,0.99948,1.50,1.88
2012.03.07 16:59:58.847,0.99935,0.99947,2.25,2.25
2012.03.07 16:59:59.739,0.99935,0.99947,2.25,2.63
