2008.05.12 06:00:24.410,1.00905,1.0092,0.20,3.60
2008.05.12 06:00:24.600,1.00905,1.0092,0.20,1.20
2008.05.12 06:00:24.800,1.00905,1.0092,0.20,1.20
2008.05.12 06:00:34.668,1.00905,1.0092,0.20,0.60
2008.05.12 06:01:21.528,1.0089,1.00905,0.50,0.30
2008.05.12 06:01:21.726,1.0089,1.00905,0.20,0.30
2008.05.12 06:01:26.534,1.009,1.00915,0.20,1.80
2008.05.12 06:01:26.719,1.009,1.00915,0.20,0.30
2008.05.12 06:01:55.713,1.009,1.0091,0.20,2.40
2008.05.12 06:02:08.740,1.00895,1.009,0.10,2.40
2008.05.12 06:02:11.510,1.00895,1.009,0.10,0.80
2008.05.12 06:02:42.376,1.009,1.00915,0.20,0.30
2008.05.12 06:02:46.202,1.00895,1.0091,0.20,0.30
2008.05.12 06:02:46.317,1.00895,1.0091,0.20,1.00
2008.05.12 06:02:55.126,1.00895,1.0091,0.20,0.30
2008.05.12 06:02:55.280,1.009,1.00915,0.20,0.40
2008.05.12 06:02:55.436,1.009,1.00915,0.20,0.30
2008.05.12 06:02:55.860,1.00895,1.00915,0.10,0.30
2008.05.12 06:03:04.684,1.00905,1.0092,0.20,1.20
2008.05.12 06:03:04.988,1.00905,1.0092,0.20,0.30
2008.05.12 06:03:12.261,1.00895,1.0091,0.20,0.30
2008.05.12 06:04:15.055,1.0091,1.00925,0.20,0.30
2008.05.12 06:04:18.057,1.00905,1.0092,0.20,1.00
2008.05.12 06:04:19.143,1.00905,1.0092,0.20,1.10
2008.05.12 06:04:19.367,1.0091,1.0092,0.20,0.80
2008.05.12 06:04:19.506,1.0091,1.0092,0.20,0.10
2008.05.12 06:04:19.623,1.0091,1.00925,0.20,0.30
2008.05.12 06:04:24.444,1.0092,1.0093,0.20,1.00
2008.05.12 06:04:24.555,1.0092,1.00935,0.20,0.30
2008.05.12 06:04:34.535,1.0092,1.0093,0.20,0.30
2008.05.12 06:04:38.393,1.0093,1.0094,0.20,1.00
2008.05.12 06:04:49.481,1.0092,1.0093,0.50,0.30
2008.05.12 06:04:49.517,1.0092,1.0093,0.20,0.30
2008.05.12 06:05:33.793,1.0092,1.0093,0.20,0.80
2008.05.12 06:05:33.985,1.00915,1.00925,0.20,0.30
2008.05.12 06:05:35.460,1.00915,1.0092,0.20,0.80
2008.05.12 06:05:35.600,1.0091,1.00915,0.10,0.80
2008.05.12 06:05:35.777,1.00915,1.00925,0.20,1.00
2008.05.12 06:05:36.207,1.0091,1.0092,0.20,0.30
2008.05.12 06:05:39.052,1.0092,1.0093,0.20,1.50
2008.05.12 06:05:39.195,1.0092,1.0093,0.20,0.40
2008.05.12 06:05:39.254,1.0092,1.0093,0.20,0.30
2008.05.12 06:05:42.156,1.0092,1.0093,0.20,1.00
2008.05.12 06:05:42.185,1.0091,1.0092,0.20,0.30
2008.05.12 06:05:47.609,1.00915,1.00925,0.20,0.30
2008.05.12 06:06:06.129,1.0091,1.0092,0.20,0.30
2008.05.12 06:06:08.601,1.009,1.00905,1.00,0.30
2008.05.12 06:06:08.667,1.009,1.00905,0.30,0.30
2008.05.12 06:06:08.774,1.00895,1.00905,0.20,0.30
2008.05.12 06:06:11.102,1.0091,1.0092,0.20,0.30
2008.05.12 06:06:11.341,1.0091,1.0092,0.20,1.00
2008.05.12 06:06:12.678,1.009,1.0091,0.50,0.30
2008.05.12 06:06:12.789,1.009,1.0091,0.20,0.30
2008.05.12 06:06:13.225,1.00895,1.00905,0.20,0.30
2008.05.12 06:06:23.298,1.009,1.00905,0.30,0.30
2008.05.12 06:07:03.170,1.00895,1.009,2.60,0.30
2008.05.12 06:07:05.249,1.009,1.00905,0.30,0.30
2008.05.12 06:07:21.215,1.0091,1.0092,0.20,1.00
2008.05.12 06:07:21.466,1.0091,1.0092,0.20,0.30
2008.05.12 06:07:48.947,1.0091,1.00925,0.20,0.30
2008.05.12 06:07:52.602,1.00915,1.0093,0.20,1.20
2008.05.12 06:07:52.838,1.0091,1.00925,0.20,0.30
2008.05.12 06:07:59.959,1.00915,1.00925,0.20,0.30
2008.05.12 06:08:00.258,1.0092,1.0093,0.20,1.20
2008.05.12 06:08:00.593,1.0092,1.0093,0.20,1.20
2008.05.12 06:08:00.929,1.0092,1.0093,0.20,1.00
2008.05.12 06:08:01.441,1.00915,1.00925,0.20,0.30
2008.05.12 06:08:01.920,1.0092,1.0093,0.20,1.20
2008.05.12 06:08:02.597,1.0092,1.0093,0.20,1.00
2008.05.12 06:08:03.342,1.00915,1.00925,0.20,0.30
2008.05.12 06:08:04.491,1.0092,1.0093,0.20,1.00
2008.05.12 06:08:04.693,1.0092,1.0093,0.20,0.30
2008.05.12 06:08:05.451,1.00925,1.00935,0.20,0.30
2008.05.12 06:08:06.418,1.0093,1.0094,0.20,1.20
2008.05.12 06:08:06.567,1.0093,1.0094,0.20,0.50
2008.05.12 06:08:06.977,1.0093,1.0094,0.40,0.30
2008.05.12 06:08:07.256,1.0093,1.0094,0.50,0.30
2008.05.12 06:08:07.395,1.00935,1.00945,0.20,2.60
2008.05.12 06:08:07.732,1.00935,1.00945,0.20,0.30
2008.05.12 06:08:08.598,1.0094,1.0095,0.20,1.20
2008.05.12 06:08:08.799,1.00935,1.0095,0.20,1.20
2008.05.12 06:08:09.197,1.00935,1.0095,0.20,1.00
2008.05.12 06:08:10.178,1.0094,1.00955,0.20,0.30
2008.05.12 06:08:10.454,1.00935,1.0095,0.20,0.30
2008.05.12 06:08:10.733,1.00935,1.0095,0.20,1.00
2008.05.12 06:08:11.402,1.0094,1.0095,0.20,0.80
2008.05.12 06:08:11.739,1.0094,1.00955,0.20,0.30
2008.05.12 06:08:11.924,1.0093,1.00945,2.80,0.30
2008.05.12 06:08:12.109,1.0093,1.00945,0.50,0.30
2008.05.12 06:08:12.294,1.0093,1.00945,0.20,0.30
2008.05.12 06:08:12.504,1.00935,1.0095,0.20,1.20
2008.05.12 06:08:13.021,1.0093,1.00945,0.20,0.30
2008.05.12 06:08:13.671,1.00935,1.0095,0.20,1.20
2008.05.12 06:08:14.194,1.00935,1.0095,0.20,1.00
2008.05.12 06:08:14.444,1.0093,1.00945,0.50,0.30
2008.05.12 06:08:14.896,1.0093,1.00945,0.20,0.30
2008.05.12 06:08:18.015,1.00935,1.0095,0.20,0.50
2008.05.12 06:08:18.130,1.00935,1.0095,0.20,0.30
2008.05.12 06:08:18.246,1.0095,1.00955,0.80,0.30
2008.05.12 06:08:18.476,1.0095,1.0096,0.90,0.20
2008.05.12 06:08:18.607,1.0095,1.00965,0.90,0.30
2008.05.12 06:08:20.283,1.0096,1.00965,0.30,0.30
2008.05.12 06:08:20.619,1.0096,1.00975,0.50,0.30
2008.05.12 06:08:20.956,1.00965,1.0098,0.20,1.20
2008.05.12 06:08:21.085,1.00965,1.0098,0.20,1.20
2008.05.12 06:08:21.645,1.00965,1.0098,0.20,0.50
2008.05.12 06:08:24.007,1.00965,1.0098,0.20,1.20
2008.05.12 06:08:33.487,1.00965,1.0098,0.20,0.50
2008.05.12 06:08:33.765,1.0097,1.0098,0.20,0.50
2008.05.12 06:08:33.906,1.0098,1.00985,0.20,2.50
2008.05.12 06:08:34.047,1.0099,1.00995,0.50,0.40
2008.05.12 06:08:34.922,1.01,1.01005,0.50,3.30
2008.05.12 06:08:35.116,1.00975,1.0099,0.10,0.30
2008.05.12 06:08:35.529,1.00995,1.01005,0.20,2.60
2008.05.12 06:08:35.724,1.00995,1.01005,0.20,0.30
2008.05.12 06:08:36.023,1.00955,1.0103,0.30,0.10
2008.05.12 06:08:36.318,1.00955,1.0102,0.30,0.10
2008.05.12 06:08:37.183,1.00955,1.01015,0.30,0.10
2008.05.12 06:08:38.870,1.0101,1.01015,0.10,0.10
2008.05.12 06:08:39.036,1.0102,1.0103,0.20,1.00
2008.05.12 06:08:41.348,1.01025,1.0103,0.20,0.80
2008.05.12 06:08:41.624,1.01,1.0103,13.80,1.00
2008.05.12 06:08:41.982,1.01,1.0103,0.20,1.00
2008.05.12 06:08:42.087,1.0101,1.0103,0.30,1.00
2008.05.12 06:08:45.590,1.0101,1.0103,0.30,1.00
2008.05.12 06:08:48.944,1.0101,1.01025,0.30,0.30
2008.05.12 06:08:49.046,1.01015,1.01025,0.05,0.30
2008.05.12 06:08:51.439,1.01015,1.01025,0.06,0.30
2008.05.12 06:08:51.574,1.01015,1.01025,0.20,0.30
2008.05.12 06:08:56.051,1.0101,1.0102,0.20,0.30
2008.05.12 06:08:56.419,1.00995,1.01005,0.20,0.30
2008.05.12 06:08:57.468,1.01015,1.0103,0.10,1.80
2008.05.12 06:08:57.609,1.0102,1.0103,0.20,1.00
2008.05.12 06:09:09.611,1.0101,1.0102,0.50,1.00
2008.05.12 06:09:10.211,1.0101,1.0102,0.20,1.00
2008.05.12 06:09:12.461,1.01005,1.01015,0.20,0.30
2008.05.12 06:09:13.529,1.01,1.0101,0.50,0.30
2008.05.12 06:09:13.809,1.01,1.0101,0.20,0.30
2008.05.12 06:09:14.091,1.00975,1.0099,1.70,0.30
2008.05.12 06:09:14.237,1.0098,1.00985,8.00,0.30
2008.05.12 06:09:14.407,1.00975,1.00985,0.20,0.30
2008.05.12 06:09:35.897,1.0098,1.00985,0.40,0.30
2008.05.12 06:09:36.052,1.00975,1.00985,0.20,0.30
2008.05.12 06:09:58.033,1.0098,1.0099,0.20,1.00
2008.05.12 06:09:58.243,1.0098,1.0099,0.20,0.30
2008.05.12 06:10:07.570,1.00975,1.00985,0.20,0.30
2008.05.12 06:10:08.629,1.0098,1.00985,6.40,0.30
2008.05.12 06:10:08.854,1.0099,1.01,0.20,0.30
2008.05.12 06:10:10.706,1.01,1.0101,0.20,2.00
2008.05.12 06:10:10.957,1.01,1.0101,0.20,0.30
2008.05.12 06:10:11.207,1.01005,1.01015,0.20,0.30
2008.05.12 06:10:12.207,1.00995,1.01,0.30,0.30
2008.05.12 06:10:12.387,1.0099,1.01,8.10,0.30
2008.05.12 06:10:12.567,1.00985,1.00995,0.20,0.30
2008.05.12 06:10:19.079,1.01,1.0101,0.20,0.30
2008.05.12 06:10:19.321,1.01,1.0101,0.20,1.00
2008.05.12 06:10:28.388,1.01005,1.01015,0.20,0.30
2008.05.12 06:10:31.663,1.01015,1.0102,0.20,0.80
2008.05.12 06:10:31.968,1.01015,1.01025,0.20,0.30
2008.05.12 06:11:01.179,1.0102,1.0103,0.20,1.00
2008.05.12 06:11:01.409,1.0102,1.0103,0.20,0.30
2008.05.12 06:11:03.156,1.0103,1.0104,0.20,0.30
2008.05.12 06:11:04.198,1.01025,1.01035,0.20,0.30
2008.05.12 06:11:06.181,1.0103,1.0104,0.20,0.30
2008.05.12 06:11:07.198,1.0102,1.0103,0.20,0.30
2008.05.12 06:11:07.845,1.0102,1.0103,0.50,0.30
2008.05.12 06:11:21.775,1.0102,1.0103,0.20,0.30
2008.05.12 06:11:28.694,1.0103,1.0104,0.20,0.30
2008.05.12 06:11:36.914,1.0104,1.0105,0.20,0.30
2008.05.12 06:11:39.762,1.01055,1.0106,0.10,0.80
2008.05.12 06:11:39.908,1.0106,1.01065,0.20,0.10
2008.05.12 06:11:40.053,1.0106,1.0107,0.20,5.90
2008.05.12 06:11:40.220,1.0106,1.0107,0.20,5.70
2008.05.12 06:11:40.345,1.0105,1.01055,1.00,0.30
2008.05.12 06:11:40.491,1.0104,1.0105,10.40,0.30
2008.05.12 06:11:40.826,1.0104,1.0105,0.20,1.00
2008.05.12 06:11:41.162,1.0104,1.0105,0.20,0.30
2008.05.12 06:11:50.242,1.0103,1.0104,0.20,0.30
2008.05.12 06:11:54.092,1.0104,1.01045,0.80,0.30
2008.05.12 06:11:54.847,1.0103,1.0104,0.20,0.30
2008.05.12 06:12:08.809,1.01045,1.01055,0.20,1.80
2008.05.12 06:12:08.923,1.01045,1.01055,0.20,0.30
2008.05.12 06:12:30.819,1.0105,1.0106,0.20,0.30
2008.05.12 06:12:39.828,1.0104,1.0105,0.50,0.30
2008.05.12 06:12:39.949,1.0104,1.01045,0.30,0.30
2008.05.12 06:12:40.112,1.01035,1.01045,0.20,0.30
2008.05.12 06:12:47.840,1.01045,1.01055,0.20,3.50
2008.05.12 06:12:48.002,1.01045,1.01055,0.20,1.10
2008.05.12 06:12:48.120,1.01045,1.01055,0.20,0.30
2008.05.12 06:12:49.812,1.0105,1.0106,0.20,0.30
2008.05.12 06:13:09.099,1.0104,1.0105,0.20,0.30
2008.05.12 06:13:12.932,1.01035,1.01045,1.20,0.30
2008.05.12 06:13:13.282,1.01035,1.01045,0.20,0.30
2008.05.12 06:13:15.959,1.0103,1.0104,0.60,0.30
2008.05.12 06:13:16.141,1.0103,1.0104,0.50,0.30
2008.05.12 06:13:16.499,1.0103,1.0104,0.20,0.30
2008.05.12 06:13:17.580,1.01035,1.01045,0.20,0.30
2008.05.12 06:13:18.003,1.0105,1.01055,0.20,2.40
2008.05.12 06:13:18.184,1.0105,1.0106,0.20,0.30
2008.05.12 06:14:07.482,1.01055,1.01065,0.20,0.30
2008.05.12 06:14:08.051,1.0105,1.0106,0.20,0.30
2008.05.12 06:14:16.105,1.01055,1.01065,0.20,1.10
2008.05.12 06:14:16.440,1.01055,1.01065,0.20,0.30
2008.05.12 06:14:20.561,1.0105,1.0106,0.50,0.30
2008.05.12 06:14:20.638,1.0105,1.0106,0.20,0.30
2008.05.12 06:15:01.182,1.01045,1.01055,0.20,0.30
2008.05.12 06:15:29.830,1.0104,1.0105,0.50,0.30
2008.05.12 06:15:30.335,1.0104,1.0105,0.20,0.30
2008.05.12 06:15:39.727,1.01045,1.01055,0.20,0.30
2008.05.12 06:15:42.782,1.0104,1.0105,0.50,0.30
2008.05.12 06:15:43.268,1.0104,1.0105,0.20,0.30
2008.05.12 06:15:47.779,1.0105,1.0106,0.20,0.50
2008.05.12 06:15:48.013,1.0105,1.0106,0.20,0.30
2008.05.12 06:15:50.235,1.0106,1.0107,0.20,0.60
2008.05.12 06:15:50.383,1.0106,1.0107,0.20,0.30
2008.05.12 06:15:54.724,1.0107,1.0108,0.20,1.20
2008.05.12 06:15:54.932,1.0107,1.0108,0.20,1.10
2008.05.12 06:15:55.076,1.0107,1.0108,0.20,1.00
2008.05.12 06:15:55.367,1.0106,1.0107,0.20,0.30
2008.05.12 06:15:55.801,1.01065,1.01075,0.20,0.30
2008.05.12 06:15:59.282,1.0107,1.0108,0.20,1.20
2008.05.12 06:15:59.886,1.0107,1.0108,0.20,1.00
2008.05.12 06:16:07.805,1.0106,1.0107,0.50,0.30
2008.05.12 06:16:07.938,1.0106,1.0107,0.20,0.30
2008.05.12 06:16:08.326,1.01065,1.01075,0.20,0.30
2008.05.12 06:16:24.301,1.0106,1.0107,0.20,0.30
2008.05.12 06:16:51.994,1.01055,1.01065,0.20,0.30
2008.05.12 06:17:40.410,1.0105,1.0106,0.20,0.30
2008.05.12 06:17:47.454,1.01055,1.01065,0.20,0.30
2008.05.12 06:17:48.509,1.0105,1.0106,0.20,0.30
2008.05.12 06:17:50.639,1.01045,1.01055,0.20,0.30
2008.05.12 06:18:04.974,1.01035,1.01045,3.30,0.30
2008.05.12 06:18:05.500,1.01035,1.0104,3.20,0.30
2008.05.12 06:18:17.640,1.0103,1.0104,0.20,0.30
2008.05.12 06:19:00.119,1.0104,1.0105,0.20,0.30
2008.05.12 06:19:34.156,1.01035,1.01045,0.20,0.30
2008.05.12 06:19:52.694,1.01025,1.01035,0.40,0.30
2008.05.12 06:19:52.976,1.01025,1.01035,0.20,0.30
2008.05.12 06:19:57.244,1.0103,1.0104,0.20,0.30
2008.05.12 06:19:57.681,1.01035,1.01045,0.20,1.10
2008.05.12 06:19:57.775,1.01035,1.01045,0.20,0.40
2008.05.12 06:19:57.963,1.01035,1.01045,0.20,0.30
2008.05.12 06:19:58.705,1.0103,1.0104,0.20,0.30
2008.05.12 06:20:01.271,1.01035,1.01045,0.20,0.30
2008.05.12 06:20:17.881,1.0103,1.0104,0.20,0.30
2008.05.12 06:20:26.245,1.01025,1.01035,0.20,0.30
2008.05.12 06:20:47.988,1.0103,1.0104,0.20,0.50
2008.05.12 06:21:13.885,1.01025,1.01035,0.20,0.30
2008.05.12 06:21:20.561,1.01015,1.01025,0.40,0.30
2008.05.12 06:21:20.884,1.01015,1.01025,0.20,0.30
2008.05.12 06:21:23.400,1.0101,1.0102,0.50,0.30
2008.05.12 06:21:23.982,1.0101,1.0102,0.20,0.50
2008.05.12 06:21:32.364,1.01015,1.0102,0.20,0.20
2008.05.12 06:21:32.549,1.01015,1.01025,0.40,0.30
2008.05.12 06:21:32.788,1.01015,1.01025,0.50,0.30
2008.05.12 06:21:33.026,1.01015,1.01025,0.40,0.30
2008.05.12 06:21:34.912,1.01015,1.0102,0.20,0.30
2008.05.12 06:21:35.042,1.0101,1.0102,0.50,0.30
2008.05.12 06:21:35.495,1.01015,1.01025,0.20,0.30
2008.05.12 06:21:35.737,1.01015,1.01025,0.40,0.30
2008.05.12 06:21:43.867,1.01015,1.0102,0.20,0.30
2008.05.12 06:21:44.104,1.0101,1.0102,0.20,0.30
2008.05.12 06:22:41.140,1.01005,1.0101,0.20,0.30
2008.05.12 06:22:41.504,1.0101,1.0102,0.20,0.30
2008.05.12 06:22:44.027,1.01005,1.0101,0.20,0.30
2008.05.12 06:22:44.726,1.0101,1.0102,0.20,0.30
2008.05.12 06:22:52.605,1.01005,1.01015,0.40,0.30
2008.05.12 06:23:00.798,1.0101,1.0102,0.20,0.30
2008.05.12 06:23:17.583,1.01015,1.01025,0.20,0.30
2008.05.12 06:23:35.147,1.0101,1.0102,0.50,0.30
2008.05.12 06:23:35.869,1.0101,1.0102,0.20,0.50
2008.05.12 06:23:37.209,1.01015,1.0102,0.20,0.20
2008.05.12 06:23:37.384,1.01015,1.01025,0.20,0.30
2008.05.12 06:23:42.111,1.0101,1.0102,0.50,0.30
2008.05.12 06:24:03.093,1.0101,1.0102,0.20,0.50
2008.05.12 06:24:03.690,1.01005,1.01015,0.20,0.30
2008.05.12 06:24:08.687,1.01,1.0101,0.50,0.30
2008.05.12 06:24:08.815,1.01,1.0101,0.20,0.30
2008.05.12 06:24:09.617,1.00995,1.01,0.20,0.30
2008.05.12 06:24:09.886,1.0099,1.01,0.50,0.30
2008.05.12 06:24:10.662,1.0099,1.01,0.20,0.30
2008.05.12 06:24:32.633,1.0099,1.00995,0.20,0.60
2008.05.12 06:24:32.805,1.00975,1.00985,1.70,0.30
2008.05.12 06:24:32.976,1.00975,1.00985,0.20,0.30
2008.05.12 06:24:36.241,1.0099,1.00995,0.20,1.00
2008.05.12 06:24:36.428,1.0099,1.00995,0.20,0.90
2008.05.12 06:24:36.514,1.0099,1.01,0.20,0.30
2008.05.12 06:24:48.439,1.00965,1.00985,8.40,0.30
2008.05.12 06:24:48.854,1.00965,1.0097,0.30,0.30
2008.05.12 06:24:49.024,1.0096,1.0097,0.50,0.30
2008.05.12 06:24:49.194,1.0096,1.0097,0.20,0.30
2008.05.12 06:24:49.364,1.00955,1.0096,2.00,0.30
2008.05.12 06:24:49.536,1.00955,1.0096,1.60,0.30
2008.05.12 06:24:49.926,1.00935,1.00945,11.10,0.30
2008.05.12 06:24:51.772,1.00945,1.0095,3.20,0.30
2008.05.12 06:24:52.437,1.00955,1.00965,4.00,1.60
2008.05.12 06:24:52.734,1.00955,1.0099,4.00,0.10
2008.05.12 06:24:53.465,1.00955,1.00985,4.80,8.00
2008.05.12 06:24:53.863,1.00965,1.0099,0.80,0.10
2008.05.12 06:24:54.284,1.00965,1.00995,0.80,0.10
2008.05.12 06:24:55.013,1.00965,1.01,0.80,0.10
2008.05.12 06:24:55.974,1.00965,1.01005,0.80,0.10
2008.05.12 06:24:57.939,1.0097,1.00985,0.20,0.30
2008.05.12 06:24:59.489,1.00965,1.00975,0.20,0.30
2008.05.12 06:25:00.440,1.0096,1.0097,0.20,0.30
2008.05.12 06:25:33.850,1.0097,1.0098,0.20,0.30
2008.05.12 06:26:03.571,1.00947,1.00957,0.20,0.30
2008.05.12 06:26:05.099,1.00959,1.00969,0.20,0.30
2008.05.12 06:26:06.984,1.00957,1.00967,0.20,0.30
2008.05.12 06:26:08.033,1.00932,1.00942,0.20,0.30
2008.05.12 06:26:08.538,1.00914,1.00924,0.20,0.30
2008.05.12 06:26:09.427,1.00912,1.00922,0.20,0.30
2008.05.12 06:26:09.914,1.00916,1.00926,0.20,0.30
2008.05.12 06:26:12.999,1.00923,1.00933,0.20,0.30
2008.05.12 06:26:13.463,1.00929,1.00939,0.20,0.30
2008.05.12 06:26:16.017,1.00932,1.00942,0.20,0.30
2008.05.12 06:27:13.535,1.0098,1.0099,0.20,0.30
2008.05.12 06:27:15.057,1.0097,1.0098,0.50,0.30
2008.05.12 06:27:15.218,1.0097,1.0098,0.20,0.30
2008.05.12 06:27:26.580,1.0098,1.0099,0.20,0.30
2008.05.12 06:27:28.788,1.0098,1.0099,0.20,0.50
2008.05.12 06:27:29.066,1.0097,1.0098,0.20,0.30
2008.05.12 06:27:29.296,1.0097,1.0098,0.20,0.50
2008.05.12 06:27:30.673,1.0096,1.0097,0.20,0.30
2008.05.12 06:27:32.345,1.00975,1.0098,0.20,0.20
2008.05.12 06:27:35.087,1.00965,1.00975,0.20,0.30
2008.05.12 06:27:35.706,1.0096,1.0097,0.20,0.30
2008.05.12 06:28:15.113,1.0097,1.0098,0.20,0.50
2008.05.12 06:28:15.203,1.0097,1.0098,0.20,0.30
2008.05.12 06:28:25.192,1.00985,1.00995,0.10,4.00
2008.05.12 06:28:25.408,1.0099,1.00995,0.10,1.60
2008.05.12 06:28:32.611,1.0099,1.01005,0.10,0.30
2008.05.12 06:28:32.803,1.01005,1.01015,0.20,4.30
2008.05.12 06:28:39.299,1.01005,1.01015,0.20,4.20
2008.05.12 06:28:48.217,1.01015,1.01025,0.20,0.30
2008.05.12 06:28:48.566,1.0101,1.01015,0.10,1.60
2008.05.12 06:28:53.731,1.01015,1.01025,0.20,0.30
2008.05.12 06:29:04.704,1.01005,1.01015,0.20,0.30
2008.05.12 06:29:09.279,1.01015,1.0102,0.20,0.20
2008.05.12 06:29:09.501,1.01015,1.01025,0.20,0.30
2008.05.12 06:29:12.493,1.01005,1.01015,0.20,0.30
2008.05.12 06:29:33.630,1.01015,1.01025,0.20,0.30
2008.05.12 06:29:35.024,1.01,1.0101,0.20,0.30
2008.05.12 06:29:35.453,1.00995,1.01005,0.20,0.30
2008.05.12 06:29:35.811,1.0099,1.01,0.20,0.30
2008.05.12 06:29:36.345,1.00975,1.0103,1.60,0.10
2008.05.12 06:29:36.460,1.00965,1.01025,1.40,1.60
2008.05.12 06:29:36.574,1.00965,1.0103,1.40,0.10
2008.05.12 06:29:40.915,1.00975,1.00995,0.20,0.30
2008.05.12 06:29:41.304,1.00995,1.01015,0.10,4.20
2008.05.12 06:29:41.401,1.01,1.01015,0.10,4.20
2008.05.12 06:29:41.494,1.01,1.01015,0.10,0.30
2008.05.12 06:29:41.857,1.01,1.0101,0.20,0.30
2008.05.12 06:29:42.104,1.01,1.0101,0.50,0.30
2008.05.12 06:29:42.561,1.00985,1.00995,0.80,0.30
2008.05.12 06:29:42.786,1.00975,1.00985,0.20,0.30
2008.05.12 06:29:43.528,1.0097,1.0098,0.20,0.30
2008.05.12 06:29:46.940,1.00965,1.0097,0.80,0.30
2008.05.12 06:29:51.374,1.0098,1.00985,0.20,1.60
2008.05.12 06:29:51.553,1.0098,1.0099,0.20,0.30
2008.05.12 06:29:51.908,1.00975,1.00985,0.20,0.30
2008.05.12 06:29:58.327,1.0098,1.0099,0.20,0.50
2008.05.12 06:29:58.477,1.0098,1.0099,0.20,0.30
2008.05.12 06:30:00.816,1.0097,1.00975,0.30,0.30
2008.05.12 06:30:00.965,1.0096,1.0097,0.50,0.30
2008.05.12 06:30:01.158,1.0096,1.0097,0.20,0.30
2008.05.12 06:30:01.900,1.00955,1.00965,7.70,0.30
2008.05.12 06:30:02.138,1.00955,1.00965,4.90,0.30
2008.05.12 06:30:02.628,1.00955,1.00965,2.50,0.30
2008.05.12 06:30:06.333,1.0097,1.0099,0.10,0.50
2008.05.12 06:30:06.712,1.00975,1.00985,0.20,0.30
2008.05.12 06:30:06.832,1.0097,1.0098,0.20,0.30
2008.05.12 06:30:07.070,1.0097,1.0098,0.50,0.30
2008.05.12 06:30:07.360,1.00965,1.0097,0.30,0.30
2008.05.12 06:30:07.605,1.00955,1.0097,1.60,0.30
2008.05.12 06:30:08.094,1.00955,1.00965,1.70,0.30
2008.05.12 06:30:24.976,1.00965,1.00975,0.20,0.30
2008.05.12 06:31:00.993,1.00975,1.00985,0.20,0.30
2008.05.12 06:31:08.132,1.0095,1.0097,0.40,0.30
2008.05.12 06:31:08.336,1.00955,1.00965,1.70,0.30
2008.05.12 06:31:19.074,1.00955,1.00965,2.10,0.30
2008.05.12 06:31:23.382,1.00955,1.00965,2.90,0.30
2008.05.12 06:31:26.519,1.00965,1.00975,0.20,0.30
2008.05.12 06:32:40.339,1.00955,1.00965,4.90,0.30
2008.05.12 06:32:56.767,1.00955,1.00965,2.50,0.30
2008.05.12 06:32:56.900,1.00965,1.00975,0.20,0.30
2008.05.12 06:33:06.207,1.00955,1.00965,1.70,0.30
2008.05.12 06:33:06.295,1.00955,1.00965,2.50,0.30
2008.05.12 06:33:06.313,1.00955,1.00965,4.90,0.30
2008.05.12 06:33:08.199,1.0097,1.0098,0.20,0.30
2008.05.12 06:33:19.226,1.00965,1.0098,0.20,0.30
2008.05.12 06:33:19.768,1.0095,1.00965,0.50,0.30
2008.05.12 06:33:19.948,1.0095,1.00965,0.20,0.30
2008.05.12 06:33:25.188,1.0096,1.00975,0.20,0.30
2008.05.12 06:33:31.247,1.00965,1.0098,0.20,0.30
2008.05.12 06:33:41.251,1.0097,1.00985,0.20,1.10
2008.05.12 06:33:41.338,1.0097,1.00985,0.20,0.40
2008.05.12 06:33:41.450,1.0097,1.00985,0.20,0.30
2008.05.12 06:33:41.772,1.00965,1.0098,0.20,0.30
2008.05.12 06:33:52.246,1.0096,1.00975,0.50,0.30
2008.05.12 06:33:52.453,1.0096,1.00975,0.20,0.30
2008.05.12 06:33:57.218,1.00965,1.0098,0.20,0.30
2008.05.12 06:33:59.841,1.0096,1.00975,0.50,0.30
2008.05.12 06:33:59.967,1.0096,1.00975,0.20,0.30
2008.05.12 06:34:03.649,1.00965,1.0098,0.20,0.30
2008.05.12 06:34:05.746,1.0096,1.00975,0.50,0.30
2008.05.12 06:34:05.979,1.0096,1.00975,0.20,0.30
2008.05.12 06:34:07.112,1.0096,1.00975,0.20,0.50
2008.05.12 06:34:09.477,1.00965,1.00975,0.20,0.20
2008.05.12 06:34:09.588,1.00965,1.0098,0.20,0.30
2008.05.12 06:34:11.368,1.0096,1.00975,0.60,0.30
2008.05.12 06:34:11.603,1.0096,1.00975,0.20,0.30
2008.05.12 06:34:20.315,1.00965,1.0098,0.20,0.30
2008.05.12 06:34:27.317,1.0096,1.00975,0.50,0.30
2008.05.12 06:34:27.369,1.0096,1.00975,0.20,0.30
2008.05.12 06:34:38.828,1.00965,1.0098,0.20,0.30
2008.05.12 06:34:41.358,1.0096,1.00975,0.50,0.30
2008.05.12 06:34:41.650,1.0096,1.00975,0.20,0.30
2008.05.12 06:34:45.342,1.00945,1.00955,5.00,0.30
2008.05.12 06:34:45.531,1.00945,1.0095,0.80,0.50
2008.05.12 06:34:45.625,1.0093,1.0095,0.60,0.50
2008.05.12 06:34:45.911,1.00945,1.0095,0.10,0.20
2008.05.12 06:34:46.006,1.0096,1.00965,0.30,6.40
2008.05.12 06:34:46.106,1.0096,1.00975,0.30,4.20
2008.05.12 06:34:47.902,1.00955,1.0096,0.30,0.30
2008.05.12 06:34:48.017,1.00945,1.0096,0.20,0.30
2008.05.12 06:34:49.878,1.00955,1.0097,0.20,0.30
2008.05.12 06:35:13.459,1.0096,1.00975,0.20,1.10
2008.05.12 06:35:13.606,1.0096,1.00975,0.20,0.40
2008.05.12 06:35:13.751,1.0096,1.00975,0.20,0.30
2008.05.12 06:35:16.988,1.00955,1.0097,0.20,0.30
2008.05.12 06:35:19.038,1.0096,1.00975,0.20,0.30
2008.05.12 06:35:21.433,1.00965,1.0098,0.20,0.30
2008.05.12 06:35:23.990,1.0096,1.00965,0.30,0.30
2008.05.12 06:35:24.070,1.00955,1.00965,0.80,0.30
2008.05.12 06:35:24.238,1.0095,1.00965,0.20,0.30
2008.05.12 06:35:26.010,1.0094,1.00955,0.20,0.30
2008.05.12 06:35:30.016,1.00945,1.0096,0.20,0.30
2008.05.12 06:35:35.007,1.0095,1.00965,0.20,0.40
2008.05.12 06:35:35.352,1.0095,1.00965,0.20,0.30
2008.05.12 06:35:45.078,1.00955,1.0097,0.20,0.30
2008.05.12 06:35:49.059,1.0095,1.00965,0.20,0.30
2008.05.12 06:35:54.291,1.00945,1.0096,0.20,0.30
2008.05.12 06:36:00.531,1.0095,1.00965,0.20,1.10
2008.05.12 06:36:00.640,1.0095,1.00965,0.20,0.40
2008.05.12 06:36:00.847,1.0095,1.00965,0.20,0.30
2008.05.12 06:36:03.548,1.00945,1.0096,0.20,0.30
2008.05.12 06:36:07.693,1.0095,1.00965,0.20,1.10
2008.05.12 06:36:07.776,1.0095,1.00965,0.20,0.30
2008.05.12 06:36:08.283,1.0095,1.00965,0.50,0.30
2008.05.12 06:36:09.585,1.0095,1.00965,0.20,0.30
2008.05.12 06:36:10.626,1.00945,1.0096,0.20,0.30
2008.05.12 06:36:13.095,1.0095,1.00965,0.20,1.10
2008.05.12 06:36:13.415,1.0095,1.00965,0.20,0.40
2008.05.12 06:36:13.734,1.0095,1.00965,0.50,0.40
2008.05.12 06:36:15.533,1.0095,1.0096,0.30,0.30
2008.05.12 06:36:15.652,1.00945,1.0096,0.20,0.30
2008.05.12 06:36:16.194,1.0095,1.00965,0.20,0.40
2008.05.12 06:36:16.229,1.0095,1.00965,0.20,0.30
2008.05.12 06:36:16.692,1.0095,1.00965,0.50,0.30
2008.05.12 06:36:17.714,1.0094,1.00955,0.20,0.30
2008.05.12 06:36:19.123,1.0095,1.00965,0.20,0.40
2008.05.12 06:36:19.228,1.0095,1.00965,0.20,0.30
2008.05.12 06:36:19.866,1.0095,1.00965,0.50,0.30
2008.05.12 06:36:21.331,1.0094,1.00955,0.20,0.30
2008.05.12 06:36:33.566,1.0095,1.00965,0.20,0.40
2008.05.12 06:36:33.897,1.0095,1.00965,0.20,0.30
2008.05.12 06:36:34.099,1.00945,1.0096,0.20,0.30
2008.05.12 06:36:34.266,1.0095,1.0096,0.30,0.30
2008.05.12 06:36:34.733,1.00935,1.00945,1.60,0.30
2008.05.12 06:36:34.874,1.0093,1.00945,0.20,0.30
2008.05.12 06:36:35.152,1.00925,1.0094,0.20,0.30
2008.05.12 06:36:35.570,1.00905,1.00915,0.30,0.30
2008.05.12 06:36:35.869,1.009,1.0091,0.30,0.30
2008.05.12 06:36:36.195,1.0092,1.00925,0.10,4.80
2008.05.12 06:36:36.356,1.0092,1.00925,0.10,2.40
2008.05.12 06:36:36.675,1.00915,1.0092,1.60,0.30
2008.05.12 06:36:36.835,1.00905,1.0092,1.20,0.30
2008.05.12 06:36:37.791,1.00905,1.0092,0.50,0.30
2008.05.12 06:36:37.981,1.00905,1.0092,0.20,0.30
2008.05.12 06:36:44.144,1.0091,1.00925,0.20,0.30
2008.05.12 06:36:44.700,1.0092,1.00935,0.20,0.30
2008.05.12 06:36:45.296,1.00925,1.0094,0.20,0.30
2008.05.12 06:36:51.615,1.0092,1.00935,0.20,0.30
2008.05.12 06:36:56.238,1.00925,1.0094,0.20,0.30
2008.05.12 06:37:19.152,1.0093,1.00945,0.20,1.10
2008.05.12 06:37:19.450,1.0093,1.00945,0.20,0.30
2008.05.12 06:37:19.606,1.0093,1.00945,0.50,0.30
2008.05.12 06:37:22.648,1.0093,1.0094,0.30,0.30
2008.05.12 06:37:22.947,1.00925,1.0094,0.20,0.30
2008.05.12 06:37:26.675,1.00915,1.00925,3.20,0.30
2008.05.12 06:37:26.746,1.00915,1.0092,0.80,0.30
2008.05.12 06:37:26.816,1.0091,1.0092,0.30,0.30
2008.05.12 06:37:27.294,1.00905,1.0092,0.20,0.50
2008.05.12 06:37:27.374,1.00905,1.0092,0.90,0.50
2008.05.12 06:37:27.719,1.0091,1.0092,0.20,0.20
2008.05.12 06:37:27.898,1.0091,1.00925,0.50,0.30
2008.05.12 06:37:29.197,1.00915,1.0093,0.20,0.50
2008.05.12 06:37:29.294,1.00915,1.0093,0.20,0.30
2008.05.12 06:37:58.808,1.0092,1.00935,0.20,0.30
2008.05.12 06:38:02.242,1.00915,1.0093,0.20,0.30
2008.05.12 06:38:07.225,1.0091,1.00925,0.50,0.30
2008.05.12 06:38:08.046,1.00915,1.0093,0.20,0.30
2008.05.12 06:39:24.095,1.0091,1.0092,0.30,0.30
2008.05.12 06:39:24.386,1.00915,1.0093,0.20,0.30
2008.05.12 06:39:25.441,1.0091,1.00925,0.50,0.30
2008.05.12 06:39:25.965,1.00915,1.0093,0.20,0.30
2008.05.12 06:39:30.397,1.0091,1.0092,0.30,0.30
2008.05.12 06:39:30.902,1.00915,1.0093,0.20,0.30
2008.05.12 06:39:31.434,1.0091,1.00925,0.50,0.30
2008.05.12 06:39:33.418,1.00915,1.0093,0.20,0.50
2008.05.12 06:39:33.698,1.00915,1.0093,0.20,0.30
2008.05.12 06:39:38.652,1.0091,1.00925,0.50,0.30
2008.05.12 06:39:42.414,1.00915,1.0093,0.20,0.50
2008.05.12 06:39:42.569,1.00915,1.0093,0.20,0.30
2008.05.12 06:39:42.939,1.0091,1.00925,0.50,0.30
2008.05.12 06:39:43.471,1.00915,1.0093,0.20,0.30
2008.05.12 06:39:44.253,1.0091,1.00925,0.50,0.30
2008.05.12 06:39:44.485,1.00915,1.0093,0.20,0.30
2008.05.12 06:39:48.955,1.0092,1.00935,0.20,0.30
2008.05.12 06:40:23.537,1.00915,1.0093,0.20,0.30
2008.05.12 06:40:32.042,1.0091,1.00925,0.50,0.30
2008.05.12 06:40:34.572,1.00915,1.0093,0.20,0.50
2008.05.12 06:40:34.793,1.00915,1.0093,0.20,0.30
2008.05.12 06:40:35.528,1.0091,1.00925,0.50,0.30
2008.05.12 06:40:36.594,1.00905,1.0091,0.30,0.30
2008.05.12 06:40:36.746,1.00895,1.0091,0.50,0.50
2008.05.12 06:40:36.919,1.00895,1.0091,0.20,0.50
2008.05.12 06:40:37.241,1.00885,1.009,2.80,0.30
2008.05.12 06:40:37.485,1.00885,1.009,1.20,0.30
2008.05.12 06:40:37.975,1.00885,1.009,0.20,0.30
2008.05.12 06:40:39.315,1.0088,1.00895,0.50,0.30
2008.05.12 06:40:43.888,1.00875,1.0088,0.60,0.30
2008.05.12 06:40:44.224,1.0086,1.00875,0.20,0.30
2008.05.12 06:40:44.680,1.00875,1.0088,0.60,0.20
2008.05.12 06:40:44.822,1.0085,1.00865,0.20,0.30
2008.05.12 06:40:45.180,1.00845,1.0086,0.20,0.30
2008.05.12 06:40:45.649,1.0084,1.0086,0.10,0.30
2008.05.12 06:40:47.036,1.0086,1.00875,0.20,0.30
2008.05.12 06:40:49.550,1.0085,1.00865,0.20,0.30
2008.05.12 06:40:52.778,1.00845,1.0086,0.20,0.30
2008.05.12 06:40:56.080,1.0084,1.00855,0.50,0.30
2008.05.12 06:40:56.624,1.00845,1.0086,0.20,0.40
2008.05.12 06:40:56.843,1.00845,1.0086,0.20,0.30
2008.05.12 06:40:57.644,1.0084,1.00855,0.50,0.30
2008.05.12 06:40:58.347,1.00845,1.0086,0.20,0.30
2008.05.12 06:40:58.727,1.00835,1.0085,0.20,0.30
2008.05.12 06:40:59.294,1.0083,1.00845,0.20,0.30
2008.05.12 06:40:59.638,1.00835,1.0085,0.20,0.30
2008.05.12 06:41:00.604,1.00835,1.0085,2.50,0.30
2008.05.12 06:41:00.683,1.00835,1.0085,3.30,0.30
2008.05.12 06:41:01.145,1.00835,1.0085,4.90,0.30
2008.05.12 06:41:04.425,1.00835,1.0085,2.50,0.30
2008.05.12 06:41:04.695,1.00835,1.0085,0.20,0.30
2008.05.12 06:41:05.144,1.0084,1.00855,0.20,0.30
2008.05.12 06:41:10.582,1.00835,1.0085,4.90,0.30
2008.05.12 06:41:21.631,1.00835,1.0084,4.80,0.30
2008.05.12 06:41:21.966,1.00835,1.0084,1.60,0.30
2008.05.12 06:41:22.302,1.00835,1.0084,0.80,0.30
2008.05.12 06:41:22.589,1.00825,1.0084,1.20,0.30
2008.05.12 06:41:23.041,1.00825,1.0084,0.50,0.30
2008.05.12 06:41:23.608,1.00825,1.0084,0.20,0.30
2008.05.12 06:41:25.104,1.00825,1.0084,0.50,0.30
2008.05.12 06:41:25.299,1.00835,1.00845,0.20,0.80
2008.05.12 06:41:36.165,1.00825,1.0084,1.70,0.30
2008.05.12 06:41:36.316,1.00825,1.0084,1.20,0.30
2008.05.12 06:41:37.462,1.00825,1.0084,0.20,0.30
2008.05.12 06:41:39.898,1.00825,1.00835,0.20,0.30
2008.05.12 06:41:40.282,1.0082,1.0083,0.60,0.30
2008.05.12 06:41:40.491,1.0082,1.0083,0.20,0.30
2008.05.12 06:41:43.153,1.0081,1.00815,0.30,0.20
2008.05.12 06:41:43.396,1.00795,1.008,4.00,0.20
2008.05.12 06:41:43.530,1.00795,1.008,0.80,0.20
2008.05.12 06:41:43.703,1.00795,1.008,0.90,0.20
2008.05.12 06:41:43.825,1.00795,1.00805,0.90,0.30
2008.05.12 06:41:44.895,1.0081,1.00815,0.20,2.40
2008.05.12 06:41:45.438,1.00795,1.00805,0.20,0.30
2008.05.12 06:41:48.719,1.00785,1.00815,0.50,2.40
2008.05.12 06:41:58.948,1.00785,1.00815,0.70,2.40
2008.05.12 06:41:59.273,1.00785,1.00815,1.60,2.40
2008.05.12 06:41:59.549,1.00785,1.00815,2.70,2.40
2008.05.12 06:41:59.826,1.00815,1.00835,0.10,0.80
2008.05.12 06:42:01.750,1.0079,1.00815,1.30,2.40
2008.05.12 06:42:01.931,1.00795,1.00815,0.20,2.40
2008.05.12 06:42:02.135,1.008,1.00815,0.30,0.80
2008.05.12 06:42:02.315,1.008,1.00875,0.30,0.10
2008.05.12 06:42:02.421,1.008,1.0087,0.30,0.80
2008.05.12 06:42:02.825,1.008,1.00865,0.30,0.10
2008.05.12 06:42:05.209,1.00815,1.00835,0.20,0.30
2008.05.12 06:42:05.821,1.0081,1.0082,0.20,0.30
2008.05.12 06:42:06.299,1.0082,1.0083,0.20,0.30
2008.05.12 06:42:11.044,1.00825,1.00835,0.20,0.30
2008.05.12 06:42:13.208,1.0082,1.0083,0.20,0.30
2008.05.12 06:42:23.778,1.00825,1.00835,0.20,0.30
2008.05.12 06:42:24.361,1.0082,1.0083,0.50,0.30
2008.05.12 06:42:24.834,1.00825,1.00835,0.20,0.30
2008.05.12 06:42:25.938,1.0082,1.0083,0.50,0.30
2008.05.12 06:42:29.584,1.00825,1.00835,0.20,0.30
2008.05.12 06:42:29.875,1.0082,1.0083,0.50,0.30
2008.05.12 06:42:31.377,1.00825,1.00835,0.20,0.30
2008.05.12 06:42:31.848,1.0082,1.0083,0.50,0.30
2008.05.12 06:42:32.364,1.00825,1.00835,0.20,0.30
2008.05.12 06:42:32.831,1.0082,1.00825,0.30,0.30
2008.05.12 06:42:33.452,1.00825,1.00835,0.20,0.30
2008.05.12 06:42:35.323,1.0082,1.0083,0.50,0.30
2008.05.12 06:42:42.472,1.00805,1.00815,2.80,0.30
2008.05.12 06:42:42.627,1.00805,1.00815,1.20,0.30
2008.05.12 06:42:44.294,1.00815,1.0082,0.20,0.20
2008.05.12 06:42:44.653,1.00815,1.00825,0.20,0.30
2008.05.12 06:42:50.945,1.00825,1.00835,0.20,0.30
2008.05.12 06:42:54.423,1.0082,1.0083,0.20,0.30
2008.05.12 06:42:57.552,1.00815,1.0083,1.20,0.30
2008.05.12 06:42:57.783,1.0081,1.0083,0.50,0.30
2008.05.12 06:42:58.015,1.0084,1.0086,0.40,0.50
2008.05.12 06:42:58.205,1.00845,1.0086,0.20,0.50
2008.05.12 06:42:58.418,1.0085,1.0086,0.20,0.20
2008.05.12 06:42:58.610,1.0085,1.00865,0.50,0.30
2008.05.12 06:42:59.567,1.00845,1.0086,0.20,0.30
2008.05.12 06:43:14.366,1.0085,1.00865,0.20,0.30
2008.05.12 06:43:14.837,1.0085,1.00865,0.50,0.30
2008.05.12 06:43:17.345,1.00855,1.0087,0.20,0.50
2008.05.12 06:43:18.390,1.0086,1.0087,0.20,0.20
2008.05.12 06:43:18.587,1.0086,1.00875,0.50,0.30
2008.05.12 06:43:44.884,1.0086,1.00875,0.60,0.30
2008.05.12 06:43:48.609,1.00865,1.0088,0.20,0.50
2008.05.12 06:43:48.820,1.00865,1.0088,0.20,0.30
2008.05.12 06:43:52.585,1.0086,1.00875,0.60,0.30
2008.05.12 06:43:57.496,1.00865,1.0088,0.20,0.50
2008.05.12 06:43:57.612,1.00865,1.0088,0.50,0.50
2008.05.12 06:43:57.726,1.00865,1.0088,0.50,0.30
2008.05.12 06:44:06.253,1.0086,1.00875,0.60,0.30
2008.05.12 06:44:07.529,1.00865,1.0088,0.20,0.50
2008.05.12 06:44:07.639,1.00865,1.0088,0.90,0.50
2008.05.12 06:44:07.748,1.00865,1.0088,1.20,0.50
2008.05.12 06:44:07.859,1.00865,1.0088,1.20,0.30
2008.05.12 06:44:09.534,1.00865,1.00875,1.00,0.30
2008.05.12 06:44:09.718,1.0086,1.00875,0.60,0.30
2008.05.12 06:44:21.087,1.0086,1.00875,0.60,0.60
2008.05.12 06:44:21.343,1.00835,1.0086,2.40,0.30
2008.05.12 06:44:21.601,1.00835,1.0085,0.20,0.30
2008.05.12 06:44:31.609,1.00825,1.0084,1.70,0.30
2008.05.12 06:44:31.917,1.00825,1.0084,0.20,0.30
2008.05.12 06:44:45.594,1.0082,1.00835,0.20,0.30
2008.05.12 06:45:20.673,1.00815,1.0083,1.20,0.30
2008.05.12 06:45:21.179,1.0082,1.00835,0.20,0.30
2008.05.12 06:45:25.376,1.00805,1.00815,1.60,0.30
2008.05.12 06:45:25.561,1.008,1.0081,0.30,0.30
2008.05.12 06:45:25.745,1.00815,1.00825,0.20,5.60
2008.05.12 06:45:25.946,1.00815,1.00825,0.20,0.50
2008.05.12 06:45:26.163,1.00815,1.0083,0.20,0.30
2008.05.12 06:45:29.769,1.0082,1.00835,0.20,0.30
2008.05.12 06:45:43.329,1.00825,1.0084,0.20,0.30
2008.05.12 06:45:44.372,1.00825,1.0084,0.50,0.30
2008.05.12 06:45:44.589,1.00825,1.0084,1.20,0.30
2008.05.12 06:45:58.491,1.0083,1.0084,0.30,0.30
2008.05.12 06:46:19.338,1.0083,1.0084,0.60,0.30
2008.05.12 06:46:19.479,1.0083,1.00845,0.60,0.30
2008.05.12 06:46:38.946,1.00835,1.00845,0.80,0.30
2008.05.12 06:46:39.000,1.00835,1.00845,1.00,0.30
2008.05.12 06:46:39.069,1.00835,1.00845,1.80,0.30
2008.05.12 06:46:39.167,1.00835,1.00845,3.40,0.30
2008.05.12 06:46:39.686,1.0084,1.00845,0.30,0.30
2008.05.12 06:46:59.395,1.00855,1.0086,0.10,0.20
2008.05.12 06:46:59.491,1.0086,1.00875,0.20,6.60
2008.05.12 06:46:59.607,1.0086,1.00875,0.20,0.30
2008.05.12 06:47:00.088,1.0085,1.0086,0.30,0.30
2008.05.12 06:47:01.369,1.0085,1.00855,0.30,0.30
2008.05.12 06:48:00.140,1.00815,1.00831,0.20,0.30
2008.05.12 06:48:00.267,1.00818,1.00833,0.20,0.30
2008.05.12 06:48:01.440,1.00819,1.00834,0.50,0.30
2008.05.12 06:48:01.919,1.0082,1.00835,3.40,0.30
2008.05.12 06:48:02.309,1.00822,1.00837,0.20,4.80
2008.05.12 06:48:02.885,1.00824,1.00839,4.40,0.30
2008.05.12 06:48:04.130,1.00825,1.0084,0.60,0.30
2008.05.12 06:48:04.299,1.00831,1.00836,0.20,4.80
2008.05.12 06:48:04.337,1.00832,1.00837,0.50,0.30
2008.05.12 06:48:04.729,1.00831,1.00841,0.20,3.40
2008.05.12 06:48:07.468,1.00827,1.00842,2.40,0.30
2008.05.12 06:48:15.802,1.00826,1.00841,0.40,0.60
2008.05.12 06:48:16.801,1.00826,1.00841,0.50,0.30
2008.05.12 06:48:16.914,1.00825,1.0084,0.20,4.80
2008.05.12 06:48:17.706,1.00823,1.00838,0.20,4.80
2008.05.12 06:48:17.969,1.00826,1.00831,0.30,0.30
2008.05.12 06:48:18.240,1.00818,1.00833,0.60,0.30
2008.05.12 06:48:18.359,1.00814,1.00824,0.20,0.30
2008.05.12 06:48:18.449,1.00814,1.00818,1.20,0.30
2008.05.12 06:48:18.508,1.00812,1.00822,0.20,0.30
2008.05.12 06:48:18.648,1.00817,1.00822,0.20,1.80
2008.05.12 06:48:18.735,1.00816,1.00826,0.20,0.30
2008.05.12 06:48:20.713,1.00816,1.00831,0.20,0.30
2008.05.12 06:48:20.890,1.00821,1.00836,0.50,0.30
2008.05.12 06:48:21.250,1.00823,1.00838,0.50,0.30
2008.05.12 06:48:21.347,1.00827,1.00837,0.20,0.30
2008.05.12 06:48:21.442,1.00827,1.00837,0.20,0.30
2008.05.12 06:48:23.298,1.00827,1.00842,0.20,0.30
2008.05.12 06:48:23.857,1.00829,1.00844,0.20,4.80
2008.05.12 06:48:23.986,1.00834,1.00849,0.20,0.30
2008.05.12 06:48:24.073,1.00838,1.00853,0.20,0.30
2008.05.12 06:49:20.205,1.00845,1.0085,3.60,0.30
2008.05.12 06:49:25.433,1.00835,1.0085,1.60,0.50
2008.05.12 06:49:42.631,1.00835,1.0085,1.70,0.50
2008.05.12 06:49:42.763,1.00835,1.0085,4.10,0.30
2008.05.12 06:49:47.691,1.0085,1.00855,0.20,0.60
2008.05.12 06:49:48.440,1.0085,1.00855,0.50,0.60
2008.05.12 06:49:48.826,1.0085,1.00865,0.50,0.30
2008.05.12 06:49:48.906,1.0085,1.00865,0.60,0.30
2008.05.12 06:49:51.285,1.00855,1.0087,0.20,0.50
2008.05.12 06:49:51.366,1.00855,1.0087,1.20,0.30
2008.05.12 06:49:51.679,1.0086,1.00875,0.20,0.30
2008.05.12 06:49:57.784,1.00855,1.0087,1.20,0.30
2008.05.12 06:49:59.400,1.00855,1.0087,0.50,0.30
2008.05.12 06:49:59.472,1.00855,1.0087,0.20,0.30
2008.05.12 06:50:55.786,1.0086,1.00875,0.20,0.30
2008.05.12 06:51:07.731,1.00865,1.0088,0.20,0.50
2008.05.12 06:51:07.877,1.00865,1.0088,0.20,0.30
2008.05.12 06:51:10.415,1.0087,1.00885,0.20,0.30
2008.05.12 06:51:17.836,1.00875,1.0089,0.20,0.30
2008.05.12 06:51:17.946,1.00875,1.0089,0.50,0.30
2008.05.12 06:51:18.088,1.00875,1.0089,1.20,0.30
2008.05.12 06:51:20.448,1.00875,1.0088,0.30,0.30
2008.05.12 06:51:20.785,1.00865,1.0088,0.20,0.30
2008.05.12 06:51:43.432,1.00855,1.00865,1.60,0.30
2008.05.12 06:51:43.693,1.0085,1.00865,0.20,0.30
2008.05.12 06:52:55.994,1.00845,1.0086,0.20,0.30
2008.05.12 06:53:01.755,1.0083,1.0084,0.50,0.30
2008.05.12 06:53:22.133,1.00822,1.00837,0.20,0.30
2008.05.12 06:53:55.972,1.0082,1.00836,0.20,0.30
2008.05.12 06:53:57.761,1.00826,1.00841,0.20,0.30
2008.05.12 06:53:57.841,1.00833,1.00848,0.50,0.30
2008.05.12 06:53:58.061,1.00837,1.00852,0.20,0.30
2008.05.12 06:54:10.025,1.00833,1.00847,1.70,0.30
2008.05.12 06:54:13.498,1.00831,1.00846,0.20,0.10
2008.05.12 06:54:25.866,1.00832,1.00847,0.20,0.30
2008.05.12 06:54:44.737,1.00834,1.00849,0.50,0.30
2008.05.12 06:54:46.950,1.00837,1.00852,0.20,0.30
2008.05.12 06:54:49.029,1.00842,1.00857,0.20,0.30
2008.05.12 06:54:49.452,1.00847,1.00862,0.20,0.30
2008.05.12 06:54:49.638,1.00847,1.00861,0.50,0.30
2008.05.12 06:54:51.773,1.00843,1.00858,0.20,0.30
2008.05.12 06:54:52.040,1.00841,1.00851,0.50,0.30
2008.05.12 06:54:52.099,1.00838,1.00848,0.50,0.30
2008.05.12 06:54:53.114,1.00835,1.0085,0.60,0.30
2008.05.12 06:54:53.289,1.00833,1.00848,0.20,0.30
2008.05.12 06:54:53.446,1.00828,1.00843,0.20,0.10
2008.05.12 06:54:53.561,1.00822,1.00837,3.30,0.30
2008.05.12 06:54:53.670,1.00818,1.00832,0.20,0.30
2008.05.12 06:55:08.724,1.00855,1.0087,0.20,0.30
2008.05.12 06:55:19.889,1.00845,1.0086,0.20,0.30
2008.05.12 06:55:22.576,1.00845,1.00855,0.20,0.80
2008.05.12 06:55:23.014,1.00845,1.00855,0.20,4.80
2008.05.12 06:55:23.110,1.00845,1.00855,0.20,0.80
2008.05.12 06:55:23.325,1.00835,1.00845,1.60,0.30
2008.05.12 06:55:23.527,1.0083,1.00845,0.20,0.30
2008.05.12 06:55:23.772,1.00845,1.0086,0.20,4.20
2008.05.12 06:55:23.812,1.00845,1.0085,0.20,4.00
2008.05.12 06:55:24.387,1.0084,1.0085,0.20,4.00
2008.05.12 06:55:24.897,1.0083,1.00845,0.20,0.30
2008.05.12 06:55:32.407,1.0084,1.0085,0.20,2.40
2008.05.12 06:55:32.716,1.0084,1.00855,0.20,0.30
2008.05.12 06:55:32.872,1.00845,1.0086,0.20,0.30
2008.05.12 06:56:33.910,1.00835,1.0085,1.70,0.30
2008.05.12 06:56:34.201,1.00835,1.0085,0.20,0.30
2008.05.12 06:56:41.077,1.0083,1.00845,0.20,0.30
2008.05.12 06:56:44.385,1.00825,1.0084,1.20,0.30
2008.05.12 06:57:00.999,1.0083,1.00845,0.20,0.30
2008.05.12 06:58:57.745,1.00825,1.0084,0.20,0.30
2008.05.12 06:59:35.364,1.00825,1.0084,2.50,0.30
2008.05.12 06:59:36.799,1.0083,1.00845,0.20,0.30
2008.05.12 06:59:45.728,1.00825,1.0084,10.50,0.30
2008.05.12 06:59:45.835,1.00825,1.0084,2.50,0.30
2008.05.12 06:59:45.954,1.00825,1.0084,3.30,0.30
2008.05.12 06:59:46.139,1.00825,1.0084,3.60,0.30
