2018.02.20 06:00:00.064,1.25768,1.25778,1.45,1.00
2018.02.20 06:00:00.238,1.25769,1.25779,1.45,1.00
2018.02.20 06:00:00.769,1.25771,1.25781,1.20,1.50
2018.02.20 06:00:00.822,1.25771,1.25781,1.76,1.00
2018.02.20 06:00:01.348,1.25771,1.2578,1.57,1.00
2018.02.20 06:00:01.873,1.25772,1.25779,1.45,1.00
2018.02.20 06:00:02.281,1.25771,1.25777,1.45,1.00
2018.02.20 06:00:02.949,1.25771,1.25777,1.20,1.00
2018.02.20 06:00:03.172,1.25769,1.25778,1.45,1.00
2018.02.20 06:00:03.855,1.25768,1.25778,1.45,1.00
2018.02.20 06:00:05.836,1.25769,1.2578,1.45,1.00
2018.02.20 06:00:06.222,1.2577,1.25781,1.45,1.00
2018.02.20 06:00:06.637,1.25774,1.25784,1.00,1.50
2018.02.20 06:00:06.740,1.25774,1.25783,1.45,1.00
2018.02.20 06:00:07.084,1.25772,1.25781,1.45,1.00
2018.02.20 06:00:07.623,1.25772,1.25781,1.20,1.00
2018.02.20 06:00:07.933,1.25771,1.25778,1.45,1.00
2018.02.20 06:00:08.100,1.2577,1.25778,1.45,1.50
2018.02.20 06:00:08.615,1.2577,1.25778,1.10,1.00
2018.02.20 06:00:14.587,1.2577,1.25778,1.45,1.00
2018.02.20 06:00:15.119,1.2577,1.25781,1.95,1.00
2018.02.20 06:00:15.223,1.25774,1.25783,1.07,1.00
2018.02.20 06:00:15.603,1.25773,1.25783,1.95,2.25
2018.02.20 06:00:15.707,1.25773,1.25781,1.45,1.00
2018.02.20 06:00:16.287,1.25771,1.2578,1.95,1.00
2018.02.20 06:00:17.681,1.25771,1.25781,1.45,1.00
2018.02.20 06:00:18.565,1.25773,1.25783,1.20,1.50
2018.02.20 06:00:18.617,1.25778,1.25786,1.20,1.00
2018.02.20 06:00:18.721,1.25779,1.25788,1.20,1.00
2018.02.20 06:00:18.773,1.2578,1.25788,1.47,1.00
2018.02.20 06:00:18.826,1.25781,1.25792,1.12,2.25
2018.02.20 06:00:18.932,1.25779,1.25788,2.32,1.00
2018.02.20 06:00:18.985,1.25778,1.25788,1.95,1.50
2018.02.20 06:00:19.516,1.25779,1.25788,1.20,1.00
2018.02.20 06:00:24.804,1.25779,1.25788,1.95,1.00
2018.02.20 06:00:24.856,1.25781,1.25791,1.10,1.50
2018.02.20 06:00:24.999,1.25786,1.25797,1.20,1.87
2018.02.20 06:00:26.956,1.25786,1.25797,1.20,1.00
2018.02.20 06:00:28.326,1.25788,1.25797,1.00,1.00
2018.02.20 06:00:28.832,1.25788,1.25797,1.20,1.00
2018.02.20 06:00:29.699,1.25788,1.25797,1.10,1.00
2018.02.20 06:00:29.751,1.25784,1.25795,2.70,1.00
2018.02.20 06:00:29.855,1.25782,1.25791,1.95,1.00
2018.02.20 06:00:30.062,1.25783,1.25793,1.10,2.25
2018.02.20 06:00:30.148,1.25785,1.25794,1.00,1.00
2018.02.20 06:00:30.482,1.25788,1.25797,1.00,1.00
2018.02.20 06:00:31.019,1.25788,1.25796,1.00,1.00
2018.02.20 06:00:32.042,1.25788,1.25797,1.00,1.00
2018.02.20 06:00:33.143,1.25782,1.25791,1.95,1.00
2018.02.20 06:00:33.199,1.25781,1.25792,1.45,1.00
2018.02.20 06:00:33.466,1.25782,1.25794,1.45,2.25
2018.02.20 06:00:33.942,1.25781,1.25793,1.20,2.25
2018.02.20 06:00:34.216,1.25784,1.25794,1.00,2.25
2018.02.20 06:00:34.629,1.25785,1.25795,1.20,1.50
2018.02.20 06:00:35.408,1.25785,1.25795,1.20,1.50
2018.02.20 06:00:35.987,1.25784,1.25794,1.45,1.00
2018.02.20 06:00:37.157,1.25781,1.25789,1.00,1.00
2018.02.20 06:00:40.578,1.2578,1.25789,1.10,1.00
2018.02.20 06:00:42.085,1.2578,1.25788,1.00,1.00
2018.02.20 06:00:42.428,1.25778,1.25786,1.20,1.00
2018.02.20 06:00:47.038,1.25778,1.25786,1.10,1.00
2018.02.20 06:00:54.959,1.25777,1.25786,1.10,1.00
2018.02.20 06:01:01.965,1.25777,1.25787,1.20,1.00
2018.02.20 06:01:07.562,1.25779,1.25787,1.10,1.00
2018.02.20 06:01:07.684,1.25779,1.25789,2.32,2.25
2018.02.20 06:01:07.736,1.2578,1.25791,1.50,1.87
2018.02.20 06:01:07.889,1.2578,1.25792,2.32,1.00
2018.02.20 06:01:08.505,1.25783,1.25793,1.45,1.00
2018.02.20 06:01:11.197,1.2578,1.25792,1.57,1.00
2018.02.20 06:01:11.439,1.2578,1.2579,1.00,1.12
2018.02.20 06:01:11.970,1.25778,1.2579,1.57,3.75
2018.02.20 06:01:12.601,1.25778,1.2579,1.20,1.50
2018.02.20 06:01:18.407,1.25777,1.2579,1.45,5.25
2018.02.20 06:01:18.526,1.25777,1.25786,1.45,1.00
2018.02.20 06:01:19.068,1.25777,1.25786,1.45,1.00
2018.02.20 06:01:21.866,1.25779,1.25786,1.10,1.00
2018.02.20 06:01:21.968,1.25779,1.25788,1.57,1.00
2018.02.20 06:01:22.641,1.2578,1.25788,1.20,1.00
2018.02.20 06:01:25.887,1.25781,1.25788,1.00,1.00
2018.02.20 06:01:26.001,1.25782,1.25792,1.00,1.37
2018.02.20 06:01:26.053,1.25784,1.25794,1.20,1.00
2018.02.20 06:01:30.096,1.25784,1.25794,1.20,1.00
2018.02.20 06:01:31.643,1.25783,1.25795,1.20,1.50
2018.02.20 06:01:32.866,1.25784,1.25795,1.20,1.00
2018.02.20 06:01:33.862,1.25786,1.25795,1.00,1.00
2018.02.20 06:01:34.336,1.25787,1.25796,1.20,1.00
2018.02.20 06:01:34.513,1.25789,1.25798,3.37,1.00
2018.02.20 06:01:34.566,1.2579,1.25802,1.95,4.12
2018.02.20 06:01:34.978,1.25788,1.258,1.20,6.37
2018.02.20 06:01:35.686,1.25787,1.25799,1.95,1.12
2018.02.20 06:01:36.429,1.25787,1.25799,1.95,1.12
2018.02.20 06:01:36.885,1.25787,1.25797,1.10,1.00
2018.02.20 06:01:37.954,1.25787,1.25797,1.20,1.00
2018.02.20 06:01:38.471,1.25787,1.25799,1.20,3.75
2018.02.20 06:01:38.984,1.25787,1.25799,1.95,3.75
2018.02.20 06:01:39.349,1.25786,1.25796,1.45,1.00
2018.02.20 06:01:39.853,1.25786,1.25796,1.20,1.00
2018.02.20 06:01:40.011,1.25781,1.25791,1.10,1.12
2018.02.20 06:01:40.546,1.25781,1.25792,1.20,3.75
2018.02.20 06:01:41.539,1.2578,1.25792,1.45,1.87
2018.02.20 06:01:42.188,1.2578,1.25792,1.20,2.25
2018.02.20 06:01:42.694,1.25779,1.25791,1.45,1.87
2018.02.20 06:01:42.746,1.25778,1.25787,1.45,1.00
2018.02.20 06:01:43.005,1.25778,1.25787,1.10,1.00
2018.02.20 06:01:44.568,1.25778,1.25787,1.45,1.00
2018.02.20 06:01:44.620,1.25778,1.25786,1.45,3.00
2018.02.20 06:01:44.672,1.25774,1.25782,2.70,1.12
2018.02.20 06:01:44.822,1.25772,1.25783,3.07,1.87
2018.02.20 06:01:45.344,1.25772,1.25783,1.10,2.62
2018.02.20 06:01:46.285,1.25773,1.25783,1.00,1.50
2018.02.20 06:01:46.644,1.25774,1.25783,1.45,1.00
2018.02.20 06:01:47.150,1.25775,1.25783,1.20,1.00
2018.02.20 06:01:47.840,1.25775,1.25783,1.45,1.00
2018.02.20 06:01:48.343,1.25777,1.25786,1.00,1.00
2018.02.20 06:01:48.687,1.25779,1.25787,1.10,1.00
2018.02.20 06:01:49.832,1.2578,1.25791,2.70,1.50
2018.02.20 06:01:49.992,1.25781,1.25793,1.95,1.12
2018.02.20 06:01:50.198,1.2578,1.25792,1.95,3.00
2018.02.20 06:01:50.455,1.25778,1.25787,1.45,1.50
2018.02.20 06:01:50.506,1.25778,1.25787,1.20,1.00
2018.02.20 06:01:51.656,1.25778,1.25787,1.10,1.00
2018.02.20 06:01:52.166,1.25775,1.25785,1.20,1.00
2018.02.20 06:01:58.320,1.25772,1.25782,1.95,1.00
2018.02.20 06:01:58.850,1.25772,1.25782,1.95,1.00
2018.02.20 06:02:00.532,1.25772,1.25784,1.95,1.87
2018.02.20 06:02:00.586,1.25775,1.25785,1.45,1.00
2018.02.20 06:02:01.201,1.25776,1.25785,1.95,1.00
2018.02.20 06:02:02.145,1.25776,1.25785,1.57,1.50
2018.02.20 06:02:02.882,1.25775,1.25785,1.00,1.50
2018.02.20 06:02:04.518,1.25774,1.25785,1.69,1.00
2018.02.20 06:02:05.575,1.25772,1.25784,1.57,2.70
2018.02.20 06:02:06.099,1.25773,1.25785,1.00,3.45
2018.02.20 06:02:06.713,1.25773,1.25785,1.00,3.82
2018.02.20 06:02:14.343,1.25775,1.25785,1.00,1.20
2018.02.20 06:02:14.720,1.25775,1.25786,1.00,2.62
2018.02.20 06:02:20.219,1.25775,1.25785,1.50,1.00
2018.02.20 06:02:23.055,1.25775,1.25783,1.00,1.00
2018.02.20 06:02:23.158,1.25773,1.25782,1.00,1.00
2018.02.20 06:02:23.279,1.25771,1.25782,1.00,1.00
2018.02.20 06:02:23.332,1.2577,1.2578,1.57,1.00
2018.02.20 06:02:23.651,1.25769,1.25778,1.00,1.00
2018.02.20 06:02:23.754,1.25769,1.2578,1.50,1.10
2018.02.20 06:02:23.806,1.25771,1.2578,1.00,1.10
2018.02.20 06:02:27.222,1.25771,1.25779,1.00,1.50
2018.02.20 06:02:27.751,1.25771,1.2578,1.00,1.10
2018.02.20 06:02:30.627,1.25771,1.25781,2.25,1.00
2018.02.20 06:02:31.154,1.25771,1.25783,1.50,1.57
2018.02.20 06:02:31.657,1.25769,1.25781,1.50,1.95
2018.02.20 06:02:32.174,1.25769,1.25779,1.00,1.10
2018.02.20 06:02:33.455,1.25769,1.2578,1.00,1.00
2018.02.20 06:02:33.764,1.25772,1.25782,1.00,1.07
2018.02.20 06:02:34.278,1.25772,1.25782,1.00,1.10
2018.02.20 06:02:37.792,1.25771,1.25781,1.00,1.00
2018.02.20 06:02:38.171,1.25771,1.25779,1.00,1.00
2018.02.20 06:02:38.483,1.25769,1.2578,1.00,1.00
2018.02.20 06:02:39.047,1.25769,1.25778,1.00,1.00
2018.02.20 06:02:39.429,1.25769,1.2578,1.00,1.00
2018.02.20 06:02:45.816,1.25771,1.25781,1.00,1.07
2018.02.20 06:02:46.560,1.25771,1.25781,1.00,1.10
2018.02.20 06:02:47.240,1.25771,1.25782,1.00,1.20
2018.02.20 06:02:47.756,1.25771,1.25783,4.31,1.95
2018.02.20 06:02:48.166,1.25774,1.25784,1.00,1.00
2018.02.20 06:02:51.096,1.25775,1.25787,1.69,1.50
2018.02.20 06:02:51.149,1.25777,1.25787,1.00,1.50
2018.02.20 06:02:52.881,1.25777,1.25786,1.00,1.10
2018.02.20 06:02:53.569,1.25777,1.25787,1.00,1.50
2018.02.20 06:02:54.101,1.25776,1.25786,1.00,1.00
2018.02.20 06:02:54.611,1.25775,1.25785,1.00,1.00
2018.02.20 06:02:55.180,1.25776,1.25786,1.00,1.00
2018.02.20 06:02:55.589,1.25779,1.25786,1.00,1.00
2018.02.20 06:02:56.114,1.25779,1.25787,1.00,1.00
2018.02.20 06:02:57.023,1.25777,1.25787,1.00,1.00
2018.02.20 06:02:57.536,1.25777,1.25786,1.00,1.00
2018.02.20 06:03:04.882,1.25776,1.25786,1.00,1.00
2018.02.20 06:03:05.406,1.25775,1.25785,1.00,2.32
2018.02.20 06:03:06.414,1.25774,1.25785,1.10,1.00
2018.02.20 06:03:09.939,1.25775,1.25785,1.00,1.00
2018.02.20 06:03:09.992,1.25777,1.25787,3.00,1.00
2018.02.20 06:03:10.563,1.25778,1.25788,1.25,1.00
2018.02.20 06:03:12.274,1.25779,1.25788,1.00,1.00
2018.02.20 06:03:12.327,1.25779,1.25791,2.25,1.07
2018.02.20 06:03:13.027,1.2578,1.25791,1.00,1.10
2018.02.20 06:03:13.705,1.25781,1.25792,1.00,1.07
2018.02.20 06:03:13.758,1.25783,1.25793,1.00,1.20
2018.02.20 06:03:13.813,1.25783,1.25793,1.50,1.00
2018.02.20 06:03:15.638,1.25783,1.25794,1.50,2.32
2018.02.20 06:03:16.536,1.25786,1.25796,1.00,1.07
2018.02.20 06:03:16.898,1.25783,1.25793,1.00,1.00
2018.02.20 06:03:18.859,1.25786,1.25796,1.00,1.10
2018.02.20 06:03:18.964,1.25786,1.25798,1.00,1.10
2018.02.20 06:03:23.083,1.25785,1.25797,1.50,1.00
2018.02.20 06:03:25.676,1.25787,1.25797,1.00,1.10
2018.02.20 06:03:26.074,1.25783,1.25793,1.07,1.00
2018.02.20 06:03:26.229,1.25782,1.25794,1.10,1.10
2018.02.20 06:03:26.890,1.25782,1.25793,1.10,1.00
2018.02.20 06:03:27.405,1.25782,1.25794,1.10,1.10
2018.02.20 06:03:28.071,1.25786,1.25798,1.00,3.07
2018.02.20 06:03:28.123,1.25786,1.25798,1.00,1.95
2018.02.20 06:03:28.969,1.25786,1.25798,1.00,1.20
2018.02.20 06:03:32.675,1.25785,1.25798,1.57,2.32
2018.02.20 06:03:34.149,1.25787,1.25798,1.00,2.25
2018.02.20 06:03:34.486,1.25789,1.25799,1.00,1.50
2018.02.20 06:03:37.945,1.25787,1.25798,1.50,1.00
2018.02.20 06:03:38.464,1.25787,1.25797,1.00,1.00
2018.02.20 06:03:39.963,1.25786,1.25797,1.10,1.00
2018.02.20 06:03:40.702,1.25785,1.25797,1.50,1.00
2018.02.20 06:03:40.910,1.25784,1.25795,1.57,1.00
2018.02.20 06:03:41.444,1.25785,1.25796,1.00,2.25
2018.02.20 06:03:42.938,1.25787,1.25796,1.00,1.00
2018.02.20 06:03:43.971,1.25788,1.25796,1.50,1.00
2018.02.20 06:03:44.034,1.25788,1.25798,2.25,1.10
2018.02.20 06:03:44.564,1.25788,1.25799,1.57,1.00
2018.02.20 06:03:45.094,1.25788,1.25798,1.00,1.00
2018.02.20 06:03:45.145,1.25786,1.25797,1.76,1.00
2018.02.20 06:03:45.999,1.25788,1.25797,1.50,1.00
2018.02.20 06:03:46.510,1.25789,1.25798,1.50,1.00
2018.02.20 06:03:47.352,1.25795,1.25802,1.00,1.10
2018.02.20 06:03:47.456,1.25794,1.25805,1.00,3.07
2018.02.20 06:03:47.508,1.25793,1.25801,1.00,1.50
2018.02.20 06:03:47.560,1.25789,1.25799,1.00,1.50
2018.02.20 06:03:47.817,1.25789,1.25797,1.00,1.00
2018.02.20 06:03:49.261,1.25789,1.25797,1.87,1.00
2018.02.20 06:03:49.364,1.2579,1.25801,1.12,1.00
2018.02.20 06:03:49.517,1.2579,1.25803,1.76,1.57
2018.02.20 06:03:50.032,1.25792,1.25803,1.00,1.57
2018.02.20 06:03:50.462,1.25795,1.25805,1.00,1.95
2018.02.20 06:03:51.075,1.25793,1.25802,1.10,1.00
2018.02.20 06:03:51.437,1.25791,1.25802,1.10,1.00
2018.02.20 06:03:52.156,1.25788,1.258,1.45,3.00
2018.02.20 06:03:52.208,1.25788,1.25799,1.00,1.10
2018.02.20 06:03:52.421,1.25786,1.25799,1.00,1.95
2018.02.20 06:03:52.472,1.25786,1.25799,1.00,3.07
2018.02.20 06:03:52.782,1.25791,1.25803,1.31,1.10
2018.02.20 06:03:53.044,1.25791,1.25801,1.00,1.00
2018.02.20 06:03:53.159,1.25789,1.25802,1.00,1.57
2018.02.20 06:03:53.671,1.2579,1.25802,1.00,1.10
2018.02.20 06:03:54.181,1.25792,1.25803,1.00,1.57
2018.02.20 06:03:54.308,1.25792,1.25804,1.31,1.87
2018.02.20 06:03:55.216,1.25794,1.25804,1.00,1.00
2018.02.20 06:03:55.522,1.25798,1.25804,1.00,1.00
2018.02.20 06:03:56.602,1.25797,1.25804,1.00,1.00
2018.02.20 06:03:58.414,1.25796,1.25804,1.00,1.00
2018.02.20 06:03:58.741,1.25798,1.25804,1.00,1.00
2018.02.20 06:04:05.301,1.25797,1.25804,1.00,1.00
2018.02.20 06:04:05.453,1.25799,1.25807,1.00,1.00
2018.02.20 06:04:05.557,1.25802,1.25811,1.00,2.32
2018.02.20 06:04:06.022,1.258,1.2581,1.00,1.50
2018.02.20 06:04:06.526,1.25802,1.2581,1.00,1.00
2018.02.20 06:04:06.734,1.25803,1.25812,1.00,1.00
2018.02.20 06:04:06.786,1.25806,1.25815,1.00,1.20
2018.02.20 06:04:07.298,1.25806,1.25816,1.00,3.07
2018.02.20 06:04:09.152,1.25805,1.25816,1.00,4.20
2018.02.20 06:04:09.476,1.25803,1.25809,1.00,2.25
2018.02.20 06:04:09.527,1.25799,1.25809,1.00,1.50
2018.02.20 06:04:10.036,1.258,1.25809,1.00,1.00
2018.02.20 06:04:10.428,1.25801,1.25812,1.00,3.07
2018.02.20 06:04:11.038,1.25804,1.25814,1.00,1.57
2018.02.20 06:04:11.142,1.25804,1.25815,1.00,4.50
2018.02.20 06:04:11.768,1.25804,1.25814,1.00,1.00
2018.02.20 06:04:12.344,1.25804,1.25815,1.00,4.50
2018.02.20 06:04:12.603,1.25806,1.25816,1.00,1.95
2018.02.20 06:04:12.929,1.2581,1.25819,1.00,1.12
2018.02.20 06:04:13.593,1.2581,1.2582,1.00,1.00
2018.02.20 06:04:13.801,1.25807,1.25818,1.10,1.87
2018.02.20 06:04:14.200,1.25807,1.25816,1.00,1.00
2018.02.20 06:04:14.656,1.25806,1.25818,1.00,1.12
2018.02.20 06:04:15.235,1.25807,1.25818,1.00,1.00
2018.02.20 06:04:17.086,1.25807,1.25817,1.00,1.00
2018.02.20 06:04:17.926,1.25807,1.25818,1.10,1.12
2018.02.20 06:04:18.074,1.25809,1.25819,1.00,1.87
2018.02.20 06:04:18.595,1.25809,1.25819,1.00,1.87
2018.02.20 06:04:18.941,1.25813,1.25821,1.00,1.95
2018.02.20 06:04:19.487,1.25814,1.25821,1.00,1.47
2018.02.20 06:04:20.016,1.25811,1.2582,1.00,2.25
2018.02.20 06:04:20.118,1.25812,1.25817,1.00,1.00
2018.02.20 06:04:20.169,1.25812,1.25819,1.00,1.57
2018.02.20 06:04:20.748,1.25815,1.2582,1.00,1.20
2018.02.20 06:04:20.850,1.25815,1.25823,1.00,2.62
2018.02.20 06:04:21.107,1.25813,1.25822,1.00,1.12
2018.02.20 06:04:21.159,1.2581,1.25819,1.07,1.12
2018.02.20 06:04:21.211,1.25809,1.25818,1.00,1.00
2018.02.20 06:04:21.365,1.25811,1.25818,1.00,1.12
2018.02.20 06:04:21.975,1.25812,1.25819,1.00,1.00
2018.02.20 06:04:22.524,1.25812,1.25821,1.00,3.45
2018.02.20 06:04:22.895,1.25815,1.25822,1.00,1.50
2018.02.20 06:04:23.153,1.25816,1.25824,1.00,1.00
2018.02.20 06:04:24.308,1.25817,1.25824,1.00,1.00
2018.02.20 06:04:24.361,1.25817,1.25827,1.00,1.57
2018.02.20 06:04:24.412,1.25819,1.25828,1.00,3.00
2018.02.20 06:04:24.757,1.25816,1.25824,1.00,2.62
2018.02.20 06:04:24.862,1.25814,1.25822,1.00,1.00
2018.02.20 06:04:25.071,1.25814,1.2582,1.00,1.00
2018.02.20 06:04:25.432,1.25811,1.25817,1.00,1.00
2018.02.20 06:04:26.159,1.25811,1.25818,1.00,1.50
2018.02.20 06:04:26.825,1.25811,1.25819,1.00,1.87
2018.02.20 06:04:28.850,1.25811,1.25817,1.00,1.00
2018.02.20 06:04:29.693,1.25811,1.25819,1.00,1.00
2018.02.20 06:04:30.251,1.25812,1.25819,1.00,1.12
2018.02.20 06:04:31.408,1.25812,1.2582,1.00,1.10
2018.02.20 06:04:33.539,1.25811,1.25818,1.00,1.12
2018.02.20 06:04:33.896,1.25808,1.25815,1.00,1.00
2018.02.20 06:04:34.422,1.25808,1.25816,1.00,2.62
2018.02.20 06:04:35.689,1.2581,1.25818,1.00,1.57
2018.02.20 06:04:36.202,1.25811,1.25818,1.00,1.00
2018.02.20 06:04:38.191,1.25811,1.25817,1.00,1.12
2018.02.20 06:04:38.921,1.25811,1.25818,1.00,1.00
2018.02.20 06:04:42.292,1.2581,1.25818,1.00,1.00
2018.02.20 06:04:42.895,1.2581,1.25817,1.00,1.00
2018.02.20 06:04:43.675,1.2581,1.25818,1.00,1.00
2018.02.20 06:04:44.411,1.2581,1.25817,1.00,1.00
2018.02.20 06:04:45.686,1.2581,1.25818,1.00,1.00
2018.02.20 06:04:46.421,1.2581,1.25817,1.00,1.00
2018.02.20 06:04:47.081,1.2581,1.25818,1.00,1.00
2018.02.20 06:04:48.304,1.25812,1.25817,1.00,1.00
2018.02.20 06:04:49.063,1.25812,1.25818,1.00,1.00
2018.02.20 06:04:50.487,1.25812,1.25817,1.00,1.00
2018.02.20 06:04:56.185,1.25813,1.25818,1.00,1.00
2018.02.20 06:04:57.142,1.25815,1.25819,1.00,1.12
2018.02.20 06:04:57.650,1.25813,1.25817,1.00,1.00
2018.02.20 06:04:57.806,1.25816,1.2582,1.00,1.00
2018.02.20 06:04:57.942,1.25815,1.25822,1.00,1.10
2018.02.20 06:04:58.553,1.25815,1.25823,1.00,1.00
2018.02.20 06:04:59.198,1.25815,1.25822,1.00,1.00
2018.02.20 06:05:00.671,1.25815,1.25823,1.00,1.50
2018.02.20 06:05:09.250,1.25815,1.25822,1.00,1.00
2018.02.20 06:05:09.405,1.25817,1.25822,1.00,1.00
2018.02.20 06:05:09.906,1.25817,1.25823,1.00,1.00
2018.02.20 06:05:14.126,1.25815,1.25822,1.50,1.00
2018.02.20 06:05:14.281,1.25815,1.25824,1.00,1.50
2018.02.20 06:05:14.532,1.25819,1.25823,1.00,1.00
2018.02.20 06:05:14.583,1.25816,1.25824,1.00,3.75
2018.02.20 06:05:15.140,1.25816,1.25823,1.00,1.50
2018.02.20 06:05:16.976,1.25816,1.25824,1.00,1.50
2018.02.20 06:05:19.845,1.25816,1.25823,1.00,1.50
2018.02.20 06:05:21.362,1.25818,1.25823,1.00,1.50
2018.02.20 06:05:21.870,1.25818,1.25824,1.00,1.50
2018.02.20 06:05:22.656,1.2582,1.25824,1.00,1.00
2018.02.20 06:05:22.810,1.25821,1.25826,1.00,1.00
2018.02.20 06:05:24.089,1.25821,1.25827,1.00,1.00
2018.02.20 06:05:24.841,1.25821,1.25826,1.00,1.00
2018.02.20 06:05:26.020,1.25822,1.25827,1.00,1.00
2018.02.20 06:05:26.821,1.25822,1.25828,1.00,1.87
2018.02.20 06:05:27.482,1.25822,1.25827,1.00,1.00
2018.02.20 06:05:27.850,1.25824,1.25828,1.00,1.12
2018.02.20 06:05:29.184,1.25824,1.2583,1.00,1.95
2018.02.20 06:05:29.792,1.25823,1.25828,1.00,1.50
2018.02.20 06:05:30.306,1.25823,1.25827,1.00,1.00
2018.02.20 06:05:30.958,1.25823,1.25828,1.00,1.50
2018.02.20 06:05:32.104,1.25821,1.25825,1.00,1.00
2018.02.20 06:05:32.586,1.25821,1.25827,1.00,1.00
2018.02.20 06:05:33.116,1.2582,1.25827,1.00,1.50
2018.02.20 06:05:34.043,1.25823,1.25828,1.00,1.20
2018.02.20 06:05:34.748,1.25823,1.25827,1.00,1.00
2018.02.20 06:05:35.403,1.25823,1.25828,1.00,1.50
2018.02.20 06:05:36.039,1.25823,1.25827,1.00,1.00
2018.02.20 06:05:37.644,1.25823,1.25828,1.00,1.50
2018.02.20 06:05:42.952,1.25819,1.25828,1.00,1.57
2018.02.20 06:05:44.492,1.25819,1.25827,1.50,1.12
2018.02.20 06:05:45.085,1.25819,1.25828,1.00,1.00
2018.02.20 06:05:45.333,1.25819,1.25826,1.00,1.00
2018.02.20 06:05:46.590,1.25818,1.25826,2.25,1.00
2018.02.20 06:05:49.985,1.25817,1.25826,1.50,1.00
2018.02.20 06:05:50.878,1.25819,1.25827,1.00,1.00
2018.02.20 06:05:51.580,1.25819,1.25828,1.00,1.57
2018.02.20 06:05:52.548,1.25817,1.25826,1.50,1.50
2018.02.20 06:06:00.431,1.25818,1.25826,1.00,1.00
2018.02.20 06:06:08.217,1.25819,1.25826,1.00,1.00
2018.02.20 06:06:10.038,1.25818,1.25826,1.50,1.50
2018.02.20 06:06:16.817,1.25815,1.25824,1.00,1.00
2018.02.20 06:06:30.372,1.25815,1.25823,1.00,1.00
2018.02.20 06:06:30.526,1.25813,1.25823,1.50,1.00
2018.02.20 06:06:32.697,1.25813,1.25822,1.50,1.00
2018.02.20 06:06:33.472,1.25813,1.25824,1.50,2.25
2018.02.20 06:06:34.232,1.25811,1.25816,1.57,1.00
2018.02.20 06:06:34.418,1.25806,1.25814,1.00,1.00
2018.02.20 06:06:35.014,1.25805,1.25814,1.50,1.12
2018.02.20 06:06:35.880,1.25806,1.25814,1.00,1.00
2018.02.20 06:06:36.921,1.25806,1.25815,1.00,2.32
2018.02.20 06:06:38.084,1.25805,1.2581,1.00,1.00
2018.02.20 06:06:38.135,1.25803,1.2581,1.50,1.00
2018.02.20 06:06:39.352,1.25804,1.2581,1.00,1.00
2018.02.20 06:06:39.555,1.25804,1.25812,1.50,1.00
2018.02.20 06:06:39.729,1.25806,1.25813,1.00,1.00
2018.02.20 06:06:39.882,1.25806,1.25815,1.00,1.10
2018.02.20 06:06:42.095,1.25806,1.25814,1.50,1.00
2018.02.20 06:06:43.252,1.25806,1.25815,1.50,1.00
2018.02.20 06:06:44.105,1.25806,1.25814,1.00,1.00
2018.02.20 06:06:45.267,1.25806,1.25815,1.00,2.25
2018.02.20 06:06:45.841,1.25806,1.25814,1.00,1.00
2018.02.20 06:06:48.768,1.25806,1.25815,1.00,2.25
2018.02.20 06:06:52.085,1.25809,1.25816,1.00,1.00
2018.02.20 06:06:52.189,1.2581,1.25819,1.00,1.00
2018.02.20 06:06:52.614,1.2581,1.25817,1.00,1.00
2018.02.20 06:06:53.983,1.25811,1.25817,1.00,1.00
2018.02.20 06:06:54.553,1.25809,1.25817,1.50,1.50
2018.02.20 06:06:55.794,1.25808,1.25816,1.00,1.50
2018.02.20 06:06:56.451,1.25808,1.25815,1.00,1.50
2018.02.20 06:06:56.503,1.25808,1.25817,1.50,1.57
2018.02.20 06:07:00.262,1.25808,1.25818,1.50,1.57
2018.02.20 06:07:00.369,1.25807,1.25816,1.00,1.00
2018.02.20 06:07:00.895,1.25807,1.25818,1.50,3.07
2018.02.20 06:07:01.903,1.25807,1.25818,1.50,3.07
2018.02.20 06:07:02.458,1.25811,1.25818,1.00,1.12
2018.02.20 06:07:02.533,1.25811,1.2582,1.00,2.32
2018.02.20 06:07:02.746,1.2581,1.25818,1.00,1.00
2018.02.20 06:07:03.319,1.2581,1.25817,1.00,1.00
2018.02.20 06:07:03.904,1.2581,1.25818,1.50,1.00
2018.02.20 06:07:06.093,1.2581,1.25817,1.50,1.00
2018.02.20 06:07:07.875,1.2581,1.25819,1.50,1.00
2018.02.20 06:07:08.526,1.2581,1.25818,1.00,1.00
2018.02.20 06:07:13.742,1.25811,1.25818,1.00,1.00
2018.02.20 06:07:14.355,1.25811,1.25817,1.00,1.00
2018.02.20 06:07:14.408,1.25813,1.25822,1.00,1.95
2018.02.20 06:07:14.461,1.25817,1.25822,1.00,1.20
2018.02.20 06:07:14.515,1.25817,1.25823,1.00,1.00
2018.02.20 06:07:15.146,1.25817,1.25824,1.00,2.25
2018.02.20 06:07:15.827,1.25817,1.25823,1.00,1.50
2018.02.20 06:07:17.134,1.25817,1.25822,1.00,1.00
2018.02.20 06:07:18.113,1.25817,1.25823,1.00,1.00
2018.02.20 06:07:20.681,1.25817,1.25822,1.00,1.00
2018.02.20 06:07:21.567,1.25813,1.25817,1.00,1.00
2018.02.20 06:07:21.620,1.25814,1.25818,1.00,1.00
2018.02.20 06:07:21.826,1.25814,1.2582,1.00,1.00
2018.02.20 06:07:21.878,1.25813,1.25817,1.00,1.00
2018.02.20 06:07:22.447,1.25814,1.25818,1.00,1.00
2018.02.20 06:07:22.949,1.25813,1.25817,1.00,1.00
2018.02.20 06:07:23.816,1.25814,1.25819,1.00,1.00
2018.02.20 06:07:24.425,1.25814,1.2582,1.00,1.00
2018.02.20 06:07:26.697,1.25814,1.25821,1.00,1.00
2018.02.20 06:07:26.748,1.25816,1.2582,1.00,1.00
2018.02.20 06:07:27.271,1.25816,1.25821,1.00,1.00
2018.02.20 06:07:28.059,1.25816,1.25822,1.00,1.12
2018.02.20 06:07:31.736,1.25816,1.25821,1.00,1.00
2018.02.20 06:07:32.347,1.25816,1.25822,1.00,1.12
2018.02.20 06:07:35.205,1.25816,1.25821,1.00,1.00
2018.02.20 06:07:37.023,1.25814,1.25818,1.00,1.00
2018.02.20 06:07:37.127,1.25812,1.25818,1.50,1.00
2018.02.20 06:07:37.631,1.25812,1.25817,1.00,1.00
2018.02.20 06:07:40.792,1.25812,1.25817,1.95,1.00
2018.02.20 06:07:44.088,1.25812,1.25818,1.95,1.00
2018.02.20 06:07:46.988,1.25812,1.25819,2.70,1.00
2018.02.20 06:07:47.504,1.25812,1.25817,1.00,1.00
2018.02.20 06:07:47.877,1.25813,1.25819,1.00,1.00
2018.02.20 06:07:47.930,1.25816,1.2582,1.00,1.00
2018.02.20 06:07:48.048,1.25816,1.25822,1.00,2.25
2018.02.20 06:07:52.671,1.25816,1.25821,1.00,1.00
2018.02.20 06:07:52.825,1.25814,1.25819,1.20,1.00
2018.02.20 06:07:53.237,1.25813,1.25817,1.20,1.00
2018.02.20 06:07:53.340,1.25812,1.25817,1.20,1.00
2018.02.20 06:07:53.872,1.25812,1.25817,1.95,1.00
2018.02.20 06:07:54.416,1.25812,1.25818,1.95,1.00
2018.02.20 06:07:56.837,1.25812,1.25819,1.95,1.00
2018.02.20 06:08:05.355,1.25811,1.25818,1.57,1.00
2018.02.20 06:08:05.911,1.2581,1.25817,1.20,1.00
2018.02.20 06:08:09.802,1.2581,1.25818,1.45,1.00
2018.02.20 06:08:11.365,1.25811,1.25818,1.20,1.00
2018.02.20 06:08:12.058,1.25811,1.25817,1.20,1.00
2018.02.20 06:08:13.817,1.2581,1.25817,2.70,1.00
2018.02.20 06:08:14.372,1.2581,1.25818,2.70,1.00
2018.02.20 06:08:19.763,1.25812,1.25819,1.00,1.00
2018.02.20 06:08:20.313,1.25812,1.25818,1.00,1.00
2018.02.20 06:08:22.066,1.25812,1.25819,1.00,1.00
2018.02.20 06:08:22.579,1.25812,1.25819,1.95,1.00
2018.02.20 06:08:25.346,1.25811,1.25817,1.20,1.00
2018.02.20 06:08:26.032,1.25811,1.25818,1.20,1.00
2018.02.20 06:08:31.356,1.25811,1.25816,1.20,2.25
2018.02.20 06:08:31.459,1.25809,1.25816,1.10,2.25
2018.02.20 06:08:32.014,1.25806,1.25814,1.10,1.50
2018.02.20 06:08:32.272,1.25806,1.25811,1.10,1.00
2018.02.20 06:08:32.590,1.25806,1.25814,1.00,2.25
2018.02.20 06:08:33.261,1.25806,1.25814,1.00,4.87
2018.02.20 06:08:33.417,1.25804,1.25812,1.20,1.00
2018.02.20 06:08:33.469,1.25804,1.2581,1.00,1.00
2018.02.20 06:08:33.973,1.25804,1.25811,1.00,1.00
2018.02.20 06:08:36.195,1.25804,1.2581,1.00,1.00
2018.02.20 06:08:36.719,1.25804,1.25812,1.20,1.00
2018.02.20 06:08:37.275,1.25804,1.25813,1.57,1.12
2018.02.20 06:08:37.433,1.25804,1.2581,1.57,1.00
2018.02.20 06:08:37.936,1.25804,1.25811,1.57,1.00
2018.02.20 06:08:41.299,1.25804,1.25812,1.57,1.00
2018.02.20 06:08:42.877,1.25804,1.25813,1.10,1.12
2018.02.20 06:08:43.545,1.25804,1.25812,1.10,1.00
2018.02.20 06:08:44.068,1.25804,1.25813,1.10,1.12
2018.02.20 06:08:44.987,1.25804,1.25812,1.10,1.00
2018.02.20 06:08:47.392,1.25804,1.25813,1.95,1.00
2018.02.20 06:08:48.364,1.25804,1.25812,1.95,1.00
2018.02.20 06:08:48.891,1.25804,1.25813,1.95,1.00
2018.02.20 06:08:52.887,1.25804,1.25812,1.95,1.00
2018.02.20 06:08:53.432,1.25804,1.25813,1.95,1.00
2018.02.20 06:08:54.060,1.25804,1.25811,1.20,1.00
2018.02.20 06:08:54.587,1.25804,1.25812,1.20,1.00
2018.02.20 06:08:55.403,1.25805,1.25813,1.10,1.00
2018.02.20 06:08:55.507,1.25805,1.25815,1.00,3.75
2018.02.20 06:08:56.053,1.25805,1.25815,2.70,3.37
2018.02.20 06:08:57.937,1.25806,1.25816,1.00,3.75
2018.02.20 06:09:00.476,1.25806,1.25814,1.00,1.00
2018.02.20 06:09:02.118,1.25806,1.25816,1.50,4.12
2018.02.20 06:09:02.708,1.25806,1.25815,1.10,1.50
2018.02.20 06:09:03.376,1.25807,1.25815,1.00,1.50
2018.02.20 06:09:03.582,1.25812,1.25817,1.00,1.50
2018.02.20 06:09:03.685,1.2581,1.25817,1.00,1.00
2018.02.20 06:09:05.115,1.25809,1.25817,1.10,1.00
2018.02.20 06:09:13.690,1.25807,1.25815,1.95,2.25
2018.02.20 06:09:14.219,1.25807,1.25815,1.00,1.87
2018.02.20 06:09:19.682,1.25805,1.25814,1.95,1.87
2018.02.20 06:09:20.032,1.25803,1.25811,2.70,1.00
2018.02.20 06:09:21.199,1.25803,1.2581,1.95,1.00
2018.02.20 06:09:21.710,1.25803,1.25811,3.45,1.00
2018.02.20 06:09:23.376,1.25804,1.25811,1.45,1.00
2018.02.20 06:09:24.213,1.25804,1.2581,1.95,1.00
2018.02.20 06:09:24.975,1.25804,1.25809,1.95,1.00
2018.02.20 06:09:25.618,1.25804,1.2581,1.95,1.00
2018.02.20 06:09:26.226,1.25804,1.25809,1.95,1.00
2018.02.20 06:09:26.992,1.25804,1.25809,1.00,1.00
2018.02.20 06:09:27.704,1.25804,1.25811,1.10,1.00
2018.02.20 06:09:28.210,1.25804,1.2581,1.10,1.00
2018.02.20 06:09:28.745,1.25805,1.25811,1.00,1.00
2018.02.20 06:09:29.297,1.25804,1.2581,1.10,1.00
2018.02.20 06:09:29.962,1.25805,1.2581,1.00,1.00
2018.02.20 06:09:30.335,1.25805,1.25812,1.00,1.50
2018.02.20 06:09:30.491,1.25803,1.2581,2.70,1.00
2018.02.20 06:09:31.019,1.25804,1.25811,1.10,1.00
2018.02.20 06:09:34.572,1.25805,1.25812,1.00,1.00
2018.02.20 06:09:34.714,1.25806,1.25814,1.00,1.00
2018.02.20 06:09:36.148,1.25807,1.25814,1.00,1.00
2018.02.20 06:09:36.753,1.25807,1.25815,1.00,3.75
2018.02.20 06:09:36.805,1.25807,1.25812,1.10,1.00
2018.02.20 06:09:37.169,1.25805,1.25815,1.95,3.75
2018.02.20 06:09:37.423,1.25805,1.2581,1.20,1.00
2018.02.20 06:09:37.928,1.25805,1.25811,1.00,1.00
2018.02.20 06:09:38.595,1.25805,1.2581,1.00,1.00
2018.02.20 06:09:41.235,1.25805,1.25811,1.00,1.00
2018.02.20 06:09:41.843,1.25805,1.2581,1.00,1.00
2018.02.20 06:09:43.205,1.25804,1.2581,1.50,1.00
2018.02.20 06:09:44.684,1.25804,1.25809,1.57,1.00
2018.02.20 06:09:45.198,1.25804,1.2581,1.57,1.00
2018.02.20 06:09:45.856,1.25804,1.25809,1.57,1.00
2018.02.20 06:09:45.909,1.25804,1.25811,1.50,1.00
2018.02.20 06:09:46.443,1.25804,1.2581,1.50,1.00
2018.02.20 06:09:46.781,1.25806,1.25813,1.10,1.00
2018.02.20 06:09:47.350,1.25806,1.25812,1.20,1.00
2018.02.20 06:09:47.881,1.25806,1.25813,1.20,1.00
2018.02.20 06:09:48.209,1.25806,1.25811,1.20,1.00
2018.02.20 06:09:48.880,1.25806,1.25812,1.20,1.00
2018.02.20 06:09:49.388,1.25806,1.25811,1.00,1.00
2018.02.20 06:09:49.491,1.25806,1.25813,1.00,1.00
2018.02.20 06:09:50.082,1.25806,1.25812,1.00,1.00
2018.02.20 06:09:50.329,1.25806,1.25815,1.00,3.37
2018.02.20 06:09:50.431,1.25806,1.25813,1.10,1.00
2018.02.20 06:09:50.981,1.25806,1.25814,1.00,1.00
2018.02.20 06:09:52.436,1.25805,1.25809,1.00,1.00
2018.02.20 06:09:52.488,1.25806,1.25812,1.00,1.00
2018.02.20 06:09:52.540,1.25806,1.25815,1.00,2.25
2018.02.20 06:09:52.644,1.25806,1.25813,1.00,1.00
2018.02.20 06:09:52.970,1.25805,1.25809,1.00,1.00
2018.02.20 06:09:53.384,1.25806,1.25813,1.00,1.00
2018.02.20 06:09:53.936,1.25807,1.25813,1.00,1.00
2018.02.20 06:09:59.939,1.25807,1.25815,1.20,1.50
2018.02.20 06:09:59.991,1.2581,1.25816,1.00,1.00
2018.02.20 06:10:00.785,1.25811,1.25817,1.10,1.00
2018.02.20 06:10:01.626,1.25811,1.25818,1.95,1.00
2018.02.20 06:10:02.131,1.25813,1.25819,1.95,1.00
2018.02.20 06:10:02.792,1.25813,1.25818,1.10,1.00
2018.02.20 06:10:03.597,1.25813,1.25819,1.10,1.00
2018.02.20 06:10:06.246,1.25811,1.25818,1.95,1.00
2018.02.20 06:10:06.350,1.25811,1.25818,1.10,1.50
2018.02.20 06:10:07.220,1.25811,1.25817,1.10,1.00
2018.02.20 06:10:08.973,1.25812,1.25818,1.00,1.50
2018.02.20 06:10:09.487,1.25813,1.25819,1.00,1.00
2018.02.20 06:10:10.019,1.25813,1.2582,1.00,1.00
2018.02.20 06:10:10.176,1.25813,1.25818,1.00,1.00
2018.02.20 06:10:10.892,1.25813,1.25819,1.00,1.50
2018.02.20 06:10:11.816,1.25812,1.25818,1.10,1.00
2018.02.20 06:10:12.121,1.2581,1.25815,1.20,1.50
2018.02.20 06:10:12.173,1.25808,1.25815,3.45,1.50
2018.02.20 06:10:12.332,1.25812,1.25818,1.00,1.00
2018.02.20 06:10:12.934,1.25813,1.25818,1.10,1.00
2018.02.20 06:10:13.696,1.25813,1.25817,1.10,1.00
2018.02.20 06:10:14.678,1.25813,1.25819,1.00,1.50
2018.02.20 06:10:15.395,1.25813,1.25818,1.00,1.00
2018.02.20 06:10:16.058,1.25813,1.25817,1.00,1.00
2018.02.20 06:10:17.248,1.25813,1.25819,1.00,1.87
2018.02.20 06:10:19.404,1.25813,1.25818,1.00,1.00
2018.02.20 06:10:20.042,1.25813,1.25819,1.00,1.00
2018.02.20 06:10:24.531,1.25813,1.25818,1.00,1.00
2018.02.20 06:10:25.321,1.25813,1.25819,1.00,1.50
2018.02.20 06:10:42.868,1.25812,1.25819,1.00,1.00
2018.02.20 06:10:50.840,1.25812,1.25821,1.00,1.87
2018.02.20 06:10:51.650,1.25812,1.25819,1.10,1.00
2018.02.20 06:10:51.753,1.25812,1.25821,1.10,1.12
2018.02.20 06:10:52.119,1.25814,1.25822,1.00,1.50
2018.02.20 06:10:52.625,1.25814,1.25823,1.10,1.00
2018.02.20 06:10:56.995,1.25814,1.2582,1.10,1.00
2018.02.20 06:10:57.100,1.25814,1.25823,1.20,1.12
2018.02.20 06:10:58.159,1.25815,1.25822,1.00,1.00
2018.02.20 06:10:58.417,1.25814,1.2582,1.00,1.00
2018.02.20 06:10:58.710,1.25808,1.25816,1.95,1.50
2018.02.20 06:10:59.235,1.25808,1.25816,1.10,1.00
2018.02.20 06:11:01.647,1.2581,1.25816,1.00,1.00
2018.02.20 06:11:13.378,1.25811,1.25816,1.00,1.00
2018.02.20 06:11:13.908,1.25812,1.25816,1.00,1.00
2018.02.20 06:11:16.406,1.25809,1.25816,1.95,1.00
2018.02.20 06:11:24.762,1.25807,1.25815,1.95,1.00
2018.02.20 06:11:25.121,1.25806,1.25814,1.00,1.50
2018.02.20 06:11:25.647,1.25807,1.25814,1.00,1.00
2018.02.20 06:11:27.668,1.25808,1.25817,1.00,3.37
2018.02.20 06:11:28.169,1.25809,1.25817,1.10,1.00
2018.02.20 06:11:29.789,1.25809,1.25816,1.10,1.00
2018.02.20 06:11:30.356,1.25808,1.25817,1.00,3.00
2018.02.20 06:11:31.189,1.25808,1.25817,1.20,1.50
2018.02.20 06:11:33.031,1.25811,1.25817,1.00,1.00
2018.02.20 06:11:34.209,1.25808,1.25817,1.95,3.37
2018.02.20 06:11:34.335,1.25808,1.25815,1.10,1.00
2018.02.20 06:11:34.978,1.25807,1.25815,1.00,1.00
2018.02.20 06:11:35.496,1.25807,1.25816,1.00,2.25
2018.02.20 06:11:36.292,1.25807,1.25817,1.95,3.37
2018.02.20 06:11:40.203,1.25807,1.25817,1.20,3.37
2018.02.20 06:11:42.771,1.25807,1.25816,1.20,1.00
2018.02.20 06:11:46.093,1.25807,1.25815,1.20,1.00
2018.02.20 06:11:51.567,1.25807,1.25817,1.20,1.87
2018.02.20 06:11:58.940,1.25806,1.25812,1.95,1.00
2018.02.20 06:11:59.250,1.25804,1.25812,1.20,1.00
2018.02.20 06:11:59.734,1.25804,1.2581,1.20,1.50
2018.02.20 06:11:59.788,1.25802,1.2581,1.95,1.50
2018.02.20 06:11:59.840,1.25803,1.25812,1.10,1.12
2018.02.20 06:12:00.199,1.25805,1.25813,1.00,2.62
2018.02.20 06:12:00.710,1.25806,1.25813,1.00,1.50
2018.02.20 06:12:01.491,1.25806,1.25815,1.00,1.50
2018.02.20 06:12:01.544,1.25808,1.25815,1.00,1.00
2018.02.20 06:12:01.596,1.25806,1.25815,1.00,1.12
2018.02.20 06:12:01.754,1.25806,1.25813,1.00,1.00
2018.02.20 06:12:04.167,1.25806,1.25812,1.00,1.00
2018.02.20 06:12:04.672,1.25805,1.25812,1.10,1.00
2018.02.20 06:12:05.455,1.25805,1.25813,1.00,1.00
2018.02.20 06:12:06.092,1.25805,1.25814,1.00,1.00
2018.02.20 06:12:06.710,1.25806,1.25815,1.00,1.00
2018.02.20 06:12:07.070,1.25806,1.25813,1.20,1.00
2018.02.20 06:12:07.644,1.25807,1.25813,1.00,1.00
2018.02.20 06:12:11.645,1.25805,1.25812,1.20,1.00
2018.02.20 06:12:11.697,1.25803,1.2581,1.20,1.50
2018.02.20 06:12:12.008,1.25806,1.25812,1.00,1.50
2018.02.20 06:12:16.020,1.25807,1.25814,1.00,1.00
2018.02.20 06:12:16.073,1.25806,1.25816,1.00,3.00
2018.02.20 06:12:16.615,1.25807,1.25816,1.20,1.00
2018.02.20 06:12:17.555,1.25807,1.25815,1.00,1.12
2018.02.20 06:12:17.607,1.25807,1.25813,1.00,1.00
2018.02.20 06:12:18.579,1.25805,1.25811,1.00,1.00
2018.02.20 06:12:18.837,1.25804,1.25813,1.10,1.50
2018.02.20 06:12:19.569,1.25804,1.25812,1.10,1.00
2018.02.20 06:12:20.105,1.25804,1.25813,1.10,1.87
2018.02.20 06:12:20.627,1.25804,1.25812,1.10,1.00
2018.02.20 06:12:21.135,1.25804,1.25813,1.00,1.87
2018.02.20 06:12:23.866,1.25804,1.25811,1.10,1.00
2018.02.20 06:12:24.536,1.25804,1.25812,1.10,1.00
2018.02.20 06:12:27.394,1.25805,1.25813,1.00,1.00
2018.02.20 06:12:27.703,1.25807,1.25813,1.00,1.50
2018.02.20 06:12:28.211,1.25807,1.25811,1.00,1.00
2018.02.20 06:12:29.055,1.25807,1.25812,1.00,1.00
2018.02.20 06:12:29.823,1.25807,1.25813,1.00,1.50
2018.02.20 06:12:32.107,1.25808,1.25813,1.00,1.00
2018.02.20 06:12:43.480,1.25807,1.25813,1.00,1.00
2018.02.20 06:12:49.638,1.25806,1.25813,1.00,1.00
2018.02.20 06:12:53.848,1.25807,1.25813,1.00,1.00
2018.02.20 06:12:55.202,1.25806,1.25813,1.00,1.00
2018.02.20 06:12:55.508,1.25808,1.25813,1.00,1.00
2018.02.20 06:12:55.945,1.25806,1.25813,1.00,1.00
2018.02.20 06:12:59.273,1.25807,1.25813,1.00,1.00
2018.02.20 06:13:01.514,1.25806,1.25813,1.10,1.00
2018.02.20 06:13:10.397,1.25806,1.25812,1.00,1.00
2018.02.20 06:13:13.495,1.25806,1.25813,1.00,2.25
2018.02.20 06:13:14.074,1.25806,1.25812,1.00,1.00
2018.02.20 06:13:14.760,1.25806,1.25813,1.00,1.50
2018.02.20 06:13:15.422,1.25806,1.25812,1.00,1.00
2018.02.20 06:13:17.556,1.25806,1.25813,1.00,1.50
2018.02.20 06:13:17.995,1.25806,1.25811,1.00,1.00
2018.02.20 06:13:19.082,1.25806,1.25813,1.00,1.00
2018.02.20 06:13:19.434,1.25806,1.25811,1.00,1.00
2018.02.20 06:13:19.944,1.25806,1.25812,1.00,1.00
2018.02.20 06:13:20.451,1.25806,1.25811,1.00,1.00
2018.02.20 06:13:21.283,1.25806,1.25812,1.00,1.00
2018.02.20 06:13:22.508,1.25806,1.25813,1.00,1.00
2018.02.20 06:13:23.085,1.25806,1.25812,1.00,1.00
2018.02.20 06:13:23.672,1.25805,1.25813,1.00,1.00
2018.02.20 06:13:24.446,1.25806,1.25812,1.00,1.00
2018.02.20 06:13:26.776,1.25806,1.25813,1.00,1.00
2018.02.20 06:13:27.738,1.25805,1.25812,1.00,1.00
2018.02.20 06:13:34.832,1.25805,1.25813,1.00,1.00
2018.02.20 06:13:35.379,1.25806,1.25814,1.00,1.12
2018.02.20 06:13:35.689,1.25806,1.25812,1.10,1.00
2018.02.20 06:13:35.938,1.25806,1.25814,1.10,1.00
2018.02.20 06:13:36.547,1.25806,1.25813,1.10,1.00
2018.02.20 06:13:38.911,1.25806,1.25814,1.00,1.00
2018.02.20 06:13:39.717,1.25806,1.25813,1.00,1.00
2018.02.20 06:13:40.979,1.25806,1.25814,1.00,1.00
2018.02.20 06:13:42.313,1.25807,1.25815,1.00,1.87
2018.02.20 06:13:46.204,1.25807,1.25816,1.20,1.87
2018.02.20 06:13:53.724,1.25808,1.25815,1.00,1.87
2018.02.20 06:13:54.318,1.25808,1.25816,1.00,1.87
2018.02.20 06:13:58.800,1.25807,1.25817,1.50,1.00
2018.02.20 06:14:07.381,1.25807,1.25816,1.50,1.00
2018.02.20 06:14:08.013,1.25807,1.25817,1.50,1.50
2018.02.20 06:14:08.623,1.25807,1.25816,1.50,2.25
2018.02.20 06:14:13.566,1.25807,1.25816,1.50,2.62
2018.02.20 06:14:14.069,1.25807,1.25814,1.50,1.00
2018.02.20 06:14:15.724,1.25807,1.25815,1.57,1.12
2018.02.20 06:14:16.449,1.25807,1.25816,1.57,1.50
2018.02.20 06:14:17.154,1.25807,1.25814,1.57,1.00
2018.02.20 06:14:18.545,1.25807,1.25816,1.57,4.87
2018.02.20 06:14:19.380,1.25807,1.25816,1.57,4.87
2018.02.20 06:14:21.661,1.25807,1.25817,2.70,5.25
2018.02.20 06:14:22.009,1.25812,1.2582,1.00,1.00
2018.02.20 06:14:22.512,1.25812,1.25819,1.00,1.00
2018.02.20 06:14:24.089,1.25813,1.25819,1.00,1.00
2018.02.20 06:14:24.571,1.25813,1.25821,1.00,2.62
2018.02.20 06:14:25.424,1.25814,1.25822,1.00,2.25
2018.02.20 06:14:25.956,1.25814,1.25821,1.00,1.00
2018.02.20 06:14:29.596,1.25814,1.2582,1.00,1.00
2018.02.20 06:14:30.100,1.25813,1.2582,1.00,1.00
2018.02.20 06:14:35.462,1.25813,1.25821,1.00,1.00
2018.02.20 06:14:36.080,1.25813,1.2582,1.00,1.00
2018.02.20 06:14:37.919,1.25813,1.25822,1.00,1.87
2018.02.20 06:14:41.105,1.25813,1.25821,1.00,1.00
2018.02.20 06:14:42.145,1.25813,1.25823,1.00,2.62
2018.02.20 06:14:42.248,1.25816,1.25823,1.00,2.62
2018.02.20 06:14:42.769,1.25816,1.25824,1.00,1.37
2018.02.20 06:14:44.958,1.25816,1.25824,1.00,1.00
2018.02.20 06:14:45.691,1.25816,1.25824,1.00,3.75
2018.02.20 06:14:47.236,1.25816,1.25824,1.00,2.25
2018.02.20 06:14:49.510,1.25816,1.25824,1.00,3.75
2018.02.20 06:14:50.749,1.25816,1.25824,1.00,1.50
2018.02.20 06:14:51.354,1.25816,1.25823,1.00,1.00
2018.02.20 06:14:52.517,1.25816,1.25824,1.00,1.87
2018.02.20 06:14:53.634,1.25816,1.25823,1.00,1.00
2018.02.20 06:14:56.732,1.25816,1.25824,1.00,1.87
2018.02.20 06:14:59.542,1.25816,1.25823,1.00,1.00
2018.02.20 06:15:01.073,1.25816,1.25824,1.00,5.62
2018.02.20 06:15:06.828,1.25821,1.25825,1.50,1.50
2018.02.20 06:15:06.931,1.25821,1.25828,1.50,1.00
2018.02.20 06:15:07.855,1.2582,1.25827,1.10,1.00
2018.02.20 06:15:08.435,1.2582,1.25826,1.00,1.00
2018.02.20 06:15:09.332,1.25821,1.25828,1.00,1.00
2018.02.20 06:15:09.847,1.2582,1.25827,1.00,1.00
2018.02.20 06:15:15.214,1.2582,1.25826,1.00,1.00
2018.02.20 06:15:15.810,1.2582,1.25827,1.00,1.00
2018.02.20 06:15:18.072,1.25821,1.25828,1.00,1.50
2018.02.20 06:15:18.582,1.25821,1.25826,1.00,1.00
2018.02.20 06:15:18.947,1.25821,1.25828,1.00,1.50
2018.02.20 06:15:19.446,1.25821,1.25826,1.00,1.00
2018.02.20 06:15:22.884,1.25821,1.25827,1.00,1.00
2018.02.20 06:15:23.387,1.25821,1.25828,1.00,1.00
2018.02.20 06:15:23.949,1.25821,1.25829,1.10,1.12
2018.02.20 06:15:24.713,1.25821,1.25828,1.95,1.00
2018.02.20 06:15:25.061,1.25821,1.25826,1.10,1.00
2018.02.20 06:15:25.321,1.25821,1.25828,1.10,1.00
2018.02.20 06:15:26.597,1.25821,1.25829,1.10,2.62
2018.02.20 06:15:27.199,1.25821,1.25828,1.10,1.00
2018.02.20 06:15:29.206,1.25821,1.25829,1.00,2.62
2018.02.20 06:15:32.849,1.25821,1.25828,1.20,1.00
2018.02.20 06:15:33.423,1.25822,1.25829,1.45,1.00
2018.02.20 06:15:34.535,1.25822,1.2583,1.45,1.50
2018.02.20 06:15:35.292,1.25822,1.25829,1.45,1.00
2018.02.20 06:15:35.921,1.25822,1.2583,1.45,1.50
2018.02.20 06:15:36.564,1.25822,1.25829,1.20,1.00
2018.02.20 06:15:36.615,1.25822,1.25831,1.20,2.62
2018.02.20 06:15:36.784,1.25825,1.25831,1.10,1.12
2018.02.20 06:15:37.090,1.25829,1.25835,1.95,1.00
2018.02.20 06:15:37.594,1.25829,1.25835,1.20,1.00
2018.02.20 06:15:38.140,1.25829,1.25834,1.10,1.00
2018.02.20 06:15:38.653,1.25829,1.25835,1.10,1.00
2018.02.20 06:15:40.054,1.25829,1.25835,1.95,1.00
2018.02.20 06:15:41.021,1.25829,1.25838,1.95,1.00
2018.02.20 06:15:41.524,1.25829,1.25837,1.95,1.00
2018.02.20 06:15:42.722,1.2583,1.25836,1.45,1.00
2018.02.20 06:15:43.245,1.2583,1.25837,1.20,1.00
2018.02.20 06:15:43.841,1.2583,1.25838,1.20,1.00
2018.02.20 06:15:45.375,1.2583,1.25837,1.20,1.00
2018.02.20 06:15:46.968,1.2583,1.25837,1.45,1.00
2018.02.20 06:15:47.668,1.2583,1.25838,1.45,1.50
2018.02.20 06:15:48.619,1.2583,1.25837,1.45,1.00
2018.02.20 06:15:49.490,1.25831,1.25837,1.20,1.00
2018.02.20 06:15:49.628,1.25827,1.25832,1.10,1.87
2018.02.20 06:15:49.680,1.25826,1.25833,1.45,1.00
2018.02.20 06:15:49.784,1.25827,1.25834,1.95,1.00
2018.02.20 06:15:49.991,1.25827,1.25836,2.70,2.25
2018.02.20 06:15:50.516,1.25829,1.25835,1.95,1.00
2018.02.20 06:15:51.154,1.25829,1.25834,1.95,1.00
2018.02.20 06:15:51.695,1.25829,1.25835,1.95,1.00
2018.02.20 06:15:53.720,1.25829,1.25835,1.95,1.00
2018.02.20 06:15:54.641,1.25829,1.25834,1.95,1.00
2018.02.20 06:15:55.543,1.25829,1.25835,1.95,1.00
2018.02.20 06:15:55.848,1.25829,1.25835,1.20,1.00
2018.02.20 06:15:56.473,1.25829,1.25834,1.20,1.00
2018.02.20 06:15:58.605,1.25829,1.25835,1.95,1.00
2018.02.20 06:15:59.274,1.25829,1.25834,1.95,1.00
2018.02.20 06:15:59.801,1.25829,1.25835,1.20,1.00
2018.02.20 06:16:00.133,1.25829,1.25835,1.95,1.07
2018.02.20 06:16:00.442,1.25829,1.25837,1.95,1.00
2018.02.20 06:16:00.546,1.25831,1.25836,1.20,1.00
2018.02.20 06:16:00.650,1.25831,1.25838,1.20,1.00
2018.02.20 06:16:01.204,1.25831,1.25839,1.20,2.25
2018.02.20 06:16:02.189,1.25831,1.25839,1.20,1.50
2018.02.20 06:16:02.242,1.2583,1.25836,1.95,1.00
2018.02.20 06:16:02.761,1.25831,1.25837,1.20,1.00
2018.02.20 06:16:03.590,1.25831,1.25838,1.20,1.87
2018.02.20 06:16:04.143,1.2583,1.25838,1.95,1.12
2018.02.20 06:16:04.911,1.25831,1.25838,1.45,1.12
2018.02.20 06:16:05.852,1.25831,1.25839,1.95,1.50
2018.02.20 06:16:06.669,1.25831,1.25839,1.95,1.50
2018.02.20 06:16:06.977,1.25838,1.25845,1.00,1.00
2018.02.20 06:16:07.234,1.2584,1.25845,1.20,1.00
2018.02.20 06:16:07.286,1.25841,1.2585,1.20,4.50
2018.02.20 06:16:07.337,1.25846,1.25853,1.00,2.62
2018.02.20 06:16:07.388,1.25847,1.25853,1.45,3.00
2018.02.20 06:16:07.609,1.25843,1.25848,1.20,1.50
2018.02.20 06:16:07.814,1.25841,1.2585,1.95,1.50
2018.02.20 06:16:07.969,1.25843,1.25849,1.20,1.50
2018.02.20 06:16:09.116,1.25843,1.2585,1.20,1.00
2018.02.20 06:16:09.469,1.25845,1.25852,1.00,1.00
2018.02.20 06:16:09.522,1.25845,1.25851,1.95,1.00
2018.02.20 06:16:09.827,1.25848,1.25852,1.20,1.00
2018.02.20 06:16:09.930,1.25847,1.25854,1.45,1.12
2018.02.20 06:16:10.584,1.25848,1.25854,1.20,1.12
2018.02.20 06:16:11.007,1.25849,1.25852,1.00,1.00
2018.02.20 06:16:11.575,1.25849,1.25853,1.00,1.00
2018.02.20 06:16:12.100,1.25847,1.25854,1.57,1.12
2018.02.20 06:16:13.606,1.25847,1.25853,1.57,1.00
2018.02.20 06:16:14.171,1.25847,1.25854,1.57,1.00
2018.02.20 06:16:16.979,1.25848,1.25854,1.20,1.12
2018.02.20 06:16:18.901,1.25847,1.25854,1.45,1.50
2018.02.20 06:16:20.276,1.25845,1.25852,1.00,2.25
2018.02.20 06:16:34.703,1.25845,1.25851,1.00,1.00
2018.02.20 06:16:35.085,1.25844,1.25848,1.00,1.50
2018.02.20 06:16:35.138,1.2584,1.25847,1.10,1.00
2018.02.20 06:16:35.420,1.25837,1.25847,1.57,1.00
2018.02.20 06:16:36.256,1.25837,1.25847,1.57,1.07
2018.02.20 06:16:36.903,1.25837,1.25845,1.57,1.00
2018.02.20 06:16:37.409,1.25837,1.25844,1.00,1.10
2018.02.20 06:16:38.980,1.25837,1.25844,1.00,1.07
2018.02.20 06:16:40.152,1.25837,1.25844,1.00,1.10
2018.02.20 06:16:40.761,1.25837,1.25844,1.00,1.07
2018.02.20 06:16:41.667,1.25837,1.25844,1.00,1.10
2018.02.20 06:16:42.408,1.25837,1.25844,1.00,1.07
2018.02.20 06:16:46.750,1.25837,1.25844,1.00,1.10
2018.02.20 06:16:47.462,1.25836,1.25844,1.00,1.10
2018.02.20 06:16:48.018,1.25836,1.25844,1.00,1.07
2018.02.20 06:16:49.556,1.25835,1.25845,1.00,1.07
2018.02.20 06:16:49.766,1.2584,1.25846,1.00,1.07
2018.02.20 06:16:50.911,1.25841,1.25847,1.00,2.70
2018.02.20 06:16:58.270,1.2584,1.25846,1.00,1.95
2018.02.20 06:16:58.959,1.25841,1.25846,1.00,1.20
2018.02.20 06:16:59.670,1.2584,1.25846,1.00,1.95
2018.02.20 06:17:03.456,1.25835,1.25839,1.10,1.35
2018.02.20 06:17:03.609,1.25833,1.25838,1.50,1.87
2018.02.20 06:17:04.126,1.25833,1.25839,1.00,1.87
2018.02.20 06:17:04.677,1.25833,1.25839,1.00,1.37
2018.02.20 06:17:08.213,1.25833,1.25839,1.00,1.00
2018.02.20 06:17:09.203,1.25832,1.25836,1.00,1.00
2018.02.20 06:17:09.557,1.25833,1.25838,1.00,1.12
2018.02.20 06:17:10.114,1.25833,1.25839,1.00,1.50
2018.02.20 06:17:10.702,1.25833,1.25838,1.00,1.87
2018.02.20 06:17:11.815,1.25833,1.25839,1.00,2.25
2018.02.20 06:17:12.119,1.25828,1.25837,1.10,1.50
2018.02.20 06:17:12.172,1.25831,1.25835,1.00,1.00
2018.02.20 06:17:12.744,1.25831,1.25836,1.00,1.00
2018.02.20 06:17:13.598,1.25831,1.25835,1.00,1.00
2018.02.20 06:17:14.141,1.25831,1.25836,1.00,1.00
2018.02.20 06:17:14.245,1.25831,1.25838,1.00,1.87
2018.02.20 06:17:14.452,1.25833,1.25838,1.00,1.12
2018.02.20 06:17:14.814,1.25836,1.25842,1.00,1.04
2018.02.20 06:17:15.125,1.25837,1.25841,1.00,1.00
2018.02.20 06:17:15.836,1.25838,1.25842,1.00,1.00
2018.02.20 06:17:16.516,1.25838,1.25843,1.00,1.00
2018.02.20 06:17:17.191,1.25839,1.25843,1.00,1.00
2018.02.20 06:17:17.760,1.25839,1.25844,1.00,1.10
2018.02.20 06:17:18.327,1.25839,1.25843,1.00,1.00
2018.02.20 06:17:18.699,1.25837,1.25841,1.00,1.00
2018.02.20 06:17:18.752,1.25835,1.2584,1.50,1.00
2018.02.20 06:17:18.855,1.25834,1.2584,1.50,2.62
2018.02.20 06:17:22.818,1.25836,1.2584,1.00,4.50
2018.02.20 06:17:23.980,1.25835,1.2584,1.50,5.62
2018.02.20 06:17:24.843,1.25835,1.2584,1.00,1.50
2018.02.20 06:17:25.969,1.25836,1.2584,1.00,1.50
2018.02.20 06:17:26.021,1.25836,1.25841,1.00,1.50
2018.02.20 06:17:26.073,1.25838,1.25842,1.00,1.00
2018.02.20 06:17:26.280,1.25839,1.25843,1.00,1.00
2018.02.20 06:17:27.665,1.25838,1.25842,1.00,1.00
2018.02.20 06:17:27.864,1.25839,1.25844,1.00,1.10
2018.02.20 06:17:28.426,1.25839,1.25844,1.00,1.07
2018.02.20 06:17:29.200,1.25839,1.25844,1.00,1.10
2018.02.20 06:17:29.428,1.25836,1.25843,1.50,1.10
2018.02.20 06:17:30.006,1.25836,1.25842,1.00,1.00
2018.02.20 06:17:30.244,1.2584,1.25844,1.00,1.95
2018.02.20 06:17:31.222,1.25839,1.25843,1.00,1.00
2018.02.20 06:17:34.687,1.2584,1.25844,1.00,1.10
2018.02.20 06:17:34.998,1.25842,1.25848,1.00,1.62
2018.02.20 06:17:35.051,1.25842,1.25849,1.00,3.11
2018.02.20 06:17:35.171,1.25844,1.25848,1.00,1.00
2018.02.20 06:17:35.224,1.25845,1.25851,1.00,1.57
2018.02.20 06:17:35.277,1.25846,1.2585,1.00,1.00
2018.02.20 06:17:35.817,1.25847,1.25851,1.00,1.00
2018.02.20 06:17:36.477,1.25846,1.2585,1.00,1.00
2018.02.20 06:17:37.137,1.25847,1.25851,1.00,1.00
2018.02.20 06:17:38.516,1.25846,1.2585,1.00,1.00
2018.02.20 06:17:39.407,1.25846,1.25851,1.00,1.00
2018.02.20 06:17:44.190,1.25846,1.2585,1.00,1.00
2018.02.20 06:17:44.750,1.25846,1.25851,1.00,1.00
2018.02.20 06:17:48.230,1.25846,1.2585,1.00,1.00
2018.02.20 06:17:48.282,1.25841,1.25845,1.50,1.00
2018.02.20 06:17:48.745,1.25842,1.25849,1.00,6.67
2018.02.20 06:17:48.902,1.25844,1.2585,1.00,1.00
2018.02.20 06:17:49.114,1.25841,1.25847,1.50,1.50
2018.02.20 06:17:49.699,1.25841,1.25846,1.00,1.00
2018.02.20 06:17:50.244,1.2584,1.25844,1.00,1.00
2018.02.20 06:17:50.403,1.25841,1.25846,1.00,1.87
2018.02.20 06:17:52.195,1.25841,1.25847,1.00,3.45
2018.02.20 06:17:55.687,1.25841,1.25847,1.00,3.45
2018.02.20 06:17:57.679,1.25841,1.25847,1.00,2.70
2018.02.20 06:17:59.007,1.25843,1.25849,1.00,3.07
2018.02.20 06:17:59.323,1.25846,1.2585,1.50,1.00
2018.02.20 06:17:59.531,1.25848,1.25852,1.00,1.00
2018.02.20 06:17:59.635,1.25849,1.25855,1.00,1.95
2018.02.20 06:18:00.183,1.25849,1.25853,1.00,1.00
2018.02.20 06:18:00.337,1.25847,1.25852,1.00,1.00
2018.02.20 06:18:00.572,1.25847,1.25854,1.00,1.30
2018.02.20 06:18:00.963,1.25847,1.25852,1.00,1.00
2018.02.20 06:18:02.468,1.25847,1.25853,1.00,1.50
2018.02.20 06:18:03.060,1.25847,1.25852,1.00,1.00
2018.02.20 06:18:03.164,1.25843,1.2585,1.50,1.50
2018.02.20 06:18:03.783,1.25843,1.25849,1.00,1.00
2018.02.20 06:18:04.294,1.25843,1.2585,1.00,1.18
2018.02.20 06:18:05.342,1.25843,1.2585,1.00,1.18
2018.02.20 06:18:06.157,1.25843,1.25851,1.00,1.68
2018.02.20 06:18:06.328,1.25843,1.25851,1.00,1.68
2018.02.20 06:18:07.188,1.25843,1.25851,1.00,1.18
2018.02.20 06:18:07.240,1.25841,1.25849,1.00,1.00
2018.02.20 06:18:07.409,1.25838,1.25846,1.07,1.00
2018.02.20 06:18:07.715,1.25842,1.2585,1.00,1.12
2018.02.20 06:18:13.798,1.25841,1.25851,1.00,1.50
2018.02.20 06:18:14.367,1.2584,1.2585,1.57,1.00
2018.02.20 06:18:15.069,1.25842,1.2585,1.00,1.50
2018.02.20 06:18:27.899,1.2584,1.2585,1.00,1.00
2018.02.20 06:18:28.055,1.25842,1.25849,1.00,1.87
2018.02.20 06:18:28.838,1.25842,1.2585,1.00,1.87
2018.02.20 06:18:32.275,1.2584,1.2585,1.50,2.70
2018.02.20 06:18:32.828,1.25841,1.2585,1.00,1.12
2018.02.20 06:18:34.674,1.25841,1.2585,1.00,1.85
2018.02.20 06:18:35.687,1.25841,1.2585,1.00,1.10
2018.02.20 06:18:51.100,1.25841,1.25851,1.00,3.37
2018.02.20 06:18:53.615,1.25841,1.25846,1.00,1.12
2018.02.20 06:18:53.667,1.25838,1.25846,1.00,1.50
2018.02.20 06:18:54.302,1.25838,1.25846,1.00,1.37
2018.02.20 06:19:00.037,1.25838,1.25846,1.00,1.12
2018.02.20 06:19:00.249,1.25841,1.25848,1.00,1.20
2018.02.20 06:19:00.910,1.25841,1.2585,1.00,1.37
2018.02.20 06:19:01.808,1.25841,1.2585,1.00,1.50
2018.02.20 06:19:10.204,1.25841,1.25846,1.00,1.00
2018.02.20 06:19:10.256,1.25838,1.25846,1.00,1.87
2018.02.20 06:19:10.872,1.25837,1.25846,1.50,1.50
2018.02.20 06:19:11.420,1.25835,1.25846,1.12,4.95
2018.02.20 06:19:11.788,1.25834,1.25844,1.00,1.00
2018.02.20 06:19:12.267,1.25833,1.25841,1.10,1.00
2018.02.20 06:19:12.483,1.25831,1.25842,1.00,2.62
2018.02.20 06:19:12.962,1.25833,1.25842,1.00,1.50
2018.02.20 06:19:15.341,1.25832,1.25841,1.00,1.00
2018.02.20 06:19:15.446,1.2583,1.2584,1.00,1.10
2018.02.20 06:19:15.967,1.25829,1.25839,2.62,1.00
2018.02.20 06:19:16.661,1.2583,1.25839,1.00,1.00
2018.02.20 06:19:16.995,1.25828,1.25834,1.00,1.00
2018.02.20 06:19:17.049,1.25826,1.25833,1.10,1.00
2018.02.20 06:19:17.152,1.25824,1.25834,1.50,1.50
2018.02.20 06:19:17.768,1.25825,1.25834,1.00,1.50
2018.02.20 06:19:19.358,1.25825,1.25833,1.00,1.00
2018.02.20 06:19:20.085,1.25825,1.25834,1.00,1.00
2018.02.20 06:19:20.869,1.25825,1.25833,1.00,1.50
2018.02.20 06:19:21.561,1.25825,1.25834,1.00,1.50
2018.02.20 06:19:22.103,1.25824,1.25833,1.00,1.50
2018.02.20 06:19:22.205,1.25822,1.25833,1.00,1.57
2018.02.20 06:19:22.257,1.25824,1.25833,1.00,2.32
2018.02.20 06:19:36.800,1.25823,1.25834,1.00,2.32
2018.02.20 06:19:37.730,1.25823,1.25833,1.00,1.00
2018.02.20 06:19:39.209,1.25823,1.25834,1.00,1.10
2018.02.20 06:19:42.376,1.25824,1.25834,1.00,2.62
2018.02.20 06:19:44.198,1.25824,1.25833,1.00,1.00
2018.02.20 06:19:49.134,1.25824,1.25834,1.00,2.25
2018.02.20 06:20:01.530,1.25824,1.25833,1.00,1.00
2018.02.20 06:20:02.868,1.25824,1.25834,1.00,1.50
2018.02.20 06:20:03.235,1.25827,1.25833,1.00,1.00
2018.02.20 06:20:03.997,1.25827,1.25835,1.00,1.00
2018.02.20 06:20:04.211,1.25827,1.25833,1.00,1.00
2018.02.20 06:20:04.790,1.25827,1.25834,1.00,1.00
2018.02.20 06:20:05.296,1.25828,1.25834,1.00,1.00
2018.02.20 06:20:05.945,1.25827,1.25834,1.50,1.00
2018.02.20 06:20:06.643,1.25827,1.25835,1.50,1.00
2018.02.20 06:20:06.975,1.25826,1.25833,1.50,1.00
2018.02.20 06:20:07.637,1.25826,1.25834,1.00,1.00
2018.02.20 06:20:08.292,1.25826,1.25833,1.00,1.00
2018.02.20 06:20:09.460,1.25826,1.25834,1.00,1.00
2018.02.20 06:20:10.056,1.25826,1.25833,1.00,1.00
2018.02.20 06:20:10.565,1.25826,1.25834,1.50,1.00
2018.02.20 06:20:11.988,1.25826,1.25833,1.50,1.00
2018.02.20 06:20:12.919,1.25826,1.25834,1.50,2.25
2018.02.20 06:20:13.623,1.25826,1.25833,1.50,1.00
2018.02.20 06:20:14.261,1.25826,1.25834,2.25,1.50
2018.02.20 06:20:16.042,1.25826,1.25833,1.50,1.00
2018.02.20 06:20:16.600,1.25826,1.25834,1.50,1.00
2018.02.20 06:20:18.212,1.25826,1.25833,1.50,1.00
2018.02.20 06:20:19.179,1.25826,1.25834,1.50,1.00
2018.02.20 06:20:20.613,1.25826,1.25833,1.50,1.00
2018.02.20 06:20:21.220,1.25826,1.25834,1.50,1.00
2018.02.20 06:20:24.260,1.25826,1.25833,1.50,1.00
2018.02.20 06:20:36.244,1.25826,1.25834,1.50,1.50
2018.02.20 06:20:37.377,1.25826,1.25833,1.50,1.00
2018.02.20 06:20:37.890,1.25826,1.25834,1.00,1.00
2018.02.20 06:20:38.494,1.25826,1.25833,1.00,1.00
2018.02.20 06:20:41.725,1.25826,1.25834,1.00,1.50
2018.02.20 06:20:46.299,1.25826,1.25833,1.00,1.00
2018.02.20 06:20:46.835,1.25826,1.25834,1.00,1.00
2018.02.20 06:20:50.520,1.25826,1.25833,1.00,1.00
2018.02.20 06:20:51.127,1.25826,1.25834,1.00,1.50
2018.02.20 06:20:51.951,1.25826,1.25833,1.00,1.00
2018.02.20 06:20:52.543,1.25826,1.25834,1.00,1.00
2018.02.20 06:20:53.174,1.25826,1.25833,1.87,1.00
2018.02.20 06:20:53.768,1.25826,1.25834,1.87,1.50
2018.02.20 06:20:55.514,1.25826,1.25833,1.00,1.12
2018.02.20 06:20:55.566,1.25823,1.25832,1.00,1.87
2018.02.20 06:20:55.722,1.25821,1.2583,1.00,1.12
2018.02.20 06:20:55.827,1.25819,1.2583,1.00,1.50
2018.02.20 06:20:57.460,1.25821,1.2583,1.00,1.00
2018.02.20 06:20:57.613,1.25822,1.25832,1.00,1.10
2018.02.20 06:20:57.664,1.25822,1.25834,1.00,1.10
2018.02.20 06:21:00.729,1.25824,1.25834,1.00,1.00
2018.02.20 06:21:01.280,1.25824,1.25835,1.69,1.00
2018.02.20 06:21:34.725,1.25822,1.25828,4.39,1.00
2018.02.20 06:21:41.245,1.25822,1.25826,1.00,1.00
2018.02.20 06:21:41.860,1.25821,1.25825,1.00,1.00
2018.02.20 06:21:41.964,1.25817,1.25824,4.57,1.00
2018.02.20 06:21:42.016,1.25817,1.25824,1.95,1.00
2018.02.20 06:21:43.534,1.25818,1.25824,1.00,1.00
2018.02.20 06:21:45.412,1.25817,1.25824,1.50,1.00
2018.02.20 06:21:45.987,1.25817,1.25823,1.50,1.00
2018.02.20 06:21:46.458,1.25819,1.25824,1.00,1.00
2018.02.20 06:21:46.794,1.25817,1.25824,1.00,1.00
2018.02.20 06:21:46.998,1.25816,1.25822,2.32,1.00
2018.02.20 06:21:47.612,1.25816,1.25821,1.20,1.00
2018.02.20 06:21:48.743,1.25817,1.25822,1.25,1.00
2018.02.20 06:21:50.016,1.25816,1.25822,2.25,1.00
2018.02.20 06:21:59.441,1.25813,1.25819,2.32,1.00
2018.02.20 06:21:59.649,1.25812,1.25817,4.01,1.00
2018.02.20 06:22:02.135,1.25811,1.25816,1.10,1.00
2018.02.20 06:22:02.343,1.25809,1.25814,1.95,1.00
2018.02.20 06:22:05.015,1.25808,1.25814,2.32,1.00
2018.02.20 06:22:05.516,1.25806,1.25813,1.20,1.00
2018.02.20 06:22:06.174,1.25808,1.25813,1.00,1.00
2018.02.20 06:22:08.775,1.25805,1.25811,1.10,1.00
2018.02.20 06:22:09.525,1.25804,1.2581,4.01,1.00
2018.02.20 06:22:10.908,1.25805,1.2581,2.89,1.00
2018.02.20 06:22:11.011,1.25804,1.2581,5.14,1.00
2018.02.20 06:22:11.542,1.25806,1.25811,1.00,1.00
2018.02.20 06:22:17.213,1.25804,1.2581,1.01,1.00
2018.02.20 06:22:17.900,1.25806,1.2581,1.00,1.00
2018.02.20 06:22:18.419,1.25806,1.25811,1.76,1.00
2018.02.20 06:22:18.738,1.25808,1.25813,2.25,1.50
2018.02.20 06:22:18.893,1.25805,1.25812,8.70,1.00
2018.02.20 06:22:19.445,1.25806,1.25812,1.50,1.00
2018.02.20 06:22:20.383,1.25806,1.25811,3.00,1.00
2018.02.20 06:22:20.435,1.25804,1.25811,8.51,1.00
2018.02.20 06:22:21.275,1.25803,1.25808,2.70,1.00
2018.02.20 06:22:21.379,1.25802,1.25808,1.50,1.00
2018.02.20 06:22:21.898,1.25802,1.25807,1.00,1.00
2018.02.20 06:22:22.440,1.25803,1.25809,1.29,1.00
2018.02.20 06:22:23.866,1.25805,1.25809,1.00,1.00
2018.02.20 06:22:24.328,1.25803,1.25808,3.07,1.00
2018.02.20 06:22:24.600,1.25801,1.25808,1.95,1.00
2018.02.20 06:22:25.802,1.25801,1.25808,3.45,1.00
2018.02.20 06:22:25.855,1.258,1.25807,1.57,1.00
2018.02.20 06:22:26.161,1.25802,1.25808,2.25,1.00
2018.02.20 06:22:26.488,1.25804,1.25809,3.00,1.00
2018.02.20 06:22:27.536,1.25803,1.25808,1.10,1.00
2018.02.20 06:22:27.679,1.258,1.25807,3.64,1.00
2018.02.20 06:22:28.240,1.258,1.25806,1.57,1.00
2018.02.20 06:22:29.072,1.25801,1.25806,1.00,1.00
2018.02.20 06:22:29.689,1.25802,1.25806,1.00,1.00
2018.02.20 06:22:30.670,1.25801,1.25806,1.62,1.00
2018.02.20 06:22:31.612,1.25802,1.25806,1.50,1.00
2018.02.20 06:22:32.146,1.25803,1.25808,3.19,1.00
2018.02.20 06:22:32.661,1.25802,1.25808,1.00,1.00
2018.02.20 06:22:33.321,1.25802,1.25808,2.14,1.00
2018.02.20 06:22:47.558,1.25801,1.25807,1.69,1.00
2018.02.20 06:22:48.087,1.25801,1.25807,1.62,1.00
2018.02.20 06:22:48.990,1.258,1.25806,2.44,1.00
2018.02.20 06:22:49.499,1.258,1.25806,2.44,1.00
2018.02.20 06:22:50.139,1.25801,1.25807,2.44,1.00
2018.02.20 06:22:50.822,1.258,1.25806,4.69,1.00
2018.02.20 06:22:52.466,1.25802,1.25807,1.00,1.00
2018.02.20 06:22:52.996,1.25801,1.25807,2.44,1.00
2018.02.20 06:22:53.498,1.25801,1.25807,1.69,1.00
2018.02.20 06:22:54.119,1.25801,1.25807,1.26,1.00
2018.02.20 06:22:54.564,1.25803,1.25807,1.50,1.00
2018.02.20 06:22:55.159,1.25803,1.25808,1.00,1.00
2018.02.20 06:22:55.713,1.25803,1.25809,3.64,1.00
2018.02.20 06:22:56.390,1.25805,1.2581,1.62,1.00
2018.02.20 06:22:57.950,1.25805,1.2581,1.62,1.00
2018.02.20 06:22:58.493,1.25805,1.25809,1.00,1.00
2018.02.20 06:22:59.035,1.25805,1.2581,1.12,1.00
2018.02.20 06:22:59.552,1.25805,1.25809,1.16,1.00
2018.02.20 06:23:02.461,1.25805,1.2581,1.12,1.00
2018.02.20 06:23:03.911,1.25805,1.25809,1.16,1.00
2018.02.20 06:23:05.437,1.25802,1.25807,1.16,1.00
2018.02.20 06:23:05.945,1.25802,1.25807,1.62,1.00
2018.02.20 06:23:06.713,1.25802,1.25806,1.16,1.00
2018.02.20 06:23:08.311,1.258,1.25807,1.24,1.00
2018.02.20 06:23:09.067,1.258,1.25806,1.24,1.00
2018.02.20 06:23:11.076,1.258,1.25806,1.24,1.00
2018.02.20 06:23:11.621,1.258,1.25806,1.16,1.00
2018.02.20 06:23:12.089,1.258,1.25807,1.62,1.00
2018.02.20 06:23:13.565,1.25802,1.25807,1.50,1.00
2018.02.20 06:23:13.772,1.25802,1.25808,1.81,1.00
2018.02.20 06:23:14.112,1.25804,1.25809,1.12,1.00
2018.02.20 06:23:14.651,1.25803,1.2581,3.31,1.00
2018.02.20 06:23:15.630,1.25804,1.25809,1.12,1.00
2018.02.20 06:23:16.152,1.25803,1.25809,1.12,1.00
2018.02.20 06:23:16.668,1.25802,1.25807,1.00,1.00
2018.02.20 06:23:17.797,1.25802,1.25807,1.16,1.00
2018.02.20 06:23:18.452,1.25802,1.25807,1.12,1.00
2018.02.20 06:23:19.135,1.25802,1.25807,1.62,1.00
2018.02.20 06:23:21.018,1.25804,1.25808,1.00,1.00
2018.02.20 06:23:21.327,1.25804,1.2581,1.16,1.00
2018.02.20 06:23:21.679,1.25804,1.2581,1.97,1.00
2018.02.20 06:23:22.292,1.25805,1.25811,1.12,1.00
2018.02.20 06:23:23.840,1.25804,1.2581,1.88,1.00
2018.02.20 06:23:24.349,1.25804,1.2581,1.88,1.00
2018.02.20 06:23:25.250,1.25804,1.2581,1.88,1.00
2018.02.20 06:23:25.669,1.25804,1.2581,1.88,1.00
2018.02.20 06:23:26.114,1.25802,1.25808,1.29,1.00
2018.02.20 06:23:26.320,1.25804,1.25811,1.00,3.37
2018.02.20 06:23:26.373,1.25798,1.25803,1.12,1.00
2018.02.20 06:23:26.426,1.25797,1.25802,1.00,1.00
2018.02.20 06:23:26.478,1.25799,1.25803,1.00,1.00
2018.02.20 06:23:26.632,1.25798,1.25803,3.00,1.00
2018.02.20 06:23:26.890,1.25799,1.25803,1.00,1.00
2018.02.20 06:23:26.942,1.25798,1.25803,3.00,1.00
2018.02.20 06:23:27.539,1.25799,1.25803,1.00,1.00
2018.02.20 06:23:29.336,1.258,1.25804,1.00,1.00
2018.02.20 06:23:30.230,1.258,1.25805,1.00,1.00
2018.02.20 06:23:35.623,1.25798,1.25804,1.05,1.00
2018.02.20 06:23:35.727,1.25796,1.25801,1.10,1.00
2018.02.20 06:23:36.241,1.25798,1.25802,1.00,1.00
2018.02.20 06:23:36.345,1.258,1.25807,2.18,1.00
2018.02.20 06:23:36.450,1.25801,1.25805,1.00,1.00
2018.02.20 06:23:36.778,1.25797,1.25803,1.12,1.00
2018.02.20 06:23:36.831,1.25796,1.258,1.00,1.00
2018.02.20 06:23:36.884,1.25797,1.25803,1.12,1.00
2018.02.20 06:23:36.936,1.25797,1.25801,1.50,1.00
2018.02.20 06:23:37.091,1.25797,1.25803,1.12,1.00
2018.02.20 06:23:37.336,1.25796,1.258,1.00,1.00
2018.02.20 06:23:38.227,1.25797,1.25803,1.12,1.00
2018.02.20 06:23:38.921,1.25796,1.258,1.00,1.00
2018.02.20 06:23:39.075,1.25794,1.25799,1.00,1.00
2018.02.20 06:23:42.113,1.25791,1.25797,1.25,1.00
2018.02.20 06:23:42.165,1.25795,1.25799,1.00,1.00
2018.02.20 06:23:42.268,1.25795,1.25803,1.00,1.00
2018.02.20 06:23:42.320,1.25795,1.25801,1.00,1.12
2018.02.20 06:23:43.130,1.25795,1.25802,1.00,1.12
2018.02.20 06:23:43.521,1.25789,1.25794,4.50,1.00
2018.02.20 06:23:43.625,1.25788,1.25792,1.00,1.00
2018.02.20 06:23:44.171,1.25788,1.25793,1.00,1.00
2018.02.20 06:23:44.816,1.25788,1.25792,1.00,1.00
2018.02.20 06:23:45.457,1.25787,1.25792,1.50,1.00
2018.02.20 06:23:45.820,1.25785,1.2579,1.00,1.00
2018.02.20 06:23:47.104,1.25786,1.25792,1.50,1.00
2018.02.20 06:23:47.156,1.25787,1.25798,2.25,2.70
2018.02.20 06:23:47.258,1.25789,1.25801,1.00,1.95
2018.02.20 06:23:47.310,1.25789,1.25801,1.87,1.10
2018.02.20 06:23:47.361,1.25793,1.25802,1.00,2.32
2018.02.20 06:23:47.412,1.2579,1.258,1.50,1.00
2018.02.20 06:23:50.928,1.25794,1.25801,1.00,1.00
2018.02.20 06:23:50.981,1.25794,1.25803,2.25,1.10
2018.02.20 06:23:51.038,1.25795,1.25805,3.00,1.10
2018.02.20 06:23:51.675,1.25794,1.25806,1.69,1.00
2018.02.20 06:23:52.568,1.25794,1.25804,1.50,1.00
2018.02.20 06:23:54.790,1.25794,1.25803,2.25,1.00
2018.02.20 06:23:54.909,1.25792,1.25803,1.00,1.00
2018.02.20 06:23:55.929,1.25792,1.25804,3.26,1.20
2018.02.20 06:23:56.547,1.25793,1.25805,1.31,1.87
2018.02.20 06:23:57.849,1.25793,1.25802,1.00,1.00
2018.02.20 06:23:58.077,1.2579,1.25801,2.14,1.00
2018.02.20 06:24:00.104,1.25791,1.25801,1.00,1.00
2018.02.20 06:24:00.156,1.25796,1.25802,1.00,1.00
2018.02.20 06:24:00.261,1.25793,1.25802,3.00,1.00
2018.02.20 06:24:00.417,1.25794,1.25805,1.00,1.10
2018.02.20 06:24:23.262,1.25794,1.25804,1.00,1.00
2018.02.20 06:24:27.936,1.25795,1.25804,1.00,1.00
2018.02.20 06:24:28.088,1.25795,1.25806,1.00,1.10
2018.02.20 06:24:28.630,1.25796,1.25806,1.00,1.10
2018.02.20 06:24:29.339,1.25795,1.25806,1.00,1.10
2018.02.20 06:24:29.951,1.25796,1.25806,1.00,1.10
2018.02.20 06:24:30.428,1.25794,1.25806,2.51,1.10
2018.02.20 06:24:30.942,1.25795,1.25805,1.00,1.00
2018.02.20 06:24:31.482,1.25793,1.25803,1.50,1.00
2018.02.20 06:24:32.023,1.25792,1.25802,1.50,1.10
2018.02.20 06:24:34.858,1.25794,1.25804,1.00,1.42
2018.02.20 06:24:35.472,1.25794,1.25804,1.50,1.00
2018.02.20 06:24:39.979,1.25793,1.25802,1.00,1.00
2018.02.20 06:24:40.182,1.25789,1.25799,1.87,1.00
2018.02.20 06:24:40.339,1.25791,1.25801,1.00,1.50
2018.02.20 06:24:42.218,1.25792,1.25801,1.00,1.10
2018.02.20 06:24:42.475,1.25793,1.25803,1.25,1.10
2018.02.20 06:24:42.752,1.25795,1.25805,1.50,1.10
2018.02.20 06:24:43.575,1.25795,1.25805,1.50,1.57
2018.02.20 06:24:49.065,1.25795,1.25805,1.50,1.57
2018.02.20 06:24:49.376,1.25793,1.25802,1.00,2.32
2018.02.20 06:24:49.928,1.25792,1.25802,1.00,1.20
2018.02.20 06:24:50.422,1.25795,1.25805,1.00,4.57
2018.02.20 06:24:50.923,1.25795,1.25805,1.00,1.45
2018.02.20 06:24:55.589,1.25795,1.25804,1.00,1.20
2018.02.20 06:24:56.101,1.25794,1.25804,1.50,1.20
2018.02.20 06:24:59.283,1.25794,1.25804,1.00,1.12
2018.02.20 06:24:59.810,1.25794,1.25804,1.00,1.45
2018.02.20 06:25:07.993,1.25794,1.25803,1.00,1.57
2018.02.20 06:25:08.308,1.25792,1.25802,1.50,2.32
2018.02.20 06:25:09.321,1.25792,1.25802,1.50,2.32
2018.02.20 06:25:09.953,1.25792,1.25802,1.50,1.10
2018.02.20 06:25:10.264,1.25795,1.25804,1.00,1.07
2018.02.20 06:25:10.958,1.25795,1.25804,1.00,1.10
2018.02.20 06:25:12.062,1.25794,1.25804,1.00,1.45
2018.02.20 06:25:12.805,1.25794,1.25804,1.00,1.10
2018.02.20 06:25:29.314,1.25794,1.25805,1.00,3.45
2018.02.20 06:25:29.855,1.25793,1.25804,1.00,4.20
2018.02.20 06:25:30.411,1.25792,1.25803,1.87,3.07
2018.02.20 06:25:30.736,1.25792,1.25802,1.00,1.95
2018.02.20 06:25:31.429,1.25792,1.25802,1.00,2.32
2018.02.20 06:25:32.031,1.25792,1.25803,1.50,3.07
2018.02.20 06:25:32.602,1.25792,1.25803,1.50,1.20
2018.02.20 06:25:38.930,1.25792,1.25803,1.50,1.47
2018.02.20 06:25:40.681,1.25792,1.25803,2.44,4.20
2018.02.20 06:25:40.982,1.25794,1.25803,1.00,3.07
2018.02.20 06:25:41.464,1.25792,1.25802,1.50,2.32
2018.02.20 06:25:41.619,1.25789,1.25798,1.50,1.12
2018.02.20 06:25:42.178,1.25789,1.25798,1.50,1.95
2018.02.20 06:25:44.691,1.25791,1.25801,1.00,4.95
2018.02.20 06:25:45.205,1.2579,1.258,1.69,1.20
2018.02.20 06:25:49.202,1.25792,1.25801,2.25,1.07
2018.02.20 06:25:49.305,1.25792,1.25802,1.00,1.57
2018.02.20 06:25:49.843,1.25792,1.25801,1.00,2.32
2018.02.20 06:25:52.182,1.25792,1.25801,1.37,1.10
2018.02.20 06:25:53.013,1.25792,1.25801,1.00,1.10
2018.02.20 06:25:53.685,1.25792,1.25801,1.00,1.07
2018.02.20 06:25:59.816,1.25792,1.25801,1.00,1.10
2018.02.20 06:26:10.392,1.25791,1.25803,7.69,1.57
2018.02.20 06:26:10.444,1.25795,1.25804,1.50,1.07
2018.02.20 06:26:10.703,1.25798,1.25808,2.44,1.07
2018.02.20 06:26:10.863,1.258,1.25808,1.00,1.00
2018.02.20 06:26:11.818,1.25798,1.25809,3.75,1.50
2018.02.20 06:26:15.513,1.25798,1.25808,1.50,1.20
2018.02.20 06:26:16.380,1.25798,1.25808,1.50,1.10
2018.02.20 06:26:17.236,1.25799,1.25808,1.00,1.20
2018.02.20 06:26:20.041,1.25798,1.25808,1.50,1.20
2018.02.20 06:26:20.160,1.258,1.2581,1.00,3.82
2018.02.20 06:26:20.668,1.258,1.2581,1.50,1.45
2018.02.20 06:26:23.576,1.25797,1.25808,3.00,1.12
2018.02.20 06:26:24.110,1.25798,1.25809,1.00,4.20
2018.02.20 06:26:26.355,1.25799,1.25809,1.50,1.57
2018.02.20 06:26:26.460,1.258,1.25811,1.25,1.10
2018.02.20 06:26:27.005,1.258,1.25812,1.25,4.95
2018.02.20 06:26:32.837,1.25801,1.25812,1.50,2.32
2018.02.20 06:26:32.888,1.25806,1.25812,1.00,1.45
2018.02.20 06:26:32.991,1.25804,1.25813,3.00,1.07
2018.02.20 06:26:33.196,1.25803,1.25814,1.87,1.10
2018.02.20 06:26:33.738,1.25802,1.25813,1.00,1.10
2018.02.20 06:26:35.056,1.25801,1.25813,1.25,2.32
2018.02.20 06:26:37.285,1.258,1.25809,1.00,1.00
2018.02.20 06:26:37.338,1.25798,1.25809,1.10,3.75
2018.02.20 06:26:37.391,1.25798,1.25807,1.00,1.12
2018.02.20 06:26:37.719,1.25802,1.25811,1.00,1.00
2018.02.20 06:26:42.928,1.25802,1.25812,1.00,1.57
2018.02.20 06:26:47.061,1.258,1.25809,1.00,1.00
2018.02.20 06:26:47.164,1.25797,1.25808,1.50,1.20
2018.02.20 06:26:56.521,1.25799,1.25811,1.87,3.82
2018.02.20 06:26:56.574,1.25801,1.25812,1.00,2.32
2018.02.20 06:26:57.150,1.25801,1.25812,1.00,1.12
2018.02.20 06:26:57.832,1.25801,1.25813,1.25,1.95
2018.02.20 06:26:57.936,1.25803,1.25813,1.25,1.07
2018.02.20 06:26:58.476,1.25802,1.25812,1.00,1.57
2018.02.20 06:26:59.011,1.25802,1.25812,1.25,1.00
2018.02.20 06:26:59.562,1.25804,1.25813,1.00,1.10
2018.02.20 06:27:01.079,1.25801,1.25812,1.50,1.50
2018.02.20 06:27:01.182,1.25803,1.25815,2.44,4.01
2018.02.20 06:27:01.234,1.25803,1.25815,1.69,3.26
2018.02.20 06:27:01.337,1.25803,1.25814,1.50,1.07
2018.02.20 06:27:06.187,1.25803,1.25814,1.00,1.12
2018.02.20 06:27:08.149,1.25802,1.25813,1.12,3.82
2018.02.20 06:27:10.468,1.258,1.25812,1.50,1.20
2018.02.20 06:27:14.335,1.258,1.25811,1.00,1.00
2018.02.20 06:27:14.850,1.25799,1.25811,1.50,3.82
2018.02.20 06:27:14.955,1.25801,1.25812,1.25,1.57
2018.02.20 06:27:17.409,1.25802,1.25812,1.00,1.95
2018.02.20 06:27:18.096,1.25803,1.25813,1.00,1.50
2018.02.20 06:27:20.190,1.25802,1.25813,1.00,2.32
2018.02.20 06:27:20.723,1.25802,1.25813,2.62,1.10
2018.02.20 06:27:31.022,1.25803,1.25813,1.00,1.10
2018.02.20 06:27:31.545,1.25804,1.25816,2.25,1.20
2018.02.20 06:27:31.597,1.25804,1.25816,2.25,1.10
2018.02.20 06:27:32.242,1.25804,1.25815,1.00,1.00
2018.02.20 06:27:32.738,1.25807,1.25816,1.00,1.10
2018.02.20 06:27:32.841,1.25808,1.25819,1.25,1.00
2018.02.20 06:27:33.352,1.25807,1.25818,1.87,1.10
2018.02.20 06:27:34.123,1.25807,1.25817,1.00,1.10
2018.02.20 06:27:39.829,1.25806,1.25815,1.00,1.00
2018.02.20 06:27:40.540,1.25805,1.25815,1.50,1.12
2018.02.20 06:27:41.148,1.25804,1.25814,1.00,1.10
2018.02.20 06:27:41.625,1.25805,1.25816,1.00,1.57
2018.02.20 06:27:43.881,1.25805,1.25815,1.00,1.00
2018.02.20 06:27:47.504,1.25805,1.25816,1.25,1.57
2018.02.20 06:27:51.786,1.25805,1.25815,1.00,1.00
2018.02.20 06:27:56.864,1.25805,1.25815,1.00,1.20
2018.02.20 06:27:57.042,1.25806,1.25816,1.00,1.10
2018.02.20 06:27:57.762,1.25806,1.25817,1.69,1.57
2018.02.20 06:27:57.815,1.25807,1.25817,1.19,1.10
2018.02.20 06:27:57.919,1.25808,1.25819,1.00,2.32
2018.02.20 06:27:58.235,1.25808,1.25817,1.00,1.00
2018.02.20 06:27:59.478,1.25808,1.25816,1.00,1.00
2018.02.20 06:28:00.009,1.25806,1.25816,1.31,1.10
2018.02.20 06:28:00.546,1.25805,1.25817,1.69,1.07
2018.02.20 06:28:01.448,1.25805,1.25817,2.06,1.07
2018.02.20 06:28:01.961,1.25805,1.25815,1.87,1.00
2018.02.20 06:28:03.411,1.25807,1.25815,1.00,1.12
2018.02.20 06:28:03.515,1.25805,1.25816,1.69,1.87
2018.02.20 06:28:03.567,1.25805,1.25818,3.94,3.07
2018.02.20 06:28:03.618,1.25807,1.25818,1.25,1.57
2018.02.20 06:28:04.389,1.25808,1.25818,1.00,1.57
2018.02.20 06:28:05.643,1.25807,1.25818,1.00,1.57
2018.02.20 06:28:05.993,1.25805,1.25816,1.12,1.00
2018.02.20 06:28:07.114,1.25806,1.25816,1.00,1.10
2018.02.20 06:28:07.404,1.25807,1.25818,1.50,2.32
2018.02.20 06:28:07.938,1.25807,1.25817,1.00,1.00
2018.02.20 06:28:08.895,1.25806,1.25816,1.00,1.00
2018.02.20 06:28:10.560,1.25805,1.25816,1.50,1.00
2018.02.20 06:28:20.376,1.25807,1.25816,1.00,1.00
2018.02.20 06:28:20.480,1.25805,1.25816,2.06,1.00
2018.02.20 06:28:20.696,1.25808,1.25816,1.00,1.10
2018.02.20 06:28:22.640,1.25805,1.25817,2.06,1.20
2018.02.20 06:28:22.848,1.25804,1.25815,1.50,3.07
2018.02.20 06:28:23.561,1.25805,1.25815,1.25,1.20
2018.02.20 06:28:24.921,1.25805,1.25814,1.00,1.00
2018.02.20 06:28:26.195,1.25804,1.25814,3.19,1.00
2018.02.20 06:28:26.349,1.25805,1.25818,3.94,3.82
2018.02.20 06:28:26.900,1.25805,1.25818,3.94,1.57
2018.02.20 06:28:28.516,1.25805,1.25818,3.19,2.51
2018.02.20 06:28:31.386,1.25805,1.25818,3.19,1.57
2018.02.20 06:28:31.951,1.25807,1.25818,1.00,1.57
2018.02.20 06:28:36.469,1.25808,1.25818,1.25,1.10
2018.02.20 06:28:36.574,1.25808,1.2582,1.00,3.82
2018.02.20 06:28:37.099,1.25807,1.2582,3.26,3.82
2018.02.20 06:28:37.845,1.25808,1.2582,1.00,4.76
2018.02.20 06:28:38.498,1.25809,1.25819,1.00,1.00
2018.02.20 06:28:41.024,1.25808,1.2582,1.00,1.00
2018.02.20 06:28:43.974,1.25805,1.25817,1.95,3.37
2018.02.20 06:28:44.077,1.25805,1.25815,1.50,1.50
2018.02.20 06:28:44.446,1.25805,1.25817,1.95,1.20
2018.02.20 06:28:46.336,1.25812,1.25822,1.50,1.20
2018.02.20 06:28:46.491,1.25816,1.25827,2.98,1.01
2018.02.20 06:28:46.543,1.2582,1.25831,1.00,2.32
2018.02.20 06:28:46.596,1.25818,1.25831,2.70,2.32
2018.02.20 06:28:46.649,1.2582,1.25831,1.12,1.12
2018.02.20 06:28:46.960,1.25825,1.25836,1.57,1.00
2018.02.20 06:28:47.797,1.25825,1.25836,1.00,1.95
2018.02.20 06:28:48.304,1.25825,1.25836,1.00,1.20
2018.02.20 06:28:48.855,1.25825,1.25836,1.00,2.81
2018.02.20 06:28:49.410,1.25825,1.25836,1.00,2.06
2018.02.20 06:28:49.985,1.2582,1.25829,1.00,1.12
2018.02.20 06:28:50.038,1.25816,1.25828,1.20,1.00
2018.02.20 06:28:50.090,1.25816,1.25826,1.57,1.00
2018.02.20 06:28:50.781,1.25816,1.25827,1.00,1.00
2018.02.20 06:28:52.392,1.25818,1.25828,1.00,1.00
2018.02.20 06:28:53.391,1.25817,1.25828,1.00,1.10
2018.02.20 06:28:53.738,1.25817,1.25826,1.00,1.00
2018.02.20 06:28:54.629,1.25816,1.25826,1.76,1.00
2018.02.20 06:28:58.602,1.25815,1.25826,2.51,1.00
2018.02.20 06:29:02.531,1.25817,1.25827,1.19,1.00
2018.02.20 06:29:03.033,1.25817,1.25827,1.69,1.00
2018.02.20 06:29:04.044,1.25817,1.25827,1.69,1.00
2018.02.20 06:29:04.570,1.25817,1.25827,1.50,1.00
2018.02.20 06:29:04.874,1.25821,1.25828,1.00,1.00
2018.02.20 06:29:05.414,1.2582,1.25828,1.00,1.00
2018.02.20 06:29:06.073,1.25819,1.25828,1.69,1.00
2018.02.20 06:29:10.623,1.25819,1.25828,1.19,1.00
2018.02.20 06:29:11.128,1.25818,1.25828,1.50,1.00
2018.02.20 06:29:11.711,1.25819,1.25828,1.00,1.00
2018.02.20 06:29:14.062,1.2582,1.25828,1.00,1.00
2018.02.20 06:29:14.550,1.25818,1.25828,2.44,1.00
2018.02.20 06:29:17.536,1.25819,1.25828,1.00,1.50
2018.02.20 06:29:17.640,1.25815,1.25824,6.45,1.00
2018.02.20 06:29:21.993,1.25816,1.25824,1.25,1.00
2018.02.20 06:29:22.637,1.25815,1.25824,2.25,1.50
2018.02.20 06:29:23.837,1.25814,1.25824,2.06,1.50
2018.02.20 06:29:24.187,1.25816,1.25824,1.12,1.50
2018.02.20 06:29:24.689,1.25817,1.25824,1.00,1.50
2018.02.20 06:29:31.882,1.25816,1.25824,1.00,1.00
2018.02.20 06:29:37.815,1.25816,1.25821,1.00,1.00
2018.02.20 06:29:39.774,1.25817,1.25821,1.00,1.00
2018.02.20 06:29:41.381,1.25814,1.25823,2.25,1.00
2018.02.20 06:29:41.433,1.25814,1.25821,1.00,1.50
2018.02.20 06:29:41.540,1.25812,1.2582,1.00,1.00
2018.02.20 06:29:42.162,1.25813,1.2582,1.00,1.00
2018.02.20 06:29:42.695,1.25812,1.25818,1.00,1.00
2018.02.20 06:29:43.450,1.25811,1.25818,1.69,1.00
2018.02.20 06:29:44.058,1.25811,1.25818,1.69,1.00
2018.02.20 06:29:45.551,1.25811,1.25818,1.50,1.00
2018.02.20 06:29:46.157,1.25812,1.25818,1.00,1.00
2018.02.20 06:29:50.444,1.25813,1.25818,1.00,1.00
2018.02.20 06:29:50.981,1.25812,1.25818,1.00,1.00
2018.02.20 06:29:51.396,1.25813,1.25821,1.00,1.50
2018.02.20 06:29:51.916,1.25812,1.25821,1.25,2.25
2018.02.20 06:29:54.457,1.25812,1.25818,1.00,1.00
2018.02.20 06:29:55.098,1.25811,1.25818,1.01,1.00
2018.02.20 06:29:56.561,1.2581,1.25818,1.12,1.00
2018.02.20 06:29:57.093,1.2581,1.25817,1.12,1.00
2018.02.20 06:29:58.332,1.25811,1.25817,1.00,1.00
2018.02.20 06:29:59.128,1.25812,1.25817,1.50,1.00
2018.02.20 06:29:59.637,1.25811,1.25817,1.25,1.00
2018.02.20 06:30:00.430,1.25809,1.25817,3.64,1.00
2018.02.20 06:30:00.635,1.25811,1.25817,1.50,1.00
2018.02.20 06:30:01.278,1.25812,1.25817,1.00,1.00
2018.02.20 06:30:02.090,1.25811,1.25817,1.50,1.00
2018.02.20 06:30:02.245,1.25809,1.25817,2.70,1.00
2018.02.20 06:30:02.350,1.25809,1.25815,1.00,1.00
2018.02.20 06:30:02.402,1.25806,1.25817,3.07,1.50
2018.02.20 06:30:02.901,1.25807,1.25815,2.25,1.50
2018.02.20 06:30:03.004,1.25805,1.25813,1.20,1.50
2018.02.20 06:30:03.057,1.25804,1.25811,1.00,1.00
2018.02.20 06:30:03.417,1.25801,1.2581,3.19,1.00
2018.02.20 06:30:03.928,1.25802,1.2581,1.25,1.00
2018.02.20 06:30:04.839,1.25803,1.2581,1.00,1.00
2018.02.20 06:30:05.439,1.25803,1.2581,1.69,1.00
2018.02.20 06:30:05.957,1.2581,1.25814,1.00,1.00
2018.02.20 06:30:06.061,1.2581,1.25816,1.00,1.00
2018.02.20 06:30:06.600,1.25809,1.25816,1.10,1.00
2018.02.20 06:30:09.715,1.25811,1.25817,1.50,1.00
2018.02.20 06:30:09.768,1.2581,1.25816,3.37,1.00
2018.02.20 06:30:10.311,1.25808,1.25816,1.20,1.00
2018.02.20 06:30:10.465,1.25806,1.25814,1.07,1.00
2018.02.20 06:30:10.967,1.25803,1.2581,1.39,1.00
2018.02.20 06:30:11.020,1.25802,1.25809,1.69,1.00
2018.02.20 06:30:11.723,1.25803,1.25811,1.00,1.00
2018.02.20 06:30:12.259,1.25802,1.25811,1.69,1.00
2018.02.20 06:30:12.516,1.25805,1.25811,1.00,1.00
2018.02.20 06:30:13.035,1.25804,1.25811,1.00,1.00
2018.02.20 06:30:13.758,1.25805,1.25811,1.00,1.00
2018.02.20 06:30:14.312,1.25804,1.25811,1.25,1.00
2018.02.20 06:30:16.427,1.25803,1.25811,1.50,1.00
2018.02.20 06:30:17.011,1.25804,1.25811,1.00,1.00
2018.02.20 06:30:20.113,1.25803,1.25811,1.76,1.00
2018.02.20 06:30:20.433,1.25807,1.25813,1.00,1.00
2018.02.20 06:30:20.537,1.25805,1.25813,1.69,1.00
2018.02.20 06:30:21.559,1.25805,1.25813,1.69,1.00
2018.02.20 06:30:21.934,1.25805,1.25813,1.25,1.00
2018.02.20 06:30:23.483,1.25804,1.25813,1.69,1.00
2018.02.20 06:30:23.638,1.25805,1.25812,1.19,1.00
2018.02.20 06:30:25.081,1.25805,1.25812,1.25,1.00
2018.02.20 06:30:30.395,1.25804,1.25812,1.25,1.00
2018.02.20 06:30:35.964,1.25804,1.25812,1.19,1.00
2018.02.20 06:30:36.513,1.25804,1.25812,1.25,1.00
2018.02.20 06:30:38.294,1.25804,1.25812,1.29,1.00
2018.02.20 06:30:38.635,1.25804,1.25812,1.69,1.00
2018.02.20 06:30:39.149,1.25804,1.25812,1.69,1.00
2018.02.20 06:30:39.816,1.25804,1.25812,1.69,1.00
2018.02.20 06:30:43.664,1.25804,1.2581,1.00,1.00
2018.02.20 06:30:44.207,1.25803,1.25809,1.00,1.00
2018.02.20 06:30:45.250,1.25802,1.25809,1.25,1.00
2018.02.20 06:30:45.756,1.25803,1.25809,1.00,1.00
2018.02.20 06:30:48.518,1.25805,1.25809,1.00,1.00
2018.02.20 06:30:49.874,1.25804,1.25809,1.50,1.00
2018.02.20 06:30:50.383,1.25805,1.25809,1.00,1.00
2018.02.20 06:30:53.354,1.25805,1.2581,1.00,1.00
2018.02.20 06:30:54.587,1.25803,1.2581,1.00,1.00
2018.02.20 06:30:55.395,1.25802,1.2581,1.69,1.00
2018.02.20 06:30:55.446,1.25804,1.2581,1.00,1.00
2018.02.20 06:30:56.071,1.25805,1.2581,1.00,1.00
2018.02.20 06:30:56.575,1.25804,1.2581,1.00,1.00
2018.02.20 06:30:57.444,1.25805,1.2581,1.00,1.00
2018.02.20 06:30:58.278,1.25804,1.2581,1.00,1.00
2018.02.20 06:31:01.903,1.25805,1.2581,1.00,1.00
2018.02.20 06:31:02.446,1.25804,1.2581,1.00,1.00
2018.02.20 06:31:03.004,1.25805,1.2581,1.00,1.00
2018.02.20 06:31:07.178,1.25804,1.2581,1.00,1.00
2018.02.20 06:31:08.006,1.25805,1.2581,1.00,1.00
2018.02.20 06:31:13.107,1.25804,1.2581,1.00,1.00
2018.02.20 06:31:16.989,1.25805,1.2581,1.00,1.00
2018.02.20 06:31:18.097,1.25804,1.2581,1.31,1.00
2018.02.20 06:31:20.480,1.25805,1.2581,1.00,1.00
2018.02.20 06:31:26.347,1.25805,1.25811,1.00,1.00
2018.02.20 06:31:29.498,1.25806,1.25812,1.50,1.50
2018.02.20 06:31:29.844,1.25808,1.25812,1.00,1.00
2018.02.20 06:31:30.473,1.25808,1.25813,1.00,1.00
2018.02.20 06:31:30.663,1.25805,1.25813,2.06,1.00
2018.02.20 06:31:30.804,1.25802,1.25812,1.95,1.50
2018.02.20 06:31:30.856,1.25804,1.2581,1.00,1.00
2018.02.20 06:31:31.463,1.25805,1.2581,1.00,1.00
2018.02.20 06:31:32.256,1.25804,1.2581,1.00,1.50
2018.02.20 06:31:32.795,1.25805,1.2581,1.00,1.50
2018.02.20 06:31:32.905,1.25803,1.2581,1.00,1.50
2018.02.20 06:31:33.263,1.25801,1.25809,1.10,1.00
2018.02.20 06:31:33.712,1.25799,1.25808,3.07,1.00
2018.02.20 06:31:33.767,1.25801,1.25808,1.00,1.50
2018.02.20 06:31:34.289,1.258,1.25808,1.12,1.00
2018.02.20 06:31:34.938,1.25801,1.25808,1.00,1.50
2018.02.20 06:31:36.705,1.258,1.25808,1.12,1.00
2018.02.20 06:31:37.379,1.25801,1.25807,1.00,1.00
2018.02.20 06:31:38.192,1.25803,1.25807,1.00,1.00
2018.02.20 06:31:38.953,1.25802,1.25807,1.00,1.00
2018.02.20 06:31:43.920,1.25803,1.25807,1.00,1.00
2018.02.20 06:31:44.456,1.25802,1.2581,1.00,2.25
2018.02.20 06:31:47.871,1.25801,1.2581,1.69,2.25
2018.02.20 06:31:47.973,1.25801,1.2581,1.69,2.25
2018.02.20 06:31:48.973,1.25801,1.2581,1.25,2.25
2018.02.20 06:31:49.620,1.25802,1.25809,1.00,1.00
2018.02.20 06:31:58.407,1.25801,1.2581,1.37,2.25
2018.02.20 06:31:58.779,1.25801,1.25807,1.00,1.00
2018.02.20 06:31:59.013,1.25799,1.25807,2.14,1.00
2018.02.20 06:32:03.697,1.25798,1.25805,1.10,1.00
2018.02.20 06:32:03.999,1.25796,1.25802,1.00,1.00
2018.02.20 06:32:04.541,1.25795,1.25802,1.00,1.50
2018.02.20 06:32:04.696,1.25792,1.258,1.00,1.00
2018.02.20 06:32:06.240,1.25791,1.25798,1.00,1.00
2018.02.20 06:32:06.293,1.25788,1.25798,1.26,1.50
2018.02.20 06:32:06.396,1.25788,1.25795,1.00,1.00
2018.02.20 06:32:06.900,1.25789,1.25795,1.00,1.00
2018.02.20 06:32:07.037,1.25789,1.25797,1.00,1.50
2018.02.20 06:32:09.518,1.25788,1.25797,1.50,1.00
2018.02.20 06:32:09.673,1.25789,1.25798,1.29,1.00
2018.02.20 06:32:13.969,1.25788,1.25798,3.26,1.00
2018.02.20 06:32:17.163,1.25788,1.25797,1.57,1.00
2018.02.20 06:32:17.265,1.25786,1.25796,1.10,1.00
2018.02.20 06:32:18.141,1.25786,1.25795,2.51,1.00
2018.02.20 06:32:18.611,1.25789,1.25795,1.00,1.00
2018.02.20 06:32:19.115,1.25788,1.25797,1.50,1.00
2018.02.20 06:32:19.661,1.25789,1.25797,1.00,1.00
2018.02.20 06:32:20.165,1.25788,1.25797,1.69,1.00
2018.02.20 06:32:25.973,1.25787,1.25797,2.32,1.00
2018.02.20 06:32:26.077,1.25785,1.25795,1.95,1.00
2018.02.20 06:32:27.953,1.25785,1.25794,1.39,1.00
2018.02.20 06:32:28.727,1.25786,1.25794,1.00,1.00
2018.02.20 06:32:31.392,1.25787,1.25794,1.00,1.00
2018.02.20 06:32:31.447,1.25788,1.25796,1.00,1.50
2018.02.20 06:32:31.936,1.25786,1.25795,1.12,1.00
2018.02.20 06:32:32.556,1.25785,1.25795,4.12,1.00
2018.02.20 06:32:33.461,1.25786,1.25795,1.00,1.00
2018.02.20 06:32:34.408,1.25785,1.25795,5.06,1.00
2018.02.20 06:32:35.013,1.25786,1.25795,1.00,1.00
2018.02.20 06:32:35.671,1.25785,1.25795,3.56,1.00
2018.02.20 06:32:37.144,1.25786,1.25795,1.00,1.50
2018.02.20 06:32:37.652,1.25785,1.25795,1.50,1.50
2018.02.20 06:32:38.176,1.25786,1.25795,1.00,1.50
2018.02.20 06:32:39.023,1.25785,1.25795,1.50,1.50
2018.02.20 06:32:41.777,1.25786,1.25795,1.00,1.50
2018.02.20 06:32:46.285,1.25785,1.25795,2.81,1.50
2018.02.20 06:32:49.172,1.25786,1.25795,1.00,1.50
2018.02.20 06:32:50.469,1.25785,1.25795,3.75,1.50
2018.02.20 06:32:52.127,1.25786,1.25795,1.00,1.50
2018.02.20 06:32:58.012,1.25785,1.25795,1.50,1.50
2018.02.20 06:32:58.778,1.25786,1.25795,1.00,2.25
2018.02.20 06:33:03.074,1.25785,1.25795,1.69,1.50
2018.02.20 06:33:05.856,1.25786,1.25795,1.00,2.25
2018.02.20 06:33:12.464,1.25788,1.25795,1.00,1.50
2018.02.20 06:33:13.889,1.25787,1.25795,1.00,1.00
2018.02.20 06:33:14.780,1.25788,1.25795,1.00,1.00
2018.02.20 06:33:19.631,1.25786,1.25795,1.50,1.00
2018.02.20 06:33:32.374,1.25785,1.25795,2.44,1.50
2018.02.20 06:33:34.613,1.25788,1.25795,1.00,1.50
2018.02.20 06:33:35.118,1.25787,1.25795,1.00,1.50
2018.02.20 06:33:35.449,1.25789,1.25795,2.25,1.00
2018.02.20 06:33:35.991,1.25788,1.25795,1.00,1.50
2018.02.20 06:33:36.720,1.25787,1.25795,1.00,1.50
2018.02.20 06:33:40.922,1.25788,1.25795,1.00,1.50
2018.02.20 06:33:41.441,1.25787,1.25795,1.00,1.50
2018.02.20 06:33:44.299,1.25788,1.25795,1.00,1.50
2018.02.20 06:33:44.701,1.25786,1.25791,1.00,1.00
2018.02.20 06:33:45.237,1.25785,1.25791,1.00,1.00
2018.02.20 06:33:45.764,1.25786,1.25791,1.00,1.00
2018.02.20 06:33:52.927,1.25785,1.25791,1.50,1.00
2018.02.20 06:34:09.558,1.25786,1.25791,1.00,1.00
2018.02.20 06:34:10.143,1.25786,1.25791,1.19,1.00
2018.02.20 06:34:10.843,1.25786,1.25791,1.00,1.00
2018.02.20 06:34:10.894,1.25786,1.25793,1.00,1.50
2018.02.20 06:34:11.745,1.25787,1.25793,1.00,1.50
2018.02.20 06:34:13.252,1.25786,1.25793,1.00,1.00
2018.02.20 06:34:13.975,1.25787,1.25793,1.00,1.50
2018.02.20 06:34:14.507,1.25786,1.25793,2.06,1.50
2018.02.20 06:34:16.084,1.25788,1.25793,1.00,1.00
2018.02.20 06:34:16.610,1.25789,1.25793,1.00,1.00
2018.02.20 06:34:16.661,1.25787,1.25793,1.00,1.00
2018.02.20 06:34:17.163,1.25788,1.25793,1.00,1.00
2018.02.20 06:34:17.733,1.25787,1.25793,1.00,1.00
2018.02.20 06:34:18.390,1.25788,1.25793,1.00,1.00
2018.02.20 06:34:18.738,1.2579,1.25796,1.00,1.00
2018.02.20 06:34:18.845,1.25792,1.25799,1.12,1.00
2018.02.20 06:34:19.379,1.25793,1.25799,1.00,1.00
2018.02.20 06:34:19.888,1.25794,1.25799,1.00,1.00
2018.02.20 06:34:20.398,1.25791,1.25799,1.25,1.00
2018.02.20 06:34:20.449,1.2579,1.25801,1.76,1.50
2018.02.20 06:34:20.501,1.25791,1.25799,1.12,1.00
2018.02.20 06:34:20.807,1.25793,1.25799,1.00,1.00
2018.02.20 06:34:21.843,1.25793,1.25801,1.12,1.50
2018.02.20 06:34:26.813,1.25792,1.25801,1.50,1.50
2018.02.20 06:34:26.865,1.25793,1.25799,1.00,1.00
2018.02.20 06:34:27.633,1.25792,1.25799,2.62,1.00
2018.02.20 06:34:28.679,1.25793,1.25799,1.00,1.00
2018.02.20 06:34:29.236,1.25792,1.25799,1.69,1.00
2018.02.20 06:34:29.979,1.25792,1.25799,4.69,1.00
2018.02.20 06:34:34.509,1.25792,1.25799,3.75,1.00
2018.02.20 06:34:38.113,1.25792,1.25799,5.06,1.00
2018.02.20 06:34:40.230,1.25793,1.25799,1.12,1.00
2018.02.20 06:34:40.928,1.25792,1.25799,1.87,1.00
2018.02.20 06:34:41.735,1.25793,1.25799,1.00,1.00
2018.02.20 06:34:42.488,1.25792,1.25799,2.06,1.00
2018.02.20 06:34:46.153,1.25792,1.25801,1.25,1.00
2018.02.20 06:34:46.206,1.25787,1.25796,1.07,1.50
2018.02.20 06:34:46.729,1.25787,1.25795,1.00,1.50
2018.02.20 06:34:47.828,1.25786,1.25795,1.10,1.50
2018.02.20 06:34:48.837,1.25785,1.25795,2.14,1.50
2018.02.20 06:34:49.415,1.25786,1.25794,1.00,1.00
2018.02.20 06:34:51.127,1.25785,1.25794,1.69,1.00
2018.02.20 06:34:51.735,1.25786,1.25794,1.00,1.00
2018.02.20 06:34:52.389,1.25785,1.25794,1.50,1.00
2018.02.20 06:34:52.885,1.25784,1.25792,2.25,1.00
2018.02.20 06:34:54.526,1.25785,1.25792,1.50,1.00
2018.02.20 06:34:56.686,1.25786,1.25792,1.00,1.00
2018.02.20 06:34:59.028,1.25785,1.25792,1.00,1.00
2018.02.20 06:35:00.028,1.25786,1.25792,1.50,1.00
2018.02.20 06:35:02.155,1.25785,1.25792,1.00,1.00
2018.02.20 06:35:07.193,1.25786,1.25792,1.00,1.00
2018.02.20 06:35:07.769,1.25785,1.25792,1.00,1.00
2018.02.20 06:35:09.623,1.25786,1.25792,1.00,1.00
2018.02.20 06:35:14.392,1.25785,1.25792,1.00,1.00
2018.02.20 06:35:15.159,1.25786,1.25792,1.00,1.00
2018.02.20 06:35:17.931,1.25785,1.25792,1.00,1.00
2018.02.20 06:35:19.462,1.25786,1.25792,1.00,1.00
2018.02.20 06:35:20.135,1.25785,1.25792,1.00,1.00
2018.02.20 06:35:29.022,1.25786,1.25792,1.00,1.50
2018.02.20 06:35:30.131,1.25785,1.25792,1.00,1.50
2018.02.20 06:35:30.689,1.25786,1.25792,1.00,1.50
2018.02.20 06:35:35.646,1.25785,1.25792,1.00,1.50
2018.02.20 06:35:36.301,1.25786,1.25792,1.00,1.50
2018.02.20 06:35:38.850,1.25785,1.25792,1.00,1.50
2018.02.20 06:35:39.744,1.25786,1.25792,1.00,1.50
2018.02.20 06:35:43.730,1.25785,1.25792,1.00,1.50
2018.02.20 06:35:44.554,1.25786,1.25792,1.00,1.50
2018.02.20 06:35:53.324,1.25785,1.25792,1.00,1.00
2018.02.20 06:35:53.859,1.25786,1.25792,1.00,1.00
2018.02.20 06:35:56.521,1.25785,1.25792,1.00,1.00
2018.02.20 06:36:01.496,1.25786,1.25792,1.00,1.00
2018.02.20 06:36:01.653,1.25784,1.25792,1.87,1.00
2018.02.20 06:36:06.374,1.25783,1.25792,2.06,1.00
2018.02.20 06:36:14.136,1.25784,1.25792,1.12,1.00
2018.02.20 06:36:16.134,1.25783,1.25792,1.87,1.00
2018.02.20 06:36:17.611,1.25784,1.25792,1.00,1.00
2018.02.20 06:36:18.114,1.25783,1.25792,1.00,1.00
2018.02.20 06:36:18.166,1.25782,1.2579,1.00,1.00
2018.02.20 06:36:18.298,1.25778,1.25788,1.10,1.00
2018.02.20 06:36:18.350,1.25778,1.25786,1.10,1.00
2018.02.20 06:36:18.910,1.25778,1.25785,1.00,1.00
2018.02.20 06:36:19.567,1.25779,1.25785,1.00,1.00
2018.02.20 06:36:23.931,1.25776,1.25784,1.10,1.00
2018.02.20 06:36:24.038,1.25772,1.25782,7.95,1.00
2018.02.20 06:36:24.556,1.25775,1.25783,1.00,1.00
2018.02.20 06:36:25.197,1.25774,1.25783,1.57,1.00
2018.02.20 06:36:25.912,1.25772,1.25781,4.95,1.00
2018.02.20 06:36:26.247,1.2577,1.25779,4.31,1.00
2018.02.20 06:36:27.722,1.25773,1.25783,2.44,2.51
2018.02.20 06:36:27.933,1.25773,1.25784,5.62,1.50
2018.02.20 06:36:29.981,1.25773,1.25784,2.89,1.50
2018.02.20 06:36:30.033,1.25773,1.25782,1.20,1.00
2018.02.20 06:36:30.567,1.25774,1.25783,1.00,1.00
2018.02.20 06:36:31.081,1.25773,1.25784,2.81,1.00
2018.02.20 06:36:31.584,1.25773,1.25783,1.12,1.00
2018.02.20 06:36:32.087,1.25773,1.25784,2.62,1.00
2018.02.20 06:36:32.411,1.25778,1.25786,1.00,1.00
2018.02.20 06:36:32.515,1.25776,1.25786,2.81,1.00
2018.02.20 06:36:33.102,1.25776,1.25785,1.00,1.00
2018.02.20 06:36:34.453,1.25773,1.25783,1.20,1.00
2018.02.20 06:36:34.506,1.25772,1.25783,4.01,1.50
2018.02.20 06:36:35.238,1.25772,1.25783,1.00,1.87
2018.02.20 06:36:38.263,1.25775,1.25785,1.12,1.39
2018.02.20 06:36:38.812,1.25775,1.25784,1.10,1.00
2018.02.20 06:36:48.506,1.25772,1.25781,2.70,1.00
2018.02.20 06:36:49.040,1.25772,1.25781,2.25,1.00
2018.02.20 06:36:51.180,1.25773,1.25781,1.00,1.00
2018.02.20 06:36:51.543,1.25771,1.25781,3.45,1.00
2018.02.20 06:36:52.180,1.25772,1.25781,1.00,1.00
2018.02.20 06:36:54.509,1.25771,1.25781,3.00,1.00
2018.02.20 06:36:55.764,1.25772,1.25781,1.00,1.00
2018.02.20 06:36:58.256,1.25771,1.25781,3.00,1.00
2018.02.20 06:36:58.308,1.25773,1.25781,1.00,1.00
2018.02.20 06:36:58.948,1.25771,1.25781,1.50,1.00
2018.02.20 06:36:59.536,1.25772,1.25781,2.25,1.00
2018.02.20 06:37:00.058,1.25771,1.25781,1.50,1.00
2018.02.20 06:37:00.408,1.25773,1.25781,1.00,1.00
2018.02.20 06:37:00.936,1.25772,1.25781,3.07,1.00
2018.02.20 06:37:07.103,1.25772,1.25781,1.50,1.00
2018.02.20 06:37:07.463,1.25772,1.25779,1.50,1.00
2018.02.20 06:37:20.352,1.25771,1.25779,1.12,1.00
2018.02.20 06:37:21.162,1.2577,1.25779,4.50,1.00
2018.02.20 06:37:22.718,1.25771,1.25779,1.00,1.00
2018.02.20 06:37:23.603,1.2577,1.25779,4.12,1.00
2018.02.20 06:37:24.321,1.25771,1.25779,1.12,1.00
2018.02.20 06:37:30.856,1.2577,1.25779,2.62,1.00
2018.02.20 06:37:31.445,1.25771,1.25779,1.00,1.00
2018.02.20 06:37:35.506,1.2577,1.25779,3.94,1.00
2018.02.20 06:37:35.883,1.25776,1.25782,1.12,1.00
2018.02.20 06:37:38.238,1.25773,1.25781,2.51,1.00
2018.02.20 06:37:38.344,1.25773,1.25781,2.25,1.00
2018.02.20 06:37:38.449,1.25772,1.25781,1.50,1.00
2018.02.20 06:37:38.501,1.25771,1.25781,1.95,1.00
2018.02.20 06:37:40.459,1.2577,1.25779,2.32,1.00
2018.02.20 06:37:40.988,1.25771,1.25779,1.00,1.00
2018.02.20 06:37:41.987,1.25771,1.25779,1.12,1.00
2018.02.20 06:37:42.039,1.2577,1.25779,1.87,1.00
2018.02.20 06:37:48.545,1.2577,1.25779,1.87,1.00
2018.02.20 06:37:49.676,1.2577,1.25779,6.64,1.00
2018.02.20 06:37:50.180,1.25772,1.25779,1.00,1.00
2018.02.20 06:37:51.291,1.25771,1.25781,3.75,1.50
2018.02.20 06:37:51.342,1.25772,1.25781,1.00,1.50
2018.02.20 06:37:52.043,1.25771,1.25781,1.50,1.50
2018.02.20 06:37:52.095,1.25773,1.25781,1.00,1.50
2018.02.20 06:37:53.392,1.25775,1.25781,1.50,1.50
2018.02.20 06:37:53.954,1.25772,1.25781,2.62,1.50
2018.02.20 06:37:54.636,1.25773,1.25781,1.00,1.50
2018.02.20 06:37:55.377,1.25772,1.25781,1.12,1.50
2018.02.20 06:37:56.750,1.25773,1.25782,3.00,1.50
2018.02.20 06:37:57.007,1.25777,1.25783,1.00,1.00
2018.02.20 06:37:57.111,1.25778,1.25785,1.00,1.00
2018.02.20 06:37:59.902,1.25777,1.25785,1.00,1.00
2018.02.20 06:38:00.173,1.25777,1.25787,1.00,1.00
2018.02.20 06:38:00.224,1.25779,1.25788,1.00,1.57
2018.02.20 06:38:00.611,1.25782,1.25791,1.00,1.50
2018.02.20 06:38:02.236,1.25782,1.25792,1.00,1.10
2018.02.20 06:38:02.542,1.25786,1.25795,1.00,1.12
2018.02.20 06:38:02.594,1.25784,1.25796,2.32,3.45
2018.02.20 06:38:03.121,1.25783,1.25794,1.00,1.00
2018.02.20 06:38:05.188,1.25785,1.25794,1.12,1.00
2018.02.20 06:38:05.240,1.25786,1.25796,3.00,1.69
2018.02.20 06:38:05.293,1.25788,1.25798,1.50,2.14
2018.02.20 06:38:05.834,1.25788,1.25799,1.50,2.25
2018.02.20 06:38:07.137,1.25788,1.258,2.25,1.12
2018.02.20 06:38:17.260,1.25789,1.258,1.50,1.12
2018.02.20 06:38:24.605,1.25787,1.25796,1.95,1.00
2018.02.20 06:38:24.922,1.25788,1.25798,1.00,1.12
2018.02.20 06:38:25.535,1.25788,1.25797,1.00,1.00
2018.02.20 06:38:26.126,1.25788,1.25796,1.00,1.00
2018.02.20 06:38:27.032,1.25788,1.25798,1.00,1.20
2018.02.20 06:38:31.919,1.25787,1.25794,1.00,1.00
2018.02.20 06:38:31.972,1.25785,1.25794,1.10,1.50
2018.02.20 06:38:32.105,1.25782,1.25792,2.70,1.12
2018.02.20 06:38:32.158,1.25781,1.25791,1.12,1.87
2018.02.20 06:38:33.219,1.25779,1.25791,3.82,1.87
2018.02.20 06:38:34.251,1.25779,1.25791,3.07,1.20
2018.02.20 06:38:36.490,1.25781,1.25791,1.00,1.00
2018.02.20 06:38:36.599,1.25784,1.25794,1.50,1.37
2018.02.20 06:38:36.843,1.25784,1.25795,2.62,1.00
2018.02.20 06:38:37.051,1.25783,1.25793,1.10,1.00
2018.02.20 06:38:37.760,1.25782,1.25792,1.00,1.00
2018.02.20 06:38:38.942,1.25782,1.25791,1.50,1.00
2018.02.20 06:38:38.995,1.25782,1.25793,1.50,1.10
2018.02.20 06:38:39.062,1.25785,1.25795,1.00,1.76
2018.02.20 06:38:39.722,1.25786,1.25795,1.00,1.00
2018.02.20 06:38:52.733,1.25786,1.25796,1.00,1.00
2018.02.20 06:38:52.841,1.25787,1.25798,1.00,1.50
2018.02.20 06:38:53.449,1.25788,1.25798,1.00,1.10
2018.02.20 06:38:54.023,1.25787,1.25798,3.00,1.10
2018.02.20 06:38:54.610,1.25788,1.25798,1.00,1.10
2018.02.20 06:38:55.181,1.25787,1.25798,2.25,1.10
2018.02.20 06:39:00.540,1.25787,1.25797,1.50,1.00
2018.02.20 06:39:01.932,1.25786,1.25796,1.10,1.50
2018.02.20 06:39:02.036,1.25781,1.25791,1.20,1.12
2018.02.20 06:39:02.226,1.25779,1.25789,3.45,1.00
2018.02.20 06:39:03.430,1.25779,1.25789,3.37,1.00
2018.02.20 06:39:03.746,1.25778,1.25787,1.57,1.00
2018.02.20 06:39:03.798,1.25776,1.25788,1.87,2.25
2018.02.20 06:39:04.312,1.25776,1.25787,1.00,1.10
2018.02.20 06:39:06.112,1.25777,1.25786,1.00,1.00
2018.02.20 06:39:06.215,1.25778,1.25789,1.00,5.14
2018.02.20 06:39:06.521,1.2578,1.2579,1.50,1.00
2018.02.20 06:39:10.688,1.2578,1.2579,4.12,1.00
2018.02.20 06:39:10.792,1.2578,1.25792,4.39,1.20
2018.02.20 06:39:17.049,1.2578,1.25792,2.32,1.10
2018.02.20 06:39:17.233,1.25782,1.25792,1.00,1.10
2018.02.20 06:39:17.545,1.25786,1.25795,1.00,1.00
2018.02.20 06:39:17.754,1.25782,1.25792,1.87,1.00
2018.02.20 06:39:31.469,1.25783,1.25793,1.00,1.87
2018.02.20 06:39:40.765,1.25782,1.25793,1.57,1.50
2018.02.20 06:39:41.126,1.25781,1.25793,1.00,8.14
2018.02.20 06:39:41.382,1.25775,1.25787,1.57,1.50
2018.02.20 06:39:41.590,1.25782,1.2579,1.12,1.76
2018.02.20 06:39:41.642,1.2578,1.25791,3.19,1.20
2018.02.20 06:39:41.694,1.2578,1.25791,1.50,1.00
2018.02.20 06:39:44.054,1.2578,1.25791,1.12,1.10
2018.02.20 06:39:44.159,1.25781,1.25791,3.00,1.00
2018.02.20 06:39:44.211,1.25781,1.25791,3.00,1.00
2018.02.20 06:39:48.493,1.2578,1.25791,1.00,1.50
2018.02.20 06:39:48.546,1.25779,1.2579,1.95,3.00
2018.02.20 06:39:48.702,1.25775,1.25787,1.12,1.00
2018.02.20 06:39:49.283,1.25775,1.25786,1.31,1.10
2018.02.20 06:39:49.796,1.25776,1.25786,1.00,1.50
2018.02.20 06:39:57.195,1.25778,1.25788,1.12,5.14
2018.02.20 06:39:57.299,1.25778,1.2579,1.50,1.95
2018.02.20 06:39:57.410,1.25781,1.2579,1.00,1.20
2018.02.20 06:39:58.364,1.25781,1.25792,1.12,1.57
2018.02.20 06:39:59.780,1.25781,1.2579,1.00,1.00
2018.02.20 06:40:04.235,1.25781,1.25789,1.00,1.25
2018.02.20 06:40:04.941,1.25781,1.2579,1.00,1.00
2018.02.20 06:40:06.662,1.25781,1.25791,1.50,1.00
2018.02.20 06:40:18.277,1.25782,1.25791,1.00,1.00
2018.02.20 06:40:19.766,1.25781,1.25791,2.70,1.00
2018.02.20 06:40:20.097,1.25782,1.25793,1.00,1.20
2018.02.20 06:40:20.637,1.25781,1.25793,2.25,1.00
2018.02.20 06:40:21.449,1.25783,1.25793,1.00,1.57
2018.02.20 06:40:21.501,1.25781,1.25793,5.32,1.57
2018.02.20 06:40:22.058,1.25782,1.25793,1.50,1.50
2018.02.20 06:40:22.720,1.25781,1.25793,4.50,1.50
2018.02.20 06:40:23.379,1.25782,1.25793,1.00,1.57
2018.02.20 06:40:24.614,1.25783,1.25793,1.50,1.57
2018.02.20 06:40:28.103,1.25782,1.25793,2.25,1.57
2018.02.20 06:40:28.206,1.25784,1.25794,2.25,1.50
2018.02.20 06:40:28.713,1.25784,1.25795,1.00,2.25
2018.02.20 06:40:29.216,1.25783,1.25795,6.00,6.00
2018.02.20 06:40:33.337,1.25785,1.25795,1.00,4.50
2018.02.20 06:40:33.944,1.25785,1.25795,1.50,2.25
2018.02.20 06:40:35.318,1.25784,1.25795,2.62,1.95
2018.02.20 06:40:35.880,1.25785,1.25795,1.00,1.87
2018.02.20 06:40:37.467,1.25788,1.25797,1.12,1.10
2018.02.20 06:40:37.674,1.2579,1.258,1.00,1.00
2018.02.20 06:40:38.237,1.25789,1.25799,1.50,1.00
2018.02.20 06:40:40.177,1.25788,1.25799,1.00,1.12
2018.02.20 06:40:40.334,1.25786,1.25796,1.57,1.00
2018.02.20 06:40:40.386,1.25784,1.25796,3.45,1.20
2018.02.20 06:40:40.786,1.25786,1.25797,1.87,3.82
2018.02.20 06:40:41.552,1.25786,1.25798,1.20,2.32
2018.02.20 06:40:42.213,1.25785,1.25797,3.07,1.20
2018.02.20 06:40:42.622,1.25787,1.25798,1.00,1.87
2018.02.20 06:40:45.007,1.25787,1.25798,1.00,2.25
2018.02.20 06:40:45.537,1.25787,1.25799,2.25,1.57
2018.02.20 06:40:47.195,1.25786,1.25798,2.32,1.95
2018.02.20 06:40:53.404,1.25786,1.25798,2.32,4.20
2018.02.20 06:40:55.627,1.25786,1.25798,2.32,2.32
2018.02.20 06:40:55.988,1.25784,1.25796,1.10,2.25
2018.02.20 06:40:56.143,1.25784,1.25794,1.50,1.00
2018.02.20 06:40:56.703,1.25783,1.25793,1.00,1.12
2018.02.20 06:40:57.814,1.25782,1.25793,1.87,3.00
2018.02.20 06:41:00.426,1.25782,1.25791,1.50,1.00
2018.02.20 06:41:03.172,1.25781,1.25791,2.25,1.00
2018.02.20 06:41:04.157,1.2578,1.2579,2.70,1.00
2018.02.20 06:41:08.138,1.25781,1.25792,2.06,2.51
2018.02.20 06:41:08.684,1.25782,1.25793,1.10,1.87
2018.02.20 06:41:10.076,1.25783,1.25793,1.00,1.50
2018.02.20 06:41:10.586,1.25782,1.25793,2.70,1.87
2018.02.20 06:41:12.576,1.25783,1.25793,1.00,1.87
2018.02.20 06:41:14.863,1.25782,1.25793,2.25,1.50
2018.02.20 06:41:15.524,1.25783,1.25793,1.00,1.50
2018.02.20 06:41:16.033,1.25782,1.25793,2.32,1.50
2018.02.20 06:41:20.692,1.25783,1.25793,3.75,1.50
2018.02.20 06:41:20.743,1.25785,1.25795,1.00,1.10
2018.02.20 06:41:21.279,1.25783,1.25794,2.32,1.00
2018.02.20 06:41:21.787,1.25785,1.25795,1.10,1.12
2018.02.20 06:41:22.999,1.25783,1.25794,2.25,1.00
2018.02.20 06:41:27.513,1.25782,1.25792,1.12,1.12
2018.02.20 06:41:27.616,1.2578,1.25792,1.12,1.87
2018.02.20 06:41:28.130,1.25781,1.25791,1.00,1.00
2018.02.20 06:41:29.089,1.25782,1.25791,1.00,1.00
2018.02.20 06:41:31.035,1.25781,1.25791,1.50,1.00
2018.02.20 06:41:31.088,1.25781,1.25791,1.75,1.00
2018.02.20 06:41:32.092,1.2578,1.25791,2.25,1.00
2018.02.20 06:41:32.871,1.25781,1.25792,3.00,1.00
2018.02.20 06:41:35.098,1.2578,1.25791,5.32,1.00
2018.02.20 06:41:37.911,1.25781,1.25791,1.47,1.00
2018.02.20 06:41:38.014,1.2578,1.25791,1.95,1.50
2018.02.20 06:41:49.416,1.25781,1.25791,1.00,2.06
2018.02.20 06:41:50.073,1.2578,1.25791,2.32,2.06
2018.02.20 06:41:52.246,1.2578,1.25791,2.70,1.69
2018.02.20 06:41:52.775,1.2578,1.25791,1.87,1.00
2018.02.20 06:41:53.313,1.2578,1.25792,2.62,5.25
2018.02.20 06:41:54.981,1.2578,1.25792,2.25,1.37
2018.02.20 06:41:57.807,1.25781,1.25792,1.57,1.00
2018.02.20 06:41:58.322,1.25782,1.25792,1.87,1.00
2018.02.20 06:41:58.890,1.25783,1.25792,1.00,1.00
2018.02.20 06:41:59.643,1.25782,1.25792,1.87,1.00
2018.02.20 06:42:02.343,1.25783,1.25794,1.00,5.25
2018.02.20 06:42:02.965,1.25782,1.25794,1.12,4.50
2018.02.20 06:42:05.219,1.25782,1.25794,1.57,2.25
2018.02.20 06:42:05.938,1.25782,1.25794,1.00,1.50
2018.02.20 06:42:06.462,1.25783,1.25794,1.00,1.50
2018.02.20 06:42:06.514,1.25781,1.25794,2.70,1.50
2018.02.20 06:42:08.397,1.25782,1.25794,1.07,2.25
2018.02.20 06:42:09.737,1.25782,1.25793,1.20,4.12
2018.02.20 06:42:11.849,1.25781,1.25793,3.82,1.12
2018.02.20 06:42:12.331,1.25781,1.25793,1.87,3.75
2018.02.20 06:42:12.940,1.2578,1.25793,4.39,3.00
2018.02.20 06:42:18.839,1.25781,1.25793,1.20,2.32
2018.02.20 06:42:19.346,1.25782,1.25792,1.57,1.00
2018.02.20 06:42:20.187,1.25782,1.25792,4.20,1.00
2018.02.20 06:42:20.791,1.25782,1.25793,1.57,1.00
2018.02.20 06:42:21.798,1.25782,1.25793,1.57,1.00
2018.02.20 06:42:25.073,1.25782,1.25793,1.50,1.00
2018.02.20 06:42:32.269,1.25782,1.25792,1.00,1.12
2018.02.20 06:42:32.794,1.25781,1.25792,1.00,3.37
2018.02.20 06:42:50.673,1.25781,1.25792,1.50,4.87
2018.02.20 06:42:50.982,1.25782,1.25793,1.00,1.00
2018.02.20 06:42:55.542,1.25783,1.25793,1.00,1.12
2018.02.20 06:42:55.647,1.25784,1.25795,1.00,1.10
2018.02.20 06:42:56.447,1.25783,1.25793,1.10,1.00
2018.02.20 06:42:56.979,1.25782,1.25794,1.10,2.32
2018.02.20 06:42:58.189,1.25782,1.25793,1.10,1.00
2018.02.20 06:43:00.460,1.25782,1.25793,1.00,4.12
2018.02.20 06:43:00.989,1.25781,1.25792,1.20,1.12
2018.02.20 06:43:03.393,1.25781,1.25792,1.12,1.57
2018.02.20 06:43:10.836,1.25781,1.25792,1.00,1.20
2018.02.20 06:43:19.796,1.25781,1.25792,1.50,1.00
2018.02.20 06:43:20.463,1.25781,1.25792,2.25,1.00
2018.02.20 06:43:22.935,1.25782,1.25792,1.00,1.00
2018.02.20 06:43:25.453,1.25781,1.25792,1.50,1.00
2018.02.20 06:43:29.426,1.25782,1.25792,1.00,1.00
2018.02.20 06:43:30.212,1.25781,1.25792,3.00,1.00
2018.02.20 06:43:40.923,1.25781,1.2579,1.00,2.62
2018.02.20 06:43:40.974,1.25779,1.2579,1.10,1.87
2018.02.20 06:43:41.126,1.25777,1.25786,1.10,4.12
2018.02.20 06:43:41.483,1.25777,1.25784,5.25,1.25
2018.02.20 06:43:44.122,1.25778,1.25784,1.00,1.25
2018.02.20 06:44:00.302,1.2578,1.2579,1.00,1.12
2018.02.20 06:44:00.406,1.2578,1.25787,1.00,1.25
2018.02.20 06:44:00.957,1.2578,1.25787,2.32,1.00
2018.02.20 06:44:01.295,1.25782,1.25793,1.00,1.50
2018.02.20 06:44:01.398,1.25782,1.25789,1.00,1.25
2018.02.20 06:44:05.146,1.25782,1.25788,4.12,1.25
2018.02.20 06:44:05.662,1.25782,1.25789,2.62,1.25
2018.02.20 06:44:06.193,1.25782,1.25789,1.87,1.25
2018.02.20 06:44:06.714,1.25782,1.25791,1.87,1.25
2018.02.20 06:44:06.818,1.25782,1.25793,2.62,1.25
2018.02.20 06:44:07.376,1.25782,1.25794,2.62,1.12
2018.02.20 06:44:10.081,1.25785,1.25795,1.00,1.76
2018.02.20 06:44:10.816,1.25785,1.25796,1.00,2.32
2018.02.20 06:44:13.950,1.25785,1.25796,1.00,2.70
2018.02.20 06:44:31.647,1.25784,1.25794,2.44,1.00
2018.02.20 06:44:32.607,1.25785,1.25795,1.00,1.12
2018.02.20 06:44:33.133,1.25785,1.25796,1.10,1.87
2018.02.20 06:44:33.650,1.25785,1.25795,1.31,1.00
2018.02.20 06:44:34.164,1.25785,1.25796,1.50,1.87
2018.02.20 06:44:34.683,1.25785,1.25796,1.87,1.87
2018.02.20 06:44:35.184,1.25785,1.25796,1.37,1.12
2018.02.20 06:44:35.834,1.25785,1.25796,1.00,2.32
2018.02.20 06:44:36.503,1.25786,1.25796,1.25,1.00
2018.02.20 06:44:36.709,1.25787,1.25798,1.00,1.87
2018.02.20 06:44:37.241,1.25786,1.25798,1.20,1.95
2018.02.20 06:44:37.879,1.25785,1.25798,2.51,2.25
2018.02.20 06:44:51.874,1.25786,1.25798,1.00,5.17
2018.02.20 06:44:52.442,1.25785,1.25798,3.19,3.82
2018.02.20 06:44:52.728,1.25787,1.25797,1.50,1.00
2018.02.20 06:44:53.481,1.25786,1.25799,2.62,1.95
2018.02.20 06:44:53.841,1.25788,1.25799,1.00,2.81
2018.02.20 06:44:54.388,1.25787,1.25799,1.50,2.62
2018.02.20 06:44:56.179,1.25788,1.25799,1.50,1.50
2018.02.20 06:44:56.490,1.25789,1.258,2.62,2.44
2018.02.20 06:44:56.818,1.25791,1.25802,1.00,1.12
2018.02.20 06:44:57.565,1.2579,1.258,3.75,1.00
2018.02.20 06:45:00.915,1.2579,1.258,3.37,1.00
2018.02.20 06:45:01.573,1.2579,1.258,1.00,1.00
2018.02.20 06:45:02.108,1.25789,1.258,1.12,1.57
2018.02.20 06:45:09.442,1.2579,1.258,1.00,1.57
2018.02.20 06:45:15.633,1.25791,1.25801,1.87,2.06
2018.02.20 06:45:15.685,1.25791,1.25801,1.00,1.69
2018.02.20 06:45:15.942,1.25793,1.25801,1.00,1.00
2018.02.20 06:45:16.466,1.25793,1.25801,1.00,1.37
2018.02.20 06:45:17.144,1.25793,1.25801,1.00,1.12
2018.02.20 06:45:21.938,1.25793,1.25801,1.00,1.37
2018.02.20 06:45:26.106,1.25793,1.25801,1.00,1.00
2018.02.20 06:45:33.481,1.25793,1.258,1.00,1.00
2018.02.20 06:45:34.127,1.25793,1.25802,1.00,1.57
2018.02.20 06:45:40.402,1.25795,1.25802,1.00,1.00
2018.02.20 06:45:40.921,1.25794,1.25802,1.00,1.00
2018.02.20 06:45:41.466,1.25793,1.25802,1.00,1.00
2018.02.20 06:45:47.707,1.25794,1.25803,1.12,1.00
2018.02.20 06:45:48.030,1.25795,1.25805,3.94,1.00
2018.02.20 06:45:49.806,1.25795,1.25805,1.12,1.12
2018.02.20 06:45:53.212,1.25795,1.25802,1.12,1.25
2018.02.20 06:45:53.770,1.25795,1.25803,1.12,1.25
2018.02.20 06:45:57.593,1.25795,1.25802,1.87,1.25
2018.02.20 06:46:00.341,1.25795,1.25803,1.12,1.25
2018.02.20 06:46:01.335,1.25795,1.25802,1.87,1.25
2018.02.20 06:46:01.840,1.25795,1.25803,1.50,1.25
2018.02.20 06:46:02.334,1.258,1.25804,1.00,1.25
2018.02.20 06:46:02.386,1.25804,1.25808,1.00,1.25
2018.02.20 06:46:02.976,1.25804,1.25809,1.00,1.25
2018.02.20 06:46:03.504,1.25804,1.25808,1.00,1.25
2018.02.20 06:46:04.042,1.25804,1.25809,1.00,1.25
2018.02.20 06:46:04.600,1.25804,1.25808,1.00,1.25
2018.02.20 06:46:05.271,1.25804,1.25809,1.00,1.25
2018.02.20 06:46:07.745,1.25804,1.25808,1.00,1.25
2018.02.20 06:46:08.360,1.25804,1.25809,1.00,1.25
2018.02.20 06:46:09.010,1.25804,1.25808,1.00,1.25
2018.02.20 06:46:09.378,1.25804,1.2581,1.00,1.25
2018.02.20 06:46:09.566,1.25807,1.25815,1.87,1.00
2018.02.20 06:46:09.675,1.25808,1.25819,1.39,1.00
2018.02.20 06:46:10.760,1.25806,1.25816,1.57,1.00
2018.02.20 06:46:11.274,1.25806,1.25816,1.00,1.00
2018.02.20 06:46:12.426,1.25804,1.25816,1.00,1.12
2018.02.20 06:46:15.048,1.25804,1.25814,1.50,1.00
2018.02.20 06:46:15.635,1.25805,1.25816,1.69,1.01
2018.02.20 06:46:15.687,1.25807,1.25817,1.00,1.07
2018.02.20 06:46:16.271,1.25807,1.25817,1.00,1.10
2018.02.20 06:46:16.918,1.25804,1.25814,1.57,1.12
2018.02.20 06:46:17.287,1.25802,1.25815,2.06,2.89
2018.02.20 06:46:17.893,1.25802,1.25815,4.20,1.00
2018.02.20 06:46:21.678,1.25804,1.25814,1.00,1.00
2018.02.20 06:46:21.987,1.25808,1.25817,4.01,1.25
2018.02.20 06:46:22.528,1.2581,1.25817,1.00,1.25
2018.02.20 06:46:23.135,1.25811,1.25817,2.70,1.00
2018.02.20 06:46:24.527,1.25811,1.25818,2.70,1.00
2018.02.20 06:46:25.064,1.25812,1.25818,1.00,1.00
2018.02.20 06:46:25.612,1.25811,1.25817,1.95,1.00
2018.02.20 06:46:26.227,1.25811,1.25818,1.10,1.25
2018.02.20 06:46:26.934,1.25809,1.25817,5.32,1.00
2018.02.20 06:46:27.449,1.2581,1.25818,1.12,1.25
2018.02.20 06:46:27.553,1.25808,1.25819,1.50,1.00
2018.02.20 06:46:28.058,1.25808,1.2582,1.95,1.57
2018.02.20 06:46:31.588,1.25808,1.2582,1.87,1.87
2018.02.20 06:46:37.548,1.2581,1.25821,1.37,3.00
2018.02.20 06:46:38.691,1.25811,1.25821,1.00,1.00
2018.02.20 06:46:38.858,1.25811,1.25823,1.50,2.44
2018.02.20 06:46:39.083,1.25811,1.25821,1.47,1.00
2018.02.20 06:46:39.186,1.25809,1.2582,1.20,1.12
2018.02.20 06:46:39.288,1.25807,1.25819,1.10,1.20
2018.02.20 06:46:39.807,1.25807,1.25818,1.39,1.12
2018.02.20 06:46:40.341,1.25807,1.25817,1.12,1.00
2018.02.20 06:46:41.127,1.25808,1.25818,1.12,1.00
2018.02.20 06:46:41.447,1.25806,1.25818,3.75,1.12
2018.02.20 06:46:41.969,1.25807,1.25819,1.50,1.95
2018.02.20 06:46:42.498,1.25807,1.25817,1.00,1.50
2018.02.20 06:46:42.968,1.25807,1.25819,1.87,1.10
2018.02.20 06:46:43.515,1.25807,1.25818,1.10,1.50
2018.02.20 06:46:44.111,1.25808,1.25818,1.00,1.00
2018.02.20 06:46:45.081,1.25808,1.2582,1.12,1.87
2018.02.20 06:46:48.454,1.25807,1.25819,5.89,1.00
2018.02.20 06:46:50.341,1.25807,1.2582,5.14,1.87
2018.02.20 06:46:50.972,1.25807,1.25819,5.14,1.00
2018.02.20 06:46:51.822,1.25808,1.2582,1.31,1.12
2018.02.20 06:46:52.362,1.25808,1.2582,2.89,1.12
2018.02.20 06:46:53.989,1.25808,1.25819,1.12,1.00
2018.02.20 06:46:54.502,1.25808,1.25818,1.25,1.00
2018.02.20 06:46:55.500,1.25807,1.25818,2.25,1.50
2018.02.20 06:46:56.051,1.25807,1.25819,3.82,1.00
2018.02.20 06:46:57.244,1.25807,1.25818,4.01,1.00
2018.02.20 06:46:57.993,1.25807,1.25817,1.00,1.50
2018.02.20 06:47:09.750,1.25807,1.25816,1.00,1.00
2018.02.20 06:47:13.945,1.25808,1.25818,1.00,1.50
2018.02.20 06:47:14.449,1.25807,1.25818,1.50,2.25
2018.02.20 06:47:17.362,1.25807,1.25819,1.50,1.57
2018.02.20 06:47:17.869,1.25807,1.25818,1.87,1.00
2018.02.20 06:47:18.582,1.25807,1.25818,2.51,1.00
2018.02.20 06:47:23.915,1.25807,1.25819,2.70,1.00
2018.02.20 06:47:25.980,1.25807,1.2582,5.51,4.12
2018.02.20 06:47:27.425,1.25807,1.2582,3.26,1.87
2018.02.20 06:47:28.205,1.25808,1.25819,1.12,1.12
2018.02.20 06:47:34.265,1.25807,1.25818,1.87,1.00
2018.02.20 06:47:34.781,1.25807,1.25817,1.00,2.25
2018.02.20 06:47:45.980,1.25808,1.25819,1.00,3.19
2018.02.20 06:47:50.690,1.25808,1.25819,1.87,1.87
2018.02.20 06:47:52.158,1.25809,1.2582,3.19,1.00
2018.02.20 06:47:52.767,1.25809,1.25822,4.01,4.69
2018.02.20 06:47:58.364,1.25809,1.25819,3.37,1.00
2018.02.20 06:47:59.447,1.25809,1.25821,3.94,2.25
2018.02.20 06:47:59.979,1.25809,1.25822,2.89,2.32
2018.02.20 06:48:00.569,1.25809,1.25821,2.14,1.00
2018.02.20 06:48:01.231,1.25809,1.25821,1.69,1.87
2018.02.20 06:48:01.942,1.25809,1.25821,1.69,2.25
2018.02.20 06:48:03.210,1.25808,1.25821,2.32,5.25
2018.02.20 06:48:03.761,1.25808,1.2582,2.14,1.50
2018.02.20 06:48:04.532,1.25809,1.25819,1.00,1.12
2018.02.20 06:48:17.490,1.2581,1.2582,1.00,1.00
2018.02.20 06:48:20.427,1.2581,1.25821,1.00,4.50
2018.02.20 06:48:20.480,1.2581,1.25823,1.69,2.51
2018.02.20 06:48:20.532,1.25811,1.25823,1.19,1.31
2018.02.20 06:48:21.035,1.25811,1.25824,2.51,2.70
2018.02.20 06:48:23.994,1.2581,1.25822,1.20,1.50
2018.02.20 06:48:29.113,1.2581,1.25822,2.51,4.12
2018.02.20 06:48:31.506,1.2581,1.25823,3.26,4.12
2018.02.20 06:48:40.041,1.2581,1.25823,7.76,1.50
2018.02.20 06:48:40.930,1.25812,1.25823,1.00,1.50
2018.02.20 06:48:41.596,1.2581,1.25823,6.64,1.50
2018.02.20 06:48:42.459,1.2581,1.25823,4.39,2.44
2018.02.20 06:48:43.464,1.2581,1.25823,4.39,1.50
2018.02.20 06:48:43.995,1.2581,1.25821,1.76,2.62
2018.02.20 06:48:47.177,1.2581,1.25823,4.01,5.51
2018.02.20 06:48:47.554,1.25811,1.25823,1.10,1.20
2018.02.20 06:48:50.786,1.25813,1.25826,1.50,2.51
2018.02.20 06:48:51.094,1.25815,1.25825,1.00,1.00
2018.02.20 06:48:51.688,1.25815,1.25826,1.00,2.14
2018.02.20 06:48:57.451,1.25815,1.25826,1.00,1.50
2018.02.20 06:49:03.450,1.25815,1.25827,1.01,5.89
2018.02.20 06:49:04.048,1.25815,1.25827,1.25,5.14
2018.02.20 06:49:16.234,1.25815,1.25826,2.44,1.00
2018.02.20 06:49:17.053,1.25817,1.25828,1.00,4.01
2018.02.20 06:49:20.066,1.25817,1.25827,1.00,3.07
2018.02.20 06:49:24.780,1.25817,1.25827,1.00,2.14
2018.02.20 06:49:31.220,1.25817,1.25827,1.00,2.70
2018.02.20 06:49:33.592,1.25817,1.25827,1.00,1.10
2018.02.20 06:49:34.438,1.25817,1.25826,1.00,1.00
2018.02.20 06:49:34.542,1.25817,1.25828,1.00,1.12
2018.02.20 06:49:37.900,1.25817,1.25828,1.25,3.75
2018.02.20 06:49:39.436,1.25817,1.25828,1.25,1.12
2018.02.20 06:49:47.083,1.25817,1.25828,1.00,4.12
2018.02.20 06:49:48.467,1.25815,1.25826,3.82,1.00
2018.02.20 06:49:49.062,1.25816,1.25826,1.00,1.00
2018.02.20 06:49:49.716,1.25815,1.25826,2.32,1.00
2018.02.20 06:49:55.309,1.25815,1.25826,1.00,2.32
2018.02.20 06:49:58.197,1.25815,1.25826,1.00,2.32
2018.02.20 06:49:59.226,1.25817,1.25826,1.00,1.00
2018.02.20 06:49:59.531,1.25817,1.25828,1.00,2.44
2018.02.20 06:50:00.243,1.25817,1.25828,1.00,4.39
2018.02.20 06:50:00.603,1.25814,1.25827,2.51,1.12
2018.02.20 06:50:01.139,1.25814,1.25827,1.00,3.45
2018.02.20 06:50:01.685,1.25814,1.25826,1.50,1.07
2018.02.20 06:50:02.223,1.25814,1.25826,1.19,1.20
2018.02.20 06:50:03.785,1.25814,1.25826,1.19,3.45
2018.02.20 06:50:04.455,1.25814,1.25826,1.19,3.67
2018.02.20 06:50:05.046,1.25814,1.25826,1.00,3.67
2018.02.20 06:50:05.600,1.25814,1.25824,1.00,1.00
2018.02.20 06:50:21.510,1.25814,1.2582,1.00,1.25
2018.02.20 06:50:22.589,1.25814,1.25822,1.00,1.50
2018.02.20 06:50:22.708,1.25811,1.25821,1.12,1.12
2018.02.20 06:50:24.469,1.25811,1.25816,1.00,1.25
2018.02.20 06:50:32.223,1.25809,1.25816,1.10,1.00
2018.02.20 06:50:32.477,1.25808,1.25819,1.95,2.06
2018.02.20 06:50:32.530,1.25805,1.25818,4.20,1.00
2018.02.20 06:50:34.949,1.25805,1.25818,3.45,3.07
2018.02.20 06:50:37.163,1.25805,1.25816,1.20,1.00
2018.02.20 06:50:37.699,1.25806,1.25816,1.00,1.00
2018.02.20 06:50:41.263,1.25807,1.25816,1.00,1.12
2018.02.20 06:50:46.364,1.25807,1.25816,1.00,4.57
2018.02.20 06:50:46.587,1.25804,1.25813,1.50,2.06
2018.02.20 06:50:46.797,1.25803,1.25811,1.00,1.00
2018.02.20 06:50:47.061,1.25797,1.25807,1.12,2.62
2018.02.20 06:50:58.036,1.25796,1.25806,1.00,1.00
2018.02.20 06:50:59.381,1.25803,1.25808,1.37,1.69
2018.02.20 06:50:59.434,1.25803,1.25812,1.12,1.87
2018.02.20 06:50:59.486,1.25805,1.25812,1.37,1.50
2018.02.20 06:50:59.539,1.25807,1.25815,1.00,1.10
2018.02.20 06:50:59.797,1.25806,1.25813,1.00,1.00
2018.02.20 06:50:59.901,1.25803,1.25813,2.25,1.87
2018.02.20 06:51:00.496,1.25803,1.25812,1.50,1.00
2018.02.20 06:51:14.089,1.25803,1.25813,1.00,1.87
2018.02.20 06:51:24.159,1.25803,1.25811,1.00,1.00
2018.02.20 06:51:24.700,1.25803,1.25812,1.00,1.00
2018.02.20 06:51:32.404,1.25803,1.25814,3.19,4.12
2018.02.20 06:51:32.457,1.25807,1.25816,1.00,2.32
2018.02.20 06:51:32.675,1.25805,1.25818,10.01,1.00
2018.02.20 06:51:33.392,1.25806,1.25817,3.45,1.00
2018.02.20 06:51:33.445,1.25808,1.2582,1.00,3.45
2018.02.20 06:51:34.047,1.25808,1.2582,1.00,2.55
2018.02.20 06:51:37.857,1.25813,1.25822,1.00,1.07
2018.02.20 06:51:37.962,1.25814,1.25823,1.00,1.00
2018.02.20 06:51:38.630,1.25813,1.25823,1.12,1.37
2018.02.20 06:51:39.214,1.25813,1.25823,1.00,1.00
2018.02.20 06:51:43.560,1.25816,1.25823,1.00,1.00
2018.02.20 06:51:43.715,1.25816,1.25825,1.00,1.57
2018.02.20 06:51:44.329,1.25816,1.25826,1.00,1.12
2018.02.20 06:51:50.533,1.25818,1.25826,1.00,1.12
2018.02.20 06:51:51.082,1.25817,1.25826,1.00,1.00
2018.02.20 06:51:51.516,1.25819,1.25826,1.00,1.00
2018.02.20 06:51:52.328,1.2582,1.25826,1.00,1.00
2018.02.20 06:51:53.374,1.25822,1.25826,1.00,1.00
2018.02.20 06:51:53.497,1.25824,1.25831,1.00,2.70
2018.02.20 06:51:53.754,1.25822,1.25831,1.00,6.45
2018.02.20 06:51:54.311,1.25822,1.25831,1.00,6.07
2018.02.20 06:51:54.835,1.25822,1.25828,1.00,1.00
2018.02.20 06:52:00.487,1.2582,1.25828,1.00,1.00
2018.02.20 06:52:03.325,1.25821,1.25828,1.00,1.00
2018.02.20 06:52:03.870,1.25822,1.25828,1.00,1.00
2018.02.20 06:52:04.478,1.25821,1.25828,1.00,1.00
2018.02.20 06:52:07.188,1.25823,1.25828,1.00,1.00
2018.02.20 06:52:07.870,1.25822,1.25828,1.00,1.00
2018.02.20 06:52:12.350,1.25824,1.25828,1.00,1.00
2018.02.20 06:52:12.453,1.25824,1.25831,1.00,4.20
2018.02.20 06:52:13.781,1.25823,1.25831,1.00,1.47
2018.02.20 06:52:20.913,1.25823,1.25829,1.00,3.75
2018.02.20 06:52:20.966,1.25823,1.25827,1.00,1.00
2018.02.20 06:52:21.471,1.25822,1.25827,1.00,1.00
2018.02.20 06:52:23.832,1.25821,1.25827,1.00,1.00
2018.02.20 06:52:24.093,1.25818,1.25825,1.00,2.25
2018.02.20 06:52:24.622,1.25817,1.25825,1.00,3.75
2018.02.20 06:52:28.443,1.25818,1.25825,1.00,1.20
2018.02.20 06:52:28.496,1.25821,1.25827,1.00,1.00
2018.02.20 06:52:33.941,1.25824,1.2583,1.00,2.14
2018.02.20 06:52:34.752,1.25825,1.2583,1.00,1.19
2018.02.20 06:52:38.161,1.25825,1.2583,1.00,1.26
2018.02.20 06:52:39.045,1.25824,1.2583,1.00,1.32
2018.02.20 06:52:39.592,1.25824,1.25829,1.00,1.00
2018.02.20 06:52:40.094,1.25823,1.2583,1.00,4.92
2018.02.20 06:52:41.088,1.25823,1.25827,1.00,1.00
2018.02.20 06:52:41.754,1.25823,1.25828,1.00,1.32
2018.02.20 06:52:42.295,1.25824,1.2583,1.00,2.07
2018.02.20 06:52:42.751,1.25825,1.2583,1.00,1.32
2018.02.20 06:52:43.837,1.25825,1.2583,1.00,1.32
2018.02.20 06:52:44.394,1.25825,1.2583,1.00,1.32
2018.02.20 06:52:49.119,1.25823,1.25828,1.00,1.00
2018.02.20 06:52:54.509,1.25822,1.25828,1.00,1.00
2018.02.20 06:52:55.020,1.25824,1.25828,1.00,1.26
2018.02.20 06:52:55.719,1.25824,1.25831,1.00,2.89
2018.02.20 06:52:58.835,1.25824,1.2583,1.00,1.29
2018.02.20 06:52:59.578,1.25824,1.2583,1.00,1.10
2018.02.20 06:53:00.430,1.25824,1.2583,1.00,1.29
2018.02.20 06:53:01.446,1.25824,1.25831,1.00,3.27
2018.02.20 06:53:04.074,1.25824,1.25831,1.00,7.39
2018.02.20 06:53:05.047,1.25828,1.25833,1.00,1.99
2018.02.20 06:53:05.100,1.2583,1.25836,1.00,4.20
2018.02.20 06:53:05.652,1.25831,1.25836,1.00,1.87
2018.02.20 06:53:07.135,1.25829,1.25836,1.00,1.87
2018.02.20 06:53:09.616,1.25828,1.25836,1.00,1.87
2018.02.20 06:53:11.605,1.25829,1.25836,1.00,1.87
2018.02.20 06:53:12.493,1.25831,1.25836,1.00,1.12
2018.02.20 06:53:12.649,1.25832,1.25839,1.00,3.07
2018.02.20 06:53:13.532,1.25832,1.25839,1.00,2.70
2018.02.20 06:53:14.230,1.25832,1.25838,1.00,1.10
2018.02.20 06:53:17.735,1.2583,1.25839,1.00,5.70
2018.02.20 06:53:18.273,1.25831,1.25839,1.00,4.20
2018.02.20 06:53:18.901,1.25831,1.25839,1.00,4.20
2018.02.20 06:53:19.704,1.25831,1.25839,1.00,6.45
2018.02.20 06:53:22.248,1.25832,1.25839,1.00,3.82
2018.02.20 06:53:22.833,1.25831,1.25838,1.00,1.00
2018.02.20 06:53:22.898,1.25832,1.25836,1.00,1.00
2018.02.20 06:53:23.336,1.2583,1.25836,1.00,1.00
2018.02.20 06:53:26.547,1.25832,1.25836,1.00,1.00
2018.02.20 06:53:27.307,1.25834,1.25838,1.00,1.00
2018.02.20 06:53:27.359,1.25834,1.2584,1.00,1.00
2018.02.20 06:53:27.410,1.25836,1.2584,1.00,1.00
2018.02.20 06:53:27.461,1.25837,1.25842,1.00,1.12
2018.02.20 06:53:30.151,1.25839,1.25845,1.00,1.12
2018.02.20 06:53:31.533,1.25838,1.25844,1.00,1.00
2018.02.20 06:53:32.053,1.25838,1.25843,1.00,1.00
2018.02.20 06:53:38.589,1.25836,1.25843,1.00,2.25
2018.02.20 06:53:39.016,1.25834,1.25843,1.00,6.00
2018.02.20 06:53:39.337,1.25836,1.25841,1.00,1.00
2018.02.20 06:53:39.646,1.25836,1.25843,1.00,1.50
2018.02.20 06:53:39.698,1.25838,1.25845,1.00,4.95
2018.02.20 06:53:40.211,1.25838,1.25843,1.00,1.00
2018.02.20 06:53:40.848,1.25839,1.25843,1.00,1.00
2018.02.20 06:53:42.501,1.25839,1.25844,1.00,1.00
2018.02.20 06:53:43.505,1.25839,1.25843,1.00,1.00
2018.02.20 06:53:44.704,1.25837,1.25845,1.00,2.70
2018.02.20 06:53:48.910,1.25838,1.25844,1.00,1.12
2018.02.20 06:53:49.436,1.25837,1.25844,1.00,1.12
2018.02.20 06:53:51.133,1.25839,1.25844,1.00,1.12
2018.02.20 06:53:53.288,1.25839,1.25845,1.00,1.87
2018.02.20 06:53:54.396,1.25841,1.25845,1.00,2.25
2018.02.20 06:53:54.941,1.2584,1.25845,1.00,1.00
2018.02.20 06:53:54.992,1.25838,1.25845,1.00,2.25
2018.02.20 06:53:55.044,1.25833,1.25844,1.10,1.00
2018.02.20 06:53:55.557,1.25833,1.25843,1.00,1.50
2018.02.20 06:54:00.767,1.25833,1.25845,2.62,3.45
2018.02.20 06:54:01.268,1.25834,1.25845,1.12,1.12
2018.02.20 06:54:01.819,1.25834,1.25844,1.00,1.00
2018.02.20 06:54:03.475,1.25834,1.25845,1.00,4.95
2018.02.20 06:54:04.232,1.25834,1.25844,1.00,1.50
2018.02.20 06:54:06.835,1.25832,1.25843,1.00,5.62
2018.02.20 06:54:09.164,1.25832,1.25844,1.50,4.20
2018.02.20 06:54:09.675,1.25832,1.25843,1.50,1.00
2018.02.20 06:54:12.259,1.25832,1.25842,1.50,1.00
2018.02.20 06:54:12.315,1.25832,1.25844,1.50,2.62
2018.02.20 06:54:13.201,1.25833,1.25844,1.00,1.12
2018.02.20 06:54:13.286,1.25833,1.25842,1.00,1.00
2018.02.20 06:54:13.793,1.25833,1.25843,1.00,1.00
2018.02.20 06:54:14.276,1.25835,1.25844,1.00,1.12
2018.02.20 06:54:14.809,1.25835,1.25845,1.00,1.87
2018.02.20 06:54:24.591,1.25836,1.25845,1.00,1.00
2018.02.20 06:54:25.123,1.25836,1.25846,1.00,1.12
2018.02.20 06:54:26.410,1.25835,1.25845,1.00,3.75
2018.02.20 06:54:26.952,1.25834,1.25844,1.00,5.25
2018.02.20 06:54:31.491,1.25834,1.25843,1.00,2.25
2018.02.20 06:54:32.179,1.25833,1.25843,1.00,1.00
2018.02.20 06:54:33.666,1.25833,1.25843,1.00,1.50
2018.02.20 06:54:34.174,1.25832,1.25842,1.00,1.50
2018.02.20 06:54:34.782,1.25832,1.25843,1.00,1.57
2018.02.20 06:54:35.573,1.25833,1.25844,1.00,5.32
2018.02.20 06:54:39.096,1.25833,1.25844,1.00,3.07
2018.02.20 06:54:39.830,1.25833,1.25843,1.00,1.00
2018.02.20 06:54:40.139,1.25831,1.25841,1.50,1.00
2018.02.20 06:54:41.537,1.25832,1.25843,1.00,1.50
2018.02.20 06:54:42.936,1.25832,1.25843,1.10,1.12
2018.02.20 06:54:44.762,1.25833,1.25844,1.50,1.12
2018.02.20 06:54:49.590,1.25834,1.25845,1.00,1.57
2018.02.20 06:54:51.849,1.25834,1.25844,1.00,1.37
2018.02.20 06:54:52.164,1.25833,1.25841,1.00,1.50
2018.02.20 06:54:52.317,1.25833,1.25843,1.00,1.12
2018.02.20 06:54:52.848,1.25834,1.25843,1.00,1.00
2018.02.20 06:55:01.086,1.25834,1.25843,1.00,1.11
2018.02.20 06:55:01.597,1.25834,1.25843,1.00,2.36
2018.02.20 06:55:01.911,1.25832,1.25838,1.50,1.00
2018.02.20 06:55:02.016,1.25828,1.25838,1.00,3.00
2018.02.20 06:55:02.068,1.25828,1.25837,1.00,1.24
2018.02.20 06:55:02.593,1.25829,1.25837,1.00,1.11
2018.02.20 06:55:03.118,1.25828,1.25837,1.00,1.24
2018.02.20 06:55:03.695,1.25828,1.25837,1.00,1.24
2018.02.20 06:55:04.938,1.25829,1.25837,1.00,1.11
2018.02.20 06:55:05.141,1.25829,1.25837,1.00,1.11
2018.02.20 06:55:07.640,1.25829,1.25837,1.00,1.15
2018.02.20 06:55:08.645,1.25829,1.25837,1.12,1.11
2018.02.20 06:55:09.190,1.25829,1.25837,1.12,1.15
2018.02.20 06:55:10.174,1.25829,1.25837,1.00,1.11
2018.02.20 06:55:12.725,1.25829,1.25837,1.00,1.11
2018.02.20 06:55:15.257,1.25829,1.25837,1.00,1.15
2018.02.20 06:55:20.626,1.25829,1.25837,1.00,1.11
2018.02.20 06:55:21.172,1.25829,1.25837,1.00,1.00
2018.02.20 06:55:22.605,1.25829,1.25837,1.00,1.11
2018.02.20 06:55:24.260,1.25829,1.25837,1.00,1.15
2018.02.20 06:55:25.435,1.25829,1.25837,1.00,1.11
2018.02.20 06:55:25.947,1.25829,1.25837,1.00,1.15
2018.02.20 06:55:26.049,1.25827,1.25837,1.00,1.15
2018.02.20 06:55:33.463,1.25827,1.25837,1.12,1.11
2018.02.20 06:55:34.778,1.25826,1.25837,1.00,3.11
2018.02.20 06:55:35.658,1.25826,1.25837,1.00,2.44
2018.02.20 06:55:36.350,1.25826,1.25837,1.00,5.44
2018.02.20 06:55:39.273,1.25826,1.25837,1.00,3.56
2018.02.20 06:55:39.866,1.25826,1.25836,1.00,1.24
2018.02.20 06:55:40.413,1.25826,1.25837,1.00,3.56
2018.02.20 06:55:40.516,1.25824,1.25836,1.50,1.99
2018.02.20 06:55:50.018,1.25824,1.25833,1.00,1.12
2018.02.20 06:55:50.075,1.25822,1.25833,1.12,1.12
2018.02.20 06:55:50.826,1.25822,1.25832,1.00,1.00
2018.02.20 06:56:00.225,1.2582,1.25832,2.32,1.00
2018.02.20 06:56:00.551,1.2582,1.2583,1.12,1.00
2018.02.20 06:56:01.066,1.25821,1.25831,1.00,1.00
2018.02.20 06:56:01.610,1.25821,1.25832,1.10,1.50
2018.02.20 06:56:02.148,1.25821,1.25832,1.57,1.50
2018.02.20 06:56:02.578,1.25823,1.25832,3.75,1.00
2018.02.20 06:56:02.631,1.25824,1.25834,1.87,1.00
2018.02.20 06:56:02.684,1.25824,1.25836,2.32,1.20
2018.02.20 06:56:03.234,1.25824,1.25835,2.17,1.50
2018.02.20 06:56:03.286,1.25824,1.25832,1.12,1.00
2018.02.20 06:56:03.442,1.25822,1.25831,1.00,1.00
2018.02.20 06:56:05.908,1.25822,1.25831,2.25,1.00
2018.02.20 06:56:06.494,1.25822,1.25831,1.00,1.00
2018.02.20 06:56:07.186,1.25822,1.2583,1.00,1.00
2018.02.20 06:56:08.101,1.25822,1.25831,1.00,1.50
2018.02.20 06:56:10.006,1.25822,1.25828,1.00,1.00
2018.02.20 06:56:10.059,1.25819,1.25828,1.00,1.50
2018.02.20 06:56:10.112,1.25815,1.25825,1.95,1.00
2018.02.20 06:56:10.616,1.25815,1.25825,1.57,1.00
2018.02.20 06:56:28.293,1.25815,1.25824,1.10,1.00
2018.02.20 06:56:28.838,1.25815,1.25823,1.00,1.00
2018.02.20 06:56:29.056,1.25815,1.25825,1.00,1.00
2018.02.20 06:56:29.660,1.25816,1.25826,1.00,1.50
2018.02.20 06:56:30.409,1.25815,1.25826,1.00,1.50
2018.02.20 06:56:30.564,1.25817,1.25826,1.00,1.00
2018.02.20 06:56:31.132,1.25817,1.25826,3.82,1.00
2018.02.20 06:56:31.725,1.25817,1.25827,3.82,1.00
2018.02.20 06:56:32.317,1.25817,1.25828,3.82,1.12
2018.02.20 06:56:32.928,1.25817,1.25828,1.00,1.20
2018.02.20 06:56:33.511,1.25816,1.25828,1.95,1.20
2018.02.20 06:56:38.751,1.25816,1.25826,1.10,1.00
2018.02.20 06:56:40.164,1.25815,1.25826,1.57,1.00
2018.02.20 06:56:40.712,1.25815,1.25825,1.50,1.00
2018.02.20 06:56:41.272,1.25815,1.25826,1.50,1.50
2018.02.20 06:56:41.933,1.25816,1.25826,1.00,1.50
2018.02.20 06:56:42.461,1.25817,1.25826,1.00,1.87
2018.02.20 06:56:43.251,1.25816,1.25826,4.20,1.00
2018.02.20 06:56:48.326,1.25816,1.25826,3.82,1.00
2018.02.20 06:56:50.867,1.25818,1.25826,1.00,1.00
2018.02.20 06:56:51.475,1.25817,1.25826,2.62,1.00
2018.02.20 06:56:51.527,1.25818,1.25829,1.00,1.57
2018.02.20 06:56:52.029,1.25819,1.25829,1.00,1.00
2018.02.20 06:56:54.035,1.25818,1.25829,1.57,1.00
2018.02.20 06:56:54.806,1.25817,1.25829,1.00,1.50
2018.02.20 06:56:56.460,1.25817,1.25827,1.00,1.00
2018.02.20 06:57:03.159,1.25816,1.25827,1.00,1.50
2018.02.20 06:57:03.785,1.25817,1.25827,1.20,1.50
2018.02.20 06:57:05.436,1.25816,1.25827,6.19,1.00
2018.02.20 06:57:05.988,1.25816,1.25827,4.80,1.00
2018.02.20 06:57:17.469,1.25818,1.25828,1.50,1.00
2018.02.20 06:57:19.102,1.25818,1.25828,1.50,1.00
2018.02.20 06:57:22.522,1.25818,1.25826,1.00,1.00
2018.02.20 06:57:22.625,1.25815,1.25826,1.57,1.00
2018.02.20 06:57:24.107,1.25815,1.25826,1.20,1.00
2018.02.20 06:57:25.364,1.25815,1.25826,2.32,1.00
2018.02.20 06:57:30.201,1.25818,1.25826,1.00,1.00
2018.02.20 06:57:30.304,1.25817,1.25829,3.00,1.20
2018.02.20 06:57:33.143,1.25817,1.2583,3.37,1.57
2018.02.20 06:57:44.617,1.25817,1.25829,1.39,2.70
2018.02.20 06:57:45.123,1.25817,1.25827,1.87,1.00
2018.02.20 06:57:47.488,1.25815,1.25826,1.85,1.12
2018.02.20 06:57:47.541,1.25814,1.25825,1.20,1.00
2018.02.20 06:57:48.118,1.25814,1.25824,1.12,1.00
2018.02.20 06:57:51.444,1.25814,1.25823,1.12,1.00
2018.02.20 06:57:51.953,1.25815,1.25826,1.25,1.00
2018.02.20 06:57:52.739,1.25816,1.25827,1.00,1.50
2018.02.20 06:57:55.056,1.25817,1.25827,1.00,1.50
2018.02.20 06:57:55.711,1.25816,1.25827,1.50,1.50
2018.02.20 06:58:06.067,1.25815,1.25826,1.20,1.00
2018.02.20 06:58:06.586,1.25814,1.25827,3.26,1.87
2018.02.20 06:58:09.029,1.25816,1.25827,1.50,1.50
2018.02.20 06:58:09.569,1.25817,1.25827,1.00,1.50
2018.02.20 06:58:10.301,1.25818,1.25827,1.00,1.50
2018.02.20 06:58:12.440,1.25817,1.25827,1.00,1.50
2018.02.20 06:58:14.391,1.25815,1.25827,2.14,1.00
2018.02.20 06:58:14.905,1.25816,1.25827,3.00,1.00
2018.02.20 06:58:20.941,1.25815,1.25826,3.07,1.00
2018.02.20 06:58:21.470,1.25815,1.25827,3.07,1.10
2018.02.20 06:58:23.995,1.25815,1.25827,2.32,1.10
2018.02.20 06:58:24.510,1.25815,1.25827,2.70,1.10
2018.02.20 06:58:26.715,1.25815,1.25827,4.05,1.00
2018.02.20 06:58:27.360,1.25816,1.25827,1.00,1.00
2018.02.20 06:58:28.179,1.25815,1.25827,4.05,1.00
2018.02.20 06:58:29.312,1.25815,1.25827,4.05,1.00
2018.02.20 06:58:32.817,1.25815,1.25826,1.50,1.50
2018.02.20 06:58:33.328,1.25816,1.25826,1.00,1.00
2018.02.20 06:58:34.323,1.25815,1.25827,2.10,1.00
2018.02.20 06:58:34.940,1.25815,1.25827,2.85,1.00
2018.02.20 06:58:42.252,1.25815,1.25827,5.17,1.00
2018.02.20 06:58:42.458,1.25817,1.25827,1.07,1.00
2018.02.20 06:58:47.003,1.25816,1.25827,3.79,1.00
2018.02.20 06:58:49.630,1.25817,1.25826,1.12,1.50
2018.02.20 06:58:50.330,1.25817,1.25826,1.37,1.50
2018.02.20 06:58:50.712,1.25814,1.25826,5.70,1.00
2018.02.20 06:58:51.321,1.25816,1.25826,1.07,2.62
2018.02.20 06:59:06.441,1.25815,1.25825,1.57,1.50
2018.02.20 06:59:08.064,1.25814,1.25826,1.95,2.62
2018.02.20 06:59:11.329,1.25814,1.25825,1.57,1.50
2018.02.20 06:59:11.977,1.25814,1.25826,1.57,2.62
2018.02.20 06:59:12.483,1.25814,1.25825,2.70,1.50
2018.02.20 06:59:13.145,1.25814,1.25826,4.20,2.62
2018.02.20 06:59:17.261,1.25815,1.25825,1.57,1.50
2018.02.20 06:59:28.031,1.25815,1.25825,1.57,2.25
2018.02.20 06:59:48.378,1.25815,1.25825,1.10,1.00
2018.02.20 06:59:49.994,1.25815,1.25825,1.07,1.00
2018.02.20 06:59:50.545,1.25814,1.25825,1.95,1.00
2018.02.20 06:59:54.865,1.25814,1.25825,3.45,1.50
2018.02.20 06:59:55.379,1.25817,1.25826,1.00,1.00
2018.02.20 06:59:59.822,1.25817,1.25825,1.00,1.00
2018.02.20 06:59:59.873,1.25815,1.25824,1.20,1.00
