2013.01.25 14:00:00.231,1.00722,1.00734,1.73,6.15
2013.01.25 14:00:00.733,1.00725,1.00736,2.48,1.50
2013.01.25 14:00:01.272,1.00727,1.00737,1.73,1.50
2013.01.25 14:00:02.013,1.00727,1.00736,2.48,2.25
2013.01.25 14:00:02.522,1.00726,1.00737,3.23,3.00
2013.01.25 14:00:02.822,1.00722,1.00734,3.23,2.40
2013.01.25 14:00:02.882,1.00722,1.00733,3.00,1.35
2013.01.25 14:00:03.062,1.00722,1.00733,3.00,2.55
2013.01.25 14:00:03.665,1.0072,1.0073,1.13,2.10
2013.01.25 14:00:03.795,1.0072,1.00731,1.13,1.35
2013.01.25 14:00:03.982,1.00721,1.00731,2.25,1.35
2013.01.25 14:00:04.222,1.00718,1.0073,2.48,2.10
2013.01.25 14:00:04.462,1.00716,1.00727,4.13,1.88
2013.01.25 14:00:04.763,1.00715,1.00725,1.13,1.65
2013.01.25 14:00:05.246,1.00713,1.00724,1.73,2.33
2013.01.25 14:00:05.555,1.00712,1.00719,3.75,1.50
2013.01.25 14:00:05.743,1.00712,1.0072,1.50,3.00
2013.01.25 14:00:06.223,1.00711,1.00719,1.50,1.20
2013.01.25 14:00:06.782,1.00708,1.00721,3.98,1.20
2013.01.25 14:00:07.507,1.00708,1.00722,4.73,4.43
2013.01.25 14:00:10.688,1.00708,1.00721,3.98,1.20
2013.01.25 14:00:11.332,1.00708,1.00721,2.48,1.95
2013.01.25 14:00:11.874,1.0071,1.00721,3.00,1.20
2013.01.25 14:00:12.423,1.0071,1.00722,3.75,1.43
2013.01.25 14:00:12.781,1.0071,1.00722,3.75,1.43
2013.01.25 14:00:13.416,1.00713,1.00722,1.50,1.43
2013.01.25 14:00:14.892,1.00711,1.00722,2.25,1.43
2013.01.25 14:00:15.273,1.00713,1.00723,1.50,1.73
2013.01.25 14:00:16.803,1.00713,1.00723,1.50,3.23
2013.01.25 14:00:16.873,1.00711,1.0072,2.25,2.25
2013.01.25 14:00:16.932,1.0071,1.00717,1.50,1.50
2013.01.25 14:00:17.172,1.00709,1.00719,3.23,1.50
2013.01.25 14:00:17.294,1.00711,1.00722,1.50,3.23
2013.01.25 14:00:17.604,1.00709,1.00721,3.23,1.65
2013.01.25 14:00:17.963,1.00711,1.0072,1.50,1.95
2013.01.25 14:00:18.083,1.00709,1.0072,2.48,1.95
2013.01.25 14:00:18.143,1.00711,1.0072,1.50,1.95
2013.01.25 14:00:18.262,1.00709,1.00716,2.48,1.65
2013.01.25 14:00:20.692,1.00706,1.00717,3.30,2.40
2013.01.25 14:00:21.057,1.00713,1.0072,1.50,1.05
2013.01.25 14:00:21.123,1.00711,1.00717,1.50,1.65
2013.01.25 14:00:21.628,1.00712,1.00721,1.50,1.05
2013.01.25 14:00:22.472,1.00712,1.0072,1.50,1.05
2013.01.25 14:00:22.532,1.0071,1.0072,2.25,1.05
2013.01.25 14:00:24.164,1.0071,1.00721,2.25,1.05
2013.01.25 14:00:25.226,1.0071,1.00722,3.00,1.28
2013.01.25 14:00:38.053,1.00711,1.00724,1.50,4.28
2013.01.25 14:00:38.352,1.00712,1.00724,2.63,1.50
2013.01.25 14:00:38.911,1.00712,1.00724,1.13,2.25
2013.01.25 14:00:39.705,1.00712,1.00724,1.13,3.00
2013.01.25 14:00:39.952,1.00712,1.00724,3.98,2.40
2013.01.25 14:00:40.193,1.00712,1.00724,2.25,4.13
2013.01.25 14:00:40.743,1.00712,1.00724,1.50,4.88
2013.01.25 14:00:42.822,1.00712,1.00722,2.48,1.50
2013.01.25 14:00:42.942,1.00715,1.00726,3.23,2.25
2013.01.25 14:00:43.062,1.00715,1.00726,2.48,2.25
2013.01.25 14:00:43.182,1.00714,1.00724,2.25,1.65
2013.01.25 14:00:43.843,1.00712,1.00722,2.48,1.50
2013.01.25 14:00:44.082,1.00712,1.00724,2.48,1.28
2013.01.25 14:00:44.143,1.00711,1.00723,1.73,3.15
2013.01.25 14:00:44.262,1.0071,1.0072,1.50,3.00
2013.01.25 14:00:44.562,1.00709,1.00721,3.98,1.50
2013.01.25 14:00:45.102,1.00711,1.00722,1.50,1.73
2013.01.25 14:00:45.832,1.00709,1.00722,3.23,3.23
2013.01.25 14:00:46.012,1.0071,1.0072,1.50,1.50
2013.01.25 14:00:46.552,1.00709,1.00722,3.75,2.48
2013.01.25 14:00:46.791,1.00708,1.00719,1.50,3.00
2013.01.25 14:00:47.596,1.00711,1.00721,1.50,3.23
2013.01.25 14:00:48.187,1.00711,1.00721,1.50,1.73
2013.01.25 14:00:49.665,1.00709,1.00721,1.50,3.23
2013.01.25 14:00:50.753,1.00709,1.0072,2.25,1.50
2013.01.25 14:00:55.202,1.0071,1.0072,3.00,1.50
2013.01.25 14:00:55.742,1.0071,1.0072,3.00,1.50
2013.01.25 14:01:00.333,1.00712,1.0072,1.50,1.50
2013.01.25 14:01:00.392,1.00712,1.00723,1.50,2.48
2013.01.25 14:01:00.574,1.00712,1.00723,1.73,1.50
2013.01.25 14:01:01.183,1.00715,1.00724,1.50,2.25
2013.01.25 14:01:01.363,1.00715,1.00724,3.90,2.25
2013.01.25 14:01:01.603,1.00717,1.00728,1.13,2.25
2013.01.25 14:01:01.664,1.00718,1.00729,2.48,1.50
2013.01.25 14:01:01.725,1.00718,1.0073,3.23,3.75
2013.01.25 14:01:01.793,1.0072,1.0073,1.50,3.00
2013.01.25 14:01:01.853,1.00722,1.0073,1.50,1.50
2013.01.25 14:01:02.212,1.0072,1.00731,2.25,4.35
2013.01.25 14:01:02.840,1.0072,1.0073,1.50,1.35
2013.01.25 14:01:03.028,1.00718,1.00728,1.73,1.35
2013.01.25 14:01:07.692,1.00716,1.00726,1.88,1.35
2013.01.25 14:01:08.692,1.00716,1.00726,1.88,1.35
2013.01.25 14:01:11.163,1.00717,1.00728,2.48,1.35
2013.01.25 14:01:12.723,1.00716,1.00727,1.13,2.10
2013.01.25 14:01:13.530,1.00716,1.00727,1.13,2.85
2013.01.25 14:01:22.682,1.00717,1.00727,1.88,2.85
2013.01.25 14:01:23.221,1.00717,1.00727,1.88,1.05
2013.01.25 14:01:26.723,1.00715,1.00726,2.48,1.50
2013.01.25 14:01:26.784,1.00714,1.00726,3.00,3.00
2013.01.25 14:01:27.023,1.00714,1.00724,2.25,1.50
2013.01.25 14:01:27.572,1.00713,1.00724,1.50,1.50
2013.01.25 14:01:28.992,1.00711,1.00724,5.63,3.00
2013.01.25 14:01:29.353,1.0071,1.00721,1.50,2.25
2013.01.25 14:01:29.782,1.00709,1.0072,2.25,1.50
2013.01.25 14:01:30.141,1.00708,1.00719,1.35,3.75
2013.01.25 14:01:30.682,1.00708,1.00717,1.35,1.05
2013.01.25 14:01:31.185,1.00706,1.00717,2.40,3.00
2013.01.25 14:01:31.253,1.00707,1.00717,1.88,3.00
2013.01.25 14:01:31.791,1.00704,1.00716,3.90,3.00
2013.01.25 14:01:52.494,1.0071,1.0072,2.25,1.35
2013.01.25 14:01:52.685,1.00711,1.00722,1.50,2.48
2013.01.25 14:01:52.932,1.00711,1.00722,2.25,2.48
2013.01.25 14:01:53.174,1.00714,1.00725,1.50,4.88
2013.01.25 14:01:53.713,1.00714,1.00725,2.25,1.50
2013.01.25 14:01:54.252,1.00714,1.00725,2.25,1.50
2013.01.25 14:01:54.432,1.00714,1.00723,2.25,1.58
2013.01.25 14:01:54.733,1.00712,1.00721,3.23,2.33
2013.01.25 14:01:55.092,1.00707,1.00718,2.63,1.50
2013.01.25 14:01:55.212,1.00707,1.00716,2.63,1.50
2013.01.25 14:01:57.481,1.00706,1.00718,3.00,4.73
2013.01.25 14:01:57.554,1.00705,1.00717,1.50,3.23
2013.01.25 14:01:58.092,1.00703,1.00715,6.38,1.50
2013.01.25 14:01:59.781,1.00705,1.00717,1.50,3.87
2013.01.25 14:02:07.183,1.00705,1.00717,1.50,2.55
2013.01.25 14:02:09.115,1.00705,1.00717,1.65,2.55
2013.01.25 14:02:09.664,1.00705,1.00717,1.73,2.33
2013.01.25 14:02:09.846,1.00705,1.00717,2.25,2.55
2013.01.25 14:02:11.761,1.00705,1.00716,1.88,1.50
2013.01.25 14:02:13.722,1.00705,1.00717,2.63,2.55
2013.01.25 14:02:15.587,1.00705,1.00717,1.88,2.55
2013.01.25 14:02:16.402,1.00705,1.00716,1.50,1.50
2013.01.25 14:02:16.903,1.00706,1.00717,1.50,1.05
2013.01.25 14:02:18.253,1.00706,1.00717,3.83,1.05
2013.01.25 14:02:18.554,1.00713,1.00721,1.50,1.50
2013.01.25 14:02:19.092,1.00713,1.00723,3.00,1.73
2013.01.25 14:02:20.449,1.00713,1.00724,2.25,4.13
2013.01.25 14:02:22.232,1.00713,1.00724,3.23,1.13
2013.01.25 14:02:22.743,1.00715,1.00727,1.50,3.23
2013.01.25 14:02:24.852,1.00715,1.00727,1.50,4.13
2013.01.25 14:02:25.053,1.00717,1.00727,1.50,2.63
2013.01.25 14:02:25.234,1.00717,1.00728,1.88,1.20
2013.01.25 14:02:28.345,1.00717,1.00728,3.23,1.13
2013.01.25 14:02:28.472,1.00715,1.00726,1.50,1.88
2013.01.25 14:02:28.714,1.00716,1.00727,1.13,2.25
2013.01.25 14:02:29.082,1.00716,1.00727,1.13,2.25
2013.01.25 14:02:29.483,1.00715,1.00727,1.50,4.13
2013.01.25 14:02:29.602,1.00714,1.00725,1.13,1.50
2013.01.25 14:02:29.723,1.00716,1.00728,2.10,3.75
2013.01.25 14:02:30.881,1.00716,1.00728,3.23,2.25
2013.01.25 14:02:32.892,1.00718,1.00728,1.13,2.25
2013.01.25 14:02:34.952,1.00717,1.00728,1.13,2.25
2013.01.25 14:02:47.953,1.00718,1.00729,2.63,1.50
2013.01.25 14:02:53.792,1.00719,1.0073,1.13,3.00
2013.01.25 14:02:54.452,1.00719,1.0073,1.88,3.00
2013.01.25 14:02:54.573,1.0072,1.0073,2.25,2.25
2013.01.25 14:02:54.693,1.00722,1.00732,3.00,1.13
2013.01.25 14:02:55.331,1.00722,1.00734,3.00,3.60
2013.01.25 14:02:57.081,1.00723,1.00734,1.50,3.60
2013.01.25 14:02:58.785,1.00722,1.00734,3.00,3.60
2013.01.25 14:02:58.912,1.00723,1.00734,1.50,2.40
2013.01.25 14:02:59.212,1.00725,1.00737,1.50,2.40
2013.01.25 14:03:00.011,1.00725,1.00737,1.50,2.40
2013.01.25 14:03:01.372,1.00724,1.00737,1.65,2.40
2013.01.25 14:03:01.552,1.00726,1.00738,1.50,2.85
2013.01.25 14:03:02.091,1.00726,1.00738,2.25,2.85
2013.01.25 14:03:02.652,1.00726,1.00738,2.25,2.85
2013.01.25 14:03:04.242,1.00726,1.00738,3.00,2.85
2013.01.25 14:03:05.041,1.00726,1.00738,3.00,2.85
2013.01.25 14:03:05.342,1.00732,1.00739,1.50,2.10
2013.01.25 14:03:05.462,1.00728,1.00739,1.50,2.10
2013.01.25 14:03:06.241,1.00726,1.00738,2.25,1.13
2013.01.25 14:03:06.612,1.00727,1.00738,1.13,2.48
2013.01.25 14:03:07.151,1.00728,1.00738,2.25,1.50
2013.01.25 14:03:07.572,1.0073,1.00742,3.75,3.15
2013.01.25 14:03:07.873,1.00733,1.00744,2.25,2.63
2013.01.25 14:03:08.412,1.00735,1.00745,2.25,2.63
2013.01.25 14:03:08.473,1.00735,1.00745,2.25,2.25
2013.01.25 14:03:08.533,1.00736,1.00745,1.35,1.50
2013.01.25 14:03:08.783,1.00739,1.00748,1.13,1.50
2013.01.25 14:03:10.222,1.0074,1.00749,2.25,2.25
2013.01.25 14:03:11.152,1.0074,1.0075,2.25,2.25
2013.01.25 14:03:14.461,1.00737,1.00749,4.13,3.00
2013.01.25 14:03:16.697,1.00739,1.00749,1.65,2.25
2013.01.25 14:03:17.361,1.00739,1.0075,2.40,1.50
2013.01.25 14:03:17.691,1.00739,1.0075,2.40,1.50
2013.01.25 14:03:17.892,1.00739,1.0075,2.40,1.50
2013.01.25 14:03:19.712,1.00737,1.00749,1.50,2.25
2013.01.25 14:03:19.952,1.00736,1.00747,1.73,3.00
2013.01.25 14:03:20.012,1.00735,1.00747,1.73,3.75
2013.01.25 14:03:20.409,1.00733,1.00744,4.35,1.50
2013.01.25 14:03:20.721,1.00733,1.00744,2.25,2.10
2013.01.25 14:03:21.623,1.00731,1.00738,2.25,1.13
2013.01.25 14:03:21.804,1.00724,1.00735,1.73,3.38
2013.01.25 14:03:21.866,1.00724,1.00735,1.50,2.63
2013.01.25 14:03:23.664,1.00722,1.00735,2.48,4.13
2013.01.25 14:03:24.083,1.00721,1.0073,1.50,2.10
2013.01.25 14:03:24.442,1.00719,1.00726,1.50,1.50
2013.01.25 14:03:25.064,1.00715,1.00725,1.50,1.50
2013.01.25 14:03:25.185,1.00714,1.00724,1.50,1.50
2013.01.25 14:03:27.922,1.00714,1.00726,2.48,2.25
2013.01.25 14:03:28.461,1.00715,1.00726,2.48,1.50
2013.01.25 14:03:29.434,1.00716,1.00729,2.25,3.00
2013.01.25 14:03:29.671,1.00716,1.00729,2.25,3.23
2013.01.25 14:03:30.212,1.00716,1.00726,1.50,2.25
2013.01.25 14:03:31.332,1.00717,1.00727,1.50,1.73
2013.01.25 14:03:31.575,1.00727,1.00737,2.25,1.73
2013.01.25 14:03:31.822,1.00728,1.0074,1.73,4.13
2013.01.25 14:03:38.213,1.00726,1.00738,2.48,1.50
2013.01.25 14:03:38.275,1.00726,1.00738,1.50,2.48
2013.01.25 14:03:38.342,1.00724,1.00738,3.38,3.98
2013.01.25 14:03:40.571,1.00724,1.00738,3.38,3.98
2013.01.25 14:03:40.958,1.00725,1.00738,2.63,3.00
2013.01.25 14:03:41.546,1.00727,1.00738,2.48,1.50
2013.01.25 14:03:42.754,1.00729,1.00738,1.50,1.50
2013.01.25 14:03:43.301,1.00736,1.00743,1.50,2.48
2013.01.25 14:03:43.377,1.00742,1.00752,2.25,2.48
2013.01.25 14:03:43.804,1.00742,1.00753,2.25,3.23
2013.01.25 14:03:44.862,1.00742,1.00754,2.25,1.73
2013.01.25 14:03:45.482,1.00745,1.00754,1.50,1.73
2013.01.25 14:03:45.783,1.00746,1.00757,1.50,2.48
2013.01.25 14:03:45.842,1.00747,1.00759,1.50,4.58
2013.01.25 14:03:45.963,1.0075,1.00759,1.50,2.25
2013.01.25 14:03:46.022,1.0075,1.00762,2.18,3.60
2013.01.25 14:03:46.397,1.00755,1.00765,1.50,2.48
2013.01.25 14:03:46.465,1.00755,1.00767,1.88,3.00
2013.01.25 14:03:47.021,1.00755,1.00767,1.80,2.10
2013.01.25 14:03:47.600,1.00755,1.00767,1.80,2.85
2013.01.25 14:03:48.101,1.00755,1.00767,1.43,2.25
2013.01.25 14:03:48.222,1.00755,1.00769,3.38,1.50
2013.01.25 14:03:49.594,1.00755,1.00768,1.43,1.73
2013.01.25 14:03:51.272,1.00756,1.00768,1.20,1.73
2013.01.25 14:03:52.002,1.00755,1.00769,1.50,2.33
2013.01.25 14:03:52.664,1.00755,1.00769,3.00,2.48
2013.01.25 14:03:53.325,1.00756,1.00769,1.73,2.25
2013.01.25 14:03:59.363,1.00756,1.00769,1.73,2.85
2013.01.25 14:03:59.785,1.00755,1.00768,3.15,1.73
2013.01.25 14:04:00.604,1.00756,1.00768,1.65,1.73
2013.01.25 14:04:01.204,1.00755,1.00769,5.10,3.83
2013.01.25 14:04:02.422,1.00755,1.00765,3.00,3.15
2013.01.25 14:04:02.722,1.00749,1.0076,1.13,1.50
2013.01.25 14:04:03.041,1.00748,1.00759,1.13,2.25
2013.01.25 14:04:03.852,1.00748,1.00759,1.13,3.75
2013.01.25 14:04:04.476,1.00744,1.00756,3.23,2.25
2013.01.25 14:04:04.542,1.00744,1.00756,1.50,3.00
2013.01.25 14:04:10.053,1.00744,1.00756,3.75,3.00
2013.01.25 14:04:13.063,1.00744,1.00756,3.00,3.00
2013.01.25 14:04:16.952,1.00744,1.00756,3.00,2.25
2013.01.25 14:04:18.932,1.00744,1.00756,3.00,2.25
2013.01.25 14:04:19.482,1.00746,1.00758,3.00,2.10
2013.01.25 14:04:23.327,1.00746,1.00758,2.85,3.60
2013.01.25 14:04:23.397,1.00747,1.00758,1.50,3.23
2013.01.25 14:04:23.525,1.00751,1.00758,1.88,1.50
2013.01.25 14:04:24.079,1.00752,1.0076,1.88,3.75
2013.01.25 14:04:24.635,1.0075,1.00761,1.50,2.40
2013.01.25 14:04:24.707,1.00747,1.00759,3.38,3.45
2013.01.25 14:04:27.233,1.00751,1.00761,1.88,2.25
2013.01.25 14:04:27.354,1.00751,1.00765,4.13,7.50
2013.01.25 14:04:27.473,1.00754,1.00765,1.50,2.25
2013.01.25 14:04:27.652,1.00755,1.00766,2.25,3.00
2013.01.25 14:04:28.612,1.00755,1.00766,1.50,1.50
2013.01.25 14:04:31.426,1.00755,1.00766,1.50,2.25
2013.01.25 14:04:32.000,1.00753,1.00764,2.63,1.50
2013.01.25 14:04:32.602,1.00755,1.00765,1.50,2.25
2013.01.25 14:04:33.114,1.00755,1.00765,2.25,2.25
2013.01.25 14:04:36.352,1.00756,1.00765,2.25,1.13
2013.01.25 14:04:36.652,1.00754,1.00764,2.25,1.35
2013.01.25 14:04:52.879,1.00754,1.00763,1.50,1.13
2013.01.25 14:04:56.607,1.00753,1.00763,1.50,1.13
2013.01.25 14:05:01.203,1.00751,1.00763,3.75,2.63
2013.01.25 14:05:09.543,1.00752,1.00763,1.50,2.63
2013.01.25 14:05:12.098,1.00752,1.00763,1.50,2.85
2013.01.25 14:05:28.213,1.00751,1.00763,3.75,2.10
2013.01.25 14:05:28.987,1.00751,1.00763,3.75,2.10
2013.01.25 14:05:31.922,1.00754,1.00763,2.10,2.10
2013.01.25 14:05:32.282,1.00761,1.0077,3.00,1.88
2013.01.25 14:05:32.522,1.00761,1.00772,3.00,1.20
2013.01.25 14:05:33.748,1.00761,1.00772,2.25,1.20
2013.01.25 14:05:34.293,1.00761,1.00772,3.00,1.20
2013.01.25 14:05:36.616,1.00762,1.00773,2.25,1.13
2013.01.25 14:05:36.683,1.00763,1.00774,2.25,1.13
2013.01.25 14:05:36.742,1.00763,1.00775,2.40,1.65
2013.01.25 14:05:36.862,1.00764,1.00776,1.50,3.15
2013.01.25 14:05:37.162,1.00768,1.00779,1.13,3.00
2013.01.25 14:05:37.583,1.00768,1.00778,1.13,2.10
2013.01.25 14:05:37.942,1.00765,1.00777,2.25,1.95
2013.01.25 14:05:38.517,1.00763,1.00777,3.98,4.13
2013.01.25 14:05:40.384,1.00763,1.00775,3.98,1.73
2013.01.25 14:05:40.922,1.00763,1.00773,1.50,1.35
2013.01.25 14:05:41.424,1.00762,1.00773,2.25,1.35
2013.01.25 14:05:48.032,1.00762,1.00773,2.25,1.35
2013.01.25 14:05:48.464,1.00764,1.00774,1.50,1.50
2013.01.25 14:05:48.586,1.00764,1.00776,4.35,2.40
2013.01.25 14:05:49.131,1.00764,1.00776,5.25,2.40
2013.01.25 14:05:51.681,1.00764,1.00776,4.50,2.40
2013.01.25 14:05:55.592,1.00764,1.00775,2.25,1.13
2013.01.25 14:05:55.951,1.00762,1.00774,2.25,2.85
2013.01.25 14:05:56.497,1.00762,1.00774,2.25,2.85
2013.01.25 14:05:57.572,1.0076,1.00771,3.00,1.13
2013.01.25 14:05:57.992,1.00759,1.0077,2.48,3.15
2013.01.25 14:05:58.293,1.00758,1.00764,1.50,1.73
2013.01.25 14:05:58.833,1.00753,1.00762,2.25,1.20
2013.01.25 14:05:59.075,1.00753,1.00762,2.25,1.95
2013.01.25 14:05:59.443,1.00753,1.0076,1.50,1.50
2013.01.25 14:06:00.103,1.00749,1.00759,1.73,1.50
2013.01.25 14:06:02.163,1.00748,1.00759,1.88,2.25
2013.01.25 14:06:03.343,1.00742,1.00754,2.63,1.13
2013.01.25 14:06:03.526,1.00739,1.00746,4.65,2.48
2013.01.25 14:06:03.595,1.00737,1.00742,3.90,1.65
2013.01.25 14:06:03.784,1.00731,1.00741,1.88,1.50
2013.01.25 14:06:04.082,1.00732,1.00743,2.25,1.73
2013.01.25 14:06:04.204,1.00734,1.00743,2.25,1.50
2013.01.25 14:06:04.742,1.00734,1.00745,3.00,2.25
2013.01.25 14:06:05.916,1.00734,1.00746,3.75,1.50
2013.01.25 14:06:06.463,1.00733,1.00743,2.25,1.73
2013.01.25 14:06:06.643,1.00733,1.00743,2.25,1.50
2013.01.25 14:06:06.823,1.00734,1.00745,2.25,1.13
2013.01.25 14:06:07.722,1.00732,1.00746,2.85,1.50
2013.01.25 14:06:08.083,1.00732,1.00744,2.48,2.25
2013.01.25 14:06:08.395,1.00729,1.00741,1.88,3.00
2013.01.25 14:06:08.944,1.00728,1.0074,1.43,1.50
2013.01.25 14:06:09.006,1.00726,1.0074,1.73,1.50
2013.01.25 14:06:09.913,1.00725,1.00735,3.98,1.50
2013.01.25 14:06:10.273,1.00721,1.00734,3.00,1.50
2013.01.25 14:06:10.513,1.00723,1.00735,1.73,1.50
2013.01.25 14:06:11.064,1.00723,1.00735,1.73,1.50
2013.01.25 14:06:12.342,1.00724,1.00737,1.50,1.73
2013.01.25 14:06:12.644,1.00727,1.00739,3.00,2.48
2013.01.25 14:06:12.715,1.00731,1.0074,1.50,2.48
2013.01.25 14:06:12.784,1.00731,1.0074,1.50,2.25
2013.01.25 14:06:13.086,1.00732,1.00742,1.50,3.00
2013.01.25 14:06:13.872,1.00733,1.00745,1.50,1.50
2013.01.25 14:06:15.503,1.00733,1.00746,1.88,3.00
2013.01.25 14:06:17.342,1.00733,1.00746,3.38,3.00
2013.01.25 14:06:17.643,1.00733,1.00745,3.00,1.35
2013.01.25 14:06:18.182,1.00732,1.00743,3.00,2.10
2013.01.25 14:06:19.002,1.00732,1.00743,2.25,2.10
2013.01.25 14:06:19.305,1.00727,1.00737,5.25,1.88
2013.01.25 14:06:19.373,1.00722,1.00734,3.98,1.50
2013.01.25 14:06:19.913,1.00722,1.00734,1.88,1.50
2013.01.25 14:06:20.414,1.00722,1.00734,1.88,1.50
2013.01.25 14:06:20.953,1.00722,1.00734,1.88,1.50
2013.01.25 14:06:21.762,1.00722,1.00735,1.88,2.25
2013.01.25 14:06:22.182,1.00724,1.00736,3.00,3.75
2013.01.25 14:06:22.910,1.00724,1.00736,3.00,3.75
2013.01.25 14:06:23.224,1.00724,1.00733,3.00,2.10
2013.01.25 14:06:23.763,1.00724,1.00733,2.25,1.35
2013.01.25 14:06:24.542,1.00721,1.00733,2.25,2.10
2013.01.25 14:06:25.812,1.0072,1.0073,1.50,1.50
2013.01.25 14:06:25.932,1.00719,1.00732,1.65,4.50
2013.01.25 14:06:26.053,1.00718,1.00728,1.88,3.00
2013.01.25 14:06:26.473,1.00716,1.00726,2.25,1.65
2013.01.25 14:06:27.874,1.00715,1.00726,1.50,2.63
2013.01.25 14:06:28.172,1.00713,1.00725,3.38,1.50
2013.01.25 14:06:28.472,1.00714,1.00727,1.50,4.88
2013.01.25 14:06:28.984,1.00715,1.00727,3.75,3.38
2013.01.25 14:06:29.045,1.00716,1.00727,1.50,1.88
2013.01.25 14:06:29.353,1.00721,1.00728,2.25,1.50
2013.01.25 14:06:29.473,1.00721,1.00733,2.25,2.63
2013.01.25 14:06:29.594,1.00722,1.00733,1.13,2.48
2013.01.25 14:06:29.832,1.00722,1.00734,3.60,1.50
2013.01.25 14:06:31.582,1.00724,1.00736,1.65,3.15
2013.01.25 14:06:33.452,1.00724,1.00736,2.10,2.40
2013.01.25 14:06:33.992,1.00724,1.00736,2.25,2.40
2013.01.25 14:06:34.113,1.00724,1.00736,3.00,2.40
2013.01.25 14:06:44.815,1.00726,1.00738,3.90,3.23
2013.01.25 14:06:45.123,1.00733,1.00741,1.95,1.50
2013.01.25 14:06:45.483,1.00735,1.00746,1.20,2.40
2013.01.25 14:06:46.873,1.00734,1.00746,3.00,2.40
2013.01.25 14:06:47.623,1.00734,1.00743,1.50,1.50
2013.01.25 14:06:48.162,1.00732,1.00743,3.00,1.50
2013.01.25 14:06:50.284,1.00733,1.00745,3.23,2.25
2013.01.25 14:06:51.662,1.00733,1.00745,3.23,3.00
2013.01.25 14:06:52.371,1.00733,1.00745,3.23,3.00
2013.01.25 14:06:55.262,1.00733,1.00745,3.23,3.00
2013.01.25 14:06:56.435,1.00733,1.00745,2.48,3.00
2013.01.25 14:06:57.852,1.00733,1.00744,1.73,2.25
2013.01.25 14:06:58.212,1.00737,1.00745,1.50,1.50
2013.01.25 14:06:58.823,1.00736,1.00744,1.50,1.50
2013.01.25 14:06:59.062,1.00733,1.00745,3.98,3.00
2013.01.25 14:06:59.332,1.00733,1.00745,5.85,3.00
2013.01.25 14:06:59.892,1.00738,1.00749,1.73,2.25
2013.01.25 14:07:00.483,1.00737,1.00747,2.63,1.50
2013.01.25 14:07:00.964,1.0074,1.0075,1.50,3.00
2013.01.25 14:07:01.092,1.0074,1.00751,2.40,2.25
2013.01.25 14:07:01.632,1.00742,1.00752,1.88,3.00
2013.01.25 14:07:02.172,1.00743,1.00754,1.73,1.50
2013.01.25 14:07:03.112,1.00743,1.00755,3.23,3.00
2013.01.25 14:07:03.432,1.00742,1.00753,2.25,1.35
2013.01.25 14:07:04.073,1.00743,1.00753,1.50,1.35
2013.01.25 14:07:04.132,1.00743,1.00755,2.25,4.02
2013.01.25 14:07:04.192,1.00743,1.00755,1.50,3.42
2013.01.25 14:07:04.742,1.00743,1.00755,2.25,3.00
2013.01.25 14:07:06.855,1.00744,1.00754,2.25,1.73
2013.01.25 14:07:06.983,1.00742,1.00754,2.25,2.70
2013.01.25 14:07:08.348,1.00741,1.0075,2.25,1.13
2013.01.25 14:07:08.533,1.00734,1.00747,4.50,3.38
2013.01.25 14:07:08.592,1.00734,1.00747,3.00,4.88
2013.01.25 14:07:09.132,1.00732,1.00745,1.88,3.00
2013.01.25 14:07:12.849,1.00734,1.00745,3.00,2.25
2013.01.25 14:07:13.174,1.00737,1.00746,1.13,2.25
2013.01.25 14:07:15.244,1.00739,1.00746,2.48,1.50
2013.01.25 14:07:15.603,1.00743,1.00752,1.65,1.50
2013.01.25 14:07:15.664,1.00743,1.00748,1.65,1.50
2013.01.25 14:07:15.783,1.00743,1.00753,1.65,3.00
2013.01.25 14:07:18.323,1.00743,1.00753,1.65,3.00
2013.01.25 14:07:18.833,1.00742,1.00753,1.88,3.00
2013.01.25 14:07:19.795,1.00742,1.00753,1.88,3.00
2013.01.25 14:07:20.337,1.00742,1.00753,1.73,3.15
2013.01.25 14:07:20.548,1.00741,1.00752,3.23,1.13
2013.01.25 14:07:20.854,1.00739,1.0075,2.25,1.50
2013.01.25 14:07:21.402,1.00739,1.0075,1.50,1.50
2013.01.25 14:07:24.854,1.0074,1.0075,1.50,1.50
2013.01.25 14:07:25.214,1.00742,1.00753,1.13,3.00
2013.01.25 14:07:28.683,1.00742,1.00753,1.13,2.25
2013.01.25 14:07:29.353,1.00742,1.00754,3.38,3.00
2013.01.25 14:07:29.914,1.00742,1.00754,3.38,3.00
2013.01.25 14:07:30.915,1.00742,1.00754,3.38,3.00
2013.01.25 14:07:31.422,1.00744,1.00754,1.50,2.25
2013.01.25 14:07:31.995,1.00744,1.00754,1.50,3.00
2013.01.25 14:07:32.823,1.00744,1.00754,1.50,2.25
2013.01.25 14:07:33.335,1.00744,1.00754,1.50,3.00
2013.01.25 14:07:33.843,1.00744,1.00754,1.50,2.25
2013.01.25 14:07:38.932,1.00743,1.00754,1.88,2.25
2013.01.25 14:07:42.740,1.00743,1.00753,1.50,1.13
2013.01.25 14:07:43.363,1.00742,1.00753,3.00,2.63
2013.01.25 14:07:44.561,1.00742,1.00751,3.00,2.10
2013.01.25 14:07:44.806,1.00735,1.00744,3.00,3.38
2013.01.25 14:07:44.934,1.00736,1.00744,1.88,1.50
2013.01.25 14:07:45.004,1.00736,1.00747,1.88,3.75
2013.01.25 14:07:45.544,1.00738,1.00747,1.65,1.50
2013.01.25 14:07:46.932,1.00736,1.00747,1.88,2.25
2013.01.25 14:07:47.354,1.00735,1.00744,1.13,1.13
2013.01.25 14:07:47.415,1.00734,1.00743,1.50,1.88
2013.01.25 14:07:47.483,1.00733,1.00742,2.48,1.65
2013.01.25 14:07:50.083,1.0073,1.00738,1.50,1.35
2013.01.25 14:07:50.203,1.00726,1.00736,3.00,1.88
2013.01.25 14:07:50.264,1.00726,1.00734,1.50,1.88
2013.01.25 14:07:50.324,1.00725,1.00733,1.80,1.65
2013.01.25 14:07:50.444,1.00725,1.00734,1.20,3.15
2013.01.25 14:07:50.922,1.00724,1.00734,1.73,1.65
2013.01.25 14:07:51.370,1.00724,1.00734,1.50,1.65
2013.01.25 14:07:51.923,1.00724,1.00734,1.50,2.40
2013.01.25 14:07:52.433,1.00722,1.00733,2.48,1.13
2013.01.25 14:07:52.553,1.00722,1.00732,2.25,1.13
2013.01.25 14:07:54.977,1.00722,1.00732,2.25,1.13
2013.01.25 14:07:55.502,1.00722,1.00732,2.25,1.13
2013.01.25 14:07:56.753,1.00719,1.00729,2.63,2.25
2013.01.25 14:07:57.112,1.00715,1.00723,1.50,1.50
2013.01.25 14:07:57.493,1.00713,1.00723,1.65,1.50
2013.01.25 14:08:02.672,1.00712,1.00723,2.48,2.40
2013.01.25 14:08:03.093,1.00711,1.00721,2.25,1.50
2013.01.25 14:08:05.472,1.00711,1.00723,2.25,4.88
2013.01.25 14:08:06.003,1.00711,1.00722,2.25,1.65
2013.01.25 14:08:08.202,1.00711,1.00722,2.25,2.40
2013.01.25 14:08:08.533,1.00709,1.00719,2.25,1.50
2013.01.25 14:08:09.092,1.00711,1.00722,1.50,3.15
2013.01.25 14:08:11.092,1.00711,1.00722,2.25,1.65
2013.01.25 14:08:11.623,1.00711,1.00722,2.25,1.65
2013.01.25 14:08:14.802,1.00711,1.00722,2.25,1.65
2013.01.25 14:08:15.044,1.0071,1.00721,2.25,2.25
2013.01.25 14:08:15.537,1.00706,1.00717,1.65,1.73
2013.01.25 14:08:15.620,1.00704,1.00714,3.38,1.50
2013.01.25 14:08:16.403,1.00704,1.00716,2.63,1.50
2013.01.25 14:08:17.973,1.00704,1.00714,1.50,2.25
2013.01.25 14:08:18.034,1.00704,1.00714,1.50,2.48
2013.01.25 14:08:19.273,1.00703,1.00714,3.38,2.48
2013.01.25 14:08:19.574,1.00702,1.00713,1.65,1.73
2013.01.25 14:08:20.572,1.00702,1.00714,2.63,5.25
2013.01.25 14:08:20.692,1.00704,1.00714,1.88,1.50
2013.01.25 14:08:22.193,1.00705,1.00715,1.13,1.50
2013.01.25 14:08:22.853,1.00705,1.00716,1.13,3.00
2013.01.25 14:08:28.082,1.00705,1.00716,1.13,2.25
2013.01.25 14:08:29.813,1.00708,1.00719,2.40,2.33
2013.01.25 14:08:29.994,1.00709,1.00722,4.65,1.65
2013.01.25 14:08:30.174,1.00712,1.00723,2.10,1.13
2013.01.25 14:08:31.227,1.00712,1.00724,2.85,1.50
2013.01.25 14:08:35.129,1.00713,1.00726,2.40,3.90
2013.01.25 14:08:35.698,1.00713,1.00726,2.40,2.40
2013.01.25 14:08:43.243,1.00713,1.00727,3.90,3.90
2013.01.25 14:08:44.043,1.00714,1.00726,1.13,1.65
2013.01.25 14:08:44.574,1.00713,1.00726,3.15,1.65
2013.01.25 14:08:45.133,1.00714,1.00726,1.13,1.65
2013.01.25 14:08:45.686,1.00714,1.00727,1.65,3.90
2013.01.25 14:08:47.126,1.0072,1.0073,2.25,1.50
2013.01.25 14:08:47.433,1.00723,1.00734,3.38,2.25
2013.01.25 14:08:47.804,1.00723,1.00734,2.63,2.25
2013.01.25 14:08:51.706,1.00723,1.00737,5.63,3.38
2013.01.25 14:08:55.106,1.00724,1.00736,2.25,1.50
2013.01.25 14:08:55.443,1.00724,1.00736,2.25,1.50
2013.01.25 14:08:58.093,1.00723,1.00734,3.23,1.13
2013.01.25 14:08:58.214,1.00722,1.00732,2.25,1.13
2013.01.25 14:08:58.274,1.00722,1.00732,1.50,1.13
2013.01.25 14:08:58.395,1.00722,1.00734,2.63,1.73
2013.01.25 14:08:58.465,1.00722,1.00734,2.63,1.73
2013.01.25 14:08:58.595,1.00724,1.00735,1.65,2.25
2013.01.25 14:08:59.473,1.00724,1.00735,2.40,1.50
2013.01.25 14:08:59.653,1.00727,1.00737,1.50,2.48
2013.01.25 14:09:00.315,1.00728,1.00737,1.50,2.48
2013.01.25 14:09:00.492,1.00729,1.00741,1.88,2.78
2013.01.25 14:09:00.913,1.00729,1.0074,1.88,1.50
2013.01.25 14:09:01.453,1.00732,1.00741,2.25,2.40
2013.01.25 14:09:01.984,1.00733,1.00742,1.50,2.63
2013.01.25 14:09:02.483,1.0073,1.00742,4.50,3.38
2013.01.25 14:09:02.606,1.00731,1.00742,2.25,3.98
2013.01.25 14:09:02.852,1.0073,1.00742,3.75,4.73
2013.01.25 14:09:03.033,1.00729,1.00741,2.63,3.90
2013.01.25 14:09:03.574,1.00728,1.00739,1.13,3.00
2013.01.25 14:09:04.547,1.00728,1.00737,1.13,2.25
2013.01.25 14:09:04.635,1.00728,1.00737,1.13,2.25
2013.01.25 14:09:05.335,1.00725,1.00737,2.25,2.40
2013.01.25 14:09:20.773,1.00723,1.00733,3.15,1.13
2013.01.25 14:09:21.203,1.0072,1.00733,2.25,2.25
2013.01.25 14:09:21.445,1.00722,1.00733,1.88,1.73
2013.01.25 14:09:21.504,1.00723,1.00734,1.65,2.25
2013.01.25 14:09:21.564,1.00723,1.00734,1.65,3.00
2013.01.25 14:09:21.931,1.00726,1.00736,1.50,1.65
2013.01.25 14:09:22.276,1.00726,1.00735,1.50,1.50
2013.01.25 14:09:22.884,1.00724,1.00736,1.65,3.15
2013.01.25 14:09:23.643,1.00724,1.00736,1.65,3.15
2013.01.25 14:09:24.164,1.00723,1.00735,4.65,2.25
2013.01.25 14:09:25.473,1.00723,1.00735,3.90,2.25
2013.01.25 14:09:26.027,1.00723,1.00736,3.15,2.40
2013.01.25 14:09:28.493,1.00724,1.00736,1.65,2.40
2013.01.25 14:09:29.327,1.00725,1.00736,2.63,1.50
2013.01.25 14:09:29.694,1.00725,1.00736,5.25,1.65
2013.01.25 14:09:30.717,1.00725,1.00737,4.50,2.40
2013.01.25 14:09:31.263,1.00725,1.00737,3.75,2.40
2013.01.25 14:09:38.355,1.00725,1.00735,3.00,2.25
2013.01.25 14:09:40.172,1.00725,1.00736,2.25,1.65
2013.01.25 14:09:46.163,1.00726,1.00736,1.50,2.40
2013.01.25 14:09:46.849,1.00725,1.00736,2.25,1.65
2013.01.25 14:09:55.544,1.00724,1.00735,1.65,2.25
2013.01.25 14:09:55.848,1.00722,1.00733,2.48,1.13
2013.01.25 14:09:56.153,1.0072,1.00731,3.00,2.40
2013.01.25 14:09:56.693,1.0072,1.00731,2.25,1.65
2013.01.25 14:09:56.995,1.00724,1.00732,1.50,1.65
2013.01.25 14:09:57.184,1.00724,1.00733,1.50,1.88
2013.01.25 14:09:57.737,1.00724,1.00735,2.40,1.50
2013.01.25 14:09:58.583,1.00724,1.00735,3.90,1.50
2013.01.25 14:09:58.943,1.00727,1.00737,1.35,1.50
2013.01.25 14:10:02.243,1.00729,1.00738,1.13,1.50
2013.01.25 14:10:04.575,1.00729,1.00738,1.13,1.50
2013.01.25 14:10:05.753,1.00729,1.00738,1.13,1.50
2013.01.25 14:10:06.854,1.00729,1.00739,1.13,4.50
2013.01.25 14:10:08.394,1.00729,1.00738,1.13,1.50
2013.01.25 14:10:09.113,1.00729,1.00739,1.13,4.50
2013.01.25 14:10:09.702,1.00729,1.00738,1.13,1.50
2013.01.25 14:10:09.884,1.00729,1.00739,3.38,1.50
2013.01.25 14:10:10.124,1.00732,1.00741,1.50,1.65
2013.01.25 14:10:10.663,1.0073,1.00741,3.00,1.65
2013.01.25 14:10:11.367,1.00728,1.00739,3.38,1.50
2013.01.25 14:10:11.924,1.00728,1.00739,1.13,2.25
2013.01.25 14:10:14.354,1.00729,1.00739,1.13,2.25
2013.01.25 14:10:14.985,1.00729,1.00739,1.88,1.50
2013.01.25 14:10:15.167,1.00731,1.00739,1.50,1.50
2013.01.25 14:10:16.423,1.00731,1.00739,2.25,3.00
2013.01.25 14:10:16.924,1.00729,1.00739,1.13,3.00
2013.01.25 14:10:17.425,1.00729,1.0074,1.13,3.75
2013.01.25 14:10:17.853,1.00729,1.0074,1.88,3.75
2013.01.25 14:10:18.484,1.00729,1.00739,2.63,3.00
2013.01.25 14:10:18.604,1.00729,1.00739,4.13,1.50
2013.01.25 14:10:18.906,1.00733,1.00741,1.50,2.25
2013.01.25 14:10:18.977,1.00733,1.00741,1.73,1.50
2013.01.25 14:10:19.164,1.00733,1.00744,1.73,3.15
2013.01.25 14:10:21.325,1.00734,1.00744,1.50,1.65
2013.01.25 14:10:21.384,1.00733,1.00742,2.25,1.35
2013.01.25 14:10:21.923,1.00733,1.00742,1.50,1.35
2013.01.25 14:10:23.328,1.00733,1.0074,1.50,1.65
2013.01.25 14:10:24.461,1.00733,1.0074,1.50,2.40
2013.01.25 14:10:24.560,1.00727,1.00739,1.88,1.50
2013.01.25 14:10:26.173,1.00728,1.00739,1.73,1.50
2013.01.25 14:10:26.233,1.0073,1.0074,1.50,1.65
2013.01.25 14:10:26.834,1.00728,1.00739,1.88,2.25
2013.01.25 14:10:30.473,1.00728,1.00739,1.88,2.25
2013.01.25 14:10:32.413,1.00727,1.00739,4.50,2.25
2013.01.25 14:10:34.845,1.00728,1.00739,2.48,2.25
2013.01.25 14:10:35.034,1.00731,1.00741,1.50,3.15
2013.01.25 14:10:35.562,1.00733,1.00742,1.50,1.35
2013.01.25 14:10:37.138,1.00733,1.00742,1.50,1.13
2013.01.25 14:10:39.884,1.00733,1.00742,2.25,1.13
2013.01.25 14:10:49.953,1.00733,1.00742,1.50,1.88
2013.01.25 14:10:51.267,1.0073,1.00742,3.00,1.88
2013.01.25 14:10:53.144,1.00733,1.00742,1.50,1.88
2013.01.25 14:10:55.347,1.00733,1.00742,2.25,2.48
2013.01.25 14:10:55.654,1.00737,1.00747,1.65,2.48
2013.01.25 14:10:55.954,1.00738,1.00747,1.50,1.73
2013.01.25 14:10:56.883,1.00737,1.00747,2.63,2.25
2013.01.25 14:10:57.315,1.00737,1.00747,1.13,2.25
2013.01.25 14:10:57.444,1.00735,1.00746,2.25,1.65
2013.01.25 14:10:57.564,1.00733,1.00744,1.88,2.25
2013.01.25 14:10:58.243,1.00733,1.00744,1.88,2.25
2013.01.25 14:10:58.604,1.00736,1.00746,2.25,2.40
2013.01.25 14:10:59.394,1.00736,1.00746,2.25,2.40
2013.01.25 14:11:01.193,1.00734,1.00743,1.13,1.50
2013.01.25 14:11:03.114,1.00733,1.00743,1.88,1.50
2013.01.25 14:11:03.174,1.00735,1.00745,1.50,3.15
2013.01.25 14:11:05.234,1.00735,1.00745,2.25,1.65
2013.01.25 14:11:11.595,1.00735,1.00746,1.50,1.65
2013.01.25 14:11:12.603,1.00733,1.00744,2.63,1.50
2013.01.25 14:11:16.362,1.00735,1.00746,1.50,1.65
2013.01.25 14:11:18.293,1.00734,1.00745,2.25,2.25
2013.01.25 14:11:20.833,1.00734,1.00745,1.50,2.25
2013.01.25 14:11:21.903,1.00734,1.00745,1.50,2.25
2013.01.25 14:11:25.305,1.00734,1.00745,1.50,2.25
2013.01.25 14:11:25.860,1.00734,1.00745,1.50,2.25
2013.01.25 14:11:30.473,1.00736,1.00746,1.50,1.65
2013.01.25 14:11:32.824,1.00734,1.00745,1.50,2.25
2013.01.25 14:11:35.434,1.00733,1.00745,2.25,3.98
2013.01.25 14:11:35.793,1.00733,1.00744,1.50,2.85
2013.01.25 14:11:39.243,1.00731,1.00742,2.25,2.10
2013.01.25 14:11:39.364,1.00728,1.0074,6.75,1.65
2013.01.25 14:11:39.484,1.00728,1.00738,2.63,1.50
2013.01.25 14:11:39.843,1.00723,1.00735,3.98,1.65
2013.01.25 14:11:39.903,1.00723,1.00735,2.48,1.65
2013.01.25 14:11:40.476,1.00723,1.00735,1.73,1.65
2013.01.25 14:11:42.568,1.00723,1.00735,2.48,1.65
2013.01.25 14:11:44.024,1.00723,1.00732,2.48,1.13
2013.01.25 14:11:44.264,1.00721,1.00731,1.50,1.65
2013.01.25 14:11:44.384,1.0072,1.00732,1.13,2.25
2013.01.25 14:11:44.504,1.00722,1.00733,1.13,2.25
2013.01.25 14:11:45.043,1.00723,1.00736,2.25,2.03
2013.01.25 14:11:46.603,1.00723,1.00734,2.25,1.50
2013.01.25 14:11:46.664,1.00723,1.00733,2.25,1.88
2013.01.25 14:11:46.783,1.00721,1.00732,3.00,1.13
2013.01.25 14:11:48.594,1.00721,1.00732,1.50,2.25
2013.01.25 14:11:48.715,1.00721,1.00732,2.63,2.25
2013.01.25 14:11:48.964,1.00722,1.00735,2.63,3.00
2013.01.25 14:11:49.503,1.00721,1.00732,2.63,1.50
2013.01.25 14:11:50.765,1.00722,1.00735,2.63,1.50
2013.01.25 14:11:55.346,1.00722,1.00734,3.38,1.50
2013.01.25 14:11:55.705,1.00721,1.00732,2.25,2.10
2013.01.25 14:11:58.163,1.00721,1.00732,2.25,2.85
2013.01.25 14:12:06.963,1.00722,1.00732,2.25,2.10
2013.01.25 14:12:07.922,1.00722,1.00732,2.25,2.10
2013.01.25 14:12:13.464,1.00722,1.00732,2.25,2.10
2013.01.25 14:12:14.663,1.00722,1.00732,1.50,1.35
2013.01.25 14:12:15.465,1.00722,1.00732,2.25,1.35
2013.01.25 14:12:16.663,1.00722,1.00732,1.50,1.35
2013.01.25 14:12:27.932,1.00722,1.00732,1.50,1.88
2013.01.25 14:12:46.045,1.0072,1.00731,3.75,2.40
2013.01.25 14:12:46.105,1.0072,1.0073,1.50,1.50
2013.01.25 14:12:47.139,1.00719,1.00728,1.13,2.25
2013.01.25 14:12:49.643,1.00719,1.00728,1.13,2.25
2013.01.25 14:12:49.943,1.0072,1.0073,1.50,2.25
2013.01.25 14:12:52.253,1.00719,1.00731,1.88,2.40
2013.01.25 14:12:54.819,1.00719,1.00731,1.88,2.40
2013.01.25 14:12:55.364,1.0072,1.00732,2.25,1.88
2013.01.25 14:12:56.872,1.00719,1.00729,1.13,1.50
2013.01.25 14:12:57.883,1.00719,1.00732,3.38,1.88
2013.01.25 14:12:58.604,1.0072,1.00732,1.50,1.73
2013.01.25 14:13:00.367,1.0072,1.0073,1.50,2.25
2013.01.25 14:13:01.695,1.0072,1.00732,2.25,1.13
2013.01.25 14:13:02.232,1.00718,1.00729,1.13,2.25
2013.01.25 14:13:02.292,1.00718,1.00729,1.13,2.25
2013.01.25 14:13:02.673,1.00717,1.00728,1.65,1.73
2013.01.25 14:13:02.988,1.00713,1.00724,3.00,1.50
2013.01.25 14:13:03.935,1.00713,1.00724,2.63,2.25
2013.01.25 14:13:05.303,1.00714,1.00727,2.40,2.25
2013.01.25 14:13:05.874,1.00714,1.00724,3.00,1.88
2013.01.25 14:13:07.625,1.00714,1.0072,2.25,1.50
2013.01.25 14:13:07.684,1.0071,1.00719,2.25,1.50
2013.01.25 14:13:07.863,1.00707,1.00719,1.88,4.50
2013.01.25 14:13:08.384,1.00706,1.00717,1.88,1.50
2013.01.25 14:13:08.894,1.00705,1.00715,2.78,1.50
2013.01.25 14:13:09.555,1.00707,1.00715,1.50,1.50
2013.01.25 14:13:09.854,1.0071,1.00718,1.50,1.50
2013.01.25 14:13:10.394,1.00709,1.00719,1.88,1.50
2013.01.25 14:13:10.454,1.00709,1.00719,1.88,1.50
2013.01.25 14:13:10.993,1.0071,1.00719,1.50,1.50
2013.01.25 14:13:11.175,1.00707,1.00716,1.88,1.50
2013.01.25 14:13:11.233,1.00707,1.00716,1.65,1.50
2013.01.25 14:13:11.655,1.00708,1.00718,1.50,2.48
2013.01.25 14:13:12.199,1.00708,1.00718,1.50,1.73
2013.01.25 14:13:12.727,1.00708,1.00718,1.50,1.73
2013.01.25 14:13:13.706,1.00706,1.00718,1.65,3.98
2013.01.25 14:13:14.545,1.00706,1.00716,1.65,1.35
2013.01.25 14:13:14.784,1.00704,1.00714,1.50,3.98
2013.01.25 14:13:15.083,1.00705,1.00714,1.88,1.73
2013.01.25 14:13:15.204,1.00705,1.00716,1.88,1.50
2013.01.25 14:13:15.263,1.00705,1.00718,1.88,3.23
2013.01.25 14:13:16.053,1.00705,1.00718,1.13,3.23
2013.01.25 14:13:19.154,1.00705,1.00718,1.88,3.98
2013.01.25 14:13:20.070,1.00707,1.00718,1.65,3.23
2013.01.25 14:13:20.855,1.00707,1.00718,2.63,3.23
2013.01.25 14:13:20.974,1.00708,1.00718,2.63,3.00
2013.01.25 14:13:21.515,1.00708,1.00719,1.88,2.25
2013.01.25 14:13:21.644,1.00708,1.00719,1.13,3.00
2013.01.25 14:13:21.765,1.00707,1.00719,2.85,3.00
2013.01.25 14:13:21.946,1.00709,1.00716,1.65,1.50
2013.01.25 14:13:22.204,1.00707,1.00716,2.25,1.50
2013.01.25 14:13:22.565,1.00705,1.00713,3.90,3.98
2013.01.25 14:13:22.924,1.00703,1.00713,1.50,1.88
2013.01.25 14:13:22.983,1.00703,1.00713,1.50,1.88
2013.01.25 14:13:23.523,1.00706,1.00714,1.50,1.50
2013.01.25 14:13:23.643,1.00706,1.00717,1.50,3.15
2013.01.25 14:13:23.704,1.00706,1.00716,1.50,1.65
2013.01.25 14:13:24.005,1.00706,1.00718,3.00,4.35
2013.01.25 14:13:24.523,1.00706,1.00718,2.25,4.35
2013.01.25 14:13:26.954,1.00707,1.00718,1.50,3.60
2013.01.25 14:13:28.233,1.00707,1.00718,1.50,3.60
2013.01.25 14:13:29.141,1.00706,1.00718,3.00,3.60
2013.01.25 14:13:42.195,1.00706,1.00718,2.25,3.38
2013.01.25 14:13:44.353,1.00706,1.00718,3.00,3.38
2013.01.25 14:13:47.274,1.00706,1.00718,3.00,3.38
2013.01.25 14:13:53.964,1.00709,1.00718,1.73,2.25
2013.01.25 14:13:54.565,1.00709,1.00718,2.48,1.50
2013.01.25 14:13:55.985,1.0071,1.00721,1.73,2.25
2013.01.25 14:13:56.345,1.00714,1.00724,2.25,2.85
2013.01.25 14:13:56.995,1.00711,1.00723,3.00,1.65
2013.01.25 14:13:58.465,1.00711,1.00723,1.50,1.65
2013.01.25 14:13:59.015,1.0071,1.00721,1.73,2.25
2013.01.25 14:13:59.856,1.00709,1.00721,2.48,3.60
2013.01.25 14:14:00.284,1.00711,1.00721,1.50,1.50
2013.01.25 14:14:00.823,1.00712,1.00722,2.25,1.65
2013.01.25 14:14:04.844,1.00712,1.00723,3.75,1.65
2013.01.25 14:14:06.183,1.00714,1.00724,1.50,3.60
2013.01.25 14:14:06.484,1.00714,1.00726,2.63,1.65
2013.01.25 14:14:07.404,1.00714,1.00728,5.63,3.38
2013.01.25 14:14:10.924,1.00714,1.00725,3.38,1.50
2013.01.25 14:14:16.305,1.00714,1.00727,5.63,1.65
2013.01.25 14:14:19.324,1.00714,1.00725,3.38,1.50
2013.01.25 14:14:22.445,1.00715,1.00727,2.48,3.15
2013.01.25 14:14:24.074,1.00715,1.00726,2.48,1.65
2013.01.25 14:14:24.384,1.00715,1.00724,1.50,3.60
2013.01.25 14:14:38.145,1.00714,1.00724,1.50,2.48
2013.01.25 14:14:38.383,1.00714,1.00725,1.73,1.50
2013.01.25 14:14:39.128,1.00714,1.00726,2.48,2.25
2013.01.25 14:14:47.014,1.00714,1.00726,1.73,3.00
2013.01.25 14:14:48.554,1.00715,1.00725,1.73,2.25
2013.01.25 14:14:48.914,1.00713,1.00724,1.50,3.60
2013.01.25 14:15:05.394,1.00713,1.00724,3.23,4.13
2013.01.25 14:15:06.554,1.00713,1.00724,3.23,4.13
2013.01.25 14:15:08.954,1.00713,1.00724,3.23,3.38
2013.01.25 14:15:11.971,1.00713,1.00724,3.23,4.13
2013.01.25 14:15:13.563,1.00714,1.00724,1.50,4.13
2013.01.25 14:15:14.115,1.00711,1.00723,3.23,1.65
2013.01.25 14:15:24.515,1.00714,1.00723,1.50,1.65
2013.01.25 14:15:25.194,1.00711,1.00723,4.73,3.15
2013.01.25 14:15:25.553,1.00709,1.00718,2.48,2.25
2013.01.25 14:15:26.513,1.00708,1.0072,2.63,3.00
2013.01.25 14:15:27.314,1.00713,1.00722,1.73,2.40
2013.01.25 14:15:27.865,1.00713,1.00723,2.48,1.65
2013.01.25 14:15:28.125,1.00712,1.00721,1.73,1.50
2013.01.25 14:15:28.664,1.00712,1.00721,1.73,1.50
2013.01.25 14:15:35.053,1.00709,1.00719,2.48,1.50
2013.01.25 14:15:35.925,1.00709,1.00719,1.73,2.25
2013.01.25 14:15:36.000,1.00707,1.00717,1.73,2.40
2013.01.25 14:15:36.123,1.00707,1.00717,1.88,2.25
2013.01.25 14:15:36.184,1.00707,1.00717,1.88,1.50
2013.01.25 14:15:36.723,1.00709,1.00717,2.63,1.50
2013.01.25 14:15:36.904,1.00709,1.00722,2.63,4.65
2013.01.25 14:15:38.953,1.00711,1.00722,1.50,1.65
2013.01.25 14:15:39.195,1.00712,1.00723,3.00,2.63
2013.01.25 14:15:41.384,1.00714,1.00723,1.50,1.13
2013.01.25 14:15:43.668,1.00713,1.00723,3.00,1.13
2013.01.25 14:15:44.226,1.00713,1.00723,3.00,1.88
2013.01.25 14:15:46.133,1.00711,1.00723,3.75,2.63
2013.01.25 14:15:47.244,1.00711,1.00722,2.25,1.65
2013.01.25 14:15:47.828,1.00713,1.00722,1.50,1.65
2013.01.25 14:15:51.773,1.00713,1.00723,3.75,1.13
2013.01.25 14:15:51.894,1.00714,1.00723,1.50,1.13
2013.01.25 14:15:54.914,1.00716,1.00724,1.50,1.50
2013.01.25 14:15:55.094,1.00715,1.00725,3.23,2.25
2013.01.25 14:15:55.154,1.00715,1.00724,3.23,1.13
2013.01.25 14:15:55.395,1.00715,1.00724,1.50,2.85
2013.01.25 14:15:56.433,1.00715,1.00724,2.25,1.73
2013.01.25 14:15:56.494,1.00715,1.00725,2.48,2.25
2013.01.25 14:16:02.446,1.00716,1.00728,1.50,3.98
2013.01.25 14:16:04.254,1.00717,1.00728,1.50,1.50
2013.01.25 14:16:04.744,1.00718,1.00728,1.50,1.88
2013.01.25 14:16:05.043,1.00718,1.00728,1.50,1.50
2013.01.25 14:16:05.584,1.00717,1.00728,2.25,1.65
2013.01.25 14:16:05.889,1.00717,1.00728,1.50,1.65
2013.01.25 14:16:06.462,1.00716,1.00728,3.00,1.65
2013.01.25 14:16:09.485,1.00716,1.00728,3.00,2.40
2013.01.25 14:16:09.547,1.00716,1.00724,3.00,1.05
2013.01.25 14:16:09.854,1.00714,1.00723,1.50,1.50
2013.01.25 14:16:10.094,1.00717,1.00728,1.65,3.00
2013.01.25 14:16:10.215,1.0072,1.00728,3.23,1.50
2013.01.25 14:16:10.574,1.00724,1.00733,2.25,1.50
2013.01.25 14:16:10.934,1.00724,1.00735,2.63,1.50
2013.01.25 14:16:11.284,1.00724,1.00736,2.63,3.90
2013.01.25 14:16:13.855,1.00724,1.00736,2.63,3.90
2013.01.25 14:16:14.216,1.00724,1.00734,1.50,3.60
2013.01.25 14:16:14.645,1.00724,1.00735,2.63,2.48
2013.01.25 14:16:14.823,1.00724,1.00736,3.60,3.00
2013.01.25 14:16:15.124,1.00724,1.00733,2.63,1.13
2013.01.25 14:16:15.766,1.00724,1.00733,2.25,1.13
2013.01.25 14:16:23.574,1.00726,1.00734,1.13,2.48
2013.01.25 14:16:23.694,1.00727,1.00736,1.13,3.23
2013.01.25 14:16:23.814,1.00727,1.00736,1.13,2.25
2013.01.25 14:16:23.940,1.00725,1.00737,3.23,1.65
2013.01.25 14:16:24.007,1.00725,1.00735,1.73,1.50
2013.01.25 14:16:32.781,1.00725,1.00736,3.23,1.50
2013.01.25 14:16:33.094,1.00728,1.00737,1.13,1.50
2013.01.25 14:16:34.244,1.00729,1.00737,1.13,1.50
2013.01.25 14:16:35.254,1.00727,1.00737,1.13,1.50
2013.01.25 14:16:35.803,1.00728,1.00738,1.13,1.50
2013.01.25 14:16:36.163,1.00728,1.00737,1.13,1.50
2013.01.25 14:16:48.094,1.00729,1.00738,1.13,1.50
2013.01.25 14:16:48.699,1.00729,1.00739,1.73,1.50
2013.01.25 14:16:51.255,1.00728,1.00739,2.63,1.50
2013.01.25 14:16:51.596,1.00728,1.00738,1.65,2.25
2013.01.25 14:16:51.785,1.00727,1.00733,1.50,1.65
2013.01.25 14:16:51.914,1.00724,1.00733,1.73,2.40
2013.01.25 14:16:52.473,1.00724,1.00733,1.50,2.63
2013.01.25 14:16:53.018,1.00724,1.00735,2.55,1.50
2013.01.25 14:16:53.214,1.00724,1.00735,2.55,1.50
2013.01.25 14:17:01.084,1.00725,1.00735,1.13,1.50
2013.01.25 14:17:01.624,1.00725,1.00736,1.35,1.50
2013.01.25 14:17:02.094,1.00725,1.00734,1.35,1.13
2013.01.25 14:17:02.213,1.00724,1.00734,1.50,2.85
2013.01.25 14:17:02.753,1.00724,1.00734,1.50,2.10
2013.01.25 14:17:03.068,1.00729,1.00738,1.88,3.00
2013.01.25 14:17:03.136,1.00729,1.00738,1.88,3.00
2013.01.25 14:17:03.884,1.00729,1.00738,1.88,3.00
2013.01.25 14:17:10.114,1.00729,1.00737,1.88,1.50
2013.01.25 14:17:10.893,1.00729,1.00737,1.88,1.50
2013.01.25 14:17:15.925,1.00725,1.00737,3.15,2.25
2013.01.25 14:17:15.984,1.00725,1.00736,2.40,1.50
2013.01.25 14:17:16.044,1.00725,1.00736,2.40,1.50
2013.01.25 14:17:17.414,1.00725,1.00736,2.25,2.40
2013.01.25 14:17:17.955,1.00725,1.00736,2.33,1.65
2013.01.25 14:17:18.514,1.00724,1.00736,1.64,3.90
2013.01.25 14:17:21.825,1.00724,1.00736,1.64,3.15
2013.01.25 14:17:24.884,1.00724,1.00736,2.01,3.15
2013.01.25 14:17:28.835,1.00725,1.00736,1.50,3.90
2013.01.25 14:17:34.425,1.00724,1.00733,1.88,1.50
2013.01.25 14:17:34.605,1.00721,1.00733,2.48,2.10
2013.01.25 14:17:34.904,1.00719,1.00732,4.88,1.65
2013.01.25 14:17:35.205,1.00724,1.00734,1.13,1.50
2013.01.25 14:17:39.144,1.00729,1.00737,1.50,3.15
2013.01.25 14:17:39.204,1.00729,1.00737,1.50,3.15
2013.01.25 14:17:39.324,1.00729,1.00736,1.73,1.50
2013.01.25 14:17:39.445,1.00723,1.00732,4.73,1.65
2013.01.25 14:17:39.745,1.00721,1.00731,2.25,1.50
2013.01.25 14:17:39.935,1.00721,1.00729,2.48,1.50
2013.01.25 14:17:40.179,1.00722,1.00733,1.73,3.00
2013.01.25 14:17:40.246,1.00723,1.00735,3.98,1.50
2013.01.25 14:17:40.305,1.00724,1.00736,2.63,2.40
2013.01.25 14:17:40.905,1.00725,1.00735,1.73,1.50
2013.01.25 14:17:41.154,1.00724,1.00735,2.63,1.50
2013.01.25 14:17:42.854,1.00727,1.00735,1.50,1.50
2013.01.25 14:17:43.383,1.00728,1.00735,1.50,1.50
2013.01.25 14:17:44.025,1.00728,1.00735,1.50,1.50
2013.01.25 14:17:44.564,1.00727,1.00736,3.00,1.65
2013.01.25 14:17:44.865,1.00724,1.00733,2.63,1.50
2013.01.25 14:17:45.374,1.00724,1.00733,1.13,3.08
2013.01.25 14:17:45.556,1.00724,1.00733,1.13,3.00
2013.01.25 14:17:51.284,1.00724,1.00732,1.13,1.50
2013.01.25 14:17:51.404,1.0072,1.00732,3.98,3.15
2013.01.25 14:17:51.524,1.0072,1.00731,3.23,1.65
2013.01.25 14:17:51.644,1.00722,1.00732,1.73,3.00
2013.01.25 14:17:52.184,1.00724,1.00734,1.13,2.25
2013.01.25 14:17:52.244,1.00724,1.00734,1.13,1.50
2013.01.25 14:17:52.425,1.00724,1.00734,1.13,1.50
2013.01.25 14:17:53.345,1.00724,1.00734,1.13,1.50
2013.01.25 14:17:53.893,1.00724,1.00734,1.13,1.50
2013.01.25 14:18:02.945,1.00723,1.00731,2.48,1.35
2013.01.25 14:18:03.550,1.0072,1.0073,1.73,2.25
2013.01.25 14:18:03.614,1.0072,1.0073,2.48,2.25
2013.01.25 14:18:28.884,1.00719,1.00726,1.65,1.58
2013.01.25 14:18:29.065,1.00713,1.00723,1.73,1.65
2013.01.25 14:18:31.854,1.00712,1.00722,3.00,1.65
2013.01.25 14:18:32.214,1.00712,1.00722,3.00,1.65
2013.01.25 14:18:32.754,1.00711,1.0072,1.73,1.50
2013.01.25 14:18:37.654,1.00709,1.0072,2.48,2.25
2013.01.25 14:18:38.434,1.00709,1.00718,2.48,1.50
2013.01.25 14:18:38.789,1.00711,1.00721,1.73,3.00
2013.01.25 14:18:39.344,1.00711,1.00721,1.73,3.00
2013.01.25 14:18:40.173,1.00711,1.0072,1.73,1.50
2013.01.25 14:18:46.865,1.00709,1.00721,4.73,3.00
2013.01.25 14:18:47.226,1.00709,1.00718,1.73,1.50
2013.01.25 14:18:47.874,1.00708,1.00717,1.13,1.50
2013.01.25 14:18:48.854,1.00708,1.00718,1.13,1.50
2013.01.25 14:18:49.415,1.00709,1.00721,2.48,3.00
2013.01.25 14:18:50.934,1.00708,1.00718,1.13,1.50
2013.01.25 14:18:51.053,1.00708,1.00718,1.13,2.25
2013.01.25 14:18:51.174,1.00708,1.00718,1.13,2.25
2013.01.25 14:18:52.315,1.00708,1.00721,2.63,1.50
2013.01.25 14:18:57.415,1.00708,1.00721,2.63,1.50
2013.01.25 14:18:58.458,1.00712,1.00721,1.50,1.50
2013.01.25 14:18:58.775,1.00707,1.00714,1.50,1.13
2013.01.25 14:18:58.895,1.00707,1.00715,1.50,1.50
2013.01.25 14:18:59.014,1.00704,1.00715,3.38,1.50
2013.01.25 14:18:59.074,1.00707,1.00715,1.73,1.50
2013.01.25 14:18:59.794,1.00707,1.00716,1.50,1.50
2013.01.25 14:19:00.720,1.00707,1.00716,1.50,1.50
2013.01.25 14:19:01.224,1.00705,1.00716,3.15,1.50
2013.01.25 14:19:01.595,1.00708,1.00716,1.50,1.50
2013.01.25 14:19:03.664,1.00707,1.00716,1.50,1.50
2013.01.25 14:19:04.358,1.00706,1.00716,1.65,1.50
2013.01.25 14:19:04.674,1.00706,1.00717,2.40,1.50
2013.01.25 14:19:06.064,1.00707,1.00717,1.50,1.50
2013.01.25 14:19:07.953,1.00706,1.00717,3.15,1.50
2013.01.25 14:19:09.734,1.00706,1.00717,3.15,1.50
2013.01.25 14:19:11.104,1.00706,1.00718,2.40,2.48
2013.01.25 14:19:11.255,1.00706,1.00718,2.40,1.73
2013.01.25 14:19:12.632,1.00709,1.00718,1.50,2.48
2013.01.25 14:19:13.444,1.00709,1.00718,1.50,3.23
2013.01.25 14:19:15.227,1.00706,1.00718,2.40,4.73
2013.01.25 14:19:19.623,1.00706,1.00717,1.65,1.50
2013.01.25 14:19:24.136,1.00706,1.00717,1.65,1.50
2013.01.25 14:19:27.184,1.00706,1.00717,2.40,1.50
2013.01.25 14:19:31.873,1.00706,1.00714,1.65,1.50
2013.01.25 14:19:31.994,1.00705,1.00714,1.88,1.50
2013.01.25 14:19:33.855,1.00705,1.00717,1.88,3.75
2013.01.25 14:19:35.574,1.00705,1.00716,2.63,1.50
2013.01.25 14:19:35.694,1.00705,1.00715,1.50,1.65
2013.01.25 14:19:35.754,1.00704,1.00714,1.43,1.13
2013.01.25 14:19:35.876,1.00702,1.00714,1.50,2.10
2013.01.25 14:19:42.924,1.00702,1.00714,2.18,3.08
2013.01.25 14:19:42.985,1.00704,1.00714,1.50,3.08
2013.01.25 14:19:46.175,1.00704,1.00716,1.88,3.98
2013.01.25 14:19:46.355,1.00705,1.00717,3.38,1.50
2013.01.25 14:19:48.704,1.00709,1.00718,1.50,2.48
2013.01.25 14:19:49.227,1.00709,1.00718,1.50,2.48
2013.01.25 14:19:50.586,1.00706,1.00717,1.65,1.50
2013.01.25 14:20:02.748,1.00706,1.00717,1.50,1.50
2013.01.25 14:20:24.294,1.00706,1.00718,2.25,2.48
2013.01.25 14:20:24.354,1.00708,1.00718,1.50,2.48
2013.01.25 14:20:24.595,1.00712,1.00723,1.43,3.23
2013.01.25 14:20:25.135,1.00712,1.00723,2.93,1.73
2013.01.25 14:20:26.176,1.00713,1.00723,1.43,1.73
2013.01.25 14:20:27.276,1.00712,1.00723,2.93,1.73
2013.01.25 14:20:28.506,1.00712,1.00723,2.85,1.73
2013.01.25 14:20:29.306,1.00712,1.00724,3.60,1.88
2013.01.25 14:20:29.844,1.00713,1.00724,1.50,1.88
2013.01.25 14:20:31.476,1.00712,1.00724,2.85,4.73
2013.01.25 14:20:33.654,1.00712,1.00724,3.60,2.63
2013.01.25 14:20:34.074,1.00714,1.00725,1.65,1.73
2013.01.25 14:20:34.455,1.00717,1.00727,1.35,1.73
2013.01.25 14:20:34.575,1.00718,1.00727,1.58,1.50
2013.01.25 14:20:34.694,1.00719,1.00729,1.58,1.50
2013.01.25 14:20:35.245,1.0072,1.00729,2.10,1.50
2013.01.25 14:20:35.305,1.0072,1.00732,2.10,2.33
2013.01.25 14:20:35.844,1.00718,1.00731,3.23,2.25
2013.01.25 14:20:36.384,1.00722,1.00732,1.35,1.73
2013.01.25 14:20:36.624,1.00719,1.00729,2.48,1.50
2013.01.25 14:20:39.898,1.00717,1.00724,3.98,1.50
2013.01.25 14:20:40.084,1.00715,1.00724,2.25,1.65
2013.01.25 14:20:40.267,1.00716,1.00726,2.03,2.25
2013.01.25 14:20:40.566,1.00717,1.00726,1.73,1.50
2013.01.25 14:20:40.635,1.00717,1.00729,3.23,4.50
2013.01.25 14:20:41.175,1.0072,1.00729,2.25,1.50
2013.01.25 14:20:53.555,1.00721,1.00732,1.50,1.73
2013.01.25 14:20:53.864,1.00721,1.00732,2.25,1.73
2013.01.25 14:21:00.184,1.00722,1.00733,1.50,2.48
2013.01.25 14:21:00.364,1.00722,1.00733,2.25,2.48
2013.01.25 14:21:01.894,1.00722,1.00733,3.00,2.33
2013.01.25 14:21:10.984,1.00722,1.00733,3.00,2.33
2013.01.25 14:21:11.647,1.00722,1.00732,2.25,1.58
2013.01.25 14:21:12.267,1.0072,1.00732,3.00,1.58
2013.01.25 14:21:12.705,1.00723,1.00734,1.73,3.00
2013.01.25 14:21:13.244,1.00721,1.00732,2.25,1.50
2013.01.25 14:21:14.177,1.00721,1.00732,1.50,1.50
2013.01.25 14:21:16.775,1.00722,1.00732,1.50,1.50
2013.01.25 14:21:21.153,1.0072,1.00732,3.00,1.50
2013.01.25 14:21:29.620,1.0072,1.00732,2.25,3.60
2013.01.25 14:21:30.504,1.0072,1.00732,1.50,3.60
2013.01.25 14:21:33.884,1.00719,1.00732,3.38,2.25
2013.01.25 14:21:34.906,1.00719,1.00732,3.00,2.25
2013.01.25 14:21:37.634,1.0072,1.0073,2.25,1.50
2013.01.25 14:21:38.115,1.0072,1.00727,1.50,1.50
2013.01.25 14:21:38.660,1.0072,1.00725,1.50,1.50
2013.01.25 14:21:38.725,1.00714,1.00724,1.88,1.50
2013.01.25 14:21:39.263,1.00713,1.00724,2.25,1.50
2013.01.25 14:21:44.147,1.00711,1.00724,4.88,1.50
2013.01.25 14:21:47.304,1.00712,1.00724,1.73,1.50
2013.01.25 14:21:50.094,1.00712,1.00724,2.85,1.50
2013.01.25 14:21:50.633,1.00713,1.00724,1.50,2.25
2013.01.25 14:21:55.284,1.00713,1.00724,1.50,2.25
2013.01.25 14:21:58.702,1.00713,1.00723,1.50,1.50
2013.01.25 14:21:59.244,1.00712,1.00723,1.50,3.23
2013.01.25 14:22:08.344,1.00711,1.00722,1.50,1.73
2013.01.25 14:22:08.405,1.0071,1.00719,2.25,1.50
2013.01.25 14:22:08.526,1.00709,1.00719,2.48,1.50
2013.01.25 14:22:08.654,1.00708,1.00719,3.60,1.50
2013.01.25 14:22:09.205,1.00708,1.00719,2.48,1.50
2013.01.25 14:22:09.744,1.00708,1.00719,3.23,1.50
2013.01.25 14:22:10.265,1.00708,1.00717,2.48,1.50
2013.01.25 14:22:12.255,1.00708,1.00719,2.48,1.50
2013.01.25 14:22:12.793,1.00708,1.00719,2.48,1.50
2013.01.25 14:22:13.374,1.00708,1.00719,2.48,1.50
2013.01.25 14:22:14.275,1.00708,1.00719,2.48,1.50
2013.01.25 14:22:14.794,1.00708,1.00719,2.48,1.50
2013.01.25 14:22:26.565,1.00709,1.0072,3.23,2.25
2013.01.25 14:22:26.804,1.00712,1.00722,1.50,1.73
2013.01.25 14:22:27.567,1.00712,1.00722,2.25,1.73
2013.01.25 14:22:30.384,1.00714,1.00723,1.50,3.00
2013.01.25 14:22:30.944,1.00715,1.00724,1.50,1.50
2013.01.25 14:22:35.794,1.00715,1.00724,1.50,1.50
2013.01.25 14:22:37.444,1.00715,1.00725,1.50,1.50
2013.01.25 14:22:45.844,1.00714,1.00725,1.50,1.65
2013.01.25 14:22:46.384,1.00715,1.00726,1.50,2.25
2013.01.25 14:22:48.214,1.00714,1.00724,1.50,1.88
2013.01.25 14:22:50.979,1.00712,1.00724,3.75,2.63
2013.01.25 14:22:51.225,1.00713,1.00724,2.25,1.50
2013.01.25 14:22:51.914,1.00713,1.00725,3.00,1.50
2013.01.25 14:22:53.634,1.00714,1.00725,1.50,3.00
2013.01.25 14:22:54.189,1.00712,1.00723,3.00,1.13
2013.01.25 14:23:00.864,1.00712,1.00722,1.50,1.50
2013.01.25 14:23:01.375,1.00715,1.00725,2.25,2.03
2013.01.25 14:23:01.444,1.00716,1.00729,2.25,5.48
2013.01.25 14:23:02.294,1.00715,1.00727,1.50,1.73
2013.01.25 14:23:02.944,1.00718,1.00727,1.50,1.88
2013.01.25 14:23:03.064,1.00716,1.00727,2.25,1.88
2013.01.25 14:23:04.975,1.00718,1.00727,1.50,1.88
2013.01.25 14:23:05.274,1.00718,1.00727,1.50,1.73
2013.01.25 14:23:05.455,1.00718,1.00729,2.40,2.48
2013.01.25 14:23:05.575,1.00718,1.0073,3.38,3.00
2013.01.25 14:23:06.417,1.0072,1.0073,1.50,1.50
2013.01.25 14:23:11.036,1.00718,1.00731,4.88,1.50
2013.01.25 14:23:11.456,1.00722,1.00733,2.25,1.13
2013.01.25 14:23:11.755,1.00726,1.00735,2.25,1.50
2013.01.25 14:23:12.294,1.00726,1.00737,2.25,1.73
2013.01.25 14:23:12.810,1.00726,1.00737,1.50,1.73
2013.01.25 14:23:22.125,1.00726,1.00736,1.50,1.65
2013.01.25 14:23:23.305,1.00726,1.00734,1.50,2.10
2013.01.25 14:23:23.485,1.00724,1.00734,3.75,2.48
2013.01.25 14:23:28.255,1.00721,1.00733,3.75,2.14
2013.01.25 14:23:42.511,1.00723,1.00733,7.47,2.10
2013.01.25 14:23:42.815,1.00728,1.00737,1.50,1.73
2013.01.25 14:23:43.116,1.0073,1.0074,1.50,1.50
2013.01.25 14:23:43.481,1.00726,1.00737,1.28,1.73
2013.01.25 14:23:43.605,1.00726,1.00737,1.50,1.73
2013.01.25 14:23:44.026,1.00728,1.00739,1.50,3.00
2013.01.25 14:23:44.577,1.00728,1.00739,1.50,3.75
2013.01.25 14:23:46.796,1.00728,1.00738,1.50,1.50
2013.01.25 14:23:46.976,1.00724,1.00734,3.00,1.65
2013.01.25 14:23:47.036,1.00724,1.00734,1.50,1.65
2013.01.25 14:23:47.215,1.00723,1.00734,6.03,2.48
2013.01.25 14:23:47.875,1.00723,1.00733,3.55,1.95
2013.01.25 14:23:48.595,1.00723,1.00733,3.55,1.35
2013.01.25 14:23:51.196,1.00723,1.00734,3.55,3.45
2013.01.25 14:23:51.720,1.00723,1.00734,3.55,3.45
2013.01.25 14:23:52.945,1.00723,1.00734,1.50,2.70
2013.01.25 14:23:53.625,1.00724,1.00734,3.18,2.33
2013.01.25 14:23:53.985,1.00726,1.00736,4.88,3.00
2013.01.25 14:23:54.047,1.00727,1.00738,3.15,1.73
2013.01.25 14:23:54.605,1.00727,1.00738,1.65,1.58
2013.01.25 14:23:56.025,1.00727,1.00738,2.40,1.58
2013.01.25 14:23:56.956,1.00727,1.00738,1.65,1.58
2013.01.25 14:23:57.505,1.00727,1.00738,1.65,1.58
2013.01.25 14:23:58.055,1.00727,1.00738,1.65,1.58
2013.01.25 14:23:58.369,1.00728,1.00739,2.78,2.48
2013.01.25 14:23:58.928,1.00728,1.00738,3.60,1.35
2013.01.25 14:23:59.434,1.00728,1.00734,1.50,1.73
2013.01.25 14:23:59.708,1.00725,1.00736,1.20,3.15
2013.01.25 14:23:59.905,1.00724,1.00736,4.65,2.40
2013.01.25 14:24:00.385,1.00727,1.00738,1.50,2.10
2013.01.25 14:24:07.144,1.00727,1.00736,1.50,1.65
2013.01.25 14:24:07.685,1.00725,1.00736,3.75,1.65
2013.01.25 14:24:08.198,1.00725,1.00736,4.50,1.65
2013.01.25 14:24:09.585,1.00725,1.00736,4.50,1.13
2013.01.25 14:24:10.066,1.00723,1.00734,3.00,2.70
2013.01.25 14:24:13.918,1.00723,1.00734,3.00,3.45
2013.01.25 14:24:14.105,1.00723,1.00734,3.15,3.08
2013.01.25 14:24:14.169,1.00724,1.00734,1.65,1.73
2013.01.25 14:24:14.296,1.00724,1.00736,2.40,1.65
2013.01.25 14:24:15.827,1.00725,1.00736,3.00,1.65
2013.01.25 14:24:16.076,1.00725,1.00735,3.00,1.13
2013.01.25 14:24:16.377,1.00724,1.00734,1.65,1.50
2013.01.25 14:24:16.446,1.00725,1.00736,1.50,3.15
2013.01.25 14:24:16.505,1.00725,1.00736,3.75,1.65
2013.01.25 14:24:17.537,1.00725,1.00736,3.75,1.65
2013.01.25 14:24:31.286,1.00725,1.00737,3.75,4.20
2013.01.25 14:24:31.815,1.00725,1.00736,3.00,1.73
2013.01.25 14:24:38.776,1.00725,1.00735,1.50,1.50
2013.01.25 14:24:40.575,1.00725,1.00735,1.50,2.25
2013.01.25 14:24:41.116,1.00725,1.00736,1.50,3.23
2013.01.25 14:24:45.026,1.00725,1.00736,2.25,2.48
2013.01.25 14:24:45.605,1.00725,1.00736,2.25,1.50
2013.01.25 14:24:55.259,1.00725,1.00736,1.50,3.15
2013.01.25 14:24:56.986,1.00725,1.00736,1.50,3.15
2013.01.25 14:24:59.575,1.00727,1.00736,1.13,3.00
2013.01.25 14:25:01.086,1.00729,1.00739,1.88,3.00
2013.01.25 14:25:01.276,1.00729,1.00739,1.88,3.00
2013.01.25 14:25:01.809,1.00729,1.00739,1.88,2.25
2013.01.25 14:25:02.391,1.00729,1.00738,1.13,2.25
2013.01.25 14:25:02.515,1.00729,1.0074,3.60,1.50
2013.01.25 14:25:02.635,1.00731,1.0074,3.38,1.50
2013.01.25 14:25:02.755,1.00733,1.00743,2.40,2.25
2013.01.25 14:25:04.715,1.00734,1.00745,3.15,1.50
2013.01.25 14:25:06.544,1.00734,1.00746,4.65,3.15
2013.01.25 14:25:15.124,1.00734,1.00744,2.25,3.98
2013.01.25 14:25:15.190,1.00734,1.00744,1.50,4.95
2013.01.25 14:25:16.936,1.00734,1.00744,2.25,4.95
2013.01.25 14:25:17.054,1.00735,1.00744,1.50,2.48
2013.01.25 14:25:17.175,1.00737,1.00745,1.13,1.50
2013.01.25 14:25:17.236,1.00737,1.00746,1.13,1.50
2013.01.25 14:25:17.775,1.00739,1.00746,1.13,2.25
2013.01.25 14:25:19.079,1.00739,1.00746,1.13,2.25
2013.01.25 14:25:20.644,1.00739,1.00746,1.13,2.25
2013.01.25 14:25:21.598,1.00739,1.00746,1.13,2.25
2013.01.25 14:25:22.515,1.00739,1.00746,1.13,2.25
2013.01.25 14:25:23.114,1.00739,1.00746,1.13,2.25
2013.01.25 14:25:23.735,1.00736,1.00747,2.25,1.13
2013.01.25 14:25:23.914,1.00735,1.00746,1.50,1.65
2013.01.25 14:25:24.694,1.00735,1.00746,1.50,1.65
2013.01.25 14:25:26.574,1.00735,1.00743,1.50,2.10
2013.01.25 14:25:26.875,1.00733,1.00743,2.25,2.70
2013.01.25 14:25:28.505,1.00733,1.00744,2.25,3.45
2013.01.25 14:25:30.464,1.00733,1.00744,2.25,4.73
2013.01.25 14:25:31.016,1.00733,1.00744,3.00,2.48
2013.01.25 14:25:31.441,1.00733,1.00743,3.00,1.20
2013.01.25 14:25:31.985,1.00733,1.00743,2.25,1.20
2013.01.25 14:25:47.106,1.00732,1.00744,3.75,4.95
2013.01.25 14:25:55.395,1.00732,1.00744,3.75,4.95
2013.01.25 14:26:16.068,1.00732,1.00741,2.25,1.50
2013.01.25 14:26:16.375,1.00728,1.00739,2.25,2.25
2013.01.25 14:26:16.676,1.00728,1.00737,2.25,2.25
2013.01.25 14:26:17.046,1.00728,1.00737,3.00,2.25
2013.01.25 14:26:17.465,1.00728,1.00737,2.63,2.25
2013.01.25 14:26:17.966,1.00728,1.00737,1.88,2.25
2013.01.25 14:26:18.884,1.00728,1.00737,1.88,3.00
2013.01.25 14:26:18.944,1.00728,1.00736,1.88,1.50
2013.01.25 14:26:19.677,1.00725,1.00733,2.48,1.13
2013.01.25 14:26:19.805,1.00722,1.00732,3.98,1.65
2013.01.25 14:26:19.864,1.00722,1.00732,3.98,1.65
2013.01.25 14:26:20.406,1.00722,1.00733,3.23,1.73
2013.01.25 14:26:20.466,1.00722,1.00733,3.23,2.25
2013.01.25 14:26:20.987,1.00724,1.00735,1.13,1.54
2013.01.25 14:26:21.414,1.00724,1.00736,1.65,3.15
2013.01.25 14:26:25.184,1.00724,1.00736,2.40,3.90
2013.01.25 14:26:29.952,1.00724,1.00736,1.65,2.40
2013.01.25 14:26:31.435,1.00723,1.00736,1.65,3.15
2013.01.25 14:26:32.356,1.00725,1.00736,1.50,2.40
2013.01.25 14:26:34.475,1.00724,1.00736,2.40,2.40
2013.01.25 14:26:35.955,1.00724,1.00736,2.40,2.40
2013.01.25 14:26:36.586,1.00724,1.00736,2.63,2.40
2013.01.25 14:26:41.235,1.00726,1.00736,2.10,2.40
2013.01.25 14:26:41.657,1.00729,1.00739,1.65,3.23
2013.01.25 14:26:42.194,1.00729,1.00739,1.65,2.25
2013.01.25 14:26:43.056,1.00729,1.00739,1.88,2.25
2013.01.25 14:26:43.294,1.0073,1.00741,2.25,1.50
2013.01.25 14:26:43.355,1.00733,1.00741,1.50,1.50
2013.01.25 14:26:44.195,1.00733,1.00743,1.50,2.33
2013.01.25 14:26:45.134,1.00734,1.00743,1.65,1.73
2013.01.25 14:26:45.254,1.00734,1.00745,1.65,2.44
2013.01.25 14:26:45.858,1.00735,1.00746,2.25,1.65
2013.01.25 14:26:46.565,1.00736,1.00747,1.50,1.65
2013.01.25 14:27:06.556,1.00736,1.00746,1.50,1.13
2013.01.25 14:27:07.675,1.00735,1.00744,2.25,1.13
2013.01.25 14:27:11.368,1.00735,1.00744,2.25,1.13
2013.01.25 14:27:11.915,1.00735,1.00746,2.25,1.13
2013.01.25 14:27:12.717,1.00738,1.00746,1.50,1.13
2013.01.25 14:27:12.956,1.00736,1.00746,3.75,1.13
2013.01.25 14:27:15.415,1.00739,1.00746,1.50,1.13
2013.01.25 14:27:15.895,1.00738,1.00747,1.50,1.73
2013.01.25 14:27:18.398,1.00736,1.00747,1.50,3.23
2013.01.25 14:27:19.844,1.00735,1.00747,4.88,3.08
2013.01.25 14:27:30.417,1.00738,1.00748,1.13,1.50
2013.01.25 14:27:32.654,1.0074,1.0075,1.73,3.00
2013.01.25 14:27:32.715,1.00742,1.00752,1.50,1.65
2013.01.25 14:27:33.425,1.00742,1.00752,1.50,1.65
2013.01.25 14:27:33.944,1.00742,1.00752,1.50,1.65
2013.01.25 14:27:42.836,1.00742,1.00753,1.50,2.63
2013.01.25 14:27:53.355,1.00742,1.00751,1.50,1.35
2013.01.25 14:27:53.905,1.00743,1.00751,1.50,1.35
2013.01.25 14:27:55.152,1.00743,1.00753,1.50,3.42
2013.01.25 14:27:57.145,1.00743,1.00753,1.50,3.23
2013.01.25 14:27:57.585,1.00741,1.00752,2.25,2.40
2013.01.25 14:27:57.949,1.00735,1.00742,2.25,2.25
2013.01.25 14:27:59.338,1.00733,1.00742,1.50,2.25
2013.01.25 14:27:59.466,1.00733,1.00742,1.50,4.50
2013.01.25 14:27:59.586,1.00731,1.0074,1.50,1.50
2013.01.25 14:27:59.827,1.0073,1.0074,2.40,3.00
2013.01.25 14:28:01.774,1.0073,1.0074,1.65,3.75
2013.01.25 14:28:02.195,1.00733,1.00741,1.50,1.50
2013.01.25 14:28:02.555,1.00735,1.00744,2.25,1.50
2013.01.25 14:28:03.094,1.00735,1.00743,1.50,1.13
2013.01.25 14:28:03.398,1.00734,1.00741,1.50,1.35
2013.01.25 14:28:03.706,1.00734,1.0074,1.50,1.13
2013.01.25 14:28:04.006,1.0073,1.0074,3.00,2.63
2013.01.25 14:28:04.486,1.00734,1.00739,4.95,1.50
2013.01.25 14:28:04.665,1.00735,1.00743,1.73,1.73
2013.01.25 14:28:04.964,1.00735,1.00747,3.15,4.88
2013.01.25 14:28:05.754,1.00737,1.00748,1.50,3.08
2013.01.25 14:28:06.725,1.00737,1.00748,1.50,1.58
2013.01.25 14:28:06.845,1.00737,1.00748,2.25,1.58
2013.01.25 14:28:07.325,1.00742,1.00749,1.50,1.50
2013.01.25 14:28:07.825,1.00739,1.00749,1.13,1.50
2013.01.25 14:28:08.125,1.00736,1.00749,2.78,2.48
2013.01.25 14:28:08.636,1.00736,1.00747,2.78,2.25
2013.01.25 14:28:08.885,1.00735,1.00744,3.00,1.50
2013.01.25 14:28:09.244,1.00735,1.00744,1.73,1.73
2013.01.25 14:28:09.665,1.00736,1.00745,1.65,1.50
2013.01.25 14:28:09.786,1.00736,1.00748,1.65,1.73
2013.01.25 14:28:11.280,1.00736,1.00746,1.65,2.10
2013.01.25 14:28:11.585,1.00735,1.00745,1.73,2.48
2013.01.25 14:28:12.266,1.00735,1.00745,1.50,2.48
2013.01.25 14:28:12.447,1.00735,1.00746,2.40,1.50
2013.01.25 14:28:13.008,1.00737,1.00746,1.50,1.50
2013.01.25 14:28:13.588,1.00737,1.00747,1.50,1.50
2013.01.25 14:28:14.366,1.00737,1.00746,1.50,1.88
2013.01.25 14:28:14.725,1.00735,1.00743,1.50,1.95
2013.01.25 14:28:17.096,1.00735,1.00745,2.25,2.93
2013.01.25 14:28:17.215,1.00735,1.00746,2.25,1.95
2013.01.25 14:28:18.015,1.00735,1.00747,2.25,3.15
2013.01.25 14:28:18.136,1.00739,1.00747,5.25,2.40
2013.01.25 14:28:18.315,1.00739,1.00749,3.00,1.58
2013.01.25 14:28:18.555,1.00741,1.00751,1.50,1.20
2013.01.25 14:28:18.736,1.00741,1.00751,1.50,1.20
2013.01.25 14:28:19.094,1.00739,1.0075,2.25,3.00
2013.01.25 14:28:19.634,1.00739,1.00747,5.79,1.35
2013.01.25 14:28:20.567,1.00739,1.00747,4.90,1.35
2013.01.25 14:28:23.606,1.00739,1.0075,3.00,1.88
2013.01.25 14:28:23.795,1.00742,1.00751,3.00,1.65
2013.01.25 14:28:23.856,1.00744,1.00751,6.75,1.50
2013.01.25 14:28:24.395,1.00744,1.00752,6.75,2.33
2013.01.25 14:28:24.936,1.00745,1.00754,1.50,1.13
2013.01.25 14:28:25.475,1.00745,1.00754,1.50,1.13
2013.01.25 14:28:26.076,1.00745,1.00754,1.50,1.13
2013.01.25 14:28:26.917,1.00745,1.00756,2.63,3.23
2013.01.25 14:28:27.038,1.00747,1.00757,2.40,3.23
2013.01.25 14:28:27.595,1.00747,1.00758,2.40,1.58
2013.01.25 14:28:34.167,1.00748,1.00758,1.65,1.28
2013.01.25 14:28:34.406,1.00751,1.0076,1.50,1.20
2013.01.25 14:28:34.475,1.00751,1.00762,2.25,1.65
2013.01.25 14:28:34.596,1.00751,1.00763,2.63,2.48
2013.01.25 14:28:34.955,1.00754,1.00764,2.25,1.50
2013.01.25 14:28:35.917,1.00755,1.00767,1.88,4.77
2013.01.25 14:28:35.977,1.00756,1.00767,1.65,2.10
2013.01.25 14:28:42.300,1.00756,1.00767,1.65,2.48
2013.01.25 14:28:42.368,1.00756,1.00763,1.65,2.10
2013.01.25 14:28:42.736,1.00756,1.00768,3.00,6.60
2013.01.25 14:28:43.276,1.00756,1.00768,3.00,5.33
2013.01.25 14:28:49.616,1.00756,1.00765,2.25,2.48
2013.01.25 14:28:50.036,1.00756,1.00767,1.50,2.40
2013.01.25 14:28:51.435,1.00755,1.00767,1.50,3.15
2013.01.25 14:28:52.755,1.00756,1.00764,2.25,2.10
2013.01.25 14:28:53.195,1.00756,1.00768,1.50,3.23
2013.01.25 14:28:53.825,1.00756,1.00767,1.50,1.35
2013.01.25 14:28:55.300,1.00756,1.00767,1.50,1.95
2013.01.25 14:28:55.368,1.00756,1.00766,1.50,1.73
2013.01.25 14:28:55.915,1.00756,1.00766,1.50,3.83
2013.01.25 14:28:56.958,1.00753,1.00763,3.00,1.35
2013.01.25 14:28:57.505,1.00753,1.00762,1.50,4.73
2013.01.25 14:28:58.046,1.00755,1.00764,1.50,2.85
2013.01.25 14:28:58.975,1.00755,1.00763,1.50,1.58
2013.01.25 14:28:59.335,1.00742,1.00754,3.98,2.78
2013.01.25 14:28:59.876,1.00742,1.00753,3.98,1.13
2013.01.25 14:29:01.196,1.00744,1.00754,2.25,4.35
2013.01.25 14:29:01.495,1.00745,1.00757,1.50,3.23
2013.01.25 14:29:04.185,1.00745,1.00757,1.50,2.48
2013.01.25 14:29:05.598,1.00745,1.00756,1.50,1.35
2013.01.25 14:29:08.126,1.00744,1.00754,3.15,1.35
2013.01.25 14:29:08.246,1.00745,1.00755,1.50,1.13
2013.01.25 14:29:10.436,1.00744,1.00757,4.65,1.73
2013.01.25 14:29:11.083,1.00744,1.00757,3.90,1.73
2013.01.25 14:29:26.687,1.00744,1.00757,3.90,1.73
2013.01.25 14:29:40.576,1.00744,1.00755,3.75,1.13
2013.01.25 14:29:41.115,1.00743,1.00754,2.25,1.95
2013.01.25 14:29:41.625,1.00744,1.00755,1.50,4.35
2013.01.25 14:29:41.686,1.00744,1.00755,1.65,3.75
2013.01.25 14:29:53.626,1.00743,1.00755,3.00,4.88
2013.01.25 14:29:54.106,1.00743,1.00754,2.25,1.13
2013.01.25 14:30:00.316,1.0074,1.00752,3.75,3.23
2013.01.25 14:30:00.797,1.00743,1.00753,1.50,1.50
2013.01.25 14:30:01.158,1.00747,1.00755,1.13,1.50
2013.01.25 14:30:01.397,1.0075,1.00761,1.50,1.50
2013.01.25 14:30:01.635,1.00752,1.00761,1.13,1.50
2013.01.25 14:30:02.240,1.00751,1.00762,3.00,2.10
2013.01.25 14:30:02.801,1.00751,1.00763,4.50,1.13
2013.01.25 14:30:02.867,1.00753,1.00763,1.50,1.13
2013.01.25 14:30:04.360,1.00753,1.00763,1.50,1.73
2013.01.25 14:30:04.625,1.0075,1.00762,3.75,2.10
2013.01.25 14:30:05.175,1.0075,1.00761,3.00,1.35
2013.01.25 14:30:08.685,1.0075,1.00762,3.75,3.75
2013.01.25 14:30:09.335,1.0075,1.00762,3.75,3.00
2013.01.25 14:30:09.838,1.0075,1.00761,3.75,1.50
2013.01.25 14:30:09.966,1.0075,1.00759,2.25,1.50
2013.01.25 14:30:10.148,1.00751,1.00762,1.50,2.25
2013.01.25 14:30:10.695,1.0075,1.0076,2.25,1.50
2013.01.25 14:30:11.277,1.0075,1.00759,1.50,2.25
2013.01.25 14:30:11.637,1.00743,1.00754,7.13,2.25
2013.01.25 14:30:12.175,1.00745,1.00754,1.13,2.25
2013.01.25 14:30:12.476,1.00748,1.00759,2.40,1.73
2013.01.25 14:30:13.102,1.00747,1.00757,1.50,3.00
2013.01.25 14:30:13.185,1.00746,1.00754,1.50,2.25
2013.01.25 14:30:14.165,1.00744,1.00758,3.15,5.48
2013.01.25 14:30:14.488,1.00749,1.00759,1.13,1.50
2013.01.25 14:30:14.556,1.00749,1.00761,1.88,3.00
2013.01.25 14:30:14.735,1.00752,1.00762,1.50,1.73
2013.01.25 14:30:15.276,1.00751,1.00763,2.25,3.38
2013.01.25 14:30:15.785,1.00752,1.00763,1.50,1.88
2013.01.25 14:30:17.438,1.00752,1.00763,1.50,2.48
2013.01.25 14:30:17.760,1.00754,1.00764,1.50,3.00
2013.01.25 14:30:18.308,1.00754,1.00764,1.65,2.25
2013.01.25 14:30:21.488,1.00754,1.00764,2.40,1.50
2013.01.25 14:30:21.796,1.00761,1.0077,1.50,1.50
2013.01.25 14:30:22.156,1.00756,1.00767,1.73,2.40
2013.01.25 14:30:22.278,1.00755,1.00765,1.65,2.25
2013.01.25 14:30:22.828,1.00754,1.00765,2.40,2.25
2013.01.25 14:30:23.614,1.00754,1.00765,2.40,2.25
2013.01.25 14:30:24.816,1.00753,1.00765,4.88,2.25
2013.01.25 14:30:41.877,1.00753,1.00763,3.38,1.50
2013.01.25 14:30:42.365,1.00751,1.00763,1.80,3.23
2013.01.25 14:30:42.875,1.00752,1.00763,1.50,2.48
2013.01.25 14:31:02.646,1.00752,1.00762,1.50,2.25
2013.01.25 14:31:03.655,1.00751,1.00762,1.50,2.25
2013.01.25 14:31:03.715,1.00751,1.00762,1.50,2.25
2013.01.25 14:31:13.207,1.00751,1.00763,2.25,1.13
2013.01.25 14:31:14.135,1.00751,1.00763,2.25,1.13
2013.01.25 14:31:24.335,1.00752,1.00764,2.25,4.73
2013.01.25 14:31:24.695,1.00752,1.00763,1.50,2.48
2013.01.25 14:31:29.540,1.00751,1.00761,2.25,1.50
2013.01.25 14:31:31.997,1.00751,1.00762,3.00,1.50
2013.01.25 14:31:36.716,1.00751,1.00764,2.25,3.38
2013.01.25 14:31:42.177,1.00751,1.00764,2.25,3.60
2013.01.25 14:31:48.385,1.00751,1.00763,3.75,1.13
2013.01.25 14:31:49.144,1.00751,1.00763,3.00,1.13
2013.01.25 14:31:49.337,1.00755,1.00763,1.50,1.13
2013.01.25 14:31:49.515,1.00757,1.00767,1.13,2.48
2013.01.25 14:31:49.636,1.00755,1.00767,2.40,2.63
2013.01.25 14:31:49.755,1.00754,1.00765,2.03,1.50
2013.01.25 14:31:55.297,1.00753,1.00765,2.85,2.85
2013.01.25 14:31:55.416,1.00752,1.00764,2.25,1.20
2013.01.25 14:31:55.716,1.00751,1.0076,2.25,1.50
2013.01.25 14:31:56.455,1.00751,1.00763,2.25,1.73
2013.01.25 14:31:57.735,1.00751,1.00762,2.25,1.13
2013.01.25 14:32:08.405,1.0075,1.00761,2.03,1.50
2013.01.25 14:32:08.906,1.0075,1.00762,2.78,1.73
2013.01.25 14:32:10.736,1.0075,1.00761,1.28,1.50
2013.01.25 14:32:11.276,1.00749,1.00762,2.63,2.63
2013.01.25 14:32:11.795,1.00749,1.00758,2.63,1.50
2013.01.25 14:32:12.155,1.00749,1.00758,1.88,2.25
2013.01.25 14:32:12.696,1.00749,1.00758,1.88,2.25
2013.01.25 14:32:13.966,1.00749,1.00758,1.88,1.50
2013.01.25 14:32:16.255,1.00749,1.00761,3.38,3.00
2013.01.25 14:32:17.985,1.00751,1.00761,1.50,1.50
2013.01.25 14:32:18.525,1.0075,1.00761,1.65,2.25
2013.01.25 14:32:19.295,1.0075,1.00761,1.65,2.25
2013.01.25 14:32:19.475,1.00749,1.00758,1.13,1.50
2013.01.25 14:32:20.407,1.0075,1.00761,1.28,1.50
2013.01.25 14:32:20.467,1.00752,1.00761,1.50,1.50
2013.01.25 14:32:20.549,1.00752,1.00762,1.50,1.88
2013.01.25 14:32:20.976,1.0075,1.00761,1.28,2.25
2013.01.25 14:32:21.525,1.0075,1.00761,2.03,2.25
2013.01.25 14:32:22.706,1.0075,1.00761,1.65,1.50
2013.01.25 14:32:22.825,1.00749,1.00761,5.63,3.00
2013.01.25 14:32:23.245,1.00748,1.00757,1.35,1.50
2013.01.25 14:32:23.426,1.00746,1.00757,1.13,1.50
2013.01.25 14:32:24.445,1.00746,1.00758,1.13,3.98
2013.01.25 14:32:27.636,1.00747,1.00758,1.13,3.23
2013.01.25 14:32:28.173,1.00747,1.00758,1.13,2.25
2013.01.25 14:32:30.649,1.00746,1.00758,1.35,2.25
2013.01.25 14:32:33.619,1.00745,1.00758,1.88,3.98
2013.01.25 14:32:34.318,1.00745,1.00758,1.88,3.98
2013.01.25 14:32:34.447,1.00748,1.00758,1.13,3.00
2013.01.25 14:32:34.626,1.00748,1.00758,1.65,3.00
2013.01.25 14:32:34.747,1.00747,1.00758,1.65,3.23
2013.01.25 14:32:35.034,1.00748,1.00758,1.65,2.25
2013.01.25 14:32:35.216,1.00746,1.00758,1.88,3.83
2013.01.25 14:32:35.456,1.00748,1.00758,2.63,1.50
2013.01.25 14:32:36.463,1.0075,1.00761,2.40,1.73
2013.01.25 14:32:39.665,1.0075,1.0076,2.40,1.73
2013.01.25 14:32:40.206,1.00748,1.00757,1.13,1.50
2013.01.25 14:32:45.542,1.00747,1.00757,1.88,1.50
2013.01.25 14:32:45.677,1.00746,1.00757,1.28,3.23
2013.01.25 14:32:55.188,1.00745,1.00754,1.13,1.35
2013.01.25 14:32:55.547,1.00746,1.00756,1.13,3.23
2013.01.25 14:32:56.105,1.00746,1.00756,1.13,2.48
2013.01.25 14:32:56.665,1.00746,1.00758,1.88,1.73
2013.01.25 14:33:02.035,1.00745,1.00757,3.15,1.73
2013.01.25 14:33:02.726,1.00745,1.00756,1.50,1.13
2013.01.25 14:33:03.293,1.00744,1.00755,1.28,1.50
2013.01.25 14:33:04.025,1.00742,1.00755,4.88,1.50
2013.01.25 14:33:05.255,1.00743,1.00755,1.28,1.50
2013.01.25 14:33:05.836,1.00742,1.00754,2.25,1.20
2013.01.25 14:33:06.413,1.00742,1.00752,2.25,1.13
2013.01.25 14:33:10.085,1.00742,1.00753,2.25,1.13
2013.01.25 14:33:10.566,1.00744,1.00756,1.50,2.48
2013.01.25 14:33:11.116,1.00744,1.00756,1.50,2.48
2013.01.25 14:33:11.645,1.00744,1.00756,1.50,3.23
2013.01.25 14:33:16.146,1.00744,1.00754,1.50,1.35
2013.01.25 14:33:16.806,1.00742,1.00753,2.25,1.35
2013.01.25 14:33:25.085,1.00741,1.00753,3.75,2.10
2013.01.25 14:33:27.427,1.00742,1.00753,3.15,1.73
2013.01.25 14:33:27.547,1.00744,1.00757,1.50,3.38
2013.01.25 14:33:29.717,1.00745,1.00757,1.35,2.63
2013.01.25 14:33:29.836,1.00746,1.00756,1.50,2.48
2013.01.25 14:33:29.896,1.00744,1.00756,3.00,2.48
2013.01.25 14:33:30.197,1.00745,1.00756,2.25,1.73
2013.01.25 14:33:30.699,1.00745,1.00756,2.25,1.73
2013.01.25 14:33:31.255,1.00745,1.00756,1.50,1.73
2013.01.25 14:33:33.815,1.00745,1.00756,1.50,1.73
2013.01.25 14:33:36.727,1.00745,1.00756,1.50,1.73
2013.01.25 14:33:39.566,1.00744,1.00755,3.90,1.50
2013.01.25 14:33:40.584,1.00744,1.00753,2.25,1.13
2013.01.25 14:33:40.729,1.0074,1.00752,4.65,3.90
2013.01.25 14:33:40.799,1.0074,1.0075,2.40,1.73
2013.01.25 14:33:40.987,1.00737,1.00748,2.85,2.78
2013.01.25 14:33:44.146,1.00735,1.00745,1.88,3.53
2013.01.25 14:33:44.207,1.00733,1.00744,2.63,1.50
2013.01.25 14:33:44.446,1.00733,1.00743,2.25,1.50
2013.01.25 14:33:44.627,1.00729,1.00741,2.63,1.73
2013.01.25 14:33:44.695,1.00729,1.00741,2.40,1.73
2013.01.25 14:33:46.205,1.00729,1.00739,1.65,3.00
2013.01.25 14:33:46.726,1.0073,1.00743,1.50,4.88
2013.01.25 14:33:47.245,1.0073,1.00743,1.50,3.00
2013.01.25 14:33:49.505,1.0073,1.00743,2.25,2.25
2013.01.25 14:33:49.869,1.0073,1.00743,3.00,2.25
2013.01.25 14:33:50.366,1.00732,1.00743,3.00,1.73
2013.01.25 14:33:50.547,1.00733,1.00746,1.88,3.60
2013.01.25 14:33:53.972,1.00732,1.00744,3.00,1.65
2013.01.25 14:33:54.044,1.00733,1.00745,3.38,1.73
2013.01.25 14:33:55.814,1.00733,1.00745,1.88,1.73
2013.01.25 14:33:56.367,1.00732,1.00744,4.13,1.50
2013.01.25 14:33:56.917,1.00733,1.00744,1.65,1.50
2013.01.25 14:34:01.076,1.00733,1.00744,1.50,1.50
2013.01.25 14:34:05.836,1.00732,1.00744,3.00,1.50
2013.01.25 14:34:07.323,1.00732,1.00744,3.75,1.50
2013.01.25 14:34:10.358,1.00732,1.00744,3.75,1.50
2013.01.25 14:34:12.546,1.00732,1.00743,3.75,1.13
2013.01.25 14:34:12.906,1.00732,1.00744,3.75,3.23
2013.01.25 14:34:13.027,1.00732,1.00744,4.50,3.00
2013.01.25 14:34:13.407,1.00732,1.00742,3.00,1.65
2013.01.25 14:34:13.942,1.00732,1.00744,2.40,2.40
2013.01.25 14:34:14.247,1.00732,1.00742,2.25,1.88
2013.01.25 14:34:14.607,1.00725,1.00733,2.25,1.50
2013.01.25 14:34:14.666,1.00725,1.00733,3.00,1.73
2013.01.25 14:34:15.209,1.00723,1.00733,1.65,1.73
2013.01.25 14:34:15.280,1.00723,1.00734,3.15,1.50
2013.01.25 14:34:15.828,1.00723,1.00736,3.15,3.38
2013.01.25 14:34:17.629,1.00723,1.00735,3.15,1.50
2013.01.25 14:34:20.095,1.00723,1.00735,3.15,1.50
2013.01.25 14:34:25.338,1.00723,1.00735,3.15,1.50
2013.01.25 14:34:33.565,1.00723,1.00735,3.15,1.50
2013.01.25 14:34:37.204,1.00723,1.00735,2.40,1.50
2013.01.25 14:34:39.817,1.00727,1.00735,1.50,1.50
2013.01.25 14:34:41.418,1.00727,1.00736,1.50,1.73
2013.01.25 14:34:42.042,1.00725,1.00736,2.25,1.73
2013.01.25 14:34:42.832,1.00725,1.00736,2.25,2.48
2013.01.25 14:34:43.487,1.00725,1.00736,2.25,1.73
2013.01.25 14:34:49.615,1.00725,1.00736,1.50,1.73
2013.01.25 14:34:51.726,1.00725,1.00736,1.50,1.73
2013.01.25 14:34:54.116,1.00722,1.00728,2.40,1.50
2013.01.25 14:34:54.417,1.00719,1.00725,1.50,1.88
2013.01.25 14:34:54.477,1.00717,1.00725,3.23,1.88
2013.01.25 14:34:54.539,1.00717,1.00722,1.73,1.50
2013.01.25 14:34:54.910,1.00713,1.00723,3.00,1.13
2013.01.25 14:34:56.406,1.00712,1.00723,3.00,1.35
2013.01.25 14:34:56.947,1.00712,1.00723,3.00,1.35
2013.01.25 14:34:57.318,1.00711,1.00723,2.25,2.10
2013.01.25 14:34:57.507,1.00711,1.0072,1.50,2.25
2013.01.25 14:34:57.987,1.00707,1.0072,1.88,3.75
2013.01.25 14:34:58.800,1.00707,1.00719,1.88,2.25
2013.01.25 14:34:59.046,1.00708,1.0072,3.75,1.50
2013.01.25 14:34:59.106,1.00711,1.00721,1.50,1.13
2013.01.25 14:34:59.466,1.00711,1.00723,4.50,2.85
2013.01.25 14:34:59.827,1.00713,1.00722,1.50,1.13
2013.01.25 14:35:00.877,1.00715,1.00723,1.50,2.48
2013.01.25 14:35:00.996,1.00715,1.00725,3.15,3.23
2013.01.25 14:35:01.117,1.00721,1.00729,1.50,2.25
2013.01.25 14:35:01.297,1.00726,1.0073,1.73,1.50
2013.01.25 14:35:01.426,1.00726,1.00738,2.48,2.25
2013.01.25 14:35:01.487,1.00728,1.00738,1.13,1.50
2013.01.25 14:35:02.014,1.00728,1.00739,1.88,3.00
2013.01.25 14:35:02.093,1.00729,1.00742,3.00,3.15
2013.01.25 14:35:02.628,1.00729,1.00742,2.25,3.90
2013.01.25 14:35:03.805,1.00729,1.00742,4.50,3.15
2013.01.25 14:35:05.797,1.00728,1.00737,1.88,3.75
2013.01.25 14:35:06.038,1.00728,1.00734,1.50,1.13
2013.01.25 14:35:06.097,1.00723,1.00734,1.12,2.63
2013.01.25 14:35:06.599,1.00721,1.00733,1.73,1.65
2013.01.25 14:35:07.695,1.00721,1.00733,1.50,1.13
2013.01.25 14:35:09.197,1.0072,1.00733,4.50,1.13
2013.01.25 14:35:10.077,1.0072,1.00732,3.75,2.03
2013.01.25 14:35:10.626,1.00721,1.00732,1.13,3.15
2013.01.25 14:35:11.177,1.00721,1.00732,1.13,3.90
2013.01.25 14:35:11.707,1.00721,1.00732,2.63,3.15
2013.01.25 14:35:12.988,1.00721,1.00732,1.88,2.40
2013.01.25 14:35:16.171,1.00721,1.00732,2.63,2.40
2013.01.25 14:35:16.688,1.00722,1.00732,1.50,2.40
2013.01.25 14:35:17.247,1.00723,1.00732,1.50,2.40
2013.01.25 14:35:17.785,1.00722,1.00732,1.50,2.40
2013.01.25 14:35:18.146,1.00723,1.00732,1.50,2.40
2013.01.25 14:35:20.239,1.00721,1.00732,2.63,2.40
2013.01.25 14:35:21.086,1.00721,1.00732,2.63,2.25
2013.01.25 14:35:21.167,1.00721,1.00732,2.63,2.25
2013.01.25 14:35:29.926,1.00721,1.00732,1.88,3.75
2013.01.25 14:35:32.735,1.00721,1.00732,1.88,3.00
2013.01.25 14:35:35.058,1.00723,1.00734,3.75,1.50
2013.01.25 14:35:35.116,1.00723,1.00733,3.75,1.50
2013.01.25 14:35:35.236,1.00723,1.00731,3.00,1.50
2013.01.25 14:35:35.476,1.00723,1.00731,3.00,1.50
2013.01.25 14:35:36.486,1.00723,1.00731,2.25,1.50
2013.01.25 14:35:36.996,1.00724,1.00734,1.88,1.50
2013.01.25 14:35:43.907,1.00723,1.00734,1.50,2.48
2013.01.25 14:35:49.205,1.00724,1.00734,1.50,1.50
2013.01.25 14:36:06.129,1.00723,1.00733,3.23,1.50
2013.01.25 14:36:06.676,1.00723,1.00731,3.00,2.25
2013.01.25 14:36:08.787,1.00723,1.00731,2.25,1.50
2013.01.25 14:36:09.088,1.0072,1.00729,1.50,2.25
2013.01.25 14:36:09.396,1.00717,1.00725,1.50,2.25
2013.01.25 14:36:09.997,1.00714,1.00724,1.50,3.00
2013.01.25 14:36:13.046,1.00716,1.00726,1.50,1.13
2013.01.25 14:36:14.985,1.00715,1.00725,1.50,1.13
2013.01.25 14:36:15.556,1.00715,1.00726,1.50,1.13
2013.01.25 14:36:16.456,1.00715,1.00726,1.50,1.13
2013.01.25 14:36:17.606,1.00714,1.00726,1.65,1.13
2013.01.25 14:36:17.667,1.00715,1.00726,2.40,1.13
2013.01.25 14:36:18.026,1.00716,1.00726,1.50,1.13
2013.01.25 14:36:18.147,1.00716,1.00726,1.50,5.03
2013.01.25 14:36:18.691,1.00715,1.00724,1.50,2.63
2013.01.25 14:36:19.347,1.00715,1.00724,2.25,2.63
2013.01.25 14:36:19.586,1.00716,1.00728,4.65,2.85
2013.01.25 14:36:19.645,1.00716,1.00728,3.90,2.85
2013.01.25 14:36:20.087,1.00718,1.00728,1.73,1.88
2013.01.25 14:36:20.207,1.00719,1.00729,3.00,1.50
2013.01.25 14:36:20.746,1.00721,1.00731,1.50,1.50
2013.01.25 14:36:21.780,1.00722,1.00731,1.50,1.50
2013.01.25 14:36:21.906,1.00719,1.0073,3.38,2.25
2013.01.25 14:36:22.446,1.0072,1.0073,1.50,2.25
2013.01.25 14:36:22.987,1.00722,1.00732,1.50,1.50
2013.01.25 14:36:27.107,1.00722,1.00733,3.60,2.03
2013.01.25 14:36:27.227,1.00727,1.00737,2.25,2.25
2013.01.25 14:36:27.536,1.00728,1.0074,3.00,4.35
2013.01.25 14:36:28.077,1.00729,1.0074,2.25,2.48
2013.01.25 14:36:28.377,1.00729,1.00739,1.50,1.13
2013.01.25 14:36:28.556,1.00725,1.00737,1.50,1.50
2013.01.25 14:36:28.623,1.00725,1.00737,1.50,1.50
2013.01.25 14:36:28.926,1.00725,1.00737,1.50,2.25
2013.01.25 14:36:29.470,1.00725,1.00738,1.50,4.50
2013.01.25 14:36:29.776,1.00725,1.00736,2.25,1.50
2013.01.25 14:36:30.088,1.0073,1.00739,2.25,3.60
2013.01.25 14:36:30.351,1.00732,1.00742,1.50,1.50
2013.01.25 14:36:30.799,1.00734,1.00743,1.50,2.25
2013.01.25 14:36:30.927,1.00735,1.00746,2.25,2.25
2013.01.25 14:36:31.337,1.00735,1.00743,3.00,1.13
2013.01.25 14:36:31.696,1.00733,1.00742,2.48,1.50
2013.01.25 14:36:31.818,1.00733,1.00742,2.25,1.13
2013.01.25 14:36:32.366,1.00733,1.00743,1.50,2.25
2013.01.25 14:36:32.907,1.00734,1.00745,1.50,1.50
2013.01.25 14:36:33.397,1.00735,1.00745,1.65,1.50
2013.01.25 14:36:33.516,1.00736,1.00746,1.65,2.25
2013.01.25 14:36:33.636,1.00735,1.00746,2.48,2.25
2013.01.25 14:36:33.878,1.00734,1.00745,3.75,1.50
2013.01.25 14:36:34.826,1.00735,1.00746,3.00,3.00
2013.01.25 14:36:35.127,1.00736,1.00746,1.50,1.50
2013.01.25 14:36:35.428,1.00735,1.00746,1.50,3.00
2013.01.25 14:36:36.377,1.00735,1.00746,2.63,3.00
2013.01.25 14:36:36.736,1.00736,1.00748,1.50,2.25
2013.01.25 14:36:37.936,1.00736,1.00745,1.50,1.50
2013.01.25 14:36:38.368,1.00736,1.00748,3.90,2.63
2013.01.25 14:36:39.446,1.00736,1.00748,1.50,2.63
2013.01.25 14:36:39.566,1.00735,1.00745,2.25,1.50
2013.01.25 14:36:40.106,1.00735,1.00745,1.50,1.50
2013.01.25 14:36:40.647,1.00735,1.00745,1.50,1.50
2013.01.25 14:36:42.458,1.00734,1.00745,1.50,2.25
2013.01.25 14:36:43.016,1.00736,1.00746,2.25,1.50
2013.01.25 14:36:43.138,1.00736,1.00746,2.25,1.50
2013.01.25 14:36:45.067,1.00736,1.00746,1.50,1.50
2013.01.25 14:36:45.426,1.00737,1.00747,1.50,1.50
2013.01.25 14:36:45.546,1.00735,1.00747,1.50,3.98
2013.01.25 14:36:46.087,1.00733,1.00745,2.25,3.15
2013.01.25 14:36:46.626,1.00733,1.00743,1.50,1.88
2013.01.25 14:36:47.177,1.00732,1.00743,1.50,1.88
2013.01.25 14:36:48.553,1.00732,1.00743,2.25,3.38
2013.01.25 14:36:48.737,1.00734,1.00744,1.50,2.25
2013.01.25 14:36:49.304,1.00734,1.00745,1.50,2.25
2013.01.25 14:36:50.201,1.00733,1.00745,1.50,7.92
2013.01.25 14:36:50.746,1.00731,1.00743,3.00,1.73
2013.01.25 14:36:52.078,1.00732,1.00744,2.25,1.88
2013.01.25 14:36:52.268,1.00736,1.00747,2.40,3.00
2013.01.25 14:36:52.746,1.00735,1.00747,1.50,2.25
2013.01.25 14:36:52.926,1.00734,1.00743,1.50,1.50
2013.01.25 14:36:53.227,1.0073,1.00738,1.50,1.50
2013.01.25 14:36:53.286,1.00731,1.00738,1.50,1.50
2013.01.25 14:36:53.826,1.00731,1.00738,1.50,2.25
2013.01.25 14:36:54.126,1.00727,1.00738,1.65,2.25
2013.01.25 14:36:54.700,1.00728,1.00738,1.50,1.50
2013.01.25 14:36:55.343,1.00728,1.00738,1.50,1.50
2013.01.25 14:36:57.395,1.00727,1.00738,1.50,2.25
2013.01.25 14:36:57.456,1.00726,1.00738,3.00,2.48
2013.01.25 14:36:57.695,1.00723,1.00735,3.75,2.48
2013.01.25 14:36:58.357,1.00723,1.00735,3.00,1.50
2013.01.25 14:36:58.908,1.00725,1.00735,2.25,1.50
2013.01.25 14:36:59.847,1.00724,1.00736,2.40,2.25
2013.01.25 14:37:00.321,1.00724,1.00734,1.50,3.00
2013.01.25 14:37:00.877,1.00724,1.00734,1.50,2.25
2013.01.25 14:37:01.416,1.00724,1.00734,2.25,2.25
2013.01.25 14:37:01.478,1.00724,1.00734,1.88,2.25
2013.01.25 14:37:02.397,1.00724,1.00734,1.13,1.50
2013.01.25 14:37:02.576,1.00724,1.00736,3.38,3.00
2013.01.25 14:37:02.637,1.00724,1.00736,3.00,3.00
2013.01.25 14:37:03.056,1.00724,1.00736,3.00,3.00
2013.01.25 14:37:03.537,1.00724,1.00736,2.25,3.00
2013.01.25 14:37:03.599,1.00724,1.00736,2.40,2.25
2013.01.25 14:37:04.113,1.00726,1.00736,1.65,1.50
2013.01.25 14:37:07.797,1.00727,1.00736,3.00,1.50
2013.01.25 14:37:08.156,1.00728,1.00736,2.25,1.50
2013.01.25 14:37:08.398,1.00729,1.00741,2.25,3.00
2013.01.25 14:37:08.758,1.00729,1.00741,1.50,4.58
2013.01.25 14:37:08.827,1.00727,1.00739,1.50,2.48
2013.01.25 14:37:09.667,1.0073,1.00739,2.10,2.25
2013.01.25 14:37:09.986,1.00734,1.00743,1.50,1.50
2013.01.25 14:37:10.168,1.00732,1.00743,1.50,3.75
2013.01.25 14:37:10.365,1.00732,1.00744,2.25,3.90
2013.01.25 14:37:10.870,1.00734,1.00744,1.50,2.25
2013.01.25 14:37:12.937,1.00732,1.00744,3.00,2.63
2013.01.25 14:37:13.426,1.00734,1.00744,1.50,3.98
2013.01.25 14:37:13.551,1.00734,1.00744,2.25,2.25
2013.01.25 14:37:19.107,1.00735,1.00744,1.65,2.25
2013.01.25 14:37:19.288,1.00736,1.00746,1.65,2.25
2013.01.25 14:37:19.407,1.00735,1.00745,1.50,1.50
2013.01.25 14:37:19.586,1.00733,1.00745,1.13,2.25
2013.01.25 14:37:20.145,1.00732,1.00745,3.15,3.00
2013.01.25 14:37:21.088,1.00733,1.00745,1.88,3.00
2013.01.25 14:37:21.165,1.00735,1.00747,2.40,2.55
2013.01.25 14:37:22.126,1.00737,1.00747,1.50,2.55
2013.01.25 14:37:22.677,1.00737,1.00747,1.50,2.55
2013.01.25 14:37:23.220,1.00736,1.00747,1.65,2.46
2013.01.25 14:37:23.709,1.00733,1.00747,4.50,3.38
2013.01.25 14:37:23.896,1.00732,1.00745,2.25,2.25
2013.01.25 14:37:24.436,1.00732,1.00745,1.50,3.00
2013.01.25 14:37:28.576,1.00733,1.00745,1.13,2.25
2013.01.25 14:37:28.938,1.00736,1.00747,3.15,2.25
2013.01.25 14:37:29.606,1.00736,1.00747,1.50,2.25
2013.01.25 14:37:29.786,1.00734,1.00746,2.25,1.50
2013.01.25 14:37:30.989,1.00732,1.00744,3.90,1.50
2013.01.25 14:37:44.710,1.00732,1.00744,3.90,1.50
2013.01.25 14:37:47.388,1.00732,1.00744,2.25,3.00
2013.01.25 14:37:47.927,1.00731,1.00743,2.25,1.13
2013.01.25 14:37:51.536,1.00732,1.00743,1.50,1.88
2013.01.25 14:37:52.057,1.00732,1.00743,1.50,1.88
2013.01.25 14:37:58.356,1.00732,1.00743,2.63,1.88
2013.01.25 14:37:58.657,1.00736,1.00747,2.40,2.25
2013.01.25 14:37:58.717,1.00736,1.00747,2.40,2.25
2013.01.25 14:37:59.256,1.00736,1.00747,2.40,2.25
2013.01.25 14:37:59.917,1.00735,1.00746,2.25,1.50
2013.01.25 14:37:59.976,1.00733,1.00744,1.13,1.50
2013.01.25 14:38:00.096,1.00732,1.00744,5.03,2.25
2013.01.25 14:38:00.618,1.00732,1.00744,2.40,2.25
2013.01.25 14:38:06.866,1.00734,1.00744,1.13,3.00
2013.01.25 14:38:07.050,1.00736,1.00747,1.65,2.25
2013.01.25 14:38:07.177,1.00733,1.00744,2.63,1.50
2013.01.25 14:38:08.206,1.00731,1.00744,3.90,5.10
2013.01.25 14:38:08.327,1.00731,1.00743,3.15,1.73
2013.01.25 14:38:09.056,1.00731,1.00743,1.65,1.73
2013.01.25 14:38:11.403,1.00731,1.00743,2.25,1.13
2013.01.25 14:38:11.948,1.00731,1.00743,2.25,1.13
2013.01.25 14:38:12.546,1.00731,1.00743,2.25,1.13
2013.01.25 14:38:17.387,1.00734,1.00744,1.50,2.48
2013.01.25 14:38:21.216,1.00732,1.00743,1.50,1.50
2013.01.25 14:38:21.762,1.00731,1.00743,3.90,1.73
2013.01.25 14:38:29.567,1.00732,1.00743,1.13,2.48
2013.01.25 14:38:29.689,1.00731,1.00743,3.90,2.48
2013.01.25 14:38:30.216,1.00731,1.00743,4.65,2.48
2013.01.25 14:38:30.766,1.00731,1.00743,3.90,3.08
2013.01.25 14:38:33.526,1.00732,1.00743,2.25,2.33
2013.01.25 14:38:33.585,1.00736,1.00743,1.50,1.73
2013.01.25 14:38:33.706,1.00736,1.00745,2.40,1.13
2013.01.25 14:38:33.766,1.00736,1.00747,2.40,2.48
2013.01.25 14:38:34.397,1.00735,1.00747,1.65,3.00
2013.01.25 14:38:34.915,1.00735,1.00747,1.13,3.23
2013.01.25 14:38:36.196,1.00734,1.00747,2.40,3.23
2013.01.25 14:38:37.356,1.00735,1.00747,1.50,3.98
2013.01.25 14:38:37.417,1.00736,1.00747,1.65,3.98
2013.01.25 14:38:38.047,1.00736,1.00747,1.65,3.00
2013.01.25 14:38:38.686,1.00737,1.00748,1.50,3.00
2013.01.25 14:38:38.806,1.00736,1.00748,2.40,2.25
2013.01.25 14:38:38.927,1.00734,1.00746,8.40,1.50
2013.01.25 14:38:39.286,1.00734,1.00745,1.65,2.25
2013.01.25 14:38:39.602,1.00737,1.00746,1.50,1.50
2013.01.25 14:38:40.947,1.00737,1.00748,2.25,3.23
2013.01.25 14:38:41.487,1.00741,1.00748,1.50,2.48
2013.01.25 14:38:41.547,1.00741,1.00748,1.50,1.73
2013.01.25 14:38:42.087,1.00736,1.00748,3.75,4.73
2013.01.25 14:38:42.149,1.00736,1.00748,3.75,4.73
2013.01.25 14:38:44.082,1.00736,1.00748,3.75,4.73
2013.01.25 14:38:44.626,1.00737,1.00748,1.65,3.00
2013.01.25 14:38:45.406,1.00737,1.00748,2.40,2.25
2013.01.25 14:38:47.067,1.00737,1.00748,2.40,2.25
2013.01.25 14:38:48.315,1.00737,1.00748,2.40,2.25
2013.01.25 14:38:48.556,1.0074,1.0075,1.50,1.50
2013.01.25 14:38:49.067,1.0074,1.00751,3.00,1.50
2013.01.25 14:38:50.196,1.0074,1.00751,3.00,2.25
2013.01.25 14:38:50.586,1.0074,1.00751,3.00,1.50
2013.01.25 14:38:51.105,1.0074,1.0075,3.00,1.35
2013.01.25 14:38:51.917,1.00742,1.00754,1.50,3.75
2013.01.25 14:38:51.976,1.00742,1.00754,1.50,3.75
2013.01.25 14:38:53.586,1.00744,1.00754,1.50,2.25
2013.01.25 14:38:53.706,1.00746,1.00756,1.50,2.25
2013.01.25 14:38:54.246,1.00745,1.00754,1.50,1.50
2013.01.25 14:38:56.957,1.00746,1.00756,2.40,1.50
2013.01.25 14:38:57.268,1.00744,1.00755,2.25,1.50
2013.01.25 14:38:57.391,1.00744,1.00755,2.25,1.50
2013.01.25 14:38:57.456,1.00744,1.00755,2.25,1.50
2013.01.25 14:38:58.018,1.00744,1.00754,2.25,1.50
2013.01.25 14:39:01.776,1.00742,1.00752,1.50,1.50
2013.01.25 14:39:02.480,1.0074,1.00747,2.25,1.50
2013.01.25 14:39:03.997,1.0074,1.00748,1.50,1.50
2013.01.25 14:39:04.176,1.00737,1.00748,1.65,3.00
2013.01.25 14:39:04.476,1.00737,1.00748,1.65,3.00
2013.01.25 14:39:05.851,1.00737,1.00748,1.65,3.00
2013.01.25 14:39:06.637,1.00736,1.00748,2.48,3.60
2013.01.25 14:39:07.167,1.00735,1.00746,1.50,1.50
2013.01.25 14:39:07.677,1.00737,1.00747,1.65,1.50
2013.01.25 14:39:08.606,1.00737,1.00746,2.40,1.50
2013.01.25 14:39:10.157,1.00737,1.00746,1.50,1.50
2013.01.25 14:39:10.277,1.00738,1.00748,1.13,1.50
2013.01.25 14:39:10.816,1.00739,1.0075,1.50,1.50
2013.01.25 14:39:11.333,1.0074,1.00751,1.88,2.25
2013.01.25 14:39:11.697,1.00741,1.00751,2.25,1.50
2013.01.25 14:39:13.176,1.00741,1.00752,2.63,1.50
2013.01.25 14:39:21.666,1.00742,1.00752,1.88,1.35
2013.01.25 14:39:22.391,1.00742,1.00754,1.50,4.69
2013.01.25 14:39:23.045,1.00742,1.00752,1.50,1.35
2013.01.25 14:39:26.289,1.00741,1.00752,2.25,1.13
2013.01.25 14:39:27.095,1.00741,1.00752,2.25,1.73
2013.01.25 14:39:31.346,1.00741,1.00754,2.63,2.40
2013.01.25 14:39:31.407,1.00741,1.00754,2.63,2.40
2013.01.25 14:39:31.945,1.00741,1.00754,2.63,3.75
2013.01.25 14:39:32.488,1.00742,1.00754,2.25,1.50
2013.01.25 14:39:33.122,1.00743,1.00755,2.25,3.00
2013.01.25 14:39:51.778,1.00743,1.00755,1.73,3.75
2013.01.25 14:39:52.328,1.00743,1.00755,1.80,3.75
2013.01.25 14:39:54.596,1.00743,1.00755,3.30,2.25
2013.01.25 14:39:54.956,1.00747,1.00757,1.50,1.88
2013.01.25 14:39:56.095,1.00747,1.00756,1.50,1.50
2013.01.25 14:39:56.427,1.00747,1.00752,1.50,1.50
2013.01.25 14:39:56.487,1.00745,1.00752,1.50,1.50
2013.01.25 14:39:57.037,1.00744,1.00753,2.25,1.50
2013.01.25 14:39:57.598,1.00744,1.00753,2.25,3.94
2013.01.25 14:39:58.887,1.00744,1.00754,1.50,1.73
2013.01.25 14:39:59.186,1.00744,1.00756,2.25,3.00
2013.01.25 14:40:00.627,1.00744,1.00756,2.25,3.38
2013.01.25 14:40:01.144,1.00744,1.00754,1.50,1.50
2013.01.25 14:40:01.207,1.00744,1.00754,1.50,1.50
2013.01.25 14:40:01.698,1.00744,1.00753,1.50,2.25
2013.01.25 14:40:14.296,1.00741,1.00753,2.25,1.65
2013.01.25 14:40:14.868,1.00742,1.00753,1.50,1.65
2013.01.25 14:40:16.409,1.00742,1.00752,1.50,1.50
2013.01.25 14:40:16.959,1.00742,1.00754,1.50,4.65
2013.01.25 14:40:17.487,1.00741,1.00753,1.50,1.65
2013.01.25 14:40:18.016,1.00741,1.00753,1.50,1.65
2013.01.25 14:40:19.107,1.00741,1.00754,1.50,3.90
2013.01.25 14:40:21.219,1.00741,1.00753,1.50,2.25
2013.01.25 14:40:21.353,1.00741,1.0075,1.50,1.50
2013.01.25 14:40:21.496,1.00739,1.00749,1.13,1.50
2013.01.25 14:40:21.686,1.00739,1.00749,1.13,1.50
2013.01.25 14:40:22.225,1.00738,1.00749,2.25,1.50
2013.01.25 14:40:24.290,1.00738,1.00748,1.50,2.25
2013.01.25 14:40:25.827,1.00738,1.0075,2.25,3.75
2013.01.25 14:40:25.888,1.00739,1.0075,1.05,3.00
2013.01.25 14:40:26.007,1.00741,1.00754,3.00,3.15
2013.01.25 14:40:26.188,1.00742,1.00755,2.25,3.98
2013.01.25 14:40:26.308,1.00742,1.00754,2.25,1.50
2013.01.25 14:40:26.500,1.00741,1.00754,3.98,2.40
2013.01.25 14:40:26.806,1.00741,1.00752,1.50,1.73
2013.01.25 14:40:26.927,1.00741,1.00752,3.90,1.50
2013.01.25 14:40:27.107,1.00744,1.00756,1.50,4.50
2013.01.25 14:40:27.826,1.00744,1.00756,1.50,3.00
2013.01.25 14:40:28.407,1.00744,1.00754,1.50,3.98
2013.01.25 14:40:28.482,1.00741,1.00754,1.50,6.23
2013.01.25 14:40:28.726,1.00741,1.00754,1.50,4.13
2013.01.25 14:40:30.277,1.00741,1.00753,3.00,4.50
2013.01.25 14:40:30.398,1.00738,1.0075,6.00,1.50
2013.01.25 14:40:30.588,1.00738,1.00749,1.50,2.25
2013.01.25 14:40:31.918,1.00737,1.00749,4.13,3.00
2013.01.25 14:40:32.537,1.00738,1.00749,1.50,2.25
2013.01.25 14:40:32.597,1.00738,1.00749,2.55,1.50
2013.01.25 14:40:32.718,1.00739,1.00751,3.75,2.25
2013.01.25 14:40:33.256,1.00741,1.00753,1.50,3.15
2013.01.25 14:40:34.936,1.0074,1.00752,1.50,3.60
2013.01.25 14:40:35.480,1.0074,1.0075,1.50,1.50
2013.01.25 14:40:36.131,1.0074,1.00751,1.50,1.50
2013.01.25 14:40:36.378,1.00741,1.00753,2.25,3.53
2013.01.25 14:40:37.946,1.00741,1.00753,2.55,2.40
2013.01.25 14:40:38.486,1.00742,1.00753,1.50,2.25
2013.01.25 14:40:38.996,1.00742,1.00753,1.50,1.65
2013.01.25 14:40:43.414,1.00742,1.00753,2.25,1.65
2013.01.25 14:40:43.777,1.00742,1.00754,3.75,1.73
2013.01.25 14:40:44.316,1.00744,1.00756,1.50,2.79
2013.01.25 14:40:45.356,1.00742,1.00755,5.25,1.66
2013.01.25 14:40:45.906,1.00742,1.00753,2.25,1.50
2013.01.25 14:40:46.416,1.00742,1.00753,1.50,1.50
2013.01.25 14:40:54.507,1.0074,1.00752,3.00,3.00
2013.01.25 14:40:55.047,1.00739,1.00748,1.50,1.50
2013.01.25 14:40:55.820,1.00738,1.00748,1.50,1.50
2013.01.25 14:40:58.286,1.00737,1.00748,2.25,1.50
2013.01.25 14:40:58.826,1.00737,1.00747,1.50,1.35
2013.01.25 14:40:59.190,1.00739,1.00747,1.50,1.35
2013.01.25 14:40:59.863,1.00739,1.00747,1.50,1.35
2013.01.25 14:41:00.256,1.00736,1.00747,2.25,1.35
2013.01.25 14:41:00.977,1.00741,1.00749,1.50,1.58
2013.01.25 14:41:01.157,1.00741,1.00751,1.50,1.73
2013.01.25 14:41:01.217,1.00741,1.00752,1.50,2.40
2013.01.25 14:41:01.757,1.00741,1.00752,2.25,2.40
2013.01.25 14:41:03.051,1.00743,1.00752,1.50,1.65
2013.01.25 14:41:04.206,1.00743,1.00753,2.25,1.65
2013.01.25 14:41:06.106,1.00743,1.00753,2.25,2.25
2013.01.25 14:41:06.166,1.00743,1.00753,1.50,2.25
2013.01.25 14:41:07.387,1.00743,1.00753,1.50,1.65
2013.01.25 14:41:08.366,1.00744,1.00753,1.50,1.65
2013.01.25 14:41:08.426,1.00744,1.00755,1.50,3.76
2013.01.25 14:41:08.966,1.00744,1.00755,2.25,3.00
2013.01.25 14:41:09.611,1.00744,1.00755,1.50,3.00
2013.01.25 14:41:14.056,1.00743,1.00755,3.75,3.38
2013.01.25 14:41:14.597,1.00743,1.00754,1.50,1.65
2013.01.25 14:41:20.129,1.00743,1.00754,3.00,4.35
2013.01.25 14:41:20.198,1.00743,1.00754,3.00,1.50
2013.01.25 14:41:20.770,1.00744,1.00755,1.50,2.04
2013.01.25 14:41:21.857,1.00743,1.00755,3.75,2.79
2013.01.25 14:41:23.257,1.00743,1.00755,3.75,3.00
2013.01.25 14:41:24.076,1.00743,1.00755,3.75,2.79
2013.01.25 14:41:24.676,1.00743,1.00755,3.75,3.00
2013.01.25 14:41:25.197,1.00743,1.00755,3.00,3.54
2013.01.25 14:41:28.276,1.00743,1.00755,3.75,3.54
2013.01.25 14:41:28.890,1.00743,1.00755,3.75,2.25
2013.01.25 14:41:40.277,1.00747,1.00756,1.50,1.94
2013.01.25 14:41:43.563,1.00744,1.00756,4.28,2.25
2013.01.25 14:41:46.466,1.00745,1.00756,1.50,2.25
2013.01.25 14:41:49.108,1.00744,1.00756,3.90,2.25
2013.01.25 14:41:49.407,1.00744,1.00756,3.00,4.66
2013.01.25 14:41:49.957,1.00744,1.00754,3.00,1.88
2013.01.25 14:41:54.908,1.00744,1.00755,3.00,3.00
2013.01.25 14:41:55.446,1.00744,1.00756,3.00,4.44
2013.01.25 14:41:56.086,1.00744,1.00755,3.00,1.50
2013.01.25 14:41:59.306,1.00744,1.00755,2.25,1.50
2013.01.25 14:41:59.667,1.00742,1.00754,3.00,1.50
2013.01.25 14:42:00.227,1.00744,1.00755,1.50,1.50
2013.01.25 14:42:01.137,1.00744,1.00753,1.50,2.25
2013.01.25 14:42:01.197,1.00741,1.00753,2.25,3.75
2013.01.25 14:42:03.177,1.00741,1.00751,1.50,1.50
2013.01.25 14:42:03.357,1.00737,1.00749,3.75,3.75
2013.01.25 14:42:03.896,1.00738,1.0075,2.25,3.00
2013.01.25 14:42:04.400,1.00737,1.00748,3.00,2.25
2013.01.25 14:42:04.766,1.00736,1.00748,3.00,2.85
2013.01.25 14:42:05.310,1.00736,1.00748,3.75,2.85
2013.01.25 14:42:06.286,1.00737,1.00748,1.13,2.85
2013.01.25 14:42:06.997,1.00736,1.00748,3.00,2.85
2013.01.25 14:42:07.519,1.00736,1.00748,3.00,3.60
2013.01.25 14:42:09.346,1.00736,1.00748,2.63,3.60
2013.01.25 14:42:11.177,1.00736,1.00746,3.38,2.48
2013.01.25 14:42:11.733,1.00736,1.00745,2.03,1.73
2013.01.25 14:42:12.070,1.00736,1.00744,2.03,1.73
2013.01.25 14:42:12.680,1.00736,1.00745,1.50,1.73
2013.01.25 14:42:13.363,1.00736,1.00745,1.50,1.73
2013.01.25 14:42:14.647,1.00736,1.00745,1.65,1.73
2013.01.25 14:42:15.877,1.00736,1.00745,1.65,1.73
2013.01.25 14:42:17.160,1.00736,1.00746,1.65,4.73
2013.01.25 14:42:18.387,1.00734,1.00744,1.22,1.73
2013.01.25 14:42:20.017,1.00733,1.00744,2.63,1.73
2013.01.25 14:42:24.677,1.00733,1.00744,2.25,1.73
2013.01.25 14:42:25.117,1.00733,1.00745,2.25,4.73
2013.01.25 14:42:25.656,1.00734,1.00745,1.50,1.50
2013.01.25 14:42:28.516,1.00734,1.00745,1.50,1.50
2013.01.25 14:42:33.506,1.00734,1.00746,3.00,1.50
2013.01.25 14:42:39.117,1.00738,1.00747,1.50,1.50
2013.01.25 14:42:39.237,1.00738,1.00748,3.00,1.13
2013.01.25 14:42:39.358,1.00741,1.00749,1.50,2.25
2013.01.25 14:42:39.607,1.00739,1.00751,1.50,4.73
2013.01.25 14:42:39.787,1.0074,1.00752,3.00,3.23
2013.01.25 14:42:40.268,1.00741,1.00753,3.00,3.00
2013.01.25 14:42:47.917,1.00741,1.00753,3.00,3.60
2013.01.25 14:42:48.549,1.0074,1.00752,3.00,3.00
2013.01.25 14:42:48.857,1.00735,1.00747,3.00,2.25
2013.01.25 14:42:49.415,1.00735,1.00747,1.50,2.25
2013.01.25 14:42:56.706,1.00735,1.00747,3.15,3.00
2013.01.25 14:42:59.097,1.00735,1.00747,3.15,3.00
2013.01.25 14:42:59.656,1.00735,1.00747,3.90,2.25
2013.01.25 14:42:59.949,1.00735,1.00747,3.90,2.25
2013.01.25 14:43:00.688,1.00735,1.00747,4.65,2.25
2013.01.25 14:43:01.536,1.00735,1.00747,3.90,2.25
2013.01.25 14:43:06.929,1.00736,1.00747,1.50,2.25
2013.01.25 14:43:09.686,1.00736,1.00746,1.50,1.50
2013.01.25 14:43:10.949,1.00734,1.00746,3.75,1.50
2013.01.25 14:43:13.606,1.00734,1.00746,3.75,3.38
2013.01.25 14:43:14.150,1.00734,1.00744,1.50,1.88
2013.01.25 14:43:19.517,1.00732,1.00744,4.50,2.63
2013.01.25 14:43:25.497,1.00732,1.00744,2.48,3.23
2013.01.25 14:43:25.857,1.00733,1.00744,5.10,1.73
2013.01.25 14:43:26.180,1.00736,1.00748,2.25,1.50
2013.01.25 14:43:30.668,1.00737,1.00747,1.50,1.50
2013.01.25 14:43:31.658,1.0074,1.00749,1.50,3.00
2013.01.25 14:43:31.788,1.0074,1.0075,3.00,1.73
2013.01.25 14:43:32.339,1.0074,1.00753,6.00,2.40
2013.01.25 14:43:32.497,1.0074,1.00753,6.00,2.40
2013.01.25 14:43:33.628,1.00742,1.00753,1.50,2.40
2013.01.25 14:43:34.168,1.00742,1.00753,3.75,3.15
2013.01.25 14:43:40.409,1.00746,1.00754,1.50,1.50
2013.01.25 14:43:40.477,1.00747,1.00756,2.25,2.25
2013.01.25 14:43:40.596,1.00747,1.00758,3.00,1.50
2013.01.25 14:43:41.459,1.00747,1.00758,2.25,2.25
2013.01.25 14:43:48.778,1.00747,1.00758,3.00,2.25
2013.01.25 14:43:49.597,1.00748,1.00759,1.50,3.00
2013.01.25 14:43:49.717,1.0075,1.00761,3.00,1.88
2013.01.25 14:43:50.019,1.00754,1.00762,1.50,1.13
2013.01.25 14:43:50.577,1.00754,1.00764,1.50,2.63
2013.01.25 14:43:52.748,1.00754,1.00764,2.25,1.73
2013.01.25 14:43:54.389,1.00754,1.00766,2.25,2.25
2013.01.25 14:43:57.347,1.00754,1.00766,3.00,2.25
2013.01.25 14:44:00.628,1.00754,1.00764,1.50,1.50
2013.01.25 14:44:01.348,1.00753,1.00763,3.00,1.50
2013.01.25 14:44:01.417,1.00753,1.00763,2.25,1.65
2013.01.25 14:44:01.837,1.00754,1.00764,1.50,1.50
2013.01.25 14:44:05.507,1.00753,1.00767,6.00,3.15
2013.01.25 14:44:06.388,1.00758,1.00767,1.50,1.65
2013.01.25 14:44:07.657,1.00758,1.00769,1.50,3.15
2013.01.25 14:44:07.836,1.00755,1.00767,2.25,2.25
2013.01.25 14:44:08.517,1.00753,1.00765,3.00,1.50
2013.01.25 14:44:10.128,1.00755,1.00767,2.40,4.50
2013.01.25 14:44:10.190,1.00756,1.00767,1.65,3.75
2013.01.25 14:44:10.498,1.00754,1.00765,2.25,2.40
2013.01.25 14:44:10.558,1.00754,1.00765,1.50,2.40
2013.01.25 14:44:11.097,1.00754,1.00768,2.25,4.65
2013.01.25 14:44:11.278,1.00752,1.0076,2.25,1.50
2013.01.25 14:44:11.457,1.0075,1.0076,1.50,1.50
2013.01.25 14:44:11.996,1.00748,1.00759,2.25,1.50
2013.01.25 14:44:13.440,1.00748,1.0076,3.00,3.00
2013.01.25 14:44:13.991,1.00749,1.0076,1.88,2.25
2013.01.25 14:44:14.307,1.00749,1.00762,1.88,2.25
2013.01.25 14:44:17.008,1.00751,1.00762,2.25,1.50
2013.01.25 14:44:17.255,1.00752,1.00763,4.50,1.50
2013.01.25 14:44:17.320,1.00752,1.00766,4.50,2.63
2013.01.25 14:44:19.312,1.00753,1.00766,2.63,2.25
2013.01.25 14:44:19.531,1.00758,1.00766,3.75,2.25
2013.01.25 14:44:20.028,1.0076,1.00766,1.50,1.50
2013.01.25 14:44:20.208,1.00761,1.00769,1.50,1.28
2013.01.25 14:44:20.448,1.00761,1.00768,1.50,2.48
2013.01.25 14:44:20.627,1.00759,1.00767,1.50,1.73
2013.01.25 14:44:21.168,1.00759,1.00766,1.50,1.35
2013.01.25 14:44:21.959,1.00756,1.00766,1.50,1.35
2013.01.25 14:44:22.680,1.00756,1.00766,1.50,1.35
2013.01.25 14:44:23.196,1.00756,1.00766,1.50,1.43
2013.01.25 14:44:23.939,1.00756,1.00765,1.50,2.55
2013.01.25 14:44:24.368,1.00754,1.00762,2.25,2.93
2013.01.25 14:44:24.727,1.00752,1.0076,1.50,2.25
2013.01.25 14:44:25.439,1.00752,1.00759,1.50,1.50
2013.01.25 14:44:25.567,1.00748,1.00759,2.25,2.18
2013.01.25 14:44:29.565,1.00748,1.00759,4.50,2.18
2013.01.25 14:44:29.634,1.0075,1.00759,1.50,1.50
2013.01.25 14:44:29.959,1.00753,1.00762,1.50,1.50
2013.01.25 14:44:30.031,1.00753,1.00762,1.50,2.25
2013.01.25 14:44:30.791,1.00755,1.00763,1.50,1.73
2013.01.25 14:44:32.087,1.00755,1.00764,1.50,1.88
2013.01.25 14:44:33.738,1.00755,1.00763,1.50,2.48
2013.01.25 14:44:33.797,1.00753,1.00763,1.50,2.48
2013.01.25 14:44:34.097,1.0075,1.00762,1.50,1.50
2013.01.25 14:44:34.339,1.0075,1.00762,1.50,6.00
2013.01.25 14:44:35.557,1.0075,1.00761,1.50,2.25
2013.01.25 14:44:36.656,1.0075,1.00762,1.50,5.25
2013.01.25 14:44:36.778,1.00752,1.00762,1.50,2.25
2013.01.25 14:44:39.148,1.00752,1.00763,1.50,3.15
2013.01.25 14:44:39.747,1.00753,1.00763,1.50,3.15
2013.01.25 14:44:40.726,1.00752,1.00763,1.50,3.90
2013.01.25 14:44:41.227,1.00752,1.00762,1.50,2.25
2013.01.25 14:44:42.107,1.00752,1.00763,1.50,2.48
2013.01.25 14:44:42.695,1.00753,1.00763,1.50,1.73
2013.01.25 14:44:44.851,1.00753,1.00763,2.25,2.48
2013.01.25 14:44:45.191,1.00751,1.00756,2.25,2.25
2013.01.25 14:44:45.264,1.00749,1.00755,1.50,2.25
2013.01.25 14:44:45.391,1.00749,1.00757,1.50,1.50
2013.01.25 14:44:45.698,1.00747,1.00757,2.40,1.50
2013.01.25 14:44:46.276,1.00747,1.00757,2.40,1.50
2013.01.25 14:44:51.237,1.00747,1.00757,1.65,2.25
2013.01.25 14:44:51.741,1.00746,1.00757,3.90,2.25
2013.01.25 14:44:52.702,1.00747,1.00757,3.75,1.50
2013.01.25 14:44:52.948,1.00752,1.0076,2.25,1.50
2013.01.25 14:44:53.018,1.00752,1.0076,2.40,1.50
2013.01.25 14:44:53.428,1.00752,1.0076,2.40,1.50
2013.01.25 14:44:53.728,1.00752,1.00764,3.15,1.50
2013.01.25 14:44:54.658,1.00753,1.00764,1.50,1.50
2013.01.25 14:44:56.017,1.00752,1.00764,5.03,1.50
2013.01.25 14:44:57.216,1.00754,1.00766,1.50,3.00
2013.01.25 14:45:01.597,1.00754,1.00765,2.25,1.50
2013.01.25 14:45:04.529,1.00754,1.00764,2.25,1.50
2013.01.25 14:45:04.647,1.00751,1.0076,2.25,1.50
2013.01.25 14:45:04.707,1.00748,1.00759,3.00,2.25
2013.01.25 14:45:05.249,1.00747,1.00759,3.15,2.25
2013.01.25 14:45:05.838,1.00747,1.00759,3.15,2.25
2013.01.25 14:45:08.887,1.0075,1.00759,1.50,2.25
2013.01.25 14:45:08.947,1.00751,1.0076,2.25,1.50
2013.01.25 14:45:09.490,1.00751,1.00763,1.50,1.88
2013.01.25 14:45:09.738,1.00751,1.00761,1.50,1.50
2013.01.25 14:45:09.977,1.00751,1.00762,3.30,1.13
2013.01.25 14:45:10.517,1.00752,1.00763,1.80,1.13
2013.01.25 14:45:11.959,1.00754,1.00764,1.50,2.25
2013.01.25 14:45:12.018,1.00755,1.00766,3.00,2.25
2013.01.25 14:45:12.520,1.00755,1.00766,3.00,1.50
2013.01.25 14:45:13.257,1.00755,1.00766,3.00,1.50
2013.01.25 14:45:18.287,1.00761,1.00768,1.50,2.48
2013.01.25 14:45:18.530,1.00759,1.00769,2.25,2.25
2013.01.25 14:45:18.604,1.00759,1.00769,2.25,1.50
2013.01.25 14:45:19.029,1.00757,1.00768,1.50,1.50
2013.01.25 14:45:19.278,1.00756,1.00763,1.50,1.50
2013.01.25 14:45:19.580,1.00757,1.00766,1.50,1.50
2013.01.25 14:45:19.829,1.00754,1.00764,1.50,1.50
2013.01.25 14:45:19.899,1.00754,1.00764,1.50,1.50
2013.01.25 14:45:20.737,1.00754,1.00766,3.00,1.50
2013.01.25 14:45:22.887,1.00758,1.00766,1.80,1.50
2013.01.25 14:45:23.008,1.00758,1.00768,2.25,2.25
2013.01.25 14:45:23.068,1.00762,1.00769,1.50,3.00
2013.01.25 14:45:23.250,1.00762,1.00772,2.25,1.73
2013.01.25 14:45:23.796,1.00762,1.00772,2.25,1.50
2013.01.25 14:45:24.348,1.00762,1.00773,2.25,2.25
2013.01.25 14:45:25.217,1.00759,1.0077,1.50,1.50
2013.01.25 14:45:25.761,1.00759,1.0077,1.50,1.50
2013.01.25 14:45:26.355,1.00761,1.00772,2.25,2.85
2013.01.25 14:45:29.149,1.00761,1.00771,1.50,1.50
2013.01.25 14:45:33.176,1.00761,1.00772,3.00,2.25
2013.01.25 14:45:34.119,1.00761,1.00772,3.75,2.25
2013.01.25 14:45:36.778,1.00758,1.0077,3.00,1.50
2013.01.25 14:45:37.878,1.00758,1.0077,3.00,2.25
2013.01.25 14:45:40.079,1.00761,1.00771,2.25,1.50
2013.01.25 14:45:40.687,1.00761,1.00771,1.50,3.00
2013.01.25 14:45:40.747,1.00759,1.00771,1.50,4.50
2013.01.25 14:45:41.328,1.00758,1.0077,1.50,1.50
2013.01.25 14:45:41.687,1.00754,1.00764,1.50,3.75
2013.01.25 14:45:42.167,1.00752,1.00764,1.50,3.75
2013.01.25 14:45:42.567,1.00754,1.00764,1.35,3.00
2013.01.25 14:45:42.750,1.00756,1.00767,2.40,2.63
2013.01.25 14:45:42.947,1.00753,1.00765,3.75,1.50
2013.01.25 14:45:43.307,1.00753,1.00764,2.25,2.25
2013.01.25 14:45:47.087,1.00755,1.00767,3.45,2.25
2013.01.25 14:45:47.207,1.00759,1.0077,1.50,3.75
2013.01.25 14:45:47.717,1.00762,1.0077,1.50,1.50
2013.01.25 14:45:48.567,1.00762,1.00771,1.88,1.50
2013.01.25 14:45:49.104,1.00764,1.00774,2.70,1.73
2013.01.25 14:45:49.468,1.00764,1.00774,2.08,1.88
2013.01.25 14:45:50.007,1.00762,1.00773,2.25,3.00
2013.01.25 14:45:50.143,1.0076,1.00772,3.75,3.00
2013.01.25 14:45:50.687,1.00761,1.00771,1.50,1.50
2013.01.25 14:45:51.217,1.00761,1.00773,2.25,2.40
2013.01.25 14:45:51.758,1.00761,1.00773,2.25,2.40
2013.01.25 14:45:52.537,1.00761,1.00773,2.25,2.40
2013.01.25 14:45:53.048,1.00762,1.00773,1.50,2.40
2013.01.25 14:45:53.287,1.00764,1.00774,1.50,1.88
2013.01.25 14:45:55.536,1.00765,1.00775,1.50,3.98
2013.01.25 14:45:55.837,1.00766,1.00776,2.25,2.25
2013.01.25 14:45:56.377,1.00766,1.00777,1.50,1.47
2013.01.25 14:45:56.942,1.00768,1.00777,1.50,1.43
2013.01.25 14:45:57.007,1.00768,1.00777,1.50,1.20
2013.01.25 14:45:58.430,1.00765,1.00777,4.50,1.20
2013.01.25 14:45:59.077,1.00768,1.00779,2.25,2.10
2013.01.25 14:45:59.198,1.00771,1.0078,2.25,2.40
2013.01.25 14:45:59.437,1.00768,1.0078,3.75,2.40
2013.01.25 14:45:59.558,1.00768,1.00776,2.25,1.50
2013.01.25 14:45:59.977,1.00766,1.00776,3.00,1.50
2013.01.25 14:46:00.097,1.00764,1.00774,2.25,1.50
2013.01.25 14:46:00.622,1.00764,1.00774,1.50,1.50
2013.01.25 14:46:02.525,1.00766,1.00774,1.50,1.50
2013.01.25 14:46:02.711,1.0077,1.0078,1.50,1.88
2013.01.25 14:46:02.778,1.00771,1.0078,1.50,1.65
2013.01.25 14:46:03.287,1.0077,1.00782,3.75,1.88
2013.01.25 14:46:03.837,1.00771,1.00782,1.50,1.88
2013.01.25 14:46:05.158,1.00772,1.00782,1.50,1.13
2013.01.25 14:46:08.539,1.00773,1.00783,1.50,1.50
2013.01.25 14:46:09.087,1.00773,1.00783,1.50,2.25
2013.01.25 14:46:10.679,1.00773,1.00783,1.50,2.25
2013.01.25 14:46:10.858,1.00778,1.00784,1.50,1.35
2013.01.25 14:46:11.098,1.00781,1.0079,1.50,1.73
2013.01.25 14:46:11.338,1.00781,1.00792,2.25,1.50
2013.01.25 14:46:11.903,1.00782,1.00792,1.50,1.50
2013.01.25 14:46:13.077,1.0078,1.00792,3.75,2.25
2013.01.25 14:46:13.377,1.0078,1.00792,3.00,2.25
2013.01.25 14:46:14.278,1.00781,1.00793,1.50,1.50
2013.01.25 14:46:14.787,1.00781,1.00793,2.25,1.50
2013.01.25 14:46:16.137,1.00781,1.00794,2.25,2.78
2013.01.25 14:46:17.571,1.00781,1.00793,2.25,1.50
2013.01.25 14:46:18.117,1.00781,1.00793,2.25,1.50
2013.01.25 14:46:18.709,1.00781,1.00794,3.38,1.65
2013.01.25 14:46:19.246,1.00781,1.00795,4.13,5.63
2013.01.25 14:46:20.896,1.00782,1.00794,1.50,1.65
2013.01.25 14:46:21.524,1.00782,1.00794,1.50,2.40
2013.01.25 14:46:21.709,1.00782,1.00794,1.50,2.40
2013.01.25 14:46:25.027,1.00781,1.00792,3.75,1.35
2013.01.25 14:46:25.386,1.00781,1.00794,3.75,1.50
2013.01.25 14:46:26.121,1.00781,1.00795,3.75,5.78
2013.01.25 14:46:26.397,1.00781,1.00795,3.75,5.78
2013.01.25 14:46:26.934,1.00781,1.00795,3.75,5.78
2013.01.25 14:46:27.460,1.00781,1.00795,4.50,5.63
2013.01.25 14:46:28.709,1.00781,1.00795,3.75,6.38
2013.01.25 14:46:28.957,1.00781,1.00795,4.62,6.38
2013.01.25 14:46:29.497,1.00784,1.00795,2.74,3.38
2013.01.25 14:46:34.597,1.00782,1.00795,1.99,4.13
2013.01.25 14:46:34.718,1.00783,1.00796,1.24,3.00
2013.01.25 14:46:39.857,1.00783,1.00795,2.74,2.25
2013.01.25 14:46:40.397,1.00784,1.00794,1.13,2.63
2013.01.25 14:46:42.894,1.00784,1.00794,1.13,2.63
2013.01.25 14:46:43.457,1.00786,1.00794,1.50,2.63
2013.01.25 14:46:43.517,1.00784,1.00794,2.63,2.48
2013.01.25 14:46:43.637,1.00785,1.00792,1.50,1.50
2013.01.25 14:46:43.757,1.00786,1.00796,1.65,2.25
2013.01.25 14:46:43.877,1.00786,1.00796,2.40,1.50
2013.01.25 14:46:44.057,1.00784,1.00796,3.38,1.73
2013.01.25 14:46:44.298,1.00783,1.00791,1.88,1.50
2013.01.25 14:46:44.418,1.00781,1.00791,1.50,1.50
2013.01.25 14:46:44.957,1.00782,1.00792,2.25,1.50
2013.01.25 14:46:45.672,1.00782,1.00793,3.15,1.50
2013.01.25 14:46:46.219,1.00782,1.00794,3.90,2.25
2013.01.25 14:46:52.369,1.00783,1.00794,1.50,2.25
2013.01.25 14:46:52.770,1.00784,1.00794,2.25,1.50
2013.01.25 14:46:52.961,1.00788,1.00798,2.25,1.88
2013.01.25 14:46:53.159,1.00791,1.00798,1.50,1.50
2013.01.25 14:46:53.338,1.00788,1.00798,1.50,1.50
2013.01.25 14:46:53.797,1.00791,1.008,1.50,3.23
2013.01.25 14:46:54.777,1.00791,1.008,1.50,2.48
2013.01.25 14:46:55.457,1.0079,1.00801,1.50,3.00
2013.01.25 14:46:57.130,1.00788,1.00799,3.00,2.40
2013.01.25 14:46:57.449,1.00785,1.00794,1.50,1.50
2013.01.25 14:46:57.717,1.00783,1.00794,3.00,1.50
2013.01.25 14:47:02.533,1.00783,1.00794,3.00,1.50
2013.01.25 14:47:02.849,1.00786,1.00797,1.65,3.00
2013.01.25 14:47:03.408,1.00787,1.00797,1.65,2.25
2013.01.25 14:47:04.408,1.00787,1.00797,2.40,1.50
2013.01.25 14:47:05.127,1.00788,1.00797,1.50,1.50
2013.01.25 14:47:06.549,1.00784,1.00796,1.73,3.00
2013.01.25 14:47:07.497,1.00783,1.00796,1.13,3.00
2013.01.25 14:47:08.807,1.00783,1.00796,1.13,3.00
2013.01.25 14:47:12.167,1.00782,1.00796,4.50,3.00
2013.01.25 14:47:12.687,1.00783,1.00796,2.40,2.25
2013.01.25 14:47:12.867,1.00785,1.00797,2.25,2.25
2013.01.25 14:47:13.169,1.00785,1.00795,1.88,1.50
2013.01.25 14:47:13.818,1.00784,1.00795,1.50,1.50
2013.01.25 14:47:13.937,1.00783,1.00795,1.50,1.50
2013.01.25 14:47:14.468,1.00783,1.00795,1.50,1.50
2013.01.25 14:47:18.836,1.00783,1.00795,1.50,1.50
2013.01.25 14:47:19.357,1.00782,1.00793,2.78,1.50
2013.01.25 14:47:19.417,1.00782,1.00795,5.40,1.50
2013.01.25 14:47:20.577,1.00782,1.00796,5.40,4.50
2013.01.25 14:47:23.889,1.00782,1.00796,3.15,4.50
2013.01.25 14:47:25.077,1.00782,1.00795,3.15,1.50
2013.01.25 14:47:25.618,1.00782,1.00794,2.25,1.50
2013.01.25 14:47:26.227,1.00782,1.00794,3.00,1.50
2013.01.25 14:47:27.018,1.00782,1.00794,3.00,1.50
2013.01.25 14:47:28.668,1.00782,1.00795,3.60,2.25
2013.01.25 14:47:35.789,1.00783,1.00794,2.25,2.25
2013.01.25 14:47:37.438,1.00783,1.00794,1.50,2.25
2013.01.25 14:47:43.627,1.00782,1.00794,3.75,2.25
2013.01.25 14:47:45.678,1.00783,1.00794,1.50,2.25
2013.01.25 14:47:51.979,1.00782,1.00794,3.00,3.90
2013.01.25 14:47:52.528,1.00782,1.00794,2.25,4.65
2013.01.25 14:47:53.361,1.00782,1.00794,3.00,3.90
2013.01.25 14:47:54.287,1.00783,1.00794,1.50,3.90
2013.01.25 14:47:55.337,1.00782,1.00794,3.00,3.90
2013.01.25 14:47:56.307,1.00782,1.00794,3.00,3.90
2013.01.25 14:47:56.368,1.00782,1.00794,3.00,3.90
2013.01.25 14:47:56.988,1.00782,1.00794,3.75,1.50
2013.01.25 14:47:57.290,1.00781,1.00794,3.23,1.65
2013.01.25 14:47:57.359,1.00782,1.00795,1.65,4.73
2013.01.25 14:47:57.538,1.00782,1.00794,2.40,1.50
2013.01.25 14:47:59.129,1.00782,1.00795,3.15,3.00
2013.01.25 14:47:59.697,1.00783,1.00795,1.50,3.00
2013.01.25 14:48:01.037,1.00782,1.00794,3.15,1.50
2013.01.25 14:48:04.357,1.00785,1.00794,1.50,1.50
2013.01.25 14:48:04.477,1.00785,1.00795,3.98,1.50
2013.01.25 14:48:07.282,1.00783,1.00793,1.50,1.50
2013.01.25 14:48:12.069,1.00783,1.00795,1.50,1.50
2013.01.25 14:48:16.267,1.00783,1.00795,1.50,1.50
2013.01.25 14:48:18.599,1.00786,1.00796,1.35,3.00
2013.01.25 14:48:18.959,1.00794,1.00804,2.48,4.65
2013.01.25 14:48:19.018,1.00796,1.00807,1.65,2.33
2013.01.25 14:48:19.557,1.00795,1.00806,1.50,1.05
2013.01.25 14:48:20.046,1.00795,1.00806,2.40,1.50
2013.01.25 14:48:24.527,1.00796,1.00806,2.25,2.25
2013.01.25 14:48:24.769,1.00795,1.00806,1.50,2.48
2013.01.25 14:48:25.278,1.00794,1.00806,3.00,3.23
2013.01.25 14:48:25.878,1.00796,1.00804,1.13,1.50
2013.01.25 14:48:26.417,1.00796,1.00805,4.13,1.50
2013.01.25 14:48:26.938,1.00796,1.00807,2.48,2.25
2013.01.25 14:48:27.182,1.00793,1.00805,3.00,3.00
2013.01.25 14:48:27.547,1.00795,1.00804,1.50,1.65
2013.01.25 14:48:28.089,1.00796,1.00805,3.53,1.50
2013.01.25 14:48:29.609,1.008,1.00805,1.50,1.50
2013.01.25 14:48:29.852,1.00809,1.00817,3.00,3.00
2013.01.25 14:48:29.981,1.0081,1.00819,2.25,1.73
2013.01.25 14:48:30.288,1.0081,1.00821,2.25,1.50
2013.01.25 14:48:31.096,1.0081,1.00822,3.75,3.75
2013.01.25 14:48:31.658,1.0081,1.00822,3.00,3.00
2013.01.25 14:48:32.017,1.00806,1.00818,4.50,2.25
2013.01.25 14:48:32.566,1.00806,1.00818,4.50,2.25
2013.01.25 14:48:33.044,1.00808,1.00818,1.58,2.25
2013.01.25 14:48:33.185,1.00815,1.00824,2.25,1.50
2013.01.25 14:48:33.727,1.00814,1.00825,2.25,3.98
2013.01.25 14:48:34.437,1.00814,1.00825,3.75,1.50
2013.01.25 14:48:38.381,1.00814,1.00825,2.63,3.00
2013.01.25 14:48:39.557,1.00813,1.00823,1.50,1.65
2013.01.25 14:48:42.837,1.00811,1.00823,2.25,1.65
2013.01.25 14:48:43.536,1.00811,1.00823,2.25,2.40
2013.01.25 14:48:44.810,1.00811,1.00823,3.00,3.15
2013.01.25 14:48:45.762,1.00811,1.00823,3.00,2.40
2013.01.25 14:48:46.646,1.00811,1.00823,3.00,2.40
2013.01.25 14:48:47.163,1.00811,1.00823,3.00,2.40
2013.01.25 14:48:49.779,1.00811,1.00823,3.00,2.40
2013.01.25 14:48:50.288,1.00811,1.00822,3.00,1.50
2013.01.25 14:48:50.889,1.00811,1.00822,3.00,1.50
2013.01.25 14:48:50.947,1.00811,1.00821,3.00,1.50
2013.01.25 14:48:51.307,1.00807,1.00816,2.40,1.13
2013.01.25 14:48:51.368,1.00807,1.00816,1.65,1.13
2013.01.25 14:48:51.428,1.00807,1.00814,1.65,1.50
2013.01.25 14:48:51.788,1.00803,1.00813,1.88,2.25
2013.01.25 14:48:52.349,1.00803,1.00813,1.50,1.50
2013.01.25 14:48:52.907,1.00803,1.00814,2.25,1.50
2013.01.25 14:48:53.976,1.00803,1.00813,1.88,1.50
2013.01.25 14:48:55.557,1.00803,1.00815,3.00,2.10
2013.01.25 14:48:55.687,1.00803,1.00814,3.00,1.65
2013.01.25 14:48:57.249,1.00802,1.00814,2.40,1.50
2013.01.25 14:48:57.318,1.00802,1.00815,2.40,3.75
2013.01.25 14:48:58.911,1.00802,1.00814,2.40,1.50
2013.01.25 14:48:59.218,1.008,1.0081,4.50,1.50
2013.01.25 14:48:59.401,1.008,1.00811,3.00,2.25
2013.01.25 14:48:59.471,1.008,1.00809,3.00,1.50
2013.01.25 14:49:00.017,1.008,1.00809,2.25,3.00
2013.01.25 14:49:00.557,1.008,1.00806,1.50,1.50
2013.01.25 14:49:00.678,1.00795,1.00806,1.73,1.50
2013.01.25 14:49:00.738,1.00794,1.00806,3.00,3.75
2013.01.25 14:49:00.918,1.00795,1.00806,1.65,4.13
2013.01.25 14:49:00.977,1.00796,1.00806,1.13,3.38
2013.01.25 14:49:01.817,1.00796,1.00806,1.13,3.38
2013.01.25 14:49:02.738,1.00796,1.00806,3.00,2.25
2013.01.25 14:49:03.049,1.00801,1.0081,3.00,1.50
2013.01.25 14:49:03.598,1.00801,1.00812,3.75,3.00
2013.01.25 14:49:03.778,1.00801,1.00812,5.25,3.00
2013.01.25 14:49:05.017,1.008,1.00812,3.75,2.25
2013.01.25 14:49:05.558,1.00801,1.00813,1.50,5.03
2013.01.25 14:49:06.106,1.00801,1.00813,3.00,5.78
2013.01.25 14:49:06.677,1.00801,1.00813,2.25,5.78
2013.01.25 14:49:07.577,1.00801,1.00813,2.25,5.78
2013.01.25 14:49:07.937,1.00798,1.00809,1.50,1.50
2013.01.25 14:49:08.178,1.00798,1.00808,1.50,1.50
2013.01.25 14:49:08.739,1.00798,1.00808,1.50,1.50
2013.01.25 14:49:09.742,1.008,1.00811,1.50,1.50
2013.01.25 14:49:10.247,1.00799,1.0081,1.50,2.25
2013.01.25 14:49:13.398,1.00801,1.00811,1.50,2.25
2013.01.25 14:49:13.938,1.00802,1.00811,1.50,2.25
2013.01.25 14:49:14.728,1.00802,1.0081,2.25,1.50
2013.01.25 14:49:15.239,1.00802,1.0081,1.50,1.50
2013.01.25 14:49:15.758,1.00801,1.00812,3.00,2.25
2013.01.25 14:49:16.299,1.00802,1.00812,1.50,1.50
2013.01.25 14:49:16.658,1.00806,1.00815,1.50,2.48
2013.01.25 14:49:16.778,1.00807,1.00817,1.50,2.25
2013.01.25 14:49:16.957,1.00803,1.00815,1.13,2.25
2013.01.25 14:49:17.497,1.00802,1.00813,2.25,1.50
2013.01.25 14:49:17.677,1.00804,1.00815,2.63,3.98
2013.01.25 14:49:17.858,1.00806,1.00816,2.40,2.63
2013.01.25 14:49:18.393,1.00807,1.00816,1.65,2.25
2013.01.25 14:49:19.188,1.00807,1.00818,2.40,1.88
2013.01.25 14:49:19.708,1.00809,1.00819,1.50,2.25
2013.01.25 14:49:20.298,1.00809,1.0082,1.50,2.10
2013.01.25 14:49:21.690,1.00808,1.00819,2.25,2.25
2013.01.25 14:49:24.038,1.00807,1.00818,1.65,1.50
2013.01.25 14:49:24.657,1.00805,1.00817,1.50,1.50
2013.01.25 14:49:24.718,1.00804,1.00816,3.00,1.35
2013.01.25 14:49:25.399,1.00804,1.00817,3.00,1.88
2013.01.25 14:49:25.965,1.00804,1.00817,3.00,2.25
2013.01.25 14:49:26.297,1.00804,1.00817,3.00,2.63
2013.01.25 14:49:26.778,1.00804,1.00816,3.00,1.50
2013.01.25 14:49:27.629,1.00805,1.00816,2.40,1.50
2013.01.25 14:49:28.167,1.00808,1.00819,2.25,2.63
2013.01.25 14:49:28.472,1.00812,1.00823,1.50,2.40
2013.01.25 14:49:28.658,1.00812,1.00824,2.25,4.73
2013.01.25 14:49:28.719,1.00816,1.00824,1.50,3.23
2013.01.25 14:49:29.259,1.00816,1.00825,1.50,1.50
2013.01.25 14:49:30.507,1.00813,1.00825,3.00,3.00
2013.01.25 14:49:31.898,1.00813,1.00825,5.10,2.25
2013.01.25 14:49:32.990,1.00816,1.00828,3.38,3.00
2013.01.25 14:49:37.639,1.00816,1.00828,1.88,2.63
2013.01.25 14:49:37.818,1.00816,1.00828,1.88,2.63
2013.01.25 14:49:37.997,1.00816,1.00828,1.88,2.63
2013.01.25 14:49:39.699,1.00816,1.00826,1.13,1.88
2013.01.25 14:49:40.238,1.00816,1.00826,1.13,2.63
2013.01.25 14:49:41.772,1.00813,1.00825,3.98,2.25
2013.01.25 14:49:41.916,1.00813,1.00825,2.25,3.00
2013.01.25 14:49:42.418,1.00813,1.00825,1.50,3.00
2013.01.25 14:49:43.008,1.00813,1.00825,1.50,3.00
2013.01.25 14:49:43.797,1.00813,1.00825,1.50,3.00
2013.01.25 14:49:44.838,1.00813,1.00824,1.50,1.50
2013.01.25 14:49:44.899,1.00813,1.00823,1.50,2.25
2013.01.25 14:49:45.079,1.0081,1.00821,2.25,2.25
2013.01.25 14:49:45.620,1.00811,1.00823,3.00,3.00
2013.01.25 14:49:46.048,1.00808,1.00818,1.50,1.50
2013.01.25 14:49:48.693,1.00806,1.00818,3.90,3.00
2013.01.25 14:49:48.997,1.00806,1.00816,1.65,1.50
2013.01.25 14:49:49.658,1.00808,1.00816,1.50,1.50
2013.01.25 14:49:50.018,1.00813,1.00818,1.50,2.25
2013.01.25 14:49:50.138,1.00812,1.00823,1.50,1.13
2013.01.25 14:49:50.198,1.00815,1.00823,1.50,1.13
2013.01.25 14:49:50.739,1.00813,1.00823,1.50,1.05
2013.01.25 14:49:50.978,1.00812,1.0082,1.50,1.50
2013.01.25 14:49:51.098,1.00808,1.0082,2.25,1.05
2013.01.25 14:49:51.517,1.00812,1.00821,1.50,1.80
2013.01.25 14:49:53.688,1.00812,1.00822,1.50,1.05
2013.01.25 14:49:54.507,1.00813,1.00823,1.50,2.55
2013.01.25 14:49:54.689,1.00813,1.00823,2.25,2.25
2013.01.25 14:49:55.240,1.00814,1.00826,2.25,2.25
2013.01.25 14:49:57.652,1.00818,1.0083,1.50,1.58
2013.01.25 14:49:58.198,1.00816,1.00829,2.63,2.25
2013.01.25 14:49:58.498,1.00815,1.00827,1.50,1.50
2013.01.25 14:49:58.558,1.00814,1.00826,4.50,2.25
2013.01.25 14:49:59.109,1.00813,1.00825,2.25,3.00
2013.01.25 14:50:00.138,1.00814,1.00825,2.48,2.25
2013.01.25 14:50:00.377,1.00816,1.00826,1.88,1.50
2013.01.25 14:50:03.978,1.00816,1.00826,1.88,1.50
2013.01.25 14:50:04.158,1.00815,1.00825,2.48,3.15
2013.01.25 14:50:04.398,1.00812,1.00824,1.50,3.15
2013.01.25 14:50:04.757,1.0081,1.0082,1.13,2.25
2013.01.25 14:50:05.977,1.00808,1.0082,3.75,3.75
2013.01.25 14:50:06.517,1.00809,1.0082,1.50,3.00
2013.01.25 14:50:09.257,1.0081,1.00821,3.75,1.50
2013.01.25 14:50:12.168,1.00813,1.00824,1.50,4.88
2013.01.25 14:50:12.708,1.00813,1.00824,1.50,4.50
2013.01.25 14:50:13.068,1.00813,1.00824,1.50,1.50
2013.01.25 14:50:14.548,1.00813,1.00824,1.50,3.15
2013.01.25 14:50:16.117,1.00814,1.00823,3.38,1.50
2013.01.25 14:50:16.418,1.00815,1.00824,1.65,3.00
2013.01.25 14:50:16.720,1.00822,1.0083,1.50,3.00
2013.01.25 14:50:17.157,1.00823,1.00832,6.17,1.50
2013.01.25 14:50:17.708,1.00823,1.00835,6.92,4.73
2013.01.25 14:50:18.231,1.00823,1.00835,6.92,3.98
2013.01.25 14:50:18.537,1.00826,1.00837,1.50,2.25
2013.01.25 14:50:18.717,1.00826,1.00837,1.50,2.48
2013.01.25 14:50:18.957,1.00826,1.00837,1.50,2.25
2013.01.25 14:50:19.517,1.00826,1.00837,3.15,2.25
2013.01.25 14:50:20.027,1.00826,1.00836,3.90,2.25
2013.01.25 14:50:21.559,1.00826,1.00836,2.40,2.25
2013.01.25 14:50:22.248,1.00826,1.00836,1.50,2.25
2013.01.25 14:50:22.778,1.00824,1.00834,6.17,1.65
2013.01.25 14:50:24.033,1.00824,1.00834,1.50,1.65
2013.01.25 14:50:24.217,1.00826,1.00836,2.40,1.50
2013.01.25 14:50:24.337,1.00826,1.00837,2.40,3.00
2013.01.25 14:50:24.887,1.00826,1.00836,3.15,1.50
2013.01.25 14:50:28.618,1.00828,1.00837,1.50,1.50
2013.01.25 14:50:29.157,1.00829,1.00837,3.17,1.50
2013.01.25 14:50:29.660,1.00827,1.00838,1.50,3.00
2013.01.25 14:50:30.078,1.00827,1.00838,1.50,3.00
2013.01.25 14:50:31.469,1.00827,1.00837,1.50,1.50
2013.01.25 14:50:31.828,1.00826,1.00837,3.15,1.50
2013.01.25 14:50:32.342,1.00826,1.00837,3.15,1.50
2013.01.25 14:50:33.098,1.00826,1.00838,2.40,3.75
2013.01.25 14:50:34.917,1.00827,1.00838,1.50,3.00
2013.01.25 14:50:36.973,1.00827,1.00838,2.25,2.25
2013.01.25 14:50:37.043,1.00828,1.00838,1.50,2.25
2013.01.25 14:50:38.967,1.00829,1.0084,1.13,1.50
2013.01.25 14:50:39.508,1.0083,1.00839,1.50,1.50
2013.01.25 14:50:40.978,1.0083,1.00839,1.50,1.50
2013.01.25 14:50:41.159,1.0083,1.0084,1.50,1.50
2013.01.25 14:50:41.697,1.00828,1.00839,2.25,2.25
2013.01.25 14:50:41.939,1.0083,1.00842,1.50,3.75
2013.01.25 14:50:42.057,1.00832,1.00843,1.13,3.00
2013.01.25 14:50:43.639,1.00832,1.00843,1.88,1.50
2013.01.25 14:50:44.185,1.00832,1.00843,3.00,1.50
2013.01.25 14:50:45.780,1.00834,1.00845,1.50,1.50
2013.01.25 14:50:45.898,1.00835,1.00845,2.25,1.50
2013.01.25 14:50:46.022,1.00835,1.00846,2.63,1.50
2013.01.25 14:50:46.327,1.00835,1.00844,1.50,2.40
2013.01.25 14:50:46.808,1.00835,1.00847,2.48,3.51
2013.01.25 14:50:46.868,1.00835,1.00847,3.38,3.51
2013.01.25 14:50:47.440,1.00836,1.00847,2.40,2.39
2013.01.25 14:50:48.657,1.00838,1.00847,1.20,1.50
2013.01.25 14:50:48.898,1.00843,1.00851,1.50,3.00
2013.01.25 14:50:48.960,1.0084,1.00851,3.08,2.25
2013.01.25 14:50:49.078,1.00843,1.00851,1.50,1.50
2013.01.25 14:50:49.498,1.00841,1.00851,2.25,1.50
2013.01.25 14:50:50.018,1.00842,1.00851,1.50,1.50
2013.01.25 14:50:50.557,1.00843,1.00851,1.50,1.50
2013.01.25 14:50:50.618,1.00839,1.00848,3.90,1.50
2013.01.25 14:50:50.978,1.00843,1.00851,1.50,3.00
2013.01.25 14:50:51.279,1.00839,1.00851,1.50,3.75
2013.01.25 14:50:51.837,1.00838,1.00851,2.25,4.50
2013.01.25 14:50:54.028,1.00839,1.00851,1.50,4.50
2013.01.25 14:50:54.087,1.0084,1.00851,2.25,3.75
2013.01.25 14:50:54.208,1.0084,1.00851,2.25,1.50
2013.01.25 14:50:54.267,1.0084,1.0085,2.25,1.50
2013.01.25 14:50:54.327,1.00842,1.00852,1.50,3.00
2013.01.25 14:50:54.628,1.0084,1.00852,3.75,3.00
2013.01.25 14:50:54.689,1.0084,1.00852,3.00,3.00
2013.01.25 14:50:55.303,1.00838,1.00849,1.50,1.50
2013.01.25 14:50:55.657,1.0084,1.00849,1.50,1.50
2013.01.25 14:50:55.777,1.00842,1.00852,2.25,1.50
2013.01.25 14:50:56.278,1.00841,1.0085,1.50,1.50
2013.01.25 14:50:56.697,1.00843,1.00852,1.50,2.25
2013.01.25 14:50:57.458,1.00841,1.00852,1.50,1.50
2013.01.25 14:50:57.698,1.00839,1.00852,3.98,2.25
2013.01.25 14:50:58.057,1.00843,1.00851,1.50,1.50
2013.01.25 14:50:58.177,1.00841,1.00851,1.50,1.50
2013.01.25 14:50:58.368,1.00841,1.00851,1.50,1.50
2013.01.25 14:50:58.428,1.00838,1.00849,3.00,2.25
2013.01.25 14:50:58.977,1.00839,1.00849,1.50,2.25
2013.01.25 14:50:59.552,1.00839,1.00849,1.50,2.25
2013.01.25 14:50:59.977,1.00837,1.00849,3.15,2.25
2013.01.25 14:51:00.828,1.00839,1.0085,1.50,3.38
2013.01.25 14:51:01.008,1.0084,1.0085,1.50,1.13
2013.01.25 14:51:01.310,1.00843,1.00852,1.50,1.50
2013.01.25 14:51:02.829,1.00844,1.00853,1.50,2.40
2013.01.25 14:51:03.008,1.00847,1.00855,1.50,1.73
2013.01.25 14:51:03.068,1.00847,1.00858,1.50,3.15
2013.01.25 14:51:03.579,1.00846,1.00857,2.40,1.05
2013.01.25 14:51:04.092,1.00846,1.00858,3.15,2.46
2013.01.25 14:51:04.458,1.00846,1.00858,1.65,3.21
2013.01.25 14:51:04.999,1.00845,1.00857,6.23,1.56
2013.01.25 14:51:05.560,1.00845,1.00858,6.23,2.46
2013.01.25 14:51:06.091,1.00847,1.00859,1.50,1.56
2013.01.25 14:51:07.198,1.00846,1.00859,3.15,3.06
2013.01.25 14:51:07.748,1.00846,1.00856,1.65,2.25
2013.01.25 14:51:10.468,1.00844,1.00855,1.73,1.50
2013.01.25 14:51:11.298,1.00845,1.00856,1.73,3.00
2013.01.25 14:51:13.399,1.00844,1.00856,3.98,3.00
2013.01.25 14:51:13.907,1.00844,1.00854,1.50,1.73
2013.01.25 14:51:14.408,1.00842,1.00854,2.25,2.63
2013.01.25 14:51:14.827,1.00839,1.00851,2.25,3.00
2013.01.25 14:51:15.128,1.00837,1.00847,1.50,1.50
2013.01.25 14:51:16.427,1.00837,1.00847,1.50,1.50
2013.01.25 14:51:16.788,1.00841,1.00851,1.50,1.50
2013.01.25 14:51:17.111,1.00842,1.00854,3.75,3.00
2013.01.25 14:51:17.179,1.00844,1.00854,1.50,1.50
2013.01.25 14:51:18.017,1.00844,1.00854,1.50,1.50
2013.01.25 14:51:19.097,1.00846,1.00854,1.50,1.50
2013.01.25 14:51:19.979,1.00846,1.00857,3.23,3.00
2013.01.25 14:51:20.918,1.00847,1.00857,1.50,3.00
2013.01.25 14:51:21.038,1.00847,1.00857,1.50,3.00
2013.01.25 14:51:23.877,1.00846,1.00857,1.50,3.00
2013.01.25 14:51:25.295,1.00845,1.00857,4.50,3.00
2013.01.25 14:51:26.928,1.00845,1.00857,2.25,3.75
2013.01.25 14:51:27.468,1.00845,1.00855,1.50,1.50
2013.01.25 14:51:27.969,1.00843,1.00855,3.00,1.65
2013.01.25 14:51:28.481,1.00843,1.00855,2.25,1.65
2013.01.25 14:51:32.328,1.00844,1.00854,1.50,2.25
2013.01.25 14:51:32.867,1.00843,1.00852,2.25,1.13
2013.01.25 14:51:34.699,1.00843,1.00852,1.50,1.88
2013.01.25 14:51:34.818,1.0084,1.00851,1.50,2.25
2013.01.25 14:51:34.997,1.00839,1.00851,2.25,3.00
2013.01.25 14:51:35.117,1.00838,1.0085,1.50,2.25
2013.01.25 14:51:35.598,1.00837,1.00849,2.25,1.50
2013.01.25 14:51:36.138,1.00837,1.00848,1.50,1.50
2013.01.25 14:51:40.932,1.00837,1.00847,1.50,1.50
2013.01.25 14:51:41.907,1.00839,1.00848,1.50,1.50
2013.01.25 14:51:42.458,1.00839,1.00849,2.25,1.50
2013.01.25 14:51:50.968,1.00839,1.00848,1.50,1.50
2013.01.25 14:51:51.478,1.00839,1.00848,1.50,1.50
2013.01.25 14:51:54.087,1.00839,1.00851,2.25,1.50
2013.01.25 14:51:54.434,1.00842,1.00853,2.25,1.88
2013.01.25 14:51:59.090,1.00842,1.00853,1.50,1.13
2013.01.25 14:52:00.979,1.00842,1.00853,2.25,1.13
2013.01.25 14:52:01.988,1.00842,1.0085,1.50,1.13
2013.01.25 14:52:02.058,1.0084,1.0085,3.00,1.13
2013.01.25 14:52:02.131,1.00838,1.00851,3.75,2.25
2013.01.25 14:52:02.200,1.00838,1.0085,2.25,2.25
2013.01.25 14:52:02.817,1.00836,1.00848,3.00,2.25
2013.01.25 14:52:03.346,1.00837,1.00848,1.50,2.25
2013.01.25 14:52:04.027,1.00837,1.00849,2.25,1.50
2013.01.25 14:52:04.489,1.00837,1.00847,2.25,1.50
2013.01.25 14:52:05.969,1.00836,1.00847,3.00,1.50
2013.01.25 14:52:17.636,1.00836,1.00847,2.25,2.25
2013.01.25 14:52:19.282,1.00829,1.0084,4.50,1.50
2013.01.25 14:52:19.588,1.00827,1.0084,1.73,4.50
2013.01.25 14:52:25.481,1.00827,1.00839,3.00,1.50
2013.01.25 14:52:34.359,1.00827,1.00839,2.25,1.50
2013.01.25 14:52:34.688,1.00826,1.00837,3.00,1.50
2013.01.25 14:52:35.237,1.00826,1.00838,4.50,1.50
2013.01.25 14:52:35.899,1.00829,1.00842,2.25,5.03
2013.01.25 14:52:35.976,1.00831,1.00842,2.25,1.28
2013.01.25 14:52:42.108,1.00831,1.00843,2.25,2.25
2013.01.25 14:52:42.238,1.00829,1.00841,3.38,2.78
2013.01.25 14:52:42.827,1.0083,1.00842,2.25,1.65
2013.01.25 14:52:43.611,1.00829,1.00841,1.50,3.90
2013.01.25 14:52:44.370,1.00829,1.00841,2.25,3.15
2013.01.25 14:52:44.967,1.00829,1.00841,2.25,2.40
2013.01.25 14:52:45.498,1.00831,1.00843,2.25,4.13
2013.01.25 14:52:47.929,1.00831,1.00843,3.75,4.73
2013.01.25 14:52:48.438,1.00832,1.00843,1.50,3.38
2013.01.25 14:52:48.956,1.00831,1.00843,3.75,4.13
2013.01.25 14:52:49.361,1.00829,1.0084,1.50,1.50
2013.01.25 14:52:50.653,1.00827,1.00838,1.50,1.50
2013.01.25 14:53:02.980,1.00827,1.00838,3.75,1.50
2013.01.25 14:53:03.518,1.00829,1.00838,1.50,1.50
2013.01.25 14:53:03.840,1.00836,1.00847,2.25,2.85
2013.01.25 14:53:04.351,1.00836,1.00847,2.25,2.63
2013.01.25 14:53:04.867,1.00836,1.00847,3.75,1.88
2013.01.25 14:53:05.799,1.00836,1.00847,3.00,1.88
2013.01.25 14:53:06.039,1.00835,1.00845,1.50,1.50
2013.01.25 14:53:09.049,1.00835,1.00845,1.50,2.25
2013.01.25 14:53:09.229,1.00831,1.00844,5.25,2.48
2013.01.25 14:53:09.409,1.00831,1.00841,1.50,1.50
2013.01.25 14:53:09.769,1.0083,1.00838,1.50,1.50
2013.01.25 14:53:11.221,1.0083,1.00839,1.50,1.50
2013.01.25 14:53:12.588,1.00831,1.0084,2.25,3.00
2013.01.25 14:53:13.008,1.00834,1.00842,1.50,2.48
2013.01.25 14:53:13.510,1.00834,1.00842,1.50,1.73
2013.01.25 14:53:14.398,1.00834,1.00842,1.50,3.23
2013.01.25 14:53:14.518,1.0083,1.0084,2.25,1.50
2013.01.25 14:53:15.630,1.00828,1.0084,1.50,1.50
2013.01.25 14:53:18.048,1.00828,1.00841,1.50,4.50
2013.01.25 14:53:18.318,1.00828,1.0084,1.50,1.50
2013.01.25 14:53:18.570,1.00828,1.0084,1.50,1.50
2013.01.25 14:53:19.199,1.00828,1.0084,2.25,2.25
2013.01.25 14:53:19.757,1.00828,1.00838,1.50,1.50
2013.01.25 14:53:21.600,1.00827,1.00838,2.25,3.00
2013.01.25 14:53:21.668,1.00826,1.00835,2.25,1.50
2013.01.25 14:53:22.028,1.00826,1.00837,1.50,3.38
2013.01.25 14:53:22.267,1.00824,1.00837,1.20,3.00
2013.01.25 14:53:22.842,1.00824,1.00837,1.73,3.00
2013.01.25 14:53:22.969,1.00827,1.00837,1.50,1.50
2013.01.25 14:53:24.067,1.00827,1.00837,1.50,1.73
2013.01.25 14:53:24.135,1.00825,1.00836,1.50,2.25
2013.01.25 14:53:24.688,1.00824,1.00836,3.15,3.00
2013.01.25 14:53:26.140,1.00824,1.00835,2.25,1.88
2013.01.25 14:53:26.989,1.00824,1.00832,2.25,1.13
2013.01.25 14:53:27.538,1.00824,1.00832,2.40,1.13
2013.01.25 14:53:28.056,1.00824,1.00834,2.33,1.13
2013.01.25 14:53:28.573,1.00824,1.00834,2.33,1.13
2013.01.25 14:53:30.167,1.00824,1.00834,2.25,1.13
2013.01.25 14:53:30.728,1.00824,1.00834,2.25,1.13
2013.01.25 14:53:31.489,1.00824,1.00836,2.25,3.00
2013.01.25 14:53:32.617,1.00824,1.00836,2.25,2.25
2013.01.25 14:53:36.358,1.00825,1.00836,1.50,2.25
2013.01.25 14:53:37.758,1.00826,1.00836,1.50,1.50
2013.01.25 14:53:38.622,1.00826,1.00836,3.75,1.50
2013.01.25 14:53:40.320,1.00826,1.00836,3.00,1.88
2013.01.25 14:53:40.561,1.00824,1.00834,1.50,2.40
2013.01.25 14:53:41.408,1.00824,1.00835,2.25,2.25
2013.01.25 14:53:41.948,1.00824,1.00836,2.48,2.25
2013.01.25 14:53:48.618,1.00824,1.00835,2.48,1.50
2013.01.25 14:53:48.679,1.00824,1.00835,2.48,4.13
2013.01.25 14:53:49.218,1.00824,1.00834,1.50,2.78
2013.01.25 14:53:49.739,1.00824,1.00834,1.50,2.25
2013.01.25 14:53:50.678,1.00822,1.00834,2.25,1.88
2013.01.25 14:53:51.292,1.00822,1.00834,3.00,1.13
2013.01.25 14:53:58.600,1.00822,1.00834,3.75,1.13
2013.01.25 14:54:00.578,1.00822,1.00835,6.00,3.23
2013.01.25 14:54:00.698,1.00822,1.00835,6.00,1.73
2013.01.25 14:54:00.759,1.00824,1.00836,1.50,3.75
2013.01.25 14:54:02.676,1.00824,1.00835,3.00,1.50
2013.01.25 14:54:13.868,1.00827,1.00835,1.50,1.50
2013.01.25 14:54:16.277,1.00824,1.00837,3.00,2.25
2013.01.25 14:54:16.788,1.00824,1.00837,1.50,2.25
2013.01.25 14:54:17.527,1.00824,1.00837,2.25,2.25
2013.01.25 14:54:17.709,1.00826,1.00837,1.88,1.50
2013.01.25 14:54:20.057,1.00826,1.00835,1.88,1.50
2013.01.25 14:54:20.299,1.00824,1.00833,1.50,1.65
2013.01.25 14:54:21.339,1.00824,1.00834,2.85,3.90
2013.01.25 14:54:21.698,1.00826,1.00837,2.25,1.58
2013.01.25 14:54:23.577,1.00826,1.00836,1.73,2.33
2013.01.25 14:54:23.759,1.00824,1.00834,1.73,2.40
2013.01.25 14:54:23.819,1.00824,1.00834,1.50,2.40
2013.01.25 14:54:30.659,1.00824,1.00834,1.50,1.73
2013.01.25 14:54:30.839,1.00824,1.00838,3.75,3.75
2013.01.25 14:54:31.628,1.00824,1.00838,3.75,4.13
2013.01.25 14:54:32.183,1.00826,1.00838,1.50,4.13
2013.01.25 14:54:32.739,1.00824,1.00837,2.25,1.65
2013.01.25 14:54:33.503,1.00824,1.00835,3.00,2.25
2013.01.25 14:54:33.577,1.00824,1.00833,2.25,1.13
2013.01.25 14:54:34.888,1.00824,1.00834,1.50,1.73
2013.01.25 14:54:35.368,1.00824,1.00838,3.00,4.13
2013.01.25 14:54:35.851,1.00824,1.00835,3.00,1.88
2013.01.25 14:54:36.398,1.00824,1.00834,2.25,1.13
2013.01.25 14:54:37.000,1.00823,1.00834,3.00,1.13
2013.01.25 14:54:39.668,1.00823,1.00834,3.00,1.13
2013.01.25 14:54:40.029,1.00823,1.00837,3.75,3.38
2013.01.25 14:54:40.568,1.00824,1.00837,1.50,2.63
2013.01.25 14:54:40.629,1.00826,1.00837,1.50,1.13
2013.01.25 14:54:42.513,1.00824,1.00838,3.00,4.65
2013.01.25 14:54:43.869,1.00826,1.00837,1.50,1.50
2013.01.25 14:54:43.989,1.00826,1.00839,3.38,1.50
2013.01.25 14:54:44.049,1.00827,1.00839,1.73,1.50
2013.01.25 14:54:44.228,1.00825,1.00837,2.25,3.15
2013.01.25 14:54:45.717,1.00828,1.00836,1.58,2.25
2013.01.25 14:54:45.958,1.00828,1.00837,3.00,1.50
2013.01.25 14:54:46.078,1.0083,1.00837,1.50,1.50
2013.01.25 14:54:46.198,1.0083,1.0084,1.50,2.25
2013.01.25 14:54:46.710,1.0083,1.0084,1.50,2.25
2013.01.25 14:54:47.079,1.0083,1.0084,1.50,2.25
2013.01.25 14:54:47.515,1.00828,1.00839,2.25,2.25
2013.01.25 14:54:47.699,1.00825,1.00838,3.23,1.65
2013.01.25 14:54:48.788,1.00823,1.00835,3.00,2.25
2013.01.25 14:54:49.399,1.0083,1.00836,1.50,1.50
2013.01.25 14:54:50.569,1.0083,1.00837,1.50,1.65
2013.01.25 14:54:51.350,1.0083,1.00837,1.50,1.65
2013.01.25 14:54:51.418,1.00827,1.00837,1.50,1.65
2013.01.25 14:54:54.833,1.00827,1.00837,1.50,1.65
2013.01.25 14:54:56.398,1.00827,1.00837,1.50,1.65
2013.01.25 14:54:58.249,1.00827,1.00837,1.50,1.65
2013.01.25 14:54:58.739,1.00827,1.00837,1.50,1.65
2013.01.25 14:54:59.058,1.00829,1.00838,1.50,1.13
2013.01.25 14:54:59.739,1.00829,1.00838,1.50,1.88
2013.01.25 14:55:00.098,1.00826,1.00835,1.50,1.73
2013.01.25 14:55:00.218,1.00826,1.00836,2.25,2.25
2013.01.25 14:55:00.399,1.0083,1.00837,1.50,1.50
2013.01.25 14:55:01.069,1.00828,1.00837,1.50,1.65
2013.01.25 14:55:01.258,1.00826,1.00837,1.50,3.38
2013.01.25 14:55:01.799,1.00828,1.00838,1.50,2.40
2013.01.25 14:55:02.359,1.00828,1.00839,2.25,3.08
2013.01.25 14:55:02.920,1.0083,1.00839,1.50,3.98
2013.01.25 14:55:04.155,1.0083,1.00839,1.50,3.23
2013.01.25 14:55:04.699,1.00829,1.00839,2.25,2.48
2013.01.25 14:55:04.998,1.00827,1.00839,2.48,1.50
2013.01.25 14:55:05.118,1.00827,1.00838,1.73,1.50
2013.01.25 14:55:05.358,1.00828,1.00839,1.50,1.73
2013.01.25 14:55:05.717,1.00832,1.00843,3.00,1.50
2013.01.25 14:55:05.898,1.00832,1.00844,3.75,2.48
2013.01.25 14:55:06.457,1.00834,1.00844,1.50,1.88
2013.01.25 14:55:06.732,1.00834,1.00843,1.50,1.50
2013.01.25 14:55:06.798,1.00831,1.00843,3.00,1.50
2013.01.25 14:55:08.128,1.00834,1.0084,1.50,1.50
2013.01.25 14:55:08.368,1.00832,1.0084,1.50,1.50
2013.01.25 14:55:08.488,1.00835,1.00842,1.50,1.50
2013.01.25 14:55:08.668,1.00835,1.00844,1.50,2.63
2013.01.25 14:55:08.849,1.00835,1.00845,2.25,2.48
2013.01.25 14:55:09.089,1.00837,1.00847,1.50,1.50
2013.01.25 14:55:09.599,1.00835,1.00846,2.25,2.40
2013.01.25 14:55:10.138,1.00834,1.00846,2.25,3.00
2013.01.25 14:55:10.259,1.00834,1.00846,2.25,2.25
2013.01.25 14:55:10.498,1.00835,1.00846,4.50,1.13
2013.01.25 14:55:10.859,1.0083,1.00842,3.00,2.25
2013.01.25 14:55:10.978,1.00833,1.00842,1.50,1.50
2013.01.25 14:55:11.279,1.00835,1.00847,2.25,2.25
2013.01.25 14:55:11.818,1.00835,1.00847,3.00,5.25
2013.01.25 14:55:17.238,1.00835,1.00847,4.50,2.25
2013.01.25 14:55:17.763,1.00835,1.00847,4.50,2.25
2013.01.25 14:55:18.078,1.00836,1.00847,1.50,2.25
2013.01.25 14:55:18.318,1.00838,1.00849,2.25,3.75
2013.01.25 14:55:21.298,1.00841,1.00851,1.50,2.25
2013.01.25 14:55:21.838,1.00843,1.00853,1.50,1.50
2013.01.25 14:55:22.378,1.00843,1.00854,1.50,3.23
2013.01.25 14:55:23.168,1.00843,1.00854,1.50,3.23
2013.01.25 14:55:23.772,1.00843,1.00853,3.00,1.35
2013.01.25 14:55:24.537,1.00843,1.00852,2.10,1.35
2013.01.25 14:55:24.860,1.00841,1.00851,2.25,2.25
2013.01.25 14:55:25.400,1.00838,1.00849,1.13,3.75
2013.01.25 14:55:30.508,1.00839,1.0085,2.25,1.50
2013.01.25 14:55:30.629,1.00839,1.00849,2.25,1.50
2013.01.25 14:55:31.168,1.0084,1.00849,1.50,1.50
2013.01.25 14:55:31.408,1.00838,1.00849,1.50,1.50
2013.01.25 14:55:31.952,1.00838,1.00848,1.50,1.73
2013.01.25 14:55:34.597,1.00838,1.00848,1.50,1.73
2013.01.25 14:55:35.240,1.00837,1.00848,1.50,1.73
2013.01.25 14:55:37.347,1.00837,1.00846,1.50,2.25
2013.01.25 14:55:37.469,1.00835,1.00844,3.00,1.58
2013.01.25 14:55:37.770,1.00835,1.00846,1.65,2.25
2013.01.25 14:55:47.759,1.00835,1.00845,1.50,1.50
2013.01.25 14:55:48.368,1.00835,1.00845,1.50,1.50
2013.01.25 14:55:48.922,1.00835,1.00845,1.50,1.50
2013.01.25 14:55:49.930,1.00835,1.00846,2.40,2.25
2013.01.25 14:55:50.479,1.00838,1.00846,1.50,2.25
2013.01.25 14:55:57.898,1.00837,1.00846,2.40,1.50
2013.01.25 14:55:58.672,1.00837,1.00847,2.40,2.63
2013.01.25 14:55:59.298,1.00837,1.00847,2.40,1.88
2013.01.25 14:56:00.003,1.00837,1.00848,2.40,2.63
2013.01.25 14:56:05.109,1.00837,1.00848,2.40,3.38
2013.01.25 14:56:05.708,1.00837,1.00848,3.90,2.25
2013.01.25 14:56:06.028,1.00837,1.0085,3.90,3.00
2013.01.25 14:56:06.589,1.00838,1.00849,1.50,1.50
2013.01.25 14:56:07.343,1.00837,1.00849,3.38,1.50
2013.01.25 14:56:08.161,1.00838,1.00849,1.50,1.50
2013.01.25 14:56:10.269,1.00838,1.00849,1.50,1.50
2013.01.25 14:56:12.915,1.00842,1.0085,2.25,1.50
2013.01.25 14:56:13.057,1.00842,1.00854,3.00,1.88
2013.01.25 14:56:13.179,1.00844,1.00856,1.50,4.06
2013.01.25 14:56:13.299,1.00845,1.00856,1.50,2.59
2013.01.25 14:56:13.881,1.00845,1.00856,3.00,1.84
2013.01.25 14:56:14.073,1.00846,1.00859,1.88,4.50
2013.01.25 14:56:14.627,1.00847,1.00859,1.65,3.00
2013.01.25 14:56:15.537,1.00847,1.00858,1.65,1.50
2013.01.25 14:56:16.079,1.00846,1.00855,1.50,3.00
2013.01.25 14:56:16.198,1.00843,1.00853,2.25,1.58
2013.01.25 14:56:16.259,1.00841,1.00852,1.50,1.50
2013.01.25 14:56:16.379,1.00842,1.00853,2.25,1.58
2013.01.25 14:56:16.559,1.00841,1.00852,1.50,1.50
2013.01.25 14:56:16.918,1.00839,1.0085,1.50,2.25
2013.01.25 14:56:16.978,1.0084,1.0085,1.50,2.25
2013.01.25 14:56:17.338,1.00842,1.00854,2.25,2.63
2013.01.25 14:56:17.520,1.00844,1.00855,1.50,1.50
2013.01.25 14:56:17.997,1.00846,1.00857,1.50,1.50
2013.01.25 14:56:18.729,1.00846,1.00856,1.50,1.50
2013.01.25 14:56:19.362,1.00846,1.00856,1.50,1.50
2013.01.25 14:56:22.111,1.00846,1.00856,1.50,2.25
2013.01.25 14:56:22.827,1.00845,1.00856,1.50,2.25
2013.01.25 14:56:22.947,1.00844,1.00856,1.50,2.25
2013.01.25 14:56:23.571,1.00844,1.00856,1.50,2.25
2013.01.25 14:56:23.652,1.00844,1.00856,1.50,2.25
2013.01.25 14:56:24.278,1.00844,1.00856,1.50,2.25
2013.01.25 14:56:24.869,1.00844,1.00856,2.25,2.25
2013.01.25 14:56:24.987,1.00844,1.00856,1.50,2.25
2013.01.25 14:56:27.327,1.00845,1.00856,1.50,2.25
2013.01.25 14:56:29.882,1.00844,1.00856,2.25,2.25
2013.01.25 14:56:30.481,1.00844,1.00856,2.25,2.25
2013.01.25 14:56:31.658,1.00846,1.00856,1.50,2.25
2013.01.25 14:56:32.198,1.00847,1.00859,1.73,3.00
2013.01.25 14:56:32.735,1.00847,1.00859,1.73,3.00
2013.01.25 14:56:33.348,1.00847,1.00859,1.73,3.00
2013.01.25 14:56:34.186,1.00847,1.00859,2.48,3.00
2013.01.25 14:56:34.375,1.0085,1.00859,2.25,2.25
2013.01.25 14:56:34.502,1.0085,1.00859,2.25,2.25
2013.01.25 14:56:34.568,1.0085,1.00859,2.25,1.50
2013.01.25 14:56:34.751,1.0085,1.00862,3.00,2.25
2013.01.25 14:56:34.820,1.0085,1.00862,3.75,2.25
2013.01.25 14:56:34.879,1.0085,1.00862,3.75,3.00
2013.01.25 14:56:35.427,1.0085,1.00861,1.50,1.50
2013.01.25 14:56:36.969,1.0085,1.00861,1.50,1.50
2013.01.25 14:56:37.474,1.00849,1.00861,3.00,1.50
2013.01.25 14:56:38.371,1.00849,1.00861,3.00,1.50
2013.01.25 14:56:38.900,1.00849,1.0086,2.25,1.50
2013.01.25 14:56:39.666,1.00848,1.00859,2.63,2.25
2013.01.25 14:56:40.168,1.0085,1.00861,1.50,1.50
2013.01.25 14:56:40.708,1.00849,1.0086,1.50,2.25
2013.01.25 14:56:41.832,1.00849,1.0086,1.50,2.25
2013.01.25 14:56:42.340,1.00851,1.00861,1.50,1.50
2013.01.25 14:56:42.992,1.00848,1.00858,1.88,2.25
2013.01.25 14:56:43.550,1.00848,1.00858,1.13,2.25
2013.01.25 14:56:44.088,1.00848,1.00858,1.13,2.25
2013.01.25 14:56:47.310,1.00846,1.00858,4.73,2.25
2013.01.25 14:56:47.558,1.00846,1.00856,3.23,2.63
2013.01.25 14:56:48.157,1.00846,1.00856,3.23,2.63
2013.01.25 14:56:48.698,1.00846,1.00856,3.23,2.63
2013.01.25 14:56:49.218,1.00846,1.00856,3.23,2.63
2013.01.25 14:56:49.972,1.00846,1.00856,3.23,2.63
2013.01.25 14:56:50.518,1.00846,1.00856,3.98,2.58
2013.01.25 14:56:51.291,1.00846,1.00856,3.23,2.58
2013.01.25 14:56:51.953,1.00846,1.00856,3.23,2.58
2013.01.25 14:56:52.499,1.00846,1.00856,3.38,2.58
2013.01.25 14:56:53.029,1.00846,1.00857,4.50,2.58
2013.01.25 14:56:53.668,1.00846,1.00857,3.75,1.83
2013.01.25 14:56:53.989,1.00849,1.00859,2.25,1.50
2013.01.25 14:56:54.622,1.00847,1.00859,1.73,1.50
2013.01.25 14:56:55.407,1.00847,1.00861,4.73,3.00
2013.01.25 14:56:55.917,1.00847,1.0086,3.23,1.50
2013.01.25 14:56:56.457,1.00847,1.0086,3.98,1.50
2013.01.25 14:56:57.689,1.00848,1.0086,1.50,1.50
2013.01.25 14:56:58.240,1.00847,1.00859,3.98,1.50
2013.01.25 14:57:00.199,1.00846,1.00857,2.48,2.25
2013.01.25 14:57:00.728,1.00847,1.00857,1.73,2.25
2013.01.25 14:57:02.008,1.00847,1.00857,1.13,2.25
2013.01.25 14:57:02.790,1.00847,1.00857,1.88,2.25
2013.01.25 14:57:05.568,1.00847,1.00857,1.88,2.25
2013.01.25 14:57:06.078,1.00847,1.00857,1.13,2.25
2013.01.25 14:57:13.960,1.00846,1.00858,2.63,2.25
2013.01.25 14:57:15.081,1.00847,1.00858,1.13,2.25
2013.01.25 14:57:15.767,1.00849,1.00858,2.25,1.50
2013.01.25 14:57:16.375,1.00849,1.00858,2.25,1.50
2013.01.25 14:57:16.928,1.00848,1.00857,1.50,3.00
2013.01.25 14:57:17.168,1.00848,1.00859,1.50,3.00
2013.01.25 14:57:18.150,1.00848,1.00858,1.50,1.50
2013.01.25 14:57:21.772,1.00848,1.00859,1.50,3.00
2013.01.25 14:57:22.108,1.00849,1.0086,2.25,3.00
2013.01.25 14:57:22.979,1.0085,1.00862,3.75,2.25
2013.01.25 14:57:23.039,1.0085,1.00862,3.75,1.50
2013.01.25 14:57:23.219,1.00852,1.00867,3.38,1.50
2013.01.25 14:57:23.339,1.00853,1.00864,1.50,1.50
2013.01.25 14:57:23.698,1.00857,1.00866,1.13,3.00
2013.01.25 14:57:24.218,1.00857,1.00866,1.13,3.00
2013.01.25 14:57:24.721,1.00855,1.00864,1.50,1.65
2013.01.25 14:57:24.909,1.00851,1.00862,1.73,2.85
2013.01.25 14:57:24.969,1.0085,1.00859,3.23,1.50
2013.01.25 14:57:25.400,1.00849,1.00862,2.48,3.00
2013.01.25 14:57:25.819,1.00849,1.0086,1.73,2.10
2013.01.25 14:57:26.059,1.00846,1.00857,3.00,1.73
2013.01.25 14:57:26.298,1.00846,1.00855,1.13,1.50
2013.01.25 14:57:26.418,1.00846,1.00855,1.13,1.50
2013.01.25 14:57:27.388,1.00847,1.00856,1.50,1.50
2013.01.25 14:57:27.902,1.00845,1.00855,2.63,1.50
2013.01.25 14:57:28.403,1.00845,1.00857,1.13,1.73
2013.01.25 14:57:31.794,1.00845,1.00856,1.13,3.00
2013.01.25 14:57:32.038,1.00844,1.00853,2.25,1.13
2013.01.25 14:57:32.099,1.00844,1.00854,2.63,3.23
2013.01.25 14:57:32.218,1.00846,1.00856,1.65,3.00
2013.01.25 14:57:32.398,1.00846,1.00856,2.40,1.50
2013.01.25 14:57:34.308,1.00845,1.00856,2.25,3.23
2013.01.25 14:57:35.320,1.00844,1.00856,3.38,3.98
2013.01.25 14:57:35.440,1.00844,1.00854,2.63,2.25
2013.01.25 14:57:35.558,1.00844,1.00853,2.63,1.58
2013.01.25 14:57:35.858,1.00844,1.00854,2.25,2.48
2013.01.25 14:57:36.218,1.00844,1.00855,3.00,1.50
2013.01.25 14:57:36.719,1.00845,1.00856,1.13,3.23
2013.01.25 14:57:39.820,1.00844,1.00856,3.00,3.23
2013.01.25 14:57:51.198,1.00845,1.00857,1.50,3.23
2013.01.25 14:57:54.854,1.00845,1.00856,2.25,1.13
2013.01.25 14:58:02.398,1.00847,1.00857,1.50,2.33
2013.01.25 14:58:04.010,1.00847,1.00857,1.50,2.55
2013.01.25 14:58:04.518,1.00845,1.00856,3.75,1.05
2013.01.25 14:58:05.028,1.00845,1.00857,1.88,2.48
2013.01.25 14:58:05.388,1.00846,1.00857,2.40,2.25
2013.01.25 14:58:05.928,1.00846,1.00857,2.40,2.25
2013.01.25 14:58:07.399,1.00845,1.00857,4.35,2.25
2013.01.25 14:58:07.579,1.00845,1.00856,1.88,2.25
2013.01.25 14:58:08.080,1.00847,1.00858,1.50,2.63
2013.01.25 14:58:10.878,1.00847,1.00858,1.50,2.25
2013.01.25 14:58:23.518,1.00847,1.00857,1.50,1.50
2013.01.25 14:58:24.110,1.00845,1.00857,5.25,1.50
2013.01.25 14:58:34.427,1.00845,1.00857,4.88,1.73
2013.01.25 14:58:38.172,1.00846,1.00856,1.65,3.00
2013.01.25 14:58:46.372,1.00846,1.00856,1.65,1.50
2013.01.25 14:58:46.499,1.00849,1.0086,4.50,2.25
2013.01.25 14:58:46.740,1.00849,1.00858,1.50,1.50
2013.01.25 14:58:46.800,1.00846,1.00857,2.40,2.25
2013.01.25 14:58:49.614,1.00848,1.00857,2.25,1.50
2013.01.25 14:58:50.159,1.00848,1.00857,2.25,1.50
2013.01.25 14:58:57.448,1.00845,1.00857,1.50,2.25
2013.01.25 14:58:57.953,1.00844,1.00857,3.75,2.48
2013.01.25 14:58:59.899,1.00844,1.00855,2.63,1.50
2013.01.25 14:59:03.740,1.00844,1.00855,3.00,1.50
2013.01.25 14:59:04.048,1.00848,1.00857,2.25,3.00
2013.01.25 14:59:04.325,1.00845,1.00855,1.50,2.25
2013.01.25 14:59:05.828,1.00845,1.00855,2.40,2.25
2013.01.25 14:59:06.489,1.00847,1.00856,1.65,1.50
2013.01.25 14:59:06.619,1.00847,1.00856,1.65,1.50
2013.01.25 14:59:07.151,1.00847,1.00856,1.65,1.50
2013.01.25 14:59:07.669,1.00846,1.00856,2.40,1.50
2013.01.25 14:59:11.383,1.00847,1.00855,1.50,1.88
2013.01.25 14:59:11.448,1.00846,1.00855,2.25,1.88
2013.01.25 14:59:11.568,1.00844,1.00853,1.50,1.50
2013.01.25 14:59:11.688,1.00845,1.00853,1.50,1.73
2013.01.25 14:59:11.808,1.00844,1.00853,1.50,1.73
2013.01.25 14:59:13.939,1.00844,1.00854,2.25,1.88
2013.01.25 14:59:14.320,1.00846,1.00856,3.15,3.00
2013.01.25 14:59:14.569,1.00848,1.00856,1.50,2.25
2013.01.25 14:59:15.098,1.00847,1.00856,1.65,2.25
2013.01.25 14:59:15.420,1.00846,1.00855,2.25,1.65
2013.01.25 14:59:15.540,1.00843,1.00854,1.50,1.65
2013.01.25 14:59:16.088,1.00842,1.00854,1.50,1.65
2013.01.25 14:59:16.148,1.00842,1.00853,1.50,1.13
2013.01.25 14:59:20.519,1.00839,1.00849,1.13,2.25
2013.01.25 14:59:20.639,1.00838,1.00849,4.50,2.25
2013.01.25 14:59:21.160,1.00838,1.00849,3.75,2.25
2013.01.25 14:59:24.051,1.00838,1.00847,4.50,3.00
2013.01.25 14:59:27.322,1.00838,1.00847,4.50,3.00
2013.01.25 14:59:28.520,1.00838,1.0085,6.75,3.75
2013.01.25 14:59:35.649,1.00838,1.0085,3.00,3.75
2013.01.25 14:59:48.089,1.00837,1.0085,2.03,2.25
2013.01.25 14:59:50.676,1.00837,1.0085,2.25,2.25
2013.01.25 14:59:53.461,1.00837,1.0085,1.13,2.40
2013.01.25 14:59:53.805,1.00836,1.00849,3.38,1.50
2013.01.25 14:59:54.344,1.00836,1.0085,2.63,2.25
2013.01.25 14:59:54.890,1.00835,1.00844,3.00,1.58
2013.01.25 14:59:55.020,1.00835,1.00843,3.23,1.13
2013.01.25 14:59:55.142,1.0083,1.00847,3.00,1.80
2013.01.25 14:59:55.211,1.0083,1.00845,3.00,1.20
2013.01.25 14:59:55.282,1.00835,1.00845,3.00,1.28
2013.01.25 14:59:55.650,1.00831,1.00838,2.25,1.50
2013.01.25 14:59:55.842,1.00835,1.00848,2.25,3.75
2013.01.25 14:59:56.444,1.00826,1.00844,2.48,1.50
2013.01.25 14:59:57.640,1.00825,1.00844,1.73,3.68
2013.01.25 14:59:58.902,1.00825,1.00844,2.63,4.50
2013.01.25 14:59:59.151,1.00819,1.00844,2.25,3.68
2013.01.25 14:59:59.710,1.00827,1.00844,1.50,3.68
2013.01.25 14:59:59.831,1.00826,1.00847,2.39,1.80
