2014.08.07 02:00:00.605,1.09126,1.09138,2.44,1.84
2014.08.07 02:00:01.156,1.09126,1.09138,2.52,1.84
2014.08.07 02:00:01.681,1.09127,1.09138,1.19,1.84
2014.08.07 02:00:02.480,1.09127,1.09138,1.19,1.84
2014.08.07 02:00:03.019,1.09127,1.09138,1.19,1.84
2014.08.07 02:00:12.808,1.09127,1.09138,2.07,1.84
2014.08.07 02:00:13.834,1.09127,1.09138,1.69,1.34
2014.08.07 02:00:21.925,1.09127,1.09138,2.44,1.34
2014.08.07 02:00:27.146,1.09127,1.09138,1.00,1.84
2014.08.07 02:00:27.677,1.09126,1.09138,1.39,1.84
2014.08.07 02:00:28.195,1.09126,1.09138,1.32,1.84
2014.08.07 02:00:30.345,1.09126,1.09137,1.19,1.84
2014.08.07 02:00:31.476,1.09126,1.09136,1.25,1.34
2014.08.07 02:00:38.781,1.09126,1.09136,1.19,1.34
2014.08.07 02:00:45.577,1.09126,1.09137,1.25,1.84
2014.08.07 02:00:47.528,1.09126,1.09136,1.25,1.84
2014.08.07 02:00:53.701,1.09126,1.09137,1.69,2.59
2014.08.07 02:00:56.514,1.09126,1.09136,1.25,1.84
2014.08.07 02:01:13.150,1.09126,1.09136,1.19,2.59
2014.08.07 02:01:14.353,1.09126,1.09136,1.25,1.84
2014.08.07 02:01:20.706,1.09126,1.09136,1.19,1.37
2014.08.07 02:01:30.602,1.09126,1.09136,1.19,1.40
2014.08.07 02:01:31.914,1.09125,1.09136,1.19,1.40
2014.08.07 02:01:31.965,1.09125,1.09133,1.19,1.08
2014.08.07 02:01:32.898,1.09125,1.09133,1.25,1.15
2014.08.07 02:01:35.604,1.09125,1.09133,1.69,1.15
2014.08.07 02:01:41.019,1.09125,1.09132,1.00,2.59
2014.08.07 02:01:41.221,1.09118,1.09126,1.00,1.08
2014.08.07 02:01:41.272,1.09118,1.09126,1.00,1.15
2014.08.07 02:01:41.474,1.09115,1.09125,1.25,1.40
2014.08.07 02:01:42.225,1.09115,1.09125,1.25,1.40
2014.08.07 02:01:42.756,1.09115,1.09125,1.19,1.15
2014.08.07 02:01:47.162,1.09115,1.09125,1.19,1.15
2014.08.07 02:01:48.543,1.09115,1.09126,1.19,1.40
2014.08.07 02:02:09.156,1.09115,1.09126,1.69,1.34
2014.08.07 02:02:17.448,1.09117,1.09126,1.19,1.15
2014.08.07 02:02:17.752,1.09121,1.09131,1.19,1.40
2014.08.07 02:02:18.258,1.09121,1.09131,1.69,1.84
2014.08.07 02:02:18.814,1.09121,1.09131,1.25,1.65
2014.08.07 02:02:19.269,1.09121,1.09128,1.00,1.18
2014.08.07 02:02:19.522,1.09117,1.09128,1.19,1.84
2014.08.07 02:02:20.047,1.09121,1.09129,1.00,1.65
2014.08.07 02:02:21.153,1.09121,1.09129,1.19,1.65
2014.08.07 02:02:22.742,1.09121,1.09129,1.69,1.15
2014.08.07 02:02:24.935,1.09121,1.09129,1.19,1.28
2014.08.07 02:02:26.934,1.0912,1.09129,1.25,1.28
2014.08.07 02:02:29.153,1.0912,1.09129,1.19,1.47
2014.08.07 02:02:30.686,1.0912,1.09129,1.25,1.28
2014.08.07 02:02:34.887,1.09121,1.09129,1.19,1.28
2014.08.07 02:02:35.453,1.09122,1.09129,1.19,1.15
2014.08.07 02:02:39.692,1.09122,1.0913,1.19,1.15
2014.08.07 02:02:40.254,1.09121,1.0913,1.69,1.15
2014.08.07 02:02:43.878,1.09121,1.0913,1.69,1.40
2014.08.07 02:02:48.418,1.09121,1.0913,1.25,4.84
2014.08.07 02:02:56.325,1.09122,1.09129,1.19,1.18
2014.08.07 02:02:56.440,1.09121,1.09129,1.19,1.18
2014.08.07 02:02:57.706,1.09119,1.09129,1.19,1.18
2014.08.07 02:03:03.867,1.09119,1.09129,1.19,1.18
2014.08.07 02:03:04.484,1.09119,1.0913,1.19,3.34
2014.08.07 02:03:05.460,1.0912,1.0913,1.19,1.84
2014.08.07 02:03:08.544,1.09121,1.0913,1.19,1.84
2014.08.07 02:03:08.696,1.09121,1.0913,1.19,1.40
2014.08.07 02:03:09.239,1.09121,1.09129,1.19,1.18
2014.08.07 02:03:09.290,1.09121,1.09129,1.19,1.15
2014.08.07 02:03:11.462,1.09119,1.09127,1.69,1.08
2014.08.07 02:03:11.967,1.09119,1.09127,1.19,1.15
2014.08.07 02:03:13.877,1.0912,1.09129,1.19,1.15
2014.08.07 02:03:13.978,1.09121,1.09129,1.69,1.15
2014.08.07 02:03:14.288,1.09122,1.09129,1.19,1.08
2014.08.07 02:03:15.277,1.09122,1.0913,1.19,1.18
2014.08.07 02:03:28.907,1.09122,1.09131,1.69,1.65
2014.08.07 02:03:35.014,1.09122,1.09132,1.69,1.15
2014.08.07 02:03:37.113,1.09122,1.09132,1.69,1.40
2014.08.07 02:03:37.916,1.09122,1.09132,1.69,1.40
2014.08.07 02:03:38.219,1.09122,1.09128,1.00,1.00
2014.08.07 02:03:38.371,1.09119,1.09128,1.69,1.84
2014.08.07 02:03:39.631,1.09118,1.09128,1.69,1.15
2014.08.07 02:03:49.754,1.09118,1.09128,1.25,1.84
2014.08.07 02:03:53.559,1.09118,1.09128,1.19,1.40
2014.08.07 02:03:54.125,1.09118,1.09128,1.19,1.09
2014.08.07 02:03:55.693,1.09117,1.09128,1.77,1.09
2014.08.07 02:03:57.764,1.09118,1.09127,1.19,1.10
2014.08.07 02:03:58.813,1.09118,1.09128,1.19,2.59
2014.08.07 02:04:00.542,1.09118,1.09128,1.19,1.84
2014.08.07 02:04:01.963,1.09118,1.09127,1.19,1.09
2014.08.07 02:04:12.413,1.09117,1.09129,1.02,3.34
2014.08.07 02:04:15.431,1.09117,1.09128,1.77,1.77
2014.08.07 02:04:23.536,1.09117,1.09128,1.77,1.77
2014.08.07 02:04:25.142,1.09117,1.09127,1.02,1.29
2014.08.07 02:04:28.393,1.09117,1.09128,1.02,1.27
2014.08.07 02:04:32.067,1.09117,1.09128,1.77,2.52
2014.08.07 02:04:35.074,1.09117,1.09127,1.29,1.29
2014.08.07 02:04:36.576,1.09117,1.09128,1.02,1.77
2014.08.07 02:04:43.703,1.09117,1.09127,1.77,1.02
2014.08.07 02:04:45.129,1.09117,1.09127,1.29,1.77
2014.08.07 02:04:56.156,1.09117,1.09127,1.02,1.77
2014.08.07 02:05:02.557,1.09117,1.09128,1.69,2.44
2014.08.07 02:05:09.057,1.09118,1.09127,1.19,1.00
2014.08.07 02:05:09.158,1.09117,1.09127,1.84,1.00
2014.08.07 02:05:12.655,1.09117,1.09127,1.84,1.25
2014.08.07 02:05:21.403,1.09116,1.09127,1.84,2.44
2014.08.07 02:05:38.406,1.09117,1.09126,1.19,1.00
2014.08.07 02:05:38.850,1.09116,1.09126,1.02,1.69
2014.08.07 02:05:38.951,1.09116,1.09124,1.25,1.00
2014.08.07 02:05:39.493,1.09115,1.09124,1.69,1.18
2014.08.07 02:05:39.746,1.09114,1.09124,1.25,1.77
2014.08.07 02:05:39.948,1.09114,1.0912,1.25,1.00
2014.08.07 02:05:41.110,1.09113,1.0912,1.00,1.69
2014.08.07 02:05:42.198,1.09113,1.0912,1.25,1.65
2014.08.07 02:05:42.350,1.0911,1.0912,1.19,1.84
2014.08.07 02:05:42.451,1.09111,1.09121,1.29,4.58
2014.08.07 02:05:42.856,1.09113,1.09122,1.34,1.00
2014.08.07 02:05:43.008,1.09116,1.09126,1.19,1.65
2014.08.07 02:05:44.154,1.09114,1.09125,1.77,1.02
2014.08.07 02:05:47.818,1.09114,1.09124,1.77,1.00
2014.08.07 02:05:51.498,1.09113,1.09123,1.37,1.00
2014.08.07 02:05:55.344,1.09114,1.09123,1.27,1.00
2014.08.07 02:05:58.446,1.09113,1.09123,1.37,1.00
2014.08.07 02:05:58.957,1.09113,1.09124,1.37,1.25
2014.08.07 02:06:00.401,1.09113,1.09125,1.37,1.77
2014.08.07 02:06:04.162,1.09113,1.09125,1.37,2.52
2014.08.07 02:06:07.627,1.09112,1.09125,1.84,1.58
2014.08.07 02:06:08.202,1.09114,1.09125,1.27,2.52
2014.08.07 02:06:09.886,1.09115,1.09123,1.29,1.00
2014.08.07 02:06:13.487,1.09114,1.09123,1.27,1.25
2014.08.07 02:06:22.137,1.09114,1.09123,1.19,1.10
2014.08.07 02:06:23.119,1.09113,1.09123,1.29,1.02
2014.08.07 02:06:46.527,1.09112,1.09123,1.77,1.00
2014.08.07 02:06:50.330,1.09113,1.09123,1.19,1.08
2014.08.07 02:06:50.846,1.09113,1.09123,1.19,1.15
2014.08.07 02:06:53.204,1.09112,1.09123,1.27,1.77
2014.08.07 02:06:53.821,1.09112,1.09123,1.27,1.10
2014.08.07 02:06:55.726,1.09114,1.09124,1.19,1.77
2014.08.07 02:06:57.580,1.09114,1.09121,1.19,1.00
2014.08.07 02:06:57.732,1.09112,1.09121,1.27,1.25
2014.08.07 02:06:59.051,1.0911,1.09121,2.22,1.10
2014.08.07 02:06:59.791,1.0911,1.09121,2.22,1.02
2014.08.07 02:07:00.098,1.0911,1.0912,1.02,1.33
2014.08.07 02:07:01.668,1.09109,1.09121,1.77,1.37
2014.08.07 02:07:01.719,1.09109,1.09121,2.59,1.39
2014.08.07 02:07:02.224,1.0911,1.09121,1.19,2.59
2014.08.07 02:07:12.133,1.0911,1.09121,1.19,1.39
2014.08.07 02:07:13.522,1.0911,1.09121,1.69,1.09
2014.08.07 02:07:22.488,1.0911,1.09121,1.77,1.29
2014.08.07 02:07:25.464,1.09111,1.09122,1.29,1.77
2014.08.07 02:07:25.767,1.09111,1.09117,1.19,3.00
2014.08.07 02:07:25.817,1.09111,1.09122,1.19,4.65
2014.08.07 02:07:25.868,1.09111,1.09121,1.37,1.00
2014.08.07 02:07:26.322,1.09111,1.09121,1.25,1.40
2014.08.07 02:07:26.645,1.09111,1.09122,1.25,4.84
2014.08.07 02:07:26.998,1.09112,1.09122,1.84,3.75
2014.08.07 02:07:27.364,1.09114,1.09124,1.25,1.84
2014.08.07 02:07:27.972,1.09113,1.09124,1.69,1.84
2014.08.07 02:07:28.578,1.09113,1.0912,1.69,1.00
2014.08.07 02:07:29.335,1.09113,1.09124,1.34,1.25
2014.08.07 02:07:31.106,1.09114,1.09125,1.39,3.94
2014.08.07 02:07:37.877,1.09113,1.09125,1.34,3.19
2014.08.07 02:07:42.126,1.09113,1.09124,1.34,1.32
2014.08.07 02:07:54.144,1.09112,1.09125,1.84,3.34
2014.08.07 02:08:05.471,1.09113,1.09125,1.37,7.09
2014.08.07 02:08:06.447,1.09114,1.09123,1.02,1.00
2014.08.07 02:08:09.475,1.09114,1.09125,1.29,3.34
2014.08.07 02:08:10.463,1.09113,1.09125,1.09,2.59
2014.08.07 02:08:10.981,1.09113,1.09125,1.40,1.77
2014.08.07 02:08:11.497,1.09114,1.09125,1.37,1.77
2014.08.07 02:08:14.807,1.09116,1.09125,1.19,1.10
2014.08.07 02:08:14.908,1.09118,1.09127,1.19,1.25
2014.08.07 02:08:16.212,1.09118,1.09129,1.84,1.32
2014.08.07 02:08:16.677,1.09118,1.09129,1.00,2.22
2014.08.07 02:08:17.002,1.09118,1.09128,1.09,1.25
2014.08.07 02:08:22.324,1.09118,1.09129,1.37,1.25
2014.08.07 02:08:26.134,1.09117,1.09129,2.59,1.19
2014.08.07 02:08:31.171,1.09117,1.09129,1.84,1.69
2014.08.07 02:08:33.553,1.09117,1.0913,2.59,1.39
2014.08.07 02:08:33.877,1.09119,1.09131,2.52,4.77
2014.08.07 02:08:37.030,1.09119,1.09131,1.77,1.34
2014.08.07 02:08:39.201,1.09119,1.09131,1.02,1.84
2014.08.07 02:08:41.084,1.09121,1.09131,1.00,1.84
2014.08.07 02:08:44.366,1.09121,1.0913,1.00,1.37
2014.08.07 02:08:47.835,1.0912,1.0913,1.25,1.37
2014.08.07 02:08:55.217,1.09119,1.0913,2.52,1.47
2014.08.07 02:08:56.995,1.09119,1.0913,2.52,1.39
2014.08.07 02:08:59.238,1.09119,1.0913,3.27,2.14
2014.08.07 02:09:00.115,1.09119,1.0913,2.33,2.14
2014.08.07 02:09:00.938,1.09118,1.09129,1.09,1.27
2014.08.07 02:09:01.615,1.09118,1.09128,1.29,1.29
2014.08.07 02:09:02.610,1.09118,1.09129,1.29,1.09
2014.08.07 02:09:03.628,1.09118,1.09129,1.77,1.37
2014.08.07 02:09:12.669,1.09118,1.09129,1.58,1.47
2014.08.07 02:09:12.921,1.09118,1.09129,1.65,1.32
2014.08.07 02:09:15.757,1.09118,1.0913,1.84,5.44
2014.08.07 02:09:17.675,1.09118,1.09128,1.84,1.19
2014.08.07 02:09:17.726,1.09118,1.09128,1.09,1.19
2014.08.07 02:09:18.327,1.09118,1.09128,1.09,1.19
2014.08.07 02:09:20.356,1.09118,1.09129,1.09,1.32
2014.08.07 02:09:27.096,1.09118,1.09128,1.09,1.19
2014.08.07 02:09:28.480,1.09118,1.09128,1.20,1.19
2014.08.07 02:09:32.402,1.09118,1.09128,1.09,1.19
2014.08.07 02:09:33.614,1.09118,1.0913,1.84,4.84
2014.08.07 02:09:36.593,1.09118,1.0913,1.84,4.84
2014.08.07 02:09:43.145,1.09118,1.09129,1.84,1.19
2014.08.07 02:09:44.625,1.09119,1.0913,1.39,5.44
2014.08.07 02:09:54.164,1.09119,1.0913,1.20,4.69
2014.08.07 02:09:58.644,1.09119,1.09129,1.39,1.32
2014.08.07 02:10:00.893,1.09118,1.09129,1.84,1.32
2014.08.07 02:10:03.094,1.09118,1.09129,1.40,1.19
2014.08.07 02:10:13.097,1.09118,1.09129,1.15,1.19
2014.08.07 02:10:15.528,1.09118,1.0913,1.40,2.82
2014.08.07 02:10:20.073,1.09118,1.0913,1.40,2.82
2014.08.07 02:10:20.641,1.09118,1.0913,1.34,2.82
2014.08.07 02:10:27.145,1.09118,1.09129,1.84,1.19
2014.08.07 02:10:35.066,1.09118,1.0913,1.40,2.07
2014.08.07 02:10:41.112,1.09117,1.0913,1.34,2.07
2014.08.07 02:10:42.361,1.09119,1.0913,1.39,2.07
2014.08.07 02:10:47.184,1.09116,1.09129,3.34,1.19
2014.08.07 02:10:53.064,1.09118,1.09129,1.84,1.19
2014.08.07 02:10:58.947,1.09121,1.09129,1.00,1.19
2014.08.07 02:10:59.512,1.09121,1.09131,1.18,6.19
2014.08.07 02:11:03.194,1.09118,1.0913,1.84,4.09
2014.08.07 02:11:04.321,1.09119,1.0913,1.29,1.37
2014.08.07 02:11:06.145,1.09118,1.0913,1.47,1.37
2014.08.07 02:11:08.986,1.09118,1.0913,1.09,1.37
2014.08.07 02:11:12.968,1.09118,1.09128,1.37,1.19
2014.08.07 02:11:13.943,1.09118,1.09129,1.84,1.29
2014.08.07 02:11:14.969,1.09118,1.09129,1.37,1.29
2014.08.07 02:11:17.158,1.09117,1.09129,2.59,1.29
2014.08.07 02:11:20.148,1.09117,1.09128,3.34,1.19
2014.08.07 02:11:27.181,1.09118,1.09129,1.47,1.29
2014.08.07 02:11:29.679,1.09118,1.09129,1.37,1.29
2014.08.07 02:11:31.253,1.09117,1.0913,2.97,1.37
2014.08.07 02:11:43.405,1.09117,1.09128,2.22,1.19
2014.08.07 02:11:44.105,1.09117,1.09128,2.22,1.19
2014.08.07 02:11:44.206,1.09117,1.0913,2.22,1.29
2014.08.07 02:11:53.145,1.09117,1.09128,1.47,1.19
2014.08.07 02:12:08.234,1.0912,1.0913,1.29,1.10
2014.08.07 02:12:08.436,1.09123,1.09131,1.19,1.00
2014.08.07 02:12:08.537,1.09123,1.09134,1.39,2.44
2014.08.07 02:12:08.739,1.09124,1.09135,1.19,1.84
2014.08.07 02:12:09.301,1.09124,1.09135,1.34,1.25
2014.08.07 02:12:20.182,1.09123,1.09136,1.34,1.77
2014.08.07 02:12:22.069,1.09124,1.09136,1.34,1.29
2014.08.07 02:12:23.413,1.09126,1.09137,1.29,1.37
2014.08.07 02:12:23.665,1.09127,1.09139,1.29,2.52
2014.08.07 02:12:24.170,1.09128,1.0914,1.34,1.69
2014.08.07 02:12:24.687,1.09129,1.0914,1.39,1.25
2014.08.07 02:12:25.904,1.09129,1.0914,1.39,1.69
2014.08.07 02:12:30.528,1.09129,1.09141,1.39,1.84
2014.08.07 02:12:35.526,1.09129,1.0914,1.39,1.69
2014.08.07 02:12:39.013,1.0913,1.0914,1.19,1.19
2014.08.07 02:12:43.839,1.09128,1.0914,1.84,1.19
2014.08.07 02:12:46.552,1.09128,1.0914,1.84,1.25
2014.08.07 02:12:48.665,1.09128,1.0914,1.34,1.19
2014.08.07 02:12:53.961,1.09129,1.0914,1.39,3.94
2014.08.07 02:12:55.191,1.09127,1.0914,2.59,2.44
2014.08.07 02:12:55.845,1.0913,1.0914,1.19,1.50
2014.08.07 02:12:56.410,1.0913,1.09138,1.19,1.00
2014.08.07 02:12:58.860,1.09128,1.09138,1.84,1.00
2014.08.07 02:13:04.172,1.09128,1.09138,1.84,1.69
2014.08.07 02:13:05.111,1.09128,1.09138,1.84,1.69
2014.08.07 02:13:05.519,1.09128,1.09138,1.84,1.69
2014.08.07 02:13:06.720,1.09128,1.09138,2.59,1.25
2014.08.07 02:13:13.549,1.09128,1.09138,1.84,1.25
2014.08.07 02:13:33.155,1.09128,1.09138,3.34,1.69
2014.08.07 02:13:55.077,1.09128,1.09138,2.59,1.69
2014.08.07 02:14:02.062,1.09128,1.09138,2.59,1.69
2014.08.07 02:14:11.708,1.09128,1.09138,2.59,1.69
2014.08.07 02:14:15.839,1.09127,1.09138,2.40,1.50
2014.08.07 02:14:16.143,1.09126,1.09134,2.59,1.00
2014.08.07 02:14:16.446,1.09125,1.09131,1.15,1.00
2014.08.07 02:14:16.496,1.09123,1.09131,1.34,1.00
2014.08.07 02:14:16.648,1.09119,1.09128,2.59,1.19
2014.08.07 02:14:17.190,1.09118,1.09128,1.39,1.19
2014.08.07 02:14:18.622,1.09117,1.09129,1.37,1.29
2014.08.07 02:14:19.634,1.09119,1.09131,1.29,1.09
2014.08.07 02:14:19.937,1.09125,1.09134,1.37,1.50
2014.08.07 02:14:20.442,1.09127,1.09136,2.07,1.29
2014.08.07 02:14:21.068,1.09127,1.09138,2.07,2.22
2014.08.07 02:14:25.967,1.09126,1.09138,3.72,1.77
2014.08.07 02:14:26.383,1.09129,1.09138,2.44,1.02
2014.08.07 02:14:27.349,1.0913,1.09139,1.19,1.09
2014.08.07 02:14:30.596,1.09129,1.09139,2.44,1.37
2014.08.07 02:14:31.553,1.09127,1.09138,4.09,1.77
2014.08.07 02:14:31.857,1.09125,1.09136,1.19,1.47
2014.08.07 02:14:35.329,1.09125,1.09136,3.94,1.37
2014.08.07 02:14:36.359,1.09126,1.09137,1.94,1.84
2014.08.07 02:14:38.394,1.09127,1.09137,1.25,1.84
2014.08.07 02:14:41.068,1.09127,1.09137,1.69,1.39
2014.08.07 02:14:47.407,1.09128,1.09137,1.32,1.09
2014.08.07 02:14:49.606,1.09126,1.09137,2.00,1.09
2014.08.07 02:14:49.758,1.09126,1.09137,1.32,1.09
2014.08.07 02:14:49.930,1.09126,1.09134,1.13,1.69
2014.08.07 02:14:50.478,1.09123,1.09134,2.97,1.77
2014.08.07 02:14:56.153,1.09123,1.09133,1.47,1.19
2014.08.07 02:15:10.235,1.09123,1.09133,2.22,1.00
2014.08.07 02:15:15.190,1.09123,1.09133,1.47,1.25
2014.08.07 02:15:27.200,1.09123,1.09133,1.84,1.69
2014.08.07 02:15:27.732,1.09124,1.09132,1.29,1.00
2014.08.07 02:15:30.039,1.09124,1.09133,1.29,1.50
2014.08.07 02:15:31.365,1.09126,1.09135,2.44,1.02
2014.08.07 02:15:34.996,1.09127,1.09137,1.10,1.29
2014.08.07 02:15:38.686,1.09127,1.09137,1.29,1.77
2014.08.07 02:15:39.691,1.09127,1.09137,1.02,1.02
2014.08.07 02:15:40.883,1.09127,1.09137,1.02,1.77
2014.08.07 02:15:42.588,1.09127,1.09137,1.29,1.77
2014.08.07 02:15:47.370,1.09126,1.09133,1.37,1.00
2014.08.07 02:15:47.420,1.09125,1.09132,1.00,1.00
2014.08.07 02:15:47.521,1.09123,1.09132,1.00,4.02
2014.08.07 02:15:47.673,1.09121,1.09131,1.10,1.39
2014.08.07 02:15:48.228,1.09121,1.09133,1.77,2.97
2014.08.07 02:15:55.141,1.09121,1.09132,1.77,1.27
2014.08.07 02:15:56.121,1.09121,1.09132,1.77,1.27
2014.08.07 02:15:58.563,1.09121,1.09132,1.77,1.27
2014.08.07 02:16:00.562,1.09121,1.09133,1.77,2.22
2014.08.07 02:16:04.951,1.09122,1.09131,2.59,1.19
2014.08.07 02:16:05.203,1.09121,1.09131,1.19,1.39
2014.08.07 02:16:05.708,1.09121,1.09131,1.00,1.09
2014.08.07 02:16:07.459,1.0912,1.09131,1.02,1.09
2014.08.07 02:16:08.786,1.09121,1.09132,1.00,1.40
2014.08.07 02:16:09.809,1.09121,1.09132,1.33,1.08
2014.08.07 02:16:09.860,1.09124,1.09134,1.39,1.69
2014.08.07 02:16:13.195,1.09125,1.09136,1.19,2.59
2014.08.07 02:16:17.294,1.09126,1.09136,1.19,1.84
2014.08.07 02:16:18.813,1.09126,1.09136,1.19,2.59
2014.08.07 02:16:18.914,1.09124,1.09132,1.25,1.00
2014.08.07 02:16:19.418,1.09122,1.09131,1.84,1.00
2014.08.07 02:16:23.939,1.09123,1.09132,1.29,1.25
2014.08.07 02:16:24.466,1.09122,1.09132,1.84,1.19
2014.08.07 02:16:26.617,1.09123,1.09133,1.29,1.77
2014.08.07 02:16:27.644,1.09123,1.09133,1.77,1.77
2014.08.07 02:16:29.126,1.09123,1.09133,1.29,1.58
2014.08.07 02:16:31.898,1.09123,1.09132,1.37,1.00
2014.08.07 02:16:32.923,1.09124,1.09132,1.29,1.00
2014.08.07 02:16:36.650,1.09123,1.09132,1.09,1.00
2014.08.07 02:16:41.239,1.09124,1.09132,1.29,1.00
2014.08.07 02:16:42.878,1.09124,1.09133,1.29,1.25
2014.08.07 02:16:43.848,1.09123,1.09133,1.37,1.19
2014.08.07 02:16:47.565,1.09123,1.09133,1.84,1.00
2014.08.07 02:16:48.655,1.09123,1.09133,1.29,1.02
2014.08.07 02:16:49.653,1.09123,1.09133,1.29,1.10
2014.08.07 02:16:54.183,1.09124,1.09133,1.19,1.10
2014.08.07 02:16:56.073,1.09125,1.09134,1.25,1.62
2014.08.07 02:16:56.375,1.09127,1.09136,1.39,1.25
2014.08.07 02:16:56.692,1.09127,1.09138,1.34,1.32
2014.08.07 02:16:59.174,1.09128,1.09139,1.47,1.69
2014.08.07 02:17:00.818,1.09128,1.09139,1.39,1.77
2014.08.07 02:17:01.554,1.09128,1.09139,1.47,1.69
2014.08.07 02:17:03.396,1.09128,1.09139,1.39,1.77
2014.08.07 02:17:03.936,1.09128,1.09139,1.39,1.77
2014.08.07 02:17:07.997,1.09128,1.09139,1.39,1.77
2014.08.07 02:17:12.323,1.09127,1.09138,1.58,1.10
2014.08.07 02:17:12.778,1.09125,1.09135,2.52,1.00
2014.08.07 02:17:13.855,1.09125,1.09135,1.29,1.00
2014.08.07 02:17:14.877,1.09125,1.09136,1.29,1.25
2014.08.07 02:17:15.180,1.09125,1.09135,1.84,1.25
2014.08.07 02:17:18.173,1.09125,1.09135,1.84,1.00
2014.08.07 02:17:21.859,1.09126,1.09135,1.19,1.25
2014.08.07 02:17:23.140,1.09126,1.09135,1.25,1.00
2014.08.07 02:17:24.130,1.09126,1.09135,1.69,1.25
2014.08.07 02:17:40.714,1.09125,1.09135,1.69,1.00
2014.08.07 02:17:44.247,1.09127,1.09135,1.00,1.00
2014.08.07 02:17:47.201,1.09125,1.09135,1.69,1.00
2014.08.07 02:17:52.266,1.09125,1.09136,1.69,1.09
2014.08.07 02:17:54.688,1.09127,1.09136,1.00,1.09
2014.08.07 02:17:55.197,1.09127,1.09136,1.19,1.09
2014.08.07 02:17:55.709,1.09127,1.09136,1.00,1.09
2014.08.07 02:17:57.636,1.09126,1.09137,1.25,1.84
2014.08.07 02:17:59.834,1.09126,1.09137,1.69,2.59
2014.08.07 02:18:00.834,1.09127,1.09138,1.39,1.77
2014.08.07 02:18:10.469,1.09127,1.09137,1.02,1.77
2014.08.07 02:18:20.124,1.09126,1.09137,3.27,1.09
2014.08.07 02:18:24.973,1.09126,1.09136,2.52,1.77
2014.08.07 02:18:25.676,1.09125,1.09136,1.84,1.77
2014.08.07 02:18:26.735,1.09125,1.09136,1.84,1.69
2014.08.07 02:18:27.363,1.09125,1.09136,1.84,1.25
2014.08.07 02:18:36.677,1.09125,1.09136,3.34,1.02
2014.08.07 02:18:39.442,1.09126,1.09137,1.02,1.84
2014.08.07 02:18:44.819,1.09126,1.09137,1.77,1.84
2014.08.07 02:18:45.800,1.09126,1.09136,1.02,1.02
2014.08.07 02:18:46.334,1.09126,1.09135,1.02,1.00
2014.08.07 02:18:48.161,1.09126,1.09136,1.02,1.02
2014.08.07 02:18:51.971,1.09125,1.09136,3.34,1.77
2014.08.07 02:18:55.166,1.09126,1.09136,1.02,1.02
2014.08.07 02:18:58.988,1.09126,1.09136,1.09,1.25
2014.08.07 02:19:07.212,1.09127,1.09137,1.02,1.29
2014.08.07 02:19:40.040,1.09126,1.09136,1.00,1.09
2014.08.07 02:19:45.035,1.09125,1.09136,1.77,1.37
2014.08.07 02:19:51.566,1.09125,1.09136,2.52,1.84
2014.08.07 02:19:53.870,1.09125,1.09136,1.77,1.84
2014.08.07 02:20:00.229,1.09126,1.09136,1.19,1.37
2014.08.07 02:20:06.422,1.09125,1.09136,1.29,1.09
2014.08.07 02:20:08.930,1.09124,1.09137,2.22,1.84
2014.08.07 02:20:10.646,1.09124,1.09137,2.22,2.59
2014.08.07 02:20:15.847,1.09126,1.09137,1.19,2.59
2014.08.07 02:20:18.261,1.09126,1.09137,1.19,1.84
2014.08.07 02:20:19.439,1.09126,1.09136,1.19,1.37
2014.08.07 02:20:21.683,1.09126,1.09136,1.19,1.09
2014.08.07 02:20:23.940,1.09125,1.09136,1.77,1.09
2014.08.07 02:20:27.176,1.09125,1.09136,1.77,1.18
2014.08.07 02:20:38.411,1.09125,1.09136,1.02,1.18
2014.08.07 02:20:39.028,1.09125,1.09136,1.09,1.10
2014.08.07 02:20:50.098,1.09126,1.09136,1.29,1.29
2014.08.07 02:20:51.729,1.09126,1.09136,1.29,1.02
2014.08.07 02:20:54.418,1.09125,1.09136,1.09,1.29
2014.08.07 02:20:56.704,1.09125,1.09136,1.37,1.02
2014.08.07 02:20:57.754,1.09126,1.09136,1.29,1.29
2014.08.07 02:21:01.816,1.09125,1.09136,1.37,1.77
2014.08.07 02:21:02.818,1.09125,1.09136,1.37,1.29
2014.08.07 02:21:13.772,1.09125,1.09137,1.47,1.09
2014.08.07 02:21:14.768,1.09126,1.09136,1.29,1.29
2014.08.07 02:21:16.689,1.09125,1.09136,2.22,1.10
2014.08.07 02:21:17.192,1.09125,1.09136,1.47,1.02
2014.08.07 02:21:28.019,1.09125,1.09136,2.22,1.25
2014.08.07 02:21:34.283,1.09125,1.09136,2.89,1.25
2014.08.07 02:21:40.826,1.09126,1.09136,1.19,1.25
2014.08.07 02:21:54.081,1.09126,1.09136,1.19,1.33
2014.08.07 02:21:54.924,1.09126,1.09136,1.19,1.37
2014.08.07 02:22:01.040,1.09125,1.09136,1.77,1.09
2014.08.07 02:22:02.050,1.09125,1.09136,2.14,1.18
2014.08.07 02:22:02.961,1.09125,1.09136,2.59,1.00
2014.08.07 02:22:03.113,1.09125,1.09138,1.84,1.69
2014.08.07 02:22:03.437,1.09126,1.09137,1.34,1.19
2014.08.07 02:22:05.798,1.09126,1.09137,1.27,1.29
2014.08.07 02:22:06.467,1.09126,1.09137,1.34,1.19
2014.08.07 02:22:07.213,1.09125,1.09138,2.59,1.69
2014.08.07 02:22:09.747,1.09125,1.09138,2.59,1.77
2014.08.07 02:22:12.784,1.09126,1.09137,1.77,1.19
2014.08.07 02:22:13.865,1.09127,1.09138,1.37,1.69
2014.08.07 02:22:18.502,1.09126,1.09138,1.84,1.25
2014.08.07 02:22:19.377,1.09126,1.09138,4.02,1.25
2014.08.07 02:22:19.579,1.09126,1.09138,1.34,1.25
2014.08.07 02:22:20.800,1.09127,1.09138,1.37,1.69
2014.08.07 02:22:27.807,1.09127,1.09138,1.47,1.69
2014.08.07 02:22:37.669,1.09127,1.09138,1.84,1.00
2014.08.07 02:22:39.667,1.0913,1.09138,1.25,1.25
2014.08.07 02:22:41.411,1.0913,1.09139,1.09,1.19
2014.08.07 02:22:44.785,1.0913,1.0914,2.59,1.19
2014.08.07 02:22:45.888,1.09129,1.0914,1.34,1.25
2014.08.07 02:22:52.287,1.0913,1.0914,2.59,1.19
2014.08.07 02:22:57.310,1.09128,1.0914,1.47,1.00
2014.08.07 02:22:58.827,1.0913,1.0914,1.09,1.19
2014.08.07 02:23:01.516,1.0913,1.0914,1.37,1.19
2014.08.07 02:23:04.027,1.09129,1.09141,2.59,1.84
2014.08.07 02:23:10.754,1.09131,1.09141,2.52,1.77
2014.08.07 02:23:11.347,1.09131,1.09141,2.59,1.69
2014.08.07 02:23:11.928,1.09131,1.09141,2.52,1.77
2014.08.07 02:23:16.791,1.0913,1.09141,2.59,1.25
2014.08.07 02:23:22.885,1.0913,1.09142,1.09,2.22
2014.08.07 02:23:24.982,1.0913,1.09142,1.09,2.22
2014.08.07 02:23:32.587,1.09131,1.09141,2.44,1.19
2014.08.07 02:23:42.584,1.09131,1.09141,2.52,1.19
2014.08.07 02:23:44.004,1.09131,1.09141,3.27,1.19
2014.08.07 02:23:44.761,1.0913,1.09141,3.27,1.19
2014.08.07 02:23:56.154,1.09131,1.09141,2.59,1.32
2014.08.07 02:24:03.251,1.09131,1.09139,2.52,1.00
2014.08.07 02:24:13.510,1.09131,1.09139,2.52,1.25
2014.08.07 02:24:16.490,1.09131,1.09139,2.52,1.00
2014.08.07 02:24:26.332,1.09131,1.09139,1.25,1.25
2014.08.07 02:24:34.523,1.09132,1.09139,1.25,1.00
2014.08.07 02:24:40.486,1.0913,1.09139,1.02,1.00
2014.08.07 02:24:53.480,1.09132,1.09139,2.44,1.00
2014.08.07 02:24:54.507,1.0913,1.09139,2.52,1.00
2014.08.07 02:24:56.407,1.09133,1.09139,1.00,1.00
2014.08.07 02:24:57.528,1.09131,1.09139,2.44,1.00
2014.08.07 02:24:59.983,1.09132,1.09139,1.40,1.00
2014.08.07 02:25:00.345,1.09132,1.09139,1.40,1.00
2014.08.07 02:25:08.633,1.09131,1.09139,1.33,1.00
2014.08.07 02:25:09.447,1.09131,1.0914,1.77,1.00
2014.08.07 02:25:09.960,1.09132,1.0914,2.52,1.00
2014.08.07 02:25:10.476,1.09132,1.09143,2.52,1.77
2014.08.07 02:25:10.730,1.09134,1.09143,1.33,1.19
2014.08.07 02:25:10.882,1.09135,1.09144,2.59,1.00
2014.08.07 02:25:10.983,1.09135,1.09147,2.59,1.47
2014.08.07 02:25:11.034,1.09138,1.09147,2.44,1.39
2014.08.07 02:25:12.330,1.09139,1.09148,1.02,1.00
2014.08.07 02:25:13.355,1.0914,1.09148,1.25,1.00
2014.08.07 02:25:13.956,1.0914,1.09148,1.33,1.00
2014.08.07 02:25:14.843,1.09141,1.09149,1.02,1.25
2014.08.07 02:25:16.638,1.0914,1.09149,2.59,1.00
2014.08.07 02:25:17.145,1.09138,1.09149,4.39,1.69
2014.08.07 02:25:20.541,1.09139,1.09149,6.94,1.19
2014.08.07 02:25:21.054,1.09139,1.09149,1.34,1.25
2014.08.07 02:25:21.155,1.09139,1.0915,1.34,1.69
2014.08.07 02:25:21.823,1.0914,1.0915,1.00,1.34
2014.08.07 02:25:22.361,1.0914,1.0915,1.00,1.19
2014.08.07 02:25:25.212,1.0914,1.09149,1.02,1.19
2014.08.07 02:25:30.988,1.0914,1.09151,1.77,1.84
2014.08.07 02:25:31.314,1.0914,1.09151,1.10,1.84
2014.08.07 02:25:37.632,1.0914,1.09149,1.02,1.19
2014.08.07 02:25:38.404,1.0914,1.09149,1.09,1.19
2014.08.07 02:25:40.972,1.0914,1.0915,1.25,1.19
2014.08.07 02:25:44.021,1.0914,1.0915,1.40,1.19
2014.08.07 02:25:44.489,1.0914,1.0915,1.40,1.19
2014.08.07 02:25:50.515,1.0914,1.0915,1.02,1.29
2014.08.07 02:25:52.540,1.0914,1.09151,1.10,1.84
2014.08.07 02:25:57.914,1.0914,1.09151,1.08,1.77
2014.08.07 02:25:59.454,1.0914,1.0915,1.29,1.29
2014.08.07 02:25:59.971,1.0914,1.0915,1.10,1.29
2014.08.07 02:26:05.829,1.09138,1.09149,2.59,1.19
2014.08.07 02:26:06.137,1.09138,1.09149,2.59,1.19
2014.08.07 02:26:06.288,1.09138,1.09149,2.59,1.19
2014.08.07 02:26:06.793,1.09138,1.09149,3.34,1.19
2014.08.07 02:26:08.394,1.09139,1.0915,1.37,1.29
2014.08.07 02:26:12.301,1.09138,1.09151,2.59,2.59
2014.08.07 02:26:14.429,1.09138,1.09149,2.59,1.19
2014.08.07 02:26:18.915,1.09138,1.09149,2.22,1.19
2014.08.07 02:26:29.118,1.09138,1.09149,2.22,1.19
2014.08.07 02:26:34.384,1.09138,1.09151,1.84,2.52
2014.08.07 02:26:35.473,1.09139,1.0915,1.47,1.19
2014.08.07 02:26:36.736,1.09139,1.0915,1.84,1.19
2014.08.07 02:26:40.206,1.09138,1.09151,4.02,2.44
2014.08.07 02:26:41.651,1.09139,1.0915,1.34,1.19
2014.08.07 02:26:44.004,1.09139,1.0915,1.84,1.19
2014.08.07 02:26:44.526,1.09139,1.0915,1.84,1.19
2014.08.07 02:26:45.151,1.09139,1.0915,1.84,1.19
2014.08.07 02:26:51.263,1.09139,1.0915,1.39,1.77
2014.08.07 02:26:52.763,1.09138,1.0915,1.77,1.77
2014.08.07 02:26:54.098,1.09138,1.0915,2.52,1.69
2014.08.07 02:27:08.291,1.09138,1.0915,2.59,1.19
2014.08.07 02:27:12.222,1.09139,1.0915,1.84,1.19
2014.08.07 02:27:25.723,1.09139,1.0915,1.84,1.19
2014.08.07 02:27:25.824,1.09139,1.0915,1.84,1.19
2014.08.07 02:27:31.218,1.09139,1.0915,1.84,1.19
2014.08.07 02:27:31.738,1.09141,1.0915,1.00,1.19
2014.08.07 02:27:32.304,1.09141,1.0915,1.25,1.19
2014.08.07 02:27:33.459,1.09141,1.0915,1.00,1.19
2014.08.07 02:27:39.562,1.09139,1.0915,1.47,1.19
2014.08.07 02:27:42.061,1.09138,1.09151,2.97,2.07
2014.08.07 02:27:45.183,1.09139,1.0915,1.47,1.19
2014.08.07 02:27:46.319,1.09139,1.09151,1.09,1.69
2014.08.07 02:27:47.317,1.09139,1.0915,1.84,1.19
2014.08.07 02:27:55.834,1.09138,1.0915,2.22,1.39
2014.08.07 02:27:59.453,1.09139,1.09151,1.09,1.77
2014.08.07 02:28:03.560,1.09139,1.09151,1.02,1.84
2014.08.07 02:28:04.082,1.09139,1.09151,1.09,1.77
2014.08.07 02:28:16.874,1.09139,1.09151,2.59,1.29
2014.08.07 02:28:17.899,1.0914,1.09151,1.39,1.29
2014.08.07 02:28:27.696,1.0914,1.09152,1.33,2.52
2014.08.07 02:28:30.979,1.0914,1.09152,1.25,1.77
2014.08.07 02:28:33.087,1.0914,1.0915,1.19,1.37
2014.08.07 02:28:47.657,1.09139,1.09151,1.84,1.29
2014.08.07 02:28:48.627,1.09139,1.0915,4.09,1.19
2014.08.07 02:28:52.136,1.09139,1.09151,3.34,1.29
2014.08.07 02:29:03.010,1.0914,1.09151,1.37,1.77
2014.08.07 02:29:04.069,1.09139,1.09151,2.59,1.77
2014.08.07 02:29:12.604,1.09139,1.09152,4.02,2.22
2014.08.07 02:29:14.390,1.09143,1.09151,1.00,1.19
2014.08.07 02:29:14.894,1.0914,1.09151,1.78,1.19
2014.08.07 02:29:14.945,1.0914,1.09151,1.09,1.19
2014.08.07 02:29:15.046,1.0914,1.09151,1.47,1.19
2014.08.07 02:29:15.551,1.0914,1.09151,1.84,1.25
2014.08.07 02:29:15.753,1.0914,1.09151,1.84,1.25
2014.08.07 02:29:15.916,1.09142,1.09151,1.08,1.25
2014.08.07 02:29:16.218,1.09143,1.0915,1.00,1.19
2014.08.07 02:29:16.591,1.0914,1.0915,1.47,1.19
2014.08.07 02:29:17.357,1.0914,1.0915,2.14,1.19
2014.08.07 02:29:17.408,1.09144,1.0915,1.00,1.19
2014.08.07 02:29:17.560,1.0914,1.0915,1.32,1.19
2014.08.07 02:29:17.813,1.09143,1.0915,1.00,1.19
2014.08.07 02:29:18.318,1.0914,1.09151,1.84,1.25
2014.08.07 02:29:18.470,1.09141,1.0915,1.25,1.00
2014.08.07 02:29:18.521,1.09144,1.0915,1.00,1.00
2014.08.07 02:29:18.925,1.09142,1.0915,1.00,1.69
2014.08.07 02:29:19.429,1.0914,1.0915,1.18,1.69
2014.08.07 02:29:19.982,1.0914,1.0915,1.84,1.69
2014.08.07 02:29:24.521,1.0914,1.0915,1.84,1.19
2014.08.07 02:29:34.958,1.0914,1.0915,1.09,1.25
2014.08.07 02:29:39.363,1.09139,1.09149,1.34,1.00
2014.08.07 02:29:41.582,1.09141,1.09149,1.29,1.00
2014.08.07 02:29:46.587,1.0914,1.09149,1.37,1.25
2014.08.07 02:29:52.911,1.09138,1.09149,2.14,1.29
2014.08.07 02:29:56.552,1.09139,1.0915,1.27,1.19
2014.08.07 02:29:57.723,1.09139,1.0915,1.34,1.19
2014.08.07 02:29:58.854,1.09139,1.0915,1.29,1.27
2014.08.07 02:30:00.060,1.09139,1.0915,1.84,1.19
2014.08.07 02:30:00.947,1.09139,1.0915,1.84,1.19
2014.08.07 02:30:05.465,1.09138,1.0915,2.52,1.27
2014.08.07 02:30:05.770,1.09138,1.0915,2.52,1.19
2014.08.07 02:30:14.363,1.09139,1.0915,1.47,2.44
2014.08.07 02:30:19.330,1.09139,1.0915,2.07,2.59
2014.08.07 02:30:25.331,1.09139,1.0915,1.08,2.52
2014.08.07 02:30:26.320,1.09139,1.0915,1.40,1.69
2014.08.07 02:30:30.102,1.09139,1.0915,1.47,1.69
2014.08.07 02:30:30.483,1.09139,1.0915,1.47,1.69
2014.08.07 02:30:31.427,1.09139,1.0915,2.22,2.44
2014.08.07 02:30:33.600,1.09139,1.0915,1.77,2.59
2014.08.07 02:30:36.950,1.09139,1.0915,1.77,2.59
2014.08.07 02:30:39.146,1.09139,1.0915,1.02,1.84
2014.08.07 02:30:42.037,1.09139,1.0915,1.25,2.59
2014.08.07 02:30:42.801,1.09139,1.09149,1.33,1.33
2014.08.07 02:30:42.852,1.09139,1.09149,1.40,1.25
2014.08.07 02:30:46.940,1.09139,1.09149,1.32,1.25
2014.08.07 02:30:49.153,1.09138,1.09149,2.52,1.19
2014.08.07 02:31:02.312,1.09139,1.0915,1.32,1.77
2014.08.07 02:31:04.684,1.0914,1.0915,1.39,1.00
2014.08.07 02:31:04.835,1.09138,1.09151,3.72,1.69
2014.08.07 02:31:05.339,1.09139,1.0915,1.39,1.33
2014.08.07 02:31:06.112,1.09139,1.09149,1.39,1.29
2014.08.07 02:31:09.159,1.09139,1.09148,1.10,1.19
2014.08.07 02:31:11.114,1.09137,1.09148,3.27,1.19
2014.08.07 02:31:12.125,1.09137,1.09148,4.02,1.25
2014.08.07 02:31:12.434,1.09138,1.09148,1.09,1.25
2014.08.07 02:31:13.169,1.09138,1.09148,1.09,1.69
2014.08.07 02:31:17.538,1.09138,1.09147,1.84,1.25
2014.08.07 02:31:20.148,1.09137,1.09147,1.37,1.00
2014.08.07 02:31:25.861,1.09138,1.09147,1.29,1.25
2014.08.07 02:31:29.918,1.09138,1.09147,1.34,1.25
2014.08.07 02:31:34.692,1.09138,1.09147,1.84,1.25
2014.08.07 02:31:52.340,1.09138,1.09147,1.84,1.00
2014.08.07 02:31:54.172,1.09138,1.09147,1.69,1.25
2014.08.07 02:31:56.976,1.09138,1.09149,2.44,2.59
2014.08.07 02:32:06.307,1.09138,1.09149,2.44,1.09
2014.08.07 02:32:23.304,1.09138,1.09148,1.37,1.19
2014.08.07 02:32:24.323,1.09138,1.09149,1.84,1.25
2014.08.07 02:32:27.503,1.09138,1.09149,1.84,1.69
2014.08.07 02:32:35.025,1.09137,1.09148,4.84,1.19
2014.08.07 02:32:35.330,1.09138,1.09148,1.09,1.19
2014.08.07 02:32:36.034,1.09138,1.09148,1.09,1.19
2014.08.07 02:32:39.044,1.09138,1.0915,1.34,2.44
2014.08.07 02:32:50.500,1.09139,1.09149,1.34,1.19
2014.08.07 02:33:15.525,1.09137,1.09148,4.58,1.19
2014.08.07 02:33:15.628,1.09137,1.09149,4.58,1.19
2014.08.07 02:33:16.665,1.09137,1.09149,4.95,1.69
2014.08.07 02:33:17.628,1.09137,1.09149,5.89,1.69
2014.08.07 02:33:21.765,1.09137,1.09149,3.34,1.69
2014.08.07 02:33:22.415,1.09137,1.09149,3.34,1.69
2014.08.07 02:33:22.941,1.09138,1.09149,1.47,1.25
2014.08.07 02:33:23.637,1.09139,1.09149,1.34,1.19
2014.08.07 02:33:35.953,1.09138,1.09148,1.84,1.25
2014.08.07 02:33:52.374,1.09138,1.09147,1.09,1.00
2014.08.07 02:33:57.330,1.09138,1.09148,1.09,1.50
2014.08.07 02:34:11.164,1.09138,1.09148,1.84,1.69
2014.08.07 02:34:12.283,1.09138,1.09148,1.09,1.50
2014.08.07 02:34:15.877,1.09138,1.09147,1.09,1.00
2014.08.07 02:34:53.987,1.09138,1.09147,1.32,1.50
2014.08.07 02:34:55.580,1.09138,1.09146,1.32,1.00
2014.08.07 02:34:58.141,1.09137,1.09146,3.34,1.00
2014.08.07 02:35:03.998,1.09138,1.09147,1.34,1.00
2014.08.07 02:35:40.348,1.09138,1.09145,1.84,1.00
2014.08.07 02:35:41.456,1.09138,1.09146,1.84,1.00
2014.08.07 02:35:42.007,1.09138,1.09145,1.84,1.00
2014.08.07 02:35:42.541,1.09139,1.09146,1.39,1.00
2014.08.07 02:35:43.878,1.09139,1.09145,1.39,1.00
2014.08.07 02:35:44.412,1.09138,1.09146,1.09,1.00
2014.08.07 02:35:44.853,1.09138,1.09148,1.09,1.69
2014.08.07 02:35:46.613,1.09138,1.09146,1.09,1.00
2014.08.07 02:35:48.404,1.09138,1.09147,1.09,1.00
2014.08.07 02:36:06.863,1.09138,1.09146,1.09,1.00
2014.08.07 02:36:16.550,1.09138,1.09146,1.09,1.00
2014.08.07 02:36:17.085,1.09139,1.09146,1.32,1.00
2014.08.07 02:36:19.134,1.09138,1.09146,1.02,1.00
2014.08.07 02:36:20.141,1.09139,1.09146,1.32,1.00
2014.08.07 02:36:36.674,1.09138,1.09148,1.09,1.00
2014.08.07 02:36:41.116,1.09138,1.09148,1.02,1.00
2014.08.07 02:36:47.198,1.09139,1.09148,1.39,1.25
2014.08.07 02:36:54.856,1.09139,1.09146,1.29,1.00
2014.08.07 02:37:01.673,1.09139,1.09145,1.39,1.00
2014.08.07 02:37:02.330,1.09139,1.09147,1.39,1.00
2014.08.07 02:37:11.197,1.09137,1.09147,3.72,1.00
2014.08.07 02:37:13.092,1.09138,1.09147,1.39,1.00
2014.08.07 02:37:15.100,1.09137,1.09147,2.59,1.00
2014.08.07 02:37:16.368,1.09137,1.09146,2.59,1.00
2014.08.07 02:37:34.437,1.09138,1.09146,1.39,1.00
2014.08.07 02:37:52.145,1.09137,1.09146,1.69,1.00
2014.08.07 02:37:55.059,1.09138,1.09147,2.07,1.25
2014.08.07 02:37:56.592,1.09138,1.09147,2.59,1.25
2014.08.07 02:38:02.963,1.0914,1.09147,1.00,1.00
2014.08.07 02:38:05.337,1.0914,1.09147,1.00,1.18
2014.08.07 02:38:05.622,1.0914,1.09147,1.00,1.10
2014.08.07 02:38:06.158,1.09141,1.09147,1.00,1.10
2014.08.07 02:38:09.948,1.09138,1.09148,1.39,1.19
2014.08.07 02:38:10.820,1.09137,1.09147,2.59,1.19
2014.08.07 02:38:12.931,1.09137,1.09147,2.59,1.69
2014.08.07 02:38:18.103,1.09137,1.09147,2.59,1.69
2014.08.07 02:38:36.393,1.09138,1.09149,2.59,2.44
2014.08.07 02:38:37.895,1.09138,1.09149,2.59,1.25
2014.08.07 02:38:41.391,1.09139,1.09149,1.34,1.25
2014.08.07 02:38:54.725,1.09138,1.09149,2.59,1.00
2014.08.07 02:39:26.262,1.09138,1.09149,3.19,1.25
2014.08.07 02:39:32.590,1.09139,1.09149,1.69,1.19
2014.08.07 02:39:34.078,1.09139,1.09149,1.69,1.25
2014.08.07 02:39:39.599,1.09138,1.09149,2.44,1.69
2014.08.07 02:39:40.580,1.09139,1.09149,1.19,1.69
2014.08.07 02:39:44.078,1.09139,1.09149,1.25,1.69
2014.08.07 02:39:53.415,1.09139,1.09149,1.19,1.50
2014.08.07 02:39:59.118,1.09139,1.09149,1.69,1.69
2014.08.07 02:40:03.820,1.09139,1.09149,1.69,1.69
2014.08.07 02:40:10.849,1.09138,1.09148,1.69,1.19
2014.08.07 02:40:11.874,1.09138,1.09149,2.44,2.44
2014.08.07 02:40:28.103,1.09138,1.09148,1.47,1.19
2014.08.07 02:40:38.136,1.09138,1.09149,1.84,1.69
2014.08.07 02:40:41.028,1.09138,1.09149,1.84,1.69
2014.08.07 02:40:42.215,1.09138,1.09149,1.84,1.69
2014.08.07 02:40:43.689,1.09138,1.09146,1.84,1.00
2014.08.07 02:40:44.948,1.09138,1.09144,1.39,1.00
2014.08.07 02:40:47.874,1.09138,1.09143,1.32,1.00
2014.08.07 02:40:57.343,1.09137,1.09143,1.84,1.00
2014.08.07 02:41:09.404,1.09137,1.09143,1.84,1.00
2014.08.07 02:41:19.690,1.09138,1.09149,1.47,1.69
2014.08.07 02:41:20.720,1.09138,1.09143,1.09,1.00
2014.08.07 02:41:24.874,1.09137,1.09144,1.09,1.00
2014.08.07 02:41:39.051,1.09138,1.09148,1.47,1.19
2014.08.07 02:41:42.125,1.09138,1.09144,1.47,1.00
2014.08.07 02:41:42.639,1.09138,1.09144,1.47,1.00
2014.08.07 02:41:43.153,1.09138,1.09144,1.47,1.00
2014.08.07 02:41:51.887,1.09137,1.09146,2.59,1.00
2014.08.07 02:41:52.416,1.09138,1.09146,1.39,1.00
2014.08.07 02:41:54.888,1.09138,1.09146,1.84,1.00
2014.08.07 02:42:01.579,1.09138,1.09146,1.84,1.00
2014.08.07 02:42:08.057,1.09137,1.09145,2.59,1.00
2014.08.07 02:42:08.277,1.09137,1.09149,2.59,2.44
2014.08.07 02:42:21.820,1.09138,1.09148,1.34,1.00
2014.08.07 02:42:21.871,1.09138,1.09148,1.15,1.69
2014.08.07 02:42:22.928,1.09138,1.09148,1.15,1.69
2014.08.07 02:42:27.453,1.09137,1.09148,1.34,2.44
2014.08.07 02:42:33.365,1.09137,1.09148,1.47,1.69
2014.08.07 02:42:44.685,1.09136,1.09148,2.59,1.25
2014.08.07 02:42:46.092,1.09138,1.09148,1.34,1.19
2014.08.07 02:42:52.228,1.09138,1.09148,1.34,1.25
2014.08.07 02:42:58.045,1.09138,1.09148,1.34,1.19
2014.08.07 02:43:02.637,1.09137,1.09148,1.47,1.00
2014.08.07 02:43:03.753,1.09138,1.09148,1.47,1.19
2014.08.07 02:43:22.026,1.09138,1.09148,1.19,1.69
2014.08.07 02:43:32.710,1.09137,1.09147,1.69,1.00
2014.08.07 02:43:52.641,1.09138,1.09147,1.19,1.25
2014.08.07 02:43:53.849,1.09137,1.09147,1.69,1.00
2014.08.07 02:43:59.052,1.09137,1.09147,1.84,1.25
2014.08.07 02:44:01.442,1.09137,1.09147,1.09,1.25
2014.08.07 02:44:01.949,1.09137,1.09147,1.40,1.25
2014.08.07 02:44:02.259,1.09137,1.09148,1.40,1.69
2014.08.07 02:44:02.768,1.09138,1.09148,1.40,1.25
2014.08.07 02:44:04.304,1.09138,1.09148,1.40,1.25
2014.08.07 02:44:07.643,1.09138,1.09148,1.34,1.69
2014.08.07 02:44:11.384,1.09138,1.09148,1.84,1.25
2014.08.07 02:44:11.703,1.09138,1.09148,1.84,1.25
2014.08.07 02:44:17.694,1.09138,1.09149,1.09,1.25
2014.08.07 02:44:19.280,1.09138,1.09149,1.84,1.69
2014.08.07 02:44:21.600,1.09138,1.09147,1.84,1.00
2014.08.07 02:44:22.115,1.09138,1.09148,1.84,1.25
2014.08.07 02:44:22.939,1.09138,1.09148,1.84,1.25
2014.08.07 02:44:23.504,1.09138,1.09148,1.84,1.25
2014.08.07 02:44:24.050,1.09138,1.09148,1.09,1.25
2014.08.07 02:44:27.695,1.09138,1.09148,1.84,1.25
2014.08.07 02:44:46.160,1.09137,1.0915,2.22,3.19
2014.08.07 02:44:50.663,1.09138,1.0915,1.09,3.19
2014.08.07 02:44:52.191,1.09138,1.0915,1.84,2.44
2014.08.07 02:44:59.067,1.09138,1.09149,1.84,1.69
2014.08.07 02:45:01.823,1.09138,1.09149,1.09,1.69
2014.08.07 02:45:02.488,1.09138,1.09149,1.09,1.69
2014.08.07 02:45:03.039,1.09138,1.09149,1.09,1.69
2014.08.07 02:45:03.752,1.09138,1.09149,1.84,1.69
2014.08.07 02:45:11.135,1.09139,1.09149,1.27,1.69
2014.08.07 02:45:14.634,1.09137,1.09149,1.84,1.69
2014.08.07 02:45:19.548,1.09138,1.09149,1.37,2.44
2014.08.07 02:45:21.141,1.09138,1.09149,1.47,1.69
2014.08.07 02:45:34.115,1.09139,1.09149,1.27,1.69
2014.08.07 02:45:39.399,1.09138,1.09148,1.84,1.19
2014.08.07 02:45:40.673,1.09138,1.09148,1.37,1.00
2014.08.07 02:45:44.032,1.09137,1.09148,2.22,1.00
2014.08.07 02:45:45.207,1.09139,1.09148,1.29,1.25
2014.08.07 02:45:46.184,1.09138,1.09148,1.47,1.19
2014.08.07 02:45:55.240,1.09139,1.09148,1.39,1.25
2014.08.07 02:45:56.234,1.09138,1.09148,1.84,1.19
2014.08.07 02:46:02.150,1.09138,1.09149,1.47,3.27
2014.08.07 02:46:02.518,1.09138,1.09149,1.34,1.25
2014.08.07 02:46:03.676,1.09138,1.09149,1.39,1.25
2014.08.07 02:46:05.044,1.09138,1.09149,1.84,3.19
2014.08.07 02:46:13.648,1.09137,1.09149,2.22,1.19
2014.08.07 02:46:16.569,1.09136,1.09146,2.08,1.13
2014.08.07 02:46:16.670,1.09136,1.09145,1.00,1.62
2014.08.07 02:46:16.923,1.09135,1.09147,1.77,1.37
2014.08.07 02:46:17.434,1.09138,1.09148,1.00,1.09
2014.08.07 02:46:18.370,1.09138,1.09147,1.25,1.77
2014.08.07 02:46:32.688,1.09137,1.09146,1.84,1.00
2014.08.07 02:46:40.130,1.09138,1.09148,1.47,1.19
2014.08.07 02:46:45.117,1.09138,1.09148,1.84,1.25
2014.08.07 02:46:58.165,1.09137,1.09148,2.97,1.77
2014.08.07 02:47:00.190,1.09137,1.09149,3.72,1.37
2014.08.07 02:47:03.462,1.09137,1.09149,3.72,1.09
2014.08.07 02:47:05.965,1.09139,1.09149,1.19,1.37
2014.08.07 02:47:15.792,1.09138,1.09149,1.47,1.02
2014.08.07 02:47:20.234,1.09138,1.09147,1.47,1.00
2014.08.07 02:47:27.156,1.09139,1.09147,1.19,1.00
2014.08.07 02:47:31.945,1.09137,1.09147,2.97,1.00
2014.08.07 02:47:37.340,1.09139,1.09147,1.19,1.00
2014.08.07 02:47:42.349,1.09138,1.09147,1.39,1.25
2014.08.07 02:48:03.388,1.09138,1.09146,1.27,1.00
2014.08.07 02:48:14.397,1.09138,1.09147,1.39,1.25
2014.08.07 02:48:17.624,1.09138,1.09147,1.39,1.00
2014.08.07 02:48:18.746,1.09137,1.09147,1.84,1.00
2014.08.07 02:48:23.595,1.09137,1.09147,1.02,1.02
2014.08.07 02:48:23.897,1.09134,1.09146,1.84,2.07
2014.08.07 02:48:24.150,1.09131,1.09141,1.13,1.50
2014.08.07 02:48:24.655,1.0913,1.09142,1.84,1.32
2014.08.07 02:48:26.155,1.09132,1.09143,3.34,1.25
2014.08.07 02:48:26.206,1.09132,1.09143,5.44,1.40
2014.08.07 02:48:26.458,1.09133,1.09143,1.84,1.25
2014.08.07 02:48:27.230,1.09133,1.09143,1.02,2.52
2014.08.07 02:48:27.748,1.09132,1.09143,1.29,3.27
2014.08.07 02:48:27.899,1.09132,1.09144,1.77,1.84
2014.08.07 02:48:28.000,1.09134,1.09145,1.33,1.77
2014.08.07 02:48:28.102,1.09134,1.09144,1.09,1.02
2014.08.07 02:48:28.203,1.09133,1.09144,1.37,4.77
2014.08.07 02:48:29.630,1.09132,1.09144,1.34,1.77
2014.08.07 02:48:29.832,1.09134,1.09146,1.84,4.02
2014.08.07 02:48:32.835,1.09136,1.09146,1.08,1.19
2014.08.07 02:48:33.402,1.09136,1.09147,1.09,2.44
2014.08.07 02:48:33.917,1.09136,1.09146,1.37,1.19
2014.08.07 02:48:45.054,1.09136,1.09147,1.09,2.44
2014.08.07 02:48:46.234,1.09137,1.09147,1.29,1.00
2014.08.07 02:48:46.754,1.09137,1.09148,1.77,2.44
2014.08.07 02:48:47.781,1.09137,1.09148,2.52,2.52
2014.08.07 02:48:48.293,1.09137,1.09148,2.44,3.34
2014.08.07 02:48:56.135,1.09138,1.09148,1.69,2.59
2014.08.07 02:48:57.765,1.09138,1.09148,1.69,2.40
2014.08.07 02:49:01.543,1.09138,1.09148,1.69,2.59
2014.08.07 02:49:02.549,1.09137,1.09148,2.00,3.34
2014.08.07 02:49:03.369,1.09137,1.09148,1.25,3.34
2014.08.07 02:49:06.975,1.09137,1.09148,2.07,2.59
2014.08.07 02:49:18.398,1.09138,1.09148,1.19,3.34
2014.08.07 02:49:24.813,1.09138,1.09148,1.00,2.59
2014.08.07 02:49:35.124,1.09138,1.09148,2.44,1.84
2014.08.07 02:49:37.222,1.09138,1.09148,1.69,2.59
2014.08.07 02:49:45.109,1.09139,1.09148,1.32,2.59
2014.08.07 02:49:47.890,1.09139,1.09148,1.32,2.44
2014.08.07 02:49:49.010,1.09139,1.09148,1.19,2.52
2014.08.07 02:49:49.518,1.09138,1.09148,2.44,2.33
2014.08.07 02:49:55.578,1.09137,1.09148,2.33,2.52
2014.08.07 02:49:56.186,1.09138,1.09148,1.50,1.77
2014.08.07 02:49:58.628,1.09138,1.09149,1.50,1.84
2014.08.07 02:50:00.171,1.09138,1.09149,2.44,1.84
2014.08.07 02:50:03.659,1.09138,1.09149,3.19,1.84
2014.08.07 02:50:14.131,1.09139,1.09149,1.00,1.09
2014.08.07 02:50:14.383,1.09138,1.09146,1.00,1.38
2014.08.07 02:50:14.838,1.09138,1.09149,1.77,1.27
2014.08.07 02:50:21.452,1.09139,1.0915,1.32,1.37
2014.08.07 02:50:24.861,1.09138,1.09151,1.02,1.84
2014.08.07 02:50:27.325,1.09138,1.09149,1.69,1.77
2014.08.07 02:50:28.568,1.09138,1.09149,1.25,1.34
2014.08.07 02:50:29.070,1.09138,1.09149,1.25,1.37
2014.08.07 02:50:35.699,1.09137,1.09149,1.77,1.39
2014.08.07 02:50:46.171,1.09138,1.09149,1.77,1.77
2014.08.07 02:50:56.178,1.09138,1.09149,1.19,1.84
2014.08.07 02:50:57.182,1.09138,1.09149,1.19,1.39
2014.08.07 02:51:06.741,1.09138,1.09149,1.19,1.39
2014.08.07 02:51:07.696,1.09137,1.0915,1.47,1.34
2014.08.07 02:51:16.175,1.09137,1.0915,2.14,1.34
2014.08.07 02:51:16.679,1.09137,1.09148,2.14,1.37
2014.08.07 02:51:18.117,1.09137,1.09149,2.52,1.34
2014.08.07 02:51:27.168,1.09138,1.0915,1.19,1.34
2014.08.07 02:51:37.089,1.09138,1.0915,1.19,1.37
2014.08.07 02:51:37.628,1.09137,1.0915,2.89,1.37
2014.08.07 02:51:38.268,1.09137,1.0915,2.82,1.34
2014.08.07 02:51:39.291,1.09137,1.09148,2.82,1.37
2014.08.07 02:52:06.450,1.09138,1.09149,1.25,1.84
2014.08.07 02:52:06.500,1.09138,1.09149,1.02,1.84
2014.08.07 02:52:23.949,1.09138,1.09149,1.29,1.37
2014.08.07 02:52:27.174,1.09137,1.09148,1.39,1.37
2014.08.07 02:52:29.462,1.09137,1.09149,1.77,1.84
2014.08.07 02:52:34.789,1.09138,1.09149,1.19,1.84
2014.08.07 02:52:40.189,1.09138,1.09149,1.25,1.84
2014.08.07 02:53:00.936,1.09138,1.09149,1.69,1.84
2014.08.07 02:53:13.163,1.09137,1.09147,2.44,1.33
2014.08.07 02:53:13.684,1.09137,1.09148,2.44,1.34
2014.08.07 02:53:24.290,1.09137,1.09148,2.44,1.34
2014.08.07 02:53:25.518,1.09137,1.09148,2.44,1.34
2014.08.07 02:53:31.702,1.09138,1.09149,1.25,2.59
2014.08.07 02:53:34.114,1.09137,1.09149,1.77,2.59
2014.08.07 02:53:36.474,1.09137,1.09148,1.69,1.33
2014.08.07 02:53:44.149,1.09137,1.09149,1.77,1.84
2014.08.07 02:53:44.660,1.09137,1.09149,1.77,1.84
2014.08.07 02:54:01.431,1.09138,1.09149,1.32,1.84
2014.08.07 02:54:10.119,1.09137,1.09149,2.52,1.37
2014.08.07 02:54:12.650,1.09138,1.09148,1.19,1.27
2014.08.07 02:54:27.852,1.09138,1.09148,1.02,1.19
2014.08.07 02:54:28.986,1.09137,1.09149,2.14,1.84
2014.08.07 02:54:37.548,1.09137,1.09149,2.97,1.02
2014.08.07 02:54:40.881,1.09138,1.09149,1.84,1.77
2014.08.07 02:55:41.103,1.09137,1.09149,2.44,1.09
2014.08.07 02:55:42.432,1.09137,1.09149,2.44,1.37
2014.08.07 02:55:48.142,1.09138,1.09149,1.69,1.37
2014.08.07 02:55:54.483,1.09137,1.0915,1.69,2.59
2014.08.07 02:55:55.576,1.09138,1.09149,1.32,1.37
2014.08.07 02:55:59.450,1.09137,1.09149,2.44,1.84
2014.08.07 02:56:07.985,1.09138,1.09149,1.32,1.84
2014.08.07 02:56:13.071,1.09137,1.09149,1.69,1.84
2014.08.07 02:56:16.984,1.09137,1.09149,1.32,1.84
2014.08.07 02:56:17.980,1.09137,1.09149,1.32,1.84
2014.08.07 02:56:24.513,1.09138,1.09149,1.19,1.34
2014.08.07 02:56:41.979,1.09138,1.09149,1.25,1.34
2014.08.07 02:56:53.192,1.09137,1.0915,2.82,1.84
2014.08.07 02:56:54.193,1.09137,1.09149,2.07,1.37
2014.08.07 02:56:54.550,1.09137,1.09149,2.07,1.37
2014.08.07 02:56:55.153,1.09137,1.09149,2.07,1.37
2014.08.07 02:56:56.858,1.09138,1.09149,1.69,1.37
2014.08.07 02:57:16.236,1.09138,1.0915,1.25,2.59
2014.08.07 02:57:22.532,1.09138,1.0915,1.25,2.59
2014.08.07 02:57:23.082,1.09138,1.09149,1.25,1.34
2014.08.07 02:57:26.675,1.09138,1.09149,1.25,1.84
2014.08.07 02:57:42.791,1.09137,1.09149,2.89,1.34
2014.08.07 02:57:43.295,1.09138,1.09149,1.00,1.34
2014.08.07 02:57:43.818,1.09138,1.09147,1.25,1.29
2014.08.07 02:57:49.498,1.09138,1.09148,1.19,1.19
2014.08.07 02:57:50.723,1.09138,1.0915,1.25,2.59
2014.08.07 02:58:01.424,1.09137,1.09148,1.77,1.19
2014.08.07 02:58:04.640,1.09137,1.0915,1.77,1.37
2014.08.07 02:58:11.072,1.09138,1.0915,1.32,1.84
2014.08.07 02:58:11.614,1.09139,1.0915,1.00,1.84
2014.08.07 02:58:12.582,1.09139,1.09149,1.19,1.29
2014.08.07 02:58:13.618,1.0914,1.09148,1.00,1.19
2014.08.07 02:58:13.669,1.09138,1.09148,1.32,1.19
2014.08.07 02:58:16.962,1.09138,1.09148,1.69,1.19
2014.08.07 02:58:21.518,1.09138,1.0915,1.69,1.37
2014.08.07 02:58:24.805,1.09138,1.09149,1.50,1.29
2014.08.07 02:58:25.373,1.09138,1.09148,1.69,1.34
2014.08.07 02:58:30.958,1.09138,1.09148,1.69,1.19
2014.08.07 02:58:33.905,1.09138,1.0915,1.69,1.37
2014.08.07 02:58:37.049,1.09139,1.09149,1.19,1.29
2014.08.07 02:58:38.860,1.09143,1.09149,1.00,1.19
2014.08.07 02:58:43.434,1.09143,1.0915,1.00,1.29
2014.08.07 02:58:46.291,1.09144,1.0915,1.00,1.29
2014.08.07 02:58:54.062,1.09145,1.0915,1.00,1.29
2014.08.07 02:58:54.397,1.09143,1.0915,1.00,1.29
2014.08.07 02:58:54.625,1.09145,1.0915,1.00,1.29
2014.08.07 02:58:54.838,1.09143,1.0915,1.00,1.29
2014.08.07 02:58:57.286,1.09143,1.0915,1.00,1.29
2014.08.07 02:58:58.316,1.09143,1.0915,1.00,1.29
2014.08.07 02:58:58.830,1.09144,1.0915,1.00,1.29
2014.08.07 02:58:59.139,1.09142,1.0915,1.00,1.29
2014.08.07 02:58:59.346,1.09139,1.09151,1.65,1.47
2014.08.07 02:58:59.627,1.09139,1.09149,1.18,1.19
2014.08.07 02:59:03.935,1.09139,1.09149,1.00,1.27
2014.08.07 02:59:28.057,1.09139,1.09149,1.39,1.19
2014.08.07 02:59:47.940,1.0914,1.0915,1.00,1.19
2014.08.07 02:59:53.633,1.0914,1.09149,1.32,1.29
