2016.09.27 16:00:00.049,1.32494,1.32502,1.31,2.72
2016.09.27 16:00:00.101,1.32493,1.32502,1.91,2.34
2016.09.27 16:00:00.153,1.32494,1.32502,1.12,1.59
2016.09.27 16:00:00.205,1.32493,1.32502,3.22,1.59
2016.09.27 16:00:00.275,1.32493,1.32502,3.60,2.72
2016.09.27 16:00:00.387,1.32495,1.32502,1.00,1.50
2016.09.27 16:00:00.438,1.32496,1.32502,1.00,1.00
2016.09.27 16:00:00.540,1.32495,1.32503,3.00,1.00
2016.09.27 16:00:00.591,1.32496,1.32503,1.12,1.00
2016.09.27 16:00:00.643,1.32496,1.32503,1.00,1.37
2016.09.27 16:00:00.731,1.32496,1.32503,2.25,1.37
2016.09.27 16:00:00.784,1.32496,1.32503,1.50,1.87
2016.09.27 16:00:00.835,1.32496,1.32503,1.00,1.12
2016.09.27 16:00:01.113,1.32496,1.32503,1.50,1.00
2016.09.27 16:00:01.164,1.32496,1.32503,1.00,1.12
2016.09.27 16:00:01.215,1.32496,1.32503,1.50,1.12
2016.09.27 16:00:01.317,1.32496,1.32505,1.50,7.87
2016.09.27 16:00:01.368,1.32496,1.32505,1.50,8.47
2016.09.27 16:00:01.419,1.32496,1.32503,1.00,1.00
2016.09.27 16:00:01.515,1.32496,1.32503,1.12,1.00
2016.09.27 16:00:01.617,1.32496,1.32504,1.12,1.37
2016.09.27 16:00:01.668,1.32496,1.32504,1.87,1.37
2016.09.27 16:00:01.719,1.32496,1.32503,2.62,1.69
2016.09.27 16:00:01.828,1.32496,1.32503,2.25,1.69
2016.09.27 16:00:02.032,1.32496,1.32503,1.50,1.69
2016.09.27 16:00:02.138,1.32496,1.32503,1.00,1.31
2016.09.27 16:00:02.189,1.32496,1.32504,1.00,1.69
2016.09.27 16:00:02.241,1.32496,1.32503,1.00,1.00
2016.09.27 16:00:02.293,1.32496,1.32503,1.00,1.00
2016.09.27 16:00:02.345,1.32496,1.32503,1.50,1.00
2016.09.27 16:00:02.515,1.32496,1.32503,1.00,1.00
2016.09.27 16:00:02.567,1.32496,1.32503,1.50,1.00
2016.09.27 16:00:02.669,1.32496,1.32503,1.00,1.00
2016.09.27 16:00:02.773,1.32496,1.32502,1.12,1.00
2016.09.27 16:00:02.825,1.32496,1.32502,1.87,1.00
2016.09.27 16:00:02.927,1.32495,1.32502,1.50,2.06
2016.09.27 16:00:02.979,1.32493,1.32502,2.25,2.44
2016.09.27 16:00:03.030,1.32493,1.32499,1.12,2.51
2016.09.27 16:00:03.081,1.32493,1.32498,1.00,1.62
2016.09.27 16:00:03.133,1.3249,1.32497,1.50,2.62
2016.09.27 16:00:03.236,1.32488,1.32493,1.00,1.16
2016.09.27 16:00:03.361,1.32488,1.32492,1.00,1.25
2016.09.27 16:00:03.414,1.32487,1.32493,1.00,1.37
2016.09.27 16:00:03.467,1.32487,1.32493,1.00,6.37
2016.09.27 16:00:03.519,1.32487,1.32491,1.00,1.00
2016.09.27 16:00:03.571,1.32487,1.32491,1.00,1.50
2016.09.27 16:00:03.625,1.32486,1.32491,1.00,3.00
2016.09.27 16:00:03.676,1.32486,1.32491,1.00,2.25
2016.09.27 16:00:03.727,1.32482,1.32491,2.62,1.75
2016.09.27 16:00:03.778,1.32481,1.32491,3.09,1.87
2016.09.27 16:00:03.830,1.32481,1.3249,4.59,1.00
2016.09.27 16:00:03.998,1.32481,1.32489,4.59,1.16
2016.09.27 16:00:04.050,1.32481,1.32489,1.00,1.69
2016.09.27 16:00:04.101,1.32481,1.32489,1.00,2.06
2016.09.27 16:00:04.152,1.32481,1.32489,1.00,3.56
2016.09.27 16:00:04.204,1.32481,1.32488,1.00,1.37
2016.09.27 16:00:04.255,1.32481,1.32488,1.12,2.29
2016.09.27 16:00:04.306,1.32481,1.32488,1.12,1.79
2016.09.27 16:00:04.358,1.32481,1.32487,1.12,1.19
2016.09.27 16:00:04.460,1.32481,1.32487,1.00,1.31
2016.09.27 16:00:04.598,1.32481,1.32487,1.00,1.56
2016.09.27 16:00:04.650,1.3248,1.32489,1.50,4.54
2016.09.27 16:00:04.806,1.3248,1.32488,1.50,1.69
2016.09.27 16:00:04.857,1.32479,1.32487,1.97,1.42
2016.09.27 16:00:04.908,1.32479,1.32487,1.97,2.29
2016.09.27 16:00:04.960,1.32478,1.32487,3.47,2.25
2016.09.27 16:00:05.113,1.32478,1.32487,3.47,1.87
2016.09.27 16:00:05.167,1.32478,1.32487,2.72,1.87
2016.09.27 16:00:05.220,1.32479,1.32487,1.12,1.87
2016.09.27 16:00:06.025,1.32479,1.32488,1.12,5.81
2016.09.27 16:00:06.148,1.3248,1.32488,1.50,1.50
2016.09.27 16:00:06.200,1.3248,1.32489,1.97,1.69
2016.09.27 16:00:06.251,1.3248,1.32489,1.97,1.69
2016.09.27 16:00:06.302,1.3248,1.32489,1.97,1.25
2016.09.27 16:00:06.353,1.3248,1.3249,2.72,1.62
2016.09.27 16:00:06.405,1.3248,1.3249,2.72,1.62
2016.09.27 16:00:06.557,1.3248,1.32491,2.72,4.69
2016.09.27 16:00:06.608,1.3248,1.32491,2.72,3.94
2016.09.27 16:00:06.660,1.3248,1.32491,2.72,4.31
2016.09.27 16:00:06.711,1.3248,1.32491,2.72,4.31
2016.09.27 16:00:06.974,1.3248,1.32491,1.97,3.94
2016.09.27 16:00:07.286,1.3248,1.32491,2.72,4.31
2016.09.27 16:00:07.337,1.3248,1.32491,1.97,3.19
2016.09.27 16:00:07.388,1.3248,1.32491,1.97,1.31
2016.09.27 16:00:07.866,1.3248,1.32491,2.72,1.31
2016.09.27 16:00:07.917,1.32481,1.32491,1.50,1.31
2016.09.27 16:00:08.076,1.32481,1.32491,1.50,1.69
2016.09.27 16:00:08.178,1.32481,1.32491,1.50,1.69
2016.09.27 16:00:08.382,1.32481,1.32491,1.97,2.06
2016.09.27 16:00:08.708,1.32481,1.3249,2.72,1.25
2016.09.27 16:00:08.760,1.32481,1.3249,1.97,1.00
2016.09.27 16:00:09.019,1.32482,1.3249,1.12,1.00
2016.09.27 16:00:09.070,1.32482,1.32491,1.59,1.87
2016.09.27 16:00:09.122,1.32481,1.3249,1.97,1.00
2016.09.27 16:00:09.174,1.32481,1.3249,3.84,1.50
2016.09.27 16:00:09.276,1.32481,1.3249,2.72,1.50
2016.09.27 16:00:09.327,1.32481,1.3249,3.47,1.50
2016.09.27 16:00:09.378,1.32482,1.3249,1.59,1.50
2016.09.27 16:00:09.738,1.32482,1.3249,1.59,1.87
2016.09.27 16:00:09.840,1.32481,1.3249,3.47,1.87
2016.09.27 16:00:10.247,1.32482,1.3249,1.59,1.87
2016.09.27 16:00:10.459,1.32481,1.3249,3.47,1.50
2016.09.27 16:00:10.511,1.32481,1.3249,2.72,1.50
2016.09.27 16:00:10.562,1.32481,1.3249,1.97,1.50
2016.09.27 16:00:10.765,1.32481,1.3249,2.72,1.50
2016.09.27 16:00:10.972,1.32481,1.3249,1.97,1.00
2016.09.27 16:00:11.023,1.32483,1.32492,1.00,2.25
2016.09.27 16:00:11.074,1.32483,1.32492,1.00,4.12
2016.09.27 16:00:11.125,1.32482,1.3249,1.59,1.12
2016.09.27 16:00:11.234,1.32482,1.3249,1.59,1.37
2016.09.27 16:00:11.285,1.32482,1.32489,1.12,1.56
2016.09.27 16:00:11.337,1.3248,1.32488,1.50,1.31
2016.09.27 16:00:11.388,1.3248,1.32488,1.00,1.62
2016.09.27 16:00:11.490,1.32479,1.32488,1.12,1.69
2016.09.27 16:00:11.693,1.32479,1.32487,1.12,1.00
2016.09.27 16:00:11.745,1.32477,1.32487,1.97,2.62
2016.09.27 16:00:11.796,1.32477,1.32486,1.47,1.87
2016.09.27 16:00:11.847,1.32476,1.32486,2.34,1.87
2016.09.27 16:00:12.007,1.32476,1.32486,2.34,1.87
2016.09.27 16:00:12.059,1.32477,1.32486,1.47,5.47
2016.09.27 16:00:12.110,1.32477,1.32486,1.47,5.47
2016.09.27 16:00:12.161,1.32476,1.32486,2.34,4.12
2016.09.27 16:00:12.212,1.32476,1.32486,2.34,4.12
2016.09.27 16:00:12.263,1.32476,1.32486,2.34,3.37
2016.09.27 16:00:12.314,1.32476,1.32486,2.34,4.12
2016.09.27 16:00:12.365,1.32477,1.32486,1.47,5.47
2016.09.27 16:00:12.620,1.32477,1.32486,1.47,5.47
2016.09.27 16:00:12.722,1.32477,1.32486,1.22,5.47
2016.09.27 16:00:12.837,1.32477,1.32486,1.47,5.25
2016.09.27 16:00:12.888,1.32476,1.32486,2.34,4.12
2016.09.27 16:00:12.990,1.32476,1.32486,2.34,2.62
2016.09.27 16:00:13.042,1.32478,1.32486,1.22,2.62
2016.09.27 16:00:13.093,1.32478,1.32486,1.22,3.37
2016.09.27 16:00:13.144,1.32479,1.32486,1.00,2.62
2016.09.27 16:00:13.195,1.32479,1.32487,1.00,1.50
2016.09.27 16:00:13.247,1.3248,1.32488,1.00,3.37
2016.09.27 16:00:13.298,1.3248,1.32488,1.50,1.00
2016.09.27 16:00:13.451,1.3248,1.32488,2.25,1.00
2016.09.27 16:00:13.503,1.3248,1.32488,1.97,1.00
2016.09.27 16:00:13.554,1.32481,1.32489,1.59,1.50
2016.09.27 16:00:13.684,1.3248,1.3249,1.97,3.37
2016.09.27 16:00:13.786,1.32481,1.32489,1.59,1.50
2016.09.27 16:00:13.888,1.3248,1.3249,2.72,3.37
2016.09.27 16:00:13.990,1.32481,1.32489,1.59,1.50
2016.09.27 16:00:14.092,1.32481,1.32489,1.59,1.00
2016.09.27 16:00:14.194,1.3248,1.3249,3.32,1.87
2016.09.27 16:00:14.246,1.3248,1.3249,2.85,1.87
2016.09.27 16:00:14.297,1.3248,1.3249,2.10,1.87
2016.09.27 16:00:14.348,1.32481,1.3249,1.72,2.06
2016.09.27 16:00:14.399,1.32481,1.3249,1.50,1.69
2016.09.27 16:00:14.522,1.32482,1.3249,1.12,1.69
2016.09.27 16:00:14.573,1.32482,1.3249,1.12,1.50
2016.09.27 16:00:14.624,1.32482,1.32489,1.12,1.00
2016.09.27 16:00:14.776,1.32481,1.32489,1.47,1.12
2016.09.27 16:00:14.828,1.32481,1.32489,1.47,1.12
2016.09.27 16:00:14.879,1.32481,1.32489,1.47,1.50
2016.09.27 16:00:15.200,1.32481,1.32489,1.47,1.50
2016.09.27 16:00:15.252,1.3248,1.32489,3.09,1.12
2016.09.27 16:00:15.371,1.32481,1.32489,1.47,1.00
2016.09.27 16:00:15.473,1.32481,1.32489,1.97,1.00
2016.09.27 16:00:15.728,1.32481,1.32489,2.10,1.00
2016.09.27 16:00:15.780,1.32481,1.32489,1.67,1.00
2016.09.27 16:00:15.832,1.3248,1.32489,4.87,1.00
2016.09.27 16:00:15.883,1.32479,1.32488,1.87,1.30
2016.09.27 16:00:15.935,1.32479,1.32486,1.87,1.00
2016.09.27 16:00:15.986,1.32479,1.32486,1.50,1.50
2016.09.27 16:00:16.385,1.32479,1.32486,1.00,1.50
2016.09.27 16:00:16.641,1.3248,1.32487,1.97,2.62
2016.09.27 16:00:16.692,1.32482,1.32488,1.00,1.50
2016.09.27 16:00:16.744,1.32482,1.32488,1.97,1.00
2016.09.27 16:00:16.795,1.32482,1.32491,2.34,2.62
2016.09.27 16:00:16.900,1.32483,1.32491,1.22,2.62
2016.09.27 16:00:17.395,1.32481,1.32491,2.34,3.00
2016.09.27 16:00:17.446,1.32481,1.32488,2.34,1.00
2016.09.27 16:00:17.498,1.32481,1.32488,1.59,1.00
2016.09.27 16:00:17.652,1.3248,1.32488,1.22,1.35
2016.09.27 16:00:17.704,1.32479,1.32488,3.09,1.91
2016.09.27 16:00:17.755,1.32479,1.32487,2.34,1.00
2016.09.27 16:00:17.831,1.32479,1.32486,1.97,1.00
2016.09.27 16:00:17.883,1.32478,1.32486,2.72,1.31
2016.09.27 16:00:17.934,1.32478,1.32486,1.97,1.31
2016.09.27 16:00:17.985,1.32478,1.32486,1.47,1.00
2016.09.27 16:00:18.036,1.32478,1.32486,1.47,1.00
2016.09.27 16:00:18.087,1.32478,1.32486,1.97,1.00
2016.09.27 16:00:18.138,1.32478,1.32486,1.47,1.00
2016.09.27 16:00:18.190,1.32479,1.32487,1.22,3.37
2016.09.27 16:00:18.241,1.32479,1.32487,1.97,3.37
2016.09.27 16:00:18.292,1.3248,1.32487,1.00,1.12
2016.09.27 16:00:18.343,1.3248,1.32488,1.22,1.50
2016.09.27 16:00:18.394,1.32481,1.32488,1.12,1.00
2016.09.27 16:00:18.496,1.32481,1.3249,1.50,1.50
2016.09.27 16:00:18.598,1.32481,1.3249,1.87,1.50
2016.09.27 16:00:18.773,1.32482,1.3249,1.12,1.50
2016.09.27 16:00:18.825,1.32481,1.3249,1.50,1.50
2016.09.27 16:00:19.079,1.3248,1.3249,3.47,1.50
2016.09.27 16:00:19.335,1.3248,1.32489,3.47,1.37
2016.09.27 16:00:19.487,1.32481,1.32489,1.50,1.37
2016.09.27 16:00:20.173,1.32483,1.3249,1.00,1.75
2016.09.27 16:00:20.224,1.32483,1.32489,1.00,1.50
2016.09.27 16:00:20.539,1.32483,1.3249,1.00,1.75
2016.09.27 16:00:20.590,1.32482,1.3249,1.00,1.75
2016.09.27 16:00:21.326,1.32482,1.3249,1.00,1.12
2016.09.27 16:00:21.682,1.32482,1.3249,1.50,1.12
2016.09.27 16:00:22.687,1.32484,1.3249,1.18,1.12
2016.09.27 16:00:22.738,1.32485,1.32491,1.00,1.00
2016.09.27 16:00:22.790,1.32486,1.32492,1.00,1.00
2016.09.27 16:00:22.842,1.32486,1.32494,2.10,2.62
2016.09.27 16:00:22.893,1.32487,1.32495,1.37,1.12
2016.09.27 16:00:22.944,1.32488,1.32495,1.12,1.12
2016.09.27 16:00:22.996,1.32488,1.32497,2.25,3.00
2016.09.27 16:00:23.047,1.32488,1.32497,2.72,2.25
2016.09.27 16:00:23.098,1.32489,1.32497,1.50,1.50
2016.09.27 16:00:23.150,1.32489,1.32497,1.50,1.50
2016.09.27 16:00:23.201,1.32489,1.32498,1.50,1.87
2016.09.27 16:00:23.280,1.32488,1.32496,1.50,1.19
2016.09.27 16:00:23.402,1.32487,1.32495,1.25,3.00
2016.09.27 16:00:23.453,1.32487,1.32495,1.40,3.00
2016.09.27 16:00:23.504,1.32489,1.32498,1.00,5.25
2016.09.27 16:00:23.555,1.32489,1.32498,1.00,3.00
2016.09.27 16:00:23.606,1.32489,1.32497,1.50,2.06
2016.09.27 16:00:23.708,1.32489,1.32497,1.50,1.56
2016.09.27 16:00:23.759,1.32489,1.32497,1.00,1.56
2016.09.27 16:00:23.912,1.32488,1.32496,1.37,1.00
2016.09.27 16:00:24.110,1.32488,1.32498,1.37,4.87
2016.09.27 16:00:24.161,1.32488,1.32498,1.37,4.87
2016.09.27 16:00:24.212,1.32488,1.32498,1.37,4.12
2016.09.27 16:00:24.263,1.32488,1.32496,1.37,1.00
2016.09.27 16:00:24.315,1.32489,1.32498,1.12,2.25
2016.09.27 16:00:24.366,1.3249,1.32498,1.00,1.12
2016.09.27 16:00:24.417,1.3249,1.32499,1.50,1.37
2016.09.27 16:00:24.520,1.32492,1.325,1.00,3.00
2016.09.27 16:00:24.622,1.32492,1.325,1.37,1.00
2016.09.27 16:00:24.765,1.32493,1.32502,1.50,3.75
2016.09.27 16:00:24.816,1.32493,1.325,1.12,1.00
2016.09.27 16:00:24.969,1.32493,1.32502,1.12,6.00
2016.09.27 16:00:25.020,1.32493,1.32502,1.12,6.00
2016.09.27 16:00:25.071,1.32493,1.32501,1.12,1.50
2016.09.27 16:00:25.173,1.32492,1.32501,1.37,1.50
2016.09.27 16:00:25.224,1.32492,1.32501,1.00,1.87
2016.09.27 16:00:25.276,1.32492,1.32501,1.37,1.12
2016.09.27 16:00:25.327,1.32492,1.32501,1.50,1.00
2016.09.27 16:00:25.380,1.32492,1.32501,1.50,1.50
2016.09.27 16:00:25.512,1.32492,1.32501,1.50,1.00
2016.09.27 16:00:25.565,1.32492,1.32501,1.50,1.50
2016.09.27 16:00:25.667,1.32492,1.32501,1.50,1.00
2016.09.27 16:00:25.913,1.32493,1.32501,1.37,1.00
2016.09.27 16:00:25.965,1.32493,1.32501,1.37,1.12
2016.09.27 16:00:26.068,1.32493,1.32501,1.37,1.00
2016.09.27 16:00:26.389,1.32491,1.32501,3.37,1.00
2016.09.27 16:00:26.440,1.32497,1.32502,1.00,3.09
2016.09.27 16:00:26.492,1.32493,1.32501,2.25,1.50
2016.09.27 16:00:26.596,1.32493,1.32501,1.00,2.05
2016.09.27 16:00:26.648,1.32492,1.32501,1.50,1.12
2016.09.27 16:00:26.699,1.32492,1.32501,2.25,1.50
2016.09.27 16:00:26.751,1.32492,1.32501,2.25,1.97
2016.09.27 16:00:26.802,1.32492,1.32501,1.75,1.50
2016.09.27 16:00:26.854,1.32492,1.32501,1.75,1.50
2016.09.27 16:00:26.952,1.32491,1.32501,4.12,2.34
2016.09.27 16:00:27.063,1.32491,1.325,3.37,1.00
2016.09.27 16:00:27.115,1.32491,1.325,1.50,1.50
2016.09.27 16:00:27.370,1.32491,1.325,1.50,1.12
2016.09.27 16:00:27.421,1.32492,1.32501,1.00,2.34
2016.09.27 16:00:27.523,1.32491,1.325,1.50,1.37
2016.09.27 16:00:27.574,1.32491,1.325,1.50,1.50
2016.09.27 16:00:27.733,1.32492,1.325,1.12,1.50
2016.09.27 16:00:28.099,1.32492,1.325,1.12,1.37
2016.09.27 16:00:28.303,1.32492,1.325,1.12,1.50
2016.09.27 16:00:29.531,1.32492,1.325,1.12,1.50
2016.09.27 16:00:29.684,1.32492,1.325,1.12,1.37
2016.09.27 16:00:30.175,1.32495,1.325,1.00,1.37
2016.09.27 16:00:30.325,1.32492,1.32501,3.09,1.30
2016.09.27 16:00:30.377,1.32492,1.32501,1.12,1.72
2016.09.27 16:00:30.429,1.32491,1.325,1.00,1.50
2016.09.27 16:00:30.481,1.32493,1.325,1.00,2.10
2016.09.27 16:00:30.532,1.32493,1.32499,1.00,1.00
2016.09.27 16:00:30.634,1.32493,1.325,1.00,1.87
2016.09.27 16:00:30.749,1.32493,1.32501,1.00,3.97
2016.09.27 16:00:30.829,1.32492,1.325,1.00,1.00
2016.09.27 16:00:30.880,1.32492,1.325,1.00,1.00
2016.09.27 16:00:30.983,1.32492,1.32501,1.00,3.00
2016.09.27 16:00:31.034,1.32492,1.32501,2.25,2.25
2016.09.27 16:00:31.085,1.32492,1.32501,2.25,1.00
2016.09.27 16:00:31.136,1.32492,1.32501,1.50,1.00
2016.09.27 16:00:32.383,1.32492,1.32501,1.50,1.50
2016.09.27 16:00:32.587,1.32492,1.32501,1.50,1.00
2016.09.27 16:00:32.688,1.32492,1.32501,1.50,1.50
2016.09.27 16:00:33.000,1.32493,1.32502,1.50,1.87
2016.09.27 16:00:33.051,1.32496,1.32502,1.00,1.37
2016.09.27 16:00:33.203,1.32496,1.32503,1.00,3.00
2016.09.27 16:00:33.483,1.32498,1.32502,1.00,1.00
2016.09.27 16:00:33.586,1.32497,1.32503,1.00,3.00
2016.09.27 16:00:33.638,1.325,1.32504,1.00,1.00
2016.09.27 16:00:33.689,1.32499,1.32505,1.00,2.62
2016.09.27 16:00:33.808,1.32501,1.32507,1.00,1.50
2016.09.27 16:00:33.859,1.32501,1.32507,1.00,1.50
2016.09.27 16:00:33.910,1.32501,1.32507,1.00,1.00
2016.09.27 16:00:34.012,1.32501,1.32507,1.00,1.50
2016.09.27 16:00:34.063,1.32501,1.32507,1.00,1.00
2016.09.27 16:00:34.114,1.32501,1.32509,1.00,1.87
2016.09.27 16:00:34.317,1.32503,1.32509,1.00,1.00
2016.09.27 16:00:34.852,1.32502,1.3251,1.00,1.00
2016.09.27 16:00:35.538,1.32502,1.3251,2.85,1.00
2016.09.27 16:00:35.590,1.32502,1.3251,1.00,1.00
2016.09.27 16:00:35.641,1.32502,1.3251,1.50,1.00
2016.09.27 16:00:35.743,1.32502,1.3251,1.50,1.00
2016.09.27 16:00:35.820,1.32502,1.3251,2.10,1.00
2016.09.27 16:00:35.922,1.32502,1.3251,2.10,2.62
2016.09.27 16:00:36.024,1.32502,1.3251,2.29,2.62
2016.09.27 16:00:36.126,1.32505,1.3251,1.00,1.00
2016.09.27 16:00:36.279,1.32504,1.3251,1.50,1.00
2016.09.27 16:00:36.483,1.32505,1.3251,1.00,1.00
2016.09.27 16:00:36.534,1.32506,1.3251,1.87,1.00
2016.09.27 16:00:36.585,1.32508,1.32512,1.50,5.25
2016.09.27 16:00:36.636,1.32509,1.32514,1.00,7.50
2016.09.27 16:00:36.687,1.3251,1.32514,1.50,7.50
2016.09.27 16:00:36.740,1.32512,1.32516,1.00,8.25
2016.09.27 16:00:36.791,1.32512,1.32516,1.50,8.25
2016.09.27 16:00:36.842,1.32512,1.32516,1.50,1.00
2016.09.27 16:00:36.994,1.32512,1.32516,1.00,1.00
2016.09.27 16:00:37.045,1.32512,1.32516,1.50,1.00
2016.09.27 16:00:37.199,1.32512,1.32519,2.62,1.12
2016.09.27 16:00:37.250,1.32514,1.32519,1.00,1.00
2016.09.27 16:00:37.302,1.32515,1.32521,1.00,1.75
2016.09.27 16:00:37.354,1.32516,1.32521,1.50,1.00
2016.09.27 16:00:37.405,1.32516,1.32523,2.25,1.12
2016.09.27 16:00:37.509,1.32516,1.32524,3.00,1.50
2016.09.27 16:00:37.587,1.32516,1.32525,2.25,2.25
2016.09.27 16:00:37.639,1.32517,1.32525,1.00,2.25
2016.09.27 16:00:37.690,1.32516,1.32524,3.00,1.50
2016.09.27 16:00:37.741,1.32516,1.32524,2.25,1.50
2016.09.27 16:00:37.792,1.32516,1.32525,1.50,2.25
2016.09.27 16:00:37.945,1.32516,1.32525,1.50,1.87
2016.09.27 16:00:37.996,1.32516,1.32525,2.25,1.12
2016.09.27 16:00:38.253,1.32516,1.32525,1.50,1.72
2016.09.27 16:00:38.305,1.32515,1.32522,1.00,1.00
2016.09.27 16:00:38.357,1.32515,1.32522,1.00,1.87
2016.09.27 16:00:38.408,1.32512,1.32521,1.37,1.37
2016.09.27 16:00:38.603,1.32512,1.32521,1.12,2.06
2016.09.27 16:00:38.807,1.32513,1.3252,1.00,1.31
2016.09.27 16:00:38.909,1.32511,1.3252,1.87,1.25
2016.09.27 16:00:39.011,1.32512,1.3252,1.00,1.31
2016.09.27 16:00:39.387,1.32511,1.3252,1.87,1.25
2016.09.27 16:00:39.438,1.32511,1.3252,1.87,1.25
2016.09.27 16:00:39.592,1.32511,1.3252,1.12,1.25
2016.09.27 16:00:39.694,1.32511,1.3252,1.12,1.00
2016.09.27 16:00:39.745,1.32512,1.3252,1.00,1.37
2016.09.27 16:00:39.848,1.32512,1.32519,1.00,1.00
2016.09.27 16:00:40.258,1.32511,1.32519,1.50,1.00
2016.09.27 16:00:40.310,1.32511,1.32519,1.00,1.00
2016.09.27 16:00:40.538,1.32511,1.32519,1.50,1.72
2016.09.27 16:00:40.590,1.32511,1.32519,1.50,1.72
2016.09.27 16:00:40.642,1.32511,1.32519,1.12,1.50
2016.09.27 16:00:40.694,1.32511,1.32519,1.87,1.50
2016.09.27 16:00:40.746,1.32511,1.32519,2.25,3.75
2016.09.27 16:00:40.824,1.32511,1.32519,2.25,1.87
2016.09.27 16:00:40.875,1.32511,1.32519,2.25,2.47
2016.09.27 16:00:40.929,1.32511,1.32519,1.50,1.87
2016.09.27 16:00:41.015,1.32511,1.32519,1.00,1.12
2016.09.27 16:00:41.067,1.32511,1.32519,1.00,1.12
2016.09.27 16:00:41.118,1.32511,1.32519,1.00,1.87
2016.09.27 16:00:41.220,1.32511,1.32519,1.00,1.12
2016.09.27 16:00:41.452,1.32511,1.32519,1.00,1.50
2016.09.27 16:00:41.503,1.32511,1.32518,1.00,1.00
2016.09.27 16:00:41.555,1.3251,1.32518,1.12,3.22
2016.09.27 16:00:41.606,1.3251,1.32518,1.12,6.26
2016.09.27 16:00:41.657,1.32509,1.32516,1.00,1.00
2016.09.27 16:00:41.785,1.32507,1.32514,2.25,2.62
2016.09.27 16:00:41.837,1.32506,1.3251,1.50,1.00
2016.09.27 16:00:41.889,1.32505,1.32512,2.62,3.60
2016.09.27 16:00:41.942,1.32502,1.32511,2.25,1.87
2016.09.27 16:00:41.993,1.32502,1.32508,2.25,3.60
2016.09.27 16:00:42.044,1.325,1.32506,1.12,1.35
2016.09.27 16:00:42.095,1.325,1.32506,1.12,2.85
2016.09.27 16:00:42.147,1.325,1.32504,1.00,1.72
2016.09.27 16:00:42.198,1.325,1.32504,1.00,2.10
2016.09.27 16:00:42.249,1.32499,1.32503,1.00,1.00
2016.09.27 16:00:42.300,1.32498,1.32503,1.00,1.69
2016.09.27 16:00:42.423,1.32496,1.32502,1.00,3.37
2016.09.27 16:00:42.474,1.32496,1.32502,1.00,3.37
2016.09.27 16:00:42.525,1.32496,1.32502,1.00,3.19
2016.09.27 16:00:42.627,1.32497,1.32502,1.00,1.62
2016.09.27 16:00:42.678,1.32497,1.32502,1.00,1.62
2016.09.27 16:00:42.983,1.32497,1.32502,1.00,1.62
2016.09.27 16:00:43.034,1.32495,1.32502,1.22,1.62
2016.09.27 16:00:43.257,1.32495,1.32501,1.00,1.50
2016.09.27 16:00:43.336,1.32495,1.325,1.00,1.50
2016.09.27 16:00:43.387,1.32493,1.325,1.00,2.25
2016.09.27 16:00:43.438,1.32492,1.32498,1.12,1.49
2016.09.27 16:00:43.490,1.32492,1.32498,1.12,1.49
2016.09.27 16:00:43.541,1.32491,1.32499,1.22,4.50
2016.09.27 16:00:43.593,1.32492,1.32498,1.00,1.37
2016.09.27 16:00:43.644,1.32491,1.32497,1.97,3.00
2016.09.27 16:00:43.695,1.32491,1.32497,1.22,3.00
2016.09.27 16:00:43.849,1.32493,1.32497,1.12,2.62
2016.09.27 16:00:43.951,1.32493,1.32499,1.12,1.12
2016.09.27 16:00:44.097,1.32493,1.32501,1.59,1.37
2016.09.27 16:00:44.148,1.32495,1.32502,1.22,3.60
2016.09.27 16:00:44.200,1.32495,1.32503,1.22,1.50
2016.09.27 16:00:44.251,1.32494,1.32502,1.47,1.00
2016.09.27 16:00:44.354,1.32493,1.32503,1.47,3.37
2016.09.27 16:00:44.405,1.32493,1.32502,1.47,1.87
2016.09.27 16:00:44.456,1.32492,1.325,1.97,1.00
2016.09.27 16:00:44.558,1.32492,1.325,1.47,1.00
2016.09.27 16:00:44.711,1.32493,1.325,1.22,1.00
2016.09.27 16:00:45.024,1.32492,1.325,1.47,1.00
2016.09.27 16:00:45.280,1.32492,1.32498,1.00,1.00
2016.09.27 16:00:45.331,1.32489,1.32498,1.97,2.44
2016.09.27 16:00:45.382,1.32489,1.32497,1.97,1.56
2016.09.27 16:00:45.434,1.32489,1.32497,1.22,1.37
2016.09.27 16:00:45.537,1.3249,1.32497,1.00,1.37
2016.09.27 16:00:45.717,1.32489,1.32497,1.22,1.37
2016.09.27 16:00:45.769,1.32489,1.32495,1.22,1.00
2016.09.27 16:00:45.842,1.32488,1.32492,1.12,1.00
2016.09.27 16:00:45.894,1.32487,1.32492,1.50,1.00
2016.09.27 16:00:45.946,1.32487,1.32492,1.00,1.87
2016.09.27 16:00:45.997,1.32486,1.32491,1.00,1.00
2016.09.27 16:00:46.048,1.32486,1.32491,1.00,1.50
2016.09.27 16:00:46.099,1.32485,1.32491,1.22,1.50
2016.09.27 16:00:46.305,1.32486,1.32491,1.00,1.50
2016.09.27 16:00:46.356,1.32486,1.32492,1.22,3.00
2016.09.27 16:00:46.408,1.32487,1.32491,1.00,1.00
2016.09.27 16:00:46.510,1.32484,1.32491,1.47,1.00
2016.09.27 16:00:46.562,1.32484,1.32492,1.47,1.37
2016.09.27 16:00:46.613,1.32487,1.32493,1.00,3.00
2016.09.27 16:00:46.665,1.32487,1.32492,1.22,2.62
2016.09.27 16:00:46.716,1.32486,1.32492,1.47,3.00
2016.09.27 16:00:46.767,1.32486,1.32493,1.47,3.75
2016.09.27 16:00:46.818,1.32486,1.32493,1.47,3.37
2016.09.27 16:00:46.870,1.32486,1.32493,1.47,3.00
2016.09.27 16:00:47.120,1.32487,1.32493,1.22,3.00
2016.09.27 16:00:47.243,1.32486,1.32493,1.47,4.12
2016.09.27 16:00:47.294,1.32486,1.32493,1.22,3.75
2016.09.27 16:00:47.345,1.32485,1.32493,1.47,3.00
2016.09.27 16:00:47.499,1.32486,1.32493,1.22,2.62
2016.09.27 16:00:47.550,1.32486,1.32492,1.22,1.37
2016.09.27 16:00:47.602,1.32485,1.32492,1.47,1.37
2016.09.27 16:00:47.654,1.32485,1.32492,1.59,1.00
2016.09.27 16:00:47.756,1.32485,1.32492,1.47,1.50
2016.09.27 16:00:47.807,1.32485,1.32492,1.47,1.50
2016.09.27 16:00:48.183,1.32485,1.32492,1.00,1.50
2016.09.27 16:00:48.235,1.32484,1.32492,1.12,1.00
2016.09.27 16:00:48.285,1.32484,1.32492,1.50,1.00
2016.09.27 16:00:48.387,1.32484,1.32492,1.12,1.00
2016.09.27 16:00:48.902,1.32484,1.32492,1.59,1.00
2016.09.27 16:00:49.170,1.32484,1.32492,1.12,1.00
2016.09.27 16:00:49.323,1.32484,1.32492,1.12,1.00
2016.09.27 16:00:49.374,1.32487,1.32493,2.72,1.00
2016.09.27 16:00:49.476,1.32488,1.32494,1.47,4.50
2016.09.27 16:00:49.528,1.32489,1.32494,1.47,4.50
2016.09.27 16:00:49.579,1.32489,1.32495,1.22,2.62
2016.09.27 16:00:49.631,1.32489,1.32496,1.47,1.12
2016.09.27 16:00:49.682,1.32489,1.32496,1.00,1.12
2016.09.27 16:00:49.733,1.32487,1.32496,2.34,1.12
2016.09.27 16:00:49.938,1.32487,1.32496,1.59,1.12
2016.09.27 16:00:49.989,1.32487,1.32496,1.59,1.50
2016.09.27 16:00:50.107,1.32487,1.32496,1.59,1.50
2016.09.27 16:00:50.158,1.32487,1.32493,1.22,1.12
2016.09.27 16:00:50.210,1.32485,1.32493,2.72,1.12
2016.09.27 16:00:50.277,1.32485,1.32493,2.72,1.12
2016.09.27 16:00:50.329,1.32486,1.32493,1.59,1.12
2016.09.27 16:00:50.380,1.32486,1.32492,1.47,1.00
2016.09.27 16:00:50.431,1.32485,1.32492,1.97,1.00
2016.09.27 16:00:50.533,1.32486,1.32492,1.47,1.00
2016.09.27 16:00:50.636,1.32485,1.32492,1.97,1.00
2016.09.27 16:00:50.990,1.32486,1.32492,1.47,1.00
2016.09.27 16:00:51.128,1.32483,1.32492,1.00,1.00
2016.09.27 16:00:51.179,1.32482,1.32493,3.75,1.37
2016.09.27 16:00:51.230,1.32483,1.32493,1.50,1.37
2016.09.27 16:00:51.332,1.32482,1.32493,3.75,1.37
2016.09.27 16:00:51.434,1.32483,1.32493,1.50,1.37
2016.09.27 16:00:51.536,1.32482,1.32493,4.50,1.37
2016.09.27 16:00:51.739,1.32483,1.32493,1.50,1.37
2016.09.27 16:00:51.841,1.32482,1.32493,3.75,1.87
2016.09.27 16:00:52.010,1.32482,1.32493,3.75,2.44
2016.09.27 16:00:52.062,1.32482,1.32493,3.75,2.81
2016.09.27 16:00:52.113,1.32482,1.32492,3.75,1.00
2016.09.27 16:00:52.316,1.32482,1.32493,3.37,3.37
2016.09.27 16:00:52.418,1.32482,1.32492,3.37,1.00
2016.09.27 16:00:52.470,1.32482,1.32492,3.37,1.00
2016.09.27 16:00:52.521,1.32482,1.32492,3.37,1.00
2016.09.27 16:00:52.572,1.32481,1.32492,1.87,1.00
2016.09.27 16:00:52.623,1.32481,1.32493,1.87,3.37
2016.09.27 16:00:52.746,1.32481,1.32492,1.87,1.00
2016.09.27 16:00:52.848,1.32485,1.32492,1.00,1.00
2016.09.27 16:00:52.951,1.32485,1.32493,1.00,3.37
2016.09.27 16:00:53.002,1.32485,1.32493,1.00,2.62
2016.09.27 16:00:53.053,1.32482,1.32493,3.65,3.37
2016.09.27 16:00:53.104,1.32482,1.32493,3.00,3.37
2016.09.27 16:00:53.156,1.32482,1.32493,4.12,1.50
2016.09.27 16:00:54.047,1.32482,1.32493,4.12,1.50
2016.09.27 16:00:54.302,1.32482,1.32493,4.50,1.50
2016.09.27 16:00:54.426,1.32482,1.32493,5.10,1.50
2016.09.27 16:00:54.478,1.32482,1.32493,2.62,1.50
2016.09.27 16:00:54.529,1.32482,1.32493,2.62,1.87
2016.09.27 16:00:54.580,1.32482,1.32493,4.50,1.50
2016.09.27 16:00:55.227,1.32482,1.32493,4.50,1.37
2016.09.27 16:00:55.329,1.32482,1.32493,4.50,1.50
2016.09.27 16:00:55.431,1.32482,1.32493,4.50,1.37
2016.09.27 16:00:55.940,1.32486,1.32494,1.00,3.37
2016.09.27 16:00:56.065,1.32486,1.32491,1.00,1.00
2016.09.27 16:00:56.116,1.32484,1.32491,1.00,1.00
2016.09.27 16:00:56.167,1.32484,1.32493,1.12,3.37
2016.09.27 16:00:56.219,1.32484,1.32493,1.12,3.75
2016.09.27 16:00:56.270,1.32484,1.32493,2.62,1.12
2016.09.27 16:00:56.321,1.32484,1.32493,2.62,1.00
2016.09.27 16:00:56.373,1.32482,1.32493,3.00,1.12
2016.09.27 16:00:56.527,1.32482,1.32493,3.00,1.50
2016.09.27 16:00:56.578,1.32481,1.32489,3.75,1.00
2016.09.27 16:00:56.630,1.32482,1.32489,1.75,1.12
2016.09.27 16:00:56.681,1.32483,1.32488,1.00,1.50
2016.09.27 16:00:56.872,1.3248,1.32488,1.00,1.50
2016.09.27 16:00:57.245,1.3248,1.32488,1.00,1.00
2016.09.27 16:00:57.806,1.3248,1.32489,1.00,1.87
2016.09.27 16:00:57.857,1.3248,1.32489,1.00,1.50
2016.09.27 16:00:58.468,1.3248,1.32489,1.00,1.87
2016.09.27 16:00:58.621,1.3248,1.32489,1.00,2.25
2016.09.27 16:00:58.738,1.32478,1.32489,4.12,1.60
2016.09.27 16:00:58.789,1.32478,1.32489,4.12,2.10
2016.09.27 16:00:58.840,1.32479,1.3249,1.75,3.60
2016.09.27 16:00:58.891,1.32479,1.32489,1.50,3.60
2016.09.27 16:00:58.942,1.32479,1.32489,1.50,3.22
2016.09.27 16:00:58.993,1.32479,1.32489,3.37,1.30
2016.09.27 16:00:59.045,1.32479,1.32489,3.37,1.30
2016.09.27 16:00:59.096,1.3248,1.32489,1.00,1.00
2016.09.27 16:00:59.147,1.3248,1.32489,1.00,1.12
2016.09.27 16:00:59.248,1.3248,1.32489,1.00,1.50
2016.09.27 16:00:59.402,1.3248,1.32489,1.50,1.50
2016.09.27 16:00:59.453,1.3248,1.32489,2.01,1.50
2016.09.27 16:00:59.504,1.3248,1.32489,2.38,1.00
2016.09.27 16:00:59.624,1.32483,1.32489,1.87,1.00
2016.09.27 16:00:59.676,1.32484,1.32494,1.12,2.25
2016.09.27 16:00:59.727,1.32484,1.32493,1.12,1.12
2016.09.27 16:00:59.778,1.32485,1.32493,1.50,1.00
2016.09.27 16:00:59.829,1.32485,1.32493,1.87,1.00
2016.09.27 16:00:59.880,1.32485,1.32493,3.75,1.00
2016.09.27 16:00:59.931,1.32485,1.32495,3.75,1.12
2016.09.27 16:01:00.136,1.32485,1.32492,3.75,1.00
2016.09.27 16:01:00.238,1.32485,1.32493,3.37,1.50
2016.09.27 16:01:00.411,1.32485,1.32492,3.37,1.00
2016.09.27 16:01:00.465,1.32485,1.32493,3.37,1.50
2016.09.27 16:01:00.722,1.32485,1.32493,4.12,1.50
2016.09.27 16:01:00.773,1.32486,1.32496,2.25,3.37
2016.09.27 16:01:00.864,1.32487,1.32495,1.00,1.00
2016.09.27 16:01:00.916,1.32488,1.32495,1.00,1.00
2016.09.27 16:01:00.967,1.32488,1.32495,1.50,1.50
2016.09.27 16:01:01.070,1.32488,1.32495,1.75,1.50
2016.09.27 16:01:01.121,1.32487,1.32495,3.37,1.50
2016.09.27 16:01:01.172,1.32487,1.32495,4.12,1.00
2016.09.27 16:01:01.224,1.32487,1.32494,3.37,1.00
2016.09.27 16:01:01.350,1.32487,1.32494,2.62,2.25
2016.09.27 16:01:01.453,1.32489,1.32493,1.00,1.00
2016.09.27 16:01:01.505,1.32486,1.32493,2.62,1.00
2016.09.27 16:01:01.557,1.32486,1.32493,2.25,1.25
2016.09.27 16:01:01.609,1.32485,1.32493,1.50,1.25
2016.09.27 16:01:01.660,1.32487,1.32493,1.00,1.00
2016.09.27 16:01:01.763,1.32483,1.32491,1.75,1.50
2016.09.27 16:01:01.814,1.32483,1.32491,1.75,1.00
2016.09.27 16:01:01.865,1.32483,1.32489,1.50,1.00
2016.09.27 16:01:01.954,1.32483,1.3249,1.00,2.25
2016.09.27 16:01:02.006,1.32482,1.3249,2.62,2.25
2016.09.27 16:01:02.247,1.32482,1.3249,2.62,1.50
2016.09.27 16:01:02.400,1.32482,1.3249,2.62,2.25
2016.09.27 16:01:02.452,1.32484,1.3249,1.00,4.31
2016.09.27 16:01:02.503,1.32483,1.3249,1.00,5.06
2016.09.27 16:01:02.554,1.32483,1.32489,1.00,1.62
2016.09.27 16:01:02.606,1.32483,1.32487,1.00,1.00
2016.09.27 16:01:02.658,1.3248,1.32487,2.62,1.87
2016.09.27 16:01:02.760,1.32479,1.32487,2.62,1.12
2016.09.27 16:01:02.811,1.3248,1.32487,1.00,1.31
2016.09.27 16:01:02.862,1.32476,1.32487,5.62,1.25
2016.09.27 16:01:02.913,1.32477,1.32486,1.75,1.00
2016.09.27 16:01:02.964,1.3248,1.32486,1.00,1.00
2016.09.27 16:01:03.169,1.32477,1.32486,1.50,1.00
2016.09.27 16:01:03.474,1.3248,1.32486,1.00,1.00
2016.09.27 16:01:03.610,1.3248,1.32487,1.00,1.68
2016.09.27 16:01:04.655,1.3248,1.32486,1.00,1.00
2016.09.27 16:01:05.588,1.3248,1.32487,1.00,1.50
2016.09.27 16:01:05.641,1.3248,1.32485,1.00,1.00
2016.09.27 16:01:05.692,1.32476,1.32485,4.12,1.00
2016.09.27 16:01:05.744,1.32476,1.32486,3.37,1.12
2016.09.27 16:01:05.795,1.32476,1.32486,1.50,1.37
2016.09.27 16:01:05.875,1.32476,1.32485,2.25,1.12
2016.09.27 16:01:05.927,1.32476,1.32487,1.50,4.87
2016.09.27 16:01:05.979,1.32476,1.32487,3.37,1.87
2016.09.27 16:01:06.030,1.32476,1.32487,3.37,1.50
2016.09.27 16:01:06.082,1.32476,1.32487,3.37,1.50
2016.09.27 16:01:06.134,1.32477,1.32487,1.75,1.50
2016.09.27 16:01:06.367,1.32477,1.32487,1.75,2.06
2016.09.27 16:01:06.418,1.32476,1.32487,4.12,2.06
2016.09.27 16:01:06.875,1.32476,1.32487,4.87,1.00
2016.09.27 16:01:06.960,1.32478,1.32487,1.50,1.00
2016.09.27 16:01:07.011,1.32478,1.32487,1.12,1.12
2016.09.27 16:01:07.084,1.32478,1.32487,3.00,1.00
2016.09.27 16:01:07.137,1.32478,1.32487,4.12,1.00
2016.09.27 16:01:07.239,1.32478,1.32487,3.37,1.00
2016.09.27 16:01:07.341,1.32478,1.32489,4.12,1.87
2016.09.27 16:01:07.545,1.32481,1.32489,1.00,1.37
2016.09.27 16:01:07.597,1.32481,1.32491,1.00,2.25
2016.09.27 16:01:07.648,1.3248,1.32491,2.62,1.50
2016.09.27 16:01:07.700,1.32482,1.32492,1.00,4.31
2016.09.27 16:01:07.752,1.32484,1.32492,1.00,4.31
2016.09.27 16:01:07.803,1.32484,1.32492,1.00,1.12
2016.09.27 16:01:07.938,1.32484,1.32492,1.12,1.00
2016.09.27 16:01:08.041,1.32484,1.32493,1.12,1.31
2016.09.27 16:01:08.092,1.32483,1.32494,1.50,2.28
2016.09.27 16:01:08.143,1.32483,1.32494,1.50,1.68
2016.09.27 16:01:08.264,1.32483,1.32494,1.50,1.87
2016.09.27 16:01:08.315,1.32483,1.32494,1.50,2.47
2016.09.27 16:01:08.467,1.32483,1.32494,1.50,2.85
2016.09.27 16:01:08.569,1.32483,1.32494,1.50,2.47
2016.09.27 16:01:08.620,1.32483,1.32494,1.50,1.87
2016.09.27 16:01:08.957,1.32483,1.32494,1.50,2.25
2016.09.27 16:01:09.008,1.32483,1.32494,1.50,2.85
2016.09.27 16:01:09.059,1.32483,1.32494,1.50,3.60
2016.09.27 16:01:09.263,1.32483,1.32494,1.50,3.22
2016.09.27 16:01:09.314,1.32483,1.32494,1.50,2.62
2016.09.27 16:01:09.365,1.32483,1.32494,1.50,2.81
2016.09.27 16:01:09.467,1.32483,1.32494,1.50,2.06
2016.09.27 16:01:09.570,1.32483,1.32494,2.25,1.68
2016.09.27 16:01:09.774,1.32483,1.32493,2.25,1.25
2016.09.27 16:01:09.877,1.32483,1.32494,2.25,2.06
2016.09.27 16:01:10.106,1.32483,1.32494,2.25,2.66
2016.09.27 16:01:10.157,1.32483,1.32493,2.38,1.25
2016.09.27 16:01:10.208,1.32483,1.32493,2.38,1.00
2016.09.27 16:01:10.279,1.32483,1.32494,2.25,2.25
2016.09.27 16:01:10.330,1.32483,1.32494,2.25,4.35
2016.09.27 16:01:10.381,1.32483,1.32494,2.25,2.66
2016.09.27 16:01:10.432,1.32483,1.32494,2.25,2.06
2016.09.27 16:01:10.483,1.32484,1.32495,2.47,3.56
2016.09.27 16:01:10.534,1.32486,1.32495,1.00,4.31
2016.09.27 16:01:10.586,1.32486,1.32495,1.50,1.25
2016.09.27 16:01:10.689,1.32488,1.32496,1.00,1.18
2016.09.27 16:01:10.790,1.32488,1.32496,2.62,1.18
2016.09.27 16:01:10.854,1.32488,1.32497,2.62,1.68
2016.09.27 16:01:10.905,1.32488,1.32497,2.62,1.05
2016.09.27 16:01:10.956,1.32488,1.32496,2.62,1.00
2016.09.27 16:01:11.057,1.32488,1.32496,2.62,1.53
2016.09.27 16:01:11.108,1.32487,1.32496,1.50,1.53
2016.09.27 16:01:11.159,1.32487,1.32496,1.50,2.28
2016.09.27 16:01:11.210,1.32487,1.32496,1.50,1.68
2016.09.27 16:01:11.262,1.32487,1.32496,1.50,1.25
2016.09.27 16:01:11.770,1.32486,1.32496,1.75,1.85
2016.09.27 16:01:11.821,1.32486,1.32496,1.75,1.53
2016.09.27 16:01:11.872,1.32486,1.32496,1.50,1.53
2016.09.27 16:01:11.958,1.32486,1.32496,1.50,1.91
2016.09.27 16:01:12.059,1.32486,1.32496,1.50,2.66
2016.09.27 16:01:12.162,1.32486,1.32496,1.50,4.16
2016.09.27 16:01:12.311,1.32486,1.32495,1.50,1.60
2016.09.27 16:01:12.773,1.32486,1.32495,1.50,1.00
2016.09.27 16:01:13.106,1.32486,1.32495,1.50,1.35
2016.09.27 16:01:13.157,1.32486,1.32495,1.50,1.35
2016.09.27 16:01:13.208,1.32485,1.32495,1.75,1.50
2016.09.27 16:01:13.299,1.32485,1.32494,1.12,2.47
2016.09.27 16:01:13.352,1.32484,1.32494,2.25,2.62
2016.09.27 16:01:13.404,1.32485,1.32494,2.62,3.93
2016.09.27 16:01:13.455,1.32485,1.32494,2.62,4.31
2016.09.27 16:01:13.506,1.32482,1.32494,2.25,5.06
2016.09.27 16:01:13.557,1.32482,1.32494,1.75,2.81
2016.09.27 16:01:13.608,1.32482,1.32494,1.75,4.31
2016.09.27 16:01:13.710,1.32482,1.32494,1.75,2.81
2016.09.27 16:01:13.761,1.32482,1.32494,1.87,3.56
2016.09.27 16:01:13.863,1.32482,1.32494,2.62,3.56
2016.09.27 16:01:14.276,1.32482,1.32494,1.75,2.81
2016.09.27 16:01:14.442,1.32481,1.32492,3.93,1.00
2016.09.27 16:01:14.493,1.32484,1.32491,2.62,1.25
2016.09.27 16:01:14.595,1.32484,1.3249,1.00,1.25
2016.09.27 16:01:14.646,1.32484,1.32488,1.00,1.00
2016.09.27 16:01:14.698,1.32482,1.32488,1.00,1.00
2016.09.27 16:01:15.106,1.32479,1.32488,3.37,1.00
2016.09.27 16:01:15.472,1.32479,1.32488,3.37,1.00
2016.09.27 16:01:15.523,1.32479,1.32488,2.62,1.00
2016.09.27 16:01:15.676,1.32479,1.32488,2.62,1.12
2016.09.27 16:01:15.778,1.32479,1.32488,2.62,1.00
2016.09.27 16:01:16.315,1.32479,1.32487,2.62,1.00
2016.09.27 16:01:17.781,1.32479,1.32487,2.62,1.00
2016.09.27 16:01:18.407,1.32479,1.32487,2.62,1.00
2016.09.27 16:01:19.296,1.32479,1.32487,2.62,1.50
2016.09.27 16:01:19.348,1.32479,1.32486,2.62,1.00
2016.09.27 16:01:19.399,1.32478,1.32485,2.62,1.50
2016.09.27 16:01:19.501,1.32476,1.32484,2.62,1.00
2016.09.27 16:01:19.603,1.32474,1.32482,4.59,1.00
2016.09.27 16:01:19.705,1.32475,1.32482,2.62,1.00
2016.09.27 16:01:19.897,1.32476,1.32483,1.00,1.00
2016.09.27 16:01:20.406,1.32474,1.32483,1.50,1.12
2016.09.27 16:01:20.508,1.32474,1.32483,1.97,1.12
2016.09.27 16:01:20.610,1.32474,1.32483,1.50,1.12
2016.09.27 16:01:20.712,1.32474,1.32483,1.97,1.12
2016.09.27 16:01:21.011,1.32473,1.32483,4.87,1.12
2016.09.27 16:01:21.112,1.32474,1.32482,2.62,1.00
2016.09.27 16:01:21.419,1.32473,1.32482,3.00,1.12
2016.09.27 16:01:21.470,1.32473,1.32482,2.25,1.12
2016.09.27 16:01:21.522,1.32473,1.32481,3.37,1.00
2016.09.27 16:01:21.675,1.32473,1.32481,3.37,1.50
2016.09.27 16:01:21.726,1.32474,1.32481,1.00,1.50
2016.09.27 16:01:21.777,1.32474,1.32481,1.00,1.00
2016.09.27 16:01:22.400,1.32471,1.32481,5.62,1.12
2016.09.27 16:01:22.502,1.32471,1.32481,4.87,1.12
2016.09.27 16:01:22.604,1.32472,1.32481,2.62,1.00
2016.09.27 16:01:22.839,1.32471,1.32481,4.87,1.12
2016.09.27 16:01:22.890,1.32472,1.32481,1.75,1.12
2016.09.27 16:01:22.992,1.32471,1.32481,4.87,1.12
2016.09.27 16:01:23.094,1.32472,1.32481,1.75,1.12
2016.09.27 16:01:23.299,1.32474,1.32481,1.00,1.50
2016.09.27 16:01:25.328,1.3247,1.32481,5.62,1.50
2016.09.27 16:01:25.380,1.32471,1.32481,1.75,1.50
2016.09.27 16:01:25.688,1.3247,1.32481,5.62,1.50
2016.09.27 16:01:25.791,1.3247,1.32481,5.62,1.50
2016.09.27 16:01:26.162,1.3247,1.32481,5.62,1.50
2016.09.27 16:01:26.519,1.32471,1.32481,1.75,1.87
2016.09.27 16:01:26.623,1.3247,1.32481,5.62,1.50
2016.09.27 16:01:26.753,1.32471,1.32481,1.75,1.87
2016.09.27 16:01:26.805,1.3247,1.32481,5.62,1.50
2016.09.27 16:01:27.213,1.32471,1.32481,1.75,1.87
2016.09.27 16:01:27.315,1.3247,1.32481,5.62,1.50
2016.09.27 16:01:27.417,1.32471,1.32481,1.75,2.06
2016.09.27 16:01:27.562,1.3247,1.32481,4.87,1.68
2016.09.27 16:01:27.613,1.3247,1.32478,4.87,1.50
2016.09.27 16:01:27.664,1.3247,1.32478,4.12,1.50
2016.09.27 16:01:27.716,1.3247,1.32478,3.37,1.69
2016.09.27 16:01:27.818,1.32469,1.32475,1.00,1.56
2016.09.27 16:01:27.870,1.32469,1.32475,1.00,1.91
2016.09.27 16:01:27.922,1.32468,1.32475,1.00,2.66
2016.09.27 16:01:27.973,1.32468,1.32475,1.00,1.91
2016.09.27 16:01:28.025,1.32469,1.32475,1.00,1.50
2016.09.27 16:01:28.127,1.3247,1.32476,1.00,1.37
2016.09.27 16:01:28.239,1.3247,1.32477,1.00,3.37
2016.09.27 16:01:28.430,1.32467,1.32477,1.37,3.97
2016.09.27 16:01:28.482,1.32467,1.32472,1.87,1.00
2016.09.27 16:01:28.534,1.32467,1.32472,1.37,1.12
2016.09.27 16:01:28.586,1.32465,1.32469,2.62,1.05
2016.09.27 16:01:28.638,1.32463,1.32468,1.25,2.10
2016.09.27 16:01:28.690,1.32463,1.32468,1.00,2.66
2016.09.27 16:01:28.742,1.32463,1.32469,1.00,3.41
2016.09.27 16:01:28.896,1.32462,1.32469,1.50,4.39
2016.09.27 16:01:29.027,1.32463,1.32468,1.00,3.41
2016.09.27 16:01:29.129,1.32463,1.32468,1.00,1.69
2016.09.27 16:01:29.333,1.32459,1.32468,1.75,1.69
2016.09.27 16:01:29.689,1.32459,1.32468,1.75,3.79
2016.09.27 16:01:30.017,1.32459,1.32468,2.25,1.12
2016.09.27 16:01:30.119,1.32459,1.32468,1.75,1.12
2016.09.27 16:01:30.831,1.32459,1.32468,2.25,1.12
2016.09.27 16:01:31.830,1.32459,1.32468,2.25,1.87
2016.09.27 16:01:32.135,1.32459,1.32468,3.75,1.87
2016.09.27 16:01:32.236,1.32459,1.32468,3.00,1.87
2016.09.27 16:01:32.496,1.32459,1.32468,3.75,1.87
2016.09.27 16:01:32.547,1.3246,1.32468,1.50,1.87
2016.09.27 16:01:32.751,1.3246,1.32468,3.37,1.50
2016.09.27 16:01:33.731,1.32459,1.3247,1.87,2.62
2016.09.27 16:01:33.782,1.32459,1.3247,2.25,2.62
2016.09.27 16:01:33.871,1.32459,1.3247,1.75,1.87
2016.09.27 16:01:33.930,1.32466,1.32473,1.50,2.62
2016.09.27 16:01:33.982,1.32464,1.32468,3.00,1.00
2016.09.27 16:01:34.033,1.32462,1.32467,1.50,1.00
2016.09.27 16:01:34.136,1.32462,1.32466,1.00,1.50
2016.09.27 16:01:34.238,1.32459,1.32463,1.00,1.00
2016.09.27 16:01:34.289,1.32461,1.32465,1.00,4.50
2016.09.27 16:01:34.341,1.32461,1.32466,1.00,1.12
2016.09.27 16:01:34.392,1.3246,1.32466,1.00,1.25
2016.09.27 16:01:34.443,1.3246,1.32466,1.00,1.31
2016.09.27 16:01:34.494,1.32458,1.32466,1.00,2.06
2016.09.27 16:01:34.545,1.32461,1.32466,1.00,2.06
2016.09.27 16:01:34.642,1.32459,1.32465,1.00,1.00
2016.09.27 16:01:34.795,1.32459,1.32465,1.00,1.12
2016.09.27 16:01:34.948,1.32459,1.32465,1.00,1.12
2016.09.27 16:01:34.999,1.32459,1.32465,1.50,1.37
2016.09.27 16:01:35.050,1.32459,1.32465,1.50,1.37
2016.09.27 16:01:35.102,1.32459,1.32465,1.00,1.12
2016.09.27 16:01:35.153,1.32459,1.32465,1.00,1.87
2016.09.27 16:01:35.254,1.32459,1.32465,1.00,1.87
2016.09.27 16:01:35.306,1.32459,1.32465,1.50,1.87
2016.09.27 16:01:35.408,1.32459,1.32465,1.00,1.87
2016.09.27 16:01:35.892,1.32459,1.32465,1.50,1.87
2016.09.27 16:01:36.005,1.32459,1.32465,1.00,1.87
2016.09.27 16:01:36.057,1.32458,1.32465,1.50,1.87
2016.09.27 16:01:36.159,1.32458,1.32465,1.50,1.87
2016.09.27 16:01:36.210,1.32458,1.32465,1.00,1.87
2016.09.27 16:01:36.312,1.32458,1.32465,1.00,1.87
2016.09.27 16:01:36.414,1.32458,1.32465,1.00,1.50
2016.09.27 16:01:37.083,1.32458,1.32465,1.00,1.87
2016.09.27 16:01:37.389,1.32458,1.32465,1.00,1.50
2016.09.27 16:01:37.491,1.32458,1.32465,1.00,1.87
2016.09.27 16:01:37.595,1.32458,1.32465,1.50,1.87
2016.09.27 16:01:37.647,1.32458,1.32465,1.50,1.50
2016.09.27 16:01:37.903,1.32458,1.32465,1.50,1.12
2016.09.27 16:01:37.954,1.32458,1.32465,1.50,1.00
2016.09.27 16:01:38.005,1.32458,1.32465,1.00,1.00
2016.09.27 16:01:38.056,1.32458,1.32465,1.00,1.12
2016.09.27 16:01:38.312,1.32458,1.32465,1.50,1.12
2016.09.27 16:01:38.420,1.32458,1.32465,1.00,1.12
2016.09.27 16:01:38.471,1.32458,1.32465,1.00,1.87
2016.09.27 16:01:38.624,1.32457,1.32465,1.50,1.87
2016.09.27 16:01:38.727,1.32457,1.32465,1.00,1.87
2016.09.27 16:01:38.778,1.32457,1.32465,1.00,1.12
2016.09.27 16:01:38.829,1.32457,1.32465,1.50,1.12
2016.09.27 16:01:38.931,1.32457,1.32465,1.00,1.12
2016.09.27 16:01:39.714,1.32457,1.32465,1.50,1.12
2016.09.27 16:01:39.765,1.32457,1.32465,1.00,1.12
2016.09.27 16:01:39.816,1.32456,1.32466,1.87,2.25
2016.09.27 16:01:40.019,1.32457,1.32466,1.00,2.25
2016.09.27 16:01:40.070,1.32457,1.32466,1.00,1.50
2016.09.27 16:01:40.122,1.32459,1.32466,1.00,2.06
2016.09.27 16:01:40.327,1.32458,1.32465,1.00,1.50
2016.09.27 16:01:40.378,1.32458,1.32465,1.00,1.12
2016.09.27 16:01:40.430,1.32457,1.32465,2.25,2.06
2016.09.27 16:01:40.554,1.32457,1.32465,1.50,1.87
2016.09.27 16:01:40.627,1.32457,1.32465,2.25,2.06
2016.09.27 16:01:40.730,1.32457,1.32465,2.25,1.50
2016.09.27 16:01:40.831,1.32457,1.32465,1.50,1.50
2016.09.27 16:01:41.035,1.32457,1.32465,1.50,1.00
2016.09.27 16:01:41.137,1.32457,1.32466,1.87,4.69
2016.09.27 16:01:41.188,1.32457,1.32466,1.87,3.94
2016.09.27 16:01:41.279,1.32457,1.32466,1.87,3.56
2016.09.27 16:01:41.331,1.32457,1.32466,1.12,3.37
2016.09.27 16:01:41.484,1.32457,1.32466,1.12,4.50
2016.09.27 16:01:41.539,1.32457,1.32463,1.12,1.00
2016.09.27 16:01:41.642,1.32457,1.32463,1.00,1.00
2016.09.27 16:01:41.694,1.32452,1.32456,4.50,1.12
2016.09.27 16:01:41.746,1.32451,1.32456,8.25,1.50
2016.09.27 16:01:41.827,1.32445,1.32449,9.75,1.00
2016.09.27 16:01:41.879,1.32441,1.32449,3.00,1.00
2016.09.27 16:01:41.956,1.32443,1.32447,3.00,1.00
2016.09.27 16:01:42.039,1.32443,1.32449,3.00,2.25
2016.09.27 16:01:42.090,1.32444,1.32449,1.00,1.50
2016.09.27 16:01:42.294,1.32443,1.32449,1.00,1.75
2016.09.27 16:01:42.345,1.32441,1.32449,3.00,1.75
2016.09.27 16:01:42.447,1.32442,1.32449,1.12,1.75
2016.09.27 16:01:42.498,1.32442,1.32449,1.12,1.00
2016.09.27 16:01:42.549,1.32442,1.32449,1.87,1.00
2016.09.27 16:01:42.753,1.32442,1.32451,1.87,2.62
2016.09.27 16:01:42.804,1.32441,1.32451,6.00,2.62
2016.09.27 16:01:42.855,1.32442,1.32451,1.00,2.25
2016.09.27 16:01:43.008,1.32442,1.32451,1.50,2.25
2016.09.27 16:01:43.111,1.32442,1.32451,1.00,2.25
2016.09.27 16:01:43.163,1.32442,1.32451,1.50,3.00
2016.09.27 16:01:43.316,1.32442,1.32451,2.25,3.19
2016.09.27 16:01:43.623,1.32442,1.32451,1.50,3.00
2016.09.27 16:01:43.828,1.32442,1.32451,1.50,2.25
2016.09.27 16:01:44.049,1.32443,1.32451,1.00,1.69
2016.09.27 16:01:44.255,1.32442,1.3245,1.50,1.12
2016.09.27 16:01:44.411,1.32442,1.3245,1.00,1.12
2016.09.27 16:01:44.667,1.32441,1.32447,1.87,1.00
2016.09.27 16:01:44.719,1.32439,1.32443,3.75,1.00
2016.09.27 16:01:44.817,1.3244,1.32444,1.00,1.30
2016.09.27 16:01:44.869,1.32437,1.32443,1.00,1.00
2016.09.27 16:01:44.921,1.32437,1.32443,1.00,1.72
2016.09.27 16:01:44.972,1.32438,1.32444,1.00,1.50
2016.09.27 16:01:45.024,1.32438,1.32442,1.00,1.30
2016.09.27 16:01:45.075,1.32436,1.32443,1.87,1.35
2016.09.27 16:01:45.127,1.32435,1.32442,2.25,1.72
2016.09.27 16:01:45.178,1.32435,1.32442,2.25,1.60
2016.09.27 16:01:45.282,1.32435,1.32442,2.25,1.00
2016.09.27 16:01:45.333,1.32434,1.32443,4.12,1.30
2016.09.27 16:01:45.486,1.32434,1.32444,4.12,2.10
2016.09.27 16:01:45.570,1.32434,1.32444,4.87,2.47
2016.09.27 16:01:45.621,1.32435,1.32444,1.50,3.22
2016.09.27 16:01:45.673,1.32435,1.32444,1.50,2.85
2016.09.27 16:01:45.724,1.32434,1.32444,4.12,2.25
2016.09.27 16:01:45.928,1.32434,1.32444,4.12,2.85
2016.09.27 16:01:46.132,1.32435,1.32444,1.50,2.85
2016.09.27 16:01:46.234,1.32434,1.32444,4.12,2.85
2016.09.27 16:01:46.356,1.32436,1.32444,2.62,1.87
2016.09.27 16:01:46.458,1.32436,1.32444,2.62,1.00
2016.09.27 16:01:46.509,1.32436,1.32444,2.62,1.60
2016.09.27 16:01:46.560,1.32438,1.32444,1.00,1.60
2016.09.27 16:01:46.611,1.32436,1.32444,2.62,1.00
2016.09.27 16:01:46.730,1.32436,1.32445,2.62,3.22
2016.09.27 16:01:46.830,1.32436,1.32443,1.00,1.00
2016.09.27 16:01:47.238,1.32436,1.32443,1.50,1.00
2016.09.27 16:01:47.289,1.32436,1.32443,3.37,1.00
2016.09.27 16:01:47.340,1.32436,1.32445,4.12,2.25
2016.09.27 16:01:47.442,1.32436,1.32445,4.31,2.47
2016.09.27 16:01:47.544,1.32436,1.32445,4.87,2.47
2016.09.27 16:01:47.645,1.32436,1.32445,4.87,3.22
2016.09.27 16:01:47.696,1.32436,1.32445,4.12,2.47
2016.09.27 16:01:47.849,1.32436,1.32445,4.12,1.72
2016.09.27 16:01:47.963,1.32436,1.32445,4.12,1.30
2016.09.27 16:01:48.014,1.32436,1.32445,4.87,1.72
2016.09.27 16:01:48.218,1.32436,1.32445,4.12,1.72
2016.09.27 16:01:48.881,1.32436,1.32445,3.37,1.72
2016.09.27 16:01:48.932,1.32436,1.32445,3.37,1.50
2016.09.27 16:01:48.983,1.32436,1.32443,1.12,1.00
2016.09.27 16:01:49.034,1.32436,1.32445,1.12,3.22
2016.09.27 16:01:49.085,1.32436,1.32444,1.12,1.60
2016.09.27 16:01:49.213,1.32436,1.32444,1.87,2.47
2016.09.27 16:01:49.315,1.32436,1.32444,1.12,1.72
2016.09.27 16:01:49.367,1.32436,1.32442,1.00,1.30
2016.09.27 16:01:49.419,1.32436,1.32442,1.50,1.72
2016.09.27 16:01:49.470,1.32436,1.32442,1.50,1.12
2016.09.27 16:01:49.521,1.32436,1.32443,1.00,2.85
2016.09.27 16:01:49.624,1.32436,1.32443,1.00,2.25
2016.09.27 16:01:49.675,1.32435,1.32443,3.00,1.50
2016.09.27 16:01:49.726,1.32436,1.32443,1.31,1.00
2016.09.27 16:01:49.829,1.32435,1.32443,3.00,1.00
2016.09.27 16:01:49.881,1.32435,1.32443,3.00,1.75
2016.09.27 16:01:50.455,1.32435,1.32444,3.00,1.75
2016.09.27 16:01:50.659,1.32436,1.32444,1.12,1.75
2016.09.27 16:01:50.864,1.32435,1.32444,3.00,1.75
2016.09.27 16:01:51.004,1.32438,1.32442,1.00,1.00
2016.09.27 16:01:51.056,1.32437,1.32444,1.00,2.10
2016.09.27 16:01:51.107,1.32437,1.32443,1.00,1.35
2016.09.27 16:01:51.158,1.32437,1.32443,1.00,2.10
2016.09.27 16:01:51.260,1.32437,1.32443,1.00,1.35
2016.09.27 16:01:51.667,1.32436,1.32443,1.12,1.35
2016.09.27 16:01:52.250,1.32436,1.32443,1.87,2.10
2016.09.27 16:01:52.352,1.32436,1.32443,1.12,1.35
2016.09.27 16:01:52.454,1.32437,1.32444,1.00,2.25
2016.09.27 16:01:52.505,1.32437,1.32444,1.50,2.25
2016.09.27 16:01:52.556,1.32439,1.32443,1.50,1.00
2016.09.27 16:01:52.658,1.32441,1.32445,2.25,1.00
2016.09.27 16:01:52.760,1.32441,1.32448,3.75,1.12
2016.09.27 16:01:52.811,1.32442,1.32448,1.50,1.00
2016.09.27 16:01:52.863,1.32442,1.3245,1.12,1.12
2016.09.27 16:01:52.914,1.32442,1.3245,1.00,1.75
2016.09.27 16:01:53.076,1.32442,1.32451,1.50,3.37
2016.09.27 16:01:53.178,1.32442,1.32451,1.50,3.00
2016.09.27 16:01:53.305,1.32442,1.32451,1.50,2.25
2016.09.27 16:01:53.784,1.32442,1.32451,1.00,2.25
2016.09.27 16:01:53.836,1.32442,1.32451,1.12,2.25
2016.09.27 16:01:53.887,1.32442,1.32451,1.12,2.62
2016.09.27 16:01:53.938,1.32443,1.32447,1.00,1.00
2016.09.27 16:01:54.041,1.32443,1.32447,1.87,1.00
2016.09.27 16:01:54.449,1.32443,1.32447,1.00,1.00
2016.09.27 16:01:54.730,1.32443,1.32447,1.87,1.00
2016.09.27 16:01:54.832,1.32442,1.32446,1.50,1.12
2016.09.27 16:01:54.883,1.32441,1.32445,2.25,1.00
2016.09.27 16:01:54.935,1.32443,1.32447,1.00,1.72
2016.09.27 16:01:54.986,1.32441,1.32446,1.12,1.00
2016.09.27 16:01:55.038,1.3244,1.32447,2.62,1.12
2016.09.27 16:01:55.089,1.3244,1.32446,2.25,2.62
2016.09.27 16:01:55.140,1.3244,1.32444,3.00,1.00
2016.09.27 16:01:55.191,1.3244,1.32447,3.00,1.12
2016.09.27 16:01:55.280,1.32439,1.32448,3.37,1.12
2016.09.27 16:01:55.332,1.32439,1.32448,2.62,1.12
2016.09.27 16:01:55.624,1.3244,1.32448,1.00,1.12
2016.09.27 16:01:55.727,1.3244,1.32448,1.50,1.12
2016.09.27 16:01:55.828,1.3244,1.32448,1.00,1.12
2016.09.27 16:01:56.032,1.3244,1.32448,1.50,1.12
2016.09.27 16:01:56.135,1.3244,1.32448,1.00,1.12
2016.09.27 16:01:56.339,1.3244,1.32448,1.50,1.12
2016.09.27 16:01:56.441,1.3244,1.32448,1.00,1.12
2016.09.27 16:01:57.082,1.32439,1.32448,1.12,1.12
2016.09.27 16:01:57.235,1.3244,1.32446,1.00,1.37
2016.09.27 16:01:57.286,1.3244,1.32449,1.12,1.12
2016.09.27 16:01:57.532,1.3244,1.32449,1.87,1.12
2016.09.27 16:01:57.736,1.3244,1.32449,1.12,1.12
2016.09.27 16:01:58.152,1.3244,1.32449,1.87,1.12
2016.09.27 16:01:58.445,1.3244,1.32449,1.12,1.12
2016.09.27 16:01:58.547,1.3244,1.32447,1.87,1.12
2016.09.27 16:01:58.750,1.3244,1.32447,1.12,1.12
2016.09.27 16:01:59.240,1.32438,1.32447,3.00,1.12
2016.09.27 16:01:59.343,1.32439,1.32447,1.37,1.12
2016.09.27 16:01:59.496,1.32439,1.32447,1.00,1.75
2016.09.27 16:01:59.548,1.32438,1.32447,3.00,1.75
2016.09.27 16:01:59.650,1.32439,1.32447,1.00,1.75
2016.09.27 16:01:59.920,1.32439,1.32447,1.50,1.75
2016.09.27 16:01:59.971,1.32439,1.32447,1.50,1.87
2016.09.27 16:02:00.023,1.32439,1.32445,1.00,1.30
2016.09.27 16:02:00.074,1.32438,1.32445,1.00,1.72
2016.09.27 16:02:00.176,1.32438,1.32445,1.00,3.60
2016.09.27 16:02:00.279,1.32436,1.32443,2.25,1.12
2016.09.27 16:02:00.330,1.32436,1.32443,1.12,1.50
2016.09.27 16:02:00.382,1.32436,1.32443,1.37,1.12
2016.09.27 16:02:00.433,1.32436,1.32443,2.25,1.12
2016.09.27 16:02:00.536,1.32436,1.32443,1.75,1.12
2016.09.27 16:02:00.888,1.32436,1.32443,1.37,1.12
2016.09.27 16:02:00.999,1.32436,1.32443,1.00,1.12
2016.09.27 16:02:01.202,1.32436,1.32444,1.00,2.10
2016.09.27 16:02:01.355,1.32436,1.32444,1.00,1.50
2016.09.27 16:02:01.508,1.32436,1.32445,1.50,2.62
2016.09.27 16:02:01.559,1.32436,1.32445,1.50,1.87
2016.09.27 16:02:01.774,1.32436,1.32444,1.50,1.67
2016.09.27 16:02:01.825,1.32436,1.32444,1.37,1.37
2016.09.27 16:02:01.876,1.32436,1.32444,4.12,1.37
2016.09.27 16:02:02.009,1.32436,1.32445,4.50,1.75
2016.09.27 16:02:02.060,1.32436,1.32445,2.25,1.75
2016.09.27 16:02:02.111,1.32436,1.32445,2.25,1.75
2016.09.27 16:02:02.264,1.32437,1.32447,1.50,3.00
2016.09.27 16:02:02.315,1.32437,1.32447,1.50,3.00
2016.09.27 16:02:02.671,1.32437,1.32447,1.50,3.75
2016.09.27 16:02:02.805,1.32437,1.32447,1.50,3.00
2016.09.27 16:02:03.165,1.32437,1.32447,1.50,3.75
2016.09.27 16:02:03.370,1.32437,1.32447,1.87,2.62
2016.09.27 16:02:03.474,1.32437,1.32447,1.87,3.37
2016.09.27 16:02:04.140,1.3244,1.32447,1.00,2.62
2016.09.27 16:02:04.192,1.3244,1.32447,1.00,1.12
2016.09.27 16:02:04.243,1.32441,1.32449,1.00,1.87
2016.09.27 16:02:04.294,1.32441,1.32449,3.00,1.75
2016.09.27 16:02:04.345,1.32442,1.32449,1.00,1.75
2016.09.27 16:02:04.397,1.32441,1.32449,3.37,1.50
2016.09.27 16:02:04.448,1.32441,1.32451,3.37,1.87
2016.09.27 16:02:04.499,1.32441,1.32451,3.37,1.87
2016.09.27 16:02:04.703,1.32442,1.32451,1.00,1.87
2016.09.27 16:02:04.754,1.32442,1.32451,1.00,2.25
2016.09.27 16:02:05.348,1.32442,1.32451,1.87,3.00
2016.09.27 16:02:05.399,1.32442,1.32451,1.50,1.12
2016.09.27 16:02:05.452,1.32444,1.32453,1.18,2.62
2016.09.27 16:02:05.503,1.32444,1.32453,1.18,2.62
2016.09.27 16:02:05.554,1.32447,1.32451,1.50,1.00
2016.09.27 16:02:05.605,1.32449,1.32453,1.00,1.12
2016.09.27 16:02:05.656,1.32449,1.32453,1.50,1.12
2016.09.27 16:02:05.708,1.32449,1.32455,1.87,1.12
2016.09.27 16:02:05.759,1.32451,1.32458,1.00,2.25
2016.09.27 16:02:05.810,1.32451,1.32458,1.00,2.25
2016.09.27 16:02:05.930,1.32451,1.32457,1.00,1.50
2016.09.27 16:02:06.005,1.32449,1.32458,1.75,2.00
2016.09.27 16:02:06.056,1.32449,1.32458,1.50,2.00
2016.09.27 16:02:06.209,1.32449,1.32458,1.50,2.00
2016.09.27 16:02:06.260,1.32448,1.32456,1.75,1.19
2016.09.27 16:02:06.362,1.32447,1.32456,3.37,2.81
2016.09.27 16:02:06.413,1.32447,1.32456,1.75,3.19
2016.09.27 16:02:06.464,1.32447,1.32456,1.75,2.25
2016.09.27 16:02:06.515,1.32447,1.32456,1.75,1.50
2016.09.27 16:02:06.566,1.32446,1.32456,3.37,2.25
2016.09.27 16:02:06.617,1.32449,1.32456,1.00,2.62
2016.09.27 16:02:06.668,1.32449,1.32456,1.00,3.75
2016.09.27 16:02:06.798,1.32445,1.32454,4.12,2.25
2016.09.27 16:02:06.851,1.32446,1.32452,2.62,1.50
2016.09.27 16:02:06.954,1.32444,1.32452,2.62,2.25
2016.09.27 16:02:07.006,1.32444,1.32452,2.62,3.75
2016.09.27 16:02:07.059,1.32442,1.3245,3.37,1.00
2016.09.27 16:02:07.110,1.32442,1.3245,1.37,1.50
2016.09.27 16:02:07.162,1.32443,1.3245,1.00,3.75
2016.09.27 16:02:07.213,1.32443,1.32449,1.00,1.12
2016.09.27 16:02:07.265,1.32443,1.32449,1.00,1.50
2016.09.27 16:02:07.386,1.3244,1.32449,1.50,1.50
2016.09.27 16:02:07.540,1.3244,1.32449,1.12,1.87
2016.09.27 16:02:07.592,1.3244,1.32449,1.12,1.37
2016.09.27 16:02:07.644,1.3244,1.3245,2.25,1.75
2016.09.27 16:02:07.695,1.3244,1.32451,3.00,1.87
2016.09.27 16:02:07.950,1.32441,1.32451,2.25,1.12
2016.09.27 16:02:08.227,1.32441,1.32451,1.50,1.12
2016.09.27 16:02:08.878,1.32441,1.32451,1.50,1.87
2016.09.27 16:02:08.991,1.32441,1.32451,1.50,1.12
2016.09.27 16:02:09.569,1.32441,1.32451,1.87,1.87
2016.09.27 16:02:09.671,1.32442,1.32451,1.69,1.12
2016.09.27 16:02:09.722,1.32442,1.32452,2.44,1.12
2016.09.27 16:02:09.774,1.32444,1.32453,1.12,1.87
2016.09.27 16:02:09.825,1.32444,1.32453,1.37,1.50
2016.09.27 16:02:09.877,1.32444,1.32453,1.63,1.37
2016.09.27 16:02:09.929,1.32444,1.32453,2.01,1.37
2016.09.27 16:02:10.025,1.32444,1.32454,4.12,1.50
2016.09.27 16:02:10.076,1.32447,1.32452,1.00,1.00
2016.09.27 16:02:10.127,1.32444,1.32452,2.62,1.00
2016.09.27 16:02:10.179,1.32442,1.32452,4.50,1.00
2016.09.27 16:02:10.285,1.32442,1.32452,3.75,1.12
2016.09.27 16:02:10.388,1.32442,1.32452,3.75,1.12
2016.09.27 16:02:10.439,1.32442,1.32452,3.37,1.12
2016.09.27 16:02:10.491,1.32442,1.32453,3.37,1.50
2016.09.27 16:02:10.543,1.32444,1.32453,1.50,1.50
2016.09.27 16:02:10.594,1.32444,1.32454,1.50,4.12
2016.09.27 16:02:10.821,1.32442,1.32453,4.87,3.00
2016.09.27 16:02:10.872,1.32442,1.32454,3.56,4.12
2016.09.27 16:02:10.924,1.32443,1.32454,1.75,3.75
2016.09.27 16:02:11.012,1.32443,1.32454,2.25,3.00
2016.09.27 16:02:11.064,1.32444,1.32454,1.50,3.37
2016.09.27 16:02:11.116,1.32444,1.32454,1.50,4.12
2016.09.27 16:02:11.270,1.32444,1.32454,1.50,3.75
2016.09.27 16:02:11.321,1.32444,1.32453,1.50,2.25
2016.09.27 16:02:11.372,1.32442,1.32453,4.50,2.25
2016.09.27 16:02:11.442,1.32442,1.32453,4.12,2.25
2016.09.27 16:02:11.595,1.32442,1.32453,4.87,3.00
2016.09.27 16:02:11.721,1.32442,1.32453,4.87,3.00
2016.09.27 16:02:11.772,1.32442,1.32453,4.12,2.25
2016.09.27 16:02:12.341,1.32442,1.32453,4.12,1.50
2016.09.27 16:02:12.443,1.32443,1.32453,1.75,1.50
2016.09.27 16:02:12.494,1.32444,1.32453,1.50,2.25
2016.09.27 16:02:12.546,1.32444,1.32453,1.50,1.50
2016.09.27 16:02:12.597,1.32444,1.32454,1.50,4.12
2016.09.27 16:02:12.648,1.32444,1.32454,1.50,3.37
2016.09.27 16:02:12.750,1.32444,1.32454,1.50,4.12
2016.09.27 16:02:12.801,1.32444,1.32454,1.50,4.12
2016.09.27 16:02:12.925,1.32444,1.32454,1.50,3.37
2016.09.27 16:02:12.976,1.32444,1.32454,1.50,2.62
2016.09.27 16:02:13.180,1.32444,1.32454,1.50,3.37
2016.09.27 16:02:13.485,1.32444,1.32454,1.50,1.87
2016.09.27 16:02:13.588,1.32444,1.32454,2.25,2.62
2016.09.27 16:02:13.639,1.32444,1.32454,2.25,2.25
2016.09.27 16:02:13.690,1.32446,1.32454,1.00,1.75
2016.09.27 16:02:13.741,1.32446,1.32454,1.00,1.12
2016.09.27 16:02:13.792,1.32446,1.32454,1.00,1.87
2016.09.27 16:02:14.172,1.32446,1.32455,1.00,3.00
2016.09.27 16:02:14.275,1.32446,1.32455,1.00,2.25
2016.09.27 16:02:14.429,1.32446,1.32455,1.00,2.25
2016.09.27 16:02:14.480,1.32445,1.32455,4.50,1.87
2016.09.27 16:02:14.531,1.32446,1.32454,1.50,1.12
2016.09.27 16:02:14.582,1.32447,1.32454,1.37,1.12
2016.09.27 16:02:14.634,1.32449,1.32455,1.12,1.87
2016.09.27 16:02:14.685,1.32449,1.32454,1.87,1.00
2016.09.27 16:02:14.736,1.3245,1.32456,1.12,2.62
2016.09.27 16:02:14.817,1.3245,1.32458,1.00,1.87
2016.09.27 16:02:14.869,1.3245,1.32458,1.75,1.00
2016.09.27 16:02:15.025,1.32451,1.32458,1.50,1.00
2016.09.27 16:02:15.076,1.32451,1.32457,1.50,1.00
2016.09.27 16:02:15.179,1.32451,1.32457,1.37,1.00
2016.09.27 16:02:15.279,1.32452,1.32458,1.12,1.00
2016.09.27 16:02:15.382,1.32452,1.32461,2.25,1.87
2016.09.27 16:02:15.433,1.32452,1.32461,1.50,1.87
2016.09.27 16:02:15.485,1.32453,1.32461,1.12,1.12
2016.09.27 16:02:15.536,1.32453,1.32461,1.12,1.00
2016.09.27 16:02:15.655,1.32455,1.32461,1.00,1.00
2016.09.27 16:02:15.706,1.32455,1.32462,1.00,1.50
2016.09.27 16:02:15.757,1.32453,1.32463,2.25,1.87
2016.09.27 16:02:15.808,1.32454,1.32463,1.50,1.87
2016.09.27 16:02:15.860,1.32456,1.32463,1.50,1.12
2016.09.27 16:02:15.911,1.32456,1.32464,1.50,1.50
2016.09.27 16:02:15.981,1.32456,1.32464,1.50,1.00
2016.09.27 16:02:16.287,1.32456,1.32465,1.50,2.10
2016.09.27 16:02:16.447,1.32456,1.32465,1.50,1.50
2016.09.27 16:02:16.905,1.32456,1.32465,1.50,1.35
2016.09.27 16:02:16.957,1.32458,1.32465,1.00,1.35
2016.09.27 16:02:17.162,1.32458,1.32465,1.00,1.72
2016.09.27 16:02:17.489,1.32457,1.32465,1.00,2.10
2016.09.27 16:02:17.541,1.32457,1.32464,1.50,1.30
2016.09.27 16:02:17.644,1.32457,1.32465,1.50,1.72
2016.09.27 16:02:17.696,1.32457,1.32465,1.50,1.30
2016.09.27 16:02:17.900,1.32457,1.32466,1.50,2.85
2016.09.27 16:02:17.993,1.32457,1.32466,1.50,2.10
2016.09.27 16:02:18.248,1.32457,1.32465,3.00,1.67
2016.09.27 16:02:18.300,1.32457,1.32465,2.62,1.72
2016.09.27 16:02:18.453,1.32457,1.32465,1.87,1.72
2016.09.27 16:02:18.708,1.32457,1.32465,1.87,1.37
2016.09.27 16:02:18.760,1.32457,1.32465,2.62,1.00
2016.09.27 16:02:18.811,1.32457,1.32466,3.00,1.72
2016.09.27 16:02:19.003,1.32457,1.32466,2.25,1.72
2016.09.27 16:02:19.259,1.32457,1.32466,2.25,1.35
2016.09.27 16:02:19.320,1.32457,1.32466,2.25,1.00
2016.09.27 16:02:19.727,1.3246,1.32466,1.00,1.00
2016.09.27 16:02:19.882,1.32461,1.32469,1.37,1.12
2016.09.27 16:02:19.933,1.3246,1.32471,3.00,4.87
2016.09.27 16:02:20.060,1.32461,1.3247,1.75,1.12
2016.09.27 16:02:20.171,1.3246,1.32471,4.87,3.00
2016.09.27 16:02:20.278,1.3246,1.32468,2.62,1.00
2016.09.27 16:02:20.329,1.3246,1.32468,2.62,1.00
2016.09.27 16:02:20.380,1.3246,1.3247,2.62,1.87
2016.09.27 16:02:20.431,1.3246,1.3247,3.00,1.12
2016.09.27 16:02:20.482,1.3246,1.3247,1.12,1.12
2016.09.27 16:02:20.533,1.3246,1.32471,1.12,4.12
2016.09.27 16:02:20.584,1.32461,1.32471,2.62,3.75
2016.09.27 16:02:20.636,1.32461,1.3247,2.62,1.87
2016.09.27 16:02:20.841,1.32461,1.3247,2.62,1.12
2016.09.27 16:02:20.944,1.32461,1.3247,2.62,1.87
2016.09.27 16:02:21.085,1.32463,1.32467,1.00,1.00
2016.09.27 16:02:21.137,1.32463,1.32468,1.00,2.06
2016.09.27 16:02:21.188,1.32459,1.32467,2.62,1.00
2016.09.27 16:02:21.239,1.32459,1.32466,2.62,1.50
2016.09.27 16:02:21.290,1.32458,1.32466,3.37,1.50
2016.09.27 16:02:21.341,1.32458,1.32466,2.62,1.00
2016.09.27 16:02:21.393,1.32457,1.32466,1.75,1.00
2016.09.27 16:02:21.546,1.32456,1.32465,2.62,1.00
2016.09.27 16:02:21.596,1.32456,1.32465,2.62,1.35
2016.09.27 16:02:22.025,1.32456,1.32466,2.62,2.10
2016.09.27 16:02:22.128,1.32456,1.32466,2.62,1.50
2016.09.27 16:02:22.332,1.32456,1.32466,2.62,1.00
2016.09.27 16:02:22.434,1.32456,1.32466,2.62,1.35
2016.09.27 16:02:22.537,1.32456,1.32466,2.62,2.10
2016.09.27 16:02:22.708,1.32456,1.32466,2.62,1.35
2016.09.27 16:02:22.810,1.32456,1.32466,2.62,1.00
2016.09.27 16:02:23.661,1.32456,1.32466,2.62,2.25
2016.09.27 16:02:23.712,1.32455,1.32466,5.25,2.62
2016.09.27 16:02:23.778,1.32455,1.32466,4.50,1.87
2016.09.27 16:02:23.938,1.32457,1.32466,1.37,2.62
2016.09.27 16:02:23.989,1.32457,1.32465,1.37,1.12
2016.09.27 16:02:24.041,1.32455,1.32465,3.00,1.12
2016.09.27 16:02:24.362,1.32455,1.32465,3.37,1.12
2016.09.27 16:02:24.464,1.32455,1.32464,3.37,1.00
2016.09.27 16:02:24.515,1.32456,1.32464,1.50,1.00
2016.09.27 16:02:24.566,1.32456,1.32464,1.50,1.00
2016.09.27 16:02:24.617,1.32456,1.32464,3.37,1.00
2016.09.27 16:02:24.888,1.32456,1.32464,3.37,1.00
2016.09.27 16:02:25.365,1.32456,1.32466,3.37,1.00
2016.09.27 16:02:25.466,1.32456,1.32466,3.37,1.50
2016.09.27 16:02:25.517,1.32456,1.32466,3.37,2.10
2016.09.27 16:02:25.568,1.32456,1.32466,3.37,1.35
2016.09.27 16:02:25.670,1.32456,1.32466,3.37,1.72
2016.09.27 16:02:25.721,1.32456,1.32465,3.37,1.00
2016.09.27 16:02:25.773,1.32456,1.32464,3.37,1.49
2016.09.27 16:02:25.824,1.32456,1.32463,2.62,1.25
2016.09.27 16:02:25.875,1.32459,1.32463,1.00,1.25
2016.09.27 16:02:25.950,1.32459,1.32463,1.00,1.50
2016.09.27 16:02:26.008,1.32456,1.3246,1.00,1.00
2016.09.27 16:02:26.070,1.32455,1.32462,1.75,1.50
2016.09.27 16:02:26.275,1.32455,1.32462,1.75,2.44
2016.09.27 16:02:26.378,1.32455,1.32462,1.75,1.50
2016.09.27 16:02:26.480,1.32455,1.32462,1.75,2.44
2016.09.27 16:02:26.531,1.32455,1.32462,1.75,1.50
2016.09.27 16:02:26.633,1.32457,1.32462,1.00,2.06
2016.09.27 16:02:26.735,1.32457,1.32462,1.00,2.81
2016.09.27 16:02:26.840,1.32457,1.32462,1.00,3.37
2016.09.27 16:02:26.942,1.32455,1.32462,1.75,2.62
2016.09.27 16:02:27.045,1.32457,1.32461,1.00,1.12
2016.09.27 16:02:27.147,1.32457,1.32461,1.00,1.50
2016.09.27 16:02:27.252,1.32457,1.32461,1.00,1.69
2016.09.27 16:02:27.472,1.32457,1.32461,1.00,2.62
2016.09.27 16:02:27.675,1.32457,1.32461,1.00,1.69
2016.09.27 16:02:28.160,1.32457,1.32461,1.00,2.62
2016.09.27 16:02:28.365,1.32457,1.32461,1.00,1.50
2016.09.27 16:02:28.729,1.32455,1.32461,1.75,2.25
2016.09.27 16:02:29.365,1.32455,1.32461,1.75,3.00
2016.09.27 16:02:29.744,1.32455,1.32461,1.75,2.25
2016.09.27 16:02:30.080,1.32455,1.32461,1.75,3.00
2016.09.27 16:02:30.131,1.32456,1.3246,1.00,1.00
2016.09.27 16:02:30.182,1.32455,1.32459,1.50,1.00
2016.09.27 16:02:30.233,1.32455,1.32463,1.75,3.75
2016.09.27 16:02:30.387,1.32455,1.3246,1.50,1.50
2016.09.27 16:02:30.539,1.32455,1.32459,1.50,1.00
2016.09.27 16:02:30.721,1.32455,1.3246,1.50,1.50
2016.09.27 16:02:30.986,1.32455,1.32459,1.50,1.00
2016.09.27 16:02:31.258,1.32455,1.32461,1.50,2.25
2016.09.27 16:02:31.843,1.32455,1.3246,1.50,1.00
2016.09.27 16:02:31.965,1.32455,1.3246,1.50,2.25
2016.09.27 16:02:32.168,1.32454,1.32458,1.50,1.00
2016.09.27 16:02:32.348,1.32455,1.32461,1.75,2.25
2016.09.27 16:02:32.654,1.32456,1.3246,1.00,1.00
2016.09.27 16:02:32.756,1.32456,1.3246,1.00,1.50
2016.09.27 16:02:32.858,1.32456,1.3246,1.00,1.00
2016.09.27 16:02:33.554,1.32456,1.3246,1.00,1.50
2016.09.27 16:02:33.656,1.32456,1.3246,1.00,1.00
2016.09.27 16:02:33.859,1.32456,1.3246,1.00,1.50
2016.09.27 16:02:34.083,1.32456,1.3246,1.00,1.00
2016.09.27 16:02:34.253,1.32456,1.3246,1.00,1.50
2016.09.27 16:02:34.304,1.32456,1.3246,1.00,2.25
2016.09.27 16:02:34.355,1.32456,1.3246,1.00,1.50
2016.09.27 16:02:34.458,1.32456,1.3246,1.00,2.25
2016.09.27 16:02:34.560,1.32456,1.3246,1.00,1.50
2016.09.27 16:02:34.791,1.32456,1.3246,1.00,1.00
2016.09.27 16:02:35.554,1.32456,1.3246,1.00,1.50
2016.09.27 16:02:35.656,1.32454,1.3246,1.12,1.50
2016.09.27 16:02:36.049,1.32454,1.3246,1.12,1.00
2016.09.27 16:02:36.253,1.32454,1.3246,1.12,1.50
2016.09.27 16:02:36.355,1.32455,1.3246,1.00,1.00
2016.09.27 16:02:36.457,1.32454,1.3246,1.37,1.00
2016.09.27 16:02:36.649,1.32454,1.3246,1.37,1.50
2016.09.27 16:02:36.751,1.32454,1.3246,1.37,1.00
2016.09.27 16:02:37.466,1.32454,1.32461,1.37,1.00
2016.09.27 16:02:37.671,1.32454,1.32461,1.37,1.50
2016.09.27 16:02:37.820,1.32454,1.32461,1.37,1.00
2016.09.27 16:02:37.871,1.32454,1.32461,1.37,1.50
2016.09.27 16:02:38.150,1.32454,1.32461,1.37,1.00
2016.09.27 16:02:38.557,1.32454,1.32461,1.37,1.50
2016.09.27 16:02:38.608,1.32453,1.32461,1.87,1.50
2016.09.27 16:02:38.659,1.32453,1.32461,1.87,1.00
2016.09.27 16:02:38.999,1.32453,1.3246,1.87,1.00
2016.09.27 16:02:39.128,1.32453,1.3246,1.12,2.62
2016.09.27 16:02:39.179,1.32453,1.3246,2.62,2.62
2016.09.27 16:02:39.260,1.32454,1.32459,1.00,1.00
2016.09.27 16:02:39.362,1.32452,1.3246,1.50,2.62
2016.09.27 16:02:39.871,1.32452,1.32459,1.50,1.00
2016.09.27 16:02:40.256,1.32451,1.32457,3.00,1.00
2016.09.27 16:02:40.308,1.32451,1.32457,1.37,1.00
2016.09.27 16:02:40.360,1.32451,1.32457,1.00,1.00
2016.09.27 16:02:40.411,1.32451,1.32457,1.00,1.50
2016.09.27 16:02:40.462,1.32448,1.32457,2.62,2.25
2016.09.27 16:02:40.567,1.32448,1.32457,2.62,1.50
2016.09.27 16:02:40.618,1.32448,1.32457,2.62,1.50
2016.09.27 16:02:40.669,1.32451,1.32457,1.00,2.25
2016.09.27 16:02:40.794,1.32451,1.32457,1.00,1.50
2016.09.27 16:02:41.001,1.32448,1.32457,2.62,1.87
2016.09.27 16:02:41.071,1.32447,1.32457,3.75,2.62
2016.09.27 16:02:41.275,1.32447,1.32457,3.37,2.62
2016.09.27 16:02:41.478,1.32447,1.32457,3.37,1.87
2016.09.27 16:02:41.580,1.32447,1.32456,3.37,1.00
2016.09.27 16:02:41.890,1.32447,1.32457,3.37,2.62
2016.09.27 16:02:42.318,1.32447,1.32455,3.37,1.00
2016.09.27 16:02:42.369,1.32447,1.32455,2.62,1.00
2016.09.27 16:02:42.421,1.32448,1.32452,1.00,1.00
2016.09.27 16:02:42.472,1.32445,1.32452,3.00,1.00
2016.09.27 16:02:42.576,1.32443,1.32451,3.75,1.00
2016.09.27 16:02:42.678,1.32445,1.32451,1.00,1.00
2016.09.27 16:02:42.903,1.32445,1.32452,2.62,2.25
2016.09.27 16:02:43.005,1.32447,1.32451,1.00,1.00
2016.09.27 16:02:43.057,1.32444,1.32451,2.62,1.00
2016.09.27 16:02:44.056,1.32446,1.3245,1.00,1.00
2016.09.27 16:02:44.108,1.32446,1.3245,1.00,2.25
2016.09.27 16:02:44.160,1.32447,1.32452,1.00,4.50
2016.09.27 16:02:44.211,1.32444,1.32449,2.25,1.00
2016.09.27 16:02:44.262,1.32441,1.32449,1.50,1.00
2016.09.27 16:02:44.568,1.32441,1.32449,1.50,1.50
2016.09.27 16:02:45.175,1.32441,1.32449,2.25,1.00
2016.09.27 16:02:45.375,1.32442,1.32451,2.62,1.00
2016.09.27 16:02:45.426,1.32442,1.32451,2.62,1.50
2016.09.27 16:02:45.528,1.32442,1.32451,2.62,1.00
2016.09.27 16:02:46.037,1.32441,1.32451,4.12,1.12
2016.09.27 16:02:46.088,1.32442,1.32451,1.00,2.25
2016.09.27 16:02:46.344,1.32442,1.32451,1.00,2.62
2016.09.27 16:02:46.446,1.32442,1.3245,1.00,1.00
2016.09.27 16:02:47.079,1.32442,1.32451,1.00,1.87
2016.09.27 16:02:47.283,1.32442,1.32451,1.00,2.62
2016.09.27 16:02:47.486,1.32442,1.32451,1.00,1.87
2016.09.27 16:02:47.537,1.32442,1.32451,1.00,1.50
2016.09.27 16:02:47.588,1.32442,1.32451,1.00,2.25
2016.09.27 16:02:47.690,1.32442,1.32451,1.00,1.50
2016.09.27 16:02:48.082,1.32442,1.32451,1.00,2.25
2016.09.27 16:02:48.133,1.32442,1.32451,1.00,2.25
2016.09.27 16:02:48.285,1.32442,1.32451,1.00,1.50
2016.09.27 16:02:48.387,1.32442,1.32451,1.00,2.25
2016.09.27 16:02:48.438,1.32441,1.32451,4.12,2.25
2016.09.27 16:02:48.528,1.32441,1.32451,4.12,1.12
2016.09.27 16:02:48.632,1.32441,1.32451,4.12,1.87
2016.09.27 16:02:48.683,1.32441,1.32451,4.12,2.62
2016.09.27 16:02:48.785,1.32441,1.32451,4.12,1.87
2016.09.27 16:02:48.914,1.32441,1.32451,4.12,2.62
2016.09.27 16:02:49.031,1.32442,1.32451,1.00,3.75
2016.09.27 16:02:49.082,1.32441,1.32451,1.87,4.12
2016.09.27 16:02:49.133,1.32441,1.32451,1.87,5.44
2016.09.27 16:02:49.184,1.32441,1.32451,1.87,5.66
2016.09.27 16:02:49.286,1.32441,1.32451,1.87,5.44
2016.09.27 16:02:49.337,1.32441,1.32451,1.37,5.81
2016.09.27 16:02:49.388,1.32441,1.3245,1.37,2.81
2016.09.27 16:02:49.490,1.32441,1.3245,1.87,2.81
2016.09.27 16:02:49.576,1.32441,1.3245,1.87,2.81
2016.09.27 16:02:49.680,1.32441,1.3245,1.87,3.19
2016.09.27 16:02:49.732,1.32441,1.3245,1.87,5.06
2016.09.27 16:02:49.784,1.32441,1.3245,1.12,5.06
2016.09.27 16:02:49.989,1.32441,1.32449,1.12,1.62
2016.09.27 16:02:50.091,1.32441,1.3245,1.12,5.06
2016.09.27 16:02:50.295,1.32441,1.32449,1.12,1.62
2016.09.27 16:02:50.416,1.32441,1.3245,1.12,5.81
2016.09.27 16:02:50.685,1.32441,1.32449,1.12,1.62
2016.09.27 16:02:50.889,1.32441,1.3245,1.12,5.81
2016.09.27 16:02:50.991,1.32441,1.3245,1.12,5.80
2016.09.27 16:02:51.394,1.32441,1.32449,1.12,1.60
2016.09.27 16:02:51.716,1.3244,1.32449,1.37,1.60
2016.09.27 16:02:51.818,1.3244,1.3245,1.37,3.55
2016.09.27 16:02:52.187,1.3244,1.3245,1.37,4.67
2016.09.27 16:02:52.391,1.3244,1.3245,1.37,3.55
2016.09.27 16:02:52.594,1.3244,1.3245,1.37,3.37
2016.09.27 16:02:52.696,1.3244,1.3245,1.37,3.56
2016.09.27 16:02:52.807,1.3244,1.3245,1.37,3.37
2016.09.27 16:02:53.036,1.3244,1.3245,1.37,4.50
2016.09.27 16:02:53.189,1.3244,1.3245,1.37,3.37
2016.09.27 16:02:53.392,1.3244,1.3245,1.37,3.56
2016.09.27 16:02:53.495,1.3244,1.3245,1.37,4.50
2016.09.27 16:02:53.597,1.3244,1.3245,1.37,3.37
2016.09.27 16:02:53.699,1.3244,1.3245,1.37,4.69
2016.09.27 16:02:54.099,1.3244,1.3245,1.37,3.37
2016.09.27 16:02:54.150,1.3244,1.3245,1.37,2.62
2016.09.27 16:02:54.303,1.3244,1.3245,1.37,2.81
2016.09.27 16:02:54.354,1.3244,1.3245,1.37,2.81
2016.09.27 16:02:54.406,1.32441,1.3245,1.00,2.81
2016.09.27 16:02:54.459,1.3244,1.32451,1.75,5.44
2016.09.27 16:02:54.510,1.3244,1.32451,1.75,5.25
2016.09.27 16:02:54.765,1.3244,1.32451,1.75,5.44
2016.09.27 16:02:54.817,1.3244,1.32451,1.75,5.44
2016.09.27 16:02:55.199,1.3244,1.32449,1.50,1.00
2016.09.27 16:02:55.282,1.3244,1.32451,2.25,5.44
2016.09.27 16:02:55.334,1.3244,1.32451,2.25,5.25
2016.09.27 16:02:55.385,1.3244,1.32451,2.25,3.37
2016.09.27 16:02:55.436,1.3244,1.32451,2.25,3.56
2016.09.27 16:02:55.487,1.3244,1.3245,1.50,1.31
2016.09.27 16:02:55.538,1.3244,1.3245,1.50,1.12
2016.09.27 16:02:55.589,1.32441,1.3245,1.12,1.12
2016.09.27 16:02:55.641,1.32441,1.3245,1.12,2.44
2016.09.27 16:02:55.730,1.3244,1.3245,1.50,2.44
2016.09.27 16:02:55.831,1.3244,1.3245,1.50,2.44
2016.09.27 16:02:56.099,1.3244,1.3245,1.50,2.25
2016.09.27 16:02:56.150,1.3244,1.3245,1.50,2.25
2016.09.27 16:02:56.202,1.3244,1.3245,1.50,1.87
2016.09.27 16:02:56.305,1.3244,1.3245,1.50,3.00
2016.09.27 16:02:56.407,1.3244,1.3245,1.50,1.87
2016.09.27 16:02:56.560,1.3244,1.3245,1.50,1.12
2016.09.27 16:02:56.611,1.3244,1.3245,1.75,1.12
2016.09.27 16:02:56.662,1.3244,1.3245,3.37,1.12
2016.09.27 16:02:56.713,1.3244,1.3245,3.37,1.87
2016.09.27 16:02:56.888,1.3244,1.3245,3.37,1.12
2016.09.27 16:02:56.949,1.32442,1.3245,1.37,1.12
2016.09.27 16:02:57.000,1.32442,1.3245,1.12,1.37
2016.09.27 16:02:57.305,1.32442,1.32451,1.12,5.81
2016.09.27 16:02:57.407,1.32442,1.32451,1.12,4.87
2016.09.27 16:02:58.008,1.32442,1.32451,1.12,4.50
2016.09.27 16:02:58.059,1.32442,1.32451,1.12,2.62
2016.09.27 16:02:58.233,1.32442,1.32451,1.12,3.56
2016.09.27 16:02:59.067,1.32442,1.32451,1.12,2.81
2016.09.27 16:02:59.118,1.32442,1.32451,1.12,1.87
2016.09.27 16:03:00.116,1.32442,1.32451,1.12,2.62
2016.09.27 16:03:00.219,1.32442,1.32451,1.12,4.12
2016.09.27 16:03:00.282,1.32441,1.3245,1.00,1.50
2016.09.27 16:03:00.334,1.3244,1.3245,2.62,1.50
2016.09.27 16:03:00.441,1.3244,1.3245,3.75,1.12
2016.09.27 16:03:00.492,1.3244,1.3245,3.75,1.37
2016.09.27 16:03:00.595,1.3244,1.3245,3.00,1.37
2016.09.27 16:03:00.647,1.3244,1.32446,2.25,1.60
2016.09.27 16:03:00.699,1.32439,1.32446,3.00,2.85
2016.09.27 16:03:00.750,1.32439,1.32444,3.00,1.49
2016.09.27 16:03:00.802,1.32436,1.32443,3.37,1.25
2016.09.27 16:03:00.885,1.32436,1.32443,3.37,1.25
2016.09.27 16:03:00.936,1.32436,1.32443,2.25,1.00
2016.09.27 16:03:00.988,1.32435,1.32442,1.00,1.00
2016.09.27 16:03:01.090,1.32435,1.32442,1.00,1.12
2016.09.27 16:03:01.313,1.32435,1.32442,1.37,1.00
2016.09.27 16:03:01.414,1.32434,1.32442,1.50,1.00
2016.09.27 16:03:01.465,1.32434,1.32442,1.50,1.00
2016.09.27 16:03:02.339,1.32433,1.32442,3.37,1.00
2016.09.27 16:03:02.393,1.32433,1.32442,2.62,1.50
2016.09.27 16:03:02.444,1.32433,1.32442,2.62,2.62
2016.09.27 16:03:02.495,1.32432,1.32442,1.75,3.00
2016.09.27 16:03:02.597,1.32432,1.32442,2.25,2.25
2016.09.27 16:03:02.648,1.32432,1.32442,3.00,1.50
2016.09.27 16:03:02.699,1.32434,1.32443,1.00,3.75
2016.09.27 16:03:02.750,1.32434,1.32443,1.00,3.00
2016.09.27 16:03:02.801,1.32433,1.32443,1.75,1.00
2016.09.27 16:03:03.005,1.32433,1.32443,1.75,1.50
2016.09.27 16:03:03.107,1.32432,1.32443,4.87,2.62
2016.09.27 16:03:03.208,1.32432,1.32443,2.25,5.62
2016.09.27 16:03:03.311,1.32432,1.32443,3.00,7.12
2016.09.27 16:03:03.556,1.32432,1.32442,3.00,2.25
2016.09.27 16:03:03.607,1.32434,1.32443,1.00,6.00
2016.09.27 16:03:03.658,1.32434,1.32443,1.00,4.50
2016.09.27 16:03:03.709,1.32433,1.32443,1.75,1.00
2016.09.27 16:03:04.423,1.32433,1.32443,1.75,1.50
2016.09.27 16:03:04.474,1.32434,1.32443,1.50,1.50
2016.09.27 16:03:04.526,1.32434,1.32443,1.50,1.00
2016.09.27 16:03:04.625,1.32434,1.32443,1.75,1.50
2016.09.27 16:03:04.728,1.32436,1.32443,1.00,1.00
2016.09.27 16:03:05.206,1.32436,1.32443,1.00,1.50
2016.09.27 16:03:05.334,1.32434,1.32442,1.50,1.00
2016.09.27 16:03:05.436,1.32434,1.32441,1.37,1.50
2016.09.27 16:03:05.539,1.32433,1.32441,2.25,1.00
2016.09.27 16:03:05.590,1.32433,1.32444,2.25,5.25
2016.09.27 16:03:05.642,1.32433,1.32444,3.37,2.62
2016.09.27 16:03:06.177,1.32434,1.32444,1.75,2.62
2016.09.27 16:03:06.229,1.32434,1.32444,1.75,3.37
2016.09.27 16:03:06.331,1.32434,1.32444,1.75,4.12
2016.09.27 16:03:06.433,1.32434,1.32444,1.75,3.37
2016.09.27 16:03:06.535,1.32435,1.32444,2.62,2.25
2016.09.27 16:03:06.637,1.32435,1.32444,1.00,2.25
2016.09.27 16:03:06.688,1.32436,1.32444,1.00,1.50
2016.09.27 16:03:06.740,1.32436,1.32444,1.50,1.50
2016.09.27 16:03:07.122,1.32436,1.32444,1.50,1.00
2016.09.27 16:03:07.350,1.32436,1.32444,1.50,1.50
2016.09.27 16:03:07.408,1.32436,1.32444,1.50,1.00
2016.09.27 16:03:07.713,1.32436,1.32444,1.50,1.50
2016.09.27 16:03:07.815,1.32436,1.32444,1.50,1.00
2016.09.27 16:03:08.343,1.32436,1.32444,1.50,1.50
2016.09.27 16:03:08.445,1.32436,1.32444,1.50,1.00
2016.09.27 16:03:08.496,1.32436,1.32444,1.50,1.50
2016.09.27 16:03:08.978,1.32435,1.32444,3.37,2.25
2016.09.27 16:03:09.029,1.32435,1.32444,2.62,1.50
2016.09.27 16:03:10.089,1.32435,1.32444,3.37,2.10
2016.09.27 16:03:10.140,1.32436,1.32444,1.37,2.47
2016.09.27 16:03:10.192,1.32436,1.32444,1.37,1.30
2016.09.27 16:03:10.243,1.32436,1.32444,1.50,1.35
2016.09.27 16:03:10.294,1.32436,1.32444,1.50,2.10
2016.09.27 16:03:10.345,1.32436,1.32444,1.50,1.35
2016.09.27 16:03:10.549,1.32436,1.32444,1.50,1.00
2016.09.27 16:03:10.651,1.32436,1.32444,1.50,1.50
2016.09.27 16:03:11.129,1.32436,1.32444,1.50,1.00
2016.09.27 16:03:11.231,1.32436,1.32444,1.50,1.50
2016.09.27 16:03:12.649,1.32436,1.32444,1.50,1.00
2016.09.27 16:03:13.259,1.32436,1.32444,1.50,1.50
2016.09.27 16:03:13.360,1.32436,1.32444,1.50,1.00
2016.09.27 16:03:13.750,1.32437,1.32444,1.12,1.00
2016.09.27 16:03:13.801,1.32437,1.32445,1.12,1.50
2016.09.27 16:03:13.904,1.32437,1.32445,1.12,1.00
2016.09.27 16:03:14.056,1.32438,1.32447,1.37,2.47
2016.09.27 16:03:14.107,1.32438,1.32447,1.37,1.87
2016.09.27 16:03:14.283,1.32438,1.32447,1.37,3.37
2016.09.27 16:03:14.335,1.32438,1.32447,1.37,2.62
2016.09.27 16:03:14.437,1.3244,1.32447,1.12,1.87
2016.09.27 16:03:14.489,1.32442,1.32447,1.50,1.12
2016.09.27 16:03:14.540,1.32442,1.32448,1.50,1.00
2016.09.27 16:03:14.591,1.32442,1.32449,1.50,1.50
2016.09.27 16:03:14.642,1.32442,1.32449,1.50,1.00
2016.09.27 16:03:14.749,1.32443,1.32449,1.12,1.00
2016.09.27 16:03:14.899,1.32443,1.32449,1.37,1.00
2016.09.27 16:03:14.950,1.32443,1.32449,1.50,1.00
2016.09.27 16:03:15.154,1.32443,1.32449,1.00,1.12
2016.09.27 16:03:15.256,1.32443,1.32449,1.00,1.12
2016.09.27 16:03:15.307,1.32442,1.32449,1.12,1.12
2016.09.27 16:03:15.511,1.32442,1.32451,1.12,5.62
2016.09.27 16:03:16.054,1.32442,1.32451,1.12,6.37
2016.09.27 16:03:16.155,1.32442,1.32451,1.12,5.62
2016.09.27 16:03:16.359,1.32442,1.32451,1.12,6.37
2016.09.27 16:03:16.765,1.32442,1.32451,1.12,5.62
2016.09.27 16:03:17.209,1.32442,1.32451,1.12,6.37
2016.09.27 16:03:17.260,1.32442,1.32451,1.12,5.62
2016.09.27 16:03:17.363,1.32442,1.32451,1.37,3.37
2016.09.27 16:03:17.465,1.32442,1.32451,1.37,2.62
2016.09.27 16:03:17.567,1.32442,1.32451,1.37,3.37
2016.09.27 16:03:17.618,1.32441,1.32451,1.50,2.62
2016.09.27 16:03:17.771,1.32441,1.32451,1.50,1.87
2016.09.27 16:03:18.661,1.32441,1.32451,1.50,2.62
2016.09.27 16:03:19.361,1.32441,1.32451,1.50,1.87
2016.09.27 16:03:19.462,1.32441,1.32451,1.50,2.62
2016.09.27 16:03:19.769,1.32441,1.32451,1.50,1.87
2016.09.27 16:03:19.890,1.3244,1.32451,4.12,1.87
2016.09.27 16:03:20.246,1.3244,1.32451,4.87,2.62
2016.09.27 16:03:20.348,1.3244,1.32451,4.12,1.87
2016.09.27 16:03:21.824,1.3244,1.32451,4.12,1.37
2016.09.27 16:03:22.872,1.32439,1.32446,1.87,1.56
2016.09.27 16:03:22.923,1.32438,1.32445,2.25,1.56
2016.09.27 16:03:22.975,1.32437,1.32445,1.75,1.87
2016.09.27 16:03:23.026,1.32437,1.32444,1.75,1.37
2016.09.27 16:03:23.077,1.32436,1.32444,1.50,1.69
2016.09.27 16:03:23.129,1.32436,1.32443,1.50,1.31
2016.09.27 16:03:23.245,1.32434,1.32443,1.75,2.44
2016.09.27 16:03:23.296,1.32434,1.32442,1.00,1.31
2016.09.27 16:03:23.347,1.32435,1.32442,1.00,2.25
2016.09.27 16:03:23.402,1.32435,1.32442,1.00,2.25
2016.09.27 16:03:23.554,1.32433,1.32442,1.12,1.12
2016.09.27 16:03:23.605,1.32433,1.32442,1.12,1.12
2016.09.27 16:03:23.860,1.32433,1.32442,1.12,2.25
2016.09.27 16:03:23.961,1.32433,1.32442,1.50,2.66
2016.09.27 16:03:24.012,1.32432,1.32442,2.62,2.66
2016.09.27 16:03:24.092,1.32432,1.3244,2.62,1.00
2016.09.27 16:03:24.144,1.32432,1.3244,3.37,1.50
2016.09.27 16:03:24.552,1.32434,1.3244,1.75,1.00
2016.09.27 16:03:24.604,1.32435,1.32443,1.50,3.37
2016.09.27 16:03:24.656,1.32435,1.32444,1.50,1.50
2016.09.27 16:03:24.707,1.32435,1.32444,1.50,1.00
2016.09.27 16:03:24.758,1.32436,1.32445,1.75,1.12
2016.09.27 16:03:24.860,1.32438,1.32444,1.00,1.00
2016.09.27 16:03:24.911,1.32438,1.32444,1.50,1.00
2016.09.27 16:03:24.963,1.32438,1.32446,1.12,1.50
2016.09.27 16:03:25.044,1.32438,1.32446,1.37,1.12
2016.09.27 16:03:25.096,1.32438,1.32446,1.75,1.00
2016.09.27 16:03:25.147,1.32438,1.32446,1.50,1.00
2016.09.27 16:03:25.249,1.32438,1.32446,1.50,1.31
2016.09.27 16:03:25.300,1.32438,1.32446,1.00,1.31
2016.09.27 16:03:25.352,1.32438,1.32443,1.00,1.25
2016.09.27 16:03:25.454,1.32437,1.32444,1.87,1.00
2016.09.27 16:03:25.507,1.32438,1.32444,1.00,1.00
2016.09.27 16:03:25.601,1.32439,1.32447,1.00,2.62
2016.09.27 16:03:25.652,1.32439,1.32447,1.37,1.00
2016.09.27 16:03:25.703,1.32439,1.32448,1.50,1.12
2016.09.27 16:03:25.754,1.32439,1.32447,4.12,1.00
2016.09.27 16:03:25.856,1.32439,1.32449,4.12,1.69
2016.09.27 16:03:25.958,1.32439,1.32448,3.37,1.00
2016.09.27 16:03:26.091,1.32439,1.32447,4.12,1.00
2016.09.27 16:03:26.164,1.32439,1.32449,3.37,1.31
2016.09.27 16:03:26.215,1.32439,1.32449,3.37,1.31
2016.09.27 16:03:26.530,1.32439,1.32447,3.37,1.00
2016.09.27 16:03:26.683,1.32439,1.32447,4.12,1.00
2016.09.27 16:03:26.785,1.32439,1.32447,3.37,1.00
2016.09.27 16:03:26.887,1.32439,1.32447,4.12,1.00
2016.09.27 16:03:27.245,1.32439,1.32447,3.37,1.00
2016.09.27 16:03:27.735,1.3244,1.3245,1.75,3.94
2016.09.27 16:03:27.787,1.3244,1.32449,1.50,1.25
2016.09.27 16:03:27.889,1.3244,1.32449,1.50,1.25
2016.09.27 16:03:27.991,1.3244,1.32449,1.50,1.00
2016.09.27 16:03:29.740,1.3244,1.32449,1.50,1.00
2016.09.27 16:03:30.691,1.3244,1.32449,1.50,1.00
2016.09.27 16:03:30.793,1.3244,1.32449,1.50,1.00
2016.09.27 16:03:31.740,1.32441,1.32449,1.00,1.00
2016.09.27 16:03:31.795,1.32441,1.32449,1.00,3.75
2016.09.27 16:03:31.848,1.32441,1.32449,1.00,1.00
2016.09.27 16:03:31.899,1.32441,1.32449,1.00,1.35
2016.09.27 16:03:32.116,1.32441,1.32449,1.00,1.35
2016.09.27 16:03:32.951,1.32441,1.32449,1.00,1.50
2016.09.27 16:03:33.053,1.32441,1.32449,1.00,1.00
2016.09.27 16:03:33.105,1.32441,1.3245,1.12,1.87
2016.09.27 16:03:33.157,1.32441,1.3245,2.25,1.00
2016.09.27 16:03:33.208,1.32441,1.3245,2.25,1.00
2016.09.27 16:03:33.311,1.32441,1.3245,1.87,1.00
2016.09.27 16:03:33.362,1.32441,1.3245,1.87,1.37
2016.09.27 16:03:33.464,1.32441,1.3245,2.62,1.37
2016.09.27 16:03:33.566,1.32441,1.3245,1.87,1.37
2016.09.27 16:03:33.667,1.32441,1.32451,1.37,4.12
2016.09.27 16:03:33.770,1.32441,1.32449,1.37,1.00
2016.09.27 16:03:33.855,1.32441,1.32447,1.37,1.00
2016.09.27 16:03:33.907,1.32439,1.32447,2.62,1.50
2016.09.27 16:03:33.958,1.32439,1.32447,1.00,1.50
2016.09.27 16:03:34.010,1.32438,1.32447,1.37,1.12
2016.09.27 16:03:34.062,1.32437,1.32448,1.12,5.62
2016.09.27 16:03:34.164,1.32436,1.32447,3.00,1.50
2016.09.27 16:03:34.266,1.32436,1.32448,2.25,5.62
2016.09.27 16:03:34.419,1.32437,1.32448,1.00,5.62
2016.09.27 16:03:34.470,1.32436,1.32448,4.12,5.62
2016.09.27 16:03:34.780,1.32436,1.32447,4.87,1.37
2016.09.27 16:03:34.881,1.32437,1.32448,1.50,3.75
2016.09.27 16:03:35.005,1.32437,1.32448,3.37,5.25
2016.09.27 16:03:35.107,1.3244,1.32448,1.00,3.00
2016.09.27 16:03:35.260,1.3244,1.32447,1.00,1.00
2016.09.27 16:03:35.553,1.3244,1.32447,1.00,1.50
2016.09.27 16:03:35.854,1.3244,1.32447,1.00,1.00
2016.09.27 16:03:35.905,1.32437,1.32447,3.37,1.00
2016.09.27 16:03:35.956,1.32437,1.32447,3.37,1.50
2016.09.27 16:03:36.008,1.32437,1.32447,1.75,1.50
2016.09.27 16:03:36.155,1.32437,1.32447,2.25,1.50
2016.09.27 16:03:36.257,1.32436,1.32445,4.12,1.31
2016.09.27 16:03:36.359,1.32436,1.32445,2.62,1.00
2016.09.27 16:03:36.410,1.32437,1.32445,1.00,1.00
2016.09.27 16:03:36.666,1.32437,1.32446,1.00,3.00
2016.09.27 16:03:37.080,1.32437,1.32445,1.00,1.00
2016.09.27 16:03:37.132,1.32437,1.32444,1.00,1.35
2016.09.27 16:03:37.184,1.32434,1.32444,2.62,4.35
2016.09.27 16:03:37.235,1.32434,1.32444,2.62,5.47
2016.09.27 16:03:37.286,1.32433,1.32443,2.62,1.12
2016.09.27 16:03:37.389,1.32433,1.32443,2.25,1.00
2016.09.27 16:03:37.440,1.32433,1.32443,2.25,1.12
2016.09.27 16:03:37.491,1.32432,1.32443,2.62,3.75
2016.09.27 16:03:37.542,1.32432,1.32442,2.62,1.50
2016.09.27 16:03:37.593,1.32432,1.32442,1.12,2.25
2016.09.27 16:03:37.796,1.32432,1.32441,1.12,1.12
2016.09.27 16:03:37.898,1.32432,1.32442,1.12,2.25
2016.09.27 16:03:38.071,1.32432,1.32442,1.87,2.25
2016.09.27 16:03:38.173,1.32432,1.32441,1.87,1.12
2016.09.27 16:03:38.275,1.32432,1.32442,1.87,2.25
2016.09.27 16:03:39.038,1.32432,1.32442,1.87,1.50
2016.09.27 16:03:39.089,1.32432,1.32443,1.87,5.62
2016.09.27 16:03:39.195,1.32432,1.32443,2.25,5.25
2016.09.27 16:03:39.255,1.32432,1.32441,1.50,2.62
2016.09.27 16:03:39.306,1.32432,1.3244,2.25,1.00
2016.09.27 16:03:39.358,1.32432,1.32441,2.25,2.25
2016.09.27 16:03:39.452,1.3243,1.32441,1.75,2.62
2016.09.27 16:03:39.504,1.3243,1.3244,1.75,1.00
2016.09.27 16:03:39.758,1.3243,1.32441,1.75,2.62
2016.09.27 16:03:39.860,1.3243,1.3244,1.75,1.00
2016.09.27 16:03:40.067,1.3243,1.32441,1.75,2.62
2016.09.27 16:03:40.431,1.3243,1.32441,1.75,3.75
2016.09.27 16:03:40.482,1.3243,1.3244,1.75,1.00
2016.09.27 16:03:40.868,1.3243,1.32441,1.75,3.75
2016.09.27 16:03:41.554,1.3243,1.3244,1.75,1.12
2016.09.27 16:03:41.605,1.3243,1.3244,1.75,1.87
2016.09.27 16:03:41.759,1.3243,1.3244,1.75,2.62
2016.09.27 16:03:41.810,1.3243,1.3244,1.75,3.37
2016.09.27 16:03:41.898,1.3243,1.3244,1.75,3.75
2016.09.27 16:03:41.950,1.3243,1.32439,2.25,1.00
2016.09.27 16:03:42.016,1.32431,1.3244,1.00,4.12
2016.09.27 16:03:42.068,1.32431,1.3244,1.00,2.62
2016.09.27 16:03:42.119,1.3243,1.3244,4.12,1.00
2016.09.27 16:03:42.172,1.32431,1.32442,1.50,7.50
2016.09.27 16:03:42.224,1.32431,1.32441,1.75,1.00
2016.09.27 16:03:42.275,1.32432,1.32441,1.00,2.25
2016.09.27 16:03:42.327,1.32432,1.32441,1.00,2.62
2016.09.27 16:03:42.378,1.32432,1.32441,1.00,1.12
2016.09.27 16:03:42.582,1.32432,1.32441,1.00,1.87
2016.09.27 16:03:42.684,1.32432,1.32441,1.00,1.12
2016.09.27 16:03:43.049,1.32432,1.32441,3.00,1.00
2016.09.27 16:03:43.101,1.32432,1.32442,3.75,1.37
2016.09.27 16:03:43.152,1.32433,1.32443,1.37,6.37
2016.09.27 16:03:43.203,1.32434,1.32443,1.00,3.00
2016.09.27 16:03:43.255,1.32434,1.32443,1.00,2.25
2016.09.27 16:03:43.306,1.32434,1.32443,1.00,1.87
2016.09.27 16:03:43.408,1.32433,1.32443,4.87,1.87
2016.09.27 16:03:43.510,1.32433,1.32443,4.87,1.50
2016.09.27 16:03:45.402,1.32433,1.32443,4.87,2.25
2016.09.27 16:03:45.706,1.32433,1.32443,4.87,1.50
2016.09.27 16:03:45.860,1.32433,1.32442,4.87,1.00
2016.09.27 16:03:45.992,1.32433,1.32442,4.12,1.00
2016.09.27 16:03:46.249,1.32433,1.32442,3.37,1.12
2016.09.27 16:03:46.301,1.32433,1.32441,2.62,1.00
2016.09.27 16:03:46.352,1.32433,1.32441,2.62,1.37
2016.09.27 16:03:46.404,1.32432,1.32441,3.00,1.37
2016.09.27 16:03:46.506,1.32434,1.32441,1.00,1.37
2016.09.27 16:03:46.711,1.32432,1.32441,3.00,1.37
2016.09.27 16:03:46.823,1.32433,1.32441,1.00,1.37
2016.09.27 16:03:47.079,1.32433,1.32441,1.00,1.00
2016.09.27 16:03:47.901,1.32433,1.32442,1.00,3.37
2016.09.27 16:03:48.055,1.32433,1.32442,1.00,3.00
2016.09.27 16:03:48.106,1.32433,1.32442,1.00,3.37
2016.09.27 16:03:48.157,1.32433,1.32442,1.00,4.12
2016.09.27 16:03:48.208,1.32431,1.32441,2.62,1.00
2016.09.27 16:03:48.472,1.32431,1.32442,2.62,3.75
2016.09.27 16:03:48.523,1.32431,1.32442,2.62,3.75
2016.09.27 16:03:48.574,1.32431,1.32442,2.62,4.12
2016.09.27 16:03:48.719,1.32431,1.32442,2.62,4.12
2016.09.27 16:03:48.771,1.32431,1.32441,2.62,1.00
2016.09.27 16:03:48.873,1.32431,1.32441,2.62,1.37
2016.09.27 16:03:48.924,1.3243,1.3244,3.00,1.12
2016.09.27 16:03:48.975,1.3243,1.3244,2.25,1.12
2016.09.27 16:03:49.026,1.32433,1.3244,1.00,1.12
2016.09.27 16:03:49.573,1.32433,1.3244,1.00,1.50
2016.09.27 16:03:49.624,1.3243,1.3244,1.50,1.87
2016.09.27 16:03:49.726,1.3243,1.3244,3.37,1.50
2016.09.27 16:03:50.019,1.3243,1.3244,4.12,1.00
2016.09.27 16:03:50.070,1.32431,1.32441,1.75,1.50
2016.09.27 16:03:50.122,1.32432,1.32441,1.00,1.50
2016.09.27 16:03:50.214,1.32432,1.32441,1.00,1.00
2016.09.27 16:03:50.265,1.32432,1.32441,1.00,1.00
2016.09.27 16:03:50.723,1.32432,1.32442,2.62,3.00
2016.09.27 16:03:50.824,1.32432,1.32442,2.62,2.25
2016.09.27 16:03:50.926,1.32431,1.32442,4.12,2.62
2016.09.27 16:03:51.040,1.32437,1.32443,1.87,3.75
2016.09.27 16:03:51.091,1.32444,1.32448,1.00,15.00
2016.09.27 16:03:51.143,1.32444,1.32448,1.00,7.50
2016.09.27 16:03:51.213,1.32444,1.32451,1.12,1.00
2016.09.27 16:03:51.316,1.32444,1.32451,3.37,1.00
2016.09.27 16:03:51.368,1.32444,1.32451,2.62,1.00
2016.09.27 16:03:51.419,1.32443,1.32451,1.50,1.00
2016.09.27 16:03:51.522,1.32442,1.32451,2.25,1.00
2016.09.27 16:03:51.730,1.32442,1.32452,1.50,2.62
2016.09.27 16:03:51.833,1.32442,1.32453,2.25,4.87
2016.09.27 16:03:51.885,1.32442,1.32453,2.25,5.25
2016.09.27 16:03:51.964,1.32441,1.32451,4.12,2.25
2016.09.27 16:03:52.015,1.32441,1.32451,3.37,1.00
2016.09.27 16:03:52.119,1.3244,1.32445,2.25,1.00
2016.09.27 16:03:52.221,1.32439,1.32444,1.50,1.50
2016.09.27 16:03:52.272,1.3244,1.32444,1.00,1.50
2016.09.27 16:03:52.364,1.3244,1.32444,1.12,1.50
2016.09.27 16:03:52.416,1.32445,1.3245,1.00,2.62
2016.09.27 16:03:52.468,1.32444,1.3245,1.50,2.62
2016.09.27 16:03:52.520,1.32444,1.3245,1.00,2.62
2016.09.27 16:03:52.622,1.32445,1.32453,1.75,1.00
2016.09.27 16:03:52.725,1.32445,1.32453,1.12,1.37
2016.09.27 16:03:52.878,1.32444,1.32453,1.37,1.37
2016.09.27 16:03:52.929,1.32445,1.32453,1.00,1.00
2016.09.27 16:03:53.032,1.32445,1.32453,1.00,1.50
2016.09.27 16:03:53.498,1.32445,1.32453,1.00,1.00
2016.09.27 16:03:53.652,1.32445,1.32454,1.00,1.69
2016.09.27 16:03:53.755,1.32445,1.32452,1.00,1.12
2016.09.27 16:03:53.806,1.32444,1.32452,2.62,1.12
2016.09.27 16:03:54.052,1.32443,1.32453,1.75,2.62
2016.09.27 16:03:54.258,1.32443,1.32452,1.75,1.50
2016.09.27 16:03:54.462,1.32443,1.32453,1.75,2.62
2016.09.27 16:03:54.514,1.32443,1.32453,1.12,3.37
2016.09.27 16:03:54.566,1.32443,1.32453,1.12,3.00
2016.09.27 16:03:54.669,1.32443,1.32453,1.12,3.00
2016.09.27 16:03:54.720,1.32443,1.32453,1.12,2.25
2016.09.27 16:03:54.823,1.32444,1.32453,1.50,1.12
2016.09.27 16:03:54.874,1.32444,1.32454,1.50,3.00
2016.09.27 16:03:55.230,1.32444,1.32454,1.50,1.87
2016.09.27 16:03:55.282,1.3245,1.32454,1.00,1.12
2016.09.27 16:03:55.333,1.3245,1.32455,2.25,2.62
2016.09.27 16:03:55.384,1.3245,1.32455,3.37,2.62
2016.09.27 16:03:55.435,1.32452,1.32457,1.00,1.50
2016.09.27 16:03:55.538,1.32453,1.32458,1.00,1.00
2016.09.27 16:03:55.684,1.32453,1.32462,1.00,1.87
2016.09.27 16:03:55.736,1.32453,1.32458,1.00,1.00
2016.09.27 16:03:55.942,1.32453,1.32462,1.00,3.37
2016.09.27 16:03:56.045,1.32452,1.3246,1.75,1.00
2016.09.27 16:03:56.096,1.32453,1.3246,1.50,1.00
2016.09.27 16:03:56.147,1.32453,1.32462,1.50,1.00
2016.09.27 16:03:56.222,1.32456,1.32463,1.25,2.25
2016.09.27 16:03:56.274,1.32456,1.32463,1.25,1.00
2016.09.27 16:03:56.371,1.32456,1.32464,1.25,2.62
2016.09.27 16:03:56.446,1.32458,1.32464,1.00,1.00
2016.09.27 16:03:56.602,1.32457,1.32465,1.50,1.00
2016.09.27 16:03:56.756,1.32457,1.32465,2.25,1.00
2016.09.27 16:03:57.158,1.32463,1.32469,1.00,4.12
2016.09.27 16:03:57.209,1.32462,1.32468,1.00,2.62
2016.09.27 16:03:57.261,1.32462,1.32468,1.12,2.62
2016.09.27 16:03:57.313,1.32465,1.3247,1.37,4.50
2016.09.27 16:03:57.364,1.32465,1.32471,1.37,1.00
2016.09.27 16:03:57.416,1.32466,1.32471,1.12,1.00
2016.09.27 16:03:57.468,1.32468,1.32472,1.00,1.00
2016.09.27 16:03:57.520,1.32467,1.32471,1.12,1.00
2016.09.27 16:03:57.571,1.32467,1.32471,1.50,1.00
2016.09.27 16:03:57.673,1.32468,1.32472,1.00,1.00
2016.09.27 16:03:57.826,1.32468,1.32476,1.00,1.50
2016.09.27 16:03:57.877,1.32467,1.32476,1.50,2.25
2016.09.27 16:03:57.999,1.32467,1.32475,1.50,1.50
2016.09.27 16:03:58.051,1.32466,1.32475,1.00,2.25
2016.09.27 16:03:58.102,1.32466,1.32475,1.00,3.00
2016.09.27 16:03:58.153,1.32466,1.32474,1.37,1.12
2016.09.27 16:03:58.255,1.32466,1.32475,1.37,2.62
2016.09.27 16:03:58.460,1.32466,1.32474,1.00,1.00
2016.09.27 16:03:58.663,1.32466,1.32474,1.00,1.50
2016.09.27 16:03:58.867,1.32466,1.32474,1.00,1.00
2016.09.27 16:03:59.021,1.32466,1.32474,1.00,1.50
2016.09.27 16:03:59.141,1.32466,1.32474,1.00,1.00
2016.09.27 16:03:59.957,1.32467,1.32475,1.00,1.50
2016.09.27 16:04:00.008,1.32467,1.32475,1.50,1.50
2016.09.27 16:04:00.059,1.32467,1.32474,1.50,1.00
2016.09.27 16:04:00.161,1.32467,1.32474,1.12,1.12
2016.09.27 16:04:00.307,1.32467,1.32476,1.12,4.12
2016.09.27 16:04:00.362,1.32468,1.32477,1.00,1.50
2016.09.27 16:04:00.465,1.32468,1.32476,1.00,2.62
2016.09.27 16:04:00.873,1.32468,1.32475,1.00,1.72
2016.09.27 16:04:00.924,1.32466,1.32475,1.37,1.00
2016.09.27 16:04:00.975,1.32466,1.32475,1.50,1.00
2016.09.27 16:04:01.026,1.32466,1.32475,1.50,1.87
2016.09.27 16:04:01.077,1.32466,1.32475,1.12,1.87
2016.09.27 16:04:01.128,1.32466,1.32475,1.50,1.12
2016.09.27 16:04:01.218,1.32466,1.32475,2.25,1.12
2016.09.27 16:04:01.315,1.32466,1.32475,2.25,1.87
2016.09.27 16:04:01.366,1.32466,1.32475,2.25,1.12
2016.09.27 16:04:01.468,1.32468,1.32475,1.12,1.12
2016.09.27 16:04:01.519,1.32466,1.32474,1.50,1.00
2016.09.27 16:04:01.826,1.32466,1.32475,1.87,1.87
2016.09.27 16:04:02.089,1.32466,1.32475,1.87,1.12
2016.09.27 16:04:02.140,1.32466,1.32476,1.37,3.37
2016.09.27 16:04:02.243,1.32466,1.32476,1.37,4.12
2016.09.27 16:04:02.345,1.32466,1.32476,1.37,3.37
2016.09.27 16:04:02.650,1.32466,1.32476,1.37,4.12
2016.09.27 16:04:02.752,1.32466,1.32476,1.37,3.37
2016.09.27 16:04:02.957,1.32466,1.32476,1.50,4.12
2016.09.27 16:04:03.059,1.32466,1.32476,1.37,4.12
2016.09.27 16:04:03.178,1.32466,1.32476,1.75,1.50
2016.09.27 16:04:03.485,1.32466,1.32475,1.75,1.00
2016.09.27 16:04:03.638,1.32466,1.32475,1.75,1.50
2016.09.27 16:04:03.842,1.32466,1.32475,1.75,1.00
2016.09.27 16:04:03.944,1.32466,1.32475,1.75,1.50
2016.09.27 16:04:04.169,1.32466,1.32475,1.75,1.00
2016.09.27 16:04:04.271,1.32466,1.32475,1.87,1.50
2016.09.27 16:04:04.322,1.32466,1.32475,2.62,1.87
2016.09.27 16:04:04.576,1.32466,1.32476,2.25,1.37
2016.09.27 16:04:04.737,1.32466,1.32476,2.25,1.87
2016.09.27 16:04:04.839,1.32466,1.32476,2.25,1.37
2016.09.27 16:04:05.043,1.32466,1.32476,2.25,1.87
2016.09.27 16:04:05.346,1.32471,1.32476,1.00,1.37
2016.09.27 16:04:05.398,1.32471,1.32476,1.12,1.37
2016.09.27 16:04:05.450,1.32475,1.32479,1.00,1.00
2016.09.27 16:04:05.553,1.32475,1.3248,1.50,1.00
2016.09.27 16:04:05.757,1.32475,1.32482,3.37,1.00
2016.09.27 16:04:05.860,1.32476,1.3248,1.00,1.00
2016.09.27 16:04:05.963,1.32476,1.32485,1.00,1.00
2016.09.27 16:04:06.079,1.32475,1.32486,4.12,1.87
2016.09.27 16:04:06.642,1.32475,1.32485,2.25,1.12
2016.09.27 16:04:06.954,1.32475,1.32486,2.25,1.87
2016.09.27 16:04:07.139,1.32476,1.32485,1.50,1.00
2016.09.27 16:04:07.191,1.32477,1.32485,1.00,1.00
2016.09.27 16:04:07.242,1.32477,1.32487,1.50,1.87
2016.09.27 16:04:07.293,1.32478,1.32487,1.37,1.87
2016.09.27 16:04:07.446,1.32478,1.32488,1.37,4.87
2016.09.27 16:04:07.548,1.32478,1.32488,1.37,5.62
2016.09.27 16:04:07.599,1.32478,1.32488,1.37,6.22
2016.09.27 16:04:07.651,1.32478,1.32487,1.37,1.87
2016.09.27 16:04:07.753,1.32478,1.32488,1.37,5.47
2016.09.27 16:04:07.956,1.32477,1.32487,1.50,1.37
2016.09.27 16:04:08.187,1.32477,1.32487,1.69,1.87
2016.09.27 16:04:08.239,1.32477,1.32488,2.25,4.12
2016.09.27 16:04:08.341,1.32477,1.32487,2.44,1.37
2016.09.27 16:04:09.644,1.32477,1.32487,3.56,1.37
2016.09.27 16:04:09.746,1.32477,1.32488,3.37,2.62
2016.09.27 16:04:09.849,1.32477,1.32487,2.62,1.37
2016.09.27 16:04:09.900,1.32478,1.32487,1.37,1.37
2016.09.27 16:04:09.956,1.32478,1.32488,1.87,2.62
2016.09.27 16:04:10.586,1.32478,1.32488,1.37,2.62
2016.09.27 16:04:10.739,1.32478,1.32488,1.50,3.37
2016.09.27 16:04:10.841,1.32478,1.32488,1.37,2.62
2016.09.27 16:04:11.045,1.32478,1.32488,1.87,3.37
2016.09.27 16:04:11.097,1.32478,1.32488,2.62,3.37
2016.09.27 16:04:11.149,1.3248,1.32489,1.50,2.25
2016.09.27 16:04:11.249,1.32484,1.32489,1.00,1.00
2016.09.27 16:04:11.369,1.32483,1.32489,2.85,2.62
2016.09.27 16:04:11.421,1.32486,1.3249,1.00,4.12
2016.09.27 16:04:11.473,1.32486,1.32492,1.00,1.12
2016.09.27 16:04:11.524,1.32484,1.32488,1.00,1.35
2016.09.27 16:04:11.576,1.32484,1.32488,4.50,2.10
2016.09.27 16:04:11.628,1.32484,1.32488,3.75,2.10
2016.09.27 16:04:11.679,1.32484,1.32488,1.00,2.25
2016.09.27 16:04:11.731,1.32484,1.32488,1.00,2.85
2016.09.27 16:04:11.782,1.32481,1.32488,1.00,3.22
2016.09.27 16:04:11.885,1.3248,1.32488,1.00,4.12
2016.09.27 16:04:12.159,1.3248,1.32488,1.50,2.06
2016.09.27 16:04:12.265,1.32479,1.32488,1.75,2.06
2016.09.27 16:04:12.535,1.32479,1.32488,1.75,2.66
2016.09.27 16:04:12.586,1.32479,1.32488,1.75,3.82
2016.09.27 16:04:12.638,1.32479,1.32488,1.75,3.22
2016.09.27 16:04:12.689,1.32479,1.32488,1.75,3.97
2016.09.27 16:04:12.740,1.32479,1.32488,1.75,2.81
2016.09.27 16:04:13.087,1.32479,1.32487,1.75,1.00
2016.09.27 16:04:13.189,1.32479,1.32488,1.75,2.62
2016.09.27 16:04:13.268,1.32479,1.32488,1.75,1.87
2016.09.27 16:04:13.320,1.32479,1.32487,1.75,1.00
2016.09.27 16:04:13.371,1.32479,1.32488,1.12,1.87
2016.09.27 16:04:13.575,1.3248,1.32487,1.00,1.00
2016.09.27 16:04:13.678,1.3248,1.32488,1.00,1.50
2016.09.27 16:04:13.780,1.3248,1.32487,1.00,1.00
2016.09.27 16:04:13.882,1.3248,1.32488,1.00,1.00
2016.09.27 16:04:13.984,1.3248,1.32489,1.00,3.75
2016.09.27 16:04:14.086,1.3248,1.32488,1.00,1.00
2016.09.27 16:04:14.189,1.3248,1.32489,1.00,3.75
2016.09.27 16:04:14.341,1.3248,1.32488,1.00,1.00
2016.09.27 16:04:14.545,1.3248,1.32489,1.00,4.50
2016.09.27 16:04:14.984,1.3248,1.32488,1.00,1.50
2016.09.27 16:04:15.391,1.3248,1.32489,1.00,4.87
2016.09.27 16:04:15.493,1.3248,1.32488,1.00,1.87
2016.09.27 16:04:15.628,1.3248,1.32488,1.00,1.87
2016.09.27 16:04:15.679,1.3248,1.32489,1.00,3.37
2016.09.27 16:04:15.781,1.3248,1.32488,1.00,1.12
2016.09.27 16:04:16.194,1.3248,1.32487,1.00,1.00
2016.09.27 16:04:16.665,1.3248,1.32487,1.00,1.50
2016.09.27 16:04:16.767,1.3248,1.32487,1.00,1.00
2016.09.27 16:04:16.928,1.3248,1.32487,1.00,1.50
2016.09.27 16:04:17.003,1.3248,1.32487,1.00,1.00
2016.09.27 16:04:17.054,1.3248,1.32487,1.00,1.50
2016.09.27 16:04:17.156,1.3248,1.32487,1.00,2.06
2016.09.27 16:04:17.207,1.3248,1.32487,1.00,2.06
2016.09.27 16:04:17.360,1.3248,1.32487,1.00,1.31
2016.09.27 16:04:17.564,1.32477,1.32486,1.50,1.19
2016.09.27 16:04:17.869,1.32477,1.32487,1.50,1.87
2016.09.27 16:04:18.150,1.32477,1.32487,1.50,3.00
2016.09.27 16:04:18.252,1.32477,1.32488,1.50,5.81
2016.09.27 16:04:18.303,1.32477,1.32488,1.50,5.06
2016.09.27 16:04:18.354,1.32478,1.32487,1.37,1.00
2016.09.27 16:04:18.405,1.32478,1.32487,1.75,1.00
2016.09.27 16:04:18.456,1.32478,1.32488,1.75,1.50
2016.09.27 16:04:18.558,1.32478,1.32487,1.75,1.00
2016.09.27 16:04:18.762,1.32478,1.32488,1.75,1.50
2016.09.27 16:04:18.914,1.32478,1.32488,1.75,2.10
2016.09.27 16:04:19.067,1.32478,1.32487,1.75,1.00
2016.09.27 16:04:19.169,1.32479,1.32487,1.50,1.00
2016.09.27 16:04:19.220,1.32479,1.32487,1.50,1.00
2016.09.27 16:04:19.352,1.32479,1.32487,3.00,1.00
2016.09.27 16:04:19.404,1.32479,1.32487,3.37,1.50
2016.09.27 16:04:19.455,1.32479,1.32487,2.62,1.50
2016.09.27 16:04:19.507,1.32479,1.32487,2.62,1.50
2016.09.27 16:04:19.558,1.32479,1.32487,2.62,1.00
2016.09.27 16:04:19.660,1.32478,1.32487,3.37,1.00
2016.09.27 16:04:19.711,1.32478,1.32487,3.37,1.00
2016.09.27 16:04:19.763,1.32478,1.32489,4.87,4.91
2016.09.27 16:04:19.814,1.32478,1.32489,4.87,4.91
2016.09.27 16:04:19.865,1.32479,1.32489,2.62,2.47
2016.09.27 16:04:19.967,1.32479,1.32489,2.62,2.06
2016.09.27 16:04:20.069,1.32479,1.32489,2.62,3.00
2016.09.27 16:04:20.294,1.32479,1.32489,2.62,2.25
2016.09.27 16:04:20.988,1.3248,1.32488,1.00,1.00
2016.09.27 16:04:21.090,1.3248,1.32488,1.00,1.87
2016.09.27 16:04:21.294,1.3248,1.32488,1.00,1.50
2016.09.27 16:04:21.345,1.32484,1.32488,1.00,1.50
2016.09.27 16:04:21.471,1.32483,1.32492,2.62,5.62
2016.09.27 16:04:21.523,1.32487,1.32493,1.00,1.00
2016.09.27 16:04:21.575,1.32488,1.32494,2.25,1.00
2016.09.27 16:04:21.627,1.32488,1.32494,2.25,1.00
2016.09.27 16:04:21.983,1.32488,1.32495,1.50,1.00
2016.09.27 16:04:22.186,1.32489,1.32495,1.00,1.00
2016.09.27 16:04:22.288,1.32488,1.32495,1.50,1.00
2016.09.27 16:04:22.633,1.32489,1.32495,1.00,1.00
2016.09.27 16:04:22.684,1.32489,1.32495,1.50,1.00
2016.09.27 16:04:23.195,1.32489,1.32495,1.00,1.00
2016.09.27 16:04:23.977,1.32489,1.32497,1.50,1.12
2016.09.27 16:04:24.079,1.32489,1.32497,1.00,1.12
2016.09.27 16:04:25.290,1.32489,1.32497,1.50,1.12
2016.09.27 16:04:25.361,1.32489,1.32498,1.51,2.62
2016.09.27 16:04:25.415,1.32491,1.32498,1.18,2.62
2016.09.27 16:04:25.466,1.32491,1.32497,1.00,1.00
2016.09.27 16:04:25.517,1.32493,1.32499,1.00,2.62
2016.09.27 16:04:25.620,1.32493,1.32502,1.00,3.37
2016.09.27 16:04:25.671,1.32493,1.32502,1.50,1.50
2016.09.27 16:04:25.773,1.32493,1.32501,1.50,1.00
2016.09.27 16:04:25.905,1.32493,1.32502,1.50,1.50
2016.09.27 16:04:26.058,1.32493,1.32502,1.50,1.00
2016.09.27 16:04:26.160,1.32493,1.32502,1.50,1.31
2016.09.27 16:04:26.373,1.32493,1.32502,1.50,2.06
2016.09.27 16:04:26.475,1.32493,1.32502,1.50,1.31
2016.09.27 16:04:27.167,1.32493,1.32502,1.50,2.06
2016.09.27 16:04:27.475,1.32493,1.32502,1.50,2.29
2016.09.27 16:04:27.527,1.32493,1.32502,1.50,2.29
2016.09.27 16:04:27.578,1.32493,1.32501,1.00,4.12
2016.09.27 16:04:27.629,1.32493,1.32501,1.00,4.12
2016.09.27 16:04:27.725,1.32493,1.32501,1.00,4.12
2016.09.27 16:04:27.776,1.32493,1.325,1.00,1.50
2016.09.27 16:04:27.878,1.32494,1.32502,1.50,1.50
2016.09.27 16:04:27.930,1.32494,1.32503,2.25,2.62
2016.09.27 16:04:27.981,1.32497,1.32503,1.50,3.37
2016.09.27 16:04:28.083,1.32497,1.32503,1.50,1.00
2016.09.27 16:04:28.185,1.32495,1.32504,1.87,1.12
2016.09.27 16:04:28.236,1.32495,1.32504,1.87,1.12
2016.09.27 16:04:28.287,1.32495,1.32503,1.50,1.50
2016.09.27 16:04:28.338,1.32495,1.32503,1.00,1.50
2016.09.27 16:04:28.390,1.32494,1.32502,1.50,1.30
2016.09.27 16:04:28.441,1.32494,1.32503,2.25,3.60
2016.09.27 16:04:28.493,1.32494,1.32502,2.25,1.60
2016.09.27 16:04:28.544,1.32496,1.32502,1.00,1.00
2016.09.27 16:04:28.656,1.32495,1.32503,1.00,2.62
2016.09.27 16:04:28.708,1.32495,1.32504,1.12,4.50
2016.09.27 16:04:28.811,1.32495,1.32504,1.12,4.87
2016.09.27 16:04:28.965,1.32495,1.32504,1.12,4.12
2016.09.27 16:04:30.892,1.32495,1.32504,1.12,4.87
2016.09.27 16:04:31.251,1.32496,1.32504,1.00,4.12
2016.09.27 16:04:31.344,1.32496,1.32505,1.12,2.25
2016.09.27 16:04:31.396,1.32496,1.32505,1.50,1.12
2016.09.27 16:04:31.447,1.32495,1.32505,3.37,1.12
2016.09.27 16:04:31.498,1.32495,1.32505,4.87,1.12
2016.09.27 16:04:31.550,1.32495,1.32505,4.87,1.87
2016.09.27 16:04:31.603,1.32495,1.32504,1.00,2.62
2016.09.27 16:04:31.654,1.32495,1.32504,1.00,3.22
2016.09.27 16:04:31.706,1.32495,1.32504,1.12,4.54
2016.09.27 16:04:31.758,1.32495,1.32504,1.12,4.54
2016.09.27 16:04:31.809,1.32495,1.32504,1.12,4.69
2016.09.27 16:04:31.962,1.32495,1.32504,1.12,4.69
2016.09.27 16:04:32.013,1.32495,1.32503,1.00,2.81
2016.09.27 16:04:32.085,1.32495,1.32503,1.00,2.62
2016.09.27 16:04:32.188,1.32495,1.32503,1.00,2.81
2016.09.27 16:04:32.393,1.32496,1.32504,1.00,2.62
2016.09.27 16:04:32.495,1.32496,1.32505,1.12,1.12
2016.09.27 16:04:32.597,1.32496,1.32505,1.12,3.37
2016.09.27 16:04:32.699,1.32496,1.32505,1.12,1.12
2016.09.27 16:04:32.954,1.32496,1.32505,1.12,1.72
2016.09.27 16:04:33.005,1.32494,1.32504,1.75,2.06
2016.09.27 16:04:33.086,1.32494,1.32504,1.50,2.44
2016.09.27 16:04:33.139,1.32494,1.32503,1.50,1.25
2016.09.27 16:04:33.190,1.32494,1.32503,1.50,1.56
2016.09.27 16:04:33.241,1.32494,1.32503,1.50,1.56
2016.09.27 16:04:33.293,1.32494,1.32503,1.50,1.31
2016.09.27 16:04:33.376,1.32494,1.32503,1.50,1.00
2016.09.27 16:04:33.427,1.32494,1.32503,1.50,1.00
2016.09.27 16:04:34.173,1.32494,1.32503,2.25,1.00
2016.09.27 16:04:34.224,1.32495,1.32505,1.75,3.00
2016.09.27 16:04:34.396,1.32495,1.32504,1.50,1.00
2016.09.27 16:04:34.447,1.32495,1.32504,1.50,1.00
2016.09.27 16:04:34.955,1.32495,1.32504,1.50,1.00
2016.09.27 16:04:35.210,1.32495,1.32505,1.00,5.62
2016.09.27 16:04:35.278,1.32495,1.32504,2.62,1.00
2016.09.27 16:04:35.329,1.32495,1.32504,3.00,1.00
2016.09.27 16:04:35.381,1.32495,1.32504,2.25,1.00
2016.09.27 16:04:36.104,1.32496,1.32504,1.00,1.00
2016.09.27 16:04:36.206,1.32496,1.32505,1.50,1.50
2016.09.27 16:04:36.347,1.32496,1.32505,1.00,2.10
2016.09.27 16:04:36.399,1.32495,1.32504,2.62,1.67
2016.09.27 16:04:36.451,1.32495,1.32505,2.62,4.50
2016.09.27 16:04:36.503,1.32495,1.32504,1.87,1.87
2016.09.27 16:04:36.606,1.32495,1.32504,1.87,1.37
2016.09.27 16:04:36.803,1.32495,1.32504,1.37,1.87
2016.09.27 16:04:36.907,1.32496,1.32505,1.00,1.00
2016.09.27 16:04:36.976,1.32496,1.32505,1.56,1.00
2016.09.27 16:04:37.027,1.32497,1.32506,1.50,1.00
2016.09.27 16:04:37.078,1.32497,1.32506,2.25,1.12
2016.09.27 16:04:37.130,1.325,1.32506,1.00,1.00
2016.09.27 16:04:37.181,1.32502,1.32508,1.00,2.62
2016.09.27 16:04:37.233,1.32502,1.32509,1.50,3.37
2016.09.27 16:04:37.284,1.32502,1.3251,1.87,1.37
2016.09.27 16:04:37.335,1.32502,1.3251,2.25,1.00
2016.09.27 16:04:37.386,1.32502,1.32507,2.25,1.00
2016.09.27 16:04:37.610,1.32502,1.32511,1.00,1.50
2016.09.27 16:04:37.661,1.32502,1.32511,1.00,2.10
2016.09.27 16:04:37.712,1.32503,1.3251,1.00,1.50
2016.09.27 16:04:37.814,1.32501,1.3251,1.12,1.87
2016.09.27 16:04:37.916,1.32501,1.3251,1.12,1.12
2016.09.27 16:04:37.967,1.325,1.3251,2.25,1.12
2016.09.27 16:04:38.018,1.325,1.3251,1.50,1.12
2016.09.27 16:04:38.120,1.32501,1.3251,1.12,1.12
2016.09.27 16:04:38.222,1.32501,1.3251,1.12,1.87
2016.09.27 16:04:38.324,1.32501,1.3251,1.12,1.12
2016.09.27 16:04:38.910,1.32502,1.32511,1.00,2.25
2016.09.27 16:04:39.012,1.32502,1.3251,1.00,2.62
2016.09.27 16:04:39.319,1.32503,1.32511,1.00,1.00
2016.09.27 16:04:39.524,1.32502,1.3251,1.00,2.62
2016.09.27 16:04:39.686,1.32501,1.3251,2.62,2.62
2016.09.27 16:04:39.788,1.32501,1.3251,2.62,1.00
2016.09.27 16:04:39.839,1.32501,1.32512,2.62,2.62
2016.09.27 16:04:39.941,1.32502,1.32512,1.00,2.62
2016.09.27 16:04:39.992,1.32502,1.32513,1.87,4.12
2016.09.27 16:04:40.043,1.32502,1.32511,1.50,1.00
2016.09.27 16:04:40.095,1.32503,1.32511,1.00,1.87
2016.09.27 16:04:40.147,1.32506,1.32511,1.00,2.25
2016.09.27 16:04:40.296,1.32506,1.32511,1.00,1.87
2016.09.27 16:04:40.602,1.32504,1.32511,2.25,1.87
2016.09.27 16:04:40.705,1.32504,1.32511,1.50,1.12
2016.09.27 16:04:40.807,1.32504,1.32511,1.12,1.12
2016.09.27 16:04:40.937,1.32504,1.32511,1.00,1.37
2016.09.27 16:04:40.992,1.32504,1.32511,1.00,1.50
2016.09.27 16:04:41.145,1.32504,1.32512,1.50,3.19
2016.09.27 16:04:41.197,1.32504,1.32511,1.50,1.25
2016.09.27 16:04:41.267,1.32504,1.32511,1.00,1.00
2016.09.27 16:04:41.318,1.32502,1.32511,3.00,1.00
2016.09.27 16:04:41.369,1.32502,1.32511,1.50,1.00
2016.09.27 16:04:41.503,1.32503,1.32512,1.12,1.37
2016.09.27 16:04:41.555,1.32502,1.32512,1.87,1.50
2016.09.27 16:04:41.606,1.32502,1.32512,1.31,2.25
2016.09.27 16:04:41.707,1.32502,1.32513,1.12,4.12
2016.09.27 16:04:42.064,1.32502,1.32513,1.12,4.12
2016.09.27 16:04:42.115,1.32502,1.32512,1.12,1.50
2016.09.27 16:04:42.319,1.32502,1.32513,1.12,4.12
2016.09.27 16:04:42.445,1.32502,1.32513,2.81,2.81
2016.09.27 16:04:42.598,1.32502,1.32513,2.81,2.81
2016.09.27 16:04:42.649,1.32502,1.32513,1.87,2.81
2016.09.27 16:04:42.803,1.32504,1.32513,1.00,3.56
2016.09.27 16:04:42.855,1.32504,1.32513,1.00,2.81
2016.09.27 16:04:42.906,1.32503,1.32513,1.50,2.81
2016.09.27 16:04:43.009,1.32503,1.32512,1.00,1.50
2016.09.27 16:04:43.112,1.32503,1.32513,1.00,2.81
2016.09.27 16:04:43.163,1.32502,1.32513,3.75,2.81
2016.09.27 16:04:43.214,1.32501,1.32511,2.25,2.25
2016.09.27 16:04:43.326,1.32503,1.32511,1.00,1.00
2016.09.27 16:04:43.531,1.32502,1.32511,1.50,1.00
2016.09.27 16:04:43.582,1.32502,1.32511,1.50,1.00
2016.09.27 16:04:43.633,1.32501,1.32509,1.00,1.00
2016.09.27 16:04:43.939,1.32501,1.32511,1.50,2.62
2016.09.27 16:04:43.990,1.32501,1.32511,1.50,2.62
2016.09.27 16:04:44.095,1.32501,1.32511,1.12,2.62
2016.09.27 16:04:44.146,1.32502,1.32509,1.00,1.00
2016.09.27 16:04:44.198,1.32502,1.32511,1.00,2.62
2016.09.27 16:04:44.334,1.32502,1.32512,1.00,3.56
2016.09.27 16:04:44.386,1.32503,1.32512,1.00,3.56
2016.09.27 16:04:44.488,1.32503,1.32512,1.00,3.56
2016.09.27 16:04:44.540,1.32501,1.32512,1.12,2.81
2016.09.27 16:04:44.694,1.32501,1.32512,1.87,2.81
2016.09.27 16:04:44.798,1.32503,1.32512,1.00,3.56
2016.09.27 16:04:44.850,1.32503,1.32512,1.00,2.81
2016.09.27 16:04:44.902,1.32503,1.32512,1.00,2.81
2016.09.27 16:04:45.439,1.32503,1.32512,1.00,2.62
2016.09.27 16:04:45.490,1.32503,1.32512,1.00,2.62
2016.09.27 16:04:45.901,1.32504,1.32513,1.00,2.81
2016.09.27 16:04:45.953,1.32504,1.32514,1.00,4.31
2016.09.27 16:04:46.004,1.32504,1.32513,1.00,2.62
2016.09.27 16:04:46.056,1.32504,1.32513,2.25,2.62
2016.09.27 16:04:46.158,1.32504,1.32513,1.00,2.62
2016.09.27 16:04:46.282,1.32504,1.32513,1.00,2.62
2016.09.27 16:04:47.578,1.32504,1.32513,1.00,2.62
2016.09.27 16:04:48.494,1.32504,1.32513,1.00,2.62
2016.09.27 16:04:48.934,1.32502,1.32513,1.12,2.62
2016.09.27 16:04:48.985,1.32502,1.32513,1.12,2.62
2016.09.27 16:04:49.087,1.32502,1.32513,1.12,2.62
2016.09.27 16:04:49.138,1.32502,1.32513,1.12,3.37
2016.09.27 16:04:49.189,1.32502,1.32513,1.12,3.37
2016.09.27 16:04:49.240,1.32502,1.32513,1.87,3.37
2016.09.27 16:04:49.342,1.32504,1.32513,1.00,4.12
2016.09.27 16:04:49.823,1.32503,1.32513,1.00,3.37
2016.09.27 16:04:49.874,1.32503,1.32513,1.00,3.37
2016.09.27 16:04:49.977,1.32503,1.32513,1.00,3.37
2016.09.27 16:04:50.224,1.32503,1.32513,1.00,3.56
2016.09.27 16:04:50.384,1.32503,1.32513,1.00,3.56
2016.09.27 16:04:50.565,1.32503,1.32513,1.00,2.81
2016.09.27 16:04:50.616,1.32503,1.32512,1.00,1.37
2016.09.27 16:04:50.718,1.32503,1.32513,1.00,3.94
2016.09.27 16:04:50.769,1.32503,1.32513,1.00,4.87
2016.09.27 16:04:50.820,1.32503,1.32512,1.00,1.56
2016.09.27 16:04:50.871,1.32503,1.32512,1.00,1.56
2016.09.27 16:04:50.922,1.32503,1.32513,1.00,4.87
2016.09.27 16:04:51.177,1.32503,1.32513,1.00,4.87
2016.09.27 16:04:51.346,1.32503,1.32512,1.00,2.81
2016.09.27 16:04:51.618,1.32503,1.32512,1.00,3.19
2016.09.27 16:04:51.720,1.32503,1.32512,1.00,2.81
2016.09.27 16:04:51.822,1.32504,1.32512,1.00,2.62
2016.09.27 16:04:51.873,1.32504,1.32512,1.00,2.25
2016.09.27 16:04:51.957,1.32504,1.32513,1.12,2.62
2016.09.27 16:04:53.054,1.32504,1.32513,2.62,2.62
2016.09.27 16:04:53.156,1.32504,1.32513,1.12,3.00
2016.09.27 16:04:53.207,1.32504,1.32513,1.12,3.00
2016.09.27 16:04:53.258,1.32504,1.32513,1.50,3.37
2016.09.27 16:04:53.309,1.32504,1.32513,1.50,1.50
2016.09.27 16:04:53.461,1.32504,1.32513,1.50,1.81
2016.09.27 16:04:53.821,1.32504,1.32513,1.50,1.50
2016.09.27 16:04:54.225,1.32504,1.32513,1.50,1.25
2016.09.27 16:04:54.276,1.32504,1.32513,1.50,1.25
2016.09.27 16:04:54.479,1.32504,1.32514,1.12,5.62
2016.09.27 16:04:54.530,1.32504,1.32512,1.00,1.00
2016.09.27 16:05:01.442,1.32504,1.32512,1.72,1.00
2016.09.27 16:05:01.494,1.32506,1.32512,1.00,1.00
2016.09.27 16:05:01.610,1.32509,1.32513,1.50,2.25
2016.09.27 16:05:01.663,1.3251,1.32518,1.00,2.25
2016.09.27 16:05:01.869,1.32511,1.32518,1.00,1.37
2016.09.27 16:05:02.053,1.32512,1.3252,1.00,1.00
2016.09.27 16:05:02.462,1.32512,1.3252,1.00,1.56
2016.09.27 16:05:02.513,1.32512,1.32519,1.00,1.19
2016.09.27 16:05:02.564,1.32512,1.32518,1.00,1.12
2016.09.27 16:05:03.060,1.32512,1.3252,1.00,2.62
2016.09.27 16:05:03.111,1.32512,1.3252,1.00,2.25
2016.09.27 16:05:03.162,1.32513,1.32521,1.00,1.50
2016.09.27 16:05:03.865,1.32512,1.32521,1.00,1.50
2016.09.27 16:05:04.566,1.32511,1.32521,1.12,1.50
2016.09.27 16:05:04.640,1.32511,1.32521,1.87,2.06
2016.09.27 16:05:04.742,1.32511,1.32521,1.12,1.69
2016.09.27 16:05:04.961,1.32511,1.32521,1.12,2.81
2016.09.27 16:05:05.063,1.32511,1.32521,1.12,1.50
2016.09.27 16:05:05.370,1.32511,1.32521,1.12,1.69
2016.09.27 16:05:05.543,1.32511,1.32521,1.12,1.50
2016.09.27 16:05:05.856,1.32511,1.32521,1.12,1.69
2016.09.27 16:05:06.182,1.32511,1.32521,1.12,1.50
2016.09.27 16:05:06.233,1.32512,1.32521,1.00,1.50
2016.09.27 16:05:06.284,1.32512,1.32521,1.50,1.50
2016.09.27 16:05:06.364,1.32512,1.32521,1.00,1.50
2016.09.27 16:05:06.466,1.32512,1.32521,1.50,1.50
2016.09.27 16:05:06.585,1.32512,1.32521,1.00,1.50
2016.09.27 16:05:06.688,1.32512,1.32521,1.50,1.50
2016.09.27 16:05:06.967,1.32512,1.32521,2.25,1.69
2016.09.27 16:05:07.264,1.32512,1.32521,1.50,1.50
2016.09.27 16:05:07.366,1.32512,1.32521,2.25,1.69
2016.09.27 16:05:07.417,1.32512,1.32521,2.25,1.62
2016.09.27 16:05:07.468,1.32512,1.32521,2.62,1.12
2016.09.27 16:05:07.519,1.32512,1.32521,1.87,1.12
2016.09.27 16:05:07.784,1.32512,1.32521,1.12,1.12
2016.09.27 16:05:07.835,1.32512,1.32521,1.87,1.12
2016.09.27 16:05:07.886,1.32512,1.32521,2.62,1.12
2016.09.27 16:05:08.319,1.32512,1.32521,2.62,1.50
2016.09.27 16:05:08.370,1.32512,1.3252,1.50,1.00
2016.09.27 16:05:08.421,1.32512,1.32521,1.87,1.50
2016.09.27 16:05:08.472,1.32512,1.32521,2.25,1.50
2016.09.27 16:05:08.574,1.32513,1.32521,1.00,1.50
2016.09.27 16:05:08.676,1.32513,1.32521,1.50,1.50
2016.09.27 16:05:08.986,1.32513,1.32521,1.00,1.50
2016.09.27 16:05:09.342,1.32512,1.32521,2.25,1.50
2016.09.27 16:05:09.981,1.32512,1.32521,1.50,2.06
2016.09.27 16:05:10.127,1.32512,1.32521,1.50,1.50
2016.09.27 16:05:10.280,1.32512,1.32521,1.50,2.06
2016.09.27 16:05:10.855,1.32512,1.32521,1.50,1.50
2016.09.27 16:05:10.906,1.32512,1.32521,1.50,1.00
2016.09.27 16:05:11.364,1.32512,1.32521,2.25,1.00
2016.09.27 16:05:11.572,1.32512,1.32521,1.50,1.00
2016.09.27 16:05:11.673,1.32512,1.32521,2.25,1.00
2016.09.27 16:05:11.775,1.32512,1.32521,1.50,1.00
2016.09.27 16:05:11.959,1.32512,1.32521,2.25,1.00
2016.09.27 16:05:12.061,1.32512,1.32521,1.50,1.00
2016.09.27 16:05:12.251,1.32512,1.32521,2.25,1.00
2016.09.27 16:05:12.353,1.32512,1.32521,1.50,1.00
2016.09.27 16:05:12.472,1.32512,1.32521,2.25,1.00
2016.09.27 16:05:12.574,1.32513,1.32521,1.00,1.00
2016.09.27 16:05:12.727,1.32513,1.32521,1.00,1.00
2016.09.27 16:05:12.778,1.32512,1.32521,3.75,1.00
2016.09.27 16:05:12.881,1.32513,1.32521,1.00,1.00
2016.09.27 16:05:13.188,1.32512,1.32521,5.10,1.00
2016.09.27 16:05:13.239,1.32512,1.32521,4.50,1.00
2016.09.27 16:05:13.290,1.32513,1.32521,1.00,1.00
2016.09.27 16:05:13.622,1.32512,1.32521,3.75,1.00
2016.09.27 16:05:13.674,1.32512,1.32521,3.00,1.00
2016.09.27 16:05:13.776,1.32512,1.32521,2.25,1.00
2016.09.27 16:05:13.839,1.32512,1.32522,1.12,3.37
2016.09.27 16:05:13.891,1.32512,1.3252,1.00,1.00
2016.09.27 16:05:13.994,1.32511,1.32519,1.50,1.00
2016.09.27 16:05:14.046,1.32512,1.32519,1.12,1.00
2016.09.27 16:05:14.097,1.32512,1.32519,1.50,1.00
2016.09.27 16:05:14.148,1.32512,1.32519,2.25,1.00
2016.09.27 16:05:14.199,1.32512,1.32519,1.87,1.00
2016.09.27 16:05:14.250,1.32512,1.32519,1.87,1.12
2016.09.27 16:05:14.301,1.32512,1.32519,2.25,1.12
2016.09.27 16:05:14.352,1.32513,1.32519,1.00,1.00
2016.09.27 16:05:14.881,1.32513,1.3252,1.00,1.00
2016.09.27 16:05:14.932,1.32512,1.3252,1.50,1.00
2016.09.27 16:05:15.288,1.32512,1.32523,2.25,3.56
2016.09.27 16:05:15.405,1.32512,1.32523,2.25,1.69
2016.09.27 16:05:15.457,1.32514,1.32523,1.00,1.69
2016.09.27 16:05:15.559,1.32514,1.32523,1.00,1.50
2016.09.27 16:05:16.559,1.32514,1.32523,1.50,1.50
2016.09.27 16:05:17.034,1.32514,1.32522,1.37,1.00
2016.09.27 16:05:17.085,1.32514,1.32522,1.00,1.00
2016.09.27 16:05:17.187,1.32514,1.32523,1.00,2.62
2016.09.27 16:05:17.238,1.32514,1.32523,1.00,3.00
2016.09.27 16:05:17.614,1.32515,1.32523,1.50,3.00
2016.09.27 16:05:17.716,1.32516,1.32523,1.00,3.00
2016.09.27 16:05:17.767,1.32519,1.32524,1.31,9.00
2016.09.27 16:05:17.820,1.32521,1.32525,1.00,4.87
2016.09.27 16:05:17.872,1.32519,1.32525,3.22,2.62
2016.09.27 16:05:17.924,1.32519,1.32525,3.60,2.25
2016.09.27 16:05:17.975,1.3252,1.32527,1.91,1.00
2016.09.27 16:05:18.027,1.3252,1.32527,1.49,1.00
2016.09.27 16:05:18.078,1.3252,1.32529,1.25,1.50
2016.09.27 16:05:18.180,1.32522,1.32529,1.00,1.50
2016.09.27 16:05:18.231,1.32522,1.32529,1.00,1.12
2016.09.27 16:05:18.350,1.32522,1.32529,1.37,1.00
2016.09.27 16:05:18.453,1.32522,1.32529,1.87,1.00
2016.09.27 16:05:18.504,1.32524,1.32529,1.00,1.00
2016.09.27 16:05:18.556,1.32524,1.32532,1.12,3.00
2016.09.27 16:05:18.608,1.32524,1.32534,1.12,1.37
2016.09.27 16:05:18.660,1.32525,1.3253,1.50,1.00
2016.09.27 16:05:18.712,1.32525,1.3253,3.00,1.00
2016.09.27 16:05:18.763,1.32526,1.32535,1.12,2.62
2016.09.27 16:05:18.815,1.32526,1.32535,1.12,2.62
2016.09.27 16:05:18.994,1.32526,1.32535,1.12,2.62
2016.09.27 16:05:19.305,1.32526,1.32535,1.72,2.62
2016.09.27 16:05:19.356,1.32526,1.32535,3.22,2.62
2016.09.27 16:05:19.611,1.32526,1.32535,3.97,2.62
2016.09.27 16:05:19.713,1.32526,1.32535,2.47,2.62
2016.09.27 16:05:19.764,1.32527,1.32535,1.00,2.62
2016.09.27 16:05:21.518,1.32527,1.32535,1.50,2.25
2016.09.27 16:05:21.569,1.32529,1.32537,1.37,2.62
2016.09.27 16:05:21.622,1.32531,1.32537,1.00,2.25
2016.09.27 16:05:21.673,1.32531,1.3254,1.12,2.62
2016.09.27 16:05:21.724,1.32531,1.3254,1.00,2.25
2016.09.27 16:05:21.810,1.3253,1.3254,1.50,2.25
2016.09.27 16:05:21.862,1.3253,1.3254,3.37,3.37
2016.09.27 16:05:21.965,1.32529,1.32537,1.50,1.12
2016.09.27 16:05:22.017,1.32529,1.32537,1.50,3.00
2016.09.27 16:05:22.068,1.32529,1.32536,1.50,2.62
2016.09.27 16:05:22.374,1.3253,1.32536,1.00,2.62
2016.09.27 16:05:22.475,1.32529,1.32536,1.50,2.62
2016.09.27 16:05:22.967,1.32529,1.32536,1.00,2.62
2016.09.27 16:05:23.389,1.32529,1.32537,1.00,1.00
2016.09.27 16:05:25.251,1.32529,1.32539,1.12,3.00
2016.09.27 16:05:25.320,1.3253,1.32541,2.62,3.00
2016.09.27 16:05:25.375,1.32532,1.32541,1.19,1.87
2016.09.27 16:05:25.426,1.32532,1.32541,1.31,1.87
2016.09.27 16:05:25.478,1.32532,1.32541,1.56,1.87
2016.09.27 16:05:25.529,1.32532,1.32541,1.56,2.25
2016.09.27 16:05:25.580,1.32531,1.32541,3.37,1.50
2016.09.27 16:05:25.632,1.32531,1.32541,3.37,1.12
2016.09.27 16:05:25.683,1.32531,1.32541,3.56,1.87
2016.09.27 16:05:25.836,1.32532,1.32541,1.50,1.12
2016.09.27 16:05:25.887,1.32532,1.32542,1.50,1.50
2016.09.27 16:05:25.938,1.32532,1.32542,1.50,1.50
2016.09.27 16:05:25.989,1.32532,1.32543,1.50,4.12
2016.09.27 16:05:26.076,1.32531,1.32543,3.37,4.12
2016.09.27 16:05:26.229,1.32531,1.32542,2.62,1.37
2016.09.27 16:05:26.281,1.3253,1.3254,4.50,1.50
2016.09.27 16:05:26.333,1.3253,1.3254,3.00,4.50
2016.09.27 16:05:26.402,1.3253,1.32538,1.12,1.56
2016.09.27 16:05:26.504,1.32529,1.32538,1.50,1.56
2016.09.27 16:05:26.556,1.32529,1.32539,1.87,2.81
2016.09.27 16:05:26.608,1.32531,1.3254,1.50,1.50
2016.09.27 16:05:26.710,1.32531,1.3254,1.50,1.50
2016.09.27 16:05:26.784,1.32531,1.3254,2.06,1.50
2016.09.27 16:05:26.837,1.32532,1.32542,1.31,4.31
2016.09.27 16:05:26.888,1.32532,1.32541,1.12,1.00
2016.09.27 16:05:26.970,1.32531,1.32541,1.37,1.00
2016.09.27 16:05:27.022,1.32531,1.32542,1.12,3.93
2016.09.27 16:05:27.074,1.32531,1.32542,1.12,4.31
2016.09.27 16:05:27.125,1.32531,1.32542,1.12,5.81
2016.09.27 16:05:27.280,1.32531,1.32542,1.12,4.31
2016.09.27 16:05:27.404,1.32529,1.3254,1.12,1.37
2016.09.27 16:05:27.457,1.32528,1.32539,5.25,1.00
2016.09.27 16:05:27.508,1.32528,1.32539,1.50,1.37
2016.09.27 16:05:27.559,1.32528,1.32539,1.75,1.37
2016.09.27 16:05:27.610,1.3253,1.32539,1.00,1.12
2016.09.27 16:05:27.763,1.32528,1.32539,1.87,1.37
2016.09.27 16:05:27.815,1.32529,1.32539,1.50,3.00
2016.09.27 16:05:28.128,1.32528,1.32535,1.12,1.35
2016.09.27 16:05:28.180,1.32526,1.32535,1.50,1.72
2016.09.27 16:05:28.297,1.32526,1.32534,1.00,2.25
2016.09.27 16:05:28.352,1.32525,1.3253,1.37,1.00
2016.09.27 16:05:28.403,1.32525,1.32529,1.00,1.00
2016.09.27 16:05:28.455,1.32525,1.32529,1.00,1.87
2016.09.27 16:05:28.509,1.32524,1.32528,1.00,1.50
2016.09.27 16:05:28.611,1.32518,1.32528,3.37,1.50
2016.09.27 16:05:28.662,1.32518,1.32528,3.37,1.87
2016.09.27 16:05:28.713,1.32518,1.32527,1.00,1.12
2016.09.27 16:05:28.815,1.32519,1.32527,1.00,1.00
2016.09.27 16:05:29.591,1.32519,1.32527,1.00,1.12
2016.09.27 16:05:29.642,1.32518,1.32527,1.50,1.00
2016.09.27 16:05:29.693,1.32518,1.32527,1.75,1.00
2016.09.27 16:05:29.744,1.32518,1.32526,1.37,1.12
2016.09.27 16:05:29.795,1.32518,1.32526,1.00,1.50
2016.09.27 16:05:29.897,1.32518,1.32526,1.00,1.87
2016.09.27 16:05:30.100,1.32518,1.32526,1.00,1.50
2016.09.27 16:05:30.396,1.32518,1.32526,1.00,1.87
2016.09.27 16:05:30.600,1.32518,1.32526,1.00,1.50
2016.09.27 16:05:30.818,1.32518,1.32526,1.00,1.87
2016.09.27 16:05:31.401,1.32518,1.32526,1.00,1.50
2016.09.27 16:05:31.595,1.32518,1.32526,1.00,1.87
2016.09.27 16:05:31.906,1.32517,1.32526,1.50,1.50
2016.09.27 16:05:31.962,1.32517,1.32525,1.00,1.00
2016.09.27 16:05:32.013,1.32515,1.32525,4.12,1.00
2016.09.27 16:05:32.115,1.32515,1.32525,3.37,1.37
2016.09.27 16:05:32.166,1.32517,1.32525,1.12,1.37
2016.09.27 16:05:32.218,1.32516,1.32525,1.37,1.37
2016.09.27 16:05:32.269,1.32516,1.32525,1.50,1.37
2016.09.27 16:05:32.320,1.32515,1.32525,5.25,2.25
2016.09.27 16:05:32.484,1.32515,1.32525,3.37,2.25
2016.09.27 16:05:32.586,1.32516,1.32525,1.12,2.25
2016.09.27 16:05:32.688,1.32515,1.32525,2.62,1.50
2016.09.27 16:05:32.790,1.32516,1.32525,2.62,1.12
2016.09.27 16:05:33.907,1.32516,1.32525,2.62,1.12
2016.09.27 16:05:33.980,1.32515,1.32525,1.12,1.12
2016.09.27 16:05:34.032,1.32514,1.32525,3.75,1.87
2016.09.27 16:05:34.083,1.32514,1.32525,5.62,1.87
2016.09.27 16:05:34.288,1.32514,1.32525,6.00,1.50
2016.09.27 16:05:34.340,1.32514,1.32523,6.00,1.00
2016.09.27 16:05:34.392,1.32515,1.32523,2.62,1.00
2016.09.27 16:05:34.648,1.32515,1.32523,3.00,1.00
2016.09.27 16:05:35.091,1.32516,1.32523,1.00,1.00
2016.09.27 16:05:35.505,1.32515,1.32523,1.37,1.00
2016.09.27 16:05:35.556,1.32515,1.32524,1.37,1.00
2016.09.27 16:05:35.607,1.32515,1.32524,1.37,1.50
2016.09.27 16:05:35.659,1.32515,1.32524,1.37,1.50
2016.09.27 16:05:35.761,1.32514,1.32524,1.75,1.50
2016.09.27 16:05:36.016,1.32514,1.32523,1.75,1.50
2016.09.27 16:05:36.067,1.32514,1.32522,1.37,1.00
2016.09.27 16:05:36.184,1.32514,1.32522,1.12,1.00
2016.09.27 16:05:36.235,1.32512,1.32521,2.25,1.00
2016.09.27 16:05:36.286,1.32512,1.32521,1.12,1.00
2016.09.27 16:05:36.491,1.32512,1.32523,2.10,4.87
2016.09.27 16:05:36.542,1.32514,1.32523,1.00,3.00
2016.09.27 16:05:36.898,1.32511,1.32522,1.87,3.37
2016.09.27 16:05:36.960,1.3251,1.32521,2.62,1.50
2016.09.27 16:05:37.043,1.3251,1.3252,2.62,1.12
2016.09.27 16:05:37.094,1.32511,1.3252,1.12,1.12
2016.09.27 16:05:37.197,1.3251,1.3252,1.50,1.12
2016.09.27 16:05:37.249,1.3251,1.32519,1.50,1.00
2016.09.27 16:05:37.300,1.32511,1.32519,2.62,1.00
2016.09.27 16:05:37.405,1.3251,1.32519,3.00,1.00
2016.09.27 16:05:37.507,1.3251,1.32519,3.37,1.00
2016.09.27 16:05:37.610,1.3251,1.32519,3.00,1.00
2016.09.27 16:05:37.836,1.3251,1.32519,3.37,1.00
2016.09.27 16:05:37.940,1.3251,1.3252,3.37,1.00
2016.09.27 16:05:37.991,1.3251,1.3252,3.00,1.00
2016.09.27 16:05:38.043,1.3251,1.32518,3.00,1.00
2016.09.27 16:05:38.094,1.3251,1.32518,2.25,1.00
2016.09.27 16:05:38.146,1.32509,1.32518,3.00,1.00
2016.09.27 16:05:38.299,1.32509,1.32518,2.25,1.00
2016.09.27 16:05:38.351,1.32509,1.32518,2.25,1.00
2016.09.27 16:05:38.568,1.32509,1.32518,3.00,1.00
2016.09.27 16:05:38.773,1.32509,1.32518,2.25,1.00
2016.09.27 16:05:38.927,1.32509,1.32519,1.50,1.50
2016.09.27 16:05:38.978,1.32509,1.32519,1.50,1.50
2016.09.27 16:05:39.030,1.32507,1.32515,3.37,1.00
2016.09.27 16:05:39.082,1.32507,1.32515,2.62,1.35
2016.09.27 16:05:39.133,1.32507,1.32513,1.50,1.00
2016.09.27 16:05:39.256,1.32507,1.32513,1.12,1.12
2016.09.27 16:05:39.308,1.32507,1.32513,1.00,2.25
2016.09.27 16:05:39.413,1.32504,1.32513,3.22,2.25
2016.09.27 16:05:39.465,1.32504,1.32513,3.22,1.87
2016.09.27 16:05:39.516,1.32504,1.32513,1.87,1.87
2016.09.27 16:05:39.619,1.32504,1.32513,1.50,1.12
2016.09.27 16:05:39.721,1.32503,1.32513,5.62,1.12
2016.09.27 16:05:39.823,1.32504,1.32513,1.50,1.12
2016.09.27 16:05:40.051,1.32503,1.32513,5.62,1.12
2016.09.27 16:05:40.102,1.32504,1.32513,1.50,1.87
2016.09.27 16:05:40.153,1.32504,1.32511,1.50,1.00
2016.09.27 16:05:40.306,1.32503,1.32511,1.37,3.00
2016.09.27 16:05:40.358,1.32503,1.32511,1.00,3.37
2016.09.27 16:05:40.511,1.32501,1.32511,1.87,3.37
2016.09.27 16:05:40.664,1.32501,1.32511,1.87,4.12
2016.09.27 16:05:41.171,1.32501,1.32511,1.87,4.12
2016.09.27 16:05:41.304,1.325,1.3251,1.87,1.50
2016.09.27 16:05:41.466,1.325,1.32509,1.12,1.12
2016.09.27 16:05:41.517,1.325,1.32509,1.37,1.12
2016.09.27 16:05:41.568,1.325,1.32509,1.00,1.12
2016.09.27 16:05:41.619,1.32498,1.32509,4.12,1.12
2016.09.27 16:05:41.721,1.32498,1.32509,3.97,1.12
2016.09.27 16:05:41.773,1.32498,1.32509,3.22,1.12
2016.09.27 16:05:41.824,1.32498,1.32509,2.62,1.12
2016.09.27 16:05:41.909,1.32499,1.32509,1.50,1.12
2016.09.27 16:05:42.533,1.32499,1.32508,1.50,1.00
2016.09.27 16:05:42.951,1.32499,1.32506,1.00,1.12
2016.09.27 16:05:43.003,1.32497,1.32506,2.25,1.12
2016.09.27 16:05:43.054,1.32497,1.32506,2.25,1.12
2016.09.27 16:05:43.105,1.32496,1.32506,4.12,1.12
2016.09.27 16:05:43.156,1.32496,1.32505,3.37,1.00
2016.09.27 16:05:43.208,1.32495,1.32506,2.62,2.25
2016.09.27 16:05:43.309,1.32496,1.32505,1.00,2.25
2016.09.27 16:05:43.513,1.32495,1.32504,1.50,2.62
2016.09.27 16:05:43.631,1.32495,1.32504,1.12,2.62
2016.09.27 16:05:43.733,1.32495,1.32504,1.12,2.62
2016.09.27 16:05:43.829,1.32495,1.32504,1.87,1.00
2016.09.27 16:05:43.881,1.32495,1.32505,2.25,1.50
2016.09.27 16:05:43.983,1.32495,1.32504,2.25,1.12
2016.09.27 16:05:44.034,1.32496,1.32503,1.50,1.00
2016.09.27 16:05:44.137,1.32495,1.32503,2.25,1.00
2016.09.27 16:05:44.293,1.32495,1.32503,1.00,1.12
2016.09.27 16:05:44.345,1.32494,1.32503,2.62,1.12
2016.09.27 16:05:44.398,1.32494,1.32503,1.87,1.87
2016.09.27 16:05:44.501,1.32494,1.32503,1.87,1.12
2016.09.27 16:05:44.554,1.32494,1.32502,1.87,1.00
2016.09.27 16:05:44.606,1.32494,1.32502,2.25,1.00
2016.09.27 16:05:44.657,1.32494,1.32502,1.87,1.37
2016.09.27 16:05:44.709,1.32494,1.32502,1.50,1.50
2016.09.27 16:05:44.812,1.32494,1.32502,1.50,1.12
2016.09.27 16:05:44.919,1.32495,1.32502,1.00,3.00
2016.09.27 16:05:44.970,1.32495,1.325,1.00,1.00
2016.09.27 16:05:45.021,1.32494,1.325,1.50,1.00
2016.09.27 16:05:45.434,1.32495,1.325,1.00,1.00
2016.09.27 16:05:45.536,1.32495,1.32502,1.00,3.37
2016.09.27 16:05:45.587,1.32495,1.32502,1.00,1.12
2016.09.27 16:05:45.815,1.32493,1.32502,1.87,1.12
2016.09.27 16:05:46.021,1.32493,1.32502,1.87,2.25
2016.09.27 16:05:46.073,1.32493,1.32501,1.12,1.87
2016.09.27 16:05:46.125,1.32492,1.32499,1.00,1.31
2016.09.27 16:05:46.177,1.32491,1.32499,1.50,2.06
2016.09.27 16:05:46.228,1.32491,1.32498,1.12,1.62
2016.09.27 16:05:46.279,1.32491,1.32498,1.00,1.62
2016.09.27 16:05:46.332,1.3249,1.32498,2.25,1.50
2016.09.27 16:05:46.438,1.32489,1.32496,3.00,1.12
2016.09.27 16:05:46.489,1.32489,1.32496,2.62,1.12
2016.09.27 16:05:46.633,1.3249,1.32496,1.50,1.00
2016.09.27 16:05:46.737,1.32489,1.32496,2.62,1.00
2016.09.27 16:05:46.788,1.32489,1.32496,3.00,1.00
2016.09.27 16:05:46.941,1.3249,1.32496,1.00,1.00
2016.09.27 16:05:47.043,1.32489,1.32496,3.00,1.00
2016.09.27 16:05:47.145,1.32489,1.32498,3.00,2.25
2016.09.27 16:05:47.196,1.3249,1.32498,1.00,2.44
2016.09.27 16:05:47.247,1.3249,1.32498,1.00,2.44
2016.09.27 16:05:47.400,1.32493,1.32498,1.00,1.50
2016.09.27 16:05:47.451,1.32493,1.32499,1.50,3.37
2016.09.27 16:05:47.589,1.32493,1.32499,1.00,2.25
2016.09.27 16:05:47.643,1.32493,1.325,1.00,3.37
2016.09.27 16:05:47.747,1.32493,1.325,1.50,1.00
2016.09.27 16:05:47.798,1.32493,1.325,1.00,1.00
2016.09.27 16:05:48.002,1.32493,1.325,1.87,1.00
2016.09.27 16:05:48.053,1.32493,1.325,1.87,1.12
2016.09.27 16:05:48.206,1.32493,1.325,1.00,1.12
2016.09.27 16:05:48.965,1.32497,1.32501,1.00,1.50
2016.09.27 16:05:49.017,1.32497,1.32501,1.69,1.50
2016.09.27 16:05:49.069,1.32496,1.325,2.81,1.00
2016.09.27 16:05:49.121,1.32498,1.32503,1.00,2.62
2016.09.27 16:05:49.223,1.32499,1.32504,1.00,1.00
2016.09.27 16:05:49.274,1.32498,1.32504,1.50,1.00
2016.09.27 16:05:49.325,1.32498,1.32507,1.87,1.50
2016.09.27 16:05:49.376,1.32498,1.32507,2.25,1.50
2016.09.27 16:05:49.428,1.32499,1.32507,1.00,1.50
2016.09.27 16:05:49.619,1.32499,1.32507,1.00,1.50
2016.09.27 16:05:49.670,1.32498,1.32507,1.50,1.50
2016.09.27 16:05:50.129,1.32499,1.32507,1.00,1.50
2016.09.27 16:05:50.180,1.32499,1.32507,1.00,1.50
2016.09.27 16:05:50.338,1.32497,1.32507,2.43,1.50
2016.09.27 16:05:50.391,1.32497,1.32507,2.81,1.37
2016.09.27 16:05:50.649,1.32497,1.32507,2.25,1.37
2016.09.27 16:05:51.108,1.32497,1.32507,2.44,1.37
2016.09.27 16:05:51.159,1.32497,1.32507,2.06,1.37
2016.09.27 16:05:51.518,1.32497,1.32507,1.87,1.37
2016.09.27 16:05:52.878,1.32497,1.32507,1.87,1.37
2016.09.27 16:05:52.929,1.32498,1.32507,1.62,1.37
2016.09.27 16:05:52.981,1.32498,1.32507,2.25,1.37
2016.09.27 16:05:53.461,1.32499,1.32508,1.31,2.62
2016.09.27 16:05:53.563,1.32499,1.32508,1.50,2.62
2016.09.27 16:05:53.671,1.32499,1.32508,1.87,2.62
2016.09.27 16:05:53.826,1.32499,1.32508,1.18,2.62
2016.09.27 16:05:54.080,1.32499,1.32508,1.18,2.62
2016.09.27 16:05:54.131,1.32499,1.32508,1.43,2.62
2016.09.27 16:05:54.182,1.32499,1.32508,1.12,2.62
2016.09.27 16:05:54.467,1.32498,1.32508,2.25,2.62
2016.09.27 16:05:54.621,1.32497,1.32508,4.31,2.62
2016.09.27 16:05:54.672,1.32497,1.32508,4.31,2.62
2016.09.27 16:05:54.774,1.32497,1.32508,4.31,3.00
2016.09.27 16:05:54.825,1.32498,1.32508,2.06,4.12
2016.09.27 16:05:54.876,1.32498,1.32507,1.93,1.50
2016.09.27 16:05:54.927,1.32497,1.32507,2.81,1.87
2016.09.27 16:05:54.978,1.32497,1.32507,2.06,1.87
2016.09.27 16:05:55.030,1.32497,1.32507,2.06,1.50
2016.09.27 16:05:55.172,1.32497,1.32507,2.06,1.87
2016.09.27 16:05:55.243,1.32497,1.32507,2.06,1.50
2016.09.27 16:05:55.396,1.32497,1.32507,1.31,1.50
2016.09.27 16:05:55.447,1.32497,1.32506,1.68,1.50
2016.09.27 16:05:55.499,1.32497,1.32505,1.68,1.00
2016.09.27 16:05:55.550,1.32497,1.32505,1.31,1.00
2016.09.27 16:05:55.821,1.32496,1.32505,1.68,1.37
2016.09.27 16:05:55.872,1.32496,1.32505,1.56,1.37
2016.09.27 16:05:56.076,1.32495,1.32505,2.06,1.37
2016.09.27 16:05:56.128,1.32495,1.32505,2.81,1.37
2016.09.27 16:05:56.179,1.32495,1.32505,1.31,3.37
2016.09.27 16:05:56.231,1.32494,1.32503,4.31,1.00
2016.09.27 16:05:56.282,1.32494,1.32503,2.81,1.00
2016.09.27 16:05:56.334,1.32494,1.32503,2.06,1.00
2016.09.27 16:05:56.385,1.32495,1.32503,1.00,1.00
2016.09.27 16:05:56.510,1.32494,1.32503,1.31,1.00
2016.09.27 16:05:56.605,1.32494,1.32503,1.25,2.62
2016.09.27 16:05:56.656,1.32493,1.32501,1.68,1.00
2016.09.27 16:05:56.708,1.32493,1.32501,1.18,1.00
2016.09.27 16:05:56.759,1.32492,1.32501,3.93,1.00
2016.09.27 16:05:56.862,1.32492,1.32501,3.56,1.00
2016.09.27 16:05:56.965,1.32492,1.32501,3.56,1.00
2016.09.27 16:05:57.323,1.32493,1.32501,1.31,1.00
2016.09.27 16:05:57.651,1.32492,1.32501,3.56,1.00
2016.09.27 16:05:57.755,1.32492,1.32501,2.81,1.00
2016.09.27 16:05:57.806,1.32492,1.32501,3.18,1.00
2016.09.27 16:05:57.858,1.32492,1.32501,4.12,1.00
2016.09.27 16:05:58.656,1.32492,1.32501,3.18,1.00
2016.09.27 16:05:58.809,1.32492,1.32501,2.81,1.00
2016.09.27 16:05:58.860,1.32492,1.32501,3.75,1.00
2016.09.27 16:05:58.961,1.32492,1.32501,2.81,1.00
2016.09.27 16:05:59.165,1.32492,1.32501,3.75,1.00
2016.09.27 16:05:59.536,1.32492,1.32501,3.37,1.00
2016.09.27 16:05:59.587,1.32492,1.32501,3.37,1.00
2016.09.27 16:05:59.639,1.32492,1.32501,2.43,1.00
2016.09.27 16:06:00.046,1.32492,1.32501,3.18,1.00
2016.09.27 16:06:00.097,1.32492,1.32502,2.81,2.62
2016.09.27 16:06:00.148,1.32492,1.32501,2.06,2.62
2016.09.27 16:06:00.358,1.32492,1.32501,2.43,2.62
2016.09.27 16:06:00.409,1.32492,1.32501,1.68,2.62
2016.09.27 16:06:00.460,1.32492,1.32501,1.18,2.62
2016.09.27 16:06:00.511,1.32492,1.32501,1.18,2.62
2016.09.27 16:06:00.664,1.32492,1.32501,1.68,2.62
2016.09.27 16:06:00.715,1.32492,1.32501,1.68,3.37
2016.09.27 16:06:00.766,1.32492,1.32501,1.25,3.37
2016.09.27 16:06:00.818,1.32492,1.32501,1.25,3.37
2016.09.27 16:06:00.920,1.32492,1.32501,1.25,3.37
2016.09.27 16:06:00.971,1.32493,1.32501,1.00,3.37
2016.09.27 16:06:01.022,1.32493,1.32501,1.00,3.37
2016.09.27 16:06:01.242,1.32491,1.325,1.18,2.81
2016.09.27 16:06:01.294,1.3249,1.32499,1.12,1.69
2016.09.27 16:06:01.345,1.3249,1.32498,1.12,1.69
2016.09.27 16:06:01.397,1.3249,1.32495,1.12,1.00
2016.09.27 16:06:01.580,1.3249,1.32495,1.00,1.12
2016.09.27 16:06:01.684,1.3249,1.32495,1.00,1.00
2016.09.27 16:06:01.736,1.32489,1.32495,1.25,1.00
2016.09.27 16:06:01.846,1.32488,1.32495,1.31,1.00
2016.09.27 16:06:02.386,1.32488,1.32497,1.31,1.87
2016.09.27 16:06:03.341,1.32487,1.32496,2.43,1.25
2016.09.27 16:06:03.393,1.32487,1.32496,1.50,1.69
2016.09.27 16:06:03.445,1.32487,1.32496,1.37,1.87
2016.09.27 16:06:03.496,1.32486,1.32495,1.25,1.50
2016.09.27 16:06:04.106,1.32487,1.32495,1.00,1.00
2016.09.27 16:06:04.157,1.32487,1.32495,1.68,1.00
2016.09.27 16:06:04.208,1.32487,1.32496,1.31,1.37
2016.09.27 16:06:04.259,1.32486,1.32496,5.81,1.12
2016.09.27 16:06:04.310,1.32486,1.32496,5.81,1.50
2016.09.27 16:06:04.361,1.32486,1.32496,3.93,3.37
2016.09.27 16:06:04.412,1.32487,1.32496,1.18,3.00
2016.09.27 16:06:04.545,1.32486,1.32496,6.18,1.12
2016.09.27 16:06:04.756,1.32487,1.32496,1.68,1.12
2016.09.27 16:06:05.113,1.32487,1.32496,1.68,1.12
2016.09.27 16:06:05.164,1.32486,1.32496,4.68,1.12
2016.09.27 16:06:05.216,1.32486,1.32495,3.18,1.00
2016.09.27 16:06:05.284,1.32486,1.32495,1.31,1.12
2016.09.27 16:06:05.480,1.32485,1.32494,3.18,1.00
2016.09.27 16:06:05.531,1.32485,1.32494,2.81,1.12
2016.09.27 16:06:05.583,1.32485,1.32494,1.68,1.50
2016.09.27 16:06:05.635,1.32485,1.32494,2.43,1.50
2016.09.27 16:06:06.046,1.32485,1.32494,1.68,1.50
2016.09.27 16:06:06.267,1.32485,1.32494,2.43,1.50
2016.09.27 16:06:06.369,1.32485,1.32494,1.18,1.50
2016.09.27 16:06:06.445,1.32485,1.32495,1.31,3.00
2016.09.27 16:06:06.496,1.32485,1.32495,1.68,1.12
2016.09.27 16:06:07.221,1.32485,1.32495,1.56,1.50
2016.09.27 16:06:07.272,1.32485,1.32494,1.31,2.62
2016.09.27 16:06:07.374,1.32485,1.32494,1.91,2.62
2016.09.27 16:06:07.426,1.3249,1.32494,1.00,2.25
2016.09.27 16:06:07.477,1.3249,1.32495,1.12,1.00
2016.09.27 16:06:07.528,1.3249,1.32497,1.12,2.25
2016.09.27 16:06:07.579,1.3249,1.32498,1.00,3.37
2016.09.27 16:06:07.630,1.3249,1.32498,1.00,4.12
2016.09.27 16:06:07.732,1.32487,1.32494,1.49,1.00
2016.09.27 16:06:07.783,1.32487,1.32494,1.12,1.12
2016.09.27 16:06:07.835,1.32484,1.32494,4.49,1.50
2016.09.27 16:06:07.957,1.32484,1.32492,1.00,4.12
2016.09.27 16:06:08.013,1.32482,1.3249,1.87,1.00
2016.09.27 16:06:08.065,1.32482,1.3249,1.50,2.62
2016.09.27 16:06:08.116,1.32482,1.3249,1.00,2.62
2016.09.27 16:06:08.167,1.32482,1.3249,1.00,1.50
2016.09.27 16:06:08.219,1.32482,1.32489,1.00,1.87
2016.09.27 16:06:08.270,1.32479,1.32489,1.50,4.12
2016.09.27 16:06:08.321,1.32478,1.32487,2.24,1.00
2016.09.27 16:06:08.374,1.32478,1.32487,1.49,2.62
2016.09.27 16:06:08.476,1.32478,1.32487,2.24,2.62
2016.09.27 16:06:08.528,1.32478,1.32487,2.62,2.25
2016.09.27 16:06:08.650,1.32478,1.32489,2.62,3.37
2016.09.27 16:06:08.702,1.32478,1.32489,2.62,3.37
2016.09.27 16:06:08.805,1.32478,1.32489,2.62,3.37
2016.09.27 16:06:08.858,1.32478,1.32489,1.87,1.12
2016.09.27 16:06:08.910,1.32479,1.32488,1.50,1.00
2016.09.27 16:06:08.961,1.32479,1.32489,1.50,1.87
2016.09.27 16:06:09.115,1.32479,1.32489,1.37,4.12
2016.09.27 16:06:09.166,1.32479,1.32488,1.12,2.62
2016.09.27 16:06:11.984,1.32479,1.32488,1.12,3.37
2016.09.27 16:06:12.756,1.32479,1.32488,1.12,3.56
2016.09.27 16:06:12.807,1.32479,1.32487,1.12,1.50
2016.09.27 16:06:12.858,1.32478,1.32487,1.12,1.50
2016.09.27 16:06:12.909,1.32477,1.32486,1.75,1.12
2016.09.27 16:06:12.960,1.32477,1.32486,1.37,1.12
2016.09.27 16:06:13.055,1.32477,1.32486,1.37,1.37
2016.09.27 16:06:13.157,1.32478,1.32486,1.12,1.37
2016.09.27 16:06:13.716,1.32476,1.32486,1.87,1.37
2016.09.27 16:06:13.768,1.32477,1.32486,1.37,1.87
2016.09.27 16:06:13.857,1.32475,1.32485,3.37,1.00
2016.09.27 16:06:13.956,1.32476,1.32485,1.00,4.31
2016.09.27 16:06:14.007,1.32475,1.32483,1.00,1.00
2016.09.27 16:06:14.059,1.32475,1.32485,1.12,4.31
2016.09.27 16:06:14.110,1.32475,1.32484,1.00,1.50
2016.09.27 16:06:14.161,1.32473,1.32484,1.49,1.50
2016.09.27 16:06:14.213,1.32474,1.32484,1.00,3.37
2016.09.27 16:06:14.316,1.32474,1.32484,1.12,1.50
2016.09.27 16:06:15.194,1.32473,1.32484,2.81,1.50
2016.09.27 16:06:15.285,1.32473,1.32484,2.62,2.10
2016.09.27 16:06:15.337,1.32473,1.32484,2.62,1.50
2016.09.27 16:06:15.604,1.32473,1.32484,2.62,2.25
2016.09.27 16:06:15.962,1.32473,1.32484,2.62,1.50
2016.09.27 16:06:16.014,1.32473,1.32484,1.87,1.50
2016.09.27 16:06:16.167,1.32473,1.32484,1.50,1.50
2016.09.27 16:06:17.468,1.32473,1.32484,1.87,1.50
2016.09.27 16:06:17.794,1.32473,1.32483,1.87,1.12
2016.09.27 16:06:19.002,1.32473,1.32483,2.24,1.12
2016.09.27 16:06:19.154,1.32473,1.32483,1.87,3.37
2016.09.27 16:06:19.205,1.32473,1.32482,1.49,2.62
2016.09.27 16:06:19.828,1.32474,1.32482,1.00,2.62
2016.09.27 16:06:20.299,1.32474,1.32482,1.25,2.62
2016.09.27 16:06:20.832,1.32473,1.32482,1.31,2.62
2016.09.27 16:06:22.485,1.32473,1.32482,1.12,2.62
2016.09.27 16:06:22.536,1.32473,1.32481,1.87,1.50
2016.09.27 16:06:22.637,1.32472,1.3248,1.37,1.00
2016.09.27 16:06:22.688,1.32472,1.3248,1.00,1.00
2016.09.27 16:06:22.740,1.32472,1.3248,1.12,1.12
2016.09.27 16:06:22.791,1.32472,1.3248,1.50,1.12
2016.09.27 16:06:22.842,1.32472,1.3248,1.37,1.50
2016.09.27 16:06:22.893,1.32472,1.3248,1.00,1.50
2016.09.27 16:06:25.365,1.32473,1.3248,1.00,1.50
2016.09.27 16:06:25.417,1.32471,1.3248,2.06,1.50
2016.09.27 16:06:25.468,1.32471,1.3248,1.68,1.50
2016.09.27 16:06:25.520,1.32471,1.32481,1.68,3.37
2016.09.27 16:06:25.571,1.32472,1.32481,1.93,3.00
2016.09.27 16:06:25.622,1.32473,1.32483,1.70,4.87
2016.09.27 16:06:25.674,1.32476,1.32481,1.50,1.00
2016.09.27 16:06:25.725,1.32477,1.32481,1.69,1.00
2016.09.27 16:06:25.777,1.32477,1.32482,1.91,2.25
2016.09.27 16:06:25.828,1.32478,1.32484,1.00,1.50
2016.09.27 16:06:25.879,1.32478,1.32485,1.18,2.25
2016.09.27 16:06:25.930,1.32481,1.32487,1.00,4.12
2016.09.27 16:06:26.050,1.32481,1.32487,1.00,1.12
2016.09.27 16:06:26.101,1.32481,1.32486,1.00,1.00
2016.09.27 16:06:26.407,1.32481,1.32489,1.25,1.50
2016.09.27 16:06:26.486,1.32479,1.32489,3.56,1.50
2016.09.27 16:06:26.690,1.32479,1.32489,4.31,1.50
2016.09.27 16:06:27.094,1.32479,1.32489,3.56,1.50
2016.09.27 16:06:27.145,1.32481,1.32489,1.25,1.50
2016.09.27 16:06:27.349,1.32481,1.3249,1.25,3.37
2016.09.27 16:06:28.375,1.32481,1.3249,1.25,3.37
2016.09.27 16:06:28.477,1.32481,1.3249,1.88,2.62
2016.09.27 16:06:28.528,1.32481,1.3249,2.38,2.62
2016.09.27 16:06:28.580,1.32481,1.3249,2.38,2.25
2016.09.27 16:06:28.701,1.32482,1.32491,1.63,2.62
2016.09.27 16:06:28.755,1.32482,1.3249,1.26,2.62
2016.09.27 16:06:28.806,1.32482,1.3249,1.63,2.62
2016.09.27 16:06:28.908,1.32483,1.3249,1.31,2.62
2016.09.27 16:06:28.959,1.32483,1.3249,2.06,2.25
2016.09.27 16:06:29.011,1.32483,1.32492,3.32,2.62
2016.09.27 16:06:29.476,1.32483,1.32492,3.19,2.62
2016.09.27 16:06:29.805,1.32483,1.32492,3.32,2.62
2016.09.27 16:06:29.907,1.32483,1.32492,3.37,2.62
2016.09.27 16:06:30.009,1.32483,1.32489,3.32,1.00
2016.09.27 16:06:30.163,1.32483,1.32489,2.57,1.00
2016.09.27 16:06:30.214,1.32483,1.32489,1.00,1.12
2016.09.27 16:06:30.284,1.3248,1.32488,1.37,1.00
2016.09.27 16:06:30.337,1.3248,1.32485,1.00,1.00
2016.09.27 16:06:30.451,1.32479,1.32484,1.37,1.50
2016.09.27 16:06:30.502,1.32479,1.32484,1.00,1.87
2016.09.27 16:06:30.554,1.32479,1.32484,1.00,1.50
2016.09.27 16:06:30.607,1.32477,1.32483,1.00,1.00
2016.09.27 16:06:30.659,1.32477,1.32484,1.00,1.37
2016.09.27 16:06:30.751,1.32477,1.32484,1.00,1.00
2016.09.27 16:06:31.006,1.32476,1.32484,1.50,1.00
2016.09.27 16:06:31.248,1.32478,1.32486,1.00,1.12
2016.09.27 16:06:31.910,1.32478,1.32487,1.00,3.00
2016.09.27 16:06:32.161,1.32478,1.32486,1.00,1.12
2016.09.27 16:06:32.267,1.32475,1.32484,1.37,1.00
2016.09.27 16:06:32.318,1.32474,1.32485,3.75,3.60
2016.09.27 16:06:32.369,1.32474,1.32482,2.25,1.30
2016.09.27 16:06:32.420,1.32474,1.32482,1.50,1.72
2016.09.27 16:06:32.472,1.32473,1.3248,1.37,1.72
2016.09.27 16:06:32.523,1.32473,1.32479,1.00,1.35
2016.09.27 16:06:32.575,1.32473,1.32479,1.00,1.35
2016.09.27 16:06:32.626,1.32473,1.32479,1.00,4.72
2016.09.27 16:06:32.781,1.32468,1.32479,2.25,3.97
2016.09.27 16:06:32.832,1.32468,1.32478,1.50,1.37
2016.09.27 16:06:32.934,1.32467,1.32478,3.74,1.37
2016.09.27 16:06:33.133,1.32467,1.32478,3.74,1.72
2016.09.27 16:06:33.948,1.32467,1.32478,3.74,1.37
2016.09.27 16:06:33.999,1.32467,1.32478,3.37,1.37
2016.09.27 16:06:34.355,1.32467,1.32478,3.37,1.50
2016.09.27 16:06:34.406,1.32467,1.32478,1.50,3.37
2016.09.27 16:06:34.507,1.32467,1.32478,1.50,3.97
2016.09.27 16:06:34.889,1.32467,1.32478,1.87,3.97
2016.09.27 16:06:34.940,1.32468,1.32478,1.37,3.37
2016.09.27 16:06:35.347,1.32468,1.32477,1.37,1.37
2016.09.27 16:06:35.398,1.32467,1.32477,2.62,1.37
2016.09.27 16:06:35.449,1.32467,1.32478,1.87,3.37
2016.09.27 16:06:35.612,1.32467,1.32478,2.99,2.62
2016.09.27 16:06:35.919,1.32467,1.32478,3.18,2.62
2016.09.27 16:06:36.072,1.32467,1.32478,3.18,3.22
2016.09.27 16:06:36.124,1.32467,1.32478,2.62,3.22
2016.09.27 16:06:36.175,1.32467,1.32478,2.62,2.62
2016.09.27 16:06:36.558,1.32468,1.32478,1.50,2.62
2016.09.27 16:06:36.619,1.32467,1.32478,2.85,3.22
2016.09.27 16:06:36.672,1.32468,1.32478,1.12,2.62
2016.09.27 16:06:36.724,1.32469,1.32478,1.19,2.62
2016.09.27 16:06:36.775,1.32469,1.32477,1.19,1.37
2016.09.27 16:06:36.826,1.32468,1.32477,1.56,1.37
2016.09.27 16:06:36.877,1.32468,1.32476,1.56,1.00
2016.09.27 16:06:36.945,1.32468,1.32476,1.37,1.00
2016.09.27 16:06:37.521,1.32468,1.32476,1.67,1.00
2016.09.27 16:06:37.572,1.32468,1.32476,1.72,1.00
2016.09.27 16:06:37.624,1.32468,1.32476,2.43,1.00
2016.09.27 16:06:37.676,1.32468,1.32476,2.06,1.00
2016.09.27 16:06:37.728,1.32468,1.32476,3.03,1.00
2016.09.27 16:06:37.830,1.32468,1.32476,2.06,1.00
2016.09.27 16:06:37.932,1.32468,1.32476,1.62,1.00
2016.09.27 16:06:38.305,1.32469,1.32476,1.37,1.00
2016.09.27 16:06:38.356,1.32469,1.32478,2.06,1.00
2016.09.27 16:06:38.634,1.32469,1.32478,1.87,1.00
2016.09.27 16:06:38.736,1.32469,1.32478,2.06,1.00
2016.09.27 16:06:38.940,1.32469,1.32478,2.25,1.00
2016.09.27 16:06:39.042,1.32469,1.32478,1.50,1.50
2016.09.27 16:06:39.144,1.32468,1.32478,1.62,3.97
2016.09.27 16:06:39.195,1.32467,1.32478,3.93,3.97
2016.09.27 16:06:39.246,1.32467,1.32478,4.12,4.72
2016.09.27 16:06:39.298,1.32467,1.32478,3.94,4.12
2016.09.27 16:06:39.412,1.32467,1.32478,1.87,3.37
2016.09.27 16:06:39.463,1.32467,1.32478,2.62,4.12
2016.09.27 16:06:39.566,1.32467,1.32478,1.87,3.37
2016.09.27 16:06:39.617,1.32467,1.32478,1.87,4.12
2016.09.27 16:06:39.668,1.32467,1.32478,1.12,4.12
2016.09.27 16:06:39.720,1.32467,1.32478,1.12,5.25
2016.09.27 16:06:39.822,1.32467,1.32478,1.12,4.87
2016.09.27 16:06:40.076,1.32467,1.32478,1.12,4.12
2016.09.27 16:06:40.127,1.32467,1.32478,1.69,3.37
2016.09.27 16:06:40.179,1.32468,1.32478,1.25,2.62
2016.09.27 16:06:40.277,1.32468,1.32478,1.25,2.62
2016.09.27 16:06:40.330,1.32468,1.32477,2.44,1.00
2016.09.27 16:06:40.381,1.3247,1.32478,1.00,1.50
2016.09.27 16:06:40.433,1.3247,1.32479,1.00,4.12
2016.09.27 16:06:40.557,1.3247,1.32479,1.00,4.87
2016.09.27 16:06:40.710,1.32469,1.32479,1.00,4.87
2016.09.27 16:06:40.761,1.32469,1.32479,1.00,4.12
2016.09.27 16:06:40.813,1.32469,1.32479,1.00,4.12
2016.09.27 16:06:40.864,1.32469,1.32479,1.00,4.87
2016.09.27 16:06:40.916,1.32468,1.32479,1.00,5.47
2016.09.27 16:06:40.968,1.32467,1.32479,2.43,5.85
2016.09.27 16:06:41.021,1.32467,1.32478,2.43,1.67
2016.09.27 16:06:41.072,1.32467,1.32477,1.62,2.62
2016.09.27 16:06:41.125,1.32466,1.32476,1.68,3.22
2016.09.27 16:06:41.260,1.32464,1.32474,2.25,1.12
2016.09.27 16:06:41.348,1.32464,1.32469,1.50,1.37
2016.09.27 16:06:41.451,1.32462,1.32466,5.25,1.00
2016.09.27 16:06:41.556,1.32462,1.32466,1.12,1.00
2016.09.27 16:06:41.659,1.32462,1.32466,1.00,1.00
2016.09.27 16:06:41.863,1.32462,1.32466,1.12,1.00
2016.09.27 16:06:42.013,1.32463,1.32468,1.00,1.00
2016.09.27 16:06:42.064,1.32459,1.32468,1.50,1.17
2016.09.27 16:06:42.218,1.32459,1.32468,1.50,1.17
2016.09.27 16:06:42.371,1.32459,1.32469,1.50,1.92
2016.09.27 16:06:42.627,1.3246,1.32469,1.37,1.42
2016.09.27 16:06:42.678,1.32464,1.3247,1.00,3.37
2016.09.27 16:06:42.729,1.32466,1.32472,1.25,2.62
2016.09.27 16:06:42.780,1.32467,1.32473,1.00,3.37
2016.09.27 16:06:42.908,1.32469,1.32473,1.00,1.00
2016.09.27 16:06:42.959,1.32469,1.32475,1.12,1.00
2016.09.27 16:06:43.010,1.32469,1.32475,1.12,1.35
2016.09.27 16:06:43.062,1.32469,1.32474,1.12,1.00
2016.09.27 16:06:43.749,1.32469,1.32478,1.12,3.75
2016.09.27 16:06:43.954,1.32466,1.32476,3.37,1.12
2016.09.27 16:06:44.006,1.32466,1.32476,3.37,2.47
2016.09.27 16:06:44.058,1.32467,1.32476,1.00,4.12
2016.09.27 16:06:44.109,1.32466,1.32475,1.50,1.50
2016.09.27 16:06:44.161,1.32466,1.32475,1.50,3.00
2016.09.27 16:06:44.212,1.32466,1.32475,1.50,3.75
2016.09.27 16:06:44.263,1.32466,1.32475,1.50,4.50
2016.09.27 16:06:44.314,1.32466,1.32475,1.37,4.50
2016.09.27 16:06:44.365,1.32466,1.32474,1.12,1.87
2016.09.27 16:06:44.416,1.32466,1.32475,1.12,6.37
2016.09.27 16:06:44.467,1.32466,1.32474,1.12,1.37
2016.09.27 16:06:44.569,1.32466,1.32475,1.12,4.50
2016.09.27 16:06:44.620,1.32466,1.32475,1.12,4.12
2016.09.27 16:06:44.745,1.32466,1.32474,1.12,1.37
2016.09.27 16:06:44.977,1.32466,1.32474,1.50,1.37
2016.09.27 16:06:45.079,1.32466,1.32475,1.12,4.12
2016.09.27 16:06:45.182,1.32467,1.32475,1.00,4.12
2016.09.27 16:06:45.333,1.32467,1.32474,1.00,1.37
2016.09.27 16:06:45.607,1.32467,1.32475,1.00,3.37
2016.09.27 16:06:46.128,1.3247,1.32476,1.00,1.50
2016.09.27 16:06:46.180,1.3247,1.32476,1.25,1.00
2016.09.27 16:06:46.231,1.3247,1.32477,1.31,1.50
2016.09.27 16:06:46.282,1.3247,1.32478,1.12,1.50
2016.09.27 16:06:46.334,1.3247,1.32479,1.31,4.12
2016.09.27 16:06:46.526,1.3247,1.32479,1.12,2.62
2016.09.27 16:06:46.577,1.32473,1.32479,1.00,4.12
2016.09.27 16:06:46.629,1.32473,1.32479,1.00,3.00
2016.09.27 16:06:46.680,1.32473,1.32479,1.00,1.12
2016.09.27 16:06:47.392,1.32472,1.32479,1.12,1.12
2016.09.27 16:06:47.443,1.32472,1.3248,1.12,1.50
2016.09.27 16:06:47.546,1.32472,1.3248,1.12,2.25
2016.09.27 16:06:47.954,1.32472,1.3248,1.00,1.50
2016.09.27 16:06:48.017,1.32472,1.3248,1.00,1.37
2016.09.27 16:06:48.099,1.32472,1.3248,1.00,1.12
2016.09.27 16:06:48.150,1.32472,1.3248,1.00,1.87
2016.09.27 16:06:48.354,1.32472,1.3248,1.00,1.12
2016.09.27 16:06:48.456,1.32472,1.3248,1.00,1.87
2016.09.27 16:06:48.557,1.32472,1.3248,1.00,1.12
2016.09.27 16:06:48.608,1.32472,1.32481,1.00,1.50
2016.09.27 16:06:48.659,1.32472,1.32482,1.00,5.25
2016.09.27 16:06:48.914,1.32472,1.32481,1.00,1.37
2016.09.27 16:06:48.965,1.32472,1.32481,1.00,1.87
2016.09.27 16:06:49.066,1.32472,1.32481,1.00,3.00
2016.09.27 16:06:49.183,1.32472,1.32481,1.00,1.37
2016.09.27 16:06:49.438,1.32472,1.32479,1.25,1.00
2016.09.27 16:06:49.490,1.32474,1.32479,1.00,1.00
2016.09.27 16:06:49.541,1.32474,1.32481,1.00,2.25
2016.09.27 16:06:49.951,1.32474,1.32482,1.00,2.62
2016.09.27 16:06:50.002,1.32474,1.32482,1.00,2.62
2016.09.27 16:06:50.054,1.32474,1.32482,1.12,3.37
2016.09.27 16:06:50.156,1.32474,1.32482,1.50,2.62
2016.09.27 16:06:50.254,1.32474,1.32483,1.50,5.25
2016.09.27 16:06:50.361,1.32474,1.32483,1.50,3.37
2016.09.27 16:06:50.565,1.32475,1.32483,1.00,2.62
2016.09.27 16:06:50.770,1.32475,1.32482,1.00,1.12
2016.09.27 16:06:50.874,1.32475,1.32483,1.00,3.00
2016.09.27 16:06:51.130,1.32475,1.32483,1.00,2.62
2016.09.27 16:06:51.181,1.32475,1.32482,1.50,1.00
2016.09.27 16:06:51.332,1.32477,1.32483,1.25,1.12
2016.09.27 16:06:51.384,1.32481,1.32485,1.00,1.50
2016.09.27 16:06:51.435,1.32479,1.32485,1.00,2.62
2016.09.27 16:06:51.537,1.3248,1.32486,1.00,2.25
2016.09.27 16:06:51.588,1.32481,1.32487,1.00,1.00
2016.09.27 16:06:51.639,1.32481,1.32488,1.12,1.50
2016.09.27 16:06:51.691,1.32481,1.32488,1.50,1.50
2016.09.27 16:06:51.742,1.32481,1.32487,1.50,1.00
2016.09.27 16:06:51.946,1.32481,1.32488,1.12,1.12
2016.09.27 16:06:52.057,1.32481,1.32488,1.00,1.50
2016.09.27 16:06:52.749,1.32481,1.32488,1.00,1.00
2016.09.27 16:06:52.851,1.32481,1.32488,1.00,1.50
2016.09.27 16:06:53.042,1.3248,1.32488,1.50,1.50
2016.09.27 16:06:53.146,1.3248,1.32488,1.50,1.00
2016.09.27 16:06:53.860,1.3248,1.32488,1.50,1.50
2016.09.27 16:06:54.242,1.32481,1.32489,1.37,2.25
2016.09.27 16:06:54.294,1.32481,1.32488,1.37,1.00
2016.09.27 16:06:54.396,1.32481,1.32488,1.50,1.00
2016.09.27 16:06:55.060,1.32481,1.32489,1.50,1.00
2016.09.27 16:06:55.300,1.32481,1.3249,1.50,1.50
2016.09.27 16:06:55.812,1.32482,1.3249,1.12,1.50
2016.09.27 16:06:56.016,1.32482,1.3249,1.12,1.00
2016.09.27 16:06:56.118,1.32482,1.32491,1.12,1.87
2016.09.27 16:06:56.419,1.32483,1.32491,1.00,1.87
2016.09.27 16:06:56.524,1.32482,1.32492,3.00,3.37
2016.09.27 16:06:56.578,1.32483,1.3249,1.00,1.00
2016.09.27 16:06:56.682,1.32483,1.3249,1.50,1.00
2016.09.27 16:06:56.735,1.32483,1.3249,1.87,1.00
2016.09.27 16:06:56.838,1.32483,1.32492,1.50,3.75
2016.09.27 16:06:56.889,1.32483,1.32492,1.87,1.87
2016.09.27 16:06:57.150,1.32483,1.32492,2.25,2.62
2016.09.27 16:06:57.252,1.32483,1.32492,1.87,1.87
2016.09.27 16:06:57.354,1.32483,1.32492,2.25,2.62
2016.09.27 16:06:57.557,1.32484,1.32492,1.12,2.62
2016.09.27 16:06:57.762,1.32486,1.32492,1.00,1.87
2016.09.27 16:06:57.814,1.32486,1.32493,1.50,3.00
2016.09.27 16:06:57.866,1.32486,1.32494,1.87,1.50
2016.09.27 16:06:57.917,1.32486,1.32494,3.56,2.62
2016.09.27 16:06:58.027,1.32487,1.32494,1.69,1.00
2016.09.27 16:06:58.130,1.32487,1.32494,1.50,1.50
2016.09.27 16:06:58.335,1.32487,1.32494,1.37,1.00
2016.09.27 16:06:58.388,1.32487,1.32494,1.12,1.12
2016.09.27 16:06:58.439,1.32487,1.32494,2.06,1.12
2016.09.27 16:06:58.490,1.32487,1.32494,1.31,1.12
2016.09.27 16:06:58.542,1.32487,1.32494,1.69,1.12
2016.09.27 16:06:58.593,1.32487,1.32494,2.44,1.00
2016.09.27 16:06:58.644,1.32487,1.32497,2.62,1.87
2016.09.27 16:06:58.745,1.32487,1.32497,2.62,1.87
2016.09.27 16:06:58.847,1.32488,1.32496,1.00,1.00
2016.09.27 16:06:59.652,1.32487,1.32497,3.37,1.87
2016.09.27 16:06:59.856,1.32488,1.32496,1.00,1.00
2016.09.27 16:07:00.079,1.32487,1.32497,3.37,1.87
2016.09.27 16:07:00.131,1.32488,1.32497,1.12,1.87
2016.09.27 16:07:00.233,1.32487,1.32497,2.25,2.62
2016.09.27 16:07:00.288,1.32487,1.32496,2.25,1.50
2016.09.27 16:07:00.341,1.32487,1.32494,2.25,1.50
2016.09.27 16:07:00.393,1.32487,1.32494,1.50,1.50
2016.09.27 16:07:00.444,1.32487,1.32494,1.50,1.00
2016.09.27 16:07:00.750,1.32487,1.32494,1.50,1.50
2016.09.27 16:07:00.868,1.32487,1.32494,1.50,1.00
2016.09.27 16:07:01.022,1.32487,1.32494,1.87,1.50
2016.09.27 16:07:01.226,1.32487,1.32494,1.50,1.00
2016.09.27 16:07:01.277,1.32486,1.32494,3.00,1.00
2016.09.27 16:07:01.329,1.32488,1.32497,1.00,1.87
2016.09.27 16:07:01.380,1.32487,1.32497,3.37,1.87
2016.09.27 16:07:01.635,1.32487,1.32496,3.75,1.00
2016.09.27 16:07:01.853,1.32487,1.32497,3.37,1.87
2016.09.27 16:07:02.133,1.32487,1.32496,3.75,1.00
2016.09.27 16:07:02.842,1.32487,1.32497,3.37,1.87
2016.09.27 16:07:03.353,1.32487,1.32496,3.75,1.00
2016.09.27 16:07:03.507,1.32488,1.32496,1.50,1.00
2016.09.27 16:07:03.635,1.32489,1.32497,1.37,1.87
2016.09.27 16:07:04.044,1.32489,1.32496,1.37,1.00
2016.09.27 16:07:04.249,1.32489,1.32497,1.37,1.87
2016.09.27 16:07:04.426,1.32489,1.32496,1.37,1.00
2016.09.27 16:07:04.529,1.32491,1.32498,1.00,1.50
2016.09.27 16:07:04.632,1.32493,1.32499,1.00,4.50
2016.09.27 16:07:04.684,1.32493,1.32499,1.00,2.25
2016.09.27 16:07:04.735,1.32493,1.325,1.12,1.12
2016.09.27 16:07:04.788,1.32493,1.325,1.50,1.00
2016.09.27 16:07:04.839,1.32493,1.325,1.00,1.00
2016.09.27 16:07:04.942,1.32493,1.32501,1.00,1.50
2016.09.27 16:07:05.044,1.32493,1.32502,1.00,2.62
2016.09.27 16:07:05.197,1.32493,1.32502,1.50,2.62
2016.09.27 16:07:05.477,1.32493,1.32501,1.50,1.00
2016.09.27 16:07:05.528,1.32493,1.32502,1.50,2.62
2016.09.27 16:07:06.822,1.32493,1.32502,2.25,1.50
2016.09.27 16:07:06.873,1.32494,1.32502,1.00,1.00
2016.09.27 16:07:06.955,1.32494,1.32502,1.00,1.31
2016.09.27 16:07:07.006,1.32494,1.32502,1.00,2.06
2016.09.27 16:07:07.057,1.32494,1.32502,1.00,1.50
2016.09.27 16:07:07.161,1.32493,1.32502,2.25,1.50
2016.09.27 16:07:07.379,1.32494,1.32502,1.00,1.50
2016.09.27 16:07:07.755,1.32493,1.32502,2.25,1.50
2016.09.27 16:07:07.857,1.32494,1.32502,1.00,1.50
2016.09.27 16:07:08.134,1.32493,1.32502,2.25,1.50
2016.09.27 16:07:08.630,1.32493,1.32502,1.50,1.50
2016.09.27 16:07:08.681,1.32493,1.32502,1.00,1.50
2016.09.27 16:07:08.834,1.32493,1.32502,1.50,1.50
2016.09.27 16:07:08.936,1.32493,1.32502,2.25,1.50
2016.09.27 16:07:09.466,1.32493,1.32502,1.50,1.50
2016.09.27 16:07:09.568,1.32493,1.32502,2.25,1.50
2016.09.27 16:07:09.803,1.32493,1.32502,1.50,1.50
2016.09.27 16:07:10.880,1.32493,1.32502,2.25,1.50
2016.09.27 16:07:11.052,1.32493,1.32502,1.50,1.50
2016.09.27 16:07:11.268,1.32493,1.32502,2.25,1.50
2016.09.27 16:07:12.645,1.32493,1.32502,1.50,1.50
2016.09.27 16:07:12.749,1.32493,1.32502,2.25,1.50
2016.09.27 16:07:12.953,1.32493,1.32502,1.50,1.50
2016.09.27 16:07:13.328,1.32494,1.32502,1.00,1.00
2016.09.27 16:07:13.470,1.32494,1.32502,1.00,2.62
2016.09.27 16:07:13.522,1.32493,1.32502,2.62,2.62
2016.09.27 16:07:13.573,1.32495,1.32502,1.00,2.62
2016.09.27 16:07:13.878,1.32494,1.32502,1.50,2.62
2016.09.27 16:07:15.053,1.32493,1.32502,3.37,2.62
2016.09.27 16:07:15.104,1.32493,1.32502,2.62,3.37
2016.09.27 16:07:15.155,1.32496,1.32501,1.50,1.37
2016.09.27 16:07:15.206,1.32496,1.32501,1.50,1.35
2016.09.27 16:07:15.324,1.32496,1.32501,1.00,2.10
2016.09.27 16:07:15.376,1.32495,1.32501,1.50,1.37
2016.09.27 16:07:15.428,1.32495,1.32501,1.50,1.00
2016.09.27 16:07:15.581,1.32496,1.32501,1.00,1.25
2016.09.27 16:07:16.147,1.32496,1.32502,1.00,2.06
2016.09.27 16:07:16.249,1.32495,1.32502,1.50,1.50
2016.09.27 16:07:16.301,1.32495,1.32502,1.50,1.50
2016.09.27 16:07:16.482,1.32495,1.32502,1.50,1.50
2016.09.27 16:07:16.584,1.32496,1.32502,1.00,1.50
2016.09.27 16:07:16.687,1.32494,1.32502,1.50,1.50
2016.09.27 16:07:16.789,1.32494,1.32502,1.50,1.50
2016.09.27 16:07:16.840,1.32494,1.32502,1.50,3.75
2016.09.27 16:07:16.942,1.32494,1.32502,1.50,4.12
2016.09.27 16:07:17.147,1.32495,1.32502,1.00,4.12
2016.09.27 16:07:17.198,1.32495,1.32502,1.00,4.12
2016.09.27 16:07:17.297,1.32495,1.32502,1.00,4.12
2016.09.27 16:07:17.349,1.32495,1.32501,1.00,2.62
2016.09.27 16:07:17.555,1.32494,1.32501,1.50,2.62
2016.09.27 16:07:18.166,1.32495,1.32501,1.00,2.62
2016.09.27 16:07:19.089,1.32494,1.32501,1.50,2.62
2016.09.27 16:07:19.394,1.32495,1.32501,1.00,2.62
2016.09.27 16:07:19.649,1.32491,1.32501,2.62,3.09
2016.09.27 16:07:19.754,1.32491,1.32501,1.87,3.47
2016.09.27 16:07:19.805,1.32491,1.32501,1.87,3.84
2016.09.27 16:07:19.856,1.32491,1.32501,1.87,4.59
2016.09.27 16:07:19.958,1.32491,1.32501,2.62,4.59
2016.09.27 16:07:20.060,1.32491,1.32501,1.87,4.59
2016.09.27 16:07:20.366,1.32491,1.32499,1.37,1.00
2016.09.27 16:07:20.418,1.32491,1.325,1.00,3.75
2016.09.27 16:07:20.701,1.32491,1.325,1.00,3.00
2016.09.27 16:07:20.752,1.32491,1.325,1.12,1.12
2016.09.27 16:07:21.546,1.32491,1.325,1.12,1.59
2016.09.27 16:07:21.962,1.32491,1.325,1.12,1.12
2016.09.27 16:07:22.217,1.32491,1.325,1.87,1.12
2016.09.27 16:07:23.395,1.32491,1.325,1.12,1.12
2016.09.27 16:07:24.657,1.32491,1.325,1.12,2.34
2016.09.27 16:07:24.962,1.32491,1.325,1.12,1.59
2016.09.27 16:07:25.167,1.32491,1.325,1.12,2.34
2016.09.27 16:07:25.270,1.32491,1.325,1.12,1.59
2016.09.27 16:07:25.372,1.32491,1.325,1.12,2.34
2016.09.27 16:07:25.504,1.32491,1.325,1.12,1.59
2016.09.27 16:07:25.658,1.32491,1.325,1.12,2.34
2016.09.27 16:07:25.760,1.32491,1.325,1.12,3.09
2016.09.27 16:07:25.862,1.32491,1.325,1.12,2.34
2016.09.27 16:07:26.421,1.3249,1.325,1.50,2.94
2016.09.27 16:07:26.545,1.3249,1.32498,1.50,1.00
2016.09.27 16:07:28.544,1.3249,1.32498,1.69,1.00
2016.09.27 16:07:28.595,1.3249,1.32499,1.69,1.12
2016.09.27 16:07:28.646,1.3249,1.32499,1.50,1.50
2016.09.27 16:07:28.748,1.32491,1.32499,1.12,1.50
2016.09.27 16:07:28.799,1.32493,1.32499,1.00,1.50
2016.09.27 16:07:29.402,1.32494,1.325,1.00,3.47
2016.09.27 16:07:29.453,1.32494,1.325,1.00,2.34
2016.09.27 16:07:29.665,1.32494,1.325,1.00,1.59
2016.09.27 16:07:29.818,1.32492,1.325,2.25,1.59
2016.09.27 16:07:30.405,1.32494,1.325,1.00,1.59
2016.09.27 16:07:30.456,1.32494,1.32502,1.00,4.12
2016.09.27 16:07:30.508,1.32493,1.32502,1.37,3.75
2016.09.27 16:07:30.559,1.32494,1.32502,1.00,1.97
2016.09.27 16:07:30.763,1.32494,1.32501,1.00,2.72
2016.09.27 16:07:30.815,1.32491,1.32501,4.12,3.09
2016.09.27 16:07:30.866,1.32492,1.325,1.00,1.97
2016.09.27 16:07:30.917,1.3249,1.32499,1.50,1.12
2016.09.27 16:07:30.968,1.3249,1.32498,1.50,1.00
2016.09.27 16:07:31.019,1.3249,1.32498,1.12,1.00
2016.09.27 16:07:31.071,1.3249,1.32498,1.12,1.37
2016.09.27 16:07:31.139,1.3249,1.32498,1.87,1.37
2016.09.27 16:07:31.191,1.3249,1.32498,1.12,1.37
2016.09.27 16:07:31.243,1.32489,1.32498,3.37,1.37
2016.09.27 16:07:31.548,1.32489,1.32498,2.62,1.37
2016.09.27 16:07:31.858,1.32489,1.32499,2.62,3.28
2016.09.27 16:07:32.013,1.32489,1.32499,1.87,3.28
2016.09.27 16:07:32.193,1.3249,1.32499,1.12,4.03
2016.09.27 16:07:32.244,1.3249,1.32499,1.12,3.84
2016.09.27 16:07:32.295,1.3249,1.32499,1.87,4.59
2016.09.27 16:07:32.347,1.32488,1.32499,3.56,3.09
2016.09.27 16:07:32.401,1.32488,1.32498,3.37,1.50
2016.09.27 16:07:32.461,1.32489,1.32498,1.00,2.72
2016.09.27 16:07:32.513,1.32489,1.32498,1.00,2.34
2016.09.27 16:07:32.564,1.32488,1.32498,2.25,1.97
2016.09.27 16:07:32.774,1.32488,1.32498,1.75,1.47
2016.09.27 16:07:32.825,1.32489,1.32498,1.50,1.47
2016.09.27 16:07:32.876,1.32489,1.32498,1.50,1.00
2016.09.27 16:07:34.378,1.32489,1.32498,1.50,1.22
2016.09.27 16:07:35.984,1.32487,1.32496,3.37,1.69
2016.09.27 16:07:36.036,1.32487,1.32496,2.62,3.13
2016.09.27 16:07:36.088,1.32486,1.32493,3.37,1.00
2016.09.27 16:07:36.139,1.32486,1.32493,2.62,1.00
2016.09.27 16:07:36.260,1.32484,1.32493,3.00,1.00
2016.09.27 16:07:36.311,1.32484,1.32493,2.25,1.00
2016.09.27 16:07:36.362,1.32484,1.32493,1.75,1.00
2016.09.27 16:07:36.413,1.32486,1.32493,1.12,1.00
2016.09.27 16:07:36.515,1.32486,1.32495,1.50,2.34
2016.09.27 16:07:36.567,1.32486,1.32495,1.75,2.72
2016.09.27 16:07:36.655,1.32485,1.32495,3.37,1.47
2016.09.27 16:07:36.758,1.32485,1.32495,3.37,2.72
2016.09.27 16:07:36.809,1.32485,1.32494,2.62,1.59
2016.09.27 16:07:36.860,1.32485,1.32493,2.62,1.97
2016.09.27 16:07:36.965,1.32484,1.32491,2.62,1.50
2016.09.27 16:07:37.097,1.32482,1.3249,1.00,1.00
2016.09.27 16:07:37.149,1.32482,1.3249,1.00,1.00
2016.09.27 16:07:37.201,1.3248,1.3249,2.43,1.00
2016.09.27 16:07:37.253,1.3248,1.3249,1.68,1.87
2016.09.27 16:07:37.304,1.3248,1.32489,1.50,1.12
2016.09.27 16:07:37.866,1.32479,1.32489,3.37,1.87
2016.09.27 16:07:37.918,1.32479,1.32488,2.62,1.00
2016.09.27 16:07:37.969,1.32479,1.32486,2.62,1.50
2016.09.27 16:07:38.088,1.32478,1.32486,2.25,1.50
2016.09.27 16:07:38.191,1.32476,1.32486,4.31,1.87
2016.09.27 16:07:38.661,1.32476,1.32486,5.06,1.87
2016.09.27 16:07:38.966,1.32476,1.32486,5.06,1.12
2016.09.27 16:07:39.090,1.32476,1.32486,4.31,1.12
2016.09.27 16:07:39.194,1.32476,1.32486,3.56,1.12
2016.09.27 16:07:39.246,1.32477,1.32487,1.68,1.87
2016.09.27 16:07:39.450,1.32477,1.32487,1.68,1.37
2016.09.27 16:07:39.501,1.32477,1.32488,3.56,2.25
2016.09.27 16:07:39.603,1.32477,1.32489,3.56,1.50
2016.09.27 16:07:39.705,1.32479,1.32488,1.00,1.00
2016.09.27 16:07:39.959,1.32479,1.32488,1.25,1.00
2016.09.27 16:07:42.749,1.32479,1.32488,1.25,1.00
2016.09.27 16:07:42.902,1.32479,1.32488,1.00,2.10
2016.09.27 16:07:43.124,1.32479,1.32488,1.00,1.50
2016.09.27 16:07:43.180,1.32479,1.32488,1.00,1.50
2016.09.27 16:07:43.485,1.32479,1.32488,1.00,2.25
2016.09.27 16:07:43.699,1.32479,1.32488,1.00,1.50
2016.09.27 16:07:44.071,1.32477,1.32488,3.56,1.12
2016.09.27 16:07:44.126,1.32478,1.32488,1.75,1.00
2016.09.27 16:07:44.178,1.32478,1.32489,2.00,3.97
2016.09.27 16:07:44.382,1.32479,1.32489,1.50,1.87
2016.09.27 16:07:44.434,1.32479,1.32489,1.50,1.87
2016.09.27 16:07:44.485,1.32479,1.32489,1.68,1.12
2016.09.27 16:07:44.587,1.3248,1.32489,1.31,1.12
2016.09.27 16:07:44.690,1.3248,1.3249,2.06,2.25
2016.09.27 16:07:44.741,1.3248,1.3249,2.06,2.85
2016.09.27 16:07:44.905,1.3248,1.3249,2.06,1.50
2016.09.27 16:07:45.007,1.3248,1.3249,2.06,2.10
2016.09.27 16:07:45.218,1.3248,1.3249,2.06,1.50
2016.09.27 16:07:47.579,1.3248,1.3249,1.87,1.50
2016.09.27 16:07:47.681,1.3248,1.3249,1.12,1.50
2016.09.27 16:07:48.699,1.3248,1.3249,1.12,2.25
2016.09.27 16:07:48.954,1.32481,1.3249,1.00,1.50
2016.09.27 16:07:49.005,1.32482,1.32491,1.12,3.37
2016.09.27 16:07:49.056,1.32484,1.32491,1.00,2.62
2016.09.27 16:07:49.108,1.32484,1.3249,3.74,1.00
2016.09.27 16:07:49.159,1.32487,1.32492,1.37,2.25
2016.09.27 16:07:49.211,1.32487,1.32494,1.74,3.37
2016.09.27 16:07:49.262,1.32488,1.32494,1.12,3.00
2016.09.27 16:07:49.391,1.32488,1.32494,1.12,1.00
2016.09.27 16:07:49.443,1.32487,1.32494,2.24,1.00
2016.09.27 16:07:49.494,1.32487,1.32493,2.62,1.00
2016.09.27 16:07:49.597,1.32487,1.32495,1.87,1.50
2016.09.27 16:07:49.649,1.32487,1.32495,1.87,1.12
2016.09.27 16:07:49.700,1.32489,1.32495,1.18,1.00
2016.09.27 16:07:50.005,1.32489,1.32495,1.68,1.37
2016.09.27 16:07:50.175,1.32489,1.32495,1.18,1.37
2016.09.27 16:07:50.373,1.32489,1.32496,1.18,2.62
2016.09.27 16:07:50.780,1.32489,1.32496,1.68,2.62
2016.09.27 16:07:51.081,1.32489,1.32496,1.18,2.62
2016.09.27 16:07:51.512,1.32489,1.32496,1.68,2.62
2016.09.27 16:07:51.614,1.32489,1.32496,1.18,2.62
2016.09.27 16:07:51.892,1.32489,1.32496,1.31,2.62
2016.09.27 16:07:51.959,1.32489,1.32496,1.31,2.25
2016.09.27 16:07:52.010,1.32488,1.32498,4.68,1.50
2016.09.27 16:07:52.061,1.32489,1.32498,1.18,1.50
2016.09.27 16:07:52.113,1.32489,1.32499,2.81,2.62
2016.09.27 16:07:52.402,1.32489,1.32499,1.68,2.62
2016.09.27 16:07:52.503,1.32489,1.32499,2.81,2.62
2016.09.27 16:07:53.387,1.32489,1.32499,3.18,2.62
2016.09.27 16:07:53.693,1.3249,1.32499,1.18,2.62
2016.09.27 16:07:53.896,1.32489,1.32499,2.43,2.62
2016.09.27 16:07:54.279,1.3249,1.32499,1.18,2.62
2016.09.27 16:07:54.382,1.3249,1.32499,1.18,2.62
2016.09.27 16:07:54.485,1.32492,1.32499,1.00,2.62
2016.09.27 16:07:54.589,1.32492,1.32499,2.43,2.62
2016.09.27 16:07:54.640,1.32492,1.32499,2.81,2.25
2016.09.27 16:07:54.692,1.32492,1.32501,2.43,1.00
2016.09.27 16:07:54.744,1.32495,1.32501,1.00,1.00
2016.09.27 16:07:54.796,1.32495,1.32501,1.00,2.85
2016.09.27 16:07:54.848,1.32493,1.32501,1.00,4.72
2016.09.27 16:07:54.899,1.32493,1.325,1.00,3.60
2016.09.27 16:07:55.014,1.32491,1.32498,1.00,2.62
2016.09.27 16:07:55.269,1.32491,1.32498,1.00,3.22
2016.09.27 16:07:55.320,1.32491,1.32498,1.00,2.62
2016.09.27 16:07:55.473,1.32493,1.32497,1.00,1.00
2016.09.27 16:07:55.948,1.32489,1.32498,2.06,4.12
2016.09.27 16:07:55.999,1.32488,1.32497,3.18,1.50
2016.09.27 16:07:56.050,1.32488,1.32497,2.81,1.50
2016.09.27 16:07:56.101,1.32488,1.32497,1.31,3.37
2016.09.27 16:07:56.152,1.32488,1.32497,1.31,3.00
2016.09.27 16:07:56.203,1.32489,1.32497,1.12,1.37
2016.09.27 16:07:56.409,1.32489,1.32497,1.12,1.37
2016.09.27 16:07:56.511,1.32488,1.32497,1.62,1.37
2016.09.27 16:07:56.901,1.32487,1.32497,2.06,1.37
2016.09.27 16:07:57.386,1.32486,1.32497,6.18,1.37
2016.09.27 16:07:58.059,1.32486,1.32498,6.18,3.75
2016.09.27 16:07:58.110,1.32487,1.32498,2.06,3.75
2016.09.27 16:07:58.314,1.32486,1.32498,6.18,3.75
2016.09.27 16:07:58.568,1.32486,1.32498,5.43,3.75
2016.09.27 16:07:59.423,1.32487,1.32498,2.06,3.75
2016.09.27 16:07:59.985,1.32486,1.32498,5.43,3.75
2016.09.27 16:08:00.088,1.32487,1.32497,2.06,1.37
2016.09.27 16:08:00.190,1.32486,1.32497,4.68,1.37
2016.09.27 16:08:00.439,1.32486,1.32497,4.68,1.50
2016.09.27 16:08:00.542,1.32486,1.32497,2.81,1.50
2016.09.27 16:08:00.644,1.32486,1.32497,4.68,1.50
2016.09.27 16:08:00.898,1.32487,1.32497,2.06,1.50
2016.09.27 16:08:01.191,1.32486,1.32497,4.68,1.50
2016.09.27 16:08:01.754,1.32486,1.32496,4.68,1.00
2016.09.27 16:08:01.805,1.32487,1.32496,1.62,1.12
2016.09.27 16:08:01.857,1.32485,1.32493,5.43,1.00
2016.09.27 16:08:01.995,1.32485,1.3249,1.37,1.12
2016.09.27 16:08:02.046,1.32485,1.3249,1.00,2.25
2016.09.27 16:08:02.097,1.32485,1.3249,1.00,1.87
2016.09.27 16:08:02.301,1.3248,1.3249,1.68,1.87
2016.09.27 16:08:02.352,1.3248,1.3249,1.68,1.87
2016.09.27 16:08:02.403,1.3248,1.3249,1.68,2.62
2016.09.27 16:08:02.557,1.3248,1.32489,1.62,1.00
2016.09.27 16:08:02.659,1.3248,1.3249,1.25,4.87
2016.09.27 16:08:02.812,1.32479,1.32488,1.31,1.12
2016.09.27 16:08:02.864,1.32479,1.32488,1.68,1.12
2016.09.27 16:08:02.915,1.32479,1.32488,1.18,1.12
2016.09.27 16:08:02.966,1.32478,1.32488,5.06,1.50
2016.09.27 16:08:03.018,1.32478,1.32487,2.43,1.12
2016.09.27 16:08:03.095,1.32477,1.32487,3.56,1.12
2016.09.27 16:08:03.149,1.32478,1.32486,1.00,1.50
2016.09.27 16:08:03.201,1.32476,1.32486,1.68,1.50
2016.09.27 16:08:03.253,1.32476,1.32486,1.68,1.87
2016.09.27 16:08:03.323,1.32475,1.32486,4.31,1.87
2016.09.27 16:08:03.425,1.32476,1.32486,1.68,1.87
2016.09.27 16:08:03.630,1.32475,1.32484,4.31,1.50
2016.09.27 16:08:03.681,1.32475,1.32484,4.31,1.87
2016.09.27 16:08:03.732,1.32475,1.32484,1.25,2.25
2016.09.27 16:08:04.705,1.32475,1.32484,1.25,1.50
2016.09.27 16:08:04.756,1.32474,1.32484,1.93,1.12
2016.09.27 16:08:04.807,1.32475,1.32484,2.81,1.12
2016.09.27 16:08:04.858,1.32475,1.32485,3.56,1.50
2016.09.27 16:08:04.909,1.32475,1.32485,3.18,1.50
2016.09.27 16:08:04.961,1.32475,1.32485,3.93,1.50
2016.09.27 16:08:05.012,1.32475,1.32485,3.56,1.50
2016.09.27 16:08:05.311,1.32475,1.32485,4.31,1.50
2016.09.27 16:08:05.465,1.32475,1.32485,4.31,1.37
2016.09.27 16:08:05.516,1.32475,1.32485,3.56,1.37
2016.09.27 16:08:05.567,1.32475,1.32485,5.43,1.12
2016.09.27 16:08:05.618,1.32475,1.32485,5.43,1.87
2016.09.27 16:08:05.669,1.32475,1.32485,4.68,2.25
2016.09.27 16:08:05.720,1.32475,1.32485,3.56,2.25
2016.09.27 16:08:05.771,1.32475,1.32484,1.68,1.00
2016.09.27 16:08:05.823,1.32475,1.32483,1.68,1.50
2016.09.27 16:08:05.874,1.32475,1.32481,1.68,1.00
2016.09.27 16:08:05.925,1.32475,1.32481,1.00,1.50
2016.09.27 16:08:05.976,1.32473,1.32481,2.25,1.50
2016.09.27 16:08:06.078,1.32472,1.32481,1.62,1.87
2016.09.27 16:08:06.304,1.32471,1.32481,1.68,1.87
2016.09.27 16:08:06.406,1.3247,1.3248,5.06,1.12
2016.09.27 16:08:06.508,1.3247,1.3248,4.31,1.12
2016.09.27 16:08:06.610,1.3247,1.32478,2.81,1.00
2016.09.27 16:08:06.699,1.3247,1.32477,2.81,1.00
2016.09.27 16:08:06.750,1.32471,1.32478,1.25,1.00
2016.09.27 16:08:06.802,1.32469,1.32478,1.68,1.00
2016.09.27 16:08:06.854,1.32469,1.32479,1.68,1.37
2016.09.27 16:08:06.933,1.32469,1.32478,2.06,1.12
2016.09.27 16:08:07.035,1.32469,1.32477,2.06,1.00
2016.09.27 16:08:07.086,1.32469,1.32477,2.43,1.00
2016.09.27 16:08:07.137,1.3247,1.32477,1.18,1.00
2016.09.27 16:08:07.307,1.32469,1.32476,2.06,1.00
2016.09.27 16:08:07.358,1.32469,1.32476,2.06,1.12
2016.09.27 16:08:07.410,1.32467,1.32475,3.18,1.00
2016.09.27 16:08:07.461,1.32467,1.32476,2.43,1.12
2016.09.27 16:08:07.512,1.32467,1.32476,2.06,2.06
2016.09.27 16:08:07.564,1.32467,1.32475,1.18,1.54
2016.09.27 16:08:07.616,1.32466,1.32474,1.12,1.30
2016.09.27 16:08:07.667,1.32466,1.32473,1.00,1.12
2016.09.27 16:08:07.769,1.32466,1.32473,1.12,1.12
2016.09.27 16:08:07.820,1.32467,1.32473,1.00,1.12
2016.09.27 16:08:07.872,1.32467,1.32473,1.00,1.37
2016.09.27 16:08:07.923,1.32463,1.32473,2.43,1.37
2016.09.27 16:08:07.974,1.32463,1.32473,2.43,1.37
2016.09.27 16:08:08.389,1.32463,1.32473,3.18,1.37
2016.09.27 16:08:08.596,1.32463,1.32472,2.43,1.12
2016.09.27 16:08:08.648,1.32463,1.32472,1.68,1.12
2016.09.27 16:08:08.803,1.32463,1.32472,2.43,1.12
2016.09.27 16:08:08.905,1.32462,1.32472,3.93,1.50
2016.09.27 16:08:09.031,1.32462,1.32471,1.68,1.00
2016.09.27 16:08:09.082,1.32462,1.32471,2.43,1.00
2016.09.27 16:08:09.133,1.32462,1.32471,1.68,1.00
2016.09.27 16:08:09.546,1.32462,1.3247,1.68,1.00
2016.09.27 16:08:09.598,1.32462,1.32469,1.12,1.00
2016.09.27 16:08:09.650,1.32461,1.32468,1.00,1.50
2016.09.27 16:08:09.701,1.32459,1.32468,1.68,1.87
2016.09.27 16:08:09.752,1.3246,1.32468,1.25,2.25
2016.09.27 16:08:09.803,1.32459,1.32468,1.18,2.25
2016.09.27 16:08:09.981,1.32458,1.32468,3.18,1.12
2016.09.27 16:08:10.034,1.32459,1.32468,1.68,1.12
2016.09.27 16:08:10.085,1.32459,1.32468,3.56,1.00
2016.09.27 16:08:10.136,1.32459,1.3247,5.06,1.37
2016.09.27 16:08:10.187,1.32459,1.3247,5.81,1.37
2016.09.27 16:08:10.239,1.32459,1.32471,6.18,3.37
2016.09.27 16:08:10.290,1.32462,1.32471,1.00,3.00
2016.09.27 16:08:10.392,1.32461,1.32471,2.81,1.12
2016.09.27 16:08:11.767,1.32461,1.32471,2.81,1.12
2016.09.27 16:08:11.818,1.32461,1.32471,2.81,1.50
2016.09.27 16:08:11.869,1.32462,1.3247,1.00,1.00
2016.09.27 16:08:12.010,1.32462,1.3247,1.25,1.00
2016.09.27 16:08:12.215,1.32462,1.32471,1.12,1.50
2016.09.27 16:08:12.332,1.32462,1.32471,1.18,1.00
2016.09.27 16:08:12.384,1.32461,1.32471,2.43,2.62
2016.09.27 16:08:12.437,1.32462,1.32471,1.18,2.62
2016.09.27 16:08:12.488,1.32462,1.32471,1.68,2.62
2016.09.27 16:08:12.540,1.32462,1.32471,4.87,2.62
2016.09.27 16:08:12.592,1.32462,1.32471,5.25,2.25
2016.09.27 16:08:12.694,1.32463,1.32472,1.12,1.50
2016.09.27 16:08:12.745,1.32462,1.32472,4.31,1.50
2016.09.27 16:08:12.797,1.32462,1.32471,4.31,1.00
2016.09.27 16:08:12.848,1.32462,1.32471,4.50,1.00
2016.09.27 16:08:13.053,1.32462,1.32471,4.50,1.00
2016.09.27 16:08:13.156,1.32463,1.32471,2.25,1.00
2016.09.27 16:08:13.207,1.32463,1.32471,1.75,1.00
2016.09.27 16:08:13.370,1.32463,1.32471,1.75,1.00
2016.09.27 16:08:13.421,1.32463,1.32471,2.25,1.00
2016.09.27 16:08:14.191,1.32464,1.32471,1.62,1.00
2016.09.27 16:08:14.242,1.32464,1.32471,2.06,1.00
2016.09.27 16:08:14.293,1.32464,1.32473,2.06,2.62
2016.09.27 16:08:14.344,1.32465,1.32473,1.12,2.62
2016.09.27 16:08:14.395,1.32465,1.32473,1.31,2.25
2016.09.27 16:08:14.497,1.32465,1.32474,1.68,2.62
2016.09.27 16:08:14.650,1.32466,1.32474,1.25,2.62
2016.09.27 16:08:14.975,1.32466,1.32474,1.25,2.62
2016.09.27 16:08:15.026,1.32465,1.32474,1.31,2.62
2016.09.27 16:08:15.128,1.32463,1.32472,3.18,1.12
2016.09.27 16:08:15.181,1.32463,1.32472,2.43,1.87
2016.09.27 16:08:15.274,1.32461,1.32471,1.93,1.00
2016.09.27 16:08:15.326,1.32461,1.32471,2.06,1.12
2016.09.27 16:08:15.377,1.32461,1.32471,2.06,1.50
2016.09.27 16:08:15.429,1.32461,1.32471,1.31,1.50
2016.09.27 16:08:15.701,1.32461,1.32469,2.81,1.00
2016.09.27 16:08:15.760,1.32461,1.32469,1.25,1.00
2016.09.27 16:08:16.694,1.32461,1.3247,1.25,1.50
2016.09.27 16:08:16.760,1.32461,1.3247,1.25,1.50
2016.09.27 16:08:17.623,1.32461,1.3247,1.50,1.50
2016.09.27 16:08:17.725,1.32461,1.3247,1.00,1.50
2016.09.27 16:08:18.154,1.32461,1.3247,1.50,1.50
2016.09.27 16:08:19.060,1.32461,1.3247,1.50,2.25
2016.09.27 16:08:19.314,1.32462,1.3247,1.00,2.25
2016.09.27 16:08:19.518,1.32461,1.3247,3.19,2.25
2016.09.27 16:08:19.621,1.32462,1.3247,1.25,2.25
2016.09.27 16:08:19.723,1.32461,1.3247,3.00,2.25
2016.09.27 16:08:19.926,1.32462,1.3247,1.00,2.25
2016.09.27 16:08:20.553,1.32461,1.3247,3.00,2.25
2016.09.27 16:08:20.655,1.32462,1.3247,1.00,2.25
2016.09.27 16:08:21.220,1.32461,1.3247,3.00,2.25
2016.09.27 16:08:21.627,1.32462,1.3247,1.00,2.25
2016.09.27 16:08:21.729,1.32461,1.3247,3.00,2.25
2016.09.27 16:08:22.369,1.32461,1.3247,3.00,1.50
2016.09.27 16:08:22.641,1.32461,1.3247,1.50,1.50
2016.09.27 16:08:22.743,1.32461,1.3247,2.62,1.50
2016.09.27 16:08:23.716,1.32462,1.3247,1.00,1.50
2016.09.27 16:08:23.921,1.32462,1.3247,1.50,3.37
2016.09.27 16:08:24.125,1.32462,1.3247,1.00,3.37
2016.09.27 16:08:24.328,1.32466,1.3247,1.00,2.62
2016.09.27 16:08:24.431,1.32465,1.3247,1.50,2.62
2016.09.27 16:08:24.482,1.32465,1.32472,1.50,3.37
2016.09.27 16:08:24.533,1.32466,1.32471,1.00,1.00
2016.09.27 16:08:24.860,1.32465,1.32471,1.68,1.00
2016.09.27 16:08:24.911,1.32465,1.3247,1.68,1.60
2016.09.27 16:08:24.963,1.32464,1.3247,1.68,1.00
2016.09.27 16:08:25.015,1.32464,1.32472,2.06,1.37
2016.09.27 16:08:25.066,1.32462,1.3247,2.43,1.00
2016.09.27 16:08:25.168,1.32462,1.3247,1.68,1.00
2016.09.27 16:08:25.219,1.32462,1.3247,1.31,1.97
2016.09.27 16:08:25.286,1.32462,1.3247,1.31,1.37
2016.09.27 16:08:25.397,1.32462,1.3247,2.06,1.37
2016.09.27 16:08:25.448,1.32462,1.3247,1.31,1.37
2016.09.27 16:08:25.499,1.32462,1.3247,1.56,1.35
2016.09.27 16:08:25.551,1.32462,1.3247,2.43,2.10
2016.09.27 16:08:25.602,1.32462,1.3247,1.68,2.10
2016.09.27 16:08:25.653,1.32461,1.32469,5.06,1.00
2016.09.27 16:08:25.704,1.32461,1.32469,3.18,1.12
2016.09.27 16:08:25.755,1.32461,1.32469,3.18,1.87
2016.09.27 16:08:25.858,1.32462,1.32469,1.31,1.87
2016.09.27 16:08:26.983,1.32462,1.32469,1.31,2.47
2016.09.27 16:08:27.036,1.32462,1.32469,1.31,3.97
2016.09.27 16:08:27.087,1.32461,1.32468,1.31,2.47
2016.09.27 16:08:27.139,1.32462,1.32469,1.25,4.35
2016.09.27 16:08:27.190,1.32462,1.32469,1.25,4.72
2016.09.27 16:08:27.241,1.32459,1.32469,2.06,5.10
2016.09.27 16:08:27.342,1.32459,1.32469,2.06,4.72
2016.09.27 16:08:27.525,1.32459,1.32467,1.31,1.60
2016.09.27 16:08:27.577,1.32458,1.32467,1.68,3.22
2016.09.27 16:08:27.628,1.32457,1.32466,2.43,2.47
2016.09.27 16:08:27.679,1.32457,1.32466,2.43,3.22
2016.09.27 16:08:27.730,1.32457,1.32465,1.00,3.22
2016.09.27 16:08:27.781,1.32457,1.32464,1.00,1.72
2016.09.27 16:08:27.832,1.32456,1.32464,1.31,1.72
2016.09.27 16:08:27.934,1.32455,1.32464,1.56,1.72
2016.09.27 16:08:28.037,1.32456,1.32464,1.31,1.37
2016.09.27 16:08:28.349,1.32455,1.32464,1.56,1.37
2016.09.27 16:08:28.451,1.32456,1.32464,1.31,1.37
2016.09.27 16:08:28.604,1.32456,1.32464,1.31,1.72
2016.09.27 16:08:28.859,1.32455,1.32464,1.56,1.72
2016.09.27 16:08:28.961,1.32456,1.32464,1.31,1.72
2016.09.27 16:08:29.013,1.32456,1.32464,1.31,1.37
2016.09.27 16:08:29.295,1.32456,1.32464,1.31,1.72
2016.09.27 16:08:29.397,1.32456,1.32464,1.31,1.37
2016.09.27 16:08:29.652,1.32457,1.32464,1.25,1.37
2016.09.27 16:08:29.855,1.32456,1.32464,1.31,1.37
2016.09.27 16:08:30.223,1.32455,1.32464,1.56,1.37
2016.09.27 16:08:30.339,1.32456,1.32464,1.31,1.37
2016.09.27 16:08:30.542,1.32455,1.32464,1.56,1.37
2016.09.27 16:08:30.949,1.32456,1.32464,1.31,1.37
2016.09.27 16:08:31.051,1.32455,1.32464,1.56,1.37
2016.09.27 16:08:31.102,1.32455,1.32464,1.56,3.22
2016.09.27 16:08:31.203,1.32455,1.32464,1.56,1.37
2016.09.27 16:08:31.776,1.32456,1.32464,1.31,1.37
2016.09.27 16:08:32.836,1.32455,1.32464,1.62,1.37
2016.09.27 16:08:33.454,1.32454,1.32464,2.43,1.37
2016.09.27 16:08:33.759,1.32455,1.32464,1.62,1.37
2016.09.27 16:08:34.345,1.32454,1.32464,2.43,1.37
2016.09.27 16:08:34.396,1.32454,1.32464,2.43,3.37
2016.09.27 16:08:34.447,1.32454,1.32464,2.06,3.75
2016.09.27 16:08:34.549,1.32454,1.32464,2.06,5.85
2016.09.27 16:08:34.650,1.32455,1.32464,1.31,5.85
2016.09.27 16:08:34.854,1.32454,1.32464,2.06,5.85
2016.09.27 16:08:35.598,1.32454,1.32464,2.81,5.85
2016.09.27 16:08:36.354,1.32455,1.32464,1.31,5.85
2016.09.27 16:08:36.772,1.32454,1.32464,1.62,5.85
2016.09.27 16:08:37.367,1.32454,1.32464,1.62,3.75
2016.09.27 16:08:37.469,1.32454,1.32464,2.06,5.85
2016.09.27 16:08:37.520,1.32454,1.32464,1.56,3.60
2016.09.27 16:08:37.571,1.32455,1.32464,1.25,3.60
2016.09.27 16:08:37.774,1.32455,1.32464,1.25,1.50
2016.09.27 16:08:37.985,1.32455,1.32464,1.25,1.12
2016.09.27 16:08:38.037,1.32455,1.32463,1.00,1.00
2016.09.27 16:08:38.445,1.32455,1.32464,1.18,1.37
2016.09.27 16:08:38.497,1.32457,1.32463,1.00,2.25
2016.09.27 16:08:38.548,1.32458,1.32463,1.25,2.62
2016.09.27 16:08:38.599,1.32457,1.32464,3.18,2.25
2016.09.27 16:08:38.728,1.32456,1.32466,4.31,1.72
2016.09.27 16:08:38.831,1.32456,1.32465,1.62,1.37
2016.09.27 16:08:38.883,1.32455,1.32464,1.50,1.35
2016.09.27 16:08:38.934,1.32455,1.32465,2.06,3.97
2016.09.27 16:08:38.985,1.32456,1.32465,1.18,3.97
2016.09.27 16:08:39.036,1.32456,1.32464,1.18,1.67
2016.09.27 16:08:39.087,1.32456,1.32465,1.18,5.47
2016.09.27 16:08:39.139,1.32456,1.32465,1.18,5.47
2016.09.27 16:08:39.446,1.32456,1.32464,1.18,1.50
2016.09.27 16:08:39.497,1.32456,1.32464,1.18,3.60
2016.09.27 16:08:39.575,1.32456,1.32463,1.18,2.25
2016.09.27 16:08:39.627,1.32455,1.32463,1.68,2.62
2016.09.27 16:08:39.678,1.32454,1.32463,2.81,2.62
2016.09.27 16:08:39.729,1.32454,1.32463,2.06,2.62
2016.09.27 16:08:39.780,1.32454,1.32463,1.31,2.62
2016.09.27 16:08:40.291,1.32453,1.32463,2.43,2.62
2016.09.27 16:08:40.449,1.32454,1.32463,1.31,2.62
2016.09.27 16:08:40.844,1.32454,1.32463,2.81,2.62
2016.09.27 16:08:40.946,1.32454,1.32462,1.25,2.62
2016.09.27 16:08:41.048,1.32454,1.32462,1.68,2.62
2016.09.27 16:08:41.384,1.32454,1.32462,1.25,2.62
2016.09.27 16:08:41.435,1.32454,1.32463,1.31,1.87
2016.09.27 16:08:41.486,1.32453,1.32461,1.62,1.00
2016.09.27 16:08:41.537,1.32452,1.32461,1.68,1.12
2016.09.27 16:08:41.589,1.32452,1.32459,2.43,1.00
2016.09.27 16:08:41.690,1.32452,1.32461,1.68,1.50
2016.09.27 16:08:41.833,1.32452,1.32461,2.43,1.50
2016.09.27 16:08:41.884,1.32452,1.32461,3.18,1.12
2016.09.27 16:08:41.963,1.32452,1.32461,2.43,1.12
2016.09.27 16:08:42.194,1.32452,1.32461,3.18,1.12
2016.09.27 16:08:42.245,1.32452,1.32461,1.68,1.12
2016.09.27 16:08:42.449,1.32452,1.32461,2.43,1.12
2016.09.27 16:08:42.754,1.32452,1.32461,1.68,1.12
2016.09.27 16:08:43.031,1.32452,1.32461,2.43,1.12
2016.09.27 16:08:43.083,1.32452,1.32461,1.68,1.12
2016.09.27 16:08:43.184,1.32452,1.32461,2.43,1.12
2016.09.27 16:08:43.388,1.32452,1.32461,1.68,1.12
2016.09.27 16:08:43.490,1.32452,1.32461,2.43,1.12
2016.09.27 16:08:43.593,1.32452,1.32461,1.68,1.12
2016.09.27 16:08:44.142,1.32452,1.32461,1.68,1.37
2016.09.27 16:08:44.193,1.32452,1.32461,1.68,1.50
2016.09.27 16:08:44.295,1.32452,1.32462,1.68,4.12
2016.09.27 16:08:44.549,1.32452,1.32462,1.68,3.37
2016.09.27 16:08:44.804,1.32453,1.32462,1.12,4.12
2016.09.27 16:08:44.906,1.32452,1.32462,1.68,4.12
2016.09.27 16:08:44.957,1.32452,1.32462,2.43,4.12
2016.09.27 16:08:45.794,1.32452,1.32462,1.68,4.12
2016.09.27 16:08:45.980,1.32452,1.32462,2.43,4.12
2016.09.27 16:08:46.082,1.32453,1.32461,1.31,1.67
2016.09.27 16:08:46.134,1.32453,1.3246,1.31,1.00
2016.09.27 16:08:46.185,1.3245,1.3246,2.62,2.20
2016.09.27 16:08:46.236,1.32451,1.32455,1.00,1.00
2016.09.27 16:08:46.339,1.32448,1.32455,2.62,2.85
2016.09.27 16:08:46.390,1.32449,1.32455,1.50,3.41
2016.09.27 16:08:46.442,1.32449,1.32454,1.12,3.41
2016.09.27 16:08:46.493,1.3245,1.32454,1.00,1.87
2016.09.27 16:08:46.616,1.32448,1.32454,1.00,2.44
2016.09.27 16:08:46.667,1.32448,1.32454,1.00,4.35
2016.09.27 16:08:46.820,1.32449,1.32454,1.00,2.25
2016.09.27 16:08:46.871,1.32448,1.32454,1.00,1.87
2016.09.27 16:08:46.970,1.32448,1.32454,1.00,1.50
2016.09.27 16:08:47.022,1.32448,1.32454,1.00,1.87
2016.09.27 16:08:47.073,1.32448,1.32453,1.00,1.00
2016.09.27 16:08:47.195,1.32446,1.32453,1.00,1.00
2016.09.27 16:08:47.297,1.32446,1.32454,1.00,1.87
2016.09.27 16:08:47.348,1.32444,1.32454,1.75,2.25
2016.09.27 16:08:47.399,1.32442,1.32452,3.37,1.00
2016.09.27 16:08:47.451,1.32442,1.32452,3.37,1.12
2016.09.27 16:08:47.502,1.32442,1.32452,4.87,1.12
2016.09.27 16:08:47.554,1.32442,1.32452,4.87,1.69
2016.09.27 16:08:47.605,1.32442,1.32452,4.12,2.44
2016.09.27 16:08:47.656,1.32442,1.32452,2.62,1.69
2016.09.27 16:08:47.759,1.32441,1.32452,5.81,2.44
2016.09.27 16:08:47.811,1.32441,1.32452,5.06,2.44
2016.09.27 16:08:47.862,1.32442,1.32451,1.75,1.69
2016.09.27 16:08:47.914,1.32442,1.32451,1.50,2.44
2016.09.27 16:08:48.090,1.32442,1.3245,1.00,3.94
2016.09.27 16:08:48.141,1.32442,1.3245,1.12,1.19
2016.09.27 16:08:48.192,1.3244,1.32451,1.75,2.44
2016.09.27 16:08:48.243,1.3244,1.32451,1.75,2.44
2016.09.27 16:08:48.294,1.3244,1.3245,1.75,1.31
2016.09.27 16:08:48.560,1.32439,1.3245,5.81,1.25
2016.09.27 16:08:49.068,1.32439,1.3245,5.06,1.25
2016.09.27 16:08:49.246,1.3244,1.3245,1.75,1.31
2016.09.27 16:08:49.297,1.32439,1.3245,5.06,1.25
2016.09.27 16:08:49.616,1.32439,1.3245,3.18,1.62
2016.09.27 16:08:49.667,1.32439,1.3245,3.18,3.00
2016.09.27 16:08:49.718,1.32439,1.3245,3.18,1.50
2016.09.27 16:08:49.770,1.32439,1.3245,3.18,1.12
2016.09.27 16:08:49.821,1.32439,1.3245,3.18,2.25
2016.09.27 16:08:49.872,1.3244,1.3245,1.37,2.62
2016.09.27 16:08:50.685,1.32439,1.3245,3.18,2.62
2016.09.27 16:08:50.990,1.32441,1.3245,1.69,2.62
2016.09.27 16:08:51.042,1.32443,1.32452,2.06,3.37
2016.09.27 16:08:51.093,1.32443,1.32453,2.06,3.37
2016.09.27 16:08:51.144,1.32443,1.32452,1.68,1.00
2016.09.27 16:08:51.250,1.32446,1.32453,1.19,1.00
2016.09.27 16:08:51.301,1.32447,1.32455,1.00,2.62
2016.09.27 16:08:51.353,1.3245,1.32454,1.00,1.00
2016.09.27 16:08:51.405,1.3245,1.32456,1.00,3.37
2016.09.27 16:08:51.457,1.3245,1.32456,1.37,1.37
2016.09.27 16:08:51.509,1.3245,1.32456,1.37,1.00
2016.09.27 16:08:51.612,1.3245,1.32455,1.50,1.00
2016.09.27 16:08:51.664,1.32449,1.32459,1.75,1.00
2016.09.27 16:08:51.817,1.3245,1.32459,1.50,1.00
2016.09.27 16:08:51.868,1.3245,1.32459,1.50,1.12
2016.09.27 16:08:51.966,1.3245,1.32459,1.50,1.50
2016.09.27 16:08:52.342,1.3245,1.32459,1.00,1.00
2016.09.27 16:08:52.393,1.3245,1.32459,2.06,1.00
2016.09.27 16:08:52.444,1.32452,1.32461,1.50,3.37
2016.09.27 16:08:52.495,1.32453,1.32461,1.56,1.12
2016.09.27 16:08:52.546,1.32453,1.32462,1.56,2.25
2016.09.27 16:08:52.597,1.32452,1.32462,3.37,2.25
2016.09.27 16:08:52.649,1.32452,1.32462,3.37,1.12
2016.09.27 16:08:52.700,1.32454,1.32462,2.06,1.00
2016.09.27 16:08:52.804,1.32454,1.32463,2.62,2.25
2016.09.27 16:08:52.864,1.32454,1.32463,2.81,1.50
2016.09.27 16:08:53.036,1.32454,1.32463,2.81,1.00
2016.09.27 16:08:53.088,1.32454,1.32464,2.62,1.87
2016.09.27 16:08:53.191,1.32454,1.32464,2.25,2.25
2016.09.27 16:08:53.293,1.32454,1.32464,2.44,2.25
2016.09.27 16:08:53.497,1.32454,1.32464,2.25,2.25
2016.09.27 16:08:53.598,1.32454,1.32464,2.44,2.25
2016.09.27 16:08:53.866,1.32454,1.32464,2.25,2.25
2016.09.27 16:08:54.582,1.32454,1.32464,2.44,2.25
2016.09.27 16:08:55.094,1.32454,1.32464,2.25,2.25
2016.09.27 16:08:55.145,1.32455,1.32464,1.00,1.50
2016.09.27 16:08:55.240,1.32454,1.32464,1.50,1.50
2016.09.27 16:08:55.301,1.32454,1.32464,3.00,1.50
2016.09.27 16:08:55.467,1.32454,1.32464,2.25,1.50
2016.09.27 16:08:55.774,1.32454,1.32464,2.44,1.50
2016.09.27 16:08:55.972,1.32454,1.32464,2.25,1.50
2016.09.27 16:08:56.125,1.32454,1.32464,1.50,1.50
2016.09.27 16:08:56.227,1.32454,1.32465,1.50,4.87
2016.09.27 16:08:56.488,1.32454,1.32465,2.25,5.62
2016.09.27 16:08:56.888,1.32454,1.32465,1.50,4.87
2016.09.27 16:08:57.086,1.32454,1.32465,1.50,5.62
2016.09.27 16:08:57.188,1.32454,1.32465,1.69,6.37
2016.09.27 16:08:57.291,1.32454,1.32465,1.69,5.62
2016.09.27 16:08:57.343,1.32454,1.32465,1.69,4.87
2016.09.27 16:08:57.641,1.32454,1.32465,1.50,4.87
2016.09.27 16:08:57.897,1.32454,1.32465,1.69,4.87
2016.09.27 16:08:57.949,1.32454,1.32465,2.06,4.12
2016.09.27 16:08:58.255,1.32454,1.32465,2.06,4.12
2016.09.27 16:08:58.306,1.32454,1.32465,1.87,4.12
2016.09.27 16:08:58.357,1.32454,1.32465,1.87,3.37
2016.09.27 16:08:58.460,1.32454,1.32465,1.50,1.50
2016.09.27 16:08:58.583,1.32454,1.32465,1.87,2.62
2016.09.27 16:08:58.634,1.32455,1.32465,1.37,2.62
2016.09.27 16:08:58.788,1.32455,1.32465,1.37,1.12
2016.09.27 16:08:59.438,1.32454,1.32465,1.87,1.12
2016.09.27 16:08:59.949,1.32455,1.32465,1.37,1.12
2016.09.27 16:09:00.051,1.32454,1.32465,1.87,1.12
2016.09.27 16:09:00.420,1.32453,1.32465,5.25,2.25
2016.09.27 16:09:00.471,1.32454,1.32465,1.00,4.12
2016.09.27 16:09:00.522,1.32453,1.32465,5.06,4.12
2016.09.27 16:09:00.573,1.32453,1.32465,5.06,5.62
2016.09.27 16:09:00.848,1.32454,1.32463,1.00,2.47
2016.09.27 16:09:00.899,1.32454,1.32462,1.12,2.10
2016.09.27 16:09:00.951,1.32454,1.32461,1.00,2.10
2016.09.27 16:09:01.002,1.32452,1.32462,3.94,2.10
2016.09.27 16:09:01.053,1.32452,1.32461,1.50,2.47
2016.09.27 16:09:01.104,1.32452,1.32461,1.37,3.60
2016.09.27 16:09:01.156,1.32452,1.32459,1.12,1.12
2016.09.27 16:09:01.207,1.32452,1.32459,1.12,1.87
2016.09.27 16:09:01.308,1.32452,1.32459,1.12,2.62
2016.09.27 16:09:01.461,1.32451,1.32459,1.37,2.62
2016.09.27 16:09:01.564,1.3245,1.32459,1.50,2.62
2016.09.27 16:09:01.720,1.3245,1.32459,1.50,2.47
2016.09.27 16:09:01.864,1.3245,1.32459,1.50,1.87
2016.09.27 16:09:02.443,1.3245,1.32459,1.50,1.12
2016.09.27 16:09:02.546,1.32449,1.32459,2.62,1.12
2016.09.27 16:09:02.648,1.32449,1.32459,2.62,1.72
2016.09.27 16:09:02.700,1.32449,1.32458,2.62,1.30
2016.09.27 16:09:02.751,1.32449,1.32458,1.25,1.35
2016.09.27 16:09:03.107,1.32449,1.32458,1.25,1.60
2016.09.27 16:09:03.216,1.32449,1.32458,1.25,1.60
2016.09.27 16:09:03.267,1.32449,1.32458,1.25,1.00
2016.09.27 16:09:03.522,1.32449,1.32458,1.00,1.00
2016.09.27 16:09:04.160,1.32449,1.32458,1.25,1.00
2016.09.27 16:09:04.262,1.32449,1.32458,1.00,1.00
2016.09.27 16:09:04.625,1.32449,1.32458,1.00,1.50
2016.09.27 16:09:04.676,1.32449,1.32458,1.00,2.25
2016.09.27 16:09:04.728,1.32449,1.32454,1.00,1.00
2016.09.27 16:09:04.830,1.32446,1.32454,3.37,1.50
2016.09.27 16:09:04.881,1.32446,1.32454,2.62,1.87
2016.09.27 16:09:04.983,1.32444,1.32454,3.37,2.25
2016.09.27 16:09:05.035,1.32444,1.32454,3.37,2.85
2016.09.27 16:09:05.086,1.32444,1.32454,1.50,2.25
2016.09.27 16:09:05.137,1.32444,1.32454,1.50,3.00
2016.09.27 16:09:05.189,1.32443,1.32454,4.12,3.00
2016.09.27 16:09:05.342,1.32443,1.32452,3.37,1.50
2016.09.27 16:09:05.393,1.32443,1.32452,2.62,2.25
2016.09.27 16:09:05.444,1.32443,1.32451,2.62,1.12
2016.09.27 16:09:05.496,1.32442,1.32451,4.12,1.12
2016.09.27 16:09:05.563,1.32442,1.32451,3.37,1.12
2016.09.27 16:09:05.614,1.32442,1.32451,1.50,1.87
2016.09.27 16:09:05.665,1.32442,1.32451,1.00,2.62
2016.09.27 16:09:05.818,1.32442,1.32451,1.00,3.37
2016.09.27 16:09:05.869,1.32442,1.32451,1.00,3.75
2016.09.27 16:09:06.632,1.32442,1.32451,1.00,3.00
2016.09.27 16:09:07.416,1.32442,1.32451,1.00,2.25
2016.09.27 16:09:07.671,1.32442,1.32451,1.00,3.00
2016.09.27 16:09:07.925,1.32442,1.3245,1.00,1.00
2016.09.27 16:09:09.715,1.32442,1.3245,1.00,1.00
2016.09.27 16:09:09.818,1.32442,1.3245,1.00,1.00
2016.09.27 16:09:09.869,1.32442,1.32451,1.31,2.25
2016.09.27 16:09:09.920,1.32442,1.32451,1.19,2.25
2016.09.27 16:09:09.971,1.32441,1.3245,2.81,1.00
2016.09.27 16:09:10.023,1.32442,1.32452,1.62,3.37
2016.09.27 16:09:10.074,1.32443,1.32452,1.69,1.00
2016.09.27 16:09:10.185,1.32444,1.32452,1.50,1.00
2016.09.27 16:09:10.255,1.32445,1.32453,1.00,1.37
2016.09.27 16:09:10.313,1.32445,1.32453,1.37,1.12
2016.09.27 16:09:10.364,1.32445,1.32454,1.00,2.25
2016.09.27 16:09:10.416,1.32445,1.32454,1.00,1.87
2016.09.27 16:09:10.467,1.32445,1.32454,1.12,1.87
2016.09.27 16:09:10.569,1.32447,1.32453,1.00,1.50
2016.09.27 16:09:10.620,1.32447,1.32453,1.50,1.50
2016.09.27 16:09:10.672,1.32449,1.32453,1.00,1.12
2016.09.27 16:09:10.723,1.32449,1.32454,1.37,3.00
2016.09.27 16:09:10.856,1.32451,1.32455,1.50,1.00
2016.09.27 16:09:10.907,1.32451,1.32456,1.50,1.00
2016.09.27 16:09:11.009,1.32451,1.32456,1.50,1.00
2016.09.27 16:09:11.061,1.32451,1.32455,1.00,1.00
2016.09.27 16:09:11.163,1.32449,1.32453,1.50,1.00
2016.09.27 16:09:11.265,1.3245,1.32455,1.12,1.00
2016.09.27 16:09:11.367,1.3245,1.32458,1.12,1.00
2016.09.27 16:09:11.418,1.3245,1.32459,1.12,1.12
2016.09.27 16:09:11.537,1.3245,1.3246,2.25,1.37
2016.09.27 16:09:11.588,1.3245,1.3246,1.50,1.72
2016.09.27 16:09:11.729,1.3245,1.32459,1.50,1.00
2016.09.27 16:09:12.239,1.3245,1.32459,1.50,1.00
2016.09.27 16:09:12.341,1.3245,1.32459,1.50,1.00
2016.09.27 16:09:13.032,1.3245,1.32459,1.50,1.00
2016.09.27 16:09:13.185,1.3245,1.32459,1.50,1.50
2016.09.27 16:09:13.236,1.3245,1.32459,1.50,1.50
2016.09.27 16:09:13.288,1.32451,1.32459,1.00,1.50
2016.09.27 16:09:13.339,1.32451,1.32459,1.00,1.00
2016.09.27 16:09:13.441,1.32451,1.32459,1.00,1.50
2016.09.27 16:09:13.620,1.32451,1.32459,1.00,1.00
2016.09.27 16:09:13.773,1.32451,1.32459,1.00,1.50
2016.09.27 16:09:14.093,1.32451,1.32459,1.00,2.10
2016.09.27 16:09:14.246,1.32451,1.32459,1.00,1.60
2016.09.27 16:09:14.449,1.32451,1.3246,1.00,2.47
2016.09.27 16:09:14.500,1.32451,1.3246,1.37,2.47
2016.09.27 16:09:14.652,1.32451,1.32459,1.37,1.72
2016.09.27 16:09:16.875,1.32451,1.32459,3.37,1.35
2016.09.27 16:09:17.404,1.32451,1.32459,3.37,1.60
2016.09.27 16:09:17.506,1.32451,1.32459,3.37,1.35
2016.09.27 16:09:17.557,1.32451,1.32459,3.37,2.10
2016.09.27 16:09:17.782,1.32451,1.32459,3.37,1.35
2016.09.27 16:09:18.519,1.32451,1.32459,3.37,1.60
2016.09.27 16:09:18.571,1.32451,1.3246,3.37,2.10
2016.09.27 16:09:18.624,1.32451,1.32459,3.37,1.35
2016.09.27 16:09:18.727,1.32451,1.32459,3.37,1.60
2016.09.27 16:09:18.778,1.32451,1.32459,3.37,2.10
2016.09.27 16:09:18.890,1.32451,1.32459,3.37,1.60
2016.09.27 16:09:18.941,1.32451,1.32461,3.37,6.22
2016.09.27 16:09:19.100,1.32451,1.32461,3.37,4.72
2016.09.27 16:09:19.304,1.32451,1.32461,1.50,4.72
2016.09.27 16:09:19.355,1.32451,1.3246,1.50,1.12
2016.09.27 16:09:19.407,1.3245,1.32459,3.37,2.10
2016.09.27 16:09:19.458,1.3245,1.32458,2.25,1.60
2016.09.27 16:09:19.509,1.32449,1.32458,1.50,2.85
2016.09.27 16:09:19.560,1.32449,1.32457,1.37,2.47
2016.09.27 16:09:19.636,1.32449,1.32457,1.50,2.10
2016.09.27 16:09:19.738,1.32449,1.32458,1.12,2.10
2016.09.27 16:09:19.789,1.3245,1.32458,1.00,3.22
2016.09.27 16:09:19.841,1.3245,1.32458,1.12,2.85
2016.09.27 16:09:19.892,1.3245,1.32458,1.87,1.30
2016.09.27 16:09:19.944,1.3245,1.32459,1.87,1.50
2016.09.27 16:09:19.995,1.32452,1.32459,1.00,1.50
2016.09.27 16:09:20.250,1.32452,1.32459,1.12,1.37
2016.09.27 16:09:20.301,1.32452,1.32459,1.50,1.00
2016.09.27 16:09:20.682,1.32452,1.3246,1.50,1.50
2016.09.27 16:09:20.862,1.32452,1.3246,1.50,1.00
2016.09.27 16:09:21.066,1.32452,1.3246,1.50,1.35
2016.09.27 16:09:21.785,1.32452,1.3246,1.50,1.60
2016.09.27 16:09:22.043,1.32452,1.32461,1.50,2.85
2016.09.27 16:09:22.471,1.32452,1.3246,1.50,1.60
2016.09.27 16:09:23.571,1.32452,1.32458,1.12,2.10
2016.09.27 16:09:23.623,1.32448,1.32458,4.12,3.37
2016.09.27 16:09:23.675,1.32448,1.32457,3.75,1.60
2016.09.27 16:09:23.726,1.32448,1.32456,1.87,2.85
2016.09.27 16:09:23.819,1.32448,1.32456,1.50,4.72
2016.09.27 16:09:23.870,1.32448,1.32456,1.00,2.85
2016.09.27 16:09:23.921,1.32448,1.32457,1.37,3.22
2016.09.27 16:09:23.973,1.32448,1.32456,1.37,1.60
2016.09.27 16:09:24.024,1.32448,1.32456,1.00,3.22
2016.09.27 16:09:24.588,1.32448,1.32454,1.00,1.30
2016.09.27 16:09:24.690,1.32445,1.32456,2.25,5.47
2016.09.27 16:09:24.742,1.32447,1.32453,1.00,1.00
2016.09.27 16:09:24.794,1.32445,1.32453,3.37,2.81
2016.09.27 16:09:24.845,1.32445,1.32453,3.00,2.81
2016.09.27 16:09:24.896,1.32445,1.32453,1.37,4.16
2016.09.27 16:09:24.947,1.32445,1.32453,1.37,6.41
2016.09.27 16:09:25.046,1.32443,1.32453,2.25,4.12
2016.09.27 16:09:25.097,1.32441,1.32453,2.25,6.00
2016.09.27 16:09:25.149,1.32441,1.32452,2.25,1.50
2016.09.27 16:09:25.200,1.32441,1.32452,1.50,2.25
2016.09.27 16:09:25.347,1.32441,1.32452,1.50,3.00
2016.09.27 16:09:25.590,1.32441,1.32451,1.50,1.12
2016.09.27 16:09:25.896,1.32441,1.32452,1.50,3.00
2016.09.27 16:09:26.118,1.3244,1.32451,1.75,1.12
2016.09.27 16:09:26.169,1.3244,1.32452,1.75,3.75
2016.09.27 16:09:26.887,1.3244,1.32451,1.75,1.12
2016.09.27 16:09:26.993,1.3244,1.32451,1.75,1.12
2016.09.27 16:09:27.046,1.3244,1.3245,1.50,1.37
2016.09.27 16:09:27.098,1.3244,1.32445,1.00,1.00
2016.09.27 16:09:27.220,1.32439,1.32445,1.87,1.37
2016.09.27 16:09:27.271,1.32439,1.32446,1.00,2.25
2016.09.27 16:09:27.323,1.32439,1.32447,1.00,1.50
2016.09.27 16:09:27.730,1.32436,1.32446,1.50,1.12
2016.09.27 16:09:27.781,1.32435,1.32444,3.00,1.12
2016.09.27 16:09:27.833,1.32435,1.32444,2.25,1.12
2016.09.27 16:09:27.956,1.32435,1.32444,2.25,1.00
2016.09.27 16:09:28.108,1.32435,1.32445,2.25,1.72
2016.09.27 16:09:28.160,1.32436,1.32445,1.12,1.72
2016.09.27 16:09:28.262,1.32435,1.32445,1.37,2.10
2016.09.27 16:09:28.313,1.32435,1.32445,1.37,3.37
2016.09.27 16:09:28.364,1.32433,1.32443,4.12,1.31
2016.09.27 16:09:28.415,1.32433,1.32443,2.25,2.06
2016.09.27 16:09:28.466,1.32433,1.32443,1.87,2.81
2016.09.27 16:09:28.517,1.32433,1.32442,1.12,2.81
2016.09.27 16:09:28.569,1.32432,1.32442,1.87,2.62
2016.09.27 16:09:28.619,1.32434,1.32442,1.00,2.62
2016.09.27 16:09:28.967,1.32434,1.32442,1.00,2.25
2016.09.27 16:09:29.018,1.32433,1.32443,1.87,2.44
2016.09.27 16:09:29.069,1.32433,1.32443,1.00,1.87
2016.09.27 16:09:29.120,1.32432,1.32443,3.37,1.87
2016.09.27 16:09:29.171,1.32432,1.32443,3.37,1.87
2016.09.27 16:09:29.272,1.32432,1.32443,3.37,4.12
2016.09.27 16:09:29.323,1.32432,1.32442,1.50,2.62
2016.09.27 16:09:29.476,1.32432,1.32442,1.50,4.12
2016.09.27 16:09:29.579,1.32432,1.32442,1.50,5.06
2016.09.27 16:09:29.681,1.32432,1.32442,1.50,5.06
2016.09.27 16:09:30.063,1.32432,1.32442,1.50,4.12
2016.09.27 16:09:30.165,1.32432,1.32442,1.37,5.81
2016.09.27 16:09:30.216,1.32432,1.32441,1.12,2.62
2016.09.27 16:09:30.395,1.32432,1.32441,1.31,2.62
2016.09.27 16:09:30.497,1.32432,1.32441,1.69,2.62
2016.09.27 16:09:30.599,1.32432,1.32441,1.69,2.62
2016.09.27 16:09:30.802,1.32432,1.32441,1.12,2.62
2016.09.27 16:09:30.904,1.32433,1.32441,1.00,2.62
2016.09.27 16:09:31.013,1.32435,1.32443,1.05,2.62
2016.09.27 16:09:31.064,1.32439,1.32443,1.00,1.00
2016.09.27 16:09:31.115,1.32439,1.32445,1.00,2.62
2016.09.27 16:09:31.166,1.32438,1.32444,1.00,1.00
2016.09.27 16:09:31.217,1.32438,1.32446,1.00,3.37
2016.09.27 16:09:31.268,1.32438,1.32447,1.00,1.50
2016.09.27 16:09:31.512,1.32439,1.32446,1.00,2.25
2016.09.27 16:09:31.563,1.32439,1.32446,1.00,2.62
2016.09.27 16:09:31.967,1.32438,1.32446,1.00,2.25
2016.09.27 16:09:32.018,1.3244,1.32449,1.00,6.75
2016.09.27 16:09:32.071,1.3244,1.32448,1.00,1.50
2016.09.27 16:09:32.274,1.3244,1.32449,1.00,6.00
2016.09.27 16:09:32.382,1.3244,1.32448,1.00,1.50
2016.09.27 16:09:32.442,1.3244,1.32448,1.00,1.50
2016.09.27 16:09:32.596,1.3244,1.32449,1.00,5.62
2016.09.27 16:09:32.763,1.3244,1.32449,1.00,4.12
2016.09.27 16:09:32.815,1.32441,1.32449,1.00,4.12
2016.09.27 16:09:32.926,1.32441,1.32448,1.12,1.00
2016.09.27 16:09:32.977,1.32441,1.3245,1.12,3.37
2016.09.27 16:09:33.819,1.32444,1.3245,1.00,3.37
2016.09.27 16:09:33.913,1.32447,1.32451,1.00,4.87
2016.09.27 16:09:33.964,1.32447,1.32453,1.87,2.62
2016.09.27 16:09:34.016,1.32451,1.32455,1.00,1.22
2016.09.27 16:09:34.067,1.32451,1.32456,1.00,1.00
2016.09.27 16:09:34.118,1.32453,1.32457,1.00,1.22
2016.09.27 16:09:34.169,1.32453,1.32458,1.00,1.47
2016.09.27 16:09:34.271,1.32452,1.32456,1.00,1.00
2016.09.27 16:09:34.373,1.32451,1.32455,2.25,1.00
2016.09.27 16:09:34.475,1.32452,1.32456,1.00,1.00
2016.09.27 16:09:34.577,1.32453,1.32458,1.00,1.47
2016.09.27 16:09:35.065,1.32453,1.32457,1.00,1.22
2016.09.27 16:09:35.166,1.32453,1.32458,1.00,1.47
2016.09.27 16:09:35.868,1.32453,1.32459,1.00,1.97
2016.09.27 16:09:35.919,1.32455,1.32459,1.00,1.97
2016.09.27 16:09:35.971,1.32455,1.3246,1.25,3.47
2016.09.27 16:09:36.022,1.32456,1.3246,1.00,1.59
2016.09.27 16:09:36.162,1.32456,1.32461,1.12,1.47
2016.09.27 16:09:36.315,1.32456,1.3246,1.12,1.22
2016.09.27 16:09:36.367,1.32456,1.3246,1.12,1.82
2016.09.27 16:09:36.418,1.32453,1.3246,2.25,1.07
2016.09.27 16:09:36.469,1.32453,1.32461,2.25,2.27
2016.09.27 16:09:36.521,1.32452,1.32458,2.62,2.25
2016.09.27 16:09:36.637,1.32452,1.32458,1.87,2.25
2016.09.27 16:09:37.070,1.32451,1.32456,1.00,1.00
2016.09.27 16:09:37.260,1.32448,1.32455,1.50,1.00
2016.09.27 16:09:37.332,1.32448,1.32455,1.00,1.00
2016.09.27 16:09:37.509,1.32448,1.32455,2.25,1.00
2016.09.27 16:09:37.569,1.32448,1.32457,1.12,1.00
2016.09.27 16:09:37.621,1.32448,1.32457,1.12,1.00
2016.09.27 16:09:37.673,1.32448,1.32456,1.12,1.50
2016.09.27 16:09:37.777,1.32448,1.32457,1.12,1.12
2016.09.27 16:09:37.956,1.32448,1.32456,1.12,1.50
2016.09.27 16:09:38.007,1.32448,1.32457,1.12,1.12
2016.09.27 16:09:38.160,1.32447,1.32457,1.50,1.12
2016.09.27 16:09:38.259,1.32447,1.32457,1.50,1.00
2016.09.27 16:09:38.312,1.32447,1.32457,1.75,1.00
2016.09.27 16:09:38.573,1.32447,1.32457,1.75,1.12
2016.09.27 16:09:38.778,1.32448,1.32458,2.25,3.09
2016.09.27 16:09:38.829,1.32448,1.32458,2.25,4.97
2016.09.27 16:09:38.881,1.32448,1.32458,1.37,4.87
2016.09.27 16:09:39.034,1.32448,1.32458,1.37,3.60
2016.09.27 16:09:39.085,1.32449,1.32458,1.00,3.22
2016.09.27 16:09:39.186,1.32449,1.32458,1.00,3.60
2016.09.27 16:09:39.237,1.32449,1.32457,1.00,1.35
2016.09.27 16:09:39.288,1.32449,1.32457,1.00,1.72
2016.09.27 16:09:39.493,1.32449,1.32457,1.00,1.60
2016.09.27 16:09:40.983,1.32449,1.32457,1.00,1.35
2016.09.27 16:09:41.647,1.32446,1.32456,4.68,1.72
2016.09.27 16:09:41.698,1.32446,1.32456,2.43,1.72
2016.09.27 16:09:41.749,1.32446,1.32456,2.06,3.60
2016.09.27 16:09:41.870,1.32446,1.32455,1.68,2.10
2016.09.27 16:09:41.941,1.32446,1.32454,2.43,1.12
2016.09.27 16:09:41.992,1.32446,1.32454,1.25,1.12
2016.09.27 16:09:42.811,1.32446,1.32455,1.25,2.85
2016.09.27 16:09:43.089,1.32446,1.32454,1.25,1.30
2016.09.27 16:09:43.142,1.32445,1.32454,1.31,1.30
2016.09.27 16:09:43.243,1.32445,1.32454,2.06,1.12
2016.09.27 16:09:43.295,1.32445,1.32454,1.31,1.12
2016.09.27 16:09:43.346,1.32447,1.32454,1.00,1.12
2016.09.27 16:09:43.448,1.32447,1.32454,1.00,3.00
2016.09.27 16:09:43.499,1.32447,1.32452,1.00,1.00
2016.09.27 16:09:43.936,1.32447,1.32454,1.00,3.97
2016.09.27 16:09:44.346,1.32445,1.32454,1.31,3.97
2016.09.27 16:09:44.567,1.32445,1.32454,1.31,3.37
2016.09.27 16:09:44.618,1.32446,1.32454,1.25,3.37
2016.09.27 16:09:44.874,1.32446,1.32454,1.00,3.37
2016.09.27 16:09:45.962,1.32447,1.32454,1.00,3.37
2016.09.27 16:09:46.063,1.32447,1.32454,1.00,2.62
2016.09.27 16:09:46.180,1.32447,1.32452,1.25,1.00
2016.09.27 16:09:46.233,1.32449,1.32453,1.00,1.00
2016.09.27 16:09:46.285,1.32449,1.32454,1.00,2.62
2016.09.27 16:09:46.336,1.32449,1.32455,1.00,1.37
2016.09.27 16:09:46.438,1.32449,1.32454,1.00,1.12
2016.09.27 16:09:46.695,1.32449,1.32455,1.00,1.87
2016.09.27 16:09:46.865,1.32449,1.32455,1.00,3.75
2016.09.27 16:09:46.918,1.32449,1.32453,1.00,1.00
2016.09.27 16:09:49.874,1.32449,1.32453,1.00,1.50
2016.09.27 16:09:50.210,1.32448,1.32453,1.00,1.00
2016.09.27 16:09:50.439,1.32448,1.32455,1.00,3.37
2016.09.27 16:09:50.745,1.3245,1.32454,1.00,1.50
2016.09.27 16:09:50.796,1.3245,1.32454,1.00,1.00
2016.09.27 16:09:50.923,1.3245,1.32456,1.00,2.62
2016.09.27 16:09:50.975,1.3245,1.32457,1.00,3.37
2016.09.27 16:09:51.026,1.3245,1.32457,1.00,1.72
2016.09.27 16:09:51.179,1.3245,1.32457,1.00,2.47
2016.09.27 16:09:51.332,1.32447,1.32455,2.43,1.00
2016.09.27 16:09:51.383,1.32447,1.32455,1.50,2.47
2016.09.27 16:09:51.435,1.32447,1.32453,1.00,1.00
2016.09.27 16:09:51.486,1.32447,1.32451,1.00,1.50
2016.09.27 16:09:51.639,1.32445,1.3245,1.00,1.00
2016.09.27 16:09:51.749,1.32445,1.32449,1.00,1.00
2016.09.27 16:09:51.800,1.32443,1.32449,1.00,1.00
2016.09.27 16:09:52.309,1.32441,1.32449,1.00,1.00
2016.09.27 16:09:52.360,1.32441,1.32449,1.00,1.00
2016.09.27 16:09:52.462,1.32441,1.32449,1.00,1.00
2016.09.27 16:09:52.779,1.32441,1.32449,1.00,1.37
2016.09.27 16:09:52.830,1.32439,1.32449,3.18,1.37
2016.09.27 16:09:54.099,1.32439,1.32449,6.93,1.37
2016.09.27 16:09:54.405,1.32439,1.32449,3.18,1.37
2016.09.27 16:09:54.724,1.32439,1.32449,3.18,1.37
2016.09.27 16:09:54.979,1.32439,1.32449,3.18,1.37
2016.09.27 16:09:55.132,1.32439,1.32449,3.93,1.37
2016.09.27 16:09:55.235,1.32439,1.32449,3.18,1.37
2016.09.27 16:09:55.642,1.32442,1.32449,1.00,1.37
2016.09.27 16:09:56.150,1.32441,1.32448,1.12,1.12
2016.09.27 16:09:56.201,1.32441,1.32448,1.00,3.00
2016.09.27 16:09:56.252,1.32441,1.32446,1.00,1.12
2016.09.27 16:09:56.303,1.32441,1.32445,1.00,1.00
2016.09.27 16:09:56.421,1.32437,1.32443,1.00,1.00
2016.09.27 16:09:56.472,1.32436,1.32443,1.00,1.12
2016.09.27 16:09:56.524,1.32438,1.32442,1.00,1.00
2016.09.27 16:09:56.727,1.32434,1.32442,2.43,1.00
2016.09.27 16:09:56.779,1.32436,1.32442,1.12,1.00
2016.09.27 16:09:58.750,1.32436,1.32442,1.87,1.00
2016.09.27 16:09:59.258,1.32436,1.32442,1.12,1.00
2016.09.27 16:09:59.788,1.32434,1.32442,2.43,1.00
2016.09.27 16:10:00.308,1.32434,1.32442,3.93,1.00
2016.09.27 16:10:00.359,1.32435,1.32442,1.50,1.00
2016.09.27 16:10:00.410,1.32435,1.32442,1.12,1.00
2016.09.27 16:10:00.509,1.32435,1.32442,1.00,1.00
2016.09.27 16:10:00.662,1.32434,1.32442,1.31,1.00
2016.09.27 16:10:01.069,1.32434,1.32441,1.12,1.00
2016.09.27 16:10:01.171,1.32433,1.32441,1.50,1.00
2016.09.27 16:10:01.324,1.32432,1.32441,3.00,1.00
2016.09.27 16:10:01.375,1.32434,1.32441,1.12,1.00
2016.09.27 16:10:01.905,1.32434,1.32442,1.12,1.00
2016.09.27 16:10:02.009,1.32434,1.32442,1.87,1.00
2016.09.27 16:10:02.061,1.32435,1.32444,1.00,4.07
2016.09.27 16:10:02.113,1.32435,1.32444,1.00,3.47
2016.09.27 16:10:02.164,1.32434,1.32444,1.12,1.97
2016.09.27 16:10:02.245,1.32434,1.32444,1.50,1.97
2016.09.27 16:10:02.296,1.32434,1.32444,1.87,1.97
2016.09.27 16:10:02.603,1.32435,1.32445,1.37,4.12
2016.09.27 16:10:02.654,1.32437,1.32445,1.56,3.37
2016.09.27 16:10:02.705,1.32439,1.32446,1.31,2.62
2016.09.27 16:10:02.757,1.32439,1.32445,1.31,1.00
2016.09.27 16:10:02.808,1.32439,1.32447,2.81,3.75
2016.09.27 16:10:02.859,1.32439,1.32447,3.18,1.00
2016.09.27 16:10:02.961,1.3244,1.32447,1.12,1.00
2016.09.27 16:10:03.012,1.3244,1.32448,1.12,2.25
2016.09.27 16:10:03.191,1.3244,1.32448,1.12,1.50
2016.09.27 16:10:03.242,1.3244,1.32448,1.12,2.25
2016.09.27 16:10:03.345,1.3244,1.32448,1.12,1.50
2016.09.27 16:10:06.621,1.3244,1.32448,1.31,1.50
2016.09.27 16:10:07.915,1.3244,1.32448,1.31,1.00
2016.09.27 16:10:07.966,1.3244,1.32448,2.06,1.00
2016.09.27 16:10:08.017,1.32441,1.3245,1.50,3.37
2016.09.27 16:10:08.068,1.32442,1.3245,1.00,1.12
2016.09.27 16:10:08.178,1.32442,1.32452,1.12,2.25
2016.09.27 16:10:08.229,1.32442,1.32452,1.00,3.75
2016.09.27 16:10:08.280,1.32442,1.32452,1.00,3.75
2016.09.27 16:10:08.332,1.32444,1.32451,1.00,2.25
2016.09.27 16:10:08.383,1.32444,1.32451,1.00,2.62
2016.09.27 16:10:08.434,1.32444,1.32451,1.00,1.00
2016.09.27 16:10:08.536,1.32443,1.32451,1.12,1.00
2016.09.27 16:10:08.587,1.32445,1.32451,1.00,1.00
2016.09.27 16:10:08.740,1.32444,1.32451,1.00,2.62
2016.09.27 16:10:08.791,1.32441,1.32451,2.62,2.62
2016.09.27 16:10:08.842,1.32441,1.32451,3.75,4.12
2016.09.27 16:10:08.893,1.32441,1.32451,3.00,4.12
2016.09.27 16:10:08.944,1.32441,1.32449,1.68,1.12
2016.09.27 16:10:08.995,1.3244,1.32449,2.25,1.37
2016.09.27 16:10:09.046,1.32441,1.32449,1.00,1.50
2016.09.27 16:10:09.097,1.32441,1.32449,1.12,1.12
2016.09.27 16:10:09.149,1.32439,1.32449,1.12,1.00
2016.09.27 16:10:09.244,1.32438,1.32445,5.06,1.00
2016.09.27 16:10:09.296,1.32438,1.32445,1.50,1.87
2016.09.27 16:10:09.348,1.32438,1.32445,1.12,3.00
2016.09.27 16:10:09.399,1.32438,1.32444,1.00,1.00
2016.09.27 16:10:09.451,1.32437,1.32443,1.00,1.00
2016.09.27 16:10:09.566,1.32437,1.32443,1.00,1.50
2016.09.27 16:10:09.618,1.32437,1.32441,1.00,1.00
2016.09.27 16:10:09.670,1.32433,1.32441,1.87,1.00
2016.09.27 16:10:09.721,1.32434,1.32442,1.12,1.12
2016.09.27 16:10:09.774,1.32434,1.32442,1.00,1.50
2016.09.27 16:10:09.826,1.32438,1.32442,1.00,1.50
2016.09.27 16:10:09.928,1.32439,1.32444,1.00,2.62
2016.09.27 16:10:09.979,1.32439,1.32446,1.00,2.62
2016.09.27 16:10:10.030,1.32441,1.32447,1.00,2.25
2016.09.27 16:10:10.081,1.32442,1.32448,1.00,1.50
2016.09.27 16:10:10.132,1.32442,1.32448,1.00,1.00
2016.09.27 16:10:10.307,1.32439,1.32448,1.50,2.25
2016.09.27 16:10:10.360,1.32439,1.32448,1.12,2.62
2016.09.27 16:10:10.411,1.32439,1.32447,1.00,1.50
2016.09.27 16:10:10.462,1.32438,1.32447,1.50,2.25
2016.09.27 16:10:10.513,1.32438,1.32447,1.12,1.50
2016.09.27 16:10:10.565,1.32438,1.32446,1.00,1.00
2016.09.27 16:10:10.973,1.32438,1.32446,1.50,1.00
2016.09.27 16:10:11.025,1.32438,1.32446,1.12,1.37
2016.09.27 16:10:11.077,1.32437,1.32446,1.00,1.50
2016.09.27 16:10:11.128,1.32439,1.32446,1.00,1.50
2016.09.27 16:10:11.308,1.32438,1.32446,1.50,1.37
2016.09.27 16:10:11.359,1.32438,1.32446,1.12,1.37
2016.09.27 16:10:12.932,1.32437,1.32446,2.62,1.37
2016.09.27 16:10:12.983,1.32437,1.32446,1.87,1.37
2016.09.27 16:10:13.085,1.32437,1.32446,1.37,1.37
2016.09.27 16:10:13.137,1.32437,1.32446,1.87,1.00
2016.09.27 16:10:13.241,1.32437,1.32446,2.62,1.00
2016.09.27 16:10:13.343,1.32437,1.32446,1.87,1.87
2016.09.27 16:10:13.394,1.32438,1.32446,1.00,1.87
2016.09.27 16:10:13.445,1.32438,1.32446,1.50,1.50
2016.09.27 16:10:13.568,1.32439,1.32446,1.00,1.50
2016.09.27 16:10:13.622,1.32439,1.32446,1.00,1.37
2016.09.27 16:10:13.673,1.32439,1.32446,1.50,1.50
2016.09.27 16:10:13.724,1.32439,1.32446,1.00,3.37
2016.09.27 16:10:13.826,1.32439,1.32445,1.00,1.00
2016.09.27 16:10:14.132,1.32439,1.32447,1.00,2.62
2016.09.27 16:10:14.183,1.32439,1.32448,1.00,2.25
2016.09.27 16:10:14.434,1.32439,1.32448,1.00,2.25
2016.09.27 16:10:14.485,1.32439,1.32446,1.00,1.00
2016.09.27 16:10:14.793,1.32441,1.32446,1.00,1.00
2016.09.27 16:10:15.229,1.32439,1.32446,2.25,1.00
2016.09.27 16:10:15.280,1.32439,1.32446,3.00,1.00
2016.09.27 16:10:15.332,1.3244,1.32446,1.00,1.00
2016.09.27 16:10:15.637,1.32445,1.3245,1.00,1.00
2016.09.27 16:10:15.739,1.32446,1.32452,1.12,2.62
2016.09.27 16:10:15.790,1.32448,1.32452,1.00,2.62
2016.09.27 16:10:15.841,1.32448,1.32454,1.00,2.62
2016.09.27 16:10:15.893,1.32448,1.32455,1.00,3.37
2016.09.27 16:10:16.030,1.32448,1.32455,1.00,1.50
2016.09.27 16:10:16.131,1.32448,1.32455,1.00,3.37
2016.09.27 16:10:16.335,1.32448,1.32455,1.00,1.37
2016.09.27 16:10:16.386,1.32448,1.32455,1.00,1.00
2016.09.27 16:10:16.488,1.32448,1.32456,1.00,1.12
2016.09.27 16:10:16.539,1.3245,1.32456,1.00,2.25
2016.09.27 16:10:16.590,1.3245,1.32456,1.00,2.62
2016.09.27 16:10:16.838,1.32449,1.32458,1.12,4.12
2016.09.27 16:10:16.901,1.32449,1.32457,1.12,1.00
2016.09.27 16:10:16.953,1.32451,1.32457,1.00,1.00
2016.09.27 16:10:17.056,1.32451,1.32457,1.87,1.00
2016.09.27 16:10:17.158,1.32452,1.32458,1.00,1.50
2016.09.27 16:10:17.260,1.32452,1.32458,1.00,1.37
2016.09.27 16:10:17.546,1.32452,1.32458,1.00,1.37
2016.09.27 16:10:17.597,1.32452,1.32458,1.00,1.72
2016.09.27 16:10:17.648,1.32452,1.32458,1.00,2.47
2016.09.27 16:10:17.800,1.32452,1.32458,1.00,1.72
2016.09.27 16:10:17.851,1.32452,1.32459,1.00,3.22
2016.09.27 16:10:18.059,1.32452,1.32459,1.00,3.22
2016.09.27 16:10:18.262,1.32452,1.32459,1.00,3.97
2016.09.27 16:10:18.375,1.32452,1.32459,1.00,3.22
2016.09.27 16:10:19.268,1.32452,1.32459,1.00,3.97
2016.09.27 16:10:19.374,1.32452,1.32459,1.00,3.97
2016.09.27 16:10:19.511,1.32452,1.32459,1.50,1.50
2016.09.27 16:10:19.562,1.32454,1.32461,1.56,3.37
2016.09.27 16:10:19.614,1.32454,1.32461,2.06,2.62
2016.09.27 16:10:19.665,1.32455,1.32463,1.00,2.25
2016.09.27 16:10:19.716,1.32457,1.32463,1.00,1.50
2016.09.27 16:10:19.767,1.32458,1.32463,1.00,1.00
2016.09.27 16:10:19.869,1.32458,1.32465,1.00,2.62
2016.09.27 16:10:19.920,1.32458,1.32467,1.12,3.37
2016.09.27 16:10:19.971,1.32459,1.32467,1.00,1.87
2016.09.27 16:10:20.124,1.32458,1.32467,1.25,3.75
2016.09.27 16:10:20.256,1.32458,1.32467,1.00,4.12
2016.09.27 16:10:20.332,1.32458,1.32467,1.12,3.37
2016.09.27 16:10:20.435,1.32458,1.32467,1.37,1.50
2016.09.27 16:10:20.487,1.32459,1.32467,1.12,1.37
2016.09.27 16:10:20.858,1.3246,1.32467,1.00,1.37
2016.09.27 16:10:21.089,1.32459,1.32467,1.12,1.37
2016.09.27 16:10:21.140,1.3246,1.32467,1.00,1.37
2016.09.27 16:10:21.293,1.32458,1.32466,1.37,1.30
2016.09.27 16:10:21.344,1.32458,1.32467,1.00,3.60
2016.09.27 16:10:21.395,1.32458,1.32465,1.00,1.00
2016.09.27 16:10:21.446,1.3246,1.32467,1.00,3.37
2016.09.27 16:10:21.497,1.3246,1.32467,1.00,1.50
2016.09.27 16:10:21.548,1.3246,1.32467,1.25,1.50
2016.09.27 16:10:21.600,1.32459,1.32467,2.25,1.00
2016.09.27 16:10:21.651,1.3246,1.32469,1.87,4.12
2016.09.27 16:10:21.703,1.3246,1.32469,1.87,1.37
2016.09.27 16:10:21.754,1.3246,1.32469,1.87,1.50
2016.09.27 16:10:21.871,1.3246,1.32469,1.50,4.50
2016.09.27 16:10:21.976,1.3246,1.32469,1.50,4.50
2016.09.27 16:10:22.028,1.32459,1.32469,1.00,3.75
2016.09.27 16:10:22.079,1.32459,1.32467,1.00,1.30
2016.09.27 16:10:22.131,1.32459,1.32468,1.00,2.62
2016.09.27 16:10:22.235,1.32458,1.32467,2.25,1.50
2016.09.27 16:10:22.337,1.32458,1.32467,1.00,4.35
2016.09.27 16:10:22.388,1.32456,1.32466,2.25,3.60
2016.09.27 16:10:22.440,1.32456,1.32466,1.87,5.47
2016.09.27 16:10:22.491,1.32456,1.32463,1.50,1.00
2016.09.27 16:10:22.643,1.32456,1.32463,1.87,1.00
2016.09.27 16:10:22.694,1.32456,1.32463,2.25,1.00
2016.09.27 16:10:22.745,1.32456,1.32463,1.87,1.37
2016.09.27 16:10:22.797,1.32456,1.32463,1.50,1.37
2016.09.27 16:10:22.849,1.32456,1.32463,1.87,1.12
2016.09.27 16:10:22.900,1.32456,1.32463,1.12,1.12
2016.09.27 16:10:22.952,1.32456,1.32463,1.12,1.87
2016.09.27 16:10:23.003,1.32455,1.32463,1.37,1.87
2016.09.27 16:10:23.054,1.32456,1.32463,1.12,1.87
2016.09.27 16:10:23.157,1.32456,1.32463,1.12,1.12
2016.09.27 16:10:23.372,1.32456,1.32463,1.12,1.87
2016.09.27 16:10:24.383,1.32456,1.32463,1.12,1.12
2016.09.27 16:10:25.619,1.32456,1.32463,1.00,1.50
2016.09.27 16:10:25.693,1.32456,1.32463,1.00,2.25
2016.09.27 16:10:25.898,1.32456,1.32463,1.00,1.50
2016.09.27 16:10:25.950,1.32454,1.32463,2.25,1.50
2016.09.27 16:10:26.255,1.32454,1.32463,2.25,2.25
2016.09.27 16:10:26.306,1.32454,1.32463,2.62,2.25
2016.09.27 16:10:26.408,1.32454,1.32463,2.25,2.25
2016.09.27 16:10:26.492,1.32454,1.32463,2.62,2.25
2016.09.27 16:10:26.543,1.32454,1.32463,2.62,1.50
2016.09.27 16:10:26.595,1.32454,1.32463,2.25,1.50
2016.09.27 16:10:26.646,1.32454,1.32463,2.25,1.12
2016.09.27 16:10:26.697,1.32456,1.32463,1.00,1.00
2016.09.27 16:10:26.749,1.32456,1.32463,1.50,1.00
2016.09.27 16:10:26.800,1.32457,1.32465,1.00,1.50
2016.09.27 16:10:26.903,1.32457,1.32464,1.25,1.00
2016.09.27 16:10:26.970,1.32457,1.32464,1.00,2.62
2016.09.27 16:10:27.022,1.32459,1.32464,1.00,2.62
2016.09.27 16:10:27.074,1.32459,1.32466,1.00,2.62
2016.09.27 16:10:27.251,1.32461,1.32467,1.00,1.87
2016.09.27 16:10:27.303,1.32461,1.32468,1.00,1.37
2016.09.27 16:10:27.354,1.3246,1.32468,1.12,1.37
2016.09.27 16:10:27.405,1.3246,1.32467,1.12,1.12
2016.09.27 16:10:27.456,1.32459,1.32468,1.00,2.47
2016.09.27 16:10:27.507,1.32457,1.32467,2.25,1.30
2016.09.27 16:10:27.558,1.32457,1.32464,1.50,1.30
2016.09.27 16:10:27.610,1.32457,1.32464,1.12,1.72
2016.09.27 16:10:27.662,1.32457,1.32463,1.00,1.00
2016.09.27 16:10:27.764,1.32458,1.32465,1.00,1.50
2016.09.27 16:10:27.815,1.32457,1.32466,1.00,4.12
2016.09.27 16:10:27.866,1.32458,1.32466,1.00,1.87
2016.09.27 16:10:27.917,1.32458,1.32466,1.00,2.62
2016.09.27 16:10:28.015,1.32458,1.32466,1.00,4.50
2016.09.27 16:10:28.066,1.32458,1.32466,1.00,4.87
2016.09.27 16:10:28.168,1.32458,1.32465,1.00,1.50
2016.09.27 16:10:28.286,1.32459,1.32466,1.00,4.87
2016.09.27 16:10:28.388,1.3246,1.32465,1.00,1.50
2016.09.27 16:10:28.439,1.32458,1.32465,1.50,1.50
2016.09.27 16:10:28.490,1.32458,1.32465,1.00,1.50
2016.09.27 16:10:28.795,1.32459,1.32466,1.00,4.87
2016.09.27 16:10:28.897,1.32459,1.32465,1.00,1.50
2016.09.27 16:10:29.101,1.32459,1.32466,1.00,4.87
2016.09.27 16:10:29.203,1.32458,1.32466,1.50,4.87
2016.09.27 16:10:29.316,1.32458,1.32466,2.81,4.12
2016.09.27 16:10:29.367,1.32459,1.32466,1.00,4.12
2016.09.27 16:10:29.746,1.32459,1.32466,1.00,3.37
2016.09.27 16:10:30.152,1.32459,1.32466,1.00,1.50
2016.09.27 16:10:30.203,1.32459,1.32466,1.00,1.12
2016.09.27 16:10:30.508,1.32459,1.32467,1.00,2.62
2016.09.27 16:10:30.712,1.32458,1.32467,1.00,3.60
2016.09.27 16:10:30.763,1.32456,1.32464,3.75,1.00
2016.09.27 16:10:30.814,1.32456,1.32464,2.25,1.00
2016.09.27 16:10:30.866,1.32456,1.32464,1.87,1.12
2016.09.27 16:10:30.917,1.32456,1.32464,1.50,1.72
2016.09.27 16:10:30.968,1.32456,1.32464,1.00,1.72
2016.09.27 16:10:31.020,1.32455,1.32464,1.87,1.72
2016.09.27 16:10:31.072,1.32455,1.32464,1.87,1.30
2016.09.27 16:10:31.174,1.32455,1.32464,1.12,1.30
2016.09.27 16:10:31.225,1.32455,1.32465,1.12,3.22
2016.09.27 16:10:31.276,1.32455,1.32464,1.12,1.12
2016.09.27 16:10:31.408,1.32455,1.32464,1.12,1.72
2016.09.27 16:10:31.874,1.32455,1.32464,1.12,1.30
2016.09.27 16:10:32.305,1.32455,1.32463,1.12,1.00
2016.09.27 16:10:32.356,1.32454,1.32463,4.12,1.50
2016.09.27 16:10:32.407,1.32454,1.32463,3.37,2.81
2016.09.27 16:10:32.459,1.32454,1.32463,1.50,3.19
2016.09.27 16:10:32.510,1.32454,1.3246,1.12,1.50
2016.09.27 16:10:32.650,1.32454,1.3246,1.12,1.00
2016.09.27 16:10:33.083,1.32454,1.3246,1.12,1.50
2016.09.27 16:10:33.185,1.32454,1.3246,1.12,1.00
2016.09.27 16:10:33.389,1.32454,1.3246,1.12,1.50
2016.09.27 16:10:33.491,1.32454,1.3246,1.12,1.00
2016.09.27 16:10:34.473,1.32452,1.3246,1.75,1.00
2016.09.27 16:10:34.525,1.32452,1.32461,1.75,2.25
2016.09.27 16:10:34.577,1.3245,1.3246,2.25,1.00
2016.09.27 16:10:34.628,1.3245,1.3246,1.75,1.00
2016.09.27 16:10:34.679,1.3245,1.32459,1.50,1.00
2016.09.27 16:10:34.730,1.3245,1.32459,1.50,1.50
2016.09.27 16:10:34.781,1.3245,1.32459,2.25,1.50
2016.09.27 16:10:35.093,1.3245,1.32459,1.50,1.50
2016.09.27 16:10:35.376,1.3245,1.32459,1.00,1.50
2016.09.27 16:10:35.579,1.3245,1.32459,1.00,1.50
2016.09.27 16:10:35.630,1.3245,1.32458,1.00,1.00
2016.09.27 16:10:35.681,1.3245,1.32458,1.00,1.00
2016.09.27 16:10:35.732,1.3245,1.32459,1.00,2.25
2016.09.27 16:10:36.109,1.3245,1.32458,1.00,1.00
2016.09.27 16:10:36.668,1.3245,1.32459,1.00,2.25
2016.09.27 16:10:37.180,1.3245,1.32458,1.00,1.00
2016.09.27 16:10:37.304,1.32449,1.3246,1.75,3.75
2016.09.27 16:10:37.368,1.32449,1.32459,1.75,1.12
2016.09.27 16:10:37.681,1.32449,1.3246,1.75,3.00
2016.09.27 16:10:37.732,1.32449,1.3246,2.00,3.00
2016.09.27 16:10:37.783,1.32449,1.3246,2.43,3.00
2016.09.27 16:10:37.987,1.32449,1.3246,2.43,3.37
2016.09.27 16:10:38.369,1.32449,1.3246,2.43,4.12
2016.09.27 16:10:38.471,1.32449,1.3246,2.00,4.12
2016.09.27 16:10:38.573,1.32449,1.3246,2.00,3.37
2016.09.27 16:10:39.436,1.32449,1.3246,1.75,3.37
2016.09.27 16:10:39.487,1.3245,1.3246,1.50,4.12
2016.09.27 16:10:39.691,1.3245,1.32459,1.50,1.12
2016.09.27 16:10:39.742,1.3245,1.32459,1.50,1.00
2016.09.27 16:10:40.291,1.3245,1.3246,1.50,2.62
2016.09.27 16:10:40.407,1.3245,1.32459,1.50,1.00
2016.09.27 16:10:40.509,1.3245,1.32459,1.12,2.62
2016.09.27 16:10:40.713,1.3245,1.32459,1.50,1.00
2016.09.27 16:10:41.222,1.3245,1.32459,1.50,1.50
2016.09.27 16:10:41.273,1.3245,1.32459,1.00,2.62
2016.09.27 16:10:41.324,1.3245,1.32459,1.00,2.62
2016.09.27 16:10:41.375,1.3245,1.32459,1.00,1.87
2016.09.27 16:10:41.712,1.3245,1.32459,1.00,2.62
2016.09.27 16:10:41.865,1.3245,1.32459,1.00,3.37
2016.09.27 16:10:41.976,1.3245,1.32459,1.00,2.62
2016.09.27 16:10:42.401,1.3245,1.32459,1.00,3.37
2016.09.27 16:10:42.452,1.3245,1.32458,1.00,1.00
2016.09.27 16:10:42.604,1.32448,1.32458,1.50,1.37
2016.09.27 16:10:42.706,1.32448,1.32458,1.50,2.39
2016.09.27 16:10:42.917,1.32448,1.32458,1.50,1.37
2016.09.27 16:10:43.377,1.32448,1.32458,1.50,2.25
2016.09.27 16:10:43.530,1.32448,1.32457,1.50,1.12
2016.09.27 16:10:43.581,1.32448,1.32457,1.50,1.87
2016.09.27 16:10:43.886,1.32448,1.32457,1.50,2.77
2016.09.27 16:10:44.238,1.32448,1.32457,1.50,2.02
2016.09.27 16:10:44.289,1.32449,1.32457,1.37,1.12
2016.09.27 16:10:44.596,1.32449,1.32457,1.37,1.87
2016.09.27 16:10:44.698,1.32449,1.32457,1.37,1.12
2016.09.27 16:10:44.750,1.32453,1.32458,1.00,1.37
2016.09.27 16:10:44.801,1.32453,1.32458,1.00,1.50
2016.09.27 16:10:44.852,1.32454,1.32458,1.00,1.00
2016.09.27 16:10:44.903,1.32455,1.3246,1.00,1.12
2016.09.27 16:10:44.955,1.32455,1.32462,1.00,4.12
2016.09.27 16:10:45.006,1.32455,1.32463,1.50,3.37
2016.09.27 16:10:45.057,1.32456,1.32463,1.00,3.37
2016.09.27 16:10:45.108,1.32455,1.32464,2.06,3.37
2016.09.27 16:10:45.159,1.32455,1.32464,1.68,2.62
2016.09.27 16:10:45.280,1.32455,1.32465,2.06,2.85
2016.09.27 16:10:45.348,1.32455,1.32463,2.00,1.00
2016.09.27 16:10:45.603,1.32455,1.32464,2.06,1.30
2016.09.27 16:10:45.654,1.32455,1.32465,2.06,1.67
2016.09.27 16:10:45.858,1.32455,1.32465,2.06,1.67
2016.09.27 16:10:45.959,1.32455,1.32465,2.06,1.67
2016.09.27 16:10:46.074,1.32455,1.32463,2.00,1.00
2016.09.27 16:10:46.228,1.32455,1.32463,1.75,1.00
2016.09.27 16:10:46.793,1.32455,1.32463,1.50,1.00
2016.09.27 16:10:47.375,1.32456,1.32463,1.00,1.00
2016.09.27 16:10:47.426,1.32456,1.32465,1.00,7.72
2016.09.27 16:10:47.477,1.32456,1.32464,1.00,1.72
2016.09.27 16:10:47.528,1.32454,1.32464,2.25,1.72
2016.09.27 16:10:47.579,1.32454,1.32463,1.87,1.37
2016.09.27 16:10:47.631,1.32454,1.32462,1.50,1.00
2016.09.27 16:10:48.040,1.32454,1.32462,1.75,1.00
2016.09.27 16:10:48.963,1.32455,1.32462,1.50,1.00
2016.09.27 16:10:49.014,1.32456,1.32462,1.12,1.00
2016.09.27 16:10:49.117,1.32457,1.32466,1.12,4.87
2016.09.27 16:10:49.169,1.32457,1.32466,1.00,4.87
2016.09.27 16:10:49.220,1.32458,1.32465,1.12,1.00
2016.09.27 16:10:49.425,1.32458,1.32465,1.12,1.50
2016.09.27 16:10:50.085,1.32458,1.32465,1.12,1.00
2016.09.27 16:10:50.568,1.32457,1.32465,1.50,1.00
2016.09.27 16:10:50.619,1.32457,1.32464,1.50,1.37
2016.09.27 16:10:50.671,1.32456,1.32464,1.87,1.37
2016.09.27 16:10:50.723,1.32456,1.32465,1.00,4.12
2016.09.27 16:10:50.774,1.32455,1.32465,1.12,4.12
2016.09.27 16:10:50.825,1.32454,1.32462,1.12,1.00
2016.09.27 16:10:50.877,1.32454,1.32462,1.12,1.00
2016.09.27 16:10:50.928,1.32455,1.32462,1.00,1.87
2016.09.27 16:10:51.030,1.32455,1.32462,1.50,1.87
2016.09.27 16:10:51.142,1.32455,1.32462,1.00,1.87
2016.09.27 16:10:51.193,1.32453,1.32462,3.00,1.87
2016.09.27 16:10:51.295,1.32453,1.32462,3.00,1.12
2016.09.27 16:10:52.020,1.32453,1.32462,3.00,1.87
2016.09.27 16:10:52.122,1.32453,1.32462,3.00,1.12
2016.09.27 16:10:52.212,1.32453,1.32463,3.00,1.50
2016.09.27 16:10:52.369,1.32453,1.32463,1.87,1.50
2016.09.27 16:10:52.420,1.32453,1.3246,1.75,1.12
2016.09.27 16:10:52.471,1.32453,1.3246,1.75,1.12
2016.09.27 16:10:52.523,1.32455,1.32459,1.12,1.00
2016.09.27 16:10:52.625,1.32451,1.3246,1.37,2.25
2016.09.27 16:10:52.727,1.32451,1.3246,1.37,4.12
2016.09.27 16:10:52.829,1.32451,1.3246,1.00,4.12
2016.09.27 16:10:52.880,1.32451,1.3246,1.00,4.50
2016.09.27 16:10:52.983,1.32451,1.3246,1.00,4.87
2016.09.27 16:10:53.034,1.32451,1.32458,1.00,1.00
2016.09.27 16:10:53.213,1.32449,1.32458,2.25,1.00
2016.09.27 16:10:53.522,1.32449,1.32457,2.25,1.69
2016.09.27 16:10:53.624,1.32449,1.32457,2.25,1.50
2016.09.27 16:10:53.726,1.32449,1.32457,2.25,1.00
2016.09.27 16:10:54.419,1.32449,1.32457,2.25,1.69
2016.09.27 16:10:54.568,1.32449,1.32457,2.25,1.00
2016.09.27 16:10:54.619,1.32447,1.32455,1.87,1.87
2016.09.27 16:10:54.721,1.32447,1.32455,1.87,1.50
2016.09.27 16:10:55.232,1.32447,1.32455,1.50,1.50
2016.09.27 16:10:55.745,1.32447,1.32456,1.00,5.06
2016.09.27 16:10:55.847,1.32447,1.32456,1.00,4.69
2016.09.27 16:10:55.936,1.32447,1.32456,1.00,4.69
2016.09.27 16:10:55.988,1.32447,1.32455,1.00,1.39
2016.09.27 16:10:56.039,1.32447,1.32453,1.00,1.00
2016.09.27 16:10:56.294,1.32447,1.32453,1.00,1.50
2016.09.27 16:10:56.346,1.32445,1.32453,1.87,1.50
2016.09.27 16:10:56.397,1.32445,1.32453,1.87,1.50
2016.09.27 16:10:56.500,1.32447,1.32453,1.12,1.00
2016.09.27 16:10:56.551,1.32447,1.32453,1.75,1.00
2016.09.27 16:10:57.337,1.32447,1.32454,1.75,1.00
2016.09.27 16:10:57.489,1.32447,1.32454,2.25,1.00
2016.09.27 16:10:57.642,1.32447,1.32455,2.25,1.50
2016.09.27 16:10:57.744,1.32447,1.32454,2.25,1.00
2016.09.27 16:10:58.228,1.32447,1.32455,2.25,1.50
2016.09.27 16:10:59.099,1.32447,1.32454,2.25,1.00
2016.09.27 16:10:59.321,1.32447,1.32455,2.25,1.50
2016.09.27 16:10:59.423,1.32447,1.32454,2.25,1.00
2016.09.27 16:10:59.525,1.32447,1.32455,1.50,1.50
2016.09.27 16:10:59.652,1.32446,1.32455,1.87,4.12
2016.09.27 16:10:59.703,1.32446,1.32454,1.87,1.50
2016.09.27 16:10:59.805,1.32446,1.32455,1.87,4.12
2016.09.27 16:10:59.857,1.32446,1.32455,1.50,4.12
2016.09.27 16:10:59.909,1.32447,1.32454,1.00,1.50
2016.09.27 16:11:00.216,1.32448,1.32456,1.00,3.37
2016.09.27 16:11:00.286,1.32448,1.32456,1.75,3.37
2016.09.27 16:11:00.338,1.32448,1.32457,2.25,2.25
2016.09.27 16:11:00.586,1.3245,1.32456,1.12,1.00
2016.09.27 16:11:00.638,1.3245,1.32456,1.00,1.00
2016.09.27 16:11:00.740,1.32448,1.32456,2.25,1.00
2016.09.27 16:11:01.531,1.32448,1.32457,2.25,2.25
2016.09.27 16:11:03.825,1.32448,1.32456,2.25,1.00
2016.09.27 16:11:03.876,1.32448,1.32456,2.25,1.50
2016.09.27 16:11:04.233,1.32448,1.32455,1.50,1.50
2016.09.27 16:11:04.336,1.32448,1.32452,1.00,1.50
2016.09.27 16:11:04.387,1.32446,1.32451,1.37,1.50
2016.09.27 16:11:04.438,1.32443,1.32447,1.50,1.50
2016.09.27 16:11:04.490,1.32443,1.32447,1.00,1.50
2016.09.27 16:11:04.616,1.32442,1.32447,1.50,1.50
2016.09.27 16:11:04.667,1.32441,1.32447,1.50,1.00
2016.09.27 16:11:04.769,1.32442,1.32447,1.00,1.50
2016.09.27 16:11:04.820,1.32441,1.32447,1.50,1.00
2016.09.27 16:11:04.929,1.32441,1.32447,1.00,1.50
2016.09.27 16:11:05.236,1.32441,1.32447,1.00,1.00
2016.09.27 16:11:05.756,1.32441,1.32447,1.00,1.50
2016.09.27 16:11:06.236,1.32441,1.32449,1.00,1.50
2016.09.27 16:11:06.337,1.32441,1.32449,1.37,1.00
2016.09.27 16:11:06.440,1.32441,1.32449,1.00,1.00
2016.09.27 16:11:06.542,1.32441,1.32449,1.31,1.50
2016.09.27 16:11:06.593,1.32441,1.32449,1.31,1.50
2016.09.27 16:11:06.644,1.32441,1.32449,1.50,1.00
2016.09.27 16:11:06.695,1.32441,1.32449,1.50,1.00
2016.09.27 16:11:07.001,1.3244,1.32449,1.37,1.00
2016.09.27 16:11:07.165,1.3244,1.32449,1.50,1.00
2016.09.27 16:11:07.217,1.3244,1.32449,1.37,1.00
2016.09.27 16:11:07.574,1.3244,1.32449,1.37,1.50
2016.09.27 16:11:07.626,1.3244,1.32447,1.37,1.00
2016.09.27 16:11:07.679,1.3244,1.32447,1.37,1.50
2016.09.27 16:11:07.732,1.32439,1.32443,1.50,1.00
2016.09.27 16:11:07.784,1.32439,1.32443,1.00,1.50
2016.09.27 16:11:07.936,1.32436,1.32442,1.12,1.00
2016.09.27 16:11:08.144,1.32435,1.32443,1.50,1.50
2016.09.27 16:11:08.247,1.32436,1.32442,1.37,1.00
2016.09.27 16:11:08.350,1.32433,1.32443,1.87,1.87
2016.09.27 16:11:08.510,1.32433,1.32442,1.37,1.50
2016.09.27 16:11:08.561,1.32433,1.32442,1.12,1.50
2016.09.27 16:11:08.613,1.32433,1.32442,1.12,2.25
2016.09.27 16:11:08.664,1.32433,1.32442,1.37,3.00
2016.09.27 16:11:09.340,1.32433,1.32441,1.37,1.12
2016.09.27 16:11:09.442,1.32433,1.32442,1.37,3.00
2016.09.27 16:11:09.658,1.32433,1.32441,1.37,1.12
2016.09.27 16:11:09.760,1.32433,1.32442,1.37,3.00
2016.09.27 16:11:09.861,1.32433,1.32441,1.37,1.12
2016.09.27 16:11:09.963,1.32433,1.32442,1.37,3.00
2016.09.27 16:11:10.444,1.32433,1.32441,1.37,1.12
2016.09.27 16:11:10.546,1.32433,1.32442,1.37,3.00
2016.09.27 16:11:11.547,1.32433,1.32441,1.37,1.12
2016.09.27 16:11:11.648,1.32433,1.32442,1.37,3.00
2016.09.27 16:11:11.954,1.32433,1.32441,1.37,1.12
2016.09.27 16:11:12.157,1.32433,1.32442,1.37,3.00
2016.09.27 16:11:12.361,1.32433,1.32441,1.37,1.12
2016.09.27 16:11:12.514,1.32432,1.32441,3.00,1.12
2016.09.27 16:11:12.565,1.32432,1.32442,2.25,3.00
2016.09.27 16:11:12.739,1.32435,1.32442,1.00,3.00
2016.09.27 16:11:12.790,1.32435,1.32442,1.12,2.25
2016.09.27 16:11:12.842,1.32435,1.32442,1.12,1.87
2016.09.27 16:11:12.893,1.32435,1.32442,1.00,1.87
2016.09.27 16:11:12.945,1.32433,1.32442,4.12,1.50
2016.09.27 16:11:12.996,1.32434,1.32442,1.12,1.50
2016.09.27 16:11:13.455,1.32434,1.32443,1.12,2.62
2016.09.27 16:11:13.636,1.32433,1.32442,3.37,1.00
2016.09.27 16:11:13.688,1.32432,1.32442,2.25,1.37
2016.09.27 16:11:13.739,1.32432,1.32442,1.75,1.87
2016.09.27 16:11:13.790,1.32432,1.32442,3.37,1.87
2016.09.27 16:11:13.842,1.32432,1.32442,3.00,1.50
2016.09.27 16:11:13.893,1.32432,1.32442,1.37,3.37
2016.09.27 16:11:14.455,1.32432,1.32442,1.37,3.56
2016.09.27 16:11:14.571,1.32432,1.32441,1.37,2.62
2016.09.27 16:11:14.622,1.32431,1.32441,2.62,2.62
2016.09.27 16:11:14.673,1.32431,1.3244,2.62,1.12
2016.09.27 16:11:15.080,1.32431,1.32441,2.62,2.62
2016.09.27 16:11:15.860,1.32431,1.32439,2.62,1.00
2016.09.27 16:11:16.065,1.32431,1.3244,2.62,1.87
2016.09.27 16:11:16.268,1.32431,1.32439,2.62,1.00
2016.09.27 16:11:16.421,1.32431,1.32439,2.62,1.00
2016.09.27 16:11:16.473,1.32431,1.3244,2.62,1.87
2016.09.27 16:11:16.767,1.32431,1.3244,3.37,1.87
2016.09.27 16:11:16.822,1.32431,1.3244,3.37,1.87
2016.09.27 16:11:16.975,1.32431,1.32441,3.37,1.37
2016.09.27 16:11:17.282,1.32432,1.32441,1.50,1.87
2016.09.27 16:11:17.333,1.32432,1.32441,1.50,1.87
2016.09.27 16:11:17.435,1.32432,1.32441,1.50,1.87
2016.09.27 16:11:17.587,1.32431,1.32441,2.62,1.37
2016.09.27 16:11:17.741,1.32431,1.32441,3.37,1.37
2016.09.27 16:11:17.832,1.32432,1.32441,1.37,1.37
2016.09.27 16:11:18.525,1.32432,1.32441,1.37,1.37
2016.09.27 16:11:18.576,1.32433,1.32441,1.00,1.87
2016.09.27 16:11:18.627,1.32433,1.32441,1.00,1.87
2016.09.27 16:11:18.679,1.32432,1.32441,1.37,1.87
2016.09.27 16:11:18.801,1.32432,1.32441,1.87,1.00
2016.09.27 16:11:18.852,1.32432,1.32441,2.62,1.00
2016.09.27 16:11:19.271,1.32432,1.32441,2.25,1.00
2016.09.27 16:11:19.576,1.32432,1.32441,2.62,1.00
2016.09.27 16:11:19.834,1.32432,1.32443,2.62,3.37
2016.09.27 16:11:19.988,1.32432,1.32442,3.37,1.00
2016.09.27 16:11:20.091,1.32432,1.32443,2.62,3.37
2016.09.27 16:11:20.271,1.32432,1.32442,3.37,1.00
2016.09.27 16:11:20.373,1.32432,1.32442,3.00,1.00
2016.09.27 16:11:20.679,1.32432,1.32442,3.37,1.00
2016.09.27 16:11:20.767,1.32432,1.32443,2.62,3.37
2016.09.27 16:11:20.918,1.32434,1.32442,1.12,1.00
2016.09.27 16:11:21.276,1.32434,1.32442,1.12,1.50
2016.09.27 16:11:21.380,1.32434,1.32442,1.12,1.00
2016.09.27 16:11:21.557,1.32432,1.3244,3.75,1.00
2016.09.27 16:11:21.608,1.32432,1.3244,1.37,1.50
2016.09.27 16:11:21.660,1.32431,1.32439,1.50,1.12
2016.09.27 16:11:21.762,1.32431,1.32438,1.50,1.00
2016.09.27 16:11:21.865,1.32431,1.32439,1.50,1.12
2016.09.27 16:11:21.970,1.32431,1.3244,1.50,3.00
2016.09.27 16:11:22.122,1.32431,1.32439,1.50,1.12
2016.09.27 16:11:22.224,1.32431,1.3244,1.69,3.00
2016.09.27 16:11:22.359,1.32431,1.3244,1.69,3.00
2016.09.27 16:11:22.410,1.32431,1.32439,2.06,1.12
2016.09.27 16:11:22.615,1.32431,1.32439,1.56,1.12
2016.09.27 16:11:22.666,1.3243,1.32439,1.69,1.12
2016.09.27 16:11:23.031,1.3243,1.3244,1.69,2.25
2016.09.27 16:11:23.738,1.3243,1.3244,2.44,2.25
2016.09.27 16:11:23.942,1.3243,1.32439,2.44,1.12
2016.09.27 16:11:24.044,1.3243,1.32439,2.44,1.12
2016.09.27 16:11:24.145,1.32432,1.32439,1.00,1.12
2016.09.27 16:11:24.248,1.32432,1.3244,1.00,1.50
2016.09.27 16:11:24.299,1.32432,1.32441,1.12,1.12
2016.09.27 16:11:24.422,1.32432,1.32441,1.12,1.50
2016.09.27 16:11:24.474,1.32432,1.32441,1.00,1.50
2016.09.27 16:11:24.627,1.32432,1.32441,1.50,1.50
2016.09.27 16:11:25.160,1.32432,1.3244,1.87,1.87
2016.09.27 16:11:25.211,1.32432,1.3244,2.25,1.50
2016.09.27 16:11:25.294,1.32432,1.32439,1.50,1.00
2016.09.27 16:11:25.345,1.32432,1.3244,1.50,1.50
2016.09.27 16:11:25.724,1.32432,1.32439,1.50,1.00
2016.09.27 16:11:26.238,1.32432,1.32439,1.00,1.00
2016.09.27 16:11:26.340,1.32432,1.3244,1.00,1.50
2016.09.27 16:11:26.739,1.32432,1.32439,1.00,1.00
2016.09.27 16:11:28.159,1.32432,1.3244,1.00,1.50
2016.09.27 16:11:28.261,1.32432,1.32439,1.00,1.00
2016.09.27 16:11:28.363,1.32432,1.3244,1.00,1.50
2016.09.27 16:11:28.465,1.32432,1.32441,1.00,2.25
2016.09.27 16:11:28.519,1.32432,1.32441,1.00,1.50
2016.09.27 16:11:28.841,1.32432,1.32441,1.50,2.25
2016.09.27 16:11:28.943,1.32432,1.32441,1.00,1.50
2016.09.27 16:11:29.288,1.32432,1.32439,1.00,1.00
2016.09.27 16:11:29.339,1.32432,1.32439,1.00,1.00
2016.09.27 16:11:29.491,1.32431,1.32439,1.00,1.00
2016.09.27 16:11:29.542,1.3243,1.32439,3.00,1.00
2016.09.27 16:11:29.746,1.3243,1.32439,3.00,1.00
2016.09.27 16:11:29.848,1.32431,1.32439,1.12,1.00
2016.09.27 16:11:30.249,1.32431,1.32439,1.12,1.50
2016.09.27 16:11:30.524,1.32431,1.32439,1.12,1.00
2016.09.27 16:11:30.849,1.32431,1.32439,1.12,1.50
2016.09.27 16:11:30.951,1.32431,1.32439,1.12,1.00
2016.09.27 16:11:31.155,1.32431,1.32439,1.12,1.50
2016.09.27 16:11:31.754,1.32431,1.32439,1.12,1.00
2016.09.27 16:11:31.943,1.32431,1.32439,1.12,1.50
2016.09.27 16:11:32.052,1.32431,1.32439,2.25,1.50
2016.09.27 16:11:32.132,1.32431,1.32439,2.62,1.50
2016.09.27 16:11:32.234,1.32431,1.32439,1.87,1.00
2016.09.27 16:11:32.555,1.32431,1.32439,1.87,1.50
2016.09.27 16:11:33.296,1.32431,1.32439,1.50,1.50
2016.09.27 16:11:33.348,1.32431,1.3244,1.50,2.25
2016.09.27 16:11:33.865,1.32431,1.3244,1.00,2.25
2016.09.27 16:11:33.967,1.32431,1.3244,2.25,1.50
2016.09.27 16:11:34.141,1.32431,1.3244,2.25,1.50
2016.09.27 16:11:34.195,1.32432,1.3244,1.37,1.00
2016.09.27 16:11:34.356,1.32431,1.3244,2.25,1.00
2016.09.27 16:11:34.407,1.32431,1.3244,2.25,1.12
2016.09.27 16:11:34.509,1.32431,1.32441,2.25,2.62
2016.09.27 16:11:34.866,1.32431,1.3244,2.62,1.12
2016.09.27 16:11:35.172,1.32431,1.32441,2.62,2.62
2016.09.27 16:11:35.322,1.32431,1.32441,2.25,3.56
2016.09.27 16:11:35.380,1.32431,1.32438,1.87,1.00
2016.09.27 16:11:35.482,1.32431,1.32438,1.50,1.00
2016.09.27 16:11:35.636,1.32431,1.32438,1.50,1.50
2016.09.27 16:11:35.740,1.32431,1.32438,1.50,1.00
2016.09.27 16:11:35.843,1.32431,1.32438,1.87,1.50
2016.09.27 16:11:36.024,1.32431,1.32438,1.87,1.00
2016.09.27 16:11:36.075,1.32431,1.32438,1.00,1.00
2016.09.27 16:11:36.177,1.32431,1.32438,1.00,1.50
2016.09.27 16:11:36.432,1.32431,1.32438,1.50,1.00
2016.09.27 16:11:36.534,1.32431,1.32438,1.50,1.50
2016.09.27 16:11:36.738,1.32431,1.32438,1.50,1.00
2016.09.27 16:11:36.789,1.32431,1.32439,1.50,1.64
2016.09.27 16:11:36.840,1.32431,1.32439,1.50,1.00
2016.09.27 16:11:37.369,1.32431,1.32439,1.50,1.64
2016.09.27 16:11:37.776,1.32431,1.32439,1.12,2.02
2016.09.27 16:11:37.827,1.32431,1.32438,1.00,1.00
2016.09.27 16:11:37.878,1.3243,1.32438,1.50,1.12
2016.09.27 16:11:37.930,1.3243,1.32438,1.50,1.00
2016.09.27 16:11:38.066,1.3243,1.32438,1.50,1.50
2016.09.27 16:11:38.169,1.3243,1.32438,1.50,1.00
2016.09.27 16:11:38.271,1.3243,1.32438,1.00,1.00
2016.09.27 16:11:38.604,1.3243,1.32438,1.50,1.00
2016.09.27 16:11:38.706,1.3243,1.32441,1.50,7.64
2016.09.27 16:11:38.757,1.3243,1.3244,1.50,1.37
2016.09.27 16:11:38.808,1.3243,1.3244,1.50,3.22
2016.09.27 16:11:38.859,1.32431,1.3244,1.37,1.37
2016.09.27 16:11:38.910,1.32431,1.3244,1.87,1.87
2016.09.27 16:11:38.961,1.32431,1.32439,1.87,1.12
2016.09.27 16:11:39.113,1.32432,1.32439,1.00,1.12
2016.09.27 16:11:39.257,1.32432,1.3244,1.12,1.37
2016.09.27 16:11:39.309,1.32433,1.32441,1.00,2.25
2016.09.27 16:11:39.360,1.32433,1.32441,1.12,1.50
2016.09.27 16:11:39.564,1.32433,1.32441,1.12,2.25
2016.09.27 16:11:39.796,1.32433,1.32441,1.00,2.25
2016.09.27 16:11:39.848,1.32433,1.32441,1.00,1.50
2016.09.27 16:11:39.900,1.32432,1.32441,1.00,1.87
2016.09.27 16:11:39.951,1.32432,1.32441,1.12,1.87
2016.09.27 16:11:40.053,1.32432,1.32441,1.12,2.62
2016.09.27 16:11:40.104,1.32432,1.32441,1.12,1.87
2016.09.27 16:11:40.155,1.32432,1.32441,1.12,1.12
2016.09.27 16:11:40.347,1.32432,1.32441,1.00,1.87
2016.09.27 16:11:40.535,1.32432,1.32441,1.00,1.12
2016.09.27 16:11:40.790,1.32432,1.32441,1.00,1.12
2016.09.27 16:11:40.842,1.32432,1.32441,1.00,1.87
2016.09.27 16:11:40.893,1.32432,1.32441,1.12,1.87
2016.09.27 16:11:40.944,1.32432,1.32441,1.12,1.12
2016.09.27 16:11:41.046,1.32432,1.32441,1.12,1.87
2016.09.27 16:11:41.147,1.32432,1.32441,1.12,1.12
2016.09.27 16:11:41.249,1.32432,1.32441,1.12,1.87
2016.09.27 16:11:41.351,1.32432,1.32441,1.12,1.12
2016.09.27 16:11:41.624,1.32432,1.32441,1.12,1.12
2016.09.27 16:11:41.843,1.32432,1.32441,1.12,1.87
2016.09.27 16:11:42.121,1.32432,1.32441,1.50,1.87
2016.09.27 16:11:42.172,1.32432,1.32441,1.50,1.12
2016.09.27 16:11:42.223,1.32432,1.32441,1.87,1.12
2016.09.27 16:11:42.324,1.32432,1.32441,2.62,1.12
2016.09.27 16:11:43.047,1.32433,1.32441,1.50,1.12
2016.09.27 16:11:43.389,1.32433,1.32441,1.50,1.87
2016.09.27 16:11:43.440,1.32433,1.32441,1.50,1.12
2016.09.27 16:11:43.491,1.32433,1.32442,1.50,1.87
2016.09.27 16:11:43.644,1.32432,1.32442,2.25,1.87
2016.09.27 16:11:43.695,1.32432,1.32441,1.87,2.62
2016.09.27 16:11:43.746,1.32432,1.32441,1.12,3.37
2016.09.27 16:11:43.797,1.32432,1.32441,2.25,3.00
2016.09.27 16:11:43.848,1.32432,1.32439,1.00,1.00
2016.09.27 16:11:43.900,1.32431,1.32438,1.50,1.12
2016.09.27 16:11:43.951,1.32431,1.32438,1.12,1.12
2016.09.27 16:11:44.002,1.32431,1.32438,1.00,1.37
2016.09.27 16:11:44.166,1.32431,1.32437,1.00,1.12
2016.09.27 16:11:44.251,1.32431,1.32437,1.50,1.00
2016.09.27 16:11:44.891,1.32431,1.32437,1.37,1.00
2016.09.27 16:11:44.942,1.3243,1.32438,1.37,1.12
2016.09.27 16:11:45.404,1.32429,1.32438,2.62,1.00
2016.09.27 16:11:45.506,1.32431,1.32438,1.12,1.00
2016.09.27 16:11:45.608,1.32431,1.32438,1.12,1.12
2016.09.27 16:11:45.659,1.32431,1.32438,1.12,1.87
2016.09.27 16:11:45.812,1.32429,1.32438,3.75,1.87
2016.09.27 16:11:45.863,1.3243,1.32438,1.37,1.87
2016.09.27 16:11:45.914,1.3243,1.32438,3.75,1.50
2016.09.27 16:11:45.966,1.3243,1.32438,3.75,1.00
2016.09.27 16:11:46.227,1.3243,1.32439,4.50,1.50
2016.09.27 16:11:46.380,1.3243,1.32439,5.25,1.50
2016.09.27 16:11:46.431,1.3243,1.32438,4.50,1.00
2016.09.27 16:11:46.482,1.3243,1.32437,3.37,1.00
2016.09.27 16:11:46.533,1.3243,1.32437,1.00,1.00
2016.09.27 16:11:46.585,1.32429,1.32437,1.50,1.00
2016.09.27 16:11:46.686,1.32429,1.32438,1.50,1.12
2016.09.27 16:11:46.738,1.32428,1.32438,3.75,2.47
2016.09.27 16:11:46.789,1.32428,1.32437,3.37,1.00
2016.09.27 16:11:46.880,1.32428,1.32438,1.37,6.04
2016.09.27 16:11:46.959,1.32427,1.32438,2.62,4.31
2016.09.27 16:11:47.010,1.32427,1.32438,2.62,4.91
2016.09.27 16:11:47.163,1.32427,1.32438,1.87,4.31
2016.09.27 16:11:47.367,1.32427,1.32438,1.87,4.69
2016.09.27 16:11:47.418,1.32427,1.32438,3.75,2.06
2016.09.27 16:11:47.469,1.32427,1.32438,3.75,1.69
2016.09.27 16:11:47.651,1.32427,1.32438,3.75,2.06
2016.09.27 16:11:47.789,1.32427,1.32437,3.75,1.25
2016.09.27 16:11:48.153,1.32427,1.32437,3.75,1.00
2016.09.27 16:11:48.780,1.32427,1.32436,3.75,1.00
2016.09.27 16:11:48.955,1.32427,1.32436,3.00,1.00
2016.09.27 16:11:49.057,1.32427,1.32436,2.62,1.00
2016.09.27 16:11:49.159,1.32427,1.32438,3.37,1.31
2016.09.27 16:11:49.211,1.32428,1.32437,1.50,1.69
2016.09.27 16:11:49.262,1.32428,1.32438,1.50,4.69
2016.09.27 16:11:49.313,1.32428,1.32438,1.50,5.44
2016.09.27 16:11:49.365,1.32426,1.32435,4.87,1.00
2016.09.27 16:11:49.416,1.32426,1.32436,1.75,2.77
2016.09.27 16:11:49.467,1.32426,1.32435,1.75,1.50
2016.09.27 16:11:49.518,1.32426,1.32435,1.37,3.00
2016.09.27 16:11:49.590,1.32426,1.32434,1.00,1.00
2016.09.27 16:11:49.642,1.32426,1.32434,1.00,1.50
2016.09.27 16:11:49.693,1.32425,1.32433,1.00,1.00
2016.09.27 16:11:50.054,1.32425,1.32433,1.50,1.00
2016.09.27 16:11:50.434,1.32425,1.32433,1.00,1.00
2016.09.27 16:11:50.587,1.32425,1.32433,1.50,1.00
2016.09.27 16:11:50.862,1.32426,1.32433,1.00,1.00
2016.09.27 16:11:50.964,1.32425,1.32433,1.50,1.00
2016.09.27 16:11:51.066,1.32426,1.32433,1.00,1.00
2016.09.27 16:11:51.168,1.32425,1.32433,1.50,1.00
2016.09.27 16:11:51.219,1.32425,1.32435,2.25,4.12
2016.09.27 16:11:51.320,1.32425,1.32434,2.62,1.00
2016.09.27 16:11:51.371,1.32426,1.32434,1.00,1.50
2016.09.27 16:11:51.473,1.32426,1.32434,1.00,1.00
2016.09.27 16:11:51.697,1.32426,1.32434,1.00,1.00
2016.09.27 16:11:51.951,1.32426,1.32434,1.50,1.50
2016.09.27 16:11:52.169,1.32426,1.32434,1.00,1.00
2016.09.27 16:11:52.494,1.32426,1.32434,1.12,1.00
2016.09.27 16:11:52.642,1.32426,1.32434,1.50,1.50
2016.09.27 16:11:52.693,1.32424,1.3243,3.37,1.64
2016.09.27 16:11:52.744,1.32424,1.32431,2.62,2.58
2016.09.27 16:11:52.795,1.32424,1.32431,3.37,2.25
2016.09.27 16:11:52.846,1.32424,1.3243,1.50,1.50
2016.09.27 16:11:52.897,1.32424,1.3243,1.12,1.00
2016.09.27 16:11:52.948,1.32424,1.3243,1.00,1.12
2016.09.27 16:11:53.152,1.32424,1.3243,1.37,1.00
2016.09.27 16:11:53.203,1.32424,1.3243,1.50,1.50
2016.09.27 16:11:53.304,1.32424,1.3243,1.12,1.50
2016.09.27 16:11:53.673,1.32424,1.3243,1.12,1.00
2016.09.27 16:11:53.775,1.32424,1.3243,1.12,1.50
2016.09.27 16:11:53.826,1.32424,1.3243,1.12,1.00
2016.09.27 16:11:54.017,1.32423,1.32431,1.37,2.06
2016.09.27 16:11:54.068,1.32423,1.32431,1.37,1.87
2016.09.27 16:11:54.323,1.32423,1.32431,1.37,1.50
2016.09.27 16:11:54.374,1.32423,1.3243,1.37,1.00
2016.09.27 16:11:54.425,1.32423,1.3243,1.50,1.00
2016.09.27 16:11:54.476,1.32421,1.3243,5.25,1.00
2016.09.27 16:11:54.527,1.32423,1.3243,1.00,1.00
2016.09.27 16:11:54.578,1.32423,1.32431,1.00,1.50
2016.09.27 16:11:54.629,1.32422,1.32431,1.75,1.50
2016.09.27 16:11:54.782,1.32422,1.32431,1.75,1.64
2016.09.27 16:11:54.833,1.32423,1.32431,1.50,1.64
2016.09.27 16:11:54.884,1.32423,1.32431,1.50,1.50
2016.09.27 16:11:54.935,1.32423,1.3243,1.12,1.00
2016.09.27 16:11:55.036,1.32422,1.32429,2.62,1.00
2016.09.27 16:11:55.087,1.32422,1.3243,2.62,1.50
2016.09.27 16:11:55.138,1.32422,1.3243,2.62,1.50
2016.09.27 16:11:55.268,1.32423,1.3243,1.00,1.50
2016.09.27 16:11:55.377,1.32422,1.3243,1.12,1.50
2016.09.27 16:11:55.632,1.32422,1.3243,1.37,1.50
2016.09.27 16:11:55.734,1.32424,1.3243,1.00,1.50
2016.09.27 16:11:55.836,1.32423,1.3243,1.12,1.50
2016.09.27 16:11:55.887,1.32423,1.3243,1.31,1.00
2016.09.27 16:11:55.938,1.32425,1.32431,1.00,1.50
2016.09.27 16:11:56.436,1.32425,1.32431,1.00,2.25
2016.09.27 16:11:56.692,1.32425,1.32431,1.00,1.50
2016.09.27 16:11:56.896,1.32425,1.32431,1.00,2.25
2016.09.27 16:11:56.998,1.32425,1.32431,1.00,1.50
2016.09.27 16:11:57.177,1.32425,1.32431,1.00,2.25
2016.09.27 16:11:57.228,1.32424,1.32431,1.00,1.50
2016.09.27 16:11:57.381,1.32424,1.3243,1.00,1.00
2016.09.27 16:11:58.114,1.32422,1.3243,3.75,1.00
2016.09.27 16:11:58.165,1.32425,1.3243,1.00,1.00
2016.09.27 16:11:58.690,1.32425,1.3243,1.25,1.00
2016.09.27 16:11:58.742,1.32422,1.3243,2.81,1.00
2016.09.27 16:11:58.844,1.32424,1.3243,1.56,1.00
2016.09.27 16:11:58.895,1.32423,1.32431,3.19,1.50
2016.09.27 16:11:59.233,1.32423,1.32432,3.00,1.00
2016.09.27 16:11:59.286,1.32423,1.32431,2.62,1.00
2016.09.27 16:11:59.337,1.32423,1.3243,1.00,1.00
2016.09.27 16:11:59.901,1.32423,1.3243,1.25,1.50
2016.09.27 16:12:00.055,1.32423,1.3243,1.25,1.50
2016.09.27 16:12:00.153,1.32423,1.3243,3.19,1.00
2016.09.27 16:12:00.204,1.32423,1.32433,3.00,3.37
2016.09.27 16:12:00.281,1.32423,1.32433,3.37,4.12
2016.09.27 16:12:00.335,1.32423,1.32433,3.37,2.62
2016.09.27 16:12:00.438,1.32423,1.3243,1.50,1.00
2016.09.27 16:12:00.489,1.32423,1.3243,1.00,1.00
2016.09.27 16:12:00.593,1.32423,1.3243,1.00,1.50
2016.09.27 16:12:00.796,1.32423,1.3243,1.00,1.00
2016.09.27 16:12:00.965,1.32423,1.3243,1.00,1.50
2016.09.27 16:12:01.067,1.32423,1.3243,1.00,1.00
2016.09.27 16:12:01.596,1.32423,1.3243,1.00,1.50
2016.09.27 16:12:01.978,1.32423,1.3243,1.00,1.50
2016.09.27 16:12:02.135,1.32422,1.3243,1.00,1.87
2016.09.27 16:12:02.248,1.32422,1.3243,1.37,1.87
2016.09.27 16:12:02.778,1.32422,1.32429,1.37,1.00
2016.09.27 16:12:02.982,1.32422,1.3243,1.37,1.87
2016.09.27 16:12:03.033,1.32422,1.3243,1.37,1.12
2016.09.27 16:12:03.084,1.32423,1.32431,1.12,3.37
2016.09.27 16:12:03.406,1.32423,1.3243,1.12,1.12
2016.09.27 16:12:03.508,1.32423,1.32431,1.12,3.37
2016.09.27 16:12:03.903,1.32423,1.3243,1.12,1.12
2016.09.27 16:12:04.406,1.32424,1.32431,1.00,1.87
2016.09.27 16:12:04.457,1.32424,1.32431,1.37,1.50
2016.09.27 16:12:04.740,1.32424,1.3243,1.12,1.00
2016.09.27 16:12:04.792,1.32422,1.32429,1.50,1.00
2016.09.27 16:12:04.843,1.32422,1.32429,3.37,1.50
2016.09.27 16:12:04.895,1.32424,1.32428,1.00,1.00
2016.09.27 16:12:04.946,1.32421,1.32426,1.00,1.00
2016.09.27 16:12:04.997,1.32421,1.32426,1.00,1.50
2016.09.27 16:12:05.099,1.3242,1.32426,1.00,1.00
2016.09.27 16:12:05.201,1.32419,1.32427,1.87,1.50
2016.09.27 16:12:05.288,1.32419,1.32427,1.00,1.50
2016.09.27 16:12:05.391,1.32419,1.32427,1.00,1.50
2016.09.27 16:12:05.581,1.32419,1.32427,1.50,2.25
2016.09.27 16:12:05.632,1.32418,1.32427,3.00,2.25
2016.09.27 16:12:05.684,1.32419,1.32427,1.75,2.25
2016.09.27 16:12:05.736,1.32419,1.32427,1.12,2.62
2016.09.27 16:12:05.787,1.32419,1.32426,1.12,1.12
2016.09.27 16:12:05.901,1.32418,1.32426,1.50,1.12
2016.09.27 16:12:06.054,1.32418,1.32426,1.37,1.12
2016.09.27 16:12:06.105,1.32418,1.32425,1.37,1.00
2016.09.27 16:12:06.156,1.32418,1.32425,1.50,1.00
2016.09.27 16:12:06.207,1.32419,1.32425,1.12,1.50
2016.09.27 16:12:06.259,1.32419,1.32425,1.75,1.50
2016.09.27 16:12:06.311,1.32419,1.32425,1.75,1.00
2016.09.27 16:12:06.716,1.32419,1.32425,1.75,1.50
2016.09.27 16:12:06.920,1.3242,1.32425,1.50,1.00
2016.09.27 16:12:07.281,1.3242,1.32425,1.50,1.50
2016.09.27 16:12:07.511,1.3242,1.32425,1.50,1.00
2016.09.27 16:12:07.805,1.3242,1.32425,1.50,1.50
2016.09.27 16:12:07.907,1.32418,1.32425,3.37,1.00
2016.09.27 16:12:07.958,1.32418,1.32425,1.37,1.00
2016.09.27 16:12:08.009,1.32418,1.32425,1.37,1.50
2016.09.27 16:12:08.060,1.32419,1.32425,1.00,1.50
2016.09.27 16:12:08.112,1.32419,1.32425,1.50,1.50
2016.09.27 16:12:08.214,1.32419,1.32425,1.50,1.00
2016.09.27 16:12:08.316,1.32419,1.32425,1.50,1.50
2016.09.27 16:12:08.613,1.32419,1.32425,1.00,1.50
2016.09.27 16:12:09.096,1.32419,1.32425,1.00,1.00
2016.09.27 16:12:09.200,1.32419,1.32425,1.00,1.00
2016.09.27 16:12:09.615,1.32419,1.32425,1.00,1.50
2016.09.27 16:12:10.016,1.32419,1.32425,1.00,1.00
2016.09.27 16:12:10.208,1.32419,1.32425,1.00,1.00
2016.09.27 16:12:10.290,1.32419,1.32425,1.00,1.50
2016.09.27 16:12:10.925,1.32419,1.32425,1.00,1.00
2016.09.27 16:12:11.493,1.32419,1.32425,1.00,1.50
2016.09.27 16:12:11.545,1.32419,1.32425,1.50,1.00
2016.09.27 16:12:11.596,1.32419,1.32427,1.50,1.00
2016.09.27 16:12:11.648,1.32419,1.32427,1.00,1.12
2016.09.27 16:12:11.801,1.32419,1.32427,1.00,2.06
2016.09.27 16:12:11.852,1.32419,1.32427,1.12,1.69
2016.09.27 16:12:11.903,1.32419,1.32426,1.12,1.00
2016.09.27 16:12:11.975,1.32419,1.32426,1.12,1.50
2016.09.27 16:12:12.027,1.32419,1.32426,1.12,1.00
2016.09.27 16:12:12.129,1.32419,1.32427,1.12,1.50
2016.09.27 16:12:12.403,1.32419,1.32427,1.12,2.25
2016.09.27 16:12:12.506,1.32419,1.32427,1.12,1.50
2016.09.27 16:12:12.609,1.3242,1.32427,1.00,1.00
2016.09.27 16:12:12.765,1.3242,1.32427,1.50,1.00
2016.09.27 16:12:12.816,1.3242,1.32427,1.50,1.50
2016.09.27 16:12:12.939,1.32421,1.32428,1.12,1.00
2016.09.27 16:12:12.993,1.32422,1.32429,1.12,1.00
2016.09.27 16:12:13.044,1.32422,1.32429,1.12,1.37
2016.09.27 16:12:13.146,1.32422,1.32429,1.50,1.00
2016.09.27 16:12:13.197,1.32424,1.32429,1.00,1.00
2016.09.27 16:12:13.249,1.32424,1.3243,1.00,1.12
2016.09.27 16:12:13.300,1.32422,1.3243,1.87,1.12
2016.09.27 16:12:13.351,1.32422,1.32431,1.87,4.12
2016.09.27 16:12:13.551,1.32422,1.32431,4.12,3.75
2016.09.27 16:12:13.602,1.32422,1.32431,4.12,3.75
2016.09.27 16:12:13.653,1.32422,1.32429,4.12,1.50
2016.09.27 16:12:13.705,1.32422,1.32429,4.12,1.50
2016.09.27 16:12:13.756,1.32422,1.32429,1.87,1.50
2016.09.27 16:12:13.858,1.32422,1.32429,1.12,1.50
2016.09.27 16:12:13.909,1.32422,1.32429,1.00,1.50
2016.09.27 16:12:13.960,1.32422,1.32429,1.00,1.00
2016.09.27 16:12:14.011,1.32421,1.32429,1.87,1.00
2016.09.27 16:12:14.062,1.32423,1.32429,1.00,1.50
2016.09.27 16:12:14.164,1.32423,1.32429,1.00,1.00
2016.09.27 16:12:14.343,1.32423,1.32431,1.00,1.50
2016.09.27 16:12:14.825,1.32423,1.32431,1.50,1.50
2016.09.27 16:12:15.210,1.32423,1.32431,1.50,2.25
2016.09.27 16:12:15.277,1.32423,1.32431,1.50,1.50
2016.09.27 16:12:15.480,1.32423,1.32431,1.00,2.25
2016.09.27 16:12:15.582,1.32423,1.3243,1.00,1.00
2016.09.27 16:12:15.633,1.32422,1.3243,1.37,1.12
2016.09.27 16:12:15.684,1.32422,1.3243,1.00,1.50
2016.09.27 16:12:15.978,1.32422,1.3243,1.00,1.00
2016.09.27 16:12:16.081,1.32422,1.3243,1.00,1.50
2016.09.27 16:12:16.387,1.32422,1.3243,1.00,1.00
2016.09.27 16:12:16.641,1.32422,1.3243,1.50,1.50
2016.09.27 16:12:16.693,1.32423,1.3243,1.87,1.50
2016.09.27 16:12:16.745,1.32423,1.32432,3.00,3.37
2016.09.27 16:12:16.797,1.32423,1.32432,3.75,1.50
2016.09.27 16:12:16.850,1.32425,1.32433,1.12,3.00
2016.09.27 16:12:16.901,1.32424,1.32433,3.00,1.00
2016.09.27 16:12:17.008,1.32425,1.32433,1.12,1.00
2016.09.27 16:12:17.059,1.3243,1.32434,1.00,2.25
2016.09.27 16:12:17.111,1.32427,1.32433,3.37,1.00
2016.09.27 16:12:17.183,1.32429,1.32433,1.50,1.00
2016.09.27 16:12:17.234,1.32429,1.32433,1.00,1.00
2016.09.27 16:12:17.285,1.3243,1.32434,1.00,1.69
2016.09.27 16:12:17.336,1.32427,1.32431,4.50,1.00
2016.09.27 16:12:17.388,1.32426,1.32433,2.62,3.75
2016.09.27 16:12:17.439,1.32426,1.32431,2.25,1.00
2016.09.27 16:12:17.490,1.32425,1.32431,1.00,1.00
2016.09.27 16:12:17.592,1.32423,1.32431,3.00,1.00
2016.09.27 16:12:17.733,1.32424,1.32431,1.12,1.00
2016.09.27 16:12:17.808,1.32423,1.32432,3.00,1.50
2016.09.27 16:12:18.245,1.32423,1.32432,2.25,1.50
2016.09.27 16:12:18.347,1.32423,1.32432,1.50,1.50
2016.09.27 16:12:18.632,1.32423,1.32431,2.25,1.00
2016.09.27 16:12:18.685,1.32423,1.32432,1.50,1.50
2016.09.27 16:12:19.292,1.32423,1.32432,1.50,1.50
2016.09.27 16:12:19.343,1.32425,1.32432,1.00,1.50
2016.09.27 16:12:19.394,1.32425,1.32431,1.00,1.00
2016.09.27 16:12:20.249,1.32425,1.32432,1.00,1.50
2016.09.27 16:12:20.554,1.32425,1.32431,1.00,1.00
2016.09.27 16:12:21.251,1.32425,1.32432,1.00,1.50
2016.09.27 16:12:21.352,1.32425,1.32431,1.00,1.00
2016.09.27 16:12:21.555,1.32425,1.32432,1.00,1.50
2016.09.27 16:12:21.606,1.32423,1.32431,1.50,1.00
2016.09.27 16:12:21.658,1.32423,1.32429,1.50,1.00
2016.09.27 16:12:21.760,1.32423,1.32429,1.37,1.00
2016.09.27 16:12:21.811,1.32423,1.32429,1.50,1.00
2016.09.27 16:12:21.863,1.32423,1.32431,1.50,1.12
2016.09.27 16:12:21.993,1.32423,1.32432,1.87,3.37
2016.09.27 16:12:22.044,1.32424,1.32432,1.12,3.37
2016.09.27 16:12:22.095,1.32424,1.32432,1.50,3.00
2016.09.27 16:12:22.173,1.32424,1.32431,1.50,1.00
2016.09.27 16:12:22.326,1.32424,1.32431,1.87,1.00
2016.09.27 16:12:22.428,1.32424,1.32431,1.50,1.00
2016.09.27 16:12:22.479,1.32424,1.32432,1.50,3.00
2016.09.27 16:12:22.531,1.32424,1.32428,1.00,1.00
2016.09.27 16:12:22.582,1.32422,1.32428,2.25,1.00
2016.09.27 16:12:22.634,1.3242,1.32429,6.00,1.25
2016.09.27 16:12:22.717,1.3242,1.32429,5.62,1.25
2016.09.27 16:12:22.768,1.3242,1.32429,4.87,1.00
2016.09.27 16:12:22.879,1.3242,1.32429,5.62,1.25
2016.09.27 16:12:23.083,1.32422,1.3243,1.00,3.37
2016.09.27 16:12:23.134,1.32422,1.3243,1.00,2.62
2016.09.27 16:12:23.186,1.32421,1.32431,1.12,1.50
2016.09.27 16:12:23.237,1.32421,1.32432,1.12,4.87
2016.09.27 16:12:23.290,1.32421,1.32432,1.87,4.87
2016.09.27 16:12:23.342,1.32421,1.32432,2.25,4.12
2016.09.27 16:12:23.394,1.32421,1.32432,4.50,2.25
2016.09.27 16:12:23.496,1.32421,1.32432,4.50,2.25
2016.09.27 16:12:23.599,1.32421,1.32432,4.50,2.25
2016.09.27 16:12:23.702,1.32422,1.32432,1.75,3.00
2016.09.27 16:12:24.009,1.32422,1.32431,1.75,1.12
2016.09.27 16:12:24.060,1.32422,1.3243,1.75,1.00
2016.09.27 16:12:24.162,1.32422,1.3243,1.37,1.00
2016.09.27 16:12:24.213,1.32422,1.3243,1.00,1.12
2016.09.27 16:12:24.315,1.32422,1.32432,1.00,5.39
2016.09.27 16:12:24.366,1.32422,1.32431,1.50,1.00
2016.09.27 16:12:24.417,1.32422,1.32431,1.50,1.00
2016.09.27 16:12:24.540,1.32422,1.32431,1.50,1.00
2016.09.27 16:12:24.591,1.32422,1.32433,3.37,3.00
2016.09.27 16:12:24.643,1.32424,1.32433,1.87,2.25
2016.09.27 16:12:24.694,1.32424,1.32433,1.87,1.87
2016.09.27 16:12:24.850,1.32424,1.32433,1.75,1.87
2016.09.27 16:12:25.003,1.32424,1.32433,1.75,1.87
2016.09.27 16:12:25.288,1.32424,1.32433,1.75,1.87
2016.09.27 16:12:25.533,1.32424,1.32433,1.75,1.87
2016.09.27 16:12:27.144,1.32425,1.32433,1.50,1.87
2016.09.27 16:12:27.196,1.32425,1.32433,1.50,1.12
2016.09.27 16:12:27.247,1.32425,1.32434,1.50,1.68
2016.09.27 16:12:27.350,1.32427,1.32434,1.00,1.68
2016.09.27 16:12:27.401,1.32427,1.32435,1.00,5.06
2016.09.27 16:12:27.554,1.32427,1.32435,1.00,5.06
2016.09.27 16:12:28.275,1.32427,1.32435,1.12,2.43
2016.09.27 16:12:28.826,1.32428,1.32435,1.00,2.43
2016.09.27 16:12:29.283,1.32428,1.32435,1.00,2.81
2016.09.27 16:12:29.539,1.32428,1.32435,1.00,3.22
2016.09.27 16:12:29.591,1.32428,1.32435,1.00,2.62
2016.09.27 16:12:29.758,1.32428,1.32435,1.00,3.22
2016.09.27 16:12:30.266,1.32428,1.32435,1.00,2.62
2016.09.27 16:12:30.664,1.32428,1.32435,1.00,1.87
2016.09.27 16:12:31.122,1.32428,1.32435,1.00,1.12
2016.09.27 16:12:31.173,1.32428,1.32437,1.00,4.12
2016.09.27 16:12:31.313,1.32429,1.32437,1.12,1.00
2016.09.27 16:12:31.518,1.32429,1.32437,1.12,1.00
2016.09.27 16:12:31.621,1.32429,1.32437,1.12,1.00
2016.09.27 16:12:35.099,1.3243,1.32438,1.00,1.87
2016.09.27 16:12:35.201,1.3243,1.32438,1.50,1.50
2016.09.27 16:12:35.290,1.32431,1.32438,1.12,1.50
2016.09.27 16:12:35.490,1.32431,1.32438,1.00,1.50
2016.09.27 16:12:36.114,1.3243,1.32438,1.87,1.50
2016.09.27 16:12:36.217,1.3243,1.32438,1.87,1.87
2016.09.27 16:12:37.849,1.3243,1.32438,1.87,1.37
2016.09.27 16:12:38.987,1.3243,1.32438,2.25,1.37
2016.09.27 16:12:39.038,1.32431,1.32438,1.00,1.00
2016.09.27 16:12:39.570,1.32432,1.32438,1.00,1.00
2016.09.27 16:12:39.622,1.32431,1.32438,2.25,1.00
2016.09.27 16:12:40.032,1.32431,1.32436,1.00,1.00
2016.09.27 16:12:40.141,1.32429,1.32435,2.25,1.00
2016.09.27 16:12:40.192,1.32428,1.32435,1.37,1.12
2016.09.27 16:12:40.243,1.32428,1.32435,1.50,1.50
2016.09.27 16:12:40.298,1.32428,1.32435,1.50,1.00
2016.09.27 16:12:41.196,1.32428,1.32435,2.25,1.25
2016.09.27 16:12:41.405,1.32428,1.32435,1.50,1.00
2016.09.27 16:12:41.507,1.32428,1.32435,2.25,1.25
2016.09.27 16:12:41.762,1.32428,1.32435,1.50,1.25
2016.09.27 16:12:41.813,1.32428,1.32435,1.00,2.43
2016.09.27 16:12:41.866,1.32426,1.32433,2.25,1.00
2016.09.27 16:12:41.968,1.32425,1.32431,1.50,1.25
2016.09.27 16:12:42.019,1.32424,1.32431,1.87,1.31
2016.09.27 16:12:42.135,1.32425,1.32431,1.00,2.54
2016.09.27 16:12:42.187,1.32424,1.32428,1.87,1.00
2016.09.27 16:12:42.273,1.32424,1.32428,1.50,1.50
2016.09.27 16:12:42.377,1.32424,1.32428,1.50,1.00
2016.09.27 16:12:42.428,1.32424,1.32428,1.50,1.50
2016.09.27 16:12:42.480,1.32423,1.32428,1.00,1.50
2016.09.27 16:12:42.583,1.32419,1.32428,3.00,2.25
2016.09.27 16:12:42.735,1.32419,1.32427,3.00,1.00
2016.09.27 16:12:43.281,1.32419,1.32427,2.25,1.00
2016.09.27 16:12:43.332,1.32419,1.32427,1.50,1.50
2016.09.27 16:12:43.384,1.32418,1.32425,2.25,1.09
2016.09.27 16:12:43.435,1.32418,1.32425,4.12,1.09
2016.09.27 16:12:43.486,1.32419,1.32425,1.37,1.00
2016.09.27 16:12:43.538,1.32419,1.32425,1.00,1.00
2016.09.27 16:12:43.589,1.32418,1.32425,1.50,1.00
2016.09.27 16:12:43.640,1.32418,1.32425,1.50,1.12
2016.09.27 16:12:43.742,1.32418,1.32425,1.87,1.00
2016.09.27 16:12:44.472,1.32418,1.32425,2.62,1.00
2016.09.27 16:12:44.523,1.32419,1.32426,1.87,1.50
2016.09.27 16:12:44.701,1.32419,1.32426,2.25,1.00
2016.09.27 16:12:44.752,1.32419,1.32428,2.25,1.25
2016.09.27 16:12:44.804,1.32418,1.32427,3.00,1.12
2016.09.27 16:12:44.855,1.32418,1.32426,2.25,1.00
2016.09.27 16:12:44.907,1.32419,1.32426,1.50,1.00
2016.09.27 16:12:45.009,1.32419,1.32426,1.12,1.12
2016.09.27 16:12:45.213,1.32419,1.32426,1.37,1.00
2016.09.27 16:12:45.264,1.32419,1.32426,1.37,1.00
2016.09.27 16:12:45.315,1.32423,1.32427,1.00,1.00
2016.09.27 16:12:45.366,1.32424,1.32428,1.00,1.00
2016.09.27 16:12:45.418,1.32424,1.32432,1.00,4.31
2016.09.27 16:12:45.470,1.32425,1.32432,1.50,4.12
2016.09.27 16:12:45.540,1.32427,1.32431,1.00,1.00
2016.09.27 16:12:45.592,1.32426,1.3243,2.25,2.25
2016.09.27 16:12:45.644,1.32427,1.32432,1.87,1.00
2016.09.27 16:12:45.697,1.32427,1.32433,3.00,1.00
2016.09.27 16:12:45.749,1.32428,1.32433,1.12,1.00
2016.09.27 16:12:45.802,1.32428,1.32434,1.50,1.00
2016.09.27 16:12:45.960,1.32428,1.32434,1.00,1.00
2016.09.27 16:12:46.011,1.32428,1.32437,1.00,3.37
2016.09.27 16:12:46.062,1.32428,1.32437,1.50,3.37
2016.09.27 16:12:46.114,1.32429,1.32437,1.00,1.50
2016.09.27 16:12:46.166,1.32429,1.32437,1.00,1.50
2016.09.27 16:12:46.292,1.32428,1.32436,1.87,1.31
2016.09.27 16:12:46.345,1.32428,1.32436,1.87,1.69
2016.09.27 16:12:46.396,1.32428,1.32436,1.87,1.37
2016.09.27 16:12:46.448,1.32428,1.32436,2.25,1.37
2016.09.27 16:12:46.551,1.32428,1.32436,1.87,1.37
2016.09.27 16:12:46.602,1.32428,1.32437,2.62,2.25
2016.09.27 16:12:46.653,1.3243,1.32438,1.12,1.37
2016.09.27 16:12:46.705,1.32431,1.32438,1.00,3.22
2016.09.27 16:12:46.756,1.32431,1.32438,1.37,2.85
2016.09.27 16:12:46.807,1.32431,1.32438,1.37,1.39
2016.09.27 16:12:46.863,1.32431,1.32438,1.00,1.39
2016.09.27 16:12:46.946,1.32431,1.32438,1.00,1.19
2016.09.27 16:12:46.997,1.32431,1.32438,1.00,1.39
2016.09.27 16:12:47.048,1.3243,1.32438,1.50,3.36
2016.09.27 16:12:47.099,1.3243,1.32438,1.50,4.11
2016.09.27 16:12:47.151,1.3243,1.32438,2.25,2.01
2016.09.27 16:12:47.277,1.3243,1.32438,1.50,1.83
2016.09.27 16:12:47.405,1.3243,1.32438,1.50,2.47
2016.09.27 16:12:47.501,1.3243,1.32438,1.50,1.68
2016.09.27 16:12:47.553,1.3243,1.32438,1.00,1.68
2016.09.27 16:12:47.604,1.3243,1.32438,1.00,1.87
2016.09.27 16:12:47.706,1.3243,1.32438,1.00,1.68
2016.09.27 16:12:47.819,1.32431,1.32438,1.00,1.69
2016.09.27 16:12:47.921,1.32431,1.32438,1.12,1.12
2016.09.27 16:12:48.023,1.32431,1.32438,1.12,1.31
2016.09.27 16:12:48.125,1.32431,1.32438,1.12,1.12
2016.09.27 16:12:48.177,1.32431,1.3244,1.12,4.87
2016.09.27 16:12:49.246,1.32431,1.3244,1.50,4.87
2016.09.27 16:12:49.631,1.32431,1.3244,1.50,5.02
2016.09.27 16:12:49.785,1.32432,1.3244,1.00,3.52
2016.09.27 16:12:49.836,1.32432,1.3244,1.00,3.37
2016.09.27 16:12:49.940,1.32432,1.3244,1.12,1.50
2016.09.27 16:12:50.311,1.32432,1.3244,1.12,1.87
2016.09.27 16:12:50.530,1.32432,1.3244,1.12,1.50
2016.09.27 16:12:50.734,1.32432,1.3244,1.12,1.87
2016.09.27 16:12:51.242,1.32433,1.3244,1.00,1.50
2016.09.27 16:12:51.294,1.32433,1.3244,1.00,1.50
2016.09.27 16:12:51.617,1.32433,1.3244,1.00,1.87
2016.09.27 16:12:51.820,1.32433,1.3244,1.00,1.87
2016.09.27 16:12:52.024,1.32433,1.3244,1.00,1.50
2016.09.27 16:12:52.075,1.32432,1.3244,1.87,1.50
2016.09.27 16:12:52.228,1.32432,1.3244,1.87,1.87
2016.09.27 16:12:52.540,1.32432,1.3244,1.87,1.50
2016.09.27 16:12:52.736,1.32432,1.3244,1.87,1.87
2016.09.27 16:12:52.838,1.32432,1.3244,1.87,1.50
2016.09.27 16:12:52.940,1.32432,1.3244,1.87,1.87
2016.09.27 16:12:54.145,1.32433,1.3244,1.00,1.87
2016.09.27 16:12:54.196,1.32433,1.3244,1.00,1.50
2016.09.27 16:12:54.528,1.32433,1.3244,1.00,1.87
2016.09.27 16:12:54.579,1.32432,1.3244,1.87,1.87
2016.09.27 16:12:54.630,1.32432,1.3244,1.87,2.06
2016.09.27 16:12:54.707,1.32432,1.3244,1.87,1.69
2016.09.27 16:12:54.994,1.32432,1.32439,1.87,1.12
2016.09.27 16:12:55.197,1.32432,1.32439,1.87,1.12
2016.09.27 16:12:55.300,1.32432,1.32439,1.87,1.31
2016.09.27 16:12:55.351,1.32432,1.32439,1.87,1.25
2016.09.27 16:12:55.453,1.32432,1.32439,1.50,1.25
2016.09.27 16:12:55.503,1.32432,1.32439,1.50,1.00
2016.09.27 16:12:55.777,1.32432,1.32439,1.87,1.00
2016.09.27 16:12:56.502,1.32432,1.32439,1.87,1.25
2016.09.27 16:12:56.626,1.32432,1.32439,1.87,1.00
2016.09.27 16:12:57.328,1.32432,1.32439,1.87,1.00
2016.09.27 16:12:57.393,1.32432,1.32439,1.50,1.00
2016.09.27 16:12:57.853,1.32432,1.32439,1.00,1.00
2016.09.27 16:12:57.904,1.32432,1.3244,1.00,1.12
2016.09.27 16:12:58.362,1.32432,1.3244,1.12,1.12
2016.09.27 16:12:58.413,1.32433,1.3244,1.00,1.12
2016.09.27 16:12:58.579,1.32437,1.32443,1.00,2.62
2016.09.27 16:12:58.630,1.32436,1.32444,1.00,2.25
2016.09.27 16:12:58.682,1.32436,1.32445,1.87,1.00
2016.09.27 16:12:58.734,1.32437,1.32445,1.00,1.00
2016.09.27 16:12:58.786,1.3244,1.32445,1.12,1.00
2016.09.27 16:12:58.838,1.32441,1.32448,1.00,1.50
2016.09.27 16:12:58.890,1.32441,1.32448,1.37,1.50
2016.09.27 16:12:58.942,1.32442,1.32448,1.00,1.00
2016.09.27 16:12:58.994,1.32442,1.32448,1.12,1.00
2016.09.27 16:12:59.045,1.32442,1.32448,1.50,1.00
2016.09.27 16:12:59.147,1.32442,1.32449,1.00,2.06
2016.09.27 16:12:59.271,1.32441,1.32449,1.12,2.06
2016.09.27 16:12:59.323,1.32441,1.32449,1.12,1.62
2016.09.27 16:12:59.374,1.32441,1.32449,1.00,3.56
2016.09.27 16:12:59.425,1.32441,1.32449,1.00,3.37
2016.09.27 16:12:59.578,1.3244,1.32449,1.12,3.37
2016.09.27 16:12:59.629,1.3244,1.32449,1.50,3.75
2016.09.27 16:12:59.682,1.3244,1.32449,1.50,1.87
2016.09.27 16:12:59.733,1.3244,1.32449,1.50,1.12
2016.09.27 16:12:59.937,1.3244,1.32449,1.50,1.87
2016.09.27 16:13:00.090,1.32441,1.32449,1.37,1.87
2016.09.27 16:13:00.458,1.32441,1.3245,1.37,1.37
2016.09.27 16:13:00.509,1.32441,1.3245,1.37,1.87
2016.09.27 16:13:00.613,1.32441,1.3245,1.37,1.37
2016.09.27 16:13:00.714,1.3244,1.3245,1.87,1.37
2016.09.27 16:13:00.817,1.3244,1.3245,1.87,1.87
2016.09.27 16:13:00.988,1.32442,1.3245,1.12,1.37
2016.09.27 16:13:01.040,1.32442,1.3245,1.00,3.37
2016.09.27 16:13:01.142,1.32442,1.32451,3.37,1.50
2016.09.27 16:13:01.200,1.32442,1.3245,3.37,1.00
2016.09.27 16:13:01.353,1.32442,1.3245,3.37,1.50
2016.09.27 16:13:01.505,1.32442,1.3245,3.37,1.00
2016.09.27 16:13:01.557,1.32442,1.3245,1.50,1.00
2016.09.27 16:13:01.760,1.32442,1.3245,3.37,1.00
2016.09.27 16:13:03.247,1.32442,1.3245,1.12,1.00
2016.09.27 16:13:03.418,1.32442,1.3245,1.12,1.00
2016.09.27 16:13:03.469,1.32442,1.3245,1.12,1.50
2016.09.27 16:13:03.520,1.3244,1.32448,1.75,1.31
2016.09.27 16:13:03.571,1.32439,1.32447,2.25,1.00
2016.09.27 16:13:03.623,1.32438,1.32446,3.00,1.31
2016.09.27 16:13:03.674,1.32438,1.32446,1.37,1.69
2016.09.27 16:13:03.725,1.32437,1.32446,1.37,2.44
2016.09.27 16:13:03.776,1.32438,1.32446,1.12,2.44
2016.09.27 16:13:03.827,1.32438,1.32446,1.12,3.94
2016.09.27 16:13:03.929,1.32438,1.32446,1.12,3.75
2016.09.27 16:13:04.134,1.32438,1.32445,1.12,1.50
2016.09.27 16:13:04.309,1.32438,1.32446,1.12,3.75
2016.09.27 16:13:04.512,1.32435,1.32443,3.75,1.31
2016.09.27 16:13:04.564,1.32435,1.32443,3.00,1.31
2016.09.27 16:13:04.615,1.32435,1.32442,2.62,1.25
2016.09.27 16:13:04.666,1.32435,1.32442,1.00,1.25
2016.09.27 16:13:04.768,1.32434,1.32442,1.00,1.69
2016.09.27 16:13:04.819,1.32433,1.32442,2.25,1.69
2016.09.27 16:13:04.921,1.32433,1.32442,1.50,1.50
2016.09.27 16:13:04.972,1.32433,1.32442,1.50,2.25
2016.09.27 16:13:05.145,1.32433,1.32442,1.50,1.50
2016.09.27 16:13:05.502,1.32434,1.32442,1.00,1.50
2016.09.27 16:13:05.604,1.32433,1.32442,1.50,1.50
2016.09.27 16:13:05.655,1.32433,1.32442,3.37,1.00
2016.09.27 16:13:05.757,1.32433,1.32442,1.50,1.00
2016.09.27 16:13:06.053,1.32432,1.32442,3.00,1.00
2016.09.27 16:13:06.283,1.32433,1.32442,1.50,1.50
2016.09.27 16:13:06.334,1.32433,1.32441,1.37,1.27
2016.09.27 16:13:06.385,1.32431,1.32441,2.62,2.39
2016.09.27 16:13:06.437,1.32431,1.3244,2.25,1.12
2016.09.27 16:13:06.488,1.32431,1.3244,2.25,1.00
2016.09.27 16:13:06.539,1.32431,1.32441,1.50,3.37
2016.09.27 16:13:06.590,1.32431,1.3244,1.50,1.00
2016.09.27 16:13:06.743,1.32431,1.3244,1.50,2.44
2016.09.27 16:13:06.794,1.32431,1.3244,2.25,2.44
2016.09.27 16:13:06.845,1.32431,1.3244,2.25,1.50
2016.09.27 16:13:06.952,1.32431,1.3244,2.25,2.44
2016.09.27 16:13:07.954,1.32431,1.3244,2.25,2.25
2016.09.27 16:13:08.259,1.32431,1.3244,2.25,3.19
2016.09.27 16:13:08.718,1.32431,1.3244,2.25,2.25
2016.09.27 16:13:08.820,1.32431,1.3244,2.25,3.19
2016.09.27 16:13:08.922,1.32431,1.3244,2.25,2.25
2016.09.27 16:13:09.407,1.32431,1.3244,1.50,2.25
2016.09.27 16:13:11.338,1.32431,1.3244,1.50,3.19
2016.09.27 16:13:11.441,1.32431,1.3244,1.50,2.25
2016.09.27 16:13:11.549,1.32431,1.3244,1.50,3.19
2016.09.27 16:13:11.660,1.32431,1.3244,1.50,3.00
2016.09.27 16:13:11.966,1.32431,1.3244,1.50,3.33
2016.09.27 16:13:12.068,1.32431,1.3244,1.50,3.19
2016.09.27 16:13:12.344,1.32431,1.3244,1.50,3.00
2016.09.27 16:13:12.667,1.32431,1.3244,1.50,4.08
2016.09.27 16:13:12.871,1.32431,1.3244,1.50,3.14
2016.09.27 16:13:13.329,1.32431,1.32435,1.50,1.00
2016.09.27 16:13:13.451,1.32431,1.32435,1.00,1.00
2016.09.27 16:13:13.504,1.32431,1.32435,1.00,1.50
2016.09.27 16:13:13.556,1.32431,1.32435,1.00,1.22
2016.09.27 16:13:14.046,1.32431,1.32436,1.00,1.47
2016.09.27 16:13:14.497,1.32431,1.32435,1.00,1.22
2016.09.27 16:13:14.549,1.32432,1.32436,1.00,1.00
2016.09.27 16:13:14.773,1.32431,1.32436,1.00,1.47
2016.09.27 16:13:14.825,1.3243,1.32437,2.62,2.72
2016.09.27 16:13:14.927,1.32431,1.32436,1.00,1.47
2016.09.27 16:13:15.029,1.3243,1.32437,2.62,1.97
2016.09.27 16:13:15.280,1.32431,1.32436,1.00,1.47
2016.09.27 16:13:15.432,1.3243,1.32437,2.62,1.97
2016.09.27 16:13:15.636,1.32431,1.32436,1.00,1.47
2016.09.27 16:13:15.737,1.32431,1.32436,1.50,1.47
2016.09.27 16:13:16.286,1.32431,1.32437,1.50,1.47
2016.09.27 16:13:16.696,1.32431,1.32437,1.00,1.47
2016.09.27 16:13:17.154,1.32431,1.32436,1.00,1.22
2016.09.27 16:13:17.325,1.32431,1.32437,1.00,1.47
2016.09.27 16:13:17.420,1.32431,1.32436,1.50,1.22
2016.09.27 16:13:17.576,1.32431,1.32437,1.50,1.47
2016.09.27 16:13:17.727,1.32431,1.32436,1.50,1.22
2016.09.27 16:13:17.778,1.32431,1.32436,1.00,1.22
2016.09.27 16:13:17.829,1.32431,1.32437,1.00,1.47
2016.09.27 16:13:18.260,1.32431,1.32436,1.00,1.22
2016.09.27 16:13:18.361,1.32431,1.32437,1.50,1.47
2016.09.27 16:13:18.929,1.32431,1.32436,1.50,1.22
2016.09.27 16:13:19.133,1.32431,1.32437,1.50,1.47
2016.09.27 16:13:19.336,1.32431,1.32436,1.50,1.22
2016.09.27 16:13:19.438,1.32431,1.32437,1.50,1.47
2016.09.27 16:13:20.235,1.32431,1.32436,1.50,1.22
2016.09.27 16:13:20.448,1.32431,1.32437,1.50,1.47
2016.09.27 16:13:20.753,1.32431,1.32437,1.50,1.97
2016.09.27 16:13:20.956,1.32431,1.32436,1.50,1.47
2016.09.27 16:13:21.236,1.32431,1.32437,1.50,1.97
2016.09.27 16:13:21.466,1.32431,1.32436,1.50,1.47
2016.09.27 16:13:21.569,1.32431,1.32437,1.50,1.97
2016.09.27 16:13:21.620,1.32432,1.32437,1.00,1.97
2016.09.27 16:13:22.088,1.32431,1.32437,1.00,1.22
2016.09.27 16:13:22.216,1.32431,1.32437,1.00,1.22
2016.09.27 16:13:22.267,1.32431,1.32438,1.50,1.47
2016.09.27 16:13:22.348,1.32431,1.32437,1.75,1.22
2016.09.27 16:13:22.400,1.32431,1.32437,1.87,1.22
2016.09.27 16:13:22.502,1.32431,1.32438,3.75,1.22
2016.09.27 16:13:22.604,1.32431,1.32438,3.37,1.22
2016.09.27 16:13:22.655,1.32431,1.32438,2.62,1.22
2016.09.27 16:13:22.706,1.3243,1.32438,1.50,1.47
2016.09.27 16:13:22.757,1.3243,1.32437,1.50,1.22
2016.09.27 16:13:22.808,1.32432,1.32437,1.00,1.22
2016.09.27 16:13:22.911,1.32432,1.32437,1.00,1.22
2016.09.27 16:13:23.054,1.32432,1.32438,1.50,1.22
2016.09.27 16:13:23.157,1.32432,1.32438,1.50,1.47
2016.09.27 16:13:23.362,1.32432,1.32437,1.50,1.22
2016.09.27 16:13:23.522,1.32432,1.32437,2.25,1.22
2016.09.27 16:13:23.675,1.32432,1.32438,2.25,1.47
2016.09.27 16:13:24.626,1.32433,1.32438,1.00,1.47
2016.09.27 16:13:24.677,1.32433,1.32437,1.00,1.22
2016.09.27 16:13:24.736,1.32433,1.32438,1.00,1.47
2016.09.27 16:13:24.991,1.32433,1.32438,1.37,1.22
2016.09.27 16:13:25.042,1.32433,1.32439,1.87,1.47
2016.09.27 16:13:25.195,1.32434,1.32442,1.50,1.47
2016.09.27 16:13:25.293,1.32434,1.32442,3.75,1.47
2016.09.27 16:13:25.344,1.32434,1.32441,4.12,1.22
2016.09.27 16:13:25.395,1.32434,1.32441,4.12,1.22
2016.09.27 16:13:25.446,1.32434,1.32441,3.75,1.22
2016.09.27 16:13:25.650,1.32434,1.32441,4.12,1.22
2016.09.27 16:13:25.752,1.32434,1.32442,3.75,1.47
2016.09.27 16:13:25.803,1.32434,1.32442,1.50,1.59
2016.09.27 16:13:25.854,1.32433,1.32441,1.87,1.47
2016.09.27 16:13:25.906,1.32434,1.32441,1.00,1.59
2016.09.27 16:13:25.957,1.32434,1.32439,1.00,1.22
2016.09.27 16:13:26.082,1.32434,1.3244,1.00,1.47
2016.09.27 16:13:26.184,1.32434,1.32439,1.00,1.22
2016.09.27 16:13:26.286,1.32434,1.3244,1.00,1.97
2016.09.27 16:13:26.853,1.32434,1.32439,1.00,1.22
2016.09.27 16:13:27.884,1.32434,1.3244,1.12,1.97
2016.09.27 16:13:27.935,1.32434,1.3244,1.50,1.97
2016.09.27 16:13:27.986,1.32434,1.3244,1.50,1.47
2016.09.27 16:13:29.085,1.32434,1.32439,1.50,1.22
2016.09.27 16:13:29.141,1.32434,1.3244,1.50,1.47
2016.09.27 16:13:29.890,1.32434,1.32441,1.50,1.97
2016.09.27 16:13:29.992,1.32434,1.3244,1.50,1.47
2016.09.27 16:13:30.043,1.32434,1.32441,1.50,1.97
2016.09.27 16:13:30.666,1.32434,1.3244,1.50,1.47
2016.09.27 16:13:30.769,1.32434,1.32441,1.50,1.97
2016.09.27 16:13:31.599,1.32434,1.32441,1.37,1.97
2016.09.27 16:13:31.650,1.32434,1.32441,1.12,2.34
2016.09.27 16:13:31.872,1.32434,1.3244,1.50,1.22
2016.09.27 16:13:31.972,1.32434,1.32441,1.12,2.34
2016.09.27 16:13:32.277,1.32434,1.3244,1.12,1.47
2016.09.27 16:13:32.572,1.32434,1.32441,1.12,2.34
2016.09.27 16:13:32.827,1.32432,1.32441,2.25,2.34
2016.09.27 16:13:33.148,1.32432,1.3244,2.25,1.47
2016.09.27 16:13:33.250,1.32432,1.32441,2.25,2.34
2016.09.27 16:13:33.301,1.32434,1.32441,1.00,3.09
2016.09.27 16:13:33.352,1.32432,1.32441,4.12,2.72
2016.09.27 16:13:33.454,1.32432,1.3244,4.12,1.47
2016.09.27 16:13:33.748,1.32432,1.32441,4.12,2.72
2016.09.27 16:13:34.149,1.32432,1.3244,4.12,1.47
2016.09.27 16:13:34.352,1.32432,1.32441,4.12,2.72
2016.09.27 16:13:34.454,1.32433,1.32441,1.00,2.57
2016.09.27 16:13:34.505,1.32434,1.32441,1.00,1.35
2016.09.27 16:13:34.556,1.32434,1.3244,1.12,1.35
2016.09.27 16:13:34.608,1.32434,1.3244,1.12,1.00
2016.09.27 16:13:34.730,1.32434,1.3244,1.00,1.60
2016.09.27 16:13:34.783,1.32434,1.3244,1.00,1.37
2016.09.27 16:13:35.039,1.32434,1.32441,1.00,3.37
2016.09.27 16:13:35.091,1.32437,1.32441,1.50,2.25
2016.09.27 16:13:35.142,1.32437,1.32442,1.50,1.37
2016.09.27 16:13:35.194,1.32439,1.32443,1.00,3.00
2016.09.27 16:13:35.289,1.32439,1.32443,1.00,1.12
2016.09.27 16:13:35.697,1.32437,1.32443,1.00,1.12
2016.09.27 16:13:35.828,1.32436,1.32443,1.50,1.12
2016.09.27 16:13:35.931,1.32439,1.32443,1.00,1.12
2016.09.27 16:13:35.982,1.32439,1.32444,1.50,1.87
2016.09.27 16:13:36.033,1.32439,1.32444,1.00,1.50
2016.09.27 16:13:36.238,1.32439,1.32444,1.50,1.50
2016.09.27 16:13:36.289,1.32439,1.32444,1.50,1.87
2016.09.27 16:13:36.340,1.32439,1.32444,1.50,2.62
2016.09.27 16:13:36.391,1.32437,1.32441,2.25,1.00
2016.09.27 16:13:36.544,1.32438,1.32442,1.00,1.12
2016.09.27 16:13:36.646,1.32437,1.32441,1.50,1.00
2016.09.27 16:13:36.698,1.32436,1.32443,1.50,1.37
2016.09.27 16:13:36.749,1.32436,1.32443,1.50,1.00
2016.09.27 16:13:36.919,1.32437,1.32443,1.00,1.00
2016.09.27 16:13:36.977,1.32436,1.32443,1.50,1.00
2016.09.27 16:13:37.040,1.32437,1.32443,1.00,1.00
2016.09.27 16:13:37.142,1.32436,1.32443,1.50,1.00
2016.09.27 16:13:37.243,1.32437,1.32443,1.00,1.00
2016.09.27 16:13:37.447,1.32436,1.32443,1.50,1.00
2016.09.27 16:13:37.751,1.32437,1.32443,1.00,1.00
2016.09.27 16:13:38.107,1.32437,1.32443,1.50,1.00
2016.09.27 16:13:38.983,1.32437,1.32441,1.00,1.00
2016.09.27 16:13:39.034,1.32436,1.32441,1.00,1.12
2016.09.27 16:13:39.136,1.32436,1.32441,1.00,1.00
2016.09.27 16:13:39.248,1.32436,1.32441,1.50,1.00
2016.09.27 16:13:39.863,1.32436,1.3244,1.50,1.00
2016.09.27 16:13:40.068,1.32436,1.3244,1.00,1.00
2016.09.27 16:13:40.170,1.32434,1.3244,1.50,1.00
2016.09.27 16:13:40.425,1.32435,1.3244,1.00,1.00
2016.09.27 16:13:40.528,1.32435,1.3244,1.00,1.12
2016.09.27 16:13:40.630,1.32434,1.3244,1.50,1.12
2016.09.27 16:13:41.365,1.32435,1.3244,1.00,1.12
2016.09.27 16:13:41.726,1.32433,1.3244,1.50,1.12
2016.09.27 16:13:41.944,1.32433,1.3244,1.50,1.00
2016.09.27 16:13:43.091,1.32433,1.3244,1.00,1.00
2016.09.27 16:13:43.633,1.32432,1.3244,2.25,1.00
2016.09.27 16:13:44.239,1.32432,1.3244,2.25,1.00
2016.09.27 16:13:44.442,1.32432,1.3244,2.25,1.19
2016.09.27 16:13:44.544,1.32433,1.3244,1.00,1.39
2016.09.27 16:13:44.844,1.32432,1.3244,2.25,1.19
2016.09.27 16:13:45.149,1.32433,1.3244,1.00,1.39
2016.09.27 16:13:48.759,1.32432,1.3244,1.50,1.19
2016.09.27 16:13:48.881,1.32432,1.3244,1.00,1.19
2016.09.27 16:13:49.057,1.32432,1.3244,1.50,1.39
2016.09.27 16:13:49.464,1.32432,1.3244,1.00,1.19
2016.09.27 16:13:49.768,1.32432,1.3244,1.50,1.19
2016.09.27 16:13:49.972,1.32432,1.3244,1.00,1.25
2016.09.27 16:13:50.074,1.32432,1.3244,1.00,1.00
2016.09.27 16:13:50.176,1.32432,1.3244,1.50,1.39
2016.09.27 16:13:50.227,1.32433,1.3244,1.00,1.39
2016.09.27 16:13:50.293,1.32433,1.3244,1.00,1.25
2016.09.27 16:13:50.344,1.32433,1.3244,1.00,1.00
2016.09.27 16:13:51.013,1.32432,1.3244,1.50,1.00
2016.09.27 16:13:51.065,1.32432,1.3244,2.25,1.25
2016.09.27 16:13:51.167,1.32433,1.3244,1.00,1.00
2016.09.27 16:13:51.269,1.32432,1.3244,2.25,1.00
2016.09.27 16:13:51.371,1.32433,1.3244,1.12,1.00
2016.09.27 16:13:51.422,1.32433,1.32442,1.87,1.12
2016.09.27 16:13:51.539,1.32433,1.32442,2.25,1.12
2016.09.27 16:13:51.593,1.32433,1.32442,4.12,1.00
2016.09.27 16:13:51.644,1.32433,1.32442,4.12,1.12
2016.09.27 16:13:51.695,1.32433,1.32442,2.25,1.50
2016.09.27 16:13:51.848,1.32434,1.32442,1.00,1.50
2016.09.27 16:13:51.950,1.32433,1.32442,3.00,1.50
2016.09.27 16:13:52.052,1.32434,1.32442,1.12,1.50
2016.09.27 16:13:52.154,1.32433,1.32442,3.00,1.50
2016.09.27 16:13:52.256,1.32433,1.32442,3.00,1.50
2016.09.27 16:13:52.345,1.32434,1.32442,1.00,1.50
2016.09.27 16:13:52.600,1.32434,1.32442,1.50,1.50
2016.09.27 16:13:52.702,1.32434,1.32442,2.25,1.50
2016.09.27 16:13:52.753,1.32434,1.32442,1.50,1.50
2016.09.27 16:13:52.804,1.32433,1.32442,2.25,1.50
2016.09.27 16:13:52.855,1.32433,1.32442,1.87,1.50
2016.09.27 16:13:52.906,1.32433,1.32442,1.87,3.75
2016.09.27 16:13:52.957,1.32433,1.32442,1.12,3.75
2016.09.27 16:13:53.009,1.32433,1.32441,1.00,2.62
2016.09.27 16:13:53.213,1.32433,1.32441,1.50,2.62
2016.09.27 16:13:53.442,1.32433,1.32441,2.25,2.62
2016.09.27 16:13:53.545,1.32433,1.32441,1.50,2.62
2016.09.27 16:13:53.647,1.32433,1.32441,2.25,2.62
2016.09.27 16:13:54.368,1.32433,1.32441,1.50,2.62
2016.09.27 16:13:55.265,1.32434,1.32441,1.00,2.62
2016.09.27 16:13:55.835,1.32433,1.32441,1.00,2.62
2016.09.27 16:13:56.086,1.32433,1.32441,1.50,2.62
2016.09.27 16:13:56.466,1.32433,1.32441,1.00,2.62
2016.09.27 16:13:56.568,1.32433,1.32441,1.50,2.62
2016.09.27 16:13:56.772,1.32433,1.32441,1.00,2.62
2016.09.27 16:13:56.976,1.32433,1.32441,1.00,2.62
2016.09.27 16:13:57.027,1.32433,1.32441,1.00,2.25
2016.09.27 16:13:57.078,1.32433,1.32443,3.19,3.37
2016.09.27 16:13:57.165,1.32435,1.32443,1.25,3.37
2016.09.27 16:13:57.217,1.32435,1.32443,1.25,2.62
2016.09.27 16:13:57.268,1.32435,1.32443,1.50,2.25
2016.09.27 16:13:57.319,1.32435,1.32444,1.87,1.50
2016.09.27 16:13:57.424,1.32434,1.32443,1.87,1.50
2016.09.27 16:13:57.476,1.32434,1.32442,1.50,1.00
2016.09.27 16:13:57.527,1.32434,1.32442,1.00,1.50
2016.09.27 16:13:57.578,1.32433,1.32442,2.06,3.37
2016.09.27 16:13:57.680,1.32433,1.32442,3.19,3.37
2016.09.27 16:13:57.782,1.32433,1.32442,3.19,3.37
2016.09.27 16:13:57.885,1.32433,1.32442,2.06,3.37
2016.09.27 16:13:58.240,1.32433,1.32442,2.06,2.62
2016.09.27 16:13:58.625,1.32434,1.32442,1.00,2.62
2016.09.27 16:13:58.677,1.32434,1.32442,1.69,2.62
2016.09.27 16:13:58.728,1.32434,1.32442,2.06,2.25
2016.09.27 16:13:58.780,1.32434,1.32443,1.87,1.50
2016.09.27 16:13:59.187,1.32435,1.32443,1.00,1.50
2016.09.27 16:14:00.021,1.32435,1.32444,1.00,4.12
2016.09.27 16:14:00.182,1.32434,1.32444,2.25,4.12
2016.09.27 16:14:00.261,1.32435,1.32444,1.00,4.12
2016.09.27 16:14:00.566,1.32434,1.32443,1.87,2.62
2016.09.27 16:14:00.617,1.32434,1.32441,1.50,1.00
2016.09.27 16:14:00.719,1.32434,1.32441,1.00,1.00
2016.09.27 16:14:00.872,1.32434,1.32441,2.25,1.00
2016.09.27 16:14:01.075,1.32434,1.32441,1.50,1.00
2016.09.27 16:14:01.228,1.32434,1.32441,1.00,1.00
2016.09.27 16:14:01.995,1.32433,1.32441,1.00,1.00
2016.09.27 16:14:02.609,1.32433,1.32441,1.50,1.00
2016.09.27 16:14:03.076,1.32433,1.32441,2.81,1.00
2016.09.27 16:14:03.128,1.32434,1.32441,1.31,1.00
2016.09.27 16:14:03.179,1.32434,1.32443,1.31,3.00
2016.09.27 16:14:03.231,1.32434,1.32443,2.44,1.37
2016.09.27 16:14:03.282,1.32435,1.32444,1.12,3.37
2016.09.27 16:14:03.436,1.32435,1.32443,1.00,2.62
2016.09.27 16:14:03.487,1.32434,1.32443,2.62,2.62
2016.09.27 16:14:03.589,1.32435,1.32443,1.00,2.62
2016.09.27 16:14:03.895,1.32434,1.32443,2.62,2.62
2016.09.27 16:14:03.997,1.32435,1.32443,1.00,2.62
2016.09.27 16:14:04.337,1.32435,1.32442,1.00,1.37
2016.09.27 16:14:04.388,1.32434,1.32442,1.12,1.37
2016.09.27 16:14:04.597,1.32433,1.32442,2.62,1.37
2016.09.27 16:14:04.751,1.32435,1.32442,1.00,1.37
2016.09.27 16:14:04.802,1.32435,1.32442,1.00,1.37
2016.09.27 16:14:04.854,1.32435,1.32443,1.00,3.00
2016.09.27 16:14:04.906,1.32435,1.32443,1.12,1.37
2016.09.27 16:14:05.235,1.32435,1.32444,1.12,2.62
2016.09.27 16:14:05.291,1.32435,1.32444,1.12,2.62
2016.09.27 16:14:05.342,1.32435,1.32445,1.50,2.25
2016.09.27 16:14:05.393,1.32435,1.32445,1.50,3.00
2016.09.27 16:14:05.495,1.32435,1.32445,2.25,2.25
2016.09.27 16:14:05.853,1.32435,1.32445,2.25,1.87
2016.09.27 16:14:05.981,1.32435,1.32445,2.25,1.37
2016.09.27 16:14:06.032,1.32438,1.32445,1.00,1.37
2016.09.27 16:14:06.084,1.32441,1.32446,1.25,3.37
2016.09.27 16:14:06.135,1.32441,1.32445,1.25,2.25
2016.09.27 16:14:06.238,1.32443,1.32447,1.00,2.62
2016.09.27 16:14:06.289,1.32443,1.32449,1.00,2.62
2016.09.27 16:14:06.341,1.32443,1.3245,1.00,2.25
2016.09.27 16:14:06.494,1.32443,1.32449,1.00,1.12
2016.09.27 16:14:06.597,1.32443,1.3245,1.50,2.25
2016.09.27 16:14:06.693,1.32443,1.3245,1.56,1.50
2016.09.27 16:14:06.745,1.32444,1.32453,2.06,2.25
2016.09.27 16:14:06.796,1.32444,1.32453,1.50,1.50
2016.09.27 16:14:06.847,1.32444,1.32453,1.50,3.00
2016.09.27 16:14:06.898,1.32444,1.32453,1.50,3.00
2016.09.27 16:14:06.976,1.32445,1.32453,1.37,3.00
2016.09.27 16:14:07.028,1.32445,1.32453,2.06,3.00
2016.09.27 16:14:07.080,1.3245,1.32455,1.00,7.12
2016.09.27 16:14:07.132,1.3245,1.32454,1.00,4.50
2016.09.27 16:14:07.184,1.32448,1.32453,1.18,2.62
2016.09.27 16:14:07.235,1.32451,1.32455,1.00,2.25
2016.09.27 16:14:07.286,1.32451,1.32456,1.00,1.00
2016.09.27 16:14:07.405,1.3245,1.32457,1.18,3.37
2016.09.27 16:14:07.477,1.3245,1.32456,1.68,1.00
2016.09.27 16:14:07.528,1.3245,1.32456,1.68,1.12
2016.09.27 16:14:07.579,1.3245,1.32456,1.18,1.50
2016.09.27 16:14:07.630,1.32449,1.32456,1.68,1.50
2016.09.27 16:14:07.681,1.32449,1.32456,1.24,1.50
2016.09.27 16:14:07.784,1.32449,1.32456,1.24,1.00
2016.09.27 16:14:07.891,1.32449,1.32456,1.18,1.00
2016.09.27 16:14:08.798,1.32449,1.32456,1.18,1.00
2016.09.27 16:14:11.504,1.32449,1.32456,1.18,1.00
2016.09.27 16:14:11.555,1.32449,1.32459,1.31,1.50
2016.09.27 16:14:11.708,1.32449,1.32459,1.31,1.50
2016.09.27 16:14:11.810,1.32449,1.32459,1.31,1.50
2016.09.27 16:14:12.073,1.32449,1.32459,3.56,1.50
2016.09.27 16:14:12.476,1.32449,1.32459,1.31,1.50
2016.09.27 16:14:13.895,1.3245,1.32459,1.00,1.50
2016.09.27 16:14:13.997,1.3245,1.32459,1.00,1.50
2016.09.27 16:14:14.063,1.32451,1.3246,1.00,1.50
2016.09.27 16:14:14.115,1.32451,1.3246,1.25,1.50
2016.09.27 16:14:14.168,1.32451,1.3246,1.68,1.00
2016.09.27 16:14:14.219,1.32452,1.3246,1.31,1.00
2016.09.27 16:14:14.300,1.32452,1.32461,1.69,3.00
2016.09.27 16:14:14.352,1.32452,1.32461,1.31,1.87
2016.09.27 16:14:14.403,1.32452,1.32461,1.25,2.25
2016.09.27 16:14:14.455,1.32452,1.32461,1.62,2.25
2016.09.27 16:14:14.507,1.32452,1.32461,1.87,1.87
2016.09.27 16:14:14.610,1.32452,1.32461,1.87,2.25
2016.09.27 16:14:14.813,1.32452,1.32461,1.50,2.25
2016.09.27 16:14:15.170,1.32452,1.32461,1.87,2.25
2016.09.27 16:14:15.221,1.32452,1.32461,1.50,2.25
2016.09.27 16:14:15.390,1.32452,1.32461,1.87,1.50
2016.09.27 16:14:15.494,1.32452,1.32461,1.69,1.00
2016.09.27 16:14:15.698,1.32452,1.32461,1.50,1.00
2016.09.27 16:14:15.902,1.32454,1.32461,1.25,1.00
2016.09.27 16:14:16.079,1.32454,1.32463,1.87,1.87
2016.09.27 16:14:16.182,1.32454,1.32463,1.50,2.62
2016.09.27 16:14:16.243,1.32454,1.32463,1.50,1.87
2016.09.27 16:14:16.498,1.32454,1.32463,1.87,1.87
2016.09.27 16:14:16.599,1.32454,1.32463,1.50,1.87
2016.09.27 16:14:16.701,1.32454,1.32463,1.50,1.87
2016.09.27 16:14:16.803,1.32454,1.32463,1.87,1.87
2016.09.27 16:14:17.069,1.32454,1.32463,1.87,1.12
2016.09.27 16:14:17.489,1.32454,1.32463,1.50,1.12
2016.09.27 16:14:18.090,1.32455,1.32463,1.12,1.00
2016.09.27 16:14:18.142,1.32455,1.32465,1.50,1.12
2016.09.27 16:14:18.193,1.32456,1.32465,1.50,1.87
2016.09.27 16:14:18.296,1.32456,1.32466,1.50,4.72
2016.09.27 16:14:18.348,1.32457,1.32466,1.00,3.37
2016.09.27 16:14:18.399,1.32457,1.32466,1.00,3.75
2016.09.27 16:14:18.450,1.32456,1.32465,1.68,2.62
2016.09.27 16:14:18.501,1.32456,1.32465,1.68,2.62
2016.09.27 16:14:18.694,1.32457,1.32466,1.00,2.10
2016.09.27 16:14:18.745,1.32457,1.32464,1.00,1.30
2016.09.27 16:14:19.192,1.32457,1.32466,1.00,3.97
2016.09.27 16:14:19.244,1.32457,1.32466,1.00,1.87
2016.09.27 16:14:20.402,1.32457,1.32466,1.00,2.62
2016.09.27 16:14:21.818,1.32457,1.32466,1.00,1.87
2016.09.27 16:14:22.003,1.32457,1.32466,1.00,2.62
2016.09.27 16:14:23.373,1.32457,1.32466,1.00,3.37
2016.09.27 16:14:23.478,1.32457,1.32463,1.00,1.00
2016.09.27 16:14:23.531,1.32454,1.32461,3.37,1.50
2016.09.27 16:14:23.584,1.32453,1.3246,2.62,1.50
2016.09.27 16:14:23.635,1.32453,1.3246,2.25,1.50
2016.09.27 16:14:23.687,1.32453,1.3246,1.12,3.75
2016.09.27 16:14:23.738,1.32453,1.32458,1.12,1.00
2016.09.27 16:14:23.789,1.32452,1.32458,1.00,1.50
2016.09.27 16:14:23.841,1.32452,1.32458,1.00,1.12
2016.09.27 16:14:23.892,1.32449,1.32458,1.50,1.50
2016.09.27 16:14:23.943,1.32449,1.32458,1.50,1.50
2016.09.27 16:14:23.995,1.3245,1.32458,1.00,1.00
2016.09.27 16:14:24.735,1.3245,1.32458,1.00,1.25
2016.09.27 16:14:24.786,1.3245,1.32458,1.00,1.00
2016.09.27 16:14:25.111,1.3245,1.32458,1.00,1.25
2016.09.27 16:14:25.213,1.3245,1.32458,1.00,1.00
2016.09.27 16:14:25.813,1.3245,1.32458,1.00,1.50
2016.09.27 16:14:25.864,1.32449,1.32458,1.00,1.50
2016.09.27 16:14:25.916,1.3245,1.32458,1.00,1.12
2016.09.27 16:14:26.928,1.3245,1.32458,1.00,1.00
2016.09.27 16:14:26.979,1.3245,1.32458,1.00,2.62
2016.09.27 16:14:27.234,1.3245,1.32458,1.00,3.00
2016.09.27 16:14:27.437,1.3245,1.32458,1.00,3.00
2016.09.27 16:14:27.488,1.3245,1.32458,1.00,3.75
2016.09.27 16:14:27.539,1.32448,1.32458,1.56,4.31
2016.09.27 16:14:27.665,1.32449,1.32458,1.00,2.44
2016.09.27 16:14:27.716,1.32449,1.32458,1.50,3.14
2016.09.27 16:14:27.819,1.32449,1.32457,1.50,1.00
2016.09.27 16:14:27.921,1.32449,1.32458,1.50,1.87
2016.09.27 16:14:28.327,1.32449,1.32458,1.50,2.06
2016.09.27 16:14:28.545,1.32449,1.32458,1.50,1.87
2016.09.27 16:14:28.918,1.32449,1.32458,1.50,2.06
2016.09.27 16:14:29.433,1.32449,1.32458,1.50,1.87
2016.09.27 16:14:29.535,1.32449,1.32458,1.50,2.06
2016.09.27 16:14:29.586,1.32449,1.32458,1.50,2.81
2016.09.27 16:14:29.637,1.32449,1.32458,1.50,3.37
2016.09.27 16:14:29.704,1.32449,1.32457,1.50,1.12
2016.09.27 16:14:29.756,1.32449,1.32457,1.12,1.50
2016.09.27 16:14:29.808,1.32449,1.32457,1.00,3.75
2016.09.27 16:14:29.962,1.32449,1.32457,1.00,3.37
2016.09.27 16:14:30.014,1.32449,1.32456,1.00,2.62
2016.09.27 16:14:30.320,1.32449,1.32456,1.00,2.25
2016.09.27 16:14:30.396,1.32449,1.32457,1.00,1.12
2016.09.27 16:14:30.705,1.32449,1.32457,1.00,1.83
2016.09.27 16:14:30.756,1.32447,1.32457,1.50,2.95
2016.09.27 16:14:30.807,1.32447,1.32456,1.50,1.38
2016.09.27 16:14:31.012,1.32447,1.32456,1.50,1.00
2016.09.27 16:14:31.202,1.32447,1.32456,1.50,1.19
2016.09.27 16:14:31.317,1.32447,1.32456,1.50,1.00
2016.09.27 16:14:31.522,1.32447,1.32456,1.50,1.19
2016.09.27 16:14:31.626,1.32447,1.32456,1.50,1.00
2016.09.27 16:14:31.932,1.32447,1.32456,1.68,1.00
2016.09.27 16:14:32.364,1.32448,1.32456,1.12,1.00
2016.09.27 16:14:32.415,1.32449,1.32457,1.00,1.12
2016.09.27 16:14:32.487,1.3245,1.32457,1.00,3.75
2016.09.27 16:14:32.540,1.3245,1.32455,1.00,1.00
2016.09.27 16:14:32.594,1.3245,1.32456,1.00,1.87
2016.09.27 16:14:32.646,1.3245,1.32456,1.00,1.50
2016.09.27 16:14:32.698,1.3245,1.32456,1.37,1.50
2016.09.27 16:14:32.749,1.32451,1.32456,1.00,1.50
2016.09.27 16:14:32.899,1.32451,1.32455,1.00,1.00
2016.09.27 16:14:33.103,1.32451,1.32456,1.00,1.50
2016.09.27 16:14:33.205,1.3245,1.32455,1.37,1.00
2016.09.27 16:14:33.256,1.3245,1.32455,1.00,1.00
2016.09.27 16:14:33.431,1.32449,1.32456,1.50,1.50
2016.09.27 16:14:33.483,1.32451,1.32456,1.00,1.50
2016.09.27 16:14:33.534,1.32451,1.32455,1.00,1.00
2016.09.27 16:14:33.800,1.32451,1.32457,1.00,1.50
2016.09.27 16:14:34.004,1.32451,1.32456,1.00,1.00
2016.09.27 16:14:34.438,1.32451,1.32457,1.00,1.50
2016.09.27 16:14:34.645,1.32451,1.32456,1.00,1.00
2016.09.27 16:14:35.105,1.32451,1.32457,1.00,1.50
2016.09.27 16:14:35.488,1.32449,1.32457,1.00,1.50
2016.09.27 16:14:35.540,1.32449,1.32454,1.00,1.00
2016.09.27 16:14:35.660,1.32448,1.32452,1.00,1.12
2016.09.27 16:14:35.712,1.32446,1.3245,1.00,1.00
2016.09.27 16:14:35.763,1.32447,1.32451,1.00,1.50
2016.09.27 16:14:35.815,1.32444,1.32451,3.00,2.25
2016.09.27 16:14:35.866,1.32444,1.3245,1.00,1.00
2016.09.27 16:14:35.918,1.32445,1.3245,1.00,1.87
2016.09.27 16:14:36.020,1.32445,1.32449,1.00,1.12
2016.09.27 16:14:36.071,1.32444,1.32448,1.00,1.50
2016.09.27 16:14:36.122,1.32445,1.32449,1.00,1.87
2016.09.27 16:14:36.225,1.32441,1.32448,3.37,1.50
2016.09.27 16:14:36.276,1.32441,1.32448,2.62,1.50
2016.09.27 16:14:36.448,1.32441,1.32448,1.87,1.00
2016.09.27 16:14:36.550,1.32441,1.32448,1.87,1.50
2016.09.27 16:14:36.652,1.32441,1.32448,1.37,1.00
2016.09.27 16:14:36.805,1.32441,1.32448,1.37,1.50
2016.09.27 16:14:36.856,1.32441,1.32448,1.37,1.00
2016.09.27 16:14:36.907,1.32441,1.32449,1.37,1.87
2016.09.27 16:14:37.215,1.32441,1.32449,1.37,1.12
2016.09.27 16:14:37.546,1.32441,1.32449,1.37,1.87
2016.09.27 16:14:37.750,1.32441,1.32449,1.37,1.12
2016.09.27 16:14:38.005,1.32441,1.32449,1.37,1.87
2016.09.27 16:14:38.853,1.32441,1.32447,1.37,1.50
2016.09.27 16:14:38.955,1.32441,1.32447,1.37,1.00
2016.09.27 16:14:39.006,1.32441,1.32447,1.37,1.50
2016.09.27 16:14:39.108,1.32441,1.32447,1.37,1.00
2016.09.27 16:14:39.210,1.32441,1.32447,1.37,1.50
2016.09.27 16:14:39.313,1.32441,1.32447,1.37,1.00
2016.09.27 16:14:39.415,1.32441,1.32447,1.37,1.50
2016.09.27 16:14:39.617,1.32441,1.32447,1.37,1.00
2016.09.27 16:14:39.770,1.32441,1.32449,1.37,1.12
2016.09.27 16:14:39.821,1.32441,1.32449,1.37,1.87
2016.09.27 16:14:40.025,1.32441,1.32449,1.37,1.12
2016.09.27 16:14:40.407,1.32441,1.32449,1.37,1.87
2016.09.27 16:14:40.622,1.32441,1.32449,1.37,1.12
2016.09.27 16:14:40.944,1.3244,1.32447,1.50,1.00
2016.09.27 16:14:41.046,1.32439,1.32448,1.12,1.87
2016.09.27 16:14:41.149,1.32439,1.32448,1.00,3.00
2016.09.27 16:14:41.200,1.32439,1.32448,1.00,3.37
2016.09.27 16:14:41.460,1.32439,1.32448,1.00,3.37
2016.09.27 16:14:41.511,1.32439,1.32447,1.00,1.00
2016.09.27 16:14:42.412,1.32439,1.32447,1.00,1.50
2016.09.27 16:14:42.464,1.32439,1.32446,1.00,1.00
2016.09.27 16:14:42.576,1.32438,1.32446,1.12,1.00
2016.09.27 16:14:42.729,1.32438,1.32446,1.12,1.50
2016.09.27 16:14:42.932,1.32438,1.32446,1.12,1.00
2016.09.27 16:14:43.085,1.32439,1.32446,1.00,1.00
2016.09.27 16:14:43.136,1.32439,1.32446,1.00,1.50
2016.09.27 16:14:43.438,1.32439,1.32446,1.00,1.12
2016.09.27 16:14:44.239,1.32439,1.32446,1.00,1.00
2016.09.27 16:14:44.341,1.32439,1.32447,1.00,2.25
2016.09.27 16:14:44.443,1.32439,1.32446,1.00,1.00
2016.09.27 16:14:44.564,1.32439,1.32447,1.00,2.25
2016.09.27 16:14:44.718,1.32439,1.32446,1.00,1.00
2016.09.27 16:14:44.865,1.32439,1.32447,1.00,2.25
2016.09.27 16:14:44.966,1.32439,1.32447,1.00,3.00
2016.09.27 16:14:45.124,1.32439,1.32446,1.00,1.00
2016.09.27 16:14:45.313,1.32439,1.32446,1.00,1.25
2016.09.27 16:14:45.378,1.32438,1.32445,1.00,1.19
2016.09.27 16:14:45.429,1.32438,1.32445,1.00,1.00
2016.09.27 16:14:45.634,1.32438,1.32446,1.00,2.25
2016.09.27 16:14:45.940,1.32438,1.32445,1.00,1.00
2016.09.27 16:14:46.042,1.32438,1.32446,1.00,2.25
2016.09.27 16:14:46.160,1.32438,1.32445,1.00,1.00
2016.09.27 16:14:46.263,1.32438,1.32446,1.00,2.25
2016.09.27 16:14:46.440,1.32438,1.32445,1.00,1.00
2016.09.27 16:14:46.644,1.32438,1.32446,1.00,1.50
2016.09.27 16:14:46.903,1.32438,1.32446,1.50,1.50
2016.09.27 16:14:46.971,1.32438,1.32446,1.50,2.25
2016.09.27 16:14:47.022,1.32438,1.32446,1.50,1.50
2016.09.27 16:14:47.074,1.32438,1.32446,1.00,4.12
2016.09.27 16:14:47.367,1.32438,1.32446,1.00,4.87
2016.09.27 16:14:47.418,1.32438,1.32446,1.00,4.12
2016.09.27 16:14:47.674,1.32438,1.32446,1.00,1.87
2016.09.27 16:14:47.928,1.32438,1.32446,1.00,2.62
2016.09.27 16:14:48.131,1.32438,1.32446,1.00,1.87
2016.09.27 16:14:48.233,1.32438,1.32446,1.00,2.62
2016.09.27 16:14:48.461,1.32438,1.32446,1.00,1.87
2016.09.27 16:14:48.564,1.32438,1.32446,1.00,1.12
2016.09.27 16:14:48.719,1.32438,1.32446,1.00,2.25
2016.09.27 16:14:48.923,1.32438,1.32446,1.00,1.12
2016.09.27 16:14:49.655,1.32438,1.32446,1.00,1.87
2016.09.27 16:14:49.766,1.32438,1.32446,1.00,2.62
2016.09.27 16:14:50.051,1.32438,1.32446,1.00,1.87
2016.09.27 16:14:50.458,1.32438,1.32446,1.00,2.06
2016.09.27 16:14:50.560,1.32438,1.32446,1.00,2.81
2016.09.27 16:14:50.770,1.32438,1.32446,1.00,1.87
2016.09.27 16:14:51.354,1.32438,1.32446,1.00,2.81
2016.09.27 16:14:51.456,1.32438,1.32446,1.00,1.87
2016.09.27 16:14:52.160,1.32438,1.32446,1.00,1.12
2016.09.27 16:14:52.628,1.32438,1.32446,1.00,2.06
2016.09.27 16:14:53.041,1.32438,1.32446,1.00,1.12
2016.09.27 16:14:53.652,1.32438,1.32446,1.00,2.06
2016.09.27 16:14:53.754,1.32438,1.32446,1.00,1.12
2016.09.27 16:14:53.856,1.32438,1.32446,1.00,2.06
2016.09.27 16:14:54.071,1.32438,1.32446,1.00,1.12
2016.09.27 16:14:54.964,1.32438,1.32446,1.00,2.06
2016.09.27 16:14:55.067,1.32438,1.32446,1.00,1.12
2016.09.27 16:14:55.170,1.32438,1.32446,1.00,1.87
2016.09.27 16:14:55.295,1.32439,1.32446,1.00,1.12
2016.09.27 16:14:55.474,1.3244,1.32448,1.12,1.50
2016.09.27 16:14:55.731,1.3244,1.32448,1.12,2.25
2016.09.27 16:14:55.783,1.3244,1.32448,1.12,1.50
2016.09.27 16:14:55.885,1.32441,1.32448,1.00,1.50
2016.09.27 16:14:55.936,1.32441,1.32449,1.31,4.12
2016.09.27 16:14:55.987,1.32442,1.32449,1.25,1.00
2016.09.27 16:14:56.114,1.32443,1.3245,1.00,1.87
2016.09.27 16:14:56.165,1.32443,1.3245,1.69,1.00
2016.09.27 16:14:56.217,1.32445,1.3245,1.00,1.00
2016.09.27 16:14:56.473,1.32445,1.32452,1.00,1.50
2016.09.27 16:14:56.575,1.32445,1.32452,1.00,1.00
2016.09.27 16:14:56.954,1.32445,1.32452,1.00,1.50
2016.09.27 16:14:57.269,1.32445,1.32452,1.00,1.00
2016.09.27 16:14:57.472,1.32445,1.32452,1.00,1.50
2016.09.27 16:14:57.536,1.32445,1.32452,1.00,1.00
2016.09.27 16:14:57.848,1.32445,1.32452,1.00,1.50
2016.09.27 16:14:58.052,1.32445,1.32452,1.00,1.00
2016.09.27 16:14:58.153,1.32445,1.32453,1.00,1.12
2016.09.27 16:14:58.471,1.32445,1.32453,1.00,1.87
2016.09.27 16:14:58.573,1.32445,1.32453,1.00,1.12
2016.09.27 16:14:58.980,1.32445,1.32453,1.00,1.87
2016.09.27 16:14:59.445,1.32445,1.32453,1.00,1.12
2016.09.27 16:14:59.497,1.32448,1.32454,1.00,2.25
2016.09.27 16:14:59.549,1.32449,1.32454,1.00,1.50
2016.09.27 16:14:59.600,1.3245,1.32454,1.00,1.00
2016.09.27 16:14:59.703,1.3245,1.32455,1.50,1.00
2016.09.27 16:14:59.805,1.3245,1.32455,2.25,1.00
2016.09.27 16:14:59.958,1.3245,1.32457,2.25,1.50
2016.09.27 16:15:00.378,1.3245,1.32457,2.25,1.00
2016.09.27 16:15:00.480,1.3245,1.32457,2.25,1.50
2016.09.27 16:15:00.582,1.3245,1.32457,2.25,1.00
2016.09.27 16:15:01.475,1.3245,1.32457,2.25,1.50
2016.09.27 16:15:01.780,1.3245,1.32457,2.25,1.00
2016.09.27 16:15:01.882,1.3245,1.32458,2.25,1.50
2016.09.27 16:15:01.984,1.3245,1.32457,2.25,1.00
2016.09.27 16:15:02.086,1.3245,1.32458,2.25,1.50
2016.09.27 16:15:02.444,1.3245,1.32458,2.25,1.50
2016.09.27 16:15:02.600,1.3245,1.32458,2.25,1.50
2016.09.27 16:15:02.651,1.32451,1.32458,1.00,1.00
2016.09.27 16:15:02.703,1.32451,1.32459,1.00,1.50
2016.09.27 16:15:02.754,1.32451,1.32459,1.00,2.25
2016.09.27 16:15:03.162,1.32451,1.32459,1.00,1.50
2016.09.27 16:15:03.264,1.32451,1.32459,1.00,2.25
2016.09.27 16:15:03.538,1.32452,1.32459,1.00,1.50
2016.09.27 16:15:03.679,1.32453,1.32459,1.00,1.00
2016.09.27 16:15:04.138,1.32453,1.32459,1.00,1.50
2016.09.27 16:15:04.239,1.32453,1.32459,1.00,1.00
2016.09.27 16:15:05.161,1.32453,1.32458,1.00,1.00
2016.09.27 16:15:05.263,1.32453,1.32458,1.00,1.50
2016.09.27 16:15:06.269,1.32453,1.32458,1.00,1.00
2016.09.27 16:15:06.320,1.32453,1.32457,1.00,1.31
2016.09.27 16:15:06.371,1.32453,1.32457,1.00,1.91
2016.09.27 16:15:06.422,1.32448,1.32456,1.50,1.35
2016.09.27 16:15:06.475,1.32448,1.32454,1.00,1.00
2016.09.27 16:15:06.526,1.32447,1.32454,1.12,1.50
2016.09.27 16:15:06.577,1.32447,1.32453,1.12,1.00
2016.09.27 16:15:06.629,1.32446,1.32453,1.50,1.00
2016.09.27 16:15:06.809,1.32447,1.32453,1.00,2.25
2016.09.27 16:15:06.860,1.32446,1.32453,1.00,1.50
2016.09.27 16:15:06.962,1.32447,1.32453,1.00,2.25
2016.09.27 16:15:07.065,1.32444,1.32452,1.00,1.87
2016.09.27 16:15:07.117,1.32442,1.32452,1.50,1.50
2016.09.27 16:15:07.169,1.32441,1.32451,3.94,1.00
2016.09.27 16:15:07.220,1.32441,1.3245,1.37,1.37
2016.09.27 16:15:07.272,1.3244,1.3245,2.25,6.00
2016.09.27 16:15:07.323,1.32441,1.32447,1.00,1.25
2016.09.27 16:15:07.428,1.32441,1.32447,1.00,1.60
2016.09.27 16:15:07.480,1.32441,1.32447,1.00,1.35
2016.09.27 16:15:07.573,1.32441,1.32448,1.00,2.25
2016.09.27 16:15:07.625,1.32441,1.32447,1.00,1.50
2016.09.27 16:15:07.728,1.32441,1.32447,1.50,1.50
2016.09.27 16:15:07.830,1.32441,1.32447,1.00,1.00
2016.09.27 16:15:08.322,1.32441,1.32447,1.00,1.50
2016.09.27 16:15:08.526,1.32441,1.32447,1.00,1.00
2016.09.27 16:15:09.063,1.3244,1.32447,1.00,1.00
2016.09.27 16:15:09.620,1.32439,1.32447,1.00,1.00
2016.09.27 16:15:09.671,1.32438,1.32447,1.50,1.50
2016.09.27 16:15:09.722,1.32438,1.32447,1.50,2.25
2016.09.27 16:15:09.824,1.32438,1.32447,1.50,2.25
2016.09.27 16:15:09.926,1.32438,1.32447,1.00,4.12
2016.09.27 16:15:10.459,1.32438,1.32447,1.00,3.37
2016.09.27 16:15:10.873,1.32438,1.32447,1.00,4.12
2016.09.27 16:15:10.976,1.32438,1.32447,1.00,3.37
2016.09.27 16:15:11.332,1.32438,1.32447,1.00,2.62
2016.09.27 16:15:11.383,1.32438,1.32447,1.00,3.37
2016.09.27 16:15:11.554,1.32438,1.32447,1.00,4.87
2016.09.27 16:15:11.868,1.32438,1.32447,1.00,4.12
2016.09.27 16:15:11.941,1.32438,1.32445,1.00,1.87
2016.09.27 16:15:12.171,1.32438,1.32445,1.00,1.12
2016.09.27 16:15:12.343,1.32438,1.32445,1.00,1.87
2016.09.27 16:15:12.445,1.32438,1.32445,1.00,1.12
2016.09.27 16:15:12.598,1.32437,1.32446,1.00,2.25
2016.09.27 16:15:13.075,1.32437,1.32446,1.50,2.25
2016.09.27 16:15:13.529,1.32437,1.32445,1.50,1.12
2016.09.27 16:15:13.630,1.32437,1.32446,1.50,2.25
2016.09.27 16:15:13.936,1.32437,1.32446,1.50,1.50
2016.09.27 16:15:13.987,1.32437,1.32447,1.50,4.12
2016.09.27 16:15:14.038,1.32437,1.32446,1.50,1.50
2016.09.27 16:15:14.140,1.32437,1.32447,1.50,4.12
2016.09.27 16:15:14.361,1.32437,1.32446,1.50,1.50
2016.09.27 16:15:14.463,1.32437,1.32446,1.50,3.37
2016.09.27 16:15:14.566,1.32437,1.32447,1.87,2.62
2016.09.27 16:15:14.671,1.32437,1.32445,1.12,1.00
2016.09.27 16:15:14.722,1.32437,1.32445,1.12,1.50
2016.09.27 16:15:14.777,1.32437,1.32445,1.12,1.50
2016.09.27 16:15:15.275,1.32436,1.32445,1.50,1.50
2016.09.27 16:15:15.326,1.32436,1.32445,1.37,2.47
2016.09.27 16:15:15.428,1.32434,1.32444,4.12,3.22
2016.09.27 16:15:15.479,1.32434,1.32442,3.37,1.50
2016.09.27 16:15:15.530,1.32433,1.32441,3.37,1.12
2016.09.27 16:15:15.632,1.32433,1.32441,1.00,1.50
2016.09.27 16:15:15.776,1.32432,1.32441,1.50,1.00
2016.09.27 16:15:15.827,1.32432,1.32441,1.50,1.12
2016.09.27 16:15:16.103,1.32432,1.32441,1.50,1.00
2016.09.27 16:15:16.256,1.32432,1.32441,1.50,1.50
2016.09.27 16:15:16.358,1.32432,1.32441,1.50,1.00
2016.09.27 16:15:16.410,1.32432,1.32441,1.50,1.50
2016.09.27 16:15:16.461,1.32432,1.32441,1.00,2.25
2016.09.27 16:15:16.666,1.32432,1.3244,1.00,1.12
2016.09.27 16:15:16.717,1.32432,1.3244,1.00,1.87
2016.09.27 16:15:17.095,1.32432,1.3244,1.87,1.50
2016.09.27 16:15:17.146,1.32432,1.3244,1.87,1.00
2016.09.27 16:15:17.302,1.32432,1.32441,2.25,1.87
2016.09.27 16:15:17.353,1.32434,1.32441,1.12,1.12
2016.09.27 16:15:17.405,1.32435,1.32442,1.00,1.50
2016.09.27 16:15:17.456,1.32434,1.32442,1.00,1.00
2016.09.27 16:15:17.558,1.32434,1.32443,1.00,2.25
2016.09.27 16:15:17.815,1.32434,1.32443,1.00,2.62
2016.09.27 16:15:17.866,1.32433,1.32441,1.12,1.37
2016.09.27 16:15:17.917,1.32433,1.3244,1.12,1.12
2016.09.27 16:15:18.070,1.32433,1.3244,1.12,1.87
2016.09.27 16:15:18.443,1.32433,1.3244,1.12,1.12
2016.09.27 16:15:18.494,1.32433,1.32441,1.12,1.87
2016.09.27 16:15:18.749,1.32433,1.3244,1.12,1.12
2016.09.27 16:15:19.035,1.32433,1.32441,1.12,1.37
2016.09.27 16:15:19.086,1.32433,1.32442,1.12,4.87
2016.09.27 16:15:19.137,1.32433,1.32441,1.12,1.37
2016.09.27 16:15:19.302,1.32434,1.32441,1.00,1.37
2016.09.27 16:15:19.353,1.32434,1.32442,1.50,1.50
2016.09.27 16:15:19.455,1.32434,1.32442,1.00,2.25
2016.09.27 16:15:19.764,1.32434,1.32441,1.00,1.12
2016.09.27 16:15:20.249,1.32434,1.32442,1.00,1.50
2016.09.27 16:15:20.568,1.32434,1.32442,1.00,2.25
2016.09.27 16:15:21.153,1.32434,1.32442,1.00,1.50
2016.09.27 16:15:21.255,1.32434,1.32442,1.00,2.25
2016.09.27 16:15:21.356,1.32434,1.32442,1.00,1.50
2016.09.27 16:15:21.458,1.32432,1.32441,1.12,1.12
2016.09.27 16:15:21.560,1.32432,1.32442,1.12,2.25
2016.09.27 16:15:21.971,1.32432,1.32441,1.87,1.12
2016.09.27 16:15:22.141,1.32432,1.32442,1.12,2.25
2016.09.27 16:15:22.573,1.32432,1.32441,1.87,1.12
2016.09.27 16:15:22.777,1.32432,1.32442,1.87,2.25
2016.09.27 16:15:22.880,1.32432,1.32442,1.12,1.50
2016.09.27 16:15:23.040,1.32432,1.32442,1.87,2.25
2016.09.27 16:15:23.387,1.32432,1.32442,1.12,2.25
2016.09.27 16:15:23.441,1.32432,1.32442,1.12,1.50
2016.09.27 16:15:23.543,1.32432,1.32442,1.12,2.25
2016.09.27 16:15:23.747,1.32432,1.32442,1.12,1.50
2016.09.27 16:15:26.582,1.32432,1.32442,1.12,2.25
2016.09.27 16:15:26.684,1.32432,1.32442,1.12,1.50
2016.09.27 16:15:26.786,1.32432,1.32442,1.12,2.25
2016.09.27 16:15:26.887,1.32432,1.32442,1.12,2.44
2016.09.27 16:15:26.981,1.32431,1.32441,2.25,1.12
2016.09.27 16:15:27.032,1.32432,1.32441,1.12,4.87
2016.09.27 16:15:27.110,1.32431,1.32441,1.37,7.12
2016.09.27 16:15:27.162,1.3243,1.32438,2.25,1.87
2016.09.27 16:15:27.264,1.32432,1.32438,1.00,1.12
2016.09.27 16:15:27.316,1.32432,1.3244,1.00,3.37
2016.09.27 16:15:27.367,1.32432,1.3244,1.25,3.37
2016.09.27 16:15:27.469,1.32432,1.3244,2.06,1.87
2016.09.27 16:15:27.571,1.32432,1.3244,1.69,1.12
2016.09.27 16:15:27.673,1.32432,1.3244,2.06,1.12
2016.09.27 16:15:27.826,1.32434,1.32441,1.00,1.50
2016.09.27 16:15:27.877,1.32434,1.32441,1.00,1.00
2016.09.27 16:15:27.978,1.32433,1.32442,3.37,2.25
2016.09.27 16:15:28.070,1.32433,1.32442,1.75,2.62
2016.09.27 16:15:28.121,1.32433,1.32442,1.50,1.50
2016.09.27 16:15:28.274,1.32433,1.32442,1.50,2.25
2016.09.27 16:15:28.995,1.32433,1.32442,1.50,1.50
2016.09.27 16:15:29.168,1.32434,1.32442,1.00,2.25
2016.09.27 16:15:29.220,1.32434,1.32442,1.00,1.50
2016.09.27 16:15:29.322,1.32434,1.32442,1.50,1.50
2016.09.27 16:15:29.374,1.32434,1.32443,1.50,1.00
2016.09.27 16:15:29.425,1.32435,1.32443,1.00,1.00
2016.09.27 16:15:29.476,1.32435,1.32444,1.12,1.12
2016.09.27 16:15:29.527,1.32434,1.32444,1.50,1.12
2016.09.27 16:15:29.578,1.32434,1.32445,1.50,2.62
2016.09.27 16:15:29.629,1.32435,1.32445,1.12,2.62
2016.09.27 16:15:29.679,1.32435,1.32444,1.00,2.62
2016.09.27 16:15:29.782,1.32434,1.32444,1.31,3.37
2016.09.27 16:15:29.884,1.32434,1.32445,1.50,2.62
2016.09.27 16:15:29.987,1.32434,1.32444,2.06,1.12
2016.09.27 16:15:30.357,1.32434,1.32445,1.50,2.62
2016.09.27 16:15:30.510,1.32434,1.32445,1.50,3.37
2016.09.27 16:15:30.561,1.32434,1.32445,1.50,4.12
2016.09.27 16:15:30.612,1.32435,1.32444,1.12,1.12
2016.09.27 16:15:30.664,1.32435,1.32444,1.00,2.25
2016.09.27 16:15:30.715,1.32434,1.32444,1.12,2.25
2016.09.27 16:15:30.766,1.32433,1.32444,1.50,1.50
2016.09.27 16:15:30.869,1.32433,1.32444,2.25,3.37
2016.09.27 16:15:30.971,1.32433,1.32444,1.50,2.62
2016.09.27 16:15:31.163,1.32433,1.32443,1.50,1.87
2016.09.27 16:15:31.214,1.32433,1.32443,1.50,4.50
2016.09.27 16:15:31.265,1.32433,1.32442,1.50,1.50
2016.09.27 16:15:31.368,1.32433,1.32443,1.50,4.50
2016.09.27 16:15:31.571,1.32433,1.32442,1.50,1.50
2016.09.27 16:15:31.673,1.32432,1.32442,1.75,1.69
2016.09.27 16:15:31.725,1.32431,1.32441,5.62,1.12
2016.09.27 16:15:31.776,1.32432,1.3244,1.00,1.00
2016.09.27 16:15:31.878,1.32431,1.3244,1.50,1.50
2016.09.27 16:15:32.071,1.3243,1.3244,1.12,1.50
2016.09.27 16:15:32.173,1.32432,1.32439,1.25,2.62
2016.09.27 16:15:32.224,1.32433,1.32439,1.00,2.62
2016.09.27 16:15:32.275,1.32433,1.32441,1.12,1.37
2016.09.27 16:15:32.377,1.32433,1.32441,1.50,1.37
2016.09.27 16:15:32.480,1.32434,1.32441,1.00,1.00
2016.09.27 16:15:32.582,1.32433,1.32441,1.50,1.00
2016.09.27 16:15:32.684,1.32433,1.32441,1.12,1.00
2016.09.27 16:15:32.785,1.32433,1.32441,1.00,3.37
2016.09.27 16:15:32.891,1.32432,1.32441,1.12,3.37
2016.09.27 16:15:33.756,1.32432,1.32441,1.50,3.00
2016.09.27 16:15:33.807,1.32432,1.32441,1.50,1.12
2016.09.27 16:15:33.858,1.32432,1.32442,2.06,1.87
2016.09.27 16:15:33.909,1.32432,1.32442,2.06,1.87
2016.09.27 16:15:33.960,1.32432,1.32442,1.50,1.37
2016.09.27 16:15:34.011,1.32433,1.32443,1.37,4.12
2016.09.27 16:15:34.156,1.32433,1.32443,1.50,3.00
2016.09.27 16:15:34.219,1.32433,1.32442,1.50,1.12
2016.09.27 16:15:34.271,1.32433,1.32442,1.50,2.25
2016.09.27 16:15:34.374,1.32433,1.32442,1.50,1.12
2016.09.27 16:15:34.425,1.32434,1.32442,1.37,1.12
2016.09.27 16:15:35.192,1.32434,1.32442,1.37,1.87
2016.09.27 16:15:35.391,1.32434,1.32442,1.37,1.12
2016.09.27 16:15:36.437,1.32434,1.32443,1.37,2.62
2016.09.27 16:15:36.560,1.32434,1.32443,1.37,3.56
2016.09.27 16:15:36.871,1.32434,1.32441,1.37,1.00
2016.09.27 16:15:37.977,1.32434,1.3244,1.37,1.00
2016.09.27 16:15:38.029,1.32434,1.3244,1.00,3.00
2016.09.27 16:15:38.080,1.32434,1.32439,1.00,1.00
2016.09.27 16:15:38.201,1.32434,1.32439,1.00,1.12
2016.09.27 16:15:38.253,1.3243,1.32439,1.50,1.12
2016.09.27 16:15:38.305,1.3243,1.32439,1.12,1.12
2016.09.27 16:15:38.357,1.32431,1.32439,1.00,1.12
2016.09.27 16:15:38.409,1.32432,1.32439,1.00,3.00
2016.09.27 16:15:38.460,1.32432,1.32439,1.00,3.37
2016.09.27 16:15:39.123,1.32432,1.32439,1.12,1.50
2016.09.27 16:15:39.175,1.32432,1.3244,1.12,1.37
2016.09.27 16:15:39.226,1.32432,1.32441,1.12,3.37
2016.09.27 16:15:39.277,1.32433,1.32441,1.00,3.37
2016.09.27 16:15:39.447,1.32434,1.32442,1.00,2.25
2016.09.27 16:15:39.499,1.32433,1.32442,1.50,4.12
2016.09.27 16:15:39.550,1.32433,1.32442,1.50,3.37
2016.09.27 16:15:39.601,1.32433,1.32442,1.87,2.62
2016.09.27 16:15:39.909,1.32433,1.32442,1.12,2.62
2016.09.27 16:15:40.011,1.32433,1.32442,1.12,3.75
2016.09.27 16:15:40.164,1.32433,1.32441,1.12,2.25
2016.09.27 16:15:40.434,1.32432,1.32442,1.50,4.12
2016.09.27 16:15:40.485,1.32431,1.3244,1.75,1.87
2016.09.27 16:15:40.536,1.32431,1.3244,1.50,3.75
2016.09.27 16:15:40.587,1.32431,1.3244,3.37,2.62
2016.09.27 16:15:40.638,1.32433,1.3244,1.00,2.62
2016.09.27 16:15:41.207,1.32432,1.32442,1.31,3.52
2016.09.27 16:15:41.309,1.32432,1.32443,1.12,5.02
2016.09.27 16:15:41.780,1.32432,1.32442,1.12,1.64
2016.09.27 16:15:41.882,1.32432,1.32442,2.62,1.50
2016.09.27 16:15:41.975,1.32432,1.32443,1.69,4.50
2016.09.27 16:15:42.077,1.32434,1.32443,1.00,4.50
2016.09.27 16:15:42.128,1.32434,1.32443,1.00,3.75
2016.09.27 16:15:42.180,1.32434,1.32443,1.00,3.00
2016.09.27 16:15:42.231,1.32433,1.32443,1.50,3.37
2016.09.27 16:15:42.282,1.32433,1.32442,1.50,1.50
2016.09.27 16:15:42.334,1.32433,1.32442,1.00,1.50
2016.09.27 16:15:42.385,1.32433,1.32443,1.00,4.87
2016.09.27 16:15:42.436,1.32433,1.32443,1.37,4.87
2016.09.27 16:15:42.487,1.32433,1.32442,1.37,1.37
2016.09.27 16:15:42.589,1.32433,1.32443,1.37,4.87
2016.09.27 16:15:43.438,1.32433,1.32442,1.37,1.37
2016.09.27 16:15:43.898,1.32433,1.32442,1.37,1.87
2016.09.27 16:15:44.000,1.32433,1.32442,1.37,1.37
2016.09.27 16:15:44.204,1.32433,1.32442,1.37,1.87
2016.09.27 16:15:44.428,1.32433,1.32442,1.37,2.62
2016.09.27 16:15:44.479,1.32433,1.32442,1.37,1.87
2016.09.27 16:15:44.950,1.32433,1.32442,1.37,1.37
2016.09.27 16:15:45.102,1.32433,1.32442,1.37,1.87
2016.09.27 16:15:45.408,1.32433,1.32442,1.37,2.62
2016.09.27 16:15:45.510,1.32433,1.32441,1.37,1.12
2016.09.27 16:15:45.716,1.32433,1.32442,1.37,2.62
2016.09.27 16:15:46.073,1.32433,1.32441,1.37,1.12
2016.09.27 16:15:46.378,1.32433,1.32442,1.37,2.62
2016.09.27 16:15:46.752,1.32433,1.32441,1.37,1.12
2016.09.27 16:15:46.946,1.32433,1.32441,1.37,2.62
2016.09.27 16:15:46.997,1.32433,1.32441,1.37,1.87
2016.09.27 16:15:47.100,1.32433,1.32441,1.37,1.12
2016.09.27 16:15:47.202,1.32433,1.32441,1.37,1.87
2016.09.27 16:15:47.304,1.32433,1.32441,1.37,1.12
2016.09.27 16:15:47.407,1.32433,1.32441,1.37,1.87
2016.09.27 16:15:47.509,1.32433,1.32441,1.37,1.12
2016.09.27 16:15:47.713,1.32433,1.32441,1.37,1.87
2016.09.27 16:15:47.978,1.32433,1.32441,1.37,1.12
2016.09.27 16:15:49.005,1.32433,1.32441,1.37,1.87
2016.09.27 16:15:49.515,1.32433,1.32441,1.37,1.12
2016.09.27 16:15:50.215,1.32433,1.32441,1.37,1.87
2016.09.27 16:15:50.560,1.32433,1.32441,1.37,1.12
2016.09.27 16:15:50.611,1.32433,1.32441,1.12,2.10
2016.09.27 16:15:50.713,1.32432,1.32441,1.37,1.72
2016.09.27 16:15:50.989,1.3243,1.32437,1.50,1.00
2016.09.27 16:15:51.040,1.3243,1.32437,1.00,1.00
2016.09.27 16:15:51.091,1.3243,1.32438,1.00,1.50
2016.09.27 16:15:51.142,1.32428,1.32438,3.00,3.75
2016.09.27 16:15:51.193,1.32428,1.32438,1.87,5.47
2016.09.27 16:15:51.244,1.32428,1.32438,1.50,5.47
2016.09.27 16:15:51.295,1.32428,1.32436,1.50,1.00
2016.09.27 16:15:51.346,1.32428,1.32438,1.87,5.85
2016.09.27 16:15:51.397,1.32428,1.32438,1.50,3.85
2016.09.27 16:15:51.449,1.32428,1.32438,1.50,6.97
2016.09.27 16:15:51.500,1.32428,1.32438,1.12,6.59
2016.09.27 16:15:51.559,1.32428,1.32438,1.12,7.34
2016.09.27 16:15:51.762,1.32428,1.32438,1.12,6.74
2016.09.27 16:15:51.814,1.32428,1.32438,1.12,6.37
2016.09.27 16:15:51.915,1.32428,1.32438,1.12,6.74
2016.09.27 16:15:52.070,1.32427,1.32437,1.62,4.87
2016.09.27 16:15:52.121,1.32426,1.32435,1.50,3.22
2016.09.27 16:15:52.172,1.32426,1.32435,1.50,5.09
2016.09.27 16:15:52.224,1.32425,1.32434,1.87,1.35
2016.09.27 16:15:52.275,1.32425,1.32434,1.87,2.47
2016.09.27 16:15:52.326,1.32425,1.32434,1.87,1.12
2016.09.27 16:15:52.481,1.32425,1.32434,1.37,1.12
2016.09.27 16:15:52.533,1.32425,1.32434,1.37,2.47
2016.09.27 16:15:53.120,1.32424,1.32434,2.25,2.47
2016.09.27 16:15:53.171,1.32424,1.32434,2.25,1.12
2016.09.27 16:15:53.222,1.32424,1.32434,1.87,4.59
2016.09.27 16:15:53.324,1.32424,1.32434,1.50,4.72
2016.09.27 16:15:53.426,1.32424,1.32434,1.50,4.72
2016.09.27 16:15:53.477,1.32424,1.32434,1.50,4.12
2016.09.27 16:15:53.629,1.32424,1.32434,1.50,4.12
2016.09.27 16:15:54.020,1.32424,1.32433,1.50,2.25
2016.09.27 16:15:54.071,1.32424,1.32433,1.00,2.25
2016.09.27 16:15:54.122,1.32424,1.32433,1.00,1.50
2016.09.27 16:15:54.224,1.32424,1.32433,1.00,2.25
2016.09.27 16:15:54.326,1.32424,1.32433,1.00,1.50
2016.09.27 16:15:54.428,1.32424,1.32433,1.12,1.50
2016.09.27 16:15:54.530,1.32424,1.32433,1.50,2.25
2016.09.27 16:15:54.631,1.32425,1.32433,1.00,2.25
2016.09.27 16:15:54.682,1.32424,1.32431,1.00,1.09
2016.09.27 16:15:54.735,1.32422,1.32431,1.75,1.46
2016.09.27 16:15:54.787,1.32422,1.32432,1.37,5.25
2016.09.27 16:15:54.920,1.32422,1.3243,1.00,1.00
2016.09.27 16:15:55.632,1.32422,1.3243,1.00,2.62
2016.09.27 16:15:55.683,1.32422,1.3243,1.00,3.37
2016.09.27 16:15:55.734,1.32422,1.3243,1.00,4.12
2016.09.27 16:15:55.808,1.32422,1.32429,1.00,1.37
2016.09.27 16:15:56.227,1.32422,1.3243,1.00,4.87
2016.09.27 16:15:56.430,1.3242,1.3243,1.37,5.25
2016.09.27 16:15:56.481,1.3242,1.32428,1.37,1.12
2016.09.27 16:15:57.027,1.3242,1.32428,1.00,1.12
2016.09.27 16:15:57.078,1.3242,1.32429,1.00,1.75
2016.09.27 16:15:57.129,1.3242,1.32429,1.00,1.50
2016.09.27 16:15:57.234,1.3242,1.3243,1.00,4.87
2016.09.27 16:15:57.336,1.3242,1.32429,1.00,1.50
2016.09.27 16:15:57.488,1.3242,1.3243,1.00,4.87
2016.09.27 16:15:57.591,1.3242,1.32429,1.00,1.50
2016.09.27 16:15:57.714,1.3242,1.3243,1.00,4.87
2016.09.27 16:15:58.209,1.3242,1.32429,1.00,1.50
2016.09.27 16:15:58.937,1.3242,1.32429,1.00,1.64
2016.09.27 16:15:58.989,1.3242,1.3243,1.00,4.87
2016.09.27 16:15:59.640,1.3242,1.3243,1.00,4.87
2016.09.27 16:15:59.691,1.3242,1.32429,1.00,1.50
2016.09.27 16:15:59.793,1.3242,1.3243,1.00,4.87
2016.09.27 16:16:02.294,1.3242,1.32429,1.00,1.50
2016.09.27 16:16:02.709,1.3242,1.3243,1.00,4.87
2016.09.27 16:16:03.125,1.3242,1.32429,1.00,1.50
2016.09.27 16:16:03.193,1.3242,1.3243,1.00,4.87
2016.09.27 16:16:03.701,1.3242,1.32429,1.00,1.50
2016.09.27 16:16:03.805,1.32419,1.32427,1.12,1.00
2016.09.27 16:16:03.904,1.32419,1.32427,1.00,1.50
2016.09.27 16:16:03.955,1.32417,1.32426,2.25,3.00
2016.09.27 16:16:04.007,1.32417,1.32426,1.12,4.12
2016.09.27 16:16:04.058,1.32417,1.32426,1.37,2.25
2016.09.27 16:16:04.109,1.32417,1.32426,1.50,2.25
2016.09.27 16:16:04.161,1.32417,1.32425,1.12,2.25
2016.09.27 16:16:04.212,1.32417,1.32425,1.00,2.62
2016.09.27 16:16:04.365,1.32417,1.32424,1.12,1.00
2016.09.27 16:16:04.416,1.32417,1.32426,1.12,4.12
2016.09.27 16:16:04.521,1.32417,1.32426,1.12,3.37
2016.09.27 16:16:05.155,1.32417,1.32426,1.12,4.12
2016.09.27 16:16:05.206,1.32416,1.32426,2.25,3.37
2016.09.27 16:16:05.301,1.32416,1.32426,1.50,3.37
2016.09.27 16:16:05.504,1.32417,1.32426,1.12,3.37
2016.09.27 16:16:05.607,1.32416,1.32426,1.50,3.37
2016.09.27 16:16:05.811,1.32416,1.32426,2.25,3.37
2016.09.27 16:16:07.011,1.32416,1.32426,1.50,3.37
2016.09.27 16:16:07.214,1.32416,1.32426,2.25,3.37
2016.09.27 16:16:07.266,1.32416,1.32425,2.25,1.00
2016.09.27 16:16:07.386,1.32416,1.32426,1.50,1.37
2016.09.27 16:16:07.438,1.32416,1.32426,1.50,1.50
2016.09.27 16:16:07.498,1.32416,1.32426,2.25,2.25
2016.09.27 16:16:07.601,1.32416,1.32426,1.50,1.50
2016.09.27 16:16:08.010,1.32416,1.32426,2.25,1.87
2016.09.27 16:16:08.061,1.32417,1.32426,1.37,1.87
2016.09.27 16:16:08.113,1.32417,1.32426,1.37,1.37
2016.09.27 16:16:08.215,1.32417,1.32426,1.37,1.87
2016.09.27 16:16:08.317,1.32418,1.32425,1.12,1.12
2016.09.27 16:16:08.493,1.32418,1.32425,1.00,3.00
2016.09.27 16:16:08.544,1.32418,1.32425,1.00,3.37
2016.09.27 16:16:08.596,1.32418,1.32425,1.12,1.50
2016.09.27 16:16:08.647,1.32418,1.32427,1.12,2.62
2016.09.27 16:16:08.699,1.32419,1.32428,1.12,4.12
2016.09.27 16:16:08.751,1.32421,1.32428,1.37,1.00
2016.09.27 16:16:08.854,1.3242,1.32428,1.75,1.00
2016.09.27 16:16:08.906,1.3242,1.32429,1.75,2.62
2016.09.27 16:16:09.007,1.3242,1.32428,2.25,1.00
2016.09.27 16:16:09.230,1.3242,1.32429,1.75,2.62
2016.09.27 16:16:09.332,1.3242,1.32428,2.25,1.00
2016.09.27 16:16:09.614,1.3242,1.32428,1.75,1.00
2016.09.27 16:16:09.818,1.3242,1.32429,1.75,2.62
2016.09.27 16:16:09.920,1.3242,1.32429,1.75,1.87
2016.09.27 16:16:10.072,1.3242,1.32429,1.50,1.87
2016.09.27 16:16:10.124,1.3242,1.32429,1.12,1.87
2016.09.27 16:16:10.274,1.3242,1.32429,1.12,2.47
2016.09.27 16:16:10.614,1.3242,1.32429,1.12,2.62
2016.09.27 16:16:10.716,1.3242,1.32429,1.12,1.87
2016.09.27 16:16:10.818,1.3242,1.32427,1.12,1.00
2016.09.27 16:16:10.970,1.32419,1.32427,1.50,1.00
2016.09.27 16:16:11.022,1.32418,1.32427,3.18,1.50
2016.09.27 16:16:11.073,1.32418,1.32427,2.25,3.00
2016.09.27 16:16:11.124,1.32418,1.32426,1.87,1.50
2016.09.27 16:16:11.256,1.32418,1.32426,1.50,1.50
2016.09.27 16:16:11.307,1.32418,1.32426,1.00,2.25
2016.09.27 16:16:11.358,1.32418,1.32426,1.12,1.50
2016.09.27 16:16:11.409,1.32418,1.32426,1.12,1.00
2016.09.27 16:16:11.614,1.32418,1.32426,1.12,1.50
2016.09.27 16:16:11.920,1.32418,1.32426,1.12,1.00
2016.09.27 16:16:13.673,1.32417,1.32426,1.50,1.00
2016.09.27 16:16:13.826,1.32417,1.32426,1.37,1.00
2016.09.27 16:16:13.877,1.32417,1.32425,1.37,1.12
2016.09.27 16:16:13.928,1.32418,1.32425,1.00,1.87
2016.09.27 16:16:13.979,1.32417,1.32425,1.75,1.50
2016.09.27 16:16:14.030,1.32417,1.32425,1.50,1.50
2016.09.27 16:16:14.437,1.32417,1.32425,1.37,1.50
2016.09.27 16:16:14.488,1.32417,1.32425,1.12,1.50
2016.09.27 16:16:14.539,1.32416,1.32425,1.50,1.50
2016.09.27 16:16:14.915,1.32416,1.32425,1.50,2.25
2016.09.27 16:16:15.017,1.32416,1.32425,1.50,1.50
2016.09.27 16:16:15.478,1.32416,1.32425,1.50,1.00
2016.09.27 16:16:16.938,1.32416,1.32425,3.75,1.00
2016.09.27 16:16:17.071,1.32417,1.32425,2.62,1.00
2016.09.27 16:16:17.431,1.32417,1.32425,3.37,1.00
2016.09.27 16:16:17.635,1.32417,1.32425,3.37,2.25
2016.09.27 16:16:17.799,1.32417,1.32425,1.75,2.62
2016.09.27 16:16:17.854,1.32417,1.32425,1.37,1.87
2016.09.27 16:16:17.956,1.32417,1.32425,1.37,2.62
2016.09.27 16:16:18.233,1.32417,1.32425,1.37,1.87
2016.09.27 16:16:18.640,1.32417,1.32425,1.37,2.62
2016.09.27 16:16:18.945,1.32419,1.32425,1.00,1.12
2016.09.27 16:16:19.047,1.32419,1.32425,1.50,1.12
2016.09.27 16:16:19.248,1.32419,1.32426,1.00,1.37
2016.09.27 16:16:19.350,1.32419,1.32426,1.50,1.37
2016.09.27 16:16:19.452,1.32419,1.32426,1.00,1.37
2016.09.27 16:16:19.555,1.3242,1.32426,1.50,1.37
2016.09.27 16:16:19.657,1.32421,1.32426,1.00,1.37
2016.09.27 16:16:19.708,1.32421,1.32426,1.00,1.12
2016.09.27 16:16:19.811,1.32421,1.32426,1.00,1.00
2016.09.27 16:16:19.862,1.3242,1.32428,1.87,2.25
2016.09.27 16:16:19.913,1.3242,1.32428,1.50,4.87
2016.09.27 16:16:19.965,1.32421,1.32428,1.00,4.27
2016.09.27 16:16:20.074,1.3242,1.32427,1.50,1.00
2016.09.27 16:16:20.179,1.32421,1.32428,1.00,1.50
2016.09.27 16:16:20.230,1.3242,1.32429,1.50,2.39
2016.09.27 16:16:20.311,1.3242,1.32429,1.50,2.99
2016.09.27 16:16:20.466,1.3242,1.32426,1.50,2.10
2016.09.27 16:16:20.519,1.3242,1.32424,1.00,2.10
2016.09.27 16:16:20.571,1.32418,1.32424,2.25,2.10
2016.09.27 16:16:20.673,1.32418,1.32425,1.50,1.35
2016.09.27 16:16:20.857,1.32419,1.32425,1.00,1.35
2016.09.27 16:16:20.960,1.32418,1.32425,1.50,1.35
2016.09.27 16:16:21.012,1.32418,1.32425,1.50,1.35
2016.09.27 16:16:21.063,1.32418,1.32425,1.00,1.35
2016.09.27 16:16:21.114,1.32418,1.32425,1.00,1.72
2016.09.27 16:16:21.165,1.32417,1.32425,1.50,2.10
2016.09.27 16:16:21.267,1.32418,1.32424,1.00,1.00
2016.09.27 16:16:21.318,1.32418,1.32424,1.00,1.37
2016.09.27 16:16:21.471,1.32417,1.32424,1.50,1.37
2016.09.27 16:16:21.573,1.32417,1.32424,1.00,1.37
2016.09.27 16:16:21.658,1.32417,1.32424,1.50,1.37
2016.09.27 16:16:21.762,1.32417,1.32424,1.00,1.37
2016.09.27 16:16:22.332,1.32417,1.32424,1.50,1.37
2016.09.27 16:16:22.840,1.32417,1.32424,1.00,1.37
2016.09.27 16:16:23.136,1.32417,1.32424,1.50,1.50
2016.09.27 16:16:23.459,1.32417,1.32424,1.00,1.50
2016.09.27 16:16:24.115,1.32417,1.32424,1.00,3.60
2016.09.27 16:16:24.191,1.32417,1.32424,1.00,3.22
2016.09.27 16:16:24.242,1.32419,1.32425,1.00,3.97
2016.09.27 16:16:24.293,1.32418,1.32424,1.50,2.62
2016.09.27 16:16:24.344,1.32418,1.32424,1.50,2.25
2016.09.27 16:16:24.396,1.32419,1.32425,1.00,1.72
2016.09.27 16:16:24.548,1.32419,1.32425,1.50,1.37
2016.09.27 16:16:24.650,1.32419,1.32425,1.00,1.37
2016.09.27 16:16:25.629,1.32418,1.32425,1.00,1.37
2016.09.27 16:16:25.681,1.32417,1.32425,1.87,1.37
2016.09.27 16:16:25.961,1.32417,1.32425,1.87,2.43
2016.09.27 16:16:26.012,1.32417,1.32424,1.87,1.30
2016.09.27 16:16:26.063,1.32418,1.32424,1.00,1.68
2016.09.27 16:16:26.114,1.32418,1.32424,1.00,1.33
2016.09.27 16:16:26.166,1.32415,1.32424,2.25,1.64
2016.09.27 16:16:26.217,1.32415,1.32424,2.25,2.24
2016.09.27 16:16:26.268,1.32416,1.32424,1.37,2.99
2016.09.27 16:16:26.370,1.32415,1.32424,1.87,2.62
2016.09.27 16:16:26.488,1.32415,1.32424,1.50,2.02
2016.09.27 16:16:26.540,1.32416,1.32423,1.12,1.14
2016.09.27 16:16:27.377,1.32415,1.32424,1.87,1.64
2016.09.27 16:16:27.891,1.32415,1.32423,2.25,1.19
2016.09.27 16:16:27.942,1.32415,1.32423,2.25,1.00
2016.09.27 16:16:27.993,1.32415,1.32424,3.00,1.00
2016.09.27 16:16:28.095,1.32415,1.32424,3.00,1.00
2016.09.27 16:16:28.197,1.32415,1.32424,2.62,1.37
2016.09.27 16:16:28.248,1.32415,1.32424,2.62,3.22
2016.09.27 16:16:28.350,1.32415,1.32424,2.62,1.37
2016.09.27 16:16:28.452,1.32415,1.32424,2.62,3.22
2016.09.27 16:16:28.504,1.32415,1.32424,2.62,1.37
2016.09.27 16:16:28.611,1.32415,1.32424,2.62,1.50
2016.09.27 16:16:28.764,1.32416,1.32424,1.12,1.37
2016.09.27 16:16:28.867,1.32416,1.32424,1.87,1.37
2016.09.27 16:16:28.970,1.32416,1.32424,1.12,1.37
2016.09.27 16:16:29.071,1.32416,1.32424,1.12,3.22
2016.09.27 16:16:29.122,1.32416,1.32424,1.12,1.37
2016.09.27 16:16:29.173,1.32416,1.32424,1.87,1.37
2016.09.27 16:16:29.275,1.32416,1.32424,1.12,1.37
2016.09.27 16:16:29.636,1.32417,1.32424,1.00,1.37
2016.09.27 16:16:30.287,1.32417,1.32424,1.50,1.37
2016.09.27 16:16:30.847,1.32416,1.32424,1.59,1.37
2016.09.27 16:16:30.994,1.32416,1.32424,1.59,1.00
2016.09.27 16:16:31.098,1.32416,1.32424,1.59,1.35
2016.09.27 16:16:31.149,1.32416,1.32425,1.59,3.22
2016.09.27 16:16:31.924,1.32416,1.32425,1.59,1.72
2016.09.27 16:16:32.459,1.32416,1.32425,2.34,1.72
2016.09.27 16:16:32.561,1.32416,1.32425,1.59,1.72
2016.09.27 16:16:32.815,1.32416,1.32425,1.59,3.22
2016.09.27 16:16:33.092,1.32416,1.32425,4.11,1.12
2016.09.27 16:16:33.194,1.32416,1.32427,3.48,3.75
2016.09.27 16:16:33.246,1.32419,1.32428,1.22,3.37
2016.09.27 16:16:33.297,1.3242,1.32428,2.15,2.25
2016.09.27 16:16:33.348,1.3242,1.3243,4.09,3.37
2016.09.27 16:16:33.399,1.32423,1.3243,1.50,1.00
2016.09.27 16:16:33.450,1.32425,1.32431,1.12,1.00
2016.09.27 16:16:33.501,1.32425,1.32431,2.34,1.00
2016.09.27 16:16:33.553,1.32425,1.32432,2.34,1.87
2016.09.27 16:16:33.655,1.32425,1.32432,3.09,1.87
2016.09.27 16:16:33.740,1.32425,1.32432,3.47,1.12
2016.09.27 16:16:33.792,1.32425,1.32432,3.09,1.00
2016.09.27 16:16:33.894,1.32425,1.32432,3.47,1.00
2016.09.27 16:16:33.945,1.32425,1.32432,3.46,1.00
2016.09.27 16:16:33.996,1.32425,1.32432,3.72,1.00
2016.09.27 16:16:34.149,1.32426,1.32434,1.12,5.85
2016.09.27 16:16:34.201,1.32426,1.32434,2.34,4.72
2016.09.27 16:16:34.252,1.32426,1.32433,1.59,1.50
2016.09.27 16:16:34.303,1.32426,1.32433,1.47,1.87
2016.09.27 16:16:34.354,1.32426,1.32433,1.22,1.87
2016.09.27 16:16:34.456,1.32426,1.32432,1.47,1.30
2016.09.27 16:16:34.578,1.32426,1.32432,1.22,1.30
2016.09.27 16:16:34.680,1.32426,1.32433,1.47,1.72
2016.09.27 16:16:35.242,1.32426,1.32434,1.47,5.47
2016.09.27 16:16:35.297,1.32426,1.32434,1.47,5.10
2016.09.27 16:16:35.882,1.32426,1.32434,1.47,5.47
2016.09.27 16:16:36.086,1.32426,1.32432,1.47,1.30
2016.09.27 16:16:36.188,1.32426,1.32432,1.22,1.30
2016.09.27 16:16:36.239,1.32426,1.32432,1.00,1.30
2016.09.27 16:16:36.291,1.32426,1.32432,1.22,1.30
2016.09.27 16:16:36.393,1.32426,1.32434,1.22,6.22
2016.09.27 16:16:36.525,1.32426,1.32432,1.22,1.30
2016.09.27 16:16:36.577,1.32426,1.32434,1.00,3.75
2016.09.27 16:16:36.628,1.32426,1.32434,1.00,1.50
2016.09.27 16:16:36.680,1.32426,1.32434,2.59,1.50
2016.09.27 16:16:36.731,1.32427,1.32434,1.50,1.00
2016.09.27 16:16:36.784,1.32427,1.32436,1.00,1.50
2016.09.27 16:16:36.835,1.32427,1.32436,1.00,1.50
2016.09.27 16:16:36.887,1.32427,1.32436,1.87,1.37
2016.09.27 16:16:36.939,1.32427,1.32436,2.25,1.12
2016.09.27 16:16:36.990,1.32427,1.32436,1.87,1.12
2016.09.27 16:16:37.092,1.32427,1.32436,2.25,1.12
2016.09.27 16:16:37.213,1.32427,1.32436,2.50,1.00
2016.09.27 16:16:37.369,1.32428,1.32436,1.00,1.00
2016.09.27 16:16:37.420,1.32427,1.32436,1.87,1.37
2016.09.27 16:16:37.573,1.32428,1.32436,1.12,1.37
2016.09.27 16:16:37.879,1.32429,1.32436,1.00,1.37
2016.09.27 16:16:38.664,1.32429,1.32436,1.00,1.00
2016.09.27 16:16:39.386,1.32429,1.32437,1.00,1.50
2016.09.27 16:16:40.066,1.32429,1.32437,1.00,1.69
2016.09.27 16:16:40.269,1.32429,1.32437,1.00,1.50
2016.09.27 16:16:40.863,1.32429,1.32437,1.00,1.69
2016.09.27 16:16:41.491,1.32429,1.32437,1.00,1.50
2016.09.27 16:16:42.269,1.32431,1.32437,1.00,1.00
2016.09.27 16:16:42.371,1.32431,1.32438,1.00,2.62
2016.09.27 16:16:42.422,1.32431,1.32439,1.12,1.59
2016.09.27 16:16:42.524,1.3243,1.32439,1.37,1.59
2016.09.27 16:16:42.575,1.32432,1.32439,1.00,1.59
2016.09.27 16:16:42.778,1.32431,1.32439,1.12,1.59
2016.09.27 16:16:42.830,1.32431,1.32439,1.12,1.22
2016.09.27 16:16:43.471,1.32431,1.32439,1.12,1.00
2016.09.27 16:16:45.176,1.32431,1.3244,1.12,2.34
2016.09.27 16:16:45.473,1.32431,1.3244,1.12,3.09
2016.09.27 16:16:45.589,1.32431,1.3244,1.12,2.34
2016.09.27 16:16:45.793,1.32431,1.3244,1.12,3.09
2016.09.27 16:16:46.265,1.32431,1.3244,1.12,2.34
2016.09.27 16:16:47.190,1.32431,1.3244,1.12,3.09
2016.09.27 16:16:47.307,1.32431,1.3244,1.12,2.34
2016.09.27 16:16:47.846,1.32431,1.3244,1.12,2.34
2016.09.27 16:16:47.897,1.32431,1.3244,1.12,2.72
2016.09.27 16:16:47.948,1.32431,1.3244,1.12,3.09
2016.09.27 16:16:48.256,1.32431,1.3244,1.12,5.34
2016.09.27 16:16:48.405,1.3243,1.32439,1.37,1.56
2016.09.27 16:16:48.457,1.3243,1.3244,1.37,5.53
2016.09.27 16:16:48.508,1.3243,1.3244,1.37,5.90
2016.09.27 16:16:48.560,1.3243,1.32439,1.37,1.37
2016.09.27 16:16:48.611,1.3243,1.3244,1.37,8.38
2016.09.27 16:16:48.662,1.3243,1.3244,1.37,6.88
2016.09.27 16:16:48.713,1.3243,1.3244,1.37,6.50
2016.09.27 16:16:48.764,1.3243,1.3244,1.37,5.34
2016.09.27 16:16:48.815,1.3243,1.3244,1.37,5.72
2016.09.27 16:16:48.866,1.3243,1.3244,1.37,6.88
2016.09.27 16:16:48.917,1.3243,1.32438,1.37,1.00
2016.09.27 16:16:48.968,1.3243,1.32439,1.00,3.37
2016.09.27 16:16:49.019,1.3243,1.32438,1.00,1.62
2016.09.27 16:16:49.070,1.3243,1.32438,1.00,1.37
2016.09.27 16:16:49.324,1.3243,1.32438,1.00,2.06
2016.09.27 16:16:49.427,1.3243,1.32438,1.00,1.87
2016.09.27 16:16:49.529,1.3243,1.32438,1.00,2.81
2016.09.27 16:16:49.630,1.3243,1.32438,1.00,1.87
2016.09.27 16:16:49.872,1.32427,1.32436,2.25,1.00
2016.09.27 16:16:49.924,1.32426,1.32435,3.37,1.50
2016.09.27 16:16:49.975,1.32429,1.32435,1.00,2.25
2016.09.27 16:16:50.027,1.32426,1.32434,2.62,1.12
2016.09.27 16:16:50.079,1.32425,1.32434,3.37,1.12
2016.09.27 16:16:50.130,1.32425,1.32434,3.00,1.12
2016.09.27 16:16:50.181,1.32425,1.32434,1.37,1.50
2016.09.27 16:16:50.232,1.32425,1.32434,1.37,1.37
2016.09.27 16:16:50.297,1.32425,1.32434,1.50,1.37
2016.09.27 16:16:50.348,1.32425,1.32434,1.50,1.50
2016.09.27 16:16:50.399,1.32426,1.32434,1.00,1.00
2016.09.27 16:16:50.450,1.32425,1.32434,1.75,1.00
2016.09.27 16:16:50.552,1.32425,1.32435,1.75,2.62
2016.09.27 16:16:50.654,1.32425,1.32435,1.75,2.44
2016.09.27 16:16:50.705,1.32425,1.32435,1.37,3.94
2016.09.27 16:16:50.896,1.32425,1.32434,1.75,1.50
2016.09.27 16:16:50.947,1.32425,1.32434,1.75,2.25
2016.09.27 16:16:50.998,1.32425,1.32433,1.75,1.00
2016.09.27 16:16:51.100,1.32425,1.32433,1.37,1.50
2016.09.27 16:16:51.151,1.32425,1.32433,1.00,2.62
2016.09.27 16:16:51.253,1.32425,1.32433,1.00,1.87
2016.09.27 16:16:52.222,1.32425,1.32433,1.00,2.25
2016.09.27 16:16:53.418,1.32425,1.32433,1.00,1.87
2016.09.27 16:16:55.037,1.32425,1.32433,1.00,2.62
2016.09.27 16:16:55.215,1.32425,1.32433,1.00,1.87
2016.09.27 16:16:55.347,1.32425,1.32433,1.00,3.00
2016.09.27 16:16:55.833,1.32425,1.32433,1.00,1.87
2016.09.27 16:16:55.935,1.32425,1.32433,1.00,2.62
2016.09.27 16:16:55.986,1.32425,1.32433,1.00,1.87
2016.09.27 16:16:56.037,1.32425,1.32433,1.00,1.12
2016.09.27 16:16:56.139,1.32425,1.32433,1.00,1.50
2016.09.27 16:16:56.314,1.32425,1.32433,1.00,1.12
2016.09.27 16:16:57.075,1.32425,1.32433,1.19,1.12
2016.09.27 16:16:57.177,1.32425,1.32433,1.00,1.12
2016.09.27 16:16:57.334,1.32424,1.32433,1.31,1.87
2016.09.27 16:16:57.538,1.32424,1.32433,1.12,2.25
2016.09.27 16:16:57.967,1.32424,1.32433,1.31,2.25
2016.09.27 16:16:58.136,1.32424,1.32433,1.12,2.25
2016.09.27 16:16:58.546,1.32424,1.32433,1.12,1.50
2016.09.27 16:16:58.647,1.32424,1.32433,1.12,2.25
2016.09.27 16:16:58.771,1.32424,1.32433,1.12,1.50
2016.09.27 16:16:58.824,1.32424,1.32433,1.50,1.12
2016.09.27 16:16:58.876,1.32424,1.32433,2.06,1.00
2016.09.27 16:16:59.184,1.32424,1.32433,2.06,1.12
2016.09.27 16:16:59.467,1.32424,1.32433,1.50,1.12
2016.09.27 16:16:59.518,1.32424,1.32433,1.50,1.87
2016.09.27 16:16:59.569,1.32423,1.32433,2.62,1.50
2016.09.27 16:16:59.620,1.32423,1.32433,2.62,1.87
2016.09.27 16:16:59.671,1.32423,1.32433,1.75,1.87
2016.09.27 16:16:59.861,1.32423,1.32433,2.06,2.62
2016.09.27 16:17:00.064,1.32422,1.32432,4.87,1.00
2016.09.27 16:17:00.166,1.32423,1.32433,1.31,1.87
2016.09.27 16:17:00.217,1.32423,1.32433,1.31,2.25
2016.09.27 16:17:00.305,1.32424,1.32433,1.00,2.62
2016.09.27 16:17:00.458,1.32422,1.32433,3.93,1.37
2016.09.27 16:17:00.509,1.32422,1.32433,3.93,1.87
2016.09.27 16:17:00.560,1.32423,1.32433,1.56,3.00
2016.09.27 16:17:00.611,1.32423,1.32433,1.56,2.25
2016.09.27 16:17:00.708,1.32422,1.32433,2.25,1.50
2016.09.27 16:17:00.759,1.32422,1.32433,4.12,3.00
2016.09.27 16:17:00.862,1.32423,1.32433,1.56,1.87
2016.09.27 16:17:00.964,1.32426,1.32434,1.00,4.50
2016.09.27 16:17:01.344,1.32426,1.32433,1.00,1.37
2016.09.27 16:17:01.600,1.32426,1.32433,1.00,2.62
2016.09.27 16:17:01.651,1.32423,1.32433,2.62,2.25
2016.09.27 16:17:01.703,1.32423,1.32433,2.62,3.37
2016.09.27 16:17:01.801,1.32424,1.32433,1.00,3.75
2016.09.27 16:17:02.005,1.32424,1.32433,1.00,3.00
2016.09.27 16:17:02.056,1.32414,1.32418,4.12,1.87
2016.09.27 16:17:02.107,1.32412,1.32418,1.00,3.37
2016.09.27 16:17:02.159,1.32402,1.32408,1.50,1.75
2016.09.27 16:17:02.210,1.32402,1.32409,1.00,4.12
2016.09.27 16:17:02.262,1.32403,1.32408,1.12,1.00
2016.09.27 16:17:02.364,1.32402,1.32406,1.00,1.00
2016.09.27 16:17:02.481,1.32402,1.32408,1.00,3.75
2016.09.27 16:17:02.739,1.32397,1.32408,1.78,3.75
2016.09.27 16:17:02.803,1.32397,1.32408,1.78,3.75
2016.09.27 16:17:02.855,1.32397,1.32408,3.09,4.35
2016.09.27 16:17:02.907,1.32397,1.32408,3.09,3.75
2016.09.27 16:17:02.958,1.32399,1.32408,1.12,3.75
2016.09.27 16:17:03.011,1.32399,1.32408,1.12,3.37
2016.09.27 16:17:03.062,1.32399,1.32408,1.59,3.37
2016.09.27 16:17:03.164,1.32399,1.32408,1.12,3.37
2016.09.27 16:17:03.293,1.324,1.32408,1.12,1.12
2016.09.27 16:17:03.344,1.324,1.32408,1.12,1.00
2016.09.27 16:17:03.701,1.324,1.32408,1.12,1.35
2016.09.27 16:17:03.752,1.32398,1.32408,1.50,1.72
2016.09.27 16:17:03.803,1.32398,1.32407,1.22,1.00
2016.09.27 16:17:04.060,1.32398,1.32406,1.22,1.00
2016.09.27 16:17:04.162,1.32398,1.32406,1.12,1.00
2016.09.27 16:17:04.213,1.32398,1.32406,1.12,1.37
2016.09.27 16:17:04.385,1.32398,1.32406,1.12,1.00
2016.09.27 16:17:05.161,1.32397,1.32406,3.28,1.00
2016.09.27 16:17:05.340,1.32398,1.32407,1.12,1.12
2016.09.27 16:17:05.391,1.32398,1.32407,1.31,1.12
2016.09.27 16:17:05.543,1.32398,1.32407,1.12,1.12
2016.09.27 16:17:05.696,1.32398,1.32407,1.12,1.50
2016.09.27 16:17:05.747,1.32398,1.32407,1.31,1.50
2016.09.27 16:17:06.161,1.32397,1.32404,1.50,1.00
2016.09.27 16:17:06.213,1.32397,1.32402,1.22,1.60
2016.09.27 16:17:06.333,1.32396,1.324,2.62,1.00
2016.09.27 16:17:06.384,1.32394,1.32399,2.62,1.60
2016.09.27 16:17:06.435,1.32394,1.32399,2.25,1.60
2016.09.27 16:17:06.487,1.32395,1.32399,1.00,1.12
2016.09.27 16:17:06.561,1.32393,1.32399,1.00,1.72
2016.09.27 16:17:06.612,1.32393,1.32399,1.00,1.50
2016.09.27 16:17:06.663,1.32394,1.32399,1.00,3.94
2016.09.27 16:17:06.715,1.32392,1.32398,1.00,2.62
2016.09.27 16:17:06.766,1.32389,1.32398,1.59,2.62
2016.09.27 16:17:06.869,1.32391,1.32398,1.00,2.62
2016.09.27 16:17:06.971,1.32391,1.32398,1.00,2.25
2016.09.27 16:17:07.037,1.32391,1.32398,1.00,2.62
2016.09.27 16:17:07.088,1.32391,1.32399,1.00,3.37
2016.09.27 16:17:07.140,1.32391,1.32399,1.00,3.97
2016.09.27 16:17:07.191,1.32391,1.32399,1.00,3.97
2016.09.27 16:17:07.242,1.32391,1.32396,1.00,1.00
2016.09.27 16:17:07.293,1.32388,1.32396,1.87,1.50
2016.09.27 16:17:07.345,1.32388,1.32396,1.12,1.00
2016.09.27 16:17:07.447,1.32388,1.32396,1.87,1.50
2016.09.27 16:17:07.498,1.32388,1.32396,1.12,1.50
2016.09.27 16:17:07.702,1.32388,1.32396,1.12,1.87
2016.09.27 16:17:07.804,1.32389,1.32396,1.00,1.00
2016.09.27 16:17:07.856,1.32387,1.32396,1.75,1.00
2016.09.27 16:17:07.979,1.32388,1.32396,1.00,1.00
2016.09.27 16:17:08.081,1.32388,1.32396,1.00,1.50
2016.09.27 16:17:08.183,1.32388,1.32396,1.00,1.00
2016.09.27 16:17:08.488,1.32388,1.32396,1.00,1.50
2016.09.27 16:17:08.995,1.32388,1.32395,1.00,1.00
2016.09.27 16:17:09.047,1.32386,1.32394,1.50,1.00
2016.09.27 16:17:09.244,1.32385,1.32394,1.75,1.00
2016.09.27 16:17:09.448,1.32384,1.3239,2.62,1.00
2016.09.27 16:17:09.500,1.32383,1.3239,4.12,1.12
2016.09.27 16:17:09.551,1.32383,1.32391,3.00,3.00
2016.09.27 16:17:09.602,1.32381,1.32391,1.12,3.00
2016.09.27 16:17:09.704,1.32381,1.32391,1.12,3.00
2016.09.27 16:17:09.806,1.32381,1.32391,1.12,3.37
2016.09.27 16:17:09.857,1.32381,1.3239,1.12,1.30
2016.09.27 16:17:09.908,1.32381,1.32391,1.12,4.72
2016.09.27 16:17:09.960,1.3238,1.3239,2.06,1.12
2016.09.27 16:17:10.035,1.32381,1.3239,1.12,1.12
2016.09.27 16:17:10.087,1.32384,1.32392,1.00,3.37
2016.09.27 16:17:10.140,1.32385,1.32392,1.00,3.00
2016.09.27 16:17:10.192,1.32384,1.32392,3.22,1.00
2016.09.27 16:17:10.244,1.32385,1.32393,1.00,1.12
2016.09.27 16:17:10.303,1.32384,1.32394,3.60,1.00
2016.09.27 16:17:10.355,1.32385,1.32394,1.50,1.00
2016.09.27 16:17:10.407,1.32385,1.32394,1.50,1.00
2016.09.27 16:17:10.459,1.32384,1.32395,2.62,2.47
2016.09.27 16:17:10.510,1.32385,1.32395,1.37,2.47
2016.09.27 16:17:10.561,1.32385,1.32394,1.12,1.00
2016.09.27 16:17:10.612,1.32385,1.32394,3.00,1.00
2016.09.27 16:17:10.663,1.32385,1.32395,3.00,1.87
2016.09.27 16:17:10.939,1.32386,1.32394,1.75,1.00
2016.09.27 16:17:10.991,1.32386,1.32394,1.37,1.00
2016.09.27 16:17:11.043,1.32386,1.32394,1.12,1.00
2016.09.27 16:17:11.298,1.32386,1.32395,1.12,1.87
2016.09.27 16:17:11.350,1.32386,1.32397,3.00,4.12
2016.09.27 16:17:11.401,1.32388,1.32397,1.00,1.50
2016.09.27 16:17:11.453,1.32388,1.32396,1.50,1.00
2016.09.27 16:17:11.504,1.32388,1.32396,1.50,1.00
2016.09.27 16:17:11.608,1.32388,1.32396,1.50,1.00
2016.09.27 16:17:11.659,1.32388,1.32397,1.12,1.50
2016.09.27 16:17:11.761,1.32388,1.32397,1.68,1.00
2016.09.27 16:17:11.812,1.32388,1.32397,1.68,1.00
2016.09.27 16:17:12.361,1.32388,1.32397,1.08,1.60
2016.09.27 16:17:12.412,1.32388,1.32397,1.08,1.00
2016.09.27 16:17:12.463,1.32387,1.32397,1.08,2.62
2016.09.27 16:17:12.514,1.32387,1.32395,1.08,1.00
2016.09.27 16:17:12.565,1.32387,1.32397,1.64,2.25
2016.09.27 16:17:12.616,1.32389,1.32398,1.64,1.67
2016.09.27 16:17:12.667,1.3239,1.32399,4.30,2.62
2016.09.27 16:17:12.841,1.32393,1.32402,1.00,3.37
2016.09.27 16:17:12.892,1.32393,1.324,1.00,1.12
2016.09.27 16:17:12.944,1.32392,1.324,3.75,1.12
2016.09.27 16:17:12.996,1.32392,1.32401,1.50,1.37
2016.09.27 16:17:13.049,1.32392,1.32401,1.50,1.00
2016.09.27 16:17:13.203,1.32393,1.324,1.12,1.00
2016.09.27 16:17:13.254,1.32392,1.32401,1.50,1.00
2016.09.27 16:17:13.356,1.32392,1.32403,1.50,2.25
2016.09.27 16:17:13.407,1.32392,1.32403,1.50,2.25
2016.09.27 16:17:13.509,1.32392,1.32403,1.50,2.25
2016.09.27 16:17:13.664,1.32392,1.32403,1.50,1.50
2016.09.27 16:17:13.867,1.32393,1.32403,3.37,2.25
2016.09.27 16:17:13.919,1.32393,1.32403,3.37,2.25
2016.09.27 16:17:13.971,1.32392,1.32403,3.75,1.50
2016.09.27 16:17:14.022,1.32392,1.32403,3.75,1.50
2016.09.27 16:17:14.073,1.32393,1.32403,1.12,2.25
2016.09.27 16:17:14.124,1.32393,1.32403,1.12,2.25
2016.09.27 16:17:14.175,1.32392,1.32403,1.87,1.50
2016.09.27 16:17:14.667,1.32391,1.324,2.25,1.00
2016.09.27 16:17:14.718,1.32391,1.32397,2.25,1.00
2016.09.27 16:17:14.769,1.3239,1.32397,2.81,1.00
2016.09.27 16:17:14.820,1.32389,1.32397,3.56,1.00
2016.09.27 16:17:14.872,1.32389,1.32397,3.75,1.00
2016.09.27 16:17:14.923,1.32389,1.32397,1.87,1.00
2016.09.27 16:17:14.975,1.3239,1.32397,1.24,1.12
2016.09.27 16:17:15.027,1.32389,1.32397,1.81,1.50
2016.09.27 16:17:15.078,1.32388,1.32397,2.81,1.50
2016.09.27 16:17:15.231,1.32388,1.32397,2.81,1.50
2016.09.27 16:17:15.386,1.32388,1.32397,1.87,1.50
2016.09.27 16:17:15.590,1.32388,1.32397,2.06,1.50
2016.09.27 16:17:16.338,1.32388,1.32397,2.62,1.00
2016.09.27 16:17:16.389,1.32388,1.32398,3.78,1.37
2016.09.27 16:17:16.440,1.3239,1.32398,1.00,1.00
2016.09.27 16:17:16.594,1.32387,1.32398,4.87,1.12
2016.09.27 16:17:16.661,1.32387,1.32398,4.68,1.00
2016.09.27 16:17:16.712,1.32388,1.32399,1.68,2.62
2016.09.27 16:17:16.764,1.32388,1.32399,2.62,2.62
2016.09.27 16:17:16.815,1.32388,1.32399,2.62,2.62
2016.09.27 16:17:16.866,1.32388,1.32399,2.43,2.62
2016.09.27 16:17:16.968,1.32388,1.32399,3.37,2.62
2016.09.27 16:17:17.071,1.32388,1.32399,2.62,2.62
2016.09.27 16:17:17.122,1.32388,1.32399,2.62,2.62
2016.09.27 16:17:17.173,1.32389,1.32399,1.00,2.62
2016.09.27 16:17:17.224,1.32389,1.32398,1.12,1.00
2016.09.27 16:17:17.275,1.32389,1.32398,1.00,1.00
2016.09.27 16:17:17.377,1.32389,1.32398,1.12,1.00
2016.09.27 16:17:17.893,1.32389,1.32398,1.00,1.00
2016.09.27 16:17:17.995,1.32388,1.32398,1.68,1.00
2016.09.27 16:17:18.046,1.32388,1.32399,1.68,3.00
2016.09.27 16:17:18.098,1.32389,1.32399,1.19,3.00
2016.09.27 16:17:18.149,1.32389,1.32398,1.31,1.00
2016.09.27 16:17:19.099,1.32389,1.32398,1.25,1.00
2016.09.27 16:17:19.150,1.32389,1.32398,1.12,1.00
2016.09.27 16:17:19.404,1.32389,1.32398,1.50,1.00
2016.09.27 16:17:19.506,1.32389,1.32398,1.12,1.00
2016.09.27 16:17:20.102,1.32389,1.32398,1.12,1.60
2016.09.27 16:17:20.204,1.32388,1.32398,1.87,1.60
2016.09.27 16:17:20.297,1.32389,1.32398,1.50,3.22
2016.09.27 16:17:20.348,1.32389,1.32398,1.81,1.35
2016.09.27 16:17:20.400,1.32389,1.32398,1.12,1.35
2016.09.27 16:17:20.451,1.32388,1.32398,2.25,2.10
2016.09.27 16:17:20.503,1.32389,1.32398,1.56,2.10
2016.09.27 16:17:20.808,1.32388,1.32398,2.25,2.10
2016.09.27 16:17:20.862,1.32389,1.32398,1.56,2.10
2016.09.27 16:17:21.809,1.32388,1.32398,2.25,2.10
2016.09.27 16:17:22.355,1.32389,1.32398,2.25,2.10
2016.09.27 16:17:22.406,1.32389,1.32398,1.56,2.10
2016.09.27 16:17:22.457,1.32389,1.32397,1.56,1.30
2016.09.27 16:17:22.508,1.32388,1.32397,3.18,1.30
2016.09.27 16:17:23.396,1.32389,1.32398,2.25,2.10
2016.09.27 16:17:23.447,1.32389,1.32398,2.25,2.10
2016.09.27 16:17:23.498,1.32387,1.32397,4.12,1.60
2016.09.27 16:17:23.588,1.32387,1.32397,4.12,1.60
2016.09.27 16:17:23.640,1.32388,1.32397,1.50,1.97
2016.09.27 16:17:23.691,1.32388,1.32397,1.50,1.35
2016.09.27 16:17:23.843,1.32388,1.32398,1.50,3.37
2016.09.27 16:17:23.894,1.32389,1.32396,1.12,1.30
2016.09.27 16:17:24.268,1.32389,1.32398,1.12,3.37
2016.09.27 16:17:24.593,1.32389,1.32397,1.12,1.67
2016.09.27 16:17:24.766,1.32389,1.32398,1.12,3.97
2016.09.27 16:17:24.905,1.32389,1.32398,1.12,3.97
2016.09.27 16:17:25.018,1.32389,1.32397,1.00,2.62
2016.09.27 16:17:25.071,1.32389,1.32396,1.12,1.00
2016.09.27 16:17:25.175,1.32389,1.32397,1.31,2.62
2016.09.27 16:17:25.278,1.32389,1.32397,1.31,2.25
2016.09.27 16:17:25.329,1.32389,1.32398,1.31,2.85
2016.09.27 16:17:25.503,1.32389,1.32398,1.00,1.50
2016.09.27 16:17:25.831,1.32389,1.32398,1.00,2.10
2016.09.27 16:17:25.883,1.32387,1.32396,2.43,1.30
2016.09.27 16:17:25.934,1.32387,1.32396,2.43,1.35
2016.09.27 16:17:25.986,1.32387,1.32396,2.43,1.60
2016.09.27 16:17:26.038,1.32387,1.32396,2.43,1.35
2016.09.27 16:17:26.089,1.32387,1.32396,2.43,1.30
2016.09.27 16:17:26.140,1.32388,1.32397,1.24,1.60
2016.09.27 16:17:26.597,1.32388,1.32397,1.24,1.00
2016.09.27 16:17:26.700,1.32388,1.32397,1.24,1.72
2016.09.27 16:17:26.802,1.32387,1.32397,1.56,1.72
2016.09.27 16:17:26.853,1.32387,1.32397,1.31,1.72
2016.09.27 16:17:26.905,1.32387,1.32397,1.68,1.67
2016.09.27 16:17:26.977,1.32387,1.32397,1.31,1.67
2016.09.27 16:17:27.790,1.32387,1.32397,1.12,1.67
2016.09.27 16:17:28.530,1.32389,1.32397,1.00,1.67
2016.09.27 16:17:28.647,1.32389,1.32397,1.12,1.67
2016.09.27 16:17:28.932,1.32389,1.32398,1.12,4.12
2016.09.27 16:17:29.175,1.32389,1.32398,1.12,4.87
2016.09.27 16:17:29.688,1.32389,1.32396,1.12,1.30
2016.09.27 16:17:29.789,1.32389,1.32397,1.12,1.35
2016.09.27 16:17:29.840,1.32389,1.32398,1.00,4.12
2016.09.27 16:17:29.980,1.32389,1.32398,1.25,4.12
2016.09.27 16:17:30.032,1.32389,1.32398,1.31,4.12
2016.09.27 16:17:30.083,1.32389,1.32398,1.12,4.12
2016.09.27 16:17:30.184,1.32389,1.32398,1.00,4.12
2016.09.27 16:17:30.286,1.32389,1.32397,1.00,1.00
2016.09.27 16:17:30.388,1.32389,1.32397,1.25,1.00
2016.09.27 16:17:31.425,1.32388,1.32397,3.18,1.00
2016.09.27 16:17:31.578,1.32388,1.32397,2.01,1.00
2016.09.27 16:17:31.731,1.32388,1.32397,2.01,1.00
2016.09.27 16:17:31.782,1.32388,1.32397,1.87,1.00
2016.09.27 16:17:31.833,1.32388,1.32397,1.87,1.00
2016.09.27 16:17:31.884,1.32388,1.32397,3.33,1.00
2016.09.27 16:17:31.978,1.32388,1.32397,2.95,1.00
2016.09.27 16:17:32.080,1.32389,1.32397,1.27,1.00
2016.09.27 16:17:32.132,1.3239,1.32397,1.19,1.00
2016.09.27 16:17:32.183,1.3239,1.32397,1.27,1.00
2016.09.27 16:17:32.234,1.3239,1.32399,1.64,3.37
2016.09.27 16:17:32.285,1.3239,1.32399,2.28,2.62
2016.09.27 16:17:32.388,1.3239,1.32399,3.21,1.00
2016.09.27 16:17:32.626,1.3239,1.32399,2.28,1.00
2016.09.27 16:17:32.678,1.3239,1.32399,1.53,2.25
2016.09.27 16:17:32.730,1.3239,1.32399,1.24,2.25
2016.09.27 16:17:32.832,1.32388,1.32398,2.81,2.47
2016.09.27 16:17:32.883,1.32388,1.32399,1.12,5.81
2016.09.27 16:17:32.935,1.32388,1.32397,1.12,1.00
2016.09.27 16:17:32.986,1.32388,1.32397,1.12,3.22
2016.09.27 16:17:33.087,1.32388,1.32397,1.12,2.62
2016.09.27 16:17:33.189,1.32388,1.32397,1.12,2.25
2016.09.27 16:17:33.298,1.32388,1.32399,2.25,4.72
2016.09.27 16:17:33.349,1.32389,1.32398,1.37,1.37
2016.09.27 16:17:33.400,1.32389,1.32398,1.37,1.50
2016.09.27 16:17:33.451,1.32389,1.32398,1.00,1.50
2016.09.27 16:17:33.503,1.32389,1.32397,1.00,1.00
2016.09.27 16:17:33.554,1.32389,1.32398,1.00,3.37
2016.09.27 16:17:33.758,1.32389,1.32397,1.00,1.00
2016.09.27 16:17:33.962,1.32389,1.32397,1.00,1.35
2016.09.27 16:17:34.114,1.32389,1.32399,1.12,4.50
2016.09.27 16:17:34.165,1.32389,1.32399,1.12,4.50
2016.09.27 16:17:34.286,1.32389,1.32397,1.00,2.62
2016.09.27 16:17:34.338,1.32389,1.32397,1.00,2.25
2016.09.27 16:17:34.390,1.32389,1.32398,1.12,1.12
2016.09.27 16:17:34.441,1.32389,1.32398,1.12,1.50
2016.09.27 16:17:34.492,1.32389,1.32397,1.00,1.00
2016.09.27 16:17:34.798,1.32389,1.32398,1.00,4.12
2016.09.27 16:17:34.850,1.32387,1.32395,1.31,1.35
2016.09.27 16:17:34.902,1.32386,1.32391,1.68,1.00
2016.09.27 16:17:34.953,1.32384,1.32391,3.00,1.12
2016.09.27 16:17:35.004,1.32384,1.32391,2.25,1.87
2016.09.27 16:17:35.055,1.32383,1.32391,1.12,3.75
2016.09.27 16:17:35.179,1.32383,1.32389,1.00,1.12
2016.09.27 16:17:35.281,1.32384,1.32389,1.00,1.00
2016.09.27 16:17:35.434,1.32384,1.32389,1.00,1.50
2016.09.27 16:17:35.485,1.32383,1.32389,1.00,1.37
2016.09.27 16:17:35.536,1.32383,1.3239,1.00,3.75
2016.09.27 16:17:35.587,1.32384,1.32388,1.00,1.00
2016.09.27 16:17:35.689,1.32381,1.32388,1.31,1.00
2016.09.27 16:17:35.993,1.32381,1.32388,1.31,1.35
2016.09.27 16:17:36.080,1.3238,1.32388,2.43,1.35
2016.09.27 16:17:36.131,1.3238,1.32388,1.37,1.00
2016.09.27 16:17:36.183,1.3238,1.32388,1.00,1.12
2016.09.27 16:17:36.337,1.3238,1.32388,1.00,1.72
2016.09.27 16:17:36.439,1.3238,1.32388,1.00,1.72
2016.09.27 16:17:36.541,1.3238,1.32388,1.00,2.10
2016.09.27 16:17:36.592,1.3238,1.32388,1.00,2.10
2016.09.27 16:17:36.644,1.3238,1.32388,1.00,2.47
2016.09.27 16:17:36.695,1.3238,1.32388,1.00,3.22
2016.09.27 16:17:37.000,1.32377,1.32388,5.25,2.62
2016.09.27 16:17:37.068,1.32377,1.32388,3.75,2.85
2016.09.27 16:17:37.120,1.32377,1.32387,1.62,1.60
2016.09.27 16:17:37.172,1.32376,1.32382,5.62,1.00
2016.09.27 16:17:37.223,1.32378,1.32382,1.00,1.50
2016.09.27 16:17:37.275,1.32377,1.32382,1.00,1.87
2016.09.27 16:17:37.326,1.32376,1.32381,6.94,1.87
2016.09.27 16:17:37.401,1.32376,1.3238,4.69,1.00
2016.09.27 16:17:37.505,1.32373,1.32378,1.00,1.00
2016.09.27 16:17:37.629,1.32373,1.3238,1.00,2.62
2016.09.27 16:17:37.680,1.32373,1.3238,1.00,1.00
2016.09.27 16:17:37.732,1.32372,1.32381,2.25,1.50
2016.09.27 16:17:37.783,1.32372,1.32381,2.62,1.50
2016.09.27 16:17:37.834,1.32372,1.32381,2.25,1.50
2016.09.27 16:17:37.886,1.32372,1.32381,2.25,3.37
2016.09.27 16:17:37.988,1.32373,1.32381,1.12,3.37
2016.09.27 16:17:38.192,1.32372,1.32381,2.25,3.37
2016.09.27 16:17:38.693,1.32373,1.32381,1.50,3.37
2016.09.27 16:17:38.897,1.32373,1.32381,1.50,3.37
2016.09.27 16:17:38.999,1.32372,1.32381,1.00,3.37
2016.09.27 16:17:39.050,1.32372,1.32381,1.00,3.37
2016.09.27 16:17:39.101,1.32372,1.32381,1.69,3.37
2016.09.27 16:17:39.202,1.32373,1.32381,1.50,3.37
2016.09.27 16:17:39.424,1.32374,1.32381,1.00,4.12
2016.09.27 16:17:39.526,1.32373,1.32381,1.50,4.12
2016.09.27 16:17:39.633,1.32374,1.32381,1.00,4.12
2016.09.27 16:17:39.741,1.32374,1.32381,1.00,5.62
2016.09.27 16:17:39.792,1.32372,1.32381,1.87,6.00
2016.09.27 16:17:39.894,1.32372,1.32381,1.00,6.00
2016.09.27 16:17:40.047,1.32372,1.32381,1.00,4.50
2016.09.27 16:17:40.099,1.32372,1.32381,1.00,4.12
2016.09.27 16:17:40.200,1.32372,1.32381,1.50,4.12
2016.09.27 16:17:40.379,1.32372,1.3238,1.50,2.25
2016.09.27 16:17:40.532,1.32372,1.3238,1.00,1.50
2016.09.27 16:17:40.583,1.32372,1.3238,1.00,1.50
2016.09.27 16:17:40.634,1.32372,1.32379,1.50,1.00
2016.09.27 16:17:40.685,1.32372,1.3238,1.50,3.37
2016.09.27 16:17:40.787,1.32372,1.32379,1.50,1.00
2016.09.27 16:17:40.889,1.32372,1.32379,1.50,1.50
2016.09.27 16:17:41.041,1.32372,1.32379,1.00,1.37
2016.09.27 16:17:41.262,1.32371,1.32379,1.87,1.37
2016.09.27 16:17:41.313,1.32372,1.32379,1.00,1.37
2016.09.27 16:17:41.516,1.32372,1.32379,1.00,1.50
2016.09.27 16:17:41.567,1.32372,1.32379,1.00,2.25
2016.09.27 16:17:41.619,1.32369,1.32379,1.12,3.00
2016.09.27 16:17:41.721,1.32369,1.32379,1.50,2.25
2016.09.27 16:17:41.772,1.3237,1.32379,1.00,2.25
2016.09.27 16:17:42.026,1.3237,1.32379,1.00,3.00
2016.09.27 16:17:42.128,1.3237,1.32379,1.00,2.25
2016.09.27 16:17:42.271,1.3237,1.32379,1.00,2.25
2016.09.27 16:17:42.324,1.3237,1.32379,1.00,3.00
2016.09.27 16:17:42.375,1.3237,1.3238,1.75,3.75
2016.09.27 16:17:42.426,1.3237,1.3238,1.75,3.00
2016.09.27 16:17:43.273,1.3237,1.3238,1.75,3.00
2016.09.27 16:17:43.375,1.3237,1.32379,1.00,3.00
2016.09.27 16:17:43.426,1.3237,1.32379,1.00,2.25
2016.09.27 16:17:43.698,1.3237,1.32379,1.00,3.00
2016.09.27 16:17:43.800,1.3237,1.32379,1.00,2.25
2016.09.27 16:17:44.126,1.3237,1.32379,1.00,3.00
2016.09.27 16:17:44.177,1.3237,1.32379,1.00,2.25
2016.09.27 16:17:44.279,1.3237,1.32379,1.00,2.25
2016.09.27 16:17:44.331,1.3237,1.32379,1.31,1.00
2016.09.27 16:17:44.383,1.3237,1.32379,1.31,2.62
2016.09.27 16:17:44.434,1.32371,1.32379,1.19,3.00
2016.09.27 16:17:44.486,1.32371,1.32379,1.69,1.12
2016.09.27 16:17:44.847,1.32371,1.32379,1.50,1.12
2016.09.27 16:17:44.898,1.32371,1.32379,1.37,1.12
2016.09.27 16:17:44.951,1.3237,1.32381,1.87,5.62
2016.09.27 16:17:45.002,1.32371,1.32381,1.56,4.12
2016.09.27 16:17:45.104,1.32372,1.32381,1.19,5.62
2016.09.27 16:17:45.206,1.32371,1.32381,1.56,4.12
2016.09.27 16:17:45.300,1.3237,1.32381,2.44,4.12
2016.09.27 16:17:45.927,1.3237,1.32381,3.41,4.87
2016.09.27 16:17:46.239,1.3237,1.32381,2.25,4.12
2016.09.27 16:17:46.496,1.3237,1.32381,3.00,4.12
2016.09.27 16:17:46.547,1.3237,1.32381,3.60,4.12
2016.09.27 16:17:46.649,1.3237,1.32381,4.54,4.87
2016.09.27 16:17:46.700,1.3237,1.32381,3.60,4.12
2016.09.27 16:17:46.802,1.32371,1.32381,1.67,4.12
2016.09.27 16:17:46.904,1.32371,1.32381,1.67,4.87
2016.09.27 16:17:47.095,1.32372,1.32381,1.30,4.12
2016.09.27 16:17:47.197,1.3237,1.32381,2.62,4.12
2016.09.27 16:17:47.248,1.3237,1.3238,2.62,1.37
2016.09.27 16:17:47.299,1.3237,1.32379,2.62,1.00
2016.09.27 16:17:47.350,1.3237,1.32379,1.87,1.00
2016.09.27 16:17:47.401,1.3237,1.32379,1.87,1.37
2016.09.27 16:17:47.452,1.3237,1.32379,2.25,1.37
2016.09.27 16:17:47.503,1.3237,1.32379,2.25,1.00
2016.09.27 16:17:47.605,1.3237,1.32379,2.25,1.12
2016.09.27 16:17:47.657,1.3237,1.32379,2.25,1.50
2016.09.27 16:17:47.708,1.3237,1.32379,4.87,1.50
2016.09.27 16:17:47.759,1.32372,1.32379,1.00,1.12
2016.09.27 16:17:47.810,1.32372,1.32381,1.12,1.12
2016.09.27 16:17:48.013,1.32371,1.32381,3.00,1.12
2016.09.27 16:17:48.115,1.32371,1.32381,3.00,2.62
2016.09.27 16:17:48.217,1.32371,1.32381,3.00,3.37
2016.09.27 16:17:48.268,1.32371,1.32381,3.00,3.37
2016.09.27 16:17:48.319,1.32371,1.32381,1.50,1.87
2016.09.27 16:17:48.370,1.32371,1.3238,1.50,1.00
2016.09.27 16:17:48.422,1.32371,1.3238,1.12,1.00
2016.09.27 16:17:48.473,1.32371,1.3238,1.00,1.00
2016.09.27 16:17:48.524,1.3237,1.3238,1.12,1.50
2016.09.27 16:17:48.575,1.3237,1.3238,1.12,2.25
2016.09.27 16:17:48.626,1.3237,1.32379,1.12,1.12
2016.09.27 16:17:48.677,1.3237,1.32379,1.12,1.12
2016.09.27 16:17:48.728,1.3237,1.3238,1.50,2.62
2016.09.27 16:17:48.799,1.3237,1.3238,1.50,3.37
2016.09.27 16:17:48.850,1.3237,1.32379,1.12,1.12
2016.09.27 16:17:49.003,1.3237,1.32379,1.12,1.45
2016.09.27 16:17:49.105,1.32368,1.32379,3.00,1.45
2016.09.27 16:17:49.156,1.32368,1.32378,2.62,1.18
2016.09.27 16:17:49.207,1.32369,1.32377,1.00,1.00
2016.09.27 16:17:49.258,1.32368,1.32377,2.25,1.00
2016.09.27 16:17:49.309,1.32368,1.32379,2.62,3.00
2016.09.27 16:17:49.360,1.32369,1.32379,1.00,3.00
2016.09.27 16:17:49.411,1.32369,1.3238,1.00,6.37
2016.09.27 16:17:49.492,1.32368,1.3238,5.25,4.50
2016.09.27 16:17:49.543,1.32371,1.3238,1.00,4.50
2016.09.27 16:17:49.595,1.3237,1.3238,2.25,3.37
2016.09.27 16:17:49.647,1.32371,1.3238,1.87,2.25
2016.09.27 16:17:49.736,1.32371,1.32379,1.87,2.25
2016.09.27 16:17:49.838,1.32371,1.32379,1.87,1.00
2016.09.27 16:17:49.889,1.32371,1.32379,1.50,1.00
2016.09.27 16:17:50.042,1.32371,1.32379,1.50,2.25
2016.09.27 16:17:50.145,1.32371,1.32379,1.50,1.00
2016.09.27 16:17:50.381,1.32371,1.32379,1.87,1.00
2016.09.27 16:17:50.482,1.32371,1.32379,1.50,1.00
2016.09.27 16:17:50.950,1.32371,1.32379,1.87,1.00
2016.09.27 16:17:51.051,1.32371,1.32379,1.87,1.50
2016.09.27 16:17:51.255,1.32371,1.32379,1.50,1.50
2016.09.27 16:17:51.458,1.32371,1.32378,1.50,1.00
2016.09.27 16:17:51.510,1.32371,1.32377,1.00,1.12
2016.09.27 16:17:51.613,1.32369,1.32373,1.00,1.00
2016.09.27 16:17:51.664,1.32368,1.32372,1.50,1.00
2016.09.27 16:17:51.715,1.32366,1.32373,2.62,3.00
2016.09.27 16:17:51.814,1.32362,1.32372,2.62,1.87
2016.09.27 16:17:51.866,1.32364,1.32372,1.00,1.12
2016.09.27 16:17:51.918,1.32364,1.32372,2.34,1.12
2016.09.27 16:17:51.984,1.32364,1.32373,3.75,2.62
2016.09.27 16:17:52.036,1.32366,1.32372,1.00,2.62
2016.09.27 16:17:52.088,1.32368,1.32372,1.00,2.62
2016.09.27 16:17:52.140,1.32368,1.32376,1.00,1.50
2016.09.27 16:17:52.243,1.32368,1.32376,1.12,1.37
2016.09.27 16:17:52.294,1.32368,1.32376,1.50,1.00
2016.09.27 16:17:52.421,1.32368,1.32376,1.50,1.50
2016.09.27 16:17:52.472,1.32368,1.32376,1.12,1.87
2016.09.27 16:17:52.523,1.32368,1.32376,1.12,1.50
2016.09.27 16:17:52.574,1.32368,1.32376,1.12,1.37
2016.09.27 16:17:52.625,1.32368,1.32376,1.12,1.87
2016.09.27 16:17:52.676,1.32368,1.32376,1.12,2.25
2016.09.27 16:17:52.727,1.32368,1.32376,1.00,4.12
2016.09.27 16:17:52.829,1.32368,1.32376,1.00,2.62
2016.09.27 16:17:53.299,1.32368,1.32376,1.00,3.37
2016.09.27 16:17:53.351,1.32368,1.32376,1.00,4.12
2016.09.27 16:17:53.453,1.32368,1.32376,1.00,3.37
2016.09.27 16:17:54.116,1.32368,1.32376,1.00,4.12
2016.09.27 16:17:54.421,1.32368,1.32376,1.00,3.37
2016.09.27 16:17:54.472,1.32368,1.32376,1.00,3.00
2016.09.27 16:17:54.586,1.32368,1.32376,1.00,1.12
2016.09.27 16:17:55.661,1.32368,1.32376,1.00,1.87
2016.09.27 16:17:55.712,1.32368,1.32377,1.47,1.50
2016.09.27 16:17:55.956,1.32368,1.32377,1.97,1.50
2016.09.27 16:17:56.460,1.32368,1.32377,1.47,1.50
2016.09.27 16:17:56.511,1.32367,1.32377,2.34,2.25
2016.09.27 16:17:56.562,1.32367,1.32376,1.59,1.50
2016.09.27 16:17:56.613,1.32366,1.32373,1.50,1.48
2016.09.27 16:17:56.665,1.32365,1.32372,1.22,1.12
2016.09.27 16:17:56.716,1.32365,1.32372,1.00,1.50
2016.09.27 16:17:56.768,1.32367,1.32373,1.00,1.00
2016.09.27 16:17:56.820,1.32366,1.32373,1.22,1.37
2016.09.27 16:17:56.873,1.32366,1.32374,1.22,3.37
2016.09.27 16:17:56.962,1.32366,1.32373,1.97,2.62
2016.09.27 16:17:57.048,1.32366,1.32373,1.97,2.25
2016.09.27 16:17:57.099,1.32365,1.32373,1.97,2.25
2016.09.27 16:17:57.151,1.32365,1.32374,1.59,4.54
2016.09.27 16:17:57.202,1.32363,1.32373,2.72,1.00
2016.09.27 16:17:57.253,1.32364,1.32374,1.59,4.35
2016.09.27 16:17:57.355,1.32366,1.32373,1.00,1.00
2016.09.27 16:17:57.406,1.32365,1.32373,1.22,1.00
2016.09.27 16:17:57.457,1.32367,1.32374,1.00,3.94
2016.09.27 16:17:57.509,1.32366,1.32372,1.22,2.62
2016.09.27 16:17:57.561,1.32366,1.32372,1.22,2.25
2016.09.27 16:17:57.612,1.32366,1.32374,1.47,2.81
2016.09.27 16:17:57.664,1.32365,1.32373,1.97,1.37
2016.09.27 16:17:57.716,1.32365,1.32373,1.50,1.00
2016.09.27 16:17:57.767,1.32365,1.32373,1.22,1.00
2016.09.27 16:17:57.818,1.32365,1.32373,1.22,1.00
2016.09.27 16:17:57.900,1.32365,1.32375,1.59,2.62
2016.09.27 16:17:57.976,1.32365,1.32375,1.97,1.87
2016.09.27 16:17:58.028,1.32367,1.32372,1.59,2.62
2016.09.27 16:17:58.079,1.32367,1.32373,3.32,4.12
2016.09.27 16:17:58.130,1.32369,1.32375,2.72,2.25
2016.09.27 16:17:58.181,1.32371,1.32377,1.00,1.87
2016.09.27 16:17:58.232,1.32371,1.32378,1.12,1.12
2016.09.27 16:17:58.334,1.32371,1.32378,1.00,1.12
2016.09.27 16:17:58.386,1.32371,1.32378,1.00,1.50
2016.09.27 16:17:58.437,1.32371,1.32378,1.37,1.12
2016.09.27 16:17:58.488,1.32371,1.32378,1.50,1.00
2016.09.27 16:17:59.626,1.32371,1.32378,1.50,1.12
2016.09.27 16:17:59.677,1.32371,1.3238,1.12,4.12
2016.09.27 16:17:59.830,1.32371,1.32379,1.31,2.62
2016.09.27 16:17:59.881,1.32372,1.32379,1.25,2.62
2016.09.27 16:17:59.932,1.32372,1.32379,1.00,2.62
2016.09.27 16:17:59.983,1.32371,1.32379,1.22,2.62
2016.09.27 16:18:00.150,1.32371,1.32379,1.97,2.62
2016.09.27 16:18:00.369,1.32371,1.32379,2.34,2.62
2016.09.27 16:18:00.421,1.32373,1.32379,1.00,1.00
2016.09.27 16:18:00.473,1.32374,1.32381,1.12,2.62
2016.09.27 16:18:00.524,1.32376,1.32383,1.12,4.12
2016.09.27 16:18:00.575,1.32376,1.32383,1.00,1.12
2016.09.27 16:18:00.627,1.32375,1.32382,3.47,1.00
2016.09.27 16:18:00.678,1.32375,1.32382,2.72,1.00
2016.09.27 16:18:00.780,1.32375,1.32382,3.47,1.00
2016.09.27 16:18:00.907,1.32376,1.32383,1.37,1.00
2016.09.27 16:18:00.959,1.32375,1.32386,3.09,2.44
2016.09.27 16:18:01.011,1.32375,1.32386,3.09,3.19
2016.09.27 16:18:01.064,1.32375,1.32386,3.09,3.19
2016.09.27 16:18:01.167,1.32375,1.32386,2.34,2.06
2016.09.27 16:18:01.219,1.32375,1.32386,2.34,2.06
2016.09.27 16:18:01.270,1.32375,1.32386,1.22,2.81
2016.09.27 16:18:01.321,1.32376,1.32384,1.00,1.12
2016.09.27 16:18:01.373,1.32373,1.32383,5.72,1.50
2016.09.27 16:18:01.424,1.32373,1.32383,1.87,1.87
2016.09.27 16:18:01.476,1.32372,1.32383,1.87,2.25
2016.09.27 16:18:01.847,1.32372,1.32383,1.50,2.25
2016.09.27 16:18:02.256,1.32372,1.3238,1.50,1.00
2016.09.27 16:18:02.307,1.32371,1.3238,1.97,1.00
2016.09.27 16:18:02.358,1.32371,1.32381,1.22,1.56
2016.09.27 16:18:02.409,1.3237,1.32381,4.50,1.56
2016.09.27 16:18:02.460,1.3237,1.32381,3.37,2.06
2016.09.27 16:18:02.562,1.3237,1.3238,3.37,1.19
2016.09.27 16:18:02.710,1.32371,1.32381,3.37,1.00
2016.09.27 16:18:02.762,1.32372,1.32382,1.37,3.09
2016.09.27 16:18:02.814,1.32372,1.32382,1.87,1.37
2016.09.27 16:18:02.920,1.32372,1.32382,3.75,1.12
2016.09.27 16:18:02.972,1.32374,1.32382,1.50,1.12
2016.09.27 16:18:03.024,1.32375,1.32382,1.69,1.12
2016.09.27 16:18:03.076,1.32376,1.32385,1.31,3.37
2016.09.27 16:18:03.129,1.32376,1.32384,1.69,1.00
2016.09.27 16:18:03.181,1.32376,1.32384,1.69,1.50
2016.09.27 16:18:03.303,1.32377,1.32384,1.12,1.00
2016.09.27 16:18:03.354,1.32377,1.32386,1.50,1.87
2016.09.27 16:18:03.558,1.32377,1.32386,1.12,1.87
2016.09.27 16:18:03.762,1.32378,1.32386,2.44,1.00
2016.09.27 16:18:03.813,1.32381,1.32386,1.00,1.00
2016.09.27 16:18:03.865,1.32381,1.32388,1.50,1.00
2016.09.27 16:18:03.917,1.32381,1.32388,1.00,1.00
2016.09.27 16:18:04.041,1.3238,1.32388,3.75,1.00
2016.09.27 16:18:04.144,1.3238,1.32389,3.37,1.50
2016.09.27 16:18:04.195,1.3238,1.32389,3.37,1.00
2016.09.27 16:18:04.246,1.32382,1.32388,1.37,1.00
2016.09.27 16:18:04.449,1.32382,1.32391,1.37,3.22
2016.09.27 16:18:04.551,1.32382,1.3239,1.37,1.12
2016.09.27 16:18:04.653,1.32382,1.32391,1.37,3.22
2016.09.27 16:18:04.755,1.32382,1.32391,1.37,2.62
2016.09.27 16:18:04.857,1.32382,1.3239,1.37,1.12
2016.09.27 16:18:05.026,1.32382,1.32391,1.37,1.87
2016.09.27 16:18:05.077,1.32382,1.32391,1.37,2.47
2016.09.27 16:18:05.538,1.32382,1.32391,1.37,1.87
2016.09.27 16:18:05.590,1.32382,1.32391,1.37,3.22
2016.09.27 16:18:05.793,1.32382,1.32391,1.37,2.62
2016.09.27 16:18:06.371,1.32382,1.32391,1.37,4.72
2016.09.27 16:18:06.626,1.32382,1.32391,1.37,2.34
2016.09.27 16:18:06.881,1.32381,1.3239,1.50,1.30
2016.09.27 16:18:06.987,1.32381,1.32391,1.50,2.19
2016.09.27 16:18:07.190,1.32381,1.32391,1.50,2.94
2016.09.27 16:18:07.301,1.32381,1.3239,1.50,1.30
2016.09.27 16:18:07.353,1.32381,1.32391,1.50,1.59
2016.09.27 16:18:07.782,1.32381,1.32391,1.50,2.34
2016.09.27 16:18:07.985,1.32381,1.32391,1.87,1.59
2016.09.27 16:18:08.088,1.32381,1.32391,2.06,1.59
2016.09.27 16:18:08.192,1.32383,1.32391,1.12,1.59
2016.09.27 16:18:08.244,1.32381,1.32391,2.06,2.19
2016.09.27 16:18:08.295,1.32384,1.32391,1.00,1.22
2016.09.27 16:18:08.409,1.32383,1.32393,1.59,3.00
2016.09.27 16:18:08.460,1.32384,1.32392,1.12,1.12
2016.09.27 16:18:08.511,1.32384,1.32392,1.12,1.00
2016.09.27 16:18:08.563,1.32384,1.32393,1.12,1.87
2016.09.27 16:18:08.665,1.32384,1.32393,1.12,1.12
2016.09.27 16:18:08.768,1.32384,1.32393,3.37,1.00
2016.09.27 16:18:08.870,1.32384,1.32394,3.37,1.12
2016.09.27 16:18:09.022,1.32384,1.32395,3.37,2.19
2016.09.27 16:18:09.074,1.32384,1.32394,1.50,2.62
2016.09.27 16:18:10.468,1.32384,1.32394,1.87,2.62
2016.09.27 16:18:10.825,1.32384,1.32394,2.34,2.62
2016.09.27 16:18:10.876,1.32386,1.32394,1.37,2.62
2016.09.27 16:18:10.928,1.32387,1.32394,1.12,2.62
2016.09.27 16:18:10.979,1.32387,1.32396,1.12,3.09
2016.09.27 16:18:11.030,1.32387,1.32396,1.12,2.62
2016.09.27 16:18:11.081,1.32387,1.32397,1.87,1.12
2016.09.27 16:18:11.132,1.32387,1.32397,1.87,1.59
2016.09.27 16:18:11.285,1.32387,1.32397,1.50,1.59
2016.09.27 16:18:11.556,1.32387,1.32397,1.50,1.12
2016.09.27 16:18:11.659,1.32387,1.32397,1.50,1.59
2016.09.27 16:18:11.761,1.32387,1.32397,1.50,2.34
2016.09.27 16:18:11.964,1.32387,1.32396,1.50,2.25
2016.09.27 16:18:12.015,1.32387,1.32396,1.12,2.62
2016.09.27 16:18:12.524,1.32387,1.32396,1.12,2.62
2016.09.27 16:18:12.660,1.32387,1.32396,1.50,2.62
2016.09.27 16:18:12.966,1.32387,1.32396,1.12,2.62
2016.09.27 16:18:13.271,1.32387,1.32396,1.50,2.62
2016.09.27 16:18:13.373,1.32387,1.32396,1.12,2.62
2016.09.27 16:18:13.859,1.32387,1.32396,1.50,2.62
2016.09.27 16:18:14.004,1.32387,1.32396,1.12,2.62
2016.09.27 16:18:14.258,1.32387,1.32396,1.50,2.62
2016.09.27 16:18:14.388,1.32387,1.32397,1.37,3.09
2016.09.27 16:18:14.693,1.32387,1.32397,1.50,3.09
2016.09.27 16:18:14.795,1.32387,1.32397,1.37,3.09
2016.09.27 16:18:14.998,1.32387,1.32397,1.50,3.09
2016.09.27 16:18:15.808,1.32387,1.32396,1.87,1.00
2016.09.27 16:18:15.860,1.32387,1.32396,1.50,1.00
2016.09.27 16:18:15.983,1.32387,1.32396,1.50,2.62
2016.09.27 16:18:16.085,1.32387,1.32396,1.12,2.62
2016.09.27 16:18:16.544,1.32388,1.32396,1.00,2.62
2016.09.27 16:18:16.595,1.32389,1.32398,1.00,1.50
2016.09.27 16:18:16.647,1.3239,1.32398,1.50,1.97
2016.09.27 16:18:16.699,1.32389,1.32398,2.25,1.37
2016.09.27 16:18:16.750,1.3239,1.32398,1.12,1.37
2016.09.27 16:18:16.802,1.3239,1.32399,1.50,1.97
2016.09.27 16:18:16.923,1.3239,1.32399,1.75,1.97
2016.09.27 16:18:16.983,1.3239,1.32399,1.50,1.22
2016.09.27 16:18:17.085,1.3239,1.32399,1.50,1.97
2016.09.27 16:18:17.188,1.3239,1.32399,1.50,1.22
2016.09.27 16:18:17.291,1.3239,1.324,1.50,2.34
2016.09.27 16:18:17.497,1.3239,1.32399,1.50,1.22
2016.09.27 16:18:17.600,1.3239,1.324,1.50,2.34
2016.09.27 16:18:17.862,1.32389,1.324,1.75,3.09
2016.09.27 16:18:17.946,1.32388,1.324,3.37,3.09
2016.09.27 16:18:17.997,1.32388,1.324,3.37,3.09
2016.09.27 16:18:18.049,1.32388,1.324,3.37,3.84
2016.09.27 16:18:18.102,1.32388,1.32398,1.50,1.59
2016.09.27 16:18:18.205,1.32387,1.32398,1.75,1.59
2016.09.27 16:18:18.256,1.32387,1.32398,1.75,1.59
2016.09.27 16:18:18.307,1.32387,1.32396,1.50,1.54
2016.09.27 16:18:18.697,1.32386,1.32395,1.00,1.47
2016.09.27 16:18:18.749,1.32386,1.32395,1.00,1.97
2016.09.27 16:18:18.800,1.32384,1.32393,1.50,1.69
2016.09.27 16:18:18.851,1.32384,1.32393,1.50,2.90
2016.09.27 16:18:18.902,1.32384,1.32392,1.00,1.22
2016.09.27 16:18:19.276,1.32384,1.32392,1.00,1.40
2016.09.27 16:18:19.429,1.32384,1.32392,1.00,2.15
2016.09.27 16:18:19.480,1.32384,1.32392,1.00,1.97
2016.09.27 16:18:20.267,1.32384,1.32392,1.00,2.15
2016.09.27 16:18:20.895,1.32384,1.32392,1.00,1.97
2016.09.27 16:18:21.099,1.32383,1.32391,1.00,1.00
2016.09.27 16:18:21.150,1.32383,1.32392,1.00,2.90
2016.09.27 16:18:21.201,1.3238,1.3239,2.62,1.97
2016.09.27 16:18:21.328,1.3238,1.3239,1.75,1.97
2016.09.27 16:18:23.604,1.32379,1.3239,3.83,2.53
2016.09.27 16:18:23.655,1.32379,1.3239,2.62,4.03
2016.09.27 16:18:23.706,1.32379,1.32388,1.50,1.63
2016.09.27 16:18:23.808,1.32379,1.32388,1.00,3.98
2016.09.27 16:18:23.910,1.32379,1.32388,1.00,3.84
2016.09.27 16:18:23.961,1.32377,1.32388,1.50,3.84
2016.09.27 16:18:24.012,1.32377,1.32386,1.12,2.62
2016.09.27 16:18:24.063,1.32376,1.32386,1.50,2.62
2016.09.27 16:18:24.115,1.32376,1.32383,1.12,1.00
2016.09.27 16:18:25.733,1.32376,1.32386,1.50,6.19
2016.09.27 16:18:25.784,1.32376,1.32385,1.50,1.37
2016.09.27 16:18:25.835,1.32376,1.32384,1.00,2.62
2016.09.27 16:18:26.735,1.32376,1.32384,1.24,2.62
2016.09.27 16:18:26.786,1.32376,1.32384,1.24,3.37
2016.09.27 16:18:27.065,1.32375,1.32381,1.50,1.00
2016.09.27 16:18:27.167,1.32372,1.32379,4.12,1.00
2016.09.27 16:18:27.218,1.32372,1.32379,1.12,1.00
2016.09.27 16:18:27.269,1.32369,1.32379,4.87,1.50
2016.09.27 16:18:27.320,1.32369,1.32378,3.37,1.30
2016.09.27 16:18:27.371,1.32369,1.32379,3.37,2.47
2016.09.27 16:18:27.422,1.3237,1.32379,1.37,3.22
2016.09.27 16:18:27.576,1.3237,1.32379,1.37,3.22
2016.09.27 16:18:27.678,1.3237,1.32379,1.37,2.47
2016.09.27 16:18:27.729,1.3237,1.32379,1.50,2.47
2016.09.27 16:18:28.261,1.3237,1.32379,1.50,1.87
2016.09.27 16:18:28.312,1.32371,1.32379,1.00,2.62
2016.09.27 16:18:28.363,1.32371,1.32379,1.00,1.87
2016.09.27 16:18:28.414,1.32371,1.32379,1.37,2.25
2016.09.27 16:18:28.516,1.32371,1.32379,1.37,1.50
2016.09.27 16:18:28.618,1.3237,1.32379,1.87,2.25
2016.09.27 16:18:28.669,1.3237,1.32379,1.75,2.25
2016.09.27 16:18:28.822,1.3237,1.32379,1.75,1.50
2016.09.27 16:18:28.924,1.32371,1.32379,1.37,1.50
2016.09.27 16:18:29.026,1.32371,1.32379,1.37,1.00
2016.09.27 16:18:29.252,1.32371,1.32379,1.37,1.00
2016.09.27 16:18:29.405,1.32371,1.32379,1.00,1.50
2016.09.27 16:18:29.456,1.3237,1.32378,1.87,1.12
2016.09.27 16:18:29.507,1.32371,1.32378,1.12,1.12
2016.09.27 16:18:29.609,1.3237,1.32378,1.87,1.87
2016.09.27 16:18:30.320,1.3237,1.32378,1.87,1.12
2016.09.27 16:18:30.422,1.3237,1.32378,1.50,1.12
2016.09.27 16:18:30.626,1.32371,1.32378,1.12,1.12
2016.09.27 16:18:30.802,1.32369,1.32378,2.25,1.12
2016.09.27 16:18:31.008,1.32369,1.32378,2.25,1.87
2016.09.27 16:18:31.416,1.32369,1.32378,2.25,1.12
2016.09.27 16:18:32.451,1.32371,1.32378,1.12,1.12
2016.09.27 16:18:32.554,1.32371,1.32379,1.12,1.50
2016.09.27 16:18:34.722,1.32371,1.32379,1.12,2.25
2016.09.27 16:18:35.567,1.3237,1.32379,1.37,3.75
2016.09.27 16:18:36.819,1.3237,1.32379,1.37,3.00
2016.09.27 16:18:36.871,1.32369,1.32379,2.62,3.00
2016.09.27 16:18:36.955,1.32371,1.32379,1.00,3.00
2016.09.27 16:18:37.056,1.32369,1.32379,2.62,3.00
2016.09.27 16:18:37.107,1.32369,1.32379,2.62,3.75
2016.09.27 16:18:37.230,1.32368,1.32379,4.68,3.75
2016.09.27 16:18:37.332,1.32368,1.32379,4.68,4.50
2016.09.27 16:18:37.587,1.32369,1.32377,1.75,1.00
2016.09.27 16:18:37.638,1.32369,1.32377,1.75,1.50
2016.09.27 16:18:37.690,1.32369,1.32377,1.75,1.00
2016.09.27 16:18:37.792,1.32369,1.32377,1.75,1.50
2016.09.27 16:18:37.997,1.32369,1.32377,1.75,1.00
2016.09.27 16:18:38.048,1.32369,1.32378,1.75,1.12
2016.09.27 16:18:38.099,1.32369,1.32378,1.75,1.87
2016.09.27 16:18:38.201,1.32368,1.32377,4.12,1.00
2016.09.27 16:18:38.303,1.32368,1.32378,4.12,2.47
2016.09.27 16:18:38.404,1.32368,1.32377,4.12,1.00
2016.09.27 16:18:38.675,1.32368,1.32377,4.12,1.00
2016.09.27 16:18:38.991,1.32368,1.32378,4.12,2.62
2016.09.27 16:18:39.093,1.32368,1.32378,4.12,1.87
2016.09.27 16:18:39.588,1.32368,1.32377,4.12,1.00
2016.09.27 16:18:39.774,1.32369,1.32377,1.75,1.00
2016.09.27 16:18:39.826,1.32369,1.32378,1.75,1.12
2016.09.27 16:18:39.877,1.32371,1.32379,1.37,2.25
2016.09.27 16:18:39.980,1.3237,1.32379,3.75,2.25
2016.09.27 16:18:40.132,1.32371,1.3238,1.50,6.37
2016.09.27 16:18:40.185,1.32371,1.3238,1.50,5.62
2016.09.27 16:18:40.236,1.32371,1.3238,1.50,4.87
2016.09.27 16:18:40.339,1.32371,1.3238,1.87,2.25
2016.09.27 16:18:40.391,1.32371,1.3238,2.25,2.25
2016.09.27 16:18:40.442,1.32371,1.3238,2.25,3.00
2016.09.27 16:18:40.959,1.32371,1.3238,1.50,2.25
2016.09.27 16:18:41.010,1.32371,1.3238,2.25,1.50
2016.09.27 16:18:41.417,1.32371,1.3238,3.00,1.50
2016.09.27 16:18:41.520,1.32371,1.3238,3.00,2.25
2016.09.27 16:18:41.998,1.32371,1.3238,3.00,1.50
2016.09.27 16:18:42.100,1.32371,1.3238,3.00,2.25
2016.09.27 16:18:43.098,1.32371,1.3238,3.00,1.50
2016.09.27 16:18:43.301,1.32371,1.3238,3.00,2.25
2016.09.27 16:18:43.403,1.32371,1.3238,3.00,1.50
2016.09.27 16:18:43.606,1.32371,1.3238,3.00,2.25
2016.09.27 16:18:43.708,1.32371,1.3238,3.00,1.50
2016.09.27 16:18:44.229,1.32371,1.3238,5.25,1.50
2016.09.27 16:18:44.280,1.32372,1.3238,2.62,1.50
2016.09.27 16:18:44.332,1.32372,1.3238,3.37,2.25
2016.09.27 16:18:44.383,1.32372,1.3238,1.87,2.25
2016.09.27 16:18:44.739,1.32372,1.3238,1.37,1.50
2016.09.27 16:18:45.157,1.32372,1.3238,1.87,1.50
2016.09.27 16:18:45.329,1.32372,1.3238,2.62,2.25
2016.09.27 16:18:45.481,1.32377,1.32381,1.00,1.87
2016.09.27 16:18:45.532,1.32377,1.32383,1.79,3.75
2016.09.27 16:18:45.584,1.32378,1.32383,1.42,1.00
2016.09.27 16:18:45.635,1.32379,1.32383,1.00,1.00
2016.09.27 16:18:45.737,1.32379,1.32386,1.00,1.50
2016.09.27 16:18:45.788,1.32379,1.32386,1.12,1.50
2016.09.27 16:18:45.839,1.32379,1.32386,1.12,2.25
2016.09.27 16:18:45.954,1.32379,1.32386,1.12,1.50
2016.09.27 16:18:46.005,1.32379,1.32388,1.12,4.12
2016.09.27 16:18:46.107,1.32379,1.32388,1.12,2.62
2016.09.27 16:18:46.209,1.32379,1.32388,1.12,3.37
2016.09.27 16:18:46.311,1.32379,1.32388,1.12,1.87
2016.09.27 16:18:46.616,1.32379,1.32388,1.12,3.37
2016.09.27 16:18:46.718,1.32379,1.32388,1.12,2.62
2016.09.27 16:18:46.820,1.32379,1.32388,1.12,1.87
2016.09.27 16:18:47.194,1.32379,1.32388,1.12,1.12
2016.09.27 16:18:47.245,1.32379,1.32388,1.12,1.87
2016.09.27 16:18:47.348,1.32379,1.32388,1.12,2.62
2016.09.27 16:18:47.712,1.32379,1.32388,1.12,1.87
2016.09.27 16:18:48.017,1.32379,1.32388,1.12,2.62
2016.09.27 16:18:48.119,1.32379,1.32388,1.12,1.87
2016.09.27 16:18:48.170,1.32379,1.32388,1.12,1.12
2016.09.27 16:18:48.221,1.32379,1.32388,1.12,1.87
2016.09.27 16:18:48.609,1.32379,1.32388,1.12,1.12
2016.09.27 16:18:51.927,1.32379,1.32388,1.50,1.12
2016.09.27 16:18:52.286,1.32381,1.32389,1.00,3.00
2016.09.27 16:18:52.337,1.32381,1.32389,1.12,1.87
2016.09.27 16:18:52.389,1.32381,1.32389,1.50,1.00
2016.09.27 16:18:57.055,1.32381,1.32389,1.50,2.25
2016.09.27 16:18:57.259,1.32381,1.32388,1.50,1.00
2016.09.27 16:18:57.412,1.32381,1.32389,1.50,2.25
2016.09.27 16:18:57.958,1.32381,1.32389,1.12,2.62
2016.09.27 16:18:58.021,1.32381,1.32389,1.00,3.00
2016.09.27 16:18:59.035,1.32381,1.32388,1.00,1.12
2016.09.27 16:18:59.086,1.3238,1.32388,1.12,1.12
2016.09.27 16:18:59.138,1.3238,1.32389,1.00,3.00
2016.09.27 16:18:59.189,1.3238,1.32388,1.50,1.12
2016.09.27 16:18:59.461,1.3238,1.32388,1.50,1.87
2016.09.27 16:19:00.045,1.3238,1.32388,1.50,1.12
2016.09.27 16:19:00.096,1.32379,1.32388,1.75,1.12
2016.09.27 16:19:00.198,1.32379,1.32388,1.12,3.37
2016.09.27 16:19:00.365,1.32379,1.32388,1.12,4.12
2016.09.27 16:19:00.854,1.32379,1.32388,1.12,3.37
2016.09.27 16:19:01.058,1.32379,1.32388,1.12,4.12
2016.09.27 16:19:01.160,1.32379,1.32388,1.12,3.37
2016.09.27 16:19:01.502,1.32379,1.32388,1.12,4.12
2016.09.27 16:19:01.668,1.32379,1.32387,1.12,1.37
2016.09.27 16:19:02.624,1.32379,1.32387,3.37,1.87
2016.09.27 16:19:02.846,1.32379,1.32387,1.12,1.37
2016.09.27 16:19:02.897,1.32379,1.32388,1.37,1.87
2016.09.27 16:19:02.948,1.32379,1.32388,1.37,1.12
2016.09.27 16:19:03.031,1.3238,1.32388,1.00,1.00
2016.09.27 16:19:03.119,1.3238,1.32388,1.00,1.50
2016.09.27 16:19:03.170,1.3238,1.32388,1.00,1.50
2016.09.27 16:19:03.323,1.3238,1.32388,1.00,1.00
2016.09.27 16:19:04.273,1.3238,1.32388,1.00,1.50
2016.09.27 16:19:04.324,1.3238,1.32387,1.00,1.00
2016.09.27 16:19:04.426,1.3238,1.32388,1.00,2.25
2016.09.27 16:19:04.883,1.3238,1.32388,1.00,2.25
2016.09.27 16:19:05.217,1.3238,1.32387,1.00,1.00
2016.09.27 16:19:05.348,1.3238,1.32388,1.00,2.25
2016.09.27 16:19:05.450,1.3238,1.32387,1.00,1.00
2016.09.27 16:19:06.738,1.3238,1.32388,1.00,2.25
2016.09.27 16:19:07.151,1.3238,1.32387,1.00,1.00
2016.09.27 16:19:07.304,1.32379,1.32387,1.50,1.00
2016.09.27 16:19:07.356,1.32379,1.32387,1.87,1.00
2016.09.27 16:19:07.725,1.32379,1.32388,1.87,3.00
2016.09.27 16:19:08.652,1.32379,1.32388,1.87,2.25
2016.09.27 16:19:11.939,1.32379,1.32387,1.87,1.00
2016.09.27 16:19:12.200,1.32379,1.32387,1.50,1.00
2016.09.27 16:19:12.863,1.32379,1.32388,1.50,2.25
2016.09.27 16:19:16.169,1.32379,1.32387,1.50,1.00
2016.09.27 16:19:16.270,1.32379,1.32388,1.50,2.25
2016.09.27 16:19:16.968,1.32379,1.32387,1.50,1.00
2016.09.27 16:19:17.577,1.32379,1.32388,1.50,2.25
2016.09.27 16:19:18.158,1.32379,1.32387,1.50,1.00
2016.09.27 16:19:18.209,1.32379,1.32387,1.87,1.00
2016.09.27 16:19:18.879,1.3238,1.32388,1.00,2.25
2016.09.27 16:19:19.148,1.3238,1.32387,1.00,1.00
2016.09.27 16:19:20.487,1.32379,1.32387,3.00,1.00
2016.09.27 16:19:20.538,1.32379,1.32388,1.87,2.25
2016.09.27 16:19:21.049,1.32379,1.32388,1.12,2.25
2016.09.27 16:19:21.177,1.32379,1.32388,1.00,2.25
2016.09.27 16:19:21.228,1.32379,1.32387,1.00,1.00
2016.09.27 16:19:21.483,1.32379,1.32387,1.00,1.00
2016.09.27 16:19:21.689,1.32379,1.32387,1.00,1.50
2016.09.27 16:19:21.792,1.32379,1.32386,1.00,1.00
2016.09.27 16:19:22.063,1.32379,1.32387,1.00,1.50
2016.09.27 16:19:22.692,1.32379,1.32386,1.00,1.00
2016.09.27 16:19:22.743,1.32378,1.32386,1.50,1.00
2016.09.27 16:19:22.794,1.32378,1.32387,1.50,2.25
2016.09.27 16:19:24.416,1.32378,1.32386,1.50,1.00
2016.09.27 16:19:24.823,1.32378,1.32386,2.25,1.00
2016.09.27 16:19:25.027,1.32378,1.32386,2.25,1.00
2016.09.27 16:19:25.129,1.32378,1.32386,2.25,1.00
2016.09.27 16:19:25.282,1.32378,1.32387,2.25,1.50
2016.09.27 16:19:25.834,1.32378,1.32387,1.50,1.50
2016.09.27 16:19:26.451,1.32378,1.32386,1.50,1.00
2016.09.27 16:19:28.491,1.32378,1.32387,1.50,1.50
2016.09.27 16:19:28.751,1.32377,1.32387,2.25,2.25
2016.09.27 16:19:28.802,1.32377,1.32387,2.25,1.00
2016.09.27 16:19:28.904,1.32377,1.32387,2.25,1.00
2016.09.27 16:19:29.401,1.32377,1.32387,1.75,1.00
2016.09.27 16:19:29.655,1.32377,1.32387,1.75,1.50
2016.09.27 16:19:29.994,1.32377,1.32387,1.75,2.25
2016.09.27 16:19:30.096,1.32378,1.32387,1.00,2.62
2016.09.27 16:19:30.148,1.32377,1.32387,1.50,2.62
2016.09.27 16:19:30.200,1.32377,1.32386,1.50,1.00
2016.09.27 16:19:30.304,1.32377,1.32387,4.50,1.12
2016.09.27 16:19:30.356,1.32377,1.32388,4.50,1.37
2016.09.27 16:19:30.408,1.32379,1.32388,1.37,1.87
2016.09.27 16:19:30.459,1.32379,1.32388,1.37,3.37
2016.09.27 16:19:30.561,1.32379,1.32388,1.37,1.87
2016.09.27 16:19:30.987,1.32379,1.32386,1.37,1.50
2016.09.27 16:19:31.089,1.32378,1.32386,1.50,1.00
2016.09.27 16:19:31.192,1.32378,1.32386,1.50,1.50
2016.09.27 16:19:31.731,1.32378,1.32386,1.50,2.25
2016.09.27 16:19:31.884,1.32378,1.32386,1.50,1.50
2016.09.27 16:19:31.979,1.32378,1.32386,1.50,2.25
2016.09.27 16:19:32.183,1.32378,1.32386,1.50,1.50
2016.09.27 16:19:32.285,1.32378,1.32386,1.50,1.00
2016.09.27 16:19:32.590,1.32378,1.32386,1.50,1.50
2016.09.27 16:19:32.692,1.32378,1.32386,1.50,1.00
2016.09.27 16:19:32.996,1.32378,1.32386,1.50,1.50
2016.09.27 16:19:33.092,1.32378,1.32386,1.50,2.25
2016.09.27 16:19:33.399,1.32378,1.32387,1.50,1.87
2016.09.27 16:19:33.553,1.32378,1.32387,1.50,1.87
2016.09.27 16:19:34.345,1.32378,1.32387,1.50,1.87
2016.09.27 16:19:34.447,1.32378,1.32387,1.50,2.25
2016.09.27 16:19:34.899,1.32378,1.32388,1.50,5.62
2016.09.27 16:19:35.308,1.32377,1.32388,1.75,5.62
2016.09.27 16:19:35.896,1.32377,1.32386,1.75,1.12
2016.09.27 16:19:35.998,1.32377,1.32386,1.75,1.87
2016.09.27 16:19:36.253,1.32376,1.32386,8.25,1.87
2016.09.27 16:19:36.304,1.32376,1.32386,7.50,1.87
2016.09.27 16:19:36.355,1.32377,1.32386,1.75,1.87
2016.09.27 16:19:36.406,1.32376,1.32386,7.12,2.38
2016.09.27 16:19:36.508,1.32376,1.32385,7.12,1.00
2016.09.27 16:19:36.656,1.32377,1.32386,2.62,2.76
2016.09.27 16:19:36.708,1.32378,1.32386,1.00,2.25
2016.09.27 16:19:36.759,1.32378,1.32386,1.00,2.25
2016.09.27 16:19:36.810,1.32376,1.32386,3.37,3.00
2016.09.27 16:19:36.912,1.32376,1.32386,6.37,4.26
2016.09.27 16:19:36.984,1.32376,1.32386,5.62,4.26
2016.09.27 16:19:37.086,1.32376,1.32386,2.62,3.00
2016.09.27 16:19:37.238,1.32376,1.32384,2.62,1.00
2016.09.27 16:19:37.290,1.32378,1.32382,1.00,1.00
2016.09.27 16:19:37.341,1.32376,1.32382,2.62,1.00
2016.09.27 16:19:37.392,1.32375,1.32381,2.62,1.00
2016.09.27 16:19:37.443,1.32375,1.32381,2.25,1.00
2016.09.27 16:19:37.494,1.32373,1.32382,1.50,2.62
2016.09.27 16:19:37.613,1.32372,1.3238,3.00,1.00
2016.09.27 16:19:37.665,1.32372,1.32378,1.12,1.00
2016.09.27 16:19:37.716,1.32372,1.32378,1.00,1.00
2016.09.27 16:19:37.767,1.32374,1.3238,1.00,1.00
2016.09.27 16:19:37.818,1.32372,1.32381,2.25,1.00
2016.09.27 16:19:37.870,1.32373,1.32381,1.12,1.50
2016.09.27 16:19:37.921,1.32372,1.32381,1.12,2.62
2016.09.27 16:19:37.973,1.32372,1.32382,2.25,2.62
2016.09.27 16:19:38.024,1.32373,1.32381,1.00,1.00
2016.09.27 16:19:38.102,1.32374,1.3238,1.12,1.00
2016.09.27 16:19:38.154,1.32375,1.32382,1.00,2.25
2016.09.27 16:19:38.205,1.32375,1.32383,1.00,1.50
2016.09.27 16:19:38.256,1.32375,1.32382,1.00,1.00
2016.09.27 16:19:38.357,1.32375,1.32383,1.50,3.37
2016.09.27 16:19:38.408,1.32375,1.32383,1.87,1.50
2016.09.27 16:19:38.561,1.32375,1.32383,1.87,1.50
2016.09.27 16:19:38.663,1.32375,1.32384,1.87,4.12
2016.09.27 16:19:38.714,1.32375,1.32383,1.87,1.50
2016.09.27 16:19:38.816,1.32375,1.32384,1.87,3.37
2016.09.27 16:19:38.969,1.32375,1.32384,2.25,3.37
2016.09.27 16:19:39.020,1.32375,1.32384,2.25,2.25
2016.09.27 16:19:39.071,1.32375,1.32384,1.50,1.12
2016.09.27 16:19:39.189,1.32375,1.32384,1.50,1.00
2016.09.27 16:19:39.342,1.32374,1.32384,4.12,1.00
2016.09.27 16:19:39.597,1.32374,1.32384,2.25,1.00
2016.09.27 16:19:39.648,1.32375,1.32384,1.37,1.00
2016.09.27 16:19:39.749,1.32375,1.32383,1.87,1.00
2016.09.27 16:19:40.892,1.32375,1.32383,1.37,1.00
2016.09.27 16:19:41.797,1.32377,1.32384,1.00,1.00
2016.09.27 16:19:41.899,1.32378,1.32384,1.87,1.00
2016.09.27 16:19:41.985,1.32378,1.32384,1.50,1.00
2016.09.27 16:19:42.037,1.32378,1.32386,1.50,1.50
2016.09.27 16:19:42.088,1.32379,1.32386,1.00,1.50
2016.09.27 16:19:42.140,1.32379,1.32386,1.00,1.00
2016.09.27 16:19:42.191,1.32379,1.32386,1.37,1.00
2016.09.27 16:19:42.293,1.32379,1.32388,1.37,2.62
2016.09.27 16:19:42.384,1.32379,1.32388,1.37,1.87
2016.09.27 16:19:42.486,1.32379,1.32388,1.50,1.87
2016.09.27 16:19:42.537,1.32379,1.32388,1.37,1.87
2016.09.27 16:19:42.793,1.32379,1.32388,1.37,1.37
2016.09.27 16:19:43.305,1.32378,1.32388,2.62,1.87
2016.09.27 16:19:43.356,1.3238,1.32387,1.00,1.87
2016.09.27 16:19:43.407,1.3238,1.32387,1.00,1.50
2016.09.27 16:19:43.508,1.32378,1.32386,2.25,1.12
2016.09.27 16:19:43.560,1.32378,1.32386,1.37,1.50
2016.09.27 16:19:43.611,1.32377,1.32386,1.00,3.37
2016.09.27 16:19:43.662,1.32377,1.32386,1.00,3.00
2016.09.27 16:19:43.713,1.32377,1.32386,1.12,1.12
2016.09.27 16:19:45.473,1.32377,1.32386,1.12,1.50
2016.09.27 16:19:45.524,1.32377,1.32386,1.00,3.37
2016.09.27 16:19:45.575,1.32376,1.32386,2.25,3.88
2016.09.27 16:19:45.626,1.32376,1.32385,2.25,1.63
2016.09.27 16:19:45.677,1.32377,1.32385,1.37,1.50
2016.09.27 16:19:45.728,1.32377,1.32385,1.50,1.50
2016.09.27 16:19:45.779,1.32377,1.32385,1.12,1.50
2016.09.27 16:19:45.830,1.32377,1.32385,1.00,1.50
2016.09.27 16:19:45.984,1.32376,1.32385,3.75,1.50
2016.09.27 16:19:46.136,1.32376,1.32385,3.00,1.50
2016.09.27 16:19:46.289,1.32376,1.32385,3.75,1.50
2016.09.27 16:19:46.340,1.32376,1.32385,4.12,1.50
2016.09.27 16:19:46.391,1.32376,1.32385,3.75,1.50
2016.09.27 16:19:46.442,1.32376,1.32385,3.75,3.37
2016.09.27 16:19:46.493,1.32376,1.32385,2.25,3.56
2016.09.27 16:19:46.544,1.32376,1.32385,2.62,3.56
2016.09.27 16:19:46.595,1.32377,1.32385,1.12,3.32
2016.09.27 16:19:46.646,1.32377,1.32385,1.50,1.82
2016.09.27 16:19:46.697,1.32377,1.32385,1.00,3.70
2016.09.27 16:19:46.799,1.32377,1.32385,1.00,3.37
2016.09.27 16:19:46.850,1.32377,1.32385,1.00,3.37
2016.09.27 16:19:46.901,1.32376,1.32385,3.75,1.50
2016.09.27 16:19:46.953,1.32376,1.32384,3.75,1.00
2016.09.27 16:19:47.073,1.32377,1.32384,1.00,1.00
2016.09.27 16:19:47.175,1.32377,1.32384,1.00,1.00
2016.09.27 16:19:47.226,1.32376,1.32384,3.75,1.00
2016.09.27 16:19:47.633,1.32378,1.32385,1.00,1.00
2016.09.27 16:19:47.684,1.32378,1.32386,1.00,1.37
2016.09.27 16:19:47.735,1.32378,1.32386,1.12,1.37
2016.09.27 16:19:47.786,1.32378,1.32386,1.00,1.37
2016.09.27 16:19:47.838,1.32377,1.32386,1.75,1.00
2016.09.27 16:19:47.889,1.32376,1.32386,6.00,1.00
2016.09.27 16:19:47.940,1.32376,1.32386,6.37,1.00
2016.09.27 16:19:47.991,1.32376,1.32386,5.62,1.00
2016.09.27 16:19:48.138,1.32376,1.32386,8.25,1.00
2016.09.27 16:19:48.397,1.32376,1.32386,5.25,1.00
2016.09.27 16:19:48.448,1.32376,1.32387,5.25,1.50
2016.09.27 16:19:49.211,1.32376,1.32387,5.62,1.50
2016.09.27 16:19:49.345,1.32376,1.32387,5.25,1.50
2016.09.27 16:19:49.449,1.32376,1.32387,5.62,1.50
2016.09.27 16:19:50.119,1.32376,1.32386,5.62,1.00
2016.09.27 16:19:50.633,1.32376,1.32386,5.25,1.00
2016.09.27 16:19:50.786,1.32377,1.32386,1.75,1.00
2016.09.27 16:19:54.206,1.32377,1.32387,1.75,2.44
2016.09.27 16:19:54.257,1.32377,1.32387,1.75,3.19
2016.09.27 16:19:54.308,1.32377,1.32387,1.50,2.62
2016.09.27 16:19:54.360,1.32377,1.32387,1.75,2.62
2016.09.27 16:19:54.411,1.32377,1.32387,1.75,2.25
2016.09.27 16:19:54.738,1.32377,1.32386,1.75,1.00
2016.09.27 16:19:54.840,1.32378,1.32386,1.00,1.00
2016.09.27 16:19:54.891,1.32377,1.32386,2.62,1.00
2016.09.27 16:19:54.942,1.3238,1.32386,1.00,1.00
2016.09.27 16:19:55.299,1.3238,1.32387,1.00,3.00
2016.09.27 16:19:55.351,1.3238,1.32387,1.00,1.00
2016.09.27 16:19:55.402,1.32379,1.32387,1.37,1.12
2016.09.27 16:19:55.530,1.32379,1.32387,1.50,1.00
2016.09.27 16:19:55.683,1.32379,1.32387,1.37,1.00
2016.09.27 16:19:55.734,1.32379,1.32388,1.37,2.62
2016.09.27 16:19:55.785,1.32378,1.32388,3.37,2.62
2016.09.27 16:19:55.837,1.32378,1.32387,2.62,1.12
2016.09.27 16:19:56.398,1.32378,1.32387,2.25,1.12
2016.09.27 16:19:56.449,1.32378,1.32387,3.00,1.12
2016.09.27 16:19:56.549,1.32378,1.32387,3.37,1.12
2016.09.27 16:19:56.601,1.32378,1.32387,3.75,1.12
2016.09.27 16:19:56.652,1.32378,1.32387,3.00,1.12
2016.09.27 16:19:57.236,1.32378,1.32387,2.62,1.12
2016.09.27 16:19:57.756,1.32378,1.32387,3.37,1.12
2016.09.27 16:19:57.857,1.32378,1.32387,2.62,1.12
2016.09.27 16:19:58.743,1.32378,1.32387,1.87,1.12
2016.09.27 16:19:59.397,1.32379,1.32388,1.50,1.87
2016.09.27 16:19:59.448,1.32379,1.32388,1.50,1.37
2016.09.27 16:19:59.499,1.3238,1.32388,1.00,1.37
2016.09.27 16:19:59.550,1.3238,1.32389,1.00,3.37
2016.09.27 16:19:59.602,1.32379,1.32389,1.87,3.37
2016.09.27 16:19:59.718,1.32379,1.32388,2.25,1.00
2016.09.27 16:19:59.820,1.32379,1.32388,2.25,1.00
2016.09.27 16:19:59.871,1.32379,1.32389,2.25,3.37
2016.09.27 16:19:59.922,1.32379,1.32389,2.25,3.37
2016.09.27 16:19:59.973,1.32379,1.32389,1.87,3.37
2016.09.27 16:20:00.025,1.32379,1.32389,2.25,3.37
2016.09.27 16:20:00.127,1.32379,1.32389,1.87,3.37
2016.09.27 16:20:00.246,1.32379,1.32389,1.37,3.37
2016.09.27 16:20:00.461,1.32379,1.32388,1.37,1.00
2016.09.27 16:20:00.563,1.32379,1.32389,1.37,3.37
2016.09.27 16:20:00.715,1.32379,1.32389,1.37,3.37
2016.09.27 16:20:00.766,1.32379,1.32389,1.50,1.87
2016.09.27 16:20:00.818,1.32379,1.32389,1.50,1.87
2016.09.27 16:20:01.165,1.32379,1.32389,1.37,1.87
2016.09.27 16:20:01.368,1.32379,1.32389,1.50,1.87
2016.09.27 16:20:01.673,1.32379,1.32389,1.37,1.87
2016.09.27 16:20:01.832,1.32379,1.32389,1.37,2.62
2016.09.27 16:20:01.949,1.32379,1.32389,1.37,2.62
2016.09.27 16:20:02.079,1.32379,1.32389,1.50,2.62
2016.09.27 16:20:02.250,1.32379,1.32389,1.37,2.62
2016.09.27 16:20:02.352,1.32379,1.32389,1.50,2.62
2016.09.27 16:20:02.556,1.32379,1.32389,1.37,2.62
2016.09.27 16:20:02.660,1.32379,1.32389,1.37,1.87
2016.09.27 16:20:02.711,1.32379,1.32389,1.12,1.87
2016.09.27 16:20:02.813,1.32379,1.32389,1.37,1.87
2016.09.27 16:20:03.038,1.32379,1.32389,1.37,2.62
2016.09.27 16:20:03.140,1.32379,1.32389,1.37,1.87
2016.09.27 16:20:03.191,1.32379,1.32389,1.50,1.87
2016.09.27 16:20:03.242,1.32379,1.32389,1.50,1.87
2016.09.27 16:20:03.293,1.32379,1.32389,3.37,1.87
2016.09.27 16:20:03.344,1.32382,1.32389,1.00,1.50
2016.09.27 16:20:03.395,1.32379,1.32389,2.62,1.50
2016.09.27 16:20:03.446,1.32378,1.32388,3.75,1.87
2016.09.27 16:20:03.497,1.32378,1.32388,3.37,1.87
2016.09.27 16:20:03.548,1.32378,1.32388,2.62,1.12
2016.09.27 16:20:03.639,1.32378,1.32387,3.37,1.00
2016.09.27 16:20:03.692,1.32378,1.32387,3.75,1.00
2016.09.27 16:20:03.895,1.32378,1.32387,3.37,1.00
2016.09.27 16:20:04.689,1.32378,1.32388,3.37,3.75
2016.09.27 16:20:04.740,1.32378,1.32388,1.50,3.75
2016.09.27 16:20:04.842,1.32378,1.32388,1.50,2.25
2016.09.27 16:20:05.147,1.32378,1.32388,1.50,3.75
2016.09.27 16:20:05.198,1.32378,1.32388,2.25,3.00
2016.09.27 16:20:05.352,1.32378,1.32388,2.25,1.50
2016.09.27 16:20:05.449,1.32378,1.32388,2.25,3.00
2016.09.27 16:20:05.551,1.32378,1.32388,1.50,3.75
2016.09.27 16:20:05.653,1.32377,1.32388,4.50,2.25
2016.09.27 16:20:05.829,1.32377,1.32388,4.12,2.25
2016.09.27 16:20:05.880,1.32377,1.32388,4.12,3.75
2016.09.27 16:20:06.084,1.32377,1.32388,4.12,2.25
2016.09.27 16:20:06.185,1.32377,1.32388,4.12,1.87
2016.09.27 16:20:06.359,1.32377,1.32388,4.87,1.87
2016.09.27 16:20:06.653,1.32377,1.32388,4.12,2.62
2016.09.27 16:20:06.755,1.32377,1.32386,4.12,1.00
2016.09.27 16:20:07.008,1.32377,1.32386,4.87,1.00
2016.09.27 16:20:07.059,1.32377,1.32386,4.12,1.00
2016.09.27 16:20:07.467,1.32377,1.32386,2.25,1.12
2016.09.27 16:20:08.926,1.32377,1.32386,1.50,1.12
2016.09.27 16:20:09.878,1.32377,1.32386,3.00,1.12
2016.09.27 16:20:09.929,1.32377,1.32386,3.75,1.12
2016.09.27 16:20:10.081,1.32377,1.32386,3.00,1.12
2016.09.27 16:20:10.640,1.32377,1.32387,3.00,1.37
2016.09.27 16:20:10.691,1.32377,1.32387,3.75,1.37
2016.09.27 16:20:10.742,1.32377,1.32387,4.12,1.37
2016.09.27 16:20:10.793,1.32377,1.32387,3.37,1.37
2016.09.27 16:20:10.844,1.32378,1.32387,1.37,1.37
2016.09.27 16:20:10.895,1.32378,1.32387,1.37,1.12
2016.09.27 16:20:10.997,1.3238,1.32387,1.00,1.12
2016.09.27 16:20:11.048,1.32378,1.32387,3.75,1.00
2016.09.27 16:20:11.150,1.32379,1.32387,1.75,1.00
2016.09.27 16:20:11.404,1.32379,1.32387,1.75,1.50
2016.09.27 16:20:11.455,1.32379,1.32387,1.75,1.00
2016.09.27 16:20:11.506,1.32379,1.32387,1.37,1.00
2016.09.27 16:20:11.655,1.32379,1.32387,1.12,1.87
2016.09.27 16:20:11.707,1.32379,1.32387,1.50,1.87
2016.09.27 16:20:11.758,1.32379,1.32387,1.50,1.50
2016.09.27 16:20:12.427,1.32379,1.32387,1.37,1.50
2016.09.27 16:20:12.479,1.32377,1.32387,3.00,1.87
2016.09.27 16:20:12.530,1.32377,1.32387,3.37,1.87
2016.09.27 16:20:12.581,1.32377,1.32387,5.25,1.50
2016.09.27 16:20:12.702,1.32377,1.32387,4.87,1.50
2016.09.27 16:20:12.757,1.32379,1.32387,1.00,1.50
2016.09.27 16:20:12.860,1.32379,1.32387,1.00,1.50
2016.09.27 16:20:12.962,1.32377,1.32387,4.50,1.50
2016.09.27 16:20:13.166,1.32377,1.32387,4.50,1.00
2016.09.27 16:20:13.268,1.32377,1.32387,2.62,1.37
2016.09.27 16:20:13.319,1.32377,1.32385,2.62,1.00
2016.09.27 16:20:13.370,1.32377,1.32385,3.37,1.00
2016.09.27 16:20:13.421,1.32377,1.32387,5.25,1.87
2016.09.27 16:20:13.473,1.32378,1.32387,2.62,1.50
2016.09.27 16:20:13.574,1.32377,1.32387,3.37,1.00
2016.09.27 16:20:13.626,1.32377,1.32387,3.37,1.12
2016.09.27 16:20:13.677,1.32378,1.32387,1.00,1.50
2016.09.27 16:20:13.728,1.32377,1.32387,5.25,1.12
2016.09.27 16:20:13.844,1.32378,1.32387,2.62,1.00
2016.09.27 16:20:14.150,1.32378,1.32387,2.62,1.18
2016.09.27 16:20:14.201,1.32379,1.32387,1.75,1.18
2016.09.27 16:20:14.252,1.32379,1.32387,1.37,1.12
2016.09.27 16:20:14.303,1.32379,1.32387,1.00,1.50
2016.09.27 16:20:14.354,1.32379,1.32387,1.00,1.63
2016.09.27 16:20:14.456,1.32379,1.32388,1.50,3.75
2016.09.27 16:20:14.508,1.32379,1.32388,1.50,3.37
2016.09.27 16:20:14.559,1.32379,1.32388,1.50,3.00
2016.09.27 16:20:14.722,1.32378,1.32388,1.75,3.00
2016.09.27 16:20:14.774,1.32378,1.32388,1.75,1.50
2016.09.27 16:20:14.825,1.32378,1.32388,1.87,1.50
2016.09.27 16:20:14.876,1.32379,1.32388,1.50,1.50
2016.09.27 16:20:14.928,1.32379,1.32388,1.37,1.87
2016.09.27 16:20:14.979,1.32379,1.32387,1.50,1.00
2016.09.27 16:20:15.030,1.32379,1.32388,1.87,1.37
2016.09.27 16:20:15.082,1.32379,1.32388,2.25,1.12
2016.09.27 16:20:15.375,1.32379,1.32388,3.00,1.12
2016.09.27 16:20:15.426,1.32379,1.32388,2.62,1.50
2016.09.27 16:20:15.477,1.32379,1.32388,1.50,1.50
2016.09.27 16:20:15.528,1.32379,1.32383,1.00,1.00
2016.09.27 16:20:15.580,1.32377,1.32384,3.00,1.00
2016.09.27 16:20:15.684,1.32377,1.32385,1.50,4.67
2016.09.27 16:20:15.735,1.32376,1.32384,1.87,2.76
2016.09.27 16:20:15.786,1.32375,1.32382,1.12,1.26
2016.09.27 16:20:15.838,1.32375,1.32381,1.12,1.00
2016.09.27 16:20:15.889,1.32376,1.32381,1.00,2.01
2016.09.27 16:20:15.940,1.32376,1.3238,1.00,1.26
2016.09.27 16:20:16.026,1.32373,1.3238,1.37,1.26
2016.09.27 16:20:16.078,1.32373,1.3238,1.00,5.01
2016.09.27 16:20:16.231,1.32372,1.32379,1.00,2.62
2016.09.27 16:20:16.283,1.32369,1.32378,1.12,2.62
2016.09.27 16:20:16.385,1.32368,1.32378,3.75,2.62
2016.09.27 16:20:16.487,1.32368,1.32378,3.75,2.62
2016.09.27 16:20:16.538,1.32368,1.32377,3.75,1.50
2016.09.27 16:20:16.640,1.32368,1.32378,3.75,3.37
2016.09.27 16:20:16.744,1.32368,1.32378,3.00,4.12
2016.09.27 16:20:16.847,1.32368,1.32378,3.37,3.75
2016.09.27 16:20:16.946,1.3237,1.32378,1.00,1.63
2016.09.27 16:20:17.023,1.32369,1.32378,1.00,2.95
2016.09.27 16:20:17.074,1.32369,1.32378,1.00,2.95
2016.09.27 16:20:17.126,1.32368,1.32377,3.00,1.63
2016.09.27 16:20:17.177,1.32368,1.32377,2.25,1.82
2016.09.27 16:20:17.228,1.32368,1.32377,2.25,1.76
2016.09.27 16:20:17.279,1.32368,1.32377,1.87,1.55
2016.09.27 16:20:17.330,1.32368,1.32377,1.87,1.63
2016.09.27 16:20:17.381,1.32368,1.32377,1.50,1.63
2016.09.27 16:20:17.586,1.32368,1.32377,1.50,2.38
2016.09.27 16:20:17.874,1.32368,1.32377,1.50,2.38
2016.09.27 16:20:17.928,1.32368,1.32377,1.87,2.01
2016.09.27 16:20:17.979,1.32368,1.32377,2.25,1.63
2016.09.27 16:20:18.284,1.32368,1.32377,3.00,1.82
2016.09.27 16:20:18.488,1.32368,1.32377,1.50,1.63
2016.09.27 16:20:19.246,1.32368,1.32377,1.50,1.63
2016.09.27 16:20:19.399,1.32368,1.32377,1.50,1.18
2016.09.27 16:20:19.451,1.32368,1.32378,1.37,3.51
2016.09.27 16:20:19.502,1.32368,1.32376,1.00,1.00
2016.09.27 16:20:19.554,1.32368,1.32376,1.50,1.00
2016.09.27 16:20:19.605,1.32368,1.32376,2.25,1.00
2016.09.27 16:20:19.656,1.32368,1.32378,2.25,2.62
2016.09.27 16:20:19.708,1.32368,1.32378,2.62,2.62
2016.09.27 16:20:19.759,1.32374,1.32378,1.00,2.25
2016.09.27 16:20:19.810,1.32373,1.32378,1.50,2.62
2016.09.27 16:20:19.862,1.32374,1.32378,2.25,2.25
2016.09.27 16:20:19.913,1.32375,1.32382,1.00,1.50
2016.09.27 16:20:19.964,1.32376,1.32383,1.87,3.37
2016.09.27 16:20:20.044,1.32376,1.32383,1.87,3.00
2016.09.27 16:20:20.097,1.32378,1.32383,1.00,1.12
2016.09.27 16:20:20.149,1.32376,1.32383,2.62,1.50
2016.09.27 16:20:20.245,1.32376,1.32383,1.50,1.50
2016.09.27 16:20:20.296,1.32376,1.32384,1.50,2.76
2016.09.27 16:20:20.348,1.32376,1.32384,2.25,2.76
2016.09.27 16:20:20.399,1.32376,1.32385,2.62,3.13
2016.09.27 16:20:20.450,1.32376,1.32384,1.87,1.63
2016.09.27 16:20:20.760,1.32377,1.32384,1.00,2.01
2016.09.27 16:20:20.892,1.32377,1.32385,1.00,2.81
2016.09.27 16:20:20.994,1.32376,1.32385,1.87,2.76
2016.09.27 16:20:21.096,1.32376,1.32385,1.87,2.76
2016.09.27 16:20:21.148,1.32376,1.32385,2.62,2.76
2016.09.27 16:20:21.199,1.32377,1.32385,1.50,2.76
2016.09.27 16:20:21.403,1.32378,1.32385,1.00,1.00
2016.09.27 16:20:21.505,1.32377,1.32386,1.50,3.56
2016.09.27 16:20:21.607,1.32378,1.32385,1.00,1.07
2016.09.27 16:20:21.787,1.32377,1.32385,1.50,1.63
2016.09.27 16:20:21.838,1.32377,1.32385,1.50,1.55
2016.09.27 16:20:21.889,1.32377,1.32386,2.25,2.38
2016.09.27 16:20:21.987,1.32378,1.32385,1.00,2.76
2016.09.27 16:20:22.038,1.32378,1.32385,1.00,2.38
2016.09.27 16:20:22.091,1.32377,1.32386,2.25,2.38
2016.09.27 16:20:22.193,1.32377,1.32386,2.25,2.57
2016.09.27 16:20:22.244,1.32377,1.32386,2.25,4.45
2016.09.27 16:20:22.295,1.32377,1.32385,2.25,2.81
2016.09.27 16:20:22.397,1.32378,1.32385,1.00,2.95
2016.09.27 16:20:22.499,1.32378,1.32385,1.00,3.70
2016.09.27 16:20:22.550,1.32378,1.32385,1.00,2.95
2016.09.27 16:20:22.601,1.32378,1.32385,1.00,1.07
2016.09.27 16:20:22.757,1.32378,1.32386,1.00,4.45
2016.09.27 16:20:22.809,1.32378,1.32386,1.00,2.57
2016.09.27 16:20:22.860,1.32378,1.32386,1.00,4.45
2016.09.27 16:20:22.911,1.32378,1.32384,1.00,1.00
2016.09.27 16:20:23.064,1.32378,1.32385,1.00,1.63
2016.09.27 16:20:23.166,1.32378,1.32385,1.50,1.69
2016.09.27 16:20:23.217,1.32378,1.32386,1.50,4.69
2016.09.27 16:20:23.268,1.32378,1.32385,1.50,1.07
2016.09.27 16:20:23.370,1.32378,1.32386,1.00,4.45
2016.09.27 16:20:23.472,1.32378,1.32386,1.00,3.56
2016.09.27 16:20:23.524,1.32378,1.32386,1.00,1.69
2016.09.27 16:20:23.575,1.32378,1.32385,1.00,1.18
2016.09.27 16:20:23.626,1.32378,1.32386,1.00,3.70
2016.09.27 16:20:23.677,1.32378,1.32386,1.00,3.56
2016.09.27 16:20:23.728,1.32378,1.32386,1.00,4.31
2016.09.27 16:20:23.875,1.32377,1.32384,2.62,1.00
2016.09.27 16:20:23.926,1.32377,1.32385,2.25,2.62
2016.09.27 16:20:23.996,1.32377,1.32385,2.25,2.62
2016.09.27 16:20:24.200,1.32378,1.32386,1.00,4.50
2016.09.27 16:20:24.403,1.32377,1.32385,2.25,2.62
2016.09.27 16:20:24.506,1.32377,1.32382,1.00,1.00
2016.09.27 16:20:24.556,1.32376,1.32382,2.62,1.00
2016.09.27 16:20:24.608,1.32376,1.32382,2.25,1.00
2016.09.27 16:20:24.659,1.32376,1.32382,1.50,1.00
2016.09.27 16:20:24.710,1.32376,1.32382,1.50,1.50
2016.09.27 16:20:24.873,1.32376,1.32382,1.50,1.00
2016.09.27 16:20:25.180,1.32376,1.32382,1.50,1.50
2016.09.27 16:20:25.282,1.32376,1.32382,1.50,1.00
2016.09.27 16:20:25.605,1.32376,1.32382,1.50,1.50
2016.09.27 16:20:25.707,1.32376,1.32382,1.50,1.00
2016.09.27 16:20:25.911,1.32376,1.32382,1.50,1.50
2016.09.27 16:20:26.013,1.32376,1.32382,1.50,1.00
2016.09.27 16:20:26.406,1.32376,1.32382,1.50,1.50
2016.09.27 16:20:26.559,1.32378,1.32382,1.00,1.50
2016.09.27 16:20:26.610,1.32378,1.32383,1.37,1.00
2016.09.27 16:20:26.711,1.32378,1.32383,1.50,1.00
2016.09.27 16:20:26.814,1.32378,1.32383,1.37,1.00
2016.09.27 16:20:27.456,1.32377,1.32383,1.50,1.00
2016.09.27 16:20:27.507,1.32377,1.32383,1.50,1.50
2016.09.27 16:20:27.812,1.32376,1.32383,3.00,1.00
2016.09.27 16:20:27.863,1.32376,1.32383,3.75,1.00
2016.09.27 16:20:27.914,1.32376,1.32383,3.75,1.50
2016.09.27 16:20:28.403,1.32376,1.32382,3.75,1.00
2016.09.27 16:20:28.506,1.32376,1.32383,3.75,1.50
2016.09.27 16:20:28.913,1.32377,1.32382,1.50,1.00
2016.09.27 16:20:29.017,1.32378,1.32385,1.75,1.50
2016.09.27 16:20:29.068,1.32378,1.32384,1.87,1.00
2016.09.27 16:20:29.119,1.32379,1.32384,1.00,1.00
2016.09.27 16:20:29.170,1.32379,1.32385,1.00,1.50
2016.09.27 16:20:29.500,1.32379,1.32384,1.00,1.00
2016.09.27 16:20:30.013,1.32379,1.32385,1.00,1.50
2016.09.27 16:20:30.165,1.32379,1.32383,1.00,1.00
2016.09.27 16:20:30.217,1.32379,1.32383,1.00,1.00
2016.09.27 16:20:30.304,1.32379,1.32383,1.00,1.50
2016.09.27 16:20:31.079,1.32379,1.32383,1.00,1.00
2016.09.27 16:20:31.180,1.32379,1.32383,1.00,1.50
2016.09.27 16:20:31.983,1.32379,1.32385,1.00,1.50
2016.09.27 16:20:32.107,1.32379,1.32384,1.00,1.00
2016.09.27 16:20:32.582,1.32379,1.32384,1.00,1.00
2016.09.27 16:20:32.684,1.32379,1.32385,1.00,1.50
2016.09.27 16:20:32.786,1.32379,1.32384,1.00,1.00
2016.09.27 16:20:32.887,1.32379,1.32385,1.00,1.50
2016.09.27 16:20:33.091,1.32378,1.32385,1.37,1.50
2016.09.27 16:20:33.142,1.32378,1.32385,1.12,1.87
2016.09.27 16:20:33.308,1.32378,1.32384,1.12,1.00
2016.09.27 16:20:33.410,1.32378,1.32385,1.12,1.87
2016.09.27 16:20:33.688,1.32378,1.32384,1.12,1.00
2016.09.27 16:20:33.892,1.32378,1.32385,1.12,1.87
2016.09.27 16:20:34.095,1.32378,1.32385,1.50,1.87
2016.09.27 16:20:34.146,1.32378,1.32385,1.50,1.50
2016.09.27 16:20:34.197,1.32378,1.32384,1.75,1.00
2016.09.27 16:20:34.248,1.32378,1.32385,3.37,1.50
2016.09.27 16:20:34.401,1.32378,1.32385,1.50,1.00
2016.09.27 16:20:34.503,1.32378,1.32386,1.50,1.50
2016.09.27 16:20:34.605,1.32378,1.32385,1.37,1.22
2016.09.27 16:20:34.707,1.32379,1.32386,1.00,1.47
2016.09.27 16:20:34.824,1.32378,1.32386,3.75,1.47
2016.09.27 16:20:34.876,1.32378,1.32387,3.75,2.72
2016.09.27 16:20:34.979,1.32378,1.32387,3.75,1.47
2016.09.27 16:20:35.776,1.32378,1.32387,3.37,1.97
2016.09.27 16:20:35.828,1.32378,1.32385,1.37,1.47
2016.09.27 16:20:35.880,1.32378,1.32386,1.37,1.97
2016.09.27 16:20:35.982,1.32379,1.32386,1.00,1.97
2016.09.27 16:20:36.034,1.32378,1.32386,1.75,1.59
2016.09.27 16:20:36.187,1.32378,1.32385,1.75,1.47
2016.09.27 16:20:36.238,1.32378,1.32385,3.37,1.22
2016.09.27 16:20:36.325,1.32378,1.32385,3.75,1.22
2016.09.27 16:20:36.427,1.32378,1.32386,3.75,1.59
2016.09.27 16:20:36.478,1.32378,1.32385,3.75,1.22
2016.09.27 16:20:36.750,1.32378,1.32387,3.75,1.22
2016.09.27 16:20:36.904,1.32378,1.32387,4.50,1.22
2016.09.27 16:20:37.127,1.32378,1.32387,4.50,1.97
2016.09.27 16:20:37.229,1.32378,1.32387,4.50,1.97
2016.09.27 16:20:37.483,1.32378,1.32387,5.25,1.59
2016.09.27 16:20:37.535,1.32379,1.32387,1.50,1.59
2016.09.27 16:20:37.587,1.32379,1.32387,1.87,1.97
2016.09.27 16:20:37.689,1.32379,1.32387,1.87,1.22
2016.09.27 16:20:38.003,1.32379,1.32387,2.62,1.22
2016.09.27 16:20:38.706,1.3238,1.32388,1.37,1.59
2016.09.27 16:20:38.808,1.3238,1.32388,1.37,2.34
2016.09.27 16:20:38.895,1.3238,1.32388,1.37,1.59
2016.09.27 16:20:38.947,1.3238,1.32388,2.25,1.59
2016.09.27 16:20:38.998,1.3238,1.32388,2.62,1.59
2016.09.27 16:20:39.049,1.3238,1.32388,2.62,1.22
2016.09.27 16:20:39.151,1.3238,1.32388,2.62,1.22
2016.09.27 16:20:39.304,1.3238,1.32388,1.87,1.97
2016.09.27 16:20:39.355,1.3238,1.32388,1.50,1.97
2016.09.27 16:20:39.406,1.32381,1.32388,1.12,1.97
2016.09.27 16:20:39.915,1.3238,1.32388,1.50,1.97
2016.09.27 16:20:39.990,1.3238,1.32387,1.50,1.22
2016.09.27 16:20:40.042,1.32381,1.32387,1.00,1.22
2016.09.27 16:20:40.094,1.32381,1.32388,1.00,1.82
2016.09.27 16:20:40.146,1.32381,1.32388,1.00,1.47
2016.09.27 16:20:40.402,1.32385,1.3239,1.00,1.87
2016.09.27 16:20:40.504,1.32387,1.32392,1.24,2.62
2016.09.27 16:20:40.555,1.32388,1.32392,1.00,2.62
2016.09.27 16:20:40.672,1.32388,1.32393,1.00,1.00
2016.09.27 16:20:40.724,1.32386,1.32393,1.50,1.00
2016.09.27 16:20:40.877,1.32386,1.32392,1.12,1.00
2016.09.27 16:20:40.929,1.32386,1.32393,1.12,1.12
2016.09.27 16:20:40.981,1.32386,1.32393,1.50,1.12
2016.09.27 16:20:41.033,1.32386,1.32393,1.75,1.00
2016.09.27 16:20:41.186,1.32386,1.32395,1.75,1.12
2016.09.27 16:20:41.238,1.32386,1.32395,2.25,1.12
2016.09.27 16:20:41.463,1.32388,1.32395,1.12,1.12
2016.09.27 16:20:41.517,1.32388,1.32397,1.12,4.12
2016.09.27 16:20:41.823,1.32388,1.32397,1.12,5.62
2016.09.27 16:20:41.995,1.32388,1.32397,1.12,4.59
2016.09.27 16:20:42.097,1.32388,1.32397,1.12,5.34
2016.09.27 16:20:42.199,1.32388,1.32397,1.12,4.59
2016.09.27 16:20:42.301,1.32388,1.32397,1.12,3.84
2016.09.27 16:20:43.399,1.32388,1.32397,1.12,3.37
2016.09.27 16:20:43.948,1.32386,1.32397,2.62,3.37
2016.09.27 16:20:43.999,1.32386,1.32394,1.75,2.10
2016.09.27 16:20:44.050,1.32386,1.3239,1.00,1.00
2016.09.27 16:20:44.102,1.32383,1.32389,2.62,1.00
2016.09.27 16:20:44.153,1.32382,1.32389,1.75,1.00
2016.09.27 16:20:44.204,1.32383,1.3239,1.00,1.50
2016.09.27 16:20:44.255,1.32382,1.3239,1.50,1.00
2016.09.27 16:20:44.307,1.32382,1.3239,1.12,1.00
2016.09.27 16:20:44.358,1.32382,1.3239,1.12,1.00
2016.09.27 16:20:44.409,1.32381,1.3239,1.87,1.00
2016.09.27 16:20:44.512,1.3238,1.3239,1.75,1.00
2016.09.27 16:20:44.564,1.32379,1.3239,5.43,1.87
2016.09.27 16:20:44.615,1.32379,1.3239,4.68,1.87
2016.09.27 16:20:44.667,1.32379,1.3239,5.06,1.87
2016.09.27 16:20:44.769,1.32379,1.3239,4.68,1.87
2016.09.27 16:20:44.821,1.32379,1.3239,4.31,1.87
2016.09.27 16:20:44.872,1.3238,1.3239,1.00,1.87
2016.09.27 16:20:44.923,1.3238,1.32389,1.00,1.50
2016.09.27 16:20:45.025,1.3238,1.32389,1.00,2.25
2016.09.27 16:20:45.127,1.32378,1.32389,3.56,2.25
2016.09.27 16:20:45.178,1.32378,1.32389,3.56,2.25
2016.09.27 16:20:45.250,1.32379,1.32388,1.37,1.00
2016.09.27 16:20:45.301,1.32381,1.3239,1.31,1.50
2016.09.27 16:20:45.371,1.32381,1.3239,1.68,1.50
2016.09.27 16:20:45.423,1.32381,1.3239,1.99,1.12
2016.09.27 16:20:45.474,1.32381,1.3239,3.56,1.00
2016.09.27 16:20:45.728,1.32382,1.3239,1.00,1.00
2016.09.27 16:20:45.830,1.32381,1.3239,2.06,1.00
2016.09.27 16:20:46.034,1.32381,1.3239,2.06,1.50
2016.09.27 16:20:46.285,1.32381,1.3239,2.06,1.00
2016.09.27 16:20:46.489,1.32381,1.3239,1.87,1.00
2016.09.27 16:20:46.540,1.32381,1.3239,1.37,1.00
2016.09.27 16:20:46.591,1.3238,1.3239,4.12,1.00
2016.09.27 16:20:46.693,1.3238,1.3239,5.06,1.00
2016.09.27 16:20:46.744,1.3238,1.3239,5.06,1.37
2016.09.27 16:20:46.795,1.32381,1.3239,1.56,1.37
2016.09.27 16:20:46.846,1.32381,1.3239,1.56,1.00
2016.09.27 16:20:46.897,1.3238,1.3239,5.43,1.00
2016.09.27 16:20:47.029,1.32382,1.3239,1.24,1.00
2016.09.27 16:20:47.255,1.32382,1.3239,1.68,1.00
2016.09.27 16:20:47.307,1.32382,1.3239,1.31,1.00
2016.09.27 16:20:47.358,1.32382,1.3239,1.31,1.37
2016.09.27 16:20:47.409,1.32382,1.3239,1.31,1.50
2016.09.27 16:20:47.587,1.32382,1.3239,1.68,1.50
2016.09.27 16:20:47.690,1.32382,1.3239,2.06,1.12
2016.09.27 16:20:47.843,1.32382,1.3239,2.06,1.00
2016.09.27 16:20:47.894,1.32383,1.3239,1.00,1.00
2016.09.27 16:20:47.945,1.32383,1.3239,1.12,1.00
2016.09.27 16:20:47.996,1.32383,1.3239,1.00,1.00
2016.09.27 16:20:48.432,1.32382,1.3239,1.31,1.00
2016.09.27 16:20:48.483,1.32382,1.3239,1.62,1.00
2016.09.27 16:20:48.534,1.32383,1.3239,1.00,1.12
2016.09.27 16:20:48.636,1.32382,1.3239,1.62,1.12
2016.09.27 16:20:48.886,1.32381,1.3239,1.50,1.12
2016.09.27 16:20:48.971,1.3238,1.3239,3.37,1.31
2016.09.27 16:20:49.024,1.32378,1.32389,6.93,1.50
2016.09.27 16:20:49.077,1.32378,1.32388,5.81,1.12
2016.09.27 16:20:49.129,1.32379,1.32387,2.25,1.00
2016.09.27 16:20:49.181,1.3238,1.32387,1.00,1.12
2016.09.27 16:20:49.233,1.32379,1.32387,1.37,1.12
2016.09.27 16:20:49.284,1.32379,1.32387,1.00,1.12
2016.09.27 16:20:49.495,1.32378,1.32387,2.62,1.87
2016.09.27 16:20:49.612,1.32378,1.32387,3.00,2.62
2016.09.27 16:20:49.664,1.32378,1.32387,3.00,1.37
2016.09.27 16:20:49.715,1.32378,1.32387,2.25,1.37
2016.09.27 16:20:50.021,1.32378,1.32387,1.50,1.37
2016.09.27 16:20:50.429,1.32378,1.32387,1.68,1.37
2016.09.27 16:20:50.855,1.32378,1.32384,1.68,1.00
2016.09.27 16:20:50.906,1.32376,1.32385,4.12,1.37
2016.09.27 16:20:50.957,1.32376,1.32384,1.50,2.38
2016.09.27 16:20:51.008,1.32373,1.32381,5.06,1.26
2016.09.27 16:20:51.059,1.32375,1.32381,1.12,1.26
2016.09.27 16:20:51.111,1.32375,1.32381,1.00,2.01
2016.09.27 16:20:51.184,1.32373,1.32381,1.50,2.01
2016.09.27 16:20:51.235,1.32373,1.32381,1.12,1.50
2016.09.27 16:20:51.287,1.32374,1.32381,1.18,3.75
2016.09.27 16:20:51.338,1.32375,1.3238,2.06,1.00
2016.09.27 16:20:51.391,1.32375,1.3238,2.06,1.00
2016.09.27 16:20:51.442,1.32375,1.32382,2.06,3.00
2016.09.27 16:20:51.494,1.32375,1.32383,2.43,4.12
2016.09.27 16:20:51.546,1.32375,1.32383,2.43,1.50
2016.09.27 16:20:51.598,1.32376,1.32383,1.31,1.50
2016.09.27 16:20:51.650,1.32376,1.32383,2.06,1.50
2016.09.27 16:20:51.780,1.32376,1.32384,2.43,2.62
2016.09.27 16:20:51.832,1.32376,1.32385,2.43,1.50
2016.09.27 16:20:51.884,1.32376,1.32385,2.81,3.37
2016.09.27 16:20:51.990,1.32376,1.32384,2.81,1.00
2016.09.27 16:20:52.041,1.32376,1.32385,2.06,1.50
2016.09.27 16:20:52.151,1.32376,1.32385,2.81,1.50
2016.09.27 16:20:52.432,1.32376,1.32385,2.06,1.50
2016.09.27 16:20:52.484,1.32376,1.32385,2.06,2.10
2016.09.27 16:20:52.535,1.32378,1.32384,1.00,1.12
2016.09.27 16:20:52.586,1.32378,1.32384,1.00,2.72
2016.09.27 16:20:52.637,1.32376,1.32384,1.87,2.62
2016.09.27 16:20:52.688,1.32377,1.32384,1.50,2.62
2016.09.27 16:20:52.740,1.32377,1.32382,1.50,1.00
2016.09.27 16:20:52.791,1.32377,1.32384,1.37,2.25
2016.09.27 16:20:52.843,1.32377,1.32386,1.37,1.97
2016.09.27 16:20:52.894,1.32377,1.32386,1.37,2.72
2016.09.27 16:20:52.996,1.32377,1.32386,1.37,2.72
2016.09.27 16:20:53.047,1.32377,1.32386,1.12,2.72
2016.09.27 16:20:53.479,1.32378,1.32386,1.00,1.97
2016.09.27 16:20:53.530,1.32378,1.32387,1.37,3.75
2016.09.27 16:20:53.581,1.32379,1.32386,1.12,2.62
2016.09.27 16:20:53.633,1.32379,1.32385,2.62,1.00
2016.09.27 16:20:53.684,1.32379,1.32386,4.12,2.25
2016.09.27 16:20:53.736,1.32379,1.32387,1.50,1.00
2016.09.27 16:20:53.809,1.3238,1.32388,1.00,1.50
2016.09.27 16:20:53.860,1.32379,1.32387,3.75,1.00
2016.09.27 16:20:53.986,1.3238,1.32387,1.00,1.00
2016.09.27 16:20:54.037,1.3238,1.32388,1.00,1.50
2016.09.27 16:20:54.139,1.32379,1.32388,4.50,1.00
2016.09.27 16:20:54.190,1.32379,1.32388,4.50,1.12
2016.09.27 16:20:54.241,1.32379,1.32388,4.50,1.50
2016.09.27 16:20:54.292,1.32381,1.32388,1.00,1.00
2016.09.27 16:20:54.343,1.32381,1.3239,1.00,4.12
2016.09.27 16:20:54.394,1.32381,1.3239,1.00,2.25
2016.09.27 16:20:54.445,1.32381,1.3239,1.12,2.25
2016.09.27 16:20:54.547,1.32381,1.3239,1.12,3.00
2016.09.27 16:20:54.649,1.32381,1.3239,1.12,2.25
2016.09.27 16:20:54.700,1.32381,1.3239,1.50,2.25
2016.09.27 16:20:54.983,1.32381,1.3239,1.50,1.50
2016.09.27 16:20:55.138,1.32381,1.3239,1.50,2.25
2016.09.27 16:20:55.512,1.32381,1.3239,1.12,2.25
2016.09.27 16:20:55.564,1.32381,1.3239,1.12,2.25
2016.09.27 16:20:55.615,1.32381,1.3239,1.12,1.50
2016.09.27 16:20:55.722,1.32381,1.3239,1.12,3.37
2016.09.27 16:20:55.773,1.32381,1.3239,1.12,3.37
2016.09.27 16:20:55.824,1.32381,1.3239,1.12,1.12
2016.09.27 16:20:55.875,1.32381,1.3239,1.12,3.00
2016.09.27 16:20:55.926,1.32381,1.3239,1.12,3.37
2016.09.27 16:20:56.079,1.3238,1.3239,1.87,1.12
2016.09.27 16:20:56.130,1.32382,1.3239,1.00,1.00
2016.09.27 16:20:56.181,1.3238,1.3239,1.75,1.37
2016.09.27 16:20:56.233,1.32385,1.32391,1.00,3.84
2016.09.27 16:20:56.285,1.32385,1.3239,1.00,1.00
2016.09.27 16:20:56.336,1.32383,1.32392,2.62,3.37
2016.09.27 16:20:56.387,1.32385,1.32392,1.12,2.62
2016.09.27 16:20:56.438,1.32383,1.32392,2.25,2.62
2016.09.27 16:20:56.489,1.32382,1.32392,3.37,1.87
2016.09.27 16:20:56.541,1.32383,1.3239,1.75,1.00
2016.09.27 16:20:56.592,1.32384,1.3239,1.00,1.00
2016.09.27 16:20:56.716,1.32381,1.32389,2.25,1.00
2016.09.27 16:20:56.768,1.32379,1.3239,2.62,1.97
2016.09.27 16:20:56.820,1.32379,1.3239,3.00,1.97
2016.09.27 16:20:56.876,1.3238,1.32389,1.00,1.12
2016.09.27 16:20:56.969,1.32379,1.32389,1.12,1.37
2016.09.27 16:20:57.021,1.32379,1.32388,1.12,1.00
2016.09.27 16:20:57.224,1.32379,1.32388,1.00,1.00
2016.09.27 16:20:57.275,1.32378,1.32389,4.12,3.43
2016.09.27 16:20:57.328,1.32378,1.32389,4.12,4.18
2016.09.27 16:20:57.379,1.32378,1.32389,3.37,4.37
2016.09.27 16:20:57.481,1.32378,1.32389,4.12,4.37
2016.09.27 16:20:57.532,1.32378,1.32388,3.37,1.56
2016.09.27 16:20:57.707,1.32378,1.32387,2.25,1.12
2016.09.27 16:20:57.759,1.32378,1.32387,1.87,1.50
2016.09.27 16:20:57.811,1.32378,1.32387,1.50,2.25
2016.09.27 16:20:57.970,1.32378,1.32387,1.00,2.25
2016.09.27 16:20:58.021,1.32378,1.32387,1.00,3.00
2016.09.27 16:20:58.072,1.32378,1.32386,1.00,2.62
2016.09.27 16:20:58.624,1.32377,1.32386,1.50,2.62
2016.09.27 16:20:58.776,1.32377,1.32386,2.25,2.62
2016.09.27 16:20:58.827,1.32379,1.32386,1.00,2.62
2016.09.27 16:20:58.878,1.32379,1.32385,1.50,1.70
2016.09.27 16:20:58.929,1.32379,1.32385,1.00,1.07
2016.09.27 16:20:58.980,1.32377,1.32387,1.50,3.94
2016.09.27 16:20:59.082,1.32377,1.32387,1.87,3.56
2016.09.27 16:20:59.184,1.32377,1.32385,1.12,1.12
2016.09.27 16:20:59.273,1.32377,1.32385,1.37,1.38
2016.09.27 16:20:59.324,1.32377,1.32385,1.75,1.38
2016.09.27 16:20:59.376,1.32377,1.32385,1.12,1.76
2016.09.27 16:20:59.478,1.32377,1.32385,1.00,2.38
2016.09.27 16:20:59.529,1.32377,1.32383,1.00,1.00
2016.09.27 16:20:59.580,1.32377,1.32383,1.50,1.50
2016.09.27 16:20:59.784,1.32377,1.32383,1.00,1.50
2016.09.27 16:21:00.007,1.32377,1.32384,1.00,2.76
2016.09.27 16:21:00.110,1.32377,1.32384,1.00,3.51
2016.09.27 16:21:00.161,1.32377,1.32384,1.50,2.81
2016.09.27 16:21:00.213,1.32377,1.32385,1.50,5.44
2016.09.27 16:21:00.306,1.32377,1.32385,1.00,4.12
2016.09.27 16:21:00.358,1.32377,1.32385,1.00,4.45
2016.09.27 16:21:00.513,1.32377,1.32385,1.00,4.45
2016.09.27 16:21:00.667,1.32377,1.32384,1.50,1.07
2016.09.27 16:21:00.885,1.32374,1.32384,2.25,2.80
2016.09.27 16:21:00.990,1.32375,1.32384,1.12,2.62
2016.09.27 16:21:01.042,1.32376,1.32382,1.00,1.00
2016.09.27 16:21:01.093,1.32376,1.32383,1.50,2.62
2016.09.27 16:21:01.144,1.32376,1.32381,1.50,1.00
2016.09.27 16:21:01.246,1.32376,1.32383,1.50,2.62
2016.09.27 16:21:01.297,1.32376,1.32383,1.50,1.00
2016.09.27 16:21:01.348,1.32377,1.32383,1.00,1.00
2016.09.27 16:21:01.893,1.32376,1.32383,1.50,1.00
2016.09.27 16:21:02.038,1.32376,1.32384,1.50,1.37
2016.09.27 16:21:02.089,1.32376,1.32384,1.50,1.12
2016.09.27 16:21:02.191,1.32377,1.32384,1.00,1.12
2016.09.27 16:21:02.293,1.32376,1.32384,1.50,1.12
2016.09.27 16:21:03.368,1.32377,1.32384,1.00,1.12
2016.09.27 16:21:04.375,1.32376,1.32384,1.50,1.12
2016.09.27 16:21:04.629,1.32376,1.32385,1.50,2.25
2016.09.27 16:21:04.680,1.32377,1.32383,1.00,2.62
2016.09.27 16:21:04.731,1.32377,1.32383,1.50,2.62
2016.09.27 16:21:04.782,1.32377,1.32385,1.50,2.25
2016.09.27 16:21:04.884,1.32377,1.32383,1.00,1.00
2016.09.27 16:21:04.935,1.32378,1.32383,1.00,1.00
2016.09.27 16:21:05.089,1.32378,1.32385,1.00,1.50
2016.09.27 16:21:05.374,1.32378,1.32385,1.00,1.00
2016.09.27 16:21:05.425,1.32377,1.32385,3.75,1.00
2016.09.27 16:21:05.477,1.32378,1.32387,1.00,2.62
2016.09.27 16:21:05.528,1.32378,1.32388,1.00,4.12
2016.09.27 16:21:05.579,1.32378,1.32388,1.12,4.12
2016.09.27 16:21:05.630,1.32378,1.32388,1.87,3.37
2016.09.27 16:21:05.682,1.32379,1.32388,1.00,3.37
2016.09.27 16:21:05.785,1.32378,1.32388,3.00,3.37
2016.09.27 16:21:05.837,1.32378,1.32388,2.25,4.12
2016.09.27 16:21:05.888,1.32378,1.32388,1.50,4.87
2016.09.27 16:21:05.990,1.32378,1.32388,1.50,4.12
2016.09.27 16:21:06.041,1.32378,1.32388,1.87,3.75
2016.09.27 16:21:06.092,1.32379,1.32388,1.12,1.87
2016.09.27 16:21:06.253,1.32379,1.32387,1.12,1.00
2016.09.27 16:21:06.304,1.32379,1.32387,1.50,1.00
2016.09.27 16:21:06.355,1.32379,1.32388,1.00,1.37
2016.09.27 16:21:06.406,1.32379,1.32388,1.00,1.12
2016.09.27 16:21:06.457,1.32379,1.32388,1.50,1.12
2016.09.27 16:21:06.559,1.32379,1.32388,1.50,1.50
2016.09.27 16:21:06.610,1.32379,1.32388,1.87,3.37
2016.09.27 16:21:06.712,1.32379,1.32388,1.50,3.37
2016.09.27 16:21:06.763,1.32378,1.32386,2.25,1.00
2016.09.27 16:21:06.814,1.32378,1.32386,1.50,1.00
2016.09.27 16:21:06.865,1.32378,1.32386,1.87,1.00
2016.09.27 16:21:06.916,1.32378,1.32386,2.25,1.00
2016.09.27 16:21:06.981,1.32378,1.32386,1.50,1.12
2016.09.27 16:21:07.033,1.32378,1.32388,1.50,2.38
2016.09.27 16:21:07.194,1.32378,1.32386,1.00,3.37
2016.09.27 16:21:07.259,1.32377,1.32386,2.62,3.37
2016.09.27 16:21:07.310,1.32377,1.32386,2.62,1.50
2016.09.27 16:21:07.574,1.32377,1.32386,3.37,1.50
2016.09.27 16:21:07.675,1.32377,1.32386,2.62,1.50
2016.09.27 16:21:07.777,1.32377,1.32386,2.62,2.20
2016.09.27 16:21:07.828,1.32377,1.32386,3.37,2.20
2016.09.27 16:21:07.879,1.32378,1.32386,1.12,1.63
2016.09.27 16:21:07.956,1.32378,1.32386,1.87,2.01
2016.09.27 16:21:08.007,1.32378,1.32385,1.50,1.26
2016.09.27 16:21:08.160,1.32378,1.32385,1.00,1.50
2016.09.27 16:21:08.212,1.32378,1.32384,1.00,2.62
2016.09.27 16:21:08.534,1.32378,1.32382,1.00,1.12
2016.09.27 16:21:08.649,1.32376,1.32384,1.00,4.12
2016.09.27 16:21:08.701,1.32376,1.32383,1.00,1.00
2016.09.27 16:21:08.804,1.32376,1.32383,1.12,2.62
2016.09.27 16:21:08.856,1.32375,1.32383,3.37,2.62
2016.09.27 16:21:08.907,1.32375,1.32384,3.75,4.12
2016.09.27 16:21:08.958,1.32376,1.32384,1.12,4.12
2016.09.27 16:21:09.009,1.32376,1.32383,1.00,1.50
2016.09.27 16:21:09.060,1.32375,1.32383,3.00,1.50
2016.09.27 16:21:09.162,1.32375,1.32382,3.00,1.12
2016.09.27 16:21:09.213,1.32375,1.32382,2.62,1.12
2016.09.27 16:21:09.264,1.32375,1.32383,2.62,1.50
2016.09.27 16:21:09.367,1.32376,1.32383,1.00,1.50
2016.09.27 16:21:09.478,1.32375,1.32382,1.50,1.37
2016.09.27 16:21:09.682,1.32374,1.32382,1.12,1.50
2016.09.27 16:21:09.733,1.32374,1.32382,1.50,3.37
2016.09.27 16:21:09.784,1.32375,1.32382,1.00,3.37
2016.09.27 16:21:09.835,1.32375,1.32381,1.00,1.00
2016.09.27 16:21:09.886,1.32378,1.32382,1.00,1.50
2016.09.27 16:21:09.938,1.32375,1.32382,1.50,1.87
2016.09.27 16:21:09.989,1.32375,1.32382,1.00,1.50
2016.09.27 16:21:10.091,1.32374,1.32382,2.25,1.37
2016.09.27 16:21:10.172,1.32374,1.32382,2.25,1.50
2016.09.27 16:21:10.223,1.32374,1.32383,1.87,2.62
2016.09.27 16:21:10.316,1.32375,1.32384,1.12,3.75
2016.09.27 16:21:10.830,1.32375,1.32384,1.12,3.00
2016.09.27 16:21:10.976,1.32375,1.32384,1.87,3.00
2016.09.27 16:21:11.027,1.32375,1.32383,1.87,1.87
2016.09.27 16:21:11.078,1.32375,1.32383,1.87,1.37
2016.09.27 16:21:11.456,1.32375,1.32383,1.87,1.87
2016.09.27 16:21:11.507,1.32376,1.32383,1.00,1.37
2016.09.27 16:21:11.559,1.32376,1.32383,1.00,1.50
2016.09.27 16:21:11.610,1.32374,1.32383,1.87,4.87
2016.09.27 16:21:11.712,1.32374,1.32381,1.00,1.12
2016.09.27 16:21:11.763,1.32372,1.32379,1.00,1.00
2016.09.27 16:21:11.814,1.32372,1.32379,1.12,1.87
2016.09.27 16:21:11.865,1.32371,1.32379,1.37,1.50
2016.09.27 16:21:11.917,1.32371,1.32378,1.00,2.62
2016.09.27 16:21:12.018,1.32371,1.32378,1.00,2.62
2016.09.27 16:21:12.171,1.32371,1.32378,1.00,2.25
2016.09.27 16:21:12.223,1.32371,1.32379,1.00,1.12
2016.09.27 16:21:12.274,1.32372,1.32379,1.00,1.87
2016.09.27 16:21:12.325,1.32372,1.32379,1.12,1.87
2016.09.27 16:21:12.444,1.32371,1.32379,1.00,2.62
2016.09.27 16:21:12.495,1.32371,1.32379,1.00,2.25
2016.09.27 16:21:12.546,1.32371,1.32379,1.00,2.25
2016.09.27 16:21:12.597,1.32372,1.32379,1.00,3.75
2016.09.27 16:21:12.649,1.32372,1.32376,1.00,1.00
2016.09.27 16:21:12.700,1.3237,1.32376,1.00,1.12
2016.09.27 16:21:12.751,1.3237,1.32376,1.00,1.50
2016.09.27 16:21:12.803,1.32367,1.32376,2.25,1.50
2016.09.27 16:21:12.854,1.32367,1.32375,2.25,1.12
2016.09.27 16:21:12.957,1.32367,1.32375,2.25,1.12
2016.09.27 16:21:13.008,1.32368,1.32375,1.12,1.12
2016.09.27 16:21:13.181,1.32366,1.32375,3.37,1.12
2016.09.27 16:21:13.257,1.3237,1.32377,1.00,4.87
2016.09.27 16:21:13.308,1.3237,1.32377,1.37,3.37
2016.09.27 16:21:13.359,1.3237,1.32377,1.50,2.62
2016.09.27 16:21:13.431,1.3237,1.32378,1.00,1.50
2016.09.27 16:21:13.482,1.32369,1.32378,1.37,1.12
2016.09.27 16:21:13.534,1.32368,1.32378,6.00,1.12
2016.09.27 16:21:13.585,1.32368,1.32378,5.62,1.50
2016.09.27 16:21:13.636,1.32368,1.32378,3.75,1.50
2016.09.27 16:21:13.689,1.32368,1.32378,4.50,1.50
2016.09.27 16:21:13.740,1.32368,1.32378,6.37,1.50
2016.09.27 16:21:13.791,1.32369,1.32378,1.37,1.37
2016.09.27 16:21:13.919,1.32372,1.32379,1.00,1.12
2016.09.27 16:21:13.972,1.32372,1.32381,1.12,4.87
2016.09.27 16:21:14.024,1.32372,1.32381,1.87,3.00
2016.09.27 16:21:14.076,1.32373,1.3238,1.87,1.00
2016.09.27 16:21:14.128,1.32375,1.3238,1.00,1.00
2016.09.27 16:21:14.230,1.32375,1.3238,1.12,1.00
2016.09.27 16:21:14.332,1.32375,1.32381,1.87,1.00
2016.09.27 16:21:14.435,1.32375,1.3238,1.12,1.00
2016.09.27 16:21:14.610,1.32374,1.32382,2.25,1.12
2016.09.27 16:21:14.662,1.32374,1.32381,1.87,1.00
2016.09.27 16:21:14.714,1.32374,1.32381,1.87,1.12
2016.09.27 16:21:14.765,1.32374,1.32383,1.37,3.75
2016.09.27 16:21:14.817,1.32373,1.32383,4.12,2.25
2016.09.27 16:21:14.869,1.32374,1.32383,1.12,2.62
2016.09.27 16:21:14.971,1.32375,1.32383,1.50,1.87
2016.09.27 16:21:15.022,1.32376,1.32383,1.50,1.87
2016.09.27 16:21:15.073,1.32375,1.32383,3.75,1.00
2016.09.27 16:21:15.125,1.32375,1.32383,3.00,1.00
2016.09.27 16:21:15.227,1.32375,1.32384,2.62,1.50
2016.09.27 16:21:15.353,1.32376,1.32384,1.37,1.12
2016.09.27 16:21:15.456,1.32376,1.32384,1.87,1.87
2016.09.27 16:21:15.508,1.32375,1.32383,2.25,1.00
2016.09.27 16:21:15.611,1.32375,1.32383,1.12,1.00
2016.09.27 16:21:15.663,1.32374,1.32383,4.87,1.00
2016.09.27 16:21:15.714,1.32375,1.32384,1.37,2.62
2016.09.27 16:21:15.766,1.32375,1.32381,1.37,1.00
2016.09.27 16:21:15.817,1.32374,1.32382,1.87,1.50
2016.09.27 16:21:15.868,1.32373,1.32381,1.37,1.00
2016.09.27 16:21:15.920,1.32373,1.32381,1.00,1.50
2016.09.27 16:21:16.040,1.32373,1.32381,1.00,2.62
2016.09.27 16:21:16.091,1.32372,1.32381,1.50,3.37
2016.09.27 16:21:16.143,1.32372,1.32381,1.12,3.37
2016.09.27 16:21:16.194,1.32371,1.3238,2.25,1.12
2016.09.27 16:21:16.245,1.32371,1.3238,1.50,1.12
2016.09.27 16:21:16.296,1.32371,1.32381,1.50,4.31
2016.09.27 16:21:16.347,1.32371,1.32379,1.37,1.00
2016.09.27 16:21:16.399,1.32371,1.32379,1.75,1.00
2016.09.27 16:21:16.449,1.32371,1.32379,1.50,1.00
2016.09.27 16:21:16.551,1.32369,1.32378,1.75,2.25
2016.09.27 16:21:16.603,1.32368,1.32377,2.62,1.00
2016.09.27 16:21:16.654,1.32368,1.32375,1.99,1.50
2016.09.27 16:21:16.705,1.32368,1.32375,1.68,1.50
2016.09.27 16:21:16.831,1.32368,1.32375,1.24,1.87
2016.09.27 16:21:16.884,1.32367,1.32375,1.31,1.87
2016.09.27 16:21:16.985,1.32365,1.32373,3.93,1.00
2016.09.27 16:21:17.036,1.32365,1.32373,3.18,1.37
2016.09.27 16:21:17.087,1.32365,1.32373,2.06,1.37
2016.09.27 16:21:17.139,1.32365,1.32373,2.43,1.37
2016.09.27 16:21:17.190,1.32365,1.32373,3.18,1.37
2016.09.27 16:21:17.394,1.32365,1.32373,2.43,1.37
2016.09.27 16:21:17.758,1.32365,1.32373,2.06,1.37
2016.09.27 16:21:18.091,1.32365,1.32372,1.31,1.12
2016.09.27 16:21:18.289,1.32365,1.32373,1.31,1.37
2016.09.27 16:21:19.334,1.32365,1.32373,1.68,1.37
2016.09.27 16:21:20.095,1.32365,1.32374,1.18,4.12
2016.09.27 16:21:20.147,1.32365,1.32374,1.18,4.12
2016.09.27 16:21:20.249,1.32364,1.32374,3.93,2.25
2016.09.27 16:21:20.307,1.32365,1.32374,1.56,1.87
2016.09.27 16:21:21.035,1.32365,1.32374,1.56,1.87
2016.09.27 16:21:21.086,1.32364,1.32374,4.68,1.87
2016.09.27 16:21:21.140,1.32364,1.32374,5.06,1.87
2016.09.27 16:21:21.238,1.32364,1.32374,4.31,1.87
2016.09.27 16:21:21.380,1.32364,1.32374,4.68,1.87
2016.09.27 16:21:21.482,1.32365,1.32374,2.06,1.87
2016.09.27 16:21:21.534,1.32365,1.32374,1.68,1.87
2016.09.27 16:21:21.585,1.32363,1.32371,2.81,1.00
2016.09.27 16:21:21.636,1.32363,1.32371,2.43,1.37
2016.09.27 16:21:21.688,1.32363,1.32368,1.31,1.12
2016.09.27 16:21:21.739,1.32363,1.32368,1.18,1.12
2016.09.27 16:21:21.790,1.32361,1.32366,1.50,1.50
2016.09.27 16:21:21.923,1.32359,1.32364,1.24,1.00
2016.09.27 16:21:21.975,1.32358,1.32362,1.00,1.00
2016.09.27 16:21:22.026,1.32358,1.32362,1.00,1.00
2016.09.27 16:21:22.281,1.32359,1.32363,1.00,1.50
2016.09.27 16:21:22.433,1.32359,1.32363,1.00,1.12
2016.09.27 16:21:22.485,1.32359,1.32363,1.00,1.00
2016.09.27 16:21:22.536,1.32359,1.32363,1.00,1.50
2016.09.27 16:21:22.858,1.32359,1.32363,1.00,1.00
2016.09.27 16:21:22.909,1.32359,1.32363,1.00,1.50
2016.09.27 16:21:22.960,1.32358,1.32362,1.00,1.00
2016.09.27 16:21:23.011,1.32355,1.32362,2.62,1.00
2016.09.27 16:21:23.113,1.32355,1.32362,1.87,1.00
2016.09.27 16:21:23.164,1.32355,1.32362,1.12,1.00
2016.09.27 16:21:23.216,1.32354,1.32362,3.37,1.00
2016.09.27 16:21:23.310,1.32354,1.32362,1.50,1.12
2016.09.27 16:21:23.362,1.32352,1.32361,3.00,1.87
2016.09.27 16:21:23.485,1.3235,1.32355,3.00,1.87
2016.09.27 16:21:23.537,1.32347,1.32351,5.25,1.50
2016.09.27 16:21:23.588,1.32349,1.32354,1.00,5.85
2016.09.27 16:21:23.640,1.32346,1.3235,3.00,1.00
2016.09.27 16:21:23.691,1.32347,1.32351,1.00,1.50
2016.09.27 16:21:23.743,1.32344,1.32352,1.18,1.37
2016.09.27 16:21:23.808,1.32344,1.32351,1.18,1.00
2016.09.27 16:21:23.862,1.32345,1.32352,1.24,4.87
2016.09.27 16:21:23.913,1.32345,1.32352,1.24,3.37
2016.09.27 16:21:24.015,1.32346,1.32352,1.00,1.12
2016.09.27 16:21:24.066,1.32346,1.32352,1.18,1.12
2016.09.27 16:21:24.168,1.32346,1.32352,1.18,1.00
2016.09.27 16:21:24.220,1.32345,1.32352,2.43,1.00
2016.09.27 16:21:24.272,1.32345,1.32351,2.43,1.00
2016.09.27 16:21:24.324,1.32345,1.32351,1.18,1.00
2016.09.27 16:21:24.375,1.32344,1.32351,1.68,1.37
2016.09.27 16:21:24.528,1.32344,1.32351,1.18,1.37
2016.09.27 16:21:24.579,1.32344,1.3235,1.18,1.12
2016.09.27 16:21:24.841,1.32344,1.3235,1.68,1.12
2016.09.27 16:21:24.944,1.32344,1.3235,1.18,1.12
2016.09.27 16:21:24.996,1.32344,1.32351,1.18,2.25
2016.09.27 16:21:25.098,1.32344,1.32351,1.18,1.50
2016.09.27 16:21:25.150,1.32344,1.3235,1.18,1.12
2016.09.27 16:21:25.558,1.32342,1.3235,2.43,2.62
2016.09.27 16:21:25.625,1.32343,1.3235,1.31,2.62
2016.09.27 16:21:25.677,1.32343,1.3235,1.18,1.12
2016.09.27 16:21:25.740,1.32343,1.3235,1.18,2.62
2016.09.27 16:21:25.791,1.32343,1.3235,1.18,1.12
2016.09.27 16:21:25.894,1.32343,1.32348,1.18,1.12
2016.09.27 16:21:25.946,1.32341,1.32345,1.24,2.85
2016.09.27 16:21:25.998,1.32338,1.32342,2.25,1.00
2016.09.27 16:21:26.049,1.32338,1.32342,1.31,1.50
2016.09.27 16:21:26.101,1.32338,1.32342,1.24,1.00
2016.09.27 16:21:26.249,1.32335,1.32342,2.06,1.12
2016.09.27 16:21:26.300,1.32335,1.32342,2.06,1.12
2016.09.27 16:21:26.351,1.32337,1.32343,2.43,1.87
2016.09.27 16:21:26.555,1.32336,1.32342,1.50,1.12
2016.09.27 16:21:26.606,1.32336,1.32344,1.50,3.37
2016.09.27 16:21:26.657,1.32338,1.32344,1.50,1.50
2016.09.27 16:21:26.708,1.32338,1.32344,1.50,1.37
2016.09.27 16:21:26.834,1.32339,1.32344,1.00,1.00
2016.09.27 16:21:26.936,1.32338,1.32344,1.50,1.00
2016.09.27 16:21:27.140,1.32339,1.32344,1.37,1.00
2016.09.27 16:21:27.242,1.32339,1.32346,1.56,1.00
2016.09.27 16:21:27.344,1.32339,1.32345,1.18,1.00
2016.09.27 16:21:27.535,1.32339,1.32345,1.68,1.00
2016.09.27 16:21:27.587,1.32339,1.32345,1.68,1.12
2016.09.27 16:21:27.639,1.32339,1.32345,1.18,1.12
2016.09.27 16:21:27.691,1.32339,1.32344,1.18,1.00
2016.09.27 16:21:27.948,1.32337,1.32342,1.18,1.00
2016.09.27 16:21:27.999,1.32337,1.32341,1.24,1.00
2016.09.27 16:21:28.109,1.32335,1.32342,2.06,1.00
2016.09.27 16:21:28.160,1.32334,1.32342,2.43,1.12
2016.09.27 16:21:28.211,1.32334,1.32342,2.43,1.50
2016.09.27 16:21:28.319,1.32335,1.32341,1.18,1.00
2016.09.27 16:21:28.371,1.32335,1.32341,2.43,1.00
2016.09.27 16:21:28.422,1.32333,1.32341,1.00,1.00
2016.09.27 16:21:28.524,1.32335,1.32342,1.00,1.50
2016.09.27 16:21:28.575,1.32335,1.32341,1.00,1.00
2016.09.27 16:21:28.677,1.32334,1.32341,1.00,1.12
2016.09.27 16:21:29.545,1.32331,1.32341,2.81,1.12
2016.09.27 16:21:29.647,1.32331,1.32341,2.06,1.12
2016.09.27 16:21:29.851,1.32331,1.3234,1.68,1.00
2016.09.27 16:21:30.045,1.32331,1.32338,1.50,1.00
2016.09.27 16:21:30.096,1.32331,1.32338,1.00,1.00
2016.09.27 16:21:30.147,1.3233,1.32339,1.12,1.87
2016.09.27 16:21:30.199,1.32331,1.32339,1.00,1.37
2016.09.27 16:21:30.305,1.32331,1.32339,1.00,1.50
2016.09.27 16:21:30.408,1.32331,1.32339,1.00,1.50
2016.09.27 16:21:30.459,1.32331,1.32339,1.12,1.50
2016.09.27 16:21:30.689,1.32331,1.32339,1.12,2.25
2016.09.27 16:21:30.893,1.32331,1.32339,1.12,1.50
2016.09.27 16:21:30.995,1.32331,1.32337,1.12,1.00
2016.09.27 16:21:31.250,1.32331,1.32336,1.31,1.00
2016.09.27 16:21:31.452,1.32331,1.32337,1.12,1.00
2016.09.27 16:21:31.913,1.32331,1.32339,1.12,1.00
2016.09.27 16:21:32.017,1.3233,1.32339,1.68,1.00
2016.09.27 16:21:32.068,1.3233,1.32339,1.68,3.75
2016.09.27 16:21:32.119,1.3233,1.32339,1.31,4.87
2016.09.27 16:21:32.192,1.3233,1.32339,1.31,4.87
2016.09.27 16:21:32.243,1.3233,1.32338,1.24,2.62
2016.09.27 16:21:32.295,1.3233,1.32338,1.31,1.50
2016.09.27 16:21:32.347,1.3233,1.32338,1.12,1.37
2016.09.27 16:21:32.398,1.3233,1.32339,1.12,4.12
2016.09.27 16:21:32.704,1.3233,1.32339,1.50,4.12
2016.09.27 16:21:32.807,1.3233,1.32339,1.12,4.12
2016.09.27 16:21:32.996,1.3233,1.32339,1.12,2.25
2016.09.27 16:21:33.047,1.3233,1.32339,1.12,1.87
2016.09.27 16:21:33.101,1.3233,1.32338,1.12,1.00
2016.09.27 16:21:33.153,1.3233,1.32338,1.12,1.50
2016.09.27 16:21:33.205,1.3233,1.32338,1.00,1.87
2016.09.27 16:21:33.257,1.3233,1.32337,1.00,2.25
2016.09.27 16:21:33.396,1.3233,1.32337,1.00,2.62
2016.09.27 16:21:33.448,1.3233,1.32337,1.00,1.00
2016.09.27 16:21:33.499,1.3233,1.32337,1.12,1.00
2016.09.27 16:21:33.550,1.3233,1.32338,1.12,1.87
2016.09.27 16:21:34.083,1.32329,1.32336,1.00,1.00
2016.09.27 16:21:34.543,1.32329,1.32336,1.24,1.00
2016.09.27 16:21:34.595,1.32329,1.32337,1.24,3.37
2016.09.27 16:21:34.646,1.32327,1.32332,2.43,1.00
2016.09.27 16:21:34.770,1.32326,1.32332,1.00,1.87
2016.09.27 16:21:34.822,1.32325,1.32329,1.50,1.00
2016.09.27 16:21:34.874,1.32324,1.32328,1.00,2.10
2016.09.27 16:21:34.926,1.32323,1.32328,2.81,2.10
2016.09.27 16:21:34.979,1.32325,1.32329,1.12,1.00
2016.09.27 16:21:35.031,1.32325,1.32331,1.12,1.87
2016.09.27 16:21:35.082,1.32325,1.32333,1.00,3.00
2016.09.27 16:21:35.133,1.32325,1.32331,1.24,1.00
2016.09.27 16:21:35.185,1.32325,1.32333,1.31,2.62
2016.09.27 16:21:35.309,1.32325,1.32334,1.12,2.62
2016.09.27 16:21:35.398,1.32327,1.32334,1.00,1.12
2016.09.27 16:21:35.449,1.32329,1.32334,1.00,1.00
2016.09.27 16:21:35.705,1.32329,1.32336,1.12,1.50
2016.09.27 16:21:35.757,1.32329,1.32336,1.12,1.12
2016.09.27 16:21:36.139,1.32329,1.32337,1.12,1.50
2016.09.27 16:21:36.294,1.32329,1.32337,1.12,1.50
2016.09.27 16:21:36.719,1.32329,1.32338,1.12,2.62
2016.09.27 16:21:36.931,1.32329,1.32338,1.12,2.62
2016.09.27 16:21:36.982,1.32329,1.32338,1.12,3.00
2016.09.27 16:21:37.136,1.32329,1.32338,1.12,2.62
2016.09.27 16:21:37.239,1.32329,1.32338,1.12,3.37
2016.09.27 16:21:37.291,1.32328,1.32337,1.50,2.62
2016.09.27 16:21:37.393,1.32328,1.32337,1.12,2.62
2016.09.27 16:21:37.445,1.32328,1.32336,1.12,1.37
2016.09.27 16:21:38.059,1.3233,1.32336,1.00,1.37
2016.09.27 16:21:38.424,1.3233,1.32337,1.00,2.62
2016.09.27 16:21:39.097,1.3233,1.32337,1.00,2.62
2016.09.27 16:21:39.203,1.3233,1.32338,1.00,2.62
2016.09.27 16:21:39.255,1.3233,1.32339,1.00,1.87
2016.09.27 16:21:39.359,1.3233,1.32339,1.00,1.50
2016.09.27 16:21:39.462,1.3233,1.32339,1.00,1.87
2016.09.27 16:21:39.600,1.3233,1.32338,1.00,1.00
2016.09.27 16:21:39.653,1.3233,1.32339,1.00,1.50
2016.09.27 16:21:39.706,1.3233,1.3234,1.00,3.75
2016.09.27 16:21:40.535,1.3233,1.3234,1.00,4.68
2016.09.27 16:21:40.586,1.3233,1.32337,1.00,2.25
2016.09.27 16:21:40.637,1.3233,1.32337,1.00,2.62
2016.09.27 16:21:40.893,1.3233,1.32339,1.00,3.18
2016.09.27 16:21:40.944,1.3233,1.32338,1.00,1.00
2016.09.27 16:21:40.995,1.3233,1.32338,1.00,1.00
2016.09.27 16:21:41.219,1.3233,1.32338,1.00,1.00
2016.09.27 16:21:41.270,1.32334,1.32338,1.00,1.00
2016.09.27 16:21:41.322,1.32335,1.3234,1.00,2.62
2016.09.27 16:21:41.373,1.32335,1.32341,1.00,1.50
2016.09.27 16:21:41.424,1.32335,1.32341,1.00,1.12
2016.09.27 16:21:41.578,1.32335,1.32342,1.00,1.50
2016.09.27 16:21:41.680,1.32336,1.32341,1.00,1.00
2016.09.27 16:21:41.782,1.32335,1.32344,1.00,6.03
2016.09.27 16:21:41.833,1.32335,1.32344,1.00,6.03
2016.09.27 16:21:41.946,1.32335,1.32344,1.00,4.53
2016.09.27 16:21:42.009,1.32335,1.32344,1.00,5.28
2016.09.27 16:21:42.168,1.32335,1.32344,1.00,4.53
2016.09.27 16:21:42.271,1.32335,1.32344,1.00,5.28
2016.09.27 16:21:42.577,1.32335,1.32344,1.00,4.53
2016.09.27 16:21:42.628,1.32335,1.32344,1.00,3.78
2016.09.27 16:21:43.251,1.32335,1.32344,1.00,1.68
2016.09.27 16:21:43.397,1.32335,1.32344,1.00,3.78
2016.09.27 16:21:43.572,1.32335,1.32344,1.00,1.68
2016.09.27 16:21:43.879,1.32335,1.32344,1.00,3.78
2016.09.27 16:21:43.981,1.32335,1.32344,1.00,1.68
2016.09.27 16:21:44.280,1.32335,1.32344,1.00,3.18
2016.09.27 16:21:44.394,1.32333,1.32342,1.12,3.56
2016.09.27 16:21:44.445,1.32333,1.32342,1.00,3.37
2016.09.27 16:21:44.547,1.32333,1.32342,1.00,3.37
2016.09.27 16:21:44.649,1.32333,1.32342,1.00,3.37
2016.09.27 16:21:44.700,1.32333,1.32341,1.00,1.00
2016.09.27 16:21:44.752,1.32333,1.32341,1.00,1.50
2016.09.27 16:21:45.377,1.32333,1.32341,1.00,1.68
2016.09.27 16:21:45.682,1.32333,1.32341,1.00,1.50
2016.09.27 16:21:46.156,1.32333,1.32341,1.00,1.00
2016.09.27 16:21:47.270,1.32333,1.32341,1.00,1.00
2016.09.27 16:21:47.735,1.32333,1.3234,1.00,1.00
2016.09.27 16:21:47.990,1.32333,1.3234,1.12,1.00
2016.09.27 16:21:48.194,1.32333,1.3234,1.00,1.00
2016.09.27 16:21:49.124,1.32334,1.3234,1.00,1.00
2016.09.27 16:21:49.227,1.32337,1.32343,1.00,3.37
2016.09.27 16:21:49.278,1.32337,1.32343,1.00,1.12
2016.09.27 16:21:49.329,1.32338,1.32343,1.00,1.00
2016.09.27 16:21:49.381,1.32338,1.32344,1.00,2.85
2016.09.27 16:21:49.508,1.32338,1.32346,1.12,1.31
2016.09.27 16:21:49.559,1.32338,1.32346,1.12,1.24
2016.09.27 16:21:49.661,1.32338,1.32345,1.12,1.00
2016.09.27 16:21:49.917,1.32338,1.32346,1.00,1.24
2016.09.27 16:21:49.969,1.32338,1.32346,1.00,1.24
2016.09.27 16:21:50.248,1.32338,1.32347,1.37,1.91
2016.09.27 16:21:50.368,1.32337,1.32347,1.87,1.91
2016.09.27 16:21:50.470,1.32337,1.32347,1.87,1.91
2016.09.27 16:21:50.521,1.32338,1.32347,2.25,2.28
2016.09.27 16:21:50.613,1.32338,1.32346,2.62,1.04
2016.09.27 16:21:50.766,1.32338,1.32347,2.62,3.03
2016.09.27 16:21:50.819,1.32338,1.32347,2.62,1.53
2016.09.27 16:21:51.023,1.32338,1.32347,2.62,3.03
2016.09.27 16:21:51.136,1.32338,1.32346,2.62,1.04
2016.09.27 16:21:51.225,1.32337,1.32345,1.00,2.85
2016.09.27 16:21:51.276,1.32336,1.32345,1.50,1.60
2016.09.27 16:21:51.480,1.32336,1.32345,1.50,1.00
2016.09.27 16:21:51.531,1.32336,1.32345,1.87,1.00
2016.09.27 16:21:51.582,1.32336,1.32345,1.87,1.35
2016.09.27 16:21:51.684,1.32338,1.32345,1.00,2.85
2016.09.27 16:21:51.735,1.32338,1.32345,1.00,2.10
2016.09.27 16:21:51.787,1.32338,1.32346,1.00,2.28
2016.09.27 16:21:51.868,1.32337,1.32346,2.62,2.28
2016.09.27 16:21:52.022,1.32336,1.32345,1.87,1.35
2016.09.27 16:21:52.073,1.32337,1.32345,1.00,1.35
2016.09.27 16:21:52.125,1.32337,1.32344,1.00,1.00
2016.09.27 16:21:52.229,1.32335,1.32344,1.75,1.00
2016.09.27 16:21:52.281,1.32335,1.32344,1.50,1.12
2016.09.27 16:21:52.332,1.32335,1.32344,1.00,3.37
2016.09.27 16:21:52.383,1.32333,1.32344,1.87,8.28
2016.09.27 16:21:52.485,1.32333,1.32344,1.87,4.31
2016.09.27 16:21:52.536,1.32333,1.32343,1.37,1.62
2016.09.27 16:21:52.689,1.32333,1.32343,1.37,2.06
2016.09.27 16:21:52.740,1.32332,1.32343,5.62,2.06
2016.09.27 16:21:52.792,1.32332,1.32343,4.12,1.62
2016.09.27 16:21:52.843,1.32333,1.32343,1.50,1.62
2016.09.27 16:21:52.894,1.32333,1.32342,1.50,1.00
2016.09.27 16:21:52.996,1.32333,1.32342,1.50,1.12
2016.09.27 16:21:53.047,1.32333,1.32342,1.50,3.00
2016.09.27 16:21:53.098,1.32333,1.32342,1.12,2.62
2016.09.27 16:21:53.149,1.32333,1.32342,1.12,2.62
2016.09.27 16:21:53.201,1.32333,1.32342,1.12,3.00
2016.09.27 16:21:53.252,1.32333,1.32342,1.12,3.00
2016.09.27 16:21:53.303,1.32333,1.32342,1.12,2.62
2016.09.27 16:21:53.522,1.32333,1.32342,1.12,2.62
2016.09.27 16:21:53.624,1.32333,1.32342,1.12,3.75
2016.09.27 16:21:53.675,1.32332,1.3234,1.37,1.31
2016.09.27 16:21:53.726,1.32331,1.3234,2.62,1.68
2016.09.27 16:21:53.777,1.32331,1.3234,2.62,2.25
2016.09.27 16:21:53.828,1.32332,1.3234,1.00,2.25
2016.09.27 16:21:53.879,1.32329,1.32339,4.87,1.00
2016.09.27 16:21:53.931,1.32331,1.32339,1.00,1.00
2016.09.27 16:21:54.388,1.32331,1.3234,1.00,3.00
2016.09.27 16:21:54.642,1.32331,1.3234,1.50,3.00
2016.09.27 16:21:54.818,1.32331,1.3234,1.50,3.75
2016.09.27 16:21:55.022,1.32331,1.3234,1.50,3.00
2016.09.27 16:21:55.124,1.32331,1.3234,1.50,3.75
2016.09.27 16:21:55.175,1.32331,1.3234,1.75,2.62
2016.09.27 16:21:55.328,1.32331,1.3234,1.87,2.62
2016.09.27 16:21:55.481,1.32331,1.3234,1.87,1.87
2016.09.27 16:21:55.532,1.32331,1.3234,1.75,1.87
2016.09.27 16:21:55.685,1.32331,1.3234,1.75,2.62
2016.09.27 16:21:55.828,1.32331,1.3234,1.75,1.87
2016.09.27 16:21:55.981,1.32331,1.3234,1.75,2.62
2016.09.27 16:21:56.033,1.32332,1.3234,1.50,1.87
2016.09.27 16:21:56.084,1.32332,1.32341,1.50,1.50
2016.09.27 16:21:56.186,1.32332,1.32341,1.50,2.25
2016.09.27 16:21:56.391,1.32332,1.32341,1.50,1.50
2016.09.27 16:21:56.894,1.32335,1.32342,1.00,4.12
2016.09.27 16:21:56.988,1.32335,1.32343,1.00,3.37
2016.09.27 16:21:57.039,1.32335,1.32343,1.37,1.50
2016.09.27 16:21:57.090,1.32335,1.32343,1.37,1.12
2016.09.27 16:21:57.193,1.32335,1.32343,1.37,1.87
2016.09.27 16:21:57.295,1.32335,1.32343,1.37,1.12
2016.09.27 16:21:57.346,1.32334,1.32343,1.50,1.12
2016.09.27 16:21:57.397,1.32333,1.32343,3.37,1.12
2016.09.27 16:21:57.469,1.32333,1.32343,1.50,3.37
2016.09.27 16:21:57.521,1.32333,1.32342,2.25,1.50
2016.09.27 16:21:57.882,1.32333,1.32343,1.50,3.37
2016.09.27 16:21:57.985,1.32332,1.32341,1.75,1.12
2016.09.27 16:21:58.037,1.32333,1.32341,1.00,1.87
2016.09.27 16:21:58.088,1.32331,1.3234,2.25,1.12
2016.09.27 16:21:58.140,1.32331,1.3234,2.25,1.00
2016.09.27 16:21:58.263,1.32331,1.32341,2.25,2.62
2016.09.27 16:21:58.790,1.32331,1.32341,1.50,1.87
2016.09.27 16:21:58.994,1.32331,1.32341,2.25,2.62
2016.09.27 16:21:59.045,1.32331,1.32341,2.62,2.62
2016.09.27 16:21:59.236,1.32331,1.32341,1.87,2.62
2016.09.27 16:21:59.591,1.32331,1.32341,1.37,1.87
2016.09.27 16:22:00.151,1.32331,1.32341,1.87,1.12
2016.09.27 16:22:00.253,1.32331,1.32341,1.87,1.87
2016.09.27 16:22:00.471,1.32332,1.32341,1.00,1.12
2016.09.27 16:22:00.523,1.32332,1.32341,1.00,1.87
2016.09.27 16:22:01.418,1.32332,1.32341,1.00,1.12
2016.09.27 16:22:01.470,1.32332,1.32342,1.00,2.25
2016.09.27 16:22:01.933,1.32333,1.32342,1.12,1.50
2016.09.27 16:22:01.984,1.32333,1.32343,1.87,1.50
2016.09.27 16:22:02.035,1.32333,1.32343,6.00,1.50
2016.09.27 16:22:02.128,1.32334,1.32343,3.75,1.12
2016.09.27 16:22:02.180,1.32334,1.32341,3.00,1.00
2016.09.27 16:22:02.231,1.32333,1.3234,2.62,1.00
2016.09.27 16:22:02.282,1.32332,1.3234,1.12,1.50
2016.09.27 16:22:02.334,1.32332,1.3234,1.12,1.00
2016.09.27 16:22:02.538,1.32332,1.3234,1.37,1.00
2016.09.27 16:22:02.590,1.32331,1.3234,1.75,1.00
2016.09.27 16:22:03.120,1.32331,1.32339,1.75,1.00
2016.09.27 16:22:03.376,1.32332,1.32339,1.87,1.00
2016.09.27 16:22:03.427,1.32332,1.32341,1.87,2.62
2016.09.27 16:22:03.791,1.32332,1.32341,1.87,1.12
2016.09.27 16:22:04.453,1.32332,1.32341,1.50,1.12
2016.09.27 16:22:05.299,1.32332,1.32341,1.12,1.12
2016.09.27 16:22:05.351,1.32331,1.32342,2.25,4.50
2016.09.27 16:22:05.402,1.32331,1.32341,2.25,1.87
2016.09.27 16:22:05.454,1.32331,1.32341,2.25,1.50
2016.09.27 16:22:05.581,1.32333,1.32342,1.00,4.50
2016.09.27 16:22:05.683,1.32333,1.32342,1.00,3.75
2016.09.27 16:22:05.940,1.32333,1.32341,1.00,1.50
2016.09.27 16:22:05.991,1.32333,1.32341,1.00,2.25
2016.09.27 16:22:06.298,1.32333,1.32341,1.00,1.00
2016.09.27 16:22:06.696,1.32333,1.32341,1.00,2.25
2016.09.27 16:22:06.899,1.32333,1.32341,1.00,1.00
2016.09.27 16:22:07.244,1.32333,1.32341,1.00,2.25
2016.09.27 16:22:07.397,1.32333,1.32341,1.00,1.00
2016.09.27 16:22:07.448,1.32331,1.32341,1.87,3.00
2016.09.27 16:22:07.534,1.32333,1.32339,1.00,1.00
2016.09.27 16:22:07.586,1.3233,1.32339,3.75,1.00
2016.09.27 16:22:07.640,1.3233,1.32339,3.00,1.00
2016.09.27 16:22:07.691,1.3233,1.32339,2.62,1.00
2016.09.27 16:22:07.743,1.3233,1.32339,2.62,1.50
2016.09.27 16:22:07.845,1.3233,1.32339,2.62,1.00
2016.09.27 16:22:07.999,1.3233,1.32339,2.62,1.50
2016.09.27 16:22:08.101,1.3233,1.32339,3.00,1.00
2016.09.27 16:22:08.306,1.3233,1.32339,3.00,1.50
2016.09.27 16:22:08.732,1.3233,1.32339,3.00,1.00
2016.09.27 16:22:08.783,1.3233,1.32339,2.62,1.00
2016.09.27 16:22:08.834,1.32331,1.32339,1.00,1.37
2016.09.27 16:22:08.886,1.32329,1.32339,2.25,1.37
2016.09.27 16:22:08.988,1.3233,1.32339,1.37,1.37
2016.09.27 16:22:09.072,1.3233,1.32339,1.37,1.87
2016.09.27 16:22:09.123,1.32329,1.32338,1.50,1.87
2016.09.27 16:22:09.225,1.32328,1.32337,1.50,1.00
2016.09.27 16:22:09.277,1.32327,1.32337,2.25,1.37
2016.09.27 16:22:09.355,1.32327,1.32335,1.87,1.00
2016.09.27 16:22:09.407,1.32327,1.32335,1.50,1.50
2016.09.27 16:22:09.459,1.32327,1.32336,1.50,2.62
2016.09.27 16:22:09.816,1.32327,1.32336,1.87,2.62
2016.09.27 16:22:09.867,1.32327,1.32336,2.25,2.62
2016.09.27 16:22:10.019,1.32327,1.32336,3.00,2.62
2016.09.27 16:22:10.121,1.32328,1.32336,1.00,2.62
2016.09.27 16:22:10.500,1.3233,1.32336,1.00,3.37
2016.09.27 16:22:10.551,1.32327,1.32336,2.25,3.37
2016.09.27 16:22:10.602,1.32327,1.32336,2.25,2.62
2016.09.27 16:22:10.653,1.32329,1.32337,1.00,4.12
2016.09.27 16:22:10.704,1.32329,1.32336,1.00,1.50
2016.09.27 16:22:11.033,1.32329,1.32336,1.00,2.25
2016.09.27 16:22:11.135,1.32329,1.32336,1.12,1.12
2016.09.27 16:22:11.186,1.32329,1.32336,1.12,1.00
2016.09.27 16:22:11.237,1.32329,1.32337,3.00,1.00
2016.09.27 16:22:11.289,1.3233,1.32337,1.37,1.00
2016.09.27 16:22:11.443,1.3233,1.32338,1.12,1.12
2016.09.27 16:22:11.545,1.3233,1.32339,1.12,3.75
2016.09.27 16:22:11.720,1.3233,1.32338,1.12,1.87
2016.09.27 16:22:12.128,1.3233,1.32339,1.12,3.75
2016.09.27 16:22:12.230,1.3233,1.32338,1.12,1.87
2016.09.27 16:22:12.332,1.3233,1.32339,1.12,3.00
2016.09.27 16:22:12.502,1.3233,1.32338,1.12,1.12
2016.09.27 16:22:12.678,1.3233,1.32339,1.12,3.00
2016.09.27 16:22:12.831,1.3233,1.32338,1.12,1.12
2016.09.27 16:22:13.241,1.3233,1.32339,1.12,3.00
2016.09.27 16:22:13.293,1.32328,1.32338,5.25,1.12
2016.09.27 16:22:13.347,1.32328,1.32336,3.75,1.00
2016.09.27 16:22:13.408,1.32328,1.32336,1.50,1.00
2016.09.27 16:22:13.459,1.32328,1.32336,1.12,3.75
2016.09.27 16:22:13.574,1.32328,1.32336,1.12,1.50
2016.09.27 16:22:13.625,1.32328,1.32336,1.12,1.12
2016.09.27 16:22:13.676,1.32329,1.32336,1.00,1.12
2016.09.27 16:22:13.727,1.32329,1.32336,1.87,1.87
2016.09.27 16:22:13.779,1.32329,1.32336,2.62,1.50
2016.09.27 16:22:13.882,1.32329,1.32336,2.62,1.87
2016.09.27 16:22:14.036,1.32329,1.32336,1.87,1.87
2016.09.27 16:22:14.087,1.32329,1.32336,1.50,1.50
2016.09.27 16:22:14.138,1.32329,1.32336,1.50,1.12
2016.09.27 16:22:14.255,1.32329,1.32337,1.50,1.87
2016.09.27 16:22:14.358,1.32328,1.32337,1.37,1.87
2016.09.27 16:22:14.452,1.32327,1.32337,3.75,1.87
2016.09.27 16:22:14.505,1.32327,1.32336,3.37,1.50
2016.09.27 16:22:14.556,1.32327,1.32336,3.00,2.25
2016.09.27 16:22:14.607,1.32327,1.32336,2.25,2.25
2016.09.27 16:22:14.811,1.32327,1.32336,1.50,2.25
2016.09.27 16:22:14.862,1.32327,1.32335,1.12,1.37
2016.09.27 16:22:14.913,1.32327,1.32335,1.00,1.50
2016.09.27 16:22:14.964,1.32327,1.32335,1.00,1.50
2016.09.27 16:22:15.081,1.32327,1.32335,1.00,2.25
2016.09.27 16:22:15.132,1.32327,1.32335,1.00,1.50
2016.09.27 16:22:15.336,1.32327,1.32335,1.00,3.00
2016.09.27 16:22:15.439,1.32327,1.32335,1.00,1.69
2016.09.27 16:22:15.541,1.32327,1.32334,1.00,3.00
2016.09.27 16:22:15.592,1.32327,1.32334,1.00,3.37
2016.09.27 16:22:15.643,1.32327,1.32332,1.00,1.00
2016.09.27 16:22:15.781,1.32326,1.32332,1.87,1.00
2016.09.27 16:22:15.833,1.32326,1.32332,1.12,1.00
2016.09.27 16:22:15.884,1.32326,1.32332,1.50,1.00
2016.09.27 16:22:16.060,1.32326,1.32332,2.25,1.00
2016.09.27 16:22:16.112,1.32326,1.32332,2.25,1.00
2016.09.27 16:22:16.163,1.32326,1.32332,2.25,1.00
2016.09.27 16:22:16.266,1.32326,1.32332,3.00,1.00
2016.09.27 16:22:16.318,1.32326,1.32332,3.37,1.00
2016.09.27 16:22:16.423,1.32326,1.32335,3.37,1.69
2016.09.27 16:22:16.474,1.32328,1.32335,1.00,1.50
2016.09.27 16:22:16.527,1.32328,1.32335,1.12,1.00
2016.09.27 16:22:16.648,1.32327,1.32336,3.75,1.87
2016.09.27 16:22:16.700,1.32327,1.32336,4.50,2.25
2016.09.27 16:22:16.752,1.32328,1.32337,1.37,3.75
2016.09.27 16:22:16.803,1.32328,1.32337,1.50,3.75
2016.09.27 16:22:16.906,1.32328,1.32336,1.50,1.00
2016.09.27 16:22:16.985,1.32328,1.32336,1.50,1.00
2016.09.27 16:22:17.488,1.32328,1.32336,1.37,1.00
2016.09.27 16:22:17.591,1.32328,1.32336,1.50,1.00
2016.09.27 16:22:17.744,1.32329,1.32336,1.37,1.00
2016.09.27 16:22:17.846,1.32328,1.32337,4.87,1.87
2016.09.27 16:22:17.897,1.32329,1.32337,1.12,1.50
2016.09.27 16:22:18.050,1.32329,1.32336,1.12,1.00
2016.09.27 16:22:18.152,1.32328,1.32337,1.50,1.87
2016.09.27 16:22:18.204,1.32328,1.32337,1.50,2.25
2016.09.27 16:22:18.449,1.32328,1.32336,1.50,1.00
2016.09.27 16:22:18.500,1.32328,1.32336,1.12,1.00
2016.09.27 16:22:18.551,1.32328,1.32337,1.12,2.25
2016.09.27 16:22:18.653,1.32328,1.32337,1.12,2.25
2016.09.27 16:22:18.704,1.32328,1.32336,1.12,1.00
2016.09.27 16:22:18.755,1.32327,1.32336,1.87,2.62
2016.09.27 16:22:18.806,1.32327,1.32335,1.50,1.00
2016.09.27 16:22:18.857,1.32326,1.32334,1.50,1.87
2016.09.27 16:22:18.908,1.32326,1.32334,1.50,1.87
2016.09.27 16:22:19.061,1.32326,1.32334,1.87,1.50
2016.09.27 16:22:19.112,1.32326,1.32334,2.25,1.50
2016.09.27 16:22:19.163,1.32326,1.32333,2.25,1.00
2016.09.27 16:22:19.384,1.32326,1.32333,1.50,1.00
2016.09.27 16:22:19.538,1.32327,1.32333,1.00,1.00
2016.09.27 16:22:19.589,1.32327,1.32333,1.12,1.00
2016.09.27 16:22:19.641,1.32327,1.32335,3.00,1.00
2016.09.27 16:22:19.692,1.32327,1.32335,3.37,1.00
2016.09.27 16:22:19.845,1.32327,1.32335,1.37,1.50
2016.09.27 16:22:19.896,1.32328,1.32335,1.50,1.12
2016.09.27 16:22:19.947,1.32328,1.32336,1.50,1.50
2016.09.27 16:22:20.050,1.32328,1.32335,1.50,1.00
2016.09.27 16:22:20.152,1.32328,1.32335,1.12,1.00
2016.09.27 16:22:20.279,1.32328,1.32335,1.00,1.00
2016.09.27 16:22:20.353,1.32328,1.32336,1.00,1.50
2016.09.27 16:22:20.405,1.32328,1.32336,1.12,1.50
2016.09.27 16:22:20.457,1.32328,1.32336,1.37,1.50
2016.09.27 16:22:20.662,1.32328,1.32335,1.37,1.00
2016.09.27 16:22:21.071,1.32328,1.32335,1.87,1.00
2016.09.27 16:22:21.122,1.32328,1.32335,2.25,1.00
2016.09.27 16:22:21.225,1.32328,1.32335,1.37,1.00
2016.09.27 16:22:21.276,1.32328,1.32335,3.00,1.00
2016.09.27 16:22:21.356,1.32328,1.32336,1.37,1.87
2016.09.27 16:22:21.408,1.32327,1.32336,3.00,1.87
2016.09.27 16:22:21.459,1.32327,1.32335,3.00,1.00
2016.09.27 16:22:21.561,1.32327,1.32336,3.00,1.87
2016.09.27 16:22:21.613,1.32327,1.32336,2.62,1.87
2016.09.27 16:22:21.665,1.32328,1.32335,1.75,1.00
2016.09.27 16:22:21.782,1.3233,1.32335,1.00,1.00
2016.09.27 16:22:21.834,1.32329,1.32336,1.50,1.50
2016.09.27 16:22:21.885,1.32329,1.32336,3.00,1.50
2016.09.27 16:22:21.987,1.32329,1.32335,4.12,1.00
2016.09.27 16:22:22.249,1.32329,1.32336,3.00,1.00
2016.09.27 16:22:22.300,1.3233,1.32336,1.00,1.00
2016.09.27 16:22:22.351,1.32328,1.32336,2.25,1.00
2016.09.27 16:22:22.504,1.32328,1.32336,3.00,1.00
2016.09.27 16:22:22.682,1.3233,1.32336,1.50,1.50
2016.09.27 16:22:22.733,1.3233,1.32336,2.25,1.50
2016.09.27 16:22:22.784,1.32331,1.32338,1.00,3.75
2016.09.27 16:22:22.835,1.32331,1.32338,1.12,2.25
2016.09.27 16:22:22.886,1.3233,1.32338,2.25,1.00
2016.09.27 16:22:22.938,1.3233,1.32338,1.87,1.00
2016.09.27 16:22:22.989,1.3233,1.32338,2.25,2.25
2016.09.27 16:22:23.091,1.3233,1.32338,2.25,1.50
2016.09.27 16:22:23.142,1.3233,1.32338,1.87,1.00
2016.09.27 16:22:23.968,1.3233,1.32339,1.87,1.12
2016.09.27 16:22:24.594,1.32331,1.32339,1.37,1.12
2016.09.27 16:22:24.747,1.32331,1.32339,1.37,1.87
2016.09.27 16:22:24.807,1.32331,1.32339,1.75,1.50
2016.09.27 16:22:24.961,1.32331,1.3234,1.75,4.12
2016.09.27 16:22:25.165,1.32331,1.32339,1.75,1.50
2016.09.27 16:22:25.665,1.32331,1.32339,2.25,1.50
2016.09.27 16:22:25.870,1.32332,1.32339,1.37,1.50
2016.09.27 16:22:25.921,1.32332,1.32339,1.37,1.50
2016.09.27 16:22:25.973,1.32332,1.3234,1.37,4.12
2016.09.27 16:22:26.075,1.32331,1.32338,2.25,1.00
2016.09.27 16:22:26.127,1.32331,1.32338,1.87,1.00
2016.09.27 16:22:26.178,1.32331,1.32339,1.87,1.50
2016.09.27 16:22:26.281,1.32331,1.3234,1.87,4.12
2016.09.27 16:22:26.440,1.32331,1.32339,1.87,1.00
2016.09.27 16:22:26.543,1.32331,1.32339,1.87,1.50
2016.09.27 16:22:26.851,1.32331,1.32339,1.87,1.00
2016.09.27 16:22:27.211,1.32332,1.32339,1.37,1.00
2016.09.27 16:22:27.469,1.32332,1.32338,1.37,1.50
2016.09.27 16:22:27.544,1.32332,1.32338,1.50,1.50
2016.09.27 16:22:27.597,1.32332,1.32338,1.37,1.50
2016.09.27 16:22:27.649,1.32331,1.32338,2.25,1.50
2016.09.27 16:22:27.844,1.32331,1.32338,2.25,1.00
2016.09.27 16:22:27.997,1.32331,1.32339,1.87,2.25
2016.09.27 16:22:28.049,1.32331,1.32339,1.75,2.25
2016.09.27 16:22:28.202,1.32331,1.32339,1.87,2.25
2016.09.27 16:22:28.254,1.32331,1.32339,1.87,3.00
2016.09.27 16:22:28.457,1.32331,1.32338,1.87,1.00
2016.09.27 16:22:28.641,1.32331,1.32338,1.87,1.00
2016.09.27 16:22:28.693,1.32332,1.32338,1.37,1.00
2016.09.27 16:22:28.795,1.32332,1.32339,1.37,3.00
2016.09.27 16:22:28.949,1.32332,1.32339,1.50,3.00
2016.09.27 16:22:29.000,1.32333,1.32338,1.00,1.00
2016.09.27 16:22:29.103,1.32332,1.32338,1.50,1.00
2016.09.27 16:22:29.154,1.32332,1.32339,1.37,3.00
2016.09.27 16:22:30.044,1.32332,1.32338,1.37,1.00
2016.09.27 16:22:30.576,1.32332,1.32339,1.37,2.25
2016.09.27 16:22:30.628,1.32333,1.32339,1.00,1.50
2016.09.27 16:22:30.679,1.32335,1.32341,1.12,1.12
2016.09.27 16:22:30.731,1.32335,1.32341,1.12,1.00
2016.09.27 16:22:30.782,1.32335,1.32341,1.37,1.00
2016.09.27 16:22:30.833,1.32335,1.32341,1.87,1.00
2016.09.27 16:22:30.935,1.32335,1.32342,2.62,1.00
2016.09.27 16:22:30.986,1.32335,1.32343,2.62,1.87
2016.09.27 16:22:31.087,1.32335,1.32342,2.62,1.00
2016.09.27 16:22:31.138,1.32335,1.32342,2.62,1.00
2016.09.27 16:22:31.189,1.32335,1.32344,2.62,2.85
2016.09.27 16:22:31.241,1.32335,1.32344,3.00,1.50
2016.09.27 16:22:31.292,1.32336,1.32344,1.00,2.85
2016.09.27 16:22:31.343,1.32336,1.32344,2.25,1.00
2016.09.27 16:22:31.437,1.32336,1.32344,2.62,1.00
2016.09.27 16:22:31.490,1.32338,1.32344,1.00,1.35
2016.09.27 16:22:31.592,1.32337,1.32344,1.12,2.10
2016.09.27 16:22:31.644,1.32339,1.32344,1.00,2.10
2016.09.27 16:22:31.900,1.32339,1.32344,1.00,1.35
2016.09.27 16:22:32.155,1.32339,1.32344,1.00,2.10
2016.09.27 16:22:32.384,1.32339,1.32344,1.00,1.35
2016.09.27 16:22:32.487,1.32339,1.32345,1.00,2.10
2016.09.27 16:22:33.199,1.32337,1.32345,1.87,3.22
2016.09.27 16:22:33.251,1.32337,1.32345,1.50,3.22
2016.09.27 16:22:33.407,1.32337,1.32345,1.50,2.47
2016.09.27 16:22:33.628,1.32337,1.32345,1.50,1.30
2016.09.27 16:22:33.692,1.32336,1.32345,2.62,1.12
2016.09.27 16:22:34.152,1.32336,1.32344,2.62,2.10
2016.09.27 16:22:34.203,1.32336,1.32344,2.25,2.10
2016.09.27 16:22:34.405,1.32337,1.32344,1.37,2.10
2016.09.27 16:22:34.558,1.32337,1.32344,2.62,2.10
2016.09.27 16:22:34.609,1.32338,1.32345,1.50,2.10
2016.09.27 16:22:34.660,1.32338,1.32345,1.37,2.10
2016.09.27 16:22:34.711,1.32337,1.32345,1.87,2.10
2016.09.27 16:22:34.763,1.32339,1.32344,1.00,1.50
2016.09.27 16:22:34.815,1.32336,1.32344,4.50,1.50
2016.09.27 16:22:34.867,1.32336,1.32344,3.00,1.00
2016.09.27 16:22:34.970,1.32336,1.32344,3.00,3.60
2016.09.27 16:22:35.022,1.32336,1.32344,4.50,3.60
2016.09.27 16:22:35.073,1.32336,1.32344,3.75,3.60
2016.09.27 16:22:35.202,1.32337,1.32344,1.12,3.60
2016.09.27 16:22:35.378,1.32337,1.32344,1.12,2.85
2016.09.27 16:22:35.480,1.32337,1.32344,1.12,3.60
2016.09.27 16:22:35.633,1.32336,1.32344,3.75,3.60
2016.09.27 16:22:35.685,1.32336,1.32344,3.75,1.00
2016.09.27 16:22:35.787,1.32336,1.32344,4.50,1.00
2016.09.27 16:22:35.991,1.32336,1.32345,4.50,4.35
2016.09.27 16:22:36.265,1.32336,1.32343,4.50,1.50
2016.09.27 16:22:36.316,1.32336,1.32343,2.25,1.50
2016.09.27 16:22:36.367,1.32336,1.32342,1.50,1.00
2016.09.27 16:22:36.419,1.32336,1.32342,1.12,1.00
2016.09.27 16:22:36.470,1.32334,1.32342,1.50,1.00
2016.09.27 16:22:36.571,1.32334,1.32343,1.50,1.87
2016.09.27 16:22:37.047,1.32334,1.32343,1.12,1.87
2016.09.27 16:22:37.098,1.32334,1.32342,1.12,1.00
2016.09.27 16:22:37.189,1.32334,1.32343,1.12,1.87
2016.09.27 16:22:37.291,1.32334,1.32343,1.12,1.87
2016.09.27 16:22:37.546,1.32334,1.32343,1.12,1.87
2016.09.27 16:22:37.699,1.32334,1.32342,1.12,1.00
2016.09.27 16:22:37.751,1.32334,1.32342,1.12,1.50
2016.09.27 16:22:38.269,1.32334,1.32342,1.12,1.00
2016.09.27 16:22:38.469,1.32334,1.32342,1.12,1.50
2016.09.27 16:22:38.893,1.32334,1.32341,1.12,1.00
2016.09.27 16:22:38.996,1.32333,1.3234,1.50,1.00
2016.09.27 16:22:39.047,1.32331,1.32339,2.62,1.00
2016.09.27 16:22:39.099,1.32332,1.32338,1.35,1.00
2016.09.27 16:22:39.150,1.32332,1.32338,1.22,1.00
2016.09.27 16:22:39.251,1.3233,1.32338,1.50,1.00
2016.09.27 16:22:39.302,1.32331,1.32338,1.37,1.00
2016.09.27 16:22:39.353,1.3233,1.32338,3.37,1.50
2016.09.27 16:22:39.404,1.3233,1.32338,1.37,1.87
2016.09.27 16:22:39.455,1.32329,1.32338,2.25,1.50
2016.09.27 16:22:39.609,1.32329,1.32338,2.25,1.12
2016.09.27 16:22:39.661,1.32329,1.32339,1.75,1.50
2016.09.27 16:22:39.712,1.3233,1.32339,1.00,1.87
2016.09.27 16:22:39.764,1.3233,1.32339,1.00,2.25
2016.09.27 16:22:40.246,1.32332,1.32339,1.00,3.37
2016.09.27 16:22:40.311,1.3233,1.32334,1.50,1.00
2016.09.27 16:22:40.363,1.32328,1.32332,2.25,3.00
2016.09.27 16:22:40.414,1.32327,1.32331,3.00,1.87
2016.09.27 16:22:40.466,1.32321,1.32325,10.50,1.00
2016.09.27 16:22:40.517,1.32318,1.32322,6.00,1.00
2016.09.27 16:22:40.568,1.32318,1.32322,1.00,1.50
2016.09.27 16:22:40.620,1.32316,1.32323,3.37,2.25
2016.09.27 16:22:40.752,1.32316,1.32322,1.00,2.25
2016.09.27 16:22:40.803,1.32315,1.3232,1.37,1.00
2016.09.27 16:22:40.854,1.32315,1.32319,1.00,1.00
2016.09.27 16:22:40.956,1.32316,1.3232,1.00,1.50
2016.09.27 16:22:41.058,1.32313,1.32319,3.00,1.00
2016.09.27 16:22:41.160,1.32313,1.3232,1.87,1.50
2016.09.27 16:22:41.211,1.32313,1.3232,3.75,1.50
2016.09.27 16:22:41.262,1.32313,1.3232,3.37,1.50
2016.09.27 16:22:41.313,1.32314,1.32319,1.00,1.00
2016.09.27 16:22:41.364,1.32313,1.32319,1.50,1.00
2016.09.27 16:22:41.415,1.32313,1.3232,1.50,1.50
2016.09.27 16:22:41.720,1.32313,1.32319,1.50,1.00
2016.09.27 16:22:42.259,1.32313,1.32318,1.50,1.50
2016.09.27 16:22:42.427,1.32313,1.32318,1.50,1.00
2016.09.27 16:22:42.682,1.32312,1.32318,1.75,1.00
2016.09.27 16:22:42.733,1.32312,1.32316,1.12,1.00
2016.09.27 16:22:42.784,1.32312,1.32316,1.00,1.50
2016.09.27 16:22:43.038,1.32312,1.32316,1.00,1.00
2016.09.27 16:22:43.344,1.32312,1.32316,1.00,1.50
2016.09.27 16:22:43.446,1.32312,1.32316,1.12,1.50
2016.09.27 16:22:43.650,1.32312,1.32316,1.12,1.00
2016.09.27 16:22:44.175,1.32312,1.32317,1.37,1.50
2016.09.27 16:22:44.380,1.32311,1.32317,1.00,1.50
2016.09.27 16:22:44.433,1.3231,1.32314,1.00,1.00
2016.09.27 16:22:44.640,1.32307,1.32315,3.37,1.50
2016.09.27 16:22:44.925,1.32308,1.32315,1.00,2.25
2016.09.27 16:22:44.976,1.32308,1.32315,1.00,1.50
2016.09.27 16:22:45.028,1.32308,1.32315,1.50,1.50
2016.09.27 16:22:45.130,1.32308,1.32314,1.50,1.00
2016.09.27 16:22:45.334,1.32308,1.32315,1.50,1.50
2016.09.27 16:22:45.503,1.32307,1.32314,3.00,1.00
2016.09.27 16:22:45.554,1.32307,1.32314,3.37,1.00
2016.09.27 16:22:45.605,1.32307,1.32314,3.37,1.50
2016.09.27 16:22:45.657,1.32307,1.32313,1.75,1.00
2016.09.27 16:22:45.708,1.32307,1.32314,3.37,1.50
2016.09.27 16:22:45.760,1.32307,1.32313,2.62,1.00
2016.09.27 16:22:45.863,1.32307,1.32314,2.62,1.50
2016.09.27 16:22:46.219,1.32306,1.32314,1.12,1.50
2016.09.27 16:22:46.271,1.32307,1.32313,1.00,1.00
2016.09.27 16:22:46.322,1.32306,1.32312,1.37,1.00
2016.09.27 16:22:46.429,1.32306,1.32311,1.00,1.00
2016.09.27 16:22:46.481,1.32306,1.32311,1.00,1.50
2016.09.27 16:22:46.532,1.32306,1.32311,1.87,1.50
2016.09.27 16:22:46.583,1.32306,1.32311,1.12,1.50
2016.09.27 16:22:46.634,1.32305,1.32311,1.87,1.00
2016.09.27 16:22:46.737,1.32305,1.32311,1.50,1.00
2016.09.27 16:22:46.788,1.32307,1.32311,1.00,1.00
2016.09.27 16:22:46.839,1.32305,1.32311,1.75,1.00
2016.09.27 16:22:46.891,1.32304,1.32311,1.87,1.00
2016.09.27 16:22:46.985,1.32304,1.32311,1.87,1.50
2016.09.27 16:22:47.037,1.32304,1.32311,1.50,1.50
2016.09.27 16:22:47.088,1.32304,1.32311,1.50,1.50
2016.09.27 16:22:47.139,1.32304,1.32311,1.50,1.00
2016.09.27 16:22:47.261,1.32304,1.32311,1.37,1.50
2016.09.27 16:22:47.952,1.32304,1.32311,1.37,1.00
2016.09.27 16:22:48.156,1.32304,1.3231,1.12,1.00
2016.09.27 16:22:48.258,1.32304,1.32311,3.00,1.50
2016.09.27 16:22:48.360,1.32304,1.3231,3.00,1.00
2016.09.27 16:22:48.451,1.32304,1.3231,3.00,1.50
2016.09.27 16:22:48.667,1.32304,1.3231,3.00,1.00
2016.09.27 16:22:48.850,1.32304,1.3231,3.00,1.50
2016.09.27 16:22:49.053,1.32304,1.3231,3.00,1.00
2016.09.27 16:22:49.104,1.32304,1.32312,3.00,1.22
2016.09.27 16:22:49.359,1.32304,1.32312,2.62,1.22
2016.09.27 16:22:49.410,1.32304,1.32312,2.62,1.97
2016.09.27 16:22:49.461,1.32304,1.3231,2.62,1.00
2016.09.27 16:22:51.664,1.32304,1.3231,2.62,1.50
2016.09.27 16:22:51.766,1.32304,1.3231,2.25,1.50
2016.09.27 16:22:51.817,1.32304,1.32309,2.25,1.00
2016.09.27 16:22:51.868,1.32301,1.32309,2.62,1.00
2016.09.27 16:22:51.919,1.323,1.32309,3.75,1.00
2016.09.27 16:22:51.976,1.32303,1.32309,1.00,1.00
2016.09.27 16:22:52.129,1.32303,1.32308,1.00,1.00
2016.09.27 16:22:52.341,1.32301,1.32309,2.62,1.00
2016.09.27 16:22:53.601,1.32301,1.32309,2.62,1.50
2016.09.27 16:22:53.652,1.32301,1.32307,2.62,1.00
2016.09.27 16:22:53.755,1.32301,1.32307,1.00,1.00
2016.09.27 16:22:53.806,1.32301,1.32309,1.00,1.50
2016.09.27 16:22:54.362,1.32301,1.32309,1.00,2.25
2016.09.27 16:22:54.645,1.32301,1.32309,1.00,1.50
2016.09.27 16:22:54.697,1.32301,1.32309,1.00,1.00
2016.09.27 16:22:55.800,1.32301,1.32309,1.00,1.00
2016.09.27 16:22:55.852,1.32301,1.3231,1.31,3.47
2016.09.27 16:22:55.903,1.32301,1.3231,2.06,2.34
2016.09.27 16:22:55.955,1.32301,1.3231,2.06,1.97
2016.09.27 16:22:56.007,1.32302,1.3231,1.62,1.50
2016.09.27 16:22:56.058,1.32302,1.3231,1.37,1.00
2016.09.27 16:22:56.110,1.32301,1.3231,1.87,1.00
2016.09.27 16:22:56.161,1.32301,1.3231,1.87,1.50
2016.09.27 16:22:56.263,1.32301,1.3231,1.87,1.00
2016.09.27 16:22:56.470,1.32302,1.3231,1.37,1.00
2016.09.27 16:22:56.521,1.32301,1.3231,1.87,1.00
2016.09.27 16:22:56.674,1.32301,1.3231,2.25,1.00
2016.09.27 16:22:56.776,1.32301,1.3231,1.87,1.00
2016.09.27 16:22:56.980,1.32301,1.3231,2.25,1.00
2016.09.27 16:22:57.082,1.32301,1.3231,1.87,1.00
2016.09.27 16:22:57.184,1.32301,1.3231,2.25,1.00
2016.09.27 16:22:57.337,1.32301,1.32308,1.75,1.00
2016.09.27 16:22:57.388,1.323,1.32309,2.62,1.00
2016.09.27 16:22:57.440,1.32298,1.32308,4.50,3.75
2016.09.27 16:22:57.492,1.32298,1.32307,4.12,1.00
2016.09.27 16:22:57.615,1.32299,1.32307,1.00,1.00
2016.09.27 16:22:57.718,1.32299,1.32307,1.00,1.00
2016.09.27 16:22:57.871,1.32298,1.32306,1.75,1.00
2016.09.27 16:22:57.922,1.32298,1.32308,1.75,1.31
2016.09.27 16:22:57.973,1.32298,1.32308,1.50,1.25
2016.09.27 16:22:58.024,1.32298,1.32307,1.50,1.00
2016.09.27 16:22:58.076,1.32298,1.32307,2.25,1.00
2016.09.27 16:22:58.127,1.32298,1.32309,2.25,2.72
2016.09.27 16:22:58.280,1.32299,1.32309,1.00,2.34
2016.09.27 16:22:58.331,1.32299,1.32309,1.12,2.34
2016.09.27 16:22:58.382,1.32299,1.32309,1.37,2.34
2016.09.27 16:22:58.433,1.32299,1.32309,1.37,2.34
2016.09.27 16:22:58.485,1.323,1.32309,1.00,1.59
2016.09.27 16:22:58.587,1.32299,1.32309,1.37,1.00
2016.09.27 16:22:58.688,1.323,1.32309,1.00,1.12
2016.09.27 16:22:58.837,1.32299,1.32309,3.00,4.12
2016.09.27 16:22:59.041,1.32299,1.32309,3.00,3.37
2016.09.27 16:22:59.092,1.32299,1.32309,2.62,3.37
2016.09.27 16:22:59.143,1.32299,1.32308,2.62,2.25
2016.09.27 16:22:59.298,1.32299,1.32308,2.62,2.25
2016.09.27 16:22:59.400,1.32299,1.32306,2.62,1.00
2016.09.27 16:22:59.502,1.32299,1.32307,2.25,1.00
2016.09.27 16:22:59.553,1.32296,1.32307,8.25,1.00
2016.09.27 16:22:59.604,1.32296,1.32307,7.50,1.00
2016.09.27 16:22:59.706,1.32296,1.32306,6.75,1.50
2016.09.27 16:22:59.831,1.32296,1.32303,1.87,1.00
2016.09.27 16:22:59.883,1.32295,1.32303,1.12,1.00
2016.09.27 16:22:59.934,1.32294,1.32303,2.62,1.50
2016.09.27 16:22:59.985,1.32294,1.32299,2.62,1.00
2016.09.27 16:23:00.036,1.32294,1.32298,2.25,1.12
2016.09.27 16:23:00.088,1.32293,1.32297,1.87,1.12
2016.09.27 16:23:00.190,1.32291,1.32295,1.00,1.00
2016.09.27 16:23:00.241,1.32287,1.32294,1.50,1.00
2016.09.27 16:23:00.309,1.32287,1.32294,1.37,1.00
2016.09.27 16:23:00.361,1.32287,1.32294,1.50,1.00
2016.09.27 16:23:00.412,1.32287,1.32294,1.50,1.00
2016.09.27 16:23:00.538,1.32287,1.32294,1.69,1.00
2016.09.27 16:23:00.691,1.32287,1.32297,2.81,2.62
2016.09.27 16:23:00.742,1.32289,1.32297,1.56,2.62
2016.09.27 16:23:00.793,1.32289,1.32297,1.69,2.25
2016.09.27 16:23:00.845,1.32289,1.32298,1.12,1.50
2016.09.27 16:23:00.899,1.32289,1.32298,1.37,1.37
2016.09.27 16:23:00.950,1.3229,1.32298,1.00,1.00
2016.09.27 16:23:01.104,1.3229,1.32298,1.00,1.00
2016.09.27 16:23:01.263,1.3229,1.32298,1.25,1.00
2016.09.27 16:23:01.314,1.32293,1.32298,1.12,1.00
2016.09.27 16:23:01.365,1.32295,1.323,1.00,1.37
2016.09.27 16:23:01.416,1.32295,1.323,1.00,1.00
2016.09.27 16:23:01.468,1.32295,1.32302,1.00,1.00
2016.09.27 16:23:02.058,1.32294,1.32301,1.50,1.00
2016.09.27 16:23:02.110,1.32294,1.32301,1.00,2.25
2016.09.27 16:23:02.161,1.32294,1.32301,1.00,2.10
2016.09.27 16:23:02.263,1.32294,1.32302,1.00,1.00
2016.09.27 16:23:02.314,1.32294,1.32301,1.00,2.85
2016.09.27 16:23:02.365,1.32294,1.323,1.00,2.10
2016.09.27 16:23:02.468,1.32294,1.32301,1.00,1.00
2016.09.27 16:23:02.723,1.32294,1.32302,1.00,1.00
2016.09.27 16:23:02.773,1.32293,1.32302,1.50,1.50
2016.09.27 16:23:03.029,1.32293,1.32302,1.50,2.62
2016.09.27 16:23:03.113,1.32293,1.32302,1.00,2.25
2016.09.27 16:23:03.165,1.32293,1.32302,1.00,2.25
2016.09.27 16:23:03.216,1.32292,1.32302,1.50,2.62
2016.09.27 16:23:03.522,1.32291,1.323,1.75,2.47
2016.09.27 16:23:03.573,1.32292,1.323,2.62,2.85
2016.09.27 16:23:03.624,1.32292,1.323,2.62,1.00
2016.09.27 16:23:03.675,1.32291,1.32299,1.50,2.10
2016.09.27 16:23:03.778,1.32291,1.323,1.50,3.22
2016.09.27 16:23:04.114,1.32291,1.323,1.50,1.72
2016.09.27 16:23:04.371,1.32291,1.323,1.69,1.72
2016.09.27 16:23:04.422,1.32291,1.32301,1.69,1.37
2016.09.27 16:23:04.474,1.32291,1.32301,1.50,1.37
2016.09.27 16:23:04.525,1.32292,1.32302,1.37,3.37
2016.09.27 16:23:04.628,1.32292,1.32301,1.37,1.37
2016.09.27 16:23:04.679,1.32292,1.32301,1.50,1.00
2016.09.27 16:23:04.730,1.32292,1.32302,1.50,1.12
2016.09.27 16:23:04.883,1.32295,1.32302,1.00,1.00
2016.09.27 16:23:05.014,1.32292,1.32302,1.37,1.37
2016.09.27 16:23:05.117,1.32291,1.32302,3.75,1.37
2016.09.27 16:23:05.322,1.32291,1.32302,3.37,1.37
2016.09.27 16:23:05.374,1.32291,1.32302,3.37,2.81
2016.09.27 16:23:05.425,1.32291,1.32302,3.37,3.28
2016.09.27 16:23:05.478,1.32291,1.32302,3.37,1.59
2016.09.27 16:23:05.631,1.32291,1.32302,3.37,3.28
2016.09.27 16:23:05.733,1.32293,1.32302,1.37,1.59
2016.09.27 16:23:05.784,1.32293,1.32302,1.37,1.37
2016.09.27 16:23:05.885,1.32292,1.32302,1.37,3.37
2016.09.27 16:23:05.987,1.32292,1.32302,1.75,1.00
2016.09.27 16:23:06.089,1.32292,1.32301,1.50,1.00
2016.09.27 16:23:06.608,1.32297,1.32301,1.50,1.00
2016.09.27 16:23:06.659,1.32297,1.32301,1.00,1.00
2016.09.27 16:23:06.711,1.32296,1.32302,1.12,1.00
2016.09.27 16:23:06.762,1.32296,1.32303,1.50,1.00
2016.09.27 16:23:06.864,1.32295,1.32305,3.37,1.00
2016.09.27 16:23:06.952,1.32296,1.32305,1.12,1.00
2016.09.27 16:23:07.027,1.32294,1.32304,1.12,1.87
2016.09.27 16:23:07.078,1.32295,1.32304,1.00,2.62
2016.09.27 16:23:07.129,1.32295,1.32304,1.00,3.47
2016.09.27 16:23:07.231,1.32295,1.32304,1.00,3.84
2016.09.27 16:23:07.333,1.32295,1.32303,1.00,1.25
2016.09.27 16:23:07.435,1.32295,1.32304,1.00,3.47
2016.09.27 16:23:07.486,1.32295,1.32304,1.50,3.47
2016.09.27 16:23:07.537,1.32295,1.32304,1.50,4.03
2016.09.27 16:23:07.639,1.32295,1.32304,1.50,2.90
2016.09.27 16:23:08.010,1.32295,1.32304,1.50,3.28
2016.09.27 16:23:08.062,1.32295,1.32304,1.50,2.90
2016.09.27 16:23:08.164,1.32295,1.32304,1.50,3.28
2016.09.27 16:23:08.216,1.32295,1.32303,1.00,1.25
2016.09.27 16:23:09.210,1.32295,1.32304,1.00,4.78
2016.09.27 16:23:09.422,1.32295,1.32304,1.00,4.31
2016.09.27 16:23:09.473,1.32295,1.32304,1.00,2.44
2016.09.27 16:23:09.896,1.32295,1.32304,1.00,1.69
2016.09.27 16:23:09.947,1.32297,1.32304,1.00,1.50
2016.09.27 16:23:09.999,1.32297,1.32304,1.00,1.00
2016.09.27 16:23:10.142,1.323,1.32305,1.37,2.62
2016.09.27 16:23:10.194,1.32303,1.32307,1.00,6.00
2016.09.27 16:23:10.320,1.32303,1.32311,1.12,1.50
2016.09.27 16:23:10.372,1.32303,1.32311,1.37,1.12
2016.09.27 16:23:10.423,1.32304,1.32311,1.00,1.00
2016.09.27 16:23:10.576,1.32303,1.3231,1.12,1.00
2016.09.27 16:23:10.627,1.32305,1.3231,1.00,1.00
2016.09.27 16:23:10.678,1.32305,1.32312,1.00,1.00
2016.09.27 16:23:11.050,1.32307,1.32312,1.00,1.00
2016.09.27 16:23:11.152,1.32306,1.32314,1.50,4.35
2016.09.27 16:23:11.203,1.32306,1.32313,1.50,1.00
2016.09.27 16:23:11.254,1.32307,1.32313,1.00,1.50
2016.09.27 16:23:11.305,1.32307,1.32313,1.00,1.00
2016.09.27 16:23:11.458,1.32306,1.32314,1.50,3.60
2016.09.27 16:23:11.510,1.32306,1.32312,1.50,1.00
2016.09.27 16:23:12.300,1.32307,1.32312,1.00,1.00
2016.09.27 16:23:12.351,1.32307,1.32312,1.50,1.00
2016.09.27 16:23:13.198,1.32307,1.32314,1.50,1.50
2016.09.27 16:23:13.249,1.32307,1.32314,1.63,1.50
2016.09.27 16:23:13.352,1.3231,1.32314,1.00,1.00
2016.09.27 16:23:13.404,1.32311,1.32316,1.00,1.00
2016.09.27 16:23:13.455,1.32311,1.32316,1.50,1.00
2016.09.27 16:23:13.532,1.32311,1.32319,1.50,3.60
2016.09.27 16:23:13.583,1.32312,1.32318,1.00,1.12
2016.09.27 16:23:13.686,1.32311,1.32319,1.87,3.00
2016.09.27 16:23:13.737,1.32311,1.32319,2.25,2.62
2016.09.27 16:23:13.789,1.32311,1.32318,2.25,2.10
2016.09.27 16:23:13.939,1.32312,1.32318,1.12,1.35
2016.09.27 16:23:14.041,1.32311,1.32319,2.25,3.22
2016.09.27 16:23:14.092,1.32311,1.32318,2.25,2.10
2016.09.27 16:23:14.194,1.32311,1.32319,2.25,3.97
2016.09.27 16:23:14.245,1.32312,1.32318,1.12,2.10
2016.09.27 16:23:14.347,1.32311,1.32319,2.25,3.97
2016.09.27 16:23:14.398,1.32311,1.32317,2.25,1.00
2016.09.27 16:23:14.526,1.32312,1.32317,1.00,1.60
2016.09.27 16:23:14.578,1.32309,1.32317,2.25,1.72
2016.09.27 16:23:14.630,1.32309,1.32317,1.50,2.10
2016.09.27 16:23:14.783,1.32309,1.32315,1.50,2.10
2016.09.27 16:23:14.835,1.32309,1.32316,1.50,2.85
2016.09.27 16:23:14.886,1.3231,1.32316,1.00,3.60
2016.09.27 16:23:15.061,1.32309,1.32316,1.50,3.60
2016.09.27 16:23:15.112,1.32309,1.32315,1.50,1.60
2016.09.27 16:23:15.163,1.32311,1.32315,1.00,1.00
2016.09.27 16:23:15.266,1.32312,1.32316,1.50,1.00
2016.09.27 16:23:15.317,1.32312,1.32319,1.50,3.75
2016.09.27 16:23:15.368,1.32312,1.32319,1.00,3.00
2016.09.27 16:23:15.419,1.32312,1.32319,1.00,2.62
2016.09.27 16:23:15.471,1.32312,1.32319,1.50,3.22
2016.09.27 16:23:15.522,1.32312,1.32319,1.50,2.47
2016.09.27 16:23:15.573,1.32312,1.32319,1.00,2.47
2016.09.27 16:23:15.624,1.32312,1.32319,1.00,1.87
2016.09.27 16:23:15.707,1.32312,1.32319,1.00,1.37
2016.09.27 16:23:15.758,1.32312,1.32319,1.50,1.37
2016.09.27 16:23:15.963,1.32312,1.32319,1.00,1.37
2016.09.27 16:23:16.040,1.32312,1.32319,1.50,1.37
2016.09.27 16:23:16.244,1.32312,1.3232,1.00,3.37
2016.09.27 16:23:16.295,1.32312,1.3232,1.50,1.12
2016.09.27 16:23:16.346,1.32313,1.3232,1.12,1.12
2016.09.27 16:23:16.792,1.32313,1.3232,1.87,1.72
2016.09.27 16:23:16.946,1.32313,1.3232,1.12,1.12
2016.09.27 16:23:17.048,1.32313,1.3232,1.87,1.12
2016.09.27 16:23:17.147,1.32313,1.3232,1.12,1.12
2016.09.27 16:23:17.199,1.32313,1.3232,1.00,1.50
2016.09.27 16:23:17.250,1.32313,1.3232,1.00,2.10
2016.09.27 16:23:17.302,1.32313,1.3232,1.00,2.47
2016.09.27 16:23:17.456,1.32313,1.32318,1.00,1.00
2016.09.27 16:23:17.507,1.32312,1.32319,1.00,1.12
2016.09.27 16:23:17.559,1.32312,1.32319,1.00,2.66
2016.09.27 16:23:17.610,1.32312,1.32317,1.00,1.00
2016.09.27 16:23:17.713,1.32312,1.32317,1.00,1.37
2016.09.27 16:23:17.838,1.32312,1.32316,1.00,3.22
2016.09.27 16:23:17.889,1.32312,1.32316,1.00,1.12
2016.09.27 16:23:18.043,1.3231,1.32315,1.00,1.00
2016.09.27 16:23:18.094,1.32309,1.32315,1.87,1.00
2016.09.27 16:23:18.145,1.3231,1.32315,1.00,1.35
2016.09.27 16:23:18.299,1.32309,1.32313,1.50,1.00
2016.09.27 16:23:18.350,1.3231,1.32314,1.00,1.00
2016.09.27 16:23:18.976,1.32309,1.32313,1.50,1.00
2016.09.27 16:23:19.078,1.32309,1.32314,1.50,1.72
2016.09.27 16:23:19.180,1.32309,1.32314,1.00,1.72
2016.09.27 16:23:19.536,1.32309,1.32314,1.00,1.12
2016.09.27 16:23:19.649,1.32309,1.32314,1.50,1.12
2016.09.27 16:23:19.853,1.32309,1.32314,1.00,1.12
2016.09.27 16:23:20.056,1.32309,1.32314,1.50,1.12
2016.09.27 16:23:20.159,1.32309,1.32314,1.00,1.12
2016.09.27 16:23:20.362,1.32309,1.32313,1.00,1.00
2016.09.27 16:23:21.053,1.32309,1.32313,1.50,1.00
2016.09.27 16:23:21.633,1.32309,1.32313,1.00,1.00
2016.09.27 16:23:22.335,1.32308,1.32312,1.50,1.00
2016.09.27 16:23:22.590,1.32307,1.32311,1.50,1.12
2016.09.27 16:23:22.641,1.32306,1.3231,1.00,1.50
2016.09.27 16:23:22.692,1.32304,1.32308,2.25,1.00
2016.09.27 16:23:22.744,1.32303,1.32307,1.12,1.00
2016.09.27 16:23:22.847,1.32303,1.32308,1.00,1.87
2016.09.27 16:23:22.899,1.32302,1.32307,1.50,1.12
2016.09.27 16:23:23.026,1.32301,1.32305,3.00,1.00
2016.09.27 16:23:23.078,1.32301,1.32305,2.25,1.00
2016.09.27 16:23:23.130,1.32301,1.32307,2.25,4.12
2016.09.27 16:23:23.223,1.32301,1.32305,3.00,1.12
2016.09.27 16:23:23.275,1.32301,1.32305,2.25,1.12
2016.09.27 16:23:23.327,1.32299,1.32305,2.25,3.37
2016.09.27 16:23:23.811,1.32302,1.32306,1.50,6.37
2016.09.27 16:23:23.863,1.32302,1.32306,1.50,3.75
2016.09.27 16:23:23.915,1.32301,1.32307,2.25,2.62
2016.09.27 16:23:23.969,1.32307,1.32311,1.00,9.00
2016.09.27 16:23:24.022,1.32307,1.32311,1.00,3.37
2016.09.27 16:23:24.073,1.32305,1.32311,2.25,3.37
2016.09.27 16:23:24.175,1.32307,1.32311,1.00,3.37
2016.09.27 16:23:24.391,1.32307,1.32311,1.00,3.75
2016.09.27 16:23:24.697,1.32307,1.32311,1.00,3.37
2016.09.27 16:23:24.753,1.32305,1.32311,2.25,3.37
2016.09.27 16:23:25.008,1.32306,1.32311,1.50,3.37
2016.09.27 16:23:25.059,1.32306,1.32311,1.00,3.37
2016.09.27 16:23:25.110,1.32306,1.32311,1.00,2.62
2016.09.27 16:23:25.161,1.32306,1.3231,1.50,1.50
2016.09.27 16:23:25.350,1.32304,1.3231,2.25,4.12
2016.09.27 16:23:25.453,1.32304,1.32308,2.25,1.00
2016.09.27 16:23:25.505,1.32303,1.32308,1.50,1.00
2016.09.27 16:23:25.556,1.32304,1.32308,1.00,1.69
2016.09.27 16:23:25.607,1.32304,1.32308,1.00,1.99
2016.09.27 16:23:25.658,1.32304,1.32308,1.00,2.17
2016.09.27 16:23:25.710,1.32303,1.32307,1.50,1.05
2016.09.27 16:23:25.761,1.32304,1.32308,1.00,2.47
2016.09.27 16:23:25.890,1.32303,1.32307,1.50,1.05
2016.09.27 16:23:25.941,1.32303,1.32307,1.50,1.00
2016.09.27 16:23:25.992,1.32304,1.32308,1.00,1.69
2016.09.27 16:23:26.094,1.32303,1.32307,1.50,1.00
2016.09.27 16:23:26.189,1.32304,1.32308,1.00,1.50
2016.09.27 16:23:26.241,1.32304,1.32308,1.00,1.80
2016.09.27 16:23:26.293,1.32303,1.32307,1.50,1.00
2016.09.27 16:23:26.344,1.32299,1.32303,2.25,1.00
2016.09.27 16:23:26.396,1.32299,1.32303,3.00,1.46
2016.09.27 16:23:26.447,1.323,1.32304,1.50,2.59
2016.09.27 16:23:26.499,1.323,1.32304,1.00,4.76
2016.09.27 16:23:26.551,1.32299,1.32303,2.25,2.17
2016.09.27 16:23:26.602,1.32299,1.32303,1.50,2.17
2016.09.27 16:23:26.654,1.32297,1.32301,1.50,1.00
2016.09.27 16:23:26.914,1.32297,1.32301,1.50,1.50
2016.09.27 16:23:27.501,1.32298,1.32302,1.00,2.85
2016.09.27 16:23:27.557,1.32297,1.32301,1.50,1.50
2016.09.27 16:23:27.812,1.32297,1.32301,1.50,2.25
2016.09.27 16:23:27.900,1.32297,1.32301,1.50,1.00
2016.09.27 16:23:27.951,1.32297,1.32301,1.00,1.00
2016.09.27 16:23:28.285,1.32297,1.32301,1.50,1.00
2016.09.27 16:23:28.336,1.32297,1.32301,1.50,1.50
2016.09.27 16:23:28.489,1.32297,1.32301,1.00,1.50
2016.09.27 16:23:28.609,1.32297,1.32301,1.50,1.50
2016.09.27 16:23:28.831,1.32298,1.32304,1.50,4.72
2016.09.27 16:23:28.883,1.32299,1.32303,1.00,1.12
2016.09.27 16:23:28.934,1.32299,1.32303,1.00,1.05
2016.09.27 16:23:28.985,1.32298,1.32304,1.00,3.52
2016.09.27 16:23:29.036,1.32294,1.32299,1.00,1.00
2016.09.27 16:23:29.088,1.32293,1.323,1.22,1.50
2016.09.27 16:23:29.139,1.32293,1.323,1.22,4.12
2016.09.27 16:23:29.190,1.32292,1.323,1.97,4.12
2016.09.27 16:23:29.242,1.32292,1.32299,1.97,2.62
2016.09.27 16:23:29.294,1.32292,1.32299,1.97,2.62
2016.09.27 16:23:29.415,1.32293,1.323,1.22,1.12
2016.09.27 16:23:29.513,1.32293,1.323,1.12,1.12
2016.09.27 16:23:29.564,1.32292,1.32299,1.97,1.00
2016.09.27 16:23:29.667,1.32293,1.32299,1.22,1.00
2016.09.27 16:23:29.874,1.32292,1.32299,1.97,1.50
2016.09.27 16:23:29.926,1.32292,1.32298,1.97,2.25
2016.09.27 16:23:29.978,1.32292,1.32298,1.97,2.62
2016.09.27 16:23:30.029,1.32292,1.32298,1.97,3.37
2016.09.27 16:23:30.214,1.32292,1.32298,1.00,2.62
2016.09.27 16:23:30.362,1.32291,1.32298,1.22,2.62
2016.09.27 16:23:30.624,1.32291,1.32298,1.22,1.00
2016.09.27 16:23:31.191,1.32292,1.32298,1.00,2.25
2016.09.27 16:23:31.243,1.32292,1.32298,1.00,4.12
2016.09.27 16:23:31.294,1.32291,1.32298,1.22,3.37
2016.09.27 16:23:31.345,1.32291,1.32297,1.22,2.62
2016.09.27 16:23:31.498,1.32292,1.32296,1.00,1.00
2016.09.27 16:23:31.549,1.32292,1.32298,1.00,4.12
2016.09.27 16:23:31.702,1.32292,1.32298,1.00,4.12
2016.09.27 16:23:31.754,1.32292,1.32297,1.00,1.50
2016.09.27 16:23:31.805,1.3229,1.32297,1.97,1.50
2016.09.27 16:23:32.013,1.3229,1.32298,1.00,3.37
2016.09.27 16:23:32.064,1.32288,1.32298,1.24,3.37
2016.09.27 16:23:32.329,1.32287,1.32298,2.81,4.12
2016.09.27 16:23:32.746,1.32288,1.32298,1.24,4.87
2016.09.27 16:23:32.907,1.32287,1.32298,2.81,4.12
2016.09.27 16:23:33.010,1.32288,1.32298,1.24,3.37
2016.09.27 16:23:33.061,1.32288,1.32298,1.68,3.37
2016.09.27 16:23:33.113,1.32289,1.32298,1.18,3.37
2016.09.27 16:23:33.164,1.32289,1.32298,1.68,3.37
2016.09.27 16:23:33.319,1.32289,1.32298,1.68,4.12
2016.09.27 16:23:33.371,1.32289,1.32297,1.68,1.37
2016.09.27 16:23:33.422,1.32289,1.32297,2.43,1.37
2016.09.27 16:23:33.571,1.32289,1.32297,1.68,1.37
2016.09.27 16:23:33.655,1.32289,1.32298,1.18,3.37
2016.09.27 16:23:33.757,1.32289,1.32298,1.68,3.37
2016.09.27 16:23:33.859,1.32289,1.32298,1.24,3.37
2016.09.27 16:23:33.961,1.32288,1.32298,1.68,4.12
2016.09.27 16:23:34.012,1.32288,1.32297,1.68,1.50
2016.09.27 16:23:34.063,1.32285,1.32295,2.06,1.87
2016.09.27 16:23:34.114,1.32285,1.32294,1.75,2.25
2016.09.27 16:23:34.165,1.32286,1.32293,1.00,1.12
2016.09.27 16:23:34.299,1.32286,1.32293,1.00,1.12
2016.09.27 16:23:34.352,1.3228,1.32285,1.37,1.30
2016.09.27 16:23:34.404,1.3228,1.32285,1.00,1.60
2016.09.27 16:23:34.458,1.32281,1.32285,1.00,2.10
2016.09.27 16:23:34.510,1.3228,1.32284,1.00,1.00
2016.09.27 16:23:34.562,1.3228,1.32284,1.00,1.35
2016.09.27 16:23:34.613,1.3228,1.32285,1.00,1.72
2016.09.27 16:23:34.666,1.3228,1.32285,1.00,2.10
2016.09.27 16:23:34.770,1.32276,1.32285,1.31,1.72
2016.09.27 16:23:34.822,1.32275,1.32285,3.18,1.12
2016.09.27 16:23:34.873,1.32275,1.32285,3.18,3.22
2016.09.27 16:23:34.993,1.32275,1.32283,1.50,1.00
2016.09.27 16:23:35.048,1.32275,1.32283,1.00,1.00
2016.09.27 16:23:35.099,1.32275,1.32283,1.00,1.00
2016.09.27 16:23:35.151,1.32276,1.32285,1.50,2.62
2016.09.27 16:23:35.203,1.32276,1.32285,1.50,1.50
2016.09.27 16:23:35.255,1.32276,1.32285,1.75,1.00
2016.09.27 16:23:35.308,1.32276,1.32285,1.75,1.60
2016.09.27 16:23:35.359,1.32276,1.32286,1.87,1.50
2016.09.27 16:23:35.462,1.32276,1.32285,1.12,1.12
2016.09.27 16:23:35.638,1.32276,1.32286,1.12,2.25
2016.09.27 16:23:36.155,1.32276,1.32287,1.12,6.00
2016.09.27 16:23:36.258,1.32276,1.32287,1.12,4.87
2016.09.27 16:23:36.309,1.32276,1.32285,1.12,1.12
2016.09.27 16:23:36.360,1.32276,1.32285,1.12,2.25
2016.09.27 16:23:36.529,1.32276,1.32284,1.12,1.05
2016.09.27 16:23:36.581,1.32274,1.32283,1.75,1.00
2016.09.27 16:23:36.632,1.32274,1.32283,1.75,1.25
2016.09.27 16:23:36.684,1.32275,1.32283,1.00,1.25
2016.09.27 16:23:36.736,1.32275,1.32283,1.00,1.00
2016.09.27 16:23:36.788,1.32273,1.32283,1.50,3.37
2016.09.27 16:23:36.840,1.32273,1.32283,2.25,3.75
2016.09.27 16:23:36.942,1.32273,1.32283,1.50,3.37
2016.09.27 16:23:37.147,1.32273,1.32281,1.50,1.12
2016.09.27 16:23:37.269,1.32272,1.32278,1.87,1.87
2016.09.27 16:23:37.322,1.32271,1.32276,1.50,1.12
2016.09.27 16:23:37.373,1.32269,1.32275,2.62,2.62
2016.09.27 16:23:37.426,1.3227,1.32274,1.00,1.00
2016.09.27 16:23:37.477,1.32273,1.32278,1.00,2.62
2016.09.27 16:23:37.580,1.32274,1.3228,1.00,2.62
2016.09.27 16:23:37.632,1.32275,1.32279,1.00,1.00
2016.09.27 16:23:37.683,1.32275,1.32282,1.00,1.50
2016.09.27 16:23:37.734,1.32278,1.32282,1.00,1.22
2016.09.27 16:23:37.785,1.32278,1.32282,1.00,1.12
2016.09.27 16:23:37.836,1.32277,1.32284,1.00,2.62
2016.09.27 16:23:37.989,1.32278,1.32285,1.00,3.84
2016.09.27 16:23:38.249,1.32278,1.32285,1.00,3.09
2016.09.27 16:23:39.177,1.32278,1.32285,1.00,3.84
2016.09.27 16:23:39.452,1.32278,1.32285,1.00,3.09
2016.09.27 16:23:40.672,1.32278,1.32284,1.00,1.50
2016.09.27 16:23:41.833,1.32278,1.32285,1.00,2.62
2016.09.27 16:23:42.198,1.32277,1.32285,1.12,2.62
2016.09.27 16:23:43.189,1.32277,1.32285,1.00,2.62
2016.09.27 16:23:43.460,1.3228,1.32286,1.00,2.62
2016.09.27 16:23:43.511,1.32282,1.32286,1.12,2.62
2016.09.27 16:23:43.587,1.32282,1.32288,1.12,2.62
2016.09.27 16:23:43.639,1.32282,1.32288,1.50,2.62
2016.09.27 16:23:43.690,1.32282,1.32291,2.25,1.12
2016.09.27 16:23:43.742,1.32282,1.32291,1.87,1.12
2016.09.27 16:23:43.793,1.32282,1.32291,1.50,3.09
2016.09.27 16:23:43.844,1.32282,1.32291,2.25,3.84
2016.09.27 16:23:43.896,1.32285,1.32291,1.00,3.84
2016.09.27 16:23:43.947,1.32284,1.32291,1.12,2.62
2016.09.27 16:23:44.049,1.32284,1.32291,1.12,2.62
2016.09.27 16:23:44.100,1.32286,1.32292,1.00,1.50
2016.09.27 16:23:44.151,1.32285,1.32294,1.50,4.12
2016.09.27 16:23:44.276,1.32285,1.32294,1.50,2.72
2016.09.27 16:23:44.379,1.32285,1.32294,1.50,1.00
2016.09.27 16:23:44.583,1.32285,1.32295,1.00,3.37
2016.09.27 16:23:44.686,1.32285,1.32294,1.00,1.50
2016.09.27 16:23:48.195,1.32285,1.32294,1.12,1.50
2016.09.27 16:23:48.349,1.32285,1.32294,1.50,1.50
2016.09.27 16:23:48.945,1.32285,1.32295,1.50,3.37
2016.09.27 16:23:48.996,1.32285,1.32295,3.00,3.37
2016.09.27 16:23:49.047,1.32285,1.32295,3.75,3.37
2016.09.27 16:23:49.149,1.32285,1.32295,3.00,3.37
2016.09.27 16:23:49.932,1.32285,1.32295,3.00,3.37
2016.09.27 16:23:49.984,1.32285,1.32295,1.50,3.37
2016.09.27 16:23:50.035,1.32285,1.32295,1.37,3.37
2016.09.27 16:23:50.655,1.3229,1.32295,1.12,2.25
2016.09.27 16:23:50.707,1.32288,1.32294,6.00,2.62
2016.09.27 16:23:50.760,1.3229,1.32295,1.56,6.00
2016.09.27 16:23:50.811,1.32292,1.32298,1.00,1.00
2016.09.27 16:23:50.862,1.32292,1.32298,1.37,1.50
2016.09.27 16:23:50.913,1.32292,1.32298,1.37,1.00
2016.09.27 16:23:50.964,1.32292,1.32298,1.12,1.00
2016.09.27 16:23:51.015,1.32291,1.32298,2.62,1.00
2016.09.27 16:23:51.067,1.32291,1.32299,2.25,1.97
2016.09.27 16:23:51.181,1.32289,1.32299,1.37,5.34
2016.09.27 16:23:51.232,1.32288,1.32297,1.50,1.12
2016.09.27 16:23:51.283,1.32288,1.32297,1.12,2.34
2016.09.27 16:23:51.387,1.32288,1.32296,1.12,1.50
2016.09.27 16:23:51.599,1.32288,1.32295,1.00,1.00
2016.09.27 16:23:51.752,1.32288,1.32295,1.50,1.00
2016.09.27 16:23:52.048,1.32288,1.32295,1.00,1.00
2016.09.27 16:23:52.303,1.32288,1.32297,1.12,3.47
2016.09.27 16:23:52.354,1.32288,1.32296,1.12,1.22
2016.09.27 16:23:52.456,1.32289,1.32297,1.00,3.47
2016.09.27 16:23:52.508,1.32289,1.32297,1.00,2.34
2016.09.27 16:23:52.559,1.32288,1.32297,1.12,2.34
2016.09.27 16:23:52.661,1.32288,1.32297,1.50,2.34
2016.09.27 16:23:52.713,1.32289,1.32297,1.00,1.97
2016.09.27 16:23:52.764,1.32289,1.32297,1.00,1.97
2016.09.27 16:23:52.873,1.32288,1.32296,1.37,1.12
2016.09.27 16:23:54.286,1.32288,1.32298,1.37,3.00
2016.09.27 16:23:54.390,1.32288,1.32298,1.62,3.00
2016.09.27 16:23:54.563,1.32288,1.32298,1.37,3.00
2016.09.27 16:23:54.614,1.32288,1.32297,1.37,1.50
2016.09.27 16:23:54.665,1.32287,1.32296,3.37,1.12
2016.09.27 16:23:54.716,1.32287,1.32296,2.62,1.12
2016.09.27 16:23:54.873,1.32287,1.32296,2.25,1.12
2016.09.27 16:23:55.078,1.32287,1.32296,2.81,1.50
2016.09.27 16:23:55.180,1.32287,1.32296,2.44,1.50
2016.09.27 16:23:55.486,1.32287,1.32296,2.25,1.50
2016.09.27 16:23:55.537,1.32287,1.32295,1.50,1.12
2016.09.27 16:23:55.588,1.32287,1.32296,1.12,3.00
2016.09.27 16:23:55.691,1.32287,1.32294,1.12,1.12
2016.09.27 16:23:57.004,1.32287,1.32294,1.00,1.12
2016.09.27 16:23:57.886,1.32285,1.32294,2.25,1.12
2016.09.27 16:23:58.008,1.32285,1.32294,1.75,1.12
2016.09.27 16:23:58.059,1.32284,1.32294,3.37,2.62
2016.09.27 16:23:58.110,1.32284,1.32294,2.62,2.62
2016.09.27 16:23:58.161,1.32284,1.32293,3.37,2.25
2016.09.27 16:23:58.212,1.32283,1.32293,1.50,3.37
2016.09.27 16:23:58.264,1.32283,1.32292,1.69,2.25
2016.09.27 16:23:58.315,1.32283,1.32291,1.62,1.12
2016.09.27 16:23:58.366,1.32283,1.32291,1.37,1.12
2016.09.27 16:23:58.417,1.32283,1.32291,1.00,1.75
2016.09.27 16:24:01.114,1.32283,1.32289,1.75,1.00
2016.09.27 16:24:01.166,1.32284,1.32292,1.00,1.12
2016.09.27 16:24:02.295,1.32284,1.32291,1.00,2.25
2016.09.27 16:24:02.346,1.32282,1.32292,4.21,1.87
2016.09.27 16:24:02.397,1.32282,1.3229,1.96,1.12
2016.09.27 16:24:02.753,1.32282,1.3229,1.21,1.12
2016.09.27 16:24:02.804,1.32282,1.3229,1.96,1.12
2016.09.27 16:24:03.280,1.32282,1.3229,2.15,1.12
2016.09.27 16:24:04.251,1.32282,1.32287,2.06,1.00
2016.09.27 16:24:04.501,1.32282,1.32287,1.87,1.00
2016.09.27 16:24:04.552,1.32282,1.32287,1.96,1.00
2016.09.27 16:24:04.917,1.32282,1.32287,1.49,1.00
2016.09.27 16:24:04.968,1.32282,1.32287,1.37,1.00
2016.09.27 16:24:05.019,1.3228,1.32288,1.50,1.75
2016.09.27 16:24:05.070,1.3228,1.32288,1.87,1.75
2016.09.27 16:24:05.121,1.3228,1.32287,1.49,1.37
2016.09.27 16:24:05.416,1.32279,1.32287,1.87,1.37
2016.09.27 16:24:05.467,1.32279,1.32287,1.50,1.37
2016.09.27 16:24:05.518,1.32278,1.32287,1.12,1.37
2016.09.27 16:24:05.620,1.32278,1.32286,1.49,1.50
2016.09.27 16:24:05.824,1.32278,1.32286,1.49,1.00
2016.09.27 16:24:06.214,1.32278,1.32287,1.49,3.37
2016.09.27 16:24:07.261,1.3228,1.32287,1.00,3.37
2016.09.27 16:24:07.312,1.3228,1.32287,1.50,3.37
2016.09.27 16:24:07.363,1.3228,1.32287,1.00,3.37
2016.09.27 16:24:07.468,1.32279,1.32287,1.50,3.37
2016.09.27 16:24:07.571,1.3228,1.32287,1.00,3.37
2016.09.27 16:24:07.771,1.32279,1.32287,1.50,3.37
2016.09.27 16:24:07.924,1.32279,1.32287,1.50,3.37
2016.09.27 16:24:08.026,1.32279,1.32287,1.50,3.37
2016.09.27 16:24:08.078,1.32281,1.32287,1.50,3.37
2016.09.27 16:24:08.129,1.32281,1.32287,1.50,3.37
2016.09.27 16:24:08.474,1.32282,1.32286,1.00,1.00
2016.09.27 16:24:08.721,1.32281,1.32287,1.50,3.37
2016.09.27 16:24:08.772,1.32282,1.32286,1.00,1.00
2016.09.27 16:24:08.874,1.32281,1.32287,1.50,3.37
2016.09.27 16:24:08.976,1.32282,1.32286,1.00,1.00
2016.09.27 16:24:09.163,1.32282,1.32286,1.50,1.00
2016.09.27 16:24:09.265,1.32282,1.32288,1.50,3.75
2016.09.27 16:24:09.361,1.32282,1.32288,1.00,3.00
2016.09.27 16:24:09.416,1.32282,1.32288,1.50,3.00
2016.09.27 16:24:09.518,1.32282,1.32288,1.00,2.25
2016.09.27 16:24:09.672,1.32282,1.32288,1.50,2.25
2016.09.27 16:24:10.066,1.32282,1.32288,1.50,2.25
2016.09.27 16:24:10.118,1.32282,1.32288,1.00,2.25
2016.09.27 16:24:10.219,1.32282,1.32288,1.50,2.25
2016.09.27 16:24:10.493,1.32282,1.32288,1.00,2.25
2016.09.27 16:24:10.595,1.32282,1.32288,1.50,2.25
2016.09.27 16:24:10.646,1.32282,1.32288,1.50,1.75
2016.09.27 16:24:10.698,1.32282,1.32288,1.00,1.50
2016.09.27 16:24:10.800,1.32282,1.32288,1.50,1.50
2016.09.27 16:24:10.851,1.32282,1.32289,1.87,1.87
2016.09.27 16:24:10.953,1.32282,1.32288,1.00,1.37
2016.09.27 16:24:11.180,1.32284,1.32288,1.00,1.00
2016.09.27 16:24:11.231,1.32283,1.3229,1.50,1.12
2016.09.27 16:24:11.537,1.32284,1.32288,1.00,1.00
2016.09.27 16:24:11.740,1.32283,1.3229,1.50,1.12
2016.09.27 16:24:12.173,1.32284,1.32288,1.00,1.00
2016.09.27 16:24:12.225,1.32283,1.3229,1.50,1.12
2016.09.27 16:24:12.685,1.32285,1.32289,1.00,1.00
2016.09.27 16:24:12.940,1.32285,1.32289,1.50,1.00
2016.09.27 16:24:13.114,1.32285,1.32289,1.00,1.00
2016.09.27 16:24:13.471,1.32285,1.32289,1.50,1.00
2016.09.27 16:24:13.573,1.32283,1.3229,2.25,1.12
2016.09.27 16:24:14.456,1.32283,1.3229,2.62,1.12
2016.09.27 16:24:15.240,1.32283,1.3229,3.37,1.12
2016.09.27 16:24:15.359,1.32286,1.3229,1.00,1.12
2016.09.27 16:24:15.411,1.32286,1.3229,1.50,1.12
2016.09.27 16:24:15.462,1.32285,1.32292,1.50,1.75
2016.09.27 16:24:15.514,1.32284,1.32292,1.87,1.75
2016.09.27 16:24:15.704,1.32285,1.32289,1.00,1.00
2016.09.27 16:24:15.959,1.32284,1.32292,1.87,1.75
2016.09.27 16:24:16.164,1.32285,1.32289,1.00,1.00
2016.09.27 16:24:16.470,1.32284,1.32292,1.87,1.75
2016.09.27 16:24:16.575,1.32285,1.32289,1.00,1.00
2016.09.27 16:24:16.973,1.32285,1.32289,1.50,1.00
2016.09.27 16:24:17.134,1.32286,1.3229,1.00,1.00
2016.09.27 16:24:17.236,1.32285,1.32289,1.50,1.00
2016.09.27 16:24:17.553,1.32286,1.3229,1.00,1.00
2016.09.27 16:24:18.065,1.32285,1.32293,1.50,1.87
2016.09.27 16:24:18.240,1.32286,1.32291,1.37,1.00
2016.09.27 16:24:18.291,1.32286,1.32293,1.12,1.75
2016.09.27 16:24:18.342,1.32286,1.32292,1.00,1.12
2016.09.27 16:24:18.851,1.32285,1.32292,1.87,1.12
2016.09.27 16:24:19.255,1.32285,1.32292,1.87,1.12
2016.09.27 16:24:19.663,1.32285,1.32292,1.87,1.12
2016.09.27 16:24:19.714,1.32285,1.32292,2.62,1.12
2016.09.27 16:24:19.827,1.32288,1.32293,1.62,1.12
2016.09.27 16:24:19.879,1.3229,1.32294,1.00,1.12
2016.09.27 16:24:19.931,1.32287,1.32294,4.31,1.12
2016.09.27 16:24:19.982,1.32291,1.32295,1.00,1.12
2016.09.27 16:24:20.086,1.32292,1.32297,1.50,2.25
2016.09.27 16:24:20.137,1.32292,1.32298,1.00,2.62
2016.09.27 16:24:20.241,1.32292,1.32298,1.12,1.75
2016.09.27 16:24:20.360,1.32292,1.32299,1.12,1.12
2016.09.27 16:24:20.645,1.32292,1.32299,1.12,1.87
2016.09.27 16:24:20.747,1.32292,1.32299,1.87,1.12
2016.09.27 16:24:20.849,1.32292,1.32299,1.12,1.12
2016.09.27 16:24:21.154,1.32292,1.32299,1.87,1.12
2016.09.27 16:24:21.615,1.32293,1.32297,1.00,1.00
2016.09.27 16:24:22.280,1.32292,1.32299,1.87,1.12
2016.09.27 16:24:22.535,1.32295,1.32301,2.10,5.62
2016.09.27 16:24:22.586,1.32297,1.32301,1.50,4.12
2016.09.27 16:24:22.707,1.32297,1.32302,4.12,1.37
2016.09.27 16:24:22.758,1.32297,1.32303,3.37,1.12
2016.09.27 16:24:22.860,1.32299,1.32303,1.12,1.00
2016.09.27 16:24:22.962,1.32299,1.32304,1.50,1.00
2016.09.27 16:24:23.064,1.32298,1.32303,3.37,1.00
2016.09.27 16:24:23.167,1.32298,1.32303,2.62,1.00
2016.09.27 16:24:23.269,1.32296,1.32306,7.50,1.12
2016.09.27 16:24:23.605,1.32296,1.32306,7.87,1.12
2016.09.27 16:24:23.707,1.32296,1.32306,7.50,1.12
2016.09.27 16:24:23.809,1.32296,1.32306,7.87,1.12
2016.09.27 16:24:23.915,1.32296,1.32306,7.50,1.12
2016.09.27 16:24:24.221,1.32299,1.32303,1.12,1.00
2016.09.27 16:24:25.068,1.32299,1.32303,1.00,1.00
2016.09.27 16:24:25.485,1.32299,1.32303,1.50,1.00
2016.09.27 16:24:25.745,1.32299,1.32303,1.00,1.00
2016.09.27 16:24:25.985,1.32299,1.32303,1.50,1.00
2016.09.27 16:24:26.038,1.323,1.32304,1.00,1.00
2016.09.27 16:24:26.089,1.323,1.32304,2.62,1.00
2016.09.27 16:24:26.141,1.323,1.32307,2.62,1.12
2016.09.27 16:24:26.346,1.32301,1.32307,1.00,1.12
2016.09.27 16:24:26.550,1.323,1.32307,2.62,1.12
2016.09.27 16:24:27.085,1.32301,1.32307,1.00,1.12
2016.09.27 16:24:27.187,1.32302,1.32306,1.00,1.00
2016.09.27 16:24:27.291,1.32302,1.32306,1.50,1.00
2016.09.27 16:24:27.549,1.32302,1.32306,1.00,1.00
2016.09.27 16:24:27.820,1.32302,1.32306,1.50,1.00
2016.09.27 16:24:27.975,1.32302,1.32306,1.00,1.00
2016.09.27 16:24:28.077,1.323,1.32308,2.25,1.12
2016.09.27 16:24:28.128,1.323,1.32308,2.25,1.12
2016.09.27 16:24:28.180,1.32297,1.32302,1.50,1.00
2016.09.27 16:24:28.232,1.32296,1.32302,2.25,1.12
2016.09.27 16:24:28.283,1.32295,1.32302,1.50,1.12
2016.09.27 16:24:28.334,1.32293,1.32302,8.62,1.75
2016.09.27 16:24:28.460,1.32295,1.32299,1.00,1.00
2016.09.27 16:24:28.768,1.32295,1.32299,1.00,1.12
2016.09.27 16:24:28.870,1.32293,1.32297,1.00,1.00
2016.09.27 16:24:29.241,1.32289,1.32296,4.50,1.12
2016.09.27 16:24:29.293,1.32289,1.32298,3.75,1.12
2016.09.27 16:24:29.395,1.32291,1.32295,1.12,1.00
2016.09.27 16:24:29.599,1.32289,1.32298,3.75,1.12
2016.09.27 16:24:29.651,1.32291,1.32295,1.12,1.00
2016.09.27 16:24:30.069,1.32293,1.32297,1.00,1.00
2016.09.27 16:24:30.185,1.32292,1.323,1.87,1.75
2016.09.27 16:24:30.237,1.32292,1.323,1.87,1.12
2016.09.27 16:24:30.300,1.3229,1.32299,4.50,1.12
2016.09.27 16:24:30.351,1.32293,1.32297,1.00,1.00
2016.09.27 16:24:30.453,1.3229,1.32299,4.50,1.12
2016.09.27 16:24:30.556,1.32293,1.32297,1.00,1.00
2016.09.27 16:24:30.760,1.3229,1.32299,4.12,1.75
2016.09.27 16:24:30.812,1.32292,1.32296,1.00,1.00
2016.09.27 16:24:30.931,1.32289,1.32299,3.75,2.62
2016.09.27 16:24:31.084,1.32288,1.32298,4.50,1.75
2016.09.27 16:24:31.289,1.32288,1.32297,4.50,1.12
2016.09.27 16:24:31.668,1.32288,1.32298,4.50,1.75
2016.09.27 16:24:31.770,1.32288,1.32297,4.50,1.12
2016.09.27 16:24:31.872,1.32288,1.32297,4.50,1.31
2016.09.27 16:24:31.937,1.32291,1.32295,1.00,1.00
2016.09.27 16:24:32.194,1.3229,1.32294,1.50,1.00
2016.09.27 16:24:32.297,1.3229,1.32294,1.00,1.00
2016.09.27 16:24:32.501,1.32289,1.32293,1.12,1.00
2016.09.27 16:24:32.619,1.32286,1.32292,2.25,1.12
2016.09.27 16:24:32.670,1.32286,1.32291,1.50,1.50
2016.09.27 16:24:32.721,1.32283,1.3229,3.37,1.12
2016.09.27 16:24:32.772,1.32283,1.32289,3.00,1.12
2016.09.27 16:24:32.823,1.32283,1.32289,2.25,1.12
2016.09.27 16:24:32.874,1.32284,1.32288,1.50,1.00
2016.09.27 16:24:32.977,1.32283,1.3229,1.87,1.12
2016.09.27 16:24:33.079,1.32284,1.32288,1.00,1.00
2016.09.27 16:24:33.394,1.32283,1.32289,1.50,1.12
2016.09.27 16:24:33.599,1.32284,1.32288,1.00,1.00
2016.09.27 16:24:33.788,1.32283,1.32289,1.50,1.12
2016.09.27 16:24:34.457,1.32284,1.32288,1.00,1.00
2016.09.27 16:24:34.577,1.32283,1.32289,1.50,1.12
2016.09.27 16:24:34.781,1.32283,1.32288,1.50,1.37
2016.09.27 16:24:34.934,1.32284,1.32288,1.00,1.12
2016.09.27 16:24:34.985,1.32284,1.32288,1.00,1.00
2016.09.27 16:24:35.087,1.32284,1.32288,1.00,1.12
2016.09.27 16:24:35.138,1.32283,1.32288,2.25,1.37
2016.09.27 16:24:35.189,1.32283,1.32291,2.25,1.87
2016.09.27 16:24:35.361,1.32283,1.32288,2.25,1.37
2016.09.27 16:24:35.615,1.32283,1.32289,2.25,1.12
2016.09.27 16:24:36.290,1.32285,1.32289,1.00,1.12
2016.09.27 16:24:36.562,1.32284,1.32288,1.50,1.00
2016.09.27 16:24:36.664,1.32285,1.32289,1.00,1.12
2016.09.27 16:24:36.766,1.32284,1.32288,1.50,1.00
2016.09.27 16:24:37.071,1.32285,1.32289,1.00,1.12
2016.09.27 16:24:37.122,1.32283,1.32289,2.25,1.12
2016.09.27 16:24:37.785,1.32283,1.32289,1.50,1.12
2016.09.27 16:24:37.887,1.32282,1.32289,2.62,1.12
2016.09.27 16:24:38.095,1.32285,1.32289,1.50,1.12
2016.09.27 16:24:38.196,1.32285,1.32289,1.00,1.12
2016.09.27 16:24:38.601,1.32285,1.32289,1.00,1.00
2016.09.27 16:24:38.801,1.32285,1.32289,1.50,1.00
2016.09.27 16:24:38.903,1.32285,1.32289,1.00,1.00
2016.09.27 16:24:39.170,1.32285,1.32289,1.50,1.00
2016.09.27 16:24:39.384,1.32286,1.3229,1.00,1.00
2016.09.27 16:24:39.791,1.32285,1.32289,1.50,1.00
2016.09.27 16:24:40.444,1.32286,1.3229,1.00,1.00
2016.09.27 16:24:40.597,1.32287,1.32291,1.50,1.00
2016.09.27 16:24:40.648,1.32285,1.32293,3.00,1.75
2016.09.27 16:24:40.800,1.32285,1.32293,2.25,2.25
2016.09.27 16:24:41.004,1.32285,1.32293,2.85,2.25
2016.09.27 16:24:41.055,1.32289,1.32293,1.00,1.50
2016.09.27 16:24:41.106,1.32291,1.32295,2.25,2.25
2016.09.27 16:24:41.157,1.32292,1.32296,1.00,2.25
2016.09.27 16:24:41.209,1.32295,1.32299,1.00,4.12
2016.09.27 16:24:41.260,1.32295,1.32299,1.50,4.12
2016.09.27 16:24:41.311,1.32297,1.32302,1.00,1.37
2016.09.27 16:24:41.386,1.32296,1.32302,2.25,1.12
2016.09.27 16:24:41.438,1.32297,1.32301,1.50,1.00
2016.09.27 16:24:41.489,1.32297,1.32302,2.25,1.00
2016.09.27 16:24:41.540,1.32299,1.32303,1.00,1.50
2016.09.27 16:24:41.592,1.32299,1.32304,1.50,1.00
2016.09.27 16:24:41.643,1.32299,1.32308,2.25,2.25
2016.09.27 16:24:41.696,1.32301,1.32307,1.00,1.12
2016.09.27 16:24:41.798,1.32301,1.32308,1.87,2.25
2016.09.27 16:24:42.078,1.32301,1.32309,1.12,3.75
2016.09.27 16:24:42.129,1.323,1.32309,3.00,3.75
2016.09.27 16:24:42.180,1.323,1.32309,3.00,3.07
2016.09.27 16:24:42.283,1.323,1.32309,3.00,3.07
2016.09.27 16:24:42.497,1.32301,1.32309,1.12,3.75
2016.09.27 16:24:42.599,1.323,1.32309,2.25,2.07
2016.09.27 16:24:42.650,1.323,1.32309,2.25,2.13
2016.09.27 16:24:42.701,1.32301,1.32309,1.12,3.37
2016.09.27 16:24:42.912,1.32301,1.32309,1.12,3.00
2016.09.27 16:24:42.963,1.32301,1.32308,1.12,1.50
2016.09.27 16:24:43.014,1.323,1.32308,2.25,1.50
2016.09.27 16:24:43.370,1.32301,1.32308,1.12,1.50
2016.09.27 16:24:43.473,1.323,1.32308,2.25,1.50
2016.09.27 16:24:43.576,1.32301,1.32308,1.12,1.50
2016.09.27 16:24:43.628,1.32301,1.32308,1.12,1.75
2016.09.27 16:24:44.488,1.32302,1.32308,1.00,1.75
2016.09.27 16:24:44.661,1.32302,1.3231,1.00,3.75
2016.09.27 16:24:44.916,1.32302,1.3231,1.50,3.75
2016.09.27 16:24:45.595,1.32302,1.3231,1.00,3.75
2016.09.27 16:24:45.951,1.32302,1.3231,1.00,3.00
2016.09.27 16:24:46.003,1.32302,1.3231,1.00,1.75
2016.09.27 16:24:46.410,1.32302,1.3231,1.24,1.75
2016.09.27 16:24:46.564,1.32302,1.32311,1.24,2.25
2016.09.27 16:24:46.666,1.32302,1.3231,1.24,1.50
2016.09.27 16:24:46.717,1.32302,1.3231,1.12,1.50
2016.09.27 16:24:46.768,1.32303,1.3231,1.00,1.50
2016.09.27 16:24:46.889,1.32302,1.32312,1.68,2.25
2016.09.27 16:24:46.985,1.32302,1.32312,1.68,3.00
2016.09.27 16:24:47.087,1.32302,1.32311,1.68,1.75
2016.09.27 16:24:47.699,1.32302,1.32307,1.68,1.00
2016.09.27 16:24:47.902,1.32302,1.32311,1.68,1.75
2016.09.27 16:24:49.017,1.32302,1.32311,1.50,1.75
2016.09.27 16:24:49.921,1.32304,1.32308,1.00,1.00
2016.09.27 16:24:49.972,1.32304,1.32312,1.00,1.87
2016.09.27 16:24:50.023,1.32304,1.32312,1.37,1.87
2016.09.27 16:24:50.602,1.32304,1.32312,1.37,1.12
2016.09.27 16:24:50.755,1.32305,1.32312,1.12,1.12
2016.09.27 16:24:50.853,1.32305,1.3231,1.37,1.00
2016.09.27 16:24:51.008,1.32306,1.3231,1.00,1.00
2016.09.27 16:24:51.110,1.32305,1.32313,1.50,1.75
2016.09.27 16:24:51.161,1.32305,1.32314,1.50,3.00
2016.09.27 16:24:51.316,1.32305,1.32314,1.50,2.25
2016.09.27 16:24:51.418,1.32305,1.32314,1.50,4.35
2016.09.27 16:24:51.693,1.32305,1.32314,1.50,2.85
2016.09.27 16:24:51.805,1.32305,1.32314,1.68,2.85
2016.09.27 16:24:51.906,1.32305,1.32314,1.68,2.25
2016.09.27 16:24:51.993,1.32307,1.32311,1.12,1.00
2016.09.27 16:24:52.095,1.32307,1.32315,1.50,1.87
2016.09.27 16:24:52.146,1.32307,1.32315,1.50,1.75
2016.09.27 16:24:52.198,1.32307,1.32315,1.12,1.75
2016.09.27 16:24:52.300,1.32307,1.32312,1.50,1.00
2016.09.27 16:24:52.352,1.32308,1.32312,1.00,1.00
2016.09.27 16:24:52.908,1.32307,1.32312,1.37,1.00
2016.09.27 16:24:52.959,1.32307,1.32315,1.12,1.75
2016.09.27 16:24:54.376,1.32307,1.32316,1.12,1.12
2016.09.27 16:24:54.427,1.32307,1.32313,1.68,1.00
2016.09.27 16:24:55.721,1.32307,1.32313,2.43,1.00
2016.09.27 16:24:55.823,1.32307,1.32316,2.81,1.12
2016.09.27 16:24:55.931,1.32309,1.32314,1.68,1.00
2016.09.27 16:24:56.033,1.3231,1.32319,1.31,2.62
2016.09.27 16:24:56.135,1.3231,1.32317,3.56,1.00
2016.09.27 16:24:56.556,1.3231,1.32317,2.62,1.00
2016.09.27 16:24:56.608,1.32309,1.32318,4.87,3.19
2016.09.27 16:24:56.660,1.32307,1.32314,3.37,1.00
2016.09.27 16:24:56.712,1.32307,1.32318,3.37,3.75
2016.09.27 16:24:56.784,1.32307,1.32316,1.50,1.12
2016.09.27 16:24:56.835,1.32307,1.32316,1.68,1.12
2016.09.27 16:24:56.938,1.32307,1.32316,2.43,1.12
2016.09.27 16:24:57.215,1.32307,1.32316,1.68,1.12
2016.09.27 16:24:58.788,1.32307,1.32316,1.68,1.87
2016.09.27 16:24:58.839,1.32309,1.32315,1.00,1.75
2016.09.27 16:24:58.890,1.32307,1.32315,1.50,2.25
2016.09.27 16:24:58.941,1.32307,1.32315,1.12,2.25
2016.09.27 16:24:59.330,1.32307,1.32315,1.12,2.58
2016.09.27 16:24:59.382,1.32304,1.32314,5.43,2.00
2016.09.27 16:24:59.433,1.32304,1.32314,2.62,2.66
2016.09.27 16:24:59.484,1.32304,1.32312,1.50,1.50
2016.09.27 16:24:59.535,1.32303,1.32312,1.68,2.62
2016.09.27 16:24:59.586,1.32302,1.32312,3.56,2.25
2016.09.27 16:24:59.638,1.32303,1.32311,1.12,1.14
2016.09.27 16:24:59.689,1.32303,1.32311,1.12,1.27
2016.09.27 16:24:59.740,1.32304,1.3231,1.00,1.87
2016.09.27 16:24:59.842,1.32304,1.3231,1.00,1.75
2016.09.27 16:24:59.893,1.32301,1.3231,1.68,1.75
2016.09.27 16:25:00.018,1.32301,1.3231,1.24,1.75
2016.09.27 16:25:00.069,1.32301,1.3231,1.68,2.62
2016.09.27 16:25:00.121,1.32301,1.3231,1.50,2.44
2016.09.27 16:25:00.224,1.32301,1.3231,1.68,3.00
2016.09.27 16:25:00.309,1.32301,1.3231,1.68,3.33
2016.09.27 16:25:00.361,1.32301,1.3231,1.50,3.33
2016.09.27 16:25:00.412,1.32301,1.32309,1.50,1.75
2016.09.27 16:25:01.111,1.32301,1.32309,1.50,2.00
2016.09.27 16:25:01.214,1.32301,1.32309,1.50,1.75
2016.09.27 16:25:01.316,1.32301,1.32309,1.00,1.75
2016.09.27 16:25:01.624,1.32302,1.32309,1.00,1.75
2016.09.27 16:25:01.675,1.32302,1.32309,1.12,1.75
2016.09.27 16:25:01.802,1.32302,1.32311,1.24,1.87
2016.09.27 16:25:01.855,1.32301,1.32311,4.31,1.87
2016.09.27 16:25:01.906,1.32301,1.32311,3.56,1.87
2016.09.27 16:25:02.035,1.32301,1.32311,4.31,2.62
2016.09.27 16:25:02.138,1.32301,1.32311,4.31,1.87
2016.09.27 16:25:02.189,1.32301,1.32311,4.31,2.25
2016.09.27 16:25:02.293,1.32301,1.32311,4.31,1.87
2016.09.27 16:25:02.344,1.32301,1.32311,3.37,1.87
2016.09.27 16:25:02.396,1.32301,1.3231,3.37,2.14
2016.09.27 16:25:02.447,1.32301,1.3231,1.50,2.20
2016.09.27 16:25:02.499,1.32301,1.3231,1.50,2.02
2016.09.27 16:25:02.550,1.32301,1.3231,1.12,2.02
2016.09.27 16:25:02.601,1.32301,1.3231,1.12,1.87
2016.09.27 16:25:03.043,1.32301,1.3231,1.12,2.06
2016.09.27 16:25:03.402,1.32301,1.3231,1.12,2.20
2016.09.27 16:25:03.504,1.32301,1.3231,1.12,2.06
2016.09.27 16:25:04.701,1.32301,1.3231,1.12,2.02
2016.09.27 16:25:04.752,1.32299,1.32307,4.31,1.00
2016.09.27 16:25:04.803,1.32299,1.32307,3.56,2.10
2016.09.27 16:25:04.856,1.32298,1.32304,2.62,1.30
2016.09.27 16:25:04.909,1.32298,1.32304,2.62,1.00
2016.09.27 16:25:04.960,1.32298,1.32303,1.00,1.37
2016.09.27 16:25:05.090,1.32295,1.32303,3.37,2.62
2016.09.27 16:25:05.142,1.32293,1.32297,1.00,1.00
2016.09.27 16:25:05.247,1.32291,1.323,1.50,1.87
2016.09.27 16:25:05.309,1.32289,1.32299,5.06,1.75
2016.09.27 16:25:05.361,1.3229,1.32299,1.00,1.87
2016.09.27 16:25:05.413,1.32292,1.32296,1.00,1.00
2016.09.27 16:25:05.464,1.3229,1.32298,2.25,1.12
2016.09.27 16:25:05.515,1.32291,1.32295,1.00,1.12
2016.09.27 16:25:05.618,1.32289,1.32293,1.00,1.00
2016.09.27 16:25:05.731,1.32286,1.32295,3.75,2.62
2016.09.27 16:25:05.783,1.32286,1.32295,3.75,2.62
2016.09.27 16:25:05.834,1.32289,1.32293,1.00,1.00
2016.09.27 16:25:05.936,1.32286,1.32295,1.50,1.75
2016.09.27 16:25:05.987,1.32286,1.32295,1.50,1.75
2016.09.27 16:25:06.624,1.32286,1.32295,1.50,2.25
2016.09.27 16:25:06.726,1.32286,1.32295,1.50,3.37
2016.09.27 16:25:06.778,1.32286,1.32293,3.37,1.00
2016.09.27 16:25:06.932,1.32288,1.32295,1.00,2.25
2016.09.27 16:25:07.034,1.32288,1.32295,1.00,1.75
2016.09.27 16:25:07.138,1.32288,1.32295,1.00,1.87
2016.09.27 16:25:07.525,1.32288,1.32295,1.00,1.75
2016.09.27 16:25:08.314,1.32288,1.32295,1.00,1.87
2016.09.27 16:25:09.054,1.32288,1.32295,1.00,1.75
2016.09.27 16:25:09.412,1.32288,1.32295,1.00,1.87
2016.09.27 16:25:09.616,1.32288,1.32295,1.00,1.75
2016.09.27 16:25:10.871,1.32286,1.32293,4.31,1.00
2016.09.27 16:25:10.922,1.32289,1.32293,1.00,1.00
2016.09.27 16:25:13.880,1.32286,1.32293,3.56,1.00
2016.09.27 16:25:13.931,1.32286,1.32295,2.43,1.75
2016.09.27 16:25:14.034,1.32286,1.32295,1.93,1.75
2016.09.27 16:25:14.724,1.32286,1.32295,2.43,1.75
2016.09.27 16:25:14.928,1.32286,1.32295,1.93,1.75
2016.09.27 16:25:15.030,1.32286,1.32295,2.43,1.75
2016.09.27 16:25:15.131,1.32286,1.32295,1.93,1.75
2016.09.27 16:25:15.183,1.32286,1.32295,1.93,1.75
2016.09.27 16:25:15.300,1.32287,1.32295,2.06,1.31
2016.09.27 16:25:15.394,1.32289,1.32296,1.12,1.75
2016.09.27 16:25:17.120,1.32289,1.32297,1.87,1.12
2016.09.27 16:25:17.222,1.32291,1.32295,1.00,1.00
2016.09.27 16:25:17.273,1.32291,1.32296,2.62,1.00
2016.09.27 16:25:17.324,1.32292,1.32296,1.87,1.00
2016.09.27 16:25:17.403,1.32292,1.32296,2.62,1.00
2016.09.27 16:25:17.454,1.32294,1.32299,1.00,1.50
2016.09.27 16:25:17.557,1.32294,1.323,1.00,1.75
2016.09.27 16:25:17.710,1.32294,1.323,1.00,1.50
2016.09.27 16:25:18.346,1.32294,1.323,1.50,1.50
2016.09.27 16:25:18.637,1.32294,1.323,2.25,1.50
2016.09.27 16:25:18.739,1.32294,1.323,3.00,1.50
2016.09.27 16:25:18.892,1.32294,1.323,2.25,1.50
2016.09.27 16:25:18.944,1.32296,1.323,1.00,1.00
2016.09.27 16:25:18.997,1.32296,1.32301,1.37,1.00
2016.09.27 16:25:19.125,1.32296,1.32304,1.87,1.50
2016.09.27 16:25:19.176,1.32297,1.32304,1.37,1.50
2016.09.27 16:25:19.279,1.32297,1.32304,1.75,2.10
2016.09.27 16:25:19.331,1.32297,1.32304,1.75,1.35
2016.09.27 16:25:19.383,1.32297,1.32304,1.75,1.00
2016.09.27 16:25:19.435,1.32297,1.32305,1.75,1.35
2016.09.27 16:25:19.538,1.32298,1.32306,1.50,1.60
2016.09.27 16:25:19.590,1.32298,1.32306,1.50,1.72
2016.09.27 16:25:19.641,1.32298,1.32306,2.25,1.72
2016.09.27 16:25:19.847,1.32298,1.32306,1.50,1.72
2016.09.27 16:25:20.327,1.32298,1.32306,1.50,3.22
2016.09.27 16:25:20.449,1.32298,1.32306,2.25,1.72
2016.09.27 16:25:20.500,1.32298,1.32306,2.25,3.22
2016.09.27 16:25:20.924,1.32298,1.32306,1.50,3.22
2016.09.27 16:25:21.261,1.32298,1.32306,2.25,3.22
2016.09.27 16:25:21.564,1.32297,1.32306,2.25,3.22
2016.09.27 16:25:21.767,1.32297,1.32306,1.75,3.22
2016.09.27 16:25:21.869,1.32297,1.32306,2.25,3.22
2016.09.27 16:25:22.094,1.32297,1.32306,1.75,3.22
2016.09.27 16:25:22.247,1.32297,1.32306,2.25,3.22
2016.09.27 16:25:22.417,1.32297,1.32305,2.25,1.67
2016.09.27 16:25:22.468,1.32297,1.32305,1.75,1.67
2016.09.27 16:25:22.672,1.32297,1.32305,2.25,1.67
2016.09.27 16:25:22.723,1.32297,1.32304,2.25,1.30
2016.09.27 16:25:22.865,1.32297,1.32304,1.75,1.30
2016.09.27 16:25:22.968,1.32297,1.32304,2.25,1.30
2016.09.27 16:25:23.019,1.32297,1.32305,2.25,1.67
2016.09.27 16:25:23.071,1.32297,1.32305,1.75,2.47
2016.09.27 16:25:23.194,1.32296,1.32303,4.87,1.00
2016.09.27 16:25:23.294,1.32297,1.32304,1.50,1.91
2016.09.27 16:25:23.345,1.32296,1.32305,2.62,4.91
2016.09.27 16:25:23.396,1.32295,1.32303,3.37,1.00
2016.09.27 16:25:23.447,1.32297,1.32302,1.00,1.00
2016.09.27 16:25:23.498,1.32295,1.32302,2.25,1.00
2016.09.27 16:25:23.549,1.32297,1.32302,1.00,1.00
2016.09.27 16:25:23.600,1.32297,1.32302,1.00,1.12
2016.09.27 16:25:23.652,1.32297,1.32304,2.25,3.19
2016.09.27 16:25:23.703,1.32297,1.32304,2.62,1.25
2016.09.27 16:25:23.787,1.32297,1.32304,3.00,1.69
2016.09.27 16:25:23.971,1.32297,1.32304,2.25,1.00
2016.09.27 16:25:24.226,1.32297,1.32304,3.00,1.00
2016.09.27 16:25:24.471,1.32297,1.32304,2.25,1.00
2016.09.27 16:25:24.608,1.32297,1.32305,2.25,1.00
2016.09.27 16:25:25.250,1.32299,1.32306,1.12,1.00
2016.09.27 16:25:25.302,1.32299,1.32307,1.37,1.50
2016.09.27 16:25:25.353,1.32299,1.32308,2.25,2.25
2016.09.27 16:25:25.404,1.32299,1.32308,2.25,1.50
2016.09.27 16:25:25.456,1.32299,1.32308,2.25,1.00
2016.09.27 16:25:25.609,1.323,1.32308,1.12,1.00
2016.09.27 16:25:25.712,1.323,1.32308,1.12,1.00
2016.09.27 16:25:26.293,1.323,1.32308,1.12,1.00
2016.09.27 16:25:26.446,1.323,1.32308,1.87,1.00
2016.09.27 16:25:26.547,1.323,1.32308,1.12,1.00
2016.09.27 16:25:27.056,1.32298,1.32304,2.25,1.00
2016.09.27 16:25:27.107,1.32298,1.32304,1.75,1.00
2016.09.27 16:25:27.158,1.32298,1.32305,1.75,1.50
2016.09.27 16:25:27.209,1.32298,1.32305,3.37,2.25
2016.09.27 16:25:27.260,1.32298,1.32302,4.50,1.00
2016.09.27 16:25:27.311,1.32298,1.32305,2.62,3.00
2016.09.27 16:25:27.362,1.32297,1.32304,2.62,2.25
2016.09.27 16:25:27.450,1.32298,1.32302,1.00,1.00
2016.09.27 16:25:27.502,1.32296,1.32303,3.37,1.50
2016.09.27 16:25:27.553,1.32296,1.32303,3.37,1.00
2016.09.27 16:25:27.605,1.32298,1.32305,3.37,1.50
2016.09.27 16:25:27.656,1.323,1.32305,1.37,1.50
2016.09.27 16:25:27.758,1.32299,1.32303,1.00,1.50
2016.09.27 16:25:27.809,1.32298,1.32304,1.75,1.50
2016.09.27 16:25:27.861,1.32297,1.32303,4.12,1.69
2016.09.27 16:25:27.912,1.32299,1.32303,1.00,1.69
2016.09.27 16:25:27.964,1.32297,1.32303,2.25,1.50
2016.09.27 16:25:28.066,1.32298,1.32302,1.00,1.00
2016.09.27 16:25:28.134,1.32297,1.32303,2.25,1.50
2016.09.27 16:25:28.186,1.32297,1.32303,1.87,1.50
2016.09.27 16:25:28.238,1.32297,1.32302,1.12,1.00
2016.09.27 16:25:28.289,1.32295,1.32302,4.12,1.00
2016.09.27 16:25:28.341,1.32296,1.32303,1.50,1.50
2016.09.27 16:25:28.393,1.32296,1.32303,1.75,1.50
2016.09.27 16:25:28.444,1.32296,1.32303,1.75,1.87
2016.09.27 16:25:28.599,1.32297,1.32303,1.00,1.87
2016.09.27 16:25:28.650,1.32296,1.323,1.00,1.00
2016.09.27 16:25:28.753,1.32293,1.323,3.37,1.00
2016.09.27 16:25:28.833,1.32293,1.32301,3.37,2.25
2016.09.27 16:25:28.935,1.32293,1.323,3.37,1.00
2016.09.27 16:25:29.039,1.32293,1.323,2.62,1.00
2016.09.27 16:25:29.141,1.32293,1.32301,2.62,2.25
2016.09.27 16:25:29.193,1.32294,1.32301,1.00,2.25
2016.09.27 16:25:29.549,1.32294,1.323,1.00,1.00
2016.09.27 16:25:29.753,1.32294,1.32301,1.00,2.25
2016.09.27 16:25:30.045,1.32294,1.32299,1.00,1.00
2016.09.27 16:25:30.868,1.32294,1.32299,1.00,1.50
2016.09.27 16:25:30.970,1.32294,1.32299,1.00,1.00
2016.09.27 16:25:32.270,1.32294,1.32299,1.00,1.50
2016.09.27 16:25:32.372,1.32294,1.32299,1.00,1.00
2016.09.27 16:25:32.423,1.32291,1.32299,4.12,1.00
2016.09.27 16:25:32.474,1.32291,1.32299,1.50,1.31
2016.09.27 16:25:32.525,1.32291,1.32298,1.00,1.25
2016.09.27 16:25:32.576,1.32288,1.32298,4.12,2.06
2016.09.27 16:25:32.628,1.3229,1.32298,1.00,2.81
2016.09.27 16:25:32.679,1.32288,1.32297,1.75,1.56
2016.09.27 16:25:32.730,1.32289,1.32295,1.00,1.25
2016.09.27 16:25:32.781,1.32288,1.32295,1.37,1.50
2016.09.27 16:25:33.006,1.32289,1.32294,1.00,1.00
2016.09.27 16:25:33.086,1.32289,1.32295,1.00,1.50
2016.09.27 16:25:33.342,1.32288,1.32295,1.50,1.50
2016.09.27 16:25:33.393,1.32288,1.32295,1.12,1.50
2016.09.27 16:25:33.495,1.32288,1.32295,1.37,1.50
2016.09.27 16:25:33.548,1.32288,1.32296,1.37,2.62
2016.09.27 16:25:33.599,1.32289,1.32296,1.00,2.62
2016.09.27 16:25:33.650,1.32289,1.32296,1.00,1.50
2016.09.27 16:25:33.702,1.32288,1.32296,1.50,1.50
2016.09.27 16:25:33.777,1.32288,1.32296,1.50,1.00
2016.09.27 16:25:34.146,1.32288,1.32296,1.50,1.12
2016.09.27 16:25:34.554,1.32288,1.32296,1.50,1.00
2016.09.27 16:25:35.652,1.32288,1.32296,1.50,1.12
2016.09.27 16:25:36.152,1.3229,1.32299,1.00,3.37
2016.09.27 16:25:36.204,1.32291,1.32299,1.37,3.37
2016.09.27 16:25:36.322,1.32291,1.32299,1.37,1.12
2016.09.27 16:25:36.373,1.32291,1.32299,3.37,1.00
2016.09.27 16:25:36.424,1.32291,1.32299,1.75,1.00
2016.09.27 16:25:36.475,1.32291,1.323,1.75,1.12
2016.09.27 16:25:36.527,1.32291,1.323,3.37,1.00
2016.09.27 16:25:36.578,1.32294,1.323,1.00,1.00
2016.09.27 16:25:36.629,1.32291,1.323,3.37,1.00
2016.09.27 16:25:36.680,1.32291,1.32302,1.50,4.12
2016.09.27 16:25:36.782,1.32291,1.32301,1.50,1.12
2016.09.27 16:25:36.988,1.32291,1.32302,1.50,5.62
2016.09.27 16:25:37.040,1.32292,1.32301,2.25,1.00
2016.09.27 16:25:37.091,1.32292,1.32301,2.62,1.00
2016.09.27 16:25:37.144,1.32291,1.32301,3.37,1.37
2016.09.27 16:25:37.220,1.32291,1.32301,3.37,1.87
2016.09.27 16:25:37.271,1.32292,1.32299,1.00,1.56
2016.09.27 16:25:37.323,1.32289,1.32299,2.62,3.19
2016.09.27 16:25:37.375,1.32288,1.32297,4.12,1.31
2016.09.27 16:25:37.426,1.32288,1.32297,3.37,1.31
2016.09.27 16:25:37.528,1.3229,1.32297,1.00,1.69
2016.09.27 16:25:37.579,1.32288,1.32297,1.75,1.50
2016.09.27 16:25:37.631,1.32288,1.32297,3.37,1.12
2016.09.27 16:25:37.734,1.32289,1.32297,1.00,1.12
2016.09.27 16:25:37.785,1.32288,1.32297,1.50,1.37
2016.09.27 16:25:38.094,1.32288,1.32297,1.50,1.12
2016.09.27 16:25:38.263,1.32289,1.32298,2.25,1.00
2016.09.27 16:25:38.314,1.32289,1.32298,2.62,1.00
2016.09.27 16:25:38.778,1.32291,1.32298,1.00,2.13
2016.09.27 16:25:38.925,1.32288,1.32297,1.75,1.37
2016.09.27 16:25:38.977,1.32288,1.32297,1.37,1.19
2016.09.27 16:25:39.028,1.32288,1.32297,1.37,1.57
2016.09.27 16:25:39.080,1.32287,1.32297,1.75,1.57
2016.09.27 16:25:39.132,1.32287,1.32297,1.75,1.19
2016.09.27 16:25:39.215,1.32287,1.32297,1.50,1.50
2016.09.27 16:25:39.318,1.32286,1.32297,3.00,2.25
2016.09.27 16:25:39.369,1.32286,1.32295,2.62,2.29
2016.09.27 16:25:39.420,1.32289,1.32294,1.00,1.16
2016.09.27 16:25:39.472,1.32286,1.32294,2.62,1.16
2016.09.27 16:25:39.523,1.32285,1.32295,3.37,5.29
2016.09.27 16:25:39.574,1.32285,1.32293,2.62,1.31
2016.09.27 16:25:39.658,1.32285,1.32292,2.62,1.12
2016.09.27 16:25:39.710,1.32285,1.32292,1.00,1.12
2016.09.27 16:25:39.863,1.32285,1.32291,1.00,1.00
2016.09.27 16:25:40.479,1.32285,1.32291,1.00,1.12
2016.09.27 16:25:40.580,1.32283,1.32291,1.50,1.00
2016.09.27 16:25:40.688,1.32282,1.32291,4.21,1.00
2016.09.27 16:25:40.742,1.32282,1.32291,3.46,1.00
2016.09.27 16:25:40.794,1.32282,1.32291,3.08,1.50
2016.09.27 16:25:40.845,1.32282,1.32291,1.49,1.87
2016.09.27 16:25:40.897,1.32282,1.32291,1.49,1.50
2016.09.27 16:25:40.999,1.32283,1.32291,1.00,1.87
2016.09.27 16:25:41.050,1.32282,1.32291,1.86,1.50
2016.09.27 16:25:41.152,1.32282,1.32291,1.86,1.12
2016.09.27 16:25:41.203,1.32282,1.32291,1.96,1.12
2016.09.27 16:25:41.255,1.32283,1.32292,1.50,1.00
2016.09.27 16:25:41.306,1.32284,1.32292,1.00,1.12
2016.09.27 16:25:41.358,1.32284,1.32292,1.50,1.50
2016.09.27 16:25:41.409,1.32287,1.32292,1.00,1.37
2016.09.27 16:25:41.524,1.32287,1.32294,1.50,1.12
2016.09.27 16:25:41.575,1.32287,1.32293,1.37,1.00
2016.09.27 16:25:41.779,1.32287,1.32294,1.37,1.12
2016.09.27 16:25:41.984,1.32287,1.32295,1.37,2.06
2016.09.27 16:25:42.469,1.32287,1.32294,1.37,1.12
2016.09.27 16:25:42.970,1.32287,1.32294,1.37,1.31
2016.09.27 16:25:43.275,1.32287,1.32294,1.37,1.12
2016.09.27 16:25:43.666,1.32287,1.32294,1.37,1.31
2016.09.27 16:25:43.995,1.32287,1.32293,1.37,1.00
2016.09.27 16:25:44.199,1.32287,1.32293,1.37,1.00
2016.09.27 16:25:44.250,1.32287,1.32295,1.37,2.06
2016.09.27 16:25:44.404,1.32288,1.32295,1.00,1.69
2016.09.27 16:25:44.455,1.32287,1.32295,1.75,1.31
2016.09.27 16:25:44.557,1.32287,1.32295,1.75,1.69
2016.09.27 16:25:44.659,1.32287,1.32295,1.75,1.31
2016.09.27 16:25:44.710,1.32287,1.32295,1.37,1.31
2016.09.27 16:25:44.761,1.32287,1.32295,1.12,1.31
2016.09.27 16:25:44.813,1.32287,1.32295,1.50,1.31
2016.09.27 16:25:44.865,1.32288,1.32295,1.00,1.69
2016.09.27 16:25:44.940,1.32287,1.32295,3.37,1.69
2016.09.27 16:25:44.992,1.32287,1.32295,3.37,1.69
2016.09.27 16:25:45.043,1.32287,1.32295,1.50,1.12
2016.09.27 16:25:45.564,1.32287,1.32295,1.50,1.00
2016.09.27 16:25:45.768,1.32288,1.32295,1.37,1.50
2016.09.27 16:25:46.085,1.32288,1.32296,1.37,1.87
2016.09.27 16:25:46.851,1.32288,1.32296,1.37,2.06
2016.09.27 16:25:46.953,1.32288,1.32296,1.37,1.87
2016.09.27 16:25:47.632,1.32288,1.32296,1.37,1.12
2016.09.27 16:25:48.164,1.32288,1.32298,1.37,3.37
2016.09.27 16:25:48.393,1.32288,1.32298,1.75,3.00
2016.09.27 16:25:48.444,1.32288,1.32298,3.37,1.37
2016.09.27 16:25:50.249,1.32291,1.32298,1.87,1.37
2016.09.27 16:25:50.314,1.32291,1.32298,1.12,1.37
2016.09.27 16:25:50.368,1.32292,1.323,1.00,3.75
2016.09.27 16:25:50.420,1.32292,1.323,1.12,3.37
2016.09.27 16:25:50.472,1.32292,1.323,1.50,1.00
2016.09.27 16:25:50.558,1.32292,1.323,4.50,1.00
2016.09.27 16:25:50.611,1.32293,1.323,2.62,1.00
2016.09.27 16:25:50.662,1.32294,1.32301,2.62,1.00
2016.09.27 16:25:50.713,1.32294,1.32301,3.37,1.00
2016.09.27 16:25:50.764,1.32295,1.323,1.00,1.00
2016.09.27 16:25:50.816,1.32294,1.323,1.75,1.00
2016.09.27 16:25:50.868,1.32294,1.32303,3.37,1.50
2016.09.27 16:25:53.442,1.32294,1.32303,3.37,1.00
2016.09.27 16:25:54.103,1.32294,1.32303,2.62,2.25
2016.09.27 16:25:54.205,1.32294,1.32303,2.25,1.50
2016.09.27 16:25:54.325,1.32294,1.32303,1.50,1.87
2016.09.27 16:25:54.429,1.32296,1.32303,1.00,1.87
2016.09.27 16:25:54.480,1.32294,1.32302,2.62,2.25
2016.09.27 16:25:54.532,1.32294,1.32302,2.25,2.25
2016.09.27 16:25:54.583,1.32293,1.32302,1.50,2.25
2016.09.27 16:25:54.736,1.32293,1.32302,1.37,1.12
2016.09.27 16:25:54.787,1.32293,1.32302,1.00,1.50
2016.09.27 16:25:54.838,1.32293,1.32302,1.12,1.37
2016.09.27 16:25:54.890,1.32293,1.32302,1.50,1.12
2016.09.27 16:25:54.941,1.32293,1.32302,1.50,2.62
2016.09.27 16:25:55.200,1.32293,1.32302,1.50,1.12
2016.09.27 16:25:55.384,1.32293,1.32302,2.25,1.12
2016.09.27 16:25:55.435,1.32293,1.32302,2.25,2.62
2016.09.27 16:25:55.486,1.32293,1.32302,1.50,2.62
2016.09.27 16:25:55.537,1.32293,1.32302,1.50,1.12
2016.09.27 16:25:55.689,1.32292,1.32302,3.37,1.87
2016.09.27 16:25:55.741,1.32293,1.32302,1.50,1.87
2016.09.27 16:25:55.792,1.32293,1.32302,1.50,3.37
2016.09.27 16:25:55.844,1.32293,1.32302,1.50,2.62
2016.09.27 16:25:55.895,1.32293,1.32302,1.75,2.62
2016.09.27 16:25:55.946,1.32293,1.32302,3.37,2.25
2016.09.27 16:25:56.071,1.32293,1.32302,3.37,1.00
2016.09.27 16:25:56.123,1.32293,1.32302,2.62,1.50
2016.09.27 16:25:56.174,1.32294,1.323,1.00,1.56
2016.09.27 16:25:56.227,1.32293,1.323,2.62,1.56
2016.09.27 16:25:56.278,1.32293,1.323,1.00,1.56
2016.09.27 16:25:56.329,1.3229,1.323,3.37,4.54
2016.09.27 16:25:56.380,1.3229,1.323,1.75,2.81
2016.09.27 16:25:56.431,1.32289,1.323,4.12,2.44
2016.09.27 16:25:56.483,1.3229,1.32298,2.62,1.12
2016.09.27 16:25:56.586,1.3229,1.32298,2.62,1.12
2016.09.27 16:25:56.638,1.32291,1.32298,1.00,2.81
2016.09.27 16:25:56.690,1.32291,1.32297,1.00,2.06
2016.09.27 16:25:56.755,1.32288,1.32297,2.25,3.56
2016.09.27 16:25:56.807,1.32288,1.32296,1.50,1.56
2016.09.27 16:25:56.912,1.32288,1.32296,1.37,1.69
2016.09.27 16:25:57.016,1.32286,1.32296,2.62,2.10
2016.09.27 16:25:57.067,1.32287,1.32296,1.00,1.50
2016.09.27 16:25:57.118,1.32287,1.32296,1.00,1.00
2016.09.27 16:25:57.220,1.32288,1.32296,1.00,1.35
2016.09.27 16:25:57.271,1.32288,1.32296,1.50,1.35
2016.09.27 16:25:57.322,1.32288,1.32296,1.50,1.00
2016.09.27 16:25:57.373,1.32288,1.32295,1.00,1.00
2016.09.27 16:25:57.424,1.32288,1.32295,1.12,1.00
2016.09.27 16:25:57.476,1.32288,1.32295,1.50,1.00
2016.09.27 16:25:57.755,1.32288,1.32295,2.25,1.35
2016.09.27 16:25:57.834,1.32288,1.32295,2.25,1.00
2016.09.27 16:25:57.886,1.32288,1.32295,2.25,1.35
2016.09.27 16:25:57.937,1.32288,1.32295,1.37,1.35
2016.09.27 16:25:57.988,1.32288,1.32295,1.12,1.72
2016.09.27 16:25:58.257,1.32288,1.32295,1.87,1.12
2016.09.27 16:25:58.308,1.32288,1.32295,2.25,4.72
2016.09.27 16:25:58.360,1.32286,1.32294,3.37,1.69
2016.09.27 16:25:58.411,1.32286,1.32294,3.00,4.16
2016.09.27 16:25:58.462,1.32285,1.32293,1.87,2.02
2016.09.27 16:25:58.571,1.32285,1.32293,1.87,1.87
2016.09.27 16:25:58.623,1.32285,1.32293,1.87,2.25
2016.09.27 16:25:58.674,1.32286,1.32292,1.00,1.19
2016.09.27 16:25:58.725,1.32286,1.32292,1.00,1.19
2016.09.27 16:25:58.777,1.32285,1.32292,1.87,1.31
2016.09.27 16:25:58.874,1.32285,1.32293,1.87,1.56
2016.09.27 16:25:58.926,1.32285,1.32293,2.25,1.56
2016.09.27 16:25:58.977,1.32285,1.32294,2.25,1.12
2016.09.27 16:25:59.028,1.32285,1.32294,2.25,1.12
2016.09.27 16:25:59.079,1.32286,1.32294,1.00,1.69
2016.09.27 16:25:59.130,1.32286,1.32294,1.00,1.31
2016.09.27 16:25:59.182,1.32286,1.32294,1.12,1.54
2016.09.27 16:25:59.284,1.32286,1.32294,1.12,3.04
2016.09.27 16:25:59.335,1.32286,1.32294,1.12,3.79
2016.09.27 16:25:59.386,1.32286,1.32294,1.00,3.41
2016.09.27 16:25:59.513,1.32286,1.32293,1.00,1.56
2016.09.27 16:25:59.564,1.32285,1.32293,1.87,1.12
2016.09.27 16:25:59.615,1.32285,1.32293,1.87,1.12
2016.09.27 16:25:59.870,1.32286,1.32293,1.00,1.37
2016.09.27 16:25:59.972,1.32285,1.32293,1.12,1.12
2016.09.27 16:26:00.175,1.32285,1.32293,1.87,1.50
2016.09.27 16:26:00.379,1.32285,1.32293,1.12,1.31
2016.09.27 16:26:00.430,1.32285,1.32293,1.12,1.31
2016.09.27 16:26:00.687,1.32285,1.32293,1.12,2.06
2016.09.27 16:26:00.738,1.32285,1.32293,1.12,2.44
2016.09.27 16:26:00.789,1.32285,1.32293,1.87,2.44
2016.09.27 16:26:00.840,1.32285,1.32293,1.12,2.44
2016.09.27 16:26:00.943,1.32285,1.32293,1.12,1.87
2016.09.27 16:26:00.994,1.32285,1.32292,1.12,1.00
2016.09.27 16:26:01.163,1.32285,1.32292,1.87,1.00
2016.09.27 16:26:01.265,1.32285,1.32292,1.12,1.00
2016.09.27 16:26:01.980,1.32285,1.32292,1.87,1.00
2016.09.27 16:26:02.184,1.32285,1.32292,1.12,1.00
2016.09.27 16:26:02.388,1.32285,1.32292,1.87,1.00
2016.09.27 16:26:02.490,1.32285,1.32292,1.12,1.00
2016.09.27 16:26:02.869,1.32285,1.32292,1.87,1.00
2016.09.27 16:26:02.971,1.32285,1.32292,1.12,1.00
2016.09.27 16:26:03.074,1.32285,1.32292,1.87,1.00
2016.09.27 16:26:03.280,1.32285,1.32292,1.12,1.00
2016.09.27 16:26:03.560,1.32285,1.32292,1.87,1.00
2016.09.27 16:26:03.662,1.32286,1.32292,1.00,1.00
2016.09.27 16:26:03.970,1.32285,1.32292,1.87,1.00
2016.09.27 16:26:04.377,1.32286,1.32292,1.00,1.00
2016.09.27 16:26:04.479,1.32285,1.32292,1.87,1.00
2016.09.27 16:26:05.591,1.32286,1.32292,1.00,1.00
2016.09.27 16:26:05.766,1.32285,1.32292,1.87,1.00
2016.09.27 16:26:06.530,1.32285,1.32292,2.25,1.00
2016.09.27 16:26:06.632,1.32285,1.32292,1.87,1.00
2016.09.27 16:26:06.683,1.32286,1.32292,1.00,1.00
2016.09.27 16:26:06.734,1.32286,1.32292,1.12,1.00
2016.09.27 16:26:06.786,1.32288,1.32295,1.00,1.91
2016.09.27 16:26:06.837,1.32288,1.32295,1.00,2.29
2016.09.27 16:26:06.949,1.32288,1.32295,1.00,2.66
2016.09.27 16:26:07.030,1.32287,1.32295,1.87,2.47
2016.09.27 16:26:07.742,1.32287,1.32295,2.25,2.10
2016.09.27 16:26:07.793,1.32287,1.32295,2.25,1.72
2016.09.27 16:26:07.965,1.32286,1.32294,2.62,1.12
2016.09.27 16:26:08.017,1.32286,1.32293,2.25,1.50
2016.09.27 16:26:08.068,1.32284,1.32293,2.25,2.25
2016.09.27 16:26:08.120,1.32284,1.32293,1.87,3.00
2016.09.27 16:26:08.171,1.32284,1.32293,1.87,3.56
2016.09.27 16:26:08.222,1.32284,1.32292,1.87,1.12
2016.09.27 16:26:08.273,1.32284,1.32292,1.87,1.69
2016.09.27 16:26:08.325,1.32284,1.32292,1.87,1.31
2016.09.27 16:26:08.376,1.32284,1.3229,1.87,1.00
2016.09.27 16:26:08.427,1.32284,1.32288,1.87,1.35
2016.09.27 16:26:08.478,1.32281,1.32288,2.62,6.79
2016.09.27 16:26:08.530,1.32278,1.32282,5.25,1.25
2016.09.27 16:26:08.660,1.32274,1.32278,6.00,1.00
2016.09.27 16:26:08.711,1.32274,1.32278,3.37,1.50
2016.09.27 16:26:08.763,1.32267,1.32271,10.12,1.00
2016.09.27 16:26:08.814,1.3227,1.32274,7.50,1.25
2016.09.27 16:26:08.904,1.32267,1.32273,1.00,1.75
2016.09.27 16:26:08.955,1.32266,1.32274,1.87,2.62
2016.09.27 16:26:09.007,1.32267,1.32274,1.00,1.00
2016.09.27 16:26:09.059,1.32271,1.32275,1.00,3.37
2016.09.27 16:26:09.110,1.32271,1.32275,1.00,2.62
2016.09.27 16:26:09.161,1.3227,1.32274,1.00,1.50
2016.09.27 16:26:09.213,1.32269,1.32274,1.00,1.87
2016.09.27 16:26:09.264,1.32267,1.32274,1.00,1.87
2016.09.27 16:26:09.316,1.32267,1.32274,1.00,1.12
2016.09.27 16:26:09.464,1.32267,1.32275,1.00,2.85
2016.09.27 16:26:09.770,1.32267,1.32274,1.00,1.12
2016.09.27 16:26:09.872,1.32267,1.32275,1.00,2.85
2016.09.27 16:26:09.974,1.32267,1.32275,1.00,2.29
2016.09.27 16:26:10.076,1.32267,1.32274,1.00,1.30
2016.09.27 16:26:10.224,1.32267,1.32275,1.00,4.35
2016.09.27 16:26:10.474,1.32267,1.32275,1.00,3.60
2016.09.27 16:26:10.881,1.32267,1.32275,1.00,2.10
2016.09.27 16:26:10.932,1.32267,1.32275,1.12,3.22
2016.09.27 16:26:10.983,1.32267,1.32275,1.50,3.04
2016.09.27 16:26:11.034,1.32267,1.32275,1.50,2.29
2016.09.27 16:26:11.085,1.32267,1.32275,1.50,2.10
2016.09.27 16:26:11.188,1.32267,1.32275,1.50,3.60
2016.09.27 16:26:11.443,1.32267,1.32275,1.50,2.85
2016.09.27 16:26:11.796,1.32267,1.32275,1.50,3.04
2016.09.27 16:26:11.847,1.32267,1.32275,1.50,4.54
2016.09.27 16:26:11.898,1.32267,1.32275,1.50,2.85
2016.09.27 16:26:12.135,1.32267,1.32274,1.50,2.10
2016.09.27 16:26:12.440,1.32267,1.32275,1.50,4.35
2016.09.27 16:26:12.491,1.32267,1.32275,1.50,4.54
2016.09.27 16:26:12.746,1.32267,1.32275,1.50,3.04
2016.09.27 16:26:12.970,1.32267,1.32275,1.50,2.85
2016.09.27 16:26:13.225,1.32267,1.32275,1.50,3.04
2016.09.27 16:26:13.481,1.32267,1.32274,1.50,2.10
2016.09.27 16:26:13.634,1.32267,1.32275,1.50,2.10
2016.09.27 16:26:13.807,1.32267,1.32275,1.50,2.29
2016.09.27 16:26:14.419,1.32267,1.32275,1.50,1.54
2016.09.27 16:26:14.470,1.32267,1.32275,1.12,1.72
2016.09.27 16:26:14.521,1.32267,1.32275,1.00,2.10
2016.09.27 16:26:14.572,1.32267,1.32274,1.00,1.00
2016.09.27 16:26:15.062,1.32265,1.32273,1.37,1.50
2016.09.27 16:26:15.216,1.32265,1.32273,1.37,1.12
2016.09.27 16:26:15.303,1.32264,1.32273,2.25,1.12
2016.09.27 16:26:15.355,1.32264,1.32273,1.87,1.12
2016.09.27 16:26:15.406,1.32265,1.32273,1.00,1.87
2016.09.27 16:26:15.457,1.32265,1.32273,1.00,1.87
2016.09.27 16:26:15.559,1.32265,1.32273,1.00,1.87
2016.09.27 16:26:15.865,1.32265,1.32273,1.50,1.87
2016.09.27 16:26:15.916,1.32265,1.32273,1.00,1.87
2016.09.27 16:26:15.967,1.32265,1.32273,1.00,2.25
2016.09.27 16:26:16.088,1.32266,1.32273,1.12,2.25
2016.09.27 16:26:16.189,1.32266,1.32273,1.00,1.50
2016.09.27 16:26:16.241,1.32266,1.32273,1.00,1.37
2016.09.27 16:26:16.292,1.32266,1.32273,1.12,1.00
2016.09.27 16:26:16.430,1.32266,1.32273,1.12,1.12
2016.09.27 16:26:16.482,1.32266,1.32274,1.12,2.25
2016.09.27 16:26:17.091,1.32266,1.32274,1.12,4.35
2016.09.27 16:26:17.245,1.32266,1.32274,1.50,3.97
2016.09.27 16:26:17.296,1.32266,1.32274,1.50,3.60
2016.09.27 16:26:17.431,1.32266,1.32274,1.12,4.35
2016.09.27 16:26:17.483,1.32266,1.32274,1.12,2.85
2016.09.27 16:26:17.535,1.32266,1.32274,1.12,2.25
2016.09.27 16:26:17.689,1.32266,1.32274,1.12,3.22
2016.09.27 16:26:17.791,1.32266,1.32274,1.12,2.62
2016.09.27 16:26:18.096,1.32266,1.32274,1.12,1.87
2016.09.27 16:26:18.552,1.32266,1.32274,1.12,1.50
2016.09.27 16:26:18.756,1.32266,1.32274,1.69,1.37
2016.09.27 16:26:18.808,1.32267,1.32274,1.00,1.00
2016.09.27 16:26:18.881,1.32268,1.32275,1.00,1.00
2016.09.27 16:26:18.932,1.32268,1.32277,2.66,1.37
2016.09.27 16:26:19.031,1.32269,1.32277,1.49,1.00
2016.09.27 16:26:19.083,1.32268,1.32276,1.75,1.00
2016.09.27 16:26:19.135,1.3227,1.32276,1.00,1.00
2016.09.27 16:26:19.237,1.32269,1.32277,2.62,1.50
2016.09.27 16:26:19.340,1.32268,1.32277,1.75,1.12
2016.09.27 16:26:19.905,1.32268,1.32277,1.75,1.87
2016.09.27 16:26:20.256,1.32268,1.32277,1.75,2.62
2016.09.27 16:26:20.313,1.32268,1.32277,1.75,3.37
2016.09.27 16:26:20.465,1.32268,1.32277,1.75,2.62
2016.09.27 16:26:20.567,1.32268,1.32277,1.75,3.37
2016.09.27 16:26:20.670,1.32268,1.32277,1.75,2.62
2016.09.27 16:26:20.722,1.32268,1.32275,1.75,1.00
2016.09.27 16:26:20.875,1.32267,1.32275,2.62,1.00
2016.09.27 16:26:20.989,1.32267,1.32276,3.37,1.69
2016.09.27 16:26:21.041,1.32265,1.32276,1.93,2.06
2016.09.27 16:26:21.092,1.32265,1.32274,1.93,1.00
2016.09.27 16:26:21.703,1.32265,1.32274,1.99,1.00
2016.09.27 16:26:23.085,1.32265,1.32274,1.75,1.00
2016.09.27 16:26:24.244,1.32267,1.32274,1.12,1.00
2016.09.27 16:26:24.871,1.32265,1.32274,1.75,1.50
2016.09.27 16:26:24.922,1.32264,1.32271,4.31,2.10
2016.09.27 16:26:24.974,1.32267,1.32273,1.00,1.60
2016.09.27 16:26:25.026,1.32265,1.32273,3.37,1.60
2016.09.27 16:26:25.078,1.32265,1.32273,2.62,2.47
2016.09.27 16:26:25.130,1.32264,1.32273,1.75,2.10
2016.09.27 16:26:25.181,1.32263,1.32273,3.37,2.10
2016.09.27 16:26:25.232,1.32263,1.32271,1.50,1.35
2016.09.27 16:26:25.307,1.32263,1.32271,1.12,1.35
2016.09.27 16:26:25.598,1.32263,1.32271,1.12,1.00
2016.09.27 16:26:27.251,1.32263,1.32271,1.50,1.60
2016.09.27 16:26:27.353,1.32264,1.32269,1.00,2.29
2016.09.27 16:26:27.404,1.32264,1.32269,1.00,1.54
2016.09.27 16:26:27.455,1.32261,1.32267,2.62,2.10
2016.09.27 16:26:27.507,1.3226,1.32267,2.62,3.60
2016.09.27 16:26:27.558,1.3226,1.32266,3.00,2.10
2016.09.27 16:26:27.609,1.3226,1.32265,1.12,1.35
2016.09.27 16:26:27.733,1.3226,1.32265,1.00,1.72
2016.09.27 16:26:27.988,1.32257,1.32265,1.12,1.72
2016.09.27 16:26:28.090,1.32255,1.32262,1.99,1.00
2016.09.27 16:26:28.142,1.32254,1.32262,3.56,1.50
2016.09.27 16:26:28.193,1.32254,1.3226,2.62,1.00
2016.09.27 16:26:28.245,1.32253,1.3226,2.62,1.50
2016.09.27 16:26:28.347,1.32254,1.3226,1.56,1.00
2016.09.27 16:26:28.398,1.32254,1.3226,1.56,1.12
2016.09.27 16:26:28.510,1.32254,1.32261,1.56,1.00
2016.09.27 16:26:28.562,1.32254,1.32264,1.37,3.37
2016.09.27 16:26:28.614,1.32255,1.32264,1.50,1.50
2016.09.27 16:26:28.708,1.32256,1.32264,1.24,1.50
2016.09.27 16:26:28.759,1.32256,1.32264,1.31,1.12
2016.09.27 16:26:28.811,1.32256,1.32264,1.68,1.12
2016.09.27 16:26:28.862,1.32257,1.32264,1.25,1.12
2016.09.27 16:26:28.949,1.32257,1.32267,1.50,2.62
2016.09.27 16:26:29.000,1.32258,1.32267,1.31,2.25
2016.09.27 16:26:29.051,1.32258,1.32266,1.68,1.37
2016.09.27 16:26:29.103,1.32258,1.32266,2.43,1.37
2016.09.27 16:26:29.154,1.32258,1.32266,2.81,1.00
2016.09.27 16:26:29.206,1.32258,1.32266,3.56,1.35
2016.09.27 16:26:29.257,1.32258,1.32266,5.06,1.00
2016.09.27 16:26:29.308,1.32261,1.32266,1.00,1.00
2016.09.27 16:26:29.360,1.32261,1.32269,1.00,2.85
2016.09.27 16:26:29.488,1.32261,1.32269,1.00,3.60
2016.09.27 16:26:29.540,1.32261,1.32269,1.00,3.00
2016.09.27 16:26:29.591,1.3226,1.32269,1.37,4.12
2016.09.27 16:26:29.643,1.3226,1.32269,1.12,5.62
2016.09.27 16:26:29.694,1.3226,1.32269,1.50,4.50
2016.09.27 16:26:29.745,1.3226,1.32269,1.50,2.62
2016.09.27 16:26:29.796,1.32261,1.32269,1.37,1.87
2016.09.27 16:26:29.847,1.32263,1.32269,1.00,1.87
2016.09.27 16:26:29.899,1.32262,1.32269,1.25,1.37
2016.09.27 16:26:29.951,1.32263,1.3227,1.00,1.87
2016.09.27 16:26:30.053,1.32263,1.3227,1.37,1.00
2016.09.27 16:26:30.104,1.32263,1.3227,1.50,1.00
2016.09.27 16:26:30.206,1.32265,1.32271,1.37,1.00
2016.09.27 16:26:30.391,1.32267,1.32273,1.00,1.00
2016.09.27 16:26:30.442,1.32265,1.32273,2.62,1.50
2016.09.27 16:26:30.493,1.32265,1.32273,2.62,1.50
2016.09.27 16:26:30.595,1.32265,1.32273,2.62,2.25
2016.09.27 16:26:30.697,1.32265,1.32273,2.62,1.50
2016.09.27 16:26:30.748,1.32264,1.32273,1.99,1.50
2016.09.27 16:26:30.850,1.32264,1.32273,1.99,1.00
2016.09.27 16:26:30.901,1.32264,1.32273,1.99,1.60
2016.09.27 16:26:31.054,1.32264,1.32273,1.99,1.00
2016.09.27 16:26:31.105,1.32264,1.32273,1.99,2.25
2016.09.27 16:26:31.181,1.32264,1.32273,1.68,2.25
2016.09.27 16:26:31.232,1.32264,1.32273,1.68,1.00
2016.09.27 16:26:31.284,1.32265,1.32273,1.12,1.00
2016.09.27 16:26:31.335,1.32266,1.32273,1.00,1.00
2016.09.27 16:26:31.386,1.32266,1.32274,1.00,1.12
2016.09.27 16:26:31.438,1.32266,1.32274,1.37,1.12
2016.09.27 16:26:31.489,1.32266,1.32274,1.37,1.87
2016.09.27 16:26:31.693,1.32266,1.32274,1.37,1.12
2016.09.27 16:26:32.176,1.32267,1.32274,1.00,1.12
2016.09.27 16:26:32.228,1.32267,1.32274,1.00,1.00
2016.09.27 16:26:32.279,1.32265,1.32274,1.68,1.00
2016.09.27 16:26:32.331,1.32265,1.32274,1.68,1.12
2016.09.27 16:26:32.382,1.32265,1.32275,1.68,2.62
2016.09.27 16:26:32.585,1.32265,1.32275,1.68,1.37
2016.09.27 16:26:32.688,1.32265,1.32275,1.68,1.37
2016.09.27 16:26:32.789,1.32265,1.32275,1.68,1.37
2016.09.27 16:26:33.418,1.32265,1.32275,1.68,1.87
2016.09.27 16:26:33.469,1.32264,1.32274,3.56,1.87
2016.09.27 16:26:33.521,1.32263,1.32273,5.06,1.87
2016.09.27 16:26:33.572,1.32263,1.32273,4.31,1.87
2016.09.27 16:26:33.623,1.32263,1.32272,3.56,1.50
2016.09.27 16:26:33.675,1.32263,1.32273,3.56,2.25
2016.09.27 16:26:33.726,1.32263,1.32273,1.68,2.25
2016.09.27 16:26:33.777,1.32263,1.32274,1.68,8.25
2016.09.27 16:26:33.879,1.32264,1.32273,1.00,1.87
2016.09.27 16:26:34.174,1.32266,1.32274,1.00,4.50
2016.09.27 16:26:34.225,1.32266,1.32274,1.00,3.00
2016.09.27 16:26:34.276,1.32266,1.32274,1.00,4.50
2016.09.27 16:26:34.378,1.32266,1.32274,1.00,2.62
2016.09.27 16:26:34.480,1.32266,1.32274,1.12,3.37
2016.09.27 16:26:34.531,1.32266,1.32274,1.50,3.37
2016.09.27 16:26:34.683,1.32266,1.32274,1.50,2.62
2016.09.27 16:26:34.989,1.32267,1.32274,1.12,1.12
2016.09.27 16:26:35.040,1.32265,1.32274,2.66,1.12
2016.09.27 16:26:35.160,1.32267,1.32276,1.00,5.25
2016.09.27 16:26:35.211,1.32267,1.32276,1.68,3.22
2016.09.27 16:26:35.263,1.32267,1.32276,1.68,1.00
2016.09.27 16:26:35.420,1.32267,1.32276,2.06,1.00
2016.09.27 16:26:35.472,1.32267,1.32277,2.06,2.47
2016.09.27 16:26:35.523,1.32269,1.32277,1.00,2.10
2016.09.27 16:26:35.575,1.32269,1.32276,1.00,1.00
2016.09.27 16:26:35.677,1.32269,1.32277,1.00,1.50
2016.09.27 16:26:35.779,1.32269,1.32277,1.00,1.00
2016.09.27 16:26:36.095,1.32269,1.32277,1.00,1.00
2016.09.27 16:26:36.299,1.32269,1.32277,1.00,2.62
2016.09.27 16:26:36.401,1.32267,1.32277,1.50,1.50
2016.09.27 16:26:36.452,1.32267,1.32277,1.50,1.87
2016.09.27 16:26:36.503,1.32267,1.32277,1.50,3.00
2016.09.27 16:26:36.606,1.32267,1.32277,1.50,1.87
2016.09.27 16:26:36.657,1.32267,1.32277,1.50,2.62
2016.09.27 16:26:37.086,1.32267,1.32277,1.50,3.75
2016.09.27 16:26:37.290,1.32267,1.32277,1.50,2.62
2016.09.27 16:26:37.727,1.32267,1.32277,1.50,3.75
2016.09.27 16:26:37.829,1.32267,1.32277,1.50,2.62
2016.09.27 16:26:38.292,1.32267,1.32277,1.50,1.87
2016.09.27 16:26:38.445,1.32267,1.32277,1.50,2.12
2016.09.27 16:26:38.547,1.32267,1.32276,1.50,1.12
2016.09.27 16:26:38.598,1.32267,1.32276,1.50,2.12
2016.09.27 16:26:39.246,1.32268,1.32276,1.37,1.00
2016.09.27 16:26:39.755,1.32268,1.32275,1.37,1.00
2016.09.27 16:26:40.546,1.32268,1.32277,1.37,1.87
2016.09.27 16:26:40.699,1.32268,1.32277,1.37,1.87
2016.09.27 16:26:40.800,1.32269,1.32277,1.00,1.87
2016.09.27 16:26:40.851,1.32268,1.32277,1.75,1.50
2016.09.27 16:26:40.903,1.32267,1.32277,4.87,1.00
2016.09.27 16:26:40.954,1.32268,1.32277,1.75,1.00
2016.09.27 16:26:41.028,1.32268,1.32277,4.12,1.00
2016.09.27 16:26:41.154,1.32268,1.32277,3.37,1.00
2016.09.27 16:26:41.307,1.32272,1.32277,1.00,1.00
2016.09.27 16:26:41.358,1.32269,1.32278,1.75,1.12
2016.09.27 16:26:41.409,1.32269,1.32278,1.75,1.00
2016.09.27 16:26:41.460,1.3227,1.32279,1.00,3.00
2016.09.27 16:26:41.511,1.32269,1.32279,1.87,2.62
2016.09.27 16:26:41.563,1.3227,1.32279,2.62,2.25
2016.09.27 16:26:41.614,1.3227,1.32279,2.62,2.62
2016.09.27 16:26:41.665,1.3227,1.32279,1.00,3.00
2016.09.27 16:26:41.767,1.3227,1.32279,1.00,3.00
2016.09.27 16:26:41.818,1.3227,1.32279,1.00,3.00
2016.09.27 16:26:42.002,1.3227,1.32279,1.00,2.25
2016.09.27 16:26:42.732,1.3227,1.32279,1.00,1.50
2016.09.27 16:26:45.003,1.32269,1.32279,4.50,1.12
2016.09.27 16:26:45.054,1.3227,1.32279,2.62,1.00
2016.09.27 16:26:46.433,1.3227,1.32278,2.62,1.00
2016.09.27 16:26:47.938,1.32269,1.32278,1.50,1.00
2016.09.27 16:26:48.346,1.32269,1.32278,1.50,1.50
2016.09.27 16:26:48.448,1.32269,1.32278,3.37,1.50
2016.09.27 16:26:48.500,1.32272,1.32278,1.00,1.50
2016.09.27 16:26:48.551,1.32273,1.32278,1.00,1.12
2016.09.27 16:26:48.674,1.32275,1.3228,1.00,1.00
2016.09.27 16:26:48.725,1.32275,1.32281,1.00,1.37
2016.09.27 16:26:48.777,1.32273,1.32281,3.37,1.00
2016.09.27 16:26:48.828,1.32273,1.3228,3.00,1.00
2016.09.27 16:26:48.879,1.32272,1.3228,3.37,1.00
2016.09.27 16:26:48.979,1.32271,1.3228,1.12,1.00
2016.09.27 16:26:49.030,1.3227,1.32279,2.62,1.25
2016.09.27 16:26:49.082,1.32269,1.32279,4.12,1.69
2016.09.27 16:26:49.133,1.32272,1.32279,1.12,1.50
2016.09.27 16:26:49.185,1.32272,1.32277,1.00,1.00
2016.09.27 16:26:49.278,1.32272,1.32277,1.50,1.12
2016.09.27 16:26:49.380,1.32272,1.32277,1.50,1.00
2016.09.27 16:26:49.739,1.32274,1.32278,1.50,1.00
2016.09.27 16:26:49.943,1.32274,1.32278,1.00,1.00
2016.09.27 16:26:50.217,1.32274,1.32278,1.50,1.00
2016.09.27 16:26:51.248,1.32274,1.32278,1.00,1.00
2016.09.27 16:26:53.225,1.32274,1.32278,1.50,1.00
2016.09.27 16:26:53.328,1.32274,1.32278,1.00,1.00
2016.09.27 16:26:53.443,1.32274,1.32278,1.50,1.00
2016.09.27 16:26:53.647,1.32274,1.32278,1.00,1.00
2016.09.27 16:26:53.847,1.32274,1.32278,1.50,1.00
2016.09.27 16:26:54.052,1.32274,1.32278,1.00,1.00
2016.09.27 16:26:54.408,1.32274,1.32278,1.50,1.00
2016.09.27 16:26:55.220,1.32274,1.32278,1.00,1.00
2016.09.27 16:26:55.454,1.32272,1.32278,1.50,1.00
2016.09.27 16:26:55.505,1.32273,1.32278,1.00,1.00
2016.09.27 16:26:55.557,1.32273,1.32278,1.50,1.00
2016.09.27 16:26:55.735,1.32274,1.32278,1.00,1.00
2016.09.27 16:26:55.837,1.32273,1.32278,1.50,1.00
2016.09.27 16:26:56.245,1.32274,1.32278,1.00,1.00
2016.09.27 16:26:56.734,1.32273,1.32278,1.50,1.00
2016.09.27 16:26:57.096,1.32272,1.32279,2.25,1.00
2016.09.27 16:26:57.148,1.32276,1.32281,1.00,2.62
2016.09.27 16:26:57.200,1.32276,1.32282,1.00,4.12
2016.09.27 16:26:57.319,1.32277,1.32281,1.50,1.00
2016.09.27 16:26:57.371,1.32278,1.32283,1.50,1.00
2016.09.27 16:26:57.475,1.32278,1.32283,1.87,1.00
2016.09.27 16:26:57.577,1.32278,1.32283,1.50,1.00
2016.09.27 16:26:57.730,1.32278,1.32284,1.00,1.00
2016.09.27 16:26:57.847,1.3228,1.32285,1.00,1.12
2016.09.27 16:26:57.898,1.3228,1.32285,1.00,1.00
2016.09.27 16:26:58.185,1.32279,1.32285,1.50,1.00
2016.09.27 16:26:58.287,1.32279,1.32285,1.50,1.12
2016.09.27 16:26:58.389,1.32279,1.32287,1.50,5.62
2016.09.27 16:26:58.440,1.3228,1.32287,1.00,5.62
2016.09.27 16:26:58.746,1.32279,1.32287,1.50,4.87
2016.09.27 16:26:58.849,1.32279,1.32286,1.50,1.50
2016.09.27 16:26:58.951,1.3228,1.32285,1.00,1.87
2016.09.27 16:26:59.003,1.3228,1.32285,1.00,1.12
2016.09.27 16:26:59.054,1.32278,1.32285,1.00,1.12
2016.09.27 16:26:59.183,1.32278,1.32285,1.12,1.12
2016.09.27 16:26:59.948,1.32277,1.32285,1.87,1.12
2016.09.27 16:27:00.113,1.32277,1.32284,1.87,1.00
2016.09.27 16:27:00.164,1.32277,1.32284,1.37,1.19
2016.09.27 16:27:00.215,1.32277,1.32284,1.87,1.45
2016.09.27 16:27:00.311,1.32277,1.32284,1.50,2.95
2016.09.27 16:27:00.362,1.32277,1.32284,1.50,1.87
2016.09.27 16:27:00.413,1.32277,1.32284,1.87,1.50
2016.09.27 16:27:00.465,1.32277,1.32284,1.00,1.50
2016.09.27 16:27:00.516,1.32277,1.32284,1.50,1.69
2016.09.27 16:27:00.770,1.32277,1.32284,1.50,2.06
2016.09.27 16:27:00.822,1.32277,1.32284,1.00,1.87
2016.09.27 16:27:00.873,1.32277,1.32284,1.12,1.87
2016.09.27 16:27:00.974,1.32277,1.32284,1.37,1.50
2016.09.27 16:27:01.156,1.32277,1.32284,1.00,1.00
2016.09.27 16:27:01.209,1.32275,1.32284,2.25,1.00
2016.09.27 16:27:01.260,1.32276,1.32284,1.37,1.50
2016.09.27 16:27:01.313,1.32276,1.32284,1.12,1.50
2016.09.27 16:27:01.365,1.32276,1.32284,1.12,1.37
2016.09.27 16:27:01.416,1.32276,1.32284,1.00,3.37
2016.09.27 16:27:01.620,1.32275,1.32284,1.87,3.37
2016.09.27 16:27:01.722,1.32276,1.32284,1.00,3.37
2016.09.27 16:27:01.824,1.32275,1.32284,1.87,3.37
2016.09.27 16:27:01.927,1.32276,1.32284,1.00,3.37
2016.09.27 16:27:02.038,1.32276,1.32284,1.00,3.00
2016.09.27 16:27:02.089,1.32276,1.32285,1.37,2.62
2016.09.27 16:27:02.217,1.32276,1.32285,1.12,4.12
2016.09.27 16:27:02.269,1.32276,1.32284,1.50,1.00
2016.09.27 16:27:02.320,1.32276,1.32284,1.00,1.00
2016.09.27 16:27:02.625,1.32276,1.32283,1.50,1.00
2016.09.27 16:27:03.133,1.32276,1.32284,1.50,1.00
2016.09.27 16:27:04.057,1.32276,1.32284,2.25,1.00
2016.09.27 16:27:04.159,1.32276,1.32284,1.50,1.00
2016.09.27 16:27:04.261,1.32276,1.32284,2.25,1.00
2016.09.27 16:27:04.566,1.32276,1.32284,1.50,1.00
2016.09.27 16:27:04.728,1.32276,1.32284,1.00,1.00
2016.09.27 16:27:04.779,1.32275,1.32284,5.25,1.00
2016.09.27 16:27:04.830,1.32276,1.32284,1.75,1.00
2016.09.27 16:27:04.932,1.32275,1.32284,5.25,1.00
2016.09.27 16:27:05.136,1.32276,1.32284,1.75,1.00
2016.09.27 16:27:05.238,1.32275,1.32284,4.87,1.00
2016.09.27 16:27:05.361,1.32276,1.32284,1.75,1.00
2016.09.27 16:27:05.565,1.32275,1.32284,4.87,1.00
2016.09.27 16:27:05.616,1.32275,1.32284,5.25,1.00
2016.09.27 16:27:05.667,1.32276,1.32284,1.75,1.00
2016.09.27 16:27:06.047,1.32275,1.32284,5.25,1.00
2016.09.27 16:27:06.098,1.32275,1.32284,4.87,1.00
2016.09.27 16:27:06.302,1.32275,1.32284,5.25,1.00
2016.09.27 16:27:06.455,1.32276,1.32284,1.75,1.00
2016.09.27 16:27:06.659,1.32275,1.32284,4.87,1.00
2016.09.27 16:27:06.930,1.32276,1.32284,1.37,1.00
2016.09.27 16:27:06.981,1.32276,1.32285,1.00,3.00
2016.09.27 16:27:07.055,1.32276,1.32285,1.00,2.77
2016.09.27 16:27:07.106,1.32276,1.32284,1.12,1.00
2016.09.27 16:27:07.208,1.32276,1.32284,1.00,1.12
2016.09.27 16:27:07.259,1.32276,1.32284,1.12,1.12
2016.09.27 16:27:07.310,1.32276,1.32284,1.50,1.12
2016.09.27 16:27:07.361,1.32275,1.32284,3.00,1.12
2016.09.27 16:27:07.718,1.32275,1.32284,3.00,1.12
2016.09.27 16:27:07.820,1.32275,1.32284,1.75,1.12
2016.09.27 16:27:07.930,1.32274,1.32284,1.12,1.50
2016.09.27 16:27:07.981,1.32274,1.32283,1.87,1.12
2016.09.27 16:27:08.083,1.32274,1.32283,1.50,1.50
2016.09.27 16:27:08.134,1.32274,1.32283,1.50,1.50
2016.09.27 16:27:08.186,1.32274,1.32283,1.50,2.25
2016.09.27 16:27:08.238,1.32274,1.32283,2.25,2.25
2016.09.27 16:27:08.290,1.32276,1.32283,1.00,1.50
2016.09.27 16:27:08.341,1.32276,1.32283,1.00,1.37
2016.09.27 16:27:08.393,1.32276,1.32283,1.00,1.00
2016.09.27 16:27:08.444,1.32276,1.32283,1.00,1.50
2016.09.27 16:27:08.495,1.32276,1.32282,1.00,1.00
2016.09.27 16:27:08.597,1.32276,1.32282,1.00,2.62
2016.09.27 16:27:08.699,1.32276,1.32282,1.00,1.12
2016.09.27 16:27:10.139,1.32276,1.32282,1.00,1.12
2016.09.27 16:27:10.190,1.32276,1.32283,1.00,1.87
2016.09.27 16:27:10.242,1.32276,1.32283,1.50,1.87
2016.09.27 16:27:10.314,1.32276,1.32284,1.50,2.62
2016.09.27 16:27:10.366,1.32277,1.32284,1.00,1.12
2016.09.27 16:27:10.418,1.32278,1.32286,1.00,2.25
2016.09.27 16:27:10.469,1.32278,1.32286,1.00,2.25
2016.09.27 16:27:10.520,1.32278,1.32286,1.00,1.50
2016.09.27 16:27:10.572,1.32278,1.32287,1.50,1.87
2016.09.27 16:27:10.623,1.32278,1.32287,1.87,1.87
2016.09.27 16:27:10.674,1.32278,1.32287,1.87,1.12
2016.09.27 16:27:10.725,1.3228,1.32288,1.00,2.25
2016.09.27 16:27:10.842,1.32278,1.32287,2.62,1.00
2016.09.27 16:27:10.893,1.32279,1.32288,1.50,1.87
2016.09.27 16:27:10.944,1.32279,1.32288,1.37,1.87
2016.09.27 16:27:10.995,1.32279,1.32288,1.12,1.12
2016.09.27 16:27:11.046,1.32279,1.32288,1.12,1.50
2016.09.27 16:27:11.097,1.32279,1.32287,1.00,1.00
2016.09.27 16:27:11.606,1.3228,1.32287,1.00,1.00
2016.09.27 16:27:11.861,1.32281,1.32289,1.00,2.62
2016.09.27 16:27:11.987,1.32281,1.3229,1.12,1.68
2016.09.27 16:27:12.038,1.32281,1.3229,1.87,1.12
2016.09.27 16:27:12.090,1.32281,1.32289,1.50,2.62
2016.09.27 16:27:12.242,1.32281,1.32289,2.44,2.62
2016.09.27 16:27:12.344,1.32281,1.32289,1.50,2.62
2016.09.27 16:27:12.447,1.32281,1.32289,2.44,2.62
2016.09.27 16:27:12.498,1.32281,1.3229,3.19,1.50
2016.09.27 16:27:12.550,1.32281,1.3229,2.81,3.37
2016.09.27 16:27:12.601,1.32281,1.32289,2.44,2.62
2016.09.27 16:27:13.142,1.32281,1.32289,1.50,2.62
2016.09.27 16:27:13.345,1.32281,1.32289,2.44,2.62
2016.09.27 16:27:13.470,1.32281,1.32289,1.50,2.62
2016.09.27 16:27:13.927,1.32281,1.32289,2.25,2.62
2016.09.27 16:27:14.355,1.32281,1.32289,2.25,2.25
2016.09.27 16:27:14.406,1.32281,1.3229,2.62,4.12
2016.09.27 16:27:14.863,1.32281,1.3229,3.56,4.12
2016.09.27 16:27:14.965,1.32281,1.3229,2.62,4.12
2016.09.27 16:27:15.372,1.32281,1.3229,3.56,3.75
2016.09.27 16:27:15.477,1.32282,1.3229,1.00,1.87
2016.09.27 16:27:15.529,1.32282,1.3229,2.25,1.37
2016.09.27 16:27:15.580,1.32282,1.32291,1.87,3.00
2016.09.27 16:27:15.631,1.32282,1.32291,1.12,1.87
2016.09.27 16:27:15.682,1.32282,1.32291,1.12,2.25
2016.09.27 16:27:15.733,1.32282,1.32291,1.12,4.12
2016.09.27 16:27:15.785,1.32282,1.32291,1.12,3.75
2016.09.27 16:27:15.836,1.32281,1.32291,3.37,1.87
2016.09.27 16:27:15.887,1.32281,1.32291,3.00,2.25
2016.09.27 16:27:16.586,1.32281,1.3229,3.00,1.12
2016.09.27 16:27:17.165,1.32281,1.3229,3.94,1.12
2016.09.27 16:27:17.269,1.32281,1.3229,3.00,1.12
2016.09.27 16:27:17.643,1.32281,1.3229,3.94,1.12
2016.09.27 16:27:18.050,1.32283,1.3229,1.31,1.12
2016.09.27 16:27:18.101,1.32283,1.32292,2.44,1.50
2016.09.27 16:27:18.256,1.32283,1.32292,2.81,1.50
2016.09.27 16:27:18.315,1.32283,1.32293,4.69,1.50
2016.09.27 16:27:18.366,1.32283,1.32293,4.69,1.12
2016.09.27 16:27:18.417,1.32284,1.32293,1.69,1.12
2016.09.27 16:27:18.468,1.32284,1.32293,2.06,1.12
2016.09.27 16:27:18.571,1.32286,1.32293,1.12,1.12
2016.09.27 16:27:18.622,1.32286,1.32294,1.12,1.00
2016.09.27 16:27:18.724,1.32286,1.32294,1.37,1.00
2016.09.27 16:27:18.775,1.32285,1.32296,3.37,3.00
2016.09.27 16:27:18.826,1.32285,1.32295,1.75,2.25
2016.09.27 16:27:18.877,1.32285,1.32295,1.37,3.37
2016.09.27 16:27:19.099,1.32285,1.32294,1.37,1.87
2016.09.27 16:27:19.252,1.32285,1.32294,1.87,1.87
2016.09.27 16:27:19.557,1.32285,1.32294,2.62,1.87
2016.09.27 16:27:19.863,1.32285,1.32294,1.87,1.87
2016.09.27 16:27:19.964,1.32285,1.32294,1.37,1.87
2016.09.27 16:27:20.196,1.32285,1.32294,1.37,1.87
2016.09.27 16:27:20.340,1.32285,1.32294,1.37,1.87
2016.09.27 16:27:20.442,1.32285,1.32294,1.69,1.87
2016.09.27 16:27:20.748,1.32285,1.32294,1.50,1.87
2016.09.27 16:27:21.053,1.32285,1.32294,1.37,1.87
2016.09.27 16:27:22.513,1.32285,1.32294,1.37,1.87
2016.09.27 16:27:23.095,1.32285,1.32294,1.37,1.87
2016.09.27 16:27:23.299,1.32285,1.32294,1.37,1.87
2016.09.27 16:27:23.503,1.32285,1.32294,1.37,1.87
2016.09.27 16:27:24.191,1.32285,1.32294,1.37,2.62
2016.09.27 16:27:24.499,1.32285,1.32294,1.37,1.87
2016.09.27 16:27:24.550,1.32285,1.32294,1.50,1.37
2016.09.27 16:27:24.601,1.32285,1.32294,1.50,1.87
2016.09.27 16:27:24.676,1.32285,1.32294,1.50,1.87
2016.09.27 16:27:24.727,1.32285,1.32294,1.37,1.87
2016.09.27 16:27:24.829,1.32285,1.32294,1.37,1.37
2016.09.27 16:27:25.136,1.32285,1.32294,1.37,1.87
2016.09.27 16:27:25.467,1.32285,1.32294,1.37,1.87
2016.09.27 16:27:25.723,1.32285,1.32294,1.37,1.87
2016.09.27 16:27:25.774,1.32283,1.32294,5.62,1.87
2016.09.27 16:27:25.826,1.32284,1.32293,1.50,1.12
2016.09.27 16:27:25.877,1.32284,1.32293,2.25,1.12
2016.09.27 16:27:25.929,1.32284,1.32293,1.87,1.37
2016.09.27 16:27:25.980,1.32284,1.32293,1.00,1.50
2016.09.27 16:27:26.082,1.32284,1.32293,1.50,1.50
2016.09.27 16:27:26.133,1.32284,1.32292,1.50,1.12
2016.09.27 16:27:26.185,1.32284,1.32292,1.00,1.12
2016.09.27 16:27:26.490,1.32284,1.32292,1.50,1.12
2016.09.27 16:27:26.766,1.32284,1.32292,1.00,1.12
2016.09.27 16:27:26.817,1.32283,1.32292,2.62,1.12
2016.09.27 16:27:26.868,1.32283,1.32292,1.87,2.62
2016.09.27 16:27:26.919,1.32283,1.32292,1.12,1.12
2016.09.27 16:27:26.982,1.32283,1.32292,1.12,1.12
2016.09.27 16:27:27.034,1.32283,1.32291,1.00,2.25
2016.09.27 16:27:27.085,1.32283,1.32291,1.50,2.62
2016.09.27 16:27:27.136,1.32283,1.32292,1.50,3.37
2016.09.27 16:27:27.187,1.32283,1.32291,1.50,1.00
2016.09.27 16:27:27.593,1.32283,1.32291,1.00,1.00
2016.09.27 16:27:27.644,1.32283,1.32291,1.00,1.50
2016.09.27 16:27:27.758,1.32283,1.32291,1.00,2.25
2016.09.27 16:27:27.844,1.32282,1.3229,1.00,4.50
2016.09.27 16:27:27.895,1.3228,1.3229,1.75,4.87
2016.09.27 16:27:27.946,1.3228,1.32289,1.50,1.87
2016.09.27 16:27:27.997,1.3228,1.32289,1.87,1.87
2016.09.27 16:27:28.048,1.3228,1.32289,1.50,1.87
2016.09.27 16:27:28.099,1.3228,1.32289,1.00,3.00
2016.09.27 16:27:28.150,1.3228,1.32289,1.37,3.00
2016.09.27 16:27:28.202,1.3228,1.32289,1.37,2.62
2016.09.27 16:27:29.063,1.3228,1.32289,1.12,4.50
2016.09.27 16:27:29.114,1.3228,1.32289,1.12,4.87
2016.09.27 16:27:29.215,1.3228,1.32289,1.12,4.87
2016.09.27 16:27:29.495,1.3228,1.32289,1.12,4.87
2016.09.27 16:27:29.597,1.3228,1.32289,1.12,4.87
2016.09.27 16:27:29.860,1.3228,1.32287,1.12,1.12
2016.09.27 16:27:30.114,1.32279,1.32287,1.37,1.12
2016.09.27 16:27:30.268,1.32279,1.32287,1.87,1.12
2016.09.27 16:27:30.472,1.32279,1.32287,1.37,1.12
2016.09.27 16:27:30.648,1.32279,1.32287,1.37,1.12
2016.09.27 16:27:30.700,1.32279,1.32287,1.37,1.87
2016.09.27 16:27:30.814,1.32275,1.32285,5.62,2.47
2016.09.27 16:27:30.866,1.32275,1.32284,4.12,1.00
2016.09.27 16:27:30.917,1.32275,1.32284,4.12,1.35
2016.09.27 16:27:30.968,1.32275,1.32284,2.25,1.72
2016.09.27 16:27:31.019,1.32275,1.32284,2.25,1.50
2016.09.27 16:27:31.300,1.32275,1.32284,3.00,1.50
2016.09.27 16:27:31.605,1.32275,1.32284,2.25,1.50
2016.09.27 16:27:31.743,1.32275,1.32284,3.00,2.25
2016.09.27 16:27:31.795,1.32275,1.32284,2.25,2.25
2016.09.27 16:27:31.846,1.32275,1.32283,2.25,1.00
2016.09.27 16:27:31.898,1.32275,1.32283,3.00,1.00
2016.09.27 16:27:31.994,1.32275,1.32284,3.00,3.00
2016.09.27 16:27:32.100,1.32275,1.32284,2.25,3.00
2016.09.27 16:27:32.151,1.32275,1.32284,2.25,5.10
2016.09.27 16:27:32.361,1.32275,1.32284,3.00,3.00
2016.09.27 16:27:32.413,1.32275,1.32284,3.00,3.60
2016.09.27 16:27:32.465,1.32275,1.32284,2.25,3.60
2016.09.27 16:27:32.590,1.32275,1.32284,2.25,3.00
2016.09.27 16:27:32.858,1.32275,1.32284,3.00,3.00
2016.09.27 16:27:32.910,1.32275,1.32284,3.00,3.60
2016.09.27 16:27:32.961,1.32275,1.32284,3.00,3.00
2016.09.27 16:27:33.063,1.32275,1.32284,2.25,3.00
2016.09.27 16:27:33.521,1.32275,1.32284,2.25,3.60
2016.09.27 16:27:33.636,1.32275,1.32284,3.00,4.35
2016.09.27 16:27:33.789,1.32275,1.32284,2.25,3.60
2016.09.27 16:27:34.166,1.32275,1.32284,3.00,4.35
2016.09.27 16:27:34.268,1.32275,1.32284,3.00,3.60
2016.09.27 16:27:34.530,1.32275,1.32284,3.00,3.00
2016.09.27 16:27:34.581,1.32275,1.32284,2.25,3.00
2016.09.27 16:27:34.733,1.32275,1.32284,2.25,3.60
2016.09.27 16:27:34.784,1.32275,1.32284,1.50,3.60
2016.09.27 16:27:34.911,1.32275,1.32284,1.50,2.85
2016.09.27 16:27:34.962,1.32275,1.32284,1.50,2.25
2016.09.27 16:27:35.013,1.32275,1.32284,2.06,2.25
2016.09.27 16:27:35.166,1.32276,1.32284,1.31,2.25
2016.09.27 16:27:35.217,1.32276,1.32284,1.31,2.85
2016.09.27 16:27:35.309,1.32276,1.32284,1.12,2.25
2016.09.27 16:27:35.465,1.32275,1.32284,3.37,2.25
2016.09.27 16:27:35.864,1.32276,1.32284,1.12,2.25
2016.09.27 16:27:36.173,1.32275,1.32284,3.37,2.25
2016.09.27 16:27:36.912,1.32276,1.32284,1.12,2.25
2016.09.27 16:27:37.095,1.32275,1.32284,3.37,2.25
2016.09.27 16:27:37.378,1.32276,1.32284,1.12,2.25
2016.09.27 16:27:38.198,1.32275,1.32284,3.37,2.25
2016.09.27 16:27:38.671,1.32276,1.32284,1.12,2.25
2016.09.27 16:27:38.903,1.32276,1.32284,1.31,2.25
2016.09.27 16:27:38.954,1.32276,1.32284,1.31,1.50
2016.09.27 16:27:39.569,1.32275,1.32284,3.56,1.50
2016.09.27 16:27:39.671,1.32276,1.32283,1.31,1.00
2016.09.27 16:27:39.883,1.32275,1.32283,3.56,1.00
2016.09.27 16:27:40.377,1.32275,1.32284,3.56,1.50
2016.09.27 16:27:40.480,1.32276,1.32284,1.56,1.50
2016.09.27 16:27:40.737,1.32276,1.32284,1.56,1.00
2016.09.27 16:27:40.788,1.32277,1.32284,2.06,1.00
2016.09.27 16:27:40.890,1.32277,1.32287,4.31,3.37
2016.09.27 16:27:40.941,1.32277,1.32287,4.31,2.62
2016.09.27 16:27:40.992,1.32278,1.32288,1.12,1.87
2016.09.27 16:27:41.043,1.32278,1.32288,1.12,1.87
2016.09.27 16:27:41.196,1.3228,1.32288,1.00,1.87
2016.09.27 16:27:41.423,1.32278,1.32288,1.12,1.87
2016.09.27 16:27:41.474,1.3228,1.32288,1.00,1.87
2016.09.27 16:27:41.677,1.3228,1.32286,1.00,1.00
2016.09.27 16:27:41.888,1.32278,1.32286,1.12,1.00
2016.09.27 16:27:42.191,1.32278,1.32286,1.37,1.00
2016.09.27 16:27:42.242,1.32277,1.32286,4.12,1.00
2016.09.27 16:27:42.293,1.32278,1.32286,1.50,1.00
2016.09.27 16:27:42.394,1.32277,1.32286,4.31,1.00
2016.09.27 16:27:42.544,1.32277,1.32287,5.06,1.12
2016.09.27 16:27:42.595,1.32277,1.32287,4.87,1.12
2016.09.27 16:27:42.799,1.32278,1.32287,1.12,1.12
2016.09.27 16:27:42.900,1.32278,1.32287,1.31,1.12
2016.09.27 16:27:43.002,1.32278,1.32287,2.25,1.12
2016.09.27 16:27:43.053,1.32279,1.32288,1.75,2.25
2016.09.27 16:27:43.104,1.32279,1.32288,2.06,2.25
2016.09.27 16:27:43.156,1.32279,1.32288,2.06,1.50
2016.09.27 16:27:43.207,1.32279,1.32289,2.06,4.12
2016.09.27 16:27:43.309,1.3228,1.32289,1.62,4.87
2016.09.27 16:27:43.411,1.32279,1.32289,1.87,4.12
2016.09.27 16:27:43.679,1.3228,1.32289,1.56,4.12
2016.09.27 16:27:43.730,1.3228,1.32289,1.56,4.12
2016.09.27 16:27:44.248,1.3228,1.32289,1.31,4.12
2016.09.27 16:27:44.678,1.32279,1.32289,1.87,4.12
2016.09.27 16:27:44.782,1.32279,1.32288,1.75,1.50
2016.09.27 16:27:45.097,1.32279,1.32288,2.44,1.50
2016.09.27 16:27:45.426,1.32279,1.32288,1.75,1.50
2016.09.27 16:27:45.751,1.32279,1.32288,2.25,1.50
2016.09.27 16:27:45.802,1.32279,1.32288,3.94,1.50
2016.09.27 16:27:45.904,1.32279,1.32288,3.56,1.50
2016.09.27 16:27:46.479,1.32279,1.32288,2.62,1.50
2016.09.27 16:27:47.561,1.32279,1.32288,1.87,1.50
2016.09.27 16:27:47.866,1.32279,1.32288,1.87,1.50
2016.09.27 16:27:47.917,1.32279,1.32288,2.06,1.50
2016.09.27 16:27:47.968,1.3228,1.32288,1.00,1.50
2016.09.27 16:27:48.019,1.3228,1.32288,1.00,1.87
2016.09.27 16:27:48.136,1.3228,1.32288,1.12,1.50
2016.09.27 16:27:48.188,1.32279,1.32288,1.50,2.25
2016.09.27 16:27:48.239,1.32279,1.32288,1.50,2.62
2016.09.27 16:27:48.290,1.32279,1.32287,1.00,1.12
2016.09.27 16:27:48.341,1.32279,1.32287,1.00,1.12
2016.09.27 16:27:48.393,1.32279,1.32287,1.00,2.25
2016.09.27 16:27:48.444,1.32279,1.32287,1.00,2.25
2016.09.27 16:27:48.706,1.32279,1.32287,1.00,1.50
2016.09.27 16:27:49.361,1.32279,1.32287,1.00,1.50
2016.09.27 16:27:49.463,1.32279,1.32287,1.00,1.50
2016.09.27 16:27:49.936,1.32279,1.32287,1.50,1.50
2016.09.27 16:27:49.987,1.32279,1.32284,1.00,1.00
2016.09.27 16:27:50.089,1.32278,1.32285,1.37,2.25
2016.09.27 16:27:50.140,1.32278,1.32285,1.12,2.25
2016.09.27 16:27:50.191,1.32278,1.32283,1.12,1.50
2016.09.27 16:27:50.293,1.32278,1.32283,1.12,1.00
2016.09.27 16:27:50.395,1.32278,1.32285,1.25,1.50
2016.09.27 16:27:50.446,1.32277,1.32285,2.44,1.50
2016.09.27 16:27:50.498,1.32277,1.32285,2.44,1.00
2016.09.27 16:27:50.600,1.32277,1.32285,2.62,1.00
2016.09.27 16:27:50.688,1.32277,1.32285,2.62,1.37
2016.09.27 16:27:50.742,1.32275,1.32284,1.50,1.12
2016.09.27 16:27:50.794,1.32274,1.32283,2.43,3.00
2016.09.27 16:27:50.847,1.32274,1.32281,1.68,1.00
2016.09.27 16:27:50.898,1.32274,1.32283,1.87,4.12
2016.09.27 16:27:50.950,1.32274,1.32282,1.87,1.00
2016.09.27 16:27:51.002,1.32274,1.32282,2.25,1.00
2016.09.27 16:27:51.155,1.32274,1.32282,1.50,1.00
2016.09.27 16:27:51.206,1.32274,1.32283,1.12,1.87
2016.09.27 16:27:51.257,1.32274,1.32282,1.12,1.00
2016.09.27 16:27:51.308,1.32273,1.32282,1.56,1.00
2016.09.27 16:27:51.359,1.32273,1.32282,1.56,1.00
2016.09.27 16:27:51.410,1.32273,1.32282,1.69,1.50
2016.09.27 16:27:51.525,1.32275,1.32282,1.00,2.25
2016.09.27 16:27:51.577,1.32275,1.32281,1.00,1.00
2016.09.27 16:27:51.629,1.32272,1.32281,1.87,1.00
2016.09.27 16:27:51.731,1.32272,1.32281,1.75,1.00
2016.09.27 16:27:51.833,1.32272,1.32281,1.87,1.00
2016.09.27 16:27:51.935,1.32272,1.32281,2.06,1.00
2016.09.27 16:27:51.993,1.32272,1.32281,1.99,1.00
2016.09.27 16:27:52.096,1.32274,1.32281,1.19,1.00
2016.09.27 16:27:52.302,1.32274,1.32281,1.00,1.00
2016.09.27 16:27:52.689,1.32274,1.32281,1.50,1.00
2016.09.27 16:27:52.741,1.32274,1.3228,1.50,1.00
2016.09.27 16:27:52.792,1.32274,1.32281,1.50,1.50
2016.09.27 16:27:52.895,1.32274,1.32281,1.00,1.50
2016.09.27 16:27:53.049,1.32274,1.32281,1.00,1.50
2016.09.27 16:27:53.371,1.32274,1.32281,1.00,1.50
2016.09.27 16:27:54.296,1.32274,1.32281,1.31,1.50
2016.09.27 16:27:54.348,1.32274,1.32281,1.31,1.00
2016.09.27 16:27:54.399,1.32274,1.32283,1.69,1.50
2016.09.27 16:27:54.451,1.32274,1.32283,3.19,1.50
2016.09.27 16:27:54.502,1.32276,1.32284,2.25,1.37
2016.09.27 16:27:54.553,1.32276,1.32284,2.62,1.00
2016.09.27 16:27:54.604,1.32278,1.32284,1.00,1.00
2016.09.27 16:27:54.655,1.32275,1.32284,2.81,1.00
2016.09.27 16:27:54.757,1.32275,1.32284,2.81,1.00
2016.09.27 16:27:54.808,1.32275,1.32284,3.19,1.00
2016.09.27 16:27:54.910,1.32275,1.32284,2.81,1.00
2016.09.27 16:27:55.012,1.32275,1.32284,3.19,1.00
2016.09.27 16:27:55.215,1.32276,1.32284,1.12,1.00
2016.09.27 16:27:56.447,1.32276,1.32285,1.12,1.87
2016.09.27 16:27:56.498,1.32276,1.32285,3.75,1.00
2016.09.27 16:27:56.549,1.32278,1.32286,1.50,1.50
2016.09.27 16:27:56.600,1.3228,1.32288,1.37,3.09
2016.09.27 16:27:56.703,1.3228,1.32287,1.37,1.00
2016.09.27 16:27:56.755,1.3228,1.32287,1.50,1.00
2016.09.27 16:27:56.966,1.3228,1.32288,1.50,1.97
2016.09.27 16:27:57.334,1.3228,1.32288,1.50,1.50
2016.09.27 16:27:57.436,1.3228,1.32288,1.50,1.00
2016.09.27 16:27:57.640,1.32281,1.32288,1.12,1.00
2016.09.27 16:27:57.774,1.32285,1.3229,1.00,2.34
2016.09.27 16:27:57.826,1.32288,1.32292,1.12,1.50
2016.09.27 16:27:57.878,1.32289,1.32293,1.50,1.00
2016.09.27 16:27:57.929,1.3229,1.32299,1.12,4.22
2016.09.27 16:27:57.981,1.3229,1.32299,1.87,3.09
2016.09.27 16:27:58.032,1.32291,1.32295,1.00,1.00
2016.09.27 16:27:58.083,1.32292,1.32296,1.00,1.00
2016.09.27 16:27:58.135,1.32291,1.32295,1.50,1.00
2016.09.27 16:27:58.186,1.32292,1.32299,1.12,4.97
2016.09.27 16:27:58.237,1.32292,1.32298,1.75,1.22
2016.09.27 16:27:58.339,1.32292,1.32298,1.12,2.72
2016.09.27 16:27:58.458,1.32293,1.32299,1.12,1.22
2016.09.27 16:27:58.510,1.32291,1.32298,1.75,1.22
2016.09.27 16:27:58.561,1.3229,1.32299,3.56,1.47
2016.09.27 16:27:58.765,1.3229,1.323,3.37,1.97
2016.09.27 16:27:58.816,1.32291,1.323,1.75,1.97
2016.09.27 16:27:59.036,1.32291,1.32299,1.75,1.47
2016.09.27 16:27:59.125,1.32291,1.323,1.75,1.97
2016.09.27 16:27:59.237,1.32291,1.32299,1.75,1.47
2016.09.27 16:27:59.339,1.32291,1.323,1.75,1.97
2016.09.27 16:27:59.645,1.32291,1.32301,1.50,2.34
2016.09.27 16:27:59.798,1.3229,1.32301,1.75,2.34
2016.09.27 16:28:00.002,1.32291,1.32301,1.50,3.09
2016.09.27 16:28:00.053,1.32291,1.323,1.50,1.47
2016.09.27 16:28:00.467,1.32291,1.32301,1.50,4.22
2016.09.27 16:28:00.519,1.32291,1.32298,1.50,1.00
2016.09.27 16:28:00.569,1.32291,1.32298,1.50,1.47
2016.09.27 16:28:00.976,1.3229,1.32298,1.75,1.47
2016.09.27 16:28:01.027,1.32291,1.32299,1.00,2.72
2016.09.27 16:28:01.244,1.3229,1.32299,1.00,3.47
2016.09.27 16:28:01.347,1.3229,1.32298,1.00,1.47
2016.09.27 16:28:01.449,1.3229,1.32299,1.00,3.47
2016.09.27 16:28:01.551,1.3229,1.32298,1.00,1.47
2016.09.27 16:28:01.654,1.3229,1.32299,1.00,4.22
2016.09.27 16:28:01.959,1.3229,1.32298,1.00,1.22
2016.09.27 16:28:02.044,1.3229,1.32299,1.00,3.47
2016.09.27 16:28:02.148,1.3229,1.32298,1.00,1.97
2016.09.27 16:28:02.199,1.3229,1.32298,1.00,2.72
2016.09.27 16:28:02.250,1.32289,1.32298,3.37,2.72
2016.09.27 16:28:02.352,1.32289,1.32298,1.50,3.47
2016.09.27 16:28:02.403,1.32289,1.32297,1.50,1.00
2016.09.27 16:28:02.455,1.32289,1.32295,1.00,1.00
2016.09.27 16:28:02.558,1.32286,1.32293,2.62,1.00
2016.09.27 16:28:02.661,1.32285,1.32292,1.50,1.00
2016.09.27 16:28:02.764,1.32285,1.32292,1.50,1.50
2016.09.27 16:28:02.816,1.32285,1.32292,1.00,1.50
2016.09.27 16:28:02.890,1.32284,1.32292,2.25,1.50
2016.09.27 16:28:03.251,1.32284,1.32291,1.50,1.87
2016.09.27 16:28:03.302,1.32284,1.32291,1.00,3.37
2016.09.27 16:28:03.353,1.3228,1.32289,1.87,1.00
2016.09.27 16:28:03.404,1.3228,1.32287,1.12,1.00
2016.09.27 16:28:03.455,1.32281,1.32287,1.00,1.00
2016.09.27 16:28:03.558,1.32279,1.32287,2.06,1.00
2016.09.27 16:28:03.660,1.32279,1.32287,1.12,1.00
2016.09.27 16:28:04.086,1.32279,1.32288,1.12,1.87
2016.09.27 16:28:04.146,1.32278,1.32288,2.81,1.87
2016.09.27 16:28:04.198,1.32278,1.32287,2.81,1.00
2016.09.27 16:28:04.250,1.32279,1.32287,1.00,1.00
2016.09.27 16:28:04.353,1.3228,1.32287,1.00,1.00
2016.09.27 16:28:04.904,1.3228,1.32286,1.00,1.00
2016.09.27 16:28:05.168,1.32279,1.32286,1.37,1.00
2016.09.27 16:28:05.321,1.32279,1.32286,1.37,1.00
2016.09.27 16:28:05.372,1.3228,1.32288,1.12,1.50
2016.09.27 16:28:05.423,1.3228,1.32288,1.00,1.50
2016.09.27 16:28:05.474,1.32279,1.32288,1.00,1.87
2016.09.27 16:28:05.627,1.32278,1.32288,2.81,1.87
2016.09.27 16:28:05.729,1.32279,1.32288,1.00,1.87
2016.09.27 16:28:05.831,1.32278,1.32288,2.81,1.87
2016.09.27 16:28:05.973,1.32279,1.32288,1.00,1.87
2016.09.27 16:28:07.075,1.32278,1.32288,2.81,1.87
2016.09.27 16:28:07.203,1.32278,1.32288,2.81,1.87
2016.09.27 16:28:07.459,1.32278,1.32288,2.44,1.87
2016.09.27 16:28:07.561,1.32278,1.32288,2.81,1.87
2016.09.27 16:28:07.644,1.32278,1.32288,5.44,1.87
2016.09.27 16:28:08.027,1.32278,1.32288,5.06,1.87
2016.09.27 16:28:08.079,1.32279,1.32288,1.37,1.12
2016.09.27 16:28:08.130,1.3228,1.3229,1.94,3.84
2016.09.27 16:28:08.182,1.3228,1.3229,1.94,3.37
2016.09.27 16:28:08.234,1.32282,1.3229,1.12,2.62
2016.09.27 16:28:08.285,1.32282,1.32291,1.50,2.62
2016.09.27 16:28:08.336,1.32284,1.3229,1.00,1.00
2016.09.27 16:28:08.438,1.32284,1.32291,1.00,2.62
2016.09.27 16:28:08.751,1.32284,1.3229,1.00,1.00
2016.09.27 16:28:09.860,1.32284,1.32291,1.00,1.50
2016.09.27 16:28:10.217,1.32284,1.32291,1.00,1.00
2016.09.27 16:28:11.138,1.32284,1.32292,1.00,1.59
2016.09.27 16:28:11.342,1.32286,1.32292,1.00,1.59
2016.09.27 16:28:11.444,1.32286,1.32293,1.12,1.87
2016.09.27 16:28:11.495,1.32286,1.32293,1.12,1.00
2016.09.27 16:28:11.676,1.32286,1.32295,1.50,3.37
2016.09.27 16:28:11.732,1.32288,1.32295,1.00,3.37
2016.09.27 16:28:11.784,1.32288,1.32295,1.75,1.00
2016.09.27 16:28:11.836,1.32288,1.32297,1.75,1.22
2016.09.27 16:28:11.887,1.32288,1.32297,2.25,1.97
2016.09.27 16:28:12.085,1.32288,1.32297,2.25,1.59
2016.09.27 16:28:12.137,1.32288,1.32297,2.25,2.34
2016.09.27 16:28:12.443,1.32288,1.32297,2.25,1.31
2016.09.27 16:28:12.494,1.32288,1.32297,2.25,1.31
2016.09.27 16:28:12.648,1.32288,1.32297,2.25,2.81
2016.09.27 16:28:12.750,1.32288,1.32297,2.25,2.06
2016.09.27 16:28:12.851,1.32288,1.32297,2.25,2.81
2016.09.27 16:28:13.345,1.32288,1.32297,2.25,2.06
2016.09.27 16:28:14.142,1.32288,1.32297,2.25,1.87
2016.09.27 16:28:15.355,1.32288,1.32297,2.25,2.06
2016.09.27 16:28:15.563,1.32288,1.32297,2.25,2.81
2016.09.27 16:28:15.665,1.32288,1.32297,2.25,2.06
2016.09.27 16:28:16.447,1.32288,1.32297,2.25,2.81
2016.09.27 16:28:16.667,1.32288,1.32298,1.50,1.37
2016.09.27 16:28:16.718,1.32288,1.32298,1.50,1.37
2016.09.27 16:28:17.431,1.32288,1.32298,1.50,1.87
2016.09.27 16:28:17.968,1.32288,1.32298,1.68,1.87
2016.09.27 16:28:18.172,1.32288,1.32298,1.50,1.87
2016.09.27 16:28:18.274,1.32289,1.32298,1.94,1.87
2016.09.27 16:28:18.325,1.32289,1.32298,1.94,1.87
2016.09.27 16:28:18.478,1.3229,1.32298,1.00,1.87
2016.09.27 16:28:18.530,1.3229,1.32298,1.00,1.87
2016.09.27 16:28:18.581,1.32288,1.32298,1.87,1.87
2016.09.27 16:28:18.683,1.3229,1.32298,1.69,1.87
2016.09.27 16:28:18.776,1.3229,1.32298,2.44,1.87
2016.09.27 16:28:18.827,1.3229,1.32299,2.44,2.62
2016.09.27 16:28:18.878,1.32293,1.323,1.56,5.06
2016.09.27 16:28:18.929,1.32293,1.323,1.56,4.31
2016.09.27 16:28:18.981,1.32292,1.32301,2.25,1.12
2016.09.27 16:28:19.032,1.32292,1.32302,1.12,2.43
2016.09.27 16:28:19.134,1.32292,1.32301,1.12,1.12
2016.09.27 16:28:19.185,1.32292,1.32301,1.12,2.62
2016.09.27 16:28:19.287,1.32292,1.32301,1.12,1.87
2016.09.27 16:28:19.338,1.32292,1.323,1.12,1.50
2016.09.27 16:28:19.389,1.32292,1.323,1.00,2.25
2016.09.27 16:28:19.492,1.32292,1.323,1.00,1.00
2016.09.27 16:28:20.200,1.32292,1.32299,1.00,1.00
2016.09.27 16:28:20.481,1.32292,1.32299,1.37,1.00
2016.09.27 16:28:20.533,1.32292,1.323,1.37,1.00
2016.09.27 16:28:20.584,1.32293,1.323,1.56,1.50
2016.09.27 16:28:20.686,1.32292,1.323,1.37,1.50
2016.09.27 16:28:20.788,1.32292,1.323,1.37,1.00
2016.09.27 16:28:20.992,1.32292,1.323,1.37,1.50
2016.09.27 16:28:21.551,1.32292,1.323,1.37,1.00
2016.09.27 16:28:21.711,1.32292,1.323,1.37,1.50
2016.09.27 16:28:22.648,1.32292,1.323,1.37,1.00
2016.09.27 16:28:25.231,1.32293,1.323,1.56,1.00
2016.09.27 16:28:25.312,1.32293,1.323,1.69,1.00
2016.09.27 16:28:25.363,1.32293,1.32301,2.06,1.37
2016.09.27 16:28:25.414,1.32295,1.32301,1.19,1.00
2016.09.27 16:28:25.465,1.32295,1.32301,1.00,1.00
2016.09.27 16:28:25.516,1.32293,1.32302,1.31,2.62
2016.09.27 16:28:25.618,1.32295,1.32301,1.19,1.00
2016.09.27 16:28:25.720,1.32293,1.32302,1.12,2.62
2016.09.27 16:28:25.822,1.32295,1.32301,1.00,1.00
2016.09.27 16:28:25.924,1.32295,1.32302,1.12,1.87
2016.09.27 16:28:25.975,1.32296,1.32302,1.00,1.12
2016.09.27 16:28:26.026,1.32296,1.32302,1.50,1.87
2016.09.27 16:28:26.330,1.32296,1.32302,1.00,1.12
2016.09.27 16:28:26.534,1.32296,1.32302,1.50,1.12
2016.09.27 16:28:26.636,1.32296,1.32302,1.00,1.12
2016.09.27 16:28:26.890,1.32297,1.32302,1.50,1.00
2016.09.27 16:28:27.036,1.32298,1.32302,1.00,1.00
2016.09.27 16:28:27.138,1.32297,1.32302,1.50,1.00
2016.09.27 16:28:27.291,1.32297,1.32305,2.25,3.00
2016.09.27 16:28:27.364,1.32297,1.32305,2.25,1.50
2016.09.27 16:28:27.415,1.32297,1.32306,2.62,1.50
2016.09.27 16:28:27.467,1.323,1.32308,1.00,4.87
2016.09.27 16:28:27.518,1.323,1.32308,1.00,3.37
2016.09.27 16:28:27.569,1.323,1.32308,1.87,3.75
2016.09.27 16:28:27.620,1.32301,1.32308,1.00,1.50
2016.09.27 16:28:27.672,1.323,1.32308,1.87,1.50
2016.09.27 16:28:27.723,1.323,1.32308,1.37,1.12
2016.09.27 16:28:28.029,1.323,1.32308,1.87,1.12
2016.09.27 16:28:28.318,1.323,1.32308,1.87,1.00
2016.09.27 16:28:28.370,1.323,1.32308,2.25,1.00
2016.09.27 16:28:28.625,1.32301,1.32308,1.37,1.00
2016.09.27 16:28:28.997,1.323,1.32308,2.25,1.00
2016.09.27 16:28:29.048,1.32301,1.32308,1.37,1.00
2016.09.27 16:28:29.257,1.32301,1.32308,1.87,1.50
2016.09.27 16:28:29.360,1.32301,1.32308,1.37,1.50
2016.09.27 16:28:29.462,1.323,1.32308,2.25,1.50
2016.09.27 16:28:29.513,1.323,1.32308,2.25,1.87
2016.09.27 16:28:29.564,1.32301,1.32308,1.37,1.87
2016.09.27 16:28:29.768,1.323,1.32308,2.25,1.87
2016.09.27 16:28:29.922,1.32301,1.32308,1.37,1.87
2016.09.27 16:28:30.025,1.323,1.32308,2.25,1.87
2016.09.27 16:28:30.128,1.323,1.32308,2.25,2.25
2016.09.27 16:28:30.231,1.323,1.32308,1.50,2.25
2016.09.27 16:28:30.418,1.323,1.32308,1.50,2.12
2016.09.27 16:28:30.470,1.323,1.32308,1.37,2.12
2016.09.27 16:28:30.521,1.323,1.32308,1.12,2.24
2016.09.27 16:28:30.674,1.323,1.32308,1.87,2.50
2016.09.27 16:28:30.725,1.323,1.32308,1.12,2.50
2016.09.27 16:28:30.776,1.323,1.32308,1.12,2.50
2016.09.27 16:28:30.827,1.323,1.32308,1.12,2.24
2016.09.27 16:28:30.878,1.323,1.32308,1.12,2.62
2016.09.27 16:28:30.930,1.323,1.32308,1.00,2.99
2016.09.27 16:28:31.202,1.323,1.32308,1.00,2.62
2016.09.27 16:28:31.305,1.323,1.32308,1.00,2.99
2016.09.27 16:28:31.407,1.323,1.32308,1.00,2.62
2016.09.27 16:28:31.509,1.323,1.32308,1.00,2.99
2016.09.27 16:28:31.611,1.323,1.32308,1.00,2.62
2016.09.27 16:28:31.662,1.323,1.32308,1.50,1.87
2016.09.27 16:28:31.713,1.323,1.32308,1.50,2.99
2016.09.27 16:28:31.815,1.323,1.32308,1.50,1.87
2016.09.27 16:28:32.353,1.323,1.32307,1.50,1.87
2016.09.27 16:28:32.562,1.32299,1.32307,1.00,1.87
2016.09.27 16:28:32.664,1.32299,1.32306,1.00,1.00
2016.09.27 16:28:32.765,1.32299,1.32306,1.50,1.00
2016.09.27 16:28:32.867,1.32299,1.32306,1.00,1.00
2016.09.27 16:28:33.146,1.32299,1.32306,1.00,1.37
2016.09.27 16:28:33.660,1.32299,1.32306,1.50,1.37
2016.09.27 16:28:34.341,1.32299,1.32306,1.69,1.37
2016.09.27 16:28:34.443,1.32299,1.32306,2.06,1.12
2016.09.27 16:28:34.546,1.32299,1.32306,1.12,1.12
2016.09.27 16:28:34.648,1.32299,1.32305,1.87,1.00
2016.09.27 16:28:35.293,1.32299,1.32305,1.12,1.00
2016.09.27 16:28:35.565,1.32298,1.32305,2.25,1.00
2016.09.27 16:28:35.667,1.32296,1.32304,4.12,1.00
2016.09.27 16:28:35.769,1.32297,1.32303,1.50,1.00
2016.09.27 16:28:35.821,1.32297,1.32303,1.37,1.00
2016.09.27 16:28:35.871,1.32296,1.32303,1.50,1.12
2016.09.27 16:28:36.046,1.32296,1.32302,1.00,1.00
2016.09.27 16:28:36.098,1.32295,1.32302,2.25,1.00
2016.09.27 16:28:36.354,1.32295,1.32302,1.50,1.37
2016.09.27 16:28:36.456,1.32295,1.32302,1.12,1.12
2016.09.27 16:28:36.661,1.32295,1.32302,1.87,1.12
2016.09.27 16:28:36.966,1.32295,1.32302,1.12,1.12
2016.09.27 16:28:37.289,1.32296,1.32302,1.00,1.12
2016.09.27 16:28:37.340,1.32296,1.32302,1.50,1.50
2016.09.27 16:28:37.391,1.32296,1.32302,1.50,2.25
2016.09.27 16:28:37.442,1.32296,1.32302,1.00,2.25
2016.09.27 16:28:37.544,1.32296,1.32302,1.50,2.25
2016.09.27 16:28:38.481,1.32296,1.32302,1.00,2.62
2016.09.27 16:28:38.533,1.32296,1.32302,1.00,2.25
2016.09.27 16:28:38.622,1.32295,1.32302,1.00,4.12
2016.09.27 16:28:38.878,1.32296,1.32302,1.50,4.12
2016.09.27 16:28:38.980,1.32297,1.32302,1.00,4.12
2016.09.27 16:28:39.082,1.32296,1.32302,1.50,4.12
2016.09.27 16:28:39.607,1.32296,1.32302,1.00,4.12
2016.09.27 16:28:39.659,1.32294,1.323,1.50,1.12
2016.09.27 16:28:39.710,1.32294,1.323,1.50,1.50
2016.09.27 16:28:39.761,1.32294,1.32299,1.00,2.25
2016.09.27 16:28:39.812,1.32293,1.32299,1.00,1.50
2016.09.27 16:28:40.118,1.32293,1.32299,1.00,2.25
2016.09.27 16:28:40.169,1.32293,1.32299,1.50,2.25
2016.09.27 16:28:40.439,1.32293,1.32298,1.00,1.00
2016.09.27 16:28:41.280,1.32293,1.32299,1.50,2.25
2016.09.27 16:28:41.382,1.32293,1.32299,1.00,2.25
2016.09.27 16:28:41.483,1.32293,1.32299,1.50,2.25
2016.09.27 16:28:41.856,1.32293,1.32299,1.00,2.25
2016.09.27 16:28:42.211,1.32291,1.32299,1.50,2.25
2016.09.27 16:28:42.262,1.32292,1.32299,1.00,2.25
2016.09.27 16:28:42.771,1.32291,1.32299,1.50,2.25
2016.09.27 16:28:42.873,1.32292,1.32299,1.00,2.25
2016.09.27 16:28:42.975,1.32293,1.32299,1.50,1.00
2016.09.27 16:28:43.026,1.32293,1.323,1.50,1.37
2016.09.27 16:28:43.078,1.32294,1.323,1.00,1.12
2016.09.27 16:28:43.130,1.32294,1.323,1.00,1.00
2016.09.27 16:28:43.283,1.32293,1.323,1.50,1.00
2016.09.27 16:28:43.335,1.32293,1.32301,1.50,1.37
2016.09.27 16:28:43.386,1.32294,1.32302,1.00,2.25
2016.09.27 16:28:43.540,1.32293,1.32302,1.50,2.25
2016.09.27 16:28:43.642,1.32294,1.32302,1.00,2.25
2016.09.27 16:28:44.052,1.32293,1.32302,1.50,2.25
2016.09.27 16:28:44.154,1.32294,1.32302,1.00,2.25
2016.09.27 16:28:44.221,1.32294,1.32302,1.50,2.25
2016.09.27 16:28:44.272,1.32295,1.32302,1.00,2.25
2016.09.27 16:28:44.532,1.32294,1.32302,1.50,2.25
2016.09.27 16:28:45.152,1.32295,1.32302,1.00,2.25
2016.09.27 16:28:45.255,1.32294,1.32302,1.50,2.25
2016.09.27 16:28:45.407,1.32295,1.32302,1.00,2.25
2016.09.27 16:28:45.890,1.32295,1.32302,1.50,2.25
2016.09.27 16:28:46.552,1.32295,1.32302,1.00,2.25
2016.09.27 16:28:47.800,1.32294,1.32302,1.50,2.25
2016.09.27 16:28:47.851,1.32294,1.32302,1.00,2.25
2016.09.27 16:28:48.581,1.32294,1.32302,1.50,2.25
2016.09.27 16:28:48.684,1.32294,1.32302,1.69,1.50
2016.09.27 16:28:48.736,1.32294,1.32302,1.69,1.37
2016.09.27 16:28:48.787,1.32297,1.32304,1.87,2.62
2016.09.27 16:28:48.839,1.32297,1.32304,1.87,2.25
2016.09.27 16:28:48.891,1.32298,1.32305,1.00,1.50
2016.09.27 16:28:48.942,1.32298,1.32305,1.00,1.37
2016.09.27 16:28:48.993,1.32297,1.32307,2.25,3.00
2016.09.27 16:28:49.117,1.32299,1.32307,1.50,1.50
2016.09.27 16:28:49.392,1.32296,1.32305,3.37,1.00
2016.09.27 16:28:49.443,1.32297,1.32303,1.00,1.00
2016.09.27 16:28:49.494,1.32295,1.32303,3.37,1.50
2016.09.27 16:28:49.596,1.32296,1.32303,1.00,1.50
2016.09.27 16:28:49.647,1.32295,1.32302,1.50,1.00
2016.09.27 16:28:49.698,1.32295,1.32302,1.12,1.50
2016.09.27 16:28:49.749,1.32294,1.32302,2.25,1.50
2016.09.27 16:28:49.800,1.32294,1.32302,1.37,2.25
2016.09.27 16:28:49.973,1.32294,1.32302,1.00,2.25
2016.09.27 16:28:50.277,1.32293,1.32302,2.25,2.25
2016.09.27 16:28:50.379,1.32294,1.32302,1.00,2.25
2016.09.27 16:28:50.481,1.32293,1.32302,2.25,2.25
2016.09.27 16:28:50.583,1.32294,1.32302,1.00,2.25
2016.09.27 16:28:50.684,1.32294,1.32302,1.56,1.50
2016.09.27 16:28:50.735,1.32294,1.32302,1.94,1.12
2016.09.27 16:28:50.786,1.32296,1.32303,1.69,1.12
2016.09.27 16:28:50.889,1.32296,1.32303,2.01,1.12
2016.09.27 16:28:51.065,1.32296,1.32302,1.12,1.00
2016.09.27 16:28:51.116,1.32293,1.32301,2.25,1.00
2016.09.27 16:28:51.167,1.32294,1.32301,1.00,1.00
2016.09.27 16:28:51.883,1.32293,1.32301,2.25,1.00
2016.09.27 16:28:52.046,1.32294,1.32301,1.00,1.87
2016.09.27 16:28:52.097,1.32291,1.323,2.25,1.00
2016.09.27 16:28:52.148,1.32291,1.323,2.25,1.00
2016.09.27 16:28:52.199,1.32292,1.323,1.12,1.00
2016.09.27 16:28:52.301,1.32291,1.32299,1.87,1.50
2016.09.27 16:28:52.403,1.32292,1.32299,1.00,1.50
2016.09.27 16:28:52.608,1.32292,1.32299,1.00,1.87
2016.09.27 16:28:52.659,1.32291,1.32299,1.50,1.87
2016.09.27 16:28:53.292,1.32292,1.32299,1.00,1.87
2016.09.27 16:28:53.782,1.32291,1.32299,1.50,1.87
2016.09.27 16:28:54.264,1.32292,1.32299,1.00,1.87
2016.09.27 16:28:54.382,1.32291,1.32299,1.50,1.87
2016.09.27 16:28:54.433,1.32291,1.32299,1.87,1.50
2016.09.27 16:28:54.485,1.32292,1.32299,1.00,1.50
2016.09.27 16:28:54.689,1.32291,1.32299,1.87,1.50
2016.09.27 16:28:54.892,1.32292,1.32299,1.00,1.50
2016.09.27 16:28:55.097,1.32292,1.32299,1.50,1.50
2016.09.27 16:28:55.199,1.32292,1.32299,1.00,1.50
2016.09.27 16:28:55.350,1.32292,1.32299,1.00,1.87
2016.09.27 16:28:55.504,1.32292,1.32299,1.50,1.87
2016.09.27 16:28:55.606,1.32292,1.32299,1.12,1.87
2016.09.27 16:28:56.092,1.32291,1.32299,2.25,1.87
2016.09.27 16:28:56.143,1.32291,1.32299,1.50,1.87
2016.09.27 16:28:56.230,1.32291,1.32299,2.25,1.50
2016.09.27 16:28:56.478,1.32292,1.32299,1.00,1.50
2016.09.27 16:28:56.999,1.32291,1.32299,1.00,1.50
2016.09.27 16:28:57.101,1.32291,1.32299,1.50,1.50
2016.09.27 16:28:57.544,1.32291,1.32299,2.25,1.00
2016.09.27 16:28:57.595,1.32291,1.32299,1.50,1.00
2016.09.27 16:28:57.697,1.32291,1.32299,2.25,1.00
2016.09.27 16:28:57.901,1.32291,1.32299,1.50,1.00
2016.09.27 16:28:58.003,1.32292,1.32299,1.00,1.00
2016.09.27 16:28:58.221,1.32292,1.323,1.00,4.50
2016.09.27 16:28:58.272,1.32292,1.323,1.50,4.12
2016.09.27 16:28:58.425,1.32292,1.323,1.50,3.37
2016.09.27 16:28:58.527,1.32292,1.323,1.87,1.37
2016.09.27 16:28:59.179,1.32293,1.32301,1.87,3.75
2016.09.27 16:28:59.252,1.32294,1.32302,1.00,3.37
2016.09.27 16:28:59.303,1.32295,1.32302,1.87,3.37
2016.09.27 16:28:59.354,1.32295,1.32302,2.25,1.12
2016.09.27 16:28:59.406,1.32297,1.32304,1.00,2.62
2016.09.27 16:28:59.457,1.32297,1.32305,1.12,1.87
2016.09.27 16:28:59.508,1.32298,1.32305,1.50,1.37
2016.09.27 16:28:59.762,1.32299,1.32305,1.00,1.37
2016.09.27 16:28:59.864,1.32298,1.32305,1.50,1.37
2016.09.27 16:29:00.022,1.32298,1.32306,1.50,1.00
2016.09.27 16:29:00.073,1.32301,1.32306,1.00,1.00
2016.09.27 16:29:00.124,1.32301,1.32308,1.50,1.00
2016.09.27 16:29:00.176,1.32301,1.32308,1.00,1.00
2016.09.27 16:29:00.704,1.32301,1.32309,1.00,1.00
2016.09.27 16:29:01.069,1.32301,1.32309,1.50,1.00
2016.09.27 16:29:01.121,1.32301,1.32309,2.25,1.00
2016.09.27 16:29:01.303,1.32301,1.32309,1.50,1.00
2016.09.27 16:29:01.404,1.32301,1.32309,2.25,1.00
2016.09.27 16:29:02.014,1.32301,1.32309,1.50,1.00
2016.09.27 16:29:02.065,1.32301,1.32309,2.25,1.00
2016.09.27 16:29:02.275,1.32301,1.32309,1.50,1.00
2016.09.27 16:29:02.379,1.32301,1.32309,2.25,1.00
2016.09.27 16:29:02.668,1.32302,1.3231,1.62,1.87
2016.09.27 16:29:02.719,1.32301,1.3231,3.56,1.12
2016.09.27 16:29:02.770,1.32303,1.3231,1.12,1.12
2016.09.27 16:29:02.822,1.32303,1.3231,1.87,1.12
2016.09.27 16:29:02.873,1.32303,1.3231,1.12,1.12
2016.09.27 16:29:02.975,1.32303,1.3231,1.00,1.37
2016.09.27 16:29:03.117,1.32303,1.3231,1.00,1.50
2016.09.27 16:29:03.176,1.32302,1.3231,2.25,1.50
2016.09.27 16:29:04.412,1.32302,1.3231,1.50,1.50
2016.09.27 16:29:04.598,1.32302,1.3231,2.25,1.50
2016.09.27 16:29:04.649,1.32303,1.3231,1.00,1.50
2016.09.27 16:29:04.700,1.32304,1.3231,1.00,1.50
2016.09.27 16:29:04.751,1.32304,1.3231,1.00,1.00
2016.09.27 16:29:04.909,1.32304,1.32311,1.00,1.50
2016.09.27 16:29:05.065,1.32304,1.32311,1.00,1.87
2016.09.27 16:29:05.116,1.32304,1.32311,1.50,1.87
2016.09.27 16:29:05.217,1.32304,1.32311,1.00,1.87
2016.09.27 16:29:05.268,1.32304,1.32311,1.00,1.50
2016.09.27 16:29:05.320,1.32304,1.32311,1.50,1.50
2016.09.27 16:29:06.679,1.32304,1.32311,1.00,1.50
2016.09.27 16:29:06.730,1.32302,1.32311,2.25,1.50
2016.09.27 16:29:06.781,1.32303,1.32311,1.00,1.50
2016.09.27 16:29:06.883,1.32302,1.32311,1.50,1.50
2016.09.27 16:29:07.422,1.32303,1.32311,1.00,1.50
2016.09.27 16:29:08.079,1.32303,1.3231,1.00,1.00
2016.09.27 16:29:08.182,1.32303,1.3231,1.50,1.00
2016.09.27 16:29:08.980,1.32303,1.32311,1.00,4.12
2016.09.27 16:29:09.031,1.32301,1.3231,1.12,1.50
2016.09.27 16:29:09.082,1.323,1.3231,3.00,1.50
2016.09.27 16:29:09.134,1.323,1.32309,3.00,1.00
2016.09.27 16:29:09.185,1.32301,1.32309,1.00,1.00
2016.09.27 16:29:09.236,1.32301,1.32309,1.00,1.37
2016.09.27 16:29:09.287,1.323,1.32309,3.00,1.37
2016.09.27 16:29:09.338,1.323,1.32309,2.25,1.87
2016.09.27 16:29:09.469,1.32299,1.32307,1.69,1.00
2016.09.27 16:29:09.779,1.32299,1.32307,1.00,1.00
2016.09.27 16:29:10.681,1.32299,1.32307,1.50,1.00
2016.09.27 16:29:10.733,1.323,1.32307,1.00,1.00
2016.09.27 16:29:11.599,1.323,1.32308,1.00,2.62
2016.09.27 16:29:11.816,1.323,1.32308,1.50,2.62
2016.09.27 16:29:12.294,1.323,1.32308,1.00,2.62
2016.09.27 16:29:12.852,1.323,1.32309,1.00,1.87
2016.09.27 16:29:13.159,1.323,1.32309,1.00,1.50
2016.09.27 16:29:13.210,1.323,1.32309,1.50,1.50
2016.09.27 16:29:13.794,1.323,1.32309,1.00,1.50
2016.09.27 16:29:13.846,1.323,1.32309,1.00,1.87
2016.09.27 16:29:13.897,1.323,1.32309,1.00,1.87
2016.09.27 16:29:13.948,1.323,1.32309,1.00,2.25
2016.09.27 16:29:14.362,1.323,1.32309,1.00,2.25
2016.09.27 16:29:14.414,1.32302,1.32309,1.00,4.12
2016.09.27 16:29:14.465,1.32304,1.32308,1.00,1.00
2016.09.27 16:29:14.516,1.32305,1.32309,1.00,2.62
2016.09.27 16:29:14.618,1.32305,1.32311,1.00,2.62
2016.09.27 16:29:14.670,1.32307,1.32313,1.12,3.37
2016.09.27 16:29:14.721,1.3231,1.32314,1.50,2.25
2016.09.27 16:29:14.772,1.32311,1.32317,1.00,1.00
2016.09.27 16:29:14.888,1.32311,1.32317,1.50,1.00
2016.09.27 16:29:14.993,1.32311,1.32318,1.00,1.00
2016.09.27 16:29:15.197,1.32311,1.32318,1.12,1.00
2016.09.27 16:29:15.469,1.32311,1.32318,1.12,1.50
2016.09.27 16:29:15.694,1.32311,1.32318,1.12,1.12
2016.09.27 16:29:15.796,1.32311,1.32318,1.12,1.50
2016.09.27 16:29:16.000,1.32311,1.32318,1.12,1.12
2016.09.27 16:29:16.102,1.32311,1.32318,1.12,1.50
2016.09.27 16:29:16.204,1.32311,1.32318,1.12,1.12
2016.09.27 16:29:16.306,1.32311,1.32318,1.00,1.37
2016.09.27 16:29:16.357,1.32311,1.32318,1.00,1.50
2016.09.27 16:29:16.493,1.32311,1.32318,1.12,1.12
2016.09.27 16:29:16.650,1.32309,1.32318,1.75,1.12
2016.09.27 16:29:16.701,1.3231,1.32318,1.50,1.50
2016.09.27 16:29:16.753,1.3231,1.32317,1.50,1.00
2016.09.27 16:29:16.804,1.3231,1.32317,1.50,1.31
2016.09.27 16:29:16.855,1.3231,1.32317,1.12,1.31
2016.09.27 16:29:17.211,1.3231,1.32317,1.12,1.12
2016.09.27 16:29:17.488,1.3231,1.32317,1.00,1.37
2016.09.27 16:29:17.540,1.3231,1.32318,1.00,3.19
2016.09.27 16:29:17.591,1.3231,1.32318,1.00,3.37
2016.09.27 16:29:17.642,1.32308,1.32318,1.37,3.37
2016.09.27 16:29:17.693,1.32308,1.32318,1.87,3.37
2016.09.27 16:29:18.709,1.32309,1.32318,1.12,3.37
2016.09.27 16:29:18.883,1.32308,1.32318,4.87,1.12
2016.09.27 16:29:18.934,1.32309,1.32318,1.50,1.12
2016.09.27 16:29:19.087,1.32309,1.32318,1.87,1.12
2016.09.27 16:29:19.139,1.32309,1.32318,1.87,1.12
2016.09.27 16:29:19.190,1.32309,1.32318,1.50,1.12
2016.09.27 16:29:19.977,1.32309,1.32318,2.25,3.37
2016.09.27 16:29:20.028,1.32309,1.32317,2.25,1.00
2016.09.27 16:29:20.079,1.32309,1.32318,2.25,1.37
2016.09.27 16:29:20.232,1.3231,1.32319,1.87,3.37
2016.09.27 16:29:20.313,1.32311,1.32319,3.19,1.50
2016.09.27 16:29:20.365,1.32311,1.3232,4.69,1.50
2016.09.27 16:29:20.417,1.32311,1.3232,3.94,1.50
2016.09.27 16:29:20.520,1.32311,1.3232,3.56,1.50
2016.09.27 16:29:20.622,1.32311,1.3232,3.94,1.50
2016.09.27 16:29:20.673,1.32311,1.3232,3.56,1.50
2016.09.27 16:29:20.724,1.32312,1.3232,1.25,1.12
2016.09.27 16:29:20.775,1.32312,1.3232,1.31,1.00
2016.09.27 16:29:21.002,1.32312,1.3232,1.12,1.00
2016.09.27 16:29:21.213,1.32312,1.3232,1.00,1.00
2016.09.27 16:29:21.416,1.32312,1.3232,1.87,1.00
2016.09.27 16:29:21.518,1.32312,1.3232,1.00,1.00
2016.09.27 16:29:21.823,1.32312,1.3232,1.87,1.00
2016.09.27 16:29:21.926,1.32312,1.3232,1.00,1.00
2016.09.27 16:29:22.434,1.32312,1.3232,3.56,1.00
2016.09.27 16:29:22.535,1.32313,1.3232,2.81,1.00
2016.09.27 16:29:22.587,1.32313,1.3232,2.81,1.00
2016.09.27 16:29:22.638,1.32313,1.32321,2.81,1.50
2016.09.27 16:29:22.740,1.32313,1.32321,2.62,1.50
2016.09.27 16:29:22.865,1.32313,1.32321,1.67,1.50
2016.09.27 16:29:23.120,1.32313,1.32321,2.42,1.50
2016.09.27 16:29:23.528,1.32313,1.32321,1.67,1.50
2016.09.27 16:29:23.711,1.32313,1.32321,1.85,1.50
2016.09.27 16:29:23.762,1.32316,1.32321,1.00,1.00
2016.09.27 16:29:23.814,1.32318,1.32322,1.00,1.00
2016.09.27 16:29:23.866,1.32319,1.32323,1.00,4.50
2016.09.27 16:29:23.917,1.32321,1.32325,1.00,8.25
2016.09.27 16:29:24.049,1.32319,1.32324,2.25,2.25
2016.09.27 16:29:24.101,1.32321,1.32328,3.75,1.00
2016.09.27 16:29:24.152,1.32321,1.3233,3.00,1.50
2016.09.27 16:29:24.203,1.32321,1.3233,3.00,1.12
2016.09.27 16:29:24.298,1.32321,1.3233,3.75,1.12
2016.09.27 16:29:24.412,1.32321,1.3233,3.00,1.12
2016.09.27 16:29:24.833,1.32322,1.3233,1.00,1.37
2016.09.27 16:29:24.884,1.32321,1.3233,3.75,1.50
2016.09.27 16:29:24.935,1.32321,1.3233,3.37,1.50
2016.09.27 16:29:24.987,1.32321,1.32329,3.00,1.00
2016.09.27 16:29:25.314,1.32321,1.32329,2.25,1.00
2016.09.27 16:29:25.633,1.32321,1.32329,3.00,1.00
2016.09.27 16:29:25.935,1.32321,1.32329,2.25,1.00
2016.09.27 16:29:26.189,1.32321,1.32329,2.62,1.00
2016.09.27 16:29:26.342,1.32323,1.32329,1.00,1.00
2016.09.27 16:29:26.418,1.32323,1.32331,1.00,3.37
2016.09.27 16:29:26.469,1.32324,1.32332,1.00,3.37
2016.09.27 16:29:26.520,1.32324,1.32332,1.37,1.50
2016.09.27 16:29:26.572,1.32324,1.32332,1.37,1.12
2016.09.27 16:29:26.623,1.32324,1.32332,1.37,1.00
2016.09.27 16:29:26.674,1.32324,1.32332,1.50,1.00
2016.09.27 16:29:26.725,1.32324,1.32332,1.50,1.12
2016.09.27 16:29:26.777,1.32324,1.32332,1.37,1.12
2016.09.27 16:29:27.091,1.32325,1.32332,1.12,1.12
2016.09.27 16:29:27.194,1.32325,1.32334,1.12,3.22
2016.09.27 16:29:27.245,1.32325,1.32334,1.87,1.35
2016.09.27 16:29:27.296,1.32325,1.32335,1.87,1.67
2016.09.27 16:29:27.348,1.32325,1.32334,1.12,2.25
2016.09.27 16:29:27.399,1.32325,1.32334,1.12,2.62
2016.09.27 16:29:27.501,1.32325,1.32334,1.12,3.22
2016.09.27 16:29:27.639,1.32325,1.32334,1.87,3.22
2016.09.27 16:29:27.691,1.32325,1.32334,1.87,2.62
2016.09.27 16:29:27.946,1.32325,1.32334,1.12,2.62
2016.09.27 16:29:27.998,1.32325,1.32334,1.50,2.62
2016.09.27 16:29:28.253,1.32325,1.32334,2.25,2.62
2016.09.27 16:29:28.317,1.32325,1.32334,3.00,2.62
2016.09.27 16:29:29.044,1.32325,1.32334,3.00,1.00
2016.09.27 16:29:29.095,1.32325,1.32334,3.37,1.00
2016.09.27 16:29:29.353,1.32325,1.32334,2.62,1.00
2016.09.27 16:29:29.455,1.32327,1.32334,1.00,1.00
2016.09.27 16:29:29.557,1.3233,1.32336,1.00,2.62
2016.09.27 16:29:29.608,1.3233,1.32337,1.00,3.37
2016.09.27 16:29:29.659,1.3233,1.32337,1.50,1.50
2016.09.27 16:29:29.867,1.3233,1.32338,1.00,3.37
2016.09.27 16:29:29.969,1.3233,1.32338,1.00,2.62
2016.09.27 16:29:30.146,1.32329,1.32338,3.00,2.62
2016.09.27 16:29:30.250,1.32329,1.32338,1.50,2.62
2016.09.27 16:29:30.420,1.32329,1.32338,2.10,2.62
2016.09.27 16:29:30.522,1.32329,1.32338,2.25,2.62
2016.09.27 16:29:30.573,1.32331,1.32338,1.00,2.62
2016.09.27 16:29:30.688,1.32331,1.32338,1.12,2.25
2016.09.27 16:29:30.740,1.32332,1.32341,1.31,2.25
2016.09.27 16:29:30.791,1.32332,1.32341,2.06,1.87
2016.09.27 16:29:30.843,1.32334,1.32341,1.00,1.87
2016.09.27 16:29:30.945,1.32334,1.32341,1.00,1.12
2016.09.27 16:29:31.047,1.32334,1.32341,1.00,1.12
2016.09.27 16:29:31.150,1.32334,1.32341,1.00,1.12
2016.09.27 16:29:31.251,1.32332,1.32341,1.50,1.12
2016.09.27 16:29:31.557,1.32332,1.32341,2.25,1.12
2016.09.27 16:29:32.002,1.32332,1.32341,2.25,2.62
2016.09.27 16:29:32.053,1.32332,1.32341,3.00,1.12
2016.09.27 16:29:32.258,1.32332,1.32341,1.50,1.87
2016.09.27 16:29:32.360,1.32332,1.32341,1.31,2.62
2016.09.27 16:29:32.463,1.32331,1.32339,2.25,1.00
2016.09.27 16:29:32.565,1.3233,1.32339,2.25,1.12
2016.09.27 16:29:32.656,1.32328,1.32339,6.00,2.06
2016.09.27 16:29:32.708,1.3233,1.32339,1.00,3.56
2016.09.27 16:29:32.759,1.32329,1.32339,1.37,6.56
2016.09.27 16:29:32.810,1.32329,1.32337,1.00,1.00
2016.09.27 16:29:32.965,1.32328,1.32337,3.00,1.12
2016.09.27 16:29:33.016,1.32329,1.32337,1.00,1.00
2016.09.27 16:29:33.271,1.32329,1.32337,1.50,1.37
2016.09.27 16:29:33.322,1.32329,1.32337,1.12,1.50
2016.09.27 16:29:33.554,1.32329,1.32338,1.50,1.50
2016.09.27 16:29:33.757,1.32329,1.32337,1.87,2.77
2016.09.27 16:29:33.808,1.32329,1.32337,1.50,3.14
2016.09.27 16:29:33.859,1.32328,1.32337,1.12,1.27
2016.09.27 16:29:33.953,1.32328,1.32336,1.50,1.00
2016.09.27 16:29:34.056,1.32328,1.32336,1.50,1.37
2016.09.27 16:29:34.107,1.32328,1.32336,1.12,1.37
2016.09.27 16:29:34.467,1.32328,1.32336,1.12,1.00
2016.09.27 16:29:34.993,1.32328,1.32336,1.00,3.37
2016.09.27 16:29:35.045,1.32328,1.32336,1.00,1.50
2016.09.27 16:29:35.147,1.32327,1.32336,3.00,1.50
2016.09.27 16:29:35.204,1.32327,1.32336,2.25,1.50
2016.09.27 16:29:35.357,1.32327,1.32336,3.00,1.50
2016.09.27 16:29:35.784,1.32327,1.32336,2.25,1.50
2016.09.27 16:29:36.364,1.32328,1.32336,1.00,1.50
2016.09.27 16:29:36.466,1.32327,1.32336,2.25,1.50
2016.09.27 16:29:36.568,1.32327,1.32336,1.50,1.50
2016.09.27 16:29:37.464,1.32327,1.32336,1.50,1.00
2016.09.27 16:29:37.515,1.32328,1.32336,1.00,1.00
2016.09.27 16:29:37.566,1.32328,1.32336,2.25,1.00
2016.09.27 16:29:37.668,1.32328,1.32337,1.87,1.37
2016.09.27 16:29:37.719,1.32329,1.32337,1.00,1.00
2016.09.27 16:29:38.282,1.32328,1.32337,3.00,3.00
2016.09.27 16:29:38.391,1.32328,1.32337,2.62,3.37
2016.09.27 16:29:38.442,1.32328,1.32337,1.87,3.37
2016.09.27 16:29:38.645,1.32328,1.32337,2.62,3.37
2016.09.27 16:29:38.849,1.32328,1.32337,2.87,3.37
2016.09.27 16:29:39.172,1.32328,1.32337,2.62,3.37
2016.09.27 16:29:39.379,1.32328,1.32337,2.62,3.56
2016.09.27 16:29:39.497,1.32328,1.32337,2.12,3.37
2016.09.27 16:29:39.549,1.32328,1.32337,1.12,3.37
2016.09.27 16:29:39.652,1.32328,1.32337,1.12,3.75
2016.09.27 16:29:39.755,1.32328,1.32337,1.12,4.12
2016.09.27 16:29:39.858,1.32328,1.32337,1.12,3.75
2016.09.27 16:29:39.909,1.32328,1.32335,1.12,1.12
2016.09.27 16:29:40.063,1.32328,1.32336,1.00,1.62
2016.09.27 16:29:40.115,1.32327,1.32336,1.50,2.44
2016.09.27 16:29:40.166,1.32327,1.32335,1.87,1.12
2016.09.27 16:29:40.350,1.32327,1.32335,2.62,1.12
2016.09.27 16:29:40.452,1.32327,1.32335,1.37,1.12
2016.09.27 16:29:40.503,1.32327,1.32331,1.12,1.50
2016.09.27 16:29:40.554,1.32324,1.3233,3.37,1.00
2016.09.27 16:29:40.605,1.32324,1.3233,1.00,1.00
2016.09.27 16:29:40.656,1.32323,1.3233,1.12,1.00
2016.09.27 16:29:40.707,1.32323,1.3233,1.00,1.50
2016.09.27 16:29:40.758,1.32323,1.3233,1.00,1.87
2016.09.27 16:29:40.810,1.32323,1.32329,1.00,1.00
2016.09.27 16:29:40.861,1.32321,1.32329,1.50,1.00
2016.09.27 16:29:40.941,1.32321,1.32328,1.00,1.00
2016.09.27 16:29:41.451,1.32321,1.32328,1.50,1.00
2016.09.27 16:29:41.948,1.32321,1.32328,1.00,1.25
2016.09.27 16:29:42.050,1.32321,1.32328,1.00,1.00
2016.09.27 16:29:42.204,1.32321,1.32329,1.00,1.50
2016.09.27 16:29:42.330,1.3232,1.32329,1.50,1.50
2016.09.27 16:29:42.482,1.3232,1.32329,2.25,1.50
2016.09.27 16:29:42.584,1.3232,1.32329,1.50,1.50
2016.09.27 16:29:43.094,1.3232,1.32328,1.50,1.00
2016.09.27 16:29:43.145,1.3232,1.32328,2.25,1.00
2016.09.27 16:29:43.247,1.3232,1.32328,1.50,1.00
2016.09.27 16:29:43.450,1.3232,1.32328,2.25,1.00
2016.09.27 16:29:43.552,1.3232,1.32328,1.50,1.00
2016.09.27 16:29:43.846,1.3232,1.32328,2.25,1.00
2016.09.27 16:29:43.949,1.3232,1.32328,1.50,1.00
2016.09.27 16:29:44.309,1.32321,1.32328,1.00,1.00
2016.09.27 16:29:44.360,1.32322,1.32328,1.00,1.00
2016.09.27 16:29:44.412,1.32325,1.32329,1.00,1.00
2016.09.27 16:29:44.464,1.32327,1.32331,1.00,4.50
2016.09.27 16:29:44.515,1.32326,1.32333,2.25,2.62
2016.09.27 16:29:44.642,1.32328,1.32332,1.00,1.00
2016.09.27 16:29:44.696,1.32328,1.32335,1.00,2.62
2016.09.27 16:29:44.749,1.32327,1.32335,2.25,3.22
2016.09.27 16:29:44.801,1.32327,1.32335,2.62,1.60
2016.09.27 16:29:44.852,1.32327,1.32336,1.87,2.47
2016.09.27 16:29:44.904,1.32327,1.32335,1.87,1.30
2016.09.27 16:29:44.955,1.32327,1.32335,1.37,1.30
2016.09.27 16:29:45.340,1.32327,1.32335,1.37,2.47
2016.09.27 16:29:45.401,1.32327,1.32337,1.37,4.12
2016.09.27 16:29:45.452,1.32328,1.32337,1.12,3.97
2016.09.27 16:29:45.504,1.32328,1.32335,1.50,2.25
2016.09.27 16:29:45.555,1.32328,1.32335,1.00,2.62
2016.09.27 16:29:45.606,1.32328,1.32336,1.87,2.62
2016.09.27 16:29:45.657,1.32328,1.32337,2.62,3.97
2016.09.27 16:29:45.709,1.32328,1.32336,2.62,1.67
2016.09.27 16:29:45.761,1.32328,1.32336,1.87,1.67
2016.09.27 16:29:45.863,1.32328,1.32335,1.87,1.30
2016.09.27 16:29:46.152,1.32328,1.32337,1.87,3.97
2016.09.27 16:29:46.392,1.32328,1.32335,2.62,1.30
2016.09.27 16:29:46.493,1.32328,1.32337,2.62,3.97
2016.09.27 16:29:46.544,1.32328,1.32337,1.87,3.97
2016.09.27 16:29:46.646,1.32328,1.32336,1.87,1.67
2016.09.27 16:29:46.697,1.32328,1.32336,1.87,1.35
2016.09.27 16:29:46.748,1.32328,1.32335,1.87,1.30
2016.09.27 16:29:46.799,1.32327,1.32335,2.62,1.30
2016.09.27 16:29:46.850,1.32327,1.32335,2.25,1.30
2016.09.27 16:29:46.901,1.32327,1.32336,2.25,3.22
2016.09.27 16:29:46.987,1.32327,1.32334,1.50,1.00
2016.09.27 16:29:47.192,1.32327,1.32336,1.50,3.22
2016.09.27 16:29:47.323,1.32327,1.32336,1.50,1.67
2016.09.27 16:29:47.747,1.32327,1.32336,1.50,1.67
2016.09.27 16:29:47.848,1.32326,1.32336,2.62,1.67
2016.09.27 16:29:48.052,1.32326,1.32336,1.87,1.67
2016.09.27 16:29:48.103,1.32326,1.32335,1.50,1.30
2016.09.27 16:29:48.256,1.32326,1.32335,2.25,1.30
2016.09.27 16:29:48.372,1.32328,1.32336,1.25,1.50
2016.09.27 16:29:48.425,1.32328,1.32336,1.69,2.62
2016.09.27 16:29:48.476,1.32328,1.32336,1.00,2.62
2016.09.27 16:29:48.527,1.32328,1.32336,1.00,2.62
2016.09.27 16:29:48.579,1.32328,1.32336,1.50,2.62
2016.09.27 16:29:48.630,1.32328,1.32336,1.50,3.37
2016.09.27 16:29:48.681,1.32328,1.32336,1.00,3.37
2016.09.27 16:29:48.784,1.32328,1.32336,1.50,3.37
2016.09.27 16:29:48.835,1.32328,1.32336,1.50,3.97
2016.09.27 16:29:48.886,1.32328,1.32336,1.00,3.97
2016.09.27 16:29:48.988,1.32328,1.32336,1.50,3.97
2016.09.27 16:29:49.351,1.32328,1.32336,1.00,3.97
2016.09.27 16:29:49.433,1.32328,1.32336,1.00,3.22
2016.09.27 16:29:49.484,1.32328,1.32336,1.50,3.22
2016.09.27 16:29:50.278,1.32328,1.32336,1.00,3.22
2016.09.27 16:29:50.379,1.32328,1.32336,1.50,3.22
2016.09.27 16:29:50.430,1.32328,1.32336,1.50,2.62
2016.09.27 16:29:50.481,1.32328,1.32336,1.00,2.62
2016.09.27 16:29:50.579,1.32328,1.32336,1.00,3.37
2016.09.27 16:29:50.630,1.32326,1.32335,1.50,2.62
2016.09.27 16:29:50.682,1.32326,1.32335,1.50,2.62
2016.09.27 16:29:50.733,1.32326,1.32334,1.00,1.00
2016.09.27 16:29:52.028,1.32327,1.32334,1.00,1.00
2016.09.27 16:29:52.079,1.32327,1.32334,1.16,1.00
2016.09.27 16:29:52.130,1.32328,1.32337,1.00,4.12
2016.09.27 16:29:52.181,1.32328,1.32337,1.00,4.12
2016.09.27 16:29:52.232,1.32328,1.32337,1.00,4.72
2016.09.27 16:29:52.334,1.32328,1.32335,1.50,1.30
2016.09.27 16:29:52.385,1.32328,1.32337,1.50,3.97
2016.09.27 16:29:52.497,1.32328,1.32336,1.50,1.67
2016.09.27 16:29:53.266,1.32328,1.32336,1.00,1.67
2016.09.27 16:29:53.553,1.32328,1.32336,1.50,1.67
2016.09.27 16:29:53.604,1.32328,1.32337,1.50,3.22
2016.09.27 16:29:53.655,1.32328,1.32337,1.00,3.22
2016.09.27 16:29:53.807,1.32328,1.32336,1.00,1.67
2016.09.27 16:29:54.430,1.32328,1.32336,1.50,1.67
2016.09.27 16:29:54.532,1.32328,1.32336,1.00,1.67
2016.09.27 16:29:54.634,1.32327,1.32335,1.50,1.30
2016.09.27 16:29:54.685,1.32327,1.32335,1.00,1.30
2016.09.27 16:29:54.736,1.32326,1.32335,3.00,1.30
2016.09.27 16:29:54.787,1.32326,1.32336,3.00,3.60
2016.09.27 16:29:54.839,1.32326,1.32334,1.00,1.35
2016.09.27 16:29:54.890,1.32325,1.32334,1.87,1.35
2016.09.27 16:29:54.942,1.32327,1.32334,1.00,1.35
2016.09.27 16:29:54.993,1.32328,1.32334,1.00,1.00
2016.09.27 16:29:55.044,1.32328,1.32336,1.00,2.62
2016.09.27 16:29:55.095,1.32328,1.32336,1.00,3.22
2016.09.27 16:29:55.146,1.32328,1.32336,1.00,3.22
2016.09.27 16:29:55.197,1.32328,1.32336,1.00,2.62
2016.09.27 16:29:55.357,1.32328,1.32335,1.50,2.62
2016.09.27 16:29:55.458,1.32328,1.32335,1.00,2.62
2016.09.27 16:29:55.662,1.32328,1.32335,1.50,2.62
2016.09.27 16:29:55.713,1.32328,1.32335,1.00,3.22
2016.09.27 16:29:55.968,1.32326,1.32335,3.37,2.62
2016.09.27 16:29:56.019,1.32326,1.32335,2.62,2.62
2016.09.27 16:29:56.121,1.32326,1.32336,3.37,3.22
2016.09.27 16:29:56.172,1.32326,1.32336,3.37,1.67
2016.09.27 16:29:56.223,1.32326,1.32336,2.62,1.67
2016.09.27 16:29:56.526,1.32326,1.32336,2.62,1.35
2016.09.27 16:29:56.933,1.32326,1.32336,3.37,1.35
2016.09.27 16:29:56.998,1.32326,1.32336,3.37,2.85
2016.09.27 16:29:57.049,1.32326,1.32336,2.62,2.85
2016.09.27 16:29:57.160,1.32326,1.32336,3.37,2.85
2016.09.27 16:29:57.228,1.32326,1.32335,1.00,1.50
2016.09.27 16:29:57.279,1.32325,1.32335,2.25,1.50
2016.09.27 16:29:57.331,1.32325,1.32335,3.19,1.50
2016.09.27 16:29:57.433,1.32325,1.32335,2.25,1.50
2016.09.27 16:29:57.484,1.32325,1.32335,1.87,1.50
2016.09.27 16:29:57.625,1.32325,1.32335,2.81,1.50
2016.09.27 16:29:58.199,1.32325,1.32335,2.81,3.60
2016.09.27 16:29:58.250,1.32323,1.32331,3.37,1.50
2016.09.27 16:29:58.301,1.32323,1.3233,1.87,1.50
2016.09.27 16:29:58.353,1.32322,1.3233,1.87,2.25
2016.09.27 16:29:58.404,1.32322,1.3233,1.87,1.50
2016.09.27 16:29:58.455,1.32321,1.32329,1.00,1.00
2016.09.27 16:29:58.665,1.32321,1.32329,1.50,1.00
2016.09.27 16:29:58.716,1.32321,1.32329,1.00,1.00
2016.09.27 16:29:58.818,1.3232,1.32329,3.00,1.00
2016.09.27 16:29:58.971,1.3232,1.32329,3.00,1.12
2016.09.27 16:29:59.023,1.32321,1.32329,1.00,3.00
2016.09.27 16:29:59.126,1.3232,1.32328,2.62,1.00
2016.09.27 16:29:59.178,1.3232,1.3233,2.62,5.25
2016.09.27 16:29:59.229,1.32321,1.3233,1.12,5.25
2016.09.27 16:29:59.331,1.3232,1.3233,2.62,5.25
2016.09.27 16:29:59.382,1.3232,1.3233,2.62,4.87
2016.09.27 16:29:59.639,1.3232,1.32328,1.87,1.12
2016.09.27 16:29:59.828,1.32321,1.32328,1.12,1.12
2016.09.27 16:29:59.930,1.3232,1.32328,2.62,1.12
2016.09.27 16:30:00.765,1.3232,1.32328,1.87,1.50
2016.09.27 16:30:00.816,1.3232,1.32328,1.37,2.25
2016.09.27 16:30:00.868,1.3232,1.32324,1.00,1.00
2016.09.27 16:30:00.970,1.32318,1.32324,1.12,1.00
2016.09.27 16:30:01.074,1.32318,1.32324,1.00,2.25
2016.09.27 16:30:01.125,1.32318,1.32324,1.00,4.35
2016.09.27 16:30:01.177,1.32318,1.32324,1.00,1.50
2016.09.27 16:30:01.229,1.32317,1.32325,1.00,2.62
2016.09.27 16:30:01.281,1.32317,1.32324,1.50,1.00
2016.09.27 16:30:01.380,1.32317,1.32324,1.12,1.00
2016.09.27 16:30:01.432,1.32318,1.32324,1.00,1.50
2016.09.27 16:30:01.483,1.32318,1.32324,1.00,2.10
2016.09.27 16:30:01.689,1.32318,1.32323,1.00,1.00
2016.09.27 16:30:01.741,1.32318,1.32323,1.00,1.31
2016.09.27 16:30:01.794,1.32318,1.32323,1.00,1.25
2016.09.27 16:30:01.948,1.32318,1.32322,1.00,1.12
2016.09.27 16:30:02.072,1.32316,1.32322,1.00,1.87
2016.09.27 16:30:02.174,1.32316,1.32322,1.00,3.37
2016.09.27 16:30:02.226,1.32316,1.32322,1.00,2.62
2016.09.27 16:30:02.278,1.32318,1.32323,1.00,1.37
2016.09.27 16:30:02.329,1.32318,1.32324,1.25,3.37
2016.09.27 16:30:02.380,1.32316,1.32324,2.06,2.62
2016.09.27 16:30:02.431,1.32316,1.32324,2.25,2.62
2016.09.27 16:30:02.483,1.32317,1.32325,1.00,2.25
2016.09.27 16:30:02.534,1.32318,1.32325,1.00,2.25
2016.09.27 16:30:02.585,1.32317,1.32324,1.00,2.62
2016.09.27 16:30:02.839,1.32317,1.32324,1.69,2.62
2016.09.27 16:30:02.891,1.3232,1.32325,1.00,1.37
2016.09.27 16:30:03.011,1.3232,1.32326,1.00,2.62
2016.09.27 16:30:03.062,1.3232,1.32328,1.00,2.62
2016.09.27 16:30:03.113,1.32319,1.32328,1.12,2.62
2016.09.27 16:30:03.164,1.32319,1.32328,1.12,2.62
2016.09.27 16:30:03.674,1.32319,1.32328,1.87,2.62
2016.09.27 16:30:03.841,1.32319,1.32328,1.12,2.62
2016.09.27 16:30:03.892,1.32319,1.3233,1.50,3.75
2016.09.27 16:30:03.995,1.32319,1.3233,1.50,5.25
2016.09.27 16:30:04.046,1.32319,1.3233,1.50,4.87
2016.09.27 16:30:04.199,1.32319,1.3233,1.50,3.37
2016.09.27 16:30:04.251,1.32321,1.3233,1.69,2.62
2016.09.27 16:30:04.352,1.32322,1.32331,1.50,1.12
2016.09.27 16:30:04.548,1.32323,1.32331,1.12,1.12
2016.09.27 16:30:04.600,1.32324,1.32331,1.00,1.12
2016.09.27 16:30:04.651,1.32324,1.32334,1.00,4.12
2016.09.27 16:30:04.754,1.32324,1.32334,1.12,1.50
2016.09.27 16:30:04.860,1.32323,1.32334,3.00,1.50
2016.09.27 16:30:04.963,1.32323,1.32334,2.62,3.37
2016.09.27 16:30:05.065,1.32323,1.32334,3.37,4.12
2016.09.27 16:30:05.116,1.32323,1.32334,2.62,6.75
2016.09.27 16:30:05.167,1.32322,1.32332,5.44,1.12
2016.09.27 16:30:05.219,1.32322,1.32332,5.06,1.12
2016.09.27 16:30:05.395,1.32322,1.3233,1.50,2.25
2016.09.27 16:30:05.447,1.32322,1.3233,1.50,3.00
2016.09.27 16:30:05.498,1.3232,1.3233,1.50,5.62
2016.09.27 16:30:05.599,1.3232,1.3233,1.50,4.12
2016.09.27 16:30:05.956,1.3232,1.3233,1.50,3.37
2016.09.27 16:30:06.057,1.3232,1.3233,1.50,3.37
2016.09.27 16:30:06.159,1.3232,1.3233,1.50,4.12
2016.09.27 16:30:06.297,1.3232,1.3233,1.50,3.37
2016.09.27 16:30:06.349,1.3232,1.3233,1.50,4.12
2016.09.27 16:30:06.451,1.3232,1.3233,1.50,3.37
2016.09.27 16:30:06.553,1.3232,1.3233,1.50,4.12
2016.09.27 16:30:06.758,1.32326,1.3233,1.12,1.87
2016.09.27 16:30:06.809,1.32326,1.3233,1.87,1.87
2016.09.27 16:30:06.860,1.32327,1.32331,1.25,1.00
2016.09.27 16:30:06.912,1.32328,1.32332,1.50,1.00
2016.09.27 16:30:06.988,1.32328,1.32336,1.50,1.00
2016.09.27 16:30:07.061,1.32329,1.32336,1.00,1.00
2016.09.27 16:30:07.112,1.32329,1.32336,1.00,1.60
2016.09.27 16:30:07.164,1.32329,1.32336,1.00,1.60
2016.09.27 16:30:07.266,1.32329,1.32335,1.00,1.67
2016.09.27 16:30:07.927,1.32329,1.32336,1.00,2.62
2016.09.27 16:30:08.041,1.32329,1.32336,1.00,2.62
2016.09.27 16:30:08.195,1.32329,1.32335,1.00,1.00
2016.09.27 16:30:08.299,1.32329,1.32337,1.00,1.00
2016.09.27 16:30:12.285,1.32328,1.32337,1.50,1.00
2016.09.27 16:30:12.387,1.32328,1.32336,1.00,1.00
2016.09.27 16:30:12.540,1.32328,1.32336,1.00,1.25
2016.09.27 16:30:12.642,1.32328,1.32336,1.00,1.00
2016.09.27 16:30:12.998,1.32328,1.32336,1.00,2.62
2016.09.27 16:30:13.396,1.32328,1.32336,1.00,3.00
2016.09.27 16:30:17.493,1.32328,1.32336,1.50,3.00
2016.09.27 16:30:18.184,1.32328,1.32336,2.25,3.00
2016.09.27 16:30:18.286,1.32328,1.32336,1.50,3.00
2016.09.27 16:30:18.337,1.32328,1.32336,1.50,2.62
2016.09.27 16:30:18.388,1.32328,1.32336,2.62,2.25
2016.09.27 16:30:18.439,1.32328,1.32337,2.62,1.50
2016.09.27 16:30:18.490,1.32328,1.32337,1.50,1.50
2016.09.27 16:30:18.571,1.32328,1.32337,2.25,1.50
2016.09.27 16:30:18.777,1.32328,1.32337,3.00,1.50
2016.09.27 16:30:18.879,1.32329,1.32337,1.00,1.50
2016.09.27 16:30:18.981,1.32329,1.32336,1.00,1.12
2016.09.27 16:30:19.337,1.32328,1.32336,1.50,1.12
2016.09.27 16:30:19.841,1.32328,1.32336,1.00,1.12
2016.09.27 16:30:19.892,1.32327,1.32336,3.37,1.12
2016.09.27 16:30:19.943,1.32328,1.32336,1.00,1.12
2016.09.27 16:30:20.259,1.32327,1.32336,3.37,1.12
2016.09.27 16:30:20.310,1.32327,1.32336,2.62,1.12
2016.09.27 16:30:20.361,1.32327,1.32336,1.87,1.12
2016.09.27 16:30:20.818,1.32327,1.32336,1.87,1.50
2016.09.27 16:30:20.921,1.32327,1.32336,1.87,3.75
2016.09.27 16:30:20.972,1.32327,1.32336,1.12,4.50
2016.09.27 16:30:21.024,1.32327,1.32336,1.12,5.25
2016.09.27 16:30:21.152,1.32327,1.32336,1.12,3.75
2016.09.27 16:30:21.203,1.32327,1.32336,1.12,3.75
2016.09.27 16:30:21.255,1.32327,1.32336,1.12,4.50
2016.09.27 16:30:21.307,1.32327,1.32336,1.12,4.50
2016.09.27 16:30:21.411,1.32327,1.32336,1.12,4.50
2016.09.27 16:30:21.463,1.32327,1.32336,1.12,3.75
2016.09.27 16:30:22.093,1.32327,1.32336,1.12,3.75
2016.09.27 16:30:23.489,1.32327,1.32336,1.12,3.75
2016.09.27 16:30:24.095,1.32327,1.32336,1.12,3.75
2016.09.27 16:30:24.146,1.32327,1.32335,1.12,1.37
2016.09.27 16:30:24.959,1.32327,1.32336,1.12,4.50
2016.09.27 16:30:25.061,1.32327,1.32336,1.12,3.75
2016.09.27 16:30:25.215,1.32328,1.32336,1.00,3.00
2016.09.27 16:30:25.314,1.32329,1.32337,1.12,1.37
2016.09.27 16:30:25.416,1.32329,1.32337,1.50,1.00
2016.09.27 16:30:25.468,1.32329,1.32339,1.50,3.75
2016.09.27 16:30:25.519,1.32329,1.32339,1.50,3.75
2016.09.27 16:30:25.570,1.32329,1.32338,1.50,1.00
2016.09.27 16:30:25.672,1.32329,1.32339,1.50,2.25
2016.09.27 16:30:25.723,1.32329,1.32338,1.12,3.00
2016.09.27 16:30:25.775,1.32329,1.32337,1.12,2.06
2016.09.27 16:30:25.826,1.32327,1.32336,1.00,1.62
2016.09.27 16:30:25.877,1.32327,1.32336,1.00,1.37
2016.09.27 16:30:25.994,1.32326,1.32336,2.62,1.37
2016.09.27 16:30:26.045,1.32326,1.32336,1.87,1.37
2016.09.27 16:30:26.198,1.32326,1.32336,1.12,1.87
2016.09.27 16:30:27.229,1.32326,1.32336,1.59,1.87
2016.09.27 16:30:27.280,1.32326,1.32336,1.59,1.50
2016.09.27 16:30:27.331,1.32326,1.32336,1.97,1.50
2016.09.27 16:30:27.383,1.32326,1.32336,2.72,1.50
2016.09.27 16:30:27.543,1.32326,1.32336,1.97,1.50
2016.09.27 16:30:27.853,1.32326,1.32336,1.97,1.87
2016.09.27 16:30:27.904,1.32326,1.32335,1.59,1.00
2016.09.27 16:30:28.000,1.32326,1.32335,1.59,2.62
2016.09.27 16:30:28.356,1.32326,1.32335,2.34,2.62
2016.09.27 16:30:28.407,1.32327,1.32335,1.00,2.62
2016.09.27 16:30:28.509,1.32327,1.32335,1.00,2.25
2016.09.27 16:30:28.560,1.32328,1.32337,1.12,3.75
2016.09.27 16:30:28.611,1.32328,1.32337,1.12,3.00
2016.09.27 16:30:28.967,1.32328,1.32337,1.12,2.62
2016.09.27 16:30:29.111,1.32328,1.32335,1.00,1.00
2016.09.27 16:30:31.417,1.32328,1.32337,1.12,3.37
2016.09.27 16:30:31.468,1.32328,1.32337,1.50,1.50
2016.09.27 16:30:32.102,1.32328,1.32337,1.00,1.00
2016.09.27 16:30:32.153,1.32328,1.32337,1.12,1.00
2016.09.27 16:30:32.206,1.32328,1.32337,1.87,1.00
2016.09.27 16:30:32.257,1.32328,1.32338,1.12,2.62
2016.09.27 16:30:32.308,1.32328,1.32338,1.12,2.62
2016.09.27 16:30:32.360,1.32328,1.32338,1.00,2.62
2016.09.27 16:30:32.411,1.32329,1.32338,1.00,3.37
2016.09.27 16:30:32.462,1.32329,1.32338,1.50,3.75
2016.09.27 16:30:32.513,1.32329,1.32337,1.00,1.50
2016.09.27 16:30:32.564,1.32327,1.32337,1.87,1.50
2016.09.27 16:30:32.615,1.32327,1.32337,2.25,1.37
2016.09.27 16:30:32.667,1.32327,1.32337,2.25,1.12
2016.09.27 16:30:32.759,1.32327,1.32337,2.25,1.37
2016.09.27 16:30:32.811,1.32327,1.32336,1.50,1.00
2016.09.27 16:30:32.913,1.32327,1.32336,2.25,1.00
2016.09.27 16:30:34.283,1.32327,1.32336,2.25,1.12
2016.09.27 16:30:34.433,1.32327,1.32336,1.50,1.37
2016.09.27 16:30:34.790,1.32327,1.32337,1.50,5.25
2016.09.27 16:30:35.510,1.32327,1.32337,1.00,5.25
2016.09.27 16:30:35.599,1.32327,1.32337,1.00,6.00
2016.09.27 16:30:35.753,1.32327,1.32336,1.00,1.37
2016.09.27 16:30:36.109,1.32327,1.32336,1.00,1.37
2016.09.27 16:30:36.262,1.32326,1.32336,2.81,1.37
2016.09.27 16:30:36.386,1.32326,1.32336,2.62,1.37
2016.09.27 16:30:36.437,1.32326,1.32337,3.00,7.12
2016.09.27 16:30:36.538,1.32326,1.32336,3.00,3.00
2016.09.27 16:30:36.792,1.32326,1.32335,3.00,1.50
2016.09.27 16:30:36.843,1.32326,1.32335,2.25,1.50
2016.09.27 16:30:37.454,1.32326,1.32335,1.50,1.50
2016.09.27 16:30:37.558,1.32326,1.32335,1.50,1.87
2016.09.27 16:30:37.660,1.32326,1.32334,1.50,1.00
2016.09.27 16:30:37.711,1.32326,1.32334,1.50,1.00
2016.09.27 16:30:37.762,1.32326,1.32332,1.50,1.12
2016.09.27 16:30:37.814,1.32324,1.32332,2.62,1.87
2016.09.27 16:30:37.865,1.32322,1.32331,3.37,3.00
2016.09.27 16:30:37.916,1.32322,1.32331,2.62,4.50
2016.09.27 16:30:37.967,1.32322,1.32331,1.00,6.00
2016.09.27 16:30:38.069,1.3232,1.3233,1.12,2.25
2016.09.27 16:30:38.120,1.3232,1.3233,1.12,2.25
2016.09.27 16:30:38.171,1.3232,1.32331,1.12,7.87
2016.09.27 16:30:38.273,1.3232,1.3233,1.12,1.50
2016.09.27 16:30:38.818,1.3232,1.32329,1.12,1.12
2016.09.27 16:30:39.283,1.3232,1.32329,1.12,1.50
2016.09.27 16:30:39.537,1.32319,1.32328,3.00,1.00
2016.09.27 16:30:39.773,1.32319,1.32328,2.25,1.00
2016.09.27 16:30:40.235,1.32319,1.32328,1.87,1.00
2016.09.27 16:30:40.324,1.32319,1.32328,1.87,1.12
2016.09.27 16:30:40.557,1.32319,1.32328,2.62,1.12
2016.09.27 16:30:40.608,1.32325,1.32329,1.00,1.87
2016.09.27 16:30:40.710,1.32324,1.3233,2.25,2.62
2016.09.27 16:30:40.761,1.32325,1.32331,1.50,3.37
2016.09.27 16:30:40.812,1.32325,1.32331,1.50,2.62
2016.09.27 16:30:40.863,1.32326,1.32333,1.00,5.62
2016.09.27 16:30:40.914,1.32326,1.32333,1.00,4.87
2016.09.27 16:30:40.966,1.32326,1.32333,1.50,3.00
2016.09.27 16:30:41.068,1.32326,1.32333,1.00,4.12
2016.09.27 16:30:41.272,1.32328,1.32332,1.00,1.00
2016.09.27 16:30:41.378,1.32328,1.32333,1.50,1.00
2016.09.27 16:30:41.480,1.32329,1.32335,1.00,1.37
2016.09.27 16:30:41.533,1.32329,1.32336,1.50,3.37
2016.09.27 16:30:41.584,1.32329,1.32335,1.50,2.62
2016.09.27 16:30:41.992,1.3233,1.32335,1.00,2.62
2016.09.27 16:30:42.656,1.3233,1.32336,1.00,1.50
2016.09.27 16:30:42.707,1.32329,1.32336,1.50,1.50
2016.09.27 16:30:42.862,1.3233,1.32336,1.00,1.50
2016.09.27 16:30:42.964,1.32329,1.32336,1.50,1.50
2016.09.27 16:30:43.067,1.3233,1.32336,1.00,1.50
2016.09.27 16:30:43.895,1.32329,1.32336,1.50,1.50
2016.09.27 16:30:44.633,1.32329,1.32337,2.25,3.37
2016.09.27 16:30:44.685,1.32331,1.32337,1.00,3.37
2016.09.27 16:30:44.736,1.32331,1.32337,1.50,3.37
2016.09.27 16:30:44.787,1.32331,1.32337,1.50,1.50
2016.09.27 16:30:44.838,1.32331,1.32338,1.50,2.62
2016.09.27 16:30:45.226,1.32332,1.32338,1.00,2.62
2016.09.27 16:30:45.278,1.32332,1.32338,1.50,2.62
2016.09.27 16:30:45.447,1.32332,1.32338,1.50,2.25
2016.09.27 16:30:45.498,1.32332,1.32339,1.00,1.12
2016.09.27 16:30:45.600,1.32332,1.32339,1.50,1.12
2016.09.27 16:30:45.856,1.32333,1.32339,1.00,1.12
2016.09.27 16:30:46.191,1.32333,1.32339,1.00,1.00
2016.09.27 16:30:46.446,1.32334,1.32339,1.00,1.00
2016.09.27 16:30:46.498,1.32336,1.3234,1.50,1.12
2016.09.27 16:30:46.549,1.32336,1.32342,1.50,2.62
2016.09.27 16:30:46.600,1.32337,1.32343,1.00,2.62
2016.09.27 16:30:46.735,1.32339,1.32346,1.00,2.43
2016.09.27 16:30:46.787,1.32339,1.32346,1.00,1.68
2016.09.27 16:30:46.891,1.32339,1.32346,1.50,1.68
2016.09.27 16:30:46.989,1.32339,1.32346,2.25,1.00
2016.09.27 16:30:47.091,1.32339,1.32346,1.50,1.00
2016.09.27 16:30:47.192,1.32339,1.32346,1.00,1.00
2016.09.27 16:30:47.244,1.32338,1.32345,1.50,1.00
2016.09.27 16:30:47.295,1.32337,1.32345,2.25,1.37
2016.09.27 16:30:47.397,1.32337,1.32345,1.87,1.50
2016.09.27 16:30:47.448,1.32337,1.32345,1.37,2.25
2016.09.27 16:30:47.556,1.32336,1.32345,1.12,2.44
2016.09.27 16:30:47.607,1.32336,1.32343,1.50,1.31
2016.09.27 16:30:47.865,1.32336,1.32343,1.50,1.00
2016.09.27 16:30:48.394,1.32336,1.32344,1.50,1.12
2016.09.27 16:30:48.446,1.32338,1.32344,1.00,1.12
2016.09.27 16:30:48.497,1.32338,1.32344,1.00,2.25
2016.09.27 16:30:48.600,1.32338,1.32342,1.50,1.00
2016.09.27 16:30:48.702,1.32338,1.32346,1.50,1.50
2016.09.27 16:30:48.754,1.32338,1.32346,2.25,1.00
2016.09.27 16:30:48.805,1.32338,1.32346,1.50,1.00
2016.09.27 16:30:48.857,1.3234,1.32346,1.00,1.00
2016.09.27 16:30:48.959,1.32338,1.32346,1.50,1.00
2016.09.27 16:30:49.010,1.32338,1.32347,1.87,1.37
2016.09.27 16:30:49.061,1.32338,1.32346,1.87,1.12
2016.09.27 16:30:49.112,1.32338,1.32346,2.62,1.12
2016.09.27 16:30:50.012,1.32338,1.32346,1.87,1.12
2016.09.27 16:30:50.161,1.32338,1.32346,1.37,1.12
2016.09.27 16:30:50.518,1.32337,1.32345,1.00,1.25
2016.09.27 16:30:50.569,1.32336,1.32345,3.00,1.25
2016.09.27 16:30:50.620,1.32336,1.32345,3.00,1.69
2016.09.27 16:30:50.723,1.32336,1.32345,2.62,2.06
2016.09.27 16:30:50.774,1.32336,1.32344,1.50,1.00
2016.09.27 16:30:50.876,1.32336,1.32344,1.50,1.50
2016.09.27 16:30:50.927,1.32335,1.32344,1.12,1.50
2016.09.27 16:30:51.021,1.32335,1.32344,1.12,3.00
2016.09.27 16:30:51.073,1.32334,1.32339,1.12,1.25
2016.09.27 16:30:51.126,1.32331,1.32338,3.00,1.12
2016.09.27 16:30:51.178,1.32331,1.32338,2.62,1.31
2016.09.27 16:30:51.230,1.32331,1.32335,2.62,1.00
2016.09.27 16:30:51.281,1.32327,1.32335,2.25,1.00
2016.09.27 16:30:51.384,1.32328,1.32334,1.00,1.12
2016.09.27 16:30:51.487,1.32327,1.32334,1.50,1.37
2016.09.27 16:30:51.589,1.32327,1.32334,1.50,1.50
2016.09.27 16:30:51.844,1.32327,1.32334,1.00,2.25
2016.09.27 16:30:51.999,1.32326,1.32333,1.50,2.62
2016.09.27 16:30:52.581,1.32326,1.32333,1.00,2.62
2016.09.27 16:30:52.800,1.32326,1.32333,1.50,2.62
2016.09.27 16:30:52.903,1.32326,1.32335,1.00,2.62
2016.09.27 16:30:52.954,1.32326,1.32335,1.50,2.62
2016.09.27 16:30:53.005,1.32326,1.32335,2.25,2.62
2016.09.27 16:30:53.057,1.32326,1.32335,2.25,2.62
2016.09.27 16:30:53.108,1.32326,1.32333,2.25,1.00
2016.09.27 16:30:53.210,1.32327,1.32333,1.00,1.00
2016.09.27 16:30:53.516,1.32326,1.32333,2.25,1.00
2016.09.27 16:30:53.720,1.32329,1.32333,1.00,1.00
2016.09.27 16:30:53.822,1.32329,1.32337,1.50,2.62
2016.09.27 16:30:53.954,1.32329,1.32338,1.87,3.37
2016.09.27 16:30:54.005,1.32329,1.32338,1.12,3.37
2016.09.27 16:30:54.255,1.32329,1.32338,1.50,3.37
2016.09.27 16:30:54.307,1.32329,1.32338,2.25,3.37
2016.09.27 16:30:54.409,1.32329,1.32338,2.25,1.50
2016.09.27 16:30:54.478,1.32329,1.32338,2.25,1.12
2016.09.27 16:30:54.580,1.32329,1.32338,1.50,1.12
2016.09.27 16:30:54.682,1.32329,1.32338,2.25,1.12
2016.09.27 16:30:54.900,1.32329,1.32338,1.50,1.12
2016.09.27 16:30:54.951,1.32329,1.32338,1.12,1.12
2016.09.27 16:30:55.053,1.32329,1.32338,1.12,1.87
2016.09.27 16:30:55.104,1.32329,1.32338,1.87,1.87
2016.09.27 16:30:55.309,1.32329,1.32338,1.12,1.87
2016.09.27 16:30:55.360,1.32329,1.32338,1.50,1.87
2016.09.27 16:30:55.411,1.32329,1.32338,1.12,3.75
2016.09.27 16:30:55.462,1.32329,1.32338,1.50,3.75
2016.09.27 16:30:55.532,1.32329,1.32338,1.50,3.00
2016.09.27 16:30:55.583,1.3233,1.32338,1.87,1.37
2016.09.27 16:30:56.601,1.3233,1.32338,1.87,1.12
2016.09.27 16:30:56.727,1.32331,1.32338,1.12,1.12
2016.09.27 16:30:57.490,1.3233,1.32338,1.87,1.12
2016.09.27 16:30:57.694,1.32331,1.32338,1.12,1.12
2016.09.27 16:30:59.014,1.3233,1.32338,1.87,1.12
2016.09.27 16:30:59.116,1.32331,1.32338,1.12,1.12
2016.09.27 16:30:59.693,1.3233,1.32338,1.87,1.12
2016.09.27 16:31:00.217,1.3233,1.3234,1.50,3.37
2016.09.27 16:31:00.273,1.3233,1.32338,1.50,1.12
2016.09.27 16:31:00.324,1.3233,1.32338,1.50,1.50
2016.09.27 16:31:00.527,1.32331,1.32338,1.00,1.50
2016.09.27 16:31:01.191,1.3233,1.32338,3.75,1.50
2016.09.27 16:31:01.383,1.32331,1.32338,1.00,1.50
2016.09.27 16:31:01.850,1.32332,1.32338,1.00,1.00
2016.09.27 16:31:01.902,1.32334,1.3234,1.00,2.62
2016.09.27 16:31:02.001,1.32334,1.32339,1.00,1.00
2016.09.27 16:31:02.052,1.32334,1.32339,1.50,1.00
2016.09.27 16:31:02.103,1.32334,1.32339,1.00,1.00
2016.09.27 16:31:02.206,1.32334,1.32341,1.50,3.37
2016.09.27 16:31:02.310,1.32334,1.3234,1.00,1.00
2016.09.27 16:31:02.479,1.32334,1.32341,1.00,3.37
2016.09.27 16:31:02.632,1.32334,1.32341,1.50,3.37
2016.09.27 16:31:03.142,1.32334,1.32341,1.50,2.62
2016.09.27 16:31:03.294,1.32334,1.32341,1.00,2.62
2016.09.27 16:31:03.395,1.32334,1.32339,1.00,1.50
2016.09.27 16:31:03.447,1.3233,1.32338,1.50,1.50
2016.09.27 16:31:03.499,1.32329,1.32338,3.00,1.87
2016.09.27 16:31:03.551,1.32329,1.32336,2.62,2.25
2016.09.27 16:31:03.604,1.3233,1.32336,1.00,3.37
2016.09.27 16:31:03.656,1.32329,1.32335,1.00,2.25
2016.09.27 16:31:03.708,1.32328,1.32333,1.00,1.00
2016.09.27 16:31:03.912,1.32328,1.32333,1.50,1.00
2016.09.27 16:31:04.013,1.32328,1.32333,1.00,1.00
2016.09.27 16:31:04.691,1.32328,1.32333,1.50,1.00
2016.09.27 16:31:05.311,1.32329,1.32333,1.00,1.00
2016.09.27 16:31:05.362,1.32327,1.32333,2.25,1.00
2016.09.27 16:31:05.413,1.32327,1.32333,1.50,1.00
2016.09.27 16:31:06.194,1.32327,1.32333,2.62,1.00
2016.09.27 16:31:06.298,1.32327,1.32333,1.50,1.00
2016.09.27 16:31:06.445,1.32326,1.32333,1.00,3.37
2016.09.27 16:31:06.500,1.32325,1.32332,1.50,1.50
2016.09.27 16:31:06.551,1.32325,1.32331,1.50,2.25
2016.09.27 16:31:06.603,1.32326,1.32331,1.00,2.62
2016.09.27 16:31:06.654,1.32325,1.32329,1.00,1.12
2016.09.27 16:31:06.705,1.32324,1.32328,1.00,1.00
2016.09.27 16:31:06.756,1.32321,1.32328,2.25,1.37
2016.09.27 16:31:06.807,1.32322,1.32328,1.00,1.37
2016.09.27 16:31:06.859,1.32322,1.32328,1.00,3.00
2016.09.27 16:31:06.910,1.32322,1.32326,1.00,1.00
2016.09.27 16:31:07.336,1.32321,1.32326,2.25,1.00
2016.09.27 16:31:07.540,1.32322,1.32326,1.00,1.00
2016.09.27 16:31:07.902,1.3232,1.32326,1.00,1.00
2016.09.27 16:31:08.058,1.32317,1.32325,1.00,3.00
2016.09.27 16:31:08.109,1.32317,1.32324,1.00,1.50
2016.09.27 16:31:08.161,1.32317,1.32324,1.00,4.12
2016.09.27 16:31:08.263,1.32316,1.32322,1.00,2.25
2016.09.27 16:31:08.314,1.32316,1.32322,1.00,2.62
2016.09.27 16:31:08.563,1.32316,1.32322,1.00,2.62
2016.09.27 16:31:08.666,1.32317,1.32321,1.00,1.00
2016.09.27 16:31:08.718,1.32317,1.32323,1.00,2.62
2016.09.27 16:31:09.184,1.32318,1.32322,1.00,1.00
2016.09.27 16:31:09.722,1.32317,1.32323,1.00,3.37
2016.09.27 16:31:10.234,1.32315,1.32323,1.00,3.37
2016.09.27 16:31:10.313,1.32312,1.32322,4.50,1.50
2016.09.27 16:31:10.415,1.32312,1.3232,1.00,2.62
2016.09.27 16:31:10.466,1.32311,1.32318,1.00,2.25
2016.09.27 16:31:10.518,1.32311,1.32318,1.00,2.62
2016.09.27 16:31:10.570,1.3231,1.32318,1.12,2.62
2016.09.27 16:31:10.621,1.3231,1.32318,1.00,2.62
2016.09.27 16:31:10.723,1.3231,1.32316,1.12,1.00
2016.09.27 16:31:10.775,1.32309,1.32316,3.37,1.00
2016.09.27 16:31:10.826,1.32309,1.32316,1.00,1.00
2016.09.27 16:31:10.878,1.32309,1.32316,1.00,1.50
2016.09.27 16:31:10.929,1.32309,1.32316,1.00,2.62
2016.09.27 16:31:10.980,1.32308,1.32316,1.12,2.62
2016.09.27 16:31:11.031,1.32308,1.32315,1.50,3.37
2016.09.27 16:31:11.200,1.32308,1.32315,2.62,2.62
2016.09.27 16:31:11.251,1.32308,1.32314,2.62,1.00
2016.09.27 16:31:11.302,1.3231,1.32314,1.00,1.00
2016.09.27 16:31:11.354,1.3231,1.32316,1.50,2.62
2016.09.27 16:31:11.507,1.3231,1.32315,1.00,1.00
2016.09.27 16:31:12.938,1.3231,1.32315,1.50,1.00
2016.09.27 16:31:13.142,1.3231,1.32315,1.00,1.00
2016.09.27 16:31:13.373,1.3231,1.32315,1.50,1.00
2016.09.27 16:31:13.627,1.3231,1.32314,1.50,1.00
2016.09.27 16:31:13.678,1.32308,1.32312,1.00,1.50
2016.09.27 16:31:13.729,1.32306,1.32311,1.50,1.00
2016.09.27 16:31:13.780,1.32306,1.32311,1.12,1.00
2016.09.27 16:31:13.831,1.32305,1.32309,2.25,1.00
2016.09.27 16:31:13.882,1.32304,1.32309,1.12,1.37
2016.09.27 16:31:13.933,1.32304,1.32308,1.00,2.25
2016.09.27 16:31:14.035,1.32302,1.32308,1.50,2.62
2016.09.27 16:31:14.354,1.32299,1.32306,1.87,2.25
2016.09.27 16:31:14.405,1.32299,1.32304,1.50,1.12
2016.09.27 16:31:14.473,1.323,1.32304,1.00,1.12
2016.09.27 16:31:14.524,1.32299,1.32303,1.50,1.00
2016.09.27 16:31:14.575,1.32297,1.32303,2.25,3.00
2016.09.27 16:31:14.627,1.32297,1.32303,2.25,3.37
2016.09.27 16:31:14.678,1.32296,1.32302,2.25,2.62
2016.09.27 16:31:14.780,1.32297,1.32301,2.25,1.00
2016.09.27 16:31:14.904,1.323,1.32304,1.00,7.50
2016.09.27 16:31:16.335,1.323,1.32304,1.00,6.75
2016.09.27 16:31:16.641,1.32297,1.32303,2.25,2.62
2016.09.27 16:31:16.742,1.32298,1.32302,1.50,1.00
2016.09.27 16:31:16.844,1.323,1.32304,1.00,2.62
2016.09.27 16:31:17.011,1.323,1.32304,1.00,4.50
2016.09.27 16:31:18.439,1.32299,1.32304,1.50,2.62
2016.09.27 16:31:19.059,1.323,1.32304,1.00,2.62
2016.09.27 16:31:19.516,1.323,1.32304,1.00,3.37
2016.09.27 16:31:19.568,1.32299,1.32304,1.50,3.37
2016.09.27 16:31:19.670,1.323,1.32304,1.00,3.37
2016.09.27 16:31:20.406,1.32299,1.32304,1.00,3.37
2016.09.27 16:31:20.751,1.32298,1.32304,1.50,3.37
2016.09.27 16:31:21.466,1.32298,1.32303,1.00,1.37
2016.09.27 16:31:21.517,1.32298,1.32303,1.00,1.87
2016.09.27 16:31:21.568,1.32296,1.32302,1.50,2.25
2016.09.27 16:31:21.671,1.32297,1.32302,1.50,2.62
2016.09.27 16:31:21.770,1.32296,1.32302,1.00,2.62
2016.09.27 16:31:21.821,1.32294,1.32302,1.00,2.62
2016.09.27 16:31:21.872,1.32294,1.32301,1.12,1.00
2016.09.27 16:31:21.923,1.32294,1.32301,1.87,1.00
2016.09.27 16:31:22.001,1.32294,1.32301,2.62,1.00
2016.09.27 16:31:22.052,1.32295,1.32301,1.00,1.00
2016.09.27 16:31:22.155,1.32294,1.32303,4.87,1.50
2016.09.27 16:31:22.257,1.32294,1.32303,5.25,1.50
2016.09.27 16:31:22.359,1.32295,1.32303,1.12,1.50
2016.09.27 16:31:22.410,1.32295,1.32303,1.00,1.50
2016.09.27 16:31:22.461,1.32294,1.32303,3.37,1.50
2016.09.27 16:31:23.099,1.32294,1.32303,1.87,1.50
2016.09.27 16:31:23.672,1.32294,1.32303,2.62,1.50
2016.09.27 16:31:23.774,1.32294,1.32303,1.87,1.50
2016.09.27 16:31:25.131,1.32295,1.32303,1.00,1.00
2016.09.27 16:31:27.534,1.32295,1.32303,1.12,1.00
2016.09.27 16:31:27.758,1.32295,1.32303,1.12,1.50
2016.09.27 16:31:27.910,1.32294,1.32302,1.37,1.00
2016.09.27 16:31:27.961,1.32294,1.32302,1.12,1.00
2016.09.27 16:31:28.064,1.32293,1.32302,2.25,1.12
2016.09.27 16:31:28.115,1.32293,1.32302,2.25,1.50
2016.09.27 16:31:28.167,1.32293,1.32302,2.25,2.62
2016.09.27 16:31:28.231,1.32294,1.323,1.12,1.00
2016.09.27 16:31:28.282,1.32294,1.32303,2.44,2.62
2016.09.27 16:31:28.385,1.32294,1.32303,3.19,2.62
2016.09.27 16:31:28.437,1.32296,1.32303,1.12,2.62
2016.09.27 16:31:28.540,1.32296,1.32304,1.12,2.62
2016.09.27 16:31:28.668,1.32296,1.32304,1.87,2.62
2016.09.27 16:31:28.719,1.32298,1.32304,1.00,2.62
2016.09.27 16:31:28.770,1.32298,1.32306,1.00,2.62
2016.09.27 16:31:28.872,1.32298,1.32306,1.12,2.62
2016.09.27 16:31:28.974,1.32298,1.32306,1.00,2.62
2016.09.27 16:31:29.231,1.32298,1.32306,1.50,2.62
2016.09.27 16:31:29.282,1.32298,1.32306,2.06,2.62
2016.09.27 16:31:29.333,1.323,1.32306,1.12,2.62
2016.09.27 16:31:29.384,1.323,1.32307,1.00,1.50
2016.09.27 16:31:29.436,1.32298,1.32307,1.87,1.50
2016.09.27 16:31:29.563,1.32298,1.32307,1.12,1.37
2016.09.27 16:31:29.665,1.32298,1.32307,1.37,2.62
2016.09.27 16:31:29.716,1.32298,1.32305,1.37,1.00
2016.09.27 16:31:29.813,1.32298,1.32305,1.62,1.00
2016.09.27 16:31:29.867,1.32298,1.32305,1.87,1.00
2016.09.27 16:31:29.919,1.32301,1.32305,1.00,1.00
2016.09.27 16:31:30.022,1.32298,1.32305,1.50,1.00
2016.09.27 16:31:30.073,1.32298,1.32306,1.50,2.62
2016.09.27 16:31:30.125,1.32298,1.32304,1.50,1.00
2016.09.27 16:31:30.176,1.32298,1.32306,1.00,1.00
2016.09.27 16:31:30.278,1.32298,1.32306,1.50,3.00
2016.09.27 16:31:30.482,1.32298,1.32306,1.00,2.62
2016.09.27 16:31:30.584,1.32298,1.32306,1.87,2.62
2016.09.27 16:31:30.635,1.32298,1.32306,1.00,2.62
2016.09.27 16:31:30.857,1.32302,1.32306,2.62,1.50
2016.09.27 16:31:30.909,1.32307,1.32311,1.00,9.00
2016.09.27 16:31:30.960,1.32307,1.32311,1.00,6.75
2016.09.27 16:31:31.012,1.32308,1.32312,1.12,10.12
2016.09.27 16:31:31.109,1.32308,1.32312,1.87,2.62
2016.09.27 16:31:31.160,1.32308,1.32312,2.25,2.62
2016.09.27 16:31:31.211,1.32308,1.32313,2.62,3.75
2016.09.27 16:31:31.262,1.32309,1.32313,1.00,3.75
2016.09.27 16:31:31.313,1.32308,1.32315,4.50,3.75
2016.09.27 16:31:31.364,1.32308,1.32312,4.50,1.87
2016.09.27 16:31:31.487,1.32308,1.32317,2.25,1.37
2016.09.27 16:31:31.538,1.32308,1.32317,2.62,1.37
2016.09.27 16:31:31.644,1.32308,1.32317,2.25,1.37
2016.09.27 16:31:32.052,1.32308,1.32317,2.62,1.37
2016.09.27 16:31:32.520,1.32308,1.32317,2.25,1.37
2016.09.27 16:31:33.084,1.32309,1.32317,3.37,1.37
2016.09.27 16:31:33.135,1.3231,1.32317,1.12,1.37
2016.09.27 16:31:33.187,1.3231,1.3232,4.50,1.12
2016.09.27 16:31:33.239,1.32311,1.3232,1.50,1.20
2016.09.27 16:31:33.290,1.32311,1.32322,3.00,2.03
2016.09.27 16:31:33.341,1.32311,1.32322,3.19,2.03
2016.09.27 16:31:33.513,1.32314,1.32321,1.12,1.57
2016.09.27 16:31:33.615,1.32314,1.32323,1.12,3.46
2016.09.27 16:31:33.666,1.32314,1.32323,1.00,2.71
2016.09.27 16:31:33.718,1.32314,1.32324,1.50,3.46
2016.09.27 16:31:33.769,1.32314,1.32324,1.54,2.62
2016.09.27 16:31:33.821,1.32315,1.32324,1.00,2.62
2016.09.27 16:31:33.872,1.32315,1.32322,1.00,1.00
2016.09.27 16:31:33.923,1.32315,1.32323,1.50,2.62
2016.09.27 16:31:34.026,1.32315,1.32322,1.50,1.00
2016.09.27 16:31:34.077,1.32315,1.32324,1.50,2.25
2016.09.27 16:31:34.128,1.32315,1.32326,1.87,2.62
2016.09.27 16:31:34.433,1.32317,1.32326,1.00,2.62
2016.09.27 16:31:34.970,1.32317,1.32324,1.00,1.00
2016.09.27 16:31:35.021,1.32317,1.32325,1.00,2.62
2016.09.27 16:31:37.277,1.32317,1.32325,1.00,2.62
2016.09.27 16:31:37.379,1.32318,1.32325,1.00,2.62
2016.09.27 16:31:38.040,1.32317,1.32325,1.00,2.62
2016.09.27 16:31:38.851,1.32318,1.32325,1.00,2.62
2016.09.27 16:31:38.904,1.32318,1.32325,1.00,2.62
2016.09.27 16:31:39.831,1.32316,1.32325,1.50,2.62
2016.09.27 16:31:40.620,1.32317,1.32325,1.00,2.62
2016.09.27 16:31:40.671,1.32317,1.32325,1.00,2.62
2016.09.27 16:31:40.722,1.32319,1.32326,1.00,2.62
2016.09.27 16:31:40.977,1.32319,1.32326,1.00,3.37
2016.09.27 16:31:41.181,1.32319,1.32325,1.00,1.50
2016.09.27 16:31:41.355,1.32319,1.32326,1.00,4.12
2016.09.27 16:31:41.777,1.32319,1.32325,1.00,1.37
2016.09.27 16:31:41.829,1.32319,1.32325,1.00,1.00
2016.09.27 16:31:41.983,1.32319,1.32325,1.00,1.50
2016.09.27 16:31:42.289,1.32319,1.32325,1.00,1.00
2016.09.27 16:31:42.799,1.32319,1.32328,1.00,5.62
2016.09.27 16:31:42.850,1.32319,1.32328,1.12,5.62
2016.09.27 16:31:43.003,1.32319,1.32327,1.12,1.37
2016.09.27 16:31:43.054,1.32319,1.32328,1.12,5.62
2016.09.27 16:31:43.175,1.32319,1.32327,1.12,1.37
2016.09.27 16:31:43.277,1.32319,1.32328,1.12,5.62
2016.09.27 16:31:43.473,1.32319,1.32328,1.12,5.62
2016.09.27 16:31:43.577,1.32319,1.32328,1.12,5.62
2016.09.27 16:31:43.732,1.32317,1.32326,5.62,1.12
2016.09.27 16:31:43.784,1.32317,1.32324,1.37,1.00
2016.09.27 16:31:43.835,1.32314,1.32324,2.62,1.00
2016.09.27 16:31:43.886,1.32314,1.32324,2.25,3.00
2016.09.27 16:31:43.937,1.32313,1.32322,3.00,1.00
2016.09.27 16:31:44.040,1.32313,1.32322,3.37,1.00
2016.09.27 16:31:44.091,1.32313,1.32322,4.87,1.00
2016.09.27 16:31:44.142,1.32313,1.32322,4.50,1.00
2016.09.27 16:31:44.438,1.32313,1.32322,2.25,1.00
2016.09.27 16:31:44.693,1.32313,1.32322,2.25,1.00
2016.09.27 16:31:44.795,1.32313,1.32322,3.00,1.00
2016.09.27 16:31:45.787,1.32313,1.32322,2.25,1.00
2016.09.27 16:31:45.838,1.32313,1.32322,1.50,1.00
2016.09.27 16:31:45.889,1.32313,1.32323,1.50,1.50
2016.09.27 16:31:45.940,1.32314,1.32323,1.00,1.50
2016.09.27 16:31:46.895,1.32314,1.32323,1.00,1.00
2016.09.27 16:31:47.737,1.32314,1.32323,1.12,1.50
2016.09.27 16:31:47.839,1.32314,1.32323,4.87,1.50
2016.09.27 16:31:47.942,1.32314,1.32323,5.62,1.50
2016.09.27 16:31:47.994,1.32314,1.32323,5.62,1.12
2016.09.27 16:31:48.045,1.32314,1.32324,1.87,1.87
2016.09.27 16:31:48.097,1.32314,1.32324,2.25,1.87
2016.09.27 16:31:48.199,1.32314,1.32324,1.87,1.87
2016.09.27 16:31:48.846,1.32314,1.32323,1.87,1.12
2016.09.27 16:31:48.948,1.32314,1.32324,1.87,1.87
2016.09.27 16:31:49.152,1.32314,1.32324,1.87,1.37
2016.09.27 16:31:49.203,1.32314,1.32325,1.87,4.87
2016.09.27 16:31:49.406,1.32314,1.32322,1.87,1.00
2016.09.27 16:31:49.457,1.32314,1.32322,1.50,1.00
2016.09.27 16:31:49.508,1.32314,1.32322,1.50,1.00
2016.09.27 16:31:49.896,1.32314,1.32322,1.50,1.00
2016.09.27 16:31:49.947,1.32314,1.32322,1.50,1.50
2016.09.27 16:31:50.151,1.32314,1.32322,1.50,1.00
2016.09.27 16:31:50.507,1.32314,1.32322,1.50,1.00
2016.09.27 16:31:50.647,1.32314,1.32323,1.50,1.12
2016.09.27 16:31:51.551,1.32314,1.32324,1.50,1.87
2016.09.27 16:31:51.652,1.32314,1.32323,1.50,1.12
2016.09.27 16:31:52.704,1.32314,1.32323,1.50,1.12
2016.09.27 16:31:52.755,1.32314,1.32324,2.25,1.87
2016.09.27 16:31:52.806,1.32314,1.32324,1.50,1.87
2016.09.27 16:31:52.857,1.32314,1.32323,1.50,1.12
2016.09.27 16:31:52.908,1.32314,1.32323,1.87,1.12
2016.09.27 16:31:53.010,1.32314,1.32323,1.50,1.12
2016.09.27 16:31:53.062,1.32314,1.32324,1.50,1.87
2016.09.27 16:31:53.472,1.32314,1.32324,1.87,1.87
2016.09.27 16:31:53.574,1.32314,1.32324,1.50,1.87
2016.09.27 16:31:54.086,1.32314,1.32324,1.87,1.87
2016.09.27 16:31:54.664,1.32314,1.32324,1.87,1.37
2016.09.27 16:31:54.716,1.32314,1.32325,1.87,4.87
2016.09.27 16:31:55.022,1.32314,1.32325,1.50,4.87
2016.09.27 16:31:56.927,1.32314,1.32325,1.50,4.12
2016.09.27 16:31:57.001,1.32314,1.32325,2.25,4.12
2016.09.27 16:31:57.575,1.32314,1.32325,1.50,3.37
2016.09.27 16:31:57.912,1.32314,1.32325,1.50,3.37
2016.09.27 16:31:57.965,1.32316,1.32325,1.50,3.37
2016.09.27 16:31:58.016,1.32317,1.32325,1.00,2.62
2016.09.27 16:31:58.067,1.32318,1.32325,1.37,3.37
2016.09.27 16:31:58.119,1.32318,1.32325,1.37,3.00
2016.09.27 16:31:58.170,1.32318,1.32325,1.50,1.12
2016.09.27 16:31:58.330,1.32318,1.32325,1.50,1.12
2016.09.27 16:31:58.737,1.32319,1.32327,1.37,3.00
2016.09.27 16:31:58.789,1.32319,1.32327,1.37,1.12
2016.09.27 16:31:58.916,1.32319,1.32328,1.62,1.50
2016.09.27 16:31:58.967,1.32319,1.32328,1.12,1.50
2016.09.27 16:31:59.019,1.32319,1.32328,1.87,1.37
2016.09.27 16:31:59.071,1.3232,1.3233,2.62,3.00
2016.09.27 16:31:59.123,1.3232,1.3233,2.25,3.00
2016.09.27 16:31:59.276,1.3232,1.32329,2.44,1.12
2016.09.27 16:31:59.328,1.3232,1.32329,2.81,1.12
2016.09.27 16:31:59.379,1.3232,1.3233,2.62,3.00
2016.09.27 16:31:59.551,1.32322,1.3233,1.00,2.25
2016.09.27 16:31:59.603,1.32322,1.32331,1.00,3.75
2016.09.27 16:31:59.666,1.32322,1.32331,1.87,1.87
2016.09.27 16:31:59.819,1.32322,1.3233,1.37,1.12
2016.09.27 16:31:59.870,1.32322,1.32329,1.50,1.50
2016.09.27 16:31:59.921,1.32323,1.32329,1.00,1.50
2016.09.27 16:31:59.972,1.32323,1.32329,1.00,1.87
2016.09.27 16:32:00.024,1.3232,1.32327,2.25,1.00
2016.09.27 16:32:00.075,1.32318,1.32327,1.12,1.12
2016.09.27 16:32:00.228,1.32318,1.32327,1.12,1.12
2016.09.27 16:32:00.391,1.32317,1.32326,1.87,2.62
2016.09.27 16:32:00.443,1.32317,1.32324,1.87,1.00
2016.09.27 16:32:00.495,1.32317,1.32324,1.50,1.00
2016.09.27 16:32:00.547,1.32317,1.32326,1.50,2.25
2016.09.27 16:32:00.598,1.32317,1.32327,1.87,3.37
2016.09.27 16:32:01.136,1.32317,1.32326,1.87,1.37
2016.09.27 16:32:01.239,1.32317,1.32326,2.62,1.37
2016.09.27 16:32:01.363,1.32319,1.32326,1.00,1.50
2016.09.27 16:32:01.465,1.32319,1.32326,1.00,1.00
2016.09.27 16:32:01.516,1.32317,1.32326,2.25,1.00
2016.09.27 16:32:01.567,1.32317,1.32326,2.25,1.87
2016.09.27 16:32:01.619,1.32317,1.32326,1.87,4.12
2016.09.27 16:32:01.670,1.32317,1.32324,1.00,1.00
2016.09.27 16:32:01.722,1.32317,1.32326,1.00,4.87
2016.09.27 16:32:01.774,1.32315,1.32326,4.50,4.87
2016.09.27 16:32:01.825,1.32317,1.32326,1.12,4.87
2016.09.27 16:32:01.902,1.32317,1.32326,1.50,3.37
2016.09.27 16:32:01.986,1.32317,1.32326,3.00,2.62
2016.09.27 16:32:02.097,1.32318,1.32327,1.50,1.00
2016.09.27 16:32:02.303,1.32318,1.32327,1.00,1.00
2016.09.27 16:32:02.456,1.32318,1.32327,1.00,1.00
2016.09.27 16:32:03.165,1.32321,1.32327,1.00,1.00
2016.09.27 16:32:03.252,1.32321,1.32327,1.37,1.00
2016.09.27 16:32:03.304,1.32321,1.32329,1.37,1.00
2016.09.27 16:32:03.407,1.32322,1.3233,1.50,1.87
2016.09.27 16:32:03.459,1.32322,1.3233,1.69,1.87
2016.09.27 16:32:03.511,1.32322,1.3233,1.69,1.00
2016.09.27 16:32:03.563,1.32322,1.32331,1.50,2.25
2016.09.27 16:32:03.615,1.32322,1.32331,1.50,4.12
2016.09.27 16:32:03.717,1.32322,1.32331,1.50,3.37
2016.09.27 16:32:04.041,1.32322,1.32331,1.50,3.37
2016.09.27 16:32:04.093,1.32322,1.32331,1.69,3.37
2016.09.27 16:32:04.144,1.32322,1.32331,1.69,3.37
2016.09.27 16:32:05.030,1.32322,1.32331,1.50,3.37
2016.09.27 16:32:05.339,1.32322,1.32331,1.50,3.37
2016.09.27 16:32:06.082,1.32322,1.32331,1.50,2.62
2016.09.27 16:32:06.446,1.32322,1.32331,2.25,2.62
2016.09.27 16:32:06.497,1.32323,1.32331,1.37,3.37
2016.09.27 16:32:06.548,1.32322,1.32331,2.25,3.37
2016.09.27 16:32:07.057,1.32322,1.32331,2.44,3.37
2016.09.27 16:32:07.185,1.32322,1.32331,2.25,3.37
2016.09.27 16:32:07.287,1.32324,1.32331,1.00,2.62
2016.09.27 16:32:07.338,1.32324,1.32331,1.00,2.62
2016.09.27 16:32:07.389,1.32324,1.32331,1.12,1.00
2016.09.27 16:32:07.440,1.32324,1.32332,1.87,2.25
2016.09.27 16:32:07.491,1.32324,1.32332,1.50,1.50
2016.09.27 16:32:07.695,1.32324,1.32332,2.06,1.50
2016.09.27 16:32:07.746,1.32324,1.32333,1.31,2.62
2016.09.27 16:32:07.797,1.32324,1.32333,1.12,1.87
2016.09.27 16:32:07.849,1.32324,1.32333,1.50,2.62
2016.09.27 16:32:08.961,1.32324,1.32333,1.69,1.12
2016.09.27 16:32:09.186,1.32324,1.32333,1.12,1.12
2016.09.27 16:32:09.237,1.32324,1.32333,1.12,1.12
2016.09.27 16:32:09.289,1.32324,1.32333,1.69,1.12
2016.09.27 16:32:09.340,1.32324,1.32331,1.69,1.00
2016.09.27 16:32:09.391,1.32322,1.32331,1.75,1.00
2016.09.27 16:32:09.443,1.32321,1.32331,3.37,1.50
2016.09.27 16:32:09.494,1.32321,1.32329,2.62,1.00
2016.09.27 16:32:09.545,1.32321,1.32329,2.62,1.50
2016.09.27 16:32:09.635,1.3232,1.32328,2.25,1.00
2016.09.27 16:32:09.686,1.32319,1.32328,1.12,3.00
2016.09.27 16:32:09.779,1.32319,1.32328,1.12,1.12
2016.09.27 16:32:09.831,1.32319,1.32328,1.12,1.00
2016.09.27 16:32:09.986,1.32319,1.32328,1.12,1.50
2016.09.27 16:32:10.038,1.32319,1.32328,1.12,1.12
2016.09.27 16:32:10.207,1.32319,1.32328,1.12,1.50
2016.09.27 16:32:10.258,1.32317,1.32328,3.00,1.50
2016.09.27 16:32:10.376,1.32317,1.32328,3.00,1.50
2016.09.27 16:32:10.478,1.32317,1.32329,2.25,6.37
2016.09.27 16:32:10.732,1.32317,1.32328,2.25,1.50
2016.09.27 16:32:10.819,1.32317,1.32328,2.25,1.50
2016.09.27 16:32:10.870,1.32317,1.32328,2.25,2.25
2016.09.27 16:32:10.972,1.32317,1.32327,2.25,1.12
2016.09.27 16:32:11.159,1.32317,1.32328,2.25,2.25
2016.09.27 16:32:11.516,1.32317,1.32328,2.25,1.87
2016.09.27 16:32:11.567,1.32317,1.32328,2.25,1.87
2016.09.27 16:32:11.669,1.32317,1.32327,3.00,1.00
2016.09.27 16:32:12.176,1.32317,1.32328,2.25,1.87
2016.09.27 16:32:13.567,1.32317,1.32328,2.25,2.25
2016.09.27 16:32:13.670,1.32316,1.32325,3.37,1.00
2016.09.27 16:32:13.722,1.32316,1.32323,2.62,1.00
2016.09.27 16:32:13.773,1.32316,1.32323,2.62,1.12
2016.09.27 16:32:13.824,1.32314,1.32323,2.25,2.25
2016.09.27 16:32:13.927,1.32313,1.32322,1.37,1.00
2016.09.27 16:32:14.029,1.32313,1.32323,1.37,4.50
2016.09.27 16:32:14.080,1.32312,1.32323,3.56,5.25
2016.09.27 16:32:14.297,1.32312,1.32323,2.25,4.50
2016.09.27 16:32:14.349,1.32312,1.32323,2.25,4.87
2016.09.27 16:32:14.400,1.32312,1.32323,3.56,5.62
2016.09.27 16:32:14.451,1.32312,1.32323,3.19,5.62
2016.09.27 16:32:14.668,1.32314,1.32323,1.00,5.62
2016.09.27 16:32:15.125,1.32314,1.32323,1.00,5.25
2016.09.27 16:32:15.312,1.32312,1.32323,1.50,3.37
2016.09.27 16:32:15.363,1.32312,1.32323,1.50,4.87
2016.09.27 16:32:15.670,1.32312,1.32322,2.06,1.50
2016.09.27 16:32:15.772,1.32312,1.32322,1.87,1.50
2016.09.27 16:32:15.874,1.32312,1.32322,1.87,1.50
2016.09.27 16:32:16.280,1.32312,1.32322,1.87,1.12
2016.09.27 16:32:17.066,1.32313,1.32322,1.12,1.12
2016.09.27 16:32:19.831,1.32313,1.32321,1.12,1.00
2016.09.27 16:32:19.883,1.32312,1.32321,1.50,1.00
2016.09.27 16:32:19.985,1.32312,1.32321,1.87,1.00
2016.09.27 16:32:20.191,1.32312,1.32321,1.50,1.12
2016.09.27 16:32:20.358,1.32312,1.32321,1.87,1.00
2016.09.27 16:32:20.798,1.32312,1.32321,1.50,1.00
2016.09.27 16:32:21.083,1.32312,1.32321,1.87,1.00
2016.09.27 16:32:21.197,1.32312,1.32321,1.50,1.00
2016.09.27 16:32:21.249,1.32312,1.32321,1.50,1.50
2016.09.27 16:32:21.605,1.32312,1.32321,2.62,1.50
2016.09.27 16:32:21.835,1.32312,1.32321,3.37,1.00
2016.09.27 16:32:21.886,1.32314,1.32321,1.00,1.00
2016.09.27 16:32:21.960,1.32314,1.32322,1.00,1.12
2016.09.27 16:32:23.721,1.32313,1.32324,1.12,5.25
2016.09.27 16:32:23.854,1.32313,1.32323,1.50,1.50
2016.09.27 16:32:23.905,1.32313,1.32324,1.12,5.25
2016.09.27 16:32:24.341,1.32313,1.32324,1.87,5.25
2016.09.27 16:32:24.392,1.32313,1.32324,1.87,4.50
2016.09.27 16:32:24.494,1.32313,1.32324,3.94,4.12
2016.09.27 16:32:24.546,1.32315,1.32324,1.00,3.37
2016.09.27 16:32:24.627,1.32318,1.32325,1.37,2.25
2016.09.27 16:32:24.679,1.32318,1.32328,3.19,4.12
2016.09.27 16:32:24.799,1.3232,1.32328,4.87,1.00
2016.09.27 16:32:24.857,1.32321,1.3233,2.62,1.50
2016.09.27 16:32:24.909,1.32321,1.32328,2.62,1.00
2016.09.27 16:32:25.011,1.3232,1.32328,2.62,1.87
2016.09.27 16:32:25.113,1.32318,1.32327,1.87,2.62
2016.09.27 16:32:25.164,1.32318,1.32327,1.50,3.00
2016.09.27 16:32:25.216,1.32318,1.32326,1.87,1.00
2016.09.27 16:32:25.298,1.32318,1.32327,1.50,1.87
2016.09.27 16:32:25.417,1.32318,1.32327,1.50,1.37
2016.09.27 16:32:26.199,1.32318,1.32328,1.50,4.12
2016.09.27 16:32:26.300,1.32318,1.32328,2.25,3.37
2016.09.27 16:32:26.712,1.3232,1.32328,1.00,2.62
2016.09.27 16:32:26.814,1.32321,1.32329,1.00,4.12
2016.09.27 16:32:26.866,1.32321,1.32329,1.00,1.37
2016.09.27 16:32:26.917,1.3232,1.3233,1.87,2.62
2016.09.27 16:32:27.030,1.3232,1.3233,2.62,2.62
2016.09.27 16:32:27.953,1.3232,1.3233,3.00,2.62
2016.09.27 16:32:28.055,1.3232,1.3233,2.62,2.62
2016.09.27 16:32:28.513,1.3232,1.3233,1.87,3.37
2016.09.27 16:32:28.564,1.3232,1.3233,1.37,3.37
2016.09.27 16:32:28.930,1.3232,1.32328,1.37,1.12
2016.09.27 16:32:28.981,1.3232,1.32328,1.37,2.25
2016.09.27 16:32:29.033,1.32319,1.32328,2.62,3.00
2016.09.27 16:32:29.136,1.32318,1.32328,2.62,3.37
2016.09.27 16:32:29.187,1.32318,1.32327,1.00,1.50
2016.09.27 16:32:29.238,1.32318,1.32327,1.00,1.50
2016.09.27 16:32:29.340,1.32317,1.32327,1.37,2.62
2016.09.27 16:32:29.391,1.32317,1.32325,1.50,1.00
2016.09.27 16:32:29.442,1.32317,1.32325,1.87,1.00
2016.09.27 16:32:29.493,1.32317,1.32327,2.25,2.62
2016.09.27 16:32:29.595,1.32317,1.32327,1.50,2.62
2016.09.27 16:32:29.666,1.32318,1.32327,1.12,2.62
2016.09.27 16:32:29.718,1.32319,1.32328,1.50,2.62
2016.09.27 16:32:29.842,1.32319,1.32328,2.25,1.00
2016.09.27 16:32:29.893,1.32319,1.32328,1.50,1.00
2016.09.27 16:32:31.671,1.32319,1.32327,1.50,1.00
2016.09.27 16:32:31.722,1.32318,1.32325,1.50,1.12
2016.09.27 16:32:31.819,1.32315,1.32325,1.50,1.50
2016.09.27 16:32:31.870,1.32314,1.32325,2.25,1.87
2016.09.27 16:32:32.030,1.32314,1.32324,2.25,1.12
2016.09.27 16:32:32.132,1.32314,1.32324,3.00,1.12
2016.09.27 16:32:32.716,1.32314,1.32324,2.25,1.12
2016.09.27 16:32:32.870,1.32314,1.32324,3.00,1.12
2016.09.27 16:32:32.961,1.32315,1.32324,1.12,1.12
2016.09.27 16:32:33.674,1.32315,1.32324,1.50,1.12
2016.09.27 16:32:33.725,1.32315,1.32324,1.87,3.00
2016.09.27 16:32:33.776,1.32315,1.32324,1.87,3.37
2016.09.27 16:32:33.827,1.32318,1.32324,1.00,2.62
2016.09.27 16:32:33.929,1.32319,1.32325,1.12,2.62
2016.09.27 16:32:34.030,1.32318,1.32325,1.37,2.25
2016.09.27 16:32:34.081,1.32318,1.32328,1.37,3.75
2016.09.27 16:32:34.133,1.32319,1.32328,1.12,3.00
2016.09.27 16:32:34.185,1.32319,1.32327,1.12,1.50
2016.09.27 16:32:34.390,1.32319,1.32327,1.37,1.50
2016.09.27 16:32:34.441,1.32319,1.32327,1.37,3.37
2016.09.27 16:32:34.492,1.32319,1.32325,1.37,1.00
2016.09.27 16:32:34.727,1.32319,1.32325,1.00,1.00
2016.09.27 16:32:34.779,1.32319,1.32327,1.00,2.62
2016.09.27 16:32:34.932,1.32318,1.32327,1.50,2.62
2016.09.27 16:32:35.935,1.32318,1.32327,1.50,2.62
2016.09.27 16:32:36.037,1.32318,1.32327,1.12,2.62
2016.09.27 16:32:36.429,1.32318,1.32327,1.12,3.00
2016.09.27 16:32:37.002,1.32318,1.32327,1.50,3.00
2016.09.27 16:32:37.053,1.32318,1.32327,1.50,2.62
2016.09.27 16:32:37.932,1.32318,1.32327,1.50,2.62
2016.09.27 16:32:38.135,1.32318,1.32327,1.50,2.62
2016.09.27 16:32:41.546,1.32319,1.32327,1.37,2.62
2016.09.27 16:32:41.597,1.32319,1.32327,1.00,2.62
2016.09.27 16:32:41.648,1.32319,1.32328,1.37,4.12
2016.09.27 16:32:41.699,1.32319,1.32328,1.37,2.62
2016.09.27 16:32:41.750,1.32319,1.32328,1.37,3.00
2016.09.27 16:32:41.801,1.32319,1.32328,1.37,2.25
2016.09.27 16:32:41.903,1.32316,1.32327,3.75,2.62
2016.09.27 16:32:42.299,1.32317,1.32327,1.50,2.62
2016.09.27 16:32:42.401,1.32316,1.32327,4.12,2.62
2016.09.27 16:32:42.597,1.32316,1.32327,3.75,2.62
2016.09.27 16:32:42.700,1.32317,1.32327,1.50,2.62
2016.09.27 16:32:42.933,1.32316,1.32327,3.75,2.62
2016.09.27 16:32:43.069,1.32316,1.32327,4.12,2.62
2016.09.27 16:32:43.120,1.32317,1.32327,1.50,2.62
2016.09.27 16:32:43.235,1.32317,1.32326,1.50,1.50
2016.09.27 16:32:43.339,1.32316,1.32325,1.50,1.00
2016.09.27 16:32:43.442,1.32316,1.32326,2.25,2.62
2016.09.27 16:32:43.493,1.32316,1.32324,2.62,1.00
2016.09.27 16:32:43.604,1.32316,1.32321,2.25,1.00
2016.09.27 16:32:43.655,1.32313,1.32321,2.62,1.00
2016.09.27 16:32:43.706,1.32313,1.32319,2.62,1.00
2016.09.27 16:32:43.758,1.32311,1.32319,3.75,1.37
2016.09.27 16:32:43.809,1.32311,1.32319,1.12,1.37
2016.09.27 16:32:43.860,1.32311,1.3232,1.12,2.62
2016.09.27 16:32:43.911,1.32311,1.32319,1.12,1.37
2016.09.27 16:32:44.064,1.32311,1.32319,1.00,3.00
2016.09.27 16:32:44.115,1.32311,1.32319,1.00,3.37
2016.09.27 16:32:44.273,1.32311,1.32319,1.00,2.62
2016.09.27 16:32:44.376,1.32311,1.32319,1.12,1.87
2016.09.27 16:32:44.427,1.32311,1.32319,1.50,1.00
2016.09.27 16:32:44.478,1.32312,1.32321,1.00,2.25
2016.09.27 16:32:44.530,1.32312,1.32321,1.37,1.50
2016.09.27 16:32:44.581,1.32312,1.32322,2.25,3.37
2016.09.27 16:32:44.632,1.32312,1.32322,3.19,3.37
2016.09.27 16:32:44.851,1.32313,1.32322,1.37,3.37
2016.09.27 16:32:45.010,1.32313,1.32322,1.87,3.37
2016.09.27 16:32:45.063,1.32314,1.32319,1.00,1.00
2016.09.27 16:32:45.115,1.32312,1.32321,1.50,1.50
2016.09.27 16:32:45.167,1.32312,1.3232,1.50,1.00
2016.09.27 16:32:45.218,1.32312,1.3232,1.12,1.00
2016.09.27 16:32:45.484,1.32311,1.32319,1.00,1.37
2016.09.27 16:32:45.536,1.3231,1.32319,1.50,1.50
2016.09.27 16:32:45.842,1.32308,1.32318,2.62,1.37
2016.09.27 16:32:45.893,1.32308,1.32318,1.87,1.50
2016.09.27 16:32:46.032,1.32308,1.32319,1.87,4.12
2016.09.27 16:32:46.238,1.32308,1.32319,2.25,4.12
2016.09.27 16:32:46.662,1.32309,1.32319,1.00,4.12
2016.09.27 16:32:47.215,1.32309,1.32319,1.00,4.12
2016.09.27 16:32:47.267,1.32309,1.32318,1.00,1.50
2016.09.27 16:32:47.663,1.32309,1.32317,1.00,1.87
2016.09.27 16:32:47.714,1.32309,1.32316,1.00,1.00
2016.09.27 16:32:47.766,1.32306,1.32316,1.50,1.87
2016.09.27 16:32:47.817,1.32306,1.32315,1.50,1.00
2016.09.27 16:32:48.147,1.32306,1.32315,2.25,1.00
2016.09.27 16:32:48.300,1.32306,1.32315,2.62,1.00
2016.09.27 16:32:48.352,1.32306,1.32315,1.87,1.00
2016.09.27 16:32:48.403,1.32306,1.32315,1.50,1.00
2016.09.27 16:32:48.455,1.32306,1.32315,1.00,1.00
2016.09.27 16:32:48.506,1.32306,1.32315,1.12,1.00
2016.09.27 16:32:48.761,1.32306,1.32315,1.50,1.00
2016.09.27 16:32:48.812,1.32306,1.32315,1.87,1.00
2016.09.27 16:32:48.934,1.32307,1.32315,1.00,1.00
2016.09.27 16:32:48.985,1.32307,1.32315,1.37,1.00
2016.09.27 16:32:49.036,1.32307,1.32317,1.37,3.97
2016.09.27 16:32:49.087,1.32307,1.32317,1.37,4.72
2016.09.27 16:32:49.138,1.32307,1.32317,1.37,5.47
2016.09.27 16:32:49.189,1.32306,1.32315,1.50,1.30
2016.09.27 16:32:49.452,1.32306,1.32316,1.50,1.97
2016.09.27 16:32:49.554,1.32305,1.32315,4.50,1.30
2016.09.27 16:32:49.605,1.32305,1.32317,4.50,4.87
2016.09.27 16:32:49.788,1.32306,1.32316,1.12,2.62
2016.09.27 16:32:49.839,1.32313,1.32317,3.00,4.12
2016.09.27 16:32:49.890,1.32316,1.32321,1.00,11.62
2016.09.27 16:32:49.942,1.32317,1.32321,1.50,7.50
2016.09.27 16:32:49.993,1.32318,1.32322,1.00,3.75
2016.09.27 16:32:50.045,1.3232,1.32327,2.81,6.75
2016.09.27 16:32:50.096,1.32322,1.32327,1.69,3.37
2016.09.27 16:32:50.147,1.32325,1.3233,1.69,6.00
2016.09.27 16:32:50.199,1.32326,1.3233,1.25,2.25
2016.09.27 16:32:50.250,1.32328,1.32335,1.00,1.50
2016.09.27 16:32:50.327,1.32328,1.32335,3.37,1.37
2016.09.27 16:32:50.448,1.32328,1.32335,3.37,1.00
2016.09.27 16:32:50.499,1.32328,1.32336,1.87,1.50
2016.09.27 16:32:50.551,1.32328,1.32335,1.87,2.25
2016.09.27 16:32:50.602,1.32328,1.32335,1.87,2.62
2016.09.27 16:32:50.704,1.32328,1.32335,1.50,2.62
2016.09.27 16:32:50.755,1.32328,1.32335,1.87,1.00
2016.09.27 16:32:50.806,1.32328,1.32336,1.87,1.50
2016.09.27 16:32:50.857,1.32328,1.32337,1.87,3.94
2016.09.27 16:32:51.173,1.32328,1.32337,1.12,3.37
2016.09.27 16:32:51.225,1.3233,1.32337,1.00,2.62
2016.09.27 16:32:51.276,1.3233,1.32339,1.00,4.12
2016.09.27 16:32:51.327,1.32331,1.3234,2.62,3.37
2016.09.27 16:32:51.442,1.32331,1.32341,4.12,2.62
2016.09.27 16:32:51.494,1.32331,1.32341,5.62,1.00
2016.09.27 16:32:51.570,1.32333,1.32343,1.00,3.37
2016.09.27 16:32:51.672,1.32333,1.32343,1.37,3.37
2016.09.27 16:32:51.825,1.32334,1.32343,1.12,3.37
2016.09.27 16:32:51.876,1.32334,1.32343,1.00,3.37
2016.09.27 16:32:51.928,1.32334,1.32343,1.25,2.62
2016.09.27 16:32:51.996,1.32334,1.32342,1.62,1.00
2016.09.27 16:32:52.047,1.32335,1.32344,1.12,2.62
2016.09.27 16:32:52.957,1.32335,1.32345,1.37,2.62
2016.09.27 16:32:53.060,1.32335,1.32345,1.87,2.62
2016.09.27 16:32:53.272,1.32335,1.32345,2.62,2.62
2016.09.27 16:32:53.937,1.32335,1.32345,1.87,2.62
2016.09.27 16:32:54.040,1.32335,1.32345,2.81,2.62
2016.09.27 16:32:54.382,1.32336,1.32345,1.12,2.62
2016.09.27 16:32:54.433,1.32336,1.32345,1.87,2.62
2016.09.27 16:32:54.535,1.32336,1.32345,1.12,2.62
2016.09.27 16:32:55.431,1.32336,1.32345,1.87,2.62
2016.09.27 16:32:55.482,1.32336,1.32345,1.87,1.00
2016.09.27 16:32:55.533,1.32336,1.32345,2.25,1.00
2016.09.27 16:32:55.738,1.32336,1.32345,1.50,1.00
2016.09.27 16:32:56.198,1.32336,1.32345,1.00,1.00
2016.09.27 16:32:56.249,1.32341,1.32345,1.12,1.00
2016.09.27 16:32:56.300,1.32341,1.32345,1.87,2.62
2016.09.27 16:32:56.351,1.32343,1.32347,1.00,7.50
2016.09.27 16:32:56.403,1.32344,1.32349,1.00,3.75
2016.09.27 16:32:56.454,1.32345,1.32352,1.00,1.50
2016.09.27 16:32:56.506,1.32348,1.32352,1.00,2.62
2016.09.27 16:32:56.558,1.32349,1.32353,1.00,5.62
2016.09.27 16:32:56.609,1.3235,1.32354,1.87,3.75
2016.09.27 16:32:56.660,1.3235,1.32359,2.25,1.50
2016.09.27 16:32:56.712,1.3235,1.32359,2.25,2.25
2016.09.27 16:32:56.764,1.3235,1.32358,2.25,1.00
2016.09.27 16:32:56.866,1.3235,1.32359,2.25,2.44
2016.09.27 16:32:56.917,1.3235,1.32359,1.50,3.19
2016.09.27 16:32:57.019,1.32349,1.32357,2.62,1.00
2016.09.27 16:32:57.122,1.32349,1.32357,2.62,2.06
2016.09.27 16:32:57.173,1.32346,1.32356,2.62,2.06
2016.09.27 16:32:57.226,1.32346,1.32356,1.12,2.81
2016.09.27 16:32:57.277,1.32346,1.32356,1.12,3.56
2016.09.27 16:32:57.328,1.32345,1.32356,4.87,3.79
2016.09.27 16:32:57.379,1.32345,1.32356,4.87,3.60
2016.09.27 16:32:57.430,1.32345,1.32356,4.87,3.00
2016.09.27 16:32:57.481,1.32345,1.32355,4.87,1.12
2016.09.27 16:32:57.635,1.32345,1.32355,4.12,1.12
2016.09.27 16:32:57.686,1.32345,1.32356,4.12,2.25
2016.09.27 16:32:58.898,1.32346,1.32356,1.75,2.25
2016.09.27 16:32:58.949,1.32346,1.32356,1.75,3.00
2016.09.27 16:32:59.000,1.32347,1.32356,3.37,1.87
2016.09.27 16:32:59.051,1.32348,1.32356,1.12,1.00
2016.09.27 16:32:59.103,1.32348,1.32358,3.00,1.50
2016.09.27 16:32:59.155,1.32348,1.32358,2.62,1.12
2016.09.27 16:32:59.206,1.32348,1.32358,2.62,1.87
2016.09.27 16:32:59.257,1.32348,1.32356,2.62,1.00
2016.09.27 16:32:59.308,1.3235,1.32356,1.00,1.87
2016.09.27 16:32:59.359,1.32347,1.32356,2.62,1.12
2016.09.27 16:32:59.410,1.32348,1.32356,1.00,2.10
2016.09.27 16:32:59.500,1.32345,1.32356,3.37,2.10
2016.09.27 16:32:59.557,1.32345,1.32355,4.12,1.30
2016.09.27 16:32:59.609,1.32345,1.32356,4.12,2.85
2016.09.27 16:32:59.936,1.32345,1.32356,3.37,2.10
2016.09.27 16:33:00.321,1.32345,1.32356,3.37,1.72
2016.09.27 16:33:00.372,1.32345,1.32356,5.25,2.47
2016.09.27 16:33:00.473,1.32345,1.32355,5.25,1.12
2016.09.27 16:33:00.952,1.32345,1.32356,5.25,2.62
2016.09.27 16:33:01.003,1.32345,1.32356,5.25,3.00
2016.09.27 16:33:01.054,1.32345,1.32356,3.75,3.00
2016.09.27 16:33:01.925,1.32345,1.32356,3.37,3.00
2016.09.27 16:33:02.457,1.32345,1.32355,3.37,1.12
2016.09.27 16:33:02.559,1.32345,1.32355,3.75,1.12
2016.09.27 16:33:02.961,1.32345,1.32356,3.37,3.75
2016.09.27 16:33:03.012,1.32345,1.32356,3.37,3.37
2016.09.27 16:33:03.114,1.32345,1.32355,3.37,1.12
2016.09.27 16:33:05.034,1.32345,1.32355,2.62,1.12
2016.09.27 16:33:05.085,1.32347,1.32355,1.37,1.12
2016.09.27 16:33:05.136,1.32351,1.32355,1.00,1.12
2016.09.27 16:33:05.187,1.32356,1.3236,1.25,9.00
2016.09.27 16:33:05.238,1.32354,1.32359,5.06,2.25
2016.09.27 16:33:05.289,1.32359,1.32364,1.31,4.12
2016.09.27 16:33:05.341,1.32362,1.32367,1.00,1.50
2016.09.27 16:33:05.392,1.32366,1.3237,1.00,5.25
2016.09.27 16:33:05.502,1.32365,1.3237,1.37,4.50
2016.09.27 16:33:05.554,1.32365,1.32372,1.50,1.00
2016.09.27 16:33:05.605,1.32365,1.32373,3.37,1.00
2016.09.27 16:33:05.656,1.32366,1.32373,1.75,1.12
2016.09.27 16:33:05.708,1.32366,1.32374,1.75,1.37
2016.09.27 16:33:05.760,1.32365,1.32373,4.12,1.00
2016.09.27 16:33:05.811,1.32366,1.32373,2.62,1.00
2016.09.27 16:33:05.862,1.32366,1.32374,2.62,1.50
2016.09.27 16:33:05.913,1.32368,1.32374,1.00,1.87
2016.09.27 16:33:05.965,1.32365,1.32372,2.62,1.00
2016.09.27 16:33:06.016,1.32366,1.32372,1.00,1.50
2016.09.27 16:33:06.067,1.32363,1.32372,3.37,1.50
2016.09.27 16:33:06.118,1.32363,1.32372,3.37,1.87
2016.09.27 16:33:06.169,1.32363,1.32368,2.62,2.47
2016.09.27 16:33:06.221,1.32362,1.32366,2.62,1.00
2016.09.27 16:33:06.272,1.32362,1.32366,1.00,2.62
2016.09.27 16:33:06.323,1.3236,1.32364,2.25,1.00
2016.09.27 16:33:06.443,1.32355,1.32364,2.62,1.00
2016.09.27 16:33:06.545,1.32355,1.32364,2.62,1.50
2016.09.27 16:33:06.597,1.32354,1.32364,3.37,1.50
2016.09.27 16:33:06.648,1.32356,1.32364,1.00,1.87
2016.09.27 16:33:06.750,1.32356,1.32364,1.00,1.12
2016.09.27 16:33:06.852,1.32356,1.32364,1.00,1.87
2016.09.27 16:33:07.351,1.32356,1.32364,1.00,1.12
2016.09.27 16:33:07.489,1.32356,1.32364,1.00,2.62
2016.09.27 16:33:07.541,1.32356,1.32364,1.00,3.37
2016.09.27 16:33:07.593,1.32354,1.32362,1.75,1.12
2016.09.27 16:33:07.644,1.32353,1.32362,1.75,1.50
2016.09.27 16:33:07.696,1.32353,1.32362,3.37,1.12
2016.09.27 16:33:07.798,1.32353,1.32362,3.37,1.12
2016.09.27 16:33:07.849,1.32353,1.32362,2.62,1.87
2016.09.27 16:33:07.901,1.32354,1.32361,1.00,1.50
2016.09.27 16:33:07.952,1.32351,1.32361,3.37,1.50
2016.09.27 16:33:08.004,1.32351,1.32361,3.37,1.50
2016.09.27 16:33:08.055,1.32351,1.32361,3.37,2.25
2016.09.27 16:33:08.157,1.32351,1.32361,3.37,2.62
2016.09.27 16:33:08.259,1.32351,1.32361,3.37,1.87
2016.09.27 16:33:08.310,1.32351,1.32361,3.37,1.87
2016.09.27 16:33:08.438,1.32351,1.32361,3.37,3.37
2016.09.27 16:33:08.493,1.32353,1.32359,1.00,1.12
2016.09.27 16:33:08.544,1.3235,1.32358,2.62,1.00
2016.09.27 16:33:08.596,1.32351,1.32357,1.00,1.31
2016.09.27 16:33:08.647,1.32348,1.32357,2.62,1.31
2016.09.27 16:33:08.699,1.32348,1.32357,2.62,1.56
2016.09.27 16:33:09.535,1.32348,1.32357,2.62,2.06
2016.09.27 16:33:09.951,1.32348,1.32357,2.62,1.31
2016.09.27 16:33:10.348,1.32348,1.32357,2.62,2.95
2016.09.27 16:33:10.450,1.32348,1.32356,2.62,1.12
2016.09.27 16:33:10.654,1.32348,1.32357,2.62,2.62
2016.09.27 16:33:10.705,1.3235,1.32357,1.00,2.62
2016.09.27 16:33:10.758,1.32347,1.32356,3.37,1.12
2016.09.27 16:33:11.034,1.32347,1.32357,3.37,2.62
2016.09.27 16:33:11.136,1.32348,1.32357,1.75,2.62
2016.09.27 16:33:11.308,1.3235,1.32356,1.00,1.25
2016.09.27 16:33:11.359,1.32347,1.32356,2.62,2.06
2016.09.27 16:33:11.462,1.32347,1.32356,2.62,1.25
2016.09.27 16:33:11.888,1.32347,1.32356,2.62,1.25
2016.09.27 16:33:12.044,1.32347,1.32356,4.12,1.00
2016.09.27 16:33:12.095,1.32347,1.32357,4.12,3.00
2016.09.27 16:33:12.210,1.32347,1.32357,2.62,3.00
2016.09.27 16:33:12.261,1.32347,1.32356,3.37,1.12
2016.09.27 16:33:12.566,1.32347,1.32357,3.37,3.00
2016.09.27 16:33:12.617,1.32348,1.32357,1.75,3.00
2016.09.27 16:33:12.668,1.32348,1.32357,1.75,2.25
2016.09.27 16:33:13.422,1.32348,1.32357,1.75,3.19
2016.09.27 16:33:14.253,1.32348,1.32357,1.75,1.87
2016.09.27 16:33:14.304,1.32348,1.32357,1.75,1.87
2016.09.27 16:33:14.406,1.32348,1.32357,1.75,1.00
2016.09.27 16:33:14.508,1.32348,1.32359,1.75,1.50
2016.09.27 16:33:14.559,1.32348,1.32359,2.25,2.62
2016.09.27 16:33:14.610,1.32348,1.32358,2.25,1.00
2016.09.27 16:33:14.726,1.32348,1.32358,1.75,1.00
2016.09.27 16:33:14.784,1.32352,1.32358,1.00,1.00
2016.09.27 16:33:14.852,1.32354,1.3236,1.00,1.12
2016.09.27 16:33:14.904,1.32357,1.32361,1.50,1.00
2016.09.27 16:33:14.955,1.32357,1.32363,1.50,1.00
2016.09.27 16:33:15.007,1.32361,1.32366,1.37,4.87
2016.09.27 16:33:15.058,1.32363,1.3237,1.00,2.51
2016.09.27 16:33:15.109,1.32363,1.3237,1.37,1.00
2016.09.27 16:33:15.161,1.32363,1.32371,1.50,1.00
2016.09.27 16:33:15.268,1.32363,1.32371,1.75,1.00
2016.09.27 16:33:15.322,1.32363,1.32373,3.37,1.00
2016.09.27 16:33:15.393,1.32363,1.32373,3.37,1.00
2016.09.27 16:33:15.444,1.32366,1.32373,1.12,1.00
2016.09.27 16:33:15.496,1.32366,1.32373,1.12,1.00
2016.09.27 16:33:15.547,1.32368,1.32377,1.37,4.31
2016.09.27 16:33:15.598,1.32368,1.32377,1.50,1.12
2016.09.27 16:33:15.649,1.32369,1.32378,2.25,1.50
2016.09.27 16:33:15.700,1.32369,1.32378,2.62,1.50
2016.09.27 16:33:15.752,1.32369,1.32378,4.12,1.00
2016.09.27 16:33:15.804,1.32371,1.3238,2.25,2.25
2016.09.27 16:33:15.855,1.32371,1.32381,2.25,1.37
2016.09.27 16:33:15.982,1.32371,1.32379,4.12,1.00
2016.09.27 16:33:16.033,1.32373,1.32379,1.00,1.00
2016.09.27 16:33:16.085,1.32371,1.3238,1.50,1.37
2016.09.27 16:33:16.136,1.32371,1.3238,1.50,1.37
2016.09.27 16:33:16.187,1.32371,1.3238,1.50,1.12
2016.09.27 16:33:16.289,1.3237,1.3238,2.62,1.12
2016.09.27 16:33:16.389,1.3237,1.32379,2.62,1.00
2016.09.27 16:33:16.492,1.3237,1.32379,2.62,1.12
2016.09.27 16:33:16.594,1.3237,1.32379,2.62,1.50
2016.09.27 16:33:16.779,1.32371,1.32379,1.50,1.00
2016.09.27 16:33:16.831,1.32371,1.32379,3.37,1.00
2016.09.27 16:33:16.883,1.32374,1.32379,1.00,1.00
2016.09.27 16:33:16.934,1.32371,1.32379,3.37,1.00
2016.09.27 16:33:16.996,1.32373,1.32379,1.00,1.00
2016.09.27 16:33:17.302,1.32373,1.3238,1.00,1.50
2016.09.27 16:33:17.587,1.32373,1.3238,1.00,1.12
2016.09.27 16:33:17.742,1.32373,1.3238,1.00,1.50
2016.09.27 16:33:17.793,1.32371,1.3238,1.50,1.50
2016.09.27 16:33:17.844,1.32372,1.32382,1.37,4.50
2016.09.27 16:33:17.897,1.32373,1.32382,1.00,2.25
2016.09.27 16:33:17.948,1.32372,1.32382,3.37,1.12
2016.09.27 16:33:17.999,1.32372,1.32383,3.37,4.16
2016.09.27 16:33:18.102,1.32372,1.32381,2.62,1.00
2016.09.27 16:33:18.204,1.32372,1.3238,2.62,1.00
2016.09.27 16:33:18.255,1.32371,1.3238,3.37,2.96
2016.09.27 16:33:18.306,1.3237,1.3238,2.62,6.15
2016.09.27 16:33:18.423,1.32372,1.32377,1.00,1.68
2016.09.27 16:33:18.475,1.32369,1.32375,2.62,1.00
2016.09.27 16:33:18.526,1.32367,1.32375,2.62,1.00
2016.09.27 16:33:18.577,1.32366,1.32375,2.62,1.50
2016.09.27 16:33:18.629,1.32367,1.32376,1.75,4.61
2016.09.27 16:33:18.681,1.32367,1.32377,2.25,1.18
2016.09.27 16:33:18.733,1.32369,1.32378,3.75,1.50
2016.09.27 16:33:18.784,1.32369,1.32378,5.25,1.50
2016.09.27 16:33:18.836,1.32371,1.32378,3.00,1.50
2016.09.27 16:33:18.887,1.32371,1.32378,3.37,1.50
2016.09.27 16:33:18.938,1.32373,1.3238,2.25,1.00
2016.09.27 16:33:18.989,1.32373,1.3238,2.62,1.00
2016.09.27 16:33:19.142,1.32374,1.32378,1.00,1.00
2016.09.27 16:33:19.257,1.32371,1.32378,2.62,1.00
2016.09.27 16:33:19.411,1.32371,1.3238,2.62,1.31
2016.09.27 16:33:19.513,1.32371,1.3238,2.62,1.68
2016.09.27 16:33:19.615,1.32369,1.3238,4.12,1.68
2016.09.27 16:33:19.667,1.32369,1.3238,4.12,3.93
2016.09.27 16:33:19.972,1.32369,1.3238,4.12,3.18
2016.09.27 16:33:20.023,1.32369,1.3238,4.12,3.18
2016.09.27 16:33:20.248,1.32369,1.3238,4.12,3.93
2016.09.27 16:33:20.333,1.32369,1.3238,4.12,3.93
2016.09.27 16:33:20.486,1.32369,1.3238,4.12,1.68
2016.09.27 16:33:20.537,1.32369,1.3238,4.87,1.68
2016.09.27 16:33:20.588,1.32369,1.3238,5.62,1.68
2016.09.27 16:33:20.640,1.32369,1.3238,4.87,1.68
2016.09.27 16:33:20.741,1.32369,1.3238,5.62,1.68
2016.09.27 16:33:20.793,1.32369,1.3238,4.87,1.50
2016.09.27 16:33:21.179,1.32369,1.3238,4.12,1.50
2016.09.27 16:33:21.484,1.32369,1.3238,4.87,1.50
2016.09.27 16:33:21.586,1.32369,1.3238,4.12,1.50
2016.09.27 16:33:21.913,1.32369,1.3238,4.12,1.37
2016.09.27 16:33:22.051,1.32369,1.3238,4.87,1.87
2016.09.27 16:33:22.153,1.32369,1.3238,4.12,1.37
2016.09.27 16:33:22.205,1.32369,1.3238,4.12,1.62
2016.09.27 16:33:23.188,1.32369,1.3238,4.12,2.06
2016.09.27 16:33:23.739,1.32369,1.3238,4.87,2.06
2016.09.27 16:33:23.790,1.32369,1.3238,4.87,1.62
2016.09.27 16:33:24.951,1.32369,1.3238,5.62,2.06
2016.09.27 16:33:25.003,1.32369,1.3238,5.62,3.56
2016.09.27 16:33:25.147,1.32369,1.3238,6.19,3.56
2016.09.27 16:33:25.452,1.32369,1.32379,5.06,1.37
2016.09.27 16:33:25.503,1.3237,1.32379,1.75,2.06
2016.09.27 16:33:25.554,1.32371,1.32379,2.62,2.06
2016.09.27 16:33:25.656,1.32371,1.32378,3.37,1.24
2016.09.27 16:33:26.247,1.32371,1.32379,3.37,2.06
2016.09.27 16:33:26.509,1.32371,1.32379,3.37,1.68
2016.09.27 16:33:26.560,1.32371,1.32378,3.37,1.24
2016.09.27 16:33:26.662,1.32371,1.32379,3.37,1.68
2016.09.27 16:33:26.866,1.32371,1.32378,1.75,1.18
2016.09.27 16:33:26.918,1.32371,1.32378,1.50,1.18
2016.09.27 16:33:26.998,1.32372,1.3238,2.62,2.06
2016.09.27 16:33:27.049,1.32374,1.3238,1.00,1.31
2016.09.27 16:33:27.100,1.32371,1.3238,3.37,1.18
2016.09.27 16:33:27.151,1.32372,1.3238,1.75,1.68
2016.09.27 16:33:27.257,1.32372,1.3238,1.75,1.18
2016.09.27 16:33:27.308,1.32371,1.3238,3.37,1.18
2016.09.27 16:33:27.428,1.32373,1.32379,2.25,1.68
2016.09.27 16:33:27.480,1.32371,1.32379,2.62,1.68
2016.09.27 16:33:27.531,1.32373,1.32379,1.00,1.12
2016.09.27 16:33:27.582,1.3237,1.32379,2.62,1.00
2016.09.27 16:33:27.634,1.32369,1.3238,4.12,3.79
2016.09.27 16:33:27.685,1.32369,1.3238,4.12,3.41
2016.09.27 16:33:27.736,1.32369,1.32379,4.12,1.00
2016.09.27 16:33:27.787,1.3237,1.3238,2.62,1.42
2016.09.27 16:33:27.838,1.3237,1.32381,2.62,5.47
2016.09.27 16:33:27.889,1.3237,1.32381,2.62,4.54
2016.09.27 16:33:27.940,1.3237,1.3238,2.62,1.50
2016.09.27 16:33:28.093,1.32371,1.3238,1.75,1.12
2016.09.27 16:33:28.144,1.32371,1.3238,3.37,1.00
2016.09.27 16:33:28.247,1.32374,1.3238,1.00,1.00
2016.09.27 16:33:28.641,1.32374,1.32382,1.00,1.00
2016.09.27 16:33:28.703,1.32374,1.32382,1.00,1.37
2016.09.27 16:33:28.754,1.32374,1.32382,1.00,1.37
2016.09.27 16:33:29.264,1.3237,1.32377,7.87,1.56
2016.09.27 16:33:29.315,1.3237,1.32377,2.62,1.56
2016.09.27 16:33:29.366,1.3237,1.32379,2.62,2.85
2016.09.27 16:33:29.417,1.3237,1.32377,2.62,1.12
2016.09.27 16:33:29.503,1.3237,1.32377,2.62,1.37
2016.09.27 16:33:29.554,1.32368,1.32377,2.62,3.37
2016.09.27 16:33:29.657,1.32367,1.32377,2.81,3.37
2016.09.27 16:33:29.709,1.32369,1.32376,1.00,2.62
2016.09.27 16:33:29.787,1.32366,1.32376,2.62,4.12
2016.09.27 16:33:29.840,1.32365,1.32376,2.81,2.62
2016.09.27 16:33:29.892,1.32365,1.32374,2.81,1.00
2016.09.27 16:33:29.943,1.32365,1.32374,2.81,1.00
2016.09.27 16:33:29.994,1.32365,1.32375,3.56,2.44
2016.09.27 16:33:30.045,1.32365,1.32374,3.56,1.19
2016.09.27 16:33:30.096,1.32365,1.32375,3.56,1.69
2016.09.27 16:33:30.186,1.32365,1.32374,3.56,1.19
2016.09.27 16:33:30.237,1.32365,1.32374,3.56,1.69
2016.09.27 16:33:30.322,1.32365,1.32374,3.37,2.66
2016.09.27 16:33:30.374,1.32367,1.32373,2.62,1.30
2016.09.27 16:33:30.425,1.32367,1.32373,2.62,1.42
2016.09.27 16:33:30.476,1.32365,1.32373,2.62,1.31
2016.09.27 16:33:30.528,1.32364,1.32373,1.99,1.31
2016.09.27 16:33:30.579,1.32364,1.32373,1.99,1.12
2016.09.27 16:33:30.681,1.32364,1.32373,1.99,1.12
2016.09.27 16:33:31.198,1.32364,1.32373,1.99,1.24
2016.09.27 16:33:31.300,1.32363,1.32373,2.81,1.24
2016.09.27 16:33:31.351,1.32363,1.32373,2.81,1.99
2016.09.27 16:33:31.402,1.32365,1.32373,1.00,2.36
2016.09.27 16:33:31.453,1.32362,1.32373,4.31,4.24
2016.09.27 16:33:31.504,1.32362,1.32373,2.62,8.62
2016.09.27 16:33:31.555,1.32361,1.32372,2.81,5.25
2016.09.27 16:33:31.658,1.32363,1.32372,1.00,2.62
2016.09.27 16:33:31.973,1.32363,1.32372,1.00,7.12
2016.09.27 16:33:32.482,1.32363,1.32372,1.00,2.62
2016.09.27 16:33:32.700,1.32363,1.32372,1.00,2.25
2016.09.27 16:33:32.751,1.32363,1.32372,1.68,1.00
2016.09.27 16:33:32.803,1.32363,1.32373,1.68,1.50
2016.09.27 16:33:32.854,1.32364,1.32373,1.00,1.50
2016.09.27 16:33:33.210,1.32364,1.32373,1.24,1.50
2016.09.27 16:33:33.828,1.32364,1.32373,1.24,1.87
2016.09.27 16:33:34.369,1.32363,1.32373,3.56,1.87
2016.09.27 16:33:34.420,1.32363,1.32373,3.56,1.50
2016.09.27 16:33:34.471,1.32363,1.32373,3.56,1.12
2016.09.27 16:33:34.677,1.32363,1.32373,4.31,1.12
2016.09.27 16:33:34.882,1.32363,1.32373,3.56,1.12
2016.09.27 16:33:35.086,1.32363,1.32373,4.31,1.12
2016.09.27 16:33:35.362,1.32363,1.32373,3.56,1.12
2016.09.27 16:33:35.953,1.32363,1.32373,3.56,3.00
2016.09.27 16:33:36.004,1.32362,1.32373,4.31,3.00
2016.09.27 16:33:36.055,1.32362,1.32373,2.43,1.50
2016.09.27 16:33:36.107,1.32362,1.32373,4.31,1.37
2016.09.27 16:33:36.874,1.32362,1.32373,4.31,3.37
2016.09.27 16:33:37.732,1.32362,1.32373,3.56,4.12
2016.09.27 16:33:38.283,1.32362,1.32373,3.56,3.37
2016.09.27 16:33:38.386,1.32362,1.32373,3.56,4.12
2016.09.27 16:33:38.816,1.32362,1.32372,3.56,1.37
2016.09.27 16:33:38.867,1.32363,1.32367,1.00,1.31
2016.09.27 16:33:38.918,1.32363,1.32367,1.00,2.06
2016.09.27 16:33:38.969,1.32359,1.32365,2.62,2.62
2016.09.27 16:33:39.072,1.32356,1.32363,4.31,1.00
2016.09.27 16:33:39.174,1.32356,1.32363,2.43,1.00
2016.09.27 16:33:39.277,1.32355,1.32363,1.93,1.37
2016.09.27 16:33:39.450,1.32354,1.32363,3.56,1.00
2016.09.27 16:33:39.501,1.32356,1.32363,1.24,1.12
2016.09.27 16:33:39.553,1.32354,1.32363,2.81,1.12
2016.09.27 16:33:39.604,1.32354,1.32363,2.81,1.00
2016.09.27 16:33:39.707,1.32355,1.32363,1.68,1.00
2016.09.27 16:33:39.802,1.32355,1.32363,1.93,1.00
2016.09.27 16:33:39.854,1.32356,1.32363,1.24,1.00
2016.09.27 16:33:41.154,1.32356,1.32363,1.00,1.00
2016.09.27 16:33:41.669,1.32356,1.32363,1.00,2.47
2016.09.27 16:33:41.721,1.32354,1.32363,2.62,3.22
2016.09.27 16:33:41.773,1.32356,1.32362,1.00,3.37
2016.09.27 16:33:41.825,1.32354,1.32361,2.62,1.37
2016.09.27 16:33:41.877,1.32354,1.32361,1.00,1.37
2016.09.27 16:33:42.185,1.32354,1.32361,1.00,1.12
2016.09.27 16:33:42.779,1.32354,1.32361,1.00,2.25
2016.09.27 16:33:42.830,1.32351,1.32361,5.06,2.25
2016.09.27 16:33:42.881,1.32351,1.32361,3.56,3.00
2016.09.27 16:33:43.151,1.32351,1.32361,3.56,2.62
2016.09.27 16:33:43.254,1.32352,1.3236,1.68,1.00
2016.09.27 16:33:43.357,1.32352,1.3236,1.99,1.00
2016.09.27 16:33:43.409,1.32354,1.32361,2.25,1.50
2016.09.27 16:33:43.511,1.32354,1.32361,2.81,1.50
2016.09.27 16:33:43.562,1.32354,1.32361,3.56,1.00
2016.09.27 16:33:43.613,1.32355,1.32363,2.81,1.00
2016.09.27 16:33:43.664,1.32358,1.32363,1.00,1.00
2016.09.27 16:33:43.767,1.32358,1.32364,1.00,1.50
2016.09.27 16:33:43.818,1.32357,1.32365,2.62,1.00
2016.09.27 16:33:43.870,1.3236,1.32365,1.00,1.00
2016.09.27 16:33:44.399,1.32357,1.32365,4.31,1.00
2016.09.27 16:33:44.451,1.32357,1.32365,2.43,1.00
2016.09.27 16:33:44.502,1.32357,1.32365,1.93,1.00
2016.09.27 16:33:45.218,1.32357,1.32365,3.56,1.00
2016.09.27 16:33:45.808,1.32359,1.32365,1.00,1.00
2016.09.27 16:33:46.705,1.32357,1.32365,3.56,1.00
2016.09.27 16:33:46.909,1.32357,1.32365,2.81,1.00
2016.09.27 16:33:47.102,1.32357,1.32365,3.56,1.00
2016.09.27 16:33:47.204,1.32356,1.32365,4.31,1.00
2016.09.27 16:33:47.255,1.32359,1.32365,1.00,1.00
2016.09.27 16:33:49.257,1.32359,1.32364,1.00,1.00
2016.09.27 16:33:49.308,1.32357,1.32365,2.81,1.50
2016.09.27 16:33:49.512,1.32357,1.32365,2.81,1.00
2016.09.27 16:33:49.614,1.32357,1.32365,2.81,1.50
2016.09.27 16:33:49.665,1.32357,1.32365,2.81,1.00
2016.09.27 16:33:49.716,1.32357,1.32366,3.00,1.12
2016.09.27 16:33:49.820,1.32357,1.32366,3.59,1.12
2016.09.27 16:33:49.872,1.32357,1.32366,2.84,1.12
2016.09.27 16:33:49.923,1.32357,1.32366,3.59,1.12
2016.09.27 16:33:50.054,1.32357,1.32366,4.31,1.00
2016.09.27 16:33:50.106,1.32358,1.32368,2.21,2.25
2016.09.27 16:33:50.157,1.32361,1.32368,1.00,1.00
2016.09.27 16:33:50.208,1.32363,1.3237,1.00,1.12
2016.09.27 16:33:50.260,1.32364,1.3237,1.00,1.00
2016.09.27 16:33:50.326,1.32363,1.32372,1.31,1.50
2016.09.27 16:33:50.378,1.32363,1.32372,1.31,1.12
2016.09.27 16:33:50.429,1.32364,1.32372,2.25,1.00
2016.09.27 16:33:50.480,1.32367,1.32372,1.00,1.00
2016.09.27 16:33:50.688,1.32367,1.32374,1.00,1.00
2016.09.27 16:33:50.790,1.32367,1.32374,1.00,1.00
2016.09.27 16:33:50.996,1.32364,1.32374,2.62,1.87
2016.09.27 16:33:51.098,1.32365,1.32374,1.00,2.62
2016.09.27 16:33:51.403,1.32365,1.32373,1.00,1.12
2016.09.27 16:33:51.769,1.32365,1.32373,1.00,1.87
2016.09.27 16:33:54.271,1.32365,1.32373,1.00,3.37
2016.09.27 16:33:54.323,1.32364,1.32372,3.37,1.00
2016.09.27 16:33:54.374,1.32364,1.32372,3.37,1.12
2016.09.27 16:33:54.476,1.32364,1.32372,3.37,1.00
2016.09.27 16:33:54.527,1.32363,1.32373,3.37,3.75
2016.09.27 16:33:54.579,1.32363,1.32373,1.50,2.62
2016.09.27 16:33:54.630,1.32363,1.32373,3.37,1.00
2016.09.27 16:33:54.732,1.32363,1.32373,3.56,1.00
2016.09.27 16:33:55.424,1.32363,1.32374,3.56,1.12
2016.09.27 16:33:55.526,1.32364,1.32374,1.75,1.12
2016.09.27 16:33:55.831,1.32364,1.32374,2.25,1.12
2016.09.27 16:33:56.387,1.32364,1.32373,3.00,1.00
2016.09.27 16:33:56.845,1.32364,1.32373,2.25,1.00
2016.09.27 16:33:57.233,1.32364,1.32373,1.75,1.00
2016.09.27 16:33:57.689,1.32364,1.32373,2.25,1.00
2016.09.27 16:33:58.096,1.32364,1.32373,1.75,1.50
2016.09.27 16:33:58.147,1.32365,1.32373,1.00,2.25
2016.09.27 16:33:58.198,1.32364,1.32373,1.37,2.25
2016.09.27 16:33:58.249,1.32364,1.32373,3.00,1.87
2016.09.27 16:33:58.300,1.32364,1.32373,3.37,1.50
2016.09.27 16:33:58.402,1.32364,1.32373,4.12,1.50
2016.09.27 16:33:58.505,1.32364,1.32373,2.62,1.87
2016.09.27 16:33:58.556,1.32362,1.32369,3.37,1.00
2016.09.27 16:33:58.607,1.32364,1.32368,1.00,1.50
2016.09.27 16:33:58.659,1.32362,1.32367,4.12,1.19
2016.09.27 16:33:58.774,1.32362,1.32367,4.12,1.87
2016.09.27 16:33:58.826,1.32359,1.32367,1.00,3.00
2016.09.27 16:33:58.928,1.32357,1.32367,4.87,1.87
2016.09.27 16:33:58.979,1.3236,1.32367,1.00,1.87
2016.09.27 16:33:59.234,1.32359,1.32368,2.62,1.87
2016.09.27 16:33:59.285,1.32362,1.32368,1.00,1.87
2016.09.27 16:34:00.112,1.32362,1.32368,1.00,1.37
2016.09.27 16:34:00.520,1.3236,1.32368,1.75,1.50
2016.09.27 16:34:00.571,1.32358,1.32367,4.12,1.12
2016.09.27 16:34:01.226,1.32359,1.32367,1.75,1.37
2016.09.27 16:34:01.706,1.32358,1.32367,4.12,1.12
2016.09.27 16:34:01.807,1.32359,1.32367,1.75,1.37
2016.09.27 16:34:01.909,1.32358,1.32367,4.12,1.12
2016.09.27 16:34:02.492,1.32359,1.32367,1.75,1.12
2016.09.27 16:34:02.901,1.32359,1.32368,2.25,1.87
2016.09.27 16:34:02.953,1.32359,1.32368,3.00,1.87
2016.09.27 16:34:03.525,1.3236,1.32368,1.50,2.62
2016.09.27 16:34:03.833,1.3236,1.32368,1.50,3.22
2016.09.27 16:34:03.885,1.3236,1.32368,1.50,2.62
2016.09.27 16:34:03.937,1.32359,1.32368,3.00,1.87
2016.09.27 16:34:05.084,1.32359,1.32368,3.00,1.37
2016.09.27 16:34:05.499,1.32359,1.32368,2.25,1.37
2016.09.27 16:34:05.550,1.32359,1.32368,1.75,1.37
2016.09.27 16:34:05.731,1.32359,1.32368,2.25,2.06
2016.09.27 16:34:06.087,1.32359,1.32368,2.25,2.66
2016.09.27 16:34:06.138,1.32359,1.32368,2.25,2.47
2016.09.27 16:34:06.556,1.32359,1.32368,2.25,1.87
2016.09.27 16:34:06.658,1.3236,1.32368,1.00,2.25
2016.09.27 16:34:06.709,1.32359,1.32368,1.87,2.25
2016.09.27 16:34:06.811,1.32359,1.32367,1.37,1.00
2016.09.27 16:34:06.964,1.32359,1.32368,1.37,2.25
2016.09.27 16:34:07.016,1.32359,1.32368,1.50,2.36
2016.09.27 16:34:07.118,1.32359,1.32368,1.50,2.25
2016.09.27 16:34:07.372,1.32359,1.32366,1.50,1.00
2016.09.27 16:34:07.424,1.32358,1.32365,2.62,1.00
2016.09.27 16:34:07.555,1.32357,1.32365,1.75,1.00
2016.09.27 16:34:07.607,1.32357,1.32365,2.25,1.00
2016.09.27 16:34:07.658,1.32357,1.32367,2.25,1.87
2016.09.27 16:34:07.709,1.32357,1.32367,2.25,1.50
2016.09.27 16:34:07.760,1.32357,1.32367,4.12,1.12
2016.09.27 16:34:07.811,1.32359,1.32367,1.50,3.49
2016.09.27 16:34:07.862,1.32359,1.32367,2.25,2.74
2016.09.27 16:34:08.015,1.32359,1.32368,2.25,8.55
2016.09.27 16:34:08.066,1.32359,1.32368,2.25,8.55
2016.09.27 16:34:08.168,1.32359,1.32367,2.25,1.52
2016.09.27 16:34:08.286,1.32361,1.32367,1.00,2.62
2016.09.27 16:34:08.337,1.32359,1.32367,1.00,2.06
2016.09.27 16:34:08.388,1.32357,1.32367,1.75,3.19
2016.09.27 16:34:08.439,1.32357,1.32366,2.25,1.12
2016.09.27 16:34:08.490,1.32357,1.32366,2.25,1.50
2016.09.27 16:34:08.542,1.32357,1.32364,1.50,1.00
2016.09.27 16:34:08.649,1.32357,1.32365,1.37,1.00
2016.09.27 16:34:08.700,1.32357,1.32366,1.75,1.12
2016.09.27 16:34:08.752,1.32357,1.32365,1.75,1.00
2016.09.27 16:34:08.956,1.32357,1.32367,3.00,1.37
2016.09.27 16:34:09.007,1.32357,1.32368,2.25,4.50
2016.09.27 16:34:09.058,1.32357,1.32368,4.12,4.12
2016.09.27 16:34:09.109,1.3236,1.32368,1.00,4.12
2016.09.27 16:34:09.211,1.3236,1.32368,1.00,4.99
2016.09.27 16:34:09.335,1.3236,1.32368,1.00,4.24
2016.09.27 16:34:09.437,1.3236,1.32368,1.00,3.49
2016.09.27 16:34:09.540,1.3236,1.32368,1.00,3.37
2016.09.27 16:34:09.642,1.3236,1.32367,1.00,1.12
2016.09.27 16:34:09.693,1.32358,1.32367,1.50,1.12
2016.09.27 16:34:09.744,1.32359,1.32367,1.37,1.00
2016.09.27 16:34:09.796,1.32358,1.32367,2.25,1.00
2016.09.27 16:34:09.870,1.32363,1.32369,1.00,1.12
2016.09.27 16:34:09.921,1.32364,1.32371,1.50,3.75
2016.09.27 16:34:09.972,1.32364,1.32373,1.87,2.62
2016.09.27 16:34:10.023,1.32364,1.32373,2.25,1.37
2016.09.27 16:34:10.125,1.32364,1.32373,1.50,1.37
2016.09.27 16:34:10.227,1.32364,1.32373,2.25,1.37
2016.09.27 16:34:10.415,1.32364,1.32373,1.50,1.37
2016.09.27 16:34:10.466,1.32364,1.32374,2.25,4.12
2016.09.27 16:34:10.517,1.32364,1.32374,2.25,3.00
2016.09.27 16:34:10.619,1.32364,1.32374,3.00,2.62
2016.09.27 16:34:10.823,1.32364,1.32374,2.25,2.62
2016.09.27 16:34:10.979,1.32364,1.32374,2.25,3.00
2016.09.27 16:34:11.234,1.32364,1.32374,3.00,3.00
2016.09.27 16:34:11.851,1.32364,1.32374,3.00,2.62
2016.09.27 16:34:11.902,1.32364,1.32374,3.00,2.25
2016.09.27 16:34:11.953,1.32364,1.32375,4.87,3.00
2016.09.27 16:34:12.058,1.32364,1.32375,4.87,2.25
2016.09.27 16:34:12.110,1.32364,1.32375,4.87,3.00
2016.09.27 16:34:12.162,1.32364,1.32375,2.25,4.87
2016.09.27 16:34:12.213,1.32365,1.32374,1.00,2.25
2016.09.27 16:34:12.265,1.32363,1.32374,1.75,4.12
2016.09.27 16:34:12.384,1.32363,1.32373,2.25,1.37
2016.09.27 16:34:12.435,1.32363,1.32373,2.25,1.37
2016.09.27 16:34:12.486,1.32363,1.32373,2.25,1.87
2016.09.27 16:34:12.639,1.32363,1.32373,1.50,1.87
2016.09.27 16:34:13.048,1.32363,1.32373,1.50,1.50
2016.09.27 16:34:13.252,1.32363,1.32373,2.25,2.25
2016.09.27 16:34:14.275,1.32363,1.32373,2.25,1.50
2016.09.27 16:34:14.732,1.32363,1.32373,1.50,1.50
2016.09.27 16:34:15.168,1.32364,1.32374,1.12,4.12
2016.09.27 16:34:15.220,1.32365,1.32374,1.00,3.00
2016.09.27 16:34:15.311,1.32365,1.32374,1.50,1.37
2016.09.27 16:34:15.362,1.32365,1.32375,1.87,1.12
2016.09.27 16:34:15.413,1.32365,1.32375,2.25,1.12
2016.09.27 16:34:15.515,1.32365,1.32375,3.00,1.50
2016.09.27 16:34:15.620,1.32365,1.32375,2.25,1.00
2016.09.27 16:34:15.773,1.32365,1.32375,2.25,1.00
2016.09.27 16:34:15.824,1.32365,1.32375,3.00,1.12
2016.09.27 16:34:15.977,1.32365,1.32375,3.00,1.12
2016.09.27 16:34:16.028,1.32365,1.32375,2.25,1.00
2016.09.27 16:34:16.079,1.32365,1.32375,2.25,1.00
2016.09.27 16:34:16.384,1.32365,1.32375,2.25,1.00
2016.09.27 16:34:16.435,1.32367,1.32375,1.12,1.00
2016.09.27 16:34:16.486,1.32367,1.32376,1.37,1.00
2016.09.27 16:34:16.537,1.32367,1.32377,1.50,1.87
2016.09.27 16:34:16.588,1.32367,1.32377,2.25,1.12
2016.09.27 16:34:16.639,1.32367,1.32377,3.00,1.12
2016.09.27 16:34:16.690,1.32367,1.32377,3.00,1.12
2016.09.27 16:34:16.741,1.32367,1.32377,3.00,1.12
2016.09.27 16:34:16.968,1.32367,1.32377,3.00,1.87
2016.09.27 16:34:17.172,1.32367,1.32377,3.00,1.87
2016.09.27 16:34:17.223,1.32367,1.32377,3.75,6.37
2016.09.27 16:34:17.273,1.32367,1.32377,3.75,6.37
2016.09.27 16:34:17.325,1.32367,1.32377,3.00,1.87
2016.09.27 16:34:17.579,1.32367,1.32377,3.00,2.62
2016.09.27 16:34:17.630,1.32367,1.32377,3.75,2.62
2016.09.27 16:34:17.732,1.32367,1.32375,1.50,1.50
2016.09.27 16:34:17.844,1.32365,1.32374,3.37,6.00
2016.09.27 16:34:17.897,1.32366,1.32374,1.00,6.37
2016.09.27 16:34:17.985,1.32365,1.32374,1.50,3.00
2016.09.27 16:34:18.036,1.32365,1.32374,1.50,6.75
2016.09.27 16:34:18.088,1.32365,1.32374,1.50,7.12
2016.09.27 16:34:18.139,1.32365,1.32373,1.50,1.87
2016.09.27 16:34:18.190,1.32365,1.32373,1.50,2.62
2016.09.27 16:34:18.241,1.32365,1.32373,1.50,1.50
2016.09.27 16:34:18.292,1.32364,1.32374,1.37,8.25
2016.09.27 16:34:18.343,1.32365,1.32372,1.50,1.00
2016.09.27 16:34:18.394,1.32365,1.32374,1.87,4.87
2016.09.27 16:34:18.445,1.32365,1.32374,1.12,1.12
2016.09.27 16:34:18.740,1.32365,1.32374,1.87,5.62
2016.09.27 16:34:18.792,1.32365,1.32374,1.87,5.62
2016.09.27 16:34:18.843,1.32364,1.32374,1.50,2.62
2016.09.27 16:34:19.047,1.32364,1.32374,1.50,7.12
2016.09.27 16:34:19.352,1.32364,1.32374,2.25,5.62
2016.09.27 16:34:19.454,1.32364,1.32374,1.50,1.87
2016.09.27 16:34:19.556,1.32364,1.32374,1.50,5.25
2016.09.27 16:34:19.608,1.32364,1.32374,1.50,5.62
2016.09.27 16:34:19.659,1.32364,1.32373,2.25,3.75
2016.09.27 16:34:19.761,1.32364,1.32374,1.50,6.00
2016.09.27 16:34:19.904,1.32364,1.32374,1.50,2.25
2016.09.27 16:34:19.956,1.32364,1.32373,1.50,3.00
2016.09.27 16:34:20.008,1.32364,1.32373,1.50,3.37
2016.09.27 16:34:20.059,1.32364,1.32373,1.50,4.12
2016.09.27 16:34:20.264,1.32364,1.32374,1.50,6.37
2016.09.27 16:34:20.623,1.32364,1.32374,1.50,2.62
2016.09.27 16:34:20.725,1.32364,1.32374,1.50,6.37
2016.09.27 16:34:20.827,1.32364,1.32374,1.50,2.62
2016.09.27 16:34:21.235,1.32364,1.32374,1.50,3.37
2016.09.27 16:34:21.286,1.32365,1.32374,1.12,3.00
2016.09.27 16:34:21.338,1.32365,1.32374,1.87,1.12
2016.09.27 16:34:21.390,1.32366,1.32375,1.87,1.00
2016.09.27 16:34:21.441,1.32367,1.32375,2.25,1.00
2016.09.27 16:34:21.492,1.32367,1.32376,2.62,1.87
2016.09.27 16:34:21.543,1.32367,1.32376,3.00,1.50
2016.09.27 16:34:21.594,1.32367,1.32376,3.00,1.50
2016.09.27 16:34:21.646,1.32367,1.32376,2.25,1.00
2016.09.27 16:34:21.747,1.32368,1.32376,1.12,1.00
2016.09.27 16:34:21.798,1.32368,1.32376,1.37,1.00
2016.09.27 16:34:21.849,1.3237,1.32376,1.00,1.00
2016.09.27 16:34:21.901,1.32368,1.32376,1.50,1.00
2016.09.27 16:34:21.997,1.32369,1.32376,1.12,1.00
2016.09.27 16:34:22.048,1.32369,1.32376,1.50,1.00
2016.09.27 16:34:22.170,1.32369,1.32378,1.50,2.81
2016.09.27 16:34:22.373,1.32369,1.32378,1.50,2.81
2016.09.27 16:34:22.628,1.32369,1.32375,1.00,1.00
2016.09.27 16:34:22.679,1.32368,1.32375,2.62,1.00
2016.09.27 16:34:22.730,1.32369,1.32373,1.00,1.00
2016.09.27 16:34:22.832,1.32366,1.32373,3.37,1.00
2016.09.27 16:34:22.882,1.32368,1.32373,1.00,1.00
2016.09.27 16:34:22.933,1.32368,1.32374,1.00,1.50
2016.09.27 16:34:22.984,1.32366,1.32374,1.50,1.50
2016.09.27 16:34:23.035,1.32366,1.32374,1.12,1.50
2016.09.27 16:34:23.188,1.32366,1.32374,1.37,1.50
2016.09.27 16:34:23.239,1.32368,1.32373,1.00,1.00
2016.09.27 16:34:23.290,1.32367,1.32374,2.62,1.50
2016.09.27 16:34:23.341,1.32367,1.32373,2.62,1.00
2016.09.27 16:34:23.527,1.32367,1.32374,2.62,1.50
2016.09.27 16:34:23.631,1.32367,1.32373,2.62,1.00
2016.09.27 16:34:23.734,1.32367,1.32374,2.62,1.50
2016.09.27 16:34:23.836,1.32367,1.32373,2.62,1.00
2016.09.27 16:34:24.041,1.32367,1.32374,2.62,1.50
2016.09.27 16:34:24.194,1.32368,1.32374,1.00,1.50
2016.09.27 16:34:24.246,1.32366,1.32373,2.25,1.00
2016.09.27 16:34:24.567,1.32366,1.32374,2.25,1.50
2016.09.27 16:34:25.127,1.32366,1.32374,3.00,1.50
2016.09.27 16:34:25.292,1.32368,1.32374,1.12,1.50
2016.09.27 16:34:25.365,1.32368,1.32374,1.12,1.00
2016.09.27 16:34:25.671,1.32368,1.32375,1.12,1.87
2016.09.27 16:34:27.035,1.32368,1.32374,1.12,1.00
2016.09.27 16:34:27.137,1.32368,1.32375,1.12,1.87
2016.09.27 16:34:28.872,1.32368,1.32374,1.12,1.00
2016.09.27 16:34:29.584,1.3237,1.32375,1.50,1.50
2016.09.27 16:34:29.636,1.32371,1.32375,1.00,1.00
2016.09.27 16:34:29.688,1.32372,1.32378,1.87,1.00
2016.09.27 16:34:29.739,1.32372,1.32378,1.12,1.00
2016.09.27 16:34:29.892,1.32372,1.32378,1.00,1.00
2016.09.27 16:34:29.943,1.32372,1.32378,1.00,1.50
2016.09.27 16:34:29.994,1.3237,1.32378,1.12,1.50
2016.09.27 16:34:30.130,1.32371,1.32378,1.00,1.50
2016.09.27 16:34:30.232,1.32371,1.32376,1.00,1.00
2016.09.27 16:34:30.319,1.32368,1.32376,4.31,1.00
2016.09.27 16:34:30.371,1.32368,1.32376,2.25,1.00
2016.09.27 16:34:30.425,1.32368,1.32376,2.25,1.50
2016.09.27 16:34:30.476,1.32368,1.32372,1.00,1.00
2016.09.27 16:34:30.527,1.32366,1.32373,3.37,1.50
2016.09.27 16:34:30.579,1.32366,1.32372,2.62,1.00
2016.09.27 16:34:30.630,1.32365,1.32372,1.50,1.00
2016.09.27 16:34:30.682,1.32365,1.32372,1.87,1.00
2016.09.27 16:34:30.733,1.32367,1.32372,1.00,1.00
2016.09.27 16:34:30.785,1.32367,1.32375,1.00,1.50
2016.09.27 16:34:30.950,1.32367,1.32374,1.00,1.00
2016.09.27 16:34:31.514,1.32367,1.32374,1.50,1.00
2016.09.27 16:34:32.779,1.32367,1.32375,1.50,1.00
2016.09.27 16:34:32.881,1.32368,1.32375,1.00,1.87
2016.09.27 16:34:33.167,1.32368,1.32375,1.00,1.00
2016.09.27 16:34:33.269,1.32368,1.32375,1.00,1.87
2016.09.27 16:34:33.473,1.32368,1.32375,1.00,1.00
2016.09.27 16:34:33.575,1.32368,1.32375,1.00,1.87
2016.09.27 16:34:34.085,1.32368,1.32375,1.00,1.00
2016.09.27 16:34:34.386,1.32368,1.32375,1.00,1.87
2016.09.27 16:34:34.589,1.32368,1.32375,1.00,1.00
2016.09.27 16:34:35.724,1.32368,1.32375,1.00,1.00
2016.09.27 16:34:36.007,1.32367,1.32375,2.25,1.00
2016.09.27 16:34:36.058,1.32367,1.32375,1.75,1.12
2016.09.27 16:34:36.882,1.32367,1.32376,1.75,1.87
2016.09.27 16:34:37.086,1.32367,1.32375,1.75,1.12
2016.09.27 16:34:37.391,1.32367,1.32376,1.75,1.87
2016.09.27 16:34:37.492,1.32367,1.32375,1.75,1.12
2016.09.27 16:34:37.746,1.32367,1.32376,1.75,1.87
2016.09.27 16:34:37.798,1.32368,1.32376,1.50,1.87
2016.09.27 16:34:37.849,1.32368,1.32375,1.50,1.12
2016.09.27 16:34:37.947,1.32368,1.32376,1.50,1.87
2016.09.27 16:34:38.152,1.32368,1.32375,1.50,1.12
2016.09.27 16:34:38.305,1.32369,1.32375,1.12,1.12
2016.09.27 16:34:38.356,1.32368,1.32376,1.50,1.87
2016.09.27 16:34:38.458,1.32368,1.32376,1.50,1.50
2016.09.27 16:34:38.613,1.32368,1.32376,1.50,1.50
2016.09.27 16:34:38.715,1.32368,1.32376,1.50,1.50
2016.09.27 16:34:38.766,1.32368,1.32375,1.53,1.00
2016.09.27 16:34:38.889,1.32372,1.32376,1.00,1.50
2016.09.27 16:34:38.941,1.32372,1.32378,1.87,1.00
2016.09.27 16:34:38.993,1.32374,1.3238,1.00,1.37
2016.09.27 16:34:39.044,1.32373,1.32379,1.87,1.00
2016.09.27 16:34:39.095,1.32373,1.32378,1.12,1.00
2016.09.27 16:34:39.197,1.32373,1.32378,1.12,1.50
2016.09.27 16:34:39.452,1.32373,1.32378,1.00,1.87
2016.09.27 16:34:39.605,1.32373,1.32378,1.00,1.50
2016.09.27 16:34:39.656,1.32373,1.32378,1.00,2.25
2016.09.27 16:34:39.941,1.32372,1.32378,1.00,1.50
2016.09.27 16:34:40.254,1.32372,1.32378,1.00,1.00
2016.09.27 16:34:45.820,1.32371,1.32379,1.87,1.87
2016.09.27 16:34:45.871,1.32371,1.32379,1.50,2.25
2016.09.27 16:34:45.922,1.32371,1.32379,1.50,3.00
2016.09.27 16:34:46.024,1.32371,1.32379,1.87,2.62
2016.09.27 16:34:46.075,1.32371,1.32379,2.25,2.25
2016.09.27 16:34:46.126,1.32371,1.32379,1.50,2.62
2016.09.27 16:34:46.177,1.32371,1.32379,1.37,2.62
2016.09.27 16:34:46.228,1.32371,1.32379,1.37,1.87
2016.09.27 16:34:46.279,1.32371,1.32379,1.37,1.50
2016.09.27 16:34:46.330,1.32371,1.32379,1.37,1.50
2016.09.27 16:34:46.381,1.32371,1.32378,1.37,1.00
2016.09.27 16:34:46.534,1.32369,1.32378,4.87,1.00
2016.09.27 16:34:46.585,1.32369,1.32379,4.87,2.25
2016.09.27 16:34:46.687,1.32369,1.32378,4.87,1.00
2016.09.27 16:34:47.006,1.32369,1.32379,4.87,2.25
2016.09.27 16:34:47.145,1.32369,1.32379,3.37,3.00
2016.09.27 16:34:47.196,1.3237,1.32374,1.00,1.00
2016.09.27 16:34:47.299,1.3237,1.32375,1.00,2.62
2016.09.27 16:34:47.351,1.32364,1.32374,3.37,1.50
2016.09.27 16:34:47.403,1.32364,1.32372,3.37,1.50
2016.09.27 16:34:47.454,1.32364,1.32372,1.12,1.87
2016.09.27 16:34:47.505,1.32363,1.32372,1.50,1.12
2016.09.27 16:34:47.557,1.32363,1.32372,1.50,1.12
2016.09.27 16:34:47.608,1.32363,1.32372,1.50,1.87
2016.09.27 16:34:47.766,1.32363,1.32372,1.50,1.00
2016.09.27 16:34:47.864,1.32363,1.32372,1.69,1.50
2016.09.27 16:34:47.915,1.32363,1.32372,2.44,1.50
2016.09.27 16:34:47.966,1.32363,1.32372,2.25,1.00
2016.09.27 16:34:48.017,1.32365,1.32372,1.00,1.00
2016.09.27 16:34:48.068,1.32365,1.32374,1.00,1.50
2016.09.27 16:34:48.119,1.32365,1.32374,1.37,1.50
2016.09.27 16:34:48.170,1.32365,1.32374,1.50,1.87
2016.09.27 16:34:48.272,1.32365,1.32374,1.37,1.37
2016.09.27 16:34:49.032,1.32365,1.32375,1.37,5.62
2016.09.27 16:34:49.083,1.32364,1.32374,1.87,1.37
2016.09.27 16:34:49.134,1.32364,1.32374,3.75,1.12
2016.09.27 16:34:49.186,1.32364,1.32373,3.37,1.00
2016.09.27 16:34:49.288,1.32364,1.32373,3.37,1.87
2016.09.27 16:34:49.339,1.32364,1.32373,3.37,1.87
2016.09.27 16:34:49.390,1.32364,1.32373,3.37,1.50
2016.09.27 16:34:49.973,1.32364,1.32373,3.37,1.00
2016.09.27 16:34:50.024,1.32364,1.32373,2.62,1.00
2016.09.27 16:34:50.211,1.32364,1.32373,2.62,1.50
2016.09.27 16:34:50.265,1.32364,1.32373,2.62,1.00
2016.09.27 16:34:50.484,1.32364,1.32373,2.62,1.50
2016.09.27 16:34:50.535,1.32365,1.32373,1.50,1.50
2016.09.27 16:34:50.638,1.32365,1.32373,1.50,1.50
2016.09.27 16:34:50.689,1.32365,1.32372,1.50,1.00
2016.09.27 16:34:50.791,1.32365,1.32373,1.50,1.50
2016.09.27 16:34:51.072,1.32365,1.32374,1.50,1.87
2016.09.27 16:34:51.302,1.32365,1.32374,1.53,2.62
2016.09.27 16:34:51.405,1.32365,1.32374,1.50,1.87
2016.09.27 16:34:51.509,1.32365,1.32374,1.50,2.62
2016.09.27 16:34:51.612,1.32365,1.32374,1.53,2.62
2016.09.27 16:34:51.715,1.32364,1.32374,3.03,2.62
2016.09.27 16:34:51.766,1.32364,1.32374,3.03,2.62
2016.09.27 16:34:52.192,1.32364,1.32374,2.81,1.87
2016.09.27 16:34:52.294,1.32364,1.32374,3.37,1.87
2016.09.27 16:34:52.345,1.32364,1.32374,3.37,1.87
2016.09.27 16:34:52.396,1.32364,1.32374,3.78,2.62
2016.09.27 16:34:52.498,1.32364,1.32374,3.37,1.87
2016.09.27 16:34:52.651,1.32364,1.32374,3.37,1.12
2016.09.27 16:34:52.702,1.32364,1.32374,3.40,1.12
2016.09.27 16:34:52.753,1.32364,1.32374,2.65,1.12
2016.09.27 16:34:52.804,1.32364,1.32374,2.62,1.50
2016.09.27 16:34:52.855,1.32364,1.32374,2.62,1.50
2016.09.27 16:34:52.957,1.32364,1.32374,3.37,1.50
2016.09.27 16:34:53.008,1.32364,1.32374,3.37,1.12
2016.09.27 16:34:53.085,1.32364,1.32375,3.37,2.25
2016.09.27 16:34:53.136,1.32364,1.32375,3.37,2.25
2016.09.27 16:34:53.188,1.32364,1.32374,3.37,1.00
2016.09.27 16:34:53.290,1.32364,1.32374,3.37,1.50
2016.09.27 16:34:53.798,1.32364,1.32373,3.94,1.00
2016.09.27 16:34:54.104,1.32364,1.32373,3.37,1.50
2016.09.27 16:34:54.205,1.32364,1.32373,3.37,1.00
2016.09.27 16:34:54.542,1.32364,1.32373,1.50,1.00
2016.09.27 16:34:54.593,1.32364,1.32373,1.50,1.50
2016.09.27 16:34:54.695,1.32364,1.32373,1.50,1.00
2016.09.27 16:34:55.065,1.32364,1.32374,1.50,1.87
2016.09.27 16:34:55.117,1.32364,1.32374,1.50,1.12
2016.09.27 16:34:55.475,1.32364,1.32374,1.50,1.87
2016.09.27 16:34:56.124,1.32364,1.32374,1.50,1.87
2016.09.27 16:34:56.177,1.32364,1.32374,1.50,1.87
2016.09.27 16:34:56.279,1.32364,1.32374,1.50,1.50
2016.09.27 16:34:56.330,1.32364,1.32374,1.50,1.87
2016.09.27 16:34:56.715,1.32362,1.32371,3.37,1.00
2016.09.27 16:34:56.766,1.32362,1.32371,1.75,1.37
2016.09.27 16:34:56.817,1.32361,1.3237,1.50,1.50
2016.09.27 16:34:56.869,1.32362,1.32369,1.12,1.00
2016.09.27 16:34:56.920,1.32362,1.3237,1.12,1.50
2016.09.27 16:34:56.971,1.32362,1.3237,1.12,1.50
2016.09.27 16:34:57.022,1.32362,1.3237,1.12,1.87
2016.09.27 16:34:57.073,1.32362,1.3237,1.12,1.37
2016.09.27 16:34:57.316,1.32362,1.3237,1.12,1.50
2016.09.27 16:34:57.368,1.32362,1.3237,1.12,1.50
2016.09.27 16:34:57.896,1.32362,1.32371,1.12,7.12
2016.09.27 16:34:57.998,1.32362,1.32371,1.12,3.37
2016.09.27 16:34:58.049,1.32362,1.32371,1.87,3.37
2016.09.27 16:34:58.100,1.32362,1.32371,1.87,4.12
2016.09.27 16:34:58.202,1.32364,1.32371,1.00,3.37
2016.09.27 16:34:58.312,1.32364,1.32371,1.00,2.25
2016.09.27 16:34:58.363,1.32364,1.32372,1.12,1.87
2016.09.27 16:34:58.414,1.32364,1.32373,1.12,6.37
2016.09.27 16:34:58.465,1.32364,1.32373,1.12,5.62
2016.09.27 16:34:58.516,1.32364,1.32373,1.12,3.37
2016.09.27 16:34:59.024,1.32364,1.32373,1.12,6.37
2016.09.27 16:34:59.076,1.32364,1.32373,1.12,3.37
2016.09.27 16:34:59.501,1.32364,1.32372,1.12,2.62
2016.09.27 16:34:59.603,1.32364,1.32373,1.12,5.62
2016.09.27 16:35:00.216,1.32364,1.32373,1.12,4.12
2016.09.27 16:35:00.409,1.32364,1.32373,1.12,3.75
2016.09.27 16:35:00.612,1.32364,1.32373,1.12,4.12
2016.09.27 16:35:00.898,1.32364,1.32373,1.12,3.75
2016.09.27 16:35:00.949,1.32364,1.32373,1.12,3.00
2016.09.27 16:35:01.001,1.32364,1.32373,1.12,3.75
2016.09.27 16:35:01.060,1.32364,1.32373,1.12,4.50
2016.09.27 16:35:01.213,1.32364,1.32372,1.12,1.37
2016.09.27 16:35:01.706,1.32364,1.32373,1.12,4.50
2016.09.27 16:35:02.583,1.32364,1.32373,1.12,6.75
2016.09.27 16:35:02.687,1.32364,1.32372,1.12,3.37
2016.09.27 16:35:02.782,1.32364,1.32368,1.00,1.00
2016.09.27 16:35:02.884,1.32358,1.32368,2.25,1.00
2016.09.27 16:35:02.935,1.32358,1.32368,1.75,1.00
2016.09.27 16:35:02.986,1.32357,1.32366,3.37,2.25
2016.09.27 16:35:03.038,1.32357,1.32366,2.62,3.00
2016.09.27 16:35:03.089,1.32356,1.32366,2.25,1.87
2016.09.27 16:35:03.219,1.32356,1.32366,1.75,2.25
2016.09.27 16:35:03.270,1.32358,1.32366,1.37,1.00
2016.09.27 16:35:03.321,1.32358,1.32366,1.50,1.00
2016.09.27 16:35:03.372,1.32358,1.32366,1.50,1.00
2016.09.27 16:35:03.424,1.3236,1.32367,1.00,3.94
2016.09.27 16:35:03.475,1.3236,1.32367,1.00,3.94
2016.09.27 16:35:03.526,1.3236,1.32367,1.00,1.25
2016.09.27 16:35:03.577,1.3236,1.32367,1.00,1.69
2016.09.27 16:35:03.628,1.3236,1.32367,1.50,1.25
2016.09.27 16:35:03.679,1.3236,1.32368,1.50,1.19
2016.09.27 16:35:03.730,1.3236,1.32369,1.00,2.44
2016.09.27 16:35:03.781,1.3236,1.32369,1.00,1.69
2016.09.27 16:35:03.832,1.3236,1.32369,1.00,1.19
2016.09.27 16:35:04.160,1.32359,1.3237,3.00,2.44
2016.09.27 16:35:04.211,1.32361,1.3237,1.00,2.44
2016.09.27 16:35:04.797,1.32359,1.3237,3.00,2.25
2016.09.27 16:35:04.899,1.32359,1.3237,3.75,4.50
2016.09.27 16:35:05.019,1.32359,1.3237,2.25,3.00
2016.09.27 16:35:05.291,1.32359,1.3237,2.25,3.19
2016.09.27 16:35:05.999,1.32359,1.3237,2.25,3.56
2016.09.27 16:35:06.051,1.32359,1.3237,2.25,3.94
2016.09.27 16:35:06.102,1.32361,1.3237,1.00,3.94
2016.09.27 16:35:06.153,1.32361,1.3237,1.00,5.81
2016.09.27 16:35:06.204,1.32359,1.3237,2.25,5.81
2016.09.27 16:35:06.336,1.32359,1.32369,2.25,1.69
2016.09.27 16:35:06.971,1.32359,1.32369,4.12,1.69
2016.09.27 16:35:07.022,1.32359,1.3237,4.12,3.56
2016.09.27 16:35:07.378,1.32359,1.3237,2.25,5.44
2016.09.27 16:35:07.429,1.32359,1.3237,2.25,5.81
2016.09.27 16:35:07.591,1.32359,1.3237,2.25,6.67
2016.09.27 16:35:07.642,1.32359,1.32369,1.75,1.61
2016.09.27 16:35:07.693,1.32359,1.32369,2.62,1.12
2016.09.27 16:35:07.796,1.32359,1.32368,1.00,1.00
2016.09.27 16:35:10.013,1.32359,1.32368,1.00,2.25
2016.09.27 16:35:10.319,1.32359,1.32368,1.00,2.36
2016.09.27 16:35:10.405,1.32359,1.32368,1.00,1.50
2016.09.27 16:35:10.508,1.32359,1.32368,1.00,2.25
2016.09.27 16:35:10.610,1.32359,1.32368,1.00,1.50
2016.09.27 16:35:10.712,1.32359,1.32368,1.00,2.36
2016.09.27 16:35:11.017,1.32359,1.32368,1.00,1.00
2016.09.27 16:35:11.423,1.32359,1.32368,1.00,1.15
2016.09.27 16:35:11.829,1.32359,1.32368,1.00,1.00
2016.09.27 16:35:12.109,1.32359,1.32368,1.12,1.00
2016.09.27 16:35:12.211,1.32359,1.32368,1.12,1.24
2016.09.27 16:35:12.516,1.32359,1.32368,1.00,2.74
2016.09.27 16:35:12.568,1.32358,1.32368,1.87,2.36
2016.09.27 16:35:12.619,1.3236,1.32368,1.00,1.99
2016.09.27 16:35:13.659,1.3236,1.32368,1.00,2.74
2016.09.27 16:35:13.711,1.32357,1.32366,3.37,1.80
2016.09.27 16:35:13.762,1.32357,1.32366,1.50,3.90
2016.09.27 16:35:13.815,1.32358,1.32366,2.62,2.85
2016.09.27 16:35:13.867,1.32357,1.32364,2.62,1.00
2016.09.27 16:35:13.919,1.32355,1.32364,3.37,1.00
2016.09.27 16:35:13.970,1.32356,1.32364,1.00,1.37
2016.09.27 16:35:14.022,1.32355,1.32364,2.25,1.50
2016.09.27 16:35:14.124,1.32355,1.32364,1.50,1.50
2016.09.27 16:35:14.176,1.32355,1.32364,3.37,1.12
2016.09.27 16:35:14.227,1.32355,1.32364,3.75,1.00
2016.09.27 16:35:14.402,1.32357,1.32364,1.50,1.00
2016.09.27 16:35:14.568,1.32357,1.32364,1.12,1.00
2016.09.27 16:35:14.619,1.32357,1.32364,1.00,1.00
2016.09.27 16:35:15.077,1.32357,1.32364,1.12,1.00
2016.09.27 16:35:15.211,1.32357,1.32364,1.50,1.00
2016.09.27 16:35:15.473,1.32357,1.32364,1.12,1.00
2016.09.27 16:35:15.524,1.32357,1.32364,1.00,1.00
2016.09.27 16:35:18.616,1.32357,1.32364,1.12,1.00
2016.09.27 16:35:21.388,1.32355,1.32364,1.75,1.00
2016.09.27 16:35:21.439,1.32355,1.32364,1.75,1.69
2016.09.27 16:35:21.490,1.32355,1.32364,1.50,1.31
2016.09.27 16:35:21.621,1.32355,1.32364,1.12,1.87
2016.09.27 16:35:21.723,1.32355,1.32364,1.12,1.12
2016.09.27 16:35:21.774,1.32355,1.32364,1.87,1.50
2016.09.27 16:35:21.927,1.32355,1.32364,1.12,1.50
2016.09.27 16:35:21.978,1.32355,1.32364,1.12,1.12
2016.09.27 16:35:22.131,1.32355,1.32364,1.12,1.12
2016.09.27 16:35:22.283,1.32356,1.32364,1.00,1.12
2016.09.27 16:35:22.334,1.32357,1.32365,1.00,1.00
2016.09.27 16:35:22.436,1.32357,1.32365,1.25,1.00
2016.09.27 16:35:22.488,1.32357,1.32365,1.69,1.00
2016.09.27 16:35:22.539,1.32357,1.32365,3.19,1.00
2016.09.27 16:35:22.590,1.32359,1.32368,1.00,8.25
2016.09.27 16:35:22.677,1.32359,1.32368,2.06,3.00
2016.09.27 16:35:22.729,1.3236,1.32369,1.69,1.61
2016.09.27 16:35:22.780,1.3236,1.32369,1.25,1.15
2016.09.27 16:35:22.832,1.32359,1.3237,3.37,1.62
2016.09.27 16:35:22.934,1.32359,1.3237,3.37,1.52
2016.09.27 16:35:23.036,1.32359,1.3237,3.37,1.61
2016.09.27 16:35:23.139,1.32359,1.3237,3.37,1.69
2016.09.27 16:35:23.190,1.32359,1.3237,3.37,1.69
2016.09.27 16:35:23.241,1.32359,1.3237,3.37,1.80
2016.09.27 16:35:23.344,1.32359,1.3237,3.37,1.69
2016.09.27 16:35:23.547,1.32359,1.3237,4.12,3.94
2016.09.27 16:35:23.649,1.32359,1.3237,3.37,1.69
2016.09.27 16:35:23.700,1.32359,1.32371,4.12,10.31
2016.09.27 16:35:23.903,1.32359,1.32371,4.12,9.56
2016.09.27 16:35:23.976,1.32359,1.32369,4.31,1.31
2016.09.27 16:35:24.027,1.32359,1.32369,4.31,2.44
2016.09.27 16:35:24.129,1.32359,1.32369,4.12,1.50
2016.09.27 16:35:24.335,1.32359,1.32369,4.12,2.44
2016.09.27 16:35:24.646,1.32359,1.32369,4.12,1.61
2016.09.27 16:35:25.146,1.32359,1.32369,4.87,1.15
2016.09.27 16:35:26.047,1.32359,1.32369,4.87,1.00
2016.09.27 16:35:27.146,1.32359,1.32369,5.62,1.25
2016.09.27 16:35:27.350,1.32359,1.32369,5.62,1.36
2016.09.27 16:35:27.845,1.32359,1.32369,4.87,1.15
2016.09.27 16:35:28.050,1.32359,1.32369,5.62,1.36
2016.09.27 16:35:28.205,1.3236,1.32369,1.00,1.36
2016.09.27 16:35:28.256,1.32359,1.32369,3.75,1.36
2016.09.27 16:35:28.307,1.32359,1.32369,3.75,1.36
2016.09.27 16:35:28.460,1.32359,1.32369,3.00,1.15
2016.09.27 16:35:28.589,1.32359,1.32369,3.75,3.00
2016.09.27 16:35:28.640,1.32359,1.32369,3.00,1.15
2016.09.27 16:35:28.742,1.32359,1.32369,3.00,1.00
2016.09.27 16:35:28.946,1.32359,1.32369,3.00,1.50
2016.09.27 16:35:29.049,1.32359,1.32369,3.00,2.25
2016.09.27 16:35:29.152,1.32359,1.32369,3.75,4.80
2016.09.27 16:35:29.203,1.32359,1.32369,5.62,4.80
2016.09.27 16:35:29.356,1.32359,1.32369,4.87,1.61
2016.09.27 16:35:29.460,1.3236,1.32369,1.75,1.61
2016.09.27 16:35:30.308,1.3236,1.32369,1.75,4.69
2016.09.27 16:35:30.409,1.3236,1.32369,1.75,4.31
2016.09.27 16:35:30.562,1.32359,1.32369,5.62,3.56
2016.09.27 16:35:31.720,1.32359,1.32369,4.87,3.56
2016.09.27 16:35:32.513,1.32359,1.32369,4.12,3.56
2016.09.27 16:35:32.829,1.32359,1.32369,4.12,3.56
2016.09.27 16:35:32.931,1.32359,1.32369,4.12,3.56
2016.09.27 16:35:33.337,1.32359,1.32369,3.37,3.56
2016.09.27 16:35:33.439,1.32358,1.3237,5.62,5.55
2016.09.27 16:35:33.491,1.3236,1.32369,1.00,1.34
2016.09.27 16:35:33.542,1.3236,1.32369,1.00,4.05
2016.09.27 16:35:33.795,1.32359,1.32369,1.75,3.67
2016.09.27 16:35:33.899,1.32358,1.3237,5.62,2.81
2016.09.27 16:35:33.951,1.32359,1.32369,1.75,2.55
2016.09.27 16:35:34.156,1.32358,1.3237,5.62,5.06
2016.09.27 16:35:34.461,1.3236,1.32369,1.00,3.19
2016.09.27 16:35:34.733,1.3236,1.32369,1.00,3.30
2016.09.27 16:35:34.836,1.3236,1.32369,1.00,1.15
2016.09.27 16:35:34.938,1.32359,1.32369,3.37,1.15
2016.09.27 16:35:34.989,1.32359,1.3237,3.37,4.42
2016.09.27 16:35:35.429,1.32359,1.32369,3.37,2.92
2016.09.27 16:35:35.531,1.32359,1.3237,2.62,5.06
2016.09.27 16:35:35.924,1.32359,1.3237,2.62,4.31
2016.09.27 16:35:36.822,1.32359,1.3237,2.62,4.69
2016.09.27 16:35:37.230,1.32359,1.3237,2.62,4.80
2016.09.27 16:35:37.281,1.32359,1.3237,2.62,5.17
2016.09.27 16:35:37.333,1.3236,1.3237,1.00,5.17
2016.09.27 16:35:37.385,1.32358,1.3237,3.75,5.17
2016.09.27 16:35:37.436,1.32358,1.3237,3.75,5.06
2016.09.27 16:35:37.552,1.32358,1.3237,3.75,5.44
2016.09.27 16:35:37.832,1.32358,1.32369,4.12,5.17
2016.09.27 16:35:37.884,1.32358,1.32369,4.12,5.55
2016.09.27 16:35:39.336,1.32358,1.32367,1.75,1.50
2016.09.27 16:35:39.387,1.32357,1.32366,2.62,1.87
2016.09.27 16:35:39.438,1.32356,1.32366,4.12,2.62
2016.09.27 16:35:39.489,1.32358,1.32366,1.00,2.25
2016.09.27 16:35:39.540,1.32356,1.32366,2.25,2.62
2016.09.27 16:35:39.591,1.32356,1.32366,1.87,3.00
2016.09.27 16:35:39.642,1.32356,1.32366,3.75,3.00
2016.09.27 16:35:39.693,1.32356,1.32366,4.12,2.62
2016.09.27 16:35:39.745,1.32356,1.32366,2.25,2.62
2016.09.27 16:35:40.069,1.32358,1.32366,1.00,2.25
2016.09.27 16:35:40.123,1.32358,1.32366,1.00,2.62
2016.09.27 16:35:40.530,1.32358,1.32366,1.00,2.62
2016.09.27 16:35:40.632,1.32358,1.32365,1.00,1.00
2016.09.27 16:35:40.888,1.32358,1.32366,1.00,3.00
2016.09.27 16:35:41.142,1.32358,1.32366,1.00,3.00
2016.09.27 16:35:41.462,1.32358,1.32366,1.31,2.62
2016.09.27 16:35:41.514,1.32359,1.32366,1.69,1.50
2016.09.27 16:35:41.567,1.3236,1.32369,1.12,1.87
2016.09.27 16:35:41.619,1.3236,1.32369,1.12,1.12
2016.09.27 16:35:41.876,1.3236,1.32369,3.37,1.00
2016.09.27 16:35:41.927,1.3236,1.32369,1.75,1.12
2016.09.27 16:35:42.038,1.3236,1.32369,1.50,1.12
2016.09.27 16:35:42.495,1.3236,1.3237,1.50,2.25
2016.09.27 16:35:42.547,1.3236,1.3237,1.50,1.50
2016.09.27 16:35:42.953,1.3236,1.3237,1.50,2.25
2016.09.27 16:35:43.289,1.32363,1.32371,1.00,5.25
2016.09.27 16:35:43.342,1.32363,1.32372,1.12,2.62
2016.09.27 16:35:43.393,1.32363,1.32372,1.12,1.50
2016.09.27 16:35:43.445,1.32363,1.32372,1.12,1.00
2016.09.27 16:35:43.499,1.32363,1.32373,1.12,3.00
2016.09.27 16:35:43.550,1.32363,1.32373,1.12,3.00
2016.09.27 16:35:43.601,1.32363,1.32373,1.12,3.37
2016.09.27 16:35:43.652,1.32363,1.32372,1.12,1.12
2016.09.27 16:35:43.907,1.32362,1.32372,2.62,1.12
2016.09.27 16:35:43.958,1.32362,1.32368,2.25,1.00
2016.09.27 16:35:44.552,1.32362,1.32368,2.25,1.50
2016.09.27 16:35:44.654,1.32362,1.32368,2.25,1.00
2016.09.27 16:35:45.228,1.32362,1.32368,2.25,1.50
2016.09.27 16:35:45.358,1.32362,1.32368,2.25,1.00
2016.09.27 16:35:45.460,1.32362,1.32368,2.25,1.50
2016.09.27 16:35:45.561,1.32362,1.32368,2.25,1.00
2016.09.27 16:35:45.765,1.32362,1.32368,2.25,1.50
2016.09.27 16:35:46.323,1.32362,1.32368,2.25,1.00
2016.09.27 16:35:46.581,1.32362,1.32368,2.25,1.50
2016.09.27 16:35:46.683,1.32362,1.32368,2.25,1.00
2016.09.27 16:35:46.785,1.32362,1.32368,2.25,1.50
2016.09.27 16:35:46.989,1.32362,1.32368,2.25,1.00
2016.09.27 16:35:47.204,1.32363,1.32368,1.00,1.00
2016.09.27 16:35:47.256,1.32363,1.32368,1.00,1.50
2016.09.27 16:35:47.459,1.32364,1.3237,1.00,1.00
2016.09.27 16:35:47.663,1.32364,1.32369,1.37,1.00
2016.09.27 16:35:47.714,1.32365,1.32369,1.00,1.00
2016.09.27 16:35:47.765,1.32363,1.3237,4.12,1.50
2016.09.27 16:35:47.968,1.32364,1.3237,1.75,1.50
2016.09.27 16:35:48.756,1.32364,1.32371,3.40,1.50
2016.09.27 16:35:48.807,1.32365,1.32371,1.75,1.50
2016.09.27 16:35:48.985,1.32366,1.3237,2.25,1.00
2016.09.27 16:35:49.089,1.32366,1.32372,2.25,1.50
2016.09.27 16:35:50.439,1.32366,1.32371,2.25,1.50
2016.09.27 16:35:50.491,1.32366,1.32371,2.25,1.00
2016.09.27 16:35:50.542,1.32366,1.32372,2.25,1.50
2016.09.27 16:35:51.875,1.32366,1.32372,1.50,1.50
2016.09.27 16:35:51.926,1.32365,1.32372,2.62,1.50
2016.09.27 16:35:52.001,1.32365,1.32371,2.62,1.00
2016.09.27 16:35:52.589,1.32365,1.32372,2.62,1.50
2016.09.27 16:35:53.761,1.32366,1.32372,1.00,1.50
2016.09.27 16:35:53.886,1.32364,1.32372,2.25,1.50
2016.09.27 16:35:53.995,1.32364,1.32371,2.25,1.00
2016.09.27 16:35:54.097,1.32364,1.32372,2.25,1.50
2016.09.27 16:35:54.199,1.32365,1.32372,2.62,1.50
2016.09.27 16:35:56.271,1.32365,1.32371,2.62,1.00
2016.09.27 16:35:56.572,1.32365,1.32371,2.62,1.50
2016.09.27 16:35:56.699,1.32365,1.32371,2.62,1.00
2016.09.27 16:35:56.801,1.32365,1.32371,3.37,1.00
2016.09.27 16:35:56.853,1.32365,1.32371,4.12,1.50
2016.09.27 16:35:56.955,1.32365,1.32373,4.12,1.00
2016.09.27 16:35:57.007,1.32368,1.32373,1.00,1.00
2016.09.27 16:35:57.058,1.32368,1.32374,1.00,1.50
2016.09.27 16:35:57.313,1.32368,1.32374,1.00,1.50
2016.09.27 16:35:57.567,1.32366,1.32374,1.50,1.50
2016.09.27 16:35:57.618,1.32366,1.32374,1.12,1.50
2016.09.27 16:35:57.706,1.32366,1.32374,1.50,1.50
2016.09.27 16:35:57.808,1.32368,1.32374,1.00,1.50
2016.09.27 16:35:57.909,1.32368,1.32374,1.00,1.50
2016.09.27 16:35:58.012,1.32366,1.32374,1.50,1.50
2016.09.27 16:35:58.368,1.32367,1.32373,1.37,1.00
2016.09.27 16:35:58.420,1.32367,1.32373,1.87,1.00
2016.09.27 16:35:58.472,1.32367,1.32374,1.87,1.50
2016.09.27 16:35:58.523,1.32369,1.32374,1.00,1.50
2016.09.27 16:35:58.699,1.32369,1.32374,1.00,1.50
2016.09.27 16:35:58.904,1.32369,1.32373,1.00,1.00
2016.09.27 16:35:59.006,1.32369,1.32374,1.00,1.50
2016.09.27 16:35:59.361,1.32369,1.32373,1.00,1.00
2016.09.27 16:36:00.175,1.32369,1.32374,1.00,1.50
2016.09.27 16:36:01.070,1.32369,1.32373,1.00,1.00
2016.09.27 16:36:01.173,1.32369,1.32374,1.00,1.50
2016.09.27 16:36:01.386,1.32369,1.32373,1.00,1.00
2016.09.27 16:36:01.769,1.32369,1.32374,1.00,1.50
2016.09.27 16:36:01.950,1.32369,1.32374,1.00,1.50
2016.09.27 16:36:02.053,1.32369,1.32374,1.00,1.00
2016.09.27 16:36:02.105,1.32369,1.32377,1.00,2.25
2016.09.27 16:36:02.156,1.32369,1.32377,1.00,1.50
2016.09.27 16:36:02.413,1.3237,1.32377,1.00,1.50
2016.09.27 16:36:02.464,1.3237,1.32378,1.24,3.00
2016.09.27 16:36:02.516,1.32372,1.32378,1.12,1.75
2016.09.27 16:36:02.618,1.32372,1.32378,1.50,1.75
2016.09.27 16:36:02.669,1.32372,1.32378,1.50,1.75
2016.09.27 16:36:02.820,1.32371,1.32378,2.43,1.75
2016.09.27 16:36:02.871,1.32371,1.32378,2.06,1.75
2016.09.27 16:36:02.923,1.32371,1.32378,1.68,1.75
2016.09.27 16:36:02.974,1.32371,1.32377,2.06,1.00
2016.09.27 16:36:03.026,1.32371,1.32377,2.43,1.00
2016.09.27 16:36:03.332,1.32371,1.32381,2.43,1.37
2016.09.27 16:36:03.486,1.32372,1.32381,1.50,1.37
2016.09.27 16:36:03.593,1.32372,1.32381,1.50,1.50
2016.09.27 16:36:03.746,1.32371,1.32381,2.43,1.50
2016.09.27 16:36:04.053,1.32371,1.32381,2.43,2.25
2016.09.27 16:36:04.612,1.32371,1.32381,2.43,1.87
2016.09.27 16:36:04.663,1.32371,1.32381,2.43,1.50
2016.09.27 16:36:04.780,1.32372,1.32382,2.25,3.00
2016.09.27 16:36:04.831,1.32374,1.32382,1.00,2.62
2016.09.27 16:36:04.882,1.32371,1.3238,4.31,1.00
2016.09.27 16:36:04.934,1.32371,1.3238,1.68,1.00
2016.09.27 16:36:04.985,1.3237,1.3238,1.50,1.50
2016.09.27 16:36:05.037,1.32372,1.32379,1.00,1.00
2016.09.27 16:36:05.108,1.32372,1.3238,1.00,3.00
2016.09.27 16:36:05.159,1.32372,1.32378,1.00,1.00
2016.09.27 16:36:05.211,1.32372,1.3238,1.00,2.62
2016.09.27 16:36:05.262,1.32372,1.32381,1.00,1.37
2016.09.27 16:36:05.334,1.32372,1.32381,1.00,1.37
2016.09.27 16:36:05.476,1.32372,1.32381,1.00,1.50
2016.09.27 16:36:05.527,1.32372,1.32381,1.50,1.50
2016.09.27 16:36:05.579,1.32372,1.32381,1.50,1.00
2016.09.27 16:36:05.681,1.32372,1.32381,1.68,1.00
2016.09.27 16:36:05.784,1.32372,1.32382,3.56,1.87
2016.09.27 16:36:05.836,1.32372,1.32382,3.56,1.50
2016.09.27 16:36:05.888,1.32372,1.32382,3.37,1.50
2016.09.27 16:36:07.093,1.32372,1.32382,3.37,1.12
2016.09.27 16:36:07.196,1.32374,1.32382,1.37,1.12
2016.09.27 16:36:07.300,1.32374,1.32382,1.00,1.12
2016.09.27 16:36:07.352,1.32374,1.32382,1.00,1.12
2016.09.27 16:36:07.507,1.32374,1.32382,1.37,1.00
2016.09.27 16:36:07.558,1.32374,1.32382,1.50,1.00
2016.09.27 16:36:07.809,1.32374,1.32382,3.37,1.00
2016.09.27 16:36:07.860,1.32374,1.32382,2.62,1.50
2016.09.27 16:36:07.912,1.32373,1.32382,1.75,1.87
2016.09.27 16:36:07.963,1.32374,1.32382,1.00,1.87
2016.09.27 16:36:08.217,1.32374,1.32382,1.00,1.12
2016.09.27 16:36:08.391,1.32374,1.32382,1.00,1.00
2016.09.27 16:36:09.277,1.32374,1.32383,1.50,1.50
2016.09.27 16:36:09.328,1.32377,1.32383,1.00,1.50
2016.09.27 16:36:09.380,1.32377,1.32383,1.00,1.00
2016.09.27 16:36:09.431,1.32379,1.32383,1.72,1.00
2016.09.27 16:36:09.483,1.3238,1.32386,1.72,8.25
2016.09.27 16:36:09.535,1.32381,1.32386,1.50,4.87
2016.09.27 16:36:09.586,1.32382,1.32386,1.12,1.12
2016.09.27 16:36:09.637,1.32382,1.32387,1.50,1.87
2016.09.27 16:36:09.689,1.32382,1.32387,2.25,1.50
2016.09.27 16:36:09.740,1.32382,1.32388,2.25,3.37
2016.09.27 16:36:09.791,1.32383,1.32388,1.50,3.37
2016.09.27 16:36:09.843,1.32383,1.32394,1.50,5.81
2016.09.27 16:36:09.932,1.32385,1.32393,1.00,1.31
2016.09.27 16:36:09.984,1.32385,1.32393,1.00,1.68
2016.09.27 16:36:10.137,1.32382,1.32392,3.37,1.68
2016.09.27 16:36:10.188,1.32382,1.32392,1.50,1.68
2016.09.27 16:36:10.240,1.32382,1.32392,1.50,1.31
2016.09.27 16:36:10.291,1.32384,1.32392,1.00,1.31
2016.09.27 16:36:10.393,1.32384,1.32392,1.00,1.31
2016.09.27 16:36:10.444,1.32382,1.32392,1.50,2.43
2016.09.27 16:36:10.495,1.32381,1.32392,1.50,2.81
2016.09.27 16:36:10.547,1.32381,1.32392,1.50,3.18
2016.09.27 16:36:10.598,1.32381,1.32391,1.50,1.18
2016.09.27 16:36:10.775,1.32381,1.32391,1.75,1.31
2016.09.27 16:36:10.929,1.32381,1.32391,1.75,1.18
2016.09.27 16:36:10.980,1.32381,1.32391,1.75,1.24
2016.09.27 16:36:11.146,1.32382,1.3239,1.50,1.00
2016.09.27 16:36:11.298,1.32382,1.3239,1.12,1.12
2016.09.27 16:36:11.451,1.32381,1.3239,1.50,1.12
2016.09.27 16:36:11.502,1.32381,1.3239,1.50,1.00
2016.09.27 16:36:11.604,1.32381,1.3239,1.50,1.12
2016.09.27 16:36:11.655,1.32381,1.3239,1.12,1.12
2016.09.27 16:36:11.873,1.32381,1.3239,1.12,1.50
2016.09.27 16:36:11.924,1.3238,1.3239,1.50,1.87
2016.09.27 16:36:12.003,1.3238,1.3239,3.37,2.06
2016.09.27 16:36:12.055,1.3238,1.3239,2.62,2.29
2016.09.27 16:36:12.106,1.32379,1.32388,2.62,1.24
2016.09.27 16:36:12.158,1.32378,1.32387,2.62,1.00
2016.09.27 16:36:12.209,1.32378,1.32387,2.62,1.37
2016.09.27 16:36:12.261,1.32381,1.32387,1.00,3.11
2016.09.27 16:36:12.312,1.32378,1.32387,2.62,3.67
2016.09.27 16:36:12.363,1.32377,1.32387,2.25,3.18
2016.09.27 16:36:12.538,1.32377,1.32387,2.25,1.68
2016.09.27 16:36:12.742,1.32382,1.32387,1.00,1.31
2016.09.27 16:36:12.793,1.3238,1.32388,1.00,1.00
2016.09.27 16:36:12.844,1.32381,1.32389,1.12,1.19
2016.09.27 16:36:12.895,1.3238,1.3239,1.50,1.69
2016.09.27 16:36:12.997,1.3238,1.3239,1.50,2.44
2016.09.27 16:36:13.048,1.3238,1.3239,1.50,4.16
2016.09.27 16:36:13.099,1.32379,1.32389,1.75,1.81
2016.09.27 16:36:13.150,1.32379,1.32388,1.75,1.19
2016.09.27 16:36:13.202,1.32379,1.32388,1.75,1.69
2016.09.27 16:36:13.516,1.32379,1.32388,1.75,2.44
2016.09.27 16:36:13.669,1.32379,1.32388,1.75,2.06
2016.09.27 16:36:14.208,1.32379,1.32388,1.75,1.69
2016.09.27 16:36:14.607,1.32379,1.32388,1.75,1.87
2016.09.27 16:36:14.658,1.32379,1.32388,1.75,1.68
2016.09.27 16:36:14.709,1.32379,1.32388,1.75,2.43
2016.09.27 16:36:14.811,1.32379,1.32388,1.75,2.25
2016.09.27 16:36:15.273,1.32379,1.32388,1.75,2.44
2016.09.27 16:36:15.415,1.32379,1.32388,2.25,1.69
2016.09.27 16:36:15.467,1.3238,1.3239,1.50,3.93
2016.09.27 16:36:15.518,1.32379,1.3239,2.25,3.56
2016.09.27 16:36:15.723,1.32379,1.3239,2.25,3.56
2016.09.27 16:36:16.645,1.32379,1.32388,2.25,1.25
2016.09.27 16:36:16.696,1.32379,1.32388,1.75,1.25
2016.09.27 16:36:16.747,1.32379,1.32389,1.75,1.87
2016.09.27 16:36:16.798,1.32381,1.32389,1.00,1.50
2016.09.27 16:36:16.849,1.32381,1.32389,1.00,1.87
2016.09.27 16:36:16.951,1.32381,1.32389,1.00,2.62
2016.09.27 16:36:17.059,1.32381,1.32389,1.00,2.62
2016.09.27 16:36:17.110,1.32381,1.32389,1.00,3.00
2016.09.27 16:36:17.828,1.32381,1.32389,1.00,3.75
2016.09.27 16:36:18.474,1.32381,1.32389,1.00,3.00
2016.09.27 16:36:18.648,1.32381,1.32389,1.00,3.11
2016.09.27 16:36:18.768,1.32381,1.32389,1.00,3.75
2016.09.27 16:36:18.869,1.32381,1.32389,1.00,3.00
2016.09.27 16:36:18.971,1.32381,1.32389,1.00,3.11
2016.09.27 16:36:19.277,1.32381,1.32389,1.00,3.75
2016.09.27 16:36:19.379,1.32381,1.32389,1.00,3.11
2016.09.27 16:36:19.484,1.32381,1.32389,1.00,3.00
2016.09.27 16:36:19.587,1.32381,1.32389,1.00,3.75
2016.09.27 16:36:19.638,1.32381,1.32389,1.00,3.11
2016.09.27 16:36:19.747,1.32381,1.32389,1.00,3.75
2016.09.27 16:36:19.855,1.32381,1.32389,1.00,3.00
2016.09.27 16:36:20.059,1.32381,1.32389,1.00,3.11
2016.09.27 16:36:20.285,1.32381,1.32389,1.00,3.48
2016.09.27 16:36:20.408,1.32381,1.32389,1.00,3.11
2016.09.27 16:36:20.461,1.32381,1.32389,1.00,2.43
2016.09.27 16:36:20.512,1.32381,1.32389,1.00,1.18
2016.09.27 16:36:20.567,1.32382,1.3239,1.00,4.31
2016.09.27 16:36:20.618,1.32382,1.3239,1.00,2.62
2016.09.27 16:36:20.669,1.32382,1.32391,1.37,3.37
2016.09.27 16:36:20.722,1.32382,1.32391,1.50,1.50
2016.09.27 16:36:21.148,1.32382,1.32391,1.69,1.87
2016.09.27 16:36:21.251,1.32382,1.32391,2.44,1.50
2016.09.27 16:36:21.354,1.32382,1.32392,2.44,4.31
2016.09.27 16:36:21.410,1.32383,1.32392,1.12,4.31
2016.09.27 16:36:21.513,1.32382,1.32392,2.25,3.93
2016.09.27 16:36:21.564,1.32382,1.32392,2.62,3.18
2016.09.27 16:36:21.616,1.32382,1.32392,2.62,3.56
2016.09.27 16:36:21.667,1.32382,1.32392,2.25,3.56
2016.09.27 16:36:21.718,1.32382,1.32392,2.25,3.37
2016.09.27 16:36:21.820,1.32382,1.32392,2.25,3.00
2016.09.27 16:36:22.100,1.32382,1.32392,2.25,3.37
2016.09.27 16:36:22.153,1.32382,1.32392,2.62,3.37
2016.09.27 16:36:22.460,1.32382,1.32392,2.44,3.37
2016.09.27 16:36:22.612,1.32382,1.32392,2.44,3.00
2016.09.27 16:36:22.766,1.32382,1.32392,2.62,3.00
2016.09.27 16:36:22.819,1.32382,1.32392,1.87,3.37
2016.09.27 16:36:23.004,1.32382,1.32392,1.87,3.37
2016.09.27 16:36:23.056,1.32382,1.32392,1.50,3.37
2016.09.27 16:36:23.107,1.32382,1.32392,1.50,3.00
2016.09.27 16:36:23.436,1.32382,1.32392,1.50,3.37
2016.09.27 16:36:23.538,1.32382,1.32392,1.50,2.62
2016.09.27 16:36:23.589,1.32382,1.32392,1.87,2.62
2016.09.27 16:36:23.742,1.32382,1.32392,1.87,2.62
2016.09.27 16:36:24.463,1.32381,1.32391,1.75,2.62
2016.09.27 16:36:24.514,1.32381,1.3239,1.87,1.37
2016.09.27 16:36:24.565,1.32381,1.32389,1.50,1.00
2016.09.27 16:36:24.616,1.32381,1.32389,1.87,1.00
2016.09.27 16:36:24.667,1.32382,1.32391,1.00,3.93
2016.09.27 16:36:25.543,1.32382,1.32386,1.00,1.12
2016.09.27 16:36:25.594,1.32379,1.32385,2.62,1.50
2016.09.27 16:36:25.723,1.32378,1.32385,2.25,1.87
2016.09.27 16:36:25.774,1.32376,1.32385,1.50,1.87
2016.09.27 16:36:25.927,1.32376,1.32384,1.50,1.00
2016.09.27 16:36:25.978,1.32376,1.32384,1.50,1.12
2016.09.27 16:36:26.029,1.32376,1.32384,1.50,1.00
2016.09.27 16:36:26.131,1.32377,1.32384,1.12,1.00
2016.09.27 16:36:26.182,1.32377,1.32386,1.12,2.81
2016.09.27 16:36:26.284,1.32376,1.32386,1.50,3.56
2016.09.27 16:36:26.359,1.32377,1.32386,1.12,1.24
2016.09.27 16:36:26.410,1.32379,1.32386,1.00,1.24
2016.09.27 16:36:26.462,1.3238,1.32388,1.00,1.87
2016.09.27 16:36:26.514,1.3238,1.32388,1.00,1.12
2016.09.27 16:36:26.567,1.32382,1.32389,1.00,1.00
2016.09.27 16:36:26.618,1.32382,1.3239,1.00,1.24
2016.09.27 16:36:26.669,1.32382,1.32391,1.12,1.68
2016.09.27 16:36:26.720,1.32382,1.32391,1.12,1.31
2016.09.27 16:36:26.771,1.32382,1.32391,1.12,1.68
2016.09.27 16:36:26.873,1.32382,1.32391,1.12,2.43
2016.09.27 16:36:27.018,1.32382,1.32391,1.12,2.06
2016.09.27 16:36:29.887,1.32382,1.32391,1.12,2.43
2016.09.27 16:36:29.939,1.32382,1.32391,1.12,2.81
2016.09.27 16:36:30.202,1.32382,1.32391,1.12,2.43
2016.09.27 16:36:30.253,1.32382,1.32391,1.12,2.06
2016.09.27 16:36:30.762,1.32382,1.32391,1.12,2.81
2016.09.27 16:36:30.864,1.32382,1.32391,1.12,3.56
2016.09.27 16:36:30.966,1.32382,1.32391,1.12,3.37
2016.09.27 16:36:31.017,1.32382,1.3239,1.12,1.37
2016.09.27 16:36:31.345,1.32386,1.3239,1.00,1.25
2016.09.27 16:36:31.397,1.32382,1.32391,1.87,1.00
2016.09.27 16:36:31.449,1.32387,1.32393,1.00,4.12
2016.09.27 16:36:31.502,1.32389,1.32393,1.50,2.25
2016.09.27 16:36:31.554,1.3239,1.32394,1.00,6.00
2016.09.27 16:36:31.605,1.32388,1.32393,4.12,2.25
2016.09.27 16:36:31.656,1.3239,1.32395,1.37,3.75
2016.09.27 16:36:31.707,1.3239,1.32399,1.50,1.18
2016.09.27 16:36:31.759,1.3239,1.32399,1.12,1.87
2016.09.27 16:36:31.810,1.3239,1.32399,1.00,2.25
2016.09.27 16:36:31.964,1.3239,1.32399,1.50,2.25
2016.09.27 16:36:32.129,1.3239,1.32397,1.50,1.00
2016.09.27 16:36:32.391,1.32389,1.32397,1.50,1.69
2016.09.27 16:36:32.761,1.3239,1.32397,1.00,1.69
2016.09.27 16:36:32.964,1.3239,1.32397,1.00,1.50
2016.09.27 16:36:33.016,1.3239,1.32397,1.00,1.00
2016.09.27 16:36:33.067,1.3239,1.32398,1.37,1.87
2016.09.27 16:36:33.146,1.3239,1.32398,1.37,2.62
2016.09.27 16:36:33.199,1.3239,1.32397,1.12,1.12
2016.09.27 16:36:33.301,1.3239,1.32398,1.12,2.62
2016.09.27 16:36:33.465,1.3239,1.32397,1.12,1.12
2016.09.27 16:36:33.974,1.3239,1.32398,1.12,2.62
2016.09.27 16:36:34.401,1.3239,1.32398,1.12,1.87
2016.09.27 16:36:34.452,1.3239,1.32398,1.12,1.37
2016.09.27 16:36:34.503,1.3239,1.32398,1.12,1.62
2016.09.27 16:36:34.554,1.3239,1.32398,1.12,2.06
2016.09.27 16:36:34.605,1.3239,1.32397,1.12,1.31
2016.09.27 16:36:34.707,1.3239,1.32398,1.12,2.81
2016.09.27 16:36:34.961,1.3239,1.32397,1.12,1.31
2016.09.27 16:36:35.497,1.3239,1.32398,1.12,2.81
2016.09.27 16:36:35.599,1.3239,1.32397,1.12,1.31
2016.09.27 16:36:35.701,1.3239,1.32398,1.12,2.81
2016.09.27 16:36:35.752,1.3239,1.32398,1.12,2.06
2016.09.27 16:36:35.803,1.3239,1.32398,1.12,2.25
2016.09.27 16:36:36.006,1.3239,1.32398,1.12,1.37
2016.09.27 16:36:36.563,1.32391,1.32398,1.00,1.87
2016.09.27 16:36:36.614,1.32391,1.32398,1.50,1.50
2016.09.27 16:36:36.665,1.32391,1.32398,1.00,1.00
2016.09.27 16:36:36.769,1.3239,1.32398,1.50,1.37
2016.09.27 16:36:36.820,1.3239,1.32398,1.72,1.37
2016.09.27 16:36:36.871,1.3239,1.32398,1.12,1.87
2016.09.27 16:36:36.923,1.3239,1.32398,1.12,1.37
2016.09.27 16:36:37.012,1.3239,1.32399,1.12,3.41
2016.09.27 16:36:37.063,1.3239,1.32399,1.12,4.54
2016.09.27 16:36:37.114,1.3239,1.32399,1.12,3.94
2016.09.27 16:36:37.881,1.3239,1.32399,1.12,2.81
2016.09.27 16:36:37.933,1.3239,1.32398,1.12,1.37
2016.09.27 16:36:38.035,1.3239,1.32399,1.12,4.31
2016.09.27 16:36:38.086,1.3239,1.32399,1.12,5.06
2016.09.27 16:36:38.289,1.3239,1.32398,1.12,1.25
2016.09.27 16:36:38.340,1.3239,1.32398,1.50,1.25
2016.09.27 16:36:38.391,1.3239,1.32398,1.50,1.69
2016.09.27 16:36:38.493,1.3239,1.32398,1.50,1.00
2016.09.27 16:36:38.900,1.3239,1.32398,1.50,1.69
2016.09.27 16:36:39.103,1.3239,1.32398,1.50,1.00
2016.09.27 16:36:40.574,1.3239,1.32398,1.50,1.31
2016.09.27 16:36:40.727,1.3239,1.32395,1.50,1.00
2016.09.27 16:36:40.778,1.3239,1.32395,1.12,1.00
2016.09.27 16:36:40.829,1.3239,1.32395,1.00,1.00
2016.09.27 16:36:43.497,1.32391,1.32395,1.00,1.00
2016.09.27 16:36:43.599,1.32391,1.32397,1.00,1.12
2016.09.27 16:36:44.001,1.32391,1.32397,1.00,1.00
2016.09.27 16:36:44.205,1.32391,1.32397,1.00,1.15
2016.09.27 16:36:44.307,1.32391,1.32397,1.00,1.00
2016.09.27 16:36:44.460,1.3239,1.32397,2.25,1.00
2016.09.27 16:36:44.511,1.3239,1.32397,1.50,1.00
2016.09.27 16:36:44.562,1.3239,1.32397,1.50,1.50
2016.09.27 16:36:44.613,1.3239,1.32395,1.50,1.00
2016.09.27 16:36:44.748,1.32389,1.32395,2.62,1.00
2016.09.27 16:36:44.800,1.3239,1.32395,1.12,1.00
2016.09.27 16:36:46.205,1.32389,1.32395,1.37,1.00
2016.09.27 16:36:46.519,1.32388,1.32395,2.25,1.00
2016.09.27 16:36:46.722,1.32388,1.32395,1.75,1.00
2016.09.27 16:36:46.773,1.32388,1.32395,1.50,1.00
2016.09.27 16:36:46.874,1.32388,1.32395,1.12,1.00
2016.09.27 16:36:48.113,1.32391,1.32396,1.00,1.00
2016.09.27 16:36:48.216,1.32391,1.32396,1.12,1.00
2016.09.27 16:36:48.421,1.3239,1.32396,1.37,1.00
2016.09.27 16:36:48.524,1.3239,1.32396,1.00,1.15
2016.09.27 16:36:49.293,1.3239,1.32396,1.00,1.00
2016.09.27 16:36:49.815,1.3239,1.32396,1.00,1.15
2016.09.27 16:36:49.917,1.3239,1.32396,1.00,1.00
2016.09.27 16:36:50.222,1.3239,1.32396,1.00,1.15
2016.09.27 16:36:50.303,1.3239,1.32396,1.00,1.00
2016.09.27 16:36:50.597,1.3239,1.32396,1.00,1.15
2016.09.27 16:36:50.648,1.3239,1.32395,1.00,1.00
2016.09.27 16:36:52.331,1.3239,1.32394,1.00,1.00
2016.09.27 16:36:52.665,1.3239,1.32395,1.50,1.00
2016.09.27 16:36:53.483,1.3239,1.32395,1.12,1.00
2016.09.27 16:36:53.535,1.3239,1.32395,1.00,1.00
2016.09.27 16:36:54.358,1.32389,1.32395,1.50,1.00
2016.09.27 16:36:54.409,1.32388,1.32395,1.75,1.00
2016.09.27 16:36:54.460,1.32388,1.32395,2.25,1.00
2016.09.27 16:36:54.511,1.32389,1.32395,1.50,1.00
2016.09.27 16:36:56.416,1.32389,1.32396,1.50,1.00
2016.09.27 16:36:56.519,1.32389,1.32396,1.50,1.12
2016.09.27 16:36:56.570,1.32389,1.32396,1.87,1.12
2016.09.27 16:36:56.621,1.32389,1.32396,1.87,1.00
2016.09.27 16:36:56.672,1.32389,1.32396,2.25,1.00
2016.09.27 16:36:56.724,1.3239,1.32396,1.12,1.00
2016.09.27 16:36:56.775,1.3239,1.32396,1.50,1.00
2016.09.27 16:36:56.978,1.3239,1.32396,1.12,1.00
2016.09.27 16:36:57.131,1.32389,1.32396,2.62,1.00
2016.09.27 16:36:57.644,1.32389,1.32397,2.62,1.00
2016.09.27 16:36:57.695,1.32389,1.32397,1.87,1.00
2016.09.27 16:36:57.746,1.3239,1.32397,1.12,1.00
2016.09.27 16:36:59.058,1.3239,1.32397,1.37,1.00
2016.09.27 16:36:59.109,1.3239,1.32397,1.87,1.00
2016.09.27 16:36:59.161,1.3239,1.32399,1.87,1.00
2016.09.27 16:37:00.972,1.32393,1.32399,1.50,1.00
2016.09.27 16:37:01.023,1.32393,1.324,2.81,1.00
2016.09.27 16:37:01.075,1.32395,1.324,1.00,1.00
2016.09.27 16:37:01.126,1.32396,1.32403,1.00,1.87
2016.09.27 16:37:01.178,1.32395,1.32403,1.00,1.50
2016.09.27 16:37:01.299,1.32395,1.32404,1.12,3.37
2016.09.27 16:37:01.350,1.32396,1.32405,1.59,3.37
2016.09.27 16:37:01.402,1.32398,1.32405,1.00,1.50
2016.09.27 16:37:01.453,1.32397,1.32405,1.87,1.12
2016.09.27 16:37:01.504,1.32397,1.32405,2.25,1.00
2016.09.27 16:37:01.606,1.32397,1.32406,2.25,1.00
2016.09.27 16:37:01.709,1.32397,1.32408,2.25,3.22
2016.09.27 16:37:01.760,1.32399,1.32408,1.12,3.97
2016.09.27 16:37:01.811,1.32398,1.32408,1.50,3.22
2016.09.27 16:37:01.863,1.32399,1.32408,1.12,3.97
2016.09.27 16:37:01.965,1.32399,1.32408,1.12,3.37
2016.09.27 16:37:02.137,1.32397,1.32408,2.25,3.37
2016.09.27 16:37:02.239,1.32397,1.32408,2.25,3.75
2016.09.27 16:37:02.290,1.32397,1.32407,2.25,1.67
2016.09.27 16:37:02.392,1.32397,1.32408,2.25,5.47
2016.09.27 16:37:02.545,1.32397,1.32408,2.25,5.10
2016.09.27 16:37:02.596,1.32397,1.32407,2.25,1.67
2016.09.27 16:37:03.414,1.32397,1.32408,2.25,5.25
2016.09.27 16:37:03.465,1.32397,1.32408,2.25,4.50
2016.09.27 16:37:04.127,1.32397,1.32408,2.25,5.25
2016.09.27 16:37:04.313,1.32397,1.32407,2.25,1.67
2016.09.27 16:37:05.028,1.32397,1.32408,2.25,5.47
2016.09.27 16:37:05.207,1.32397,1.32408,2.25,5.85
2016.09.27 16:37:05.505,1.32397,1.32407,2.25,1.67
2016.09.27 16:37:05.660,1.32397,1.32408,2.25,5.25
2016.09.27 16:37:05.711,1.32398,1.32408,1.50,4.12
2016.09.27 16:37:05.762,1.32398,1.32408,1.12,3.37
2016.09.27 16:37:05.814,1.32398,1.32406,1.00,1.00
2016.09.27 16:37:06.022,1.32397,1.32406,2.25,1.00
2016.09.27 16:37:06.175,1.32397,1.32408,2.25,1.87
2016.09.27 16:37:06.324,1.32397,1.32408,2.25,2.25
2016.09.27 16:37:06.425,1.32397,1.32408,2.25,2.85
2016.09.27 16:37:06.477,1.32396,1.32405,1.75,1.00
2016.09.27 16:37:06.528,1.32395,1.32405,3.09,1.61
2016.09.27 16:37:06.580,1.32395,1.32405,3.37,1.61
2016.09.27 16:37:06.631,1.32396,1.32406,1.50,2.15
2016.09.27 16:37:06.683,1.32396,1.32406,1.12,1.50
2016.09.27 16:37:06.734,1.32396,1.32406,3.00,1.50
2016.09.27 16:37:06.786,1.32396,1.32406,3.37,1.12
2016.09.27 16:37:07.588,1.32396,1.32407,4.12,4.87
2016.09.27 16:37:07.639,1.32396,1.32406,2.25,2.62
2016.09.27 16:37:07.690,1.32396,1.32406,2.25,3.00
2016.09.27 16:37:07.741,1.32396,1.32405,2.25,1.00
2016.09.27 16:37:07.792,1.32396,1.32407,2.25,6.65
2016.09.27 16:37:08.632,1.32396,1.32407,2.25,7.03
2016.09.27 16:37:09.039,1.32396,1.32407,2.25,6.65
2016.09.27 16:37:09.192,1.32396,1.32403,1.50,1.00
2016.09.27 16:37:09.309,1.32395,1.32401,2.62,1.37
2016.09.27 16:37:09.360,1.32392,1.324,2.62,1.12
2016.09.27 16:37:09.411,1.3239,1.324,3.37,1.12
2016.09.27 16:37:09.462,1.3239,1.324,3.37,1.00
2016.09.27 16:37:09.615,1.3239,1.32401,3.37,2.85
2016.09.27 16:37:09.667,1.3239,1.32401,3.37,3.22
2016.09.27 16:37:09.718,1.3239,1.32401,3.37,2.06
2016.09.27 16:37:10.240,1.3239,1.32398,3.37,1.00
2016.09.27 16:37:10.936,1.3239,1.32398,4.12,1.00
2016.09.27 16:37:11.122,1.3239,1.32398,4.12,1.25
2016.09.27 16:37:11.224,1.3239,1.32398,3.37,1.25
2016.09.27 16:37:11.326,1.3239,1.32398,3.37,1.00
2016.09.27 16:37:11.431,1.3239,1.32398,3.37,1.25
2016.09.27 16:37:12.119,1.3239,1.32398,3.37,1.00
2016.09.27 16:37:14.246,1.3239,1.324,3.37,1.12
2016.09.27 16:37:14.347,1.32391,1.32397,2.06,1.00
2016.09.27 16:37:14.449,1.32391,1.32397,1.50,1.00
2016.09.27 16:37:14.552,1.32391,1.32399,1.87,1.05
2016.09.27 16:37:14.603,1.32391,1.32399,2.72,1.67
2016.09.27 16:37:14.655,1.32394,1.32401,1.00,3.00
2016.09.27 16:37:14.772,1.32395,1.32402,1.00,3.75
2016.09.27 16:37:15.027,1.32396,1.32402,1.00,4.91
2016.09.27 16:37:15.079,1.32395,1.32401,1.00,1.00
2016.09.27 16:37:15.132,1.32393,1.32402,1.97,1.87
2016.09.27 16:37:15.219,1.32393,1.32401,1.00,1.00
2016.09.27 16:37:15.284,1.32392,1.32401,1.50,1.00
2016.09.27 16:37:15.335,1.32392,1.32401,1.87,1.00
2016.09.27 16:37:15.386,1.32393,1.32401,1.00,1.00
2016.09.27 16:37:15.539,1.32393,1.32401,1.00,1.12
2016.09.27 16:37:15.852,1.32392,1.32401,1.12,1.12
2016.09.27 16:37:15.904,1.32392,1.32401,1.87,1.12
2016.09.27 16:37:15.956,1.32392,1.32401,1.87,1.12
2016.09.27 16:37:16.261,1.32392,1.32401,2.29,1.00
2016.09.27 16:37:16.312,1.32392,1.32401,2.29,1.00
2016.09.27 16:37:16.364,1.32392,1.32401,1.87,1.87
2016.09.27 16:37:16.416,1.32392,1.32401,1.87,1.50
2016.09.27 16:37:16.467,1.32392,1.32401,2.25,1.50
2016.09.27 16:37:16.518,1.32392,1.32401,2.25,2.25
2016.09.27 16:37:16.569,1.32393,1.32401,1.00,1.50
2016.09.27 16:37:16.620,1.32393,1.32401,1.00,1.25
2016.09.27 16:37:16.722,1.32393,1.32401,1.00,1.72
2016.09.27 16:37:16.920,1.32393,1.32401,1.00,1.69
2016.09.27 16:37:17.005,1.32392,1.32401,1.00,1.69
2016.09.27 16:37:17.056,1.32392,1.32401,1.50,1.25
2016.09.27 16:37:17.158,1.32392,1.32401,1.50,1.69
2016.09.27 16:37:17.209,1.32392,1.32401,1.00,1.69
2016.09.27 16:37:17.260,1.32393,1.32401,1.00,1.69
2016.09.27 16:37:17.362,1.32393,1.32401,1.00,1.12
2016.09.27 16:37:17.565,1.32393,1.32401,1.00,1.00
2016.09.27 16:37:17.617,1.32393,1.32401,1.00,1.12
2016.09.27 16:37:18.459,1.32393,1.32401,1.00,1.00
2016.09.27 16:37:18.561,1.32393,1.32401,1.00,1.12
2016.09.27 16:37:19.834,1.32392,1.32401,1.50,1.29
2016.09.27 16:37:19.885,1.32391,1.32401,1.37,3.60
2016.09.27 16:37:19.937,1.32391,1.32401,1.00,3.60
2016.09.27 16:37:20.040,1.3239,1.32401,3.09,4.35
2016.09.27 16:37:20.244,1.3239,1.32401,2.34,4.31
2016.09.27 16:37:20.362,1.3239,1.32401,2.34,4.35
2016.09.27 16:37:20.464,1.32392,1.32401,1.00,2.81
2016.09.27 16:37:20.566,1.32392,1.32401,1.00,2.81
2016.09.27 16:37:20.668,1.32393,1.32402,1.00,4.50
2016.09.27 16:37:20.778,1.32392,1.32402,2.72,1.37
2016.09.27 16:37:20.830,1.32394,1.32401,1.00,1.00
2016.09.27 16:37:20.882,1.32394,1.32402,1.50,1.37
2016.09.27 16:37:20.935,1.32394,1.32403,1.50,2.44
2016.09.27 16:37:20.986,1.32395,1.32403,1.00,2.44
2016.09.27 16:37:21.367,1.32394,1.32403,1.50,2.44
2016.09.27 16:37:21.468,1.32394,1.32403,1.00,2.44
2016.09.27 16:37:21.970,1.32394,1.32403,1.37,1.31
2016.09.27 16:37:22.025,1.32394,1.32404,1.37,2.43
2016.09.27 16:37:22.178,1.32393,1.32404,3.47,2.43
2016.09.27 16:37:22.280,1.32393,1.32404,4.07,2.43
2016.09.27 16:37:22.636,1.32393,1.32404,3.47,2.43
2016.09.27 16:37:22.738,1.32393,1.32404,4.07,2.43
2016.09.27 16:37:23.198,1.32393,1.32404,3.47,2.43
2016.09.27 16:37:23.266,1.32394,1.32404,1.00,2.43
2016.09.27 16:37:23.371,1.32394,1.32403,1.00,1.12
2016.09.27 16:37:23.422,1.32394,1.32403,1.50,1.12
2016.09.27 16:37:23.474,1.32394,1.32404,1.50,3.03
2016.09.27 16:37:23.577,1.32394,1.32404,1.12,3.03
2016.09.27 16:37:23.629,1.32394,1.32404,1.12,2.43
2016.09.27 16:37:23.731,1.32394,1.32403,1.87,1.12
2016.09.27 16:37:24.655,1.32394,1.32404,1.12,3.78
2016.09.27 16:37:24.706,1.32394,1.32404,1.12,3.03
2016.09.27 16:37:24.858,1.32394,1.32403,1.87,1.12
2016.09.27 16:37:24.960,1.32394,1.32404,1.12,3.03
2016.09.27 16:37:25.532,1.32394,1.32403,1.87,1.16
2016.09.27 16:37:25.634,1.32394,1.32404,1.12,3.03
2016.09.27 16:37:25.949,1.32394,1.32403,1.87,1.12
2016.09.27 16:37:26.629,1.32394,1.32403,1.87,1.35
2016.09.27 16:37:26.732,1.32394,1.32403,1.87,1.31
2016.09.27 16:37:26.935,1.32394,1.32404,1.12,2.62
2016.09.27 16:37:27.054,1.32394,1.32403,1.87,1.31
2016.09.27 16:37:27.360,1.32394,1.32404,1.12,2.44
2016.09.27 16:37:27.530,1.32393,1.32403,3.00,1.12
2016.09.27 16:37:27.600,1.32393,1.32403,2.25,3.00
2016.09.27 16:37:27.651,1.32393,1.32401,1.00,1.69
2016.09.27 16:37:27.702,1.32391,1.32401,1.50,1.69
2016.09.27 16:37:27.772,1.32391,1.324,1.50,1.04
2016.09.27 16:37:27.824,1.32391,1.324,1.50,1.16
2016.09.27 16:37:27.877,1.32391,1.324,1.50,1.04
2016.09.27 16:37:27.928,1.32391,1.324,1.50,1.04
2016.09.27 16:37:27.979,1.32391,1.324,1.50,1.00
2016.09.27 16:37:28.804,1.32391,1.324,1.50,1.05
2016.09.27 16:37:28.956,1.32391,1.324,1.50,1.00
2016.09.27 16:37:29.007,1.32391,1.324,1.97,1.00
2016.09.27 16:37:29.109,1.32391,1.324,1.50,1.00
2016.09.27 16:37:29.434,1.32391,1.324,1.50,1.05
2016.09.27 16:37:29.522,1.32391,1.324,1.50,1.05
2016.09.27 16:37:29.574,1.32391,1.324,1.50,1.00
2016.09.27 16:37:29.625,1.32393,1.324,1.00,1.00
2016.09.27 16:37:29.677,1.32393,1.324,1.00,1.16
2016.09.27 16:37:30.353,1.32393,1.324,1.00,1.00
2016.09.27 16:37:30.634,1.32393,1.324,1.00,1.16
2016.09.27 16:37:31.043,1.32393,1.324,1.00,1.00
2016.09.27 16:37:31.094,1.32393,1.324,1.00,1.00
2016.09.27 16:37:31.247,1.32393,1.324,1.00,1.16
2016.09.27 16:37:31.298,1.32393,1.324,1.00,1.16
2016.09.27 16:37:31.450,1.32393,1.324,1.00,1.00
2016.09.27 16:37:31.501,1.32393,1.324,1.00,1.00
2016.09.27 16:37:31.552,1.32391,1.324,2.25,1.00
2016.09.27 16:37:31.716,1.32392,1.324,1.00,1.00
2016.09.27 16:37:31.987,1.32392,1.324,1.12,1.00
2016.09.27 16:37:32.089,1.32392,1.324,1.00,1.00
2016.09.27 16:37:32.301,1.32391,1.324,2.62,1.00
2016.09.27 16:37:32.352,1.32391,1.324,3.37,1.00
2016.09.27 16:37:32.403,1.32391,1.324,2.62,1.00
2016.09.27 16:37:32.454,1.32391,1.324,1.87,1.00
2016.09.27 16:37:32.556,1.32391,1.324,3.37,1.00
2016.09.27 16:37:32.658,1.32391,1.324,1.87,1.00
2016.09.27 16:37:32.709,1.32391,1.324,1.12,1.00
2016.09.27 16:37:32.976,1.32391,1.324,1.00,1.00
2016.09.27 16:37:33.027,1.32391,1.324,1.00,1.00
2016.09.27 16:37:33.078,1.32391,1.324,1.00,1.12
2016.09.27 16:37:33.129,1.32391,1.324,1.00,1.12
2016.09.27 16:37:33.180,1.32391,1.324,1.00,1.50
2016.09.27 16:37:33.282,1.32391,1.324,1.00,1.54
2016.09.27 16:37:33.385,1.32391,1.32397,1.00,1.05
2016.09.27 16:37:33.487,1.32391,1.32397,1.00,1.00
2016.09.27 16:37:33.539,1.32391,1.32397,1.00,1.12
2016.09.27 16:37:33.642,1.32391,1.32397,1.00,1.05
2016.09.27 16:37:33.743,1.32391,1.32397,1.00,1.00
2016.09.27 16:37:33.968,1.32391,1.32397,1.00,1.05
2016.09.27 16:37:34.256,1.32391,1.32397,1.00,1.12
2016.09.27 16:37:34.358,1.32391,1.32397,1.00,1.00
2016.09.27 16:37:34.409,1.32389,1.32397,2.25,1.00
2016.09.27 16:37:34.562,1.32389,1.32397,2.25,1.16
2016.09.27 16:37:34.665,1.32389,1.32395,3.00,1.00
2016.09.27 16:37:34.971,1.32389,1.32395,2.25,1.00
2016.09.27 16:37:35.356,1.32389,1.32395,3.00,1.00
2016.09.27 16:37:35.509,1.32389,1.32395,3.00,1.00
2016.09.27 16:37:36.069,1.32389,1.32395,2.25,1.00
2016.09.27 16:37:36.171,1.32389,1.32395,3.00,1.00
2016.09.27 16:37:36.273,1.32389,1.32395,2.25,1.00
2016.09.27 16:37:37.467,1.32389,1.32395,3.00,1.00
2016.09.27 16:37:37.826,1.3239,1.32396,1.75,1.50
2016.09.27 16:37:37.878,1.3239,1.32395,1.00,1.31
2016.09.27 16:37:38.052,1.32387,1.32395,1.00,2.85
2016.09.27 16:37:38.103,1.32387,1.32395,1.37,2.25
2016.09.27 16:37:38.154,1.32387,1.32395,1.37,1.87
2016.09.27 16:37:39.448,1.32387,1.32394,1.37,1.00
2016.09.27 16:37:39.500,1.32387,1.32394,1.37,1.50
2016.09.27 16:37:39.957,1.32387,1.32393,1.37,1.00
2016.09.27 16:37:40.059,1.32387,1.32394,1.37,1.50
2016.09.27 16:37:40.263,1.32387,1.32393,1.37,1.00
2016.09.27 16:37:40.616,1.32387,1.32394,1.37,1.50
2016.09.27 16:37:40.887,1.32387,1.32394,1.37,1.00
2016.09.27 16:37:40.938,1.32387,1.32395,1.37,1.87
2016.09.27 16:37:41.040,1.32387,1.32395,1.87,1.87
2016.09.27 16:37:41.990,1.32387,1.32394,1.87,1.00
2016.09.27 16:37:42.092,1.32387,1.32396,1.87,2.62
2016.09.27 16:37:43.577,1.32387,1.32396,1.87,1.87
2016.09.27 16:37:44.301,1.32387,1.32396,1.87,2.62
2016.09.27 16:37:44.624,1.32389,1.32396,1.00,2.62
2016.09.27 16:37:44.675,1.32389,1.32396,1.00,1.62
2016.09.27 16:37:44.726,1.32389,1.32397,1.12,1.56
2016.09.27 16:37:44.778,1.32389,1.32396,1.50,1.19
2016.09.27 16:37:44.830,1.32389,1.32397,1.50,1.69
2016.09.27 16:37:44.881,1.32389,1.32397,1.50,1.19
2016.09.27 16:37:44.983,1.32389,1.32397,1.50,1.69
2016.09.27 16:37:45.566,1.32389,1.32397,1.50,1.50
2016.09.27 16:37:45.617,1.32389,1.32397,1.50,1.50
2016.09.27 16:37:45.669,1.32389,1.32397,1.50,1.69
2016.09.27 16:37:45.720,1.32389,1.32397,1.50,1.69
2016.09.27 16:37:45.953,1.32389,1.32397,1.50,1.50
2016.09.27 16:37:46.158,1.32389,1.32398,1.50,2.62
2016.09.27 16:37:47.034,1.32389,1.32397,1.50,1.50
2016.09.27 16:37:47.085,1.32389,1.32396,1.50,1.12
2016.09.27 16:37:47.757,1.32389,1.32397,1.50,2.25
2016.09.27 16:37:48.189,1.32389,1.32397,1.50,1.88
2016.09.27 16:37:48.292,1.32389,1.32396,1.50,1.00
2016.09.27 16:37:48.394,1.32389,1.32397,1.50,1.87
2016.09.27 16:37:48.445,1.32389,1.32397,1.37,1.50
2016.09.27 16:37:48.497,1.32389,1.32397,1.37,1.00
2016.09.27 16:37:48.548,1.32389,1.32398,1.12,2.62
2016.09.27 16:37:48.600,1.32389,1.32398,1.12,3.37
2016.09.27 16:37:48.651,1.32389,1.32398,1.12,3.00
2016.09.27 16:37:48.753,1.32389,1.32398,1.12,1.12
2016.09.27 16:37:49.799,1.32389,1.32399,1.12,2.25
2016.09.27 16:37:49.850,1.32389,1.32399,1.12,2.25
2016.09.27 16:37:51.065,1.32389,1.32398,1.12,1.12
2016.09.27 16:37:51.967,1.32389,1.32399,1.12,3.00
2016.09.27 16:37:52.019,1.32389,1.32399,1.12,4.50
2016.09.27 16:37:52.070,1.32389,1.32398,1.12,2.62
2016.09.27 16:37:52.172,1.32389,1.32398,1.00,2.62
2016.09.27 16:37:52.274,1.32389,1.32398,1.12,2.62
2016.09.27 16:37:54.544,1.3239,1.32398,1.00,2.62
2016.09.27 16:37:54.595,1.3239,1.32398,1.00,2.25
2016.09.27 16:37:54.647,1.32391,1.324,1.00,3.75
2016.09.27 16:37:54.698,1.32391,1.324,1.00,3.00
2016.09.27 16:37:54.749,1.3239,1.324,2.25,1.00
2016.09.27 16:37:54.851,1.3239,1.324,2.25,1.37
2016.09.27 16:37:54.954,1.3239,1.324,2.25,3.37
2016.09.27 16:37:55.186,1.32391,1.324,1.00,3.75
2016.09.27 16:37:55.239,1.3239,1.324,4.12,1.87
2016.09.27 16:37:55.931,1.3239,1.324,4.12,2.62
2016.09.27 16:37:55.982,1.32391,1.324,1.50,1.87
2016.09.27 16:37:56.033,1.32391,1.32401,2.25,1.87
2016.09.27 16:37:56.125,1.32393,1.32401,1.00,1.50
2016.09.27 16:37:56.178,1.32393,1.324,1.00,1.00
2016.09.27 16:37:56.586,1.32393,1.32401,1.00,1.50
2016.09.27 16:37:56.688,1.32392,1.324,3.37,1.00
2016.09.27 16:37:57.289,1.32393,1.32401,1.75,1.87
2016.09.27 16:37:57.340,1.32393,1.32401,1.75,1.12
2016.09.27 16:37:57.481,1.32393,1.32402,1.75,2.62
2016.09.27 16:38:00.070,1.32393,1.32401,1.75,1.12
2016.09.27 16:38:00.172,1.32393,1.32402,1.75,1.87
2016.09.27 16:38:00.223,1.32393,1.32402,1.75,1.12
2016.09.27 16:38:00.492,1.32393,1.32402,1.75,3.00
2016.09.27 16:38:00.594,1.32393,1.32402,1.75,1.87
2016.09.27 16:38:02.338,1.32392,1.32402,2.62,1.87
2016.09.27 16:38:02.390,1.32393,1.324,1.00,1.41
2016.09.27 16:38:02.441,1.32393,1.32398,1.00,1.16
2016.09.27 16:38:02.493,1.3239,1.32398,1.75,1.00
2016.09.27 16:38:02.544,1.3239,1.32398,1.75,1.50
2016.09.27 16:38:02.595,1.3239,1.32398,1.12,2.62
2016.09.27 16:38:03.298,1.3239,1.32398,1.12,1.54
2016.09.27 16:38:03.401,1.3239,1.32398,1.12,2.62
2016.09.27 16:38:03.706,1.3239,1.32398,1.12,1.50
2016.09.27 16:38:05.381,1.3239,1.32398,1.12,1.50
2016.09.27 16:38:05.432,1.3239,1.32398,1.12,1.00
2016.09.27 16:38:05.585,1.32392,1.32398,1.00,1.00
2016.09.27 16:38:05.724,1.32392,1.324,1.00,1.50
2016.09.27 16:38:05.979,1.32392,1.324,1.00,2.25
2016.09.27 16:38:06.584,1.32392,1.324,1.00,1.50
2016.09.27 16:38:06.988,1.32392,1.324,1.00,2.25
2016.09.27 16:38:07.414,1.32392,1.324,1.00,1.50
2016.09.27 16:38:07.542,1.32392,1.324,2.92,1.00
2016.09.27 16:38:07.593,1.32393,1.324,1.04,1.00
2016.09.27 16:38:07.644,1.32393,1.32402,1.50,1.50
2016.09.27 16:38:07.695,1.32393,1.32402,1.50,1.87
2016.09.27 16:38:07.746,1.32393,1.32402,1.50,1.12
2016.09.27 16:38:07.798,1.32393,1.32403,1.50,3.37
2016.09.27 16:38:07.849,1.32393,1.32403,1.50,3.41
2016.09.27 16:38:07.951,1.32393,1.32402,2.25,1.50
2016.09.27 16:38:08.053,1.32393,1.32403,1.50,3.37
2016.09.27 16:38:08.257,1.32393,1.32403,1.50,3.41
2016.09.27 16:38:08.309,1.32393,1.32403,1.50,3.37
2016.09.27 16:38:08.532,1.32393,1.32402,1.50,1.54
2016.09.27 16:38:08.686,1.32393,1.32402,1.50,1.54
2016.09.27 16:38:08.737,1.32393,1.32403,3.00,1.00
2016.09.27 16:38:08.789,1.32395,1.32404,1.00,3.79
2016.09.27 16:38:08.840,1.32395,1.32404,1.00,3.19
2016.09.27 16:38:08.891,1.32394,1.32404,1.75,2.06
2016.09.27 16:38:08.942,1.32395,1.32404,1.50,1.12
2016.09.27 16:38:08.994,1.32395,1.32405,1.00,4.87
2016.09.27 16:38:09.045,1.32397,1.32405,1.00,4.87
2016.09.27 16:38:09.096,1.32397,1.32405,1.12,1.87
2016.09.27 16:38:09.147,1.32398,1.32407,1.00,2.62
2016.09.27 16:38:09.199,1.32399,1.32407,1.00,2.62
2016.09.27 16:38:09.304,1.32399,1.32408,1.12,1.12
2016.09.27 16:38:09.558,1.32398,1.32408,1.50,1.12
2016.09.27 16:38:09.711,1.32398,1.32408,1.50,1.87
2016.09.27 16:38:09.814,1.32399,1.32408,1.12,1.87
2016.09.27 16:38:09.865,1.32399,1.32408,1.12,1.87
2016.09.27 16:38:09.916,1.32399,1.32408,1.50,1.87
2016.09.27 16:38:09.967,1.32399,1.32408,2.25,1.87
2016.09.27 16:38:10.018,1.32399,1.32408,1.87,1.12
2016.09.27 16:38:10.147,1.32399,1.32408,1.87,1.12
2016.09.27 16:38:10.198,1.32399,1.32408,1.87,1.12
2016.09.27 16:38:10.300,1.324,1.32408,1.00,1.12
2016.09.27 16:38:10.351,1.32403,1.32409,1.00,1.50
2016.09.27 16:38:10.402,1.32403,1.32409,1.00,1.50
2016.09.27 16:38:10.454,1.32405,1.32409,1.50,1.00
2016.09.27 16:38:10.505,1.32405,1.32411,1.87,2.62
2016.09.27 16:38:10.557,1.32407,1.32411,1.00,2.62
2016.09.27 16:38:10.609,1.32409,1.32413,1.00,1.00
2016.09.27 16:38:10.729,1.32409,1.32417,1.00,3.37
2016.09.27 16:38:10.780,1.32409,1.32417,1.00,3.00
2016.09.27 16:38:10.832,1.32409,1.32417,1.12,1.00
2016.09.27 16:38:10.934,1.32409,1.32417,1.12,1.50
2016.09.27 16:38:11.036,1.32409,1.32417,1.50,1.00
2016.09.27 16:38:11.087,1.32409,1.32417,2.25,1.00
2016.09.27 16:38:11.596,1.32409,1.32417,2.62,1.00
2016.09.27 16:38:11.647,1.32409,1.32417,2.85,1.50
2016.09.27 16:38:11.749,1.32409,1.32419,2.62,3.75
2016.09.27 16:38:11.801,1.3241,1.32419,1.12,3.00
2016.09.27 16:38:11.903,1.3241,1.32419,1.00,3.00
2016.09.27 16:38:12.005,1.3241,1.32419,1.00,2.25
2016.09.27 16:38:12.056,1.3241,1.32418,1.00,1.12
2016.09.27 16:38:12.108,1.3241,1.32418,1.50,1.12
2016.09.27 16:38:12.160,1.3241,1.32419,1.50,3.00
2016.09.27 16:38:12.211,1.3241,1.32419,1.50,2.25
2016.09.27 16:38:12.262,1.32411,1.32419,1.12,1.50
2016.09.27 16:38:12.429,1.32409,1.32419,3.00,4.87
2016.09.27 16:38:12.480,1.3241,1.32419,1.12,5.62
2016.09.27 16:38:12.582,1.3241,1.32419,1.12,4.12
2016.09.27 16:38:12.633,1.32409,1.32419,1.50,4.87
2016.09.27 16:38:12.887,1.3241,1.32419,1.50,4.12
2016.09.27 16:38:12.938,1.3241,1.32419,2.44,2.62
2016.09.27 16:38:12.990,1.3241,1.32419,2.81,2.62
2016.09.27 16:38:13.041,1.3241,1.32419,3.22,1.12
2016.09.27 16:38:13.092,1.32411,1.32419,1.25,1.12
2016.09.27 16:38:13.143,1.32411,1.32419,1.98,1.12
2016.09.27 16:38:13.262,1.32411,1.3242,1.51,1.50
2016.09.27 16:38:13.314,1.32412,1.3242,1.00,1.12
2016.09.27 16:38:13.365,1.32412,1.3242,1.00,2.25
2016.09.27 16:38:13.467,1.32412,1.3242,1.00,2.29
2016.09.27 16:38:13.518,1.32412,1.3242,1.00,1.12
2016.09.27 16:38:13.834,1.32412,1.3242,1.14,2.25
2016.09.27 16:38:13.885,1.32412,1.3242,1.14,3.00
2016.09.27 16:38:13.936,1.32412,1.3242,1.00,1.87
2016.09.27 16:38:14.089,1.32412,1.3242,1.50,1.12
2016.09.27 16:38:14.241,1.32412,1.3242,1.50,2.29
2016.09.27 16:38:14.343,1.32412,1.3242,1.50,1.12
2016.09.27 16:38:14.495,1.32412,1.3242,1.00,1.87
2016.09.27 16:38:14.632,1.32412,1.3242,1.00,3.04
2016.09.27 16:38:14.811,1.32412,1.3242,1.00,1.87
2016.09.27 16:38:14.964,1.32412,1.3242,1.00,3.00
2016.09.27 16:38:15.462,1.32412,1.3242,1.00,1.87
2016.09.27 16:38:15.563,1.32412,1.3242,1.00,3.00
2016.09.27 16:38:15.722,1.32412,1.3242,1.00,3.04
2016.09.27 16:38:15.825,1.32412,1.3242,1.00,1.87
2016.09.27 16:38:15.876,1.32411,1.3242,1.00,1.87
2016.09.27 16:38:15.927,1.32411,1.3242,1.25,1.50
2016.09.27 16:38:16.029,1.32411,1.3242,1.25,1.50
2016.09.27 16:38:16.407,1.32411,1.3242,1.25,1.50
2016.09.27 16:38:16.459,1.32411,1.3242,1.00,1.12
2016.09.27 16:38:16.762,1.32411,1.3242,1.87,1.50
2016.09.27 16:38:16.864,1.32411,1.3242,1.50,1.87
2016.09.27 16:38:16.966,1.32411,1.3242,2.74,2.25
2016.09.27 16:38:17.068,1.32411,1.3242,1.69,2.25
2016.09.27 16:38:17.119,1.32411,1.3242,1.25,1.50
2016.09.27 16:38:17.170,1.32411,1.3242,1.15,1.12
2016.09.27 16:38:17.273,1.32411,1.3242,1.00,1.12
2016.09.27 16:38:17.375,1.32412,1.3242,1.00,1.12
2016.09.27 16:38:17.426,1.32409,1.32414,4.12,1.00
2016.09.27 16:38:17.478,1.32409,1.32413,2.62,1.00
2016.09.27 16:38:17.566,1.32408,1.32412,7.50,1.12
2016.09.27 16:38:17.618,1.32408,1.32415,2.62,15.56
2016.09.27 16:38:17.669,1.32404,1.3241,7.50,1.00
2016.09.27 16:38:17.720,1.32401,1.3241,1.12,1.50
2016.09.27 16:38:17.772,1.324,1.3241,2.25,1.00
2016.09.27 16:38:17.824,1.32401,1.32409,1.37,1.00
2016.09.27 16:38:17.875,1.32401,1.3241,1.37,1.87
2016.09.27 16:38:17.926,1.32401,1.32409,1.37,1.10
2016.09.27 16:38:18.028,1.32401,1.32409,1.00,2.32
2016.09.27 16:38:18.130,1.32401,1.32409,1.00,1.57
2016.09.27 16:38:18.232,1.32401,1.32408,1.00,1.12
2016.09.27 16:38:18.283,1.324,1.32408,1.37,1.12
2016.09.27 16:38:18.334,1.324,1.32407,3.00,1.00
2016.09.27 16:38:18.385,1.324,1.32407,2.62,1.00
2016.09.27 16:38:18.499,1.32398,1.32406,2.62,1.00
2016.09.27 16:38:18.551,1.32399,1.32407,1.00,1.10
2016.09.27 16:38:18.603,1.32399,1.32408,1.00,3.82
2016.09.27 16:38:18.654,1.32399,1.32407,1.00,1.00
2016.09.27 16:38:18.705,1.32399,1.32408,1.00,4.42
2016.09.27 16:38:18.756,1.32399,1.32407,1.00,1.10
2016.09.27 16:38:18.859,1.32399,1.32407,1.00,1.00
2016.09.27 16:38:18.960,1.32399,1.32408,1.00,3.67
2016.09.27 16:38:19.011,1.32399,1.32408,1.00,4.05
2016.09.27 16:38:19.244,1.32399,1.32407,1.00,1.00
2016.09.27 16:38:19.549,1.32399,1.32408,1.00,3.67
2016.09.27 16:38:19.600,1.32399,1.32408,1.00,4.42
2016.09.27 16:38:19.870,1.32399,1.32408,1.00,3.82
2016.09.27 16:38:19.972,1.32399,1.32406,1.00,1.00
2016.09.27 16:38:20.023,1.32399,1.32406,1.00,1.87
2016.09.27 16:38:20.075,1.32399,1.32406,1.00,1.12
2016.09.27 16:38:20.228,1.32397,1.32406,1.00,1.50
2016.09.27 16:38:20.330,1.32397,1.32406,1.00,2.25
2016.09.27 16:38:20.433,1.32395,1.32406,5.62,1.00
2016.09.27 16:38:20.484,1.32395,1.32406,4.87,1.00
2016.09.27 16:38:20.535,1.32395,1.32405,1.75,1.00
2016.09.27 16:38:20.586,1.32394,1.32405,4.87,2.25
2016.09.27 16:38:20.637,1.32395,1.32403,3.22,1.00
2016.09.27 16:38:20.688,1.32395,1.32403,2.62,1.00
2016.09.27 16:38:20.739,1.32395,1.32403,1.67,1.00
2016.09.27 16:38:20.790,1.32394,1.32403,1.97,1.00
2016.09.27 16:38:20.841,1.32393,1.32403,3.22,1.87
2016.09.27 16:38:20.928,1.32393,1.32402,5.10,1.00
2016.09.27 16:38:20.980,1.32393,1.32403,3.00,1.50
2016.09.27 16:38:21.031,1.32392,1.32403,3.19,1.95
2016.09.27 16:38:21.133,1.32392,1.32403,3.19,1.87
2016.09.27 16:38:21.349,1.32392,1.32403,4.50,2.62
2016.09.27 16:38:21.553,1.32392,1.32403,3.19,1.87
2016.09.27 16:38:21.655,1.32392,1.32403,4.31,2.62
2016.09.27 16:38:21.757,1.32392,1.32403,4.50,2.62
2016.09.27 16:38:21.859,1.32393,1.32403,1.50,1.87
2016.09.27 16:38:22.055,1.32393,1.32403,1.69,2.70
2016.09.27 16:38:22.157,1.32393,1.32403,1.50,1.20
2016.09.27 16:38:22.258,1.32392,1.32402,3.19,1.00
2016.09.27 16:38:22.310,1.32392,1.32401,2.44,1.00
2016.09.27 16:38:22.361,1.32391,1.32402,3.37,1.50
2016.09.27 16:38:22.413,1.32394,1.32399,1.00,1.00
2016.09.27 16:38:22.464,1.32393,1.324,2.62,1.50
2016.09.27 16:38:22.515,1.32391,1.32399,2.62,1.00
2016.09.27 16:38:22.567,1.32391,1.32399,2.62,1.25
2016.09.27 16:38:22.618,1.3239,1.32399,1.50,1.69
2016.09.27 16:38:22.669,1.3239,1.32399,1.50,1.57
2016.09.27 16:38:22.720,1.3239,1.32399,1.37,1.57
2016.09.27 16:38:22.845,1.32389,1.32398,1.12,3.37
2016.09.27 16:38:22.896,1.32389,1.32398,1.50,3.00
2016.09.27 16:38:22.947,1.32389,1.32397,1.75,1.00
2016.09.27 16:38:22.998,1.32389,1.32398,1.75,2.70
2016.09.27 16:38:23.051,1.32388,1.32398,2.62,3.64
2016.09.27 16:38:23.102,1.32388,1.32398,2.25,4.39
2016.09.27 16:38:23.153,1.32387,1.32398,1.50,3.82
2016.09.27 16:38:23.204,1.32387,1.32398,2.25,3.82
2016.09.27 16:38:23.255,1.32387,1.32398,2.25,3.45
2016.09.27 16:38:23.306,1.32387,1.32398,2.25,2.32
2016.09.27 16:38:23.358,1.32389,1.32398,1.00,3.07
2016.09.27 16:38:23.409,1.32389,1.32398,1.00,2.32
2016.09.27 16:38:23.460,1.32389,1.32398,1.37,1.87
2016.09.27 16:38:23.511,1.32389,1.32398,1.50,1.50
2016.09.27 16:38:23.562,1.32389,1.32398,1.50,1.12
2016.09.27 16:38:23.613,1.32389,1.32398,1.50,1.50
2016.09.27 16:38:24.048,1.32389,1.32398,1.50,2.25
2016.09.27 16:38:24.150,1.32389,1.32398,1.50,1.50
2016.09.27 16:38:24.353,1.32389,1.32398,1.50,1.00
2016.09.27 16:38:27.832,1.32389,1.324,3.37,5.25
2016.09.27 16:38:27.883,1.3239,1.324,1.37,4.12
2016.09.27 16:38:27.934,1.32391,1.324,3.00,1.50
2016.09.27 16:38:27.985,1.32393,1.32401,1.37,1.50
2016.09.27 16:38:28.036,1.32393,1.32402,1.37,1.87
2016.09.27 16:38:28.087,1.32393,1.32402,1.37,1.37
2016.09.27 16:38:28.139,1.32393,1.32403,1.37,4.87
2016.09.27 16:38:28.191,1.32395,1.32403,1.00,2.62
2016.09.27 16:38:28.242,1.32396,1.32405,1.50,4.12
2016.09.27 16:38:28.294,1.32397,1.32405,1.00,3.37
2016.09.27 16:38:28.345,1.32397,1.32406,1.50,3.00
2016.09.27 16:38:28.467,1.32399,1.32407,1.12,4.12
2016.09.27 16:38:28.519,1.32397,1.32407,1.75,2.25
2016.09.27 16:38:28.571,1.32397,1.32407,1.75,1.50
2016.09.27 16:38:28.775,1.32397,1.32407,1.75,2.25
2016.09.27 16:38:28.827,1.32397,1.32406,1.75,1.00
2016.09.27 16:38:28.878,1.32397,1.32407,1.37,3.75
2016.09.27 16:38:28.929,1.32397,1.32405,1.00,2.25
2016.09.27 16:38:29.031,1.32397,1.32405,1.00,2.62
2016.09.27 16:38:30.152,1.32397,1.32405,1.00,2.62
2016.09.27 16:38:30.736,1.32397,1.32405,1.00,2.62
2016.09.27 16:38:30.838,1.32397,1.32406,1.00,3.37
2016.09.27 16:38:30.941,1.32397,1.32405,1.00,1.00
2016.09.27 16:38:31.277,1.32397,1.32407,1.12,5.47
2016.09.27 16:38:31.328,1.32397,1.32407,1.12,3.60
2016.09.27 16:38:31.673,1.32397,1.32407,1.12,2.25
2016.09.27 16:38:31.826,1.32397,1.32407,1.12,2.47
2016.09.27 16:38:31.878,1.32397,1.32407,1.12,1.72
2016.09.27 16:38:31.980,1.32397,1.32407,1.12,1.87
2016.09.27 16:38:32.031,1.32397,1.32407,1.12,1.87
2016.09.27 16:38:32.132,1.32397,1.32407,1.12,2.47
2016.09.27 16:38:32.220,1.32397,1.32407,1.12,3.00
2016.09.27 16:38:32.271,1.32397,1.32407,1.12,2.25
2016.09.27 16:38:32.322,1.32397,1.32406,1.12,1.30
2016.09.27 16:38:32.373,1.32397,1.32406,1.00,2.25
2016.09.27 16:38:32.424,1.32397,1.32406,1.00,3.00
2016.09.27 16:38:32.731,1.32397,1.32406,1.00,3.75
2016.09.27 16:38:32.782,1.32397,1.32406,1.00,4.35
2016.09.27 16:38:32.868,1.32397,1.32406,1.00,4.50
2016.09.27 16:38:32.970,1.32397,1.32406,1.00,3.75
2016.09.27 16:38:33.071,1.32397,1.32406,1.00,4.50
2016.09.27 16:38:33.122,1.32397,1.32406,1.00,4.87
2016.09.27 16:38:33.427,1.32397,1.32406,1.00,4.50
2016.09.27 16:38:33.478,1.32397,1.32406,1.00,3.75
2016.09.27 16:38:33.529,1.32397,1.32406,1.00,4.12
2016.09.27 16:38:33.580,1.32397,1.32406,1.00,4.87
2016.09.27 16:38:33.681,1.32397,1.32406,1.00,4.12
2016.09.27 16:38:33.733,1.32397,1.32406,1.00,3.00
2016.09.27 16:38:33.784,1.32397,1.32406,1.00,3.75
2016.09.27 16:38:33.835,1.32397,1.32406,1.00,3.37
2016.09.27 16:38:33.886,1.32397,1.32406,1.00,2.62
2016.09.27 16:38:34.325,1.32397,1.32405,1.00,1.37
2016.09.27 16:38:34.428,1.32397,1.32406,1.00,3.00
2016.09.27 16:38:34.479,1.32397,1.32406,1.00,3.75
2016.09.27 16:38:34.580,1.32397,1.32406,1.00,3.00
2016.09.27 16:38:34.682,1.32397,1.32406,1.50,3.75
2016.09.27 16:38:35.094,1.32397,1.32406,1.50,4.50
2016.09.27 16:38:35.146,1.32397,1.32406,1.50,4.50
2016.09.27 16:38:35.197,1.32397,1.32406,1.50,3.37
2016.09.27 16:38:35.248,1.32397,1.32406,1.87,1.50
2016.09.27 16:38:35.332,1.32397,1.32406,2.25,2.25
2016.09.27 16:38:35.384,1.32397,1.32406,2.25,1.50
2016.09.27 16:38:35.486,1.32397,1.32406,2.25,3.37
2016.09.27 16:38:35.537,1.32397,1.32406,1.87,3.37
2016.09.27 16:38:35.951,1.32397,1.32406,1.87,4.12
2016.09.27 16:38:36.154,1.32397,1.32406,1.87,3.37
2016.09.27 16:38:36.308,1.32397,1.32406,1.87,4.12
2016.09.27 16:38:36.359,1.32397,1.32406,1.87,4.87
2016.09.27 16:38:36.410,1.32397,1.32406,1.87,4.50
2016.09.27 16:38:36.919,1.32397,1.32406,1.87,4.12
2016.09.27 16:38:37.004,1.32397,1.32406,1.87,3.75
2016.09.27 16:38:37.055,1.32397,1.32406,1.87,4.50
2016.09.27 16:38:37.607,1.32397,1.32406,1.87,4.87
2016.09.27 16:38:37.912,1.32397,1.32406,1.87,4.50
2016.09.27 16:38:38.815,1.32397,1.32406,1.87,4.87
2016.09.27 16:38:39.112,1.32397,1.32406,1.87,4.50
2016.09.27 16:38:40.021,1.32397,1.32406,1.87,3.75
2016.09.27 16:38:40.327,1.32397,1.32406,1.12,5.25
2016.09.27 16:38:40.378,1.32397,1.32406,1.00,5.25
2016.09.27 16:38:40.429,1.32397,1.32406,1.00,4.50
2016.09.27 16:38:40.550,1.32397,1.32406,1.00,5.25
2016.09.27 16:38:40.602,1.32397,1.32405,1.00,1.37
2016.09.27 16:38:40.653,1.32397,1.32405,1.00,1.87
2016.09.27 16:38:40.706,1.32394,1.32403,3.00,1.12
2016.09.27 16:38:40.758,1.32393,1.32402,1.75,1.00
2016.09.27 16:38:40.809,1.32392,1.32401,2.25,1.37
2016.09.27 16:38:40.860,1.32392,1.324,1.12,1.00
2016.09.27 16:38:40.963,1.32391,1.324,1.12,3.00
2016.09.27 16:38:41.065,1.32391,1.32399,1.37,1.00
2016.09.27 16:38:41.141,1.32391,1.32401,1.37,6.37
2016.09.27 16:38:41.194,1.32391,1.32399,1.00,1.00
2016.09.27 16:38:41.246,1.32391,1.32399,1.00,1.12
2016.09.27 16:38:41.349,1.32391,1.32399,1.50,1.00
2016.09.27 16:38:41.401,1.32391,1.32401,1.87,3.37
2016.09.27 16:38:41.454,1.32391,1.32401,3.00,1.87
2016.09.27 16:38:41.760,1.32391,1.32401,3.75,1.87
2016.09.27 16:38:42.726,1.32391,1.32401,2.25,1.50
2016.09.27 16:38:43.248,1.32391,1.324,2.25,1.00
2016.09.27 16:38:43.300,1.32391,1.324,2.25,2.62
2016.09.27 16:38:43.351,1.32391,1.324,1.87,3.00
2016.09.27 16:38:43.453,1.32391,1.324,1.87,2.62
2016.09.27 16:38:44.624,1.32391,1.324,1.12,2.62
2016.09.27 16:38:44.675,1.32391,1.324,1.37,1.00
2016.09.27 16:38:44.726,1.32391,1.32401,1.50,3.25
2016.09.27 16:38:44.777,1.32391,1.324,1.50,1.40
2016.09.27 16:38:44.829,1.3239,1.32399,4.12,1.12
2016.09.27 16:38:44.880,1.3239,1.32399,2.25,1.87
2016.09.27 16:38:44.931,1.3239,1.32399,1.87,2.62
2016.09.27 16:38:45.033,1.3239,1.32399,1.87,1.87
2016.09.27 16:38:45.629,1.3239,1.32399,1.12,1.87
2016.09.27 16:38:45.681,1.3239,1.32399,1.12,1.87
2016.09.27 16:38:45.732,1.32389,1.32399,1.50,1.90
2016.09.27 16:38:45.783,1.32389,1.32399,1.50,1.90
2016.09.27 16:38:45.885,1.32389,1.32399,1.50,1.90
2016.09.27 16:38:45.936,1.32389,1.32399,1.50,2.62
2016.09.27 16:38:46.039,1.32389,1.32398,1.50,1.00
2016.09.27 16:38:46.216,1.32389,1.32399,3.00,1.87
2016.09.27 16:38:46.268,1.32389,1.324,3.75,4.50
2016.09.27 16:38:46.319,1.32391,1.324,1.00,6.37
2016.09.27 16:38:46.372,1.32391,1.324,1.31,2.25
2016.09.27 16:38:46.424,1.32391,1.32401,2.06,3.75
2016.09.27 16:38:46.476,1.32391,1.32401,2.06,1.87
2016.09.27 16:38:46.634,1.32391,1.32401,2.06,1.90
2016.09.27 16:38:46.737,1.32391,1.324,1.87,1.50
2016.09.27 16:38:46.788,1.32391,1.324,1.87,1.50
2016.09.27 16:38:46.840,1.3239,1.32398,1.50,1.00
2016.09.27 16:38:46.892,1.3239,1.32397,1.50,1.00
2016.09.27 16:38:47.055,1.32387,1.32391,1.00,1.00
2016.09.27 16:38:47.107,1.32384,1.32391,2.25,1.00
2016.09.27 16:38:47.158,1.32382,1.32391,2.25,1.00
2016.09.27 16:38:47.361,1.32382,1.32391,1.50,1.00
2016.09.27 16:38:47.412,1.32382,1.32392,1.50,1.12
2016.09.27 16:38:47.565,1.32382,1.32392,2.62,1.12
2016.09.27 16:38:47.667,1.32382,1.32392,1.87,1.12
2016.09.27 16:38:47.769,1.32382,1.32392,3.37,1.12
2016.09.27 16:38:47.820,1.32383,1.32392,1.12,1.12
2016.09.27 16:38:52.250,1.32382,1.32391,3.00,1.00
2016.09.27 16:38:52.301,1.32382,1.32391,3.00,1.00
2016.09.27 16:38:53.698,1.32382,1.32391,3.00,1.00
2016.09.27 16:38:54.357,1.32382,1.32391,2.25,1.00
2016.09.27 16:38:54.408,1.32382,1.32391,4.12,1.00
2016.09.27 16:38:57.619,1.32382,1.32392,4.12,1.12
2016.09.27 16:38:57.670,1.32385,1.32393,1.25,1.87
2016.09.27 16:38:57.721,1.32385,1.32394,1.69,5.62
2016.09.27 16:38:57.772,1.32385,1.32394,1.12,4.87
2016.09.27 16:38:57.823,1.32385,1.32394,1.87,1.50
2016.09.27 16:38:57.874,1.32385,1.32395,2.25,3.37
2016.09.27 16:38:57.926,1.32385,1.32394,2.25,1.00
2016.09.27 16:38:58.051,1.32385,1.32395,3.56,1.37
2016.09.27 16:38:58.570,1.32385,1.32395,2.25,1.37
2016.09.27 16:38:58.926,1.32385,1.32395,2.25,1.37
2016.09.27 16:38:59.440,1.32387,1.32395,1.12,1.37
2016.09.27 16:38:59.491,1.32387,1.32396,1.12,4.87
2016.09.27 16:38:59.543,1.32387,1.32396,1.42,4.87
2016.09.27 16:38:59.594,1.32387,1.32396,2.55,4.12
2016.09.27 16:38:59.646,1.32388,1.32397,2.62,2.62
2016.09.27 16:38:59.697,1.32388,1.32397,3.00,2.62
2016.09.27 16:38:59.748,1.32389,1.32398,1.37,3.00
2016.09.27 16:38:59.799,1.3239,1.32398,1.00,1.00
2016.09.27 16:39:00.445,1.3239,1.32398,1.50,1.00
2016.09.27 16:39:00.648,1.3239,1.32398,1.12,3.00
2016.09.27 16:39:00.700,1.3239,1.32398,1.00,3.37
2016.09.27 16:39:00.802,1.3239,1.32398,1.00,3.75
2016.09.27 16:39:00.895,1.32389,1.32397,1.12,1.37
2016.09.27 16:39:00.946,1.32389,1.32397,1.00,2.25
2016.09.27 16:39:00.999,1.32389,1.32397,1.00,2.62
2016.09.27 16:39:01.102,1.32389,1.32397,1.00,3.00
2016.09.27 16:39:01.154,1.32389,1.32397,1.00,3.75
2016.09.27 16:39:01.205,1.32389,1.32397,1.00,3.37
2016.09.27 16:39:01.257,1.32389,1.32397,1.12,1.00
2016.09.27 16:39:01.308,1.32389,1.32397,1.12,1.37
2016.09.27 16:39:01.360,1.3239,1.32398,1.00,2.62
2016.09.27 16:39:01.411,1.3239,1.32397,1.12,1.00
2016.09.27 16:39:01.462,1.3239,1.32399,1.31,3.37
2016.09.27 16:39:01.792,1.3239,1.32399,1.12,3.37
2016.09.27 16:39:01.843,1.32391,1.32399,1.00,3.37
2016.09.27 16:39:02.153,1.32391,1.32399,1.00,4.12
2016.09.27 16:39:02.204,1.32391,1.32399,1.00,4.50
2016.09.27 16:39:02.255,1.32389,1.32397,1.37,1.12
2016.09.27 16:39:02.306,1.32389,1.32397,1.37,1.12
2016.09.27 16:39:02.358,1.32389,1.32398,1.37,1.87
2016.09.27 16:39:02.409,1.32389,1.32398,1.50,1.87
2016.09.27 16:39:02.514,1.32389,1.32398,1.50,4.12
2016.09.27 16:39:02.566,1.32389,1.32398,1.12,5.25
2016.09.27 16:39:02.978,1.32389,1.32398,1.12,4.50
2016.09.27 16:39:03.080,1.32389,1.32397,1.12,1.50
2016.09.27 16:39:03.363,1.32389,1.32397,2.25,1.50
2016.09.27 16:39:03.414,1.32389,1.32398,3.00,1.37
2016.09.27 16:39:03.466,1.3239,1.32398,1.12,1.00
2016.09.27 16:39:03.772,1.3239,1.32398,1.31,1.00
2016.09.27 16:39:04.567,1.3239,1.32398,1.12,1.00
2016.09.27 16:39:04.783,1.3239,1.32398,1.31,1.00
2016.09.27 16:39:04.986,1.3239,1.32398,1.12,1.00
2016.09.27 16:39:05.485,1.3239,1.32398,1.31,1.00
2016.09.27 16:39:05.689,1.3239,1.324,1.31,3.00
2016.09.27 16:39:05.794,1.3239,1.32399,2.06,1.12
2016.09.27 16:39:05.845,1.32391,1.32399,1.37,1.00
2016.09.27 16:39:05.905,1.32391,1.32399,1.50,1.00
2016.09.27 16:39:05.957,1.32391,1.32401,2.25,1.12
2016.09.27 16:39:06.008,1.32391,1.32399,2.62,1.00
2016.09.27 16:39:06.060,1.32391,1.32399,1.87,1.00
2016.09.27 16:39:06.163,1.32391,1.32399,2.74,1.00
2016.09.27 16:39:06.266,1.32391,1.32399,1.87,1.00
2016.09.27 16:39:06.317,1.32391,1.32399,1.50,1.00
2016.09.27 16:39:06.368,1.3239,1.32399,3.00,1.00
2016.09.27 16:39:06.420,1.32391,1.32399,1.00,1.37
2016.09.27 16:39:06.471,1.3239,1.32399,3.00,1.50
2016.09.27 16:39:06.573,1.3239,1.32398,2.25,1.12
2016.09.27 16:39:06.660,1.3239,1.32398,2.25,2.62
2016.09.27 16:39:06.711,1.3239,1.32398,1.50,2.25
2016.09.27 16:39:06.763,1.32388,1.32398,1.75,3.37
2016.09.27 16:39:06.815,1.32388,1.32398,1.50,4.12
2016.09.27 16:39:06.866,1.32388,1.32398,1.50,3.00
2016.09.27 16:39:06.917,1.32389,1.32398,1.00,3.00
2016.09.27 16:39:07.060,1.32389,1.32398,1.00,2.25
2016.09.27 16:39:07.693,1.32389,1.32398,1.00,3.00
2016.09.27 16:39:07.795,1.32389,1.32398,1.00,2.25
2016.09.27 16:39:07.847,1.32389,1.32397,1.00,1.00
2016.09.27 16:39:08.995,1.32389,1.32397,1.00,1.50
2016.09.27 16:39:09.097,1.32389,1.32397,1.00,1.00
2016.09.27 16:39:09.860,1.32389,1.32397,1.00,1.50
2016.09.27 16:39:10.653,1.32389,1.32396,1.00,1.12
2016.09.27 16:39:10.756,1.32387,1.32396,1.50,1.12
2016.09.27 16:39:10.808,1.32387,1.32396,1.50,1.50
2016.09.27 16:39:11.459,1.32387,1.32396,1.50,1.87
2016.09.27 16:39:11.561,1.32387,1.32396,1.12,1.87
2016.09.27 16:39:11.612,1.32387,1.32396,1.00,1.37
2016.09.27 16:39:11.663,1.32389,1.32396,1.00,1.37
2016.09.27 16:39:11.765,1.32389,1.32396,1.00,1.00
2016.09.27 16:39:11.816,1.32389,1.32398,1.00,7.12
2016.09.27 16:39:11.867,1.32389,1.32398,1.12,4.12
2016.09.27 16:39:11.918,1.32389,1.32398,1.12,2.62
2016.09.27 16:39:12.113,1.32389,1.32398,1.12,3.22
2016.09.27 16:39:12.235,1.32391,1.32398,1.50,4.50
2016.09.27 16:39:12.338,1.32392,1.32398,1.00,4.50
2016.09.27 16:39:12.440,1.32391,1.32398,1.50,4.50
2016.09.27 16:39:12.542,1.32392,1.32398,1.00,4.50
2016.09.27 16:39:12.847,1.32391,1.32398,1.50,4.50
2016.09.27 16:39:13.364,1.32392,1.32398,1.00,4.50
2016.09.27 16:39:13.517,1.32392,1.32398,1.00,3.75
2016.09.27 16:39:14.065,1.32391,1.32398,1.50,3.75
2016.09.27 16:39:14.465,1.32391,1.32397,1.50,1.00
2016.09.27 16:39:14.516,1.32391,1.32398,1.50,1.87
2016.09.27 16:39:14.567,1.32391,1.32398,1.00,1.87
2016.09.27 16:39:14.669,1.3239,1.32398,1.50,1.87
2016.09.27 16:39:15.449,1.32391,1.32398,1.00,1.87
2016.09.27 16:39:15.500,1.32391,1.32398,1.00,3.00
2016.09.27 16:39:15.618,1.32391,1.32398,1.00,2.62
2016.09.27 16:39:15.669,1.3239,1.32397,1.50,1.00
2016.09.27 16:39:16.127,1.3239,1.32394,1.50,1.35
2016.09.27 16:39:16.182,1.32387,1.32392,1.12,1.00
2016.09.27 16:39:16.234,1.32385,1.32389,1.50,1.00
2016.09.27 16:39:16.286,1.32385,1.32391,1.00,5.62
2016.09.27 16:39:16.389,1.32385,1.32391,1.00,6.00
2016.09.27 16:39:16.440,1.32385,1.3239,1.00,1.00
2016.09.27 16:39:16.492,1.32385,1.32391,1.00,3.37
2016.09.27 16:39:16.544,1.32385,1.3239,1.00,1.12
2016.09.27 16:39:16.663,1.32385,1.3239,1.50,1.50
2016.09.27 16:39:16.719,1.32385,1.3239,1.50,1.12
2016.09.27 16:39:17.181,1.32385,1.3239,1.00,1.69
2016.09.27 16:39:17.284,1.32382,1.3239,1.50,3.56
2016.09.27 16:39:17.353,1.32382,1.32389,1.50,1.62
2016.09.27 16:39:17.456,1.32383,1.32389,1.00,1.69
2016.09.27 16:39:17.660,1.32383,1.32389,1.00,2.44
2016.09.27 16:39:18.134,1.32382,1.32389,1.50,1.69
2016.09.27 16:39:18.185,1.32382,1.32389,1.50,1.31
2016.09.27 16:39:18.460,1.32383,1.32389,1.00,1.12
2016.09.27 16:39:18.562,1.32382,1.32389,1.50,1.50
2016.09.27 16:39:18.664,1.32383,1.32389,1.00,1.87
2016.09.27 16:39:18.716,1.32383,1.32387,1.00,1.00
2016.09.27 16:39:18.767,1.32382,1.32389,1.50,1.53
2016.09.27 16:39:18.869,1.32382,1.32389,1.50,1.50
2016.09.27 16:39:19.135,1.32383,1.32389,1.00,2.25
2016.09.27 16:39:19.186,1.32383,1.32389,1.00,1.87
2016.09.27 16:39:19.237,1.32383,1.32389,1.00,1.50
2016.09.27 16:39:19.338,1.32382,1.32389,1.50,1.12
2016.09.27 16:39:20.148,1.32382,1.32389,1.00,1.90
2016.09.27 16:39:20.199,1.32382,1.32387,1.00,1.15
2016.09.27 16:39:20.251,1.3238,1.32384,1.00,1.50
2016.09.27 16:39:20.345,1.32377,1.32381,1.87,1.04
2016.09.27 16:39:20.449,1.32373,1.32381,2.25,1.00
2016.09.27 16:39:20.627,1.32373,1.32381,1.00,1.00
2016.09.27 16:39:20.783,1.32372,1.32381,1.97,1.12
2016.09.27 16:39:20.834,1.32372,1.32381,1.59,1.12
2016.09.27 16:39:20.886,1.32372,1.32381,2.72,1.00
2016.09.27 16:39:20.937,1.32372,1.32381,3.09,1.00
2016.09.27 16:39:21.041,1.32372,1.32381,3.84,1.00
2016.09.27 16:39:21.564,1.32372,1.32381,3.09,1.00
2016.09.27 16:39:21.666,1.32373,1.32381,1.00,1.00
2016.09.27 16:39:21.717,1.32372,1.32381,1.97,1.00
2016.09.27 16:39:21.870,1.32372,1.32381,1.50,1.00
2016.09.27 16:39:22.141,1.32372,1.32382,1.50,1.12
2016.09.27 16:39:23.543,1.32372,1.32382,1.97,1.12
2016.09.27 16:39:23.645,1.32372,1.32382,1.50,1.12
2016.09.27 16:39:23.814,1.32372,1.32382,2.64,1.12
2016.09.27 16:39:23.865,1.32373,1.32383,1.62,1.12
2016.09.27 16:39:23.916,1.32373,1.32383,2.00,1.00
2016.09.27 16:39:23.967,1.32374,1.32383,1.50,1.00
2016.09.27 16:39:24.069,1.32374,1.32383,2.72,1.00
2016.09.27 16:39:24.171,1.32374,1.32383,2.83,1.00
2016.09.27 16:39:24.273,1.32374,1.32383,1.97,1.00
2016.09.27 16:39:24.375,1.32374,1.32383,2.27,1.00
2016.09.27 16:39:24.476,1.32374,1.32383,3.28,1.00
2016.09.27 16:39:24.578,1.32376,1.32383,1.00,1.00
2016.09.27 16:39:24.630,1.32376,1.32384,1.00,1.12
2016.09.27 16:39:24.681,1.32376,1.32383,1.00,1.00
2016.09.27 16:39:24.890,1.32376,1.32385,1.00,1.50
2016.09.27 16:39:24.992,1.32376,1.32384,1.00,1.12
2016.09.27 16:39:25.199,1.32376,1.32386,1.00,5.62
2016.09.27 16:39:25.251,1.32376,1.32386,1.00,5.65
2016.09.27 16:39:25.849,1.32376,1.32386,1.00,5.62
2016.09.27 16:39:26.072,1.32375,1.32386,1.12,5.65
2016.09.27 16:39:26.174,1.32375,1.32386,1.12,5.62
2016.09.27 16:39:26.276,1.32375,1.32386,1.12,5.65
2016.09.27 16:39:26.327,1.32375,1.32386,1.12,6.03
2016.09.27 16:39:26.378,1.32375,1.32386,1.12,6.75
2016.09.27 16:39:26.430,1.32375,1.32386,1.12,6.37
2016.09.27 16:39:26.481,1.32375,1.32384,1.12,1.12
2016.09.27 16:39:26.532,1.32375,1.32381,1.12,2.25
2016.09.27 16:39:26.583,1.32372,1.32381,3.37,1.00
2016.09.27 16:39:26.686,1.32373,1.32379,1.00,1.12
2016.09.27 16:39:26.749,1.32372,1.3238,1.37,1.37
2016.09.27 16:39:26.801,1.32371,1.3238,1.12,2.62
2016.09.27 16:39:26.854,1.32371,1.32379,1.00,1.00
2016.09.27 16:39:27.369,1.32371,1.3238,1.12,1.87
2016.09.27 16:39:27.420,1.32371,1.3238,1.12,3.00
2016.09.27 16:39:27.471,1.32371,1.3238,1.37,1.50
2016.09.27 16:39:27.522,1.32371,1.3238,1.75,1.87
2016.09.27 16:39:27.573,1.32371,1.32379,1.37,1.00
2016.09.27 16:39:27.624,1.32371,1.32379,1.00,1.00
2016.09.27 16:39:27.674,1.32371,1.3238,1.00,2.25
2016.09.27 16:39:27.725,1.32371,1.3238,1.00,1.87
2016.09.27 16:39:28.081,1.32371,1.3238,1.00,2.62
2016.09.27 16:39:28.215,1.32371,1.3238,1.00,3.00
2016.09.27 16:39:28.371,1.32371,1.3238,1.00,2.25
2016.09.27 16:39:28.423,1.32371,1.3238,1.00,1.87
2016.09.27 16:39:28.474,1.32371,1.3238,1.00,2.62
2016.09.27 16:39:28.526,1.32369,1.3238,1.50,2.62
2016.09.27 16:39:28.577,1.32368,1.32379,2.25,1.00
2016.09.27 16:39:28.629,1.32368,1.32379,2.25,1.12
2016.09.27 16:39:28.933,1.32368,1.32378,2.25,1.00
2016.09.27 16:39:28.984,1.32368,1.32378,1.75,1.50
2016.09.27 16:39:29.035,1.32367,1.32378,2.62,2.25
2016.09.27 16:39:29.086,1.32366,1.32378,3.37,4.87
2016.09.27 16:39:29.138,1.32369,1.32378,1.00,4.50
2016.09.27 16:39:29.250,1.32367,1.32376,2.62,2.06
2016.09.27 16:39:29.301,1.32366,1.32374,2.62,1.25
2016.09.27 16:39:29.455,1.32366,1.32374,2.25,1.00
2016.09.27 16:39:29.506,1.32363,1.32373,3.46,1.12
2016.09.27 16:39:29.608,1.32363,1.32373,3.46,1.50
2016.09.27 16:39:29.710,1.32363,1.32373,3.46,1.12
2016.09.27 16:39:29.914,1.32365,1.32373,1.37,1.12
2016.09.27 16:39:29.965,1.32365,1.32374,1.37,1.37
2016.09.27 16:39:30.017,1.32365,1.32374,1.50,1.37
2016.09.27 16:39:30.195,1.32366,1.32375,1.12,3.75
2016.09.27 16:39:30.247,1.32366,1.32375,1.37,2.47
2016.09.27 16:39:30.335,1.32366,1.32374,1.37,1.30
2016.09.27 16:39:30.488,1.32366,1.32375,1.37,2.47
2016.09.27 16:39:30.641,1.32366,1.32375,1.37,1.87
2016.09.27 16:39:30.743,1.32366,1.32375,1.37,2.47
2016.09.27 16:39:31.251,1.32367,1.32375,1.00,1.87
2016.09.27 16:39:31.302,1.32366,1.32375,1.75,1.50
2016.09.27 16:39:31.509,1.32366,1.32375,1.75,2.10
2016.09.27 16:39:32.218,1.32366,1.32375,1.75,3.60
2016.09.27 16:39:32.270,1.32366,1.32375,1.50,1.72
2016.09.27 16:39:32.425,1.3237,1.32377,1.00,4.87
2016.09.27 16:39:32.478,1.32372,1.32377,1.25,3.37
2016.09.27 16:39:32.531,1.32374,1.32378,1.00,4.87
2016.09.27 16:39:32.583,1.32373,1.32379,1.00,2.62
2016.09.27 16:39:32.636,1.32373,1.32379,1.37,2.25
2016.09.27 16:39:32.687,1.32374,1.32383,1.00,1.50
2016.09.27 16:39:32.739,1.32374,1.32383,1.00,1.12
2016.09.27 16:39:32.790,1.32373,1.32384,1.75,2.62
2016.09.27 16:39:32.892,1.32374,1.32384,1.50,2.62
2016.09.27 16:39:33.162,1.32374,1.32384,1.75,3.00
2016.09.27 16:39:33.221,1.32376,1.32384,1.00,2.62
2016.09.27 16:39:33.325,1.32376,1.32384,1.00,2.25
2016.09.27 16:39:33.582,1.32376,1.32383,1.00,1.00
2016.09.27 16:39:33.633,1.32376,1.32383,1.50,1.00
2016.09.27 16:39:33.685,1.32376,1.32385,1.87,1.12
2016.09.27 16:39:33.813,1.32376,1.32384,1.12,1.00
2016.09.27 16:39:33.865,1.32377,1.32386,1.12,2.62
2016.09.27 16:39:33.917,1.32377,1.32386,1.50,1.00
2016.09.27 16:39:33.969,1.32377,1.32386,1.87,1.12
2016.09.27 16:39:34.020,1.32378,1.32386,1.00,1.00
2016.09.27 16:39:34.071,1.32377,1.32386,1.87,1.00
2016.09.27 16:39:34.122,1.32377,1.32386,3.75,1.00
2016.09.27 16:39:34.175,1.32377,1.32387,1.69,1.87
2016.09.27 16:39:34.495,1.32377,1.32387,2.44,1.87
2016.09.27 16:39:34.892,1.32377,1.32387,2.81,1.87
2016.09.27 16:39:35.562,1.32377,1.32387,2.44,1.12
2016.09.27 16:39:36.082,1.32377,1.32388,2.44,3.00
2016.09.27 16:39:36.683,1.32378,1.32388,1.12,3.00
2016.09.27 16:39:40.245,1.32378,1.32388,1.12,3.37
2016.09.27 16:39:40.337,1.32378,1.32387,1.12,1.37
2016.09.27 16:39:40.389,1.32379,1.32388,1.00,6.00
2016.09.27 16:39:40.441,1.32379,1.32387,1.00,1.00
2016.09.27 16:39:40.492,1.32379,1.32385,1.00,1.00
2016.09.27 16:39:40.543,1.32379,1.32384,1.00,1.35
2016.09.27 16:39:40.646,1.32377,1.32382,1.00,1.60
2016.09.27 16:39:40.731,1.32377,1.32381,1.00,1.72
2016.09.27 16:39:40.782,1.32377,1.32382,2.87,2.10
2016.09.27 16:39:40.833,1.32377,1.32382,1.00,3.60
2016.09.27 16:39:40.884,1.32375,1.32382,2.25,3.60
2016.09.27 16:39:40.935,1.32373,1.32382,1.50,3.60
2016.09.27 16:39:40.986,1.32373,1.32382,1.12,3.97
2016.09.27 16:39:41.037,1.32373,1.32381,1.12,1.00
2016.09.27 16:39:41.088,1.32373,1.32381,1.75,1.00
2016.09.27 16:39:41.597,1.32372,1.32381,3.37,1.00
2016.09.27 16:39:41.647,1.32372,1.32382,3.37,3.75
2016.09.27 16:39:41.698,1.32372,1.32381,3.37,1.00
2016.09.27 16:39:41.882,1.32372,1.32381,4.12,1.35
2016.09.27 16:39:41.933,1.32373,1.32381,1.75,1.00
2016.09.27 16:39:42.003,1.32373,1.32383,1.75,3.75
2016.09.27 16:39:42.105,1.32373,1.32382,1.75,1.00
2016.09.27 16:39:42.156,1.32373,1.32382,3.37,1.00
2016.09.27 16:39:42.207,1.32374,1.32382,2.62,1.00
2016.09.27 16:39:42.666,1.32374,1.32382,2.62,1.00
2016.09.27 16:39:42.767,1.32377,1.32382,1.00,1.00
2016.09.27 16:39:42.818,1.32375,1.32382,2.62,1.00
2016.09.27 16:39:43.501,1.32375,1.32383,2.62,1.50
2016.09.27 16:39:44.909,1.32375,1.32384,2.62,2.25
2016.09.27 16:39:45.409,1.32375,1.32384,2.62,1.50
2016.09.27 16:39:45.664,1.32375,1.32384,3.37,1.50
2016.09.27 16:39:45.715,1.32375,1.32384,1.50,1.00
2016.09.27 16:39:45.766,1.32375,1.32385,1.50,1.12
2016.09.27 16:39:45.817,1.32376,1.32386,1.12,2.62
2016.09.27 16:39:45.868,1.32376,1.32386,1.50,2.25
2016.09.27 16:39:45.919,1.32376,1.32386,3.46,2.25
2016.09.27 16:39:45.970,1.32376,1.32386,3.08,2.62
2016.09.27 16:39:46.021,1.32376,1.32386,1.49,4.50
2016.09.27 16:39:46.394,1.32376,1.32386,1.49,3.75
2016.09.27 16:39:46.496,1.32376,1.32386,3.46,1.50
2016.09.27 16:39:46.547,1.32376,1.32386,4.21,1.50
2016.09.27 16:39:46.751,1.32378,1.32386,1.37,1.12
2016.09.27 16:39:46.802,1.32378,1.32388,1.62,4.50
2016.09.27 16:39:46.853,1.32378,1.32388,2.44,3.00
2016.09.27 16:39:46.905,1.32378,1.32388,4.12,1.12
2016.09.27 16:39:47.000,1.32378,1.32389,2.33,5.25
2016.09.27 16:39:47.051,1.32378,1.32389,1.58,5.25
2016.09.27 16:39:47.103,1.32378,1.32388,1.58,1.37
2016.09.27 16:39:47.205,1.32378,1.32389,1.58,5.62
2016.09.27 16:39:47.256,1.32378,1.32387,1.86,1.37
2016.09.27 16:39:47.385,1.32378,1.32388,1.86,3.00
2016.09.27 16:39:47.917,1.32377,1.32388,4.21,3.00
2016.09.27 16:39:47.968,1.32377,1.32388,4.21,1.12
2016.09.27 16:39:48.020,1.32377,1.32388,4.21,1.12
2016.09.27 16:39:49.519,1.32377,1.32388,4.21,1.12
2016.09.27 16:39:50.623,1.32377,1.32388,4.49,1.12
2016.09.27 16:39:53.058,1.32378,1.32387,1.75,1.12
2016.09.27 16:39:53.109,1.32378,1.32388,1.37,1.50
2016.09.27 16:39:53.160,1.32377,1.32385,1.12,1.37
2016.09.27 16:39:53.211,1.32378,1.32384,1.00,1.72
2016.09.27 16:39:53.263,1.32376,1.32383,2.25,2.85
2016.09.27 16:39:53.314,1.32373,1.32383,1.50,2.62
2016.09.27 16:39:53.365,1.32373,1.32383,1.50,1.50
2016.09.27 16:39:53.418,1.32373,1.32383,2.06,1.50
2016.09.27 16:39:53.471,1.32376,1.32384,1.50,2.25
2016.09.27 16:39:53.523,1.32377,1.32386,1.12,3.75
2016.09.27 16:39:53.619,1.32377,1.32386,1.37,1.50
2016.09.27 16:39:53.671,1.32377,1.32386,1.75,1.37
2016.09.27 16:39:53.722,1.32377,1.32386,3.37,1.00
2016.09.27 16:39:54.037,1.32377,1.32388,2.25,3.75
2016.09.27 16:39:54.627,1.32377,1.32388,2.25,3.75
2016.09.27 16:39:54.782,1.32377,1.32388,2.25,3.37
2016.09.27 16:39:54.833,1.32379,1.32388,1.12,4.12
2016.09.27 16:39:57.172,1.32377,1.32385,3.00,1.00
2016.09.27 16:39:57.223,1.32377,1.32386,1.75,1.12
2016.09.27 16:39:57.274,1.32377,1.32386,3.37,1.87
2016.09.27 16:39:57.325,1.32377,1.32386,3.37,1.12
2016.09.27 16:39:57.376,1.32377,1.32386,1.50,1.87
2016.09.27 16:39:57.427,1.32377,1.32386,2.25,1.87
2016.09.27 16:39:58.123,1.32377,1.32386,1.50,2.62
2016.09.27 16:39:58.234,1.32377,1.32386,1.00,1.37
2016.09.27 16:39:58.285,1.32377,1.32386,1.00,1.00
2016.09.27 16:39:58.437,1.32377,1.32386,1.00,1.00
2016.09.27 16:39:58.590,1.32377,1.32386,1.00,1.87
2016.09.27 16:39:58.975,1.32377,1.32386,1.00,1.50
2016.09.27 16:39:59.026,1.32377,1.32386,1.00,1.00
2016.09.27 16:39:59.077,1.32377,1.32386,1.00,1.12
2016.09.27 16:39:59.331,1.32377,1.32386,1.00,1.87
2016.09.27 16:39:59.599,1.32377,1.32386,1.00,1.87
2016.09.27 16:40:00.107,1.32377,1.32386,1.00,1.12
2016.09.27 16:40:00.292,1.32377,1.32386,1.00,1.50
2016.09.27 16:40:00.594,1.32377,1.32386,1.00,2.25
2016.09.27 16:40:00.695,1.32377,1.32386,1.00,1.50
2016.09.27 16:40:00.797,1.32377,1.32386,1.00,2.25
2016.09.27 16:40:00.899,1.32377,1.32386,1.00,1.00
2016.09.27 16:40:01.001,1.32377,1.32386,1.00,1.50
2016.09.27 16:40:01.103,1.32377,1.32386,1.00,2.69
2016.09.27 16:40:01.154,1.32377,1.32386,1.00,3.44
2016.09.27 16:40:01.251,1.32377,1.32385,1.00,1.25
2016.09.27 16:40:01.303,1.32377,1.32385,1.00,1.00
2016.09.27 16:40:01.728,1.32377,1.32385,1.00,1.25
2016.09.27 16:40:02.483,1.32376,1.32385,1.87,1.25
2016.09.27 16:40:02.534,1.32376,1.32385,1.37,1.00
2016.09.27 16:40:02.586,1.32376,1.32385,1.50,1.37
2016.09.27 16:40:02.689,1.32376,1.32385,1.50,1.12
2016.09.27 16:40:05.121,1.32376,1.32385,1.50,1.87
2016.09.27 16:40:05.172,1.32376,1.32385,1.50,1.12
2016.09.27 16:40:05.224,1.32376,1.32386,1.50,2.62
2016.09.27 16:40:05.275,1.32376,1.32386,2.25,2.62
2016.09.27 16:40:05.393,1.32377,1.32386,1.37,1.87
2016.09.27 16:40:05.444,1.32377,1.32386,1.37,1.37
2016.09.27 16:40:05.546,1.32377,1.32386,1.37,1.87
2016.09.27 16:40:05.648,1.32377,1.32386,1.37,1.37
2016.09.27 16:40:06.431,1.32377,1.32387,1.37,4.87
2016.09.27 16:40:06.735,1.32378,1.32387,1.12,4.87
2016.09.27 16:40:07.015,1.32378,1.32387,1.50,3.37
2016.09.27 16:40:07.067,1.32378,1.32387,2.25,1.00
2016.09.27 16:40:07.118,1.32378,1.32388,2.25,1.50
2016.09.27 16:40:07.169,1.32379,1.32388,1.00,1.50
2016.09.27 16:40:07.327,1.32379,1.32388,1.00,1.87
2016.09.27 16:40:07.378,1.32378,1.32388,2.62,1.50
2016.09.27 16:40:07.633,1.32378,1.32388,2.25,1.00
2016.09.27 16:40:08.001,1.32379,1.32388,1.50,1.00
2016.09.27 16:40:09.757,1.32379,1.32388,1.80,1.00
2016.09.27 16:40:09.808,1.32381,1.32389,1.00,1.87
2016.09.27 16:40:09.859,1.32381,1.32389,1.00,1.12
2016.09.27 16:40:09.911,1.32382,1.32389,1.00,1.00
2016.09.27 16:40:10.013,1.32382,1.32389,1.00,2.62
2016.09.27 16:40:10.166,1.32381,1.32389,1.00,2.62
2016.09.27 16:40:10.217,1.32381,1.32389,1.00,2.65
2016.09.27 16:40:10.268,1.3238,1.32388,1.37,1.50
2016.09.27 16:40:10.341,1.3238,1.32388,1.37,1.87
2016.09.27 16:40:10.445,1.3238,1.32388,1.37,1.87
2016.09.27 16:40:10.557,1.32379,1.32388,1.50,1.87
2016.09.27 16:40:10.649,1.32379,1.32388,1.87,1.12
2016.09.27 16:40:10.700,1.32379,1.32388,1.87,1.50
2016.09.27 16:40:10.853,1.32379,1.32388,1.87,1.50
2016.09.27 16:40:10.955,1.32379,1.32388,1.87,1.50
2016.09.27 16:40:11.057,1.32379,1.32388,1.87,1.50
2016.09.27 16:40:11.261,1.32379,1.32389,1.87,4.87
2016.09.27 16:40:11.538,1.32379,1.32389,1.87,6.37
2016.09.27 16:40:11.661,1.32379,1.32389,1.87,4.87
2016.09.27 16:40:11.813,1.32379,1.32389,1.87,4.87
2016.09.27 16:40:12.642,1.32379,1.32389,1.87,6.37
2016.09.27 16:40:13.942,1.32379,1.32389,1.87,5.25
2016.09.27 16:40:13.994,1.32379,1.32389,1.87,4.87
2016.09.27 16:40:14.045,1.32379,1.32389,1.87,4.12
2016.09.27 16:40:14.146,1.32379,1.32389,1.87,5.25
2016.09.27 16:40:14.198,1.32379,1.32389,1.87,5.62
2016.09.27 16:40:14.249,1.32381,1.32389,1.00,5.62
2016.09.27 16:40:14.300,1.32381,1.32389,1.00,5.25
2016.09.27 16:40:14.351,1.32381,1.32389,1.00,4.50
2016.09.27 16:40:14.464,1.32381,1.32389,1.00,4.87
2016.09.27 16:40:14.566,1.32381,1.32389,1.00,4.12
2016.09.27 16:40:14.617,1.32381,1.32389,1.00,4.87
2016.09.27 16:40:14.945,1.32381,1.32389,1.00,4.12
2016.09.27 16:40:15.614,1.3238,1.32389,1.00,2.81
2016.09.27 16:40:15.672,1.3238,1.32389,1.00,4.50
2016.09.27 16:40:15.723,1.3238,1.32389,1.50,3.00
2016.09.27 16:40:15.826,1.3238,1.32389,1.50,4.50
2016.09.27 16:40:15.979,1.3238,1.32389,1.50,5.25
2016.09.27 16:40:16.031,1.3238,1.32389,1.50,3.37
2016.09.27 16:40:16.082,1.3238,1.32389,1.75,2.62
2016.09.27 16:40:16.361,1.32379,1.32389,3.37,2.62
2016.09.27 16:40:16.412,1.32379,1.32388,2.25,1.00
2016.09.27 16:40:17.163,1.32379,1.32388,2.25,1.50
2016.09.27 16:40:19.050,1.32379,1.32388,2.25,1.00
2016.09.27 16:40:19.910,1.3238,1.32388,1.37,1.00
2016.09.27 16:40:19.962,1.32382,1.32388,1.00,1.00
2016.09.27 16:40:20.013,1.32381,1.32389,1.87,4.12
2016.09.27 16:40:20.064,1.32381,1.32389,1.87,4.12
2016.09.27 16:40:20.115,1.32381,1.32389,1.50,3.75
2016.09.27 16:40:20.166,1.32381,1.32389,1.50,3.00
2016.09.27 16:40:20.218,1.32381,1.32389,1.87,1.00
2016.09.27 16:40:20.269,1.32381,1.32389,1.87,1.50
2016.09.27 16:40:20.334,1.32381,1.32389,1.87,1.00
2016.09.27 16:40:20.990,1.32381,1.32389,1.12,1.00
2016.09.27 16:40:21.516,1.32381,1.3239,1.12,1.00
2016.09.27 16:40:21.996,1.32381,1.3239,1.87,1.00
2016.09.27 16:40:22.431,1.32381,1.32391,1.87,3.75
2016.09.27 16:40:22.482,1.32381,1.3239,1.87,1.12
2016.09.27 16:40:23.873,1.32381,1.32391,1.87,2.25
2016.09.27 16:40:23.924,1.32381,1.32391,2.25,2.25
2016.09.27 16:40:23.976,1.32384,1.32391,1.00,1.50
2016.09.27 16:40:24.027,1.32385,1.32392,1.00,2.25
2016.09.27 16:40:24.201,1.32389,1.32395,1.00,1.00
2016.09.27 16:40:24.253,1.32389,1.32397,1.50,2.25
2016.09.27 16:40:24.356,1.32389,1.32398,1.87,1.87
2016.09.27 16:40:24.407,1.32389,1.32398,2.25,1.50
2016.09.27 16:40:24.920,1.32389,1.32398,1.87,1.87
2016.09.27 16:40:25.043,1.32389,1.32398,1.50,2.25
2016.09.27 16:40:25.196,1.32389,1.32398,1.00,1.50
2016.09.27 16:40:25.298,1.32389,1.32399,1.00,4.12
2016.09.27 16:40:25.349,1.32389,1.32399,1.00,4.87
2016.09.27 16:40:25.565,1.32389,1.32399,1.00,4.12
2016.09.27 16:40:26.139,1.32389,1.32399,1.00,4.50
2016.09.27 16:40:26.248,1.32389,1.32399,1.00,4.50
2016.09.27 16:40:26.300,1.32389,1.32399,1.50,4.50
2016.09.27 16:40:26.972,1.32389,1.32399,1.50,4.50
2016.09.27 16:40:27.131,1.32389,1.32398,1.50,1.50
2016.09.27 16:40:28.536,1.32389,1.32397,1.87,1.00
2016.09.27 16:40:28.587,1.32389,1.32397,1.87,1.35
2016.09.27 16:40:28.761,1.32388,1.32397,3.37,2.10
2016.09.27 16:40:28.813,1.32388,1.32397,1.50,2.47
2016.09.27 16:40:29.170,1.32388,1.32397,1.12,2.10
2016.09.27 16:40:29.221,1.32388,1.32396,1.00,1.00
2016.09.27 16:40:29.645,1.32387,1.32393,1.12,3.37
2016.09.27 16:40:29.696,1.32384,1.32392,2.62,1.00
2016.09.27 16:40:29.748,1.32384,1.3239,2.25,1.69
2016.09.27 16:40:29.799,1.32384,1.3239,2.25,2.44
2016.09.27 16:40:29.851,1.32381,1.32389,2.25,1.12
2016.09.27 16:40:29.953,1.3238,1.32389,1.12,1.00
2016.09.27 16:40:30.055,1.3238,1.32389,1.00,1.62
2016.09.27 16:40:30.157,1.32379,1.32388,3.04,1.31
2016.09.27 16:40:30.304,1.32379,1.32388,4.91,1.25
2016.09.27 16:40:30.399,1.3238,1.32388,1.37,2.62
2016.09.27 16:40:30.450,1.32379,1.32388,1.50,2.81
2016.09.27 16:40:30.604,1.32378,1.32386,2.62,1.00
2016.09.27 16:40:30.655,1.32378,1.32383,2.25,1.12
2016.09.27 16:40:30.706,1.32378,1.32382,1.87,1.00
2016.09.27 16:40:30.757,1.32376,1.32383,2.25,2.25
2016.09.27 16:40:30.808,1.32376,1.32383,2.25,2.62
2016.09.27 16:40:30.859,1.32374,1.3238,1.00,1.00
2016.09.27 16:40:30.961,1.32374,1.3238,1.50,1.00
2016.09.27 16:40:31.490,1.32374,1.3238,1.00,1.00
2016.09.27 16:40:31.694,1.32374,1.32382,1.00,1.87
2016.09.27 16:40:32.084,1.32374,1.32382,1.00,1.50
2016.09.27 16:40:32.365,1.32374,1.32382,1.00,3.19
2016.09.27 16:40:32.416,1.32374,1.3238,1.00,1.50
2016.09.27 16:40:32.467,1.32371,1.3238,4.12,1.50
2016.09.27 16:40:32.518,1.32371,1.3238,4.12,1.00
2016.09.27 16:40:32.569,1.32372,1.3238,1.00,1.00
2016.09.27 16:40:32.671,1.32371,1.3238,1.87,1.00
2016.09.27 16:40:32.773,1.32371,1.3238,1.87,1.12
2016.09.27 16:40:33.445,1.32371,1.3238,2.25,1.12
2016.09.27 16:40:33.547,1.32371,1.3238,2.25,1.00
2016.09.27 16:40:33.598,1.32371,1.3238,3.00,1.00
2016.09.27 16:40:33.757,1.32372,1.3238,2.44,1.00
2016.09.27 16:40:33.809,1.32374,1.32382,1.12,1.37
2016.09.27 16:40:33.860,1.32374,1.32382,1.50,1.12
2016.09.27 16:40:33.911,1.32374,1.32383,2.25,1.37
2016.09.27 16:40:33.962,1.32374,1.32383,2.25,1.12
2016.09.27 16:40:34.360,1.32374,1.32383,2.25,1.50
2016.09.27 16:40:35.819,1.32374,1.32383,2.25,1.87
2016.09.27 16:40:36.152,1.32374,1.32383,1.50,2.62
2016.09.27 16:40:36.204,1.32374,1.32382,1.50,1.12
2016.09.27 16:40:36.307,1.32373,1.32382,1.75,1.12
2016.09.27 16:40:36.358,1.32373,1.32382,1.75,1.87
2016.09.27 16:40:36.461,1.32373,1.32382,1.37,2.25
2016.09.27 16:40:36.512,1.32373,1.32382,1.37,2.62
2016.09.27 16:40:36.563,1.32373,1.32381,1.00,1.00
2016.09.27 16:40:36.615,1.32372,1.32381,1.50,1.00
2016.09.27 16:40:36.667,1.32372,1.32381,1.50,1.00
2016.09.27 16:40:36.793,1.32372,1.32381,1.50,1.12
2016.09.27 16:40:36.879,1.32372,1.32381,1.00,1.12
2016.09.27 16:40:37.082,1.32371,1.32381,3.75,1.00
2016.09.27 16:40:37.133,1.32371,1.32381,3.00,2.25
2016.09.27 16:40:37.184,1.32371,1.32381,4.12,3.00
2016.09.27 16:40:37.286,1.32371,1.32381,4.12,3.56
2016.09.27 16:40:37.337,1.32371,1.3238,2.62,1.69
2016.09.27 16:40:37.388,1.32371,1.32378,2.62,1.25
2016.09.27 16:40:37.440,1.32371,1.32377,2.62,1.00
2016.09.27 16:40:37.491,1.32369,1.32375,2.62,3.56
2016.09.27 16:40:37.542,1.32368,1.32375,2.62,6.94
2016.09.27 16:40:37.593,1.32367,1.32373,4.12,3.79
2016.09.27 16:40:37.674,1.32367,1.32372,3.75,3.56
2016.09.27 16:40:37.725,1.32363,1.32369,2.62,1.00
2016.09.27 16:40:37.776,1.32364,1.32369,1.00,1.00
2016.09.27 16:40:38.284,1.32364,1.3237,1.00,1.00
2016.09.27 16:40:39.064,1.32364,1.32371,1.00,1.00
2016.09.27 16:40:39.166,1.32361,1.32371,3.00,1.12
2016.09.27 16:40:39.489,1.32362,1.32371,1.12,1.12
2016.09.27 16:40:39.540,1.32362,1.3237,1.12,1.00
2016.09.27 16:40:39.643,1.3236,1.32364,1.50,1.12
2016.09.27 16:40:39.695,1.32356,1.32364,1.75,1.12
2016.09.27 16:40:39.746,1.32355,1.32364,1.75,1.50
2016.09.27 16:40:39.798,1.32356,1.32363,1.75,1.12
2016.09.27 16:40:39.849,1.32356,1.32363,1.75,1.87
2016.09.27 16:40:39.901,1.32357,1.32363,1.50,4.12
2016.09.27 16:40:39.952,1.32354,1.32363,4.12,4.50
2016.09.27 16:40:40.003,1.32354,1.32363,2.25,4.50
2016.09.27 16:40:40.054,1.32354,1.32363,2.25,3.75
2016.09.27 16:40:40.105,1.32354,1.32363,2.25,1.50
2016.09.27 16:40:40.207,1.32354,1.32363,2.25,3.75
2016.09.27 16:40:40.361,1.32354,1.32363,3.00,1.12
2016.09.27 16:40:40.423,1.32354,1.32363,4.50,1.12
2016.09.27 16:40:40.475,1.32354,1.32363,3.00,1.12
2016.09.27 16:40:40.527,1.32354,1.32364,3.00,1.50
2016.09.27 16:40:40.629,1.32354,1.32365,3.00,4.50
2016.09.27 16:40:40.681,1.32354,1.32365,4.50,3.00
2016.09.27 16:40:40.782,1.32354,1.32365,3.00,2.25
2016.09.27 16:40:40.834,1.32354,1.32365,3.00,1.87
2016.09.27 16:40:40.885,1.32356,1.32365,1.12,2.62
2016.09.27 16:40:40.936,1.32357,1.32365,1.00,1.12
2016.09.27 16:40:41.004,1.32357,1.32366,1.50,1.12
2016.09.27 16:40:41.102,1.32356,1.32367,4.87,2.62
2016.09.27 16:40:41.154,1.32356,1.32367,6.00,1.87
2016.09.27 16:40:41.206,1.32356,1.32367,4.50,1.37
2016.09.27 16:40:41.309,1.32356,1.32367,5.25,1.87
2016.09.27 16:40:41.411,1.32356,1.32365,4.12,1.00
2016.09.27 16:40:41.462,1.32356,1.32365,4.87,1.00
2016.09.27 16:40:41.514,1.32356,1.32365,4.12,1.50
2016.09.27 16:40:41.667,1.32356,1.32365,2.25,1.87
2016.09.27 16:40:41.769,1.32356,1.32365,4.12,1.50
2016.09.27 16:40:41.872,1.32356,1.32365,3.37,1.50
2016.09.27 16:40:42.036,1.32356,1.32365,4.12,1.00
2016.09.27 16:40:42.500,1.32356,1.32365,3.37,1.00
2016.09.27 16:40:42.551,1.32356,1.32367,3.37,2.25
2016.09.27 16:40:42.602,1.32357,1.32367,1.75,3.00
2016.09.27 16:40:42.704,1.32357,1.32367,3.37,2.62
2016.09.27 16:40:42.755,1.32357,1.32367,3.37,3.37
2016.09.27 16:40:42.806,1.32357,1.32366,3.37,1.00
2016.09.27 16:40:44.860,1.32357,1.32366,1.75,1.12
2016.09.27 16:40:44.912,1.32357,1.32366,1.50,1.12
2016.09.27 16:40:44.963,1.32357,1.32366,3.37,1.00
2016.09.27 16:40:45.794,1.32357,1.32366,1.75,1.12
2016.09.27 16:40:46.030,1.32356,1.32363,4.12,1.50
2016.09.27 16:40:46.082,1.32357,1.32364,2.62,1.50
2016.09.27 16:40:46.184,1.32354,1.32362,2.62,2.62
2016.09.27 16:40:46.236,1.32351,1.32355,1.00,1.50
2016.09.27 16:40:46.288,1.32352,1.32356,1.00,1.00
2016.09.27 16:40:46.340,1.32349,1.32353,7.50,1.12
2016.09.27 16:40:46.468,1.32343,1.32349,2.62,1.00
2016.09.27 16:40:46.520,1.32343,1.32349,1.75,1.00
2016.09.27 16:40:46.571,1.32344,1.32348,1.00,1.00
2016.09.27 16:40:46.624,1.32341,1.32348,5.25,1.00
2016.09.27 16:40:46.676,1.32343,1.3235,2.62,1.35
2016.09.27 16:40:46.881,1.32341,1.32349,5.62,1.35
2016.09.27 16:40:46.984,1.32341,1.32349,5.62,1.60
2016.09.27 16:40:47.179,1.32342,1.3235,1.50,1.35
2016.09.27 16:40:47.383,1.32342,1.3235,1.50,1.60
2016.09.27 16:40:47.434,1.32341,1.3235,4.12,1.60
2016.09.27 16:40:47.485,1.32344,1.3235,1.00,1.60
2016.09.27 16:40:47.588,1.32342,1.3235,1.00,1.60
2016.09.27 16:40:47.639,1.32342,1.3235,1.00,1.35
2016.09.27 16:40:47.690,1.32342,1.3235,1.00,1.60
2016.09.27 16:40:47.741,1.32342,1.32349,1.00,1.35
2016.09.27 16:40:47.881,1.32341,1.32348,1.12,1.76
2016.09.27 16:40:47.932,1.32338,1.32348,4.50,3.04
2016.09.27 16:40:47.984,1.32339,1.32347,2.62,1.50
2016.09.27 16:40:48.086,1.32339,1.32348,1.50,1.50
2016.09.27 16:40:48.137,1.32339,1.32349,3.37,1.12
2016.09.27 16:40:48.189,1.32341,1.3235,1.50,1.00
2016.09.27 16:40:48.240,1.32343,1.32351,1.00,1.87
2016.09.27 16:40:48.292,1.32344,1.32351,1.69,1.12
2016.09.27 16:40:48.343,1.32345,1.32353,1.25,2.62
2016.09.27 16:40:48.394,1.32345,1.32355,1.12,1.50
2016.09.27 16:40:48.446,1.32345,1.32355,1.50,1.50
2016.09.27 16:40:48.497,1.32345,1.32355,3.37,1.00
2016.09.27 16:40:48.548,1.32345,1.32355,4.12,1.00
2016.09.27 16:40:48.599,1.32349,1.32356,1.00,1.50
2016.09.27 16:40:48.757,1.32349,1.32356,1.00,1.60
2016.09.27 16:40:48.809,1.32349,1.32356,1.00,2.10
2016.09.27 16:40:48.860,1.32349,1.32356,1.00,1.50
2016.09.27 16:40:48.911,1.32348,1.32356,2.62,1.50
2016.09.27 16:40:48.962,1.32348,1.32356,2.62,1.00
2016.09.27 16:40:49.013,1.32346,1.32356,3.00,1.00
2016.09.27 16:40:49.115,1.32346,1.32356,3.00,1.31
2016.09.27 16:40:49.217,1.32347,1.32355,2.62,1.25
2016.09.27 16:40:49.319,1.32347,1.32354,2.62,1.00
2016.09.27 16:40:49.421,1.32344,1.32355,5.06,1.50
2016.09.27 16:40:49.543,1.32346,1.32355,2.25,1.00
2016.09.27 16:40:49.594,1.32347,1.32355,2.62,1.00
2016.09.27 16:40:49.697,1.32346,1.32355,2.25,1.00
2016.09.27 16:40:49.748,1.32346,1.32355,3.00,1.00
2016.09.27 16:40:49.800,1.32346,1.32355,6.94,1.00
2016.09.27 16:40:49.902,1.32346,1.32357,5.62,1.50
2016.09.27 16:40:49.953,1.32346,1.32357,6.37,1.50
2016.09.27 16:40:50.004,1.32347,1.32357,2.62,1.50
2016.09.27 16:40:50.106,1.32347,1.32357,2.62,2.25
2016.09.27 16:40:50.208,1.32347,1.32357,2.62,1.50
2016.09.27 16:40:50.281,1.32347,1.32356,2.62,1.00
2016.09.27 16:40:50.332,1.32347,1.32356,2.62,1.00
2016.09.27 16:40:50.873,1.32347,1.32355,2.62,1.00
2016.09.27 16:40:51.077,1.32349,1.32353,1.00,2.25
2016.09.27 16:40:51.129,1.32346,1.32353,2.62,1.00
2016.09.27 16:40:51.180,1.32346,1.32355,2.62,1.00
2016.09.27 16:40:51.232,1.32345,1.32355,4.87,1.50
2016.09.27 16:40:51.283,1.32345,1.32355,4.87,1.37
2016.09.27 16:40:51.334,1.32345,1.32355,6.75,1.12
2016.09.27 16:40:51.461,1.32346,1.32355,2.62,1.00
2016.09.27 16:40:51.717,1.32346,1.32355,2.62,1.00
2016.09.27 16:40:52.097,1.32346,1.32355,3.37,1.00
2016.09.27 16:40:52.199,1.32346,1.32355,2.62,1.00
2016.09.27 16:40:52.500,1.32346,1.32354,2.62,1.41
2016.09.27 16:40:52.551,1.32346,1.32353,2.62,1.87
2016.09.27 16:40:52.602,1.32345,1.32353,1.75,1.00
2016.09.27 16:40:52.654,1.32344,1.32353,2.62,1.00
2016.09.27 16:40:52.705,1.32344,1.32354,1.75,3.00
2016.09.27 16:40:52.807,1.32344,1.32354,2.62,1.87
2016.09.27 16:40:52.909,1.32344,1.32354,3.37,1.87
2016.09.27 16:40:53.011,1.32344,1.32353,4.12,1.00
2016.09.27 16:40:53.063,1.32345,1.32353,1.50,1.00
2016.09.27 16:40:53.114,1.32346,1.32355,2.25,1.00
2016.09.27 16:40:53.165,1.32346,1.32356,2.25,2.62
2016.09.27 16:40:53.217,1.32347,1.32356,2.62,1.50
2016.09.27 16:40:53.333,1.32348,1.32356,1.50,1.50
2016.09.27 16:40:53.417,1.32348,1.32356,1.50,1.00
2016.09.27 16:40:54.077,1.32347,1.32356,2.62,1.00
2016.09.27 16:40:54.128,1.32347,1.32356,2.62,1.50
2016.09.27 16:40:54.179,1.32348,1.32356,1.50,1.50
2016.09.27 16:40:54.230,1.3235,1.32356,1.00,1.00
2016.09.27 16:40:55.888,1.3235,1.32355,1.00,1.00
2016.09.27 16:40:55.940,1.3235,1.32355,1.00,2.25
2016.09.27 16:40:55.991,1.3235,1.32355,1.00,1.12
2016.09.27 16:40:56.042,1.3235,1.32355,1.00,1.87
2016.09.27 16:40:56.094,1.32347,1.32355,2.62,1.50
2016.09.27 16:40:56.195,1.32346,1.32355,4.12,1.00
2016.09.27 16:40:56.246,1.32346,1.32356,4.87,1.12
2016.09.27 16:40:56.297,1.32349,1.32356,1.00,1.12
2016.09.27 16:40:56.348,1.32347,1.32356,3.37,1.00
2016.09.27 16:40:56.400,1.3235,1.32356,1.00,1.00
2016.09.27 16:40:56.451,1.32349,1.32356,2.62,1.00
2016.09.27 16:40:56.944,1.32347,1.32356,2.62,1.00
2016.09.27 16:40:57.111,1.32347,1.32355,2.62,1.15
2016.09.27 16:40:57.213,1.32347,1.32355,2.62,3.37
2016.09.27 16:40:57.264,1.32347,1.32354,2.62,1.87
2016.09.27 16:40:57.316,1.32345,1.32352,2.62,1.00
2016.09.27 16:40:57.418,1.32343,1.32352,2.25,1.00
2016.09.27 16:40:57.723,1.32343,1.32352,3.00,1.00
2016.09.27 16:40:57.926,1.32343,1.32353,3.00,1.50
2016.09.27 16:40:58.030,1.32343,1.32352,2.25,1.00
2016.09.27 16:40:58.234,1.32343,1.32353,1.75,1.00
2016.09.27 16:40:58.336,1.32343,1.32353,2.25,1.50
2016.09.27 16:40:58.387,1.32343,1.32353,1.75,1.00
2016.09.27 16:40:58.489,1.32343,1.32353,2.25,1.50
2016.09.27 16:40:58.895,1.32343,1.32353,1.75,1.00
2016.09.27 16:40:58.997,1.32343,1.32353,2.25,1.50
2016.09.27 16:40:59.099,1.32343,1.32353,1.75,1.00
2016.09.27 16:40:59.200,1.32343,1.32353,2.25,1.50
2016.09.27 16:40:59.353,1.32343,1.32353,2.25,1.87
2016.09.27 16:40:59.404,1.32345,1.32353,1.00,1.87
2016.09.27 16:40:59.455,1.32345,1.32353,1.00,1.50
2016.09.27 16:40:59.506,1.32343,1.32353,2.25,1.50
2016.09.27 16:40:59.586,1.32343,1.32353,2.25,1.87
2016.09.27 16:40:59.801,1.32343,1.32353,1.50,1.12
2016.09.27 16:41:00.096,1.32344,1.32353,1.12,1.12
2016.09.27 16:41:00.315,1.32343,1.32353,3.00,1.12
2016.09.27 16:41:00.417,1.32344,1.32353,1.12,1.12
2016.09.27 16:41:00.519,1.32344,1.32353,1.12,1.12
2016.09.27 16:41:00.570,1.32344,1.32354,2.62,1.50
2016.09.27 16:41:00.621,1.32345,1.32354,1.50,1.00
2016.09.27 16:41:00.723,1.32346,1.32354,3.37,1.00
2016.09.27 16:41:00.851,1.32346,1.32354,2.62,1.00
2016.09.27 16:41:01.621,1.32345,1.32354,3.37,1.00
2016.09.27 16:41:01.875,1.32345,1.32355,3.37,1.12
2016.09.27 16:41:01.977,1.32345,1.32355,2.62,1.12
2016.09.27 16:41:02.028,1.32345,1.32355,3.37,1.12
2016.09.27 16:41:02.080,1.32345,1.32355,4.12,1.12
2016.09.27 16:41:02.208,1.32345,1.32355,3.37,1.12
2016.09.27 16:41:02.876,1.32346,1.32356,2.25,2.25
2016.09.27 16:41:02.929,1.32347,1.32356,2.44,1.87
2016.09.27 16:41:02.981,1.32347,1.32357,3.19,3.37
2016.09.27 16:41:03.032,1.32347,1.32356,3.00,1.12
2016.09.27 16:41:03.083,1.32347,1.32357,1.75,1.50
2016.09.27 16:41:03.134,1.32348,1.32356,2.62,1.00
2016.09.27 16:41:03.236,1.32349,1.32356,2.62,1.87
2016.09.27 16:41:03.323,1.32347,1.32355,1.50,1.00
2016.09.27 16:41:03.375,1.32346,1.32355,3.37,1.00
2016.09.27 16:41:03.630,1.32346,1.32355,1.12,1.12
2016.09.27 16:41:03.682,1.32345,1.32353,2.25,1.00
2016.09.27 16:41:03.734,1.32343,1.32351,4.12,1.00
2016.09.27 16:41:03.785,1.32343,1.32352,2.62,1.04
2016.09.27 16:41:03.838,1.32344,1.32348,1.00,1.00
2016.09.27 16:41:03.891,1.32342,1.32349,2.62,1.87
2016.09.27 16:41:03.942,1.3234,1.32347,2.62,1.00
2016.09.27 16:41:03.995,1.3234,1.32347,2.62,1.50
2016.09.27 16:41:04.116,1.32337,1.32344,1.75,1.00
2016.09.27 16:41:04.237,1.32336,1.32345,5.62,1.00
2016.09.27 16:41:04.288,1.32336,1.32345,4.87,1.00
2016.09.27 16:41:04.443,1.32338,1.32345,1.00,1.00
2016.09.27 16:41:05.189,1.32338,1.32346,1.00,1.00
2016.09.27 16:41:05.241,1.32338,1.32346,1.00,1.69
2016.09.27 16:41:05.343,1.32338,1.32346,2.62,1.00
2016.09.27 16:41:05.445,1.32338,1.32346,1.12,1.00
2016.09.27 16:41:05.616,1.32338,1.32346,1.75,1.00
2016.09.27 16:41:05.698,1.32338,1.32346,2.25,1.00
2016.09.27 16:41:05.749,1.32338,1.32347,2.25,1.00
2016.09.27 16:41:06.203,1.32338,1.32347,1.50,1.00
2016.09.27 16:41:06.357,1.32338,1.32348,1.50,1.12
2016.09.27 16:41:06.473,1.32339,1.32348,1.00,1.12
2016.09.27 16:41:06.524,1.32339,1.32348,1.00,1.50
2016.09.27 16:41:06.626,1.32339,1.32348,1.00,1.12
2016.09.27 16:41:06.678,1.32339,1.32346,1.00,1.00
2016.09.27 16:41:06.751,1.32337,1.32344,1.12,1.12
2016.09.27 16:41:06.802,1.32336,1.32343,2.62,1.12
2016.09.27 16:41:06.853,1.32337,1.32341,1.00,1.00
2016.09.27 16:41:06.955,1.32332,1.32338,2.25,1.00
2016.09.27 16:41:07.007,1.32332,1.32336,1.12,1.50
2016.09.27 16:41:07.099,1.32331,1.32336,1.12,1.87
2016.09.27 16:41:07.150,1.3233,1.32338,1.87,1.00
2016.09.27 16:41:07.202,1.3233,1.32339,1.87,2.25
2016.09.27 16:41:07.316,1.3233,1.32337,1.37,2.25
2016.09.27 16:41:07.368,1.3233,1.32337,1.12,1.00
2016.09.27 16:41:07.419,1.32329,1.32337,2.62,1.50
2016.09.27 16:41:07.471,1.32332,1.32336,1.00,1.00
2016.09.27 16:41:07.522,1.32329,1.32339,3.37,3.75
2016.09.27 16:41:07.573,1.32329,1.32337,1.12,1.50
2016.09.27 16:41:07.624,1.32329,1.32337,1.50,1.12
2016.09.27 16:41:07.675,1.32329,1.32337,1.87,1.00
2016.09.27 16:41:07.726,1.32331,1.32338,1.00,1.00
2016.09.27 16:41:07.879,1.32331,1.32339,1.00,1.50
2016.09.27 16:41:07.930,1.32329,1.32339,2.62,1.87
2016.09.27 16:41:08.149,1.32329,1.32339,2.62,1.12
2016.09.27 16:41:08.251,1.32329,1.32339,1.87,1.12
2016.09.27 16:41:08.354,1.3233,1.3234,1.12,2.25
2016.09.27 16:41:08.405,1.32331,1.3234,1.00,1.50
2016.09.27 16:41:08.456,1.32331,1.3234,1.50,1.50
2016.09.27 16:41:08.507,1.32331,1.3234,1.00,1.50
2016.09.27 16:41:09.037,1.32331,1.3234,1.50,1.50
2016.09.27 16:41:09.089,1.32331,1.32337,1.50,1.00
2016.09.27 16:41:09.140,1.3233,1.32337,3.37,1.00
2016.09.27 16:41:09.191,1.3233,1.32337,2.62,1.50
2016.09.27 16:41:09.243,1.32327,1.32337,1.50,1.87
2016.09.27 16:41:09.447,1.32327,1.32336,2.25,1.00
2016.09.27 16:41:09.663,1.32327,1.32336,2.25,1.60
2016.09.27 16:41:09.715,1.32327,1.32336,1.50,1.00
2016.09.27 16:41:09.818,1.32327,1.32336,3.00,1.00
2016.09.27 16:41:09.944,1.32327,1.32336,4.87,1.00
2016.09.27 16:41:10.045,1.32327,1.32336,3.37,1.00
2016.09.27 16:41:10.198,1.32327,1.32336,3.37,1.00
2016.09.27 16:41:10.351,1.32327,1.32336,4.87,1.00
2016.09.27 16:41:10.453,1.32327,1.32337,4.87,1.50
2016.09.27 16:41:10.608,1.32327,1.32337,3.37,2.10
2016.09.27 16:41:11.040,1.32327,1.32337,4.12,2.10
2016.09.27 16:41:11.091,1.32327,1.32337,4.12,2.10
2016.09.27 16:41:11.141,1.32327,1.32336,1.75,1.30
2016.09.27 16:41:11.294,1.32327,1.32337,1.75,2.25
2016.09.27 16:41:12.052,1.32326,1.32336,3.37,1.12
2016.09.27 16:41:12.154,1.32326,1.32335,1.50,1.00
2016.09.27 16:41:12.205,1.32326,1.32335,1.50,1.00
2016.09.27 16:41:13.239,1.32328,1.32336,1.00,1.00
2016.09.27 16:41:14.000,1.32328,1.32335,1.00,2.10
2016.09.27 16:41:14.052,1.32328,1.32335,1.00,2.47
2016.09.27 16:41:14.103,1.32328,1.32336,1.00,1.37
2016.09.27 16:41:14.154,1.32328,1.32335,1.00,1.00
2016.09.27 16:41:14.283,1.32327,1.32335,1.50,1.00
2016.09.27 16:41:14.334,1.32327,1.32336,2.25,1.00
2016.09.27 16:41:14.436,1.32327,1.32336,1.50,1.00
2016.09.27 16:41:14.538,1.32327,1.32336,2.25,1.00
2016.09.27 16:41:14.589,1.32327,1.32336,3.00,1.00
2016.09.27 16:41:14.742,1.32327,1.32337,3.00,2.47
2016.09.27 16:41:14.795,1.32327,1.32335,2.25,2.10
2016.09.27 16:41:14.846,1.32325,1.32335,3.37,1.72
2016.09.27 16:41:14.897,1.32325,1.32335,3.00,1.72
2016.09.27 16:41:14.949,1.32327,1.32335,1.00,1.35
2016.09.27 16:41:15.306,1.32327,1.32336,1.00,2.10
2016.09.27 16:41:15.459,1.32327,1.32336,1.00,2.85
2016.09.27 16:41:15.620,1.32327,1.32336,1.00,2.10
2016.09.27 16:41:15.720,1.32327,1.32336,1.00,1.50
2016.09.27 16:41:16.090,1.32328,1.32336,1.00,2.10
2016.09.27 16:41:16.274,1.32328,1.32336,1.00,1.50
2016.09.27 16:41:16.325,1.32328,1.32336,1.87,1.12
2016.09.27 16:41:16.378,1.32328,1.32336,2.25,1.00
2016.09.27 16:41:16.539,1.32328,1.32336,1.50,1.35
2016.09.27 16:41:16.641,1.32328,1.32336,1.37,1.00
2016.09.27 16:41:16.692,1.32328,1.32336,1.00,1.12
2016.09.27 16:41:17.758,1.32328,1.32336,1.00,1.72
2016.09.27 16:41:17.809,1.32328,1.32336,1.00,1.12
2016.09.27 16:41:17.860,1.32329,1.32336,1.12,1.12
2016.09.27 16:41:17.911,1.3233,1.32338,1.00,2.62
2016.09.27 16:41:17.963,1.3233,1.32339,1.31,1.50
2016.09.27 16:41:18.014,1.3233,1.3234,2.06,4.12
2016.09.27 16:41:18.065,1.3233,1.32341,4.87,2.62
2016.09.27 16:41:18.117,1.32332,1.32341,1.31,2.62
2016.09.27 16:41:18.178,1.32333,1.32342,1.00,2.25
2016.09.27 16:41:18.229,1.32333,1.32342,1.00,1.50
2016.09.27 16:41:18.332,1.32332,1.32342,1.50,1.50
2016.09.27 16:41:18.384,1.32332,1.32342,2.25,1.50
2016.09.27 16:41:18.482,1.32333,1.32342,1.12,1.50
2016.09.27 16:41:18.534,1.32333,1.32343,2.25,2.62
2016.09.27 16:41:18.586,1.32333,1.32342,2.25,1.00
2016.09.27 16:41:18.738,1.32333,1.32342,3.75,1.00
2016.09.27 16:41:19.145,1.32334,1.32342,1.00,1.00
2016.09.27 16:41:19.247,1.32335,1.32345,1.87,3.37
2016.09.27 16:41:19.298,1.32335,1.32345,1.87,2.62
2016.09.27 16:41:19.349,1.32335,1.32345,2.62,2.62
2016.09.27 16:41:19.606,1.32335,1.32345,2.62,3.00
2016.09.27 16:41:20.082,1.32335,1.32345,2.62,2.62
2016.09.27 16:41:20.199,1.32335,1.32345,2.62,3.00
2016.09.27 16:41:20.301,1.32335,1.32345,3.37,3.00
2016.09.27 16:41:20.407,1.32335,1.32345,3.37,2.62
2016.09.27 16:41:20.459,1.32335,1.32345,3.75,2.62
2016.09.27 16:41:20.561,1.32335,1.32345,2.25,2.62
2016.09.27 16:41:21.062,1.32335,1.32345,3.00,2.62
2016.09.27 16:41:21.165,1.32337,1.32345,1.25,2.62
2016.09.27 16:41:21.268,1.32335,1.32345,3.75,2.62
2016.09.27 16:41:21.320,1.32336,1.32345,1.31,2.62
2016.09.27 16:41:21.371,1.32336,1.32346,1.69,1.37
2016.09.27 16:41:21.423,1.32337,1.32346,1.62,1.37
2016.09.27 16:41:21.525,1.32336,1.32347,2.44,5.47
2016.09.27 16:41:21.576,1.32336,1.32347,2.44,4.72
2016.09.27 16:41:22.204,1.32336,1.32347,2.44,3.97
2016.09.27 16:41:22.255,1.32336,1.32347,1.69,3.97
2016.09.27 16:41:22.306,1.32336,1.32347,2.44,3.97
2016.09.27 16:41:23.073,1.32336,1.32347,2.81,2.62
2016.09.27 16:41:24.174,1.32336,1.32347,2.81,3.22
2016.09.27 16:41:24.225,1.32336,1.32347,3.75,3.22
2016.09.27 16:41:24.276,1.32336,1.32347,3.75,2.62
2016.09.27 16:41:24.376,1.32339,1.32347,1.00,1.00
2016.09.27 16:41:24.645,1.32339,1.32348,1.00,3.75
2016.09.27 16:41:25.995,1.32339,1.32347,1.00,1.60
2016.09.27 16:41:26.046,1.32336,1.32347,4.87,2.85
2016.09.27 16:41:26.097,1.32336,1.32347,3.00,3.22
2016.09.27 16:41:26.148,1.32336,1.32347,3.00,2.47
2016.09.27 16:41:26.301,1.32336,1.32346,3.00,1.60
2016.09.27 16:41:26.556,1.32336,1.32346,3.75,1.60
2016.09.27 16:41:26.736,1.32336,1.32346,4.12,1.60
2016.09.27 16:41:26.957,1.32336,1.32346,3.37,1.60
2016.09.27 16:41:27.009,1.32336,1.32346,2.62,1.35
2016.09.27 16:41:27.289,1.32336,1.32346,2.62,1.00
2016.09.27 16:41:27.342,1.32336,1.32346,3.37,1.00
2016.09.27 16:41:27.394,1.32336,1.32346,3.37,1.00
2016.09.27 16:41:27.445,1.32336,1.32346,2.25,1.00
2016.09.27 16:41:27.497,1.32336,1.32346,2.25,1.35
2016.09.27 16:41:27.854,1.32336,1.32346,3.75,1.00
2016.09.27 16:41:27.956,1.32336,1.32346,2.25,1.00
2016.09.27 16:41:28.677,1.32336,1.32346,2.25,2.10
2016.09.27 16:41:29.243,1.32336,1.32346,2.25,3.60
2016.09.27 16:41:29.367,1.32336,1.32346,2.25,3.22
2016.09.27 16:41:30.717,1.32336,1.32346,1.75,3.22
2016.09.27 16:41:30.768,1.32336,1.32345,1.75,1.49
2016.09.27 16:41:30.819,1.32335,1.32345,4.12,1.91
2016.09.27 16:41:30.870,1.32335,1.32344,3.00,1.91
2016.09.27 16:41:30.921,1.32335,1.32343,1.75,1.25
2016.09.27 16:41:30.973,1.32334,1.32343,1.12,1.12
2016.09.27 16:41:31.024,1.32333,1.32343,2.25,1.12
2016.09.27 16:41:31.076,1.32333,1.32343,2.25,3.37
2016.09.27 16:41:31.129,1.32333,1.32341,1.50,1.12
2016.09.27 16:41:31.181,1.32333,1.32341,1.50,3.00
2016.09.27 16:41:31.234,1.32331,1.32339,2.62,1.00
2016.09.27 16:41:31.286,1.3233,1.32339,1.75,1.00
2016.09.27 16:41:31.337,1.3233,1.3234,2.25,1.12
2016.09.27 16:41:31.389,1.3233,1.3234,1.87,1.87
2016.09.27 16:41:31.477,1.3233,1.3234,1.87,1.50
2016.09.27 16:41:31.529,1.3233,1.32341,3.00,4.87
2016.09.27 16:41:31.580,1.32332,1.32341,1.00,3.00
2016.09.27 16:41:31.684,1.32332,1.32341,1.00,1.00
2016.09.27 16:41:31.940,1.32332,1.32341,1.25,1.00
2016.09.27 16:41:32.021,1.32335,1.32341,1.50,1.00
2016.09.27 16:41:32.072,1.32337,1.32343,1.00,1.50
2016.09.27 16:41:32.123,1.32337,1.32345,1.00,3.37
2016.09.27 16:41:32.175,1.32337,1.32345,1.50,1.00
2016.09.27 16:41:33.007,1.32337,1.32346,1.50,2.25
2016.09.27 16:41:33.566,1.32337,1.32346,2.06,2.85
2016.09.27 16:41:33.710,1.32337,1.32346,1.50,2.85
2016.09.27 16:41:34.039,1.32337,1.32346,1.50,2.25
2016.09.27 16:41:34.514,1.32337,1.32346,1.50,2.85
2016.09.27 16:41:34.819,1.32337,1.32346,1.50,4.35
2016.09.27 16:41:35.869,1.32337,1.32346,1.50,2.25
2016.09.27 16:41:35.971,1.32337,1.32346,2.06,2.25
2016.09.27 16:41:36.073,1.32337,1.32346,1.69,2.25
2016.09.27 16:41:36.124,1.32337,1.32346,1.69,1.50
2016.09.27 16:41:36.176,1.32339,1.32346,1.00,1.00
2016.09.27 16:41:37.478,1.32339,1.32346,1.00,1.60
2016.09.27 16:41:38.097,1.32339,1.32347,1.00,3.60
2016.09.27 16:41:38.250,1.32339,1.32347,1.00,2.10
2016.09.27 16:41:38.402,1.32339,1.32347,1.00,3.60
2016.09.27 16:41:39.252,1.32339,1.32347,1.00,2.85
2016.09.27 16:41:39.405,1.32339,1.32347,1.00,1.60
2016.09.27 16:41:39.457,1.32339,1.32346,1.00,2.10
2016.09.27 16:41:39.610,1.32338,1.32346,1.00,2.47
2016.09.27 16:41:39.990,1.32338,1.32347,1.00,3.60
2016.09.27 16:41:40.041,1.32337,1.32346,1.00,2.47
2016.09.27 16:41:40.245,1.32337,1.32347,1.50,2.10
2016.09.27 16:41:40.423,1.32337,1.32347,1.00,2.10
2016.09.27 16:41:40.795,1.32337,1.32347,1.00,3.60
2016.09.27 16:41:40.846,1.32337,1.32347,1.00,2.25
2016.09.27 16:41:40.948,1.32337,1.32347,1.00,2.85
2016.09.27 16:41:41.050,1.32337,1.32347,1.00,2.25
2016.09.27 16:41:41.152,1.32336,1.32347,2.62,1.50
2016.09.27 16:41:41.254,1.32336,1.32346,2.25,1.12
2016.09.27 16:41:41.459,1.32336,1.32347,2.25,3.00
2016.09.27 16:41:42.894,1.32336,1.32347,3.75,3.75
2016.09.27 16:41:42.945,1.32336,1.32347,3.75,3.00
2016.09.27 16:41:43.397,1.32339,1.32347,1.00,1.50
2016.09.27 16:41:43.448,1.32339,1.32348,1.00,6.37
2016.09.27 16:41:43.499,1.32339,1.32348,1.50,4.50
2016.09.27 16:41:44.059,1.32339,1.32347,1.00,1.00
2016.09.27 16:41:44.110,1.32339,1.32348,1.00,3.75
2016.09.27 16:41:44.263,1.32339,1.32347,1.00,1.00
2016.09.27 16:41:44.314,1.32339,1.32348,1.00,3.75
2016.09.27 16:41:45.454,1.32339,1.32348,1.00,4.50
2016.09.27 16:41:46.324,1.32339,1.32347,1.00,1.00
2016.09.27 16:41:46.578,1.32338,1.32347,1.52,1.00
2016.09.27 16:41:46.629,1.32339,1.32348,1.12,4.87
2016.09.27 16:41:46.877,1.32339,1.32348,1.12,6.37
2016.09.27 16:41:47.082,1.32339,1.32348,1.24,6.37
2016.09.27 16:41:47.184,1.32339,1.32348,1.50,4.87
2016.09.27 16:41:47.658,1.32342,1.32348,1.37,4.12
2016.09.27 16:41:47.709,1.32342,1.32348,1.37,3.37
2016.09.27 16:41:47.760,1.3235,1.32354,1.00,13.20
2016.09.27 16:41:47.811,1.32346,1.3235,2.25,4.50
2016.09.27 16:41:47.862,1.32351,1.32355,1.00,8.25
2016.09.27 16:41:47.913,1.32351,1.32358,1.50,2.62
2016.09.27 16:41:47.965,1.32352,1.32358,2.25,2.62
2016.09.27 16:41:48.053,1.32354,1.32358,1.00,2.25
2016.09.27 16:41:48.105,1.32354,1.32363,1.50,4.12
2016.09.27 16:41:48.156,1.32354,1.32362,1.50,1.12
2016.09.27 16:41:48.258,1.32353,1.32362,1.75,1.12
2016.09.27 16:41:48.360,1.32353,1.32363,1.75,4.12
2016.09.27 16:41:48.411,1.32353,1.32363,1.75,3.37
2016.09.27 16:41:48.462,1.32353,1.32363,1.75,2.62
2016.09.27 16:41:48.983,1.32353,1.32363,2.25,2.62
2016.09.27 16:41:49.564,1.32353,1.32363,1.75,2.62
2016.09.27 16:41:49.615,1.32353,1.32363,1.75,3.37
2016.09.27 16:41:50.045,1.32353,1.32363,1.75,4.12
2016.09.27 16:41:50.267,1.32354,1.32363,2.62,2.25
2016.09.27 16:41:50.341,1.32357,1.32364,1.00,2.62
2016.09.27 16:41:50.394,1.32356,1.32364,1.87,2.25
2016.09.27 16:41:50.447,1.32359,1.32366,1.00,2.62
2016.09.27 16:41:50.498,1.32359,1.32368,1.87,1.37
2016.09.27 16:41:50.550,1.32362,1.32369,1.00,3.00
2016.09.27 16:41:50.602,1.32362,1.3237,1.12,1.37
2016.09.27 16:41:50.703,1.32361,1.3237,2.25,1.37
2016.09.27 16:41:50.755,1.3236,1.32369,1.75,1.50
2016.09.27 16:41:50.807,1.3236,1.32369,1.75,2.28
2016.09.27 16:41:50.858,1.32359,1.32368,3.37,1.15
2016.09.27 16:41:50.909,1.32358,1.32367,1.50,1.90
2016.09.27 16:41:50.960,1.32356,1.32363,2.62,1.00
2016.09.27 16:41:51.012,1.32355,1.32363,3.37,1.00
2016.09.27 16:41:51.063,1.32355,1.32363,2.62,1.00
2016.09.27 16:41:51.114,1.32356,1.32363,1.00,1.00
2016.09.27 16:41:51.216,1.32354,1.32363,1.00,1.50
2016.09.27 16:41:51.267,1.32354,1.32363,1.00,2.25
2016.09.27 16:41:51.403,1.32354,1.32363,1.75,1.50
2016.09.27 16:41:51.455,1.32355,1.32364,1.50,1.50
2016.09.27 16:41:51.506,1.32355,1.32365,1.50,1.87
2016.09.27 16:41:51.559,1.32354,1.32364,1.87,1.50
2016.09.27 16:41:51.611,1.32356,1.32363,2.62,1.00
2016.09.27 16:41:51.715,1.32353,1.32362,4.31,1.00
2016.09.27 16:41:51.767,1.32353,1.32362,3.37,1.00
2016.09.27 16:41:51.818,1.32354,1.32361,1.00,1.00
2016.09.27 16:41:51.870,1.32354,1.32362,1.00,1.87
2016.09.27 16:41:51.922,1.3235,1.32361,5.62,2.62
2016.09.27 16:41:52.027,1.32351,1.32361,2.62,1.87
2016.09.27 16:41:52.371,1.32351,1.3236,2.62,1.00
2016.09.27 16:41:52.524,1.32351,1.32359,2.62,1.50
2016.09.27 16:41:52.575,1.32351,1.32359,2.62,2.25
2016.09.27 16:41:52.627,1.32351,1.32358,2.62,1.00
2016.09.27 16:41:52.678,1.32351,1.32355,1.87,1.50
2016.09.27 16:41:52.730,1.32351,1.32355,1.00,1.00
2016.09.27 16:41:52.781,1.3235,1.32354,2.62,1.00
2016.09.27 16:41:52.833,1.32344,1.32353,4.12,1.00
2016.09.27 16:41:52.884,1.32344,1.32353,3.75,1.00
2016.09.27 16:41:52.935,1.32344,1.32353,1.87,1.00
2016.09.27 16:41:52.986,1.32344,1.32353,2.62,1.00
2016.09.27 16:41:53.190,1.32343,1.32354,3.37,1.87
2016.09.27 16:41:53.325,1.32343,1.32354,3.37,2.47
2016.09.27 16:41:53.377,1.32343,1.32354,1.75,4.16
2016.09.27 16:41:53.428,1.32343,1.32354,1.75,3.56
2016.09.27 16:41:53.480,1.32343,1.32353,1.75,1.25
2016.09.27 16:41:53.582,1.32343,1.32354,1.75,3.97
2016.09.27 16:41:53.634,1.32343,1.32354,1.75,3.37
2016.09.27 16:41:53.991,1.32344,1.32354,1.87,3.37
2016.09.27 16:41:54.043,1.32344,1.32354,2.62,1.87
2016.09.27 16:41:54.095,1.32346,1.32355,1.91,1.37
2016.09.27 16:41:54.147,1.32346,1.32357,3.04,3.37
2016.09.27 16:41:54.218,1.32346,1.32357,3.04,1.50
2016.09.27 16:41:54.269,1.32347,1.32355,1.37,1.69
2016.09.27 16:41:54.320,1.32347,1.32355,2.62,1.69
2016.09.27 16:41:54.371,1.32347,1.32355,2.62,2.06
2016.09.27 16:41:54.422,1.32347,1.32353,1.00,1.00
2016.09.27 16:41:54.524,1.32344,1.32353,3.37,1.00
2016.09.27 16:41:54.575,1.32344,1.32353,2.62,1.00
2016.09.27 16:41:55.288,1.32344,1.32353,3.37,1.00
2016.09.27 16:41:55.399,1.32344,1.32353,2.62,1.00
2016.09.27 16:41:55.500,1.32344,1.32353,3.37,1.00
2016.09.27 16:41:55.602,1.32344,1.32353,2.62,1.00
2016.09.27 16:41:55.994,1.32344,1.32353,3.37,1.00
2016.09.27 16:41:56.267,1.32344,1.32353,2.62,1.00
2016.09.27 16:41:56.989,1.32344,1.32354,3.37,2.62
2016.09.27 16:41:57.085,1.32345,1.32354,1.50,1.87
2016.09.27 16:41:57.138,1.32345,1.32354,1.50,1.87
2016.09.27 16:41:57.189,1.32344,1.32354,2.62,1.12
2016.09.27 16:41:57.292,1.32345,1.32354,1.50,1.87
2016.09.27 16:41:57.343,1.32345,1.32353,1.50,1.00
2016.09.27 16:41:57.395,1.32344,1.32353,2.62,1.00
2016.09.27 16:41:58.693,1.32345,1.32353,1.50,1.00
2016.09.27 16:42:02.259,1.32345,1.32354,1.50,1.87
2016.09.27 16:42:02.310,1.32345,1.32354,1.50,1.87
2016.09.27 16:42:02.600,1.32345,1.32354,1.50,2.62
2016.09.27 16:42:03.113,1.32345,1.32354,1.50,1.87
2016.09.27 16:42:05.569,1.32344,1.32353,2.62,1.50
2016.09.27 16:42:05.620,1.32344,1.32352,2.25,1.31
2016.09.27 16:42:05.671,1.32343,1.3235,2.25,1.50
2016.09.27 16:42:05.722,1.32342,1.3235,2.62,2.81
2016.09.27 16:42:05.820,1.3234,1.32348,2.62,1.00
2016.09.27 16:42:05.872,1.32339,1.32348,3.37,1.00
2016.09.27 16:42:05.923,1.32341,1.32345,1.00,1.00
2016.09.27 16:42:06.026,1.32339,1.32345,2.62,1.00
2016.09.27 16:42:06.077,1.3234,1.32345,1.00,1.00
2016.09.27 16:42:06.129,1.32338,1.32345,1.12,1.12
2016.09.27 16:42:06.435,1.32335,1.32345,3.37,1.12
2016.09.27 16:42:07.025,1.32335,1.32345,4.12,1.12
2016.09.27 16:42:07.229,1.32335,1.32345,3.37,1.12
2016.09.27 16:42:07.331,1.32335,1.32345,4.12,1.12
2016.09.27 16:42:07.514,1.32335,1.32345,3.37,1.12
2016.09.27 16:42:07.801,1.32335,1.32345,4.12,1.12
2016.09.27 16:42:08.020,1.32335,1.32345,3.37,1.30
2016.09.27 16:42:08.071,1.32335,1.32345,3.37,1.72
2016.09.27 16:42:08.122,1.32335,1.32344,3.37,1.00
2016.09.27 16:42:08.173,1.32335,1.32344,3.37,2.10
2016.09.27 16:42:08.224,1.32335,1.32343,3.37,1.00
2016.09.27 16:42:08.275,1.32335,1.32342,1.00,1.00
2016.09.27 16:42:08.326,1.32332,1.32338,3.37,1.00
2016.09.27 16:42:08.377,1.32332,1.32339,2.62,1.87
2016.09.27 16:42:08.429,1.32332,1.32338,2.62,1.00
2016.09.27 16:42:08.551,1.3233,1.32339,1.00,1.00
2016.09.27 16:42:08.653,1.3233,1.32341,4.12,3.37
2016.09.27 16:42:08.704,1.3233,1.32341,4.87,2.62
2016.09.27 16:42:08.755,1.32333,1.32341,1.00,2.25
2016.09.27 16:42:09.171,1.32333,1.32341,1.00,1.50
2016.09.27 16:42:09.273,1.32331,1.32341,1.50,1.87
2016.09.27 16:42:09.374,1.32331,1.32341,1.50,1.37
2016.09.27 16:42:10.425,1.32332,1.32341,1.37,1.37
2016.09.27 16:42:10.476,1.32332,1.32341,1.87,1.37
2016.09.27 16:42:10.628,1.32332,1.32341,2.62,1.37
2016.09.27 16:42:11.091,1.32332,1.32341,1.87,1.37
2016.09.27 16:42:11.193,1.32332,1.32341,2.62,1.37
2016.09.27 16:42:12.192,1.32332,1.32341,1.87,1.37
2016.09.27 16:42:13.495,1.32332,1.32342,1.54,4.87
2016.09.27 16:42:13.548,1.32335,1.32342,2.25,3.37
2016.09.27 16:42:13.668,1.32337,1.32342,3.00,2.62
2016.09.27 16:42:13.720,1.32338,1.32345,2.62,1.00
2016.09.27 16:42:13.832,1.32337,1.32345,2.25,1.00
2016.09.27 16:42:13.883,1.32336,1.32345,1.50,1.00
2016.09.27 16:42:14.087,1.32336,1.32345,2.10,1.00
2016.09.27 16:42:14.138,1.32336,1.32346,2.10,1.12
2016.09.27 16:42:14.190,1.32338,1.32347,1.00,3.00
2016.09.27 16:42:14.241,1.32338,1.32347,1.00,1.50
2016.09.27 16:42:14.292,1.32338,1.32347,1.50,1.50
2016.09.27 16:42:14.367,1.32338,1.32347,3.37,1.12
2016.09.27 16:42:14.419,1.32339,1.32349,2.25,1.87
2016.09.27 16:42:14.470,1.32339,1.32349,2.25,1.12
2016.09.27 16:42:14.521,1.32339,1.32349,3.00,1.87
2016.09.27 16:42:14.623,1.32339,1.32349,3.75,1.87
2016.09.27 16:42:14.674,1.32339,1.32349,5.62,1.87
2016.09.27 16:42:14.725,1.3234,1.32349,1.75,1.87
2016.09.27 16:42:14.827,1.3234,1.32351,1.75,3.00
2016.09.27 16:42:14.929,1.3234,1.32351,3.00,3.75
2016.09.27 16:42:15.031,1.3234,1.32351,1.75,3.00
2016.09.27 16:42:15.082,1.32341,1.32351,1.50,3.00
2016.09.27 16:42:15.383,1.32341,1.32351,1.50,1.12
2016.09.27 16:42:15.601,1.32341,1.3235,1.50,1.00
2016.09.27 16:42:16.404,1.32341,1.3235,2.25,1.00
2016.09.27 16:42:16.913,1.32341,1.32351,2.25,1.87
2016.09.27 16:42:17.017,1.32344,1.32352,2.81,2.62
2016.09.27 16:42:17.068,1.32345,1.32354,1.19,1.87
2016.09.27 16:42:17.120,1.32345,1.32354,1.12,1.12
2016.09.27 16:42:17.237,1.32345,1.32354,3.37,1.00
2016.09.27 16:42:17.339,1.32345,1.32354,2.62,1.12
2016.09.27 16:42:17.390,1.32345,1.32354,1.00,1.50
2016.09.27 16:42:17.441,1.32345,1.32354,2.62,1.50
2016.09.27 16:42:17.543,1.32345,1.32354,2.06,1.12
2016.09.27 16:42:17.594,1.32347,1.32354,1.00,1.00
2016.09.27 16:42:17.747,1.32344,1.32354,6.19,1.12
2016.09.27 16:42:17.798,1.32345,1.32354,1.69,1.50
2016.09.27 16:42:18.307,1.32345,1.32354,2.25,1.50
2016.09.27 16:42:18.358,1.32347,1.32356,1.50,1.87
2016.09.27 16:42:18.486,1.32348,1.32358,2.25,1.87
2016.09.27 16:42:18.537,1.32349,1.32359,1.00,1.87
2016.09.27 16:42:18.588,1.32348,1.32359,5.25,1.87
2016.09.27 16:42:18.639,1.32348,1.32359,7.31,2.62
2016.09.27 16:42:18.690,1.32348,1.32359,7.31,2.25
2016.09.27 16:42:18.742,1.3235,1.3236,1.50,1.50
2016.09.27 16:42:18.794,1.32351,1.3236,3.75,1.12
2016.09.27 16:42:18.845,1.32354,1.32362,1.00,2.25
2016.09.27 16:42:18.897,1.32354,1.32363,1.00,2.25
2016.09.27 16:42:18.948,1.32358,1.32364,1.00,3.37
2016.09.27 16:42:18.999,1.3236,1.32364,1.61,1.00
2016.09.27 16:42:19.109,1.3236,1.32366,1.50,2.62
2016.09.27 16:42:19.161,1.32361,1.32368,1.00,1.50
2016.09.27 16:42:19.213,1.32361,1.3237,1.00,1.00
2016.09.27 16:42:19.265,1.3236,1.32371,1.75,3.75
2016.09.27 16:42:19.316,1.3236,1.32371,1.75,4.12
2016.09.27 16:42:19.368,1.3236,1.32371,1.75,4.50
2016.09.27 16:42:19.419,1.3236,1.32371,1.75,4.12
2016.09.27 16:42:19.571,1.3236,1.32371,1.75,3.75
2016.09.27 16:42:19.623,1.3236,1.32371,3.00,4.12
2016.09.27 16:42:19.674,1.3236,1.32369,3.00,1.00
2016.09.27 16:42:19.850,1.3236,1.32371,3.00,3.37
2016.09.27 16:42:19.953,1.3236,1.32371,2.62,3.75
2016.09.27 16:42:20.005,1.3236,1.3237,2.62,2.62
2016.09.27 16:42:20.056,1.3236,1.32371,3.00,3.00
2016.09.27 16:42:20.159,1.3236,1.32371,2.25,2.25
2016.09.27 16:42:20.313,1.3236,1.32371,3.00,3.00
2016.09.27 16:42:20.467,1.32361,1.3237,1.00,1.00
2016.09.27 16:42:21.002,1.32361,1.3237,1.00,1.50
2016.09.27 16:42:21.104,1.32361,1.3237,1.00,1.12
2016.09.27 16:42:21.511,1.32362,1.3237,1.00,1.00
2016.09.27 16:42:21.563,1.32362,1.32373,1.50,3.37
2016.09.27 16:42:21.615,1.32362,1.32373,1.50,2.62
2016.09.27 16:42:21.666,1.32362,1.32373,1.75,2.62
2016.09.27 16:42:21.718,1.32362,1.32372,1.75,1.37
2016.09.27 16:42:21.770,1.32362,1.32372,1.37,4.12
2016.09.27 16:42:21.924,1.32362,1.32372,1.37,4.87
2016.09.27 16:42:21.975,1.32361,1.32371,1.50,1.87
2016.09.27 16:42:22.031,1.32361,1.3237,1.50,1.00
2016.09.27 16:42:22.082,1.32361,1.3237,1.50,1.50
2016.09.27 16:42:22.294,1.3236,1.32371,4.87,3.37
2016.09.27 16:42:22.345,1.3236,1.32369,4.87,1.00
2016.09.27 16:42:22.652,1.32361,1.32365,1.00,1.00
2016.09.27 16:42:22.704,1.32358,1.32362,6.75,1.00
2016.09.27 16:42:22.755,1.32359,1.32363,1.87,3.00
2016.09.27 16:42:22.807,1.32354,1.3236,1.00,1.00
2016.09.27 16:42:22.859,1.32352,1.3236,1.75,1.00
2016.09.27 16:42:22.910,1.32353,1.3236,1.00,1.12
2016.09.27 16:42:23.084,1.32353,1.3236,1.00,1.50
2016.09.27 16:42:23.136,1.32353,1.3236,1.00,1.12
2016.09.27 16:42:23.187,1.32353,1.3236,1.00,1.00
2016.09.27 16:42:24.457,1.32351,1.3236,1.87,1.00
2016.09.27 16:42:24.509,1.32351,1.3236,1.87,1.12
2016.09.27 16:42:24.967,1.32351,1.32361,1.87,1.37
2016.09.27 16:42:25.018,1.32352,1.32361,2.06,1.37
2016.09.27 16:42:25.069,1.32353,1.32362,1.25,1.37
2016.09.27 16:42:25.120,1.32353,1.32362,1.00,1.50
2016.09.27 16:42:25.222,1.32353,1.32362,1.00,1.87
2016.09.27 16:42:25.788,1.32353,1.32362,1.00,1.37
2016.09.27 16:42:25.863,1.32353,1.32362,1.00,1.00
2016.09.27 16:42:26.118,1.32353,1.32362,1.56,1.00
2016.09.27 16:42:26.204,1.32354,1.32362,1.31,1.00
2016.09.27 16:42:26.307,1.32354,1.32362,2.06,1.00
2016.09.27 16:42:26.358,1.32354,1.32364,3.94,3.37
2016.09.27 16:42:26.409,1.32355,1.32364,1.25,2.25
2016.09.27 16:42:26.487,1.32355,1.32364,1.00,2.25
2016.09.27 16:42:26.590,1.32355,1.32362,1.00,1.00
2016.09.27 16:42:26.693,1.32354,1.32362,2.25,1.50
2016.09.27 16:42:26.744,1.32354,1.32362,1.50,1.87
2016.09.27 16:42:26.846,1.32354,1.32362,1.00,1.87
2016.09.27 16:42:26.897,1.32354,1.32362,1.37,1.00
2016.09.27 16:42:26.948,1.32354,1.32363,1.37,1.37
2016.09.27 16:42:27.125,1.32354,1.32362,1.37,1.00
2016.09.27 16:42:27.227,1.32353,1.32362,3.00,1.00
2016.09.27 16:42:27.868,1.32353,1.32364,3.00,4.87
2016.09.27 16:42:28.224,1.32353,1.32362,2.25,1.00
2016.09.27 16:42:28.529,1.32353,1.32364,2.25,4.87
2016.09.27 16:42:28.707,1.32353,1.32362,2.25,1.00
2016.09.27 16:42:28.927,1.32353,1.32364,2.25,4.87
2016.09.27 16:42:29.152,1.32353,1.32362,2.25,1.00
2016.09.27 16:42:29.810,1.32353,1.32364,2.25,4.87
2016.09.27 16:42:29.861,1.32353,1.32364,3.37,6.37
2016.09.27 16:42:30.217,1.32353,1.32362,3.37,1.00
2016.09.27 16:42:30.422,1.32353,1.32364,3.37,6.37
2016.09.27 16:42:30.865,1.32353,1.32364,3.37,5.62
2016.09.27 16:42:30.916,1.32353,1.32362,3.37,1.00
2016.09.27 16:42:31.119,1.32353,1.32364,3.00,4.87
2016.09.27 16:42:31.221,1.32355,1.32364,1.31,4.12
2016.09.27 16:42:31.272,1.32355,1.32364,1.31,3.00
2016.09.27 16:42:31.323,1.32356,1.32365,1.15,2.62
2016.09.27 16:42:31.375,1.32356,1.32365,1.24,2.25
2016.09.27 16:42:31.426,1.32356,1.32366,2.17,1.87
2016.09.27 16:42:31.667,1.32356,1.32366,1.37,1.12
2016.09.27 16:42:31.820,1.32356,1.32366,1.99,2.06
2016.09.27 16:42:32.125,1.32356,1.32367,2.25,3.00
2016.09.27 16:42:32.177,1.3236,1.32367,1.00,2.25
2016.09.27 16:42:32.229,1.32361,1.32367,1.25,1.50
2016.09.27 16:42:32.280,1.32361,1.32367,1.69,1.37
2016.09.27 16:42:32.331,1.32361,1.32367,1.50,1.12
2016.09.27 16:42:32.448,1.32362,1.32367,1.00,1.50
2016.09.27 16:42:32.501,1.32362,1.32368,1.00,3.37
2016.09.27 16:42:32.653,1.32362,1.32368,1.50,3.37
2016.09.27 16:42:32.806,1.32362,1.32368,1.50,1.12
2016.09.27 16:42:33.387,1.32362,1.32367,1.00,1.00
2016.09.27 16:42:33.642,1.3236,1.32367,1.50,1.00
2016.09.27 16:42:33.744,1.32361,1.32367,1.00,1.00
2016.09.27 16:42:33.795,1.32361,1.32367,1.00,1.50
2016.09.27 16:42:33.846,1.3236,1.32367,1.50,1.50
2016.09.27 16:42:34.278,1.32361,1.32367,1.00,1.50
2016.09.27 16:42:34.330,1.3236,1.32367,1.50,1.50
2016.09.27 16:42:34.534,1.32361,1.32367,1.00,1.50
2016.09.27 16:42:34.585,1.32361,1.32365,1.00,1.00
2016.09.27 16:42:34.688,1.32357,1.32364,4.12,1.00
2016.09.27 16:42:34.739,1.32357,1.32362,3.37,1.50
2016.09.27 16:42:34.790,1.32354,1.32362,1.87,1.87
2016.09.27 16:42:34.841,1.32355,1.32362,1.12,1.87
2016.09.27 16:42:34.892,1.32355,1.32362,1.00,2.25
2016.09.27 16:42:34.943,1.32354,1.32362,1.50,2.25
2016.09.27 16:42:35.219,1.32354,1.32362,1.50,1.87
2016.09.27 16:42:36.028,1.32354,1.32362,1.50,2.25
2016.09.27 16:42:36.507,1.32354,1.3236,1.50,1.00
2016.09.27 16:42:36.659,1.32354,1.32361,1.50,1.12
2016.09.27 16:42:38.868,1.32355,1.32361,1.00,1.12
2016.09.27 16:42:39.940,1.32355,1.32361,1.50,1.12
2016.09.27 16:42:41.135,1.32355,1.32361,1.00,1.12
2016.09.27 16:42:41.733,1.32355,1.32361,1.50,1.12
2016.09.27 16:42:41.784,1.32355,1.32361,1.50,1.50
2016.09.27 16:42:41.835,1.32355,1.32361,1.50,3.75
2016.09.27 16:42:41.937,1.32355,1.32361,1.50,1.87
2016.09.27 16:42:42.759,1.32353,1.32361,1.50,1.87
2016.09.27 16:42:42.861,1.32354,1.32361,1.00,2.25
2016.09.27 16:42:43.237,1.32354,1.32361,1.00,1.87
2016.09.27 16:42:43.339,1.32354,1.32361,1.00,2.25
2016.09.27 16:42:43.542,1.32354,1.32361,1.00,1.87
2016.09.27 16:42:43.644,1.32353,1.32361,1.50,1.87
2016.09.27 16:42:44.050,1.32353,1.32361,1.50,2.25
2016.09.27 16:42:44.547,1.32353,1.32361,1.50,1.87
2016.09.27 16:42:44.844,1.32354,1.32361,1.00,1.87
2016.09.27 16:42:44.946,1.32354,1.32361,1.00,3.75
2016.09.27 16:42:44.997,1.32354,1.32361,1.00,4.12
2016.09.27 16:42:45.996,1.32354,1.3236,1.00,1.37
2016.09.27 16:42:46.149,1.32354,1.3236,1.00,1.87
2016.09.27 16:42:46.251,1.32353,1.3236,1.00,1.50
2016.09.27 16:42:48.158,1.32352,1.3236,1.87,1.50
2016.09.27 16:42:49.234,1.32352,1.3236,1.87,2.62
2016.09.27 16:42:49.285,1.32352,1.3236,1.12,2.62
2016.09.27 16:42:49.614,1.32351,1.3236,3.00,2.62
2016.09.27 16:42:50.127,1.32352,1.3236,1.12,2.62
2016.09.27 16:42:50.852,1.32352,1.3236,1.87,2.62
2016.09.27 16:42:51.763,1.32352,1.3236,1.12,2.62
2016.09.27 16:42:52.019,1.32352,1.3236,1.12,1.87
2016.09.27 16:42:52.273,1.32352,1.3236,1.87,1.87
2016.09.27 16:42:52.477,1.32352,1.3236,1.12,1.87
2016.09.27 16:42:53.369,1.32352,1.3236,1.12,3.37
2016.09.27 16:42:53.420,1.32352,1.3236,1.12,3.75
2016.09.27 16:42:54.421,1.32352,1.3236,1.00,3.75
2016.09.27 16:42:54.524,1.32352,1.32359,1.00,1.37
2016.09.27 16:42:54.576,1.32352,1.32359,1.00,1.12
2016.09.27 16:42:54.882,1.32352,1.32359,1.50,1.12
2016.09.27 16:42:56.704,1.32352,1.32359,1.50,1.00
2016.09.27 16:42:56.755,1.32352,1.32359,1.00,1.00
2016.09.27 16:42:58.581,1.32352,1.32359,1.50,1.00
2016.09.27 16:42:58.662,1.32352,1.32359,1.00,1.00
2016.09.27 16:42:58.713,1.32352,1.32359,1.00,1.37
2016.09.27 16:42:58.764,1.32352,1.32359,1.50,1.37
2016.09.27 16:42:58.967,1.32352,1.32359,1.00,1.37
2016.09.27 16:42:59.963,1.32352,1.32359,1.50,1.37
2016.09.27 16:43:00.065,1.32352,1.32359,1.00,1.37
2016.09.27 16:43:00.116,1.32352,1.32359,1.00,1.12
2016.09.27 16:43:00.167,1.32352,1.32359,1.37,1.00
2016.09.27 16:43:00.218,1.32352,1.3236,1.37,1.37
2016.09.27 16:43:00.583,1.32352,1.3236,1.87,1.37
2016.09.27 16:43:00.762,1.32352,1.3236,1.37,1.37
2016.09.27 16:43:00.966,1.32352,1.3236,1.87,1.37
2016.09.27 16:43:01.659,1.32352,1.3236,1.37,1.37
2016.09.27 16:43:01.974,1.32352,1.3236,1.87,1.37
2016.09.27 16:43:02.179,1.32352,1.3236,1.37,1.37
2016.09.27 16:43:02.271,1.32352,1.3236,1.87,1.37
2016.09.27 16:43:02.516,1.32352,1.3236,1.37,1.37
2016.09.27 16:43:03.339,1.32352,1.3236,1.87,1.37
2016.09.27 16:43:04.029,1.32352,1.3236,1.37,1.37
2016.09.27 16:43:04.080,1.32352,1.3236,1.00,1.37
2016.09.27 16:43:04.131,1.32352,1.3236,1.00,1.50
2016.09.27 16:43:04.743,1.32352,1.32359,1.50,1.12
2016.09.27 16:43:04.845,1.32352,1.32359,1.00,1.12
2016.09.27 16:43:04.947,1.32352,1.32359,1.50,1.12
2016.09.27 16:43:05.392,1.32351,1.3236,1.50,1.12
2016.09.27 16:43:05.443,1.32351,1.3236,1.50,1.00
2016.09.27 16:43:05.494,1.32352,1.3236,1.00,1.12
2016.09.27 16:43:05.545,1.32352,1.3236,2.62,1.00
2016.09.27 16:43:05.596,1.32352,1.32362,2.62,3.37
2016.09.27 16:43:05.647,1.32352,1.32361,3.11,1.00
2016.09.27 16:43:05.749,1.32352,1.32361,3.00,1.00
2016.09.27 16:43:06.935,1.32353,1.32361,1.00,1.00
2016.09.27 16:43:07.431,1.32352,1.32361,3.00,1.00
2016.09.27 16:43:07.533,1.32352,1.3236,1.50,1.00
2016.09.27 16:43:07.584,1.32352,1.32361,1.12,4.50
2016.09.27 16:43:07.635,1.32352,1.3236,1.00,1.37
2016.09.27 16:43:09.611,1.32352,1.32359,1.00,1.19
2016.09.27 16:43:09.662,1.32351,1.32359,1.00,2.44
2016.09.27 16:43:09.764,1.3235,1.32359,3.37,2.06
2016.09.27 16:43:10.069,1.3235,1.32359,3.37,1.87
2016.09.27 16:43:10.729,1.3235,1.32358,2.62,1.00
2016.09.27 16:43:10.780,1.3235,1.32358,1.87,1.00
2016.09.27 16:43:10.901,1.3235,1.32358,1.12,1.00
2016.09.27 16:43:10.989,1.3235,1.32358,1.12,1.04
2016.09.27 16:43:11.040,1.32349,1.32355,1.50,1.25
2016.09.27 16:43:11.091,1.32349,1.32353,1.00,1.00
2016.09.27 16:43:11.142,1.32346,1.32353,3.37,1.00
2016.09.27 16:43:11.244,1.32344,1.32353,3.00,1.50
2016.09.27 16:43:11.448,1.32344,1.32353,2.25,1.87
2016.09.27 16:43:11.499,1.32344,1.32352,2.25,1.00
2016.09.27 16:43:11.551,1.32344,1.32352,1.87,1.12
2016.09.27 16:43:11.602,1.32344,1.32353,1.87,1.87
2016.09.27 16:43:11.653,1.32344,1.32352,1.50,2.62
2016.09.27 16:43:11.704,1.32344,1.32352,1.50,3.37
2016.09.27 16:43:11.830,1.32344,1.32352,1.50,1.00
2016.09.27 16:43:11.932,1.32344,1.32352,2.25,1.00
2016.09.27 16:43:12.076,1.32344,1.32352,1.50,1.00
2016.09.27 16:43:12.533,1.32344,1.32352,2.25,1.00
2016.09.27 16:43:12.585,1.32344,1.32353,2.62,1.87
2016.09.27 16:43:12.636,1.32344,1.32353,3.00,1.50
2016.09.27 16:43:12.846,1.32345,1.32353,1.12,1.00
2016.09.27 16:43:12.949,1.32345,1.32353,1.00,1.12
2016.09.27 16:43:13.240,1.32344,1.32353,2.62,1.12
2016.09.27 16:43:13.444,1.32344,1.32348,1.12,1.50
2016.09.27 16:43:13.496,1.32344,1.32348,1.00,2.25
2016.09.27 16:43:13.547,1.3234,1.32347,1.00,1.12
2016.09.27 16:43:13.599,1.3234,1.32345,1.00,1.00
2016.09.27 16:43:13.650,1.32339,1.32345,1.37,1.00
2016.09.27 16:43:13.753,1.32338,1.32347,2.62,1.37
2016.09.27 16:43:13.855,1.32339,1.32347,1.00,1.00
2016.09.27 16:43:14.162,1.32339,1.32347,1.50,1.00
2016.09.27 16:43:14.278,1.32339,1.32345,1.00,1.00
2016.09.27 16:43:14.329,1.32337,1.32345,1.75,1.00
2016.09.27 16:43:14.482,1.32338,1.32345,1.00,1.12
2016.09.27 16:43:14.533,1.32336,1.32345,2.25,1.12
2016.09.27 16:43:14.584,1.32337,1.32345,1.37,1.12
2016.09.27 16:43:14.635,1.32336,1.32345,2.25,1.12
2016.09.27 16:43:14.737,1.32336,1.32345,2.25,1.87
2016.09.27 16:43:14.789,1.32336,1.32345,1.87,1.87
2016.09.27 16:43:14.841,1.32337,1.32345,1.00,2.25
2016.09.27 16:43:15.062,1.32336,1.32345,1.50,2.25
2016.09.27 16:43:15.369,1.32337,1.32345,1.37,2.25
2016.09.27 16:43:15.443,1.32337,1.32345,1.37,1.87
2016.09.27 16:43:15.545,1.32336,1.32345,2.25,1.12
2016.09.27 16:43:15.647,1.32337,1.32345,1.37,1.12
2016.09.27 16:43:17.408,1.32339,1.32346,1.00,1.87
2016.09.27 16:43:17.459,1.32339,1.32348,1.87,1.00
2016.09.27 16:43:17.561,1.3234,1.32349,1.50,1.12
2016.09.27 16:43:17.663,1.3234,1.32349,1.50,1.50
2016.09.27 16:43:18.880,1.3234,1.32349,2.25,1.50
2016.09.27 16:43:18.932,1.3234,1.32349,2.25,1.12
2016.09.27 16:43:18.984,1.3234,1.32349,1.50,1.12
2016.09.27 16:43:19.930,1.3234,1.32349,2.25,1.12
2016.09.27 16:43:19.981,1.3234,1.32349,1.50,1.12
2016.09.27 16:43:20.083,1.32341,1.32349,1.87,1.69
2016.09.27 16:43:20.135,1.32341,1.32349,1.87,2.06
2016.09.27 16:43:20.237,1.32341,1.32349,1.87,2.81
2016.09.27 16:43:20.288,1.3234,1.32349,1.00,2.81
2016.09.27 16:43:20.346,1.3234,1.32349,1.00,3.19
2016.09.27 16:43:20.551,1.3234,1.32349,1.00,3.19
2016.09.27 16:43:20.653,1.3234,1.32348,1.00,1.12
2016.09.27 16:43:20.991,1.3234,1.32345,1.00,1.00
2016.09.27 16:43:21.043,1.32337,1.32344,4.12,1.00
2016.09.27 16:43:21.095,1.32337,1.32344,2.25,1.00
2016.09.27 16:43:21.148,1.32337,1.32345,2.25,1.50
2016.09.27 16:43:21.200,1.32337,1.32345,1.87,1.87
2016.09.27 16:43:21.252,1.32337,1.32345,1.50,1.50
2016.09.27 16:43:21.304,1.32337,1.32345,1.87,1.12
2016.09.27 16:43:21.355,1.32337,1.32345,1.12,1.00
2016.09.27 16:43:21.660,1.32337,1.32345,1.87,1.00
2016.09.27 16:43:21.711,1.32337,1.32347,1.87,1.50
2016.09.27 16:43:21.762,1.32339,1.32347,1.00,1.50
2016.09.27 16:43:21.864,1.32338,1.32347,2.25,1.50
2016.09.27 16:43:22.152,1.32339,1.32346,1.50,1.00
2016.09.27 16:43:22.559,1.32338,1.32346,2.25,1.00
2016.09.27 16:43:22.864,1.32339,1.32346,1.50,1.00
2016.09.27 16:43:22.966,1.32338,1.32346,1.75,1.00
2016.09.27 16:43:25.262,1.32337,1.32346,5.62,1.00
2016.09.27 16:43:25.343,1.32337,1.32346,5.25,1.00
2016.09.27 16:43:25.445,1.32337,1.32346,5.62,1.00
2016.09.27 16:43:25.562,1.32337,1.32346,5.25,1.00
2016.09.27 16:43:26.071,1.32337,1.32346,5.62,1.00
2016.09.27 16:43:26.174,1.32337,1.32346,5.25,1.00
2016.09.27 16:43:26.545,1.32337,1.32346,5.62,1.00
2016.09.27 16:43:26.647,1.32337,1.32346,5.25,1.00
2016.09.27 16:43:26.764,1.32337,1.32346,5.62,1.00
2016.09.27 16:43:27.324,1.32337,1.32346,6.37,1.00
2016.09.27 16:43:27.375,1.32339,1.32349,1.37,4.12
2016.09.27 16:43:27.539,1.3234,1.32349,2.25,3.37
2016.09.27 16:43:27.590,1.3234,1.3235,1.50,4.12
2016.09.27 16:43:27.996,1.32341,1.3235,1.00,4.12
2016.09.27 16:43:28.047,1.32341,1.3235,1.00,3.75
2016.09.27 16:43:28.099,1.3234,1.3235,2.62,1.87
2016.09.27 16:43:28.620,1.32341,1.3235,1.50,1.87
2016.09.27 16:43:28.671,1.32341,1.3235,2.62,1.87
2016.09.27 16:43:28.773,1.32341,1.32349,2.25,1.00
2016.09.27 16:43:28.976,1.32341,1.32348,1.00,1.50
2016.09.27 16:43:29.078,1.3234,1.32348,1.00,1.00
2016.09.27 16:43:29.383,1.3234,1.32348,1.00,1.50
2016.09.27 16:43:29.633,1.3234,1.32348,1.00,1.00
2016.09.27 16:43:29.684,1.3234,1.32349,1.00,3.00
2016.09.27 16:43:30.074,1.3234,1.32348,1.37,1.00
2016.09.27 16:43:30.126,1.3234,1.32348,1.12,1.00
2016.09.27 16:43:30.177,1.32342,1.3235,1.62,1.00
2016.09.27 16:43:30.228,1.32343,1.3235,1.12,1.00
2016.09.27 16:43:30.337,1.32343,1.3235,2.25,1.00
2016.09.27 16:43:30.490,1.32343,1.3235,2.44,1.50
2016.09.27 16:43:30.669,1.32343,1.3235,2.25,1.00
2016.09.27 16:43:30.981,1.32345,1.3235,1.00,1.50
2016.09.27 16:43:31.568,1.32345,1.32351,1.00,1.50
2016.09.27 16:43:32.489,1.32345,1.32351,1.00,1.00
2016.09.27 16:43:32.592,1.32345,1.32354,1.00,1.97
2016.09.27 16:43:34.284,1.32345,1.32354,1.00,1.50
2016.09.27 16:43:34.924,1.32345,1.32354,1.00,1.00
2016.09.27 16:43:34.978,1.32347,1.32354,1.00,1.00
2016.09.27 16:43:35.081,1.32347,1.32353,1.00,1.00
2016.09.27 16:43:35.134,1.32347,1.32354,1.12,1.00
2016.09.27 16:43:35.186,1.32346,1.32354,1.75,1.12
2016.09.27 16:43:35.287,1.32346,1.32353,1.75,1.00
2016.09.27 16:43:35.387,1.32344,1.32353,1.50,2.72
2016.09.27 16:43:37.264,1.32344,1.32353,1.50,2.25
2016.09.27 16:43:38.401,1.32344,1.32353,1.50,2.62
2016.09.27 16:43:38.503,1.32344,1.32353,1.12,4.50
2016.09.27 16:43:38.606,1.32344,1.32353,1.50,2.62
2016.09.27 16:43:39.475,1.32344,1.32353,1.50,3.09
2016.09.27 16:43:39.628,1.32344,1.32352,1.50,1.00
2016.09.27 16:43:40.778,1.32344,1.32353,1.50,1.00
2016.09.27 16:43:41.032,1.32344,1.32352,1.50,1.00
2016.09.27 16:43:44.981,1.32344,1.32352,1.37,1.00
2016.09.27 16:43:45.032,1.32344,1.32352,1.37,1.12
2016.09.27 16:43:45.444,1.32344,1.32354,1.37,3.75
2016.09.27 16:43:45.495,1.32346,1.32354,1.56,3.00
2016.09.27 16:43:45.546,1.32346,1.32354,1.56,2.62
2016.09.27 16:43:45.597,1.32346,1.32354,2.44,2.25
2016.09.27 16:43:45.648,1.32346,1.32355,3.56,1.00
2016.09.27 16:43:45.699,1.32349,1.32357,1.00,3.00
2016.09.27 16:43:45.750,1.32349,1.32357,1.00,1.12
2016.09.27 16:43:45.801,1.32349,1.32358,1.37,2.62
2016.09.27 16:43:45.852,1.32349,1.32357,1.75,1.00
2016.09.27 16:43:45.903,1.32349,1.32357,1.37,1.00
2016.09.27 16:43:46.010,1.32349,1.32357,1.12,1.00
2016.09.27 16:43:46.480,1.32349,1.32357,1.50,1.00
2016.09.27 16:43:46.932,1.32349,1.32357,1.50,1.12
2016.09.27 16:43:47.026,1.32349,1.32357,3.37,1.00
2016.09.27 16:43:47.078,1.32349,1.32358,3.37,2.72
2016.09.27 16:43:47.130,1.32349,1.32358,3.37,3.47
2016.09.27 16:43:47.233,1.32349,1.32358,1.50,3.47
2016.09.27 16:43:47.819,1.32349,1.32358,1.50,2.72
2016.09.27 16:43:48.131,1.32349,1.32357,1.50,1.00
2016.09.27 16:43:49.689,1.32349,1.32358,1.50,2.72
2016.09.27 16:43:49.790,1.32349,1.32358,1.50,3.09
2016.09.27 16:43:49.842,1.32349,1.32358,1.50,3.47
2016.09.27 16:43:50.198,1.32349,1.32357,1.50,1.00
2016.09.27 16:43:53.348,1.3235,1.32357,1.00,1.00
2016.09.27 16:43:53.636,1.3235,1.32356,1.00,1.50
2016.09.27 16:43:53.687,1.3235,1.32356,1.00,1.97
2016.09.27 16:43:53.740,1.32349,1.32353,1.00,1.00
2016.09.27 16:43:53.791,1.32347,1.32353,2.62,1.00
2016.09.27 16:43:53.842,1.32346,1.32353,1.75,1.00
2016.09.27 16:43:53.893,1.32346,1.32353,1.50,1.00
2016.09.27 16:43:53.995,1.32346,1.32353,1.37,1.00
2016.09.27 16:43:54.046,1.32346,1.32353,1.00,1.12
2016.09.27 16:43:54.455,1.32346,1.32353,1.00,1.00
2016.09.27 16:43:54.700,1.32343,1.32353,1.75,1.00
2016.09.27 16:43:55.465,1.32343,1.32353,1.87,1.00
2016.09.27 16:43:55.516,1.32343,1.32353,1.87,1.22
2016.09.27 16:43:57.467,1.32343,1.32354,1.87,2.34
2016.09.27 16:43:57.518,1.32343,1.32354,2.62,3.09
2016.09.27 16:43:58.331,1.32343,1.32354,1.87,2.34
2016.09.27 16:43:58.898,1.32343,1.32354,2.62,3.09
2016.09.27 16:43:59.133,1.32343,1.32354,2.62,2.34
2016.09.27 16:43:59.337,1.32343,1.32354,2.62,2.34
2016.09.27 16:43:59.388,1.32343,1.32354,2.25,2.34
2016.09.27 16:43:59.490,1.32343,1.32354,2.62,2.34
2016.09.27 16:43:59.541,1.32343,1.32354,2.25,3.09
2016.09.27 16:43:59.921,1.32343,1.32354,1.75,2.34
2016.09.27 16:44:00.022,1.32343,1.32354,2.25,3.09
2016.09.27 16:44:01.829,1.32343,1.32354,2.25,2.34
2016.09.27 16:44:01.880,1.32343,1.32354,2.62,2.34
2016.09.27 16:44:01.931,1.32345,1.32354,1.12,1.12
2016.09.27 16:44:02.109,1.32351,1.32358,1.00,2.25
2016.09.27 16:44:02.162,1.32351,1.32359,1.00,1.12
2016.09.27 16:44:02.213,1.32351,1.32359,1.37,1.12
2016.09.27 16:44:02.264,1.32351,1.3236,1.75,3.84
2016.09.27 16:44:02.316,1.32351,1.3236,1.75,3.09
2016.09.27 16:44:02.418,1.32351,1.32359,1.75,1.97
2016.09.27 16:44:02.622,1.32351,1.32359,1.75,1.00
2016.09.27 16:44:03.008,1.32351,1.32359,1.75,1.50
2016.09.27 16:44:03.110,1.32351,1.32359,1.37,1.00
2016.09.27 16:44:03.163,1.32351,1.32359,1.00,1.12
2016.09.27 16:44:03.214,1.32351,1.32359,1.00,2.62
2016.09.27 16:44:03.688,1.32351,1.32359,1.00,1.87
2016.09.27 16:44:03.739,1.32352,1.32359,1.00,1.12
2016.09.27 16:44:04.999,1.32352,1.3236,1.00,2.25
2016.09.27 16:44:06.438,1.32352,1.32361,1.00,5.62
2016.09.27 16:44:06.489,1.32352,1.32361,1.00,4.12
2016.09.27 16:44:06.540,1.32352,1.32361,1.87,2.62
2016.09.27 16:44:06.591,1.32352,1.32361,2.62,1.00
2016.09.27 16:44:06.643,1.32353,1.32362,1.12,1.87
2016.09.27 16:44:06.695,1.32353,1.32362,1.50,1.87
2016.09.27 16:44:11.122,1.32353,1.32362,1.50,1.12
2016.09.27 16:44:11.325,1.32353,1.32362,1.37,1.50
2016.09.27 16:44:11.376,1.32353,1.32362,1.12,3.37
2016.09.27 16:44:11.633,1.32353,1.32362,1.12,4.12
2016.09.27 16:44:12.248,1.32353,1.32362,1.12,3.37
2016.09.27 16:44:12.299,1.32353,1.32362,1.12,4.12
2016.09.27 16:44:12.350,1.32353,1.32362,1.12,4.50
2016.09.27 16:44:12.401,1.32353,1.32362,1.12,1.12
2016.09.27 16:44:12.452,1.32353,1.32363,1.87,2.25
2016.09.27 16:44:12.554,1.32353,1.32363,1.50,1.87
2016.09.27 16:44:12.605,1.32353,1.32363,3.37,1.87
2016.09.27 16:44:12.656,1.32353,1.32363,3.56,2.62
2016.09.27 16:44:12.759,1.32353,1.32363,3.56,3.00
2016.09.27 16:44:12.810,1.32353,1.32362,1.69,1.00
2016.09.27 16:44:12.861,1.32353,1.32362,1.50,1.00
2016.09.27 16:44:15.113,1.32353,1.32362,1.50,1.50
2016.09.27 16:44:15.165,1.32353,1.32361,1.50,1.00
2016.09.27 16:44:15.267,1.32353,1.32361,1.12,1.37
2016.09.27 16:44:15.342,1.32353,1.32361,1.00,3.00
2016.09.27 16:44:15.393,1.32353,1.32361,1.12,1.00
2016.09.27 16:44:15.444,1.32351,1.3236,1.50,1.87
2016.09.27 16:44:15.496,1.32351,1.3236,1.50,2.25
2016.09.27 16:44:15.547,1.32351,1.3236,1.50,1.50
2016.09.27 16:44:15.649,1.32351,1.3236,1.50,2.25
2016.09.27 16:44:16.530,1.32351,1.3236,1.50,1.50
2016.09.27 16:44:16.632,1.32351,1.3236,1.50,2.25
2016.09.27 16:44:17.156,1.32351,1.3236,1.50,1.50
2016.09.27 16:44:17.207,1.32351,1.3236,1.50,1.00
2016.09.27 16:44:17.258,1.32351,1.3236,1.50,1.50
2016.09.27 16:44:17.360,1.32351,1.3236,1.50,1.00
2016.09.27 16:44:17.462,1.32351,1.3236,1.50,1.50
2016.09.27 16:44:18.982,1.32351,1.3236,1.50,2.62
2016.09.27 16:44:19.033,1.32351,1.3236,1.50,1.87
2016.09.27 16:44:19.135,1.32351,1.32359,1.12,1.12
2016.09.27 16:44:19.186,1.32351,1.32359,1.00,3.37
2016.09.27 16:44:19.237,1.32351,1.32359,1.00,3.00
2016.09.27 16:44:19.288,1.32351,1.32359,1.12,1.00
2016.09.27 16:44:19.390,1.32351,1.32359,1.12,1.00
2016.09.27 16:44:19.492,1.32351,1.32359,1.00,1.12
2016.09.27 16:44:20.579,1.3235,1.32359,1.12,1.12
2016.09.27 16:44:22.109,1.3235,1.32359,1.12,1.87
2016.09.27 16:44:22.160,1.32348,1.32355,1.75,2.29
2016.09.27 16:44:22.211,1.32349,1.32353,1.00,1.00
2016.09.27 16:44:22.262,1.32347,1.32352,2.62,1.00
2016.09.27 16:44:22.314,1.32347,1.32353,2.62,1.87
2016.09.27 16:44:22.365,1.32347,1.32351,2.25,1.00
2016.09.27 16:44:22.416,1.32343,1.32351,1.12,1.00
2016.09.27 16:44:22.467,1.32342,1.32351,1.12,1.87
2016.09.27 16:44:22.569,1.32342,1.32351,1.12,1.87
2016.09.27 16:44:22.773,1.32342,1.3235,1.12,1.00
2016.09.27 16:44:23.857,1.32342,1.3235,1.00,1.00
2016.09.27 16:44:27.346,1.32342,1.3235,1.12,1.00
2016.09.27 16:44:28.353,1.32342,1.32351,1.12,1.87
2016.09.27 16:44:28.404,1.32342,1.3235,1.12,1.00
2016.09.27 16:44:30.347,1.32342,1.32348,1.12,1.00
2016.09.27 16:44:30.398,1.3234,1.32348,2.25,1.00
2016.09.27 16:44:30.450,1.32341,1.32347,1.00,1.25
2016.09.27 16:44:30.552,1.32341,1.32347,1.00,1.00
2016.09.27 16:44:31.178,1.32338,1.32347,4.87,1.00
2016.09.27 16:44:31.586,1.32338,1.32347,4.12,1.00
2016.09.27 16:44:32.428,1.32339,1.32344,1.00,1.00
2016.09.27 16:44:32.479,1.32338,1.32344,1.50,1.00
2016.09.27 16:44:32.531,1.32336,1.32344,1.75,1.00
2016.09.27 16:44:32.582,1.32337,1.32344,1.00,1.00
2016.09.27 16:44:33.143,1.32337,1.32344,1.00,1.69
2016.09.27 16:44:33.255,1.32336,1.32344,1.12,3.56
2016.09.27 16:44:33.307,1.32334,1.32344,1.50,4.69
2016.09.27 16:44:33.358,1.32334,1.32342,2.25,1.12
2016.09.27 16:44:33.409,1.32334,1.32343,2.25,1.37
2016.09.27 16:44:33.460,1.32334,1.32344,1.50,4.12
2016.09.27 16:44:33.765,1.32336,1.32344,1.00,3.37
2016.09.27 16:44:33.817,1.32336,1.32344,2.25,3.37
2016.09.27 16:44:33.868,1.32336,1.32344,3.00,1.00
2016.09.27 16:44:33.919,1.32336,1.32344,1.50,1.25
2016.09.27 16:44:33.971,1.32338,1.32344,1.00,1.25
2016.09.27 16:44:34.022,1.32338,1.32344,1.00,1.00
2016.09.27 16:44:34.073,1.32334,1.32344,2.25,1.00
2016.09.27 16:44:34.226,1.32334,1.32344,3.00,1.00
2016.09.27 16:44:34.278,1.32334,1.32344,3.00,1.50
2016.09.27 16:44:34.505,1.32334,1.32344,2.25,1.50
2016.09.27 16:44:35.013,1.32334,1.32343,3.00,1.12
2016.09.27 16:44:35.064,1.32334,1.32343,3.75,1.12
2016.09.27 16:44:35.115,1.32334,1.32343,3.75,1.12
2016.09.27 16:44:35.813,1.32334,1.32343,3.75,1.12
2016.09.27 16:44:35.898,1.32334,1.32343,3.00,1.12
2016.09.27 16:44:37.955,1.32334,1.32343,4.50,1.12
2016.09.27 16:44:38.262,1.32334,1.32343,3.00,1.12
2016.09.27 16:44:38.363,1.32336,1.32344,1.87,1.12
2016.09.27 16:44:38.414,1.32337,1.32344,1.00,1.00
2016.09.27 16:44:38.567,1.32335,1.32344,3.00,1.50
2016.09.27 16:44:38.771,1.32335,1.32344,1.50,1.00
2016.09.27 16:44:39.179,1.32335,1.32344,1.50,1.50
2016.09.27 16:44:39.405,1.32335,1.32344,1.50,2.25
2016.09.27 16:44:39.558,1.32335,1.32344,1.50,1.00
2016.09.27 16:44:39.609,1.32335,1.32344,1.50,1.35
2016.09.27 16:44:39.661,1.32335,1.32344,2.25,1.72
2016.09.27 16:44:39.712,1.32335,1.32344,2.25,2.10
2016.09.27 16:44:39.854,1.32335,1.32344,1.50,1.50
2016.09.27 16:44:39.906,1.32335,1.32344,1.50,2.10
2016.09.27 16:44:39.957,1.32335,1.32344,2.25,2.10
2016.09.27 16:44:40.203,1.32335,1.32344,1.50,2.10
2016.09.27 16:44:40.305,1.32335,1.32344,1.50,1.72
2016.09.27 16:44:40.356,1.32335,1.32343,1.50,1.00
2016.09.27 16:44:41.023,1.32335,1.32339,1.50,1.00
2016.09.27 16:44:41.216,1.32326,1.32334,2.25,1.00
2016.09.27 16:44:41.267,1.32327,1.32334,1.00,1.00
2016.09.27 16:44:41.318,1.32326,1.32334,2.25,1.00
2016.09.27 16:44:41.369,1.32326,1.32334,3.00,1.00
2016.09.27 16:44:41.421,1.32326,1.32334,2.62,1.00
2016.09.27 16:44:41.522,1.32326,1.32334,3.00,1.00
2016.09.27 16:44:41.574,1.32326,1.32334,3.75,1.00
2016.09.27 16:44:42.359,1.32326,1.32334,2.25,1.00
2016.09.27 16:44:43.133,1.32326,1.32334,3.75,1.00
2016.09.27 16:44:43.184,1.32329,1.32335,1.00,1.00
2016.09.27 16:44:43.235,1.32329,1.32335,1.56,1.00
2016.09.27 16:44:43.286,1.32328,1.32337,2.44,1.50
2016.09.27 16:44:43.337,1.3233,1.32337,1.56,1.00
2016.09.27 16:44:43.388,1.32332,1.3234,1.25,2.25
2016.09.27 16:44:43.439,1.32332,1.32341,2.25,3.37
2016.09.27 16:44:43.490,1.32332,1.3234,2.62,1.12
2016.09.27 16:44:43.542,1.32332,1.32341,1.87,1.87
2016.09.27 16:44:43.592,1.32334,1.32341,1.00,1.50
2016.09.27 16:44:43.694,1.32332,1.32341,2.25,1.87
2016.09.27 16:44:43.983,1.32333,1.32341,1.37,1.12
2016.09.27 16:44:44.034,1.32334,1.32343,1.00,4.12
2016.09.27 16:44:44.086,1.32334,1.32342,1.87,1.37
2016.09.27 16:44:44.137,1.32334,1.32342,1.50,1.37
2016.09.27 16:44:44.188,1.32334,1.32343,1.12,3.37
2016.09.27 16:44:44.239,1.32334,1.32343,1.87,2.62
2016.09.27 16:44:44.341,1.32334,1.32343,1.87,2.62
2016.09.27 16:44:44.392,1.32334,1.32342,2.25,1.00
2016.09.27 16:44:44.443,1.32334,1.32342,3.00,1.00
2016.09.27 16:44:44.495,1.32334,1.32342,2.62,1.12
2016.09.27 16:44:44.698,1.32334,1.32342,1.87,1.12
2016.09.27 16:44:45.002,1.32334,1.32342,2.62,1.12
2016.09.27 16:44:45.256,1.32334,1.32342,3.37,1.12
2016.09.27 16:44:45.341,1.32334,1.32342,1.87,1.12
2016.09.27 16:44:45.392,1.32334,1.32343,2.62,1.37
2016.09.27 16:44:45.545,1.32334,1.32343,3.37,1.37
2016.09.27 16:44:46.082,1.32334,1.32343,2.62,1.37
2016.09.27 16:44:46.133,1.32334,1.32343,3.37,1.37
2016.09.27 16:44:46.630,1.32335,1.32343,1.12,1.37
2016.09.27 16:44:46.885,1.32335,1.32343,1.87,1.37
2016.09.27 16:44:50.027,1.32335,1.32343,1.12,1.37
2016.09.27 16:44:50.078,1.32333,1.32342,2.25,1.27
2016.09.27 16:44:50.129,1.32333,1.32342,1.12,2.02
2016.09.27 16:44:50.251,1.32332,1.32341,1.50,1.00
2016.09.27 16:44:50.356,1.32331,1.3234,1.75,1.00
2016.09.27 16:44:50.407,1.32331,1.3234,1.87,1.00
2016.09.27 16:44:50.510,1.32331,1.3234,1.75,1.00
2016.09.27 16:44:50.612,1.32331,1.3234,1.50,1.12
2016.09.27 16:44:50.714,1.32333,1.32342,1.12,4.87
2016.09.27 16:44:50.765,1.32333,1.32342,1.69,3.37
2016.09.27 16:44:50.867,1.32333,1.32342,2.66,2.62
2016.09.27 16:44:50.919,1.32335,1.32343,1.12,1.87
2016.09.27 16:44:50.970,1.32335,1.32344,2.62,2.62
2016.09.27 16:44:51.062,1.32336,1.32341,1.50,1.00
2016.09.27 16:44:51.144,1.32336,1.32345,2.25,1.50
2016.09.27 16:44:51.703,1.32336,1.32345,2.25,2.10
2016.09.27 16:44:52.161,1.32336,1.32345,1.50,2.10
2016.09.27 16:44:52.950,1.32336,1.32345,1.31,1.50
2016.09.27 16:44:53.052,1.32336,1.32345,1.31,1.50
2016.09.27 16:44:53.154,1.32336,1.32345,1.25,1.50
2016.09.27 16:44:53.205,1.32336,1.32345,2.06,1.50
2016.09.27 16:44:53.421,1.32336,1.32345,3.56,1.50
2016.09.27 16:44:53.473,1.32336,1.32345,2.81,1.50
2016.09.27 16:44:53.990,1.32336,1.32345,2.25,1.50
2016.09.27 16:44:54.041,1.32336,1.32345,1.50,1.50
2016.09.27 16:44:54.864,1.32336,1.32345,1.00,1.50
2016.09.27 16:44:56.647,1.32336,1.3234,1.00,1.50
2016.09.27 16:44:56.699,1.32333,1.32337,3.75,1.50
2016.09.27 16:44:56.801,1.32315,1.32321,9.00,1.87
2016.09.27 16:44:56.855,1.32303,1.32307,9.00,1.00
2016.09.27 16:44:56.907,1.32303,1.32307,7.50,1.50
2016.09.27 16:44:57.010,1.32296,1.323,9.47,1.00
2016.09.27 16:44:57.061,1.32294,1.323,1.00,1.87
2016.09.27 16:44:57.150,1.32293,1.323,1.22,1.12
2016.09.27 16:44:57.202,1.32293,1.323,1.22,1.50
2016.09.27 16:44:57.255,1.32293,1.32298,1.22,2.25
2016.09.27 16:44:57.360,1.32291,1.32298,1.37,2.25
2016.09.27 16:44:57.565,1.32291,1.32298,1.12,2.25
2016.09.27 16:44:57.617,1.32289,1.32298,1.37,2.25
2016.09.27 16:44:57.668,1.32289,1.32298,1.56,2.25
2016.09.27 16:44:57.771,1.32289,1.32298,2.06,2.25
2016.09.27 16:44:57.822,1.32289,1.32295,1.31,1.00
2016.09.27 16:44:57.874,1.32287,1.32294,1.00,1.00
2016.09.27 16:44:57.925,1.32284,1.32293,1.15,1.00
2016.09.27 16:44:57.977,1.32282,1.32293,2.44,1.00
2016.09.27 16:44:58.080,1.32284,1.32293,1.56,1.00
2016.09.27 16:44:58.131,1.32284,1.32293,1.56,1.00
2016.09.27 16:44:58.182,1.32284,1.32293,1.56,1.47
2016.09.27 16:44:58.234,1.32284,1.32293,1.56,1.47
2016.09.27 16:44:58.285,1.32282,1.32293,1.50,1.47
2016.09.27 16:44:58.540,1.32282,1.32293,1.50,1.22
2016.09.27 16:44:58.591,1.32282,1.32293,1.00,1.22
2016.09.27 16:44:58.644,1.32281,1.32291,1.00,1.97
2016.09.27 16:44:58.697,1.32279,1.3229,1.87,2.34
2016.09.27 16:44:58.749,1.32277,1.32289,2.25,1.37
2016.09.27 16:44:58.801,1.32274,1.32289,1.49,1.50
2016.09.27 16:44:58.852,1.32275,1.32288,1.12,1.12
2016.09.27 16:44:58.955,1.32275,1.32288,1.37,1.59
2016.09.27 16:44:59.150,1.32275,1.32288,1.50,1.12
2016.09.27 16:44:59.201,1.32275,1.32288,1.50,1.59
2016.09.27 16:44:59.253,1.32275,1.32288,1.12,1.22
2016.09.27 16:44:59.304,1.32275,1.32288,1.12,1.12
2016.09.27 16:44:59.355,1.32275,1.32289,1.00,2.34
2016.09.27 16:44:59.459,1.32275,1.32288,1.00,1.22
2016.09.27 16:44:59.562,1.32275,1.32288,1.12,1.12
2016.09.27 16:44:59.765,1.32275,1.32288,1.12,1.59
2016.09.27 16:45:00.176,1.32275,1.32288,1.12,1.12
2016.09.27 16:45:00.227,1.32275,1.32289,1.00,2.72
2016.09.27 16:45:00.367,1.32275,1.32288,1.00,1.22
2016.09.27 16:45:00.432,1.32275,1.32288,1.00,1.97
2016.09.27 16:45:00.484,1.32275,1.32288,1.00,2.72
2016.09.27 16:45:00.536,1.32275,1.32287,3.37,1.12
2016.09.27 16:45:00.639,1.32275,1.32287,1.50,1.12
2016.09.27 16:45:00.844,1.32275,1.32287,1.50,1.75
2016.09.27 16:45:00.959,1.32275,1.32287,1.50,1.75
2016.09.27 16:45:01.064,1.32275,1.32287,1.50,1.87
2016.09.27 16:45:01.168,1.32275,1.32287,1.50,1.75
2016.09.27 16:45:01.270,1.32275,1.32287,1.50,2.72
2016.09.27 16:45:01.372,1.32275,1.32287,1.50,1.97
2016.09.27 16:45:01.423,1.32275,1.32286,1.50,1.12
2016.09.27 16:45:01.475,1.32275,1.32286,1.50,1.87
2016.09.27 16:45:01.735,1.32275,1.32283,1.37,1.50
2016.09.27 16:45:02.213,1.32275,1.32285,1.37,1.37
2016.09.27 16:45:02.264,1.32276,1.32285,1.19,1.37
2016.09.27 16:45:02.366,1.32275,1.32285,1.69,1.37
2016.09.27 16:45:02.469,1.32276,1.32285,1.19,1.37
2016.09.27 16:45:02.571,1.32276,1.32285,1.19,2.62
2016.09.27 16:45:02.673,1.32275,1.32285,1.69,1.37
2016.09.27 16:45:02.775,1.32276,1.32285,1.31,1.37
2016.09.27 16:45:03.166,1.32276,1.32285,1.91,1.37
2016.09.27 16:45:03.218,1.32279,1.32285,1.00,1.00
2016.09.27 16:45:03.269,1.32279,1.32285,3.04,1.00
2016.09.27 16:45:03.320,1.3228,1.32287,1.12,1.75
2016.09.27 16:45:03.372,1.3228,1.32289,2.06,3.37
2016.09.27 16:45:03.423,1.3228,1.3229,1.31,1.75
2016.09.27 16:45:03.474,1.3228,1.3229,2.29,2.25
2016.09.27 16:45:03.525,1.32281,1.3229,1.25,1.75
2016.09.27 16:45:03.577,1.3228,1.32291,2.06,2.34
2016.09.27 16:45:03.679,1.3228,1.32291,2.50,2.34
2016.09.27 16:45:03.781,1.32281,1.3229,1.00,1.75
2016.09.27 16:45:04.310,1.3228,1.32291,2.50,2.34
2016.09.27 16:45:04.463,1.32281,1.32291,1.98,1.12
2016.09.27 16:45:05.041,1.32281,1.32291,1.12,1.12
2016.09.27 16:45:05.143,1.32281,1.32291,1.19,1.12
2016.09.27 16:45:05.262,1.32281,1.32291,1.75,1.12
2016.09.27 16:45:05.345,1.32281,1.32291,1.19,1.12
2016.09.27 16:45:05.650,1.3228,1.32291,2.88,1.12
2016.09.27 16:45:05.701,1.3228,1.32291,2.88,1.87
2016.09.27 16:45:06.211,1.3228,1.32289,2.88,1.67
2016.09.27 16:45:06.262,1.3228,1.3229,2.25,1.35
2016.09.27 16:45:06.370,1.3228,1.32289,2.25,3.32
2016.09.27 16:45:06.422,1.3228,1.32289,3.00,1.22
2016.09.27 16:45:06.475,1.3228,1.32288,1.87,1.12
2016.09.27 16:45:06.577,1.3228,1.32287,1.00,1.12
2016.09.27 16:45:06.628,1.3228,1.32287,1.50,1.00
2016.09.27 16:45:06.679,1.3228,1.32289,1.50,1.87
2016.09.27 16:45:06.731,1.3228,1.32289,1.00,1.87
2016.09.27 16:45:06.782,1.3228,1.32287,1.00,3.22
2016.09.27 16:45:06.834,1.3228,1.32285,1.00,1.50
2016.09.27 16:45:06.885,1.32276,1.32286,1.12,2.62
2016.09.27 16:45:07.126,1.32277,1.32286,1.25,3.37
2016.09.27 16:45:07.218,1.32278,1.32287,1.00,1.75
2016.09.27 16:45:07.421,1.32278,1.32287,1.25,2.25
2016.09.27 16:45:07.726,1.32278,1.32287,1.00,1.75
2016.09.27 16:45:07.828,1.32278,1.32287,1.25,2.85
2016.09.27 16:45:08.242,1.32278,1.32286,1.25,1.67
2016.09.27 16:45:08.598,1.32278,1.32285,1.25,1.12
2016.09.27 16:45:08.751,1.32278,1.32284,1.25,2.10
2016.09.27 16:45:08.802,1.32278,1.32285,1.25,1.72
2016.09.27 16:45:08.853,1.32278,1.32285,1.00,1.72
2016.09.27 16:45:09.006,1.32278,1.32285,1.00,3.22
2016.09.27 16:45:09.159,1.32278,1.32284,1.00,1.35
2016.09.27 16:45:09.261,1.32275,1.32284,2.62,1.35
2016.09.27 16:45:09.316,1.32275,1.32284,2.62,1.72
2016.09.27 16:45:09.367,1.32274,1.32284,2.25,1.50
2016.09.27 16:45:09.593,1.32274,1.32284,2.25,1.00
2016.09.27 16:45:09.644,1.32275,1.32284,1.50,1.00
2016.09.27 16:45:09.696,1.32275,1.32284,1.60,1.00
2016.09.27 16:45:09.783,1.32276,1.32286,1.42,3.09
2016.09.27 16:45:09.834,1.32276,1.32286,1.69,4.97
2016.09.27 16:45:09.886,1.32276,1.32285,1.69,1.37
2016.09.27 16:45:09.937,1.32275,1.32285,2.06,1.37
2016.09.27 16:45:10.141,1.32275,1.32285,2.00,1.37
2016.09.27 16:45:10.413,1.32275,1.32285,2.00,1.37
2016.09.27 16:45:10.668,1.32275,1.32285,2.06,1.37
2016.09.27 16:45:10.761,1.32275,1.32285,2.06,1.37
2016.09.27 16:45:10.863,1.32274,1.32285,5.99,1.37
2016.09.27 16:45:10.965,1.32275,1.32285,2.19,1.37
2016.09.27 16:45:11.525,1.32274,1.32285,6.81,1.37
2016.09.27 16:45:11.728,1.32276,1.32285,1.00,1.37
2016.09.27 16:45:11.830,1.32275,1.32285,2.00,1.37
2016.09.27 16:45:11.881,1.32275,1.32284,2.44,1.30
2016.09.27 16:45:11.932,1.32275,1.32284,2.25,1.00
2016.09.27 16:45:12.092,1.32275,1.32284,3.37,2.85
2016.09.27 16:45:12.144,1.32275,1.32284,1.94,1.75
2016.09.27 16:45:12.195,1.32277,1.32284,1.07,1.75
2016.09.27 16:45:12.246,1.32277,1.32283,1.00,1.00
2016.09.27 16:45:12.348,1.32277,1.32285,1.00,1.72
2016.09.27 16:45:12.754,1.32277,1.32285,1.32,1.12
2016.09.27 16:45:12.856,1.32277,1.32285,1.00,1.72
2016.09.27 16:45:13.150,1.32276,1.32285,1.00,1.72
2016.09.27 16:45:13.202,1.32276,1.32285,1.00,2.19
2016.09.27 16:45:13.253,1.32276,1.32285,1.00,1.59
2016.09.27 16:45:13.304,1.32276,1.32285,1.00,2.19
2016.09.27 16:45:13.355,1.32276,1.32285,1.12,2.19
2016.09.27 16:45:13.457,1.32276,1.32285,1.19,2.19
2016.09.27 16:45:13.661,1.32276,1.32285,1.00,2.19
2016.09.27 16:45:13.815,1.32276,1.32285,1.00,1.59
2016.09.27 16:45:13.867,1.32276,1.32285,1.00,2.19
2016.09.27 16:45:13.918,1.32276,1.32285,1.00,1.97
2016.09.27 16:45:13.969,1.32275,1.32285,1.75,1.50
2016.09.27 16:45:14.072,1.32276,1.32285,1.50,1.50
2016.09.27 16:45:14.344,1.32276,1.32286,1.50,2.19
2016.09.27 16:45:14.395,1.32276,1.32286,1.50,2.05
2016.09.27 16:45:14.497,1.32276,1.32286,1.50,2.19
2016.09.27 16:45:14.650,1.32276,1.32285,1.12,1.37
2016.09.27 16:45:14.955,1.32275,1.32285,2.25,1.37
2016.09.27 16:45:15.057,1.32276,1.32285,1.12,3.22
2016.09.27 16:45:15.108,1.32276,1.32284,1.12,2.47
2016.09.27 16:45:15.159,1.32275,1.32284,1.87,1.12
2016.09.27 16:45:15.211,1.32275,1.32284,1.50,1.12
2016.09.27 16:45:15.350,1.32275,1.32284,1.00,3.22
2016.09.27 16:45:15.413,1.32275,1.32284,1.00,1.12
2016.09.27 16:45:15.464,1.32275,1.32284,1.00,1.50
2016.09.27 16:45:15.566,1.32275,1.32284,1.00,3.60
2016.09.27 16:45:15.617,1.32275,1.32284,1.00,1.50
2016.09.27 16:45:15.668,1.32275,1.32284,1.94,1.00
2016.09.27 16:45:15.719,1.32275,1.32284,2.32,1.00
2016.09.27 16:45:15.770,1.32276,1.32286,1.00,1.87
2016.09.27 16:45:15.872,1.32275,1.32286,1.57,3.75
2016.09.27 16:45:15.923,1.32275,1.32286,1.57,4.35
2016.09.27 16:45:15.974,1.32275,1.32286,1.87,2.47
2016.09.27 16:45:16.075,1.32275,1.32285,1.69,2.62
2016.09.27 16:45:16.177,1.32275,1.32286,2.06,1.87
2016.09.27 16:45:16.228,1.32275,1.32286,2.06,2.47
2016.09.27 16:45:16.279,1.32275,1.32286,2.13,2.47
2016.09.27 16:45:16.330,1.32275,1.32286,1.94,2.47
2016.09.27 16:45:16.381,1.32275,1.32285,1.57,1.67
2016.09.27 16:45:16.432,1.32275,1.32286,1.69,3.75
2016.09.27 16:45:16.483,1.32275,1.32285,1.69,1.67
2016.09.27 16:45:16.600,1.32276,1.32285,1.31,1.35
2016.09.27 16:45:16.652,1.32276,1.32285,1.38,1.35
2016.09.27 16:45:16.804,1.32276,1.32285,1.38,1.00
2016.09.27 16:45:16.855,1.32276,1.32285,2.69,1.00
2016.09.27 16:45:16.907,1.32278,1.32285,1.00,1.00
2016.09.27 16:45:16.958,1.32278,1.32284,2.25,1.00
2016.09.27 16:45:17.026,1.3228,1.32284,1.00,1.00
2016.09.27 16:45:17.078,1.3228,1.32289,2.69,2.62
2016.09.27 16:45:17.180,1.3228,1.32291,2.88,3.37
2016.09.27 16:45:17.231,1.3228,1.32291,1.87,3.97
2016.09.27 16:45:17.282,1.32281,1.3229,1.00,1.60
2016.09.27 16:45:17.384,1.3228,1.32289,2.32,1.35
2016.09.27 16:45:17.435,1.3228,1.32289,2.25,2.85
2016.09.27 16:45:17.486,1.3228,1.32289,1.87,4.72
2016.09.27 16:45:17.635,1.3228,1.32289,1.87,2.47
2016.09.27 16:45:17.991,1.3228,1.32288,1.87,1.30
2016.09.27 16:45:18.053,1.3228,1.3229,1.87,3.22
2016.09.27 16:45:18.366,1.3228,1.3229,1.37,3.22
2016.09.27 16:45:18.417,1.3228,1.3229,1.37,4.72
2016.09.27 16:45:18.468,1.3228,1.32289,1.37,2.47
2016.09.27 16:45:18.519,1.3228,1.32289,1.37,2.47
2016.09.27 16:45:18.570,1.3228,1.32288,1.28,1.00
2016.09.27 16:45:18.672,1.3228,1.32288,1.00,1.00
2016.09.27 16:45:19.194,1.32278,1.32289,3.00,1.72
2016.09.27 16:45:19.296,1.32278,1.32289,3.00,1.44
2016.09.27 16:45:19.347,1.32278,1.32289,3.00,1.44
2016.09.27 16:45:19.601,1.32278,1.32289,3.00,1.72
2016.09.27 16:45:19.754,1.32278,1.32289,4.57,1.59
2016.09.27 16:45:19.805,1.3228,1.32289,1.12,1.59
2016.09.27 16:45:19.856,1.3228,1.32289,1.87,1.22
2016.09.27 16:45:19.907,1.32281,1.32289,1.12,2.62
2016.09.27 16:45:19.959,1.32281,1.32291,2.25,3.09
2016.09.27 16:45:20.061,1.32282,1.32291,1.00,1.22
2016.09.27 16:45:20.163,1.32281,1.32291,1.50,3.09
2016.09.27 16:45:20.314,1.32281,1.32291,1.50,3.09
2016.09.27 16:45:20.368,1.32281,1.3229,1.12,2.62
2016.09.27 16:45:20.521,1.32281,1.3229,1.12,2.62
2016.09.27 16:45:20.572,1.3228,1.3229,1.00,2.62
2016.09.27 16:45:20.929,1.3228,1.3229,1.00,2.62
2016.09.27 16:45:20.980,1.3228,1.3229,1.00,3.09
2016.09.27 16:45:21.336,1.3228,1.3229,1.00,3.84
2016.09.27 16:45:21.667,1.3228,1.3229,1.00,3.09
2016.09.27 16:45:21.718,1.3228,1.3229,1.00,3.09
2016.09.27 16:45:22.278,1.3228,1.3229,1.00,3.84
2016.09.27 16:45:22.329,1.3228,1.3229,1.00,3.84
2016.09.27 16:45:22.481,1.3228,1.3229,1.00,3.09
2016.09.27 16:45:22.684,1.3228,1.3229,1.00,3.28
2016.09.27 16:45:22.735,1.3228,1.3229,1.00,4.03
2016.09.27 16:45:22.786,1.3228,1.32287,1.94,1.00
2016.09.27 16:45:22.838,1.3228,1.32288,2.73,1.00
2016.09.27 16:45:22.889,1.32282,1.32291,1.38,3.84
2016.09.27 16:45:22.980,1.32282,1.32291,1.75,1.50
2016.09.27 16:45:23.032,1.32282,1.32291,2.25,1.00
2016.09.27 16:45:23.083,1.32283,1.32293,1.37,1.87
2016.09.27 16:45:23.134,1.32283,1.32293,1.37,1.87
2016.09.27 16:45:23.288,1.32283,1.32293,1.37,1.37
2016.09.27 16:45:23.496,1.32283,1.32294,1.37,5.94
2016.09.27 16:45:23.712,1.32283,1.32294,1.37,3.84
2016.09.27 16:45:24.380,1.32283,1.32294,1.37,4.44
2016.09.27 16:45:24.685,1.32283,1.32294,1.37,3.84
2016.09.27 16:45:24.838,1.32283,1.32294,1.37,4.44
2016.09.27 16:45:25.041,1.32283,1.32294,1.37,3.09
2016.09.27 16:45:25.671,1.32283,1.32294,1.37,3.69
2016.09.27 16:45:25.722,1.32282,1.32294,4.50,3.69
2016.09.27 16:45:25.773,1.32282,1.32293,2.25,2.62
2016.09.27 16:45:26.536,1.32282,1.32293,2.25,2.62
2016.09.27 16:45:26.740,1.32282,1.32293,2.25,2.62
2016.09.27 16:45:26.893,1.32284,1.32293,1.12,3.37
2016.09.27 16:45:29.281,1.32283,1.32292,1.50,1.87
2016.09.27 16:45:29.332,1.32283,1.32292,1.37,2.62
2016.09.27 16:45:29.383,1.32281,1.32291,1.87,4.12
2016.09.27 16:45:29.434,1.32281,1.32291,1.50,5.25
2016.09.27 16:45:29.485,1.32281,1.3229,1.50,1.50
2016.09.27 16:45:29.537,1.32281,1.3229,1.50,1.50
2016.09.27 16:45:29.588,1.32279,1.3229,1.87,5.62
2016.09.27 16:45:29.639,1.32279,1.3229,1.87,4.12
2016.09.27 16:45:29.690,1.32279,1.32288,2.62,2.62
2016.09.27 16:45:29.792,1.32279,1.32288,2.25,1.00
2016.09.27 16:45:30.097,1.32279,1.32288,1.50,1.00
2016.09.27 16:45:30.148,1.32279,1.32288,1.50,2.25
2016.09.27 16:45:30.281,1.32279,1.32287,1.00,3.37
2016.09.27 16:45:30.383,1.32278,1.32287,1.12,3.37
2016.09.27 16:45:30.434,1.32277,1.32287,1.37,2.62
2016.09.27 16:45:30.485,1.32277,1.32287,1.87,2.81
2016.09.27 16:45:30.536,1.32277,1.32287,1.87,3.56
2016.09.27 16:45:30.587,1.32276,1.32286,2.25,1.37
2016.09.27 16:45:30.689,1.32276,1.32286,1.50,1.87
2016.09.27 16:45:30.741,1.32276,1.32285,1.50,1.12
2016.09.27 16:45:30.792,1.32275,1.32285,2.25,1.50
2016.09.27 16:45:30.894,1.32275,1.32284,1.75,2.62
2016.09.27 16:45:30.945,1.32275,1.32284,1.75,4.72
2016.09.27 16:45:30.996,1.32273,1.32284,3.00,5.62
2016.09.27 16:45:31.047,1.32274,1.32284,1.37,5.62
2016.09.27 16:45:31.098,1.32274,1.32284,1.37,6.22
2016.09.27 16:45:31.149,1.32274,1.32284,1.37,4.72
2016.09.27 16:45:31.229,1.32274,1.32284,1.37,5.47
2016.09.27 16:45:31.280,1.32274,1.32284,1.75,3.60
2016.09.27 16:45:31.373,1.32274,1.32284,1.75,4.35
2016.09.27 16:45:31.486,1.32274,1.32284,1.75,3.75
2016.09.27 16:45:31.537,1.32274,1.32284,1.75,5.85
2016.09.27 16:45:31.588,1.32274,1.32284,1.50,4.87
2016.09.27 16:45:31.893,1.32276,1.32284,1.00,2.25
2016.09.27 16:45:32.198,1.32276,1.32284,1.00,3.00
2016.09.27 16:45:32.352,1.32276,1.32284,1.00,2.25
2016.09.27 16:45:32.404,1.32276,1.32284,1.00,3.60
2016.09.27 16:45:32.559,1.32274,1.32284,2.25,6.22
2016.09.27 16:45:32.814,1.32274,1.32284,2.25,4.12
2016.09.27 16:45:33.039,1.32275,1.32284,1.00,6.22
2016.09.27 16:45:33.142,1.32274,1.32284,3.00,4.12
2016.09.27 16:45:33.193,1.32274,1.32284,3.75,4.12
2016.09.27 16:45:33.244,1.32274,1.32284,3.75,3.37
2016.09.27 16:45:33.295,1.32274,1.32284,3.37,1.12
2016.09.27 16:45:33.397,1.32274,1.32284,2.62,1.12
2016.09.27 16:45:33.549,1.32275,1.32284,1.00,1.31
2016.09.27 16:45:33.600,1.32275,1.32284,1.12,1.31
2016.09.27 16:45:33.690,1.32274,1.32282,1.12,1.00
2016.09.27 16:45:33.741,1.32273,1.32282,3.37,1.00
2016.09.27 16:45:33.792,1.32273,1.32282,1.00,1.50
2016.09.27 16:45:33.894,1.32273,1.32282,1.00,2.25
2016.09.27 16:45:33.996,1.32273,1.32283,1.37,3.37
2016.09.27 16:45:34.047,1.32274,1.32283,1.12,3.37
2016.09.27 16:45:34.098,1.32273,1.32281,1.00,1.12
2016.09.27 16:45:34.149,1.32273,1.32283,1.50,4.12
2016.09.27 16:45:34.200,1.32273,1.32283,2.25,1.87
2016.09.27 16:45:34.302,1.32273,1.32283,1.50,4.12
2016.09.27 16:45:34.353,1.32273,1.32283,1.50,6.19
2016.09.27 16:45:34.455,1.32273,1.32281,1.00,1.19
2016.09.27 16:45:34.506,1.32273,1.32281,1.00,1.56
2016.09.27 16:45:34.558,1.32273,1.32282,1.00,3.19
2016.09.27 16:45:34.609,1.32273,1.3228,1.50,1.00
2016.09.27 16:45:34.660,1.32273,1.32282,1.50,2.89
2016.09.27 16:45:34.778,1.3227,1.3228,3.00,2.62
2016.09.27 16:45:34.882,1.3227,1.3228,3.75,2.62
2016.09.27 16:45:34.984,1.3227,1.3228,3.00,2.62
2016.09.27 16:45:35.086,1.32271,1.3228,1.12,2.62
2016.09.27 16:45:35.188,1.32273,1.3228,1.00,1.00
2016.09.27 16:45:35.392,1.32272,1.32281,1.50,1.50
2016.09.27 16:45:35.494,1.32272,1.32281,1.12,3.37
2016.09.27 16:45:35.596,1.32271,1.32281,1.50,3.37
2016.09.27 16:45:35.647,1.32271,1.32281,1.50,3.37
2016.09.27 16:45:35.749,1.32272,1.32281,1.12,3.37
2016.09.27 16:45:35.855,1.32272,1.32281,1.12,2.62
2016.09.27 16:45:35.958,1.32272,1.32281,1.12,3.37
2016.09.27 16:45:36.009,1.32272,1.32281,1.37,1.37
2016.09.27 16:45:36.060,1.32272,1.32282,1.37,2.62
2016.09.27 16:45:36.111,1.32272,1.3228,1.37,1.87
2016.09.27 16:45:36.214,1.32272,1.32282,1.37,3.37
2016.09.27 16:45:36.265,1.32274,1.32282,1.00,2.62
2016.09.27 16:45:36.316,1.32273,1.32283,2.25,2.06
2016.09.27 16:45:36.367,1.32273,1.32284,3.00,3.37
2016.09.27 16:45:36.418,1.32273,1.32282,3.00,1.00
2016.09.27 16:45:36.469,1.32273,1.32282,2.25,1.00
2016.09.27 16:45:36.571,1.32273,1.32282,3.00,1.00
2016.09.27 16:45:37.243,1.32273,1.32282,2.25,1.00
2016.09.27 16:45:37.414,1.32273,1.32282,3.00,1.00
2016.09.27 16:45:38.588,1.32273,1.32282,3.75,1.00
2016.09.27 16:45:38.689,1.32273,1.32282,3.00,1.00
2016.09.27 16:45:38.972,1.32273,1.32282,3.75,1.00
2016.09.27 16:45:39.073,1.32273,1.32282,3.00,1.00
2016.09.27 16:45:39.226,1.32273,1.32282,2.25,1.00
2016.09.27 16:45:39.378,1.32273,1.32282,3.00,1.00
2016.09.27 16:45:39.480,1.32273,1.32282,3.75,1.00
2016.09.27 16:45:39.582,1.32273,1.32282,3.37,1.00
2016.09.27 16:45:39.633,1.32273,1.32282,3.75,1.00
2016.09.27 16:45:39.735,1.32275,1.32282,1.00,1.00
2016.09.27 16:45:39.865,1.32276,1.32284,1.12,2.62
2016.09.27 16:45:39.916,1.32275,1.32285,2.62,3.22
2016.09.27 16:45:39.967,1.32275,1.32285,3.37,3.22
2016.09.27 16:45:40.069,1.32275,1.32285,3.37,2.47
2016.09.27 16:45:40.120,1.32278,1.32285,1.00,2.47
2016.09.27 16:45:40.273,1.32278,1.32285,1.00,2.47
2016.09.27 16:45:40.351,1.32278,1.32285,1.00,2.47
2016.09.27 16:45:40.454,1.32278,1.32285,1.00,2.47
2016.09.27 16:45:40.557,1.32278,1.32285,1.00,2.47
2016.09.27 16:45:40.608,1.32278,1.32286,1.00,4.35
2016.09.27 16:45:40.710,1.32278,1.32286,1.00,2.85
2016.09.27 16:45:41.190,1.32278,1.32286,1.00,4.35
2016.09.27 16:45:41.292,1.32278,1.32286,1.00,5.10
2016.09.27 16:45:41.393,1.32278,1.32286,1.00,3.60
2016.09.27 16:45:41.495,1.32278,1.32286,1.00,2.85
2016.09.27 16:45:41.597,1.32278,1.32286,1.00,2.10
2016.09.27 16:45:41.698,1.32278,1.32286,1.00,2.85
2016.09.27 16:45:41.800,1.32278,1.32286,1.00,2.10
2016.09.27 16:45:41.851,1.32278,1.32286,1.00,3.60
2016.09.27 16:45:42.011,1.32278,1.32286,1.00,2.10
2016.09.27 16:45:42.180,1.32278,1.32286,1.00,1.60
2016.09.27 16:45:42.333,1.32278,1.32286,1.00,1.35
2016.09.27 16:45:42.435,1.32278,1.32286,1.00,1.60
2016.09.27 16:45:43.164,1.32278,1.32286,1.00,2.10
2016.09.27 16:45:43.215,1.32277,1.32286,1.00,2.10
2016.09.27 16:45:43.266,1.32277,1.32286,1.00,1.60
2016.09.27 16:45:43.470,1.32277,1.32285,1.00,2.85
2016.09.27 16:45:43.522,1.32277,1.32284,1.00,1.60
2016.09.27 16:45:43.573,1.32277,1.32283,1.00,2.10
2016.09.27 16:45:43.755,1.32275,1.3228,1.50,2.10
2016.09.27 16:45:43.858,1.32273,1.3228,2.25,2.10
2016.09.27 16:45:43.909,1.32273,1.3228,1.87,1.30
2016.09.27 16:45:43.960,1.32273,1.3228,1.87,1.30
2016.09.27 16:45:44.011,1.32272,1.3228,1.00,1.35
2016.09.27 16:45:44.112,1.32271,1.3228,3.00,1.35
2016.09.27 16:45:44.265,1.32271,1.32279,4.50,2.10
2016.09.27 16:45:44.366,1.32271,1.32279,3.00,2.10
2016.09.27 16:45:44.519,1.32271,1.3228,3.00,1.00
2016.09.27 16:45:44.722,1.32271,1.3228,3.00,1.35
2016.09.27 16:45:44.774,1.32271,1.3228,4.50,1.35
2016.09.27 16:45:44.902,1.32272,1.3228,1.00,1.00
2016.09.27 16:45:44.953,1.32272,1.3228,1.00,1.00
2016.09.27 16:45:45.158,1.32272,1.3228,1.00,1.00
2016.09.27 16:45:45.383,1.32272,1.3228,1.00,1.35
2016.09.27 16:45:45.580,1.32272,1.3228,1.00,1.35
2016.09.27 16:45:45.632,1.32271,1.32279,1.00,1.30
2016.09.27 16:45:45.685,1.32271,1.32279,1.00,1.30
2016.09.27 16:45:45.737,1.3227,1.32279,1.87,1.30
2016.09.27 16:45:45.789,1.3227,1.3228,1.87,2.10
2016.09.27 16:45:45.841,1.32271,1.3228,1.00,1.60
2016.09.27 16:45:45.996,1.3227,1.3228,1.37,3.22
2016.09.27 16:45:46.047,1.3227,1.32279,1.12,2.62
2016.09.27 16:45:46.098,1.3227,1.32279,1.87,2.62
2016.09.27 16:45:46.149,1.3227,1.32279,1.87,3.22
2016.09.27 16:45:46.276,1.3227,1.32279,1.12,2.85
2016.09.27 16:45:46.351,1.3227,1.3228,1.37,5.47
2016.09.27 16:45:46.657,1.3227,1.3228,1.37,4.87
2016.09.27 16:45:46.708,1.3227,1.3228,1.37,4.31
2016.09.27 16:45:46.759,1.32271,1.3228,1.12,4.31
2016.09.27 16:45:46.810,1.32271,1.3228,1.12,3.37
2016.09.27 16:45:46.913,1.32271,1.3228,1.50,2.44
2016.09.27 16:45:46.964,1.32271,1.3228,1.50,2.44
2016.09.27 16:45:47.029,1.32271,1.3228,1.00,5.25
2016.09.27 16:45:47.080,1.32269,1.3228,2.62,4.12
2016.09.27 16:45:47.131,1.32269,1.3228,4.12,2.62
2016.09.27 16:45:47.233,1.32272,1.32279,1.00,1.00
2016.09.27 16:45:47.302,1.32272,1.3228,1.00,4.87
2016.09.27 16:45:47.353,1.32269,1.32279,4.57,2.62
2016.09.27 16:45:47.404,1.32271,1.32279,1.00,2.25
2016.09.27 16:45:47.456,1.32271,1.3228,1.12,2.62
2016.09.27 16:45:47.507,1.32271,1.3228,1.12,1.50
2016.09.27 16:45:47.558,1.32271,1.3228,1.12,3.37
2016.09.27 16:45:47.609,1.32271,1.3228,1.12,4.12
2016.09.27 16:45:47.711,1.32271,1.3228,1.12,3.37
2016.09.27 16:45:47.914,1.32271,1.3228,1.12,4.87
2016.09.27 16:45:48.067,1.32271,1.3228,1.12,3.37
2016.09.27 16:45:48.118,1.32271,1.32275,1.00,1.00
2016.09.27 16:45:48.220,1.32268,1.32274,2.25,2.10
2016.09.27 16:45:48.271,1.32268,1.32274,1.00,2.85
2016.09.27 16:45:48.322,1.32267,1.32274,2.25,2.85
2016.09.27 16:45:48.373,1.32267,1.32274,1.75,2.10
2016.09.27 16:45:48.424,1.32266,1.32275,1.00,4.35
2016.09.27 16:45:48.475,1.32266,1.32275,1.00,3.60
2016.09.27 16:45:48.571,1.32266,1.32275,1.00,3.60
2016.09.27 16:45:48.623,1.32266,1.32274,1.00,2.62
2016.09.27 16:45:49.253,1.32266,1.32274,1.00,3.22
2016.09.27 16:45:49.357,1.32266,1.32274,1.12,1.67
2016.09.27 16:45:49.408,1.32264,1.32275,1.75,3.22
2016.09.27 16:45:49.613,1.32264,1.32275,3.00,3.22
2016.09.27 16:45:49.816,1.32264,1.32275,3.37,3.22
2016.09.27 16:45:50.375,1.32265,1.32274,1.50,1.67
2016.09.27 16:45:50.477,1.32265,1.32275,1.50,3.22
2016.09.27 16:45:51.138,1.32265,1.32274,1.50,2.85
2016.09.27 16:45:51.189,1.32264,1.32274,3.37,2.85
2016.09.27 16:45:51.420,1.32264,1.32274,4.12,2.85
2016.09.27 16:45:51.777,1.32265,1.32274,1.50,2.85
2016.09.27 16:45:51.828,1.32266,1.32274,1.12,2.85
2016.09.27 16:45:51.879,1.32266,1.32275,1.12,3.97
2016.09.27 16:45:52.032,1.32266,1.32274,1.12,1.67
2016.09.27 16:45:52.929,1.32266,1.32275,1.12,5.47
2016.09.27 16:45:52.980,1.32266,1.32275,1.69,5.47
2016.09.27 16:45:53.184,1.32266,1.32275,1.50,3.97
2016.09.27 16:45:53.235,1.32266,1.32274,1.50,1.67
2016.09.27 16:45:53.760,1.32266,1.32275,1.50,5.47
2016.09.27 16:45:54.467,1.32266,1.32275,1.37,5.47
2016.09.27 16:45:55.087,1.32266,1.32275,1.00,5.47
2016.09.27 16:45:55.138,1.32266,1.32274,1.00,2.85
2016.09.27 16:45:55.190,1.32266,1.32275,1.00,5.47
2016.09.27 16:45:55.293,1.32266,1.32274,1.50,2.85
2016.09.27 16:45:55.402,1.32266,1.32275,1.50,6.22
2016.09.27 16:45:55.613,1.32266,1.32274,1.50,1.67
2016.09.27 16:45:55.665,1.32266,1.32275,1.50,4.12
2016.09.27 16:45:55.717,1.32266,1.32275,2.06,4.12
2016.09.27 16:45:55.920,1.32266,1.32275,1.87,4.12
2016.09.27 16:45:55.971,1.32266,1.32275,1.87,4.72
2016.09.27 16:45:56.022,1.32266,1.32275,1.87,4.72
2016.09.27 16:45:56.955,1.32266,1.32275,1.12,4.72
2016.09.27 16:45:57.182,1.32266,1.32274,1.37,1.67
2016.09.27 16:45:57.233,1.32266,1.32274,1.37,1.50
2016.09.27 16:45:57.284,1.32266,1.32274,1.12,1.50
2016.09.27 16:45:57.335,1.32266,1.32274,1.12,1.50
2016.09.27 16:45:57.386,1.32266,1.32274,1.12,3.60
2016.09.27 16:45:58.259,1.32266,1.32274,1.12,1.50
2016.09.27 16:45:58.310,1.32265,1.32274,3.00,1.50
2016.09.27 16:45:58.361,1.32265,1.32274,2.25,3.37
2016.09.27 16:45:59.628,1.32265,1.32274,1.50,3.37
2016.09.27 16:45:59.730,1.32265,1.32274,1.00,3.37
2016.09.27 16:45:59.837,1.32265,1.32274,1.12,3.37
2016.09.27 16:45:59.890,1.32265,1.32274,1.50,1.50
2016.09.27 16:46:00.126,1.32263,1.32274,5.62,3.60
2016.09.27 16:46:00.177,1.32263,1.32273,3.75,2.25
2016.09.27 16:46:00.228,1.32264,1.32273,1.12,2.62
2016.09.27 16:46:00.330,1.32264,1.32273,2.62,2.62
2016.09.27 16:46:00.381,1.32264,1.32272,2.25,2.25
2016.09.27 16:46:00.432,1.32264,1.32272,1.50,2.62
2016.09.27 16:46:00.483,1.32264,1.32272,1.87,1.00
2016.09.27 16:46:00.534,1.32264,1.32273,2.62,1.37
2016.09.27 16:46:00.687,1.32264,1.32273,1.87,1.37
2016.09.27 16:46:01.023,1.32264,1.32273,2.62,1.37
2016.09.27 16:46:01.332,1.32264,1.32273,1.87,1.37
2016.09.27 16:46:02.331,1.32264,1.32273,2.62,1.37
2016.09.27 16:46:02.435,1.32264,1.32273,1.87,1.37
2016.09.27 16:46:03.399,1.32264,1.32274,1.87,2.62
2016.09.27 16:46:04.038,1.32264,1.32274,1.87,4.72
2016.09.27 16:46:04.293,1.32264,1.32274,2.62,4.72
2016.09.27 16:46:04.394,1.32264,1.32274,2.25,4.72
2016.09.27 16:46:05.064,1.32264,1.32274,1.87,4.72
2016.09.27 16:46:05.115,1.32264,1.32274,1.87,2.62
2016.09.27 16:46:05.217,1.32265,1.32273,1.00,2.62
2016.09.27 16:46:05.269,1.32265,1.32274,1.37,2.47
2016.09.27 16:46:05.339,1.32265,1.32273,1.46,1.00
2016.09.27 16:46:05.391,1.32264,1.32273,3.82,1.00
2016.09.27 16:46:05.442,1.32266,1.32275,1.74,5.62
2016.09.27 16:46:05.493,1.32266,1.32274,1.74,1.00
2016.09.27 16:46:05.697,1.32266,1.32274,1.00,1.00
2016.09.27 16:46:05.959,1.32265,1.32274,1.50,1.00
2016.09.27 16:46:06.163,1.32265,1.32272,1.00,1.00
2016.09.27 16:46:06.265,1.32265,1.32275,1.37,6.22
2016.09.27 16:46:06.316,1.32265,1.32275,1.37,5.47
2016.09.27 16:46:06.469,1.32265,1.32275,1.37,6.97
2016.09.27 16:46:06.520,1.32265,1.32275,1.37,7.72
2016.09.27 16:46:06.623,1.32265,1.32274,1.37,2.47
2016.09.27 16:46:06.885,1.32265,1.32275,1.37,5.47
2016.09.27 16:46:06.936,1.32265,1.32274,2.12,2.62
2016.09.27 16:46:07.034,1.32265,1.32272,1.74,1.00
2016.09.27 16:46:07.086,1.32265,1.32274,1.79,2.62
2016.09.27 16:46:07.137,1.32265,1.32275,1.57,2.25
2016.09.27 16:46:07.212,1.32265,1.32275,1.79,3.00
2016.09.27 16:46:07.264,1.32272,1.32276,1.00,2.25
2016.09.27 16:46:07.318,1.32271,1.32275,1.09,1.12
2016.09.27 16:46:07.370,1.32273,1.32277,1.00,1.12
2016.09.27 16:46:07.422,1.32273,1.32278,1.00,2.25
2016.09.27 16:46:07.544,1.32275,1.32279,1.00,1.00
2016.09.27 16:46:07.596,1.32275,1.32279,1.12,1.00
2016.09.27 16:46:07.647,1.32275,1.32283,1.12,1.00
2016.09.27 16:46:07.699,1.32275,1.32283,1.00,1.12
2016.09.27 16:46:08.107,1.32274,1.32283,1.87,1.12
2016.09.27 16:46:08.209,1.32274,1.32283,1.50,1.37
2016.09.27 16:46:08.261,1.32274,1.32282,1.50,1.00
2016.09.27 16:46:08.433,1.32276,1.32284,1.91,2.62
2016.09.27 16:46:08.521,1.32278,1.32285,1.00,1.00
2016.09.27 16:46:08.572,1.32276,1.32286,1.87,1.67
2016.09.27 16:46:08.623,1.32276,1.32285,1.87,1.30
2016.09.27 16:46:08.674,1.32276,1.32285,1.50,1.30
2016.09.27 16:46:08.776,1.32275,1.32285,2.25,1.72
2016.09.27 16:46:08.827,1.32275,1.32284,1.75,2.47
2016.09.27 16:46:08.929,1.32274,1.32284,4.87,2.47
2016.09.27 16:46:08.980,1.32274,1.32284,3.00,4.35
2016.09.27 16:46:09.081,1.32274,1.32284,3.00,4.72
2016.09.27 16:46:09.234,1.32274,1.32284,3.00,5.47
2016.09.27 16:46:09.286,1.32274,1.32284,2.62,3.37
2016.09.27 16:46:09.424,1.32274,1.32284,2.62,3.97
2016.09.27 16:46:09.475,1.32274,1.32284,2.62,1.50
2016.09.27 16:46:09.526,1.32274,1.32284,1.87,2.85
2016.09.27 16:46:09.578,1.32274,1.32284,1.87,4.72
2016.09.27 16:46:09.629,1.32274,1.32284,1.87,5.47
2016.09.27 16:46:09.781,1.32274,1.32283,2.25,2.62
2016.09.27 16:46:09.884,1.32274,1.32284,1.87,3.37
2016.09.27 16:46:09.986,1.32274,1.32284,2.25,3.37
2016.09.27 16:46:10.444,1.32274,1.32284,2.25,2.62
2016.09.27 16:46:10.877,1.32274,1.32284,2.25,4.72
2016.09.27 16:46:11.031,1.32274,1.32284,2.25,5.47
2016.09.27 16:46:11.651,1.32274,1.32284,2.25,4.72
2016.09.27 16:46:11.702,1.32274,1.32284,2.25,2.62
2016.09.27 16:46:11.856,1.32274,1.32283,2.25,1.50
2016.09.27 16:46:14.130,1.32274,1.32283,2.62,1.50
2016.09.27 16:46:14.232,1.32274,1.32283,2.62,1.50
2016.09.27 16:46:14.284,1.32275,1.32283,1.00,1.50
2016.09.27 16:46:14.335,1.32275,1.32283,1.37,1.50
2016.09.27 16:46:14.386,1.32275,1.32283,1.37,1.12
2016.09.27 16:46:14.488,1.32274,1.32283,6.37,1.00
2016.09.27 16:46:14.641,1.32275,1.32283,1.00,1.00
2016.09.27 16:46:15.827,1.32274,1.32283,2.25,1.00
2016.09.27 16:46:19.430,1.32274,1.32283,2.25,1.31
2016.09.27 16:46:19.532,1.32274,1.32283,1.87,1.69
2016.09.27 16:46:19.583,1.32274,1.32283,1.50,2.06
2016.09.27 16:46:19.635,1.32274,1.32282,1.00,1.00
2016.09.27 16:46:19.687,1.32272,1.32282,1.50,3.37
2016.09.27 16:46:19.738,1.32273,1.32282,1.12,3.00
2016.09.27 16:46:19.789,1.32273,1.32282,1.00,3.37
2016.09.27 16:46:19.841,1.32275,1.32282,1.00,4.87
2016.09.27 16:46:19.964,1.32275,1.32282,1.00,4.12
2016.09.27 16:46:20.015,1.32275,1.32282,1.00,4.12
2016.09.27 16:46:20.066,1.32275,1.3228,1.00,1.12
2016.09.27 16:46:20.219,1.32275,1.3228,1.00,1.00
2016.09.27 16:46:20.321,1.32275,1.3228,1.50,1.00
2016.09.27 16:46:20.372,1.32275,1.32283,1.50,4.87
2016.09.27 16:46:20.425,1.32275,1.32282,1.50,2.25
2016.09.27 16:46:20.476,1.32276,1.32282,1.00,2.62
2016.09.27 16:46:20.528,1.32276,1.32283,1.50,1.50
2016.09.27 16:46:20.579,1.32276,1.32283,1.50,1.50
2016.09.27 16:46:20.682,1.32276,1.32282,1.50,1.00
2016.09.27 16:46:20.733,1.32277,1.32282,1.00,1.00
2016.09.27 16:46:20.835,1.32276,1.32284,1.50,6.22
2016.09.27 16:46:21.012,1.32276,1.32284,1.87,6.22
2016.09.27 16:46:21.063,1.32277,1.32284,1.00,4.35
2016.09.27 16:46:21.114,1.32277,1.32284,1.00,2.85
2016.09.27 16:46:21.165,1.32276,1.32284,1.87,2.85
2016.09.27 16:46:21.217,1.32276,1.32284,1.50,2.85
2016.09.27 16:46:21.269,1.32276,1.32283,1.50,1.00
2016.09.27 16:46:21.375,1.32276,1.32283,1.50,1.00
2016.09.27 16:46:21.838,1.32276,1.32284,1.00,4.12
2016.09.27 16:46:22.247,1.32276,1.32284,1.50,4.12
2016.09.27 16:46:22.451,1.32276,1.32284,1.00,4.12
2016.09.27 16:46:22.553,1.32275,1.32284,2.25,4.12
2016.09.27 16:46:22.705,1.32275,1.32284,2.62,4.12
2016.09.27 16:46:23.265,1.32276,1.32284,1.00,4.12
2016.09.27 16:46:23.367,1.32276,1.32284,1.00,4.87
2016.09.27 16:46:23.571,1.32276,1.32284,1.00,6.97
2016.09.27 16:46:24.970,1.32276,1.32284,1.50,6.97
2016.09.27 16:46:25.123,1.32276,1.32284,1.12,2.85
2016.09.27 16:46:25.174,1.32276,1.32284,1.12,2.47
2016.09.27 16:46:25.429,1.32276,1.32284,1.87,2.47
2016.09.27 16:46:25.836,1.32276,1.32284,1.12,2.47
2016.09.27 16:46:25.938,1.32276,1.32284,1.87,2.47
2016.09.27 16:46:26.040,1.32276,1.32284,1.12,2.47
2016.09.27 16:46:26.092,1.32276,1.32284,1.12,1.87
2016.09.27 16:46:26.348,1.32275,1.32284,2.62,1.87
2016.09.27 16:46:26.570,1.32276,1.32284,1.12,1.87
2016.09.27 16:46:26.622,1.32276,1.32284,1.00,3.75
2016.09.27 16:46:26.673,1.32276,1.32284,1.00,4.12
2016.09.27 16:46:26.724,1.32275,1.32284,2.62,4.12
2016.09.27 16:46:27.030,1.32276,1.32284,1.00,4.12
2016.09.27 16:46:27.132,1.32275,1.32284,2.62,4.12
2016.09.27 16:46:27.284,1.32275,1.32284,2.62,6.22
2016.09.27 16:46:27.335,1.32276,1.32283,1.00,2.25
2016.09.27 16:46:27.469,1.32276,1.32283,1.00,2.62
2016.09.27 16:46:27.523,1.32275,1.32283,2.25,2.62
2016.09.27 16:46:28.744,1.32276,1.32283,1.00,2.62
2016.09.27 16:46:29.143,1.32275,1.32282,2.62,1.00
2016.09.27 16:46:29.194,1.32275,1.32284,2.62,6.37
2016.09.27 16:46:29.245,1.32276,1.32284,1.00,6.37
2016.09.27 16:46:29.755,1.32277,1.32284,1.00,6.37
2016.09.27 16:46:31.169,1.32276,1.32284,1.50,6.37
2016.09.27 16:46:32.231,1.32276,1.32284,1.00,6.37
2016.09.27 16:46:32.973,1.32279,1.32284,1.57,5.62
2016.09.27 16:46:33.024,1.32279,1.32284,1.57,3.00
2016.09.27 16:46:33.075,1.32279,1.32284,1.00,3.00
2016.09.27 16:46:33.126,1.32281,1.32286,1.50,2.62
2016.09.27 16:46:33.196,1.32284,1.32288,1.00,4.12
2016.09.27 16:46:33.248,1.32285,1.32289,1.00,4.50
2016.09.27 16:46:33.299,1.32285,1.32289,1.00,2.62
2016.09.27 16:46:33.351,1.32285,1.3229,1.37,2.62
2016.09.27 16:46:33.402,1.32285,1.3229,1.50,2.25
2016.09.27 16:46:33.504,1.32285,1.32291,1.75,2.25
2016.09.27 16:46:33.849,1.32286,1.32291,1.50,2.25
2016.09.27 16:46:33.900,1.32286,1.32291,1.37,2.25
2016.09.27 16:46:33.952,1.32285,1.3229,2.62,2.25
2016.09.27 16:46:34.105,1.32285,1.3229,2.25,2.25
2016.09.27 16:46:34.156,1.32286,1.3229,1.50,2.25
2016.09.27 16:46:34.258,1.32286,1.3229,1.00,2.25
2016.09.27 16:46:34.310,1.32286,1.32294,1.00,1.00
2016.09.27 16:46:34.513,1.32285,1.32294,1.12,1.12
2016.09.27 16:46:34.565,1.32284,1.32294,2.25,3.22
2016.09.27 16:46:34.669,1.32284,1.32294,1.50,3.22
2016.09.27 16:46:34.720,1.32284,1.32294,1.50,1.12
2016.09.27 16:46:34.771,1.32284,1.32294,2.25,1.12
2016.09.27 16:46:34.822,1.32284,1.32294,3.00,2.47
2016.09.27 16:46:34.999,1.32284,1.32294,2.25,1.12
2016.09.27 16:46:35.050,1.32284,1.32294,2.25,3.22
2016.09.27 16:46:35.152,1.32286,1.32294,1.00,2.85
2016.09.27 16:46:35.254,1.32286,1.32294,1.00,1.00
2016.09.27 16:46:35.306,1.32286,1.32294,1.00,3.00
2016.09.27 16:46:35.357,1.32286,1.32294,1.00,4.16
2016.09.27 16:46:35.408,1.32284,1.32294,1.75,5.29
2016.09.27 16:46:35.459,1.32285,1.32294,1.00,5.28
2016.09.27 16:46:35.510,1.32282,1.32292,3.37,1.12
2016.09.27 16:46:35.561,1.32283,1.32291,1.00,1.00
2016.09.27 16:46:35.664,1.32283,1.32292,1.50,2.25
2016.09.27 16:46:35.715,1.32283,1.32292,1.00,2.25
2016.09.27 16:46:35.766,1.32284,1.32292,1.00,2.62
2016.09.27 16:46:35.818,1.32284,1.32291,1.00,2.62
2016.09.27 16:46:35.869,1.32283,1.32291,1.00,3.07
2016.09.27 16:46:35.958,1.32283,1.32291,1.00,3.00
2016.09.27 16:46:36.010,1.32282,1.32291,1.12,3.00
2016.09.27 16:46:36.163,1.32282,1.32291,1.12,2.62
2016.09.27 16:46:36.214,1.32282,1.32291,1.37,1.87
2016.09.27 16:46:36.265,1.32281,1.32291,3.75,1.87
2016.09.27 16:46:36.359,1.32282,1.32291,1.37,2.47
2016.09.27 16:46:36.411,1.32282,1.32292,1.37,7.87
2016.09.27 16:46:36.462,1.32281,1.32292,3.75,6.00
2016.09.27 16:46:36.604,1.32281,1.32291,3.75,1.87
2016.09.27 16:46:36.706,1.32281,1.32292,3.75,6.00
2016.09.27 16:46:36.808,1.32281,1.32291,3.75,1.87
2016.09.27 16:46:37.067,1.32281,1.32292,3.75,6.00
2016.09.27 16:46:37.384,1.32283,1.32292,1.12,5.25
2016.09.27 16:46:37.435,1.32283,1.3229,1.12,2.47
2016.09.27 16:46:37.486,1.32284,1.3229,1.00,1.00
2016.09.27 16:46:37.537,1.32284,1.32291,1.00,2.62
2016.09.27 16:46:37.588,1.32284,1.32291,1.50,2.25
2016.09.27 16:46:37.640,1.32284,1.32292,1.50,1.50
2016.09.27 16:46:37.691,1.32284,1.32292,1.87,1.37
2016.09.27 16:46:37.742,1.32284,1.32292,1.50,1.00
2016.09.27 16:46:37.793,1.32284,1.32292,1.12,1.00
2016.09.27 16:46:37.844,1.32284,1.32292,1.12,1.37
2016.09.27 16:46:37.946,1.32284,1.32292,1.37,1.12
2016.09.27 16:46:39.175,1.32283,1.32292,3.75,1.12
2016.09.27 16:46:39.277,1.32283,1.32292,3.00,1.12
2016.09.27 16:46:39.378,1.32283,1.3229,3.75,1.50
2016.09.27 16:46:39.552,1.32283,1.32291,2.62,1.50
2016.09.27 16:46:39.858,1.32283,1.3229,3.37,1.50
2016.09.27 16:46:40.064,1.32283,1.32291,2.62,1.50
2016.09.27 16:46:40.116,1.32283,1.32292,3.00,1.12
2016.09.27 16:46:40.270,1.32283,1.32292,3.00,1.12
2016.09.27 16:46:40.349,1.32283,1.32292,3.75,1.12
2016.09.27 16:46:40.400,1.32284,1.32292,1.37,1.12
2016.09.27 16:46:40.576,1.32284,1.32292,1.87,1.12
2016.09.27 16:46:40.627,1.32284,1.32292,1.87,1.12
2016.09.27 16:46:40.678,1.32284,1.32292,1.37,1.12
2016.09.27 16:46:41.076,1.32284,1.32292,1.87,1.12
2016.09.27 16:46:41.280,1.32284,1.32292,1.37,1.12
2016.09.27 16:46:42.449,1.32284,1.32292,1.87,1.12
2016.09.27 16:46:42.805,1.32284,1.32291,1.87,1.50
2016.09.27 16:46:42.960,1.32284,1.32291,1.50,1.87
2016.09.27 16:46:43.082,1.32284,1.3229,1.50,1.87
2016.09.27 16:46:43.133,1.32284,1.3229,1.87,1.50
2016.09.27 16:46:43.184,1.32284,1.3229,1.12,1.50
2016.09.27 16:46:43.235,1.32284,1.32291,1.12,2.62
2016.09.27 16:46:43.287,1.32284,1.3229,1.12,1.50
2016.09.27 16:46:43.338,1.32284,1.3229,1.00,1.50
2016.09.27 16:46:43.440,1.32284,1.32291,1.00,3.00
2016.09.27 16:46:43.948,1.32284,1.3229,1.00,1.50
2016.09.27 16:46:44.355,1.32284,1.32291,1.00,3.00
2016.09.27 16:46:44.755,1.32284,1.32291,1.00,3.00
2016.09.27 16:46:44.958,1.32284,1.32291,1.00,3.00
2016.09.27 16:46:45.669,1.32284,1.3229,1.00,1.50
2016.09.27 16:46:45.869,1.32284,1.3229,1.12,1.50
2016.09.27 16:46:46.377,1.32284,1.32291,1.12,2.62
2016.09.27 16:46:46.429,1.32284,1.32291,1.12,1.12
2016.09.27 16:46:46.480,1.32284,1.32291,1.19,1.12
2016.09.27 16:46:46.531,1.32284,1.32293,1.19,4.31
2016.09.27 16:46:46.582,1.32284,1.32293,1.87,4.12
2016.09.27 16:46:46.684,1.32284,1.32293,1.12,4.12
2016.09.27 16:46:47.197,1.32284,1.32293,1.87,4.50
2016.09.27 16:46:47.324,1.32284,1.32293,1.12,4.50
2016.09.27 16:46:48.193,1.32284,1.32293,1.87,4.12
2016.09.27 16:46:48.397,1.32284,1.32293,1.50,3.75
2016.09.27 16:46:48.448,1.32285,1.32293,1.00,1.00
2016.09.27 16:46:48.499,1.32287,1.32294,1.00,1.50
2016.09.27 16:46:48.550,1.32287,1.32294,1.50,1.00
2016.09.27 16:46:48.601,1.32287,1.32296,1.87,4.87
2016.09.27 16:46:48.652,1.32287,1.32296,2.25,4.50
2016.09.27 16:46:48.754,1.32287,1.32296,2.25,3.00
2016.09.27 16:46:48.833,1.32287,1.32296,2.25,4.50
2016.09.27 16:46:49.037,1.32287,1.32295,2.25,1.87
2016.09.27 16:46:49.393,1.32287,1.32296,2.25,3.00
2016.09.27 16:46:49.462,1.32287,1.32296,2.25,4.50
2016.09.27 16:46:49.564,1.32287,1.32296,2.25,3.75
2016.09.27 16:46:49.615,1.32287,1.32296,2.25,2.25
2016.09.27 16:46:50.021,1.32288,1.32296,1.12,1.50
2016.09.27 16:46:50.123,1.32288,1.32294,1.12,1.50
2016.09.27 16:46:50.407,1.32288,1.32295,1.12,1.87
2016.09.27 16:46:51.236,1.32288,1.32296,1.12,1.50
2016.09.27 16:46:51.287,1.32291,1.32296,1.00,1.50
2016.09.27 16:46:51.386,1.32291,1.32298,1.50,2.62
2016.09.27 16:46:51.437,1.32291,1.32298,1.87,2.25
2016.09.27 16:46:51.489,1.32291,1.32301,2.25,4.72
2016.09.27 16:46:51.584,1.32292,1.323,1.00,2.47
2016.09.27 16:46:51.667,1.32291,1.323,2.25,2.10
2016.09.27 16:46:51.769,1.32291,1.323,2.44,2.10
2016.09.27 16:46:51.820,1.32291,1.323,2.06,2.10
2016.09.27 16:46:51.872,1.32291,1.323,2.06,2.47
2016.09.27 16:46:51.924,1.32291,1.323,2.06,2.85
2016.09.27 16:46:52.026,1.32291,1.323,1.87,1.35
2016.09.27 16:46:52.281,1.32291,1.323,2.13,1.00
2016.09.27 16:46:52.332,1.32291,1.32301,2.13,2.47
2016.09.27 16:46:52.383,1.32291,1.32301,1.87,1.72
2016.09.27 16:46:52.434,1.32294,1.32301,1.00,1.72
2016.09.27 16:46:52.486,1.32292,1.32301,1.50,3.22
2016.09.27 16:46:52.537,1.32293,1.32302,1.00,5.47
2016.09.27 16:46:52.589,1.32293,1.32302,1.12,4.35
2016.09.27 16:46:52.642,1.32292,1.32301,1.50,1.35
2016.09.27 16:46:52.758,1.32292,1.32301,1.50,1.60
2016.09.27 16:46:52.809,1.32292,1.32301,1.50,1.35
2016.09.27 16:46:52.860,1.32296,1.32302,1.00,3.60
2016.09.27 16:46:52.913,1.32296,1.32302,1.50,2.85
2016.09.27 16:46:52.964,1.32296,1.32302,1.00,2.47
2016.09.27 16:46:53.015,1.32296,1.32302,1.00,3.97
2016.09.27 16:46:53.067,1.32296,1.32303,1.50,2.25
2016.09.27 16:46:53.118,1.32296,1.32303,1.50,1.37
2016.09.27 16:46:53.169,1.32296,1.32303,1.50,1.00
2016.09.27 16:46:53.220,1.32297,1.32303,1.12,1.00
2016.09.27 16:46:53.271,1.32297,1.32303,2.25,1.00
2016.09.27 16:46:53.322,1.32299,1.32303,1.12,1.00
2016.09.27 16:46:53.374,1.32301,1.32305,1.00,3.75
2016.09.27 16:46:53.425,1.323,1.32305,1.50,4.35
2016.09.27 16:46:53.476,1.32298,1.32303,2.25,1.60
2016.09.27 16:46:53.527,1.32299,1.32303,1.00,1.00
2016.09.27 16:46:53.578,1.32298,1.32304,3.00,1.35
2016.09.27 16:46:53.630,1.32298,1.32303,2.62,1.35
2016.09.27 16:46:53.681,1.32298,1.32303,2.25,1.35
2016.09.27 16:46:53.783,1.32298,1.32303,2.62,1.35
2016.09.27 16:46:53.911,1.32298,1.32303,1.87,1.35
2016.09.27 16:46:53.962,1.32298,1.32303,1.87,1.00
2016.09.27 16:46:54.066,1.32298,1.32306,2.62,1.87
2016.09.27 16:46:54.118,1.32298,1.32305,2.62,1.50
2016.09.27 16:46:54.169,1.32298,1.32305,1.87,1.50
2016.09.27 16:46:54.322,1.32298,1.32307,1.87,3.75
2016.09.27 16:46:54.475,1.32298,1.32305,1.87,1.50
2016.09.27 16:46:54.577,1.32298,1.32306,2.62,1.87
2016.09.27 16:46:54.838,1.32298,1.32305,2.62,1.50
2016.09.27 16:46:54.889,1.32298,1.32305,1.87,1.50
2016.09.27 16:46:54.940,1.32298,1.32307,1.87,3.75
2016.09.27 16:46:54.991,1.32299,1.32307,1.12,3.75
2016.09.27 16:46:55.093,1.32298,1.32307,1.87,3.75
2016.09.27 16:46:55.613,1.32298,1.32306,1.87,1.87
2016.09.27 16:46:55.664,1.32299,1.32306,1.12,1.87
2016.09.27 16:46:55.766,1.32298,1.32306,1.87,1.87
2016.09.27 16:46:55.868,1.32299,1.32306,1.12,1.87
2016.09.27 16:46:56.021,1.32299,1.32305,1.12,1.50
2016.09.27 16:46:56.123,1.32299,1.32306,1.12,1.87
2016.09.27 16:46:56.174,1.32298,1.32306,1.37,1.87
2016.09.27 16:46:56.225,1.32298,1.32305,1.37,1.50
2016.09.27 16:46:56.433,1.32298,1.32306,1.37,1.87
2016.09.27 16:46:56.484,1.32297,1.32306,3.00,2.62
2016.09.27 16:46:56.700,1.32297,1.32306,3.00,1.12
2016.09.27 16:46:56.802,1.32298,1.32306,1.37,2.62
2016.09.27 16:46:56.955,1.32298,1.32305,1.37,1.50
2016.09.27 16:46:57.025,1.32297,1.32305,3.00,1.50
2016.09.27 16:46:57.075,1.32298,1.32305,1.37,1.50
2016.09.27 16:46:57.126,1.32298,1.32306,1.37,1.12
2016.09.27 16:46:57.228,1.32298,1.32306,1.37,2.62
2016.09.27 16:46:57.279,1.32297,1.32306,3.00,2.62
2016.09.27 16:46:57.381,1.32298,1.32306,1.37,1.12
2016.09.27 16:46:57.483,1.32298,1.32305,1.37,1.50
2016.09.27 16:46:57.534,1.32298,1.32303,1.37,1.00
2016.09.27 16:46:57.585,1.32298,1.32303,1.00,1.00
2016.09.27 16:46:57.687,1.32298,1.32304,1.00,1.12
2016.09.27 16:46:57.738,1.32298,1.32304,1.00,1.00
2016.09.27 16:46:57.789,1.32298,1.32303,1.50,1.50
2016.09.27 16:46:57.909,1.32298,1.32303,1.87,1.50
2016.09.27 16:46:57.960,1.32298,1.32305,1.87,3.00
2016.09.27 16:46:58.011,1.32298,1.32305,1.12,1.50
2016.09.27 16:46:58.062,1.32298,1.32304,1.00,1.00
2016.09.27 16:46:58.164,1.32298,1.32304,1.50,1.00
2016.09.27 16:46:58.368,1.32298,1.32304,1.00,1.00
2016.09.27 16:46:58.419,1.32298,1.32306,1.00,3.75
2016.09.27 16:46:58.470,1.32298,1.32306,1.50,1.12
2016.09.27 16:46:58.674,1.32298,1.32306,1.00,1.12
2016.09.27 16:46:59.308,1.32298,1.32306,1.50,1.12
2016.09.27 16:47:00.078,1.32298,1.32305,1.50,1.00
2016.09.27 16:47:00.179,1.32298,1.32305,1.00,1.00
2016.09.27 16:47:00.281,1.32297,1.32305,2.62,1.00
2016.09.27 16:47:00.394,1.32297,1.32305,2.69,1.00
2016.09.27 16:47:00.495,1.32297,1.32305,1.87,1.00
2016.09.27 16:47:04.322,1.32297,1.32305,2.25,1.00
2016.09.27 16:47:04.373,1.32297,1.32305,3.07,1.00
2016.09.27 16:47:04.475,1.32297,1.32305,2.25,1.00
2016.09.27 16:47:04.577,1.32297,1.32305,4.12,1.00
2016.09.27 16:47:05.186,1.32297,1.32305,4.87,1.00
2016.09.27 16:47:05.288,1.32297,1.32305,4.12,1.00
2016.09.27 16:47:06.814,1.32297,1.32305,4.87,1.00
2016.09.27 16:47:06.917,1.32297,1.32305,4.12,1.00
2016.09.27 16:47:07.083,1.32297,1.32305,4.94,1.00
2016.09.27 16:47:07.302,1.32297,1.32305,4.12,1.00
2016.09.27 16:47:07.404,1.32297,1.32305,4.94,1.00
2016.09.27 16:47:07.455,1.32297,1.32305,4.94,1.37
2016.09.27 16:47:07.506,1.32297,1.32305,4.12,1.37
2016.09.27 16:47:08.159,1.32297,1.32305,4.87,1.37
2016.09.27 16:47:08.210,1.32299,1.32303,1.00,1.00
2016.09.27 16:47:08.261,1.32297,1.32306,4.50,1.87
2016.09.27 16:47:08.312,1.32298,1.32308,1.32,4.50
2016.09.27 16:47:08.363,1.32298,1.32308,1.38,4.12
2016.09.27 16:47:08.414,1.32299,1.32306,1.00,1.00
2016.09.27 16:47:08.617,1.32298,1.32305,2.25,1.00
2016.09.27 16:47:08.719,1.32299,1.32305,1.00,1.00
2016.09.27 16:47:08.821,1.32298,1.32305,2.25,1.00
2016.09.27 16:47:08.922,1.32299,1.32305,1.00,1.00
2016.09.27 16:47:09.024,1.32298,1.32305,2.25,1.00
2016.09.27 16:47:09.177,1.32298,1.32305,1.50,1.00
2016.09.27 16:47:09.279,1.32297,1.32305,1.00,1.00
2016.09.27 16:47:09.831,1.32297,1.32304,1.00,1.00
2016.09.27 16:47:10.094,1.32297,1.32305,1.50,1.00
2016.09.27 16:47:10.857,1.32297,1.32305,1.00,1.00
2016.09.27 16:47:11.369,1.32297,1.32304,1.00,1.00
2016.09.27 16:47:12.960,1.32296,1.32304,1.87,1.00
2016.09.27 16:47:13.011,1.32296,1.32304,1.87,1.12
2016.09.27 16:47:13.112,1.32296,1.32304,1.37,1.12
2016.09.27 16:47:13.241,1.32297,1.32305,1.00,1.37
2016.09.27 16:47:13.292,1.32298,1.32308,3.94,1.50
2016.09.27 16:47:13.344,1.32298,1.32309,5.44,4.12
2016.09.27 16:47:13.395,1.32299,1.32309,2.25,1.87
2016.09.27 16:47:13.447,1.32306,1.3231,1.00,3.37
2016.09.27 16:47:13.499,1.32306,1.3231,1.00,2.25
2016.09.27 16:47:13.551,1.32306,1.3231,1.12,1.87
2016.09.27 16:47:13.602,1.32308,1.32313,1.50,1.00
2016.09.27 16:47:13.653,1.32308,1.32313,1.12,1.00
2016.09.27 16:47:13.705,1.32305,1.32313,1.75,1.54
2016.09.27 16:47:13.756,1.32305,1.32312,1.37,1.25
2016.09.27 16:47:13.876,1.32303,1.32309,2.25,1.00
2016.09.27 16:47:13.927,1.323,1.32309,1.87,1.00
2016.09.27 16:47:14.487,1.323,1.32309,2.62,1.50
2016.09.27 16:47:14.664,1.323,1.32309,2.62,1.00
2016.09.27 16:47:15.015,1.32301,1.3231,1.19,1.00
2016.09.27 16:47:15.066,1.32301,1.3231,1.19,1.00
2016.09.27 16:47:15.167,1.32301,1.3231,1.19,1.00
2016.09.27 16:47:15.219,1.323,1.3231,3.82,1.00
2016.09.27 16:47:15.355,1.32302,1.3231,1.07,1.00
2016.09.27 16:47:15.434,1.32303,1.32311,1.09,1.00
2016.09.27 16:47:15.485,1.32303,1.32311,1.32,1.00
2016.09.27 16:47:15.909,1.32303,1.32311,1.00,1.00
2016.09.27 16:47:16.112,1.32303,1.32311,1.44,1.00
2016.09.27 16:47:16.214,1.32303,1.32312,1.25,1.50
2016.09.27 16:47:16.319,1.32303,1.32312,1.00,1.50
2016.09.27 16:47:16.504,1.32303,1.32312,1.25,1.50
2016.09.27 16:47:16.619,1.32303,1.32312,1.87,1.50
2016.09.27 16:47:16.721,1.32303,1.32312,1.32,1.50
2016.09.27 16:47:16.823,1.32303,1.32312,1.87,1.50
2016.09.27 16:47:16.925,1.32303,1.32312,1.32,1.50
2016.09.27 16:47:17.021,1.32303,1.32312,1.69,1.50
2016.09.27 16:47:17.122,1.32303,1.32312,1.32,1.50
2016.09.27 16:47:17.224,1.32303,1.32312,1.25,1.50
2016.09.27 16:47:17.427,1.32303,1.32312,1.32,1.50
2016.09.27 16:47:17.631,1.32303,1.32312,1.00,1.50
2016.09.27 16:47:17.721,1.32303,1.32312,1.09,1.50
2016.09.27 16:47:17.823,1.32303,1.32311,1.09,1.00
2016.09.27 16:47:17.874,1.32303,1.32311,1.09,1.00
2016.09.27 16:47:17.925,1.32303,1.32311,1.25,1.00
2016.09.27 16:47:18.027,1.32303,1.32309,1.00,1.00
2016.09.27 16:47:18.078,1.32303,1.32309,1.37,1.00
2016.09.27 16:47:18.129,1.32302,1.32309,3.56,1.00
2016.09.27 16:47:18.231,1.32302,1.32309,1.69,1.00
2016.09.27 16:47:18.384,1.32302,1.32309,1.69,1.00
2016.09.27 16:47:18.435,1.32302,1.32309,1.00,1.00
2016.09.27 16:47:18.537,1.32299,1.32308,5.62,1.00
2016.09.27 16:47:18.589,1.32299,1.32308,3.75,1.12
2016.09.27 16:47:18.640,1.32299,1.32308,2.25,1.87
2016.09.27 16:47:18.896,1.32299,1.32308,1.75,1.12
2016.09.27 16:47:19.067,1.32299,1.32308,2.25,2.06
2016.09.27 16:47:19.118,1.32299,1.32308,2.25,1.12
2016.09.27 16:47:19.169,1.32299,1.32308,1.87,1.12
2016.09.27 16:47:19.220,1.32299,1.32308,3.37,1.12
2016.09.27 16:47:19.271,1.32299,1.32308,3.75,1.12
2016.09.27 16:47:19.322,1.323,1.32308,1.50,1.00
2016.09.27 16:47:19.424,1.32299,1.32308,5.62,1.00
2016.09.27 16:47:19.627,1.323,1.32308,1.50,1.00
2016.09.27 16:47:19.830,1.323,1.32309,1.50,1.12
2016.09.27 16:47:20.084,1.323,1.32309,1.50,1.12
2016.09.27 16:47:20.135,1.32299,1.32309,5.62,1.12
2016.09.27 16:47:20.187,1.32299,1.32309,6.37,1.12
2016.09.27 16:47:20.239,1.323,1.3231,2.25,1.87
2016.09.27 16:47:20.378,1.32302,1.3231,1.50,1.00
2016.09.27 16:47:20.429,1.32302,1.32311,1.50,1.50
2016.09.27 16:47:20.480,1.32305,1.32311,1.00,1.00
2016.09.27 16:47:20.531,1.32307,1.32313,1.00,1.37
2016.09.27 16:47:20.582,1.32308,1.32314,1.00,4.87
2016.09.27 16:47:20.634,1.32307,1.32313,1.50,1.00
2016.09.27 16:47:20.685,1.32307,1.32315,1.87,2.25
2016.09.27 16:47:20.736,1.32309,1.32318,1.50,1.50
2016.09.27 16:47:20.787,1.32309,1.32318,1.12,1.50
2016.09.27 16:47:20.839,1.32309,1.32317,1.00,1.00
2016.09.27 16:47:20.890,1.32309,1.32318,1.12,1.37
2016.09.27 16:47:20.941,1.32309,1.32318,1.50,1.35
2016.09.27 16:47:21.043,1.32309,1.32318,2.25,1.00
2016.09.27 16:47:21.520,1.32309,1.32318,3.07,1.00
2016.09.27 16:47:21.641,1.32309,1.32318,2.32,1.00
2016.09.27 16:47:21.793,1.32309,1.32319,2.32,2.47
2016.09.27 16:47:21.845,1.32309,1.32319,2.25,1.87
2016.09.27 16:47:22.201,1.32309,1.32319,2.25,2.47
2016.09.27 16:47:22.253,1.32309,1.32319,1.50,2.47
2016.09.27 16:47:22.304,1.32309,1.32319,1.87,1.72
2016.09.27 16:47:22.356,1.32309,1.32319,2.62,1.12
2016.09.27 16:47:22.485,1.32314,1.32319,3.00,1.12
2016.09.27 16:47:22.536,1.32318,1.32322,1.12,1.87
2016.09.27 16:47:22.646,1.32318,1.32324,1.50,1.50
2016.09.27 16:47:22.697,1.32319,1.32324,1.00,1.50
2016.09.27 16:47:22.800,1.32319,1.32324,1.00,1.50
2016.09.27 16:47:22.851,1.32318,1.32327,2.81,1.00
2016.09.27 16:47:23.004,1.32318,1.32327,3.56,1.00
2016.09.27 16:47:23.360,1.32318,1.32327,2.44,1.00
2016.09.27 16:47:23.462,1.32318,1.32328,1.50,1.12
2016.09.27 16:47:23.513,1.32319,1.32328,2.25,1.00
2016.09.27 16:47:23.565,1.32319,1.32328,2.62,1.35
2016.09.27 16:47:23.616,1.32318,1.32328,3.37,1.37
2016.09.27 16:47:23.667,1.32318,1.32328,1.50,1.37
2016.09.27 16:47:24.166,1.32318,1.32328,1.50,1.37
2016.09.27 16:47:24.268,1.32318,1.32328,1.50,1.37
2016.09.27 16:47:24.508,1.32317,1.32327,4.87,1.72
2016.09.27 16:47:24.559,1.32317,1.32327,4.12,1.72
2016.09.27 16:47:24.813,1.32318,1.32327,1.50,1.72
2016.09.27 16:47:24.915,1.32318,1.32326,1.50,1.30
2016.09.27 16:47:25.068,1.32318,1.32326,2.25,1.30
2016.09.27 16:47:25.228,1.32318,1.32325,2.25,3.64
2016.09.27 16:47:25.279,1.32318,1.32324,2.25,1.42
2016.09.27 16:47:25.411,1.32315,1.32323,2.25,1.37
2016.09.27 16:47:25.462,1.32315,1.32323,1.87,1.50
2016.09.27 16:47:25.514,1.32315,1.32323,1.00,4.12
2016.09.27 16:47:25.566,1.32312,1.32319,3.75,1.00
2016.09.27 16:47:25.617,1.32312,1.32319,1.50,1.00
2016.09.27 16:47:25.668,1.32313,1.32319,1.00,1.00
2016.09.27 16:47:25.719,1.3231,1.32319,2.62,1.12
2016.09.27 16:47:25.771,1.32309,1.32319,6.37,1.12
2016.09.27 16:47:25.822,1.32309,1.32319,5.62,1.12
2016.09.27 16:47:25.874,1.32309,1.32319,5.62,2.47
2016.09.27 16:47:26.028,1.32309,1.32319,4.87,2.47
2016.09.27 16:47:26.907,1.32309,1.32319,4.12,2.47
2016.09.27 16:47:27.455,1.32309,1.32319,4.87,2.47
2016.09.27 16:47:27.573,1.32309,1.32318,4.12,1.00
2016.09.27 16:47:27.929,1.32309,1.32318,4.87,1.35
2016.09.27 16:47:28.545,1.32309,1.32318,4.12,1.35
2016.09.27 16:47:29.183,1.32309,1.32319,4.12,1.12
2016.09.27 16:47:29.234,1.32309,1.32318,5.06,1.00
2016.09.27 16:47:29.285,1.32309,1.32318,5.44,1.00
2016.09.27 16:47:29.336,1.32311,1.3232,1.50,1.50
2016.09.27 16:47:29.387,1.32311,1.3232,1.87,1.50
2016.09.27 16:47:29.438,1.32311,1.3232,1.87,1.12
2016.09.27 16:47:29.489,1.32311,1.3232,1.87,1.00
2016.09.27 16:47:29.540,1.32311,1.3232,1.87,1.12
2016.09.27 16:47:29.824,1.32311,1.32321,1.87,1.37
2016.09.27 16:47:29.876,1.32311,1.32318,1.87,1.00
2016.09.27 16:47:29.927,1.3231,1.32319,2.62,1.00
2016.09.27 16:47:29.978,1.3231,1.32319,2.62,1.50
2016.09.27 16:47:30.029,1.32309,1.32319,3.75,1.50
2016.09.27 16:47:30.080,1.32309,1.32319,1.87,1.50
2016.09.27 16:47:30.132,1.3231,1.32319,3.00,1.00
2016.09.27 16:47:30.238,1.3231,1.32319,2.25,1.00
2016.09.27 16:47:30.346,1.3231,1.32319,1.50,1.00
2016.09.27 16:47:30.397,1.3231,1.32319,1.50,1.00
2016.09.27 16:47:30.934,1.3231,1.32318,1.50,1.00
2016.09.27 16:47:31.036,1.32309,1.32318,1.12,1.00
2016.09.27 16:47:31.138,1.32308,1.32318,5.62,1.00
2016.09.27 16:47:31.189,1.32308,1.32319,5.62,2.44
2016.09.27 16:47:31.240,1.32308,1.32319,3.00,3.56
2016.09.27 16:47:31.291,1.32309,1.32318,1.00,1.00
2016.09.27 16:47:31.342,1.32309,1.32318,1.50,1.50
2016.09.27 16:47:31.394,1.32309,1.32317,1.50,1.00
2016.09.27 16:47:31.460,1.32309,1.32317,1.50,1.00
2016.09.27 16:47:31.581,1.32309,1.3232,4.87,3.60
2016.09.27 16:47:31.632,1.3231,1.3232,2.25,1.00
2016.09.27 16:47:31.684,1.32312,1.3232,1.00,1.00
2016.09.27 16:47:31.785,1.32312,1.3232,1.00,1.00
2016.09.27 16:47:31.836,1.32312,1.32321,1.00,2.25
2016.09.27 16:47:32.040,1.32312,1.32321,1.00,3.00
2016.09.27 16:47:32.244,1.32312,1.32321,1.00,2.25
2016.09.27 16:47:32.383,1.32312,1.32321,1.00,1.50
2016.09.27 16:47:33.838,1.32311,1.32321,4.12,1.12
2016.09.27 16:47:33.890,1.32314,1.32321,1.00,1.00
2016.09.27 16:47:33.941,1.32314,1.32321,1.00,1.50
2016.09.27 16:47:33.992,1.32314,1.32318,1.00,1.00
2016.09.27 16:47:34.073,1.32311,1.32318,3.75,1.00
2016.09.27 16:47:34.125,1.32311,1.32318,1.00,1.00
2016.09.27 16:47:34.177,1.32309,1.32318,2.25,1.00
2016.09.27 16:47:34.279,1.32309,1.32318,1.75,1.00
2016.09.27 16:47:34.382,1.32309,1.32318,2.25,1.00
2016.09.27 16:47:34.433,1.32309,1.32318,3.00,1.50
2016.09.27 16:47:34.738,1.32309,1.32318,2.25,1.50
2016.09.27 16:47:35.411,1.32309,1.32318,1.75,1.50
2016.09.27 16:47:35.462,1.32309,1.32318,2.25,1.50
2016.09.27 16:47:35.837,1.32309,1.32318,1.75,1.50
2016.09.27 16:47:36.536,1.3231,1.32318,1.00,1.87
2016.09.27 16:47:36.587,1.32309,1.32318,1.50,2.25
2016.09.27 16:47:37.472,1.32308,1.32318,3.00,4.35
2016.09.27 16:47:37.523,1.32308,1.32317,3.00,1.12
2016.09.27 16:47:37.686,1.32308,1.32317,1.75,1.12
2016.09.27 16:47:37.788,1.32308,1.32317,2.25,1.12
2016.09.27 16:47:37.839,1.32308,1.32317,1.75,1.12
2016.09.27 16:47:37.941,1.32308,1.32317,2.25,1.12
2016.09.27 16:47:38.964,1.32308,1.32317,1.75,1.12
2016.09.27 16:47:39.066,1.32308,1.32317,2.25,1.12
2016.09.27 16:47:39.117,1.32308,1.32317,2.25,1.12
2016.09.27 16:47:39.494,1.32308,1.32317,1.75,1.12
2016.09.27 16:47:39.545,1.32308,1.32317,2.25,1.12
2016.09.27 16:47:39.647,1.32308,1.32317,1.75,1.12
2016.09.27 16:47:39.749,1.32308,1.32317,2.25,1.12
2016.09.27 16:47:40.094,1.32308,1.32317,1.75,1.12
2016.09.27 16:47:40.718,1.32308,1.32317,1.75,1.12
2016.09.27 16:47:40.943,1.32311,1.32318,1.56,2.85
2016.09.27 16:47:40.994,1.32311,1.32319,1.56,3.00
2016.09.27 16:47:41.046,1.32311,1.32319,2.29,1.50
2016.09.27 16:47:41.208,1.32312,1.3232,1.75,1.00
2016.09.27 16:47:41.310,1.32312,1.3232,2.25,1.00
2016.09.27 16:47:41.361,1.32312,1.3232,1.87,1.00
2016.09.27 16:47:41.884,1.32312,1.3232,1.87,1.50
2016.09.27 16:47:41.994,1.32312,1.3232,1.37,1.50
2016.09.27 16:47:43.154,1.32312,1.3232,1.87,1.00
2016.09.27 16:47:43.256,1.32313,1.3232,1.37,1.00
2016.09.27 16:47:43.679,1.32314,1.3232,1.00,1.00
2016.09.27 16:47:43.882,1.32313,1.3232,1.37,1.00
2016.09.27 16:47:43.984,1.32314,1.3232,1.00,1.00
2016.09.27 16:47:44.137,1.32314,1.3232,1.00,1.00
2016.09.27 16:47:44.188,1.32313,1.32322,2.85,1.50
2016.09.27 16:47:44.239,1.32315,1.32323,1.12,3.37
2016.09.27 16:47:44.291,1.32315,1.32323,2.62,2.25
2016.09.27 16:47:44.342,1.32317,1.32325,1.00,2.62
2016.09.27 16:47:44.393,1.32317,1.32325,1.00,2.25
2016.09.27 16:47:44.444,1.32315,1.32325,4.12,2.10
2016.09.27 16:47:44.495,1.32316,1.32325,1.37,1.12
2016.09.27 16:47:44.546,1.32316,1.32325,1.87,3.37
2016.09.27 16:47:44.597,1.32316,1.32325,2.62,3.37
2016.09.27 16:47:44.713,1.32316,1.32324,1.50,2.25
2016.09.27 16:47:44.765,1.32316,1.32325,2.62,2.62
2016.09.27 16:47:44.816,1.32316,1.32325,1.87,2.62
2016.09.27 16:47:44.867,1.32316,1.32325,1.12,2.62
2016.09.27 16:47:44.918,1.32316,1.32324,1.12,1.37
2016.09.27 16:47:44.969,1.32315,1.32323,2.62,1.12
2016.09.27 16:47:45.020,1.32316,1.32323,1.00,1.12
2016.09.27 16:47:45.071,1.32316,1.32324,1.00,1.00
2016.09.27 16:47:45.123,1.32316,1.32324,1.00,2.85
2016.09.27 16:47:45.174,1.32316,1.32325,1.00,3.60
2016.09.27 16:47:45.225,1.32315,1.32325,2.62,3.60
2016.09.27 16:47:45.276,1.32315,1.32325,1.12,3.60
2016.09.27 16:47:45.372,1.32315,1.32324,1.12,1.00
2016.09.27 16:47:45.424,1.32315,1.32325,1.00,5.47
2016.09.27 16:47:45.627,1.32315,1.32325,1.00,3.97
2016.09.27 16:47:45.679,1.32315,1.32324,1.00,1.67
2016.09.27 16:47:45.832,1.32315,1.32325,1.00,3.97
2016.09.27 16:47:45.883,1.32315,1.32324,1.50,1.67
2016.09.27 16:47:45.934,1.32315,1.32324,1.00,1.67
2016.09.27 16:47:45.986,1.32314,1.32324,3.37,1.67
2016.09.27 16:47:46.554,1.32314,1.32325,3.37,5.47
2016.09.27 16:47:47.209,1.32317,1.32325,1.00,5.47
2016.09.27 16:47:47.591,1.32317,1.32324,1.00,1.67
2016.09.27 16:47:47.826,1.32317,1.32325,1.00,5.47
2016.09.27 16:47:47.877,1.32317,1.32324,1.00,1.67
2016.09.27 16:47:48.490,1.32317,1.32325,1.00,5.47
2016.09.27 16:47:48.592,1.32317,1.32325,1.00,4.72
2016.09.27 16:47:48.694,1.32317,1.32324,1.00,1.67
2016.09.27 16:47:49.136,1.32317,1.32324,1.00,2.10
2016.09.27 16:47:49.639,1.32317,1.32324,1.00,1.50
2016.09.27 16:47:49.925,1.32317,1.32324,1.00,2.10
2016.09.27 16:47:50.143,1.32317,1.32324,1.00,1.50
2016.09.27 16:47:52.200,1.32317,1.32324,1.00,2.10
2016.09.27 16:47:52.302,1.32317,1.32324,1.00,1.50
2016.09.27 16:47:52.759,1.32317,1.32323,1.00,1.31
2016.09.27 16:47:52.810,1.32317,1.32321,1.00,1.00
2016.09.27 16:47:52.862,1.32316,1.32321,1.00,1.50
2016.09.27 16:47:52.913,1.32313,1.3232,3.00,1.00
2016.09.27 16:47:53.025,1.32313,1.3232,1.00,1.50
2016.09.27 16:47:53.384,1.32313,1.3232,1.25,1.50
2016.09.27 16:47:53.486,1.32313,1.3232,1.00,1.50
2016.09.27 16:47:53.842,1.32313,1.3232,1.00,1.50
2016.09.27 16:47:53.945,1.32313,1.32319,1.00,1.00
2016.09.27 16:47:53.997,1.32316,1.3232,1.00,1.00
2016.09.27 16:47:54.087,1.32319,1.32323,1.00,1.87
2016.09.27 16:47:54.142,1.32319,1.32325,1.00,1.00
2016.09.27 16:47:54.194,1.32319,1.32326,1.00,1.12
2016.09.27 16:47:54.245,1.32319,1.32327,1.00,2.62
2016.09.27 16:47:54.297,1.32319,1.32327,1.00,1.87
2016.09.27 16:47:54.349,1.32319,1.32327,1.00,3.37
2016.09.27 16:47:54.400,1.32321,1.32327,1.00,2.62
2016.09.27 16:47:54.452,1.32321,1.32328,1.00,1.87
2016.09.27 16:47:54.504,1.32321,1.32329,1.00,2.25
2016.09.27 16:47:54.607,1.32321,1.32329,1.00,1.50
2016.09.27 16:47:54.658,1.32321,1.32329,1.00,1.00
2016.09.27 16:47:54.838,1.32321,1.32329,1.00,1.35
2016.09.27 16:47:54.889,1.32321,1.32329,1.00,1.00
2016.09.27 16:47:55.143,1.32321,1.32329,1.00,1.50
2016.09.27 16:47:55.355,1.32321,1.32328,1.00,1.00
2016.09.27 16:47:57.034,1.32321,1.3233,1.87,1.87
2016.09.27 16:47:57.094,1.32321,1.3233,2.25,2.25
2016.09.27 16:47:57.878,1.32321,1.3233,2.25,3.00
2016.09.27 16:47:57.966,1.32321,1.3233,2.25,2.25
2016.09.27 16:47:58.221,1.32321,1.3233,1.87,2.25
2016.09.27 16:47:58.272,1.32321,1.3233,1.87,4.12
2016.09.27 16:47:58.785,1.32321,1.3233,1.87,4.87
2016.09.27 16:47:58.988,1.32321,1.3233,1.87,5.47
2016.09.27 16:47:59.536,1.32321,1.32328,1.12,1.12
2016.09.27 16:48:01.910,1.32321,1.32328,1.50,1.12
2016.09.27 16:48:02.443,1.32321,1.32328,1.12,1.12
2016.09.27 16:48:02.697,1.32321,1.32328,1.19,1.12
2016.09.27 16:48:02.900,1.32321,1.32328,1.12,1.12
2016.09.27 16:48:04.997,1.32321,1.32328,1.19,1.12
2016.09.27 16:48:05.099,1.32321,1.32328,1.12,1.12
2016.09.27 16:48:05.905,1.32321,1.32328,1.19,1.12
2016.09.27 16:48:06.109,1.32321,1.32328,1.12,1.12
2016.09.27 16:48:06.961,1.32321,1.32329,1.12,1.50
2016.09.27 16:48:07.772,1.32321,1.3233,1.12,4.72
2016.09.27 16:48:07.824,1.32321,1.32329,1.12,1.67
2016.09.27 16:48:07.978,1.32321,1.32329,1.12,2.10
2016.09.27 16:48:08.084,1.32321,1.32329,1.12,3.22
2016.09.27 16:48:08.136,1.32321,1.32329,1.12,3.97
2016.09.27 16:48:08.188,1.32321,1.32329,1.00,6.22
2016.09.27 16:48:08.290,1.32321,1.32329,1.00,4.87
2016.09.27 16:48:08.595,1.32321,1.32329,1.25,5.62
2016.09.27 16:48:08.646,1.32321,1.32329,1.25,4.87
2016.09.27 16:48:08.697,1.32321,1.32329,1.00,4.12
2016.09.27 16:48:08.799,1.32321,1.32329,1.25,4.87
2016.09.27 16:48:08.938,1.32321,1.32329,1.25,5.47
2016.09.27 16:48:08.989,1.32321,1.32329,1.00,4.12
2016.09.27 16:48:09.040,1.32321,1.32329,1.00,4.87
2016.09.27 16:48:09.315,1.32321,1.32329,1.00,5.47
2016.09.27 16:48:09.366,1.32321,1.32329,1.00,4.87
2016.09.27 16:48:09.417,1.32321,1.32329,1.25,5.62
2016.09.27 16:48:09.519,1.32321,1.32329,1.00,4.87
2016.09.27 16:48:09.862,1.32321,1.32329,1.00,4.50
2016.09.27 16:48:09.913,1.32321,1.32329,1.37,2.62
2016.09.27 16:48:10.321,1.32321,1.32328,1.62,1.00
2016.09.27 16:48:11.623,1.32321,1.32328,1.37,1.00
2016.09.27 16:48:13.809,1.32321,1.32328,1.62,1.00
2016.09.27 16:48:14.382,1.32321,1.32328,1.69,1.00
2016.09.27 16:48:15.396,1.32321,1.32328,1.50,1.00
2016.09.27 16:48:15.993,1.32321,1.32328,1.64,1.00
2016.09.27 16:48:16.096,1.32321,1.32328,1.50,1.00
2016.09.27 16:48:16.324,1.32321,1.32328,4.27,1.00
2016.09.27 16:48:16.375,1.32322,1.32332,1.64,6.37
2016.09.27 16:48:16.427,1.32324,1.32332,1.12,3.37
2016.09.27 16:48:16.478,1.32324,1.32332,1.12,3.00
2016.09.27 16:48:16.564,1.32324,1.32332,2.20,1.12
2016.09.27 16:48:16.616,1.32326,1.32332,1.12,1.00
2016.09.27 16:48:16.719,1.32326,1.32332,1.00,1.00
2016.09.27 16:48:16.770,1.32326,1.32333,1.00,1.00
2016.09.27 16:48:16.821,1.32326,1.32333,1.19,1.00
2016.09.27 16:48:16.873,1.32326,1.32334,1.19,2.85
2016.09.27 16:48:16.926,1.32326,1.32334,1.12,1.50
2016.09.27 16:48:17.031,1.32326,1.32334,1.12,2.85
2016.09.27 16:48:17.082,1.32326,1.32334,1.12,2.10
2016.09.27 16:48:17.348,1.32326,1.32334,1.12,2.85
2016.09.27 16:48:17.948,1.32326,1.32334,1.87,2.10
2016.09.27 16:48:19.133,1.32326,1.3233,1.12,1.00
2016.09.27 16:48:19.185,1.32323,1.32328,1.37,1.25
2016.09.27 16:48:19.237,1.32322,1.3233,1.50,1.00
2016.09.27 16:48:19.288,1.32321,1.32328,1.50,1.00
2016.09.27 16:48:19.340,1.32321,1.3233,1.00,3.60
2016.09.27 16:48:19.594,1.32321,1.32329,1.00,1.35
2016.09.27 16:48:19.696,1.32319,1.32329,2.25,1.87
2016.09.27 16:48:19.747,1.3232,1.32329,1.00,1.87
2016.09.27 16:48:19.798,1.32319,1.32329,2.62,2.25
2016.09.27 16:48:19.900,1.32319,1.32329,2.25,1.50
2016.09.27 16:48:20.104,1.32319,1.32329,2.69,2.25
2016.09.27 16:48:20.155,1.32319,1.32329,1.94,3.00
2016.09.27 16:48:20.206,1.32319,1.32329,1.87,3.00
2016.09.27 16:48:20.604,1.32319,1.32329,1.75,2.25
2016.09.27 16:48:20.655,1.32319,1.32329,1.75,2.85
2016.09.27 16:48:20.707,1.32319,1.32329,1.84,2.85
2016.09.27 16:48:20.808,1.32319,1.32329,1.75,2.85
2016.09.27 16:48:20.953,1.32319,1.32329,1.75,2.25
2016.09.27 16:48:21.106,1.32319,1.32329,1.75,2.85
2016.09.27 16:48:21.629,1.32319,1.32329,1.94,2.85
2016.09.27 16:48:21.731,1.32319,1.32329,1.87,3.00
2016.09.27 16:48:21.895,1.32319,1.32329,1.87,3.60
2016.09.27 16:48:21.946,1.32319,1.32329,1.75,2.85
2016.09.27 16:48:22.460,1.32319,1.32328,1.75,1.35
2016.09.27 16:48:22.848,1.32319,1.32328,1.75,2.10
2016.09.27 16:48:22.901,1.3232,1.32327,1.00,1.72
2016.09.27 16:48:22.952,1.32317,1.32327,4.87,2.10
2016.09.27 16:48:23.042,1.32317,1.32327,4.12,2.85
2016.09.27 16:48:23.093,1.32317,1.32326,1.50,2.85
2016.09.27 16:48:23.145,1.32317,1.32324,1.50,3.22
2016.09.27 16:48:23.197,1.32316,1.32324,1.37,1.50
2016.09.27 16:48:23.248,1.32314,1.32322,3.37,1.00
2016.09.27 16:48:23.299,1.32314,1.32323,1.00,3.00
2016.09.27 16:48:23.604,1.32314,1.32323,1.00,2.25
2016.09.27 16:48:23.810,1.32314,1.32323,1.00,3.00
2016.09.27 16:48:23.963,1.32314,1.32323,1.00,3.75
2016.09.27 16:48:24.115,1.32314,1.32323,1.00,3.00
2016.09.27 16:48:24.217,1.32314,1.32323,1.00,3.75
2016.09.27 16:48:24.436,1.32314,1.32323,1.00,3.00
2016.09.27 16:48:24.914,1.32314,1.32323,1.00,3.75
2016.09.27 16:48:25.109,1.32314,1.32323,1.37,3.75
2016.09.27 16:48:25.160,1.32314,1.32323,1.50,3.37
2016.09.27 16:48:25.212,1.32314,1.32323,1.50,2.62
2016.09.27 16:48:25.263,1.32314,1.32323,1.50,1.87
2016.09.27 16:48:25.572,1.32314,1.32323,1.12,1.87
2016.09.27 16:48:27.221,1.32314,1.32323,1.12,2.62
2016.09.27 16:48:28.037,1.32314,1.32323,1.12,1.87
2016.09.27 16:48:28.255,1.32314,1.32323,1.37,1.50
2016.09.27 16:48:28.306,1.32314,1.32323,1.50,1.50
2016.09.27 16:48:28.611,1.32314,1.32323,1.50,2.25
2016.09.27 16:48:29.758,1.32314,1.32323,1.50,1.50
2016.09.27 16:48:29.809,1.32314,1.32323,1.50,1.00
2016.09.27 16:48:30.023,1.32315,1.32324,3.29,1.87
2016.09.27 16:48:30.074,1.32318,1.32324,1.44,1.12
2016.09.27 16:48:30.125,1.32318,1.32325,3.07,1.50
2016.09.27 16:48:30.176,1.32321,1.32326,1.00,2.62
2016.09.27 16:48:30.227,1.32321,1.32327,1.38,1.50
2016.09.27 16:48:30.279,1.32322,1.32328,1.75,2.25
2016.09.27 16:48:30.347,1.32322,1.32328,2.62,1.87
2016.09.27 16:48:30.472,1.32324,1.32329,1.37,1.50
2016.09.27 16:48:30.523,1.32324,1.32332,1.37,3.22
2016.09.27 16:48:31.250,1.32324,1.32332,1.37,2.47
2016.09.27 16:48:31.531,1.32324,1.32332,1.37,1.72
2016.09.27 16:48:32.131,1.32324,1.32332,1.37,1.12
2016.09.27 16:48:32.234,1.32324,1.32332,1.37,1.72
2016.09.27 16:48:32.539,1.32324,1.32333,1.37,3.97
2016.09.27 16:48:32.590,1.32324,1.32333,1.37,3.22
2016.09.27 16:48:32.642,1.32324,1.32333,1.37,2.47
2016.09.27 16:48:32.693,1.32324,1.32333,1.37,1.87
2016.09.27 16:48:32.744,1.32325,1.32333,1.12,2.47
2016.09.27 16:48:32.846,1.32323,1.32333,2.62,2.85
2016.09.27 16:48:32.897,1.32326,1.32333,1.00,2.85
2016.09.27 16:48:33.233,1.32323,1.32332,2.62,1.30
2016.09.27 16:48:33.284,1.32322,1.32332,5.25,1.30
2016.09.27 16:48:33.835,1.32322,1.32332,4.12,1.30
2016.09.27 16:48:34.095,1.32322,1.32332,4.12,1.72
2016.09.27 16:48:34.197,1.32322,1.32331,4.12,1.00
2016.09.27 16:48:34.589,1.32322,1.32331,4.12,1.50
2016.09.27 16:48:34.640,1.32322,1.32331,4.12,2.10
2016.09.27 16:48:35.504,1.32322,1.3233,4.12,1.35
2016.09.27 16:48:36.992,1.32322,1.3233,3.37,1.35
2016.09.27 16:48:37.645,1.32322,1.3233,2.62,1.35
2016.09.27 16:48:37.797,1.32322,1.32329,2.62,1.00
2016.09.27 16:48:37.899,1.3232,1.32329,2.62,1.00
2016.09.27 16:48:38.204,1.3232,1.32329,3.37,1.00
2016.09.27 16:48:38.255,1.32321,1.32329,1.00,1.37
2016.09.27 16:48:38.367,1.32321,1.3233,1.12,4.12
2016.09.27 16:48:38.419,1.32321,1.3233,1.50,1.87
2016.09.27 16:48:38.775,1.32321,1.3233,1.50,2.62
2016.09.27 16:48:38.826,1.32321,1.3233,1.50,1.87
2016.09.27 16:48:38.929,1.32319,1.32323,6.00,1.12
2016.09.27 16:48:38.981,1.32319,1.32324,4.12,1.87
2016.09.27 16:48:39.032,1.32318,1.32322,3.37,1.50
2016.09.27 16:48:39.085,1.32313,1.3232,1.00,1.00
2016.09.27 16:48:39.244,1.32313,1.3232,1.37,1.00
2016.09.27 16:48:39.310,1.32313,1.32321,1.00,1.87
2016.09.27 16:48:39.362,1.32313,1.32319,1.00,1.00
2016.09.27 16:48:39.515,1.32311,1.32319,2.25,1.00
2016.09.27 16:48:39.566,1.32311,1.32319,1.50,1.00
2016.09.27 16:48:40.139,1.32311,1.32318,1.50,1.00
2016.09.27 16:48:40.644,1.32311,1.32319,1.50,1.00
2016.09.27 16:48:41.101,1.32311,1.32319,1.50,1.60
2016.09.27 16:48:46.463,1.32311,1.32318,1.83,1.00
2016.09.27 16:48:46.641,1.32312,1.3232,1.12,1.00
2016.09.27 16:48:46.692,1.32313,1.32322,1.00,1.50
2016.09.27 16:48:46.743,1.32314,1.32322,1.00,1.50
2016.09.27 16:48:46.794,1.32315,1.32321,1.00,1.00
2016.09.27 16:48:46.845,1.32316,1.32321,1.00,1.50
2016.09.27 16:48:46.948,1.32316,1.3232,1.00,1.00
2016.09.27 16:48:47.080,1.32316,1.32321,1.50,1.50
2016.09.27 16:48:47.183,1.32316,1.32321,1.00,1.50
2016.09.27 16:48:47.236,1.32316,1.3232,1.00,1.00
2016.09.27 16:48:47.338,1.32316,1.32321,1.37,1.50
2016.09.27 16:48:47.490,1.32316,1.32321,1.37,1.50
2016.09.27 16:48:47.686,1.32316,1.32321,1.37,1.50
2016.09.27 16:48:48.167,1.32316,1.32321,1.37,1.00
2016.09.27 16:48:48.675,1.32316,1.32321,1.00,1.00
2016.09.27 16:48:48.777,1.32316,1.32321,1.00,1.50
2016.09.27 16:48:48.879,1.32316,1.32321,1.00,1.00
2016.09.27 16:48:49.440,1.32316,1.32321,1.00,1.50
2016.09.27 16:48:49.542,1.32316,1.32321,1.00,1.00
2016.09.27 16:48:49.975,1.32316,1.32321,1.00,1.50
2016.09.27 16:48:50.711,1.32316,1.32321,1.00,1.00
2016.09.27 16:48:51.068,1.32316,1.32321,1.00,1.50
2016.09.27 16:48:51.171,1.32316,1.3232,1.00,1.00
2016.09.27 16:48:51.549,1.32316,1.32321,1.00,1.50
2016.09.27 16:48:52.685,1.32316,1.3232,1.00,1.00
2016.09.27 16:48:52.860,1.32316,1.32321,1.00,1.50
2016.09.27 16:48:53.397,1.32316,1.32321,1.00,1.00
2016.09.27 16:48:53.882,1.32316,1.32322,1.00,1.50
2016.09.27 16:48:55.585,1.32316,1.32321,1.00,1.00
2016.09.27 16:48:55.989,1.32316,1.32322,1.00,1.50
2016.09.27 16:48:56.469,1.32316,1.32321,1.00,1.00
2016.09.27 16:48:57.026,1.32316,1.32321,1.00,1.50
2016.09.27 16:48:57.077,1.32316,1.32321,1.00,1.00
2016.09.27 16:48:57.296,1.32316,1.32321,1.00,1.50
2016.09.27 16:48:57.550,1.32316,1.32321,1.00,1.00
2016.09.27 16:48:57.754,1.32316,1.32321,1.00,1.50
2016.09.27 16:48:58.770,1.32316,1.32321,1.00,1.00
2016.09.27 16:48:59.000,1.32314,1.32321,1.12,1.00
2016.09.27 16:48:59.660,1.32314,1.32321,1.12,1.50
2016.09.27 16:49:00.274,1.32314,1.3232,1.12,1.50
2016.09.27 16:49:00.440,1.32312,1.32318,1.00,1.00
2016.09.27 16:49:00.593,1.32312,1.32319,1.00,1.50
2016.09.27 16:49:00.644,1.32312,1.32319,1.00,1.50
2016.09.27 16:49:00.696,1.32312,1.32318,1.00,1.00
2016.09.27 16:49:00.798,1.32312,1.32319,1.00,1.50
2016.09.27 16:49:01.397,1.32312,1.32318,1.00,1.00
2016.09.27 16:49:01.799,1.32312,1.32319,1.00,1.50
2016.09.27 16:49:02.002,1.32312,1.32319,1.00,2.85
2016.09.27 16:49:02.053,1.32312,1.32318,1.00,1.00
2016.09.27 16:49:02.104,1.32309,1.32318,3.37,1.12
2016.09.27 16:49:02.222,1.32309,1.32317,1.50,1.00
2016.09.27 16:49:02.477,1.3231,1.32317,1.37,1.00
2016.09.27 16:49:03.360,1.3231,1.32317,1.37,1.50
2016.09.27 16:49:03.881,1.3231,1.32315,1.00,1.00
2016.09.27 16:49:03.984,1.32309,1.32316,1.00,1.50
2016.09.27 16:49:04.036,1.32309,1.32316,1.00,2.10
2016.09.27 16:49:04.088,1.32309,1.32316,1.00,1.72
2016.09.27 16:49:04.139,1.32309,1.32316,1.00,2.10
2016.09.27 16:49:04.191,1.32309,1.32316,1.00,2.47
2016.09.27 16:49:04.242,1.32309,1.32316,1.00,1.35
2016.09.27 16:49:04.293,1.32309,1.32316,1.00,3.60
2016.09.27 16:49:04.344,1.32309,1.32316,1.00,3.37
2016.09.27 16:49:04.395,1.32309,1.32316,1.00,1.12
2016.09.27 16:49:04.447,1.32309,1.32316,1.50,1.00
2016.09.27 16:49:04.498,1.32309,1.32316,1.50,1.50
2016.09.27 16:49:04.600,1.32309,1.32316,1.87,2.25
2016.09.27 16:49:04.753,1.32309,1.32315,1.87,1.00
2016.09.27 16:49:05.311,1.32309,1.32315,1.00,1.00
2016.09.27 16:49:05.879,1.32309,1.32316,1.00,3.00
2016.09.27 16:49:05.930,1.32308,1.32316,1.12,3.00
2016.09.27 16:49:07.734,1.32308,1.32316,1.12,3.97
2016.09.27 16:49:07.785,1.32308,1.32316,1.00,3.60
2016.09.27 16:49:07.836,1.32308,1.32316,1.00,3.75
2016.09.27 16:49:07.887,1.32308,1.32315,1.37,1.00
2016.09.27 16:49:07.938,1.32309,1.32315,1.12,1.00
2016.09.27 16:49:07.990,1.32309,1.32316,1.00,3.75
2016.09.27 16:49:08.041,1.32309,1.32316,1.00,3.37
2016.09.27 16:49:08.092,1.32309,1.32316,1.00,1.37
2016.09.27 16:49:08.143,1.32309,1.32316,1.00,1.00
2016.09.27 16:49:08.346,1.32312,1.32316,1.00,1.00
2016.09.27 16:49:10.081,1.3231,1.32316,1.00,1.00
2016.09.27 16:49:10.757,1.3231,1.32317,1.00,1.00
2016.09.27 16:49:10.808,1.3231,1.32317,1.00,1.50
2016.09.27 16:49:10.912,1.3231,1.32318,2.44,1.37
2016.09.27 16:49:10.963,1.3231,1.32319,4.16,1.87
2016.09.27 16:49:11.014,1.32316,1.3232,1.00,1.00
2016.09.27 16:49:11.065,1.32316,1.32321,1.00,1.87
2016.09.27 16:49:11.539,1.32316,1.32321,1.00,1.12
2016.09.27 16:49:12.149,1.32316,1.32322,1.00,1.50
2016.09.27 16:49:12.454,1.32316,1.32322,1.00,1.50
2016.09.27 16:49:12.506,1.32316,1.32323,1.00,6.37
2016.09.27 16:49:13.125,1.32314,1.32323,1.12,5.62
2016.09.27 16:49:13.517,1.32314,1.32323,1.12,6.37
2016.09.27 16:49:13.776,1.32314,1.32323,1.12,5.62
2016.09.27 16:49:14.626,1.32314,1.32323,1.87,5.62
2016.09.27 16:49:14.779,1.32314,1.32323,1.87,6.37
2016.09.27 16:49:14.830,1.32314,1.32323,1.12,6.37
2016.09.27 16:49:14.881,1.32314,1.32323,1.12,5.62
2016.09.27 16:49:15.511,1.32314,1.32323,1.12,6.37
2016.09.27 16:49:15.879,1.32314,1.32323,1.12,5.62
2016.09.27 16:49:16.083,1.32314,1.32323,1.12,6.37
2016.09.27 16:49:16.184,1.32314,1.32323,1.12,5.62
2016.09.27 16:49:16.298,1.32314,1.32323,1.12,6.37
2016.09.27 16:49:16.808,1.32314,1.32319,1.12,1.00
2016.09.27 16:49:16.859,1.32311,1.32318,2.62,1.35
2016.09.27 16:49:16.910,1.3231,1.32318,3.00,1.50
2016.09.27 16:49:16.962,1.32309,1.32317,2.25,1.00
2016.09.27 16:49:17.036,1.3231,1.32316,1.00,1.00
2016.09.27 16:49:17.089,1.32309,1.32316,1.37,2.25
2016.09.27 16:49:17.173,1.32309,1.32315,1.00,1.00
2016.09.27 16:49:17.327,1.32307,1.32315,1.50,1.00
2016.09.27 16:49:17.995,1.32306,1.32315,2.25,2.25
2016.09.27 16:49:18.046,1.32306,1.32315,2.25,2.85
2016.09.27 16:49:18.097,1.32306,1.32315,2.25,5.10
2016.09.27 16:49:18.206,1.32306,1.32313,1.50,1.12
2016.09.27 16:49:18.257,1.32306,1.32311,1.12,1.00
2016.09.27 16:49:18.308,1.32303,1.3231,1.69,1.00
2016.09.27 16:49:18.360,1.32303,1.32309,1.31,1.00
2016.09.27 16:49:18.411,1.32303,1.32309,1.25,1.00
2016.09.27 16:49:18.462,1.32303,1.3231,1.25,1.50
2016.09.27 16:49:18.513,1.32303,1.3231,1.12,1.37
2016.09.27 16:49:18.564,1.32303,1.32309,1.12,1.00
2016.09.27 16:49:18.615,1.32303,1.3231,1.12,1.37
2016.09.27 16:49:18.667,1.32303,1.32311,1.12,1.12
2016.09.27 16:49:19.301,1.32303,1.32311,1.12,1.87
2016.09.27 16:49:19.778,1.32303,1.32311,1.00,1.87
2016.09.27 16:49:19.982,1.32303,1.32309,1.25,1.00
2016.09.27 16:49:20.203,1.32303,1.32311,1.31,3.37
2016.09.27 16:49:20.254,1.32303,1.32311,1.31,1.87
2016.09.27 16:49:20.349,1.32303,1.3231,1.37,1.00
2016.09.27 16:49:20.705,1.32303,1.32311,1.37,1.87
2016.09.27 16:49:20.807,1.32303,1.32311,1.50,2.62
2016.09.27 16:49:24.286,1.32303,1.32311,1.37,1.87
2016.09.27 16:49:24.834,1.32303,1.32311,1.83,3.37
2016.09.27 16:49:24.885,1.32303,1.32311,1.50,3.37
2016.09.27 16:49:24.989,1.32304,1.32311,1.08,1.87
2016.09.27 16:49:25.040,1.32305,1.32313,2.02,2.25
2016.09.27 16:49:25.091,1.32307,1.32314,1.19,2.25
2016.09.27 16:49:25.188,1.32309,1.32314,1.12,2.62
2016.09.27 16:49:25.239,1.3231,1.32315,1.00,1.00
2016.09.27 16:49:25.340,1.3231,1.32317,1.00,3.37
2016.09.27 16:49:25.391,1.3231,1.32316,1.00,1.00
2016.09.27 16:49:25.443,1.3231,1.32317,1.00,1.72
2016.09.27 16:49:25.494,1.3231,1.32317,1.00,1.35
2016.09.27 16:49:25.545,1.3231,1.32317,1.00,1.37
2016.09.27 16:49:25.596,1.3231,1.32316,1.00,1.00
2016.09.27 16:49:26.002,1.3231,1.32317,1.00,1.12
2016.09.27 16:49:26.104,1.3231,1.32317,1.00,1.72
2016.09.27 16:49:26.429,1.3231,1.32317,1.00,1.30
2016.09.27 16:49:26.581,1.3231,1.32318,1.00,2.85
2016.09.27 16:49:27.113,1.3231,1.32317,1.00,1.30
2016.09.27 16:49:27.317,1.32309,1.32317,1.69,1.30
2016.09.27 16:49:27.418,1.32309,1.32318,1.50,2.85
2016.09.27 16:49:27.520,1.32309,1.32318,1.69,3.60
2016.09.27 16:49:27.622,1.32309,1.32318,1.50,2.85
2016.09.27 16:49:27.994,1.32309,1.32318,1.69,3.60
2016.09.27 16:49:28.605,1.32309,1.32318,2.25,2.25
2016.09.27 16:49:28.657,1.32309,1.32318,2.25,2.25
2016.09.27 16:49:28.708,1.32309,1.32318,3.14,3.00
2016.09.27 16:49:28.759,1.32309,1.32318,3.89,3.00
2016.09.27 16:49:28.810,1.32309,1.32318,4.50,2.25
2016.09.27 16:49:28.861,1.3231,1.3232,1.25,5.62
2016.09.27 16:49:28.912,1.32313,1.3232,1.00,3.00
2016.09.27 16:49:28.963,1.32313,1.32319,1.00,1.00
2016.09.27 16:49:29.014,1.32313,1.3232,1.50,1.00
2016.09.27 16:49:29.065,1.32313,1.3232,1.50,1.00
2016.09.27 16:49:29.116,1.32313,1.3232,1.50,1.12
2016.09.27 16:49:29.167,1.32313,1.3232,1.50,1.12
2016.09.27 16:49:29.219,1.32313,1.3232,1.37,1.00
2016.09.27 16:49:29.269,1.32313,1.3232,1.37,1.50
2016.09.27 16:49:29.371,1.32313,1.3232,1.37,1.00
2016.09.27 16:49:29.422,1.32312,1.32319,1.50,1.00
2016.09.27 16:49:29.568,1.32312,1.32319,1.50,1.00
2016.09.27 16:49:38.753,1.32312,1.32318,1.50,1.00
2016.09.27 16:49:38.804,1.32312,1.32318,1.69,1.00
2016.09.27 16:49:39.296,1.32312,1.3232,1.69,2.25
2016.09.27 16:49:39.347,1.32312,1.32321,3.14,1.50
2016.09.27 16:49:39.398,1.32312,1.32321,3.52,1.50
2016.09.27 16:49:39.449,1.32314,1.32321,1.12,1.00
2016.09.27 16:49:39.500,1.32314,1.32322,1.12,1.37
2016.09.27 16:49:39.551,1.32314,1.32323,1.37,3.75
2016.09.27 16:49:39.602,1.32314,1.32323,1.37,3.37
2016.09.27 16:49:40.554,1.32314,1.32323,1.37,2.62
2016.09.27 16:49:40.605,1.32314,1.32323,1.37,3.37
2016.09.27 16:49:40.707,1.32314,1.32323,1.37,3.37
2016.09.27 16:49:40.911,1.32314,1.32323,1.37,2.62
2016.09.27 16:49:41.133,1.32314,1.32323,1.37,3.37
2016.09.27 16:49:41.236,1.32314,1.32323,1.37,2.62
2016.09.27 16:49:42.439,1.32315,1.32323,1.00,2.62
2016.09.27 16:49:42.594,1.32314,1.32323,1.87,2.62
2016.09.27 16:49:42.645,1.32314,1.32323,2.25,2.62
2016.09.27 16:49:42.807,1.32314,1.32323,1.87,2.62
2016.09.27 16:49:42.858,1.32314,1.32323,1.87,1.87
2016.09.27 16:49:42.909,1.32314,1.32323,1.87,1.12
2016.09.27 16:49:43.113,1.32314,1.32323,2.25,1.12
2016.09.27 16:49:43.215,1.32314,1.32323,1.87,1.12
2016.09.27 16:49:44.816,1.32314,1.32323,2.25,1.12
2016.09.27 16:49:44.921,1.32314,1.32323,1.87,1.12
2016.09.27 16:49:45.012,1.32314,1.32323,2.25,1.12
2016.09.27 16:49:45.064,1.32314,1.32323,3.00,1.12
2016.09.27 16:49:45.115,1.32314,1.32324,3.33,1.87
2016.09.27 16:49:45.166,1.32315,1.32324,1.64,1.87
2016.09.27 16:49:45.218,1.32315,1.32324,1.56,1.37
2016.09.27 16:49:45.269,1.32315,1.32324,2.02,3.75
2016.09.27 16:49:45.349,1.32315,1.32324,2.02,3.37
2016.09.27 16:49:45.451,1.32315,1.32324,2.62,4.87
2016.09.27 16:49:45.553,1.32315,1.32324,2.20,4.12
2016.09.27 16:49:45.996,1.32315,1.32324,2.06,4.12
2016.09.27 16:49:46.048,1.32315,1.32324,2.20,4.12
2016.09.27 16:49:46.253,1.32315,1.32324,2.20,2.25
2016.09.27 16:49:46.356,1.32315,1.32324,2.58,2.25
2016.09.27 16:49:46.668,1.32315,1.32324,2.58,1.50
2016.09.27 16:49:49.155,1.32315,1.32324,3.14,1.50
2016.09.27 16:49:49.851,1.32315,1.32324,2.58,1.50
2016.09.27 16:49:50.517,1.32315,1.32324,3.14,1.50
2016.09.27 16:49:50.620,1.32315,1.32324,2.58,1.50
2016.09.27 16:49:50.724,1.32315,1.32324,2.44,1.50
2016.09.27 16:49:51.087,1.32315,1.32324,2.44,1.50
2016.09.27 16:49:51.189,1.32315,1.32324,2.44,1.50
2016.09.27 16:49:51.240,1.32315,1.32324,2.58,1.12
2016.09.27 16:49:51.342,1.32315,1.32324,2.58,1.50
2016.09.27 16:49:51.860,1.32315,1.32324,3.33,1.50
2016.09.27 16:49:51.961,1.32315,1.32324,3.37,1.50
2016.09.27 16:49:52.027,1.32315,1.32324,3.33,1.50
2016.09.27 16:49:52.131,1.32315,1.32324,3.52,1.50
2016.09.27 16:49:52.647,1.32315,1.32324,3.37,1.50
2016.09.27 16:49:52.748,1.32315,1.32324,3.52,1.50
2016.09.27 16:49:53.003,1.32315,1.32324,2.77,1.50
2016.09.27 16:49:53.105,1.32315,1.32324,3.14,1.50
2016.09.27 16:49:53.156,1.32315,1.32324,3.52,1.50
2016.09.27 16:49:53.207,1.32315,1.32324,3.14,1.50
2016.09.27 16:49:53.404,1.32315,1.32324,3.52,1.50
2016.09.27 16:49:53.506,1.32315,1.32324,3.14,1.50
2016.09.27 16:49:53.956,1.32316,1.32324,1.14,1.50
2016.09.27 16:49:54.399,1.32316,1.32324,1.52,1.50
2016.09.27 16:49:54.450,1.32316,1.32324,1.52,1.12
2016.09.27 16:49:54.907,1.32315,1.32324,2.77,1.12
2016.09.27 16:49:54.958,1.32315,1.32324,2.62,1.12
2016.09.27 16:49:55.060,1.32315,1.32324,2.77,1.12
2016.09.27 16:49:55.448,1.32315,1.32324,2.62,1.12
2016.09.27 16:49:55.550,1.32315,1.32324,2.77,1.12
2016.09.27 16:49:56.808,1.32316,1.32324,1.14,1.37
2016.09.27 16:49:56.860,1.32315,1.32324,2.25,1.37
2016.09.27 16:49:56.963,1.32315,1.32324,2.06,1.37
2016.09.27 16:49:57.134,1.32315,1.32324,2.25,1.37
2016.09.27 16:49:57.236,1.32315,1.32324,2.20,1.37
2016.09.27 16:49:57.562,1.32316,1.32324,1.14,1.37
2016.09.27 16:49:57.765,1.32316,1.32324,1.00,1.37
2016.09.27 16:49:57.927,1.32315,1.32324,3.14,1.37
2016.09.27 16:49:58.028,1.32315,1.32324,3.00,1.37
2016.09.27 16:49:58.647,1.32315,1.32324,2.81,1.37
2016.09.27 16:49:58.698,1.32315,1.32324,2.81,1.87
2016.09.27 16:49:58.749,1.32315,1.32324,2.77,2.62
2016.09.27 16:49:58.851,1.32315,1.32324,2.95,2.62
2016.09.27 16:49:58.902,1.32316,1.32324,1.00,2.62
2016.09.27 16:49:58.954,1.32316,1.32324,1.00,1.87
2016.09.27 16:49:59.005,1.32315,1.32324,1.87,1.87
2016.09.27 16:49:59.379,1.32315,1.32324,2.02,2.62
2016.09.27 16:49:59.484,1.32315,1.32324,2.39,2.62
2016.09.27 16:49:59.993,1.32317,1.32324,1.50,1.87
2016.09.27 16:50:00.045,1.32317,1.32324,2.02,1.37
2016.09.27 16:50:00.096,1.32317,1.32325,2.39,1.12
2016.09.27 16:50:00.147,1.32318,1.32327,1.14,2.62
2016.09.27 16:50:00.270,1.32317,1.32328,4.27,4.87
2016.09.27 16:50:00.367,1.32317,1.32328,2.25,4.12
2016.09.27 16:50:00.418,1.32317,1.32328,2.25,5.47
2016.09.27 16:50:00.520,1.32317,1.32325,1.50,1.37
2016.09.27 16:50:00.571,1.32316,1.32325,2.25,3.00
2016.09.27 16:50:00.622,1.32316,1.32325,1.50,3.00
2016.09.27 16:50:00.673,1.32316,1.32325,1.00,5.25
2016.09.27 16:50:00.724,1.32316,1.32324,1.00,1.37
2016.09.27 16:50:00.776,1.32314,1.32322,1.50,1.00
2016.09.27 16:50:00.827,1.32316,1.32322,1.00,1.00
2016.09.27 16:50:00.878,1.32316,1.32322,1.00,1.50
2016.09.27 16:50:00.977,1.32314,1.32322,1.75,1.00
2016.09.27 16:50:01.028,1.32314,1.32324,1.50,1.12
2016.09.27 16:50:01.741,1.32314,1.32324,1.50,1.87
2016.09.27 16:50:01.963,1.32315,1.32324,1.87,1.87
2016.09.27 16:50:02.033,1.32315,1.32324,1.00,1.50
2016.09.27 16:50:02.085,1.32315,1.32324,1.37,1.87
2016.09.27 16:50:02.137,1.32315,1.32324,1.50,1.50
2016.09.27 16:50:02.393,1.32315,1.32324,1.50,1.87
2016.09.27 16:50:02.444,1.32315,1.32324,1.37,1.87
2016.09.27 16:50:03.077,1.32315,1.32323,1.37,1.12
2016.09.27 16:50:03.892,1.32315,1.32323,1.37,1.00
2016.09.27 16:50:03.943,1.32316,1.32324,1.00,2.25
2016.09.27 16:50:03.994,1.32315,1.32324,1.50,2.62
2016.09.27 16:50:04.045,1.32315,1.32324,1.12,3.37
2016.09.27 16:50:04.175,1.32316,1.32324,1.00,2.62
2016.09.27 16:50:04.227,1.32316,1.32324,1.00,1.87
2016.09.27 16:50:04.332,1.32316,1.32324,1.00,2.62
2016.09.27 16:50:04.538,1.32316,1.32324,1.00,1.87
2016.09.27 16:50:04.590,1.32315,1.32324,1.12,1.87
2016.09.27 16:50:04.693,1.32316,1.32324,1.37,1.00
2016.09.27 16:50:04.744,1.32317,1.32324,1.00,1.00
2016.09.27 16:50:04.796,1.32316,1.32324,1.50,1.00
2016.09.27 16:50:06.163,1.32316,1.32324,1.12,1.00
2016.09.27 16:50:07.795,1.32316,1.32324,1.37,1.00
2016.09.27 16:50:07.846,1.32317,1.32324,1.00,1.00
2016.09.27 16:50:08.409,1.32316,1.32324,1.37,1.12
2016.09.27 16:50:08.522,1.32316,1.32324,1.00,1.12
2016.09.27 16:50:09.785,1.32316,1.32323,1.00,1.00
2016.09.27 16:50:09.940,1.32316,1.32324,1.00,5.25
2016.09.27 16:50:09.992,1.32316,1.32322,1.00,1.12
2016.09.27 16:50:10.196,1.32314,1.32322,1.37,1.00
2016.09.27 16:50:10.247,1.32315,1.32322,1.00,1.00
2016.09.27 16:50:10.345,1.32315,1.32322,1.19,1.00
2016.09.27 16:50:10.447,1.32315,1.32323,1.00,1.00
2016.09.27 16:50:10.499,1.32315,1.32325,1.12,4.87
2016.09.27 16:50:10.550,1.32315,1.32323,1.00,1.00
2016.09.27 16:50:10.646,1.32315,1.32325,1.12,3.75
2016.09.27 16:50:10.698,1.32314,1.32325,2.95,2.62
2016.09.27 16:50:11.640,1.32315,1.32325,1.83,2.62
2016.09.27 16:50:11.757,1.32315,1.32325,1.83,1.87
2016.09.27 16:50:12.573,1.32314,1.32325,3.33,1.87
2016.09.27 16:50:13.012,1.32314,1.32325,1.83,1.87
2016.09.27 16:50:13.216,1.32314,1.32324,2.58,1.00
2016.09.27 16:50:13.369,1.32314,1.32323,2.25,1.00
2016.09.27 16:50:13.471,1.32314,1.32323,3.00,1.00
2016.09.27 16:50:13.574,1.32314,1.32323,2.25,1.00
2016.09.27 16:50:13.829,1.32314,1.32323,2.44,1.00
2016.09.27 16:50:13.932,1.32315,1.32325,1.52,1.87
2016.09.27 16:50:14.160,1.32316,1.32325,1.14,2.62
2016.09.27 16:50:14.366,1.32315,1.32325,1.52,1.87
2016.09.27 16:50:14.570,1.32315,1.32325,1.27,2.62
2016.09.27 16:50:14.621,1.32315,1.32325,2.02,3.75
2016.09.27 16:50:14.673,1.32316,1.32325,2.02,3.37
2016.09.27 16:50:14.724,1.32317,1.32326,1.37,2.62
2016.09.27 16:50:14.776,1.32319,1.32328,1.12,4.12
2016.09.27 16:50:14.827,1.32319,1.32328,1.00,2.62
2016.09.27 16:50:14.947,1.32319,1.32328,1.37,1.87
2016.09.27 16:50:14.999,1.32318,1.32327,2.02,1.00
2016.09.27 16:50:15.050,1.32318,1.32328,1.94,2.25
2016.09.27 16:50:15.101,1.32318,1.32328,2.39,2.25
2016.09.27 16:50:15.152,1.32319,1.32328,1.19,2.85
2016.09.27 16:50:15.203,1.32319,1.32328,1.19,2.25
2016.09.27 16:50:15.286,1.32319,1.32328,1.00,2.85
2016.09.27 16:50:15.438,1.32319,1.32328,1.00,2.25
2016.09.27 16:50:15.489,1.32319,1.32328,1.00,2.85
2016.09.27 16:50:15.693,1.32319,1.32328,1.00,2.25
2016.09.27 16:50:15.821,1.32319,1.32328,1.83,2.25
2016.09.27 16:50:16.121,1.32319,1.32328,1.83,2.85
2016.09.27 16:50:16.172,1.32319,1.32327,1.50,1.35
2016.09.27 16:50:16.224,1.32319,1.32326,1.12,1.37
2016.09.27 16:50:16.275,1.32319,1.32325,1.00,1.30
2016.09.27 16:50:16.327,1.32318,1.32325,1.12,1.30
2016.09.27 16:50:16.378,1.32318,1.32326,1.12,1.72
2016.09.27 16:50:16.582,1.32318,1.32327,1.12,5.47
2016.09.27 16:50:16.633,1.32318,1.32325,1.12,1.30
2016.09.27 16:50:16.753,1.32316,1.32325,1.50,1.12
2016.09.27 16:50:16.917,1.32316,1.32324,1.12,1.72
2016.09.27 16:50:16.969,1.32316,1.32323,1.00,1.00
2016.09.27 16:50:17.030,1.32312,1.3232,3.37,1.00
2016.09.27 16:50:17.083,1.32312,1.32316,2.62,1.00
2016.09.27 16:50:17.135,1.32309,1.32313,8.25,1.12
2016.09.27 16:50:17.187,1.32309,1.32313,7.50,1.12
2016.09.27 16:50:17.239,1.32308,1.32312,3.75,1.00
2016.09.27 16:50:17.291,1.32303,1.32311,4.87,1.00
2016.09.27 16:50:17.414,1.32304,1.32312,1.00,2.25
2016.09.27 16:50:17.465,1.32304,1.32312,1.00,3.37
2016.09.27 16:50:17.517,1.32305,1.32313,1.37,2.25
2016.09.27 16:50:17.569,1.32305,1.32311,1.50,1.00
2016.09.27 16:50:17.621,1.32304,1.32311,3.07,1.50
2016.09.27 16:50:17.672,1.32304,1.32311,2.62,1.50
2016.09.27 16:50:17.774,1.32301,1.3231,1.87,1.00
2016.09.27 16:50:17.825,1.32302,1.3231,2.62,1.00
2016.09.27 16:50:17.876,1.32305,1.3231,1.00,1.00
2016.09.27 16:50:18.131,1.32302,1.32309,2.62,1.00
2016.09.27 16:50:18.247,1.32303,1.32309,1.00,1.00
2016.09.27 16:50:18.552,1.32302,1.32309,1.37,1.00
2016.09.27 16:50:18.604,1.32302,1.32309,1.00,1.00
2016.09.27 16:50:19.131,1.32301,1.32309,1.00,1.00
2016.09.27 16:50:19.233,1.323,1.32309,3.00,1.12
2016.09.27 16:50:19.284,1.323,1.32309,3.00,1.50
2016.09.27 16:50:19.335,1.323,1.32309,2.25,1.87
2016.09.27 16:50:19.439,1.32301,1.32307,1.00,1.00
2016.09.27 16:50:19.541,1.32298,1.32305,2.62,1.00
2016.09.27 16:50:19.644,1.32296,1.32305,4.87,1.00
2016.09.27 16:50:19.695,1.32297,1.32305,1.00,1.00
2016.09.27 16:50:21.655,1.32296,1.32305,3.00,1.00
2016.09.27 16:50:21.707,1.32298,1.32305,1.00,1.00
2016.09.27 16:50:22.254,1.32296,1.32305,3.00,1.00
2016.09.27 16:50:22.356,1.32296,1.32305,2.25,1.00
2016.09.27 16:50:22.407,1.32296,1.32304,1.50,1.00
2016.09.27 16:50:22.458,1.32296,1.32304,1.00,1.00
2016.09.27 16:50:22.509,1.32295,1.32304,2.25,1.00
2016.09.27 16:50:23.220,1.32295,1.32304,1.75,1.00
2016.09.27 16:50:23.457,1.32295,1.32304,2.25,1.00
2016.09.27 16:50:23.661,1.32295,1.32304,1.75,1.50
2016.09.27 16:50:23.712,1.32294,1.32302,2.62,1.00
2016.09.27 16:50:23.865,1.32293,1.32301,1.00,1.50
2016.09.27 16:50:23.967,1.32292,1.32301,1.07,4.12
2016.09.27 16:50:24.018,1.32292,1.32301,1.07,3.37
2016.09.27 16:50:24.069,1.32293,1.32301,1.00,1.50
2016.09.27 16:50:24.120,1.32293,1.32301,1.50,1.50
2016.09.27 16:50:24.172,1.32294,1.32301,1.37,1.50
2016.09.27 16:50:24.223,1.32294,1.32301,1.37,1.00
2016.09.27 16:50:24.274,1.32293,1.32301,4.57,1.00
2016.09.27 16:50:24.325,1.32293,1.32301,3.82,1.00
2016.09.27 16:50:24.376,1.32293,1.32301,3.44,1.00
2016.09.27 16:50:24.478,1.32293,1.32301,4.75,1.00
2016.09.27 16:50:24.556,1.32293,1.32301,3.37,1.00
2016.09.27 16:50:24.608,1.32293,1.32301,3.75,1.00
2016.09.27 16:50:24.710,1.32293,1.32301,3.75,1.00
2016.09.27 16:50:24.761,1.32293,1.32301,5.06,1.00
2016.09.27 16:50:25.080,1.32293,1.32301,3.75,1.00
2016.09.27 16:50:25.289,1.32293,1.32301,3.37,1.00
2016.09.27 16:50:25.391,1.32293,1.32301,4.69,1.00
2016.09.27 16:50:25.544,1.32294,1.32301,1.50,1.00
2016.09.27 16:50:25.595,1.32294,1.32301,1.50,1.00
2016.09.27 16:50:25.646,1.32293,1.32301,3.37,1.00
2016.09.27 16:50:25.954,1.32293,1.32301,3.75,1.00
2016.09.27 16:50:26.107,1.32293,1.32301,3.75,1.00
2016.09.27 16:50:26.158,1.32294,1.32301,1.37,1.00
2016.09.27 16:50:26.209,1.32294,1.32303,1.37,1.87
2016.09.27 16:50:26.261,1.32294,1.32303,1.12,2.62
2016.09.27 16:50:26.771,1.32293,1.32301,3.75,1.00
2016.09.27 16:50:26.824,1.32293,1.323,3.37,1.00
2016.09.27 16:50:26.876,1.32292,1.323,1.87,1.35
2016.09.27 16:50:26.995,1.32291,1.32301,3.37,2.10
2016.09.27 16:50:27.071,1.32291,1.32299,1.00,1.60
2016.09.27 16:50:27.122,1.32291,1.32297,1.00,1.35
2016.09.27 16:50:27.174,1.32288,1.32295,1.75,2.85
2016.09.27 16:50:27.226,1.32289,1.32293,1.00,1.00
2016.09.27 16:50:27.278,1.32287,1.32294,2.62,1.35
2016.09.27 16:50:27.329,1.32287,1.32294,2.62,1.12
2016.09.27 16:50:27.381,1.32285,1.32293,1.00,1.00
2016.09.27 16:50:27.432,1.32285,1.32293,1.00,1.50
2016.09.27 16:50:27.483,1.32283,1.32293,1.50,1.87
2016.09.27 16:50:27.585,1.32283,1.32293,1.64,2.62
2016.09.27 16:50:27.686,1.32283,1.32293,1.83,2.62
2016.09.27 16:50:27.795,1.32283,1.32293,1.50,1.87
2016.09.27 16:50:28.053,1.32282,1.32293,3.33,2.62
2016.09.27 16:50:29.293,1.32282,1.32293,3.00,2.62
2016.09.27 16:50:29.395,1.32282,1.32293,3.75,3.37
2016.09.27 16:50:29.497,1.32282,1.32293,3.00,2.62
2016.09.27 16:50:29.548,1.32282,1.32291,3.00,1.00
2016.09.27 16:50:29.600,1.32282,1.32289,3.00,2.10
2016.09.27 16:50:29.651,1.32282,1.32288,1.50,1.60
2016.09.27 16:50:29.702,1.3228,1.32288,1.75,1.60
2016.09.27 16:50:29.753,1.32278,1.32288,4.12,1.35
2016.09.27 16:50:29.804,1.32278,1.32288,2.25,1.35
2016.09.27 16:50:29.957,1.32278,1.32288,1.75,1.00
2016.09.27 16:50:30.009,1.32278,1.32289,1.75,2.47
2016.09.27 16:50:30.060,1.32278,1.32289,3.00,2.47
2016.09.27 16:50:30.111,1.32278,1.32288,3.00,2.10
2016.09.27 16:50:30.208,1.32278,1.32288,2.25,2.85
2016.09.27 16:50:30.259,1.32278,1.32288,1.84,2.85
2016.09.27 16:50:30.311,1.32278,1.32288,1.84,1.00
2016.09.27 16:50:30.363,1.32278,1.32288,1.57,1.37
2016.09.27 16:50:30.414,1.32278,1.32288,1.19,1.50
2016.09.27 16:50:30.465,1.32278,1.32288,1.94,1.12
2016.09.27 16:50:30.517,1.3228,1.32288,1.00,1.00
2016.09.27 16:50:30.771,1.3228,1.32288,1.00,2.10
2016.09.27 16:50:30.822,1.3228,1.32288,1.00,2.25
2016.09.27 16:50:30.873,1.32277,1.32288,2.32,1.87
2016.09.27 16:50:31.076,1.32279,1.32288,1.12,1.12
2016.09.27 16:50:31.178,1.32279,1.32288,1.19,1.87
2016.09.27 16:50:31.672,1.32279,1.32288,1.12,1.12
2016.09.27 16:50:31.927,1.32279,1.32289,1.12,2.85
2016.09.27 16:50:32.023,1.32279,1.32289,1.12,1.50
2016.09.27 16:50:32.125,1.3228,1.3229,1.50,4.12
2016.09.27 16:50:32.176,1.32281,1.32289,1.00,1.00
2016.09.27 16:50:32.278,1.32281,1.32291,1.12,3.75
2016.09.27 16:50:32.379,1.32281,1.3229,1.12,1.87
2016.09.27 16:50:32.481,1.32281,1.3229,1.12,1.87
2016.09.27 16:50:32.893,1.32281,1.3229,1.12,1.87
2016.09.27 16:50:33.757,1.32281,1.3229,1.87,1.87
2016.09.27 16:50:34.287,1.32281,1.3229,1.12,1.87
2016.09.27 16:50:36.585,1.32281,1.3229,1.87,1.87
2016.09.27 16:50:36.687,1.32282,1.32291,1.00,1.50
2016.09.27 16:50:36.738,1.32282,1.3229,1.00,1.87
2016.09.27 16:50:36.841,1.32282,1.32289,3.00,1.00
2016.09.27 16:50:36.892,1.32283,1.32292,1.12,3.00
2016.09.27 16:50:36.995,1.32282,1.32292,1.37,3.75
2016.09.27 16:50:38.915,1.32284,1.32292,1.00,3.75
2016.09.27 16:50:38.966,1.32282,1.32291,1.87,3.75
2016.09.27 16:50:39.017,1.32282,1.3229,1.87,1.87
2016.09.27 16:50:39.068,1.32282,1.3229,1.50,1.87
2016.09.27 16:50:39.119,1.32282,1.3229,1.50,2.25
2016.09.27 16:50:39.170,1.32282,1.32291,1.64,3.00
2016.09.27 16:50:39.272,1.32282,1.3229,1.50,1.00
2016.09.27 16:50:39.323,1.32284,1.32292,1.00,2.62
2016.09.27 16:50:39.375,1.32283,1.32292,1.12,2.62
2016.09.27 16:50:39.427,1.32284,1.32292,1.00,2.62
2016.09.27 16:50:39.478,1.32284,1.32292,1.37,1.00
2016.09.27 16:50:39.529,1.32284,1.32293,1.37,1.37
2016.09.27 16:50:39.580,1.32284,1.32293,1.87,1.87
2016.09.27 16:50:39.631,1.32285,1.32293,1.12,1.37
2016.09.27 16:50:39.683,1.32284,1.32293,1.87,1.37
2016.09.27 16:50:40.199,1.32284,1.32293,2.20,1.37
2016.09.27 16:50:40.403,1.32284,1.32293,1.87,1.37
2016.09.27 16:50:40.709,1.32284,1.32293,2.20,1.37
2016.09.27 16:50:40.861,1.32284,1.32293,2.20,2.62
2016.09.27 16:50:40.912,1.32284,1.32293,2.62,2.62
2016.09.27 16:50:41.014,1.32284,1.32293,2.62,1.37
2016.09.27 16:50:41.065,1.32284,1.32292,2.62,1.87
2016.09.27 16:50:41.242,1.32284,1.32291,2.62,1.50
2016.09.27 16:50:41.294,1.32284,1.32291,1.50,1.87
2016.09.27 16:50:41.346,1.32284,1.3229,1.00,1.50
2016.09.27 16:50:41.397,1.32283,1.32292,1.00,1.50
2016.09.27 16:50:41.600,1.32283,1.32292,1.50,1.00
2016.09.27 16:50:41.652,1.32284,1.32292,1.12,1.00
2016.09.27 16:50:41.704,1.32285,1.32293,1.00,2.62
2016.09.27 16:50:41.755,1.32285,1.32293,1.00,2.62
2016.09.27 16:50:41.807,1.32285,1.32294,1.12,3.75
2016.09.27 16:50:41.858,1.32285,1.32294,1.12,3.37
2016.09.27 16:50:41.960,1.32285,1.32294,1.12,3.37
2016.09.27 16:50:42.278,1.32285,1.32294,1.12,2.62
2016.09.27 16:50:42.796,1.32285,1.32294,1.27,2.62
2016.09.27 16:50:42.847,1.32286,1.32294,1.19,2.62
2016.09.27 16:50:42.898,1.32286,1.32295,1.12,1.87
2016.09.27 16:50:43.633,1.32285,1.32295,2.39,1.12
2016.09.27 16:50:43.685,1.32287,1.32296,1.14,2.25
2016.09.27 16:50:43.747,1.32289,1.32296,1.00,2.25
2016.09.27 16:50:43.801,1.32291,1.32298,1.00,1.00
2016.09.27 16:50:43.853,1.3229,1.323,2.25,3.00
2016.09.27 16:50:43.905,1.32291,1.323,1.50,1.37
2016.09.27 16:50:43.956,1.32291,1.32301,1.50,3.37
2016.09.27 16:50:44.007,1.32291,1.32301,2.25,3.37
2016.09.27 16:50:44.058,1.32291,1.32301,2.25,3.37
2016.09.27 16:50:44.414,1.32292,1.32301,1.12,3.37
2016.09.27 16:50:44.465,1.32293,1.32301,1.12,1.37
2016.09.27 16:50:44.516,1.32293,1.32301,1.50,1.00
2016.09.27 16:50:45.209,1.32296,1.32301,1.00,1.00
2016.09.27 16:50:45.312,1.32295,1.32301,1.50,1.50
2016.09.27 16:50:45.414,1.32296,1.32301,1.00,1.12
2016.09.27 16:50:45.570,1.32296,1.32303,1.00,4.12
2016.09.27 16:50:45.774,1.32296,1.32302,1.00,1.37
2016.09.27 16:50:45.825,1.32296,1.32301,1.00,1.12
2016.09.27 16:50:45.876,1.32295,1.32301,1.50,1.37
2016.09.27 16:50:45.928,1.32295,1.32301,1.50,1.50
2016.09.27 16:50:46.082,1.32296,1.32301,1.00,1.12
2016.09.27 16:50:46.133,1.32296,1.32301,1.00,1.00
2016.09.27 16:50:46.184,1.32295,1.32301,1.50,1.00
2016.09.27 16:50:46.388,1.32296,1.32301,1.00,1.00
2016.09.27 16:50:46.440,1.32296,1.32301,1.50,1.00
2016.09.27 16:50:47.081,1.32297,1.32301,1.00,1.00
2016.09.27 16:50:47.183,1.32296,1.32301,1.50,1.00
2016.09.27 16:50:47.234,1.32296,1.32301,1.00,1.00
2016.09.27 16:50:47.285,1.32294,1.32301,1.50,1.37
2016.09.27 16:50:47.336,1.32294,1.32301,1.50,1.50
2016.09.27 16:50:47.388,1.32295,1.32299,1.00,1.00
2016.09.27 16:50:47.490,1.32295,1.32299,1.00,1.12
2016.09.27 16:50:47.541,1.32295,1.32299,1.00,1.50
2016.09.27 16:50:47.592,1.32295,1.32299,1.00,1.12
2016.09.27 16:50:47.643,1.32295,1.32299,1.00,1.00
2016.09.27 16:50:47.694,1.32294,1.32299,1.50,1.00
2016.09.27 16:50:47.745,1.32294,1.32299,1.00,1.00
2016.09.27 16:50:47.796,1.3229,1.32299,3.84,1.12
2016.09.27 16:50:47.847,1.32292,1.32299,1.00,1.12
2016.09.27 16:50:47.898,1.32292,1.323,1.00,1.00
2016.09.27 16:50:48.088,1.32292,1.32301,1.12,2.25
2016.09.27 16:50:48.140,1.32292,1.32301,1.50,2.25
2016.09.27 16:50:48.766,1.32292,1.32301,1.50,3.75
2016.09.27 16:50:48.818,1.32292,1.32299,1.50,1.12
2016.09.27 16:50:48.920,1.32291,1.32299,1.12,1.12
2016.09.27 16:50:48.971,1.3229,1.32299,1.50,2.25
2016.09.27 16:50:49.086,1.3229,1.32298,1.50,1.12
2016.09.27 16:50:49.137,1.32289,1.32298,4.59,1.12
2016.09.27 16:50:49.188,1.3229,1.32298,1.50,1.50
2016.09.27 16:50:49.290,1.32288,1.32295,2.62,1.00
2016.09.27 16:50:49.341,1.32291,1.32295,1.00,1.00
2016.09.27 16:50:49.392,1.32291,1.32297,1.00,1.37
2016.09.27 16:50:49.444,1.32291,1.32297,1.00,1.87
2016.09.27 16:50:49.495,1.32288,1.32297,4.12,2.44
2016.09.27 16:50:49.546,1.32288,1.32296,1.37,1.50
2016.09.27 16:50:49.597,1.32287,1.32294,1.50,1.00
2016.09.27 16:50:49.648,1.32286,1.32294,3.09,1.00
2016.09.27 16:50:49.699,1.32285,1.32294,3.84,1.12
2016.09.27 16:50:49.750,1.32285,1.32294,1.59,1.12
2016.09.27 16:50:49.801,1.32285,1.32293,1.97,2.25
2016.09.27 16:50:49.852,1.32285,1.32293,1.97,2.62
2016.09.27 16:50:49.903,1.32285,1.32294,1.59,1.12
2016.09.27 16:50:50.310,1.32285,1.32294,1.59,1.87
2016.09.27 16:50:50.985,1.32285,1.32294,2.34,1.87
2016.09.27 16:50:51.188,1.32285,1.32294,1.59,1.87
2016.09.27 16:50:51.340,1.32286,1.32294,1.97,1.12
2016.09.27 16:50:51.391,1.32288,1.32295,1.12,1.00
2016.09.27 16:50:51.443,1.3229,1.32297,1.00,2.62
2016.09.27 16:50:51.546,1.32289,1.32298,2.34,1.87
2016.09.27 16:50:51.598,1.32291,1.32299,1.12,1.00
2016.09.27 16:50:51.649,1.32291,1.32299,1.12,1.00
2016.09.27 16:50:51.700,1.32291,1.323,1.50,1.37
2016.09.27 16:50:51.752,1.32291,1.323,1.87,1.00
2016.09.27 16:50:51.803,1.32292,1.32303,3.75,1.87
2016.09.27 16:50:51.868,1.32292,1.32303,3.75,1.50
2016.09.27 16:50:51.924,1.32292,1.32303,3.75,1.00
2016.09.27 16:50:52.024,1.32292,1.32303,3.37,1.00
2016.09.27 16:50:52.126,1.32293,1.32303,2.25,1.12
2016.09.27 16:50:52.177,1.32293,1.32303,2.58,1.87
2016.09.27 16:50:52.278,1.32295,1.32303,1.00,1.50
2016.09.27 16:50:52.329,1.32293,1.32303,1.12,2.25
2016.09.27 16:50:52.380,1.32293,1.32303,1.12,1.50
2016.09.27 16:50:52.508,1.32293,1.32303,1.00,3.37
2016.09.27 16:50:52.559,1.32293,1.32302,1.00,3.00
2016.09.27 16:50:52.610,1.32293,1.32302,1.00,3.75
2016.09.27 16:50:52.987,1.32293,1.32302,1.00,4.50
2016.09.27 16:50:53.038,1.32293,1.32302,1.00,5.25
2016.09.27 16:50:53.190,1.32293,1.32302,1.00,3.75
2016.09.27 16:50:53.546,1.32291,1.32302,2.72,4.50
2016.09.27 16:50:53.598,1.32291,1.32301,1.97,2.47
2016.09.27 16:50:53.649,1.32292,1.32301,1.12,4.72
2016.09.27 16:50:53.702,1.32292,1.323,1.12,1.87
2016.09.27 16:50:53.831,1.32289,1.32298,4.87,1.00
2016.09.27 16:50:53.882,1.32291,1.32299,1.00,1.12
2016.09.27 16:50:53.934,1.32289,1.32299,1.75,1.87
2016.09.27 16:50:53.985,1.3229,1.32299,1.00,1.87
2016.09.27 16:50:54.036,1.32288,1.32295,2.25,1.50
2016.09.27 16:50:54.087,1.32289,1.32294,2.62,1.00
2016.09.27 16:50:54.138,1.3229,1.32294,1.00,1.00
2016.09.27 16:50:54.189,1.32287,1.32294,2.25,2.62
2016.09.27 16:50:54.240,1.32285,1.32294,1.97,1.50
2016.09.27 16:50:54.292,1.32285,1.32294,1.12,1.50
2016.09.27 16:50:54.343,1.32284,1.32293,3.47,1.00
2016.09.27 16:50:54.394,1.32285,1.32293,1.22,2.62
2016.09.27 16:50:54.496,1.32285,1.32292,1.59,1.00
2016.09.27 16:50:54.547,1.32285,1.32294,1.59,3.37
2016.09.27 16:50:54.924,1.32285,1.32293,1.59,1.50
2016.09.27 16:50:55.128,1.32285,1.32293,1.12,1.50
2016.09.27 16:50:55.637,1.32284,1.32293,1.97,1.50
2016.09.27 16:50:55.994,1.32284,1.32293,1.97,2.25
2016.09.27 16:50:56.118,1.32284,1.32293,1.50,3.00
2016.09.27 16:50:56.170,1.32284,1.32293,1.50,1.50
2016.09.27 16:50:56.221,1.32285,1.32293,1.00,1.00
2016.09.27 16:50:57.259,1.32285,1.3229,1.00,1.50
2016.09.27 16:50:57.310,1.32284,1.3229,1.37,1.50
2016.09.27 16:50:57.361,1.32284,1.3229,1.00,1.50
2016.09.27 16:50:57.412,1.32284,1.3229,1.12,1.50
2016.09.27 16:51:05.344,1.32284,1.32291,1.12,1.50
2016.09.27 16:51:05.826,1.32284,1.32293,1.12,1.87
2016.09.27 16:51:06.233,1.32284,1.32292,1.00,1.00
2016.09.27 16:51:08.334,1.32284,1.3229,1.00,1.50
2016.09.27 16:51:08.893,1.32284,1.32291,1.00,1.50
2016.09.27 16:51:09.419,1.32284,1.32292,1.00,1.00
2016.09.27 16:51:09.471,1.32283,1.32292,1.50,1.00
2016.09.27 16:51:09.523,1.32283,1.3229,1.12,1.50
2016.09.27 16:51:09.575,1.32282,1.32292,2.34,1.50
2016.09.27 16:51:09.626,1.32282,1.32292,1.12,3.37
2016.09.27 16:51:09.729,1.32282,1.32291,1.12,1.12
2016.09.27 16:51:09.932,1.32282,1.32291,1.12,1.50
2016.09.27 16:51:10.161,1.32282,1.32291,1.50,1.50
2016.09.27 16:51:10.516,1.32282,1.32291,1.50,1.87
2016.09.27 16:51:10.568,1.32282,1.32291,1.37,1.87
2016.09.27 16:51:10.651,1.32282,1.32291,1.37,1.37
2016.09.27 16:51:10.906,1.32282,1.32291,1.37,1.87
2016.09.27 16:51:11.219,1.32282,1.32291,1.00,1.37
2016.09.27 16:51:11.286,1.32282,1.32291,1.00,1.50
2016.09.27 16:51:11.337,1.32282,1.32291,1.00,2.25
2016.09.27 16:51:11.439,1.32282,1.32291,1.00,3.00
2016.09.27 16:51:11.491,1.32282,1.32291,1.00,3.00
2016.09.27 16:51:11.542,1.32282,1.32291,1.00,2.25
2016.09.27 16:51:11.644,1.32282,1.3229,1.00,1.87
2016.09.27 16:51:12.942,1.32282,1.32291,1.00,2.25
2016.09.27 16:51:13.044,1.32282,1.32291,1.00,1.50
2016.09.27 16:51:13.147,1.32282,1.32291,1.00,2.25
2016.09.27 16:51:13.250,1.32282,1.32291,1.00,1.50
2016.09.27 16:51:13.788,1.32282,1.32291,1.00,1.50
2016.09.27 16:51:14.196,1.32282,1.32291,1.00,1.50
2016.09.27 16:51:14.468,1.32282,1.32291,1.12,1.87
2016.09.27 16:51:14.751,1.32282,1.32291,1.12,1.12
2016.09.27 16:51:14.802,1.32281,1.32291,1.50,2.62
2016.09.27 16:51:14.854,1.32281,1.32288,1.50,1.12
2016.09.27 16:51:14.956,1.32281,1.32288,1.12,1.00
2016.09.27 16:51:15.058,1.3228,1.32288,2.25,1.00
2016.09.27 16:51:15.109,1.32278,1.32288,5.34,1.50
2016.09.27 16:51:15.160,1.32279,1.32288,2.62,1.50
2016.09.27 16:51:15.211,1.32279,1.32288,2.62,1.37
2016.09.27 16:51:15.263,1.32278,1.32288,2.72,1.37
2016.09.27 16:51:15.424,1.32278,1.32285,1.22,2.10
2016.09.27 16:51:15.475,1.32277,1.32285,3.37,1.00
2016.09.27 16:51:15.526,1.32279,1.32285,1.00,1.00
2016.09.27 16:51:15.577,1.32277,1.32288,1.87,2.62
2016.09.27 16:51:15.629,1.32279,1.32288,1.12,1.87
2016.09.27 16:51:15.731,1.32279,1.32288,1.12,1.12
2016.09.27 16:51:15.833,1.32279,1.32289,1.37,3.00
2016.09.27 16:51:15.884,1.3228,1.32289,1.00,3.00
2016.09.27 16:51:16.138,1.3228,1.32287,1.00,1.00
2016.09.27 16:51:16.412,1.3228,1.32285,1.00,1.00
2016.09.27 16:51:16.464,1.32277,1.32285,3.75,1.50
2016.09.27 16:51:16.515,1.32277,1.32285,2.62,1.50
2016.09.27 16:51:16.566,1.32276,1.32285,1.87,1.50
2016.09.27 16:51:16.770,1.32278,1.32285,1.00,1.50
2016.09.27 16:51:16.930,1.32278,1.32285,1.00,2.10
2016.09.27 16:51:17.039,1.32278,1.32285,1.00,1.00
2016.09.27 16:51:17.243,1.32278,1.32287,1.97,2.25
2016.09.27 16:51:17.295,1.32279,1.32287,1.00,1.50
2016.09.27 16:51:17.425,1.32279,1.32288,2.25,1.12
2016.09.27 16:51:17.477,1.32279,1.32288,2.25,1.50
2016.09.27 16:51:17.783,1.32279,1.32288,1.50,2.25
2016.09.27 16:51:17.834,1.32278,1.32285,2.62,1.12
2016.09.27 16:51:17.885,1.32281,1.32285,1.00,1.12
2016.09.27 16:51:17.937,1.32278,1.32285,2.62,1.00
2016.09.27 16:51:17.989,1.32276,1.32285,2.25,1.00
2016.09.27 16:51:18.042,1.32276,1.32285,4.50,1.50
2016.09.27 16:51:18.144,1.32278,1.32286,1.00,1.50
2016.09.27 16:51:18.195,1.32276,1.32285,3.37,1.00
2016.09.27 16:51:18.246,1.32276,1.32285,3.00,1.00
2016.09.27 16:51:18.349,1.32276,1.32285,2.25,1.00
2016.09.27 16:51:18.400,1.32276,1.32285,1.75,1.00
2016.09.27 16:51:18.452,1.32279,1.32286,1.00,3.60
2016.09.27 16:51:18.503,1.32279,1.32286,1.00,1.60
2016.09.27 16:51:18.624,1.32278,1.32286,1.37,1.12
2016.09.27 16:51:18.676,1.32279,1.32286,1.00,1.00
2016.09.27 16:51:18.727,1.32278,1.32286,2.25,1.00
2016.09.27 16:51:18.779,1.32279,1.32286,1.00,1.00
2016.09.27 16:51:18.830,1.32279,1.32286,1.12,1.00
2016.09.27 16:51:18.881,1.32279,1.32287,1.00,1.50
2016.09.27 16:51:18.932,1.32279,1.32287,1.12,1.00
2016.09.27 16:51:18.984,1.32279,1.32287,1.00,1.00
2016.09.27 16:51:19.035,1.32278,1.32286,2.62,1.00
2016.09.27 16:51:19.086,1.3228,1.32284,1.00,1.00
2016.09.27 16:51:19.138,1.32278,1.32286,2.62,1.37
2016.09.27 16:51:19.189,1.32277,1.32287,1.87,3.37
2016.09.27 16:51:19.240,1.32279,1.32288,1.87,2.62
2016.09.27 16:51:19.291,1.32281,1.32289,1.00,5.29
2016.09.27 16:51:19.342,1.32282,1.32288,1.50,1.12
2016.09.27 16:51:19.394,1.32284,1.32288,1.00,1.00
2016.09.27 16:51:19.445,1.32283,1.32292,1.50,3.37
2016.09.27 16:51:19.496,1.32285,1.32293,1.00,3.00
2016.09.27 16:51:19.547,1.32285,1.32293,1.37,2.25
2016.09.27 16:51:19.673,1.32285,1.32293,1.50,1.50
2016.09.27 16:51:19.877,1.32285,1.32293,1.00,2.62
2016.09.27 16:51:20.269,1.32285,1.32293,1.00,1.87
2016.09.27 16:51:20.671,1.32285,1.32294,1.00,2.25
2016.09.27 16:51:21.476,1.32284,1.32293,1.20,1.87
2016.09.27 16:51:21.527,1.32283,1.32291,3.11,1.50
2016.09.27 16:51:21.578,1.32282,1.32287,1.00,1.37
2016.09.27 16:51:21.629,1.32281,1.32288,3.37,1.87
2016.09.27 16:51:21.681,1.32281,1.32285,1.00,1.00
2016.09.27 16:51:21.783,1.32279,1.32285,1.00,1.00
2016.09.27 16:51:21.919,1.32276,1.32285,3.37,1.00
2016.09.27 16:51:22.033,1.32278,1.32285,1.00,1.35
2016.09.27 16:51:22.084,1.32278,1.32285,1.00,1.60
2016.09.27 16:51:22.186,1.32278,1.32285,1.00,1.35
2016.09.27 16:51:22.789,1.32274,1.32285,5.62,1.35
2016.09.27 16:51:22.840,1.32276,1.32285,1.00,1.72
2016.09.27 16:51:22.891,1.32274,1.32285,3.75,1.72
2016.09.27 16:51:23.044,1.32274,1.32285,3.75,3.22
2016.09.27 16:51:23.095,1.32275,1.32285,1.37,3.22
2016.09.27 16:51:23.146,1.32275,1.32285,3.00,3.22
2016.09.27 16:51:23.241,1.32275,1.32285,3.00,3.22
2016.09.27 16:51:23.292,1.32275,1.32285,1.12,3.60
2016.09.27 16:51:23.536,1.32275,1.32284,1.12,2.47
2016.09.27 16:51:24.190,1.32275,1.32284,3.00,2.10
2016.09.27 16:51:26.092,1.32276,1.32284,1.00,2.10
2016.09.27 16:51:26.543,1.32276,1.32285,1.00,1.50
2016.09.27 16:51:26.594,1.32276,1.32286,1.12,1.00
2016.09.27 16:51:26.646,1.32277,1.32287,1.50,3.37
2016.09.27 16:51:26.697,1.32277,1.32287,1.87,3.37
2016.09.27 16:51:26.748,1.32277,1.32287,1.87,3.00
2016.09.27 16:51:26.952,1.32277,1.32284,1.37,2.10
2016.09.27 16:51:27.016,1.32276,1.32285,3.00,2.10
2016.09.27 16:51:27.067,1.32276,1.32285,4.87,2.10
2016.09.27 16:51:27.169,1.32276,1.32284,4.87,2.10
2016.09.27 16:51:27.295,1.32277,1.32287,1.37,1.87
2016.09.27 16:51:27.347,1.32277,1.32287,1.87,3.00
2016.09.27 16:51:27.398,1.32277,1.32287,1.75,2.62
2016.09.27 16:51:27.449,1.32276,1.32286,1.12,2.62
2016.09.27 16:51:27.501,1.32275,1.32286,3.37,3.37
2016.09.27 16:51:27.552,1.32275,1.32286,1.75,3.37
2016.09.27 16:51:27.806,1.32275,1.32286,1.75,3.37
2016.09.27 16:51:27.908,1.32275,1.32286,2.62,3.37
2016.09.27 16:51:27.959,1.32275,1.32286,2.62,2.62
2016.09.27 16:51:28.010,1.32277,1.32286,1.12,3.37
2016.09.27 16:51:28.061,1.32277,1.32286,1.37,2.85
2016.09.27 16:51:28.112,1.32277,1.32286,1.50,2.85
2016.09.27 16:51:28.849,1.32277,1.32286,1.50,2.10
2016.09.27 16:51:28.900,1.32277,1.32286,1.37,2.85
2016.09.27 16:51:29.400,1.32277,1.32286,1.37,1.60
2016.09.27 16:51:30.162,1.32277,1.32286,1.87,1.60
2016.09.27 16:51:30.368,1.32277,1.32286,1.37,1.60
2016.09.27 16:51:31.157,1.32277,1.32284,1.37,2.10
2016.09.27 16:51:31.208,1.32276,1.32284,3.37,2.10
2016.09.27 16:51:31.259,1.32276,1.32285,3.00,2.10
2016.09.27 16:51:31.361,1.32277,1.32285,1.00,2.10
2016.09.27 16:51:31.412,1.32276,1.32285,1.50,2.10
2016.09.27 16:51:31.464,1.32276,1.32285,2.25,2.10
2016.09.27 16:51:31.566,1.32276,1.32285,1.50,2.10
2016.09.27 16:51:32.058,1.32276,1.32284,2.25,2.10
2016.09.27 16:51:32.478,1.32276,1.32284,3.00,2.10
2016.09.27 16:51:32.580,1.32276,1.32284,4.12,2.10
2016.09.27 16:51:32.682,1.32276,1.32284,4.87,2.10
2016.09.27 16:51:32.959,1.32276,1.32284,4.12,2.10
2016.09.27 16:51:33.660,1.32276,1.32285,4.12,2.10
2016.09.27 16:51:33.762,1.32276,1.32285,4.87,2.10
2016.09.27 16:51:34.060,1.32276,1.32285,4.12,2.10
2016.09.27 16:51:34.112,1.32276,1.32285,4.50,2.10
2016.09.27 16:51:34.163,1.32276,1.32285,5.25,2.10
2016.09.27 16:51:34.283,1.32276,1.32286,5.25,3.97
2016.09.27 16:51:34.335,1.32277,1.32286,1.75,3.22
2016.09.27 16:51:34.387,1.32277,1.32286,1.12,3.22
2016.09.27 16:51:34.438,1.32277,1.32286,1.12,3.22
2016.09.27 16:51:34.490,1.32277,1.32286,3.37,2.85
2016.09.27 16:51:34.593,1.32277,1.32286,3.75,2.85
2016.09.27 16:51:34.695,1.32277,1.32286,3.75,2.85
2016.09.27 16:51:34.911,1.32277,1.32286,3.00,2.85
2016.09.27 16:51:35.014,1.32277,1.32286,2.62,2.85
2016.09.27 16:51:35.065,1.32277,1.32286,3.37,2.85
2016.09.27 16:51:35.225,1.32277,1.32286,3.75,2.85
2016.09.27 16:51:35.683,1.32277,1.32286,3.00,2.85
2016.09.27 16:51:36.219,1.32277,1.32285,2.62,2.10
2016.09.27 16:51:36.338,1.32277,1.32285,2.62,2.47
2016.09.27 16:51:36.390,1.32275,1.32282,1.87,1.00
2016.09.27 16:51:36.492,1.32274,1.32282,1.50,1.00
2016.09.27 16:51:36.901,1.32275,1.32284,2.25,1.12
2016.09.27 16:51:36.964,1.32275,1.32284,1.75,1.12
2016.09.27 16:51:37.066,1.32275,1.32284,2.25,1.12
2016.09.27 16:51:37.275,1.32275,1.32286,2.25,4.72
2016.09.27 16:51:37.326,1.32275,1.32286,2.25,3.97
2016.09.27 16:51:37.377,1.32275,1.32286,3.00,4.72
2016.09.27 16:51:37.429,1.32275,1.32286,3.00,4.72
2016.09.27 16:51:37.480,1.32275,1.32286,3.00,4.72
2016.09.27 16:51:37.597,1.32275,1.32285,3.00,1.67
2016.09.27 16:51:37.648,1.32276,1.32285,1.50,2.10
2016.09.27 16:51:37.699,1.32276,1.32284,1.50,1.30
2016.09.27 16:51:37.750,1.32276,1.32284,1.50,1.35
2016.09.27 16:51:37.801,1.32276,1.32284,1.50,2.10
2016.09.27 16:51:38.240,1.32276,1.32284,1.50,1.50
2016.09.27 16:51:38.291,1.32276,1.32284,1.50,1.12
2016.09.27 16:51:40.031,1.32276,1.32284,1.87,1.12
2016.09.27 16:51:40.082,1.32276,1.32284,1.87,1.72
2016.09.27 16:51:40.349,1.32276,1.32284,1.50,1.72
2016.09.27 16:51:40.962,1.32276,1.32284,1.50,1.12
2016.09.27 16:51:41.115,1.32275,1.32284,3.75,3.22
2016.09.27 16:51:41.214,1.32278,1.32284,1.00,2.85
2016.09.27 16:51:41.427,1.32278,1.32284,1.00,1.00
2016.09.27 16:51:43.875,1.32278,1.32284,1.00,1.12
2016.09.27 16:51:43.926,1.32275,1.32284,1.75,1.50
2016.09.27 16:51:44.540,1.32276,1.32284,1.50,1.50
2016.09.27 16:51:44.591,1.32278,1.32287,1.50,3.00
2016.09.27 16:51:44.643,1.32279,1.32287,1.00,2.25
2016.09.27 16:51:44.694,1.32279,1.32289,1.75,2.10
2016.09.27 16:51:44.745,1.32279,1.32288,1.75,1.30
2016.09.27 16:51:44.889,1.32279,1.32289,1.75,2.10
2016.09.27 16:51:45.042,1.32279,1.32289,1.75,3.60
2016.09.27 16:51:45.144,1.3228,1.32289,1.50,1.50
2016.09.27 16:51:45.195,1.32281,1.32289,1.00,1.50
2016.09.27 16:51:45.246,1.32279,1.32289,1.12,1.50
2016.09.27 16:51:45.650,1.32279,1.32289,1.87,1.50
2016.09.27 16:51:45.822,1.32279,1.3229,2.62,4.87
2016.09.27 16:51:45.983,1.32279,1.3229,3.37,4.12
2016.09.27 16:51:46.034,1.32279,1.3229,3.75,4.12
2016.09.27 16:51:47.204,1.32279,1.3229,3.00,3.37
2016.09.27 16:51:47.255,1.32279,1.3229,3.00,5.47
2016.09.27 16:51:47.307,1.32279,1.32288,3.00,1.00
2016.09.27 16:51:47.598,1.32279,1.32289,2.62,1.50
2016.09.27 16:51:47.649,1.32279,1.32289,2.62,1.50
2016.09.27 16:51:47.879,1.32279,1.32289,2.62,1.37
2016.09.27 16:51:47.931,1.3228,1.32289,1.37,1.37
2016.09.27 16:51:48.091,1.32281,1.3229,1.12,3.37
2016.09.27 16:51:48.192,1.32281,1.3229,1.12,4.12
2016.09.27 16:51:48.504,1.32281,1.3229,1.12,5.62
2016.09.27 16:51:48.606,1.32281,1.32289,1.12,1.50
2016.09.27 16:51:48.952,1.32281,1.32289,1.12,1.50
2016.09.27 16:51:49.054,1.32281,1.32289,1.12,1.50
2016.09.27 16:51:49.258,1.32281,1.32289,1.12,1.50
2016.09.27 16:51:49.360,1.32281,1.32289,1.12,1.50
2016.09.27 16:51:50.056,1.32281,1.32289,1.12,1.50
2016.09.27 16:51:50.183,1.32281,1.32289,1.87,1.37
2016.09.27 16:51:50.236,1.32282,1.32291,1.12,3.37
2016.09.27 16:51:50.311,1.32282,1.32292,1.37,4.12
2016.09.27 16:51:50.362,1.32284,1.32292,1.00,3.37
2016.09.27 16:51:50.414,1.32284,1.32294,1.12,5.62
2016.09.27 16:51:50.464,1.32284,1.32294,1.12,5.62
2016.09.27 16:51:50.515,1.32284,1.32293,1.12,2.62
2016.09.27 16:51:50.719,1.32284,1.32293,1.12,2.62
2016.09.27 16:51:50.770,1.32285,1.32293,1.12,2.62
2016.09.27 16:51:50.821,1.32286,1.32294,1.12,1.00
2016.09.27 16:51:50.872,1.32288,1.32294,1.00,1.00
2016.09.27 16:51:50.923,1.32288,1.32296,1.37,1.12
2016.09.27 16:51:51.025,1.32288,1.32296,1.12,1.37
2016.09.27 16:51:51.127,1.32288,1.32298,1.37,4.87
2016.09.27 16:51:51.178,1.32288,1.32298,1.37,4.12
2016.09.27 16:51:51.682,1.32288,1.32298,1.37,4.87
2016.09.27 16:51:51.834,1.32288,1.32298,1.50,2.62
2016.09.27 16:51:51.885,1.32288,1.32298,1.50,1.87
2016.09.27 16:51:51.987,1.32288,1.32298,1.50,2.62
2016.09.27 16:51:52.038,1.32288,1.32298,1.37,4.87
2016.09.27 16:51:52.140,1.32289,1.32298,1.12,4.12
2016.09.27 16:51:52.191,1.32291,1.32298,1.00,3.37
2016.09.27 16:51:52.242,1.32292,1.323,1.00,1.50
2016.09.27 16:51:52.294,1.32292,1.32301,1.00,3.37
2016.09.27 16:51:52.345,1.32292,1.323,1.00,1.00
2016.09.27 16:51:54.932,1.32293,1.323,1.00,1.00
2016.09.27 16:51:59.636,1.32292,1.323,1.00,1.00
2016.09.27 16:51:59.688,1.32292,1.323,1.00,1.12
2016.09.27 16:51:59.739,1.32292,1.32299,1.00,1.00
2016.09.27 16:51:59.791,1.32291,1.32299,1.50,2.62
2016.09.27 16:51:59.894,1.32291,1.32299,1.50,1.50
2016.09.27 16:52:00.164,1.32291,1.32299,1.37,1.87
2016.09.27 16:52:00.216,1.32291,1.32299,1.37,1.12
2016.09.27 16:52:00.267,1.32291,1.32299,1.50,1.00
2016.09.27 16:52:02.636,1.32291,1.32299,1.37,1.12
2016.09.27 16:52:02.738,1.32291,1.32299,1.75,1.00
2016.09.27 16:52:02.943,1.32291,1.32299,1.37,1.12
2016.09.27 16:52:04.248,1.32291,1.32299,1.75,1.00
2016.09.27 16:52:04.453,1.32291,1.323,1.12,3.37
2016.09.27 16:52:04.504,1.32289,1.32295,2.25,1.50
2016.09.27 16:52:04.555,1.32289,1.32296,2.62,5.25
2016.09.27 16:52:04.607,1.32291,1.32295,1.00,3.37
2016.09.27 16:52:04.658,1.32286,1.32294,2.62,1.00
2016.09.27 16:52:04.760,1.32285,1.32294,1.75,1.00
2016.09.27 16:52:04.965,1.32285,1.32293,1.75,1.50
2016.09.27 16:52:05.017,1.32285,1.32294,1.75,2.25
2016.09.27 16:52:05.068,1.32285,1.32294,1.50,3.00
2016.09.27 16:52:05.170,1.32285,1.32294,3.37,2.25
2016.09.27 16:52:05.366,1.32285,1.32294,3.37,1.00
2016.09.27 16:52:05.654,1.32285,1.32294,3.37,1.00
2016.09.27 16:52:05.706,1.32285,1.32294,4.12,1.00
2016.09.27 16:52:05.758,1.32289,1.32294,1.00,1.00
2016.09.27 16:52:06.589,1.32289,1.32294,1.00,2.25
2016.09.27 16:52:06.742,1.32289,1.32294,1.00,1.00
2016.09.27 16:52:07.047,1.32289,1.32295,1.00,1.50
2016.09.27 16:52:07.098,1.32289,1.32295,1.00,1.00
2016.09.27 16:52:07.962,1.32287,1.32295,1.37,1.12
2016.09.27 16:52:08.166,1.32287,1.32295,1.75,1.00
2016.09.27 16:52:08.522,1.32286,1.32295,4.12,1.50
2016.09.27 16:52:08.573,1.32286,1.32295,1.87,2.25
2016.09.27 16:52:08.624,1.32283,1.32293,3.37,1.00
2016.09.27 16:52:08.748,1.32283,1.32293,1.50,1.50
2016.09.27 16:52:08.799,1.32283,1.32293,1.50,1.12
2016.09.27 16:52:08.850,1.32283,1.32293,2.25,1.12
2016.09.27 16:52:08.965,1.32283,1.32292,1.50,1.50
2016.09.27 16:52:09.169,1.32283,1.32292,1.37,1.87
2016.09.27 16:52:09.271,1.32284,1.32291,1.00,1.50
2016.09.27 16:52:09.373,1.32283,1.32291,1.87,1.87
2016.09.27 16:52:09.678,1.32283,1.32293,1.87,4.87
2016.09.27 16:52:09.730,1.32283,1.32293,1.37,4.87
2016.09.27 16:52:09.852,1.32283,1.32293,1.37,5.62
2016.09.27 16:52:09.953,1.32283,1.32293,1.37,4.87
2016.09.27 16:52:10.069,1.32286,1.32293,1.00,3.37
2016.09.27 16:52:10.120,1.32286,1.32293,1.50,2.62
2016.09.27 16:52:10.171,1.32288,1.32294,1.00,1.00
2016.09.27 16:52:10.222,1.32289,1.32297,1.50,2.62
2016.09.27 16:52:10.274,1.3229,1.32298,1.00,3.37
2016.09.27 16:52:10.357,1.3229,1.32299,1.12,1.87
2016.09.27 16:52:10.663,1.3229,1.32299,1.12,2.62
2016.09.27 16:52:10.765,1.3229,1.32299,1.50,1.50
2016.09.27 16:52:10.867,1.3229,1.32299,1.50,2.25
2016.09.27 16:52:10.969,1.3229,1.32299,1.50,2.25
2016.09.27 16:52:11.071,1.32292,1.32299,1.00,2.25
2016.09.27 16:52:11.123,1.32292,1.32299,1.00,1.50
2016.09.27 16:52:11.303,1.32294,1.32302,1.01,4.12
2016.09.27 16:52:11.355,1.32295,1.32303,1.12,1.50
2016.09.27 16:52:11.407,1.32298,1.32304,1.00,3.37
2016.09.27 16:52:11.458,1.32298,1.32305,1.00,1.50
2016.09.27 16:52:11.510,1.323,1.32305,1.00,1.00
2016.09.27 16:52:11.561,1.323,1.32308,1.12,1.50
2016.09.27 16:52:11.613,1.323,1.32309,1.12,6.00
2016.09.27 16:52:11.665,1.323,1.32309,1.50,3.37
2016.09.27 16:52:11.869,1.323,1.32308,1.00,1.87
2016.09.27 16:52:11.992,1.323,1.32308,1.00,1.00
2016.09.27 16:52:12.732,1.323,1.32308,1.00,1.50
2016.09.27 16:52:13.109,1.323,1.32308,1.00,2.25
2016.09.27 16:52:13.161,1.323,1.32308,1.00,1.00
2016.09.27 16:52:13.263,1.323,1.32308,1.00,1.87
2016.09.27 16:52:13.366,1.32299,1.32308,1.50,2.62
2016.09.27 16:52:13.570,1.32299,1.32308,1.50,1.50
2016.09.27 16:52:13.672,1.32301,1.32308,1.00,1.00
2016.09.27 16:52:13.774,1.323,1.32304,1.00,1.00
2016.09.27 16:52:13.825,1.32296,1.323,6.00,3.37
2016.09.27 16:52:13.876,1.32291,1.32295,8.25,1.50
2016.09.27 16:52:13.927,1.32288,1.32292,1.00,1.00
2016.09.27 16:52:13.979,1.3229,1.32294,1.87,4.87
2016.09.27 16:52:14.030,1.32283,1.32292,1.50,1.50
2016.09.27 16:52:14.139,1.32286,1.3229,1.00,1.00
2016.09.27 16:52:14.193,1.32283,1.3229,3.37,1.00
2016.09.27 16:52:14.295,1.32284,1.3229,1.00,1.00
2016.09.27 16:52:14.397,1.32283,1.3229,1.12,1.00
2016.09.27 16:52:14.500,1.32283,1.3229,1.12,1.35
2016.09.27 16:52:14.761,1.32281,1.3229,1.75,1.00
2016.09.27 16:52:15.347,1.32281,1.3229,1.75,1.60
2016.09.27 16:52:15.450,1.32281,1.32291,1.75,2.85
2016.09.27 16:52:15.653,1.32282,1.32291,1.50,3.60
2016.09.27 16:52:15.705,1.32282,1.32291,1.50,3.00
2016.09.27 16:52:15.756,1.32282,1.32291,2.07,2.25
2016.09.27 16:52:15.807,1.32283,1.32291,2.70,2.25
2016.09.27 16:52:16.093,1.32283,1.32291,2.70,1.50
2016.09.27 16:52:16.145,1.32283,1.32291,2.70,1.00
2016.09.27 16:52:16.640,1.32283,1.32291,2.62,1.00
2016.09.27 16:52:16.793,1.32283,1.32293,2.62,3.22
2016.09.27 16:52:16.845,1.32283,1.32293,2.70,3.97
2016.09.27 16:52:18.001,1.32283,1.32291,2.70,1.00
2016.09.27 16:52:18.052,1.32283,1.32291,2.62,1.00
2016.09.27 16:52:18.522,1.32283,1.32293,2.62,3.97
2016.09.27 16:52:18.573,1.32283,1.32293,2.62,4.35
2016.09.27 16:52:18.625,1.32283,1.32293,2.62,3.97
2016.09.27 16:52:18.847,1.32283,1.32292,2.62,1.00
2016.09.27 16:52:19.001,1.32283,1.32291,1.00,1.00
2016.09.27 16:52:19.154,1.32283,1.32291,1.00,1.50
2016.09.27 16:52:19.257,1.32283,1.32291,1.00,1.00
2016.09.27 16:52:19.361,1.32283,1.32291,1.00,1.35
2016.09.27 16:52:19.517,1.32283,1.32291,1.00,1.00
2016.09.27 16:52:19.568,1.32283,1.32291,1.00,1.50
2016.09.27 16:52:20.000,1.32283,1.32291,1.00,1.35
2016.09.27 16:52:20.052,1.32283,1.32291,1.00,2.10
2016.09.27 16:52:20.174,1.32281,1.3229,1.75,1.72
2016.09.27 16:52:20.276,1.32281,1.3229,1.75,1.30
2016.09.27 16:52:20.506,1.32281,1.3229,1.87,1.30
2016.09.27 16:52:20.557,1.32282,1.32291,1.75,2.25
2016.09.27 16:52:20.609,1.32284,1.32291,1.00,1.12
2016.09.27 16:52:20.660,1.32283,1.32291,2.62,1.00
2016.09.27 16:52:21.018,1.32286,1.32291,1.00,1.60
2016.09.27 16:52:21.069,1.32284,1.32291,2.62,1.35
2016.09.27 16:52:21.374,1.32286,1.32291,1.00,1.60
2016.09.27 16:52:21.477,1.32286,1.32292,1.00,2.85
2016.09.27 16:52:21.528,1.32284,1.32292,2.62,2.85
2016.09.27 16:52:21.782,1.32284,1.32292,2.62,2.10
2016.09.27 16:52:22.377,1.32284,1.32291,2.62,1.35
2016.09.27 16:52:22.428,1.32286,1.32291,1.00,1.60
2016.09.27 16:52:22.479,1.32282,1.32291,3.00,1.60
2016.09.27 16:52:22.581,1.32282,1.32291,3.94,1.60
2016.09.27 16:52:22.632,1.32283,1.32293,1.50,3.37
2016.09.27 16:52:22.683,1.32284,1.32293,2.62,2.25
2016.09.27 16:52:22.735,1.32284,1.32293,3.37,1.50
2016.09.27 16:52:22.786,1.32284,1.32293,1.87,1.87
2016.09.27 16:52:22.837,1.32284,1.32293,1.87,1.12
2016.09.27 16:52:22.888,1.32285,1.32293,2.62,1.00
2016.09.27 16:52:22.939,1.32285,1.32294,2.62,2.25
2016.09.27 16:52:22.990,1.32284,1.32294,1.50,2.62
2016.09.27 16:52:23.041,1.32284,1.32293,1.50,1.00
2016.09.27 16:52:23.448,1.32284,1.32293,2.25,1.50
2016.09.27 16:52:24.549,1.32289,1.32294,1.00,1.12
2016.09.27 16:52:24.600,1.32289,1.32296,1.50,4.12
2016.09.27 16:52:24.651,1.3229,1.32296,1.87,3.37
2016.09.27 16:52:24.703,1.3229,1.32299,2.62,1.00
2016.09.27 16:52:24.754,1.3229,1.323,2.25,1.67
2016.09.27 16:52:24.805,1.3229,1.32299,2.25,1.12
2016.09.27 16:52:24.944,1.32289,1.32299,4.12,3.00
2016.09.27 16:52:24.996,1.32289,1.32299,1.75,3.75
2016.09.27 16:52:25.047,1.32289,1.32299,1.75,2.62
2016.09.27 16:52:25.252,1.32289,1.32299,1.85,3.37
2016.09.27 16:52:25.347,1.32289,1.32299,1.75,3.00
2016.09.27 16:52:25.398,1.32289,1.32299,1.75,2.62
2016.09.27 16:52:25.856,1.32289,1.32299,1.85,3.37
2016.09.27 16:52:25.907,1.32288,1.32299,5.89,3.37
2016.09.27 16:52:25.958,1.32288,1.32299,4.87,2.62
2016.09.27 16:52:26.009,1.3229,1.32299,2.62,2.62
2016.09.27 16:52:26.060,1.3229,1.32299,2.62,3.37
2016.09.27 16:52:26.459,1.3229,1.32299,2.62,2.62
2016.09.27 16:52:26.612,1.32289,1.32299,2.62,3.00
2016.09.27 16:52:26.714,1.32289,1.32299,2.62,2.62
2016.09.27 16:52:26.765,1.32289,1.32299,2.70,3.37
2016.09.27 16:52:26.969,1.32289,1.32299,2.62,3.37
2016.09.27 16:52:27.079,1.32289,1.32299,2.62,2.62
2016.09.27 16:52:27.282,1.32289,1.32299,2.62,3.37
2016.09.27 16:52:27.555,1.32289,1.32299,2.62,2.62
2016.09.27 16:52:27.657,1.32289,1.32299,2.62,3.37
2016.09.27 16:52:27.759,1.32289,1.32299,2.62,2.62
2016.09.27 16:52:28.583,1.32289,1.32299,2.62,3.37
2016.09.27 16:52:28.788,1.32288,1.32294,1.75,1.00
2016.09.27 16:52:28.840,1.32287,1.32294,3.00,2.10
2016.09.27 16:52:28.891,1.32286,1.32292,1.50,1.60
2016.09.27 16:52:28.942,1.32284,1.32292,2.62,1.60
2016.09.27 16:52:28.993,1.32284,1.32292,2.70,1.00
2016.09.27 16:52:29.385,1.32284,1.32292,2.62,1.00
2016.09.27 16:52:29.926,1.32284,1.32292,2.62,1.35
2016.09.27 16:52:30.028,1.32286,1.32292,1.00,1.60
2016.09.27 16:52:30.181,1.32284,1.32292,2.62,1.60
2016.09.27 16:52:30.232,1.32283,1.32292,3.37,1.60
2016.09.27 16:52:30.295,1.32283,1.32292,3.37,2.85
2016.09.27 16:52:30.347,1.32283,1.32292,2.62,2.10
2016.09.27 16:52:30.487,1.32285,1.32291,1.00,2.10
2016.09.27 16:52:30.538,1.32283,1.32292,2.62,2.10
2016.09.27 16:52:30.640,1.32285,1.32291,1.00,2.10
2016.09.27 16:52:30.793,1.32285,1.32292,1.00,3.60
2016.09.27 16:52:30.894,1.32283,1.32292,2.62,3.60
2016.09.27 16:52:31.149,1.32283,1.32292,2.62,4.35
2016.09.27 16:52:31.251,1.32283,1.32287,1.87,1.00
2016.09.27 16:52:31.303,1.32282,1.32287,1.00,1.00
2016.09.27 16:52:31.354,1.32282,1.32286,1.00,2.25
2016.09.27 16:52:31.405,1.32278,1.32282,2.25,1.00
2016.09.27 16:52:31.569,1.32278,1.32282,1.50,1.00
2016.09.27 16:52:31.824,1.32274,1.32281,1.95,1.00
2016.09.27 16:52:31.875,1.32274,1.32281,1.85,1.00
2016.09.27 16:52:31.978,1.32274,1.32281,1.95,1.00
2016.09.27 16:52:32.034,1.32274,1.32281,1.85,1.00
2016.09.27 16:52:32.086,1.32274,1.32281,1.87,1.00
2016.09.27 16:52:32.188,1.32274,1.32281,1.85,1.00
2016.09.27 16:52:32.289,1.32274,1.32281,1.87,1.00
2016.09.27 16:52:33.400,1.32274,1.32281,1.87,1.60
2016.09.27 16:52:33.451,1.32274,1.32281,1.75,1.60
2016.09.27 16:52:33.958,1.32274,1.32281,1.75,1.00
2016.09.27 16:52:34.488,1.32275,1.32282,2.62,1.00
2016.09.27 16:52:34.642,1.32275,1.32282,2.62,1.35
2016.09.27 16:52:34.744,1.32275,1.32282,2.62,2.10
2016.09.27 16:52:34.795,1.32275,1.32282,2.62,1.50
2016.09.27 16:52:34.846,1.32275,1.32282,2.62,1.00
2016.09.27 16:52:35.631,1.32275,1.32281,2.25,2.10
2016.09.27 16:52:35.733,1.32274,1.32283,1.75,5.85
2016.09.27 16:52:35.784,1.32275,1.32283,1.00,2.85
2016.09.27 16:52:35.835,1.32275,1.32283,1.00,2.10
2016.09.27 16:52:35.886,1.32275,1.32283,1.00,2.47
2016.09.27 16:52:37.713,1.32275,1.32282,1.00,2.10
2016.09.27 16:52:37.865,1.32275,1.32283,1.00,4.72
2016.09.27 16:52:37.967,1.32272,1.32276,4.50,1.00
2016.09.27 16:52:38.018,1.32272,1.32277,2.62,1.35
2016.09.27 16:52:38.069,1.32269,1.32273,4.69,1.00
2016.09.27 16:52:38.120,1.3227,1.32274,2.25,1.00
2016.09.27 16:52:38.302,1.32265,1.32273,1.87,1.00
2016.09.27 16:52:38.354,1.32265,1.32274,1.87,1.87
2016.09.27 16:52:38.405,1.32266,1.32274,1.66,1.12
2016.09.27 16:52:38.456,1.32266,1.32274,1.66,1.12
2016.09.27 16:52:38.508,1.32266,1.32274,3.37,2.25
2016.09.27 16:52:38.559,1.32269,1.32273,1.00,1.00
2016.09.27 16:52:38.662,1.32267,1.32274,1.12,1.00
2016.09.27 16:52:38.713,1.32267,1.32275,1.12,1.50
2016.09.27 16:52:38.764,1.32267,1.32275,1.37,1.50
2016.09.27 16:52:38.866,1.32267,1.32275,1.12,3.00
2016.09.27 16:52:38.918,1.32267,1.32275,1.12,3.60
2016.09.27 16:52:39.013,1.32267,1.32273,1.12,1.00
2016.09.27 16:52:39.064,1.32266,1.32273,3.19,2.10
2016.09.27 16:52:39.115,1.32266,1.32273,2.62,1.35
2016.09.27 16:52:39.217,1.32266,1.32273,2.62,1.00
2016.09.27 16:52:39.319,1.32266,1.32273,2.62,1.35
2016.09.27 16:52:39.421,1.32266,1.32273,3.00,1.50
2016.09.27 16:52:39.523,1.32266,1.32274,2.70,1.04
2016.09.27 16:52:39.676,1.32266,1.32275,2.70,3.78
2016.09.27 16:52:39.726,1.32266,1.32274,3.07,1.53
2016.09.27 16:52:39.989,1.32266,1.32274,3.07,1.84
2016.09.27 16:52:40.196,1.32266,1.32274,3.07,1.53
2016.09.27 16:52:40.298,1.32266,1.32274,3.07,1.84
2016.09.27 16:52:40.349,1.32266,1.32275,2.70,3.78
2016.09.27 16:52:40.553,1.32266,1.32274,2.70,1.04
2016.09.27 16:52:41.011,1.32266,1.32275,2.70,5.28
2016.09.27 16:52:41.113,1.32266,1.32275,2.70,3.18
2016.09.27 16:52:41.211,1.32266,1.32274,3.00,1.24
2016.09.27 16:52:41.262,1.32267,1.32275,1.37,2.43
2016.09.27 16:52:41.388,1.32268,1.32276,1.00,1.37
2016.09.27 16:52:41.439,1.32268,1.32276,1.10,1.50
2016.09.27 16:52:41.541,1.32268,1.32276,1.26,1.50
2016.09.27 16:52:41.643,1.32267,1.32276,1.20,1.50
2016.09.27 16:52:42.050,1.32266,1.32275,2.00,1.12
2016.09.27 16:52:42.152,1.32266,1.32275,2.32,1.12
2016.09.27 16:52:42.254,1.32266,1.32275,2.25,1.72
2016.09.27 16:52:42.355,1.32266,1.32275,1.75,1.72
2016.09.27 16:52:42.921,1.32266,1.32275,2.25,1.72
2016.09.27 16:52:43.023,1.32266,1.32275,1.75,1.12
2016.09.27 16:52:44.445,1.32266,1.32275,1.75,3.22
2016.09.27 16:52:44.496,1.32266,1.32275,1.75,1.72
2016.09.27 16:52:44.547,1.32266,1.32275,2.25,1.72
2016.09.27 16:52:44.885,1.32266,1.32275,2.25,1.12
2016.09.27 16:52:44.936,1.32268,1.32276,1.19,1.50
2016.09.27 16:52:45.038,1.32268,1.32276,1.26,1.50
2016.09.27 16:52:45.140,1.32267,1.32276,2.14,1.50
2016.09.27 16:52:45.293,1.32267,1.32275,1.39,1.12
2016.09.27 16:52:45.348,1.32266,1.32275,2.07,1.12
2016.09.27 16:52:46.087,1.32266,1.32277,2.07,3.97
2016.09.27 16:52:46.139,1.32266,1.32277,3.26,3.97
2016.09.27 16:52:46.393,1.32266,1.32275,3.26,1.30
2016.09.27 16:52:46.444,1.32267,1.32275,2.14,1.30
2016.09.27 16:52:46.546,1.32267,1.32275,2.89,1.30
2016.09.27 16:52:47.327,1.32267,1.32276,4.76,2.47
2016.09.27 16:52:47.379,1.32267,1.32276,4.76,1.72
2016.09.27 16:52:47.430,1.32267,1.32276,4.76,1.60
2016.09.27 16:52:48.135,1.32267,1.32276,4.57,1.60
2016.09.27 16:52:49.165,1.32267,1.32276,3.45,1.60
2016.09.27 16:52:50.048,1.32267,1.32276,3.45,2.85
2016.09.27 16:52:51.065,1.32267,1.32276,4.57,2.85
2016.09.27 16:52:51.573,1.32267,1.32276,3.45,2.85
2016.09.27 16:52:51.828,1.32267,1.32275,2.70,2.85
2016.09.27 16:52:51.880,1.32267,1.32274,3.37,2.10
2016.09.27 16:52:51.932,1.32266,1.32275,1.75,2.85
2016.09.27 16:52:52.038,1.32266,1.32275,1.50,2.85
2016.09.27 16:52:52.089,1.32266,1.32274,1.50,2.10
2016.09.27 16:52:52.191,1.32266,1.32275,1.50,2.85
2016.09.27 16:52:52.845,1.32266,1.32274,1.50,2.10
2016.09.27 16:52:53.049,1.32266,1.32275,1.50,2.85
2016.09.27 16:52:53.658,1.32266,1.32275,1.50,1.35
2016.09.27 16:52:53.709,1.32266,1.32275,1.50,1.00
2016.09.27 16:52:53.811,1.32266,1.32275,1.50,1.35
2016.09.27 16:52:55.017,1.32265,1.32276,1.75,4.72
2016.09.27 16:52:55.069,1.32266,1.32275,3.64,1.00
2016.09.27 16:52:55.171,1.32266,1.32275,3.45,1.00
2016.09.27 16:52:55.222,1.32266,1.32275,6.07,1.35
2016.09.27 16:52:55.274,1.32266,1.32275,6.26,1.00
2016.09.27 16:52:55.326,1.32266,1.32275,6.64,1.00
2016.09.27 16:52:55.377,1.32268,1.32275,1.47,1.00
2016.09.27 16:52:55.550,1.32267,1.32275,1.85,1.00
2016.09.27 16:52:55.753,1.32268,1.32275,1.47,1.35
2016.09.27 16:52:55.906,1.32268,1.32275,1.47,1.60
2016.09.27 16:52:55.957,1.32266,1.32275,3.82,1.00
2016.09.27 16:52:56.059,1.32267,1.32275,1.10,1.00
2016.09.27 16:52:56.161,1.32267,1.32275,1.57,1.00
2016.09.27 16:52:56.262,1.32267,1.32275,1.10,1.00
2016.09.27 16:52:56.364,1.32267,1.32275,1.50,1.00
2016.09.27 16:52:56.466,1.32267,1.32275,1.00,1.00
2016.09.27 16:52:57.706,1.32267,1.32275,1.50,1.00
2016.09.27 16:52:57.872,1.32267,1.32275,2.25,1.00
2016.09.27 16:52:58.331,1.32267,1.32275,2.25,1.35
2016.09.27 16:52:58.382,1.32267,1.32275,2.51,1.35
2016.09.27 16:52:58.434,1.32267,1.32276,4.39,1.12
2016.09.27 16:52:58.485,1.32268,1.32275,1.01,1.00
2016.09.27 16:52:58.537,1.32268,1.32275,1.39,1.35
2016.09.27 16:52:58.588,1.32267,1.32275,2.89,1.35
2016.09.27 16:52:58.640,1.32267,1.32275,2.70,1.35
2016.09.27 16:52:58.691,1.32267,1.32275,2.70,1.60
2016.09.27 16:52:58.742,1.32267,1.32275,3.82,1.60
2016.09.27 16:52:58.793,1.32267,1.32275,3.82,1.35
2016.09.27 16:52:58.916,1.32267,1.32274,2.70,2.28
2016.09.27 16:52:58.968,1.32266,1.32275,2.62,2.06
2016.09.27 16:52:59.020,1.32266,1.32275,2.62,2.81
2016.09.27 16:52:59.071,1.32265,1.32274,1.50,1.31
2016.09.27 16:52:59.123,1.32265,1.32274,1.50,1.68
2016.09.27 16:52:59.176,1.32265,1.32274,1.50,2.43
2016.09.27 16:52:59.227,1.32265,1.32274,2.25,2.43
2016.09.27 16:52:59.277,1.32265,1.32273,2.25,1.24
2016.09.27 16:52:59.532,1.32266,1.32273,1.12,1.24
2016.09.27 16:52:59.583,1.32266,1.32274,1.12,1.68
2016.09.27 16:52:59.634,1.32266,1.32274,1.00,2.06
2016.09.27 16:52:59.686,1.32266,1.32274,1.00,3.56
2016.09.27 16:52:59.808,1.32266,1.32273,1.25,1.24
2016.09.27 16:52:59.859,1.32266,1.32274,1.00,2.06
2016.09.27 16:53:00.165,1.32266,1.32273,1.00,1.24
2016.09.27 16:53:00.371,1.32266,1.32273,1.00,1.18
2016.09.27 16:53:00.575,1.32266,1.32273,1.10,1.68
2016.09.27 16:53:00.676,1.32266,1.32273,1.00,1.18
2016.09.27 16:53:00.981,1.32266,1.32273,1.20,1.68
2016.09.27 16:53:01.116,1.32266,1.32273,1.00,1.18
2016.09.27 16:53:01.471,1.32266,1.32274,1.00,1.31
2016.09.27 16:53:01.776,1.32266,1.32274,1.39,2.06
2016.09.27 16:53:01.979,1.32266,1.32274,1.12,2.06
2016.09.27 16:53:02.556,1.32271,1.32278,2.06,11.06
2016.09.27 16:53:02.608,1.32273,1.32278,1.31,8.81
2016.09.27 16:53:02.660,1.32272,1.32279,3.37,3.18
2016.09.27 16:53:02.711,1.32275,1.32279,1.00,2.43
2016.09.27 16:53:02.762,1.32275,1.32281,1.12,1.18
2016.09.27 16:53:02.864,1.32275,1.32282,1.12,1.24
2016.09.27 16:53:02.966,1.32275,1.32283,1.12,1.18
2016.09.27 16:53:03.434,1.32275,1.32283,1.87,1.18
2016.09.27 16:53:03.485,1.32276,1.32283,1.00,1.18
2016.09.27 16:53:03.588,1.32276,1.32282,1.25,1.24
2016.09.27 16:53:03.690,1.32276,1.32282,1.62,1.24
2016.09.27 16:53:03.741,1.32277,1.32282,1.00,1.00
2016.09.27 16:53:03.792,1.32277,1.32284,1.00,1.68
2016.09.27 16:53:03.894,1.32277,1.32284,1.00,2.43
2016.09.27 16:53:03.945,1.32277,1.32284,1.00,1.68
2016.09.27 16:53:04.250,1.32277,1.32283,1.00,1.24
2016.09.27 16:53:04.735,1.32277,1.32284,1.00,1.68
2016.09.27 16:53:04.786,1.32277,1.32283,1.00,1.24
2016.09.27 16:53:04.888,1.32276,1.32284,2.70,1.68
2016.09.27 16:53:04.939,1.32277,1.32284,1.50,1.68
2016.09.27 16:53:05.092,1.32277,1.32283,1.50,1.24
2016.09.27 16:53:05.194,1.32277,1.32284,1.50,1.68
2016.09.27 16:53:05.448,1.32277,1.32283,1.50,1.24
2016.09.27 16:53:05.551,1.32277,1.32284,1.50,1.68
2016.09.27 16:53:05.671,1.32277,1.32283,1.50,1.24
2016.09.27 16:53:06.050,1.32277,1.32284,1.50,1.68
2016.09.27 16:53:06.464,1.32276,1.32283,2.62,1.24
2016.09.27 16:53:06.515,1.32276,1.32283,2.62,1.84
2016.09.27 16:53:06.566,1.32275,1.32282,3.37,1.53
2016.09.27 16:53:06.617,1.32275,1.32282,2.62,2.28
2016.09.27 16:53:06.668,1.32274,1.32281,3.37,1.68
2016.09.27 16:53:06.770,1.32274,1.32281,1.37,1.68
2016.09.27 16:53:06.821,1.32273,1.32281,1.50,1.68
2016.09.27 16:53:06.873,1.32273,1.3228,1.12,1.68
2016.09.27 16:53:06.994,1.32273,1.32279,1.12,1.24
2016.09.27 16:53:07.053,1.32271,1.3228,2.51,1.68
2016.09.27 16:53:07.158,1.32271,1.32279,2.81,1.24
2016.09.27 16:53:07.260,1.32271,1.3228,2.44,1.68
2016.09.27 16:53:07.363,1.32271,1.32279,2.81,1.24
2016.09.27 16:53:07.464,1.32271,1.3228,2.44,1.68
2016.09.27 16:53:07.567,1.32272,1.32279,1.01,1.24
2016.09.27 16:53:07.669,1.32271,1.32282,2.51,2.66
2016.09.27 16:53:07.771,1.32271,1.32282,2.25,2.66
2016.09.27 16:53:07.822,1.32271,1.32282,2.25,2.06
2016.09.27 16:53:07.874,1.32272,1.32282,1.01,3.41
2016.09.27 16:53:07.975,1.32272,1.32282,1.01,2.81
2016.09.27 16:53:08.124,1.32271,1.32282,2.51,2.66
2016.09.27 16:53:08.281,1.32271,1.32282,2.32,2.66
2016.09.27 16:53:08.332,1.32271,1.32282,2.32,4.16
2016.09.27 16:53:08.383,1.32271,1.3228,2.25,1.53
2016.09.27 16:53:08.485,1.32271,1.32279,2.62,1.24
2016.09.27 16:53:08.588,1.32272,1.32279,1.01,1.24
2016.09.27 16:53:08.639,1.32272,1.32279,1.01,1.00
2016.09.27 16:53:08.690,1.32271,1.32279,2.44,1.00
2016.09.27 16:53:08.741,1.32271,1.32279,2.44,1.24
2016.09.27 16:53:08.792,1.32271,1.3228,2.25,1.18
2016.09.27 16:53:08.950,1.32271,1.3228,2.25,1.00
2016.09.27 16:53:09.001,1.32271,1.32282,2.25,3.03
2016.09.27 16:53:09.157,1.32271,1.32282,2.44,3.78
2016.09.27 16:53:09.208,1.32271,1.32281,2.44,1.30
2016.09.27 16:53:09.464,1.32271,1.3228,2.25,1.18
2016.09.27 16:53:09.566,1.32271,1.32278,2.44,1.00
2016.09.27 16:53:09.669,1.32271,1.32281,2.44,1.72
2016.09.27 16:53:10.100,1.32271,1.32281,2.25,1.30
2016.09.27 16:53:10.202,1.32271,1.32281,2.44,1.72
2016.09.27 16:53:10.457,1.32271,1.32281,2.44,1.12
2016.09.27 16:53:10.508,1.32271,1.32281,2.44,1.72
2016.09.27 16:53:10.661,1.32271,1.32281,2.44,1.12
2016.09.27 16:53:11.068,1.32271,1.32282,2.25,4.35
2016.09.27 16:53:11.158,1.32271,1.32281,2.44,1.72
2016.09.27 16:53:11.260,1.32271,1.32281,2.44,2.47
2016.09.27 16:53:11.311,1.32271,1.3228,2.00,1.35
2016.09.27 16:53:11.362,1.32271,1.32278,1.75,1.00
2016.09.27 16:53:11.568,1.32271,1.32279,1.75,1.50
2016.09.27 16:53:11.670,1.32271,1.3228,1.75,1.35
2016.09.27 16:53:11.823,1.32271,1.3228,1.75,1.00
2016.09.27 16:53:11.978,1.32272,1.32278,1.00,1.60
2016.09.27 16:53:12.225,1.32266,1.32275,4.69,1.00
2016.09.27 16:53:12.379,1.32266,1.32275,4.50,1.00
2016.09.27 16:53:12.481,1.32266,1.32275,5.25,1.50
2016.09.27 16:53:12.787,1.32269,1.32275,1.19,2.25
2016.09.27 16:53:12.941,1.32269,1.32275,1.19,1.00
2016.09.27 16:53:13.031,1.32269,1.32276,1.87,1.12
2016.09.27 16:53:13.083,1.3227,1.3228,3.37,3.00
2016.09.27 16:53:13.134,1.32272,1.3228,1.37,2.25
2016.09.27 16:53:13.185,1.32272,1.32279,1.50,1.00
2016.09.27 16:53:13.389,1.32272,1.3228,1.50,2.47
2016.09.27 16:53:13.440,1.32272,1.3228,1.50,2.47
2016.09.27 16:53:14.099,1.32272,1.3228,1.50,1.87
2016.09.27 16:53:14.215,1.32271,1.3228,2.25,1.87
2016.09.27 16:53:14.267,1.32271,1.32279,2.89,1.00
2016.09.27 16:53:14.364,1.32271,1.32279,2.14,1.00
2016.09.27 16:53:14.416,1.32271,1.32279,2.89,1.00
2016.09.27 16:53:14.467,1.32271,1.3228,2.25,3.00
2016.09.27 16:53:14.569,1.32271,1.32279,2.89,1.00
2016.09.27 16:53:14.621,1.32272,1.32279,1.00,1.00
2016.09.27 16:53:14.673,1.32272,1.3228,1.00,2.85
2016.09.27 16:53:14.776,1.32272,1.3228,1.00,2.25
2016.09.27 16:53:14.960,1.32272,1.32279,1.00,1.35
2016.09.27 16:53:15.063,1.32272,1.3228,1.00,2.85
2016.09.27 16:53:15.114,1.32272,1.3228,1.50,2.85
2016.09.27 16:53:15.165,1.32272,1.32279,1.50,1.00
2016.09.27 16:53:15.267,1.32272,1.3228,1.50,2.85
2016.09.27 16:53:15.496,1.32272,1.3228,1.50,2.10
2016.09.27 16:53:15.753,1.32272,1.3228,1.50,1.50
2016.09.27 16:53:16.119,1.32272,1.32277,1.00,1.00
2016.09.27 16:53:16.170,1.32271,1.32275,1.50,1.00
2016.09.27 16:53:16.221,1.32271,1.32275,1.00,1.00
2016.09.27 16:53:16.272,1.32272,1.32277,1.00,2.25
2016.09.27 16:53:16.323,1.3227,1.32277,2.62,2.85
2016.09.27 16:53:16.374,1.32268,1.32276,3.07,1.50
2016.09.27 16:53:16.780,1.32268,1.32275,2.70,1.00
2016.09.27 16:53:16.832,1.32268,1.32275,2.70,1.00
2016.09.27 16:53:16.985,1.32268,1.32276,2.70,1.50
2016.09.27 16:53:17.167,1.32267,1.32275,3.37,1.00
2016.09.27 16:53:17.237,1.32267,1.32275,3.37,1.00
2016.09.27 16:53:17.391,1.32267,1.32275,3.82,1.50
2016.09.27 16:53:17.595,1.32267,1.32275,3.37,1.00
2016.09.27 16:53:17.901,1.32267,1.32275,4.69,1.00
2016.09.27 16:53:17.952,1.32268,1.32276,1.50,1.00
2016.09.27 16:53:18.004,1.32271,1.32277,1.87,1.87
2016.09.27 16:53:18.106,1.32273,1.32277,1.12,1.00
2016.09.27 16:53:18.157,1.32273,1.32281,2.62,1.37
2016.09.27 16:53:18.208,1.32274,1.32281,1.00,1.37
2016.09.27 16:53:18.259,1.32274,1.32281,1.50,1.37
2016.09.27 16:53:18.312,1.32274,1.32282,2.25,1.50
2016.09.27 16:53:18.364,1.32274,1.32282,2.25,2.10
2016.09.27 16:53:18.416,1.32274,1.32281,1.50,1.00
2016.09.27 16:53:18.467,1.32274,1.32282,1.50,2.85
2016.09.27 16:53:18.519,1.32274,1.32282,1.50,3.60
2016.09.27 16:53:18.570,1.32274,1.32281,1.50,1.60
2016.09.27 16:53:19.372,1.32274,1.32282,1.50,2.85
2016.09.27 16:53:19.525,1.32274,1.32282,1.50,3.60
2016.09.27 16:53:19.881,1.32274,1.32281,1.50,1.35
2016.09.27 16:53:19.932,1.32274,1.32281,1.50,1.00
2016.09.27 16:53:20.070,1.32274,1.32281,3.37,1.00
2016.09.27 16:53:20.122,1.32277,1.32281,1.00,1.35
2016.09.27 16:53:20.173,1.32274,1.32281,3.37,1.35
2016.09.27 16:53:20.224,1.32274,1.32281,1.50,1.35
2016.09.27 16:53:21.468,1.32274,1.32282,1.50,2.25
2016.09.27 16:53:21.519,1.32274,1.32281,1.87,1.00
2016.09.27 16:53:21.570,1.32274,1.32282,1.87,2.25
2016.09.27 16:53:21.621,1.32274,1.32282,3.75,2.25
2016.09.27 16:53:21.775,1.32274,1.32281,3.75,1.00
2016.09.27 16:53:21.978,1.32274,1.32282,3.75,2.25
2016.09.27 16:53:22.036,1.32274,1.32282,3.37,1.50
2016.09.27 16:53:22.087,1.32276,1.32282,1.87,1.50
2016.09.27 16:53:22.165,1.32276,1.32282,2.25,1.00
2016.09.27 16:53:22.216,1.32276,1.32284,1.50,2.62
2016.09.27 16:53:22.267,1.32276,1.32283,3.37,1.00
2016.09.27 16:53:22.319,1.32277,1.32284,2.62,3.00
2016.09.27 16:53:22.371,1.32279,1.32283,1.00,1.00
2016.09.27 16:53:22.572,1.32277,1.32284,2.62,1.50
2016.09.27 16:53:22.623,1.32276,1.32284,2.70,1.50
2016.09.27 16:53:22.726,1.32276,1.32284,1.10,1.50
2016.09.27 16:53:22.777,1.32275,1.32284,3.07,1.50
2016.09.27 16:53:22.828,1.32277,1.32284,1.00,1.50
2016.09.27 16:53:23.184,1.32275,1.32284,2.00,2.62
2016.09.27 16:53:23.235,1.32275,1.32284,1.69,3.00
2016.09.27 16:53:23.337,1.32275,1.32284,1.62,3.00
2016.09.27 16:53:23.388,1.32275,1.32284,1.57,2.25
2016.09.27 16:53:23.439,1.32275,1.32284,1.95,2.25
2016.09.27 16:53:23.490,1.32275,1.32284,2.00,2.62
2016.09.27 16:53:23.541,1.32277,1.32284,1.00,2.25
2016.09.27 16:53:23.734,1.32277,1.32283,1.00,1.50
2016.09.27 16:53:24.091,1.32277,1.32283,1.00,1.00
2016.09.27 16:53:24.294,1.32277,1.32283,1.00,1.50
2016.09.27 16:53:25.417,1.32277,1.32283,1.00,1.00
2016.09.27 16:53:25.520,1.32274,1.32283,1.31,1.87
2016.09.27 16:53:25.622,1.32273,1.32283,5.81,1.12
2016.09.27 16:53:25.826,1.32274,1.32283,1.31,2.62
2016.09.27 16:53:25.981,1.32274,1.32283,1.50,2.62
2016.09.27 16:53:26.083,1.32274,1.32283,2.06,2.62
2016.09.27 16:53:26.286,1.32274,1.32283,2.06,1.87
2016.09.27 16:53:26.378,1.32274,1.32283,2.00,1.12
2016.09.27 16:53:27.295,1.32275,1.32283,1.45,1.12
2016.09.27 16:53:27.346,1.32278,1.32283,1.00,1.12
2016.09.27 16:53:27.456,1.32278,1.32285,1.00,3.37
2016.09.27 16:53:27.507,1.32278,1.32285,1.50,1.00
2016.09.27 16:53:27.609,1.32278,1.32286,1.50,1.87
2016.09.27 16:53:28.017,1.32278,1.32285,1.50,1.00
2016.09.27 16:53:28.119,1.32278,1.32286,1.50,1.87
2016.09.27 16:53:28.878,1.32278,1.32286,1.50,1.12
2016.09.27 16:53:28.929,1.32278,1.32287,2.62,3.00
2016.09.27 16:53:28.980,1.32278,1.32286,3.00,1.12
2016.09.27 16:53:29.031,1.32278,1.32286,3.00,1.50
2016.09.27 16:53:29.082,1.3228,1.32288,1.00,4.12
2016.09.27 16:53:29.133,1.3228,1.32288,1.12,1.50
2016.09.27 16:53:29.184,1.3228,1.32288,1.50,1.37
2016.09.27 16:53:29.235,1.32279,1.32283,1.50,1.00
2016.09.27 16:53:29.286,1.3228,1.32284,1.00,1.00
2016.09.27 16:53:29.337,1.32279,1.32283,1.00,1.35
2016.09.27 16:53:29.389,1.32278,1.32282,1.00,2.10
2016.09.27 16:53:29.440,1.32279,1.32284,1.00,5.10
2016.09.27 16:53:29.542,1.32277,1.32281,2.62,1.00
2016.09.27 16:53:29.660,1.32277,1.32281,2.25,1.00
2016.09.27 16:53:29.711,1.32273,1.32281,2.25,1.50
2016.09.27 16:53:29.762,1.32273,1.32279,2.25,1.00
2016.09.27 16:53:30.017,1.32273,1.32281,2.25,1.50
2016.09.27 16:53:30.671,1.32273,1.32281,1.50,2.25
2016.09.27 16:53:30.723,1.32273,1.32281,1.50,1.50
2016.09.27 16:53:30.825,1.32273,1.32281,1.50,1.50
2016.09.27 16:53:30.876,1.32273,1.32281,2.25,1.00
2016.09.27 16:53:30.927,1.32273,1.32282,2.25,1.50
2016.09.27 16:53:31.130,1.32273,1.32282,2.25,1.00
2016.09.27 16:53:31.181,1.32274,1.32282,1.12,1.00
2016.09.27 16:53:31.232,1.32274,1.32282,1.20,1.50
2016.09.27 16:53:31.283,1.32274,1.32282,1.12,1.00
2016.09.27 16:53:31.385,1.32273,1.32282,1.69,1.50
2016.09.27 16:53:31.436,1.32272,1.32282,2.19,2.10
2016.09.27 16:53:31.488,1.32272,1.32281,2.00,1.00
2016.09.27 16:53:31.539,1.32272,1.32281,2.00,1.50
2016.09.27 16:53:31.590,1.32272,1.32281,1.50,1.87
2016.09.27 16:53:31.677,1.32272,1.32281,1.50,2.25
2016.09.27 16:53:31.729,1.32272,1.32281,1.69,2.10
2016.09.27 16:53:31.881,1.32272,1.32281,1.69,1.50
2016.09.27 16:53:32.034,1.32272,1.32281,1.50,1.50
2016.09.27 16:53:32.086,1.32272,1.32281,1.69,2.25
2016.09.27 16:53:32.240,1.32272,1.3228,1.69,1.00
2016.09.27 16:53:32.291,1.32272,1.3228,1.50,1.00
2016.09.27 16:53:32.392,1.32272,1.3228,1.00,1.00
2016.09.27 16:53:32.444,1.32272,1.32281,1.00,1.50
2016.09.27 16:53:32.495,1.32272,1.32281,1.00,2.25
2016.09.27 16:53:32.597,1.32272,1.32281,1.00,1.50
2016.09.27 16:53:32.999,1.32272,1.32281,1.00,2.25
2016.09.27 16:53:33.268,1.32272,1.32281,1.00,3.60
2016.09.27 16:53:33.319,1.32272,1.32279,1.00,1.00
2016.09.27 16:53:33.421,1.32273,1.32278,1.00,1.50
2016.09.27 16:53:33.523,1.32271,1.32278,1.50,1.00
2016.09.27 16:53:33.726,1.32271,1.32279,1.50,2.25
2016.09.27 16:53:33.777,1.32271,1.32279,1.50,1.50
2016.09.27 16:53:33.828,1.32271,1.32279,1.50,1.00
2016.09.27 16:53:34.256,1.32273,1.3228,1.00,1.00
2016.09.27 16:53:34.307,1.32273,1.32281,1.32,1.37
2016.09.27 16:53:34.358,1.32275,1.32282,1.00,2.25
2016.09.27 16:53:34.409,1.32275,1.32282,1.00,1.00
2016.09.27 16:53:34.511,1.32274,1.32282,3.37,1.50
2016.09.27 16:53:34.613,1.32274,1.32282,1.50,1.50
2016.09.27 16:53:34.664,1.32272,1.32281,3.64,1.00
2016.09.27 16:53:34.715,1.32272,1.32281,1.50,1.35
2016.09.27 16:53:34.817,1.32272,1.32281,2.32,1.00
2016.09.27 16:53:35.122,1.32272,1.32281,1.95,1.00
2016.09.27 16:53:35.224,1.32271,1.32281,3.00,2.10
2016.09.27 16:53:35.354,1.32272,1.32281,1.37,2.10
2016.09.27 16:53:35.406,1.32272,1.32281,1.50,3.00
2016.09.27 16:53:35.916,1.32272,1.32281,1.50,3.60
2016.09.27 16:53:35.967,1.32272,1.32281,1.50,2.25
2016.09.27 16:53:36.019,1.32272,1.3228,1.57,1.00
2016.09.27 16:53:36.323,1.32272,1.32281,1.50,2.85
2016.09.27 16:53:36.749,1.32272,1.32281,1.50,2.25
2016.09.27 16:53:37.137,1.32272,1.3228,1.57,1.00
2016.09.27 16:53:37.658,1.32272,1.32278,1.57,1.00
2016.09.27 16:53:37.709,1.3227,1.32279,2.62,1.00
2016.09.27 16:53:37.760,1.3227,1.32278,2.62,1.00
2016.09.27 16:53:37.896,1.32268,1.32277,2.62,1.60
2016.09.27 16:53:37.947,1.32267,1.32275,1.75,1.00
2016.09.27 16:53:37.999,1.32267,1.32275,1.75,1.50
2016.09.27 16:53:38.050,1.32267,1.32275,1.50,1.50
2016.09.27 16:53:38.153,1.32267,1.32275,1.00,2.25
2016.09.27 16:53:38.307,1.32267,1.32275,1.00,1.50
2016.09.27 16:53:38.768,1.32266,1.32275,1.00,2.25
2016.09.27 16:53:39.898,1.32266,1.32275,1.00,3.60
2016.09.27 16:53:40.153,1.32266,1.32273,1.00,1.00
2016.09.27 16:53:40.254,1.32264,1.32273,1.50,1.50
2016.09.27 16:53:40.305,1.32262,1.32273,4.87,2.25
2016.09.27 16:53:40.356,1.32263,1.32272,1.50,1.50
2016.09.27 16:53:41.615,1.32263,1.32272,2.25,1.50
2016.09.27 16:53:42.430,1.32263,1.32272,3.19,1.50
2016.09.27 16:53:42.539,1.32263,1.32272,3.26,1.50
2016.09.27 16:53:42.642,1.32263,1.32272,2.25,1.50
2016.09.27 16:53:42.693,1.32263,1.32272,3.00,1.50
2016.09.27 16:53:42.744,1.32263,1.32272,3.07,1.50
2016.09.27 16:53:43.029,1.32263,1.32272,3.94,1.50
2016.09.27 16:53:43.232,1.32263,1.32272,3.07,1.50
2016.09.27 16:53:43.283,1.32263,1.32272,2.32,1.50
2016.09.27 16:53:43.537,1.32263,1.32272,2.25,1.50
2016.09.27 16:53:43.639,1.32263,1.32272,2.32,1.50
2016.09.27 16:53:43.792,1.32264,1.32272,1.12,1.50
2016.09.27 16:53:44.102,1.32264,1.32272,1.20,1.50
2016.09.27 16:53:44.611,1.32264,1.32272,1.12,1.50
2016.09.27 16:53:44.815,1.32263,1.32272,2.25,1.50
2016.09.27 16:53:45.172,1.32263,1.32272,1.50,1.50
2016.09.27 16:53:45.223,1.32262,1.32272,1.75,2.25
2016.09.27 16:53:45.332,1.32262,1.32271,1.50,1.12
2016.09.27 16:53:45.431,1.32262,1.32271,1.00,1.50
2016.09.27 16:53:46.773,1.32262,1.32271,1.00,2.25
2016.09.27 16:53:47.139,1.32262,1.32271,1.50,2.25
2016.09.27 16:53:47.217,1.32263,1.32271,1.10,1.50
2016.09.27 16:53:47.314,1.32265,1.32272,1.00,2.62
2016.09.27 16:53:47.365,1.32265,1.32272,1.00,1.00
2016.09.27 16:53:51.638,1.32268,1.32272,1.00,1.00
2016.09.27 16:53:51.690,1.32268,1.32276,1.00,4.12
2016.09.27 16:53:51.742,1.32268,1.32276,1.87,1.50
2016.09.27 16:53:51.793,1.32268,1.32277,1.87,1.37
2016.09.27 16:53:51.844,1.32268,1.32277,1.37,1.00
2016.09.27 16:53:51.895,1.32268,1.32277,1.50,1.00
2016.09.27 16:53:51.946,1.32268,1.32277,2.25,1.00
2016.09.27 16:53:52.037,1.32268,1.32277,2.25,1.35
2016.09.27 16:53:52.088,1.32268,1.32275,2.25,1.50
2016.09.27 16:53:52.139,1.32266,1.32275,3.37,2.85
2016.09.27 16:53:52.286,1.32266,1.32275,1.12,5.47
2016.09.27 16:53:52.337,1.32266,1.32274,1.12,1.37
2016.09.27 16:53:52.526,1.32266,1.32274,1.12,1.72
2016.09.27 16:53:52.628,1.32266,1.32274,1.12,1.37
2016.09.27 16:53:52.730,1.32266,1.32274,1.12,1.72
2016.09.27 16:53:53.086,1.32266,1.32274,1.12,1.37
2016.09.27 16:53:53.137,1.32265,1.32272,1.37,1.25
2016.09.27 16:53:53.188,1.32263,1.32272,2.62,1.69
2016.09.27 16:53:53.239,1.32263,1.32271,2.62,1.00
2016.09.27 16:53:53.290,1.32262,1.32271,1.75,1.00
2016.09.27 16:53:53.341,1.3226,1.32271,4.12,1.12
2016.09.27 16:53:53.392,1.32262,1.32271,1.00,1.50
2016.09.27 16:53:53.443,1.32262,1.32271,1.00,4.12
2016.09.27 16:53:53.495,1.3226,1.32271,2.62,4.12
2016.09.27 16:53:53.591,1.32262,1.32271,1.00,3.00
2016.09.27 16:53:53.643,1.32261,1.32271,2.62,1.12
2016.09.27 16:53:53.745,1.32261,1.32271,2.62,1.87
2016.09.27 16:53:54.049,1.32261,1.32271,2.62,1.12
2016.09.27 16:53:54.458,1.32261,1.32271,2.62,1.50
2016.09.27 16:53:54.662,1.32261,1.32271,2.62,1.00
2016.09.27 16:53:55.939,1.32261,1.32271,2.62,1.50
2016.09.27 16:53:56.533,1.32261,1.32271,2.62,1.00
2016.09.27 16:53:57.022,1.32261,1.32271,2.62,1.50
2016.09.27 16:53:57.177,1.32261,1.3227,3.37,1.00
2016.09.27 16:53:57.230,1.32261,1.3227,4.12,1.00
2016.09.27 16:53:57.331,1.32261,1.3227,4.87,1.00
2016.09.27 16:53:57.433,1.32261,1.3227,4.12,1.00
2016.09.27 16:53:57.821,1.32261,1.3227,4.87,1.00
2016.09.27 16:53:58.075,1.32262,1.3227,1.12,1.00
2016.09.27 16:53:58.583,1.32261,1.3227,5.62,1.00
2016.09.27 16:53:58.719,1.32261,1.3227,4.87,1.00
2016.09.27 16:53:59.038,1.32262,1.3227,1.12,1.00
2016.09.27 16:53:59.242,1.32262,1.3227,1.75,1.00
2016.09.27 16:53:59.344,1.32262,1.3227,1.12,1.00
2016.09.27 16:53:59.547,1.32262,1.3227,1.75,1.00
2016.09.27 16:53:59.727,1.32262,1.3227,1.12,1.00
2016.09.27 16:53:59.880,1.32261,1.3227,5.25,1.00
2016.09.27 16:53:59.931,1.32261,1.3227,4.12,1.00
2016.09.27 16:54:00.885,1.32262,1.32271,1.75,1.50
2016.09.27 16:54:02.180,1.32262,1.32272,1.75,1.50
2016.09.27 16:54:02.256,1.32262,1.32272,1.87,1.50
2016.09.27 16:54:02.359,1.32262,1.32272,1.87,2.25
2016.09.27 16:54:02.410,1.32263,1.32271,1.50,1.50
2016.09.27 16:54:02.616,1.32263,1.32273,1.50,4.12
2016.09.27 16:54:02.807,1.32263,1.32272,1.50,1.50
2016.09.27 16:54:03.080,1.32263,1.32273,1.50,3.37
2016.09.27 16:54:03.329,1.32263,1.32272,1.50,1.00
2016.09.27 16:54:03.944,1.32263,1.32273,1.50,2.62
2016.09.27 16:54:04.509,1.32263,1.32273,1.50,1.12
2016.09.27 16:54:04.560,1.32264,1.32273,1.12,1.87
2016.09.27 16:54:04.662,1.32264,1.32273,1.12,2.62
2016.09.27 16:54:04.763,1.32264,1.32273,1.12,1.87
2016.09.27 16:54:04.967,1.32264,1.32273,1.12,2.62
2016.09.27 16:54:05.136,1.32264,1.32273,1.12,1.12
2016.09.27 16:54:05.296,1.32264,1.32273,1.12,3.37
2016.09.27 16:54:05.458,1.32264,1.32273,1.12,3.75
2016.09.27 16:54:05.509,1.32264,1.32273,1.50,1.50
2016.09.27 16:54:05.560,1.32264,1.32273,1.50,3.37
2016.09.27 16:54:05.613,1.32264,1.32273,1.12,3.75
2016.09.27 16:54:06.532,1.32264,1.32272,1.12,1.87
2016.09.27 16:54:07.072,1.32264,1.32271,1.12,1.87
2016.09.27 16:54:07.584,1.32264,1.32272,1.12,1.87
2016.09.27 16:54:07.685,1.32264,1.32272,1.12,2.25
2016.09.27 16:54:07.838,1.32264,1.32271,1.12,1.87
2016.09.27 16:54:08.186,1.32263,1.32273,1.37,4.87
2016.09.27 16:54:08.237,1.32263,1.32273,1.37,5.62
2016.09.27 16:54:08.543,1.32263,1.32273,1.37,6.37
2016.09.27 16:54:08.594,1.32263,1.32272,1.37,1.37
2016.09.27 16:54:08.848,1.32263,1.32273,1.37,6.00
2016.09.27 16:54:09.689,1.32263,1.32273,1.37,6.37
2016.09.27 16:54:09.792,1.32263,1.32273,1.37,6.00
2016.09.27 16:54:10.078,1.32263,1.32273,1.37,6.37
2016.09.27 16:54:10.641,1.32263,1.32273,1.87,5.62
2016.09.27 16:54:10.692,1.32263,1.32273,1.87,5.25
2016.09.27 16:54:10.846,1.32263,1.32273,1.37,5.25
2016.09.27 16:54:10.999,1.32263,1.32273,1.37,4.87
2016.09.27 16:54:11.101,1.32263,1.32273,1.50,2.62
2016.09.27 16:54:11.304,1.32263,1.32273,1.50,3.00
2016.09.27 16:54:11.801,1.32262,1.32273,3.75,2.25
2016.09.27 16:54:11.852,1.32263,1.32273,2.25,2.25
2016.09.27 16:54:11.954,1.32263,1.32273,1.50,2.25
2016.09.27 16:54:12.037,1.32263,1.32273,1.50,2.25
2016.09.27 16:54:12.291,1.32263,1.32273,1.37,4.50
2016.09.27 16:54:12.847,1.32263,1.32273,1.37,3.75
2016.09.27 16:54:12.949,1.32263,1.32272,1.37,1.37
2016.09.27 16:54:13.001,1.32262,1.32271,2.25,1.87
2016.09.27 16:54:13.053,1.32261,1.32269,3.37,2.10
2016.09.27 16:54:13.105,1.32263,1.32268,1.00,1.60
2016.09.27 16:54:13.157,1.32263,1.32268,1.00,2.85
2016.09.27 16:54:13.208,1.3226,1.32268,1.00,2.85
2016.09.27 16:54:13.311,1.32258,1.32268,1.87,3.60
2016.09.27 16:54:13.418,1.32258,1.32266,1.87,1.00
2016.09.27 16:54:13.521,1.32258,1.32266,4.12,1.00
2016.09.27 16:54:13.572,1.32258,1.32266,5.51,1.00
2016.09.27 16:54:13.689,1.32258,1.32266,4.12,1.00
2016.09.27 16:54:14.250,1.32258,1.32266,5.62,1.00
2016.09.27 16:54:14.301,1.32258,1.32266,5.62,1.00
2016.09.27 16:54:14.521,1.32259,1.32266,1.69,1.00
2016.09.27 16:54:15.248,1.32259,1.32266,1.87,1.00
2016.09.27 16:54:15.432,1.32259,1.32269,1.87,2.62
2016.09.27 16:54:15.596,1.32259,1.32268,1.87,1.12
2016.09.27 16:54:15.749,1.32259,1.32268,1.50,1.12
2016.09.27 16:54:15.901,1.32259,1.32268,1.50,1.72
2016.09.27 16:54:16.003,1.32259,1.32268,1.50,1.12
2016.09.27 16:54:16.234,1.32259,1.32267,1.50,1.00
2016.09.27 16:54:16.311,1.32259,1.32267,1.00,1.72
2016.09.27 16:54:16.853,1.32256,1.3226,3.00,1.00
2016.09.27 16:54:16.905,1.32255,1.32259,1.12,1.87
2016.09.27 16:54:16.957,1.32251,1.32256,13.12,1.25
2016.09.27 16:54:17.009,1.3225,1.32254,1.00,1.50
2016.09.27 16:54:17.082,1.32243,1.32249,2.43,1.00
2016.09.27 16:54:17.134,1.32242,1.32247,1.00,1.00
2016.09.27 16:54:17.185,1.32242,1.32247,1.37,1.00
2016.09.27 16:54:17.277,1.32242,1.32246,1.00,1.00
2016.09.27 16:54:17.329,1.32239,1.32245,1.50,1.00
2016.09.27 16:54:17.380,1.32239,1.32245,1.50,1.12
2016.09.27 16:54:17.431,1.3224,1.32244,1.00,1.00
2016.09.27 16:54:17.584,1.3224,1.32245,1.12,1.00
2016.09.27 16:54:17.635,1.3224,1.32245,1.50,1.00
2016.09.27 16:54:18.087,1.3224,1.32246,1.50,1.50
2016.09.27 16:54:18.189,1.3224,1.32246,1.50,1.00
2016.09.27 16:54:18.291,1.3224,1.32247,1.50,1.50
2016.09.27 16:54:18.495,1.3224,1.32246,1.50,1.00
2016.09.27 16:54:18.597,1.3224,1.32247,1.50,1.50
2016.09.27 16:54:18.988,1.3224,1.32247,1.50,1.35
2016.09.27 16:54:19.039,1.3224,1.32247,1.50,1.00
2016.09.27 16:54:19.142,1.3224,1.32247,1.75,1.00
2016.09.27 16:54:19.193,1.3224,1.32247,1.87,1.50
2016.09.27 16:54:19.244,1.3224,1.32247,2.25,1.50
2016.09.27 16:54:19.346,1.3224,1.32247,2.25,1.50
2016.09.27 16:54:19.397,1.32241,1.32247,1.37,1.00
2016.09.27 16:54:19.448,1.32241,1.32247,1.50,1.00
2016.09.27 16:54:19.499,1.32241,1.32247,1.00,1.00
2016.09.27 16:54:19.550,1.3224,1.32247,1.87,1.00
2016.09.27 16:54:19.910,1.3224,1.32247,2.25,1.00
2016.09.27 16:54:19.961,1.3224,1.32247,2.25,1.50
2016.09.27 16:54:20.012,1.3224,1.32247,2.25,1.00
2016.09.27 16:54:20.063,1.3224,1.32248,2.25,1.50
2016.09.27 16:54:20.268,1.3224,1.32248,2.25,1.50
2016.09.27 16:54:20.401,1.3224,1.32247,2.44,1.00
2016.09.27 16:54:20.512,1.3224,1.32247,2.06,1.00
2016.09.27 16:54:20.563,1.3224,1.32247,2.25,1.35
2016.09.27 16:54:21.151,1.3224,1.32248,1.87,1.60
2016.09.27 16:54:21.254,1.3224,1.32248,1.87,1.00
2016.09.27 16:54:21.356,1.3224,1.32248,2.25,1.00
2016.09.27 16:54:21.564,1.32241,1.32249,1.12,2.62
2016.09.27 16:54:21.666,1.32241,1.32249,1.12,2.62
2016.09.27 16:54:22.013,1.32241,1.32249,1.12,3.22
2016.09.27 16:54:22.064,1.32241,1.32249,1.12,3.22
2016.09.27 16:54:22.166,1.32241,1.32248,1.00,1.00
2016.09.27 16:54:22.373,1.32241,1.32249,1.00,3.22
2016.09.27 16:54:22.424,1.32241,1.32249,1.87,2.47
2016.09.27 16:54:22.524,1.32241,1.32249,1.87,1.87
2016.09.27 16:54:22.818,1.32241,1.32249,1.87,1.50
2016.09.27 16:54:23.003,1.32242,1.32249,3.75,1.87
2016.09.27 16:54:23.054,1.32244,1.32251,1.50,1.50
2016.09.27 16:54:23.157,1.32244,1.3225,1.50,1.00
2016.09.27 16:54:23.988,1.32244,1.3225,2.25,1.00
2016.09.27 16:54:24.327,1.32244,1.32252,2.25,1.50
2016.09.27 16:54:24.733,1.32244,1.32251,2.25,1.00
2016.09.27 16:54:24.835,1.32244,1.32252,2.25,1.50
2016.09.27 16:54:25.038,1.32244,1.3225,1.50,1.00
2016.09.27 16:54:25.089,1.32244,1.3225,1.50,1.60
2016.09.27 16:54:25.140,1.32244,1.32251,3.37,3.60
2016.09.27 16:54:25.191,1.32244,1.32251,2.62,1.50
2016.09.27 16:54:25.243,1.32245,1.32249,1.00,1.50
2016.09.27 16:54:25.350,1.32245,1.32249,1.00,1.00
2016.09.27 16:54:26.336,1.32245,1.32249,1.00,1.00
2016.09.27 16:54:26.438,1.32244,1.3225,2.62,1.12
2016.09.27 16:54:27.022,1.32244,1.3225,2.62,1.87
2016.09.27 16:54:27.973,1.32244,1.3225,2.62,1.87
2016.09.27 16:54:28.125,1.32244,1.3225,2.62,2.62
2016.09.27 16:54:28.227,1.32244,1.3225,2.62,1.87
2016.09.27 16:54:28.279,1.32245,1.3225,1.00,2.47
2016.09.27 16:54:28.330,1.32245,1.3225,1.00,3.22
2016.09.27 16:54:28.432,1.32245,1.3225,1.00,2.47
2016.09.27 16:54:28.483,1.32244,1.3225,2.62,2.47
2016.09.27 16:54:28.535,1.32243,1.3225,4.12,2.47
2016.09.27 16:54:28.586,1.32245,1.3225,1.00,2.47
2016.09.27 16:54:28.689,1.32243,1.3225,4.12,3.22
2016.09.27 16:54:28.813,1.32243,1.3225,2.25,3.22
2016.09.27 16:54:28.864,1.32243,1.3225,2.25,2.47
2016.09.27 16:54:30.023,1.32243,1.3225,2.25,1.00
2016.09.27 16:54:30.075,1.32244,1.32251,1.19,1.00
2016.09.27 16:54:30.126,1.32244,1.32251,1.69,1.00
2016.09.27 16:54:30.178,1.32244,1.32251,1.50,1.00
2016.09.27 16:54:30.230,1.32245,1.32252,2.25,2.25
2016.09.27 16:54:30.282,1.32245,1.32252,2.62,1.50
2016.09.27 16:54:30.956,1.32247,1.32251,1.00,1.35
2016.09.27 16:54:31.058,1.32247,1.32251,1.00,2.10
2016.09.27 16:54:31.160,1.32247,1.32251,1.00,1.35
2016.09.27 16:54:31.211,1.32247,1.32251,1.00,1.00
2016.09.27 16:54:31.323,1.32246,1.32251,1.69,1.00
2016.09.27 16:54:31.374,1.32246,1.32252,1.00,1.00
2016.09.27 16:54:31.425,1.32244,1.32251,2.62,1.00
2016.09.27 16:54:31.527,1.32245,1.32251,1.00,1.00
2016.09.27 16:54:31.578,1.32243,1.32251,2.25,1.00
2016.09.27 16:54:31.956,1.32243,1.32251,2.32,1.00
2016.09.27 16:54:32.076,1.32243,1.32251,2.44,1.50
2016.09.27 16:54:32.127,1.32245,1.32252,2.25,1.87
2016.09.27 16:54:32.178,1.32245,1.32252,2.62,1.87
2016.09.27 16:54:32.331,1.32245,1.32255,4.31,3.97
2016.09.27 16:54:32.488,1.32245,1.32255,5.06,3.97
2016.09.27 16:54:32.539,1.32246,1.32255,1.24,2.47
2016.09.27 16:54:32.590,1.32245,1.32255,2.43,2.47
2016.09.27 16:54:32.956,1.32245,1.32255,2.43,2.85
2016.09.27 16:54:33.109,1.32245,1.32255,2.43,3.22
2016.09.27 16:54:33.160,1.32245,1.32255,2.43,3.97
2016.09.27 16:54:33.211,1.32245,1.32255,2.43,3.22
2016.09.27 16:54:33.414,1.32245,1.32255,2.43,2.85
2016.09.27 16:54:33.465,1.32245,1.32255,2.43,4.35
2016.09.27 16:54:33.567,1.32245,1.32255,3.18,5.10
2016.09.27 16:54:33.650,1.32245,1.32255,3.18,5.47
2016.09.27 16:54:33.753,1.32245,1.32255,3.18,5.10
2016.09.27 16:54:33.805,1.32245,1.32254,3.18,1.72
2016.09.27 16:54:34.061,1.32245,1.32254,2.43,1.72
2016.09.27 16:54:34.112,1.32245,1.32255,2.43,4.72
2016.09.27 16:54:34.164,1.32245,1.32255,2.43,4.35
2016.09.27 16:54:34.215,1.32245,1.32253,2.43,1.00
2016.09.27 16:54:34.266,1.32245,1.32251,3.18,1.00
2016.09.27 16:54:34.521,1.32245,1.32251,2.25,1.00
2016.09.27 16:54:34.628,1.32245,1.32253,1.50,1.50
2016.09.27 16:54:34.934,1.32245,1.32253,1.50,3.60
2016.09.27 16:54:35.161,1.32245,1.32253,1.50,2.10
2016.09.27 16:54:35.212,1.32244,1.32253,3.18,2.10
2016.09.27 16:54:35.314,1.32244,1.32253,3.18,1.50
2016.09.27 16:54:35.365,1.32244,1.32253,2.43,1.50
2016.09.27 16:54:35.612,1.32244,1.32253,2.43,2.10
2016.09.27 16:54:35.664,1.32244,1.32253,3.18,2.10
2016.09.27 16:54:35.767,1.32244,1.32253,3.18,1.50
2016.09.27 16:54:35.872,1.32244,1.32253,3.18,2.10
2016.09.27 16:54:36.178,1.32244,1.32253,3.18,3.60
2016.09.27 16:54:37.091,1.32244,1.32253,3.18,2.85
2016.09.27 16:54:38.629,1.32244,1.32253,3.18,1.00
2016.09.27 16:54:38.681,1.32245,1.32253,1.69,1.00
2016.09.27 16:54:38.732,1.32248,1.32254,1.50,1.12
2016.09.27 16:54:38.783,1.32248,1.32254,1.57,1.12
2016.09.27 16:54:38.835,1.32251,1.32255,1.00,1.00
2016.09.27 16:54:38.886,1.32251,1.32256,1.20,1.00
2016.09.27 16:54:38.937,1.32251,1.32257,1.20,2.25
2016.09.27 16:54:38.988,1.32251,1.32258,1.10,1.00
2016.09.27 16:54:39.076,1.3225,1.32258,2.88,1.00
2016.09.27 16:54:39.128,1.32251,1.32258,1.00,3.22
2016.09.27 16:54:39.180,1.3225,1.32258,1.68,3.97
2016.09.27 16:54:39.231,1.32249,1.32256,1.56,2.10
2016.09.27 16:54:39.283,1.32249,1.32256,1.18,1.00
2016.09.27 16:54:39.335,1.32249,1.32256,1.18,3.00
2016.09.27 16:54:39.386,1.32249,1.32256,1.18,2.62
2016.09.27 16:54:39.438,1.32248,1.32256,1.68,3.37
2016.09.27 16:54:39.490,1.32248,1.32255,1.24,1.37
2016.09.27 16:54:39.541,1.32247,1.32255,2.81,1.12
2016.09.27 16:54:39.592,1.32247,1.32255,3.18,1.00
2016.09.27 16:54:39.643,1.32247,1.32256,2.06,4.87
2016.09.27 16:54:39.695,1.32247,1.32255,1.68,1.37
2016.09.27 16:54:39.746,1.32247,1.32255,2.06,1.37
2016.09.27 16:54:39.800,1.32247,1.32256,2.06,3.75
2016.09.27 16:54:39.904,1.32247,1.32256,2.06,3.37
2016.09.27 16:54:40.029,1.32247,1.32256,1.68,4.87
2016.09.27 16:54:40.385,1.32247,1.32256,1.68,3.37
2016.09.27 16:54:40.487,1.32247,1.32256,1.68,3.75
2016.09.27 16:54:40.742,1.32247,1.32256,1.00,3.75
2016.09.27 16:54:42.339,1.32247,1.32256,1.24,3.75
2016.09.27 16:54:42.910,1.32247,1.32256,1.68,3.75
2016.09.27 16:54:43.735,1.32247,1.32256,1.68,3.00
2016.09.27 16:54:43.786,1.32248,1.32256,1.12,3.00
2016.09.27 16:54:43.906,1.32249,1.32255,1.00,1.00
2016.09.27 16:54:43.958,1.32249,1.32257,2.06,2.25
2016.09.27 16:54:44.009,1.32249,1.32258,1.68,1.87
2016.09.27 16:54:44.060,1.32249,1.32258,1.31,1.12
2016.09.27 16:54:44.111,1.32249,1.32258,1.68,1.12
2016.09.27 16:54:44.162,1.32249,1.32258,3.45,1.12
2016.09.27 16:54:44.794,1.32249,1.32258,3.45,1.12
2016.09.27 16:54:44.845,1.32249,1.32258,3.07,1.12
2016.09.27 16:54:44.934,1.3225,1.32258,1.68,1.00
2016.09.27 16:54:44.985,1.32249,1.32258,2.81,1.00
2016.09.27 16:54:45.601,1.32249,1.32258,2.43,1.00
2016.09.27 16:54:45.652,1.32249,1.32258,3.56,1.00
2016.09.27 16:54:45.707,1.32249,1.32258,3.93,1.00
2016.09.27 16:54:45.784,1.32249,1.32258,2.81,1.00
2016.09.27 16:54:46.341,1.32249,1.32258,2.81,1.60
2016.09.27 16:54:46.392,1.32249,1.32258,2.43,1.60
2016.09.27 16:54:46.495,1.3225,1.32258,1.24,1.35
2016.09.27 16:54:46.546,1.3225,1.32258,1.24,1.60
2016.09.27 16:54:46.598,1.32249,1.32258,2.81,1.60
2016.09.27 16:54:46.803,1.32249,1.32258,2.43,1.60
2016.09.27 16:54:47.047,1.32249,1.32258,3.00,1.60
2016.09.27 16:54:47.114,1.3225,1.32258,1.12,1.60
2016.09.27 16:54:47.596,1.32249,1.32258,3.37,1.60
2016.09.27 16:54:48.083,1.32249,1.32258,3.75,1.60
2016.09.27 16:54:48.860,1.32249,1.32258,3.00,1.60
2016.09.27 16:54:50.464,1.32249,1.32256,3.00,1.00
2016.09.27 16:54:50.518,1.32249,1.32256,3.00,1.60
2016.09.27 16:54:50.672,1.32249,1.32256,2.25,1.60
2016.09.27 16:54:50.927,1.32249,1.32256,2.25,1.00
2016.09.27 16:54:50.978,1.32249,1.32258,2.44,1.50
2016.09.27 16:54:51.080,1.3225,1.32258,1.12,1.50
2016.09.27 16:54:51.182,1.3225,1.32256,1.12,1.00
2016.09.27 16:54:51.284,1.32249,1.32256,3.75,1.00
2016.09.27 16:54:51.487,1.3225,1.32258,1.12,1.50
2016.09.27 16:54:51.692,1.32249,1.32258,3.75,1.50
2016.09.27 16:54:52.060,1.3225,1.32258,1.12,1.50
2016.09.27 16:54:52.264,1.32249,1.32258,2.62,2.47
2016.09.27 16:54:52.348,1.32249,1.32254,1.00,2.10
2016.09.27 16:54:52.400,1.32247,1.32254,2.25,2.29
2016.09.27 16:54:52.523,1.32246,1.32254,1.12,1.69
2016.09.27 16:54:52.576,1.32245,1.32254,2.25,2.62
2016.09.27 16:54:52.628,1.32245,1.32254,2.25,1.50
2016.09.27 16:54:52.679,1.32245,1.32254,1.50,1.50
2016.09.27 16:54:53.137,1.32245,1.32254,1.12,1.50
2016.09.27 16:54:53.188,1.32246,1.32253,1.00,1.00
2016.09.27 16:54:53.239,1.32246,1.32255,2.25,2.62
2016.09.27 16:54:53.293,1.32247,1.32254,1.00,1.00
2016.09.27 16:54:53.402,1.32247,1.32255,1.50,2.25
2016.09.27 16:54:53.521,1.32247,1.32254,1.50,2.47
2016.09.27 16:54:53.573,1.32247,1.32254,1.00,2.10
2016.09.27 16:54:53.624,1.32247,1.32255,1.00,2.85
2016.09.27 16:54:53.675,1.32247,1.32255,1.50,2.85
2016.09.27 16:54:53.726,1.32247,1.32256,1.50,5.10
2016.09.27 16:54:53.778,1.32247,1.32254,1.00,1.00
2016.09.27 16:54:54.085,1.32247,1.32254,1.50,1.00
2016.09.27 16:54:54.362,1.32247,1.32254,2.25,1.00
2016.09.27 16:54:54.464,1.32247,1.32255,2.25,1.00
2016.09.27 16:54:54.909,1.32248,1.32255,1.00,1.00
2016.09.27 16:54:55.011,1.3225,1.32255,1.00,1.35
2016.09.27 16:54:55.062,1.3225,1.32257,1.00,3.22
2016.09.27 16:54:55.164,1.3225,1.32256,1.00,1.60
2016.09.27 16:54:55.420,1.3225,1.32256,1.00,1.00
2016.09.27 16:54:55.781,1.32248,1.32256,3.37,2.85
2016.09.27 16:54:55.886,1.32249,1.32255,1.00,2.10
2016.09.27 16:54:55.987,1.32248,1.32254,1.87,1.35
2016.09.27 16:54:56.042,1.32247,1.32254,3.00,1.00
2016.09.27 16:54:56.195,1.32247,1.32257,3.75,3.97
2016.09.27 16:54:56.246,1.32247,1.32257,3.37,4.35
2016.09.27 16:54:56.298,1.32247,1.32256,2.62,2.62
2016.09.27 16:54:56.349,1.32247,1.32256,2.62,3.22
2016.09.27 16:54:56.400,1.32247,1.32256,2.62,3.22
2016.09.27 16:54:56.553,1.32247,1.32256,2.62,2.62
2016.09.27 16:54:56.655,1.32247,1.32256,1.87,2.62
2016.09.27 16:54:56.707,1.32247,1.32256,2.62,4.12
2016.09.27 16:54:56.815,1.32247,1.32254,1.12,1.12
2016.09.27 16:54:56.867,1.32245,1.32254,2.25,1.50
2016.09.27 16:54:56.971,1.32245,1.32254,2.62,3.37
2016.09.27 16:54:57.140,1.32245,1.32254,2.62,3.00
2016.09.27 16:54:57.191,1.32245,1.32254,2.62,1.12
2016.09.27 16:54:57.294,1.32245,1.32254,1.87,1.12
2016.09.27 16:54:57.350,1.32245,1.32254,1.12,1.50
2016.09.27 16:54:57.402,1.32245,1.32254,1.12,3.37
2016.09.27 16:54:57.562,1.32245,1.32254,1.12,2.62
2016.09.27 16:54:57.614,1.32245,1.32254,1.87,2.62
2016.09.27 16:54:57.667,1.32245,1.32256,2.25,2.25
2016.09.27 16:54:57.769,1.32245,1.32256,1.12,4.12
2016.09.27 16:54:57.822,1.32245,1.32256,1.87,4.59
2016.09.27 16:54:57.873,1.32246,1.32255,1.00,1.00
2016.09.27 16:54:59.273,1.32246,1.32255,1.00,1.12
2016.09.27 16:54:59.324,1.32246,1.32255,1.50,1.12
2016.09.27 16:54:59.448,1.32249,1.32255,1.00,1.12
2016.09.27 16:54:59.518,1.3225,1.32255,2.32,2.62
2016.09.27 16:54:59.569,1.3225,1.32256,1.50,1.67
2016.09.27 16:54:59.620,1.32249,1.32255,1.50,1.72
2016.09.27 16:54:59.671,1.32249,1.32255,1.00,2.85
2016.09.27 16:54:59.723,1.32249,1.32255,1.00,1.35
2016.09.27 16:54:59.774,1.32249,1.32255,1.00,1.00
2016.09.27 16:54:59.875,1.32249,1.32256,1.00,1.35
2016.09.27 16:55:00.138,1.32249,1.32256,1.00,1.72
2016.09.27 16:55:00.190,1.32249,1.32256,1.00,3.97
2016.09.27 16:55:00.295,1.32248,1.32256,1.50,3.97
2016.09.27 16:55:00.350,1.32248,1.32256,1.00,3.97
2016.09.27 16:55:00.452,1.32248,1.32256,1.50,3.97
2016.09.27 16:55:00.503,1.32248,1.32256,1.00,3.22
2016.09.27 16:55:00.555,1.32248,1.32256,1.12,2.85
2016.09.27 16:55:00.606,1.32248,1.32256,1.50,1.30
2016.09.27 16:55:00.758,1.32248,1.32257,1.50,3.60
2016.09.27 16:55:00.810,1.32248,1.32257,1.50,2.85
2016.09.27 16:55:01.121,1.32248,1.32257,1.50,4.35
2016.09.27 16:55:02.004,1.32248,1.32257,1.50,2.25
2016.09.27 16:55:02.226,1.32248,1.32255,1.50,2.10
2016.09.27 16:55:02.697,1.32248,1.32257,1.50,2.85
2016.09.27 16:55:02.749,1.32249,1.32257,1.12,1.50
2016.09.27 16:55:02.800,1.32249,1.32257,1.95,1.50
2016.09.27 16:55:02.852,1.32249,1.32257,2.32,1.50
2016.09.27 16:55:02.946,1.3225,1.32257,2.14,1.12
2016.09.27 16:55:02.998,1.3225,1.32258,2.51,1.50
2016.09.27 16:55:03.100,1.3225,1.32258,1.12,1.00
2016.09.27 16:55:03.152,1.3225,1.32259,2.25,1.12
2016.09.27 16:55:03.256,1.32249,1.32257,2.32,1.00
2016.09.27 16:55:03.307,1.32249,1.32255,1.50,1.00
2016.09.27 16:55:03.513,1.3225,1.32257,1.00,1.00
2016.09.27 16:55:03.641,1.32248,1.32254,1.00,2.62
2016.09.27 16:55:03.692,1.32249,1.32256,1.00,2.47
2016.09.27 16:55:03.998,1.32249,1.32257,1.00,2.10
2016.09.27 16:55:04.100,1.32249,1.32256,1.00,1.72
2016.09.27 16:55:04.356,1.32249,1.32256,1.00,3.22
2016.09.27 16:55:04.407,1.32249,1.32256,1.00,1.72
2016.09.27 16:55:05.424,1.32249,1.32256,1.00,3.22
2016.09.27 16:55:05.526,1.32249,1.32255,1.00,1.60
2016.09.27 16:55:05.706,1.32249,1.32255,1.00,1.35
2016.09.27 16:55:05.961,1.32248,1.32255,1.00,1.00
2016.09.27 16:55:06.012,1.32247,1.32255,1.87,1.35
2016.09.27 16:55:06.334,1.32247,1.32253,1.87,1.00
2016.09.27 16:55:06.769,1.32247,1.32252,1.12,1.00
2016.09.27 16:55:06.820,1.32247,1.32252,1.00,1.00
2016.09.27 16:55:06.923,1.32245,1.32252,1.12,1.50
2016.09.27 16:55:06.974,1.32243,1.3225,1.75,1.00
2016.09.27 16:55:07.041,1.32241,1.3225,3.37,1.00
2016.09.27 16:55:07.092,1.32241,1.3225,1.12,1.12
2016.09.27 16:55:07.296,1.32241,1.3225,1.87,1.12
2016.09.27 16:55:07.499,1.32241,1.32249,1.50,1.00
2016.09.27 16:55:07.550,1.32241,1.32249,1.50,1.00
2016.09.27 16:55:07.652,1.32241,1.32248,2.25,1.00
2016.09.27 16:55:07.703,1.32241,1.32249,1.50,1.00
2016.09.27 16:55:07.908,1.32242,1.32251,1.00,1.50
2016.09.27 16:55:08.830,1.32242,1.32251,1.00,3.00
2016.09.27 16:55:08.932,1.32241,1.3225,1.12,2.62
2016.09.27 16:55:09.035,1.32241,1.3225,1.87,3.22
2016.09.27 16:55:09.086,1.32241,1.3225,1.12,3.97
2016.09.27 16:55:09.137,1.32241,1.32249,1.12,1.37
2016.09.27 16:55:09.188,1.32241,1.32249,1.12,1.37
2016.09.27 16:55:09.392,1.3224,1.32249,2.62,1.37
2016.09.27 16:55:09.443,1.3224,1.32249,1.87,1.37
2016.09.27 16:55:09.494,1.3224,1.32249,1.37,1.37
2016.09.27 16:55:09.606,1.3224,1.32245,1.87,1.00
2016.09.27 16:55:09.657,1.32241,1.32245,1.12,1.00
2016.09.27 16:55:09.708,1.32241,1.32248,1.00,3.37
2016.09.27 16:55:09.811,1.32239,1.32246,3.37,2.47
2016.09.27 16:55:09.862,1.32239,1.32248,3.37,2.62
2016.09.27 16:55:09.913,1.32239,1.32249,3.00,1.31
2016.09.27 16:55:10.015,1.32239,1.32248,2.62,2.62
2016.09.27 16:55:10.117,1.32239,1.32247,3.00,1.00
2016.09.27 16:55:10.221,1.32241,1.3225,1.12,2.62
2016.09.27 16:55:10.334,1.32242,1.32249,1.00,2.62
2016.09.27 16:55:10.447,1.32242,1.3225,1.50,1.00
2016.09.27 16:55:10.499,1.32242,1.3225,2.25,1.00
2016.09.27 16:55:10.550,1.32242,1.3225,1.50,1.00
2016.09.27 16:55:10.601,1.32242,1.3225,1.00,1.00
2016.09.27 16:55:10.704,1.32241,1.3225,1.00,2.25
2016.09.27 16:55:11.060,1.32241,1.3225,1.00,1.50
2016.09.27 16:55:11.112,1.32241,1.32248,1.00,1.00
2016.09.27 16:55:11.188,1.3224,1.32248,1.12,1.50
2016.09.27 16:55:11.244,1.32241,1.32248,1.00,1.00
2016.09.27 16:55:11.297,1.32241,1.3225,1.00,1.50
2016.09.27 16:55:11.857,1.32241,1.3225,1.50,1.50
2016.09.27 16:55:11.908,1.32241,1.32251,1.00,4.12
2016.09.27 16:55:11.959,1.32241,1.32251,1.50,3.37
2016.09.27 16:55:12.240,1.32241,1.32251,1.50,3.37
2016.09.27 16:55:12.344,1.32241,1.32251,1.50,1.12
2016.09.27 16:55:12.398,1.32241,1.32251,1.87,1.12
2016.09.27 16:55:12.553,1.32241,1.32251,2.25,1.12
2016.09.27 16:55:12.655,1.32241,1.32251,3.00,1.12
2016.09.27 16:55:12.947,1.32241,1.32251,2.25,1.12
2016.09.27 16:55:13.026,1.32241,1.32251,1.87,1.12
2016.09.27 16:55:13.230,1.32242,1.32251,1.12,1.12
2016.09.27 16:55:13.332,1.32241,1.32251,2.62,1.12
2016.09.27 16:55:13.536,1.32241,1.32251,3.00,1.12
2016.09.27 16:55:13.638,1.32241,1.3225,1.87,1.00
2016.09.27 16:55:13.689,1.32241,1.3225,1.50,1.00
2016.09.27 16:55:13.741,1.32241,1.32249,1.00,1.00
2016.09.27 16:55:14.095,1.32241,1.32249,1.00,1.60
2016.09.27 16:55:14.147,1.32241,1.32247,1.00,1.00
2016.09.27 16:55:15.763,1.3224,1.32247,3.00,2.85
2016.09.27 16:55:15.865,1.3224,1.32247,2.25,2.85
2016.09.27 16:55:16.709,1.3224,1.32247,1.50,2.85
2016.09.27 16:55:16.862,1.3224,1.32247,2.25,2.85
2016.09.27 16:55:16.913,1.3224,1.32247,1.87,3.22
2016.09.27 16:55:16.964,1.3224,1.32247,1.50,3.22
2016.09.27 16:55:17.245,1.3224,1.32247,1.50,1.12
2016.09.27 16:55:17.424,1.3224,1.32247,1.00,3.22
2016.09.27 16:55:17.487,1.32238,1.32242,1.12,1.12
2016.09.27 16:55:17.539,1.32235,1.32242,2.62,1.00
2016.09.27 16:55:17.642,1.32234,1.32243,2.25,1.12
2016.09.27 16:55:17.694,1.32234,1.32243,1.50,1.87
2016.09.27 16:55:17.746,1.32234,1.32243,1.00,2.62
2016.09.27 16:55:17.798,1.32234,1.32241,1.00,1.00
2016.09.27 16:55:17.849,1.32232,1.32241,1.50,1.50
2016.09.27 16:55:17.901,1.32232,1.32241,1.50,1.50
2016.09.27 16:55:17.990,1.32231,1.32238,1.12,1.00
2016.09.27 16:55:18.042,1.3223,1.32238,1.50,1.25
2016.09.27 16:55:18.144,1.32229,1.32238,1.87,1.12
2016.09.27 16:55:18.313,1.32231,1.32239,1.00,2.62
2016.09.27 16:55:18.415,1.32231,1.32239,1.50,1.00
2016.09.27 16:55:18.466,1.32232,1.3224,1.12,1.50
2016.09.27 16:55:18.517,1.32232,1.3224,1.37,1.00
2016.09.27 16:55:18.568,1.32231,1.32241,3.37,1.37
2016.09.27 16:55:18.620,1.32231,1.32241,3.75,1.37
2016.09.27 16:55:18.671,1.32232,1.32241,1.37,1.37
2016.09.27 16:55:18.773,1.32231,1.32241,3.75,1.37
2016.09.27 16:55:18.925,1.32231,1.32241,3.37,1.37
2016.09.27 16:55:19.179,1.32232,1.32241,1.37,1.37
2016.09.27 16:55:19.281,1.32231,1.32241,3.37,1.37
2016.09.27 16:55:19.557,1.32233,1.32241,1.00,1.00
2016.09.27 16:55:19.920,1.32232,1.32241,1.37,1.12
2016.09.27 16:55:19.971,1.32232,1.32241,1.12,1.50
2016.09.27 16:55:20.073,1.32232,1.32241,1.87,1.50
2016.09.27 16:55:20.124,1.32232,1.32241,1.50,1.50
2016.09.27 16:55:20.651,1.32232,1.32241,1.00,1.50
2016.09.27 16:55:20.754,1.32232,1.32241,1.50,1.50
2016.09.27 16:55:21.172,1.32232,1.32241,1.00,1.50
2016.09.27 16:55:21.426,1.32232,1.32241,1.00,1.00
2016.09.27 16:55:21.477,1.32232,1.32241,1.00,2.25
2016.09.27 16:55:21.528,1.32232,1.32241,1.00,1.00
2016.09.27 16:55:22.390,1.32232,1.32241,1.00,1.00
2016.09.27 16:55:23.251,1.32232,1.32241,1.50,2.25
2016.09.27 16:55:23.302,1.32232,1.32238,1.50,1.00
2016.09.27 16:55:23.354,1.32232,1.32238,1.00,1.12
2016.09.27 16:55:23.468,1.3223,1.32238,1.12,1.87
2016.09.27 16:55:23.571,1.3223,1.32237,1.87,1.50
2016.09.27 16:55:23.622,1.3223,1.32235,1.50,2.25
2016.09.27 16:55:23.674,1.32226,1.32235,1.75,2.06
2016.09.27 16:55:23.725,1.32226,1.32234,1.37,2.25
2016.09.27 16:55:23.776,1.32224,1.32233,2.62,1.37
2016.09.27 16:55:23.828,1.32224,1.32233,2.62,2.25
2016.09.27 16:55:23.879,1.32224,1.32233,2.25,2.25
2016.09.27 16:55:23.931,1.32224,1.32233,1.87,1.87
2016.09.27 16:55:23.982,1.32224,1.32232,1.50,1.00
2016.09.27 16:55:24.150,1.32224,1.32232,1.87,1.00
2016.09.27 16:55:24.636,1.32224,1.32232,1.87,1.50
2016.09.27 16:55:25.653,1.32225,1.32232,1.00,1.50
2016.09.27 16:55:27.340,1.32225,1.32232,1.00,1.50
2016.09.27 16:55:27.419,1.32225,1.32232,1.50,1.50
2016.09.27 16:55:27.471,1.32225,1.32232,2.25,1.00
2016.09.27 16:55:27.850,1.32225,1.32232,1.00,1.00
2016.09.27 16:55:30.260,1.32225,1.32231,1.00,1.00
2016.09.27 16:55:30.973,1.32225,1.32231,1.00,1.00
2016.09.27 16:55:31.024,1.32225,1.32231,1.00,1.50
2016.09.27 16:55:31.076,1.32224,1.32229,1.00,1.00
2016.09.27 16:55:31.257,1.32224,1.3223,1.00,1.87
2016.09.27 16:55:31.461,1.32224,1.3223,1.00,1.50
2016.09.27 16:55:31.868,1.32224,1.32229,1.12,1.00
2016.09.27 16:55:32.275,1.32224,1.32231,1.12,2.25
2016.09.27 16:55:32.449,1.32223,1.32231,1.50,2.25
2016.09.27 16:55:32.572,1.32224,1.32231,1.12,3.00
2016.09.27 16:55:32.674,1.32224,1.32231,1.87,2.25
2016.09.27 16:55:32.725,1.32224,1.32231,1.87,1.50
2016.09.27 16:55:32.879,1.32224,1.32231,1.50,1.69
2016.09.27 16:55:32.930,1.32224,1.32231,1.50,2.44
2016.09.27 16:55:32.981,1.32224,1.32231,1.00,2.81
2016.09.27 16:55:33.185,1.32224,1.32231,1.00,2.62
2016.09.27 16:55:33.287,1.32224,1.3223,1.00,1.12
2016.09.27 16:55:33.389,1.32224,1.3223,1.00,1.87
2016.09.27 16:55:33.643,1.32224,1.3223,1.00,1.50
2016.09.27 16:55:33.797,1.32224,1.32229,1.00,1.00
2016.09.27 16:55:34.257,1.32224,1.3223,1.00,1.50
2016.09.27 16:55:34.359,1.32224,1.3223,1.00,2.25
2016.09.27 16:55:34.563,1.32224,1.3223,1.00,1.50
2016.09.27 16:55:34.666,1.32224,1.3223,1.00,3.00
2016.09.27 16:55:34.768,1.32224,1.3223,1.00,2.62
2016.09.27 16:55:34.940,1.32222,1.3223,1.87,1.12
2016.09.27 16:55:34.991,1.32222,1.3223,1.87,1.87
2016.09.27 16:55:35.093,1.32222,1.3223,1.87,1.12
2016.09.27 16:55:35.298,1.32222,1.3223,2.81,1.87
2016.09.27 16:55:35.400,1.32222,1.3223,1.87,1.12
2016.09.27 16:55:35.503,1.32222,1.3223,1.87,1.87
2016.09.27 16:55:35.554,1.32222,1.3223,1.87,2.62
2016.09.27 16:55:35.606,1.32222,1.3223,1.87,1.87
2016.09.27 16:55:35.657,1.32222,1.32229,1.37,2.44
2016.09.27 16:55:35.708,1.32223,1.32229,1.12,2.44
2016.09.27 16:55:35.759,1.32223,1.32229,1.00,1.31
2016.09.27 16:55:35.810,1.32222,1.32229,1.87,1.31
2016.09.27 16:55:35.862,1.32222,1.32229,1.00,1.87
2016.09.27 16:55:36.066,1.32221,1.32227,1.00,1.50
2016.09.27 16:55:36.169,1.32221,1.32227,1.00,1.12
2016.09.27 16:55:36.272,1.32221,1.32227,1.00,1.00
2016.09.27 16:55:36.374,1.32221,1.32227,1.00,1.50
2016.09.27 16:55:36.476,1.32221,1.32227,1.00,1.00
2016.09.27 16:55:36.600,1.32221,1.32227,1.00,1.50
2016.09.27 16:55:36.701,1.32221,1.32227,1.00,1.00
2016.09.27 16:55:37.170,1.32221,1.32228,1.00,1.50
2016.09.27 16:55:37.272,1.32221,1.32228,1.00,1.50
2016.09.27 16:55:37.882,1.32221,1.32227,1.00,1.00
2016.09.27 16:55:37.984,1.32221,1.32228,1.00,1.50
2016.09.27 16:55:38.110,1.32221,1.32227,1.00,1.00
2016.09.27 16:55:38.365,1.32221,1.32229,1.00,3.37
2016.09.27 16:55:39.072,1.32221,1.32228,1.00,1.00
2016.09.27 16:55:39.276,1.32221,1.32229,1.00,3.37
2016.09.27 16:55:39.479,1.32221,1.32228,1.00,1.00
2016.09.27 16:55:39.581,1.32221,1.32229,1.00,3.37
2016.09.27 16:55:39.683,1.32221,1.32228,1.00,1.00
2016.09.27 16:55:39.785,1.32221,1.32229,1.00,3.75
2016.09.27 16:55:40.166,1.32224,1.32229,1.00,2.25
2016.09.27 16:55:40.268,1.32223,1.32229,1.00,1.50
2016.09.27 16:55:40.473,1.32222,1.32229,1.12,1.50
2016.09.27 16:55:40.525,1.32222,1.32229,1.12,1.12
2016.09.27 16:55:41.256,1.32219,1.32224,7.50,1.00
2016.09.27 16:55:41.307,1.32219,1.32224,4.50,1.00
2016.09.27 16:55:41.359,1.32219,1.32223,1.50,1.00
2016.09.27 16:55:41.411,1.32219,1.32223,1.12,1.00
2016.09.27 16:55:41.567,1.32219,1.32223,1.00,1.12
2016.09.27 16:55:41.975,1.32219,1.32224,1.00,1.50
2016.09.27 16:55:42.086,1.32219,1.32224,1.00,1.00
2016.09.27 16:55:42.137,1.32219,1.32224,1.50,1.00
2016.09.27 16:55:42.188,1.32219,1.32226,1.50,2.25
2016.09.27 16:55:42.291,1.32219,1.32226,1.50,1.50
2016.09.27 16:55:42.496,1.3222,1.32226,1.00,1.50
2016.09.27 16:55:42.547,1.3222,1.32226,1.00,1.00
2016.09.27 16:55:42.649,1.32222,1.32227,1.00,1.50
2016.09.27 16:55:42.701,1.32222,1.32227,1.00,1.00
2016.09.27 16:55:42.853,1.32222,1.32229,1.00,3.19
2016.09.27 16:55:42.904,1.32222,1.32229,1.00,1.00
2016.09.27 16:55:43.007,1.32222,1.3223,1.00,3.00
2016.09.27 16:55:43.109,1.32222,1.32229,1.00,1.00
2016.09.27 16:55:43.672,1.32222,1.3223,1.00,1.50
2016.09.27 16:55:43.774,1.32222,1.3223,1.00,1.00
2016.09.27 16:55:45.051,1.32221,1.32226,1.00,1.00
2016.09.27 16:55:45.102,1.3222,1.32224,1.97,1.00
2016.09.27 16:55:45.153,1.3222,1.32224,1.97,1.00
2016.09.27 16:55:45.205,1.32221,1.32225,1.00,3.75
2016.09.27 16:55:45.256,1.32216,1.3222,8.25,1.00
2016.09.27 16:55:45.308,1.32218,1.32222,1.00,3.00
2016.09.27 16:55:45.364,1.32214,1.32221,2.25,1.00
2016.09.27 16:55:45.416,1.32214,1.32221,2.62,1.00
2016.09.27 16:55:45.467,1.32216,1.32221,1.00,1.00
2016.09.27 16:55:45.518,1.32213,1.32221,3.37,1.00
2016.09.27 16:55:45.621,1.32213,1.32221,3.37,1.35
2016.09.27 16:55:45.672,1.32213,1.32221,3.37,2.10
2016.09.27 16:55:45.820,1.32213,1.32221,3.37,2.85
2016.09.27 16:55:45.871,1.32213,1.32221,3.37,2.25
2016.09.27 16:55:45.973,1.32213,1.32221,3.37,1.50
2016.09.27 16:55:46.075,1.32213,1.32221,3.37,2.25
2016.09.27 16:55:46.126,1.32213,1.32221,3.37,4.35
2016.09.27 16:55:46.177,1.32213,1.32221,3.56,3.60
2016.09.27 16:55:46.228,1.32213,1.32221,3.56,2.10
2016.09.27 16:55:46.279,1.32213,1.32221,2.62,1.60
2016.09.27 16:55:46.381,1.32213,1.32221,2.81,2.10
2016.09.27 16:55:46.483,1.32213,1.32221,2.81,2.85
2016.09.27 16:55:46.584,1.32213,1.32221,2.62,2.85
2016.09.27 16:55:46.635,1.32213,1.32221,2.62,2.25
2016.09.27 16:55:46.686,1.32213,1.32221,2.62,1.50
2016.09.27 16:55:46.776,1.32213,1.32222,2.62,5.10
2016.09.27 16:55:46.827,1.32214,1.3222,1.00,2.10
2016.09.27 16:55:47.002,1.32213,1.32222,2.62,4.50
2016.09.27 16:55:47.082,1.32213,1.32222,2.62,3.75
2016.09.27 16:55:47.285,1.32213,1.32221,2.62,1.00
2016.09.27 16:55:47.489,1.32213,1.32221,3.37,1.00
2016.09.27 16:55:47.591,1.32213,1.32221,3.37,1.00
2016.09.27 16:55:48.962,1.32213,1.32221,1.37,1.37
2016.09.27 16:55:49.035,1.32213,1.32221,1.00,1.50
2016.09.27 16:55:49.087,1.32213,1.3222,1.00,2.47
2016.09.27 16:55:49.495,1.32213,1.32219,1.00,2.10
2016.09.27 16:55:49.546,1.32213,1.32221,1.00,3.60
2016.09.27 16:55:49.597,1.32213,1.32221,1.00,4.35
2016.09.27 16:55:50.250,1.32213,1.32221,1.00,2.85
2016.09.27 16:55:50.357,1.32213,1.32221,1.00,2.10
2016.09.27 16:55:50.967,1.32213,1.32221,1.00,2.10
2016.09.27 16:55:51.171,1.32213,1.32221,1.00,2.10
2016.09.27 16:55:51.382,1.32213,1.32221,1.00,2.85
2016.09.27 16:55:51.483,1.32213,1.32221,1.00,3.60
2016.09.27 16:55:51.585,1.32213,1.32221,1.00,2.85
2016.09.27 16:55:51.789,1.32213,1.32221,1.00,2.10
2016.09.27 16:55:51.891,1.32213,1.32221,1.00,2.85
2016.09.27 16:55:51.993,1.32213,1.32221,1.00,2.10
2016.09.27 16:55:52.196,1.32213,1.32221,1.00,2.85
2016.09.27 16:55:52.298,1.32213,1.32221,1.00,2.10
2016.09.27 16:55:52.687,1.32213,1.32221,1.00,2.85
2016.09.27 16:55:52.788,1.32213,1.32221,1.00,2.10
2016.09.27 16:55:52.991,1.32213,1.32221,1.00,2.85
2016.09.27 16:55:53.093,1.32213,1.32221,1.00,2.10
2016.09.27 16:55:53.297,1.32213,1.32221,1.00,2.85
2016.09.27 16:55:53.480,1.32213,1.32221,1.00,2.10
2016.09.27 16:55:54.038,1.32213,1.3222,1.00,1.30
2016.09.27 16:55:54.089,1.32213,1.32221,1.00,4.35
2016.09.27 16:55:54.141,1.32213,1.3222,1.00,1.30
2016.09.27 16:55:54.260,1.32213,1.32221,1.37,1.72
2016.09.27 16:55:54.616,1.32213,1.32221,1.37,2.10
2016.09.27 16:55:54.718,1.32213,1.32221,1.00,4.72
2016.09.27 16:55:54.922,1.32213,1.32221,1.00,3.22
2016.09.27 16:55:55.024,1.32213,1.32221,1.00,3.97
2016.09.27 16:55:55.505,1.32213,1.32221,1.00,3.22
2016.09.27 16:55:55.607,1.32213,1.32221,1.00,2.62
2016.09.27 16:55:55.821,1.32213,1.32221,1.00,1.87
2016.09.27 16:55:56.134,1.32213,1.32221,1.00,1.50
2016.09.27 16:55:56.705,1.32213,1.3222,1.00,1.30
2016.09.27 16:55:58.095,1.32213,1.32221,1.00,2.25
2016.09.27 16:55:58.196,1.32213,1.32221,1.00,1.50
2016.09.27 16:55:58.247,1.32213,1.3222,1.00,1.30
2016.09.27 16:55:58.299,1.32213,1.32221,1.00,2.85
2016.09.27 16:55:58.402,1.32213,1.32221,1.00,2.10
2016.09.27 16:55:58.809,1.32213,1.3222,1.00,1.30
2016.09.27 16:55:58.911,1.32213,1.32221,1.00,2.85
2016.09.27 16:55:59.094,1.32213,1.32221,1.00,2.10
2016.09.27 16:55:59.247,1.32213,1.3222,1.00,1.30
2016.09.27 16:55:59.349,1.32213,1.32221,1.00,2.85
2016.09.27 16:55:59.400,1.32213,1.32221,1.00,2.25
2016.09.27 16:55:59.502,1.32213,1.32221,1.00,3.00
2016.09.27 16:56:00.214,1.32213,1.32221,1.00,2.25
2016.09.27 16:56:00.317,1.32213,1.32221,1.00,3.00
2016.09.27 16:56:01.192,1.32213,1.32219,1.00,1.60
2016.09.27 16:56:01.253,1.32213,1.32219,1.00,2.10
2016.09.27 16:56:01.305,1.32211,1.32219,1.12,1.35
2016.09.27 16:56:01.356,1.32211,1.32219,1.12,1.72
2016.09.27 16:56:01.407,1.32211,1.32219,1.00,3.97
2016.09.27 16:56:01.712,1.32211,1.32219,2.25,3.37
2016.09.27 16:56:01.814,1.32211,1.32219,1.50,3.37
2016.09.27 16:56:01.916,1.32211,1.32219,2.32,3.37
2016.09.27 16:56:02.018,1.32211,1.32219,1.50,3.37
2016.09.27 16:56:02.307,1.32211,1.32219,2.25,2.62
2016.09.27 16:56:02.411,1.32211,1.32219,2.32,2.62
2016.09.27 16:56:03.337,1.32211,1.32219,1.50,2.62
2016.09.27 16:56:03.388,1.32212,1.32219,1.00,2.62
2016.09.27 16:56:05.409,1.3221,1.32219,3.00,3.37
2016.09.27 16:56:05.537,1.3221,1.32219,1.50,2.25
2016.09.27 16:56:05.589,1.3221,1.32218,1.12,3.60
2016.09.27 16:56:05.641,1.3221,1.32217,1.00,1.50
2016.09.27 16:56:05.744,1.3221,1.32217,1.00,3.37
2016.09.27 16:56:06.159,1.3221,1.32217,1.00,2.62
2016.09.27 16:56:06.210,1.3221,1.32217,1.50,2.62
2016.09.27 16:56:06.261,1.3221,1.32217,1.00,2.62
2016.09.27 16:56:06.312,1.3221,1.32217,1.50,2.62
2016.09.27 16:56:06.414,1.3221,1.32217,2.25,2.62
2016.09.27 16:56:06.535,1.3221,1.32217,1.50,2.62
2016.09.27 16:56:06.637,1.3221,1.32217,2.25,1.67
2016.09.27 16:56:06.739,1.3221,1.32217,1.50,2.62
2016.09.27 16:56:07.249,1.3221,1.32217,1.50,3.22
2016.09.27 16:56:07.351,1.3221,1.32217,1.50,2.62
2016.09.27 16:56:07.702,1.3221,1.32217,1.00,2.62
2016.09.27 16:56:09.641,1.3221,1.32217,1.50,2.62
2016.09.27 16:56:09.692,1.3221,1.32217,2.25,2.25
2016.09.27 16:56:09.744,1.3221,1.32219,2.25,2.62
2016.09.27 16:56:09.795,1.3221,1.32219,1.50,3.37
2016.09.27 16:56:09.846,1.3221,1.32219,1.12,3.37
2016.09.27 16:56:09.948,1.3221,1.32219,1.12,3.00
2016.09.27 16:56:09.999,1.3221,1.32219,1.12,3.75
2016.09.27 16:56:10.050,1.3221,1.32219,1.00,5.62
2016.09.27 16:56:10.101,1.3221,1.32217,1.00,1.12
2016.09.27 16:56:10.218,1.3221,1.32214,1.00,1.00
2016.09.27 16:56:10.277,1.32205,1.32214,3.00,1.00
2016.09.27 16:56:10.350,1.32205,1.32212,1.12,1.12
2016.09.27 16:56:10.402,1.32203,1.32212,1.50,1.12
2016.09.27 16:56:10.453,1.32202,1.32211,2.25,1.00
2016.09.27 16:56:10.504,1.32202,1.32211,1.50,1.00
2016.09.27 16:56:10.657,1.32202,1.32211,1.12,1.00
2016.09.27 16:56:10.708,1.32201,1.32212,3.37,4.12
2016.09.27 16:56:10.810,1.32202,1.32212,1.00,4.69
2016.09.27 16:56:11.462,1.32202,1.32212,1.00,5.44
2016.09.27 16:56:12.136,1.32202,1.3221,1.00,1.12
2016.09.27 16:56:12.238,1.32201,1.3221,2.62,1.12
2016.09.27 16:56:12.410,1.32201,1.3221,1.87,1.12
2016.09.27 16:56:13.525,1.32201,1.3221,2.62,1.12
2016.09.27 16:56:13.643,1.32201,1.3221,1.87,1.12
2016.09.27 16:56:14.439,1.32201,1.3221,1.87,1.87
2016.09.27 16:56:14.542,1.32202,1.32209,1.00,1.50
2016.09.27 16:56:14.594,1.32202,1.32209,1.50,1.00
2016.09.27 16:56:14.646,1.32202,1.32209,1.37,1.00
2016.09.27 16:56:14.812,1.32202,1.32209,1.00,1.00
2016.09.27 16:56:15.934,1.32204,1.32209,1.00,1.00
2016.09.27 16:56:16.459,1.32204,1.3221,1.00,1.00
2016.09.27 16:56:16.613,1.32204,1.3221,1.50,1.00
2016.09.27 16:56:16.665,1.32204,1.3221,1.00,1.00
2016.09.27 16:56:18.549,1.32205,1.3221,1.00,1.00
2016.09.27 16:56:21.161,1.32203,1.3221,3.00,1.00
2016.09.27 16:56:21.416,1.32203,1.3221,2.25,1.00
2016.09.27 16:56:21.732,1.32203,1.3221,2.62,1.00
2016.09.27 16:56:21.783,1.32203,1.3221,2.25,1.00
2016.09.27 16:56:21.834,1.32203,1.32212,1.50,4.69
2016.09.27 16:56:21.885,1.32203,1.32212,1.50,2.81
2016.09.27 16:56:22.144,1.32203,1.32212,1.50,2.25
2016.09.27 16:56:22.246,1.32204,1.32212,1.12,2.25
2016.09.27 16:56:22.297,1.32204,1.32212,1.87,2.25
2016.09.27 16:56:22.348,1.32204,1.32212,1.12,2.25
2016.09.27 16:56:22.500,1.32204,1.32212,1.87,2.25
2016.09.27 16:56:22.551,1.32204,1.32212,1.87,3.00
2016.09.27 16:56:22.913,1.32204,1.32212,1.87,3.19
2016.09.27 16:56:23.018,1.32204,1.32212,1.87,2.44
2016.09.27 16:56:23.540,1.32204,1.32212,1.12,2.44
2016.09.27 16:56:23.591,1.32204,1.32212,1.12,2.25
2016.09.27 16:56:23.643,1.32204,1.32212,1.12,1.50
2016.09.27 16:56:24.173,1.32204,1.32212,1.12,2.25
2016.09.27 16:56:24.224,1.32204,1.32212,1.12,1.50
2016.09.27 16:56:24.326,1.32204,1.32212,1.12,1.50
2016.09.27 16:56:24.377,1.32204,1.32213,1.00,6.37
2016.09.27 16:56:24.428,1.32204,1.32211,1.00,1.00
2016.09.27 16:56:27.851,1.32203,1.32211,1.00,1.00
2016.09.27 16:56:27.902,1.32202,1.32211,3.00,1.00
2016.09.27 16:56:27.953,1.32202,1.32211,2.25,2.62
2016.09.27 16:56:28.004,1.32202,1.32211,1.87,2.62
2016.09.27 16:56:28.055,1.32202,1.3221,1.87,1.00
2016.09.27 16:56:28.194,1.32202,1.32212,1.87,4.87
2016.09.27 16:56:28.549,1.32202,1.32212,1.87,5.62
2016.09.27 16:56:29.110,1.32203,1.32212,1.12,4.12
2016.09.27 16:56:29.161,1.32204,1.32212,1.00,3.37
2016.09.27 16:56:30.144,1.32203,1.32212,1.12,3.37
2016.09.27 16:56:31.674,1.32203,1.32211,1.00,2.25
2016.09.27 16:56:31.725,1.32203,1.32211,1.00,2.62
2016.09.27 16:56:31.827,1.32205,1.32211,1.50,2.62
2016.09.27 16:56:31.878,1.32206,1.32212,1.56,4.50
2016.09.27 16:56:31.929,1.32209,1.32213,1.00,4.12
2016.09.27 16:56:32.009,1.32213,1.32217,1.00,1.00
2016.09.27 16:56:32.060,1.32213,1.32217,1.00,1.00
2016.09.27 16:56:32.111,1.32213,1.32219,1.00,1.12
2016.09.27 16:56:32.192,1.32213,1.32221,1.00,3.37
2016.09.27 16:56:32.243,1.32213,1.32221,1.12,1.12
2016.09.27 16:56:32.295,1.32213,1.32221,2.06,1.12
2016.09.27 16:56:32.346,1.32219,1.32223,1.00,1.87
2016.09.27 16:56:32.398,1.32221,1.32225,1.12,4.12
2016.09.27 16:56:32.449,1.32221,1.32225,1.12,2.25
2016.09.27 16:56:32.544,1.32223,1.3223,1.00,2.62
2016.09.27 16:56:32.595,1.32223,1.32231,1.25,1.50
2016.09.27 16:56:32.647,1.32223,1.32231,1.25,1.12
2016.09.27 16:56:32.895,1.32222,1.32231,3.37,1.37
2016.09.27 16:56:32.948,1.32223,1.3223,1.50,1.00
2016.09.27 16:56:32.999,1.32224,1.3223,1.00,1.00
2016.09.27 16:56:33.101,1.32224,1.32232,1.12,3.37
2016.09.27 16:56:33.153,1.32224,1.32232,1.12,1.50
2016.09.27 16:56:33.916,1.32224,1.32233,2.62,4.12
2016.09.27 16:56:34.356,1.32224,1.32233,1.87,3.37
2016.09.27 16:56:34.858,1.32224,1.32233,2.81,3.37
2016.09.27 16:56:35.010,1.32224,1.32233,3.56,3.37
2016.09.27 16:56:35.061,1.32224,1.32233,1.87,3.37
2016.09.27 16:56:35.295,1.32224,1.32232,1.00,3.37
2016.09.27 16:56:35.347,1.32224,1.32231,1.00,1.50
2016.09.27 16:56:35.652,1.32223,1.32231,1.00,1.50
2016.09.27 16:56:35.805,1.32223,1.32231,1.12,1.50
2016.09.27 16:56:35.856,1.32223,1.32231,1.12,1.37
2016.09.27 16:56:36.178,1.32223,1.32232,1.12,5.62
2016.09.27 16:56:36.281,1.32223,1.32231,1.12,1.37
2016.09.27 16:56:36.332,1.32221,1.32231,2.25,1.37
2016.09.27 16:56:36.383,1.32221,1.3223,2.25,1.12
2016.09.27 16:56:36.434,1.32221,1.3223,2.25,1.87
2016.09.27 16:56:36.486,1.32221,1.3223,1.87,1.37
2016.09.27 16:56:36.537,1.32221,1.3223,1.50,1.50
2016.09.27 16:56:36.589,1.32221,1.3223,1.87,1.50
2016.09.27 16:56:36.640,1.32221,1.3223,1.50,1.50
2016.09.27 16:56:36.691,1.32221,1.3223,1.50,2.25
2016.09.27 16:56:36.793,1.32221,1.3223,1.50,1.50
2016.09.27 16:56:37.984,1.32223,1.3223,1.25,1.50
2016.09.27 16:56:38.036,1.32224,1.3223,1.00,1.00
2016.09.27 16:56:38.088,1.32224,1.32232,1.12,2.62
2016.09.27 16:56:38.220,1.32224,1.32233,1.12,4.12
2016.09.27 16:56:38.475,1.32224,1.32233,1.31,4.87
2016.09.27 16:56:38.628,1.32224,1.32233,2.06,4.87
2016.09.27 16:56:39.107,1.32224,1.32233,1.87,4.12
2016.09.27 16:56:40.368,1.32224,1.32233,1.12,4.12
2016.09.27 16:56:40.790,1.32224,1.32233,1.12,4.12
2016.09.27 16:56:41.096,1.32224,1.32232,1.12,1.37
2016.09.27 16:56:41.148,1.32224,1.32231,1.37,1.12
2016.09.27 16:56:41.199,1.32223,1.32231,1.75,1.87
2016.09.27 16:56:41.317,1.32223,1.32231,1.12,1.50
2016.09.27 16:56:42.464,1.32223,1.32232,1.12,4.87
2016.09.27 16:56:42.766,1.32223,1.32231,1.12,3.75
2016.09.27 16:56:42.868,1.32223,1.32232,1.12,5.62
2016.09.27 16:56:42.919,1.32222,1.32226,1.12,1.00
2016.09.27 16:56:42.970,1.32221,1.32226,1.37,1.00
2016.09.27 16:56:43.021,1.3222,1.32226,1.00,1.00
2016.09.27 16:56:43.072,1.32219,1.32228,1.87,3.00
2016.09.27 16:56:43.123,1.32219,1.32227,1.00,3.00
2016.09.27 16:56:43.175,1.32218,1.32225,1.50,1.00
2016.09.27 16:56:43.226,1.32218,1.32225,1.00,1.00
2016.09.27 16:56:43.370,1.32218,1.32225,1.12,1.00
2016.09.27 16:56:43.523,1.32218,1.32227,1.12,4.12
2016.09.27 16:56:43.574,1.32218,1.32226,1.12,1.00
2016.09.27 16:56:45.859,1.32218,1.32226,1.50,1.00
2016.09.27 16:56:47.109,1.32218,1.32226,1.50,1.50
2016.09.27 16:56:47.654,1.32218,1.32226,1.12,1.50
2016.09.27 16:56:48.558,1.32217,1.32226,3.75,1.50
2016.09.27 16:56:48.609,1.32218,1.32226,1.12,1.50
2016.09.27 16:56:48.711,1.32218,1.32226,1.12,1.00
2016.09.27 16:56:48.995,1.3222,1.32226,1.00,1.00
2016.09.27 16:56:49.046,1.32219,1.32226,1.12,1.00
2016.09.27 16:56:49.098,1.32221,1.32226,1.00,1.00
2016.09.27 16:56:49.149,1.32221,1.32228,1.00,3.37
2016.09.27 16:56:49.200,1.32221,1.32229,1.00,4.12
2016.09.27 16:56:49.302,1.32221,1.32228,1.00,1.50
2016.09.27 16:56:50.078,1.32221,1.32229,1.00,4.12
2016.09.27 16:56:50.476,1.32221,1.32228,1.00,1.50
2016.09.27 16:56:50.615,1.32221,1.32229,1.00,2.62
2016.09.27 16:56:51.250,1.32221,1.32229,1.00,3.37
2016.09.27 16:56:51.352,1.32221,1.32229,1.00,2.62
2016.09.27 16:56:53.052,1.3222,1.32229,1.12,2.62
2016.09.27 16:56:53.358,1.3222,1.32229,1.50,2.62
2016.09.27 16:56:55.996,1.3222,1.32229,1.87,2.62
2016.09.27 16:56:56.047,1.3222,1.32229,1.87,3.09
2016.09.27 16:56:57.468,1.3222,1.32228,1.87,1.50
2016.09.27 16:56:57.824,1.32221,1.32228,1.37,1.50
2016.09.27 16:56:57.875,1.32223,1.32229,1.00,2.62
2016.09.27 16:56:58.008,1.32223,1.32229,1.00,1.00
2016.09.27 16:56:58.365,1.32224,1.32229,1.12,1.00
2016.09.27 16:56:58.416,1.32226,1.3223,1.00,1.00
2016.09.27 16:56:58.468,1.32227,1.32231,1.50,2.62
2016.09.27 16:56:58.520,1.32227,1.32233,1.50,2.62
2016.09.27 16:56:58.571,1.32227,1.32233,1.50,1.00
2016.09.27 16:56:58.624,1.32227,1.32235,1.50,2.62
2016.09.27 16:56:58.676,1.32227,1.32237,1.50,2.62
2016.09.27 16:56:58.727,1.32228,1.32237,1.00,2.62
2016.09.27 16:56:58.829,1.32228,1.32237,1.00,2.62
2016.09.27 16:56:59.765,1.32228,1.32237,1.50,2.62
2016.09.27 16:57:00.120,1.32228,1.32237,1.00,3.37
2016.09.27 16:57:00.171,1.32227,1.32236,1.50,1.50
2016.09.27 16:57:00.222,1.32227,1.32236,1.87,1.50
2016.09.27 16:57:00.273,1.32227,1.32236,2.25,1.50
2016.09.27 16:57:00.702,1.32226,1.32234,1.12,1.00
2016.09.27 16:57:00.832,1.32223,1.32231,1.37,1.12
2016.09.27 16:57:00.886,1.32222,1.32231,1.87,1.12
2016.09.27 16:57:00.937,1.32222,1.32231,1.87,2.72
2016.09.27 16:57:00.988,1.32222,1.32231,1.87,3.09
2016.09.27 16:57:01.201,1.32222,1.32231,1.87,3.09
2016.09.27 16:57:01.353,1.32222,1.32231,1.12,3.09
2016.09.27 16:57:01.405,1.3222,1.32228,1.62,1.31
2016.09.27 16:57:01.456,1.3222,1.32226,1.12,1.00
2016.09.27 16:57:01.508,1.3222,1.32226,1.00,1.00
2016.09.27 16:57:01.559,1.32219,1.32226,1.50,1.12
2016.09.27 16:57:01.610,1.32219,1.32226,1.12,1.12
2016.09.27 16:57:01.705,1.32219,1.32226,1.00,1.50
2016.09.27 16:57:01.808,1.32218,1.32226,1.00,1.50
2016.09.27 16:57:02.266,1.32218,1.32226,1.00,1.00
2016.09.27 16:57:03.085,1.32217,1.32223,1.00,1.00
2016.09.27 16:57:03.136,1.32217,1.32223,1.00,1.00
2016.09.27 16:57:03.187,1.32218,1.32222,1.24,1.00
2016.09.27 16:57:03.289,1.32218,1.32223,1.68,1.12
2016.09.27 16:57:03.340,1.32218,1.32223,1.68,3.00
2016.09.27 16:57:03.391,1.32217,1.32223,1.68,3.75
2016.09.27 16:57:03.443,1.32216,1.32222,1.68,2.62
2016.09.27 16:57:03.494,1.32217,1.32221,1.00,1.00
2016.09.27 16:57:03.596,1.32216,1.32222,1.68,2.62
2016.09.27 16:57:03.698,1.32217,1.32221,1.00,1.00
2016.09.27 16:57:03.866,1.32216,1.32222,1.68,2.62
2016.09.27 16:57:03.917,1.32216,1.32222,1.24,2.62
2016.09.27 16:57:03.968,1.32215,1.32222,1.18,3.37
2016.09.27 16:57:04.019,1.32214,1.32221,1.68,1.00
2016.09.27 16:57:04.070,1.32214,1.32221,1.65,1.00
2016.09.27 16:57:04.121,1.32214,1.3222,1.40,2.25
2016.09.27 16:57:04.224,1.32214,1.3222,1.40,2.62
2016.09.27 16:57:04.427,1.32214,1.32221,1.65,2.62
2016.09.27 16:57:04.478,1.32214,1.32222,1.65,1.50
2016.09.27 16:57:04.958,1.32214,1.32222,1.65,2.25
2016.09.27 16:57:05.086,1.32214,1.32222,2.15,2.25
2016.09.27 16:57:05.188,1.32217,1.32222,1.00,4.50
2016.09.27 16:57:05.393,1.32216,1.32222,1.50,2.25
2016.09.27 16:57:05.699,1.32216,1.32222,1.50,4.50
2016.09.27 16:57:06.542,1.32217,1.32222,1.00,4.50
2016.09.27 16:57:06.593,1.32217,1.32222,1.00,3.75
2016.09.27 16:57:06.899,1.32217,1.32222,1.00,5.25
2016.09.27 16:57:07.016,1.32217,1.32222,1.00,3.75
2016.09.27 16:57:07.208,1.32215,1.32221,1.00,2.62
2016.09.27 16:57:07.310,1.32214,1.32222,1.50,3.75
2016.09.27 16:57:07.821,1.32215,1.32221,1.00,2.62
2016.09.27 16:57:07.923,1.32214,1.32222,1.50,3.75
2016.09.27 16:57:08.128,1.32215,1.32221,1.00,2.62
2016.09.27 16:57:08.825,1.32214,1.32222,1.50,3.75
2016.09.27 16:57:08.928,1.32215,1.32221,1.00,2.62
2016.09.27 16:57:09.030,1.32214,1.32222,1.50,3.75
2016.09.27 16:57:09.081,1.32215,1.32222,1.00,3.75
2016.09.27 16:57:09.234,1.32216,1.3222,1.00,2.25
2016.09.27 16:57:09.336,1.32216,1.32221,1.00,1.37
2016.09.27 16:57:09.413,1.32216,1.3222,1.00,1.00
2016.09.27 16:57:09.566,1.32213,1.32217,1.00,1.00
2016.09.27 16:57:09.618,1.32211,1.32216,1.87,1.31
2016.09.27 16:57:09.669,1.32211,1.32216,1.12,1.31
2016.09.27 16:57:09.721,1.32211,1.32216,1.12,4.12
2016.09.27 16:57:09.772,1.32211,1.32215,1.00,1.00
2016.09.27 16:57:09.823,1.3221,1.32216,1.50,1.87
2016.09.27 16:57:09.874,1.32209,1.32215,1.50,2.25
2016.09.27 16:57:09.925,1.3221,1.32214,1.00,1.00
2016.09.27 16:57:10.027,1.32209,1.32215,1.50,2.62
2016.09.27 16:57:10.210,1.32207,1.32211,2.25,1.00
2016.09.27 16:57:10.312,1.32209,1.32214,1.50,1.50
2016.09.27 16:57:10.516,1.3221,1.32214,1.00,1.50
2016.09.27 16:57:10.983,1.3221,1.32214,1.00,1.00
2016.09.27 16:57:11.034,1.32209,1.32215,1.50,4.12
2016.09.27 16:57:11.143,1.3221,1.32214,1.00,1.00
2016.09.27 16:57:12.113,1.32209,1.32215,1.50,4.12
2016.09.27 16:57:12.532,1.32209,1.32215,1.50,4.72
2016.09.27 16:57:12.627,1.3221,1.32215,1.00,1.72
2016.09.27 16:57:13.193,1.3221,1.32216,1.00,2.62
2016.09.27 16:57:13.244,1.32209,1.32216,1.50,2.62
2016.09.27 16:57:13.533,1.32209,1.32216,1.50,1.87
2016.09.27 16:57:13.794,1.32209,1.32216,1.50,2.62
2016.09.27 16:57:13.845,1.32209,1.32216,1.50,3.22
2016.09.27 16:57:13.896,1.32209,1.32215,1.50,1.30
2016.09.27 16:57:13.998,1.32209,1.32216,1.50,3.60
2016.09.27 16:57:14.049,1.32209,1.32215,1.50,1.30
2016.09.27 16:57:14.152,1.32209,1.32216,1.50,3.60
2016.09.27 16:57:14.270,1.32209,1.32216,1.50,3.75
2016.09.27 16:57:14.343,1.32209,1.32214,1.50,1.00
2016.09.27 16:57:14.394,1.32209,1.32214,1.00,1.00
2016.09.27 16:57:14.445,1.32208,1.32214,1.00,1.12
2016.09.27 16:57:14.497,1.32208,1.32214,1.00,1.50
2016.09.27 16:57:14.701,1.32207,1.32214,1.50,1.50
2016.09.27 16:57:15.104,1.32208,1.32214,1.00,1.50
2016.09.27 16:57:15.907,1.32207,1.32214,1.50,2.10
2016.09.27 16:57:16.009,1.32208,1.32214,1.00,2.10
2016.09.27 16:57:17.829,1.32207,1.32214,1.50,2.10
2016.09.27 16:57:17.931,1.32208,1.32214,1.00,2.10
2016.09.27 16:57:18.135,1.32208,1.32214,1.00,1.50
2016.09.27 16:57:18.237,1.32207,1.32214,1.50,2.10
2016.09.27 16:57:18.360,1.32207,1.32214,1.50,3.04
2016.09.27 16:57:18.666,1.32207,1.32214,1.50,2.44
2016.09.27 16:57:18.819,1.32207,1.32214,1.50,3.04
2016.09.27 16:57:19.661,1.32207,1.32214,1.47,3.04
2016.09.27 16:57:19.712,1.32206,1.32214,1.97,2.44
2016.09.27 16:57:19.814,1.32207,1.32214,1.47,2.81
2016.09.27 16:57:20.017,1.32206,1.32213,1.97,1.00
2016.09.27 16:57:20.611,1.32207,1.32213,1.47,1.25
2016.09.27 16:57:21.020,1.32207,1.32213,1.47,1.00
2016.09.27 16:57:21.122,1.32207,1.32214,1.47,1.00
2016.09.27 16:57:21.173,1.32207,1.32216,1.22,3.37
2016.09.27 16:57:21.225,1.32208,1.32216,1.00,1.50
2016.09.27 16:57:21.276,1.32208,1.32216,1.47,1.50
2016.09.27 16:57:21.328,1.32209,1.32216,1.22,1.50
2016.09.27 16:57:21.381,1.32209,1.32216,1.47,1.50
2016.09.27 16:57:21.608,1.32209,1.32217,1.47,4.12
2016.09.27 16:57:21.660,1.32209,1.32217,1.47,3.37
2016.09.27 16:57:21.814,1.32208,1.32216,1.97,1.50
2016.09.27 16:57:22.069,1.32208,1.32216,1.97,1.50
2016.09.27 16:57:22.120,1.32209,1.32216,1.47,1.69
2016.09.27 16:57:22.453,1.32209,1.32216,1.47,1.69
2016.09.27 16:57:22.504,1.32209,1.32216,1.00,1.69
2016.09.27 16:57:22.823,1.32208,1.32216,1.22,1.50
2016.09.27 16:57:22.925,1.32209,1.32216,1.00,1.69
2016.09.27 16:57:23.194,1.32208,1.32216,1.59,1.12
2016.09.27 16:57:23.246,1.32209,1.32216,1.00,1.25
2016.09.27 16:57:23.348,1.32209,1.32216,1.00,1.00
2016.09.27 16:57:23.552,1.32208,1.32216,1.97,1.00
2016.09.27 16:57:23.654,1.32209,1.32216,1.00,1.00
2016.09.27 16:57:24.119,1.32208,1.32216,3.84,1.00
2016.09.27 16:57:24.237,1.3221,1.3222,1.00,4.87
2016.09.27 16:57:24.288,1.3221,1.3222,3.09,4.12
2016.09.27 16:57:24.645,1.32211,1.3222,1.22,4.12
2016.09.27 16:57:24.850,1.32211,1.32219,1.22,1.50
2016.09.27 16:57:25.130,1.3221,1.32219,2.72,1.50
2016.09.27 16:57:25.233,1.32211,1.32219,1.47,1.50
2016.09.27 16:57:25.284,1.32211,1.32219,1.97,1.50
2016.09.27 16:57:25.352,1.32212,1.32219,1.22,1.50
2016.09.27 16:57:25.454,1.32211,1.3222,1.97,2.62
2016.09.27 16:57:25.867,1.32211,1.3222,1.50,2.62
2016.09.27 16:57:25.918,1.32211,1.3222,1.00,2.62
2016.09.27 16:57:25.969,1.32211,1.32219,1.00,1.00
2016.09.27 16:57:26.071,1.3221,1.32219,2.72,1.00
2016.09.27 16:57:26.122,1.32211,1.32219,1.00,1.00
2016.09.27 16:57:26.173,1.32211,1.32219,1.50,1.00
2016.09.27 16:57:26.275,1.3221,1.32219,2.72,1.00
2016.09.27 16:57:26.952,1.3221,1.32219,2.72,1.00
2016.09.27 16:57:27.074,1.3221,1.32219,2.72,1.00
2016.09.27 16:57:27.231,1.32211,1.32219,1.00,1.00
2016.09.27 16:57:27.333,1.3221,1.32219,2.72,1.00
2016.09.27 16:57:27.436,1.32211,1.32219,1.00,1.00
2016.09.27 16:57:27.538,1.3221,1.32219,2.72,1.00
2016.09.27 16:57:27.640,1.32211,1.32219,1.00,1.00
2016.09.27 16:57:27.843,1.3221,1.32219,2.72,1.00
2016.09.27 16:57:28.277,1.32211,1.32219,1.22,1.00
2016.09.27 16:57:28.532,1.32212,1.32219,1.00,1.00
2016.09.27 16:57:28.632,1.32211,1.32219,1.22,1.00
2016.09.27 16:57:28.783,1.32212,1.32219,1.00,1.00
2016.09.27 16:57:29.167,1.32211,1.32219,1.97,1.00
2016.09.27 16:57:29.483,1.32211,1.32219,1.00,1.00
2016.09.27 16:57:30.137,1.3221,1.32219,1.97,1.00
2016.09.27 16:57:30.188,1.3221,1.32219,1.97,2.62
2016.09.27 16:57:30.239,1.3221,1.32219,1.59,3.37
2016.09.27 16:57:30.462,1.3221,1.32219,1.12,3.37
2016.09.27 16:57:30.774,1.3221,1.32219,1.59,3.37
2016.09.27 16:57:30.876,1.3221,1.32219,1.59,4.12
2016.09.27 16:57:30.927,1.3221,1.32219,1.59,4.72
2016.09.27 16:57:31.036,1.3221,1.32219,1.12,4.12
2016.09.27 16:57:31.088,1.32208,1.32216,3.47,1.00
2016.09.27 16:57:32.089,1.32208,1.32216,3.47,1.37
2016.09.27 16:57:32.236,1.32209,1.32216,1.22,1.37
2016.09.27 16:57:32.287,1.32208,1.32216,3.09,1.37
2016.09.27 16:57:32.542,1.32209,1.32217,1.22,2.62
2016.09.27 16:57:32.951,1.32208,1.32217,3.09,2.62
2016.09.27 16:57:33.084,1.32209,1.32217,1.59,2.62
2016.09.27 16:57:33.135,1.3221,1.32217,1.00,2.62
2016.09.27 16:57:33.186,1.3221,1.32218,1.00,4.12
2016.09.27 16:57:33.908,1.32209,1.32218,1.59,4.12
2016.09.27 16:57:34.013,1.3221,1.32218,1.00,4.12
2016.09.27 16:57:34.115,1.3221,1.32218,1.50,4.12
2016.09.27 16:57:34.371,1.3221,1.32218,2.25,4.12
2016.09.27 16:57:34.575,1.3221,1.32218,1.50,4.12
2016.09.27 16:57:34.984,1.3221,1.32218,2.25,4.12
2016.09.27 16:57:35.412,1.32211,1.32218,1.00,4.12
2016.09.27 16:57:35.463,1.32211,1.32218,1.50,4.12
2016.09.27 16:57:35.514,1.32211,1.32218,1.50,3.37
2016.09.27 16:57:35.667,1.32211,1.32218,1.00,3.37
2016.09.27 16:57:35.820,1.32211,1.32218,1.00,2.62
2016.09.27 16:57:36.211,1.32211,1.32218,1.50,2.62
2016.09.27 16:57:36.314,1.32211,1.32219,1.50,4.87
2016.09.27 16:57:36.365,1.32211,1.32218,1.00,1.00
2016.09.27 16:57:36.519,1.3221,1.32218,1.50,1.50
2016.09.27 16:57:36.571,1.3221,1.32218,1.00,1.50
2016.09.27 16:57:37.060,1.3221,1.32218,1.50,1.00
2016.09.27 16:57:37.123,1.3221,1.32218,1.50,2.62
2016.09.27 16:57:37.785,1.3221,1.32218,1.00,2.62
2016.09.27 16:57:37.939,1.3221,1.32218,1.00,2.62
2016.09.27 16:57:38.114,1.32209,1.32219,1.87,4.12
2016.09.27 16:57:38.166,1.3221,1.32219,1.12,4.12
2016.09.27 16:57:38.267,1.32209,1.32219,1.87,4.12
2016.09.27 16:57:38.369,1.3221,1.32219,1.12,4.12
2016.09.27 16:57:38.471,1.32209,1.32219,1.87,4.12
2016.09.27 16:57:38.676,1.3221,1.32219,1.12,4.12
2016.09.27 16:57:38.779,1.32209,1.32219,1.50,4.12
2016.09.27 16:57:38.882,1.3221,1.32219,1.00,4.12
2016.09.27 16:57:39.044,1.3221,1.32219,1.00,3.37
2016.09.27 16:57:39.095,1.32209,1.32219,1.50,3.37
2016.09.27 16:57:39.300,1.32209,1.32219,1.50,3.37
2016.09.27 16:57:39.351,1.32209,1.32219,1.57,3.37
2016.09.27 16:57:39.503,1.32209,1.32219,1.57,3.37
2016.09.27 16:57:39.605,1.32209,1.32219,2.32,3.37
2016.09.27 16:57:39.656,1.3221,1.32219,1.57,3.37
2016.09.27 16:57:39.708,1.3221,1.32219,1.94,1.50
2016.09.27 16:57:39.759,1.3221,1.32219,3.07,1.12
2016.09.27 16:57:39.810,1.3221,1.32219,2.69,1.37
2016.09.27 16:57:39.861,1.3221,1.32219,2.32,1.50
2016.09.27 16:57:40.455,1.3221,1.3222,2.32,3.37
2016.09.27 16:57:40.557,1.3221,1.3222,2.25,3.37
2016.09.27 16:57:40.608,1.3221,1.3222,3.00,3.37
2016.09.27 16:57:41.888,1.32211,1.3222,1.50,3.37
2016.09.27 16:57:41.991,1.32212,1.3222,1.00,3.37
2016.09.27 16:57:42.267,1.32211,1.3222,1.50,4.12
2016.09.27 16:57:42.573,1.32212,1.3222,1.00,4.12
2016.09.27 16:57:42.929,1.32212,1.3222,1.00,3.37
2016.09.27 16:57:42.980,1.32213,1.3222,1.00,2.62
2016.09.27 16:57:43.110,1.32213,1.32221,1.50,2.25
2016.09.27 16:57:43.212,1.32213,1.32221,1.50,1.50
2016.09.27 16:57:43.314,1.32213,1.32222,1.00,3.37
2016.09.27 16:57:43.416,1.32216,1.32222,1.00,1.50
2016.09.27 16:57:43.467,1.32215,1.32222,1.50,1.50
2016.09.27 16:57:43.569,1.32217,1.32222,1.00,1.50
2016.09.27 16:57:43.620,1.32217,1.32222,1.50,1.50
2016.09.27 16:57:43.671,1.32217,1.32222,1.00,1.50
2016.09.27 16:57:43.773,1.32217,1.32222,1.50,1.50
2016.09.27 16:57:44.269,1.32217,1.32222,1.00,1.50
2016.09.27 16:57:44.320,1.32217,1.32222,1.00,1.12
2016.09.27 16:57:44.371,1.32217,1.32224,1.50,1.50
2016.09.27 16:57:44.422,1.32217,1.32223,1.50,2.25
2016.09.27 16:57:44.474,1.32217,1.32223,1.00,2.62
2016.09.27 16:57:44.780,1.32215,1.32223,1.00,2.62
2016.09.27 16:57:44.832,1.32214,1.32223,1.87,2.62
2016.09.27 16:57:44.952,1.32214,1.32222,1.12,1.50
2016.09.27 16:57:45.003,1.32213,1.32222,2.25,1.50
2016.09.27 16:57:45.208,1.32213,1.32222,1.87,3.37
2016.09.27 16:57:45.259,1.32213,1.32218,1.00,1.00
2016.09.27 16:57:45.408,1.3221,1.32218,2.25,1.12
2016.09.27 16:57:45.459,1.3221,1.32218,1.37,1.12
2016.09.27 16:57:45.511,1.32209,1.32218,2.25,1.12
2016.09.27 16:57:45.562,1.3221,1.32218,1.00,1.72
2016.09.27 16:57:45.685,1.3221,1.32218,1.00,1.12
2016.09.27 16:57:45.787,1.3221,1.32218,1.37,1.12
2016.09.27 16:57:46.597,1.3221,1.32218,1.00,1.37
2016.09.27 16:57:46.648,1.3221,1.32218,1.00,1.50
2016.09.27 16:57:46.904,1.3221,1.32218,1.50,1.50
2016.09.27 16:57:46.955,1.3221,1.32219,1.50,5.62
2016.09.27 16:57:47.304,1.3221,1.32219,1.00,5.62
2016.09.27 16:57:47.355,1.3221,1.32219,1.00,4.87
2016.09.27 16:57:47.407,1.3221,1.32219,1.50,4.87
2016.09.27 16:57:47.559,1.3221,1.32219,1.00,4.87
2016.09.27 16:57:47.769,1.3221,1.32218,1.50,1.87
2016.09.27 16:57:47.834,1.3221,1.32215,1.87,1.00
2016.09.27 16:57:47.886,1.3221,1.32215,1.12,1.00
2016.09.27 16:57:48.242,1.3221,1.32217,1.12,1.12
2016.09.27 16:57:48.496,1.3221,1.32217,1.00,1.37
2016.09.27 16:57:49.448,1.3221,1.32218,1.00,2.62
2016.09.27 16:57:49.551,1.3221,1.32218,1.00,2.62
2016.09.27 16:57:49.602,1.3221,1.32218,1.00,3.56
2016.09.27 16:57:49.704,1.3221,1.32218,1.00,2.62
2016.09.27 16:57:49.806,1.32209,1.32218,1.87,2.62
2016.09.27 16:57:49.908,1.32209,1.3222,1.87,4.12
2016.09.27 16:57:49.959,1.32209,1.3222,2.25,2.25
2016.09.27 16:57:50.250,1.32209,1.32218,2.25,1.00
2016.09.27 16:57:50.352,1.32209,1.32218,1.50,1.00
2016.09.27 16:57:50.403,1.32209,1.32218,1.50,1.37
2016.09.27 16:57:50.455,1.32209,1.32218,1.50,1.50
2016.09.27 16:57:50.877,1.32209,1.32218,2.25,1.50
2016.09.27 16:57:51.110,1.32209,1.32218,1.50,1.50
2016.09.27 16:57:51.963,1.32209,1.32218,1.50,2.10
2016.09.27 16:57:52.049,1.32208,1.32215,2.25,1.00
2016.09.27 16:57:52.101,1.32206,1.32214,2.62,1.00
2016.09.27 16:57:52.188,1.32206,1.32214,1.50,1.00
2016.09.27 16:57:52.244,1.32206,1.32214,1.00,1.35
2016.09.27 16:57:52.295,1.32204,1.32214,3.00,1.35
2016.09.27 16:57:52.397,1.32205,1.32214,1.50,1.00
2016.09.27 16:57:52.499,1.32204,1.32214,3.00,1.00
2016.09.27 16:57:52.550,1.32204,1.32214,3.00,2.10
2016.09.27 16:57:52.601,1.32205,1.32214,1.12,4.35
2016.09.27 16:57:52.704,1.32205,1.32214,1.00,4.72
2016.09.27 16:57:52.934,1.32205,1.32213,1.00,1.50
2016.09.27 16:57:52.985,1.32204,1.32213,2.25,1.50
2016.09.27 16:57:53.418,1.32205,1.32213,1.00,1.50
2016.09.27 16:57:53.692,1.32205,1.32213,1.50,1.50
2016.09.27 16:57:54.846,1.32205,1.32213,1.87,1.50
2016.09.27 16:57:54.897,1.32205,1.32213,1.12,1.50
2016.09.27 16:57:55.270,1.32205,1.32213,1.87,1.69
2016.09.27 16:57:55.404,1.32205,1.32213,1.12,1.57
2016.09.27 16:57:55.506,1.32205,1.32213,1.87,1.69
2016.09.27 16:57:55.608,1.32205,1.32213,1.12,1.50
2016.09.27 16:57:55.760,1.32205,1.32209,1.12,1.00
2016.09.27 16:57:55.812,1.32204,1.3221,1.50,2.10
2016.09.27 16:57:55.863,1.32204,1.3221,1.50,2.47
2016.09.27 16:57:55.914,1.32205,1.32209,1.00,2.10
2016.09.27 16:57:55.965,1.32203,1.32207,1.50,1.00
2016.09.27 16:57:56.017,1.32202,1.32207,2.62,1.00
2016.09.27 16:57:56.094,1.32202,1.32207,1.37,1.00
2016.09.27 16:57:56.146,1.32201,1.32205,2.62,1.00
2016.09.27 16:57:56.248,1.32202,1.32207,1.00,1.00
2016.09.27 16:57:56.503,1.32202,1.32207,1.50,1.00
2016.09.27 16:57:56.707,1.32202,1.32208,1.00,1.00
2016.09.27 16:57:57.069,1.322,1.32208,2.25,1.00
2016.09.27 16:57:57.226,1.322,1.32208,2.25,1.12
2016.09.27 16:57:57.278,1.322,1.32208,2.62,1.12
2016.09.27 16:57:57.590,1.322,1.32208,1.87,1.12
2016.09.27 16:57:58.184,1.32201,1.32208,1.12,1.12
2016.09.27 16:57:58.542,1.32201,1.32208,1.12,1.00
2016.09.27 16:57:59.447,1.32201,1.32209,1.12,1.00
2016.09.27 16:57:59.622,1.32201,1.32209,1.12,1.35
2016.09.27 16:57:59.775,1.32201,1.32207,1.12,1.00
2016.09.27 16:58:00.133,1.32201,1.32207,1.87,1.00
2016.09.27 16:58:00.184,1.32202,1.32207,1.00,1.00
2016.09.27 16:58:00.503,1.32201,1.32207,2.62,1.00
2016.09.27 16:58:00.785,1.32202,1.32207,1.00,1.00
2016.09.27 16:58:00.887,1.32202,1.32209,1.00,1.00
2016.09.27 16:58:00.989,1.32201,1.32209,2.62,1.00
2016.09.27 16:58:01.040,1.32201,1.32206,2.62,1.00
2016.09.27 16:58:01.142,1.32201,1.3221,2.62,1.12
2016.09.27 16:58:01.193,1.32201,1.3221,1.87,1.50
2016.09.27 16:58:01.244,1.32201,1.3221,1.00,1.87
2016.09.27 16:58:01.295,1.32201,1.32209,1.00,1.00
2016.09.27 16:58:01.346,1.32201,1.32209,1.00,1.50
2016.09.27 16:58:01.491,1.322,1.32209,1.00,1.50
2016.09.27 16:58:01.542,1.32201,1.32205,1.12,1.00
2016.09.27 16:58:01.593,1.32201,1.32205,1.50,1.00
2016.09.27 16:58:01.644,1.322,1.32204,1.87,1.00
2016.09.27 16:58:01.696,1.322,1.32204,1.00,1.00
2016.09.27 16:58:01.748,1.32198,1.32204,2.25,1.00
2016.09.27 16:58:01.800,1.32198,1.32204,1.87,1.00
2016.09.27 16:58:01.903,1.32198,1.32204,2.62,1.00
2016.09.27 16:58:02.005,1.32199,1.32204,1.00,1.00
2016.09.27 16:58:02.278,1.32198,1.32204,2.62,1.00
2016.09.27 16:58:02.380,1.32198,1.32204,1.87,1.00
2016.09.27 16:58:02.431,1.32197,1.32204,1.00,1.12
2016.09.27 16:58:02.482,1.32196,1.32204,1.12,1.12
2016.09.27 16:58:02.534,1.32195,1.32204,1.87,2.25
2016.09.27 16:58:02.585,1.32195,1.32203,1.00,1.35
2016.09.27 16:58:02.636,1.32194,1.32202,1.87,2.25
2016.09.27 16:58:02.687,1.32194,1.32202,1.50,2.62
2016.09.27 16:58:02.738,1.32194,1.32202,1.00,2.62
2016.09.27 16:58:02.789,1.32194,1.32202,1.00,2.62
2016.09.27 16:58:03.145,1.32194,1.32202,1.37,1.00
2016.09.27 16:58:03.197,1.32194,1.32204,1.37,4.12
2016.09.27 16:58:03.305,1.32194,1.32204,1.37,3.37
2016.09.27 16:58:03.361,1.32193,1.32204,4.69,3.37
2016.09.27 16:58:03.529,1.32194,1.32204,1.37,3.37
2016.09.27 16:58:04.199,1.32193,1.32204,4.50,3.37
2016.09.27 16:58:04.771,1.32194,1.32204,1.37,3.37
2016.09.27 16:58:05.106,1.32193,1.32204,4.50,3.37
2016.09.27 16:58:05.208,1.32193,1.32204,4.50,4.12
2016.09.27 16:58:05.513,1.32193,1.32202,4.50,1.12
2016.09.27 16:58:05.956,1.32194,1.32202,1.37,1.12
2016.09.27 16:58:06.008,1.32193,1.32202,4.50,1.12
2016.09.27 16:58:06.313,1.32193,1.32202,3.75,1.12
2016.09.27 16:58:06.364,1.32193,1.322,2.25,1.87
2016.09.27 16:58:06.415,1.32191,1.32196,4.87,1.31
2016.09.27 16:58:06.466,1.32191,1.32196,1.00,1.69
2016.09.27 16:58:06.517,1.3219,1.32194,2.62,1.50
2016.09.27 16:58:06.568,1.32188,1.32194,2.25,1.87
2016.09.27 16:58:06.619,1.32186,1.32194,1.37,2.85
2016.09.27 16:58:06.670,1.32187,1.32193,1.12,1.00
2016.09.27 16:58:06.722,1.32187,1.32193,1.00,1.12
2016.09.27 16:58:07.045,1.32186,1.32193,1.12,2.62
2016.09.27 16:58:07.097,1.32183,1.32193,4.12,1.87
2016.09.27 16:58:07.148,1.32184,1.32192,1.50,1.12
2016.09.27 16:58:07.199,1.32184,1.32191,1.50,1.31
2016.09.27 16:58:07.250,1.32182,1.32191,2.25,2.06
2016.09.27 16:58:07.301,1.32182,1.32191,1.50,1.69
2016.09.27 16:58:07.403,1.32182,1.32191,1.50,1.50
2016.09.27 16:58:07.455,1.32182,1.3219,1.50,1.00
2016.09.27 16:58:07.826,1.32182,1.3219,2.25,1.25
2016.09.27 16:58:07.929,1.32181,1.32185,5.62,1.00
2016.09.27 16:58:08.032,1.32181,1.32186,1.50,1.25
2016.09.27 16:58:08.135,1.3218,1.32184,1.50,1.00
2016.09.27 16:58:08.306,1.3218,1.32184,1.00,1.00
2016.09.27 16:58:08.358,1.3218,1.32184,1.00,1.00
2016.09.27 16:58:08.409,1.32179,1.32184,1.87,1.00
2016.09.27 16:58:08.512,1.3218,1.32184,1.12,1.00
2016.09.27 16:58:08.563,1.32179,1.32184,1.87,1.00
2016.09.27 16:58:08.615,1.32178,1.32184,1.50,1.00
2016.09.27 16:58:08.667,1.32178,1.32184,1.12,1.12
2016.09.27 16:58:08.718,1.32177,1.32184,1.87,1.12
2016.09.27 16:58:08.769,1.32179,1.32184,1.00,1.12
2016.09.27 16:58:08.963,1.32178,1.32184,1.00,3.37
2016.09.27 16:58:09.015,1.32177,1.32181,1.50,1.00
2016.09.27 16:58:09.117,1.32177,1.32183,2.62,1.87
2016.09.27 16:58:09.168,1.32177,1.32181,1.50,1.00
2016.09.27 16:58:09.219,1.32176,1.32182,1.00,1.37
2016.09.27 16:58:09.270,1.32176,1.32183,1.00,1.37
2016.09.27 16:58:09.372,1.32176,1.32182,1.00,1.00
2016.09.27 16:58:09.474,1.32176,1.32183,1.00,1.37
2016.09.27 16:58:09.525,1.32176,1.32183,1.00,1.00
2016.09.27 16:58:09.627,1.32176,1.32184,1.00,2.62
2016.09.27 16:58:09.708,1.32175,1.32184,2.25,1.50
2016.09.27 16:58:09.761,1.32175,1.32184,2.25,2.25
2016.09.27 16:58:09.863,1.32175,1.32184,2.25,3.75
2016.09.27 16:58:09.914,1.32175,1.32184,1.12,3.37
2016.09.27 16:58:09.965,1.32175,1.32184,1.12,1.50
2016.09.27 16:58:10.016,1.32176,1.32181,1.00,1.00
2016.09.27 16:58:10.068,1.32176,1.32181,1.00,1.00
2016.09.27 16:58:10.120,1.32173,1.32181,1.12,2.62
2016.09.27 16:58:10.171,1.32173,1.32181,1.12,3.75
2016.09.27 16:58:10.222,1.3217,1.32178,3.37,1.00
2016.09.27 16:58:10.274,1.32169,1.32178,2.62,1.12
2016.09.27 16:58:10.359,1.32169,1.32178,1.50,1.12
2016.09.27 16:58:10.410,1.32169,1.32178,1.12,1.12
2016.09.27 16:58:10.462,1.32171,1.32178,1.00,1.12
2016.09.27 16:58:10.593,1.32169,1.32178,1.37,1.00
2016.09.27 16:58:10.644,1.32171,1.32179,1.12,1.00
2016.09.27 16:58:11.117,1.32171,1.32179,1.12,1.50
2016.09.27 16:58:11.219,1.32171,1.32179,1.12,1.00
2016.09.27 16:58:11.984,1.3217,1.32179,3.00,1.00
2016.09.27 16:58:12.035,1.3217,1.32179,2.25,1.00
2016.09.27 16:58:12.087,1.3217,1.32179,2.25,1.00
2016.09.27 16:58:12.139,1.3217,1.32179,3.00,1.00
2016.09.27 16:58:12.242,1.3217,1.32179,3.00,1.50
2016.09.27 16:58:12.294,1.3217,1.32179,1.50,1.50
2016.09.27 16:58:12.345,1.32169,1.32179,1.75,1.50
2016.09.27 16:58:12.397,1.3217,1.32179,1.50,1.50
2016.09.27 16:58:12.612,1.3217,1.32179,1.50,2.25
2016.09.27 16:58:12.664,1.3217,1.32178,1.00,1.37
2016.09.27 16:58:12.716,1.32169,1.32178,1.37,1.37
2016.09.27 16:58:12.791,1.32169,1.32178,1.00,1.37
2016.09.27 16:58:12.843,1.32169,1.32177,1.00,1.00
2016.09.27 16:58:13.047,1.32169,1.32177,1.00,1.50
2016.09.27 16:58:14.150,1.32169,1.32177,1.00,3.37
2016.09.27 16:58:14.427,1.32169,1.32177,1.00,3.97
2016.09.27 16:58:14.478,1.32169,1.32177,1.00,4.72
2016.09.27 16:58:14.529,1.32169,1.32175,1.00,1.30
2016.09.27 16:58:14.682,1.32169,1.32177,1.00,4.72
2016.09.27 16:58:14.784,1.32169,1.32177,1.00,3.97
2016.09.27 16:58:14.835,1.32169,1.32177,1.00,2.62
2016.09.27 16:58:14.886,1.32169,1.32178,1.12,2.85
2016.09.27 16:58:14.937,1.32169,1.32178,1.50,2.85
2016.09.27 16:58:15.078,1.32169,1.32176,1.50,1.00
2016.09.27 16:58:15.440,1.32169,1.32178,1.50,2.10
2016.09.27 16:58:15.644,1.32169,1.32178,1.50,1.35
2016.09.27 16:58:15.968,1.32169,1.32178,1.50,1.35
2016.09.27 16:58:16.070,1.32169,1.32178,1.50,1.60
2016.09.27 16:58:16.121,1.32169,1.32178,1.50,1.35
2016.09.27 16:58:16.172,1.32171,1.32178,1.00,1.00
2016.09.27 16:58:16.478,1.3217,1.32179,1.00,3.37
2016.09.27 16:58:16.529,1.3217,1.32177,1.00,1.00
2016.09.27 16:58:16.683,1.3217,1.32179,1.12,3.22
2016.09.27 16:58:16.734,1.3217,1.3218,2.25,3.00
2016.09.27 16:58:16.836,1.3217,1.3218,1.12,3.00
2016.09.27 16:58:16.946,1.3217,1.3218,1.12,2.25
2016.09.27 16:58:17.247,1.3217,1.3218,1.87,2.25
2016.09.27 16:58:17.450,1.32172,1.3218,1.00,2.25
2016.09.27 16:58:17.552,1.32172,1.3218,1.37,1.50
2016.09.27 16:58:17.605,1.32172,1.3218,1.37,2.25
2016.09.27 16:58:17.656,1.32172,1.3218,1.37,1.87
2016.09.27 16:58:18.029,1.32176,1.3218,1.00,1.12
2016.09.27 16:58:18.081,1.32177,1.32181,1.00,1.00
2016.09.27 16:58:18.132,1.32178,1.32182,1.50,1.00
2016.09.27 16:58:18.183,1.32179,1.32184,1.00,2.25
2016.09.27 16:58:18.234,1.32179,1.32185,1.00,1.30
2016.09.27 16:58:18.286,1.32179,1.32186,1.87,1.35
2016.09.27 16:58:18.337,1.32182,1.32187,1.00,2.62
2016.09.27 16:58:18.389,1.32182,1.32187,1.00,4.50
2016.09.27 16:58:18.440,1.32182,1.32186,1.00,1.00
2016.09.27 16:58:18.543,1.32181,1.32187,1.00,1.50
2016.09.27 16:58:18.719,1.3218,1.32187,1.50,1.12
2016.09.27 16:58:19.257,1.32185,1.3219,1.00,6.00
2016.09.27 16:58:19.308,1.32187,1.32191,1.00,10.12
2016.09.27 16:58:19.360,1.32188,1.32192,1.00,4.50
2016.09.27 16:58:19.411,1.3219,1.32194,1.00,4.12
2016.09.27 16:58:19.463,1.32189,1.32196,1.50,1.37
2016.09.27 16:58:19.566,1.32189,1.32196,1.50,3.00
2016.09.27 16:58:19.741,1.32189,1.32196,1.50,2.25
2016.09.27 16:58:19.792,1.32189,1.32197,1.50,3.75
2016.09.27 16:58:19.844,1.32189,1.32197,1.50,3.00
2016.09.27 16:58:20.257,1.32189,1.32197,1.50,2.25
2016.09.27 16:58:20.657,1.32189,1.32197,1.50,2.25
2016.09.27 16:58:21.058,1.32189,1.32197,1.50,2.25
2016.09.27 16:58:21.669,1.32189,1.32197,1.50,2.25
2016.09.27 16:58:22.573,1.32189,1.32195,1.50,1.00
2016.09.27 16:58:23.155,1.32189,1.32197,1.50,3.37
2016.09.27 16:58:23.257,1.32191,1.32197,1.00,2.10
2016.09.27 16:58:23.633,1.32189,1.32195,1.00,3.41
2016.09.27 16:58:23.684,1.32189,1.32195,1.00,4.16
2016.09.27 16:58:23.735,1.32189,1.32195,1.00,3.41
2016.09.27 16:58:23.786,1.32189,1.32194,1.00,1.69
2016.09.27 16:58:23.837,1.32188,1.32193,1.50,1.19
2016.09.27 16:58:23.938,1.32188,1.32193,1.00,1.19
2016.09.27 16:58:23.990,1.32187,1.32193,2.25,1.19
2016.09.27 16:58:24.042,1.32188,1.32193,1.00,1.19
2016.09.27 16:58:24.094,1.32187,1.32194,2.25,3.56
2016.09.27 16:58:24.146,1.32187,1.32193,2.25,1.56
2016.09.27 16:58:24.250,1.32187,1.32192,2.25,1.00
2016.09.27 16:58:24.302,1.32187,1.32194,2.62,2.47
2016.09.27 16:58:24.353,1.32187,1.32194,2.62,2.10
2016.09.27 16:58:24.405,1.32188,1.32194,1.00,2.10
2016.09.27 16:58:24.456,1.32188,1.32192,1.00,1.00
2016.09.27 16:58:24.558,1.32188,1.32194,1.00,2.47
2016.09.27 16:58:24.682,1.32188,1.32194,1.00,2.10
2016.09.27 16:58:24.733,1.32189,1.32194,1.00,1.50
2016.09.27 16:58:24.852,1.32188,1.32194,1.00,2.10
2016.09.27 16:58:24.903,1.32188,1.32194,1.00,1.50
2016.09.27 16:58:24.954,1.32188,1.32195,1.00,2.47
2016.09.27 16:58:25.056,1.32188,1.32194,1.00,1.67
2016.09.27 16:58:25.108,1.32188,1.32195,1.00,1.87
2016.09.27 16:58:25.422,1.32188,1.32195,1.00,2.47
2016.09.27 16:58:25.473,1.32187,1.32194,1.00,1.67
2016.09.27 16:58:25.525,1.32187,1.32195,1.00,4.91
2016.09.27 16:58:25.576,1.32187,1.32193,1.00,2.06
2016.09.27 16:58:25.627,1.32184,1.32193,3.75,2.06
2016.09.27 16:58:25.723,1.32184,1.32193,3.00,5.06
2016.09.27 16:58:25.774,1.32184,1.32191,1.87,1.62
2016.09.27 16:58:25.826,1.32184,1.32191,1.87,1.12
2016.09.27 16:58:25.929,1.32184,1.32191,1.37,1.12
2016.09.27 16:58:26.084,1.32184,1.32192,1.37,2.81
2016.09.27 16:58:26.135,1.32184,1.32192,1.37,3.19
2016.09.27 16:58:26.238,1.32186,1.32192,1.00,1.87
2016.09.27 16:58:26.289,1.32187,1.32191,1.00,1.00
2016.09.27 16:58:26.443,1.32188,1.32192,1.00,1.00
2016.09.27 16:58:26.670,1.32188,1.32195,1.00,1.50
2016.09.27 16:58:26.775,1.32188,1.32195,1.50,1.50
2016.09.27 16:58:26.878,1.32188,1.32195,1.50,1.00
2016.09.27 16:58:27.289,1.32188,1.32195,1.50,1.50
2016.09.27 16:58:27.392,1.32188,1.32195,1.50,1.00
2016.09.27 16:58:27.442,1.32188,1.32195,1.00,1.00
2016.09.27 16:58:28.233,1.32187,1.32195,1.00,1.00
2016.09.27 16:58:28.335,1.32186,1.32195,1.50,1.00
2016.09.27 16:58:28.387,1.32187,1.32196,1.00,3.37
2016.09.27 16:58:28.489,1.32187,1.32196,1.00,1.50
2016.09.27 16:58:28.940,1.32187,1.32196,1.00,2.25
2016.09.27 16:58:28.991,1.32186,1.32195,1.12,2.62
2016.09.27 16:58:29.246,1.32186,1.32195,1.50,2.62
2016.09.27 16:58:29.297,1.32186,1.32195,1.50,3.37
2016.09.27 16:58:29.348,1.32188,1.32195,1.00,3.00
2016.09.27 16:58:29.399,1.32187,1.32195,1.00,1.12
2016.09.27 16:58:29.476,1.32188,1.32194,1.00,2.62
2016.09.27 16:58:29.579,1.32189,1.32195,1.00,1.37
2016.09.27 16:58:29.871,1.32188,1.32196,1.00,3.37
2016.09.27 16:58:29.973,1.32188,1.32196,1.00,1.50
2016.09.27 16:58:30.185,1.32189,1.32196,1.00,1.00
2016.09.27 16:58:30.237,1.3219,1.32196,1.00,1.50
2016.09.27 16:58:30.288,1.32189,1.32195,1.50,2.62
2016.09.27 16:58:30.353,1.32189,1.32195,1.50,2.25
2016.09.27 16:58:30.404,1.3219,1.32196,1.00,1.50
2016.09.27 16:58:30.785,1.3219,1.32195,1.00,1.12
2016.09.27 16:58:30.931,1.3219,1.32196,1.00,1.50
2016.09.27 16:58:31.445,1.3219,1.32195,1.00,1.12
2016.09.27 16:58:34.546,1.32189,1.32195,1.12,1.12
2016.09.27 16:58:35.067,1.32189,1.32195,1.12,1.87
2016.09.27 16:58:35.249,1.32189,1.32195,1.12,1.87
2016.09.27 16:58:35.391,1.3219,1.32195,1.00,1.87
2016.09.27 16:58:35.442,1.3219,1.32195,1.00,1.87
2016.09.27 16:58:35.544,1.3219,1.32195,1.00,1.12
2016.09.27 16:58:35.701,1.3219,1.32194,1.00,1.00
2016.09.27 16:58:37.977,1.32188,1.32193,4.12,1.00
2016.09.27 16:58:38.028,1.32189,1.32193,1.50,1.00
2016.09.27 16:58:38.130,1.32188,1.32193,4.12,1.00
2016.09.27 16:58:38.181,1.32189,1.32193,1.00,1.00
2016.09.27 16:58:38.283,1.32188,1.32193,4.12,1.00
2016.09.27 16:58:38.334,1.32189,1.32193,1.50,1.00
2016.09.27 16:58:38.560,1.32188,1.32193,2.62,1.00
2016.09.27 16:58:38.611,1.3219,1.32194,1.00,1.00
2016.09.27 16:58:39.120,1.32189,1.32193,1.00,1.00
2016.09.27 16:58:39.233,1.3219,1.32194,1.50,1.00
2016.09.27 16:58:39.284,1.32188,1.32192,3.00,1.00
2016.09.27 16:58:39.335,1.32188,1.32192,1.50,1.00
2016.09.27 16:58:39.386,1.32185,1.3219,2.25,1.00
2016.09.27 16:58:39.438,1.32185,1.32189,1.50,1.00
2016.09.27 16:58:39.489,1.32184,1.32188,3.00,1.00
2016.09.27 16:58:39.540,1.32185,1.32189,1.50,1.00
2016.09.27 16:58:39.642,1.32184,1.32188,3.00,1.00
2016.09.27 16:58:40.000,1.32184,1.32191,3.00,1.50
2016.09.27 16:58:40.051,1.32185,1.32191,1.50,1.50
2016.09.27 16:58:40.224,1.32184,1.32191,3.00,1.50
2016.09.27 16:58:40.276,1.32184,1.32188,3.00,1.00
2016.09.27 16:58:40.974,1.32184,1.3219,3.00,1.50
2016.09.27 16:58:41.179,1.32184,1.3219,3.00,1.00
2016.09.27 16:58:41.502,1.32185,1.3219,1.00,1.00
2016.09.27 16:58:41.553,1.32187,1.32191,1.50,2.25
2016.09.27 16:58:41.604,1.32187,1.32191,1.50,1.00
2016.09.27 16:58:41.707,1.32187,1.32192,1.50,1.37
2016.09.27 16:58:42.569,1.32185,1.32191,1.00,1.00
2016.09.27 16:58:42.621,1.32185,1.32192,1.00,4.12
2016.09.27 16:58:43.130,1.32185,1.32191,1.00,1.50
2016.09.27 16:58:43.181,1.32185,1.32192,1.00,3.37
2016.09.27 16:58:43.283,1.32185,1.32192,1.50,3.37
2016.09.27 16:58:43.335,1.32185,1.32192,1.00,3.37
2016.09.27 16:58:43.386,1.32185,1.32192,1.00,4.12
2016.09.27 16:58:43.568,1.32185,1.32192,1.50,4.12
2016.09.27 16:58:43.670,1.32186,1.32192,1.00,4.12
2016.09.27 16:58:43.945,1.32186,1.32192,1.50,4.12
2016.09.27 16:58:44.214,1.32186,1.32191,1.50,1.50
2016.09.27 16:58:44.265,1.32186,1.32191,1.00,1.50
2016.09.27 16:58:45.157,1.32186,1.32191,1.50,1.50
2016.09.27 16:58:45.429,1.32186,1.3219,1.50,1.12
2016.09.27 16:58:45.532,1.32185,1.3219,1.50,1.37
2016.09.27 16:58:45.634,1.32186,1.3219,1.50,1.12
2016.09.27 16:58:45.685,1.32186,1.3219,1.00,1.12
2016.09.27 16:58:45.818,1.32184,1.32188,2.25,1.00
2016.09.27 16:58:45.869,1.32183,1.32188,1.87,1.00
2016.09.27 16:58:45.971,1.32184,1.32188,1.12,1.00
2016.09.27 16:58:46.023,1.32183,1.32187,1.50,1.00
2016.09.27 16:58:46.074,1.32183,1.32187,1.00,1.00
2016.09.27 16:58:46.380,1.32182,1.32187,1.22,1.00
2016.09.27 16:58:46.685,1.32181,1.32187,1.00,1.00
2016.09.27 16:58:47.059,1.32179,1.32186,1.12,1.00
2016.09.27 16:58:47.110,1.32179,1.32186,1.00,1.37
2016.09.27 16:58:47.161,1.32179,1.32186,1.00,1.50
2016.09.27 16:58:47.213,1.32179,1.32184,1.12,1.00
2016.09.27 16:58:47.316,1.32179,1.32184,1.00,1.12
2016.09.27 16:58:47.825,1.32178,1.32184,1.00,1.12
2016.09.27 16:58:48.209,1.32178,1.32182,1.00,1.00
2016.09.27 16:58:48.312,1.32178,1.32185,1.00,1.37
2016.09.27 16:58:48.415,1.32178,1.32183,1.00,1.00
2016.09.27 16:58:48.619,1.32177,1.32183,1.21,1.00
2016.09.27 16:58:48.672,1.32175,1.32183,3.75,1.00
2016.09.27 16:58:48.777,1.32175,1.32184,3.37,1.00
2016.09.27 16:58:48.887,1.32175,1.32183,1.37,1.12
2016.09.27 16:58:48.938,1.32175,1.32183,1.00,1.50
2016.09.27 16:58:49.091,1.32173,1.32183,1.12,1.50
2016.09.27 16:58:49.194,1.32174,1.32183,1.00,1.50
2016.09.27 16:58:49.595,1.32174,1.32183,1.00,1.50
2016.09.27 16:58:49.748,1.32174,1.32183,1.00,2.25
2016.09.27 16:58:49.799,1.32173,1.32183,1.37,4.12
2016.09.27 16:58:50.200,1.32173,1.32183,1.37,3.37
2016.09.27 16:58:50.455,1.32173,1.32183,1.37,3.37
2016.09.27 16:58:50.709,1.32173,1.32183,1.87,3.37
2016.09.27 16:58:51.140,1.32174,1.32183,1.12,3.37
2016.09.27 16:58:51.192,1.32174,1.32183,1.50,3.37
2016.09.27 16:58:51.398,1.32174,1.32183,1.50,4.12
2016.09.27 16:58:51.449,1.32173,1.32183,4.21,4.12
2016.09.27 16:58:51.501,1.32173,1.32183,2.71,4.12
2016.09.27 16:58:51.908,1.32173,1.32181,1.96,1.12
2016.09.27 16:58:51.961,1.32173,1.32181,1.96,1.12
2016.09.27 16:58:52.041,1.32174,1.32181,1.12,1.12
2016.09.27 16:58:52.363,1.32174,1.3218,1.12,1.22
2016.09.27 16:58:52.548,1.32172,1.32176,1.87,1.00
2016.09.27 16:58:52.600,1.32172,1.32176,1.00,2.72
2016.09.27 16:58:52.651,1.3217,1.32174,5.62,1.22
2016.09.27 16:58:52.703,1.32171,1.32178,2.62,8.19
2016.09.27 16:58:52.806,1.32165,1.32175,3.00,2.34
2016.09.27 16:58:52.977,1.32165,1.32175,2.62,2.34
2016.09.27 16:58:53.028,1.32165,1.32173,2.62,1.00
2016.09.27 16:58:53.187,1.32164,1.32173,2.25,1.00
2016.09.27 16:58:53.238,1.32164,1.32173,1.87,1.00
2016.09.27 16:58:53.290,1.32164,1.32173,1.50,1.00
2016.09.27 16:58:53.392,1.32164,1.32173,1.87,1.00
2016.09.27 16:58:53.493,1.32164,1.32172,1.37,1.00
2016.09.27 16:58:53.595,1.32163,1.32171,1.12,1.00
2016.09.27 16:58:53.647,1.32162,1.32171,4.12,1.00
2016.09.27 16:58:53.698,1.32162,1.32171,3.75,1.00
2016.09.27 16:58:53.800,1.32162,1.32171,4.12,1.00
2016.09.27 16:58:53.903,1.32162,1.32171,4.50,1.00
2016.09.27 16:58:54.088,1.32163,1.32171,1.12,1.00
2016.09.27 16:58:54.274,1.32163,1.32171,1.75,1.00
2016.09.27 16:58:54.376,1.32163,1.32171,1.12,1.00
2016.09.27 16:58:54.427,1.32164,1.32171,1.37,1.00
2016.09.27 16:58:54.582,1.32163,1.32171,3.00,1.00
2016.09.27 16:58:54.633,1.32163,1.32171,2.62,1.00
2016.09.27 16:58:55.774,1.32163,1.32171,2.62,1.00
2016.09.27 16:58:56.296,1.32163,1.32171,2.62,1.47
2016.09.27 16:58:56.347,1.32163,1.32171,2.62,1.97
2016.09.27 16:58:56.466,1.32163,1.32171,2.62,2.72
2016.09.27 16:58:56.670,1.32163,1.32171,2.62,1.97
2016.09.27 16:58:57.201,1.32163,1.32171,2.62,1.97
2016.09.27 16:58:57.361,1.32163,1.3217,2.62,1.12
2016.09.27 16:58:57.413,1.32161,1.3217,1.12,1.12
2016.09.27 16:58:57.464,1.3216,1.3217,3.37,2.34
2016.09.27 16:58:57.563,1.3216,1.3217,3.37,2.34
2016.09.27 16:58:57.614,1.32159,1.3217,4.50,2.72
2016.09.27 16:58:57.666,1.32159,1.32169,4.12,1.00
2016.09.27 16:58:57.717,1.3216,1.32169,1.00,1.12
2016.09.27 16:58:57.921,1.3216,1.32169,1.00,1.72
2016.09.27 16:58:57.972,1.3216,1.32169,1.00,1.35
2016.09.27 16:58:58.023,1.3216,1.32166,1.00,1.00
2016.09.27 16:58:58.125,1.32158,1.32162,1.00,1.00
2016.09.27 16:58:58.177,1.32157,1.32162,4.50,1.87
2016.09.27 16:58:58.229,1.32156,1.3216,1.00,1.50
2016.09.27 16:58:58.280,1.32156,1.3216,1.00,1.12
2016.09.27 16:58:58.375,1.3215,1.32157,4.12,1.00
2016.09.27 16:58:58.478,1.32149,1.32157,4.87,1.00
2016.09.27 16:58:58.529,1.3215,1.32157,1.37,1.00
2016.09.27 16:58:58.733,1.3215,1.3216,1.37,3.97
2016.09.27 16:58:58.835,1.3215,1.32159,1.37,1.30
2016.09.27 16:58:58.887,1.32156,1.3216,1.00,1.12
2016.09.27 16:58:58.938,1.32154,1.32159,1.00,1.12
2016.09.27 16:58:58.989,1.32155,1.32159,1.50,1.12
2016.09.27 16:58:59.040,1.32155,1.32162,1.87,3.37
2016.09.27 16:58:59.129,1.32156,1.32162,1.50,1.00
2016.09.27 16:58:59.181,1.32156,1.32163,1.87,2.10
2016.09.27 16:58:59.232,1.32158,1.32165,2.62,4.16
2016.09.27 16:58:59.284,1.32158,1.32165,2.62,2.85
2016.09.27 16:58:59.335,1.32156,1.32162,1.37,3.60
2016.09.27 16:58:59.386,1.32156,1.32162,1.37,2.85
2016.09.27 16:58:59.438,1.32155,1.32162,2.62,3.00
2016.09.27 16:58:59.489,1.32155,1.32162,2.62,2.25
2016.09.27 16:58:59.540,1.32152,1.32163,2.62,1.30
2016.09.27 16:58:59.591,1.32152,1.32164,3.37,3.47
2016.09.27 16:58:59.642,1.32154,1.32164,1.50,3.09
2016.09.27 16:58:59.693,1.32154,1.32163,1.75,1.69
2016.09.27 16:58:59.796,1.32154,1.32163,1.37,1.69
2016.09.27 16:58:59.847,1.32153,1.32162,3.37,1.16
2016.09.27 16:58:59.898,1.32156,1.32163,1.00,1.12
2016.09.27 16:58:59.949,1.32154,1.32163,3.00,1.00
2016.09.27 16:59:00.000,1.32154,1.32163,3.00,1.00
2016.09.27 16:59:00.184,1.32154,1.32163,3.00,1.56
2016.09.27 16:59:00.256,1.32154,1.32163,2.62,2.81
2016.09.27 16:59:00.351,1.32154,1.32162,1.00,1.25
2016.09.27 16:59:00.402,1.32152,1.32162,1.37,1.25
2016.09.27 16:59:00.454,1.32152,1.32162,1.37,1.78
2016.09.27 16:59:00.505,1.32152,1.32162,1.12,2.90
2016.09.27 16:59:00.556,1.32154,1.32162,1.00,2.53
2016.09.27 16:59:00.686,1.32154,1.32162,1.00,1.72
2016.09.27 16:59:00.787,1.32154,1.3216,1.00,1.00
2016.09.27 16:59:00.839,1.32152,1.32161,4.12,1.12
2016.09.27 16:59:00.918,1.32153,1.32161,2.62,1.00
2016.09.27 16:59:00.970,1.32153,1.32162,3.37,1.12
2016.09.27 16:59:01.021,1.32155,1.32162,1.37,1.00
2016.09.27 16:59:01.123,1.32153,1.32162,3.00,1.50
2016.09.27 16:59:01.530,1.32155,1.32162,1.12,1.00
2016.09.27 16:59:01.734,1.32155,1.32161,1.00,1.00
2016.09.27 16:59:02.274,1.32154,1.32161,1.00,1.00
2016.09.27 16:59:02.796,1.32154,1.3216,1.00,1.00
2016.09.27 16:59:03.029,1.32151,1.3216,2.25,1.00
2016.09.27 16:59:03.182,1.32151,1.32161,1.50,1.12
2016.09.27 16:59:03.234,1.32151,1.32161,2.25,1.31
2016.09.27 16:59:03.286,1.32151,1.32161,1.50,1.12
2016.09.27 16:59:03.337,1.32151,1.32161,1.50,2.62
2016.09.27 16:59:03.439,1.32151,1.32161,1.50,1.87
2016.09.27 16:59:03.490,1.32151,1.32161,1.50,2.06
2016.09.27 16:59:03.541,1.32151,1.32161,1.50,1.31
2016.09.27 16:59:03.643,1.32151,1.32161,1.87,1.31
2016.09.27 16:59:03.796,1.32151,1.32161,1.87,1.87
2016.09.27 16:59:03.849,1.3215,1.32159,1.75,1.00
2016.09.27 16:59:03.952,1.32149,1.32159,4.50,1.00
2016.09.27 16:59:04.003,1.32149,1.32159,4.50,1.25
2016.09.27 16:59:04.096,1.32149,1.32159,4.12,1.00
2016.09.27 16:59:04.147,1.32149,1.32159,3.75,1.00
2016.09.27 16:59:04.249,1.32149,1.32159,2.25,1.00
2016.09.27 16:59:04.301,1.32149,1.32159,1.75,1.00
2016.09.27 16:59:04.352,1.3215,1.32159,1.37,1.00
2016.09.27 16:59:04.454,1.3215,1.3216,1.37,2.25
2016.09.27 16:59:04.505,1.32151,1.3216,1.12,1.12
2016.09.27 16:59:04.556,1.32151,1.3216,1.50,1.12
2016.09.27 16:59:04.607,1.3215,1.3216,4.50,1.12
2016.09.27 16:59:04.658,1.32151,1.3216,1.00,1.12
2016.09.27 16:59:04.963,1.32151,1.32161,1.00,3.09
2016.09.27 16:59:05.014,1.3215,1.32161,1.87,1.97
2016.09.27 16:59:05.066,1.3215,1.32161,1.50,1.50
2016.09.27 16:59:05.225,1.32149,1.3216,1.75,2.44
2016.09.27 16:59:05.281,1.32149,1.32158,1.75,1.00
2016.09.27 16:59:05.356,1.32149,1.32158,1.50,1.00
2016.09.27 16:59:06.705,1.32147,1.32156,4.12,1.12
2016.09.27 16:59:06.756,1.32148,1.32156,1.00,1.12
2016.09.27 16:59:06.870,1.32148,1.32156,1.00,2.44
2016.09.27 16:59:06.921,1.32148,1.32153,1.00,1.00
2016.09.27 16:59:07.227,1.32147,1.32154,1.12,1.00
2016.09.27 16:59:07.329,1.32146,1.32154,2.23,1.00
2016.09.27 16:59:07.528,1.32147,1.32153,1.48,1.00
2016.09.27 16:59:07.580,1.32147,1.32153,1.48,1.00
2016.09.27 16:59:07.631,1.32146,1.3215,2.62,1.12
2016.09.27 16:59:07.683,1.32146,1.3215,2.62,1.87
2016.09.27 16:59:07.734,1.32144,1.32151,2.62,11.66
2016.09.27 16:59:07.785,1.32143,1.32147,6.00,1.12
2016.09.27 16:59:07.837,1.32138,1.32146,2.62,1.00
2016.09.27 16:59:07.901,1.32138,1.32147,2.62,3.56
2016.09.27 16:59:07.954,1.32138,1.32146,1.00,1.25
2016.09.27 16:59:08.005,1.32138,1.32143,1.00,1.00
2016.09.27 16:59:08.057,1.32136,1.32143,1.12,1.00
2016.09.27 16:59:08.235,1.32135,1.32143,1.50,1.00
2016.09.27 16:59:08.286,1.32136,1.32143,1.12,1.00
2016.09.27 16:59:08.338,1.32136,1.32143,1.00,1.12
2016.09.27 16:59:08.389,1.32136,1.32145,1.00,3.37
2016.09.27 16:59:08.441,1.32136,1.32145,1.87,1.37
2016.09.27 16:59:08.492,1.32136,1.32145,1.37,1.37
2016.09.27 16:59:08.594,1.32136,1.32145,1.87,1.37
2016.09.27 16:59:08.646,1.32137,1.32145,1.12,1.37
2016.09.27 16:59:08.799,1.32137,1.32146,1.12,3.37
2016.09.27 16:59:08.927,1.32137,1.32146,1.12,4.31
2016.09.27 16:59:08.978,1.32137,1.32145,1.12,1.37
2016.09.27 16:59:09.029,1.32136,1.32145,1.87,1.37
2016.09.27 16:59:09.233,1.32136,1.32145,1.37,1.37
2016.09.27 16:59:09.335,1.32137,1.32145,1.12,1.37
2016.09.27 16:59:09.386,1.32137,1.32146,1.12,4.87
2016.09.27 16:59:09.539,1.32138,1.32146,1.00,4.12
2016.09.27 16:59:09.590,1.32139,1.32146,1.00,4.12
2016.09.27 16:59:09.641,1.32138,1.32146,1.12,1.50
2016.09.27 16:59:09.794,1.32137,1.32146,1.50,1.50
2016.09.27 16:59:09.846,1.32137,1.32146,2.25,1.50
2016.09.27 16:59:09.938,1.32137,1.32146,1.50,2.25
2016.09.27 16:59:09.990,1.32138,1.32146,1.00,2.25
2016.09.27 16:59:10.041,1.32138,1.32146,1.37,1.87
2016.09.27 16:59:10.092,1.32138,1.32146,1.37,1.12
2016.09.27 16:59:10.755,1.32137,1.32146,1.50,1.12
2016.09.27 16:59:10.998,1.32137,1.32148,1.50,5.14
2016.09.27 16:59:11.100,1.32137,1.32148,1.50,4.31
2016.09.27 16:59:11.304,1.32137,1.32148,1.50,6.19
2016.09.27 16:59:11.518,1.32137,1.32148,1.50,5.06
2016.09.27 16:59:11.721,1.32137,1.32148,1.50,5.25
2016.09.27 16:59:11.823,1.32138,1.32148,1.37,5.25
2016.09.27 16:59:11.874,1.32138,1.32145,1.00,1.00
2016.09.27 16:59:11.951,1.32138,1.32148,1.12,2.62
2016.09.27 16:59:12.003,1.32138,1.32149,1.12,5.62
2016.09.27 16:59:12.245,1.32138,1.32149,1.87,5.62
2016.09.27 16:59:12.619,1.32138,1.32149,1.12,5.62
2016.09.27 16:59:12.764,1.32138,1.32149,1.87,5.62
2016.09.27 16:59:12.917,1.32138,1.32149,1.12,5.44
2016.09.27 16:59:12.969,1.32138,1.32147,1.12,1.12
2016.09.27 16:59:13.831,1.32138,1.32147,1.12,1.31
2016.09.27 16:59:13.932,1.32137,1.32147,1.50,1.12
2016.09.27 16:59:14.034,1.32137,1.32147,1.37,5.06
2016.09.27 16:59:14.085,1.32136,1.32145,1.50,1.50
2016.09.27 16:59:14.136,1.32135,1.32146,1.87,3.37
2016.09.27 16:59:14.187,1.32135,1.32145,1.00,2.62
2016.09.27 16:59:14.238,1.32135,1.32145,1.37,2.62
2016.09.27 16:59:14.290,1.32136,1.32145,1.00,1.50
2016.09.27 16:59:14.341,1.32135,1.32145,1.37,3.37
2016.09.27 16:59:14.392,1.32135,1.32143,1.00,1.00
2016.09.27 16:59:14.494,1.32134,1.32141,1.50,1.00
2016.09.27 16:59:14.545,1.32133,1.32139,2.25,1.50
2016.09.27 16:59:14.678,1.3213,1.32137,2.62,1.00
2016.09.27 16:59:14.729,1.3213,1.32134,3.37,1.00
2016.09.27 16:59:14.780,1.32128,1.32135,3.37,1.25
2016.09.27 16:59:14.832,1.32125,1.32129,2.25,1.00
2016.09.27 16:59:14.883,1.32125,1.32129,1.00,1.00
2016.09.27 16:59:14.935,1.32125,1.3213,1.00,1.69
2016.09.27 16:59:14.986,1.32119,1.32128,3.37,1.00
2016.09.27 16:59:15.037,1.32119,1.32127,3.37,1.00
2016.09.27 16:59:15.088,1.32119,1.32127,1.50,1.00
2016.09.27 16:59:15.139,1.32119,1.32128,1.50,1.87
2016.09.27 16:59:15.258,1.32116,1.32125,1.12,1.12
2016.09.27 16:59:15.324,1.32116,1.32126,1.12,1.87
2016.09.27 16:59:15.435,1.32117,1.32125,1.00,1.00
2016.09.27 16:59:15.486,1.32118,1.32128,1.37,3.75
2016.09.27 16:59:15.537,1.32118,1.32128,1.37,3.37
2016.09.27 16:59:15.589,1.32118,1.32128,2.62,1.12
2016.09.27 16:59:15.743,1.32121,1.32128,1.12,1.50
2016.09.27 16:59:15.795,1.32121,1.32128,1.00,3.37
2016.09.27 16:59:15.846,1.32121,1.32128,1.12,3.00
2016.09.27 16:59:15.966,1.32122,1.32131,1.50,1.50
2016.09.27 16:59:16.019,1.32127,1.32131,1.00,1.50
2016.09.27 16:59:16.070,1.32127,1.32133,1.00,3.00
2016.09.27 16:59:16.122,1.32126,1.32133,1.00,1.50
2016.09.27 16:59:16.206,1.32129,1.32138,1.37,2.10
2016.09.27 16:59:16.258,1.32129,1.32138,1.37,1.60
2016.09.27 16:59:16.310,1.32127,1.32138,2.62,1.60
2016.09.27 16:59:16.361,1.32126,1.32138,3.75,5.47
2016.09.27 16:59:16.412,1.32128,1.32138,1.37,3.37
2016.09.27 16:59:16.565,1.32128,1.32137,1.12,2.62
2016.09.27 16:59:16.741,1.32127,1.32137,1.37,2.62
2016.09.27 16:59:16.792,1.32127,1.32137,1.37,3.22
2016.09.27 16:59:16.843,1.32128,1.32137,1.00,2.62
2016.09.27 16:59:16.894,1.32127,1.32138,1.75,4.12
2016.09.27 16:59:16.945,1.32131,1.32138,1.00,2.62
2016.09.27 16:59:17.045,1.32131,1.32137,1.00,2.25
2016.09.27 16:59:17.097,1.32131,1.32139,1.00,2.62
2016.09.27 16:59:17.148,1.32131,1.32139,1.12,2.25
2016.09.27 16:59:17.200,1.32131,1.3214,1.50,1.35
2016.09.27 16:59:17.251,1.32132,1.32139,1.00,1.00
2016.09.27 16:59:17.302,1.32131,1.32139,3.37,1.00
2016.09.27 16:59:17.410,1.32131,1.32139,1.50,1.12
2016.09.27 16:59:17.464,1.32131,1.3214,1.50,1.67
2016.09.27 16:59:17.515,1.3213,1.32141,2.25,4.12
2016.09.27 16:59:17.567,1.3213,1.32139,2.25,1.12
2016.09.27 16:59:17.619,1.3213,1.32139,1.75,1.12
2016.09.27 16:59:17.671,1.3213,1.3214,1.75,1.50
2016.09.27 16:59:17.723,1.3213,1.3214,1.75,1.50
2016.09.27 16:59:17.774,1.3213,1.32138,1.75,1.00
2016.09.27 16:59:17.825,1.32131,1.32138,1.50,1.00
2016.09.27 16:59:18.042,1.32131,1.3214,1.50,1.50
2016.09.27 16:59:18.094,1.32129,1.3214,4.12,1.50
2016.09.27 16:59:18.145,1.3213,1.32138,1.75,1.00
2016.09.27 16:59:18.196,1.3213,1.32138,1.50,1.12
2016.09.27 16:59:18.247,1.32131,1.32138,1.00,1.12
2016.09.27 16:59:18.298,1.3213,1.32138,1.75,1.00
2016.09.27 16:59:18.349,1.3213,1.32138,1.50,1.00
2016.09.27 16:59:18.451,1.32132,1.32138,1.00,1.00
2016.09.27 16:59:18.953,1.32132,1.32137,1.00,1.00
2016.09.27 16:59:19.157,1.3213,1.32137,1.00,2.10
2016.09.27 16:59:19.208,1.32128,1.32137,3.37,2.10
2016.09.27 16:59:19.259,1.32128,1.32137,2.62,2.47
2016.09.27 16:59:19.310,1.32127,1.32137,1.75,2.85
2016.09.27 16:59:19.361,1.32127,1.32135,1.00,1.60
2016.09.27 16:59:19.463,1.32127,1.32137,1.37,4.72
2016.09.27 16:59:19.740,1.32127,1.32137,1.37,2.62
2016.09.27 16:59:19.841,1.32127,1.32137,1.37,3.22
2016.09.27 16:59:20.045,1.32128,1.32137,1.12,3.22
2016.09.27 16:59:20.147,1.32127,1.32136,1.37,1.37
2016.09.27 16:59:20.301,1.32127,1.32136,1.12,3.37
2016.09.27 16:59:20.352,1.32127,1.32136,1.12,3.00
2016.09.27 16:59:20.403,1.32127,1.32136,1.12,1.12
2016.09.27 16:59:20.454,1.32127,1.32136,1.12,2.10
2016.09.27 16:59:20.505,1.32127,1.32136,1.12,3.97
2016.09.27 16:59:20.658,1.32127,1.32136,1.12,3.37
2016.09.27 16:59:20.868,1.32127,1.32136,1.75,1.12
2016.09.27 16:59:20.970,1.32127,1.32136,1.00,1.50
2016.09.27 16:59:21.144,1.32125,1.32136,2.25,1.50
2016.09.27 16:59:21.195,1.32125,1.32135,1.50,1.30
2016.09.27 16:59:21.246,1.32123,1.32132,4.87,1.00
2016.09.27 16:59:21.298,1.32124,1.32132,2.62,1.00
2016.09.27 16:59:21.400,1.32125,1.32132,1.00,1.00
2016.09.27 16:59:21.501,1.32123,1.32132,1.87,1.37
2016.09.27 16:59:21.603,1.32123,1.32132,2.25,1.00
2016.09.27 16:59:22.037,1.32124,1.32132,1.12,1.00
2016.09.27 16:59:22.139,1.32123,1.32132,1.50,1.00
2016.09.27 16:59:22.596,1.32123,1.32132,1.12,1.12
2016.09.27 16:59:22.698,1.32123,1.32132,1.12,1.12
2016.09.27 16:59:22.809,1.32121,1.32132,4.12,1.00
2016.09.27 16:59:22.911,1.32121,1.3213,3.37,1.50
2016.09.27 16:59:23.013,1.32121,1.3213,1.75,1.50
2016.09.27 16:59:23.065,1.32121,1.32131,1.75,1.00
2016.09.27 16:59:23.116,1.3212,1.32131,2.62,1.00
2016.09.27 16:59:23.167,1.3212,1.32131,2.62,1.87
2016.09.27 16:59:23.219,1.32119,1.32131,4.12,4.12
2016.09.27 16:59:23.270,1.32119,1.32131,4.12,3.37
2016.09.27 16:59:23.580,1.3212,1.32131,1.50,3.37
2016.09.27 16:59:23.683,1.32121,1.32131,2.62,1.12
2016.09.27 16:59:24.204,1.32121,1.3213,2.62,1.00
2016.09.27 16:59:24.255,1.32121,1.3213,2.62,1.00
2016.09.27 16:59:24.412,1.32121,1.32131,3.00,1.12
2016.09.27 16:59:24.617,1.32121,1.32131,2.62,1.12
2016.09.27 16:59:24.822,1.32121,1.32131,3.00,1.12
2016.09.27 16:59:24.874,1.32121,1.32131,3.75,1.12
2016.09.27 16:59:24.926,1.32122,1.32131,1.50,1.12
2016.09.27 16:59:25.220,1.32123,1.32131,1.37,1.12
2016.09.27 16:59:25.271,1.32124,1.32131,1.00,1.12
2016.09.27 16:59:25.367,1.32123,1.32131,1.37,1.00
2016.09.27 16:59:25.419,1.32123,1.32131,1.12,1.37
2016.09.27 16:59:25.876,1.32123,1.32133,1.50,2.62
2016.09.27 16:59:25.978,1.32123,1.32133,1.50,1.87
2016.09.27 16:59:26.248,1.32124,1.32133,1.12,1.87
2016.09.27 16:59:26.299,1.32124,1.32133,1.12,1.12
2016.09.27 16:59:26.402,1.32124,1.32133,1.00,1.50
2016.09.27 16:59:26.504,1.32124,1.32133,1.50,1.50
2016.09.27 16:59:26.605,1.32124,1.32133,1.12,3.37
2016.09.27 16:59:26.760,1.32125,1.32133,1.00,3.37
2016.09.27 16:59:26.913,1.32125,1.32133,1.12,1.50
2016.09.27 16:59:26.964,1.32124,1.32133,1.50,1.50
2016.09.27 16:59:27.130,1.3213,1.32134,1.00,6.75
2016.09.27 16:59:27.181,1.3213,1.32135,1.00,1.50
2016.09.27 16:59:27.232,1.3213,1.32136,1.00,2.62
2016.09.27 16:59:27.283,1.3213,1.32138,1.12,1.00
2016.09.27 16:59:27.386,1.32131,1.32138,1.00,1.00
2016.09.27 16:59:27.488,1.32131,1.32141,1.00,4.12
2016.09.27 16:59:27.590,1.3213,1.32141,3.75,1.87
2016.09.27 16:59:27.743,1.32131,1.32141,1.37,2.62
2016.09.27 16:59:27.794,1.3213,1.32139,1.50,1.00
2016.09.27 16:59:27.845,1.3213,1.32139,1.00,1.00
2016.09.27 16:59:27.954,1.32129,1.3214,4.12,2.10
2016.09.27 16:59:28.107,1.32129,1.3214,4.12,1.50
2016.09.27 16:59:28.313,1.32129,1.3214,3.37,1.50
2016.09.27 16:59:28.365,1.32129,1.32138,2.62,1.00
2016.09.27 16:59:28.416,1.3213,1.32138,1.00,1.00
2016.09.27 16:59:28.773,1.32127,1.32137,3.37,1.60
2016.09.27 16:59:28.824,1.32127,1.32137,3.37,3.22
2016.09.27 16:59:29.078,1.32127,1.32136,2.62,1.00
2016.09.27 16:59:29.231,1.32126,1.32135,1.75,1.00
2016.09.27 16:59:29.282,1.32126,1.32135,1.12,1.12
2016.09.27 16:59:29.655,1.32124,1.32135,2.25,1.12
2016.09.27 16:59:29.820,1.32124,1.32133,1.75,1.00
2016.09.27 16:59:29.872,1.32124,1.32133,3.37,1.00
2016.09.27 16:59:29.923,1.32127,1.32132,1.00,1.00
2016.09.27 16:59:29.974,1.32124,1.32132,2.62,1.00
2016.09.27 16:59:30.025,1.32125,1.32132,1.00,1.00
2016.09.27 16:59:30.128,1.32125,1.32132,1.00,1.35
2016.09.27 16:59:30.179,1.32122,1.32132,2.62,2.85
2016.09.27 16:59:30.230,1.32121,1.3213,2.62,1.00
2016.09.27 16:59:30.413,1.3212,1.32129,3.37,1.00
2016.09.27 16:59:30.618,1.3212,1.3213,2.62,2.62
2016.09.27 16:59:30.823,1.3212,1.3213,2.62,3.22
2016.09.27 16:59:30.874,1.3212,1.32129,2.62,1.35
2016.09.27 16:59:30.977,1.3212,1.32129,2.62,1.35
2016.09.27 16:59:31.154,1.3212,1.3213,2.62,3.22
2016.09.27 16:59:31.308,1.32119,1.32129,3.00,1.30
2016.09.27 16:59:31.359,1.32119,1.32129,2.62,1.30
2016.09.27 16:59:31.410,1.3212,1.3213,2.62,3.97
2016.09.27 16:59:31.665,1.3212,1.3213,3.00,3.97
2016.09.27 16:59:31.717,1.32121,1.3213,1.00,4.35
2016.09.27 16:59:31.804,1.32121,1.3213,1.50,3.00
2016.09.27 16:59:31.856,1.32121,1.3213,2.25,1.00
2016.09.27 16:59:31.908,1.32123,1.32131,1.00,1.00
2016.09.27 16:59:31.959,1.32123,1.32131,1.37,1.00
2016.09.27 16:59:32.043,1.32123,1.32131,1.00,1.37
2016.09.27 16:59:32.147,1.32124,1.32132,1.00,4.12
2016.09.27 16:59:32.198,1.32124,1.32132,1.00,1.50
2016.09.27 16:59:32.250,1.32123,1.32133,2.25,4.12
2016.09.27 16:59:32.302,1.32123,1.32133,1.50,3.37
2016.09.27 16:59:32.353,1.32126,1.32133,1.00,2.62
2016.09.27 16:59:32.405,1.32125,1.32135,1.75,1.50
2016.09.27 16:59:32.528,1.32125,1.32135,1.37,4.12
2016.09.27 16:59:32.579,1.32125,1.32135,1.50,3.37
2016.09.27 16:59:32.631,1.32125,1.32135,1.37,3.37
2016.09.27 16:59:32.733,1.32125,1.32134,1.37,1.50
2016.09.27 16:59:32.784,1.32125,1.32134,1.37,1.50
2016.09.27 16:59:32.835,1.32123,1.32133,4.87,1.12
2016.09.27 16:59:32.937,1.32124,1.32133,2.62,1.00
2016.09.27 16:59:33.039,1.32122,1.32133,5.25,1.00
2016.09.27 16:59:33.141,1.32122,1.32133,6.00,1.00
2016.09.27 16:59:33.192,1.32122,1.32133,6.75,1.12
2016.09.27 16:59:33.243,1.32124,1.32133,1.00,1.50
2016.09.27 16:59:34.337,1.32124,1.32133,1.87,1.00
2016.09.27 16:59:34.388,1.32124,1.32133,1.50,1.00
2016.09.27 16:59:34.439,1.32124,1.32133,1.50,3.37
2016.09.27 16:59:34.490,1.32124,1.32133,1.87,3.00
2016.09.27 16:59:34.541,1.32124,1.32133,3.37,1.00
2016.09.27 16:59:34.592,1.32124,1.32133,4.12,1.00
2016.09.27 16:59:34.644,1.32124,1.32135,2.25,2.25
2016.09.27 16:59:34.714,1.32125,1.32135,2.25,2.25
2016.09.27 16:59:34.766,1.32125,1.32135,2.62,1.87
2016.09.27 16:59:34.817,1.32125,1.32135,3.37,1.12
2016.09.27 16:59:35.224,1.32125,1.32135,3.37,1.72
2016.09.27 16:59:35.326,1.32125,1.32134,1.00,1.00
2016.09.27 16:59:35.378,1.32125,1.32134,1.00,1.35
2016.09.27 16:59:35.429,1.32125,1.32134,1.00,1.35
2016.09.27 16:59:35.531,1.32124,1.32133,1.00,1.00
2016.09.27 16:59:35.633,1.32123,1.32135,4.12,4.72
2016.09.27 16:59:35.735,1.32126,1.32135,1.12,4.12
2016.09.27 16:59:35.786,1.32126,1.32135,1.12,3.37
2016.09.27 16:59:35.888,1.32125,1.32135,1.50,2.25
2016.09.27 16:59:36.009,1.32125,1.32136,1.45,4.12
2016.09.27 16:59:36.061,1.32125,1.32136,2.62,4.87
2016.09.27 16:59:36.112,1.32125,1.32136,2.06,4.87
2016.09.27 16:59:36.163,1.32125,1.32136,2.06,4.12
2016.09.27 16:59:36.214,1.32125,1.32136,1.50,4.12
2016.09.27 16:59:36.265,1.32125,1.32136,1.75,4.12
2016.09.27 16:59:36.316,1.32125,1.32136,2.44,4.12
2016.09.27 16:59:36.418,1.32125,1.32136,1.75,4.12
2016.09.27 16:59:36.469,1.32126,1.32136,1.50,3.37
2016.09.27 16:59:36.520,1.32126,1.32136,4.50,1.12
2016.09.27 16:59:36.571,1.32126,1.32136,4.50,1.12
2016.09.27 16:59:36.622,1.32126,1.32138,3.75,4.12
2016.09.27 16:59:36.673,1.32127,1.32138,1.12,4.12
2016.09.27 16:59:36.775,1.32127,1.32138,1.12,3.37
2016.09.27 16:59:36.826,1.32128,1.32138,1.67,3.37
2016.09.27 16:59:36.877,1.32128,1.32138,1.67,3.37
2016.09.27 16:59:36.981,1.32128,1.32138,1.67,4.12
2016.09.27 16:59:37.221,1.32127,1.32138,2.10,4.87
2016.09.27 16:59:37.526,1.32127,1.32138,2.10,4.12
2016.09.27 16:59:37.628,1.32127,1.32138,3.22,4.87
2016.09.27 16:59:37.730,1.32127,1.32138,2.85,4.87
2016.09.27 16:59:37.781,1.32128,1.32138,1.67,4.87
2016.09.27 16:59:37.832,1.32128,1.32138,1.67,4.12
2016.09.27 16:59:37.883,1.32127,1.32138,2.43,3.37
2016.09.27 16:59:37.963,1.32128,1.32138,1.50,3.37
2016.09.27 16:59:38.015,1.32129,1.32138,1.31,3.37
2016.09.27 16:59:38.117,1.32128,1.32138,3.75,1.12
2016.09.27 16:59:38.169,1.32128,1.32137,4.50,1.00
2016.09.27 16:59:38.220,1.32128,1.32137,4.87,1.00
2016.09.27 16:59:38.512,1.32129,1.32137,1.12,1.00
2016.09.27 16:59:39.203,1.32129,1.32138,2.19,1.00
2016.09.27 16:59:39.254,1.32129,1.32138,2.00,1.00
2016.09.27 16:59:39.306,1.32129,1.32138,1.69,1.12
2016.09.27 16:59:39.357,1.32129,1.32138,1.87,1.12
2016.09.27 16:59:39.408,1.32129,1.32138,2.62,1.12
2016.09.27 16:59:39.459,1.32129,1.32138,2.44,1.12
2016.09.27 16:59:39.510,1.32129,1.32138,2.44,1.00
2016.09.27 16:59:39.598,1.32131,1.32138,1.00,1.00
2016.09.27 16:59:39.651,1.32129,1.32138,9.00,1.00
2016.09.27 16:59:39.948,1.3213,1.32138,1.08,1.00
2016.09.27 16:59:40.050,1.32129,1.32138,4.31,1.00
2016.09.27 16:59:40.101,1.32129,1.32138,4.31,1.35
2016.09.27 16:59:40.152,1.32129,1.32138,9.75,1.35
2016.09.27 16:59:40.203,1.32129,1.32138,9.00,1.35
2016.09.27 16:59:40.254,1.32129,1.32138,6.00,1.35
2016.09.27 16:59:40.617,1.32129,1.32138,3.56,1.35
2016.09.27 16:59:40.793,1.32129,1.32138,3.56,1.00
2016.09.27 16:59:40.844,1.32129,1.32138,4.87,1.00
2016.09.27 16:59:40.895,1.3213,1.32138,1.75,1.00
2016.09.27 16:59:41.304,1.32129,1.32138,3.75,1.00
2016.09.27 16:59:41.579,1.32129,1.32138,3.75,1.00
2016.09.27 16:59:41.631,1.32129,1.32138,1.87,1.12
2016.09.27 16:59:41.683,1.32129,1.32138,1.87,1.12
2016.09.27 16:59:41.886,1.32129,1.32138,1.87,1.12
2016.09.27 16:59:42.090,1.32129,1.32138,1.87,1.12
2016.09.27 16:59:42.141,1.32129,1.32138,1.50,1.12
2016.09.27 16:59:42.319,1.32131,1.32138,1.00,1.00
2016.09.27 16:59:43.207,1.32129,1.32138,1.00,1.12
2016.09.27 16:59:43.462,1.32129,1.32138,1.50,1.12
2016.09.27 16:59:43.786,1.32129,1.32138,1.50,1.87
2016.09.27 16:59:43.837,1.32129,1.32138,1.00,1.87
2016.09.27 16:59:44.768,1.32129,1.32138,1.00,2.47
2016.09.27 16:59:44.819,1.32129,1.32138,1.50,1.87
2016.09.27 16:59:44.921,1.32129,1.32138,1.12,1.87
2016.09.27 16:59:46.049,1.32129,1.32138,1.83,1.87
2016.09.27 16:59:46.102,1.32131,1.32138,1.45,1.12
2016.09.27 16:59:46.206,1.32131,1.32138,1.12,1.12
2016.09.27 16:59:46.360,1.32131,1.32138,1.00,1.12
2016.09.27 16:59:46.411,1.32129,1.32138,2.06,1.12
2016.09.27 16:59:46.462,1.32129,1.32138,1.69,1.12
2016.09.27 16:59:46.513,1.32129,1.32138,1.31,1.12
2016.09.27 16:59:46.564,1.32129,1.32138,2.06,1.12
2016.09.27 16:59:46.615,1.3213,1.32138,1.00,1.30
2016.09.27 16:59:46.666,1.32129,1.32139,1.87,2.10
2016.09.27 16:59:46.717,1.32129,1.32138,1.12,1.12
2016.09.27 16:59:46.768,1.32129,1.32138,1.00,1.12
2016.09.27 16:59:46.880,1.32129,1.32139,1.81,1.50
2016.09.27 16:59:46.932,1.32136,1.32141,1.65,6.00
2016.09.27 16:59:47.001,1.32136,1.32141,1.00,6.00
2016.09.27 16:59:47.052,1.32137,1.32141,1.00,4.50
2016.09.27 16:59:47.104,1.32136,1.32141,2.44,4.50
2016.09.27 16:59:47.155,1.32137,1.32141,2.25,2.62
2016.09.27 16:59:47.206,1.32137,1.32142,2.62,6.00
2016.09.27 16:59:47.257,1.32138,1.32145,1.00,1.12
2016.09.27 16:59:47.309,1.32136,1.32145,2.25,1.12
2016.09.27 16:59:47.360,1.32138,1.32145,1.00,1.00
2016.09.27 16:59:47.462,1.32136,1.32145,2.25,1.00
2016.09.27 16:59:48.117,1.32134,1.32145,6.37,1.00
2016.09.27 16:59:48.169,1.32134,1.32144,6.37,1.00
2016.09.27 16:59:48.220,1.32134,1.32144,6.37,1.12
2016.09.27 16:59:48.271,1.32135,1.32144,1.12,1.50
2016.09.27 16:59:48.322,1.32137,1.32144,1.00,1.50
2016.09.27 16:59:48.474,1.32136,1.32144,1.50,1.50
2016.09.27 16:59:48.526,1.32136,1.32144,1.50,1.00
2016.09.27 16:59:48.716,1.32136,1.32144,1.50,1.00
2016.09.27 16:59:48.869,1.32136,1.32146,1.87,4.12
2016.09.27 16:59:48.920,1.32136,1.32146,1.50,4.12
2016.09.27 16:59:49.076,1.32136,1.32145,1.50,2.25
2016.09.27 16:59:49.127,1.32135,1.32144,1.12,1.12
2016.09.27 16:59:49.178,1.32134,1.32142,1.87,1.00
2016.09.27 16:59:49.230,1.32134,1.32142,1.00,1.00
2016.09.27 16:59:49.281,1.32133,1.32141,1.50,1.00
2016.09.27 16:59:49.333,1.32133,1.32139,1.00,1.00
2016.09.27 16:59:49.385,1.32133,1.3214,1.00,1.50
2016.09.27 16:59:49.437,1.32131,1.32139,1.00,1.00
2016.09.27 16:59:49.489,1.32131,1.32138,1.00,1.00
2016.09.27 16:59:49.541,1.32128,1.32138,4.50,1.12
2016.09.27 16:59:49.593,1.32128,1.32138,4.12,1.12
2016.09.27 16:59:49.782,1.32128,1.32138,3.37,1.87
2016.09.27 16:59:49.833,1.32129,1.32138,1.87,1.50
2016.09.27 16:59:49.884,1.32129,1.32138,2.25,1.00
2016.09.27 16:59:50.139,1.32129,1.32138,1.87,1.00
2016.09.27 16:59:50.241,1.3213,1.32138,1.37,1.00
2016.09.27 16:59:50.519,1.32131,1.32139,2.25,1.50
2016.09.27 16:59:50.572,1.32132,1.32141,1.19,1.00
2016.09.27 16:59:50.624,1.32132,1.32141,2.69,1.00
2016.09.27 16:59:50.675,1.32132,1.32143,8.06,3.37
2016.09.27 16:59:50.727,1.32133,1.32143,1.12,3.00
2016.09.27 16:59:50.780,1.32134,1.32143,1.00,1.12
2016.09.27 16:59:50.933,1.32134,1.32143,1.37,1.12
2016.09.27 16:59:51.035,1.32134,1.32143,1.46,1.12
2016.09.27 16:59:51.211,1.32133,1.32143,3.94,1.12
2016.09.27 16:59:51.262,1.32133,1.32143,2.06,3.37
2016.09.27 16:59:51.532,1.32133,1.32143,1.50,4.12
2016.09.27 16:59:51.583,1.32133,1.32143,1.37,4.12
2016.09.27 16:59:51.736,1.32133,1.32143,3.37,1.87
2016.09.27 16:59:51.787,1.32133,1.32143,3.37,2.62
2016.09.27 16:59:51.838,1.32133,1.32143,1.87,2.62
2016.09.27 16:59:51.940,1.32133,1.32143,1.50,2.62
2016.09.27 16:59:52.322,1.32132,1.32143,2.25,1.87
2016.09.27 16:59:52.373,1.32132,1.32143,3.00,2.62
2016.09.27 16:59:52.475,1.32132,1.32143,2.62,2.62
2016.09.27 16:59:52.577,1.32132,1.32143,3.00,2.62
2016.09.27 16:59:52.628,1.32132,1.32142,2.25,1.00
2016.09.27 16:59:52.679,1.32132,1.32141,1.75,1.50
2016.09.27 16:59:52.730,1.32132,1.32139,1.12,1.00
2016.09.27 16:59:52.781,1.32131,1.32138,1.37,1.00
2016.09.27 16:59:52.832,1.3213,1.32138,1.12,1.00
2016.09.27 16:59:52.883,1.32129,1.32138,5.25,1.00
2016.09.27 16:59:53.052,1.32127,1.32138,5.77,1.00
2016.09.27 16:59:53.103,1.32127,1.32138,5.02,1.00
2016.09.27 16:59:53.154,1.32127,1.32138,4.64,1.00
2016.09.27 16:59:53.256,1.32127,1.32138,5.20,1.00
2016.09.27 16:59:53.410,1.32127,1.32138,4.45,1.00
2016.09.27 16:59:53.461,1.32127,1.32135,2.62,1.00
2016.09.27 16:59:53.564,1.32126,1.32134,3.37,1.00
2016.09.27 16:59:53.785,1.32126,1.32135,4.12,1.50
2016.09.27 16:59:53.836,1.32127,1.32136,1.37,2.25
2016.09.27 16:59:53.888,1.32127,1.32136,1.37,2.62
2016.09.27 16:59:54.093,1.32127,1.32136,1.37,1.87
2016.09.27 16:59:54.144,1.32127,1.32136,1.50,1.87
2016.09.27 16:59:54.246,1.32128,1.32136,1.00,1.87
2016.09.27 16:59:54.297,1.32129,1.32137,1.00,2.62
2016.09.27 16:59:54.349,1.32129,1.32138,1.12,1.12
2016.09.27 16:59:54.469,1.32129,1.32136,2.62,1.50
2016.09.27 16:59:54.729,1.32129,1.32136,2.62,1.00
2016.09.27 16:59:54.781,1.32129,1.32138,2.62,1.68
2016.09.27 16:59:54.986,1.32129,1.32138,2.62,2.43
2016.09.27 16:59:55.318,1.32129,1.32138,2.62,1.68
2016.09.27 16:59:55.753,1.32129,1.32138,2.62,1.00
2016.09.27 16:59:57.949,1.32129,1.32139,2.62,2.52
2016.09.27 16:59:58.091,1.32129,1.32139,3.00,1.77
2016.09.27 16:59:58.143,1.3213,1.32139,1.12,2.52
2016.09.27 16:59:58.351,1.3213,1.32139,1.12,1.77
2016.09.27 16:59:58.556,1.32129,1.32139,3.00,1.77
2016.09.27 16:59:58.607,1.32129,1.32139,2.62,1.77
2016.09.27 16:59:58.659,1.32129,1.32139,2.62,2.52
2016.09.27 16:59:58.886,1.3213,1.32139,1.75,2.52
2016.09.27 16:59:59.344,1.3213,1.32139,1.75,1.77
2016.09.27 16:59:59.757,1.3213,1.32139,1.75,2.52
