2012.06.14 11:00:00.404,1.02645,1.02657,1.50,1.88
2012.06.14 11:00:00.477,1.02643,1.02655,2.25,1.50
2012.06.14 11:00:00.886,1.02644,1.02658,1.50,4.50
2012.06.14 11:00:01.027,1.02643,1.02655,2.25,1.50
2012.06.14 11:00:01.536,1.02642,1.02656,3.60,1.88
2012.06.14 11:00:01.664,1.02644,1.02658,1.50,2.63
2012.06.14 11:00:02.067,1.02643,1.02656,2.25,1.50
2012.06.14 11:00:03.344,1.02648,1.02656,3.37,1.50
2012.06.14 11:00:03.421,1.02648,1.02659,3.37,1.50
2012.06.14 11:00:03.498,1.0265,1.02659,1.65,1.50
2012.06.14 11:00:04.180,1.02652,1.02665,2.21,1.50
2012.06.14 11:00:04.444,1.02652,1.02665,2.21,1.50
2012.06.14 11:00:05.084,1.0265,1.02664,3.15,1.50
2012.06.14 11:00:08.533,1.0265,1.02664,4.27,1.88
2012.06.14 11:00:08.944,1.0265,1.02664,3.71,1.88
2012.06.14 11:00:09.016,1.0265,1.02659,3.00,1.13
2012.06.14 11:00:09.277,1.0265,1.02656,1.50,1.50
2012.06.14 11:00:09.555,1.02644,1.02654,1.50,1.50
2012.06.14 11:00:09.695,1.02645,1.02656,1.50,1.50
2012.06.14 11:00:10.234,1.02643,1.02657,3.00,1.88
2012.06.14 11:00:12.130,1.02642,1.02654,3.75,1.50
2012.06.14 11:00:12.573,1.02644,1.02656,1.50,1.50
2012.06.14 11:00:13.526,1.02642,1.02655,1.50,1.50
2012.06.14 11:00:14.324,1.02643,1.02655,1.50,1.50
2012.06.14 11:00:14.399,1.02645,1.02659,1.50,4.50
2012.06.14 11:00:15.425,1.02645,1.02659,3.00,2.63
2012.06.14 11:00:15.964,1.02646,1.02659,1.46,1.88
2012.06.14 11:00:16.518,1.02647,1.0266,1.50,1.13
2012.06.14 11:00:17.037,1.02649,1.0266,2.25,1.13
2012.06.14 11:00:17.388,1.02652,1.02664,2.21,2.25
2012.06.14 11:00:18.855,1.02652,1.02664,2.21,2.25
2012.06.14 11:00:19.064,1.02652,1.02664,2.21,1.88
2012.06.14 11:00:19.606,1.02653,1.02667,1.50,3.38
2012.06.14 11:00:20.409,1.02651,1.02665,2.21,1.88
2012.06.14 11:00:23.064,1.02651,1.02665,2.96,1.88
2012.06.14 11:00:23.585,1.02651,1.02665,2.21,1.88
2012.06.14 11:00:24.215,1.02651,1.02665,2.21,1.88
2012.06.14 11:00:24.797,1.02651,1.02665,2.21,1.88
2012.06.14 11:00:24.939,1.02651,1.02665,2.21,1.88
2012.06.14 11:00:25.274,1.02651,1.02665,2.21,2.65
2012.06.14 11:00:25.739,1.0265,1.02659,2.21,1.50
2012.06.14 11:00:25.819,1.02647,1.02659,1.87,2.63
2012.06.14 11:00:26.210,1.02646,1.02657,1.46,1.88
2012.06.14 11:00:26.565,1.02643,1.02657,3.00,7.13
2012.06.14 11:00:26.703,1.02643,1.02657,1.50,7.50
2012.06.14 11:00:27.225,1.02642,1.02655,1.46,1.88
2012.06.14 11:00:27.625,1.02643,1.02657,1.50,3.00
2012.06.14 11:00:28.131,1.02643,1.02656,2.25,1.13
2012.06.14 11:00:30.748,1.02643,1.02657,2.25,1.88
2012.06.14 11:00:31.781,1.02643,1.02657,3.00,1.88
2012.06.14 11:00:31.987,1.02649,1.02659,1.50,1.13
2012.06.14 11:00:32.057,1.02649,1.02659,1.50,1.13
2012.06.14 11:00:32.128,1.02651,1.02659,1.50,1.13
2012.06.14 11:00:32.515,1.02648,1.02659,1.50,1.88
2012.06.14 11:00:32.985,1.02646,1.02658,1.50,2.25
2012.06.14 11:00:33.533,1.02646,1.02658,1.50,2.25
2012.06.14 11:00:36.134,1.02648,1.02658,1.50,1.13
2012.06.14 11:00:36.636,1.02646,1.02658,3.00,2.63
2012.06.14 11:00:37.375,1.02644,1.02657,1.50,1.88
2012.06.14 11:00:37.575,1.02643,1.02657,2.25,2.48
2012.06.14 11:00:37.774,1.02643,1.02657,2.25,1.88
2012.06.14 11:00:38.336,1.02644,1.02656,1.50,1.50
2012.06.14 11:00:38.667,1.02644,1.02656,1.50,2.25
2012.06.14 11:00:39.295,1.02644,1.02656,1.50,2.25
2012.06.14 11:00:39.845,1.02644,1.02656,1.50,2.25
2012.06.14 11:00:40.384,1.02644,1.02656,1.50,1.88
2012.06.14 11:00:42.553,1.02644,1.02656,1.50,1.88
2012.06.14 11:00:43.054,1.02642,1.02655,2.21,1.88
2012.06.14 11:00:43.386,1.02643,1.02657,1.50,2.25
2012.06.14 11:00:43.457,1.02643,1.02657,1.50,2.63
2012.06.14 11:00:44.508,1.02643,1.02657,1.50,3.38
2012.06.14 11:00:46.284,1.02643,1.02657,1.50,3.00
2012.06.14 11:00:51.103,1.02643,1.02657,1.50,3.00
2012.06.14 11:00:51.294,1.02643,1.02657,1.50,3.00
2012.06.14 11:00:51.812,1.02643,1.02657,1.50,3.00
2012.06.14 11:00:53.742,1.02643,1.02657,1.50,2.63
2012.06.14 11:00:54.273,1.02643,1.02657,1.50,2.63
2012.06.14 11:00:56.364,1.02643,1.02657,1.50,1.88
2012.06.14 11:00:56.930,1.02643,1.02657,2.25,1.88
2012.06.14 11:00:57.009,1.02645,1.02658,1.50,2.25
2012.06.14 11:00:57.153,1.02645,1.02658,1.50,1.50
2012.06.14 11:00:58.134,1.02645,1.02658,1.50,1.13
2012.06.14 11:00:58.497,1.02642,1.02654,5.96,1.50
2012.06.14 11:00:58.633,1.02642,1.02654,2.96,1.88
2012.06.14 11:00:59.185,1.02644,1.02656,1.50,3.75
2012.06.14 11:01:00.015,1.02644,1.02656,1.50,2.25
2012.06.14 11:01:00.213,1.02644,1.02656,1.50,1.88
2012.06.14 11:01:00.343,1.02644,1.02656,1.50,2.25
2012.06.14 11:01:04.714,1.02645,1.02657,1.50,1.50
2012.06.14 11:01:05.105,1.02643,1.02657,1.50,2.63
2012.06.14 11:01:05.696,1.02643,1.02657,1.88,2.63
2012.06.14 11:01:08.416,1.02643,1.02657,1.88,2.63
2012.06.14 11:01:08.969,1.02643,1.02657,1.88,2.63
2012.06.14 11:01:10.343,1.02643,1.02657,1.88,2.63
2012.06.14 11:01:10.816,1.02642,1.02655,3.71,1.88
2012.06.14 11:01:12.275,1.02644,1.02656,1.50,2.25
2012.06.14 11:01:12.798,1.02644,1.02656,1.50,2.25
2012.06.14 11:01:14.274,1.02644,1.02656,1.50,1.88
2012.06.14 11:01:15.484,1.02644,1.02656,1.50,1.88
2012.06.14 11:01:18.174,1.02644,1.02656,1.50,1.88
2012.06.14 11:01:19.239,1.02644,1.02656,1.50,1.88
2012.06.14 11:01:19.742,1.02644,1.02656,1.50,1.88
2012.06.14 11:01:20.002,1.02644,1.02656,1.50,1.88
2012.06.14 11:01:21.802,1.02644,1.02656,1.50,1.88
2012.06.14 11:01:22.314,1.02644,1.02656,1.50,1.88
2012.06.14 11:01:22.873,1.02644,1.02656,1.50,2.25
2012.06.14 11:01:23.003,1.02644,1.02656,1.50,1.88
2012.06.14 11:01:23.713,1.02644,1.02656,1.50,2.25
2012.06.14 11:01:24.230,1.02644,1.02656,1.50,1.88
2012.06.14 11:01:24.781,1.02644,1.02656,1.50,1.88
2012.06.14 11:01:25.306,1.02644,1.02656,1.50,1.88
2012.06.14 11:01:30.074,1.02642,1.02654,2.63,1.88
2012.06.14 11:01:30.438,1.02642,1.02653,2.25,1.88
2012.06.14 11:01:30.520,1.0264,1.02647,1.69,1.50
2012.06.14 11:01:30.601,1.02638,1.02645,1.69,1.50
2012.06.14 11:01:30.681,1.02636,1.02645,1.13,1.50
2012.06.14 11:01:31.105,1.02635,1.02647,1.88,1.50
2012.06.14 11:01:31.684,1.02635,1.02647,1.50,1.88
2012.06.14 11:01:35.117,1.02635,1.02646,1.50,1.50
2012.06.14 11:01:35.191,1.02633,1.02644,3.00,1.50
2012.06.14 11:01:35.478,1.02634,1.02646,2.25,3.75
2012.06.14 11:01:36.005,1.02634,1.02646,1.50,1.88
2012.06.14 11:01:36.855,1.02634,1.02645,1.50,1.50
2012.06.14 11:01:36.930,1.02632,1.02644,2.63,2.25
2012.06.14 11:01:37.015,1.02632,1.02639,1.88,1.13
2012.06.14 11:01:37.090,1.02632,1.02639,1.50,1.50
2012.06.14 11:01:37.172,1.02626,1.02639,1.46,3.00
2012.06.14 11:01:37.657,1.02628,1.02639,1.50,1.50
2012.06.14 11:01:40.707,1.02628,1.02638,1.50,3.00
2012.06.14 11:01:40.780,1.02624,1.02637,1.50,2.25
2012.06.14 11:01:40.998,1.02623,1.02635,2.25,2.25
2012.06.14 11:01:41.194,1.02621,1.02635,2.21,2.25
2012.06.14 11:01:41.762,1.02623,1.02636,1.50,2.25
2012.06.14 11:01:42.317,1.02623,1.02636,1.50,1.50
2012.06.14 11:01:42.824,1.02623,1.02636,1.50,1.50
2012.06.14 11:01:44.393,1.02623,1.02636,1.50,1.50
2012.06.14 11:01:44.757,1.02626,1.02637,1.50,2.25
2012.06.14 11:01:45.273,1.02624,1.02636,1.50,2.25
2012.06.14 11:01:46.215,1.02622,1.02634,3.33,1.50
2012.06.14 11:01:46.560,1.02626,1.02637,2.58,2.25
2012.06.14 11:01:46.917,1.0263,1.02639,1.50,1.50
2012.06.14 11:01:47.264,1.02631,1.02639,1.50,1.50
2012.06.14 11:01:47.335,1.02631,1.02642,1.50,2.25
2012.06.14 11:01:52.846,1.02632,1.02644,2.25,3.75
2012.06.14 11:01:53.908,1.02631,1.02642,1.50,1.50
2012.06.14 11:01:55.822,1.02631,1.02642,1.50,1.50
2012.06.14 11:01:56.953,1.02631,1.02642,1.50,1.50
2012.06.14 11:01:59.050,1.0263,1.02641,1.50,1.50
2012.06.14 11:01:59.336,1.02628,1.02641,1.50,1.50
2012.06.14 11:01:59.885,1.0263,1.02642,1.50,1.50
2012.06.14 11:02:00.386,1.02631,1.02644,1.50,2.25
2012.06.14 11:02:01.148,1.0263,1.02642,1.88,1.50
2012.06.14 11:02:01.635,1.02632,1.02644,1.50,3.75
2012.06.14 11:02:04.889,1.02632,1.02643,1.50,3.34
2012.06.14 11:02:05.248,1.02629,1.02637,2.25,3.38
2012.06.14 11:02:05.798,1.02627,1.02636,3.00,1.50
2012.06.14 11:02:05.940,1.02623,1.02635,1.50,3.00
2012.06.14 11:02:06.390,1.02623,1.02635,1.50,3.00
2012.06.14 11:02:08.524,1.02624,1.02635,2.25,2.25
2012.06.14 11:02:08.876,1.0263,1.02637,1.50,1.50
2012.06.14 11:02:09.220,1.02625,1.02636,3.75,4.24
2012.06.14 11:02:09.296,1.02625,1.02636,2.25,3.15
2012.06.14 11:02:09.365,1.02625,1.02636,1.50,3.15
2012.06.14 11:02:09.898,1.02622,1.02636,3.00,2.63
2012.06.14 11:02:10.165,1.02622,1.02636,2.25,2.63
2012.06.14 11:02:11.868,1.02622,1.02636,1.88,3.00
2012.06.14 11:02:12.169,1.02622,1.02635,1.88,1.50
2012.06.14 11:02:12.670,1.02619,1.02631,1.50,2.10
2012.06.14 11:02:13.027,1.02618,1.02627,1.50,1.13
2012.06.14 11:02:13.308,1.02615,1.02627,1.50,4.88
2012.06.14 11:02:13.437,1.02615,1.02627,1.50,4.88
2012.06.14 11:02:13.776,1.02612,1.02626,1.50,2.25
2012.06.14 11:02:15.713,1.02612,1.02626,1.88,2.25
2012.06.14 11:02:16.138,1.02614,1.02627,1.50,1.50
2012.06.14 11:02:16.687,1.02614,1.02627,1.50,1.50
2012.06.14 11:02:17.203,1.02614,1.02627,1.50,1.50
2012.06.14 11:02:18.764,1.02614,1.02627,1.50,2.10
2012.06.14 11:02:19.301,1.02613,1.02625,1.50,2.10
2012.06.14 11:02:19.845,1.02613,1.02625,1.50,2.10
2012.06.14 11:02:20.427,1.02613,1.02625,1.50,2.10
2012.06.14 11:02:21.476,1.02613,1.02625,1.50,2.10
2012.06.14 11:02:22.725,1.02613,1.02625,1.50,1.50
2012.06.14 11:02:28.272,1.02615,1.02627,1.50,3.75
2012.06.14 11:02:32.497,1.02613,1.02625,3.00,2.25
2012.06.14 11:02:33.048,1.02613,1.02624,1.50,1.50
2012.06.14 11:02:34.524,1.02613,1.02624,1.50,1.50
2012.06.14 11:02:35.036,1.02613,1.02625,1.50,3.00
2012.06.14 11:02:39.055,1.02613,1.02624,1.50,1.50
2012.06.14 11:02:39.885,1.02613,1.02625,1.50,3.00
2012.06.14 11:02:44.185,1.02613,1.02624,1.50,1.50
2012.06.14 11:02:44.718,1.02612,1.02623,1.08,2.25
2012.06.14 11:02:45.299,1.02613,1.02624,1.50,1.50
2012.06.14 11:02:47.195,1.02613,1.02624,1.50,1.50
2012.06.14 11:02:49.488,1.02613,1.02624,1.50,1.88
2012.06.14 11:02:49.568,1.02611,1.02621,2.21,1.13
2012.06.14 11:02:49.916,1.02609,1.02613,1.50,1.50
2012.06.14 11:02:50.047,1.02602,1.02613,1.50,1.50
2012.06.14 11:02:50.675,1.02601,1.02613,4.50,2.25
2012.06.14 11:02:51.205,1.02602,1.02613,1.08,1.50
2012.06.14 11:02:51.864,1.02603,1.02615,1.50,1.50
2012.06.14 11:02:53.490,1.02605,1.02616,1.50,1.50
2012.06.14 11:02:53.568,1.02603,1.02615,1.50,1.50
2012.06.14 11:02:56.784,1.02605,1.02616,1.50,2.25
2012.06.14 11:02:57.289,1.02602,1.02616,2.21,3.75
2012.06.14 11:03:00.587,1.02604,1.02616,1.50,1.50
2012.06.14 11:03:02.562,1.02602,1.02616,3.71,3.00
2012.06.14 11:03:03.026,1.02601,1.02614,4.46,1.50
2012.06.14 11:03:03.544,1.02602,1.02616,2.21,3.38
2012.06.14 11:03:04.065,1.02602,1.02616,2.21,3.38
2012.06.14 11:03:04.695,1.02602,1.02616,2.21,3.38
2012.06.14 11:03:05.012,1.02605,1.02615,1.50,1.50
2012.06.14 11:03:05.886,1.02602,1.02615,2.21,1.50
2012.06.14 11:03:06.963,1.02602,1.02615,2.21,1.50
2012.06.14 11:03:07.492,1.02602,1.02615,2.21,1.50
2012.06.14 11:03:08.233,1.02602,1.02615,2.21,1.50
2012.06.14 11:03:09.709,1.02604,1.02617,1.50,3.00
2012.06.14 11:03:10.425,1.02603,1.02615,2.25,1.50
2012.06.14 11:03:10.955,1.02604,1.02617,1.50,1.50
2012.06.14 11:03:11.296,1.02607,1.02617,1.50,1.50
2012.06.14 11:03:11.857,1.02607,1.02619,2.21,1.88
2012.06.14 11:03:11.998,1.02609,1.02621,1.50,2.25
2012.06.14 11:03:15.935,1.02607,1.0262,1.46,1.50
2012.06.14 11:03:16.573,1.02608,1.0262,1.50,1.50
2012.06.14 11:03:16.904,1.02611,1.02622,1.50,2.25
2012.06.14 11:03:17.427,1.02609,1.02621,1.50,1.50
2012.06.14 11:03:17.557,1.02611,1.02623,2.21,3.75
2012.06.14 11:03:18.085,1.02609,1.02621,3.00,1.50
2012.06.14 11:03:18.215,1.0261,1.02621,2.21,1.50
2012.06.14 11:03:18.743,1.02611,1.02623,1.46,2.25
2012.06.14 11:03:19.273,1.02611,1.02623,1.46,1.50
2012.06.14 11:03:19.813,1.02611,1.02623,1.46,2.63
2012.06.14 11:03:20.026,1.0261,1.02623,3.71,2.25
2012.06.14 11:03:21.024,1.02611,1.02623,1.46,3.38
2012.06.14 11:03:21.852,1.02611,1.02622,1.46,1.13
2012.06.14 11:03:22.362,1.02611,1.02623,1.46,2.63
2012.06.14 11:03:23.144,1.0261,1.02623,4.46,2.63
2012.06.14 11:03:23.743,1.02611,1.02623,1.46,3.00
2012.06.14 11:03:24.235,1.0261,1.02623,3.71,1.88
2012.06.14 11:03:24.764,1.02611,1.02623,1.46,1.88
2012.06.14 11:03:27.203,1.02612,1.02623,1.50,1.88
2012.06.14 11:03:27.272,1.02611,1.02623,2.21,1.88
2012.06.14 11:03:28.116,1.02611,1.02623,1.46,1.88
2012.06.14 11:03:28.186,1.02611,1.02623,2.21,1.88
2012.06.14 11:03:28.563,1.02611,1.02623,2.21,1.88
2012.06.14 11:03:29.117,1.02612,1.02624,3.00,2.25
2012.06.14 11:03:29.623,1.02612,1.02625,3.38,1.88
2012.06.14 11:03:29.976,1.02612,1.02625,3.38,1.88
2012.06.14 11:03:30.255,1.02612,1.02624,1.88,3.00
2012.06.14 11:03:31.170,1.02612,1.02624,1.13,3.00
2012.06.14 11:03:31.735,1.02612,1.02623,1.13,1.50
2012.06.14 11:03:32.176,1.02611,1.02623,3.71,1.50
2012.06.14 11:03:32.313,1.02611,1.02623,3.71,1.50
2012.06.14 11:03:32.723,1.02612,1.02623,1.50,2.25
2012.06.14 11:03:33.257,1.02612,1.02623,2.25,1.50
2012.06.14 11:03:35.102,1.02612,1.02624,1.50,2.25
2012.06.14 11:03:35.459,1.02611,1.0262,2.96,1.88
2012.06.14 11:03:35.888,1.02611,1.02618,1.50,3.75
2012.06.14 11:03:35.958,1.02606,1.02618,2.25,5.25
2012.06.14 11:03:36.024,1.02606,1.02618,1.50,7.50
2012.06.14 11:03:36.095,1.02602,1.02616,2.96,1.50
2012.06.14 11:03:36.646,1.02602,1.02616,2.96,3.00
2012.06.14 11:03:37.156,1.02605,1.02616,2.25,1.50
2012.06.14 11:03:37.504,1.02613,1.02619,1.50,3.19
2012.06.14 11:03:37.652,1.02609,1.02621,3.75,3.19
2012.06.14 11:03:37.727,1.0261,1.02621,1.46,2.63
2012.06.14 11:03:38.147,1.02612,1.02622,2.96,1.50
2012.06.14 11:03:38.430,1.02611,1.02621,1.46,1.50
2012.06.14 11:03:38.579,1.02612,1.02622,2.96,2.25
2012.06.14 11:03:39.065,1.02612,1.02622,2.96,2.25
2012.06.14 11:03:39.586,1.02612,1.02622,1.46,3.00
2012.06.14 11:03:40.555,1.02612,1.02623,2.96,2.25
2012.06.14 11:03:42.034,1.02612,1.02622,2.96,1.50
2012.06.14 11:03:42.745,1.02612,1.02623,3.71,2.63
2012.06.14 11:03:42.813,1.02612,1.02623,3.71,2.63
2012.06.14 11:03:43.505,1.02612,1.02623,2.21,3.00
2012.06.14 11:03:44.077,1.02612,1.02622,2.96,1.88
2012.06.14 11:03:45.858,1.02609,1.02621,1.69,1.13
2012.06.14 11:03:46.012,1.02609,1.0262,1.65,1.13
2012.06.14 11:03:46.159,1.0261,1.02621,3.71,3.38
2012.06.14 11:03:46.238,1.0261,1.02619,2.96,1.50
2012.06.14 11:03:46.377,1.02608,1.02618,1.69,2.25
2012.06.14 11:03:46.590,1.02606,1.02618,1.50,3.75
2012.06.14 11:03:46.737,1.02604,1.02616,1.50,1.50
2012.06.14 11:03:47.534,1.02602,1.02614,2.96,1.50
2012.06.14 11:03:48.024,1.02603,1.02617,2.63,1.50
2012.06.14 11:03:48.098,1.02607,1.02619,1.50,1.50
2012.06.14 11:03:48.449,1.02612,1.02623,2.21,3.38
2012.06.14 11:03:48.995,1.02612,1.02623,2.96,1.50
2012.06.14 11:03:49.880,1.02612,1.02623,2.96,1.50
2012.06.14 11:03:50.464,1.02612,1.02622,1.46,1.50
2012.06.14 11:03:51.021,1.02612,1.02623,1.46,2.63
2012.06.14 11:03:51.755,1.02612,1.02623,2.21,2.63
2012.06.14 11:03:51.968,1.02612,1.02622,1.46,1.88
2012.06.14 11:03:54.166,1.02609,1.02621,4.46,2.25
2012.06.14 11:03:54.293,1.02608,1.02621,3.38,2.63
2012.06.14 11:03:54.363,1.02608,1.02619,3.38,1.50
2012.06.14 11:03:54.495,1.02608,1.02621,4.13,3.00
2012.06.14 11:03:55.023,1.02609,1.02623,2.25,5.63
2012.06.14 11:03:55.533,1.0261,1.02622,2.25,3.00
2012.06.14 11:03:56.084,1.02608,1.0262,3.00,1.50
2012.06.14 11:03:56.354,1.02609,1.02623,2.25,5.25
2012.06.14 11:03:56.684,1.02611,1.02623,1.46,3.00
2012.06.14 11:03:58.056,1.02611,1.02623,3.33,1.50
2012.06.14 11:03:58.600,1.02611,1.02624,4.08,2.25
2012.06.14 11:03:59.267,1.02611,1.02624,3.33,1.50
2012.06.14 11:04:01.689,1.02611,1.02623,4.08,1.50
2012.06.14 11:04:02.227,1.02611,1.02623,4.08,2.25
2012.06.14 11:04:02.734,1.02611,1.02623,2.58,3.00
2012.06.14 11:04:03.553,1.02611,1.02623,2.21,3.75
2012.06.14 11:04:05.716,1.02612,1.02623,3.00,1.50
2012.06.14 11:04:08.588,1.02611,1.02624,4.08,1.50
2012.06.14 11:04:08.845,1.02611,1.02624,4.08,1.50
2012.06.14 11:04:09.373,1.02611,1.02624,4.08,1.50
2012.06.14 11:04:10.867,1.02611,1.02624,2.96,1.50
2012.06.14 11:04:13.100,1.02611,1.02623,2.96,2.25
2012.06.14 11:04:13.185,1.02611,1.02623,4.08,1.50
2012.06.14 11:04:13.256,1.02611,1.02622,2.58,1.50
2012.06.14 11:04:13.794,1.02611,1.02623,4.08,2.25
2012.06.14 11:04:14.145,1.02616,1.02626,2.25,1.50
2012.06.14 11:04:14.285,1.02613,1.02624,3.19,2.25
2012.06.14 11:04:15.205,1.02612,1.02623,2.06,1.50
2012.06.14 11:04:15.749,1.02612,1.02624,2.06,2.25
2012.06.14 11:04:16.287,1.02612,1.02623,2.06,1.50
2012.06.14 11:04:18.385,1.02612,1.02624,1.31,2.25
2012.06.14 11:04:18.892,1.02612,1.02625,1.31,3.00
2012.06.14 11:04:23.927,1.02613,1.02625,3.33,2.25
2012.06.14 11:04:24.218,1.02614,1.02626,6.00,2.63
2012.06.14 11:04:24.944,1.02612,1.02624,2.81,3.75
2012.06.14 11:04:25.457,1.02612,1.02623,2.81,1.50
2012.06.14 11:04:26.289,1.0261,1.02621,3.75,1.13
2012.06.14 11:04:27.002,1.0261,1.02622,1.46,2.25
2012.06.14 11:04:28.039,1.02611,1.02623,2.21,3.00
2012.06.14 11:04:28.597,1.02613,1.02625,1.50,2.25
2012.06.14 11:04:29.136,1.02613,1.02625,1.50,3.00
2012.06.14 11:04:29.665,1.02613,1.02625,1.50,2.25
2012.06.14 11:04:30.756,1.02611,1.02623,3.33,1.50
2012.06.14 11:04:31.283,1.02612,1.02626,1.88,3.75
2012.06.14 11:04:31.564,1.02611,1.02623,2.58,1.50
2012.06.14 11:04:33.251,1.02611,1.02623,2.21,1.50
2012.06.14 11:04:33.683,1.02613,1.02625,1.50,1.50
2012.06.14 11:04:34.714,1.02613,1.02625,1.50,1.50
2012.06.14 11:04:35.216,1.02615,1.02626,1.50,2.25
2012.06.14 11:04:35.757,1.02614,1.02626,1.50,3.00
2012.06.14 11:04:36.113,1.02612,1.02624,1.88,1.50
2012.06.14 11:04:37.126,1.02613,1.02626,1.50,1.50
2012.06.14 11:04:39.441,1.02615,1.02627,1.88,4.09
2012.06.14 11:04:39.802,1.02621,1.02631,1.50,1.32
2012.06.14 11:04:40.088,1.02624,1.02637,1.50,2.63
2012.06.14 11:04:40.656,1.02624,1.02637,1.50,3.00
2012.06.14 11:04:41.079,1.02624,1.02637,1.50,3.75
2012.06.14 11:04:41.156,1.02623,1.02635,2.25,1.50
2012.06.14 11:04:41.297,1.02624,1.02637,1.50,2.25
2012.06.14 11:04:41.856,1.02622,1.02636,1.58,2.25
2012.06.14 11:04:42.417,1.02622,1.02636,1.50,3.00
2012.06.14 11:04:42.977,1.02622,1.02636,1.50,3.00
2012.06.14 11:04:43.536,1.02625,1.02637,1.50,3.75
2012.06.14 11:04:44.145,1.02625,1.02637,1.50,3.00
2012.06.14 11:04:44.355,1.02623,1.02636,1.73,1.50
2012.06.14 11:04:44.908,1.02624,1.02638,1.50,2.63
2012.06.14 11:04:45.715,1.02624,1.02638,2.25,1.88
2012.06.14 11:04:46.071,1.02629,1.02639,1.50,3.00
2012.06.14 11:04:46.496,1.02623,1.02634,3.45,1.50
2012.06.14 11:04:46.781,1.02626,1.02638,2.21,3.19
2012.06.14 11:04:46.856,1.02626,1.02638,2.21,3.00
2012.06.14 11:04:46.925,1.02626,1.02636,2.21,1.50
2012.06.14 11:04:47.065,1.02626,1.02639,2.21,2.25
2012.06.14 11:04:47.417,1.02625,1.02637,1.50,1.50
2012.06.14 11:04:48.287,1.02622,1.02636,4.08,2.25
2012.06.14 11:04:48.837,1.02624,1.02637,1.50,2.25
2012.06.14 11:04:49.377,1.02624,1.02637,1.50,1.50
2012.06.14 11:04:49.925,1.02624,1.02637,1.50,2.25
2012.06.14 11:04:49.994,1.02624,1.02638,1.50,4.50
2012.06.14 11:04:50.643,1.02624,1.02638,1.50,3.00
2012.06.14 11:04:52.108,1.02623,1.02635,2.25,1.50
2012.06.14 11:04:53.347,1.02625,1.02636,1.50,1.50
2012.06.14 11:04:53.626,1.02625,1.02637,1.50,1.50
2012.06.14 11:04:53.896,1.02627,1.02638,1.50,3.34
2012.06.14 11:04:54.025,1.02625,1.02637,1.50,1.50
2012.06.14 11:04:54.225,1.02624,1.02635,1.13,1.50
2012.06.14 11:04:55.045,1.02623,1.02635,2.25,1.50
2012.06.14 11:04:57.278,1.02624,1.02637,1.50,1.50
2012.06.14 11:04:58.024,1.02623,1.02635,1.50,1.50
2012.06.14 11:04:58.714,1.02625,1.02637,1.50,3.00
2012.06.14 11:04:58.988,1.02622,1.02636,3.33,2.25
2012.06.14 11:05:02.556,1.02624,1.02638,1.50,5.25
2012.06.14 11:05:03.094,1.02624,1.02637,1.50,1.50
2012.06.14 11:05:04.206,1.02624,1.02637,1.50,1.50
2012.06.14 11:05:05.165,1.02624,1.02637,1.50,1.50
2012.06.14 11:05:06.515,1.02624,1.02638,1.50,4.50
2012.06.14 11:05:06.848,1.02626,1.02638,2.78,3.75
2012.06.14 11:05:06.997,1.02626,1.02638,3.00,2.25
2012.06.14 11:05:07.067,1.02628,1.02638,1.13,1.50
2012.06.14 11:05:07.419,1.02632,1.02638,4.46,1.50
2012.06.14 11:05:07.988,1.02633,1.02639,1.50,1.50
2012.06.14 11:05:08.060,1.02633,1.02641,2.25,1.50
2012.06.14 11:05:08.419,1.02634,1.02648,1.50,3.38
2012.06.14 11:05:09.253,1.02635,1.02647,1.50,2.85
2012.06.14 11:05:10.276,1.02636,1.02647,1.46,1.50
2012.06.14 11:05:10.546,1.02637,1.02649,3.00,1.50
2012.06.14 11:05:10.615,1.02639,1.0265,1.50,2.25
2012.06.14 11:05:11.735,1.02639,1.0265,1.50,2.25
2012.06.14 11:05:11.806,1.02636,1.0265,2.63,3.94
2012.06.14 11:05:12.346,1.02635,1.02647,3.75,1.50
2012.06.14 11:05:12.675,1.02635,1.02647,1.50,1.50
2012.06.14 11:05:13.626,1.02632,1.02646,5.96,1.50
2012.06.14 11:05:14.336,1.02634,1.02648,1.50,3.00
2012.06.14 11:05:14.784,1.02632,1.02646,4.08,1.50
2012.06.14 11:05:15.102,1.02634,1.02648,1.50,2.25
2012.06.14 11:05:15.622,1.02633,1.02645,3.38,1.50
2012.06.14 11:05:16.407,1.02635,1.02647,1.50,1.50
2012.06.14 11:05:19.877,1.02637,1.02648,1.50,1.50
2012.06.14 11:05:20.267,1.02638,1.02648,2.25,1.50
2012.06.14 11:05:20.548,1.02639,1.0265,1.50,1.50
2012.06.14 11:05:21.088,1.0264,1.02652,2.25,2.25
2012.06.14 11:05:21.646,1.0264,1.02652,1.50,2.25
2012.06.14 11:05:22.254,1.0264,1.02652,1.50,2.25
2012.06.14 11:05:22.782,1.0264,1.02652,1.50,1.50
2012.06.14 11:05:25.847,1.02641,1.02652,1.50,1.50
2012.06.14 11:05:26.200,1.02652,1.0266,2.25,2.48
2012.06.14 11:05:26.282,1.02651,1.02661,2.25,2.25
2012.06.14 11:05:26.499,1.02651,1.02663,3.00,2.25
2012.06.14 11:05:27.258,1.02651,1.02663,2.25,2.25
2012.06.14 11:05:27.399,1.02649,1.02661,4.13,1.50
2012.06.14 11:05:27.855,1.02646,1.02658,6.60,1.50
2012.06.14 11:05:28.388,1.02646,1.02657,1.50,2.25
2012.06.14 11:05:28.541,1.02644,1.02655,1.50,2.25
2012.06.14 11:05:29.058,1.02643,1.02655,1.50,2.25
2012.06.14 11:05:29.617,1.02643,1.02655,1.88,1.50
2012.06.14 11:05:30.175,1.02643,1.02655,1.50,2.25
2012.06.14 11:05:33.919,1.02645,1.02656,1.50,1.50
2012.06.14 11:05:34.676,1.02643,1.02655,1.50,3.00
2012.06.14 11:05:36.349,1.02644,1.02657,1.50,2.25
2012.06.14 11:05:36.422,1.02644,1.02658,1.50,4.50
2012.06.14 11:05:36.555,1.02642,1.02656,2.96,1.50
2012.06.14 11:05:37.200,1.02642,1.02656,6.71,1.50
2012.06.14 11:05:37.766,1.02644,1.02658,1.50,3.00
2012.06.14 11:05:38.317,1.02644,1.02658,2.25,2.25
2012.06.14 11:05:38.829,1.02644,1.02658,2.25,2.25
2012.06.14 11:05:39.791,1.02644,1.02658,1.50,3.60
2012.06.14 11:05:39.872,1.02643,1.02655,3.00,2.25
2012.06.14 11:05:40.296,1.02645,1.02657,1.50,3.00
2012.06.14 11:05:40.834,1.02645,1.02657,1.50,1.50
2012.06.14 11:05:41.198,1.02646,1.02657,1.13,1.50
2012.06.14 11:05:41.549,1.02649,1.02657,1.50,1.50
2012.06.14 11:05:41.841,1.0265,1.02663,3.53,1.50
2012.06.14 11:05:42.669,1.02655,1.02667,1.50,3.23
2012.06.14 11:05:42.750,1.02655,1.02667,2.25,2.25
2012.06.14 11:05:42.832,1.02655,1.02667,2.25,2.25
2012.06.14 11:05:43.370,1.02654,1.02666,2.03,1.50
2012.06.14 11:05:43.907,1.02655,1.02667,2.25,2.25
2012.06.14 11:05:44.523,1.02655,1.02667,1.50,1.50
2012.06.14 11:05:45.380,1.02653,1.02665,3.75,2.25
2012.06.14 11:05:45.737,1.02651,1.02659,1.50,1.50
2012.06.14 11:05:45.812,1.02646,1.02659,2.25,5.25
2012.06.14 11:05:45.892,1.02646,1.02657,1.50,2.25
2012.06.14 11:05:46.106,1.02643,1.02657,3.38,2.25
2012.06.14 11:05:46.246,1.02643,1.02657,2.63,2.25
2012.06.14 11:05:46.800,1.02643,1.02657,1.50,3.00
2012.06.14 11:05:47.379,1.02643,1.02657,1.50,3.00
2012.06.14 11:05:48.687,1.02643,1.02656,1.50,1.50
2012.06.14 11:05:50.073,1.02643,1.02656,1.50,1.50
2012.06.14 11:05:51.254,1.02642,1.02654,3.75,1.50
2012.06.14 11:05:51.627,1.02644,1.02656,1.50,3.00
2012.06.14 11:05:53.301,1.02644,1.02656,1.50,3.00
2012.06.14 11:05:54.106,1.02642,1.02655,1.50,2.25
2012.06.14 11:05:54.636,1.02643,1.02656,1.50,1.50
2012.06.14 11:05:57.737,1.02642,1.02654,3.00,1.50
2012.06.14 11:05:58.336,1.02643,1.02656,1.50,1.50
2012.06.14 11:05:59.419,1.02642,1.02655,1.50,2.25
2012.06.14 11:05:59.710,1.02641,1.02651,1.13,1.50
2012.06.14 11:05:59.862,1.02637,1.02651,5.81,2.25
2012.06.14 11:05:59.940,1.02637,1.02651,2.96,2.85
2012.06.14 11:06:00.157,1.02637,1.02648,1.50,1.50
2012.06.14 11:06:00.507,1.02635,1.02646,2.25,1.50
2012.06.14 11:06:00.649,1.02632,1.02646,5.96,1.50
2012.06.14 11:06:01.156,1.02632,1.02646,5.21,1.50
2012.06.14 11:06:01.713,1.02632,1.02646,4.46,1.50
2012.06.14 11:06:02.289,1.02634,1.02648,1.50,3.38
2012.06.14 11:06:06.395,1.02634,1.02648,1.50,4.13
2012.06.14 11:06:06.595,1.02633,1.02645,2.25,1.50
2012.06.14 11:06:07.758,1.02635,1.02647,1.50,2.25
2012.06.14 11:06:09.026,1.02633,1.02645,3.00,1.50
2012.06.14 11:06:09.814,1.02634,1.02648,1.50,3.75
2012.06.14 11:06:10.324,1.02635,1.02647,1.50,1.50
2012.06.14 11:06:13.815,1.02633,1.02645,1.50,1.50
2012.06.14 11:06:14.875,1.02635,1.02647,1.50,3.00
2012.06.14 11:06:18.266,1.02635,1.02647,2.25,1.50
2012.06.14 11:06:18.407,1.02636,1.02649,2.21,1.50
2012.06.14 11:06:18.477,1.02636,1.02649,4.46,1.50
2012.06.14 11:06:18.962,1.02641,1.02649,2.21,1.50
2012.06.14 11:06:19.317,1.02643,1.02651,1.50,1.09
2012.06.14 11:06:19.390,1.02643,1.02656,1.50,1.50
2012.06.14 11:06:19.806,1.02641,1.02655,5.21,1.50
2012.06.14 11:06:20.126,1.02643,1.02657,1.50,3.00
2012.06.14 11:06:20.458,1.02642,1.02654,1.50,1.50
2012.06.14 11:06:21.016,1.02642,1.02654,1.50,3.38
2012.06.14 11:06:21.367,1.0264,1.02653,1.50,1.13
2012.06.14 11:06:21.508,1.02637,1.02651,4.46,1.50
2012.06.14 11:06:22.014,1.02637,1.02651,4.46,1.50
2012.06.14 11:06:22.592,1.02645,1.02652,2.96,1.50
2012.06.14 11:06:22.674,1.02646,1.02656,2.21,2.63
2012.06.14 11:06:29.455,1.02646,1.02657,2.21,1.50
2012.06.14 11:06:30.014,1.02646,1.02657,2.21,1.50
2012.06.14 11:06:34.512,1.02643,1.02656,2.07,1.50
2012.06.14 11:06:34.589,1.02643,1.02656,2.29,1.50
2012.06.14 11:06:34.669,1.02643,1.02656,3.75,1.50
2012.06.14 11:06:37.056,1.02645,1.02657,2.25,3.00
2012.06.14 11:06:37.195,1.02643,1.02657,1.50,3.00
2012.06.14 11:06:39.877,1.02643,1.02652,1.50,2.10
2012.06.14 11:06:40.086,1.02636,1.02648,2.25,1.50
2012.06.14 11:06:40.296,1.02636,1.02646,2.25,1.50
2012.06.14 11:06:40.559,1.02633,1.02646,2.25,1.50
2012.06.14 11:06:41.137,1.02633,1.02646,1.50,1.50
2012.06.14 11:06:41.676,1.02635,1.02647,1.50,3.00
2012.06.14 11:06:42.256,1.02633,1.02646,1.50,1.50
2012.06.14 11:06:42.988,1.02632,1.02646,3.00,1.50
2012.06.14 11:06:43.595,1.02632,1.02646,5.25,1.50
2012.06.14 11:06:44.156,1.02634,1.02646,1.08,1.50
2012.06.14 11:06:44.230,1.02635,1.02648,2.96,1.50
2012.06.14 11:06:44.795,1.02637,1.02651,2.21,3.75
2012.06.14 11:06:44.934,1.02642,1.02651,1.50,1.50
2012.06.14 11:06:45.067,1.02642,1.02652,1.50,1.50
2012.06.14 11:06:45.455,1.02639,1.02652,3.00,1.50
2012.06.14 11:06:45.763,1.02639,1.02653,3.00,3.00
2012.06.14 11:06:46.814,1.02639,1.02653,3.00,2.25
2012.06.14 11:06:47.695,1.02639,1.02653,3.00,2.25
2012.06.14 11:06:48.012,1.02639,1.02653,3.00,2.25
2012.06.14 11:06:48.216,1.02639,1.02653,3.75,2.25
2012.06.14 11:06:48.356,1.02642,1.02654,1.50,4.13
2012.06.14 11:06:53.737,1.02641,1.02652,2.25,1.50
2012.06.14 11:06:54.276,1.02638,1.02651,1.50,1.50
2012.06.14 11:06:54.627,1.02637,1.02649,3.71,1.50
2012.06.14 11:06:54.838,1.02637,1.02649,1.46,1.50
2012.06.14 11:06:55.397,1.02637,1.02651,2.21,3.00
2012.06.14 11:06:55.917,1.02637,1.02651,2.21,2.25
2012.06.14 11:06:56.626,1.02637,1.02651,2.81,2.25
2012.06.14 11:06:56.695,1.02641,1.02651,1.46,2.25
2012.06.14 11:06:56.906,1.02642,1.02654,2.21,3.00
2012.06.14 11:06:57.257,1.02639,1.02653,3.19,3.00
2012.06.14 11:06:57.330,1.02638,1.0265,4.32,1.50
2012.06.14 11:06:57.410,1.02638,1.0265,3.38,1.50
2012.06.14 11:07:06.664,1.02639,1.02653,1.50,4.50
2012.06.14 11:07:07.193,1.02639,1.02653,1.50,3.75
2012.06.14 11:07:07.581,1.02641,1.02653,1.50,1.50
2012.06.14 11:07:07.937,1.02643,1.02654,1.50,2.25
2012.06.14 11:07:08.465,1.02643,1.02655,1.50,1.13
2012.06.14 11:07:09.209,1.02643,1.02656,1.50,1.13
2012.06.14 11:07:09.874,1.02643,1.02657,2.25,2.25
2012.06.14 11:07:13.124,1.02642,1.02654,3.33,1.50
2012.06.14 11:07:14.244,1.02644,1.02656,1.50,1.50
2012.06.14 11:07:17.596,1.02644,1.02656,1.50,1.88
2012.06.14 11:07:17.948,1.02641,1.02649,1.50,3.75
2012.06.14 11:07:18.660,1.02637,1.02644,1.92,1.50
2012.06.14 11:07:18.743,1.02632,1.02644,2.25,1.50
2012.06.14 11:07:19.021,1.02633,1.02646,1.50,1.88
2012.06.14 11:07:21.324,1.02633,1.02647,2.85,2.25
2012.06.14 11:07:23.318,1.02633,1.02644,1.50,1.50
2012.06.14 11:07:23.997,1.02632,1.02644,2.25,1.50
2012.06.14 11:07:24.520,1.02632,1.02645,1.50,1.50
2012.06.14 11:07:24.836,1.02633,1.02647,1.50,3.75
2012.06.14 11:07:25.343,1.02633,1.02647,1.50,3.00
2012.06.14 11:07:25.854,1.02633,1.02647,1.50,3.00
2012.06.14 11:07:32.934,1.02632,1.02644,3.00,1.50
2012.06.14 11:07:33.123,1.02633,1.02647,1.50,2.25
2012.06.14 11:07:34.923,1.02634,1.02647,1.13,2.25
2012.06.14 11:07:35.557,1.02634,1.02645,1.13,1.50
2012.06.14 11:07:35.699,1.02632,1.02645,2.21,3.75
2012.06.14 11:07:35.993,1.0263,1.02639,3.38,2.25
2012.06.14 11:07:36.246,1.02628,1.02638,1.50,2.25
2012.06.14 11:07:36.528,1.02628,1.02639,1.50,1.50
2012.06.14 11:07:36.655,1.02628,1.02642,3.00,1.50
2012.06.14 11:07:37.494,1.02628,1.02642,3.00,1.50
2012.06.14 11:07:37.635,1.02629,1.02642,3.00,1.50
2012.06.14 11:07:38.293,1.02628,1.02642,3.00,1.50
2012.06.14 11:07:39.010,1.02629,1.02642,2.25,1.50
2012.06.14 11:07:39.712,1.02632,1.02642,1.46,1.50
2012.06.14 11:07:40.065,1.02635,1.02644,1.50,1.50
2012.06.14 11:07:40.136,1.02635,1.02647,1.50,1.50
2012.06.14 11:07:41.884,1.02633,1.02645,3.38,1.50
2012.06.14 11:07:47.014,1.02633,1.02645,1.50,1.50
2012.06.14 11:07:49.673,1.02633,1.02645,1.50,2.25
2012.06.14 11:07:50.016,1.02629,1.02641,2.25,1.50
2012.06.14 11:07:50.431,1.02628,1.02639,1.13,2.25
2012.06.14 11:07:50.986,1.02627,1.02639,2.63,3.75
2012.06.14 11:07:51.535,1.02626,1.02638,2.25,1.50
2012.06.14 11:07:52.054,1.02627,1.02639,2.25,2.25
2012.06.14 11:07:55.054,1.02627,1.02639,2.63,2.25
2012.06.14 11:07:55.827,1.02626,1.02637,2.25,1.50
2012.06.14 11:07:56.246,1.02626,1.0264,3.00,5.63
2012.06.14 11:07:57.457,1.02626,1.0264,3.75,6.38
2012.06.14 11:07:57.529,1.02626,1.02637,1.88,1.50
2012.06.14 11:07:57.786,1.02626,1.0264,3.38,4.50
2012.06.14 11:07:58.585,1.02626,1.0264,3.38,5.25
2012.06.14 11:07:59.294,1.02626,1.02638,1.50,1.50
2012.06.14 11:08:00.513,1.02626,1.02638,2.25,1.50
2012.06.14 11:08:01.121,1.02626,1.02638,1.88,1.50
2012.06.14 11:08:01.276,1.02624,1.02638,3.00,6.23
2012.06.14 11:08:01.418,1.02624,1.02636,1.50,3.75
2012.06.14 11:08:01.692,1.02621,1.02634,1.46,1.50
2012.06.14 11:08:01.909,1.02622,1.02636,2.21,4.50
2012.06.14 11:08:04.128,1.02624,1.02636,1.50,1.13
2012.06.14 11:08:04.702,1.02623,1.02635,1.50,1.50
2012.06.14 11:08:05.385,1.02621,1.02634,2.06,1.50
2012.06.14 11:08:05.956,1.02623,1.02635,1.50,1.50
2012.06.14 11:08:07.006,1.02625,1.02636,1.50,1.88
2012.06.14 11:08:07.403,1.02622,1.02636,2.21,3.38
2012.06.14 11:08:07.799,1.02622,1.02636,2.21,4.13
2012.06.14 11:08:08.318,1.02622,1.02636,2.21,3.38
2012.06.14 11:08:10.692,1.02622,1.02636,2.21,3.00
2012.06.14 11:08:13.755,1.02622,1.02636,2.21,3.38
2012.06.14 11:08:14.095,1.02625,1.02636,1.50,1.88
2012.06.14 11:08:14.528,1.02622,1.02636,3.71,2.63
2012.06.14 11:08:14.675,1.02625,1.02636,1.50,1.13
2012.06.14 11:08:15.406,1.02623,1.02636,1.50,2.63
2012.06.14 11:08:15.925,1.02622,1.02636,2.96,2.63
2012.06.14 11:08:16.193,1.02622,1.02636,4.46,1.50
2012.06.14 11:08:16.713,1.02624,1.02638,2.25,3.75
2012.06.14 11:08:17.216,1.02624,1.02636,1.13,1.50
2012.06.14 11:08:19.733,1.02624,1.02638,2.63,3.00
2012.06.14 11:08:20.084,1.02626,1.02639,4.08,1.13
2012.06.14 11:08:20.154,1.02626,1.02639,4.83,1.13
2012.06.14 11:08:20.225,1.02629,1.0264,2.25,2.25
2012.06.14 11:08:20.296,1.02631,1.02643,1.50,3.75
2012.06.14 11:08:20.496,1.02633,1.02644,1.50,1.13
2012.06.14 11:08:20.779,1.02633,1.02647,1.50,3.00
2012.06.14 11:08:22.416,1.02633,1.02647,4.50,3.00
2012.06.14 11:08:24.853,1.02633,1.02647,2.25,1.50
2012.06.14 11:08:26.637,1.02632,1.02645,1.46,1.50
2012.06.14 11:08:27.185,1.02631,1.02641,2.25,1.50
2012.06.14 11:08:27.480,1.02627,1.02639,3.75,3.00
2012.06.14 11:08:28.419,1.02627,1.02639,1.50,4.50
2012.06.14 11:08:29.244,1.02627,1.02639,4.07,2.25
2012.06.14 11:08:29.373,1.02631,1.02641,1.50,1.50
2012.06.14 11:08:29.828,1.02628,1.02641,1.50,1.50
2012.06.14 11:08:31.876,1.02628,1.02642,2.63,1.50
2012.06.14 11:08:31.947,1.02629,1.02642,1.46,1.50
2012.06.14 11:08:32.086,1.02631,1.02644,1.65,4.50
2012.06.14 11:08:32.506,1.0263,1.02641,2.07,1.50
2012.06.14 11:08:32.646,1.02629,1.02638,1.50,1.50
2012.06.14 11:08:32.788,1.02628,1.02638,1.58,2.25
2012.06.14 11:08:32.866,1.02626,1.02636,1.50,1.50
2012.06.14 11:08:33.635,1.02623,1.02635,1.58,1.50
2012.06.14 11:08:34.915,1.02623,1.02635,2.28,1.50
2012.06.14 11:08:35.268,1.02628,1.02638,1.50,1.50
2012.06.14 11:08:35.813,1.02628,1.02639,1.50,1.88
2012.06.14 11:08:36.399,1.02628,1.02639,1.50,1.88
2012.06.14 11:08:36.946,1.02626,1.02639,1.46,3.38
2012.06.14 11:08:37.452,1.02626,1.02639,1.46,3.38
2012.06.14 11:08:38.026,1.02628,1.02639,1.50,1.88
2012.06.14 11:08:38.907,1.02628,1.02639,1.50,1.88
2012.06.14 11:08:39.652,1.02628,1.02639,1.50,1.88
2012.06.14 11:08:40.343,1.02626,1.02638,2.96,2.25
2012.06.14 11:08:40.838,1.02628,1.0264,1.50,1.50
2012.06.14 11:08:40.915,1.02628,1.0264,2.21,1.50
2012.06.14 11:08:41.251,1.02632,1.02642,2.21,1.50
2012.06.14 11:08:41.524,1.02632,1.02644,2.21,1.50
2012.06.14 11:08:44.384,1.02632,1.02644,2.21,3.00
2012.06.14 11:08:44.907,1.02632,1.02644,2.21,2.25
2012.06.14 11:08:45.047,1.0263,1.02642,1.50,1.50
2012.06.14 11:08:47.014,1.02627,1.02641,4.08,2.25
2012.06.14 11:08:47.227,1.02627,1.02639,1.83,1.50
2012.06.14 11:08:53.541,1.02627,1.02639,1.46,3.00
2012.06.14 11:08:53.852,1.02625,1.02639,2.21,3.00
2012.06.14 11:08:53.994,1.02623,1.02637,1.58,2.25
2012.06.14 11:09:08.114,1.02622,1.02634,3.75,1.50
2012.06.14 11:09:08.452,1.02623,1.02636,1.50,1.13
2012.06.14 11:09:21.151,1.02626,1.02637,1.50,2.25
2012.06.14 11:09:21.295,1.02623,1.02637,2.25,3.75
2012.06.14 11:09:21.815,1.02626,1.02637,1.50,2.25
2012.06.14 11:09:22.161,1.02628,1.02638,1.13,2.25
2012.06.14 11:09:22.833,1.02632,1.02643,2.63,1.54
2012.06.14 11:09:22.914,1.02635,1.02647,1.50,4.92
2012.06.14 11:09:23.201,1.02633,1.02645,2.25,1.50
2012.06.14 11:09:23.506,1.02634,1.02648,1.50,4.54
2012.06.14 11:09:23.717,1.02633,1.02645,3.00,1.50
2012.06.14 11:09:24.275,1.02633,1.02645,2.25,1.50
2012.06.14 11:09:29.927,1.02634,1.02646,1.50,1.50
2012.06.14 11:09:30.455,1.02634,1.02647,1.50,1.50
2012.06.14 11:09:31.437,1.02636,1.02649,2.96,2.25
2012.06.14 11:09:31.574,1.02636,1.02649,2.96,2.25
2012.06.14 11:09:32.256,1.02636,1.02649,3.33,2.25
2012.06.14 11:09:32.806,1.02636,1.02649,3.33,1.50
2012.06.14 11:09:33.353,1.02636,1.0265,3.33,3.00
2012.06.14 11:09:36.415,1.0264,1.0265,2.25,2.25
2012.06.14 11:09:36.484,1.02642,1.02651,2.25,1.50
2012.06.14 11:09:36.554,1.02642,1.02652,3.00,1.09
2012.06.14 11:09:36.623,1.02642,1.02653,3.00,1.88
2012.06.14 11:09:36.696,1.02643,1.02653,2.21,1.50
2012.06.14 11:09:37.023,1.02644,1.02658,2.21,4.13
2012.06.14 11:09:38.115,1.02643,1.02655,2.96,1.50
2012.06.14 11:09:42.664,1.02643,1.02655,2.96,1.50
2012.06.14 11:09:43.214,1.02648,1.02655,1.65,1.50
2012.06.14 11:09:43.357,1.02648,1.0266,1.65,2.25
2012.06.14 11:09:45.027,1.0265,1.02662,2.25,1.88
2012.06.14 11:09:45.167,1.02654,1.02662,1.50,1.13
2012.06.14 11:09:45.306,1.02653,1.02665,2.40,4.17
2012.06.14 11:09:45.846,1.02653,1.02665,1.65,3.38
2012.06.14 11:09:50.462,1.02654,1.02666,1.50,5.25
2012.06.14 11:09:51.935,1.02654,1.02666,1.50,4.50
2012.06.14 11:09:52.419,1.02653,1.02664,1.46,3.38
2012.06.14 11:09:52.636,1.02649,1.02659,2.25,2.25
2012.06.14 11:09:52.774,1.02649,1.02657,2.25,1.50
2012.06.14 11:09:53.036,1.02647,1.02657,1.54,1.50
2012.06.14 11:09:53.178,1.02645,1.02657,1.88,1.50
2012.06.14 11:09:53.255,1.02643,1.02655,3.15,1.50
2012.06.14 11:09:57.546,1.02645,1.02657,1.50,1.50
2012.06.14 11:10:02.095,1.02643,1.02655,3.15,1.50
2012.06.14 11:10:02.985,1.02645,1.02657,1.50,3.00
2012.06.14 11:10:03.545,1.02645,1.02657,1.50,3.00
2012.06.14 11:10:04.165,1.02645,1.02657,1.50,2.25
2012.06.14 11:10:04.307,1.02647,1.02658,1.50,1.50
2012.06.14 11:10:04.656,1.02648,1.02659,1.65,2.25
2012.06.14 11:10:05.007,1.02651,1.0266,1.50,1.50
2012.06.14 11:10:05.514,1.02651,1.02662,1.50,1.92
2012.06.14 11:10:05.837,1.02654,1.02662,1.46,1.13
2012.06.14 11:10:06.224,1.02654,1.02665,1.46,2.10
2012.06.14 11:10:07.143,1.02655,1.02664,1.50,2.10
2012.06.14 11:10:07.673,1.02654,1.02666,1.46,2.25
2012.06.14 11:10:07.993,1.02654,1.02666,1.46,2.25
2012.06.14 11:10:08.727,1.02654,1.02666,2.21,2.25
2012.06.14 11:10:09.232,1.02654,1.02666,2.21,2.25
2012.06.14 11:10:10.901,1.02654,1.02666,2.21,3.00
2012.06.14 11:10:11.454,1.02654,1.02666,1.46,1.50
2012.06.14 11:10:13.007,1.02654,1.02667,2.96,1.50
2012.06.14 11:10:13.534,1.02654,1.02667,3.71,1.50
2012.06.14 11:10:13.744,1.02652,1.02664,2.07,2.25
2012.06.14 11:10:14.083,1.02649,1.02661,3.71,1.50
2012.06.14 11:10:14.886,1.02649,1.02655,1.46,2.25
2012.06.14 11:10:14.958,1.02646,1.02655,1.50,3.00
2012.06.14 11:10:15.499,1.02644,1.02652,1.50,1.50
2012.06.14 11:10:16.148,1.0264,1.02652,3.00,1.50
2012.06.14 11:10:20.812,1.0264,1.02652,2.25,1.50
2012.06.14 11:10:21.354,1.02641,1.02655,3.00,7.50
2012.06.14 11:10:21.885,1.02642,1.02655,1.65,4.13
2012.06.14 11:10:22.154,1.02643,1.02657,2.21,4.50
2012.06.14 11:10:26.749,1.02643,1.02657,2.21,3.75
2012.06.14 11:10:27.285,1.02643,1.02657,2.96,2.63
2012.06.14 11:10:28.176,1.02643,1.02657,2.21,3.38
2012.06.14 11:10:28.682,1.02643,1.02657,2.21,3.00
2012.06.14 11:10:29.376,1.02643,1.02657,2.21,3.75
2012.06.14 11:10:29.722,1.0264,1.02652,1.50,1.50
2012.06.14 11:10:31.375,1.02641,1.02653,1.50,1.50
2012.06.14 11:10:34.603,1.02641,1.02652,1.50,1.88
2012.06.14 11:10:34.736,1.02639,1.02649,2.25,3.00
2012.06.14 11:10:35.157,1.02638,1.02651,3.71,1.50
2012.06.14 11:10:35.366,1.02641,1.02651,1.50,1.50
2012.06.14 11:10:35.565,1.02642,1.02653,2.25,1.50
2012.06.14 11:10:36.074,1.02642,1.02653,2.25,1.50
2012.06.14 11:10:36.286,1.02643,1.02657,3.00,3.00
2012.06.14 11:10:36.795,1.02644,1.02656,1.50,2.25
2012.06.14 11:10:36.936,1.02644,1.02656,2.25,2.25
2012.06.14 11:10:37.285,1.02642,1.02653,1.50,2.25
2012.06.14 11:10:38.050,1.0264,1.02653,2.25,2.25
2012.06.14 11:10:38.674,1.0264,1.02653,1.50,2.25
2012.06.14 11:10:39.388,1.0264,1.02653,2.25,2.25
2012.06.14 11:10:39.595,1.02641,1.02653,1.50,2.25
2012.06.14 11:10:39.883,1.02643,1.02657,2.40,1.88
2012.06.14 11:10:39.958,1.02646,1.02658,1.50,3.38
2012.06.14 11:10:41.074,1.02643,1.02657,3.90,1.50
2012.06.14 11:10:42.376,1.02643,1.02657,3.15,1.50
2012.06.14 11:10:43.048,1.02646,1.02658,2.25,2.25
2012.06.14 11:10:43.764,1.02643,1.02657,3.15,1.50
2012.06.14 11:10:43.978,1.02647,1.02657,1.13,2.10
2012.06.14 11:10:44.327,1.02649,1.02657,1.13,1.50
2012.06.14 11:10:44.466,1.0265,1.02662,2.25,1.50
2012.06.14 11:10:44.609,1.02652,1.02664,2.63,3.75
2012.06.14 11:10:45.036,1.02654,1.02667,2.25,2.63
2012.06.14 11:10:45.572,1.02654,1.02667,2.25,1.13
2012.06.14 11:10:46.084,1.02654,1.02667,2.25,1.13
2012.06.14 11:10:46.853,1.02654,1.02668,2.25,3.38
2012.06.14 11:10:47.447,1.02653,1.02666,2.25,1.50
2012.06.14 11:10:47.998,1.02653,1.02665,3.00,2.25
2012.06.14 11:10:53.225,1.02653,1.02665,3.00,2.25
2012.06.14 11:10:53.774,1.02653,1.02665,2.25,1.50
2012.06.14 11:10:56.454,1.02653,1.02665,3.00,1.50
2012.06.14 11:10:56.876,1.02654,1.02668,2.25,2.63
2012.06.14 11:10:57.732,1.02653,1.02665,3.00,1.50
2012.06.14 11:10:59.014,1.02653,1.02665,3.00,1.50
2012.06.14 11:10:59.873,1.02653,1.02665,3.75,1.50
2012.06.14 11:11:00.085,1.02653,1.02665,3.75,1.50
2012.06.14 11:11:02.552,1.02654,1.02665,1.65,1.50
2012.06.14 11:11:04.814,1.02655,1.02667,2.25,1.50
2012.06.14 11:11:06.575,1.02655,1.02667,2.25,1.50
2012.06.14 11:11:06.718,1.02655,1.02667,2.25,1.50
2012.06.14 11:11:06.785,1.02655,1.02667,2.25,1.50
2012.06.14 11:11:07.594,1.02655,1.02667,1.88,1.50
2012.06.14 11:11:15.285,1.02655,1.02667,1.88,1.50
2012.06.14 11:11:15.358,1.02654,1.02665,1.13,1.50
2012.06.14 11:11:16.104,1.02654,1.02665,1.13,1.50
2012.06.14 11:11:16.305,1.02654,1.02664,1.13,1.50
2012.06.14 11:11:16.435,1.02656,1.02669,1.50,5.85
2012.06.14 11:11:17.131,1.02658,1.02669,1.50,5.10
2012.06.14 11:11:18.428,1.02655,1.02667,1.50,1.50
2012.06.14 11:11:23.139,1.02655,1.02669,1.88,6.38
2012.06.14 11:11:23.806,1.02658,1.02668,1.50,1.13
2012.06.14 11:11:24.415,1.02655,1.02669,1.88,6.00
2012.06.14 11:11:25.637,1.02655,1.02669,3.00,6.00
2012.06.14 11:11:26.198,1.02655,1.02669,3.00,6.00
2012.06.14 11:11:26.776,1.02655,1.02668,3.00,1.50
2012.06.14 11:11:27.336,1.02655,1.02669,3.00,4.88
2012.06.14 11:11:28.177,1.02655,1.02669,3.00,4.88
2012.06.14 11:11:30.303,1.02655,1.02669,2.25,4.88
2012.06.14 11:11:31.276,1.02655,1.02669,2.25,4.88
2012.06.14 11:11:31.830,1.02654,1.02667,3.00,1.50
2012.06.14 11:11:31.914,1.02653,1.02667,2.25,2.85
2012.06.14 11:11:32.497,1.02653,1.02667,1.50,2.85
2012.06.14 11:11:33.057,1.02653,1.02667,1.88,3.60
2012.06.14 11:11:33.775,1.02656,1.02667,1.50,1.88
2012.06.14 11:11:34.194,1.02654,1.02666,1.50,1.50
2012.06.14 11:11:37.247,1.02654,1.02666,1.88,1.50
2012.06.14 11:11:37.529,1.02656,1.02668,1.88,3.38
2012.06.14 11:11:38.083,1.02656,1.02668,1.88,3.38
2012.06.14 11:11:38.612,1.02656,1.02668,2.25,2.25
2012.06.14 11:11:39.155,1.02656,1.02668,1.88,2.25
2012.06.14 11:11:39.943,1.02656,1.02668,2.25,1.50
2012.06.14 11:11:42.697,1.02656,1.02668,1.50,1.50
2012.06.14 11:11:43.103,1.02656,1.02668,1.88,1.50
2012.06.14 11:11:48.185,1.02656,1.02668,2.25,1.50
2012.06.14 11:11:48.547,1.02654,1.02664,2.96,1.50
2012.06.14 11:11:48.688,1.02654,1.02667,2.96,3.00
2012.06.14 11:11:48.825,1.02654,1.02667,2.96,3.00
2012.06.14 11:11:50.644,1.02654,1.02667,2.58,6.60
2012.06.14 11:11:52.038,1.02653,1.02664,1.13,1.13
2012.06.14 11:11:53.815,1.02653,1.02664,1.13,1.13
2012.06.14 11:11:54.364,1.02652,1.02663,1.88,1.50
2012.06.14 11:11:55.046,1.02653,1.02664,1.88,1.13
2012.06.14 11:11:59.775,1.02653,1.02664,1.88,1.13
2012.06.14 11:12:00.264,1.02653,1.02664,1.88,1.13
2012.06.14 11:12:00.615,1.02654,1.02666,1.08,4.13
2012.06.14 11:12:00.884,1.02654,1.02668,2.58,1.88
2012.06.14 11:12:01.919,1.02654,1.02668,2.96,1.88
2012.06.14 11:12:02.652,1.02654,1.02668,2.96,1.88
2012.06.14 11:12:07.401,1.02654,1.02668,2.96,1.88
2012.06.14 11:12:08.833,1.02654,1.02668,2.96,2.48
2012.06.14 11:12:09.143,1.02654,1.02665,1.08,1.50
2012.06.14 11:12:11.591,1.02655,1.02667,1.88,2.10
2012.06.14 11:12:13.596,1.02655,1.02667,1.50,2.10
2012.06.14 11:12:13.725,1.02653,1.02664,1.08,1.50
2012.06.14 11:12:14.209,1.02653,1.02667,2.58,2.85
2012.06.14 11:12:15.280,1.02653,1.02666,2.58,1.50
2012.06.14 11:12:15.354,1.02653,1.02664,1.08,1.50
2012.06.14 11:12:15.895,1.02653,1.02664,1.08,1.50
2012.06.14 11:12:16.035,1.02654,1.02666,1.50,1.50
2012.06.14 11:12:22.903,1.02654,1.02666,1.50,2.25
2012.06.14 11:12:23.135,1.02653,1.02662,1.08,1.50
2012.06.14 11:12:23.206,1.02653,1.02665,1.08,2.25
2012.06.14 11:12:23.731,1.02652,1.02663,1.08,1.50
2012.06.14 11:12:24.281,1.02651,1.0266,1.13,3.00
2012.06.14 11:12:24.365,1.02645,1.02656,1.13,1.50
2012.06.14 11:12:25.354,1.02644,1.02656,2.96,2.25
2012.06.14 11:12:25.883,1.02644,1.02656,2.96,2.25
2012.06.14 11:12:26.435,1.02644,1.02656,2.58,2.25
2012.06.14 11:12:27.333,1.02644,1.02656,2.58,2.25
2012.06.14 11:12:27.777,1.02646,1.02658,1.88,2.25
2012.06.14 11:12:28.323,1.02646,1.02658,1.88,2.25
2012.06.14 11:12:29.063,1.02646,1.02658,1.88,1.50
2012.06.14 11:12:30.132,1.02646,1.02658,1.88,1.50
2012.06.14 11:12:30.804,1.02646,1.02658,1.88,1.50
2012.06.14 11:12:30.877,1.02647,1.02658,2.10,1.50
2012.06.14 11:12:31.147,1.02653,1.02665,2.21,2.85
2012.06.14 11:12:31.610,1.0265,1.02662,2.07,1.50
2012.06.14 11:12:31.759,1.0265,1.02661,1.88,2.25
2012.06.14 11:12:32.116,1.0265,1.02662,5.81,3.75
2012.06.14 11:12:32.254,1.02652,1.02666,2.21,3.38
2012.06.14 11:12:36.157,1.02654,1.02665,1.46,1.50
2012.06.14 11:12:36.226,1.02658,1.02667,2.21,2.25
2012.06.14 11:12:40.792,1.02658,1.0267,2.21,2.25
2012.06.14 11:12:41.408,1.02658,1.0267,2.81,1.50
2012.06.14 11:12:41.555,1.0266,1.02674,1.50,4.13
2012.06.14 11:12:42.774,1.0266,1.02674,1.88,4.13
2012.06.14 11:12:42.850,1.0266,1.02674,1.88,1.88
2012.06.14 11:12:43.808,1.02661,1.02674,1.13,1.88
2012.06.14 11:12:44.384,1.02661,1.02674,1.13,1.88
2012.06.14 11:12:44.719,1.02664,1.02674,1.08,1.50
2012.06.14 11:12:44.801,1.02665,1.02677,2.21,3.38
2012.06.14 11:12:45.317,1.02665,1.02677,2.21,2.63
2012.06.14 11:12:45.727,1.02665,1.02677,2.58,1.88
2012.06.14 11:12:45.865,1.02667,1.02679,2.21,2.25
2012.06.14 11:12:50.632,1.02665,1.02677,3.18,1.50
2012.06.14 11:13:10.474,1.02665,1.02679,2.58,8.25
2012.06.14 11:13:11.229,1.02668,1.02679,1.50,3.75
2012.06.14 11:13:11.862,1.02668,1.02679,2.21,2.25
2012.06.14 11:13:12.148,1.02666,1.02678,3.00,1.50
2012.06.14 11:13:14.966,1.02666,1.02678,2.25,1.50
2012.06.14 11:13:15.245,1.02666,1.02678,2.25,1.50
2012.06.14 11:13:16.313,1.02666,1.02678,2.63,1.50
2012.06.14 11:13:17.371,1.02666,1.02678,2.25,1.50
2012.06.14 11:13:18.282,1.02666,1.02678,2.25,1.50
2012.06.14 11:13:18.842,1.02666,1.02678,2.63,1.50
2012.06.14 11:13:19.346,1.02666,1.02678,2.63,1.50
2012.06.14 11:13:24.256,1.02668,1.0268,2.21,1.50
2012.06.14 11:13:24.813,1.0267,1.02681,2.21,2.10
2012.06.14 11:13:29.667,1.02671,1.02682,1.50,1.73
2012.06.14 11:13:30.017,1.02675,1.02687,4.46,1.50
2012.06.14 11:13:31.096,1.02676,1.02687,3.00,1.50
2012.06.14 11:13:32.130,1.02678,1.0269,1.08,5.10
2012.06.14 11:13:32.346,1.02679,1.02691,2.21,1.50
2012.06.14 11:13:33.897,1.02679,1.0269,1.50,2.25
2012.06.14 11:13:34.108,1.02677,1.02687,1.50,3.00
2012.06.14 11:13:34.805,1.02677,1.02687,2.25,1.05
2012.06.14 11:13:35.346,1.02677,1.02689,1.50,3.19
2012.06.14 11:13:45.151,1.02676,1.02687,3.00,2.25
2012.06.14 11:13:49.462,1.02676,1.02687,1.13,2.25
2012.06.14 11:13:51.523,1.02677,1.02689,1.50,1.69
2012.06.14 11:13:53.543,1.02676,1.02687,1.88,2.25
2012.06.14 11:13:53.903,1.02675,1.02685,2.63,4.88
2012.06.14 11:13:54.606,1.02673,1.02682,1.13,3.00
2012.06.14 11:13:55.006,1.02668,1.02682,2.96,3.00
2012.06.14 11:13:56.243,1.02668,1.02681,2.58,1.50
2012.06.14 11:13:56.537,1.0267,1.02682,1.50,2.25
2012.06.14 11:13:57.156,1.0267,1.02682,1.50,1.50
2012.06.14 11:14:00.385,1.02667,1.02678,1.13,1.50
2012.06.14 11:14:02.225,1.02665,1.02678,2.25,1.69
2012.06.14 11:14:02.445,1.02664,1.02674,1.50,2.44
2012.06.14 11:14:02.801,1.02661,1.02669,1.50,6.00
2012.06.14 11:14:02.950,1.0266,1.02669,1.50,5.44
2012.06.14 11:14:03.471,1.02658,1.02669,3.38,7.69
2012.06.14 11:14:03.907,1.02655,1.02669,4.13,6.94
2012.06.14 11:14:04.620,1.02655,1.02669,3.38,7.69
2012.06.14 11:14:06.274,1.02655,1.02669,4.50,6.94
2012.06.14 11:14:06.936,1.02655,1.02665,2.25,2.25
2012.06.14 11:14:07.007,1.02654,1.02664,3.75,3.00
2012.06.14 11:14:07.325,1.02653,1.02667,4.35,3.23
2012.06.14 11:14:07.845,1.02656,1.02668,1.50,2.82
2012.06.14 11:14:09.548,1.02656,1.02668,3.75,2.63
2012.06.14 11:14:12.465,1.02656,1.02668,3.75,2.63
2012.06.14 11:14:13.185,1.02656,1.02668,3.75,2.63
2012.06.14 11:14:15.252,1.02656,1.02668,1.50,2.63
2012.06.14 11:14:16.575,1.02658,1.02668,1.50,1.13
2012.06.14 11:14:18.228,1.02655,1.02668,4.50,1.13
2012.06.14 11:14:29.628,1.02655,1.02668,4.50,1.13
2012.06.14 11:14:30.404,1.02655,1.02666,2.25,1.50
2012.06.14 11:14:30.486,1.02652,1.02663,2.96,2.10
2012.06.14 11:14:30.558,1.02652,1.0266,2.25,2.25
2012.06.14 11:14:30.838,1.02647,1.02659,1.46,2.25
2012.06.14 11:14:33.725,1.02648,1.02658,1.50,1.50
2012.06.14 11:14:34.066,1.02645,1.02655,2.25,1.50
2012.06.14 11:14:34.553,1.02643,1.02655,2.96,1.50
2012.06.14 11:14:36.401,1.02645,1.02657,1.50,2.25
2012.06.14 11:14:40.570,1.02645,1.02657,1.50,2.25
2012.06.14 11:14:43.975,1.02645,1.02657,2.25,1.50
2012.06.14 11:14:44.578,1.02646,1.02657,1.13,1.50
2012.06.14 11:14:45.675,1.02645,1.02657,1.88,1.50
2012.06.14 11:14:48.253,1.02645,1.02657,1.50,2.25
2012.06.14 11:14:55.827,1.02644,1.02658,2.58,3.94
2012.06.14 11:14:56.374,1.02644,1.02658,2.58,3.94
2012.06.14 11:14:57.269,1.02644,1.02658,2.58,4.69
2012.06.14 11:14:58.597,1.02644,1.02658,3.75,3.94
2012.06.14 11:14:59.235,1.02644,1.02658,3.75,3.94
2012.06.14 11:15:00.346,1.02644,1.02658,1.88,3.94
2012.06.14 11:15:01.713,1.02644,1.02658,3.75,3.94
2012.06.14 11:15:03.890,1.02644,1.02658,3.75,3.38
2012.06.14 11:15:04.248,1.02642,1.02652,2.25,1.50
2012.06.14 11:15:04.575,1.02641,1.02651,1.50,2.25
2012.06.14 11:15:04.646,1.02639,1.02651,2.25,2.25
2012.06.14 11:15:04.997,1.02643,1.02653,1.50,1.50
2012.06.14 11:15:05.788,1.0264,1.02653,1.50,1.50
2012.06.14 11:15:07.478,1.0264,1.02653,2.25,1.69
2012.06.14 11:15:07.553,1.02642,1.02654,1.46,1.69
2012.06.14 11:15:07.977,1.02647,1.02657,1.50,1.13
2012.06.14 11:15:08.562,1.02644,1.02657,2.63,1.13
2012.06.14 11:15:09.529,1.02644,1.02657,4.50,1.13
2012.06.14 11:15:10.786,1.02644,1.02657,1.50,1.13
2012.06.14 11:15:11.336,1.02645,1.02657,1.50,3.38
2012.06.14 11:15:31.368,1.02646,1.02658,1.50,1.13
2012.06.14 11:15:31.905,1.02645,1.02657,2.25,2.25
2012.06.14 11:15:36.015,1.02646,1.02659,1.50,3.98
2012.06.14 11:15:36.745,1.02645,1.02657,3.00,1.88
2012.06.14 11:15:56.794,1.02645,1.02659,1.50,5.67
2012.06.14 11:16:00.173,1.02647,1.02659,1.31,3.94
2012.06.14 11:16:00.536,1.02657,1.02662,1.50,1.50
2012.06.14 11:16:01.100,1.02657,1.02667,1.50,1.13
2012.06.14 11:16:01.179,1.02657,1.02668,1.50,1.88
2012.06.14 11:16:02.336,1.02655,1.02667,1.50,2.25
2012.06.14 11:16:03.108,1.02655,1.02667,1.50,2.25
2012.06.14 11:16:03.642,1.02653,1.02665,2.96,1.50
2012.06.14 11:16:03.728,1.02649,1.02661,2.96,2.25
2012.06.14 11:16:04.077,1.02647,1.02659,3.00,3.19
2012.06.14 11:16:04.499,1.02647,1.02659,1.50,6.00
2012.06.14 11:16:04.577,1.02645,1.02657,2.25,1.50
2012.06.14 11:16:05.518,1.02645,1.02657,2.25,1.50
2012.06.14 11:16:06.058,1.02645,1.02657,2.25,1.50
2012.06.14 11:16:07.626,1.02645,1.02657,1.50,1.88
2012.06.14 11:16:07.977,1.02641,1.02649,2.25,1.50
2012.06.14 11:16:08.545,1.02641,1.02647,2.25,1.88
2012.06.14 11:16:08.633,1.02636,1.02647,1.69,3.00
2012.06.14 11:16:08.711,1.02635,1.02647,2.25,2.44
2012.06.14 11:16:08.788,1.02635,1.02647,2.25,2.25
2012.06.14 11:16:08.860,1.02635,1.02647,2.25,3.00
2012.06.14 11:16:09.575,1.02635,1.02647,1.50,1.88
2012.06.14 11:16:10.578,1.02635,1.02647,1.50,2.63
2012.06.14 11:16:11.794,1.02635,1.02647,1.50,1.88
2012.06.14 11:16:14.946,1.02635,1.02647,2.25,1.88
2012.06.14 11:16:15.228,1.02639,1.02648,1.50,1.88
2012.06.14 11:16:15.300,1.02639,1.02651,2.25,2.63
2012.06.14 11:16:15.507,1.0264,1.02653,5.58,2.25
2012.06.14 11:16:15.721,1.02644,1.02656,1.50,3.75
2012.06.14 11:16:16.279,1.02641,1.02655,2.96,2.25
2012.06.14 11:16:16.831,1.02641,1.02655,2.21,2.63
2012.06.14 11:16:19.171,1.02641,1.02654,2.21,2.25
2012.06.14 11:16:19.675,1.02641,1.02654,2.21,2.25
2012.06.14 11:16:19.917,1.02641,1.02652,2.21,1.69
2012.06.14 11:16:20.058,1.02639,1.02648,1.50,1.50
2012.06.14 11:16:20.477,1.02633,1.02646,2.21,1.50
2012.06.14 11:16:26.261,1.02634,1.02647,2.21,3.00
2012.06.14 11:16:37.947,1.02633,1.02645,2.21,1.50
2012.06.14 11:16:40.005,1.02634,1.02648,2.21,5.59
2012.06.14 11:16:41.085,1.02634,1.02647,2.21,1.84
2012.06.14 11:16:41.643,1.02634,1.02647,2.21,1.13
2012.06.14 11:16:42.227,1.02634,1.02647,2.21,1.84
2012.06.14 11:16:43.073,1.02634,1.02647,2.21,1.50
2012.06.14 11:16:52.992,1.02634,1.02647,1.50,1.88
2012.06.14 11:16:53.953,1.02634,1.02647,1.50,1.88
2012.06.14 11:16:54.528,1.02634,1.02647,1.50,1.88
2012.06.14 11:16:55.542,1.02634,1.02647,1.50,1.88
2012.06.14 11:16:56.362,1.02634,1.02647,1.50,1.88
2012.06.14 11:16:59.300,1.02634,1.02639,1.50,2.10
2012.06.14 11:16:59.592,1.02633,1.02637,1.50,3.04
2012.06.14 11:16:59.816,1.02625,1.02631,1.50,1.13
2012.06.14 11:16:59.963,1.0262,1.02628,1.50,2.48
2012.06.14 11:17:00.181,1.02619,1.02623,1.50,1.50
2012.06.14 11:17:00.258,1.02614,1.02624,1.50,1.88
2012.06.14 11:17:00.539,1.02615,1.02628,1.50,2.07
2012.06.14 11:17:00.620,1.02615,1.02623,1.50,1.50
2012.06.14 11:17:01.128,1.02615,1.02623,2.25,2.25
2012.06.14 11:17:01.785,1.02615,1.02623,2.25,2.25
2012.06.14 11:17:02.328,1.02615,1.02623,1.50,2.63
2012.06.14 11:17:02.467,1.02611,1.02623,1.50,3.75
2012.06.14 11:17:03.296,1.02611,1.02623,2.03,3.75
2012.06.14 11:17:03.505,1.02613,1.02624,1.50,1.13
2012.06.14 11:17:03.847,1.02615,1.02625,1.50,1.50
2012.06.14 11:17:04.400,1.02615,1.02625,1.50,1.50
2012.06.14 11:17:04.960,1.02615,1.02625,1.50,1.50
2012.06.14 11:17:05.309,1.02615,1.02624,1.50,2.59
2012.06.14 11:17:05.388,1.02612,1.02624,2.21,1.50
2012.06.14 11:17:05.459,1.02612,1.02622,1.50,1.50
2012.06.14 11:17:06.028,1.0261,1.02619,1.50,1.50
2012.06.14 11:17:06.096,1.02607,1.02619,1.50,1.50
2012.06.14 11:17:11.016,1.02607,1.02619,3.75,1.50
2012.06.14 11:17:12.414,1.02611,1.02619,2.25,1.50
2012.06.14 11:17:12.557,1.02611,1.02621,2.96,2.25
2012.06.14 11:17:13.299,1.02613,1.02623,1.50,1.50
2012.06.14 11:17:13.868,1.02613,1.02623,1.50,1.50
2012.06.14 11:17:14.487,1.02613,1.02625,1.50,3.00
2012.06.14 11:17:14.989,1.02614,1.02625,1.50,1.50
2012.06.14 11:17:15.675,1.02614,1.02626,1.50,1.88
2012.06.14 11:17:16.203,1.02614,1.02626,1.50,1.50
2012.06.14 11:17:16.546,1.02614,1.02627,1.50,1.50
2012.06.14 11:17:17.085,1.02614,1.02627,1.50,1.50
2012.06.14 11:17:25.545,1.02614,1.02628,1.50,4.50
2012.06.14 11:17:28.043,1.02614,1.02627,1.50,1.50
2012.06.14 11:17:30.643,1.02614,1.02628,2.25,4.50
2012.06.14 11:17:32.215,1.02613,1.02625,3.75,1.50
2012.06.14 11:17:34.220,1.02615,1.02627,1.50,2.25
2012.06.14 11:17:35.769,1.02615,1.02627,2.25,2.25
2012.06.14 11:17:36.122,1.02621,1.02627,2.96,1.50
2012.06.14 11:17:36.488,1.02623,1.0263,1.50,1.88
2012.06.14 11:17:36.558,1.02623,1.02631,1.50,1.13
2012.06.14 11:17:36.697,1.02623,1.02635,1.50,1.13
2012.06.14 11:17:37.572,1.02623,1.02636,1.50,1.50
2012.06.14 11:17:38.083,1.02623,1.02636,1.50,1.13
2012.06.14 11:17:42.363,1.02623,1.02636,1.50,1.50
2012.06.14 11:17:42.777,1.02621,1.02634,4.83,1.88
2012.06.14 11:17:43.311,1.02621,1.02632,3.33,2.63
2012.06.14 11:17:43.855,1.0262,1.02632,1.50,4.50
2012.06.14 11:17:44.395,1.02617,1.02628,5.25,1.50
2012.06.14 11:17:44.646,1.02617,1.02628,3.00,1.50
2012.06.14 11:17:45.196,1.02617,1.02628,3.00,1.50
2012.06.14 11:17:50.675,1.02614,1.02626,2.85,1.50
2012.06.14 11:17:51.230,1.02614,1.02626,1.50,2.25
2012.06.14 11:17:51.765,1.02614,1.02626,1.50,2.25
2012.06.14 11:17:52.274,1.02614,1.02626,1.50,3.00
2012.06.14 11:17:54.047,1.02614,1.02625,1.50,1.88
2012.06.14 11:17:57.856,1.02614,1.02625,1.50,1.50
2012.06.14 11:18:05.699,1.02612,1.02624,3.71,3.00
2012.06.14 11:18:06.215,1.0261,1.02623,1.13,3.00
2012.06.14 11:18:09.630,1.02611,1.02623,1.50,1.50
2012.06.14 11:18:11.538,1.0261,1.02622,2.63,1.50
2012.06.14 11:18:12.527,1.02611,1.02623,1.50,1.50
2012.06.14 11:18:13.088,1.02614,1.02625,1.50,4.50
2012.06.14 11:18:13.440,1.02623,1.02627,1.50,1.50
2012.06.14 11:18:14.148,1.02623,1.02635,1.50,1.54
2012.06.14 11:18:14.482,1.02621,1.02635,4.83,3.75
2012.06.14 11:18:14.674,1.02621,1.02635,4.83,3.75
2012.06.14 11:18:14.744,1.02624,1.02635,1.50,1.50
2012.06.14 11:18:15.246,1.02624,1.02635,1.50,2.25
2012.06.14 11:18:16.206,1.02624,1.02635,1.50,2.25
2012.06.14 11:18:16.776,1.02624,1.02635,1.50,1.50
2012.06.14 11:18:26.845,1.02622,1.02634,1.50,2.25
2012.06.14 11:18:27.466,1.02624,1.02635,1.50,2.25
2012.06.14 11:18:27.974,1.02624,1.02635,1.50,2.25
2012.06.14 11:18:28.505,1.02624,1.02635,1.50,3.00
2012.06.14 11:18:28.635,1.02624,1.02635,1.50,2.25
2012.06.14 11:18:29.195,1.02622,1.02634,1.50,2.63
2012.06.14 11:18:29.680,1.02618,1.0263,1.46,2.25
2012.06.14 11:18:29.759,1.02616,1.0263,2.21,3.00
2012.06.14 11:18:30.826,1.02616,1.0263,2.96,3.75
2012.06.14 11:18:31.366,1.02616,1.0263,2.96,2.25
2012.06.14 11:18:31.434,1.02616,1.0263,3.71,1.50
2012.06.14 11:18:31.989,1.02619,1.02631,1.50,2.25
2012.06.14 11:18:32.599,1.02619,1.02631,1.50,2.25
2012.06.14 11:18:35.467,1.0262,1.02631,1.31,2.25
2012.06.14 11:18:36.035,1.02623,1.02635,2.21,3.00
2012.06.14 11:18:36.177,1.02625,1.02635,1.50,1.50
2012.06.14 11:18:36.847,1.02623,1.02636,2.21,3.75
2012.06.14 11:18:38.074,1.02622,1.02636,2.21,3.75
2012.06.14 11:18:39.214,1.02622,1.02635,2.21,1.13
2012.06.14 11:18:39.903,1.02622,1.02636,2.21,3.75
2012.06.14 11:18:41.243,1.02622,1.02636,2.21,3.75
2012.06.14 11:18:42.574,1.02622,1.02636,2.21,3.75
2012.06.14 11:18:42.657,1.02624,1.02636,1.50,2.25
2012.06.14 11:18:43.786,1.02624,1.02636,1.50,1.50
2012.06.14 11:18:43.858,1.02622,1.02636,2.21,3.00
2012.06.14 11:18:43.998,1.02621,1.02633,2.25,2.25
2012.06.14 11:18:44.530,1.02622,1.02633,2.58,1.50
2012.06.14 11:18:44.609,1.02625,1.02636,2.21,3.00
2012.06.14 11:18:44.691,1.02625,1.02636,3.71,1.50
2012.06.14 11:18:44.905,1.02628,1.0264,2.21,1.50
2012.06.14 11:18:45.750,1.02628,1.02641,3.56,1.50
2012.06.14 11:18:46.371,1.02631,1.02643,3.00,3.00
2012.06.14 11:18:46.723,1.02632,1.02646,2.96,4.09
2012.06.14 11:18:46.866,1.02632,1.02646,2.96,1.65
2012.06.14 11:18:47.429,1.02632,1.02646,2.96,2.03
2012.06.14 11:18:47.708,1.02632,1.02646,2.96,2.40
2012.06.14 11:18:48.250,1.02632,1.02646,2.96,3.15
2012.06.14 11:18:48.609,1.02631,1.02643,4.46,1.50
2012.06.14 11:18:48.899,1.02632,1.02643,1.50,2.22
2012.06.14 11:18:48.980,1.0263,1.02643,2.21,2.59
2012.06.14 11:18:49.062,1.0263,1.0264,2.21,1.13
2012.06.14 11:18:49.744,1.0263,1.02642,2.21,3.75
2012.06.14 11:18:50.302,1.02626,1.02637,2.96,1.50
2012.06.14 11:18:52.276,1.02626,1.02639,4.46,1.50
2012.06.14 11:18:52.646,1.02626,1.02639,1.50,1.50
2012.06.14 11:18:52.995,1.02623,1.02635,2.21,1.50
2012.06.14 11:18:54.127,1.02625,1.02637,2.21,3.00
2012.06.14 11:18:54.763,1.02623,1.02635,3.71,1.50
2012.06.14 11:18:55.809,1.02623,1.02635,2.21,1.50
2012.06.14 11:19:00.815,1.02623,1.02635,1.50,1.50
2012.06.14 11:19:01.567,1.02622,1.02634,1.46,1.50
2012.06.14 11:19:01.898,1.02621,1.02634,3.33,3.00
2012.06.14 11:19:03.247,1.02621,1.02633,2.25,1.50
2012.06.14 11:19:03.455,1.0262,1.02633,1.50,1.50
2012.06.14 11:19:03.528,1.02623,1.02634,2.21,1.50
2012.06.14 11:19:06.725,1.02622,1.02635,1.50,2.25
2012.06.14 11:19:07.321,1.02622,1.02634,1.50,1.13
2012.06.14 11:19:07.834,1.02622,1.02634,1.50,1.13
2012.06.14 11:19:08.721,1.02622,1.02635,1.50,1.50
2012.06.14 11:19:09.268,1.02621,1.02634,2.96,2.63
2012.06.14 11:19:09.996,1.02623,1.02634,1.50,1.13
2012.06.14 11:19:10.554,1.02624,1.02637,1.50,1.50
2012.06.14 11:19:10.765,1.02624,1.02638,1.50,8.10
2012.06.14 11:19:11.106,1.02623,1.02635,1.50,1.50
2012.06.14 11:19:11.884,1.02625,1.02635,1.50,1.50
2012.06.14 11:19:12.286,1.02626,1.02635,2.96,1.50
2012.06.14 11:19:12.355,1.02627,1.02638,2.21,1.50
2012.06.14 11:19:13.048,1.02624,1.02638,4.35,2.25
2012.06.14 11:19:13.400,1.02624,1.02634,2.25,2.25
2012.06.14 11:19:13.479,1.02621,1.02634,4.46,2.25
2012.06.14 11:19:13.558,1.02621,1.02632,4.46,1.50
2012.06.14 11:19:13.755,1.02621,1.02632,3.71,1.50
2012.06.14 11:19:14.274,1.02621,1.02633,4.46,1.50
2012.06.14 11:19:14.797,1.02621,1.02633,4.46,3.00
2012.06.14 11:19:17.055,1.02621,1.02633,4.46,3.00
2012.06.14 11:19:17.341,1.02621,1.02632,2.96,2.10
2012.06.14 11:19:17.558,1.02618,1.02629,1.50,2.25
2012.06.14 11:19:17.630,1.02618,1.02629,1.50,3.00
2012.06.14 11:19:18.124,1.02612,1.02624,2.25,1.50
2012.06.14 11:19:18.197,1.02612,1.02624,1.50,1.50
2012.06.14 11:19:18.746,1.02613,1.02625,1.50,1.50
2012.06.14 11:19:19.309,1.02612,1.02624,1.50,1.50
2012.06.14 11:19:19.866,1.02611,1.02624,2.96,1.50
2012.06.14 11:19:22.424,1.02611,1.02623,2.96,1.13
2012.06.14 11:19:22.511,1.02606,1.02618,2.21,1.50
2012.06.14 11:19:23.525,1.02608,1.0262,1.50,1.50
2012.06.14 11:19:29.736,1.02608,1.0262,2.25,2.25
2012.06.14 11:19:30.292,1.0261,1.02622,1.50,2.25
2012.06.14 11:19:30.373,1.02612,1.02624,1.50,4.50
2012.06.14 11:19:30.887,1.02611,1.02621,2.25,1.50
2012.06.14 11:19:32.679,1.02611,1.02623,3.75,1.50
2012.06.14 11:19:35.032,1.02611,1.02621,2.25,1.50
2012.06.14 11:19:35.713,1.02611,1.02623,3.75,1.50
2012.06.14 11:19:38.181,1.02613,1.02624,1.50,1.50
2012.06.14 11:19:38.684,1.02613,1.02625,1.50,3.00
2012.06.14 11:19:39.224,1.02613,1.02625,2.25,1.50
2012.06.14 11:19:39.849,1.02613,1.02625,2.25,1.50
2012.06.14 11:19:40.370,1.02613,1.02625,2.25,1.50
2012.06.14 11:19:40.845,1.02611,1.02623,5.25,1.50
2012.06.14 11:19:41.415,1.02611,1.02623,4.50,1.50
2012.06.14 11:19:41.787,1.02613,1.02625,1.50,1.50
2012.06.14 11:19:43.076,1.02613,1.02625,3.75,1.50
2012.06.14 11:19:43.825,1.02615,1.02627,1.50,4.50
2012.06.14 11:19:44.333,1.02614,1.02627,2.25,1.13
2012.06.14 11:19:44.675,1.02613,1.02625,1.50,1.50
2012.06.14 11:19:45.214,1.02613,1.02625,2.25,1.50
2012.06.14 11:19:46.674,1.02613,1.02625,2.25,1.50
2012.06.14 11:19:47.808,1.02616,1.02625,1.88,1.50
2012.06.14 11:19:48.156,1.0262,1.0263,1.50,1.50
2012.06.14 11:19:48.773,1.02618,1.0263,2.85,3.00
2012.06.14 11:19:48.853,1.02618,1.0263,2.48,3.00
2012.06.14 11:19:49.409,1.02618,1.0263,2.85,2.25
2012.06.14 11:19:49.762,1.02618,1.0263,2.85,2.25
2012.06.14 11:19:50.988,1.02618,1.0263,2.10,3.38
2012.06.14 11:19:51.334,1.02615,1.02626,1.13,2.63
2012.06.14 11:19:51.898,1.0261,1.02624,3.75,2.25
2012.06.14 11:19:52.678,1.0261,1.02624,3.75,2.63
2012.06.14 11:19:56.015,1.02612,1.02624,1.50,1.88
2012.06.14 11:19:56.516,1.02612,1.02624,1.50,1.50
2012.06.14 11:19:57.636,1.02612,1.02624,1.88,3.00
2012.06.14 11:19:58.175,1.02612,1.02626,2.25,2.25
2012.06.14 11:19:58.694,1.02612,1.02626,3.00,2.25
2012.06.14 11:19:59.235,1.02615,1.02627,1.50,3.38
2012.06.14 11:20:00.779,1.02613,1.02625,1.88,1.50
2012.06.14 11:20:02.507,1.02611,1.02623,2.85,1.50
2012.06.14 11:20:03.028,1.02611,1.02623,2.10,1.50
2012.06.14 11:20:11.197,1.02611,1.02624,2.10,1.50
2012.06.14 11:20:17.749,1.02613,1.02624,1.50,1.50
2012.06.14 11:20:18.544,1.02611,1.02624,2.10,3.00
2012.06.14 11:20:25.128,1.02612,1.02625,1.50,2.25
2012.06.14 11:20:25.653,1.02612,1.02625,1.50,1.50
2012.06.14 11:20:26.378,1.02611,1.02624,1.35,1.50
2012.06.14 11:20:27.016,1.02613,1.02625,1.50,2.63
2012.06.14 11:20:27.346,1.02611,1.02623,1.50,2.25
2012.06.14 11:20:38.259,1.02612,1.02625,1.50,1.50
2012.06.14 11:20:38.327,1.02612,1.02625,1.50,1.50
2012.06.14 11:20:38.849,1.02612,1.02626,2.25,3.00
2012.06.14 11:20:39.378,1.02612,1.02626,1.50,4.88
2012.06.14 11:20:39.447,1.02611,1.02622,1.50,1.50
2012.06.14 11:20:39.982,1.0261,1.02622,4.73,1.50
2012.06.14 11:20:40.967,1.02611,1.02625,1.50,3.00
2012.06.14 11:20:53.319,1.02612,1.02625,1.50,1.50
2012.06.14 11:20:53.396,1.02614,1.02626,1.50,3.00
2012.06.14 11:20:57.987,1.02614,1.02626,2.25,3.00
2012.06.14 11:20:58.336,1.02616,1.02626,6.00,1.50
2012.06.14 11:20:58.759,1.02619,1.0263,1.50,2.63
2012.06.14 11:20:59.277,1.02622,1.02633,1.50,2.63
2012.06.14 11:20:59.353,1.02622,1.02635,2.96,1.13
2012.06.14 11:21:01.036,1.02622,1.02636,2.21,1.50
2012.06.14 11:21:05.924,1.02622,1.02636,2.21,2.25
2012.06.14 11:21:06.897,1.02624,1.02637,1.50,2.59
2012.06.14 11:21:08.727,1.02622,1.02636,2.21,2.25
2012.06.14 11:21:21.717,1.02625,1.02636,1.50,1.50
2012.06.14 11:21:22.011,1.02625,1.02637,2.25,2.63
2012.06.14 11:21:22.525,1.02625,1.02637,1.50,1.88
2012.06.14 11:21:23.073,1.02622,1.02636,5.21,1.50
2012.06.14 11:21:27.363,1.02622,1.02636,3.71,1.50
2012.06.14 11:21:27.914,1.02624,1.02638,2.25,2.63
2012.06.14 11:21:28.056,1.02626,1.02638,1.50,1.13
2012.06.14 11:21:28.338,1.02626,1.0264,4.46,4.13
2012.06.14 11:21:29.210,1.02631,1.0264,1.31,1.13
2012.06.14 11:21:29.359,1.02634,1.02645,1.50,2.25
2012.06.14 11:21:29.836,1.02634,1.02646,1.50,1.54
2012.06.14 11:21:32.466,1.02634,1.02646,2.25,1.50
2012.06.14 11:21:33.015,1.02635,1.02646,2.25,1.50
2012.06.14 11:21:33.087,1.02635,1.02648,3.75,1.88
2012.06.14 11:21:35.727,1.02635,1.02648,2.63,1.50
2012.06.14 11:21:36.556,1.02636,1.02648,1.13,1.50
2012.06.14 11:21:37.083,1.02636,1.02648,1.13,1.50
2012.06.14 11:21:37.595,1.02636,1.02648,1.50,1.50
2012.06.14 11:21:38.040,1.02636,1.02646,1.50,1.50
2012.06.14 11:21:38.246,1.02634,1.02646,1.88,1.50
2012.06.14 11:21:38.787,1.02634,1.02646,1.50,1.50
2012.06.14 11:21:38.931,1.02632,1.02644,4.46,1.50
2012.06.14 11:21:39.218,1.02634,1.02646,1.50,1.50
2012.06.14 11:21:39.360,1.02636,1.02648,1.50,2.63
2012.06.14 11:21:43.506,1.02635,1.02646,1.88,1.50
2012.06.14 11:21:46.285,1.02634,1.02646,3.75,1.50
2012.06.14 11:21:49.709,1.02633,1.02644,3.00,1.50
2012.06.14 11:21:49.847,1.02633,1.02644,3.00,1.50
2012.06.14 11:21:49.987,1.02633,1.02647,4.50,1.50
2012.06.14 11:21:52.264,1.02633,1.02647,3.75,1.50
2012.06.14 11:21:52.861,1.02633,1.02647,3.00,1.50
2012.06.14 11:21:53.663,1.02633,1.02647,3.38,1.50
2012.06.14 11:21:58.057,1.02633,1.02647,3.75,1.50
2012.06.14 11:22:00.444,1.02633,1.02647,3.75,1.50
2012.06.14 11:22:01.233,1.02633,1.02647,3.75,1.50
2012.06.14 11:22:01.771,1.02632,1.02644,1.50,1.50
2012.06.14 11:22:02.288,1.02633,1.02646,1.50,2.25
2012.06.14 11:22:02.861,1.02633,1.02643,1.50,1.13
2012.06.14 11:22:03.222,1.02626,1.02636,3.00,1.50
2012.06.14 11:22:04.045,1.02623,1.02635,1.50,2.25
2012.06.14 11:22:04.606,1.02623,1.02635,2.25,1.50
2012.06.14 11:22:06.950,1.02623,1.02637,2.48,4.50
2012.06.14 11:22:07.098,1.02625,1.02637,1.50,1.50
2012.06.14 11:22:07.307,1.02627,1.02638,1.50,1.50
2012.06.14 11:22:07.826,1.02626,1.02638,1.50,2.25
2012.06.14 11:22:11.377,1.02626,1.02638,2.63,3.00
2012.06.14 11:22:11.662,1.02631,1.02643,1.50,2.85
2012.06.14 11:22:11.809,1.02628,1.0264,2.25,3.00
2012.06.14 11:22:12.148,1.02625,1.02637,5.21,1.50
2012.06.14 11:22:12.607,1.02622,1.02636,3.75,1.50
2012.06.14 11:22:13.115,1.02622,1.02636,3.75,2.25
2012.06.14 11:22:13.626,1.02622,1.02635,1.50,1.50
2012.06.14 11:22:23.306,1.02622,1.02635,1.50,2.63
2012.06.14 11:22:23.856,1.02621,1.02633,4.46,1.50
2012.06.14 11:22:24.335,1.02622,1.02635,1.50,1.88
2012.06.14 11:22:26.256,1.02622,1.02634,1.50,1.50
2012.06.14 11:22:26.444,1.02622,1.0263,1.50,1.50
2012.06.14 11:22:26.802,1.02614,1.02625,2.63,1.50
2012.06.14 11:22:26.881,1.02614,1.02626,3.38,1.50
2012.06.14 11:22:27.025,1.02613,1.02624,1.13,1.50
2012.06.14 11:22:27.247,1.02614,1.02626,1.88,1.50
2012.06.14 11:22:43.819,1.02616,1.02628,1.50,3.00
2012.06.14 11:22:44.645,1.02614,1.02627,2.25,2.25
2012.06.14 11:22:45.164,1.02615,1.02629,1.50,5.97
2012.06.14 11:22:49.346,1.02615,1.02629,1.50,5.25
2012.06.14 11:22:49.489,1.02617,1.02629,1.50,3.00
2012.06.14 11:22:50.304,1.02616,1.02628,3.38,1.50
2012.06.14 11:22:51.027,1.02616,1.02628,3.38,1.50
2012.06.14 11:22:51.973,1.02616,1.02628,3.00,1.50
2012.06.14 11:22:52.299,1.02618,1.02629,1.50,1.50
2012.06.14 11:22:52.925,1.02616,1.02629,3.00,3.00
2012.06.14 11:22:53.460,1.02616,1.02629,1.88,3.00
2012.06.14 11:22:57.154,1.02616,1.02629,1.50,3.00
2012.06.14 11:22:57.811,1.02616,1.02629,2.25,3.00
2012.06.14 11:22:59.075,1.0262,1.02631,1.35,3.75
2012.06.14 11:22:59.425,1.02623,1.02633,1.50,1.50
2012.06.14 11:22:59.974,1.02623,1.02635,1.50,3.00
2012.06.14 11:23:02.430,1.02625,1.02636,1.50,1.50
2012.06.14 11:23:02.579,1.02627,1.02637,1.88,1.50
2012.06.14 11:23:02.648,1.02633,1.02637,1.50,1.50
2012.06.14 11:23:02.789,1.02631,1.0264,1.50,3.75
2012.06.14 11:23:02.939,1.02631,1.02643,2.25,1.50
2012.06.14 11:23:03.012,1.02635,1.02645,1.50,3.00
2012.06.14 11:23:03.725,1.02635,1.02646,1.50,1.50
2012.06.14 11:23:03.935,1.02635,1.02647,1.50,3.15
2012.06.14 11:23:15.986,1.02636,1.02647,2.96,2.40
2012.06.14 11:23:16.335,1.02634,1.02648,1.50,3.90
2012.06.14 11:23:17.186,1.02634,1.02648,1.50,3.90
2012.06.14 11:23:20.765,1.02633,1.02645,2.96,1.50
2012.06.14 11:23:21.737,1.02633,1.02645,2.96,1.88
2012.06.14 11:23:22.452,1.02633,1.02638,1.50,2.25
2012.06.14 11:23:22.538,1.02622,1.02636,1.88,2.25
2012.06.14 11:23:31.869,1.02624,1.02637,1.50,1.88
2012.06.14 11:23:32.448,1.02622,1.02636,1.50,2.25
2012.06.14 11:23:32.977,1.02623,1.02636,3.23,1.50
2012.06.14 11:23:33.330,1.02627,1.02639,1.50,6.00
2012.06.14 11:23:33.981,1.02627,1.02639,2.63,3.00
2012.06.14 11:23:34.065,1.02633,1.02642,1.50,1.09
2012.06.14 11:23:34.208,1.02633,1.02645,1.50,1.09
2012.06.14 11:23:34.278,1.02633,1.02646,1.50,2.63
2012.06.14 11:23:35.316,1.02633,1.02646,1.50,2.63
2012.06.14 11:23:36.256,1.02633,1.02646,1.50,2.03
2012.06.14 11:23:38.946,1.02633,1.02646,1.50,2.40
2012.06.14 11:23:45.224,1.02632,1.02644,2.21,1.50
2012.06.14 11:23:46.098,1.02632,1.02643,2.21,1.50
2012.06.14 11:23:46.453,1.02632,1.02638,1.50,3.75
2012.06.14 11:23:46.598,1.02629,1.02637,1.50,1.35
2012.06.14 11:23:47.198,1.02622,1.02634,3.33,1.50
2012.06.14 11:23:50.369,1.02621,1.02632,1.83,2.63
2012.06.14 11:23:50.720,1.02617,1.02628,1.13,1.50
2012.06.14 11:23:50.801,1.02615,1.02628,3.98,1.50
2012.06.14 11:23:50.881,1.02615,1.02625,3.00,1.50
2012.06.14 11:23:51.368,1.02613,1.02625,4.13,1.50
2012.06.14 11:23:52.063,1.02613,1.02625,2.25,1.50
2012.06.14 11:23:52.895,1.02613,1.02625,2.25,1.50
2012.06.14 11:23:55.015,1.02614,1.02627,1.50,2.25
2012.06.14 11:24:00.689,1.02613,1.02626,1.50,1.50
2012.06.14 11:24:01.238,1.02612,1.02626,2.63,1.50
2012.06.14 11:24:04.229,1.02614,1.02627,1.50,1.50
2012.06.14 11:24:05.295,1.02614,1.02628,2.25,3.00
2012.06.14 11:24:07.637,1.02614,1.02628,3.00,3.00
2012.06.14 11:24:08.140,1.02614,1.02628,3.00,3.00
2012.06.14 11:24:08.456,1.02614,1.02628,3.75,2.25
2012.06.14 11:24:12.010,1.02617,1.02628,1.50,1.50
2012.06.14 11:24:12.550,1.02614,1.02626,1.50,1.50
2012.06.14 11:24:13.049,1.02616,1.02628,2.21,3.00
2012.06.14 11:24:13.529,1.02614,1.02628,1.50,3.00
2012.06.14 11:24:13.595,1.02613,1.02625,2.25,1.50
2012.06.14 11:24:21.684,1.02614,1.02628,1.50,5.25
2012.06.14 11:24:24.057,1.02616,1.02628,1.50,1.13
2012.06.14 11:24:24.777,1.02615,1.02628,1.50,2.63
2012.06.14 11:24:25.880,1.02615,1.02628,1.50,2.25
2012.06.14 11:24:30.554,1.02614,1.02628,1.50,2.25
2012.06.14 11:24:33.808,1.02614,1.02627,1.50,1.50
2012.06.14 11:24:34.155,1.02613,1.02625,1.50,1.50
2012.06.14 11:24:35.052,1.02614,1.02627,1.50,3.00
2012.06.14 11:24:35.600,1.02614,1.02628,1.50,3.00
2012.06.14 11:24:37.488,1.02613,1.02625,3.00,1.50
2012.06.14 11:24:43.079,1.02611,1.02623,2.96,1.50
2012.06.14 11:24:43.595,1.02611,1.02623,2.96,1.50
2012.06.14 11:24:44.997,1.02613,1.02625,1.50,4.88
2012.06.14 11:24:47.217,1.02613,1.02624,1.50,1.50
2012.06.14 11:24:47.359,1.02611,1.02623,1.50,2.25
2012.06.14 11:24:47.759,1.02612,1.02622,2.21,3.00
2012.06.14 11:24:47.829,1.02609,1.02621,1.13,3.00
2012.06.14 11:24:48.379,1.02607,1.02618,2.25,2.25
2012.06.14 11:24:48.447,1.02606,1.02618,4.46,2.25
2012.06.14 11:24:48.999,1.02606,1.02618,4.46,3.00
2012.06.14 11:24:49.424,1.02602,1.02615,2.63,1.50
2012.06.14 11:24:49.498,1.02602,1.02615,1.50,1.50
2012.06.14 11:24:50.038,1.02601,1.02615,2.21,1.50
2012.06.14 11:24:50.752,1.02604,1.02616,1.50,3.75
2012.06.14 11:24:51.307,1.02605,1.02618,1.50,3.00
2012.06.14 11:24:52.594,1.02604,1.02616,2.25,1.50
2012.06.14 11:24:54.316,1.02601,1.02615,2.58,2.25
2012.06.14 11:24:59.600,1.02604,1.02616,1.50,2.25
2012.06.14 11:25:00.657,1.02601,1.02615,2.96,2.25
2012.06.14 11:25:05.066,1.02603,1.02617,1.50,3.60
2012.06.14 11:25:07.633,1.02602,1.02615,1.08,2.25
2012.06.14 11:25:16.354,1.02601,1.02615,2.21,7.35
2012.06.14 11:25:16.707,1.02599,1.02612,2.25,2.25
2012.06.14 11:25:17.307,1.026,1.02613,1.50,1.50
2012.06.14 11:25:19.634,1.02599,1.02611,2.25,1.50
2012.06.14 11:25:20.148,1.02599,1.02611,1.50,2.25
2012.06.14 11:25:20.217,1.02599,1.02609,1.50,1.35
2012.06.14 11:25:20.776,1.02599,1.02607,1.50,2.25
2012.06.14 11:25:21.245,1.02592,1.02606,1.50,2.25
2012.06.14 11:25:35.107,1.02593,1.02606,1.50,3.00
2012.06.14 11:25:35.322,1.02596,1.02606,1.13,1.50
2012.06.14 11:25:35.402,1.02598,1.02608,1.13,2.25
2012.06.14 11:25:35.482,1.02599,1.0261,1.46,8.25
2012.06.14 11:25:35.563,1.026,1.0261,1.46,3.00
2012.06.14 11:25:35.712,1.02601,1.02613,4.46,1.50
2012.06.14 11:25:35.855,1.02603,1.02615,1.50,1.50
2012.06.14 11:25:36.417,1.02602,1.02614,2.21,1.50
2012.06.14 11:25:40.995,1.02602,1.02614,2.21,1.88
2012.06.14 11:25:41.625,1.02599,1.02613,3.00,2.63
2012.06.14 11:25:41.708,1.02599,1.02608,1.50,3.60
2012.06.14 11:25:42.046,1.02595,1.02603,1.50,1.50
2012.06.14 11:25:42.255,1.02592,1.02603,1.46,1.50
2012.06.14 11:25:42.387,1.02591,1.02604,4.46,1.50
2012.06.14 11:25:42.928,1.02591,1.02605,4.46,1.50
2012.06.14 11:25:47.032,1.02593,1.02606,1.50,2.63
2012.06.14 11:25:47.246,1.02593,1.02606,2.25,1.13
2012.06.14 11:25:47.600,1.02601,1.02609,4.46,3.00
2012.06.14 11:25:47.959,1.02601,1.02613,4.83,2.25
2012.06.14 11:25:48.519,1.02602,1.02615,1.50,1.50
2012.06.14 11:25:58.524,1.02601,1.02613,3.75,2.25
2012.06.14 11:26:00.114,1.02602,1.02615,1.50,1.50
2012.06.14 11:26:06.967,1.02601,1.02614,2.25,1.50
2012.06.14 11:26:07.516,1.02601,1.02614,2.25,3.00
2012.06.14 11:26:07.584,1.02601,1.02613,2.25,1.50
2012.06.14 11:26:07.940,1.02598,1.02609,1.50,1.50
2012.06.14 11:26:08.159,1.02597,1.02609,3.38,2.25
2012.06.14 11:26:08.701,1.02596,1.02607,1.13,1.50
2012.06.14 11:26:08.895,1.02595,1.02607,1.50,1.50
2012.06.14 11:26:10.338,1.02595,1.02608,1.50,3.00
2012.06.14 11:26:12.492,1.02595,1.02607,1.50,1.50
2012.06.14 11:26:13.766,1.02591,1.02604,2.63,1.50
2012.06.14 11:26:14.295,1.02592,1.02605,1.50,3.00
2012.06.14 11:26:24.486,1.02594,1.02605,1.50,1.13
2012.06.14 11:26:25.917,1.02594,1.02608,3.00,2.25
2012.06.14 11:26:26.474,1.02595,1.02607,1.50,3.75
2012.06.14 11:26:26.976,1.02595,1.02607,1.50,2.63
2012.06.14 11:26:28.526,1.02593,1.02606,1.50,1.88
2012.06.14 11:26:29.925,1.02594,1.02608,1.50,3.75
2012.06.14 11:26:31.504,1.02595,1.02608,1.50,3.75
2012.06.14 11:26:31.575,1.02597,1.02608,1.50,2.25
2012.06.14 11:26:31.716,1.02597,1.02609,1.50,2.25
2012.06.14 11:26:32.272,1.02598,1.02611,1.50,3.00
2012.06.14 11:26:32.629,1.02598,1.02611,2.25,3.00
2012.06.14 11:26:33.175,1.02598,1.02611,2.25,3.00
2012.06.14 11:26:33.731,1.02598,1.02612,2.25,3.00
2012.06.14 11:26:34.943,1.02598,1.02612,2.63,3.00
2012.06.14 11:26:35.604,1.02598,1.02612,2.63,3.00
2012.06.14 11:26:36.775,1.02598,1.02612,2.25,3.00
2012.06.14 11:26:40.977,1.02604,1.02613,1.50,1.88
2012.06.14 11:26:41.054,1.02605,1.02617,1.50,1.50
2012.06.14 11:26:41.200,1.02612,1.02618,2.21,2.25
2012.06.14 11:26:41.757,1.02613,1.02625,1.88,1.50
2012.06.14 11:26:42.362,1.02612,1.02625,1.08,2.25
2012.06.14 11:26:55.051,1.02612,1.02625,2.96,3.75
2012.06.14 11:26:55.269,1.02612,1.02622,2.25,1.09
2012.06.14 11:26:55.606,1.02607,1.02618,2.63,1.50
2012.06.14 11:26:55.876,1.02607,1.0262,2.63,2.25
2012.06.14 11:26:57.118,1.02607,1.0262,2.25,3.00
2012.06.14 11:26:57.187,1.02606,1.02619,5.25,1.50
2012.06.14 11:26:57.929,1.02609,1.02617,2.25,2.25
2012.06.14 11:26:58.618,1.02611,1.02619,1.46,1.50
2012.06.14 11:26:58.704,1.02614,1.02625,1.88,1.50
2012.06.14 11:26:59.234,1.02614,1.02626,1.88,2.25
2012.06.14 11:27:01.347,1.02614,1.02626,1.50,1.50
2012.06.14 11:27:01.616,1.02616,1.02628,1.50,4.88
2012.06.14 11:27:01.956,1.02618,1.02628,2.25,3.38
2012.06.14 11:27:02.167,1.02618,1.0263,2.25,2.25
2012.06.14 11:27:02.784,1.02617,1.02631,2.96,3.00
2012.06.14 11:27:03.314,1.02617,1.0263,2.96,1.50
2012.06.14 11:27:04.114,1.02617,1.02631,2.96,2.25
2012.06.14 11:27:04.653,1.02617,1.02631,3.33,2.25
2012.06.14 11:27:05.393,1.02617,1.02631,3.33,1.50
2012.06.14 11:27:16.524,1.02617,1.02631,3.00,2.25
2012.06.14 11:27:17.726,1.02617,1.02631,3.00,4.13
2012.06.14 11:27:18.206,1.02616,1.02628,2.25,1.50
2012.06.14 11:27:18.276,1.02613,1.02627,1.88,2.25
2012.06.14 11:27:18.865,1.02612,1.02625,2.96,2.25
2012.06.14 11:27:19.627,1.02611,1.02625,3.71,2.25
2012.06.14 11:27:19.700,1.02611,1.02625,3.71,2.63
2012.06.14 11:27:20.061,1.02609,1.02614,1.50,1.50
2012.06.14 11:27:20.772,1.02605,1.02614,1.13,1.50
2012.06.14 11:27:20.918,1.02602,1.02614,2.63,1.50
2012.06.14 11:27:21.509,1.02603,1.02617,1.50,5.63
2012.06.14 11:27:22.076,1.02602,1.02614,2.25,1.50
2012.06.14 11:27:27.987,1.02603,1.02615,1.88,1.50
2012.06.14 11:27:29.485,1.02602,1.02614,3.75,1.50
2012.06.14 11:27:31.714,1.02602,1.02614,1.88,1.50
2012.06.14 11:27:32.644,1.02604,1.02616,1.50,2.25
2012.06.14 11:27:33.479,1.02602,1.02614,1.88,1.50
2012.06.14 11:27:34.425,1.02603,1.02617,1.50,3.75
2012.06.14 11:27:34.965,1.02603,1.02617,1.50,3.75
2012.06.14 11:27:41.077,1.02601,1.02615,8.21,1.50
2012.06.14 11:27:41.605,1.02603,1.02617,1.50,3.75
2012.06.14 11:27:56.688,1.02603,1.02617,2.63,2.25
2012.06.14 11:27:58.467,1.02603,1.02617,4.50,2.25
2012.06.14 11:28:01.456,1.02604,1.02618,3.00,3.00
2012.06.14 11:28:03.077,1.02603,1.02615,4.50,1.50
2012.06.14 11:28:04.193,1.02603,1.02615,2.25,1.50
2012.06.14 11:28:05.185,1.02604,1.02618,1.50,3.75
2012.06.14 11:28:05.257,1.02604,1.02618,1.50,3.75
2012.06.14 11:28:05.395,1.02605,1.02618,1.73,3.75
2012.06.14 11:28:05.749,1.02609,1.02621,2.25,1.50
2012.06.14 11:28:06.087,1.0261,1.02624,2.96,2.25
2012.06.14 11:28:06.229,1.02612,1.02624,1.46,1.50
2012.06.14 11:28:12.235,1.02614,1.02627,1.50,3.00
2012.06.14 11:28:12.517,1.02613,1.02625,2.25,1.50
2012.06.14 11:28:13.574,1.02613,1.02625,2.25,2.25
2012.06.14 11:28:14.193,1.02611,1.02624,1.46,2.25
2012.06.14 11:28:16.068,1.02611,1.02622,2.25,1.50
2012.06.14 11:28:16.207,1.02608,1.0262,2.25,1.50
2012.06.14 11:28:16.768,1.02609,1.02621,1.50,1.50
2012.06.14 11:28:17.579,1.02609,1.02621,1.88,1.50
2012.06.14 11:28:20.903,1.02609,1.02621,1.50,1.50
2012.06.14 11:28:23.546,1.02611,1.02623,1.50,2.25
2012.06.14 11:28:24.086,1.02611,1.02623,2.58,1.50
2012.06.14 11:28:24.440,1.02615,1.02627,2.25,3.00
2012.06.14 11:28:24.585,1.02614,1.02627,1.50,1.50
2012.06.14 11:28:25.065,1.02614,1.02628,2.25,3.38
2012.06.14 11:28:25.639,1.02614,1.02626,1.50,2.25
2012.06.14 11:28:27.076,1.02614,1.02624,1.50,1.50
2012.06.14 11:28:27.641,1.02613,1.02625,4.50,1.50
2012.06.14 11:28:29.560,1.02613,1.02625,2.25,1.50
2012.06.14 11:28:32.403,1.02613,1.02625,2.63,2.25
2012.06.14 11:28:39.636,1.02614,1.02625,1.50,2.25
2012.06.14 11:28:39.989,1.02614,1.02625,3.00,2.25
2012.06.14 11:28:40.347,1.02619,1.02631,4.50,2.59
2012.06.14 11:28:40.489,1.0262,1.02631,2.25,2.59
2012.06.14 11:28:40.847,1.02626,1.02635,1.50,1.13
2012.06.14 11:28:41.396,1.02627,1.02638,1.50,1.88
2012.06.14 11:28:41.537,1.02627,1.02638,1.50,1.88
2012.06.14 11:28:42.206,1.02626,1.02638,1.50,3.38
2012.06.14 11:28:43.229,1.02624,1.02637,1.13,1.88
2012.06.14 11:28:44.546,1.02624,1.02637,1.50,1.88
2012.06.14 11:28:47.964,1.02624,1.02637,3.00,1.50
2012.06.14 11:28:49.804,1.02623,1.02637,3.75,1.50
2012.06.14 11:28:54.084,1.02624,1.02637,3.00,1.50
2012.06.14 11:28:55.801,1.02623,1.02637,3.75,1.50
2012.06.14 11:28:57.006,1.02624,1.02637,1.50,1.50
2012.06.14 11:28:57.514,1.02623,1.02637,4.50,1.50
2012.06.14 11:28:58.454,1.02623,1.02637,3.75,1.50
2012.06.14 11:28:58.982,1.02623,1.02637,4.50,1.50
2012.06.14 11:28:59.373,1.02623,1.02637,3.75,1.50
2012.06.14 11:28:59.947,1.02623,1.02637,4.50,1.50
2012.06.14 11:29:00.170,1.02624,1.02637,3.00,1.50
2012.06.14 11:29:02.086,1.02623,1.02637,5.25,1.50
2012.06.14 11:29:02.594,1.02624,1.02638,2.25,3.38
2012.06.14 11:29:04.017,1.02623,1.02636,3.00,2.25
2012.06.14 11:29:04.557,1.02623,1.02635,3.75,1.50
2012.06.14 11:29:06.106,1.02623,1.02635,1.50,1.50
2012.06.14 11:29:12.075,1.02624,1.02638,1.50,4.73
2012.06.14 11:29:13.447,1.02623,1.02635,3.38,1.50
2012.06.14 11:29:14.105,1.02625,1.02637,1.50,2.25
2012.06.14 11:29:15.156,1.02622,1.02636,4.13,2.25
2012.06.14 11:29:18.660,1.02622,1.02634,1.88,1.13
2012.06.14 11:29:19.067,1.0262,1.02629,1.50,1.50
2012.06.14 11:29:19.574,1.02617,1.02629,1.08,1.50
2012.06.14 11:29:20.602,1.02618,1.0263,1.88,1.50
2012.06.14 11:29:21.287,1.0262,1.02632,1.50,5.10
2012.06.14 11:29:21.565,1.02623,1.02635,1.50,6.00
2012.06.14 11:29:22.408,1.02621,1.02633,2.21,1.50
2012.06.14 11:29:27.558,1.02621,1.02633,2.81,1.50
2012.06.14 11:29:27.907,1.02626,1.02638,2.21,2.63
2012.06.14 11:29:32.196,1.02625,1.02638,4.50,1.13
2012.06.14 11:29:32.407,1.02625,1.02639,2.25,6.75
2012.06.14 11:29:32.900,1.02626,1.02639,1.50,6.75
2012.06.14 11:29:33.604,1.02627,1.02639,1.46,3.75
2012.06.14 11:29:33.682,1.02627,1.02641,2.96,3.00
2012.06.14 11:29:33.896,1.02627,1.02641,2.96,2.25
2012.06.14 11:29:35.297,1.02628,1.02641,1.50,2.25
2012.06.14 11:29:35.866,1.02628,1.02641,1.50,3.00
2012.06.14 11:29:37.283,1.02627,1.02641,3.71,2.25
2012.06.14 11:29:40.131,1.02627,1.02641,3.33,3.34
2012.06.14 11:29:40.915,1.02627,1.02639,1.08,1.50
2012.06.14 11:29:44.691,1.02627,1.0264,2.21,2.59
2012.06.14 11:29:45.044,1.02626,1.02638,2.21,1.50
2012.06.14 11:29:54.415,1.02626,1.02638,2.21,2.25
2012.06.14 11:29:54.556,1.02623,1.02637,2.25,4.50
2012.06.14 11:29:54.769,1.02622,1.02634,2.63,2.63
2012.06.14 11:29:55.329,1.02617,1.02626,2.93,1.50
2012.06.14 11:29:55.418,1.02612,1.02625,2.63,1.50
2012.06.14 11:29:56.257,1.02614,1.02626,1.50,2.25
2012.06.14 11:29:57.996,1.02614,1.02626,1.50,3.00
2012.06.14 11:30:05.479,1.02611,1.02625,3.33,3.00
2012.06.14 11:30:06.964,1.02612,1.02625,1.50,3.38
2012.06.14 11:30:07.463,1.02613,1.02625,1.50,1.88
2012.06.14 11:30:08.063,1.02612,1.02624,1.50,1.50
2012.06.14 11:30:11.456,1.02612,1.02624,1.50,2.25
2012.06.14 11:30:11.973,1.02612,1.02624,1.50,2.63
2012.06.14 11:30:12.237,1.02612,1.02624,1.50,6.38
2012.06.14 11:30:12.380,1.02607,1.0262,1.13,1.50
2012.06.14 11:30:13.997,1.02606,1.02618,2.25,1.50
2012.06.14 11:30:14.506,1.02607,1.02617,1.13,1.50
2012.06.14 11:30:14.709,1.02608,1.02619,1.13,1.50
2012.06.14 11:30:14.850,1.02609,1.02623,1.50,3.00
2012.06.14 11:30:14.999,1.02609,1.02623,2.21,2.25
2012.06.14 11:30:15.348,1.02613,1.02627,1.50,3.38
2012.06.14 11:30:15.625,1.02613,1.02627,2.25,2.63
2012.06.14 11:30:16.166,1.02613,1.02627,2.63,2.63
2012.06.14 11:30:20.214,1.02613,1.02627,2.25,1.88
2012.06.14 11:30:21.234,1.02613,1.02627,3.00,1.88
2012.06.14 11:30:21.842,1.02615,1.02627,1.50,1.88
2012.06.14 11:30:27.060,1.02615,1.02627,1.88,1.88
2012.06.14 11:30:27.209,1.02617,1.02628,1.46,2.63
2012.06.14 11:30:27.283,1.02618,1.02629,1.50,3.00
2012.06.14 11:30:27.639,1.02616,1.02628,1.50,2.25
2012.06.14 11:30:27.917,1.02613,1.02627,3.00,1.50
2012.06.14 11:30:28.463,1.02613,1.02627,1.50,3.00
2012.06.14 11:30:35.296,1.02612,1.02624,4.08,1.50
2012.06.14 11:30:35.647,1.02612,1.02619,2.25,1.50
2012.06.14 11:30:36.002,1.02609,1.02617,2.25,1.50
2012.06.14 11:30:36.619,1.02607,1.02616,1.13,1.50
2012.06.14 11:30:36.829,1.02603,1.02616,1.13,1.50
2012.06.14 11:30:36.896,1.02602,1.02616,3.38,1.50
2012.06.14 11:30:37.436,1.02602,1.02615,1.50,1.13
2012.06.14 11:30:38.417,1.02602,1.02615,1.50,1.50
2012.06.14 11:30:39.056,1.02601,1.02613,2.21,1.50
2012.06.14 11:30:42.889,1.02603,1.02614,1.50,2.25
2012.06.14 11:30:43.708,1.02604,1.02616,1.50,1.88
2012.06.14 11:30:44.060,1.02606,1.02618,4.46,2.59
2012.06.14 11:30:44.417,1.02612,1.02618,1.50,1.09
2012.06.14 11:30:44.487,1.02608,1.0262,3.60,2.25
2012.06.14 11:30:44.883,1.02608,1.02618,1.50,2.25
2012.06.14 11:30:44.964,1.02606,1.02618,4.46,1.50
2012.06.14 11:30:45.035,1.02608,1.0262,1.50,2.25
2012.06.14 11:30:53.213,1.02606,1.02618,4.46,1.50
2012.06.14 11:30:54.366,1.02607,1.02619,1.50,1.50
2012.06.14 11:30:55.107,1.02606,1.02618,2.96,1.50
2012.06.14 11:30:55.462,1.02606,1.02617,2.96,3.75
2012.06.14 11:30:55.540,1.02604,1.02616,1.50,1.88
2012.06.14 11:30:55.759,1.02605,1.02614,1.46,1.50
2012.06.14 11:30:55.902,1.02605,1.02616,2.96,1.50
2012.06.14 11:30:55.979,1.02605,1.02616,2.25,4.50
2012.06.14 11:30:56.497,1.02607,1.02616,1.50,3.00
2012.06.14 11:30:56.777,1.02602,1.02616,2.21,5.25
2012.06.14 11:30:57.784,1.02602,1.02614,2.21,1.13
2012.06.14 11:30:59.629,1.02601,1.02613,2.21,5.10
2012.06.14 11:30:59.768,1.02599,1.02608,3.00,1.50
2012.06.14 11:31:00.048,1.02595,1.02606,3.00,1.50
2012.06.14 11:31:00.325,1.02594,1.02606,2.25,3.00
2012.06.14 11:31:01.486,1.02594,1.02605,1.50,1.13
2012.06.14 11:31:01.840,1.0259,1.02599,5.25,2.25
2012.06.14 11:31:02.201,1.02582,1.02595,1.50,2.25
2012.06.14 11:31:02.279,1.02581,1.02594,5.21,1.50
2012.06.14 11:31:02.807,1.02583,1.02594,1.50,1.50
2012.06.14 11:31:03.418,1.02583,1.02595,1.50,1.88
2012.06.14 11:31:04.798,1.02583,1.02595,1.50,1.88
2012.06.14 11:31:04.996,1.02583,1.02595,1.50,1.88
2012.06.14 11:31:05.765,1.02583,1.02595,1.50,1.50
2012.06.14 11:31:06.596,1.02583,1.02596,1.50,1.50
2012.06.14 11:31:07.006,1.02581,1.02595,2.21,3.00
2012.06.14 11:31:07.844,1.02581,1.02595,2.21,1.50
2012.06.14 11:31:09.079,1.02581,1.02593,2.21,1.13
2012.06.14 11:31:09.289,1.02579,1.0259,6.00,1.50
2012.06.14 11:31:09.991,1.0258,1.0259,1.83,2.25
2012.06.14 11:31:10.559,1.02583,1.02592,1.50,1.13
2012.06.14 11:31:11.095,1.02583,1.02595,1.50,2.25
2012.06.14 11:31:11.979,1.02583,1.02595,1.50,1.50
2012.06.14 11:31:19.499,1.02584,1.02598,1.50,3.75
2012.06.14 11:31:19.789,1.02586,1.02598,3.00,3.38
2012.06.14 11:31:20.136,1.02589,1.02599,1.50,2.25
2012.06.14 11:31:20.276,1.02589,1.026,1.50,1.09
2012.06.14 11:31:20.486,1.02589,1.02601,1.50,1.50
2012.06.14 11:31:20.696,1.02588,1.02599,1.50,1.50
2012.06.14 11:31:20.769,1.02588,1.02601,1.50,3.75
2012.06.14 11:31:21.315,1.02588,1.02601,1.50,2.25
2012.06.14 11:31:22.011,1.02587,1.02599,2.25,1.35
2012.06.14 11:31:22.096,1.02583,1.02595,3.00,1.50
2012.06.14 11:31:22.687,1.02582,1.02595,1.50,1.50
2012.06.14 11:31:22.956,1.02584,1.02596,1.50,1.50
2012.06.14 11:31:24.342,1.02584,1.02596,1.50,2.25
2012.06.14 11:31:24.696,1.02584,1.02595,1.50,1.50
2012.06.14 11:31:25.029,1.02582,1.02594,1.50,1.50
2012.06.14 11:31:25.226,1.02584,1.02595,1.50,1.50
2012.06.14 11:31:26.004,1.02584,1.02596,1.50,3.00
2012.06.14 11:31:26.864,1.02584,1.02596,1.50,3.00
2012.06.14 11:31:26.939,1.02584,1.02596,1.50,3.00
2012.06.14 11:31:27.625,1.02585,1.02597,1.50,3.38
2012.06.14 11:31:27.757,1.02588,1.02597,1.50,1.50
2012.06.14 11:31:27.968,1.02588,1.02597,2.25,1.50
2012.06.14 11:31:28.451,1.02588,1.026,3.00,1.13
2012.06.14 11:31:28.526,1.02588,1.02602,3.00,2.63
2012.06.14 11:31:28.857,1.02588,1.02602,4.88,2.63
2012.06.14 11:31:29.206,1.02592,1.02603,1.50,1.88
2012.06.14 11:31:29.528,1.0259,1.02602,1.50,4.50
2012.06.14 11:31:29.597,1.02588,1.026,2.85,1.50
2012.06.14 11:31:30.169,1.02588,1.026,1.50,6.00
2012.06.14 11:31:30.309,1.02585,1.02598,1.50,1.13
2012.06.14 11:31:30.836,1.02583,1.02597,3.00,2.25
2012.06.14 11:31:31.037,1.02583,1.02597,3.00,2.25
2012.06.14 11:31:31.376,1.02587,1.026,1.50,3.00
2012.06.14 11:31:31.506,1.02587,1.02601,2.25,3.00
2012.06.14 11:31:32.361,1.02587,1.02601,2.25,3.00
2012.06.14 11:31:33.258,1.02587,1.02599,2.25,2.25
2012.06.14 11:31:33.329,1.02587,1.02598,1.50,1.50
2012.06.14 11:31:33.610,1.02582,1.02595,3.00,1.50
2012.06.14 11:31:34.120,1.02583,1.02597,1.50,3.38
2012.06.14 11:31:36.338,1.02583,1.02597,1.50,3.38
2012.06.14 11:31:43.533,1.02583,1.02597,1.50,3.00
2012.06.14 11:31:55.492,1.02582,1.02593,2.25,1.13
2012.06.14 11:31:55.850,1.02577,1.02589,2.63,2.25
2012.06.14 11:31:56.418,1.02577,1.02589,3.23,1.50
2012.06.14 11:31:56.557,1.0258,1.02591,1.50,1.50
2012.06.14 11:31:56.865,1.02578,1.02592,2.25,2.25
2012.06.14 11:31:57.945,1.02578,1.02592,1.50,2.25
2012.06.14 11:31:59.525,1.02581,1.02592,1.50,1.50
2012.06.14 11:32:00.497,1.02581,1.02592,1.50,1.50
2012.06.14 11:32:01.223,1.02581,1.02593,3.71,2.25
2012.06.14 11:32:01.508,1.02585,1.02595,1.50,1.50
2012.06.14 11:32:01.579,1.02582,1.02595,3.00,1.50
2012.06.14 11:32:02.092,1.02582,1.02595,1.50,1.50
2012.06.14 11:32:02.609,1.02582,1.02595,1.50,1.50
2012.06.14 11:32:02.913,1.02582,1.02596,1.50,2.25
2012.06.14 11:32:05.864,1.02582,1.02596,2.25,2.25
2012.06.14 11:32:06.431,1.02583,1.02596,1.50,3.00
2012.06.14 11:32:06.709,1.02584,1.02597,3.00,1.50
2012.06.14 11:32:06.782,1.02585,1.02598,1.13,1.88
2012.06.14 11:32:06.930,1.02587,1.02598,1.50,2.25
2012.06.14 11:32:07.289,1.02589,1.02601,2.25,1.88
2012.06.14 11:32:07.498,1.02593,1.026,1.50,2.25
2012.06.14 11:32:08.060,1.02593,1.02605,1.50,3.00
2012.06.14 11:32:08.140,1.02593,1.02605,1.50,2.25
2012.06.14 11:32:09.487,1.02593,1.02605,1.50,3.38
2012.06.14 11:32:09.840,1.0259,1.02598,3.00,1.50
2012.06.14 11:32:10.127,1.02586,1.02595,1.50,2.25
2012.06.14 11:32:10.547,1.02582,1.02595,1.13,2.25
2012.06.14 11:32:10.618,1.02581,1.02595,4.13,2.25
2012.06.14 11:32:10.828,1.02584,1.02596,1.50,3.38
2012.06.14 11:32:12.786,1.02582,1.02594,3.00,1.50
2012.06.14 11:32:19.018,1.02584,1.02596,1.50,3.00
2012.06.14 11:32:21.565,1.02582,1.02595,1.13,2.25
2012.06.14 11:32:22.807,1.02584,1.02596,1.50,3.00
2012.06.14 11:32:26.156,1.02581,1.02595,3.38,2.25
2012.06.14 11:32:27.423,1.02581,1.02595,3.00,2.25
2012.06.14 11:32:28.022,1.02581,1.02595,3.00,2.25
2012.06.14 11:32:30.157,1.02583,1.02596,1.50,1.50
2012.06.14 11:32:30.707,1.02583,1.02595,1.50,1.13
2012.06.14 11:32:31.310,1.02583,1.02589,1.50,1.50
2012.06.14 11:32:31.386,1.0258,1.02589,1.50,1.50
2012.06.14 11:32:31.531,1.02576,1.02589,1.50,1.50
2012.06.14 11:32:36.105,1.0258,1.02591,2.25,1.50
2012.06.14 11:32:36.249,1.02582,1.02594,1.50,1.50
2012.06.14 11:32:36.530,1.02582,1.02595,1.50,1.50
2012.06.14 11:32:36.611,1.02585,1.02595,1.50,1.50
2012.06.14 11:32:37.191,1.02585,1.02597,1.50,3.00
2012.06.14 11:32:37.734,1.02583,1.02595,2.25,2.25
2012.06.14 11:32:38.417,1.02583,1.02595,1.50,2.25
2012.06.14 11:32:40.305,1.02583,1.02595,1.50,3.75
2012.06.14 11:32:40.919,1.02579,1.02591,5.63,1.50
2012.06.14 11:32:41.057,1.02581,1.02593,1.50,1.50
2012.06.14 11:32:41.787,1.02582,1.02595,1.50,2.25
2012.06.14 11:32:42.293,1.02582,1.02595,1.50,2.25
2012.06.14 11:32:48.905,1.02582,1.02596,2.25,3.38
2012.06.14 11:32:55.916,1.02582,1.02595,2.25,1.50
2012.06.14 11:32:56.426,1.02582,1.02596,2.25,4.50
2012.06.14 11:32:59.110,1.02582,1.02596,3.75,3.75
2012.06.14 11:32:59.710,1.02583,1.02593,1.50,1.50
2012.06.14 11:32:59.788,1.02583,1.02595,3.00,3.75
2012.06.14 11:33:14.441,1.02586,1.02595,4.50,2.25
2012.06.14 11:33:14.519,1.02587,1.02598,2.25,3.00
2012.06.14 11:33:14.660,1.02587,1.02599,3.00,3.00
2012.06.14 11:33:14.806,1.02587,1.02599,1.50,3.00
2012.06.14 11:33:14.878,1.02587,1.02599,1.50,2.25
2012.06.14 11:33:15.005,1.02587,1.02599,2.25,2.25
2012.06.14 11:33:15.478,1.02586,1.02597,4.88,1.50
2012.06.14 11:33:15.549,1.02586,1.026,6.38,4.73
2012.06.14 11:33:16.150,1.02586,1.026,6.38,3.98
2012.06.14 11:33:19.238,1.02586,1.02599,6.38,1.50
2012.06.14 11:33:19.307,1.02586,1.02596,1.88,2.25
2012.06.14 11:33:19.848,1.02583,1.02594,1.92,1.50
2012.06.14 11:33:20.364,1.02583,1.02594,1.50,1.50
2012.06.14 11:33:21.252,1.02584,1.02596,1.50,3.75
2012.06.14 11:33:29.268,1.02583,1.02594,3.00,1.50
2012.06.14 11:33:30.059,1.02583,1.02597,4.50,4.35
2012.06.14 11:33:30.592,1.02583,1.02594,2.25,1.50
2012.06.14 11:33:31.146,1.02582,1.02594,3.38,1.50
2012.06.14 11:33:33.461,1.02583,1.02597,3.00,5.85
2012.06.14 11:33:33.539,1.02583,1.02597,3.00,3.60
2012.06.14 11:33:35.325,1.02583,1.02597,3.00,4.35
2012.06.14 11:33:36.944,1.02583,1.02597,3.00,3.75
2012.06.14 11:33:37.916,1.02583,1.02595,1.50,2.25
2012.06.14 11:33:38.566,1.02582,1.02594,3.75,2.25
2012.06.14 11:33:41.795,1.02584,1.02596,1.50,2.25
2012.06.14 11:33:47.886,1.02583,1.02595,1.50,2.25
2012.06.14 11:33:48.448,1.02584,1.02596,1.50,2.25
2012.06.14 11:34:03.829,1.02582,1.02594,3.75,2.25
2012.06.14 11:34:08.819,1.02583,1.02597,3.00,3.00
2012.06.14 11:34:09.158,1.02587,1.02597,1.50,1.50
2012.06.14 11:34:09.507,1.02587,1.02598,1.50,2.25
2012.06.14 11:34:09.794,1.02587,1.02599,1.50,4.50
2012.06.14 11:34:09.872,1.02586,1.02597,7.13,1.50
2012.06.14 11:34:10.389,1.02583,1.02595,3.00,2.25
2012.06.14 11:34:14.026,1.02583,1.02595,3.75,2.25
2012.06.14 11:34:15.826,1.02583,1.02595,3.00,2.25
2012.06.14 11:34:16.346,1.02583,1.02595,3.00,2.25
2012.06.14 11:34:21.648,1.02583,1.02595,3.75,2.25
2012.06.14 11:34:22.190,1.02583,1.02595,3.00,2.63
2012.06.14 11:34:22.785,1.02583,1.02595,3.00,2.63
2012.06.14 11:34:23.360,1.02583,1.02595,3.00,2.25
2012.06.14 11:34:23.878,1.02583,1.02595,3.00,2.25
2012.06.14 11:34:23.949,1.02583,1.02595,3.00,2.25
2012.06.14 11:34:24.587,1.02583,1.02595,3.00,2.25
2012.06.14 11:34:27.125,1.02583,1.02596,2.25,2.25
2012.06.14 11:34:28.089,1.02583,1.02596,2.25,2.25
2012.06.14 11:34:29.165,1.02583,1.02596,1.50,2.25
2012.06.14 11:34:33.885,1.02583,1.02595,1.50,1.50
2012.06.14 11:34:34.581,1.02583,1.02595,2.25,1.50
2012.06.14 11:34:38.737,1.02583,1.02595,3.00,1.50
2012.06.14 11:34:39.159,1.02585,1.02598,3.75,1.50
2012.06.14 11:34:39.229,1.02587,1.02598,1.50,1.50
2012.06.14 11:34:39.787,1.02589,1.02601,3.00,2.25
2012.06.14 11:34:44.085,1.02589,1.02601,3.00,2.25
2012.06.14 11:34:44.687,1.02589,1.02601,3.00,2.25
2012.06.14 11:34:45.899,1.02589,1.02601,3.38,2.25
2012.06.14 11:34:46.397,1.02589,1.02601,4.13,2.25
2012.06.14 11:34:46.925,1.02591,1.02601,1.13,2.25
2012.06.14 11:34:47.585,1.0259,1.02601,1.50,2.25
2012.06.14 11:34:48.125,1.02589,1.02599,1.50,2.25
2012.06.14 11:34:50.486,1.02587,1.02599,2.25,2.25
2012.06.14 11:34:50.908,1.02585,1.02596,1.50,2.25
2012.06.14 11:34:51.455,1.02584,1.02596,3.00,2.25
2012.06.14 11:35:09.109,1.02585,1.02599,1.50,5.25
2012.06.14 11:35:09.248,1.02586,1.02599,2.25,5.25
2012.06.14 11:35:09.668,1.02589,1.026,1.50,3.00
2012.06.14 11:35:10.546,1.02589,1.02599,1.05,2.25
2012.06.14 11:35:11.061,1.02587,1.02599,3.00,3.00
2012.06.14 11:35:12.321,1.02589,1.02599,2.25,2.25
2012.06.14 11:35:12.940,1.02589,1.02601,3.38,2.25
2012.06.14 11:35:13.158,1.02589,1.02601,3.75,2.25
2012.06.14 11:35:13.248,1.02589,1.02601,3.75,2.25
2012.06.14 11:35:13.856,1.02589,1.02601,3.00,3.00
2012.06.14 11:35:17.229,1.02589,1.02601,3.00,3.00
2012.06.14 11:35:18.989,1.02589,1.02601,2.33,3.75
2012.06.14 11:35:19.127,1.02589,1.02601,2.33,3.00
2012.06.14 11:35:19.687,1.02589,1.02601,2.25,2.25
2012.06.14 11:35:27.319,1.0259,1.02601,1.88,1.50
2012.06.14 11:35:27.660,1.02596,1.02604,4.50,4.88
2012.06.14 11:35:28.188,1.02597,1.02604,2.21,1.13
2012.06.14 11:35:28.259,1.02594,1.02606,2.25,1.13
2012.06.14 11:35:28.327,1.02594,1.02607,2.25,3.98
2012.06.14 11:35:28.596,1.02594,1.02607,5.10,3.00
2012.06.14 11:35:28.951,1.026,1.0261,2.25,2.22
2012.06.14 11:35:29.102,1.026,1.02612,3.00,2.25
2012.06.14 11:35:29.318,1.02602,1.02614,2.96,4.50
2012.06.14 11:35:29.386,1.02602,1.02614,2.96,3.75
2012.06.14 11:35:31.067,1.02602,1.02614,2.96,2.25
2012.06.14 11:35:33.668,1.02605,1.02614,4.50,2.25
2012.06.14 11:35:33.740,1.02606,1.02616,1.46,3.72
2012.06.14 11:35:40.828,1.02605,1.02617,2.21,4.13
2012.06.14 11:35:40.957,1.02603,1.02616,3.75,3.00
2012.06.14 11:35:41.462,1.02602,1.02615,2.25,1.50
2012.06.14 11:35:43.276,1.02602,1.02614,2.25,1.27
2012.06.14 11:35:43.632,1.026,1.02607,2.25,1.50
2012.06.14 11:35:43.715,1.02592,1.02604,3.00,1.50
2012.06.14 11:35:44.603,1.02592,1.02604,2.25,2.25
2012.06.14 11:35:53.558,1.02594,1.02605,2.10,2.25
2012.06.14 11:35:53.631,1.02594,1.02606,2.48,1.13
2012.06.14 11:35:53.712,1.02596,1.02606,1.73,1.13
2012.06.14 11:35:54.068,1.02604,1.02609,2.25,1.50
2012.06.14 11:35:54.208,1.02602,1.02612,2.25,1.50
2012.06.14 11:35:54.765,1.02602,1.02614,2.25,3.38
2012.06.14 11:35:56.847,1.02602,1.02614,2.25,3.75
2012.06.14 11:35:57.944,1.02602,1.02614,2.25,3.75
2012.06.14 11:36:01.237,1.02602,1.02613,2.25,2.25
2012.06.14 11:36:01.794,1.02602,1.02613,2.25,1.50
2012.06.14 11:36:02.365,1.02602,1.02613,2.25,2.25
2012.06.14 11:36:02.769,1.02605,1.02615,4.50,2.25
2012.06.14 11:36:02.976,1.02604,1.02615,3.38,1.50
2012.06.14 11:36:03.047,1.02604,1.02613,1.13,2.25
2012.06.14 11:36:03.555,1.02601,1.02613,6.00,2.25
2012.06.14 11:36:05.121,1.02601,1.02612,6.00,2.10
2012.06.14 11:36:05.201,1.02601,1.0261,1.50,2.48
2012.06.14 11:36:05.279,1.02601,1.02606,1.50,1.50
2012.06.14 11:36:05.614,1.02598,1.02606,1.50,2.25
2012.06.14 11:36:06.058,1.02593,1.02602,2.25,1.50
2012.06.14 11:36:06.143,1.02591,1.02602,1.50,3.00
2012.06.14 11:36:06.346,1.02588,1.02602,3.00,2.25
2012.06.14 11:36:07.310,1.02588,1.02601,2.25,3.75
2012.06.14 11:36:07.658,1.02588,1.02599,2.25,2.25
2012.06.14 11:36:08.742,1.02588,1.02599,1.50,1.50
2012.06.14 11:36:08.825,1.02589,1.02601,1.50,2.25
2012.06.14 11:36:09.249,1.02591,1.02601,4.50,1.50
2012.06.14 11:36:10.936,1.02592,1.02604,2.25,3.68
2012.06.14 11:36:11.626,1.02592,1.02604,2.25,3.00
2012.06.14 11:36:16.069,1.02594,1.02605,2.25,1.50
2012.06.14 11:36:17.131,1.02594,1.02606,3.00,2.25
2012.06.14 11:36:17.208,1.02596,1.02606,4.50,2.25
2012.06.14 11:36:17.555,1.02594,1.02606,4.50,2.25
2012.06.14 11:36:18.650,1.02595,1.02606,4.50,2.25
2012.06.14 11:36:18.871,1.02597,1.02608,2.25,2.63
2012.06.14 11:36:19.489,1.026,1.02609,6.75,1.50
2012.06.14 11:36:19.628,1.026,1.0261,6.75,1.88
2012.06.14 11:36:19.907,1.026,1.02613,6.75,2.25
2012.06.14 11:36:19.975,1.026,1.02613,6.75,2.25
2012.06.14 11:36:22.143,1.02601,1.02614,2.25,4.50
2012.06.14 11:36:26.056,1.026,1.02612,9.75,1.50
2012.06.14 11:36:31.588,1.02601,1.02614,2.25,1.88
2012.06.14 11:36:34.884,1.02603,1.02613,2.10,1.50
2012.06.14 11:36:35.367,1.02603,1.02613,2.25,1.50
2012.06.14 11:36:35.717,1.02605,1.02617,3.00,1.50
2012.06.14 11:36:35.789,1.02607,1.02617,1.50,1.50
2012.06.14 11:36:36.558,1.02609,1.02621,1.50,2.25
2012.06.14 11:36:37.207,1.02609,1.02621,1.50,2.25
2012.06.14 11:36:38.385,1.02609,1.02621,1.50,1.50
2012.06.14 11:36:39.765,1.02609,1.02622,3.00,1.50
2012.06.14 11:36:40.325,1.02609,1.02621,1.50,1.50
2012.06.14 11:36:41.444,1.02609,1.02621,2.25,1.50
2012.06.14 11:36:41.975,1.02609,1.02623,3.75,3.00
2012.06.14 11:36:42.370,1.0261,1.02623,2.85,2.25
2012.06.14 11:36:42.729,1.02617,1.02629,2.25,3.38
2012.06.14 11:36:42.942,1.02617,1.02629,2.25,1.50
2012.06.14 11:36:43.020,1.02617,1.0263,1.50,2.25
2012.06.14 11:36:43.160,1.02615,1.02628,1.50,1.50
2012.06.14 11:36:43.670,1.02614,1.02624,1.50,1.50
2012.06.14 11:36:44.177,1.02614,1.02627,1.50,2.25
2012.06.14 11:36:44.995,1.02614,1.02627,1.50,2.25
2012.06.14 11:36:45.559,1.02614,1.02624,3.75,1.50
2012.06.14 11:36:46.106,1.02612,1.02624,2.25,1.50
2012.06.14 11:36:47.488,1.02611,1.02622,5.25,1.50
2012.06.14 11:36:47.560,1.02611,1.02622,1.50,2.25
2012.06.14 11:36:47.708,1.0261,1.02622,4.50,1.50
2012.06.14 11:36:47.776,1.02611,1.02622,5.25,1.50
2012.06.14 11:36:48.302,1.02608,1.02619,2.25,1.50
2012.06.14 11:36:48.520,1.02607,1.02619,2.25,2.25
2012.06.14 11:36:48.741,1.02605,1.02618,1.50,1.88
2012.06.14 11:36:49.300,1.02604,1.02614,1.50,2.25
2012.06.14 11:36:49.868,1.02601,1.02615,6.38,3.75
2012.06.14 11:36:50.897,1.02601,1.02615,6.00,3.75
2012.06.14 11:36:51.458,1.02601,1.02615,6.00,3.00
2012.06.14 11:36:51.881,1.02606,1.02615,5.10,1.50
2012.06.14 11:36:52.040,1.02604,1.02614,3.42,3.00
2012.06.14 11:36:52.191,1.02606,1.02616,4.50,1.50
2012.06.14 11:36:52.760,1.02606,1.02618,6.00,2.25
2012.06.14 11:36:52.972,1.02603,1.02615,1.88,2.25
2012.06.14 11:36:53.310,1.02601,1.02612,6.00,1.50
2012.06.14 11:36:54.160,1.02602,1.02615,1.50,2.25
2012.06.14 11:36:54.997,1.02601,1.02614,6.75,1.50
2012.06.14 11:36:55.066,1.02601,1.02612,5.25,1.50
2012.06.14 11:36:57.187,1.02601,1.02612,4.50,2.63
2012.06.14 11:36:57.258,1.026,1.02612,2.25,3.38
2012.06.14 11:36:57.402,1.02599,1.02609,2.25,1.50
2012.06.14 11:36:57.758,1.02595,1.02605,2.25,2.25
2012.06.14 11:36:59.188,1.02596,1.02608,1.88,2.25
2012.06.14 11:36:59.469,1.02601,1.02608,4.50,1.50
2012.06.14 11:36:59.985,1.02604,1.02614,2.25,1.09
2012.06.14 11:37:00.478,1.02606,1.02615,4.50,2.25
2012.06.14 11:37:00.764,1.02607,1.02617,1.50,1.50
2012.06.14 11:37:00.838,1.02606,1.02617,3.38,1.50
2012.06.14 11:37:00.982,1.02608,1.02618,1.50,2.25
2012.06.14 11:37:01.202,1.02609,1.02621,4.50,1.50
2012.06.14 11:37:01.282,1.02611,1.02623,2.25,2.25
2012.06.14 11:37:02.118,1.02613,1.02625,2.25,3.75
2012.06.14 11:37:02.529,1.02613,1.02625,2.25,3.00
2012.06.14 11:37:05.027,1.02611,1.02624,3.00,1.50
2012.06.14 11:37:10.187,1.02613,1.02625,2.25,1.50
2012.06.14 11:37:12.848,1.02613,1.02625,3.38,1.50
2012.06.14 11:37:13.332,1.02617,1.02625,1.50,1.50
2012.06.14 11:37:13.485,1.02617,1.02628,2.25,2.25
2012.06.14 11:37:13.560,1.02617,1.02627,1.50,1.50
2012.06.14 11:37:13.848,1.02617,1.02629,3.14,2.25
2012.06.14 11:37:13.990,1.02619,1.02626,1.50,1.50
2012.06.14 11:37:14.278,1.02619,1.02629,1.50,1.50
2012.06.14 11:37:14.832,1.02619,1.02631,3.00,3.00
2012.06.14 11:37:14.910,1.02619,1.02629,1.50,1.50
2012.06.14 11:37:14.980,1.02619,1.02631,3.00,3.00
2012.06.14 11:37:16.690,1.02619,1.02631,3.00,3.00
2012.06.14 11:37:17.367,1.02619,1.02631,3.00,3.00
2012.06.14 11:37:17.934,1.02619,1.02631,3.00,3.00
2012.06.14 11:37:18.497,1.02619,1.02631,3.00,3.00
2012.06.14 11:37:18.767,1.02619,1.02629,2.25,1.50
2012.06.14 11:37:19.115,1.02619,1.02627,2.25,1.50
2012.06.14 11:37:19.627,1.02619,1.02627,2.25,1.50
2012.06.14 11:37:20.688,1.02619,1.02627,2.25,1.50
2012.06.14 11:37:20.761,1.02619,1.0263,2.25,2.25
2012.06.14 11:37:21.829,1.02619,1.02631,2.25,3.00
2012.06.14 11:37:22.817,1.02619,1.02631,2.25,3.00
2012.06.14 11:37:23.338,1.0262,1.02632,2.25,2.25
2012.06.14 11:37:23.900,1.02619,1.02631,2.42,2.25
2012.06.14 11:37:24.806,1.02619,1.0263,2.42,1.50
2012.06.14 11:37:25.354,1.02619,1.02632,3.92,1.50
2012.06.14 11:37:27.282,1.02619,1.02633,3.92,3.38
2012.06.14 11:37:28.245,1.02619,1.0263,2.42,1.50
2012.06.14 11:37:28.778,1.02619,1.0263,2.42,1.50
2012.06.14 11:37:29.298,1.02621,1.02633,2.25,1.88
2012.06.14 11:37:29.442,1.02622,1.02634,1.50,1.50
2012.06.14 11:37:29.522,1.02622,1.02634,1.50,1.50
2012.06.14 11:37:29.670,1.02622,1.02635,1.50,1.88
2012.06.14 11:37:30.391,1.02623,1.02636,2.25,1.13
2012.06.14 11:37:30.538,1.02626,1.02637,1.50,2.48
2012.06.14 11:37:30.947,1.02628,1.02638,1.50,2.63
2012.06.14 11:37:31.547,1.02626,1.02638,1.50,3.00
2012.06.14 11:37:31.830,1.02624,1.02633,1.50,1.50
2012.06.14 11:37:33.748,1.02625,1.02639,1.50,4.50
2012.06.14 11:37:34.766,1.02624,1.02637,3.00,1.50
2012.06.14 11:37:35.868,1.02627,1.02639,1.50,3.38
2012.06.14 11:37:36.427,1.02628,1.02641,2.25,1.13
2012.06.14 11:37:36.998,1.02628,1.02642,2.25,3.75
2012.06.14 11:37:37.355,1.02627,1.02639,3.00,1.50
2012.06.14 11:37:43.722,1.02628,1.02642,3.00,3.00
2012.06.14 11:37:43.937,1.02628,1.02642,3.75,2.25
2012.06.14 11:37:44.394,1.0263,1.02644,3.00,5.25
2012.06.14 11:37:44.767,1.0263,1.02644,3.00,6.00
2012.06.14 11:37:45.105,1.02631,1.02644,6.00,1.50
2012.06.14 11:37:45.819,1.02632,1.02646,2.25,4.95
2012.06.14 11:37:46.455,1.02632,1.02646,2.25,3.00
2012.06.14 11:37:48.262,1.02634,1.02646,1.50,2.63
2012.06.14 11:37:48.618,1.02636,1.02647,1.88,3.38
2012.06.14 11:37:49.039,1.02637,1.02649,2.25,2.25
2012.06.14 11:37:49.107,1.02637,1.02648,2.25,1.20
2012.06.14 11:37:49.247,1.02635,1.02647,1.88,2.85
2012.06.14 11:37:49.575,1.02633,1.02645,1.50,1.50
2012.06.14 11:37:50.337,1.02635,1.02647,1.50,3.75
2012.06.14 11:37:56.257,1.02633,1.02645,1.50,1.50
2012.06.14 11:38:00.905,1.02635,1.02647,1.50,2.63
2012.06.14 11:38:02.445,1.02635,1.02647,1.50,2.25
2012.06.14 11:38:03.957,1.02635,1.02647,1.50,4.50
2012.06.14 11:38:04.707,1.02633,1.02645,1.50,1.50
2012.06.14 11:38:05.379,1.02633,1.02646,1.73,2.25
2012.06.14 11:38:05.519,1.02634,1.02647,8.96,1.50
2012.06.14 11:38:05.667,1.02634,1.02647,3.75,2.25
2012.06.14 11:38:06.205,1.02633,1.02645,1.50,2.25
2012.06.14 11:38:15.833,1.02633,1.02645,1.50,1.88
2012.06.14 11:38:17.278,1.02634,1.02645,1.50,1.13
2012.06.14 11:38:17.817,1.02633,1.02645,3.00,2.63
2012.06.14 11:38:19.255,1.02631,1.02644,1.50,1.88
2012.06.14 11:38:20.148,1.02632,1.02645,1.50,1.13
2012.06.14 11:38:20.718,1.02632,1.02645,2.25,1.13
2012.06.14 11:38:21.259,1.02637,1.02646,2.25,1.50
2012.06.14 11:38:21.507,1.02637,1.02649,2.25,2.22
2012.06.14 11:38:23.519,1.02636,1.02649,3.00,1.88
2012.06.14 11:38:27.939,1.02637,1.0265,2.21,3.00
2012.06.14 11:38:28.151,1.02639,1.02651,1.50,1.88
2012.06.14 11:38:28.496,1.02641,1.02653,3.75,2.25
2012.06.14 11:38:29.150,1.02641,1.02653,3.75,2.25
2012.06.14 11:38:29.790,1.02641,1.02653,3.75,2.25
2012.06.14 11:38:30.359,1.02641,1.02653,3.75,2.25
2012.06.14 11:38:30.778,1.02642,1.02653,1.50,1.50
2012.06.14 11:38:30.916,1.02643,1.02653,1.13,1.50
2012.06.14 11:38:31.125,1.02643,1.02656,1.13,1.50
2012.06.14 11:38:31.658,1.02644,1.02658,1.50,3.98
2012.06.14 11:38:34.086,1.02644,1.02658,2.25,3.60
2012.06.14 11:38:35.717,1.02643,1.02656,1.88,1.50
2012.06.14 11:38:35.919,1.02644,1.02658,1.50,5.48
2012.06.14 11:38:36.478,1.02647,1.02658,1.50,2.48
2012.06.14 11:38:37.994,1.02643,1.02657,1.88,1.50
2012.06.14 11:38:38.642,1.02645,1.02658,1.50,2.48
2012.06.14 11:38:39.419,1.02644,1.02656,3.75,1.50
2012.06.14 11:38:40.497,1.02644,1.02656,2.25,1.50
2012.06.14 11:38:41.221,1.02644,1.02656,2.25,1.50
2012.06.14 11:38:42.283,1.02644,1.02656,2.25,1.50
2012.06.14 11:38:43.617,1.02644,1.02656,2.25,1.50
2012.06.14 11:38:43.756,1.02645,1.02658,2.25,1.88
2012.06.14 11:38:44.857,1.02645,1.02657,1.50,1.50
2012.06.14 11:38:48.096,1.02644,1.02657,2.25,1.50
2012.06.14 11:38:48.921,1.02643,1.02654,2.25,1.35
2012.06.14 11:38:49.010,1.02641,1.02648,1.50,1.20
2012.06.14 11:38:49.083,1.02638,1.02648,1.50,1.20
2012.06.14 11:38:49.163,1.02636,1.02648,2.21,1.20
2012.06.14 11:38:49.698,1.02634,1.02646,2.25,2.48
2012.06.14 11:38:50.052,1.02631,1.0264,1.50,1.27
2012.06.14 11:38:50.410,1.02624,1.02637,2.63,1.20
2012.06.14 11:38:50.626,1.02623,1.02635,1.50,1.50
2012.06.14 11:38:51.470,1.02624,1.02637,1.50,2.93
2012.06.14 11:38:55.559,1.02624,1.02637,1.50,2.93
2012.06.14 11:38:56.069,1.02623,1.02635,1.50,2.10
2012.06.14 11:38:56.282,1.02623,1.02635,1.50,2.10
2012.06.14 11:38:56.858,1.02623,1.02635,1.50,2.10
2012.06.14 11:38:58.766,1.02623,1.02635,1.50,1.50
2012.06.14 11:39:01.347,1.02625,1.02637,1.50,3.45
2012.06.14 11:39:07.664,1.02623,1.02635,1.50,1.50
2012.06.14 11:39:09.782,1.02623,1.02635,1.50,2.10
2012.06.14 11:39:13.868,1.02623,1.02635,1.50,1.50
2012.06.14 11:39:14.079,1.02625,1.02636,1.50,1.20
2012.06.14 11:39:14.839,1.02623,1.02635,2.25,1.50
2012.06.14 11:39:16.946,1.02623,1.02635,1.50,2.10
2012.06.14 11:39:20.387,1.02623,1.02635,1.50,2.70
2012.06.14 11:39:22.434,1.02623,1.02635,1.50,2.10
2012.06.14 11:39:22.991,1.02624,1.02636,1.50,1.35
2012.06.14 11:39:23.539,1.02622,1.02636,1.50,2.85
2012.06.14 11:39:24.318,1.02625,1.02636,1.50,1.35
2012.06.14 11:39:24.968,1.02625,1.02636,1.50,1.35
2012.06.14 11:39:25.097,1.02622,1.02636,3.00,2.85
2012.06.14 11:39:29.248,1.02624,1.02636,1.50,1.35
2012.06.14 11:39:35.654,1.02623,1.02635,1.50,2.10
2012.06.14 11:39:44.988,1.02623,1.02635,1.50,2.10
2012.06.14 11:39:45.515,1.02623,1.02635,1.50,2.10
2012.06.14 11:39:46.479,1.02623,1.02635,1.50,3.52
2012.06.14 11:39:46.831,1.02621,1.02633,1.46,2.48
2012.06.14 11:39:47.188,1.02619,1.02629,1.50,4.12
2012.06.14 11:39:47.537,1.02616,1.02628,1.50,1.35
2012.06.14 11:39:48.076,1.02616,1.02627,1.50,1.20
2012.06.14 11:39:49.155,1.02615,1.02627,1.50,2.70
2012.06.14 11:39:51.862,1.02615,1.02627,1.50,2.10
2012.06.14 11:39:52.008,1.02616,1.02628,4.46,1.58
2012.06.14 11:39:52.518,1.02618,1.02629,1.50,3.98
2012.06.14 11:39:52.800,1.02615,1.02628,3.75,1.73
2012.06.14 11:39:53.983,1.02614,1.02627,1.50,1.50
2012.06.14 11:39:55.485,1.02616,1.02628,1.50,2.48
2012.06.14 11:39:56.910,1.02616,1.02628,1.50,2.85
2012.06.14 11:39:57.047,1.02614,1.02626,2.25,1.50
2012.06.14 11:39:57.257,1.02614,1.02626,1.50,3.00
2012.06.14 11:39:58.370,1.02614,1.02623,1.50,1.35
2012.06.14 11:39:58.917,1.02612,1.02623,1.50,1.35
2012.06.14 11:40:00.645,1.02614,1.02625,1.50,3.38
2012.06.14 11:40:00.717,1.02614,1.02626,2.25,3.00
2012.06.14 11:40:00.992,1.02616,1.02627,2.25,1.13
2012.06.14 11:40:01.549,1.02616,1.02628,1.50,4.88
2012.06.14 11:40:02.114,1.02614,1.02627,1.13,1.88
2012.06.14 11:40:02.647,1.02614,1.02627,1.13,1.50
2012.06.14 11:40:04.058,1.02613,1.02627,1.50,1.50
2012.06.14 11:40:04.580,1.02613,1.02627,2.25,1.50
2012.06.14 11:40:05.313,1.02613,1.02627,2.25,1.88
2012.06.14 11:40:05.657,1.02613,1.02627,2.25,1.88
2012.06.14 11:40:05.726,1.02613,1.02627,2.25,1.88
2012.06.14 11:40:09.866,1.02613,1.02627,2.25,1.50
2012.06.14 11:40:10.397,1.02613,1.02627,2.25,1.50
2012.06.14 11:40:10.646,1.02613,1.02627,2.25,1.50
2012.06.14 11:40:15.698,1.02614,1.02627,1.88,1.50
2012.06.14 11:40:16.867,1.02614,1.02627,1.13,1.50
2012.06.14 11:40:22.545,1.02613,1.02627,1.50,2.25
2012.06.14 11:40:27.590,1.02616,1.02628,1.50,4.50
2012.06.14 11:40:30.066,1.02616,1.02628,1.50,3.38
2012.06.14 11:40:31.008,1.02617,1.02628,1.50,3.38
2012.06.14 11:40:31.502,1.02621,1.02632,2.25,2.25
2012.06.14 11:40:31.578,1.02621,1.02633,2.25,1.13
2012.06.14 11:40:32.119,1.02624,1.02636,1.50,5.29
2012.06.14 11:40:32.261,1.02624,1.02636,1.50,3.00
2012.06.14 11:40:37.029,1.02625,1.02637,1.50,1.50
2012.06.14 11:40:38.145,1.02624,1.02637,1.50,4.09
2012.06.14 11:40:38.666,1.02622,1.02634,2.21,1.50
2012.06.14 11:40:41.315,1.02622,1.02636,2.21,3.38
2012.06.14 11:40:42.913,1.02625,1.02637,1.50,2.25
2012.06.14 11:40:43.387,1.02623,1.02635,1.50,1.50
2012.06.14 11:40:46.826,1.02625,1.02635,1.50,1.50
2012.06.14 11:40:46.986,1.02621,1.02633,5.21,1.50
2012.06.14 11:40:47.838,1.02622,1.02632,1.46,1.50
2012.06.14 11:40:48.537,1.02622,1.02632,1.46,1.50
2012.06.14 11:40:48.627,1.02623,1.02634,2.25,1.50
2012.06.14 11:40:48.765,1.02623,1.02637,2.25,1.50
2012.06.14 11:40:49.266,1.02622,1.02635,5.21,1.50
2012.06.14 11:40:50.546,1.02621,1.02635,5.58,1.50
2012.06.14 11:40:51.116,1.02624,1.02636,1.50,1.50
2012.06.14 11:40:53.730,1.02625,1.02636,2.25,1.50
2012.06.14 11:40:54.081,1.0263,1.02638,1.50,1.50
2012.06.14 11:40:54.299,1.02633,1.02645,1.50,3.75
2012.06.14 11:40:54.845,1.02635,1.02647,1.50,1.88
2012.06.14 11:40:58.398,1.02633,1.02645,2.25,1.50
2012.06.14 11:41:00.148,1.02635,1.02645,2.25,1.50
2012.06.14 11:41:00.486,1.02636,1.02648,2.96,1.13
2012.06.14 11:41:03.746,1.02635,1.02647,2.25,2.25
2012.06.14 11:41:04.087,1.02633,1.02646,1.13,1.50
2012.06.14 11:41:04.641,1.02634,1.02647,1.50,1.50
2012.06.14 11:41:05.306,1.02633,1.02645,2.25,1.50
2012.06.14 11:41:05.802,1.02632,1.02643,2.25,1.50
2012.06.14 11:41:07.258,1.02633,1.02645,2.25,3.38
2012.06.14 11:41:28.512,1.02635,1.02646,1.50,1.13
2012.06.14 11:41:28.588,1.02633,1.02645,1.50,1.50
2012.06.14 11:41:28.798,1.02635,1.02647,1.50,4.13
2012.06.14 11:41:29.802,1.02633,1.02645,3.75,1.50
2012.06.14 11:41:30.275,1.02633,1.02645,2.63,1.50
2012.06.14 11:41:30.480,1.02637,1.02647,2.25,2.25
2012.06.14 11:41:30.748,1.02638,1.02649,1.50,2.25
2012.06.14 11:41:32.929,1.02638,1.0265,2.25,1.50
2012.06.14 11:41:33.395,1.0264,1.02652,1.50,4.50
2012.06.14 11:41:33.895,1.02638,1.02651,2.25,2.25
2012.06.14 11:41:34.457,1.02638,1.02651,1.50,1.50
2012.06.14 11:41:34.715,1.0264,1.02653,1.50,1.50
2012.06.14 11:41:34.983,1.02642,1.02654,1.46,3.38
2012.06.14 11:41:35.506,1.02644,1.02656,1.50,2.63
2012.06.14 11:41:35.907,1.02644,1.02656,1.50,1.88
2012.06.14 11:41:38.668,1.02644,1.02656,2.25,1.88
2012.06.14 11:41:39.236,1.02644,1.02656,1.50,1.88
2012.06.14 11:41:39.582,1.02642,1.02654,5.96,1.50
2012.06.14 11:41:40.118,1.02642,1.02654,3.71,1.50
2012.06.14 11:41:40.471,1.02639,1.02653,4.88,2.85
2012.06.14 11:41:40.555,1.0264,1.0265,1.50,1.50
2012.06.14 11:41:41.094,1.02639,1.0265,1.50,1.50
2012.06.14 11:41:41.616,1.02639,1.0265,1.50,2.25
2012.06.14 11:41:42.568,1.02638,1.0265,1.50,2.25
2012.06.14 11:41:44.955,1.02639,1.02652,1.50,4.88
2012.06.14 11:41:45.479,1.02639,1.02649,1.50,1.50
2012.06.14 11:41:46.294,1.02642,1.02651,1.50,1.50
2012.06.14 11:41:46.371,1.02642,1.02653,2.25,1.50
2012.06.14 11:41:46.447,1.02642,1.02654,3.00,3.75
2012.06.14 11:41:46.587,1.02642,1.02655,3.71,1.09
2012.06.14 11:41:47.128,1.02642,1.02656,2.96,2.25
2012.06.14 11:41:47.913,1.02642,1.02653,1.50,1.50
2012.06.14 11:41:48.274,1.02639,1.02643,1.50,2.25
2012.06.14 11:41:48.632,1.02634,1.02638,2.25,2.25
2012.06.14 11:41:48.713,1.02626,1.02638,2.25,2.25
2012.06.14 11:41:49.132,1.02626,1.02637,2.25,1.50
2012.06.14 11:41:49.410,1.02626,1.02635,2.25,1.88
2012.06.14 11:41:49.477,1.02626,1.02635,1.50,1.88
2012.06.14 11:41:49.549,1.02622,1.02634,1.50,1.88
2012.06.14 11:41:50.482,1.02622,1.02635,3.00,1.13
2012.06.14 11:41:50.556,1.02622,1.02635,2.25,1.13
2012.06.14 11:41:51.381,1.02625,1.02635,1.50,1.13
2012.06.14 11:41:52.397,1.02622,1.02635,2.63,1.13
2012.06.14 11:41:52.926,1.02622,1.02635,2.63,1.13
2012.06.14 11:41:53.493,1.02622,1.02635,3.38,1.13
2012.06.14 11:41:54.034,1.02622,1.02635,3.00,1.13
2012.06.14 11:41:54.575,1.02622,1.02635,3.00,1.13
2012.06.14 11:42:06.807,1.02622,1.02636,2.25,3.00
2012.06.14 11:42:09.619,1.02623,1.02636,1.13,3.00
2012.06.14 11:42:09.687,1.02623,1.02636,2.63,3.00
2012.06.14 11:42:10.038,1.02632,1.02638,1.50,1.09
2012.06.14 11:42:10.574,1.02632,1.02643,1.50,1.13
2012.06.14 11:42:11.073,1.02632,1.02644,1.50,3.00
2012.06.14 11:42:12.469,1.0263,1.02642,3.08,1.50
2012.06.14 11:42:14.288,1.0263,1.02642,2.25,1.50
2012.06.14 11:42:16.107,1.0263,1.02639,2.25,2.10
2012.06.14 11:42:16.642,1.02624,1.02636,3.04,4.35
2012.06.14 11:42:16.721,1.02624,1.02635,1.50,1.50
2012.06.14 11:42:17.220,1.02622,1.02634,2.96,1.50
2012.06.14 11:42:18.588,1.02622,1.02634,2.96,1.88
2012.06.14 11:42:19.115,1.02622,1.02634,2.96,1.88
2012.06.14 11:42:22.726,1.02623,1.02634,1.50,1.13
2012.06.14 11:42:25.238,1.02623,1.02635,1.50,2.25
2012.06.14 11:42:26.457,1.02623,1.02635,1.50,2.25
2012.06.14 11:42:36.043,1.02623,1.02635,1.50,1.88
2012.06.14 11:42:36.554,1.02623,1.02635,1.50,1.88
2012.06.14 11:42:37.063,1.02622,1.02635,1.46,2.63
2012.06.14 11:42:37.630,1.02623,1.02635,1.50,1.13
2012.06.14 11:42:45.726,1.02622,1.02635,1.46,2.63
2012.06.14 11:42:48.125,1.02623,1.02635,1.50,1.88
2012.06.14 11:42:50.025,1.02621,1.02635,5.96,3.38
2012.06.14 11:42:53.865,1.02622,1.02635,5.10,2.63
2012.06.14 11:42:54.265,1.02627,1.02636,1.50,1.13
2012.06.14 11:43:01.850,1.02625,1.02637,5.21,3.38
2012.06.14 11:43:03.207,1.02625,1.02637,4.50,4.13
2012.06.14 11:43:03.688,1.02623,1.02635,1.50,2.63
2012.06.14 11:43:04.300,1.02621,1.02633,2.96,1.50
2012.06.14 11:43:04.660,1.0262,1.02626,2.25,1.88
2012.06.14 11:43:04.879,1.02615,1.02625,3.00,1.50
2012.06.14 11:43:05.374,1.02614,1.02626,1.88,1.88
2012.06.14 11:43:05.719,1.02613,1.02625,1.13,3.75
2012.06.14 11:43:06.070,1.02612,1.02625,2.21,3.75
2012.06.14 11:43:06.557,1.02613,1.02627,1.50,4.50
2012.06.14 11:43:07.527,1.02612,1.02625,2.21,1.50
2012.06.14 11:43:08.088,1.02613,1.02626,1.50,1.50
2012.06.14 11:43:08.866,1.02613,1.02626,1.50,3.00
2012.06.14 11:43:12.895,1.02613,1.02627,1.50,3.00
2012.06.14 11:43:30.819,1.02615,1.02628,1.50,2.25
2012.06.14 11:43:31.086,1.02615,1.02628,1.50,2.25
2012.06.14 11:43:31.786,1.02613,1.02625,3.00,1.50
2012.06.14 11:43:33.062,1.02612,1.02623,1.46,1.50
2012.06.14 11:43:33.558,1.02611,1.02623,2.96,2.25
2012.06.14 11:43:36.712,1.02611,1.02622,2.21,1.50
2012.06.14 11:43:37.254,1.0261,1.02622,2.21,4.13
2012.06.14 11:43:37.341,1.02605,1.02617,3.75,5.03
2012.06.14 11:43:37.421,1.02605,1.02617,2.25,1.88
2012.06.14 11:43:37.778,1.02602,1.02614,2.25,4.88
2012.06.14 11:43:39.527,1.02603,1.02616,1.50,1.50
2012.06.14 11:43:41.945,1.02603,1.02616,3.00,1.13
2012.06.14 11:43:42.276,1.02606,1.02617,1.46,2.25
2012.06.14 11:43:42.347,1.02609,1.02619,1.50,1.09
2012.06.14 11:43:42.419,1.02609,1.02618,1.50,1.88
2012.06.14 11:43:42.617,1.02604,1.02615,1.17,4.50
2012.06.14 11:43:42.687,1.02603,1.02615,2.25,4.50
2012.06.14 11:43:42.826,1.02604,1.02616,2.25,1.50
2012.06.14 11:43:46.524,1.02604,1.02616,2.63,1.50
2012.06.14 11:43:47.052,1.02603,1.02614,1.13,1.50
2012.06.14 11:43:47.844,1.02602,1.02614,2.25,1.50
2012.06.14 11:43:49.047,1.02604,1.02616,1.50,1.50
2012.06.14 11:43:51.739,1.02604,1.02616,4.50,1.50
2012.06.14 11:43:52.287,1.02605,1.02617,1.50,4.50
2012.06.14 11:43:52.354,1.02603,1.02615,1.50,2.25
2012.06.14 11:43:57.314,1.02602,1.02613,1.13,1.50
2012.06.14 11:43:57.703,1.02603,1.02615,1.50,3.75
2012.06.14 11:43:58.438,1.02603,1.02615,1.50,3.75
2012.06.14 11:43:58.944,1.02603,1.02615,1.50,2.63
2012.06.14 11:44:20.585,1.02603,1.02614,2.25,1.35
2012.06.14 11:44:21.637,1.02602,1.02613,1.46,1.13
2012.06.14 11:44:21.719,1.026,1.02612,1.50,2.25
2012.06.14 11:44:22.845,1.02598,1.0261,2.25,1.50
2012.06.14 11:44:23.177,1.02599,1.02613,2.25,3.00
2012.06.14 11:44:23.246,1.02599,1.02613,6.00,2.25
2012.06.14 11:44:23.320,1.02602,1.02614,1.50,4.13
2012.06.14 11:44:23.826,1.02602,1.02614,1.50,4.13
2012.06.14 11:44:24.158,1.02601,1.02612,1.50,1.50
2012.06.14 11:44:24.738,1.026,1.02612,2.63,1.50
2012.06.14 11:44:25.689,1.026,1.02612,1.50,5.10
2012.06.14 11:44:25.766,1.02598,1.0261,1.50,1.50
2012.06.14 11:44:25.907,1.026,1.02612,1.50,5.10
2012.06.14 11:44:28.126,1.02601,1.02612,1.50,2.25
2012.06.14 11:44:28.196,1.02601,1.02614,1.50,1.88
2012.06.14 11:44:28.670,1.02599,1.02613,4.50,1.50
2012.06.14 11:44:29.515,1.02599,1.02613,2.25,3.75
2012.06.14 11:44:30.936,1.026,1.02613,3.00,4.50
2012.06.14 11:44:31.079,1.026,1.02613,5.96,3.00
2012.06.14 11:44:33.138,1.02604,1.02615,2.96,3.34
2012.06.14 11:44:33.278,1.02605,1.02615,1.46,1.09
2012.06.14 11:44:33.699,1.02605,1.02614,1.50,2.25
2012.06.14 11:44:33.839,1.02603,1.02614,2.21,2.25
2012.06.14 11:44:34.378,1.02603,1.02614,2.96,2.25
2012.06.14 11:44:36.066,1.02603,1.02615,2.96,2.25
2012.06.14 11:44:46.982,1.02603,1.02615,2.96,2.25
2012.06.14 11:44:48.385,1.02603,1.02615,2.96,3.75
2012.06.14 11:44:52.924,1.02603,1.02615,2.21,1.88
2012.06.14 11:44:53.779,1.02604,1.02616,1.50,2.25
2012.06.14 11:44:55.633,1.02603,1.02615,1.46,1.50
2012.06.14 11:44:56.399,1.02603,1.02617,2.96,4.13
2012.06.14 11:44:57.639,1.02603,1.02617,3.71,3.38
2012.06.14 11:44:57.996,1.02613,1.02619,1.46,4.50
2012.06.14 11:44:58.212,1.02613,1.0262,1.46,2.25
2012.06.14 11:44:58.788,1.02614,1.02623,1.46,1.50
2012.06.14 11:44:58.933,1.02618,1.02626,2.21,1.50
2012.06.14 11:44:59.289,1.0262,1.02627,3.75,1.50
2012.06.14 11:44:59.639,1.02623,1.02633,2.21,2.29
2012.06.14 11:45:01.276,1.02623,1.02635,2.21,3.00
2012.06.14 11:45:02.315,1.02623,1.02635,2.21,3.00
2012.06.14 11:45:02.949,1.02623,1.02635,2.96,2.25
2012.06.14 11:45:04.558,1.02623,1.02635,2.96,2.25
2012.06.14 11:45:06.440,1.02625,1.02637,1.50,3.75
2012.06.14 11:45:07.292,1.02625,1.02637,1.50,3.75
2012.06.14 11:45:07.438,1.02622,1.02633,2.21,1.50
2012.06.14 11:45:08.104,1.02623,1.02635,2.21,3.75
2012.06.14 11:45:10.805,1.02623,1.02635,2.21,1.50
2012.06.14 11:45:11.658,1.02623,1.02635,2.96,1.50
2012.06.14 11:45:14.637,1.02625,1.02635,1.46,1.50
2012.06.14 11:45:14.777,1.02625,1.02637,3.71,2.25
2012.06.14 11:45:15.061,1.02624,1.02638,3.75,2.25
2012.06.14 11:45:15.279,1.02624,1.02635,2.25,1.50
2012.06.14 11:45:15.346,1.02623,1.02635,2.96,1.50
2012.06.14 11:45:17.516,1.02623,1.02635,2.96,1.50
2012.06.14 11:45:20.208,1.02623,1.02635,2.21,1.50
2012.06.14 11:45:20.493,1.02621,1.02632,1.88,1.88
2012.06.14 11:45:20.849,1.02619,1.02628,3.00,1.50
2012.06.14 11:45:21.409,1.02616,1.02628,2.58,2.25
2012.06.14 11:45:23.560,1.0262,1.02632,2.25,2.25
2012.06.14 11:45:24.024,1.02618,1.02628,2.21,1.50
2012.06.14 11:45:24.226,1.02618,1.02631,2.21,3.75
2012.06.14 11:45:24.887,1.02619,1.02632,2.25,2.25
2012.06.14 11:45:24.960,1.0262,1.02633,1.31,3.38
2012.06.14 11:45:25.437,1.02623,1.02635,2.21,3.75
2012.06.14 11:45:32.037,1.02624,1.02638,2.96,6.00
2012.06.14 11:45:34.095,1.02624,1.02638,2.96,3.75
2012.06.14 11:45:35.495,1.02624,1.02635,1.46,1.50
2012.06.14 11:45:53.448,1.02624,1.02635,2.21,1.50
2012.06.14 11:45:53.592,1.02627,1.02639,2.21,2.25
2012.06.14 11:45:53.809,1.02631,1.02641,1.50,1.50
2012.06.14 11:45:54.150,1.02631,1.02643,2.96,3.00
2012.06.14 11:45:54.961,1.02634,1.02647,3.38,2.25
2012.06.14 11:45:55.047,1.02634,1.02648,3.75,2.29
2012.06.14 11:45:55.629,1.02634,1.02648,4.50,2.25
2012.06.14 11:45:55.977,1.02635,1.02648,1.50,2.25
2012.06.14 11:45:57.953,1.02634,1.02648,4.88,2.25
2012.06.14 11:45:58.281,1.02634,1.02648,3.75,3.00
2012.06.14 11:45:58.489,1.02634,1.02646,1.50,1.50
2012.06.14 11:45:59.027,1.02633,1.02646,2.21,1.50
2012.06.14 11:45:59.845,1.02633,1.02646,2.21,1.50
2012.06.14 11:46:00.199,1.02634,1.02648,2.25,3.75
2012.06.14 11:46:01.986,1.02634,1.02648,3.00,3.00
2012.06.14 11:46:04.026,1.02635,1.02648,2.21,2.25
2012.06.14 11:46:04.467,1.02635,1.02648,1.46,3.00
2012.06.14 11:46:04.537,1.02634,1.02648,2.63,3.75
2012.06.14 11:46:05.097,1.02632,1.02646,5.25,2.25
2012.06.14 11:46:05.558,1.02632,1.02646,3.00,2.25
2012.06.14 11:46:06.427,1.02634,1.02648,1.50,4.13
2012.06.14 11:46:07.575,1.02634,1.02648,1.50,2.25
2012.06.14 11:46:07.717,1.02636,1.02649,2.21,3.00
2012.06.14 11:46:08.528,1.02637,1.02649,1.50,3.00
2012.06.14 11:46:08.888,1.02633,1.02648,1.50,4.50
2012.06.14 11:46:10.567,1.02633,1.02647,1.35,1.50
2012.06.14 11:46:12.315,1.02635,1.02647,1.50,2.25
2012.06.14 11:46:15.146,1.02635,1.02647,1.50,2.25
2012.06.14 11:46:15.876,1.02633,1.02646,1.13,4.13
2012.06.14 11:46:15.954,1.02631,1.02641,1.50,1.88
2012.06.14 11:46:16.099,1.02628,1.0264,1.88,2.25
2012.06.14 11:46:16.646,1.02626,1.02641,4.08,1.88
2012.06.14 11:46:17.127,1.02624,1.02638,1.13,3.00
2012.06.14 11:46:17.198,1.02623,1.02637,2.25,2.63
2012.06.14 11:46:19.096,1.02623,1.02637,2.25,1.88
2012.06.14 11:46:19.174,1.02623,1.02637,2.25,1.88
2012.06.14 11:46:19.458,1.02626,1.02637,1.50,1.13
2012.06.14 11:46:20.348,1.02627,1.0264,1.50,2.25
2012.06.14 11:46:21.305,1.02627,1.0264,2.63,1.50
2012.06.14 11:46:22.235,1.02627,1.0264,2.63,2.25
2012.06.14 11:46:22.904,1.02627,1.0264,2.63,1.50
2012.06.14 11:46:23.245,1.02627,1.0264,2.63,1.50
2012.06.14 11:46:23.773,1.02624,1.02637,1.50,3.00
2012.06.14 11:46:24.306,1.02623,1.02636,2.25,3.00
2012.06.14 11:46:25.010,1.02622,1.02635,1.46,2.63
2012.06.14 11:46:30.423,1.02623,1.02635,2.25,1.13
2012.06.14 11:46:30.636,1.02625,1.02635,2.96,1.13
2012.06.14 11:46:30.917,1.02628,1.02639,1.50,2.25
2012.06.14 11:46:31.059,1.02628,1.0264,1.50,2.25
2012.06.14 11:46:31.578,1.02628,1.0264,2.25,2.25
2012.06.14 11:46:32.092,1.02628,1.0264,2.25,1.50
2012.06.14 11:46:32.653,1.0263,1.0264,1.50,1.50
2012.06.14 11:46:32.951,1.02632,1.02642,1.50,1.50
2012.06.14 11:46:33.629,1.02632,1.02644,1.50,8.25
2012.06.14 11:46:34.271,1.02632,1.02644,1.50,6.00
2012.06.14 11:46:37.165,1.02633,1.02646,1.50,1.13
2012.06.14 11:46:38.710,1.02632,1.02644,2.25,1.50
2012.06.14 11:46:39.493,1.02633,1.02647,1.50,3.00
2012.06.14 11:46:39.998,1.02633,1.02646,2.25,1.50
2012.06.14 11:46:45.527,1.02633,1.02646,2.25,1.50
2012.06.14 11:46:47.175,1.02633,1.02646,2.25,1.50
2012.06.14 11:46:50.571,1.02634,1.02644,1.13,1.50
2012.06.14 11:46:51.125,1.02632,1.02644,2.25,1.50
2012.06.14 11:46:51.657,1.02632,1.02644,1.50,1.50
2012.06.14 11:46:52.121,1.02632,1.02643,1.50,1.50
2012.06.14 11:46:52.690,1.0263,1.02641,1.50,1.50
2012.06.14 11:46:53.177,1.02628,1.0264,1.13,1.50
2012.06.14 11:46:54.667,1.02628,1.02642,3.00,3.00
2012.06.14 11:46:55.817,1.02628,1.02642,2.25,3.00
2012.06.14 11:46:56.345,1.02628,1.02642,2.25,3.00
2012.06.14 11:46:56.875,1.02628,1.02642,2.25,3.75
2012.06.14 11:46:57.398,1.02629,1.02642,1.50,3.75
2012.06.14 11:46:57.946,1.02628,1.02642,3.00,3.75
2012.06.14 11:46:58.016,1.02628,1.02642,2.85,2.25
2012.06.14 11:46:58.383,1.02632,1.02642,1.46,2.25
2012.06.14 11:46:58.937,1.02634,1.02646,2.25,1.50
2012.06.14 11:47:03.005,1.02634,1.02646,3.00,1.50
2012.06.14 11:47:08.497,1.02636,1.02646,1.50,1.50
2012.06.14 11:47:09.202,1.02636,1.02646,1.50,1.50
2012.06.14 11:47:09.548,1.02638,1.02646,1.50,1.50
2012.06.14 11:47:10.070,1.0264,1.02654,3.75,4.50
2012.06.14 11:47:10.596,1.0264,1.02654,3.75,3.75
2012.06.14 11:47:12.072,1.0264,1.02654,3.75,3.75
2012.06.14 11:47:12.596,1.02642,1.02654,1.50,3.75
2012.06.14 11:47:12.940,1.02645,1.02657,3.71,1.50
2012.06.14 11:47:13.447,1.02647,1.02658,2.25,1.50
2012.06.14 11:47:14.318,1.02646,1.02658,2.96,2.25
2012.06.14 11:47:14.848,1.02646,1.02658,2.96,2.25
2012.06.14 11:47:15.880,1.02646,1.02658,2.96,2.25
2012.06.14 11:47:16.630,1.02646,1.02658,2.96,2.25
2012.06.14 11:47:17.244,1.02646,1.02658,2.96,1.50
2012.06.14 11:47:19.615,1.02646,1.02658,2.96,1.50
2012.06.14 11:47:21.187,1.02646,1.02658,3.71,1.50
2012.06.14 11:47:21.527,1.02648,1.0266,1.50,1.50
2012.06.14 11:47:24.484,1.02646,1.02659,2.96,1.50
2012.06.14 11:47:24.985,1.02646,1.02659,2.96,1.50
2012.06.14 11:47:25.535,1.02648,1.0266,1.50,1.50
2012.06.14 11:47:25.885,1.02646,1.02658,4.46,1.50
2012.06.14 11:47:28.884,1.02646,1.02658,4.08,1.50
2012.06.14 11:47:29.271,1.02646,1.02658,4.08,1.50
2012.06.14 11:47:31.037,1.02647,1.02661,2.96,2.25
2012.06.14 11:47:34.446,1.02648,1.02658,1.46,1.50
2012.06.14 11:47:35.436,1.02646,1.02659,2.21,1.50
2012.06.14 11:47:41.961,1.02646,1.02659,2.21,1.50
2012.06.14 11:47:42.708,1.02645,1.02659,6.38,2.25
2012.06.14 11:47:43.247,1.02645,1.02655,1.50,1.50
2012.06.14 11:47:43.604,1.02643,1.02652,1.50,1.50
2012.06.14 11:47:43.961,1.02639,1.02647,1.50,1.50
2012.06.14 11:47:44.109,1.02639,1.02647,1.50,1.50
2012.06.14 11:47:44.640,1.02635,1.02647,1.50,1.50
2012.06.14 11:47:44.920,1.02634,1.02647,1.13,1.50
2012.06.14 11:47:47.195,1.02635,1.02648,2.25,2.63
2012.06.14 11:47:47.927,1.02638,1.02648,1.50,1.50
2012.06.14 11:47:48.999,1.02636,1.02648,2.25,2.25
2012.06.14 11:47:50.277,1.02636,1.02648,3.00,2.25
2012.06.14 11:47:50.766,1.02644,1.02653,1.46,1.50
2012.06.14 11:47:50.839,1.02644,1.02656,1.46,3.00
2012.06.14 11:47:50.978,1.02645,1.02657,1.50,3.38
2012.06.14 11:47:51.919,1.02645,1.02657,1.50,3.38
2012.06.14 11:47:52.477,1.02644,1.02655,1.46,1.50
2012.06.14 11:47:53.895,1.02644,1.02655,1.46,1.50
2012.06.14 11:47:54.437,1.02644,1.02655,1.46,1.50
2012.06.14 11:47:55.287,1.02644,1.02655,1.46,1.50
2012.06.14 11:47:56.336,1.02644,1.02655,1.46,1.50
2012.06.14 11:47:56.959,1.02644,1.02655,1.46,1.50
2012.06.14 11:48:02.438,1.02643,1.02655,3.00,2.48
2012.06.14 11:48:02.581,1.0264,1.02651,3.42,2.25
2012.06.14 11:48:02.803,1.02638,1.02649,1.46,2.25
2012.06.14 11:48:03.372,1.02637,1.02649,1.50,5.59
2012.06.14 11:48:03.706,1.02635,1.02647,1.50,1.50
2012.06.14 11:48:04.579,1.02634,1.02646,1.50,1.50
2012.06.14 11:48:04.730,1.02634,1.02648,3.00,2.25
2012.06.14 11:48:06.528,1.02634,1.02648,3.75,1.50
2012.06.14 11:48:07.277,1.02635,1.02647,2.96,1.50
2012.06.14 11:48:09.145,1.02635,1.02647,3.71,1.50
2012.06.14 11:48:09.491,1.02635,1.02645,1.46,1.50
2012.06.14 11:48:10.337,1.02635,1.02647,2.21,1.50
2012.06.14 11:48:26.545,1.02636,1.02649,1.50,1.50
2012.06.14 11:48:31.054,1.02635,1.02648,3.33,1.50
2012.06.14 11:48:40.065,1.02639,1.02649,1.50,2.25
2012.06.14 11:48:41.553,1.02637,1.02649,1.50,3.75
2012.06.14 11:48:41.624,1.02635,1.02649,3.33,3.75
2012.06.14 11:48:43.495,1.02635,1.02649,3.33,3.00
2012.06.14 11:48:43.998,1.02635,1.02649,4.08,3.75
2012.06.14 11:48:53.865,1.02635,1.02649,3.33,3.00
2012.06.14 11:48:55.592,1.02642,1.02651,1.50,1.50
2012.06.14 11:48:55.673,1.02642,1.02653,1.50,2.25
2012.06.14 11:48:55.820,1.02644,1.02656,2.21,4.50
2012.06.14 11:48:55.888,1.02644,1.02656,2.21,1.50
2012.06.14 11:48:56.488,1.02644,1.02658,2.21,3.75
2012.06.14 11:48:57.038,1.02644,1.02658,2.96,3.75
2012.06.14 11:48:57.249,1.02645,1.02658,3.33,3.00
2012.06.14 11:48:57.853,1.02646,1.02658,1.50,1.50
2012.06.14 11:48:58.005,1.02645,1.02659,3.33,2.25
2012.06.14 11:49:04.323,1.0265,1.02663,1.46,5.25
2012.06.14 11:49:04.403,1.02652,1.02663,2.21,3.75
2012.06.14 11:49:04.483,1.02653,1.02663,1.46,3.00
2012.06.14 11:49:04.703,1.02657,1.02665,2.21,1.09
2012.06.14 11:49:04.780,1.02657,1.02669,2.21,1.95
2012.06.14 11:49:05.060,1.02657,1.02669,1.50,2.70
2012.06.14 11:49:05.197,1.02657,1.02669,2.21,1.95
2012.06.14 11:49:05.407,1.02658,1.0267,2.21,1.88
2012.06.14 11:49:05.595,1.02658,1.02672,2.96,2.25
2012.06.14 11:49:10.516,1.0266,1.02672,2.96,1.50
2012.06.14 11:49:10.658,1.02661,1.02673,4.46,2.40
2012.06.14 11:49:11.186,1.02665,1.02676,2.21,1.09
2012.06.14 11:49:11.640,1.02665,1.02679,2.21,3.75
2012.06.14 11:49:13.629,1.02665,1.02679,3.71,2.63
2012.06.14 11:49:14.133,1.02665,1.02679,3.71,2.63
2012.06.14 11:49:14.496,1.02664,1.02676,2.96,1.50
2012.06.14 11:49:15.281,1.02664,1.02676,2.96,1.50
2012.06.14 11:49:15.859,1.02665,1.02678,1.50,2.10
2012.06.14 11:49:16.697,1.02665,1.02679,1.50,3.00
2012.06.14 11:49:19.908,1.02665,1.02679,2.21,3.00
2012.06.14 11:49:20.515,1.02666,1.02679,1.46,2.25
2012.06.14 11:49:20.665,1.02666,1.0268,1.50,3.15
2012.06.14 11:49:21.217,1.02664,1.02678,4.08,1.50
2012.06.14 11:49:22.654,1.02664,1.02678,4.46,1.50
2012.06.14 11:49:23.619,1.02664,1.02678,5.21,1.50
2012.06.14 11:49:24.155,1.02664,1.02678,4.46,1.50
2012.06.14 11:49:25.324,1.02665,1.02678,2.25,1.50
2012.06.14 11:49:26.063,1.02665,1.02677,3.75,1.50
2012.06.14 11:49:26.932,1.02666,1.02679,1.50,2.25
2012.06.14 11:49:27.011,1.02668,1.0268,1.13,3.00
2012.06.14 11:49:27.374,1.02672,1.0268,1.50,2.25
2012.06.14 11:49:27.454,1.02672,1.02684,3.00,1.50
2012.06.14 11:49:27.533,1.02674,1.02684,1.50,1.50
2012.06.14 11:49:27.891,1.02675,1.02684,1.88,1.50
2012.06.14 11:49:28.113,1.02676,1.02688,1.88,1.50
2012.06.14 11:49:28.187,1.02676,1.02688,2.58,1.50
2012.06.14 11:49:28.609,1.02676,1.02689,1.88,2.25
2012.06.14 11:49:29.274,1.02674,1.02687,4.46,1.50
2012.06.14 11:49:29.919,1.02676,1.02687,2.25,1.50
2012.06.14 11:49:30.047,1.02676,1.02688,4.46,1.50
2012.06.14 11:49:30.177,1.02676,1.02689,4.46,1.13
2012.06.14 11:49:31.312,1.02676,1.0269,4.46,3.38
2012.06.14 11:49:33.659,1.02676,1.0269,4.46,4.09
2012.06.14 11:49:34.185,1.02676,1.0269,4.46,4.09
2012.06.14 11:49:34.739,1.02676,1.02686,2.25,1.09
2012.06.14 11:49:34.953,1.02674,1.02684,1.50,1.35
2012.06.14 11:49:35.402,1.02669,1.02681,1.08,1.50
2012.06.14 11:49:35.904,1.02669,1.02683,2.21,2.25
2012.06.14 11:49:44.287,1.02669,1.02682,2.21,1.50
2012.06.14 11:49:45.085,1.02668,1.0268,2.21,1.50
2012.06.14 11:49:45.427,1.02666,1.02678,2.40,1.50
2012.06.14 11:49:45.946,1.02666,1.02678,2.40,1.50
2012.06.14 11:49:46.466,1.02666,1.02678,2.93,1.50
2012.06.14 11:49:47.019,1.02666,1.02678,4.44,1.50
2012.06.14 11:49:47.631,1.02665,1.02679,4.97,2.25
2012.06.14 11:49:48.059,1.02665,1.02679,4.82,2.25
2012.06.14 11:49:48.416,1.02667,1.0268,2.03,1.50
2012.06.14 11:49:48.967,1.02667,1.02678,1.05,1.50
2012.06.14 11:49:49.779,1.02667,1.02678,1.05,1.50
2012.06.14 11:49:50.370,1.02666,1.02678,2.55,1.50
2012.06.14 11:49:50.961,1.02666,1.02678,2.55,1.50
2012.06.14 11:49:51.598,1.02666,1.02678,2.03,1.50
2012.06.14 11:49:52.138,1.02666,1.02678,1.50,1.50
2012.06.14 11:49:52.458,1.02666,1.02678,2.03,1.50
2012.06.14 11:49:52.964,1.02667,1.0268,2.03,1.50
2012.06.14 11:49:53.488,1.02666,1.02678,2.55,1.50
2012.06.14 11:49:53.629,1.02666,1.02678,2.03,1.50
2012.06.14 11:50:03.775,1.02666,1.02678,2.03,1.50
2012.06.14 11:50:04.437,1.02666,1.02678,1.50,1.50
2012.06.14 11:50:04.510,1.02667,1.0268,2.03,1.50
2012.06.14 11:50:04.898,1.02666,1.02678,2.03,1.50
2012.06.14 11:50:08.565,1.02666,1.02678,2.03,1.50
2012.06.14 11:50:09.311,1.02667,1.0268,2.03,3.00
2012.06.14 11:50:09.938,1.02666,1.02679,1.59,2.25
2012.06.14 11:50:10.467,1.02665,1.02679,4.98,2.25
2012.06.14 11:50:11.194,1.02665,1.02679,4.98,2.25
2012.06.14 11:50:11.726,1.02667,1.02679,1.05,2.25
2012.06.14 11:50:11.868,1.02665,1.02679,5.88,2.25
2012.06.14 11:50:12.390,1.02665,1.02679,5.73,2.25
2012.06.14 11:50:12.925,1.02666,1.02679,1.05,2.25
2012.06.14 11:50:14.647,1.02666,1.02679,1.05,2.25
2012.06.14 11:50:15.607,1.02666,1.02679,1.05,2.25
2012.06.14 11:50:15.855,1.02666,1.02679,1.05,2.25
2012.06.14 11:50:16.056,1.02666,1.02679,1.82,2.25
2012.06.14 11:50:16.184,1.02666,1.02679,1.59,2.25
2012.06.14 11:50:16.709,1.02665,1.02679,4.80,2.25
2012.06.14 11:50:17.356,1.02665,1.02679,4.80,2.25
2012.06.14 11:50:17.939,1.02665,1.02679,5.18,2.25
2012.06.14 11:50:18.929,1.02665,1.02679,5.34,2.25
2012.06.14 11:50:19.380,1.02666,1.02679,1.07,2.25
2012.06.14 11:50:19.505,1.02665,1.02679,5.03,2.25
2012.06.14 11:50:19.638,1.02666,1.02679,1.05,2.25
2012.06.14 11:50:20.166,1.02667,1.0268,2.03,1.50
2012.06.14 11:50:20.306,1.02667,1.0268,4.28,1.50
2012.06.14 11:50:20.663,1.02674,1.02683,1.83,1.50
2012.06.14 11:50:20.809,1.02677,1.02681,1.50,1.50
2012.06.14 11:50:20.952,1.02677,1.02681,1.50,1.50
2012.06.14 11:50:21.239,1.02679,1.02687,1.23,1.54
2012.06.14 11:50:21.308,1.02679,1.0269,1.23,1.17
2012.06.14 11:50:21.648,1.02676,1.02689,2.03,2.29
2012.06.14 11:50:22.330,1.02676,1.02689,1.28,1.50
2012.06.14 11:50:22.853,1.02675,1.02689,2.03,1.50
2012.06.14 11:50:23.888,1.02675,1.02689,2.03,1.50
2012.06.14 11:50:24.607,1.02675,1.02689,2.03,1.50
2012.06.14 11:50:25.178,1.02675,1.02689,2.03,1.50
2012.06.14 11:50:25.681,1.02675,1.02689,2.94,1.50
2012.06.14 11:50:27.290,1.02675,1.02689,2.03,1.50
2012.06.14 11:50:27.829,1.02675,1.02689,2.03,1.50
2012.06.14 11:50:28.150,1.02675,1.02689,2.73,1.50
2012.06.14 11:50:28.516,1.0268,1.02691,2.21,3.38
2012.06.14 11:50:29.350,1.0268,1.02692,2.21,2.25
2012.06.14 11:50:30.027,1.0268,1.02692,2.73,1.50
2012.06.14 11:50:30.353,1.02682,1.02694,2.25,3.00
2012.06.14 11:50:30.829,1.02684,1.02694,4.62,2.25
2012.06.14 11:50:31.112,1.02685,1.02699,2.25,2.25
2012.06.14 11:50:31.615,1.02685,1.02699,2.25,2.25
2012.06.14 11:50:31.957,1.02688,1.027,1.50,3.23
2012.06.14 11:50:32.560,1.02687,1.02699,1.13,1.50
2012.06.14 11:50:33.255,1.02685,1.02699,3.00,1.50
2012.06.14 11:50:33.462,1.02693,1.02704,1.08,5.97
2012.06.14 11:50:33.607,1.02697,1.02703,1.46,1.84
2012.06.14 11:50:33.754,1.02696,1.02704,1.50,1.50
2012.06.14 11:50:34.332,1.02696,1.02705,1.50,2.85
2012.06.14 11:50:34.415,1.02693,1.02705,1.46,1.50
2012.06.14 11:50:35.040,1.02694,1.02707,2.21,1.50
2012.06.14 11:50:35.658,1.02693,1.02705,4.08,1.50
2012.06.14 11:50:36.466,1.02693,1.02705,2.96,2.25
2012.06.14 11:50:36.676,1.02693,1.02705,2.25,2.25
2012.06.14 11:50:36.962,1.02693,1.02703,1.50,3.38
2012.06.14 11:50:37.045,1.02689,1.02702,3.38,3.00
2012.06.14 11:50:37.121,1.02689,1.02699,3.38,1.50
2012.06.14 11:50:37.197,1.02688,1.02699,1.13,1.50
2012.06.14 11:50:37.967,1.02689,1.027,1.50,2.25
2012.06.14 11:50:38.520,1.02687,1.02699,2.25,1.50
2012.06.14 11:50:41.914,1.02687,1.02699,2.25,2.25
2012.06.14 11:50:42.660,1.02687,1.02698,2.25,1.27
2012.06.14 11:50:42.871,1.02685,1.02695,1.88,1.50
2012.06.14 11:50:43.156,1.02682,1.02694,1.88,2.10
2012.06.14 11:50:43.518,1.02682,1.02692,1.88,1.50
2012.06.14 11:50:43.872,1.02682,1.02692,2.58,1.50
2012.06.14 11:50:44.090,1.02683,1.02695,1.50,4.35
2012.06.14 11:50:44.650,1.02682,1.02695,2.96,2.10
2012.06.14 11:50:45.448,1.02682,1.02695,2.96,2.10
2012.06.14 11:50:46.011,1.02682,1.02694,1.46,1.50
2012.06.14 11:50:48.130,1.02682,1.02695,2.96,2.25
2012.06.14 11:50:48.201,1.02682,1.02696,2.96,3.72
2012.06.14 11:50:48.803,1.02682,1.02694,1.46,2.48
2012.06.14 11:50:48.886,1.02678,1.0269,2.58,1.50
2012.06.14 11:50:49.308,1.02677,1.0269,1.13,4.50
2012.06.14 11:50:49.658,1.02674,1.02688,3.71,1.50
2012.06.14 11:50:50.740,1.02674,1.02688,4.08,1.50
2012.06.14 11:50:52.412,1.02677,1.02689,1.88,2.25
2012.06.14 11:50:52.966,1.02679,1.02691,2.58,2.25
2012.06.14 11:50:58.123,1.0268,1.02692,2.21,2.25
2012.06.14 11:50:58.271,1.02682,1.02692,1.93,1.50
2012.06.14 11:50:58.350,1.02682,1.02692,1.93,1.50
2012.06.14 11:50:58.640,1.02688,1.02699,1.50,2.25
2012.06.14 11:50:59.211,1.02686,1.02699,1.50,2.25
2012.06.14 11:51:00.471,1.02687,1.02698,1.13,1.50
2012.06.14 11:51:00.828,1.02687,1.02701,2.63,5.48
2012.06.14 11:51:01.340,1.02687,1.02701,2.63,5.48
2012.06.14 11:51:02.226,1.02687,1.02701,2.63,5.48
2012.06.14 11:51:02.785,1.02687,1.02701,2.63,5.48
2012.06.14 11:51:03.878,1.02687,1.02701,2.63,5.48
2012.06.14 11:51:04.602,1.02687,1.02701,2.63,5.48
2012.06.14 11:51:05.167,1.02687,1.02701,2.63,5.48
2012.06.14 11:51:05.751,1.02687,1.02701,2.63,5.48
2012.06.14 11:51:06.257,1.02687,1.02701,2.25,5.48
2012.06.14 11:51:07.638,1.02685,1.02699,4.08,1.50
2012.06.14 11:51:08.176,1.02685,1.02699,5.58,2.25
2012.06.14 11:51:08.704,1.02688,1.027,1.88,2.25
2012.06.14 11:51:13.049,1.02686,1.02698,2.25,1.50
2012.06.14 11:51:13.574,1.02688,1.027,1.50,2.25
2012.06.14 11:51:14.428,1.02685,1.02699,4.83,1.50
2012.06.14 11:51:15.366,1.02685,1.02699,4.46,1.50
2012.06.14 11:51:15.970,1.02687,1.02701,1.50,6.60
2012.06.14 11:51:26.948,1.02686,1.02698,3.00,1.50
2012.06.14 11:51:29.160,1.02686,1.02698,2.21,1.50
2012.06.14 11:51:29.778,1.0269,1.02702,3.71,2.25
2012.06.14 11:51:30.338,1.02692,1.02703,1.50,1.50
2012.06.14 11:51:30.998,1.0269,1.02703,2.96,3.38
2012.06.14 11:51:31.526,1.0269,1.02702,1.46,1.13
2012.06.14 11:51:32.077,1.02689,1.02702,2.21,1.50
2012.06.14 11:51:32.444,1.02676,1.02689,3.00,1.50
2012.06.14 11:51:32.870,1.02675,1.02689,3.71,3.00
2012.06.14 11:51:33.416,1.02675,1.02689,2.96,3.00
2012.06.14 11:51:33.977,1.02675,1.02689,3.71,2.25
2012.06.14 11:51:35.932,1.02678,1.02689,1.50,1.50
2012.06.14 11:51:36.288,1.02681,1.0269,2.21,3.75
2012.06.14 11:51:36.503,1.02681,1.02693,2.21,2.25
2012.06.14 11:51:36.581,1.02681,1.02693,2.21,3.00
2012.06.14 11:51:36.797,1.02681,1.02693,5.21,3.00
2012.06.14 11:51:39.769,1.02681,1.02691,1.50,1.50
2012.06.14 11:51:40.348,1.02681,1.02693,3.00,1.50
2012.06.14 11:51:40.418,1.02682,1.02693,1.46,1.50
2012.06.14 11:51:41.032,1.02683,1.02697,2.21,2.25
2012.06.14 11:51:42.670,1.02683,1.02696,2.21,1.13
2012.06.14 11:51:45.602,1.02682,1.02694,2.96,1.50
2012.06.14 11:51:48.798,1.02682,1.02694,1.50,2.25
2012.06.14 11:51:49.317,1.02683,1.02695,1.50,3.00
2012.06.14 11:51:49.880,1.02683,1.02695,1.50,3.75
2012.06.14 11:51:50.026,1.02683,1.02694,1.50,1.13
2012.06.14 11:51:50.947,1.02683,1.02694,1.50,2.25
2012.06.14 11:51:51.018,1.0268,1.02694,2.21,3.38
2012.06.14 11:51:51.926,1.02682,1.02694,1.46,1.88
2012.06.14 11:51:52.828,1.02683,1.02695,2.21,1.50
2012.06.14 11:51:53.157,1.02683,1.02695,2.21,1.73
2012.06.14 11:51:53.228,1.02683,1.02695,1.50,2.25
2012.06.14 11:51:53.514,1.02687,1.02695,1.50,2.25
2012.06.14 11:51:53.867,1.02688,1.02699,1.46,2.25
2012.06.14 11:51:54.152,1.02689,1.02701,2.21,2.29
2012.06.14 11:51:54.626,1.02689,1.02702,2.25,2.25
2012.06.14 11:51:55.371,1.02688,1.027,3.71,3.75
2012.06.14 11:51:55.450,1.02689,1.02703,2.21,2.25
2012.06.14 11:52:03.580,1.02689,1.02702,2.21,1.50
2012.06.14 11:52:03.940,1.02689,1.02696,1.50,1.50
2012.06.14 11:52:04.086,1.02687,1.02695,1.50,2.25
2012.06.14 11:52:04.160,1.02685,1.02695,1.50,2.25
2012.06.14 11:52:04.649,1.02683,1.02693,1.46,1.50
2012.06.14 11:52:05.189,1.02683,1.02695,1.50,1.88
2012.06.14 11:52:05.321,1.0268,1.02694,3.75,1.88
2012.06.14 11:52:06.350,1.02681,1.02694,2.21,1.88
2012.06.14 11:52:06.708,1.02685,1.02697,2.21,2.63
2012.06.14 11:52:12.637,1.02683,1.02695,3.71,2.25
2012.06.14 11:52:12.783,1.02681,1.02694,1.50,2.25
2012.06.14 11:52:13.486,1.0268,1.02694,3.71,2.25
2012.06.14 11:52:14.007,1.02681,1.02694,1.50,2.63
2012.06.14 11:52:14.726,1.0268,1.02694,4.46,2.25
2012.06.14 11:52:15.286,1.0268,1.02694,4.46,2.25
2012.06.14 11:52:15.708,1.02682,1.02694,2.21,2.25
2012.06.14 11:52:16.247,1.02685,1.02696,2.21,1.13
2012.06.14 11:52:16.809,1.02685,1.02697,2.21,3.00
2012.06.14 11:52:18.497,1.02683,1.02695,2.21,1.50
2012.06.14 11:52:21.149,1.02683,1.02695,2.21,2.40
2012.06.14 11:52:21.217,1.02683,1.02695,1.50,2.40
2012.06.14 11:52:21.861,1.02681,1.02691,2.25,1.50
2012.06.14 11:52:21.943,1.02679,1.02691,2.96,1.50
2012.06.14 11:52:22.646,1.02679,1.02691,2.96,2.25
2012.06.14 11:52:23.699,1.02679,1.02691,3.71,1.50
2012.06.14 11:52:24.208,1.02679,1.02691,3.71,1.50
2012.06.14 11:52:24.737,1.02679,1.02691,2.96,1.50
2012.06.14 11:52:25.289,1.0268,1.02693,1.50,1.65
2012.06.14 11:52:26.401,1.0268,1.02693,1.50,1.65
2012.06.14 11:52:27.032,1.0268,1.02693,1.50,1.65
2012.06.14 11:52:27.555,1.02679,1.02692,1.46,2.25
2012.06.14 11:52:28.075,1.02679,1.02692,1.46,2.55
2012.06.14 11:52:30.156,1.02679,1.02692,1.46,2.55
2012.06.14 11:52:31.877,1.02679,1.02692,1.83,3.30
2012.06.14 11:52:32.806,1.02679,1.02692,1.83,2.55
2012.06.14 11:52:33.326,1.02679,1.02692,1.83,1.80
2012.06.14 11:52:34.468,1.02683,1.02694,1.46,2.25
2012.06.14 11:52:34.876,1.0268,1.02694,3.75,1.50
2012.06.14 11:52:35.411,1.0268,1.02694,3.75,1.50
2012.06.14 11:52:35.926,1.0268,1.02694,3.75,1.50
2012.06.14 11:52:36.578,1.0268,1.02694,3.00,1.50
2012.06.14 11:52:37.408,1.0268,1.02694,3.00,1.50
2012.06.14 11:52:39.492,1.02682,1.02696,1.50,3.00
2012.06.14 11:52:39.765,1.02681,1.02693,2.25,1.50
2012.06.14 11:52:40.446,1.02681,1.02693,2.25,1.50
2012.06.14 11:52:41.292,1.02681,1.02693,2.10,1.50
2012.06.14 11:52:50.797,1.02681,1.02693,2.10,1.50
2012.06.14 11:52:51.358,1.0268,1.02694,3.56,3.75
2012.06.14 11:52:52.157,1.0268,1.02694,3.56,2.25
2012.06.14 11:52:52.569,1.02681,1.02693,2.10,1.50
2012.06.14 11:52:53.336,1.02681,1.02693,1.50,1.50
2012.06.14 11:52:55.281,1.0268,1.02691,1.31,1.50
2012.06.14 11:52:56.027,1.02679,1.02692,1.68,1.50
2012.06.14 11:53:05.997,1.0268,1.02694,2.81,4.50
2012.06.14 11:53:08.546,1.0268,1.02694,2.81,3.75
2012.06.14 11:53:09.345,1.0268,1.02694,2.81,3.75
2012.06.14 11:53:11.957,1.0268,1.02693,2.21,1.50
2012.06.14 11:53:12.478,1.02679,1.02692,1.68,1.50
2012.06.14 11:53:14.614,1.0268,1.02693,2.21,1.50
2012.06.14 11:53:15.408,1.0268,1.02693,2.21,1.88
2012.06.14 11:53:18.255,1.02681,1.02693,1.50,3.38
2012.06.14 11:53:18.809,1.02681,1.02693,1.50,2.25
2012.06.14 11:53:21.845,1.02679,1.02691,2.96,1.50
2012.06.14 11:53:24.065,1.0268,1.02693,2.21,2.25
2012.06.14 11:53:24.587,1.02681,1.02693,1.50,2.25
2012.06.14 11:53:25.328,1.02681,1.02693,2.81,1.50
2012.06.14 11:53:25.899,1.02681,1.02692,1.31,1.50
2012.06.14 11:53:26.429,1.02681,1.02693,3.41,1.50
2012.06.14 11:53:26.957,1.02681,1.02693,2.81,1.50
2012.06.14 11:53:27.798,1.02681,1.02693,2.81,1.50
2012.06.14 11:53:31.789,1.02681,1.02691,1.31,1.50
2012.06.14 11:53:32.830,1.02681,1.02694,1.31,2.25
2012.06.14 11:53:34.465,1.0268,1.02692,1.31,1.50
2012.06.14 11:53:36.066,1.02681,1.02694,1.31,2.25
2012.06.14 11:53:37.716,1.02681,1.02691,1.31,1.50
2012.06.14 11:53:38.960,1.02681,1.02693,2.81,1.50
2012.06.14 11:53:43.183,1.0268,1.02691,1.31,1.50
2012.06.14 11:53:43.812,1.02679,1.0269,2.21,1.50
2012.06.14 11:53:43.891,1.02679,1.0269,2.21,1.50
2012.06.14 11:53:44.043,1.02678,1.02684,1.31,1.50
2012.06.14 11:53:44.118,1.02678,1.02687,1.31,1.50
2012.06.14 11:53:44.192,1.02677,1.02685,1.20,1.50
2012.06.14 11:53:44.741,1.02675,1.02684,1.35,2.25
2012.06.14 11:53:45.027,1.02674,1.02684,1.50,2.25
2012.06.14 11:53:45.458,1.02671,1.02684,1.13,2.25
2012.06.14 11:53:45.598,1.0267,1.02682,1.88,1.50
2012.06.14 11:53:46.125,1.0267,1.02684,2.25,3.00
2012.06.14 11:53:46.810,1.02673,1.02684,1.50,1.50
2012.06.14 11:53:46.880,1.02673,1.02685,1.50,3.75
2012.06.14 11:53:47.025,1.02675,1.02686,1.50,1.13
2012.06.14 11:53:47.587,1.02675,1.02687,1.50,3.38
2012.06.14 11:53:48.207,1.02675,1.02687,1.50,3.38
2012.06.14 11:53:48.988,1.02675,1.02687,1.50,3.38
2012.06.14 11:53:49.389,1.02673,1.02685,1.50,1.50
2012.06.14 11:53:54.437,1.02674,1.02687,2.10,1.13
2012.06.14 11:53:55.060,1.02674,1.02687,2.10,1.13
2012.06.14 11:53:56.595,1.02674,1.02688,2.70,3.00
2012.06.14 11:53:57.125,1.02674,1.02688,2.70,3.00
2012.06.14 11:53:57.336,1.02673,1.02685,2.48,1.50
2012.06.14 11:53:57.691,1.02672,1.02683,1.31,1.50
2012.06.14 11:53:57.830,1.02669,1.02681,2.10,1.50
2012.06.14 11:53:57.901,1.02668,1.02679,2.28,1.50
2012.06.14 11:53:58.108,1.02669,1.02681,2.10,1.50
2012.06.14 11:54:01.649,1.02669,1.02681,2.70,1.50
2012.06.14 11:54:01.720,1.02671,1.02681,1.46,1.50
2012.06.14 11:54:01.790,1.02671,1.02683,2.96,2.25
2012.06.14 11:54:02.751,1.02673,1.02685,2.21,1.50
2012.06.14 11:54:03.560,1.02674,1.02688,2.10,3.38
2012.06.14 11:54:03.633,1.02674,1.02688,2.10,3.38
2012.06.14 11:54:03.776,1.02674,1.02688,2.81,2.63
2012.06.14 11:54:04.061,1.02677,1.02689,1.50,3.38
2012.06.14 11:54:04.278,1.02675,1.02687,2.10,1.50
2012.06.14 11:54:09.395,1.02674,1.02685,1.68,1.50
2012.06.14 11:54:10.583,1.02675,1.02687,2.10,2.25
2012.06.14 11:54:11.465,1.02674,1.02686,1.08,1.50
2012.06.14 11:54:12.291,1.02673,1.02686,1.31,1.50
2012.06.14 11:54:14.374,1.02675,1.02687,1.50,1.50
2012.06.14 11:54:16.286,1.02675,1.02687,2.40,1.50
2012.06.14 11:54:16.902,1.02675,1.02687,2.93,1.50
2012.06.14 11:54:17.187,1.02675,1.02687,2.40,1.50
2012.06.14 11:54:17.525,1.02675,1.02687,2.40,1.50
2012.06.14 11:54:17.598,1.02674,1.02685,1.61,1.50
2012.06.14 11:54:19.458,1.02674,1.02688,2.40,2.25
2012.06.14 11:54:19.531,1.02673,1.02685,7.01,1.50
2012.06.14 11:54:21.737,1.02674,1.02688,2.73,2.25
2012.06.14 11:54:24.168,1.02675,1.02687,1.61,1.50
2012.06.14 11:54:27.724,1.02675,1.02687,3.11,1.50
2012.06.14 11:54:28.078,1.02685,1.02694,1.50,1.02
2012.06.14 11:54:28.147,1.02684,1.02693,1.50,1.20
2012.06.14 11:54:28.347,1.02685,1.02701,1.50,1.50
2012.06.14 11:54:28.478,1.02687,1.02703,1.50,1.50
2012.06.14 11:54:29.047,1.02686,1.02703,1.50,2.25
2012.06.14 11:54:29.786,1.02691,1.02703,1.50,2.25
2012.06.14 11:54:31.398,1.02691,1.02703,1.50,2.25
2012.06.14 11:54:31.525,1.02691,1.02703,1.50,3.00
2012.06.14 11:54:32.137,1.02691,1.02703,1.50,3.00
2012.06.14 11:54:32.936,1.02691,1.02703,1.50,3.00
2012.06.14 11:54:33.066,1.02691,1.02703,1.50,2.25
2012.06.14 11:54:33.197,1.02691,1.02703,1.50,3.00
2012.06.14 11:54:35.048,1.02691,1.02703,1.50,3.00
2012.06.14 11:54:35.927,1.02691,1.02703,1.50,3.23
2012.06.14 11:54:35.999,1.02689,1.02701,2.25,2.25
2012.06.14 11:54:36.070,1.02689,1.027,2.25,1.13
2012.06.14 11:54:36.141,1.02686,1.027,3.53,3.38
2012.06.14 11:54:36.223,1.02686,1.02697,1.50,1.50
2012.06.14 11:54:36.578,1.02686,1.027,1.50,4.13
2012.06.14 11:54:37.117,1.02686,1.027,2.03,4.13
2012.06.14 11:54:38.008,1.02686,1.027,1.50,3.00
2012.06.14 11:54:42.489,1.02686,1.027,2.03,3.00
2012.06.14 11:54:43.128,1.02686,1.027,1.50,3.00
2012.06.14 11:54:43.876,1.02686,1.027,2.03,3.00
2012.06.14 11:54:44.408,1.02686,1.027,2.03,3.00
2012.06.14 11:54:46.225,1.02685,1.02697,2.03,1.50
2012.06.14 11:54:46.442,1.02687,1.02699,1.50,2.25
2012.06.14 11:54:46.718,1.02689,1.027,1.50,1.50
2012.06.14 11:54:47.246,1.02689,1.02701,1.50,1.50
2012.06.14 11:55:00.792,1.02688,1.02701,2.73,1.50
2012.06.14 11:55:01.696,1.02688,1.02701,2.73,1.50
2012.06.14 11:55:02.707,1.02688,1.02702,2.73,3.00
2012.06.14 11:55:03.268,1.02688,1.02702,2.73,3.00
2012.06.14 11:55:03.547,1.02688,1.02702,2.73,3.00
2012.06.14 11:55:05.292,1.02688,1.02702,2.21,2.25
2012.06.14 11:55:05.429,1.02688,1.02702,2.73,2.25
2012.06.14 11:55:06.200,1.02688,1.02698,3.26,1.09
2012.06.14 11:55:06.273,1.02688,1.02698,1.23,2.59
2012.06.14 11:55:06.746,1.02684,1.02698,2.33,3.75
2012.06.14 11:55:06.960,1.02683,1.02696,3.90,1.50
2012.06.14 11:55:07.513,1.02685,1.02697,1.50,1.50
2012.06.14 11:55:07.941,1.02683,1.02695,4.13,1.50
2012.06.14 11:55:08.302,1.02682,1.02693,1.13,1.50
2012.06.14 11:55:08.590,1.02682,1.02693,1.13,1.50
2012.06.14 11:55:10.198,1.02682,1.02693,1.13,1.88
2012.06.14 11:55:11.150,1.02682,1.02693,1.13,1.88
2012.06.14 11:55:12.048,1.02682,1.02693,1.13,1.88
2012.06.14 11:55:12.996,1.0268,1.02693,1.50,1.88
2012.06.14 11:55:16.808,1.02682,1.02693,1.50,1.50
2012.06.14 11:55:20.081,1.02682,1.02693,1.50,1.50
2012.06.14 11:55:28.071,1.02682,1.02694,1.50,2.25
2012.06.14 11:55:31.400,1.02683,1.02694,1.13,2.25
2012.06.14 11:55:31.754,1.02691,1.02697,1.50,1.13
2012.06.14 11:55:31.833,1.02691,1.027,1.50,1.50
2012.06.14 11:55:32.397,1.02691,1.02703,1.50,2.25
2012.06.14 11:55:32.991,1.02691,1.02703,2.25,1.50
2012.06.14 11:55:38.117,1.02689,1.02702,1.50,1.50
2012.06.14 11:55:39.545,1.02688,1.02702,3.75,1.50
2012.06.14 11:55:40.097,1.02688,1.02702,4.13,1.50
2012.06.14 11:55:41.358,1.02691,1.02703,1.50,1.50
2012.06.14 11:55:42.769,1.02689,1.02702,3.00,1.50
2012.06.14 11:55:45.377,1.02689,1.02702,1.50,1.50
2012.06.14 11:55:45.521,1.0269,1.02704,2.63,3.38
2012.06.14 11:55:45.740,1.0269,1.02704,2.25,3.38
2012.06.14 11:55:46.078,1.02689,1.02701,3.00,1.50
2012.06.14 11:55:46.627,1.0269,1.02701,1.50,1.50
2012.06.14 11:55:47.481,1.0269,1.02701,1.50,1.50
2012.06.14 11:55:48.047,1.02689,1.02701,2.25,1.50
2012.06.14 11:55:49.978,1.02689,1.02701,2.25,1.50
2012.06.14 11:55:51.189,1.02689,1.02701,3.00,1.50
2012.06.14 11:55:52.177,1.02689,1.02701,3.75,1.50
2012.06.14 11:55:52.253,1.02691,1.02703,1.50,1.50
2012.06.14 11:55:53.258,1.02689,1.02701,3.00,1.50
2012.06.14 11:55:53.567,1.02691,1.02703,1.50,1.50
2012.06.14 11:55:55.946,1.0269,1.02702,1.50,1.50
2012.06.14 11:56:04.797,1.02691,1.02703,2.25,3.00
2012.06.14 11:56:05.298,1.0269,1.02702,1.50,1.50
2012.06.14 11:56:06.045,1.02688,1.02702,3.75,1.50
2012.06.14 11:56:06.825,1.02689,1.02702,1.50,1.50
2012.06.14 11:56:09.619,1.02689,1.02702,1.50,1.88
2012.06.14 11:56:10.292,1.02689,1.02702,1.50,1.88
2012.06.14 11:56:17.619,1.02688,1.02698,1.50,1.88
2012.06.14 11:56:17.880,1.02686,1.02698,3.75,2.25
2012.06.14 11:56:18.579,1.02685,1.02699,1.88,3.75
2012.06.14 11:56:19.616,1.02685,1.02695,1.50,1.50
2012.06.14 11:56:19.829,1.02682,1.02692,1.88,1.50
2012.06.14 11:56:19.970,1.0268,1.02692,1.88,3.00
2012.06.14 11:56:20.166,1.02678,1.02691,1.50,1.50
2012.06.14 11:56:20.696,1.02678,1.02691,1.50,1.50
2012.06.14 11:56:20.812,1.02678,1.02691,2.21,1.50
2012.06.14 11:56:21.213,1.02683,1.02695,1.50,1.50
2012.06.14 11:56:21.956,1.02683,1.02695,2.25,1.50
2012.06.14 11:56:22.367,1.02683,1.02695,1.50,3.75
2012.06.14 11:56:22.886,1.02681,1.02693,2.21,1.88
2012.06.14 11:56:29.584,1.02681,1.02693,2.21,6.00
2012.06.14 11:56:29.728,1.02679,1.02689,2.63,2.25
2012.06.14 11:56:29.940,1.02677,1.02686,3.00,1.50
2012.06.14 11:56:30.259,1.02677,1.02688,2.25,2.25
2012.06.14 11:56:30.510,1.02676,1.02686,1.50,1.50
2012.06.14 11:56:31.066,1.02674,1.02686,4.13,1.50
2012.06.14 11:56:34.476,1.02675,1.02686,1.13,1.50
2012.06.14 11:56:34.550,1.02675,1.02688,2.25,2.25
2012.06.14 11:56:34.618,1.02674,1.02686,7.88,1.50
2012.06.14 11:56:35.286,1.02675,1.02689,2.25,3.00
2012.06.14 11:56:37.980,1.02676,1.02689,4.08,2.25
2012.06.14 11:56:38.261,1.0268,1.0269,1.50,1.50
2012.06.14 11:56:38.728,1.0268,1.0269,2.63,1.50
2012.06.14 11:56:38.813,1.02686,1.02697,1.50,3.42
2012.06.14 11:56:39.029,1.02688,1.02697,1.50,1.54
2012.06.14 11:56:39.240,1.02688,1.02698,1.50,1.50
2012.06.14 11:56:39.312,1.02686,1.02699,3.75,1.50
2012.06.14 11:56:39.881,1.02687,1.02699,1.50,1.50
2012.06.14 11:56:40.161,1.02688,1.02702,2.25,2.63
2012.06.14 11:56:40.689,1.02688,1.02702,3.00,1.88
2012.06.14 11:56:43.898,1.02692,1.02704,1.50,4.88
2012.06.14 11:56:44.430,1.02692,1.02704,2.21,3.00
2012.06.14 11:56:44.977,1.02693,1.02704,1.50,1.50
2012.06.14 11:56:45.306,1.02693,1.02707,3.71,5.22
2012.06.14 11:56:45.857,1.02693,1.02707,5.21,1.50
2012.06.14 11:56:48.092,1.02693,1.02707,6.71,1.50
2012.06.14 11:56:50.946,1.02693,1.02707,5.21,1.50
2012.06.14 11:56:51.107,1.02694,1.02707,1.46,1.50
2012.06.14 11:56:51.247,1.02696,1.02709,1.46,3.00
2012.06.14 11:56:51.447,1.02695,1.02709,3.00,1.50
2012.06.14 11:56:51.697,1.02695,1.02707,1.50,1.50
2012.06.14 11:56:52.039,1.02694,1.02705,1.46,2.25
2012.06.14 11:56:52.253,1.02691,1.02704,1.88,1.88
2012.06.14 11:56:52.670,1.02688,1.027,3.33,1.50
2012.06.14 11:56:52.939,1.0269,1.02702,1.50,1.50
2012.06.14 11:56:55.152,1.02691,1.02705,2.21,5.97
2012.06.14 11:56:55.687,1.02693,1.02705,2.21,1.50
2012.06.14 11:56:56.238,1.02693,1.02706,2.21,2.25
2012.06.14 11:56:56.777,1.02692,1.02705,2.21,1.50
2012.06.14 11:56:57.307,1.02694,1.02706,2.21,3.75
2012.06.14 11:56:59.089,1.02691,1.02705,2.96,1.50
2012.06.14 11:56:59.300,1.02691,1.02705,1.50,3.38
2012.06.14 11:56:59.367,1.02691,1.02703,1.50,1.50
2012.06.14 11:56:59.905,1.0269,1.02703,1.50,2.25
2012.06.14 11:57:00.728,1.02689,1.02703,4.08,3.00
2012.06.14 11:57:01.059,1.02689,1.027,1.83,1.50
2012.06.14 11:57:01.907,1.02689,1.02703,3.33,3.00
2012.06.14 11:57:02.668,1.02689,1.02703,2.96,3.38
2012.06.14 11:57:03.868,1.02689,1.02703,2.96,3.38
2012.06.14 11:57:04.478,1.02689,1.02703,2.96,3.38
2012.06.14 11:57:04.870,1.02689,1.02703,2.96,3.38
2012.06.14 11:57:05.278,1.02689,1.02701,1.50,1.84
2012.06.14 11:57:05.799,1.02688,1.027,2.21,1.50
2012.06.14 11:57:11.148,1.0269,1.02702,1.50,2.25
2012.06.14 11:57:14.441,1.02687,1.02701,3.71,1.50
2012.06.14 11:57:15.227,1.02687,1.02701,3.71,2.25
2012.06.14 11:57:17.766,1.02687,1.02701,2.96,2.25
2012.06.14 11:57:17.897,1.02687,1.02701,2.96,2.63
2012.06.14 11:57:18.455,1.02687,1.02701,2.96,2.25
2012.06.14 11:57:18.997,1.02689,1.02702,1.50,1.50
2012.06.14 11:57:19.525,1.02688,1.027,2.96,1.50
2012.06.14 11:57:21.487,1.02688,1.027,2.96,2.25
2012.06.14 11:57:22.165,1.0269,1.02702,1.50,4.13
2012.06.14 11:57:29.216,1.0269,1.02702,1.50,3.00
2012.06.14 11:57:32.944,1.0269,1.02702,1.50,3.00
2012.06.14 11:57:33.965,1.0269,1.02702,1.50,2.25
2012.06.14 11:57:36.126,1.0269,1.02702,1.50,3.75
2012.06.14 11:57:36.634,1.02689,1.02701,1.46,2.25
2012.06.14 11:57:39.408,1.02689,1.02701,1.46,1.50
2012.06.14 11:57:40.632,1.0269,1.02702,1.50,2.25
2012.06.14 11:57:41.166,1.02689,1.02703,2.58,3.00
2012.06.14 11:57:41.785,1.02689,1.02703,2.58,3.00
2012.06.14 11:57:43.479,1.02689,1.02703,2.58,3.00
2012.06.14 11:57:45.710,1.02689,1.02701,1.46,1.50
2012.06.14 11:57:46.259,1.02688,1.02701,3.00,2.25
2012.06.14 11:57:47.899,1.02688,1.02701,2.25,2.25
2012.06.14 11:57:51.075,1.02688,1.02701,2.25,3.00
2012.06.14 11:57:51.617,1.02688,1.02701,2.25,3.75
2012.06.14 11:57:51.957,1.02688,1.02701,2.25,3.00
2012.06.14 11:57:52.488,1.02688,1.02701,2.25,3.00
2012.06.14 11:57:54.622,1.02688,1.027,2.25,1.09
2012.06.14 11:57:54.772,1.02687,1.02698,1.50,1.50
2012.06.14 11:57:55.135,1.02684,1.02694,1.50,2.10
2012.06.14 11:57:55.214,1.02683,1.02693,2.25,1.50
2012.06.14 11:57:55.502,1.02683,1.0269,1.50,1.50
2012.06.14 11:57:56.093,1.02682,1.0269,1.50,1.50
2012.06.14 11:57:56.173,1.02679,1.0269,1.88,3.00
2012.06.14 11:57:56.847,1.02678,1.0269,1.50,3.00
2012.06.14 11:57:58.659,1.02677,1.0269,1.46,2.25
2012.06.14 11:57:59.002,1.02678,1.02692,1.50,1.50
2012.06.14 11:58:02.962,1.02678,1.02689,2.25,1.50
2012.06.14 11:58:04.847,1.02677,1.02689,2.25,3.00
2012.06.14 11:58:14.583,1.02677,1.02689,3.71,1.50
2012.06.14 11:58:14.944,1.02682,1.02693,2.25,1.13
2012.06.14 11:58:15.301,1.02686,1.02697,1.50,1.17
2012.06.14 11:58:16.258,1.02686,1.02698,1.50,2.63
2012.06.14 11:58:19.577,1.02686,1.02698,1.50,2.25
2012.06.14 11:58:20.954,1.02684,1.02696,4.50,1.50
2012.06.14 11:58:21.557,1.02684,1.02696,1.50,3.00
2012.06.14 11:58:22.008,1.02683,1.02694,1.46,1.50
2012.06.14 11:58:22.149,1.02684,1.02696,1.50,1.50
2012.06.14 11:58:33.559,1.02684,1.02696,1.50,2.63
2012.06.14 11:58:33.820,1.02681,1.0269,2.21,2.25
2012.06.14 11:58:34.113,1.02674,1.02682,1.50,1.50
2012.06.14 11:58:34.330,1.02669,1.02682,1.50,1.50
2012.06.14 11:58:34.888,1.02671,1.02683,2.25,2.63
2012.06.14 11:58:35.977,1.02672,1.02683,1.50,2.25
2012.06.14 11:58:38.307,1.02672,1.02684,3.75,1.88
2012.06.14 11:58:38.890,1.02672,1.02683,1.50,2.25
2012.06.14 11:58:40.759,1.02672,1.02683,1.50,2.25
2012.06.14 11:58:41.538,1.02672,1.02683,1.50,2.25
2012.06.14 11:58:42.355,1.02672,1.02683,1.50,2.25
2012.06.14 11:58:42.967,1.02672,1.02683,1.50,2.25
2012.06.14 11:58:43.777,1.02672,1.02683,1.50,2.25
2012.06.14 11:58:43.968,1.02671,1.02683,1.50,2.25
2012.06.14 11:58:44.178,1.02671,1.02683,2.25,2.25
2012.06.14 11:58:44.318,1.0267,1.02682,1.50,1.50
2012.06.14 11:58:44.878,1.0267,1.02682,1.50,2.25
2012.06.14 11:58:45.410,1.0267,1.02682,1.50,1.50
2012.06.14 11:58:45.977,1.0267,1.02683,3.00,1.50
2012.06.14 11:58:47.185,1.0267,1.02683,3.75,2.25
2012.06.14 11:58:47.742,1.0267,1.02683,3.00,2.25
2012.06.14 11:58:48.018,1.0267,1.02683,3.00,1.50
2012.06.14 11:58:48.488,1.0267,1.02683,2.25,1.50
2012.06.14 11:58:49.009,1.02668,1.02682,3.71,2.25
2012.06.14 11:58:49.298,1.02668,1.02682,3.71,2.25
2012.06.14 11:58:49.640,1.02668,1.02677,2.21,3.00
2012.06.14 11:58:49.994,1.02667,1.02674,1.50,2.25
2012.06.14 11:58:50.350,1.02661,1.0267,2.25,1.50
2012.06.14 11:58:50.824,1.02663,1.0267,1.50,1.50
2012.06.14 11:58:50.904,1.02661,1.02669,1.50,1.50
2012.06.14 11:58:51.041,1.02656,1.02668,2.25,2.25
2012.06.14 11:58:51.110,1.02656,1.02668,1.50,2.25
2012.06.14 11:58:51.650,1.02655,1.02669,2.25,3.38
2012.06.14 11:58:54.707,1.02655,1.02666,1.13,1.50
2012.06.14 11:58:54.999,1.02655,1.02669,2.25,4.88
2012.06.14 11:58:55.848,1.02654,1.02666,1.50,1.50
2012.06.14 11:58:59.291,1.02654,1.02666,1.50,2.25
2012.06.14 11:58:59.375,1.02652,1.02664,2.96,2.25
2012.06.14 11:58:59.449,1.02654,1.02666,1.50,1.88
2012.06.14 11:58:59.799,1.02652,1.02663,2.58,1.50
2012.06.14 11:59:00.205,1.02655,1.02666,1.50,1.13
2012.06.14 11:59:00.561,1.02655,1.02666,1.50,1.50
2012.06.14 11:59:00.632,1.02655,1.02667,1.50,3.23
2012.06.14 11:59:01.438,1.02653,1.02665,3.38,1.50
2012.06.14 11:59:01.719,1.0265,1.02664,5.63,2.25
2012.06.14 11:59:01.931,1.02651,1.02664,2.21,1.50
2012.06.14 11:59:02.350,1.02653,1.02667,3.71,2.25
2012.06.14 11:59:02.872,1.02653,1.02667,3.71,1.88
2012.06.14 11:59:03.622,1.02655,1.02668,1.50,1.88
2012.06.14 11:59:04.269,1.02655,1.02668,2.96,1.13
2012.06.14 11:59:06.599,1.02655,1.02666,1.46,1.50
2012.06.14 11:59:09.172,1.02655,1.02666,1.46,1.50
2012.06.14 11:59:09.253,1.02655,1.02669,3.71,4.13
2012.06.14 11:59:09.399,1.02656,1.02669,1.46,2.25
2012.06.14 11:59:10.589,1.02653,1.02667,3.71,1.50
2012.06.14 11:59:11.148,1.02655,1.02667,1.46,1.50
2012.06.14 11:59:11.838,1.02656,1.02668,1.88,2.25
2012.06.14 11:59:12.380,1.02654,1.02667,1.46,1.50
2012.06.14 11:59:13.239,1.02655,1.02667,1.83,1.50
2012.06.14 11:59:13.569,1.02658,1.0267,2.21,3.00
2012.06.14 11:59:14.710,1.02658,1.0267,2.21,3.00
2012.06.14 11:59:15.253,1.02658,1.0267,2.21,3.00
2012.06.14 11:59:15.757,1.02658,1.0267,2.21,3.00
2012.06.14 11:59:16.815,1.02659,1.02672,2.21,3.34
2012.06.14 11:59:16.947,1.02659,1.02673,2.21,3.38
2012.06.14 11:59:18.344,1.02658,1.0267,3.71,1.50
2012.06.14 11:59:19.127,1.02658,1.02669,2.21,1.73
2012.06.14 11:59:19.480,1.02655,1.02666,1.46,3.38
2012.06.14 11:59:19.628,1.02656,1.02667,1.50,2.25
2012.06.14 11:59:19.771,1.02656,1.02668,2.25,3.38
2012.06.14 11:59:20.319,1.02655,1.02666,2.58,1.50
2012.06.14 11:59:20.859,1.02655,1.02666,1.46,1.50
2012.06.14 11:59:21.702,1.02653,1.02664,2.96,1.13
2012.06.14 11:59:21.786,1.0265,1.02661,2.96,1.50
2012.06.14 11:59:22.391,1.02649,1.02661,3.71,3.34
2012.06.14 11:59:22.485,1.02648,1.02653,1.50,3.75
2012.06.14 11:59:22.839,1.02645,1.02651,1.50,1.73
2012.06.14 11:59:23.190,1.02641,1.02647,3.75,1.13
2012.06.14 11:59:23.411,1.02644,1.02648,1.50,2.85
2012.06.14 11:59:23.494,1.02636,1.02641,1.50,1.35
2012.06.14 11:59:23.786,1.02638,1.02643,2.25,7.92
2012.06.14 11:59:23.936,1.02631,1.02636,2.25,1.35
2012.06.14 11:59:24.292,1.02627,1.02635,1.50,3.57
2012.06.14 11:59:25.290,1.02633,1.02637,1.50,2.25
2012.06.14 11:59:25.580,1.02621,1.02634,1.50,4.73
2012.06.14 11:59:25.649,1.02621,1.02634,1.50,4.73
2012.06.14 11:59:26.198,1.02625,1.02631,1.46,1.50
2012.06.14 11:59:26.479,1.02625,1.02633,1.46,2.25
2012.06.14 11:59:27.240,1.02624,1.02633,1.46,1.50
2012.06.14 11:59:27.657,1.02625,1.02634,1.46,1.09
2012.06.14 11:59:27.939,1.02625,1.02636,1.46,1.50
2012.06.14 11:59:28.010,1.02624,1.02636,2.21,1.50
2012.06.14 11:59:28.080,1.02624,1.02636,2.21,1.50
2012.06.14 11:59:28.608,1.02624,1.02636,2.21,1.50
2012.06.14 11:59:28.969,1.02623,1.02635,2.21,2.25
2012.06.14 11:59:29.039,1.02623,1.02635,2.21,1.50
2012.06.14 11:59:29.543,1.02625,1.02637,2.21,2.25
2012.06.14 11:59:30.446,1.02625,1.02637,2.21,2.25
2012.06.14 11:59:30.709,1.02625,1.02637,2.96,2.25
2012.06.14 11:59:31.129,1.02628,1.02639,2.21,1.09
2012.06.14 11:59:31.339,1.02629,1.02642,2.21,3.38
2012.06.14 11:59:31.984,1.02627,1.02641,2.21,2.25
2012.06.14 11:59:32.516,1.02627,1.02641,2.96,1.50
2012.06.14 11:59:34.628,1.02629,1.02643,3.33,2.63
2012.06.14 11:59:34.697,1.02631,1.02643,1.46,1.88
2012.06.14 11:59:35.257,1.02632,1.02645,2.21,2.25
2012.06.14 11:59:35.517,1.02632,1.02646,2.96,2.25
2012.06.14 11:59:36.102,1.02635,1.02646,1.46,1.50
2012.06.14 11:59:36.601,1.02637,1.02647,1.50,1.50
2012.06.14 11:59:36.678,1.02639,1.0265,1.50,2.63
2012.06.14 11:59:37.079,1.02636,1.0265,2.21,3.75
2012.06.14 11:59:37.915,1.02636,1.02649,2.96,1.50
2012.06.14 11:59:38.729,1.02636,1.0265,2.21,4.09
2012.06.14 11:59:39.286,1.02636,1.02649,2.96,1.50
2012.06.14 11:59:39.805,1.02636,1.0265,2.21,3.38
2012.06.14 11:59:40.327,1.02636,1.02649,2.21,1.50
2012.06.14 11:59:41.006,1.02636,1.02648,1.50,2.25
2012.06.14 11:59:41.078,1.02636,1.02645,1.50,2.10
2012.06.14 11:59:41.431,1.02636,1.02643,1.50,1.50
2012.06.14 11:59:42.181,1.02628,1.02641,1.32,1.50
2012.06.14 11:59:42.751,1.02629,1.02642,2.44,1.50
2012.06.14 11:59:43.337,1.02629,1.02643,1.69,3.00
2012.06.14 11:59:43.858,1.02629,1.02643,2.44,3.00
2012.06.14 11:59:44.541,1.02629,1.02643,2.44,3.00
2012.06.14 11:59:45.767,1.02629,1.02643,1.69,2.25
2012.06.14 11:59:46.058,1.02628,1.0264,1.88,1.50
2012.06.14 11:59:46.618,1.02625,1.02639,3.33,2.25
2012.06.14 11:59:47.140,1.02625,1.02639,3.33,3.00
2012.06.14 11:59:47.490,1.02625,1.02639,2.63,3.38
2012.06.14 11:59:48.097,1.02625,1.02638,1.88,1.50
2012.06.14 11:59:48.177,1.02626,1.02638,2.21,2.63
2012.06.14 11:59:52.256,1.02626,1.02638,2.25,2.25
2012.06.14 11:59:53.559,1.02628,1.02639,1.50,1.50
2012.06.14 11:59:53.839,1.02628,1.0264,2.25,3.75
2012.06.14 11:59:54.389,1.02628,1.0264,2.25,3.00
2012.06.14 11:59:54.621,1.02628,1.0264,2.25,3.00
2012.06.14 11:59:55.188,1.02628,1.0264,2.25,3.00
2012.06.14 11:59:55.690,1.02628,1.0264,2.25,3.00
2012.06.14 11:59:56.129,1.02628,1.0264,2.25,3.00
2012.06.14 11:59:57.559,1.02629,1.0264,1.50,1.50
2012.06.14 11:59:57.687,1.02627,1.0264,2.63,1.50
2012.06.14 11:59:58.225,1.02627,1.0264,2.63,1.50
