2014.12.02 11:00:01.272,1.13519,1.13529,2.25,1.00
2014.12.02 11:00:01.322,1.13519,1.13527,3.19,1.00
2014.12.02 11:00:01.424,1.13519,1.13527,1.00,1.00
2014.12.02 11:00:01.679,1.13517,1.13527,1.25,1.50
2014.12.02 11:00:01.831,1.13517,1.13524,1.25,1.00
2014.12.02 11:00:02.347,1.13517,1.13525,1.25,1.00
2014.12.02 11:00:03.141,1.13517,1.13524,1.00,1.00
2014.12.02 11:00:03.902,1.13517,1.13523,1.00,1.00
2014.12.02 11:00:04.437,1.13517,1.13524,1.00,1.00
2014.12.02 11:00:04.942,1.13517,1.13523,1.50,1.00
2014.12.02 11:00:07.860,1.13517,1.13521,1.00,1.00
2014.12.02 11:00:07.961,1.13515,1.13521,1.10,1.00
2014.12.02 11:00:08.467,1.13514,1.13521,1.00,1.00
2014.12.02 11:00:08.973,1.13514,1.1352,1.00,1.00
2014.12.02 11:00:09.075,1.13514,1.13522,1.00,1.00
2014.12.02 11:00:09.580,1.13514,1.13524,1.00,2.21
2014.12.02 11:00:09.948,1.13513,1.13521,1.00,1.00
2014.12.02 11:00:37.450,1.13513,1.13521,2.44,1.00
2014.12.02 11:00:38.436,1.13513,1.13521,1.69,1.00
2014.12.02 11:00:41.104,1.13509,1.1352,1.67,1.10
2014.12.02 11:00:41.155,1.13507,1.1352,1.10,2.32
2014.12.02 11:00:41.206,1.13505,1.13514,1.07,1.00
2014.12.02 11:00:41.256,1.13504,1.13514,1.00,1.00
2014.12.02 11:00:41.307,1.13504,1.13514,1.00,1.07
2014.12.02 11:00:41.358,1.13499,1.13512,1.27,1.10
2014.12.02 11:00:41.408,1.13499,1.13509,1.10,1.10
2014.12.02 11:00:41.459,1.13497,1.13509,1.00,1.20
2014.12.02 11:00:41.510,1.13497,1.1351,1.00,4.76
2014.12.02 11:00:41.828,1.13499,1.13508,1.50,1.19
2014.12.02 11:00:41.930,1.13495,1.13508,1.15,1.29
2014.12.02 11:00:42.081,1.13495,1.13509,4.01,1.25
2014.12.02 11:00:42.564,1.135,1.13509,1.00,1.25
2014.12.02 11:00:43.700,1.135,1.13509,1.19,1.00
2014.12.02 11:00:45.426,1.13501,1.13511,1.25,1.00
2014.12.02 11:00:46.687,1.13501,1.13511,1.69,1.00
2014.12.02 11:00:48.691,1.13501,1.13511,1.25,1.00
2014.12.02 11:00:50.543,1.13503,1.13511,1.00,1.00
2014.12.02 11:00:50.696,1.13507,1.13518,1.00,1.55
2014.12.02 11:00:51.100,1.13509,1.13517,1.00,1.00
2014.12.02 11:00:52.766,1.13507,1.13516,1.39,1.00
2014.12.02 11:00:53.285,1.13509,1.13517,1.10,1.00
2014.12.02 11:00:58.768,1.13509,1.13517,1.76,1.00
2014.12.02 11:01:01.259,1.1351,1.13518,1.25,1.00
2014.12.02 11:01:01.770,1.13509,1.13516,1.10,1.00
2014.12.02 11:01:01.928,1.13506,1.13516,1.00,1.35
2014.12.02 11:01:02.030,1.13505,1.13511,1.25,1.00
2014.12.02 11:01:02.182,1.13503,1.13511,2.14,1.00
2014.12.02 11:01:02.334,1.13502,1.13509,1.29,1.00
2014.12.02 11:01:02.688,1.135,1.13508,1.69,1.00
2014.12.02 11:01:03.193,1.13498,1.13507,1.46,1.00
2014.12.02 11:01:05.175,1.13499,1.13507,1.29,1.00
2014.12.02 11:01:05.226,1.13499,1.13509,1.29,1.00
2014.12.02 11:01:06.366,1.135,1.13509,1.19,1.00
2014.12.02 11:01:06.880,1.135,1.13508,2.29,1.00
2014.12.02 11:01:08.407,1.135,1.13508,1.54,1.00
2014.12.02 11:01:12.397,1.135,1.13508,2.29,1.00
2014.12.02 11:01:13.429,1.13501,1.13508,1.19,1.00
2014.12.02 11:01:15.434,1.135,1.13508,2.66,1.00
2014.12.02 11:01:19.417,1.135,1.13508,1.25,1.00
2014.12.02 11:01:26.086,1.13501,1.13511,1.00,1.25
2014.12.02 11:01:26.588,1.13501,1.13511,1.00,1.84
2014.12.02 11:01:31.620,1.13501,1.1351,1.25,1.17
2014.12.02 11:01:32.139,1.135,1.1351,1.00,3.34
2014.12.02 11:01:33.220,1.135,1.13508,1.00,1.17
2014.12.02 11:01:33.271,1.13498,1.13508,1.50,2.59
2014.12.02 11:01:33.322,1.13498,1.13505,1.50,2.25
2014.12.02 11:01:33.372,1.13492,1.13502,1.25,1.84
2014.12.02 11:01:33.574,1.13489,1.13502,1.62,3.07
2014.12.02 11:01:33.892,1.13488,1.13501,1.00,3.07
2014.12.02 11:01:34.396,1.13488,1.13501,1.37,1.17
2014.12.02 11:01:34.498,1.13488,1.13501,2.14,1.10
2014.12.02 11:01:34.548,1.13492,1.13502,1.00,1.09
2014.12.02 11:01:34.851,1.13496,1.13504,1.62,1.00
2014.12.02 11:01:35.154,1.13498,1.13506,1.37,1.00
2014.12.02 11:01:39.234,1.13498,1.13506,1.50,1.00
2014.12.02 11:01:39.284,1.13498,1.13508,2.44,1.00
2014.12.02 11:01:43.306,1.13499,1.13508,1.19,1.00
2014.12.02 11:01:45.320,1.13498,1.13508,2.44,1.00
2014.12.02 11:01:48.367,1.13499,1.13508,1.31,1.00
2014.12.02 11:01:49.355,1.13499,1.13508,1.56,1.00
2014.12.02 11:01:49.859,1.13499,1.13508,1.56,1.00
2014.12.02 11:01:50.422,1.135,1.1351,1.31,1.20
2014.12.02 11:01:50.936,1.135,1.1351,1.62,1.20
2014.12.02 11:01:52.357,1.135,1.1351,1.31,1.20
2014.12.02 11:01:54.368,1.135,1.1351,2.06,1.20
2014.12.02 11:01:57.354,1.135,1.1351,1.31,1.20
2014.12.02 11:01:59.132,1.135,1.1351,1.62,1.20
2014.12.02 11:01:59.637,1.13501,1.1351,1.31,1.17
2014.12.02 11:02:00.368,1.135,1.1351,2.06,1.17
2014.12.02 11:02:01.415,1.13501,1.1351,1.31,1.17
2014.12.02 11:02:02.328,1.13501,1.1351,1.91,1.17
2014.12.02 11:02:02.379,1.13503,1.13511,1.31,1.00
2014.12.02 11:02:02.531,1.13503,1.13513,2.06,1.10
2014.12.02 11:02:03.389,1.13504,1.13513,1.19,1.10
2014.12.02 11:02:04.412,1.13503,1.13513,2.06,1.10
2014.12.02 11:02:05.866,1.13503,1.13513,2.06,1.07
2014.12.02 11:02:06.428,1.13503,1.13511,1.25,1.10
2014.12.02 11:02:07.460,1.13503,1.13511,1.69,1.10
2014.12.02 11:02:08.426,1.13503,1.13511,1.00,1.10
2014.12.02 11:02:24.337,1.13503,1.13511,1.00,1.17
2014.12.02 11:02:27.484,1.13501,1.13509,1.69,1.00
2014.12.02 11:02:28.510,1.13501,1.13509,1.25,1.00
2014.12.02 11:02:34.540,1.13501,1.13509,1.69,1.00
2014.12.02 11:02:35.560,1.13501,1.13509,1.00,1.00
2014.12.02 11:02:37.052,1.13499,1.13509,2.29,1.00
2014.12.02 11:02:45.168,1.13501,1.13509,1.00,1.00
2014.12.02 11:02:47.590,1.13501,1.13509,2.29,1.00
2014.12.02 11:02:48.098,1.13501,1.1351,1.19,1.00
2014.12.02 11:02:48.559,1.13498,1.1351,1.56,1.00
2014.12.02 11:02:52.573,1.13498,1.1351,1.56,1.00
2014.12.02 11:02:53.793,1.13498,1.1351,1.56,1.07
2014.12.02 11:02:53.844,1.13498,1.1351,1.56,3.07
2014.12.02 11:02:54.152,1.13498,1.1351,1.56,1.17
2014.12.02 11:02:54.671,1.13495,1.13506,1.45,1.10
2014.12.02 11:02:54.975,1.13496,1.13503,1.70,1.00
2014.12.02 11:03:02.708,1.13495,1.13502,1.69,1.00
2014.12.02 11:03:03.365,1.13493,1.13504,1.56,1.00
2014.12.02 11:03:03.466,1.1349,1.13504,2.96,1.25
2014.12.02 11:03:03.970,1.1349,1.13504,2.21,1.69
2014.12.02 11:03:05.353,1.13491,1.13504,1.56,1.65
2014.12.02 11:03:07.361,1.1349,1.13501,1.56,1.10
2014.12.02 11:03:07.879,1.13491,1.135,1.19,1.00
2014.12.02 11:03:08.081,1.13488,1.135,1.39,1.00
2014.12.02 11:03:08.234,1.13488,1.13497,1.31,1.00
2014.12.02 11:03:11.591,1.13487,1.13497,1.31,1.00
2014.12.02 11:03:12.101,1.13488,1.13497,1.19,1.00
2014.12.02 11:03:16.097,1.13487,1.13497,1.31,1.10
2014.12.02 11:03:16.450,1.13487,1.13493,1.19,1.00
2014.12.02 11:03:16.984,1.13486,1.13493,1.69,1.00
2014.12.02 11:03:17.516,1.13486,1.13493,1.25,1.00
2014.12.02 11:03:18.470,1.13486,1.13493,1.69,1.00
2014.12.02 11:03:19.498,1.13486,1.13493,1.00,1.00
2014.12.02 11:03:24.542,1.13486,1.13493,1.69,1.00
2014.12.02 11:03:24.593,1.13486,1.13495,1.19,1.00
2014.12.02 11:03:25.501,1.13485,1.13495,1.19,1.00
2014.12.02 11:03:27.508,1.13484,1.13495,1.31,1.00
2014.12.02 11:03:29.546,1.13485,1.13495,1.29,1.00
2014.12.02 11:03:31.569,1.13487,1.13495,1.19,1.00
2014.12.02 11:03:31.955,1.13487,1.13498,1.19,1.07
2014.12.02 11:03:33.038,1.13487,1.13498,1.19,1.15
2014.12.02 11:03:33.545,1.13485,1.13498,1.19,1.15
2014.12.02 11:03:33.746,1.13485,1.13498,1.19,1.10
2014.12.02 11:03:34.842,1.13489,1.13498,1.00,1.10
2014.12.02 11:03:46.036,1.13486,1.13498,1.25,1.10
2014.12.02 11:03:52.620,1.13486,1.13498,1.76,1.25
2014.12.02 11:03:53.151,1.13486,1.13498,1.69,1.09
2014.12.02 11:03:54.067,1.13486,1.13498,1.69,1.25
2014.12.02 11:03:55.628,1.13486,1.13498,1.69,1.17
2014.12.02 11:03:56.385,1.13486,1.13496,1.69,1.00
2014.12.02 11:03:56.903,1.13487,1.13496,1.19,1.00
2014.12.02 11:03:58.550,1.13486,1.13496,1.25,1.00
2014.12.02 11:03:59.524,1.13486,1.13496,1.69,1.00
2014.12.02 11:04:07.571,1.13486,1.13496,1.01,1.00
2014.12.02 11:04:07.622,1.13488,1.13498,1.00,1.10
2014.12.02 11:04:08.132,1.13488,1.13498,1.00,1.17
2014.12.02 11:04:13.362,1.13486,1.13497,1.56,1.10
2014.12.02 11:04:19.620,1.13487,1.13497,1.31,1.00
2014.12.02 11:04:22.649,1.13486,1.13497,1.56,1.00
2014.12.02 11:04:27.656,1.13487,1.13497,1.31,1.20
2014.12.02 11:04:28.677,1.13485,1.13497,2.06,1.20
2014.12.02 11:04:30.075,1.13489,1.13497,2.25,1.10
2014.12.02 11:04:30.277,1.13493,1.13501,1.91,1.00
2014.12.02 11:04:30.378,1.13492,1.135,1.00,2.85
2014.12.02 11:04:30.479,1.13488,1.13497,1.07,1.00
2014.12.02 11:04:30.984,1.13488,1.13497,1.00,1.35
2014.12.02 11:04:32.466,1.13488,1.13497,1.69,1.00
2014.12.02 11:04:33.627,1.13489,1.13497,1.31,1.00
2014.12.02 11:04:33.880,1.13489,1.135,1.19,1.09
2014.12.02 11:04:34.233,1.13491,1.13497,1.00,1.00
2014.12.02 11:04:34.435,1.13494,1.13501,1.12,1.00
2014.12.02 11:04:34.537,1.13494,1.13501,5.81,1.00
2014.12.02 11:04:34.587,1.13497,1.13505,1.20,1.00
2014.12.02 11:04:35.093,1.13497,1.13506,1.09,1.00
2014.12.02 11:04:35.604,1.13497,1.13506,1.84,1.00
2014.12.02 11:04:38.543,1.13499,1.13506,1.19,1.00
2014.12.02 11:04:42.391,1.13499,1.13508,1.69,1.00
2014.12.02 11:04:43.591,1.135,1.13508,1.19,1.00
2014.12.02 11:04:54.144,1.135,1.13508,1.19,1.60
2014.12.02 11:04:54.656,1.13499,1.13508,2.14,1.60
2014.12.02 11:04:55.581,1.13499,1.13508,1.39,1.60
2014.12.02 11:04:56.585,1.135,1.13508,1.19,1.60
2014.12.02 11:04:58.590,1.13499,1.13508,1.39,2.10
2014.12.02 11:04:59.112,1.13499,1.13508,1.39,2.10
2014.12.02 11:05:04.832,1.13499,1.13507,1.01,1.00
2014.12.02 11:05:15.167,1.13498,1.13506,1.26,1.00
2014.12.02 11:05:15.688,1.13497,1.13506,1.76,1.00
2014.12.02 11:05:19.365,1.13499,1.13508,1.00,2.10
2014.12.02 11:05:21.567,1.13498,1.13505,1.00,1.00
2014.12.02 11:05:21.871,1.13496,1.13505,1.25,1.10
2014.12.02 11:05:22.022,1.13494,1.13503,1.00,1.00
2014.12.02 11:05:22.326,1.1349,1.13502,3.11,1.29
2014.12.02 11:05:22.629,1.1349,1.13501,1.19,1.09
2014.12.02 11:05:23.281,1.13488,1.13501,2.14,1.17
2014.12.02 11:05:26.326,1.13489,1.13501,1.29,1.09
2014.12.02 11:05:27.296,1.13488,1.13501,2.14,1.84
2014.12.02 11:05:43.261,1.13488,1.13501,1.31,1.40
2014.12.02 11:05:47.501,1.13488,1.13501,1.19,1.84
2014.12.02 11:05:49.501,1.13487,1.135,1.84,1.34
2014.12.02 11:05:53.478,1.13486,1.13501,2.21,1.84
2014.12.02 11:05:55.521,1.13488,1.13501,1.19,1.84
2014.12.02 11:05:59.711,1.13489,1.13501,3.19,1.15
2014.12.02 11:06:00.123,1.1349,1.13503,1.25,1.84
2014.12.02 11:06:02.471,1.1349,1.13503,1.69,1.65
2014.12.02 11:06:07.528,1.13491,1.13503,1.19,1.65
2014.12.02 11:06:09.499,1.13493,1.13501,1.25,1.20
2014.12.02 11:06:10.529,1.13491,1.13502,1.69,1.15
2014.12.02 11:06:10.580,1.13492,1.13502,1.62,1.15
2014.12.02 11:06:10.681,1.13495,1.13505,1.32,1.00
2014.12.02 11:06:10.732,1.13498,1.13506,1.00,1.10
2014.12.02 11:06:11.248,1.13498,1.13507,1.69,1.00
2014.12.02 11:06:11.820,1.135,1.13508,1.25,1.00
2014.12.02 11:06:12.174,1.135,1.1351,1.69,2.29
2014.12.02 11:06:14.832,1.135,1.1351,1.69,2.10
2014.12.02 11:06:15.648,1.135,1.1351,1.69,2.17
2014.12.02 11:06:16.170,1.135,1.1351,1.69,2.10
2014.12.02 11:06:16.820,1.135,1.1351,3.19,2.10
2014.12.02 11:06:18.830,1.13501,1.1351,1.25,3.60
2014.12.02 11:06:19.184,1.13504,1.13511,1.00,2.10
2014.12.02 11:06:21.723,1.13503,1.1351,1.25,1.60
2014.12.02 11:06:24.847,1.13502,1.1351,1.01,1.60
2014.12.02 11:06:26.861,1.13502,1.1351,3.26,2.10
2014.12.02 11:06:28.951,1.13503,1.13512,1.25,2.92
2014.12.02 11:06:29.920,1.13503,1.13512,2.44,2.92
2014.12.02 11:06:32.622,1.13503,1.13509,2.44,1.00
2014.12.02 11:06:33.187,1.13502,1.13509,1.01,1.00
2014.12.02 11:06:33.288,1.13504,1.13509,1.25,1.00
2014.12.02 11:06:34.912,1.13504,1.13509,2.44,1.00
2014.12.02 11:06:35.121,1.13503,1.13509,1.25,1.60
2014.12.02 11:06:36.605,1.13502,1.13509,1.39,1.60
2014.12.02 11:06:38.753,1.13503,1.1351,1.00,2.10
2014.12.02 11:06:39.634,1.13502,1.13509,1.01,1.60
2014.12.02 11:06:40.125,1.13503,1.13509,1.19,1.60
2014.12.02 11:06:42.162,1.13502,1.13509,2.51,1.60
2014.12.02 11:06:45.153,1.13503,1.13509,2.44,1.60
2014.12.02 11:06:46.069,1.13502,1.13509,2.51,1.60
2014.12.02 11:06:47.381,1.13502,1.13509,1.01,1.60
2014.12.02 11:06:48.048,1.13502,1.13509,2.51,1.60
2014.12.02 11:06:50.983,1.135,1.13506,1.09,1.00
2014.12.02 11:06:51.033,1.135,1.13506,1.25,1.00
2014.12.02 11:06:53.986,1.13502,1.13506,1.25,1.00
2014.12.02 11:06:54.963,1.13502,1.13507,1.25,1.35
2014.12.02 11:06:55.267,1.13505,1.1351,2.29,1.00
2014.12.02 11:06:55.318,1.13505,1.13513,1.54,1.00
2014.12.02 11:06:55.369,1.13505,1.13511,1.25,1.00
2014.12.02 11:06:55.420,1.13503,1.13511,1.01,1.00
2014.12.02 11:06:55.933,1.13503,1.1351,1.25,1.00
2014.12.02 11:06:56.475,1.13504,1.1351,1.25,1.00
2014.12.02 11:06:56.728,1.13498,1.13505,1.26,1.00
2014.12.02 11:06:57.031,1.135,1.13509,2.44,1.20
2014.12.02 11:06:57.570,1.13499,1.13504,2.44,1.00
2014.12.02 11:06:59.105,1.135,1.13507,1.25,1.50
2014.12.02 11:06:59.258,1.135,1.13509,2.44,1.00
2014.12.02 11:07:00.219,1.13502,1.13509,1.25,1.00
2014.12.02 11:07:01.202,1.135,1.13509,2.44,1.00
2014.12.02 11:07:02.577,1.135,1.13504,1.00,1.00
2014.12.02 11:07:02.679,1.13495,1.13501,1.57,1.00
2014.12.02 11:07:02.932,1.13497,1.13505,1.19,1.15
2014.12.02 11:07:03.751,1.13496,1.13501,1.19,1.00
2014.12.02 11:07:04.281,1.13497,1.13507,1.19,1.15
2014.12.02 11:07:04.433,1.13497,1.13504,1.19,1.00
2014.12.02 11:07:04.635,1.13497,1.13506,1.19,1.00
2014.12.02 11:07:05.380,1.13499,1.13506,1.19,1.00
2014.12.02 11:07:06.451,1.13498,1.13506,1.25,1.00
2014.12.02 11:07:07.340,1.13496,1.13504,1.29,1.35
2014.12.02 11:07:07.441,1.13493,1.13503,1.17,1.00
2014.12.02 11:07:07.497,1.13492,1.13499,1.07,1.00
2014.12.02 11:07:07.800,1.13491,1.13497,1.25,1.00
2014.12.02 11:07:08.319,1.13491,1.13498,1.00,1.35
2014.12.02 11:07:11.093,1.1349,1.13496,1.76,1.00
2014.12.02 11:07:11.345,1.13485,1.13492,1.69,1.10
2014.12.02 11:07:11.799,1.13485,1.13494,1.69,1.00
2014.12.02 11:07:12.001,1.13486,1.13496,1.25,1.01
2014.12.02 11:07:12.354,1.13487,1.13496,1.19,1.00
2014.12.02 11:07:13.358,1.13487,1.13496,1.25,1.00
2014.12.02 11:07:15.356,1.13487,1.13496,1.19,1.00
2014.12.02 11:07:17.394,1.13489,1.13496,1.25,1.00
2014.12.02 11:07:17.789,1.13489,1.13498,1.25,1.42
2014.12.02 11:07:21.378,1.13489,1.13498,1.19,1.42
2014.12.02 11:07:24.650,1.13491,1.13498,1.00,1.70
2014.12.02 11:07:25.158,1.13492,1.13499,1.00,3.67
2014.12.02 11:07:29.899,1.13492,1.13499,1.00,2.17
2014.12.02 11:07:32.986,1.13489,1.13495,1.19,1.00
2014.12.02 11:07:33.441,1.13487,1.13495,1.26,1.00
2014.12.02 11:07:36.064,1.13487,1.13493,1.26,1.00
2014.12.02 11:07:36.468,1.13486,1.13493,1.25,1.00
2014.12.02 11:07:36.975,1.13485,1.13496,1.19,1.20
2014.12.02 11:07:37.076,1.13483,1.13488,1.31,1.00
2014.12.02 11:07:38.062,1.13483,1.13488,1.25,1.00
2014.12.02 11:07:38.666,1.13484,1.13495,1.29,1.37
2014.12.02 11:07:38.716,1.13484,1.13495,1.29,1.00
2014.12.02 11:07:38.969,1.13487,1.13499,1.19,6.49
2014.12.02 11:07:39.171,1.13487,1.13498,1.36,1.15
2014.12.02 11:07:39.676,1.13487,1.13498,1.84,1.05
2014.12.02 11:07:40.945,1.13487,1.13494,1.84,1.00
2014.12.02 11:07:42.909,1.13488,1.13499,1.36,2.10
2014.12.02 11:07:46.590,1.1349,1.135,1.19,2.10
2014.12.02 11:07:49.989,1.13489,1.135,2.51,2.10
2014.12.02 11:07:51.029,1.13491,1.135,1.25,2.10
2014.12.02 11:07:51.181,1.13491,1.13501,1.25,1.39
2014.12.02 11:07:54.448,1.13492,1.13501,1.00,1.99
2014.12.02 11:07:55.894,1.13492,1.13501,1.25,1.70
2014.12.02 11:07:56.097,1.1349,1.13499,1.69,1.00
2014.12.02 11:07:56.603,1.1349,1.13501,1.69,1.70
2014.12.02 11:07:57.864,1.1349,1.13499,1.69,1.00
2014.12.02 11:08:00.586,1.1349,1.13499,1.25,1.70
2014.12.02 11:08:15.423,1.1349,1.13499,1.00,2.44
2014.12.02 11:08:15.892,1.13487,1.13496,1.76,1.35
2014.12.02 11:08:15.993,1.13486,1.13493,1.07,1.00
2014.12.02 11:08:16.498,1.13486,1.13493,1.00,1.00
2014.12.02 11:08:17.964,1.13486,1.13493,1.00,1.55
2014.12.02 11:08:18.015,1.13482,1.13491,1.00,1.00
2014.12.02 11:08:18.536,1.13482,1.13491,1.00,1.40
2014.12.02 11:08:29.278,1.13482,1.1349,1.00,1.39
2014.12.02 11:08:30.191,1.13483,1.1349,1.00,1.39
2014.12.02 11:08:30.708,1.13483,1.13491,1.00,2.59
2014.12.02 11:08:31.227,1.13482,1.13491,1.00,2.59
2014.12.02 11:08:32.984,1.13482,1.1349,1.00,1.39
2014.12.02 11:08:34.010,1.13482,1.13491,1.00,3.34
2014.12.02 11:08:34.994,1.13482,1.1349,1.00,1.39
2014.12.02 11:08:38.482,1.13481,1.1349,1.00,1.84
2014.12.02 11:08:39.048,1.13481,1.1349,1.00,1.84
2014.12.02 11:08:40.009,1.13481,1.1349,1.00,1.09
2014.12.02 11:08:42.301,1.13481,1.13489,1.00,3.19
2014.12.02 11:08:42.554,1.13473,1.13481,1.00,1.57
2014.12.02 11:08:42.857,1.13474,1.13483,1.00,1.65
2014.12.02 11:08:42.958,1.13476,1.13483,1.00,1.12
2014.12.02 11:08:43.463,1.13476,1.13481,1.00,1.00
2014.12.02 11:08:43.614,1.13476,1.13485,1.00,1.57
2014.12.02 11:08:45.943,1.13478,1.13486,1.00,1.27
2014.12.02 11:08:46.246,1.13472,1.1348,3.07,1.00
2014.12.02 11:08:46.297,1.13472,1.1348,1.10,1.00
2014.12.02 11:08:46.500,1.13474,1.13479,1.00,1.00
2014.12.02 11:08:48.365,1.13472,1.13479,1.10,1.00
2014.12.02 11:08:48.870,1.13472,1.13477,1.00,1.00
2014.12.02 11:08:50.107,1.13474,1.13481,1.00,1.07
2014.12.02 11:08:50.209,1.13468,1.13477,5.89,1.00
2014.12.02 11:08:50.310,1.13469,1.13479,5.14,1.00
2014.12.02 11:08:50.663,1.13472,1.13485,1.16,1.15
2014.12.02 11:08:50.764,1.13479,1.13485,1.00,1.07
2014.12.02 11:08:51.302,1.13479,1.13486,1.00,1.17
2014.12.02 11:08:52.219,1.13481,1.13488,1.00,4.09
2014.12.02 11:08:52.321,1.13481,1.13488,1.00,1.01
2014.12.02 11:08:52.828,1.13482,1.13491,1.00,1.69
2014.12.02 11:08:53.284,1.13484,1.13491,1.00,1.15
2014.12.02 11:08:53.789,1.13484,1.1349,1.00,1.54
2014.12.02 11:08:54.534,1.13487,1.13493,1.00,1.77
2014.12.02 11:08:54.635,1.13492,1.13498,1.00,1.84
2014.12.02 11:08:54.787,1.13492,1.13501,2.70,1.00
2014.12.02 11:08:54.838,1.13496,1.13509,1.87,3.07
2014.12.02 11:08:54.889,1.13496,1.13509,2.70,1.17
2014.12.02 11:08:54.940,1.13502,1.13511,1.25,3.07
2014.12.02 11:08:54.991,1.13502,1.13511,1.25,1.10
2014.12.02 11:08:55.042,1.13502,1.13514,1.31,2.32
2014.12.02 11:08:55.193,1.13506,1.13515,1.25,1.10
2014.12.02 11:08:55.961,1.13508,1.13517,1.00,1.84
2014.12.02 11:08:57.054,1.13506,1.13518,1.69,2.51
2014.12.02 11:08:59.064,1.13504,1.13518,1.16,4.01
2014.12.02 11:09:00.745,1.13506,1.13518,1.19,3.07
2014.12.02 11:09:01.049,1.13514,1.13527,1.46,1.85
2014.12.02 11:09:01.100,1.13514,1.13528,1.32,1.87
2014.12.02 11:09:01.201,1.13514,1.13528,1.32,1.00
2014.12.02 11:09:01.302,1.13516,1.13532,1.31,2.55
2014.12.02 11:09:01.353,1.13516,1.13534,1.31,1.70
2014.12.02 11:09:01.404,1.13516,1.13534,3.56,1.01
2014.12.02 11:09:01.708,1.13527,1.13537,1.25,1.00
2014.12.02 11:09:02.117,1.13527,1.13539,1.25,1.00
2014.12.02 11:09:02.471,1.13526,1.13539,1.62,1.00
2014.12.02 11:09:02.572,1.13526,1.13539,2.14,1.00
2014.12.02 11:09:02.623,1.13526,1.13543,2.21,2.29
2014.12.02 11:09:02.674,1.13526,1.13546,2.21,2.06
2014.12.02 11:09:02.725,1.13526,1.13546,2.51,2.14
2014.12.02 11:09:02.775,1.13529,1.13546,2.81,2.14
2014.12.02 11:09:03.179,1.13529,1.13546,2.81,1.31
2014.12.02 11:09:03.482,1.13529,1.13546,2.81,1.31
2014.12.02 11:09:03.874,1.13533,1.13549,4.01,1.07
2014.12.02 11:09:03.925,1.13533,1.13552,4.09,1.07
2014.12.02 11:09:03.976,1.13536,1.13554,1.69,1.17
2014.12.02 11:09:04.178,1.1354,1.13553,1.31,1.00
2014.12.02 11:09:04.682,1.1354,1.13554,1.56,1.00
2014.12.02 11:09:05.036,1.1354,1.13554,1.26,1.00
2014.12.02 11:09:05.291,1.13537,1.13554,1.66,1.15
2014.12.02 11:09:05.594,1.1354,1.13553,2.44,1.26
2014.12.02 11:09:06.064,1.13541,1.13554,1.25,1.25
2014.12.02 11:09:06.941,1.13541,1.13554,1.19,1.00
2014.12.02 11:09:07.328,1.13541,1.13547,1.00,2.10
2014.12.02 11:09:07.632,1.13534,1.13541,1.56,1.00
2014.12.02 11:09:07.683,1.13532,1.13541,1.84,1.00
2014.12.02 11:09:07.835,1.13532,1.13546,2.59,3.04
2014.12.02 11:09:07.886,1.13534,1.13548,1.39,1.69
2014.12.02 11:09:07.937,1.13534,1.13548,2.00,1.69
2014.12.02 11:09:08.140,1.13538,1.13553,1.26,1.69
2014.12.02 11:09:08.241,1.13539,1.13553,1.69,1.00
2014.12.02 11:09:08.759,1.13539,1.13553,1.26,1.00
2014.12.02 11:09:09.165,1.13536,1.13553,2.00,2.06
2014.12.02 11:09:09.468,1.13534,1.13546,1.19,1.69
2014.12.02 11:09:09.771,1.13535,1.13545,1.39,1.00
2014.12.02 11:09:10.427,1.13535,1.13545,1.39,1.00
2014.12.02 11:09:10.662,1.13536,1.13547,1.31,1.00
2014.12.02 11:09:10.969,1.13536,1.13547,1.62,1.00
2014.12.02 11:09:11.843,1.13538,1.13547,1.39,1.00
2014.12.02 11:09:11.893,1.13539,1.13553,1.29,1.32
2014.12.02 11:09:12.399,1.13539,1.13553,1.26,1.25
2014.12.02 11:09:16.922,1.13535,1.13553,2.15,1.69
2014.12.02 11:09:17.023,1.13536,1.13551,1.64,1.19
2014.12.02 11:09:17.125,1.13536,1.1355,1.64,1.25
2014.12.02 11:09:17.780,1.13536,1.13549,1.66,1.00
2014.12.02 11:09:17.982,1.13537,1.13549,1.56,1.00
2014.12.02 11:09:18.386,1.13538,1.13546,1.31,1.00
2014.12.02 11:09:18.890,1.13537,1.13545,1.19,1.00
2014.12.02 11:09:19.295,1.13539,1.13551,1.32,1.00
2014.12.02 11:09:24.206,1.13539,1.13551,1.26,1.62
2014.12.02 11:09:24.509,1.13537,1.13551,1.19,1.39
2014.12.02 11:09:24.560,1.13537,1.13546,1.19,1.00
2014.12.02 11:09:25.065,1.13537,1.13545,1.31,1.00
2014.12.02 11:09:30.528,1.1354,1.13545,1.25,1.00
2014.12.02 11:09:31.836,1.1354,1.13546,1.25,1.00
2014.12.02 11:09:33.851,1.13538,1.13546,2.51,1.00
2014.12.02 11:09:34.385,1.13537,1.13544,1.32,1.00
2014.12.02 11:09:35.480,1.13537,1.13545,1.26,1.00
2014.12.02 11:09:36.663,1.13538,1.13546,1.01,1.00
2014.12.02 11:09:37.183,1.13538,1.13546,1.32,1.00
2014.12.02 11:09:37.696,1.13538,1.13546,1.01,1.00
2014.12.02 11:09:38.153,1.13538,1.13547,1.31,1.00
2014.12.02 11:09:38.461,1.13536,1.13544,2.81,1.00
2014.12.02 11:09:38.562,1.13536,1.13544,2.59,1.00
2014.12.02 11:09:38.664,1.13537,1.13547,1.29,1.10
2014.12.02 11:09:39.186,1.1354,1.13547,1.25,1.00
2014.12.02 11:09:39.489,1.1354,1.13547,1.16,1.00
2014.12.02 11:09:40.140,1.1354,1.13548,1.16,1.00
2014.12.02 11:09:41.523,1.13539,1.13548,2.51,1.00
2014.12.02 11:09:43.240,1.1354,1.13548,2.44,1.00
2014.12.02 11:09:43.751,1.1354,1.13547,2.44,1.00
2014.12.02 11:09:45.038,1.13538,1.13547,1.91,1.00
2014.12.02 11:09:46.228,1.1354,1.13547,1.25,1.00
2014.12.02 11:09:46.740,1.13538,1.13547,1.46,1.00
2014.12.02 11:09:49.261,1.1354,1.13547,1.25,1.00
2014.12.02 11:09:49.870,1.13538,1.13546,1.46,1.00
2014.12.02 11:09:50.873,1.13536,1.13546,1.91,1.00
2014.12.02 11:09:51.544,1.13537,1.13546,1.39,1.00
2014.12.02 11:09:54.863,1.13537,1.13546,1.09,1.00
2014.12.02 11:09:54.914,1.13537,1.13544,1.09,1.00
2014.12.02 11:09:56.705,1.13535,1.13544,1.15,3.00
2014.12.02 11:09:56.806,1.13535,1.13544,1.00,3.07
2014.12.02 11:09:56.958,1.13533,1.13544,1.25,3.15
2014.12.02 11:09:57.464,1.13531,1.1354,2.44,1.20
2014.12.02 11:09:58.311,1.1353,1.1354,1.25,1.20
2014.12.02 11:09:58.362,1.1353,1.13538,1.25,1.00
2014.12.02 11:09:58.868,1.1353,1.13543,1.25,6.19
2014.12.02 11:09:59.323,1.13531,1.13543,2.44,6.00
2014.12.02 11:10:00.103,1.1353,1.13539,1.25,1.00
2014.12.02 11:10:00.609,1.1353,1.13538,1.19,1.00
2014.12.02 11:10:02.115,1.13529,1.13538,1.31,1.50
2014.12.02 11:10:02.626,1.1353,1.13538,1.29,1.50
2014.12.02 11:10:03.198,1.13531,1.13538,1.19,1.50
2014.12.02 11:10:04.044,1.13528,1.13538,4.31,1.57
2014.12.02 11:10:04.095,1.13528,1.13538,4.31,1.57
2014.12.02 11:10:04.600,1.13528,1.13537,4.01,1.00
2014.12.02 11:10:05.019,1.1353,1.13537,1.19,1.00
2014.12.02 11:10:05.325,1.13525,1.13534,2.62,1.72
2014.12.02 11:10:05.530,1.13524,1.13531,2.51,1.00
2014.12.02 11:10:06.035,1.13526,1.13532,1.25,1.00
2014.12.02 11:10:06.377,1.13521,1.13531,2.44,1.10
2014.12.02 11:10:06.579,1.13521,1.13531,2.44,1.72
2014.12.02 11:10:07.302,1.1352,1.13531,1.25,1.72
2014.12.02 11:10:07.808,1.13521,1.13532,1.19,3.71
2014.12.02 11:10:09.309,1.13521,1.13532,1.25,3.71
2014.12.02 11:10:09.823,1.13521,1.13529,1.25,1.47
2014.12.02 11:10:11.035,1.1352,1.13529,1.19,1.20
2014.12.02 11:10:11.434,1.1352,1.13527,1.25,1.00
2014.12.02 11:10:12.306,1.13518,1.13527,1.25,1.10
2014.12.02 11:10:13.345,1.1352,1.13527,1.25,1.00
2014.12.02 11:10:14.317,1.13519,1.13527,1.25,1.00
2014.12.02 11:10:14.838,1.13517,1.13527,2.29,1.00
2014.12.02 11:10:15.192,1.13516,1.13525,3.19,1.00
2014.12.02 11:10:15.498,1.13516,1.13524,2.44,1.07
2014.12.02 11:10:16.016,1.13514,1.13524,2.44,1.07
2014.12.02 11:10:16.627,1.13512,1.13523,1.01,1.01
2014.12.02 11:10:16.728,1.13512,1.13523,1.01,1.09
2014.12.02 11:10:17.636,1.1351,1.13524,1.25,3.71
2014.12.02 11:10:18.268,1.13511,1.13524,1.19,2.29
2014.12.02 11:10:18.782,1.13511,1.13524,1.25,3.04
2014.12.02 11:10:20.683,1.1351,1.13524,2.59,1.70
2014.12.02 11:10:21.569,1.13512,1.13524,2.44,1.07
2014.12.02 11:10:22.255,1.13512,1.13525,2.51,1.46
2014.12.02 11:10:23.584,1.13513,1.13526,1.19,1.46
2014.12.02 11:10:25.961,1.13514,1.13526,1.25,2.06
2014.12.02 11:10:27.563,1.13514,1.13525,2.44,1.01
2014.12.02 11:10:28.422,1.13514,1.13526,2.44,1.74
2014.12.02 11:10:28.961,1.13514,1.13527,1.25,5.06
2014.12.02 11:10:29.568,1.13515,1.13527,1.19,5.81
2014.12.02 11:10:30.584,1.13515,1.13527,1.01,1.69
2014.12.02 11:10:31.606,1.13516,1.13527,1.19,1.69
2014.12.02 11:10:36.207,1.13521,1.13529,1.00,1.82
2014.12.02 11:10:36.409,1.13524,1.13532,1.01,1.00
2014.12.02 11:10:36.863,1.13524,1.13535,1.76,1.10
2014.12.02 11:10:36.914,1.13526,1.13538,1.25,3.30
2014.12.02 11:10:37.015,1.13527,1.13539,1.25,2.66
2014.12.02 11:10:37.066,1.13527,1.13539,1.25,1.15
2014.12.02 11:10:37.318,1.13527,1.13539,1.25,2.66
2014.12.02 11:10:37.901,1.13527,1.13538,1.19,1.80
2014.12.02 11:10:38.942,1.13528,1.13538,2.44,1.80
2014.12.02 11:10:39.915,1.13528,1.13538,1.25,1.70
2014.12.02 11:10:41.926,1.13528,1.13538,1.69,1.70
2014.12.02 11:10:44.958,1.13527,1.13539,2.44,2.47
2014.12.02 11:10:46.940,1.13527,1.13539,1.25,2.66
2014.12.02 11:10:48.948,1.13527,1.13539,1.19,2.47
2014.12.02 11:10:51.002,1.13527,1.13537,1.25,1.35
2014.12.02 11:10:52.405,1.13527,1.13538,1.25,1.42
2014.12.02 11:10:52.911,1.13527,1.13538,1.09,1.42
2014.12.02 11:10:57.981,1.13529,1.13538,1.25,1.42
2014.12.02 11:10:58.494,1.13529,1.13538,1.31,1.35
2014.12.02 11:11:00.507,1.1353,1.13539,2.89,1.60
2014.12.02 11:11:00.659,1.13537,1.13548,1.37,1.15
2014.12.02 11:11:00.761,1.1354,1.13549,1.00,1.50
2014.12.02 11:11:01.620,1.1354,1.13551,1.76,1.35
2014.12.02 11:11:02.337,1.1354,1.13551,1.84,2.85
2014.12.02 11:11:02.841,1.13541,1.13551,1.29,2.85
2014.12.02 11:11:03.725,1.13541,1.13551,1.01,2.85
2014.12.02 11:11:04.315,1.13541,1.13551,1.01,1.00
2014.12.02 11:11:04.417,1.13541,1.13553,1.39,2.29
2014.12.02 11:11:04.921,1.13541,1.13553,2.89,2.85
2014.12.02 11:11:07.073,1.13542,1.1355,1.31,2.10
2014.12.02 11:11:07.607,1.13542,1.13549,1.25,2.85
2014.12.02 11:11:08.109,1.13541,1.13549,1.01,2.85
2014.12.02 11:11:09.086,1.13541,1.13549,1.01,1.00
2014.12.02 11:11:09.137,1.13541,1.13551,1.01,1.35
2014.12.02 11:11:09.238,1.13541,1.13551,1.39,1.35
2014.12.02 11:11:11.802,1.13543,1.1355,1.01,2.10
2014.12.02 11:11:12.384,1.13543,1.13551,1.25,1.35
2014.12.02 11:11:14.856,1.13542,1.1355,2.44,1.00
2014.12.02 11:11:15.159,1.13542,1.13553,1.25,1.31
2014.12.02 11:11:15.906,1.13543,1.13553,1.25,1.01
2014.12.02 11:11:17.327,1.13543,1.13553,1.25,2.36
2014.12.02 11:11:17.633,1.1354,1.13549,2.59,1.00
2014.12.02 11:11:19.155,1.1354,1.13552,2.59,1.00
2014.12.02 11:11:19.458,1.13543,1.13552,1.25,1.10
2014.12.02 11:11:20.013,1.13543,1.13552,1.32,1.10
2014.12.02 11:11:20.322,1.13548,1.1356,3.64,1.69
2014.12.02 11:11:20.373,1.1355,1.1356,1.32,1.37
2014.12.02 11:11:20.475,1.1355,1.1356,1.32,1.00
2014.12.02 11:11:20.677,1.13551,1.13563,1.76,1.07
2014.12.02 11:11:20.930,1.13551,1.13563,1.84,1.00
2014.12.02 11:11:22.120,1.13552,1.13562,2.81,1.00
2014.12.02 11:11:22.475,1.13551,1.13561,1.46,1.35
2014.12.02 11:11:22.627,1.13551,1.13563,1.46,1.50
2014.12.02 11:11:22.678,1.13551,1.13563,2.21,1.50
2014.12.02 11:11:23.398,1.13554,1.13564,2.51,1.00
2014.12.02 11:11:23.701,1.13556,1.13564,1.19,1.00
2014.12.02 11:11:23.954,1.13556,1.13568,1.19,3.26
2014.12.02 11:11:26.492,1.13555,1.13567,1.29,1.27
2014.12.02 11:11:29.666,1.13559,1.13567,1.00,1.20
2014.12.02 11:11:29.969,1.13565,1.13576,1.09,1.87
2014.12.02 11:11:30.020,1.13566,1.13576,1.36,1.00
2014.12.02 11:11:30.374,1.13567,1.13583,1.46,2.96
2014.12.02 11:11:30.627,1.13568,1.13581,1.01,2.10
2014.12.02 11:11:30.930,1.13567,1.13577,3.71,1.00
2014.12.02 11:11:31.689,1.13569,1.13576,2.81,1.00
2014.12.02 11:11:32.392,1.13568,1.13576,1.39,1.00
2014.12.02 11:11:34.638,1.13567,1.13576,3.34,1.00
2014.12.02 11:11:35.437,1.13568,1.13576,1.29,1.00
2014.12.02 11:11:37.330,1.13568,1.13575,1.39,1.00
2014.12.02 11:11:37.431,1.13567,1.13575,1.84,1.00
2014.12.02 11:11:37.937,1.13567,1.13576,1.25,1.00
2014.12.02 11:11:38.392,1.13567,1.13576,1.32,1.00
2014.12.02 11:11:41.403,1.13567,1.13578,1.40,1.12
2014.12.02 11:11:41.823,1.13568,1.13575,2.51,1.00
2014.12.02 11:11:42.181,1.13568,1.13577,2.51,1.00
2014.12.02 11:11:42.755,1.13568,1.13577,1.26,1.12
2014.12.02 11:11:50.130,1.1357,1.1358,1.07,2.06
2014.12.02 11:11:50.181,1.1357,1.13581,1.17,2.00
2014.12.02 11:11:50.435,1.13571,1.13581,2.44,1.37
2014.12.02 11:11:50.637,1.13575,1.13584,1.84,1.00
2014.12.02 11:11:50.688,1.13577,1.13587,1.20,2.10
2014.12.02 11:11:50.839,1.13579,1.13587,2.25,1.65
2014.12.02 11:11:51.345,1.13579,1.13588,1.17,3.22
2014.12.02 11:11:51.396,1.13579,1.13588,1.10,3.22
2014.12.02 11:11:51.699,1.13576,1.13589,2.32,4.87
2014.12.02 11:11:51.749,1.13574,1.13588,3.37,3.00
2014.12.02 11:11:51.800,1.13573,1.13585,1.29,1.65
2014.12.02 11:11:51.952,1.13574,1.13585,5.62,1.47
2014.12.02 11:11:52.053,1.13576,1.13585,3.15,1.00
2014.12.02 11:11:52.104,1.13576,1.13587,5.32,1.00
2014.12.02 11:11:52.458,1.13578,1.13593,1.40,2.02
2014.12.02 11:11:53.334,1.13577,1.13592,1.40,3.45
2014.12.02 11:11:53.688,1.13575,1.13585,2.32,1.50
2014.12.02 11:11:53.739,1.13573,1.13585,2.89,1.50
2014.12.02 11:11:53.840,1.13572,1.13586,2.66,1.50
2014.12.02 11:11:54.999,1.13573,1.13584,1.09,1.12
2014.12.02 11:11:56.681,1.13572,1.13584,1.01,1.50
2014.12.02 11:11:57.714,1.13572,1.13584,1.29,1.50
2014.12.02 11:11:58.730,1.13573,1.13584,2.44,1.50
2014.12.02 11:11:59.313,1.13573,1.13585,2.44,1.76
2014.12.02 11:12:00.253,1.13574,1.13585,3.19,1.12
2014.12.02 11:12:00.556,1.13576,1.13586,3.26,1.10
2014.12.02 11:12:00.657,1.13575,1.13586,1.44,1.10
2014.12.02 11:12:00.758,1.13571,1.13585,3.67,2.62
2014.12.02 11:12:00.859,1.1357,1.13585,1.46,4.20
2014.12.02 11:12:02.409,1.13573,1.13584,1.19,1.77
2014.12.02 11:12:02.611,1.13574,1.13586,1.01,1.62
2014.12.02 11:12:02.966,1.13575,1.13586,3.26,1.12
2014.12.02 11:12:03.471,1.13576,1.13586,1.44,1.00
2014.12.02 11:12:04.009,1.13578,1.13586,1.29,1.00
2014.12.02 11:12:04.872,1.13578,1.13591,1.29,1.01
2014.12.02 11:12:05.379,1.13579,1.13593,1.19,1.46
2014.12.02 11:12:05.430,1.13581,1.13594,1.62,6.07
2014.12.02 11:12:05.581,1.13582,1.13594,3.07,3.00
2014.12.02 11:12:05.840,1.13584,1.13597,1.39,1.10
2014.12.02 11:12:06.353,1.13586,1.13597,1.25,1.10
2014.12.02 11:12:08.942,1.13586,1.13597,1.19,1.10
2014.12.02 11:12:10.172,1.13583,1.13597,4.84,1.01
2014.12.02 11:12:12.585,1.13583,1.13597,1.60,2.14
2014.12.02 11:12:13.090,1.13582,1.13594,1.55,1.25
2014.12.02 11:12:13.192,1.1358,1.13594,2.21,1.31
2014.12.02 11:12:14.050,1.13581,1.13594,1.46,2.06
2014.12.02 11:12:14.767,1.13581,1.13594,1.46,1.76
2014.12.02 11:12:16.111,1.13581,1.13595,1.71,1.01
2014.12.02 11:12:18.983,1.13581,1.13596,1.66,2.59
2014.12.02 11:12:19.490,1.1358,1.13595,1.84,2.04
2014.12.02 11:12:21.060,1.1358,1.13596,1.46,2.21
2014.12.02 11:12:25.081,1.1358,1.13595,3.56,1.39
2014.12.02 11:12:25.609,1.13581,1.13595,1.24,1.01
2014.12.02 11:12:26.328,1.13581,1.13595,2.00,1.00
2014.12.02 11:12:27.236,1.13582,1.13595,1.15,1.15
2014.12.02 11:12:44.770,1.1358,1.13595,2.17,5.14
2014.12.02 11:12:45.074,1.13578,1.13593,1.39,3.45
2014.12.02 11:12:51.146,1.13579,1.13592,1.29,1.46
2014.12.02 11:12:52.135,1.13577,1.13592,1.74,1.46
2014.12.02 11:12:53.093,1.13577,1.13592,1.74,1.39
2014.12.02 11:12:58.156,1.13579,1.13592,1.29,1.31
2014.12.02 11:13:01.163,1.13578,1.13591,1.46,1.39
2014.12.02 11:13:03.171,1.13577,1.13592,1.71,1.46
2014.12.02 11:13:12.979,1.13577,1.13591,1.74,2.51
2014.12.02 11:13:23.265,1.13578,1.13591,1.39,3.26
2014.12.02 11:13:28.253,1.13577,1.1359,1.74,1.34
2014.12.02 11:13:32.700,1.13577,1.1359,3.64,1.29
2014.12.02 11:13:33.268,1.13578,1.13593,1.46,3.64
2014.12.02 11:13:51.315,1.1358,1.13593,1.39,3.26
2014.12.02 11:13:52.342,1.13578,1.13593,1.46,3.26
2014.12.02 11:13:59.777,1.13579,1.13592,1.19,5.81
2014.12.02 11:13:59.827,1.13577,1.1359,1.76,1.34
2014.12.02 11:14:00.847,1.13578,1.13592,1.31,5.06
2014.12.02 11:14:03.870,1.13577,1.13592,1.76,5.81
2014.12.02 11:14:04.996,1.13577,1.13592,1.71,1.46
2014.12.02 11:14:06.892,1.13578,1.13591,1.46,1.39
2014.12.02 11:14:14.877,1.13577,1.13592,1.71,1.46
2014.12.02 11:14:20.935,1.13578,1.13591,1.46,1.39
2014.12.02 11:14:21.912,1.13577,1.13592,1.71,1.46
2014.12.02 11:14:24.919,1.13578,1.13591,1.46,1.39
2014.12.02 11:14:25.914,1.13577,1.13592,1.74,1.46
2014.12.02 11:14:38.841,1.13577,1.13587,1.46,1.00
2014.12.02 11:14:43.222,1.13578,1.13586,1.00,1.00
2014.12.02 11:14:43.763,1.13578,1.13587,1.00,1.00
2014.12.02 11:14:53.855,1.13579,1.13587,1.00,1.00
2014.12.02 11:14:54.206,1.13579,1.13585,1.00,1.00
2014.12.02 11:14:54.586,1.13579,1.13588,1.00,1.00
2014.12.02 11:14:54.890,1.13578,1.13585,1.20,1.00
2014.12.02 11:14:58.648,1.13578,1.13587,1.20,1.25
2014.12.02 11:15:01.169,1.13578,1.13586,1.20,1.00
2014.12.02 11:15:02.083,1.13578,1.13582,1.20,1.00
2014.12.02 11:15:02.235,1.13574,1.13582,1.84,1.00
2014.12.02 11:15:02.758,1.13574,1.13583,3.34,1.50
2014.12.02 11:15:02.859,1.13574,1.13585,3.34,1.10
2014.12.02 11:15:03.011,1.13577,1.13586,1.00,1.50
2014.12.02 11:15:12.120,1.13577,1.13586,1.69,1.00
2014.12.02 11:15:13.134,1.13577,1.13586,1.00,1.00
2014.12.02 11:15:23.331,1.13578,1.13587,1.00,1.69
2014.12.02 11:15:24.652,1.13583,1.13587,1.00,1.00
2014.12.02 11:15:25.177,1.13583,1.1359,1.00,1.69
2014.12.02 11:15:27.384,1.13584,1.13589,1.00,1.54
2014.12.02 11:15:27.435,1.13585,1.1359,1.00,1.00
2014.12.02 11:15:32.601,1.13585,1.1359,1.00,1.54
2014.12.02 11:15:34.184,1.13578,1.1359,1.36,2.29
2014.12.02 11:15:35.198,1.13585,1.1359,1.00,1.54
2014.12.02 11:15:37.122,1.13577,1.1359,1.46,1.85
2014.12.02 11:15:40.972,1.13585,1.1359,1.00,1.54
2014.12.02 11:15:45.243,1.13578,1.1359,1.46,2.29
2014.12.02 11:15:46.293,1.13586,1.13591,1.00,1.29
2014.12.02 11:15:47.282,1.13586,1.13592,1.00,2.21
2014.12.02 11:15:48.248,1.13586,1.13591,1.00,1.19
2014.12.02 11:15:49.454,1.13586,1.13592,1.00,1.39
2014.12.02 11:15:53.040,1.13583,1.1359,1.00,1.00
2014.12.02 11:15:54.053,1.1358,1.13592,1.00,1.39
2014.12.02 11:15:55.476,1.13579,1.13593,1.40,2.21
2014.12.02 11:15:57.509,1.13579,1.13592,1.84,1.39
2014.12.02 11:15:58.482,1.13579,1.13593,1.40,2.21
2014.12.02 11:16:01.102,1.13582,1.13591,1.00,1.00
2014.12.02 11:16:02.515,1.13582,1.13591,1.00,1.69
2014.12.02 11:16:05.544,1.13582,1.13591,1.35,1.25
2014.12.02 11:16:06.503,1.13582,1.13591,1.35,1.69
2014.12.02 11:16:14.547,1.13582,1.1359,1.00,1.29
2014.12.02 11:16:15.184,1.1358,1.1359,1.70,1.76
2014.12.02 11:16:17.571,1.1358,1.1359,1.70,1.01
2014.12.02 11:16:18.168,1.13578,1.13591,1.40,1.36
2014.12.02 11:16:38.851,1.1358,1.1359,2.92,1.01
2014.12.02 11:16:40.397,1.1358,1.1359,1.01,1.10
2014.12.02 11:16:49.400,1.13578,1.13593,4.01,2.21
2014.12.02 11:16:56.795,1.13578,1.13591,4.01,1.29
2014.12.02 11:16:58.785,1.13578,1.13592,3.26,1.26
2014.12.02 11:17:05.788,1.13583,1.13593,1.25,1.17
2014.12.02 11:17:06.092,1.1359,1.13598,1.00,1.25
2014.12.02 11:17:06.597,1.13591,1.136,1.10,2.29
2014.12.02 11:17:07.287,1.13591,1.136,1.10,1.54
2014.12.02 11:17:16.350,1.13591,1.136,1.10,2.29
2014.12.02 11:17:19.351,1.13591,1.136,1.10,1.05
2014.12.02 11:17:21.374,1.13591,1.13601,1.10,1.25
2014.12.02 11:17:21.879,1.1359,1.13603,2.21,1.76
2014.12.02 11:17:22.705,1.1359,1.13603,1.46,1.01
2014.12.02 11:17:24.714,1.1359,1.13603,2.21,1.76
2014.12.02 11:17:25.832,1.13591,1.13603,1.09,1.29
2014.12.02 11:17:26.135,1.13591,1.13603,3.26,1.19
2014.12.02 11:17:27.721,1.13591,1.13604,3.45,1.29
2014.12.02 11:17:32.528,1.13594,1.13604,1.01,1.01
2014.12.02 11:17:36.698,1.13596,1.13605,1.10,1.19
2014.12.02 11:17:37.001,1.13601,1.13609,1.00,1.00
2014.12.02 11:17:39.064,1.13601,1.13609,1.00,2.06
2014.12.02 11:17:39.115,1.13599,1.13609,1.00,2.74
2014.12.02 11:17:39.216,1.13599,1.13607,1.00,2.70
2014.12.02 11:17:39.334,1.13594,1.13604,1.57,1.10
2014.12.02 11:17:40.094,1.13596,1.13604,2.17,1.00
2014.12.02 11:17:40.398,1.13598,1.13606,1.10,1.25
2014.12.02 11:17:40.550,1.13594,1.13604,1.84,1.10
2014.12.02 11:17:42.457,1.13594,1.13604,1.01,1.01
2014.12.02 11:17:46.590,1.13597,1.13605,1.00,1.32
2014.12.02 11:17:46.691,1.13594,1.13604,1.10,1.10
2014.12.02 11:17:50.635,1.13595,1.13604,1.00,1.10
2014.12.02 11:17:56.141,1.13597,1.13604,1.00,1.00
2014.12.02 11:17:56.444,1.136,1.1361,3.26,3.19
2014.12.02 11:17:57.049,1.13602,1.13611,1.32,1.00
2014.12.02 11:17:59.116,1.13602,1.13612,1.32,1.25
2014.12.02 11:18:01.886,1.13602,1.1361,1.39,1.00
2014.12.02 11:18:02.125,1.13603,1.13613,1.00,2.21
2014.12.02 11:18:02.630,1.13603,1.13613,1.07,1.69
2014.12.02 11:18:03.181,1.13603,1.13613,1.07,1.25
2014.12.02 11:18:04.060,1.13603,1.13613,1.07,1.69
2014.12.02 11:18:05.095,1.13603,1.13613,1.07,1.00
2014.12.02 11:18:05.618,1.13604,1.13614,1.10,1.01
2014.12.02 11:18:13.217,1.13604,1.13614,1.76,1.10
2014.12.02 11:18:18.248,1.13604,1.13614,1.01,1.10
2014.12.02 11:18:22.223,1.13604,1.13614,1.76,1.10
2014.12.02 11:18:23.244,1.13604,1.13614,1.01,1.00
2014.12.02 11:18:28.260,1.13604,1.13614,1.76,1.00
2014.12.02 11:18:29.240,1.13604,1.13614,1.01,1.00
2014.12.02 11:18:35.421,1.13607,1.13615,1.00,1.00
2014.12.02 11:18:36.179,1.13607,1.13615,1.76,1.00
2014.12.02 11:18:36.230,1.13608,1.13618,1.09,1.25
2014.12.02 11:18:36.281,1.13608,1.13618,3.26,1.25
2014.12.02 11:18:37.074,1.13613,1.1362,1.10,1.00
2014.12.02 11:18:37.328,1.13609,1.13619,1.15,1.35
2014.12.02 11:18:37.429,1.13609,1.13619,1.00,1.42
2014.12.02 11:18:39.392,1.13609,1.13619,1.00,2.51
2014.12.02 11:18:53.259,1.13609,1.13617,1.00,1.00
2014.12.02 11:19:01.268,1.13608,1.13617,1.09,1.00
2014.12.02 11:19:01.420,1.13608,1.1362,1.09,1.01
2014.12.02 11:19:01.471,1.13609,1.1362,2.44,1.01
2014.12.02 11:19:02.457,1.13608,1.13621,1.39,1.65
2014.12.02 11:19:02.976,1.13608,1.13621,1.39,1.65
2014.12.02 11:19:03.491,1.1361,1.13621,1.25,1.54
2014.12.02 11:19:04.455,1.13608,1.13621,1.39,1.65
2014.12.02 11:19:06.471,1.13608,1.13621,1.09,1.54
2014.12.02 11:19:07.430,1.13608,1.13618,1.09,1.00
2014.12.02 11:19:07.732,1.13608,1.13616,1.25,1.00
2014.12.02 11:19:37.803,1.13614,1.1362,1.00,2.77
2014.12.02 11:19:38.005,1.13614,1.13621,1.10,1.00
2014.12.02 11:19:38.157,1.13611,1.13619,3.45,1.00
2014.12.02 11:19:38.258,1.13613,1.13621,1.10,1.57
2014.12.02 11:19:38.360,1.13613,1.13619,1.00,1.00
2014.12.02 11:19:38.562,1.13608,1.13619,3.82,1.00
2014.12.02 11:19:38.613,1.13608,1.13623,3.45,2.40
2014.12.02 11:19:40.653,1.13607,1.1362,1.65,1.20
2014.12.02 11:19:44.056,1.13607,1.1362,3.82,1.00
2014.12.02 11:19:44.106,1.13608,1.13623,1.52,1.65
2014.12.02 11:19:46.303,1.13608,1.13623,1.27,1.65
2014.12.02 11:19:56.500,1.13608,1.13623,1.65,1.55
2014.12.02 11:19:57.014,1.13612,1.13622,1.42,1.00
2014.12.02 11:19:57.316,1.13612,1.13622,1.50,1.00
2014.12.02 11:19:57.418,1.13614,1.13624,1.10,1.10
2014.12.02 11:19:58.190,1.1361,1.13625,1.65,1.65
2014.12.02 11:19:58.493,1.1361,1.13625,1.62,1.65
2014.12.02 11:19:58.796,1.13614,1.13624,1.20,1.37
2014.12.02 11:19:59.320,1.13614,1.13624,1.20,1.12
2014.12.02 11:20:00.239,1.13612,1.13626,1.15,1.57
2014.12.02 11:20:00.699,1.13614,1.13624,1.20,1.00
2014.12.02 11:20:01.600,1.13613,1.13623,1.10,1.10
2014.12.02 11:20:02.307,1.1361,1.13625,4.57,1.55
2014.12.02 11:20:02.914,1.13614,1.13622,1.00,1.10
2014.12.02 11:20:03.418,1.13614,1.13624,1.20,1.12
2014.12.02 11:20:22.038,1.13616,1.13626,1.10,1.95
2014.12.02 11:20:22.142,1.13616,1.13626,1.20,1.87
2014.12.02 11:20:25.399,1.13616,1.13626,1.20,1.00
2014.12.02 11:20:25.450,1.13618,1.13628,1.00,1.27
2014.12.02 11:20:26.169,1.13618,1.13628,1.10,1.00
2014.12.02 11:20:26.522,1.13618,1.13628,1.15,1.00
2014.12.02 11:20:27.027,1.13621,1.13629,1.00,1.00
2014.12.02 11:20:27.867,1.13617,1.13631,2.40,1.27
2014.12.02 11:20:28.068,1.13617,1.13632,1.92,1.65
2014.12.02 11:20:29.138,1.13617,1.13632,1.65,1.65
2014.12.02 11:20:29.821,1.1362,1.13628,1.00,1.00
2014.12.02 11:20:30.343,1.13621,1.13628,1.42,1.00
2014.12.02 11:20:30.394,1.13622,1.13631,1.00,1.07
2014.12.02 11:20:30.495,1.13625,1.13635,1.00,4.12
2014.12.02 11:20:30.596,1.13625,1.13635,1.12,1.00
2014.12.02 11:20:30.849,1.13627,1.13637,1.00,1.00
2014.12.02 11:20:34.202,1.13627,1.13637,1.00,1.17
2014.12.02 11:20:34.507,1.13622,1.13631,1.37,1.00
2014.12.02 11:20:34.558,1.13622,1.13631,1.12,1.00
2014.12.02 11:20:40.499,1.13623,1.13632,1.37,1.00
2014.12.02 11:20:41.004,1.13623,1.13632,1.72,1.00
2014.12.02 11:20:41.509,1.13622,1.13631,1.97,1.10
2014.12.02 11:20:44.798,1.13622,1.13631,1.70,1.10
2014.12.02 11:20:45.316,1.13622,1.13631,1.35,1.10
2014.12.02 11:20:46.609,1.13622,1.13631,1.60,1.10
2014.12.02 11:20:48.569,1.13622,1.13631,1.35,1.10
2014.12.02 11:20:49.736,1.13623,1.13632,1.00,1.07
2014.12.02 11:20:50.243,1.13623,1.13632,1.20,1.00
2014.12.02 11:20:50.750,1.13626,1.13633,1.00,1.10
2014.12.02 11:20:51.053,1.13628,1.13635,1.00,1.12
2014.12.02 11:20:51.558,1.13628,1.13635,1.20,1.00
2014.12.02 11:20:55.589,1.13628,1.13635,3.15,1.00
2014.12.02 11:20:58.989,1.13628,1.13637,3.15,1.50
2014.12.02 11:21:05.833,1.13628,1.13637,1.17,1.00
2014.12.02 11:21:07.852,1.13628,1.13637,1.10,1.50
2014.12.02 11:21:07.903,1.13624,1.13633,6.00,1.00
2014.12.02 11:21:08.005,1.13624,1.13633,1.12,1.10
2014.12.02 11:21:08.526,1.13624,1.13633,1.00,1.10
2014.12.02 11:21:13.709,1.13624,1.13632,1.00,1.00
2014.12.02 11:21:18.647,1.13624,1.13633,1.00,1.57
2014.12.02 11:21:21.148,1.13622,1.1363,1.55,1.00
2014.12.02 11:21:21.658,1.13622,1.1363,1.27,1.00
2014.12.02 11:21:23.329,1.13626,1.1363,1.00,1.00
2014.12.02 11:21:28.028,1.13625,1.1363,1.00,1.00
2014.12.02 11:21:28.079,1.13625,1.13633,1.00,1.95
2014.12.02 11:21:28.583,1.13625,1.13633,1.00,1.57
2014.12.02 11:21:29.759,1.13625,1.13633,1.00,1.95
2014.12.02 11:21:30.263,1.13625,1.13633,1.00,1.27
2014.12.02 11:21:47.888,1.13625,1.13634,1.00,2.77
2014.12.02 11:21:50.577,1.13625,1.13634,1.00,2.02
2014.12.02 11:21:55.709,1.13625,1.13632,1.00,1.10
2014.12.02 11:21:58.520,1.13627,1.13632,1.00,1.10
2014.12.02 11:21:58.571,1.13627,1.13635,1.00,1.27
2014.12.02 11:21:58.723,1.13627,1.13636,1.00,1.57
2014.12.02 11:21:59.228,1.13628,1.13637,1.00,1.12
2014.12.02 11:21:59.732,1.13628,1.13637,1.00,1.00
2014.12.02 11:22:00.485,1.13629,1.13638,1.00,1.00
2014.12.02 11:22:00.787,1.13629,1.13638,1.07,1.37
2014.12.02 11:22:01.454,1.13629,1.13638,1.07,1.00
2014.12.02 11:22:08.596,1.13629,1.13637,1.00,1.50
2014.12.02 11:22:09.101,1.13629,1.13638,1.00,1.00
2014.12.02 11:22:09.459,1.13629,1.13638,1.50,1.00
2014.12.02 11:22:10.831,1.13632,1.13639,1.00,1.00
2014.12.02 11:22:11.336,1.13632,1.13638,1.00,1.00
2014.12.02 11:22:11.589,1.1363,1.13637,1.10,1.50
2014.12.02 11:22:11.741,1.13626,1.13635,1.45,1.00
2014.12.02 11:22:11.892,1.13626,1.13635,1.69,1.72
2014.12.02 11:22:12.195,1.13627,1.13634,1.00,1.17
2014.12.02 11:22:20.319,1.13624,1.13632,1.01,3.07
2014.12.02 11:22:20.370,1.13624,1.1363,1.01,1.00
2014.12.02 11:22:20.937,1.13624,1.13629,1.25,1.00
2014.12.02 11:22:23.149,1.13624,1.13632,1.00,2.32
2014.12.02 11:22:23.677,1.13624,1.13629,1.00,1.00
2014.12.02 11:22:25.897,1.13624,1.13632,1.00,4.20
2014.12.02 11:22:26.100,1.13624,1.13632,1.00,1.65
2014.12.02 11:22:26.151,1.13624,1.13629,1.00,1.00
2014.12.02 11:22:27.866,1.13618,1.13627,1.45,1.00
2014.12.02 11:22:28.901,1.13624,1.13632,1.00,1.95
2014.12.02 11:22:29.053,1.13624,1.13632,1.00,1.65
2014.12.02 11:22:29.103,1.13624,1.13628,1.00,1.00
2014.12.02 11:22:31.836,1.13624,1.13632,1.00,4.20
2014.12.02 11:22:32.355,1.13624,1.13632,1.00,1.20
2014.12.02 11:22:33.167,1.13624,1.13628,1.00,1.00
2014.12.02 11:22:35.920,1.13624,1.13632,1.00,1.47
2014.12.02 11:22:36.537,1.13624,1.13632,1.00,1.20
2014.12.02 11:22:41.104,1.13624,1.13628,1.00,1.00
2014.12.02 11:22:43.619,1.13624,1.13633,1.00,4.95
2014.12.02 11:22:43.821,1.13624,1.13633,1.00,2.32
2014.12.02 11:22:46.536,1.13624,1.13633,1.00,2.32
2014.12.02 11:22:55.367,1.13624,1.13633,1.00,2.25
2014.12.02 11:22:55.876,1.13624,1.13631,1.00,1.00
2014.12.02 11:22:57.165,1.13624,1.13628,1.00,1.00
2014.12.02 11:22:57.470,1.13617,1.13626,1.87,1.00
2014.12.02 11:22:59.349,1.13617,1.13627,1.87,1.00
2014.12.02 11:23:05.414,1.13624,1.13631,1.00,1.12
2014.12.02 11:23:05.979,1.13624,1.13631,1.00,1.00
2014.12.02 11:23:13.285,1.13624,1.13631,1.00,1.87
2014.12.02 11:23:17.007,1.13624,1.13631,1.00,1.50
2014.12.02 11:23:19.685,1.13624,1.1363,1.00,1.00
2014.12.02 11:23:29.034,1.13621,1.1363,1.76,1.50
2014.12.02 11:23:29.135,1.13621,1.13627,1.76,1.00
2014.12.02 11:23:29.589,1.13619,1.13625,1.29,1.00
2014.12.02 11:23:30.486,1.13618,1.13625,2.44,1.00
2014.12.02 11:23:30.588,1.13618,1.1363,1.31,2.21
2014.12.02 11:23:31.092,1.13619,1.1363,1.56,1.27
2014.12.02 11:23:32.483,1.13619,1.13631,1.76,1.46
2014.12.02 11:23:38.840,1.13621,1.13629,1.00,1.20
2014.12.02 11:23:39.951,1.1362,1.13632,1.25,4.39
2014.12.02 11:23:40.955,1.13621,1.1363,1.25,1.07
2014.12.02 11:23:41.161,1.13622,1.1363,1.19,1.07
2014.12.02 11:23:41.364,1.13622,1.13632,1.69,1.27
2014.12.02 11:23:41.889,1.13623,1.13633,1.69,1.27
2014.12.02 11:23:42.470,1.13625,1.13633,1.25,1.27
2014.12.02 11:23:48.216,1.13624,1.13633,1.25,1.27
2014.12.02 11:23:53.491,1.13623,1.13633,1.25,1.27
2014.12.02 11:23:59.353,1.13623,1.13633,1.25,1.10
2014.12.02 11:23:59.727,1.13623,1.13633,1.84,1.00
2014.12.02 11:24:00.031,1.13628,1.13636,1.00,1.12
2014.12.02 11:24:00.537,1.13628,1.13636,1.00,1.10
2014.12.02 11:24:02.063,1.13627,1.13635,1.09,1.00
2014.12.02 11:24:06.360,1.13628,1.13635,1.19,1.00
2014.12.02 11:24:09.361,1.13627,1.13635,1.84,1.00
2014.12.02 11:24:11.274,1.13628,1.13635,1.09,1.00
2014.12.02 11:24:11.476,1.13628,1.13638,1.09,1.00
2014.12.02 11:24:11.983,1.13629,1.13638,1.66,1.00
2014.12.02 11:24:12.743,1.13629,1.13638,1.66,1.00
2014.12.02 11:24:17.593,1.13631,1.13638,1.31,1.00
2014.12.02 11:24:18.570,1.1363,1.13638,1.39,1.00
2014.12.02 11:24:19.566,1.1363,1.13638,1.39,1.00
2014.12.02 11:24:25.041,1.1363,1.13638,2.21,1.00
2014.12.02 11:24:25.395,1.13631,1.13643,1.76,1.30
2014.12.02 11:24:27.760,1.13631,1.13643,1.39,1.57
2014.12.02 11:24:29.336,1.13631,1.13643,1.46,1.57
2014.12.02 11:24:31.317,1.13632,1.13643,1.19,1.57
2014.12.02 11:24:32.306,1.13631,1.13643,1.46,1.57
2014.12.02 11:24:33.321,1.13631,1.13643,1.46,1.57
2014.12.02 11:24:35.324,1.13631,1.13643,1.39,1.74
2014.12.02 11:24:35.854,1.13631,1.13639,1.25,3.37
2014.12.02 11:24:37.100,1.1363,1.13636,1.29,1.00
2014.12.02 11:24:37.252,1.13626,1.13634,1.69,1.30
2014.12.02 11:24:37.353,1.13623,1.13633,1.37,1.00
2014.12.02 11:24:37.877,1.13624,1.13633,1.31,1.00
2014.12.02 11:24:38.332,1.13626,1.13635,1.00,1.09
2014.12.02 11:24:38.838,1.13626,1.13636,1.20,1.57
2014.12.02 11:24:39.407,1.13626,1.13636,2.14,1.57
2014.12.02 11:24:40.275,1.13627,1.13636,1.31,1.57
2014.12.02 11:24:41.253,1.13626,1.13636,2.14,1.57
2014.12.02 11:24:46.916,1.13626,1.13636,2.14,1.37
2014.12.02 11:24:47.017,1.13626,1.13636,2.14,1.10
2014.12.02 11:24:47.219,1.13628,1.13639,1.29,1.37
2014.12.02 11:24:47.743,1.13628,1.13641,1.34,2.06
2014.12.02 11:24:48.866,1.13628,1.13641,1.54,1.12
2014.12.02 11:24:49.389,1.13629,1.13643,1.46,1.46
2014.12.02 11:24:51.845,1.13629,1.13643,1.36,1.84
2014.12.02 11:24:53.020,1.1363,1.13642,1.29,1.39
2014.12.02 11:24:53.991,1.13629,1.13642,1.36,1.47
2014.12.02 11:24:56.824,1.13627,1.13639,3.26,1.69
2014.12.02 11:24:57.329,1.13629,1.13637,1.20,1.10
2014.12.02 11:24:59.203,1.13629,1.13637,2.21,1.10
2014.12.02 11:24:59.556,1.1363,1.13641,1.31,1.46
2014.12.02 11:25:00.086,1.1363,1.13641,1.62,1.46
2014.12.02 11:25:04.274,1.1363,1.13641,1.66,1.45
2014.12.02 11:25:04.685,1.13625,1.13636,1.71,1.00
2014.12.02 11:25:04.736,1.13625,1.13635,1.26,1.17
2014.12.02 11:25:05.246,1.13626,1.13634,1.19,1.27
2014.12.02 11:25:05.398,1.13624,1.13634,1.00,1.27
2014.12.02 11:25:08.386,1.13624,1.13634,3.19,1.27
2014.12.02 11:25:10.970,1.13624,1.13632,2.44,1.00
2014.12.02 11:25:11.535,1.13623,1.13632,2.06,1.00
2014.12.02 11:25:12.502,1.13624,1.13632,2.44,1.00
2014.12.02 11:25:13.520,1.13623,1.13632,2.06,1.00
2014.12.02 11:25:13.918,1.13622,1.13631,1.01,1.07
2014.12.02 11:25:14.574,1.13621,1.13631,1.31,1.15
2014.12.02 11:25:14.827,1.13619,1.13631,2.14,1.52
2014.12.02 11:25:32.090,1.13618,1.13626,1.69,1.00
2014.12.02 11:25:32.140,1.13618,1.13626,1.31,1.00
2014.12.02 11:25:32.292,1.13617,1.13624,2.21,1.10
2014.12.02 11:25:32.594,1.13609,1.13618,1.10,1.50
2014.12.02 11:25:32.646,1.13612,1.1362,1.00,1.31
2014.12.02 11:25:32.898,1.13612,1.13621,1.00,1.09
2014.12.02 11:25:33.445,1.1361,1.13622,1.19,2.21
2014.12.02 11:25:34.579,1.13609,1.13622,1.39,2.21
2014.12.02 11:25:37.371,1.1361,1.13622,1.84,1.07
2014.12.02 11:25:37.880,1.1361,1.13624,4.39,1.62
2014.12.02 11:25:39.500,1.1361,1.13624,4.46,1.31
2014.12.02 11:25:39.973,1.1361,1.13624,1.91,1.84
2014.12.02 11:25:40.125,1.1361,1.1362,1.44,1.00
2014.12.02 11:25:44.073,1.1361,1.13623,1.34,1.57
2014.12.02 11:25:45.519,1.13609,1.13621,1.44,1.17
2014.12.02 11:25:46.036,1.13609,1.13621,1.26,1.20
2014.12.02 11:25:48.612,1.13608,1.13621,1.49,3.37
2014.12.02 11:25:49.430,1.13607,1.13621,2.14,3.64
2014.12.02 11:25:50.821,1.13607,1.13618,1.36,1.20
2014.12.02 11:25:55.603,1.13607,1.13618,1.01,1.39
2014.12.02 11:25:55.905,1.13606,1.13615,1.10,1.12
2014.12.02 11:25:57.767,1.13606,1.13615,1.01,1.00
2014.12.02 11:25:58.634,1.13606,1.13615,1.76,1.00
2014.12.02 11:26:00.641,1.13606,1.13615,1.76,1.00
2014.12.02 11:26:02.784,1.13605,1.13612,1.32,1.00
2014.12.02 11:26:04.182,1.13606,1.13618,2.32,1.76
2014.12.02 11:26:04.240,1.13609,1.13616,1.20,1.10
2014.12.02 11:26:04.442,1.1361,1.13619,1.84,1.50
2014.12.02 11:26:04.644,1.13611,1.13622,1.26,1.20
2014.12.02 11:26:05.250,1.13611,1.13622,1.26,1.47
2014.12.02 11:26:05.654,1.1361,1.13622,1.01,1.55
2014.12.02 11:26:07.661,1.1361,1.13622,1.29,1.55
2014.12.02 11:26:09.301,1.1361,1.13621,1.19,1.47
2014.12.02 11:26:10.642,1.13609,1.13621,1.84,1.47
2014.12.02 11:26:11.688,1.1361,1.13621,1.19,1.47
2014.12.02 11:26:16.405,1.13611,1.13623,1.32,2.89
2014.12.02 11:26:16.456,1.13611,1.13623,1.40,2.06
2014.12.02 11:26:16.809,1.13611,1.13623,1.91,1.10
2014.12.02 11:26:27.951,1.13612,1.13624,3.26,1.31
2014.12.02 11:26:30.886,1.13613,1.13624,1.26,1.57
2014.12.02 11:26:31.240,1.1361,1.13623,1.39,1.65
2014.12.02 11:26:31.744,1.13609,1.13623,1.40,1.65
2014.12.02 11:26:51.467,1.13608,1.13621,1.91,1.17
2014.12.02 11:26:52.082,1.13609,1.13621,1.39,1.09
2014.12.02 11:26:55.439,1.1361,1.13621,1.19,1.17
2014.12.02 11:26:55.541,1.13608,1.13621,1.16,3.07
2014.12.02 11:26:56.009,1.13608,1.13615,1.76,1.00
2014.12.02 11:26:56.706,1.13608,1.13615,1.01,1.00
2014.12.02 11:26:57.131,1.13607,1.13618,1.26,1.39
2014.12.02 11:26:57.655,1.13607,1.13618,1.26,1.39
2014.12.02 11:26:58.315,1.13607,1.13618,1.26,1.20
2014.12.02 11:27:03.330,1.13607,1.13618,1.32,1.47
2014.12.02 11:27:05.909,1.13607,1.13615,1.19,1.00
2014.12.02 11:27:06.782,1.13606,1.13615,1.76,1.00
2014.12.02 11:27:07.324,1.13606,1.13618,1.01,2.59
2014.12.02 11:27:07.848,1.13607,1.13618,1.25,1.65
2014.12.02 11:27:08.765,1.13608,1.13618,1.25,1.65
2014.12.02 11:27:09.285,1.13608,1.13615,1.25,1.00
2014.12.02 11:27:09.789,1.13607,1.13615,1.25,1.00
2014.12.02 11:27:10.658,1.13607,1.13617,1.25,1.09
2014.12.02 11:27:10.759,1.13608,1.13617,1.19,1.17
2014.12.02 11:27:11.760,1.13606,1.13617,1.29,1.17
2014.12.02 11:27:17.893,1.13606,1.13615,1.76,1.00
2014.12.02 11:27:26.831,1.13607,1.13616,1.69,1.10
2014.12.02 11:27:26.932,1.1361,1.13617,1.00,1.10
2014.12.02 11:27:27.234,1.1361,1.13619,1.00,1.10
2014.12.02 11:27:34.575,1.1361,1.13619,1.69,1.10
2014.12.02 11:27:35.535,1.1361,1.13619,1.25,1.10
2014.12.02 11:27:41.559,1.1361,1.13617,1.00,1.00
2014.12.02 11:27:58.137,1.1361,1.13617,1.69,1.10
2014.12.02 11:28:01.347,1.1361,1.13617,1.00,1.10
2014.12.02 11:28:01.884,1.13611,1.1362,1.00,3.15
2014.12.02 11:28:07.455,1.13611,1.1362,1.00,1.25
2014.12.02 11:28:11.618,1.13609,1.13619,1.25,1.01
2014.12.02 11:28:11.669,1.13609,1.13619,1.25,3.56
2014.12.02 11:28:11.972,1.13607,1.13614,1.00,1.00
2014.12.02 11:28:13.611,1.13605,1.13617,1.76,1.91
2014.12.02 11:28:13.864,1.13607,1.13617,1.19,1.15
2014.12.02 11:28:14.892,1.13605,1.13617,2.06,1.15
2014.12.02 11:28:16.905,1.13606,1.13617,1.29,1.15
2014.12.02 11:28:27.933,1.13608,1.13617,1.25,1.15
2014.12.02 11:28:28.491,1.13606,1.13617,1.29,1.15
2014.12.02 11:28:29.003,1.13606,1.13617,1.01,1.15
2014.12.02 11:28:35.962,1.13606,1.13617,1.39,1.07
2014.12.02 11:28:36.890,1.13607,1.13614,1.25,1.00
2014.12.02 11:28:38.539,1.13606,1.13618,1.39,1.54
2014.12.02 11:28:39.086,1.13607,1.13619,1.19,4.01
2014.12.02 11:28:39.994,1.13605,1.13619,2.14,4.01
2014.12.02 11:28:47.817,1.13605,1.13619,1.46,4.76
2014.12.02 11:28:47.868,1.13605,1.13619,1.46,2.59
2014.12.02 11:28:48.375,1.13605,1.13618,1.40,1.22
2014.12.02 11:28:59.942,1.13606,1.1362,2.59,1.16
2014.12.02 11:29:01.916,1.13607,1.1362,1.49,1.91
2014.12.02 11:29:06.394,1.13608,1.1362,1.19,1.16
2014.12.02 11:29:07.534,1.1361,1.1362,1.19,1.15
2014.12.02 11:29:07.838,1.13618,1.13625,1.10,1.10
2014.12.02 11:29:09.201,1.13615,1.13623,1.39,2.62
2014.12.02 11:29:09.303,1.13613,1.13622,1.00,1.27
2014.12.02 11:29:09.756,1.13613,1.13622,1.17,1.10
2014.12.02 11:29:10.110,1.13613,1.13622,1.00,1.17
2014.12.02 11:29:10.413,1.13615,1.13622,1.10,1.17
2014.12.02 11:29:11.141,1.13615,1.13622,1.00,1.07
2014.12.02 11:29:11.393,1.13609,1.13621,1.01,2.59
2014.12.02 11:29:11.596,1.13607,1.13619,1.32,1.70
2014.12.02 11:29:12.104,1.13606,1.13615,1.09,1.00
2014.12.02 11:29:14.384,1.13606,1.13618,1.65,1.27
2014.12.02 11:29:14.535,1.13608,1.1362,1.20,1.30
2014.12.02 11:29:16.451,1.13608,1.1362,1.57,1.30
2014.12.02 11:29:23.223,1.1361,1.13622,1.17,1.57
2014.12.02 11:29:23.274,1.1361,1.13622,1.25,1.12
2014.12.02 11:29:23.376,1.13609,1.13621,1.27,1.17
2014.12.02 11:29:23.881,1.13614,1.13622,1.50,1.27
2014.12.02 11:29:24.032,1.13614,1.13625,1.57,1.10
2014.12.02 11:29:24.184,1.13617,1.13624,1.00,1.00
2014.12.02 11:29:24.286,1.13613,1.13622,1.00,1.10
2014.12.02 11:29:24.791,1.13611,1.13625,4.09,2.59
2014.12.02 11:29:32.197,1.13608,1.13621,2.21,1.19
2014.12.02 11:29:32.299,1.13608,1.13621,1.84,1.34
2014.12.02 11:29:32.451,1.13608,1.13619,1.69,1.15
2014.12.02 11:29:33.382,1.13609,1.13619,1.57,1.00
2014.12.02 11:29:33.684,1.13612,1.13622,1.10,1.10
2014.12.02 11:29:36.558,1.1361,1.13623,1.46,1.76
2014.12.02 11:29:37.896,1.1361,1.13624,1.16,2.59
2014.12.02 11:29:41.397,1.1361,1.13622,1.29,1.09
2014.12.02 11:29:41.857,1.13611,1.13625,1.39,1.65
2014.12.02 11:29:41.958,1.13613,1.13625,2.59,1.17
2014.12.02 11:29:42.009,1.13614,1.13627,1.01,1.55
2014.12.02 11:29:42.060,1.13614,1.13627,1.16,1.20
2014.12.02 11:29:42.625,1.13614,1.13627,3.34,1.20
2014.12.02 11:29:42.676,1.13614,1.13627,1.09,1.27
2014.12.02 11:29:42.727,1.13614,1.13627,1.09,1.55
2014.12.02 11:29:42.828,1.13614,1.13627,1.09,1.27
2014.12.02 11:29:44.950,1.13615,1.13627,1.19,1.27
2014.12.02 11:29:45.968,1.13614,1.13627,1.84,1.27
2014.12.02 11:29:50.990,1.13614,1.13627,1.84,1.27
2014.12.02 11:29:52.009,1.13614,1.13627,1.84,1.27
2014.12.02 11:29:53.433,1.13614,1.13629,6.94,1.84
2014.12.02 11:29:55.090,1.13616,1.13631,4.09,2.21
2014.12.02 11:30:01.353,1.13617,1.13631,1.19,3.64
2014.12.02 11:30:02.553,1.13616,1.13631,1.39,4.39
2014.12.02 11:30:03.058,1.13612,1.13625,1.50,1.15
2014.12.02 11:30:03.816,1.13613,1.13625,1.32,1.09
2014.12.02 11:30:03.967,1.13614,1.13629,2.02,1.27
2014.12.02 11:30:04.976,1.13615,1.13629,1.39,1.46
2014.12.02 11:30:06.973,1.13614,1.13628,1.46,1.09
2014.12.02 11:30:07.950,1.13615,1.13628,1.39,1.09
2014.12.02 11:30:08.967,1.13614,1.13629,1.46,1.46
2014.12.02 11:30:10.221,1.13614,1.1363,1.46,4.01
2014.12.02 11:30:10.966,1.13615,1.13628,1.39,1.84
2014.12.02 11:30:13.011,1.13615,1.13628,1.09,1.84
2014.12.02 11:30:13.967,1.13614,1.13628,1.46,1.09
2014.12.02 11:30:17.010,1.13614,1.13627,1.46,1.46
2014.12.02 11:30:17.382,1.13612,1.13626,3.00,2.81
2014.12.02 11:30:17.483,1.1361,1.13623,1.07,1.74
2014.12.02 11:30:23.069,1.13612,1.13625,2.25,1.84
2014.12.02 11:30:23.744,1.13612,1.13626,2.32,1.76
2014.12.02 11:30:24.434,1.13612,1.13627,2.32,2.62
2014.12.02 11:30:24.737,1.13615,1.13629,2.32,1.31
2014.12.02 11:30:25.112,1.13613,1.13629,3.52,1.46
2014.12.02 11:30:25.683,1.13615,1.13629,2.32,1.20
2014.12.02 11:30:25.885,1.13615,1.1363,2.70,1.01
2014.12.02 11:30:29.151,1.13616,1.13629,1.44,1.31
2014.12.02 11:30:29.705,1.13618,1.13631,2.32,1.76
2014.12.02 11:30:33.068,1.13617,1.13631,1.46,1.01
2014.12.02 11:30:33.624,1.13617,1.13631,1.46,1.09
2014.12.02 11:30:34.589,1.13617,1.13632,5.14,2.21
2014.12.02 11:30:36.184,1.13617,1.13632,5.51,1.66
2014.12.02 11:30:36.488,1.13631,1.13638,2.25,1.00
2014.12.02 11:30:36.539,1.13633,1.13638,1.17,1.00
2014.12.02 11:30:36.589,1.13634,1.13645,4.69,1.37
2014.12.02 11:30:36.640,1.13634,1.13648,5.51,4.46
2014.12.02 11:30:36.691,1.13637,1.13648,1.26,3.82
2014.12.02 11:30:36.742,1.13637,1.13648,1.36,3.37
2014.12.02 11:30:36.793,1.1364,1.13648,1.29,1.37
2014.12.02 11:30:37.046,1.13639,1.13648,1.34,1.00
2014.12.02 11:30:37.552,1.13639,1.13648,1.32,1.12
2014.12.02 11:30:37.603,1.13637,1.13648,1.17,1.69
2014.12.02 11:30:37.704,1.13636,1.13648,1.20,2.59
2014.12.02 11:30:38.239,1.13635,1.13646,1.40,1.10
2014.12.02 11:30:40.599,1.13634,1.13646,2.29,1.76
2014.12.02 11:30:40.958,1.13638,1.13646,1.00,1.76
2014.12.02 11:30:41.621,1.13638,1.13646,1.00,1.01
2014.12.02 11:30:43.606,1.13635,1.13646,1.40,1.76
2014.12.02 11:30:44.110,1.13637,1.13643,1.00,1.00
2014.12.02 11:30:44.615,1.13636,1.13643,1.00,1.00
2014.12.02 11:30:44.919,1.13634,1.13643,1.10,1.10
2014.12.02 11:30:45.425,1.13632,1.13643,1.39,1.10
2014.12.02 11:30:45.934,1.13632,1.13643,1.39,1.76
2014.12.02 11:30:46.444,1.13632,1.13643,1.01,1.76
2014.12.02 11:30:46.976,1.13632,1.13643,1.10,1.01
2014.12.02 11:30:48.375,1.13632,1.13643,1.39,1.10
2014.12.02 11:30:48.958,1.13634,1.13643,1.10,1.10
2014.12.02 11:30:51.179,1.13631,1.13642,3.56,1.00
2014.12.02 11:30:51.230,1.13631,1.13642,1.39,1.20
2014.12.02 11:30:52.245,1.13629,1.13642,4.39,1.09
2014.12.02 11:30:59.655,1.13633,1.13644,1.00,1.84
2014.12.02 11:31:00.180,1.13633,1.13644,1.20,1.31
2014.12.02 11:31:00.484,1.13634,1.13646,1.17,3.19
2014.12.02 11:31:00.999,1.13634,1.13646,1.27,3.19
2014.12.02 11:31:04.707,1.13635,1.13647,2.89,1.47
2014.12.02 11:31:04.758,1.13635,1.13647,2.89,1.20
2014.12.02 11:31:04.808,1.13635,1.13647,5.14,1.12
2014.12.02 11:31:05.355,1.13635,1.13649,5.51,2.89
2014.12.02 11:31:05.859,1.13637,1.13647,2.21,1.10
2014.12.02 11:31:15.034,1.13635,1.13647,1.76,3.04
2014.12.02 11:31:15.548,1.13633,1.13644,1.76,1.00
2014.12.02 11:31:16.070,1.13633,1.13644,1.66,1.10
2014.12.02 11:31:16.530,1.13631,1.13644,2.59,1.16
2014.12.02 11:31:18.891,1.13631,1.1364,2.59,1.00
2014.12.02 11:31:19.296,1.13629,1.13639,1.16,1.00
2014.12.02 11:31:23.076,1.13629,1.13639,1.91,1.00
2014.12.02 11:31:24.362,1.13629,1.1364,1.91,1.25
2014.12.02 11:31:28.196,1.13629,1.1364,1.16,1.69
2014.12.02 11:31:29.152,1.13629,1.1364,1.30,1.25
2014.12.02 11:31:32.178,1.13629,1.13639,1.30,1.00
2014.12.02 11:31:32.644,1.13629,1.13637,1.30,1.00
2014.12.02 11:31:34.229,1.13629,1.13637,1.27,1.00
2014.12.02 11:31:34.381,1.13629,1.13639,1.27,1.00
2014.12.02 11:31:34.886,1.13629,1.13639,1.20,1.07
2014.12.02 11:31:35.089,1.13625,1.13637,4.69,1.84
2014.12.02 11:31:35.139,1.13625,1.13636,1.19,1.39
2014.12.02 11:31:36.424,1.13624,1.13635,1.07,1.46
2014.12.02 11:31:36.475,1.13624,1.13635,1.07,1.76
2014.12.02 11:31:36.980,1.13624,1.13635,1.07,1.76
2014.12.02 11:31:40.299,1.13624,1.13635,3.07,1.31
2014.12.02 11:31:40.653,1.13626,1.13635,1.07,1.37
2014.12.02 11:31:41.236,1.13626,1.13635,1.07,1.37
2014.12.02 11:31:43.807,1.13623,1.13635,1.91,2.02
2014.12.02 11:31:44.324,1.13623,1.13635,1.16,2.21
2014.12.02 11:31:45.350,1.13623,1.13635,1.91,2.96
2014.12.02 11:31:45.855,1.13623,1.13634,1.29,1.46
2014.12.02 11:31:53.168,1.13622,1.13635,1.01,5.81
2014.12.02 11:31:59.166,1.13621,1.13634,1.46,1.49
2014.12.02 11:31:59.670,1.13622,1.13635,1.49,2.21
2014.12.02 11:32:00.389,1.1362,1.13635,1.84,2.21
2014.12.02 11:32:00.591,1.13623,1.13635,1.19,1.46
2014.12.02 11:32:02.303,1.13623,1.13635,1.46,1.39
2014.12.02 11:32:02.809,1.13625,1.13636,1.84,1.32
2014.12.02 11:32:03.328,1.13625,1.13637,1.84,2.96
2014.12.02 11:32:03.851,1.13625,1.13636,1.76,2.89
2014.12.02 11:32:04.609,1.13624,1.13636,1.31,4.39
2014.12.02 11:32:04.911,1.13624,1.13634,1.31,3.15
2014.12.02 11:32:05.628,1.13623,1.13634,1.31,3.45
2014.12.02 11:32:10.623,1.13624,1.13634,1.29,3.45
2014.12.02 11:32:14.667,1.13623,1.13634,1.31,3.45
2014.12.02 11:32:15.187,1.1362,1.13632,1.62,2.32
2014.12.02 11:32:15.742,1.13619,1.13632,2.14,2.40
2014.12.02 11:32:31.911,1.13619,1.13632,2.21,1.39
2014.12.02 11:32:32.013,1.13619,1.13632,1.84,1.39
2014.12.02 11:32:32.519,1.13619,1.13633,1.69,3.26
2014.12.02 11:32:33.028,1.13619,1.13633,1.69,2.96
2014.12.02 11:32:47.847,1.13619,1.13633,1.69,3.26
2014.12.02 11:32:48.056,1.13619,1.13634,1.84,2.59
2014.12.02 11:32:49.228,1.13621,1.13633,1.31,3.34
2014.12.02 11:32:52.158,1.1362,1.13633,1.31,3.82
2014.12.02 11:32:55.145,1.1362,1.13634,1.39,1.09
2014.12.02 11:32:55.449,1.1362,1.13633,1.66,1.15
2014.12.02 11:32:57.395,1.13624,1.13635,1.31,3.45
2014.12.02 11:32:57.602,1.13627,1.13635,1.01,1.00
2014.12.02 11:32:58.107,1.13627,1.13636,1.76,1.00
2014.12.02 11:32:58.413,1.13628,1.13636,2.44,1.00
2014.12.02 11:32:58.923,1.13628,1.13638,2.44,1.20
2014.12.02 11:33:01.390,1.13629,1.13637,2.44,1.20
2014.12.02 11:33:04.414,1.13628,1.13638,1.19,1.20
2014.12.02 11:33:05.406,1.13629,1.13637,2.44,1.20
2014.12.02 11:33:07.415,1.13628,1.13637,1.19,1.20
2014.12.02 11:33:09.422,1.13629,1.13637,2.44,1.20
2014.12.02 11:33:12.906,1.13629,1.13636,1.19,1.00
2014.12.02 11:33:13.476,1.13628,1.13636,1.25,1.00
2014.12.02 11:33:14.541,1.13628,1.13636,1.19,1.00
2014.12.02 11:33:15.307,1.13628,1.13637,1.19,1.10
2014.12.02 11:33:16.568,1.13628,1.13638,1.01,1.50
2014.12.02 11:33:18.874,1.13627,1.13638,1.09,1.80
2014.12.02 11:33:19.911,1.13627,1.13638,1.84,1.76
2014.12.02 11:33:20.529,1.13627,1.13638,1.76,1.70
2014.12.02 11:33:21.055,1.13627,1.13638,1.76,1.17
2014.12.02 11:33:22.753,1.13627,1.13638,1.76,1.45
2014.12.02 11:33:25.468,1.13627,1.13638,1.76,1.76
2014.12.02 11:33:26.016,1.13627,1.13637,1.76,1.39
2014.12.02 11:33:29.912,1.13625,1.13636,1.76,1.47
2014.12.02 11:33:30.953,1.13627,1.13636,1.25,1.47
2014.12.02 11:33:33.962,1.13627,1.13636,1.19,1.10
2014.12.02 11:33:36.358,1.13626,1.13636,1.19,1.10
2014.12.02 11:33:37.937,1.13625,1.13636,1.69,1.20
2014.12.02 11:33:38.309,1.13625,1.13636,1.69,1.35
2014.12.02 11:33:38.461,1.13622,1.13634,1.25,2.59
2014.12.02 11:33:38.614,1.13621,1.13632,1.76,2.32
2014.12.02 11:33:38.917,1.13622,1.13633,1.25,1.72
2014.12.02 11:33:39.019,1.1362,1.1363,1.91,1.20
2014.12.02 11:33:39.322,1.13619,1.1363,3.04,1.40
2014.12.02 11:33:44.076,1.1362,1.13631,1.25,2.89
2014.12.02 11:33:44.380,1.13617,1.13627,2.21,1.00
2014.12.02 11:33:45.904,1.13617,1.1363,1.36,1.09
2014.12.02 11:33:46.828,1.13617,1.13628,1.46,1.20
2014.12.02 11:33:47.353,1.13617,1.13628,1.54,1.10
2014.12.02 11:33:48.009,1.13619,1.13631,1.25,3.82
2014.12.02 11:33:49.026,1.13619,1.13631,1.19,4.01
2014.12.02 11:33:49.992,1.13618,1.13631,1.09,4.01
2014.12.02 11:33:51.002,1.13618,1.13631,1.39,3.45
2014.12.02 11:33:53.006,1.13618,1.13631,1.09,3.64
2014.12.02 11:33:58.043,1.13619,1.13631,1.19,3.45
2014.12.02 11:33:58.696,1.13619,1.13631,1.56,3.15
2014.12.02 11:33:59.564,1.13621,1.13631,1.29,2.40
2014.12.02 11:33:59.665,1.13621,1.13633,1.56,2.70
2014.12.02 11:33:59.766,1.13621,1.13634,1.76,1.65
2014.12.02 11:34:00.069,1.13625,1.13636,1.00,5.25
2014.12.02 11:34:00.171,1.13628,1.13637,1.25,1.20
2014.12.02 11:34:00.677,1.13628,1.13635,1.25,1.10
2014.12.02 11:34:01.201,1.13626,1.13635,1.19,1.10
2014.12.02 11:34:02.071,1.13628,1.13635,1.25,1.10
2014.12.02 11:34:02.600,1.13628,1.13635,1.19,1.10
2014.12.02 11:34:03.069,1.13627,1.13635,1.25,1.57
2014.12.02 11:34:03.602,1.13627,1.13634,1.25,1.00
2014.12.02 11:34:08.984,1.13626,1.13634,2.44,1.07
2014.12.02 11:34:10.226,1.13623,1.13633,1.84,1.10
2014.12.02 11:34:10.276,1.13626,1.13633,1.19,1.10
2014.12.02 11:34:11.651,1.13626,1.13636,1.19,1.20
2014.12.02 11:34:12.005,1.13625,1.13634,1.01,1.10
2014.12.02 11:34:12.388,1.13623,1.13635,1.29,2.02
2014.12.02 11:34:12.693,1.1362,1.13632,1.99,1.17
2014.12.02 11:34:13.199,1.13621,1.1363,1.19,1.10
2014.12.02 11:34:13.732,1.1362,1.1363,1.54,1.10
2014.12.02 11:34:14.707,1.13621,1.1363,1.25,1.10
2014.12.02 11:34:15.381,1.13621,1.1363,1.19,1.10
2014.12.02 11:34:15.737,1.1362,1.1363,1.54,1.10
2014.12.02 11:34:20.130,1.1362,1.1363,1.25,1.95
2014.12.02 11:34:20.825,1.13619,1.13631,1.01,2.02
2014.12.02 11:34:21.319,1.13619,1.13626,1.01,2.10
2014.12.02 11:34:21.834,1.13617,1.13626,1.19,2.85
2014.12.02 11:34:22.826,1.13617,1.13626,1.31,1.00
2014.12.02 11:34:22.877,1.13617,1.13631,1.31,6.26
2014.12.02 11:34:23.401,1.13619,1.13631,1.25,5.32
2014.12.02 11:34:25.948,1.13618,1.13631,1.25,4.01
2014.12.02 11:34:26.967,1.13619,1.13631,1.19,4.01
2014.12.02 11:34:28.953,1.13618,1.13631,1.25,4.01
2014.12.02 11:34:29.941,1.13619,1.13631,1.19,4.01
2014.12.02 11:34:32.957,1.13618,1.13631,1.19,3.82
2014.12.02 11:34:35.615,1.13618,1.13626,1.19,1.00
2014.12.02 11:34:36.703,1.13616,1.13626,1.84,1.00
2014.12.02 11:34:38.172,1.13617,1.13626,1.29,1.00
2014.12.02 11:34:40.332,1.13617,1.13627,1.76,1.00
2014.12.02 11:34:43.115,1.13617,1.1363,1.31,1.91
2014.12.02 11:35:00.605,1.13618,1.13631,1.62,3.64
2014.12.02 11:35:16.823,1.13617,1.13631,2.14,3.64
2014.12.02 11:35:21.527,1.13617,1.13631,1.76,1.70
2014.12.02 11:35:24.827,1.13618,1.13631,1.19,2.06
2014.12.02 11:35:25.845,1.13617,1.13631,1.76,1.62
2014.12.02 11:35:30.642,1.13617,1.1363,1.76,2.10
2014.12.02 11:35:30.693,1.13617,1.13626,1.76,1.00
2014.12.02 11:35:31.237,1.13617,1.13625,1.01,1.00
2014.12.02 11:35:31.886,1.13617,1.13625,1.29,1.00
2014.12.02 11:35:32.084,1.13617,1.1363,1.29,1.22
2014.12.02 11:35:40.370,1.13617,1.13627,1.29,1.00
2014.12.02 11:35:40.674,1.1361,1.1362,1.05,1.40
2014.12.02 11:35:40.876,1.13608,1.13619,1.01,1.46
2014.12.02 11:35:41.179,1.13607,1.13617,1.01,1.09
2014.12.02 11:35:41.482,1.13604,1.13614,1.29,1.10
2014.12.02 11:35:42.484,1.13603,1.13616,1.36,1.46
2014.12.02 11:35:43.638,1.13603,1.13616,1.64,1.16
2014.12.02 11:35:51.133,1.13604,1.13617,1.76,2.21
2014.12.02 11:35:51.386,1.13608,1.13617,1.00,1.01
2014.12.02 11:35:51.689,1.1361,1.13618,3.34,1.00
2014.12.02 11:35:51.740,1.1361,1.13618,1.16,1.00
2014.12.02 11:35:51.992,1.13607,1.13618,1.84,1.00
2014.12.02 11:35:52.245,1.13609,1.13618,1.35,1.00
2014.12.02 11:35:52.700,1.13611,1.13618,1.07,1.00
2014.12.02 11:35:53.104,1.13614,1.13624,2.25,1.31
2014.12.02 11:35:53.306,1.13619,1.13625,1.50,1.27
2014.12.02 11:35:53.508,1.13619,1.13629,1.69,1.07
2014.12.02 11:35:53.559,1.13619,1.1363,1.69,1.10
2014.12.02 11:35:53.711,1.13617,1.1363,1.10,2.70
2014.12.02 11:35:54.064,1.13615,1.13629,1.39,1.27
2014.12.02 11:35:54.939,1.13614,1.13629,1.40,1.27
2014.12.02 11:36:00.672,1.13614,1.13628,1.46,1.15
2014.12.02 11:36:02.663,1.13614,1.13626,1.84,1.00
2014.12.02 11:36:03.169,1.13615,1.13626,1.39,1.00
2014.12.02 11:36:04.093,1.13615,1.13628,1.39,1.46
2014.12.02 11:36:04.948,1.13616,1.1363,1.19,3.26
2014.12.02 11:36:06.952,1.13614,1.1363,3.34,3.26
2014.12.02 11:36:07.972,1.13614,1.1363,3.34,3.26
2014.12.02 11:36:11.716,1.13613,1.13627,1.95,1.35
2014.12.02 11:36:11.868,1.1361,1.13625,1.32,1.09
2014.12.02 11:36:12.121,1.1361,1.13618,2.51,1.00
2014.12.02 11:36:12.270,1.13608,1.13618,1.39,1.00
2014.12.02 11:36:12.824,1.13608,1.13618,1.39,1.00
2014.12.02 11:36:13.654,1.13608,1.1362,1.39,1.36
2014.12.02 11:36:13.958,1.13608,1.13623,1.09,2.59
2014.12.02 11:36:14.766,1.1361,1.13625,1.54,1.09
2014.12.02 11:36:15.272,1.13608,1.13624,1.84,3.07
2014.12.02 11:36:17.808,1.1361,1.13624,1.24,2.70
2014.12.02 11:36:17.960,1.1361,1.13623,1.61,1.65
2014.12.02 11:36:18.465,1.13609,1.13623,2.21,1.25
2014.12.02 11:36:20.056,1.1361,1.13627,1.09,5.81
2014.12.02 11:36:20.561,1.1361,1.13623,1.09,1.10
2014.12.02 11:36:21.065,1.1361,1.13622,1.09,1.00
2014.12.02 11:36:21.622,1.1361,1.13624,1.84,1.17
2014.12.02 11:36:21.824,1.13614,1.13624,1.50,1.17
2014.12.02 11:36:22.098,1.13613,1.13627,2.21,1.15
2014.12.02 11:36:22.149,1.13614,1.13624,1.10,1.00
2014.12.02 11:36:22.655,1.13614,1.13623,1.20,1.00
2014.12.02 11:36:23.160,1.13611,1.13624,1.09,1.10
2014.12.02 11:36:23.784,1.1361,1.13624,3.34,1.12
2014.12.02 11:36:24.144,1.13614,1.13627,1.50,1.65
2014.12.02 11:36:24.296,1.13611,1.13628,2.59,5.25
2014.12.02 11:36:24.801,1.13612,1.13628,1.09,5.25
2014.12.02 11:36:25.306,1.13611,1.13628,2.59,5.62
2014.12.02 11:36:26.095,1.13612,1.13623,1.31,1.00
2014.12.02 11:36:26.653,1.13613,1.13622,1.10,1.00
2014.12.02 11:36:27.885,1.13613,1.13623,1.01,1.00
2014.12.02 11:36:27.986,1.13611,1.13621,1.54,1.00
2014.12.02 11:36:28.188,1.13609,1.13621,1.10,1.15
2014.12.02 11:36:28.290,1.13608,1.13624,1.84,2.59
2014.12.02 11:36:28.391,1.1361,1.13622,3.22,1.30
2014.12.02 11:36:30.667,1.13608,1.13622,1.01,2.29
2014.12.02 11:36:30.972,1.13607,1.13617,1.56,1.00
2014.12.02 11:36:31.513,1.13607,1.13617,1.29,1.00
2014.12.02 11:36:32.388,1.13607,1.13619,1.31,1.19
2014.12.02 11:36:32.489,1.13606,1.13622,1.84,1.37
2014.12.02 11:36:32.591,1.13606,1.13617,1.84,1.00
2014.12.02 11:36:34.140,1.13607,1.1362,1.29,1.49
2014.12.02 11:36:34.343,1.13607,1.13617,1.31,1.00
2014.12.02 11:36:34.546,1.13605,1.13616,1.31,1.10
2014.12.02 11:36:35.556,1.13604,1.13616,1.76,1.10
2014.12.02 11:36:36.293,1.13604,1.13616,2.06,1.10
2014.12.02 11:36:43.397,1.13604,1.13616,2.06,1.76
2014.12.02 11:36:44.874,1.13604,1.13616,1.76,1.76
2014.12.02 11:36:45.453,1.13604,1.13616,1.01,1.01
2014.12.02 11:36:53.056,1.13604,1.13615,1.01,1.00
2014.12.02 11:36:53.260,1.13602,1.13614,1.35,1.17
2014.12.02 11:36:53.564,1.136,1.1361,1.00,1.07
2014.12.02 11:36:53.615,1.13596,1.13611,2.10,2.40
2014.12.02 11:36:53.734,1.13596,1.13613,2.10,4.01
2014.12.02 11:36:53.887,1.13598,1.13613,1.45,1.09
2014.12.02 11:36:54.392,1.13598,1.13613,1.17,1.09
2014.12.02 11:36:55.136,1.13599,1.13614,1.10,2.59
2014.12.02 11:36:55.803,1.136,1.13614,1.00,2.40
2014.12.02 11:36:56.106,1.136,1.13613,1.77,1.27
2014.12.02 11:36:56.993,1.136,1.13613,1.61,1.27
2014.12.02 11:36:57.508,1.13599,1.13615,1.29,6.00
2014.12.02 11:36:57.967,1.13598,1.13614,1.17,1.27
2014.12.02 11:37:00.606,1.13599,1.13614,1.12,1.09
2014.12.02 11:37:00.707,1.13601,1.13613,1.20,1.20
2014.12.02 11:37:00.960,1.13602,1.13614,1.12,1.46
2014.12.02 11:37:05.012,1.13602,1.13614,1.69,1.84
2014.12.02 11:37:07.583,1.13601,1.13613,1.54,1.27
2014.12.02 11:37:07.634,1.136,1.13613,1.24,1.55
2014.12.02 11:37:08.163,1.13599,1.13613,3.86,1.65
2014.12.02 11:37:08.315,1.13599,1.13612,1.00,1.65
2014.12.02 11:37:08.517,1.13597,1.13611,1.19,1.27
2014.12.02 11:37:08.770,1.13597,1.13613,1.19,6.56
2014.12.02 11:37:09.022,1.13597,1.13613,3.71,2.07
2014.12.02 11:37:10.399,1.136,1.13613,3.11,1.76
2014.12.02 11:37:10.854,1.136,1.13612,1.01,1.07
2014.12.02 11:37:11.360,1.13597,1.13614,3.71,2.21
2014.12.02 11:37:12.378,1.136,1.13612,1.70,1.47
2014.12.02 11:37:12.883,1.13598,1.13614,1.46,1.55
2014.12.02 11:37:16.115,1.13599,1.13613,1.69,2.14
2014.12.02 11:37:16.626,1.136,1.13613,2.74,1.70
2014.12.02 11:37:24.807,1.13599,1.13613,1.45,2.51
2014.12.02 11:37:25.059,1.13598,1.13613,1.16,2.14
2014.12.02 11:37:26.561,1.13599,1.13613,2.17,2.14
2014.12.02 11:37:26.662,1.13601,1.13612,1.05,1.20
2014.12.02 11:37:27.628,1.13601,1.13612,1.54,1.20
2014.12.02 11:37:29.623,1.13602,1.13612,1.29,1.20
2014.12.02 11:37:30.632,1.13601,1.13612,1.16,1.20
2014.12.02 11:37:35.575,1.13601,1.13612,1.05,1.20
2014.12.02 11:37:51.005,1.136,1.13612,1.61,1.47
2014.12.02 11:38:09.664,1.136,1.13611,1.10,1.20
2014.12.02 11:38:10.175,1.136,1.13611,1.25,1.70
2014.12.02 11:38:10.680,1.13598,1.13608,1.20,1.00
2014.12.02 11:38:12.643,1.13597,1.13608,2.51,1.10
2014.12.02 11:38:14.847,1.13596,1.13612,2.59,1.35
2014.12.02 11:38:31.417,1.13597,1.13614,1.09,4.76
2014.12.02 11:38:36.014,1.13596,1.13611,1.56,2.77
2014.12.02 11:38:36.527,1.13595,1.1361,2.06,3.07
2014.12.02 11:38:38.731,1.13596,1.13607,1.12,1.57
2014.12.02 11:38:39.038,1.13594,1.13607,1.62,2.40
2014.12.02 11:38:39.542,1.13594,1.13607,1.39,2.32
2014.12.02 11:38:40.630,1.13594,1.13607,1.62,5.44
2014.12.02 11:38:41.080,1.13596,1.13612,1.85,1.09
2014.12.02 11:38:44.660,1.13595,1.1361,2.14,3.00
2014.12.02 11:38:46.641,1.13596,1.13607,1.37,1.95
2014.12.02 11:38:47.150,1.13595,1.13607,1.39,1.50
2014.12.02 11:38:47.201,1.13595,1.13607,1.09,1.50
2014.12.02 11:38:48.701,1.13595,1.13606,1.84,1.01
2014.12.02 11:38:49.358,1.13595,1.1361,1.95,1.90
2014.12.02 11:38:49.611,1.13595,1.1361,5.32,1.90
2014.12.02 11:38:50.146,1.13595,1.1361,5.32,1.65
2014.12.02 11:38:50.616,1.13595,1.1361,1.84,2.96
2014.12.02 11:38:50.768,1.13594,1.13607,1.87,3.07
2014.12.02 11:38:50.819,1.13593,1.13607,1.12,3.07
2014.12.02 11:38:51.324,1.13593,1.13606,1.87,1.52
2014.12.02 11:38:52.994,1.13593,1.13605,1.76,2.21
2014.12.02 11:38:53.817,1.13594,1.13605,1.25,2.21
2014.12.02 11:38:56.018,1.13594,1.13607,1.50,3.07
2014.12.02 11:38:58.086,1.13593,1.13606,1.61,1.84
2014.12.02 11:38:58.868,1.13591,1.13606,1.69,2.96
2014.12.02 11:38:59.635,1.13594,1.13606,1.50,3.37
2014.12.02 11:38:59.686,1.13597,1.13607,1.12,3.90
2014.12.02 11:38:59.737,1.13597,1.13609,1.20,6.00
2014.12.02 11:38:59.838,1.13597,1.13611,1.27,4.12
2014.12.02 11:39:01.148,1.13597,1.13612,1.35,1.20
2014.12.02 11:39:02.720,1.13597,1.13612,1.54,1.20
2014.12.02 11:39:03.290,1.13597,1.13613,1.54,9.94
2014.12.02 11:39:03.694,1.13597,1.13611,1.46,1.52
2014.12.02 11:39:04.201,1.13597,1.13612,1.35,1.46
2014.12.02 11:39:04.760,1.13597,1.13612,1.54,2.21
2014.12.02 11:39:06.748,1.13597,1.13611,1.54,1.09
2014.12.02 11:39:07.255,1.13597,1.13612,1.54,3.71
2014.12.02 11:39:09.159,1.13597,1.13612,1.16,1.27
2014.12.02 11:39:09.462,1.13597,1.13613,1.54,5.21
2014.12.02 11:39:11.295,1.13597,1.13612,2.21,4.09
2014.12.02 11:39:12.372,1.13597,1.13612,2.21,4.09
2014.12.02 11:39:14.914,1.13596,1.13611,1.84,1.09
2014.12.02 11:39:15.015,1.13596,1.13611,1.84,1.09
2014.12.02 11:39:16.559,1.13596,1.13613,1.84,2.21
2014.12.02 11:39:19.112,1.13596,1.13612,5.21,5.25
2014.12.02 11:39:19.697,1.13596,1.13612,2.14,5.62
2014.12.02 11:39:25.581,1.13598,1.13612,1.84,2.02
2014.12.02 11:39:25.682,1.13598,1.13612,1.84,1.65
2014.12.02 11:39:26.036,1.13601,1.13613,1.16,1.10
2014.12.02 11:39:26.339,1.13598,1.13612,1.69,1.65
2014.12.02 11:39:26.694,1.13598,1.13612,1.31,1.65
2014.12.02 11:39:30.418,1.13599,1.13612,1.29,2.02
2014.12.02 11:39:30.520,1.13599,1.13612,1.39,1.12
2014.12.02 11:39:30.773,1.13599,1.13612,1.39,1.65
2014.12.02 11:39:32.471,1.13598,1.13611,1.31,1.09
2014.12.02 11:39:35.185,1.13597,1.13609,1.25,3.90
2014.12.02 11:39:37.275,1.13595,1.13608,1.76,1.52
2014.12.02 11:39:39.222,1.13594,1.13608,2.44,2.02
2014.12.02 11:39:41.355,1.13594,1.13608,2.06,2.02
2014.12.02 11:39:42.366,1.13594,1.13608,1.69,1.65
2014.12.02 11:39:44.884,1.13593,1.13607,2.66,1.01
2014.12.02 11:39:44.986,1.13594,1.1361,3.34,4.76
2014.12.02 11:39:45.137,1.13594,1.13606,1.76,1.47
2014.12.02 11:39:45.239,1.13593,1.13604,1.42,1.20
2014.12.02 11:39:45.441,1.13593,1.13604,1.25,2.14
2014.12.02 11:39:45.542,1.13593,1.13604,1.25,2.14
2014.12.02 11:39:46.820,1.13595,1.13604,1.00,2.14
2014.12.02 11:39:47.325,1.13596,1.13604,1.25,1.10
2014.12.02 11:39:47.629,1.13594,1.13605,1.69,2.02
2014.12.02 11:39:48.495,1.13594,1.13605,1.00,2.02
2014.12.02 11:39:57.911,1.13591,1.13604,2.74,1.57
2014.12.02 11:39:58.013,1.13591,1.13603,1.35,1.74
2014.12.02 11:39:58.114,1.13588,1.13603,1.91,1.84
2014.12.02 11:39:58.215,1.13588,1.13602,1.29,1.46
2014.12.02 11:39:59.224,1.13586,1.13601,2.21,1.84
2014.12.02 11:40:01.362,1.13586,1.13601,1.39,4.76
2014.12.02 11:40:01.876,1.13586,1.136,1.39,2.15
2014.12.02 11:40:02.497,1.13585,1.13599,1.40,1.84
2014.12.02 11:40:03.901,1.13587,1.136,1.19,2.59
2014.12.02 11:40:04.053,1.13588,1.136,1.01,1.76
2014.12.02 11:40:07.915,1.13588,1.13601,1.76,1.84
2014.12.02 11:40:11.924,1.13588,1.13601,1.76,1.09
2014.12.02 11:40:12.928,1.13588,1.13602,1.76,3.26
2014.12.02 11:40:14.939,1.13588,1.13602,1.01,3.64
2014.12.02 11:40:16.986,1.13588,1.13601,1.76,1.74
2014.12.02 11:40:19.969,1.13587,1.13602,1.46,3.64
2014.12.02 11:40:21.170,1.13587,1.13602,1.64,4.01
2014.12.02 11:40:26.979,1.13589,1.13602,1.29,1.84
2014.12.02 11:40:29.007,1.13587,1.13602,2.21,1.84
2014.12.02 11:40:34.164,1.13587,1.13602,1.91,2.21
2014.12.02 11:40:36.026,1.13586,1.13601,1.84,1.71
2014.12.02 11:40:39.109,1.13589,1.13601,2.10,1.71
2014.12.02 11:40:39.210,1.13591,1.13602,1.60,1.15
2014.12.02 11:40:39.714,1.13591,1.13603,1.85,1.77
2014.12.02 11:40:52.086,1.13593,1.13603,1.54,1.39
2014.12.02 11:40:53.094,1.13593,1.13603,1.35,1.70
2014.12.02 11:41:05.349,1.13594,1.13603,1.00,2.14
2014.12.02 11:41:05.611,1.13594,1.13603,1.00,2.14
2014.12.02 11:41:21.622,1.13594,1.13605,1.00,2.21
2014.12.02 11:41:24.203,1.13594,1.13605,1.00,4.39
2014.12.02 11:41:24.720,1.13593,1.13605,1.00,4.39
2014.12.02 11:41:39.866,1.13592,1.13604,1.35,1.71
2014.12.02 11:41:56.476,1.13592,1.13605,1.91,2.21
2014.12.02 11:41:57.919,1.13592,1.13605,1.91,2.59
2014.12.02 11:41:58.471,1.13593,1.13605,1.00,2.21
2014.12.02 11:41:58.977,1.13593,1.13604,1.25,1.71
2014.12.02 11:42:07.994,1.13593,1.13605,1.69,2.59
2014.12.02 11:42:08.974,1.13593,1.13605,1.00,2.59
2014.12.02 11:42:22.748,1.13591,1.13603,1.29,2.21
2014.12.02 11:42:23.716,1.13592,1.13604,1.61,2.96
2014.12.02 11:42:24.744,1.13592,1.13604,1.15,1.77
2014.12.02 11:42:25.254,1.13591,1.13604,3.26,1.77
2014.12.02 11:42:53.645,1.13591,1.13605,3.94,5.14
2014.12.02 11:42:56.233,1.13592,1.13605,1.15,5.14
2014.12.02 11:43:00.828,1.13592,1.13604,1.69,1.44
2014.12.02 11:43:03.588,1.13589,1.13602,5.21,1.39
2014.12.02 11:43:03.690,1.13589,1.13599,2.21,1.00
2014.12.02 11:43:05.077,1.13589,1.13601,2.21,1.29
2014.12.02 11:43:05.582,1.13591,1.136,1.61,1.00
2014.12.02 11:43:05.927,1.1359,1.13598,2.14,1.00
2014.12.02 11:43:07.358,1.1359,1.13598,3.30,1.00
2014.12.02 11:43:07.409,1.1359,1.13601,3.30,1.01
2014.12.02 11:43:08.498,1.13591,1.13602,1.15,1.10
2014.12.02 11:43:11.393,1.13591,1.13602,1.22,1.00
2014.12.02 11:43:11.925,1.13591,1.13602,1.69,1.12
2014.12.02 11:43:19.058,1.13591,1.13602,1.01,1.10
2014.12.02 11:43:32.447,1.13592,1.13602,1.05,1.10
2014.12.02 11:43:38.005,1.1359,1.13602,2.59,1.10
2014.12.02 11:43:38.649,1.13592,1.13602,1.19,1.10
2014.12.02 11:43:40.367,1.1359,1.13602,2.21,2.36
2014.12.02 11:43:40.418,1.1359,1.13598,1.84,1.00
2014.12.02 11:43:41.394,1.1359,1.13598,1.25,1.00
2014.12.02 11:43:41.906,1.13591,1.13601,1.69,1.57
2014.12.02 11:43:41.957,1.13591,1.13601,1.76,1.20
2014.12.02 11:43:42.418,1.13591,1.13599,1.36,1.00
2014.12.02 11:43:42.671,1.1359,1.13599,1.25,1.00
2014.12.02 11:43:43.883,1.1359,1.13601,1.69,1.27
2014.12.02 11:43:44.403,1.13591,1.13602,1.16,1.12
2014.12.02 11:43:44.906,1.13591,1.13602,1.91,1.12
2014.12.02 11:43:51.995,1.13591,1.13602,2.89,1.12
2014.12.02 11:43:54.074,1.13592,1.13603,1.05,1.57
2014.12.02 11:43:54.125,1.13593,1.13604,1.19,1.52
2014.12.02 11:43:54.429,1.136,1.13609,1.29,1.00
2014.12.02 11:43:54.683,1.136,1.13607,1.39,1.00
2014.12.02 11:43:54.885,1.13599,1.13609,1.91,1.00
2014.12.02 11:43:55.408,1.136,1.1361,1.39,1.07
2014.12.02 11:43:55.660,1.13598,1.13606,1.66,1.00
2014.12.02 11:43:55.812,1.13596,1.13606,1.84,1.00
2014.12.02 11:43:55.966,1.13598,1.13606,2.70,1.00
2014.12.02 11:43:56.203,1.13598,1.13608,3.07,1.00
2014.12.02 11:43:56.708,1.13599,1.13609,1.27,1.00
2014.12.02 11:43:59.616,1.13599,1.13608,1.44,1.00
2014.12.02 11:44:11.565,1.13598,1.13614,2.40,4.39
2014.12.02 11:44:16.948,1.13597,1.1361,4.46,1.20
2014.12.02 11:44:17.475,1.13597,1.1361,3.97,1.20
2014.12.02 11:44:18.761,1.13598,1.13612,2.89,1.57
2014.12.02 11:44:34.235,1.13598,1.13612,2.70,1.57
2014.12.02 11:44:38.965,1.13598,1.13612,2.70,1.20
2014.12.02 11:44:39.509,1.13597,1.13612,4.01,1.46
2014.12.02 11:44:42.927,1.13597,1.13612,4.76,1.52
2014.12.02 11:44:47.617,1.13597,1.13612,3.26,1.27
2014.12.02 11:44:50.907,1.13597,1.13609,2.89,1.00
2014.12.02 11:44:51.008,1.13596,1.13609,1.84,1.20
2014.12.02 11:44:51.523,1.13596,1.13609,1.71,1.27
2014.12.02 11:44:52.143,1.13595,1.1361,3.71,2.40
2014.12.02 11:44:52.807,1.13595,1.1361,4.09,1.27
2014.12.02 11:44:53.008,1.13596,1.13612,1.84,6.75
2014.12.02 11:44:56.985,1.13597,1.13612,1.46,2.21
2014.12.02 11:44:58.761,1.13597,1.13612,1.71,1.84
2014.12.02 11:45:02.145,1.13597,1.13613,1.77,2.15
2014.12.02 11:45:12.700,1.13597,1.13613,5.21,2.29
2014.12.02 11:45:15.514,1.136,1.13613,2.70,2.02
2014.12.02 11:45:16.433,1.13601,1.13613,4.57,1.10
2014.12.02 11:45:19.309,1.136,1.13613,2.59,1.00
2014.12.02 11:45:22.179,1.136,1.13613,2.59,1.12
2014.12.02 11:45:22.740,1.136,1.13613,2.59,1.00
2014.12.02 11:45:23.454,1.13601,1.13613,2.89,1.00
2014.12.02 11:45:26.498,1.136,1.13613,1.65,1.10
2014.12.02 11:45:26.549,1.13598,1.1361,1.94,1.15
2014.12.02 11:45:27.074,1.13596,1.13611,4.46,6.75
2014.12.02 11:45:27.929,1.13596,1.13611,1.09,7.69
2014.12.02 11:45:28.468,1.13596,1.13611,3.26,2.21
2014.12.02 11:45:28.974,1.13597,1.13613,4.01,3.34
2014.12.02 11:45:30.459,1.13598,1.13613,1.71,3.34
2014.12.02 11:45:30.964,1.13598,1.13613,1.71,3.34
2014.12.02 11:45:34.849,1.13598,1.13613,1.46,4.09
2014.12.02 11:45:36.785,1.13598,1.13612,1.39,1.46
2014.12.02 11:45:41.324,1.13597,1.1361,1.46,1.20
2014.12.02 11:45:45.087,1.13596,1.13608,1.76,3.00
2014.12.02 11:45:45.188,1.13596,1.13607,1.01,1.36
2014.12.02 11:45:45.391,1.13595,1.13606,2.06,2.44
2014.12.02 11:45:45.896,1.13593,1.13604,1.39,1.17
2014.12.02 11:45:46.324,1.13593,1.13604,1.01,1.27
2014.12.02 11:45:51.372,1.13591,1.13603,2.66,2.21
2014.12.02 11:46:00.530,1.13591,1.13602,1.91,1.39
2014.12.02 11:46:01.039,1.13591,1.136,1.54,1.00
2014.12.02 11:46:01.191,1.1359,1.13599,1.70,3.00
2014.12.02 11:46:01.292,1.13587,1.13593,3.00,1.00
2014.12.02 11:46:01.394,1.13584,1.13593,1.00,1.57
2014.12.02 11:46:01.495,1.13584,1.13593,1.10,1.84
2014.12.02 11:46:01.597,1.13582,1.13592,1.05,1.15
2014.12.02 11:46:04.440,1.13582,1.13593,1.76,1.65
2014.12.02 11:46:06.453,1.13582,1.13593,1.01,2.59
2014.12.02 11:46:08.345,1.13581,1.13592,1.01,1.84
2014.12.02 11:46:08.850,1.13581,1.13592,1.00,2.59
2014.12.02 11:46:09.305,1.13578,1.1359,1.69,1.17
2014.12.02 11:46:09.356,1.13578,1.13587,1.00,1.00
2014.12.02 11:46:09.658,1.13576,1.13586,1.20,1.10
2014.12.02 11:46:09.760,1.13576,1.13585,1.10,2.32
2014.12.02 11:46:09.861,1.13576,1.13584,1.00,1.10
2014.12.02 11:46:09.962,1.13574,1.13584,1.09,1.65
2014.12.02 11:46:10.618,1.13575,1.13586,1.00,2.96
2014.12.02 11:46:11.300,1.13576,1.13587,1.07,1.37
2014.12.02 11:46:11.351,1.13576,1.13587,1.15,1.10
2014.12.02 11:46:11.856,1.13576,1.13591,2.59,3.64
2014.12.02 11:46:12.361,1.13576,1.13591,5.96,3.64
2014.12.02 11:46:23.586,1.13578,1.13591,1.39,3.64
2014.12.02 11:46:27.462,1.13577,1.13591,1.46,2.89
2014.12.02 11:46:29.303,1.13577,1.13591,1.46,3.64
2014.12.02 11:46:30.136,1.13575,1.13589,1.76,4.76
2014.12.02 11:46:30.712,1.13574,1.13587,1.54,1.20
2014.12.02 11:46:31.582,1.13574,1.13585,1.54,1.00
2014.12.02 11:46:32.248,1.13574,1.13585,1.31,1.30
2014.12.02 11:46:34.448,1.13574,1.13585,2.06,1.16
2014.12.02 11:46:35.450,1.13574,1.13585,1.25,1.30
2014.12.02 11:46:36.232,1.13573,1.13585,1.84,1.65
2014.12.02 11:46:36.434,1.13573,1.13582,1.84,1.00
2014.12.02 11:46:36.636,1.13572,1.13584,1.44,1.10
2014.12.02 11:46:37.148,1.13572,1.13584,1.34,1.12
2014.12.02 11:46:38.886,1.13572,1.13581,1.34,1.00
2014.12.02 11:46:38.987,1.1357,1.13581,2.14,1.10
2014.12.02 11:46:39.240,1.13569,1.13581,1.39,1.09
2014.12.02 11:46:40.214,1.13567,1.13582,2.59,4.76
2014.12.02 11:46:43.284,1.13567,1.13579,1.84,1.10
2014.12.02 11:46:43.600,1.13567,1.13579,1.66,1.15
2014.12.02 11:46:46.364,1.13567,1.13579,1.64,1.32
2014.12.02 11:46:46.566,1.13567,1.13579,1.84,1.25
2014.12.02 11:46:47.179,1.13567,1.1358,1.76,1.84
2014.12.02 11:46:50.653,1.13568,1.13581,2.17,4.76
2014.12.02 11:46:51.317,1.13567,1.13581,2.06,4.46
2014.12.02 11:46:51.822,1.13566,1.13578,1.39,2.59
2014.12.02 11:46:52.651,1.13565,1.13577,2.21,1.19
2014.12.02 11:46:53.626,1.13566,1.13578,1.39,1.39
2014.12.02 11:46:54.660,1.13566,1.13579,1.39,1.46
2014.12.02 11:46:55.654,1.13565,1.13578,1.74,1.39
2014.12.02 11:46:56.300,1.13565,1.13578,1.66,3.34
2014.12.02 11:46:57.179,1.13564,1.13579,4.09,1.46
2014.12.02 11:46:59.352,1.13565,1.13579,1.64,2.89
2014.12.02 11:46:59.759,1.13565,1.13578,1.76,3.26
2014.12.02 11:47:00.593,1.13565,1.13578,1.39,3.26
2014.12.02 11:47:08.408,1.13565,1.13578,1.39,2.51
2014.12.02 11:47:08.761,1.13565,1.13578,1.01,2.59
2014.12.02 11:47:20.423,1.13565,1.13576,1.70,1.10
2014.12.02 11:47:23.297,1.13565,1.13577,1.32,1.39
2014.12.02 11:47:25.762,1.13565,1.13576,1.32,1.29
2014.12.02 11:47:26.735,1.13565,1.13577,1.07,1.84
2014.12.02 11:47:36.807,1.13565,1.13576,1.32,1.76
2014.12.02 11:47:37.768,1.13565,1.13578,1.32,3.71
2014.12.02 11:47:39.790,1.13566,1.13578,1.29,3.71
2014.12.02 11:47:40.791,1.13565,1.13578,2.14,2.66
2014.12.02 11:47:40.943,1.13565,1.13578,2.59,1.91
2014.12.02 11:47:45.149,1.13565,1.13578,3.04,2.21
2014.12.02 11:47:48.842,1.13567,1.13578,1.19,2.21
2014.12.02 11:47:53.630,1.1357,1.1358,1.00,2.02
2014.12.02 11:47:53.883,1.13573,1.13584,4.01,1.07
2014.12.02 11:47:54.085,1.13575,1.13587,1.01,2.21
2014.12.02 11:47:54.590,1.13575,1.13587,1.20,2.96
2014.12.02 11:47:55.349,1.13576,1.13587,1.09,1.29
2014.12.02 11:47:55.938,1.13576,1.13588,1.09,2.44
2014.12.02 11:47:57.787,1.13577,1.13588,1.29,1.09
2014.12.02 11:47:58.757,1.13576,1.13588,1.84,1.17
2014.12.02 11:48:09.934,1.13576,1.13582,1.10,1.00
2014.12.02 11:48:10.237,1.13572,1.1358,1.01,1.10
2014.12.02 11:48:10.743,1.13571,1.13582,1.27,6.26
2014.12.02 11:48:11.247,1.1357,1.13582,2.10,6.56
2014.12.02 11:48:13.584,1.1357,1.13581,1.50,1.16
2014.12.02 11:48:13.886,1.13567,1.1358,1.54,1.44
2014.12.02 11:48:21.531,1.13568,1.1358,1.19,1.25
2014.12.02 11:48:21.582,1.13571,1.1358,1.00,1.25
2014.12.02 11:48:21.986,1.13571,1.13582,2.36,1.17
2014.12.02 11:48:22.492,1.13571,1.13582,2.66,1.17
2014.12.02 11:48:23.341,1.13571,1.13582,2.81,1.10
2014.12.02 11:48:26.319,1.13571,1.13584,2.55,4.46
2014.12.02 11:48:26.865,1.13571,1.13582,1.15,1.46
2014.12.02 11:48:28.994,1.1357,1.13582,4.91,1.84
2014.12.02 11:48:29.499,1.13573,1.13583,1.20,1.19
2014.12.02 11:48:30.066,1.13573,1.13585,1.09,1.49
2014.12.02 11:48:30.592,1.13573,1.13582,1.00,1.25
2014.12.02 11:48:30.895,1.1357,1.1358,1.60,1.15
2014.12.02 11:48:31.401,1.1357,1.1358,1.35,1.15
2014.12.02 11:48:31.654,1.13567,1.13579,2.21,1.20
2014.12.02 11:48:32.008,1.13566,1.13578,1.71,1.19
2014.12.02 11:48:32.513,1.13566,1.13578,1.46,1.31
2014.12.02 11:48:37.755,1.13565,1.13579,2.96,2.59
2014.12.02 11:48:48.036,1.13566,1.13578,1.46,1.19
2014.12.02 11:48:51.081,1.13566,1.13578,2.81,1.19
2014.12.02 11:48:51.132,1.13567,1.13579,1.16,1.25
2014.12.02 11:48:52.123,1.13568,1.1358,1.84,1.16
2014.12.02 11:48:53.026,1.13568,1.1358,1.65,1.91
2014.12.02 11:48:55.035,1.13568,1.1358,1.91,1.09
2014.12.02 11:48:56.034,1.13568,1.1358,1.72,1.84
2014.12.02 11:48:57.187,1.13568,1.1358,1.91,1.09
2014.12.02 11:48:58.065,1.13568,1.1358,1.72,1.84
2014.12.02 11:49:00.069,1.13568,1.1358,1.91,1.09
2014.12.02 11:49:02.075,1.13568,1.1358,1.72,1.84
2014.12.02 11:49:06.098,1.13567,1.13579,2.29,1.29
2014.12.02 11:49:08.989,1.13566,1.13578,1.01,1.76
2014.12.02 11:49:09.511,1.13566,1.13577,1.01,1.00
2014.12.02 11:49:10.050,1.13566,1.13577,1.01,1.12
2014.12.02 11:49:15.490,1.13566,1.13577,1.31,1.29
2014.12.02 11:49:17.206,1.13566,1.13578,1.31,1.31
2014.12.02 11:49:20.139,1.13566,1.13578,1.31,1.46
2014.12.02 11:49:32.755,1.13566,1.13577,1.25,1.91
2014.12.02 11:49:38.045,1.13566,1.13577,1.39,1.29
2014.12.02 11:49:43.300,1.13566,1.13577,1.20,1.01
2014.12.02 11:49:43.872,1.13566,1.13576,1.20,1.00
2014.12.02 11:49:44.384,1.13563,1.13576,2.59,1.01
2014.12.02 11:49:45.324,1.13564,1.13576,1.66,1.76
2014.12.02 11:49:49.364,1.13563,1.13576,2.21,1.01
2014.12.02 11:49:59.035,1.13564,1.13577,2.21,1.25
2014.12.02 11:49:59.540,1.13567,1.13578,1.01,1.76
2014.12.02 11:50:00.368,1.13567,1.13579,1.10,3.19
2014.12.02 11:50:03.138,1.13567,1.13579,1.10,3.19
2014.12.02 11:50:12.446,1.13567,1.13579,1.76,3.04
2014.12.02 11:50:13.405,1.13567,1.13578,1.01,1.56
2014.12.02 11:50:16.308,1.13567,1.13579,1.10,3.04
2014.12.02 11:50:18.424,1.13567,1.13578,1.01,1.29
2014.12.02 11:50:19.377,1.13567,1.13578,1.09,1.29
2014.12.02 11:50:20.462,1.13567,1.13579,1.15,2.44
2014.12.02 11:50:21.015,1.13567,1.13579,1.15,2.44
2014.12.02 11:50:22.500,1.13567,1.13579,1.15,1.76
2014.12.02 11:50:23.468,1.13567,1.13578,1.40,1.29
2014.12.02 11:50:26.516,1.13567,1.13578,1.15,1.01
2014.12.02 11:50:27.516,1.13567,1.13577,1.15,1.19
2014.12.02 11:50:27.823,1.1357,1.13579,1.00,1.19
2014.12.02 11:50:28.741,1.1357,1.1358,1.00,2.66
2014.12.02 11:50:31.415,1.1357,1.13578,1.00,1.00
2014.12.02 11:50:31.718,1.13568,1.13578,1.20,1.25
2014.12.02 11:50:34.656,1.13569,1.1358,1.25,1.26
2014.12.02 11:50:36.665,1.13567,1.13579,2.96,1.69
2014.12.02 11:50:37.633,1.13569,1.13581,1.65,4.01
2014.12.02 11:50:38.601,1.13569,1.13579,1.20,1.00
2014.12.02 11:50:42.672,1.13568,1.13579,1.09,2.51
2014.12.02 11:50:43.756,1.13568,1.13579,1.17,1.76
2014.12.02 11:50:44.764,1.13568,1.13579,1.09,2.51
2014.12.02 11:50:46.094,1.13568,1.13579,1.09,2.51
2014.12.02 11:50:47.113,1.13568,1.13579,1.16,2.44
2014.12.02 11:50:49.781,1.13568,1.13579,1.16,1.50
2014.12.02 11:50:59.802,1.13568,1.13579,1.16,2.44
2014.12.02 11:51:01.842,1.13568,1.13579,1.91,1.69
2014.12.02 11:51:03.265,1.13567,1.13578,1.46,1.00
2014.12.02 11:51:04.996,1.13567,1.13579,2.21,1.00
2014.12.02 11:51:05.820,1.13567,1.1358,2.21,2.29
2014.12.02 11:51:11.883,1.13567,1.1358,2.21,3.04
2014.12.02 11:51:13.368,1.1357,1.1358,1.00,1.00
2014.12.02 11:51:13.419,1.1357,1.13581,1.72,2.44
2014.12.02 11:51:13.723,1.13576,1.13586,1.55,1.00
2014.12.02 11:51:14.227,1.13577,1.13587,1.57,1.00
2014.12.02 11:51:14.733,1.13577,1.13587,1.57,1.00
2014.12.02 11:51:15.655,1.13577,1.13588,1.57,1.00
2014.12.02 11:51:22.917,1.13579,1.13589,1.34,1.00
2014.12.02 11:51:23.223,1.1358,1.13589,1.39,1.00
2014.12.02 11:51:23.737,1.1358,1.13591,2.21,1.69
2014.12.02 11:51:25.083,1.1358,1.13591,2.21,1.00
2014.12.02 11:51:25.437,1.13582,1.13593,2.10,1.00
2014.12.02 11:51:25.640,1.13587,1.13602,1.27,2.29
2014.12.02 11:51:25.741,1.13588,1.13601,2.21,1.31
2014.12.02 11:51:26.045,1.13588,1.13603,2.21,2.21
2014.12.02 11:51:28.048,1.13589,1.13602,1.46,1.76
2014.12.02 11:51:29.822,1.13588,1.13601,2.21,1.31
2014.12.02 11:51:38.834,1.13587,1.136,2.59,1.19
2014.12.02 11:51:40.842,1.13588,1.13601,1.46,1.31
2014.12.02 11:51:51.879,1.13588,1.13602,1.46,1.56
2014.12.02 11:51:52.873,1.13588,1.13601,2.21,1.31
2014.12.02 11:51:58.088,1.13588,1.13599,2.21,1.19
2014.12.02 11:51:58.593,1.13589,1.13597,1.17,1.00
2014.12.02 11:52:02.807,1.13589,1.13597,1.20,1.00
2014.12.02 11:52:06.874,1.13586,1.13597,1.12,1.00
2014.12.02 11:52:07.425,1.13584,1.13597,1.75,1.57
2014.12.02 11:52:08.877,1.13584,1.13597,1.82,1.50
2014.12.02 11:52:10.690,1.13584,1.13596,1.54,1.00
2014.12.02 11:52:10.993,1.13583,1.13594,1.54,1.00
2014.12.02 11:52:11.145,1.13582,1.13594,1.47,3.94
2014.12.02 11:52:11.807,1.13579,1.13594,2.21,4.09
2014.12.02 11:52:13.243,1.13579,1.13595,1.55,2.21
2014.12.02 11:52:13.868,1.13579,1.13595,1.55,2.29
2014.12.02 11:52:16.323,1.13579,1.13595,1.27,2.29
2014.12.02 11:52:17.845,1.13578,1.13592,1.77,1.00
2014.12.02 11:52:18.354,1.13579,1.13592,1.46,1.69
2014.12.02 11:52:27.009,1.13579,1.13593,3.26,1.00
2014.12.02 11:52:27.110,1.13582,1.13594,1.37,1.39
2014.12.02 11:52:27.414,1.13585,1.13601,3.04,3.71
2014.12.02 11:52:27.515,1.13586,1.13601,2.77,1.39
2014.12.02 11:52:29.745,1.13586,1.13601,3.34,1.71
2014.12.02 11:52:31.330,1.13586,1.136,1.91,1.46
2014.12.02 11:52:32.408,1.13586,1.13599,1.44,1.29
2014.12.02 11:52:37.589,1.13586,1.13599,2.21,1.29
2014.12.02 11:52:38.097,1.13586,1.13599,3.34,1.29
2014.12.02 11:52:38.834,1.13586,1.13601,3.34,1.34
2014.12.02 11:52:42.212,1.13587,1.13601,1.09,1.46
2014.12.02 11:52:42.728,1.13587,1.13601,1.09,1.46
2014.12.02 11:52:46.932,1.13586,1.136,1.46,1.46
2014.12.02 11:52:47.235,1.13598,1.13608,1.35,2.14
2014.12.02 11:52:47.286,1.13598,1.13608,1.72,1.12
2014.12.02 11:52:47.336,1.13599,1.13605,1.00,1.00
2014.12.02 11:52:47.641,1.13595,1.1361,3.71,2.32
2014.12.02 11:52:48.491,1.13602,1.13612,1.00,3.52
2014.12.02 11:52:48.644,1.13602,1.13611,1.00,1.10
2014.12.02 11:52:48.695,1.13598,1.13611,1.35,1.00
2014.12.02 11:52:48.898,1.13598,1.13611,1.00,2.70
2014.12.02 11:52:49.201,1.13597,1.13609,1.10,3.45
2014.12.02 11:52:49.741,1.13598,1.13609,3.00,3.45
2014.12.02 11:52:50.255,1.13597,1.13609,1.10,3.45
2014.12.02 11:52:56.147,1.13596,1.13609,1.00,2.70
2014.12.02 11:52:59.193,1.13596,1.1361,1.10,1.60
2014.12.02 11:52:59.731,1.13596,1.1361,1.07,1.55
2014.12.02 11:53:00.567,1.13596,1.13608,1.07,1.00
2014.12.02 11:53:00.618,1.13596,1.13605,1.07,1.00
2014.12.02 11:53:01.129,1.13594,1.13605,1.27,1.00
2014.12.02 11:53:01.231,1.13594,1.13605,1.10,1.10
2014.12.02 11:53:02.169,1.13594,1.13605,1.01,1.76
2014.12.02 11:53:10.139,1.13594,1.13604,1.00,1.69
2014.12.02 11:53:12.178,1.13594,1.13604,1.00,1.25
2014.12.02 11:53:12.834,1.13594,1.13602,1.00,1.00
2014.12.02 11:53:13.192,1.13594,1.13606,1.00,1.76
2014.12.02 11:53:13.624,1.13595,1.13606,1.37,1.76
2014.12.02 11:53:13.828,1.13598,1.13612,1.84,1.25
2014.12.02 11:53:13.878,1.13603,1.13616,1.00,5.02
2014.12.02 11:53:14.337,1.13604,1.13617,1.17,1.74
2014.12.02 11:53:14.842,1.13605,1.13616,1.57,1.57
2014.12.02 11:53:15.426,1.13604,1.13618,1.17,4.09
2014.12.02 11:53:15.839,1.13603,1.13618,1.20,8.44
2014.12.02 11:53:23.558,1.13605,1.13617,1.00,2.29
2014.12.02 11:53:24.164,1.13605,1.13617,1.17,1.91
2014.12.02 11:53:26.797,1.13605,1.13616,1.17,1.29
2014.12.02 11:53:27.844,1.13605,1.13617,1.17,1.91
2014.12.02 11:53:31.818,1.13605,1.13616,1.17,1.29
2014.12.02 11:53:37.509,1.13605,1.13616,1.00,1.36
2014.12.02 11:53:39.756,1.13605,1.13615,1.00,1.29
2014.12.02 11:53:42.774,1.13605,1.13617,1.50,1.91
2014.12.02 11:53:49.837,1.13607,1.13617,1.37,1.91
2014.12.02 11:53:50.090,1.1361,1.13624,1.84,3.86
2014.12.02 11:53:51.920,1.13609,1.13623,4.84,2.29
2014.12.02 11:53:54.515,1.1361,1.13622,1.36,1.12
2014.12.02 11:53:54.718,1.13609,1.13621,1.84,1.29
2014.12.02 11:53:56.156,1.13609,1.1362,1.27,1.25
2014.12.02 11:53:56.923,1.13609,1.1362,1.72,1.00
2014.12.02 11:53:58.604,1.13609,1.1362,1.09,1.69
2014.12.02 11:53:59.608,1.13609,1.1362,1.17,1.25
2014.12.02 11:54:00.120,1.1361,1.13622,2.51,1.15
2014.12.02 11:54:00.626,1.13612,1.13623,1.01,1.20
2014.12.02 11:54:01.049,1.1361,1.13623,1.87,2.21
2014.12.02 11:54:01.200,1.13607,1.13621,1.65,1.39
2014.12.02 11:54:01.453,1.13607,1.1362,1.20,3.26
2014.12.02 11:54:01.606,1.13607,1.1362,1.20,3.34
2014.12.02 11:54:04.269,1.13605,1.13619,1.46,1.36
2014.12.02 11:54:04.776,1.13605,1.13619,1.46,1.36
2014.12.02 11:54:07.780,1.13605,1.13619,1.84,1.36
2014.12.02 11:54:08.427,1.13605,1.13619,1.54,1.36
2014.12.02 11:54:10.523,1.13605,1.13619,1.84,1.36
2014.12.02 11:54:14.407,1.13606,1.13619,1.36,1.36
2014.12.02 11:54:26.939,1.13607,1.13619,1.65,2.59
2014.12.02 11:54:27.444,1.13607,1.13619,1.84,1.09
2014.12.02 11:54:28.786,1.13606,1.13619,1.09,1.36
2014.12.02 11:54:31.180,1.13605,1.13619,3.04,1.84
2014.12.02 11:54:33.849,1.13606,1.13618,1.76,1.34
2014.12.02 11:54:37.882,1.13606,1.13618,1.25,1.40
2014.12.02 11:54:38.840,1.13606,1.13618,1.69,1.84
2014.12.02 11:54:48.111,1.13606,1.13618,1.76,2.29
2014.12.02 11:54:56.924,1.13606,1.13617,1.09,1.29
2014.12.02 11:54:57.626,1.13605,1.13613,1.20,1.00
2014.12.02 11:54:57.929,1.13602,1.13612,1.10,1.32
2014.12.02 11:54:58.434,1.136,1.13612,4.69,1.22
2014.12.02 11:54:58.737,1.13598,1.13611,1.15,2.40
2014.12.02 11:54:58.940,1.13597,1.13613,2.32,7.01
2014.12.02 11:54:59.242,1.13599,1.13613,2.32,4.39
2014.12.02 11:54:59.749,1.13599,1.13612,2.32,1.01
2014.12.02 11:55:00.053,1.13599,1.13612,2.32,1.01
2014.12.02 11:55:00.590,1.13599,1.13612,2.32,1.01
2014.12.02 11:55:01.336,1.13599,1.13613,2.32,1.01
2014.12.02 11:55:06.083,1.13599,1.13612,2.32,1.01
2014.12.02 11:55:12.026,1.136,1.13613,1.17,1.01
2014.12.02 11:55:16.786,1.13599,1.13612,3.45,4.05
2014.12.02 11:55:18.431,1.13599,1.13611,2.32,1.70
2014.12.02 11:55:19.094,1.13598,1.13611,1.46,1.70
2014.12.02 11:55:22.050,1.13598,1.13611,1.46,1.61
2014.12.02 11:55:25.373,1.13598,1.13611,2.21,1.72
2014.12.02 11:55:25.474,1.13598,1.13611,2.29,1.42
2014.12.02 11:55:27.476,1.13598,1.1361,1.84,1.07
2014.12.02 11:55:35.617,1.13598,1.1361,1.40,1.00
2014.12.02 11:55:36.558,1.13599,1.1361,1.34,1.00
2014.12.02 11:55:36.659,1.136,1.13611,2.51,1.15
2014.12.02 11:55:39.738,1.13598,1.13612,6.64,1.77
2014.12.02 11:55:40.262,1.13598,1.13611,4.46,1.61
2014.12.02 11:55:42.013,1.13601,1.13611,1.10,1.15
2014.12.02 11:55:43.642,1.13601,1.13611,1.07,1.05
2014.12.02 11:55:44.174,1.13603,1.13612,1.00,1.70
2014.12.02 11:55:44.682,1.13601,1.13612,1.10,1.77
2014.12.02 11:55:45.669,1.136,1.13612,1.16,1.29
2014.12.02 11:55:46.023,1.13602,1.13616,1.10,1.84
2014.12.02 11:55:50.135,1.13602,1.13615,1.10,1.09
2014.12.02 11:55:50.701,1.13602,1.13615,1.10,1.40
2014.12.02 11:55:52.989,1.13602,1.13615,1.10,4.01
2014.12.02 11:55:53.527,1.13599,1.13613,1.16,1.46
2014.12.02 11:55:57.357,1.13599,1.13614,1.40,4.01
2014.12.02 11:55:57.942,1.13599,1.13614,1.16,3.71
2014.12.02 11:55:59.339,1.13599,1.13614,1.40,3.26
2014.12.02 11:56:04.304,1.13599,1.13613,1.40,1.54
2014.12.02 11:56:07.321,1.13599,1.13613,1.15,2.21
2014.12.02 11:56:08.088,1.13599,1.1361,1.07,2.62
2014.12.02 11:56:08.392,1.13599,1.13607,1.00,2.21
2014.12.02 11:56:08.594,1.13594,1.13607,1.00,7.69
2014.12.02 11:56:08.897,1.13592,1.13605,1.30,1.41
2014.12.02 11:56:09.201,1.13592,1.13603,1.20,1.39
2014.12.02 11:56:15.168,1.13596,1.13606,1.00,1.84
2014.12.02 11:56:15.321,1.13597,1.13607,1.00,2.06
2014.12.02 11:56:15.847,1.13597,1.13607,1.00,2.66
2014.12.02 11:56:17.322,1.13597,1.13605,1.00,1.26
2014.12.02 11:56:17.423,1.13595,1.13605,1.00,1.44
2014.12.02 11:56:17.625,1.13591,1.13605,2.29,1.54
2014.12.02 11:56:18.136,1.13591,1.13605,1.54,2.59
2014.12.02 11:56:19.664,1.13591,1.13603,1.54,1.29
2014.12.02 11:56:20.635,1.13591,1.13605,1.54,2.59
2014.12.02 11:56:28.746,1.13591,1.13604,2.59,1.39
2014.12.02 11:56:29.263,1.13591,1.13604,2.29,1.46
2014.12.02 11:56:29.918,1.13591,1.13604,2.59,1.39
2014.12.02 11:56:30.421,1.13591,1.13604,2.21,1.49
2014.12.02 11:56:30.827,1.13595,1.13604,1.00,1.46
2014.12.02 11:56:31.332,1.13595,1.13605,1.00,1.34
2014.12.02 11:56:31.909,1.13594,1.13605,1.00,1.34
2014.12.02 11:56:32.436,1.13593,1.13605,1.69,1.34
2014.12.02 11:56:32.945,1.13591,1.13604,1.54,1.39
2014.12.02 11:56:34.097,1.13591,1.13604,1.54,1.46
2014.12.02 11:56:50.868,1.13591,1.13605,2.29,2.59
2014.12.02 11:56:50.969,1.13591,1.13605,2.29,2.29
2014.12.02 11:56:51.874,1.13591,1.13605,1.54,1.54
2014.12.02 11:56:52.837,1.13591,1.13605,2.29,2.29
2014.12.02 11:56:54.904,1.13591,1.13606,1.54,2.29
2014.12.02 11:56:57.425,1.13591,1.13605,1.46,1.54
2014.12.02 11:56:57.526,1.1359,1.13603,1.36,2.40
2014.12.02 11:56:59.223,1.13589,1.13602,2.21,1.46
2014.12.02 11:57:13.646,1.1359,1.13598,1.20,1.00
2014.12.02 11:57:14.101,1.13596,1.13604,1.00,4.31
2014.12.02 11:57:14.303,1.13596,1.13607,1.50,1.74
2014.12.02 11:57:14.404,1.13596,1.13606,1.50,1.01
2014.12.02 11:57:14.656,1.13596,1.13606,1.00,1.09
2014.12.02 11:57:14.708,1.13593,1.13605,2.44,1.34
2014.12.02 11:57:14.910,1.13589,1.13604,7.31,1.49
2014.12.02 11:57:15.061,1.13589,1.13604,3.04,1.41
2014.12.02 11:57:17.124,1.13592,1.13602,1.00,1.99
2014.12.02 11:57:17.428,1.13587,1.13597,1.00,1.19
2014.12.02 11:57:17.941,1.13587,1.136,1.39,2.96
2014.12.02 11:57:18.042,1.13589,1.136,1.00,1.91
2014.12.02 11:57:18.547,1.1359,1.136,1.20,1.26
2014.12.02 11:57:19.720,1.13589,1.13601,1.10,2.14
2014.12.02 11:57:27.948,1.13589,1.13601,1.76,1.76
2014.12.02 11:57:28.951,1.13589,1.13601,1.01,1.30
2014.12.02 11:57:33.012,1.13589,1.136,1.76,1.20
2014.12.02 11:57:33.814,1.13591,1.136,1.00,1.12
2014.12.02 11:57:36.016,1.13592,1.13602,1.01,1.16
2014.12.02 11:57:36.168,1.13591,1.13603,2.21,1.76
2014.12.02 11:57:37.009,1.13591,1.13605,2.21,1.54
2014.12.02 11:57:38.015,1.13591,1.13604,2.21,1.39
2014.12.02 11:57:40.015,1.13591,1.13605,1.46,1.54
2014.12.02 11:57:43.000,1.13592,1.13605,1.29,1.54
2014.12.02 11:57:43.345,1.13595,1.13605,1.00,1.54
2014.12.02 11:57:43.699,1.136,1.13605,1.00,1.36
2014.12.02 11:57:44.003,1.13603,1.13615,1.50,1.09
2014.12.02 11:57:44.508,1.13603,1.13616,1.50,2.59
2014.12.02 11:57:45.019,1.13603,1.13616,1.50,2.29
2014.12.02 11:57:45.551,1.13603,1.13615,2.44,1.54
2014.12.02 11:57:46.511,1.13603,1.13616,1.69,2.29
2014.12.02 11:57:47.526,1.13603,1.13615,2.44,1.44
2014.12.02 11:57:49.567,1.13603,1.13616,1.69,1.91
2014.12.02 11:57:50.687,1.13604,1.13616,1.00,1.91
2014.12.02 11:57:54.027,1.13604,1.13615,1.00,2.59
2014.12.02 11:57:56.100,1.13603,1.13615,1.00,6.26
2014.12.02 11:58:20.516,1.13603,1.13613,1.00,1.01
2014.12.02 11:58:21.105,1.13603,1.13613,1.00,1.16
2014.12.02 11:58:21.632,1.13603,1.13613,1.10,1.20
2014.12.02 11:58:26.412,1.13603,1.13614,1.84,1.31
2014.12.02 11:58:26.463,1.13604,1.13616,1.39,1.27
2014.12.02 11:58:26.615,1.13608,1.13618,1.42,1.26
2014.12.02 11:58:26.666,1.13608,1.13619,2.17,4.46
2014.12.02 11:58:27.171,1.13609,1.13619,1.25,1.25
2014.12.02 11:58:33.909,1.13611,1.13621,1.00,1.00
2014.12.02 11:58:34.264,1.13611,1.13622,2.21,1.00
2014.12.02 11:58:34.568,1.13614,1.13624,1.00,1.01
2014.12.02 11:58:35.072,1.13613,1.13624,1.42,1.01
2014.12.02 11:58:35.385,1.13613,1.13624,1.54,2.29
2014.12.02 11:58:35.692,1.13611,1.13622,2.36,1.10
2014.12.02 11:58:36.519,1.13611,1.13621,1.54,1.10
2014.12.02 11:58:37.047,1.13611,1.13621,1.61,1.20
2014.12.02 11:58:39.402,1.13611,1.13621,1.67,1.20
2014.12.02 11:58:40.287,1.13611,1.13623,2.92,1.76
2014.12.02 11:58:40.389,1.13612,1.13624,1.39,1.25
2014.12.02 11:58:40.440,1.13614,1.13624,1.19,1.00
2014.12.02 11:58:40.946,1.13614,1.13626,1.26,1.84
2014.12.02 11:58:41.351,1.13613,1.13623,1.17,1.07
2014.12.02 11:58:41.452,1.13612,1.13623,1.61,3.07
2014.12.02 11:58:42.587,1.13614,1.13623,1.00,3.26
2014.12.02 11:58:43.091,1.13613,1.13623,1.00,3.26
2014.12.02 11:58:44.712,1.13613,1.13622,1.00,1.19
2014.12.02 11:58:44.965,1.13613,1.13623,1.01,1.09
2014.12.02 11:58:45.218,1.13612,1.13623,1.76,1.40
2014.12.02 11:58:46.733,1.13611,1.13623,1.35,1.84
2014.12.02 11:58:47.362,1.1361,1.13621,1.61,1.76
2014.12.02 11:58:51.075,1.13611,1.13621,2.10,1.29
2014.12.02 11:58:51.599,1.13611,1.13622,2.10,1.84
2014.12.02 11:59:00.326,1.13612,1.13623,1.60,1.29
2014.12.02 11:59:00.842,1.13613,1.13623,1.35,1.34
2014.12.02 11:59:01.354,1.13613,1.13621,1.35,1.29
2014.12.02 11:59:02.239,1.13613,1.13623,1.35,1.29
2014.12.02 11:59:02.846,1.13613,1.13624,1.42,1.25
2014.12.02 11:59:03.048,1.13615,1.13625,1.00,1.29
2014.12.02 11:59:03.756,1.13615,1.13627,1.00,1.91
2014.12.02 11:59:04.258,1.13615,1.13627,1.00,1.91
2014.12.02 11:59:06.735,1.13615,1.13627,1.69,1.91
2014.12.02 11:59:10.078,1.13618,1.13627,1.00,1.39
2014.12.02 11:59:10.280,1.13618,1.13629,1.10,1.39
2014.12.02 11:59:10.331,1.13621,1.13629,1.00,1.39
2014.12.02 11:59:10.838,1.13621,1.1363,1.00,1.29
2014.12.02 11:59:11.403,1.13618,1.1363,2.29,1.61
2014.12.02 11:59:11.908,1.13618,1.13629,1.09,1.19
2014.12.02 11:59:14.750,1.13618,1.1363,1.57,1.69
2014.12.02 11:59:15.003,1.13618,1.1363,1.10,1.76
2014.12.02 11:59:16.122,1.13619,1.1363,1.00,1.76
2014.12.02 11:59:16.634,1.13619,1.1363,1.00,1.46
2014.12.02 11:59:21.133,1.13618,1.1363,1.10,1.46
2014.12.02 11:59:22.221,1.13619,1.1363,1.00,1.46
2014.12.02 11:59:22.728,1.13619,1.1363,1.00,1.46
2014.12.02 11:59:26.911,1.1362,1.1363,1.00,1.26
2014.12.02 11:59:27.316,1.13621,1.13632,1.00,1.39
2014.12.02 11:59:27.436,1.13624,1.13632,1.07,1.00
2014.12.02 11:59:27.639,1.13625,1.13636,1.10,1.29
2014.12.02 11:59:28.674,1.13627,1.13636,1.00,1.29
2014.12.02 11:59:29.456,1.13627,1.13638,1.76,1.29
2014.12.02 11:59:33.950,1.13628,1.13638,1.00,1.29
2014.12.02 11:59:34.529,1.13628,1.13639,1.25,1.69
2014.12.02 11:59:39.106,1.13627,1.1364,1.01,2.81
2014.12.02 11:59:40.594,1.13627,1.13638,1.10,1.29
2014.12.02 11:59:40.696,1.1363,1.13639,1.00,1.36
2014.12.02 11:59:41.668,1.1363,1.13641,1.00,2.51
2014.12.02 11:59:47.697,1.1363,1.1364,1.00,1.29
2014.12.02 11:59:48.518,1.13631,1.1364,1.00,1.29
2014.12.02 11:59:48.720,1.13631,1.13642,1.00,1.76
2014.12.02 11:59:49.699,1.13631,1.13641,1.00,1.29
2014.12.02 11:59:50.956,1.13632,1.13641,1.00,1.29
2014.12.02 11:59:51.731,1.13632,1.13643,1.00,2.21
2014.12.02 11:59:55.785,1.13632,1.13642,1.00,1.29
