2008.01.09 02:00:01.525,1.0039,1.00425,0.10,1.20
2008.01.09 02:00:03.334,1.0039,1.00425,0.10,1.20
2008.01.09 02:00:06.546,1.0039,1.0042,0.10,0.60
2008.01.09 02:00:08.347,1.0039,1.0042,0.10,0.60
2008.01.09 02:00:08.979,1.00395,1.0042,0.10,1.20
2008.01.09 02:00:14.790,1.00395,1.00415,0.10,0.60
2008.01.09 02:00:15.492,1.00395,1.0042,0.10,1.20
2008.01.09 02:00:15.907,1.00395,1.0042,0.10,1.20
2008.01.09 02:00:16.540,1.00395,1.0042,0.10,1.20
2008.01.09 02:00:18.398,1.00395,1.0042,0.10,1.20
2008.01.09 02:00:21.638,1.00395,1.0042,0.10,1.20
2008.01.09 02:00:23.482,1.00395,1.00415,0.10,0.60
2008.01.09 02:00:26.573,1.00395,1.00415,0.10,0.60
2008.01.09 02:00:28.511,1.00395,1.0042,0.10,1.20
2008.01.09 02:00:28.770,1.00395,1.00415,0.10,0.60
2008.01.09 02:00:29.091,1.00395,1.00415,0.10,0.60
2008.01.09 02:00:31.576,1.00395,1.0042,0.10,1.20
2008.01.09 02:00:33.539,1.00395,1.00415,0.10,0.60
2008.01.09 02:00:36.577,1.00395,1.0042,0.10,1.20
2008.01.09 02:00:36.828,1.00395,1.00415,0.10,0.60
2008.01.09 02:00:38.580,1.00395,1.00415,0.10,0.60
2008.01.09 02:00:39.678,1.0038,1.0042,1.70,1.20
2008.01.09 02:00:41.685,1.0037,1.0044,7.20,4.80
2008.01.09 02:00:43.680,1.0037,1.0044,7.20,4.80
2008.01.09 02:00:46.605,1.0037,1.00435,7.20,4.00
2008.01.09 02:00:48.707,1.0037,1.00435,7.20,4.00
2008.01.09 02:00:51.706,1.0037,1.00435,7.20,4.00
2008.01.09 02:00:53.825,1.0038,1.00435,0.60,4.00
2008.01.09 02:00:56.655,1.0037,1.00435,7.20,4.00
2008.01.09 02:00:58.861,1.0038,1.00435,0.90,4.00
2008.01.09 02:01:01.294,1.0038,1.00435,1.90,4.00
2008.01.09 02:01:01.624,1.0038,1.00435,1.30,4.00
2008.01.09 02:01:03.959,1.0038,1.00435,2.10,4.00
2008.01.09 02:01:06.736,1.0037,1.00435,7.20,4.00
2008.01.09 02:01:08.980,1.0037,1.00435,7.20,4.00
2008.01.09 02:01:11.727,1.0037,1.00435,7.20,4.00
2008.01.09 02:01:14.006,1.0037,1.00435,7.20,4.00
2008.01.09 02:01:16.662,1.0038,1.00435,0.90,4.00
2008.01.09 02:01:19.075,1.0037,1.00435,7.20,4.00
2008.01.09 02:01:21.664,1.0038,1.00435,2.00,4.00
2008.01.09 02:01:24.184,1.0037,1.00435,7.20,4.00
2008.01.09 02:01:26.681,1.0038,1.00435,1.60,4.00
2008.01.09 02:01:29.644,1.0037,1.00435,7.20,4.00
2008.01.09 02:01:31.693,1.0038,1.00435,3.00,4.00
2008.01.09 02:01:34.689,1.0038,1.00435,5.60,4.00
2008.01.09 02:01:36.693,1.0038,1.00435,5.60,4.00
2008.01.09 02:01:37.680,1.0038,1.00435,0.70,4.00
2008.01.09 02:01:39.798,1.0038,1.00435,1.50,4.00
2008.01.09 02:01:41.702,1.0037,1.00435,7.20,4.00
2008.01.09 02:01:41.761,1.0037,1.00435,7.20,4.00
2008.01.09 02:01:44.909,1.0038,1.00435,2.10,4.00
2008.01.09 02:01:46.709,1.0037,1.00435,7.20,4.00
2008.01.09 02:01:49.946,1.0037,1.00435,7.20,4.00
2008.01.09 02:01:51.727,1.0037,1.00435,7.20,4.00
2008.01.09 02:01:54.978,1.0038,1.00435,2.60,4.00
2008.01.09 02:01:55.237,1.0038,1.0042,3.20,0.60
2008.01.09 02:01:55.495,1.0037,1.0042,2.80,0.60
2008.01.09 02:01:55.839,1.00365,1.0042,0.60,0.60
2008.01.09 02:01:56.098,1.00375,1.0042,0.40,0.60
2008.01.09 02:01:56.803,1.00365,1.0042,0.60,0.60
2008.01.09 02:01:56.921,1.00365,1.0042,0.60,0.60
2008.01.09 02:02:00.189,1.00365,1.0042,0.60,0.60
2008.01.09 02:02:01.613,1.00375,1.00415,0.50,0.60
2008.01.09 02:02:01.846,1.00375,1.00415,2.90,0.60
2008.01.09 02:02:02.080,1.00385,1.00415,0.10,0.60
2008.01.09 02:02:03.109,1.00375,1.00415,2.90,0.60
2008.01.09 02:02:03.774,1.00385,1.00415,0.10,0.60
2008.01.09 02:02:05.211,1.00375,1.00415,2.90,0.60
2008.01.09 02:02:06.750,1.00385,1.00415,0.10,0.60
2008.01.09 02:02:10.316,1.00385,1.00415,0.10,0.60
2008.01.09 02:02:11.843,1.00385,1.00415,0.10,0.60
2008.01.09 02:02:15.248,1.00385,1.00415,0.10,0.60
2008.01.09 02:02:16.758,1.00385,1.00415,0.10,0.60
2008.01.09 02:02:18.728,1.00375,1.0042,2.80,0.60
2008.01.09 02:02:18.871,1.00375,1.0042,0.60,0.60
2008.01.09 02:02:18.984,1.00375,1.0042,0.40,0.60
2008.01.09 02:02:19.153,1.00375,1.0042,0.40,0.60
2008.01.09 02:02:19.266,1.00375,1.0042,0.40,0.60
2008.01.09 02:02:19.378,1.00375,1.0042,0.40,0.60
2008.01.09 02:02:19.803,1.00375,1.0042,0.40,0.60
2008.01.09 02:02:20.183,1.00375,1.0042,0.40,0.60
2008.01.09 02:02:21.772,1.00375,1.0042,0.40,0.60
2008.01.09 02:02:25.388,1.00375,1.0042,0.40,0.60
2008.01.09 02:02:26.775,1.00375,1.0042,0.40,0.60
2008.01.09 02:02:30.422,1.00375,1.0042,0.40,0.60
2008.01.09 02:02:31.862,1.00375,1.0042,0.40,0.60
2008.01.09 02:02:33.049,1.00375,1.00425,0.40,18.00
2008.01.09 02:02:33.188,1.00375,1.00395,0.40,0.60
2008.01.09 02:02:33.382,1.00375,1.00395,0.40,0.60
2008.01.09 02:02:33.575,1.00375,1.00395,0.30,0.60
2008.01.09 02:02:33.767,1.00375,1.004,0.30,1.20
2008.01.09 02:02:34.068,1.00375,1.00395,0.30,0.60
2008.01.09 02:02:34.582,1.00375,1.00395,0.30,0.60
2008.01.09 02:02:35.350,1.00375,1.00395,0.30,0.60
2008.01.09 02:02:35.708,1.00375,1.00395,0.30,0.60
2008.01.09 02:02:36.833,1.00375,1.00395,0.30,0.60
2008.01.09 02:02:40.384,1.00375,1.00395,0.30,0.60
2008.01.09 02:02:41.819,1.00375,1.00395,0.30,0.60
2008.01.09 02:02:43.267,1.00375,1.00395,0.30,0.60
2008.01.09 02:02:44.043,1.00375,1.0039,0.30,0.60
2008.01.09 02:02:44.156,1.00375,1.0039,0.30,0.60
2008.01.09 02:02:45.404,1.00375,1.0039,0.30,0.60
2008.01.09 02:02:46.805,1.00375,1.0039,0.30,0.60
2008.01.09 02:02:50.523,1.00375,1.0039,0.30,0.60
2008.01.09 02:02:51.813,1.00375,1.0039,0.30,0.60
2008.01.09 02:02:54.010,1.00375,1.00395,0.30,0.60
2008.01.09 02:02:54.179,1.00375,1.00395,0.30,0.60
2008.01.09 02:02:54.342,1.00375,1.00395,0.30,0.60
2008.01.09 02:02:55.534,1.00375,1.00395,0.30,0.60
2008.01.09 02:02:56.824,1.00375,1.00395,0.30,0.60
2008.01.09 02:03:00.564,1.00375,1.00395,0.30,0.60
2008.01.09 02:03:01.940,1.00375,1.00395,0.30,0.60
2008.01.09 02:03:04.084,1.00375,1.0039,0.30,0.60
2008.01.09 02:03:04.140,1.00375,1.0039,0.30,0.60
2008.01.09 02:03:05.678,1.00375,1.0039,0.30,0.60
2008.01.09 02:03:06.851,1.00375,1.0039,0.30,0.60
2008.01.09 02:03:10.693,1.00375,1.0039,0.30,0.60
2008.01.09 02:03:11.242,1.00375,1.00395,0.30,0.20
2008.01.09 02:03:11.324,1.00375,1.00395,0.30,0.20
2008.01.09 02:03:11.546,1.00375,1.004,0.30,0.60
2008.01.09 02:03:11.770,1.00375,1.004,0.30,0.60
2008.01.09 02:03:11.994,1.00375,1.004,0.30,0.60
2008.01.09 02:03:12.481,1.00375,1.004,0.30,0.60
2008.01.09 02:03:12.729,1.00375,1.004,0.30,0.60
2008.01.09 02:03:15.635,1.00375,1.004,0.30,0.60
2008.01.09 02:03:16.896,1.00375,1.004,0.30,0.60
2008.01.09 02:03:20.693,1.0037,1.004,0.40,0.60
2008.01.09 02:03:20.727,1.0037,1.004,0.40,0.60
2008.01.09 02:03:21.878,1.00375,1.004,0.30,0.60
2008.01.09 02:03:25.756,1.00375,1.004,0.30,0.60
2008.01.09 02:03:26.874,1.0037,1.004,0.40,0.60
2008.01.09 02:03:30.879,1.0037,1.004,0.40,0.60
2008.01.09 02:03:31.895,1.00375,1.004,0.30,0.60
2008.01.09 02:03:35.891,1.0037,1.004,0.40,0.60
2008.01.09 02:03:36.893,1.00375,1.004,0.30,0.60
2008.01.09 02:03:40.834,1.0037,1.004,0.40,0.60
2008.01.09 02:03:41.917,1.0036,1.004,1.10,5.60
2008.01.09 02:03:43.480,1.00365,1.00395,0.60,0.60
2008.01.09 02:03:43.644,1.00365,1.00395,0.60,0.60
2008.01.09 02:03:43.828,1.00365,1.00395,0.60,0.60
2008.01.09 02:03:45.853,1.00375,1.00395,0.30,0.60
2008.01.09 02:03:46.794,1.00375,1.00395,0.30,0.60
2008.01.09 02:03:50.961,1.00375,1.00395,0.30,0.60
2008.01.09 02:03:51.923,1.00375,1.00395,0.30,0.60
2008.01.09 02:03:55.351,1.00365,1.00395,0.10,0.60
2008.01.09 02:03:55.576,1.00365,1.00395,0.10,0.60
2008.01.09 02:03:55.894,1.00365,1.00395,0.10,0.60
2008.01.09 02:03:56.960,1.00365,1.00395,0.10,0.60
2008.01.09 02:04:00.936,1.00365,1.00395,0.10,0.60
2008.01.09 02:04:00.993,1.00355,1.00395,2.60,0.60
2008.01.09 02:04:01.950,1.00365,1.00395,0.10,0.60
2008.01.09 02:04:05.950,1.00365,1.00395,0.10,0.60
2008.01.09 02:04:06.963,1.00365,1.00395,0.10,0.60
2008.01.09 02:04:10.984,1.00365,1.00395,0.10,0.60
2008.01.09 02:04:11.959,1.00365,1.00395,0.10,0.60
2008.01.09 02:04:16.005,1.0036,1.004,0.90,3.30
2008.01.09 02:04:17.056,1.0036,1.004,0.90,3.30
2008.01.09 02:04:21.024,1.0036,1.004,0.90,3.30
2008.01.09 02:04:21.979,1.0036,1.004,0.90,3.30
2008.01.09 02:04:27.184,1.00335,1.00415,0.80,4.00
2008.01.09 02:04:31.076,1.00335,1.00415,0.80,4.00
2008.01.09 02:04:32.074,1.00335,1.00415,0.80,4.00
2008.01.09 02:04:36.106,1.00335,1.00415,0.80,4.00
2008.01.09 02:04:37.080,1.00335,1.00415,0.80,4.00
2008.01.09 02:04:41.148,1.00335,1.00415,0.80,4.00
2008.01.09 02:04:42.026,1.00335,1.00415,0.80,4.00
2008.01.09 02:04:46.263,1.00335,1.00415,0.80,4.00
2008.01.09 02:04:47.015,1.00335,1.00415,0.80,4.00
2008.01.09 02:04:47.234,1.00335,1.00415,0.80,4.00
2008.01.09 02:04:47.457,1.00335,1.00415,0.80,4.00
2008.01.09 02:04:48.283,1.00335,1.00415,0.80,4.00
2008.01.09 02:04:51.283,1.00335,1.00415,0.80,4.00
2008.01.09 02:04:52.112,1.00335,1.00415,0.80,4.00
2008.01.09 02:04:52.973,1.0034,1.0037,0.10,0.60
2008.01.09 02:04:53.124,1.00355,1.0037,0.90,0.60
2008.01.09 02:04:53.271,1.00355,1.0037,0.90,0.60
2008.01.09 02:04:53.508,1.00345,1.0037,4.80,0.60
2008.01.09 02:04:53.655,1.00345,1.0037,4.80,0.60
2008.01.09 02:04:53.803,1.00345,1.0037,2.40,0.60
2008.01.09 02:04:53.998,1.00345,1.0037,2.40,0.60
2008.01.09 02:04:54.300,1.00345,1.0037,2.40,0.60
2008.01.09 02:04:55.022,1.00345,1.0037,2.40,0.60
2008.01.09 02:04:55.234,1.00345,1.0037,2.40,0.60
2008.01.09 02:04:56.313,1.00345,1.0037,2.40,0.60
2008.01.09 02:04:57.110,1.00345,1.0037,2.40,0.60
2008.01.09 02:05:01.435,1.00345,1.0037,2.40,0.60
2008.01.09 02:05:02.042,1.00345,1.0037,2.40,0.60
2008.01.09 02:05:02.528,1.00345,1.0037,2.40,0.60
2008.01.09 02:05:04.689,1.0034,1.0037,2.50,0.60
2008.01.09 02:05:05.539,1.0035,1.00375,0.10,4.90
2008.01.09 02:05:05.697,1.0035,1.0038,0.10,0.60
2008.01.09 02:05:05.855,1.00345,1.0038,0.30,0.60
2008.01.09 02:05:06.067,1.00345,1.0038,0.30,0.60
2008.01.09 02:05:06.225,1.00345,1.0038,0.30,0.60
2008.01.09 02:05:07.060,1.00345,1.0038,0.30,0.60
2008.01.09 02:05:07.344,1.00345,1.00375,0.30,0.60
2008.01.09 02:05:08.943,1.00345,1.00385,0.30,6.50
2008.01.09 02:05:09.111,1.00345,1.00385,1.80,0.90
2008.01.09 02:05:09.279,1.0035,1.00395,0.10,2.40
2008.01.09 02:05:09.447,1.00345,1.00395,5.00,2.40
2008.01.09 02:05:09.704,1.00345,1.00395,5.00,2.40
2008.01.09 02:05:09.902,1.00345,1.004,5.00,0.60
2008.01.09 02:05:11.393,1.0035,1.004,0.10,0.60
2008.01.09 02:05:11.595,1.0035,1.004,0.10,0.60
2008.01.09 02:05:12.063,1.0035,1.004,0.10,0.60
2008.01.09 02:05:15.740,1.00345,1.004,5.00,0.60
2008.01.09 02:05:16.016,1.00345,1.00405,5.00,16.90
2008.01.09 02:05:16.184,1.0035,1.00415,0.10,2.40
2008.01.09 02:05:16.296,1.00345,1.00415,13.00,2.40
2008.01.09 02:05:16.424,1.0035,1.00415,0.10,2.40
2008.01.09 02:05:16.614,1.0035,1.00415,0.10,2.40
2008.01.09 02:05:16.727,1.00345,1.0042,15.40,0.60
2008.01.09 02:05:17.080,1.00345,1.0042,15.40,0.60
2008.01.09 02:05:17.316,1.00345,1.0042,15.40,0.60
2008.01.09 02:05:17.607,1.00345,1.00375,13.80,4.00
2008.01.09 02:05:17.846,1.00345,1.00375,2.60,4.00
2008.01.09 02:05:18.245,1.0035,1.00375,0.10,4.00
2008.01.09 02:05:18.419,1.00345,1.00375,2.60,4.00
2008.01.09 02:05:18.592,1.00345,1.00375,2.60,4.00
2008.01.09 02:05:18.900,1.0035,1.00375,0.10,4.00
2008.01.09 02:05:19.078,1.0035,1.00375,0.10,4.00
2008.01.09 02:05:19.202,1.0035,1.00375,0.10,4.00
2008.01.09 02:05:19.332,1.00345,1.00375,2.60,4.00
2008.01.09 02:05:19.684,1.00345,1.00375,2.60,4.00
2008.01.09 02:05:20.261,1.00345,1.00375,2.60,4.00
2008.01.09 02:05:21.444,1.00345,1.00375,2.60,4.00
2008.01.09 02:05:22.076,1.00345,1.00375,2.60,4.00
2008.01.09 02:05:23.404,1.0035,1.00375,0.10,4.00
2008.01.09 02:05:25.282,1.00345,1.00375,2.60,4.00
2008.01.09 02:05:26.465,1.00345,1.00375,2.60,4.00
2008.01.09 02:05:26.821,1.0035,1.00375,0.10,4.00
2008.01.09 02:05:27.088,1.00345,1.00375,2.60,4.00
2008.01.09 02:05:31.490,1.00345,1.00375,2.60,4.00
2008.01.09 02:05:32.106,1.00345,1.00375,2.60,4.00
2008.01.09 02:05:36.528,1.0035,1.00375,0.10,4.00
2008.01.09 02:05:37.117,1.0035,1.00375,0.10,4.00
2008.01.09 02:05:41.634,1.0035,1.00375,0.10,4.00
2008.01.09 02:05:42.157,1.0035,1.00375,0.10,4.00
2008.01.09 02:05:42.571,1.0035,1.00375,0.10,4.00
2008.01.09 02:05:46.665,1.0035,1.00375,0.10,4.00
2008.01.09 02:05:46.940,1.0035,1.00385,0.10,7.20
2008.01.09 02:05:47.202,1.0035,1.00385,0.10,7.20
2008.01.09 02:05:49.524,1.0035,1.0039,0.10,7.20
2008.01.09 02:05:51.667,1.0035,1.00395,0.10,4.80
2008.01.09 02:05:52.236,1.0035,1.00395,0.10,4.80
2008.01.09 02:05:52.646,1.0035,1.00395,0.10,4.80
2008.01.09 02:05:55.523,1.0035,1.00395,0.10,4.80
2008.01.09 02:05:56.697,1.0035,1.0039,0.10,0.90
2008.01.09 02:05:57.138,1.0035,1.0039,0.10,0.80
2008.01.09 02:05:59.620,1.0035,1.00395,0.10,4.80
2008.01.09 02:06:01.735,1.0035,1.00395,0.10,4.80
2008.01.09 02:06:02.163,1.0035,1.00395,0.10,4.80
2008.01.09 02:06:06.772,1.0035,1.0039,0.10,0.80
2008.01.09 02:06:07.194,1.0035,1.0039,0.10,0.70
2008.01.09 02:06:09.200,1.0035,1.00385,0.10,5.60
2008.01.09 02:06:09.409,1.0035,1.00375,0.10,0.60
2008.01.09 02:06:11.730,1.0035,1.00385,0.10,6.40
2008.01.09 02:06:11.859,1.0035,1.00385,0.10,6.40
2008.01.09 02:06:12.154,1.0035,1.00385,0.10,0.80
2008.01.09 02:06:12.344,1.0035,1.00405,0.10,33.50
2008.01.09 02:06:12.472,1.0035,1.00395,0.10,0.80
2008.01.09 02:06:12.600,1.0035,1.00395,0.10,0.90
2008.01.09 02:06:12.728,1.0035,1.00395,0.10,0.70
2008.01.09 02:06:13.197,1.00345,1.00405,2.60,24.00
2008.01.09 02:06:13.315,1.00345,1.00405,2.90,24.00
2008.01.09 02:06:13.649,1.00345,1.00405,2.90,24.00
2008.01.09 02:06:13.982,1.00345,1.00405,2.90,24.00
2008.01.09 02:06:14.155,1.0035,1.00395,0.10,0.90
2008.01.09 02:06:14.267,1.0035,1.00405,0.10,0.60
2008.01.09 02:06:14.381,1.0035,1.00405,0.10,0.60
2008.01.09 02:06:14.521,1.00345,1.00415,13.30,20.80
2008.01.09 02:06:14.713,1.0035,1.00415,0.10,0.80
2008.01.09 02:06:14.825,1.0035,1.00415,0.10,0.90
2008.01.09 02:06:15.048,1.00345,1.0042,15.70,17.40
2008.01.09 02:06:15.327,1.0035,1.0042,0.40,17.40
2008.01.09 02:06:15.599,1.0035,1.0042,0.40,17.40
2008.01.09 02:06:15.872,1.0035,1.0042,0.40,17.40
2008.01.09 02:06:16.539,1.00355,1.00415,0.30,16.80
2008.01.09 02:06:16.818,1.00355,1.00415,0.30,16.80
2008.01.09 02:06:17.177,1.00355,1.00415,0.30,16.80
2008.01.09 02:06:21.846,1.00355,1.00415,0.30,16.80
2008.01.09 02:06:22.175,1.0035,1.00415,0.40,16.80
2008.01.09 02:06:24.732,1.0035,1.00415,0.40,16.80
2008.01.09 02:06:26.881,1.00355,1.00415,0.30,16.80
2008.01.09 02:06:27.209,1.0035,1.00415,0.40,16.80
2008.01.09 02:06:31.997,1.0036,1.0041,0.30,16.80
2008.01.09 02:06:32.202,1.0035,1.0041,16.70,16.80
2008.01.09 02:06:37.019,1.0036,1.0041,0.30,16.80
2008.01.09 02:06:37.220,1.0036,1.0041,0.30,16.80
2008.01.09 02:06:42.124,1.0036,1.0041,0.30,16.80
2008.01.09 02:06:47.152,1.0034,1.00425,4.80,4.00
2008.01.09 02:06:52.171,1.0034,1.00425,4.80,4.00
2008.01.09 02:07:06.188,1.00345,1.0043,0.80,4.80
2008.01.09 02:07:07.250,1.00345,1.0043,0.80,4.80
2008.01.09 02:07:12.280,1.00345,1.00425,0.80,0.90
2008.01.09 02:07:12.383,1.00345,1.0043,0.80,4.80
2008.01.09 02:07:12.827,1.00345,1.0043,0.80,4.80
2008.01.09 02:07:13.768,1.00345,1.0043,0.80,4.80
2008.01.09 02:07:13.843,1.0035,1.00385,0.10,2.60
2008.01.09 02:07:13.916,1.00355,1.00385,0.30,6.80
2008.01.09 02:07:13.990,1.00355,1.00385,0.20,6.80
2008.01.09 02:07:14.063,1.00355,1.00385,0.20,6.80
2008.01.09 02:07:14.599,1.00355,1.00385,0.30,6.80
2008.01.09 02:07:15.081,1.00355,1.00385,0.30,6.80
2008.01.09 02:07:15.907,1.00355,1.00385,0.30,7.60
2008.01.09 02:07:16.030,1.00355,1.00385,0.30,7.60
2008.01.09 02:07:17.286,1.00355,1.00385,0.30,7.60
2008.01.09 02:07:22.293,1.00355,1.00385,0.30,7.60
2008.01.09 02:07:27.391,1.00355,1.0038,0.30,0.60
2008.01.09 02:07:32.314,1.00355,1.0038,0.30,0.60
2008.01.09 02:07:32.459,1.00355,1.0038,0.30,0.60
2008.01.09 02:07:33.595,1.00355,1.00385,0.30,7.60
2008.01.09 02:07:34.424,1.00355,1.0038,0.20,0.60
2008.01.09 02:07:37.318,1.00355,1.0038,0.20,0.60
2008.01.09 02:07:37.497,1.00355,1.0038,0.20,0.60
2008.01.09 02:07:40.018,1.00355,1.0038,0.20,0.60
2008.01.09 02:07:42.331,1.00355,1.0038,0.20,0.60
2008.01.09 02:07:42.618,1.00355,1.0038,0.20,0.60
2008.01.09 02:07:47.431,1.0036,1.0038,0.20,0.90
2008.01.09 02:07:47.730,1.0036,1.0038,0.20,0.90
2008.01.09 02:07:52.349,1.0036,1.0038,0.20,0.90
2008.01.09 02:07:52.773,1.0036,1.0038,0.20,0.90
2008.01.09 02:07:57.422,1.0036,1.0038,0.20,0.90
2008.01.09 02:07:57.904,1.0036,1.0038,0.20,0.90
2008.01.09 02:08:01.371,1.0036,1.0038,0.20,0.90
2008.01.09 02:08:02.353,1.0036,1.0038,0.20,0.90
2008.01.09 02:08:02.946,1.0036,1.0038,0.20,0.90
2008.01.09 02:08:07.450,1.00345,1.00405,0.80,0.80
2008.01.09 02:08:08.067,1.00345,1.00405,0.80,0.80
2008.01.09 02:08:09.681,1.00345,1.0038,0.80,5.60
2008.01.09 02:08:10.042,1.00345,1.0038,0.80,5.60
2008.01.09 02:08:10.230,1.00345,1.0038,1.60,5.60
2008.01.09 02:08:10.471,1.00345,1.0038,1.60,5.60
2008.01.09 02:08:12.389,1.00345,1.0038,1.60,5.60
2008.01.09 02:08:13.184,1.00345,1.0038,1.60,5.60
2008.01.09 02:08:13.835,1.00345,1.0038,1.60,5.60
2008.01.09 02:08:14.060,1.00345,1.0038,1.60,5.60
2008.01.09 02:08:14.363,1.0035,1.0038,1.20,6.50
2008.01.09 02:08:17.466,1.0035,1.0038,1.20,6.50
2008.01.09 02:08:18.224,1.0035,1.0038,1.20,6.50
2008.01.09 02:08:22.488,1.0035,1.0038,1.20,6.50
2008.01.09 02:08:23.252,1.0035,1.0038,1.20,6.50
2008.01.09 02:08:27.060,1.0036,1.0038,0.40,6.50
2008.01.09 02:08:27.235,1.0036,1.0038,0.40,6.50
2008.01.09 02:08:27.397,1.0036,1.0038,0.40,6.50
2008.01.09 02:08:28.286,1.0036,1.0038,0.40,6.50
2008.01.09 02:08:32.823,1.0036,1.0038,0.40,6.50
2008.01.09 02:08:33.327,1.0036,1.0038,0.40,6.50
2008.01.09 02:08:37.411,1.0036,1.0038,0.40,6.50
2008.01.09 02:08:38.027,1.0036,1.0039,0.40,23.30
2008.01.09 02:08:38.368,1.0036,1.0039,0.40,23.30
2008.01.09 02:08:42.520,1.0036,1.0039,0.40,15.30
2008.01.09 02:08:43.397,1.0036,1.0038,0.40,0.90
2008.01.09 02:08:47.430,1.0036,1.0038,0.40,0.90
2008.01.09 02:08:48.431,1.0036,1.0039,0.40,15.30
2008.01.09 02:08:50.357,1.00355,1.00375,0.40,0.60
2008.01.09 02:08:50.455,1.00355,1.00375,0.40,0.60
2008.01.09 02:08:50.554,1.00355,1.00375,0.40,0.70
2008.01.09 02:08:50.829,1.00355,1.00375,0.40,0.50
2008.01.09 02:08:51.037,1.00355,1.00375,0.40,0.60
2008.01.09 02:08:51.538,1.00355,1.00375,0.40,0.80
2008.01.09 02:08:52.414,1.00355,1.00375,0.40,0.80
2008.01.09 02:08:52.540,1.00355,1.00385,0.40,10.00
2008.01.09 02:08:52.654,1.00355,1.0038,0.40,0.60
2008.01.09 02:08:52.767,1.00355,1.00385,0.40,7.60
2008.01.09 02:08:53.472,1.00355,1.00385,0.40,7.60
2008.01.09 02:08:53.677,1.00355,1.00385,0.40,7.60
2008.01.09 02:08:57.538,1.00355,1.00385,0.40,7.60
2008.01.09 02:08:58.499,1.00355,1.00385,0.40,7.60
2008.01.09 02:09:00.339,1.00355,1.00385,0.40,7.60
2008.01.09 02:09:02.473,1.00355,1.0038,0.40,0.60
2008.01.09 02:09:03.625,1.00355,1.00385,0.40,7.60
2008.01.09 02:09:06.185,1.00355,1.00385,0.40,8.20
2008.01.09 02:09:07.565,1.00355,1.00385,0.40,7.60
2008.01.09 02:09:08.664,1.00355,1.00385,0.40,7.60
2008.01.09 02:09:12.478,1.00355,1.00385,0.40,7.60
2008.01.09 02:09:13.699,1.00355,1.00385,0.40,7.60
2008.01.09 02:09:17.486,1.00355,1.0038,0.40,0.60
2008.01.09 02:09:18.718,1.00355,1.00385,0.40,7.60
2008.01.09 02:09:22.604,1.0036,1.0038,0.40,0.60
2008.01.09 02:09:23.745,1.0035,1.004,0.80,0.70
2008.01.09 02:09:27.507,1.0035,1.00405,0.80,8.80
2008.01.09 02:09:28.828,1.0035,1.004,0.80,0.60
2008.01.09 02:09:34.918,1.0036,1.0038,0.50,0.90
2008.01.09 02:09:35.337,1.0036,1.0039,0.50,15.30
2008.01.09 02:09:36.379,1.0036,1.0038,0.20,0.90
2008.01.09 02:09:36.572,1.0036,1.0038,0.20,0.90
2008.01.09 02:09:37.170,1.0036,1.0038,0.30,0.90
2008.01.09 02:09:37.532,1.0036,1.0038,0.30,0.90
2008.01.09 02:09:40.701,1.0036,1.0038,0.30,0.90
2008.01.09 02:09:42.533,1.0036,1.0038,0.30,0.90
2008.01.09 02:09:45.390,1.0036,1.0038,0.30,0.90
2008.01.09 02:09:45.582,1.0036,1.0038,0.30,0.90
2008.01.09 02:09:45.730,1.0036,1.0038,0.30,0.90
2008.01.09 02:09:46.229,1.0037,1.0038,0.50,0.90
2008.01.09 02:09:46.381,1.0037,1.0038,0.50,0.90
2008.01.09 02:09:46.534,1.00365,1.00385,0.50,1.40
2008.01.09 02:09:46.706,1.00365,1.00385,0.50,7.00
2008.01.09 02:09:46.895,1.00365,1.00385,0.50,6.80
2008.01.09 02:09:47.129,1.00365,1.00385,0.50,5.20
2008.01.09 02:09:47.364,1.00365,1.00385,0.50,4.40
2008.01.09 02:09:47.623,1.00365,1.00385,0.50,4.40
2008.01.09 02:09:47.892,1.00365,1.00385,0.50,5.20
2008.01.09 02:09:48.131,1.00365,1.00385,0.50,6.80
2008.01.09 02:09:49.077,1.00365,1.00385,0.50,6.80
2008.01.09 02:09:50.948,1.00365,1.00385,0.50,6.80
2008.01.09 02:09:52.001,1.00365,1.00385,0.50,6.80
2008.01.09 02:09:52.129,1.00355,1.00385,0.40,6.80
2008.01.09 02:09:52.258,1.00365,1.00385,0.50,6.80
2008.01.09 02:09:52.386,1.00365,1.00385,0.50,6.80
2008.01.09 02:09:52.598,1.00365,1.00385,0.50,6.80
2008.01.09 02:09:53.340,1.00365,1.00385,0.50,6.80
2008.01.09 02:09:53.555,1.00365,1.00385,0.50,6.80
2008.01.09 02:09:55.960,1.00365,1.00385,0.50,6.80
2008.01.09 02:09:57.398,1.00365,1.0038,0.50,0.60
2008.01.09 02:09:57.526,1.00365,1.0038,0.50,0.60
2008.01.09 02:10:00.641,1.00365,1.0038,0.50,0.60
2008.01.09 02:10:00.929,1.00365,1.0038,0.50,0.60
2008.01.09 02:10:01.133,1.00365,1.0038,0.50,0.60
2008.01.09 02:10:02.613,1.00365,1.0038,0.50,0.60
2008.01.09 02:10:03.438,1.0036,1.0038,0.90,0.60
2008.01.09 02:10:03.661,1.0036,1.0038,0.10,0.60
2008.01.09 02:10:04.583,1.0036,1.0038,0.10,0.60
2008.01.09 02:10:06.016,1.0036,1.0038,0.10,0.60
2008.01.09 02:10:07.049,1.0036,1.00385,0.10,8.90
2008.01.09 02:10:07.248,1.0036,1.00385,0.10,0.20
2008.01.09 02:10:07.421,1.0036,1.0039,0.10,2.00
2008.01.09 02:10:07.680,1.00365,1.00385,0.10,0.60
2008.01.09 02:10:07.852,1.00365,1.00385,0.10,0.60
2008.01.09 02:10:10.081,1.00365,1.00385,0.10,0.60
2008.01.09 02:10:10.259,1.00365,1.0039,0.10,0.80
2008.01.09 02:10:10.437,1.00365,1.00395,0.10,9.20
2008.01.09 02:10:10.616,1.00365,1.00395,0.10,8.40
2008.01.09 02:10:10.794,1.00365,1.00395,0.30,6.80
2008.01.09 02:10:10.971,1.00365,1.00395,0.30,6.80
2008.01.09 02:10:11.147,1.00365,1.00395,0.30,6.80
2008.01.09 02:10:11.298,1.00365,1.00395,0.30,6.80
2008.01.09 02:10:11.559,1.00365,1.00395,0.30,6.80
2008.01.09 02:10:12.581,1.00365,1.00395,0.30,6.80
2008.01.09 02:10:13.106,1.00365,1.00395,0.30,7.60
2008.01.09 02:10:13.264,1.00365,1.00395,0.30,9.20
2008.01.09 02:10:13.422,1.00365,1.00395,0.30,9.20
2008.01.09 02:10:16.065,1.00365,1.00395,0.30,9.20
2008.01.09 02:10:17.481,1.0037,1.0039,0.10,0.60
2008.01.09 02:10:17.674,1.0037,1.0039,0.10,0.60
2008.01.09 02:10:21.082,1.0037,1.0039,0.10,0.60
2008.01.09 02:10:22.666,1.0037,1.0039,0.10,0.60
2008.01.09 02:10:26.104,1.0037,1.0039,0.10,0.60
2008.01.09 02:10:26.289,1.0037,1.0039,0.10,0.60
2008.01.09 02:10:26.585,1.0037,1.0039,0.10,0.60
2008.01.09 02:10:27.609,1.0037,1.0039,0.10,0.60
2008.01.09 02:10:31.155,1.0037,1.0039,0.10,0.60
2008.01.09 02:10:32.723,1.0037,1.0039,0.10,0.60
2008.01.09 02:10:36.179,1.0037,1.0039,0.10,0.60
2008.01.09 02:10:37.635,1.0037,1.0039,0.10,0.60
2008.01.09 02:10:40.293,1.0037,1.0039,0.10,0.60
2008.01.09 02:10:41.292,1.0037,1.0039,0.10,0.60
2008.01.09 02:10:42.725,1.0037,1.0039,0.10,0.60
2008.01.09 02:10:46.222,1.0037,1.0039,0.10,0.60
2008.01.09 02:10:47.649,1.0037,1.004,0.40,6.50
2008.01.09 02:10:48.634,1.0037,1.00395,0.40,2.50
2008.01.09 02:10:48.838,1.0037,1.00395,0.40,6.50
2008.01.09 02:10:49.347,1.0037,1.0039,0.40,0.70
2008.01.09 02:10:49.551,1.0037,1.00395,0.20,6.50
2008.01.09 02:10:49.629,1.0037,1.00395,0.20,6.50
2008.01.09 02:10:51.260,1.0037,1.00395,0.20,6.50
2008.01.09 02:10:52.756,1.0037,1.00395,0.20,6.50
2008.01.09 02:10:56.277,1.0037,1.00395,0.20,6.50
2008.01.09 02:10:57.231,1.0037,1.00395,0.20,6.50
2008.01.09 02:10:57.676,1.0037,1.00395,0.20,6.50
2008.01.09 02:11:01.026,1.0037,1.00395,0.50,6.50
2008.01.09 02:11:01.313,1.0037,1.0039,0.50,0.50
2008.01.09 02:11:01.466,1.0037,1.00395,0.50,6.50
2008.01.09 02:11:02.054,1.0037,1.00395,0.50,6.50
2008.01.09 02:11:02.283,1.0037,1.0039,0.50,0.90
2008.01.09 02:11:02.768,1.0037,1.0039,0.50,0.70
2008.01.09 02:11:06.349,1.0037,1.0039,0.50,0.70
2008.01.09 02:11:06.437,1.0036,1.00395,10.20,6.50
2008.01.09 02:11:07.682,1.0037,1.0039,0.50,0.60
2008.01.09 02:11:10.173,1.0037,1.0039,0.50,4.90
2008.01.09 02:11:10.345,1.0037,1.0039,0.50,4.90
2008.01.09 02:11:10.584,1.0037,1.0039,0.50,5.70
2008.01.09 02:11:10.807,1.0037,1.0039,0.50,5.70
2008.01.09 02:11:11.368,1.0037,1.0039,0.50,5.70
2008.01.09 02:11:11.797,1.0037,1.0039,0.50,5.70
2008.01.09 02:11:12.699,1.0037,1.0039,0.50,5.70
2008.01.09 02:11:16.407,1.0036,1.0039,10.20,5.70
2008.01.09 02:11:17.799,1.0037,1.0039,0.50,5.70
2008.01.09 02:11:20.635,1.0036,1.0039,0.60,0.60
2008.01.09 02:11:20.792,1.0036,1.0039,0.60,0.60
2008.01.09 02:11:20.887,1.0036,1.0039,0.40,0.60
2008.01.09 02:11:20.979,1.0036,1.0039,0.40,1.20
2008.01.09 02:11:21.073,1.0036,1.0039,0.40,2.00
2008.01.09 02:11:21.424,1.0036,1.0039,0.40,2.00
2008.01.09 02:11:22.037,1.0036,1.0039,0.40,2.00
2008.01.09 02:11:22.704,1.00365,1.0039,0.30,2.00
2008.01.09 02:11:26.450,1.0036,1.0039,0.40,2.00
2008.01.09 02:11:26.577,1.00365,1.0039,0.30,2.00
2008.01.09 02:11:26.754,1.0036,1.0039,0.40,2.00
2008.01.09 02:11:27.728,1.0036,1.0039,0.40,2.00
2008.01.09 02:11:29.157,1.00355,1.0039,2.30,1.60
2008.01.09 02:11:29.435,1.00355,1.00395,2.30,9.40
2008.01.09 02:11:29.629,1.00365,1.00395,0.50,9.20
2008.01.09 02:11:29.717,1.0037,1.00395,0.10,8.00
2008.01.09 02:11:29.806,1.0037,1.004,0.10,2.00
2008.01.09 02:11:30.054,1.00365,1.004,0.70,2.00
2008.01.09 02:11:30.367,1.00365,1.004,0.70,2.00
2008.01.09 02:11:30.570,1.0037,1.004,0.10,2.00
2008.01.09 02:11:31.474,1.0037,1.004,0.10,2.00
2008.01.09 02:11:32.734,1.00365,1.004,0.70,2.00
2008.01.09 02:11:33.719,1.00355,1.00395,12.60,0.60
2008.01.09 02:11:33.962,1.00355,1.00395,10.30,6.80
2008.01.09 02:11:34.072,1.00355,1.00395,10.30,6.80
2008.01.09 02:11:34.464,1.00365,1.00395,0.40,6.80
2008.01.09 02:11:34.823,1.00365,1.00395,0.40,6.80
2008.01.09 02:11:34.989,1.00365,1.00395,0.40,6.80
2008.01.09 02:11:36.589,1.00365,1.00395,0.40,6.80
2008.01.09 02:11:37.741,1.00365,1.00395,0.40,6.80
2008.01.09 02:11:41.621,1.00365,1.00395,0.40,6.80
2008.01.09 02:11:42.744,1.00365,1.00395,0.40,6.80
2008.01.09 02:11:46.691,1.00365,1.00395,0.40,6.80
2008.01.09 02:11:47.252,1.00365,1.0039,0.30,0.60
2008.01.09 02:11:47.425,1.00365,1.0039,0.30,1.20
2008.01.09 02:11:47.599,1.00365,1.0039,0.30,2.00
2008.01.09 02:11:48.332,1.00365,1.0039,0.30,2.00
2008.01.09 02:11:51.715,1.00365,1.0039,0.30,2.00
2008.01.09 02:11:52.850,1.00365,1.0039,0.30,2.00
2008.01.09 02:11:56.828,1.00365,1.0039,0.30,2.00
2008.01.09 02:11:57.774,1.00365,1.0039,0.30,2.00
2008.01.09 02:12:01.857,1.00365,1.0039,0.30,2.00
2008.01.09 02:12:02.785,1.00365,1.0039,0.30,2.00
2008.01.09 02:12:06.011,1.00365,1.0039,0.30,2.00
2008.01.09 02:12:06.322,1.00365,1.0039,0.30,2.00
2008.01.09 02:12:06.877,1.00365,1.0039,0.30,2.00
2008.01.09 02:12:07.872,1.00365,1.0039,0.30,2.00
2008.01.09 02:12:09.323,1.00365,1.0039,0.40,1.60
2008.01.09 02:12:09.433,1.00365,1.0039,0.50,1.60
2008.01.09 02:12:09.543,1.00365,1.0039,0.50,0.80
2008.01.09 02:12:09.651,1.00365,1.00395,0.50,0.60
2008.01.09 02:12:09.806,1.00365,1.00395,0.50,0.60
2008.01.09 02:12:09.993,1.00365,1.00395,0.50,0.60
2008.01.09 02:12:10.521,1.00365,1.00395,0.50,0.60
2008.01.09 02:12:10.830,1.00365,1.00395,0.50,0.60
2008.01.09 02:12:10.994,1.00365,1.00395,0.50,0.60
2008.01.09 02:12:11.283,1.00365,1.00385,0.40,0.60
2008.01.09 02:12:11.452,1.00365,1.00385,0.40,6.00
2008.01.09 02:12:11.546,1.00365,1.00385,0.30,6.80
2008.01.09 02:12:11.770,1.00365,1.00385,0.30,6.80
2008.01.09 02:12:11.894,1.00365,1.00385,0.30,6.80
2008.01.09 02:12:11.987,1.00365,1.00385,0.30,6.80
2008.01.09 02:12:12.545,1.00365,1.00385,0.30,6.80
2008.01.09 02:12:16.547,1.00365,1.00385,0.30,6.80
2008.01.09 02:12:16.696,1.00355,1.00385,0.10,6.80
2008.01.09 02:12:16.844,1.0035,1.0038,0.10,0.60
2008.01.09 02:12:17.031,1.0035,1.0038,0.10,1.20
2008.01.09 02:12:17.113,1.0035,1.0038,0.10,2.00
2008.01.09 02:12:17.196,1.0035,1.0038,0.10,2.00
2008.01.09 02:12:17.280,1.0035,1.0038,0.10,2.00
2008.01.09 02:12:17.376,1.0035,1.0038,0.10,2.00
2008.01.09 02:12:17.459,1.0035,1.0038,0.10,2.00
2008.01.09 02:12:17.564,1.0035,1.0038,0.10,2.00
2008.01.09 02:12:17.872,1.0035,1.0038,0.10,2.00
2008.01.09 02:12:18.189,1.0035,1.0038,0.10,2.00
2008.01.09 02:12:18.592,1.0035,1.0038,0.10,2.00
2008.01.09 02:12:19.496,1.0035,1.0038,0.10,2.00
2008.01.09 02:12:20.007,1.0035,1.0038,0.10,2.00
2008.01.09 02:12:21.954,1.0035,1.0038,0.10,2.00
2008.01.09 02:12:22.813,1.0035,1.0038,0.10,2.00
2008.01.09 02:12:26.654,1.0035,1.0038,0.10,2.00
2008.01.09 02:12:26.857,1.0035,1.0038,0.10,2.00
2008.01.09 02:12:27.001,1.0035,1.0038,0.10,2.00
2008.01.09 02:12:27.816,1.0035,1.0038,0.10,2.00
2008.01.09 02:12:32.126,1.0035,1.0038,0.10,2.00
2008.01.09 02:12:32.881,1.0035,1.0038,0.10,2.00
2008.01.09 02:12:37.143,1.0035,1.0038,0.10,2.00
2008.01.09 02:12:37.841,1.0035,1.0038,0.10,2.00
2008.01.09 02:12:41.362,1.00355,1.0038,0.80,2.00
2008.01.09 02:12:41.485,1.0036,1.0038,0.10,0.80
2008.01.09 02:12:41.608,1.0036,1.0039,0.10,2.00
2008.01.09 02:12:41.766,1.0036,1.0039,0.10,2.00
2008.01.09 02:12:41.924,1.0036,1.0039,0.10,2.00
2008.01.09 02:12:42.074,1.0036,1.0039,0.10,2.00
2008.01.09 02:12:42.365,1.00355,1.0038,0.90,0.60
2008.01.09 02:12:42.502,1.00355,1.0038,0.20,1.20
2008.01.09 02:12:42.641,1.0035,1.0038,0.10,1.20
2008.01.09 02:12:42.780,1.0035,1.0038,0.10,2.00
2008.01.09 02:12:42.953,1.0035,1.0038,0.10,2.00
2008.01.09 02:12:43.283,1.0035,1.0038,0.10,2.00
2008.01.09 02:12:43.566,1.0035,1.0038,0.10,2.00
2008.01.09 02:12:45.319,1.0036,1.0038,0.10,1.60
2008.01.09 02:12:45.462,1.0036,1.0038,0.10,1.60
2008.01.09 02:12:45.605,1.0036,1.0039,0.10,2.00
2008.01.09 02:12:45.748,1.0036,1.0039,0.10,2.00
2008.01.09 02:12:45.972,1.0036,1.0039,0.10,2.00
2008.01.09 02:12:46.567,1.0036,1.0039,0.10,2.00
2008.01.09 02:12:47.100,1.0036,1.0039,0.10,2.00
2008.01.09 02:12:47.948,1.0036,1.0039,0.10,2.00
2008.01.09 02:12:51.447,1.0036,1.0039,0.10,2.00
2008.01.09 02:12:51.565,1.0036,1.0039,0.10,2.00
2008.01.09 02:12:51.862,1.0037,1.0039,0.10,1.60
2008.01.09 02:12:51.954,1.0037,1.0039,0.10,0.80
2008.01.09 02:12:52.022,1.0037,1.0039,0.10,0.80
2008.01.09 02:12:52.123,1.0037,1.0039,0.10,0.80
2008.01.09 02:12:52.191,1.0037,1.004,0.10,2.00
2008.01.09 02:12:52.300,1.0037,1.004,0.10,2.00
2008.01.09 02:12:52.565,1.0037,1.004,0.10,2.00
2008.01.09 02:12:52.860,1.0037,1.004,0.10,2.00
2008.01.09 02:12:53.124,1.0037,1.004,0.10,2.00
2008.01.09 02:12:53.244,1.0037,1.00405,0.10,9.80
2008.01.09 02:12:53.387,1.0037,1.004,0.10,0.60
2008.01.09 02:12:53.640,1.0037,1.00405,0.10,9.80
2008.01.09 02:12:53.843,1.00365,1.00405,0.20,9.80
2008.01.09 02:12:54.036,1.00355,1.00405,6.40,18.60
2008.01.09 02:12:54.229,1.00355,1.00405,2.40,18.00
2008.01.09 02:12:54.422,1.00355,1.00405,2.40,18.00
2008.01.09 02:12:54.606,1.0035,1.004,0.10,0.60
2008.01.09 02:12:57.190,1.0035,1.00405,0.10,18.80
2008.01.09 02:12:57.903,1.0035,1.004,0.10,0.60
2008.01.09 02:13:02.208,1.0035,1.004,0.10,0.60
2008.01.09 02:13:02.882,1.0035,1.004,0.10,0.60
2008.01.09 02:13:07.244,1.0035,1.00405,0.10,18.80
2008.01.09 02:13:07.986,1.0035,1.00405,0.10,18.80
2008.01.09 02:13:10.848,1.00355,1.0039,0.10,1.20
2008.01.09 02:13:10.960,1.00355,1.00385,0.10,0.60
2008.01.09 02:13:11.074,1.00355,1.00385,0.10,0.60
2008.01.09 02:13:11.187,1.00355,1.0039,0.10,1.20
2008.01.09 02:13:11.317,1.00355,1.0039,0.10,1.20
2008.01.09 02:13:12.015,1.00355,1.0039,0.10,1.20
2008.01.09 02:13:12.266,1.00355,1.0039,0.10,1.20
2008.01.09 02:13:12.430,1.00355,1.00385,0.10,0.60
2008.01.09 02:13:12.905,1.00355,1.00385,0.10,0.60
2008.01.09 02:13:17.367,1.00355,1.0039,0.10,1.20
2008.01.09 02:13:17.912,1.00355,1.0039,0.10,1.20
2008.01.09 02:13:22.394,1.00355,1.0039,0.10,1.20
2008.01.09 02:13:22.912,1.00355,1.00385,0.10,0.60
2008.01.09 02:13:23.036,1.00355,1.00385,0.10,0.60
2008.01.09 02:13:25.091,1.00355,1.00385,0.10,0.60
2008.01.09 02:13:27.457,1.00355,1.00385,0.10,0.60
2008.01.09 02:13:27.928,1.00355,1.00385,0.10,0.60
2008.01.09 02:13:28.535,1.00345,1.00385,2.60,0.60
2008.01.09 02:13:32.483,1.00355,1.00385,0.10,0.60
2008.01.09 02:13:32.924,1.00355,1.00385,0.10,0.60
2008.01.09 02:13:35.336,1.00345,1.0038,2.60,0.60
2008.01.09 02:13:35.509,1.00355,1.0038,0.30,0.60
2008.01.09 02:13:37.500,1.00355,1.0038,0.30,0.60
2008.01.09 02:13:38.042,1.0036,1.0038,0.10,0.60
2008.01.09 02:13:39.612,1.00345,1.00385,2.70,0.60
2008.01.09 02:13:42.521,1.00345,1.00385,1.10,0.60
2008.01.09 02:13:42.976,1.00355,1.00385,0.30,0.60
2008.01.09 02:13:45.407,1.0036,1.0038,0.10,0.60
2008.01.09 02:13:45.686,1.00345,1.0038,1.00,0.60
2008.01.09 02:13:47.551,1.00345,1.0038,1.00,0.60
2008.01.09 02:13:47.947,1.00345,1.0038,1.00,0.60
2008.01.09 02:13:52.677,1.00345,1.0038,1.00,0.60
2008.01.09 02:13:53.060,1.0036,1.0038,0.10,0.60
2008.01.09 02:13:54.107,1.00345,1.0038,1.00,0.60
2008.01.09 02:13:54.441,1.00345,1.0038,1.00,0.60
2008.01.09 02:13:55.362,1.00355,1.00385,0.10,0.60
2008.01.09 02:13:55.524,1.00355,1.00385,0.30,0.60
2008.01.09 02:13:57.704,1.00355,1.00385,0.30,0.60
2008.01.09 02:13:57.980,1.00355,1.00385,0.30,0.60
2008.01.09 02:14:02.641,1.00355,1.00385,0.30,0.60
2008.01.09 02:14:02.988,1.00355,1.00385,0.30,0.60
2008.01.09 02:14:07.697,1.00355,1.00385,0.30,0.60
2008.01.09 02:14:08.082,1.00355,1.00385,0.30,0.60
2008.01.09 02:14:09.865,1.00355,1.0039,0.30,1.20
2008.01.09 02:14:11.040,1.00355,1.00385,0.30,0.60
2008.01.09 02:14:11.256,1.00355,1.00385,0.30,0.60
2008.01.09 02:14:12.721,1.00355,1.00385,0.30,0.60
2008.01.09 02:14:13.014,1.00355,1.00385,0.30,0.60
2008.01.09 02:14:17.766,1.00355,1.00385,0.30,0.60
2008.01.09 02:14:18.104,1.00355,1.00385,0.30,0.60
2008.01.09 02:14:22.802,1.00355,1.00385,0.30,0.60
2008.01.09 02:14:23.022,1.00355,1.00385,0.30,0.60
2008.01.09 02:14:27.912,1.0033,1.00405,8.00,4.80
2008.01.09 02:14:28.040,1.0033,1.00405,8.00,4.80
2008.01.09 02:14:32.848,1.0033,1.00405,8.00,4.80
2008.01.09 02:14:33.108,1.0033,1.00405,8.00,4.80
2008.01.09 02:14:37.869,1.0033,1.00405,8.00,4.80
2008.01.09 02:14:38.046,1.0033,1.00405,8.00,4.80
2008.01.09 02:14:42.517,1.00335,1.00405,0.80,4.80
2008.01.09 02:14:42.812,1.0034,1.00405,0.80,4.80
2008.01.09 02:14:42.985,1.0034,1.00405,0.80,4.80
2008.01.09 02:14:43.108,1.0033,1.00405,7.20,4.80
2008.01.09 02:14:43.286,1.0037,1.0038,0.50,0.20
2008.01.09 02:14:43.415,1.0037,1.0038,0.50,0.20
2008.01.09 02:14:44.271,1.0037,1.0038,0.50,0.20
2008.01.09 02:14:47.205,1.0037,1.0038,0.50,0.20
2008.01.09 02:14:48.060,1.0037,1.0039,0.50,3.40
2008.01.09 02:14:50.593,1.0037,1.0039,0.50,3.40
2008.01.09 02:14:50.696,1.0037,1.0039,0.60,3.40
2008.01.09 02:14:50.808,1.0037,1.0039,0.60,3.40
2008.01.09 02:14:51.020,1.0037,1.0039,0.50,3.40
2008.01.09 02:14:51.268,1.00375,1.004,0.10,0.80
2008.01.09 02:14:51.517,1.00375,1.00405,0.10,11.60
2008.01.09 02:14:51.765,1.00385,1.00405,0.10,4.80
2008.01.09 02:14:52.014,1.00385,1.00405,0.10,0.70
2008.01.09 02:14:52.223,1.00385,1.0042,0.10,1.20
2008.01.09 02:14:52.461,1.00385,1.00415,0.10,0.60
2008.01.09 02:14:52.669,1.00385,1.00415,0.10,0.60
2008.01.09 02:14:52.878,1.00385,1.0042,0.10,1.20
2008.01.09 02:14:53.093,1.00385,1.0042,0.10,1.20
2008.01.09 02:14:58.087,1.00385,1.00415,0.10,0.60
2008.01.09 02:15:01.732,1.00385,1.00415,0.10,0.60
2008.01.09 02:15:01.826,1.00385,1.00415,0.10,0.60
2008.01.09 02:15:01.920,1.00385,1.0042,0.10,1.20
2008.01.09 02:15:02.017,1.00385,1.00415,0.10,0.60
2008.01.09 02:15:02.111,1.00385,1.0042,0.10,1.20
2008.01.09 02:15:02.300,1.00385,1.00415,0.10,0.60
2008.01.09 02:15:02.393,1.00385,1.00415,0.10,0.60
2008.01.09 02:15:03.088,1.00385,1.0042,0.10,1.20
2008.01.09 02:15:08.103,1.00385,1.00415,0.10,0.60
2008.01.09 02:15:12.617,1.00385,1.0042,0.10,1.20
2008.01.09 02:15:13.144,1.00385,1.00415,0.10,0.60
2008.01.09 02:15:15.795,1.0039,1.0041,0.10,0.60
2008.01.09 02:15:15.854,1.0039,1.0041,0.10,0.60
2008.01.09 02:15:16.129,1.00385,1.0041,0.20,0.60
2008.01.09 02:15:16.450,1.0038,1.0041,0.10,1.20
2008.01.09 02:15:16.682,1.0038,1.0041,0.10,2.00
2008.01.09 02:15:17.332,1.0038,1.0041,0.10,2.00
2008.01.09 02:15:18.112,1.0038,1.0041,0.10,2.00
2008.01.09 02:15:18.291,1.0038,1.0041,0.10,2.00
2008.01.09 02:15:23.223,1.0038,1.0041,0.10,2.00
2008.01.09 02:15:25.777,1.00385,1.00405,0.10,0.60
2008.01.09 02:15:26.335,1.00385,1.00405,0.10,0.60
2008.01.09 02:15:26.608,1.00385,1.00405,0.10,0.60
2008.01.09 02:15:28.185,1.00385,1.00405,0.10,0.60
2008.01.09 02:15:28.426,1.00385,1.00405,0.10,0.60
2008.01.09 02:15:29.828,1.00385,1.00405,0.10,0.60
2008.01.09 02:15:30.650,1.00375,1.00405,0.50,0.60
2008.01.09 02:15:30.769,1.00375,1.00405,0.50,0.60
2008.01.09 02:15:30.887,1.00375,1.00405,0.30,0.60
2008.01.09 02:15:31.113,1.00375,1.00405,0.30,0.60
2008.01.09 02:15:31.263,1.00375,1.00405,0.30,0.60
2008.01.09 02:15:31.574,1.00375,1.00405,0.30,0.60
2008.01.09 02:15:32.807,1.00375,1.00405,0.30,0.60
2008.01.09 02:15:33.226,1.00375,1.00405,0.30,0.60
2008.01.09 02:15:33.445,1.00375,1.00405,0.30,0.60
2008.01.09 02:15:33.689,1.00375,1.00405,0.30,0.60
2008.01.09 02:15:34.292,1.00375,1.00405,0.30,0.60
2008.01.09 02:15:34.879,1.00375,1.00405,0.30,0.60
2008.01.09 02:15:35.075,1.00375,1.00405,0.30,0.60
2008.01.09 02:15:35.526,1.00375,1.00405,0.30,0.60
2008.01.09 02:15:35.773,1.0038,1.004,0.10,0.60
2008.01.09 02:15:35.914,1.0038,1.004,0.10,0.60
2008.01.09 02:15:36.770,1.0038,1.004,0.10,0.60
2008.01.09 02:15:37.291,1.0038,1.004,0.10,0.60
2008.01.09 02:15:38.019,1.0038,1.004,0.10,0.60
2008.01.09 02:15:38.470,1.0038,1.004,0.10,0.60
2008.01.09 02:15:38.627,1.0038,1.004,0.10,0.60
2008.01.09 02:15:38.950,1.0038,1.004,0.10,0.60
2008.01.09 02:15:39.594,1.00375,1.004,0.50,0.60
2008.01.09 02:15:43.161,1.0038,1.004,0.10,0.60
2008.01.09 02:15:43.560,1.0038,1.004,0.10,0.60
2008.01.09 02:15:48.178,1.0038,1.004,0.10,0.60
2008.01.09 02:15:48.597,1.0038,1.004,0.10,0.60
2008.01.09 02:15:53.189,1.0038,1.004,0.10,0.60
2008.01.09 02:15:53.691,1.0038,1.004,0.10,0.60
2008.01.09 02:15:56.585,1.0038,1.004,0.10,0.60
2008.01.09 02:15:58.191,1.0038,1.004,0.10,0.60
2008.01.09 02:15:58.721,1.0038,1.004,0.10,0.60
2008.01.09 02:16:03.210,1.0038,1.004,0.10,0.60
2008.01.09 02:16:03.735,1.0038,1.004,0.10,0.60
2008.01.09 02:16:08.302,1.0037,1.00425,0.80,8.80
2008.01.09 02:16:08.804,1.0037,1.00425,0.80,8.80
2008.01.09 02:16:08.911,1.0036,1.00425,4.80,8.80
2008.01.09 02:16:09.740,1.0036,1.00425,4.80,8.80
2008.01.09 02:16:12.761,1.0036,1.004,4.90,0.60
2008.01.09 02:16:12.972,1.00375,1.004,0.20,1.20
2008.01.09 02:16:13.155,1.0037,1.004,1.10,2.00
2008.01.09 02:16:13.337,1.0037,1.004,1.10,2.00
2008.01.09 02:16:13.836,1.0037,1.004,1.10,2.00
2008.01.09 02:16:14.063,1.0037,1.004,1.10,2.00
2008.01.09 02:16:18.236,1.0037,1.004,1.10,2.00
2008.01.09 02:16:18.867,1.0037,1.004,1.10,2.00
2008.01.09 02:16:23.252,1.0037,1.004,1.10,2.00
2008.01.09 02:16:23.900,1.0037,1.004,1.10,2.00
2008.01.09 02:16:26.668,1.00375,1.004,0.20,2.00
2008.01.09 02:16:26.908,1.0037,1.004,1.10,2.00
2008.01.09 02:16:28.230,1.0037,1.004,1.10,2.00
2008.01.09 02:16:28.933,1.0037,1.004,1.10,2.00
2008.01.09 02:16:29.787,1.0037,1.004,0.30,2.00
2008.01.09 02:16:29.945,1.0037,1.004,0.10,2.00
2008.01.09 02:16:30.105,1.0037,1.004,0.10,2.00
2008.01.09 02:16:30.269,1.00355,1.004,11.60,2.00
2008.01.09 02:16:30.428,1.00365,1.004,0.20,1.20
2008.01.09 02:16:30.586,1.00355,1.004,2.60,0.60
2008.01.09 02:16:30.803,1.00365,1.004,0.20,0.60
2008.01.09 02:16:31.326,1.00355,1.004,2.60,0.60
2008.01.09 02:16:32.053,1.00355,1.004,2.60,0.60
2008.01.09 02:16:33.328,1.00365,1.004,0.20,0.60
2008.01.09 02:16:33.965,1.00365,1.004,0.20,0.60
2008.01.09 02:16:38.367,1.00365,1.004,0.20,0.60
2008.01.09 02:16:39.005,1.00365,1.004,0.20,0.60
2008.01.09 02:16:43.271,1.00365,1.004,0.20,0.60
2008.01.09 02:16:44.064,1.00365,1.004,0.20,0.60
2008.01.09 02:16:48.381,1.00365,1.004,0.20,0.60
2008.01.09 02:16:49.151,1.00365,1.004,0.20,0.60
2008.01.09 02:16:49.415,1.00365,1.004,0.20,0.60
2008.01.09 02:16:50.745,1.00365,1.004,0.20,0.60
2008.01.09 02:16:53.380,1.00365,1.004,0.20,0.60
2008.01.09 02:16:54.187,1.00365,1.004,0.20,0.60
2008.01.09 02:16:57.472,1.00355,1.004,2.60,0.60
2008.01.09 02:16:58.328,1.00355,1.004,2.60,0.60
2008.01.09 02:17:00.983,1.00335,1.0041,9.60,4.00
2008.01.09 02:17:01.535,1.0035,1.004,4.70,12.10
2008.01.09 02:17:01.573,1.0037,1.004,0.30,12.10
2008.01.09 02:17:02.798,1.0035,1.004,5.50,12.10
2008.01.09 02:17:03.307,1.0035,1.004,5.50,12.10
2008.01.09 02:17:03.487,1.0037,1.004,0.50,12.10
2008.01.09 02:17:03.615,1.0037,1.004,0.50,12.10
2008.01.09 02:17:03.785,1.00355,1.00395,1.40,0.60
2008.01.09 02:17:03.912,1.00355,1.00395,3.80,0.60
2008.01.09 02:17:04.040,1.00365,1.00395,0.60,0.60
2008.01.09 02:17:04.545,1.00355,1.00395,4.70,0.60
2008.01.09 02:17:04.789,1.00355,1.00395,4.70,0.60
2008.01.09 02:17:06.100,1.00365,1.00395,0.60,0.60
2008.01.09 02:17:08.304,1.00365,1.00395,0.60,0.60
2008.01.09 02:17:11.199,1.00365,1.00395,0.60,0.60
2008.01.09 02:17:13.327,1.00365,1.00395,0.60,0.60
2008.01.09 02:17:13.985,1.00355,1.00395,4.70,0.60
2008.01.09 02:17:14.211,1.00365,1.00395,0.60,4.40
2008.01.09 02:17:14.405,1.00355,1.00395,4.70,4.40
2008.01.09 02:17:15.361,1.00355,1.00395,4.70,4.40
2008.01.09 02:17:16.221,1.00355,1.00395,4.70,4.40
2008.01.09 02:17:18.410,1.00365,1.00395,0.60,4.40
2008.01.09 02:17:21.354,1.00365,1.00395,0.60,4.40
2008.01.09 02:17:22.686,1.00365,1.00395,0.10,4.40
2008.01.09 02:17:22.849,1.00365,1.00395,0.10,4.40
2008.01.09 02:17:22.964,1.0035,1.00395,1.90,12.00
2008.01.09 02:17:23.077,1.0035,1.00395,0.10,12.00
2008.01.09 02:17:23.239,1.0035,1.00395,0.10,12.00
2008.01.09 02:17:23.428,1.00345,1.00395,5.00,12.00
2008.01.09 02:17:23.757,1.00345,1.00395,5.00,12.00
2008.01.09 02:17:24.747,1.00345,1.00395,5.00,12.00
2008.01.09 02:17:25.046,1.0035,1.00395,0.10,12.00
2008.01.09 02:17:25.790,1.0035,1.00395,0.10,12.00
2008.01.09 02:17:26.375,1.0035,1.00395,0.10,12.00
2008.01.09 02:17:28.352,1.0035,1.00395,0.10,12.00
2008.01.09 02:17:30.533,1.0035,1.00395,0.10,12.00
2008.01.09 02:17:30.771,1.0035,1.00395,0.10,12.00
2008.01.09 02:17:31.399,1.0035,1.00395,0.10,12.00
2008.01.09 02:17:33.346,1.0035,1.00395,0.10,12.00
2008.01.09 02:17:36.419,1.0035,1.00395,0.10,12.00
2008.01.09 02:17:38.365,1.0035,1.00395,0.10,12.00
2008.01.09 02:17:41.541,1.0035,1.00395,0.10,12.00
2008.01.09 02:17:43.380,1.0035,1.00395,0.10,12.00
2008.01.09 02:17:46.669,1.0035,1.00395,0.10,12.00
2008.01.09 02:17:48.475,1.0035,1.00395,0.10,12.00
2008.01.09 02:17:51.703,1.0035,1.00395,0.10,12.00
2008.01.09 02:17:53.403,1.0035,1.0039,3.30,8.00
2008.01.09 02:17:56.725,1.0034,1.00405,1.60,4.00
2008.01.09 02:17:58.408,1.0034,1.00405,1.60,4.00
2008.01.09 02:17:58.420,1.00335,1.00405,9.60,4.00
2008.01.09 02:18:22.980,1.00335,1.00405,9.60,4.00
2008.01.09 02:18:23.436,1.0034,1.00405,0.80,4.00
2008.01.09 02:18:27.062,1.0034,1.00405,1.60,4.00
2008.01.09 02:18:28.453,1.0034,1.00405,1.60,4.00
2008.01.09 02:18:30.562,1.0034,1.00405,1.60,4.00
2008.01.09 02:18:31.303,1.0034,1.00405,1.60,4.00
2008.01.09 02:18:32.030,1.0034,1.00405,1.60,4.00
2008.01.09 02:18:33.458,1.0034,1.00405,1.60,4.00
2008.01.09 02:18:35.833,1.00335,1.00405,9.60,4.00
2008.01.09 02:18:37.058,1.00335,1.00405,9.60,4.00
2008.01.09 02:18:38.494,1.00335,1.00405,9.60,4.00
2008.01.09 02:18:42.089,1.0034,1.00405,0.90,4.00
2008.01.09 02:18:43.475,1.0034,1.00405,0.80,4.00
2008.01.09 02:18:47.212,1.0034,1.00405,0.90,4.00
2008.01.09 02:18:48.572,1.00335,1.00405,9.60,4.00
2008.01.09 02:18:52.240,1.0034,1.00405,0.80,4.00
2008.01.09 02:18:53.502,1.0034,1.00405,0.50,4.00
2008.01.09 02:18:57.258,1.00335,1.00405,9.60,4.00
2008.01.09 02:18:58.510,1.00335,1.00405,9.60,4.00
2008.01.09 02:19:21.739,1.0035,1.0038,0.10,0.60
2008.01.09 02:19:21.900,1.0035,1.00375,0.10,4.00
2008.01.09 02:19:22.060,1.0035,1.00375,0.10,4.00
2008.01.09 02:19:22.219,1.0035,1.00375,0.10,4.00
2008.01.09 02:19:22.378,1.0035,1.00375,0.10,4.00
2008.01.09 02:19:22.785,1.0035,1.00375,0.10,4.00
2008.01.09 02:19:23.546,1.0035,1.00375,0.10,4.00
2008.01.09 02:19:27.269,1.0035,1.00375,0.10,4.00
2008.01.09 02:19:27.469,1.0035,1.00375,0.10,4.00
2008.01.09 02:19:27.561,1.0035,1.00375,0.10,4.00
2008.01.09 02:19:28.545,1.0035,1.00375,0.10,4.00
2008.01.09 02:19:31.757,1.0035,1.00375,0.10,4.00
2008.01.09 02:19:32.407,1.0035,1.00375,0.10,4.00
2008.01.09 02:19:33.652,1.0035,1.00375,0.10,4.00
2008.01.09 02:19:35.306,1.0035,1.00375,0.10,0.80
2008.01.09 02:19:37.451,1.0035,1.0038,0.10,6.00
2008.01.09 02:19:38.568,1.0035,1.00375,0.10,0.70
2008.01.09 02:19:42.573,1.0035,1.0038,0.10,6.00
2008.01.09 02:19:43.637,1.0035,1.0038,0.10,6.00
2008.01.09 02:19:47.582,1.0035,1.00375,0.10,0.80
2008.01.09 02:19:48.602,1.0035,1.0038,0.10,6.00
2008.01.09 02:19:52.607,1.0035,1.0038,0.20,0.90
2008.01.09 02:19:53.603,1.0035,1.0038,0.20,0.60
2008.01.09 02:19:55.780,1.00355,1.0038,0.10,1.80
2008.01.09 02:19:56.085,1.00345,1.0038,0.30,1.80
2008.01.09 02:19:56.285,1.00345,1.00375,0.10,0.50
2008.01.09 02:19:56.492,1.00345,1.00375,0.10,0.90
2008.01.09 02:19:56.650,1.00335,1.00375,5.30,0.70
2008.01.09 02:19:56.810,1.00335,1.0038,0.60,12.60
2008.01.09 02:19:56.968,1.00335,1.0038,0.40,12.60
2008.01.09 02:19:57.127,1.00335,1.0038,0.40,12.60
2008.01.09 02:19:57.495,1.00335,1.0038,0.40,12.60
2008.01.09 02:19:58.698,1.00335,1.0038,0.40,12.60
2008.01.09 02:19:58.703,1.0033,1.0038,0.50,24.60
2008.01.09 02:20:02.658,1.00335,1.0038,0.40,12.60
2008.01.09 02:20:03.306,1.00335,1.00375,0.40,0.60
2008.01.09 02:20:03.621,1.00335,1.0038,0.40,12.60
2008.01.09 02:20:07.620,1.00335,1.00375,0.40,12.00
2008.01.09 02:20:08.621,1.00335,1.00375,0.40,12.00
2008.01.09 02:20:10.128,1.00335,1.00375,0.40,12.00
2008.01.09 02:20:12.633,1.00335,1.00375,0.40,12.00
2008.01.09 02:20:13.737,1.00335,1.00375,0.40,12.00
2008.01.09 02:20:17.757,1.00335,1.00375,0.40,12.00
2008.01.09 02:20:18.502,1.00335,1.00375,0.60,12.00
2008.01.09 02:20:18.690,1.00335,1.00375,0.60,12.00
2008.01.09 02:20:19.439,1.00335,1.00375,0.60,12.00
2008.01.09 02:20:22.696,1.00335,1.00375,0.60,12.00
2008.01.09 02:20:23.654,1.00335,1.00375,0.60,12.00
2008.01.09 02:20:27.727,1.0034,1.0037,0.60,8.00
2008.01.09 02:20:28.654,1.0034,1.0037,0.60,8.00
2008.01.09 02:20:32.845,1.0034,1.0037,0.60,8.00
2008.01.09 02:20:33.664,1.0034,1.0037,0.60,8.00
2008.01.09 02:20:37.864,1.0034,1.0037,0.60,8.00
2008.01.09 02:20:38.675,1.0034,1.0037,0.60,8.00
2008.01.09 02:20:42.897,1.0034,1.0037,0.60,8.00
2008.01.09 02:20:43.671,1.0034,1.0037,0.60,8.00
2008.01.09 02:20:47.916,1.0034,1.0037,0.60,8.00
2008.01.09 02:20:48.689,1.0032,1.00385,4.00,4.00
2008.01.09 02:20:55.353,1.0034,1.0037,0.20,0.70
2008.01.09 02:20:55.482,1.0034,1.0038,0.20,12.10
2008.01.09 02:20:55.672,1.0034,1.0038,0.50,12.10
2008.01.09 02:20:55.784,1.0034,1.0038,0.50,12.10
2008.01.09 02:20:56.277,1.0034,1.0038,0.50,12.10
2008.01.09 02:20:56.502,1.0034,1.0038,0.50,12.10
2008.01.09 02:20:56.829,1.0034,1.0037,0.50,0.60
2008.01.09 02:20:57.036,1.0034,1.0037,0.50,0.50
2008.01.09 02:20:57.231,1.0034,1.0038,0.50,12.10
2008.01.09 02:20:58.055,1.0034,1.0038,0.50,12.10
2008.01.09 02:20:58.754,1.0034,1.0038,0.50,12.10
2008.01.09 02:21:03.088,1.0034,1.0037,0.50,0.50
2008.01.09 02:21:03.719,1.0034,1.0038,0.50,12.10
2008.01.09 02:21:08.118,1.0034,1.0037,0.50,0.60
2008.01.09 02:21:08.811,1.0034,1.0038,0.50,12.10
2008.01.09 02:21:13.224,1.0034,1.0038,0.50,12.10
2008.01.09 02:21:13.732,1.0034,1.0038,0.50,12.10
2008.01.09 02:21:18.250,1.0034,1.0038,0.50,12.10
2008.01.09 02:21:18.839,1.0034,1.0037,0.50,0.50
2008.01.09 02:21:23.369,1.0034,1.0037,0.50,8.00
2008.01.09 02:21:23.849,1.0034,1.0037,0.50,8.00
2008.01.09 02:21:36.336,1.0034,1.0037,0.30,8.00
2008.01.09 02:21:36.529,1.0034,1.0037,0.30,8.00
2008.01.09 02:21:38.416,1.0034,1.0037,0.30,8.00
2008.01.09 02:21:38.778,1.0034,1.0037,0.30,8.00
2008.01.09 02:21:43.530,1.0034,1.0037,0.30,8.00
2008.01.09 02:21:43.800,1.0034,1.0037,0.30,8.00
2008.01.09 02:21:48.121,1.0034,1.0037,0.40,8.00
2008.01.09 02:21:48.279,1.0034,1.0037,0.40,8.00
2008.01.09 02:21:48.462,1.0034,1.0037,0.40,8.00
2008.01.09 02:21:48.567,1.0034,1.0038,0.40,12.10
2008.01.09 02:21:48.798,1.0034,1.0037,0.40,8.00
2008.01.09 02:21:53.591,1.0034,1.0037,0.40,8.00
2008.01.09 02:21:53.803,1.0034,1.0037,0.40,8.00
2008.01.09 02:21:56.453,1.0034,1.0037,0.40,8.00
2008.01.09 02:21:56.770,1.0034,1.0037,0.40,8.00
2008.01.09 02:21:57.272,1.0034,1.0037,0.40,8.00
2008.01.09 02:21:57.795,1.0034,1.0037,0.40,8.00
2008.01.09 02:21:58.516,1.0034,1.0037,0.40,8.00
2008.01.09 02:21:58.808,1.0034,1.0037,0.40,8.00
2008.01.09 02:22:03.546,1.0034,1.0037,0.40,8.00
2008.01.09 02:22:03.832,1.0034,1.0037,0.40,8.00
2008.01.09 02:22:08.575,1.0034,1.0037,0.40,8.00
2008.01.09 02:22:08.840,1.0034,1.0037,0.40,8.00
2008.01.09 02:22:13.604,1.0034,1.0037,0.40,8.00
2008.01.09 02:22:13.928,1.0034,1.0037,0.40,8.00
2008.01.09 02:22:18.717,1.0032,1.00385,0.80,4.00
2008.01.09 02:22:23.652,1.0032,1.00385,0.80,4.00
2008.01.09 02:22:23.858,1.0032,1.00385,0.80,4.00
2008.01.09 02:22:33.627,1.0032,1.00385,0.80,4.00
2008.01.09 02:22:35.522,1.0032,1.00385,0.80,4.00
2008.01.09 02:22:38.735,1.0032,1.00385,0.80,4.00
2008.01.09 02:22:38.895,1.0032,1.00385,0.80,4.00
2008.01.09 02:22:43.836,1.0032,1.00385,0.80,4.00
2008.01.09 02:22:46.393,1.00315,1.00385,8.00,4.00
2008.01.09 02:22:46.537,1.0034,1.0037,0.30,8.00
2008.01.09 02:22:48.869,1.0034,1.0037,0.30,8.00
2008.01.09 02:22:53.572,1.0034,1.0038,0.30,12.10
2008.01.09 02:22:53.892,1.0034,1.0037,0.30,8.00
2008.01.09 02:22:54.759,1.0034,1.0037,0.30,8.00
2008.01.09 02:22:56.597,1.0034,1.0037,0.30,8.00
2008.01.09 02:22:57.005,1.0034,1.0037,0.30,8.00
2008.01.09 02:22:57.623,1.0034,1.0037,0.30,8.00
2008.01.09 02:22:58.028,1.0034,1.0037,0.30,8.00
2008.01.09 02:22:58.127,1.0034,1.0037,0.50,8.00
2008.01.09 02:22:58.324,1.0034,1.0037,0.50,8.00
2008.01.09 02:22:58.922,1.0034,1.0037,0.50,8.00
2008.01.09 02:22:59.262,1.0034,1.0037,0.50,8.00
2008.01.09 02:23:03.931,1.0034,1.0037,0.50,8.00
2008.01.09 02:23:08.944,1.0034,1.0037,0.50,8.00
2008.01.09 02:23:12.777,1.0034,1.0037,0.50,8.00
2008.01.09 02:23:13.946,1.0034,1.0037,0.50,8.00
2008.01.09 02:23:18.949,1.0034,1.0037,0.50,8.00
2008.01.09 02:23:23.969,1.0034,1.0037,0.50,8.00
2008.01.09 02:23:24.147,1.0034,1.0037,0.50,8.00
2008.01.09 02:23:28.992,1.0032,1.00385,4.80,4.00
2008.01.09 02:23:29.265,1.0032,1.00385,4.80,4.00
2008.01.09 02:23:34.067,1.0032,1.00385,4.80,4.00
2008.01.09 02:23:34.306,1.0032,1.00385,4.80,4.00
2008.01.09 02:23:36.466,1.0032,1.00385,4.80,4.00
2008.01.09 02:23:37.489,1.0032,1.00385,4.80,4.00
2008.01.09 02:23:38.995,1.0032,1.00385,4.80,4.00
2008.01.09 02:23:39.427,1.0032,1.00385,4.80,4.00
2008.01.09 02:23:44.095,1.0032,1.00385,4.80,4.00
2008.01.09 02:23:44.464,1.0032,1.00385,4.80,4.00
2008.01.09 02:23:49.099,1.0032,1.00385,4.80,4.00
2008.01.09 02:23:49.341,1.0032,1.0038,4.80,4.00
2008.01.09 02:23:51.146,1.0032,1.0039,4.80,8.00
2008.01.09 02:23:54.110,1.0032,1.0038,4.80,4.00
2008.01.09 02:23:54.648,1.0032,1.0038,4.80,4.00
2008.01.09 02:23:56.986,1.0032,1.0038,4.80,4.00
2008.01.09 02:23:57.304,1.0032,1.0038,4.80,4.00
2008.01.09 02:23:58.019,1.0032,1.0038,4.80,4.00
2008.01.09 02:23:58.268,1.0032,1.0038,4.80,4.00
2008.01.09 02:23:59.023,1.0032,1.0038,4.80,4.00
2008.01.09 02:23:59.680,1.0032,1.0038,4.80,4.00
2008.01.09 02:24:04.119,1.0032,1.0038,4.80,4.00
2008.01.09 02:24:04.722,1.0032,1.0038,4.80,4.00
2008.01.09 02:24:08.489,1.00315,1.0038,8.00,4.00
2008.01.09 02:24:08.657,1.0034,1.0037,0.30,8.00
2008.01.09 02:24:09.036,1.0034,1.0037,0.30,8.00
2008.01.09 02:24:09.840,1.0034,1.0037,0.30,8.00
2008.01.09 02:24:09.933,1.0034,1.0037,0.30,8.00
2008.01.09 02:24:14.062,1.0034,1.0037,0.30,8.00
2008.01.09 02:24:14.871,1.0034,1.0037,0.30,8.00
2008.01.09 02:24:19.067,1.0034,1.0037,0.30,8.00
2008.01.09 02:24:19.997,1.0034,1.0037,0.30,8.00
2008.01.09 02:24:20.990,1.0034,1.0037,0.30,8.00
2008.01.09 02:24:21.228,1.0034,1.0037,0.60,8.00
2008.01.09 02:24:21.384,1.0034,1.0037,0.60,8.00
2008.01.09 02:24:21.729,1.0034,1.0037,1.20,8.00
2008.01.09 02:24:21.746,1.0035,1.0037,0.30,8.00
2008.01.09 02:24:22.185,1.00345,1.00375,0.40,8.40
2008.01.09 02:24:22.290,1.00345,1.00375,0.40,4.40
2008.01.09 02:24:22.528,1.00345,1.00375,0.40,4.40
2008.01.09 02:24:22.831,1.00345,1.00375,0.40,4.40
2008.01.09 02:24:24.157,1.00345,1.00375,0.40,4.40
2008.01.09 02:24:25.043,1.00345,1.00375,0.40,4.40
2008.01.09 02:24:27.933,1.00345,1.00375,0.40,4.40
2008.01.09 02:24:28.085,1.00345,1.00375,0.40,4.40
2008.01.09 02:24:29.078,1.00345,1.00375,0.40,4.40
2008.01.09 02:24:30.068,1.00345,1.00375,0.40,4.40
2008.01.09 02:24:32.013,1.00345,1.00375,0.40,4.40
2008.01.09 02:24:32.112,1.00345,1.00375,0.50,4.40
2008.01.09 02:24:32.315,1.00345,1.00375,0.50,4.40
2008.01.09 02:24:33.257,1.00345,1.00375,0.50,4.40
2008.01.09 02:24:34.082,1.00345,1.00375,0.50,4.40
2008.01.09 02:24:35.110,1.00345,1.00375,0.50,4.40
2008.01.09 02:24:39.187,1.00345,1.00375,0.50,4.40
2008.01.09 02:24:40.152,1.00345,1.00375,0.50,4.40
2008.01.09 02:24:44.194,1.00345,1.00375,0.50,4.40
2008.01.09 02:24:45.177,1.00345,1.00375,0.50,4.40
2008.01.09 02:24:47.894,1.00345,1.00375,0.50,4.40
2008.01.09 02:24:48.018,1.00345,1.00375,0.40,4.40
2008.01.09 02:24:49.017,1.00345,1.00375,0.40,4.40
2008.01.09 02:24:49.557,1.00345,1.00375,0.40,4.40
2008.01.09 02:24:50.281,1.00345,1.00375,0.40,4.40
2008.01.09 02:24:54.212,1.0035,1.0038,0.30,15.30
2008.01.09 02:24:55.396,1.0035,1.0038,0.30,15.30
2008.01.09 02:24:57.312,1.0034,1.0038,2.50,15.30
2008.01.09 02:24:57.511,1.0035,1.0038,0.30,15.30
2008.01.09 02:24:59.223,1.0034,1.0038,2.50,15.30
2008.01.09 02:25:00.420,1.0034,1.0038,2.50,15.30
2008.01.09 02:25:04.143,1.0034,1.0038,2.50,15.30
2008.01.09 02:25:05.545,1.0034,1.0038,2.50,15.30
2008.01.09 02:25:09.230,1.0034,1.0038,2.50,15.30
2008.01.09 02:25:10.668,1.0035,1.0038,0.30,0.70
2008.01.09 02:25:14.257,1.0035,1.0038,0.30,0.80
2008.01.09 02:25:15.591,1.0035,1.0038,0.30,0.80
2008.01.09 02:25:19.162,1.00335,1.00395,0.80,8.80
2008.01.09 02:25:20.614,1.00335,1.0038,0.80,0.80
2008.01.09 02:25:22.237,1.00335,1.0038,0.80,0.90
2008.01.09 02:25:24.187,1.00335,1.00395,0.80,8.80
2008.01.09 02:25:25.728,1.00335,1.00395,0.80,8.80
2008.01.09 02:25:29.193,1.00335,1.00395,0.80,8.80
2008.01.09 02:25:30.660,1.00335,1.00395,0.80,8.80
2008.01.09 02:25:34.271,1.00335,1.00395,0.80,8.80
2008.01.09 02:25:35.771,1.00335,1.0038,0.80,0.60
2008.01.09 02:25:39.241,1.00335,1.0038,0.80,4.00
2008.01.09 02:25:40.805,1.00335,1.0038,0.80,4.00
2008.01.09 02:25:44.178,1.0035,1.0038,0.40,15.30
2008.01.09 02:25:44.368,1.00345,1.0038,0.40,4.40
2008.01.09 02:25:44.557,1.00345,1.00375,0.40,12.00
2008.01.09 02:25:44.745,1.00345,1.00375,0.50,12.40
2008.01.09 02:25:44.986,1.00345,1.00375,0.50,4.40
2008.01.09 02:25:45.249,1.00345,1.00375,0.50,4.40
2008.01.09 02:25:45.768,1.00345,1.0038,0.50,8.80
2008.01.09 02:25:45.936,1.00345,1.00375,0.50,0.80
2008.01.09 02:25:46.048,1.00345,1.00375,0.50,0.60
2008.01.09 02:25:49.301,1.00345,1.0038,0.50,8.80
2008.01.09 02:25:50.961,1.00345,1.00375,0.50,0.80
2008.01.09 02:25:54.222,1.00345,1.0038,0.50,8.80
2008.01.09 02:25:55.904,1.00345,1.0038,0.50,8.80
2008.01.09 02:25:57.552,1.00345,1.0038,0.50,8.80
2008.01.09 02:25:59.240,1.00345,1.00375,0.50,0.80
2008.01.09 02:26:01.016,1.00345,1.0038,0.50,8.80
2008.01.09 02:26:03.017,1.00345,1.00375,0.50,0.50
2008.01.09 02:26:04.248,1.00335,1.0038,4.90,8.80
2008.01.09 02:26:06.045,1.00335,1.0038,4.90,8.80
2008.01.09 02:26:09.258,1.00335,1.0038,4.90,8.80
2008.01.09 02:26:11.072,1.00335,1.0038,4.90,8.80
2008.01.09 02:26:14.250,1.00335,1.0038,4.90,8.80
2008.01.09 02:26:16.090,1.0033,1.0038,4.80,4.00
2008.01.09 02:26:16.367,1.0035,1.0038,0.60,15.30
2008.01.09 02:26:16.490,1.0034,1.0038,2.60,11.30
2008.01.09 02:26:19.265,1.0034,1.0038,2.60,11.30
2008.01.09 02:26:21.204,1.0034,1.0038,2.60,11.30
2008.01.09 02:26:24.285,1.0034,1.0038,2.60,11.30
2008.01.09 02:26:26.141,1.0034,1.0038,2.60,11.30
2008.01.09 02:26:29.290,1.0035,1.0038,0.60,11.30
2008.01.09 02:26:31.257,1.0034,1.0038,2.60,11.30
2008.01.09 02:26:33.290,1.0035,1.0038,0.60,11.30
2008.01.09 02:26:34.298,1.0035,1.0038,0.60,11.30
2008.01.09 02:26:34.880,1.00335,1.00365,3.50,0.60
2008.01.09 02:26:35.090,1.00335,1.00355,5.10,4.00
2008.01.09 02:26:35.299,1.00335,1.00355,2.60,4.00
2008.01.09 02:26:35.526,1.00335,1.00355,2.60,4.00
2008.01.09 02:26:36.269,1.00335,1.00355,2.60,4.00
2008.01.09 02:26:39.414,1.00335,1.00355,2.60,4.00
2008.01.09 02:26:39.885,1.00335,1.00355,2.50,4.00
2008.01.09 02:26:40.099,1.00345,1.00355,0.50,4.00
2008.01.09 02:26:40.312,1.00335,1.00355,2.30,4.00
2008.01.09 02:26:41.395,1.00335,1.00355,2.30,4.00
2008.01.09 02:26:44.418,1.00335,1.00355,2.30,4.00
2008.01.09 02:26:46.333,1.00335,1.00355,2.30,4.00
2008.01.09 02:26:46.638,1.00335,1.00355,0.70,4.00
2008.01.09 02:26:46.722,1.0033,1.00355,0.40,4.00
2008.01.09 02:26:46.806,1.00335,1.00355,1.60,4.00
2008.01.09 02:26:46.920,1.00335,1.00355,1.60,4.40
2008.01.09 02:26:47.003,1.00335,1.00345,0.60,4.00
2008.01.09 02:26:47.153,1.00325,1.00345,2.70,4.00
2008.01.09 02:26:47.407,1.00325,1.00345,2.70,4.00
2008.01.09 02:26:47.659,1.00325,1.00345,0.30,4.00
2008.01.09 02:26:47.913,1.00325,1.00345,0.30,4.00
2008.01.09 02:26:48.166,1.00325,1.00345,0.30,4.00
2008.01.09 02:26:48.267,1.00325,1.00345,0.30,4.00
2008.01.09 02:26:48.351,1.00335,1.00345,0.20,4.00
2008.01.09 02:26:48.470,1.00325,1.00345,0.30,4.00
2008.01.09 02:26:48.626,1.00335,1.00345,0.20,4.00
2008.01.09 02:26:48.741,1.00335,1.00345,0.30,4.00
2008.01.09 02:26:49.131,1.00325,1.00345,0.40,4.00
2008.01.09 02:26:49.214,1.0032,1.00345,1.70,4.00
2008.01.09 02:26:49.424,1.00325,1.00345,0.10,4.00
2008.01.09 02:26:49.577,1.00325,1.00345,0.10,4.00
2008.01.09 02:26:49.756,1.00325,1.00345,0.10,4.00
2008.01.09 02:26:51.356,1.0032,1.00345,1.70,4.00
2008.01.09 02:26:52.721,1.0032,1.00345,1.70,4.00
2008.01.09 02:26:53.029,1.00325,1.00345,0.10,4.00
2008.01.09 02:26:54.332,1.0032,1.00345,1.70,4.00
2008.01.09 02:26:54.754,1.00325,1.00345,0.10,4.00
2008.01.09 02:26:55.066,1.0032,1.00345,1.70,4.00
2008.01.09 02:26:56.390,1.0032,1.00345,1.70,4.00
2008.01.09 02:26:59.450,1.00325,1.00345,0.10,4.00
2008.01.09 02:26:59.577,1.00315,1.00345,1.10,4.40
2008.01.09 02:26:59.757,1.00315,1.00345,0.60,4.40
2008.01.09 02:26:59.940,1.00305,1.00345,5.00,4.40
2008.01.09 02:27:00.124,1.00305,1.00345,2.60,4.40
2008.01.09 02:27:00.307,1.00305,1.00345,2.60,4.40
2008.01.09 02:27:00.584,1.00305,1.00345,2.60,4.40
2008.01.09 02:27:01.412,1.00305,1.00345,2.60,4.40
2008.01.09 02:27:01.514,1.00315,1.00345,0.10,4.40
2008.01.09 02:27:01.803,1.00305,1.00345,2.60,4.40
2008.01.09 02:27:04.425,1.00315,1.00345,0.10,4.40
2008.01.09 02:27:05.915,1.00305,1.0033,2.50,0.60
2008.01.09 02:27:06.173,1.003,1.00325,1.70,4.00
2008.01.09 02:27:06.304,1.003,1.00325,1.70,4.00
2008.01.09 02:27:06.383,1.003,1.00325,1.70,4.00
2008.01.09 02:27:06.534,1.003,1.00325,1.70,4.00
2008.01.09 02:27:07.327,1.003,1.00325,1.70,4.00
2008.01.09 02:27:08.041,1.003,1.00325,1.70,4.00
2008.01.09 02:27:08.105,1.003,1.00325,1.70,4.00
2008.01.09 02:27:08.168,1.003,1.00325,1.70,4.00
2008.01.09 02:27:08.318,1.003,1.00325,1.70,4.00
2008.01.09 02:27:09.357,1.003,1.00325,1.70,4.00
2008.01.09 02:27:09.964,1.00315,1.00325,0.10,4.00
2008.01.09 02:27:10.119,1.00315,1.00335,0.10,8.90
2008.01.09 02:27:10.286,1.00315,1.0034,0.10,4.00
2008.01.09 02:27:10.455,1.00315,1.00345,0.10,4.40
2008.01.09 02:27:10.624,1.00315,1.00345,0.10,4.40
2008.01.09 02:27:11.328,1.00315,1.00345,0.10,4.40
2008.01.09 02:27:13.907,1.00305,1.0033,2.50,0.60
2008.01.09 02:27:13.970,1.00305,1.0033,2.50,0.60
2008.01.09 02:27:14.033,1.00305,1.00325,0.90,4.00
2008.01.09 02:27:14.097,1.003,1.00325,1.70,4.00
2008.01.09 02:27:14.323,1.003,1.00325,1.70,4.00
2008.01.09 02:27:14.501,1.003,1.00325,1.70,4.00
2008.01.09 02:27:14.680,1.003,1.00325,1.70,4.00
2008.01.09 02:27:14.977,1.003,1.00325,1.70,4.00
2008.01.09 02:27:15.903,1.003,1.00325,1.70,4.00
2008.01.09 02:27:16.081,1.00315,1.00335,0.10,8.10
2008.01.09 02:27:16.260,1.00315,1.00345,0.10,2.80
2008.01.09 02:27:16.439,1.00315,1.00345,0.10,2.80
2008.01.09 02:27:16.654,1.00315,1.00345,0.10,0.60
2008.01.09 02:27:16.831,1.00315,1.00345,0.10,0.60
2008.01.09 02:27:17.036,1.00315,1.00345,0.10,0.60
2008.01.09 02:27:17.239,1.00315,1.00345,0.10,0.60
2008.01.09 02:27:19.481,1.00315,1.00345,0.10,0.60
2008.01.09 02:27:21.525,1.00315,1.00345,0.10,0.60
2008.01.09 02:27:21.883,1.0032,1.0034,0.10,0.60
2008.01.09 02:27:22.150,1.0032,1.0034,0.10,0.60
2008.01.09 02:27:23.461,1.00315,1.00335,0.20,0.60
2008.01.09 02:27:23.529,1.00315,1.00335,0.20,0.60
2008.01.09 02:27:23.597,1.00315,1.00335,0.20,4.40
2008.01.09 02:27:23.665,1.00305,1.00335,2.50,4.40
2008.01.09 02:27:23.826,1.00305,1.00335,0.10,4.40
2008.01.09 02:27:23.893,1.00305,1.00335,0.10,4.40
2008.01.09 02:27:24.070,1.00305,1.00335,0.10,4.40
2008.01.09 02:27:24.376,1.00305,1.00335,0.10,4.40
2008.01.09 02:27:24.587,1.00305,1.00335,0.10,4.40
2008.01.09 02:27:24.789,1.00305,1.00335,0.10,4.40
2008.01.09 02:27:26.425,1.00305,1.00335,0.10,4.40
2008.01.09 02:27:26.629,1.00305,1.00335,0.10,4.40
2008.01.09 02:27:29.396,1.00305,1.00335,0.10,4.40
2008.01.09 02:27:31.753,1.00305,1.00335,0.10,4.40
2008.01.09 02:27:31.827,1.0031,1.0033,0.10,0.60
2008.01.09 02:27:31.915,1.0031,1.0033,0.10,0.60
2008.01.09 02:27:34.406,1.0031,1.0033,0.10,0.60
2008.01.09 02:27:36.689,1.0031,1.0033,0.10,0.60
2008.01.09 02:27:39.423,1.0031,1.0033,0.10,0.60
2008.01.09 02:27:39.771,1.00305,1.0033,0.30,0.60
2008.01.09 02:27:40.792,1.003,1.00335,3.50,4.60
2008.01.09 02:27:40.922,1.003,1.00335,3.30,4.40
2008.01.09 02:27:41.714,1.003,1.00335,3.30,4.40
2008.01.09 02:27:41.843,1.0031,1.0033,0.10,0.60
2008.01.09 02:27:42.061,1.0031,1.0033,0.10,0.60
2008.01.09 02:27:44.428,1.0031,1.0033,0.10,0.60
2008.01.09 02:27:46.746,1.00305,1.0033,0.30,0.60
2008.01.09 02:27:49.518,1.0031,1.0033,0.10,0.60
2008.01.09 02:27:50.757,1.00305,1.00335,0.30,4.60
2008.01.09 02:27:50.920,1.00305,1.00335,0.10,4.40
2008.01.09 02:27:51.768,1.003,1.00335,3.30,4.40
2008.01.09 02:27:53.107,1.003,1.00335,3.30,4.40
2008.01.09 02:27:54.044,1.00305,1.00335,0.10,0.60
2008.01.09 02:27:54.443,1.00305,1.00335,0.10,0.60
2008.01.09 02:27:56.797,1.00305,1.00335,0.10,0.60
2008.01.09 02:27:58.600,1.003,1.00335,2.50,0.60
2008.01.09 02:27:58.964,1.003,1.0034,2.60,1.20
2008.01.09 02:27:59.535,1.003,1.0034,2.50,1.20
2008.01.09 02:27:59.789,1.00305,1.00335,0.10,0.60
2008.01.09 02:28:00.710,1.0031,1.0033,0.10,0.60
2008.01.09 02:28:00.987,1.00305,1.00335,0.30,1.20
2008.01.09 02:28:01.909,1.0031,1.0033,0.10,0.60
2008.01.09 02:28:04.468,1.00305,1.00335,0.30,1.20
2008.01.09 02:28:06.925,1.00305,1.00335,0.30,1.20
2008.01.09 02:28:09.458,1.0031,1.0033,0.10,0.60
2008.01.09 02:28:09.623,1.0031,1.00335,0.10,1.20
2008.01.09 02:28:09.700,1.0031,1.0034,0.10,0.80
2008.01.09 02:28:09.779,1.0031,1.0034,0.10,0.60
2008.01.09 02:28:10.266,1.0031,1.0034,1.70,0.60
2008.01.09 02:28:10.757,1.0031,1.00345,1.70,6.00
2008.01.09 02:28:11.957,1.0031,1.0034,1.70,0.60
2008.01.09 02:28:12.525,1.0031,1.00345,1.70,6.00
2008.01.09 02:28:14.486,1.0031,1.00345,1.70,6.00
2008.01.09 02:28:16.984,1.0031,1.00345,1.70,6.00
2008.01.09 02:28:17.090,1.00325,1.00345,0.10,0.80
2008.01.09 02:28:17.280,1.00325,1.00355,0.10,14.90
2008.01.09 02:28:17.388,1.00325,1.0036,0.10,4.00
2008.01.09 02:28:17.509,1.00325,1.00355,0.10,0.80
2008.01.09 02:28:17.796,1.00325,1.00355,0.10,0.60
2008.01.09 02:28:18.085,1.00325,1.00355,0.10,0.60
2008.01.09 02:28:18.373,1.00325,1.0036,0.10,1.20
2008.01.09 02:28:18.749,1.00325,1.0036,0.10,1.20
2008.01.09 02:28:19.474,1.00325,1.0036,0.10,1.20
2008.01.09 02:28:20.544,1.0032,1.00375,0.10,28.90
2008.01.09 02:28:20.798,1.0032,1.00365,0.10,0.20
2008.01.09 02:28:20.921,1.0032,1.0039,0.10,7.60
2008.01.09 02:28:21.027,1.00325,1.00375,30.80,0.90
2008.01.09 02:28:21.085,1.00325,1.00375,30.80,0.70
2008.01.09 02:28:21.145,1.00325,1.0039,30.80,0.70
2008.01.09 02:28:21.278,1.00325,1.00395,30.80,28.20
2008.01.09 02:28:21.693,1.00325,1.00395,30.80,28.20
2008.01.09 02:28:22.010,1.00325,1.00395,30.80,28.20
2008.01.09 02:28:22.212,1.00325,1.00395,30.80,28.20
2008.01.09 02:28:24.493,1.00325,1.00395,30.80,28.20
2008.01.09 02:28:26.705,1.00325,1.0039,30.80,5.20
2008.01.09 02:28:26.762,1.00325,1.00355,30.80,0.80
2008.01.09 02:28:26.938,1.00325,1.00365,30.80,12.80
2008.01.09 02:28:27.143,1.00325,1.00355,30.80,0.50
2008.01.09 02:28:27.319,1.00325,1.00365,30.80,15.20
2008.01.09 02:28:27.722,1.00325,1.00365,30.80,15.20
2008.01.09 02:28:27.895,1.00325,1.00365,30.80,15.20
2008.01.09 02:28:28.186,1.00325,1.00355,30.80,0.90
2008.01.09 02:28:28.717,1.00325,1.00365,30.80,16.00
2008.01.09 02:28:29.598,1.00325,1.00355,30.80,0.80
2008.01.09 02:28:32.078,1.00325,1.00365,30.80,16.00
2008.01.09 02:28:32.315,1.00325,1.00355,30.80,0.80
2008.01.09 02:28:36.275,1.00325,1.00365,30.80,16.00
2008.01.09 02:28:36.314,1.00325,1.00365,30.90,19.20
2008.01.09 02:28:37.122,1.00325,1.00365,30.90,19.20
2008.01.09 02:28:39.508,1.00325,1.00355,30.90,0.80
2008.01.09 02:28:42.182,1.00325,1.00365,30.90,19.20
2008.01.09 02:28:44.530,1.00325,1.00355,30.90,0.50
2008.01.09 02:28:46.204,1.00325,1.00365,30.90,12.00
2008.01.09 02:28:46.273,1.00325,1.0037,30.90,6.40
2008.01.09 02:28:46.341,1.00325,1.00365,30.90,0.70
2008.01.09 02:28:46.511,1.00325,1.00365,30.90,0.60
2008.01.09 02:28:46.661,1.00325,1.0039,30.90,25.20
2008.01.09 02:28:47.199,1.00325,1.0039,30.90,25.20
2008.01.09 02:28:47.412,1.00325,1.0039,30.90,25.20
2008.01.09 02:28:49.149,1.00325,1.00385,30.90,0.50
2008.01.09 02:28:49.273,1.00325,1.00385,30.80,0.90
2008.01.09 02:28:49.396,1.00325,1.00395,30.80,10.40
2008.01.09 02:28:49.610,1.00325,1.00395,30.80,10.40
2008.01.09 02:28:49.728,1.00335,1.00395,2.40,6.40
2008.01.09 02:28:49.853,1.00335,1.00395,13.60,2.40
2008.01.09 02:28:50.100,1.00335,1.004,13.60,0.60
2008.01.09 02:28:50.350,1.00335,1.004,16.00,0.60
2008.01.09 02:28:50.914,1.00335,1.004,16.00,0.60
2008.01.09 02:28:52.222,1.00335,1.004,16.00,0.60
2008.01.09 02:28:53.102,1.0034,1.00405,0.10,21.70
2008.01.09 02:28:53.302,1.0034,1.00405,3.30,5.60
2008.01.09 02:28:53.466,1.0034,1.00415,3.30,10.40
2008.01.09 02:28:53.630,1.0034,1.00415,3.30,10.40
2008.01.09 02:28:53.793,1.0034,1.00415,3.30,10.40
2008.01.09 02:28:53.957,1.00345,1.00415,2.40,8.00
2008.01.09 02:28:54.293,1.00345,1.00415,2.40,8.00
2008.01.09 02:28:54.633,1.00345,1.00415,2.40,8.00
2008.01.09 02:28:54.665,1.00345,1.00415,2.40,8.00
2008.01.09 02:28:55.193,1.00345,1.00415,2.40,8.00
2008.01.09 02:28:57.217,1.00345,1.0037,2.40,0.80
2008.01.09 02:28:57.351,1.00345,1.00365,2.40,4.00
2008.01.09 02:28:57.554,1.00345,1.00365,2.40,4.00
2008.01.09 02:28:57.757,1.00345,1.00365,2.40,4.00
2008.01.09 02:28:57.963,1.0034,1.00365,0.10,4.00
2008.01.09 02:28:58.561,1.0034,1.00365,0.10,4.00
2008.01.09 02:28:59.206,1.0034,1.00365,0.10,4.00
2008.01.09 02:28:59.649,1.0034,1.00365,0.10,4.00
2008.01.09 02:29:00.214,1.0034,1.00375,0.10,3.20
2008.01.09 02:29:00.333,1.0034,1.00385,0.10,2.40
2008.01.09 02:29:00.517,1.0034,1.00385,0.10,2.40
2008.01.09 02:29:00.829,1.0034,1.00385,0.10,2.40
2008.01.09 02:29:01.041,1.0034,1.00395,0.10,15.20
2008.01.09 02:29:01.336,1.0034,1.00395,0.10,15.20
2008.01.09 02:29:01.549,1.0034,1.00395,0.10,15.20
2008.01.09 02:29:02.274,1.0034,1.00395,0.10,15.20
2008.01.09 02:29:03.183,1.0034,1.00395,0.10,15.20
2008.01.09 02:29:03.486,1.0034,1.004,0.10,4.00
2008.01.09 02:29:03.700,1.0034,1.00405,0.10,17.60
2008.01.09 02:29:03.787,1.0034,1.00405,0.10,17.60
2008.01.09 02:29:04.287,1.0034,1.00405,0.10,17.60
2008.01.09 02:29:04.656,1.0034,1.00405,0.10,17.60
2008.01.09 02:29:04.878,1.0034,1.00405,0.10,19.20
2008.01.09 02:29:05.097,1.0034,1.00405,0.10,19.20
2008.01.09 02:29:06.183,1.0035,1.004,0.10,0.60
2008.01.09 02:29:06.276,1.0035,1.004,0.10,0.60
2008.01.09 02:29:06.448,1.0035,1.004,0.10,0.60
2008.01.09 02:29:06.561,1.0035,1.004,0.10,0.60
2008.01.09 02:29:07.276,1.0035,1.004,0.10,0.60
2008.01.09 02:29:07.587,1.0035,1.004,0.10,0.60
2008.01.09 02:29:07.892,1.00345,1.0037,2.40,0.60
2008.01.09 02:29:08.096,1.00345,1.0037,2.40,0.60
2008.01.09 02:29:08.259,1.00345,1.0037,2.40,0.60
2008.01.09 02:29:08.513,1.00345,1.0037,2.40,0.60
2008.01.09 02:29:08.812,1.00345,1.0037,2.40,0.60
2008.01.09 02:29:09.566,1.00345,1.0037,2.40,0.60
2008.01.09 02:29:10.136,1.00345,1.00365,2.40,0.60
2008.01.09 02:29:10.324,1.00345,1.00365,2.40,4.40
2008.01.09 02:29:10.513,1.00335,1.00365,2.60,4.40
2008.01.09 02:29:10.702,1.00335,1.00365,2.60,4.40
2008.01.09 02:29:11.548,1.00335,1.00365,2.60,4.40
2008.01.09 02:29:12.323,1.00335,1.00365,2.60,4.40
2008.01.09 02:29:14.585,1.00335,1.00365,2.60,4.40
2008.01.09 02:29:17.352,1.00335,1.00365,2.60,4.40
2008.01.09 02:29:19.685,1.00335,1.00365,2.60,4.40
2008.01.09 02:29:22.377,1.00335,1.00365,2.60,4.40
2008.01.09 02:29:23.635,1.00335,1.00355,2.50,0.60
2008.01.09 02:29:23.811,1.00335,1.00355,2.50,0.60
2008.01.09 02:29:23.933,1.00335,1.00355,0.20,0.60
2008.01.09 02:29:24.057,1.00335,1.00355,0.20,0.60
2008.01.09 02:29:24.315,1.00325,1.00355,33.30,0.60
2008.01.09 02:29:24.439,1.00325,1.00355,30.90,0.60
2008.01.09 02:29:24.625,1.00325,1.00355,30.90,0.60
2008.01.09 02:29:25.572,1.00325,1.00355,30.90,0.60
2008.01.09 02:29:26.645,1.00325,1.0036,30.90,1.20
2008.01.09 02:29:27.462,1.00325,1.0036,30.90,1.20
2008.01.09 02:29:28.894,1.00335,1.0036,0.20,1.20
2008.01.09 02:29:29.593,1.00335,1.00355,0.20,0.60
2008.01.09 02:29:32.135,1.00335,1.0037,0.30,10.00
2008.01.09 02:29:32.295,1.00335,1.00365,0.30,0.70
2008.01.09 02:29:32.397,1.00335,1.0037,0.30,8.80
2008.01.09 02:29:32.607,1.00335,1.00365,0.30,0.50
2008.01.09 02:29:32.820,1.00335,1.00365,0.30,0.90
2008.01.09 02:29:32.923,1.00335,1.00365,0.30,0.90
2008.01.09 02:29:33.026,1.00335,1.00365,0.30,0.70
2008.01.09 02:29:34.702,1.00335,1.0037,0.30,8.80
2008.01.09 02:29:35.673,1.00335,1.0036,0.20,1.20
2008.01.09 02:29:36.007,1.00325,1.0036,33.30,1.20
2008.01.09 02:29:36.340,1.00325,1.0036,33.30,1.20
2008.01.09 02:29:36.428,1.00325,1.0036,30.90,1.20
2008.01.09 02:29:37.113,1.00325,1.0036,30.90,1.20
2008.01.09 02:29:37.538,1.00325,1.00355,30.90,0.60
2008.01.09 02:29:39.718,1.00325,1.0036,30.90,1.20
2008.01.09 02:29:40.410,1.00335,1.0036,0.20,1.20
2008.01.09 02:29:42.648,1.00335,1.0036,0.20,1.20
2008.01.09 02:29:44.705,1.00335,1.00355,0.20,0.60
2008.01.09 02:29:45.371,1.00335,1.00355,0.20,0.60
2008.01.09 02:29:45.509,1.00325,1.00355,30.90,0.60
2008.01.09 02:29:45.648,1.00325,1.0036,30.90,1.20
2008.01.09 02:29:45.786,1.00355,1.0036,22.00,0.60
2008.01.09 02:29:45.991,1.00355,1.0036,22.80,0.60
2008.01.09 02:29:46.194,1.00355,1.0036,22.80,0.60
2008.01.09 02:29:46.574,1.00355,1.0036,22.80,0.60
2008.01.09 02:29:46.778,1.00355,1.0036,22.80,0.60
2008.01.09 02:29:47.667,1.00355,1.0036,22.80,0.60
2008.01.09 02:29:47.795,1.00355,1.0036,22.80,0.60
2008.01.09 02:29:49.431,1.00355,1.0036,22.80,0.60
2008.01.09 02:29:49.509,1.00335,1.00355,1.60,0.60
2008.01.09 02:29:49.588,1.00335,1.00355,0.20,0.60
2008.01.09 02:29:49.709,1.00335,1.0036,0.20,1.20
2008.01.09 02:29:49.844,1.00335,1.0036,0.20,1.20
2008.01.09 02:29:50.047,1.00335,1.0036,0.20,1.20
2008.01.09 02:29:50.466,1.00335,1.00355,0.20,0.60
2008.01.09 02:29:52.610,1.00335,1.0036,0.20,1.20
2008.01.09 02:29:52.811,1.00355,1.0036,22.80,0.60
2008.01.09 02:29:52.969,1.00355,1.0036,22.80,0.60
2008.01.09 02:29:53.214,1.00355,1.00375,22.80,28.10
2008.01.09 02:29:53.548,1.00355,1.0038,22.80,7.20
2008.01.09 02:29:53.882,1.00355,1.00395,22.80,24.20
2008.01.09 02:29:54.741,1.00355,1.00395,22.80,24.20
2008.01.09 02:29:56.401,1.00325,1.0039,22.80,4.40
2008.01.09 02:29:56.520,1.00325,1.0039,22.80,4.40
2008.01.09 02:29:57.554,1.00325,1.0039,22.80,4.40
2008.01.09 02:29:57.719,1.00325,1.0039,22.80,4.40
2008.01.09 02:29:59.759,1.00325,1.0039,22.80,4.40
2008.01.09 02:30:02.845,1.00325,1.0039,22.80,4.40
2008.01.09 02:30:04.753,1.00325,1.0039,22.80,4.40
2008.01.09 02:30:07.784,1.00325,1.0039,22.80,4.40
2008.01.09 02:30:09.773,1.00325,1.0039,22.80,4.40
2008.01.09 02:30:12.805,1.00325,1.0039,22.80,4.40
2008.01.09 02:30:14.670,1.00325,1.0039,22.80,4.40
2008.01.09 02:30:16.306,1.00325,1.0039,22.80,4.40
2008.01.09 02:30:17.831,1.00325,1.0039,22.80,4.40
2008.01.09 02:30:18.363,1.00325,1.00365,22.80,5.60
2008.01.09 02:30:18.547,1.00335,1.00365,0.20,5.60
2008.01.09 02:30:18.730,1.00335,1.00365,0.20,5.60
2008.01.09 02:30:19.001,1.00335,1.00365,0.20,5.60
2008.01.09 02:30:19.184,1.00335,1.00365,0.20,5.60
2008.01.09 02:30:19.587,1.00335,1.00365,0.20,5.60
2008.01.09 02:30:19.829,1.00335,1.00365,0.20,5.60
2008.01.09 02:30:19.971,1.00335,1.00365,0.20,5.60
2008.01.09 02:30:20.350,1.00335,1.00365,0.20,6.40
2008.01.09 02:30:21.015,1.00335,1.00365,0.20,6.40
2008.01.09 02:30:22.221,1.00355,1.00365,6.80,6.40
2008.01.09 02:30:22.454,1.00355,1.00365,6.80,6.40
2008.01.09 02:30:22.673,1.00355,1.00365,6.80,6.40
2008.01.09 02:30:23.360,1.0036,1.0037,6.80,17.60
2008.01.09 02:30:23.933,1.0034,1.0036,1.60,6.40
2008.01.09 02:30:24.232,1.0034,1.0036,1.60,6.40
2008.01.09 02:30:24.411,1.0034,1.0036,1.60,6.40
2008.01.09 02:30:24.699,1.0034,1.0036,1.60,6.40
2008.01.09 02:30:25.343,1.0036,1.0037,6.80,15.20
2008.01.09 02:30:25.531,1.0036,1.0037,6.80,12.80
2008.01.09 02:30:25.719,1.0036,1.0037,6.80,2.40
2008.01.09 02:30:25.907,1.0036,1.0037,6.80,2.40
2008.01.09 02:30:26.096,1.0036,1.0039,6.80,23.30
2008.01.09 02:30:27.022,1.0036,1.004,6.80,33.30
2008.01.09 02:30:27.788,1.0036,1.004,6.80,33.30
2008.01.09 02:30:27.998,1.0036,1.004,6.90,33.30
2008.01.09 02:30:29.705,1.0036,1.004,6.90,33.30
2008.01.09 02:30:32.902,1.0036,1.0039,6.90,0.70
2008.01.09 02:30:34.804,1.0036,1.0039,6.90,0.60
2008.01.09 02:30:35.305,1.0036,1.004,6.90,33.30
2008.01.09 02:30:37.959,1.0036,1.0039,6.90,0.50
2008.01.09 02:30:39.726,1.0036,1.0039,6.90,0.90
2008.01.09 02:30:43.056,1.0036,1.004,6.90,33.30
2008.01.09 02:30:44.838,1.0036,1.0039,6.90,0.70
2008.01.09 02:30:47.596,1.0036,1.004,6.90,33.30
2008.01.09 02:30:48.085,1.0036,1.004,6.90,33.30
2008.01.09 02:30:48.374,1.0036,1.004,6.90,33.30
2008.01.09 02:30:48.573,1.0036,1.004,6.90,32.50
2008.01.09 02:30:48.657,1.0036,1.004,6.90,30.10
2008.01.09 02:30:48.783,1.0036,1.004,6.90,29.30
2008.01.09 02:30:48.885,1.0038,1.0039,0.80,0.90
2008.01.09 02:30:48.970,1.0038,1.0039,2.40,0.60
2008.01.09 02:30:49.053,1.0038,1.0039,2.40,0.60
2008.01.09 02:30:49.136,1.0039,1.00395,1.60,0.90
2008.01.09 02:30:49.399,1.0039,1.00395,1.60,0.90
2008.01.09 02:30:49.663,1.0039,1.00405,1.60,1.20
2008.01.09 02:30:49.927,1.0039,1.00405,1.60,1.20
2008.01.09 02:30:50.192,1.0039,1.00405,1.60,1.20
2008.01.09 02:30:50.360,1.0039,1.00405,1.60,1.20
2008.01.09 02:30:50.540,1.0039,1.00405,1.60,1.20
2008.01.09 02:30:51.049,1.0039,1.004,1.60,0.60
2008.01.09 02:30:52.550,1.0039,1.004,1.60,0.60
2008.01.09 02:30:52.802,1.00385,1.00405,1.60,1.20
2008.01.09 02:30:53.198,1.00385,1.00405,1.60,1.20
2008.01.09 02:30:53.574,1.00385,1.00405,1.60,1.20
2008.01.09 02:30:53.786,1.00385,1.004,1.60,0.60
2008.01.09 02:30:54.094,1.00385,1.004,1.60,0.60
2008.01.09 02:30:54.287,1.00385,1.004,1.60,0.60
2008.01.09 02:30:54.490,1.00375,1.00405,8.80,1.20
2008.01.09 02:30:54.757,1.00375,1.004,8.80,0.60
2008.01.09 02:30:54.954,1.00395,1.00415,2.40,4.20
2008.01.09 02:30:55.157,1.00395,1.0042,2.40,0.60
2008.01.09 02:30:55.452,1.00395,1.0042,2.40,0.60
2008.01.09 02:30:55.665,1.00395,1.00425,2.40,10.00
2008.01.09 02:30:55.879,1.00395,1.0042,2.40,0.60
2008.01.09 02:30:56.147,1.00395,1.00425,2.40,10.00
2008.01.09 02:30:57.088,1.00395,1.0042,2.40,0.60
2008.01.09 02:30:57.373,1.00395,1.0042,2.40,0.60
2008.01.09 02:30:57.630,1.00395,1.0042,2.40,0.60
2008.01.09 02:30:58.224,1.00395,1.0042,2.40,0.60
2008.01.09 02:30:58.572,1.00395,1.0042,2.40,0.60
2008.01.09 02:30:58.770,1.00395,1.0042,2.60,0.60
2008.01.09 02:30:58.968,1.00395,1.0042,2.60,0.60
2008.01.09 02:30:59.362,1.00395,1.0042,2.60,0.60
2008.01.09 02:30:59.848,1.00395,1.0042,2.60,0.60
2008.01.09 02:30:59.921,1.00395,1.0042,2.60,0.60
2008.01.09 02:31:02.835,1.00395,1.0041,2.60,0.60
2008.01.09 02:31:02.960,1.00395,1.0041,2.60,0.60
2008.01.09 02:31:03.084,1.00395,1.0041,2.60,0.60
2008.01.09 02:31:03.208,1.00395,1.0041,0.30,0.60
2008.01.09 02:31:03.361,1.00395,1.0041,0.30,0.60
2008.01.09 02:31:03.721,1.00395,1.0041,0.30,0.60
2008.01.09 02:31:04.768,1.00395,1.0041,0.30,0.60
2008.01.09 02:31:07.625,1.00395,1.0041,0.20,0.60
2008.01.09 02:31:07.922,1.00395,1.00415,0.20,6.50
2008.01.09 02:31:08.027,1.00395,1.0042,2.60,2.00
2008.01.09 02:31:08.174,1.00395,1.0042,2.60,0.60
2008.01.09 02:31:08.457,1.00395,1.0042,2.60,0.60
2008.01.09 02:31:08.914,1.00395,1.0042,2.60,0.60
2008.01.09 02:31:09.108,1.00395,1.0042,2.60,0.60
2008.01.09 02:31:09.320,1.00395,1.0042,2.60,0.60
2008.01.09 02:31:09.849,1.00395,1.0042,2.60,0.60
2008.01.09 02:31:13.495,1.00395,1.0042,2.60,0.60
2008.01.09 02:31:14.793,1.00395,1.0042,2.60,0.60
2008.01.09 02:31:18.615,1.00395,1.0042,2.60,0.60
2008.01.09 02:31:19.784,1.00395,1.0042,2.60,0.60
2008.01.09 02:31:21.677,1.0039,1.0042,2.70,0.60
2008.01.09 02:31:23.556,1.00395,1.0042,0.60,0.60
2008.01.09 02:31:24.894,1.0039,1.0042,2.70,0.60
2008.01.09 02:31:26.913,1.00385,1.00415,6.30,0.60
2008.01.09 02:31:27.086,1.00385,1.00415,6.40,4.40
2008.01.09 02:31:27.093,1.00385,1.00415,6.90,4.40
2008.01.09 02:31:27.303,1.00385,1.00415,6.90,4.40
2008.01.09 02:31:27.419,1.0039,1.00415,0.30,4.00
2008.01.09 02:31:27.503,1.0039,1.00415,0.30,4.00
2008.01.09 02:31:27.586,1.0039,1.0042,2.70,1.20
2008.01.09 02:31:27.685,1.0039,1.0042,2.70,0.60
2008.01.09 02:31:27.767,1.00385,1.00415,6.30,0.60
2008.01.09 02:31:27.851,1.00385,1.00415,6.30,0.60
2008.01.09 02:31:28.322,1.00385,1.00415,6.30,0.60
2008.01.09 02:31:28.526,1.00395,1.00415,1.10,0.60
2008.01.09 02:31:28.840,1.00395,1.00415,1.50,0.60
2008.01.09 02:31:29.356,1.00395,1.00415,1.10,0.60
2008.01.09 02:31:29.847,1.00395,1.00415,1.10,0.60
2008.01.09 02:31:30.445,1.00385,1.00415,6.30,0.60
2008.01.09 02:31:30.604,1.00395,1.00415,0.20,4.40
2008.01.09 02:31:30.862,1.00385,1.00415,6.90,4.40
2008.01.09 02:31:31.386,1.00385,1.00415,6.90,4.40
2008.01.09 02:31:31.877,1.00395,1.00415,0.20,4.00
2008.01.09 02:31:32.046,1.00395,1.0042,0.20,1.20
2008.01.09 02:31:32.175,1.00395,1.0042,0.30,0.60
2008.01.09 02:31:32.310,1.00395,1.0042,0.30,0.60
2008.01.09 02:31:33.112,1.0039,1.0042,0.40,0.60
2008.01.09 02:31:33.697,1.00395,1.0042,0.30,0.60
2008.01.09 02:31:33.955,1.00385,1.00425,10.40,7.80
2008.01.09 02:31:34.078,1.00385,1.00425,14.30,5.40
2008.01.09 02:31:34.287,1.00385,1.00425,14.30,4.40
2008.01.09 02:31:34.470,1.00395,1.0042,1.10,0.60
2008.01.09 02:31:34.653,1.0039,1.0042,0.40,0.60
2008.01.09 02:31:34.926,1.00395,1.0042,0.30,0.60
2008.01.09 02:31:35.149,1.0039,1.0042,0.40,0.60
2008.01.09 02:31:35.332,1.00395,1.0042,0.30,0.60
2008.01.09 02:31:38.638,1.00395,1.0042,0.30,0.60
2008.01.09 02:31:39.831,1.00395,1.0042,0.30,0.60
2008.01.09 02:31:43.745,1.0039,1.0042,0.40,0.60
2008.01.09 02:31:44.833,1.0039,1.0042,0.40,0.60
2008.01.09 02:31:45.524,1.00395,1.0042,0.30,0.60
2008.01.09 02:31:46.834,1.00395,1.00415,0.40,0.60
2008.01.09 02:31:48.777,1.00385,1.00415,9.60,0.60
2008.01.09 02:31:49.795,1.00395,1.00415,0.40,0.60
2008.01.09 02:31:50.077,1.00395,1.00415,0.40,0.60
2008.01.09 02:31:50.312,1.00385,1.00415,9.60,0.60
2008.01.09 02:31:53.800,1.00395,1.00415,0.40,0.60
2008.01.09 02:31:54.864,1.00395,1.00415,0.40,0.60
2008.01.09 02:31:55.974,1.00395,1.00425,0.40,7.80
2008.01.09 02:31:56.128,1.00395,1.00425,2.70,5.40
2008.01.09 02:31:56.196,1.00395,1.00425,2.70,4.40
2008.01.09 02:31:56.309,1.00395,1.00425,2.70,4.40
2008.01.09 02:31:56.540,1.00395,1.00425,2.70,4.40
2008.01.09 02:31:56.706,1.00395,1.00425,2.70,4.40
2008.01.09 02:31:56.783,1.004,1.0042,0.10,0.60
2008.01.09 02:31:56.939,1.004,1.0042,0.10,0.60
2008.01.09 02:31:57.006,1.004,1.0042,0.10,0.60
2008.01.09 02:31:57.077,1.004,1.0042,0.10,0.60
2008.01.09 02:31:57.262,1.004,1.0042,0.10,0.60
2008.01.09 02:31:57.471,1.004,1.0042,0.10,0.60
2008.01.09 02:31:58.890,1.004,1.0042,0.10,0.60
2008.01.09 02:31:59.857,1.004,1.0042,0.10,0.60
2008.01.09 02:32:03.918,1.004,1.0042,0.10,0.60
2008.01.09 02:32:04.871,1.004,1.0042,0.10,0.60
2008.01.09 02:32:06.765,1.00395,1.00425,2.90,4.60
2008.01.09 02:32:06.904,1.00395,1.00425,2.80,4.40
2008.01.09 02:32:09.011,1.00395,1.00425,2.80,4.40
2008.01.09 02:32:09.971,1.00395,1.00425,2.80,4.40
2008.01.09 02:32:11.013,1.00395,1.00425,1.20,4.40
2008.01.09 02:32:14.130,1.00395,1.00425,1.30,4.40
2008.01.09 02:32:14.902,1.00385,1.00425,17.60,4.40
2008.01.09 02:32:19.085,1.00395,1.00425,0.70,4.40
2008.01.09 02:32:19.895,1.00395,1.00425,1.70,4.40
2008.01.09 02:32:22.089,1.00385,1.00425,17.60,4.40
2008.01.09 02:32:22.606,1.00395,1.00425,1.20,4.40
2008.01.09 02:32:24.196,1.00385,1.00425,17.60,4.40
2008.01.09 02:32:24.910,1.00385,1.00425,17.60,4.40
2008.01.09 02:32:27.792,1.00395,1.00425,0.50,0.60
2008.01.09 02:32:29.125,1.00385,1.00425,8.10,0.60
2008.01.09 02:32:29.917,1.00385,1.00425,8.10,0.60
2008.01.09 02:32:34.155,1.00395,1.00425,0.50,0.60
2008.01.09 02:32:34.932,1.00385,1.00425,8.10,0.60
2008.01.09 02:32:39.184,1.00385,1.0043,0.80,0.80
2008.01.09 02:32:39.934,1.00385,1.0043,0.80,0.80
2008.01.09 02:32:43.120,1.00385,1.0044,0.80,4.80
2008.01.09 02:32:44.229,1.00385,1.0044,0.80,4.80
2008.01.09 02:32:44.936,1.00385,1.0044,0.80,4.80
2008.01.09 02:32:49.267,1.00385,1.0044,0.80,4.80
2008.01.09 02:32:49.937,1.00385,1.0044,0.80,4.80
2008.01.09 02:32:50.290,1.004,1.0044,0.40,22.50
2008.01.09 02:32:50.583,1.004,1.0044,0.40,23.30
2008.01.09 02:32:54.367,1.004,1.0043,0.40,0.80
2008.01.09 02:32:54.949,1.004,1.0043,0.40,0.50
2008.01.09 02:32:56.038,1.004,1.0043,0.40,0.50
2008.01.09 02:32:56.824,1.004,1.0044,0.40,23.30
2008.01.09 02:32:57.029,1.004,1.0043,0.40,0.50
2008.01.09 02:32:59.488,1.004,1.0044,0.40,23.30
2008.01.09 02:33:00.061,1.004,1.0044,0.40,23.30
2008.01.09 02:33:04.509,1.004,1.0044,0.40,23.30
2008.01.09 02:33:04.976,1.004,1.0044,0.40,23.30
2008.01.09 02:33:09.623,1.004,1.0043,0.40,0.70
2008.01.09 02:33:10.084,1.004,1.0044,0.40,23.30
2008.01.09 02:33:13.110,1.00395,1.0041,0.40,0.60
2008.01.09 02:33:13.214,1.00395,1.0041,0.40,0.60
2008.01.09 02:33:13.443,1.00395,1.0041,0.30,0.60
2008.01.09 02:33:13.622,1.00395,1.0041,0.30,0.60
2008.01.09 02:33:13.801,1.00395,1.0041,0.30,0.60
2008.01.09 02:33:14.239,1.00395,1.0041,0.20,0.60
2008.01.09 02:33:14.371,1.00395,1.0041,0.20,0.60
2008.01.09 02:33:14.547,1.00395,1.0041,0.20,0.60
2008.01.09 02:33:14.985,1.00395,1.0041,0.20,0.60
2008.01.09 02:33:15.178,1.00395,1.0041,0.50,0.60
2008.01.09 02:33:15.322,1.00395,1.0041,0.50,0.60
2008.01.09 02:33:17.774,1.00395,1.0041,0.50,0.60
2008.01.09 02:33:17.962,1.00385,1.0041,0.30,0.60
2008.01.09 02:33:18.141,1.00395,1.0041,0.30,0.60
2008.01.09 02:33:18.319,1.00395,1.0041,0.30,0.60
2008.01.09 02:33:19.109,1.00395,1.0041,0.30,0.60
2008.01.09 02:33:19.668,1.00395,1.0041,0.30,0.60
2008.01.09 02:33:20.009,1.00395,1.0041,0.30,0.60
2008.01.09 02:33:20.789,1.00395,1.0041,0.30,0.60
2008.01.09 02:33:21.032,1.00395,1.0041,0.30,0.60
2008.01.09 02:33:24.598,1.00395,1.0041,0.30,0.60
2008.01.09 02:33:25.016,1.00395,1.0041,0.30,0.60
2008.01.09 02:33:25.312,1.00395,1.0041,0.20,0.60
2008.01.09 02:33:27.515,1.00385,1.0041,1.00,0.60
2008.01.09 02:33:27.573,1.00385,1.0041,0.30,0.60
2008.01.09 02:33:27.870,1.00385,1.0041,0.30,0.60
2008.01.09 02:33:29.716,1.00385,1.0041,0.30,0.60
2008.01.09 02:33:30.016,1.00385,1.0041,0.30,0.60
2008.01.09 02:33:30.845,1.00385,1.0041,0.30,0.60
2008.01.09 02:33:34.608,1.00385,1.0041,0.30,0.60
2008.01.09 02:33:34.743,1.00385,1.0041,0.30,0.60
2008.01.09 02:33:35.033,1.00385,1.0041,0.30,0.60
2008.01.09 02:33:37.809,1.00385,1.0041,0.30,0.60
2008.01.09 02:33:38.206,1.00385,1.0041,0.30,0.60
2008.01.09 02:33:38.592,1.00385,1.0041,0.30,0.60
2008.01.09 02:33:39.766,1.0038,1.0041,0.40,0.60
2008.01.09 02:33:40.136,1.0038,1.0041,0.40,0.60
2008.01.09 02:33:44.893,1.0039,1.0041,0.30,2.50
2008.01.09 02:33:45.052,1.0039,1.0041,0.30,2.50
2008.01.09 02:33:45.853,1.0038,1.0041,5.50,2.50
2008.01.09 02:33:46.162,1.0039,1.0041,0.30,2.50
2008.01.09 02:33:49.528,1.0039,1.0041,0.30,1.70
2008.01.09 02:33:49.741,1.0038,1.0041,5.50,2.50
2008.01.09 02:33:50.059,1.0038,1.0041,5.50,2.50
2008.01.09 02:33:54.853,1.0039,1.0041,0.30,2.50
2008.01.09 02:33:55.062,1.0038,1.0041,5.50,2.50
2008.01.09 02:33:57.751,1.0038,1.00415,5.80,3.30
2008.01.09 02:33:59.972,1.0038,1.0041,5.50,2.50
2008.01.09 02:34:04.900,1.0039,1.0041,0.30,2.50
2008.01.09 02:34:05.174,1.0039,1.0041,0.30,2.50
2008.01.09 02:34:10.012,1.0039,1.0041,0.30,2.50
2008.01.09 02:34:11.300,1.0039,1.0041,0.30,2.50
2008.01.09 02:34:11.594,1.0039,1.0041,0.30,2.50
2008.01.09 02:34:13.731,1.0039,1.0041,0.30,6.50
2008.01.09 02:34:13.930,1.0039,1.0041,0.30,6.50
2008.01.09 02:34:14.188,1.0039,1.0041,0.30,7.30
2008.01.09 02:34:14.941,1.0039,1.0041,0.30,7.30
2008.01.09 02:34:15.114,1.0039,1.0041,0.30,7.30
2008.01.09 02:34:21.581,1.0038,1.0041,4.00,4.80
2008.01.09 02:34:25.019,1.0038,1.0041,4.00,4.80
2008.01.09 02:34:30.039,1.0038,1.0041,4.00,4.80
2008.01.09 02:34:31.628,1.0038,1.0041,4.00,0.50
2008.01.09 02:34:35.154,1.0038,1.00415,4.00,5.60
2008.01.09 02:34:40.151,1.0038,1.0041,4.00,0.70
2008.01.09 02:34:41.816,1.00385,1.0041,0.10,1.20
2008.01.09 02:34:49.674,1.00385,1.0041,0.40,1.20
2008.01.09 02:34:50.159,1.00385,1.0041,0.40,1.20
2008.01.09 02:34:50.292,1.00385,1.00405,0.40,0.60
2008.01.09 02:34:51.726,1.00385,1.00415,0.30,3.60
2008.01.09 02:34:55.257,1.00385,1.00415,0.30,3.60
2008.01.09 02:35:00.218,1.00385,1.00415,0.30,3.60
2008.01.09 02:35:01.055,1.00385,1.0041,0.30,0.60
2008.01.09 02:35:01.503,1.00385,1.0041,0.60,0.60
2008.01.09 02:35:01.653,1.00385,1.0041,0.60,0.60
2008.01.09 02:35:01.802,1.00385,1.00405,0.70,0.60
2008.01.09 02:35:05.281,1.00385,1.00405,0.70,0.60
2008.01.09 02:35:10.280,1.00385,1.00405,0.70,0.60
2008.01.09 02:35:10.364,1.00385,1.00405,0.70,0.60
2008.01.09 02:35:14.024,1.00385,1.00405,0.70,0.60
2008.01.09 02:35:14.163,1.00385,1.00405,0.70,0.60
2008.01.09 02:35:14.368,1.00385,1.00405,0.70,0.60
2008.01.09 02:35:15.208,1.00385,1.00405,0.70,0.60
2008.01.09 02:35:20.218,1.00385,1.00405,0.70,0.60
2008.01.09 02:35:20.510,1.00385,1.00405,0.70,0.60
2008.01.09 02:35:25.120,1.00385,1.0041,0.70,1.20
2008.01.09 02:35:25.224,1.00385,1.00405,0.70,0.60
2008.01.09 02:35:25.540,1.00385,1.00405,0.70,0.60
2008.01.09 02:35:28.373,1.0039,1.0042,0.10,8.70
2008.01.09 02:35:28.456,1.0039,1.0042,0.10,7.90
2008.01.09 02:35:28.539,1.0039,1.00415,0.10,0.50
2008.01.09 02:35:28.714,1.0039,1.0042,0.10,0.60
2008.01.09 02:35:28.846,1.0039,1.00425,0.10,12.40
2008.01.09 02:35:28.979,1.0039,1.00425,0.10,12.40
2008.01.09 02:35:29.114,1.0039,1.0042,0.10,0.60
2008.01.09 02:35:29.341,1.00395,1.00425,0.50,10.00
2008.01.09 02:35:29.473,1.00395,1.0042,0.50,0.60
2008.01.09 02:35:29.637,1.00395,1.00425,0.50,10.00
2008.01.09 02:35:30.287,1.00395,1.00425,0.50,10.00
2008.01.09 02:35:30.765,1.00395,1.00425,0.50,10.00
2008.01.09 02:35:35.246,1.00395,1.0042,0.50,0.60
2008.01.09 02:35:35.697,1.00395,1.00425,0.50,10.00
2008.01.09 02:35:40.292,1.00395,1.00425,0.50,10.00
2008.01.09 02:35:40.833,1.00395,1.00425,0.50,10.00
2008.01.09 02:35:45.262,1.00395,1.0042,0.50,0.60
2008.01.09 02:35:45.862,1.00395,1.00425,0.50,10.00
2008.01.09 02:35:50.269,1.00395,1.0042,0.50,0.60
2008.01.09 02:35:50.500,1.00395,1.00425,0.50,10.00
2008.01.09 02:35:51.087,1.00395,1.00425,0.50,10.00
2008.01.09 02:35:55.276,1.00395,1.0042,0.50,0.60
2008.01.09 02:35:56.199,1.00395,1.0042,0.50,0.60
2008.01.09 02:36:00.277,1.004,1.0042,0.50,1.70
2008.01.09 02:36:01.235,1.004,1.0042,0.50,1.70
2008.01.09 02:36:03.437,1.004,1.0042,0.50,1.70
2008.01.09 02:36:03.569,1.0039,1.0042,0.50,1.70
2008.01.09 02:36:04.459,1.0039,1.0042,0.50,1.70
2008.01.09 02:36:04.795,1.00395,1.00415,0.10,0.60
2008.01.09 02:36:05.373,1.00395,1.00415,0.10,0.60
2008.01.09 02:36:06.264,1.00395,1.00415,0.10,0.60
2008.01.09 02:36:10.308,1.00395,1.00415,0.10,0.60
2008.01.09 02:36:11.312,1.00395,1.00415,0.10,0.60
2008.01.09 02:36:14.128,1.00395,1.00415,0.10,0.60
2008.01.09 02:36:14.535,1.00395,1.00415,0.10,0.60
2008.01.09 02:36:14.749,1.0039,1.0042,0.10,0.60
2008.01.09 02:36:15.302,1.0039,1.0042,0.10,0.60
2008.01.09 02:36:16.212,1.00395,1.0042,0.30,0.60
2008.01.09 02:36:16.411,1.00395,1.0042,0.30,0.60
2008.01.09 02:36:17.146,1.00395,1.0042,0.30,0.60
2008.01.09 02:36:17.347,1.00395,1.0042,0.30,0.60
2008.01.09 02:36:20.421,1.00395,1.0042,0.30,0.60
2008.01.09 02:36:21.368,1.00395,1.0042,0.30,0.60
2008.01.09 02:36:24.718,1.00395,1.00415,0.40,0.60
2008.01.09 02:36:25.320,1.00395,1.00415,0.40,0.60
2008.01.09 02:36:26.413,1.00395,1.00415,0.40,0.60
2008.01.09 02:36:29.089,1.00395,1.00415,0.40,0.60
2008.01.09 02:36:29.294,1.00395,1.00415,0.40,0.60
2008.01.09 02:36:30.411,1.00395,1.00415,0.40,0.60
2008.01.09 02:36:30.454,1.00395,1.0042,0.40,1.20
2008.01.09 02:36:30.525,1.00395,1.00415,0.40,0.60
2008.01.09 02:36:31.437,1.00395,1.0042,0.40,1.20
2008.01.09 02:36:35.350,1.00395,1.00415,0.40,0.60
2008.01.09 02:36:36.559,1.00395,1.00415,0.40,0.60
2008.01.09 02:36:40.359,1.00395,1.00415,0.40,0.60
2008.01.09 02:36:41.595,1.00395,1.0042,0.40,1.20
2008.01.09 02:36:45.363,1.00395,1.0042,0.40,1.20
2008.01.09 02:36:46.631,1.00395,1.0042,0.10,1.20
2008.01.09 02:36:50.364,1.00395,1.0042,0.10,1.20
2008.01.09 02:36:50.468,1.00395,1.00415,0.40,0.60
2008.01.09 02:36:50.650,1.00395,1.0042,0.40,1.20
2008.01.09 02:36:51.736,1.00395,1.00415,0.40,0.60
2008.01.09 02:36:55.389,1.004,1.00425,0.30,2.50
2008.01.09 02:36:56.821,1.004,1.0042,0.30,0.70
2008.01.09 02:37:01.698,1.004,1.0042,0.30,1.70
2008.01.09 02:37:01.844,1.004,1.0042,0.30,1.70
2008.01.09 02:37:05.492,1.004,1.0042,0.30,1.70
2008.01.09 02:37:06.879,1.004,1.0042,0.30,1.70
2008.01.09 02:37:10.407,1.004,1.0042,0.30,1.70
2008.01.09 02:37:11.917,1.004,1.0042,0.30,1.70
2008.01.09 02:37:14.445,1.004,1.0042,0.30,7.30
2008.01.09 02:37:14.645,1.004,1.0042,0.30,8.10
2008.01.09 02:37:15.414,1.004,1.0042,0.30,8.10
2008.01.09 02:37:16.941,1.004,1.0042,0.30,8.10
2008.01.09 02:37:20.422,1.004,1.0042,0.30,8.10
2008.01.09 02:37:21.976,1.0039,1.0042,2.40,6.40
2008.01.09 02:37:25.435,1.0039,1.0042,2.40,6.40
2008.01.09 02:37:26.063,1.0039,1.0043,2.40,8.80
2008.01.09 02:37:26.997,1.0039,1.0042,2.40,0.50
2008.01.09 02:37:29.349,1.0039,1.0043,2.40,12.80
2008.01.09 02:37:29.554,1.0039,1.00425,2.40,7.20
2008.01.09 02:37:30.435,1.0039,1.0042,2.40,0.80
2008.01.09 02:37:30.803,1.0039,1.00425,2.40,7.20
2008.01.09 02:37:32.024,1.0039,1.00425,2.40,7.20
2008.01.09 02:37:34.337,1.0039,1.00425,2.80,8.90
2008.01.09 02:37:34.436,1.0039,1.00425,2.80,8.90
2008.01.09 02:37:34.566,1.0039,1.00425,2.80,8.90
2008.01.09 02:37:35.457,1.0039,1.00425,2.80,8.90
2008.01.09 02:37:37.049,1.0039,1.0042,2.80,0.70
2008.01.09 02:37:40.459,1.0039,1.00425,2.80,8.90
2008.01.09 02:37:42.071,1.0039,1.00425,2.80,8.90
2008.01.09 02:37:45.479,1.0039,1.0042,0.50,0.60
2008.01.09 02:37:46.058,1.004,1.0042,0.20,0.70
2008.01.09 02:37:46.272,1.004,1.00425,0.20,2.50
2008.01.09 02:37:47.098,1.004,1.0042,0.20,0.90
2008.01.09 02:37:50.484,1.004,1.00425,0.20,2.50
2008.01.09 02:37:50.722,1.004,1.00425,0.20,1.70
2008.01.09 02:37:51.151,1.004,1.0042,0.20,0.70
2008.01.09 02:37:52.126,1.004,1.00425,0.20,2.50
2008.01.09 02:37:55.481,1.004,1.0042,0.20,1.70
2008.01.09 02:37:57.152,1.004,1.0042,0.20,1.70
2008.01.09 02:38:00.595,1.004,1.0042,0.20,1.70
2008.01.09 02:38:02.261,1.004,1.0042,0.20,1.70
2008.01.09 02:38:05.507,1.004,1.0042,0.20,1.70
2008.01.09 02:38:07.298,1.004,1.0042,0.20,1.70
2008.01.09 02:38:10.594,1.004,1.0042,0.20,1.70
2008.01.09 02:38:12.327,1.004,1.0042,0.20,1.70
2008.01.09 02:38:14.769,1.004,1.0042,0.20,7.30
2008.01.09 02:38:14.864,1.004,1.0042,0.20,8.10
2008.01.09 02:38:15.529,1.004,1.0042,0.20,8.10
2008.01.09 02:38:17.351,1.004,1.0042,0.20,8.10
2008.01.09 02:38:20.562,1.004,1.0042,0.20,8.10
2008.01.09 02:38:22.368,1.0039,1.0042,2.40,6.40
2008.01.09 02:38:25.549,1.0039,1.0042,2.40,6.40
2008.01.09 02:38:27.402,1.0039,1.0042,2.40,6.40
2008.01.09 02:38:29.591,1.0039,1.0042,2.40,6.40
2008.01.09 02:38:29.791,1.0039,1.0042,2.40,6.40
2008.01.09 02:38:30.542,1.0039,1.0042,2.40,6.40
2008.01.09 02:38:31.329,1.0039,1.0042,2.40,6.40
2008.01.09 02:38:32.510,1.00385,1.0042,3.20,6.40
2008.01.09 02:38:35.545,1.00385,1.0042,3.20,6.40
2008.01.09 02:38:37.541,1.0039,1.0042,1.10,6.40
2008.01.09 02:38:40.553,1.00385,1.0042,3.20,6.40
2008.01.09 02:38:42.574,1.00385,1.0042,3.20,6.40
2008.01.09 02:38:45.569,1.0038,1.00425,4.80,0.80
2008.01.09 02:38:47.604,1.0038,1.00425,4.80,0.80
2008.01.09 02:38:50.580,1.00385,1.00425,0.80,0.80
2008.01.09 02:38:51.145,1.004,1.0042,0.20,0.90
2008.01.09 02:38:51.347,1.0039,1.0042,1.40,1.70
2008.01.09 02:38:52.615,1.004,1.0042,0.20,1.70
2008.01.09 02:38:55.419,1.00385,1.0042,1.30,1.70
2008.01.09 02:38:55.560,1.0038,1.0042,15.90,1.70
2008.01.09 02:38:57.736,1.0039,1.0042,0.50,1.70
2008.01.09 02:39:00.628,1.0038,1.0042,15.90,1.70
2008.01.09 02:39:00.857,1.0038,1.0042,15.90,1.70
2008.01.09 02:39:01.173,1.0038,1.0042,15.90,1.70
2008.01.09 02:39:02.766,1.0038,1.0042,15.90,1.70
2008.01.09 02:39:05.606,1.0038,1.0042,15.90,1.70
2008.01.09 02:39:06.556,1.0038,1.0042,15.90,1.20
2008.01.09 02:39:06.810,1.0038,1.0042,15.90,0.90
2008.01.09 02:39:06.973,1.00385,1.0042,1.30,0.90
2008.01.09 02:39:07.161,1.004,1.0042,0.30,0.90
2008.01.09 02:39:07.780,1.0039,1.0042,1.50,0.90
2008.01.09 02:39:07.997,1.0039,1.0042,1.50,0.90
2008.01.09 02:39:08.987,1.004,1.0042,0.30,1.70
2008.01.09 02:39:10.709,1.0039,1.0042,1.50,1.70
2008.01.09 02:39:12.827,1.004,1.0042,0.30,1.70
2008.01.09 02:39:15.105,1.004,1.0042,0.30,7.30
2008.01.09 02:39:15.279,1.004,1.0042,0.30,8.10
2008.01.09 02:39:15.708,1.0039,1.0042,3.90,8.10
2008.01.09 02:39:17.934,1.004,1.0042,0.30,8.10
2008.01.09 02:39:18.020,1.004,1.0042,0.30,8.10
2008.01.09 02:39:20.728,1.0039,1.0042,3.90,8.10
2008.01.09 02:39:22.973,1.0039,1.0042,3.90,8.10
2008.01.09 02:39:25.274,1.004,1.0042,0.30,8.10
2008.01.09 02:39:25.637,1.004,1.0042,0.30,8.10
2008.01.09 02:39:28.094,1.004,1.0042,0.30,8.10
2008.01.09 02:39:29.759,1.004,1.0042,0.30,8.10
2008.01.09 02:39:30.068,1.004,1.0042,0.30,8.10
2008.01.09 02:39:30.638,1.004,1.0042,0.30,8.10
2008.01.09 02:39:31.192,1.004,1.0042,0.30,8.10
2008.01.09 02:39:33.008,1.004,1.0042,0.30,8.10
2008.01.09 02:39:35.675,1.004,1.0042,0.30,8.10
2008.01.09 02:39:38.035,1.004,1.0042,0.30,8.10
2008.01.09 02:39:40.669,1.0039,1.0042,2.40,6.40
2008.01.09 02:39:43.061,1.0039,1.0042,2.40,6.40
2008.01.09 02:39:45.682,1.00385,1.00425,0.80,0.80
2008.01.09 02:39:48.089,1.00385,1.00425,0.80,0.80
2008.01.09 02:39:49.013,1.0038,1.00425,6.40,0.80
2008.01.09 02:39:50.679,1.0038,1.00425,6.40,0.80
2008.01.09 02:39:53.117,1.00385,1.00425,0.80,0.80
2008.01.09 02:39:55.689,1.0038,1.00425,6.40,0.80
2008.01.09 02:39:58.157,1.0038,1.00425,6.40,0.80
2008.01.09 02:40:00.808,1.0038,1.00425,6.40,0.80
2008.01.09 02:40:02.451,1.0038,1.00425,4.80,0.80
2008.01.09 02:40:02.768,1.00385,1.00425,0.80,0.80
2008.01.09 02:40:03.179,1.0038,1.00425,6.40,0.80
2008.01.09 02:40:05.701,1.0038,1.00425,6.40,0.80
2008.01.09 02:40:08.208,1.0038,1.00425,6.40,0.80
2008.01.09 02:40:09.074,1.004,1.0042,0.30,0.90
2008.01.09 02:40:09.277,1.004,1.0042,0.30,1.70
2008.01.09 02:40:10.801,1.004,1.0042,0.30,1.70
2008.01.09 02:40:13.246,1.0039,1.0042,1.50,1.70
2008.01.09 02:40:15.067,1.004,1.0042,0.30,7.30
2008.01.09 02:40:15.379,1.0039,1.0042,3.90,8.10
2008.01.09 02:40:15.783,1.0039,1.0042,3.90,8.10
2008.01.09 02:40:18.266,1.004,1.0042,0.30,8.10
2008.01.09 02:40:20.835,1.004,1.0042,0.30,8.10
2008.01.09 02:40:21.368,1.004,1.0042,0.30,8.10
2008.01.09 02:40:23.403,1.004,1.0042,0.30,8.10
2008.01.09 02:40:24.399,1.0039,1.0042,2.80,8.10
2008.01.09 02:40:24.603,1.0039,1.0042,2.80,8.10
2008.01.09 02:40:25.745,1.0039,1.0042,2.80,8.10
2008.01.09 02:40:28.383,1.0039,1.0042,2.80,8.10
2008.01.09 02:40:30.022,1.0039,1.0042,2.80,8.10
2008.01.09 02:40:30.234,1.0039,1.0042,2.80,8.10
2008.01.09 02:40:30.854,1.0039,1.0042,2.80,8.10
2008.01.09 02:40:33.417,1.0039,1.0042,2.80,8.10
2008.01.09 02:40:35.779,1.0039,1.0042,2.80,8.10
2008.01.09 02:40:35.936,1.004,1.0042,0.30,8.10
2008.01.09 02:40:36.151,1.004,1.0042,0.30,8.10
2008.01.09 02:40:38.437,1.004,1.0042,0.30,8.10
2008.01.09 02:40:40.808,1.004,1.0042,0.30,8.10
2008.01.09 02:40:43.453,1.004,1.0042,0.30,8.10
2008.01.09 02:40:45.504,1.004,1.00425,0.30,8.90
2008.01.09 02:40:45.876,1.004,1.00425,0.30,2.50
2008.01.09 02:40:48.487,1.004,1.0042,0.30,0.80
2008.01.09 02:40:50.813,1.004,1.0042,0.30,0.80
2008.01.09 02:40:53.455,1.00395,1.0043,0.40,3.60
2008.01.09 02:40:53.517,1.00395,1.0043,0.40,2.80
2008.01.09 02:40:53.575,1.00395,1.0043,0.40,2.60
2008.01.09 02:40:53.705,1.00395,1.00425,0.40,0.60
2008.01.09 02:40:53.836,1.00395,1.0043,0.40,8.80
2008.01.09 02:40:54.137,1.00395,1.00425,0.40,0.50
2008.01.09 02:40:55.803,1.00395,1.00425,0.40,0.80
2008.01.09 02:40:58.543,1.00395,1.00425,0.40,0.80
2008.01.09 02:41:00.799,1.00395,1.0043,0.40,8.80
2008.01.09 02:41:03.562,1.00395,1.0043,0.40,8.80
2008.01.09 02:41:05.811,1.00395,1.00425,0.40,0.90
2008.01.09 02:41:08.588,1.00395,1.00425,0.40,0.60
2008.01.09 02:41:10.910,1.00395,1.0043,0.40,8.80
2008.01.09 02:41:13.712,1.00395,1.00425,0.40,6.80
2008.01.09 02:41:15.841,1.00395,1.00425,0.40,6.80
2008.01.09 02:41:17.532,1.004,1.00425,0.10,6.40
2008.01.09 02:41:17.721,1.004,1.0043,0.10,1.20
2008.01.09 02:41:17.961,1.004,1.0043,0.10,0.60
2008.01.09 02:41:18.173,1.004,1.0043,0.10,0.60
2008.01.09 02:41:18.286,1.004,1.0043,0.10,0.60
2008.01.09 02:41:18.399,1.004,1.0043,0.10,0.60
2008.01.09 02:41:18.674,1.004,1.0043,0.10,0.60
2008.01.09 02:41:20.935,1.004,1.0043,0.10,0.60
2008.01.09 02:41:21.047,1.00405,1.00435,0.10,7.00
2008.01.09 02:41:21.162,1.00405,1.00435,0.10,1.40
2008.01.09 02:41:21.352,1.00405,1.00435,0.10,0.60
2008.01.09 02:41:21.467,1.004,1.0043,0.10,0.60
2008.01.09 02:41:21.581,1.004,1.0043,0.10,0.60
2008.01.09 02:41:21.695,1.00405,1.0043,0.30,0.60
2008.01.09 02:41:21.808,1.00405,1.0043,0.30,0.60
2008.01.09 02:41:22.283,1.00405,1.0043,0.30,0.60
2008.01.09 02:41:22.592,1.00405,1.0043,0.30,0.60
2008.01.09 02:41:22.830,1.00405,1.0043,0.30,0.60
2008.01.09 02:41:23.696,1.00405,1.0043,0.30,0.60
2008.01.09 02:41:24.799,1.00405,1.0043,0.30,0.60
2008.01.09 02:41:25.854,1.00405,1.0043,0.30,0.60
2008.01.09 02:41:28.734,1.00405,1.00435,0.30,7.60
2008.01.09 02:41:30.918,1.00405,1.00435,0.30,7.60
2008.01.09 02:41:32.084,1.00405,1.0043,0.30,0.60
2008.01.09 02:41:32.335,1.00405,1.0043,0.30,0.60
2008.01.09 02:41:33.756,1.00405,1.00435,0.30,10.00
2008.01.09 02:41:35.871,1.00405,1.00435,0.30,10.00
2008.01.09 02:41:38.789,1.00405,1.00435,0.30,10.00
2008.01.09 02:41:40.046,1.00405,1.00425,0.30,0.60
2008.01.09 02:41:40.156,1.00405,1.00425,0.30,0.60
2008.01.09 02:41:40.260,1.00405,1.0043,0.20,1.20
2008.01.09 02:41:40.350,1.00405,1.00425,0.20,0.60
2008.01.09 02:41:40.591,1.00405,1.0043,0.20,1.20
2008.01.09 02:41:40.776,1.00405,1.00425,0.20,0.60
2008.01.09 02:41:40.875,1.00405,1.00425,0.20,0.60
2008.01.09 02:41:41.189,1.00405,1.0043,0.20,1.20
2008.01.09 02:41:43.070,1.00405,1.0044,0.30,7.60
2008.01.09 02:41:43.154,1.00405,1.0044,0.30,7.60
2008.01.09 02:41:43.237,1.00405,1.0044,0.40,8.00
2008.01.09 02:41:43.344,1.00405,1.0044,0.40,8.80
2008.01.09 02:41:43.640,1.00405,1.0044,0.40,8.00
2008.01.09 02:41:43.784,1.00405,1.0044,0.40,6.40
2008.01.09 02:41:43.928,1.00405,1.00435,0.40,0.90
2008.01.09 02:41:44.197,1.00405,1.0044,0.40,6.40
2008.01.09 02:41:44.443,1.00405,1.00435,0.40,0.90
2008.01.09 02:41:44.647,1.00405,1.00435,0.40,0.60
2008.01.09 02:41:45.982,1.00405,1.00435,0.40,0.90
2008.01.09 02:41:48.826,1.00405,1.0044,0.40,6.40
2008.01.09 02:41:50.901,1.00405,1.0044,0.40,6.40
2008.01.09 02:41:53.381,1.00405,1.00435,0.10,0.90
2008.01.09 02:41:53.460,1.00405,1.00435,0.10,0.80
2008.01.09 02:41:53.571,1.00405,1.0044,0.10,6.40
2008.01.09 02:41:53.757,1.00405,1.00435,0.10,0.90
2008.01.09 02:41:53.835,1.00405,1.0044,0.10,6.40
2008.01.09 02:41:54.061,1.00405,1.00435,0.10,4.40
2008.01.09 02:41:54.274,1.00405,1.00435,0.10,4.40
2008.01.09 02:41:54.427,1.00405,1.00435,0.40,4.40
2008.01.09 02:41:55.299,1.00405,1.00435,0.40,4.40
2008.01.09 02:41:55.686,1.00405,1.00435,0.40,4.40
2008.01.09 02:41:55.890,1.00405,1.00435,0.40,4.40
2008.01.09 02:41:57.021,1.00405,1.00435,0.40,4.40
2008.01.09 02:41:58.883,1.00395,1.00435,10.10,4.40
2008.01.09 02:42:00.957,1.00395,1.00435,10.10,4.40
2008.01.09 02:42:03.909,1.00395,1.00435,10.10,4.40
2008.01.09 02:42:05.915,1.00395,1.00435,10.10,4.40
2008.01.09 02:42:08.438,1.00395,1.00435,10.10,4.40
2008.01.09 02:42:08.652,1.00405,1.00435,0.40,4.40
2008.01.09 02:42:09.025,1.00405,1.00435,0.40,4.40
2008.01.09 02:42:10.931,1.00405,1.00435,0.40,4.40
2008.01.09 02:42:14.058,1.004,1.0044,5.20,6.50
2008.01.09 02:42:15.934,1.004,1.0044,5.20,6.50
2008.01.09 02:42:19.179,1.004,1.0044,5.20,6.50
2008.01.09 02:42:20.940,1.004,1.0044,5.20,6.50
2008.01.09 02:42:24.118,1.004,1.0044,5.20,6.50
2008.01.09 02:42:24.284,1.004,1.0045,5.50,21.70
2008.01.09 02:42:25.947,1.0041,1.0044,0.30,0.60
2008.01.09 02:42:27.217,1.0041,1.0045,0.30,16.10
2008.01.09 02:42:27.391,1.0041,1.0044,0.30,0.90
2008.01.09 02:42:27.585,1.0041,1.0044,0.30,0.90
2008.01.09 02:42:29.148,1.0041,1.0044,0.30,0.60
2008.01.09 02:42:30.956,1.0041,1.0044,0.30,0.80
2008.01.09 02:42:34.182,1.0041,1.0044,0.30,0.80
2008.01.09 02:42:35.977,1.0041,1.0044,0.30,0.60
2008.01.09 02:42:39.241,1.0041,1.0045,0.30,16.90
2008.01.09 02:42:41.079,1.0041,1.0044,0.30,0.90
2008.01.09 02:42:43.352,1.0041,1.0045,0.30,16.90
2008.01.09 02:42:43.835,1.0041,1.0045,0.30,16.90
2008.01.09 02:42:44.069,1.0041,1.0044,0.30,0.60
2008.01.09 02:42:44.267,1.0041,1.0045,0.30,16.90
2008.01.09 02:42:45.976,1.0041,1.0045,0.30,16.90
2008.01.09 02:42:46.782,1.00405,1.0043,0.30,0.60
2008.01.09 02:42:46.815,1.00405,1.00435,0.30,7.40
2008.01.09 02:42:47.043,1.00405,1.00435,0.30,7.60
2008.01.09 02:42:47.273,1.00405,1.00425,0.30,0.60
2008.01.09 02:42:47.524,1.00405,1.00425,0.20,0.60
2008.01.09 02:42:47.752,1.00405,1.0043,0.20,1.20
2008.01.09 02:42:48.011,1.00405,1.0043,0.20,1.20
2008.01.09 02:42:48.697,1.00405,1.00425,0.30,0.60
2008.01.09 02:42:49.298,1.00405,1.00425,0.30,0.60
2008.01.09 02:42:50.595,1.00405,1.00425,0.30,0.60
2008.01.09 02:42:50.993,1.00405,1.00425,0.30,0.60
2008.01.09 02:42:53.652,1.00405,1.00435,0.40,7.00
2008.01.09 02:42:53.746,1.0039,1.00435,1.20,7.00
2008.01.09 02:42:53.839,1.00405,1.00435,0.40,7.00
2008.01.09 02:42:54.006,1.00405,1.00435,0.40,6.80
2008.01.09 02:42:54.101,1.00395,1.00435,2.90,6.80
2008.01.09 02:42:54.195,1.00395,1.00435,3.70,6.00
2008.01.09 02:42:54.431,1.00395,1.00435,10.10,4.40
2008.01.09 02:42:54.615,1.00395,1.00435,10.10,4.40
2008.01.09 02:42:55.055,1.00405,1.00435,0.40,4.40
2008.01.09 02:42:55.258,1.00405,1.00435,0.40,4.40
2008.01.09 02:42:56.006,1.00395,1.00435,10.10,4.40
2008.01.09 02:42:59.342,1.00405,1.00435,0.40,4.40
2008.01.09 02:42:59.652,1.0041,1.00435,0.10,4.00
2008.01.09 02:42:59.746,1.00405,1.00435,0.40,4.00
2008.01.09 02:42:59.823,1.00405,1.0044,1.10,0.60
2008.01.09 02:42:59.908,1.0041,1.0044,0.10,0.60
2008.01.09 02:43:00.066,1.00405,1.0044,1.30,0.60
2008.01.09 02:43:00.571,1.00405,1.0044,1.30,0.60
2008.01.09 02:43:00.816,1.0041,1.0044,0.10,0.60
2008.01.09 02:43:04.306,1.00415,1.0044,0.80,0.60
2008.01.09 02:43:04.455,1.00415,1.00445,1.00,1.20
2008.01.09 02:43:04.607,1.00415,1.00445,1.00,0.60
2008.01.09 02:43:04.859,1.00415,1.00445,1.00,0.60
2008.01.09 02:43:05.109,1.00425,1.00445,0.10,0.60
2008.01.09 02:43:05.449,1.00415,1.00445,1.50,0.60
2008.01.09 02:43:05.696,1.00415,1.00445,1.50,0.60
2008.01.09 02:43:06.016,1.00415,1.00445,1.50,0.60
2008.01.09 02:43:06.285,1.00415,1.00445,1.50,0.60
2008.01.09 02:43:07.382,1.00425,1.00445,0.10,0.60
2008.01.09 02:43:07.615,1.00425,1.00445,0.10,0.60
2008.01.09 02:43:07.849,1.0041,1.00435,2.00,4.40
2008.01.09 02:43:07.936,1.0041,1.00435,1.10,4.40
2008.01.09 02:43:08.025,1.0041,1.00435,1.00,4.40
2008.01.09 02:43:08.113,1.00405,1.00435,5.10,4.40
2008.01.09 02:43:08.321,1.00415,1.00435,0.60,4.40
2008.01.09 02:43:08.409,1.00405,1.00435,4.70,4.40
2008.01.09 02:43:08.738,1.00405,1.00435,4.70,4.40
2008.01.09 02:43:08.949,1.00405,1.00435,4.70,4.40
2008.01.09 02:43:09.123,1.00405,1.00435,4.70,4.40
2008.01.09 02:43:09.397,1.00405,1.00435,4.70,4.40
2008.01.09 02:43:09.567,1.00405,1.00435,4.70,4.40
2008.01.09 02:43:11.030,1.00405,1.00435,4.70,4.40
2008.01.09 02:43:11.280,1.00415,1.00435,0.60,4.00
2008.01.09 02:43:11.346,1.0041,1.00435,0.70,4.00
2008.01.09 02:43:11.415,1.00415,1.0044,0.60,0.60
2008.01.09 02:43:11.484,1.00415,1.0044,0.60,0.60
2008.01.09 02:43:12.094,1.00415,1.0044,0.60,0.60
2008.01.09 02:43:12.402,1.00415,1.0044,0.60,0.60
2008.01.09 02:43:14.401,1.00415,1.00435,0.70,0.60
2008.01.09 02:43:15.783,1.00415,1.00435,0.70,0.60
2008.01.09 02:43:16.131,1.00415,1.00435,0.70,0.60
2008.01.09 02:43:17.807,1.00415,1.00435,0.70,0.60
2008.01.09 02:43:17.981,1.0041,1.0044,1.50,0.60
2008.01.09 02:43:18.155,1.0041,1.0044,1.50,0.60
2008.01.09 02:43:18.934,1.00415,1.0044,0.60,0.60
2008.01.09 02:43:19.416,1.0041,1.0044,0.90,0.60
2008.01.09 02:43:19.549,1.0041,1.0044,0.10,0.60
2008.01.09 02:43:20.591,1.0041,1.0044,0.10,0.60
2008.01.09 02:43:20.864,1.0041,1.0044,0.10,0.60
2008.01.09 02:43:21.294,1.0041,1.0044,0.10,0.60
2008.01.09 02:43:21.782,1.0041,1.0044,0.10,0.60
2008.01.09 02:43:22.400,1.0041,1.0044,0.10,0.60
2008.01.09 02:43:24.469,1.0041,1.0044,0.10,0.60
2008.01.09 02:43:24.595,1.00415,1.00435,0.10,0.60
2008.01.09 02:43:24.879,1.00415,1.00435,0.10,0.60
2008.01.09 02:43:26.066,1.00415,1.00435,0.10,0.60
2008.01.09 02:43:26.380,1.00415,1.00435,0.10,0.60
2008.01.09 02:43:27.413,1.00405,1.00435,4.20,0.60
2008.01.09 02:43:27.897,1.0041,1.0044,0.10,0.60
2008.01.09 02:43:29.499,1.00405,1.0044,4.20,0.60
2008.01.09 02:43:31.073,1.00405,1.0044,4.20,0.60
2008.01.09 02:43:34.615,1.0041,1.0044,0.10,0.60
2008.01.09 02:43:35.815,1.00405,1.0044,4.20,0.60
2008.01.09 02:43:36.075,1.0041,1.0044,0.10,0.60
2008.01.09 02:43:36.240,1.00405,1.0044,4.20,0.60
2008.01.09 02:43:37.859,1.00415,1.00435,0.10,0.60
2008.01.09 02:43:39.644,1.00405,1.00435,4.20,0.60
2008.01.09 02:43:41.083,1.00405,1.00435,4.20,0.60
2008.01.09 02:43:41.800,1.00405,1.0044,2.60,0.60
2008.01.09 02:43:44.576,1.0041,1.0044,0.10,0.60
2008.01.09 02:43:46.198,1.00405,1.0044,2.60,0.60
2008.01.09 02:43:49.690,1.00405,1.0044,2.60,0.60
2008.01.09 02:43:51.191,1.00405,1.0044,2.60,0.60
2008.01.09 02:43:51.882,1.00415,1.00435,0.10,0.60
2008.01.09 02:43:54.735,1.00415,1.00435,0.10,0.60
2008.01.09 02:43:56.198,1.00415,1.00435,0.10,0.60
2008.01.09 02:43:59.663,1.00415,1.00435,0.10,0.60
2008.01.09 02:44:01.116,1.00415,1.00435,0.10,0.60
2008.01.09 02:44:01.842,1.0041,1.0044,0.10,0.60
2008.01.09 02:44:04.793,1.0041,1.0044,0.10,0.60
2008.01.09 02:44:06.119,1.0041,1.0044,0.10,0.60
2008.01.09 02:44:07.939,1.00415,1.00445,0.10,5.20
2008.01.09 02:44:08.060,1.00415,1.00445,0.10,4.40
2008.01.09 02:44:08.130,1.00415,1.00445,0.10,5.40
2008.01.09 02:44:08.201,1.00415,1.00445,0.10,4.40
2008.01.09 02:44:08.270,1.00415,1.00445,0.10,4.40
2008.01.09 02:44:08.524,1.00415,1.00445,0.10,4.40
2008.01.09 02:44:08.802,1.00415,1.00445,0.10,4.40
2008.01.09 02:44:09.081,1.00415,1.00445,0.10,4.40
2008.01.09 02:44:09.359,1.00415,1.00445,0.10,4.40
2008.01.09 02:44:09.711,1.00415,1.00445,0.10,4.40
2008.01.09 02:44:11.233,1.00415,1.00445,0.10,4.40
2008.01.09 02:44:12.221,1.00405,1.00445,9.00,4.40
2008.01.09 02:44:14.821,1.00405,1.00445,9.00,4.40
2008.01.09 02:44:16.149,1.00415,1.00445,0.10,4.40
2008.01.09 02:44:19.841,1.00415,1.00445,0.10,4.40
2008.01.09 02:44:21.163,1.00415,1.00445,0.10,4.40
2008.01.09 02:44:24.963,1.00415,1.00445,0.10,4.40
2008.01.09 02:44:26.176,1.00415,1.00445,0.10,4.40
2008.01.09 02:44:29.896,1.00415,1.00445,0.10,4.40
2008.01.09 02:44:31.178,1.00415,1.00445,0.10,4.40
2008.01.09 02:44:35.012,1.00405,1.00445,9.00,4.40
2008.01.09 02:44:36.264,1.00415,1.00445,0.10,4.40
2008.01.09 02:44:37.107,1.00415,1.00445,0.10,4.40
2008.01.09 02:44:37.250,1.00405,1.00445,4.20,4.40
2008.01.09 02:44:38.525,1.0041,1.0044,1.10,4.00
2008.01.09 02:44:40.039,1.0041,1.0044,3.00,4.00
2008.01.09 02:44:41.179,1.0041,1.0044,2.60,4.00
2008.01.09 02:44:44.965,1.0041,1.0044,6.50,4.00
2008.01.09 02:44:46.294,1.0041,1.0044,6.50,4.00
2008.01.09 02:44:47.425,1.0041,1.00445,6.50,4.80
2008.01.09 02:44:49.992,1.0041,1.0044,6.50,4.00
2008.01.09 02:44:51.202,1.0041,1.0044,6.50,4.00
2008.01.09 02:44:55.015,1.0041,1.0044,6.50,4.00
2008.01.09 02:44:56.309,1.0041,1.0044,6.50,4.00
2008.01.09 02:45:00.138,1.0041,1.0044,6.50,4.00
2008.01.09 02:45:01.225,1.0041,1.0044,6.50,4.00
2008.01.09 02:45:01.520,1.0042,1.0044,0.20,4.00
2008.01.09 02:45:05.152,1.0042,1.0044,0.20,4.00
2008.01.09 02:45:06.226,1.0042,1.0044,0.20,4.00
2008.01.09 02:45:08.014,1.0042,1.0045,0.20,8.10
2008.01.09 02:45:08.410,1.0042,1.0045,0.20,8.90
2008.01.09 02:45:08.934,1.0042,1.0045,0.20,8.90
2008.01.09 02:45:09.156,1.0042,1.0045,0.20,8.10
2008.01.09 02:45:09.289,1.0042,1.0045,0.20,8.90
2008.01.09 02:45:09.423,1.0042,1.0045,0.20,8.90
2008.01.09 02:45:10.164,1.0042,1.0045,0.20,8.90
2008.01.09 02:45:11.243,1.0042,1.0045,0.20,8.90
2008.01.09 02:45:14.920,1.0043,1.0045,0.10,0.80
2008.01.09 02:45:15.143,1.00435,1.0045,0.10,1.60
2008.01.09 02:45:15.285,1.00435,1.00455,0.10,0.60
2008.01.09 02:45:15.565,1.00435,1.00455,0.10,0.60
2008.01.09 02:45:15.888,1.00435,1.00455,0.10,0.60
2008.01.09 02:45:15.991,1.00435,1.00455,0.40,0.60
2008.01.09 02:45:16.094,1.00435,1.00455,0.40,0.60
2008.01.09 02:45:16.332,1.00435,1.00455,0.40,0.60
2008.01.09 02:45:16.539,1.00435,1.00455,0.40,0.60
2008.01.09 02:45:18.129,1.00435,1.00455,0.40,0.60
2008.01.09 02:45:18.611,1.00425,1.00455,4.50,0.60
2008.01.09 02:45:20.208,1.00435,1.00455,0.40,0.60
2008.01.09 02:45:21.338,1.00425,1.00455,4.50,0.60
2008.01.09 02:45:25.178,1.0043,1.0046,0.40,0.60
2008.01.09 02:45:26.361,1.0043,1.0046,0.40,0.60
2008.01.09 02:45:30.358,1.00435,1.0046,0.30,0.60
2008.01.09 02:45:31.284,1.0043,1.0046,0.40,0.60
2008.01.09 02:45:34.088,1.00435,1.0046,0.30,0.60
2008.01.09 02:45:34.273,1.0043,1.0046,0.60,0.60
2008.01.09 02:45:35.162,1.00425,1.00455,5.50,0.60
2008.01.09 02:45:35.285,1.00435,1.00455,0.60,0.60
2008.01.09 02:45:36.272,1.00425,1.00455,5.50,0.60
2008.01.09 02:45:40.322,1.00435,1.00455,0.60,0.60
2008.01.09 02:45:41.305,1.00425,1.00455,5.50,0.60
2008.01.09 02:45:45.343,1.00425,1.00455,5.50,0.60
2008.01.09 02:45:46.399,1.00425,1.00455,5.50,0.60
2008.01.09 02:45:48.747,1.00435,1.0046,0.50,0.60
2008.01.09 02:45:50.476,1.00435,1.0046,0.50,0.60
2008.01.09 02:45:51.397,1.00435,1.0046,0.50,0.60
2008.01.09 02:45:51.707,1.00435,1.0046,0.40,0.60
2008.01.09 02:45:51.905,1.00435,1.0046,0.40,0.60
2008.01.09 02:45:55.411,1.00435,1.0046,0.40,0.60
2008.01.09 02:45:56.106,1.00435,1.00455,0.50,0.60
2008.01.09 02:45:56.322,1.00435,1.00455,0.50,0.60
2008.01.09 02:45:58.698,1.00435,1.0046,0.40,0.60
2008.01.09 02:46:00.434,1.00435,1.0046,0.40,0.60
2008.01.09 02:46:00.982,1.00435,1.0046,0.40,0.60
2008.01.09 02:46:01.419,1.0043,1.0046,0.50,0.60
2008.01.09 02:46:05.461,1.0043,1.0046,0.50,0.60
2008.01.09 02:46:06.070,1.00425,1.00455,1.40,0.60
2008.01.09 02:46:06.440,1.00435,1.00455,0.50,0.60
2008.01.09 02:46:06.742,1.00425,1.00455,1.20,0.60
2008.01.09 02:46:06.900,1.00425,1.00455,1.20,0.60
2008.01.09 02:46:07.207,1.00425,1.00455,1.20,0.60
2008.01.09 02:46:07.807,1.00425,1.00455,1.20,0.60
2008.01.09 02:46:08.179,1.00435,1.00455,0.30,0.60
2008.01.09 02:46:08.346,1.00435,1.00455,0.30,0.60
2008.01.09 02:46:08.770,1.00435,1.0046,0.20,0.60
2008.01.09 02:46:09.120,1.00435,1.0046,0.20,0.60
2008.01.09 02:46:09.322,1.00435,1.0046,0.20,0.60
2008.01.09 02:46:10.498,1.0043,1.0046,0.30,0.60
2008.01.09 02:46:11.384,1.0043,1.0046,0.30,0.60
2008.01.09 02:46:15.294,1.00435,1.0046,0.20,0.60
2008.01.09 02:46:15.422,1.0043,1.0046,0.10,0.60
2008.01.09 02:46:15.576,1.0043,1.0046,0.10,0.60
2008.01.09 02:46:15.702,1.0043,1.0046,0.10,0.60
2008.01.09 02:46:16.035,1.00425,1.00455,1.00,0.60
2008.01.09 02:46:16.163,1.00425,1.00455,1.00,0.60
2008.01.09 02:46:16.296,1.00425,1.00455,1.40,0.60
2008.01.09 02:46:16.519,1.00425,1.00455,1.40,0.60
2008.01.09 02:46:17.351,1.00435,1.00455,0.50,0.60
2008.01.09 02:46:20.614,1.00425,1.00455,1.40,0.60
2008.01.09 02:46:21.363,1.00435,1.00455,0.50,0.60
2008.01.09 02:46:25.640,1.00425,1.00455,1.40,0.60
2008.01.09 02:46:26.384,1.00435,1.00455,0.50,0.60
2008.01.09 02:46:30.754,1.00435,1.00455,0.50,0.60
2008.01.09 02:46:31.381,1.00435,1.00455,0.50,0.60
2008.01.09 02:46:35.781,1.00435,1.00455,0.50,0.60
2008.01.09 02:46:36.391,1.00435,1.00455,0.50,0.60
2008.01.09 02:46:39.083,1.00435,1.00455,0.50,0.60
2008.01.09 02:46:40.911,1.00435,1.00455,0.50,0.60
2008.01.09 02:46:41.395,1.00435,1.00455,0.50,0.60
2008.01.09 02:46:45.925,1.00435,1.00455,0.50,0.60
2008.01.09 02:46:46.397,1.0042,1.00465,0.80,0.80
2008.01.09 02:46:47.375,1.0042,1.00475,0.80,4.80
2008.01.09 02:46:51.047,1.0042,1.00465,0.80,0.80
2008.01.09 02:46:51.513,1.0042,1.00465,0.80,0.80
2008.01.09 02:46:51.628,1.0042,1.0045,0.90,0.60
2008.01.09 02:46:51.748,1.0042,1.0045,0.90,0.60
2008.01.09 02:46:51.866,1.00435,1.00455,0.40,7.40
2008.01.09 02:46:52.150,1.00435,1.00455,0.40,7.60
2008.01.09 02:46:52.435,1.00435,1.0045,0.40,0.60
2008.01.09 02:46:52.752,1.00435,1.00455,0.40,7.60
2008.01.09 02:46:53.049,1.00435,1.0045,0.40,0.60
2008.01.09 02:46:55.610,1.00435,1.0045,0.40,0.60
2008.01.09 02:46:55.964,1.00435,1.0045,0.40,0.60
2008.01.09 02:46:56.412,1.00435,1.0045,0.40,0.60
2008.01.09 02:46:56.847,1.00435,1.00455,0.40,7.40
2008.01.09 02:47:01.091,1.00435,1.00455,0.40,7.40
2008.01.09 02:47:01.442,1.00435,1.00455,0.40,7.40
2008.01.09 02:47:06.018,1.00435,1.00455,0.40,7.40
2008.01.09 02:47:06.465,1.00435,1.00455,0.40,7.40
2008.01.09 02:47:08.319,1.00435,1.0045,0.40,0.60
2008.01.09 02:47:08.659,1.00435,1.0045,0.40,0.60
2008.01.09 02:47:09.331,1.00435,1.00455,0.40,6.60
2008.01.09 02:47:09.543,1.00435,1.00455,0.40,7.40
2008.01.09 02:47:11.038,1.00435,1.00455,0.40,7.40
2008.01.09 02:47:11.448,1.00435,1.00455,0.40,7.40
2008.01.09 02:47:16.060,1.00435,1.00455,0.40,7.40
2008.01.09 02:47:16.473,1.00435,1.0045,0.40,0.60
2008.01.09 02:47:18.135,1.0042,1.0045,0.10,0.60
2008.01.09 02:47:18.324,1.0042,1.0045,0.10,0.60
2008.01.09 02:47:18.427,1.0042,1.0045,0.10,0.60
2008.01.09 02:47:18.595,1.0042,1.0045,0.10,0.60
2008.01.09 02:47:19.884,1.0042,1.0045,0.10,0.60
2008.01.09 02:47:21.085,1.0042,1.0045,0.10,0.60
2008.01.09 02:47:21.560,1.0042,1.0045,0.10,0.60
2008.01.09 02:47:26.122,1.0042,1.0045,2.50,5.70
2008.01.09 02:47:26.466,1.0042,1.0045,2.50,5.70
2008.01.09 02:47:28.595,1.0042,1.0045,2.50,5.70
2008.01.09 02:47:29.304,1.0042,1.0045,2.50,5.70
2008.01.09 02:47:29.438,1.0043,1.0045,0.60,5.70
2008.01.09 02:47:30.342,1.0043,1.0045,0.60,5.70
2008.01.09 02:47:31.248,1.0043,1.0045,0.60,5.70
2008.01.09 02:47:31.480,1.0043,1.0045,0.60,5.70
2008.01.09 02:47:32.736,1.00425,1.00445,0.50,0.60
2008.01.09 02:47:34.611,1.00415,1.00445,3.00,0.60
2008.01.09 02:47:36.180,1.00425,1.00445,0.50,0.60
2008.01.09 02:47:36.597,1.00425,1.00445,0.50,0.60
2008.01.09 02:47:41.203,1.00415,1.00445,1.40,0.60
2008.01.09 02:47:41.542,1.00415,1.00445,1.40,0.60
2008.01.09 02:47:42.702,1.0042,1.0045,0.70,0.60
2008.01.09 02:47:46.238,1.00425,1.0045,0.60,0.60
2008.01.09 02:47:46.521,1.0042,1.0045,0.70,0.60
2008.01.09 02:47:51.269,1.00425,1.0045,0.60,0.60
2008.01.09 02:47:51.612,1.0042,1.0045,0.70,0.60
2008.01.09 02:47:51.876,1.0042,1.0045,0.70,0.60
2008.01.09 02:47:52.604,1.0042,1.0045,0.70,0.60
2008.01.09 02:47:52.852,1.00415,1.00445,1.40,0.60
2008.01.09 02:47:53.928,1.00425,1.00445,0.50,0.60
2008.01.09 02:47:55.376,1.00425,1.00445,0.50,0.60
2008.01.09 02:47:56.388,1.00425,1.00445,0.50,0.60
2008.01.09 02:47:56.518,1.00415,1.00445,1.40,0.60
2008.01.09 02:48:01.423,1.00425,1.00445,0.10,0.60
2008.01.09 02:48:02.819,1.00425,1.00445,0.10,0.60
2008.01.09 02:48:06.447,1.0041,1.00445,0.90,0.60
2008.01.09 02:48:08.532,1.00415,1.00445,1.70,0.60
2008.01.09 02:48:08.840,1.00425,1.00445,0.10,0.60
2008.01.09 02:48:09.597,1.00415,1.00445,3.00,0.60
2008.01.09 02:48:09.875,1.00425,1.00445,0.50,0.60
2008.01.09 02:48:11.571,1.00415,1.00445,3.00,0.60
2008.01.09 02:48:16.570,1.00415,1.00445,3.00,0.60
2008.01.09 02:48:18.279,1.00415,1.00455,3.00,7.00
2008.01.09 02:48:18.511,1.00415,1.00455,4.60,6.80
2008.01.09 02:48:18.585,1.00415,1.00455,5.40,6.80
2008.01.09 02:48:18.861,1.00425,1.00455,0.50,6.80
2008.01.09 02:48:19.154,1.0042,1.00455,2.10,6.80
2008.01.09 02:48:19.696,1.0042,1.00455,2.10,6.80
2008.01.09 02:48:21.574,1.0042,1.00455,2.10,6.80
2008.01.09 02:48:26.582,1.00425,1.00455,0.50,6.80
2008.01.09 02:48:31.583,1.00425,1.00455,0.50,6.80
2008.01.09 02:48:36.594,1.00425,1.00455,0.50,6.80
2008.01.09 02:48:40.867,1.0043,1.00455,0.10,1.60
2008.01.09 02:48:40.966,1.0043,1.00455,0.10,0.80
2008.01.09 02:48:41.115,1.0043,1.0046,0.10,0.60
2008.01.09 02:48:41.326,1.0043,1.0046,0.10,0.60
2008.01.09 02:48:41.506,1.0043,1.0046,0.10,0.60
2008.01.09 02:48:41.630,1.0043,1.0046,1.70,0.60
2008.01.09 02:48:42.354,1.0043,1.0046,1.70,0.60
2008.01.09 02:48:46.718,1.0043,1.0046,1.70,0.60
2008.01.09 02:48:46.754,1.0043,1.0046,1.70,0.60
2008.01.09 02:48:46.859,1.0043,1.00455,1.60,0.60
2008.01.09 02:48:47.056,1.00425,1.00455,0.70,6.80
2008.01.09 02:48:47.129,1.00425,1.00455,0.70,6.80
2008.01.09 02:48:47.639,1.00425,1.00455,0.70,6.80
2008.01.09 02:48:47.932,1.00425,1.0045,0.60,0.60
2008.01.09 02:48:48.225,1.00425,1.0045,0.60,0.60
2008.01.09 02:48:48.327,1.00425,1.0045,0.60,1.20
2008.01.09 02:48:48.396,1.00425,1.0045,0.60,2.00
2008.01.09 02:48:48.567,1.00425,1.0045,0.60,2.00
2008.01.09 02:48:49.073,1.00425,1.0045,0.60,2.00
2008.01.09 02:48:49.333,1.0042,1.0045,0.10,2.00
2008.01.09 02:48:49.513,1.0042,1.0045,0.10,2.00
2008.01.09 02:48:49.691,1.0042,1.0045,0.10,2.00
2008.01.09 02:48:50.997,1.0042,1.0045,0.10,2.00
2008.01.09 02:48:51.607,1.00425,1.0045,0.20,2.00
2008.01.09 02:48:51.779,1.00425,1.0045,0.20,0.60
2008.01.09 02:48:52.742,1.00425,1.0045,0.20,0.60
2008.01.09 02:48:53.169,1.00425,1.0045,0.20,0.60
2008.01.09 02:48:56.630,1.00425,1.0045,0.20,0.60
2008.01.09 02:48:56.896,1.00425,1.0045,0.20,0.60
2008.01.09 02:49:00.739,1.00445,1.0045,6.00,0.60
2008.01.09 02:49:01.052,1.00445,1.0045,6.00,0.60
2008.01.09 02:49:01.665,1.00445,1.0045,6.00,0.60
2008.01.09 02:49:02.040,1.00445,1.0045,6.00,0.60
2008.01.09 02:49:02.476,1.00445,1.0045,6.00,0.60
2008.01.09 02:49:03.238,1.00425,1.0045,5.60,0.60
2008.01.09 02:49:03.376,1.00425,1.0045,0.20,0.60
2008.01.09 02:49:03.596,1.00425,1.0045,0.20,0.60
2008.01.09 02:49:04.315,1.00425,1.0045,0.20,0.60
2008.01.09 02:49:05.190,1.00425,1.0045,0.20,0.60
2008.01.09 02:49:06.663,1.00425,1.0045,0.20,0.60
2008.01.09 02:49:07.074,1.00425,1.0045,0.20,0.60
2008.01.09 02:49:09.503,1.00425,1.00455,0.20,5.20
2008.01.09 02:49:09.664,1.00425,1.0045,0.20,0.60
2008.01.09 02:49:11.131,1.00425,1.00455,0.20,5.20
2008.01.09 02:49:11.645,1.00425,1.00455,0.20,5.20
2008.01.09 02:49:12.127,1.00425,1.00455,0.20,5.20
2008.01.09 02:49:12.850,1.00425,1.00455,0.30,0.80
2008.01.09 02:49:13.164,1.00425,1.0046,0.30,1.20
2008.01.09 02:49:13.479,1.00425,1.0046,0.30,1.20
2008.01.09 02:49:13.790,1.00425,1.00455,0.30,0.60
2008.01.09 02:49:14.193,1.00425,1.00455,0.30,0.60
2008.01.09 02:49:16.681,1.00425,1.00455,0.30,0.60
2008.01.09 02:49:17.155,1.00425,1.0046,0.30,1.20
2008.01.09 02:49:18.303,1.00425,1.00455,0.10,0.60
2008.01.09 02:49:19.892,1.0042,1.0045,0.10,0.60
2008.01.09 02:49:20.097,1.0042,1.00455,0.10,5.20
2008.01.09 02:49:20.366,1.0042,1.0045,0.10,0.60
2008.01.09 02:49:20.570,1.0042,1.0045,0.10,0.60
2008.01.09 02:49:21.075,1.0042,1.00455,0.10,5.20
2008.01.09 02:49:21.392,1.0042,1.00455,0.10,5.20
2008.01.09 02:49:21.669,1.0042,1.0045,0.10,0.60
2008.01.09 02:49:21.829,1.0042,1.00455,0.10,5.20
2008.01.09 02:49:22.181,1.0042,1.0045,0.10,0.60
2008.01.09 02:49:23.848,1.00425,1.00455,0.10,0.80
2008.01.09 02:49:24.048,1.00425,1.0046,0.10,5.20
2008.01.09 02:49:24.122,1.00425,1.00455,0.30,0.60
2008.01.09 02:49:24.195,1.00425,1.00455,0.30,0.60
2008.01.09 02:49:24.401,1.00425,1.0046,0.30,1.20
2008.01.09 02:49:24.472,1.00425,1.0046,0.30,1.20
2008.01.09 02:49:24.855,1.00425,1.0046,0.30,1.20
2008.01.09 02:49:24.929,1.0044,1.00465,0.10,0.90
2008.01.09 02:49:25.032,1.0044,1.0047,0.10,0.60
2008.01.09 02:49:25.226,1.0044,1.00475,0.10,26.60
2008.01.09 02:49:25.420,1.0044,1.00475,1.70,16.20
2008.01.09 02:49:25.613,1.0044,1.00475,1.70,16.20
2008.01.09 02:49:25.900,1.0044,1.0047,1.70,0.60
2008.01.09 02:49:26.093,1.0044,1.0047,1.70,0.60
2008.01.09 02:49:26.741,1.0044,1.00475,1.70,13.80
2008.01.09 02:49:27.043,1.0044,1.0045,1.60,0.60
2008.01.09 02:49:27.061,1.0044,1.00455,1.60,5.00
2008.01.09 02:49:27.290,1.0044,1.00455,1.60,5.20
2008.01.09 02:49:27.517,1.00425,1.0045,2.40,0.60
2008.01.09 02:49:27.745,1.0042,1.00455,0.10,5.20
2008.01.09 02:49:27.972,1.0042,1.00455,0.10,5.20
2008.01.09 02:49:28.350,1.0042,1.00455,0.10,5.20
2008.01.09 02:49:28.565,1.0044,1.00455,1.70,0.70
2008.01.09 02:49:28.780,1.0044,1.0047,1.70,5.40
2008.01.09 02:49:28.994,1.0044,1.00465,1.70,0.90
2008.01.09 02:49:29.209,1.0044,1.00465,1.70,0.60
2008.01.09 02:49:29.605,1.0044,1.00465,1.70,0.60
2008.01.09 02:49:31.691,1.0044,1.00465,1.70,0.80
2008.01.09 02:49:31.877,1.0044,1.00465,1.60,3.40
2008.01.09 02:49:31.994,1.0044,1.0046,1.60,0.60
2008.01.09 02:49:32.092,1.0044,1.00465,1.60,7.40
2008.01.09 02:49:32.191,1.0043,1.0046,0.90,0.60
2008.01.09 02:49:32.347,1.0043,1.0046,0.10,0.60
2008.01.09 02:49:32.444,1.00425,1.00455,5.00,0.60
2008.01.09 02:49:32.542,1.00425,1.00455,2.60,0.60
2008.01.09 02:49:32.877,1.00425,1.00455,0.10,0.60
2008.01.09 02:49:33.210,1.00425,1.00455,0.10,0.60
2008.01.09 02:49:33.543,1.00425,1.00455,0.10,0.60
2008.01.09 02:49:34.388,1.00425,1.00455,0.10,0.60
2008.01.09 02:49:35.960,1.00415,1.0046,2.50,0.60
2008.01.09 02:49:36.070,1.00415,1.0046,0.90,0.60
2008.01.09 02:49:36.178,1.0041,1.0046,0.10,0.60
2008.01.09 02:49:36.305,1.0041,1.0046,0.10,0.60
2008.01.09 02:49:36.509,1.00405,1.0046,7.30,0.60
2008.01.09 02:49:36.618,1.004,1.0046,0.90,0.60
2008.01.09 02:49:36.809,1.004,1.0046,0.90,0.60
2008.01.09 02:49:37.271,1.004,1.0046,0.90,0.60
2008.01.09 02:49:37.454,1.004,1.0045,0.90,0.60
2008.01.09 02:49:37.607,1.004,1.0045,0.90,0.60
2008.01.09 02:49:37.762,1.004,1.0045,0.90,0.60
2008.01.09 02:49:38.031,1.004,1.0045,0.10,0.60
2008.01.09 02:49:38.298,1.004,1.0045,0.10,0.60
2008.01.09 02:49:38.756,1.004,1.0045,0.10,0.60
2008.01.09 02:49:41.826,1.004,1.0045,0.10,0.60
2008.01.09 02:49:42.397,1.004,1.0045,0.10,0.60
2008.01.09 02:49:43.878,1.004,1.0043,0.10,0.60
2008.01.09 02:49:44.042,1.004,1.0043,0.10,0.60
2008.01.09 02:49:44.205,1.004,1.0043,0.10,0.60
2008.01.09 02:49:44.272,1.004,1.0043,0.10,0.60
2008.01.09 02:49:44.371,1.004,1.0043,0.10,0.60
2008.01.09 02:49:44.439,1.00395,1.00425,2.60,0.60
2008.01.09 02:49:44.517,1.00395,1.00425,1.00,0.60
2008.01.09 02:49:44.585,1.00395,1.00425,0.30,0.60
2008.01.09 02:49:44.707,1.00395,1.00425,0.10,0.60
2008.01.09 02:49:44.876,1.00395,1.00425,0.10,0.60
2008.01.09 02:49:45.055,1.00395,1.00425,0.10,0.60
2008.01.09 02:49:45.329,1.00395,1.00425,0.10,0.60
2008.01.09 02:49:45.596,1.00395,1.00425,0.10,0.60
2008.01.09 02:49:46.415,1.00395,1.00425,0.10,0.60
2008.01.09 02:49:46.711,1.00395,1.0043,0.10,1.20
2008.01.09 02:49:47.521,1.00395,1.00425,0.10,0.60
2008.01.09 02:49:51.740,1.00395,1.0043,0.10,1.20
2008.01.09 02:49:52.562,1.00395,1.00425,0.10,0.60
2008.01.09 02:49:56.747,1.00395,1.00425,0.10,0.60
2008.01.09 02:49:57.644,1.00395,1.00425,0.10,0.60
2008.01.09 02:50:01.750,1.00395,1.0043,0.10,1.20
2008.01.09 02:50:02.681,1.00395,1.00425,0.10,0.60
2008.01.09 02:50:02.991,1.004,1.0042,0.10,0.60
2008.01.09 02:50:03.206,1.004,1.00425,0.10,1.20
2008.01.09 02:50:06.774,1.004,1.00425,0.10,1.20
2008.01.09 02:50:07.724,1.004,1.0042,0.10,0.60
2008.01.09 02:50:11.870,1.004,1.0042,0.10,0.60
2008.01.09 02:50:12.764,1.004,1.0042,0.10,0.60
2008.01.09 02:50:13.055,1.00395,1.00425,0.30,0.60
2008.01.09 02:50:13.253,1.00395,1.00425,0.10,0.60
2008.01.09 02:50:16.785,1.00395,1.00425,0.10,0.60
2008.01.09 02:50:17.888,1.00395,1.00425,0.10,0.60
2008.01.09 02:50:21.798,1.00395,1.00425,0.10,0.60
2008.01.09 02:50:23.004,1.00395,1.00425,0.10,0.60
2008.01.09 02:50:23.212,1.004,1.0042,0.10,0.60
2008.01.09 02:50:26.794,1.004,1.0042,0.10,0.60
2008.01.09 02:50:28.040,1.004,1.0042,0.10,0.60
2008.01.09 02:50:28.219,1.004,1.0042,0.10,0.60
2008.01.09 02:50:28.459,1.004,1.0042,0.10,0.60
2008.01.09 02:50:31.807,1.004,1.0042,0.10,0.60
2008.01.09 02:50:33.056,1.004,1.0042,0.10,0.60
2008.01.09 02:50:36.827,1.004,1.0042,0.10,0.60
2008.01.09 02:50:37.302,1.004,1.0042,0.10,0.60
2008.01.09 02:50:37.429,1.004,1.0042,0.10,0.60
2008.01.09 02:50:37.558,1.004,1.0042,0.10,0.60
2008.01.09 02:50:38.189,1.004,1.0042,0.10,0.60
2008.01.09 02:50:38.378,1.004,1.0042,0.10,0.60
2008.01.09 02:50:41.829,1.004,1.0042,0.10,0.60
2008.01.09 02:50:43.225,1.004,1.0042,0.10,0.60
2008.01.09 02:50:44.575,1.004,1.0042,0.10,0.60
2008.01.09 02:50:44.753,1.004,1.0042,0.10,0.60
2008.01.09 02:50:46.823,1.004,1.0042,0.10,0.60
2008.01.09 02:50:48.253,1.004,1.0042,0.10,0.60
2008.01.09 02:50:49.102,1.004,1.00425,0.10,1.20
2008.01.09 02:50:51.826,1.004,1.00425,0.10,1.20
2008.01.09 02:50:53.276,1.004,1.0042,0.50,0.20
2008.01.09 02:50:56.860,1.004,1.0042,0.50,0.20
2008.01.09 02:50:58.301,1.004,1.0042,0.50,0.20
2008.01.09 02:51:01.620,1.004,1.0042,0.20,0.20
2008.01.09 02:51:01.817,1.004,1.0042,0.20,0.20
2008.01.09 02:51:03.421,1.004,1.0043,0.20,1.00
2008.01.09 02:51:06.964,1.004,1.0043,0.20,1.00
2008.01.09 02:51:08.344,1.004,1.0043,0.20,1.00
2008.01.09 02:51:11.958,1.004,1.0043,0.20,1.00
2008.01.09 02:51:13.379,1.004,1.0043,0.20,1.00
2008.01.09 02:51:16.866,1.004,1.0043,0.20,1.00
2008.01.09 02:51:18.400,1.004,1.0042,0.20,0.20
2008.01.09 02:51:21.942,1.004,1.0042,0.20,0.20
2008.01.09 02:51:23.528,1.004,1.0042,0.20,0.20
2008.01.09 02:51:26.947,1.004,1.0042,0.20,0.20
2008.01.09 02:51:28.596,1.004,1.0042,0.20,0.20
2008.01.09 02:51:29.581,1.004,1.0042,0.20,0.20
2008.01.09 02:51:37.337,1.00395,1.0043,0.10,1.20
2008.01.09 02:51:38.740,1.00395,1.00425,0.10,0.60
2008.01.09 02:51:41.917,1.00395,1.0043,0.10,1.20
2008.01.09 02:51:43.754,1.00395,1.00425,0.10,0.60
2008.01.09 02:51:44.772,1.00395,1.00425,0.10,0.60
2008.01.09 02:51:45.057,1.00395,1.0043,0.10,1.20
2008.01.09 02:51:46.863,1.00385,1.0043,4.20,1.80
2008.01.09 02:51:46.936,1.00385,1.0043,4.20,1.20
2008.01.09 02:51:47.105,1.00385,1.00425,4.20,1.20
2008.01.09 02:51:47.239,1.00395,1.00425,0.30,1.20
2008.01.09 02:51:48.875,1.00395,1.00425,0.30,1.20
2008.01.09 02:51:51.943,1.00395,1.00425,0.30,1.20
2008.01.09 02:51:53.808,1.00395,1.00425,0.30,1.20
2008.01.09 02:51:56.950,1.00395,1.00425,0.30,1.20
2008.01.09 02:51:57.108,1.00395,1.00425,0.30,0.60
2008.01.09 02:51:57.351,1.00395,1.00425,0.10,0.60
2008.01.09 02:51:58.834,1.00385,1.0043,4.20,1.20
2008.01.09 02:52:01.954,1.00395,1.00425,0.10,0.60
2008.01.09 02:52:03.869,1.00395,1.00425,0.10,0.60
2008.01.09 02:52:06.957,1.00385,1.00425,4.20,0.60
2008.01.09 02:52:08.896,1.00385,1.00425,4.20,0.60
2008.01.09 02:52:09.234,1.00385,1.0043,4.30,1.20
2008.01.09 02:52:11.974,1.00385,1.0043,4.20,1.20
2008.01.09 02:52:13.923,1.00385,1.0043,4.20,1.20
2008.01.09 02:52:17.071,1.00395,1.0043,0.10,1.20
2008.01.09 02:52:17.700,1.00395,1.00425,0.10,0.60
2008.01.09 02:52:19.045,1.00395,1.0043,0.10,1.20
2008.01.09 02:52:21.994,1.00395,1.0043,0.10,1.20
2008.01.09 02:52:23.969,1.00395,1.00425,0.10,0.60
2008.01.09 02:52:24.080,1.00395,1.00425,0.10,0.60
2008.01.09 02:52:25.115,1.00395,1.0043,0.10,1.20
2008.01.09 02:52:27.081,1.00395,1.0043,0.10,1.20
2008.01.09 02:52:28.996,1.0038,1.0046,5.60,4.80
2008.01.09 02:52:31.514,1.0038,1.0046,5.60,4.80
2008.01.09 02:52:32.000,1.0038,1.0046,5.60,4.80
2008.01.09 02:52:34.125,1.0038,1.0046,5.60,4.80
2008.01.09 02:52:37.114,1.0038,1.0046,5.60,4.80
2008.01.09 02:52:39.143,1.0038,1.00445,5.60,4.00
2008.01.09 02:52:42.020,1.0038,1.00445,5.60,4.00
2008.01.09 02:52:42.854,1.004,1.0042,0.10,0.60
2008.01.09 02:52:42.978,1.00395,1.00425,0.30,0.60
2008.01.09 02:52:44.175,1.00395,1.00425,0.30,0.60
2008.01.09 02:52:44.472,1.00395,1.00425,0.30,0.60
2008.01.09 02:52:45.000,1.00385,1.00425,4.30,0.60
2008.01.09 02:52:45.216,1.00395,1.00425,0.30,0.60
2008.01.09 02:52:47.035,1.00385,1.00425,4.30,0.60
2008.01.09 02:52:49.202,1.00395,1.00425,0.30,0.60
2008.01.09 02:52:52.042,1.00385,1.00425,4.30,0.60
2008.01.09 02:52:53.009,1.00395,1.0042,0.30,0.60
2008.01.09 02:52:53.135,1.004,1.0042,0.10,0.60
2008.01.09 02:52:54.237,1.004,1.0042,0.10,0.60
2008.01.09 02:52:57.066,1.00385,1.0042,4.20,0.60
2008.01.09 02:52:59.345,1.004,1.0042,0.10,0.60
2008.01.09 02:53:02.072,1.00385,1.0042,4.20,0.60
2008.01.09 02:53:02.872,1.00385,1.00425,4.20,0.60
2008.01.09 02:53:03.000,1.00385,1.00425,4.30,0.60
2008.01.09 02:53:04.369,1.00395,1.00425,0.30,0.60
2008.01.09 02:53:07.066,1.00395,1.00425,0.30,0.60
2008.01.09 02:53:09.404,1.00385,1.00425,4.30,0.60
2008.01.09 02:53:12.087,1.00395,1.00425,0.30,0.60
2008.01.09 02:53:14.339,1.00395,1.00425,0.30,0.60
2008.01.09 02:53:17.093,1.00395,1.00425,0.30,0.60
2008.01.09 02:53:19.367,1.00395,1.00425,0.30,0.60
2008.01.09 02:53:22.188,1.00395,1.00425,0.30,0.60
2008.01.09 02:53:24.474,1.00395,1.00425,0.30,0.60
2008.01.09 02:53:27.104,1.00395,1.00425,0.30,0.60
2008.01.09 02:53:29.514,1.00395,1.00425,0.30,0.60
2008.01.09 02:53:32.117,1.00395,1.00425,0.30,0.60
2008.01.09 02:53:45.155,1.0038,1.00445,5.60,4.00
2008.01.09 02:53:45.559,1.0038,1.00445,5.60,4.00
2008.01.09 02:53:47.179,1.0038,1.00445,5.60,4.00
2008.01.09 02:53:47.934,1.0038,1.0046,5.60,4.80
2008.01.09 02:53:49.692,1.0038,1.0046,5.60,4.80
2008.01.09 02:53:52.255,1.0038,1.0046,5.60,4.80
2008.01.09 02:53:54.711,1.0038,1.0046,5.60,4.80
2008.01.09 02:53:55.810,1.004,1.0042,0.10,0.60
2008.01.09 02:53:55.980,1.004,1.00425,0.10,1.20
2008.01.09 02:53:57.142,1.004,1.0042,0.10,0.60
2008.01.09 02:53:59.828,1.004,1.00425,0.10,1.20
2008.01.09 02:54:02.253,1.004,1.0042,0.10,0.60
2008.01.09 02:54:02.769,1.00395,1.0043,0.10,1.20
2008.01.09 02:54:02.972,1.00395,1.00425,0.30,0.60
2008.01.09 02:54:03.155,1.004,1.0042,0.10,0.60
2008.01.09 02:54:04.836,1.004,1.00425,0.10,1.20
2008.01.09 02:54:05.779,1.00395,1.00425,0.30,0.60
2008.01.09 02:54:05.946,1.00395,1.0043,0.10,1.20
2008.01.09 02:54:07.186,1.00395,1.0043,0.10,1.20
2008.01.09 02:54:09.964,1.00395,1.0043,0.10,1.20
2008.01.09 02:54:12.276,1.00395,1.00425,0.10,0.60
2008.01.09 02:54:12.918,1.004,1.00425,0.10,1.20
2008.01.09 02:54:13.033,1.004,1.0042,0.10,0.60
2008.01.09 02:54:14.898,1.004,1.00425,0.10,1.20
2008.01.09 02:54:15.744,1.00395,1.0043,0.30,1.20
2008.01.09 02:54:15.942,1.00395,1.0043,0.10,1.20
2008.01.09 02:54:17.195,1.00395,1.0043,0.10,1.20
2008.01.09 02:54:19.969,1.00395,1.00425,0.10,0.60
2008.01.09 02:54:22.300,1.00395,1.0043,0.10,1.20
2008.01.09 02:54:22.846,1.004,1.0042,0.10,0.60
2008.01.09 02:54:23.055,1.004,1.00425,0.10,1.20
2008.01.09 02:54:24.993,1.004,1.0042,0.10,0.60
2008.01.09 02:54:27.201,1.004,1.0042,0.10,0.60
2008.01.09 02:54:27.345,1.004,1.00425,0.10,1.20
2008.01.09 02:54:30.086,1.004,1.00425,0.10,1.20
2008.01.09 02:54:32.322,1.004,1.00425,0.10,1.20
2008.01.09 02:54:35.121,1.004,1.00425,0.10,1.20
2008.01.09 02:54:37.335,1.004,1.00425,0.10,1.20
2008.01.09 02:54:40.145,1.004,1.0042,0.10,0.60
2008.01.09 02:54:42.230,1.004,1.0042,0.10,0.60
2008.01.09 02:54:45.175,1.004,1.0042,0.10,0.60
2008.01.09 02:54:45.393,1.004,1.0042,0.10,0.60
2008.01.09 02:54:45.595,1.004,1.0042,0.10,0.60
2008.01.09 02:54:45.798,1.004,1.0042,0.10,0.60
2008.01.09 02:54:46.771,1.00395,1.00425,0.10,0.60
2008.01.09 02:54:47.278,1.00395,1.00425,0.10,0.60
2008.01.09 02:54:50.201,1.00395,1.00425,0.10,0.60
2008.01.09 02:54:52.345,1.00395,1.00425,0.10,0.60
2008.01.09 02:54:55.308,1.00395,1.00425,0.10,0.60
2008.01.09 02:54:57.147,1.0039,1.00435,0.10,1.60
2008.01.09 02:54:57.298,1.0039,1.00445,0.10,2.40
2008.01.09 02:54:57.391,1.0039,1.00445,0.10,2.40
2008.01.09 02:54:57.635,1.0039,1.00445,0.10,2.40
2008.01.09 02:54:57.728,1.0039,1.0045,0.10,0.60
2008.01.09 02:54:58.272,1.0039,1.0045,0.10,0.60
2008.01.09 02:55:00.346,1.0039,1.0045,0.10,0.60
2008.01.09 02:55:02.320,1.0039,1.0045,0.10,0.60
2008.01.09 02:55:05.396,1.0039,1.0045,0.10,0.60
2008.01.09 02:55:05.551,1.0039,1.00455,0.10,18.80
2008.01.09 02:55:07.381,1.0039,1.0045,0.10,0.60
2008.01.09 02:55:08.810,1.0039,1.0045,0.10,0.90
2008.01.09 02:55:10.424,1.0039,1.00435,0.10,0.30
2008.01.09 02:55:12.387,1.0039,1.0045,0.10,0.90
2008.01.09 02:55:15.442,1.0039,1.0045,0.10,0.90
2008.01.09 02:55:17.306,1.0039,1.00435,0.10,0.30
2008.01.09 02:55:20.474,1.0039,1.00435,0.10,0.30
2008.01.09 02:55:22.300,1.0039,1.0045,0.10,0.90
2008.01.09 02:55:25.511,1.0039,1.00435,0.10,0.30
2008.01.09 02:55:26.115,1.0039,1.0045,0.10,0.90
2008.01.09 02:55:27.313,1.0039,1.0045,12.90,12.40
2008.01.09 02:55:27.787,1.0039,1.0043,15.30,0.30
2008.01.09 02:55:30.537,1.0039,1.0045,15.30,12.40
2008.01.09 02:55:32.416,1.0039,1.0045,15.30,12.40
2008.01.09 02:55:33.664,1.0041,1.0043,1.60,0.30
2008.01.09 02:55:33.953,1.00415,1.00435,0.10,0.30
2008.01.09 02:55:34.241,1.00415,1.00435,0.10,0.30
2008.01.09 02:55:34.529,1.00415,1.00435,0.10,0.30
2008.01.09 02:55:34.764,1.00415,1.00435,0.10,0.30
2008.01.09 02:55:35.558,1.00415,1.00435,0.10,0.30
2008.01.09 02:55:37.420,1.00415,1.00435,0.10,0.30
2008.01.09 02:55:37.587,1.00415,1.00435,0.10,0.30
2008.01.09 02:55:40.687,1.00415,1.00435,0.10,0.30
2008.01.09 02:55:42.351,1.00415,1.00435,0.10,0.30
2008.01.09 02:55:44.009,1.00415,1.00435,0.10,0.30
2008.01.09 02:55:45.702,1.00415,1.00435,0.10,0.30
2008.01.09 02:55:47.352,1.00415,1.00435,0.10,0.30
2008.01.09 02:55:50.734,1.00415,1.00435,0.10,0.30
2008.01.09 02:55:50.991,1.00415,1.00445,0.10,0.90
2008.01.09 02:55:52.366,1.00415,1.00445,0.10,0.90
2008.01.09 02:55:55.813,1.00415,1.00445,0.10,0.90
2008.01.09 02:55:57.104,1.00415,1.00445,0.10,0.90
2008.01.09 02:55:57.285,1.00415,1.00445,0.10,0.90
2008.01.09 02:56:00.847,1.00415,1.00435,0.10,0.30
2008.01.09 02:56:02.373,1.00415,1.00435,0.10,0.30
2008.01.09 02:56:05.853,1.004,1.0048,5.60,8.00
2008.01.09 02:56:07.375,1.004,1.00465,5.60,0.90
2008.01.09 02:56:10.882,1.004,1.00465,5.60,0.90
2008.01.09 02:56:12.388,1.004,1.00465,5.60,0.90
2008.01.09 02:56:13.249,1.0042,1.00445,0.10,1.20
2008.01.09 02:56:13.382,1.0042,1.0044,0.10,0.90
2008.01.09 02:56:15.905,1.0042,1.0044,0.10,0.90
2008.01.09 02:56:17.411,1.0042,1.00435,0.10,0.30
2008.01.09 02:56:20.930,1.0042,1.00435,0.10,0.30
2008.01.09 02:56:21.208,1.00415,1.00435,0.30,0.30
2008.01.09 02:56:22.497,1.0042,1.00435,0.10,0.30
2008.01.09 02:56:23.212,1.00415,1.00435,0.30,0.30
2008.01.09 02:56:23.307,1.00415,1.00435,0.10,0.30
2008.01.09 02:56:26.048,1.00415,1.00435,0.10,0.30
2008.01.09 02:56:27.313,1.00415,1.00435,0.10,0.30
2008.01.09 02:56:31.071,1.00415,1.00435,0.10,0.30
2008.01.09 02:56:32.524,1.00415,1.00435,0.10,0.30
2008.01.09 02:56:33.163,1.0042,1.00435,0.10,0.30
2008.01.09 02:56:33.359,1.0042,1.00435,0.10,0.30
2008.01.09 02:56:33.767,1.0042,1.00435,0.10,0.30
2008.01.09 02:56:34.068,1.0042,1.00435,0.10,0.30
2008.01.09 02:56:36.188,1.0042,1.00435,0.10,0.30
2008.01.09 02:56:37.522,1.0042,1.00435,0.10,0.30
2008.01.09 02:56:41.227,1.0042,1.00435,0.10,0.30
2008.01.09 02:56:42.439,1.0042,1.00435,0.10,0.30
2008.01.09 02:56:46.255,1.0042,1.00435,0.10,0.30
2008.01.09 02:56:47.460,1.0042,1.00435,0.10,0.30
2008.01.09 02:56:51.277,1.0042,1.00435,0.10,0.30
2008.01.09 02:56:52.480,1.0042,1.00435,0.10,0.30
2008.01.09 02:56:56.314,1.0042,1.00435,0.10,0.30
2008.01.09 02:56:57.274,1.0042,1.00435,0.10,0.30
2008.01.09 02:56:57.558,1.0042,1.00435,0.10,0.30
2008.01.09 02:57:01.424,1.0042,1.00435,0.10,0.30
2008.01.09 02:57:02.480,1.0042,1.00435,0.10,0.30
2008.01.09 02:57:06.332,1.004,1.00465,4.00,4.00
2008.01.09 02:57:07.490,1.004,1.00465,4.00,4.00
2008.01.09 02:57:11.390,1.004,1.00465,4.00,4.00
2008.01.09 02:57:11.779,1.00415,1.00445,0.10,0.60
2008.01.09 02:57:11.957,1.00415,1.00435,0.10,0.30
2008.01.09 02:57:12.497,1.00415,1.00435,0.10,0.30
2008.01.09 02:57:16.422,1.00415,1.00435,0.10,0.30
2008.01.09 02:57:17.498,1.00415,1.00435,0.10,0.30
2008.01.09 02:57:20.708,1.00415,1.00445,0.10,0.90
2008.01.09 02:57:21.540,1.00415,1.00435,0.10,0.30
2008.01.09 02:57:21.895,1.0042,1.0044,0.10,0.90
2008.01.09 02:57:22.093,1.0042,1.0044,0.10,0.90
2008.01.09 02:57:22.511,1.0042,1.0044,0.10,0.90
2008.01.09 02:57:23.620,1.00415,1.00445,0.30,0.90
2008.01.09 02:57:23.893,1.00415,1.00435,0.10,0.30
2008.01.09 02:57:26.677,1.00415,1.00445,0.10,0.90
2008.01.09 02:57:27.614,1.00415,1.00435,0.10,0.30
2008.01.09 02:57:27.740,1.00415,1.00445,0.10,0.90
2008.01.09 02:57:31.691,1.00415,1.00445,0.10,0.90
2008.01.09 02:57:31.825,1.0042,1.0044,0.10,0.90
2008.01.09 02:57:31.957,1.0042,1.00435,0.10,0.30
2008.01.09 02:57:32.540,1.0042,1.0044,0.10,0.90
2008.01.09 02:57:33.671,1.00415,1.00445,0.30,0.90
2008.01.09 02:57:33.844,1.00415,1.00435,0.10,0.30
2008.01.09 02:57:34.017,1.00415,1.00445,0.10,0.90
2008.01.09 02:57:34.326,1.00415,1.00445,0.10,0.90
2008.01.09 02:57:36.816,1.00415,1.00435,0.10,0.30
2008.01.09 02:57:37.547,1.00415,1.00445,0.10,0.90
2008.01.09 02:57:38.316,1.00415,1.00435,0.10,0.30
2008.01.09 02:57:41.853,1.00415,1.00435,0.10,0.30
2008.01.09 02:57:42.548,1.00415,1.00435,0.10,0.30
2008.01.09 02:57:43.648,1.0042,1.00435,0.10,0.30
2008.01.09 02:57:43.915,1.0042,1.00435,0.10,0.30
2008.01.09 02:57:46.887,1.0042,1.00435,0.10,0.30
2008.01.09 02:57:47.547,1.0042,1.0044,0.10,0.90
2008.01.09 02:57:52.007,1.0042,1.00435,0.10,0.30
2008.01.09 02:57:52.552,1.0042,1.00435,0.10,0.30
2008.01.09 02:57:57.126,1.0042,1.00435,0.10,0.30
2008.01.09 02:57:57.539,1.0042,1.00435,0.10,0.30
2008.01.09 02:57:57.873,1.0042,1.00435,0.10,0.30
2008.01.09 02:58:01.304,1.0042,1.00435,0.10,0.30
2008.01.09 02:58:02.137,1.0042,1.00435,0.10,0.30
2008.01.09 02:58:02.588,1.0042,1.00435,0.10,0.30
2008.01.09 02:58:07.170,1.0042,1.00435,0.10,0.30
2008.01.09 02:58:07.594,1.0042,1.00435,0.10,0.30
2008.01.09 02:58:12.186,1.0042,1.00435,0.10,0.30
2008.01.09 02:58:12.599,1.0042,1.00435,0.10,0.30
2008.01.09 02:58:17.216,1.0041,1.0045,1.60,5.60
2008.01.09 02:58:17.695,1.0041,1.0045,1.60,5.60
2008.01.09 02:58:22.352,1.0041,1.0045,1.60,5.60
2008.01.09 02:58:22.711,1.0041,1.0045,1.60,5.60
2008.01.09 02:58:24.196,1.004,1.0045,14.40,5.60
2008.01.09 02:58:27.376,1.0041,1.0045,0.90,5.60
2008.01.09 02:58:27.631,1.004,1.0045,14.40,5.60
2008.01.09 02:58:34.331,1.00395,1.00465,8.00,4.00
2008.01.09 02:58:34.532,1.004,1.00465,0.90,4.00
2008.01.09 02:58:37.317,1.00395,1.00465,8.00,4.00
2008.01.09 02:58:37.640,1.00395,1.00465,8.00,4.00
2008.01.09 02:58:42.387,1.004,1.00465,0.60,4.00
2008.01.09 02:58:42.755,1.004,1.00465,2.20,4.00
2008.01.09 02:58:47.420,1.004,1.00465,1.40,4.00
2008.01.09 02:58:47.661,1.00395,1.00465,8.00,4.00
2008.01.09 02:58:52.549,1.004,1.00465,1.70,4.00
2008.01.09 02:58:52.677,1.00395,1.00465,8.00,4.00
2008.01.09 02:58:56.005,1.004,1.00465,1.50,4.00
2008.01.09 02:58:56.371,1.00395,1.00465,8.00,8.00
2008.01.09 02:58:57.485,1.004,1.00465,1.80,8.00
2008.01.09 02:58:57.673,1.004,1.00465,1.90,8.00
2008.01.09 02:58:57.763,1.004,1.00465,1.90,8.00
2008.01.09 02:58:58.063,1.004,1.00465,1.40,8.00
2008.01.09 02:58:59.399,1.00395,1.00485,8.00,8.80
2008.01.09 02:59:02.511,1.00395,1.00465,8.00,8.00
2008.01.09 02:59:02.691,1.004,1.00465,0.50,8.00
2008.01.09 02:59:07.540,1.00395,1.00465,8.00,8.00
2008.01.09 02:59:07.687,1.004,1.00465,1.00,8.00
2008.01.09 02:59:12.653,1.004,1.00465,4.00,8.00
2008.01.09 02:59:17.683,1.004,1.00465,4.00,8.00
2008.01.09 02:59:22.562,1.0041,1.0044,0.10,0.60
2008.01.09 02:59:22.751,1.0041,1.00435,0.10,0.30
2008.01.09 02:59:22.939,1.0041,1.00435,0.10,0.30
2008.01.09 02:59:23.199,1.0041,1.00435,0.10,0.30
2008.01.09 02:59:23.388,1.0041,1.00435,0.10,0.30
2008.01.09 02:59:23.752,1.00415,1.00435,0.10,0.70
2008.01.09 02:59:27.633,1.00415,1.00435,0.10,0.70
2008.01.09 02:59:29.363,1.00415,1.00435,0.10,0.70
2008.01.09 02:59:31.604,1.00405,1.00435,2.60,0.70
2008.01.09 02:59:32.674,1.00405,1.00435,2.60,0.70
2008.01.09 02:59:33.473,1.00405,1.00435,2.60,0.30
2008.01.09 02:59:37.788,1.0041,1.00435,0.10,0.30
2008.01.09 02:59:42.857,1.00405,1.00435,2.60,0.30
2008.01.09 02:59:43.422,1.00405,1.00435,2.60,0.70
2008.01.09 02:59:47.771,1.00405,1.00435,2.60,0.70
2008.01.09 02:59:52.772,1.00415,1.00435,0.10,0.60
2008.01.09 02:59:53.027,1.004,1.00435,4.90,0.60
2008.01.09 02:59:57.867,1.004,1.00435,4.90,0.60
