2012.08.02 05:00:00.221,1.00477,1.00489,1.35,1.50
2012.08.02 05:00:00.740,1.00477,1.00489,1.35,1.50
2012.08.02 05:00:01.312,1.00477,1.00489,1.35,1.50
2012.08.02 05:00:02.475,1.00477,1.00487,1.35,1.50
2012.08.02 05:00:03.026,1.00476,1.00487,3.00,1.50
2012.08.02 05:00:03.812,1.00476,1.00487,2.25,1.50
2012.08.02 05:00:05.103,1.00476,1.00488,4.50,1.50
2012.08.02 05:00:05.223,1.00478,1.0049,2.25,3.00
2012.08.02 05:00:05.812,1.00476,1.00489,4.35,1.50
2012.08.02 05:00:07.751,1.00476,1.00489,4.35,1.50
2012.08.02 05:00:07.872,1.00478,1.00491,1.50,3.00
2012.08.02 05:00:08.050,1.00479,1.00491,1.50,1.50
2012.08.02 05:00:08.517,1.00479,1.00493,3.00,3.00
2012.08.02 05:00:09.338,1.00479,1.0049,1.50,1.50
2012.08.02 05:00:09.895,1.0048,1.00492,2.25,1.50
2012.08.02 05:00:13.611,1.00479,1.0049,2.25,1.50
2012.08.02 05:00:17.420,1.00476,1.00489,3.00,1.50
2012.08.02 05:00:17.541,1.00476,1.00489,2.25,1.50
2012.08.02 05:00:17.776,1.00475,1.00486,3.00,1.50
2012.08.02 05:00:18.349,1.00475,1.00485,3.00,1.50
2012.08.02 05:00:18.488,1.00475,1.00487,4.50,3.00
2012.08.02 05:00:26.728,1.00476,1.00487,3.00,1.50
2012.08.02 05:00:26.851,1.00477,1.00489,3.00,1.50
2012.08.02 05:00:30.409,1.00479,1.00493,1.50,2.25
2012.08.02 05:00:30.946,1.00477,1.00491,3.00,1.50
2012.08.02 05:00:48.868,1.00477,1.00491,1.50,3.00
2012.08.02 05:00:49.213,1.00475,1.00489,5.25,1.50
2012.08.02 05:00:54.254,1.00475,1.00489,4.50,1.50
2012.08.02 05:00:54.608,1.00476,1.00489,1.50,1.50
2012.08.02 05:00:57.000,1.00476,1.00489,1.50,1.50
2012.08.02 05:00:57.525,1.00475,1.00489,5.25,1.50
2012.08.02 05:00:57.944,1.00476,1.00489,1.50,1.50
2012.08.02 05:00:58.478,1.00475,1.00489,4.50,1.50
2012.08.02 05:00:59.975,1.00476,1.00489,1.50,1.50
2012.08.02 05:01:00.559,1.00475,1.00489,4.50,1.50
2012.08.02 05:01:01.197,1.00475,1.00486,2.25,1.50
2012.08.02 05:01:01.543,1.00475,1.00484,2.25,1.50
2012.08.02 05:01:01.910,1.00475,1.00486,1.50,3.00
2012.08.02 05:01:06.062,1.00475,1.00486,2.25,1.50
2012.08.02 05:01:09.162,1.00475,1.00486,2.25,1.50
2012.08.02 05:01:14.446,1.00475,1.00486,2.25,1.50
2012.08.02 05:01:14.984,1.00475,1.00487,2.25,1.50
2012.08.02 05:01:23.461,1.00475,1.00487,2.25,1.50
2012.08.02 05:01:23.524,1.00475,1.00485,2.25,1.50
2012.08.02 05:01:24.374,1.00475,1.00486,2.25,1.50
2012.08.02 05:01:24.606,1.00476,1.00488,2.25,1.50
2012.08.02 05:01:24.839,1.00477,1.00491,2.25,2.25
2012.08.02 05:01:25.014,1.00476,1.00488,2.25,1.50
2012.08.02 05:01:25.755,1.00475,1.00486,3.00,1.50
2012.08.02 05:01:30.953,1.00475,1.00486,3.00,1.50
2012.08.02 05:01:41.508,1.00475,1.00486,2.25,1.50
2012.08.02 05:01:42.305,1.00476,1.00486,2.25,1.50
2012.08.02 05:01:43.895,1.00476,1.00486,2.25,1.50
2012.08.02 05:01:53.901,1.00476,1.00484,1.50,1.50
2012.08.02 05:01:54.574,1.00476,1.00487,1.50,1.50
2012.08.02 05:01:56.535,1.00476,1.00487,2.85,1.50
2012.08.02 05:01:56.658,1.00478,1.0049,1.50,1.88
2012.08.02 05:01:57.289,1.00479,1.00493,1.50,2.63
2012.08.02 05:01:57.705,1.0048,1.00491,1.50,1.50
2012.08.02 05:01:57.828,1.00481,1.00493,1.50,1.50
2012.08.02 05:01:58.064,1.00484,1.00496,1.50,1.88
2012.08.02 05:01:58.366,1.00481,1.00494,1.50,1.50
2012.08.02 05:01:58.898,1.0048,1.00494,3.75,1.50
2012.08.02 05:02:00.095,1.0048,1.00494,3.75,1.50
2012.08.02 05:02:00.457,1.0048,1.00494,4.13,1.50
2012.08.02 05:02:01.397,1.00481,1.00494,1.50,1.50
2012.08.02 05:02:01.576,1.00482,1.00496,3.00,1.50
2012.08.02 05:02:02.107,1.00483,1.00496,1.50,1.50
2012.08.02 05:02:03.463,1.00482,1.00496,2.25,1.50
2012.08.02 05:02:03.526,1.00481,1.00493,4.50,1.50
2012.08.02 05:02:04.902,1.00483,1.00495,3.00,1.50
2012.08.02 05:02:07.430,1.00483,1.00493,1.50,1.50
2012.08.02 05:02:10.748,1.00481,1.00493,3.75,1.50
2012.08.02 05:02:12.280,1.00481,1.00493,3.75,1.50
2012.08.02 05:02:13.908,1.00481,1.00493,4.13,1.50
2012.08.02 05:02:14.197,1.00483,1.00495,3.00,1.50
2012.08.02 05:02:20.875,1.00482,1.00493,2.25,1.50
2012.08.02 05:02:21.055,1.00483,1.00495,1.50,1.50
2012.08.02 05:02:26.390,1.00483,1.00495,2.25,1.50
2012.08.02 05:02:26.680,1.00485,1.00499,1.50,2.25
2012.08.02 05:02:27.027,1.00483,1.00497,3.00,1.50
2012.08.02 05:02:27.543,1.00483,1.00497,3.00,1.50
2012.08.02 05:02:30.328,1.00483,1.00497,3.00,1.50
2012.08.02 05:02:30.880,1.00483,1.00497,3.00,1.50
2012.08.02 05:02:31.399,1.00483,1.00497,3.00,1.50
2012.08.02 05:02:36.672,1.00483,1.00497,3.75,1.50
2012.08.02 05:02:37.465,1.00483,1.00497,2.25,1.50
2012.08.02 05:02:39.506,1.00483,1.00497,3.00,1.50
2012.08.02 05:02:43.278,1.00483,1.00497,3.75,1.50
2012.08.02 05:02:43.626,1.00482,1.00494,1.50,1.50
2012.08.02 05:02:52.844,1.0048,1.00492,3.75,1.50
2012.08.02 05:02:53.371,1.0048,1.00492,4.50,1.50
2012.08.02 05:02:53.723,1.0048,1.0049,2.25,1.50
2012.08.02 05:02:55.011,1.0048,1.00492,2.25,3.00
2012.08.02 05:02:56.371,1.00482,1.00492,1.50,1.50
2012.08.02 05:02:56.721,1.00484,1.00496,1.50,1.50
2012.08.02 05:02:56.900,1.00483,1.00493,1.50,1.50
2012.08.02 05:02:57.194,1.00481,1.00493,4.50,1.50
2012.08.02 05:02:57.372,1.00483,1.00495,1.50,1.50
2012.08.02 05:02:57.662,1.00485,1.00497,1.50,1.50
2012.08.02 05:02:58.474,1.00483,1.00495,1.50,1.50
2012.08.02 05:03:00.660,1.00485,1.00499,1.50,2.25
2012.08.02 05:03:00.957,1.00488,1.005,1.50,1.50
2012.08.02 05:03:16.164,1.00486,1.00498,3.75,1.50
2012.08.02 05:03:28.119,1.00486,1.00498,3.60,1.50
2012.08.02 05:03:28.468,1.00489,1.00501,3.75,3.75
2012.08.02 05:03:28.588,1.00487,1.00499,3.75,1.50
2012.08.02 05:03:28.823,1.00486,1.00497,1.50,1.50
2012.08.02 05:03:29.499,1.00487,1.00499,1.50,1.50
2012.08.02 05:03:36.714,1.00485,1.00497,3.75,1.50
2012.08.02 05:03:37.255,1.00484,1.00496,1.50,1.50
2012.08.02 05:03:37.632,1.00484,1.00498,3.00,2.25
2012.08.02 05:03:44.700,1.00484,1.00498,2.25,2.25
2012.08.02 05:03:44.765,1.00486,1.00498,1.50,2.25
2012.08.02 05:03:44.890,1.00482,1.00494,3.38,1.50
2012.08.02 05:03:45.071,1.00479,1.00493,3.00,1.50
2012.08.02 05:03:47.062,1.00479,1.00491,1.50,2.25
2012.08.02 05:03:51.688,1.0048,1.00492,2.25,2.25
2012.08.02 05:04:06.051,1.0048,1.00492,2.25,2.25
2012.08.02 05:04:06.289,1.00478,1.00491,1.50,2.25
2012.08.02 05:04:08.439,1.00479,1.00493,3.00,3.00
2012.08.02 05:04:08.503,1.00479,1.00493,5.25,3.00
2012.08.02 05:04:09.109,1.00481,1.00493,1.50,1.50
2012.08.02 05:04:09.230,1.00477,1.00491,4.50,2.25
2012.08.02 05:04:10.354,1.00477,1.00491,3.75,2.25
2012.08.02 05:04:12.702,1.00475,1.00489,5.25,2.25
2012.08.02 05:04:13.204,1.00475,1.00489,4.50,2.25
2012.08.02 05:04:13.661,1.00478,1.0049,1.50,2.25
2012.08.02 05:04:15.163,1.00476,1.00488,1.50,2.25
2012.08.02 05:04:23.168,1.00474,1.00486,2.25,1.50
2012.08.02 05:04:28.838,1.00474,1.00486,2.25,1.50
2012.08.02 05:04:33.507,1.00474,1.00486,2.25,1.50
2012.08.02 05:04:35.461,1.00474,1.00486,3.00,1.50
2012.08.02 05:04:42.632,1.00474,1.00486,2.25,1.50
2012.08.02 05:04:42.951,1.00474,1.00486,2.25,1.50
2012.08.02 05:04:52.754,1.00474,1.00486,3.75,1.50
2012.08.02 05:04:52.874,1.00474,1.00486,2.25,1.50
2012.08.02 05:04:52.937,1.00474,1.00488,4.13,1.50
2012.08.02 05:04:52.999,1.00475,1.00488,1.50,1.50
2012.08.02 05:04:53.118,1.00475,1.00488,3.00,1.50
2012.08.02 05:04:53.180,1.00476,1.0049,2.25,2.25
2012.08.02 05:04:53.412,1.00476,1.0049,3.00,2.25
2012.08.02 05:04:54.194,1.00476,1.0049,2.25,3.00
2012.08.02 05:04:55.354,1.00476,1.0049,2.25,2.25
2012.08.02 05:04:55.417,1.00476,1.0049,1.50,2.25
2012.08.02 05:04:55.537,1.00475,1.00487,1.50,1.50
2012.08.02 05:04:58.658,1.00474,1.00486,2.25,1.50
2012.08.02 05:04:59.204,1.00474,1.00486,3.00,1.50
2012.08.02 05:05:00.714,1.00474,1.00486,2.25,1.50
2012.08.02 05:05:01.144,1.00474,1.00486,3.00,1.50
2012.08.02 05:05:01.853,1.00474,1.00486,2.25,1.50
2012.08.02 05:05:02.465,1.00475,1.00487,2.25,1.50
2012.08.02 05:05:21.923,1.00475,1.00487,2.25,1.50
2012.08.02 05:05:22.455,1.00475,1.00487,2.25,1.50
2012.08.02 05:05:25.647,1.00475,1.00487,2.25,1.50
2012.08.02 05:05:31.987,1.00477,1.00489,1.50,3.75
2012.08.02 05:05:45.740,1.00478,1.00491,1.50,1.50
2012.08.02 05:05:47.082,1.00477,1.0049,3.00,1.50
2012.08.02 05:05:55.048,1.00476,1.00486,1.50,1.50
2012.08.02 05:05:59.437,1.00477,1.00489,1.35,3.00
2012.08.02 05:06:00.925,1.00476,1.00486,1.50,1.50
2012.08.02 05:06:01.483,1.00474,1.00486,3.00,3.00
2012.08.02 05:06:01.545,1.00474,1.00484,1.50,1.50
2012.08.02 05:06:01.664,1.00474,1.00487,1.50,1.50
2012.08.02 05:06:05.993,1.00476,1.00488,2.25,1.50
2012.08.02 05:06:06.349,1.00478,1.0049,2.25,2.25
2012.08.02 05:06:06.871,1.00478,1.0049,2.25,2.25
2012.08.02 05:06:07.226,1.00475,1.00487,1.50,1.50
2012.08.02 05:06:07.806,1.00476,1.00488,2.25,1.50
2012.08.02 05:06:10.359,1.00476,1.00488,2.25,1.50
2012.08.02 05:06:12.370,1.00477,1.00488,1.50,1.50
2012.08.02 05:06:14.292,1.00478,1.0049,2.25,1.50
2012.08.02 05:06:14.818,1.0048,1.00491,2.25,1.50
2012.08.02 05:06:15.745,1.00478,1.0049,2.25,1.50
2012.08.02 05:06:17.972,1.00478,1.0049,1.50,1.50
2012.08.02 05:06:28.628,1.00476,1.00486,1.50,1.50
2012.08.02 05:06:29.532,1.00477,1.00488,2.25,1.50
2012.08.02 05:06:29.762,1.00479,1.00491,1.50,1.50
2012.08.02 05:06:30.526,1.00477,1.00489,2.25,1.50
2012.08.02 05:06:31.569,1.00478,1.00491,1.50,1.50
2012.08.02 05:06:31.919,1.00481,1.00491,1.50,1.50
2012.08.02 05:06:32.212,1.00477,1.00489,2.25,1.50
2012.08.02 05:06:32.388,1.00474,1.00487,4.13,1.50
2012.08.02 05:06:32.909,1.00475,1.00489,2.25,1.50
2012.08.02 05:06:35.936,1.00478,1.0049,1.50,1.50
2012.08.02 05:06:36.569,1.00476,1.00488,1.50,1.50
2012.08.02 05:06:48.608,1.00474,1.00487,2.63,1.50
2012.08.02 05:06:51.197,1.00476,1.00488,1.50,1.50
2012.08.02 05:06:52.299,1.00476,1.00488,1.50,2.25
2012.08.02 05:06:52.650,1.00474,1.00487,1.50,3.00
2012.08.02 05:06:52.771,1.00472,1.00485,1.50,1.50
2012.08.02 05:06:55.080,1.00471,1.00485,3.00,1.50
2012.08.02 05:06:57.632,1.00471,1.00485,6.00,1.50
2012.08.02 05:06:57.984,1.00476,1.00488,1.50,1.50
2012.08.02 05:07:00.939,1.00477,1.0049,1.50,1.13
2012.08.02 05:07:01.483,1.0048,1.0049,1.50,1.13
2012.08.02 05:07:04.173,1.0048,1.00491,1.50,2.25
2012.08.02 05:07:04.889,1.00478,1.0049,1.50,1.50
2012.08.02 05:07:06.100,1.00478,1.0049,1.50,2.25
2012.08.02 05:07:06.393,1.00478,1.00489,3.00,1.13
2012.08.02 05:07:06.520,1.00476,1.00488,1.50,3.00
2012.08.02 05:07:06.699,1.00476,1.00488,1.50,1.50
2012.08.02 05:07:06.763,1.0048,1.00491,1.50,3.38
2012.08.02 05:07:08.346,1.0048,1.0049,1.50,1.13
2012.08.02 05:07:08.695,1.00482,1.00492,1.50,2.25
2012.08.02 05:07:08.996,1.0048,1.00492,1.50,2.25
2012.08.02 05:07:09.557,1.00479,1.00492,1.50,2.25
2012.08.02 05:07:18.792,1.00482,1.00492,1.50,1.50
2012.08.02 05:07:20.333,1.00479,1.00492,1.50,1.50
2012.08.02 05:07:21.747,1.0048,1.00492,1.50,1.50
2012.08.02 05:07:23.330,1.00482,1.00491,1.50,1.50
2012.08.02 05:07:23.563,1.00479,1.00491,1.50,1.50
2012.08.02 05:07:25.578,1.00479,1.00491,1.50,2.25
2012.08.02 05:07:27.699,1.00482,1.00491,1.50,2.25
2012.08.02 05:07:28.935,1.00482,1.00491,1.50,1.50
2012.08.02 05:07:30.580,1.00479,1.00491,1.50,2.25
2012.08.02 05:07:30.999,1.00481,1.00491,1.50,2.25
2012.08.02 05:07:31.825,1.0048,1.00491,1.50,1.50
2012.08.02 05:07:33.263,1.0048,1.00491,1.50,2.25
2012.08.02 05:07:36.443,1.00477,1.00491,1.50,4.50
2012.08.02 05:07:36.506,1.00477,1.0049,1.50,1.50
2012.08.02 05:07:36.861,1.0048,1.0049,1.50,1.50
2012.08.02 05:07:38.178,1.0048,1.00491,1.50,1.50
2012.08.02 05:07:38.735,1.0048,1.00491,1.50,2.25
2012.08.02 05:07:43.088,1.0048,1.00491,1.50,2.25
2012.08.02 05:07:43.375,1.0048,1.00491,1.50,2.25
2012.08.02 05:07:43.895,1.0048,1.00491,1.50,2.25
2012.08.02 05:07:43.958,1.00478,1.0049,1.50,2.25
2012.08.02 05:07:45.004,1.00479,1.00491,1.50,2.25
2012.08.02 05:07:45.589,1.00479,1.00491,1.50,1.50
2012.08.02 05:07:48.195,1.00479,1.00491,1.50,2.25
2012.08.02 05:07:48.440,1.00478,1.0049,1.50,2.25
2012.08.02 05:07:48.731,1.00479,1.00491,1.50,2.25
2012.08.02 05:07:55.768,1.00482,1.00491,1.50,2.25
2012.08.02 05:07:56.571,1.0048,1.00491,1.50,1.50
2012.08.02 05:07:56.691,1.00478,1.00491,1.50,3.00
2012.08.02 05:07:57.197,1.00479,1.00491,1.50,1.50
2012.08.02 05:07:58.815,1.00481,1.00491,1.50,1.50
2012.08.02 05:07:59.278,1.00481,1.00495,2.25,1.50
2012.08.02 05:07:59.343,1.00483,1.00495,1.50,1.50
2012.08.02 05:07:59.696,1.00484,1.00494,1.50,1.50
2012.08.02 05:07:59.931,1.00482,1.00494,1.50,3.00
2012.08.02 05:08:00.572,1.00483,1.00494,1.50,1.50
2012.08.02 05:08:01.096,1.00482,1.00493,1.50,1.50
2012.08.02 05:08:01.956,1.00482,1.00493,1.50,1.50
2012.08.02 05:08:02.474,1.00483,1.00494,1.50,1.50
2012.08.02 05:08:13.923,1.00482,1.00494,1.50,3.75
2012.08.02 05:08:14.439,1.00482,1.00494,1.50,3.75
2012.08.02 05:08:19.355,1.00483,1.00492,1.50,1.50
2012.08.02 05:08:21.448,1.00483,1.00493,1.50,1.50
2012.08.02 05:08:23.268,1.00486,1.00494,1.50,2.25
2012.08.02 05:08:25.840,1.00484,1.00494,1.50,1.50
2012.08.02 05:08:27.716,1.00481,1.00494,1.50,1.50
2012.08.02 05:08:29.999,1.00483,1.00493,1.50,1.50
2012.08.02 05:08:30.348,1.00486,1.00493,1.50,1.50
2012.08.02 05:08:30.981,1.00484,1.00493,3.00,1.50
2012.08.02 05:08:35.482,1.00481,1.00494,1.50,2.63
2012.08.02 05:08:41.399,1.00484,1.00493,1.50,1.50
2012.08.02 05:08:51.448,1.00481,1.00493,1.50,1.50
2012.08.02 05:08:55.653,1.00485,1.00494,1.50,2.25
2012.08.02 05:08:59.368,1.00485,1.00494,1.50,2.63
2012.08.02 05:09:02.455,1.00487,1.00495,1.50,1.50
2012.08.02 05:09:02.520,1.00487,1.00499,1.50,3.38
2012.08.02 05:09:02.641,1.00489,1.005,1.50,1.50
2012.08.02 05:09:02.991,1.00491,1.00501,1.50,2.25
2012.08.02 05:09:03.297,1.00489,1.00501,1.50,3.75
2012.08.02 05:09:04.140,1.00489,1.005,1.50,1.50
2012.08.02 05:09:04.547,1.00487,1.00499,1.50,3.00
2012.08.02 05:09:07.167,1.00487,1.00497,1.50,1.50
2012.08.02 05:09:07.583,1.00482,1.00496,2.25,1.50
2012.08.02 05:09:10.554,1.00482,1.00496,3.00,1.50
2012.08.02 05:09:10.617,1.00483,1.00496,3.00,1.50
2012.08.02 05:09:10.739,1.00484,1.00498,2.25,1.50
2012.08.02 05:09:11.094,1.00487,1.00499,1.50,1.50
2012.08.02 05:09:13.102,1.00487,1.00499,1.50,2.25
2012.08.02 05:09:13.166,1.00485,1.00497,1.50,1.50
2012.08.02 05:09:13.459,1.00484,1.00495,1.50,1.50
2012.08.02 05:09:13.695,1.00485,1.00497,1.50,1.50
2012.08.02 05:09:15.180,1.00487,1.00498,1.50,1.50
2012.08.02 05:09:15.740,1.00487,1.00499,1.50,1.50
2012.08.02 05:09:17.496,1.00484,1.00498,3.00,1.50
2012.08.02 05:09:19.859,1.00484,1.00495,2.25,1.13
2012.08.02 05:09:19.982,1.00482,1.00494,1.88,2.25
2012.08.02 05:09:20.163,1.00482,1.00494,3.00,2.25
2012.08.02 05:09:20.285,1.00483,1.00497,3.00,3.00
2012.08.02 05:09:20.409,1.00486,1.005,2.25,3.00
2012.08.02 05:09:20.530,1.00486,1.005,2.25,1.50
2012.08.02 05:09:20.881,1.00488,1.00502,2.25,3.75
2012.08.02 05:09:21.340,1.00487,1.00499,2.25,1.50
2012.08.02 05:09:25.569,1.00489,1.00501,1.50,1.50
2012.08.02 05:09:25.937,1.00491,1.00503,1.50,2.25
2012.08.02 05:09:32.937,1.00488,1.00502,2.25,2.25
2012.08.02 05:09:33.057,1.00487,1.005,1.50,1.50
2012.08.02 05:09:35.503,1.00489,1.00501,1.50,1.50
2012.08.02 05:09:41.653,1.0049,1.00504,1.50,4.50
2012.08.02 05:09:49.560,1.00488,1.00502,2.25,2.25
2012.08.02 05:09:49.816,1.00488,1.00502,3.00,2.25
2012.08.02 05:09:50.224,1.00491,1.00503,2.25,1.50
2012.08.02 05:09:50.577,1.00496,1.00508,2.25,2.25
2012.08.02 05:09:50.641,1.00497,1.00511,1.50,1.50
2012.08.02 05:09:51.222,1.00497,1.00511,4.50,1.50
2012.08.02 05:09:52.097,1.00497,1.00511,4.58,1.50
2012.08.02 05:09:52.431,1.00497,1.00511,3.00,1.50
2012.08.02 05:09:59.675,1.00496,1.00509,5.25,1.50
2012.08.02 05:10:00.029,1.00494,1.00506,3.00,1.50
2012.08.02 05:10:00.555,1.00493,1.00507,2.25,1.50
2012.08.02 05:10:04.503,1.00492,1.00504,3.00,1.50
2012.08.02 05:10:04.736,1.00494,1.00506,2.25,1.50
2012.08.02 05:10:06.490,1.00494,1.00506,6.00,1.50
2012.08.02 05:10:06.553,1.00495,1.00509,2.25,1.50
2012.08.02 05:10:06.674,1.00498,1.0051,1.50,1.50
2012.08.02 05:10:15.170,1.005,1.00512,1.50,1.50
2012.08.02 05:10:28.324,1.00498,1.0051,1.50,1.50
2012.08.02 05:10:29.049,1.005,1.00512,1.50,2.25
2012.08.02 05:10:30.139,1.00498,1.0051,1.50,1.50
2012.08.02 05:10:32.681,1.005,1.00512,1.50,1.50
2012.08.02 05:10:34.646,1.00498,1.0051,2.25,1.50
2012.08.02 05:10:35.656,1.00502,1.00514,1.50,3.00
2012.08.02 05:10:35.893,1.00504,1.00516,1.50,1.50
2012.08.02 05:10:35.956,1.00501,1.00515,3.00,1.50
2012.08.02 05:10:36.191,1.00504,1.00516,1.50,1.50
2012.08.02 05:10:53.262,1.00502,1.00514,1.50,1.50
2012.08.02 05:10:53.383,1.00503,1.00516,1.50,1.50
2012.08.02 05:10:53.910,1.00503,1.00517,1.50,2.25
2012.08.02 05:10:59.386,1.00501,1.00515,3.75,1.50
2012.08.02 05:11:01.273,1.00503,1.00517,2.25,1.50
2012.08.02 05:11:11.332,1.00502,1.00514,3.00,1.50
2012.08.02 05:11:18.808,1.00501,1.00513,3.00,1.50
2012.08.02 05:11:19.273,1.00501,1.00511,2.25,1.50
2012.08.02 05:11:19.629,1.00497,1.00508,2.25,1.50
2012.08.02 05:11:20.154,1.00497,1.00509,4.50,1.50
2012.08.02 05:11:21.922,1.00501,1.00509,1.50,1.50
2012.08.02 05:11:21.985,1.00501,1.00511,1.50,1.50
2012.08.02 05:11:22.805,1.00498,1.00509,2.25,1.50
2012.08.02 05:11:23.317,1.00498,1.00509,2.25,1.50
2012.08.02 05:11:23.907,1.00498,1.00508,1.50,1.50
2012.08.02 05:11:24.603,1.00498,1.00509,1.50,1.50
2012.08.02 05:11:28.316,1.00499,1.00511,3.75,1.50
2012.08.02 05:11:28.666,1.00501,1.00513,4.50,1.50
2012.08.02 05:11:28.787,1.00503,1.00515,1.50,1.50
2012.08.02 05:11:31.886,1.00502,1.00513,1.50,1.50
2012.08.02 05:11:32.240,1.00498,1.0051,1.50,1.50
2012.08.02 05:11:32.597,1.00497,1.00507,2.25,1.50
2012.08.02 05:11:33.058,1.00497,1.00509,3.75,1.50
2012.08.02 05:11:34.885,1.00496,1.00508,1.50,1.50
2012.08.02 05:11:35.177,1.00496,1.0051,4.35,1.50
2012.08.02 05:11:36.360,1.00496,1.0051,5.85,1.50
2012.08.02 05:11:36.423,1.00498,1.0051,1.50,1.50
2012.08.02 05:11:36.939,1.00499,1.00511,1.50,1.50
2012.08.02 05:11:37.455,1.00498,1.0051,2.25,1.50
2012.08.02 05:11:40.622,1.00497,1.00509,1.50,1.50
2012.08.02 05:11:41.232,1.00497,1.00508,1.50,1.50
2012.08.02 05:11:41.917,1.00495,1.00508,3.75,1.50
2012.08.02 05:11:42.221,1.00495,1.00506,1.50,1.50
2012.08.02 05:11:42.470,1.00493,1.00505,3.00,1.50
2012.08.02 05:11:43.396,1.00493,1.00505,3.00,1.50
2012.08.02 05:11:43.517,1.00493,1.00503,2.25,1.50
2012.08.02 05:11:43.638,1.00493,1.00506,1.50,1.50
2012.08.02 05:11:46.370,1.00493,1.00506,2.25,1.50
2012.08.02 05:11:46.607,1.00495,1.00508,2.25,1.50
2012.08.02 05:11:46.671,1.00497,1.0051,1.50,1.50
2012.08.02 05:11:46.793,1.00498,1.00512,2.25,3.75
2012.08.02 05:11:47.102,1.00497,1.0051,1.50,1.50
2012.08.02 05:11:47.634,1.00499,1.0051,1.50,1.50
2012.08.02 05:11:48.812,1.00499,1.00508,1.50,1.50
2012.08.02 05:11:48.990,1.00495,1.00505,2.25,1.50
2012.08.02 05:11:50.571,1.00496,1.00507,1.50,1.50
2012.08.02 05:11:51.234,1.00496,1.00508,1.50,1.50
2012.08.02 05:11:52.869,1.00498,1.0051,1.50,3.00
2012.08.02 05:11:54.206,1.00498,1.0051,3.75,1.50
2012.08.02 05:11:54.386,1.00499,1.00513,4.35,1.50
2012.08.02 05:12:05.766,1.005,1.00513,2.85,1.50
2012.08.02 05:12:05.886,1.00503,1.00515,1.35,1.50
2012.08.02 05:12:05.950,1.00504,1.00515,1.50,1.50
2012.08.02 05:12:06.014,1.00505,1.00519,2.25,3.00
2012.08.02 05:12:06.251,1.00503,1.00517,3.00,1.50
2012.08.02 05:12:06.429,1.00502,1.00514,2.25,1.50
2012.08.02 05:12:10.553,1.00503,1.00517,1.50,3.75
2012.08.02 05:12:10.787,1.00504,1.00517,1.50,1.50
2012.08.02 05:12:11.302,1.00504,1.00516,4.50,1.50
2012.08.02 05:12:14.147,1.00503,1.00514,1.50,1.50
2012.08.02 05:12:14.210,1.00502,1.00514,4.13,1.50
2012.08.02 05:12:14.561,1.005,1.00513,1.50,1.50
2012.08.02 05:12:14.796,1.00501,1.00513,1.50,1.50
2012.08.02 05:12:14.860,1.00506,1.00517,1.50,1.50
2012.08.02 05:12:14.982,1.0051,1.00522,1.50,3.00
2012.08.02 05:12:15.163,1.00508,1.00522,3.00,2.25
2012.08.02 05:12:15.284,1.00511,1.00523,1.50,2.25
2012.08.02 05:12:15.635,1.00511,1.0052,1.50,1.50
2012.08.02 05:12:15.943,1.00508,1.0052,1.50,1.50
2012.08.02 05:12:16.179,1.00506,1.0052,1.50,3.00
2012.08.02 05:12:23.685,1.00509,1.00521,1.50,2.25
2012.08.02 05:12:23.748,1.00509,1.00521,1.50,1.50
2012.08.02 05:12:25.670,1.00506,1.0052,3.00,1.50
2012.08.02 05:12:26.248,1.00509,1.00523,1.50,4.50
2012.08.02 05:12:26.876,1.00509,1.00523,1.50,4.88
2012.08.02 05:12:27.224,1.00508,1.0052,1.50,2.25
2012.08.02 05:12:27.734,1.00508,1.0052,1.50,3.00
2012.08.02 05:12:32.532,1.00508,1.0052,1.50,2.25
2012.08.02 05:12:32.885,1.00518,1.00527,1.50,1.88
2012.08.02 05:12:32.948,1.00518,1.00527,1.50,1.50
2012.08.02 05:12:33.475,1.00518,1.00532,1.50,4.13
2012.08.02 05:12:33.539,1.00521,1.00532,1.50,2.63
2012.08.02 05:12:33.780,1.00518,1.0053,1.50,1.50
2012.08.02 05:12:33.958,1.00516,1.0053,1.50,3.75
2012.08.02 05:12:37.976,1.00516,1.00529,1.50,2.25
2012.08.02 05:12:38.039,1.00518,1.00529,1.50,3.00
2012.08.02 05:12:38.286,1.00518,1.00529,1.50,2.25
2012.08.02 05:12:38.632,1.00516,1.00529,1.50,2.25
2012.08.02 05:12:39.194,1.00519,1.00529,1.50,1.50
2012.08.02 05:12:40.194,1.00516,1.00529,1.50,1.50
2012.08.02 05:12:41.861,1.00516,1.00529,1.50,2.25
2012.08.02 05:12:41.981,1.00518,1.00529,1.50,1.50
2012.08.02 05:12:42.501,1.00517,1.00529,1.50,3.00
2012.08.02 05:12:43.063,1.00517,1.00529,1.50,3.00
2012.08.02 05:12:45.737,1.00517,1.00529,1.50,4.50
2012.08.02 05:12:46.422,1.00517,1.00529,1.50,5.25
2012.08.02 05:12:46.710,1.00515,1.00527,1.50,1.50
2012.08.02 05:12:46.830,1.00517,1.00529,1.50,3.00
2012.08.02 05:12:47.175,1.00515,1.00527,1.50,1.50
2012.08.02 05:12:48.996,1.00513,1.00524,1.50,1.50
2012.08.02 05:12:49.499,1.00514,1.00528,2.25,1.50
2012.08.02 05:12:49.603,1.00517,1.00529,1.50,3.00
2012.08.02 05:12:49.952,1.00515,1.00527,1.50,1.50
2012.08.02 05:12:50.186,1.00516,1.00529,1.50,1.50
2012.08.02 05:12:50.608,1.00515,1.00527,1.50,1.50
2012.08.02 05:13:03.028,1.00513,1.00525,2.25,1.50
2012.08.02 05:13:03.852,1.00514,1.00528,2.25,3.75
2012.08.02 05:13:11.081,1.00515,1.00527,1.50,1.50
2012.08.02 05:13:12.940,1.00512,1.00526,3.75,1.50
2012.08.02 05:13:23.203,1.00515,1.00527,1.50,1.50
2012.08.02 05:13:24.871,1.00513,1.00525,2.25,1.50
2012.08.02 05:13:25.047,1.00515,1.00527,1.50,3.00
2012.08.02 05:13:44.010,1.00515,1.00527,1.50,2.25
2012.08.02 05:13:45.097,1.00512,1.00526,3.00,2.25
2012.08.02 05:13:52.578,1.00513,1.00525,3.75,1.50
2012.08.02 05:14:01.195,1.00513,1.00525,2.25,1.50
2012.08.02 05:14:01.256,1.00515,1.00527,2.25,1.50
2012.08.02 05:14:01.484,1.00513,1.00525,2.25,1.50
2012.08.02 05:14:01.656,1.00513,1.00525,2.25,1.50
2012.08.02 05:14:01.943,1.00513,1.00523,1.50,1.50
2012.08.02 05:14:02.233,1.00513,1.00525,2.25,1.50
2012.08.02 05:14:02.359,1.00514,1.00528,1.50,3.38
2012.08.02 05:14:03.014,1.00514,1.00528,1.50,2.25
2012.08.02 05:14:03.245,1.00512,1.00526,2.25,1.50
2012.08.02 05:14:03.675,1.00514,1.00528,1.50,2.25
2012.08.02 05:14:08.982,1.00514,1.00528,1.50,2.25
2012.08.02 05:14:09.490,1.00512,1.00526,2.25,2.25
2012.08.02 05:14:50.211,1.00514,1.00527,1.50,2.25
2012.08.02 05:14:51.551,1.00512,1.00523,3.00,1.50
2012.08.02 05:14:51.898,1.00512,1.00526,3.75,1.50
2012.08.02 05:14:52.187,1.00515,1.00527,1.50,2.25
2012.08.02 05:14:52.502,1.00513,1.00525,2.25,1.50
2012.08.02 05:14:53.141,1.00514,1.00528,1.50,3.75
2012.08.02 05:14:54.794,1.00512,1.00526,4.50,1.50
2012.08.02 05:14:56.115,1.00515,1.00527,1.50,3.75
2012.08.02 05:14:57.766,1.00516,1.0053,1.50,5.25
2012.08.02 05:14:58.129,1.00514,1.00528,1.50,2.25
2012.08.02 05:15:03.715,1.00513,1.00526,1.50,1.50
2012.08.02 05:15:04.572,1.00512,1.00525,2.25,1.50
2012.08.02 05:15:04.691,1.0051,1.00524,3.75,1.50
2012.08.02 05:15:04.983,1.00511,1.00522,1.50,1.50
2012.08.02 05:15:05.518,1.00513,1.00525,1.50,1.50
2012.08.02 05:15:05.748,1.0051,1.00524,3.75,1.50
2012.08.02 05:15:06.921,1.00513,1.00525,1.50,3.00
2012.08.02 05:15:15.460,1.00511,1.00523,2.25,1.50
2012.08.02 05:15:24.422,1.00512,1.00526,1.50,3.75
2012.08.02 05:15:35.196,1.00511,1.00523,4.50,1.50
2012.08.02 05:15:51.553,1.00512,1.00526,1.50,3.00
2012.08.02 05:16:51.568,1.00511,1.00527,1.50,1.50
2012.08.02 05:17:00.996,1.0051,1.00528,1.50,1.88
2012.08.02 05:17:02.958,1.00511,1.00528,1.50,2.63
2012.08.02 05:17:09.009,1.00511,1.00528,1.50,2.25
2012.08.02 05:17:31.033,1.00511,1.00528,2.25,1.88
2012.08.02 05:17:31.687,1.00511,1.00528,2.25,1.88
2012.08.02 05:17:46.114,1.00511,1.00527,2.25,1.13
2012.08.02 05:17:46.925,1.00511,1.00527,2.25,1.13
2012.08.02 05:17:50.611,1.00511,1.00527,1.50,3.00
2012.08.02 05:17:50.673,1.00511,1.00523,2.25,2.25
2012.08.02 05:17:51.422,1.00512,1.00525,1.50,1.13
2012.08.02 05:17:55.731,1.0051,1.00524,1.50,3.75
2012.08.02 05:17:56.483,1.00513,1.00524,1.50,2.25
2012.08.02 05:17:56.662,1.0051,1.00524,1.50,3.00
2012.08.02 05:17:57.342,1.00512,1.00525,1.50,3.38
2012.08.02 05:18:20.678,1.00512,1.00524,1.50,1.13
2012.08.02 05:18:28.346,1.00513,1.00526,1.50,3.00
2012.08.02 05:18:28.409,1.00513,1.00526,1.50,2.25
2012.08.02 05:18:29.066,1.00514,1.00528,1.50,2.25
2012.08.02 05:18:30.153,1.00512,1.00526,3.00,1.50
2012.08.02 05:18:31.646,1.00514,1.00528,1.50,2.25
2012.08.02 05:18:33.850,1.00514,1.00528,2.25,2.25
2012.08.02 05:18:46.570,1.00514,1.00528,2.25,2.25
2012.08.02 05:18:56.893,1.00513,1.00525,2.25,1.50
2012.08.02 05:19:01.784,1.00514,1.00528,2.25,2.25
2012.08.02 05:19:02.207,1.00513,1.00525,2.25,1.50
2012.08.02 05:19:09.439,1.00513,1.00525,1.50,1.50
2012.08.02 05:19:27.758,1.00512,1.00524,1.50,1.50
2012.08.02 05:19:29.502,1.00512,1.00524,1.50,1.50
2012.08.02 05:19:29.570,1.00515,1.00529,3.75,2.25
2012.08.02 05:19:30.080,1.00517,1.0053,2.25,1.50
2012.08.02 05:19:30.840,1.00516,1.00528,2.25,1.50
2012.08.02 05:19:32.552,1.00515,1.00526,3.00,1.50
2012.08.02 05:19:32.671,1.00515,1.00526,1.50,1.50
2012.08.02 05:19:33.024,1.00515,1.00529,3.75,2.25
2012.08.02 05:19:35.375,1.00515,1.00529,3.75,2.25
2012.08.02 05:19:36.607,1.00518,1.0053,1.50,3.00
2012.08.02 05:19:38.202,1.00516,1.00528,2.25,1.50
2012.08.02 05:19:45.328,1.00516,1.00528,2.25,1.50
2012.08.02 05:19:47.153,1.00516,1.00528,2.25,1.50
2012.08.02 05:19:48.787,1.00516,1.00528,2.25,1.50
2012.08.02 05:19:50.391,1.00516,1.00528,3.00,1.50
2012.08.02 05:19:56.831,1.00516,1.00528,2.25,1.50
2012.08.02 05:20:04.438,1.00516,1.00527,1.50,1.50
2012.08.02 05:20:05.646,1.00515,1.00529,3.00,2.25
2012.08.02 05:20:14.067,1.00517,1.00531,1.50,2.25
2012.08.02 05:20:14.609,1.00516,1.00528,1.50,1.50
2012.08.02 05:20:18.802,1.00516,1.0053,3.00,2.25
2012.08.02 05:20:19.136,1.00519,1.00531,1.50,2.25
2012.08.02 05:20:19.701,1.00519,1.00531,1.50,2.25
2012.08.02 05:20:20.689,1.00517,1.00529,1.50,1.50
2012.08.02 05:20:21.061,1.00516,1.00527,1.50,1.50
2012.08.02 05:20:24.785,1.00516,1.0053,3.00,2.25
2012.08.02 05:20:31.666,1.00516,1.0053,3.00,2.25
2012.08.02 05:20:32.170,1.00516,1.0053,3.00,2.25
2012.08.02 05:20:38.268,1.00516,1.0053,3.00,2.25
2012.08.02 05:20:46.805,1.00516,1.0053,3.75,2.25
2012.08.02 05:20:47.315,1.00516,1.0053,3.00,2.25
2012.08.02 05:20:52.157,1.00517,1.0053,1.13,2.25
2012.08.02 05:20:52.219,1.00517,1.0053,1.13,2.25
2012.08.02 05:20:52.341,1.00523,1.00532,2.25,1.50
2012.08.02 05:20:52.405,1.00526,1.00533,1.50,1.50
2012.08.02 05:20:52.527,1.00531,1.00543,1.50,2.25
2012.08.02 05:20:52.765,1.00531,1.0054,1.50,1.50
2012.08.02 05:20:53.001,1.0053,1.00542,1.50,2.63
2012.08.02 05:20:53.236,1.00527,1.00541,1.50,1.50
2012.08.02 05:20:53.414,1.00529,1.00543,1.50,5.25
2012.08.02 05:20:54.155,1.00529,1.00543,1.50,3.75
2012.08.02 05:20:55.673,1.00532,1.00543,1.50,2.25
2012.08.02 05:20:57.103,1.00532,1.00543,1.50,1.88
2012.08.02 05:20:57.457,1.00528,1.0054,3.00,3.00
2012.08.02 05:20:57.578,1.00525,1.00539,1.50,2.25
2012.08.02 05:20:58.204,1.00527,1.0054,1.50,1.50
2012.08.02 05:21:06.162,1.00525,1.00539,1.50,2.25
2012.08.02 05:21:07.245,1.00527,1.0054,1.50,1.50
2012.08.02 05:21:16.910,1.00525,1.00539,1.50,2.25
2012.08.02 05:21:18.540,1.00528,1.0054,1.50,4.50
2012.08.02 05:21:29.263,1.00525,1.00539,1.50,2.25
2012.08.02 05:21:29.574,1.00528,1.0054,1.50,3.00
2012.08.02 05:21:33.885,1.00528,1.0054,1.50,2.25
2012.08.02 05:21:45.246,1.00526,1.00538,1.50,2.25
2012.08.02 05:21:47.265,1.00528,1.0054,1.50,2.25
2012.08.02 05:21:47.779,1.00528,1.0054,1.50,1.50
2012.08.02 05:21:48.241,1.00529,1.00543,1.50,4.50
2012.08.02 05:22:02.541,1.00529,1.00543,1.50,3.75
2012.08.02 05:22:02.605,1.00534,1.00543,1.50,2.25
2012.08.02 05:22:02.784,1.00534,1.00546,1.50,3.00
2012.08.02 05:22:03.202,1.00532,1.00546,1.50,4.50
2012.08.02 05:22:03.827,1.00532,1.00545,1.50,1.13
2012.08.02 05:22:10.766,1.00532,1.00543,1.50,1.50
2012.08.02 05:22:11.058,1.0053,1.00542,3.00,2.25
2012.08.02 05:22:16.427,1.00532,1.00543,1.50,1.50
2012.08.02 05:22:22.967,1.00534,1.00543,1.50,1.50
2012.08.02 05:22:24.891,1.00531,1.00543,1.50,3.00
2012.08.02 05:22:32.555,1.00528,1.00542,1.50,3.00
2012.08.02 05:22:33.079,1.00528,1.00542,3.00,3.00
2012.08.02 05:22:33.140,1.0053,1.00542,1.50,1.50
2012.08.02 05:22:46.126,1.00532,1.00542,1.50,1.50
2012.08.02 05:22:46.785,1.00531,1.00542,1.50,1.50
2012.08.02 05:22:50.280,1.00531,1.00543,1.50,3.00
2012.08.02 05:22:50.793,1.00532,1.00543,1.50,1.50
2012.08.02 05:22:53.488,1.0053,1.00544,1.50,3.75
2012.08.02 05:22:59.024,1.0053,1.00544,1.50,3.75
2012.08.02 05:22:59.199,1.00532,1.00544,1.50,2.25
2012.08.02 05:23:00.403,1.00531,1.00543,1.50,2.25
2012.08.02 05:23:39.126,1.00531,1.00543,1.50,3.75
2012.08.02 05:23:40.229,1.00531,1.00543,1.50,3.75
2012.08.02 05:23:49.311,1.00531,1.00541,1.50,2.85
2012.08.02 05:23:49.434,1.00523,1.00534,2.25,1.13
2012.08.02 05:23:49.731,1.0052,1.00534,3.00,2.63
2012.08.02 05:23:49.910,1.00528,1.00536,1.50,1.50
2012.08.02 05:23:50.330,1.00529,1.00541,1.50,1.50
2012.08.02 05:23:50.508,1.00529,1.00543,1.50,4.50
2012.08.02 05:23:50.630,1.00531,1.00543,1.50,3.00
2012.08.02 05:23:51.139,1.00531,1.00544,1.50,3.00
2012.08.02 05:23:59.729,1.00529,1.00543,1.50,3.00
2012.08.02 05:24:00.086,1.00529,1.00542,1.50,2.10
2012.08.02 05:24:00.324,1.00524,1.00538,2.25,2.25
2012.08.02 05:24:00.952,1.00525,1.00537,2.25,1.50
2012.08.02 05:24:01.020,1.0053,1.00543,1.50,2.25
2012.08.02 05:24:01.764,1.0053,1.00543,1.50,3.00
2012.08.02 05:24:03.497,1.0053,1.00543,1.50,3.00
2012.08.02 05:24:04.906,1.0053,1.00543,1.50,3.00
2012.08.02 05:24:05.080,1.0053,1.00543,1.50,2.25
2012.08.02 05:24:16.494,1.00532,1.00543,1.50,1.50
2012.08.02 05:24:16.846,1.00537,1.00548,1.50,3.75
2012.08.02 05:24:17.377,1.00536,1.00547,1.50,2.25
2012.08.02 05:24:17.729,1.00533,1.00547,1.50,3.75
2012.08.02 05:24:19.150,1.00533,1.00547,1.50,3.75
2012.08.02 05:24:19.622,1.00538,1.00549,1.50,3.00
2012.08.02 05:24:20.734,1.00535,1.00549,1.50,4.50
2012.08.02 05:24:46.592,1.00535,1.00549,1.50,3.00
2012.08.02 05:25:20.735,1.00531,1.00549,1.13,1.50
2012.08.02 05:25:21.606,1.00531,1.00549,1.88,1.50
2012.08.02 05:25:22.564,1.00531,1.00549,1.13,1.50
2012.08.02 05:25:22.679,1.00531,1.00549,1.88,1.50
2012.08.02 05:25:23.927,1.00531,1.00549,1.13,1.50
2012.08.02 05:25:24.064,1.00531,1.00549,1.88,1.50
2012.08.02 05:25:27.033,1.00531,1.00549,1.88,1.50
2012.08.02 05:25:53.521,1.00531,1.00549,1.88,1.50
2012.08.02 05:25:54.072,1.00531,1.00549,1.88,1.50
2012.08.02 05:25:59.513,1.00531,1.00549,1.50,1.50
2012.08.02 05:26:00.156,1.00531,1.00549,1.50,1.50
2012.08.02 05:26:04.469,1.00531,1.00549,2.25,1.50
2012.08.02 05:26:04.857,1.00538,1.00549,1.50,1.50
2012.08.02 05:26:06.071,1.00536,1.00549,1.50,3.00
2012.08.02 05:26:07.050,1.00535,1.00549,2.25,3.00
2012.08.02 05:26:08.879,1.00535,1.00549,3.00,2.25
2012.08.02 05:26:08.999,1.00537,1.00551,1.50,3.00
2012.08.02 05:26:09.232,1.00541,1.00551,1.50,1.50
2012.08.02 05:26:09.774,1.00541,1.00552,1.50,1.50
2012.08.02 05:26:12.148,1.00538,1.00551,1.50,1.50
2012.08.02 05:26:12.427,1.00538,1.00551,1.50,2.25
2012.08.02 05:26:12.838,1.00534,1.00548,1.50,3.00
2012.08.02 05:26:13.074,1.00536,1.00548,1.50,1.50
2012.08.02 05:26:29.695,1.00535,1.00547,3.00,1.50
2012.08.02 05:26:30.321,1.00534,1.00548,1.50,3.00
2012.08.02 05:26:30.911,1.00533,1.00546,1.50,1.50
2012.08.02 05:26:31.433,1.00532,1.00546,3.00,1.50
2012.08.02 05:26:32.805,1.00535,1.00547,1.50,3.00
2012.08.02 05:26:33.860,1.00535,1.00547,1.50,3.00
2012.08.02 05:26:34.481,1.00537,1.00548,1.50,1.50
2012.08.02 05:26:34.601,1.00534,1.00548,1.50,3.00
2012.08.02 05:26:41.685,1.00534,1.00548,1.50,3.00
2012.08.02 05:26:47.256,1.00536,1.00548,1.50,1.50
2012.08.02 05:26:59.918,1.00535,1.00547,1.50,1.50
2012.08.02 05:27:00.434,1.00536,1.00549,1.50,1.50
2012.08.02 05:27:01.599,1.00536,1.00549,1.50,1.50
2012.08.02 05:27:03.417,1.00534,1.00548,1.50,1.50
2012.08.02 05:27:04.914,1.00533,1.00545,1.50,1.50
2012.08.02 05:27:12.296,1.00535,1.00547,1.50,1.50
2012.08.02 05:27:13.375,1.00533,1.00545,1.50,1.50
2012.08.02 05:27:24.746,1.00534,1.00547,1.50,1.50
2012.08.02 05:27:25.255,1.00534,1.00548,1.50,1.50
2012.08.02 05:27:28.381,1.00532,1.00546,1.50,1.50
2012.08.02 05:27:31.089,1.00534,1.00547,1.50,1.50
2012.08.02 05:27:31.640,1.00534,1.00548,1.50,1.50
2012.08.02 05:27:31.980,1.00533,1.00545,1.50,1.50
2012.08.02 05:27:46.576,1.0053,1.00544,3.75,1.50
2012.08.02 05:27:46.695,1.00529,1.00542,1.50,1.50
2012.08.02 05:27:46.814,1.00528,1.00542,4.13,1.50
2012.08.02 05:27:46.932,1.00531,1.00543,1.50,3.00
2012.08.02 05:27:47.347,1.00533,1.00545,1.50,3.00
2012.08.02 05:27:56.444,1.00531,1.00544,1.50,1.50
2012.08.02 05:27:57.100,1.0053,1.00544,2.25,1.50
2012.08.02 05:28:02.044,1.00533,1.00545,1.50,3.00
2012.08.02 05:28:14.645,1.0053,1.00544,3.75,1.50
2012.08.02 05:28:15.345,1.00533,1.00545,1.50,3.00
2012.08.02 05:28:19.485,1.00533,1.00544,1.50,1.50
2012.08.02 05:28:19.547,1.00529,1.00543,3.00,1.50
2012.08.02 05:28:25.421,1.00529,1.00543,2.25,1.50
2012.08.02 05:28:25.540,1.00531,1.00544,1.50,1.50
2012.08.02 05:28:25.886,1.00536,1.00547,1.50,1.50
2012.08.02 05:28:33.556,1.00533,1.00547,3.00,2.25
2012.08.02 05:28:45.532,1.00532,1.00544,2.25,1.50
2012.08.02 05:29:04.119,1.00532,1.00544,1.50,2.25
2012.08.02 05:29:05.130,1.00532,1.00544,1.50,2.25
2012.08.02 05:29:12.974,1.0053,1.00542,2.25,2.25
2012.08.02 05:29:13.267,1.00527,1.00539,2.25,1.50
2012.08.02 05:29:13.592,1.00529,1.00541,1.50,2.25
2012.08.02 05:29:17.792,1.00527,1.00539,2.25,1.50
2012.08.02 05:29:17.966,1.00528,1.00541,1.50,1.50
2012.08.02 05:29:18.991,1.00526,1.0054,2.25,1.50
2012.08.02 05:29:19.636,1.00528,1.00541,1.50,1.50
2012.08.02 05:29:25.729,1.00528,1.00541,1.50,1.50
2012.08.02 05:29:26.293,1.00528,1.00541,1.50,1.50
2012.08.02 05:29:26.817,1.00528,1.00541,1.50,1.50
2012.08.02 05:29:37.465,1.00526,1.0054,3.00,2.25
2012.08.02 05:29:38.925,1.00528,1.00541,1.50,1.50
2012.08.02 05:29:46.734,1.00528,1.00542,2.10,3.00
2012.08.02 05:29:46.912,1.00526,1.0054,3.00,2.25
2012.08.02 05:29:54.329,1.00526,1.0054,3.00,2.25
2012.08.02 05:29:54.447,1.00526,1.0054,3.00,2.25
2012.08.02 05:29:54.750,1.00525,1.00537,2.25,1.50
2012.08.02 05:29:54.989,1.00526,1.0054,1.50,3.75
2012.08.02 05:29:55.559,1.00526,1.0054,1.50,3.00
2012.08.02 05:29:55.628,1.00524,1.00538,3.38,1.50
2012.08.02 05:29:55.942,1.00527,1.00539,1.50,1.50
2012.08.02 05:30:00.333,1.00525,1.0054,1.50,1.50
2012.08.02 05:30:00.990,1.00525,1.0054,1.50,1.50
2012.08.02 05:30:01.663,1.00525,1.0054,2.25,1.50
2012.08.02 05:30:02.363,1.00525,1.00541,2.25,2.25
2012.08.02 05:30:03.929,1.00525,1.0054,1.50,1.50
2012.08.02 05:30:04.430,1.00525,1.0054,1.50,1.50
2012.08.02 05:30:04.547,1.00525,1.0054,1.50,1.50
2012.08.02 05:30:05.141,1.00526,1.00539,1.50,1.50
2012.08.02 05:30:08.518,1.00525,1.00536,3.00,1.50
2012.08.02 05:30:09.552,1.00526,1.00539,1.50,2.25
2012.08.02 05:30:46.476,1.00528,1.00541,1.50,3.00
2012.08.02 05:30:46.690,1.00526,1.00539,2.25,1.50
2012.08.02 05:30:59.516,1.00526,1.00539,2.25,2.25
2012.08.02 05:30:59.635,1.00526,1.00539,2.25,2.25
2012.08.02 05:31:04.958,1.00528,1.00541,1.50,3.00
2012.08.02 05:31:05.393,1.00528,1.00541,3.75,3.00
2012.08.02 05:31:05.742,1.00528,1.00541,1.50,2.25
2012.08.02 05:31:05.977,1.00526,1.00539,3.60,2.25
2012.08.02 05:31:06.272,1.00524,1.00537,2.25,1.50
2012.08.02 05:31:06.853,1.00525,1.00537,2.10,1.50
2012.08.02 05:31:07.205,1.00528,1.00539,1.50,2.25
2012.08.02 05:31:07.675,1.00525,1.00538,3.00,1.50
2012.08.02 05:31:08.479,1.00527,1.0054,1.50,3.00
2012.08.02 05:31:09.002,1.00529,1.00541,1.50,1.50
2012.08.02 05:31:09.702,1.00526,1.00537,3.00,1.50
2012.08.02 05:31:24.521,1.00528,1.00539,1.50,1.50
2012.08.02 05:31:25.177,1.00526,1.00537,3.75,1.50
2012.08.02 05:31:25.467,1.00523,1.00536,4.50,1.50
2012.08.02 05:31:25.991,1.00524,1.00535,1.50,1.50
2012.08.02 05:31:26.055,1.00522,1.00535,3.00,1.50
2012.08.02 05:31:26.876,1.00522,1.00535,3.00,1.50
2012.08.02 05:31:28.282,1.00522,1.00535,3.00,2.25
2012.08.02 05:31:28.465,1.00519,1.00531,1.50,1.50
2012.08.02 05:31:28.644,1.00518,1.00531,2.25,2.25
2012.08.02 05:31:29.194,1.00518,1.00531,3.00,3.00
2012.08.02 05:31:30.993,1.00518,1.00528,1.50,1.50
2012.08.02 05:31:31.586,1.00517,1.00528,1.50,1.50
2012.08.02 05:31:42.483,1.00518,1.00531,1.50,2.25
2012.08.02 05:31:42.832,1.0052,1.00532,2.25,1.50
2012.08.02 05:31:44.909,1.00518,1.00531,2.25,3.00
2012.08.02 05:31:45.446,1.00516,1.00529,4.35,2.25
2012.08.02 05:31:50.677,1.00516,1.00528,3.00,1.50
2012.08.02 05:31:50.739,1.00515,1.00526,3.75,1.50
2012.08.02 05:31:53.789,1.00517,1.00528,1.50,1.50
2012.08.02 05:31:55.187,1.00519,1.0053,1.50,3.75
2012.08.02 05:31:56.035,1.00519,1.0053,4.50,2.25
2012.08.02 05:31:56.105,1.00521,1.00532,1.50,2.25
2012.08.02 05:32:07.020,1.00521,1.00532,1.50,2.25
2012.08.02 05:32:14.593,1.00519,1.00531,1.50,2.25
2012.08.02 05:32:14.887,1.00517,1.00528,2.25,1.50
2012.08.02 05:32:28.299,1.00519,1.0053,1.50,3.00
2012.08.02 05:32:29.876,1.00519,1.00528,1.50,1.50
2012.08.02 05:32:30.052,1.00517,1.0053,3.00,2.25
2012.08.02 05:32:30.126,1.0052,1.0053,2.48,1.50
2012.08.02 05:32:30.191,1.00521,1.00532,1.73,3.00
2012.08.02 05:32:30.256,1.00525,1.00532,1.50,2.25
2012.08.02 05:32:30.436,1.00524,1.00536,1.50,1.50
2012.08.02 05:32:30.672,1.00523,1.00534,1.50,3.00
2012.08.02 05:32:31.025,1.00525,1.00537,1.50,1.50
2012.08.02 05:32:31.270,1.00524,1.00537,1.50,3.75
2012.08.02 05:32:31.397,1.00522,1.00535,1.50,3.00
2012.08.02 05:32:33.483,1.00522,1.00535,1.50,2.25
2012.08.02 05:32:33.890,1.00524,1.00535,2.25,2.25
2012.08.02 05:32:34.069,1.00526,1.00537,3.00,2.25
2012.08.02 05:32:34.247,1.00527,1.0054,2.25,2.25
2012.08.02 05:32:34.601,1.00526,1.00535,1.50,1.50
2012.08.02 05:32:34.723,1.00528,1.00541,2.25,3.00
2012.08.02 05:32:35.511,1.00526,1.00538,1.50,2.25
2012.08.02 05:32:36.066,1.00525,1.00536,1.50,3.00
2012.08.02 05:32:48.862,1.00525,1.00536,2.25,3.00
2012.08.02 05:32:49.345,1.00528,1.00541,2.25,3.00
2012.08.02 05:32:49.408,1.00528,1.00538,1.50,2.25
2012.08.02 05:32:49.588,1.00524,1.00536,2.25,2.25
2012.08.02 05:32:49.653,1.00526,1.00536,1.50,1.50
2012.08.02 05:32:49.831,1.00526,1.00539,1.50,2.25
2012.08.02 05:32:49.894,1.00529,1.0054,1.50,2.25
2012.08.02 05:32:50.016,1.00526,1.00539,1.50,3.00
2012.08.02 05:32:51.589,1.00526,1.00539,2.25,2.25
2012.08.02 05:33:10.605,1.00525,1.00536,2.25,1.35
2012.08.02 05:33:10.669,1.00524,1.00531,1.50,1.50
2012.08.02 05:33:10.791,1.00519,1.00528,2.25,1.50
2012.08.02 05:33:10.912,1.00519,1.00531,2.25,1.50
2012.08.02 05:33:10.977,1.00519,1.00531,1.50,1.50
2012.08.02 05:33:11.099,1.0052,1.00533,2.25,2.25
2012.08.02 05:33:11.392,1.00522,1.00533,1.50,1.50
2012.08.02 05:33:11.760,1.00524,1.00535,1.50,3.00
2012.08.02 05:33:11.826,1.00521,1.00534,3.00,1.50
2012.08.02 05:33:12.120,1.0052,1.00531,2.25,1.50
2012.08.02 05:33:14.062,1.00522,1.00533,1.50,2.25
2012.08.02 05:33:26.065,1.0052,1.00531,3.75,1.50
2012.08.02 05:33:33.402,1.0052,1.00531,1.50,1.50
2012.08.02 05:33:33.465,1.00518,1.0053,1.50,1.50
2012.08.02 05:33:33.699,1.00517,1.00527,2.25,1.50
2012.08.02 05:33:34.108,1.00517,1.00529,3.75,1.50
2012.08.02 05:33:34.650,1.00517,1.0053,3.75,1.50
2012.08.02 05:33:38.679,1.00517,1.0053,3.00,1.50
2012.08.02 05:33:42.948,1.0052,1.00531,1.50,2.25
2012.08.02 05:33:44.198,1.00518,1.00529,1.50,1.50
2012.08.02 05:34:11.877,1.0052,1.00531,1.50,2.25
2012.08.02 05:34:12.225,1.0052,1.00531,2.25,1.50
2012.08.02 05:34:12.345,1.00521,1.00534,2.25,2.25
2012.08.02 05:34:18.830,1.00523,1.00536,2.25,3.75
2012.08.02 05:34:18.893,1.00523,1.00536,3.00,3.75
2012.08.02 05:34:19.308,1.00521,1.00534,2.25,1.50
2012.08.02 05:34:19.372,1.00522,1.00534,2.25,2.25
2012.08.02 05:34:19.495,1.00525,1.00538,2.25,2.25
2012.08.02 05:34:19.558,1.00525,1.00538,2.25,1.50
2012.08.02 05:34:20.191,1.00528,1.00539,1.50,3.00
2012.08.02 05:34:21.709,1.00529,1.00539,1.50,1.50
2012.08.02 05:34:46.546,1.0053,1.00543,1.50,4.50
2012.08.02 05:34:50.965,1.00528,1.00538,2.25,1.50
2012.08.02 05:34:52.425,1.00527,1.00538,2.25,1.50
2012.08.02 05:34:54.898,1.00528,1.00541,1.50,2.25
2012.08.02 05:34:56.219,1.00527,1.00538,2.25,1.50
2012.08.02 05:34:56.995,1.00529,1.0054,1.50,2.25
2012.08.02 05:35:14.493,1.00527,1.00538,2.25,1.50
2012.08.02 05:35:21.454,1.00525,1.00536,4.50,1.50
2012.08.02 05:35:22.169,1.00528,1.00539,1.50,2.25
2012.08.02 05:35:30.871,1.00526,1.00537,5.25,1.50
2012.08.02 05:35:31.103,1.00527,1.0054,1.50,2.25
2012.08.02 05:35:31.625,1.00526,1.00538,2.85,1.50
2012.08.02 05:35:32.249,1.00528,1.00539,1.50,2.25
2012.08.02 05:35:32.960,1.00526,1.00538,1.50,1.50
2012.08.02 05:35:34.066,1.00527,1.00539,1.50,2.25
2012.08.02 05:35:34.776,1.00527,1.0054,1.50,1.50
2012.08.02 05:36:00.133,1.00527,1.0054,2.25,1.50
2012.08.02 05:36:01.177,1.00527,1.0054,1.50,1.50
2012.08.02 05:36:01.909,1.00527,1.0054,3.00,1.50
2012.08.02 05:36:02.438,1.00527,1.0054,2.25,1.50
2012.08.02 05:36:19.598,1.00529,1.0054,1.50,1.50
2012.08.02 05:36:20.011,1.00531,1.00541,1.50,1.50
2012.08.02 05:36:29.999,1.00531,1.00542,1.50,3.75
2012.08.02 05:36:30.176,1.00528,1.00541,1.50,2.25
2012.08.02 05:36:30.716,1.0053,1.00542,1.50,2.25
2012.08.02 05:36:34.057,1.00527,1.0054,2.25,1.50
2012.08.02 05:36:51.910,1.00526,1.00537,1.50,1.50
2012.08.02 05:36:55.792,1.00525,1.00538,2.25,1.50
2012.08.02 05:37:07.904,1.00528,1.00539,1.50,3.00
2012.08.02 05:37:11.259,1.00529,1.00542,1.50,3.00
2012.08.02 05:37:11.780,1.00529,1.00542,1.50,2.25
2012.08.02 05:37:12.589,1.00529,1.00542,1.50,3.00
2012.08.02 05:37:13.136,1.00529,1.00542,2.25,3.00
2012.08.02 05:37:21.713,1.00529,1.00542,2.25,3.00
2012.08.02 05:37:43.981,1.00531,1.00544,1.50,2.25
2012.08.02 05:37:44.213,1.0053,1.00541,2.25,1.50
2012.08.02 05:37:54.832,1.00532,1.00543,1.50,1.50
2012.08.02 05:37:55.422,1.0053,1.00541,2.25,1.50
2012.08.02 05:38:03.500,1.00532,1.00543,1.50,1.50
2012.08.02 05:38:03.851,1.00537,1.00548,1.50,3.00
2012.08.02 05:38:04.145,1.00533,1.00544,1.50,1.50
2012.08.02 05:38:06.643,1.0053,1.00543,3.00,1.50
2012.08.02 05:38:06.765,1.00529,1.00541,1.50,1.50
2012.08.02 05:38:09.740,1.00529,1.00541,1.50,1.50
2012.08.02 05:38:09.976,1.0053,1.00543,2.25,3.75
2012.08.02 05:38:12.237,1.00533,1.00544,1.50,2.25
2012.08.02 05:38:12.792,1.00533,1.00544,1.50,2.25
2012.08.02 05:38:20.470,1.00531,1.00542,1.50,3.00
2012.08.02 05:38:20.990,1.00529,1.00541,2.25,1.50
2012.08.02 05:38:22.418,1.00529,1.00538,2.25,1.50
2012.08.02 05:38:22.652,1.00529,1.00542,3.75,1.50
2012.08.02 05:38:29.471,1.00529,1.00542,3.00,1.50
2012.08.02 05:38:31.605,1.00529,1.0054,1.50,1.50
2012.08.02 05:38:32.068,1.00532,1.00543,1.50,3.00
2012.08.02 05:38:32.414,1.00534,1.00544,1.50,1.50
2012.08.02 05:38:32.647,1.00532,1.00543,1.50,1.50
2012.08.02 05:38:33.496,1.0053,1.00541,1.50,1.50
2012.08.02 05:38:33.843,1.00532,1.00543,1.50,1.50
2012.08.02 05:38:42.199,1.00529,1.00542,3.75,1.50
2012.08.02 05:38:42.261,1.00532,1.00543,1.50,3.00
2012.08.02 05:38:50.027,1.00529,1.00542,3.00,1.50
2012.08.02 05:38:51.865,1.00529,1.00539,1.50,1.50
2012.08.02 05:38:55.892,1.0053,1.00541,1.50,3.00
2012.08.02 05:39:04.112,1.00532,1.00543,1.50,1.50
2012.08.02 05:39:04.289,1.00533,1.00546,1.50,1.50
2012.08.02 05:39:05.131,1.00533,1.00546,1.50,3.75
2012.08.02 05:39:05.644,1.00533,1.00546,1.50,2.25
2012.08.02 05:39:05.706,1.00533,1.00546,1.88,2.25
2012.08.02 05:39:06.056,1.00537,1.00548,1.50,1.50
2012.08.02 05:39:06.119,1.0054,1.00552,1.50,3.23
2012.08.02 05:39:06.469,1.00537,1.00548,1.50,1.50
2012.08.02 05:39:06.867,1.00539,1.0055,1.50,1.50
2012.08.02 05:39:26.403,1.00537,1.00548,2.25,1.50
2012.08.02 05:39:26.746,1.00539,1.0055,1.50,1.50
2012.08.02 05:40:20.748,1.0054,1.00553,1.50,4.50
2012.08.02 05:40:20.866,1.00543,1.00553,1.50,1.50
2012.08.02 05:40:21.497,1.0054,1.00553,2.25,3.00
2012.08.02 05:40:26.101,1.00539,1.0055,2.25,1.50
2012.08.02 05:40:26.220,1.00541,1.00552,2.25,2.25
2012.08.02 05:40:36.651,1.00544,1.00555,2.25,4.50
2012.08.02 05:40:36.714,1.00545,1.00555,1.50,2.25
2012.08.02 05:40:36.837,1.00548,1.00558,1.50,3.00
2012.08.02 05:40:37.187,1.0055,1.00561,1.50,3.75
2012.08.02 05:40:37.478,1.00547,1.0056,3.00,3.00
2012.08.02 05:40:38.389,1.00549,1.0056,1.50,1.50
2012.08.02 05:40:38.907,1.00548,1.00559,3.00,2.25
2012.08.02 05:40:39.427,1.00547,1.0056,2.25,2.25
2012.08.02 05:40:40.974,1.00547,1.0056,2.63,2.25
2012.08.02 05:40:41.105,1.00549,1.00562,2.10,2.25
2012.08.02 05:40:41.168,1.00551,1.00562,2.25,2.25
2012.08.02 05:40:41.696,1.00551,1.00564,1.50,3.00
2012.08.02 05:40:42.215,1.00551,1.00564,1.50,2.25
2012.08.02 05:40:42.564,1.00554,1.00565,1.50,1.50
2012.08.02 05:40:42.798,1.00551,1.00564,2.25,2.25
2012.08.02 05:40:43.312,1.00551,1.00564,1.50,1.50
2012.08.02 05:40:43.547,1.00554,1.00565,1.50,1.50
2012.08.02 05:40:51.294,1.00551,1.00564,2.25,1.50
2012.08.02 05:40:51.696,1.00554,1.00565,1.50,3.00
2012.08.02 05:40:59.518,1.00552,1.00563,2.25,1.50
2012.08.02 05:40:59.638,1.00552,1.00563,1.50,1.50
2012.08.02 05:40:59.986,1.00554,1.00565,1.50,1.50
2012.08.02 05:41:03.270,1.00551,1.00564,2.25,1.50
2012.08.02 05:41:03.787,1.00551,1.00564,2.25,1.50
2012.08.02 05:41:04.118,1.00551,1.00564,2.25,1.50
2012.08.02 05:41:04.644,1.00553,1.00566,2.25,4.88
2012.08.02 05:41:04.932,1.00551,1.00564,1.50,1.50
2012.08.02 05:41:14.495,1.00549,1.00562,3.00,1.50
2012.08.02 05:41:16.986,1.00552,1.00563,1.50,1.50
2012.08.02 05:42:16.981,1.00551,1.00567,1.50,1.88
2012.08.02 05:42:19.616,1.00551,1.00566,1.50,1.50
2012.08.02 05:42:20.178,1.00551,1.00566,1.50,1.50
2012.08.02 05:42:49.281,1.00551,1.00564,3.00,2.25
2012.08.02 05:42:49.801,1.00551,1.00564,2.25,1.50
2012.08.02 05:42:52.195,1.0055,1.00562,1.50,1.50
2012.08.02 05:42:52.837,1.00551,1.00564,2.25,3.75
2012.08.02 05:42:52.957,1.00553,1.00565,1.50,2.25
2012.08.02 05:42:53.306,1.00555,1.00567,1.50,1.50
2012.08.02 05:42:53.714,1.00558,1.00569,1.50,2.25
2012.08.02 05:43:02.448,1.00558,1.00568,1.50,2.25
2012.08.02 05:43:02.738,1.00555,1.00567,2.25,2.25
2012.08.02 05:43:03.223,1.00554,1.00565,1.50,1.50
2012.08.02 05:43:13.465,1.00552,1.00563,2.25,3.00
2012.08.02 05:43:13.813,1.00551,1.00561,1.50,1.50
2012.08.02 05:43:13.989,1.00551,1.00564,3.00,3.00
2012.08.02 05:43:14.809,1.00552,1.00564,1.50,3.00
2012.08.02 05:43:15.044,1.00553,1.00564,2.25,2.25
2012.08.02 05:43:15.222,1.00556,1.00567,1.50,2.25
2012.08.02 05:43:15.803,1.00558,1.00568,1.50,1.50
2012.08.02 05:43:17.265,1.00555,1.00568,3.00,3.00
2012.08.02 05:43:19.983,1.00557,1.00569,1.50,1.50
2012.08.02 05:43:29.144,1.00557,1.0057,1.50,2.25
2012.08.02 05:43:37.554,1.00557,1.00568,1.50,1.13
2012.08.02 05:43:37.791,1.00554,1.00565,2.25,1.50
2012.08.02 05:43:38.260,1.00557,1.00568,1.50,4.13
2012.08.02 05:43:38.551,1.00557,1.00568,1.50,3.00
2012.08.02 05:43:40.207,1.00557,1.00568,1.50,3.38
2012.08.02 05:43:40.269,1.00557,1.00567,1.50,1.88
2012.08.02 05:43:40.448,1.00554,1.00567,1.50,3.00
2012.08.02 05:43:40.968,1.00553,1.00564,1.50,1.50
2012.08.02 05:43:41.147,1.00555,1.00566,1.50,1.13
2012.08.02 05:43:41.499,1.00559,1.00571,1.50,2.63
2012.08.02 05:43:58.357,1.00559,1.00572,1.50,4.50
2012.08.02 05:43:58.705,1.00556,1.00569,3.00,2.25
2012.08.02 05:43:59.453,1.00556,1.00569,3.00,2.25
2012.08.02 05:44:18.718,1.00557,1.0057,1.50,3.00
2012.08.02 05:44:29.412,1.00555,1.00568,3.00,1.50
2012.08.02 05:44:33.570,1.00557,1.0057,1.50,2.25
2012.08.02 05:44:37.705,1.00556,1.00567,1.50,1.50
2012.08.02 05:44:40.324,1.00558,1.00569,1.50,2.25
2012.08.02 05:44:40.742,1.00556,1.00567,1.50,1.50
2012.08.02 05:44:46.422,1.00557,1.0057,1.50,2.25
2012.08.02 05:44:46.952,1.00556,1.00567,3.75,1.50
2012.08.02 05:44:51.388,1.00557,1.0057,1.50,2.25
2012.08.02 05:44:59.447,1.00557,1.0057,1.50,1.50
2012.08.02 05:45:04.196,1.00557,1.0057,1.50,1.88
2012.08.02 05:45:04.542,1.00553,1.00566,3.00,1.88
2012.08.02 05:45:06.095,1.00556,1.00567,1.50,2.25
2012.08.02 05:45:06.392,1.00554,1.00565,1.50,1.50
2012.08.02 05:45:06.513,1.00552,1.00563,1.50,1.50
2012.08.02 05:45:06.834,1.00554,1.00565,1.50,1.50
2012.08.02 05:45:07.823,1.00556,1.00567,1.50,3.00
2012.08.02 05:45:08.058,1.00554,1.00565,1.50,1.50
2012.08.02 05:45:08.356,1.00555,1.00568,1.50,2.63
2012.08.02 05:45:12.420,1.00555,1.00568,3.00,2.25
2012.08.02 05:45:12.541,1.00557,1.0057,1.50,2.25
2012.08.02 05:45:12.717,1.0056,1.00571,1.50,4.13
2012.08.02 05:45:17.984,1.00557,1.0057,2.25,2.25
2012.08.02 05:45:29.889,1.0056,1.0057,1.50,1.50
2012.08.02 05:45:30.183,1.0056,1.00573,3.23,3.00
2012.08.02 05:45:30.714,1.00561,1.00573,2.25,1.50
2012.08.02 05:45:36.799,1.00561,1.00573,2.25,2.25
2012.08.02 05:45:37.318,1.0056,1.00571,1.50,2.25
2012.08.02 05:45:38.816,1.0056,1.00571,1.50,2.25
2012.08.02 05:45:43.159,1.0056,1.00571,1.50,1.50
2012.08.02 05:45:48.952,1.0056,1.00571,1.50,2.25
2012.08.02 05:45:49.861,1.0056,1.00571,1.50,1.50
2012.08.02 05:45:52.181,1.0056,1.00571,1.50,3.00
2012.08.02 05:45:52.301,1.00558,1.00569,1.50,1.50
2012.08.02 05:45:52.879,1.0056,1.00571,1.50,3.75
2012.08.02 05:45:58.132,1.0056,1.00571,1.50,1.50
2012.08.02 05:46:19.788,1.0056,1.00571,1.50,2.25
2012.08.02 05:46:20.373,1.0056,1.00571,1.50,2.25
2012.08.02 05:46:24.319,1.00561,1.00573,1.50,2.25
2012.08.02 05:46:24.866,1.00561,1.00573,1.50,2.25
2012.08.02 05:46:25.401,1.0056,1.00571,1.50,1.50
2012.08.02 05:46:25.519,1.00562,1.00573,1.50,3.75
2012.08.02 05:46:25.867,1.00562,1.00573,1.50,4.13
2012.08.02 05:46:25.930,1.0056,1.00571,1.50,2.25
2012.08.02 05:46:26.586,1.0056,1.00571,1.50,2.25
2012.08.02 05:46:28.923,1.00563,1.00573,1.50,2.25
2012.08.02 05:46:29.436,1.00563,1.00574,1.50,3.75
2012.08.02 05:46:30.165,1.00563,1.00574,1.50,2.25
2012.08.02 05:46:31.166,1.0056,1.00571,2.25,1.50
2012.08.02 05:46:32.241,1.00561,1.00574,2.25,3.00
2012.08.02 05:46:33.383,1.00561,1.00574,2.25,3.00
2012.08.02 05:46:35.341,1.0056,1.00572,2.25,1.50
2012.08.02 05:46:59.001,1.00559,1.00572,3.75,1.50
2012.08.02 05:47:06.906,1.00559,1.00572,3.75,2.25
2012.08.02 05:47:06.969,1.00563,1.00572,1.50,1.50
2012.08.02 05:47:07.089,1.00559,1.00571,2.25,2.63
2012.08.02 05:47:07.268,1.00558,1.00571,3.00,1.88
2012.08.02 05:47:07.332,1.00558,1.00567,1.50,1.50
2012.08.02 05:47:07.396,1.00559,1.00569,1.50,1.50
2012.08.02 05:47:07.632,1.00561,1.00572,1.50,3.38
2012.08.02 05:47:08.586,1.00561,1.00572,1.50,2.25
2012.08.02 05:47:15.038,1.00562,1.00573,1.50,1.50
2012.08.02 05:47:15.570,1.00561,1.00572,1.50,2.25
2012.08.02 05:47:21.124,1.00562,1.00572,1.50,2.25
2012.08.02 05:47:21.557,1.00564,1.00573,1.50,1.50
2012.08.02 05:47:21.732,1.00562,1.00573,1.50,1.50
2012.08.02 05:47:22.557,1.00561,1.00573,1.50,1.50
2012.08.02 05:47:37.019,1.00565,1.00573,1.50,1.50
2012.08.02 05:47:37.633,1.00563,1.00573,1.50,1.50
2012.08.02 05:47:38.138,1.00562,1.00573,1.50,1.50
2012.08.02 05:47:40.111,1.00562,1.00575,1.50,3.90
2012.08.02 05:47:40.174,1.00562,1.00575,1.50,3.90
2012.08.02 05:47:42.402,1.00562,1.00575,1.50,4.65
2012.08.02 05:47:43.534,1.00562,1.00575,1.50,4.65
2012.08.02 05:47:52.085,1.00562,1.00575,1.50,4.65
2012.08.02 05:47:57.435,1.00562,1.00575,1.50,4.13
2012.08.02 05:47:58.153,1.00562,1.00575,1.50,4.13
2012.08.02 05:47:59.027,1.00562,1.00575,1.50,4.13
2012.08.02 05:47:59.145,1.00562,1.00575,1.50,4.13
2012.08.02 05:47:59.657,1.00562,1.00575,1.50,4.13
2012.08.02 05:48:00.192,1.00562,1.00575,1.50,4.13
2012.08.02 05:48:03.692,1.00562,1.00575,1.50,4.13
2012.08.02 05:48:08.297,1.00562,1.00575,1.50,4.13
2012.08.02 05:48:13.932,1.00559,1.00571,1.50,1.50
2012.08.02 05:48:19.469,1.00559,1.0057,2.25,1.50
2012.08.02 05:48:29.609,1.0056,1.00572,1.50,2.25
2012.08.02 05:48:29.957,1.00559,1.0057,2.25,1.50
2012.08.02 05:48:32.612,1.0056,1.00573,1.50,3.75
2012.08.02 05:48:35.950,1.00559,1.00571,2.25,1.50
2012.08.02 05:48:37.924,1.0056,1.00572,1.50,1.50
2012.08.02 05:48:38.575,1.00558,1.00571,3.00,1.50
2012.08.02 05:48:41.125,1.00561,1.00572,1.50,3.00
2012.08.02 05:48:43.557,1.00559,1.0057,2.25,1.50
2012.08.02 05:48:43.978,1.00561,1.00572,1.50,3.00
2012.08.02 05:48:44.321,1.00559,1.0057,2.25,1.50
2012.08.02 05:48:47.292,1.00561,1.00572,1.50,3.00
2012.08.02 05:48:47.637,1.00563,1.00572,1.50,1.50
2012.08.02 05:48:47.812,1.00561,1.00572,3.00,3.00
2012.08.02 05:48:50.922,1.00558,1.00571,3.00,1.50
2012.08.02 05:48:53.089,1.00559,1.00571,1.50,1.50
2012.08.02 05:48:53.210,1.0056,1.00573,1.50,2.25
2012.08.02 05:48:53.274,1.00563,1.00574,1.50,2.25
2012.08.02 05:48:53.792,1.00562,1.00575,1.50,3.00
2012.08.02 05:48:54.168,1.00561,1.00572,2.25,1.50
2012.08.02 05:48:55.586,1.00561,1.00571,2.25,1.50
2012.08.02 05:48:55.820,1.00563,1.00576,1.50,4.13
2012.08.02 05:49:04.722,1.00561,1.00574,2.25,1.50
2012.08.02 05:49:40.225,1.00564,1.00575,1.50,3.00
2012.08.02 05:49:41.660,1.00564,1.00575,1.50,3.00
2012.08.02 05:49:42.807,1.00562,1.00573,1.50,1.50
2012.08.02 05:49:54.209,1.00564,1.00575,1.50,2.25
2012.08.02 05:49:58.044,1.00561,1.00574,2.25,2.25
2012.08.02 05:50:04.154,1.00561,1.00574,1.50,3.00
2012.08.02 05:50:04.895,1.00561,1.00574,1.50,3.00
2012.08.02 05:50:05.765,1.00561,1.00574,1.50,3.00
2012.08.02 05:50:07.665,1.00562,1.00573,1.50,2.25
2012.08.02 05:50:08.271,1.00564,1.00575,1.50,3.75
2012.08.02 05:50:08.973,1.00561,1.00574,1.50,2.25
2012.08.02 05:50:24.955,1.00564,1.00575,1.50,3.00
2012.08.02 05:50:29.203,1.00564,1.00575,1.50,3.00
2012.08.02 05:50:29.749,1.00564,1.00575,1.50,2.25
2012.08.02 05:50:30.086,1.00562,1.00573,1.50,1.50
2012.08.02 05:50:34.180,1.00564,1.00575,1.50,3.00
2012.08.02 05:50:34.727,1.00561,1.00574,3.00,2.25
2012.08.02 05:50:35.079,1.00564,1.00575,1.50,3.00
2012.08.02 05:50:35.629,1.00564,1.00575,1.50,2.25
2012.08.02 05:50:36.240,1.00562,1.00573,1.50,1.50
2012.08.02 05:50:36.821,1.00564,1.00575,1.50,3.00
2012.08.02 05:50:38.515,1.00564,1.00575,1.50,3.00
2012.08.02 05:50:38.687,1.00562,1.00573,1.50,1.50
2012.08.02 05:50:44.600,1.00564,1.00575,1.50,1.50
2012.08.02 05:50:45.057,1.00564,1.00573,1.50,1.50
2012.08.02 05:50:45.297,1.00562,1.00573,1.50,1.50
2012.08.02 05:50:45.831,1.0056,1.00572,1.50,1.50
2012.08.02 05:50:46.332,1.00562,1.00573,1.50,1.50
2012.08.02 05:50:46.703,1.0056,1.0057,1.50,1.50
2012.08.02 05:50:46.937,1.00561,1.00572,2.25,1.50
2012.08.02 05:50:57.573,1.00562,1.00575,1.50,3.53
2012.08.02 05:50:58.896,1.00561,1.00572,1.50,1.50
2012.08.02 05:51:05.287,1.0056,1.0057,1.50,1.50
2012.08.02 05:51:15.922,1.0056,1.00569,1.50,1.50
2012.08.02 05:51:16.471,1.0056,1.00571,1.50,1.50
2012.08.02 05:51:18.952,1.0056,1.00572,1.50,3.00
2012.08.02 05:51:19.641,1.0056,1.0057,1.50,1.50
2012.08.02 05:51:20.478,1.0056,1.00572,1.50,3.00
2012.08.02 05:51:25.030,1.0056,1.00571,1.50,1.50
2012.08.02 05:51:25.557,1.0056,1.00572,1.50,1.50
2012.08.02 05:51:32.020,1.0056,1.00572,2.25,1.50
2012.08.02 05:51:32.195,1.0056,1.00574,3.75,1.50
2012.08.02 05:51:33.182,1.0056,1.00572,2.25,1.50
2012.08.02 05:51:34.678,1.0056,1.00572,2.25,1.50
2012.08.02 05:51:35.033,1.0056,1.0057,2.25,1.50
2012.08.02 05:51:37.181,1.0056,1.00573,1.50,1.50
2012.08.02 05:51:48.573,1.0056,1.00573,1.50,1.50
2012.08.02 05:52:03.783,1.0056,1.00571,1.50,1.50
2012.08.02 05:52:04.428,1.0056,1.00573,1.50,3.00
2012.08.02 05:52:08.041,1.0056,1.00571,1.50,1.50
2012.08.02 05:52:08.822,1.0056,1.00573,1.50,1.50
2012.08.02 05:52:13.298,1.0056,1.00571,2.25,1.50
2012.08.02 05:52:13.919,1.0056,1.00573,2.25,1.50
2012.08.02 05:52:15.154,1.0056,1.00571,2.25,1.50
2012.08.02 05:52:17.641,1.0056,1.00573,3.75,1.50
2012.08.02 05:52:18.152,1.0056,1.00572,2.25,1.50
2012.08.02 05:52:18.672,1.0056,1.00572,2.25,1.50
2012.08.02 05:52:22.609,1.0056,1.00573,3.75,1.50
2012.08.02 05:52:23.458,1.0056,1.00573,3.75,1.50
2012.08.02 05:52:24.074,1.0056,1.00572,2.25,1.50
2012.08.02 05:52:43.998,1.0056,1.00573,4.50,1.50
2012.08.02 05:52:44.502,1.00562,1.00574,2.25,1.50
2012.08.02 05:52:44.803,1.0056,1.00572,3.00,1.50
2012.08.02 05:52:45.611,1.0056,1.0057,2.25,1.50
2012.08.02 05:52:46.654,1.0056,1.0057,1.50,1.50
2012.08.02 05:52:48.661,1.0056,1.0057,1.50,1.50
2012.08.02 05:52:50.815,1.0056,1.00573,1.50,1.50
2012.08.02 05:52:51.687,1.0056,1.0057,1.50,1.50
2012.08.02 05:53:15.197,1.0056,1.00572,1.50,3.00
2012.08.02 05:53:17.737,1.0056,1.00571,1.50,1.50
2012.08.02 05:53:18.806,1.0056,1.00571,1.50,1.50
2012.08.02 05:53:24.786,1.0056,1.00573,1.50,1.50
2012.08.02 05:53:28.104,1.0056,1.00572,1.50,1.50
2012.08.02 05:53:28.607,1.0056,1.00571,1.50,1.50
2012.08.02 05:53:31.144,1.0056,1.00573,1.50,2.25
2012.08.02 05:53:33.523,1.0056,1.00571,1.50,1.50
2012.08.02 05:53:33.998,1.0056,1.00573,1.50,2.25
2012.08.02 05:53:34.234,1.0056,1.0057,1.50,1.50
2012.08.02 05:53:35.862,1.0056,1.00572,1.50,1.50
2012.08.02 05:53:37.912,1.0056,1.00571,1.50,1.50
2012.08.02 05:53:38.649,1.00558,1.0057,1.50,1.50
2012.08.02 05:53:39.167,1.00558,1.00571,1.50,1.50
2012.08.02 05:53:52.925,1.0056,1.0057,1.50,1.50
2012.08.02 05:53:54.213,1.0056,1.00568,1.50,1.50
2012.08.02 05:54:03.210,1.0056,1.00569,1.50,1.50
2012.08.02 05:54:03.388,1.0056,1.00573,3.00,1.50
2012.08.02 05:54:04.044,1.00561,1.00575,2.25,2.25
2012.08.02 05:54:04.827,1.00561,1.00575,1.50,2.25
2012.08.02 05:54:05.227,1.0056,1.00572,3.75,1.50
2012.08.02 05:54:07.835,1.0056,1.00574,2.25,3.75
2012.08.02 05:54:08.596,1.0056,1.00572,2.25,1.50
2012.08.02 05:54:19.122,1.0056,1.00574,2.25,3.00
2012.08.02 05:54:20.113,1.0056,1.00572,2.25,1.50
2012.08.02 05:54:20.573,1.0056,1.0057,2.25,1.50
2012.08.02 05:54:21.686,1.0056,1.00573,2.25,1.50
2012.08.02 05:54:22.197,1.0056,1.00574,3.75,2.25
2012.08.02 05:54:22.723,1.0056,1.00573,2.25,1.50
2012.08.02 05:54:24.447,1.00561,1.00574,1.50,2.25
2012.08.02 05:54:25.115,1.0056,1.00573,2.25,1.50
2012.08.02 05:54:33.457,1.00561,1.00573,1.50,1.50
2012.08.02 05:54:34.142,1.0056,1.00572,2.25,1.50
2012.08.02 05:54:35.452,1.0056,1.0057,2.25,1.50
2012.08.02 05:54:41.839,1.0056,1.00572,2.25,1.50
2012.08.02 05:54:43.888,1.0056,1.00573,2.25,1.50
2012.08.02 05:54:52.180,1.0056,1.00572,2.25,1.50
2012.08.02 05:54:53.030,1.0056,1.00571,2.25,1.50
2012.08.02 05:54:58.622,1.0056,1.00573,2.25,1.50
2012.08.02 05:55:05.270,1.0056,1.00572,1.50,1.50
2012.08.02 05:55:09.473,1.0056,1.00572,3.00,1.50
2012.08.02 05:55:10.082,1.00562,1.00572,1.50,1.50
2012.08.02 05:55:10.727,1.00561,1.00572,1.50,3.00
2012.08.02 05:55:11.340,1.00561,1.00571,1.50,1.50
2012.08.02 05:55:12.495,1.00559,1.0057,1.50,1.50
2012.08.02 05:55:32.579,1.00559,1.00571,1.50,1.50
2012.08.02 05:55:32.960,1.00559,1.00569,1.50,1.50
2012.08.02 05:55:33.772,1.0056,1.00571,2.25,1.50
2012.08.02 05:55:34.339,1.00561,1.00572,2.25,1.50
2012.08.02 05:55:34.462,1.00561,1.00574,2.25,1.50
2012.08.02 05:55:35.000,1.00561,1.00574,2.25,1.50
2012.08.02 05:55:35.063,1.00563,1.00574,1.50,1.50
2012.08.02 05:55:35.126,1.00565,1.00576,1.13,3.75
2012.08.02 05:55:35.482,1.00565,1.00579,1.88,1.50
2012.08.02 05:55:35.659,1.00565,1.00576,2.63,1.50
2012.08.02 05:55:38.228,1.00566,1.0058,1.50,1.50
2012.08.02 05:55:39.384,1.00565,1.00579,6.00,1.50
2012.08.02 05:55:42.250,1.00565,1.00578,3.00,1.50
2012.08.02 05:55:52.531,1.00564,1.00578,3.75,2.25
2012.08.02 05:55:54.273,1.00564,1.00578,2.25,2.25
2012.08.02 05:55:54.394,1.00562,1.00576,3.75,1.50
2012.08.02 05:55:54.745,1.0056,1.00572,2.25,1.50
2012.08.02 05:55:55.269,1.0056,1.00573,3.75,1.50
2012.08.02 05:56:04.626,1.00564,1.00575,1.50,3.75
2012.08.02 05:56:04.803,1.00565,1.00578,1.50,3.00
2012.08.02 05:56:04.979,1.00565,1.00578,1.50,3.00
2012.08.02 05:56:05.054,1.00563,1.00576,3.00,1.50
2012.08.02 05:56:05.605,1.00563,1.00576,1.50,2.25
2012.08.02 05:56:07.186,1.00563,1.00576,1.50,1.50
2012.08.02 05:56:20.549,1.00561,1.00572,3.00,1.50
2012.08.02 05:56:20.987,1.00562,1.00574,1.50,1.50
2012.08.02 05:56:21.518,1.00562,1.00575,1.50,1.88
2012.08.02 05:56:26.755,1.00561,1.00572,2.25,1.50
2012.08.02 05:56:27.680,1.00563,1.00574,1.50,1.50
2012.08.02 05:56:28.953,1.00561,1.00573,2.25,1.50
2012.08.02 05:56:29.206,1.00563,1.00574,1.50,1.50
2012.08.02 05:56:31.032,1.00564,1.00576,1.50,1.50
2012.08.02 05:56:31.151,1.00562,1.00575,1.50,2.25
2012.08.02 05:56:37.285,1.00561,1.00573,2.25,1.50
2012.08.02 05:56:37.901,1.00563,1.00574,1.50,1.50
2012.08.02 05:56:39.474,1.00561,1.00572,2.25,1.50
2012.08.02 05:56:42.399,1.00559,1.0057,3.75,1.50
2012.08.02 05:56:43.056,1.0056,1.00573,2.25,1.50
2012.08.02 05:56:43.414,1.00563,1.00574,1.50,1.50
2012.08.02 05:57:03.582,1.00562,1.00573,1.50,1.50
2012.08.02 05:57:20.331,1.00559,1.00572,3.00,1.50
2012.08.02 05:57:21.118,1.00562,1.00573,1.50,1.50
2012.08.02 05:57:21.470,1.0056,1.00571,2.25,1.50
2012.08.02 05:57:23.029,1.00562,1.00573,1.50,1.50
2012.08.02 05:57:23.604,1.00559,1.00572,3.00,1.50
2012.08.02 05:57:25.042,1.00561,1.00574,2.25,1.88
2012.08.02 05:57:29.766,1.00561,1.00574,1.50,3.75
2012.08.02 05:57:29.831,1.0056,1.00571,1.50,1.50
2012.08.02 05:57:37.909,1.0056,1.00571,2.25,1.50
2012.08.02 05:57:37.974,1.00562,1.00573,1.50,1.50
2012.08.02 05:57:51.654,1.00559,1.00572,2.25,1.50
2012.08.02 05:57:52.190,1.00562,1.00573,1.50,1.50
2012.08.02 05:58:00.694,1.00559,1.00572,2.25,1.50
2012.08.02 05:58:01.050,1.00561,1.00574,2.25,1.50
2012.08.02 05:58:09.111,1.0056,1.00571,2.25,1.50
2012.08.02 05:58:09.174,1.00561,1.00574,2.25,1.50
2012.08.02 05:58:11.675,1.0056,1.00571,2.25,1.50
2012.08.02 05:58:13.835,1.00561,1.00573,2.25,1.50
2012.08.02 05:58:14.362,1.00561,1.00574,2.25,1.50
2012.08.02 05:58:17.237,1.00559,1.0057,2.25,1.50
2012.08.02 05:58:17.549,1.00561,1.00572,2.25,1.50
2012.08.02 05:58:20.391,1.00559,1.00571,1.50,1.50
2012.08.02 05:58:21.148,1.00561,1.00572,2.25,3.00
2012.08.02 05:58:23.136,1.00559,1.00571,1.50,1.50
2012.08.02 05:58:24.332,1.0056,1.00573,2.25,1.50
2012.08.02 05:58:37.903,1.0056,1.00573,2.25,1.50
2012.08.02 05:58:50.209,1.0056,1.00572,2.25,1.50
2012.08.02 05:58:50.271,1.00559,1.0057,2.25,1.50
2012.08.02 05:58:54.194,1.00558,1.00569,3.75,1.50
2012.08.02 05:58:54.437,1.00558,1.00571,5.25,1.50
2012.08.02 05:58:54.733,1.0056,1.00573,2.25,1.50
2012.08.02 05:59:06.041,1.00559,1.00571,2.25,1.50
2012.08.02 05:59:06.549,1.00561,1.00572,1.50,1.50
2012.08.02 05:59:07.244,1.00559,1.0057,2.25,1.50
2012.08.02 05:59:07.972,1.00559,1.0057,2.25,1.50
2012.08.02 05:59:08.292,1.0056,1.00572,2.25,1.50
2012.08.02 05:59:08.865,1.0056,1.00573,2.25,1.50
2012.08.02 05:59:11.017,1.00559,1.0057,2.25,1.50
2012.08.02 05:59:11.657,1.00561,1.00574,2.25,3.00
2012.08.02 05:59:11.774,1.0056,1.00572,2.25,1.50
2012.08.02 05:59:13.119,1.0056,1.00571,2.25,1.50
2012.08.02 05:59:13.354,1.00558,1.00569,1.50,1.50
2012.08.02 05:59:13.930,1.00557,1.0057,3.00,1.50
2012.08.02 05:59:14.282,1.00557,1.00569,2.25,1.99
2012.08.02 05:59:14.636,1.00557,1.00564,1.50,1.50
2012.08.02 05:59:14.989,1.00554,1.00558,1.50,1.50
2012.08.02 05:59:15.230,1.0055,1.00556,2.25,3.00
2012.08.02 05:59:15.409,1.00546,1.00551,2.25,1.50
2012.08.02 05:59:15.474,1.0054,1.00551,2.25,1.50
2012.08.02 05:59:15.840,1.00538,1.00549,3.00,1.50
2012.08.02 05:59:15.904,1.00538,1.00549,2.63,1.50
2012.08.02 05:59:16.428,1.00536,1.00548,2.25,1.50
2012.08.02 05:59:16.493,1.00535,1.00548,3.00,1.50
2012.08.02 05:59:17.038,1.00537,1.00548,2.25,1.50
2012.08.02 05:59:17.280,1.00537,1.00548,2.63,1.50
2012.08.02 05:59:22.715,1.00538,1.00551,1.50,1.50
2012.08.02 05:59:26.969,1.00537,1.00548,2.25,1.50
2012.08.02 05:59:27.372,1.00539,1.0055,1.50,1.50
2012.08.02 05:59:30.016,1.00536,1.00549,4.88,1.50
2012.08.02 05:59:33.273,1.00536,1.00549,3.00,2.25
2012.08.02 05:59:33.335,1.00536,1.00546,1.50,1.50
2012.08.02 05:59:33.684,1.00535,1.00546,3.00,1.50
2012.08.02 05:59:34.152,1.00533,1.00546,1.50,1.50
2012.08.02 05:59:34.216,1.00531,1.00544,2.25,1.50
2012.08.02 05:59:34.622,1.0053,1.00541,2.63,1.50
2012.08.02 05:59:37.666,1.00532,1.00543,1.50,1.50
2012.08.02 05:59:39.966,1.0053,1.00541,3.75,1.50
2012.08.02 05:59:43.002,1.00531,1.00543,2.25,1.50
2012.08.02 05:59:43.542,1.00531,1.00544,2.25,3.00
2012.08.02 05:59:43.717,1.00529,1.00542,4.50,1.50
2012.08.02 05:59:45.845,1.00532,1.00543,1.50,1.50
2012.08.02 05:59:48.222,1.00533,1.00546,1.50,2.25
2012.08.02 05:59:48.738,1.00531,1.00544,3.38,1.50
2012.08.02 05:59:50.742,1.00531,1.00544,2.25,1.50
2012.08.02 05:59:52.297,1.00531,1.00543,2.25,1.50
2012.08.02 05:59:52.360,1.0053,1.00541,2.25,1.50
2012.08.02 05:59:53.902,1.00531,1.00543,2.25,1.50
2012.08.02 05:59:54.024,1.00533,1.00545,1.50,3.00
2012.08.02 05:59:54.446,1.00531,1.00544,3.75,2.25
2012.08.02 05:59:56.088,1.0053,1.00541,2.25,1.50
2012.08.02 05:59:57.393,1.00531,1.00544,2.25,3.00
2012.08.02 05:59:59.632,1.00534,1.00545,1.50,3.75
2012.08.02 05:59:59.696,1.00531,1.00544,2.25,2.25
