2009.06.24 18:00:01.602,1.1481,1.14835,3.20,3.20
2009.06.24 18:00:02.531,1.1482,1.14835,1.00,3.20
2009.06.24 18:00:02.642,1.1482,1.14835,1.00,3.20
2009.06.24 18:00:06.510,1.1482,1.1483,1.20,3.20
2009.06.24 18:00:09.280,1.1482,1.1483,1.40,3.20
2009.06.24 18:00:09.900,1.1482,1.1483,1.60,3.20
2009.06.24 18:00:10.289,1.1482,1.14835,1.80,3.20
2009.06.24 18:00:10.520,1.1482,1.14835,2.00,3.20
2009.06.24 18:00:11.619,1.1483,1.14835,2.20,3.20
2009.06.24 18:00:13.839,1.1483,1.1484,2.20,5.60
2009.06.24 18:00:14.589,1.1483,1.1484,2.20,4.80
2009.06.24 18:00:14.699,1.1483,1.1484,2.20,3.20
2009.06.24 18:00:18.827,1.1482,1.1484,3.20,3.20
2009.06.24 18:00:19.307,1.1482,1.1484,3.00,3.20
2009.06.24 18:00:19.477,1.1483,1.1484,2.40,3.20
2009.06.24 18:00:19.637,1.1483,1.1484,3.00,3.20
2009.06.24 18:00:19.697,1.1483,1.1484,2.60,3.20
2009.06.24 18:00:19.917,1.1483,1.14845,2.60,3.20
2009.06.24 18:00:26.226,1.14805,1.1483,18.80,5.60
2009.06.24 18:00:26.526,1.1481,1.1483,1.60,4.00
2009.06.24 18:00:26.936,1.1481,1.14835,2.60,4.80
2009.06.24 18:00:27.555,1.1481,1.14835,2.60,4.00
2009.06.24 18:00:27.905,1.1481,1.14835,2.60,3.60
2009.06.24 18:00:30.435,1.14805,1.1483,15.60,8.40
2009.06.24 18:00:30.905,1.14815,1.1483,1.00,8.40
2009.06.24 18:00:31.284,1.14815,1.1483,1.00,8.40
2009.06.24 18:00:33.484,1.1482,1.1483,1.00,8.40
2009.06.24 18:00:33.594,1.1481,1.1483,1.00,8.40
2009.06.24 18:00:33.984,1.14805,1.1483,18.80,8.40
2009.06.24 18:00:43.292,1.1481,1.1483,1.60,3.20
2009.06.24 18:00:43.462,1.1481,1.14835,2.60,6.20
2009.06.24 18:00:45.361,1.1481,1.1483,1.60,3.20
2009.06.24 18:00:53.569,1.14805,1.14825,17.40,3.20
2009.06.24 18:00:53.919,1.14805,1.1483,18.40,13.20
2009.06.24 18:00:56.268,1.1477,1.148,1.00,2.00
2009.06.24 18:00:56.618,1.14765,1.148,1.60,2.00
2009.06.24 18:00:57.018,1.1475,1.148,1.00,2.00
2009.06.24 18:00:58.278,1.1476,1.14785,1.00,3.60
2009.06.24 18:00:58.579,1.1476,1.14785,1.00,5.20
2009.06.24 18:00:59.339,1.14765,1.14785,1.00,5.20
2009.06.24 18:00:59.918,1.1476,1.14785,1.00,5.20
2009.06.24 18:01:00.567,1.1476,1.14785,1.40,5.20
2009.06.24 18:01:02.387,1.1476,1.1479,2.00,9.60
2009.06.24 18:01:02.557,1.1476,1.1479,2.40,9.00
2009.06.24 18:01:02.677,1.1476,1.1479,4.00,4.20
2009.06.24 18:01:02.737,1.1476,1.1479,7.20,1.20
2009.06.24 18:01:03.217,1.1476,1.1479,9.00,1.20
2009.06.24 18:01:03.487,1.1476,1.1479,9.00,1.40
2009.06.24 18:01:03.957,1.1476,1.1479,7.80,1.80
2009.06.24 18:01:04.067,1.1476,1.1479,6.40,1.60
2009.06.24 18:01:04.826,1.1476,1.1479,6.60,1.60
2009.06.24 18:01:05.166,1.1476,1.1479,6.60,2.40
2009.06.24 18:01:05.446,1.1476,1.14785,1.60,8.40
2009.06.24 18:01:05.776,1.1476,1.14785,1.60,11.60
2009.06.24 18:01:06.066,1.1476,1.1478,1.60,3.20
2009.06.24 18:01:09.535,1.14755,1.1478,1.80,3.20
2009.06.24 18:01:09.809,1.1475,1.1478,9.60,3.20
2009.06.24 18:01:09.976,1.1475,1.1478,8.60,3.20
2009.06.24 18:01:10.415,1.1475,1.1478,5.00,3.20
2009.06.24 18:01:14.244,1.1476,1.1478,1.80,3.20
2009.06.24 18:01:16.144,1.1476,1.1478,1.60,3.20
2009.06.24 18:01:17.163,1.1476,1.1478,1.80,3.20
2009.06.24 18:01:17.673,1.1476,1.1477,1.00,9.60
2009.06.24 18:01:17.853,1.1475,1.1477,3.20,11.60
2009.06.24 18:01:18.033,1.1475,1.1477,3.00,11.60
2009.06.24 18:01:18.373,1.1475,1.1476,1.80,3.20
2009.06.24 18:01:18.663,1.1475,1.1476,1.60,3.20
2009.06.24 18:01:19.133,1.1475,1.1477,1.60,5.60
2009.06.24 18:01:19.693,1.1475,1.1477,1.80,5.60
2009.06.24 18:01:21.263,1.1475,1.1477,2.60,5.60
2009.06.24 18:01:21.932,1.1475,1.1477,4.40,3.20
2009.06.24 18:01:22.272,1.14755,1.1477,1.00,3.20
2009.06.24 18:01:24.512,1.1475,1.14765,3.20,3.20
2009.06.24 18:01:24.802,1.1475,1.14765,3.20,3.20
2009.06.24 18:01:25.491,1.1475,1.14765,3.20,3.20
2009.06.24 18:01:32.780,1.14745,1.1476,1.80,3.20
2009.06.24 18:01:32.960,1.1474,1.1476,6.60,3.20
2009.06.24 18:01:33.200,1.1474,1.1476,1.20,3.20
2009.06.24 18:01:33.789,1.14735,1.1476,7.60,3.20
2009.06.24 18:01:36.089,1.14735,1.1475,1.60,1.80
2009.06.24 18:01:36.599,1.14735,1.1475,1.60,3.20
2009.06.24 18:01:38.278,1.14735,1.1475,1.60,5.80
2009.06.24 18:01:38.508,1.14735,1.1475,2.60,2.60
2009.06.24 18:01:38.728,1.14735,1.1475,5.00,3.20
2009.06.24 18:01:38.908,1.14735,1.1475,5.00,5.80
2009.06.24 18:01:39.088,1.14735,1.1475,1.60,5.80
2009.06.24 18:01:39.378,1.14735,1.1475,1.60,12.20
2009.06.24 18:01:41.627,1.14735,1.1475,1.60,5.80
2009.06.24 18:01:41.678,1.14735,1.1475,1.60,3.20
2009.06.24 18:01:42.098,1.14735,1.1474,1.60,1.00
2009.06.24 18:01:42.217,1.14735,1.1474,1.60,1.20
2009.06.24 18:01:42.738,1.14725,1.1475,1.60,3.20
2009.06.24 18:01:44.038,1.14725,1.1474,1.60,1.80
2009.06.24 18:01:45.916,1.14725,1.1474,1.60,3.20
2009.06.24 18:01:46.716,1.14725,1.1475,1.60,5.60
2009.06.24 18:01:47.036,1.14725,1.1475,1.60,3.20
2009.06.24 18:01:59.213,1.14725,1.1475,3.20,3.20
2009.06.24 18:01:59.553,1.14725,1.1475,4.40,3.20
2009.06.24 18:02:02.083,1.14735,1.14745,3.40,3.20
2009.06.24 18:02:02.373,1.14715,1.14755,1.80,3.20
2009.06.24 18:02:05.482,1.1472,1.1475,3.20,3.20
2009.06.24 18:02:06.172,1.1472,1.1475,2.20,3.20
2009.06.24 18:02:06.402,1.1472,1.1475,1.80,3.20
2009.06.24 18:02:25.917,1.1472,1.1474,1.80,1.20
2009.06.24 18:02:26.267,1.1472,1.1474,1.80,1.80
2009.06.24 18:02:27.296,1.1472,1.1474,1.80,1.20
2009.06.24 18:02:28.426,1.1472,1.1474,1.80,1.00
2009.06.24 18:02:28.586,1.1472,1.1475,1.80,3.20
2009.06.24 18:02:29.776,1.1472,1.1474,1.80,1.00
2009.06.24 18:02:29.896,1.1472,1.1474,1.80,1.20
2009.06.24 18:02:31.165,1.1472,1.1474,1.80,1.00
2009.06.24 18:02:31.515,1.1472,1.1475,1.80,3.20
2009.06.24 18:02:38.235,1.1472,1.1474,1.80,1.00
2009.06.24 18:02:38.524,1.1472,1.1474,1.80,2.20
2009.06.24 18:02:39.364,1.1472,1.1474,1.80,1.80
2009.06.24 18:02:41.323,1.1472,1.1474,1.80,1.20
2009.06.24 18:02:41.503,1.1472,1.1475,1.80,3.20
2009.06.24 18:02:54.240,1.1472,1.1474,1.80,3.20
2009.06.24 18:02:56.450,1.1472,1.1474,1.60,3.20
2009.06.24 18:02:56.619,1.14715,1.1473,3.20,8.40
2009.06.24 18:02:56.739,1.1471,1.1473,1.60,8.40
2009.06.24 18:02:57.029,1.1471,1.1472,1.60,1.00
2009.06.24 18:02:57.199,1.14705,1.1472,3.20,5.60
2009.06.24 18:02:57.429,1.14705,1.1472,3.20,4.00
2009.06.24 18:02:57.549,1.147,1.1472,2.60,3.20
2009.06.24 18:02:58.289,1.147,1.1472,3.00,3.20
2009.06.24 18:02:58.689,1.1469,1.1471,1.00,22.80
2009.06.24 18:02:58.909,1.1469,1.147,1.00,3.20
2009.06.24 18:02:59.019,1.1468,1.14705,5.80,3.20
2009.06.24 18:02:59.189,1.14685,1.14705,1.80,10.20
2009.06.24 18:02:59.479,1.14685,1.147,1.80,3.20
2009.06.24 18:02:59.659,1.14665,1.14705,3.40,13.80
2009.06.24 18:03:00.538,1.14665,1.14705,3.20,13.80
2009.06.24 18:03:00.988,1.1467,1.14705,1.40,13.80
2009.06.24 18:03:01.459,1.1467,1.147,1.40,3.20
2009.06.24 18:03:03.508,1.1467,1.147,2.20,3.20
2009.06.24 18:03:03.908,1.14685,1.14705,1.00,11.00
2009.06.24 18:03:06.297,1.1469,1.14705,1.00,11.00
2009.06.24 18:03:07.667,1.1469,1.14695,1.00,3.20
2009.06.24 18:03:07.787,1.14665,1.1469,4.80,3.20
2009.06.24 18:03:07.897,1.14665,1.14685,2.40,1.60
2009.06.24 18:03:08.067,1.14665,1.1471,4.00,12.60
2009.06.24 18:03:08.187,1.14665,1.1471,4.00,11.00
2009.06.24 18:03:08.457,1.14665,1.14705,2.80,3.20
2009.06.24 18:03:08.686,1.14665,1.14705,1.40,3.20
2009.06.24 18:03:10.076,1.1467,1.147,1.00,3.20
2009.06.24 18:03:10.306,1.14665,1.14705,1.00,17.60
2009.06.24 18:03:10.486,1.1466,1.147,9.80,9.40
2009.06.24 18:03:10.826,1.1466,1.147,9.80,12.20
2009.06.24 18:03:11.126,1.1466,1.147,5.00,12.20
2009.06.24 18:03:11.426,1.1466,1.147,3.60,12.20
2009.06.24 18:03:12.905,1.1466,1.147,5.00,12.20
2009.06.24 18:03:14.775,1.1467,1.147,3.20,12.20
2009.06.24 18:03:14.895,1.14675,1.14705,1.20,16.80
2009.06.24 18:03:15.125,1.14675,1.14705,1.20,9.40
2009.06.24 18:03:16.245,1.1468,1.14705,1.20,10.00
2009.06.24 18:03:16.654,1.1468,1.14705,1.20,9.40
2009.06.24 18:03:17.534,1.14675,1.14705,3.20,9.40
2009.06.24 18:03:17.814,1.1467,1.14705,3.60,9.40
2009.06.24 18:03:18.614,1.1467,1.14705,2.60,9.40
2009.06.24 18:03:19.584,1.1467,1.14705,3.40,9.40
2009.06.24 18:03:19.824,1.1467,1.14705,3.80,9.40
2009.06.24 18:03:20.055,1.14675,1.14705,1.00,9.40
2009.06.24 18:03:20.225,1.14675,1.1471,1.00,12.60
2009.06.24 18:03:20.564,1.1468,1.1471,1.60,6.20
2009.06.24 18:03:22.933,1.1468,1.14705,1.60,1.00
2009.06.24 18:03:23.093,1.1468,1.147,1.60,3.20
2009.06.24 18:03:23.483,1.1467,1.147,1.80,3.20
2009.06.24 18:03:27.922,1.1467,1.147,1.60,3.20
2009.06.24 18:03:30.141,1.1467,1.14705,3.60,10.00
2009.06.24 18:03:30.381,1.1467,1.14705,3.60,9.80
2009.06.24 18:03:30.781,1.1467,1.14705,3.80,9.40
2009.06.24 18:03:33.990,1.1467,1.14705,3.60,10.00
2009.06.24 18:03:34.230,1.1467,1.14705,3.60,10.40
2009.06.24 18:03:34.850,1.1467,1.14705,2.60,10.80
2009.06.24 18:03:35.030,1.1467,1.147,1.60,6.20
2009.06.24 18:03:35.200,1.1467,1.147,1.60,9.40
2009.06.24 18:03:35.540,1.1466,1.147,11.80,6.20
2009.06.24 18:03:35.820,1.1466,1.147,6.40,9.40
2009.06.24 18:03:36.000,1.1466,1.147,7.00,6.20
2009.06.24 18:03:38.029,1.1466,1.147,5.40,6.20
2009.06.24 18:03:38.490,1.1467,1.147,1.20,6.20
2009.06.24 18:03:40.898,1.1467,1.14695,1.20,1.60
2009.06.24 18:03:41.278,1.1465,1.14675,2.60,14.80
2009.06.24 18:03:41.559,1.1465,1.14675,1.60,18.00
2009.06.24 18:03:43.280,1.14645,1.14665,6.00,18.00
2009.06.24 18:03:44.088,1.14645,1.14665,6.40,11.40
2009.06.24 18:03:45.667,1.14655,1.1466,1.60,3.20
2009.06.24 18:03:49.756,1.1465,1.1466,1.20,3.20
2009.06.24 18:03:50.576,1.14655,1.1466,3.60,3.20
2009.06.24 18:03:50.816,1.14655,1.1467,5.40,3.20
2009.06.24 18:03:51.276,1.14655,1.1468,5.40,1.00
2009.06.24 18:03:51.496,1.14655,1.1469,5.60,9.40
2009.06.24 18:03:51.726,1.14655,1.1469,5.60,6.20
2009.06.24 18:03:51.966,1.14665,1.1469,1.00,6.20
2009.06.24 18:03:52.256,1.1466,1.1469,1.60,6.20
2009.06.24 18:03:52.786,1.1466,1.1469,2.00,6.20
2009.06.24 18:03:53.426,1.1467,1.14695,1.00,9.00
2009.06.24 18:03:53.706,1.1467,1.14695,1.20,9.00
2009.06.24 18:03:54.096,1.1467,1.14695,1.20,6.20
2009.06.24 18:03:54.565,1.1467,1.14695,1.00,6.20
2009.06.24 18:03:54.905,1.1467,1.14695,1.20,6.20
2009.06.24 18:03:55.715,1.1467,1.14695,1.20,6.20
2009.06.24 18:04:00.774,1.1466,1.147,4.00,12.20
2009.06.24 18:04:00.944,1.1467,1.147,1.20,12.20
2009.06.24 18:04:01.344,1.1467,1.14705,2.20,20.20
2009.06.24 18:04:01.684,1.1467,1.14705,3.80,13.80
2009.06.24 18:04:02.383,1.1467,1.14705,3.80,7.60
2009.06.24 18:04:02.624,1.1467,1.147,3.20,3.20
2009.06.24 18:04:06.332,1.1467,1.147,3.40,3.20
2009.06.24 18:04:07.892,1.1467,1.147,3.20,3.20
2009.06.24 18:04:08.422,1.1467,1.147,4.20,3.20
2009.06.24 18:04:08.542,1.1467,1.14705,4.20,5.60
2009.06.24 18:04:08.762,1.1467,1.14705,3.80,4.80
2009.06.24 18:04:09.035,1.1467,1.147,2.80,3.20
2009.06.24 18:04:11.941,1.1467,1.14705,5.20,4.80
2009.06.24 18:04:14.730,1.1467,1.147,4.20,3.20
2009.06.24 18:04:15.180,1.1467,1.14705,5.00,4.80
2009.06.24 18:04:15.350,1.1467,1.147,4.00,3.20
2009.06.24 18:04:15.701,1.1467,1.147,4.20,3.20
2009.06.24 18:04:15.990,1.1467,1.14705,5.20,4.80
2009.06.24 18:04:21.249,1.1467,1.147,4.00,3.20
2009.06.24 18:04:21.639,1.1467,1.147,4.20,3.20
2009.06.24 18:04:22.059,1.1467,1.14705,5.20,4.80
2009.06.24 18:04:28.277,1.1469,1.147,1.20,3.20
2009.06.24 18:04:29.677,1.1469,1.147,1.00,3.20
2009.06.24 18:04:31.127,1.1469,1.14705,1.00,4.80
2009.06.24 18:04:34.746,1.14685,1.14705,1.00,4.80
2009.06.24 18:04:37.975,1.1469,1.147,1.00,3.20
2009.06.24 18:04:40.444,1.1469,1.14705,1.00,3.20
2009.06.24 18:04:41.384,1.1469,1.147,1.40,3.20
2009.06.24 18:04:41.624,1.1469,1.14705,1.20,3.20
2009.06.24 18:04:42.024,1.147,1.14705,1.00,3.20
2009.06.24 18:04:42.314,1.1471,1.14725,1.20,8.00
2009.06.24 18:04:42.554,1.1471,1.14735,1.20,3.20
2009.06.24 18:04:42.844,1.147,1.14745,5.00,6.20
2009.06.24 18:04:43.083,1.14705,1.14745,3.40,6.20
2009.06.24 18:04:43.424,1.14705,1.14745,3.40,11.40
2009.06.24 18:04:48.063,1.14705,1.14745,3.40,11.40
2009.06.24 18:04:48.592,1.14705,1.14745,3.40,10.80
2009.06.24 18:04:48.642,1.1471,1.14745,1.60,10.80
2009.06.24 18:04:48.702,1.1471,1.14745,1.60,11.00
2009.06.24 18:04:49.133,1.1471,1.14735,1.60,1.80
2009.06.24 18:04:49.482,1.1471,1.1475,1.60,6.20
2009.06.24 18:04:50.042,1.1471,1.1475,2.40,6.20
2009.06.24 18:04:50.373,1.1471,1.14745,2.40,3.20
2009.06.24 18:04:51.633,1.1471,1.1474,1.60,3.20
2009.06.24 18:04:53.112,1.1471,1.1474,2.40,3.20
2009.06.24 18:04:53.402,1.1471,1.1473,1.60,5.20
2009.06.24 18:04:53.692,1.147,1.14725,3.20,3.20
2009.06.24 18:04:57.981,1.147,1.1472,3.00,3.20
2009.06.24 18:05:00.050,1.147,1.1472,2.60,3.20
2009.06.24 18:05:00.330,1.147,1.1471,1.60,3.20
2009.06.24 18:05:00.671,1.147,1.1471,1.60,8.40
2009.06.24 18:05:00.891,1.1469,1.14705,1.00,3.20
2009.06.24 18:05:02.660,1.1469,1.1471,1.00,8.40
2009.06.24 18:05:10.288,1.1469,1.1471,1.00,8.40
2009.06.24 18:05:10.398,1.14685,1.1471,6.00,8.40
2009.06.24 18:05:10.508,1.14685,1.1471,6.40,8.40
2009.06.24 18:05:10.678,1.1469,1.1471,1.00,8.40
2009.06.24 18:05:10.738,1.1469,1.1471,1.00,8.40
2009.06.24 18:05:13.937,1.1469,1.14705,1.00,8.40
2009.06.24 18:05:14.227,1.1469,1.14725,2.60,3.20
2009.06.24 18:05:14.797,1.1469,1.14725,2.80,3.20
2009.06.24 18:05:15.077,1.147,1.14725,1.00,3.20
2009.06.24 18:05:15.367,1.147,1.1472,1.00,3.20
2009.06.24 18:05:15.827,1.147,1.1472,1.00,3.20
2009.06.24 18:05:19.226,1.14705,1.14725,1.80,3.20
2009.06.24 18:05:19.916,1.147,1.14725,1.00,3.20
2009.06.24 18:05:20.545,1.147,1.14725,1.20,3.20
2009.06.24 18:05:20.935,1.147,1.14725,1.00,3.20
2009.06.24 18:05:35.352,1.147,1.1472,1.20,2.60
2009.06.24 18:05:37.102,1.147,1.14725,1.20,3.20
2009.06.24 18:06:08.264,1.147,1.14725,1.00,3.20
2009.06.24 18:06:08.804,1.1469,1.14725,3.40,3.20
2009.06.24 18:06:11.203,1.1469,1.14725,3.20,3.20
2009.06.24 18:06:11.493,1.1469,1.14725,2.80,3.80
2009.06.24 18:06:11.663,1.1469,1.14725,2.60,4.40
2009.06.24 18:06:11.843,1.1469,1.14725,2.60,3.80
2009.06.24 18:06:11.953,1.1469,1.14725,2.60,3.20
2009.06.24 18:06:12.603,1.1469,1.14725,2.80,3.20
2009.06.24 18:06:15.772,1.1469,1.1473,1.80,4.60
2009.06.24 18:06:22.300,1.1468,1.1473,4.00,4.60
2009.06.24 18:06:25.370,1.1468,1.1473,5.60,7.80
2009.06.24 18:06:28.149,1.1469,1.1473,1.00,7.80
2009.06.24 18:06:28.439,1.1468,1.1473,5.60,7.80
2009.06.24 18:06:28.799,1.1469,1.1473,1.00,7.80
2009.06.24 18:06:45.815,1.1468,1.1473,5.60,7.80
2009.06.24 18:06:48.794,1.1468,1.1473,5.60,9.40
2009.06.24 18:06:49.136,1.14685,1.1472,2.80,3.20
2009.06.24 18:06:54.083,1.1469,1.14725,1.20,3.20
2009.06.24 18:06:54.383,1.1469,1.14725,2.00,3.20
2009.06.24 18:07:04.281,1.1469,1.14725,1.20,3.20
2009.06.24 18:07:05.470,1.1469,1.14725,1.40,3.20
2009.06.24 18:07:05.770,1.1469,1.14725,1.80,3.20
2009.06.24 18:07:06.700,1.147,1.14725,1.20,3.20
2009.06.24 18:07:06.810,1.14705,1.14725,1.60,3.20
2009.06.24 18:07:06.860,1.14705,1.14725,1.80,3.20
2009.06.24 18:07:07.380,1.14685,1.1472,1.20,3.20
2009.06.24 18:07:08.489,1.1469,1.1472,1.00,3.20
2009.06.24 18:07:09.549,1.1469,1.14715,1.80,3.20
2009.06.24 18:07:15.198,1.14695,1.14715,1.00,3.20
2009.06.24 18:07:15.308,1.14695,1.14715,1.80,3.20
2009.06.24 18:07:15.368,1.14695,1.1471,1.80,3.20
2009.06.24 18:07:15.608,1.1469,1.14715,2.80,3.20
2009.06.24 18:07:15.718,1.1469,1.14715,1.80,3.20
2009.06.24 18:07:18.017,1.1469,1.14715,1.20,3.20
2009.06.24 18:07:18.297,1.1469,1.14715,1.20,3.20
2009.06.24 18:07:26.475,1.14685,1.1472,6.00,13.20
2009.06.24 18:07:26.755,1.1469,1.14715,2.00,3.20
2009.06.24 18:07:27.685,1.1469,1.1471,1.20,8.40
2009.06.24 18:07:30.724,1.1469,1.1471,1.00,8.40
2009.06.24 18:07:33.603,1.1469,1.147,1.00,6.40
2009.06.24 18:07:33.893,1.14665,1.14705,1.20,3.20
2009.06.24 18:07:33.953,1.14655,1.147,5.60,3.20
2009.06.24 18:07:34.073,1.1466,1.147,1.80,3.20
2009.06.24 18:07:34.133,1.1465,1.147,7.00,3.20
2009.06.24 18:07:34.193,1.1465,1.147,6.80,3.20
2009.06.24 18:07:34.423,1.1465,1.147,6.80,9.40
2009.06.24 18:07:34.543,1.1465,1.147,6.40,9.40
2009.06.24 18:07:34.603,1.14655,1.14695,1.60,2.60
2009.06.24 18:07:34.953,1.1466,1.14695,3.20,2.60
2009.06.24 18:07:35.233,1.1466,1.14695,2.60,2.60
2009.06.24 18:07:35.343,1.1466,1.14695,2.60,5.80
2009.06.24 18:07:35.453,1.1466,1.14695,1.60,5.80
2009.06.24 18:07:35.743,1.1466,1.14695,1.60,2.60
2009.06.24 18:07:35.853,1.1466,1.14695,1.60,12.20
2009.06.24 18:07:37.563,1.1466,1.14695,1.60,2.60
2009.06.24 18:07:39.972,1.1466,1.14695,3.60,2.60
2009.06.24 18:07:40.372,1.1466,1.147,4.00,5.80
2009.06.24 18:07:40.672,1.1466,1.14695,4.00,2.60
2009.06.24 18:07:41.101,1.1466,1.14695,3.40,2.60
2009.06.24 18:07:41.272,1.1466,1.147,3.40,5.80
2009.06.24 18:07:41.632,1.1466,1.14705,3.60,13.00
2009.06.24 18:07:41.931,1.1466,1.147,2.60,5.80
2009.06.24 18:07:43.881,1.1467,1.147,2.80,5.80
2009.06.24 18:07:44.111,1.1467,1.147,2.80,2.60
2009.06.24 18:07:44.231,1.1467,1.14705,2.80,12.20
2009.06.24 18:07:44.341,1.1467,1.14705,3.20,12.20
2009.06.24 18:07:47.550,1.1467,1.14705,2.40,12.20
2009.06.24 18:07:48.140,1.1467,1.14705,2.80,12.20
2009.06.24 18:07:49.330,1.1467,1.14705,2.80,2.60
2009.06.24 18:07:49.609,1.1467,1.1471,2.80,5.80
2009.06.24 18:07:51.109,1.1467,1.1471,2.40,5.80
2009.06.24 18:07:51.569,1.14665,1.1471,7.40,3.20
2009.06.24 18:07:52.009,1.14675,1.14715,1.20,13.80
2009.06.24 18:07:52.309,1.14675,1.14715,1.20,11.00
2009.06.24 18:07:54.978,1.1468,1.14715,1.20,4.80
2009.06.24 18:07:55.268,1.14675,1.1471,2.80,3.20
2009.06.24 18:07:59.437,1.1469,1.14715,1.20,3.20
2009.06.24 18:07:59.497,1.1467,1.1471,6.80,3.20
2009.06.24 18:07:59.767,1.14675,1.1471,1.60,3.20
2009.06.24 18:08:00.757,1.1468,1.1471,1.40,3.20
2009.06.24 18:08:00.927,1.14675,1.1471,3.20,3.20
2009.06.24 18:08:06.166,1.1469,1.14715,1.80,3.20
2009.06.24 18:08:07.095,1.1469,1.1472,2.80,3.20
2009.06.24 18:08:07.215,1.14695,1.14725,1.80,4.40
2009.06.24 18:08:07.335,1.14695,1.1472,1.00,3.20
2009.06.24 18:08:07.395,1.14685,1.1472,2.20,5.80
2009.06.24 18:08:07.505,1.14685,1.1472,1.60,5.80
2009.06.24 18:08:07.775,1.14675,1.1472,1.40,5.80
2009.06.24 18:08:08.945,1.14685,1.1472,1.20,5.80
2009.06.24 18:08:09.125,1.14685,1.1472,1.20,3.20
2009.06.24 18:08:14.214,1.1469,1.14725,1.20,4.80
2009.06.24 18:08:23.621,1.1467,1.1472,7.00,3.20
2009.06.24 18:08:23.911,1.1467,1.1472,7.40,3.20
2009.06.24 18:08:24.251,1.14675,1.1472,3.40,2.60
2009.06.24 18:08:24.781,1.1468,1.1472,3.80,2.60
2009.06.24 18:08:24.941,1.14685,1.14725,3.60,5.60
2009.06.24 18:08:25.001,1.14695,1.1472,1.20,3.20
2009.06.24 18:08:26.361,1.147,1.1472,1.00,3.20
2009.06.24 18:08:26.591,1.14695,1.1472,1.20,3.20
2009.06.24 18:08:29.100,1.147,1.1472,1.00,3.20
2009.06.24 18:08:33.009,1.147,1.1472,1.00,3.20
2009.06.24 18:08:34.579,1.14695,1.1472,1.20,3.20
2009.06.24 18:08:34.749,1.147,1.1472,1.00,3.20
2009.06.24 18:08:36.878,1.147,1.1472,1.00,3.20
2009.06.24 18:08:37.318,1.14695,1.1472,1.20,3.20
2009.06.24 18:08:39.887,1.14675,1.14725,3.80,6.60
2009.06.24 18:08:40.327,1.14675,1.14725,3.40,6.60
2009.06.24 18:08:40.617,1.14675,1.14715,2.40,3.20
2009.06.24 18:08:40.947,1.14675,1.14715,1.00,5.80
2009.06.24 18:08:41.337,1.1469,1.14715,1.20,1.00
2009.06.24 18:08:41.507,1.1469,1.14715,1.60,1.00
2009.06.24 18:08:41.677,1.1469,1.14725,1.60,3.20
2009.06.24 18:08:41.837,1.1467,1.1472,2.00,3.20
2009.06.24 18:08:42.177,1.1467,1.14725,2.80,6.60
2009.06.24 18:08:42.797,1.14675,1.1472,5.00,3.20
2009.06.24 18:08:43.287,1.14675,1.14715,1.00,5.80
2009.06.24 18:08:45.036,1.1467,1.14715,4.00,5.80
2009.06.24 18:08:46.416,1.1467,1.14715,3.00,5.80
2009.06.24 18:08:47.746,1.1467,1.1471,1.00,3.20
2009.06.24 18:08:47.976,1.1467,1.1471,1.00,5.80
2009.06.24 18:08:48.705,1.1467,1.1471,1.00,5.80
2009.06.24 18:08:49.045,1.1468,1.14715,3.60,3.20
2009.06.24 18:08:51.774,1.1469,1.1472,3.60,3.20
2009.06.24 18:08:52.844,1.1469,1.14725,3.60,4.80
2009.06.24 18:09:01.912,1.1469,1.14725,1.00,7.40
2009.06.24 18:09:02.312,1.1468,1.14725,3.00,7.40
2009.06.24 18:09:07.081,1.1468,1.1472,1.00,3.20
2009.06.24 18:09:07.381,1.1468,1.1472,1.00,5.80
2009.06.24 18:09:08.080,1.1468,1.1472,1.80,5.80
2009.06.24 18:09:09.730,1.1469,1.1472,1.20,5.80
2009.06.24 18:09:10.010,1.1469,1.1472,1.20,3.20
2009.06.24 18:09:16.459,1.14685,1.1472,7.00,3.20
2009.06.24 18:09:16.739,1.1469,1.1472,3.40,3.20
2009.06.24 18:09:16.849,1.1469,1.1472,3.20,3.20
2009.06.24 18:09:17.558,1.1469,1.1472,1.60,2.60
2009.06.24 18:09:17.948,1.1468,1.1472,6.20,2.60
2009.06.24 18:09:20.428,1.1469,1.14725,1.60,7.40
2009.06.24 18:09:22.337,1.1469,1.1472,1.60,3.20
2009.06.24 18:09:27.766,1.1469,1.14725,1.60,7.40
2009.06.24 18:09:30.775,1.1469,1.1472,1.60,3.20
2009.06.24 18:09:30.945,1.1468,1.1472,9.40,2.60
2009.06.24 18:09:31.385,1.1468,1.1472,6.20,2.60
2009.06.24 18:09:32.964,1.1468,1.1472,6.20,2.60
2009.06.24 18:09:33.964,1.1469,1.14725,2.60,4.80
2009.06.24 18:09:46.242,1.1469,1.14725,2.60,4.80
2009.06.24 18:09:50.520,1.14695,1.14725,1.40,4.80
2009.06.24 18:09:50.640,1.1469,1.14725,5.80,4.80
2009.06.24 18:10:02.217,1.1469,1.14725,4.40,4.80
2009.06.24 18:10:02.727,1.1469,1.1472,3.20,3.20
2009.06.24 18:10:04.747,1.1469,1.14725,4.40,4.80
2009.06.24 18:10:08.736,1.1469,1.1472,4.40,3.20
2009.06.24 18:10:10.665,1.1469,1.1472,2.80,3.20
2009.06.24 18:10:11.125,1.147,1.1472,1.00,3.20
2009.06.24 18:10:11.625,1.147,1.1472,1.00,3.20
2009.06.24 18:10:11.805,1.1469,1.1472,2.80,3.20
2009.06.24 18:10:12.495,1.1469,1.14725,3.80,4.80
2009.06.24 18:10:12.755,1.1469,1.14725,2.00,4.80
2009.06.24 18:10:15.364,1.1469,1.14725,1.20,4.80
2009.06.24 18:10:27.971,1.1469,1.14725,2.40,4.80
2009.06.24 18:10:28.201,1.1469,1.14725,2.80,4.80
2009.06.24 18:10:28.491,1.1469,1.14725,2.40,4.80
2009.06.24 18:10:28.611,1.1469,1.14725,1.20,4.80
2009.06.24 18:10:29.701,1.1469,1.14725,2.80,8.40
2009.06.24 18:10:30.221,1.1469,1.14725,2.00,8.40
2009.06.24 18:10:30.671,1.1469,1.14725,1.20,9.80
2009.06.24 18:10:31.011,1.14685,1.1472,9.20,3.20
2009.06.24 18:10:35.169,1.1469,1.14725,1.20,9.80
2009.06.24 18:10:40.518,1.1469,1.14725,1.20,4.80
2009.06.24 18:10:43.808,1.14685,1.14725,9.20,4.80
2009.06.24 18:10:44.047,1.14685,1.1472,9.20,3.20
2009.06.24 18:10:44.277,1.1469,1.14725,1.20,4.80
2009.06.24 18:10:48.966,1.1469,1.14725,1.20,9.80
2009.06.24 18:11:00.404,1.14685,1.147,8.20,3.20
2009.06.24 18:11:00.633,1.14685,1.147,6.40,14.80
2009.06.24 18:11:00.983,1.1466,1.147,10.80,14.80
2009.06.24 18:11:11.771,1.14665,1.14685,9.80,11.60
2009.06.24 18:11:12.051,1.14665,1.14685,9.60,9.60
2009.06.24 18:11:12.170,1.14655,1.14705,10.80,4.80
2009.06.24 18:11:12.281,1.14655,1.14705,7.60,3.20
2009.06.24 18:11:12.631,1.14655,1.14705,6.40,3.20
2009.06.24 18:11:13.080,1.1466,1.14705,1.60,5.80
2009.06.24 18:11:13.350,1.1466,1.14705,2.80,13.00
2009.06.24 18:11:13.630,1.1466,1.14705,6.00,5.80
2009.06.24 18:11:20.819,1.1467,1.14705,1.20,3.20
2009.06.24 18:11:21.558,1.1467,1.1471,1.20,2.60
2009.06.24 18:11:21.908,1.1467,1.14715,4.20,13.80
2009.06.24 18:11:23.628,1.1467,1.14715,4.40,13.80
2009.06.24 18:11:23.958,1.14665,1.1471,6.40,3.20
2009.06.24 18:11:38.584,1.14665,1.14715,6.40,13.00
2009.06.24 18:11:38.874,1.1467,1.14715,6.00,13.00
2009.06.24 18:11:56.060,1.1467,1.14705,6.00,1.00
2009.06.24 18:11:56.290,1.1467,1.14705,4.20,3.20
2009.06.24 18:11:56.610,1.1467,1.14705,1.20,3.20
2009.06.24 18:11:56.950,1.14665,1.147,12.40,3.20
2009.06.24 18:12:03.518,1.1467,1.14705,1.20,3.20
2009.06.24 18:12:03.748,1.1468,1.14705,1.20,18.80
2009.06.24 18:12:04.198,1.147,1.14705,1.00,9.60
2009.06.24 18:12:04.428,1.1471,1.14745,3.60,6.20
2009.06.24 18:12:04.608,1.1471,1.1475,3.60,6.20
2009.06.24 18:12:05.008,1.14725,1.1475,1.40,6.20
2009.06.24 18:12:05.128,1.14725,1.14755,3.20,6.20
2009.06.24 18:12:05.298,1.14725,1.14755,1.60,6.20
2009.06.24 18:12:05.468,1.14715,1.14745,3.60,6.20
2009.06.24 18:12:05.918,1.14725,1.14745,1.00,6.20
2009.06.24 18:12:06.097,1.1473,1.14745,1.40,6.20
2009.06.24 18:12:06.377,1.1473,1.14745,2.40,6.20
2009.06.24 18:12:10.676,1.1474,1.14745,1.00,6.20
2009.06.24 18:12:10.917,1.1474,1.14745,1.40,6.20
2009.06.24 18:12:11.036,1.1474,1.1475,1.40,6.20
2009.06.24 18:12:11.316,1.1473,1.1475,2.40,6.20
2009.06.24 18:12:22.354,1.1474,1.1475,1.00,6.20
2009.06.24 18:12:22.464,1.1474,1.1475,1.40,6.20
2009.06.24 18:12:23.733,1.147,1.1475,3.60,6.20
2009.06.24 18:12:24.783,1.1471,1.14755,3.60,6.20
2009.06.24 18:12:42.310,1.14705,1.14755,7.20,9.00
2009.06.24 18:12:42.419,1.14705,1.14755,3.60,9.00
2009.06.24 18:12:47.718,1.1471,1.14755,3.20,6.20
2009.06.24 18:12:48.008,1.1469,1.14755,4.00,6.20
2009.06.24 18:12:48.587,1.1471,1.14755,1.00,6.20
2009.06.24 18:12:48.987,1.1471,1.1476,4.00,3.20
2009.06.24 18:12:49.167,1.14715,1.1477,3.20,6.20
2009.06.24 18:12:49.387,1.14715,1.1477,3.20,9.40
2009.06.24 18:12:49.737,1.14705,1.1477,3.80,11.60
2009.06.24 18:12:50.087,1.1471,1.1477,3.80,11.60
2009.06.24 18:12:50.427,1.1471,1.14765,3.80,8.40
2009.06.24 18:12:50.837,1.1472,1.14765,1.00,8.40
2009.06.24 18:12:50.897,1.1472,1.14765,1.00,8.40
2009.06.24 18:12:51.607,1.1472,1.14765,1.00,11.60
2009.06.24 18:13:02.104,1.1473,1.14765,1.00,11.60
2009.06.24 18:13:02.274,1.1473,1.14765,1.00,6.40
2009.06.24 18:13:02.554,1.1473,1.1477,1.00,1.00
2009.06.24 18:13:02.734,1.14735,1.1477,1.00,1.00
2009.06.24 18:13:03.555,1.14735,1.1477,1.00,1.60
2009.06.24 18:13:03.674,1.1473,1.1477,1.00,1.60
2009.06.24 18:13:05.893,1.1472,1.1476,1.00,1.00
2009.06.24 18:13:06.343,1.1472,1.1476,1.00,3.20
2009.06.24 18:13:06.573,1.14725,1.14755,1.00,2.40
2009.06.24 18:13:06.933,1.14725,1.14775,3.40,1.00
2009.06.24 18:13:07.623,1.1473,1.14775,1.00,1.00
2009.06.24 18:13:08.033,1.1473,1.1477,3.40,1.00
2009.06.24 18:13:08.372,1.1473,1.1477,1.00,1.00
2009.06.24 18:13:08.772,1.1473,1.1476,1.00,1.60
2009.06.24 18:13:09.752,1.1473,1.14765,1.00,4.00
2009.06.24 18:13:09.812,1.14725,1.14765,4.00,3.20
2009.06.24 18:13:09.922,1.14725,1.1477,4.00,1.00
2009.06.24 18:13:10.462,1.14735,1.1477,1.00,1.00
2009.06.24 18:13:10.582,1.14735,1.1477,1.00,1.00
2009.06.24 18:13:28.468,1.1474,1.1477,1.00,1.00
2009.06.24 18:13:28.647,1.1474,1.1477,1.40,1.00
2009.06.24 18:13:34.636,1.1474,1.1477,1.00,1.00
2009.06.24 18:13:34.866,1.1474,1.1477,1.00,1.00
2009.06.24 18:14:07.598,1.1473,1.1477,4.00,1.00
2009.06.24 18:14:07.838,1.14735,1.1477,3.20,1.00
2009.06.24 18:14:08.058,1.1473,1.14755,3.20,2.40
2009.06.24 18:14:08.468,1.14735,1.14755,1.00,2.40
2009.06.24 18:14:08.648,1.14735,1.14755,1.00,1.60
2009.06.24 18:14:08.868,1.14735,1.1478,1.00,1.00
2009.06.24 18:14:10.828,1.1473,1.1477,3.20,1.00
2009.06.24 18:14:11.007,1.14725,1.1477,3.40,1.00
2009.06.24 18:14:22.505,1.1472,1.1477,3.40,1.60
2009.06.24 18:14:22.744,1.1472,1.1477,1.00,1.60
2009.06.24 18:14:23.365,1.1472,1.1477,1.00,2.40
2009.06.24 18:14:23.425,1.1472,1.1477,1.00,3.20
2009.06.24 18:14:24.014,1.1472,1.1477,1.00,2.40
2009.06.24 18:14:27.383,1.14725,1.1476,3.40,2.40
2009.06.24 18:14:27.434,1.14725,1.1476,3.20,3.20
2009.06.24 18:14:27.823,1.14715,1.1476,6.60,4.80
2009.06.24 18:14:31.142,1.14725,1.14755,1.00,4.80
2009.06.24 18:14:31.263,1.14725,1.14755,1.00,4.00
2009.06.24 18:14:31.602,1.14725,1.14755,3.40,4.00
2009.06.24 18:14:31.772,1.1472,1.14755,3.60,1.60
2009.06.24 18:14:32.043,1.1472,1.14775,3.60,1.00
2009.06.24 18:14:34.382,1.1473,1.1477,3.60,1.00
2009.06.24 18:14:34.562,1.1473,1.1477,7.20,1.00
2009.06.24 18:14:42.940,1.14735,1.1477,6.60,1.00
2009.06.24 18:15:04.455,1.14695,1.1477,1.60,1.00
2009.06.24 18:15:04.984,1.1467,1.1469,1.00,1.00
2009.06.24 18:15:09.673,1.14655,1.1468,1.60,1.00
2009.06.24 18:15:09.843,1.14607,1.14637,4.40,1.00
2009.06.24 18:15:10.303,1.14615,1.14635,1.00,1.00
2009.06.24 18:15:11.803,1.14637,1.14658,3.60,1.00
2009.06.24 18:15:11.982,1.14625,1.1477,3.20,1.00
2009.06.24 18:15:16.542,1.147,1.1477,3.20,1.00
2009.06.24 18:15:18.151,1.1477,1.14775,3.20,1.50
2009.06.24 18:15:18.381,1.14705,1.1477,3.20,1.00
2009.06.24 18:15:20.880,1.14675,1.1477,1.60,1.00
2009.06.24 18:15:21.100,1.14705,1.1477,3.20,1.00
2009.06.24 18:16:51.339,1.14745,1.1477,1.80,1.00
2009.06.24 18:16:56.727,1.1475,1.1477,3.20,1.00
2009.06.24 18:16:56.778,1.14715,1.1477,1.60,1.00
2009.06.24 18:16:56.837,1.1466,1.147,1.00,1.00
2009.06.24 18:16:58.277,1.1465,1.14755,3.60,2.60
2009.06.24 18:17:00.066,1.14683,1.14692,1.00,1.00
2009.06.24 18:18:05.701,1.1465,1.1477,1.00,1.00
2009.06.24 18:18:25.406,1.14695,1.1477,1.20,1.00
2009.06.24 18:18:25.686,1.14695,1.1477,1.20,1.00
2009.06.24 18:18:32.694,1.147,1.1477,1.20,1.00
2009.06.24 18:18:34.657,1.1468,1.1477,1.00,1.00
2009.06.24 18:18:35.583,1.147,1.1477,1.00,1.00
2009.06.24 18:18:35.943,1.147,1.1477,4.80,1.00
2009.06.24 18:18:36.233,1.147,1.1477,9.60,1.00
2009.06.24 18:18:36.463,1.14725,1.1477,3.20,1.00
2009.06.24 18:18:36.743,1.1473,1.1477,3.20,1.00
2009.06.24 18:18:37.073,1.1472,1.1477,6.80,1.00
2009.06.24 18:18:38.033,1.14745,1.1477,1.00,1.00
2009.06.24 18:18:38.843,1.1473,1.1477,3.60,1.00
2009.06.24 18:18:39.702,1.1471,1.1477,1.00,1.00
2009.06.24 18:18:40.172,1.14755,1.1477,1.00,1.00
2009.06.24 18:18:40.522,1.1478,1.14895,1.00,4.60
2009.06.24 18:18:41.062,1.14745,1.1477,16.70,1.00
2009.06.24 18:18:41.692,1.1475,1.1477,1.00,1.00
2009.06.24 18:18:41.982,1.1488,1.14955,1.60,3.50
2009.06.24 18:18:42.262,1.1486,1.14955,1.80,3.50
2009.06.24 18:18:42.552,1.1485,1.14955,1.80,3.50
2009.06.24 18:18:43.122,1.1488,1.14955,1.80,3.50
2009.06.24 18:18:43.972,1.1487,1.14955,1.00,3.50
2009.06.24 18:18:44.321,1.1486,1.14955,1.80,3.50
2009.06.24 18:18:46.061,1.14875,1.14925,1.80,2.50
2009.06.24 18:18:48.590,1.1488,1.1493,1.80,1.60
2009.06.24 18:18:48.881,1.1488,1.14925,1.00,3.20
2009.06.24 18:18:49.162,1.1488,1.14925,1.80,1.60
2009.06.24 18:18:49.451,1.1489,1.14945,1.80,1.60
2009.06.24 18:18:50.010,1.1489,1.14965,1.80,7.80
2009.06.24 18:18:52.430,1.149,1.14955,1.80,7.80
2009.06.24 18:18:53.979,1.1491,1.14955,1.80,7.80
2009.06.24 18:18:55.609,1.14835,1.14955,12.80,3.20
2009.06.24 18:18:55.949,1.14905,1.1499,1.80,2.20
2009.06.24 18:18:56.679,1.14915,1.1499,1.80,2.20
2009.06.24 18:18:56.739,1.14925,1.1499,1.60,2.20
2009.06.24 18:18:57.228,1.1494,1.1498,1.80,2.20
2009.06.24 18:18:57.448,1.14885,1.15,1.60,6.20
2009.06.24 18:18:57.848,1.1492,1.1504,1.60,6.20
2009.06.24 18:18:58.358,1.14965,1.1504,1.80,6.20
2009.06.24 18:18:58.698,1.14975,1.1504,1.80,6.20
2009.06.24 18:18:59.278,1.14985,1.1505,1.80,2.00
2009.06.24 18:18:59.608,1.15,1.1506,1.80,8.20
2009.06.24 18:18:59.958,1.1501,1.1506,1.80,8.20
2009.06.24 18:19:00.778,1.1501,1.1504,1.00,1.60
2009.06.24 18:19:01.077,1.1501,1.1506,1.80,7.80
2009.06.24 18:19:02.218,1.1501,1.15055,1.80,6.20
2009.06.24 18:19:02.640,1.1502,1.1505,1.80,2.80
2009.06.24 18:19:02.927,1.15035,1.1505,1.80,1.00
2009.06.24 18:19:03.167,1.15035,1.1505,1.80,1.00
2009.06.24 18:19:03.497,1.15045,1.15125,1.80,6.40
2009.06.24 18:19:03.967,1.1506,1.15125,1.80,6.40
2009.06.24 18:19:04.317,1.1506,1.15125,1.80,2.60
2009.06.24 18:19:05.057,1.1506,1.15115,1.80,2.60
2009.06.24 18:19:05.516,1.1505,1.15105,1.80,4.00
2009.06.24 18:19:05.916,1.1505,1.1513,1.80,4.00
2009.06.24 18:19:07.606,1.1505,1.15125,1.80,8.80
2009.06.24 18:19:07.836,1.1504,1.15125,1.80,8.80
2009.06.24 18:19:08.198,1.1504,1.1512,1.80,1.00
2009.06.24 18:19:08.606,1.1502,1.15105,1.80,2.40
2009.06.24 18:19:08.886,1.15025,1.15085,1.00,2.40
2009.06.24 18:19:09.296,1.15025,1.15095,3.20,2.60
2009.06.24 18:19:09.835,1.1502,1.1509,1.80,4.00
2009.06.24 18:19:10.175,1.1503,1.15085,1.00,4.00
2009.06.24 18:19:10.565,1.1503,1.15085,1.80,4.00
2009.06.24 18:19:11.265,1.15045,1.15085,1.80,2.40
2009.06.24 18:19:11.605,1.15045,1.1512,2.20,14.80
2009.06.24 18:19:12.345,1.1505,1.1511,2.20,6.20
2009.06.24 18:19:12.695,1.1501,1.1508,1.60,1.00
2009.06.24 18:19:13.384,1.14975,1.15075,1.00,6.40
2009.06.24 18:19:13.445,1.14975,1.151,1.00,2.60
2009.06.24 18:19:13.684,1.15,1.1508,1.00,1.00
2009.06.24 18:19:14.084,1.1498,1.1507,1.00,1.00
2009.06.24 18:19:14.554,1.1498,1.15065,1.80,6.20
2009.06.24 18:19:14.954,1.14965,1.15055,1.80,1.20
2009.06.24 18:19:15.294,1.14965,1.15055,3.60,1.20
2009.06.24 18:19:15.644,1.14965,1.1504,3.60,6.20
2009.06.24 18:19:16.034,1.1497,1.15035,3.60,1.20
2009.06.24 18:19:16.534,1.1495,1.15015,3.60,1.20
2009.06.24 18:19:16.884,1.1495,1.15025,3.60,6.20
2009.06.24 18:19:17.234,1.1495,1.15015,3.60,1.20
2009.06.24 18:19:17.633,1.1495,1.1503,1.80,7.20
2009.06.24 18:19:18.123,1.14955,1.1501,3.60,1.20
2009.06.24 18:19:18.413,1.14955,1.1501,3.60,6.20
2009.06.24 18:19:18.743,1.14955,1.15005,3.60,7.20
2009.06.24 18:19:19.023,1.14955,1.15005,3.60,6.20
2009.06.24 18:19:19.253,1.1492,1.14995,1.80,6.20
2009.06.24 18:19:19.533,1.14905,1.14995,3.60,7.20
2009.06.24 18:19:19.763,1.1492,1.1499,3.60,6.20
2009.06.24 18:19:20.053,1.1494,1.14975,1.80,2.80
2009.06.24 18:19:20.393,1.14925,1.1496,3.60,2.80
2009.06.24 18:19:20.913,1.14895,1.1496,4.00,2.80
2009.06.24 18:19:21.333,1.1495,1.14995,1.00,6.20
2009.06.24 18:19:21.623,1.1495,1.15055,1.00,11.80
2009.06.24 18:19:22.872,1.14965,1.1503,1.00,2.60
2009.06.24 18:19:23.492,1.14965,1.1501,1.00,2.60
2009.06.24 18:19:23.942,1.1497,1.1501,1.80,2.60
2009.06.24 18:19:24.302,1.1498,1.1502,1.80,6.20
2009.06.24 18:19:24.702,1.1496,1.15025,1.00,2.60
2009.06.24 18:19:25.042,1.1496,1.15045,1.00,9.00
2009.06.24 18:19:25.962,1.14965,1.15035,1.00,2.80
2009.06.24 18:19:27.021,1.14965,1.15035,1.00,5.40
2009.06.24 18:19:27.311,1.14965,1.1503,1.00,2.80
2009.06.24 18:19:27.601,1.14965,1.1502,1.00,1.40
2009.06.24 18:19:27.903,1.14965,1.1502,1.00,2.80
2009.06.24 18:19:28.181,1.14965,1.1502,1.00,1.40
2009.06.24 18:19:28.481,1.14965,1.1504,1.00,7.20
2009.06.24 18:19:28.761,1.1496,1.15035,1.80,9.00
2009.06.24 18:19:29.281,1.14965,1.15015,1.00,1.60
2009.06.24 18:19:29.661,1.14965,1.1501,1.00,1.40
2009.06.24 18:19:30.001,1.14955,1.1501,8.60,1.00
2009.06.24 18:19:30.540,1.14955,1.15,8.60,3.60
2009.06.24 18:19:30.880,1.1496,1.14995,1.20,1.60
2009.06.24 18:19:31.160,1.1496,1.1499,1.20,2.80
2009.06.24 18:19:31.450,1.1496,1.14995,1.20,1.60
2009.06.24 18:19:31.670,1.1496,1.15,1.20,1.00
2009.06.24 18:19:32.140,1.1496,1.14985,1.20,1.20
2009.06.24 18:19:32.420,1.1496,1.14985,1.20,1.00
2009.06.24 18:19:32.700,1.1496,1.14995,1.20,1.20
2009.06.24 18:19:33.580,1.1496,1.1499,1.20,1.00
2009.06.24 18:19:33.859,1.1496,1.15,1.20,1.00
2009.06.24 18:19:34.750,1.1495,1.14985,1.00,9.00
2009.06.24 18:19:35.309,1.1493,1.15015,1.00,13.00
2009.06.24 18:19:35.479,1.14925,1.15015,1.00,13.00
2009.06.24 18:19:36.039,1.1496,1.1501,1.00,2.40
2009.06.24 18:19:36.389,1.1498,1.15005,8.20,1.60
2009.06.24 18:19:37.159,1.15005,1.15065,1.00,4.00
2009.06.24 18:19:37.509,1.15015,1.15065,1.00,4.00
2009.06.24 18:19:38.009,1.15015,1.15065,1.00,4.00
2009.06.24 18:19:38.239,1.1501,1.1505,1.00,4.00
2009.06.24 18:19:38.998,1.1501,1.1505,1.00,2.60
2009.06.24 18:19:39.648,1.1501,1.1505,1.00,2.60
2009.06.24 18:19:39.998,1.15035,1.1505,5.00,2.60
2009.06.24 18:19:40.328,1.15035,1.1505,5.00,1.00
2009.06.24 18:19:40.788,1.15035,1.15105,5.00,2.60
2009.06.24 18:19:41.074,1.15045,1.15105,8.20,5.00
2009.06.24 18:19:41.348,1.1505,1.151,1.00,1.60
2009.06.24 18:19:41.468,1.1506,1.15105,1.00,2.60
2009.06.24 18:19:42.138,1.1506,1.151,1.00,2.60
2009.06.24 18:19:42.497,1.1507,1.151,1.00,2.60
2009.06.24 18:19:42.887,1.1507,1.151,1.00,1.00
2009.06.24 18:19:43.717,1.1506,1.15095,1.00,2.40
2009.06.24 18:19:44.107,1.1506,1.15095,1.00,4.00
2009.06.24 18:19:44.497,1.1505,1.15095,1.60,4.00
2009.06.24 18:19:46.036,1.15045,1.15085,11.40,1.80
2009.06.24 18:19:46.377,1.15045,1.15085,11.40,1.00
2009.06.24 18:19:47.996,1.15045,1.1507,11.40,1.00
2009.06.24 18:19:49.146,1.1505,1.1508,1.40,1.00
2009.06.24 18:19:49.326,1.1505,1.1509,1.40,1.00
2009.06.24 18:19:49.746,1.15065,1.1509,1.40,1.00
2009.06.24 18:19:50.226,1.15065,1.15095,1.00,5.60
2009.06.24 18:19:50.575,1.15035,1.1508,5.00,1.00
2009.06.24 18:19:50.966,1.15085,1.1509,1.00,1.00
2009.06.24 18:19:51.425,1.15075,1.1512,3.20,1.00
2009.06.24 18:19:51.775,1.15095,1.15145,1.00,14.40
2009.06.24 18:19:52.305,1.1511,1.15145,1.00,12.40
2009.06.24 18:19:52.755,1.1511,1.15145,1.00,9.20
2009.06.24 18:19:53.045,1.1511,1.15135,1.20,9.20
2009.06.24 18:19:53.267,1.1511,1.15135,1.00,9.20
2009.06.24 18:19:53.606,1.151,1.15135,1.40,9.20
2009.06.24 18:19:53.835,1.151,1.15135,1.20,9.20
2009.06.24 18:19:54.186,1.1509,1.15135,1.60,9.20
2009.06.24 18:19:54.695,1.151,1.15135,1.00,9.20
2009.06.24 18:19:54.815,1.1511,1.15135,1.00,9.20
2009.06.24 18:19:55.375,1.1511,1.1512,1.00,8.20
2009.06.24 18:19:55.775,1.1507,1.1512,1.00,7.00
2009.06.24 18:19:56.254,1.1506,1.1511,1.00,2.40
2009.06.24 18:19:57.184,1.15065,1.151,1.00,2.40
2009.06.24 18:19:57.514,1.1506,1.151,1.00,2.40
2009.06.24 18:19:57.794,1.15075,1.15105,1.00,6.40
2009.06.24 18:19:58.014,1.15075,1.15115,1.00,1.60
2009.06.24 18:19:58.304,1.1508,1.1512,1.00,1.00
2009.06.24 18:19:58.583,1.1509,1.15145,1.00,1.20
2009.06.24 18:19:59.054,1.151,1.15155,1.20,1.60
2009.06.24 18:19:59.403,1.1511,1.15155,1.00,1.60
2009.06.24 18:20:00.043,1.1511,1.1515,1.00,1.60
2009.06.24 18:20:00.433,1.151,1.1515,1.00,1.60
2009.06.24 18:20:00.663,1.1508,1.1515,5.40,1.60
2009.06.24 18:20:00.903,1.15115,1.1515,1.00,1.60
2009.06.24 18:20:01.193,1.15085,1.1515,1.60,1.60
2009.06.24 18:20:01.483,1.1513,1.1517,5.00,9.00
2009.06.24 18:20:01.983,1.1513,1.1517,8.20,4.60
2009.06.24 18:20:02.263,1.1513,1.15165,8.20,3.00
2009.06.24 18:20:02.553,1.1515,1.1516,1.00,3.00
2009.06.24 18:20:02.912,1.1515,1.15165,1.00,4.00
2009.06.24 18:20:03.252,1.1515,1.1519,1.00,3.20
2009.06.24 18:20:03.803,1.15145,1.15195,11.40,9.20
2009.06.24 18:20:04.042,1.15145,1.15195,11.40,12.40
2009.06.24 18:20:04.322,1.1515,1.1519,1.00,12.40
2009.06.24 18:20:05.832,1.15165,1.1519,1.00,6.40
2009.06.24 18:20:06.302,1.15165,1.15215,1.00,1.00
2009.06.24 18:20:06.542,1.15165,1.15215,1.00,1.00
2009.06.24 18:20:06.942,1.1517,1.15205,1.00,2.60
2009.06.24 18:20:07.342,1.1516,1.15195,1.00,5.40
2009.06.24 18:20:07.561,1.15155,1.1519,1.00,5.40
2009.06.24 18:20:07.891,1.1515,1.1519,1.20,5.40
2009.06.24 18:20:08.231,1.15165,1.1519,1.80,5.40
2009.06.24 18:20:08.871,1.15165,1.1519,1.80,5.60
2009.06.24 18:20:09.741,1.15155,1.1518,1.00,3.20
2009.06.24 18:20:10.101,1.15155,1.15185,1.00,1.00
2009.06.24 18:20:10.451,1.1512,1.1519,1.80,6.20
2009.06.24 18:20:10.851,1.1513,1.1519,1.60,6.20
2009.06.24 18:20:11.181,1.15105,1.1518,1.00,8.80
2009.06.24 18:20:11.401,1.1511,1.1516,1.60,1.20
2009.06.24 18:20:11.971,1.151,1.15185,2.80,9.00
2009.06.24 18:20:13.050,1.1511,1.15175,2.60,9.00
2009.06.24 18:20:13.350,1.1511,1.15135,1.60,1.00
2009.06.24 18:20:13.640,1.151,1.15155,1.00,1.00
2009.06.24 18:20:13.880,1.151,1.15175,1.00,4.00
2009.06.24 18:20:14.170,1.1511,1.15175,1.00,1.00
2009.06.24 18:20:14.450,1.1511,1.1516,1.00,5.40
2009.06.24 18:20:14.919,1.1511,1.1516,4.00,2.40
2009.06.24 18:20:16.009,1.1511,1.1516,1.00,2.40
2009.06.24 18:20:17.159,1.1511,1.1516,1.00,2.60
2009.06.24 18:20:17.389,1.1511,1.1516,1.00,8.60
2009.06.24 18:20:18.159,1.1511,1.1516,1.00,2.40
2009.06.24 18:20:20.438,1.1511,1.1515,1.00,1.20
2009.06.24 18:20:20.778,1.15105,1.1515,2.20,1.20
2009.06.24 18:20:21.128,1.15115,1.1516,1.00,2.40
2009.06.24 18:20:23.447,1.1513,1.1516,1.00,1.60
2009.06.24 18:20:23.848,1.1513,1.15185,1.00,9.00
2009.06.24 18:20:24.197,1.1512,1.15185,2.20,9.00
2009.06.24 18:20:24.997,1.1513,1.1518,1.00,9.00
2009.06.24 18:20:25.287,1.1513,1.1518,1.00,9.00
2009.06.24 18:20:26.387,1.1513,1.1518,1.00,2.80
2009.06.24 18:20:26.667,1.1513,1.15165,1.60,10.00
2009.06.24 18:20:26.957,1.1512,1.1516,1.60,1.60
2009.06.24 18:20:27.237,1.15115,1.1516,1.60,1.60
2009.06.24 18:20:34.085,1.1512,1.15155,1.00,18.80
2009.06.24 18:20:34.316,1.1512,1.15155,1.00,18.80
2009.06.24 18:20:34.607,1.1512,1.15155,1.00,18.80
2009.06.24 18:20:34.825,1.15115,1.15155,1.80,18.80
2009.06.24 18:20:35.704,1.1512,1.15145,2.20,2.40
2009.06.24 18:20:36.105,1.1512,1.1514,1.60,1.60
2009.06.24 18:20:36.325,1.1512,1.15135,1.60,1.60
2009.06.24 18:20:36.614,1.1512,1.15145,1.60,4.00
2009.06.24 18:20:36.904,1.15115,1.1513,3.40,2.40
2009.06.24 18:20:37.134,1.15075,1.1513,9.80,4.80
2009.06.24 18:20:37.424,1.1508,1.15125,1.00,1.60
2009.06.24 18:20:37.704,1.1508,1.15125,1.20,1.60
2009.06.24 18:20:38.004,1.1508,1.1512,2.40,1.60
2009.06.24 18:20:38.864,1.15095,1.15125,1.00,11.60
2009.06.24 18:20:39.105,1.15095,1.15125,48.20,11.60
2009.06.24 18:20:41.513,1.151,1.15125,1.60,6.40
2009.06.24 18:20:41.973,1.151,1.1515,1.60,4.00
2009.06.24 18:20:42.193,1.1509,1.1514,19.80,3.20
2009.06.24 18:20:42.423,1.1509,1.1514,19.80,4.80
2009.06.24 18:20:43.063,1.151,1.1513,1.60,1.60
2009.06.24 18:20:43.503,1.15095,1.1513,17.80,1.60
2009.06.24 18:20:44.073,1.15095,1.1512,17.80,1.00
2009.06.24 18:20:44.592,1.15085,1.1512,1.80,1.20
2009.06.24 18:20:45.202,1.15085,1.1511,1.60,1.00
2009.06.24 18:20:45.562,1.1509,1.1512,1.00,4.00
2009.06.24 18:20:45.922,1.1509,1.1512,1.20,3.80
2009.06.24 18:20:46.322,1.1509,1.1512,1.20,3.20
2009.06.24 18:20:47.122,1.1509,1.1512,1.20,3.80
2009.06.24 18:20:47.522,1.1509,1.1512,1.20,3.40
2009.06.24 18:20:47.912,1.1509,1.1512,1.20,2.20
2009.06.24 18:20:48.252,1.1509,1.1512,1.20,1.00
2009.06.24 18:20:48.591,1.15095,1.15145,32.20,7.20
2009.06.24 18:20:48.861,1.15095,1.15145,32.20,1.00
2009.06.24 18:20:49.372,1.15095,1.15145,64.20,1.00
2009.06.24 18:20:50.921,1.1509,1.1514,2.40,1.60
2009.06.24 18:20:52.261,1.1509,1.15145,2.40,15.40
2009.06.24 18:20:53.190,1.1509,1.1514,2.40,1.60
2009.06.24 18:20:54.431,1.151,1.1513,1.60,1.00
2009.06.24 18:20:54.820,1.15095,1.1513,1.60,1.00
2009.06.24 18:20:57.059,1.1509,1.1513,1.20,1.00
2009.06.24 18:20:57.629,1.1509,1.1513,1.20,1.00
2009.06.24 18:20:58.089,1.1509,1.1514,1.20,7.80
2009.06.24 18:20:58.429,1.1509,1.1514,1.00,3.20
2009.06.24 18:20:58.749,1.1509,1.1514,1.20,1.60
2009.06.24 18:20:59.279,1.1509,1.1514,1.20,9.00
2009.06.24 18:20:59.549,1.1509,1.1514,1.00,9.00
2009.06.24 18:21:00.069,1.1509,1.1514,1.20,9.00
2009.06.24 18:21:01.149,1.15055,1.1512,1.00,1.00
2009.06.24 18:21:01.448,1.15055,1.1512,1.00,1.00
2009.06.24 18:21:01.678,1.1508,1.15125,1.00,3.20
2009.06.24 18:21:02.078,1.1508,1.15125,1.20,3.20
2009.06.24 18:21:02.298,1.1508,1.1512,1.60,1.00
2009.06.24 18:21:02.588,1.1508,1.15155,1.60,18.60
2009.06.24 18:21:02.868,1.1509,1.15155,1.60,17.80
2009.06.24 18:21:03.941,1.1511,1.15145,1.00,15.40
2009.06.24 18:21:04.218,1.1511,1.1514,1.00,1.60
2009.06.24 18:21:06.467,1.1513,1.15145,1.00,14.80
2009.06.24 18:21:06.827,1.1513,1.1515,1.20,1.00
2009.06.24 18:21:07.517,1.1512,1.1515,1.00,1.00
2009.06.24 18:21:08.087,1.1513,1.1515,1.20,1.00
2009.06.24 18:21:10.266,1.1512,1.1515,1.20,1.60
2009.06.24 18:21:10.616,1.151,1.1514,1.00,1.00
2009.06.24 18:21:11.126,1.15085,1.1515,1.00,4.60
2009.06.24 18:21:11.356,1.1511,1.1515,1.00,2.20
2009.06.24 18:21:11.536,1.15105,1.15155,1.80,9.20
2009.06.24 18:21:14.065,1.15105,1.1516,1.00,6.20
2009.06.24 18:21:16.815,1.1512,1.1515,1.20,6.20
2009.06.24 18:21:17.665,1.1509,1.1514,1.00,3.00
2009.06.24 18:21:18.004,1.1509,1.1514,2.20,5.60
2009.06.24 18:21:19.734,1.15105,1.1514,1.80,5.60
2009.06.24 18:21:20.144,1.1511,1.1513,1.60,2.40
2009.06.24 18:21:20.654,1.1509,1.1513,1.00,2.40
2009.06.24 18:21:21.174,1.1512,1.1514,1.20,2.40
2009.06.24 18:21:21.534,1.1509,1.1514,1.20,2.40
2009.06.24 18:21:22.113,1.1509,1.1513,1.20,1.00
2009.06.24 18:21:22.673,1.151,1.1513,1.20,1.00
2009.06.24 18:21:23.293,1.15105,1.15125,1.80,1.00
2009.06.24 18:21:24.863,1.151,1.15125,1.20,1.00
2009.06.24 18:21:25.213,1.15095,1.15125,1.00,1.00
2009.06.24 18:21:26.712,1.15095,1.1512,1.00,2.40
2009.06.24 18:21:27.062,1.15095,1.1512,1.00,3.20
2009.06.24 18:21:27.392,1.15095,1.1511,1.00,1.60
2009.06.24 18:21:27.852,1.1509,1.1511,1.00,2.40
2009.06.24 18:21:28.142,1.15085,1.151,3.40,2.40
2009.06.24 18:21:28.442,1.15075,1.1509,1.00,4.00
2009.06.24 18:21:28.732,1.1507,1.1509,1.00,5.60
2009.06.24 18:21:29.032,1.1507,1.1508,1.00,1.60
2009.06.24 18:21:29.501,1.1505,1.1507,1.00,2.40
2009.06.24 18:21:29.852,1.1504,1.15055,3.60,1.00
2009.06.24 18:21:30.192,1.1501,1.15035,1.00,1.00
2009.06.24 18:21:30.712,1.1501,1.15045,1.00,5.60
2009.06.24 18:21:31.051,1.1502,1.15065,1.00,2.40
2009.06.24 18:21:31.331,1.1503,1.15065,1.00,2.40
2009.06.24 18:21:31.911,1.1503,1.15065,1.20,3.20
2009.06.24 18:21:32.201,1.1503,1.1506,1.00,3.20
2009.06.24 18:21:32.901,1.1502,1.15045,1.00,3.20
2009.06.24 18:21:33.201,1.1501,1.15045,1.00,3.20
2009.06.24 18:21:33.551,1.15035,1.1504,1.20,1.60
2009.06.24 18:21:33.951,1.15005,1.1506,3.60,6.40
2009.06.24 18:21:34.451,1.15005,1.15045,1.00,3.20
2009.06.24 18:21:34.790,1.15005,1.15045,1.00,3.20
2009.06.24 18:21:35.140,1.1501,1.1505,1.40,5.60
2009.06.24 18:21:35.540,1.1501,1.15045,2.00,5.60
2009.06.24 18:21:35.760,1.1501,1.15045,1.40,5.60
2009.06.24 18:21:35.990,1.1502,1.1504,1.40,1.60
2009.06.24 18:21:36.291,1.1502,1.1506,1.00,5.60
2009.06.24 18:21:36.590,1.15015,1.15055,1.00,3.20
2009.06.24 18:21:37.050,1.1501,1.15055,1.80,3.20
2009.06.24 18:21:37.330,1.1502,1.15055,1.20,6.20
2009.06.24 18:21:37.660,1.1502,1.15055,1.20,7.40
2009.06.24 18:21:38.189,1.1502,1.15055,1.20,7.80
2009.06.24 18:21:38.750,1.1502,1.15055,1.20,7.40
2009.06.24 18:21:39.139,1.15015,1.15045,2.80,1.00
2009.06.24 18:21:39.659,1.15015,1.1503,1.00,3.20
2009.06.24 18:21:39.999,1.15005,1.1503,1.60,6.40
2009.06.24 18:21:40.350,1.14995,1.15035,3.20,2.40
2009.06.24 18:21:40.689,1.14995,1.1503,2.80,3.60
2009.06.24 18:21:41.229,1.14995,1.1503,2.80,4.00
2009.06.24 18:21:41.519,1.14995,1.1503,2.80,4.20
2009.06.24 18:21:42.378,1.14995,1.15015,2.80,10.20
2009.06.24 18:21:42.608,1.1499,1.15015,1.60,10.20
2009.06.24 18:21:42.898,1.14985,1.14995,1.00,3.20
2009.06.24 18:21:43.129,1.1496,1.15005,3.60,4.00
2009.06.24 18:21:43.358,1.14955,1.14995,3.60,3.20
2009.06.24 18:21:43.598,1.14955,1.1499,3.60,3.20
2009.06.24 18:21:43.888,1.14955,1.14985,3.60,3.20
2009.06.24 18:21:44.118,1.14945,1.14985,1.00,4.00
2009.06.24 18:21:44.458,1.1495,1.14975,1.00,3.20
2009.06.24 18:21:44.798,1.1495,1.14975,1.00,3.20
2009.06.24 18:21:45.268,1.14925,1.14975,2.00,3.20
2009.06.24 18:21:45.609,1.14925,1.14955,1.20,1.60
2009.06.24 18:21:46.008,1.1492,1.1493,1.00,1.00
2009.06.24 18:21:46.348,1.14935,1.14955,3.60,7.80
2009.06.24 18:21:46.867,1.14915,1.14945,3.60,1.60
2009.06.24 18:21:47.517,1.14915,1.14935,3.60,6.20
2009.06.24 18:21:47.867,1.149,1.14945,1.60,7.80
2009.06.24 18:21:48.147,1.149,1.1495,4.40,6.20
2009.06.24 18:21:48.368,1.1492,1.14955,3.60,7.20
2009.06.24 18:21:48.717,1.1492,1.14935,1.00,6.20
2009.06.24 18:21:49.007,1.1488,1.14935,1.20,6.20
2009.06.24 18:21:49.287,1.1488,1.14945,1.20,6.20
2009.06.24 18:21:49.697,1.149,1.14945,1.00,6.20
2009.06.24 18:21:49.977,1.1489,1.1494,3.60,2.40
2009.06.24 18:21:50.267,1.1491,1.1494,1.00,6.20
2009.06.24 18:21:50.647,1.1492,1.14945,1.80,11.60
2009.06.24 18:21:50.977,1.14905,1.14955,1.00,10.40
2009.06.24 18:21:51.326,1.14925,1.1495,3.60,1.00
2009.06.24 18:21:51.667,1.14935,1.14975,1.80,6.20
2009.06.24 18:21:51.946,1.14935,1.14965,3.60,1.00
2009.06.24 18:21:53.129,1.1494,1.1496,1.00,1.00
2009.06.24 18:21:53.426,1.1494,1.1498,1.20,6.80
2009.06.24 18:21:53.776,1.1495,1.14975,1.00,1.00
2009.06.24 18:21:54.276,1.1495,1.1498,1.20,3.80
2009.06.24 18:21:54.896,1.1495,1.14975,1.00,3.20
2009.06.24 18:21:55.186,1.1495,1.1498,1.00,3.20
2009.06.24 18:21:56.216,1.1496,1.1497,1.00,1.20
2009.06.24 18:21:56.506,1.1496,1.1497,1.20,1.00
2009.06.24 18:21:57.026,1.1496,1.1497,1.20,1.20
2009.06.24 18:21:57.366,1.1495,1.1497,1.20,1.20
2009.06.24 18:21:57.876,1.1496,1.1497,1.00,1.00
2009.06.24 18:21:58.156,1.1496,1.1497,1.20,1.00
2009.06.24 18:21:58.886,1.1496,1.1497,1.00,1.00
2009.06.24 18:21:59.345,1.1495,1.14975,1.00,3.20
2009.06.24 18:21:59.586,1.14965,1.14975,1.60,3.20
2009.06.24 18:21:59.965,1.14955,1.1497,3.20,3.20
2009.06.24 18:22:00.315,1.1496,1.14975,1.20,3.20
2009.06.24 18:22:01.116,1.14965,1.1501,1.20,1.00
2009.06.24 18:22:01.685,1.14965,1.1501,1.20,1.00
2009.06.24 18:22:02.045,1.14965,1.1501,1.20,1.20
2009.06.24 18:22:02.155,1.14965,1.14985,1.20,1.00
2009.06.24 18:22:02.385,1.1496,1.14985,1.60,1.00
2009.06.24 18:22:02.905,1.1496,1.14965,1.60,1.00
2009.06.24 18:22:03.245,1.14935,1.14955,3.60,1.60
2009.06.24 18:22:03.684,1.14935,1.14945,1.60,1.00
2009.06.24 18:22:04.034,1.14905,1.1494,2.80,1.00
2009.06.24 18:22:04.274,1.1491,1.1494,1.60,1.00
2009.06.24 18:22:04.535,1.14935,1.1495,1.20,1.00
2009.06.24 18:22:04.814,1.1494,1.1495,1.60,1.00
2009.06.24 18:22:05.195,1.1492,1.1495,1.80,1.00
2009.06.24 18:22:05.544,1.1493,1.1494,1.60,1.00
2009.06.24 18:22:06.297,1.14935,1.1495,1.00,1.20
2009.06.24 18:22:06.655,1.14935,1.1496,1.40,1.00
2009.06.24 18:22:07.044,1.14935,1.1496,1.40,1.00
2009.06.24 18:22:07.513,1.1493,1.14985,4.60,6.20
2009.06.24 18:22:08.023,1.1493,1.14975,1.60,1.00
2009.06.24 18:22:08.373,1.1493,1.14975,1.60,1.00
2009.06.24 18:22:08.853,1.1494,1.1497,1.20,1.20
2009.06.24 18:22:09.813,1.14935,1.1497,1.40,1.20
2009.06.24 18:22:10.103,1.14945,1.14955,4.40,1.00
2009.06.24 18:22:10.383,1.1495,1.14955,1.60,1.20
2009.06.24 18:22:10.723,1.1494,1.14965,1.60,1.20
2009.06.24 18:22:11.073,1.1492,1.14965,1.20,1.20
2009.06.24 18:22:11.472,1.14915,1.1495,2.20,3.20
2009.06.24 18:22:11.912,1.14915,1.1495,1.00,3.20
2009.06.24 18:22:12.315,1.14915,1.1495,1.00,3.20
2009.06.24 18:22:12.662,1.1491,1.1495,1.00,3.20
2009.06.24 18:22:13.522,1.149,1.1493,1.60,6.20
2009.06.24 18:22:13.802,1.149,1.14915,1.60,7.00
2009.06.24 18:22:14.072,1.1486,1.14915,1.20,7.00
2009.06.24 18:22:14.372,1.1486,1.1491,1.00,6.20
2009.06.24 18:22:16.941,1.1487,1.149,1.20,6.20
2009.06.24 18:22:18.301,1.1487,1.149,1.00,6.20
2009.06.24 18:22:18.581,1.1487,1.149,1.00,6.20
2009.06.24 18:22:18.861,1.1487,1.149,1.00,6.20
2009.06.24 18:22:19.210,1.1487,1.149,1.00,1.00
2009.06.24 18:22:19.550,1.1487,1.1491,1.00,6.20
2009.06.24 18:22:20.740,1.1487,1.1491,1.00,6.20
2009.06.24 18:22:21.090,1.1487,1.1491,2.40,6.20
2009.06.24 18:22:21.830,1.1487,1.14905,1.80,6.20
2009.06.24 18:22:22.050,1.1486,1.1491,4.40,6.20
2009.06.24 18:22:22.580,1.1487,1.149,1.00,1.00
2009.06.24 18:22:23.100,1.1487,1.14905,1.00,7.00
2009.06.24 18:22:23.640,1.1487,1.149,1.00,3.20
2009.06.24 18:22:24.359,1.1487,1.14895,1.00,3.20
2009.06.24 18:22:24.809,1.1487,1.14895,1.00,3.20
2009.06.24 18:22:25.669,1.14845,1.14895,2.20,3.20
2009.06.24 18:22:26.199,1.14855,1.14895,1.60,3.20
2009.06.24 18:22:26.479,1.14845,1.14895,3.00,3.20
2009.06.24 18:22:26.999,1.14865,1.14895,1.20,3.20
2009.06.24 18:22:27.239,1.14865,1.14905,1.60,10.20
2009.06.24 18:22:27.919,1.14865,1.14905,1.60,10.20
2009.06.24 18:22:28.138,1.1487,1.14905,1.80,10.20
2009.06.24 18:22:29.278,1.1487,1.14905,2.80,4.00
2009.06.24 18:22:29.558,1.1488,1.14905,1.00,3.20
2009.06.24 18:22:29.858,1.1488,1.14905,1.00,3.20
2009.06.24 18:22:30.538,1.1487,1.14905,2.00,8.00
2009.06.24 18:22:31.048,1.1487,1.14905,5.00,8.00
2009.06.24 18:22:31.328,1.1487,1.14905,6.40,8.00
2009.06.24 18:22:31.737,1.1487,1.14905,4.80,8.00
2009.06.24 18:22:32.018,1.1487,1.14895,1.20,1.00
2009.06.24 18:22:32.358,1.1487,1.1491,2.00,8.00
2009.06.24 18:22:32.688,1.1488,1.1491,1.00,8.00
2009.06.24 18:22:33.087,1.1487,1.1491,2.00,8.00
2009.06.24 18:22:33.987,1.1487,1.14905,1.80,8.00
2009.06.24 18:22:34.267,1.1487,1.14905,1.80,9.60
2009.06.24 18:22:34.657,1.1487,1.149,1.00,6.40
2009.06.24 18:22:34.947,1.1487,1.149,2.40,4.80
2009.06.24 18:22:35.627,1.1487,1.149,3.20,4.80
2009.06.24 18:22:35.986,1.1487,1.1489,2.60,4.80
2009.06.24 18:22:36.337,1.1487,1.1489,2.80,2.00
2009.06.24 18:22:36.557,1.1487,1.14895,3.60,1.60
2009.06.24 18:22:36.906,1.1487,1.149,3.60,6.40
2009.06.24 18:22:37.197,1.1487,1.149,3.20,4.80
2009.06.24 18:22:37.848,1.14875,1.14905,1.80,8.00
2009.06.24 18:22:38.186,1.1488,1.14905,1.20,8.00
2009.06.24 18:22:38.586,1.1488,1.14905,2.00,5.60
2009.06.24 18:22:39.096,1.1488,1.14905,1.20,4.40
2009.06.24 18:22:39.436,1.1487,1.1489,1.60,8.60
2009.06.24 18:22:39.996,1.1485,1.14875,3.60,1.60
2009.06.24 18:22:40.526,1.14845,1.14875,1.40,1.60
2009.06.24 18:22:40.855,1.14845,1.1489,4.00,4.80
2009.06.24 18:22:41.425,1.1485,1.1489,3.20,5.60
2009.06.24 18:22:41.696,1.1486,1.1489,1.20,3.20
2009.06.24 18:22:42.095,1.1487,1.14895,1.00,8.00
2009.06.24 18:22:42.425,1.1486,1.14895,2.40,9.60
2009.06.24 18:22:43.025,1.1486,1.14895,1.00,17.00
2009.06.24 18:22:43.545,1.1486,1.14895,1.00,10.60
2009.06.24 18:22:43.825,1.1486,1.14895,1.00,10.80
2009.06.24 18:22:44.185,1.1485,1.14885,1.40,2.80
2009.06.24 18:22:44.684,1.1485,1.14875,1.40,5.40
2009.06.24 18:22:45.025,1.1484,1.1488,3.20,7.00
2009.06.24 18:22:45.364,1.1484,1.14875,1.60,6.00
2009.06.24 18:22:45.704,1.1483,1.1486,3.00,1.20
2009.06.24 18:22:46.324,1.1483,1.1486,2.60,1.20
2009.06.24 18:22:48.623,1.1483,1.1484,2.60,1.20
2009.06.24 18:22:49.094,1.1483,1.14835,1.60,10.80
2009.06.24 18:22:49.444,1.1477,1.1483,3.00,3.20
2009.06.24 18:22:49.674,1.1477,1.14815,1.80,1.00
2009.06.24 18:22:49.953,1.1477,1.14815,1.00,1.00
2009.06.24 18:22:50.183,1.14775,1.14815,1.60,1.00
2009.06.24 18:22:50.533,1.1479,1.14815,1.60,1.20
2009.06.24 18:22:51.084,1.1479,1.14795,1.60,1.00
2009.06.24 18:22:51.433,1.14765,1.148,1.60,6.00
2009.06.24 18:22:51.723,1.14755,1.14795,1.60,3.20
2009.06.24 18:22:52.183,1.14755,1.1478,1.60,1.20
2009.06.24 18:22:52.483,1.1475,1.1478,1.80,1.20
2009.06.24 18:22:52.893,1.14755,1.1478,1.20,1.00
2009.06.24 18:22:53.352,1.14755,1.14805,2.80,10.80
2009.06.24 18:22:53.597,1.14755,1.14795,2.80,1.00
2009.06.24 18:22:53.882,1.1476,1.14795,1.60,1.20
2009.06.24 18:22:54.122,1.1477,1.14795,1.00,1.20
2009.06.24 18:22:54.402,1.1477,1.1479,1.00,1.20
2009.06.24 18:22:54.932,1.1477,1.1479,1.00,1.20
2009.06.24 18:22:55.282,1.1477,1.148,1.00,3.20
2009.06.24 18:22:57.481,1.1478,1.1479,1.20,1.20
2009.06.24 18:22:57.881,1.14785,1.1479,1.00,1.00
2009.06.24 18:22:58.241,1.14765,1.1479,1.00,1.00
2009.06.24 18:22:58.921,1.14765,1.148,1.00,3.20
2009.06.24 18:23:00.371,1.1477,1.148,1.00,9.40
2009.06.24 18:23:02.170,1.1477,1.14785,1.00,4.80
2009.06.24 18:23:02.620,1.1475,1.14785,9.20,6.40
2009.06.24 18:23:03.240,1.1475,1.14765,9.20,3.20
2009.06.24 18:23:03.300,1.14755,1.14765,1.00,3.20
2009.06.24 18:23:03.910,1.1476,1.14765,1.00,3.20
2009.06.24 18:23:04.240,1.1476,1.14765,1.40,3.20
2009.06.24 18:23:04.990,1.1475,1.1476,6.20,3.20
2009.06.24 18:23:05.320,1.1476,1.1477,1.00,5.60
2009.06.24 18:23:05.789,1.14755,1.1476,3.20,3.20
2009.06.24 18:23:06.089,1.1475,1.1476,1.00,1.60
2009.06.24 18:23:06.379,1.1475,1.1476,1.00,6.40
2009.06.24 18:23:07.179,1.1475,1.1476,1.00,9.00
2009.06.24 18:23:08.089,1.14715,1.14745,4.40,4.80
2009.06.24 18:23:12.018,1.14725,1.1473,1.00,3.20
2009.06.24 18:23:12.458,1.1471,1.1472,2.10,1.60
2009.06.24 18:23:12.858,1.1471,1.1472,1.20,1.60
2009.06.24 18:23:13.667,1.1471,1.14715,1.20,7.20
2009.06.24 18:23:14.148,1.1471,1.14715,1.00,4.80
2009.06.24 18:23:14.707,1.1471,1.14715,1.00,9.60
2009.06.24 18:23:15.097,1.1467,1.147,1.20,1.60
2009.06.24 18:23:15.497,1.1467,1.147,1.20,4.80
2009.06.24 18:23:16.008,1.14655,1.147,1.00,1.60
2009.06.24 18:23:16.367,1.14665,1.14695,1.40,3.20
2009.06.24 18:23:16.717,1.14665,1.14715,1.40,18.40
2009.06.24 18:23:17.067,1.14675,1.14715,1.20,8.00
2009.06.24 18:23:17.747,1.14675,1.1471,1.40,3.20
2009.06.24 18:23:18.266,1.1469,1.1471,2.80,3.20
2009.06.24 18:23:18.626,1.14705,1.14735,1.00,12.80
2009.06.24 18:23:19.086,1.14705,1.14735,1.20,12.80
2009.06.24 18:23:19.376,1.14705,1.14735,1.00,12.80
2009.06.24 18:23:19.656,1.1472,1.1473,1.00,12.80
2009.06.24 18:23:19.946,1.14685,1.1473,2.80,12.80
2009.06.24 18:23:20.516,1.14685,1.1473,2.80,15.20
2009.06.24 18:23:20.876,1.1469,1.1473,1.00,13.60
2009.06.24 18:23:21.216,1.1471,1.1473,1.00,12.80
2009.06.24 18:23:21.566,1.1471,1.1473,1.00,12.80
2009.06.24 18:23:21.795,1.147,1.1473,1.00,12.80
2009.06.24 18:23:23.205,1.1471,1.1473,1.00,12.80
2009.06.24 18:23:23.497,1.147,1.1473,1.00,12.80
2009.06.24 18:23:24.185,1.1471,1.1473,1.00,12.80
2009.06.24 18:23:24.875,1.1471,1.1473,1.20,12.80
2009.06.24 18:23:25.385,1.1471,1.1473,1.00,12.80
2009.06.24 18:23:25.725,1.1471,1.1473,1.00,12.80
2009.06.24 18:23:26.295,1.1472,1.1473,1.20,12.80
2009.06.24 18:23:26.584,1.1472,1.1473,1.20,3.20
2009.06.24 18:23:26.914,1.14735,1.14755,1.00,3.20
2009.06.24 18:23:28.074,1.1475,1.14755,1.00,6.40
2009.06.24 18:23:28.354,1.1475,1.14755,1.00,4.80
2009.06.24 18:23:29.004,1.14765,1.148,1.20,6.40
2009.06.24 18:23:29.284,1.14765,1.148,1.20,3.20
2009.06.24 18:23:29.564,1.14765,1.14785,1.20,2.60
2009.06.24 18:23:29.844,1.1477,1.14785,1.20,2.60
2009.06.24 18:23:30.134,1.1476,1.14775,1.40,2.60
2009.06.24 18:23:30.493,1.1476,1.1478,1.20,2.60
2009.06.24 18:23:31.303,1.1476,1.14785,1.80,2.60
2009.06.24 18:23:31.983,1.1476,1.1479,1.80,8.00
2009.06.24 18:23:32.543,1.1475,1.1478,1.60,4.80
2009.06.24 18:23:32.883,1.1475,1.14785,1.00,9.60
2009.06.24 18:23:33.453,1.1475,1.14785,1.20,8.00
2009.06.24 18:23:33.783,1.1475,1.1478,1.20,3.20
2009.06.24 18:23:34.143,1.1475,1.1478,1.00,3.20
2009.06.24 18:23:34.553,1.1475,1.1478,1.00,3.20
2009.06.24 18:23:35.572,1.1476,1.1478,1.20,4.80
2009.06.24 18:23:35.870,1.1476,1.1479,1.20,9.60
2009.06.24 18:23:36.152,1.1476,1.1479,1.20,8.00
2009.06.24 18:23:36.772,1.1477,1.1479,1.20,3.20
2009.06.24 18:23:37.452,1.1476,1.1479,1.80,3.20
2009.06.24 18:23:38.012,1.1477,1.1479,1.20,3.20
2009.06.24 18:23:38.362,1.1479,1.14815,1.00,6.20
2009.06.24 18:23:38.711,1.1478,1.1482,2.80,4.20
2009.06.24 18:23:39.241,1.148,1.1483,1.20,2.60
2009.06.24 18:23:39.991,1.1481,1.14825,1.60,2.60
2009.06.24 18:23:40.341,1.1481,1.1483,1.60,2.60
2009.06.24 18:23:40.691,1.1481,1.1483,1.20,2.60
2009.06.24 18:23:41.321,1.1481,1.1484,1.20,9.40
2009.06.24 18:23:41.781,1.1481,1.1484,1.60,9.40
2009.06.24 18:23:42.061,1.14825,1.14845,1.00,6.40
2009.06.24 18:23:42.410,1.14835,1.1485,1.20,2.60
2009.06.24 18:23:42.691,1.14835,1.1485,2.20,2.60
2009.06.24 18:23:42.990,1.14835,1.1485,3.20,2.60
2009.06.24 18:23:43.320,1.1484,1.1486,2.00,2.60
2009.06.24 18:23:43.890,1.1483,1.1486,3.80,2.60
2009.06.24 18:23:44.231,1.1484,1.1485,1.20,1.00
2009.06.24 18:23:44.630,1.1484,1.14875,2.00,3.00
2009.06.24 18:23:44.970,1.1484,1.14875,1.60,2.60
2009.06.24 18:23:45.320,1.1484,1.14875,3.20,2.60
2009.06.24 18:23:45.760,1.1485,1.1488,1.00,3.20
2009.06.24 18:23:45.930,1.1485,1.1488,2.20,3.20
2009.06.24 18:23:47.080,1.1485,1.1488,2.40,3.20
2009.06.24 18:23:47.589,1.1485,1.1488,1.40,3.20
2009.06.24 18:23:47.889,1.1485,1.1488,1.60,3.20
2009.06.24 18:23:48.669,1.1485,1.1488,1.40,3.20
2009.06.24 18:23:49.289,1.1485,1.1488,1.00,3.20
2009.06.24 18:23:49.869,1.1484,1.1488,2.20,3.20
2009.06.24 18:23:50.229,1.1485,1.1488,1.60,3.20
2009.06.24 18:23:51.099,1.1485,1.1488,1.20,3.20
2009.06.24 18:23:53.838,1.1485,1.14885,1.20,13.40
2009.06.24 18:23:55.188,1.1486,1.1488,1.20,4.00
2009.06.24 18:23:55.487,1.1488,1.1489,12.80,3.20
2009.06.24 18:23:55.818,1.14845,1.1489,3.60,9.40
2009.06.24 18:23:56.507,1.1484,1.14885,1.60,3.20
2009.06.24 18:23:56.857,1.14865,1.14885,1.00,3.20
2009.06.24 18:23:56.917,1.14865,1.1489,1.00,3.20
2009.06.24 18:23:57.427,1.14865,1.1489,1.20,3.20
2009.06.24 18:23:57.697,1.14855,1.14885,1.20,3.40
2009.06.24 18:23:58.047,1.1485,1.1488,1.00,6.20
2009.06.24 18:23:58.387,1.1483,1.1487,3.60,3.20
2009.06.24 18:23:58.726,1.14845,1.14875,2.20,1.60
2009.06.24 18:23:59.126,1.14865,1.14885,1.00,7.00
2009.06.24 18:23:59.466,1.14865,1.1488,1.00,3.20
2009.06.24 18:23:59.757,1.14855,1.149,1.00,8.60
2009.06.24 18:24:00.106,1.14855,1.149,1.00,11.00
2009.06.24 18:24:00.626,1.1485,1.14895,1.40,2.60
2009.06.24 18:24:00.986,1.1485,1.14875,1.40,1.00
2009.06.24 18:24:01.368,1.1485,1.14875,1.20,8.00
2009.06.24 18:24:01.587,1.1485,1.14875,1.20,3.60
2009.06.24 18:24:01.926,1.1485,1.14875,1.20,2.20
2009.06.24 18:24:02.206,1.1485,1.1486,1.20,1.00
2009.06.24 18:24:03.406,1.1485,1.1487,1.20,1.00
2009.06.24 18:24:03.755,1.1485,1.1488,1.20,4.60
2009.06.24 18:24:04.285,1.14865,1.1488,1.00,1.00
2009.06.24 18:24:05.236,1.14865,1.149,1.00,4.80
2009.06.24 18:24:05.505,1.14845,1.149,2.60,5.00
2009.06.24 18:24:06.185,1.14845,1.1488,2.60,4.80
2009.06.24 18:24:06.525,1.1485,1.14875,1.20,3.80
2009.06.24 18:24:07.045,1.1484,1.14875,3.20,1.00
2009.06.24 18:24:07.704,1.1486,1.1489,1.00,3.80
2009.06.24 18:24:08.054,1.1486,1.149,1.20,10.20
2009.06.24 18:24:08.394,1.1486,1.149,1.00,3.20
2009.06.24 18:24:08.974,1.1487,1.14895,1.00,10.20
2009.06.24 18:24:09.614,1.1487,1.14895,1.00,10.20
2009.06.24 18:24:09.944,1.1487,1.14895,1.20,4.00
2009.06.24 18:24:10.244,1.1488,1.1489,1.00,3.20
2009.06.24 18:24:10.564,1.1488,1.14895,1.00,1.60
2009.06.24 18:24:11.153,1.1487,1.14905,1.40,10.20
2009.06.24 18:24:12.513,1.1488,1.14905,1.00,10.20
2009.06.24 18:24:12.614,1.1488,1.14905,1.00,10.20
2009.06.24 18:24:13.963,1.1488,1.14905,1.00,10.20
2009.06.24 18:24:14.423,1.1488,1.14905,1.00,10.20
2009.06.24 18:24:14.893,1.1488,1.14905,1.00,10.60
2009.06.24 18:24:15.183,1.1487,1.14905,1.40,10.80
2009.06.24 18:24:15.592,1.1487,1.14905,1.20,10.80
2009.06.24 18:24:15.882,1.1487,1.14895,1.20,1.00
2009.06.24 18:24:16.232,1.1487,1.149,1.00,3.80
2009.06.24 18:24:16.512,1.1486,1.14885,1.00,1.00
2009.06.24 18:24:16.972,1.1485,1.14885,1.60,1.00
2009.06.24 18:24:18.582,1.1485,1.1488,1.60,1.00
2009.06.24 18:24:19.842,1.1485,1.14885,1.60,3.80
2009.06.24 18:24:21.751,1.1485,1.14875,1.20,1.00
2009.06.24 18:24:21.991,1.1484,1.1489,3.20,21.20
2009.06.24 18:24:22.851,1.1484,1.1489,3.20,18.60
2009.06.24 18:24:23.131,1.1485,1.14875,1.20,1.00
2009.06.24 18:24:23.851,1.1485,1.14875,1.20,1.00
2009.06.24 18:24:24.211,1.1485,1.1488,1.20,4.00
2009.06.24 18:24:24.550,1.1485,1.149,2.40,15.20
2009.06.24 18:24:24.890,1.1485,1.149,2.80,7.00
2009.06.24 18:24:25.960,1.1485,1.14895,2.20,7.20
2009.06.24 18:24:26.520,1.1485,1.14895,2.20,7.40
2009.06.24 18:24:26.880,1.1485,1.14895,2.20,7.60
2009.06.24 18:24:27.740,1.1485,1.14895,2.20,7.20
2009.06.24 18:24:28.390,1.1485,1.14895,2.60,7.20
2009.06.24 18:24:28.749,1.14865,1.1489,1.20,3.20
2009.06.24 18:24:29.319,1.14865,1.14895,1.40,3.20
2009.06.24 18:24:29.659,1.14865,1.1489,1.40,3.20
2009.06.24 18:24:30.009,1.1488,1.1489,1.00,3.20
2009.06.24 18:24:30.769,1.1487,1.1491,3.20,4.00
2009.06.24 18:24:33.928,1.1487,1.14895,1.60,5.00
2009.06.24 18:24:34.438,1.1487,1.14895,2.60,3.80
2009.06.24 18:24:34.728,1.1487,1.14895,2.60,3.20
2009.06.24 18:24:35.828,1.1488,1.14905,1.00,10.20
2009.06.24 18:24:36.168,1.1489,1.14905,1.40,4.00
2009.06.24 18:24:36.577,1.1488,1.14905,1.00,8.40
2009.06.24 18:24:36.867,1.1488,1.14905,1.00,2.00
2009.06.24 18:24:37.137,1.1488,1.14925,1.00,3.20
2009.06.24 18:24:37.487,1.1489,1.14935,2.80,6.20
2009.06.24 18:24:37.837,1.14905,1.1494,1.00,3.20
2009.06.24 18:24:38.637,1.14905,1.1494,1.00,3.20
2009.06.24 18:24:39.508,1.1492,1.1494,1.00,3.20
2009.06.24 18:24:39.737,1.1492,1.14945,1.00,3.20
2009.06.24 18:24:40.096,1.14925,1.14965,1.00,3.40
2009.06.24 18:24:40.387,1.14925,1.1497,1.00,9.40
2009.06.24 18:24:40.726,1.1493,1.1498,2.80,10.40
2009.06.24 18:24:41.286,1.1494,1.14965,1.00,3.20
2009.06.24 18:24:41.576,1.1493,1.1496,1.80,1.20
2009.06.24 18:24:41.896,1.1493,1.1497,1.80,3.20
2009.06.24 18:24:42.436,1.1493,1.1497,1.60,3.20
2009.06.24 18:24:43.006,1.1494,1.1497,1.20,4.80
2009.06.24 18:24:43.416,1.1494,1.1497,4.40,1.20
2009.06.24 18:24:43.767,1.14945,1.1497,1.00,1.20
2009.06.24 18:24:44.636,1.1495,1.1497,1.00,1.00
2009.06.24 18:24:44.925,1.1495,1.1498,1.00,3.20
2009.06.24 18:24:45.275,1.1495,1.1498,1.00,3.20
2009.06.24 18:24:45.935,1.1495,1.1497,1.00,10.20
2009.06.24 18:24:46.265,1.14925,1.1496,1.00,8.40
2009.06.24 18:24:46.565,1.14925,1.1495,1.00,1.00
2009.06.24 18:24:46.845,1.14915,1.1494,3.20,3.20
2009.06.24 18:24:47.595,1.1491,1.14945,1.00,9.40
2009.06.24 18:24:47.885,1.14905,1.14935,1.00,2.00
2009.06.24 18:24:48.175,1.149,1.14915,1.20,1.00
2009.06.24 18:24:48.515,1.14895,1.14915,6.40,1.00
2009.06.24 18:24:49.035,1.14895,1.14925,6.40,1.20
2009.06.24 18:24:49.384,1.14905,1.1493,1.00,1.00
2009.06.24 18:24:49.764,1.14895,1.1493,1.60,1.00
2009.06.24 18:24:50.234,1.14895,1.1493,1.00,1.00
2009.06.24 18:24:50.984,1.149,1.1492,1.00,1.20
2009.06.24 18:24:51.394,1.149,1.1492,1.20,1.60
2009.06.24 18:24:51.614,1.14895,1.1492,6.60,1.60
2009.06.24 18:24:52.014,1.149,1.1492,1.20,1.00
2009.06.24 18:24:52.304,1.14895,1.1492,6.40,1.00
2009.06.24 18:24:52.584,1.14895,1.1493,6.40,3.60
2009.06.24 18:24:52.943,1.149,1.1493,1.20,3.60
2009.06.24 18:24:53.393,1.149,1.1493,1.20,1.00
2009.06.24 18:24:53.794,1.149,1.1493,1.20,1.00
2009.06.24 18:24:54.363,1.149,1.1493,1.40,1.00
2009.06.24 18:24:54.603,1.1491,1.1494,1.00,3.20
2009.06.24 18:24:54.943,1.1491,1.14945,1.00,7.20
2009.06.24 18:24:55.473,1.1491,1.14945,1.00,4.80
2009.06.24 18:24:55.823,1.1492,1.1495,1.00,3.20
2009.06.24 18:24:58.382,1.1492,1.1495,1.00,3.20
2009.06.24 18:24:58.662,1.1491,1.1495,1.60,3.20
2009.06.24 18:25:05.221,1.1492,1.1495,1.00,3.20
2009.06.24 18:25:05.511,1.1492,1.1495,1.00,3.20
2009.06.24 18:25:05.800,1.1492,1.1495,1.00,3.20
2009.06.24 18:25:06.020,1.1492,1.1496,1.20,3.20
2009.06.24 18:25:06.300,1.1492,1.1496,1.00,3.20
2009.06.24 18:25:06.880,1.1492,1.1495,1.00,1.00
2009.06.24 18:25:07.570,1.1492,1.1495,1.40,1.00
2009.06.24 18:25:08.260,1.1492,1.14955,1.00,3.40
2009.06.24 18:25:08.600,1.1491,1.14945,5.20,4.00
2009.06.24 18:25:08.890,1.1491,1.14945,5.00,7.20
2009.06.24 18:25:09.119,1.1491,1.14945,1.80,7.40
2009.06.24 18:25:09.939,1.1491,1.14945,1.20,9.60
2009.06.24 18:25:10.700,1.1492,1.14945,1.00,9.80
2009.06.24 18:25:10.969,1.14905,1.14935,1.00,4.60
2009.06.24 18:25:11.209,1.149,1.14935,1.00,6.80
2009.06.24 18:25:11.429,1.14905,1.14935,3.20,6.80
2009.06.24 18:25:11.719,1.14895,1.14935,1.00,7.20
2009.06.24 18:25:11.989,1.149,1.1493,1.00,8.00
2009.06.24 18:25:12.269,1.149,1.14915,1.40,1.00
2009.06.24 18:25:12.559,1.149,1.14935,1.00,11.60
2009.06.24 18:25:13.009,1.14895,1.14925,11.20,5.80
2009.06.24 18:25:13.289,1.14895,1.14925,11.20,7.80
2009.06.24 18:25:13.569,1.14895,1.1491,11.20,2.40
2009.06.24 18:25:13.849,1.14895,1.149,1.20,1.20
2009.06.24 18:25:14.189,1.1486,1.14905,1.80,9.20
2009.06.24 18:25:14.538,1.1486,1.14905,2.20,8.20
2009.06.24 18:25:14.878,1.1486,1.14905,1.80,9.00
2009.06.24 18:25:15.268,1.1487,1.14905,1.60,9.40
2009.06.24 18:25:15.628,1.1487,1.14905,1.60,10.00
2009.06.24 18:25:16.488,1.1487,1.14905,1.60,10.20
2009.06.24 18:25:16.892,1.1487,1.14905,1.40,10.20
2009.06.24 18:25:17.917,1.1487,1.14905,1.40,10.40
2009.06.24 18:25:18.487,1.1487,1.1489,1.40,3.20
2009.06.24 18:25:18.837,1.14875,1.14895,1.60,3.20
2009.06.24 18:25:19.187,1.1487,1.14895,1.40,3.20
2009.06.24 18:25:19.477,1.1487,1.14915,1.60,7.80
2009.06.24 18:25:19.987,1.1487,1.14905,1.60,7.00
2009.06.24 18:25:20.277,1.1487,1.14905,1.40,13.60
2009.06.24 18:25:21.197,1.1487,1.14905,1.40,12.40
2009.06.24 18:25:21.596,1.1487,1.14905,1.40,12.60
2009.06.24 18:25:22.387,1.1487,1.14905,1.20,14.20
2009.06.24 18:25:22.726,1.1487,1.14905,1.20,13.20
2009.06.24 18:25:23.026,1.1487,1.14905,1.40,12.80
2009.06.24 18:25:23.706,1.1487,1.14905,1.40,13.80
2009.06.24 18:25:24.346,1.1487,1.14905,1.60,12.80
2009.06.24 18:25:24.616,1.1487,1.14905,1.60,12.60
2009.06.24 18:25:25.006,1.1487,1.14905,1.60,14.00
2009.06.24 18:25:25.526,1.1487,1.14905,1.60,13.00
2009.06.24 18:25:25.876,1.1487,1.14905,1.60,12.60
2009.06.24 18:25:26.655,1.1487,1.14905,1.60,14.20
2009.06.24 18:25:26.945,1.1487,1.14895,1.60,1.00
2009.06.24 18:25:27.225,1.1487,1.14895,1.40,1.20
2009.06.24 18:25:27.565,1.1487,1.149,1.00,3.80
2009.06.24 18:25:27.895,1.1486,1.14885,1.20,1.00
2009.06.24 18:25:28.455,1.1485,1.1489,1.00,11.80
2009.06.24 18:25:28.806,1.1484,1.1487,1.20,2.60
2009.06.24 18:25:29.095,1.1483,1.1487,3.80,3.20
2009.06.24 18:25:29.335,1.1483,1.1487,1.00,3.20
2009.06.24 18:25:29.745,1.1483,1.14865,1.20,3.20
2009.06.24 18:25:29.974,1.1482,1.14855,1.00,3.80
2009.06.24 18:25:30.255,1.1482,1.14855,1.00,11.60
2009.06.24 18:25:30.535,1.1482,1.1485,1.00,3.20
2009.06.24 18:25:30.934,1.1482,1.1485,1.00,3.20
2009.06.24 18:25:31.274,1.14835,1.14855,3.40,3.20
2009.06.24 18:25:31.554,1.14805,1.1485,1.20,6.20
2009.06.24 18:25:31.844,1.148,1.14855,2.40,10.20
2009.06.24 18:25:32.134,1.148,1.1485,1.80,3.20
2009.06.24 18:25:33.004,1.1481,1.1485,1.40,3.20
2009.06.24 18:25:33.574,1.1481,1.1485,1.80,3.20
2009.06.24 18:25:34.364,1.1481,1.1485,1.80,3.20
2009.06.24 18:25:34.654,1.1481,1.1485,1.80,3.20
2009.06.24 18:25:35.014,1.1481,1.1484,1.40,3.20
2009.06.24 18:25:35.313,1.1481,1.1486,2.40,11.00
2009.06.24 18:25:36.363,1.1481,1.14845,1.00,5.60
2009.06.24 18:25:36.713,1.14805,1.14845,1.00,11.20
2009.06.24 18:25:37.453,1.148,1.14835,2.00,2.00
2009.06.24 18:25:37.783,1.148,1.14835,1.00,3.20
2009.06.24 18:25:38.063,1.1479,1.1484,2.40,18.80
2009.06.24 18:25:38.512,1.1479,1.14825,1.00,8.60
2009.06.24 18:25:38.923,1.1479,1.1482,1.00,3.20
2009.06.24 18:25:39.782,1.1479,1.1482,1.00,5.20
2009.06.24 18:25:40.122,1.148,1.1482,1.20,1.00
2009.06.24 18:25:40.412,1.14795,1.1483,4.80,8.40
2009.06.24 18:25:40.702,1.14795,1.1483,6.40,8.20
2009.06.24 18:25:41.222,1.148,1.14835,1.20,6.20
2009.06.24 18:25:41.622,1.148,1.1483,1.00,8.20
2009.06.24 18:25:42.432,1.148,1.1483,1.00,7.40
2009.06.24 18:25:42.671,1.148,1.1483,1.00,3.60
2009.06.24 18:25:43.022,1.148,1.1483,1.00,8.20
2009.06.24 18:25:43.531,1.1481,1.1484,1.20,3.80
2009.06.24 18:25:43.831,1.1481,1.14845,1.20,8.20
2009.06.24 18:25:44.131,1.1481,1.1484,1.20,4.00
2009.06.24 18:25:44.581,1.1481,1.1484,1.20,3.60
2009.06.24 18:25:45.051,1.14815,1.1484,1.00,3.60
2009.06.24 18:25:46.011,1.14825,1.1486,1.00,6.00
2009.06.24 18:25:46.461,1.1483,1.1486,1.00,3.20
2009.06.24 18:25:46.851,1.1483,1.1486,1.00,3.20
2009.06.24 18:25:46.971,1.14825,1.1486,1.00,3.20
2009.06.24 18:25:48.220,1.1483,1.14855,1.00,3.20
2009.06.24 18:25:49.070,1.14825,1.14855,1.00,3.20
2009.06.24 18:25:53.349,1.1482,1.14845,1.00,1.00
2009.06.24 18:25:53.689,1.1482,1.14845,1.00,3.60
2009.06.24 18:25:54.259,1.1482,1.14845,1.00,9.00
2009.06.24 18:25:54.499,1.14815,1.1484,1.00,9.00
2009.06.24 18:25:54.839,1.14815,1.1484,1.00,8.00
2009.06.24 18:25:55.239,1.14825,1.1484,2.20,1.20
2009.06.24 18:25:55.748,1.14835,1.14875,1.00,3.80
2009.06.24 18:25:56.148,1.14835,1.14875,1.20,4.00
2009.06.24 18:25:57.458,1.1484,1.14865,1.20,3.80
2009.06.24 18:26:00.097,1.1485,1.1489,1.00,3.20
2009.06.24 18:26:00.857,1.1486,1.14895,1.00,9.40
2009.06.24 18:26:01.197,1.1487,1.1489,1.00,3.20
2009.06.24 18:26:01.487,1.1487,1.1489,1.20,3.20
2009.06.24 18:26:02.057,1.1487,1.1489,1.00,3.20
2009.06.24 18:26:02.397,1.1488,1.1489,1.00,3.20
2009.06.24 18:26:02.857,1.14855,1.14895,1.80,3.80
2009.06.24 18:26:03.146,1.14865,1.14895,1.00,3.20
2009.06.24 18:26:03.377,1.1486,1.14895,1.60,3.20
2009.06.24 18:26:03.677,1.14885,1.14905,1.00,6.80
2009.06.24 18:26:03.916,1.14885,1.14905,1.60,6.40
2009.06.24 18:26:04.156,1.149,1.1493,1.00,9.40
2009.06.24 18:26:04.446,1.149,1.14925,1.00,1.00
2009.06.24 18:26:04.726,1.1491,1.1494,1.00,10.40
2009.06.24 18:26:05.016,1.1492,1.14935,1.00,6.20
2009.06.24 18:26:05.546,1.1493,1.14945,1.00,3.20
2009.06.24 18:26:05.926,1.1494,1.1496,1.20,9.40
2009.06.24 18:26:06.266,1.1494,1.14965,1.20,9.40
2009.06.24 18:26:07.076,1.1495,1.1497,1.20,6.60
2009.06.24 18:26:07.466,1.1495,1.1497,1.20,6.20
2009.06.24 18:26:07.695,1.1496,1.1497,1.20,6.20
2009.06.24 18:26:08.435,1.1496,1.14975,1.00,6.80
2009.06.24 18:26:08.885,1.1495,1.1497,1.20,6.20
2009.06.24 18:26:09.155,1.1494,1.1497,1.20,6.20
2009.06.24 18:26:09.925,1.1495,1.1497,1.00,9.40
2009.06.24 18:26:10.165,1.1495,1.14965,1.00,6.20
2009.06.24 18:26:10.455,1.1494,1.14965,1.00,6.20
2009.06.24 18:26:11.854,1.1494,1.1496,1.00,3.20
2009.06.24 18:26:12.374,1.14915,1.1495,1.00,6.20
2009.06.24 18:26:12.704,1.14915,1.1495,1.00,9.40
2009.06.24 18:26:12.984,1.1491,1.14955,1.00,12.80
2009.06.24 18:26:13.564,1.14915,1.14945,1.00,3.20
2009.06.24 18:26:14.703,1.14915,1.14945,1.00,8.60
2009.06.24 18:26:15.254,1.14915,1.14935,1.00,3.20
2009.06.24 18:26:16.063,1.14915,1.1494,1.00,3.20
2009.06.24 18:26:16.413,1.1491,1.14935,1.60,5.20
2009.06.24 18:26:16.643,1.1491,1.14935,1.60,10.00
2009.06.24 18:26:16.914,1.149,1.14935,1.00,10.00
2009.06.24 18:26:17.253,1.149,1.1493,1.00,3.20
2009.06.24 18:26:20.832,1.14895,1.1493,1.00,3.20
2009.06.24 18:26:21.812,1.1489,1.14925,1.00,10.00
2009.06.24 18:26:21.932,1.1489,1.1492,1.00,3.20
2009.06.24 18:26:22.052,1.1489,1.1492,1.00,3.20
2009.06.24 18:26:22.312,1.1489,1.1492,1.60,3.20
2009.06.24 18:26:22.532,1.1489,1.14915,1.60,3.20
2009.06.24 18:26:27.501,1.1489,1.14915,1.80,3.20
2009.06.24 18:26:27.791,1.14905,1.1492,1.00,1.00
2009.06.24 18:26:28.070,1.14905,1.14945,1.00,9.40
2009.06.24 18:26:28.411,1.14915,1.14945,1.20,9.40
2009.06.24 18:26:28.940,1.1493,1.1495,1.00,6.20
2009.06.24 18:26:29.280,1.1493,1.1495,1.20,6.20
2009.06.24 18:26:29.860,1.1493,1.14945,1.00,6.20
2009.06.24 18:26:30.550,1.1493,1.14945,1.20,6.20
2009.06.24 18:26:30.850,1.1493,1.14945,1.20,11.20
2009.06.24 18:26:31.180,1.14905,1.14935,1.60,7.00
2009.06.24 18:26:31.470,1.14905,1.1494,1.60,10.00
2009.06.24 18:26:31.760,1.14905,1.1494,1.60,12.80
2009.06.24 18:26:31.990,1.14895,1.1494,1.80,14.00
2009.06.24 18:26:32.270,1.149,1.14935,1.00,11.80
2009.06.24 18:26:32.619,1.149,1.14935,1.80,6.20
2009.06.24 18:26:32.969,1.149,1.14935,1.80,6.80
2009.06.24 18:26:33.319,1.149,1.14935,1.80,6.20
2009.06.24 18:26:33.669,1.149,1.14935,1.80,9.00
2009.06.24 18:26:34.009,1.149,1.1493,1.80,3.20
2009.06.24 18:26:34.679,1.149,1.14935,1.80,5.60
2009.06.24 18:26:34.969,1.14905,1.14935,1.00,5.60
2009.06.24 18:26:35.189,1.14905,1.14935,1.00,3.20
2009.06.24 18:26:36.658,1.14905,1.14935,1.00,5.20
2009.06.24 18:26:36.828,1.149,1.14935,1.60,10.00
2009.06.24 18:26:37.308,1.149,1.14935,1.80,10.00
2009.06.24 18:26:38.448,1.149,1.14925,1.80,3.20
2009.06.24 18:26:38.728,1.149,1.1493,1.60,8.80
2009.06.24 18:26:39.248,1.1489,1.14925,1.00,3.20
2009.06.24 18:26:39.648,1.1489,1.14915,1.00,3.20
2009.06.24 18:26:39.988,1.14885,1.14915,1.00,3.20
2009.06.24 18:26:42.398,1.1489,1.1491,1.00,1.80
2009.06.24 18:26:42.987,1.1489,1.1491,1.00,1.00
2009.06.24 18:26:43.207,1.1489,1.1491,1.00,1.00
2009.06.24 18:26:43.497,1.1489,1.1493,1.00,10.20
2009.06.24 18:26:44.237,1.14895,1.1493,1.00,10.00
2009.06.24 18:26:44.522,1.14905,1.1492,1.00,1.60
2009.06.24 18:26:45.046,1.14915,1.14945,1.40,3.20
2009.06.24 18:26:45.616,1.1493,1.14945,1.00,3.20
2009.06.24 18:26:45.966,1.1493,1.14945,1.20,3.20
2009.06.24 18:26:46.316,1.1493,1.14935,1.20,3.20
2009.06.24 18:26:46.536,1.1493,1.1494,1.20,3.20
2009.06.24 18:26:47.046,1.1493,1.14945,1.20,3.20
2009.06.24 18:26:47.626,1.14905,1.14935,1.20,5.20
2009.06.24 18:26:47.856,1.14905,1.14925,1.00,1.00
2009.06.24 18:26:48.096,1.14905,1.14925,1.00,2.20
2009.06.24 18:26:48.448,1.1489,1.1493,3.60,10.20
2009.06.24 18:26:48.736,1.1489,1.1492,4.60,8.60
2009.06.24 18:26:48.976,1.14895,1.1492,1.20,9.00
2009.06.24 18:26:49.266,1.14895,1.1492,1.60,6.40
2009.06.24 18:26:49.505,1.149,1.1492,2.60,4.20
2009.06.24 18:26:49.895,1.149,1.1492,1.60,4.20
2009.06.24 18:26:50.525,1.149,1.1492,1.60,2.80
2009.06.24 18:26:50.825,1.14895,1.1494,1.00,17.00
2009.06.24 18:26:51.195,1.14895,1.14935,1.00,3.20
2009.06.24 18:26:51.555,1.14895,1.1494,1.00,17.00
2009.06.24 18:26:51.725,1.14895,1.1494,1.00,12.40
2009.06.24 18:26:52.345,1.14895,1.14935,3.40,12.40
2009.06.24 18:26:52.564,1.14895,1.1493,3.40,3.20
2009.06.24 18:26:52.784,1.14895,1.1493,1.00,3.20
2009.06.24 18:26:56.694,1.149,1.1493,1.00,3.20
2009.06.24 18:26:56.874,1.149,1.1493,1.00,3.20
2009.06.24 18:26:57.213,1.149,1.14935,2.00,9.20
2009.06.24 18:26:57.904,1.1491,1.14935,1.00,9.40
2009.06.24 18:26:58.413,1.1491,1.1493,1.00,3.20
2009.06.24 18:26:58.873,1.149,1.1493,1.00,3.20
2009.06.24 18:26:59.103,1.149,1.1493,1.00,3.20
2009.06.24 18:26:59.333,1.149,1.1493,1.20,3.20
2009.06.24 18:26:59.613,1.149,1.1493,1.00,3.20
2009.06.24 18:26:59.953,1.1491,1.1493,1.00,3.20
2009.06.24 18:27:00.173,1.1491,1.1493,1.00,3.20
2009.06.24 18:27:00.623,1.1491,1.1493,1.00,3.20
2009.06.24 18:27:00.792,1.14915,1.1494,2.80,3.20
2009.06.24 18:27:01.142,1.1492,1.1494,1.00,3.20
2009.06.24 18:27:01.433,1.1492,1.14945,1.00,11.60
2009.06.24 18:27:01.943,1.1491,1.1494,1.20,9.40
2009.06.24 18:27:02.302,1.1492,1.1494,1.00,9.40
2009.06.24 18:27:02.712,1.1492,1.1494,1.00,9.40
2009.06.24 18:27:02.982,1.1492,1.1494,1.00,6.20
2009.06.24 18:27:03.092,1.1492,1.1494,1.00,3.20
2009.06.24 18:27:06.211,1.1493,1.14945,1.00,9.60
2009.06.24 18:27:06.322,1.1493,1.14945,1.60,6.40
2009.06.24 18:27:06.551,1.1493,1.14945,1.60,3.20
2009.06.24 18:27:06.781,1.1493,1.1497,2.40,9.40
2009.06.24 18:27:07.071,1.1494,1.14975,1.00,3.40
2009.06.24 18:27:07.461,1.1494,1.14975,1.00,3.20
2009.06.24 18:27:07.581,1.1494,1.14975,1.00,3.40
2009.06.24 18:27:08.231,1.1494,1.1497,1.00,3.20
2009.06.24 18:27:08.461,1.1494,1.14955,1.00,3.20
2009.06.24 18:27:08.701,1.1493,1.14955,1.00,3.20
2009.06.24 18:27:09.271,1.1493,1.1495,1.00,3.20
2009.06.24 18:27:09.610,1.1493,1.14955,1.00,3.20
2009.06.24 18:27:09.671,1.1493,1.1495,1.00,3.20
2009.06.24 18:27:10.241,1.1494,1.1497,1.00,16.40
2009.06.24 18:27:10.460,1.1494,1.1497,1.00,9.60
2009.06.24 18:27:10.960,1.1494,1.14975,1.00,9.40
2009.06.24 18:27:11.810,1.1495,1.1497,1.00,3.20
2009.06.24 18:27:12.040,1.1495,1.1497,1.60,3.20
2009.06.24 18:27:12.380,1.1495,1.14975,1.60,3.20
2009.06.24 18:27:13.180,1.1496,1.14975,1.40,3.20
2009.06.24 18:27:13.419,1.1497,1.1498,1.20,9.40
2009.06.24 18:27:13.710,1.1497,1.14975,2.00,1.00
2009.06.24 18:27:14.129,1.1497,1.14975,1.60,1.00
2009.06.24 18:27:14.469,1.1497,1.1498,1.00,6.20
2009.06.24 18:27:14.690,1.14945,1.1498,1.00,9.40
2009.06.24 18:27:14.979,1.14955,1.1498,1.00,6.20
2009.06.24 18:27:15.389,1.14955,1.1498,1.20,6.20
2009.06.24 18:27:15.919,1.1496,1.14975,1.00,1.00
2009.06.24 18:27:16.679,1.1496,1.14975,1.20,1.00
2009.06.24 18:27:17.499,1.1495,1.14975,1.60,1.00
2009.06.24 18:27:17.719,1.1495,1.14975,1.20,1.00
2009.06.24 18:27:17.979,1.1495,1.14975,1.00,1.00
2009.06.24 18:27:18.548,1.1495,1.14975,1.00,1.00
2009.06.24 18:27:18.828,1.1494,1.14975,3.20,14.00
2009.06.24 18:27:19.058,1.1494,1.14975,3.20,18.00
2009.06.24 18:27:19.338,1.14935,1.14975,1.00,18.00
2009.06.24 18:27:19.508,1.14935,1.14965,1.00,7.80
2009.06.24 18:27:19.788,1.1493,1.1497,3.20,20.00
2009.06.24 18:27:20.178,1.14925,1.1497,1.00,20.00
2009.06.24 18:27:20.868,1.14925,1.14965,1.00,17.20
2009.06.24 18:27:22.018,1.14925,1.1496,1.00,3.20
2009.06.24 18:27:22.197,1.1493,1.1496,1.00,3.20
2009.06.24 18:27:22.367,1.1493,1.14965,1.00,22.20
2009.06.24 18:27:22.547,1.1493,1.14965,1.00,16.20
2009.06.24 18:27:23.167,1.1493,1.14965,1.40,6.20
2009.06.24 18:27:23.637,1.1493,1.1497,3.40,9.40
2009.06.24 18:27:23.877,1.1493,1.1497,1.00,9.40
2009.06.24 18:27:24.457,1.1493,1.1497,1.80,9.40
2009.06.24 18:27:24.747,1.14945,1.14975,1.00,8.60
2009.06.24 18:27:25.037,1.14955,1.1498,1.00,6.20
2009.06.24 18:27:25.336,1.14955,1.1498,1.00,6.20
2009.06.24 18:27:25.617,1.14955,1.1498,1.00,6.20
2009.06.24 18:27:28.447,1.1497,1.14975,1.60,1.00
2009.06.24 18:27:28.736,1.1497,1.14975,1.00,3.20
2009.06.24 18:27:29.016,1.1497,1.14975,1.00,3.20
2009.06.24 18:27:29.506,1.1497,1.14975,1.40,1.00
2009.06.24 18:27:29.856,1.1497,1.14975,1.60,1.00
2009.06.24 18:27:30.595,1.1497,1.14975,1.40,1.00
2009.06.24 18:27:30.945,1.1497,1.14975,1.60,1.00
2009.06.24 18:27:32.665,1.1497,1.14975,1.80,1.00
2009.06.24 18:27:33.295,1.1498,1.15,1.00,4.75
2009.06.24 18:27:34.035,1.1497,1.14975,1.50,3.20
2009.06.24 18:27:34.325,1.1497,1.14975,1.80,1.00
2009.06.24 18:27:34.605,1.1498,1.15015,1.80,3.20
2009.06.24 18:27:34.894,1.14985,1.15015,1.00,3.20
2009.06.24 18:27:35.184,1.14985,1.1502,1.20,13.20
2009.06.24 18:27:35.974,1.1499,1.1501,1.40,3.20
2009.06.24 18:27:36.334,1.15,1.15015,1.60,3.20
2009.06.24 18:27:36.844,1.1501,1.15015,1.60,3.20
2009.06.24 18:27:37.150,1.1501,1.1502,1.60,3.20
2009.06.24 18:27:37.504,1.1501,1.1502,1.80,3.20
2009.06.24 18:27:37.744,1.1501,1.15015,2.20,6.40
2009.06.24 18:27:38.134,1.1502,1.15035,1.00,3.20
2009.06.24 18:27:38.494,1.15035,1.1504,1.00,6.40
2009.06.24 18:27:38.843,1.15035,1.1509,64.20,4.80
2009.06.24 18:27:39.083,1.1504,1.1509,1.00,3.20
2009.06.24 18:27:39.903,1.1505,1.15075,3.60,3.20
2009.06.24 18:27:40.183,1.1506,1.151,1.00,6.20
2009.06.24 18:27:40.653,1.1506,1.15095,1.00,6.20
2009.06.24 18:27:41.653,1.1505,1.1509,2.20,6.60
2009.06.24 18:27:42.052,1.1505,1.1509,1.00,6.60
2009.06.24 18:27:42.392,1.1505,1.1509,1.00,9.80
2009.06.24 18:27:42.854,1.15065,1.1509,2.20,3.40
2009.06.24 18:27:43.372,1.15055,1.15095,2.20,9.40
2009.06.24 18:27:43.672,1.15055,1.1509,2.20,6.20
2009.06.24 18:27:43.773,1.15055,1.1509,1.00,6.20
2009.06.24 18:27:44.207,1.1506,1.15085,1.00,6.20
2009.06.24 18:27:44.732,1.1506,1.15095,1.00,9.40
2009.06.24 18:27:45.012,1.1506,1.15095,2.20,6.20
2009.06.24 18:27:45.302,1.1506,1.151,1.20,9.40
2009.06.24 18:27:45.692,1.15065,1.151,1.00,3.20
2009.06.24 18:27:46.032,1.15065,1.15105,1.00,11.80
2009.06.24 18:27:46.572,1.1507,1.15105,2.20,12.20
2009.06.24 18:27:46.931,1.1507,1.15105,2.20,12.00
2009.06.24 18:27:47.152,1.1508,1.15105,1.00,12.00
2009.06.24 18:27:47.681,1.1508,1.15105,1.20,6.20
2009.06.24 18:27:48.522,1.1508,1.1511,1.20,9.40
2009.06.24 18:27:48.881,1.1507,1.15095,2.40,3.20
2009.06.24 18:27:49.231,1.1507,1.151,1.00,13.00
2009.06.24 18:27:49.581,1.1507,1.15085,1.00,2.80
2009.06.24 18:27:49.861,1.1506,1.15085,1.00,2.80
2009.06.24 18:27:50.091,1.1506,1.15085,1.00,1.00
2009.06.24 18:27:50.451,1.1506,1.15085,1.60,1.20
2009.06.24 18:27:50.861,1.1505,1.1508,3.40,1.00
2009.06.24 18:27:51.210,1.1505,1.1508,2.80,10.00
2009.06.24 18:27:51.610,1.1505,1.1508,2.80,3.20
2009.06.24 18:27:54.310,1.1505,1.1507,1.60,10.20
2009.06.24 18:27:54.370,1.1505,1.1507,1.60,9.00
2009.06.24 18:27:54.950,1.1505,1.1507,2.80,7.60
2009.06.24 18:27:55.229,1.1505,1.1508,2.80,3.20
2009.06.24 18:27:55.460,1.1505,1.1508,3.20,3.20
2009.06.24 18:27:56.109,1.1505,1.15085,1.80,16.40
2009.06.24 18:27:56.449,1.1505,1.15085,1.00,19.60
2009.06.24 18:27:56.799,1.1505,1.15085,1.80,11.60
2009.06.24 18:27:57.039,1.1505,1.15085,2.00,6.20
2009.06.24 18:27:57.150,1.15055,1.1509,1.00,3.20
2009.06.24 18:27:57.589,1.1506,1.15095,1.20,9.40
2009.06.24 18:27:57.879,1.15065,1.151,1.00,6.20
2009.06.24 18:27:58.339,1.1507,1.151,1.00,6.20
2009.06.24 18:27:58.788,1.1507,1.15105,1.20,4.00
2009.06.24 18:27:59.349,1.1508,1.15105,1.00,3.20
2009.06.24 18:27:59.629,1.1508,1.1511,1.00,9.40
2009.06.24 18:28:00.918,1.1509,1.1512,4.00,9.40
2009.06.24 18:28:01.258,1.1511,1.15155,1.00,12.20
2009.06.24 18:28:01.718,1.1511,1.15155,1.00,9.00
2009.06.24 18:28:02.048,1.1511,1.1516,1.00,12.20
2009.06.24 18:28:04.577,1.15135,1.1515,2.20,2.60
2009.06.24 18:28:04.847,1.15135,1.1516,5.20,8.20
2009.06.24 18:28:05.147,1.15155,1.1516,1.00,4.40
2009.06.24 18:28:05.487,1.15145,1.15155,1.20,3.20
2009.06.24 18:28:05.847,1.15145,1.1518,1.00,2.60
2009.06.24 18:28:06.197,1.15155,1.1518,1.00,2.60
2009.06.24 18:28:07.127,1.15155,1.1518,1.00,3.20
2009.06.24 18:28:07.527,1.15155,1.1518,1.00,2.60
2009.06.24 18:28:07.936,1.1516,1.1518,1.00,2.60
2009.06.24 18:28:08.176,1.1516,1.15175,1.00,2.60
2009.06.24 18:28:08.797,1.1516,1.1518,1.00,2.60
2009.06.24 18:28:09.256,1.15155,1.1518,1.00,3.60
2009.06.24 18:28:09.536,1.15165,1.1518,1.00,2.20
2009.06.24 18:28:09.776,1.15165,1.152,1.20,12.20
2009.06.24 18:28:10.246,1.15165,1.152,1.20,9.00
2009.06.24 18:28:10.536,1.1517,1.15205,1.00,12.20
2009.06.24 18:28:11.156,1.1517,1.152,1.20,12.20
2009.06.24 18:28:11.506,1.15185,1.15205,1.00,2.60
2009.06.24 18:28:11.855,1.1519,1.15215,1.00,6.20
2009.06.24 18:28:12.205,1.1519,1.1522,1.00,9.40
2009.06.24 18:28:12.555,1.152,1.1522,1.00,9.40
2009.06.24 18:28:12.845,1.152,1.1522,1.00,3.20
2009.06.24 18:28:12.905,1.152,1.15225,1.00,7.00
2009.06.24 18:28:13.455,1.152,1.15225,1.00,9.80
2009.06.24 18:28:13.905,1.152,1.15225,1.00,7.60
2009.06.24 18:28:14.185,1.1521,1.1522,1.20,1.40
2009.06.24 18:28:14.465,1.15205,1.15225,1.60,9.60
2009.06.24 18:28:14.525,1.15195,1.15225,5.40,3.20
2009.06.24 18:28:14.965,1.15205,1.15225,1.00,2.40
2009.06.24 18:28:15.315,1.15235,1.15285,14.60,2.60
2009.06.24 18:28:15.835,1.15235,1.1528,17.80,2.60
2009.06.24 18:28:16.184,1.1526,1.1529,1.00,1.60
2009.06.24 18:28:16.584,1.1526,1.1527,1.00,2.60
2009.06.24 18:28:16.924,1.1527,1.15315,1.00,66.80
2009.06.24 18:28:17.254,1.1528,1.15315,1.00,63.60
2009.06.24 18:28:17.494,1.1528,1.15315,1.00,53.20
2009.06.24 18:28:17.884,1.1528,1.153,1.00,2.60
2009.06.24 18:28:18.114,1.1528,1.1529,1.00,2.60
2009.06.24 18:28:18.404,1.1528,1.1529,1.00,2.60
2009.06.24 18:28:18.704,1.1528,1.1531,1.00,56.40
2009.06.24 18:28:18.944,1.1529,1.15305,1.20,3.20
2009.06.24 18:28:19.234,1.1529,1.1531,1.00,3.20
2009.06.24 18:28:20.053,1.1529,1.15305,1.00,56.40
2009.06.24 18:28:20.413,1.1529,1.15305,2.20,6.40
2009.06.24 18:28:20.943,1.1529,1.1533,2.20,3.20
2009.06.24 18:28:21.663,1.1529,1.15305,3.80,2.60
2009.06.24 18:28:22.193,1.153,1.15325,1.00,3.40
2009.06.24 18:28:22.523,1.153,1.15325,1.00,2.60
2009.06.24 18:28:23.323,1.153,1.15315,1.00,2.60
2009.06.24 18:28:23.553,1.153,1.1532,1.00,2.60
2009.06.24 18:28:23.853,1.15295,1.15315,1.60,2.60
2009.06.24 18:28:24.493,1.1529,1.15315,3.80,2.60
2009.06.24 18:28:24.823,1.1529,1.1532,3.80,2.60
2009.06.24 18:28:25.063,1.1529,1.1532,2.20,5.80
2009.06.24 18:28:25.294,1.153,1.1532,1.20,5.80
2009.06.24 18:28:25.523,1.153,1.1532,1.00,5.80
2009.06.24 18:28:26.052,1.1529,1.15325,2.00,3.20
2009.06.24 18:28:26.402,1.1529,1.15325,2.00,3.20
2009.06.24 18:28:26.872,1.1529,1.1532,2.00,1.00
2009.06.24 18:28:27.162,1.15315,1.1532,1.80,1.00
2009.06.24 18:28:27.222,1.15305,1.1532,2.80,1.00
2009.06.24 18:28:27.661,1.15305,1.1532,2.80,1.00
2009.06.24 18:28:28.162,1.15305,1.15325,2.80,2.60
2009.06.24 18:28:28.502,1.1531,1.1533,1.60,1.00
2009.06.24 18:28:29.041,1.15315,1.1534,4.40,3.60
2009.06.24 18:28:29.431,1.15325,1.1534,1.20,2.60
2009.06.24 18:28:29.781,1.1534,1.15385,1.60,9.40
2009.06.24 18:28:30.121,1.1534,1.1535,1.60,1.00
2009.06.24 18:28:30.641,1.15295,1.15345,1.00,6.40
2009.06.24 18:28:30.991,1.15295,1.15335,1.00,1.00
2009.06.24 18:28:31.391,1.15295,1.1532,3.40,1.00
2009.06.24 18:28:31.671,1.1531,1.1533,3.60,7.00
2009.06.24 18:28:31.910,1.1531,1.1533,3.60,4.80
2009.06.24 18:28:32.021,1.1532,1.1534,1.00,1.20
2009.06.24 18:28:32.291,1.1533,1.1534,1.00,1.20
2009.06.24 18:28:32.730,1.1533,1.15365,1.00,2.60
2009.06.24 18:28:33.231,1.1533,1.15365,1.60,2.60
2009.06.24 18:28:33.990,1.15325,1.1534,1.80,5.80
2009.06.24 18:28:34.490,1.153,1.1532,8.20,1.00
2009.06.24 18:28:34.770,1.153,1.1532,3.60,1.00
2009.06.24 18:28:35.110,1.153,1.1531,3.60,1.00
2009.06.24 18:28:35.570,1.1531,1.15335,5.00,1.20
2009.06.24 18:28:35.920,1.15315,1.15335,4.60,1.20
2009.06.24 18:28:36.320,1.1533,1.15355,1.20,1.00
2009.06.24 18:28:36.670,1.15315,1.15335,3.60,2.40
2009.06.24 18:28:37.519,1.153,1.15325,3.20,1.80
2009.06.24 18:28:38.169,1.153,1.1533,3.40,2.40
2009.06.24 18:28:39.249,1.15305,1.1533,4.00,2.40
2009.06.24 18:28:39.519,1.15305,1.1532,1.00,1.00
2009.06.24 18:28:40.309,1.15305,1.1533,1.00,2.40
2009.06.24 18:28:40.709,1.1531,1.1533,3.60,2.40
2009.06.24 18:28:41.238,1.15315,1.1532,3.60,1.00
2009.06.24 18:28:41.578,1.15305,1.1532,3.60,2.40
2009.06.24 18:28:41.808,1.15305,1.1532,3.60,1.80
2009.06.24 18:28:42.318,1.1531,1.1532,3.60,1.80
2009.06.24 18:28:43.138,1.1529,1.1532,7.80,3.20
2009.06.24 18:28:43.498,1.1529,1.1532,7.60,3.20
2009.06.24 18:28:43.778,1.15305,1.1532,3.60,3.20
2009.06.24 18:28:44.628,1.15295,1.15315,3.60,5.00
2009.06.24 18:28:44.867,1.15295,1.1531,3.60,3.20
2009.06.24 18:28:45.517,1.15295,1.153,3.60,1.00
2009.06.24 18:28:45.917,1.1529,1.153,3.60,3.20
2009.06.24 18:28:46.267,1.1529,1.15305,3.60,3.20
2009.06.24 18:28:46.607,1.15285,1.15305,3.60,6.20
2009.06.24 18:28:47.107,1.1528,1.15295,4.60,1.00
2009.06.24 18:28:47.457,1.1528,1.15295,3.60,3.20
2009.06.24 18:28:47.857,1.15275,1.1529,3.60,3.20
2009.06.24 18:28:48.357,1.1524,1.15275,1.00,1.20
2009.06.24 18:28:48.597,1.15255,1.15275,3.60,1.20
2009.06.24 18:28:48.877,1.15255,1.15265,3.60,1.00
2009.06.24 18:28:49.116,1.1523,1.15265,9.80,1.00
2009.06.24 18:28:49.456,1.1525,1.1528,3.60,6.20
2009.06.24 18:28:49.746,1.1524,1.15265,1.00,2.40
2009.06.24 18:28:50.206,1.1524,1.15265,1.00,1.00
2009.06.24 18:28:50.556,1.1525,1.15275,1.00,2.40
2009.06.24 18:28:50.906,1.1525,1.1527,1.00,2.40
2009.06.24 18:28:51.246,1.1525,1.1527,1.00,2.00
2009.06.24 18:28:51.586,1.1525,1.1527,1.00,2.40
2009.06.24 18:28:52.756,1.1524,1.1526,5.40,2.40
2009.06.24 18:28:53.046,1.15235,1.1525,5.60,1.00
2009.06.24 18:28:53.290,1.15235,1.1525,5.80,1.00
2009.06.24 18:28:53.576,1.15235,1.1525,4.80,1.00
2009.06.24 18:28:54.095,1.1523,1.1525,4.60,1.00
2009.06.24 18:28:54.435,1.1524,1.1525,1.00,1.00
2009.06.24 18:28:54.675,1.1524,1.1525,1.00,1.00
2009.06.24 18:28:55.325,1.1524,1.1525,1.00,1.00
2009.06.24 18:28:55.605,1.1524,1.1526,1.20,1.20
2009.06.24 18:28:56.105,1.1524,1.1525,1.00,3.20
2009.06.24 18:28:56.455,1.1524,1.15255,1.00,4.00
2009.06.24 18:28:56.805,1.1523,1.15255,1.00,4.80
2009.06.24 18:28:57.094,1.1523,1.15255,1.00,5.00
2009.06.24 18:28:57.385,1.1523,1.15255,1.00,4.40
2009.06.24 18:28:57.615,1.1524,1.15255,1.00,5.00
2009.06.24 18:28:57.914,1.1523,1.15255,1.00,5.60
2009.06.24 18:28:58.194,1.1524,1.15255,1.00,6.20
2009.06.24 18:28:58.524,1.15215,1.15255,3.60,6.40
2009.06.24 18:28:59.234,1.15215,1.15245,3.60,1.00
2009.06.24 18:28:59.744,1.1522,1.15245,3.80,1.00
2009.06.24 18:29:00.044,1.1522,1.1526,3.80,5.60
2009.06.24 18:29:00.734,1.1522,1.15245,2.80,1.00
2009.06.24 18:29:01.114,1.1522,1.15245,2.00,1.00
2009.06.24 18:29:01.444,1.1523,1.1526,1.00,6.40
2009.06.24 18:29:01.973,1.1522,1.1526,3.00,6.40
2009.06.24 18:29:04.463,1.15195,1.1521,3.60,1.00
2009.06.24 18:29:04.743,1.1519,1.1521,10.80,1.20
2009.06.24 18:29:05.382,1.1519,1.1522,10.80,2.40
2009.06.24 18:29:05.603,1.15205,1.1521,4.40,1.20
2009.06.24 18:29:06.132,1.15205,1.1522,4.40,1.20
2009.06.24 18:29:06.473,1.1521,1.1522,1.00,1.20
2009.06.24 18:29:06.823,1.1521,1.1522,1.00,1.20
2009.06.24 18:29:07.162,1.1521,1.1523,1.00,2.40
2009.06.24 18:29:07.492,1.1521,1.1523,1.00,2.20
2009.06.24 18:29:07.892,1.1521,1.1523,1.80,1.20
2009.06.24 18:29:08.062,1.1521,1.1523,2.20,1.20
2009.06.24 18:29:08.342,1.1521,1.1523,3.20,1.20
2009.06.24 18:29:08.912,1.1521,1.1523,2.20,1.20
2009.06.24 18:29:09.091,1.1521,1.1523,2.80,1.40
2009.06.24 18:29:09.322,1.15205,1.1523,4.40,2.20
2009.06.24 18:29:09.731,1.1521,1.1523,1.20,2.20
2009.06.24 18:29:10.371,1.1521,1.1522,1.20,2.40
2009.06.24 18:29:10.711,1.152,1.1522,3.20,3.20
2009.06.24 18:29:11.003,1.15175,1.15215,3.60,5.60
2009.06.24 18:29:11.361,1.15175,1.152,3.20,1.20
2009.06.24 18:29:11.641,1.15155,1.152,4.60,1.20
2009.06.24 18:29:12.051,1.1515,1.1519,4.20,1.20
2009.06.24 18:29:12.331,1.15155,1.1519,1.00,1.20
2009.06.24 18:29:12.671,1.1517,1.152,1.00,4.60
2009.06.24 18:29:12.941,1.1517,1.15195,1.00,1.00
2009.06.24 18:29:13.290,1.1518,1.15205,1.20,5.20
2009.06.24 18:29:13.581,1.1518,1.15205,1.00,1.00
2009.06.24 18:29:13.930,1.15175,1.152,1.20,1.20
2009.06.24 18:29:14.400,1.1518,1.152,2.00,1.20
2009.06.24 18:29:14.750,1.15195,1.1521,1.00,4.40
2009.06.24 18:29:14.920,1.15185,1.1521,1.20,3.80
2009.06.24 18:29:15.090,1.15175,1.1521,3.00,3.20
2009.06.24 18:29:15.430,1.15175,1.152,2.00,3.20
2009.06.24 18:29:15.610,1.15175,1.152,1.20,3.20
2009.06.24 18:29:15.960,1.1518,1.1521,1.20,3.20
2009.06.24 18:29:16.290,1.1518,1.15205,1.60,2.80
2009.06.24 18:29:16.550,1.15175,1.152,2.80,3.20
2009.06.24 18:29:16.900,1.15175,1.1519,2.80,1.00
2009.06.24 18:29:17.720,1.15175,1.1519,1.80,5.60
2009.06.24 18:29:19.149,1.1517,1.1518,3.20,1.00
2009.06.24 18:29:19.429,1.1517,1.1518,3.20,1.20
2009.06.24 18:29:19.660,1.1516,1.1518,1.00,1.00
2009.06.24 18:29:19.949,1.1516,1.1518,1.00,1.00
2009.06.24 18:29:20.299,1.1516,1.1518,1.00,3.20
2009.06.24 18:29:21.359,1.1517,1.1518,1.80,3.20
2009.06.24 18:29:21.898,1.1517,1.15185,3.20,3.20
2009.06.24 18:29:23.758,1.1517,1.1519,1.40,1.00
2009.06.24 18:29:24.268,1.1516,1.152,2.80,3.20
2009.06.24 18:29:25.028,1.1517,1.152,1.00,3.20
2009.06.24 18:29:25.378,1.1517,1.15195,1.00,3.20
2009.06.24 18:29:25.598,1.1517,1.15195,1.00,3.20
2009.06.24 18:29:25.827,1.1517,1.152,1.00,3.20
2009.06.24 18:29:25.998,1.1517,1.1519,1.00,3.20
2009.06.24 18:29:26.897,1.1518,1.1519,1.60,3.20
2009.06.24 18:29:27.417,1.1518,1.152,4.00,3.20
2009.06.24 18:29:27.767,1.15195,1.152,1.20,3.20
2009.06.24 18:29:28.107,1.15195,1.15205,1.40,6.40
2009.06.24 18:29:28.387,1.15205,1.1524,1.80,1.00
2009.06.24 18:29:28.687,1.15205,1.1525,1.00,9.40
2009.06.24 18:29:29.127,1.1521,1.1525,1.00,3.20
2009.06.24 18:29:29.357,1.1521,1.1525,1.20,3.20
2009.06.24 18:29:29.577,1.1522,1.1525,1.20,9.00
2009.06.24 18:29:29.987,1.1522,1.1525,1.20,6.40
2009.06.24 18:29:30.207,1.1522,1.1525,1.20,3.20
2009.06.24 18:29:30.497,1.15215,1.1525,7.00,3.20
2009.06.24 18:29:30.966,1.15215,1.1526,7.00,4.80
2009.06.24 18:29:31.247,1.15215,1.1526,6.40,3.20
2009.06.24 18:29:31.836,1.15225,1.1526,1.20,4.00
2009.06.24 18:29:32.236,1.15235,1.15265,1.20,4.00
2009.06.24 18:29:32.926,1.15225,1.15265,1.00,4.00
2009.06.24 18:29:33.276,1.1522,1.1525,3.60,1.00
2009.06.24 18:29:33.566,1.1521,1.1525,5.40,2.00
2009.06.24 18:29:34.086,1.1521,1.1525,2.20,5.20
2009.06.24 18:29:34.205,1.1522,1.1525,1.20,4.00
2009.06.24 18:29:34.605,1.1522,1.1524,1.00,4.00
2009.06.24 18:29:34.725,1.1521,1.1524,2.20,5.20
2009.06.24 18:29:35.345,1.1521,1.1524,2.20,4.80
2009.06.24 18:29:35.515,1.1521,1.1524,2.20,4.00
2009.06.24 18:29:35.805,1.1522,1.1524,3.60,4.00
2009.06.24 18:29:36.135,1.1522,1.1523,3.60,3.20
2009.06.24 18:29:36.595,1.15225,1.1524,3.20,6.80
2009.06.24 18:29:36.885,1.15205,1.15245,3.20,8.80
2009.06.24 18:29:37.125,1.1521,1.15245,1.20,8.80
2009.06.24 18:29:37.365,1.15205,1.15245,2.20,8.80
2009.06.24 18:29:37.645,1.15205,1.15245,2.20,9.20
2009.06.24 18:29:38.425,1.152,1.15235,1.00,2.60
2009.06.24 18:29:38.774,1.152,1.1522,1.00,2.60
2009.06.24 18:29:39.165,1.152,1.1522,1.00,2.60
2009.06.24 18:29:39.635,1.1518,1.1522,1.00,3.20
2009.06.24 18:29:39.984,1.15175,1.15215,3.80,3.80
2009.06.24 18:29:40.334,1.15175,1.15215,3.40,3.80
2009.06.24 18:29:42.294,1.1518,1.15205,3.40,1.20
2009.06.24 18:29:42.823,1.1518,1.15205,3.40,1.20
2009.06.24 18:29:43.104,1.1518,1.15205,3.40,1.00
2009.06.24 18:29:43.393,1.1518,1.1521,2.40,3.20
2009.06.24 18:29:43.623,1.1518,1.1521,3.40,3.20
2009.06.24 18:29:43.743,1.1518,1.152,3.40,1.00
2009.06.24 18:29:44.184,1.1518,1.152,2.40,1.00
2009.06.24 18:29:44.703,1.1518,1.1519,1.00,3.00
2009.06.24 18:29:45.043,1.1516,1.1519,1.00,9.00
2009.06.24 18:29:45.323,1.1516,1.1518,1.00,1.00
2009.06.24 18:29:46.593,1.15165,1.1518,1.00,1.20
2009.06.24 18:29:46.942,1.1513,1.15165,3.60,5.40
2009.06.24 18:29:47.292,1.15115,1.15155,3.60,3.20
2009.06.24 18:29:47.572,1.15115,1.15145,3.60,6.60
2009.06.24 18:29:47.803,1.15115,1.1515,3.60,9.00
2009.06.24 18:29:48.092,1.15115,1.15145,3.60,10.00
2009.06.24 18:29:48.372,1.15115,1.15145,3.60,10.20
2009.06.24 18:29:48.832,1.1511,1.15135,3.60,3.20
2009.06.24 18:29:49.122,1.151,1.15125,3.60,7.60
2009.06.24 18:29:49.402,1.1511,1.15125,1.80,1.00
2009.06.24 18:29:49.692,1.15095,1.15125,1.60,6.80
2009.06.24 18:29:49.982,1.1509,1.1512,3.60,1.00
2009.06.24 18:29:50.542,1.15085,1.1513,7.60,8.80
2009.06.24 18:29:51.061,1.15095,1.1513,8.60,8.80
2009.06.24 18:29:51.741,1.1509,1.1513,10.80,8.80
2009.06.24 18:29:52.921,1.1509,1.1513,10.40,8.40
2009.06.24 18:29:53.261,1.1509,1.1513,10.40,3.20
2009.06.24 18:29:53.911,1.15095,1.1513,6.60,3.20
2009.06.24 18:29:54.191,1.15095,1.15115,5.00,1.00
2009.06.24 18:29:54.471,1.15095,1.15115,1.20,1.00
2009.06.24 18:29:54.981,1.15085,1.15105,5.20,3.20
2009.06.24 18:29:55.201,1.1508,1.151,3.60,3.20
2009.06.24 18:29:55.321,1.1508,1.15105,3.60,9.40
2009.06.24 18:29:55.750,1.1508,1.1511,3.60,12.60
2009.06.24 18:29:56.100,1.1508,1.1511,1.00,3.20
2009.06.24 18:29:56.800,1.1508,1.1511,1.00,3.20
2009.06.24 18:29:57.150,1.1508,1.1511,3.60,3.20
2009.06.24 18:29:57.830,1.1508,1.15115,1.60,15.60
2009.06.24 18:29:58.300,1.1508,1.1511,1.00,3.20
2009.06.24 18:29:59.000,1.1508,1.15115,1.60,15.20
2009.06.24 18:29:59.469,1.1508,1.1511,1.60,2.60
2009.06.24 18:29:59.690,1.1508,1.1511,1.00,2.60
2009.06.24 18:30:02.369,1.1509,1.1512,2.80,3.40
2009.06.24 18:30:02.669,1.151,1.1513,1.00,4.00
2009.06.24 18:30:03.069,1.1509,1.1513,2.40,3.20
2009.06.24 18:30:03.369,1.151,1.1513,1.00,4.00
2009.06.24 18:30:03.638,1.151,1.1513,1.60,2.80
2009.06.24 18:30:03.689,1.151,1.1513,1.00,3.20
2009.06.24 18:30:04.358,1.151,1.1513,1.00,9.00
2009.06.24 18:30:04.648,1.151,1.15135,2.20,4.80
2009.06.24 18:30:04.968,1.151,1.1513,4.40,3.80
2009.06.24 18:30:05.318,1.15105,1.1513,1.40,3.20
2009.06.24 18:30:05.708,1.15115,1.1514,1.00,2.60
2009.06.24 18:30:06.228,1.15115,1.1514,1.20,2.60
2009.06.24 18:30:06.568,1.15115,1.15145,1.20,3.60
2009.06.24 18:30:06.918,1.1512,1.1514,1.60,1.20
2009.06.24 18:30:07.367,1.1513,1.1516,1.00,3.40
2009.06.24 18:30:07.717,1.1512,1.1516,2.00,3.40
2009.06.24 18:30:08.008,1.1512,1.15155,2.00,4.00
2009.06.24 18:30:08.237,1.1513,1.15155,1.00,4.00
2009.06.24 18:30:08.818,1.1513,1.1515,1.00,4.00
2009.06.24 18:30:09.227,1.1513,1.15155,1.00,3.40
2009.06.24 18:30:09.637,1.1513,1.1515,1.00,3.20
2009.06.24 18:30:09.927,1.1511,1.15135,1.20,1.00
2009.06.24 18:30:10.207,1.15125,1.15155,2.40,3.20
2009.06.24 18:30:11.206,1.15145,1.1517,1.00,5.00
2009.06.24 18:30:11.827,1.15135,1.15165,1.00,1.00
2009.06.24 18:30:12.357,1.1514,1.1515,1.00,3.20
2009.06.24 18:30:12.596,1.1513,1.1515,1.60,3.20
2009.06.24 18:30:12.986,1.1513,1.1515,1.60,5.80
2009.06.24 18:30:13.216,1.1513,1.1515,1.20,5.80
2009.06.24 18:30:13.506,1.1514,1.1516,1.00,8.00
2009.06.24 18:30:13.886,1.1514,1.1515,1.00,1.00
2009.06.24 18:30:14.696,1.1513,1.1515,1.00,3.20
2009.06.24 18:30:15.056,1.15135,1.1516,4.40,3.20
2009.06.24 18:30:16.505,1.1514,1.1516,1.20,3.20
2009.06.24 18:30:16.855,1.1516,1.15185,1.00,7.20
2009.06.24 18:30:17.185,1.1516,1.15195,1.00,1.60
2009.06.24 18:30:17.506,1.1517,1.1521,1.00,3.20
2009.06.24 18:30:17.795,1.1517,1.15205,1.00,1.00
2009.06.24 18:30:18.305,1.1518,1.152,1.00,3.40
2009.06.24 18:30:18.655,1.1517,1.15195,1.00,4.00
2009.06.24 18:30:19.005,1.1517,1.1519,1.00,4.00
2009.06.24 18:30:19.345,1.1517,1.152,1.00,4.80
2009.06.24 18:30:19.625,1.1517,1.1519,1.00,1.00
2009.06.24 18:30:19.915,1.1517,1.152,1.00,4.80
2009.06.24 18:30:20.184,1.1516,1.15185,1.00,6.20
2009.06.24 18:30:20.824,1.15135,1.15175,5.40,3.00
2009.06.24 18:30:21.054,1.15135,1.15175,5.40,3.00
2009.06.24 18:30:21.334,1.15135,1.1517,5.40,4.80
2009.06.24 18:30:22.024,1.15145,1.1517,2.80,6.20
2009.06.24 18:30:22.374,1.15145,1.1517,2.80,6.00
2009.06.24 18:30:22.894,1.15145,1.1518,3.20,3.40
2009.06.24 18:30:23.014,1.15155,1.1518,2.80,4.00
2009.06.24 18:30:23.394,1.15155,1.1518,2.80,2.80
2009.06.24 18:30:24.804,1.15155,1.1518,6.00,2.80
2009.06.24 18:30:25.373,1.15155,1.1518,3.20,7.40
2009.06.24 18:30:25.663,1.15145,1.1518,4.80,9.00
2009.06.24 18:30:25.953,1.15145,1.1518,4.80,10.60
2009.06.24 18:30:26.193,1.15145,1.1518,8.00,10.60
2009.06.24 18:30:26.473,1.15145,1.1518,8.00,10.40
2009.06.24 18:30:26.703,1.15145,1.1518,8.00,10.60
2009.06.24 18:30:26.993,1.15145,1.1518,7.60,10.60
2009.06.24 18:30:27.953,1.15145,1.1517,7.60,3.60
2009.06.24 18:30:30.162,1.15155,1.1517,2.80,1.80
2009.06.24 18:30:30.522,1.15155,1.1517,2.80,1.60
2009.06.24 18:30:30.872,1.15155,1.1517,2.80,1.80
2009.06.24 18:30:31.172,1.15155,1.1517,6.00,2.40
2009.06.24 18:30:32.492,1.15155,1.1517,6.00,1.00
2009.06.24 18:30:33.081,1.15155,1.1517,6.00,1.00
2009.06.24 18:30:33.251,1.15155,1.1517,6.00,1.00
2009.06.24 18:30:34.011,1.15155,1.1517,3.20,3.80
2009.06.24 18:30:34.401,1.15145,1.1517,4.40,1.00
2009.06.24 18:30:34.641,1.1515,1.1518,1.00,8.80
2009.06.24 18:30:34.871,1.1515,1.1518,1.00,8.60
2009.06.24 18:30:35.091,1.15155,1.1518,1.20,6.00
2009.06.24 18:30:35.321,1.1516,1.1519,1.00,6.40
2009.06.24 18:30:35.681,1.1516,1.1519,1.00,3.20
2009.06.24 18:30:35.971,1.1516,1.1519,1.20,3.20
2009.06.24 18:30:36.311,1.1516,1.1519,1.00,3.20
2009.06.24 18:30:40.123,1.1516,1.1521,4.40,6.60
2009.06.24 18:30:40.519,1.1516,1.15205,4.40,6.80
2009.06.24 18:30:40.790,1.1517,1.152,1.00,4.80
2009.06.24 18:30:41.140,1.1517,1.152,2.20,4.20
2009.06.24 18:30:41.409,1.1518,1.152,1.40,3.20
2009.06.24 18:30:41.749,1.1519,1.15225,1.20,2.60
2009.06.24 18:30:42.089,1.1519,1.15225,1.20,4.80
2009.06.24 18:30:42.379,1.152,1.1521,1.00,1.60
2009.06.24 18:30:42.789,1.152,1.15215,1.00,3.20
2009.06.24 18:30:43.249,1.15175,1.1523,5.00,6.00
2009.06.24 18:30:43.589,1.15185,1.15225,1.20,4.00
2009.06.24 18:30:43.929,1.15185,1.15225,1.20,3.20
2009.06.24 18:30:44.369,1.1519,1.1524,1.40,5.80
2009.06.24 18:30:45.169,1.1519,1.15225,1.20,1.20
2009.06.24 18:30:45.468,1.152,1.1524,1.20,16.60
2009.06.24 18:30:45.708,1.152,1.15225,1.00,2.60
2009.06.24 18:30:45.998,1.1519,1.15215,1.60,5.60
2009.06.24 18:30:46.338,1.1518,1.1521,3.40,1.60
2009.06.24 18:30:46.698,1.1518,1.15215,3.40,4.00
2009.06.24 18:30:47.418,1.1518,1.1522,3.40,6.40
2009.06.24 18:30:47.718,1.1518,1.1522,3.40,3.20
2009.06.24 18:30:49.017,1.1518,1.15205,3.40,3.20
2009.06.24 18:30:49.398,1.1518,1.15215,3.40,6.20
2009.06.24 18:30:49.737,1.1518,1.15225,3.80,3.20
2009.06.24 18:30:52.137,1.1518,1.1521,3.80,2.40
2009.06.24 18:30:52.317,1.1518,1.1521,3.80,4.00
2009.06.24 18:30:53.896,1.1518,1.1522,3.80,6.40
2009.06.24 18:30:54.286,1.1518,1.1522,3.80,3.20
2009.06.24 18:30:55.736,1.15195,1.1522,1.00,3.20
2009.06.24 18:30:56.236,1.15195,1.1522,1.00,3.20
2009.06.24 18:30:56.585,1.15195,1.1522,1.00,3.20
2009.06.24 18:30:57.116,1.15175,1.1521,3.40,5.00
2009.06.24 18:30:57.406,1.15175,1.1521,3.40,4.60
2009.06.24 18:30:57.745,1.15175,1.1521,3.40,1.80
2009.06.24 18:30:58.045,1.15175,1.1521,3.40,1.00
2009.06.24 18:30:58.575,1.1518,1.1522,3.40,3.20
2009.06.24 18:31:01.285,1.1518,1.1522,3.40,5.60
2009.06.24 18:31:01.735,1.1518,1.1521,3.40,1.00
2009.06.24 18:31:02.254,1.1518,1.152,3.40,3.20
2009.06.24 18:31:02.704,1.1518,1.1519,3.40,1.00
2009.06.24 18:31:03.094,1.1518,1.1523,3.40,3.20
2009.06.24 18:31:03.844,1.1519,1.1523,1.00,3.20
2009.06.24 18:31:04.684,1.1518,1.1522,3.40,3.20
2009.06.24 18:31:04.794,1.1518,1.1522,3.40,6.40
2009.06.24 18:31:05.783,1.1519,1.1522,1.60,6.40
2009.06.24 18:31:06.124,1.1519,1.1522,1.80,6.40
2009.06.24 18:31:06.473,1.1519,1.1522,2.80,6.40
2009.06.24 18:31:06.714,1.152,1.1522,1.00,6.40
2009.06.24 18:31:07.304,1.152,1.1522,1.20,6.40
2009.06.24 18:31:07.823,1.1521,1.1523,2.20,14.80
2009.06.24 18:31:08.103,1.1521,1.1523,1.80,11.20
2009.06.24 18:31:08.443,1.15235,1.15255,1.20,6.60
2009.06.24 18:31:08.863,1.15245,1.1528,3.80,6.80
2009.06.24 18:31:09.213,1.15265,1.15305,1.00,6.40
2009.06.24 18:31:09.617,1.1528,1.15325,1.00,12.60
2009.06.24 18:31:09.842,1.1527,1.15305,2.00,1.00
2009.06.24 18:31:10.132,1.1527,1.1531,1.00,4.80
2009.06.24 18:31:10.422,1.1525,1.1531,4.00,4.40
2009.06.24 18:31:11.212,1.15265,1.153,3.60,6.60
2009.06.24 18:31:11.492,1.1526,1.1529,3.60,3.80
2009.06.24 18:31:11.842,1.1526,1.1529,3.60,4.00
2009.06.24 18:31:12.242,1.15265,1.1529,3.60,4.20
2009.06.24 18:31:12.582,1.1527,1.1529,1.20,4.00
2009.06.24 18:31:12.802,1.1527,1.1528,3.60,2.00
2009.06.24 18:31:13.092,1.15265,1.1527,1.60,6.20
2009.06.24 18:31:13.562,1.1526,1.1527,3.60,8.60
2009.06.24 18:31:13.851,1.1524,1.1527,3.60,9.00
2009.06.24 18:31:14.182,1.15235,1.1527,3.60,9.60
2009.06.24 18:31:14.422,1.15235,1.1527,3.60,9.80
2009.06.24 18:31:14.831,1.1523,1.1527,5.40,9.60
2009.06.24 18:31:15.291,1.15235,1.1527,5.20,9.80
2009.06.24 18:31:15.801,1.1524,1.1527,3.60,9.00
2009.06.24 18:31:16.211,1.1524,1.1527,3.60,8.60
2009.06.24 18:31:16.541,1.1524,1.1527,3.60,8.60
2009.06.24 18:31:16.821,1.1524,1.1527,3.60,9.00
2009.06.24 18:31:17.101,1.1524,1.1527,3.60,8.60
2009.06.24 18:31:17.391,1.1524,1.1527,3.60,5.00
2009.06.24 18:31:17.730,1.1525,1.1527,1.00,1.80
2009.06.24 18:31:18.170,1.1525,1.1527,3.20,1.00
2009.06.24 18:31:18.701,1.15245,1.1526,1.00,6.20
2009.06.24 18:31:19.040,1.1524,1.1526,1.00,7.80
2009.06.24 18:31:19.210,1.1524,1.1526,1.00,8.00
2009.06.24 18:31:19.500,1.1524,1.1526,1.00,8.40
2009.06.24 18:31:19.780,1.1524,1.1526,1.00,3.20
2009.06.24 18:31:19.950,1.1525,1.1527,1.00,3.20
2009.06.24 18:31:20.470,1.1527,1.1528,3.20,4.00
2009.06.24 18:31:20.750,1.15265,1.15335,8.00,14.80
2009.06.24 18:31:21.090,1.15265,1.15325,7.40,3.20
2009.06.24 18:31:21.839,1.1528,1.1531,3.60,3.20
2009.06.24 18:31:22.239,1.1528,1.15315,3.60,4.00
2009.06.24 18:31:22.529,1.1528,1.15315,3.60,3.20
2009.06.24 18:31:24.159,1.1528,1.15315,3.60,4.00
2009.06.24 18:31:24.449,1.1528,1.15315,3.60,4.40
2009.06.24 18:31:24.909,1.1528,1.153,3.60,5.20
2009.06.24 18:31:25.079,1.1526,1.15295,5.00,2.40
2009.06.24 18:31:25.579,1.15265,1.15295,1.00,1.00
2009.06.24 18:31:25.940,1.15275,1.1529,1.80,1.00
2009.06.24 18:31:26.289,1.1528,1.15315,2.00,3.20
2009.06.24 18:31:26.998,1.15285,1.15315,1.00,3.20
2009.06.24 18:31:27.268,1.1529,1.15315,2.20,4.00
2009.06.24 18:31:27.748,1.1529,1.153,2.20,1.00
2009.06.24 18:31:27.988,1.1527,1.1529,5.20,5.00
2009.06.24 18:31:28.468,1.15275,1.1529,3.60,5.20
2009.06.24 18:31:28.788,1.15255,1.1528,1.60,5.20
2009.06.24 18:31:29.128,1.1526,1.1528,3.60,6.20
2009.06.24 18:31:29.408,1.1526,1.1527,3.60,5.60
2009.06.24 18:31:29.868,1.1524,1.1526,1.60,3.20
2009.06.24 18:31:30.207,1.15235,1.1526,1.00,5.60
2009.06.24 18:31:30.488,1.1525,1.1526,3.60,6.20
2009.06.24 18:31:30.827,1.1525,1.1526,3.60,5.80
2009.06.24 18:31:31.167,1.1524,1.1526,3.60,5.80
2009.06.24 18:31:31.567,1.15225,1.15265,1.20,9.00
2009.06.24 18:31:32.027,1.15215,1.1526,11.40,3.20
2009.06.24 18:31:32.247,1.15215,1.1526,6.60,3.20
2009.06.24 18:31:33.107,1.15225,1.1526,1.20,3.20
2009.06.24 18:31:33.387,1.15235,1.1526,1.00,3.20
2009.06.24 18:31:33.617,1.15235,1.1526,1.20,3.20
2009.06.24 18:31:34.217,1.15235,1.1526,1.00,3.20
2009.06.24 18:31:34.496,1.1523,1.15245,2.80,2.80
2009.06.24 18:31:34.777,1.1521,1.15245,3.60,3.20
2009.06.24 18:31:35.516,1.1521,1.1523,3.60,1.00
2009.06.24 18:31:35.866,1.1521,1.1523,1.00,1.00
2009.06.24 18:31:36.267,1.1521,1.1523,1.00,3.20
2009.06.24 18:31:36.606,1.1521,1.1523,1.00,2.20
2009.06.24 18:31:37.066,1.1521,1.1525,1.00,8.80
2009.06.24 18:31:37.406,1.1521,1.15235,2.40,1.00
2009.06.24 18:31:37.796,1.1521,1.15235,1.00,1.00
2009.06.24 18:31:38.146,1.152,1.15225,4.40,1.00
2009.06.24 18:31:38.656,1.15195,1.1523,8.80,3.40
2009.06.24 18:31:38.886,1.15195,1.1523,8.60,1.60
2009.06.24 18:31:39.065,1.152,1.1524,5.20,3.20
2009.06.24 18:31:39.625,1.15195,1.1524,8.40,3.20
2009.06.24 18:31:39.965,1.15205,1.1523,1.40,3.20
2009.06.24 18:31:40.065,1.15215,1.1523,1.20,3.20
2009.06.24 18:31:40.335,1.15215,1.15235,1.20,3.20
2009.06.24 18:31:40.855,1.15215,1.15235,1.60,11.60
2009.06.24 18:31:41.095,1.1522,1.1524,1.80,3.20
2009.06.24 18:31:41.445,1.15215,1.1526,1.80,4.00
2009.06.24 18:31:41.945,1.15215,1.15255,1.00,3.20
2009.06.24 18:31:42.325,1.1522,1.15265,8.20,5.80
2009.06.24 18:31:42.554,1.1523,1.15265,1.20,9.60
2009.06.24 18:31:42.944,1.1523,1.15265,1.20,3.20
2009.06.24 18:31:43.225,1.1524,1.15265,1.00,4.00
2009.06.24 18:31:44.024,1.1523,1.15265,1.00,6.80
2009.06.24 18:31:44.254,1.15225,1.1524,1.00,1.60
2009.06.24 18:31:44.544,1.1522,1.15265,2.60,9.80
2009.06.24 18:31:45.294,1.1521,1.1525,1.60,1.00
2009.06.24 18:31:45.764,1.1521,1.1524,1.00,1.00
2009.06.24 18:31:46.064,1.1521,1.1524,1.20,1.00
2009.06.24 18:31:46.693,1.1521,1.1524,1.20,1.00
2009.06.24 18:31:47.054,1.1521,1.1524,1.20,3.20
2009.06.24 18:31:47.454,1.1521,1.15245,1.20,3.80
2009.06.24 18:31:48.633,1.1521,1.15245,1.40,3.20
2009.06.24 18:31:48.853,1.1521,1.15245,1.20,3.20
2009.06.24 18:31:49.193,1.1521,1.15245,1.60,3.20
2009.06.24 18:31:49.763,1.1521,1.1525,1.60,3.20
2009.06.24 18:31:50.213,1.1521,1.1525,3.20,3.20
2009.06.24 18:31:51.083,1.1521,1.15235,2.40,1.20
2009.06.24 18:31:51.202,1.1522,1.15235,1.00,3.00
2009.06.24 18:31:51.992,1.15195,1.15235,4.60,3.00
2009.06.24 18:31:52.283,1.15195,1.1523,2.60,5.20
2009.06.24 18:31:52.512,1.15195,1.1523,2.40,5.40
2009.06.24 18:31:52.912,1.15195,1.1522,2.40,1.00
2009.06.24 18:31:53.202,1.15195,1.1522,4.80,4.00
2009.06.24 18:31:53.492,1.15175,1.1522,4.40,3.40
2009.06.24 18:31:53.982,1.15175,1.1521,1.20,6.00
2009.06.24 18:31:54.322,1.1517,1.152,4.20,1.20
2009.06.24 18:31:54.662,1.15165,1.15205,5.60,4.40
2009.06.24 18:31:55.012,1.1517,1.15205,1.60,3.80
2009.06.24 18:31:55.962,1.1517,1.152,1.20,3.20
2009.06.24 18:31:56.641,1.1516,1.15185,2.40,3.20
2009.06.24 18:31:56.871,1.1516,1.15185,1.00,3.20
2009.06.24 18:31:57.281,1.1515,1.15185,1.20,3.20
2009.06.24 18:31:57.561,1.1515,1.1518,1.00,3.20
2009.06.24 18:31:57.803,1.15145,1.1518,2.80,3.20
2009.06.24 18:31:58.801,1.15145,1.15165,2.80,1.00
2009.06.24 18:31:59.301,1.15145,1.1516,1.80,3.20
2009.06.24 18:31:59.631,1.15125,1.15155,3.20,1.00
2009.06.24 18:31:59.861,1.15125,1.1515,1.60,1.00
2009.06.24 18:32:00.590,1.15125,1.1515,2.40,1.00
2009.06.24 18:32:01.040,1.1513,1.1515,3.20,1.00
2009.06.24 18:32:01.370,1.15125,1.1516,7.60,3.20
2009.06.24 18:32:01.660,1.1514,1.1516,6.60,3.20
2009.06.24 18:32:02.110,1.15135,1.1517,3.60,3.20
2009.06.24 18:32:02.450,1.15135,1.1517,3.20,3.20
2009.06.24 18:32:02.689,1.1515,1.1517,1.00,1.00
2009.06.24 18:32:03.499,1.1514,1.1517,3.00,1.00
2009.06.24 18:32:04.129,1.1514,1.1517,3.40,1.00
2009.06.24 18:32:04.579,1.1514,1.1517,3.20,1.00
2009.06.24 18:32:04.629,1.1514,1.1517,3.40,1.00
2009.06.24 18:32:05.269,1.1514,1.1517,5.20,1.00
2009.06.24 18:32:05.499,1.1515,1.1518,1.00,9.40
2009.06.24 18:32:06.709,1.1515,1.1518,1.00,3.20
2009.06.24 18:32:07.159,1.1516,1.1518,1.00,3.20
2009.06.24 18:32:07.678,1.1516,1.1518,1.00,3.20
2009.06.24 18:32:07.798,1.1516,1.1518,1.00,3.20
2009.06.24 18:32:08.548,1.1515,1.1518,1.00,3.20
2009.06.24 18:32:09.308,1.1514,1.1517,5.20,1.00
2009.06.24 18:32:09.538,1.15155,1.1517,1.00,1.00
2009.06.24 18:32:09.768,1.15155,1.1518,1.00,3.20
2009.06.24 18:32:10.268,1.15155,1.1518,1.40,3.20
2009.06.24 18:32:10.558,1.1516,1.1518,1.20,3.20
2009.06.24 18:32:11.308,1.1516,1.1518,1.00,3.20
2009.06.24 18:32:11.477,1.1516,1.1518,1.20,3.20
2009.06.24 18:32:11.828,1.1516,1.1518,1.40,3.20
2009.06.24 18:32:12.477,1.1516,1.1518,1.00,3.20
2009.06.24 18:32:12.887,1.15135,1.1518,2.80,3.20
2009.06.24 18:32:13.417,1.15135,1.1516,2.20,3.20
2009.06.24 18:32:13.817,1.15135,1.1515,1.00,3.20
2009.06.24 18:32:14.087,1.1514,1.15155,4.20,8.40
2009.06.24 18:32:14.377,1.1514,1.15155,3.60,6.40
2009.06.24 18:32:14.667,1.1516,1.1519,1.20,6.20
2009.06.24 18:32:14.948,1.1516,1.1519,1.00,5.20
2009.06.24 18:32:15.457,1.1515,1.152,2.00,14.80
2009.06.24 18:32:15.926,1.1517,1.1519,1.00,3.20
2009.06.24 18:32:16.266,1.1517,1.152,1.00,3.20
2009.06.24 18:32:16.607,1.1517,1.152,1.40,3.20
2009.06.24 18:32:16.947,1.1517,1.1521,1.00,3.20
2009.06.24 18:32:17.446,1.1518,1.1519,1.00,5.70
2009.06.24 18:32:17.846,1.15145,1.15195,1.60,1.80
2009.06.24 18:32:18.076,1.1515,1.1521,1.00,16.60
2009.06.24 18:32:18.486,1.1516,1.15195,1.00,10.20
2009.06.24 18:32:18.766,1.1516,1.1519,1.00,5.00
2009.06.24 18:32:19.046,1.1517,1.1521,1.80,6.20
2009.06.24 18:32:19.346,1.1518,1.15215,1.00,9.40
2009.06.24 18:32:19.806,1.1518,1.1522,2.20,9.40
2009.06.24 18:32:20.146,1.1518,1.1522,4.00,5.80
2009.06.24 18:32:20.535,1.15175,1.1522,6.80,3.20
2009.06.24 18:32:20.885,1.1518,1.1522,2.20,3.20
2009.06.24 18:32:21.565,1.1517,1.1521,4.00,3.20
2009.06.24 18:32:21.915,1.1517,1.1521,3.00,3.20
2009.06.24 18:32:22.135,1.1517,1.1521,2.60,3.20
2009.06.24 18:32:22.485,1.1517,1.1521,1.20,3.20
2009.06.24 18:32:22.885,1.1517,1.152,1.00,3.20
2009.06.24 18:32:23.915,1.1517,1.152,1.00,3.20
2009.06.24 18:32:24.094,1.1517,1.1519,1.00,1.00
2009.06.24 18:32:24.705,1.1517,1.1519,1.00,1.00
2009.06.24 18:32:24.944,1.1517,1.152,1.20,3.20
2009.06.24 18:32:25.914,1.1517,1.152,1.00,3.20
2009.06.24 18:32:27.364,1.1517,1.152,1.00,3.20
2009.06.24 18:32:28.113,1.1517,1.152,1.40,3.20
2009.06.24 18:32:29.083,1.1517,1.152,1.00,3.20
2009.06.24 18:32:29.383,1.1517,1.1519,1.00,1.00
2009.06.24 18:32:29.663,1.1517,1.1519,1.00,5.40
2009.06.24 18:32:30.083,1.1517,1.1519,1.00,3.20
2009.06.24 18:32:30.773,1.1517,1.152,1.20,3.20
2009.06.24 18:32:31.103,1.1517,1.152,1.40,3.20
2009.06.24 18:32:31.743,1.1517,1.152,1.20,3.20
2009.06.24 18:32:32.093,1.1517,1.152,1.00,3.20
2009.06.24 18:32:33.202,1.1517,1.152,1.80,3.20
2009.06.24 18:32:34.052,1.1517,1.15205,1.80,3.20
2009.06.24 18:32:34.392,1.1518,1.15215,1.40,5.00
2009.06.24 18:32:34.792,1.1518,1.15215,1.00,3.40
2009.06.24 18:32:35.062,1.1518,1.1522,2.40,3.20
2009.06.24 18:32:35.712,1.1518,1.1522,3.00,3.20
2009.06.24 18:32:36.092,1.15175,1.1522,8.60,3.20
2009.06.24 18:32:36.422,1.1519,1.15225,1.40,3.20
2009.06.24 18:32:36.771,1.152,1.1522,1.00,3.20
2009.06.24 18:32:37.421,1.152,1.15225,1.00,3.20
2009.06.24 18:32:37.641,1.1521,1.1525,1.40,4.80
2009.06.24 18:32:38.201,1.1522,1.1525,1.00,4.80
2009.06.24 18:32:38.621,1.1522,1.1525,1.00,4.80
2009.06.24 18:32:39.131,1.1522,1.15255,2.40,3.20
2009.06.24 18:32:39.472,1.15235,1.15275,1.00,15.80
2009.06.24 18:32:39.770,1.15235,1.15275,1.00,3.20
2009.06.24 18:32:40.731,1.1524,1.15265,1.40,3.20
2009.06.24 18:32:41.281,1.1524,1.15265,1.20,3.20
2009.06.24 18:32:41.630,1.1524,1.1527,1.20,3.20
2009.06.24 18:32:42.140,1.1525,1.15275,1.00,12.00
2009.06.24 18:32:42.621,1.1525,1.15275,1.00,4.80
2009.06.24 18:32:42.921,1.15205,1.1526,5.80,5.60
2009.06.24 18:32:43.150,1.15205,1.1526,3.60,5.60
2009.06.24 18:32:43.650,1.152,1.15255,4.00,3.20
2009.06.24 18:32:43.920,1.15195,1.15255,8.60,3.20
2009.06.24 18:32:44.550,1.15215,1.15255,1.60,6.20
2009.06.24 18:32:44.900,1.15205,1.15255,5.40,7.80
2009.06.24 18:32:45.229,1.15205,1.1525,4.00,3.20
2009.06.24 18:32:45.569,1.15215,1.1524,1.60,3.60
2009.06.24 18:32:45.929,1.15205,1.1523,3.00,5.40
2009.06.24 18:32:46.279,1.152,1.1522,1.60,1.00
2009.06.24 18:32:46.669,1.1519,1.1522,1.00,5.40
2009.06.24 18:32:47.029,1.1519,1.1522,1.00,5.80
2009.06.24 18:32:47.559,1.1519,1.1522,1.00,4.60
2009.06.24 18:32:47.849,1.1519,1.1522,1.00,3.00
2009.06.24 18:32:48.019,1.152,1.1522,1.20,3.60
2009.06.24 18:32:48.529,1.152,1.1522,1.80,1.00
2009.06.24 18:32:48.939,1.15195,1.1521,4.40,1.60
2009.06.24 18:32:49.288,1.15195,1.152,3.20,2.00
2009.06.24 18:32:49.518,1.15175,1.15195,3.60,3.20
2009.06.24 18:32:49.798,1.15175,1.1519,3.60,3.20
2009.06.24 18:32:50.038,1.15155,1.15195,2.00,8.60
2009.06.24 18:32:50.608,1.15155,1.15185,1.00,1.20
2009.06.24 18:32:50.888,1.1515,1.15185,2.80,8.00
2009.06.24 18:32:51.438,1.15155,1.1518,1.80,4.40
2009.06.24 18:32:51.828,1.15135,1.15165,1.40,1.00
2009.06.24 18:32:52.168,1.15135,1.15165,1.00,1.00
2009.06.24 18:32:52.697,1.1513,1.15155,4.40,1.00
2009.06.24 18:32:53.038,1.1513,1.1514,2.00,1.00
2009.06.24 18:32:53.727,1.1513,1.15165,1.80,3.20
2009.06.24 18:32:54.008,1.1513,1.15165,1.40,3.20
2009.06.24 18:32:54.287,1.1513,1.15165,1.80,3.20
2009.06.24 18:32:54.567,1.1513,1.15155,2.00,1.00
2009.06.24 18:32:54.857,1.1513,1.1515,1.40,1.00
2009.06.24 18:32:55.157,1.1513,1.1515,2.40,1.00
2009.06.24 18:32:55.427,1.1514,1.1516,2.20,2.00
2009.06.24 18:32:55.777,1.1515,1.15165,1.00,3.00
2009.06.24 18:32:56.237,1.1516,1.15185,1.00,3.20
2009.06.24 18:32:56.587,1.1517,1.152,1.40,15.40
2009.06.24 18:32:56.937,1.1518,1.1521,1.60,2.60
2009.06.24 18:32:57.407,1.15195,1.1521,1.00,2.60
2009.06.24 18:32:57.767,1.15195,1.1521,1.00,5.80
2009.06.24 18:32:58.156,1.15195,1.1521,1.00,3.20
2009.06.24 18:32:59.066,1.152,1.1521,1.20,3.20
2009.06.24 18:32:59.426,1.152,1.1521,1.00,3.20
2009.06.24 18:32:59.656,1.1519,1.1521,1.20,3.20
2009.06.24 18:32:59.776,1.1519,1.1521,1.00,3.20
2009.06.24 18:33:01.036,1.152,1.1521,1.00,3.20
2009.06.24 18:33:01.895,1.1519,1.1521,1.00,3.20
2009.06.24 18:33:02.465,1.152,1.1521,1.00,3.20
2009.06.24 18:33:03.495,1.152,1.1521,1.40,3.20
2009.06.24 18:33:04.445,1.152,1.1521,1.20,3.20
2009.06.24 18:33:05.034,1.152,1.1521,1.60,3.20
2009.06.24 18:33:05.434,1.152,1.1521,1.00,6.40
2009.06.24 18:33:05.775,1.1518,1.1521,6.00,3.20
2009.06.24 18:33:06.005,1.1518,1.1521,2.80,3.20
2009.06.24 18:33:07.614,1.15195,1.1521,1.00,3.20
2009.06.24 18:33:07.894,1.15195,1.1521,1.60,1.00
2009.06.24 18:33:08.174,1.15205,1.15235,1.00,5.20
2009.06.24 18:33:08.684,1.1521,1.1524,2.20,1.60
2009.06.24 18:33:08.964,1.1522,1.15255,1.00,9.40
2009.06.24 18:33:09.255,1.1522,1.15255,2.40,3.20
2009.06.24 18:33:09.594,1.1523,1.15255,1.00,3.20
2009.06.24 18:33:10.273,1.15205,1.1525,1.20,3.20
2009.06.24 18:33:10.793,1.15205,1.15245,1.00,3.20
2009.06.24 18:33:11.253,1.15205,1.1524,1.00,3.20
2009.06.24 18:33:11.813,1.1523,1.1525,1.00,12.20
2009.06.24 18:33:12.103,1.1524,1.1526,1.00,11.40
2009.06.24 18:33:12.393,1.1524,1.15265,1.20,9.00
2009.06.24 18:33:12.663,1.1525,1.15265,1.20,2.60
2009.06.24 18:33:13.123,1.1526,1.1527,1.60,2.60
2009.06.24 18:33:13.473,1.1527,1.15315,1.00,11.60
2009.06.24 18:33:13.863,1.1527,1.1531,1.00,3.20
2009.06.24 18:33:14.083,1.1527,1.15285,1.00,2.60
2009.06.24 18:33:14.873,1.1527,1.153,1.00,2.60
2009.06.24 18:33:16.132,1.1527,1.15285,1.00,3.20
2009.06.24 18:33:16.472,1.1526,1.15285,1.00,3.20
2009.06.24 18:33:16.592,1.1526,1.15285,1.60,2.40
2009.06.24 18:33:17.092,1.1527,1.15295,1.00,5.80
2009.06.24 18:33:17.382,1.1528,1.15295,1.00,11.20
2009.06.24 18:33:17.842,1.15255,1.15285,1.60,2.00
2009.06.24 18:33:18.191,1.15245,1.15285,5.20,3.20
2009.06.24 18:33:18.531,1.15245,1.15275,1.00,1.00
2009.06.24 18:33:18.822,1.15245,1.15275,1.00,1.00
2009.06.24 18:33:19.111,1.1523,1.1526,6.80,1.00
2009.06.24 18:33:19.391,1.1523,1.1526,5.20,1.00
2009.06.24 18:33:19.671,1.15235,1.1526,1.20,1.00
2009.06.24 18:33:20.141,1.1524,1.1526,2.00,1.00
2009.06.24 18:33:20.431,1.1524,1.1527,2.20,9.40
2009.06.24 18:33:21.211,1.1525,1.1527,1.20,8.80
2009.06.24 18:33:21.800,1.1525,1.15275,1.20,12.00
2009.06.24 18:33:22.141,1.1525,1.15275,2.00,5.60
2009.06.24 18:33:22.500,1.1525,1.15275,3.20,3.20
2009.06.24 18:33:22.920,1.1525,1.15275,3.20,7.20
2009.06.24 18:33:23.460,1.1526,1.153,3.60,2.60
2009.06.24 18:33:23.810,1.1526,1.15295,5.20,2.60
2009.06.24 18:33:24.350,1.1526,1.15305,5.20,2.60
2009.06.24 18:33:24.640,1.1527,1.153,1.00,2.60
2009.06.24 18:33:24.930,1.1526,1.153,6.80,2.60
2009.06.24 18:33:25.460,1.15275,1.15305,1.20,5.80
2009.06.24 18:33:25.790,1.15275,1.15305,1.20,2.60
2009.06.24 18:33:26.140,1.15295,1.15315,1.60,3.60
2009.06.24 18:33:26.529,1.1529,1.1532,1.60,5.80
2009.06.24 18:33:26.819,1.15275,1.1532,6.80,3.20
2009.06.24 18:33:27.109,1.1528,1.1532,2.20,3.20
2009.06.24 18:33:27.499,1.1529,1.15325,3.20,3.20
2009.06.24 18:33:28.299,1.153,1.15325,1.00,3.20
2009.06.24 18:33:28.579,1.153,1.15325,1.20,3.20
2009.06.24 18:33:28.699,1.1529,1.15325,3.40,3.20
2009.06.24 18:33:29.638,1.153,1.15325,1.40,3.20
2009.06.24 18:33:29.808,1.153,1.15325,1.20,3.20
2009.06.24 18:33:32.588,1.15315,1.15355,49.20,8.40
2009.06.24 18:33:32.858,1.15325,1.1535,49.00,3.20
2009.06.24 18:33:33.238,1.1532,1.1535,1.40,3.20
2009.06.24 18:33:33.568,1.1532,1.1535,1.20,3.20
2009.06.24 18:33:34.088,1.1532,1.15345,1.20,3.20
2009.06.24 18:33:34.368,1.15285,1.15335,8.40,7.20
2009.06.24 18:33:34.717,1.15285,1.15335,7.20,7.60
2009.06.24 18:33:35.068,1.15345,1.1535,1.20,3.20
2009.06.24 18:33:35.597,1.15315,1.1535,2.20,6.40
2009.06.24 18:33:35.977,1.15335,1.1539,1.00,12.20
2009.06.24 18:33:36.318,1.1535,1.15385,1.00,6.20
2009.06.24 18:33:36.657,1.1535,1.1538,1.00,3.20
2009.06.24 18:33:36.887,1.1534,1.1537,1.00,3.20
2009.06.24 18:33:37.237,1.1534,1.15355,1.00,3.20
2009.06.24 18:33:37.527,1.1534,1.1536,1.00,3.20
2009.06.24 18:33:37.759,1.15315,1.1535,3.40,2.40
2009.06.24 18:33:38.157,1.15315,1.15345,2.80,4.00
2009.06.24 18:33:38.497,1.15305,1.15345,1.60,4.40
2009.06.24 18:33:38.846,1.1532,1.15345,1.00,4.40
2009.06.24 18:33:39.187,1.1532,1.15345,1.00,4.40
2009.06.24 18:33:39.426,1.1532,1.15335,1.20,1.00
2009.06.24 18:33:39.536,1.1531,1.15345,1.60,3.20
2009.06.24 18:33:39.978,1.1531,1.15325,1.60,1.40
2009.06.24 18:33:40.256,1.1529,1.15315,1.60,4.00
2009.06.24 18:33:41.066,1.15265,1.15305,5.20,5.80
2009.06.24 18:33:41.586,1.15275,1.15305,1.20,3.80
2009.06.24 18:33:41.916,1.1528,1.15315,1.60,3.80
2009.06.24 18:33:42.256,1.1529,1.15315,1.20,3.20
2009.06.24 18:33:42.786,1.1529,1.1532,1.20,5.80
2009.06.24 18:33:43.146,1.1529,1.1532,3.20,2.60
2009.06.24 18:33:43.495,1.15305,1.15325,1.20,2.60
2009.06.24 18:33:43.835,1.1526,1.1531,1.00,3.20
2009.06.24 18:33:44.356,1.15265,1.153,3.60,1.00
2009.06.24 18:33:44.715,1.1525,1.1529,1.60,1.00
2009.06.24 18:33:44.995,1.1526,1.1528,4.20,1.00
2009.06.24 18:33:45.285,1.1527,1.1528,3.60,1.00
2009.06.24 18:33:45.795,1.15275,1.1528,3.60,1.00
2009.06.24 18:33:46.085,1.15285,1.1529,3.60,1.20
2009.06.24 18:33:46.325,1.15285,1.1529,3.60,1.20
2009.06.24 18:33:46.725,1.15275,1.1529,3.60,1.00
2009.06.24 18:33:47.025,1.15255,1.1529,2.20,1.00
2009.06.24 18:33:47.374,1.15255,1.1529,2.00,1.00
2009.06.24 18:33:47.834,1.15265,1.1529,1.00,1.00
2009.06.24 18:33:48.224,1.15285,1.1531,3.40,5.60
2009.06.24 18:33:48.284,1.1528,1.1531,1.60,14.00
2009.06.24 18:33:48.724,1.1526,1.15295,3.60,1.00
2009.06.24 18:33:49.074,1.1526,1.1529,1.60,3.20
2009.06.24 18:33:49.544,1.1526,1.1529,1.20,3.20
2009.06.24 18:33:50.014,1.1526,1.15285,1.20,3.80
2009.06.24 18:33:50.114,1.1526,1.15285,1.20,3.40
2009.06.24 18:33:50.554,1.1526,1.15285,1.20,3.20
2009.06.24 18:33:51.404,1.15265,1.15285,4.60,1.60
2009.06.24 18:33:51.684,1.1527,1.15305,2.60,5.60
2009.06.24 18:33:51.963,1.1527,1.15305,1.60,4.00
2009.06.24 18:33:52.193,1.1528,1.15305,1.60,4.00
2009.06.24 18:33:52.423,1.1528,1.15305,1.60,3.60
2009.06.24 18:33:52.603,1.1528,1.1531,2.80,4.40
2009.06.24 18:33:53.043,1.1528,1.1531,3.80,7.20
2009.06.24 18:33:53.463,1.1528,1.1531,5.40,1.00
2009.06.24 18:33:53.913,1.1528,1.1533,5.80,3.20
2009.06.24 18:33:56.682,1.1528,1.1532,5.60,3.20
2009.06.24 18:33:57.472,1.1529,1.1532,1.00,3.20
2009.06.24 18:33:57.702,1.1529,1.1532,4.80,1.00
2009.06.24 18:33:58.142,1.1529,1.1534,5.00,3.20
2009.06.24 18:33:58.202,1.1529,1.1534,6.60,3.20
2009.06.24 18:33:58.502,1.1529,1.1534,6.60,3.60
2009.06.24 18:33:58.792,1.153,1.15335,1.60,3.20
2009.06.24 18:33:59.072,1.153,1.15325,1.60,3.20
2009.06.24 18:33:59.492,1.15275,1.15325,7.40,3.20
2009.06.24 18:33:59.671,1.15275,1.15315,3.20,2.20
2009.06.24 18:33:59.891,1.15275,1.15315,1.60,1.00
2009.06.24 18:34:00.241,1.15275,1.15315,1.60,1.40
2009.06.24 18:34:00.571,1.1528,1.1532,2.40,5.40
2009.06.24 18:34:01.111,1.1527,1.15305,5.00,1.20
2009.06.24 18:34:01.401,1.1527,1.15305,3.00,1.60
2009.06.24 18:34:01.751,1.1527,1.15305,1.40,1.60
2009.06.24 18:34:02.051,1.1527,1.15305,1.40,1.80
2009.06.24 18:34:02.381,1.1527,1.153,1.40,2.40
2009.06.24 18:34:02.711,1.15265,1.15305,5.00,5.60
2009.06.24 18:34:03.241,1.1527,1.15305,1.60,5.60
2009.06.24 18:34:03.401,1.1526,1.15305,6.40,5.40
2009.06.24 18:34:03.960,1.1526,1.15305,6.80,5.80
2009.06.24 18:34:04.340,1.1527,1.15305,1.60,5.80
2009.06.24 18:34:04.570,1.1527,1.153,1.60,2.80
2009.06.24 18:34:04.840,1.1527,1.15305,1.60,5.60
2009.06.24 18:34:05.080,1.1527,1.15305,2.60,5.60
2009.06.24 18:34:05.290,1.1527,1.15305,2.60,5.60
2009.06.24 18:34:05.870,1.1527,1.15305,1.20,5.40
2009.06.24 18:34:06.200,1.1528,1.15305,1.20,3.20
2009.06.24 18:34:07.070,1.1529,1.15305,1.00,3.20
2009.06.24 18:34:07.400,1.153,1.15305,1.40,6.40
2009.06.24 18:34:07.730,1.1531,1.1535,1.00,3.20
2009.06.24 18:34:08.239,1.1531,1.1535,2.00,1.00
2009.06.24 18:34:08.579,1.1531,1.1535,5.20,1.00
2009.06.24 18:34:08.929,1.1531,1.1534,5.20,1.00
2009.06.24 18:34:09.310,1.1531,1.1534,4.00,1.20
2009.06.24 18:34:09.709,1.1532,1.1534,1.00,1.20
2009.06.24 18:34:10.099,1.1532,1.1534,1.00,1.00
2009.06.24 18:34:10.329,1.1532,1.15365,1.80,10.40
2009.06.24 18:34:10.619,1.1532,1.1534,2.00,3.20
2009.06.24 18:34:10.899,1.1531,1.1535,1.00,8.80
2009.06.24 18:34:11.129,1.1531,1.1535,1.20,8.80
2009.06.24 18:34:11.529,1.1531,1.1535,2.40,1.00
2009.06.24 18:34:11.879,1.1531,1.1534,2.40,1.60
2009.06.24 18:34:12.228,1.1531,1.1534,1.60,1.60
2009.06.24 18:34:14.478,1.1531,1.1534,1.60,1.40
2009.06.24 18:34:14.878,1.1531,1.15345,1.60,4.40
2009.06.24 18:34:15.338,1.153,1.15345,8.00,4.40
2009.06.24 18:34:15.637,1.153,1.15345,8.00,4.00
2009.06.24 18:34:18.087,1.153,1.15345,6.80,4.40
2009.06.24 18:34:19.127,1.153,1.15345,6.60,4.40
2009.06.24 18:34:20.147,1.153,1.15335,6.00,1.00
2009.06.24 18:34:20.836,1.153,1.15335,4.00,1.60
2009.06.24 18:34:21.356,1.153,1.1533,1.60,4.00
2009.06.24 18:34:21.707,1.153,1.15335,1.60,6.80
2009.06.24 18:34:22.776,1.153,1.15335,2.60,6.20
2009.06.24 18:34:23.066,1.15305,1.1533,1.00,2.80
2009.06.24 18:34:23.186,1.15315,1.1533,3.60,2.80
2009.06.24 18:34:23.476,1.15315,1.1533,3.60,1.00
2009.06.24 18:34:23.586,1.15325,1.1534,1.60,7.20
2009.06.24 18:34:23.936,1.15305,1.1534,1.00,4.00
2009.06.24 18:34:24.045,1.15305,1.1534,1.00,1.00
2009.06.24 18:34:24.325,1.15305,1.1534,1.00,1.20
2009.06.24 18:34:25.195,1.1531,1.1534,1.00,1.00
2009.06.24 18:34:25.425,1.1531,1.1534,1.80,3.20
2009.06.24 18:34:25.645,1.1531,1.1534,2.20,3.20
2009.06.24 18:34:26.215,1.1532,1.15345,1.00,3.20
2009.06.24 18:34:26.495,1.1532,1.15335,1.00,3.20
2009.06.24 18:34:26.835,1.15285,1.1534,1.60,5.60
2009.06.24 18:34:27.475,1.15275,1.15335,8.40,3.20
2009.06.24 18:34:28.884,1.15295,1.15335,1.60,5.60
2009.06.24 18:34:29.685,1.15295,1.15335,1.60,6.20
2009.06.24 18:34:29.984,1.15295,1.15335,1.60,6.40
2009.06.24 18:34:30.094,1.15295,1.15335,1.60,6.80
2009.06.24 18:34:30.264,1.15285,1.15325,7.40,3.20
2009.06.24 18:34:30.374,1.1528,1.15325,7.80,7.40
2009.06.24 18:34:30.774,1.1528,1.15315,3.60,3.20
2009.06.24 18:34:30.994,1.15285,1.1532,1.00,3.20
2009.06.24 18:34:31.354,1.15285,1.15325,1.00,5.60
2009.06.24 18:34:31.574,1.15285,1.1532,1.00,3.20
2009.06.24 18:34:31.914,1.1528,1.1532,4.00,3.20
2009.06.24 18:34:34.003,1.15265,1.15315,1.20,3.20
2009.06.24 18:34:35.773,1.1528,1.1531,1.00,3.20
2009.06.24 18:34:36.102,1.1527,1.1531,2.20,3.20
2009.06.24 18:34:38.102,1.1527,1.15305,1.80,4.20
2009.06.24 18:34:38.442,1.1526,1.153,5.00,3.20
2009.06.24 18:34:38.662,1.1526,1.15305,6.00,5.80
2009.06.24 18:34:38.832,1.1526,1.15305,6.00,5.60
2009.06.24 18:34:39.052,1.1526,1.15305,6.00,5.80
2009.06.24 18:34:39.282,1.1526,1.15305,6.00,5.60
2009.06.24 18:34:39.462,1.1526,1.15305,5.20,6.20
2009.06.24 18:34:39.752,1.1526,1.15305,5.20,7.00
2009.06.24 18:34:39.992,1.1526,1.15295,1.40,3.20
2009.06.24 18:34:40.672,1.15255,1.15295,1.00,6.00
2009.06.24 18:34:41.091,1.1525,1.15295,7.60,6.00
2009.06.24 18:34:41.381,1.1525,1.15285,6.60,3.20
2009.06.24 18:34:41.721,1.1525,1.15285,3.40,3.20
2009.06.24 18:34:42.761,1.15255,1.1528,1.00,3.20
2009.06.24 18:34:46.010,1.1526,1.1528,1.00,3.20
2009.06.24 18:34:46.340,1.15255,1.1528,1.00,3.20
2009.06.24 18:34:47.020,1.1526,1.1528,1.20,3.20
2009.06.24 18:34:47.250,1.1526,1.1528,1.00,3.20
2009.06.24 18:34:47.550,1.15255,1.1528,1.00,3.20
2009.06.24 18:34:47.730,1.1526,1.1528,1.40,3.20
2009.06.24 18:34:48.280,1.1526,1.1528,1.60,3.20
2009.06.24 18:34:49.510,1.15255,1.1528,2.60,3.20
2009.06.24 18:34:49.979,1.15255,1.1528,1.00,3.20
2009.06.24 18:34:51.800,1.15255,1.15285,1.00,6.20
2009.06.24 18:34:52.129,1.15245,1.1527,1.80,1.00
2009.06.24 18:34:52.469,1.1524,1.1527,1.20,2.80
2009.06.24 18:34:52.799,1.1524,1.1527,1.20,2.60
2009.06.24 18:34:53.329,1.1525,1.1527,2.20,3.20
2009.06.24 18:34:53.679,1.1525,1.1528,2.20,3.20
2009.06.24 18:34:53.960,1.1526,1.1528,1.20,3.20
2009.06.24 18:34:54.198,1.1526,1.1528,2.20,3.20
2009.06.24 18:34:54.769,1.15275,1.1529,2.00,2.60
2009.06.24 18:34:55.128,1.15285,1.15315,1.20,1.00
2009.06.24 18:34:55.458,1.15285,1.153,1.20,2.60
2009.06.24 18:34:55.748,1.1528,1.15305,5.20,2.60
2009.06.24 18:34:55.981,1.1529,1.15305,1.80,2.60
2009.06.24 18:34:56.268,1.1529,1.15305,3.80,2.60
2009.06.24 18:34:56.778,1.153,1.15325,1.20,2.60
2009.06.24 18:34:57.168,1.153,1.1533,1.20,2.60
2009.06.24 18:34:57.728,1.15295,1.1531,1.60,3.20
2009.06.24 18:34:58.117,1.1529,1.15315,1.60,6.80
2009.06.24 18:34:58.527,1.1527,1.1531,5.60,3.20
2009.06.24 18:34:58.878,1.15275,1.15305,3.60,3.20
2009.06.24 18:34:59.337,1.15295,1.15325,1.00,3.20
2009.06.24 18:34:59.677,1.15295,1.1534,1.00,12.80
2009.06.24 18:35:00.097,1.15295,1.1534,1.00,4.00
2009.06.24 18:35:00.967,1.153,1.15335,2.60,2.60
2009.06.24 18:35:01.357,1.153,1.1532,3.20,2.60
2009.06.24 18:35:02.687,1.1532,1.1534,1.00,3.20
2009.06.24 18:35:02.976,1.1531,1.15345,1.00,3.20
2009.06.24 18:35:03.206,1.1531,1.1533,1.00,2.60
2009.06.24 18:35:03.846,1.1533,1.1536,1.40,3.20
2009.06.24 18:35:04.376,1.1532,1.1534,3.20,2.60
2009.06.24 18:35:05.046,1.1532,1.15335,3.60,2.60
2009.06.24 18:35:05.276,1.1532,1.15335,3.40,2.60
2009.06.24 18:35:05.565,1.1532,1.15345,3.40,2.60
2009.06.24 18:35:05.805,1.1532,1.15345,4.20,2.60
2009.06.24 18:35:06.046,1.15335,1.15345,1.00,2.60
2009.06.24 18:35:06.436,1.1533,1.1535,1.20,2.60
2009.06.24 18:35:06.885,1.15335,1.1535,1.60,2.60
2009.06.24 18:35:07.265,1.1534,1.15345,2.80,2.60
2009.06.24 18:35:07.945,1.1534,1.15355,1.60,2.60
2009.06.24 18:35:08.305,1.1534,1.15365,3.00,2.60
2009.06.24 18:35:08.915,1.1534,1.1537,3.00,2.60
2009.06.24 18:35:09.145,1.1534,1.1537,2.40,2.60
2009.06.24 18:35:09.605,1.1534,1.15375,1.60,2.60
2009.06.24 18:35:09.844,1.1534,1.1538,1.60,3.20
2009.06.24 18:35:10.504,1.15345,1.1538,1.20,3.20
2009.06.24 18:35:10.784,1.15345,1.1538,4.40,3.20
2009.06.24 18:35:12.034,1.15345,1.1538,4.40,3.40
2009.06.24 18:35:12.364,1.15345,1.1538,4.40,3.20
2009.06.24 18:35:16.513,1.15365,1.1538,1.60,4.20
2009.06.24 18:35:16.863,1.1534,1.1537,5.20,1.40
2009.06.24 18:35:17.204,1.1534,1.15375,3.60,6.80
2009.06.24 18:35:17.553,1.15345,1.15375,3.60,6.80
2009.06.24 18:35:17.902,1.15355,1.1538,3.60,3.20
2009.06.24 18:35:18.512,1.15355,1.15385,3.60,8.60
2009.06.24 18:35:18.802,1.15335,1.15385,2.80,8.60
2009.06.24 18:35:19.312,1.15335,1.15385,3.00,8.60
2009.06.24 18:35:19.872,1.15335,1.15385,2.40,11.40
2009.06.24 18:35:20.212,1.1534,1.15385,2.40,8.60
2009.06.24 18:35:20.382,1.1534,1.15375,2.40,1.00
2009.06.24 18:35:20.732,1.1534,1.15375,3.20,5.40
2009.06.24 18:35:21.112,1.1534,1.15385,2.20,6.40
2009.06.24 18:35:21.612,1.15355,1.1539,1.00,3.20
2009.06.24 18:35:22.871,1.1536,1.1539,1.00,3.20
2009.06.24 18:35:23.161,1.1536,1.1539,1.20,3.20
2009.06.24 18:35:23.401,1.1536,1.1539,1.00,3.20
2009.06.24 18:35:23.901,1.1536,1.1539,1.00,3.20
2009.06.24 18:35:27.690,1.1537,1.154,1.60,8.20
2009.06.24 18:35:27.970,1.15385,1.154,38.60,5.80
2009.06.24 18:35:28.310,1.1539,1.1542,3.60,2.00
2009.06.24 18:35:28.720,1.15395,1.1545,1.00,5.80
2009.06.24 18:35:28.940,1.15395,1.1545,1.00,2.60
2009.06.24 18:35:29.180,1.15405,1.15455,1.00,3.80
2009.06.24 18:35:29.580,1.15405,1.1543,1.00,3.20
2009.06.24 18:35:29.980,1.154,1.1543,3.60,3.20
2009.06.24 18:35:30.379,1.154,1.1543,2.00,3.20
2009.06.24 18:35:30.769,1.154,1.1542,2.20,3.20
2009.06.24 18:35:33.439,1.1541,1.1542,1.20,3.20
2009.06.24 18:35:33.709,1.1541,1.15445,1.20,3.20
2009.06.24 18:35:34.479,1.1541,1.15445,2.20,3.20
2009.06.24 18:35:34.658,1.1541,1.15455,3.80,3.20
2009.06.24 18:35:35.088,1.1541,1.1544,3.80,1.00
2009.06.24 18:35:35.378,1.1541,1.1545,3.80,3.20
2009.06.24 18:35:35.658,1.1541,1.1544,3.80,1.40
2009.06.24 18:35:35.928,1.1541,1.1544,3.80,2.00
2009.06.24 18:35:36.148,1.1541,1.1544,2.20,2.00
2009.06.24 18:35:37.488,1.1541,1.1544,2.20,1.00
2009.06.24 18:35:38.118,1.1542,1.1544,1.00,1.00
2009.06.24 18:35:38.288,1.15425,1.1546,1.20,8.40
2009.06.24 18:35:38.458,1.1542,1.15445,1.80,1.00
2009.06.24 18:35:38.817,1.1541,1.15445,1.60,1.00
2009.06.24 18:35:39.367,1.1541,1.15445,2.20,4.00
2009.06.24 18:35:39.867,1.15415,1.1546,5.60,12.00
2009.06.24 18:35:40.147,1.15415,1.1544,1.80,3.20
2009.06.24 18:35:40.387,1.1541,1.1544,4.60,3.20
2009.06.24 18:35:40.687,1.1541,1.1546,6.20,3.20
2009.06.24 18:35:41.557,1.1542,1.1547,4.40,6.60
2009.06.24 18:35:41.967,1.1542,1.15465,5.60,5.00
2009.06.24 18:35:42.267,1.1542,1.15465,5.60,4.80
2009.06.24 18:35:42.557,1.15415,1.15455,5.60,1.20
2009.06.24 18:35:42.847,1.1542,1.15455,3.20,1.20
2009.06.24 18:35:43.136,1.1542,1.15455,2.40,1.20
2009.06.24 18:35:43.416,1.1542,1.15455,3.80,1.20
2009.06.24 18:35:43.707,1.1543,1.1545,1.60,1.20
2009.06.24 18:35:44.336,1.1544,1.1546,1.00,1.00
2009.06.24 18:35:44.666,1.1544,1.1546,1.00,1.00
2009.06.24 18:35:45.296,1.1544,1.1545,1.00,1.00
2009.06.24 18:35:45.516,1.1543,1.1545,2.60,3.00
2009.06.24 18:35:45.876,1.1542,1.1544,4.60,1.00
2009.06.24 18:35:48.085,1.1543,1.15445,1.00,3.20
2009.06.24 18:35:48.375,1.1543,1.15455,1.60,1.00
2009.06.24 18:35:48.605,1.15435,1.1547,1.00,2.60
2009.06.24 18:35:48.895,1.1543,1.1547,1.00,2.60
2009.06.24 18:35:49.135,1.1544,1.1547,1.20,2.60
2009.06.24 18:35:49.415,1.1544,1.1547,1.00,2.60
2009.06.24 18:35:49.766,1.1545,1.15475,1.00,5.80
2009.06.24 18:35:50.105,1.1545,1.1547,2.00,3.20
2009.06.24 18:35:50.555,1.1545,1.1547,1.60,3.20
2009.06.24 18:35:50.945,1.1545,1.1547,1.40,3.20
2009.06.24 18:35:51.284,1.15445,1.1547,1.00,3.20
2009.06.24 18:35:51.635,1.15445,1.15475,1.00,3.20
2009.06.24 18:35:52.164,1.1544,1.1547,1.20,3.20
2009.06.24 18:35:52.454,1.1544,1.1547,1.00,3.20
2009.06.24 18:35:52.734,1.1544,1.1547,1.00,3.20
2009.06.24 18:35:53.094,1.1544,1.1547,1.20,3.20
2009.06.24 18:35:53.794,1.1544,1.1547,1.00,3.20
2009.06.24 18:35:54.034,1.1544,1.1547,1.20,3.20
2009.06.24 18:35:54.314,1.1544,1.15475,1.20,7.40
2009.06.24 18:35:54.584,1.1544,1.1547,1.20,3.20
2009.06.24 18:35:55.134,1.1544,1.1547,1.40,3.20
2009.06.24 18:35:55.353,1.1544,1.15475,1.40,3.20
2009.06.24 18:35:56.383,1.1544,1.1547,1.40,3.20
2009.06.24 18:35:56.793,1.1544,1.1547,1.60,3.20
2009.06.24 18:35:58.063,1.1544,1.1547,1.20,3.20
2009.06.24 18:35:58.703,1.1544,1.1547,1.00,3.20
2009.06.24 18:35:59.342,1.1544,1.1547,1.20,3.20
2009.06.24 18:35:59.802,1.1544,1.1547,1.00,3.20
2009.06.24 18:36:01.912,1.1543,1.1546,1.20,8.60
2009.06.24 18:36:02.192,1.1544,1.1546,1.80,1.00
2009.06.24 18:36:02.592,1.1544,1.1546,1.80,1.00
2009.06.24 18:36:02.772,1.1544,1.1546,2.20,5.40
2009.06.24 18:36:03.322,1.1544,1.1546,1.40,8.00
2009.06.24 18:36:03.441,1.1544,1.1547,1.80,3.20
2009.06.24 18:36:03.831,1.1544,1.1547,2.20,3.20
2009.06.24 18:36:04.121,1.15445,1.1547,1.00,3.20
2009.06.24 18:36:04.511,1.1545,1.15475,1.20,3.20
2009.06.24 18:36:05.861,1.15445,1.1547,7.20,5.60
2009.06.24 18:36:06.531,1.15445,1.1547,7.20,4.00
2009.06.24 18:36:06.871,1.15445,1.1547,7.20,3.20
2009.06.24 18:36:07.901,1.1545,1.15475,1.80,3.20
2009.06.24 18:36:08.020,1.1545,1.15475,2.20,3.20
2009.06.24 18:36:09.430,1.1545,1.15475,2.40,3.20
2009.06.24 18:36:09.950,1.1545,1.15475,2.00,3.20
2009.06.24 18:36:10.360,1.1545,1.15475,2.20,3.20
2009.06.24 18:36:10.770,1.1545,1.1547,1.20,3.20
2009.06.24 18:36:10.890,1.15465,1.15475,1.20,11.60
2009.06.24 18:36:11.120,1.1547,1.15475,49.80,6.40
2009.06.24 18:36:11.510,1.1547,1.155,17.80,3.20
2009.06.24 18:36:11.910,1.15475,1.15495,17.80,3.20
2009.06.24 18:36:13.689,1.15475,1.1549,17.60,3.20
2009.06.24 18:36:13.859,1.15475,1.1549,20.80,3.20
2009.06.24 18:36:14.779,1.15475,1.15495,3.20,3.20
2009.06.24 18:36:15.059,1.15475,1.15485,3.20,7.80
2009.06.24 18:36:15.291,1.1544,1.15485,4.80,8.20
2009.06.24 18:36:15.859,1.1544,1.15485,4.40,8.80
2009.06.24 18:36:16.248,1.1544,1.15485,1.20,3.20
2009.06.24 18:36:16.948,1.1545,1.1548,1.20,3.20
2009.06.24 18:36:17.328,1.1545,1.15485,2.00,4.40
2009.06.24 18:36:17.618,1.1545,1.1548,3.00,1.20
2009.06.24 18:36:18.008,1.1546,1.1549,1.20,3.20
2009.06.24 18:36:18.298,1.15475,1.1549,1.00,3.20
2009.06.24 18:36:18.818,1.15475,1.1549,1.00,3.20
2009.06.24 18:36:19.168,1.15475,1.1551,2.20,10.60
2009.06.24 18:36:19.448,1.1548,1.15505,2.40,3.20
2009.06.24 18:36:19.748,1.15485,1.15505,1.00,3.20
2009.06.24 18:36:20.248,1.15485,1.15525,1.00,3.20
2009.06.24 18:36:20.768,1.1549,1.1552,1.20,3.20
2009.06.24 18:36:21.057,1.1549,1.1552,1.20,3.20
2009.06.24 18:36:21.347,1.1549,1.15505,1.40,3.20
2009.06.24 18:36:21.627,1.1549,1.1551,1.40,3.20
2009.06.24 18:36:22.147,1.1549,1.1553,2.20,3.20
2009.06.24 18:36:22.547,1.1549,1.15525,2.20,3.20
2009.06.24 18:36:22.907,1.155,1.15525,1.20,3.20
2009.06.24 18:36:23.896,1.155,1.15525,1.60,3.20
2009.06.24 18:36:24.357,1.15495,1.1552,4.00,3.20
2009.06.24 18:36:24.636,1.15495,1.1552,2.80,4.80
2009.06.24 18:36:25.096,1.15495,1.1552,1.20,5.60
2009.06.24 18:36:25.336,1.15495,1.1552,4.40,3.20
2009.06.24 18:36:28.226,1.15495,1.15545,4.60,3.20
2009.06.24 18:36:28.567,1.15495,1.1552,3.60,2.00
2009.06.24 18:36:28.846,1.155,1.1552,1.60,3.40
2009.06.24 18:36:29.126,1.15495,1.15535,1.60,4.00
2009.06.24 18:36:29.606,1.15485,1.15535,2.60,4.00
2009.06.24 18:36:29.875,1.15485,1.15515,1.00,1.00
2009.06.24 18:36:30.415,1.15485,1.15525,1.00,3.20
2009.06.24 18:36:30.825,1.15485,1.15515,1.00,1.20
2009.06.24 18:36:31.175,1.15485,1.1551,1.00,1.80
2009.06.24 18:36:31.705,1.15485,1.1551,1.00,2.40
2009.06.24 18:36:32.045,1.15485,1.155,1.00,1.00
2009.06.24 18:36:32.625,1.15485,1.1551,1.00,2.40
2009.06.24 18:36:34.024,1.15485,1.155,1.00,1.00
2009.06.24 18:36:34.424,1.15485,1.15505,1.00,4.60
2009.06.24 18:36:34.824,1.1548,1.15505,2.40,4.60
2009.06.24 18:36:35.234,1.1548,1.15505,2.20,5.20
2009.06.24 18:36:35.634,1.1548,1.15505,2.00,5.80
2009.06.24 18:36:35.964,1.1548,1.15505,1.80,5.80
2009.06.24 18:36:36.253,1.1548,1.15505,2.00,5.80
2009.06.24 18:36:36.764,1.1548,1.15505,2.00,5.20
2009.06.24 18:36:37.204,1.1548,1.15505,2.40,5.20
2009.06.24 18:36:37.603,1.1548,1.15505,1.60,6.40
2009.06.24 18:36:38.113,1.1548,1.15505,1.40,5.80
2009.06.24 18:36:38.513,1.1548,1.15505,1.40,4.40
2009.06.24 18:36:38.843,1.1548,1.15505,1.40,5.00
2009.06.24 18:36:39.133,1.1548,1.15505,1.40,4.40
2009.06.24 18:36:39.413,1.1548,1.155,1.40,3.20
2009.06.24 18:36:40.113,1.1548,1.155,1.80,3.20
2009.06.24 18:36:40.742,1.1548,1.155,1.60,3.20
2009.06.24 18:36:41.202,1.1548,1.155,1.80,3.20
2009.06.24 18:36:41.522,1.1548,1.155,1.40,3.20
2009.06.24 18:36:42.792,1.1548,1.1549,1.20,1.20
2009.06.24 18:36:43.082,1.1547,1.15475,1.00,1.00
2009.06.24 18:36:43.372,1.1545,1.15475,1.60,1.00
2009.06.24 18:36:43.952,1.15435,1.1548,1.60,5.80
2009.06.24 18:36:44.302,1.15435,1.15465,1.60,1.20
2009.06.24 18:36:44.652,1.15435,1.15465,1.80,1.20
2009.06.24 18:36:45.851,1.1544,1.1546,1.60,1.20
2009.06.24 18:36:46.072,1.1544,1.1546,1.60,1.20
2009.06.24 18:36:46.431,1.1544,1.1546,1.60,1.20
2009.06.24 18:36:46.891,1.1544,1.1545,1.60,3.20
2009.06.24 18:36:47.421,1.1544,1.15455,1.60,3.20
2009.06.24 18:36:47.871,1.1542,1.1546,4.40,1.00
2009.06.24 18:36:48.401,1.1544,1.1546,1.20,4.60
2009.06.24 18:36:48.901,1.1544,1.1546,1.20,3.80
2009.06.24 18:36:49.080,1.1544,1.1546,1.20,1.00
2009.06.24 18:36:49.362,1.15435,1.1546,4.40,1.00
2009.06.24 18:36:49.820,1.1545,1.1547,3.60,1.00
2009.06.24 18:36:50.090,1.1545,1.1547,2.20,1.00
2009.06.24 18:36:50.671,1.15445,1.1548,6.80,1.00
2009.06.24 18:36:50.970,1.1545,1.155,4.80,6.00
2009.06.24 18:36:51.670,1.1545,1.155,4.80,5.00
2009.06.24 18:36:52.020,1.1545,1.15495,4.80,5.40
2009.06.24 18:36:52.360,1.1545,1.1547,1.60,2.60
2009.06.24 18:36:53.000,1.1544,1.1547,1.60,3.60
2009.06.24 18:36:53.349,1.1542,1.1547,2.60,3.60
2009.06.24 18:36:53.750,1.15435,1.1545,1.00,1.00
2009.06.24 18:36:54.149,1.15435,1.1545,1.00,1.00
2009.06.24 18:36:54.329,1.15425,1.1545,1.00,1.00
2009.06.24 18:36:54.889,1.15445,1.15475,1.20,3.20
2009.06.24 18:36:55.409,1.15445,1.15485,1.20,3.20
2009.06.24 18:36:55.759,1.15435,1.15485,1.60,3.20
2009.06.24 18:36:56.290,1.1545,1.1549,2.20,5.80
2009.06.24 18:36:56.878,1.1546,1.1549,2.40,2.60
2009.06.24 18:36:57.219,1.1546,1.155,1.60,3.20
2009.06.24 18:36:57.569,1.1546,1.15505,3.20,5.80
2009.06.24 18:36:58.199,1.15475,1.15515,1.00,12.20
2009.06.24 18:36:58.439,1.15475,1.15515,1.20,3.20
2009.06.24 18:36:59.018,1.15475,1.1552,1.00,5.80
2009.06.24 18:36:59.378,1.15475,1.1552,1.00,5.80
2009.06.24 18:36:59.618,1.1548,1.15505,1.00,1.00
2009.06.24 18:37:00.008,1.1548,1.15505,1.00,1.20
2009.06.24 18:37:00.298,1.1548,1.15525,1.00,5.80
2009.06.24 18:37:00.599,1.1548,1.15525,2.00,2.60
2009.06.24 18:37:00.948,1.1548,1.1553,2.40,14.80
2009.06.24 18:37:01.477,1.1548,1.15525,2.40,8.40
2009.06.24 18:37:04.007,1.1549,1.1552,2.20,3.20
2009.06.24 18:37:04.987,1.155,1.1553,2.20,2.60
2009.06.24 18:37:05.327,1.155,1.1553,3.20,2.60
2009.06.24 18:37:05.607,1.15505,1.15535,1.20,2.60
2009.06.24 18:37:07.066,1.15515,1.15555,1.20,2.60
2009.06.24 18:37:07.946,1.1552,1.15555,1.00,2.60
2009.06.24 18:37:08.466,1.15515,1.15545,1.20,1.00
2009.06.24 18:37:09.176,1.15525,1.1556,1.00,3.20
2009.06.24 18:37:09.767,1.15525,1.15565,1.00,5.80
2009.06.24 18:37:10.116,1.1553,1.15555,2.20,2.40
2009.06.24 18:37:10.385,1.1553,1.15565,3.20,5.80
2009.06.24 18:37:10.905,1.1554,1.15565,1.20,2.60
2009.06.24 18:37:11.255,1.15545,1.1556,1.60,2.60
2009.06.24 18:37:11.795,1.1554,1.1556,2.00,2.60
2009.06.24 18:37:12.125,1.1555,1.1557,1.00,1.00
2009.06.24 18:37:12.695,1.1556,1.1558,4.00,4.20
2009.06.24 18:37:13.025,1.1556,1.1558,4.20,2.60
2009.06.24 18:37:13.615,1.1556,1.15585,4.80,2.60
2009.06.24 18:37:13.904,1.1556,1.15595,4.60,2.60
2009.06.24 18:37:14.235,1.1557,1.156,1.00,5.80
2009.06.24 18:37:14.584,1.1557,1.15585,1.60,3.20
2009.06.24 18:37:15.124,1.1557,1.1559,1.40,3.20
2009.06.24 18:37:15.484,1.1556,1.15595,4.80,2.60
2009.06.24 18:37:15.774,1.1557,1.1559,1.00,2.60
2009.06.24 18:37:16.064,1.1558,1.1559,1.00,2.60
2009.06.24 18:37:16.304,1.1558,1.156,2.20,3.20
2009.06.24 18:37:16.884,1.1558,1.156,3.20,3.20
2009.06.24 18:37:17.574,1.1558,1.15595,3.20,2.60
2009.06.24 18:37:18.534,1.1558,1.156,3.20,3.20
2009.06.24 18:37:23.112,1.1558,1.1559,1.00,2.40
2009.06.24 18:37:23.393,1.15575,1.1559,6.00,1.00
2009.06.24 18:37:23.732,1.15575,1.156,6.00,3.20
2009.06.24 18:37:27.971,1.15575,1.15585,10.80,1.00
2009.06.24 18:37:28.251,1.15575,1.15595,2.80,6.40
2009.06.24 18:37:28.531,1.15575,1.15585,2.80,1.00
2009.06.24 18:37:28.821,1.1554,1.15585,4.40,1.20
2009.06.24 18:37:29.272,1.15545,1.1558,1.20,5.00
2009.06.24 18:37:29.561,1.15535,1.1557,4.60,5.00
2009.06.24 18:37:29.801,1.1554,1.1557,1.60,5.00
2009.06.24 18:37:30.091,1.15545,1.1557,4.40,4.80
2009.06.24 18:37:30.551,1.15545,1.1556,1.80,3.20
2009.06.24 18:37:30.890,1.1554,1.1556,4.80,3.20
2009.06.24 18:37:31.111,1.1553,1.1556,3.40,2.60
2009.06.24 18:37:31.400,1.1553,1.1555,3.40,3.20
2009.06.24 18:37:31.680,1.1553,1.1555,1.40,3.20
2009.06.24 18:37:32.250,1.1553,1.1555,1.00,6.40
2009.06.24 18:37:32.590,1.1553,1.1555,1.00,3.20
2009.06.24 18:37:33.231,1.1553,1.1555,1.00,1.00
2009.06.24 18:37:33.521,1.1553,1.15535,3.20,1.00
2009.06.24 18:37:33.810,1.15505,1.15535,1.60,5.60
2009.06.24 18:37:34.380,1.15505,1.15535,3.60,5.60
2009.06.24 18:37:35.310,1.1551,1.1553,3.60,3.20
2009.06.24 18:37:35.599,1.1551,1.1555,1.00,8.80
2009.06.24 18:37:35.889,1.1551,1.1555,1.00,8.60
2009.06.24 18:37:36.179,1.1551,1.1555,1.00,6.60
2009.06.24 18:37:36.759,1.1551,1.1554,1.00,2.60
2009.06.24 18:37:37.109,1.1551,1.1553,1.00,1.00
2009.06.24 18:37:37.339,1.1551,1.1553,1.00,1.20
2009.06.24 18:37:37.739,1.1551,1.1553,1.00,1.00
2009.06.24 18:37:38.069,1.1551,1.1554,1.00,10.20
2009.06.24 18:37:38.619,1.1551,1.1554,1.00,9.20
2009.06.24 18:37:38.909,1.1551,1.1554,1.00,6.40
2009.06.24 18:37:39.199,1.1551,1.1554,1.00,5.60
2009.06.24 18:37:39.949,1.1551,1.1554,1.00,2.40
2009.06.24 18:37:40.238,1.1551,1.1554,1.00,2.20
2009.06.24 18:37:40.758,1.1551,1.1554,1.00,2.60
2009.06.24 18:37:41.278,1.15525,1.1556,1.80,7.40
2009.06.24 18:37:41.688,1.15525,1.1556,2.00,7.40
2009.06.24 18:37:42.038,1.15525,1.1556,2.00,6.60
2009.06.24 18:37:42.379,1.1553,1.15555,2.00,4.00
2009.06.24 18:37:42.788,1.15545,1.1556,1.00,8.20
2009.06.24 18:37:43.317,1.15545,1.1556,1.00,2.60
2009.06.24 18:37:43.658,1.15545,1.1556,1.00,4.20
2009.06.24 18:37:44.797,1.1555,1.1556,1.00,3.20
2009.06.24 18:37:45.147,1.1555,1.15585,1.00,2.60
2009.06.24 18:37:45.197,1.1556,1.1558,1.60,2.60
2009.06.24 18:37:45.987,1.1557,1.1558,1.00,2.60
2009.06.24 18:37:46.327,1.1557,1.1558,1.00,1.00
2009.06.24 18:37:48.476,1.1557,1.1559,1.00,3.20
2009.06.24 18:37:48.856,1.1557,1.1558,1.00,1.00
2009.06.24 18:37:49.156,1.1557,1.1558,1.00,1.00
2009.06.24 18:37:50.296,1.1557,1.1558,1.00,1.00
2009.06.24 18:37:50.596,1.1556,1.1558,1.00,4.20
2009.06.24 18:37:50.986,1.1556,1.15585,1.00,8.80
2009.06.24 18:37:51.485,1.1555,1.1558,1.00,6.00
2009.06.24 18:37:51.835,1.1555,1.1558,1.00,6.20
2009.06.24 18:37:52.225,1.1555,1.1558,1.00,5.80
2009.06.24 18:37:52.585,1.1556,1.1558,1.00,1.80
2009.06.24 18:37:53.685,1.1556,1.1558,1.00,1.20
2009.06.24 18:37:54.665,1.1556,1.1558,1.00,1.60
2009.06.24 18:37:55.135,1.1556,1.1558,1.20,1.60
2009.06.24 18:37:55.534,1.1556,1.1558,1.20,1.20
2009.06.24 18:37:55.934,1.1556,1.1558,1.20,1.20
2009.06.24 18:37:56.684,1.1556,1.1558,1.00,1.40
2009.06.24 18:37:57.164,1.1556,1.1558,1.00,3.20
2009.06.24 18:37:58.334,1.1556,1.1558,1.00,2.60
2009.06.24 18:37:59.533,1.1556,1.1558,1.00,2.40
2009.06.24 18:37:59.983,1.1556,1.1558,1.20,1.00
2009.06.24 18:38:00.344,1.1557,1.156,1.00,3.20
2009.06.24 18:38:00.913,1.1558,1.156,1.00,3.20
2009.06.24 18:38:01.253,1.1559,1.15605,1.00,3.20
2009.06.24 18:38:02.513,1.1558,1.156,4.80,3.20
2009.06.24 18:38:02.783,1.1558,1.156,2.20,3.20
2009.06.24 18:38:03.572,1.1559,1.156,1.00,3.20
2009.06.24 18:38:09.191,1.1559,1.156,1.00,3.20
2009.06.24 18:38:09.531,1.1558,1.156,2.20,3.20
2009.06.24 18:38:10.161,1.1558,1.156,1.80,3.20
2009.06.24 18:38:10.441,1.1558,1.156,2.20,3.20
2009.06.24 18:38:21.369,1.1558,1.156,1.80,3.20
2009.06.24 18:38:22.978,1.1558,1.1559,1.80,3.20
2009.06.24 18:38:23.278,1.1558,1.1559,1.00,3.20
2009.06.24 18:38:23.618,1.1558,1.156,2.20,3.20
2009.06.24 18:38:23.728,1.1558,1.1559,2.20,1.60
2009.06.24 18:38:27.627,1.1559,1.156,1.00,3.20
2009.06.24 18:38:28.877,1.1558,1.156,2.40,3.20
2009.06.24 18:38:29.217,1.1558,1.156,1.00,3.20
2009.06.24 18:38:29.607,1.1556,1.1559,3.60,1.00
2009.06.24 18:38:29.966,1.1556,1.1559,1.20,1.00
2009.06.24 18:38:30.436,1.1556,1.1559,1.20,1.00
2009.06.24 18:38:30.726,1.1557,1.1559,1.00,1.00
2009.06.24 18:38:30.948,1.1557,1.1559,1.00,1.20
2009.06.24 18:38:33.955,1.1557,1.1559,1.00,3.20
2009.06.24 18:38:36.494,1.15565,1.1559,4.20,1.20
2009.06.24 18:38:38.764,1.1557,1.1559,1.00,1.20
2009.06.24 18:38:39.214,1.1558,1.156,1.00,3.20
2009.06.24 18:38:40.793,1.1558,1.1559,1.00,1.00
2009.06.24 18:38:41.174,1.1556,1.1559,1.20,1.20
2009.06.24 18:38:41.854,1.15565,1.1559,1.60,1.20
2009.06.24 18:38:42.963,1.1557,1.1559,1.40,1.00
2009.06.24 18:38:43.773,1.1557,1.1559,2.00,1.00
2009.06.24 18:38:44.063,1.1558,1.156,1.00,3.20
2009.06.24 18:38:44.343,1.1559,1.156,1.00,3.20
2009.06.24 18:38:44.623,1.1559,1.156,1.00,3.20
2009.06.24 18:38:45.423,1.1559,1.156,1.00,10.20
2009.06.24 18:38:45.643,1.1558,1.156,1.00,3.60
2009.06.24 18:38:46.222,1.1557,1.156,2.20,3.60
2009.06.24 18:38:46.852,1.1557,1.1559,2.20,1.00
2009.06.24 18:38:47.242,1.1557,1.1559,1.80,1.00
2009.06.24 18:38:47.942,1.1557,1.1559,1.40,1.00
2009.06.24 18:38:48.182,1.1557,1.1559,1.40,3.20
2009.06.24 18:38:48.592,1.15565,1.1559,2.00,1.80
2009.06.24 18:38:48.872,1.15565,1.1558,1.20,1.00
2009.06.24 18:38:49.162,1.15565,1.1558,1.20,1.20
2009.06.24 18:38:49.402,1.1556,1.1558,1.00,3.20
2009.06.24 18:38:49.922,1.1556,1.1558,1.00,3.20
2009.06.24 18:38:50.271,1.1555,1.1558,1.40,3.20
2009.06.24 18:38:52.141,1.1555,1.1557,1.40,1.00
2009.06.24 18:38:54.700,1.1556,1.1558,1.00,3.20
2009.06.24 18:38:55.410,1.1555,1.1557,1.00,1.00
2009.06.24 18:38:55.700,1.15545,1.1557,2.00,1.00
2009.06.24 18:38:55.930,1.1555,1.1557,1.00,2.40
2009.06.24 18:38:56.462,1.15545,1.1556,2.00,2.80
2009.06.24 18:38:56.980,1.1554,1.15545,1.60,1.00
2009.06.24 18:38:57.330,1.1553,1.15545,1.00,1.00
2009.06.24 18:38:57.629,1.1552,1.15545,1.00,1.00
2009.06.24 18:38:57.950,1.1552,1.1556,1.00,8.80
2009.06.24 18:38:58.170,1.1552,1.1556,1.00,8.80
2009.06.24 18:38:58.440,1.1552,1.1554,1.00,1.00
2009.06.24 18:38:58.791,1.1551,1.1554,4.00,1.00
2009.06.24 18:38:59.181,1.1551,1.1555,4.00,1.20
2009.06.24 18:38:59.521,1.1552,1.1554,1.00,1.20
2009.06.24 18:38:59.860,1.1552,1.1554,2.40,1.00
2009.06.24 18:39:00.660,1.1553,1.1554,1.00,1.00
2009.06.24 18:39:01.060,1.1553,1.1554,1.20,1.00
2009.06.24 18:39:01.290,1.1553,1.1554,1.00,1.00
2009.06.24 18:39:01.530,1.1552,1.1554,2.40,1.00
2009.06.24 18:39:02.090,1.1552,1.1554,2.20,1.00
2009.06.24 18:39:02.439,1.1552,1.1553,2.00,1.00
2009.06.24 18:39:02.770,1.1552,1.1553,1.60,1.00
2009.06.24 18:39:03.050,1.1551,1.15555,1.00,3.20
2009.06.24 18:39:03.330,1.15505,1.15545,2.60,7.20
2009.06.24 18:39:04.579,1.1551,1.1553,1.00,1.00
2009.06.24 18:39:04.819,1.1551,1.15515,1.00,1.00
2009.06.24 18:39:05.119,1.155,1.15515,3.60,1.00
2009.06.24 18:39:05.469,1.15495,1.15515,1.20,1.00
2009.06.24 18:39:05.989,1.15495,1.1552,1.20,3.20
2009.06.24 18:39:06.329,1.155,1.1552,1.20,3.20
2009.06.24 18:39:06.729,1.155,1.1552,1.60,3.20
2009.06.24 18:39:07.069,1.15495,1.1552,2.00,3.20
2009.06.24 18:39:07.538,1.15495,1.1552,1.20,3.20
2009.06.24 18:39:12.168,1.155,1.1552,1.00,3.20
2009.06.24 18:39:12.527,1.15505,1.1553,1.20,2.20
2009.06.24 18:39:13.237,1.15505,1.1553,1.20,2.40
2009.06.24 18:39:13.477,1.15505,1.1553,1.20,2.20
2009.06.24 18:39:13.888,1.15495,1.1553,7.20,2.20
2009.06.24 18:39:14.397,1.15505,1.1553,1.00,1.60
2009.06.24 18:39:14.677,1.15495,1.1553,2.40,2.20
2009.06.24 18:39:15.217,1.15505,1.1553,1.00,2.20
2009.06.24 18:39:15.497,1.1551,1.1553,1.00,2.20
2009.06.24 18:39:15.956,1.1551,1.1553,1.00,3.20
2009.06.24 18:39:18.406,1.1551,1.15525,1.00,3.20
2009.06.24 18:39:18.746,1.1551,1.1552,1.00,3.20
2009.06.24 18:39:19.296,1.155,1.15525,1.20,4.00
2009.06.24 18:39:19.766,1.155,1.15525,2.20,4.00
2009.06.24 18:39:20.065,1.155,1.15525,1.60,4.00
2009.06.24 18:39:20.295,1.155,1.15525,1.40,4.00
2009.06.24 18:39:20.695,1.155,1.15515,1.00,1.00
2009.06.24 18:39:20.995,1.1549,1.15515,1.00,1.00
2009.06.24 18:39:21.735,1.1549,1.155,1.00,3.20
2009.06.24 18:39:22.015,1.1548,1.155,1.00,3.20
2009.06.24 18:39:22.375,1.1548,1.155,1.20,3.20
2009.06.24 18:39:22.825,1.15475,1.155,1.20,3.20
2009.06.24 18:39:23.275,1.15485,1.15495,1.00,6.40
2009.06.24 18:39:23.774,1.15485,1.15495,1.00,3.20
2009.06.24 18:39:24.175,1.15485,1.15515,1.00,4.20
2009.06.24 18:39:24.584,1.1549,1.15495,4.60,1.00
2009.06.24 18:39:25.114,1.1548,1.1549,1.40,3.20
2009.06.24 18:39:25.464,1.1549,1.15505,1.00,2.40
2009.06.24 18:39:25.814,1.1549,1.15505,1.00,1.60
2009.06.24 18:39:26.154,1.1548,1.1552,1.20,4.20
2009.06.24 18:39:26.504,1.1548,1.1552,1.20,7.20
2009.06.24 18:39:26.904,1.1548,1.1552,1.20,4.60
2009.06.24 18:39:27.264,1.1548,1.1551,1.00,9.60
2009.06.24 18:39:27.614,1.1548,1.15515,1.00,10.00
2009.06.24 18:39:28.363,1.1548,1.1551,1.00,3.20
2009.06.24 18:39:28.684,1.1548,1.15515,1.00,10.00
2009.06.24 18:39:28.983,1.1548,1.15515,1.00,10.00
2009.06.24 18:39:29.393,1.1547,1.15505,1.80,2.00
2009.06.24 18:39:29.743,1.15465,1.15485,1.60,3.40
2009.06.24 18:39:30.313,1.1547,1.15475,1.00,1.60
2009.06.24 18:39:30.483,1.1547,1.1551,1.00,10.80
2009.06.24 18:39:30.953,1.1547,1.1551,1.00,10.00
2009.06.24 18:39:31.343,1.1547,1.1551,1.00,7.20
2009.06.24 18:39:31.693,1.1547,1.155,1.00,4.20
2009.06.24 18:39:31.923,1.1547,1.155,1.00,3.20
2009.06.24 18:39:32.843,1.1548,1.155,1.00,3.20
2009.06.24 18:39:33.012,1.1548,1.15505,1.00,3.40
2009.06.24 18:39:33.362,1.1548,1.155,1.00,3.20
2009.06.24 18:39:33.992,1.1548,1.155,1.20,3.20
2009.06.24 18:39:34.732,1.1548,1.1549,1.00,3.20
2009.06.24 18:39:35.132,1.1546,1.1549,5.00,16.40
2009.06.24 18:39:35.312,1.15465,1.1549,2.80,3.20
2009.06.24 18:39:35.532,1.15465,1.15495,2.80,1.00
2009.06.24 18:39:35.882,1.15475,1.1549,1.00,1.00
2009.06.24 18:39:36.292,1.1548,1.155,1.00,7.60
2009.06.24 18:39:36.471,1.1548,1.155,1.00,7.00
2009.06.24 18:39:36.632,1.1548,1.155,1.00,7.00
2009.06.24 18:39:37.041,1.1547,1.1549,1.00,1.00
2009.06.24 18:39:37.431,1.1547,1.155,1.00,11.80
2009.06.24 18:39:37.911,1.1547,1.155,1.00,10.40
2009.06.24 18:39:38.311,1.1547,1.155,1.00,7.00
2009.06.24 18:39:38.661,1.1548,1.155,1.20,7.00
2009.06.24 18:39:39.011,1.1548,1.155,1.60,7.00
2009.06.24 18:39:39.351,1.1548,1.155,1.00,7.00
2009.06.24 18:39:39.621,1.15485,1.155,1.00,7.00
2009.06.24 18:39:39.911,1.15485,1.155,3.40,6.80
2009.06.24 18:39:40.610,1.15485,1.155,3.40,7.00
2009.06.24 18:39:41.061,1.1549,1.155,1.00,5.20
2009.06.24 18:39:41.480,1.15485,1.155,3.40,5.20
2009.06.24 18:39:42.110,1.15485,1.155,3.40,5.40
2009.06.24 18:39:44.290,1.15495,1.155,1.80,5.40
2009.06.24 18:39:45.000,1.15485,1.15505,3.40,8.60
2009.06.24 18:39:47.769,1.15485,1.15495,3.40,3.20
2009.06.24 18:39:48.009,1.15465,1.1549,2.80,1.00
2009.06.24 18:39:48.418,1.15465,1.15505,1.00,17.40
2009.06.24 18:39:49.958,1.1547,1.1549,1.00,1.00
2009.06.24 18:39:50.308,1.1547,1.1549,1.00,1.00
2009.06.24 18:39:51.268,1.1547,1.1549,1.20,1.00
2009.06.24 18:39:52.747,1.1547,1.1549,1.00,1.00
2009.06.24 18:39:53.328,1.1547,1.1549,1.20,1.20
2009.06.24 18:39:53.677,1.15465,1.1549,7.60,1.00
2009.06.24 18:39:54.017,1.15465,1.1548,7.60,1.00
2009.06.24 18:39:54.197,1.1547,1.1548,1.20,1.00
2009.06.24 18:39:54.417,1.1547,1.1548,1.20,1.00
2009.06.24 18:39:55.167,1.1547,1.1548,1.20,1.00
2009.06.24 18:39:55.457,1.15465,1.1548,7.60,1.00
2009.06.24 18:39:55.737,1.1547,1.1549,1.20,1.00
2009.06.24 18:39:56.147,1.1547,1.1549,1.00,1.00
2009.06.24 18:39:56.497,1.1547,1.1551,1.00,14.20
2009.06.24 18:39:56.837,1.1547,1.1551,1.00,15.00
2009.06.24 18:39:57.186,1.1547,1.15505,1.00,3.20
2009.06.24 18:39:58.006,1.1547,1.15485,1.00,1.00
2009.06.24 18:39:58.526,1.1545,1.15485,1.00,1.00
2009.06.24 18:39:58.986,1.15455,1.15485,1.60,1.00
2009.06.24 18:39:59.167,1.15465,1.155,1.00,3.80
2009.06.24 18:39:59.456,1.15455,1.15495,3.20,1.00
2009.06.24 18:39:59.796,1.1546,1.15485,1.20,1.00
2009.06.24 18:40:00.026,1.1546,1.15485,2.60,1.00
2009.06.24 18:40:00.316,1.1546,1.1549,3.00,1.20
2009.06.24 18:40:00.596,1.1546,1.1549,3.40,1.20
2009.06.24 18:40:01.526,1.1547,1.1549,1.00,1.00
2009.06.24 18:40:01.996,1.1547,1.1551,1.00,8.80
2009.06.24 18:40:02.226,1.1547,1.15505,1.80,5.60
2009.06.24 18:40:02.695,1.1548,1.15505,1.00,5.40
2009.06.24 18:40:03.046,1.1548,1.155,1.00,5.40
2009.06.24 18:40:03.395,1.1547,1.155,1.80,5.40
2009.06.24 18:40:04.535,1.1548,1.155,1.20,5.40
2009.06.24 18:40:04.875,1.1548,1.15505,1.20,8.60
2009.06.24 18:40:05.155,1.1548,1.15505,1.20,8.60
2009.06.24 18:40:05.395,1.1548,1.155,1.20,5.40
2009.06.24 18:40:05.904,1.1548,1.155,1.00,5.40
2009.06.24 18:40:06.124,1.1548,1.155,1.00,5.40
2009.06.24 18:40:06.415,1.1548,1.155,1.00,5.40
2009.06.24 18:40:06.754,1.1548,1.155,1.00,5.40
2009.06.24 18:40:07.094,1.1548,1.155,4.20,5.40
2009.06.24 18:40:07.554,1.1548,1.155,4.00,5.40
2009.06.24 18:40:07.894,1.1548,1.155,4.20,5.40
2009.06.24 18:40:08.246,1.1548,1.155,4.00,5.40
2009.06.24 18:40:08.594,1.1548,1.15505,5.20,8.60
2009.06.24 18:40:10.163,1.1548,1.15505,1.20,8.60
2009.06.24 18:40:10.743,1.1548,1.15505,1.60,8.60
2009.06.24 18:40:10.963,1.1548,1.15505,1.60,9.40
2009.06.24 18:40:11.373,1.1548,1.15505,1.20,10.20
2009.06.24 18:40:12.173,1.1548,1.15505,1.20,10.00
2009.06.24 18:40:13.013,1.1548,1.15505,1.20,10.40
2009.06.24 18:40:13.403,1.15475,1.1549,6.40,5.20
2009.06.24 18:40:13.683,1.15475,1.15485,3.20,8.80
2009.06.24 18:40:13.952,1.15465,1.1549,3.40,12.40
2009.06.24 18:40:14.173,1.15465,1.1549,3.40,8.20
2009.06.24 18:40:14.463,1.15465,1.15485,3.40,13.00
2009.06.24 18:40:14.752,1.1547,1.1548,1.20,2.20
2009.06.24 18:40:15.092,1.15465,1.15485,3.40,4.80
2009.06.24 18:40:16.792,1.15465,1.15475,3.40,1.00
2009.06.24 18:40:17.142,1.15465,1.15475,6.60,1.00
2009.06.24 18:40:17.362,1.15465,1.1549,6.60,4.80
2009.06.24 18:40:17.891,1.15465,1.15485,7.60,1.20
2009.06.24 18:40:18.381,1.15465,1.1548,7.60,1.00
2009.06.24 18:40:18.731,1.1547,1.1548,1.00,1.00
2009.06.24 18:40:19.031,1.1547,1.1549,1.00,16.40
2009.06.24 18:40:19.441,1.1548,1.15485,1.00,3.20
2009.06.24 18:40:19.791,1.1548,1.1551,1.60,8.80
2009.06.24 18:40:20.071,1.1548,1.1551,2.20,8.60
2009.06.24 18:40:20.591,1.1549,1.1551,1.80,8.00
2009.06.24 18:40:20.941,1.15495,1.155,1.40,2.80
2009.06.24 18:40:21.331,1.1552,1.15545,2.20,6.40
2009.06.24 18:40:21.621,1.1552,1.15565,2.20,3.20
2009.06.24 18:40:22.041,1.15515,1.1555,1.00,1.20
2009.06.24 18:40:22.331,1.15495,1.1555,5.00,1.60
2009.06.24 18:40:22.680,1.15515,1.1554,1.00,1.00
2009.06.24 18:40:23.030,1.15515,1.1554,1.00,1.00
2009.06.24 18:40:23.750,1.15515,1.1554,1.60,1.00
2009.06.24 18:40:24.430,1.1551,1.1554,2.40,3.00
2009.06.24 18:40:24.660,1.1551,1.1554,1.40,3.00
2009.06.24 18:40:25.010,1.1551,1.1554,1.40,4.00
2009.06.24 18:40:25.410,1.15515,1.1554,1.20,7.20
2009.06.24 18:40:25.460,1.15515,1.1554,1.20,5.60
2009.06.24 18:40:25.850,1.15515,1.1554,1.20,4.00
2009.06.24 18:40:26.649,1.15515,1.1554,1.20,4.20
2009.06.24 18:40:27.589,1.15515,1.1554,1.20,1.00
2009.06.24 18:40:27.819,1.15505,1.1554,6.40,1.00
2009.06.24 18:40:28.099,1.1551,1.1554,4.40,1.00
2009.06.24 18:40:28.549,1.1551,1.1554,1.40,1.20
2009.06.24 18:40:28.779,1.1551,1.1554,1.40,2.20
2009.06.24 18:40:29.169,1.1551,1.1554,1.00,2.20
2009.06.24 18:40:32.388,1.15495,1.15515,1.80,1.00
2009.06.24 18:40:32.738,1.15495,1.15515,2.20,1.00
2009.06.24 18:40:33.098,1.15495,1.15535,1.20,9.40
2009.06.24 18:40:33.378,1.155,1.15525,1.20,1.00
2009.06.24 18:40:33.658,1.155,1.15525,1.20,1.00
2009.06.24 18:40:34.008,1.155,1.15525,1.20,1.00
2009.06.24 18:40:34.708,1.155,1.1552,1.20,1.00
2009.06.24 18:40:35.107,1.155,1.1552,2.20,1.00
2009.06.24 18:40:35.607,1.155,1.1552,1.20,1.00
2009.06.24 18:40:36.107,1.155,1.1554,2.20,2.60
2009.06.24 18:40:36.457,1.155,1.1554,3.20,2.60
2009.06.24 18:40:36.957,1.155,1.1554,2.20,2.60
2009.06.24 18:40:37.547,1.155,1.15535,3.20,2.60
2009.06.24 18:40:38.027,1.155,1.15535,3.40,2.60
2009.06.24 18:40:38.598,1.15515,1.15525,1.00,2.00
2009.06.24 18:40:38.937,1.15495,1.15515,1.20,1.00
2009.06.24 18:40:39.336,1.1549,1.15515,9.20,1.20
2009.06.24 18:40:39.676,1.1549,1.1551,9.20,1.20
2009.06.24 18:40:40.076,1.155,1.1551,1.20,1.00
2009.06.24 18:40:42.116,1.155,1.1551,1.20,1.20
2009.06.24 18:40:42.935,1.155,1.1551,1.20,1.00
2009.06.24 18:40:43.795,1.155,1.1551,1.20,1.20
2009.06.24 18:40:44.075,1.155,1.1551,1.20,1.20
2009.06.24 18:40:44.525,1.15495,1.1551,8.20,1.20
2009.06.24 18:40:44.865,1.15485,1.155,10.40,1.00
2009.06.24 18:40:45.145,1.15485,1.155,10.40,1.00
2009.06.24 18:40:45.325,1.15485,1.155,13.60,1.00
2009.06.24 18:40:45.955,1.15485,1.155,13.60,1.20
2009.06.24 18:40:46.235,1.15485,1.155,13.60,1.00
2009.06.24 18:40:46.635,1.15485,1.1551,13.20,9.60
2009.06.24 18:40:46.915,1.15485,1.1551,5.20,3.20
2009.06.24 18:40:47.614,1.15485,1.155,5.20,1.00
2009.06.24 18:40:47.974,1.15485,1.15505,4.20,3.80
2009.06.24 18:40:48.324,1.15485,1.15505,4.20,3.20
2009.06.24 18:40:49.684,1.15485,1.15505,3.20,3.80
2009.06.24 18:40:50.024,1.15485,1.155,4.20,1.00
2009.06.24 18:40:50.373,1.15485,1.15505,3.20,3.20
2009.06.24 18:40:52.443,1.15485,1.15505,3.20,3.80
2009.06.24 18:40:52.623,1.1549,1.15505,1.20,3.80
2009.06.24 18:40:53.013,1.15485,1.15505,3.20,3.80
2009.06.24 18:40:53.623,1.1549,1.15505,1.20,3.20
2009.06.24 18:40:54.143,1.1549,1.1551,3.20,1.60
2009.06.24 18:40:54.543,1.1549,1.15545,3.20,5.40
2009.06.24 18:40:54.993,1.1549,1.15545,3.20,4.80
2009.06.24 18:40:55.292,1.15485,1.1554,8.00,3.20
2009.06.24 18:40:57.332,1.15495,1.15535,1.40,3.40
2009.06.24 18:40:57.562,1.15495,1.15535,1.20,4.80
2009.06.24 18:40:57.842,1.15495,1.1553,1.20,3.20
2009.06.24 18:40:58.252,1.15495,1.1553,1.00,3.20
2009.06.24 18:40:59.002,1.155,1.1553,1.40,3.20
2009.06.24 18:40:59.112,1.155,1.1553,3.20,1.00
2009.06.24 18:40:59.281,1.155,1.1553,2.20,1.00
2009.06.24 18:40:59.512,1.155,1.1553,3.20,1.00
2009.06.24 18:41:00.041,1.1551,1.1553,1.60,1.00
2009.06.24 18:41:01.002,1.155,1.1553,2.20,1.00
2009.06.24 18:41:03.230,1.1551,1.1553,1.00,1.00
2009.06.24 18:41:03.880,1.155,1.1553,2.20,8.20
2009.06.24 18:41:04.110,1.155,1.1553,3.20,8.20
2009.06.24 18:41:04.170,1.155,1.1553,3.20,9.80
2009.06.24 18:41:04.630,1.155,1.1553,2.20,9.80
2009.06.24 18:41:05.120,1.155,1.1552,2.80,1.00
2009.06.24 18:41:05.350,1.155,1.1552,2.60,2.60
2009.06.24 18:41:05.470,1.155,1.1551,1.00,4.80
2009.06.24 18:41:05.700,1.15495,1.1551,5.80,7.80
2009.06.24 18:41:05.990,1.1549,1.15495,1.60,7.20
2009.06.24 18:41:06.340,1.1549,1.155,1.60,5.60
2009.06.24 18:41:06.690,1.15465,1.15495,1.00,9.40
2009.06.24 18:41:08.459,1.1548,1.1549,1.00,7.40
2009.06.24 18:41:08.679,1.1548,1.1551,1.00,9.40
2009.06.24 18:41:09.189,1.1547,1.15495,2.00,1.00
2009.06.24 18:41:09.709,1.1547,1.15495,2.00,1.20
2009.06.24 18:41:10.069,1.1547,1.15495,3.00,1.20
2009.06.24 18:41:10.359,1.1547,1.1549,3.00,1.20
2009.06.24 18:41:10.949,1.1547,1.1549,3.00,1.60
2009.06.24 18:41:11.619,1.1547,1.15495,1.80,5.40
2009.06.24 18:41:11.909,1.1548,1.1549,1.00,13.00
2009.06.24 18:41:12.198,1.1548,1.1549,1.40,1.00
2009.06.24 18:41:12.668,1.1548,1.155,1.60,1.00
2009.06.24 18:41:13.028,1.1549,1.1551,1.00,3.20
2009.06.24 18:41:13.708,1.1549,1.15515,1.00,4.00
2009.06.24 18:41:14.278,1.1548,1.155,1.20,1.00
2009.06.24 18:41:14.558,1.1548,1.155,1.00,1.00
2009.06.24 18:41:15.058,1.1547,1.155,1.00,6.60
2009.06.24 18:41:15.877,1.1547,1.1548,1.00,1.00
2009.06.24 18:41:16.167,1.1547,1.1548,1.00,6.20
2009.06.24 18:41:17.017,1.1547,1.1548,1.00,6.80
2009.06.24 18:41:17.477,1.15435,1.15465,4.20,2.40
2009.06.24 18:41:17.757,1.15435,1.15465,1.00,1.00
2009.06.24 18:41:18.047,1.15425,1.15465,4.60,5.20
2009.06.24 18:41:18.337,1.1543,1.1545,4.60,1.00
2009.06.24 18:41:18.687,1.1543,1.1545,4.60,6.40
2009.06.24 18:41:19.027,1.1543,1.1544,3.60,1.00
2009.06.24 18:41:19.367,1.1543,1.1544,1.20,1.00
2009.06.24 18:41:20.067,1.1543,1.1545,1.20,5.80
2009.06.24 18:41:20.476,1.1543,1.1545,1.20,4.20
2009.06.24 18:41:20.917,1.1544,1.1545,1.00,1.00
2009.06.24 18:41:21.506,1.1544,1.1546,1.40,8.80
2009.06.24 18:41:21.846,1.1544,1.1546,1.40,8.00
2009.06.24 18:41:22.816,1.1544,1.1546,1.00,8.00
2009.06.24 18:41:23.176,1.1544,1.1545,1.00,1.20
2009.06.24 18:41:23.466,1.1544,1.1545,1.00,1.00
2009.06.24 18:41:23.576,1.1544,1.1545,1.20,1.00
2009.06.24 18:41:23.796,1.1544,1.1545,1.00,1.00
2009.06.24 18:41:24.075,1.1544,1.1545,1.00,1.00
2009.06.24 18:41:24.236,1.1543,1.1545,1.40,1.20
2009.06.24 18:41:25.885,1.1543,1.1545,1.00,1.20
2009.06.24 18:41:26.235,1.15425,1.1545,1.20,1.20
2009.06.24 18:41:26.875,1.15425,1.1545,1.20,1.60
2009.06.24 18:41:28.005,1.1542,1.1544,8.20,1.20
2009.06.24 18:41:28.285,1.1542,1.1544,3.40,1.20
2009.06.24 18:41:29.414,1.1542,1.1544,3.80,1.00
2009.06.24 18:41:30.214,1.1542,1.1544,3.40,1.00
2009.06.24 18:41:30.445,1.1542,1.1544,3.40,1.20
2009.06.24 18:41:31.015,1.15415,1.1544,3.60,1.20
2009.06.24 18:41:31.594,1.15415,1.1544,1.00,1.20
2009.06.24 18:41:32.743,1.1541,1.1544,3.80,3.20
2009.06.24 18:41:33.083,1.15415,1.1544,1.00,3.20
2009.06.24 18:41:34.983,1.1542,1.1544,1.00,3.20
2009.06.24 18:41:35.103,1.1542,1.1544,2.20,3.20
2009.06.24 18:41:35.673,1.1543,1.1544,1.00,1.60
2009.06.24 18:41:35.843,1.1543,1.15445,1.00,6.40
2009.06.24 18:41:36.063,1.1544,1.15445,1.20,3.20
2009.06.24 18:41:36.413,1.1544,1.1545,1.60,1.60
2009.06.24 18:41:36.473,1.1544,1.1546,1.60,3.20
2009.06.24 18:41:38.292,1.1544,1.1546,1.60,4.80
2009.06.24 18:41:40.052,1.1544,1.1545,1.40,1.60
2009.06.24 18:41:40.681,1.1543,1.1544,2.00,4.80
2009.06.24 18:41:40.961,1.1543,1.15445,1.20,3.20
2009.06.24 18:41:41.191,1.1543,1.1545,1.00,8.40
2009.06.24 18:41:41.601,1.1543,1.1545,1.00,6.40
2009.06.24 18:41:41.831,1.1543,1.1545,1.00,3.40
2009.06.24 18:41:42.231,1.1543,1.1544,1.00,1.00
2009.06.24 18:41:42.521,1.1541,1.1543,1.60,6.40
2009.06.24 18:41:42.631,1.15405,1.15425,2.60,3.20
2009.06.24 18:41:42.851,1.1541,1.15425,1.00,6.40
2009.06.24 18:41:42.971,1.1541,1.15445,4.60,1.60
2009.06.24 18:41:43.271,1.1541,1.15445,4.60,1.00
2009.06.24 18:41:43.381,1.15415,1.15445,2.20,1.00
2009.06.24 18:41:43.611,1.15435,1.15455,1.00,5.60
2009.06.24 18:41:43.961,1.15445,1.15455,1.20,3.20
2009.06.24 18:41:44.421,1.15445,1.15455,1.20,3.20
2009.06.24 18:41:44.781,1.1545,1.15475,1.20,16.80
2009.06.24 18:41:45.070,1.1545,1.15475,1.20,5.60
2009.06.24 18:41:45.351,1.1544,1.15475,3.80,5.60
2009.06.24 18:41:45.800,1.15445,1.1547,1.20,1.00
2009.06.24 18:41:46.091,1.15435,1.15465,5.20,3.20
2009.06.24 18:41:46.440,1.1544,1.15475,1.20,5.00
2009.06.24 18:41:46.830,1.1544,1.15475,1.00,5.00
2009.06.24 18:41:47.190,1.1543,1.1546,5.00,2.20
2009.06.24 18:41:47.590,1.1542,1.1546,4.00,11.00
2009.06.24 18:41:48.230,1.15415,1.1544,4.00,1.00
2009.06.24 18:41:48.530,1.1541,1.1543,4.00,1.00
2009.06.24 18:41:48.810,1.15415,1.1543,2.60,1.00
2009.06.24 18:41:49.229,1.15415,1.1543,2.00,1.00
2009.06.24 18:41:49.520,1.1542,1.1544,2.20,1.00
2009.06.24 18:41:50.110,1.1542,1.1544,2.00,1.00
2009.06.24 18:41:50.350,1.1543,1.1544,2.60,1.00
2009.06.24 18:41:50.739,1.1543,1.1545,2.60,1.00
2009.06.24 18:41:51.079,1.1543,1.1545,1.20,1.00
2009.06.24 18:41:51.419,1.1543,1.1545,2.40,1.00
2009.06.24 18:41:52.049,1.1543,1.1545,1.20,1.00
2009.06.24 18:41:52.459,1.15425,1.1545,3.00,10.40
2009.06.24 18:41:52.929,1.1542,1.1545,5.00,10.40
2009.06.24 18:41:53.398,1.1542,1.1545,5.00,11.00
2009.06.24 18:41:53.919,1.1543,1.1545,1.60,1.20
2009.06.24 18:41:54.218,1.15425,1.1544,1.60,3.20
2009.06.24 18:41:54.498,1.15415,1.1544,1.00,3.20
2009.06.24 18:41:54.838,1.15415,1.1543,2.40,1.00
2009.06.24 18:41:55.218,1.15415,1.1543,1.40,1.00
2009.06.24 18:41:55.508,1.15415,1.1543,4.60,1.00
2009.06.24 18:41:55.978,1.15415,1.1543,5.60,1.20
2009.06.24 18:41:56.318,1.15415,1.1543,4.60,1.20
2009.06.24 18:41:56.428,1.15415,1.1543,4.60,1.20
2009.06.24 18:41:56.958,1.15415,1.1543,3.20,1.20
2009.06.24 18:41:57.187,1.15415,1.1542,4.20,1.00
2009.06.24 18:41:57.517,1.15415,1.1542,3.20,1.00
2009.06.24 18:41:57.868,1.15415,1.1543,3.20,9.60
2009.06.24 18:41:58.217,1.15415,1.1543,4.20,1.60
2009.06.24 18:41:58.517,1.15415,1.1543,4.20,1.00
2009.06.24 18:41:58.977,1.15425,1.1543,1.20,1.00
2009.06.24 18:41:59.427,1.15415,1.1543,4.60,1.00
2009.06.24 18:41:59.537,1.1541,1.1543,8.60,1.00
2009.06.24 18:41:59.887,1.1542,1.1543,1.20,1.00
2009.06.24 18:42:00.347,1.1542,1.1543,2.60,1.00
2009.06.24 18:42:00.526,1.1542,1.1543,1.60,1.00
2009.06.24 18:42:00.977,1.1541,1.1543,8.60,1.00
2009.06.24 18:42:01.976,1.15415,1.1543,1.20,1.20
2009.06.24 18:42:02.307,1.15415,1.1543,1.00,1.00
2009.06.24 18:42:02.596,1.15415,1.1543,1.00,1.00
2009.06.24 18:42:02.897,1.15415,1.1543,1.40,1.00
2009.06.24 18:42:03.416,1.15415,1.1543,1.00,1.00
2009.06.24 18:42:03.796,1.15415,1.1543,1.00,1.20
2009.06.24 18:42:06.346,1.15415,1.1543,4.20,1.00
2009.06.24 18:42:06.686,1.15415,1.1543,4.20,1.20
2009.06.24 18:42:07.675,1.1542,1.1543,1.40,1.00
2009.06.24 18:42:08.075,1.1542,1.1544,2.40,1.00
2009.06.24 18:42:08.365,1.1542,1.15445,2.40,6.40
2009.06.24 18:42:08.705,1.1542,1.15445,2.40,6.40
2009.06.24 18:42:08.825,1.1543,1.1545,1.00,3.40
2009.06.24 18:42:09.045,1.1543,1.1545,1.00,1.80
2009.06.24 18:42:09.275,1.1543,1.1545,1.00,1.00
2009.06.24 18:42:12.984,1.1543,1.1545,1.00,1.80
2009.06.24 18:42:13.434,1.1543,1.1545,1.00,3.20
2009.06.24 18:42:14.533,1.1544,1.1545,1.00,3.20
2009.06.24 18:42:14.923,1.1544,1.1545,1.00,3.20
2009.06.24 18:42:15.193,1.1543,1.1545,1.00,3.20
2009.06.24 18:42:16.963,1.1543,1.15455,1.00,5.00
2009.06.24 18:42:17.312,1.1543,1.1545,1.00,3.20
2009.06.24 18:42:17.704,1.1543,1.15455,1.00,5.00
2009.06.24 18:42:18.062,1.1543,1.1545,1.00,1.80
2009.06.24 18:42:18.462,1.1543,1.1545,1.00,1.00
2009.06.24 18:42:19.792,1.1541,1.15435,5.60,1.00
2009.06.24 18:42:20.022,1.15415,1.15435,1.80,1.00
2009.06.24 18:42:20.312,1.1541,1.15435,2.60,1.20
2009.06.24 18:42:21.122,1.15415,1.1543,2.60,1.00
2009.06.24 18:42:23.311,1.1542,1.1543,3.60,1.00
2009.06.24 18:42:23.731,1.1543,1.15455,1.60,10.20
2009.06.24 18:42:24.141,1.1543,1.15455,1.00,5.80
2009.06.24 18:42:24.591,1.1543,1.15455,1.00,1.60
2009.06.24 18:42:24.881,1.1541,1.1545,5.60,1.60
2009.06.24 18:42:27.490,1.15415,1.1545,5.60,1.20
2009.06.24 18:42:27.770,1.15415,1.1545,5.60,1.00
2009.06.24 18:42:34.198,1.15415,1.1544,2.60,7.40
2009.06.24 18:42:34.610,1.15415,1.1544,2.60,9.00
2009.06.24 18:42:35.069,1.1542,1.1544,1.00,2.80
2009.06.24 18:42:35.349,1.15415,1.1544,6.00,1.20
2009.06.24 18:42:35.688,1.15415,1.1544,6.00,1.20
2009.06.24 18:42:35.908,1.15415,1.1544,5.00,7.60
2009.06.24 18:42:36.078,1.1542,1.1544,2.60,8.20
2009.06.24 18:42:36.468,1.1542,1.1544,1.20,8.20
2009.06.24 18:42:37.148,1.15415,1.1544,5.00,1.00
2009.06.24 18:42:38.868,1.1542,1.1544,2.60,8.00
2009.06.24 18:42:39.317,1.1542,1.1544,1.20,8.00
2009.06.24 18:42:40.567,1.15415,1.1544,6.80,8.00
2009.06.24 18:42:40.867,1.1542,1.1544,1.20,7.00
2009.06.24 18:42:41.107,1.1542,1.1544,1.20,1.00
2009.06.24 18:42:41.277,1.15415,1.1544,7.20,5.60
2009.06.24 18:42:41.457,1.15415,1.1544,7.20,7.40
2009.06.24 18:42:41.807,1.15415,1.1544,6.80,7.60
2009.06.24 18:42:42.887,1.15415,1.1544,5.80,9.60
2009.06.24 18:42:43.177,1.15415,1.1544,1.00,9.60
2009.06.24 18:42:43.466,1.1541,1.1543,1.20,6.20
2009.06.24 18:42:44.096,1.1541,1.1543,1.20,8.00
2009.06.24 18:42:44.457,1.1541,1.1543,1.20,8.00
2009.06.24 18:42:44.966,1.1541,1.1543,1.20,8.00
2009.06.24 18:42:45.366,1.1541,1.1543,1.20,7.00
2009.06.24 18:42:45.716,1.1541,1.1543,2.00,8.00
2009.06.24 18:42:46.066,1.1541,1.1543,1.60,8.00
2009.06.24 18:42:47.176,1.1541,1.1543,1.40,8.00
2009.06.24 18:42:48.475,1.1539,1.1543,8.20,8.00
2009.06.24 18:42:48.865,1.1539,1.1543,8.80,8.00
2009.06.24 18:42:49.265,1.154,1.1543,1.00,8.00
2009.06.24 18:42:49.605,1.15405,1.1542,1.00,1.00
2009.06.24 18:42:49.725,1.15405,1.1542,1.00,1.00
2009.06.24 18:42:52.284,1.15405,1.1542,1.00,1.00
2009.06.24 18:42:52.404,1.15405,1.1542,1.00,1.20
2009.06.24 18:42:53.104,1.15395,1.1542,7.80,1.20
2009.06.24 18:42:53.394,1.15395,1.1542,7.80,1.00
2009.06.24 18:42:54.454,1.15395,1.1542,7.80,1.60
2009.06.24 18:42:54.684,1.15395,1.1542,7.60,1.60
2009.06.24 18:42:55.024,1.15395,1.1542,7.60,2.40
2009.06.24 18:42:55.504,1.154,1.1542,3.00,8.40
2009.06.24 18:42:55.783,1.154,1.1541,2.40,2.00
2009.06.24 18:42:56.123,1.15395,1.154,3.20,1.00
2009.06.24 18:42:56.463,1.1537,1.154,6.60,1.00
2009.06.24 18:42:57.103,1.1537,1.154,6.20,1.00
2009.06.24 18:42:57.503,1.15375,1.154,6.60,1.00
2009.06.24 18:42:58.044,1.15375,1.1541,8.20,12.00
2009.06.24 18:42:58.393,1.1538,1.1541,6.20,4.00
2009.06.24 18:42:58.633,1.15395,1.1541,1.80,3.20
2009.06.24 18:42:58.923,1.15395,1.1542,2.20,4.80
2009.06.24 18:42:59.213,1.15395,1.1542,3.80,1.00
2009.06.24 18:42:59.622,1.1539,1.1542,6.80,1.00
2009.06.24 18:42:59.893,1.15395,1.1542,6.80,1.00
2009.06.24 18:43:00.172,1.15395,1.1542,6.80,1.00
2009.06.24 18:43:00.562,1.154,1.1542,3.80,1.00
2009.06.24 18:43:00.802,1.154,1.1542,1.80,1.00
2009.06.24 18:43:02.182,1.154,1.1542,2.00,1.00
2009.06.24 18:43:04.591,1.154,1.1542,1.80,1.00
2009.06.24 18:43:04.891,1.154,1.1542,2.20,1.00
2009.06.24 18:43:06.521,1.154,1.1542,1.60,1.00
2009.06.24 18:43:07.281,1.154,1.1542,1.80,1.00
2009.06.24 18:43:09.040,1.1538,1.154,3.60,3.20
2009.06.24 18:43:09.320,1.15365,1.1539,2.00,3.20
2009.06.24 18:43:09.720,1.15365,1.1539,2.00,4.80
2009.06.24 18:43:09.890,1.15365,1.154,2.00,14.60
2009.06.24 18:43:10.120,1.15365,1.1538,2.00,3.40
2009.06.24 18:43:10.240,1.15365,1.1538,2.20,1.00
2009.06.24 18:43:10.680,1.1537,1.1539,2.60,2.40
2009.06.24 18:43:10.790,1.1537,1.1539,3.60,1.00
2009.06.24 18:43:11.260,1.1537,1.1539,3.40,1.00
2009.06.24 18:43:11.440,1.1537,1.1539,3.40,1.20
2009.06.24 18:43:11.610,1.1537,1.1539,2.80,1.20
2009.06.24 18:43:11.890,1.1537,1.1539,2.60,1.20
2009.06.24 18:43:12.069,1.1537,1.1539,3.40,1.00
2009.06.24 18:43:12.339,1.1537,1.1538,1.00,1.00
2009.06.24 18:43:12.629,1.15365,1.1538,2.60,1.20
2009.06.24 18:43:12.980,1.1536,1.1538,3.00,4.00
2009.06.24 18:43:13.389,1.1536,1.1538,1.20,10.20
2009.06.24 18:43:13.689,1.1536,1.1537,1.00,1.00
2009.06.24 18:43:13.969,1.1536,1.1537,1.40,1.00
2009.06.24 18:43:14.199,1.1536,1.1538,1.40,1.60
2009.06.24 18:43:14.479,1.1537,1.1538,1.20,1.00
2009.06.24 18:43:14.769,1.15355,1.1538,3.00,3.20
2009.06.24 18:43:15.219,1.15355,1.1538,1.40,1.60
2009.06.24 18:43:15.459,1.15355,1.1538,1.60,2.20
2009.06.24 18:43:15.908,1.1536,1.1538,1.60,1.80
2009.06.24 18:43:16.128,1.1536,1.1538,1.60,1.60
2009.06.24 18:43:16.948,1.1536,1.1538,1.60,1.80
2009.06.24 18:43:17.128,1.1536,1.1538,1.20,2.20
2009.06.24 18:43:17.708,1.1535,1.15365,1.20,3.20
2009.06.24 18:43:17.988,1.1533,1.1538,6.00,13.00
2009.06.24 18:43:18.438,1.1533,1.15375,7.00,5.20
2009.06.24 18:43:19.247,1.15335,1.1537,7.00,5.80
2009.06.24 18:43:19.817,1.1534,1.15375,3.60,6.60
2009.06.24 18:43:20.098,1.1534,1.15375,2.00,6.60
2009.06.24 18:43:21.577,1.1534,1.15365,2.00,1.00
2009.06.24 18:43:24.166,1.1532,1.1535,7.60,1.00
2009.06.24 18:43:24.947,1.15325,1.1535,7.80,1.00
2009.06.24 18:43:25.516,1.15325,1.1535,8.00,1.00
2009.06.24 18:43:25.676,1.15335,1.1535,1.60,1.00
2009.06.24 18:43:25.966,1.15335,1.1536,1.20,8.00
2009.06.24 18:43:26.306,1.15335,1.1536,1.20,3.40
2009.06.24 18:43:27.036,1.1532,1.15345,6.00,1.00
2009.06.24 18:43:27.916,1.15325,1.15345,1.40,1.00
2009.06.24 18:43:28.256,1.1533,1.1534,1.40,1.20
2009.06.24 18:43:29.225,1.1533,1.1534,1.40,1.00
2009.06.24 18:43:29.445,1.1533,1.1534,1.60,1.00
2009.06.24 18:43:30.445,1.1533,1.1535,1.60,1.00
2009.06.24 18:43:31.195,1.15325,1.1535,7.40,1.00
2009.06.24 18:43:31.485,1.15325,1.1536,7.80,1.00
2009.06.24 18:43:32.634,1.15325,1.1536,8.00,1.00
2009.06.24 18:43:33.454,1.15335,1.1536,1.40,1.00
2009.06.24 18:43:34.894,1.1534,1.1536,1.00,1.00
2009.06.24 18:43:35.124,1.1532,1.1536,8.40,4.80
2009.06.24 18:43:35.244,1.15325,1.1536,2.40,2.60
2009.06.24 18:43:36.374,1.15325,1.1536,2.20,2.60
2009.06.24 18:43:36.774,1.1533,1.1535,2.20,1.20
2009.06.24 18:43:37.243,1.1533,1.1535,2.00,1.80
2009.06.24 18:43:37.533,1.1533,1.1535,2.00,1.20
2009.06.24 18:43:37.813,1.1533,1.1535,1.40,2.40
2009.06.24 18:43:38.153,1.1533,1.1534,1.20,1.60
2009.06.24 18:43:38.433,1.1532,1.15345,4.80,4.20
2009.06.24 18:43:38.835,1.1532,1.15335,1.40,1.00
2009.06.24 18:43:38.893,1.1532,1.1534,1.00,3.20
2009.06.24 18:43:42.592,1.1531,1.1533,1.00,2.60
2009.06.24 18:43:42.832,1.153,1.1532,7.20,3.00
2009.06.24 18:43:43.222,1.153,1.1531,4.00,2.40
2009.06.24 18:43:44.242,1.153,1.1531,5.00,2.40
2009.06.24 18:43:44.422,1.153,1.1531,4.80,2.40
2009.06.24 18:43:45.002,1.153,1.1531,4.60,2.40
2009.06.24 18:43:45.121,1.153,1.1531,6.80,2.40
2009.06.24 18:43:45.912,1.153,1.1531,3.00,3.00
2009.06.24 18:43:46.141,1.153,1.1531,1.40,3.00
2009.06.24 18:43:46.441,1.15305,1.1531,1.20,2.40
2009.06.24 18:43:46.901,1.15295,1.1531,7.20,2.40
2009.06.24 18:43:47.471,1.15295,1.1531,7.60,2.40
2009.06.24 18:43:47.831,1.15295,1.1531,6.00,2.40
2009.06.24 18:43:48.111,1.153,1.1531,6.80,2.40
2009.06.24 18:43:48.611,1.15295,1.1531,9.00,2.40
2009.06.24 18:43:49.121,1.15295,1.1531,7.20,2.40
2009.06.24 18:43:49.591,1.15295,1.1531,7.60,2.40
2009.06.24 18:43:50.000,1.15295,1.15335,9.20,15.20
2009.06.24 18:43:50.230,1.15295,1.15335,9.60,14.00
2009.06.24 18:43:50.450,1.15295,1.15335,9.40,12.80
2009.06.24 18:43:51.500,1.15295,1.1533,9.20,12.80
2009.06.24 18:43:52.300,1.15295,1.1533,9.40,12.80
2009.06.24 18:43:53.390,1.15295,1.1533,9.00,12.80
2009.06.24 18:43:56.449,1.1531,1.1533,1.00,12.80
2009.06.24 18:43:58.388,1.1532,1.1533,2.00,3.20
2009.06.24 18:43:58.908,1.1532,1.1533,1.00,6.40
2009.06.24 18:43:58.968,1.1532,1.1533,1.00,9.60
2009.06.24 18:43:59.088,1.1532,1.1533,1.20,12.80
2009.06.24 18:43:59.418,1.1532,1.1533,1.60,8.00
2009.06.24 18:43:59.538,1.1533,1.15335,1.40,8.80
2009.06.24 18:43:59.588,1.1533,1.15335,1.40,6.40
2009.06.24 18:44:00.128,1.1532,1.1533,3.10,1.00
2009.06.24 18:44:00.478,1.1532,1.1533,2.60,1.20
2009.06.24 18:44:00.878,1.1532,1.1533,2.00,1.20
2009.06.24 18:44:00.988,1.1532,1.1533,1.20,6.40
2009.06.24 18:44:01.438,1.1532,1.1533,1.20,8.00
2009.06.24 18:44:01.547,1.1532,1.15325,1.00,3.20
2009.06.24 18:44:01.897,1.1532,1.15325,2.80,3.20
2009.06.24 18:44:02.237,1.1532,1.1533,1.80,1.20
2009.06.24 18:44:02.707,1.1532,1.1533,1.00,2.40
2009.06.24 18:44:03.208,1.1532,1.1533,1.00,8.80
2009.06.24 18:44:04.797,1.1532,1.1533,1.00,8.80
2009.06.24 18:44:06.396,1.15315,1.1532,1.20,1.00
2009.06.24 18:44:07.106,1.15305,1.1532,1.20,1.20
2009.06.24 18:44:07.506,1.15315,1.1532,1.20,1.20
2009.06.24 18:44:08.356,1.15315,1.1532,1.20,1.20
2009.06.24 18:44:08.826,1.15315,1.1532,1.20,1.00
2009.06.24 18:44:09.695,1.15315,1.1532,1.20,1.20
2009.06.24 18:44:10.165,1.15315,1.1532,1.20,1.20
2009.06.24 18:44:10.615,1.15315,1.1532,1.20,1.00
2009.06.24 18:44:12.915,1.15315,1.1532,1.20,1.20
2009.06.24 18:44:13.145,1.15315,1.1532,1.20,1.60
2009.06.24 18:44:13.495,1.15315,1.1532,1.20,1.80
2009.06.24 18:44:13.714,1.15315,1.1532,1.20,1.20
2009.06.24 18:44:14.344,1.15315,1.1532,1.20,1.00
2009.06.24 18:44:14.754,1.15315,1.1532,1.20,5.40
2009.06.24 18:44:15.084,1.1529,1.1531,6.40,1.00
2009.06.24 18:44:15.384,1.15295,1.1531,2.80,1.00
2009.06.24 18:44:15.964,1.15295,1.1531,2.60,1.00
2009.06.24 18:44:16.594,1.153,1.1531,2.60,1.20
2009.06.24 18:44:17.384,1.15305,1.1531,1.20,7.40
2009.06.24 18:44:17.663,1.15285,1.153,1.40,1.20
2009.06.24 18:44:19.683,1.1529,1.153,1.20,1.00
2009.06.24 18:44:19.983,1.1529,1.153,1.20,10.40
2009.06.24 18:44:20.203,1.1529,1.153,1.00,14.80
2009.06.24 18:44:20.546,1.15285,1.153,1.20,14.80
2009.06.24 18:44:21.063,1.15285,1.153,1.20,15.00
2009.06.24 18:44:21.813,1.1528,1.1529,1.00,2.60
2009.06.24 18:44:22.103,1.1528,1.1529,1.00,10.60
2009.06.24 18:44:22.442,1.1528,1.1529,2.20,8.00
2009.06.24 18:44:22.972,1.1529,1.153,1.20,6.80
2009.06.24 18:44:23.332,1.1529,1.15315,1.20,4.00
2009.06.24 18:44:23.692,1.15285,1.15315,1.20,4.80
2009.06.24 18:44:24.032,1.1529,1.15315,1.20,8.00
2009.06.24 18:44:24.532,1.1529,1.153,1.00,2.00
2009.06.24 18:44:25.002,1.15285,1.153,3.60,2.40
2009.06.24 18:44:25.352,1.1529,1.153,1.60,2.40
2009.06.24 18:44:25.642,1.15285,1.153,1.20,8.40
2009.06.24 18:44:26.042,1.15285,1.1529,1.20,1.00
2009.06.24 18:44:26.392,1.15285,1.1529,1.20,1.00
2009.06.24 18:44:26.741,1.15285,1.153,1.20,13.40
2009.06.24 18:44:27.041,1.15285,1.1529,1.20,1.00
2009.06.24 18:44:27.441,1.1528,1.1529,1.00,1.20
2009.06.24 18:44:28.331,1.15255,1.1528,4.60,2.00
2009.06.24 18:44:28.731,1.15255,1.15275,6.40,1.60
2009.06.24 18:44:28.891,1.1525,1.1528,11.40,1.20
2009.06.24 18:44:29.071,1.1525,1.1528,11.40,1.20
2009.06.24 18:44:29.191,1.1525,1.1528,11.60,1.00
2009.06.24 18:44:29.471,1.15255,1.1529,12.20,16.40
2009.06.24 18:44:30.141,1.1527,1.1528,1.20,1.00
2009.06.24 18:44:30.601,1.1527,1.1529,1.20,8.00
2009.06.24 18:44:31.052,1.1527,1.1529,1.20,16.20
2009.06.24 18:44:31.700,1.15275,1.1528,1.20,1.00
2009.06.24 18:44:33.020,1.15255,1.15265,1.60,3.20
2009.06.24 18:44:33.360,1.15245,1.15265,3.80,4.80
2009.06.24 18:44:34.010,1.15245,1.15265,4.00,5.40
2009.06.24 18:44:34.189,1.1525,1.1526,4.20,1.00
2009.06.24 18:44:34.470,1.1525,1.15265,5.20,8.00
2009.06.24 18:44:34.829,1.1525,1.1526,5.20,1.00
2009.06.24 18:44:35.069,1.1525,1.1526,5.20,1.00
2009.06.24 18:44:35.359,1.1525,1.1526,4.40,1.00
2009.06.24 18:44:36.009,1.1525,1.1526,4.00,1.00
2009.06.24 18:44:36.479,1.1525,1.1526,2.00,1.00
2009.06.24 18:44:37.459,1.1525,1.1527,2.40,4.80
2009.06.24 18:44:37.819,1.15245,1.1526,4.80,1.00
2009.06.24 18:44:38.169,1.15245,1.1526,3.20,1.00
2009.06.24 18:44:38.229,1.1525,1.1526,1.20,1.00
2009.06.24 18:44:38.688,1.1525,1.1526,1.20,1.00
2009.06.24 18:44:38.798,1.1525,1.1526,1.20,1.00
2009.06.24 18:44:39.498,1.1525,1.1526,1.20,2.20
2009.06.24 18:44:39.608,1.1524,1.1525,1.60,1.60
2009.06.24 18:44:39.938,1.1524,1.1525,1.00,4.80
2009.06.24 18:44:40.168,1.1524,1.1525,2.00,3.20
2009.06.24 18:44:40.278,1.1524,1.1525,2.00,3.40
2009.06.24 18:44:40.338,1.1524,1.1525,2.00,1.80
2009.06.24 18:44:40.558,1.1524,1.1525,2.00,1.00
2009.06.24 18:44:40.788,1.1525,1.15255,1.00,8.00
2009.06.24 18:44:41.008,1.15255,1.1526,1.20,14.60
2009.06.24 18:44:41.418,1.15255,1.1526,1.20,3.20
2009.06.24 18:44:41.878,1.15255,1.1526,2.20,1.60
2009.06.24 18:44:42.358,1.1525,1.1526,1.80,1.60
2009.06.24 18:44:42.818,1.1525,1.1527,1.00,8.00
2009.06.24 18:44:43.168,1.1525,1.1526,1.00,4.80
2009.06.24 18:44:43.557,1.1524,1.1526,1.20,8.00
2009.06.24 18:44:43.797,1.1524,1.1525,1.20,3.20
2009.06.24 18:44:44.027,1.15245,1.1526,1.20,13.80
2009.06.24 18:44:44.427,1.15235,1.1526,5.60,1.40
2009.06.24 18:44:45.007,1.15235,1.1526,4.80,7.00
2009.06.24 18:44:45.487,1.1524,1.1526,1.40,9.60
2009.06.24 18:44:46.117,1.1524,1.1526,1.00,10.80
2009.06.24 18:44:47.097,1.1522,1.1525,8.80,8.00
2009.06.24 18:44:47.446,1.15215,1.1525,2.60,8.00
2009.06.24 18:44:47.726,1.15215,1.1525,1.60,8.00
2009.06.24 18:44:48.416,1.1522,1.1525,1.60,9.60
2009.06.24 18:44:48.756,1.1522,1.1525,4.20,9.60
2009.06.24 18:44:49.106,1.1522,1.1525,1.60,8.00
2009.06.24 18:44:49.806,1.15235,1.1525,2.80,4.80
2009.06.24 18:44:50.226,1.15245,1.1526,1.20,6.60
2009.06.24 18:44:50.516,1.15255,1.1528,5.40,3.20
2009.06.24 18:44:50.936,1.1526,1.1528,1.20,4.80
2009.06.24 18:44:51.336,1.1525,1.15275,1.40,6.40
2009.06.24 18:44:51.636,1.1525,1.1526,1.20,1.60
2009.06.24 18:44:51.916,1.1525,1.1526,1.60,1.60
2009.06.24 18:44:52.265,1.1525,1.1527,1.60,12.80
2009.06.24 18:44:52.605,1.1525,1.1527,1.80,6.40
2009.06.24 18:44:52.945,1.1525,1.1527,1.60,8.00
2009.06.24 18:44:53.335,1.1525,1.1527,1.80,8.00
2009.06.24 18:44:53.615,1.1525,1.1527,1.00,3.20
2009.06.24 18:44:53.845,1.1525,1.1527,1.00,9.60
2009.06.24 18:44:54.135,1.1525,1.1526,1.00,1.60
2009.06.24 18:44:54.475,1.1525,1.1526,1.40,1.60
2009.06.24 18:44:54.815,1.1525,1.1527,1.20,3.20
2009.06.24 18:44:55.315,1.1525,1.1526,1.20,1.60
2009.06.24 18:44:55.884,1.15225,1.1525,2.80,3.20
2009.06.24 18:44:58.314,1.15205,1.1523,1.20,14.00
2009.06.24 18:44:58.734,1.1521,1.1523,1.00,11.40
2009.06.24 18:44:59.244,1.1521,1.1523,1.00,11.60
2009.06.24 18:45:00.173,1.1521,1.1523,1.00,11.20
2009.06.24 18:45:00.593,1.1522,1.1523,3.00,1.60
2009.06.24 18:45:01.033,1.1523,1.15235,1.00,3.20
2009.06.24 18:45:01.263,1.1523,1.1525,1.00,4.80
2009.06.24 18:45:02.773,1.1522,1.15245,4.60,3.20
2009.06.24 18:45:02.983,1.1521,1.15235,3.20,7.60
2009.06.24 18:45:03.213,1.1521,1.15235,1.00,9.20
2009.06.24 18:45:03.503,1.1521,1.15235,1.20,9.20
2009.06.24 18:45:03.793,1.1521,1.15235,2.00,10.60
2009.06.24 18:45:04.183,1.1521,1.1523,1.20,8.80
2009.06.24 18:45:04.422,1.1521,1.1523,1.20,10.60
2009.06.24 18:45:05.342,1.1521,1.1522,1.20,3.20
2009.06.24 18:45:06.082,1.1521,1.1522,1.20,3.20
2009.06.24 18:45:06.252,1.1521,1.1522,1.00,3.20
2009.06.24 18:45:06.592,1.1521,1.1522,1.00,3.20
2009.06.24 18:45:07.301,1.152,1.1521,1.30,1.60
2009.06.24 18:45:07.632,1.15185,1.1521,1.00,3.20
2009.06.24 18:45:07.911,1.1518,1.152,4.60,5.40
2009.06.24 18:45:08.242,1.1517,1.152,6.40,7.80
2009.06.24 18:45:08.521,1.15165,1.1519,2.40,3.20
2009.06.24 18:45:08.801,1.1517,1.1518,2.20,1.00
2009.06.24 18:45:09.081,1.1517,1.1518,2.20,4.00
2009.06.24 18:45:09.361,1.15135,1.1518,6.60,3.20
2009.06.24 18:45:09.641,1.15135,1.1519,6.60,17.60
2009.06.24 18:45:09.981,1.1516,1.1518,1.00,1.00
2009.06.24 18:45:10.331,1.1517,1.1518,2.20,1.00
2009.06.24 18:45:10.671,1.15175,1.1519,3.40,3.20
2009.06.24 18:45:11.011,1.15185,1.1519,1.80,3.20
2009.06.24 18:45:11.631,1.15175,1.1518,2.80,1.00
2009.06.24 18:45:12.100,1.15165,1.1518,1.00,3.20
2009.06.24 18:45:12.390,1.15165,1.1519,1.00,23.40
2009.06.24 18:45:12.721,1.15165,1.1518,1.00,3.20
2009.06.24 18:45:12.840,1.15165,1.1518,1.00,3.20
2009.06.24 18:45:13.130,1.1517,1.1518,2.00,3.20
2009.06.24 18:45:15.070,1.1517,1.1518,1.80,3.20
2009.06.24 18:45:16.749,1.1518,1.1519,1.00,20.80
2009.06.24 18:45:17.149,1.1516,1.1518,1.60,3.20
2009.06.24 18:45:17.659,1.15155,1.1518,2.80,3.20
2009.06.24 18:45:18.179,1.1516,1.1518,1.00,3.20
2009.06.24 18:45:18.529,1.1516,1.1518,1.00,3.20
2009.06.24 18:45:18.689,1.1516,1.1518,1.40,3.20
2009.06.24 18:45:19.539,1.1516,1.1518,1.00,3.20
2009.06.24 18:45:20.669,1.1516,1.1518,1.80,3.20
2009.06.24 18:45:21.068,1.1516,1.1518,2.20,3.20
2009.06.24 18:45:21.858,1.1517,1.1519,3.20,3.20
2009.06.24 18:45:22.138,1.15175,1.152,1.20,3.20
2009.06.24 18:45:22.718,1.15175,1.15195,4.20,7.20
2009.06.24 18:45:23.238,1.15175,1.15195,4.20,6.40
2009.06.24 18:45:23.588,1.15175,1.1519,4.20,1.00
2009.06.24 18:45:24.557,1.15175,1.1519,3.20,3.20
2009.06.24 18:45:25.007,1.15175,1.1519,4.20,1.00
2009.06.24 18:45:26.117,1.1518,1.152,1.00,3.20
2009.06.24 18:45:26.407,1.1518,1.15195,1.00,6.40
2009.06.24 18:45:26.757,1.1519,1.152,1.00,1.60
2009.06.24 18:45:27.097,1.1519,1.1521,1.00,3.40
2009.06.24 18:45:27.547,1.1517,1.1521,5.80,1.80
2009.06.24 18:45:27.897,1.15175,1.1521,2.60,1.80
2009.06.24 18:45:28.596,1.1518,1.1521,2.80,1.80
2009.06.24 18:45:29.576,1.15185,1.1521,1.00,1.80
2009.06.24 18:45:30.516,1.1519,1.1521,1.00,1.60
2009.06.24 18:45:31.496,1.152,1.1521,1.00,1.60
2009.06.24 18:45:32.046,1.152,1.1521,1.00,1.60
2009.06.24 18:45:32.586,1.1519,1.1521,1.00,3.20
2009.06.24 18:45:32.935,1.1519,1.1521,1.00,3.20
2009.06.24 18:45:33.865,1.1519,1.1521,1.00,1.60
2009.06.24 18:45:35.535,1.1519,1.1521,1.00,1.60
2009.06.24 18:45:35.835,1.1519,1.1521,1.00,1.60
2009.06.24 18:45:36.348,1.1519,1.1521,1.20,1.60
2009.06.24 18:45:36.695,1.1519,1.152,1.00,1.20
2009.06.24 18:45:36.985,1.1517,1.1521,5.40,1.60
2009.06.24 18:45:37.504,1.1517,1.1521,5.40,3.20
2009.06.24 18:45:37.854,1.15175,1.152,1.80,4.80
2009.06.24 18:45:38.374,1.1519,1.1521,1.00,1.60
2009.06.24 18:45:38.654,1.1519,1.1521,1.00,1.60
2009.06.24 18:45:38.894,1.1519,1.1521,2.20,1.60
2009.06.24 18:45:42.104,1.1518,1.1521,1.80,4.20
2009.06.24 18:45:43.163,1.1518,1.152,1.80,1.00
2009.06.24 18:45:43.583,1.1518,1.152,1.80,2.20
2009.06.24 18:45:43.923,1.1518,1.152,1.00,4.20
2009.06.24 18:45:44.363,1.1518,1.152,1.00,4.60
2009.06.24 18:45:44.703,1.1518,1.152,1.00,4.60
2009.06.24 18:45:44.923,1.1517,1.152,2.60,4.60
2009.06.24 18:45:45.323,1.1517,1.152,2.60,5.40
2009.06.24 18:45:45.492,1.1518,1.152,1.00,5.40
2009.06.24 18:45:45.772,1.1518,1.1519,1.00,4.20
2009.06.24 18:45:46.062,1.1517,1.1519,1.60,4.80
2009.06.24 18:45:46.302,1.15165,1.1519,1.00,4.20
2009.06.24 18:45:46.932,1.15165,1.1519,3.00,2.60
2009.06.24 18:45:47.212,1.15175,1.1519,1.00,2.20
2009.06.24 18:45:47.622,1.15175,1.1519,1.00,1.00
2009.06.24 18:45:48.132,1.1518,1.152,1.00,3.20
2009.06.24 18:45:49.571,1.1518,1.152,1.00,3.20
2009.06.24 18:45:52.331,1.1518,1.152,1.00,3.20
2009.06.24 18:45:52.910,1.1518,1.152,1.00,3.20
2009.06.24 18:45:53.131,1.1518,1.152,1.00,3.20
2009.06.24 18:45:53.430,1.1516,1.152,3.00,3.20
2009.06.24 18:45:53.780,1.15165,1.152,1.20,3.20
2009.06.24 18:45:54.310,1.15165,1.152,1.00,3.20
2009.06.24 18:45:54.661,1.15165,1.152,7.80,3.20
2009.06.24 18:45:54.840,1.15165,1.152,6.20,3.20
2009.06.24 18:45:55.130,1.15165,1.152,5.80,3.20
2009.06.24 18:45:55.300,1.15165,1.152,7.40,3.20
2009.06.24 18:45:55.540,1.15165,1.1519,6.40,2.40
2009.06.24 18:45:56.120,1.1516,1.1519,4.20,2.40
2009.06.24 18:45:56.440,1.1516,1.1519,4.20,1.80
2009.06.24 18:45:56.680,1.15165,1.1519,1.60,1.60
2009.06.24 18:45:57.370,1.1517,1.1519,1.20,1.60
2009.06.24 18:45:57.769,1.1518,1.152,1.00,16.00
2009.06.24 18:45:57.989,1.15175,1.152,3.60,3.20
2009.06.24 18:45:58.559,1.15185,1.152,1.00,3.20
2009.06.24 18:45:59.009,1.15185,1.152,1.60,3.20
2009.06.24 18:45:59.579,1.1519,1.152,1.80,3.20
2009.06.24 18:45:59.799,1.1519,1.152,2.40,3.20
2009.06.24 18:46:00.139,1.1519,1.152,2.60,3.20
2009.06.24 18:46:00.529,1.1519,1.152,2.40,3.20
2009.06.24 18:46:01.149,1.1519,1.152,2.20,3.20
2009.06.24 18:46:01.718,1.152,1.15205,1.00,3.20
2009.06.24 18:46:01.829,1.152,1.1524,3.60,3.20
2009.06.24 18:46:02.958,1.15205,1.15235,3.60,10.80
2009.06.24 18:46:03.298,1.15205,1.15235,3.60,11.40
2009.06.24 18:46:03.808,1.15205,1.15235,3.60,10.80
2009.06.24 18:46:04.098,1.15205,1.15235,3.60,10.60
2009.06.24 18:46:04.208,1.15205,1.15235,3.60,10.40
2009.06.24 18:46:04.318,1.15205,1.1523,3.60,1.80
2009.06.24 18:46:04.598,1.1521,1.1523,3.60,1.80
2009.06.24 18:46:08.127,1.152,1.1522,1.60,1.00
2009.06.24 18:46:08.457,1.152,1.1522,1.60,1.00
2009.06.24 18:46:08.567,1.15195,1.1522,4.20,1.00
2009.06.24 18:46:08.976,1.15195,1.1522,4.20,1.40
2009.06.24 18:46:09.146,1.15195,1.1522,4.20,2.20
2009.06.24 18:46:09.506,1.15195,1.1522,4.20,1.20
2009.06.24 18:46:10.068,1.15195,1.1522,4.20,1.00
2009.06.24 18:46:10.356,1.152,1.1522,1.00,1.00
2009.06.24 18:46:10.746,1.152,1.1523,1.60,5.60
2009.06.24 18:46:11.206,1.15215,1.1523,1.20,5.00
2009.06.24 18:46:11.506,1.1521,1.1523,1.20,1.80
2009.06.24 18:46:11.736,1.1521,1.1524,1.20,3.20
2009.06.24 18:46:12.126,1.1521,1.1524,4.20,3.20
2009.06.24 18:46:15.645,1.15225,1.15245,1.40,6.40
2009.06.24 18:46:16.025,1.1523,1.15245,1.00,3.20
2009.06.24 18:46:16.245,1.1523,1.1525,1.00,1.00
2009.06.24 18:46:16.885,1.1523,1.1525,1.00,1.80
2009.06.24 18:46:17.765,1.15225,1.1525,1.20,1.80
2009.06.24 18:46:18.265,1.1523,1.1525,1.00,1.60
2009.06.24 18:46:18.604,1.1523,1.1527,14.00,4.20
2009.06.24 18:46:18.997,1.15225,1.15265,24.00,1.60
2009.06.24 18:46:19.564,1.15225,1.15265,24.20,1.60
2009.06.24 18:46:19.794,1.15225,1.1525,24.20,3.20
2009.06.24 18:46:20.145,1.15235,1.1525,3.20,3.20
2009.06.24 18:46:20.735,1.15235,1.1524,3.20,2.60
2009.06.24 18:46:21.204,1.152,1.1524,4.00,3.20
2009.06.24 18:46:21.374,1.152,1.1524,3.80,1.60
2009.06.24 18:46:21.674,1.1522,1.1526,1.40,9.80
2009.06.24 18:46:22.183,1.1522,1.1526,1.00,9.80
2009.06.24 18:46:22.474,1.15205,1.15255,4.00,17.60
2009.06.24 18:46:22.824,1.15205,1.15235,1.60,3.20
2009.06.24 18:46:23.113,1.15175,1.15225,8.80,1.00
2009.06.24 18:46:23.393,1.15175,1.1523,6.20,6.00
2009.06.24 18:46:23.614,1.15175,1.1523,5.60,6.60
2009.06.24 18:46:23.993,1.15175,1.1522,7.80,3.40
2009.06.24 18:46:24.923,1.15185,1.1522,7.80,3.40
2009.06.24 18:46:25.383,1.15195,1.1522,1.00,3.40
2009.06.24 18:46:26.412,1.152,1.1522,1.80,1.80
2009.06.24 18:46:26.813,1.1521,1.1523,1.20,2.40
2009.06.24 18:46:26.922,1.15205,1.15235,1.60,10.40
2009.06.24 18:46:27.152,1.15205,1.15235,1.60,12.00
2009.06.24 18:46:27.262,1.152,1.15235,1.00,12.00
2009.06.24 18:46:27.442,1.152,1.15235,1.00,12.20
2009.06.24 18:46:27.792,1.152,1.15225,1.00,1.80
2009.06.24 18:46:28.682,1.152,1.1524,1.00,12.20
2009.06.24 18:46:29.072,1.1521,1.15235,1.20,3.80
2009.06.24 18:46:29.612,1.1519,1.15215,6.20,1.00
2009.06.24 18:46:29.892,1.15195,1.15205,1.60,1.20
2009.06.24 18:46:30.382,1.1516,1.15195,1.60,2.40
2009.06.24 18:46:30.742,1.1515,1.1519,4.20,3.20
2009.06.24 18:46:31.091,1.1515,1.1519,4.20,2.20
2009.06.24 18:46:31.512,1.1517,1.1519,1.00,1.80
2009.06.24 18:46:31.971,1.1517,1.1519,1.20,1.80
2009.06.24 18:46:32.801,1.15185,1.15215,3.60,1.80
2009.06.24 18:46:33.831,1.152,1.1521,1.00,1.80
2009.06.24 18:46:36.120,1.15185,1.15215,4.20,9.80
2009.06.24 18:46:36.350,1.15195,1.15215,1.00,9.80
2009.06.24 18:46:36.640,1.15195,1.15215,1.00,9.80
2009.06.24 18:46:36.990,1.15205,1.15215,1.00,9.60
2009.06.24 18:46:37.390,1.15225,1.1523,1.20,4.00
2009.06.24 18:46:37.710,1.15225,1.15245,2.00,1.60
2009.06.24 18:46:38.280,1.15225,1.1526,2.20,16.20
2009.06.24 18:46:38.650,1.15225,1.1526,5.60,9.80
2009.06.24 18:46:40.409,1.15225,1.15245,5.40,1.00
2009.06.24 18:46:40.629,1.15225,1.15235,5.40,1.00
2009.06.24 18:46:40.859,1.15225,1.15235,3.60,1.00
2009.06.24 18:46:41.829,1.15205,1.1523,5.20,1.00
2009.06.24 18:46:42.119,1.15215,1.1523,1.60,1.20
2009.06.24 18:46:42.468,1.152,1.1523,3.60,1.60
2009.06.24 18:46:42.879,1.152,1.15235,1.00,6.40
2009.06.24 18:46:43.379,1.15185,1.1522,2.40,1.00
2009.06.24 18:46:43.898,1.15185,1.1522,1.20,1.00
2009.06.24 18:46:44.288,1.15185,1.1522,1.20,1.00
2009.06.24 18:46:44.508,1.1518,1.1522,4.00,3.20
2009.06.24 18:46:44.678,1.1518,1.1521,4.00,1.00
2009.06.24 18:46:45.138,1.15185,1.1521,1.60,1.00
2009.06.24 18:46:45.308,1.1518,1.1521,5.00,1.00
2009.06.24 18:46:46.078,1.1518,1.1521,5.00,1.20
2009.06.24 18:46:46.588,1.1519,1.1521,1.20,1.00
2009.06.24 18:46:46.937,1.1518,1.1521,3.80,1.00
2009.06.24 18:46:47.328,1.15195,1.1522,1.00,3.20
2009.06.24 18:46:47.687,1.1522,1.1523,1.00,1.60
2009.06.24 18:46:48.037,1.15225,1.1524,3.60,1.00
2009.06.24 18:46:48.887,1.152,1.1523,3.20,2.40
2009.06.24 18:46:49.327,1.1519,1.1523,4.00,1.20
2009.06.24 18:46:49.747,1.15195,1.15215,3.60,1.00
2009.06.24 18:46:50.037,1.1518,1.15205,3.60,2.60
2009.06.24 18:46:50.687,1.1519,1.15205,1.00,2.20
2009.06.24 18:46:51.027,1.1519,1.152,1.00,1.00
2009.06.24 18:46:51.267,1.15195,1.1521,5.00,1.00
2009.06.24 18:46:51.787,1.15195,1.1521,3.60,1.00
2009.06.24 18:46:52.006,1.15195,1.1521,3.60,1.00
2009.06.24 18:46:52.376,1.152,1.1522,1.00,9.20
2009.06.24 18:46:52.786,1.1522,1.15225,1.00,8.00
2009.06.24 18:46:53.306,1.15225,1.1526,4.00,4.80
2009.06.24 18:46:53.526,1.15225,1.1528,7.80,1.00
2009.06.24 18:46:53.756,1.15225,1.1528,5.40,1.00
2009.06.24 18:46:54.166,1.15235,1.1528,4.00,2.20
2009.06.24 18:46:54.566,1.15235,1.1527,4.00,2.20
2009.06.24 18:46:54.846,1.1524,1.15265,1.60,2.60
2009.06.24 18:46:55.066,1.15235,1.15265,2.00,4.20
2009.06.24 18:46:55.406,1.15245,1.1526,3.60,6.40
2009.06.24 18:46:55.625,1.1524,1.1527,5.60,1.00
2009.06.24 18:46:55.856,1.1524,1.1527,4.00,1.00
2009.06.24 18:46:56.265,1.15245,1.1526,3.40,1.60
2009.06.24 18:46:56.675,1.15245,1.15265,3.60,6.40
2009.06.24 18:46:56.895,1.1524,1.1527,4.00,1.00
2009.06.24 18:46:57.655,1.15245,1.1527,3.20,1.60
2009.06.24 18:46:58.115,1.1524,1.15275,1.00,3.00
2009.06.24 18:46:58.755,1.1524,1.1527,1.00,3.20
2009.06.24 18:46:59.034,1.1524,1.1526,1.00,1.00
2009.06.24 18:46:59.374,1.15235,1.1526,1.60,3.20
2009.06.24 18:46:59.724,1.15225,1.1525,2.40,1.00
2009.06.24 18:46:59.904,1.15225,1.1525,2.40,1.00
2009.06.24 18:47:02.154,1.1523,1.1525,1.00,1.40
2009.06.24 18:47:02.494,1.1522,1.1525,3.80,2.40
2009.06.24 18:47:02.844,1.1523,1.1525,1.20,2.40
2009.06.24 18:47:03.234,1.15225,1.1525,1.60,2.80
2009.06.24 18:47:03.533,1.1523,1.1525,1.20,1.80
2009.06.24 18:47:03.914,1.15235,1.1525,1.20,1.00
2009.06.24 18:47:04.253,1.15235,1.1525,1.20,1.00
2009.06.24 18:47:04.484,1.15235,1.1525,1.20,1.00
2009.06.24 18:47:04.943,1.15235,1.1526,1.20,3.20
2009.06.24 18:47:05.753,1.1523,1.15255,2.80,3.40
2009.06.24 18:47:08.232,1.1523,1.15255,1.20,5.40
2009.06.24 18:47:09.102,1.1523,1.1525,1.20,3.20
2009.06.24 18:47:10.312,1.1523,1.1525,1.40,3.20
2009.06.24 18:47:10.652,1.1523,1.1525,2.40,3.20
2009.06.24 18:47:10.822,1.1523,1.1525,1.60,3.20
2009.06.24 18:47:11.102,1.1523,1.15255,1.60,5.00
2009.06.24 18:47:11.442,1.1523,1.1525,1.60,3.20
2009.06.24 18:47:11.732,1.1523,1.1525,1.20,3.20
2009.06.24 18:47:12.541,1.1523,1.1525,1.20,3.20
2009.06.24 18:47:13.061,1.1523,1.1525,1.40,3.20
2009.06.24 18:47:13.461,1.1523,1.1525,1.20,3.20
2009.06.24 18:47:13.521,1.15225,1.15255,8.00,6.40
2009.06.24 18:47:13.951,1.1524,1.15275,1.20,3.20
2009.06.24 18:47:15.841,1.15245,1.1527,4.20,3.20
2009.06.24 18:47:20.729,1.15245,1.1526,4.20,1.00
2009.06.24 18:47:21.299,1.15245,1.1526,4.20,1.00
2009.06.24 18:47:21.459,1.15245,1.1527,4.20,3.20
2009.06.24 18:47:23.609,1.1525,1.1527,1.20,3.20
2009.06.24 18:47:25.378,1.15245,1.1527,4.20,3.20
2009.06.24 18:47:25.718,1.15245,1.1526,4.20,1.00
2009.06.24 18:47:25.949,1.15245,1.1526,4.20,1.00
2009.06.24 18:47:26.128,1.15245,1.1526,4.60,1.00
2009.06.24 18:47:26.298,1.15245,1.1526,4.60,1.00
2009.06.24 18:47:26.518,1.15245,1.1527,4.60,1.20
2009.06.24 18:47:26.628,1.1525,1.1527,1.60,1.00
2009.06.24 18:47:27.388,1.1525,1.1527,1.60,3.20
2009.06.24 18:47:27.737,1.15245,1.1527,4.60,8.40
2009.06.24 18:47:27.958,1.1525,1.1527,1.60,1.20
2009.06.24 18:47:28.348,1.1525,1.1527,1.60,1.00
2009.06.24 18:47:30.917,1.1525,1.1527,1.80,1.00
2009.06.24 18:47:31.137,1.1525,1.1527,4.40,1.00
2009.06.24 18:47:31.197,1.1526,1.15295,1.60,3.20
2009.06.24 18:47:36.156,1.1524,1.1526,4.00,1.00
2009.06.24 18:47:36.376,1.1524,1.1526,1.80,1.20
2009.06.24 18:47:36.726,1.1524,1.1528,1.80,4.20
2009.06.24 18:47:37.185,1.1524,1.15275,1.80,4.00
2009.06.24 18:47:37.525,1.1524,1.15265,1.80,1.00
2009.06.24 18:47:40.105,1.1524,1.1525,1.00,3.20
2009.06.24 18:47:40.394,1.1523,1.1525,1.40,3.20
2009.06.24 18:47:41.515,1.1523,1.1525,2.60,3.20
2009.06.24 18:47:41.744,1.1523,1.1525,3.00,3.20
2009.06.24 18:47:42.194,1.1523,1.1525,2.20,3.20
2009.06.24 18:47:42.434,1.1523,1.1525,1.00,3.20
2009.06.24 18:47:42.784,1.15225,1.1525,1.20,3.20
2009.06.24 18:47:45.454,1.15225,1.1525,1.40,1.60
2009.06.24 18:47:45.683,1.15225,1.1525,6.60,1.00
2009.06.24 18:47:46.083,1.15225,1.1525,6.00,3.20
2009.06.24 18:47:46.383,1.15225,1.1525,5.40,1.20
2009.06.24 18:47:46.613,1.15235,1.1525,1.00,1.00
2009.06.24 18:47:46.843,1.15235,1.1526,1.00,1.20
2009.06.24 18:47:47.013,1.15235,1.1526,1.00,1.00
2009.06.24 18:47:47.303,1.15235,1.1526,1.00,1.00
2009.06.24 18:47:47.463,1.15235,1.1527,1.00,3.20
2009.06.24 18:47:47.953,1.1524,1.15255,1.00,1.00
2009.06.24 18:47:48.283,1.1523,1.15255,1.60,3.20
2009.06.24 18:47:48.522,1.15225,1.15255,1.20,3.20
2009.06.24 18:47:49.152,1.1523,1.15255,1.20,3.40
2009.06.24 18:47:49.962,1.1523,1.15245,1.20,1.00
2009.06.24 18:47:50.412,1.1523,1.15245,1.20,1.00
2009.06.24 18:47:50.652,1.1521,1.15235,5.20,1.00
2009.06.24 18:47:50.942,1.15215,1.15225,3.20,1.00
2009.06.24 18:47:51.212,1.15205,1.1522,3.20,1.20
2009.06.24 18:47:51.442,1.15195,1.1522,2.80,1.00
2009.06.24 18:47:51.732,1.152,1.1521,2.80,1.00
2009.06.24 18:47:51.962,1.152,1.1521,2.80,1.00
2009.06.24 18:47:52.352,1.152,1.1522,2.80,1.20
2009.06.24 18:47:53.203,1.152,1.1521,2.80,1.00
2009.06.24 18:47:53.481,1.152,1.1521,1.80,1.00
2009.06.24 18:47:54.321,1.152,1.1522,1.80,1.20
2009.06.24 18:47:54.501,1.152,1.1522,1.80,1.00
2009.06.24 18:47:54.671,1.152,1.1522,2.20,1.00
2009.06.24 18:47:54.851,1.152,1.1522,3.00,1.00
2009.06.24 18:47:55.202,1.152,1.1523,5.00,1.20
2009.06.24 18:47:55.721,1.152,1.1522,3.80,1.00
2009.06.24 18:47:56.251,1.152,1.1523,2.20,1.20
2009.06.24 18:47:56.701,1.152,1.1523,2.20,1.00
2009.06.24 18:47:56.881,1.152,1.1523,2.20,1.00
2009.06.24 18:47:59.940,1.152,1.1523,3.20,1.00
2009.06.24 18:48:00.340,1.152,1.1523,5.00,1.00
2009.06.24 18:48:00.630,1.152,1.1523,4.00,1.00
2009.06.24 18:48:00.980,1.1521,1.1523,1.20,1.00
2009.06.24 18:48:01.770,1.152,1.1523,5.60,1.20
2009.06.24 18:48:02.069,1.152,1.1523,4.00,1.20
2009.06.24 18:48:03.399,1.152,1.1523,4.60,1.20
2009.06.24 18:48:03.789,1.152,1.1523,4.00,1.20
2009.06.24 18:48:04.189,1.152,1.1523,5.00,1.20
2009.06.24 18:48:05.349,1.152,1.1523,5.80,1.20
2009.06.24 18:48:05.818,1.152,1.1523,5.80,1.00
2009.06.24 18:48:06.218,1.152,1.1523,6.20,1.00
2009.06.24 18:48:06.728,1.15205,1.1523,1.00,1.00
2009.06.24 18:48:10.117,1.15205,1.1523,2.40,1.00
2009.06.24 18:48:13.347,1.15205,1.1523,1.00,1.00
2009.06.24 18:48:18.246,1.1523,1.15265,7.60,1.60
2009.06.24 18:48:18.486,1.1525,1.15275,1.00,4.80
2009.06.24 18:48:18.775,1.15265,1.15295,1.00,3.20
2009.06.24 18:48:19.055,1.15265,1.15295,1.00,3.20
2009.06.24 18:48:19.395,1.1526,1.15295,4.40,3.20
2009.06.24 18:48:19.675,1.1526,1.15295,4.80,3.20
2009.06.24 18:48:20.505,1.15265,1.15285,4.80,3.20
2009.06.24 18:48:20.935,1.15265,1.1529,5.60,3.20
2009.06.24 18:48:21.445,1.1527,1.1529,3.60,3.20
2009.06.24 18:48:21.795,1.15265,1.1529,4.80,3.20
2009.06.24 18:48:22.365,1.15265,1.1529,5.00,3.20
2009.06.24 18:48:23.854,1.15255,1.1527,3.20,3.20
2009.06.24 18:48:24.194,1.1523,1.1528,5.60,3.20
2009.06.24 18:48:24.645,1.15245,1.15295,3.60,14.00
2009.06.24 18:48:24.924,1.15245,1.15285,3.60,11.80
2009.06.24 18:48:25.684,1.1525,1.15285,3.60,12.00
2009.06.24 18:48:25.854,1.1525,1.15285,3.60,11.40
2009.06.24 18:48:26.073,1.15255,1.1528,3.60,1.60
2009.06.24 18:48:26.294,1.15265,1.1528,1.20,1.20
2009.06.24 18:48:26.473,1.1527,1.1529,3.60,3.20
2009.06.24 18:48:27.353,1.1527,1.1529,1.00,3.20
2009.06.24 18:48:27.673,1.15265,1.1529,1.20,3.20
2009.06.24 18:48:28.543,1.15265,1.1528,3.20,1.00
2009.06.24 18:48:28.783,1.1526,1.1528,1.80,1.00
2009.06.24 18:48:29.613,1.1524,1.1529,7.60,3.20
2009.06.24 18:48:30.192,1.1524,1.1529,7.00,3.20
2009.06.24 18:48:30.712,1.15245,1.1529,7.20,3.20
2009.06.24 18:48:31.003,1.15245,1.1529,6.00,3.20
2009.06.24 18:48:31.452,1.1525,1.1529,4.00,5.80
2009.06.24 18:48:32.042,1.1525,1.1529,5.40,5.80
2009.06.24 18:48:32.492,1.15245,1.1529,7.20,3.20
2009.06.24 18:48:32.792,1.15245,1.1529,6.80,3.20
2009.06.24 18:48:33.082,1.15255,1.1529,3.60,3.20
2009.06.24 18:48:33.462,1.15265,1.153,1.20,10.80
2009.06.24 18:48:33.902,1.15275,1.1531,1.60,3.20
2009.06.24 18:48:35.171,1.1528,1.153,1.60,3.20
2009.06.24 18:48:35.631,1.1527,1.153,2.60,3.20
2009.06.24 18:48:36.831,1.1527,1.153,1.60,3.20
2009.06.24 18:48:37.161,1.1527,1.1529,1.60,1.00
2009.06.24 18:48:37.561,1.1527,1.1529,1.60,1.00
2009.06.24 18:48:40.010,1.1527,1.1529,1.80,1.00
2009.06.24 18:48:40.300,1.1528,1.1531,1.60,3.20
2009.06.24 18:48:40.910,1.1527,1.15295,3.40,1.00
2009.06.24 18:48:41.320,1.1527,1.15295,3.20,1.00
2009.06.24 18:48:43.909,1.1527,1.1529,3.20,1.00
2009.06.24 18:48:44.189,1.1527,1.1529,3.20,1.00
2009.06.24 18:48:44.459,1.1527,1.1529,3.20,1.00
2009.06.24 18:48:44.759,1.1527,1.1529,3.60,1.00
2009.06.24 18:48:45.200,1.1527,1.1529,3.20,1.00
2009.06.24 18:48:45.489,1.1527,1.1529,1.60,1.00
2009.06.24 18:48:46.989,1.1527,1.1529,1.40,1.00
2009.06.24 18:48:48.658,1.1525,1.1529,5.00,1.00
2009.06.24 18:48:48.998,1.15265,1.1529,1.60,1.20
2009.06.24 18:48:49.398,1.15255,1.1529,1.60,1.20
2009.06.24 18:48:51.567,1.1526,1.1529,1.60,1.00
2009.06.24 18:48:51.737,1.1526,1.1529,1.60,1.00
2009.06.24 18:48:51.797,1.1526,1.1529,1.60,1.00
2009.06.24 18:48:51.857,1.1526,1.1529,1.60,1.20
2009.06.24 18:48:51.917,1.15255,1.1529,5.00,1.20
2009.06.24 18:48:54.047,1.1526,1.1528,1.60,1.00
2009.06.24 18:48:54.437,1.1526,1.1528,1.60,1.00
2009.06.24 18:48:54.547,1.1526,1.1529,1.60,1.60
2009.06.24 18:48:55.176,1.1526,1.1529,1.60,1.20
2009.06.24 18:48:55.697,1.1526,1.1529,3.20,1.00
2009.06.24 18:48:57.946,1.1527,1.1529,1.20,1.00
2009.06.24 18:48:58.216,1.1527,1.1529,1.20,1.00
2009.06.24 18:48:58.556,1.1527,1.1529,1.40,1.00
2009.06.24 18:48:59.336,1.1527,1.1529,1.00,1.00
2009.06.24 18:48:59.625,1.1527,1.1529,1.20,1.00
2009.06.24 18:48:59.915,1.1527,1.1529,1.00,1.00
2009.06.24 18:49:00.255,1.1526,1.1529,7.40,1.00
2009.06.24 18:49:00.545,1.1526,1.1529,6.40,1.00
2009.06.24 18:49:00.895,1.1526,1.1529,3.20,1.00
2009.06.24 18:49:01.295,1.1527,1.1529,1.00,1.00
2009.06.24 18:49:01.645,1.1527,1.1529,1.00,1.00
2009.06.24 18:49:02.265,1.1527,1.1529,1.00,1.00
2009.06.24 18:49:02.775,1.1527,1.1529,1.20,1.00
2009.06.24 18:49:05.284,1.1527,1.1529,1.00,1.00
2009.06.24 18:49:05.464,1.1527,1.1529,1.20,1.00
2009.06.24 18:49:06.484,1.1527,1.1529,1.40,1.00
2009.06.24 18:49:06.784,1.1527,1.1529,1.80,1.00
2009.06.24 18:49:07.124,1.1527,1.1529,2.80,1.00
2009.06.24 18:49:07.234,1.1527,1.153,1.80,3.20
2009.06.24 18:49:07.764,1.15275,1.153,1.60,3.20
2009.06.24 18:49:08.113,1.1528,1.153,3.20,3.20
2009.06.24 18:49:08.454,1.1528,1.153,3.60,3.20
2009.06.24 18:49:09.163,1.1528,1.153,3.80,3.20
2009.06.24 18:49:10.293,1.1528,1.153,4.80,3.20
2009.06.24 18:49:10.583,1.1529,1.153,1.20,4.00
2009.06.24 18:49:10.804,1.1527,1.15295,1.60,3.20
2009.06.24 18:49:11.283,1.15275,1.1529,1.00,2.40
2009.06.24 18:49:11.673,1.15275,1.1529,3.40,2.40
2009.06.24 18:49:11.952,1.1528,1.15315,5.60,3.20
2009.06.24 18:49:12.292,1.15295,1.15325,1.20,7.20
2009.06.24 18:49:12.632,1.15295,1.15325,1.20,1.00
2009.06.24 18:49:13.852,1.153,1.1532,1.20,1.20
2009.06.24 18:49:14.242,1.1528,1.1531,6.20,1.00
2009.06.24 18:49:14.542,1.15285,1.15315,1.60,3.80
2009.06.24 18:49:14.822,1.1528,1.15315,1.60,3.20
2009.06.24 18:49:15.642,1.1528,1.15315,5.80,3.80
2009.06.24 18:49:15.872,1.15285,1.15315,1.60,3.80
2009.06.24 18:49:18.571,1.15285,1.15315,1.60,4.00
2009.06.24 18:49:19.141,1.1528,1.15315,4.40,4.00
2009.06.24 18:49:19.640,1.1528,1.15315,4.40,4.00
2009.06.24 18:49:19.941,1.1528,1.15315,4.40,3.80
2009.06.24 18:49:20.001,1.1528,1.15315,4.40,4.00
2009.06.24 18:49:20.230,1.1528,1.15315,4.40,4.00
2009.06.24 18:49:20.290,1.1528,1.15315,4.40,4.00
2009.06.24 18:49:21.080,1.1528,1.15315,4.40,4.00
2009.06.24 18:49:21.490,1.1528,1.15315,4.40,4.00
2009.06.24 18:49:21.840,1.1528,1.15315,4.80,4.00
2009.06.24 18:49:22.050,1.1528,1.15315,4.80,4.00
2009.06.24 18:49:22.220,1.1528,1.15315,4.80,3.80
2009.06.24 18:49:22.280,1.1528,1.1531,3.80,1.00
2009.06.24 18:49:22.620,1.15275,1.1531,8.80,1.00
2009.06.24 18:49:23.380,1.15275,1.1531,9.00,1.00
2009.06.24 18:49:23.670,1.15275,1.1531,9.20,1.20
2009.06.24 18:49:23.960,1.15275,1.1531,9.40,1.20
2009.06.24 18:49:24.500,1.15275,1.1531,8.60,1.20
2009.06.24 18:49:24.779,1.15275,1.153,8.60,1.00
2009.06.24 18:49:24.839,1.15285,1.153,1.00,1.00
2009.06.24 18:49:25.069,1.15285,1.153,1.60,1.00
2009.06.24 18:49:25.369,1.15275,1.153,1.00,1.00
2009.06.24 18:49:25.699,1.15285,1.153,1.00,1.20
2009.06.24 18:49:25.979,1.1528,1.153,1.20,1.60
2009.06.24 18:49:26.850,1.1528,1.153,1.20,1.20
2009.06.24 18:49:27.419,1.1528,1.153,1.20,1.20
2009.06.24 18:49:27.709,1.1528,1.153,1.20,1.60
2009.06.24 18:49:29.768,1.1528,1.153,1.20,3.20
2009.06.24 18:49:29.948,1.1528,1.15305,1.20,4.80
2009.06.24 18:49:33.207,1.1528,1.1531,2.20,7.60
2009.06.24 18:49:33.728,1.15275,1.1532,11.20,3.20
2009.06.24 18:49:34.287,1.15275,1.1532,6.80,3.20
2009.06.24 18:49:34.507,1.1528,1.1532,3.20,5.80
2009.06.24 18:49:34.917,1.1528,1.1532,1.60,5.80
2009.06.24 18:49:36.027,1.1528,1.15315,1.60,3.20
2009.06.24 18:49:37.116,1.1528,1.15305,1.60,3.20
2009.06.24 18:49:37.716,1.1528,1.1531,1.00,4.00
2009.06.24 18:49:37.936,1.1528,1.15305,1.00,3.20
2009.06.24 18:49:38.506,1.1528,1.1529,1.00,1.00
2009.06.24 18:49:39.006,1.1528,1.1529,1.00,1.00
2009.06.24 18:49:39.426,1.1528,1.153,1.00,3.20
2009.06.24 18:49:42.615,1.1528,1.153,1.00,3.20
2009.06.24 18:49:44.695,1.1528,1.153,1.20,3.20
2009.06.24 18:49:45.055,1.1528,1.153,1.80,3.20
2009.06.24 18:49:45.294,1.1528,1.153,2.20,3.20
2009.06.24 18:49:46.034,1.1528,1.153,1.80,3.20
2009.06.24 18:49:46.674,1.1528,1.153,1.20,3.20
2009.06.24 18:49:48.044,1.1528,1.153,1.80,3.20
2009.06.24 18:49:51.063,1.1528,1.153,1.20,3.20
2009.06.24 18:49:51.183,1.1528,1.153,1.80,3.20
2009.06.24 18:49:51.513,1.1528,1.153,1.20,3.20
2009.06.24 18:49:52.753,1.1528,1.153,1.00,1.20
2009.06.24 18:49:53.563,1.1528,1.153,1.00,1.60
2009.06.24 18:49:53.803,1.1528,1.153,1.00,1.40
2009.06.24 18:49:54.023,1.1528,1.1532,1.00,4.40
2009.06.24 18:49:54.712,1.1528,1.1532,1.00,4.00
2009.06.24 18:49:54.882,1.1528,1.1532,1.00,3.20
2009.06.24 18:49:55.882,1.1528,1.15315,1.40,3.20
2009.06.24 18:49:56.112,1.1528,1.15315,1.60,3.20
2009.06.24 18:49:56.342,1.1528,1.15315,1.80,3.20
2009.06.24 18:49:56.982,1.1528,1.1532,3.20,5.80
2009.06.24 18:49:57.272,1.1528,1.1532,4.20,2.60
2009.06.24 18:49:57.622,1.1528,1.15325,5.20,8.80
2009.06.24 18:49:57.841,1.1528,1.15325,6.00,8.80
2009.06.24 18:49:58.141,1.15275,1.1532,8.20,3.20
2009.06.24 18:49:59.271,1.153,1.1532,1.00,3.20
2009.06.24 18:49:59.621,1.153,1.15325,1.00,3.20
2009.06.24 18:49:59.911,1.153,1.1532,1.00,3.20
2009.06.24 18:50:00.311,1.1531,1.15325,1.00,3.20
2009.06.24 18:50:00.731,1.1531,1.1532,1.00,3.20
2009.06.24 18:50:01.091,1.1531,1.15325,1.00,3.20
2009.06.24 18:50:01.490,1.1531,1.15325,1.00,3.20
2009.06.24 18:50:01.660,1.1532,1.15325,2.20,3.20
2009.06.24 18:50:01.890,1.1532,1.15325,2.20,6.40
2009.06.24 18:50:02.241,1.15315,1.15325,5.80,6.40
2009.06.24 18:50:02.530,1.15325,1.15365,3.60,3.20
2009.06.24 18:50:02.760,1.15325,1.1537,3.60,3.20
2009.06.24 18:50:03.620,1.1533,1.1536,3.60,3.20
2009.06.24 18:50:05.000,1.1534,1.1536,3.60,3.20
2009.06.24 18:50:05.110,1.15335,1.1536,5.00,3.20
2009.06.24 18:50:05.349,1.15335,1.1536,4.60,3.20
2009.06.24 18:50:09.199,1.15335,1.1535,3.20,3.20
2009.06.24 18:50:09.669,1.15315,1.1535,2.60,3.20
2009.06.24 18:50:10.068,1.15315,1.1534,2.60,1.00
2009.06.24 18:50:10.178,1.15315,1.1534,2.60,1.00
2009.06.24 18:50:10.288,1.15315,1.1534,2.60,3.00
2009.06.24 18:50:10.748,1.1532,1.1534,1.00,2.40
2009.06.24 18:50:11.038,1.153,1.1533,9.40,1.20
2009.06.24 18:50:11.428,1.15305,1.1533,1.60,2.40
2009.06.24 18:50:11.938,1.1529,1.1533,5.00,2.60
2009.06.24 18:50:13.847,1.153,1.1533,1.80,3.20
2009.06.24 18:50:16.088,1.153,1.1532,1.00,1.20
2009.06.24 18:50:16.327,1.153,1.1532,1.00,1.00
2009.06.24 18:50:16.557,1.153,1.1532,1.00,1.00
2009.06.24 18:50:16.847,1.153,1.1532,1.00,1.20
2009.06.24 18:50:17.587,1.1529,1.1532,4.60,3.00
2009.06.24 18:50:17.926,1.15285,1.1531,6.20,1.20
2009.06.24 18:50:20.146,1.1528,1.153,1.80,1.00
2009.06.24 18:50:20.616,1.1528,1.153,1.80,1.20
2009.06.24 18:50:20.796,1.1528,1.153,2.80,1.20
2009.06.24 18:50:21.156,1.1528,1.153,4.80,1.20
2009.06.24 18:50:21.516,1.1528,1.153,3.80,1.00
2009.06.24 18:50:21.846,1.1528,1.153,2.20,1.00
2009.06.24 18:50:22.086,1.1528,1.153,2.20,3.20
2009.06.24 18:50:22.305,1.1528,1.153,1.80,3.20
2009.06.24 18:50:23.055,1.1528,1.153,1.00,3.20
2009.06.24 18:50:23.285,1.1528,1.153,1.00,3.20
2009.06.24 18:50:23.665,1.1528,1.153,1.00,3.20
2009.06.24 18:50:25.805,1.1528,1.153,1.40,2.80
2009.06.24 18:50:25.915,1.1528,1.153,1.40,1.20
2009.06.24 18:50:26.144,1.1528,1.153,1.40,1.00
2009.06.24 18:50:26.365,1.1528,1.153,2.40,1.00
2009.06.24 18:50:26.544,1.1528,1.153,2.00,1.00
2009.06.24 18:50:26.964,1.1528,1.153,1.20,1.60
2009.06.24 18:50:27.145,1.1528,1.153,1.00,1.60
2009.06.24 18:50:27.374,1.1528,1.153,1.00,2.60
2009.06.24 18:50:27.724,1.1528,1.1531,1.20,1.00
2009.06.24 18:50:28.124,1.1528,1.1532,1.00,5.80
2009.06.24 18:50:28.364,1.1528,1.15305,1.00,1.00
2009.06.24 18:50:28.654,1.1528,1.15305,1.00,1.20
2009.06.24 18:50:29.894,1.1528,1.153,1.00,1.00
2009.06.24 18:50:30.004,1.1528,1.153,1.00,1.20
2009.06.24 18:50:30.114,1.1528,1.153,1.00,1.60
2009.06.24 18:50:30.394,1.1528,1.153,1.00,1.00
2009.06.24 18:50:30.734,1.1528,1.153,1.00,1.00
2009.06.24 18:50:31.133,1.1528,1.153,1.00,1.20
2009.06.24 18:50:31.454,1.1528,1.153,1.00,1.60
2009.06.24 18:50:32.773,1.1526,1.1529,6.00,1.20
2009.06.24 18:50:33.123,1.15265,1.1529,2.60,3.80
2009.06.24 18:50:33.483,1.15265,1.1528,1.20,1.00
2009.06.24 18:50:33.823,1.1527,1.1528,1.20,1.20
2009.06.24 18:50:34.403,1.15265,1.1528,1.60,1.80
2009.06.24 18:50:34.743,1.15255,1.1528,4.00,1.80
2009.06.24 18:50:34.973,1.1525,1.1527,1.60,1.80
2009.06.24 18:50:35.383,1.1523,1.1526,4.00,1.00
2009.06.24 18:50:35.672,1.15235,1.1526,1.20,1.20
2009.06.24 18:50:36.132,1.15235,1.1526,2.80,1.20
2009.06.24 18:50:37.332,1.1524,1.1526,2.80,1.80
2009.06.24 18:50:38.012,1.1524,1.1526,1.20,1.80
2009.06.24 18:50:38.812,1.1524,1.1526,1.20,1.80
2009.06.24 18:50:39.511,1.1524,1.1526,1.20,1.60
2009.06.24 18:50:40.311,1.1525,1.1526,1.20,1.60
2009.06.24 18:50:40.661,1.15245,1.15255,1.60,3.40
2009.06.24 18:50:41.111,1.15225,1.1525,1.60,2.20
2009.06.24 18:50:41.441,1.15215,1.1524,3.00,1.00
2009.06.24 18:50:41.721,1.1521,1.1524,6.80,1.00
2009.06.24 18:50:42.001,1.15215,1.1525,1.80,3.00
2009.06.24 18:50:42.242,1.1522,1.1525,1.00,3.00
2009.06.24 18:50:42.720,1.1522,1.1525,1.00,3.20
2009.06.24 18:50:43.051,1.1522,1.1524,1.00,1.00
2009.06.24 18:50:43.750,1.1522,1.1524,1.00,1.60
2009.06.24 18:50:44.260,1.15215,1.1524,1.80,2.20
2009.06.24 18:50:44.600,1.1521,1.1524,5.00,2.40
2009.06.24 18:50:44.941,1.1521,1.1524,5.00,2.20
2009.06.24 18:50:45.060,1.1521,1.1524,5.00,2.80
2009.06.24 18:50:45.500,1.1521,1.1523,5.00,1.00
2009.06.24 18:50:45.720,1.1521,1.1523,5.00,1.20
2009.06.24 18:50:46.080,1.1522,1.1524,1.00,1.80
2009.06.24 18:50:46.490,1.1522,1.1524,1.00,1.00
2009.06.24 18:50:46.710,1.1522,1.1524,1.00,1.00
2009.06.24 18:50:46.889,1.1522,1.1526,1.00,6.00
2009.06.24 18:50:47.280,1.1522,1.15255,1.00,2.80
2009.06.24 18:50:47.639,1.15215,1.15255,5.40,1.00
2009.06.24 18:50:48.099,1.15215,1.1525,5.20,1.00
2009.06.24 18:50:48.399,1.15215,1.1525,5.40,1.00
2009.06.24 18:50:49.379,1.15215,1.1525,5.40,1.00
2009.06.24 18:50:49.669,1.1522,1.1525,3.40,3.20
2009.06.24 18:50:49.909,1.1522,1.1525,1.00,3.20
2009.06.24 18:50:50.649,1.1522,1.1525,1.80,3.20
2009.06.24 18:50:51.228,1.1522,1.1525,1.00,3.20
2009.06.24 18:50:52.588,1.1522,1.1524,1.00,1.00
2009.06.24 18:50:52.768,1.1521,1.1524,5.80,1.20
2009.06.24 18:50:52.879,1.1521,1.1524,4.20,1.20
2009.06.24 18:50:53.568,1.1521,1.1524,4.00,1.20
2009.06.24 18:50:53.918,1.15205,1.1524,7.20,1.20
2009.06.24 18:50:59.266,1.1522,1.15255,1.00,6.40
2009.06.24 18:50:59.506,1.1522,1.15255,1.00,6.20
2009.06.24 18:51:00.636,1.1522,1.15255,1.00,6.40
2009.06.24 18:51:00.846,1.1522,1.15255,1.00,6.00
2009.06.24 18:51:01.118,1.1523,1.1525,1.00,1.60
2009.06.24 18:51:01.177,1.1523,1.1525,2.00,1.00
2009.06.24 18:51:01.476,1.1523,1.1525,2.20,1.00
2009.06.24 18:51:02.166,1.1523,1.1525,2.20,1.00
2009.06.24 18:51:02.446,1.1523,1.1525,1.20,1.80
2009.06.24 18:51:03.136,1.1522,1.15255,1.80,7.40
2009.06.24 18:51:03.426,1.1522,1.1525,1.80,4.20
2009.06.24 18:51:03.705,1.1522,1.15255,1.00,6.40
2009.06.24 18:51:04.006,1.1522,1.15255,1.00,7.00
2009.06.24 18:51:04.175,1.1521,1.15245,4.00,1.20
2009.06.24 18:51:05.455,1.1522,1.1524,1.00,1.00
2009.06.24 18:51:05.755,1.1521,1.1524,4.00,1.00
2009.06.24 18:51:06.285,1.1521,1.1523,5.00,1.60
2009.06.24 18:51:06.575,1.15215,1.1522,1.60,1.00
2009.06.24 18:51:06.925,1.1521,1.1522,1.20,1.00
2009.06.24 18:51:11.414,1.15205,1.1521,6.20,2.20
2009.06.24 18:51:11.704,1.15205,1.1521,2.40,1.20
2009.06.24 18:51:11.984,1.15205,1.1521,1.00,1.80
2009.06.24 18:51:12.224,1.15205,1.1521,1.00,3.80
2009.06.24 18:51:12.464,1.15205,1.1521,1.00,3.60
2009.06.24 18:51:12.993,1.15205,1.1521,1.00,4.20
2009.06.24 18:51:13.343,1.15195,1.152,12.40,1.00
2009.06.24 18:51:13.683,1.1517,1.15225,2.60,17.00
2009.06.24 18:51:13.953,1.1517,1.152,1.60,3.00
2009.06.24 18:51:14.243,1.1517,1.1518,1.60,1.20
2009.06.24 18:51:14.533,1.1515,1.1518,5.00,2.40
2009.06.24 18:51:14.753,1.1515,1.1518,4.40,3.00
2009.06.24 18:51:15.283,1.1514,1.1517,5.20,3.20
2009.06.24 18:51:15.563,1.15145,1.15175,3.60,6.20
2009.06.24 18:51:15.852,1.1514,1.15175,1.00,6.20
2009.06.24 18:51:16.183,1.1514,1.15175,1.00,6.00
2009.06.24 18:51:16.642,1.1514,1.15175,1.00,6.20
2009.06.24 18:51:16.992,1.1514,1.15175,1.00,5.80
2009.06.24 18:51:17.912,1.1514,1.15175,1.00,6.00
2009.06.24 18:51:18.202,1.1514,1.15175,1.00,5.40
2009.06.24 18:51:18.682,1.1514,1.15175,1.00,5.60
2009.06.24 18:51:18.962,1.1514,1.15175,1.00,6.20
2009.06.24 18:51:19.442,1.1515,1.15175,1.00,6.40
2009.06.24 18:51:19.922,1.1515,1.15175,1.00,6.40
2009.06.24 18:51:20.262,1.1515,1.1518,2.80,3.20
2009.06.24 18:51:20.841,1.1516,1.1518,1.00,3.20
2009.06.24 18:51:21.131,1.1516,1.1518,1.00,1.00
2009.06.24 18:51:21.359,1.1516,1.1519,1.00,3.20
2009.06.24 18:51:22.281,1.1516,1.1518,1.00,1.00
2009.06.24 18:51:23.141,1.1514,1.1518,9.40,1.20
2009.06.24 18:51:23.421,1.15165,1.1518,2.80,1.20
2009.06.24 18:51:24.112,1.15165,1.1518,1.80,1.00
2009.06.24 18:51:28.010,1.15175,1.152,1.80,3.20
2009.06.24 18:51:28.339,1.1517,1.1519,4.80,2.20
2009.06.24 18:51:28.860,1.1518,1.1519,1.00,1.00
2009.06.24 18:51:29.099,1.1518,1.152,1.00,1.20
2009.06.24 18:51:30.529,1.1518,1.152,1.00,1.00
2009.06.24 18:51:30.589,1.1518,1.1521,1.00,3.20
2009.06.24 18:51:30.819,1.1518,1.15215,1.00,14.20
2009.06.24 18:51:31.159,1.1519,1.1522,2.60,12.20
2009.06.24 18:51:31.589,1.1519,1.1522,2.00,2.60
2009.06.24 18:51:31.869,1.152,1.15225,1.00,12.60
2009.06.24 18:51:32.159,1.152,1.15225,1.00,6.20
2009.06.24 18:51:32.509,1.152,1.15225,1.00,6.00
2009.06.24 18:51:33.198,1.1519,1.1522,1.60,3.20
2009.06.24 18:51:33.908,1.1519,1.1522,2.40,3.20
2009.06.24 18:51:36.218,1.15165,1.1519,3.60,1.00
2009.06.24 18:51:36.558,1.15165,1.1519,3.60,1.60
2009.06.24 18:51:36.738,1.1516,1.1519,1.60,1.20
2009.06.24 18:51:37.027,1.1516,1.1519,1.60,1.20
2009.06.24 18:51:37.927,1.15155,1.1518,5.80,1.00
2009.06.24 18:51:38.328,1.1515,1.1518,4.00,1.00
2009.06.24 18:51:38.627,1.15145,1.1518,10.40,1.00
2009.06.24 18:51:38.907,1.15155,1.1518,1.00,1.00
2009.06.24 18:51:41.486,1.1516,1.1519,1.00,3.20
2009.06.24 18:51:41.887,1.1516,1.15195,1.00,4.40
2009.06.24 18:51:42.246,1.1517,1.1519,1.20,4.20
2009.06.24 18:51:42.646,1.1517,1.152,2.80,3.20
2009.06.24 18:51:43.637,1.15175,1.1519,1.60,3.20
2009.06.24 18:51:43.916,1.1517,1.1518,1.60,1.20
2009.06.24 18:51:44.216,1.1513,1.1517,5.60,2.60
2009.06.24 18:51:44.516,1.15125,1.1516,3.00,1.00
2009.06.24 18:51:44.856,1.1513,1.1516,1.00,1.00
2009.06.24 18:51:45.326,1.1514,1.1516,1.20,1.00
2009.06.24 18:51:46.895,1.1514,1.1518,1.20,6.20
2009.06.24 18:51:47.675,1.1514,1.15165,1.20,1.00
2009.06.24 18:51:49.174,1.1514,1.1516,1.20,1.00
2009.06.24 18:51:49.565,1.1514,1.1518,1.20,7.20
2009.06.24 18:51:49.675,1.1514,1.1518,1.60,7.20
2009.06.24 18:51:49.734,1.1514,1.1518,1.60,7.00
2009.06.24 18:51:50.224,1.1514,1.1518,1.60,6.60
2009.06.24 18:51:50.514,1.1514,1.15175,1.60,6.40
2009.06.24 18:51:50.864,1.1514,1.15175,1.60,6.60
2009.06.24 18:51:51.214,1.1514,1.15175,1.60,7.20
2009.06.24 18:51:52.843,1.1514,1.15165,1.20,1.00
2009.06.24 18:51:53.404,1.1514,1.15165,1.20,1.00
2009.06.24 18:51:54.133,1.1514,1.1515,1.00,1.00
2009.06.24 18:51:54.483,1.1512,1.1515,4.80,1.00
2009.06.24 18:51:54.933,1.1512,1.1515,4.80,1.60
2009.06.24 18:51:56.413,1.15125,1.1515,4.80,1.20
2009.06.24 18:51:58.022,1.15125,1.1515,4.80,1.00
2009.06.24 18:51:58.192,1.15125,1.1515,4.80,1.00
2009.06.24 18:51:58.432,1.15135,1.1516,1.00,3.20
2009.06.24 18:51:58.842,1.1512,1.1516,6.40,3.20
2009.06.24 18:52:01.562,1.15125,1.1516,4.80,3.20
2009.06.24 18:52:01.852,1.1513,1.1516,1.00,3.20
2009.06.24 18:52:02.073,1.1513,1.1516,1.00,3.20
2009.06.24 18:52:02.361,1.1514,1.1516,1.00,3.20
2009.06.24 18:52:03.491,1.1514,1.1516,1.00,3.20
2009.06.24 18:52:05.151,1.1514,1.1516,1.00,3.20
2009.06.24 18:52:05.330,1.1514,1.1516,1.00,3.20
2009.06.24 18:52:09.669,1.1512,1.1515,4.40,1.00
2009.06.24 18:52:10.389,1.1512,1.1515,4.40,1.20
2009.06.24 18:52:11.019,1.15125,1.1515,4.40,1.40
2009.06.24 18:52:11.129,1.15125,1.1515,4.40,1.80
2009.06.24 18:52:11.419,1.15125,1.1515,4.40,2.40
2009.06.24 18:52:11.759,1.15125,1.1515,4.40,1.20
2009.06.24 18:52:12.049,1.15125,1.1515,4.40,1.00
2009.06.24 18:52:13.819,1.1512,1.1515,6.00,1.00
2009.06.24 18:52:14.349,1.15115,1.1514,7.60,1.00
2009.06.24 18:52:14.688,1.1511,1.1514,5.20,2.00
2009.06.24 18:52:15.009,1.151,1.15125,5.60,2.00
2009.06.24 18:52:15.228,1.151,1.15125,5.20,3.20
2009.06.24 18:52:15.518,1.15105,1.15125,1.60,3.00
2009.06.24 18:52:15.798,1.151,1.15125,1.80,3.20
2009.06.24 18:52:16.028,1.151,1.1511,1.40,1.00
2009.06.24 18:52:16.588,1.151,1.15145,4.20,2.60
2009.06.24 18:52:16.928,1.15095,1.1514,8.80,1.00
2009.06.24 18:52:17.288,1.15105,1.1514,1.60,1.00
2009.06.24 18:52:17.518,1.151,1.1514,6.20,1.00
2009.06.24 18:52:17.818,1.15115,1.1515,1.00,4.20
2009.06.24 18:52:18.048,1.15115,1.15135,1.00,1.00
2009.06.24 18:52:18.328,1.15095,1.1512,3.60,3.20
2009.06.24 18:52:18.668,1.15095,1.1513,1.20,5.20
2009.06.24 18:52:19.229,1.15095,1.1513,4.00,4.00
2009.06.24 18:52:19.617,1.151,1.15115,3.60,3.20
2009.06.24 18:52:19.947,1.151,1.1511,3.60,3.20
2009.06.24 18:52:20.307,1.15095,1.1511,3.60,1.00
2009.06.24 18:52:20.767,1.15095,1.1513,3.60,9.00
2009.06.24 18:52:21.167,1.1509,1.1513,2.00,6.60
2009.06.24 18:52:21.617,1.151,1.1513,1.00,3.00
2009.06.24 18:52:21.957,1.15095,1.1512,1.00,1.00
2009.06.24 18:52:22.297,1.15105,1.1512,1.00,1.00
2009.06.24 18:52:23.047,1.15105,1.15155,4.20,15.60
2009.06.24 18:52:23.376,1.1511,1.15155,1.00,15.60
2009.06.24 18:52:23.677,1.1511,1.15155,3.60,15.60
2009.06.24 18:52:24.027,1.1512,1.1515,1.00,3.20
2009.06.24 18:52:24.646,1.1512,1.1513,1.00,1.00
2009.06.24 18:52:25.346,1.1512,1.1513,1.20,1.00
2009.06.24 18:52:25.696,1.15115,1.1513,6.00,1.00
2009.06.24 18:52:26.046,1.15115,1.1513,4.40,1.00
2009.06.24 18:52:26.586,1.15115,1.1514,4.40,3.20
2009.06.24 18:52:27.785,1.1512,1.15145,1.20,8.40
2009.06.24 18:52:28.195,1.15125,1.1514,1.80,3.20
2009.06.24 18:52:28.535,1.15115,1.1514,6.00,3.20
2009.06.24 18:52:28.885,1.15115,1.1514,7.60,1.60
2009.06.24 18:52:29.235,1.15115,1.1515,9.20,3.20
2009.06.24 18:52:29.555,1.1512,1.1514,1.00,2.60
2009.06.24 18:52:30.115,1.15125,1.15135,1.20,2.60
2009.06.24 18:52:30.464,1.15125,1.15135,2.80,2.60
2009.06.24 18:52:30.924,1.15125,1.15145,2.80,2.60
2009.06.24 18:52:31.725,1.1512,1.15145,2.40,2.60
2009.06.24 18:52:32.025,1.1512,1.1515,2.40,3.20
2009.06.24 18:52:32.264,1.1512,1.1515,1.00,3.20
2009.06.24 18:52:32.904,1.1512,1.1515,1.00,5.80
2009.06.24 18:52:33.594,1.1512,1.1515,1.60,5.80
2009.06.24 18:52:34.054,1.1512,1.1515,1.00,5.80
2009.06.24 18:52:34.584,1.1512,1.1515,1.00,3.20
2009.06.24 18:52:34.883,1.1512,1.1514,1.00,1.00
2009.06.24 18:52:35.164,1.1512,1.1515,1.00,3.20
2009.06.24 18:52:35.503,1.1512,1.1515,1.00,3.20
2009.06.24 18:52:38.353,1.1512,1.1515,1.00,3.20
2009.06.24 18:52:38.873,1.15115,1.1515,5.00,3.20
2009.06.24 18:52:39.452,1.15115,1.1515,5.20,3.20
2009.06.24 18:52:39.793,1.1512,1.1515,1.00,3.20
2009.06.24 18:52:40.122,1.1512,1.1515,1.00,3.20
2009.06.24 18:52:40.522,1.1513,1.15155,1.20,6.20
2009.06.24 18:52:40.822,1.15125,1.1515,1.60,3.20
2009.06.24 18:52:41.162,1.1512,1.1515,3.60,3.20
2009.06.24 18:52:41.912,1.1512,1.1515,1.00,9.40
2009.06.24 18:52:42.492,1.1512,1.1515,1.00,12.20
2009.06.24 18:52:42.842,1.1512,1.1514,1.00,1.00
2009.06.24 18:52:43.532,1.1513,1.1514,1.60,1.00
2009.06.24 18:52:44.091,1.1512,1.1514,1.60,1.00
2009.06.24 18:52:44.441,1.15115,1.1514,1.00,1.00
2009.06.24 18:52:44.831,1.15095,1.15125,3.60,1.00
2009.06.24 18:52:45.311,1.15095,1.15125,1.80,3.20
2009.06.24 18:52:45.761,1.1508,1.1513,2.60,11.80
2009.06.24 18:52:46.111,1.1508,1.15115,1.60,1.00
2009.06.24 18:52:46.461,1.15075,1.15125,3.20,2.60
2009.06.24 18:52:47.580,1.1508,1.1512,2.60,5.80
2009.06.24 18:52:48.161,1.1508,1.1512,1.40,9.00
2009.06.24 18:52:48.510,1.1508,1.1511,1.00,1.00
2009.06.24 18:52:48.850,1.1508,1.1511,1.40,4.00
2009.06.24 18:52:49.200,1.1508,1.1511,1.60,4.00
2009.06.24 18:52:51.030,1.1508,1.1512,1.60,9.00
2009.06.24 18:52:51.199,1.1508,1.1512,1.60,7.40
2009.06.24 18:52:51.549,1.1508,1.1512,2.20,5.80
2009.06.24 18:52:52.119,1.1508,1.1512,1.80,5.80
2009.06.24 18:52:52.399,1.1508,1.1512,1.60,5.80
2009.06.24 18:52:52.509,1.1508,1.1512,1.80,5.80
2009.06.24 18:52:52.849,1.1508,1.1512,1.60,5.80
2009.06.24 18:52:53.180,1.1508,1.1512,1.40,5.80
2009.06.24 18:52:53.709,1.1508,1.1511,1.40,1.00
2009.06.24 18:52:54.059,1.1508,1.1511,1.00,1.20
2009.06.24 18:52:55.448,1.1508,1.1511,1.00,1.00
2009.06.24 18:52:55.558,1.1508,1.1511,1.00,1.20
2009.06.24 18:52:58.198,1.15075,1.151,2.00,6.40
2009.06.24 18:52:58.548,1.1508,1.151,1.00,3.20
2009.06.24 18:52:59.068,1.1508,1.1511,2.60,5.00
2009.06.24 18:52:59.348,1.1509,1.151,1.20,3.20
2009.06.24 18:52:59.458,1.1509,1.151,1.00,3.20
2009.06.24 18:52:59.628,1.1508,1.151,2.40,3.20
2009.06.24 18:52:59.737,1.1508,1.151,1.00,3.20
2009.06.24 18:53:01.827,1.1509,1.1511,1.00,7.80
2009.06.24 18:53:01.997,1.1509,1.15105,1.00,9.60
2009.06.24 18:53:02.408,1.1509,1.15125,1.00,2.60
2009.06.24 18:53:02.697,1.1509,1.15125,1.20,2.60
2009.06.24 18:53:02.987,1.1509,1.15115,1.20,1.00
2009.06.24 18:53:03.406,1.1509,1.15115,1.20,4.40
2009.06.24 18:53:03.877,1.1509,1.1511,1.20,4.80
2009.06.24 18:53:04.446,1.1509,1.1511,1.20,5.20
2009.06.24 18:53:05.596,1.1509,1.1511,1.20,4.80
2009.06.24 18:53:09.055,1.1509,1.1511,1.20,5.20
2009.06.24 18:53:09.515,1.1509,1.1511,1.20,4.40
2009.06.24 18:53:10.095,1.151,1.1513,2.00,3.40
2009.06.24 18:53:10.335,1.151,1.1514,1.80,12.60
2009.06.24 18:53:10.745,1.1511,1.1515,1.00,17.40
2009.06.24 18:53:10.985,1.1511,1.1515,1.00,11.00
2009.06.24 18:53:11.315,1.1511,1.1514,1.00,3.20
2009.06.24 18:53:11.485,1.1511,1.1514,1.00,3.20
2009.06.24 18:53:12.574,1.1511,1.1514,1.00,3.20
2009.06.24 18:53:12.834,1.1511,1.15145,1.00,8.20
2009.06.24 18:53:13.854,1.1511,1.1514,1.00,3.20
2009.06.24 18:53:14.084,1.1511,1.15145,1.00,8.80
2009.06.24 18:53:15.544,1.1511,1.1514,1.00,3.20
2009.06.24 18:53:15.714,1.1511,1.15145,1.00,8.80
2009.06.24 18:53:18.173,1.1511,1.1514,1.00,3.20
2009.06.24 18:53:18.513,1.1511,1.1514,1.00,3.20
2009.06.24 18:53:20.872,1.1511,1.15125,1.00,1.00
2009.06.24 18:53:21.212,1.1511,1.15125,1.00,1.00
2009.06.24 18:53:21.502,1.1509,1.15125,7.00,1.00
2009.06.24 18:53:22.372,1.15105,1.15145,1.00,3.20
2009.06.24 18:53:23.452,1.1511,1.15145,1.20,8.00
2009.06.24 18:53:23.742,1.1511,1.1514,1.20,3.20
2009.06.24 18:53:24.761,1.1512,1.1514,1.00,3.20
2009.06.24 18:53:24.921,1.1513,1.1514,1.60,3.20
2009.06.24 18:53:25.191,1.1513,1.15145,1.60,5.80
2009.06.24 18:53:25.541,1.1513,1.1514,1.60,3.20
2009.06.24 18:53:27.741,1.1513,1.15145,1.60,5.80
2009.06.24 18:53:28.210,1.1513,1.15145,1.60,6.80
2009.06.24 18:53:28.431,1.1513,1.15145,1.60,7.80
2009.06.24 18:53:29.240,1.1513,1.15145,1.60,7.80
2009.06.24 18:53:29.590,1.1513,1.15145,1.60,8.00
2009.06.24 18:53:30.050,1.1513,1.1514,1.60,3.20
2009.06.24 18:53:32.110,1.1513,1.15145,1.60,8.80
2009.06.24 18:53:32.341,1.1513,1.1514,1.60,3.20
2009.06.24 18:53:32.860,1.15105,1.15125,1.00,1.00
2009.06.24 18:53:33.729,1.1509,1.15125,5.40,1.00
2009.06.24 18:53:36.409,1.151,1.1512,4.40,1.00
2009.06.24 18:53:37.199,1.1511,1.1512,1.00,1.20
2009.06.24 18:53:38.228,1.1511,1.1512,1.00,1.60
2009.06.24 18:53:39.308,1.1511,1.1512,1.00,1.20
2009.06.24 18:53:40.228,1.1511,1.1512,1.00,1.60
2009.06.24 18:53:40.408,1.1511,1.1512,1.00,1.20
2009.06.24 18:53:40.647,1.1511,1.1512,1.00,1.40
2009.06.24 18:53:40.938,1.1511,1.1512,1.00,1.60
2009.06.24 18:53:44.117,1.1511,1.1512,1.00,1.40
2009.06.24 18:53:44.467,1.1511,1.1512,1.00,1.20
2009.06.24 18:53:44.817,1.1512,1.15145,1.80,3.20
2009.06.24 18:53:45.967,1.1513,1.1514,1.80,3.20
2009.06.24 18:53:46.386,1.1513,1.15145,2.00,5.80
2009.06.24 18:53:47.416,1.1513,1.1514,2.00,3.20
2009.06.24 18:53:47.806,1.1513,1.15145,2.00,5.80
2009.06.24 18:53:48.576,1.1513,1.15145,1.80,5.80
2009.06.24 18:53:51.125,1.1513,1.15145,1.00,6.00
2009.06.24 18:53:51.405,1.1512,1.1514,1.00,3.20
2009.06.24 18:53:51.645,1.1512,1.15145,1.00,6.20
2009.06.24 18:53:54.594,1.1512,1.1514,1.00,3.20
2009.06.24 18:53:54.944,1.1512,1.15145,1.00,6.00
2009.06.24 18:53:55.364,1.1512,1.1514,1.00,3.20
2009.06.24 18:53:55.834,1.1512,1.15145,1.00,5.80
2009.06.24 18:53:56.814,1.1512,1.1514,1.00,3.20
2009.06.24 18:53:58.943,1.1512,1.15145,1.00,6.20
2009.06.24 18:54:02.292,1.15095,1.1514,7.00,3.20
2009.06.24 18:54:04.332,1.1511,1.15145,3.40,6.20
2009.06.24 18:54:05.382,1.1512,1.15145,3.60,6.20
2009.06.24 18:54:07.621,1.1512,1.15145,3.60,6.20
2009.06.24 18:54:07.971,1.1512,1.1514,3.60,3.20
2009.06.24 18:54:08.251,1.1512,1.1514,3.40,3.20
2009.06.24 18:54:08.771,1.1512,1.15145,3.40,8.80
2009.06.24 18:54:09.101,1.1512,1.15145,3.40,7.80
2009.06.24 18:54:09.451,1.1512,1.1514,3.60,3.20
2009.06.24 18:54:10.201,1.1513,1.1515,1.20,1.80
2009.06.24 18:54:10.501,1.1513,1.1515,1.20,1.60
2009.06.24 18:54:11.370,1.15135,1.1515,4.20,1.60
2009.06.24 18:54:11.940,1.1514,1.1515,1.00,1.00
2009.06.24 18:54:12.280,1.1514,1.1516,1.80,3.20
2009.06.24 18:54:12.760,1.1514,1.1516,2.20,3.20
2009.06.24 18:54:13.439,1.1514,1.1516,2.60,3.20
2009.06.24 18:54:13.730,1.1515,1.1516,1.80,3.20
2009.06.24 18:54:15.919,1.1515,1.1516,1.80,1.60
2009.06.24 18:54:18.628,1.1515,1.1517,2.00,3.20
2009.06.24 18:54:19.978,1.1514,1.1516,1.00,3.20
2009.06.24 18:54:20.258,1.1514,1.1516,1.00,3.20
2009.06.24 18:54:20.678,1.1514,1.1516,1.00,3.20
2009.06.24 18:54:36.494,1.1514,1.1516,1.80,3.20
2009.06.24 18:54:36.945,1.1514,1.1515,1.80,3.20
2009.06.24 18:54:38.474,1.1514,1.1515,2.20,3.20
2009.06.24 18:54:38.703,1.1514,1.1515,2.60,3.20
2009.06.24 18:54:39.043,1.1514,1.1515,2.40,3.20
2009.06.24 18:54:40.773,1.1514,1.1516,2.40,3.20
2009.06.24 18:54:41.223,1.1513,1.15165,2.20,25.00
2009.06.24 18:54:41.383,1.1513,1.15155,2.20,2.60
2009.06.24 18:54:41.793,1.1513,1.1516,2.20,18.60
2009.06.24 18:54:42.183,1.1513,1.1516,2.40,3.20
2009.06.24 18:54:42.423,1.1514,1.1516,2.00,3.20
2009.06.24 18:54:43.753,1.1514,1.1516,2.20,3.20
2009.06.24 18:54:46.152,1.1514,1.1516,2.00,3.20
2009.06.24 18:54:46.662,1.1514,1.1516,1.00,3.20
2009.06.24 18:54:46.832,1.1513,1.1515,2.60,1.00
2009.06.24 18:54:47.002,1.1513,1.1515,1.60,1.00
2009.06.24 18:54:47.471,1.1513,1.15155,1.00,4.80
2009.06.24 18:54:47.751,1.1513,1.15155,1.00,3.80
2009.06.24 18:54:48.043,1.1513,1.1515,1.60,3.20
2009.06.24 18:54:48.371,1.1513,1.1515,2.00,3.20
2009.06.24 18:54:49.971,1.1513,1.1515,2.20,3.20
2009.06.24 18:54:54.420,1.1513,1.1515,1.00,5.80
2009.06.24 18:55:01.178,1.1513,1.1515,2.60,5.80
2009.06.24 18:55:03.998,1.1513,1.1515,2.80,5.80
2009.06.24 18:55:04.208,1.1513,1.1515,2.80,3.20
2009.06.24 18:55:06.767,1.1513,1.1515,2.60,3.20
2009.06.24 18:55:07.567,1.1513,1.1515,2.80,3.20
2009.06.24 18:55:07.847,1.1513,1.1515,2.80,5.80
2009.06.24 18:55:08.196,1.1513,1.1515,2.80,3.20
2009.06.24 18:55:09.476,1.1513,1.1515,2.60,3.20
2009.06.24 18:55:10.126,1.1513,1.1515,2.80,3.20
2009.06.24 18:55:10.486,1.1513,1.1515,3.20,3.20
2009.06.24 18:55:12.605,1.1513,1.1515,2.80,3.20
2009.06.24 18:55:12.835,1.1513,1.1515,3.00,3.20
2009.06.24 18:55:12.946,1.1513,1.1514,3.00,3.20
2009.06.24 18:55:13.285,1.1513,1.1514,1.60,3.20
2009.06.24 18:55:18.274,1.1513,1.1514,1.00,3.20
2009.06.24 18:55:18.564,1.1512,1.1514,1.60,3.20
2009.06.24 18:55:19.144,1.1512,1.15135,1.60,3.20
2009.06.24 18:55:22.713,1.1512,1.15135,1.00,5.80
2009.06.24 18:55:22.933,1.1512,1.15135,1.00,3.20
2009.06.24 18:55:23.793,1.1512,1.1514,1.00,12.20
2009.06.24 18:55:24.133,1.1512,1.15135,1.00,3.20
2009.06.24 18:55:24.663,1.1512,1.15135,1.00,9.40
2009.06.24 18:55:24.952,1.1512,1.15135,1.00,12.20
2009.06.24 18:55:26.602,1.1512,1.15125,1.00,1.00
2009.06.24 18:55:26.822,1.1512,1.15125,1.00,1.60
2009.06.24 18:55:27.792,1.1512,1.1513,1.00,3.00
2009.06.24 18:55:28.012,1.1508,1.1511,1.20,1.20
2009.06.24 18:55:28.232,1.1508,1.1512,1.00,2.40
2009.06.24 18:55:28.592,1.1508,1.15125,3.40,5.60
2009.06.24 18:55:29.002,1.1508,1.15125,1.80,5.60
2009.06.24 18:55:29.561,1.1509,1.15115,1.00,1.00
2009.06.24 18:55:29.841,1.1509,1.15125,1.00,3.20
2009.06.24 18:55:30.721,1.1509,1.15115,1.00,3.20
2009.06.24 18:55:31.221,1.1509,1.15115,1.00,6.40
2009.06.24 18:55:31.451,1.15065,1.15115,5.00,7.00
2009.06.24 18:55:31.731,1.15065,1.15115,4.00,9.60
2009.06.24 18:55:37.130,1.15075,1.151,2.60,1.00
2009.06.24 18:55:37.589,1.15075,1.1511,2.60,3.20
2009.06.24 18:55:45.118,1.15085,1.1511,2.00,3.20
2009.06.24 18:55:45.347,1.15085,1.1511,2.00,4.80
2009.06.24 18:55:45.577,1.15085,1.1511,2.00,3.20
2009.06.24 18:55:45.927,1.15085,1.1511,2.00,1.60
2009.06.24 18:55:48.107,1.151,1.1513,2.20,15.00
2009.06.24 18:55:48.467,1.151,1.15125,2.20,3.20
2009.06.24 18:55:48.687,1.151,1.15125,2.20,15.00
2009.06.24 18:55:49.986,1.151,1.1512,2.80,10.40
2009.06.24 18:55:50.156,1.1511,1.1512,1.80,4.40
2009.06.24 18:55:50.666,1.1511,1.1514,1.80,4.00
2009.06.24 18:55:51.476,1.1511,1.15135,1.80,4.00
2009.06.24 18:55:52.556,1.1511,1.1514,1.80,9.00
2009.06.24 18:55:52.886,1.1511,1.1514,1.80,5.80
2009.06.24 18:55:53.375,1.1511,1.1513,1.80,1.00
2009.06.24 18:55:53.596,1.1511,1.1513,2.20,1.00
2009.06.24 18:55:57.065,1.1511,1.1513,2.20,1.00
2009.06.24 18:55:57.125,1.1511,1.1514,2.20,2.60
2009.06.24 18:55:57.585,1.1511,1.1513,2.00,1.00
2009.06.24 18:55:57.644,1.1511,1.1513,1.00,1.00
2009.06.24 18:55:58.964,1.1509,1.1512,1.60,3.20
2009.06.24 18:55:59.244,1.15085,1.1512,2.20,3.60
2009.06.24 18:55:59.724,1.15085,1.1511,2.60,1.60
2009.06.24 18:56:00.014,1.15085,1.1511,4.40,1.60
2009.06.24 18:56:00.424,1.15085,1.15115,3.60,6.20
2009.06.24 18:56:00.874,1.1508,1.15115,4.60,6.20
2009.06.24 18:56:01.274,1.1509,1.1511,1.00,3.20
2009.06.24 18:56:01.613,1.1509,1.1513,1.00,18.60
2009.06.24 18:56:01.954,1.1509,1.15115,1.00,1.00
2009.06.24 18:56:02.284,1.1509,1.15115,1.00,1.20
2009.06.24 18:56:02.554,1.1509,1.15115,1.00,1.60
2009.06.24 18:56:02.764,1.1509,1.15115,1.00,2.20
2009.06.24 18:56:03.164,1.1509,1.1511,1.00,2.80
2009.06.24 18:56:03.394,1.1509,1.1511,1.00,1.80
2009.06.24 18:56:03.744,1.1509,1.1511,1.00,1.60
2009.06.24 18:56:04.084,1.1509,1.1511,1.00,1.00
2009.06.24 18:56:04.584,1.1509,1.1511,1.00,1.20
2009.06.24 18:56:05.214,1.1509,1.1511,1.00,1.20
2009.06.24 18:56:05.954,1.1509,1.1511,1.00,1.20
2009.06.24 18:56:06.354,1.1509,1.1511,1.00,3.20
2009.06.24 18:56:06.694,1.1508,1.15115,1.20,6.20
2009.06.24 18:56:06.744,1.1508,1.15115,1.20,6.00
2009.06.24 18:56:07.554,1.1508,1.15115,1.20,5.60
2009.06.24 18:56:07.953,1.1509,1.1511,2.00,3.20
2009.06.24 18:56:08.423,1.1509,1.15115,2.40,3.40
2009.06.24 18:56:08.773,1.1509,1.15115,2.00,4.00
2009.06.24 18:56:09.053,1.1509,1.15105,2.00,3.20
2009.06.24 18:56:09.513,1.1509,1.15105,1.00,3.20
2009.06.24 18:56:11.872,1.1509,1.151,1.20,3.20
2009.06.24 18:56:11.982,1.1509,1.151,1.20,3.20
2009.06.24 18:56:13.832,1.1509,1.151,1.00,3.20
2009.06.24 18:56:14.242,1.1509,1.151,2.80,3.20
2009.06.24 18:56:14.642,1.1507,1.151,1.60,3.20
2009.06.24 18:56:14.992,1.15065,1.151,3.00,3.20
2009.06.24 18:56:15.282,1.1506,1.151,4.00,3.20
2009.06.24 18:56:15.562,1.15065,1.151,1.00,3.20
2009.06.24 18:56:16.241,1.1507,1.151,1.00,5.80
2009.06.24 18:56:17.331,1.1507,1.15105,1.00,14.40
2009.06.24 18:56:17.781,1.1507,1.15105,1.00,8.00
2009.06.24 18:56:20.360,1.15065,1.151,2.40,3.20
2009.06.24 18:56:20.600,1.15065,1.151,1.80,3.20
2009.06.24 18:56:23.469,1.15065,1.151,1.80,3.20
2009.06.24 18:56:23.769,1.15075,1.151,1.20,3.20
2009.06.24 18:56:24.109,1.1508,1.151,1.80,3.20
2009.06.24 18:56:25.429,1.1508,1.151,2.00,3.20
2009.06.24 18:56:26.219,1.1508,1.151,1.80,3.20
2009.06.24 18:56:31.737,1.15075,1.151,4.20,3.20
2009.06.24 18:56:32.247,1.1508,1.151,1.80,3.20
2009.06.24 18:56:41.605,1.1508,1.151,2.00,3.20
2009.06.24 18:56:44.115,1.1509,1.151,2.00,6.40
2009.06.24 18:56:44.614,1.15095,1.1511,1.20,4.60
2009.06.24 18:56:44.954,1.151,1.1512,1.80,3.20
2009.06.24 18:56:45.354,1.151,1.15115,1.00,3.20
2009.06.24 18:56:45.534,1.1509,1.15115,2.80,3.20
2009.06.24 18:56:48.383,1.1509,1.151,1.00,3.20
2009.06.24 18:56:48.843,1.1509,1.151,1.20,3.20
2009.06.24 18:56:49.623,1.1509,1.151,1.00,3.20
2009.06.24 18:56:49.683,1.1509,1.151,1.20,3.20
2009.06.24 18:56:50.953,1.1509,1.1512,2.80,3.20
2009.06.24 18:56:51.353,1.1509,1.15115,2.80,3.20
2009.06.24 18:56:52.682,1.1509,1.1511,2.80,3.20
2009.06.24 18:56:56.971,1.1509,1.1511,2.80,3.20
2009.06.24 18:57:04.020,1.1509,1.1512,2.80,3.20
2009.06.24 18:57:04.299,1.1509,1.15125,3.80,14.60
2009.06.24 18:57:04.520,1.15085,1.15125,4.20,14.60
2009.06.24 18:57:04.579,1.15085,1.15125,3.80,14.60
2009.06.24 18:57:04.689,1.15085,1.15125,4.00,14.60
2009.06.24 18:57:05.509,1.15085,1.15125,4.00,14.40
2009.06.24 18:57:05.739,1.15085,1.1512,4.00,3.20
2009.06.24 18:57:05.969,1.1509,1.1512,3.60,3.20
2009.06.24 18:57:06.679,1.1509,1.1512,3.40,3.20
2009.06.24 18:57:07.529,1.1509,1.1512,3.00,3.20
2009.06.24 18:57:08.089,1.1509,1.15125,2.80,21.00
2009.06.24 18:57:08.598,1.1509,1.15115,1.00,1.80
2009.06.24 18:57:09.638,1.1509,1.1511,1.00,1.60
2009.06.24 18:57:09.818,1.1509,1.1511,1.20,1.60
2009.06.24 18:57:12.188,1.1509,1.1511,1.20,1.40
2009.06.24 18:57:12.528,1.1509,1.151,1.00,1.00
2009.06.24 18:57:12.988,1.1508,1.15105,1.20,6.20
2009.06.24 18:57:13.278,1.1508,1.15095,1.20,1.00
2009.06.24 18:57:13.508,1.1507,1.15085,4.40,1.00
2009.06.24 18:57:13.747,1.1507,1.15085,1.00,1.00
2009.06.24 18:57:14.027,1.1507,1.15095,1.00,1.00
2009.06.24 18:57:14.717,1.1507,1.151,1.00,3.20
2009.06.24 18:57:18.116,1.1507,1.151,1.00,5.80
2009.06.24 18:57:20.525,1.1507,1.1509,1.00,1.00
2009.06.24 18:57:20.756,1.1507,1.1508,1.00,1.00
2009.06.24 18:57:20.866,1.1507,1.1508,1.00,1.00
2009.06.24 18:57:22.345,1.1505,1.1508,3.00,1.20
2009.06.24 18:57:22.865,1.1505,1.1508,3.00,1.40
2009.06.24 18:57:22.975,1.1505,1.1508,3.00,1.60
2009.06.24 18:57:23.255,1.1505,1.1508,3.00,1.80
2009.06.24 18:57:23.905,1.15055,1.1508,2.60,1.80
2009.06.24 18:57:24.765,1.1505,1.1508,4.00,1.80
2009.06.24 18:57:25.124,1.1505,1.1508,5.60,1.80
2009.06.24 18:57:25.414,1.1505,1.1508,4.40,3.20
2009.06.24 18:57:25.524,1.1505,1.1508,2.80,3.20
2009.06.24 18:57:26.084,1.1505,1.1508,1.20,3.20
2009.06.24 18:57:26.724,1.1505,1.1508,1.40,3.20
2009.06.24 18:57:27.084,1.1505,1.1508,1.20,3.20
2009.06.24 18:57:27.604,1.1505,1.1508,1.60,3.20
2009.06.24 18:57:28.254,1.1505,1.1508,1.60,3.20
2009.06.24 18:57:28.553,1.1505,1.1508,1.60,3.20
2009.06.24 18:57:28.834,1.1505,1.1508,2.00,3.20
2009.06.24 18:57:30.773,1.1505,1.1508,2.20,3.20
2009.06.24 18:57:30.953,1.1505,1.1508,3.60,3.20
2009.06.24 18:57:31.933,1.1505,1.1508,1.60,3.20
2009.06.24 18:57:32.623,1.1505,1.1508,1.40,3.20
2009.06.24 18:57:33.262,1.1505,1.15085,2.40,5.60
2009.06.24 18:57:33.443,1.1505,1.15085,2.40,5.40
2009.06.24 18:57:33.793,1.1505,1.15085,2.40,6.00
2009.06.24 18:57:33.972,1.1505,1.15085,2.60,5.60
2009.06.24 18:57:34.472,1.1505,1.15085,2.60,5.80
2009.06.24 18:57:34.742,1.1505,1.15085,2.40,6.20
2009.06.24 18:57:35.082,1.1505,1.15085,2.20,5.60
2009.06.24 18:57:37.341,1.1505,1.1508,1.20,3.20
2009.06.24 18:57:37.692,1.1505,1.1508,1.60,3.20
2009.06.24 18:57:39.951,1.1505,1.1508,1.60,3.20
2009.06.24 18:57:40.981,1.1505,1.1508,1.60,3.20
2009.06.24 18:57:41.721,1.1505,1.1507,1.00,1.20
2009.06.24 18:57:41.950,1.1505,1.1507,1.00,1.40
2009.06.24 18:57:44.320,1.15025,1.1506,1.20,3.00
2009.06.24 18:57:44.860,1.15025,1.1506,1.20,3.20
2009.06.24 18:57:45.210,1.1503,1.1506,2.20,2.60
2009.06.24 18:57:45.550,1.1503,1.15055,3.20,6.00
2009.06.24 18:57:45.940,1.1503,1.1508,5.60,15.20
2009.06.24 18:57:46.300,1.1503,1.1508,5.80,15.20
2009.06.24 18:57:46.359,1.1503,1.1508,5.20,15.20
2009.06.24 18:57:46.709,1.1503,1.1508,5.00,15.20
2009.06.24 18:57:47.359,1.1503,1.15065,5.00,1.00
2009.06.24 18:57:47.689,1.1503,1.1507,3.80,6.20
2009.06.24 18:57:48.199,1.1503,1.1507,2.20,6.20
2009.06.24 18:57:50.738,1.1503,1.15055,2.20,1.00
2009.06.24 18:57:51.188,1.1503,1.1507,2.20,6.20
2009.06.24 18:57:53.228,1.1503,1.15055,1.20,3.20
2009.06.24 18:57:58.657,1.1503,1.1505,1.20,3.20
2009.06.24 18:58:01.805,1.1503,1.1505,5.00,3.20
2009.06.24 18:58:02.316,1.15045,1.15055,1.00,3.20
2009.06.24 18:58:02.616,1.15045,1.1506,1.00,2.60
2009.06.24 18:58:03.185,1.1505,1.1506,1.00,2.60
2009.06.24 18:58:03.475,1.1505,1.1506,1.00,2.60
2009.06.24 18:58:03.865,1.1504,1.15055,1.20,3.20
2009.06.24 18:58:04.265,1.1504,1.15055,1.00,3.20
2009.06.24 18:58:05.385,1.1505,1.15055,1.80,6.00
2009.06.24 18:58:05.665,1.1505,1.1508,1.80,6.20
2009.06.24 18:58:07.374,1.1505,1.15075,2.00,4.20
2009.06.24 18:58:07.434,1.1505,1.15075,2.60,3.20
2009.06.24 18:58:07.664,1.1505,1.1508,1.60,3.20
2009.06.24 18:58:07.784,1.1506,1.1508,1.00,3.20
2009.06.24 18:58:10.643,1.1506,1.1508,1.00,3.20
2009.06.24 18:58:14.323,1.1506,1.1508,1.60,3.20
2009.06.24 18:58:14.382,1.1507,1.1508,1.00,3.20
2009.06.24 18:58:15.692,1.1507,1.1508,1.00,3.20
2009.06.24 18:58:17.232,1.1507,1.1509,1.00,2.60
2009.06.24 18:58:17.522,1.1507,1.151,1.00,5.80
2009.06.24 18:58:18.232,1.1508,1.151,2.60,5.80
2009.06.24 18:58:18.692,1.1508,1.151,2.40,3.20
2009.06.24 18:58:18.981,1.1508,1.151,2.40,3.20
2009.06.24 18:58:19.211,1.1508,1.151,2.80,3.20
2009.06.24 18:58:19.961,1.1508,1.151,3.00,3.20
2009.06.24 18:58:20.012,1.1508,1.1509,2.40,3.20
2009.06.24 18:58:20.182,1.1508,1.1509,1.00,3.20
2009.06.24 18:58:20.401,1.1508,1.15085,1.00,6.40
2009.06.24 18:58:20.681,1.1508,1.15085,1.40,6.40
2009.06.24 18:58:20.861,1.1508,1.15105,1.40,3.20
2009.06.24 18:58:22.700,1.1508,1.151,1.20,3.20
2009.06.24 18:58:22.931,1.1508,1.1509,1.00,1.00
2009.06.24 18:58:23.151,1.1507,1.1509,1.00,1.00
2009.06.24 18:58:23.561,1.1506,1.1509,1.20,1.00
2009.06.24 18:58:23.961,1.1506,1.1509,2.60,1.00
2009.06.24 18:58:25.400,1.1506,1.1509,1.60,1.00
2009.06.24 18:58:25.630,1.1507,1.1509,1.00,1.00
2009.06.24 18:58:27.050,1.1507,1.1509,1.00,1.00
2009.06.24 18:58:27.110,1.1505,1.1509,2.60,1.00
2009.06.24 18:58:27.909,1.1505,1.1508,2.60,1.00
2009.06.24 18:58:29.159,1.15065,1.1508,1.00,1.00
2009.06.24 18:58:29.679,1.15065,1.1508,1.00,3.20
2009.06.24 18:58:30.359,1.1507,1.1508,1.00,3.20
2009.06.24 18:58:30.529,1.15045,1.1508,3.40,3.20
2009.06.24 18:58:33.528,1.1506,1.1508,1.00,3.20
2009.06.24 18:58:33.768,1.1506,1.1508,1.00,3.20
2009.06.24 18:58:34.448,1.1506,1.1508,1.20,3.20
2009.06.24 18:58:42.266,1.1506,1.1508,1.00,3.20
2009.06.24 18:58:42.436,1.1505,1.1508,2.40,3.20
2009.06.24 18:58:42.656,1.1505,1.1508,2.00,3.20
2009.06.24 18:58:42.876,1.1505,1.1508,1.60,3.20
2009.06.24 18:58:48.434,1.1505,1.1508,3.40,3.20
2009.06.24 18:58:54.633,1.1505,1.1508,4.40,7.20
2009.06.24 18:58:54.983,1.1505,1.1508,4.60,1.20
2009.06.24 18:58:55.613,1.1506,1.1508,1.00,1.00
2009.06.24 18:58:55.843,1.1506,1.1509,3.00,5.80
2009.06.24 18:58:56.273,1.15075,1.1509,1.00,3.20
2009.06.24 18:58:56.802,1.15075,1.15095,1.40,4.00
2009.06.24 18:58:57.093,1.15075,1.151,1.60,3.20
2009.06.24 18:58:57.333,1.1509,1.151,1.80,3.20
2009.06.24 18:58:57.862,1.1509,1.151,2.00,3.20
2009.06.24 18:58:58.152,1.1509,1.151,1.40,3.20
2009.06.24 18:58:58.452,1.151,1.1511,1.20,3.20
2009.06.24 18:58:59.472,1.151,1.15115,1.00,3.20
2009.06.24 18:59:00.412,1.151,1.15115,1.20,3.20
2009.06.24 18:59:00.922,1.151,1.1511,1.20,4.40
2009.06.24 18:59:01.212,1.15095,1.15105,1.20,3.00
2009.06.24 18:59:01.454,1.15095,1.15105,1.20,6.00
2009.06.24 18:59:01.741,1.15095,1.1511,3.20,3.20
2009.06.24 18:59:02.141,1.15095,1.15115,3.20,6.20
2009.06.24 18:59:02.481,1.15095,1.1511,3.20,3.00
2009.06.24 18:59:02.831,1.15095,1.1511,4.20,3.00
2009.06.24 18:59:04.500,1.15095,1.15115,3.20,6.20
2009.06.24 18:59:04.840,1.15095,1.1511,4.20,3.00
2009.06.24 18:59:06.560,1.151,1.1512,1.00,3.20
2009.06.24 18:59:06.940,1.151,1.1512,1.00,3.20
2009.06.24 18:59:07.240,1.1511,1.1512,1.00,3.20
2009.06.24 18:59:08.100,1.1511,1.15125,1.00,9.60
2009.06.24 18:59:08.620,1.1511,1.15125,1.00,3.20
2009.06.24 18:59:10.129,1.1511,1.15125,1.00,3.20
2009.06.24 18:59:10.899,1.1511,1.15125,3.20,3.20
2009.06.24 18:59:11.189,1.1511,1.1513,4.00,3.20
2009.06.24 18:59:11.429,1.1512,1.15135,1.00,10.40
2009.06.24 18:59:11.729,1.1511,1.1513,3.40,3.20
2009.06.24 18:59:12.019,1.1512,1.1513,1.00,3.20
2009.06.24 18:59:12.239,1.1512,1.15135,1.00,17.00
2009.06.24 18:59:12.599,1.1512,1.15135,1.00,2.60
2009.06.24 18:59:12.999,1.1512,1.15145,1.00,5.80
2009.06.24 18:59:13.339,1.1512,1.15145,1.00,3.20
2009.06.24 18:59:14.178,1.1512,1.1514,1.00,3.20
2009.06.24 18:59:14.528,1.1513,1.1514,1.00,3.20
2009.06.24 18:59:14.748,1.1512,1.1514,1.00,3.20
2009.06.24 18:59:15.558,1.1511,1.1513,1.80,3.20
2009.06.24 18:59:18.117,1.1511,1.1512,1.80,1.00
2009.06.24 18:59:18.227,1.1511,1.15125,1.80,3.40
2009.06.24 18:59:18.407,1.1511,1.15125,2.20,3.20
2009.06.24 18:59:18.467,1.1511,1.15125,2.40,3.20
2009.06.24 18:59:18.647,1.1512,1.15125,1.00,3.20
2009.06.24 18:59:18.887,1.1512,1.15125,1.00,3.20
2009.06.24 18:59:19.907,1.1512,1.1513,1.00,3.20
2009.06.24 18:59:24.306,1.1515,1.15185,4.20,1.00
2009.06.24 18:59:26.895,1.15155,1.1517,4.00,1.00
2009.06.24 18:59:27.015,1.15155,1.1517,3.60,1.00
2009.06.24 18:59:27.585,1.1515,1.1517,4.00,1.00
2009.06.24 18:59:27.935,1.15155,1.1517,3.60,1.00
2009.06.24 18:59:30.035,1.15155,1.1517,4.20,1.00
2009.06.24 18:59:30.494,1.15155,1.1517,3.60,2.60
2009.06.24 18:59:31.624,1.1516,1.1518,1.00,1.00
2009.06.24 18:59:32.084,1.1516,1.1517,1.00,3.20
2009.06.24 18:59:32.434,1.1516,1.1517,1.00,3.20
2009.06.24 18:59:32.834,1.1515,1.1517,2.40,3.20
2009.06.24 18:59:33.344,1.1515,1.1516,2.20,1.00
2009.06.24 18:59:33.664,1.1515,1.1516,3.20,1.00
2009.06.24 18:59:34.184,1.15165,1.15195,1.00,10.60
2009.06.24 18:59:34.533,1.1516,1.1519,5.60,1.00
2009.06.24 18:59:35.263,1.15175,1.15205,1.00,1.80
2009.06.24 18:59:35.483,1.15175,1.15205,3.60,1.80
2009.06.24 18:59:35.784,1.15175,1.15205,3.60,1.20
2009.06.24 18:59:36.013,1.15175,1.1522,3.60,13.20
2009.06.24 18:59:36.313,1.1518,1.1522,3.60,6.40
2009.06.24 18:59:36.593,1.15185,1.1522,3.60,5.80
2009.06.24 18:59:36.883,1.15185,1.1522,3.60,5.60
2009.06.24 18:59:37.183,1.15185,1.15205,1.00,3.20
2009.06.24 18:59:37.593,1.15175,1.15205,5.20,3.20
2009.06.24 18:59:38.652,1.15185,1.152,1.00,3.20
2009.06.24 18:59:39.282,1.15185,1.152,2.20,3.20
2009.06.24 18:59:39.812,1.1519,1.152,2.20,3.20
2009.06.24 18:59:40.044,1.1519,1.152,1.80,3.20
2009.06.24 18:59:41.361,1.1519,1.152,1.60,3.20
2009.06.24 18:59:42.191,1.1518,1.152,3.20,3.20
2009.06.24 18:59:42.481,1.15175,1.152,1.20,3.20
2009.06.24 18:59:42.751,1.1517,1.152,1.60,3.20
2009.06.24 18:59:43.101,1.1517,1.15185,1.40,4.80
2009.06.24 18:59:43.561,1.1517,1.15185,1.60,4.40
2009.06.24 18:59:44.191,1.1517,1.1518,1.40,4.40
2009.06.24 18:59:45.651,1.1517,1.1518,1.80,4.40
2009.06.24 18:59:46.003,1.1517,1.1518,2.00,4.40
2009.06.24 18:59:46.401,1.1517,1.1518,1.00,1.80
2009.06.24 18:59:46.700,1.15165,1.15205,1.60,5.80
2009.06.24 18:59:46.990,1.1517,1.15195,2.20,1.00
2009.06.24 18:59:47.390,1.1518,1.152,1.00,6.40
2009.06.24 18:59:47.730,1.1518,1.1522,1.00,21.60
2009.06.24 18:59:48.180,1.1518,1.1522,1.20,21.00
2009.06.24 18:59:48.850,1.1518,1.15215,1.20,12.00
2009.06.24 18:59:49.190,1.1518,1.15215,1.40,6.20
2009.06.24 18:59:49.590,1.1518,1.15215,1.60,6.20
2009.06.24 18:59:49.760,1.1518,1.15215,1.20,6.20
2009.06.24 18:59:52.299,1.1518,1.15215,1.60,6.20
2009.06.24 18:59:52.709,1.1518,1.1521,1.60,2.60
2009.06.24 18:59:53.159,1.1519,1.1523,1.40,21.40
2009.06.24 18:59:53.389,1.1519,1.1523,1.60,5.80
2009.06.24 18:59:53.899,1.1519,1.15225,2.40,3.20
2009.06.24 18:59:55.368,1.1519,1.1522,1.60,3.20
2009.06.24 18:59:55.758,1.1519,1.15205,1.00,1.20
2009.06.24 18:59:55.928,1.1519,1.15205,1.00,3.40
2009.06.24 18:59:56.438,1.1517,1.15195,7.00,2.00
2009.06.24 18:59:56.658,1.15185,1.15205,1.00,2.20
2009.06.24 18:59:56.868,1.15185,1.152,1.00,3.20
2009.06.24 18:59:57.218,1.15185,1.152,1.00,3.40
2009.06.24 18:59:57.548,1.15185,1.152,1.00,3.20
2009.06.24 18:59:57.838,1.1519,1.152,1.60,3.20
2009.06.24 18:59:58.717,1.1518,1.15225,3.60,3.20
2009.06.24 18:59:58.988,1.15175,1.15205,6.20,3.20
2009.06.24 18:59:59.277,1.1518,1.15205,1.60,3.20
2009.06.24 18:59:59.617,1.1517,1.15185,4.00,1.80
2009.06.24 18:59:59.977,1.1517,1.15185,2.40,1.80
