2009.06.26 16:00:00.821,1.1527,1.1529,1.00,3.20
2009.06.26 16:00:00.932,1.15265,1.15285,5.80,1.00
2009.06.26 16:00:01.051,1.1527,1.15285,1.20,1.00
2009.06.26 16:00:01.331,1.15265,1.15295,3.60,9.60
2009.06.26 16:00:01.503,1.1526,1.15295,7.40,13.80
2009.06.26 16:00:01.971,1.1526,1.1529,4.20,1.60
2009.06.26 16:00:02.322,1.1526,1.1529,4.20,1.00
2009.06.26 16:00:02.621,1.1526,1.1529,6.20,3.20
2009.06.26 16:00:03.761,1.15255,1.1528,6.20,4.00
2009.06.26 16:00:03.880,1.1526,1.1528,1.00,4.00
2009.06.26 16:00:03.991,1.1526,1.1528,1.00,4.20
2009.06.26 16:00:04.970,1.1527,1.1528,1.00,4.20
2009.06.26 16:00:05.650,1.1526,1.1528,1.00,4.20
2009.06.26 16:00:08.849,1.1526,1.1528,1.00,4.20
2009.06.26 16:00:10.209,1.1526,1.1528,1.00,4.20
2009.06.26 16:00:16.208,1.1526,1.1528,1.00,3.20
2009.06.26 16:00:17.008,1.1526,1.1529,1.60,3.40
2009.06.26 16:00:17.348,1.15255,1.1529,6.00,3.20
2009.06.26 16:00:17.577,1.15255,1.1529,5.00,3.20
2009.06.26 16:00:17.747,1.1526,1.1529,1.00,5.80
2009.06.26 16:00:18.207,1.1526,1.1529,1.00,5.80
2009.06.26 16:00:22.876,1.1526,1.1528,1.00,3.20
2009.06.26 16:00:25.425,1.1526,1.1529,1.00,5.80
2009.06.26 16:00:25.755,1.1526,1.1529,1.80,2.60
2009.06.26 16:00:26.115,1.15255,1.1529,6.20,3.20
2009.06.26 16:00:26.275,1.1526,1.1529,1.40,3.20
2009.06.26 16:00:28.145,1.1526,1.1529,1.20,3.20
2009.06.26 16:00:29.714,1.1526,1.15285,1.00,3.40
2009.06.26 16:00:29.894,1.1526,1.1528,1.00,4.00
2009.06.26 16:00:32.364,1.15255,1.1528,2.60,4.00
2009.06.26 16:00:32.983,1.1526,1.1528,1.00,4.00
2009.06.26 16:00:33.683,1.1526,1.1527,1.00,3.20
2009.06.26 16:00:37.092,1.1526,1.1528,1.00,3.20
2009.06.26 16:00:37.742,1.1526,1.1528,1.00,3.20
2009.06.26 16:00:45.990,1.1526,1.1528,1.00,3.20
2009.06.26 16:00:46.710,1.1527,1.1528,1.00,3.20
2009.06.26 16:00:49.150,1.1527,1.1528,1.00,3.20
2009.06.26 16:00:49.721,1.1526,1.1528,1.00,3.20
2009.06.26 16:00:50.349,1.1526,1.1528,1.00,3.20
2009.06.26 16:00:52.709,1.1526,1.1528,1.00,3.20
2009.06.26 16:00:56.738,1.1525,1.1528,4.60,3.20
2009.06.26 16:00:57.317,1.1525,1.1528,3.80,3.20
2009.06.26 16:00:57.537,1.1525,1.15275,3.20,3.40
2009.06.26 16:00:57.757,1.15245,1.15275,1.00,3.40
2009.06.26 16:00:58.158,1.15245,1.15275,1.00,2.60
2009.06.26 16:00:58.978,1.1525,1.15275,1.80,1.00
2009.06.26 16:00:59.267,1.1525,1.15285,1.20,21.20
2009.06.26 16:00:59.507,1.15245,1.15275,1.00,1.00
2009.06.26 16:00:59.737,1.1524,1.15275,4.20,1.00
2009.06.26 16:00:59.967,1.1524,1.1528,1.20,2.60
2009.06.26 16:01:00.527,1.1524,1.15275,1.40,2.60
2009.06.26 16:01:02.526,1.1524,1.1528,4.20,13.00
2009.06.26 16:01:02.867,1.15245,1.1528,1.00,2.60
2009.06.26 16:01:03.196,1.1525,1.15285,1.20,13.80
2009.06.26 16:01:03.616,1.15245,1.1528,1.00,2.60
2009.06.26 16:01:07.565,1.1525,1.1528,1.20,2.60
2009.06.26 16:01:07.745,1.1525,1.15285,1.20,13.80
2009.06.26 16:01:11.384,1.1526,1.15285,1.20,7.40
2009.06.26 16:01:11.554,1.15265,1.15285,1.00,3.20
2009.06.26 16:01:11.774,1.15265,1.1528,1.00,3.20
2009.06.26 16:01:11.894,1.1524,1.1528,5.40,3.20
2009.06.26 16:01:13.084,1.1525,1.15285,4.20,13.80
2009.06.26 16:01:14.793,1.1525,1.15285,4.20,14.40
2009.06.26 16:01:18.083,1.1526,1.15285,1.00,3.80
2009.06.26 16:01:18.262,1.1525,1.15285,3.60,11.20
2009.06.26 16:01:18.483,1.15245,1.15285,4.20,13.80
2009.06.26 16:01:21.972,1.1525,1.15285,4.60,8.00
2009.06.26 16:01:22.182,1.1525,1.15285,4.60,7.20
2009.06.26 16:01:23.211,1.1525,1.15285,4.60,8.20
2009.06.26 16:01:23.661,1.1525,1.15285,4.60,15.00
2009.06.26 16:01:24.041,1.1525,1.15285,4.20,17.80
2009.06.26 16:01:24.591,1.15245,1.1528,5.40,3.20
2009.06.26 16:01:26.631,1.15245,1.1528,4.60,9.60
2009.06.26 16:01:28.790,1.15245,1.15265,4.60,1.20
2009.06.26 16:01:28.960,1.15245,1.15265,3.60,2.40
2009.06.26 16:01:29.240,1.15235,1.15265,4.20,4.80
2009.06.26 16:01:29.420,1.15235,1.15255,1.00,4.20
2009.06.26 16:01:29.650,1.1523,1.1526,3.20,11.00
2009.06.26 16:01:30.120,1.1522,1.1525,1.00,5.80
2009.06.26 16:01:30.470,1.1522,1.1525,1.40,5.80
2009.06.26 16:01:30.820,1.1522,1.1525,1.20,5.80
2009.06.26 16:01:31.800,1.15215,1.1525,1.00,5.80
2009.06.26 16:01:32.239,1.15215,1.1524,1.00,1.00
2009.06.26 16:01:32.529,1.1521,1.15245,3.60,7.20
2009.06.26 16:01:32.819,1.1521,1.1524,1.20,2.60
2009.06.26 16:01:33.339,1.152,1.15235,1.40,2.60
2009.06.26 16:01:33.789,1.152,1.15235,1.40,3.40
2009.06.26 16:01:34.639,1.152,1.15235,1.00,3.40
2009.06.26 16:01:35.328,1.152,1.1523,4.20,1.00
2009.06.26 16:01:37.628,1.15205,1.1524,1.00,5.80
2009.06.26 16:01:37.908,1.15205,1.1524,1.00,2.60
2009.06.26 16:01:38.668,1.15205,1.1523,1.00,1.00
2009.06.26 16:01:41.777,1.1521,1.1525,1.20,17.20
2009.06.26 16:01:50.705,1.15215,1.1524,1.80,3.20
2009.06.26 16:01:50.995,1.1521,1.15245,4.20,17.80
2009.06.26 16:01:51.275,1.1521,1.1524,4.20,6.40
2009.06.26 16:01:58.103,1.15205,1.1524,5.40,9.60
2009.06.26 16:01:59.773,1.15205,1.1523,2.60,4.00
2009.06.26 16:02:04.461,1.15205,1.1523,1.80,4.00
2009.06.26 16:02:04.641,1.1521,1.15235,1.20,9.80
2009.06.26 16:02:04.861,1.15205,1.1524,2.60,7.40
2009.06.26 16:02:05.202,1.15205,1.1524,5.40,3.20
2009.06.26 16:02:05.901,1.1521,1.15245,1.20,18.40
2009.06.26 16:02:06.641,1.1521,1.15245,1.20,16.80
2009.06.26 16:02:06.811,1.1521,1.1524,1.00,3.20
2009.06.26 16:02:07.391,1.15205,1.1524,4.20,3.20
2009.06.26 16:02:07.561,1.15205,1.1524,1.00,5.80
2009.06.26 16:02:07.841,1.15205,1.1523,1.00,1.00
2009.06.26 16:02:08.880,1.152,1.1523,4.20,1.00
2009.06.26 16:02:13.819,1.152,1.1522,4.20,1.00
2009.06.26 16:02:14.099,1.152,1.1522,4.20,1.20
2009.06.26 16:02:14.509,1.15195,1.1522,9.00,3.20
2009.06.26 16:02:14.979,1.15195,1.1522,5.80,3.20
2009.06.26 16:02:16.349,1.15195,1.1522,4.80,3.20
2009.06.26 16:02:16.459,1.15195,1.1522,3.20,3.20
2009.06.26 16:02:16.748,1.1519,1.1522,3.80,3.20
2009.06.26 16:02:18.848,1.15195,1.1522,1.20,3.20
2009.06.26 16:02:19.128,1.15195,1.1522,1.80,3.20
2009.06.26 16:02:31.515,1.1519,1.1522,7.80,3.20
2009.06.26 16:02:31.745,1.1519,1.1522,4.60,3.20
2009.06.26 16:02:33.184,1.1519,1.1521,4.40,3.20
2009.06.26 16:02:33.424,1.1519,1.1521,1.20,3.20
2009.06.26 16:02:37.284,1.1519,1.1522,1.20,6.60
2009.06.26 16:02:37.514,1.1519,1.1522,1.20,3.20
2009.06.26 16:02:42.283,1.1519,1.1521,1.00,1.40
2009.06.26 16:02:42.462,1.1519,1.1521,1.00,3.20
2009.06.26 16:02:42.522,1.15185,1.1521,4.60,3.20
2009.06.26 16:02:42.572,1.15185,1.1521,3.80,3.20
2009.06.26 16:02:42.633,1.15185,1.1521,1.00,3.20
2009.06.26 16:02:43.202,1.1518,1.1521,4.60,3.20
2009.06.26 16:02:46.361,1.15185,1.1521,5.00,3.20
2009.06.26 16:02:47.561,1.15185,1.1521,1.80,3.20
2009.06.26 16:02:49.931,1.15185,1.15205,1.00,3.20
2009.06.26 16:02:50.160,1.15175,1.152,5.80,3.20
2009.06.26 16:02:52.700,1.15185,1.15205,1.00,3.20
2009.06.26 16:02:52.920,1.15185,1.15205,4.00,3.20
2009.06.26 16:02:53.090,1.15185,1.1521,5.00,4.60
2009.06.26 16:02:53.320,1.15185,1.1521,5.00,3.20
2009.06.26 16:02:54.739,1.15185,1.1521,5.80,3.20
2009.06.26 16:02:55.839,1.15195,1.15205,1.00,3.20
2009.06.26 16:02:55.959,1.152,1.15205,1.00,2.40
2009.06.26 16:02:56.189,1.152,1.15225,1.00,3.20
2009.06.26 16:03:05.467,1.15205,1.1522,1.80,2.00
2009.06.26 16:03:05.857,1.15205,1.1522,1.80,1.00
2009.06.26 16:03:07.816,1.15205,1.15225,1.00,3.60
2009.06.26 16:03:11.475,1.15205,1.15225,1.00,4.00
2009.06.26 16:03:11.706,1.15205,1.15225,1.00,3.60
2009.06.26 16:03:12.325,1.15205,1.15225,1.00,3.80
2009.06.26 16:03:12.855,1.15205,1.15225,1.00,4.00
2009.06.26 16:03:13.125,1.15205,1.15225,1.00,3.60
2009.06.26 16:03:14.605,1.15205,1.15225,1.00,3.80
2009.06.26 16:03:16.094,1.15205,1.15225,1.00,4.00
2009.06.26 16:03:16.434,1.15205,1.15225,1.00,3.60
2009.06.26 16:03:16.934,1.15205,1.15225,1.00,3.80
2009.06.26 16:03:17.264,1.15205,1.15225,1.00,3.60
2009.06.26 16:03:18.174,1.1521,1.1522,1.20,1.00
2009.06.26 16:03:18.644,1.1521,1.15245,1.20,6.40
2009.06.26 16:03:18.994,1.15205,1.15245,5.60,3.20
2009.06.26 16:03:19.344,1.15215,1.1525,1.00,7.40
2009.06.26 16:03:20.213,1.15205,1.15245,3.60,7.40
2009.06.26 16:03:20.333,1.15205,1.1524,1.20,3.20
2009.06.26 16:03:22.043,1.1521,1.1524,1.00,3.20
2009.06.26 16:03:22.333,1.1521,1.15245,1.80,14.80
2009.06.26 16:03:22.563,1.1521,1.15245,1.00,14.80
2009.06.26 16:03:22.913,1.1521,1.15245,1.00,15.20
2009.06.26 16:03:23.442,1.15205,1.1524,5.40,3.20
2009.06.26 16:03:23.673,1.1521,1.15245,2.60,8.00
2009.06.26 16:03:24.252,1.1521,1.15245,2.60,12.80
2009.06.26 16:03:24.552,1.1521,1.15235,1.40,3.20
2009.06.26 16:03:31.520,1.15205,1.1524,9.00,6.60
2009.06.26 16:03:31.641,1.15215,1.1524,1.00,3.20
2009.06.26 16:03:31.880,1.15215,1.15235,1.00,3.20
2009.06.26 16:03:32.290,1.15205,1.15235,1.20,3.20
2009.06.26 16:03:32.780,1.1521,1.15235,1.20,3.20
2009.06.26 16:03:36.899,1.1521,1.15235,1.20,4.00
2009.06.26 16:03:57.125,1.1521,1.15225,1.20,1.00
2009.06.26 16:03:57.415,1.1521,1.15225,1.20,1.00
2009.06.26 16:03:57.814,1.1519,1.15225,1.00,1.40
2009.06.26 16:03:58.464,1.1519,1.1522,1.00,1.60
2009.06.26 16:03:58.814,1.15185,1.15225,3.80,4.20
2009.06.26 16:03:59.054,1.1519,1.1522,3.80,3.20
2009.06.26 16:04:00.084,1.1519,1.1522,4.20,3.20
2009.06.26 16:04:00.464,1.15195,1.1522,1.80,3.20
2009.06.26 16:04:01.923,1.15195,1.1522,1.20,3.20
2009.06.26 16:04:02.214,1.1519,1.1522,8.60,3.20
2009.06.26 16:04:02.333,1.1519,1.1522,3.80,3.20
2009.06.26 16:04:05.603,1.1519,1.1521,3.80,1.00
2009.06.26 16:04:05.892,1.15185,1.1521,5.40,1.20
2009.06.26 16:04:06.752,1.1519,1.1522,3.80,3.20
2009.06.26 16:04:08.302,1.1519,1.1521,3.80,1.00
2009.06.26 16:04:08.472,1.15185,1.1521,5.40,1.00
2009.06.26 16:04:08.712,1.15185,1.1521,9.00,3.20
2009.06.26 16:04:09.172,1.15185,1.1521,8.20,3.20
2009.06.26 16:04:09.401,1.15185,1.152,8.20,1.20
2009.06.26 16:04:09.861,1.15185,1.1521,8.20,3.20
2009.06.26 16:04:11.501,1.15185,1.1521,9.00,3.20
2009.06.26 16:04:12.171,1.15185,1.1521,8.20,3.20
2009.06.26 16:04:12.921,1.15185,1.1521,9.00,3.20
2009.06.26 16:04:15.090,1.15185,1.1521,8.20,3.20
2009.06.26 16:04:15.711,1.15185,1.1521,9.00,3.20
2009.06.26 16:04:16.070,1.1519,1.1522,1.00,5.80
2009.06.26 16:04:16.410,1.1519,1.1522,1.00,3.20
2009.06.26 16:04:18.420,1.1519,1.1521,1.00,1.00
2009.06.26 16:04:18.879,1.1519,1.1521,1.00,1.40
2009.06.26 16:04:19.509,1.1519,1.1521,1.00,1.00
2009.06.26 16:04:19.739,1.1519,1.1521,1.00,1.20
2009.06.26 16:04:19.969,1.1519,1.1522,1.00,3.20
2009.06.26 16:04:20.369,1.1519,1.1521,1.00,1.00
2009.06.26 16:04:20.728,1.1519,1.1521,1.00,1.40
2009.06.26 16:04:21.349,1.1519,1.1521,1.00,1.00
2009.06.26 16:04:23.908,1.1519,1.1521,1.00,1.00
2009.06.26 16:04:24.298,1.1519,1.1521,1.00,1.20
2009.06.26 16:04:25.258,1.1519,1.1522,1.00,3.20
2009.06.26 16:04:28.457,1.1519,1.1522,1.20,3.20
2009.06.26 16:04:28.927,1.152,1.1522,1.00,4.80
2009.06.26 16:04:29.257,1.152,1.1521,1.00,4.60
2009.06.26 16:04:29.597,1.15195,1.15225,1.00,3.20
2009.06.26 16:04:29.936,1.152,1.1522,1.20,2.60
2009.06.26 16:04:30.626,1.152,1.15225,1.20,2.60
2009.06.26 16:04:31.376,1.152,1.1523,1.00,5.80
2009.06.26 16:04:36.275,1.152,1.1523,1.20,2.60
2009.06.26 16:04:40.284,1.152,1.1523,1.20,5.80
2009.06.26 16:04:40.564,1.152,1.1523,1.20,2.60
2009.06.26 16:04:41.594,1.152,1.1523,1.20,5.80
2009.06.26 16:04:42.123,1.152,1.1523,1.20,2.60
2009.06.26 16:04:43.164,1.152,1.1523,1.20,5.80
2009.06.26 16:04:53.331,1.152,1.1523,1.00,5.80
2009.06.26 16:04:55.160,1.152,1.15235,2.00,6.60
2009.06.26 16:04:55.830,1.152,1.1523,1.20,3.20
2009.06.26 16:05:01.069,1.152,1.1522,1.00,3.20
2009.06.26 16:05:04.098,1.152,1.1521,1.00,1.40
2009.06.26 16:05:04.438,1.15195,1.1521,7.80,3.20
2009.06.26 16:05:04.908,1.15195,1.1521,4.60,3.20
2009.06.26 16:05:05.078,1.15195,1.1521,5.80,6.20
2009.06.26 16:05:05.198,1.15195,1.1521,5.80,4.60
2009.06.26 16:05:05.368,1.15195,1.15215,4.60,4.60
2009.06.26 16:05:05.708,1.15195,1.1521,5.80,4.60
2009.06.26 16:05:06.238,1.15195,1.1521,5.00,4.60
2009.06.26 16:05:06.468,1.15195,1.1521,1.00,3.20
2009.06.26 16:05:06.698,1.15185,1.1521,8.20,3.20
2009.06.26 16:05:23.823,1.1519,1.1521,1.00,3.20
2009.06.26 16:05:30.062,1.15185,1.1521,8.20,3.20
2009.06.26 16:06:01.654,1.1519,1.1521,1.00,3.20
2009.06.26 16:06:01.815,1.1519,1.1522,1.40,3.20
2009.06.26 16:06:02.164,1.152,1.1522,1.00,3.20
2009.06.26 16:06:02.494,1.152,1.1522,1.00,3.20
2009.06.26 16:06:16.321,1.152,1.1522,1.00,3.20
2009.06.26 16:06:16.821,1.152,1.1522,1.00,3.20
2009.06.26 16:06:17.111,1.152,1.1522,1.00,5.80
2009.06.26 16:06:17.791,1.152,1.1522,1.00,5.80
2009.06.26 16:06:18.152,1.152,1.1522,1.00,5.80
2009.06.26 16:06:19.870,1.152,1.1522,1.00,5.80
2009.06.26 16:06:20.040,1.152,1.1522,1.00,5.80
2009.06.26 16:06:21.299,1.152,1.15205,1.00,3.20
2009.06.26 16:06:21.649,1.15175,1.1521,1.40,5.80
2009.06.26 16:06:21.999,1.15175,1.1522,1.40,2.60
2009.06.26 16:06:22.329,1.1518,1.1522,1.00,6.60
2009.06.26 16:06:22.669,1.15185,1.1522,1.00,5.80
2009.06.26 16:06:23.019,1.15185,1.1521,1.00,3.20
2009.06.26 16:06:29.398,1.1518,1.152,1.00,3.20
2009.06.26 16:06:29.968,1.1519,1.152,1.00,3.20
2009.06.26 16:06:54.262,1.152,1.15205,1.00,6.40
2009.06.26 16:06:54.542,1.152,1.15225,1.00,3.20
2009.06.26 16:06:55.122,1.1521,1.15225,1.00,3.20
2009.06.26 16:06:55.411,1.1521,1.15225,1.00,3.20
2009.06.26 16:06:57.011,1.1521,1.1522,1.00,3.20
2009.06.26 16:06:57.641,1.1521,1.1522,1.00,3.20
2009.06.26 16:06:58.091,1.152,1.1522,1.00,3.20
2009.06.26 16:07:26.304,1.152,1.1522,1.40,3.20
2009.06.26 16:07:26.474,1.152,1.15205,1.40,3.20
2009.06.26 16:07:26.934,1.1518,1.15215,2.60,3.20
2009.06.26 16:07:27.044,1.1518,1.15215,1.00,3.20
2009.06.26 16:07:27.554,1.1518,1.1521,1.00,1.20
2009.06.26 16:07:27.614,1.1518,1.1522,1.00,5.80
2009.06.26 16:07:33.682,1.15185,1.1522,1.60,5.80
2009.06.26 16:07:33.842,1.15195,1.1522,1.00,5.80
2009.06.26 16:07:34.012,1.15195,1.1522,1.00,3.20
2009.06.26 16:07:34.312,1.15195,1.1522,1.00,3.20
2009.06.26 16:07:35.692,1.152,1.1522,1.00,8.00
2009.06.26 16:07:35.872,1.152,1.15215,1.00,2.60
2009.06.26 16:07:35.992,1.152,1.15205,1.00,3.20
2009.06.26 16:07:36.331,1.1518,1.15205,4.60,3.20
2009.06.26 16:07:36.792,1.1518,1.15205,4.20,3.20
2009.06.26 16:07:37.142,1.15185,1.15225,1.40,3.20
2009.06.26 16:07:37.411,1.152,1.15225,1.00,3.20
2009.06.26 16:07:37.711,1.152,1.15225,1.00,3.20
2009.06.26 16:07:37.991,1.152,1.15225,1.00,5.80
2009.06.26 16:07:41.470,1.1519,1.1522,1.00,5.80
2009.06.26 16:07:41.650,1.1519,1.1522,1.00,5.80
2009.06.26 16:07:42.070,1.15185,1.1522,1.00,5.80
2009.06.26 16:07:47.109,1.15185,1.1522,1.40,5.80
2009.06.26 16:07:47.229,1.15195,1.1522,1.00,3.20
2009.06.26 16:07:47.699,1.15195,1.1522,1.00,3.20
2009.06.26 16:07:51.538,1.152,1.1522,1.00,3.20
2009.06.26 16:07:57.347,1.152,1.1522,1.00,3.20
2009.06.26 16:07:57.466,1.152,1.1522,1.00,5.80
2009.06.26 16:07:57.526,1.152,1.1522,1.00,5.80
2009.06.26 16:07:57.807,1.1519,1.1522,1.00,5.80
2009.06.26 16:07:57.917,1.1519,1.15215,1.00,4.00
2009.06.26 16:07:58.147,1.1519,1.1521,1.00,3.20
2009.06.26 16:07:58.606,1.1519,1.1521,1.00,5.80
2009.06.26 16:07:58.956,1.1517,1.1521,1.00,5.80
2009.06.26 16:08:03.995,1.15175,1.1521,6.20,3.20
2009.06.26 16:08:04.265,1.15175,1.152,6.20,1.00
2009.06.26 16:08:04.495,1.15175,1.1521,6.20,3.20
2009.06.26 16:08:04.785,1.15175,1.152,5.20,3.20
2009.06.26 16:08:05.135,1.15175,1.152,8.40,3.20
2009.06.26 16:08:05.535,1.1517,1.152,5.20,3.20
2009.06.26 16:08:05.705,1.1517,1.152,3.80,3.20
2009.06.26 16:08:06.044,1.1517,1.152,4.60,3.20
2009.06.26 16:08:06.384,1.15175,1.1521,1.00,5.80
2009.06.26 16:08:08.734,1.15175,1.152,1.00,2.60
2009.06.26 16:08:09.084,1.1517,1.152,3.80,2.60
2009.06.26 16:08:09.374,1.1517,1.15195,3.80,2.60
2009.06.26 16:08:10.013,1.1517,1.15185,4.20,2.60
2009.06.26 16:08:10.133,1.1517,1.15185,1.20,2.60
2009.06.26 16:08:10.363,1.1517,1.1519,1.20,3.40
2009.06.26 16:08:10.703,1.1517,1.1519,1.20,2.60
2009.06.26 16:08:11.293,1.1517,1.1519,1.20,2.60
2009.06.26 16:08:11.633,1.1517,1.1519,1.00,2.60
2009.06.26 16:08:12.043,1.1517,1.1518,1.00,2.60
2009.06.26 16:08:12.153,1.15165,1.1518,8.40,2.60
2009.06.26 16:08:15.282,1.15175,1.15185,2.60,1.00
2009.06.26 16:08:15.342,1.15175,1.15185,2.60,2.60
2009.06.26 16:08:15.572,1.1517,1.1519,1.40,2.60
2009.06.26 16:08:17.082,1.1517,1.1519,1.40,1.00
2009.06.26 16:08:17.651,1.1517,1.152,1.40,3.20
2009.06.26 16:08:20.771,1.15165,1.152,6.20,3.20
2009.06.26 16:08:22.041,1.15165,1.1519,6.20,3.20
2009.06.26 16:08:22.162,1.1517,1.1519,1.00,3.20
2009.06.26 16:08:22.280,1.15165,1.1519,11.60,3.20
2009.06.26 16:08:22.561,1.15165,1.1518,11.60,1.00
2009.06.26 16:08:23.300,1.15165,1.1518,11.60,1.00
2009.06.26 16:08:24.230,1.15165,1.1519,11.60,3.20
2009.06.26 16:08:27.409,1.15165,1.1518,10.00,3.20
2009.06.26 16:08:27.699,1.15155,1.1518,4.20,4.00
2009.06.26 16:08:27.939,1.15155,1.1518,1.00,3.20
2009.06.26 16:08:30.239,1.15155,1.1518,5.40,3.20
2009.06.26 16:08:30.418,1.15165,1.1518,3.60,3.20
2009.06.26 16:08:30.868,1.1516,1.1518,1.00,3.20
2009.06.26 16:08:31.048,1.1515,1.1518,3.80,3.20
2009.06.26 16:08:31.968,1.1515,1.1517,3.80,3.20
2009.06.26 16:08:32.248,1.1515,1.1517,1.00,3.20
2009.06.26 16:08:34.378,1.1515,1.1517,1.00,1.00
2009.06.26 16:08:36.527,1.1516,1.1519,1.80,4.00
2009.06.26 16:08:36.647,1.1516,1.15185,4.60,1.00
2009.06.26 16:08:36.907,1.1515,1.15185,6.60,3.20
2009.06.26 16:08:37.027,1.1515,1.15185,4.60,3.20
2009.06.26 16:08:37.147,1.1515,1.15185,4.60,1.00
2009.06.26 16:08:37.267,1.1515,1.15185,5.00,1.00
2009.06.26 16:08:37.617,1.1516,1.1518,1.00,1.00
2009.06.26 16:08:37.847,1.1516,1.1518,1.00,1.00
2009.06.26 16:08:38.257,1.1515,1.1517,1.00,3.20
2009.06.26 16:08:39.096,1.1516,1.1518,1.00,3.40
2009.06.26 16:08:39.317,1.1516,1.1517,1.00,1.60
2009.06.26 16:08:39.496,1.1516,1.1517,1.00,3.20
2009.06.26 16:08:39.716,1.1516,1.1517,1.00,1.60
2009.06.26 16:08:39.886,1.1516,1.15185,1.00,3.20
2009.06.26 16:08:40.226,1.1516,1.15185,1.00,3.20
2009.06.26 16:08:41.966,1.15165,1.1518,1.00,3.20
2009.06.26 16:08:42.296,1.15155,1.1518,4.40,3.20
2009.06.26 16:08:42.596,1.1516,1.1518,1.00,3.20
2009.06.26 16:08:43.235,1.1517,1.1518,1.00,3.20
2009.06.26 16:08:43.525,1.1517,1.1518,1.00,1.20
2009.06.26 16:08:43.815,1.1517,1.1518,1.00,1.00
2009.06.26 16:08:44.095,1.1516,1.1518,1.00,1.00
2009.06.26 16:08:44.575,1.1516,1.1518,1.00,1.00
2009.06.26 16:08:47.984,1.1515,1.1518,4.20,1.00
2009.06.26 16:08:48.274,1.1515,1.1518,4.20,1.00
2009.06.26 16:08:48.554,1.1515,1.1518,4.20,1.00
2009.06.26 16:08:49.054,1.15165,1.1518,1.00,1.00
2009.06.26 16:08:49.384,1.15165,1.1519,1.00,3.20
2009.06.26 16:08:55.972,1.1517,1.1519,1.00,9.60
2009.06.26 16:08:57.172,1.1517,1.1519,1.00,9.60
2009.06.26 16:08:57.402,1.1517,1.1518,1.00,1.00
2009.06.26 16:08:57.582,1.1517,1.1518,1.00,3.20
2009.06.26 16:08:58.362,1.1515,1.1518,5.00,3.20
2009.06.26 16:09:02.671,1.1516,1.15185,1.20,4.80
2009.06.26 16:09:02.891,1.15165,1.15185,1.00,4.00
2009.06.26 16:09:03.071,1.1517,1.15185,1.00,3.20
2009.06.26 16:09:03.640,1.1517,1.15185,1.00,3.20
2009.06.26 16:09:04.970,1.15165,1.15185,1.00,3.20
2009.06.26 16:09:08.939,1.15155,1.1518,8.20,3.20
2009.06.26 16:09:09.399,1.15155,1.1518,5.00,3.20
2009.06.26 16:09:10.389,1.15165,1.15185,1.00,3.20
2009.06.26 16:09:16.518,1.1517,1.1519,1.00,3.20
2009.06.26 16:09:20.327,1.15175,1.1519,1.00,3.20
2009.06.26 16:09:20.616,1.1517,1.1519,1.00,3.20
2009.06.26 16:09:23.856,1.15165,1.1519,3.20,12.20
2009.06.26 16:09:24.086,1.1516,1.1519,1.00,12.20
2009.06.26 16:09:24.385,1.1516,1.1519,1.00,12.20
2009.06.26 16:09:24.666,1.1515,1.1519,4.20,12.20
2009.06.26 16:09:25.185,1.1515,1.1518,6.20,3.20
2009.06.26 16:09:25.525,1.1515,1.1518,4.60,3.20
2009.06.26 16:09:25.925,1.1515,1.1518,3.80,3.20
2009.06.26 16:09:26.965,1.1515,1.1518,4.20,3.20
2009.06.26 16:09:27.195,1.15155,1.1518,1.80,3.20
2009.06.26 16:09:27.315,1.1515,1.1518,4.20,3.20
2009.06.26 16:09:27.555,1.1515,1.1518,3.80,3.20
2009.06.26 16:09:31.974,1.15155,1.1518,1.20,3.20
2009.06.26 16:09:32.254,1.1516,1.1518,1.00,3.20
2009.06.26 16:09:32.544,1.1517,1.1518,1.00,3.20
2009.06.26 16:09:32.713,1.1517,1.15185,1.00,3.20
2009.06.26 16:09:40.392,1.1515,1.1519,4.40,9.60
2009.06.26 16:09:40.622,1.15155,1.1519,1.00,12.20
2009.06.26 16:09:43.331,1.1516,1.1519,1.00,5.80
2009.06.26 16:09:43.601,1.15155,1.1519,5.20,3.20
2009.06.26 16:09:46.971,1.1515,1.1519,4.20,12.20
2009.06.26 16:10:00.927,1.1515,1.15175,4.20,1.60
2009.06.26 16:10:01.207,1.1515,1.15175,3.80,4.60
2009.06.26 16:10:01.667,1.15145,1.15175,5.80,3.20
2009.06.26 16:10:04.676,1.15145,1.1517,9.00,3.20
2009.06.26 16:10:05.246,1.1515,1.1518,1.00,4.60
2009.06.26 16:10:05.526,1.1516,1.1518,1.00,3.20
2009.06.26 16:10:06.086,1.1516,1.15185,1.00,2.60
2009.06.26 16:10:06.326,1.1516,1.1519,1.00,12.20
2009.06.26 16:10:06.565,1.1516,1.1519,1.00,5.80
2009.06.26 16:10:07.315,1.15155,1.1519,6.20,3.20
2009.06.26 16:10:09.555,1.15155,1.1518,5.40,1.00
2009.06.26 16:10:10.615,1.15155,1.1519,6.20,3.20
2009.06.26 16:10:11.674,1.15155,1.1518,5.40,1.00
2009.06.26 16:10:12.694,1.15155,1.1518,5.80,3.20
2009.06.26 16:10:12.924,1.1515,1.1518,4.20,3.20
2009.06.26 16:10:13.444,1.1515,1.1518,3.80,3.20
2009.06.26 16:10:15.374,1.15145,1.1517,5.40,3.20
2009.06.26 16:10:15.653,1.15145,1.1517,5.80,3.20
2009.06.26 16:10:16.103,1.15145,1.1517,9.00,3.20
2009.06.26 16:10:17.483,1.15155,1.1518,1.00,3.20
2009.06.26 16:10:17.893,1.15155,1.1517,1.00,1.00
2009.06.26 16:10:18.283,1.15155,1.1517,1.00,1.00
2009.06.26 16:10:18.333,1.15155,1.1518,1.00,3.20
2009.06.26 16:10:22.502,1.1516,1.15165,1.00,3.20
2009.06.26 16:10:22.731,1.15125,1.15165,5.80,4.60
2009.06.26 16:10:23.012,1.15125,1.15165,5.40,3.20
2009.06.26 16:10:23.311,1.15125,1.1518,5.40,9.00
2009.06.26 16:10:23.541,1.1513,1.15185,4.20,12.20
2009.06.26 16:10:24.281,1.1514,1.15175,4.20,1.00
2009.06.26 16:10:24.511,1.15135,1.1517,5.20,3.20
2009.06.26 16:10:24.801,1.15145,1.15175,1.20,9.00
2009.06.26 16:10:25.161,1.1514,1.15175,1.40,5.80
2009.06.26 16:10:25.501,1.1514,1.1518,4.20,14.80
2009.06.26 16:10:26.251,1.1514,1.1518,4.20,12.20
2009.06.26 16:10:26.721,1.1514,1.15175,1.00,5.80
2009.06.26 16:10:26.961,1.15135,1.15175,4.20,5.80
2009.06.26 16:10:27.190,1.15135,1.15175,4.20,13.40
2009.06.26 16:10:27.711,1.15135,1.15175,4.20,18.20
2009.06.26 16:10:27.830,1.15135,1.1517,1.00,5.80
2009.06.26 16:10:38.527,1.15155,1.1517,1.00,1.00
2009.06.26 16:10:38.868,1.15145,1.1517,1.00,3.20
2009.06.26 16:10:39.227,1.1514,1.15175,1.00,4.20
2009.06.26 16:10:39.567,1.1515,1.15175,1.00,13.40
2009.06.26 16:10:40.457,1.1515,1.15175,1.00,13.40
2009.06.26 16:10:40.807,1.1515,1.15175,1.00,13.40
2009.06.26 16:10:41.327,1.1515,1.15175,1.00,13.40
2009.06.26 16:10:41.667,1.1515,1.15175,1.00,9.20
2009.06.26 16:10:41.957,1.1516,1.1518,1.00,12.20
2009.06.26 16:10:42.257,1.1516,1.1518,1.00,9.60
2009.06.26 16:10:42.437,1.1516,1.1518,1.00,3.20
2009.06.26 16:10:51.085,1.1516,1.1518,1.00,3.20
2009.06.26 16:10:51.315,1.1516,1.1518,1.00,3.20
2009.06.26 16:10:51.484,1.1516,1.1518,1.00,14.80
2009.06.26 16:10:51.705,1.1516,1.1518,1.00,14.80
2009.06.26 16:10:52.744,1.1516,1.1518,1.00,12.20
2009.06.26 16:11:17.079,1.15135,1.1517,4.20,1.00
2009.06.26 16:11:19.328,1.1514,1.1518,4.20,12.20
2009.06.26 16:11:22.397,1.1514,1.1517,4.20,1.00
2009.06.26 16:11:26.566,1.15155,1.1518,1.00,12.20
2009.06.26 16:11:28.786,1.1516,1.1518,1.00,12.20
2009.06.26 16:11:29.575,1.1516,1.1518,1.00,9.60
2009.06.26 16:11:29.736,1.1516,1.1518,1.00,12.20
2009.06.26 16:11:30.005,1.1516,1.1518,1.00,12.20
2009.06.26 16:11:32.735,1.1515,1.1518,1.00,12.20
2009.06.26 16:11:33.474,1.1514,1.1518,4.20,12.20
2009.06.26 16:11:37.653,1.1514,1.1517,4.20,1.00
2009.06.26 16:11:39.503,1.1514,1.1516,4.20,1.00
2009.06.26 16:11:40.453,1.1514,1.1515,4.20,1.00
2009.06.26 16:11:41.522,1.1515,1.15175,1.00,3.20
2009.06.26 16:11:42.572,1.1514,1.1516,4.00,3.20
2009.06.26 16:11:42.792,1.1514,1.1516,1.00,3.20
2009.06.26 16:11:43.022,1.1514,1.1516,1.00,3.20
2009.06.26 16:11:43.312,1.1513,1.1516,3.80,3.20
2009.06.26 16:11:45.142,1.15135,1.1516,1.80,3.20
2009.06.26 16:11:45.492,1.15135,1.1516,5.00,3.20
2009.06.26 16:11:57.509,1.1513,1.1516,3.80,3.20
2009.06.26 16:11:59.328,1.1514,1.15155,1.00,1.60
2009.06.26 16:11:59.618,1.15135,1.15175,6.20,3.20
2009.06.26 16:12:00.009,1.15145,1.15175,1.00,3.20
2009.06.26 16:12:00.188,1.15145,1.15175,1.00,3.20
2009.06.26 16:12:00.758,1.15145,1.15175,1.00,3.80
2009.06.26 16:12:00.868,1.15145,1.15175,1.00,2.60
2009.06.26 16:12:00.988,1.1515,1.1518,1.00,13.00
2009.06.26 16:12:01.048,1.1515,1.1518,1.00,12.20
2009.06.26 16:12:08.866,1.1514,1.1517,4.20,1.20
2009.06.26 16:12:09.106,1.1514,1.1517,3.80,3.20
2009.06.26 16:12:10.056,1.1514,1.1517,4.20,1.40
2009.06.26 16:12:10.336,1.1514,1.1517,4.20,1.20
2009.06.26 16:12:10.626,1.1514,1.1517,4.20,3.20
2009.06.26 16:12:10.795,1.1514,1.1517,3.80,3.20
2009.06.26 16:12:11.635,1.1515,1.1517,1.00,3.20
2009.06.26 16:12:12.985,1.1515,1.1517,1.00,1.00
2009.06.26 16:12:13.965,1.1515,1.1518,1.00,12.20
2009.06.26 16:12:15.894,1.1515,1.1518,1.00,12.20
2009.06.26 16:12:16.124,1.1515,1.1518,1.00,12.20
2009.06.26 16:12:17.234,1.1516,1.1518,1.00,12.20
2009.06.26 16:12:17.504,1.1516,1.1518,1.00,5.80
2009.06.26 16:12:17.664,1.1516,1.1518,1.00,12.20
2009.06.26 16:12:17.964,1.1515,1.1518,1.00,12.20
2009.06.26 16:12:18.874,1.1515,1.1517,1.00,1.00
2009.06.26 16:12:19.153,1.1513,1.1517,5.60,3.20
2009.06.26 16:12:19.393,1.1513,1.1517,5.40,3.20
2009.06.26 16:12:24.832,1.1514,1.1517,3.20,5.80
2009.06.26 16:12:25.212,1.15145,1.1517,1.80,3.20
2009.06.26 16:12:25.722,1.15145,1.1517,5.00,3.20
2009.06.26 16:12:25.884,1.1514,1.1517,4.40,3.20
2009.06.26 16:12:26.172,1.15145,1.1517,1.00,5.80
2009.06.26 16:12:26.512,1.15135,1.1517,1.00,5.80
2009.06.26 16:12:27.511,1.15135,1.1516,1.00,1.20
2009.06.26 16:12:27.811,1.15135,1.1516,1.00,1.40
2009.06.26 16:12:28.323,1.1513,1.1516,3.80,3.20
2009.06.26 16:12:34.110,1.1513,1.1516,4.60,3.20
2009.06.26 16:12:34.680,1.1514,1.1516,1.00,3.20
2009.06.26 16:12:38.179,1.1515,1.1516,1.00,3.20
2009.06.26 16:12:38.480,1.1513,1.1516,2.60,3.20
2009.06.26 16:12:38.719,1.1513,1.1516,1.80,3.20
2009.06.26 16:12:39.009,1.15125,1.1516,6.20,3.20
2009.06.26 16:12:40.019,1.15145,1.1518,1.00,12.20
2009.06.26 16:12:40.368,1.15145,1.1518,1.00,12.20
2009.06.26 16:12:40.829,1.15145,1.1518,1.00,9.00
2009.06.26 16:12:41.339,1.1515,1.15175,1.00,12.20
2009.06.26 16:12:42.838,1.1514,1.15175,3.00,12.20
2009.06.26 16:12:43.188,1.1514,1.1517,1.00,5.80
2009.06.26 16:12:43.528,1.15135,1.1517,2.20,5.80
2009.06.26 16:12:45.797,1.15135,1.1517,1.00,5.80
2009.06.26 16:12:49.686,1.15145,1.1517,3.60,3.20
2009.06.26 16:12:49.796,1.15145,1.1517,4.40,3.20
2009.06.26 16:12:50.256,1.1515,1.15175,3.60,9.60
2009.06.26 16:12:56.704,1.15155,1.1517,1.00,3.20
2009.06.26 16:12:57.044,1.1515,1.1517,5.20,3.20
2009.06.26 16:12:57.334,1.1516,1.1518,4.00,9.60
2009.06.26 16:12:57.394,1.1516,1.1518,1.00,9.60
2009.06.26 16:12:57.564,1.15155,1.1518,1.00,9.60
2009.06.26 16:12:57.854,1.1514,1.1518,5.60,9.60
2009.06.26 16:13:00.084,1.15155,1.1518,1.00,3.20
2009.06.26 16:13:03.143,1.1516,1.1518,1.00,3.20
2009.06.26 16:13:07.882,1.15165,1.1518,1.00,3.20
2009.06.26 16:13:08.052,1.15165,1.1518,4.00,3.20
2009.06.26 16:13:10.761,1.15165,1.1517,3.20,1.20
2009.06.26 16:13:10.931,1.15155,1.1517,8.20,1.20
2009.06.26 16:13:11.381,1.1515,1.15175,5.60,4.20
2009.06.26 16:13:11.542,1.15155,1.15175,7.20,4.20
2009.06.26 16:13:11.891,1.15155,1.15175,4.00,3.80
2009.06.26 16:13:12.231,1.15155,1.15175,4.00,4.00
2009.06.26 16:13:13.040,1.15155,1.15175,4.00,3.80
2009.06.26 16:13:13.710,1.15155,1.15175,4.00,3.20
2009.06.26 16:13:13.930,1.15155,1.15175,4.00,4.00
2009.06.26 16:13:16.689,1.15155,1.1517,5.00,1.20
2009.06.26 16:13:18.329,1.15155,1.1517,5.00,1.00
2009.06.26 16:13:18.959,1.1515,1.15175,4.40,10.20
2009.06.26 16:13:19.141,1.15155,1.15175,4.00,12.80
2009.06.26 16:13:19.529,1.1512,1.1516,4.80,3.20
2009.06.26 16:13:19.689,1.15115,1.1516,9.00,3.20
2009.06.26 16:13:30.566,1.15125,1.1515,8.20,3.20
2009.06.26 16:13:35.835,1.15125,1.1515,8.20,5.80
2009.06.26 16:13:35.945,1.15125,1.1514,1.00,3.20
2009.06.26 16:13:36.245,1.1513,1.15135,1.00,7.80
2009.06.26 16:13:36.535,1.1513,1.1517,1.40,5.80
2009.06.26 16:13:40.674,1.1515,1.1516,1.00,3.20
2009.06.26 16:13:41.014,1.1515,1.1517,1.00,3.20
2009.06.26 16:13:41.613,1.1515,1.1517,1.00,3.20
2009.06.26 16:13:43.103,1.1515,1.1517,1.00,7.00
2009.06.26 16:13:43.213,1.1515,1.1518,1.00,15.40
2009.06.26 16:13:43.393,1.1515,1.1518,1.00,12.20
2009.06.26 16:13:44.623,1.1515,1.1517,1.00,1.00
2009.06.26 16:13:44.953,1.1515,1.1518,1.00,12.20
2009.06.26 16:13:46.563,1.1515,1.15165,1.00,3.20
2009.06.26 16:13:46.792,1.1513,1.1516,5.80,2.40
2009.06.26 16:13:47.093,1.1513,1.15175,5.40,3.20
2009.06.26 16:13:56.900,1.15145,1.1517,1.00,3.20
2009.06.26 16:13:59.809,1.15145,1.1517,5.60,1.00
2009.06.26 16:14:02.389,1.15145,1.1518,5.60,9.60
2009.06.26 16:14:02.729,1.15145,1.1517,5.60,1.00
2009.06.26 16:14:03.318,1.15145,1.1517,5.60,1.20
2009.06.26 16:14:03.819,1.15145,1.1517,5.60,1.00
2009.06.26 16:14:04.668,1.15145,1.1518,5.60,9.60
2009.06.26 16:14:07.047,1.15145,1.1518,6.20,3.20
2009.06.26 16:14:08.447,1.1515,1.1518,1.40,3.20
2009.06.26 16:14:08.557,1.15155,1.1518,4.40,3.20
2009.06.26 16:14:08.727,1.15155,1.1518,5.60,3.20
2009.06.26 16:14:08.787,1.15165,1.1518,1.00,3.20
2009.06.26 16:14:08.897,1.15155,1.1518,4.00,3.20
2009.06.26 16:14:08.947,1.1516,1.1518,1.00,3.20
2009.06.26 16:14:09.337,1.1514,1.1518,5.60,3.20
2009.06.26 16:14:10.417,1.15145,1.1518,5.40,3.20
2009.06.26 16:14:27.173,1.1515,1.1518,3.80,3.20
2009.06.26 16:14:44.748,1.1515,1.1517,4.60,1.00
2009.06.26 16:14:45.039,1.1515,1.1518,4.60,3.20
2009.06.26 16:15:12.962,1.15155,1.1518,1.00,3.20
2009.06.26 16:15:13.311,1.1516,1.15185,1.40,4.60
2009.06.26 16:15:13.591,1.1517,1.1519,1.00,3.20
2009.06.26 16:15:13.831,1.1518,1.152,1.00,5.80
2009.06.26 16:15:14.301,1.1518,1.1521,1.00,5.80
2009.06.26 16:15:14.531,1.1518,1.1521,1.40,5.80
2009.06.26 16:15:14.761,1.1518,1.1521,1.40,3.20
2009.06.26 16:15:15.371,1.1519,1.1521,1.00,3.20
2009.06.26 16:15:18.200,1.1519,1.1522,1.00,5.80
2009.06.26 16:15:19.060,1.1519,1.1522,1.40,5.80
2009.06.26 16:15:19.170,1.152,1.1522,1.00,5.80
2009.06.26 16:15:20.510,1.1519,1.1522,1.40,5.80
2009.06.26 16:15:22.510,1.152,1.1522,1.00,5.80
2009.06.26 16:15:23.139,1.152,1.1522,1.00,3.20
2009.06.26 16:16:05.599,1.152,1.1522,1.00,3.20
2009.06.26 16:16:05.779,1.152,1.1521,1.00,1.00
2009.06.26 16:16:06.059,1.152,1.1522,1.00,3.20
2009.06.26 16:16:06.579,1.152,1.1521,1.00,3.20
2009.06.26 16:16:06.869,1.1519,1.1521,1.00,3.20
2009.06.26 16:16:37.211,1.1519,1.1522,1.00,7.40
2009.06.26 16:16:37.491,1.15195,1.1522,1.20,7.40
2009.06.26 16:16:37.721,1.15205,1.1522,4.00,3.20
2009.06.26 16:16:38.131,1.1521,1.15225,1.00,3.20
2009.06.26 16:16:40.791,1.1521,1.1522,1.00,3.20
2009.06.26 16:16:40.951,1.15205,1.1522,3.20,3.20
2009.06.26 16:16:41.280,1.15195,1.1522,9.00,3.20
2009.06.26 16:16:41.800,1.15195,1.15215,6.40,6.40
2009.06.26 16:16:42.130,1.15185,1.15215,1.00,6.40
2009.06.26 16:16:44.660,1.15185,1.1521,1.00,1.00
2009.06.26 16:16:44.710,1.15185,1.1522,1.00,5.80
2009.06.26 16:16:45.339,1.15195,1.1522,1.00,5.80
2009.06.26 16:16:50.718,1.1519,1.15225,1.40,5.80
2009.06.26 16:16:51.068,1.1519,1.1522,1.40,3.20
2009.06.26 16:16:51.608,1.15195,1.1522,1.00,3.20
2009.06.26 16:16:53.787,1.152,1.1522,1.00,3.20
2009.06.26 16:16:54.767,1.15195,1.1522,1.00,3.20
2009.06.26 16:17:02.115,1.152,1.15225,1.20,4.20
2009.06.26 16:17:13.343,1.152,1.15225,1.80,4.20
2009.06.26 16:17:23.050,1.152,1.15225,1.40,2.60
2009.06.26 16:17:23.272,1.15205,1.1523,1.20,12.20
2009.06.26 16:17:24.260,1.1521,1.1523,1.00,12.20
2009.06.26 16:17:24.610,1.15215,1.15225,1.20,7.80
2009.06.26 16:17:24.900,1.15215,1.15245,1.20,2.60
2009.06.26 16:17:25.250,1.1522,1.1525,1.20,5.60
2009.06.26 16:17:26.049,1.1523,1.1525,1.20,10.60
2009.06.26 16:17:26.280,1.1523,1.15255,1.20,17.80
2009.06.26 16:17:26.500,1.1523,1.15255,1.20,12.20
2009.06.26 16:17:26.729,1.15225,1.15255,1.20,14.60
2009.06.26 16:17:27.029,1.1523,1.1525,1.20,2.60
2009.06.26 16:17:27.259,1.1523,1.1524,1.20,2.60
2009.06.26 16:17:27.529,1.1522,1.1524,1.00,2.60
2009.06.26 16:17:27.639,1.1522,1.15245,1.00,9.80
2009.06.26 16:17:27.759,1.1522,1.15245,1.00,9.00
2009.06.26 16:17:28.259,1.1522,1.15245,1.00,2.60
2009.06.26 16:17:29.529,1.15225,1.1525,1.20,9.00
2009.06.26 16:17:36.737,1.15225,1.1525,1.20,2.60
2009.06.26 16:17:42.996,1.15225,1.15245,1.20,6.40
2009.06.26 16:17:43.355,1.15225,1.1525,1.20,9.00
2009.06.26 16:17:45.655,1.15225,1.1525,1.20,2.60
2009.06.26 16:17:45.985,1.1523,1.15255,1.20,14.20
2009.06.26 16:17:46.405,1.1523,1.15255,1.20,11.80
2009.06.26 16:17:46.695,1.1523,1.15255,1.80,11.80
2009.06.26 16:17:47.215,1.1523,1.15255,1.60,12.00
2009.06.26 16:17:47.595,1.1523,1.15255,1.60,11.60
2009.06.26 16:17:47.774,1.1523,1.15255,1.60,11.80
2009.06.26 16:17:47.884,1.1523,1.15255,1.20,11.80
2009.06.26 16:17:50.364,1.152,1.1524,4.20,2.60
2009.06.26 16:17:50.704,1.15205,1.1524,3.20,9.00
2009.06.26 16:17:52.713,1.15205,1.1524,1.60,9.00
2009.06.26 16:18:13.848,1.15205,1.15225,1.20,2.60
2009.06.26 16:18:14.018,1.15205,1.1523,1.20,8.20
2009.06.26 16:18:14.198,1.15205,1.1523,1.20,9.00
2009.06.26 16:18:14.428,1.1521,1.1523,1.00,5.80
2009.06.26 16:18:14.708,1.1521,1.1523,1.80,2.60
2009.06.26 16:18:15.038,1.1522,1.1524,1.20,14.60
2009.06.26 16:18:15.318,1.1522,1.15245,1.20,12.00
2009.06.26 16:18:15.728,1.1522,1.15245,1.20,5.60
2009.06.26 16:18:15.908,1.1522,1.15245,1.80,4.20
2009.06.26 16:18:16.188,1.1523,1.1525,1.20,9.60
2009.06.26 16:18:16.468,1.1523,1.15255,1.20,14.60
2009.06.26 16:18:17.097,1.1523,1.15255,1.20,12.00
2009.06.26 16:18:17.907,1.15235,1.15255,1.20,7.80
2009.06.26 16:18:18.087,1.15235,1.15255,1.20,7.00
2009.06.26 16:18:18.368,1.15235,1.1526,1.20,15.40
2009.06.26 16:18:18.947,1.15235,1.15255,1.20,16.20
2009.06.26 16:18:19.127,1.1523,1.1524,1.00,3.20
2009.06.26 16:18:19.347,1.15225,1.1523,4.20,1.00
2009.06.26 16:18:19.517,1.15225,1.1526,1.20,14.80
2009.06.26 16:18:20.047,1.15225,1.1526,1.20,9.00
2009.06.26 16:18:27.995,1.15225,1.1525,1.20,2.60
2009.06.26 16:18:33.633,1.15225,1.1525,1.20,9.00
2009.06.26 16:18:36.223,1.15205,1.1524,1.60,2.60
2009.06.26 16:18:36.583,1.15205,1.15235,1.20,3.60
2009.06.26 16:18:37.672,1.152,1.15225,1.60,2.20
2009.06.26 16:18:38.022,1.152,1.15225,1.60,2.60
2009.06.26 16:18:38.262,1.15205,1.15225,1.20,2.60
2009.06.26 16:18:38.492,1.15205,1.1523,1.20,2.60
2009.06.26 16:18:40.092,1.15205,1.15235,1.20,5.00
2009.06.26 16:18:40.392,1.15205,1.15235,1.20,3.20
2009.06.26 16:18:47.070,1.15205,1.15235,1.20,2.60
2009.06.26 16:18:47.870,1.15205,1.15235,1.60,2.60
2009.06.26 16:18:48.050,1.1521,1.15235,1.00,2.60
2009.06.26 16:18:48.330,1.1521,1.15235,1.00,2.60
2009.06.26 16:18:48.670,1.1522,1.15235,1.00,2.60
2009.06.26 16:18:48.950,1.15225,1.15235,1.20,2.60
2009.06.26 16:18:49.190,1.15225,1.15255,1.20,9.00
2009.06.26 16:18:52.579,1.1524,1.1525,1.20,2.60
2009.06.26 16:18:52.919,1.15235,1.1527,1.20,8.80
2009.06.26 16:18:53.258,1.1523,1.1527,1.20,9.60
2009.06.26 16:18:58.647,1.1524,1.15255,1.20,1.40
2009.06.26 16:18:58.827,1.15235,1.15255,4.00,3.20
2009.06.26 16:19:01.197,1.15235,1.15255,3.20,3.20
2009.06.26 16:19:01.366,1.15225,1.1525,1.40,3.20
2009.06.26 16:19:01.537,1.15225,1.1525,1.00,3.20
2009.06.26 16:19:01.656,1.1522,1.15255,2.60,8.20
2009.06.26 16:19:01.836,1.1522,1.15255,2.20,6.40
2009.06.26 16:19:02.456,1.1522,1.15255,2.40,5.80
2009.06.26 16:19:02.696,1.15225,1.1525,1.00,3.20
2009.06.26 16:19:06.995,1.1523,1.15255,2.40,3.20
2009.06.26 16:19:07.565,1.1524,1.15265,1.20,14.20
2009.06.26 16:19:07.735,1.1524,1.15265,1.20,3.20
2009.06.26 16:19:12.694,1.1523,1.15265,6.20,9.60
2009.06.26 16:19:12.814,1.15235,1.15265,4.00,12.20
2009.06.26 16:19:12.994,1.1523,1.15265,4.20,12.20
2009.06.26 16:19:13.154,1.1523,1.15265,1.20,12.20
2009.06.26 16:19:13.794,1.1524,1.15265,1.00,12.20
2009.06.26 16:19:13.914,1.1524,1.15265,1.00,12.20
2009.06.26 16:19:14.493,1.1524,1.15265,1.00,12.20
2009.06.26 16:19:14.663,1.1524,1.15265,1.00,3.20
2009.06.26 16:19:14.993,1.1524,1.15265,1.80,3.20
2009.06.26 16:19:16.003,1.1525,1.1526,1.00,3.20
2009.06.26 16:19:16.463,1.1525,1.1527,1.00,4.60
2009.06.26 16:19:16.683,1.1525,1.15275,1.80,2.60
2009.06.26 16:19:16.853,1.1526,1.1528,1.00,3.20
2009.06.26 16:19:17.543,1.1524,1.1528,6.20,3.20
2009.06.26 16:19:17.723,1.15245,1.15275,1.00,9.00
2009.06.26 16:19:18.402,1.15245,1.15275,1.00,9.00
2009.06.26 16:19:18.972,1.1525,1.15275,1.00,9.00
2009.06.26 16:19:22.662,1.1524,1.15275,1.40,2.60
2009.06.26 16:19:24.061,1.15235,1.15275,5.40,9.00
2009.06.26 16:19:24.181,1.15235,1.15275,4.20,12.80
2009.06.26 16:19:24.361,1.15235,1.1527,4.20,3.20
2009.06.26 16:19:24.481,1.15235,1.1527,4.20,9.60
2009.06.26 16:19:25.021,1.15235,1.15265,1.00,3.20
2009.06.26 16:19:33.729,1.15235,1.15275,5.20,12.20
2009.06.26 16:19:33.839,1.15245,1.15275,1.00,5.80
2009.06.26 16:19:34.848,1.15255,1.1528,1.20,9.80
2009.06.26 16:19:35.079,1.1526,1.1528,1.00,2.60
2009.06.26 16:19:35.428,1.1526,1.15285,1.00,9.00
2009.06.26 16:19:35.868,1.1526,1.1528,1.00,2.60
2009.06.26 16:19:36.218,1.1526,1.1528,1.00,2.60
2009.06.26 16:19:40.217,1.1525,1.1528,1.00,2.60
2009.06.26 16:19:42.646,1.1525,1.1528,1.00,2.60
2009.06.26 16:19:43.627,1.15245,1.1528,1.60,2.60
2009.06.26 16:19:46.066,1.15245,1.1528,1.60,9.00
2009.06.26 16:19:46.306,1.15245,1.15275,1.20,2.60
2009.06.26 16:19:48.005,1.15245,1.15275,1.20,9.00
2009.06.26 16:19:49.925,1.15245,1.15275,1.20,2.60
2009.06.26 16:20:01.602,1.15245,1.15275,1.20,9.60
2009.06.26 16:20:01.782,1.1524,1.15275,1.20,10.20
2009.06.26 16:20:02.012,1.15235,1.1527,4.20,3.20
2009.06.26 16:20:02.422,1.15235,1.1527,3.60,3.20
2009.06.26 16:20:02.712,1.15235,1.1527,3.60,9.60
2009.06.26 16:20:02.992,1.15235,1.1527,4.60,6.40
2009.06.26 16:20:07.851,1.1525,1.15275,1.00,9.00
2009.06.26 16:20:08.510,1.1525,1.15275,1.00,9.00
2009.06.26 16:20:08.800,1.1525,1.15275,1.00,2.60
2009.06.26 16:20:09.310,1.15255,1.15275,1.20,2.60
2009.06.26 16:20:09.490,1.15255,1.1528,1.20,9.00
2009.06.26 16:20:22.537,1.1525,1.1528,1.00,9.80
2009.06.26 16:20:22.877,1.15245,1.15275,1.20,9.00
2009.06.26 16:20:26.246,1.15255,1.15275,1.20,2.60
2009.06.26 16:20:26.516,1.15255,1.15285,1.00,9.60
2009.06.26 16:20:26.747,1.15255,1.15285,1.40,9.60
2009.06.26 16:20:27.086,1.1526,1.1528,1.00,5.80
2009.06.26 16:20:27.556,1.1526,1.15285,1.00,5.80
2009.06.26 16:20:27.966,1.1526,1.1528,1.00,3.20
2009.06.26 16:20:28.356,1.1526,1.15285,1.00,2.60
2009.06.26 16:20:28.816,1.15275,1.15285,1.20,2.60
2009.06.26 16:20:28.986,1.1527,1.1529,4.00,6.40
2009.06.26 16:20:29.156,1.15265,1.1529,1.00,6.40
2009.06.26 16:20:29.435,1.15265,1.1529,1.40,6.40
2009.06.26 16:20:29.495,1.15265,1.1529,1.20,9.00
2009.06.26 16:20:29.785,1.1526,1.1529,1.20,9.00
2009.06.26 16:21:00.048,1.1527,1.1529,1.00,2.60
2009.06.26 16:21:00.218,1.1527,1.15295,1.00,11.40
2009.06.26 16:21:00.338,1.1527,1.15295,1.00,9.00
2009.06.26 16:21:00.728,1.15275,1.153,1.20,9.00
2009.06.26 16:21:01.368,1.1528,1.15305,1.80,10.60
2009.06.26 16:21:02.128,1.1529,1.15305,1.00,2.60
2009.06.26 16:21:02.357,1.1529,1.1531,1.00,21.00
2009.06.26 16:21:02.647,1.1529,1.1531,1.00,14.60
2009.06.26 16:21:03.398,1.15285,1.1531,1.20,14.60
2009.06.26 16:21:04.137,1.1529,1.1531,1.00,14.60
2009.06.26 16:21:05.897,1.1529,1.153,1.00,1.00
2009.06.26 16:21:06.526,1.15285,1.153,1.20,1.00
2009.06.26 16:21:08.066,1.1529,1.15305,1.20,9.80
2009.06.26 16:21:08.186,1.15295,1.15315,1.20,10.60
2009.06.26 16:21:08.296,1.1529,1.15315,1.00,6.40
2009.06.26 16:21:08.626,1.1529,1.15315,1.00,9.80
2009.06.26 16:21:09.036,1.1529,1.15315,1.00,9.80
2009.06.26 16:21:16.464,1.1528,1.15305,1.40,3.40
2009.06.26 16:21:16.804,1.1528,1.15305,1.20,8.20
2009.06.26 16:21:17.154,1.15275,1.15295,1.20,1.00
2009.06.26 16:21:24.552,1.1528,1.1529,1.00,1.00
2009.06.26 16:21:24.662,1.1528,1.1529,1.00,1.00
2009.06.26 16:21:26.172,1.1527,1.15295,1.20,3.40
2009.06.26 16:21:26.512,1.1527,1.15295,1.20,4.60
2009.06.26 16:21:29.791,1.1527,1.15295,1.20,11.00
2009.06.26 16:21:30.241,1.1526,1.1528,4.40,3.20
2009.06.26 16:21:30.581,1.15255,1.1527,1.20,3.20
2009.06.26 16:21:30.871,1.15255,1.1529,1.20,9.80
2009.06.26 16:21:32.740,1.15255,1.15285,1.20,3.40
2009.06.26 16:21:33.650,1.15255,1.15285,1.20,9.80
2009.06.26 16:21:36.799,1.15255,1.15285,1.20,10.40
2009.06.26 16:21:37.159,1.15245,1.1528,4.60,6.40
2009.06.26 16:21:37.439,1.15245,1.15275,1.20,3.40
2009.06.26 16:21:37.719,1.15235,1.1527,4.60,6.40
2009.06.26 16:21:38.009,1.15235,1.1526,1.80,1.00
2009.06.26 16:21:38.299,1.15235,1.1526,1.20,1.00
2009.06.26 16:21:38.809,1.1523,1.1525,3.80,1.00
2009.06.26 16:21:38.989,1.1523,1.1526,1.00,3.40
2009.06.26 16:21:39.269,1.15225,1.1526,5.80,3.40
2009.06.26 16:21:39.549,1.1523,1.15265,5.40,5.60
2009.06.26 16:21:39.779,1.15235,1.1527,1.20,9.00
2009.06.26 16:21:40.648,1.15245,1.1527,1.20,6.40
2009.06.26 16:21:40.878,1.15235,1.1527,1.00,9.00
2009.06.26 16:21:41.168,1.15235,1.1526,1.00,1.00
2009.06.26 16:21:51.765,1.1525,1.1526,1.00,1.00
2009.06.26 16:21:52.835,1.1525,1.1528,1.00,3.40
2009.06.26 16:22:01.783,1.1526,1.15275,1.00,3.40
2009.06.26 16:22:02.233,1.15265,1.15275,1.20,1.00
2009.06.26 16:22:02.453,1.1526,1.15285,1.00,9.80
2009.06.26 16:22:03.653,1.1526,1.1528,1.00,1.00
2009.06.26 16:22:03.883,1.1526,1.1529,1.00,9.00
2009.06.26 16:22:04.113,1.1526,1.15285,1.00,3.40
2009.06.26 16:22:04.403,1.1526,1.1528,1.00,1.00
2009.06.26 16:22:04.462,1.15265,1.1528,1.20,1.00
2009.06.26 16:22:04.753,1.1527,1.1528,1.00,1.00
2009.06.26 16:22:04.812,1.1527,1.1528,1.80,1.00
2009.06.26 16:22:05.332,1.1527,1.1529,1.00,2.60
2009.06.26 16:22:05.692,1.1527,1.1529,1.00,2.60
2009.06.26 16:22:06.382,1.15265,1.1529,1.20,2.60
2009.06.26 16:22:08.062,1.1526,1.1529,1.80,13.80
2009.06.26 16:22:08.181,1.1526,1.15285,1.20,3.40
2009.06.26 16:22:11.241,1.15255,1.1528,1.20,2.60
2009.06.26 16:22:11.821,1.15235,1.15275,3.60,10.00
2009.06.26 16:22:12.031,1.1523,1.15265,4.60,1.00
2009.06.26 16:22:12.781,1.15235,1.15265,1.20,1.00
2009.06.26 16:22:13.190,1.15235,1.15265,1.20,9.80
2009.06.26 16:22:13.920,1.15225,1.15255,5.40,1.00
2009.06.26 16:22:14.380,1.1523,1.15255,3.20,1.00
2009.06.26 16:22:14.720,1.15225,1.15255,5.80,1.00
2009.06.26 16:22:14.840,1.15225,1.1527,5.40,9.00
2009.06.26 16:22:18.579,1.15235,1.15265,1.20,9.00
2009.06.26 16:22:24.998,1.1524,1.15265,1.00,6.40
2009.06.26 16:22:25.237,1.1524,1.1527,1.00,9.00
2009.06.26 16:22:38.754,1.1525,1.1527,1.00,6.40
2009.06.26 16:22:39.034,1.1525,1.15275,1.00,9.80
2009.06.26 16:22:39.494,1.1525,1.15275,1.00,2.60
2009.06.26 16:22:45.783,1.1525,1.15275,1.00,9.00
2009.06.26 16:22:45.963,1.15245,1.15275,1.20,9.00
2009.06.26 16:22:46.192,1.15235,1.15275,5.80,10.20
2009.06.26 16:22:46.422,1.1524,1.1527,1.00,9.00
2009.06.26 16:22:46.642,1.15235,1.1527,1.20,9.00
2009.06.26 16:22:50.122,1.15235,1.1527,5.60,6.40
2009.06.26 16:22:50.361,1.15245,1.1527,1.20,6.40
2009.06.26 16:22:50.581,1.1525,1.15275,1.00,9.00
2009.06.26 16:22:50.802,1.1525,1.15275,1.00,9.00
2009.06.26 16:22:57.340,1.1525,1.15275,1.00,9.00
2009.06.26 16:22:57.390,1.1525,1.15275,1.00,2.60
2009.06.26 16:23:11.136,1.1525,1.15275,1.00,9.00
2009.06.26 16:23:11.936,1.1526,1.15275,1.00,9.00
2009.06.26 16:23:12.566,1.1526,1.15275,1.00,9.00
2009.06.26 16:23:12.836,1.1526,1.15275,1.00,9.00
2009.06.26 16:23:13.176,1.1526,1.15275,1.00,2.60
2009.06.26 16:23:13.416,1.1526,1.1528,1.00,3.40
2009.06.26 16:23:13.806,1.1526,1.15285,1.80,9.00
2009.06.26 16:23:14.106,1.1526,1.1528,1.00,2.60
2009.06.26 16:23:14.226,1.1526,1.15285,1.80,4.20
2009.06.26 16:23:15.126,1.15265,1.15285,1.20,4.20
2009.06.26 16:23:15.296,1.15265,1.1529,1.20,21.00
2009.06.26 16:23:15.645,1.15265,1.1529,1.20,14.60
2009.06.26 16:23:16.385,1.1526,1.15285,1.80,3.20
2009.06.26 16:23:16.965,1.15255,1.15275,1.20,2.60
2009.06.26 16:23:17.255,1.15255,1.1528,1.20,9.00
2009.06.26 16:23:17.595,1.1525,1.15275,1.00,2.60
2009.06.26 16:23:17.925,1.15245,1.1528,1.60,9.00
2009.06.26 16:23:28.083,1.15265,1.1529,1.20,9.00
2009.06.26 16:23:28.312,1.15265,1.1529,1.20,11.60
2009.06.26 16:23:28.652,1.1526,1.1529,1.00,11.60
2009.06.26 16:23:29.002,1.1526,1.15285,1.00,2.60
2009.06.26 16:23:36.420,1.15265,1.1529,1.20,9.00
2009.06.26 16:23:37.370,1.1526,1.15275,1.00,1.00
2009.06.26 16:23:37.730,1.15255,1.15285,1.20,2.60
2009.06.26 16:23:38.070,1.15235,1.15285,4.20,13.00
2009.06.26 16:23:38.420,1.15235,1.15275,1.40,2.60
2009.06.26 16:23:38.850,1.1524,1.15275,1.20,2.60
2009.06.26 16:23:42.329,1.15245,1.15275,1.20,9.00
2009.06.26 16:23:43.249,1.15245,1.15275,1.20,10.00
2009.06.26 16:23:43.599,1.1524,1.1527,1.00,2.60
2009.06.26 16:23:47.997,1.1524,1.1527,1.00,2.60
2009.06.26 16:23:53.536,1.1524,1.1527,1.00,2.60
2009.06.26 16:23:53.756,1.1524,1.1527,1.00,2.60
2009.06.26 16:23:53.926,1.1525,1.15275,1.00,9.00
2009.06.26 16:23:54.206,1.1525,1.15275,1.00,2.60
2009.06.26 16:24:01.984,1.15245,1.15275,1.20,3.80
2009.06.26 16:24:02.394,1.15235,1.15275,5.40,10.20
2009.06.26 16:24:02.614,1.15235,1.1527,2.60,2.60
2009.06.26 16:24:02.894,1.15235,1.1527,1.60,2.60
2009.06.26 16:24:09.582,1.15235,1.1527,1.60,9.00
2009.06.26 16:24:09.643,1.15235,1.1527,1.20,9.00
2009.06.26 16:24:30.387,1.15245,1.1527,1.20,9.00
2009.06.26 16:24:30.737,1.15235,1.1527,1.20,9.00
2009.06.26 16:24:32.067,1.15245,1.1527,1.20,9.00
2009.06.26 16:24:37.126,1.15245,1.15275,1.20,12.00
2009.06.26 16:24:37.306,1.15245,1.1527,1.20,6.40
2009.06.26 16:24:37.766,1.1525,1.1527,1.20,6.40
2009.06.26 16:24:40.045,1.1526,1.1528,1.20,6.40
2009.06.26 16:24:40.555,1.1524,1.1528,5.00,6.40
2009.06.26 16:24:42.045,1.1526,1.15285,1.20,7.80
2009.06.26 16:24:51.302,1.15255,1.15285,1.20,16.20
2009.06.26 16:24:51.463,1.15255,1.1528,1.20,2.60
2009.06.26 16:24:51.882,1.15255,1.1528,1.20,9.00
2009.06.26 16:24:55.822,1.1526,1.1528,1.00,9.00
2009.06.26 16:24:55.991,1.1526,1.1528,1.00,6.40
2009.06.26 16:24:56.231,1.1526,1.15285,1.40,13.20
2009.06.26 16:24:56.701,1.1526,1.1528,1.00,2.60
2009.06.26 16:24:59.480,1.1526,1.1528,1.00,9.00
2009.06.26 16:25:00.000,1.1526,1.1528,1.00,11.60
2009.06.26 16:25:04.909,1.1526,1.1528,1.00,11.60
2009.06.26 16:25:06.779,1.1526,1.1528,1.00,11.60
2009.06.26 16:25:07.878,1.1526,1.1528,1.00,11.60
2009.06.26 16:25:09.168,1.1526,1.1528,1.00,11.60
2009.06.26 16:25:17.536,1.1526,1.1528,1.40,9.00
2009.06.26 16:25:17.586,1.1526,1.1528,1.40,6.40
2009.06.26 16:25:17.936,1.1526,1.1528,1.00,9.00
2009.06.26 16:25:18.276,1.1526,1.1528,1.40,9.00
2009.06.26 16:25:18.506,1.1526,1.1528,1.40,6.40
2009.06.26 16:25:20.945,1.1526,1.1528,1.00,6.40
2009.06.26 16:25:21.115,1.1526,1.1528,1.00,9.00
2009.06.26 16:25:21.466,1.1526,1.1528,1.40,6.40
2009.06.26 16:25:27.444,1.15265,1.15285,1.20,6.40
2009.06.26 16:25:27.673,1.1526,1.15285,1.20,6.40
2009.06.26 16:25:28.063,1.1526,1.15285,1.20,9.00
2009.06.26 16:25:28.353,1.1526,1.15285,1.20,9.00
2009.06.26 16:25:34.782,1.1526,1.1528,1.20,6.40
2009.06.26 16:25:34.892,1.1524,1.1527,3.60,4.80
2009.06.26 16:25:34.952,1.15245,1.15265,3.20,1.00
2009.06.26 16:25:35.113,1.15245,1.1526,3.20,1.40
2009.06.26 16:25:35.282,1.15225,1.15265,4.80,4.20
2009.06.26 16:25:35.512,1.15225,1.15265,1.60,4.20
2009.06.26 16:25:36.781,1.1523,1.15265,1.60,7.40
2009.06.26 16:25:37.011,1.15235,1.1527,1.20,15.40
2009.06.26 16:25:37.232,1.1524,1.1527,1.00,12.20
2009.06.26 16:25:37.521,1.1524,1.1527,1.00,9.00
2009.06.26 16:25:49.038,1.15225,1.1525,4.60,3.20
2009.06.26 16:25:49.928,1.1523,1.1525,1.00,3.20
2009.06.26 16:25:50.268,1.1524,1.1527,1.00,3.20
2009.06.26 16:25:52.038,1.1524,1.1526,1.00,3.20
2009.06.26 16:25:52.738,1.1524,1.15265,1.00,3.20
2009.06.26 16:25:53.587,1.1524,1.1527,1.00,9.00
2009.06.26 16:25:53.647,1.1524,1.15265,1.00,3.20
2009.06.26 16:26:01.996,1.1525,1.1527,1.00,5.80
2009.06.26 16:26:03.925,1.1525,1.1526,1.00,1.60
2009.06.26 16:26:04.085,1.1524,1.1526,1.00,1.60
2009.06.26 16:26:04.205,1.1523,1.1525,3.80,4.00
2009.06.26 16:26:04.315,1.1523,1.15245,4.80,2.40
2009.06.26 16:26:04.435,1.1523,1.15245,5.40,1.60
2009.06.26 16:26:04.775,1.1523,1.1528,5.40,9.00
2009.06.26 16:26:07.924,1.1524,1.1527,1.00,9.00
2009.06.26 16:26:09.043,1.1524,1.1527,1.00,12.20
2009.06.26 16:26:10.114,1.1524,1.1527,1.00,12.20
2009.06.26 16:26:10.973,1.1525,1.1527,1.00,12.20
2009.06.26 16:26:13.483,1.1525,1.1527,1.00,12.20
2009.06.26 16:26:14.002,1.1525,1.1527,1.00,12.20
2009.06.26 16:26:15.842,1.1525,1.1527,1.00,12.20
2009.06.26 16:26:17.362,1.1525,1.1527,1.00,12.20
2009.06.26 16:26:19.961,1.1525,1.1527,1.00,12.20
2009.06.26 16:26:20.601,1.1525,1.1527,1.00,12.20
2009.06.26 16:26:21.840,1.1525,1.1527,1.00,12.20
2009.06.26 16:26:22.680,1.1525,1.1527,1.00,12.20
2009.06.26 16:26:24.500,1.1525,1.1527,1.00,12.20
2009.06.26 16:26:25.240,1.1525,1.1527,1.00,12.20
2009.06.26 16:26:25.410,1.1524,1.1527,1.00,12.20
2009.06.26 16:26:26.059,1.1524,1.1527,1.00,12.20
2009.06.26 16:26:26.350,1.1524,1.1527,1.00,12.20
2009.06.26 16:26:26.759,1.1524,1.1527,1.00,12.20
2009.06.26 16:26:27.110,1.1524,1.1527,1.00,12.20
2009.06.26 16:26:31.708,1.1524,1.1527,1.00,12.20
2009.06.26 16:26:33.758,1.1524,1.1527,1.00,12.20
2009.06.26 16:26:34.958,1.1524,1.1527,1.00,12.20
2009.06.26 16:26:35.367,1.1524,1.1527,1.00,5.80
2009.06.26 16:26:41.996,1.1524,1.1527,1.00,5.80
2009.06.26 16:26:43.125,1.1524,1.1527,1.00,5.80
2009.06.26 16:26:43.985,1.1524,1.1527,1.00,5.80
2009.06.26 16:26:44.105,1.1524,1.1527,1.00,5.80
2009.06.26 16:26:47.095,1.1524,1.1527,1.00,5.80
2009.06.26 16:26:50.084,1.1524,1.1527,1.00,5.80
2009.06.26 16:26:50.264,1.1524,1.1527,1.00,5.80
2009.06.26 16:26:50.944,1.1524,1.1527,1.00,5.80
2009.06.26 16:26:51.743,1.1524,1.1527,1.00,5.80
2009.06.26 16:26:54.563,1.1524,1.1527,1.00,5.80
2009.06.26 16:26:57.622,1.1524,1.1527,1.00,5.80
2009.06.26 16:26:58.022,1.1524,1.1527,1.00,5.80
2009.06.26 16:27:01.591,1.1523,1.1527,4.20,12.20
2009.06.26 16:27:04.501,1.1523,1.1527,1.40,9.60
2009.06.26 16:27:06.480,1.1523,1.15255,4.60,1.00
2009.06.26 16:27:06.880,1.15225,1.15255,4.20,1.00
2009.06.26 16:27:08.569,1.15225,1.1525,4.20,1.00
2009.06.26 16:27:08.859,1.15225,1.1526,4.20,3.20
2009.06.26 16:27:09.099,1.15235,1.15265,1.00,5.80
2009.06.26 16:27:09.439,1.15235,1.15265,1.00,3.20
2009.06.26 16:27:09.959,1.15235,1.1527,1.00,12.20
2009.06.26 16:27:10.119,1.1524,1.1527,1.00,12.20
2009.06.26 16:27:30.084,1.1524,1.15265,1.00,1.60
2009.06.26 16:27:30.304,1.1524,1.1525,1.00,1.00
2009.06.26 16:27:30.484,1.1524,1.1525,1.00,3.20
2009.06.26 16:27:30.604,1.1523,1.1524,3.20,3.20
2009.06.26 16:27:30.824,1.1522,1.1524,1.00,6.40
2009.06.26 16:27:30.934,1.1522,1.15245,1.60,1.00
2009.06.26 16:27:31.054,1.1522,1.15245,1.00,1.00
2009.06.26 16:27:31.174,1.15215,1.15245,4.20,1.00
2009.06.26 16:27:31.514,1.15215,1.15245,1.00,3.00
2009.06.26 16:27:31.984,1.1521,1.15245,1.00,3.60
2009.06.26 16:27:32.444,1.1521,1.15245,1.00,3.80
2009.06.26 16:27:33.663,1.15225,1.15245,1.20,3.80
2009.06.26 16:27:33.943,1.15215,1.1524,3.60,3.20
2009.06.26 16:27:34.233,1.1521,1.15245,1.00,3.00
2009.06.26 16:27:34.813,1.1521,1.15245,1.40,3.00
2009.06.26 16:27:35.573,1.1521,1.15245,1.40,3.00
2009.06.26 16:27:35.803,1.1521,1.15245,1.40,3.00
2009.06.26 16:27:36.253,1.15225,1.15245,1.20,3.00
2009.06.26 16:27:36.363,1.15225,1.15245,1.20,2.60
2009.06.26 16:27:36.473,1.1522,1.15245,1.40,1.00
2009.06.26 16:27:36.752,1.15225,1.15245,3.20,2.60
2009.06.26 16:27:37.052,1.1522,1.1525,1.00,5.80
2009.06.26 16:27:37.402,1.1523,1.1525,1.00,5.80
2009.06.26 16:27:38.252,1.1522,1.1524,1.00,1.00
2009.06.26 16:27:38.772,1.1522,1.15245,1.00,10.20
2009.06.26 16:27:39.002,1.1521,1.15245,1.00,13.60
2009.06.26 16:27:43.261,1.1521,1.1524,1.00,3.20
2009.06.26 16:27:43.501,1.15215,1.1524,1.20,2.60
2009.06.26 16:27:52.069,1.15215,1.1524,1.20,9.00
2009.06.26 16:27:56.328,1.15215,1.15225,1.20,1.40
2009.06.26 16:27:56.778,1.15205,1.15225,1.20,1.40
2009.06.26 16:27:57.178,1.15205,1.15215,1.20,2.40
2009.06.26 16:27:57.348,1.15195,1.15215,6.40,5.80
2009.06.26 16:27:57.647,1.1517,1.15205,1.60,2.60
2009.06.26 16:28:04.296,1.15185,1.15205,1.00,2.60
2009.06.26 16:28:04.466,1.15185,1.15205,1.00,2.60
2009.06.26 16:28:14.324,1.1519,1.15205,1.00,2.60
2009.06.26 16:28:16.003,1.1518,1.15205,1.00,2.60
2009.06.26 16:28:16.183,1.1518,1.15205,1.00,4.00
2009.06.26 16:28:16.693,1.1518,1.15205,1.00,10.40
2009.06.26 16:28:16.993,1.15175,1.15205,1.20,10.40
2009.06.26 16:28:19.842,1.15175,1.15205,1.20,10.20
2009.06.26 16:28:19.962,1.15175,1.15205,1.20,16.60
2009.06.26 16:28:20.192,1.15175,1.152,1.20,2.60
2009.06.26 16:28:25.951,1.1517,1.152,1.00,2.60
2009.06.26 16:28:26.121,1.1517,1.152,1.00,3.40
2009.06.26 16:28:26.351,1.1518,1.152,1.00,9.80
2009.06.26 16:28:26.571,1.1518,1.15195,1.00,2.60
2009.06.26 16:28:27.380,1.1518,1.15195,1.00,2.60
2009.06.26 16:28:28.080,1.1518,1.15195,1.00,2.60
2009.06.26 16:28:31.889,1.1517,1.15195,1.00,2.60
2009.06.26 16:28:32.109,1.1518,1.15195,1.20,2.60
2009.06.26 16:28:32.219,1.1518,1.152,1.20,7.20
2009.06.26 16:28:32.399,1.1518,1.152,1.20,6.40
2009.06.26 16:28:32.669,1.1518,1.15205,1.20,12.00
2009.06.26 16:28:37.288,1.1518,1.15205,1.20,11.60
2009.06.26 16:28:37.568,1.1518,1.15205,1.20,10.60
2009.06.26 16:28:37.858,1.1518,1.15205,1.20,4.20
2009.06.26 16:28:41.917,1.1518,1.15205,1.40,4.20
2009.06.26 16:28:52.794,1.1518,1.15205,1.40,5.40
2009.06.26 16:28:53.964,1.1518,1.15205,1.40,5.60
2009.06.26 16:28:55.104,1.1518,1.15205,1.40,5.40
2009.06.26 16:28:56.233,1.1518,1.15205,1.20,5.40
2009.06.26 16:28:56.513,1.1518,1.15205,1.20,5.20
2009.06.26 16:28:56.633,1.1518,1.15205,1.20,11.60
2009.06.26 16:28:56.983,1.1518,1.15205,1.40,11.60
2009.06.26 16:28:57.833,1.1518,1.15205,1.40,10.60
2009.06.26 16:28:59.673,1.1519,1.15205,1.00,10.60
2009.06.26 16:28:59.943,1.1519,1.15205,1.00,10.60
2009.06.26 16:29:00.182,1.1519,1.1521,1.00,9.80
2009.06.26 16:29:00.352,1.152,1.1522,1.00,5.80
2009.06.26 16:29:00.533,1.152,1.1522,1.00,2.60
2009.06.26 16:29:00.822,1.152,1.1522,1.00,2.60
2009.06.26 16:29:01.122,1.15205,1.15225,1.20,2.60
2009.06.26 16:29:01.522,1.1521,1.15235,1.00,11.40
2009.06.26 16:29:01.802,1.1521,1.15235,1.00,9.00
2009.06.26 16:29:04.751,1.1521,1.15235,1.00,9.00
2009.06.26 16:29:05.521,1.1521,1.1523,1.00,9.00
2009.06.26 16:29:05.801,1.15205,1.1522,1.20,1.40
2009.06.26 16:29:06.081,1.15205,1.15225,1.20,11.20
2009.06.26 16:29:06.371,1.152,1.15215,1.00,2.20
2009.06.26 16:29:06.711,1.1518,1.15205,1.20,1.00
2009.06.26 16:29:07.011,1.1518,1.15215,1.20,2.60
2009.06.26 16:29:07.571,1.15185,1.1521,1.00,2.60
2009.06.26 16:29:07.961,1.1519,1.1521,1.00,2.60
2009.06.26 16:29:08.251,1.15195,1.1521,1.20,2.60
2009.06.26 16:29:08.520,1.152,1.15215,1.00,2.60
2009.06.26 16:29:09.280,1.152,1.15225,1.00,9.00
2009.06.26 16:29:16.708,1.1521,1.15225,1.00,9.00
2009.06.26 16:29:17.008,1.1521,1.1523,1.00,9.00
2009.06.26 16:29:18.298,1.1521,1.1523,1.00,2.60
2009.06.26 16:29:23.967,1.1521,1.1523,1.00,9.00
2009.06.26 16:29:25.097,1.1521,1.1523,1.00,9.00
2009.06.26 16:29:26.076,1.1521,1.1523,1.40,6.40
2009.06.26 16:29:27.406,1.1521,1.1523,1.00,9.00
2009.06.26 16:29:28.136,1.1521,1.1523,1.00,9.00
2009.06.26 16:29:29.046,1.1522,1.1523,1.20,2.60
2009.06.26 16:29:29.336,1.1522,1.1524,1.20,7.80
2009.06.26 16:29:29.925,1.1522,1.1524,1.20,7.80
2009.06.26 16:29:30.685,1.1522,1.1524,1.40,7.80
2009.06.26 16:29:36.034,1.1521,1.1523,1.00,5.80
2009.06.26 16:29:36.304,1.1521,1.1523,1.00,5.80
2009.06.26 16:29:36.534,1.152,1.1523,1.00,5.80
2009.06.26 16:29:38.504,1.152,1.1523,1.00,12.20
2009.06.26 16:29:38.563,1.152,1.1523,1.00,12.20
2009.06.26 16:29:39.033,1.152,1.1523,1.00,12.20
2009.06.26 16:29:39.423,1.152,1.1523,1.00,12.20
2009.06.26 16:29:41.393,1.15195,1.1523,4.40,9.60
2009.06.26 16:29:41.733,1.152,1.1523,1.00,12.20
2009.06.26 16:29:42.192,1.152,1.1523,1.00,9.00
2009.06.26 16:29:42.602,1.15195,1.15235,5.20,12.20
2009.06.26 16:29:43.292,1.15205,1.15235,1.00,12.20
2009.06.26 16:29:44.842,1.1521,1.1523,1.00,6.40
2009.06.26 16:29:46.851,1.1521,1.1523,1.00,6.40
2009.06.26 16:29:47.181,1.1519,1.1523,4.40,6.40
2009.06.26 16:29:48.051,1.1519,1.1523,4.20,6.40
2009.06.26 16:29:48.341,1.15195,1.1523,4.00,6.40
2009.06.26 16:29:52.160,1.15195,1.15235,5.20,13.20
2009.06.26 16:29:52.950,1.152,1.15235,1.40,6.80
2009.06.26 16:30:00.128,1.152,1.15235,1.40,3.60
2009.06.26 16:30:01.218,1.1521,1.1523,1.00,1.00
2009.06.26 16:30:01.847,1.1522,1.1523,1.00,1.00
2009.06.26 16:30:15.154,1.1521,1.1522,1.00,1.00
2009.06.26 16:30:15.454,1.1521,1.1522,1.00,1.00
2009.06.26 16:30:22.393,1.1522,1.15245,1.00,5.80
2009.06.26 16:30:25.572,1.1522,1.1524,1.00,2.60
2009.06.26 16:30:27.882,1.1521,1.1524,1.00,2.60
2009.06.26 16:30:28.291,1.1521,1.15235,1.00,2.60
2009.06.26 16:30:28.631,1.152,1.15235,1.40,2.60
2009.06.26 16:30:33.000,1.15195,1.1523,6.20,6.40
2009.06.26 16:30:33.390,1.152,1.1523,1.00,12.20
2009.06.26 16:30:38.849,1.1519,1.1523,4.20,12.20
2009.06.26 16:30:44.047,1.15205,1.1523,1.00,6.40
2009.06.26 16:30:47.767,1.1521,1.15235,1.00,9.00
2009.06.26 16:30:48.047,1.1521,1.15235,1.00,6.40
2009.06.26 16:31:21.438,1.152,1.15235,3.60,6.40
2009.06.26 16:31:28.637,1.1521,1.15235,1.00,6.40
2009.06.26 16:31:30.476,1.1521,1.15235,1.00,9.00
2009.06.26 16:31:30.746,1.1521,1.1523,1.00,6.40
2009.06.26 16:31:31.626,1.1521,1.1523,1.00,9.60
2009.06.26 16:31:31.746,1.15185,1.1523,4.20,12.20
2009.06.26 16:31:33.137,1.152,1.1523,1.00,12.20
2009.06.26 16:31:34.136,1.152,1.1523,1.00,12.20
2009.06.26 16:31:35.385,1.152,1.1523,1.00,2.60
2009.06.26 16:31:35.605,1.1521,1.15235,1.00,9.00
2009.06.26 16:31:35.785,1.1521,1.15235,1.00,9.00
2009.06.26 16:31:36.075,1.1521,1.15235,1.00,9.00
2009.06.26 16:31:36.535,1.1522,1.15235,1.00,2.60
2009.06.26 16:31:36.875,1.1522,1.1524,1.00,9.00
2009.06.26 16:31:37.275,1.1522,1.1524,1.00,5.80
2009.06.26 16:31:38.415,1.1522,1.15245,1.00,13.80
2009.06.26 16:31:41.194,1.1522,1.1524,1.00,5.80
2009.06.26 16:31:45.922,1.1521,1.1524,1.00,12.20
2009.06.26 16:31:46.492,1.152,1.1524,4.20,12.20
2009.06.26 16:31:46.842,1.1521,1.1524,1.00,12.20
2009.06.26 16:31:47.002,1.152,1.1524,4.20,12.20
2009.06.26 16:31:47.512,1.1521,1.1524,1.00,12.20
2009.06.26 16:31:48.642,1.1521,1.1524,1.00,12.20
2009.06.26 16:31:53.321,1.15205,1.1522,1.00,3.20
2009.06.26 16:31:53.611,1.15205,1.15225,1.00,1.60
2009.06.26 16:31:53.890,1.15205,1.15245,1.00,12.20
2009.06.26 16:32:46.118,1.15215,1.1524,1.20,8.20
2009.06.26 16:32:50.077,1.1522,1.1524,1.00,8.20
2009.06.26 16:32:50.727,1.1522,1.15235,1.20,10.40
2009.06.26 16:32:50.947,1.15225,1.15235,1.20,1.00
2009.06.26 16:32:51.357,1.15225,1.15255,1.20,15.40
2009.06.26 16:32:51.697,1.15235,1.15255,1.00,15.40
2009.06.26 16:32:53.076,1.15215,1.1525,1.20,17.00
2009.06.26 16:32:53.236,1.15215,1.1525,1.20,16.20
2009.06.26 16:32:53.406,1.15215,1.15245,1.20,2.60
2009.06.26 16:32:53.686,1.1522,1.1525,1.20,13.80
2009.06.26 16:32:53.866,1.1522,1.1525,1.20,15.40
2009.06.26 16:33:03.914,1.1522,1.15245,1.20,1.40
2009.06.26 16:33:09.932,1.15215,1.1524,8.20,3.20
2009.06.26 16:33:10.153,1.15215,1.15245,7.20,5.80
2009.06.26 16:33:10.322,1.1521,1.15245,5.40,5.80
2009.06.26 16:33:13.322,1.1521,1.15245,5.20,6.80
2009.06.26 16:33:13.442,1.15205,1.1524,5.40,3.20
2009.06.26 16:33:14.251,1.1521,1.15235,4.20,3.20
2009.06.26 16:33:14.581,1.15205,1.1523,9.00,3.20
2009.06.26 16:33:16.471,1.1521,1.1524,1.60,3.40
2009.06.26 16:33:16.651,1.1521,1.15245,2.00,8.80
2009.06.26 16:33:16.891,1.1521,1.1524,1.20,3.20
2009.06.26 16:33:18.500,1.1521,1.15245,2.00,8.80
2009.06.26 16:33:18.670,1.1522,1.15245,1.00,8.00
2009.06.26 16:33:18.850,1.1522,1.1524,1.00,3.20
2009.06.26 16:33:19.250,1.1522,1.15235,1.00,3.20
2009.06.26 16:33:19.490,1.1521,1.15235,1.20,3.20
2009.06.26 16:33:20.140,1.1521,1.15235,1.20,3.20
2009.06.26 16:33:25.489,1.1521,1.15235,1.20,7.80
2009.06.26 16:33:25.729,1.1521,1.15245,1.20,22.80
2009.06.26 16:33:25.848,1.15205,1.1524,5.60,3.20
2009.06.26 16:33:27.658,1.15205,1.1524,5.40,3.20
2009.06.26 16:33:34.346,1.15205,1.15225,4.00,4.60
2009.06.26 16:33:34.677,1.15205,1.15215,3.20,1.40
2009.06.26 16:33:35.026,1.15195,1.15215,5.00,1.40
2009.06.26 16:33:35.486,1.15195,1.15215,5.00,1.20
2009.06.26 16:33:35.666,1.15195,1.15215,5.00,1.40
2009.06.26 16:33:35.896,1.15195,1.1521,5.00,1.20
2009.06.26 16:33:36.176,1.15195,1.15215,4.00,3.20
2009.06.26 16:33:48.713,1.15195,1.15215,4.00,3.80
2009.06.26 16:33:49.384,1.15195,1.15215,4.00,4.60
2009.06.26 16:33:49.603,1.15195,1.1521,5.00,1.40
2009.06.26 16:33:49.773,1.15195,1.1521,5.00,1.00
2009.06.26 16:33:52.102,1.15195,1.15215,4.00,3.20
2009.06.26 16:33:55.402,1.15195,1.1522,5.00,4.60
2009.06.26 16:33:56.491,1.15195,1.1521,5.00,1.00
2009.06.26 16:33:56.671,1.15195,1.1522,5.00,4.60
2009.06.26 16:34:01.220,1.15195,1.1522,4.00,4.60
2009.06.26 16:34:01.340,1.15195,1.1522,1.00,4.60
2009.06.26 16:34:01.570,1.1519,1.1522,4.40,3.20
2009.06.26 16:34:02.100,1.1519,1.1522,4.20,3.20
2009.06.26 16:34:03.889,1.1519,1.1522,4.40,3.20
2009.06.26 16:34:05.649,1.1519,1.1522,4.60,3.20
2009.06.26 16:34:06.809,1.1519,1.1522,4.40,3.20
2009.06.26 16:34:09.758,1.1519,1.1522,4.20,3.20
2009.06.26 16:34:10.458,1.1519,1.1521,4.20,1.00
2009.06.26 16:34:10.918,1.1519,1.1522,4.60,3.20
2009.06.26 16:34:11.148,1.1519,1.1521,4.60,1.00
2009.06.26 16:34:11.507,1.1519,1.1521,4.20,1.00
2009.06.26 16:34:11.678,1.1519,1.1521,4.20,1.20
2009.06.26 16:34:13.847,1.1519,1.1521,3.80,1.40
2009.06.26 16:34:14.087,1.1518,1.1521,8.40,3.20
2009.06.26 16:34:14.267,1.1518,1.152,5.20,3.20
2009.06.26 16:34:14.387,1.15185,1.152,1.00,3.20
2009.06.26 16:34:15.217,1.15175,1.152,1.00,3.20
2009.06.26 16:34:16.736,1.15165,1.152,5.40,3.20
2009.06.26 16:34:17.886,1.15175,1.1519,1.20,1.40
2009.06.26 16:34:36.841,1.1518,1.15185,1.20,7.20
2009.06.26 16:34:37.141,1.1518,1.1521,1.20,4.20
2009.06.26 16:34:37.661,1.15185,1.15215,1.20,5.80
2009.06.26 16:34:38.001,1.1519,1.1522,1.20,5.60
2009.06.26 16:34:38.341,1.1519,1.15205,1.20,1.00
2009.06.26 16:34:41.210,1.1519,1.152,1.20,1.20
2009.06.26 16:34:45.519,1.1519,1.152,1.20,1.40
2009.06.26 16:34:50.618,1.15185,1.152,1.20,1.40
2009.06.26 16:34:51.628,1.15185,1.152,1.20,1.20
2009.06.26 16:34:52.798,1.1518,1.15205,1.20,3.60
2009.06.26 16:34:53.957,1.1518,1.15205,1.20,10.00
2009.06.26 16:34:54.297,1.1518,1.15205,1.20,10.40
2009.06.26 16:35:13.362,1.1518,1.15195,1.20,1.40
2009.06.26 16:35:13.473,1.15175,1.15195,1.20,1.20
2009.06.26 16:35:13.822,1.15175,1.15195,1.20,1.40
2009.06.26 16:35:16.432,1.15175,1.1519,1.20,1.00
2009.06.26 16:35:18.482,1.15165,1.1518,6.40,4.00
2009.06.26 16:35:18.721,1.15165,1.15175,1.20,1.00
2009.06.26 16:35:18.901,1.15165,1.1518,1.20,1.40
2009.06.26 16:35:21.561,1.1517,1.152,1.20,18.00
2009.06.26 16:35:21.621,1.1517,1.152,1.20,14.80
2009.06.26 16:35:21.741,1.1517,1.152,1.20,11.60
2009.06.26 16:35:22.250,1.1517,1.152,1.20,12.00
2009.06.26 16:35:22.640,1.1517,1.15195,1.20,11.40
2009.06.26 16:35:27.219,1.1516,1.1519,1.00,5.80
2009.06.26 16:35:35.577,1.1516,1.1519,1.20,3.20
2009.06.26 16:35:44.125,1.1516,1.1519,1.00,3.20
2009.06.26 16:35:44.235,1.1516,1.1519,1.00,6.60
2009.06.26 16:35:44.415,1.1516,1.1518,1.00,3.20
2009.06.26 16:35:47.834,1.15165,1.1519,1.20,6.60
2009.06.26 16:35:58.612,1.1517,1.15195,1.20,11.80
2009.06.26 16:35:59.551,1.1517,1.15195,1.20,12.00
2009.06.26 16:36:00.461,1.1517,1.15195,1.20,11.80
2009.06.26 16:36:02.501,1.15165,1.1519,1.20,5.80
2009.06.26 16:36:02.681,1.15165,1.1519,1.20,6.60
2009.06.26 16:36:07.859,1.1517,1.1519,1.20,3.40
2009.06.26 16:36:07.919,1.1517,1.15195,1.20,12.00
2009.06.26 16:36:47.170,1.1517,1.15185,1.20,2.40
2009.06.26 16:36:47.280,1.1517,1.15185,1.60,1.00
2009.06.26 16:36:47.400,1.1517,1.15195,1.60,4.20
2009.06.26 16:36:48.150,1.15175,1.152,1.20,14.60
2009.06.26 16:36:48.840,1.15175,1.152,1.20,8.20
2009.06.26 16:36:49.469,1.15175,1.152,1.20,6.60
2009.06.26 16:36:49.809,1.1518,1.15205,1.20,12.00
2009.06.26 16:36:53.058,1.1518,1.152,1.20,2.60
2009.06.26 16:36:53.338,1.1516,1.1519,9.00,3.20
2009.06.26 16:36:58.257,1.15175,1.152,5.00,4.00
2009.06.26 16:36:58.608,1.15185,1.152,1.00,3.20
2009.06.26 16:36:59.008,1.1519,1.1521,1.00,3.20
2009.06.26 16:36:59.657,1.1519,1.1521,1.00,3.20
2009.06.26 16:37:02.186,1.1519,1.1521,1.00,9.60
2009.06.26 16:37:02.366,1.15185,1.1521,3.20,12.20
2009.06.26 16:37:02.716,1.1518,1.1521,1.00,12.20
2009.06.26 16:37:02.876,1.1518,1.152,1.00,3.20
2009.06.26 16:37:03.086,1.1518,1.152,1.00,3.20
2009.06.26 16:37:03.266,1.1518,1.15205,1.00,5.80
2009.06.26 16:37:03.316,1.1517,1.15205,1.20,2.60
2009.06.26 16:37:03.496,1.1517,1.15205,1.20,9.00
2009.06.26 16:37:03.616,1.1517,1.15205,1.20,12.20
2009.06.26 16:37:04.486,1.1517,1.15205,1.00,12.20
2009.06.26 16:37:05.956,1.1517,1.15205,1.20,12.20
2009.06.26 16:37:09.105,1.1517,1.15205,1.20,2.60
2009.06.26 16:37:12.874,1.1518,1.1521,1.20,9.00
2009.06.26 16:37:13.334,1.1518,1.1521,1.20,2.60
2009.06.26 16:37:13.723,1.15175,1.1521,1.20,2.60
2009.06.26 16:37:13.963,1.1518,1.15205,1.20,2.60
2009.06.26 16:37:14.693,1.15185,1.15205,1.20,2.60
2009.06.26 16:37:14.983,1.15185,1.1521,1.20,8.20
2009.06.26 16:37:15.543,1.1518,1.152,1.00,3.20
2009.06.26 16:37:52.454,1.1517,1.152,3.80,5.80
2009.06.26 16:37:52.514,1.1517,1.152,3.80,6.60
2009.06.26 16:37:52.565,1.1517,1.1519,3.80,3.20
2009.06.26 16:37:52.794,1.1517,1.152,1.20,3.20
2009.06.26 16:37:54.164,1.1518,1.152,1.00,3.20
2009.06.26 16:37:54.334,1.1518,1.152,1.00,3.20
2009.06.26 16:37:55.713,1.1518,1.152,1.00,3.20
2009.06.26 16:37:56.453,1.1518,1.152,1.00,3.20
2009.06.26 16:37:57.263,1.1518,1.1521,1.00,19.40
2009.06.26 16:37:57.503,1.1518,1.1521,1.00,12.20
2009.06.26 16:38:04.981,1.15175,1.152,1.00,3.20
2009.06.26 16:38:05.951,1.1517,1.152,3.80,3.20
2009.06.26 16:38:38.013,1.15165,1.152,6.00,3.20
2009.06.26 16:38:43.122,1.15175,1.152,1.00,3.20
2009.06.26 16:38:44.172,1.1516,1.152,5.60,3.20
2009.06.26 16:38:45.002,1.1516,1.152,5.40,3.20
2009.06.26 16:38:48.341,1.1517,1.152,1.00,3.20
2009.06.26 16:38:53.860,1.1517,1.152,1.20,3.20
2009.06.26 16:38:54.659,1.1518,1.1521,1.00,15.40
2009.06.26 16:38:54.999,1.1518,1.1521,1.00,12.20
2009.06.26 16:38:58.598,1.1517,1.152,4.20,1.00
2009.06.26 16:39:04.407,1.1518,1.1521,1.00,12.20
2009.06.26 16:39:16.944,1.1517,1.152,4.20,1.00
2009.06.26 16:39:17.874,1.1517,1.152,4.20,1.20
2009.06.26 16:39:18.154,1.1517,1.152,4.20,1.00
2009.06.26 16:39:21.443,1.1518,1.152,1.00,1.00
2009.06.26 16:39:21.683,1.1518,1.1521,1.00,12.20
2009.06.26 16:39:24.882,1.1517,1.152,4.20,1.00
2009.06.26 16:39:25.282,1.1517,1.1521,4.20,12.20
2009.06.26 16:39:26.532,1.1517,1.152,4.20,1.00
2009.06.26 16:39:30.891,1.1518,1.1521,1.00,12.20
2009.06.26 16:39:34.500,1.1517,1.152,4.20,1.00
2009.06.26 16:39:35.929,1.1518,1.1521,1.00,12.20
2009.06.26 16:39:50.647,1.1518,1.152,1.00,1.40
2009.06.26 16:39:50.926,1.1517,1.152,4.20,1.40
2009.06.26 16:39:51.696,1.1517,1.152,4.20,1.00
2009.06.26 16:39:52.615,1.1517,1.152,4.20,1.20
2009.06.26 16:39:52.965,1.1517,1.152,4.20,3.20
2009.06.26 16:39:53.145,1.1517,1.152,3.80,3.20
2009.06.26 16:39:53.885,1.15165,1.152,5.40,3.20
2009.06.26 16:39:56.514,1.1517,1.1518,3.20,1.20
2009.06.26 16:39:56.785,1.1515,1.1518,4.40,4.60
2009.06.26 16:39:57.134,1.1515,1.1518,3.60,4.60
2009.06.26 16:39:57.354,1.1515,1.1517,3.60,1.20
2009.06.26 16:39:57.864,1.15145,1.1516,5.80,1.20
2009.06.26 16:39:58.094,1.15145,1.1516,5.00,1.40
2009.06.26 16:39:58.454,1.15145,1.1516,4.00,1.40
2009.06.26 16:39:58.844,1.1514,1.1515,3.60,3.20
2009.06.26 16:39:59.314,1.15135,1.1515,3.60,3.20
2009.06.26 16:39:59.664,1.15135,1.1514,3.60,3.20
2009.06.26 16:40:00.004,1.1513,1.15145,3.60,4.60
2009.06.26 16:40:00.404,1.1513,1.1515,3.60,1.60
2009.06.26 16:40:00.794,1.15125,1.1515,1.00,1.60
2009.06.26 16:40:01.093,1.15125,1.1516,1.00,12.20
2009.06.26 16:40:13.120,1.15125,1.1515,1.00,1.40
2009.06.26 16:40:13.230,1.15125,1.15155,1.00,4.00
2009.06.26 16:40:13.460,1.1512,1.15145,6.20,1.40
2009.06.26 16:40:13.620,1.1512,1.15145,5.80,3.20
2009.06.26 16:40:13.740,1.1512,1.15145,2.60,3.20
2009.06.26 16:40:15.030,1.1512,1.1514,2.60,3.20
2009.06.26 16:40:23.738,1.1512,1.1514,2.80,1.40
2009.06.26 16:40:23.958,1.1512,1.1514,2.60,1.40
2009.06.26 16:40:24.248,1.1512,1.1513,2.60,1.00
2009.06.26 16:40:24.538,1.1512,1.1513,1.80,1.00
2009.06.26 16:40:24.718,1.1512,1.1513,1.60,1.00
2009.06.26 16:40:24.938,1.15115,1.1513,15.60,1.00
2009.06.26 16:40:25.518,1.15115,1.1513,15.60,1.20
2009.06.26 16:40:26.207,1.1511,1.1513,4.60,1.00
2009.06.26 16:40:26.437,1.1511,1.1513,4.60,1.40
2009.06.26 16:40:26.607,1.15105,1.1513,6.00,3.20
2009.06.26 16:40:26.897,1.15115,1.1513,1.20,1.20
2009.06.26 16:40:27.297,1.1512,1.1513,1.20,1.20
2009.06.26 16:40:27.477,1.1512,1.1515,1.20,15.40
2009.06.26 16:40:27.637,1.1512,1.15145,1.00,3.20
2009.06.26 16:40:27.807,1.1512,1.15145,1.00,7.40
2009.06.26 16:40:27.967,1.1512,1.15145,1.20,4.20
2009.06.26 16:40:28.087,1.1512,1.1514,1.20,4.60
2009.06.26 16:40:28.257,1.1512,1.1515,1.20,5.60
2009.06.26 16:40:29.296,1.1512,1.15145,1.20,4.20
2009.06.26 16:40:29.976,1.1512,1.15145,1.20,5.60
2009.06.26 16:40:30.726,1.1512,1.15135,1.20,1.20
2009.06.26 16:40:30.886,1.15115,1.15135,1.20,1.20
2009.06.26 16:40:31.006,1.15115,1.15145,1.20,6.60
2009.06.26 16:40:31.186,1.1512,1.15145,1.00,5.80
2009.06.26 16:40:31.476,1.1513,1.1515,1.00,4.20
2009.06.26 16:40:32.386,1.1512,1.15145,1.60,4.20
2009.06.26 16:40:33.695,1.15125,1.1515,1.20,13.80
2009.06.26 16:40:35.295,1.15125,1.1514,1.20,1.40
2009.06.26 16:40:38.154,1.15125,1.1515,1.20,13.80
2009.06.26 16:40:45.103,1.15125,1.1514,1.20,1.40
2009.06.26 16:40:45.433,1.15125,1.1513,1.20,1.00
2009.06.26 16:40:45.713,1.15115,1.1513,5.00,1.00
2009.06.26 16:40:46.102,1.15115,1.1513,1.80,1.00
2009.06.26 16:40:46.892,1.1512,1.1514,1.00,3.20
2009.06.26 16:40:47.182,1.1512,1.1514,1.00,3.20
2009.06.26 16:40:47.712,1.1513,1.1514,1.00,3.20
2009.06.26 16:40:48.672,1.1513,1.15145,1.00,3.20
2009.06.26 16:40:51.381,1.1513,1.1514,1.00,3.20
2009.06.26 16:40:53.511,1.1513,1.15165,1.00,12.20
2009.06.26 16:40:58.899,1.1512,1.1515,6.20,3.20
2009.06.26 16:40:59.779,1.1512,1.1515,6.20,3.20
2009.06.26 16:40:59.949,1.1512,1.1515,5.80,3.20
2009.06.26 16:41:00.339,1.1512,1.1515,5.40,3.20
2009.06.26 16:41:02.358,1.1512,1.15155,5.40,3.60
2009.06.26 16:41:02.468,1.1512,1.1515,4.20,1.20
2009.06.26 16:41:02.588,1.1512,1.1515,3.60,1.20
2009.06.26 16:41:02.639,1.1512,1.1515,3.60,1.00
2009.06.26 16:41:02.928,1.15115,1.1515,6.00,3.20
2009.06.26 16:41:08.877,1.15125,1.1515,1.80,3.20
2009.06.26 16:41:09.057,1.15125,1.1516,1.80,12.20
2009.06.26 16:41:09.237,1.15125,1.1516,4.60,9.60
2009.06.26 16:41:09.737,1.15125,1.1516,5.00,9.60
2009.06.26 16:41:10.147,1.15125,1.1516,5.20,9.60
2009.06.26 16:41:16.345,1.1513,1.1516,3.60,9.60
2009.06.26 16:41:16.565,1.15135,1.1516,1.80,3.20
2009.06.26 16:41:18.385,1.1514,1.1516,1.00,3.20
2009.06.26 16:41:21.674,1.1515,1.1516,1.00,3.20
2009.06.26 16:41:21.904,1.1515,1.1517,1.00,9.60
2009.06.26 16:41:22.374,1.1513,1.1517,5.20,9.60
2009.06.26 16:41:26.723,1.15145,1.1517,1.00,9.60
2009.06.26 16:41:27.013,1.15145,1.1517,1.00,9.60
2009.06.26 16:41:27.303,1.15145,1.15175,1.00,9.00
2009.06.26 16:41:27.523,1.15145,1.15175,1.00,6.40
2009.06.26 16:41:27.872,1.1516,1.15175,1.00,6.40
2009.06.26 16:41:28.103,1.1516,1.1518,1.00,12.20
2009.06.26 16:41:29.252,1.1515,1.1517,1.00,3.20
2009.06.26 16:41:29.542,1.1515,1.1517,1.00,3.20
2009.06.26 16:41:29.832,1.1513,1.1517,5.60,3.20
2009.06.26 16:41:30.182,1.1513,1.1517,5.40,3.20
2009.06.26 16:41:34.071,1.15135,1.1517,5.40,9.60
2009.06.26 16:41:43.719,1.15135,1.1517,4.60,9.60
2009.06.26 16:41:46.568,1.15135,1.1517,5.20,9.60
2009.06.26 16:41:47.908,1.15135,1.1517,5.40,3.20
2009.06.26 16:41:49.008,1.15135,1.1517,6.00,3.20
2009.06.26 16:42:04.494,1.15135,1.1517,5.60,3.20
2009.06.26 16:42:05.233,1.15145,1.15175,1.00,6.40
2009.06.26 16:42:05.523,1.1514,1.1518,5.20,3.20
2009.06.26 16:42:05.923,1.15145,1.1518,2.40,5.80
2009.06.26 16:42:06.343,1.1515,1.1518,2.40,12.20
2009.06.26 16:42:07.383,1.1515,1.1517,2.20,1.00
2009.06.26 16:42:08.093,1.1515,1.1517,2.20,1.20
2009.06.26 16:42:08.323,1.1515,1.1517,2.20,1.00
2009.06.26 16:42:09.342,1.1515,1.1517,2.20,1.20
2009.06.26 16:42:10.872,1.1515,1.1517,2.20,1.00
2009.06.26 16:42:11.572,1.1515,1.1517,2.20,1.00
2009.06.26 16:42:11.972,1.1515,1.1517,1.80,1.00
2009.06.26 16:42:12.782,1.1515,1.1517,1.80,1.20
2009.06.26 16:42:13.361,1.1515,1.1517,1.80,1.00
2009.06.26 16:42:13.751,1.1515,1.1517,1.80,1.40
2009.06.26 16:42:14.361,1.1515,1.1517,1.80,1.00
2009.06.26 16:42:14.871,1.1515,1.1517,1.80,1.20
2009.06.26 16:42:17.441,1.1515,1.1517,2.20,1.20
2009.06.26 16:42:20.720,1.1514,1.1517,5.80,1.00
2009.06.26 16:42:20.890,1.1514,1.1517,5.80,1.40
2009.06.26 16:42:20.949,1.1514,1.1517,5.80,1.00
2009.06.26 16:42:22.629,1.1514,1.1517,5.80,1.40
2009.06.26 16:42:22.749,1.1514,1.1517,2.20,3.20
2009.06.26 16:42:23.159,1.15135,1.1517,5.40,3.20
2009.06.26 16:42:34.496,1.15135,1.1516,5.40,1.00
2009.06.26 16:42:34.897,1.15135,1.1516,5.40,1.40
2009.06.26 16:42:35.366,1.15135,1.1516,5.40,1.00
2009.06.26 16:42:35.596,1.15135,1.1516,5.40,1.40
2009.06.26 16:42:35.936,1.15135,1.1516,5.40,1.20
2009.06.26 16:42:36.566,1.15135,1.1516,5.40,1.40
2009.06.26 16:42:38.575,1.15135,1.1516,5.40,1.00
2009.06.26 16:42:38.925,1.1514,1.1516,4.80,3.20
2009.06.26 16:42:39.045,1.1514,1.15165,1.20,4.60
2009.06.26 16:42:39.216,1.15145,1.1516,1.00,3.20
2009.06.26 16:42:39.505,1.1514,1.1516,1.00,3.20
2009.06.26 16:42:40.035,1.15135,1.1516,8.20,3.20
2009.06.26 16:42:58.570,1.15135,1.1516,6.40,3.20
2009.06.26 16:42:58.731,1.1513,1.1516,5.40,3.20
2009.06.26 16:42:59.081,1.1513,1.1515,5.40,1.00
2009.06.26 16:42:59.540,1.15125,1.1515,5.40,1.00
2009.06.26 16:42:59.900,1.15125,1.1516,5.40,3.20
2009.06.26 16:43:00.301,1.1513,1.15145,5.80,1.40
2009.06.26 16:43:00.760,1.15125,1.15155,4.60,4.00
2009.06.26 16:43:01.040,1.15125,1.15165,5.40,3.20
2009.06.26 16:43:01.210,1.15125,1.15155,4.60,1.00
2009.06.26 16:43:01.500,1.15125,1.1515,5.00,1.00
2009.06.26 16:43:01.970,1.1512,1.15135,3.60,1.00
2009.06.26 16:43:02.200,1.15115,1.15155,1.00,5.80
2009.06.26 16:43:02.700,1.1511,1.15135,3.80,1.20
2009.06.26 16:43:03.049,1.1511,1.15135,3.80,1.00
2009.06.26 16:43:03.390,1.1511,1.15145,1.00,2.60
2009.06.26 16:43:04.539,1.1511,1.1514,1.00,5.80
2009.06.26 16:43:04.829,1.1511,1.1513,1.00,1.00
2009.06.26 16:43:09.138,1.1511,1.1513,1.00,1.40
2009.06.26 16:43:09.648,1.15105,1.1513,9.00,3.20
2009.06.26 16:43:56.997,1.15105,1.1512,7.80,3.20
2009.06.26 16:43:57.166,1.15105,1.1512,6.40,4.60
2009.06.26 16:43:57.566,1.15095,1.1512,5.80,4.60
2009.06.26 16:43:57.786,1.151,1.15115,1.60,6.40
2009.06.26 16:43:57.966,1.151,1.1514,3.20,8.80
2009.06.26 16:44:05.005,1.151,1.15125,3.20,1.20
2009.06.26 16:44:07.324,1.151,1.1512,3.20,1.40
2009.06.26 16:44:07.564,1.151,1.1512,2.60,1.40
2009.06.26 16:44:07.734,1.151,1.1512,1.60,3.20
2009.06.26 16:44:18.771,1.151,1.15125,1.60,7.20
2009.06.26 16:44:18.941,1.1509,1.1512,5.40,9.60
2009.06.26 16:44:19.171,1.15085,1.15115,1.40,2.60
2009.06.26 16:44:19.341,1.1508,1.15115,3.00,2.60
2009.06.26 16:44:19.511,1.1508,1.15115,1.40,5.80
2009.06.26 16:44:19.691,1.1508,1.15115,3.00,5.80
2009.06.26 16:44:19.871,1.1508,1.15115,1.40,5.80
2009.06.26 16:44:20.551,1.1508,1.15115,3.00,5.80
2009.06.26 16:44:22.291,1.1509,1.15115,1.00,5.80
2009.06.26 16:44:22.580,1.15095,1.15115,1.00,5.80
2009.06.26 16:44:22.870,1.15085,1.15125,5.00,12.80
2009.06.26 16:44:23.340,1.15085,1.15125,5.00,13.20
2009.06.26 16:44:23.620,1.15085,1.15125,4.20,13.60
2009.06.26 16:44:23.680,1.1508,1.15115,5.20,1.00
2009.06.26 16:44:23.790,1.1508,1.15115,4.20,1.00
2009.06.26 16:44:25.060,1.1508,1.1512,4.20,12.20
2009.06.26 16:44:25.409,1.1509,1.1512,1.00,12.20
2009.06.26 16:44:25.589,1.1509,1.1512,1.00,9.00
2009.06.26 16:44:25.930,1.1509,1.1512,1.00,12.20
2009.06.26 16:44:26.159,1.1509,1.1512,1.00,5.80
2009.06.26 16:44:26.219,1.15085,1.1512,1.00,5.80
2009.06.26 16:44:26.449,1.15085,1.1511,1.00,1.00
2009.06.26 16:44:26.669,1.1509,1.1511,1.60,1.00
2009.06.26 16:44:31.248,1.1509,1.1511,1.60,1.00
2009.06.26 16:44:31.638,1.1509,1.1512,1.60,2.60
2009.06.26 16:44:31.818,1.151,1.1512,1.00,2.60
2009.06.26 16:44:31.918,1.151,1.15125,1.00,7.40
2009.06.26 16:44:31.978,1.151,1.15125,1.00,5.80
2009.06.26 16:44:32.098,1.151,1.15125,1.00,2.60
2009.06.26 16:44:32.438,1.151,1.15125,1.00,2.60
2009.06.26 16:44:32.998,1.151,1.1513,1.00,2.60
2009.06.26 16:44:40.466,1.151,1.1513,1.00,5.80
2009.06.26 16:44:42.356,1.151,1.1513,1.00,2.60
2009.06.26 16:44:44.205,1.15095,1.1512,1.00,1.00
2009.06.26 16:44:44.555,1.15095,1.1513,1.00,2.60
2009.06.26 16:44:44.955,1.15095,1.15125,1.00,2.60
2009.06.26 16:44:45.305,1.1509,1.15125,2.60,3.60
2009.06.26 16:44:50.884,1.15105,1.1512,1.20,2.60
2009.06.26 16:44:51.054,1.15105,1.15125,1.20,7.80
2009.06.26 16:44:52.803,1.15105,1.1512,1.20,4.60
2009.06.26 16:44:58.272,1.15105,1.1512,1.20,3.00
2009.06.26 16:44:58.552,1.15105,1.1512,1.20,1.40
2009.06.26 16:45:00.481,1.15095,1.1512,4.20,2.60
2009.06.26 16:45:00.591,1.15095,1.1512,1.20,2.60
2009.06.26 16:45:02.041,1.15105,1.15125,1.20,7.80
2009.06.26 16:45:13.388,1.1511,1.15125,1.00,6.40
2009.06.26 16:45:13.718,1.1511,1.15125,1.80,6.40
2009.06.26 16:45:13.888,1.1511,1.15135,1.80,8.80
2009.06.26 16:45:14.008,1.1511,1.15135,1.80,5.60
2009.06.26 16:45:14.298,1.1511,1.15135,1.20,5.60
2009.06.26 16:45:14.578,1.1511,1.15135,1.20,12.00
2009.06.26 16:45:14.928,1.1511,1.15125,1.20,1.40
2009.06.26 16:45:15.268,1.1511,1.15125,1.20,1.40
2009.06.26 16:45:15.618,1.15105,1.15125,1.20,1.40
2009.06.26 16:45:16.268,1.15085,1.1511,5.60,1.20
2009.06.26 16:45:16.617,1.15085,1.15115,1.20,3.60
2009.06.26 16:45:17.247,1.1508,1.151,1.20,1.40
2009.06.26 16:45:17.477,1.1508,1.151,3.20,1.00
2009.06.26 16:45:17.697,1.1508,1.151,1.60,1.00
2009.06.26 16:45:18.217,1.1508,1.15105,1.60,2.40
2009.06.26 16:45:18.457,1.15085,1.15095,1.20,2.40
2009.06.26 16:45:18.677,1.15085,1.15095,1.20,1.60
2009.06.26 16:45:19.417,1.15085,1.151,1.20,1.40
2009.06.26 16:45:19.717,1.15075,1.1509,1.20,1.00
2009.06.26 16:45:20.406,1.15075,1.1509,1.20,1.20
2009.06.26 16:45:20.876,1.1507,1.1508,1.60,1.40
2009.06.26 16:45:20.996,1.15065,1.1508,1.20,1.40
2009.06.26 16:45:25.175,1.1507,1.1509,1.00,7.40
2009.06.26 16:45:25.395,1.1507,1.15095,1.60,8.80
2009.06.26 16:45:25.695,1.1507,1.15095,1.60,5.40
2009.06.26 16:45:25.865,1.1507,1.15095,1.40,5.40
2009.06.26 16:45:26.045,1.1507,1.15095,1.00,5.60
2009.06.26 16:45:27.065,1.1507,1.15095,1.00,5.40
2009.06.26 16:45:28.914,1.1507,1.15095,1.00,5.60
2009.06.26 16:45:29.145,1.1507,1.15095,1.00,5.40
2009.06.26 16:45:29.374,1.15075,1.1509,1.20,7.80
2009.06.26 16:45:29.554,1.15075,1.1509,1.20,4.60
2009.06.26 16:45:30.454,1.1508,1.1509,1.80,3.20
2009.06.26 16:45:30.754,1.1508,1.1509,1.20,1.00
2009.06.26 16:45:30.984,1.1508,1.1511,1.20,5.60
2009.06.26 16:45:32.433,1.1508,1.15095,1.20,1.20
2009.06.26 16:45:33.923,1.15085,1.15115,1.20,13.80
2009.06.26 16:45:34.273,1.15085,1.15115,1.20,7.20
2009.06.26 16:45:34.623,1.15095,1.1512,1.20,7.80
2009.06.26 16:45:35.203,1.15095,1.1512,1.20,17.20
2009.06.26 16:45:35.433,1.1509,1.15115,1.00,2.60
2009.06.26 16:45:39.822,1.15105,1.15115,1.80,1.00
2009.06.26 16:45:40.162,1.1509,1.15115,3.80,1.00
2009.06.26 16:45:40.491,1.15095,1.1511,1.00,1.00
2009.06.26 16:45:40.891,1.1509,1.1511,1.20,1.00
2009.06.26 16:45:43.951,1.15095,1.1512,1.20,9.00
2009.06.26 16:45:44.181,1.15095,1.1512,1.80,2.60
2009.06.26 16:45:44.460,1.15095,1.1512,1.80,1.00
2009.06.26 16:45:44.741,1.15095,1.15125,1.80,3.20
2009.06.26 16:45:45.021,1.15095,1.15125,1.20,3.60
2009.06.26 16:45:45.251,1.15105,1.1512,1.20,1.20
2009.06.26 16:45:45.890,1.15085,1.1512,1.00,2.60
2009.06.26 16:45:46.240,1.1509,1.15125,1.20,10.20
2009.06.26 16:45:46.480,1.15095,1.15125,1.00,9.60
2009.06.26 16:45:46.590,1.15095,1.15125,1.00,3.20
2009.06.26 16:45:46.830,1.151,1.1512,1.20,1.40
2009.06.26 16:45:48.170,1.15105,1.1513,1.20,9.00
2009.06.26 16:45:48.280,1.151,1.15115,1.00,1.00
2009.06.26 16:45:48.400,1.1509,1.15115,1.80,2.40
2009.06.26 16:45:48.689,1.151,1.1512,1.20,6.40
2009.06.26 16:45:48.800,1.151,1.1512,1.20,3.20
2009.06.26 16:45:48.919,1.151,1.1514,1.20,9.00
2009.06.26 16:45:49.159,1.151,1.1513,1.20,1.40
2009.06.26 16:45:50.399,1.15085,1.1511,1.20,4.60
2009.06.26 16:45:50.739,1.15085,1.1511,1.20,7.80
2009.06.26 16:45:50.899,1.15085,1.15115,1.40,1.00
2009.06.26 16:45:51.069,1.15085,1.15115,2.20,1.00
2009.06.26 16:45:51.929,1.1509,1.1511,2.00,1.00
2009.06.26 16:45:52.329,1.151,1.1511,1.20,1.00
2009.06.26 16:45:52.559,1.151,1.1512,1.20,1.20
2009.06.26 16:45:52.959,1.151,1.1512,1.20,1.20
2009.06.26 16:45:53.239,1.151,1.1512,1.40,1.20
2009.06.26 16:45:53.578,1.151,1.1512,1.00,1.20
2009.06.26 16:45:53.878,1.151,1.1512,1.40,1.20
2009.06.26 16:45:54.458,1.15105,1.1512,1.20,1.20
2009.06.26 16:45:54.688,1.15105,1.1512,1.20,1.40
2009.06.26 16:45:55.088,1.15105,1.1512,1.20,1.20
2009.06.26 16:45:55.268,1.15105,1.1512,1.20,1.40
2009.06.26 16:45:59.157,1.1511,1.1513,1.00,5.00
2009.06.26 16:45:59.377,1.1511,1.15135,1.80,5.00
2009.06.26 16:45:59.677,1.1511,1.1513,1.80,4.80
2009.06.26 16:45:59.957,1.15115,1.1515,1.20,2.60
2009.06.26 16:46:00.187,1.15115,1.1515,1.20,4.00
2009.06.26 16:46:00.477,1.15115,1.15145,1.20,2.60
2009.06.26 16:46:01.726,1.15115,1.1513,1.20,1.20
2009.06.26 16:46:11.544,1.15115,1.1514,1.20,2.60
2009.06.26 16:46:11.874,1.15115,1.1513,1.20,1.00
2009.06.26 16:46:18.742,1.15115,1.1513,1.20,1.20
2009.06.26 16:46:18.912,1.15115,1.1512,1.20,1.00
2009.06.26 16:46:19.143,1.1511,1.1512,1.40,1.00
2009.06.26 16:46:19.322,1.1511,1.1512,1.20,1.00
2009.06.26 16:46:20.302,1.1511,1.1512,1.80,1.00
2009.06.26 16:46:20.832,1.1511,1.1514,1.60,10.40
2009.06.26 16:46:21.682,1.1511,1.15125,1.40,1.00
2009.06.26 16:46:21.972,1.1511,1.15125,1.20,1.00
2009.06.26 16:46:22.881,1.1511,1.1512,1.20,6.40
2009.06.26 16:46:23.051,1.151,1.1511,3.20,1.00
2009.06.26 16:46:23.221,1.15105,1.15125,1.20,6.40
2009.06.26 16:46:23.331,1.15105,1.15125,1.20,4.00
2009.06.26 16:46:23.501,1.15095,1.1513,1.20,3.00
2009.06.26 16:46:24.501,1.15095,1.15125,1.20,4.00
2009.06.26 16:46:24.851,1.15095,1.15115,1.20,1.20
2009.06.26 16:46:25.241,1.1509,1.15105,1.20,1.40
2009.06.26 16:46:25.591,1.1509,1.15105,1.20,1.00
2009.06.26 16:46:27.291,1.15095,1.151,1.20,1.00
2009.06.26 16:46:27.800,1.151,1.15115,1.20,4.40
2009.06.26 16:46:29.930,1.151,1.1511,1.20,1.00
2009.06.26 16:46:30.610,1.151,1.1513,1.20,11.60
2009.06.26 16:46:31.410,1.151,1.1513,1.20,11.80
2009.06.26 16:46:35.178,1.151,1.15125,1.20,11.80
2009.06.26 16:46:38.667,1.15105,1.15115,1.20,1.00
2009.06.26 16:46:39.288,1.151,1.15115,1.20,1.00
2009.06.26 16:46:40.707,1.151,1.1513,1.20,7.40
2009.06.26 16:46:40.997,1.151,1.15125,1.20,6.40
2009.06.26 16:46:51.684,1.15105,1.1512,1.20,1.20
2009.06.26 16:46:55.304,1.15105,1.1512,1.20,1.40
2009.06.26 16:46:55.643,1.15105,1.1512,1.20,1.20
2009.06.26 16:47:00.532,1.151,1.15125,1.20,7.80
2009.06.26 16:47:00.872,1.151,1.15115,1.20,1.20
2009.06.26 16:47:01.392,1.151,1.15115,1.20,1.00
2009.06.26 16:47:01.932,1.151,1.1511,1.20,1.20
2009.06.26 16:47:05.941,1.151,1.1511,1.20,1.40
2009.06.26 16:47:06.291,1.1508,1.151,4.60,1.40
2009.06.26 16:47:06.511,1.15075,1.1509,1.20,1.00
2009.06.26 16:47:06.791,1.1507,1.1509,4.20,1.00
2009.06.26 16:47:06.961,1.1507,1.1509,1.20,1.00
2009.06.26 16:47:07.651,1.15075,1.1509,1.20,1.00
2009.06.26 16:47:08.031,1.15075,1.1508,1.20,1.40
2009.06.26 16:47:08.271,1.1507,1.1508,1.20,1.40
2009.06.26 16:47:08.511,1.1507,1.1508,1.20,2.60
2009.06.26 16:47:08.751,1.15065,1.1507,1.20,1.40
2009.06.26 16:47:08.980,1.1506,1.15075,2.60,4.00
2009.06.26 16:47:09.220,1.1506,1.1507,1.20,2.60
2009.06.26 16:47:10.350,1.15055,1.1507,5.80,2.60
2009.06.26 16:47:10.590,1.1506,1.15075,3.20,2.60
2009.06.26 16:47:13.359,1.1506,1.15075,2.20,2.60
2009.06.26 16:47:13.799,1.1506,1.1508,2.20,3.20
2009.06.26 16:47:15.329,1.1506,1.15085,3.20,4.60
2009.06.26 16:47:17.138,1.1506,1.15075,3.20,1.20
2009.06.26 16:47:17.878,1.1506,1.15075,2.60,1.00
2009.06.26 16:47:18.218,1.15055,1.1507,5.80,1.40
2009.06.26 16:47:19.438,1.1506,1.1509,4.20,4.60
2009.06.26 16:47:21.297,1.1506,1.15085,3.60,4.60
2009.06.26 16:47:21.627,1.1506,1.15085,3.20,4.60
2009.06.26 16:47:23.057,1.1506,1.15075,3.20,1.00
2009.06.26 16:47:23.287,1.1506,1.15075,2.20,1.00
2009.06.26 16:47:23.467,1.1506,1.15085,3.00,4.00
2009.06.26 16:47:23.697,1.1506,1.15085,1.60,4.00
2009.06.26 16:47:24.107,1.1506,1.1508,2.60,1.00
2009.06.26 16:47:24.897,1.1506,1.1508,1.40,3.20
2009.06.26 16:47:25.856,1.1506,1.1508,1.20,3.20
2009.06.26 16:47:26.086,1.1506,1.1507,2.00,1.00
2009.06.26 16:47:26.326,1.1506,1.1507,1.20,1.00
2009.06.26 16:47:26.556,1.1506,1.1507,1.20,1.00
2009.06.26 16:47:26.826,1.1506,1.1507,1.80,1.00
2009.06.26 16:47:26.996,1.1506,1.1509,2.60,3.80
2009.06.26 16:47:27.446,1.1506,1.15085,2.60,1.00
2009.06.26 16:47:27.626,1.1506,1.15085,1.60,1.40
2009.06.26 16:47:28.086,1.1506,1.15085,1.20,3.20
2009.06.26 16:47:28.356,1.15055,1.1508,8.20,4.60
2009.06.26 16:47:28.576,1.15055,1.1508,5.00,4.60
2009.06.26 16:47:28.816,1.1506,1.15085,1.20,7.80
2009.06.26 16:47:29.175,1.1506,1.15085,1.20,4.60
2009.06.26 16:47:29.875,1.1505,1.15075,5.80,1.00
2009.06.26 16:47:30.165,1.1505,1.15075,4.80,1.20
2009.06.26 16:47:30.455,1.1505,1.15065,1.00,1.40
2009.06.26 16:47:30.745,1.15045,1.15075,9.00,3.20
2009.06.26 16:47:31.025,1.15045,1.1507,5.80,3.20
2009.06.26 16:47:31.245,1.1505,1.1507,1.00,3.20
2009.06.26 16:47:34.144,1.1505,1.1508,1.60,4.20
2009.06.26 16:47:34.314,1.1505,1.15075,1.60,4.60
2009.06.26 16:47:34.644,1.1505,1.1507,2.60,1.20
2009.06.26 16:47:34.874,1.1505,1.1506,2.00,1.40
2009.06.26 16:47:35.154,1.1505,1.1506,1.20,1.40
2009.06.26 16:47:35.544,1.1505,1.1506,1.60,1.40
2009.06.26 16:47:35.944,1.15045,1.1506,4.60,1.40
2009.06.26 16:47:36.294,1.1504,1.1505,6.20,1.00
2009.06.26 16:47:36.633,1.15035,1.1506,1.60,2.60
2009.06.26 16:47:36.973,1.15025,1.1505,5.80,1.40
2009.06.26 16:47:37.303,1.15035,1.15055,1.60,10.40
2009.06.26 16:47:37.533,1.15035,1.15045,1.60,3.60
2009.06.26 16:47:37.833,1.15035,1.15045,1.60,2.60
2009.06.26 16:47:38.054,1.1501,1.15045,1.60,2.60
2009.06.26 16:47:38.573,1.1502,1.1505,1.20,2.60
2009.06.26 16:47:38.983,1.15025,1.1505,1.20,2.60
2009.06.26 16:47:39.383,1.1502,1.15045,1.20,4.60
2009.06.26 16:47:43.242,1.15015,1.1504,1.00,3.20
2009.06.26 16:47:43.592,1.1501,1.1504,4.40,3.20
2009.06.26 16:47:43.932,1.1501,1.1504,1.00,5.80
2009.06.26 16:47:44.632,1.15,1.15035,4.60,2.60
2009.06.26 16:47:44.862,1.15,1.1504,4.20,6.60
2009.06.26 16:47:45.202,1.14995,1.1503,1.00,2.60
2009.06.26 16:47:46.621,1.14995,1.15025,1.00,2.60
2009.06.26 16:47:47.151,1.14995,1.15025,1.40,2.60
2009.06.26 16:47:47.491,1.15,1.15035,1.60,6.80
2009.06.26 16:47:47.851,1.1501,1.15035,1.00,2.60
2009.06.26 16:47:47.961,1.1501,1.1503,1.00,2.60
2009.06.26 16:47:48.521,1.15005,1.15035,3.00,2.60
2009.06.26 16:47:48.751,1.15005,1.1504,3.00,5.80
2009.06.26 16:47:49.031,1.15015,1.1504,1.60,5.80
2009.06.26 16:47:49.950,1.15015,1.15025,1.60,3.20
2009.06.26 16:47:50.170,1.15015,1.15025,1.60,4.00
2009.06.26 16:47:50.390,1.15015,1.1502,1.60,1.00
2009.06.26 16:47:50.570,1.15015,1.1505,1.60,7.40
2009.06.26 16:47:50.790,1.1501,1.1505,1.00,5.80
2009.06.26 16:47:52.120,1.15,1.15025,7.00,4.00
2009.06.26 16:47:52.230,1.15005,1.15025,1.00,4.00
2009.06.26 16:47:52.520,1.15005,1.15045,1.00,9.00
2009.06.26 16:47:52.580,1.15005,1.15045,1.00,7.40
2009.06.26 16:47:52.760,1.15,1.15045,4.20,5.80
2009.06.26 16:47:55.089,1.14995,1.15025,9.00,3.60
2009.06.26 16:47:55.539,1.14995,1.15025,9.00,3.80
2009.06.26 16:47:56.119,1.14995,1.15025,9.00,4.00
2009.06.26 16:47:56.639,1.14995,1.15015,9.00,3.80
2009.06.26 16:47:57.089,1.15,1.15015,1.60,3.80
2009.06.26 16:47:57.828,1.15,1.15005,1.60,1.00
2009.06.26 16:47:58.168,1.15,1.1501,1.60,1.00
2009.06.26 16:47:58.768,1.15,1.1501,1.60,2.60
2009.06.26 16:47:59.108,1.15,1.15005,1.60,1.00
2009.06.26 16:47:59.388,1.15,1.15005,2.40,1.00
2009.06.26 16:47:59.858,1.15,1.1504,2.40,5.80
2009.06.26 16:48:03.367,1.15005,1.1503,3.60,3.20
2009.06.26 16:48:06.636,1.15,1.1502,4.40,1.40
2009.06.26 16:48:06.796,1.15,1.1502,4.40,3.20
2009.06.26 16:48:06.906,1.15,1.1502,3.60,3.20
2009.06.26 16:48:07.356,1.15005,1.1503,3.60,3.20
2009.06.26 16:48:07.776,1.15,1.1502,3.60,3.20
2009.06.26 16:48:08.356,1.15,1.1502,1.80,3.20
2009.06.26 16:48:08.686,1.15,1.1502,1.60,3.20
2009.06.26 16:48:09.566,1.1499,1.1502,2.20,3.20
2009.06.26 16:48:10.226,1.1499,1.1502,7.00,1.40
2009.06.26 16:48:10.515,1.1499,1.1502,5.80,1.40
2009.06.26 16:48:15.934,1.1499,1.1502,5.20,1.40
2009.06.26 16:48:16.214,1.15,1.1501,1.60,4.00
2009.06.26 16:48:16.664,1.15,1.1501,1.60,1.00
2009.06.26 16:48:17.914,1.15,1.1502,1.60,5.80
2009.06.26 16:48:18.833,1.15,1.1502,2.40,5.80
2009.06.26 16:48:18.953,1.15,1.1502,2.40,2.60
2009.06.26 16:48:19.233,1.15,1.15025,2.40,5.80
2009.06.26 16:48:19.523,1.15,1.15025,2.40,2.60
2009.06.26 16:48:19.703,1.15,1.1503,2.40,12.20
2009.06.26 16:48:20.513,1.15,1.1503,1.00,12.20
2009.06.26 16:48:23.272,1.15,1.1503,1.00,14.80
2009.06.26 16:48:24.342,1.15,1.15015,1.00,1.00
2009.06.26 16:48:24.682,1.1498,1.15015,6.20,1.00
2009.06.26 16:48:25.472,1.14985,1.1501,5.60,1.20
2009.06.26 16:48:25.652,1.14985,1.1501,2.40,1.00
2009.06.26 16:48:25.932,1.14985,1.1501,4.60,1.20
2009.06.26 16:48:26.232,1.14985,1.1501,3.60,1.20
2009.06.26 16:48:26.632,1.1499,1.1501,1.60,3.20
2009.06.26 16:48:26.932,1.1498,1.1501,5.80,2.60
2009.06.26 16:48:27.231,1.1498,1.1501,5.80,1.00
2009.06.26 16:48:28.181,1.14995,1.1501,1.60,1.00
2009.06.26 16:48:33.190,1.15005,1.1502,1.00,3.20
2009.06.26 16:48:33.410,1.15,1.15025,2.40,2.60
2009.06.26 16:48:33.800,1.1501,1.1503,1.00,12.20
2009.06.26 16:48:34.030,1.1501,1.1503,1.00,5.80
2009.06.26 16:48:34.750,1.1501,1.1503,1.00,12.20
2009.06.26 16:48:35.780,1.15,1.1503,2.40,12.20
2009.06.26 16:48:36.589,1.15,1.1503,1.00,12.20
2009.06.26 16:48:38.649,1.1501,1.1503,1.00,12.20
2009.06.26 16:48:39.279,1.1501,1.15035,1.00,14.80
2009.06.26 16:48:39.679,1.1501,1.1503,1.00,3.20
2009.06.26 16:48:40.018,1.1501,1.15035,1.00,8.00
2009.06.26 16:48:40.179,1.1502,1.15035,1.00,5.80
2009.06.26 16:48:40.408,1.1502,1.1504,1.00,2.60
2009.06.26 16:48:40.689,1.1502,1.1504,1.00,7.20
2009.06.26 16:48:40.868,1.1503,1.1506,1.00,6.40
2009.06.26 16:48:43.828,1.1503,1.15055,1.00,3.00
2009.06.26 16:48:44.677,1.1503,1.1505,1.00,1.00
2009.06.26 16:48:45.187,1.1503,1.1505,1.00,1.00
2009.06.26 16:48:46.917,1.1503,1.1505,1.00,1.00
2009.06.26 16:48:47.207,1.1503,1.1505,1.00,1.00
2009.06.26 16:48:47.547,1.1503,1.1505,1.00,1.00
2009.06.26 16:48:49.136,1.1503,1.1505,1.00,1.00
2009.06.26 16:48:49.656,1.1503,1.1505,1.00,1.00
2009.06.26 16:48:49.936,1.1503,1.1505,1.00,1.20
2009.06.26 16:48:50.276,1.1503,1.1505,1.00,1.00
2009.06.26 16:48:51.495,1.1503,1.1505,1.00,1.00
2009.06.26 16:48:51.666,1.1503,1.1505,1.00,1.00
2009.06.26 16:48:52.465,1.1503,1.1505,1.00,1.00
2009.06.26 16:48:52.806,1.1503,1.1505,1.00,1.00
2009.06.26 16:48:53.045,1.1503,1.1505,1.00,1.20
2009.06.26 16:48:53.285,1.1503,1.1505,1.00,1.00
2009.06.26 16:48:53.815,1.1503,1.1505,1.00,1.00
2009.06.26 16:48:54.605,1.1503,1.1505,1.00,1.00
2009.06.26 16:48:55.335,1.1503,1.1505,1.00,1.00
2009.06.26 16:48:55.625,1.1503,1.1505,1.00,1.00
2009.06.26 16:48:55.914,1.1503,1.1505,1.00,1.20
2009.06.26 16:48:56.185,1.1503,1.1505,1.00,1.20
2009.06.26 16:48:56.704,1.1503,1.1505,1.00,1.20
2009.06.26 16:48:58.204,1.1503,1.1505,1.00,1.00
2009.06.26 16:48:59.184,1.1504,1.1507,1.60,3.20
2009.06.26 16:48:59.404,1.1504,1.15075,1.80,10.60
2009.06.26 16:48:59.584,1.15045,1.15075,4.20,5.40
2009.06.26 16:48:59.754,1.15045,1.15075,4.20,1.00
2009.06.26 16:48:59.924,1.15045,1.15075,1.00,1.00
2009.06.26 16:49:00.493,1.15045,1.1507,1.00,1.20
2009.06.26 16:49:00.833,1.1504,1.1507,5.40,1.40
2009.06.26 16:49:01.184,1.1504,1.15065,2.60,2.60
2009.06.26 16:49:01.423,1.1504,1.15065,2.60,3.40
2009.06.26 16:49:01.533,1.1504,1.1506,2.60,2.60
2009.06.26 16:49:06.092,1.1504,1.1506,1.60,2.60
2009.06.26 16:49:06.382,1.1504,1.1508,2.60,8.40
2009.06.26 16:49:06.712,1.1504,1.1508,2.60,8.60
2009.06.26 16:49:07.122,1.15045,1.1508,1.00,8.60
2009.06.26 16:49:08.142,1.15045,1.15075,1.00,8.80
2009.06.26 16:49:10.271,1.1504,1.15065,1.00,5.80
2009.06.26 16:49:10.611,1.15035,1.15065,1.00,3.20
2009.06.26 16:49:10.901,1.15035,1.15065,1.00,5.80
2009.06.26 16:49:11.251,1.1503,1.15065,1.20,5.80
2009.06.26 16:49:11.761,1.1503,1.15055,2.40,1.00
2009.06.26 16:49:12.441,1.1503,1.15055,1.20,1.00
2009.06.26 16:49:20.319,1.1503,1.1505,1.20,1.00
2009.06.26 16:49:23.828,1.1503,1.1505,1.20,1.00
2009.06.26 16:49:23.998,1.1503,1.1505,1.20,1.00
2009.06.26 16:49:24.358,1.1503,1.1507,1.40,5.80
2009.06.26 16:49:25.207,1.1503,1.1507,3.00,5.80
2009.06.26 16:49:25.997,1.1503,1.15055,2.40,1.00
2009.06.26 16:49:26.517,1.1503,1.15055,1.20,1.00
2009.06.26 16:49:28.007,1.1503,1.1505,1.20,1.00
2009.06.26 16:49:30.366,1.1503,1.1505,1.20,1.00
2009.06.26 16:49:34.025,1.1503,1.1505,1.20,1.00
2009.06.26 16:49:35.585,1.1503,1.1505,1.80,1.00
2009.06.26 16:49:35.755,1.1503,1.1505,1.00,1.00
2009.06.26 16:49:36.445,1.1503,1.1504,1.00,1.00
2009.06.26 16:49:36.795,1.15025,1.15045,1.00,4.60
2009.06.26 16:49:37.075,1.1502,1.15045,3.80,4.60
2009.06.26 16:49:37.654,1.1502,1.15045,3.20,4.60
2009.06.26 16:49:44.473,1.1502,1.15045,2.60,8.80
2009.06.26 16:49:44.983,1.15015,1.1502,3.80,1.40
2009.06.26 16:49:45.333,1.1499,1.1502,4.80,1.40
2009.06.26 16:49:45.783,1.1499,1.1502,1.60,1.40
2009.06.26 16:49:46.412,1.14995,1.1501,1.00,1.40
2009.06.26 16:49:48.032,1.14995,1.15,1.00,1.00
2009.06.26 16:49:48.482,1.14995,1.1501,1.00,1.40
2009.06.26 16:49:50.381,1.14995,1.15,1.00,1.00
2009.06.26 16:49:50.731,1.14995,1.15,1.00,1.00
2009.06.26 16:49:52.501,1.14995,1.15,1.00,3.20
2009.06.26 16:49:54.931,1.14995,1.15,1.00,1.00
2009.06.26 16:49:55.800,1.14995,1.15,1.00,1.00
2009.06.26 16:49:56.100,1.14995,1.15,1.00,1.00
2009.06.26 16:49:56.440,1.14995,1.15,1.00,3.20
2009.06.26 16:49:56.850,1.1497,1.15,1.00,5.80
2009.06.26 16:49:57.250,1.14965,1.15,4.20,4.60
2009.06.26 16:49:57.650,1.1497,1.1501,4.40,8.00
2009.06.26 16:49:58.010,1.1498,1.1501,2.40,2.60
2009.06.26 16:49:58.170,1.14975,1.15015,5.20,13.00
2009.06.26 16:49:58.450,1.14975,1.15015,5.20,13.80
2009.06.26 16:50:02.258,1.1498,1.15005,1.00,1.00
2009.06.26 16:50:02.708,1.14975,1.15,4.60,1.00
2009.06.26 16:50:03.058,1.14975,1.15,4.60,1.00
2009.06.26 16:50:03.938,1.14975,1.15,4.20,1.00
2009.06.26 16:50:04.908,1.14975,1.15,1.00,1.00
2009.06.26 16:50:05.238,1.1498,1.15,1.00,1.00
2009.06.26 16:50:06.518,1.1498,1.1501,1.00,12.20
2009.06.26 16:50:07.777,1.1498,1.1501,1.00,5.80
2009.06.26 16:50:08.807,1.1498,1.1501,1.00,2.60
2009.06.26 16:50:09.277,1.14975,1.15015,5.20,13.80
2009.06.26 16:50:11.516,1.14975,1.15015,6.20,10.60
2009.06.26 16:50:11.956,1.14975,1.1501,5.20,9.60
2009.06.26 16:50:12.126,1.1498,1.1501,1.00,12.20
2009.06.26 16:50:15.606,1.1499,1.1501,1.00,2.60
2009.06.26 16:50:16.055,1.1499,1.15015,4.00,4.60
2009.06.26 16:50:17.805,1.14985,1.1501,1.80,3.20
2009.06.26 16:50:18.145,1.14985,1.1501,4.60,1.40
2009.06.26 16:50:18.965,1.14995,1.1502,1.00,9.60
2009.06.26 16:50:19.185,1.14995,1.1502,1.00,3.20
2009.06.26 16:50:20.284,1.15005,1.1502,1.00,3.20
2009.06.26 16:50:20.464,1.1501,1.1502,1.00,3.20
2009.06.26 16:50:21.054,1.1501,1.1502,1.00,3.20
2009.06.26 16:50:21.334,1.1501,1.1502,1.00,3.20
2009.06.26 16:50:21.494,1.1501,1.15025,1.00,3.20
2009.06.26 16:50:21.894,1.1501,1.15025,3.40,1.40
2009.06.26 16:50:22.064,1.1501,1.1505,3.40,14.40
2009.06.26 16:50:22.694,1.1502,1.15045,1.00,3.20
2009.06.26 16:50:23.403,1.1502,1.15045,1.80,3.20
2009.06.26 16:50:24.093,1.1503,1.15045,1.00,3.20
2009.06.26 16:50:24.273,1.1502,1.15045,1.80,3.20
2009.06.26 16:50:25.223,1.1503,1.15045,1.00,3.20
2009.06.26 16:50:25.913,1.15025,1.15045,4.40,1.60
2009.06.26 16:50:26.203,1.1503,1.15065,2.40,12.20
2009.06.26 16:50:26.523,1.1504,1.15065,1.00,9.60
2009.06.26 16:50:30.482,1.1504,1.1505,1.00,3.20
2009.06.26 16:50:30.762,1.1504,1.1506,1.00,3.20
2009.06.26 16:50:30.932,1.1504,1.15065,1.00,12.20
2009.06.26 16:50:34.231,1.1504,1.15055,1.00,1.00
2009.06.26 16:50:34.682,1.15015,1.1505,3.00,3.20
2009.06.26 16:50:36.091,1.1502,1.1505,2.40,5.80
2009.06.26 16:50:36.830,1.1502,1.1505,1.00,5.80
2009.06.26 16:50:37.120,1.1502,1.1505,1.00,12.20
2009.06.26 16:50:37.520,1.1502,1.1505,1.00,12.20
2009.06.26 16:50:37.920,1.1502,1.1505,1.00,12.20
2009.06.26 16:50:38.220,1.1502,1.1505,3.40,6.40
2009.06.26 16:50:38.560,1.15015,1.1505,6.20,3.20
2009.06.26 16:50:39.140,1.15015,1.1505,6.20,3.20
2009.06.26 16:50:39.750,1.15015,1.1505,6.20,3.20
2009.06.26 16:50:40.560,1.1502,1.1505,2.40,5.80
2009.06.26 16:50:40.910,1.1502,1.1505,2.40,12.20
2009.06.26 16:50:41.369,1.1502,1.1505,1.00,12.20
2009.06.26 16:50:41.820,1.1501,1.1504,4.20,1.00
2009.06.26 16:50:41.999,1.1501,1.15045,3.00,3.00
2009.06.26 16:50:42.180,1.15005,1.15045,6.20,9.40
2009.06.26 16:50:42.359,1.15005,1.15045,5.40,9.60
2009.06.26 16:50:43.179,1.15005,1.15045,5.40,9.80
2009.06.26 16:50:43.798,1.15005,1.15045,5.40,9.60
2009.06.26 16:50:44.439,1.15005,1.15045,5.40,10.40
2009.06.26 16:50:44.608,1.15005,1.15045,4.60,13.00
2009.06.26 16:50:44.879,1.15,1.1504,5.20,12.20
2009.06.26 16:50:46.628,1.15005,1.1504,3.60,9.60
2009.06.26 16:50:46.928,1.15,1.1504,5.20,12.20
2009.06.26 16:50:47.558,1.15005,1.1504,4.60,6.40
2009.06.26 16:50:47.848,1.15,1.1504,5.20,12.20
2009.06.26 16:50:51.197,1.15005,1.15035,1.00,3.80
2009.06.26 16:50:51.527,1.15005,1.15035,1.00,3.60
2009.06.26 16:50:51.637,1.15005,1.15035,1.00,3.80
2009.06.26 16:50:54.336,1.15,1.1503,2.20,5.80
2009.06.26 16:50:55.726,1.15,1.1503,1.00,5.80
2009.06.26 16:51:03.694,1.14995,1.1503,1.00,5.80
2009.06.26 16:51:04.084,1.14995,1.15015,1.00,1.00
2009.06.26 16:51:04.384,1.14995,1.15015,1.00,1.00
2009.06.26 16:51:04.654,1.14995,1.15015,1.00,1.00
2009.06.26 16:51:04.943,1.14995,1.15015,1.00,1.00
2009.06.26 16:51:05.234,1.14995,1.1501,1.00,1.00
2009.06.26 16:51:05.403,1.14995,1.1501,1.00,1.00
2009.06.26 16:51:05.913,1.15,1.1502,1.00,3.20
2009.06.26 16:51:06.203,1.15005,1.15045,5.20,3.20
2009.06.26 16:51:06.823,1.1501,1.1505,1.40,12.80
2009.06.26 16:51:07.823,1.1501,1.15045,1.40,3.20
2009.06.26 16:51:08.053,1.1502,1.1504,1.00,1.00
2009.06.26 16:51:08.353,1.15015,1.1505,5.20,3.20
2009.06.26 16:51:08.703,1.15025,1.1505,1.00,1.00
2009.06.26 16:51:09.033,1.15025,1.1506,1.00,12.20
2009.06.26 16:51:10.002,1.1503,1.1505,1.00,1.00
2009.06.26 16:51:10.352,1.1503,1.1505,1.00,1.00
2009.06.26 16:51:10.702,1.1503,1.15055,1.00,6.80
2009.06.26 16:51:10.992,1.1503,1.15055,1.00,9.40
2009.06.26 16:51:11.622,1.1503,1.1505,1.00,2.60
2009.06.26 16:51:11.802,1.1503,1.15055,1.00,12.20
2009.06.26 16:51:13.542,1.1503,1.15055,1.00,5.80
2009.06.26 16:51:13.771,1.1503,1.1505,1.00,3.20
2009.06.26 16:51:14.222,1.1503,1.15055,1.80,3.20
2009.06.26 16:51:15.001,1.1503,1.1505,1.00,3.20
2009.06.26 16:51:16.061,1.1503,1.1505,1.00,3.20
2009.06.26 16:51:17.061,1.1503,1.1505,1.00,3.20
2009.06.26 16:51:19.620,1.1503,1.1505,1.00,3.20
2009.06.26 16:51:20.270,1.1503,1.15055,1.00,12.60
2009.06.26 16:51:20.910,1.1503,1.15055,1.00,12.60
2009.06.26 16:51:22.139,1.1503,1.15055,1.00,12.60
2009.06.26 16:51:22.369,1.1503,1.15055,1.00,12.60
2009.06.26 16:51:22.820,1.1503,1.15055,1.00,12.60
2009.06.26 16:51:23.859,1.1503,1.15055,1.00,6.20
2009.06.26 16:51:24.019,1.1503,1.15055,1.80,3.40
2009.06.26 16:51:24.539,1.1503,1.15055,1.80,3.20
2009.06.26 16:51:34.656,1.1503,1.15055,1.80,3.60
2009.06.26 16:51:35.216,1.1503,1.15055,1.00,6.20
2009.06.26 16:51:35.516,1.1503,1.1505,1.00,3.20
2009.06.26 16:51:35.856,1.1503,1.1505,1.00,3.20
2009.06.26 16:51:36.086,1.1503,1.15055,1.00,6.20
2009.06.26 16:51:37.056,1.1503,1.1505,1.00,2.60
2009.06.26 16:51:37.176,1.1503,1.1505,1.00,5.80
2009.06.26 16:51:45.214,1.1504,1.1506,1.00,4.60
2009.06.26 16:51:46.563,1.1504,1.15065,1.20,3.20
2009.06.26 16:51:47.753,1.1504,1.15065,1.80,3.20
2009.06.26 16:51:48.513,1.1505,1.15065,1.00,3.20
2009.06.26 16:51:48.863,1.1505,1.15065,1.00,3.20
2009.06.26 16:51:49.203,1.1505,1.15075,1.00,23.40
2009.06.26 16:51:49.533,1.1505,1.15075,1.00,13.80
2009.06.26 16:51:52.272,1.1505,1.15075,1.00,16.40
2009.06.26 16:51:52.392,1.1503,1.1506,3.60,1.00
2009.06.26 16:51:52.512,1.15025,1.1506,9.40,1.00
2009.06.26 16:51:52.572,1.15025,1.1506,7.60,1.00
2009.06.26 16:51:52.752,1.15025,1.1506,6.80,1.00
2009.06.26 16:51:53.042,1.1502,1.1506,4.20,1.20
2009.06.26 16:51:53.432,1.15025,1.15055,1.00,4.00
2009.06.26 16:51:53.882,1.1502,1.15055,1.40,4.00
2009.06.26 16:51:54.002,1.1502,1.15055,1.40,3.00
2009.06.26 16:51:54.182,1.1502,1.1505,5.40,1.00
2009.06.26 16:51:54.302,1.15025,1.1505,1.20,1.00
2009.06.26 16:51:54.542,1.15025,1.1504,1.20,1.00
2009.06.26 16:51:54.661,1.1502,1.1504,4.20,1.40
2009.06.26 16:51:54.712,1.1502,1.1504,1.40,1.40
2009.06.26 16:51:54.942,1.15015,1.1504,6.20,1.40
2009.06.26 16:51:55.291,1.1502,1.15045,1.00,7.20
2009.06.26 16:51:56.051,1.1502,1.1504,1.00,3.20
2009.06.26 16:51:58.031,1.1501,1.1504,3.80,3.20
2009.06.26 16:51:58.151,1.1501,1.1504,1.60,2.60
2009.06.26 16:51:58.441,1.1501,1.15045,1.60,7.20
2009.06.26 16:52:01.360,1.1501,1.1504,1.60,2.60
2009.06.26 16:52:01.470,1.1501,1.1504,1.00,5.80
2009.06.26 16:52:03.660,1.15005,1.1504,1.00,5.80
2009.06.26 16:52:03.929,1.15005,1.1503,1.00,1.00
2009.06.26 16:52:04.229,1.15005,1.1503,1.00,1.20
2009.06.26 16:52:04.520,1.15,1.1503,4.20,1.00
2009.06.26 16:52:05.189,1.15,1.1503,4.20,1.20
2009.06.26 16:52:05.879,1.1501,1.1503,1.20,1.20
2009.06.26 16:52:06.219,1.1501,1.1504,1.20,2.60
2009.06.26 16:52:06.609,1.1502,1.15045,1.00,12.00
2009.06.26 16:52:07.069,1.1503,1.15045,1.60,12.00
2009.06.26 16:52:07.938,1.1503,1.15045,1.00,12.00
2009.06.26 16:52:08.228,1.1501,1.15045,1.20,12.00
2009.06.26 16:52:08.388,1.1501,1.15045,1.80,12.00
2009.06.26 16:52:09.708,1.15015,1.1504,1.80,6.40
2009.06.26 16:52:10.088,1.1502,1.1504,2.60,6.40
2009.06.26 16:52:10.318,1.1502,1.1504,1.60,6.40
2009.06.26 16:52:12.347,1.1502,1.15045,1.60,12.00
2009.06.26 16:52:14.497,1.1502,1.15045,1.00,12.00
2009.06.26 16:52:14.677,1.1502,1.15045,1.20,15.20
2009.06.26 16:52:15.067,1.15025,1.15045,1.00,15.20
2009.06.26 16:52:15.587,1.1503,1.15045,1.00,15.20
2009.06.26 16:52:15.927,1.1503,1.15045,1.60,5.60
2009.06.26 16:52:18.876,1.1502,1.15045,1.20,12.00
2009.06.26 16:52:19.726,1.15015,1.15045,2.60,12.00
2009.06.26 16:52:25.194,1.15015,1.15045,1.20,12.00
2009.06.26 16:52:25.374,1.15015,1.15045,1.80,12.00
2009.06.26 16:52:26.184,1.1502,1.15045,1.60,12.00
2009.06.26 16:52:31.033,1.1502,1.15045,1.00,12.00
2009.06.26 16:52:31.273,1.15025,1.15045,1.00,15.20
2009.06.26 16:52:37.711,1.1503,1.15045,1.60,4.20
2009.06.26 16:52:38.111,1.1503,1.15055,1.60,9.40
2009.06.26 16:52:38.621,1.1504,1.15065,1.00,9.80
2009.06.26 16:52:38.961,1.1504,1.15065,1.00,9.00
2009.06.26 16:52:39.251,1.1504,1.1506,1.00,2.60
2009.06.26 16:52:39.541,1.1505,1.1506,1.00,2.60
2009.06.26 16:52:39.931,1.1505,1.15065,1.00,9.00
2009.06.26 16:52:40.330,1.1504,1.1506,1.00,2.60
2009.06.26 16:52:40.661,1.1504,1.1506,1.00,9.00
2009.06.26 16:52:53.698,1.1504,1.1506,1.00,2.60
2009.06.26 16:52:55.447,1.1504,1.15055,1.00,2.60
2009.06.26 16:52:55.727,1.15035,1.1506,1.20,9.80
2009.06.26 16:52:56.077,1.15035,1.1506,1.20,9.00
2009.06.26 16:53:00.486,1.15045,1.15065,1.20,6.40
2009.06.26 16:53:01.295,1.15055,1.15075,1.20,7.20
2009.06.26 16:53:01.806,1.15055,1.1507,1.20,1.00
2009.06.26 16:53:15.232,1.1505,1.15075,3.40,3.20
2009.06.26 16:53:15.583,1.1506,1.15075,1.00,3.20
2009.06.26 16:53:16.152,1.1505,1.15075,2.60,3.20
2009.06.26 16:53:40.726,1.1506,1.15075,2.40,3.20
2009.06.26 16:53:44.275,1.1506,1.15075,2.40,6.40
2009.06.26 16:53:44.505,1.1506,1.15065,2.40,3.20
2009.06.26 16:53:44.915,1.1506,1.15065,1.00,3.20
2009.06.26 16:53:50.034,1.1506,1.15065,1.00,3.20
2009.06.26 16:53:54.753,1.1506,1.15065,1.00,3.20
2009.06.26 16:53:55.363,1.1506,1.15075,1.00,3.20
2009.06.26 16:53:55.703,1.1507,1.15075,1.00,3.20
2009.06.26 16:53:57.352,1.1507,1.1508,1.00,4.00
2009.06.26 16:53:58.442,1.1507,1.15075,1.00,3.20
2009.06.26 16:54:01.921,1.1506,1.15075,1.60,3.20
2009.06.26 16:54:09.969,1.1506,1.15065,1.60,1.00
2009.06.26 16:54:10.259,1.1505,1.15065,1.00,1.00
2009.06.26 16:54:10.939,1.1505,1.15075,1.00,3.20
2009.06.26 16:54:16.687,1.1505,1.1506,1.00,1.00
2009.06.26 16:54:18.737,1.1505,1.1507,1.40,3.20
2009.06.26 16:54:27.325,1.1505,1.1507,1.00,3.20
2009.06.26 16:54:27.845,1.1505,1.1507,1.00,3.20
2009.06.26 16:54:28.085,1.15045,1.1507,1.00,3.20
2009.06.26 16:54:32.633,1.1504,1.1506,1.00,1.00
2009.06.26 16:54:32.863,1.15035,1.15065,1.00,3.20
2009.06.26 16:54:33.033,1.15035,1.15065,1.00,2.80
2009.06.26 16:54:33.144,1.15035,1.1506,1.00,1.00
2009.06.26 16:54:33.583,1.1503,1.1506,5.40,3.20
2009.06.26 16:54:34.903,1.15025,1.1505,6.20,1.20
2009.06.26 16:54:35.533,1.15035,1.1504,1.20,1.00
2009.06.26 16:54:35.883,1.15035,1.1504,3.10,1.00
2009.06.26 16:54:36.573,1.1504,1.1505,3.40,1.00
2009.06.26 16:54:36.803,1.1504,1.1505,4.20,1.00
2009.06.26 16:54:37.212,1.1504,1.1505,3.20,1.00
2009.06.26 16:54:37.443,1.1504,1.1505,1.60,1.00
2009.06.26 16:54:38.022,1.1504,1.15055,1.60,2.40
2009.06.26 16:54:40.002,1.15035,1.15055,7.00,2.40
2009.06.26 16:54:40.811,1.1504,1.15055,1.60,2.40
2009.06.26 16:54:41.741,1.1504,1.1506,1.60,7.20
2009.06.26 16:54:42.031,1.15035,1.1505,1.00,4.60
2009.06.26 16:54:42.201,1.1503,1.1505,2.60,7.80
2009.06.26 16:54:42.831,1.1503,1.1505,4.20,7.80
2009.06.26 16:54:45.521,1.1503,1.15045,3.40,7.80
2009.06.26 16:54:45.921,1.15005,1.1503,2.60,1.00
2009.06.26 16:54:46.310,1.1501,1.1504,1.20,6.40
2009.06.26 16:54:49.090,1.15015,1.1503,1.20,1.00
2009.06.26 16:54:49.210,1.1501,1.1503,2.60,1.00
2009.06.26 16:54:50.289,1.1501,1.15035,2.60,6.40
2009.06.26 16:54:50.469,1.1501,1.15035,2.60,12.40
2009.06.26 16:54:50.759,1.1501,1.15035,4.20,18.80
2009.06.26 16:54:51.859,1.1501,1.15035,2.60,3.20
2009.06.26 16:54:52.039,1.1501,1.1503,1.00,3.20
2009.06.26 16:54:52.209,1.1501,1.1503,2.40,3.20
2009.06.26 16:54:52.439,1.15005,1.1503,1.20,5.80
2009.06.26 16:54:53.938,1.15,1.15025,3.40,3.20
2009.06.26 16:54:54.118,1.15,1.15025,3.40,5.80
2009.06.26 16:54:54.178,1.15,1.15015,3.40,4.60
2009.06.26 16:54:54.348,1.15,1.15015,3.40,7.80
2009.06.26 16:54:54.588,1.1501,1.15015,1.20,7.80
2009.06.26 16:54:54.888,1.15,1.15025,5.00,3.20
2009.06.26 16:54:55.168,1.15,1.15025,3.40,12.40
2009.06.26 16:54:55.568,1.15,1.15025,2.60,12.40
2009.06.26 16:54:55.798,1.15005,1.15015,1.20,3.20
2009.06.26 16:54:56.068,1.15005,1.1502,1.20,1.00
2009.06.26 16:54:57.518,1.15005,1.1503,1.20,6.60
2009.06.26 16:54:57.858,1.15005,1.1503,1.20,9.20
2009.06.26 16:54:58.208,1.15005,1.1502,1.20,3.60
2009.06.26 16:54:58.557,1.15,1.15025,1.80,2.80
2009.06.26 16:54:58.907,1.15,1.15025,1.80,2.60
2009.06.26 16:55:00.457,1.15,1.15015,1.20,2.80
2009.06.26 16:55:00.857,1.15,1.15015,1.20,9.40
2009.06.26 16:55:01.197,1.15005,1.1502,1.20,1.00
2009.06.26 16:55:01.426,1.1501,1.1502,1.00,1.00
2009.06.26 16:55:01.656,1.1501,1.1504,1.00,4.20
2009.06.26 16:55:01.877,1.1502,1.1504,1.00,2.60
2009.06.26 16:55:02.566,1.1502,1.1503,1.00,6.40
2009.06.26 16:55:02.746,1.1501,1.15015,1.40,1.00
2009.06.26 16:55:02.906,1.1498,1.15015,4.60,3.20
2009.06.26 16:55:03.026,1.14995,1.15015,1.20,1.00
2009.06.26 16:55:03.206,1.14995,1.1504,1.20,3.40
2009.06.26 16:55:03.386,1.15,1.15035,1.00,2.60
2009.06.26 16:55:03.786,1.15,1.15035,1.00,2.60
2009.06.26 16:55:03.956,1.1501,1.1504,1.00,2.60
2009.06.26 16:55:05.846,1.1501,1.15035,1.80,2.60
2009.06.26 16:55:07.825,1.1501,1.15035,1.20,7.40
2009.06.26 16:55:10.065,1.1501,1.15015,1.80,3.20
2009.06.26 16:55:10.474,1.1501,1.1502,1.80,1.00
2009.06.26 16:55:10.825,1.1501,1.1504,1.80,4.20
2009.06.26 16:55:11.154,1.1501,1.15035,1.00,6.60
2009.06.26 16:55:12.824,1.15,1.15025,1.60,6.40
2009.06.26 16:55:13.294,1.15015,1.15025,1.20,9.60
2009.06.26 16:55:13.634,1.1501,1.15025,4.00,11.20
2009.06.26 16:55:13.924,1.1499,1.15015,3.80,6.20
2009.06.26 16:55:14.203,1.14995,1.1501,1.20,1.00
2009.06.26 16:55:15.134,1.15,1.1501,1.20,1.00
2009.06.26 16:55:16.123,1.14995,1.1501,1.20,1.20
2009.06.26 16:55:16.463,1.14995,1.1501,1.20,1.00
2009.06.26 16:55:17.493,1.14995,1.1501,1.20,1.20
2009.06.26 16:55:22.452,1.1499,1.15,1.20,1.00
2009.06.26 16:55:22.742,1.14985,1.15,1.20,1.00
2009.06.26 16:55:23.132,1.14985,1.15,1.20,1.00
2009.06.26 16:55:27.071,1.14985,1.15,1.20,1.00
2009.06.26 16:55:27.350,1.14985,1.15,1.20,1.20
2009.06.26 16:55:27.692,1.1498,1.15005,1.20,4.20
2009.06.26 16:55:27.920,1.1498,1.14995,1.20,1.00
2009.06.26 16:55:28.600,1.1497,1.14995,1.20,1.00
2009.06.26 16:55:28.951,1.1497,1.14995,1.20,3.20
2009.06.26 16:55:38.428,1.1499,1.15015,1.00,12.20
2009.06.26 16:55:38.708,1.1499,1.15015,1.00,12.00
2009.06.26 16:55:40.157,1.1499,1.15015,1.00,12.20
2009.06.26 16:55:40.387,1.1499,1.15015,1.00,12.00
2009.06.26 16:55:40.677,1.1499,1.15015,1.00,11.80
2009.06.26 16:55:40.788,1.14995,1.1501,1.20,1.00
2009.06.26 16:55:41.067,1.14995,1.1502,1.20,9.00
2009.06.26 16:55:41.357,1.15,1.1502,1.00,6.40
2009.06.26 16:55:42.906,1.15,1.1502,1.00,6.40
2009.06.26 16:55:43.008,1.15,1.15025,1.00,9.00
2009.06.26 16:55:48.186,1.15,1.15025,1.00,9.00
2009.06.26 16:55:48.356,1.15,1.15025,1.00,2.60
2009.06.26 16:55:48.416,1.15005,1.1503,1.20,9.80
2009.06.26 16:55:48.645,1.1501,1.1503,1.00,2.60
2009.06.26 16:55:49.105,1.1501,1.15035,1.00,9.00
2009.06.26 16:55:49.625,1.15015,1.15035,1.20,6.40
2009.06.26 16:55:49.845,1.15015,1.1504,1.20,9.00
2009.06.26 16:55:51.365,1.1502,1.1504,1.00,6.40
2009.06.26 16:55:51.664,1.1502,1.15045,1.00,12.20
2009.06.26 16:55:51.954,1.1502,1.15045,1.00,12.20
2009.06.26 16:55:52.484,1.1502,1.15045,1.00,12.00
2009.06.26 16:55:52.984,1.1502,1.15045,1.00,12.20
2009.06.26 16:55:53.204,1.1502,1.15035,1.00,2.60
2009.06.26 16:55:53.324,1.15015,1.15035,1.20,3.00
2009.06.26 16:55:53.374,1.1501,1.15035,1.20,3.00
2009.06.26 16:55:55.604,1.1501,1.15035,1.20,3.20
2009.06.26 16:55:56.183,1.15005,1.1503,1.20,6.60
2009.06.26 16:56:02.282,1.1499,1.15015,1.20,3.80
2009.06.26 16:56:04.042,1.1499,1.15015,1.20,3.80
2009.06.26 16:56:04.101,1.14995,1.15015,1.20,4.00
2009.06.26 16:56:04.332,1.14995,1.1501,1.20,1.20
2009.06.26 16:56:04.611,1.14995,1.15,1.20,1.40
2009.06.26 16:56:05.071,1.14985,1.15,1.20,1.40
2009.06.26 16:56:05.531,1.14985,1.1501,1.60,7.40
2009.06.26 16:56:05.881,1.15,1.1502,1.20,2.60
2009.06.26 16:56:06.241,1.15005,1.1502,1.40,2.60
2009.06.26 16:56:06.581,1.15015,1.1503,1.00,2.60
2009.06.26 16:56:06.861,1.15015,1.1503,1.00,3.20
2009.06.26 16:56:07.221,1.1502,1.1503,1.00,3.20
2009.06.26 16:56:07.931,1.1501,1.15035,1.00,5.80
2009.06.26 16:56:08.221,1.1501,1.1503,1.00,3.20
2009.06.26 16:56:08.401,1.1501,1.15035,1.00,12.20
2009.06.26 16:56:08.750,1.1501,1.1503,1.00,3.20
2009.06.26 16:56:08.930,1.1501,1.1503,1.00,3.20
2009.06.26 16:56:09.500,1.1499,1.1503,6.20,3.20
2009.06.26 16:56:09.680,1.1499,1.1502,6.00,1.00
2009.06.26 16:56:09.901,1.1499,1.1502,4.20,1.00
2009.06.26 16:56:10.080,1.14995,1.1501,1.00,1.00
2009.06.26 16:56:10.430,1.14985,1.1501,3.60,1.00
2009.06.26 16:56:10.960,1.14985,1.1501,4.20,1.00
2009.06.26 16:56:11.240,1.14985,1.1501,4.20,1.00
2009.06.26 16:56:11.590,1.14985,1.1501,1.00,1.00
2009.06.26 16:56:11.930,1.1498,1.1501,4.20,1.20
2009.06.26 16:56:13.250,1.14985,1.1501,4.60,1.20
2009.06.26 16:56:13.959,1.14985,1.1501,4.60,1.00
2009.06.26 16:56:14.299,1.1498,1.1501,4.20,1.00
2009.06.26 16:56:14.639,1.1498,1.15,4.20,1.00
2009.06.26 16:56:17.378,1.1499,1.1501,1.00,1.00
2009.06.26 16:56:17.658,1.14985,1.1501,5.20,1.00
2009.06.26 16:56:17.718,1.14985,1.1502,5.20,6.40
2009.06.26 16:56:17.839,1.14985,1.1502,5.20,9.60
2009.06.26 16:56:17.958,1.14985,1.1502,5.20,9.60
2009.06.26 16:56:18.179,1.1499,1.1502,1.00,12.20
2009.06.26 16:56:18.238,1.15,1.1502,1.00,12.20
2009.06.26 16:56:18.928,1.1499,1.1502,1.00,12.20
2009.06.26 16:56:19.968,1.1499,1.1501,1.00,1.00
2009.06.26 16:56:20.198,1.1498,1.1501,4.20,1.20
2009.06.26 16:56:22.967,1.1498,1.15015,4.60,3.80
2009.06.26 16:56:23.137,1.1498,1.15015,1.40,3.40
2009.06.26 16:56:23.817,1.1498,1.1501,1.00,5.80
2009.06.26 16:56:24.157,1.1498,1.15,1.00,1.00
2009.06.26 16:56:24.806,1.1498,1.15,1.00,1.00
2009.06.26 16:56:24.986,1.1498,1.15,1.00,1.00
2009.06.26 16:56:25.676,1.14985,1.15,1.20,1.00
2009.06.26 16:56:26.186,1.14985,1.15,1.20,1.00
2009.06.26 16:56:26.836,1.14985,1.15,1.20,1.00
2009.06.26 16:56:31.686,1.14955,1.1498,4.80,2.40
2009.06.26 16:56:31.965,1.14955,1.1498,1.20,2.40
2009.06.26 16:56:36.724,1.1494,1.14965,1.80,3.20
2009.06.26 16:56:36.954,1.1494,1.14965,1.60,3.20
2009.06.26 16:56:37.564,1.1494,1.14965,1.80,3.20
2009.06.26 16:56:37.853,1.1494,1.14965,1.80,4.00
2009.06.26 16:56:38.083,1.1494,1.14965,1.20,3.80
2009.06.26 16:56:39.813,1.1494,1.14965,1.20,3.80
2009.06.26 16:56:39.983,1.1494,1.14965,1.20,4.00
2009.06.26 16:56:40.163,1.1494,1.14965,1.20,3.80
2009.06.26 16:56:40.673,1.1494,1.14955,1.20,1.00
2009.06.26 16:56:43.922,1.1494,1.1495,1.20,1.00
2009.06.26 16:56:44.762,1.1494,1.1495,1.20,1.00
2009.06.26 16:56:45.282,1.14945,1.1497,1.20,2.60
2009.06.26 16:56:45.452,1.14945,1.1498,1.20,13.40
2009.06.26 16:56:45.731,1.1495,1.1498,1.00,10.20
2009.06.26 16:56:46.011,1.1495,1.1498,1.00,3.80
2009.06.26 16:56:46.351,1.1495,1.14975,1.00,3.80
2009.06.26 16:56:47.041,1.1495,1.14975,1.00,3.80
2009.06.26 16:56:47.841,1.1495,1.14975,1.00,4.00
2009.06.26 16:56:48.011,1.1495,1.1497,1.00,2.60
2009.06.26 16:56:49.461,1.1495,1.1497,1.00,2.60
2009.06.26 16:56:49.871,1.1495,1.14975,1.00,10.20
2009.06.26 16:56:50.280,1.1495,1.14975,1.00,10.20
2009.06.26 16:56:51.310,1.1495,1.14975,1.00,10.20
2009.06.26 16:56:51.640,1.1495,1.14975,1.00,3.40
2009.06.26 16:56:52.400,1.1495,1.14975,1.00,3.60
2009.06.26 16:56:53.639,1.1495,1.14975,1.00,3.80
2009.06.26 16:56:53.920,1.1495,1.14975,1.00,3.80
2009.06.26 16:56:54.099,1.1494,1.14965,1.60,2.60
2009.06.26 16:56:54.389,1.1494,1.14965,1.60,3.00
2009.06.26 16:56:54.869,1.1494,1.14965,1.20,3.20
2009.06.26 16:56:56.069,1.1494,1.14965,1.20,3.40
2009.06.26 16:56:56.289,1.1494,1.14965,1.40,3.40
2009.06.26 16:56:56.689,1.1494,1.14965,1.40,3.80
2009.06.26 16:56:56.859,1.1494,1.14965,1.20,3.80
2009.06.26 16:56:57.729,1.1494,1.14965,1.20,3.60
2009.06.26 16:56:58.009,1.1494,1.14965,1.20,3.20
2009.06.26 16:56:58.249,1.1494,1.14965,1.80,3.00
2009.06.26 16:56:58.648,1.1494,1.14965,1.80,2.60
2009.06.26 16:56:59.169,1.1494,1.1496,1.00,6.60
2009.06.26 16:56:59.638,1.1494,1.1496,1.00,4.00
2009.06.26 16:57:01.088,1.1494,1.1496,1.00,4.00
2009.06.26 16:57:01.318,1.1494,1.1496,1.00,4.00
2009.06.26 16:57:02.398,1.14955,1.1497,1.00,8.20
2009.06.26 16:57:02.847,1.14955,1.1498,1.00,9.60
2009.06.26 16:57:03.187,1.14955,1.1499,1.00,5.80
2009.06.26 16:57:03.527,1.1497,1.1499,1.00,3.20
2009.06.26 16:57:03.878,1.1497,1.1499,1.00,3.20
2009.06.26 16:57:06.657,1.1497,1.1499,1.00,3.20
2009.06.26 16:57:07.186,1.1497,1.1499,1.00,3.20
2009.06.26 16:57:09.206,1.1496,1.1499,1.00,5.80
2009.06.26 16:57:09.486,1.14955,1.1499,5.00,3.20
2009.06.26 16:57:09.786,1.14955,1.1499,4.60,3.20
2009.06.26 16:57:10.826,1.14955,1.1499,4.80,3.20
2009.06.26 16:57:11.765,1.14955,1.1499,4.60,3.20
2009.06.26 16:57:13.305,1.1496,1.1499,1.00,5.80
2009.06.26 16:57:16.344,1.1496,1.1498,1.00,1.00
2009.06.26 16:57:16.684,1.1496,1.1499,1.00,5.80
2009.06.26 16:57:17.614,1.1497,1.1499,1.00,5.80
2009.06.26 16:57:17.834,1.1497,1.1499,1.00,5.80
2009.06.26 16:57:18.395,1.1496,1.1498,1.00,1.00
2009.06.26 16:57:18.634,1.1496,1.1497,1.00,1.00
2009.06.26 16:57:19.094,1.1496,1.1497,1.00,1.00
2009.06.26 16:57:19.324,1.1496,1.1497,1.00,1.00
2009.06.26 16:57:19.673,1.1496,1.1497,1.00,3.20
2009.06.26 16:57:21.173,1.1494,1.1496,7.60,1.00
2009.06.26 16:57:21.513,1.1494,1.1496,10.20,1.00
2009.06.26 16:57:22.203,1.14945,1.1496,7.00,1.00
2009.06.26 16:57:22.933,1.14945,1.1495,4.00,1.00
2009.06.26 16:57:23.103,1.14935,1.1495,5.00,1.20
2009.06.26 16:57:23.212,1.1493,1.1496,4.20,3.20
2009.06.26 16:57:23.672,1.1493,1.1496,4.20,1.00
2009.06.26 16:57:23.973,1.1493,1.1495,1.00,1.00
2009.06.26 16:57:24.382,1.1493,1.1495,1.00,1.00
2009.06.26 16:57:25.352,1.1493,1.1497,1.00,3.60
2009.06.26 16:57:25.642,1.1494,1.1497,1.00,3.20
2009.06.26 16:57:25.932,1.1494,1.1497,1.00,3.00
2009.06.26 16:57:27.012,1.1494,1.14965,1.00,3.00
2009.06.26 16:57:29.171,1.1494,1.14965,1.00,3.00
2009.06.26 16:57:30.001,1.1494,1.14965,1.00,3.20
2009.06.26 16:57:30.991,1.1494,1.14965,1.00,3.00
2009.06.26 16:57:32.290,1.1494,1.1496,1.00,1.00
2009.06.26 16:57:32.920,1.1495,1.1496,1.20,1.00
2009.06.26 16:57:33.310,1.14945,1.1497,4.20,3.20
2009.06.26 16:57:33.530,1.1495,1.1497,1.00,5.80
2009.06.26 16:57:33.700,1.14945,1.1497,5.00,1.00
2009.06.26 16:57:33.930,1.1495,1.14975,1.00,3.40
2009.06.26 16:57:34.330,1.14945,1.1497,6.00,1.00
2009.06.26 16:57:34.840,1.14945,1.1497,6.00,1.00
2009.06.26 16:57:35.880,1.14945,1.1497,5.40,1.00
2009.06.26 16:57:36.239,1.14945,1.1497,5.40,1.00
2009.06.26 16:57:36.589,1.14945,1.1497,3.80,1.00
2009.06.26 16:57:36.929,1.1494,1.1497,4.20,1.00
2009.06.26 16:57:37.279,1.1494,1.1497,4.60,3.20
2009.06.26 16:57:37.609,1.1494,1.1497,1.00,5.80
2009.06.26 16:57:38.009,1.1494,1.1496,1.00,1.00
2009.06.26 16:57:38.419,1.1495,1.1496,1.00,1.00
2009.06.26 16:57:38.649,1.1496,1.1497,1.00,3.20
2009.06.26 16:57:38.879,1.1496,1.14975,1.00,3.00
2009.06.26 16:57:39.059,1.14955,1.14995,4.20,9.60
2009.06.26 16:57:39.389,1.14965,1.14995,1.00,3.20
2009.06.26 16:57:39.619,1.14965,1.14995,1.00,3.20
2009.06.26 16:57:40.488,1.1497,1.14995,1.00,9.00
2009.06.26 16:57:40.648,1.1497,1.15,1.00,12.20
2009.06.26 16:57:53.145,1.14965,1.14985,1.00,1.00
2009.06.26 16:57:53.485,1.1496,1.14975,1.00,2.60
2009.06.26 16:57:53.725,1.1495,1.14975,3.80,2.60
2009.06.26 16:57:54.065,1.1495,1.14975,3.20,2.60
2009.06.26 16:57:58.314,1.14945,1.1497,5.40,1.00
2009.06.26 16:57:59.494,1.14945,1.1497,5.60,1.00
2009.06.26 16:57:59.724,1.1495,1.1497,4.20,1.00
2009.06.26 16:58:02.273,1.1496,1.1498,1.00,1.00
2009.06.26 16:58:02.443,1.14955,1.1498,5.00,1.00
2009.06.26 16:58:02.663,1.14955,1.1499,5.00,3.20
2009.06.26 16:58:02.783,1.1496,1.1499,1.00,5.80
2009.06.26 16:58:05.283,1.1496,1.1499,1.00,12.20
2009.06.26 16:58:06.562,1.1495,1.1498,4.60,3.20
2009.06.26 16:58:07.082,1.1495,1.1498,4.20,3.20
2009.06.26 16:58:12.041,1.1495,1.1498,4.60,3.20
2009.06.26 16:58:14.560,1.1495,1.1497,3.80,1.00
2009.06.26 16:58:14.850,1.14945,1.1497,5.40,1.20
2009.06.26 16:58:15.010,1.14945,1.1497,5.40,1.00
2009.06.26 16:58:16.290,1.14945,1.1497,5.80,1.00
2009.06.26 16:58:16.460,1.14945,1.1498,6.20,9.60
2009.06.26 16:58:16.640,1.14945,1.1498,6.20,3.20
2009.06.26 16:58:17.090,1.14955,1.1498,1.00,3.20
2009.06.26 16:58:18.009,1.1494,1.1498,6.20,3.20
2009.06.26 16:58:18.529,1.14945,1.1498,6.20,3.20
2009.06.26 16:58:24.368,1.1495,1.1498,4.60,3.20
2009.06.26 16:58:24.838,1.14945,1.1497,5.40,1.00
2009.06.26 16:58:26.957,1.14945,1.1497,5.40,1.00
2009.06.26 16:58:30.386,1.14945,1.1497,5.40,1.00
2009.06.26 16:58:31.806,1.14945,1.1497,5.40,1.00
2009.06.26 16:58:34.445,1.14945,1.1497,5.40,1.00
2009.06.26 16:58:36.345,1.1495,1.1496,3.20,1.00
2009.06.26 16:58:36.625,1.14945,1.1496,10.80,1.00
2009.06.26 16:58:38.124,1.1495,1.1497,1.00,3.20
2009.06.26 16:58:38.745,1.1495,1.1497,1.00,5.80
2009.06.26 16:58:38.864,1.1494,1.1496,1.00,4.00
2009.06.26 16:58:39.095,1.1494,1.14955,1.00,2.40
2009.06.26 16:58:39.315,1.1494,1.1498,1.40,3.40
2009.06.26 16:58:39.604,1.1494,1.1498,1.40,3.20
2009.06.26 16:58:41.484,1.1494,1.1497,1.40,3.20
2009.06.26 16:58:50.201,1.1495,1.1497,1.00,3.20
2009.06.26 16:58:50.722,1.1495,1.1497,1.00,3.20
2009.06.26 16:58:51.661,1.1495,1.14975,1.00,3.20
2009.06.26 16:58:56.870,1.1496,1.1499,1.00,12.20
2009.06.26 16:58:57.220,1.1496,1.1499,1.00,5.80
2009.06.26 16:59:00.019,1.1496,1.1499,1.40,5.80
2009.06.26 16:59:00.189,1.1496,1.1499,1.40,3.20
2009.06.26 16:59:01.229,1.14965,1.1499,1.00,3.20
2009.06.26 16:59:04.028,1.14975,1.1499,1.00,3.20
2009.06.26 16:59:04.318,1.1496,1.1499,2.60,3.20
2009.06.26 16:59:05.478,1.14975,1.1499,1.00,3.20
2009.06.26 16:59:05.928,1.1499,1.14995,2.40,7.20
2009.06.26 16:59:06.148,1.1499,1.14995,2.40,6.40
2009.06.26 16:59:06.508,1.14985,1.15035,3.60,6.40
2009.06.26 16:59:08.827,1.14995,1.1503,3.60,9.60
2009.06.26 16:59:09.057,1.15,1.1503,1.20,6.40
2009.06.26 16:59:09.287,1.14995,1.1503,4.60,9.60
2009.06.26 16:59:09.737,1.14995,1.1503,5.60,9.60
2009.06.26 16:59:09.917,1.15,1.1503,1.20,6.40
2009.06.26 16:59:10.037,1.14995,1.1503,4.60,9.60
2009.06.26 16:59:13.136,1.1499,1.1503,5.20,12.20
2009.06.26 16:59:13.186,1.1499,1.1502,4.20,1.00
2009.06.26 16:59:13.946,1.1499,1.1502,4.20,1.00
2009.06.26 16:59:14.436,1.1499,1.1502,4.20,1.00
2009.06.26 16:59:16.235,1.1499,1.1502,4.20,1.00
2009.06.26 16:59:16.475,1.1499,1.1502,4.20,1.00
2009.06.26 16:59:18.975,1.1499,1.1502,4.20,3.20
2009.06.26 16:59:19.085,1.1499,1.1502,4.60,3.20
2009.06.26 16:59:19.265,1.14995,1.1502,1.80,3.20
2009.06.26 16:59:19.554,1.14995,1.1502,5.00,3.20
2009.06.26 16:59:21.604,1.14995,1.1502,7.40,3.20
2009.06.26 16:59:22.164,1.14995,1.1502,6.60,3.20
2009.06.26 16:59:22.224,1.14995,1.1503,6.20,5.80
2009.06.26 16:59:22.454,1.14995,1.1503,1.00,5.80
2009.06.26 16:59:28.022,1.1499,1.1502,5.40,1.00
2009.06.26 16:59:28.672,1.1499,1.1502,4.20,1.00
2009.06.26 16:59:31.912,1.14995,1.1503,3.60,3.20
2009.06.26 16:59:32.192,1.15,1.15035,1.20,15.20
2009.06.26 16:59:33.331,1.15,1.15035,1.20,14.80
2009.06.26 16:59:33.501,1.15,1.15035,1.60,8.40
2009.06.26 16:59:33.781,1.15,1.1503,1.00,3.20
2009.06.26 16:59:35.541,1.15015,1.1503,1.20,7.00
2009.06.26 16:59:35.781,1.1502,1.1504,5.60,5.80
2009.06.26 16:59:36.081,1.15,1.15025,1.00,3.20
2009.06.26 16:59:36.491,1.15005,1.15045,1.00,6.40
2009.06.26 16:59:36.780,1.15005,1.1505,3.60,10.40
2009.06.26 16:59:37.050,1.15015,1.15045,1.00,3.20
2009.06.26 16:59:37.410,1.1502,1.15045,1.00,3.20
2009.06.26 16:59:37.800,1.1503,1.15045,1.20,2.60
2009.06.26 16:59:38.140,1.1503,1.15055,1.20,9.60
2009.06.26 16:59:38.830,1.1503,1.1505,1.20,2.60
2009.06.26 16:59:39.230,1.1502,1.1505,1.00,5.80
2009.06.26 16:59:39.330,1.15025,1.1505,1.20,2.60
2009.06.26 16:59:39.440,1.1504,1.15055,1.20,7.20
2009.06.26 16:59:39.680,1.1504,1.1505,1.20,1.00
2009.06.26 16:59:39.800,1.15045,1.1507,1.20,1.00
2009.06.26 16:59:39.920,1.15045,1.15085,1.20,14.60
2009.06.26 16:59:40.499,1.15055,1.15085,1.20,8.20
2009.06.26 16:59:42.209,1.15065,1.151,1.20,2.60
2009.06.26 16:59:42.549,1.15075,1.151,1.20,2.60
2009.06.26 16:59:42.769,1.15065,1.151,1.20,2.60
2009.06.26 16:59:43.229,1.15065,1.151,1.20,9.80
2009.06.26 16:59:43.509,1.15065,1.15095,1.20,2.60
2009.06.26 16:59:44.869,1.15075,1.151,1.20,9.00
2009.06.26 16:59:46.868,1.1508,1.15105,1.20,11.20
2009.06.26 16:59:47.218,1.15085,1.15105,1.20,2.60
2009.06.26 16:59:47.458,1.15085,1.1511,1.20,11.60
2009.06.26 16:59:49.807,1.15085,1.1511,1.20,9.00
2009.06.26 16:59:49.977,1.15095,1.1511,1.20,6.40
2009.06.26 16:59:54.446,1.15065,1.15095,3.80,3.60
2009.06.26 16:59:54.726,1.1506,1.1508,3.20,2.60
2009.06.26 16:59:54.966,1.1505,1.1508,1.20,2.60
2009.06.26 16:59:55.476,1.15035,1.1506,1.40,2.60
2009.06.26 16:59:55.586,1.1503,1.1506,1.20,2.60
2009.06.26 16:59:56.756,1.15035,1.1505,1.20,2.60
2009.06.26 16:59:57.105,1.1503,1.1504,1.20,2.60
2009.06.26 16:59:57.895,1.1503,1.1504,1.20,2.60
