2007.11.15 06:00:03.372,0.9626,0.96335,4.20,4.30
2007.11.15 06:00:08.390,0.9626,0.96335,4.20,4.30
2007.11.15 06:00:11.820,0.96265,0.96335,4.00,4.30
2007.11.15 06:00:13.419,0.96265,0.96335,4.00,4.30
2007.11.15 06:00:16.252,0.96265,0.96335,4.00,0.50
2007.11.15 06:00:18.432,0.96265,0.96365,4.00,16.30
2007.11.15 06:00:19.677,0.9627,0.96315,0.80,1.00
2007.11.15 06:00:19.967,0.9628,0.96305,1.20,0.90
2007.11.15 06:00:20.256,0.9628,0.96305,1.20,0.60
2007.11.15 06:00:20.811,0.9628,0.96305,1.20,0.70
2007.11.15 06:00:21.073,0.9628,0.96305,1.20,0.90
2007.11.15 06:00:23.468,0.9628,0.9631,1.20,7.60
2007.11.15 06:00:26.327,0.9628,0.9631,1.20,7.60
2007.11.15 06:00:27.297,0.9628,0.9631,1.20,7.60
2007.11.15 06:00:28.483,0.9628,0.9631,1.20,7.60
2007.11.15 06:00:33.510,0.9628,0.96305,1.20,0.90
2007.11.15 06:00:34.688,0.9628,0.96305,1.20,0.50
2007.11.15 06:00:34.961,0.9628,0.96315,1.20,5.30
2007.11.15 06:00:35.089,0.9628,0.96315,1.20,5.30
2007.11.15 06:00:36.099,0.9628,0.96315,1.20,5.30
2007.11.15 06:00:38.527,0.9628,0.96315,1.20,5.30
2007.11.15 06:00:43.549,0.9628,0.96315,1.20,5.30
2007.11.15 06:00:48.585,0.9628,0.9631,1.20,0.50
2007.11.15 06:00:53.613,0.9628,0.9631,1.20,0.50
2007.11.15 06:00:58.632,0.9628,0.9631,1.20,0.50
2007.11.15 06:00:59.253,0.9628,0.9631,1.20,1.20
2007.11.15 06:00:59.546,0.9628,0.96305,1.20,4.00
2007.11.15 06:00:59.846,0.9628,0.96305,1.20,4.00
2007.11.15 06:01:00.392,0.9628,0.96305,1.20,4.00
2007.11.15 06:01:00.591,0.9628,0.96305,1.20,4.00
2007.11.15 06:01:03.667,0.9628,0.96305,1.20,4.00
2007.11.15 06:01:04.562,0.9628,0.9631,1.20,6.00
2007.11.15 06:01:07.326,0.9628,0.9631,1.20,7.60
2007.11.15 06:01:07.617,0.9628,0.96305,1.20,0.80
2007.11.15 06:01:08.640,0.9628,0.96305,1.20,0.60
2007.11.15 06:01:10.315,0.9628,0.9631,1.20,6.00
2007.11.15 06:01:10.605,0.9628,0.9631,1.20,6.00
2007.11.15 06:01:13.722,0.9628,0.9631,1.20,6.00
2007.11.15 06:01:15.296,0.9628,0.9631,1.20,6.00
2007.11.15 06:01:16.389,0.9628,0.9631,1.20,6.00
2007.11.15 06:01:17.128,0.9628,0.96305,1.20,0.50
2007.11.15 06:01:17.483,0.96265,0.963,4.00,0.90
2007.11.15 06:01:17.717,0.9625,0.963,2.40,0.70
2007.11.15 06:01:17.901,0.9624,0.96305,0.80,16.30
2007.11.15 06:01:18.090,0.9623,0.96305,18.10,16.30
2007.11.15 06:01:18.273,0.9623,0.96305,14.00,19.80
2007.11.15 06:01:18.457,0.9623,0.963,14.00,0.90
2007.11.15 06:01:18.640,0.9623,0.963,14.00,0.50
2007.11.15 06:01:18.858,0.9623,0.963,14.00,0.60
2007.11.15 06:01:19.253,0.9623,0.96305,14.00,20.00
2007.11.15 06:01:19.442,0.9623,0.9629,4.80,0.80
2007.11.15 06:01:19.631,0.9623,0.9629,2.40,0.80
2007.11.15 06:01:19.889,0.9623,0.9629,2.40,0.50
2007.11.15 06:01:20.132,0.9623,0.963,2.40,14.40
2007.11.15 06:01:20.607,0.9623,0.9629,2.40,0.90
2007.11.15 06:01:21.113,0.9623,0.963,2.40,14.40
2007.11.15 06:01:23.764,0.9623,0.9629,2.40,0.60
2007.11.15 06:01:28.801,0.9623,0.963,2.40,14.40
2007.11.15 06:01:31.801,0.9621,0.9629,6.40,11.40
2007.11.15 06:01:32.331,0.9621,0.9629,6.40,11.40
2007.11.15 06:01:33.820,0.9621,0.9629,6.40,11.40
2007.11.15 06:01:38.830,0.9623,0.9629,0.50,11.40
2007.11.15 06:01:43.852,0.9623,0.9629,1.60,11.40
2007.11.15 06:01:47.129,0.9621,0.9629,4.10,11.40
2007.11.15 06:01:48.880,0.9621,0.9629,4.10,11.40
2007.11.15 06:01:53.891,0.9621,0.9629,4.10,11.40
2007.11.15 06:01:58.910,0.9621,0.9629,4.10,11.40
2007.11.15 06:02:03.928,0.962,0.9629,10.80,7.90
2007.11.15 06:02:08.953,0.962,0.9629,10.80,7.90
2007.11.15 06:02:13.980,0.9623,0.9629,0.10,7.90
2007.11.15 06:02:14.894,0.9621,0.9629,4.10,11.40
2007.11.15 06:02:15.193,0.9621,0.9629,4.10,11.40
2007.11.15 06:02:17.833,0.9621,0.9629,1.60,3.50
2007.11.15 06:02:18.140,0.96195,0.9629,8.00,3.50
2007.11.15 06:02:19.153,0.96195,0.9629,8.00,3.50
2007.11.15 06:02:19.581,0.9621,0.9629,0.70,3.50
2007.11.15 06:02:24.174,0.9621,0.9629,4.00,3.50
2007.11.15 06:02:29.210,0.9621,0.9629,4.00,3.50
2007.11.15 06:02:34.236,0.9621,0.9629,4.00,3.50
2007.11.15 06:02:36.307,0.9621,0.9629,1.90,3.50
2007.11.15 06:02:39.269,0.9621,0.9629,1.00,3.50
2007.11.15 06:02:39.979,0.9621,0.9629,4.80,3.50
2007.11.15 06:02:40.254,0.9623,0.96295,0.10,4.00
2007.11.15 06:02:40.527,0.9622,0.96295,15.20,4.00
2007.11.15 06:02:40.800,0.9623,0.96295,0.10,4.00
2007.11.15 06:02:41.097,0.9623,0.96295,0.10,4.00
2007.11.15 06:02:41.299,0.9623,0.96295,0.10,4.00
2007.11.15 06:02:43.891,0.96225,0.96295,0.90,4.00
2007.11.15 06:02:44.049,0.9623,0.96295,2.00,4.00
2007.11.15 06:02:44.248,0.9623,0.963,4.90,10.70
2007.11.15 06:02:44.446,0.9623,0.963,5.10,10.70
2007.11.15 06:02:45.071,0.96225,0.963,18.20,10.70
2007.11.15 06:02:45.335,0.9623,0.963,1.30,10.80
2007.11.15 06:02:45.599,0.96225,0.963,18.20,10.80
2007.11.15 06:02:47.954,0.96225,0.963,18.20,10.80
2007.11.15 06:02:48.173,0.9623,0.963,15.60,0.20
2007.11.15 06:02:48.346,0.9623,0.963,15.60,0.20
2007.11.15 06:02:49.035,0.9623,0.963,15.60,0.20
2007.11.15 06:02:49.198,0.96235,0.963,2.10,0.20
2007.11.15 06:02:50.068,0.96235,0.963,1.30,0.20
2007.11.15 06:02:54.342,0.9623,0.963,15.60,0.20
2007.11.15 06:02:59.357,0.9623,0.963,15.60,0.20
2007.11.15 06:03:04.374,0.96235,0.963,1.70,0.20
2007.11.15 06:03:09.411,0.96235,0.963,4.00,0.20
2007.11.15 06:03:14.422,0.96235,0.963,4.00,0.20
2007.11.15 06:03:19.445,0.96235,0.96315,4.00,3.50
2007.11.15 06:03:20.540,0.9623,0.9629,2.80,16.70
2007.11.15 06:03:20.784,0.9623,0.96285,3.60,4.00
2007.11.15 06:03:21.027,0.9623,0.96285,3.60,4.00
2007.11.15 06:03:21.271,0.9623,0.96285,3.60,4.00
2007.11.15 06:03:21.646,0.9623,0.96285,3.60,4.00
2007.11.15 06:03:21.839,0.9623,0.96285,3.60,4.00
2007.11.15 06:03:22.093,0.9623,0.96285,3.60,4.00
2007.11.15 06:03:22.616,0.9623,0.9628,3.60,0.50
2007.11.15 06:03:22.877,0.9623,0.9628,3.60,0.50
2007.11.15 06:03:24.480,0.9623,0.9628,3.60,0.50
2007.11.15 06:03:26.332,0.9623,0.9628,3.60,0.50
2007.11.15 06:03:28.400,0.9623,0.9628,3.60,0.50
2007.11.15 06:03:29.499,0.9623,0.9628,3.60,0.50
2007.11.15 06:03:29.714,0.9623,0.9628,3.60,0.50
2007.11.15 06:03:29.887,0.9623,0.9628,3.60,0.50
2007.11.15 06:03:34.533,0.9623,0.9628,3.60,0.50
2007.11.15 06:03:38.779,0.9623,0.9628,3.60,0.50
2007.11.15 06:03:39.558,0.9623,0.9628,3.60,0.50
2007.11.15 06:03:42.894,0.9623,0.9628,3.60,0.50
2007.11.15 06:03:43.870,0.9623,0.9628,3.60,0.50
2007.11.15 06:03:44.571,0.9623,0.9628,3.60,0.50
2007.11.15 06:03:44.754,0.9623,0.9628,3.60,0.50
2007.11.15 06:03:44.937,0.9623,0.9628,3.60,0.50
2007.11.15 06:03:48.377,0.9623,0.9628,3.60,0.50
2007.11.15 06:03:49.316,0.9623,0.9628,3.60,0.50
2007.11.15 06:03:49.602,0.9623,0.9628,3.60,0.50
2007.11.15 06:03:54.634,0.9623,0.96285,0.80,4.80
2007.11.15 06:03:59.648,0.9623,0.96285,0.80,4.80
2007.11.15 06:04:04.680,0.9622,0.96295,0.20,3.50
2007.11.15 06:04:06.324,0.9622,0.96295,0.20,3.50
2007.11.15 06:04:07.359,0.9622,0.96295,0.20,3.50
2007.11.15 06:04:08.360,0.9622,0.96295,0.20,3.50
2007.11.15 06:04:09.714,0.9622,0.96295,0.20,3.50
2007.11.15 06:04:14.753,0.9622,0.96295,0.20,3.50
2007.11.15 06:04:19.773,0.9622,0.96295,0.20,3.50
2007.11.15 06:04:20.706,0.96215,0.96295,8.00,3.50
2007.11.15 06:04:20.919,0.9622,0.96295,0.20,3.50
2007.11.15 06:04:24.802,0.9622,0.96295,0.20,3.50
2007.11.15 06:04:29.826,0.9622,0.96295,0.20,3.50
2007.11.15 06:04:34.847,0.9622,0.96295,0.20,3.50
2007.11.15 06:04:39.874,0.9622,0.96295,0.20,3.50
2007.11.15 06:04:41.687,0.96215,0.96295,8.20,3.50
2007.11.15 06:04:44.310,0.96215,0.96295,8.20,3.50
2007.11.15 06:04:44.898,0.9622,0.96295,0.20,3.50
2007.11.15 06:04:49.933,0.96215,0.96295,8.20,3.50
2007.11.15 06:04:54.953,0.96215,0.96295,8.20,3.50
2007.11.15 06:04:59.963,0.96215,0.96295,8.20,3.50
2007.11.15 06:05:04.997,0.96215,0.96295,8.20,3.50
2007.11.15 06:05:10.007,0.96215,0.96295,8.20,3.50
2007.11.15 06:05:10.602,0.96215,0.96295,8.20,3.50
2007.11.15 06:05:10.900,0.9622,0.96295,0.20,3.50
2007.11.15 06:05:12.959,0.96215,0.96295,8.20,3.50
2007.11.15 06:05:15.034,0.9622,0.96295,0.20,3.50
2007.11.15 06:05:20.058,0.96215,0.96295,8.20,3.50
2007.11.15 06:05:20.738,0.96205,0.96295,16.00,3.50
2007.11.15 06:05:20.961,0.9622,0.96295,0.20,3.50
2007.11.15 06:05:22.703,0.9622,0.96275,1.50,0.80
2007.11.15 06:05:22.892,0.9623,0.96275,1.80,1.60
2007.11.15 06:05:23.081,0.9623,0.9627,1.60,0.50
2007.11.15 06:05:23.884,0.96225,0.9627,6.00,0.50
2007.11.15 06:05:24.094,0.9623,0.9627,1.70,0.50
2007.11.15 06:05:25.096,0.96225,0.9627,6.00,0.50
2007.11.15 06:05:30.115,0.96225,0.9627,6.00,0.50
2007.11.15 06:05:35.151,0.9623,0.9627,2.20,0.50
2007.11.15 06:05:40.167,0.9623,0.9627,1.50,0.50
2007.11.15 06:05:45.202,0.9623,0.9627,3.60,0.50
2007.11.15 06:05:49.757,0.9623,0.9627,3.60,0.50
2007.11.15 06:05:49.970,0.9623,0.9628,3.60,0.50
2007.11.15 06:05:50.186,0.9623,0.9628,3.60,0.50
2007.11.15 06:05:51.077,0.9623,0.9628,3.60,0.50
2007.11.15 06:05:55.236,0.9623,0.9628,3.60,0.50
2007.11.15 06:05:58.414,0.96225,0.9628,6.00,0.50
2007.11.15 06:06:00.256,0.96225,0.9628,6.00,0.50
2007.11.15 06:06:00.458,0.96225,0.96255,6.00,4.00
2007.11.15 06:06:00.662,0.96225,0.96255,3.60,4.00
2007.11.15 06:06:01.577,0.9623,0.96255,0.80,4.00
2007.11.15 06:06:02.160,0.96225,0.96255,3.60,4.00
2007.11.15 06:06:05.291,0.96225,0.96255,3.60,4.00
2007.11.15 06:06:10.309,0.96225,0.96255,3.60,4.00
2007.11.15 06:06:15.330,0.96225,0.96255,3.60,4.00
2007.11.15 06:06:20.358,0.96225,0.96255,2.80,4.00
2007.11.15 06:06:25.384,0.96225,0.96255,2.80,4.00
2007.11.15 06:06:30.410,0.9623,0.96255,1.20,4.00
2007.11.15 06:06:30.854,0.9623,0.9626,0.60,0.50
2007.11.15 06:06:31.133,0.9623,0.96265,1.20,2.40
2007.11.15 06:06:31.412,0.9623,0.96265,1.20,2.40
2007.11.15 06:06:31.691,0.9623,0.9628,1.20,2.80
2007.11.15 06:06:32.147,0.9623,0.9628,1.20,2.80
2007.11.15 06:06:32.387,0.9623,0.9628,1.20,2.80
2007.11.15 06:06:34.891,0.9623,0.9626,1.20,0.80
2007.11.15 06:06:35.054,0.9623,0.96255,1.20,4.00
2007.11.15 06:06:35.218,0.9623,0.96255,1.20,4.00
2007.11.15 06:06:35.381,0.9623,0.96255,1.20,4.00
2007.11.15 06:06:35.926,0.9623,0.96255,1.20,4.00
2007.11.15 06:06:36.233,0.9623,0.96255,1.20,4.00
2007.11.15 06:06:36.542,0.9623,0.96255,1.20,4.00
2007.11.15 06:06:40.470,0.9623,0.96255,1.20,4.00
2007.11.15 06:06:45.503,0.9623,0.96255,1.20,4.00
2007.11.15 06:06:50.542,0.9623,0.96255,1.20,4.00
2007.11.15 06:06:55.559,0.9623,0.96255,1.20,4.00
2007.11.15 06:06:55.887,0.9623,0.9626,1.20,6.80
2007.11.15 06:06:56.443,0.9623,0.96255,1.20,0.60
2007.11.15 06:06:57.153,0.9623,0.96255,1.20,0.80
2007.11.15 06:07:00.590,0.9623,0.9626,1.20,6.80
2007.11.15 06:07:05.616,0.9623,0.9627,0.60,23.30
2007.11.15 06:07:10.630,0.96205,0.9628,4.10,0.50
2007.11.15 06:07:15.662,0.96205,0.96295,4.10,8.30
2007.11.15 06:07:20.679,0.96205,0.96295,4.10,8.30
2007.11.15 06:07:25.697,0.96205,0.9628,4.10,4.30
2007.11.15 06:07:30.144,0.96205,0.9628,4.20,4.30
2007.11.15 06:07:30.731,0.96205,0.9628,4.20,4.30
2007.11.15 06:07:35.762,0.96205,0.9628,4.20,4.30
2007.11.15 06:07:40.791,0.96205,0.9628,4.20,4.30
2007.11.15 06:07:45.803,0.96205,0.9628,4.20,4.30
2007.11.15 06:07:50.622,0.96255,0.9628,0.20,4.30
2007.11.15 06:07:50.821,0.96255,0.9628,0.20,4.30
2007.11.15 06:07:51.853,0.96255,0.9628,0.20,4.30
2007.11.15 06:07:53.078,0.96255,0.9628,0.20,4.30
2007.11.15 06:07:53.293,0.96255,0.9628,0.20,4.30
2007.11.15 06:07:54.325,0.96255,0.9628,0.20,4.30
2007.11.15 06:07:55.855,0.96255,0.9628,0.20,4.30
2007.11.15 06:07:56.122,0.96255,0.9628,0.20,4.30
2007.11.15 06:07:56.324,0.96255,0.9628,0.20,4.30
2007.11.15 06:07:57.358,0.96255,0.9628,0.20,4.30
2007.11.15 06:07:58.672,0.96255,0.96295,0.20,16.30
2007.11.15 06:07:59.619,0.96255,0.9628,0.20,0.90
2007.11.15 06:08:00.875,0.96255,0.96295,0.20,8.30
2007.11.15 06:08:05.909,0.96255,0.9628,0.20,0.70
2007.11.15 06:08:11.032,0.96255,0.96295,0.20,8.30
2007.11.15 06:08:12.597,0.96235,0.96255,1.60,0.50
2007.11.15 06:08:12.910,0.96255,0.9626,0.20,5.90
2007.11.15 06:08:13.266,0.96255,0.9626,0.20,5.60
2007.11.15 06:08:13.891,0.96255,0.9626,0.20,5.60
2007.11.15 06:08:16.055,0.96255,0.9626,0.20,5.70
2007.11.15 06:08:16.558,0.96255,0.9626,0.20,5.50
2007.11.15 06:08:16.852,0.96255,0.9628,0.20,0.80
2007.11.15 06:08:17.171,0.96255,0.96285,0.20,6.10
2007.11.15 06:08:17.465,0.96255,0.9628,0.20,0.50
2007.11.15 06:08:17.914,0.96255,0.96285,0.20,6.10
2007.11.15 06:08:18.320,0.96255,0.9628,0.20,0.50
2007.11.15 06:08:18.626,0.96255,0.96285,0.20,6.10
2007.11.15 06:08:18.920,0.96255,0.9628,0.20,0.50
2007.11.15 06:08:19.705,0.96255,0.9628,0.20,0.50
2007.11.15 06:08:21.086,0.96255,0.9628,0.20,0.50
2007.11.15 06:08:21.632,0.96255,0.96285,0.20,6.10
2007.11.15 06:08:22.041,0.96255,0.9627,0.20,1.00
2007.11.15 06:08:22.280,0.96255,0.9626,0.20,4.20
2007.11.15 06:08:22.519,0.96255,0.9626,0.20,4.20
2007.11.15 06:08:22.757,0.96255,0.9626,0.20,3.90
2007.11.15 06:08:23.383,0.96255,0.9626,0.20,4.30
2007.11.15 06:08:23.581,0.96255,0.9626,0.20,4.20
2007.11.15 06:08:26.120,0.96255,0.9626,0.20,4.10
2007.11.15 06:08:27.558,0.96255,0.9626,0.20,4.10
2007.11.15 06:08:28.596,0.96255,0.9626,0.20,4.00
2007.11.15 06:08:30.847,0.96255,0.9626,0.20,3.90
2007.11.15 06:08:31.124,0.96255,0.9626,0.20,4.00
2007.11.15 06:08:31.845,0.96255,0.9626,0.20,4.30
2007.11.15 06:08:35.362,0.96255,0.9626,0.20,4.10
2007.11.15 06:08:36.164,0.96255,0.9626,0.20,3.90
2007.11.15 06:08:40.658,0.96255,0.9626,0.20,4.10
2007.11.15 06:08:41.189,0.96255,0.9626,0.20,4.10
2007.11.15 06:08:46.224,0.96255,0.9626,0.20,0.80
2007.11.15 06:08:48.304,0.96255,0.9626,0.20,0.80
2007.11.15 06:08:51.234,0.96255,0.9626,0.20,0.80
2007.11.15 06:08:56.259,0.96255,0.9628,0.20,0.80
2007.11.15 06:08:56.461,0.96255,0.9628,0.20,0.80
2007.11.15 06:08:57.564,0.96255,0.96275,0.20,0.80
2007.11.15 06:08:58.597,0.96255,0.96275,0.20,0.80
2007.11.15 06:08:58.920,0.96255,0.96275,0.20,0.80
2007.11.15 06:09:01.169,0.96255,0.96275,0.20,7.20
2007.11.15 06:09:01.312,0.96255,0.9627,0.20,1.90
2007.11.15 06:09:01.456,0.96255,0.9627,0.20,0.50
2007.11.15 06:09:01.599,0.96255,0.9627,0.20,0.50
2007.11.15 06:09:01.743,0.96255,0.9628,0.20,4.50
2007.11.15 06:09:01.886,0.96255,0.9628,0.20,0.50
2007.11.15 06:09:02.030,0.96255,0.9628,0.20,0.50
2007.11.15 06:09:02.365,0.96255,0.9628,0.20,0.50
2007.11.15 06:09:02.704,0.96255,0.9628,0.20,0.50
2007.11.15 06:09:03.037,0.96255,0.9628,0.20,0.50
2007.11.15 06:09:03.165,0.96255,0.9628,0.20,0.50
2007.11.15 06:09:05.662,0.96255,0.96265,0.20,0.80
2007.11.15 06:09:05.830,0.9624,0.96255,0.50,4.00
2007.11.15 06:09:05.998,0.96255,0.9626,0.20,2.40
2007.11.15 06:09:06.167,0.96255,0.9626,0.20,2.40
2007.11.15 06:09:06.878,0.96255,0.9626,0.20,2.40
2007.11.15 06:09:07.141,0.96255,0.9626,0.20,2.40
2007.11.15 06:09:11.344,0.96255,0.9626,0.20,2.40
2007.11.15 06:09:16.366,0.96255,0.9626,0.20,2.40
2007.11.15 06:09:21.390,0.96255,0.9626,0.20,2.40
2007.11.15 06:09:22.902,0.96255,0.9626,0.20,2.40
2007.11.15 06:09:26.414,0.96255,0.9626,0.20,2.40
2007.11.15 06:09:31.440,0.96255,0.9626,0.20,2.40
2007.11.15 06:09:36.460,0.96255,0.96275,0.20,0.80
2007.11.15 06:09:39.392,0.96205,0.96275,8.30,0.80
2007.11.15 06:09:39.614,0.9621,0.96275,0.30,0.80
2007.11.15 06:09:40.288,0.9621,0.96275,0.30,0.80
2007.11.15 06:09:41.487,0.96205,0.96285,4.30,4.30
2007.11.15 06:09:43.167,0.96235,0.96275,0.80,0.60
2007.11.15 06:09:43.447,0.96235,0.96275,0.80,0.70
2007.11.15 06:09:43.558,0.9624,0.9627,0.90,0.50
2007.11.15 06:09:43.665,0.9624,0.9627,0.50,0.50
2007.11.15 06:09:43.775,0.96235,0.96285,3.60,10.80
2007.11.15 06:09:43.883,0.96235,0.96285,3.60,8.40
2007.11.15 06:09:44.217,0.9624,0.9628,0.50,0.50
2007.11.15 06:09:44.546,0.96235,0.96285,3.60,6.10
2007.11.15 06:09:44.872,0.9624,0.9628,0.50,0.50
2007.11.15 06:09:45.109,0.9624,0.9628,0.70,0.50
2007.11.15 06:09:46.505,0.96235,0.96285,3.60,6.10
2007.11.15 06:09:46.716,0.9624,0.96265,0.70,0.80
2007.11.15 06:09:46.929,0.96235,0.9626,2.10,6.40
2007.11.15 06:09:47.156,0.9624,0.96255,0.50,0.70
2007.11.15 06:09:47.880,0.9624,0.96255,0.50,0.90
2007.11.15 06:09:48.133,0.96235,0.9626,2.10,6.40
2007.11.15 06:09:51.536,0.9624,0.96255,0.50,0.50
2007.11.15 06:09:56.549,0.9624,0.96255,0.50,0.50
2007.11.15 06:10:00.152,0.9624,0.9626,0.50,6.40
2007.11.15 06:10:01.573,0.9624,0.96255,0.50,0.50
2007.11.15 06:10:04.698,0.9624,0.9626,0.50,7.40
2007.11.15 06:10:04.903,0.96235,0.96245,1.60,0.50
2007.11.15 06:10:05.108,0.9623,0.9625,1.20,6.40
2007.11.15 06:10:05.311,0.9623,0.9625,1.20,6.40
2007.11.15 06:10:06.145,0.9623,0.9625,1.20,6.40
2007.11.15 06:10:06.610,0.9623,0.96245,1.20,0.90
2007.11.15 06:10:11.643,0.9623,0.96245,1.20,4.00
2007.11.15 06:10:12.243,0.9623,0.96245,0.60,4.00
2007.11.15 06:10:12.576,0.9623,0.96235,0.10,4.00
2007.11.15 06:10:12.911,0.9623,0.96235,0.10,4.00
2007.11.15 06:10:13.633,0.9623,0.96235,0.10,4.00
2007.11.15 06:10:16.665,0.9623,0.96235,0.10,4.00
2007.11.15 06:10:17.235,0.9623,0.96235,0.10,4.00
2007.11.15 06:10:17.469,0.9623,0.96245,0.10,4.00
2007.11.15 06:10:17.703,0.9623,0.96245,0.10,4.00
2007.11.15 06:10:17.936,0.9623,0.96245,0.10,4.00
2007.11.15 06:10:18.384,0.9623,0.96245,0.10,4.00
2007.11.15 06:10:18.585,0.9623,0.96245,0.10,4.00
2007.11.15 06:10:19.616,0.9623,0.96245,0.10,4.00
2007.11.15 06:10:21.697,0.9623,0.96245,0.10,4.00
2007.11.15 06:10:26.706,0.9623,0.96245,0.10,4.00
2007.11.15 06:10:31.736,0.9623,0.96245,0.10,4.00
2007.11.15 06:10:34.599,0.9623,0.9625,0.10,7.60
2007.11.15 06:10:36.755,0.9623,0.96245,0.10,0.90
2007.11.15 06:10:41.782,0.9623,0.9625,0.10,7.60
2007.11.15 06:10:46.799,0.9623,0.96245,0.10,0.80
2007.11.15 06:11:07.795,0.96215,0.96255,0.80,0.80
2007.11.15 06:11:07.939,0.96225,0.96245,1.60,4.00
2007.11.15 06:11:08.204,0.9623,0.96245,0.60,4.00
2007.11.15 06:11:08.467,0.9623,0.96245,0.60,4.00
2007.11.15 06:11:09.113,0.9623,0.96245,0.60,4.00
2007.11.15 06:11:11.401,0.9623,0.96235,0.60,4.00
2007.11.15 06:11:11.576,0.9623,0.96235,0.10,4.00
2007.11.15 06:11:11.755,0.9623,0.96235,0.10,4.00
2007.11.15 06:11:11.934,0.9623,0.96235,0.10,4.00
2007.11.15 06:11:12.458,0.9623,0.96235,0.10,4.00
2007.11.15 06:11:12.736,0.9623,0.96235,0.10,4.00
2007.11.15 06:11:13.014,0.9623,0.96235,0.10,4.00
2007.11.15 06:11:13.897,0.9623,0.96235,0.10,4.00
2007.11.15 06:11:14.016,0.9623,0.96245,0.60,4.00
2007.11.15 06:11:14.135,0.9623,0.96245,0.60,4.00
2007.11.15 06:11:14.358,0.9623,0.96245,0.60,4.00
2007.11.15 06:11:14.582,0.9623,0.96245,0.10,4.00
2007.11.15 06:11:14.805,0.9623,0.96245,0.10,4.00
2007.11.15 06:11:15.133,0.9623,0.96245,0.10,4.00
2007.11.15 06:11:15.355,0.9623,0.96245,0.10,4.00
2007.11.15 06:11:16.958,0.9623,0.96245,0.10,4.00
2007.11.15 06:11:17.624,0.9623,0.96245,0.10,4.80
2007.11.15 06:11:17.958,0.9623,0.96245,0.10,4.80
2007.11.15 06:11:21.891,0.9623,0.96245,0.10,4.80
2007.11.15 06:11:25.015,0.9623,0.96245,0.10,0.90
2007.11.15 06:11:27.009,0.9623,0.96245,0.10,0.60
2007.11.15 06:11:27.194,0.9623,0.9625,0.10,7.50
2007.11.15 06:11:28.571,0.9623,0.96245,0.10,0.90
2007.11.15 06:11:32.033,0.9623,0.9625,0.10,7.90
2007.11.15 06:11:33.916,0.9623,0.9625,0.10,7.90
2007.11.15 06:11:34.122,0.9623,0.9625,0.10,7.90
2007.11.15 06:11:34.269,0.9623,0.9625,0.10,10.30
2007.11.15 06:11:34.541,0.9623,0.9625,0.10,10.30
2007.11.15 06:11:35.217,0.9623,0.96245,0.10,0.70
2007.11.15 06:11:36.341,0.9623,0.96245,0.10,0.70
2007.11.15 06:11:36.585,0.9623,0.96245,0.10,0.80
2007.11.15 06:11:36.769,0.9623,0.96245,0.10,0.80
2007.11.15 06:11:37.002,0.9623,0.9625,0.10,11.10
2007.11.15 06:11:37.236,0.9624,0.9625,2.40,1.80
2007.11.15 06:11:37.470,0.9624,0.96245,2.40,0.80
2007.11.15 06:11:37.703,0.9624,0.9625,3.20,1.80
2007.11.15 06:11:38.108,0.9624,0.96245,3.20,0.80
2007.11.15 06:11:38.403,0.9624,0.9625,3.20,1.80
2007.11.15 06:11:38.631,0.9623,0.9625,0.10,5.80
2007.11.15 06:11:38.858,0.9623,0.9625,0.10,5.90
2007.11.15 06:11:39.037,0.9623,0.9625,0.10,5.90
2007.11.15 06:11:39.216,0.9623,0.9625,0.10,5.90
2007.11.15 06:11:39.642,0.9623,0.9625,0.10,5.90
2007.11.15 06:11:39.853,0.9623,0.9625,0.10,5.90
2007.11.15 06:11:40.694,0.9623,0.9625,0.10,5.90
2007.11.15 06:11:41.123,0.9623,0.96245,0.10,0.70
2007.11.15 06:11:41.639,0.9623,0.9625,0.10,6.30
2007.11.15 06:11:42.074,0.9623,0.96245,0.10,0.80
2007.11.15 06:11:42.574,0.9623,0.96245,0.10,0.90
2007.11.15 06:11:42.887,0.9623,0.96245,0.10,0.60
2007.11.15 06:11:43.825,0.9623,0.96245,0.10,0.50
2007.11.15 06:11:47.101,0.9623,0.9625,0.10,6.30
2007.11.15 06:11:51.576,0.9623,0.9625,0.10,6.30
2007.11.15 06:11:52.127,0.9623,0.9625,0.10,6.30
2007.11.15 06:11:52.620,0.9623,0.96245,0.10,0.70
2007.11.15 06:11:57.162,0.9623,0.96245,0.10,4.80
2007.11.15 06:11:58.513,0.9623,0.96245,0.10,4.80
2007.11.15 06:11:59.191,0.9623,0.96245,0.10,0.90
2007.11.15 06:12:02.179,0.9623,0.96245,0.10,0.50
2007.11.15 06:12:07.210,0.9623,0.96245,0.10,0.50
2007.11.15 06:12:10.968,0.9623,0.9624,0.10,0.80
2007.11.15 06:12:11.163,0.9623,0.96235,0.10,0.70
2007.11.15 06:12:11.514,0.9623,0.9624,0.10,6.00
2007.11.15 06:12:11.674,0.9623,0.9624,0.10,6.00
2007.11.15 06:12:12.048,0.9623,0.96235,0.10,0.80
2007.11.15 06:12:12.234,0.9623,0.9624,0.10,6.00
2007.11.15 06:12:12.390,0.9623,0.9624,0.10,6.00
2007.11.15 06:12:15.962,0.9623,0.96235,0.10,0.60
2007.11.15 06:12:16.085,0.9623,0.96235,0.10,0.80
2007.11.15 06:12:16.209,0.9623,0.96245,0.10,0.80
2007.11.15 06:12:16.332,0.9623,0.9625,0.10,12.70
2007.11.15 06:12:16.455,0.9623,0.9625,0.10,12.70
2007.11.15 06:12:17.273,0.9623,0.9625,0.10,12.70
2007.11.15 06:12:17.682,0.9623,0.96245,0.10,0.70
2007.11.15 06:12:18.029,0.9623,0.96245,0.10,0.80
2007.11.15 06:12:18.258,0.9623,0.96245,0.10,0.50
2007.11.15 06:12:18.486,0.9623,0.96245,0.10,0.60
2007.11.15 06:12:18.713,0.9623,0.96245,0.10,0.60
2007.11.15 06:12:19.413,0.9623,0.9625,0.10,6.80
2007.11.15 06:12:19.625,0.9623,0.9625,0.10,6.80
2007.11.15 06:12:22.308,0.9623,0.9625,0.10,6.80
2007.11.15 06:12:27.022,0.9623,0.96245,0.10,4.00
2007.11.15 06:12:27.270,0.9623,0.96245,0.10,4.00
2007.11.15 06:12:27.517,0.9623,0.96245,0.10,4.00
2007.11.15 06:12:28.343,0.9623,0.96245,0.10,4.00
2007.11.15 06:12:29.031,0.9623,0.96245,0.60,4.00
2007.11.15 06:12:29.310,0.9623,0.96245,0.60,4.00
2007.11.15 06:12:29.507,0.9623,0.96245,0.60,4.00
2007.11.15 06:12:29.691,0.9623,0.96245,0.10,4.00
2007.11.15 06:12:30.016,0.9623,0.96245,0.10,4.00
2007.11.15 06:12:30.199,0.9623,0.96245,0.10,4.00
2007.11.15 06:12:30.453,0.9623,0.96245,0.10,4.00
2007.11.15 06:12:30.706,0.9623,0.96245,0.10,4.00
2007.11.15 06:12:30.966,0.9623,0.96245,0.10,4.00
2007.11.15 06:12:32.357,0.9623,0.96245,0.10,4.00
2007.11.15 06:12:37.379,0.9623,0.96245,0.10,4.00
2007.11.15 06:12:42.411,0.9623,0.96245,0.10,4.00
2007.11.15 06:12:42.979,0.9623,0.96245,0.10,4.00
2007.11.15 06:12:43.282,0.9623,0.96245,0.60,4.00
2007.11.15 06:12:43.585,0.9623,0.96245,0.60,4.00
2007.11.15 06:12:43.889,0.9623,0.96245,0.60,4.00
2007.11.15 06:12:44.313,0.9623,0.96245,0.60,4.00
2007.11.15 06:12:44.628,0.9623,0.96245,0.60,4.00
2007.11.15 06:12:47.439,0.9623,0.96245,0.60,4.00
2007.11.15 06:12:53.506,0.9623,0.96245,0.60,4.00
2007.11.15 06:12:53.603,0.9623,0.96245,0.10,4.00
2007.11.15 06:12:53.628,0.9623,0.96245,0.10,4.00
2007.11.15 06:12:53.660,0.9623,0.96245,0.10,4.00
2007.11.15 06:12:53.732,0.9623,0.96245,0.10,4.00
2007.11.15 06:12:53.847,0.9623,0.96245,0.10,4.00
2007.11.15 06:12:54.913,0.9623,0.96245,0.10,4.00
2007.11.15 06:12:58.526,0.9623,0.96245,0.10,4.00
2007.11.15 06:13:00.486,0.9623,0.96245,0.10,4.00
2007.11.15 06:13:03.550,0.9623,0.96245,0.10,4.00
2007.11.15 06:13:06.186,0.9622,0.96245,1.30,4.00
2007.11.15 06:13:08.581,0.9622,0.96245,1.30,4.00
2007.11.15 06:13:09.628,0.9623,0.96245,0.10,4.00
2007.11.15 06:13:13.603,0.9622,0.96245,1.30,4.00
2007.11.15 06:13:14.238,0.9623,0.96245,0.10,4.00
2007.11.15 06:13:14.439,0.9623,0.96245,0.10,4.00
2007.11.15 06:13:14.711,0.9623,0.96245,0.10,4.00
2007.11.15 06:13:15.624,0.9623,0.9624,0.10,0.50
2007.11.15 06:13:18.635,0.9623,0.9624,0.10,0.50
2007.11.15 06:13:19.045,0.9623,0.9624,0.10,0.50
2007.11.15 06:13:19.254,0.9623,0.9624,0.10,0.50
2007.11.15 06:13:19.463,0.9623,0.9624,0.10,0.50
2007.11.15 06:13:19.752,0.9623,0.9624,0.10,0.50
2007.11.15 06:13:20.415,0.9623,0.9624,0.10,0.50
2007.11.15 06:13:20.702,0.9623,0.9624,0.10,0.50
2007.11.15 06:13:21.366,0.9623,0.9624,0.10,0.50
2007.11.15 06:13:21.789,0.9623,0.9624,0.10,0.50
2007.11.15 06:13:22.097,0.9623,0.9624,0.10,0.50
2007.11.15 06:13:22.714,0.9623,0.9624,0.10,0.50
2007.11.15 06:13:22.922,0.9623,0.9624,0.10,0.50
2007.11.15 06:13:23.652,0.9623,0.9624,0.10,0.50
2007.11.15 06:13:24.584,0.9623,0.9624,0.10,0.50
2007.11.15 06:13:28.677,0.9623,0.9624,0.10,0.50
2007.11.15 06:13:30.613,0.9623,0.9624,0.10,0.50
2007.11.15 06:13:33.712,0.9623,0.9624,0.10,0.50
2007.11.15 06:13:36.764,0.9623,0.9624,0.10,0.50
2007.11.15 06:13:38.731,0.9623,0.96245,0.10,5.30
2007.11.15 06:13:43.755,0.9623,0.9624,0.10,0.50
2007.11.15 06:13:48.777,0.9621,0.9625,0.80,6.60
2007.11.15 06:13:52.811,0.9619,0.96265,0.30,0.70
2007.11.15 06:13:53.793,0.9619,0.9627,0.30,4.30
2007.11.15 06:13:53.926,0.9619,0.9627,0.30,4.30
2007.11.15 06:13:54.747,0.9621,0.9625,0.80,5.60
2007.11.15 06:13:55.026,0.9623,0.96235,0.10,0.80
2007.11.15 06:13:55.788,0.9623,0.9624,0.10,6.00
2007.11.15 06:13:56.155,0.9623,0.9624,0.10,6.00
2007.11.15 06:13:58.829,0.9623,0.9624,0.10,6.00
2007.11.15 06:14:03.854,0.9623,0.9624,0.10,6.00
2007.11.15 06:14:08.886,0.9623,0.96235,0.10,4.00
2007.11.15 06:14:13.906,0.9623,0.96235,0.10,4.00
2007.11.15 06:14:14.338,0.9623,0.96235,0.10,4.00
2007.11.15 06:14:16.884,0.9623,0.96235,0.10,4.00
2007.11.15 06:14:18.931,0.9623,0.96235,0.10,4.00
2007.11.15 06:14:19.348,0.9623,0.96235,0.10,4.00
2007.11.15 06:14:19.554,0.9623,0.96235,0.10,4.00
2007.11.15 06:14:20.741,0.9623,0.96235,0.10,4.00
2007.11.15 06:14:23.966,0.9623,0.96235,0.10,4.00
2007.11.15 06:14:28.984,0.96185,0.9626,0.30,4.30
2007.11.15 06:14:34.001,0.96185,0.9626,0.30,4.30
2007.11.15 06:14:39.015,0.96185,0.9626,0.30,4.30
2007.11.15 06:14:39.825,0.96185,0.9626,0.30,4.30
2007.11.15 06:14:40.864,0.96185,0.9626,0.30,4.30
2007.11.15 06:14:42.412,0.96185,0.9626,0.30,4.30
2007.11.15 06:14:44.040,0.96185,0.9626,0.30,4.30
2007.11.15 06:14:46.049,0.96185,0.9626,0.30,4.30
2007.11.15 06:14:46.723,0.962,0.9624,6.10,1.20
2007.11.15 06:14:47.079,0.962,0.9624,6.10,1.20
2007.11.15 06:14:48.104,0.962,0.9624,6.10,1.20
2007.11.15 06:14:49.068,0.962,0.9624,6.10,1.20
2007.11.15 06:14:49.796,0.9621,0.96235,0.50,4.00
2007.11.15 06:14:50.116,0.96195,0.96235,3.60,4.80
2007.11.15 06:14:50.434,0.96195,0.96235,3.60,4.80
2007.11.15 06:14:51.104,0.96195,0.96235,3.60,4.80
2007.11.15 06:14:54.112,0.96195,0.96235,3.60,4.80
2007.11.15 06:14:59.134,0.96195,0.96235,3.60,4.80
2007.11.15 06:14:59.374,0.96195,0.96235,2.40,4.80
2007.11.15 06:14:59.614,0.96185,0.96235,3.80,4.80
2007.11.15 06:14:59.858,0.9619,0.96235,0.90,4.80
2007.11.15 06:15:00.584,0.9619,0.96235,0.80,4.80
2007.11.15 06:15:04.166,0.96185,0.96235,3.80,4.80
2007.11.15 06:15:09.190,0.96185,0.96235,3.80,4.80
2007.11.15 06:15:14.218,0.9619,0.96235,1.20,4.80
2007.11.15 06:15:15.783,0.9619,0.96235,1.20,4.80
2007.11.15 06:15:15.896,0.9618,0.9623,13.50,7.90
2007.11.15 06:15:16.015,0.9618,0.9623,10.40,10.30
2007.11.15 06:15:16.133,0.9618,0.9623,8.00,10.30
2007.11.15 06:15:16.299,0.9617,0.9623,3.60,10.30
2007.11.15 06:15:17.088,0.9617,0.9623,3.60,10.30
2007.11.15 06:15:18.867,0.9617,0.9623,3.60,11.90
2007.11.15 06:15:19.106,0.9617,0.96205,1.20,4.00
2007.11.15 06:15:19.347,0.9617,0.96205,1.20,4.00
2007.11.15 06:15:19.585,0.9617,0.96205,1.20,4.00
2007.11.15 06:15:20.085,0.9617,0.96205,1.20,4.00
2007.11.15 06:15:20.403,0.9617,0.96205,1.20,4.00
2007.11.15 06:15:20.721,0.9617,0.96205,1.20,4.00
2007.11.15 06:15:21.040,0.9617,0.962,1.20,0.50
2007.11.15 06:15:24.274,0.9617,0.962,1.20,0.50
2007.11.15 06:15:25.080,0.9617,0.962,1.20,0.50
2007.11.15 06:15:25.853,0.9617,0.962,2.00,0.50
2007.11.15 06:15:26.128,0.9618,0.96205,1.20,4.00
2007.11.15 06:15:26.336,0.9618,0.96205,1.20,4.00
2007.11.15 06:15:27.363,0.9618,0.96205,1.20,4.00
2007.11.15 06:15:29.305,0.9618,0.96205,1.20,4.00
2007.11.15 06:15:29.882,0.96175,0.96205,2.80,4.00
2007.11.15 06:15:34.326,0.9618,0.96205,1.00,4.80
2007.11.15 06:15:34.464,0.9618,0.96195,0.50,4.00
2007.11.15 06:15:34.602,0.9618,0.96195,0.50,4.00
2007.11.15 06:15:34.936,0.96175,0.96195,2.10,4.00
2007.11.15 06:15:35.805,0.96175,0.96195,2.10,4.00
2007.11.15 06:15:36.113,0.9618,0.96195,0.50,4.00
2007.11.15 06:15:39.364,0.9618,0.96195,0.50,4.00
2007.11.15 06:15:40.864,0.96175,0.96195,2.10,4.00
2007.11.15 06:15:41.022,0.96175,0.96195,1.00,4.00
2007.11.15 06:15:41.181,0.9617,0.96195,1.00,4.00
2007.11.15 06:15:41.389,0.96165,0.96195,2.80,4.00
2007.11.15 06:15:42.208,0.9617,0.96195,0.70,4.00
2007.11.15 06:15:42.541,0.9617,0.96195,0.90,4.00
2007.11.15 06:15:43.063,0.9617,0.96195,0.60,4.00
2007.11.15 06:15:44.392,0.9617,0.96195,0.90,4.00
2007.11.15 06:15:45.397,0.96165,0.96195,3.60,4.00
2007.11.15 06:15:45.681,0.9617,0.9621,0.70,0.50
2007.11.15 06:15:45.964,0.96165,0.9622,3.60,4.80
2007.11.15 06:15:46.118,0.96165,0.9623,6.00,10.70
2007.11.15 06:15:46.408,0.96165,0.9623,6.20,10.70
2007.11.15 06:15:46.562,0.9617,0.9623,1.30,10.30
2007.11.15 06:15:46.715,0.96165,0.9623,6.20,10.30
2007.11.15 06:15:47.086,0.96165,0.9623,6.20,10.30
2007.11.15 06:15:49.429,0.9617,0.9623,1.90,10.30
2007.11.15 06:15:51.945,0.9617,0.96225,1.90,4.00
2007.11.15 06:15:52.138,0.9617,0.96225,1.70,4.00
2007.11.15 06:15:52.342,0.9617,0.96225,1.40,4.00
2007.11.15 06:15:52.545,0.96165,0.96225,6.20,4.00
2007.11.15 06:15:52.749,0.9617,0.96225,2.00,4.00
2007.11.15 06:15:53.111,0.96165,0.96225,6.20,4.00
2007.11.15 06:15:53.511,0.9617,0.96225,1.60,4.00
2007.11.15 06:15:53.930,0.9617,0.9622,0.90,0.50
2007.11.15 06:15:54.204,0.9617,0.9622,1.10,0.50
2007.11.15 06:15:54.562,0.96165,0.9622,6.20,0.50
2007.11.15 06:15:55.087,0.96165,0.9622,6.20,0.50
2007.11.15 06:15:57.842,0.9617,0.9622,0.50,0.50
2007.11.15 06:15:58.866,0.9617,0.9622,5.00,0.50
2007.11.15 06:15:59.095,0.96175,0.9622,2.90,0.50
2007.11.15 06:15:59.323,0.96175,0.9622,3.60,0.50
2007.11.15 06:15:59.482,0.96175,0.9622,3.60,0.50
2007.11.15 06:15:59.844,0.9618,0.9622,1.20,0.50
2007.11.15 06:16:00.865,0.9618,0.9622,1.20,0.50
2007.11.15 06:16:01.149,0.9618,0.9622,1.20,0.50
2007.11.15 06:16:01.432,0.9618,0.9622,1.20,0.50
2007.11.15 06:16:01.793,0.9618,0.9622,1.20,0.50
2007.11.15 06:16:04.619,0.9618,0.9622,1.20,0.50
2007.11.15 06:16:09.636,0.9618,0.9622,1.20,0.50
2007.11.15 06:16:13.329,0.9618,0.9622,1.20,0.50
2007.11.15 06:16:14.661,0.9618,0.9622,1.20,0.50
2007.11.15 06:16:19.686,0.9618,0.9622,1.20,0.50
2007.11.15 06:16:20.570,0.9618,0.9622,1.20,0.50
2007.11.15 06:16:21.608,0.9618,0.9622,1.20,0.50
2007.11.15 06:16:24.716,0.9618,0.9622,1.20,0.50
2007.11.15 06:16:29.354,0.9618,0.96225,1.20,6.10
2007.11.15 06:16:29.531,0.9618,0.9623,0.80,6.40
2007.11.15 06:16:29.961,0.9618,0.9623,0.80,7.40
2007.11.15 06:16:30.280,0.96175,0.96225,1.60,6.10
2007.11.15 06:16:30.597,0.9617,0.96225,3.60,6.10
2007.11.15 06:16:31.094,0.9617,0.96225,3.60,6.10
2007.11.15 06:16:31.296,0.9617,0.96225,3.60,6.10
2007.11.15 06:16:31.931,0.9617,0.9622,3.60,0.50
2007.11.15 06:16:32.150,0.9616,0.9622,15.00,0.80
2007.11.15 06:16:32.368,0.9615,0.96225,15.70,19.80
2007.11.15 06:16:33.373,0.9615,0.96225,15.70,19.80
2007.11.15 06:16:34.760,0.9615,0.96225,15.70,19.80
2007.11.15 06:16:37.282,0.9615,0.9622,15.70,0.90
2007.11.15 06:16:39.786,0.9615,0.9622,15.70,0.50
2007.11.15 06:16:44.801,0.9615,0.96225,15.70,19.80
2007.11.15 06:16:47.703,0.9615,0.96225,15.70,19.80
2007.11.15 06:16:49.828,0.9615,0.9622,15.70,0.70
2007.11.15 06:16:54.861,0.9615,0.96225,15.70,19.80
2007.11.15 06:16:58.179,0.9615,0.9622,13.30,10.70
2007.11.15 06:16:59.883,0.9615,0.9622,13.30,10.70
2007.11.15 06:17:04.908,0.9615,0.9622,12.50,10.70
2007.11.15 06:17:07.461,0.9615,0.9622,12.50,10.70
2007.11.15 06:17:07.659,0.9615,0.9621,4.20,7.90
2007.11.15 06:17:07.859,0.9615,0.9621,1.80,11.40
2007.11.15 06:17:08.107,0.9615,0.9621,1.80,11.40
2007.11.15 06:17:08.305,0.9615,0.9621,12.10,3.50
2007.11.15 06:17:08.505,0.9615,0.9622,12.10,11.30
2007.11.15 06:17:08.663,0.9615,0.9622,12.10,11.30
2007.11.15 06:17:09.347,0.9615,0.9622,12.10,11.30
2007.11.15 06:17:09.550,0.9615,0.9622,12.10,11.30
2007.11.15 06:17:09.936,0.9615,0.9622,12.10,11.30
2007.11.15 06:17:10.209,0.9615,0.9622,12.50,11.30
2007.11.15 06:17:11.136,0.9615,0.9622,11.70,11.30
2007.11.15 06:17:11.374,0.96145,0.9622,5.60,12.10
2007.11.15 06:17:11.613,0.96145,0.9621,4.00,0.50
2007.11.15 06:17:11.766,0.96145,0.9621,4.00,10.70
2007.11.15 06:17:11.921,0.9613,0.96205,0.60,3.50
2007.11.15 06:17:12.074,0.9613,0.96205,0.60,3.50
2007.11.15 06:17:12.228,0.96125,0.96205,4.00,3.50
2007.11.15 06:17:12.383,0.9613,0.9621,4.00,12.10
2007.11.15 06:17:12.536,0.9613,0.9621,4.00,11.40
2007.11.15 06:17:12.690,0.9613,0.9621,4.00,11.40
2007.11.15 06:17:12.884,0.9613,0.9621,4.00,11.40
2007.11.15 06:17:13.108,0.9613,0.9621,4.00,11.40
2007.11.15 06:17:13.314,0.9613,0.9621,4.00,11.40
2007.11.15 06:17:14.953,0.9613,0.9621,4.00,11.40
2007.11.15 06:17:15.381,0.9613,0.9621,4.00,11.40
2007.11.15 06:17:18.076,0.9613,0.9621,12.90,3.50
2007.11.15 06:17:18.306,0.96135,0.96215,4.00,3.50
2007.11.15 06:17:19.361,0.96135,0.96215,4.00,3.50
2007.11.15 06:17:19.973,0.96135,0.96215,4.00,3.50
2007.11.15 06:17:21.536,0.96135,0.96215,4.00,3.50
2007.11.15 06:17:22.583,0.96135,0.96215,4.00,3.50
2007.11.15 06:17:23.820,0.96135,0.96215,4.00,0.50
2007.11.15 06:17:25.009,0.96135,0.96215,4.00,0.70
2007.11.15 06:17:26.523,0.96135,0.9619,4.00,1.00
2007.11.15 06:17:26.824,0.96135,0.9619,4.00,24.20
2007.11.15 06:17:27.111,0.9613,0.96185,3.60,0.70
2007.11.15 06:17:27.288,0.9613,0.9619,3.60,24.20
2007.11.15 06:17:27.467,0.9613,0.9619,3.60,24.20
2007.11.15 06:17:27.877,0.9613,0.9619,3.60,24.20
2007.11.15 06:17:28.098,0.9613,0.96185,3.60,0.90
2007.11.15 06:17:28.662,0.9613,0.9618,3.60,0.50
2007.11.15 06:17:28.956,0.9613,0.9618,3.60,0.50
2007.11.15 06:17:30.035,0.9613,0.96185,3.60,5.30
2007.11.15 06:17:32.305,0.9613,0.9618,3.60,0.50
2007.11.15 06:17:34.387,0.9613,0.9618,3.60,0.50
2007.11.15 06:17:35.065,0.9613,0.9618,3.60,0.50
2007.11.15 06:17:35.822,0.9613,0.96185,3.60,6.10
2007.11.15 06:17:36.101,0.9613,0.96185,3.60,6.10
2007.11.15 06:17:40.102,0.9613,0.96185,3.60,6.10
2007.11.15 06:17:45.132,0.9613,0.9618,3.60,0.50
2007.11.15 06:17:50.161,0.9613,0.9618,3.60,0.50
2007.11.15 06:17:52.559,0.9613,0.96185,3.60,6.10
2007.11.15 06:17:52.763,0.9613,0.9618,3.20,0.90
2007.11.15 06:17:52.967,0.9612,0.96185,4.10,19.80
2007.11.15 06:17:53.226,0.9611,0.9618,13.90,0.80
2007.11.15 06:17:53.821,0.9611,0.96185,13.90,19.80
2007.11.15 06:17:54.079,0.9611,0.96185,13.90,19.80
2007.11.15 06:17:55.108,0.9611,0.9618,11.50,0.60
2007.11.15 06:18:00.211,0.9611,0.96185,11.50,19.80
2007.11.15 06:18:05.229,0.9611,0.96185,11.50,19.80
2007.11.15 06:18:10.253,0.9611,0.9618,11.50,10.70
2007.11.15 06:18:11.837,0.9611,0.9618,5.80,10.70
2007.11.15 06:18:15.281,0.96105,0.9618,18.10,10.70
2007.11.15 06:18:15.564,0.9611,0.9618,4.70,10.70
2007.11.15 06:18:20.302,0.9611,0.9618,4.50,10.70
2007.11.15 06:18:25.322,0.96105,0.96185,1.60,3.50
2007.11.15 06:18:30.353,0.96105,0.96185,1.00,3.50
2007.11.15 06:18:31.879,0.96105,0.96185,0.90,0.70
2007.11.15 06:18:35.384,0.961,0.96195,4.20,7.50
2007.11.15 06:18:40.404,0.961,0.96195,4.20,7.50
2007.11.15 06:18:43.714,0.9612,0.9619,0.80,9.90
2007.11.15 06:18:43.987,0.9612,0.96185,3.60,15.50
2007.11.15 06:18:44.255,0.9612,0.9618,3.60,0.50
2007.11.15 06:18:44.965,0.9612,0.9618,3.60,0.60
2007.11.15 06:18:45.429,0.9612,0.96185,3.60,15.50
2007.11.15 06:18:48.369,0.9612,0.9618,3.60,0.50
2007.11.15 06:18:50.454,0.9612,0.96185,3.60,15.50
2007.11.15 06:18:55.482,0.9612,0.9618,3.60,0.80
2007.11.15 06:19:00.500,0.9612,0.96185,3.60,15.50
2007.11.15 06:19:02.235,0.96125,0.9618,0.80,10.70
2007.11.15 06:19:02.398,0.9613,0.9618,0.80,10.70
2007.11.15 06:19:02.496,0.9613,0.9618,1.20,2.80
2007.11.15 06:19:02.620,0.9613,0.9618,1.20,2.80
2007.11.15 06:19:03.549,0.9613,0.9618,1.20,2.80
2007.11.15 06:19:05.637,0.9613,0.9618,1.20,2.80
2007.11.15 06:19:08.852,0.9613,0.9618,1.20,2.80
2007.11.15 06:19:09.047,0.9615,0.9618,0.80,0.50
2007.11.15 06:19:09.241,0.9615,0.9618,0.80,0.50
2007.11.15 06:19:09.479,0.9615,0.9618,0.80,0.50
2007.11.15 06:19:10.099,0.9615,0.9618,0.80,0.50
2007.11.15 06:19:10.381,0.9615,0.9618,0.80,0.50
2007.11.15 06:19:10.656,0.9615,0.9618,0.80,0.50
2007.11.15 06:19:10.838,0.9615,0.9618,0.80,0.50
2007.11.15 06:19:11.022,0.96135,0.9618,0.20,2.80
2007.11.15 06:19:11.205,0.9613,0.9618,1.20,2.80
2007.11.15 06:19:12.058,0.9613,0.9618,1.20,2.80
2007.11.15 06:19:12.367,0.9613,0.9618,1.20,2.80
2007.11.15 06:19:15.346,0.9614,0.9618,4.00,2.80
2007.11.15 06:19:15.482,0.96145,0.9618,1.60,0.50
2007.11.15 06:19:15.712,0.96145,0.9618,1.60,0.50
2007.11.15 06:19:16.415,0.96145,0.9618,1.60,0.50
2007.11.15 06:19:16.643,0.96145,0.9618,1.60,0.50
2007.11.15 06:19:16.902,0.9614,0.9616,11.20,1.60
2007.11.15 06:19:17.156,0.9613,0.96155,1.20,4.00
2007.11.15 06:19:17.924,0.9613,0.96155,1.20,4.00
2007.11.15 06:19:18.379,0.9613,0.96155,1.20,4.00
2007.11.15 06:19:20.719,0.9613,0.96155,1.20,4.00
2007.11.15 06:19:21.289,0.9613,0.96155,1.20,4.00
2007.11.15 06:19:21.547,0.9613,0.9617,3.60,8.00
2007.11.15 06:19:21.806,0.9613,0.9618,3.60,0.50
2007.11.15 06:19:22.622,0.9613,0.9618,3.60,0.50
2007.11.15 06:19:22.837,0.9613,0.9618,3.60,0.50
2007.11.15 06:19:23.187,0.9613,0.9618,3.60,0.50
2007.11.15 06:19:23.269,0.9613,0.9618,2.80,0.50
2007.11.15 06:19:23.492,0.9612,0.96185,3.70,16.30
2007.11.15 06:19:23.721,0.9612,0.9618,3.60,0.80
2007.11.15 06:19:24.377,0.9612,0.9618,3.60,0.90
2007.11.15 06:19:24.585,0.9612,0.9618,3.60,0.70
2007.11.15 06:19:25.731,0.9612,0.9618,3.60,0.70
2007.11.15 06:19:27.356,0.96125,0.96185,1.60,16.30
2007.11.15 06:19:27.519,0.9614,0.96185,7.20,8.40
2007.11.15 06:19:27.683,0.9614,0.96185,7.20,8.40
2007.11.15 06:19:27.848,0.9614,0.96185,9.60,8.40
2007.11.15 06:19:28.241,0.96145,0.96185,0.80,7.60
2007.11.15 06:19:28.425,0.96145,0.962,0.80,7.90
2007.11.15 06:19:28.608,0.96145,0.962,1.00,4.80
2007.11.15 06:19:28.790,0.96145,0.9619,1.00,0.50
2007.11.15 06:19:28.973,0.96145,0.962,1.00,4.80
2007.11.15 06:19:29.157,0.96145,0.9619,1.00,0.50
2007.11.15 06:19:29.360,0.9615,0.9619,7.90,0.50
2007.11.15 06:19:29.563,0.9615,0.9619,7.90,0.50
2007.11.15 06:19:29.767,0.9615,0.9619,7.90,0.50
2007.11.15 06:19:30.091,0.9615,0.9619,7.90,0.50
2007.11.15 06:19:30.592,0.9615,0.9619,7.90,0.50
2007.11.15 06:19:30.763,0.9615,0.9622,7.90,15.20
2007.11.15 06:19:31.622,0.9615,0.9619,7.90,0.50
2007.11.15 06:19:32.274,0.9615,0.9619,7.90,0.50
2007.11.15 06:19:32.433,0.96145,0.9621,4.20,8.40
2007.11.15 06:19:32.580,0.9614,0.9619,2.40,0.50
2007.11.15 06:19:32.902,0.9614,0.9619,2.40,0.50
2007.11.15 06:19:33.055,0.9614,0.9621,2.40,12.70
2007.11.15 06:19:33.209,0.9614,0.9619,2.40,0.50
2007.11.15 06:19:33.544,0.9614,0.96205,2.40,4.00
2007.11.15 06:19:34.061,0.9614,0.96205,2.40,4.00
2007.11.15 06:19:34.371,0.9614,0.96205,2.40,4.00
2007.11.15 06:19:35.796,0.9614,0.9619,2.40,0.50
2007.11.15 06:19:37.257,0.9614,0.9619,2.40,0.50
2007.11.15 06:19:37.485,0.9614,0.96195,2.40,4.50
2007.11.15 06:19:37.714,0.9614,0.9619,2.40,0.50
2007.11.15 06:19:38.575,0.9614,0.9619,2.40,0.50
2007.11.15 06:19:39.376,0.9614,0.9619,2.40,4.50
2007.11.15 06:19:39.575,0.9614,0.9617,2.40,0.90
2007.11.15 06:19:39.878,0.9614,0.96175,2.40,6.40
2007.11.15 06:19:40.117,0.9614,0.9618,2.40,25.50
2007.11.15 06:19:40.355,0.9612,0.96175,3.60,0.70
2007.11.15 06:19:40.606,0.9612,0.96175,3.60,0.80
2007.11.15 06:19:40.837,0.9612,0.9618,3.60,25.90
2007.11.15 06:19:41.119,0.9612,0.96175,3.60,0.80
2007.11.15 06:19:41.338,0.9612,0.9617,3.60,0.50
2007.11.15 06:19:41.815,0.96135,0.9617,0.80,0.50
2007.11.15 06:19:42.043,0.96135,0.96175,2.40,5.30
2007.11.15 06:19:42.350,0.96135,0.9617,2.40,0.50
2007.11.15 06:19:42.586,0.96135,0.96175,2.40,5.30
2007.11.15 06:19:42.854,0.96135,0.96175,2.40,5.30
2007.11.15 06:19:43.072,0.96135,0.96175,2.40,5.30
2007.11.15 06:19:43.244,0.9614,0.96175,2.40,5.30
2007.11.15 06:19:43.417,0.9614,0.96175,2.40,5.30
2007.11.15 06:19:43.429,0.9614,0.9617,0.70,0.50
2007.11.15 06:19:43.592,0.9614,0.9617,0.70,0.50
2007.11.15 06:19:44.110,0.9614,0.9617,0.80,0.50
2007.11.15 06:19:44.624,0.9614,0.9617,0.90,0.50
2007.11.15 06:19:45.380,0.96135,0.96175,4.80,5.30
2007.11.15 06:19:45.842,0.96135,0.96175,4.80,5.30
2007.11.15 06:19:46.471,0.96135,0.9617,0.70,0.50
2007.11.15 06:19:46.785,0.96135,0.9617,0.80,0.50
2007.11.15 06:19:47.399,0.9613,0.9618,13.10,12.30
2007.11.15 06:19:47.554,0.9613,0.9618,13.10,12.30
2007.11.15 06:19:47.771,0.9613,0.9618,11.70,12.30
2007.11.15 06:19:47.910,0.96125,0.9618,9.30,12.30
2007.11.15 06:19:48.043,0.96125,0.9618,6.00,30.60
2007.11.15 06:19:48.271,0.96125,0.9618,3.60,30.60
2007.11.15 06:19:48.827,0.96125,0.9618,3.60,29.60
2007.11.15 06:19:49.058,0.96125,0.962,13.90,27.30
2007.11.15 06:19:49.201,0.96125,0.962,17.90,19.80
2007.11.15 06:19:49.345,0.96125,0.962,17.90,13.60
2007.11.15 06:19:49.612,0.96125,0.962,17.90,13.60
2007.11.15 06:19:50.129,0.96125,0.962,17.90,13.60
2007.11.15 06:19:50.645,0.96125,0.962,17.90,13.60
2007.11.15 06:19:51.850,0.9613,0.9619,0.60,0.50
2007.11.15 06:19:52.113,0.9614,0.9619,0.90,0.50
2007.11.15 06:19:52.278,0.9614,0.9619,0.70,0.50
2007.11.15 06:19:52.541,0.96135,0.9619,4.20,0.50
2007.11.15 06:19:53.048,0.9614,0.9619,1.20,0.50
2007.11.15 06:19:53.562,0.9614,0.9619,0.50,0.50
2007.11.15 06:19:55.907,0.96135,0.9619,4.20,0.50
2007.11.15 06:19:58.888,0.9614,0.96185,1.60,4.00
2007.11.15 06:19:59.101,0.9613,0.96185,17.00,4.00
2007.11.15 06:19:59.314,0.9613,0.96185,16.20,4.00
2007.11.15 06:19:59.489,0.9613,0.96135,2.30,0.20
2007.11.15 06:19:59.662,0.96125,0.96135,4.80,0.20
2007.11.15 06:19:59.840,0.9613,0.96135,0.80,0.20
2007.11.15 06:20:00.090,0.9613,0.96135,0.60,0.20
2007.11.15 06:20:00.292,0.9613,0.96135,0.80,0.20
2007.11.15 06:20:00.465,0.96115,0.96135,19.20,0.20
2007.11.15 06:20:00.713,0.96115,0.96135,4.80,0.20
2007.11.15 06:20:01.085,0.96115,0.96135,4.80,4.10
2007.11.15 06:20:01.334,0.96115,0.96135,4.80,4.10
2007.11.15 06:20:01.574,0.96115,0.96135,4.80,4.10
2007.11.15 06:20:01.808,0.96115,0.96135,1.00,4.10
2007.11.15 06:20:02.077,0.9611,0.96135,11.10,4.10
2007.11.15 06:20:02.367,0.96115,0.96135,1.60,4.10
2007.11.15 06:20:02.585,0.9611,0.96135,11.10,4.10
2007.11.15 06:20:02.874,0.96115,0.96135,0.70,4.10
2007.11.15 06:20:03.092,0.9611,0.96135,25.50,0.20
2007.11.15 06:20:03.312,0.9611,0.96135,34.20,0.20
2007.11.15 06:20:03.531,0.96115,0.96135,4.80,0.20
2007.11.15 06:20:03.690,0.96115,0.96135,4.80,0.20
2007.11.15 06:20:03.867,0.9612,0.96135,0.50,0.20
2007.11.15 06:20:04.026,0.96115,0.96135,0.90,0.20
2007.11.15 06:20:04.185,0.9612,0.96135,0.50,0.20
2007.11.15 06:20:04.361,0.96115,0.96135,2.90,0.20
2007.11.15 06:20:04.573,0.96115,0.96135,2.90,0.20
2007.11.15 06:20:05.081,0.9612,0.96135,0.50,0.20
2007.11.15 06:20:05.288,0.9612,0.96135,0.50,0.20
2007.11.15 06:20:05.496,0.96115,0.96135,2.90,0.20
2007.11.15 06:20:05.938,0.96115,0.96135,2.90,0.20
2007.11.15 06:20:06.079,0.9612,0.96135,0.50,0.20
2007.11.15 06:20:07.914,0.96115,0.96135,3.00,0.20
2007.11.15 06:20:08.056,0.9612,0.96135,0.60,0.20
2007.11.15 06:20:09.298,0.96115,0.96135,2.20,0.20
2007.11.15 06:20:09.632,0.9611,0.96135,4.00,0.20
2007.11.15 06:20:09.760,0.9611,0.96135,4.00,0.20
2007.11.15 06:20:09.889,0.9611,0.96135,4.00,0.20
2007.11.15 06:20:10.583,0.9611,0.96135,4.00,0.20
2007.11.15 06:20:10.875,0.9612,0.96135,0.70,0.20
2007.11.15 06:20:11.123,0.96115,0.96135,9.60,0.20
2007.11.15 06:20:11.509,0.9612,0.96135,11.40,0.20
2007.11.15 06:20:11.757,0.9612,0.96135,11.40,0.20
2007.11.15 06:20:12.022,0.9612,0.96135,11.40,0.20
2007.11.15 06:20:12.334,0.9612,0.96135,11.40,0.20
2007.11.15 06:20:12.859,0.96125,0.96135,0.80,0.20
2007.11.15 06:20:12.998,0.96125,0.96135,0.80,0.20
2007.11.15 06:20:13.137,0.96125,0.96135,0.80,0.20
2007.11.15 06:20:13.404,0.96125,0.96135,0.80,0.20
2007.11.15 06:20:13.543,0.96125,0.96135,0.80,0.20
2007.11.15 06:20:13.681,0.96125,0.96135,0.80,0.20
2007.11.15 06:20:13.827,0.96125,0.96135,0.80,0.20
2007.11.15 06:20:14.049,0.9613,0.96135,7.90,0.20
2007.11.15 06:20:14.278,0.9613,0.96135,7.90,0.20
2007.11.15 06:20:14.506,0.9613,0.96135,7.90,0.20
2007.11.15 06:20:15.134,0.9613,0.96135,7.90,0.20
2007.11.15 06:20:15.979,0.9613,0.96135,7.90,0.20
2007.11.15 06:20:19.571,0.9613,0.96135,8.70,0.20
2007.11.15 06:20:19.835,0.9613,0.96135,8.70,0.20
2007.11.15 06:20:20.624,0.9613,0.96135,8.70,0.20
2007.11.15 06:20:21.008,0.9613,0.96135,8.70,0.20
2007.11.15 06:20:21.493,0.9613,0.96135,8.70,0.20
2007.11.15 06:20:21.834,0.9613,0.96135,1.20,0.20
2007.11.15 06:20:22.413,0.9613,0.96135,1.20,0.20
2007.11.15 06:20:22.635,0.9613,0.96135,1.20,0.20
2007.11.15 06:20:22.851,0.9613,0.96135,1.20,0.20
2007.11.15 06:20:23.569,0.9613,0.96135,1.20,0.20
2007.11.15 06:20:23.996,0.9613,0.96135,1.20,0.20
2007.11.15 06:20:26.042,0.9613,0.96135,1.20,0.20
2007.11.15 06:20:28.123,0.9613,0.96135,1.20,0.20
2007.11.15 06:20:29.061,0.9613,0.96135,1.20,0.20
2007.11.15 06:20:31.072,0.9613,0.96135,1.20,0.20
2007.11.15 06:20:34.918,0.96135,0.9618,0.80,2.80
2007.11.15 06:20:35.059,0.96135,0.9618,0.80,2.80
2007.11.15 06:20:35.210,0.9613,0.96135,17.10,0.20
2007.11.15 06:20:35.444,0.9613,0.96135,19.50,0.20
2007.11.15 06:20:36.092,0.9613,0.96135,19.50,0.20
2007.11.15 06:20:36.307,0.9613,0.96135,19.50,0.20
2007.11.15 06:20:40.914,0.9613,0.96135,18.90,0.20
2007.11.15 06:20:41.077,0.9613,0.96135,3.70,0.20
2007.11.15 06:20:41.241,0.9613,0.96135,1.20,0.20
2007.11.15 06:20:41.600,0.9613,0.96135,1.20,0.20
2007.11.15 06:20:42.011,0.9613,0.96135,1.20,0.20
2007.11.15 06:20:45.385,0.9613,0.96135,1.20,0.20
2007.11.15 06:20:45.564,0.9613,0.96135,1.20,0.20
2007.11.15 06:20:45.732,0.9613,0.96135,1.20,0.20
2007.11.15 06:20:46.141,0.9613,0.96135,1.20,0.20
2007.11.15 06:20:46.394,0.9613,0.96135,1.20,0.20
2007.11.15 06:20:46.558,0.9613,0.96135,1.20,0.20
2007.11.15 06:20:46.721,0.9613,0.96135,1.20,0.20
2007.11.15 06:20:48.939,0.9613,0.96135,1.20,2.40
2007.11.15 06:20:51.189,0.9613,0.96135,1.20,0.30
2007.11.15 06:20:53.534,0.9613,0.96135,1.20,0.50
2007.11.15 06:20:54.350,0.9613,0.96135,1.20,5.60
2007.11.15 06:20:54.578,0.9613,0.96135,1.20,4.80
2007.11.15 06:20:54.801,0.9613,0.96135,1.20,5.00
2007.11.15 06:20:55.581,0.9613,0.96135,1.20,0.80
2007.11.15 06:20:56.208,0.9613,0.96135,1.20,0.20
2007.11.15 06:20:56.565,0.9613,0.96135,1.20,3.20
2007.11.15 06:20:56.790,0.96125,0.96135,2.40,1.00
2007.11.15 06:20:57.013,0.96125,0.96135,2.40,0.50
2007.11.15 06:20:57.241,0.96125,0.96135,2.40,8.00
2007.11.15 06:20:57.632,0.96125,0.96135,2.40,8.10
2007.11.15 06:20:58.071,0.96125,0.96135,2.40,3.60
2007.11.15 06:21:01.235,0.96125,0.96135,2.40,0.80
2007.11.15 06:21:01.746,0.96125,0.96135,2.40,0.50
2007.11.15 06:21:02.009,0.96125,0.9613,1.60,0.50
2007.11.15 06:21:02.272,0.96125,0.9613,1.60,0.50
2007.11.15 06:21:02.543,0.96125,0.9613,1.60,0.50
2007.11.15 06:21:02.725,0.9612,0.9613,10.80,0.50
2007.11.15 06:21:02.838,0.9612,0.96135,10.80,0.80
2007.11.15 06:21:02.953,0.9612,0.96135,10.80,9.50
2007.11.15 06:21:03.066,0.9612,0.96135,10.80,0.50
2007.11.15 06:21:03.568,0.9612,0.96135,10.80,4.40
2007.11.15 06:21:03.881,0.9612,0.96135,10.80,1.90
2007.11.15 06:21:04.582,0.9612,0.96135,10.80,0.60
2007.11.15 06:21:04.846,0.9612,0.96135,10.80,4.00
2007.11.15 06:21:05.006,0.96125,0.96135,1.60,5.80
2007.11.15 06:21:05.119,0.9612,0.96135,10.80,11.10
2007.11.15 06:21:05.365,0.9612,0.96135,10.80,0.50
2007.11.15 06:21:05.489,0.9612,0.96135,10.00,9.00
2007.11.15 06:21:05.603,0.9612,0.96135,2.40,4.00
2007.11.15 06:21:05.867,0.9611,0.96135,1.20,4.00
2007.11.15 06:21:06.130,0.9611,0.96135,1.20,4.00
2007.11.15 06:21:06.393,0.9611,0.96135,1.20,4.00
2007.11.15 06:21:06.657,0.9611,0.96135,1.20,4.00
2007.11.15 06:21:06.921,0.9611,0.96135,1.20,4.00
2007.11.15 06:21:07.165,0.9611,0.96135,1.20,4.00
2007.11.15 06:21:11.299,0.9611,0.96135,1.20,4.00
2007.11.15 06:21:12.950,0.9611,0.96135,1.20,4.00
2007.11.15 06:21:13.113,0.9611,0.96135,1.20,4.60
2007.11.15 06:21:13.277,0.9611,0.96135,1.20,0.70
2007.11.15 06:21:13.440,0.9611,0.96135,1.20,1.60
2007.11.15 06:21:14.364,0.9611,0.96135,1.20,0.90
2007.11.15 06:21:16.308,0.9611,0.96135,1.20,0.50
2007.11.15 06:21:17.785,0.9611,0.9613,1.20,0.50
2007.11.15 06:21:18.110,0.9611,0.9613,1.20,0.50
2007.11.15 06:21:18.269,0.9611,0.9613,1.20,0.50
2007.11.15 06:21:18.844,0.9611,0.9613,1.20,0.50
2007.11.15 06:21:21.215,0.9611,0.9613,1.20,0.50
2007.11.15 06:21:21.429,0.9611,0.9613,1.20,0.50
2007.11.15 06:21:22.212,0.9611,0.96135,1.20,0.50
2007.11.15 06:21:23.526,0.9611,0.96135,1.20,0.50
2007.11.15 06:21:23.664,0.9611,0.9613,1.20,0.50
2007.11.15 06:21:23.802,0.961,0.9613,3.60,0.50
2007.11.15 06:21:23.940,0.961,0.96135,3.60,0.50
2007.11.15 06:21:24.078,0.961,0.96135,3.60,0.50
2007.11.15 06:21:24.526,0.961,0.9612,3.60,0.90
2007.11.15 06:21:24.860,0.961,0.96115,2.80,0.50
2007.11.15 06:21:25.637,0.961,0.9612,2.80,5.60
2007.11.15 06:21:25.844,0.961,0.96115,2.80,0.60
2007.11.15 06:21:26.066,0.961,0.96115,2.80,0.70
2007.11.15 06:21:26.363,0.961,0.96115,2.80,0.50
2007.11.15 06:21:29.048,0.961,0.9613,3.60,2.10
2007.11.15 06:21:29.216,0.961,0.9613,3.60,0.50
2007.11.15 06:21:29.385,0.961,0.96135,3.60,0.50
2007.11.15 06:21:29.554,0.961,0.96135,3.60,0.50
2007.11.15 06:21:30.071,0.961,0.9613,3.60,0.50
2007.11.15 06:21:30.391,0.961,0.96135,3.60,0.50
2007.11.15 06:21:30.599,0.961,0.96135,3.60,0.50
2007.11.15 06:21:30.907,0.961,0.9613,3.60,0.50
2007.11.15 06:21:31.374,0.961,0.96135,3.60,0.50
2007.11.15 06:21:36.416,0.961,0.9613,3.60,0.50
2007.11.15 06:21:40.898,0.961,0.9615,3.60,0.50
2007.11.15 06:21:41.107,0.961,0.9615,3.60,0.50
2007.11.15 06:21:41.421,0.961,0.9615,3.60,0.50
2007.11.15 06:21:42.113,0.961,0.9615,3.60,0.50
2007.11.15 06:21:46.448,0.961,0.96135,3.60,3.20
2007.11.15 06:21:51.472,0.961,0.96135,3.60,0.50
2007.11.15 06:21:51.652,0.961,0.96135,3.60,10.20
2007.11.15 06:21:54.592,0.961,0.96135,3.60,4.20
2007.11.15 06:21:54.755,0.961,0.96135,1.20,0.50
2007.11.15 06:21:55.003,0.961,0.96135,1.20,0.80
2007.11.15 06:21:55.818,0.961,0.96135,1.20,1.00
2007.11.15 06:21:56.494,0.961,0.96135,1.20,0.50
2007.11.15 06:21:56.997,0.961,0.96135,1.20,14.20
2007.11.15 06:21:57.330,0.961,0.96135,3.60,4.40
2007.11.15 06:21:57.663,0.961,0.96135,3.60,4.40
2007.11.15 06:21:58.394,0.961,0.96135,3.60,5.80
2007.11.15 06:22:00.086,0.961,0.96135,3.60,4.00
2007.11.15 06:22:00.179,0.961,0.96135,3.60,23.40
2007.11.15 06:22:00.273,0.961,0.96135,11.50,25.80
2007.11.15 06:22:00.367,0.961,0.96135,12.10,13.20
2007.11.15 06:22:00.461,0.961,0.96135,16.10,0.50
2007.11.15 06:22:00.554,0.961,0.96135,16.10,4.90
2007.11.15 06:22:00.648,0.9611,0.96135,1.20,16.10
2007.11.15 06:22:00.746,0.9611,0.96135,11.50,3.00
2007.11.15 06:22:00.834,0.9611,0.96135,11.50,23.10
2007.11.15 06:22:01.104,0.9611,0.96135,11.50,5.00
2007.11.15 06:22:01.437,0.9611,0.96135,11.50,15.20
2007.11.15 06:22:01.834,0.9611,0.96135,11.50,0.80
2007.11.15 06:22:02.167,0.9611,0.96135,11.50,5.90
2007.11.15 06:22:03.829,0.9611,0.96135,11.50,4.80
2007.11.15 06:22:04.011,0.9611,0.96135,11.50,1.60
2007.11.15 06:22:04.239,0.9611,0.96135,12.10,4.50
2007.11.15 06:22:04.467,0.96115,0.96135,4.00,1.60
2007.11.15 06:22:05.347,0.96115,0.96135,4.00,0.50
2007.11.15 06:22:05.549,0.96115,0.96135,4.00,4.80
2007.11.15 06:22:06.543,0.96115,0.96135,4.00,5.20
2007.11.15 06:22:11.566,0.96115,0.96135,4.00,4.00
2007.11.15 06:22:12.699,0.9612,0.96135,0.80,0.80
2007.11.15 06:22:13.022,0.9612,0.96195,15.10,6.40
2007.11.15 06:22:13.347,0.9612,0.9618,15.10,0.70
2007.11.15 06:22:13.555,0.9612,0.96195,15.10,6.40
2007.11.15 06:22:13.878,0.9612,0.9618,15.10,0.50
2007.11.15 06:22:16.596,0.9612,0.96195,15.10,6.40
2007.11.15 06:22:17.704,0.9612,0.96195,15.50,6.40
2007.11.15 06:22:18.535,0.9612,0.9618,15.50,0.90
2007.11.15 06:22:21.627,0.9612,0.9618,15.50,0.80
2007.11.15 06:22:24.890,0.9612,0.96195,15.50,6.40
2007.11.15 06:22:26.094,0.9612,0.962,15.50,18.20
2007.11.15 06:22:26.647,0.9612,0.962,15.50,18.20
2007.11.15 06:22:26.858,0.9612,0.962,15.50,18.30
2007.11.15 06:22:27.071,0.9612,0.96195,15.50,0.60
2007.11.15 06:22:28.086,0.9612,0.96195,15.50,0.70
2007.11.15 06:22:29.635,0.9612,0.9618,15.50,0.20
2007.11.15 06:22:29.841,0.9612,0.96195,15.50,4.20
2007.11.15 06:22:31.677,0.9612,0.9618,15.50,0.20
2007.11.15 06:22:32.183,0.9612,0.9618,2.80,0.20
2007.11.15 06:22:36.702,0.9612,0.9618,6.20,0.20
2007.11.15 06:22:39.586,0.96115,0.9618,17.10,0.20
2007.11.15 06:22:40.631,0.9612,0.9618,1.50,0.20
2007.11.15 06:22:41.719,0.96115,0.9618,17.10,0.20
2007.11.15 06:22:43.632,0.9611,0.962,18.50,14.20
2007.11.15 06:22:46.749,0.9611,0.962,18.50,14.20
2007.11.15 06:22:49.300,0.9611,0.962,18.50,14.30
2007.11.15 06:22:49.424,0.9611,0.962,18.50,14.30
2007.11.15 06:22:50.577,0.9611,0.962,18.50,14.30
2007.11.15 06:22:51.772,0.9611,0.962,18.50,14.30
2007.11.15 06:22:55.677,0.9612,0.962,2.60,14.30
2007.11.15 06:22:55.835,0.9612,0.962,7.00,14.20
2007.11.15 06:22:55.994,0.9611,0.962,18.50,14.20
2007.11.15 06:22:56.788,0.9611,0.962,18.50,14.20
2007.11.15 06:23:01.831,0.9612,0.962,4.80,14.20
2007.11.15 06:23:02.288,0.9611,0.962,18.50,14.30
2007.11.15 06:23:02.466,0.9611,0.962,18.50,14.30
2007.11.15 06:23:03.548,0.9611,0.962,18.50,14.30
2007.11.15 06:23:06.850,0.9612,0.962,5.90,14.30
2007.11.15 06:23:11.653,0.96115,0.96185,15.50,0.80
2007.11.15 06:23:11.848,0.9612,0.96185,6.90,4.80
2007.11.15 06:23:12.047,0.96115,0.9618,10.00,7.90
2007.11.15 06:23:12.241,0.9612,0.9618,2.20,7.90
2007.11.15 06:23:12.435,0.9612,0.9618,1.70,8.40
2007.11.15 06:23:12.767,0.96115,0.9618,6.00,8.40
2007.11.15 06:23:13.025,0.96115,0.9618,6.00,8.40
2007.11.15 06:23:13.285,0.96115,0.9618,6.00,8.40
2007.11.15 06:23:13.661,0.96115,0.9618,6.00,10.80
2007.11.15 06:23:13.920,0.96115,0.9618,6.00,10.80
2007.11.15 06:23:14.093,0.96115,0.9618,6.00,10.80
2007.11.15 06:23:14.302,0.9612,0.9618,1.50,11.20
2007.11.15 06:23:14.932,0.9612,0.9618,1.70,10.70
2007.11.15 06:23:15.390,0.96115,0.9618,6.00,10.70
2007.11.15 06:23:15.787,0.96115,0.9618,6.00,10.70
2007.11.15 06:23:16.298,0.96115,0.9618,6.00,10.70
2007.11.15 06:23:16.471,0.9612,0.9618,1.40,11.20
2007.11.15 06:23:16.645,0.96115,0.9618,6.00,11.20
2007.11.15 06:23:16.897,0.9612,0.9618,2.00,11.20
2007.11.15 06:23:17.795,0.9612,0.9618,7.60,11.20
2007.11.15 06:23:17.983,0.9613,0.9618,27.10,0.50
2007.11.15 06:23:18.233,0.9614,0.9618,8.80,0.50
2007.11.15 06:23:18.482,0.96145,0.96185,2.40,4.80
2007.11.15 06:23:18.730,0.9614,0.9618,14.40,0.60
2007.11.15 06:23:18.978,0.96115,0.9618,10.00,10.80
2007.11.15 06:23:19.227,0.9612,0.9618,1.00,10.80
2007.11.15 06:23:19.410,0.9612,0.9618,0.90,10.80
2007.11.15 06:23:19.851,0.96115,0.9618,6.00,10.80
2007.11.15 06:23:20.073,0.9612,0.9618,0.80,10.80
2007.11.15 06:23:20.340,0.96115,0.9618,6.00,10.80
2007.11.15 06:23:20.537,0.9612,0.9618,1.70,10.80
2007.11.15 06:23:21.590,0.9612,0.9618,2.10,10.80
2007.11.15 06:23:21.764,0.9612,0.9618,3.60,11.20
2007.11.15 06:23:26.964,0.9612,0.9618,3.60,11.20
2007.11.15 06:23:31.985,0.9612,0.9618,3.60,11.20
2007.11.15 06:23:37.008,0.9612,0.9618,3.60,11.20
2007.11.15 06:23:42.032,0.9612,0.9618,3.60,11.20
2007.11.15 06:23:46.053,0.96115,0.9618,5.20,11.20
2007.11.15 06:23:47.050,0.96115,0.9618,5.20,11.20
2007.11.15 06:23:48.063,0.96115,0.9618,5.20,11.20
2007.11.15 06:23:50.362,0.9612,0.9618,1.70,11.20
2007.11.15 06:23:52.077,0.9611,0.9619,1.10,3.50
2007.11.15 06:23:56.800,0.96105,0.9619,8.00,3.50
2007.11.15 06:23:57.102,0.96105,0.9619,8.00,3.50
2007.11.15 06:23:57.337,0.9611,0.9619,0.70,3.50
2007.11.15 06:23:59.374,0.96105,0.9619,8.00,3.50
2007.11.15 06:23:59.574,0.9611,0.9619,1.40,3.50
2007.11.15 06:24:02.127,0.96105,0.9619,8.00,3.50
2007.11.15 06:24:03.542,0.96095,0.9619,16.80,3.50
2007.11.15 06:24:04.824,0.9612,0.96185,1.60,4.80
2007.11.15 06:24:05.062,0.9612,0.9618,24.30,3.30
2007.11.15 06:24:05.300,0.9612,0.9618,24.30,3.30
2007.11.15 06:24:07.142,0.9612,0.9618,24.30,3.30
2007.11.15 06:24:12.186,0.9613,0.9618,0.70,3.30
2007.11.15 06:24:14.090,0.9612,0.9618,24.30,3.30
2007.11.15 06:24:17.195,0.9612,0.9618,24.30,3.30
2007.11.15 06:24:22.219,0.9613,0.9618,1.00,3.30
2007.11.15 06:24:27.245,0.9612,0.9618,24.30,3.30
2007.11.15 06:24:32.288,0.9612,0.9618,24.30,3.30
2007.11.15 06:24:37.299,0.96105,0.96195,8.80,3.50
2007.11.15 06:24:37.381,0.96115,0.96195,4.00,0.60
2007.11.15 06:24:42.328,0.96115,0.962,4.00,8.30
2007.11.15 06:24:58.856,0.96115,0.96195,4.00,0.50
2007.11.15 06:25:02.407,0.96115,0.96185,4.80,0.80
2007.11.15 06:25:04.501,0.9612,0.96195,1.40,4.50
2007.11.15 06:25:07.444,0.9612,0.9618,1.40,1.00
2007.11.15 06:25:09.053,0.9612,0.9618,1.40,1.00
2007.11.15 06:25:12.454,0.9612,0.9618,1.40,1.00
2007.11.15 06:25:16.535,0.9613,0.9618,0.50,5.10
2007.11.15 06:25:16.711,0.9613,0.9617,2.60,1.40
2007.11.15 06:25:16.903,0.9613,0.9617,2.60,1.40
2007.11.15 06:25:17.473,0.9613,0.9617,2.60,1.40
2007.11.15 06:25:22.501,0.9613,0.9617,2.60,1.40
2007.11.15 06:25:27.529,0.9613,0.9617,2.60,1.40
2007.11.15 06:25:32.566,0.9613,0.9617,2.60,1.40
2007.11.15 06:25:37.595,0.9613,0.9617,2.60,1.40
2007.11.15 06:25:40.041,0.9613,0.96175,2.60,6.20
2007.11.15 06:25:42.621,0.9613,0.9617,2.60,0.70
2007.11.15 06:25:44.689,0.9613,0.96175,2.60,6.20
2007.11.15 06:25:45.820,0.9613,0.9617,2.60,0.60
2007.11.15 06:25:47.644,0.9611,0.96195,4.00,4.30
2007.11.15 06:25:52.671,0.9611,0.96195,4.00,4.30
2007.11.15 06:25:57.694,0.9611,0.9619,4.00,0.70
2007.11.15 06:26:02.716,0.9611,0.9619,4.00,0.70
2007.11.15 06:26:07.737,0.9611,0.9619,4.00,0.50
2007.11.15 06:26:12.768,0.9611,0.9619,4.00,3.50
2007.11.15 06:26:26.800,0.961,0.9619,4.80,3.50
2007.11.15 06:26:27.841,0.961,0.9619,4.80,3.50
2007.11.15 06:26:32.876,0.961,0.9619,4.80,3.50
2007.11.15 06:26:37.899,0.961,0.9619,4.80,3.50
2007.11.15 06:26:38.156,0.961,0.9619,4.80,3.50
2007.11.15 06:26:42.930,0.961,0.9619,4.80,3.50
2007.11.15 06:26:45.393,0.9611,0.9619,1.50,4.30
2007.11.15 06:26:46.621,0.9611,0.9619,1.60,4.30
2007.11.15 06:26:47.953,0.9611,0.9619,4.00,4.30
2007.11.15 06:26:52.975,0.9611,0.9619,4.00,4.30
2007.11.15 06:26:57.143,0.961,0.9619,4.80,4.30
2007.11.15 06:26:58.001,0.961,0.9619,4.80,4.30
2007.11.15 06:26:58.193,0.9613,0.9618,1.10,1.00
2007.11.15 06:26:58.387,0.96125,0.9618,6.60,4.40
2007.11.15 06:26:58.645,0.9613,0.9618,2.20,2.00
2007.11.15 06:26:59.083,0.96125,0.9618,6.60,2.00
2007.11.15 06:26:59.395,0.9613,0.9618,2.50,2.00
2007.11.15 06:27:03.019,0.96125,0.9618,6.60,2.00
2007.11.15 06:27:04.655,0.9613,0.96175,1.50,0.80
2007.11.15 06:27:04.883,0.96125,0.9617,6.60,0.50
2007.11.15 06:27:05.114,0.96125,0.9617,6.60,0.50
2007.11.15 06:27:05.594,0.9614,0.9617,0.50,1.40
2007.11.15 06:27:05.737,0.9614,0.9617,1.70,1.40
2007.11.15 06:27:05.888,0.96135,0.9617,4.20,1.40
2007.11.15 06:27:06.083,0.9614,0.9617,0.90,1.40
2007.11.15 06:27:06.901,0.96135,0.9617,4.20,1.40
2007.11.15 06:27:08.039,0.96135,0.9617,4.20,1.40
2007.11.15 06:27:08.880,0.96135,0.9617,4.20,1.40
2007.11.15 06:27:09.152,0.96135,0.9617,4.20,0.50
2007.11.15 06:27:10.689,0.96135,0.9618,4.20,2.00
2007.11.15 06:27:10.772,0.9614,0.9618,1.20,2.00
2007.11.15 06:27:13.073,0.9614,0.9618,1.10,2.00
2007.11.15 06:27:18.101,0.9614,0.9618,0.70,2.00
2007.11.15 06:27:23.131,0.9614,0.9618,0.60,2.00
2007.11.15 06:27:28.060,0.9614,0.9618,2.60,2.00
2007.11.15 06:27:29.085,0.9614,0.9618,2.60,2.00
2007.11.15 06:27:33.181,0.9614,0.9618,2.60,2.00
2007.11.15 06:27:34.885,0.9614,0.9618,2.60,2.00
2007.11.15 06:27:35.100,0.9614,0.9618,2.60,2.00
2007.11.15 06:27:35.818,0.9614,0.9618,2.60,2.00
2007.11.15 06:27:38.208,0.9614,0.9618,2.60,2.00
2007.11.15 06:27:41.017,0.9614,0.9618,0.50,0.90
2007.11.15 06:27:42.902,0.9614,0.9618,0.50,0.90
2007.11.15 06:27:43.230,0.9614,0.96185,0.50,2.50
2007.11.15 06:27:46.614,0.9614,0.9619,0.50,34.70
2007.11.15 06:27:46.877,0.9614,0.9619,0.50,34.70
2007.11.15 06:27:47.629,0.9614,0.9618,0.50,0.90
2007.11.15 06:27:48.254,0.9614,0.9618,0.50,0.90
2007.11.15 06:27:53.280,0.9614,0.9618,0.50,0.90
2007.11.15 06:27:58.309,0.9614,0.9618,0.50,0.90
2007.11.15 06:28:00.680,0.9614,0.9619,0.50,34.70
2007.11.15 06:28:01.222,0.9614,0.9619,0.50,35.70
2007.11.15 06:28:01.466,0.9613,0.9618,5.00,0.50
2007.11.15 06:28:01.710,0.9613,0.96185,5.00,6.70
2007.11.15 06:28:02.304,0.9613,0.96185,5.00,6.70
2007.11.15 06:28:02.452,0.9613,0.9618,5.00,0.60
2007.11.15 06:28:03.328,0.9613,0.96185,5.00,6.70
2007.11.15 06:28:08.345,0.9613,0.96185,5.00,6.70
2007.11.15 06:28:12.150,0.9613,0.9618,5.00,1.90
2007.11.15 06:28:13.368,0.9613,0.9618,5.00,1.90
2007.11.15 06:28:18.399,0.9613,0.9618,5.00,1.90
2007.11.15 06:28:21.315,0.9613,0.9618,5.00,1.90
2007.11.15 06:28:21.574,0.9614,0.9618,1.20,1.90
2007.11.15 06:28:21.832,0.9614,0.9618,1.20,1.90
2007.11.15 06:28:22.144,0.9614,0.9618,1.20,1.90
2007.11.15 06:28:22.344,0.9614,0.9618,1.20,1.90
2007.11.15 06:28:22.660,0.9614,0.9618,1.20,1.90
2007.11.15 06:28:23.423,0.9614,0.9618,1.20,1.90
2007.11.15 06:28:23.643,0.9614,0.9618,1.20,1.90
2007.11.15 06:28:28.265,0.9614,0.9618,0.50,1.90
2007.11.15 06:28:28.455,0.9614,0.9618,0.50,1.90
2007.11.15 06:28:28.643,0.9613,0.9618,5.00,1.90
2007.11.15 06:28:28.831,0.9613,0.9618,5.00,1.90
2007.11.15 06:28:29.371,0.9613,0.9618,5.00,1.90
2007.11.15 06:28:29.613,0.9613,0.9618,5.00,1.90
2007.11.15 06:28:33.487,0.9613,0.9618,3.60,0.90
2007.11.15 06:28:38.510,0.9613,0.9618,3.60,0.90
2007.11.15 06:28:43.527,0.9613,0.9618,3.60,0.90
2007.11.15 06:28:44.167,0.96125,0.9618,5.20,0.90
2007.11.15 06:28:48.562,0.96125,0.9618,5.20,0.90
2007.11.15 06:28:50.582,0.9613,0.9618,1.20,0.90
2007.11.15 06:28:54.192,0.9613,0.9618,1.40,0.90
2007.11.15 06:28:54.353,0.96125,0.96175,5.20,0.80
2007.11.15 06:28:54.429,0.96125,0.9617,5.20,0.80
2007.11.15 06:28:54.475,0.9613,0.96165,1.70,4.00
2007.11.15 06:28:54.537,0.96125,0.96165,2.80,4.00
2007.11.15 06:28:54.593,0.96125,0.96165,2.80,4.00
2007.11.15 06:28:54.776,0.96125,0.9616,2.80,0.60
2007.11.15 06:28:55.109,0.96125,0.9616,2.80,0.60
2007.11.15 06:28:55.611,0.9613,0.9616,0.90,0.60
2007.11.15 06:28:55.943,0.96125,0.9616,2.80,0.90
2007.11.15 06:28:56.276,0.9613,0.9616,0.80,0.90
2007.11.15 06:28:56.606,0.96125,0.9616,2.80,0.90
2007.11.15 06:28:59.188,0.9613,0.9616,0.50,0.90
2007.11.15 06:29:04.239,0.96125,0.9616,2.80,0.90
2007.11.15 06:29:09.270,0.9613,0.9616,0.70,0.90
2007.11.15 06:29:14.295,0.9613,0.9616,1.20,0.90
2007.11.15 06:29:19.314,0.9613,0.9616,1.20,0.90
2007.11.15 06:29:23.370,0.9613,0.96165,1.20,4.90
2007.11.15 06:29:24.354,0.9613,0.96165,1.20,4.90
2007.11.15 06:29:31.333,0.9613,0.9616,1.40,1.25
2007.11.15 06:29:31.497,0.9613,0.96155,2.20,5.00
2007.11.15 06:29:31.662,0.9613,0.96155,2.60,5.00
2007.11.15 06:29:31.835,0.9613,0.96155,2.60,5.00
2007.11.15 06:29:32.656,0.9613,0.9615,2.60,0.90
2007.11.15 06:29:32.856,0.9613,0.96155,2.60,5.00
2007.11.15 06:29:34.392,0.9613,0.96155,2.60,5.00
2007.11.15 06:29:38.384,0.9613,0.9616,2.60,12.30
2007.11.15 06:29:38.588,0.9613,0.96165,2.60,5.90
2007.11.15 06:29:38.891,0.9613,0.9616,2.60,0.80
2007.11.15 06:29:39.427,0.9613,0.96165,2.60,5.90
2007.11.15 06:29:39.646,0.9613,0.96165,2.60,5.90
2007.11.15 06:29:44.450,0.9613,0.96165,2.60,5.90
2007.11.15 06:29:46.110,0.9613,0.9616,2.60,0.80
2007.11.15 06:29:47.146,0.9613,0.96165,2.60,7.50
2007.11.15 06:29:47.861,0.9613,0.9616,2.60,0.70
2007.11.15 06:29:49.101,0.9613,0.96165,2.60,7.50
2007.11.15 06:29:49.468,0.9613,0.9616,2.60,0.70
2007.11.15 06:29:54.506,0.9613,0.9616,2.60,1.90
2007.11.15 06:29:59.533,0.9613,0.9616,2.60,1.90
2007.11.15 06:30:02.176,0.9613,0.9616,2.60,1.90
2007.11.15 06:30:04.562,0.9613,0.9616,2.60,1.90
2007.11.15 06:30:09.598,0.96105,0.9617,4.00,1.60
2007.11.15 06:30:14.633,0.96105,0.9617,4.00,1.60
2007.11.15 06:30:19.649,0.96105,0.9617,4.00,1.60
2007.11.15 06:30:24.685,0.96105,0.9617,4.00,1.60
2007.11.15 06:30:29.700,0.96105,0.9617,4.00,1.60
2007.11.15 06:30:43.394,0.96095,0.9617,8.80,1.60
2007.11.15 06:30:43.908,0.96105,0.96165,1.00,1.60
2007.11.15 06:30:44.647,0.96105,0.96165,2.10,1.60
2007.11.15 06:30:45.131,0.96105,0.96165,2.10,1.60
2007.11.15 06:30:45.465,0.96095,0.96165,8.80,1.60
2007.11.15 06:30:46.638,0.96095,0.96165,8.80,1.60
2007.11.15 06:30:48.099,0.96095,0.9617,8.80,1.60
2007.11.15 06:30:49.835,0.96095,0.9617,8.80,1.60
2007.11.15 06:30:51.640,0.96105,0.9617,2.30,1.60
2007.11.15 06:30:52.772,0.96095,0.9617,8.80,1.60
2007.11.15 06:30:54.860,0.96105,0.9617,2.30,1.60
2007.11.15 06:30:59.900,0.96095,0.9617,8.80,1.60
2007.11.15 06:31:02.584,0.96125,0.96155,2.40,4.00
2007.11.15 06:31:02.833,0.9613,0.9615,1.00,1.00
2007.11.15 06:31:03.352,0.96125,0.9615,4.20,1.00
2007.11.15 06:31:03.861,0.96125,0.9615,4.20,1.00
2007.11.15 06:31:04.392,0.96125,0.9615,4.20,1.00
2007.11.15 06:31:04.591,0.9613,0.9615,0.50,1.00
2007.11.15 06:31:04.779,0.9613,0.9615,1.30,1.00
2007.11.15 06:31:06.646,0.9613,0.9615,1.70,1.00
2007.11.15 06:31:06.929,0.96125,0.9615,4.20,1.00
2007.11.15 06:31:07.591,0.96125,0.9615,4.20,1.00
2007.11.15 06:31:09.948,0.9613,0.9615,0.70,1.00
2007.11.15 06:31:14.983,0.9613,0.9615,2.60,1.00
2007.11.15 06:31:20.004,0.9613,0.9615,2.60,1.00
2007.11.15 06:31:23.777,0.9613,0.9615,2.60,1.00
2007.11.15 06:31:23.926,0.9613,0.9615,2.60,1.00
2007.11.15 06:31:25.028,0.9613,0.9615,2.60,1.00
2007.11.15 06:31:25.192,0.9613,0.9615,2.60,1.00
2007.11.15 06:31:29.132,0.9613,0.9615,1.20,1.00
2007.11.15 06:31:29.390,0.9612,0.9615,2.60,1.40
2007.11.15 06:31:29.589,0.9612,0.9615,2.60,1.40
2007.11.15 06:31:30.040,0.9612,0.9615,2.60,1.40
2007.11.15 06:31:30.610,0.9612,0.9615,2.60,1.40
2007.11.15 06:31:35.069,0.9612,0.9615,2.60,1.40
2007.11.15 06:31:40.098,0.9612,0.9615,2.60,1.40
2007.11.15 06:31:41.708,0.9612,0.9615,1.50,1.40
2007.11.15 06:31:45.124,0.9612,0.9615,2.60,1.40
2007.11.15 06:31:46.636,0.9612,0.96135,1.20,1.00
2007.11.15 06:31:46.745,0.9612,0.96135,0.50,5.00
2007.11.15 06:31:46.853,0.9612,0.96135,0.50,5.00
2007.11.15 06:31:47.126,0.96115,0.96135,3.00,5.00
2007.11.15 06:31:47.235,0.96115,0.96135,3.00,5.00
2007.11.15 06:31:47.672,0.96115,0.9613,1.60,1.00
2007.11.15 06:31:47.916,0.9611,0.9613,2.60,1.00
2007.11.15 06:31:48.160,0.9611,0.9613,2.60,1.00
2007.11.15 06:31:48.881,0.9611,0.9613,2.60,1.00
2007.11.15 06:31:49.326,0.9611,0.9613,2.60,1.00
2007.11.15 06:31:49.484,0.9611,0.9613,2.60,1.00
2007.11.15 06:31:51.818,0.9611,0.9613,2.60,1.00
2007.11.15 06:31:52.676,0.9611,0.9613,2.60,1.00
2007.11.15 06:31:52.761,0.9611,0.9613,2.60,1.00
2007.11.15 06:31:52.845,0.9611,0.9613,2.60,1.50
2007.11.15 06:31:53.179,0.9611,0.9613,2.60,1.50
2007.11.15 06:31:53.981,0.9611,0.9613,2.60,1.50
2007.11.15 06:31:54.406,0.9611,0.9613,2.60,1.50
2007.11.15 06:31:55.162,0.9611,0.9613,2.60,1.50
2007.11.15 06:31:55.423,0.9611,0.9613,2.60,1.50
2007.11.15 06:31:55.685,0.9611,0.9613,2.60,1.50
2007.11.15 06:31:56.347,0.9611,0.9613,2.60,1.50
2007.11.15 06:31:56.648,0.9611,0.9613,2.60,1.50
2007.11.15 06:31:57.373,0.9611,0.9613,2.60,1.50
2007.11.15 06:31:58.283,0.9611,0.9613,2.60,1.50
2007.11.15 06:32:00.189,0.9611,0.9613,2.60,1.50
2007.11.15 06:32:03.182,0.9611,0.9613,1.80,1.50
2007.11.15 06:32:03.340,0.961,0.9613,2.60,1.90
2007.11.15 06:32:03.553,0.961,0.9613,2.60,1.90
2007.11.15 06:32:03.767,0.961,0.9613,2.60,1.90
2007.11.15 06:32:03.981,0.961,0.9613,2.60,1.90
2007.11.15 06:32:04.331,0.961,0.9613,2.60,1.90
2007.11.15 06:32:04.639,0.961,0.9613,2.60,1.90
2007.11.15 06:32:04.850,0.961,0.9613,2.60,1.90
2007.11.15 06:32:05.210,0.961,0.9613,2.60,1.90
2007.11.15 06:32:10.245,0.961,0.9613,2.60,1.90
2007.11.15 06:32:14.014,0.96095,0.9613,4.20,1.90
2007.11.15 06:32:15.267,0.961,0.9613,0.60,1.90
2007.11.15 06:32:17.187,0.961,0.9613,0.80,1.90
2007.11.15 06:32:17.350,0.9609,0.9613,1.40,4.30
2007.11.15 06:32:17.513,0.9608,0.9613,3.90,4.30
2007.11.15 06:32:17.676,0.9608,0.9613,3.90,4.30
2007.11.15 06:32:17.940,0.9607,0.9613,19.90,12.20
2007.11.15 06:32:18.204,0.9607,0.9613,19.10,12.20
2007.11.15 06:32:18.471,0.9609,0.9613,0.50,12.20
2007.11.15 06:32:18.732,0.9607,0.9613,19.10,12.20
2007.11.15 06:32:18.878,0.9609,0.9613,0.50,12.20
2007.11.15 06:32:20.287,0.9607,0.9613,19.10,12.20
2007.11.15 06:32:21.353,0.9609,0.9613,0.50,12.20
2007.11.15 06:32:21.586,0.9609,0.9613,0.30,12.20
2007.11.15 06:32:21.819,0.9609,0.9613,0.30,12.20
2007.11.15 06:32:22.052,0.9609,0.9613,0.30,12.20
2007.11.15 06:32:22.312,0.9608,0.9613,1.30,12.20
2007.11.15 06:32:22.471,0.9608,0.9613,1.30,12.20
2007.11.15 06:32:22.717,0.9608,0.9613,2.10,12.20
2007.11.15 06:32:22.875,0.9608,0.9613,5.30,1.90
2007.11.15 06:32:23.034,0.9608,0.9613,5.30,1.90
2007.11.15 06:32:23.352,0.9609,0.9613,0.50,1.90
2007.11.15 06:32:23.671,0.9608,0.9613,6.10,1.90
2007.11.15 06:32:23.989,0.9609,0.9613,0.90,1.90
2007.11.15 06:32:24.756,0.9608,0.9613,9.70,1.90
2007.11.15 06:32:25.312,0.9609,0.9613,1.20,1.90
2007.11.15 06:32:30.330,0.9608,0.9613,9.70,1.90
2007.11.15 06:32:30.720,0.9608,0.9613,9.70,1.90
2007.11.15 06:32:31.029,0.9609,0.9613,1.10,1.90
2007.11.15 06:32:31.948,0.9608,0.9613,9.70,1.90
2007.11.15 06:32:35.354,0.9609,0.9613,0.70,1.90
2007.11.15 06:32:40.375,0.9608,0.9613,9.70,1.90
2007.11.15 06:32:40.646,0.9608,0.9613,9.70,1.90
2007.11.15 06:32:40.949,0.9608,0.9613,9.70,1.90
2007.11.15 06:32:41.797,0.9608,0.9613,9.70,1.90
2007.11.15 06:32:42.614,0.9609,0.9613,1.70,1.90
2007.11.15 06:32:43.798,0.9609,0.9613,1.70,1.90
2007.11.15 06:32:44.933,0.9609,0.9613,1.70,1.90
2007.11.15 06:32:45.277,0.9609,0.96135,1.70,6.70
2007.11.15 06:32:45.397,0.9609,0.96135,1.70,6.70
2007.11.15 06:32:50.481,0.9609,0.96135,1.70,5.70
2007.11.15 06:32:55.502,0.9608,0.96155,0.80,8.30
2007.11.15 06:32:58.486,0.9609,0.9614,0.70,28.00
2007.11.15 06:32:58.709,0.9609,0.9614,0.70,28.00
2007.11.15 06:32:58.933,0.9609,0.9613,0.70,0.90
2007.11.15 06:32:59.334,0.9609,0.9614,0.70,28.00
2007.11.15 06:32:59.502,0.9609,0.9614,1.00,28.00
2007.11.15 06:33:00.360,0.9609,0.9614,1.00,28.00
2007.11.15 06:33:03.944,0.9609,0.9613,1.00,0.90
2007.11.15 06:33:04.880,0.9609,0.9613,1.00,0.90
2007.11.15 06:33:05.554,0.9609,0.9614,1.00,28.00
2007.11.15 06:33:10.578,0.9609,0.9614,1.00,28.00
2007.11.15 06:33:11.330,0.9608,0.9614,8.20,28.90
2007.11.15 06:33:15.596,0.9608,0.9613,8.20,0.90
2007.11.15 06:33:20.619,0.9608,0.9613,8.20,0.90
2007.11.15 06:33:22.596,0.9608,0.9613,8.20,0.90
2007.11.15 06:33:23.639,0.9609,0.9613,0.70,0.90
2007.11.15 06:33:25.649,0.9609,0.9613,0.70,0.90
2007.11.15 06:33:28.856,0.96085,0.96115,3.40,4.00
2007.11.15 06:33:29.060,0.96085,0.96115,3.40,4.00
2007.11.15 06:33:29.263,0.96085,0.96115,3.40,4.00
2007.11.15 06:33:29.406,0.96085,0.9611,4.80,1.00
2007.11.15 06:33:29.550,0.96085,0.9611,4.80,1.00
2007.11.15 06:33:30.147,0.9609,0.9611,1.30,1.00
2007.11.15 06:33:30.320,0.9609,0.9611,1.30,1.00
2007.11.15 06:33:30.625,0.9609,0.9611,0.60,1.90
2007.11.15 06:33:30.931,0.9608,0.9611,7.20,1.90
2007.11.15 06:33:31.232,0.9608,0.9611,4.80,1.90
2007.11.15 06:33:31.602,0.9609,0.9611,0.60,1.90
2007.11.15 06:33:32.164,0.9608,0.9611,4.80,1.90
2007.11.15 06:33:33.605,0.9609,0.9611,0.60,1.90
2007.11.15 06:33:35.268,0.96075,0.9611,5.00,1.90
2007.11.15 06:33:35.461,0.96065,0.9611,10.60,1.90
2007.11.15 06:33:35.654,0.9607,0.9611,1.00,1.90
2007.11.15 06:33:35.847,0.9607,0.9611,1.50,1.90
2007.11.15 06:33:36.600,0.96065,0.9611,4.20,1.90
2007.11.15 06:33:37.366,0.9607,0.9611,2.60,1.90
2007.11.15 06:33:37.649,0.96075,0.9611,2.60,1.90
2007.11.15 06:33:38.602,0.96075,0.9611,2.60,1.90
2007.11.15 06:33:40.741,0.9608,0.9611,1.80,1.90
2007.11.15 06:33:41.585,0.9608,0.9611,0.70,1.90
2007.11.15 06:33:45.505,0.96075,0.9611,2.60,1.40
2007.11.15 06:33:45.714,0.9608,0.9611,0.60,1.40
2007.11.15 06:33:45.923,0.96075,0.9611,2.60,0.50
2007.11.15 06:33:46.121,0.96075,0.9613,5.00,2.80
2007.11.15 06:33:46.319,0.96075,0.9613,5.00,1.90
2007.11.15 06:33:46.519,0.96075,0.9613,5.00,1.90
2007.11.15 06:33:47.100,0.9608,0.9613,2.20,1.90
2007.11.15 06:33:47.411,0.9608,0.9613,2.00,1.90
2007.11.15 06:33:47.655,0.96075,0.9613,5.00,1.90
2007.11.15 06:33:48.667,0.9608,0.9613,2.50,1.90
2007.11.15 06:33:49.193,0.96075,0.9613,5.00,1.90
2007.11.15 06:33:50.866,0.9608,0.9613,0.60,1.90
2007.11.15 06:33:51.882,0.96075,0.9613,5.00,1.90
2007.11.15 06:33:55.953,0.96075,0.9613,5.00,1.90
2007.11.15 06:33:59.858,0.96075,0.9613,5.00,1.90
2007.11.15 06:34:00.980,0.9608,0.9613,2.30,1.90
2007.11.15 06:34:05.664,0.96075,0.9613,5.00,1.90
2007.11.15 06:34:06.006,0.9608,0.9613,2.50,1.90
2007.11.15 06:34:06.594,0.96075,0.9613,5.00,1.90
2007.11.15 06:34:11.045,0.9608,0.9613,4.20,1.90
2007.11.15 06:34:16.063,0.9608,0.9613,2.80,0.90
2007.11.15 06:34:21.090,0.96065,0.96145,4.00,3.50
2007.11.15 06:34:24.155,0.96065,0.96145,4.00,3.50
2007.11.15 06:34:26.106,0.96065,0.96145,4.00,3.50
2007.11.15 06:34:31.138,0.96065,0.96145,4.00,3.50
2007.11.15 06:34:34.051,0.96065,0.9615,4.00,7.50
2007.11.15 06:34:36.159,0.96065,0.96145,4.00,3.50
2007.11.15 06:34:41.185,0.96065,0.96145,4.00,3.50
2007.11.15 06:34:43.465,0.9608,0.961,2.80,2.40
2007.11.15 06:34:43.653,0.9608,0.961,2.80,2.40
2007.11.15 06:34:44.508,0.9609,0.961,0.50,2.40
2007.11.15 06:34:44.841,0.9609,0.961,0.50,2.40
2007.11.15 06:34:45.182,0.9609,0.961,0.50,2.40
2007.11.15 06:34:45.508,0.9609,0.961,0.50,2.40
2007.11.15 06:34:46.204,0.9609,0.961,0.50,2.40
2007.11.15 06:34:49.559,0.9609,0.961,0.50,2.40
2007.11.15 06:34:49.711,0.9609,0.961,0.50,2.40
2007.11.15 06:34:49.871,0.9609,0.961,0.50,2.40
2007.11.15 06:34:50.596,0.9609,0.961,0.50,2.40
2007.11.15 06:34:50.906,0.9609,0.961,0.50,2.40
2007.11.15 06:34:51.225,0.9609,0.961,0.50,2.40
2007.11.15 06:34:56.249,0.9609,0.961,0.50,2.40
2007.11.15 06:34:57.116,0.9609,0.961,0.50,2.40
2007.11.15 06:34:58.113,0.9609,0.961,0.50,2.40
2007.11.15 06:34:59.539,0.9609,0.961,1.80,2.40
2007.11.15 06:34:59.812,0.9609,0.961,1.80,2.40
2007.11.15 06:35:00.086,0.9609,0.961,1.80,2.40
2007.11.15 06:35:01.268,0.9609,0.961,1.80,2.40
2007.11.15 06:35:03.630,0.96105,0.9612,0.80,1.70
2007.11.15 06:35:03.809,0.96105,0.9612,0.80,1.70
2007.11.15 06:35:03.968,0.96105,0.9612,0.80,1.70
2007.11.15 06:35:04.127,0.96095,0.96105,0.80,1.60
2007.11.15 06:35:04.620,0.96105,0.9612,0.80,1.00
2007.11.15 06:35:05.145,0.96105,0.9612,0.80,1.00
2007.11.15 06:35:05.303,0.96105,0.9612,0.80,1.00
2007.11.15 06:35:05.553,0.96105,0.9612,0.80,1.00
2007.11.15 06:35:05.711,0.961,0.9612,0.50,1.00
2007.11.15 06:35:05.870,0.9609,0.9612,1.80,1.00
2007.11.15 06:35:06.029,0.9609,0.9612,1.80,1.00
2007.11.15 06:35:06.186,0.9609,0.9612,1.80,1.00
2007.11.15 06:35:06.386,0.9609,0.9612,1.80,1.00
2007.11.15 06:35:06.686,0.9609,0.9612,1.80,1.00
2007.11.15 06:35:07.095,0.9609,0.9612,1.80,1.00
2007.11.15 06:35:07.616,0.9609,0.9612,1.80,1.00
2007.11.15 06:35:07.870,0.9609,0.9612,1.80,1.00
2007.11.15 06:35:09.260,0.9609,0.9612,1.80,1.00
2007.11.15 06:35:10.517,0.9609,0.9612,1.80,1.00
2007.11.15 06:35:10.667,0.9609,0.9612,1.80,1.00
2007.11.15 06:35:10.838,0.9609,0.9612,1.80,1.00
2007.11.15 06:35:10.966,0.9609,0.9612,1.80,1.00
2007.11.15 06:35:11.323,0.9609,0.9612,1.80,1.00
2007.11.15 06:35:11.589,0.9609,0.9612,1.80,1.00
2007.11.15 06:35:11.813,0.9609,0.9612,1.80,1.00
2007.11.15 06:35:12.931,0.9609,0.9612,1.80,1.00
2007.11.15 06:35:13.429,0.9609,0.9612,1.80,1.00
2007.11.15 06:35:14.357,0.9609,0.9612,1.80,1.00
2007.11.15 06:35:14.873,0.9609,0.9612,1.80,1.00
2007.11.15 06:35:15.389,0.9609,0.9612,1.80,1.00
2007.11.15 06:35:16.358,0.9609,0.9612,1.80,1.00
2007.11.15 06:35:17.870,0.9611,0.9612,0.20,1.00
2007.11.15 06:35:17.999,0.9611,0.9612,0.20,1.00
2007.11.15 06:35:18.128,0.9611,0.9612,0.20,1.00
2007.11.15 06:35:19.298,0.9611,0.9612,0.20,1.00
2007.11.15 06:35:19.847,0.9611,0.9612,0.20,1.00
2007.11.15 06:35:21.388,0.9611,0.9612,0.20,1.00
2007.11.15 06:35:24.725,0.9609,0.9612,1.80,1.00
2007.11.15 06:35:24.885,0.9609,0.9612,1.80,1.00
2007.11.15 06:35:25.783,0.9609,0.9612,1.80,1.00
2007.11.15 06:35:25.967,0.9609,0.9612,1.80,1.00
2007.11.15 06:35:26.414,0.9609,0.9612,1.80,1.00
2007.11.15 06:35:31.451,0.9609,0.96125,0.50,6.80
2007.11.15 06:35:36.464,0.9609,0.96125,0.50,2.80
2007.11.15 06:35:37.881,0.9608,0.96125,12.50,2.80
2007.11.15 06:35:41.491,0.9609,0.96125,0.50,2.80
2007.11.15 06:35:44.067,0.9608,0.9611,13.80,1.00
2007.11.15 06:35:44.211,0.9609,0.9611,1.20,1.00
2007.11.15 06:35:44.355,0.9609,0.9611,1.10,1.00
2007.11.15 06:35:44.518,0.96085,0.9611,2.60,1.00
2007.11.15 06:35:44.682,0.96085,0.9611,2.60,1.00
2007.11.15 06:35:44.976,0.96085,0.9611,2.60,1.00
2007.11.15 06:35:45.384,0.96085,0.9611,2.60,1.00
2007.11.15 06:35:45.602,0.9609,0.9611,1.30,1.00
2007.11.15 06:35:46.508,0.96085,0.9611,2.60,1.00
2007.11.15 06:35:46.721,0.9609,0.9611,0.80,1.00
2007.11.15 06:35:50.437,0.9609,0.9611,0.50,1.00
2007.11.15 06:35:51.535,0.9609,0.9611,1.10,1.00
2007.11.15 06:35:51.658,0.9609,0.9611,0.70,1.00
2007.11.15 06:35:56.559,0.9609,0.9611,1.10,1.00
2007.11.15 06:35:58.955,0.96085,0.9611,2.60,1.00
2007.11.15 06:35:59.163,0.9609,0.9611,1.10,1.00
2007.11.15 06:35:59.892,0.9609,0.9611,0.90,1.00
2007.11.15 06:36:00.190,0.96085,0.9611,2.60,1.00
2007.11.15 06:36:01.587,0.96085,0.9611,2.60,1.00
2007.11.15 06:36:02.462,0.96085,0.9611,5.00,1.00
2007.11.15 06:36:06.608,0.9609,0.9611,1.80,1.00
2007.11.15 06:36:11.631,0.9609,0.9611,1.80,1.00
2007.11.15 06:36:16.657,0.9609,0.96115,0.50,6.90
2007.11.15 06:36:21.672,0.96085,0.96115,3.20,4.00
2007.11.15 06:36:24.672,0.96085,0.96105,4.60,1.00
2007.11.15 06:36:24.785,0.96085,0.96105,3.80,1.00
2007.11.15 06:36:24.899,0.96085,0.96105,3.80,1.00
2007.11.15 06:36:25.197,0.96085,0.96105,3.80,1.00
2007.11.15 06:36:25.687,0.9609,0.96105,0.50,1.00
2007.11.15 06:36:26.207,0.9609,0.96105,0.50,1.00
2007.11.15 06:36:26.692,0.9609,0.96105,0.50,1.00
2007.11.15 06:36:27.947,0.9609,0.96105,0.50,1.00
2007.11.15 06:36:28.359,0.9609,0.96105,0.50,1.00
2007.11.15 06:36:28.502,0.96085,0.96105,3.80,1.00
2007.11.15 06:36:29.393,0.96085,0.96105,3.80,1.00
2007.11.15 06:36:30.178,0.96085,0.961,2.40,1.00
2007.11.15 06:36:30.312,0.9608,0.961,0.80,1.00
2007.11.15 06:36:30.446,0.9607,0.961,4.60,1.40
2007.11.15 06:36:30.579,0.9607,0.961,2.20,1.90
2007.11.15 06:36:30.713,0.9607,0.961,2.20,1.90
2007.11.15 06:36:30.847,0.9608,0.961,0.50,1.50
2007.11.15 06:36:31.289,0.9607,0.961,2.20,1.90
2007.11.15 06:36:31.492,0.9607,0.961,2.20,1.90
2007.11.15 06:36:31.706,0.9607,0.961,2.20,1.90
2007.11.15 06:36:33.355,0.9607,0.961,2.20,1.90
2007.11.15 06:36:35.265,0.96065,0.961,5.40,1.90
2007.11.15 06:36:36.737,0.96065,0.961,5.40,1.90
2007.11.15 06:36:40.439,0.96065,0.961,6.20,1.90
2007.11.15 06:36:41.758,0.9607,0.961,1.10,1.90
2007.11.15 06:36:42.366,0.96065,0.961,6.10,1.90
2007.11.15 06:36:43.408,0.96065,0.961,6.20,1.40
2007.11.15 06:36:43.645,0.96065,0.961,6.20,0.50
2007.11.15 06:36:43.789,0.96065,0.961,6.20,0.50
2007.11.15 06:36:43.934,0.9607,0.9612,1.30,5.20
2007.11.15 06:36:44.078,0.96065,0.9612,6.20,4.30
2007.11.15 06:36:44.221,0.9607,0.9612,0.80,4.30
2007.11.15 06:36:44.777,0.96065,0.9612,6.20,4.30
2007.11.15 06:36:45.072,0.96065,0.9612,6.20,4.30
2007.11.15 06:36:45.815,0.96065,0.96105,6.20,4.00
2007.11.15 06:36:45.953,0.96065,0.96105,6.20,4.00
2007.11.15 06:36:46.092,0.96065,0.961,6.20,0.50
2007.11.15 06:36:46.229,0.96065,0.961,6.20,0.50
2007.11.15 06:36:46.649,0.9607,0.961,1.10,0.50
2007.11.15 06:36:46.962,0.96065,0.961,6.20,0.50
2007.11.15 06:36:47.280,0.9607,0.961,1.40,0.90
2007.11.15 06:36:47.663,0.96065,0.9609,6.20,1.00
2007.11.15 06:36:47.892,0.96065,0.9609,6.20,1.00
2007.11.15 06:36:48.183,0.96065,0.9609,6.20,1.00
2007.11.15 06:36:48.846,0.96065,0.9609,6.20,1.00
2007.11.15 06:36:49.155,0.96065,0.9609,6.20,1.00
2007.11.15 06:36:51.406,0.9607,0.9609,1.10,1.00
2007.11.15 06:36:51.803,0.96065,0.9609,6.20,1.00
2007.11.15 06:36:52.038,0.9607,0.9609,0.90,1.00
2007.11.15 06:36:52.275,0.96065,0.9609,6.20,1.00
2007.11.15 06:36:52.638,0.96065,0.9609,6.20,1.00
2007.11.15 06:36:52.877,0.9607,0.9609,0.50,1.00
2007.11.15 06:36:54.911,0.9607,0.9609,1.50,1.00
2007.11.15 06:36:55.445,0.9607,0.9609,1.50,1.50
2007.11.15 06:36:56.827,0.9607,0.9609,0.50,1.50
2007.11.15 06:36:57.023,0.9607,0.9609,0.50,1.50
2007.11.15 06:36:59.172,0.96065,0.9609,6.20,1.50
2007.11.15 06:36:59.887,0.9607,0.9609,0.70,1.50
2007.11.15 06:37:00.094,0.96065,0.9609,6.20,1.50
2007.11.15 06:37:01.861,0.9607,0.9609,0.60,1.50
2007.11.15 06:37:03.148,0.96065,0.9609,6.20,1.50
2007.11.15 06:37:03.362,0.96065,0.9609,6.20,1.50
2007.11.15 06:37:03.637,0.9607,0.9609,1.40,1.00
2007.11.15 06:37:03.801,0.96065,0.96095,6.20,4.00
2007.11.15 06:37:04.074,0.9607,0.961,1.30,2.40
2007.11.15 06:37:04.239,0.9607,0.961,0.60,2.40
2007.11.15 06:37:04.401,0.96065,0.961,8.60,2.40
2007.11.15 06:37:04.886,0.9607,0.961,1.80,2.40
2007.11.15 06:37:05.098,0.96065,0.961,8.60,2.40
2007.11.15 06:37:05.400,0.9607,0.961,2.30,2.40
2007.11.15 06:37:06.876,0.96065,0.961,8.60,2.40
2007.11.15 06:37:07.028,0.96065,0.961,8.60,2.40
2007.11.15 06:37:07.930,0.96065,0.961,8.60,2.40
2007.11.15 06:37:08.335,0.9607,0.961,1.30,2.40
2007.11.15 06:37:08.712,0.9607,0.961,4.80,2.40
2007.11.15 06:37:08.915,0.9607,0.961,4.70,2.40
2007.11.15 06:37:09.164,0.9608,0.961,0.50,2.40
2007.11.15 06:37:09.367,0.9607,0.961,4.70,2.40
2007.11.15 06:37:10.399,0.9608,0.961,0.50,2.40
2007.11.15 06:37:11.904,0.9608,0.961,0.50,2.40
2007.11.15 06:37:14.914,0.9608,0.9612,0.50,6.60
2007.11.15 06:37:15.098,0.9607,0.9612,4.70,1.90
2007.11.15 06:37:15.277,0.9608,0.9612,0.50,1.90
2007.11.15 06:37:15.891,0.9607,0.9612,4.70,1.90
2007.11.15 06:37:16.094,0.9607,0.9612,4.70,1.90
2007.11.15 06:37:16.918,0.9607,0.9612,4.70,1.90
2007.11.15 06:37:21.947,0.9607,0.9612,4.70,1.90
2007.11.15 06:37:22.552,0.9608,0.9612,0.30,1.90
2007.11.15 06:37:22.866,0.9607,0.9612,4.50,1.90
2007.11.15 06:37:23.179,0.9607,0.9612,4.50,1.90
2007.11.15 06:37:23.629,0.9607,0.9612,4.70,1.90
2007.11.15 06:37:23.727,0.9607,0.9612,4.70,1.90
2007.11.15 06:37:23.857,0.9607,0.9612,4.70,1.90
2007.11.15 06:37:24.888,0.9608,0.9612,0.50,1.90
2007.11.15 06:37:26.918,0.9607,0.9612,4.70,1.90
2007.11.15 06:37:27.168,0.9608,0.9612,0.50,1.90
2007.11.15 06:37:27.784,0.9608,0.9611,0.50,1.60
2007.11.15 06:37:28.023,0.9607,0.9611,4.70,1.60
2007.11.15 06:37:28.267,0.9607,0.9611,4.70,1.60
2007.11.15 06:37:28.500,0.9607,0.96105,2.30,4.00
2007.11.15 06:37:28.760,0.9607,0.961,2.30,0.50
2007.11.15 06:37:29.124,0.9607,0.961,2.30,0.50
2007.11.15 06:37:29.425,0.9608,0.961,0.50,0.50
2007.11.15 06:37:29.684,0.9607,0.961,2.30,0.50
2007.11.15 06:37:29.927,0.9608,0.961,0.50,0.90
2007.11.15 06:37:30.139,0.9608,0.961,0.50,0.90
2007.11.15 06:37:31.991,0.9608,0.961,0.50,0.90
2007.11.15 06:37:37.008,0.9608,0.961,0.50,0.90
2007.11.15 06:37:42.034,0.9608,0.961,0.50,0.90
2007.11.15 06:37:44.673,0.9608,0.961,0.40,0.90
2007.11.15 06:37:44.822,0.9607,0.9608,0.50,0.10
2007.11.15 06:37:44.970,0.9607,0.9608,0.50,0.10
2007.11.15 06:37:45.903,0.9607,0.9608,0.50,0.10
2007.11.15 06:37:47.060,0.9607,0.9608,0.50,0.10
2007.11.15 06:37:47.262,0.9607,0.961,0.50,0.90
2007.11.15 06:37:47.467,0.9607,0.961,0.50,0.90
2007.11.15 06:37:52.091,0.9607,0.961,0.50,0.90
2007.11.15 06:37:52.843,0.96075,0.961,3.20,0.90
2007.11.15 06:37:53.022,0.96075,0.961,3.20,0.90
2007.11.15 06:37:53.200,0.96075,0.961,3.20,0.90
2007.11.15 06:37:54.186,0.96075,0.961,3.20,0.90
2007.11.15 06:37:54.490,0.96075,0.961,3.20,0.90
2007.11.15 06:37:55.097,0.96075,0.961,3.20,0.90
2007.11.15 06:37:57.120,0.96075,0.961,3.20,0.90
2007.11.15 06:37:58.957,0.96075,0.961,3.20,0.90
2007.11.15 06:38:00.594,0.96075,0.961,3.20,0.90
2007.11.15 06:38:01.613,0.96075,0.961,3.20,0.90
2007.11.15 06:38:01.935,0.96075,0.96105,3.20,4.90
2007.11.15 06:38:02.143,0.96075,0.96105,3.20,4.90
2007.11.15 06:38:02.837,0.96075,0.96105,3.20,4.90
2007.11.15 06:38:04.170,0.96075,0.96105,3.20,4.90
2007.11.15 06:38:05.705,0.96075,0.96105,3.20,6.50
2007.11.15 06:38:06.322,0.96075,0.961,4.60,3.50
2007.11.15 06:38:06.426,0.96075,0.96095,4.60,0.50
2007.11.15 06:38:06.536,0.96075,0.96095,4.60,0.70
2007.11.15 06:38:06.801,0.96075,0.961,4.60,6.20
2007.11.15 06:38:07.064,0.96075,0.961,4.60,6.20
2007.11.15 06:38:12.198,0.96075,0.961,4.60,6.20
2007.11.15 06:38:13.384,0.96075,0.961,3.20,6.20
2007.11.15 06:38:13.622,0.9607,0.96095,1.80,3.40
2007.11.15 06:38:13.915,0.9607,0.96095,1.80,3.40
2007.11.15 06:38:14.671,0.9607,0.9609,1.80,0.70
2007.11.15 06:38:15.608,0.9607,0.96095,1.80,3.40
2007.11.15 06:38:16.358,0.9607,0.96095,1.80,0.70
2007.11.15 06:38:16.576,0.9607,0.961,1.80,0.80
2007.11.15 06:38:16.794,0.9607,0.96105,1.80,5.90
2007.11.15 06:38:17.012,0.9607,0.96105,1.80,5.90
2007.11.15 06:38:17.220,0.9607,0.96105,1.80,5.90
2007.11.15 06:38:17.668,0.9607,0.96105,1.80,5.90
2007.11.15 06:38:20.483,0.9607,0.96105,1.80,5.90
2007.11.15 06:38:20.692,0.9607,0.96105,2.00,5.90
2007.11.15 06:38:22.255,0.9607,0.961,2.00,0.70
2007.11.15 06:38:26.865,0.9607,0.961,2.00,0.90
2007.11.15 06:38:27.267,0.9607,0.96105,2.00,7.50
2007.11.15 06:38:29.989,0.9607,0.961,2.00,0.70
2007.11.15 06:38:30.192,0.9607,0.96105,2.00,7.50
2007.11.15 06:38:32.301,0.9607,0.961,2.00,3.50
2007.11.15 06:38:37.320,0.9607,0.961,2.00,3.50
2007.11.15 06:38:40.721,0.9607,0.961,2.00,3.50
2007.11.15 06:38:42.344,0.9607,0.961,2.00,3.50
2007.11.15 06:38:47.373,0.9607,0.961,0.60,2.50
2007.11.15 06:38:52.389,0.96065,0.96105,4.00,2.40
2007.11.15 06:38:57.416,0.96065,0.96105,4.00,2.40
2007.11.15 06:39:02.441,0.96065,0.96105,4.00,2.40
2007.11.15 06:39:03.638,0.9607,0.961,0.60,2.00
2007.11.15 06:39:03.940,0.9607,0.961,2.00,2.00
2007.11.15 06:39:04.211,0.9607,0.961,4.40,1.60
2007.11.15 06:39:04.370,0.9607,0.961,4.40,1.60
2007.11.15 06:39:05.094,0.9607,0.961,4.40,1.60
2007.11.15 06:39:05.207,0.9607,0.961,4.40,1.60
2007.11.15 06:39:05.436,0.9607,0.961,4.40,1.60
2007.11.15 06:39:06.426,0.9607,0.961,4.40,0.60
2007.11.15 06:39:07.452,0.9607,0.961,4.40,0.80
2007.11.15 06:39:12.483,0.9607,0.961,4.40,0.60
2007.11.15 06:39:15.357,0.9607,0.9612,4.50,4.20
2007.11.15 06:39:15.610,0.9607,0.9612,4.50,4.20
2007.11.15 06:39:17.458,0.9607,0.9612,4.40,4.20
2007.11.15 06:39:17.713,0.9608,0.9612,0.50,4.20
2007.11.15 06:39:17.967,0.9608,0.9612,0.50,4.20
2007.11.15 06:39:18.669,0.9608,0.961,0.50,0.60
2007.11.15 06:39:19.327,0.9608,0.9612,0.50,4.20
2007.11.15 06:39:19.682,0.9608,0.9611,1.80,2.60
2007.11.15 06:39:19.811,0.9608,0.961,1.80,0.90
2007.11.15 06:39:19.947,0.9608,0.9611,1.80,2.60
2007.11.15 06:39:20.616,0.9608,0.961,1.80,0.50
2007.11.15 06:39:20.927,0.9608,0.961,1.80,0.60
2007.11.15 06:39:21.904,0.9608,0.9611,1.80,2.60
2007.11.15 06:39:22.032,0.9608,0.961,0.50,0.60
2007.11.15 06:39:22.160,0.9608,0.9611,0.50,2.60
2007.11.15 06:39:22.423,0.9608,0.9611,0.50,2.60
2007.11.15 06:39:23.155,0.9608,0.9611,0.50,2.60
2007.11.15 06:39:23.471,0.9608,0.9611,0.50,2.60
2007.11.15 06:39:24.399,0.9608,0.9611,0.50,2.60
2007.11.15 06:39:27.541,0.9608,0.9611,0.50,2.60
2007.11.15 06:39:32.565,0.9608,0.9611,0.50,2.60
2007.11.15 06:39:34.368,0.9608,0.961,0.50,1.60
2007.11.15 06:39:35.406,0.9608,0.961,0.50,1.60
2007.11.15 06:39:37.598,0.9608,0.961,0.50,1.60
2007.11.15 06:39:42.627,0.9608,0.961,0.50,1.60
2007.11.15 06:39:44.540,0.9608,0.961,0.50,2.60
2007.11.15 06:39:44.649,0.9608,0.961,0.50,2.60
2007.11.15 06:39:44.758,0.9608,0.961,0.50,2.60
2007.11.15 06:39:44.892,0.9608,0.961,0.50,2.60
2007.11.15 06:39:45.611,0.9608,0.961,0.50,2.60
2007.11.15 06:39:45.908,0.9608,0.961,0.50,2.60
2007.11.15 06:39:46.596,0.9608,0.961,0.50,3.20
2007.11.15 06:39:47.639,0.9608,0.961,0.50,3.20
2007.11.15 06:39:49.385,0.9608,0.961,0.50,3.20
2007.11.15 06:39:50.200,0.9608,0.961,0.50,3.20
2007.11.15 06:39:50.498,0.9608,0.961,0.50,3.20
2007.11.15 06:39:52.659,0.9608,0.961,0.50,3.20
2007.11.15 06:39:57.683,0.9608,0.961,0.50,3.20
2007.11.15 06:40:02.872,0.9608,0.961,0.50,3.20
2007.11.15 06:40:07.899,0.9608,0.961,0.50,3.20
2007.11.15 06:40:12.040,0.96075,0.961,1.30,3.20
2007.11.15 06:40:12.909,0.9608,0.961,0.50,3.20
2007.11.15 06:40:17.939,0.96045,0.9612,8.80,0.50
2007.11.15 06:40:26.944,0.96045,0.9612,8.80,0.50
2007.11.15 06:40:27.119,0.9606,0.961,1.10,1.00
2007.11.15 06:40:27.290,0.9607,0.961,0.50,3.60
2007.11.15 06:40:27.599,0.9606,0.961,2.00,3.60
2007.11.15 06:40:27.763,0.9606,0.961,0.70,3.60
2007.11.15 06:40:27.983,0.9605,0.961,2.00,6.00
2007.11.15 06:40:28.203,0.9605,0.961,2.00,5.40
2007.11.15 06:40:28.420,0.9605,0.961,2.00,5.40
2007.11.15 06:40:28.639,0.9605,0.961,2.30,5.40
2007.11.15 06:40:28.857,0.9605,0.961,2.30,5.40
2007.11.15 06:40:29.161,0.9607,0.961,0.50,5.40
2007.11.15 06:40:29.610,0.9607,0.96085,0.50,0.80
2007.11.15 06:40:29.914,0.9605,0.96065,1.10,4.00
2007.11.15 06:40:30.207,0.9604,0.96065,13.00,4.00
2007.11.15 06:40:30.616,0.9605,0.96065,0.70,4.00
2007.11.15 06:40:30.788,0.9604,0.96065,13.00,4.00
2007.11.15 06:40:30.961,0.9604,0.96065,13.00,4.00
2007.11.15 06:40:31.192,0.9605,0.9607,0.50,0.80
2007.11.15 06:40:31.421,0.96045,0.9608,2.60,0.70
2007.11.15 06:40:31.648,0.9605,0.961,1.20,7.80
2007.11.15 06:40:31.877,0.96045,0.961,2.60,5.40
2007.11.15 06:40:32.050,0.96045,0.961,2.60,5.40
2007.11.15 06:40:32.683,0.96045,0.961,2.60,5.40
2007.11.15 06:40:32.889,0.9605,0.961,0.80,5.40
2007.11.15 06:40:33.771,0.96045,0.961,2.60,5.40
2007.11.15 06:40:33.955,0.9605,0.961,0.80,5.40
2007.11.15 06:40:34.316,0.96045,0.961,2.60,5.40
2007.11.15 06:40:34.535,0.96045,0.961,2.60,5.40
2007.11.15 06:40:35.298,0.96045,0.961,2.60,5.40
2007.11.15 06:40:36.435,0.9605,0.961,0.80,5.40
2007.11.15 06:40:38.038,0.96045,0.961,2.60,5.40
2007.11.15 06:40:41.631,0.96055,0.961,0.80,5.40
2007.11.15 06:40:41.875,0.9606,0.961,7.20,3.00
2007.11.15 06:40:42.118,0.9606,0.961,7.20,3.00
2007.11.15 06:40:42.360,0.9606,0.961,7.20,3.00
2007.11.15 06:40:42.950,0.9606,0.961,7.20,3.00
2007.11.15 06:40:43.261,0.9606,0.961,7.60,3.00
2007.11.15 06:40:43.771,0.9607,0.961,0.50,3.00
2007.11.15 06:40:45.424,0.9607,0.961,0.50,3.00
2007.11.15 06:40:45.670,0.9607,0.961,1.80,2.00
2007.11.15 06:40:45.945,0.9607,0.961,4.20,0.90
2007.11.15 06:40:46.219,0.9607,0.961,4.20,0.90
2007.11.15 06:40:46.493,0.9607,0.961,4.20,0.90
2007.11.15 06:40:46.865,0.9607,0.961,4.20,0.90
2007.11.15 06:40:47.176,0.9607,0.961,4.20,0.90
2007.11.15 06:40:48.091,0.9607,0.961,4.20,0.90
2007.11.15 06:40:48.478,0.9607,0.961,4.20,0.90
2007.11.15 06:40:48.720,0.9607,0.961,4.20,0.90
2007.11.15 06:40:50.135,0.9607,0.961,4.20,0.90
2007.11.15 06:40:51.188,0.9607,0.961,4.20,0.90
2007.11.15 06:40:52.277,0.9607,0.961,4.20,0.90
2007.11.15 06:40:53.116,0.9607,0.9612,4.20,3.90
2007.11.15 06:40:54.928,0.9607,0.9612,4.20,3.90
2007.11.15 06:40:55.121,0.9607,0.961,4.20,0.70
2007.11.15 06:40:56.162,0.9607,0.961,4.20,0.60
2007.11.15 06:40:56.703,0.9608,0.9612,0.50,5.20
2007.11.15 06:40:56.907,0.9608,0.9612,0.50,5.20
2007.11.15 06:40:57.411,0.9608,0.9612,0.50,5.20
2007.11.15 06:40:57.922,0.9608,0.9612,0.50,5.20
2007.11.15 06:41:03.171,0.9608,0.961,0.50,0.50
2007.11.15 06:41:08.209,0.9608,0.961,0.50,0.80
2007.11.15 06:41:13.226,0.9608,0.961,0.50,0.60
2007.11.15 06:41:14.655,0.9608,0.9612,1.80,5.20
2007.11.15 06:41:14.829,0.9608,0.96105,1.40,8.30
2007.11.15 06:41:15.002,0.9608,0.961,1.40,0.70
2007.11.15 06:41:15.176,0.9608,0.961,1.40,0.60
2007.11.15 06:41:15.884,0.9608,0.961,1.40,0.80
2007.11.15 06:41:16.198,0.9608,0.96105,1.40,9.00
2007.11.15 06:41:16.429,0.9608,0.96105,1.40,9.40
2007.11.15 06:41:18.247,0.9608,0.96105,1.40,9.40
2007.11.15 06:41:23.283,0.9608,0.961,1.40,4.60
2007.11.15 06:41:26.948,0.9607,0.961,10.70,4.60
2007.11.15 06:41:27.197,0.9607,0.96095,10.70,1.00
2007.11.15 06:41:27.341,0.96075,0.96095,0.80,5.00
2007.11.15 06:41:27.484,0.96075,0.96095,1.10,5.00
2007.11.15 06:41:27.694,0.9607,0.96095,5.10,5.00
2007.11.15 06:41:27.837,0.9608,0.96095,0.90,4.00
2007.11.15 06:41:27.981,0.96075,0.961,2.60,2.50
2007.11.15 06:41:28.220,0.9608,0.961,0.50,2.50
2007.11.15 06:41:28.559,0.96075,0.961,2.60,2.50
2007.11.15 06:41:28.960,0.96075,0.961,2.60,2.50
2007.11.15 06:41:29.292,0.96075,0.961,2.60,2.50
2007.11.15 06:41:31.658,0.96075,0.961,2.60,2.50
2007.11.15 06:41:33.338,0.96075,0.961,2.60,2.50
2007.11.15 06:41:38.362,0.9608,0.961,1.10,2.50
2007.11.15 06:41:43.393,0.96075,0.961,2.60,2.50
2007.11.15 06:41:48.425,0.9608,0.961,1.10,2.50
2007.11.15 06:41:52.403,0.96075,0.961,2.60,2.50
2007.11.15 06:41:53.440,0.9608,0.961,0.70,2.50
2007.11.15 06:41:58.478,0.9606,0.96135,4.80,4.00
2007.11.15 06:42:01.458,0.9606,0.96135,4.00,4.00
2007.11.15 06:42:01.815,0.9608,0.961,0.50,1.90
2007.11.15 06:42:02.104,0.9608,0.961,0.50,1.90
2007.11.15 06:42:03.498,0.9608,0.961,0.50,1.90
2007.11.15 06:42:08.518,0.9608,0.961,0.50,1.90
2007.11.15 06:42:13.537,0.9608,0.961,0.50,1.90
2007.11.15 06:42:18.615,0.9608,0.961,0.50,1.90
2007.11.15 06:42:20.151,0.9608,0.961,0.50,1.90
2007.11.15 06:42:20.275,0.9608,0.9612,0.50,3.50
2007.11.15 06:42:23.636,0.9608,0.961,0.50,1.90
2007.11.15 06:42:28.661,0.9608,0.961,0.50,1.90
2007.11.15 06:42:33.686,0.9606,0.9614,4.00,3.50
2007.11.15 06:42:36.665,0.9606,0.9614,4.00,3.50
2007.11.15 06:42:37.286,0.9608,0.961,0.80,1.90
2007.11.15 06:42:37.529,0.9608,0.961,0.80,1.90
2007.11.15 06:42:38.711,0.9608,0.961,0.80,1.90
2007.11.15 06:42:38.945,0.9608,0.961,0.80,1.90
2007.11.15 06:42:43.734,0.9608,0.961,0.80,1.90
2007.11.15 06:42:48.761,0.9608,0.961,0.80,1.90
2007.11.15 06:42:53.425,0.9608,0.961,0.80,1.90
2007.11.15 06:42:53.475,0.9607,0.961,18.40,1.90
2007.11.15 06:42:53.770,0.9607,0.961,18.40,1.90
2007.11.15 06:42:58.798,0.9607,0.961,18.40,1.90
2007.11.15 06:43:03.827,0.9607,0.961,18.40,1.90
2007.11.15 06:43:08.845,0.9605,0.9614,8.80,3.50
2007.11.15 06:43:13.864,0.9606,0.9614,1.70,3.50
2007.11.15 06:43:17.911,0.9607,0.961,18.40,1.90
2007.11.15 06:43:18.893,0.9607,0.961,18.40,1.90
2007.11.15 06:43:22.171,0.9608,0.961,0.80,1.90
2007.11.15 06:43:23.920,0.9608,0.961,0.80,1.90
2007.11.15 06:43:27.031,0.9608,0.961,0.80,1.90
2007.11.15 06:43:27.388,0.9608,0.961,4.60,1.90
2007.11.15 06:43:27.520,0.9608,0.961,4.60,1.90
2007.11.15 06:43:28.078,0.9608,0.961,4.60,1.90
2007.11.15 06:43:28.395,0.9608,0.961,4.60,1.90
2007.11.15 06:43:28.937,0.9608,0.961,4.60,1.90
2007.11.15 06:43:30.404,0.9608,0.961,4.60,1.90
2007.11.15 06:43:30.898,0.9608,0.961,4.60,1.90
2007.11.15 06:43:31.318,0.9608,0.961,4.60,1.90
2007.11.15 06:43:31.530,0.9608,0.961,4.80,1.90
2007.11.15 06:43:33.973,0.9608,0.961,4.80,1.90
2007.11.15 06:43:36.581,0.9608,0.961,4.80,1.90
2007.11.15 06:43:36.800,0.9608,0.961,4.40,1.90
2007.11.15 06:43:37.093,0.9608,0.961,4.40,1.30
2007.11.15 06:43:37.386,0.9608,0.961,4.40,1.30
2007.11.15 06:43:37.680,0.9608,0.961,4.60,1.30
2007.11.15 06:43:39.010,0.9608,0.961,4.60,1.30
2007.11.15 06:43:43.421,0.9608,0.961,3.20,1.30
2007.11.15 06:43:43.668,0.9608,0.961,0.50,1.30
2007.11.15 06:43:43.898,0.9608,0.961,0.50,1.30
2007.11.15 06:43:44.912,0.9607,0.961,17.40,1.30
2007.11.15 06:43:49.058,0.9607,0.961,17.40,1.30
2007.11.15 06:43:54.070,0.9608,0.961,0.50,1.30
2007.11.15 06:43:59.094,0.9607,0.961,17.40,1.30
2007.11.15 06:44:04.118,0.9607,0.961,17.40,1.30
2007.11.15 06:44:09.131,0.9607,0.961,17.40,1.30
2007.11.15 06:44:14.160,0.96065,0.96145,4.00,3.50
2007.11.15 06:44:16.038,0.96065,0.96135,0.80,4.80
2007.11.15 06:44:16.338,0.96065,0.96135,4.80,4.80
2007.11.15 06:44:16.664,0.96065,0.96135,0.80,4.80
2007.11.15 06:44:17.386,0.96065,0.96135,0.80,4.80
2007.11.15 06:44:19.187,0.96065,0.96135,0.80,4.80
2007.11.15 06:44:19.463,0.96065,0.96135,1.60,4.80
2007.11.15 06:44:20.089,0.96065,0.96135,0.80,4.80
2007.11.15 06:44:24.211,0.96065,0.96135,0.80,4.80
2007.11.15 06:44:29.241,0.96065,0.96135,0.80,4.80
2007.11.15 06:44:31.496,0.9607,0.9612,1.40,1.00
2007.11.15 06:44:31.670,0.9607,0.9612,1.40,1.00
2007.11.15 06:44:31.843,0.9607,0.9612,1.40,1.00
2007.11.15 06:44:32.105,0.9607,0.9612,1.40,1.00
2007.11.15 06:44:32.834,0.9607,0.9612,1.40,1.00
2007.11.15 06:44:33.153,0.9607,0.9612,1.40,1.00
2007.11.15 06:44:34.273,0.9607,0.9612,1.40,1.00
2007.11.15 06:44:36.044,0.9607,0.9612,1.40,1.00
2007.11.15 06:44:36.197,0.9608,0.961,0.40,1.30
2007.11.15 06:44:39.296,0.9608,0.961,0.40,1.30
2007.11.15 06:44:42.394,0.9608,0.961,0.40,1.30
2007.11.15 06:44:44.318,0.9608,0.961,0.40,1.30
2007.11.15 06:44:44.960,0.9608,0.9612,0.40,5.70
2007.11.15 06:44:45.584,0.9608,0.961,0.40,0.60
2007.11.15 06:44:45.918,0.9608,0.9612,0.40,4.70
2007.11.15 06:44:46.573,0.9608,0.9612,0.20,1.90
2007.11.15 06:44:46.741,0.9608,0.9612,0.20,1.90
2007.11.15 06:44:47.337,0.9608,0.9612,0.60,1.90
2007.11.15 06:44:47.559,0.9608,0.9612,0.60,1.90
2007.11.15 06:44:49.348,0.9608,0.9612,0.60,1.90
2007.11.15 06:44:53.850,0.9608,0.9612,0.60,1.90
2007.11.15 06:44:54.099,0.9608,0.9612,0.60,1.90
2007.11.15 06:44:54.385,0.9608,0.9612,0.60,1.90
2007.11.15 06:44:54.815,0.9608,0.9612,0.60,1.90
2007.11.15 06:44:56.895,0.9608,0.9612,0.60,1.90
2007.11.15 06:44:57.348,0.9608,0.9612,0.30,4.70
2007.11.15 06:44:57.617,0.9608,0.9612,0.30,4.70
2007.11.15 06:44:57.885,0.9608,0.961,0.30,0.70
2007.11.15 06:44:58.280,0.9608,0.9612,0.40,4.70
2007.11.15 06:44:58.488,0.9608,0.9612,0.40,4.70
2007.11.15 06:44:58.893,0.9608,0.9612,0.40,4.70
2007.11.15 06:44:59.399,0.9608,0.961,0.40,0.90
2007.11.15 06:45:04.425,0.9608,0.9612,0.40,4.70
2007.11.15 06:45:09.449,0.9608,0.961,0.40,0.80
2007.11.15 06:45:11.231,0.9609,0.961,1.40,0.70
2007.11.15 06:45:11.397,0.9609,0.961,1.40,0.60
2007.11.15 06:45:11.561,0.9609,0.961,1.40,0.70
2007.11.15 06:45:12.394,0.9609,0.961,1.40,0.50
2007.11.15 06:45:12.690,0.9609,0.961,1.40,0.90
2007.11.15 06:45:12.994,0.9609,0.961,1.40,0.70
2007.11.15 06:45:13.296,0.9609,0.961,1.80,1.30
2007.11.15 06:45:13.627,0.9609,0.961,1.80,1.30
2007.11.15 06:45:14.473,0.9609,0.961,1.80,1.30
2007.11.15 06:45:15.528,0.9609,0.961,1.80,1.30
2007.11.15 06:45:15.746,0.9609,0.961,0.50,1.30
2007.11.15 06:45:15.966,0.9608,0.961,0.40,1.30
2007.11.15 06:45:16.184,0.9608,0.961,0.40,1.30
2007.11.15 06:45:16.403,0.9608,0.961,0.40,1.30
2007.11.15 06:45:16.643,0.9608,0.961,0.40,1.30
2007.11.15 06:45:16.926,0.9608,0.961,0.20,1.30
2007.11.15 06:45:17.209,0.9608,0.961,0.20,1.30
2007.11.15 06:45:17.492,0.9608,0.961,0.20,1.30
2007.11.15 06:45:17.869,0.9608,0.961,0.20,1.30
2007.11.15 06:45:18.037,0.9608,0.961,0.20,1.30
2007.11.15 06:45:19.504,0.9608,0.961,0.20,1.30
2007.11.15 06:45:20.257,0.9608,0.961,0.20,1.30
2007.11.15 06:45:20.520,0.9605,0.961,6.60,1.30
2007.11.15 06:45:20.774,0.9605,0.961,6.60,2.00
2007.11.15 06:45:21.028,0.9605,0.961,4.20,2.00
2007.11.15 06:45:21.403,0.9605,0.961,4.20,2.00
2007.11.15 06:45:21.730,0.9605,0.961,4.20,2.40
2007.11.15 06:45:21.958,0.9605,0.961,4.20,2.40
2007.11.15 06:45:24.535,0.9605,0.961,4.20,2.40
2007.11.15 06:45:29.562,0.9605,0.961,4.20,2.40
2007.11.15 06:45:34.591,0.9605,0.961,4.20,2.40
2007.11.15 06:45:35.524,0.9605,0.961,4.20,2.40
2007.11.15 06:45:39.623,0.9605,0.961,4.20,2.40
2007.11.15 06:45:41.291,0.9605,0.961,2.30,2.40
2007.11.15 06:45:41.546,0.96045,0.961,5.00,2.40
2007.11.15 06:45:43.838,0.9605,0.961,2.00,2.40
2007.11.15 06:45:44.649,0.96045,0.961,5.00,2.40
2007.11.15 06:45:44.973,0.9605,0.961,2.20,2.40
2007.11.15 06:45:49.686,0.96045,0.961,5.00,2.40
2007.11.15 06:45:53.025,0.9608,0.961,0.40,2.40
2007.11.15 06:45:53.277,0.9608,0.961,0.40,2.40
2007.11.15 06:45:53.530,0.9608,0.961,0.40,4.80
2007.11.15 06:45:53.763,0.9608,0.961,0.40,4.80
2007.11.15 06:45:54.643,0.9608,0.961,0.40,4.80
2007.11.15 06:45:59.746,0.9608,0.961,0.40,4.80
2007.11.15 06:46:01.610,0.9608,0.961,0.40,4.80
2007.11.15 06:46:04.768,0.9608,0.961,0.40,4.80
2007.11.15 06:46:09.400,0.9608,0.961,0.40,4.80
2007.11.15 06:46:09.791,0.9608,0.961,0.40,4.80
2007.11.15 06:46:10.332,0.9608,0.961,0.40,4.80
2007.11.15 06:46:14.825,0.9608,0.961,0.40,4.80
2007.11.15 06:46:15.400,0.9608,0.961,0.30,4.80
2007.11.15 06:46:15.678,0.9608,0.961,0.30,4.80
2007.11.15 06:46:19.862,0.9608,0.961,0.30,4.80
2007.11.15 06:46:20.821,0.9608,0.961,0.30,4.80
2007.11.15 06:46:24.885,0.9608,0.961,0.30,4.80
2007.11.15 06:46:27.090,0.9608,0.961,0.50,4.80
2007.11.15 06:46:27.235,0.9608,0.961,0.50,5.80
2007.11.15 06:46:27.378,0.9608,0.961,0.50,5.80
2007.11.15 06:46:27.521,0.9608,0.961,0.50,3.40
2007.11.15 06:46:27.665,0.9608,0.961,0.50,3.40
2007.11.15 06:46:28.357,0.9608,0.961,0.50,3.40
2007.11.15 06:46:28.620,0.9608,0.961,0.50,3.40
2007.11.15 06:46:29.604,0.9608,0.961,0.50,3.40
2007.11.15 06:46:29.922,0.9608,0.961,0.50,3.40
2007.11.15 06:46:33.610,0.9606,0.961,3.10,3.40
2007.11.15 06:46:34.936,0.9608,0.961,0.50,3.40
2007.11.15 06:46:39.959,0.9606,0.961,3.10,3.40
2007.11.15 06:46:41.824,0.9606,0.961,3.10,3.40
2007.11.15 06:46:42.154,0.9606,0.961,5.50,1.30
2007.11.15 06:46:42.326,0.9606,0.961,5.50,1.30
2007.11.15 06:46:43.136,0.9606,0.961,5.50,1.30
2007.11.15 06:46:44.975,0.9606,0.961,5.50,1.30
2007.11.15 06:46:45.442,0.9608,0.961,4.50,1.30
2007.11.15 06:46:45.766,0.96085,0.961,8.00,1.30
2007.11.15 06:46:46.092,0.96085,0.961,11.20,1.30
2007.11.15 06:46:46.594,0.9609,0.961,2.30,1.30
2007.11.15 06:46:47.368,0.961,0.9612,0.50,1.70
2007.11.15 06:46:47.636,0.961,0.9612,0.50,1.70
2007.11.15 06:46:48.358,0.961,0.96115,0.50,1.00
2007.11.15 06:46:48.637,0.96095,0.961,0.70,1.30
2007.11.15 06:46:48.915,0.9609,0.961,3.40,1.30
2007.11.15 06:46:49.567,0.96095,0.961,0.90,1.30
2007.11.15 06:46:49.886,0.96095,0.961,0.60,1.30
2007.11.15 06:46:50.815,0.961,0.96115,0.70,4.00
2007.11.15 06:46:51.104,0.961,0.9612,0.50,2.50
2007.11.15 06:46:51.392,0.961,0.9612,0.70,2.50
2007.11.15 06:46:52.079,0.961,0.9612,0.70,2.50
2007.11.15 06:46:52.886,0.9609,0.96125,5.00,6.50
2007.11.15 06:46:53.130,0.961,0.9612,0.70,3.00
2007.11.15 06:46:53.847,0.961,0.9612,0.50,3.10
2007.11.15 06:46:54.061,0.9609,0.961,0.90,0.80
2007.11.15 06:46:54.274,0.96075,0.9612,3.10,3.40
2007.11.15 06:46:54.489,0.9607,0.9612,16.10,3.40
2007.11.15 06:46:54.753,0.9607,0.9612,16.10,3.40
2007.11.15 06:46:55.018,0.9607,0.9612,14.70,3.40
2007.11.15 06:46:55.280,0.9607,0.9612,14.70,3.40
2007.11.15 06:46:55.559,0.9608,0.961,0.50,0.90
2007.11.15 06:46:55.836,0.9607,0.9612,14.70,3.40
2007.11.15 06:46:56.114,0.9607,0.9612,14.70,3.40
2007.11.15 06:46:59.859,0.9607,0.9612,14.70,3.40
2007.11.15 06:47:00.427,0.9606,0.9612,4.50,13.70
2007.11.15 06:47:00.692,0.9606,0.9612,4.50,13.70
2007.11.15 06:47:00.955,0.9606,0.9612,3.10,12.20
2007.11.15 06:47:01.218,0.9606,0.9612,3.10,12.20
2007.11.15 06:47:01.487,0.9608,0.961,0.60,0.50
2007.11.15 06:47:01.711,0.9608,0.961,0.60,0.50
2007.11.15 06:47:01.940,0.9608,0.961,0.60,0.50
2007.11.15 06:47:02.221,0.9608,0.961,0.60,0.50
2007.11.15 06:47:02.624,0.9608,0.961,0.60,0.50
2007.11.15 06:47:03.048,0.9608,0.9612,0.60,12.20
2007.11.15 06:47:05.076,0.9608,0.9612,0.60,12.20
2007.11.15 06:47:08.052,0.9608,0.9612,0.60,12.20
2007.11.15 06:47:10.105,0.9608,0.9612,0.60,12.20
2007.11.15 06:47:11.329,0.9606,0.9612,3.60,12.20
2007.11.15 06:47:11.612,0.9606,0.9612,2.80,12.20
2007.11.15 06:47:11.895,0.9606,0.961,2.80,0.50
2007.11.15 06:47:12.084,0.9605,0.961,25.50,0.50
2007.11.15 06:47:12.271,0.9605,0.9612,15.10,9.80
2007.11.15 06:47:12.460,0.9605,0.961,15.10,0.50
2007.11.15 06:47:12.829,0.9605,0.9612,15.10,9.80
2007.11.15 06:47:13.111,0.9605,0.9612,15.10,9.80
2007.11.15 06:47:13.848,0.9605,0.9612,15.10,9.80
2007.11.15 06:47:15.116,0.9605,0.961,15.10,0.50
2007.11.15 06:47:16.933,0.96045,0.9612,19.90,9.80
2007.11.15 06:47:17.969,0.96045,0.9611,12.00,9.20
2007.11.15 06:47:18.171,0.9605,0.961,0.50,0.50
2007.11.15 06:47:18.505,0.96045,0.96105,5.00,5.30
2007.11.15 06:47:19.093,0.9605,0.961,0.70,0.50
2007.11.15 06:47:19.427,0.9605,0.961,0.70,0.50
2007.11.15 06:47:19.620,0.96045,0.96105,5.00,5.70
2007.11.15 06:47:20.135,0.96045,0.961,5.00,0.90
2007.11.15 06:47:25.167,0.96045,0.961,5.00,0.90
2007.11.15 06:47:26.827,0.96045,0.961,5.00,0.90
2007.11.15 06:47:27.555,0.9605,0.961,1.90,0.90
2007.11.15 06:47:28.599,0.9605,0.961,2.50,0.90
2007.11.15 06:47:30.199,0.9605,0.961,2.00,0.90
2007.11.15 06:47:35.224,0.96045,0.961,3.60,0.90
2007.11.15 06:47:40.230,0.96045,0.961,3.60,0.90
2007.11.15 06:47:45.268,0.9605,0.961,2.80,0.90
2007.11.15 06:47:50.294,0.96035,0.96115,8.00,3.50
2007.11.15 06:47:55.315,0.96035,0.96115,8.00,3.50
2007.11.15 06:47:57.558,0.96035,0.96115,8.00,3.50
2007.11.15 06:47:59.073,0.9605,0.961,0.50,3.30
2007.11.15 06:47:59.286,0.9605,0.961,0.50,3.30
2007.11.15 06:47:59.499,0.9605,0.961,0.50,3.30
2007.11.15 06:48:00.060,0.9605,0.961,0.50,3.30
2007.11.15 06:48:00.338,0.9605,0.961,0.50,3.30
2007.11.15 06:48:05.372,0.9605,0.961,0.50,3.30
2007.11.15 06:48:07.038,0.96055,0.961,0.80,3.30
2007.11.15 06:48:07.203,0.9606,0.961,0.50,0.90
2007.11.15 06:48:07.365,0.9606,0.961,0.50,0.90
2007.11.15 06:48:08.221,0.9606,0.961,0.50,0.90
2007.11.15 06:48:08.454,0.9608,0.961,0.20,0.90
2007.11.15 06:48:08.686,0.9608,0.961,0.20,0.90
2007.11.15 06:48:10.389,0.9608,0.961,0.20,0.90
2007.11.15 06:48:15.420,0.9608,0.961,0.20,0.90
2007.11.15 06:48:20.446,0.9608,0.961,0.20,0.90
2007.11.15 06:48:23.023,0.9606,0.961,0.70,0.90
2007.11.15 06:48:25.484,0.9606,0.961,0.70,0.90
2007.11.15 06:48:26.950,0.9606,0.961,2.00,1.90
2007.11.15 06:48:27.238,0.9608,0.961,0.20,1.90
2007.11.15 06:48:28.067,0.9608,0.961,0.20,1.90
2007.11.15 06:48:30.499,0.9608,0.961,0.20,1.90
2007.11.15 06:48:35.520,0.9606,0.961,2.00,1.90
2007.11.15 06:48:40.536,0.9606,0.961,0.60,1.00
2007.11.15 06:48:45.567,0.96045,0.961,2.10,1.00
2007.11.15 06:48:50.124,0.9605,0.961,12.10,1.90
2007.11.15 06:48:50.395,0.9605,0.961,12.10,1.90
2007.11.15 06:48:51.435,0.9606,0.961,0.90,1.90
2007.11.15 06:48:52.384,0.9606,0.961,0.50,1.90
2007.11.15 06:48:55.618,0.9606,0.961,0.60,1.90
2007.11.15 06:49:01.648,0.9606,0.961,1.90,1.90
2007.11.15 06:49:01.823,0.9607,0.961,1.10,1.90
2007.11.15 06:49:02.358,0.96065,0.961,2.60,1.90
2007.11.15 06:49:06.817,0.96065,0.961,2.60,1.90
2007.11.15 06:49:08.136,0.96065,0.961,2.60,1.90
2007.11.15 06:49:08.439,0.96065,0.961,2.60,1.90
2007.11.15 06:49:11.844,0.9607,0.961,1.10,1.90
2007.11.15 06:49:13.769,0.96065,0.961,2.60,1.40
2007.11.15 06:49:14.062,0.96065,0.961,2.60,1.40
2007.11.15 06:49:16.873,0.9607,0.961,1.80,1.40
2007.11.15 06:49:21.887,0.9607,0.961,1.80,1.40
2007.11.15 06:49:26.913,0.9607,0.961,1.80,1.40
2007.11.15 06:49:31.897,0.9607,0.961,0.50,0.50
2007.11.15 06:49:33.145,0.9607,0.961,0.50,0.50
2007.11.15 06:49:34.818,0.9607,0.961,0.50,0.50
2007.11.15 06:49:36.962,0.9607,0.961,0.50,0.50
2007.11.15 06:49:39.916,0.9607,0.961,0.50,0.90
2007.11.15 06:49:40.200,0.9609,0.961,3.20,0.50
2007.11.15 06:49:40.399,0.9609,0.961,4.60,0.50
2007.11.15 06:49:40.596,0.9609,0.961,4.60,0.50
2007.11.15 06:49:40.796,0.9609,0.961,3.80,0.50
2007.11.15 06:49:40.994,0.9609,0.961,3.80,0.50
2007.11.15 06:49:41.338,0.9609,0.961,3.80,0.50
2007.11.15 06:49:41.527,0.9609,0.9611,3.80,1.00
2007.11.15 06:49:41.707,0.9609,0.9611,3.80,1.00
2007.11.15 06:49:41.885,0.9609,0.9611,3.80,1.00
2007.11.15 06:49:42.145,0.961,0.9611,0.50,1.00
2007.11.15 06:49:42.591,0.961,0.9611,0.50,1.00
2007.11.15 06:49:43.168,0.961,0.9611,0.50,0.90
2007.11.15 06:49:43.775,0.961,0.96115,1.80,0.90
2007.11.15 06:49:43.999,0.961,0.96125,1.40,6.70
2007.11.15 06:49:44.223,0.961,0.96125,1.40,6.70
2007.11.15 06:49:44.846,0.961,0.9612,1.40,0.70
2007.11.15 06:49:45.062,0.961,0.9612,1.40,0.70
2007.11.15 06:49:47.016,0.961,0.96125,1.40,6.70
2007.11.15 06:49:50.590,0.961,0.9612,1.40,0.50
2007.11.15 06:49:52.046,0.961,0.9612,1.40,0.60
2007.11.15 06:49:57.062,0.961,0.96125,1.40,6.70
2007.11.15 06:50:02.087,0.961,0.96125,1.40,6.70
2007.11.15 06:50:05.155,0.9609,0.96125,9.20,6.70
2007.11.15 06:50:05.362,0.9609,0.96125,2.40,6.70
2007.11.15 06:50:05.536,0.9608,0.96125,0.20,6.70
2007.11.15 06:50:05.711,0.96105,0.96125,2.40,5.30
2007.11.15 06:50:05.884,0.96105,0.9612,6.40,0.50
2007.11.15 06:50:06.058,0.9611,0.9612,4.00,0.50
2007.11.15 06:50:06.231,0.9611,0.9612,4.00,0.50
2007.11.15 06:50:06.403,0.9611,0.96145,8.00,0.80
2007.11.15 06:50:06.662,0.9611,0.9615,8.00,0.80
2007.11.15 06:50:06.920,0.9611,0.9615,8.00,0.50
2007.11.15 06:50:07.179,0.9611,0.96155,8.00,8.70
2007.11.15 06:50:07.437,0.9611,0.96155,8.00,8.70
2007.11.15 06:50:07.671,0.9611,0.9615,8.00,0.70
2007.11.15 06:50:07.905,0.9612,0.9615,0.50,0.80
2007.11.15 06:50:10.294,0.9612,0.96155,0.50,6.30
2007.11.15 06:50:10.608,0.9612,0.9615,0.50,1.50
2007.11.15 06:50:10.795,0.9612,0.9615,0.50,1.90
2007.11.15 06:50:11.140,0.9612,0.9615,0.50,1.90
2007.11.15 06:50:12.135,0.9612,0.9615,0.50,1.90
2007.11.15 06:50:13.639,0.9612,0.9615,0.50,1.90
2007.11.15 06:50:15.109,0.9612,0.9615,0.50,1.90
2007.11.15 06:50:16.003,0.9612,0.9615,0.50,1.90
2007.11.15 06:50:16.257,0.9612,0.9615,0.50,1.90
2007.11.15 06:50:17.160,0.9612,0.9615,0.50,1.90
2007.11.15 06:50:20.810,0.9612,0.9615,0.50,1.90
2007.11.15 06:50:22.175,0.9612,0.9615,0.50,1.90
2007.11.15 06:50:22.884,0.9612,0.9615,0.50,1.90
2007.11.15 06:50:23.811,0.9612,0.9615,0.50,1.90
2007.11.15 06:50:27.204,0.9612,0.9615,0.50,1.90
2007.11.15 06:50:29.474,0.9612,0.9615,0.50,0.60
2007.11.15 06:50:29.622,0.9612,0.9615,0.50,1.90
2007.11.15 06:50:30.559,0.9612,0.9615,0.50,1.90
2007.11.15 06:50:32.228,0.9612,0.9615,0.50,1.90
2007.11.15 06:50:36.587,0.9612,0.9615,0.50,0.90
2007.11.15 06:50:37.256,0.9612,0.9615,0.50,0.90
2007.11.15 06:50:38.208,0.9612,0.9615,1.80,0.90
2007.11.15 06:50:38.496,0.9612,0.9616,4.20,1.60
2007.11.15 06:50:38.785,0.9612,0.9617,4.20,0.90
2007.11.15 06:50:39.074,0.9612,0.9617,4.20,0.50
2007.11.15 06:50:39.362,0.9612,0.9617,12.10,0.50
2007.11.15 06:50:39.569,0.9612,0.9617,12.10,0.50
2007.11.15 06:50:39.778,0.9612,0.9617,12.10,0.50
2007.11.15 06:50:39.986,0.9612,0.9617,16.10,0.50
2007.11.15 06:50:40.202,0.9612,0.9617,16.10,0.50
2007.11.15 06:50:40.546,0.9612,0.9617,16.10,0.50
2007.11.15 06:50:40.860,0.9612,0.9617,16.10,0.50
2007.11.15 06:50:41.113,0.9612,0.96195,16.10,4.00
2007.11.15 06:50:41.367,0.9612,0.96195,16.10,4.00
2007.11.15 06:50:42.278,0.9612,0.96195,16.10,4.00
2007.11.15 06:50:47.302,0.9612,0.96195,16.10,4.00
2007.11.15 06:50:48.806,0.9612,0.96195,16.10,4.00
2007.11.15 06:50:52.325,0.9612,0.96195,16.10,4.00
2007.11.15 06:50:57.361,0.9612,0.96195,16.10,4.00
2007.11.15 06:50:57.774,0.9612,0.96195,16.10,4.00
2007.11.15 06:50:58.048,0.9612,0.96195,16.10,4.00
2007.11.15 06:51:00.388,0.96125,0.962,0.80,18.20
2007.11.15 06:51:00.641,0.9613,0.962,10.70,14.60
2007.11.15 06:51:00.895,0.9613,0.962,10.70,14.60
2007.11.15 06:51:01.147,0.9613,0.962,10.70,14.60
2007.11.15 06:51:01.600,0.9613,0.962,10.70,14.60
2007.11.15 06:51:01.827,0.9613,0.962,10.70,14.60
2007.11.15 06:51:02.395,0.9613,0.962,10.70,14.60
2007.11.15 06:51:07.173,0.9613,0.962,10.70,12.20
2007.11.15 06:51:07.410,0.9613,0.962,10.70,12.20
2007.11.15 06:51:08.388,0.9613,0.96195,10.70,4.00
2007.11.15 06:51:08.667,0.9612,0.96195,16.10,4.00
2007.11.15 06:51:09.592,0.9612,0.96195,16.10,4.00
2007.11.15 06:51:12.439,0.9612,0.96195,14.70,4.00
2007.11.15 06:51:17.345,0.96135,0.962,0.80,13.00
2007.11.15 06:51:17.623,0.9614,0.962,2.40,14.80
2007.11.15 06:51:17.907,0.9614,0.962,2.40,11.20
2007.11.15 06:51:18.623,0.9614,0.962,2.40,11.20
2007.11.15 06:51:19.407,0.9614,0.962,2.80,11.20
2007.11.15 06:51:22.481,0.9614,0.962,2.80,11.20
2007.11.15 06:51:24.440,0.9614,0.962,2.80,11.20
2007.11.15 06:51:26.831,0.9614,0.96205,2.80,16.00
2007.11.15 06:51:27.502,0.9614,0.96205,2.80,16.00
2007.11.15 06:51:32.533,0.9614,0.96205,2.80,16.00
2007.11.15 06:51:37.555,0.9614,0.962,2.80,0.50
2007.11.15 06:51:42.582,0.9614,0.962,2.80,0.60
2007.11.15 06:51:47.621,0.9614,0.9621,2.80,22.50
2007.11.15 06:51:52.640,0.9613,0.9621,4.40,0.60
2007.11.15 06:52:07.006,0.96145,0.96205,0.80,4.80
2007.11.15 06:52:07.270,0.9615,0.962,2.80,0.90
2007.11.15 06:52:07.533,0.9615,0.962,2.80,0.90
2007.11.15 06:52:07.723,0.9615,0.962,2.80,0.90
2007.11.15 06:52:08.118,0.9615,0.962,2.80,0.90
2007.11.15 06:52:08.341,0.9615,0.962,2.80,0.90
2007.11.15 06:52:10.444,0.96145,0.962,3.60,0.90
2007.11.15 06:52:12.578,0.9615,0.962,1.80,0.90
2007.11.15 06:52:17.923,0.9615,0.962,0.70,0.90
2007.11.15 06:52:22.950,0.96145,0.962,3.60,0.90
2007.11.15 06:52:23.891,0.9617,0.962,0.70,1.90
2007.11.15 06:52:24.190,0.9617,0.962,0.90,1.40
2007.11.15 06:52:24.363,0.96165,0.962,2.20,1.40
2007.11.15 06:52:24.536,0.96165,0.962,2.20,1.90
2007.11.15 06:52:25.144,0.96165,0.962,2.20,1.90
2007.11.15 06:52:25.418,0.9617,0.962,0.70,1.90
2007.11.15 06:52:25.691,0.96165,0.962,2.20,1.90
2007.11.15 06:52:25.964,0.962,0.96205,0.50,4.20
2007.11.15 06:52:26.238,0.962,0.96205,0.50,0.30
2007.11.15 06:52:26.441,0.962,0.96205,0.80,0.30
2007.11.15 06:52:26.806,0.962,0.96205,0.70,0.30
2007.11.15 06:52:27.123,0.962,0.96205,0.50,0.30
2007.11.15 06:52:27.337,0.962,0.96205,1.00,0.30
2007.11.15 06:52:27.969,0.962,0.96205,0.70,0.30
2007.11.15 06:52:28.235,0.962,0.96205,1.00,0.30
2007.11.15 06:52:29.897,0.96195,0.96205,2.60,0.30
2007.11.15 06:52:30.243,0.96195,0.96205,2.60,0.30
2007.11.15 06:52:30.377,0.962,0.96205,0.50,0.30
2007.11.15 06:52:30.625,0.962,0.96205,1.00,0.30
2007.11.15 06:52:31.136,0.962,0.96205,0.60,0.30
2007.11.15 06:52:31.338,0.96195,0.96205,2.60,0.30
2007.11.15 06:52:32.995,0.962,0.96205,1.30,0.30
2007.11.15 06:52:34.450,0.96195,0.96205,1.30,0.30
2007.11.15 06:52:34.769,0.9618,0.96205,2.90,0.30
2007.11.15 06:52:34.928,0.9617,0.96205,16.00,0.30
2007.11.15 06:52:35.087,0.9618,0.96205,1.40,0.30
2007.11.15 06:52:35.244,0.9617,0.96205,2.90,0.30
2007.11.15 06:52:35.402,0.9617,0.96205,2.90,0.30
2007.11.15 06:52:35.560,0.9618,0.96205,0.50,0.30
2007.11.15 06:52:35.749,0.9616,0.96205,4.80,0.30
2007.11.15 06:52:35.943,0.9616,0.96205,4.80,0.30
2007.11.15 06:52:36.131,0.9616,0.96205,4.80,0.30
2007.11.15 06:52:36.411,0.9616,0.96205,4.80,0.30
2007.11.15 06:52:36.492,0.9618,0.96205,0.50,0.30
2007.11.15 06:52:36.633,0.9616,0.9623,4.80,11.70
2007.11.15 06:52:37.351,0.9618,0.96205,0.80,0.30
2007.11.15 06:52:38.010,0.9616,0.9623,4.80,11.70
2007.11.15 06:52:38.182,0.9619,0.96205,0.90,0.30
2007.11.15 06:52:38.361,0.9619,0.96205,0.70,0.30
2007.11.15 06:52:38.530,0.9619,0.96205,10.80,0.30
2007.11.15 06:52:38.703,0.9618,0.9623,2.40,8.20
2007.11.15 06:52:39.038,0.9618,0.96205,2.40,0.30
2007.11.15 06:52:39.371,0.9618,0.96205,2.40,0.30
2007.11.15 06:52:39.706,0.9618,0.9623,2.40,8.20
2007.11.15 06:52:40.046,0.9618,0.9623,2.40,11.70
2007.11.15 06:52:40.196,0.9618,0.9623,2.40,11.70
2007.11.15 06:52:40.401,0.9618,0.9623,2.40,11.70
2007.11.15 06:52:40.618,0.9618,0.96205,2.40,0.30
2007.11.15 06:52:40.817,0.9618,0.9623,2.40,11.70
2007.11.15 06:52:41.508,0.96185,0.96205,4.00,0.30
2007.11.15 06:52:41.841,0.9619,0.96205,15.60,0.30
2007.11.15 06:52:41.976,0.9619,0.96205,15.60,0.30
2007.11.15 06:52:42.110,0.9619,0.96205,15.60,0.30
2007.11.15 06:52:42.373,0.9619,0.96205,15.60,0.30
2007.11.15 06:52:42.586,0.9619,0.96205,15.60,0.30
2007.11.15 06:52:42.891,0.9619,0.96205,15.60,0.30
2007.11.15 06:52:43.511,0.962,0.96205,0.50,0.30
2007.11.15 06:52:44.989,0.962,0.96205,0.50,0.30
2007.11.15 06:52:45.238,0.9619,0.96205,10.80,0.30
2007.11.15 06:52:45.351,0.96185,0.96205,0.50,0.30
2007.11.15 06:52:45.464,0.9618,0.96205,2.40,0.30
2007.11.15 06:52:45.578,0.9618,0.96205,2.40,0.30
2007.11.15 06:52:45.691,0.9618,0.96205,2.40,0.30
2007.11.15 06:52:45.809,0.9618,0.96205,2.40,0.30
2007.11.15 06:52:45.917,0.9618,0.96205,2.40,0.30
2007.11.15 06:52:46.029,0.9618,0.96205,2.40,0.30
2007.11.15 06:52:46.143,0.9618,0.96205,2.40,0.30
2007.11.15 06:52:46.476,0.9618,0.9623,3.80,1.30
2007.11.15 06:52:46.810,0.9618,0.9623,3.80,1.30
2007.11.15 06:52:47.143,0.9618,0.9623,3.80,1.70
2007.11.15 06:52:47.330,0.9618,0.9623,3.80,1.70
2007.11.15 06:52:47.842,0.9618,0.96205,3.80,0.30
2007.11.15 06:52:48.054,0.9618,0.96205,4.20,0.30
2007.11.15 06:52:49.395,0.9618,0.9623,4.20,1.70
2007.11.15 06:52:50.893,0.9618,0.9623,4.20,1.70
2007.11.15 06:52:51.681,0.9618,0.96205,4.20,0.30
2007.11.15 06:52:51.919,0.9618,0.96205,4.20,0.30
2007.11.15 06:52:52.495,0.9618,0.96225,4.20,1.10
2007.11.15 06:52:52.648,0.9618,0.96205,1.80,0.30
2007.11.15 06:52:52.845,0.9618,0.9622,1.80,0.80
2007.11.15 06:52:53.105,0.9618,0.9622,1.80,0.80
2007.11.15 06:52:53.556,0.9618,0.96205,1.80,0.30
2007.11.15 06:52:57.301,0.9618,0.96205,1.80,0.30
2007.11.15 06:52:58.122,0.9618,0.9622,1.80,0.80
2007.11.15 06:52:58.346,0.9618,0.9622,1.80,0.80
2007.11.15 06:53:03.032,0.962,0.96205,1.40,0.30
2007.11.15 06:53:03.216,0.962,0.96205,1.40,0.30
2007.11.15 06:53:03.399,0.962,0.96205,1.40,0.30
2007.11.15 06:53:04.059,0.962,0.96205,1.40,0.30
2007.11.15 06:53:04.361,0.962,0.96205,1.40,0.30
2007.11.15 06:53:04.618,0.962,0.96205,1.40,0.30
2007.11.15 06:53:05.032,0.962,0.96205,1.80,0.30
2007.11.15 06:53:05.390,0.962,0.96205,1.80,0.30
2007.11.15 06:53:06.038,0.962,0.96205,1.80,0.30
2007.11.15 06:53:06.297,0.962,0.96205,1.80,0.30
2007.11.15 06:53:06.555,0.962,0.96205,1.80,0.30
2007.11.15 06:53:07.211,0.962,0.96205,1.80,0.30
2007.11.15 06:53:08.163,0.962,0.96205,1.80,0.30
2007.11.15 06:53:09.966,0.962,0.96205,1.80,0.30
2007.11.15 06:53:10.125,0.962,0.96205,1.80,0.30
2007.11.15 06:53:10.283,0.962,0.96205,1.80,0.30
2007.11.15 06:53:10.441,0.962,0.96205,1.80,0.30
2007.11.15 06:53:13.199,0.962,0.96205,1.80,0.30
2007.11.15 06:53:15.776,0.962,0.96205,1.30,0.30
2007.11.15 06:53:15.993,0.962,0.96205,1.10,0.30
2007.11.15 06:53:16.263,0.96195,0.96205,2.60,0.30
2007.11.15 06:53:16.532,0.96195,0.96205,2.60,0.30
2007.11.15 06:53:16.802,0.962,0.96205,1.00,0.30
2007.11.15 06:53:17.309,0.962,0.96205,1.20,0.30
2007.11.15 06:53:18.216,0.96195,0.96205,2.60,0.30
2007.11.15 06:53:19.048,0.962,0.96205,0.70,0.30
2007.11.15 06:53:23.240,0.96195,0.96205,2.60,0.30
2007.11.15 06:53:28.265,0.962,0.96205,0.60,0.30
2007.11.15 06:53:33.290,0.96195,0.96205,2.60,0.30
2007.11.15 06:53:34.534,0.9621,0.9623,0.90,1.40
2007.11.15 06:53:34.802,0.9621,0.9623,0.50,1.40
2007.11.15 06:53:35.070,0.962,0.96205,7.70,0.30
2007.11.15 06:53:35.339,0.962,0.96205,7.10,0.30
2007.11.15 06:53:35.824,0.962,0.96205,7.70,0.30
2007.11.15 06:53:36.157,0.962,0.96205,7.90,0.30
2007.11.15 06:53:36.361,0.962,0.96205,7.90,0.30
2007.11.15 06:53:38.317,0.962,0.96205,8.30,0.30
2007.11.15 06:53:39.600,0.96215,0.9623,0.60,0.50
2007.11.15 06:53:39.764,0.96215,0.9623,0.50,0.50
2007.11.15 06:53:39.928,0.96215,0.96235,1.00,5.00
2007.11.15 06:53:40.905,0.9621,0.96235,5.80,5.00
2007.11.15 06:53:41.179,0.96215,0.96235,0.50,5.00
2007.11.15 06:53:43.344,0.96215,0.96235,1.40,5.00
2007.11.15 06:53:48.378,0.96215,0.96235,1.40,5.00
2007.11.15 06:53:53.393,0.96215,0.96235,1.40,5.00
2007.11.15 06:53:54.061,0.96215,0.9624,1.40,10.00
2007.11.15 06:53:55.871,0.96215,0.9624,1.40,10.00
2007.11.15 06:53:56.910,0.96215,0.96235,1.40,0.60
2007.11.15 06:53:58.413,0.96215,0.9624,1.40,10.00
2007.11.15 06:54:01.867,0.96215,0.9624,1.40,9.90
2007.11.15 06:54:03.446,0.96215,0.9624,1.40,9.90
2007.11.15 06:54:08.471,0.96215,0.96235,1.40,0.50
2007.11.15 06:54:13.513,0.9621,0.9625,2.80,16.10
2007.11.15 06:54:18.530,0.9621,0.9624,2.80,0.70
2007.11.15 06:54:23.561,0.9621,0.9624,2.80,3.30
2007.11.15 06:54:25.833,0.9621,0.9624,2.80,3.30
2007.11.15 06:54:28.586,0.9621,0.9624,2.80,3.30
2007.11.15 06:54:33.607,0.96195,0.9625,0.80,0.80
2007.11.15 06:54:38.228,0.9622,0.9625,1.40,1.80
2007.11.15 06:54:38.467,0.9622,0.9624,1.80,0.50
2007.11.15 06:54:38.706,0.9622,0.9624,1.80,0.50
2007.11.15 06:54:39.348,0.9622,0.9624,1.80,0.50
2007.11.15 06:54:39.676,0.9622,0.9624,1.80,0.50
2007.11.15 06:54:40.732,0.9622,0.9624,1.80,0.60
2007.11.15 06:54:43.183,0.9622,0.9624,1.80,1.60
2007.11.15 06:54:43.392,0.9622,0.9624,1.40,2.00
2007.11.15 06:54:43.585,0.9622,0.9624,1.40,2.00
2007.11.15 06:54:43.779,0.9622,0.9624,1.40,2.00
2007.11.15 06:54:44.618,0.9622,0.9624,1.40,2.00
2007.11.15 06:54:45.656,0.9622,0.9624,1.40,2.00
2007.11.15 06:54:48.698,0.9622,0.9624,1.40,2.00
2007.11.15 06:54:53.714,0.9622,0.9624,1.40,2.00
2007.11.15 06:54:57.552,0.9621,0.9624,9.00,2.00
2007.11.15 06:54:58.740,0.9621,0.9624,9.00,2.00
2007.11.15 06:55:03.763,0.9621,0.9624,9.00,2.00
2007.11.15 06:55:08.790,0.9621,0.9624,9.00,2.00
2007.11.15 06:55:13.815,0.96195,0.9625,0.80,0.80
2007.11.15 06:55:22.610,0.9619,0.9625,0.90,0.80
2007.11.15 06:55:23.854,0.96185,0.9626,8.80,4.80
2007.11.15 06:55:29.046,0.9619,0.9625,4.80,0.80
2007.11.15 06:55:34.078,0.9619,0.9626,4.80,4.80
2007.11.15 06:55:39.098,0.9619,0.9626,4.80,4.80
2007.11.15 06:55:39.872,0.96185,0.9626,8.80,5.60
2007.11.15 06:55:44.130,0.9619,0.9625,0.90,0.80
2007.11.15 06:55:49.160,0.96185,0.9625,8.80,0.80
2007.11.15 06:56:10.421,0.96215,0.96245,0.80,4.00
2007.11.15 06:56:10.755,0.9622,0.9624,0.50,0.60
2007.11.15 06:56:11.563,0.9622,0.9624,0.50,0.60
2007.11.15 06:56:14.304,0.9622,0.9624,0.50,0.60
2007.11.15 06:56:19.312,0.9622,0.9624,0.50,0.60
2007.11.15 06:56:23.367,0.9622,0.9624,0.50,0.60
2007.11.15 06:56:23.571,0.96215,0.96235,1.40,5.00
2007.11.15 06:56:23.774,0.96215,0.96235,1.40,5.00
2007.11.15 06:56:24.494,0.96215,0.96235,1.40,5.00
2007.11.15 06:56:24.502,0.96215,0.96235,0.70,5.00
2007.11.15 06:56:24.706,0.96215,0.96235,0.80,5.00
2007.11.15 06:56:29.367,0.96215,0.96235,0.90,5.00
2007.11.15 06:56:34.316,0.9621,0.96235,5.80,5.00
2007.11.15 06:56:39.410,0.96215,0.96235,0.90,5.00
2007.11.15 06:56:44.431,0.96215,0.96235,0.60,5.00
2007.11.15 06:56:49.455,0.96215,0.96235,0.60,5.00
2007.11.15 06:56:54.485,0.9619,0.9625,1.10,0.80
2007.11.15 06:56:59.503,0.9619,0.9625,1.10,0.80
2007.11.15 06:57:05.864,0.9619,0.9625,1.10,0.80
2007.11.15 06:57:09.556,0.9619,0.9625,1.10,0.80
2007.11.15 06:57:14.583,0.9619,0.9625,1.10,0.80
2007.11.15 06:57:19.605,0.9619,0.9625,1.10,0.80
2007.11.15 06:57:22.976,0.9619,0.9623,2.50,1.00
2007.11.15 06:57:23.216,0.962,0.9623,2.40,1.40
2007.11.15 06:57:23.350,0.9619,0.9623,2.60,1.40
2007.11.15 06:57:23.484,0.9619,0.9623,2.10,1.40
2007.11.15 06:57:23.618,0.9618,0.9623,8.50,1.40
2007.11.15 06:57:23.752,0.9618,0.9623,1.80,3.80
2007.11.15 06:57:23.897,0.9618,0.9623,1.80,3.80
2007.11.15 06:57:24.325,0.9618,0.9623,1.80,3.80
2007.11.15 06:57:24.631,0.9618,0.9623,1.80,3.80
2007.11.15 06:57:24.898,0.9618,0.9623,1.80,3.80
2007.11.15 06:57:25.360,0.9618,0.9623,1.80,3.80
2007.11.15 06:57:27.020,0.96195,0.9623,0.80,3.80
2007.11.15 06:57:27.144,0.96195,0.9623,0.80,3.80
2007.11.15 06:57:27.268,0.96195,0.9623,0.80,1.40
2007.11.15 06:57:27.557,0.96195,0.9623,0.80,1.40
2007.11.15 06:57:28.161,0.96195,0.9623,0.80,0.70
2007.11.15 06:57:28.392,0.96195,0.9623,0.80,0.70
2007.11.15 06:57:28.739,0.96195,0.9623,0.80,0.90
2007.11.15 06:57:29.170,0.962,0.96235,0.50,5.40
2007.11.15 06:57:29.316,0.962,0.96235,0.50,5.40
2007.11.15 06:57:29.664,0.962,0.96235,0.50,5.40
2007.11.15 06:57:34.700,0.962,0.96235,0.50,5.40
2007.11.15 06:57:37.085,0.962,0.96235,0.50,5.40
2007.11.15 06:57:37.391,0.962,0.9623,0.50,0.60
2007.11.15 06:57:38.979,0.962,0.9623,0.50,0.90
2007.11.15 06:57:39.000,0.962,0.9623,0.50,0.60
2007.11.15 06:57:40.592,0.962,0.9623,0.50,0.70
2007.11.15 06:57:45.787,0.962,0.96235,0.50,5.90
2007.11.15 06:57:45.967,0.962,0.9623,1.80,1.90
2007.11.15 06:57:46.129,0.962,0.9622,1.80,0.80
2007.11.15 06:57:46.274,0.962,0.9622,1.80,0.80
2007.11.15 06:57:46.418,0.962,0.9622,1.80,0.60
2007.11.15 06:57:47.393,0.962,0.9622,1.80,0.70
2007.11.15 06:57:47.725,0.962,0.9622,1.80,0.60
2007.11.15 06:57:50.809,0.962,0.96225,1.80,5.00
2007.11.15 06:57:54.471,0.962,0.96225,0.50,5.00
2007.11.15 06:57:54.629,0.962,0.9622,0.50,0.70
2007.11.15 06:57:54.789,0.9618,0.9622,5.80,0.60
2007.11.15 06:57:54.947,0.9618,0.9622,1.80,0.50
2007.11.15 06:57:55.165,0.9618,0.9622,1.80,0.60
2007.11.15 06:57:55.384,0.9618,0.96225,1.80,6.20
2007.11.15 06:57:55.828,0.9618,0.9622,1.80,0.90
2007.11.15 06:57:56.044,0.9618,0.96225,1.80,6.20
2007.11.15 06:57:56.378,0.9618,0.96225,1.80,6.20
2007.11.15 06:58:00.860,0.9618,0.9622,1.80,1.40
2007.11.15 06:58:05.887,0.9618,0.9622,1.80,1.40
2007.11.15 06:58:10.907,0.9618,0.9622,1.80,1.40
2007.11.15 06:58:12.082,0.96205,0.9622,1.40,0.50
2007.11.15 06:58:12.409,0.96205,0.96225,1.40,5.00
2007.11.15 06:58:12.744,0.96205,0.96225,1.40,5.00
2007.11.15 06:58:13.335,0.96205,0.96225,1.40,5.00
2007.11.15 06:58:13.553,0.96205,0.96225,1.40,5.00
2007.11.15 06:58:14.261,0.96205,0.96225,1.40,5.00
2007.11.15 06:58:14.554,0.962,0.9622,3.60,1.00
2007.11.15 06:58:14.733,0.962,0.9622,2.00,1.00
2007.11.15 06:58:14.912,0.9619,0.9622,1.80,1.40
2007.11.15 06:58:15.090,0.9619,0.9622,0.50,1.40
2007.11.15 06:58:15.269,0.9618,0.9622,4.20,1.40
2007.11.15 06:58:15.446,0.9618,0.9622,1.80,1.40
2007.11.15 06:58:15.624,0.9618,0.9622,1.80,1.40
2007.11.15 06:58:15.842,0.9618,0.9622,1.80,1.40
2007.11.15 06:58:16.117,0.9618,0.9622,1.80,1.40
2007.11.15 06:58:16.334,0.9618,0.9622,1.80,1.40
2007.11.15 06:58:16.853,0.9618,0.9622,1.80,1.40
2007.11.15 06:58:17.392,0.9618,0.9622,1.80,1.40
2007.11.15 06:58:17.810,0.9618,0.9622,1.80,1.40
2007.11.15 06:58:20.953,0.9618,0.9622,1.80,1.40
2007.11.15 06:58:21.594,0.9619,0.9622,1.40,1.40
2007.11.15 06:58:21.761,0.9619,0.9622,1.80,1.40
2007.11.15 06:58:22.095,0.9619,0.9622,1.80,1.40
2007.11.15 06:58:22.799,0.9619,0.9622,1.80,1.40
2007.11.15 06:58:23.049,0.9619,0.9621,1.80,1.00
2007.11.15 06:58:23.209,0.9619,0.9621,1.80,1.00
2007.11.15 06:58:23.366,0.9619,0.9621,1.80,1.00
2007.11.15 06:58:23.525,0.9619,0.9621,1.80,1.00
2007.11.15 06:58:23.683,0.9618,0.9621,8.20,1.40
2007.11.15 06:58:23.841,0.9618,0.9621,4.20,1.40
2007.11.15 06:58:24.094,0.9618,0.9621,1.80,1.40
2007.11.15 06:58:24.348,0.9618,0.9621,1.80,1.40
2007.11.15 06:58:24.858,0.9618,0.9621,1.80,1.40
2007.11.15 06:58:25.060,0.9618,0.9621,1.80,1.40
2007.11.15 06:58:25.134,0.96175,0.9621,2.60,1.40
2007.11.15 06:58:25.971,0.96175,0.9621,2.60,1.40
2007.11.15 06:58:30.998,0.96175,0.9621,2.60,1.40
2007.11.15 06:58:36.031,0.96175,0.9621,2.60,1.40
2007.11.15 06:58:41.050,0.96175,0.9621,2.60,1.40
2007.11.15 06:58:44.092,0.9619,0.9621,0.90,1.40
2007.11.15 06:58:44.281,0.9619,0.9621,0.70,1.40
2007.11.15 06:58:44.510,0.9618,0.9621,9.80,1.40
2007.11.15 06:58:44.738,0.9619,0.9621,1.00,1.40
2007.11.15 06:58:44.966,0.9619,0.9621,0.70,1.40
2007.11.15 06:58:45.310,0.9618,0.9621,9.80,1.40
2007.11.15 06:58:46.073,0.9618,0.9621,9.80,1.40
2007.11.15 06:58:46.873,0.9619,0.9621,0.80,1.40
2007.11.15 06:58:51.104,0.9619,0.9621,1.00,1.40
2007.11.15 06:58:52.409,0.9619,0.9621,0.80,0.70
2007.11.15 06:58:56.147,0.9619,0.9621,1.40,0.90
2007.11.15 06:59:01.159,0.9619,0.9621,1.40,0.60
2007.11.15 06:59:06.185,0.9619,0.96215,1.40,5.40
2007.11.15 06:59:06.399,0.9619,0.9621,1.40,0.60
2007.11.15 06:59:07.324,0.9619,0.9621,1.40,0.80
2007.11.15 06:59:09.149,0.9619,0.96215,1.40,4.50
2007.11.15 06:59:09.358,0.9619,0.9624,4.20,11.00
2007.11.15 06:59:09.568,0.9619,0.9624,4.20,3.60
2007.11.15 06:59:09.776,0.9619,0.9623,4.20,0.50
2007.11.15 06:59:10.303,0.9619,0.9623,4.20,0.50
2007.11.15 06:59:10.603,0.9619,0.9624,4.20,3.60
2007.11.15 06:59:11.140,0.9619,0.9624,4.20,3.60
2007.11.15 06:59:15.238,0.96195,0.9623,4.80,0.50
2007.11.15 06:59:15.428,0.962,0.9624,4.80,3.60
2007.11.15 06:59:15.716,0.962,0.9623,7.20,0.50
2007.11.15 06:59:16.233,0.962,0.9624,7.20,3.60
2007.11.15 06:59:16.553,0.962,0.9623,7.20,0.50
2007.11.15 06:59:16.875,0.962,0.9624,7.60,3.60
2007.11.15 06:59:17.376,0.9621,0.9624,0.50,3.60
2007.11.15 06:59:18.840,0.9621,0.9624,0.50,3.60
2007.11.15 06:59:19.869,0.9621,0.9624,0.50,3.60
2007.11.15 06:59:20.127,0.9621,0.9624,0.50,3.60
2007.11.15 06:59:20.596,0.9621,0.9623,0.50,0.50
2007.11.15 06:59:20.855,0.962,0.96235,5.80,6.70
2007.11.15 06:59:21.059,0.962,0.96235,1.80,6.70
2007.11.15 06:59:21.262,0.962,0.9623,1.80,0.80
2007.11.15 06:59:21.464,0.9619,0.9624,4.20,3.60
2007.11.15 06:59:21.669,0.9619,0.9623,4.20,0.50
2007.11.15 06:59:22.002,0.9619,0.9623,1.80,0.90
2007.11.15 06:59:22.337,0.9619,0.9623,1.80,0.90
2007.11.15 06:59:22.671,0.9619,0.9623,4.20,0.50
2007.11.15 06:59:23.630,0.9619,0.9623,4.20,0.50
2007.11.15 06:59:23.833,0.9619,0.9623,4.20,0.50
2007.11.15 06:59:24.861,0.9619,0.9623,4.20,0.50
2007.11.15 06:59:25.786,0.962,0.9623,0.50,0.50
2007.11.15 06:59:25.984,0.962,0.9623,0.50,0.50
2007.11.15 06:59:26.184,0.962,0.9623,0.50,0.50
2007.11.15 06:59:26.839,0.962,0.9623,0.50,0.50
2007.11.15 06:59:27.172,0.962,0.9623,0.50,0.50
2007.11.15 06:59:31.289,0.962,0.9623,0.50,0.50
2007.11.15 06:59:32.136,0.962,0.9623,0.50,0.50
2007.11.15 06:59:33.064,0.962,0.9623,0.50,0.50
2007.11.15 06:59:36.321,0.962,0.9623,0.50,0.50
2007.11.15 06:59:41.344,0.962,0.9623,0.50,0.50
2007.11.15 06:59:46.370,0.962,0.9623,0.50,0.50
2007.11.15 06:59:48.881,0.962,0.9623,0.50,0.50
2007.11.15 06:59:51.399,0.962,0.9623,0.50,0.50
2007.11.15 06:59:55.216,0.96195,0.9623,1.30,0.50
2007.11.15 06:59:55.773,0.962,0.9622,0.70,1.00
2007.11.15 06:59:55.938,0.96195,0.9622,2.20,1.00
2007.11.15 06:59:56.101,0.96195,0.9622,2.20,1.00
2007.11.15 06:59:56.263,0.96195,0.9622,2.20,1.00
2007.11.15 06:59:56.428,0.96195,0.9622,2.20,1.00
2007.11.15 06:59:57.140,0.962,0.9622,1.10,1.00
2007.11.15 06:59:57.473,0.962,0.9622,1.10,1.40
2007.11.15 06:59:57.806,0.96195,0.9622,2.20,1.40
