2007.11.30 07:00:00.053,0.99765,0.99775,0.10,0.10
2007.11.30 07:00:00.226,0.99765,0.99775,0.10,0.10
2007.11.30 07:00:00.404,0.99765,0.99775,0.10,0.10
2007.11.30 07:00:00.576,0.99765,0.99775,0.10,0.10
2007.11.30 07:00:00.756,0.99765,0.99775,0.10,0.10
2007.11.30 07:00:01.054,0.99765,0.99775,0.10,0.10
2007.11.30 07:00:01.352,0.99765,0.99775,0.10,0.10
2007.11.30 07:00:01.650,0.99765,0.99775,0.10,0.10
2007.11.30 07:00:01.950,0.99765,0.99775,0.10,0.10
2007.11.30 07:00:02.209,0.99755,0.99775,4.50,0.10
2007.11.30 07:00:02.217,0.99765,0.99775,0.10,0.10
2007.11.30 07:00:02.486,0.99765,0.99775,0.10,0.10
2007.11.30 07:00:02.755,0.99765,0.99775,0.10,0.10
2007.11.30 07:00:03.029,0.99765,0.99775,0.10,0.10
2007.11.30 07:00:03.266,0.99765,0.99775,0.10,0.10
2007.11.30 07:00:03.504,0.99765,0.99775,0.10,0.10
2007.11.30 07:00:03.742,0.99765,0.99775,0.10,0.10
2007.11.30 07:00:03.986,0.99765,0.99775,0.10,0.10
2007.11.30 07:00:04.239,0.99765,0.99775,0.10,0.10
2007.11.30 07:00:04.492,0.99765,0.99775,0.10,0.10
2007.11.30 07:00:04.747,0.99765,0.99775,0.10,0.10
2007.11.30 07:00:05.000,0.99765,0.99775,0.10,0.10
2007.11.30 07:00:05.178,0.99765,0.99775,0.10,0.10
2007.11.30 07:00:05.355,0.99765,0.99775,0.10,0.10
2007.11.30 07:00:05.533,0.99765,0.99775,0.10,0.10
2007.11.30 07:00:05.710,0.99765,0.99775,0.10,0.10
2007.11.30 07:00:05.889,0.99765,0.99775,0.10,0.10
2007.11.30 07:00:06.066,0.99765,0.99775,0.10,0.10
2007.11.30 07:00:06.353,0.99765,0.99775,0.10,0.10
2007.11.30 07:00:06.641,0.99765,0.99775,0.10,0.10
2007.11.30 07:00:06.930,0.99765,0.99775,0.10,0.10
2007.11.30 07:00:07.218,0.99765,0.99775,0.10,0.10
2007.11.30 07:00:07.405,0.99765,0.99775,0.10,0.10
2007.11.30 07:00:07.599,0.99765,0.99775,0.10,0.10
2007.11.30 07:00:07.786,0.99765,0.99775,0.10,0.10
2007.11.30 07:00:07.977,0.99765,0.99775,0.10,0.10
2007.11.30 07:00:08.164,0.99765,0.99775,0.10,0.10
2007.11.30 07:00:08.456,0.99765,0.99775,0.10,0.10
2007.11.30 07:00:08.750,0.99765,0.99775,0.10,0.10
2007.11.30 07:00:09.043,0.99765,0.99775,0.10,0.10
2007.11.30 07:00:09.336,0.99765,0.99775,0.10,0.10
2007.11.30 07:00:09.539,0.99765,0.99775,0.10,0.10
2007.11.30 07:00:09.741,0.99765,0.99775,0.10,0.10
2007.11.30 07:00:09.944,0.99765,0.99775,0.10,0.10
2007.11.30 07:00:10.146,0.99765,0.99775,0.10,0.10
2007.11.30 07:00:10.349,0.99765,0.99775,0.10,0.10
2007.11.30 07:00:10.619,0.99765,0.99775,0.10,0.10
2007.11.30 07:00:10.887,0.99765,0.99775,0.10,0.10
2007.11.30 07:00:11.156,0.99765,0.99775,0.10,0.10
2007.11.30 07:00:11.424,0.99765,0.99775,0.10,0.10
2007.11.30 07:00:11.672,0.99765,0.99775,0.10,0.10
2007.11.30 07:00:11.923,0.99765,0.99775,0.10,0.10
2007.11.30 07:00:12.171,0.99765,0.99775,0.10,0.10
2007.11.30 07:00:12.420,0.99765,0.99775,0.10,0.10
2007.11.30 07:00:12.692,0.99765,0.99775,0.10,0.10
2007.11.30 07:00:12.966,0.99765,0.99775,0.10,0.10
2007.11.30 07:00:13.238,0.99765,0.99775,0.10,0.10
2007.11.30 07:00:13.511,0.99765,0.99775,0.10,0.10
2007.11.30 07:00:13.734,0.99765,0.99775,0.10,0.10
2007.11.30 07:00:13.957,0.99765,0.99775,0.10,0.10
2007.11.30 07:00:14.181,0.99765,0.99775,0.10,0.10
2007.11.30 07:00:14.544,0.99765,0.99775,0.10,0.10
2007.11.30 07:00:14.801,0.99765,0.99775,0.10,0.10
2007.11.30 07:00:15.059,0.99765,0.99775,0.10,0.10
2007.11.30 07:00:15.318,0.99765,0.99775,0.10,0.10
2007.11.30 07:00:15.583,0.99765,0.99775,0.10,0.10
2007.11.30 07:00:15.791,0.99765,0.99775,0.10,0.10
2007.11.30 07:00:15.997,0.99765,0.99775,0.10,0.10
2007.11.30 07:00:16.204,0.99765,0.99775,0.10,0.10
2007.11.30 07:00:16.411,0.99765,0.99775,0.10,0.10
2007.11.30 07:00:16.619,0.99765,0.99775,0.10,0.10
2007.11.30 07:00:16.826,0.99765,0.99775,0.10,0.10
2007.11.30 07:00:17.159,0.99765,0.99775,0.10,0.10
2007.11.30 07:00:17.492,0.9976,0.99775,0.10,0.10
2007.11.30 07:00:17.826,0.9976,0.99775,0.10,0.10
2007.11.30 07:00:18.048,0.9976,0.99775,0.10,0.10
2007.11.30 07:00:18.271,0.9976,0.99775,0.10,0.10
2007.11.30 07:00:18.494,0.9976,0.99775,0.10,0.10
2007.11.30 07:00:18.718,0.9976,0.99775,0.10,0.10
2007.11.30 07:00:19.050,0.9976,0.99775,0.10,0.10
2007.11.30 07:00:19.383,0.9976,0.99775,0.10,0.10
2007.11.30 07:00:19.717,0.9976,0.99775,0.10,0.10
2007.11.30 07:00:19.911,0.9976,0.99775,0.10,0.10
2007.11.30 07:00:20.104,0.9976,0.99775,0.10,0.10
2007.11.30 07:00:20.296,0.9976,0.99775,0.10,0.10
2007.11.30 07:00:20.490,0.9976,0.99775,0.10,0.10
2007.11.30 07:00:20.705,0.9976,0.99775,0.10,0.10
2007.11.30 07:00:20.959,0.9976,0.99775,0.10,0.10
2007.11.30 07:00:21.212,0.9976,0.99775,0.10,0.10
2007.11.30 07:00:21.465,0.9976,0.99775,0.10,0.10
2007.11.30 07:00:21.717,0.9976,0.99775,0.10,0.10
2007.11.30 07:00:21.970,0.9976,0.99775,0.10,0.10
2007.11.30 07:00:22.208,0.9976,0.99775,0.10,0.10
2007.11.30 07:00:22.450,0.9976,0.99775,0.10,0.10
2007.11.30 07:00:22.687,0.9976,0.99775,0.10,0.10
2007.11.30 07:00:22.926,0.9976,0.99775,0.10,0.10
2007.11.30 07:00:23.168,0.9976,0.99775,0.10,0.10
2007.11.30 07:00:23.412,0.9976,0.99775,0.10,0.10
2007.11.30 07:00:23.656,0.9976,0.99775,0.10,0.10
2007.11.30 07:00:23.905,0.9976,0.99775,0.10,0.10
2007.11.30 07:00:24.126,0.9976,0.99775,0.10,0.10
2007.11.30 07:00:24.353,0.9976,0.99775,0.10,0.10
2007.11.30 07:00:24.581,0.9976,0.99775,0.10,0.10
2007.11.30 07:00:24.809,0.9976,0.99775,0.10,0.10
2007.11.30 07:00:25.037,0.9976,0.99775,0.10,0.10
2007.11.30 07:00:25.365,0.9976,0.99775,0.10,0.10
2007.11.30 07:00:25.692,0.9976,0.99775,0.10,0.10
2007.11.30 07:00:26.021,0.9976,0.99775,0.10,0.10
2007.11.30 07:00:26.227,0.9976,0.99775,0.10,0.10
2007.11.30 07:00:26.436,0.9976,0.99775,0.10,0.10
2007.11.30 07:00:26.643,0.9976,0.99775,0.10,0.10
2007.11.30 07:00:26.866,0.9976,0.99775,0.10,0.10
2007.11.30 07:00:27.073,0.9976,0.99775,0.10,0.10
2007.11.30 07:00:27.280,0.9976,0.99775,0.10,0.10
2007.11.30 07:00:27.573,0.9976,0.99775,0.10,0.10
2007.11.30 07:00:27.866,0.9976,0.99775,0.10,0.10
2007.11.30 07:00:28.159,0.9976,0.99775,0.10,0.10
2007.11.30 07:00:28.397,0.9976,0.99775,0.10,0.10
2007.11.30 07:00:28.635,0.9976,0.99775,0.10,0.10
2007.11.30 07:00:28.874,0.9976,0.99775,0.10,0.10
2007.11.30 07:00:29.112,0.9976,0.99775,0.10,0.10
2007.11.30 07:00:29.356,0.9976,0.99775,0.10,0.10
2007.11.30 07:00:29.632,0.9976,0.99775,0.10,0.10
2007.11.30 07:00:29.914,0.9976,0.99775,0.10,0.10
2007.11.30 07:00:30.197,0.9976,0.99775,0.10,0.10
2007.11.30 07:00:30.416,0.9976,0.99775,0.10,0.10
2007.11.30 07:00:30.635,0.9976,0.99775,0.10,0.10
2007.11.30 07:00:30.854,0.9976,0.99775,0.10,0.10
2007.11.30 07:00:31.073,0.9976,0.99775,0.10,0.10
2007.11.30 07:00:31.290,0.9976,0.99775,0.10,0.10
2007.11.30 07:00:31.563,0.9976,0.99775,0.10,0.10
2007.11.30 07:00:31.835,0.9976,0.99775,0.10,0.10
2007.11.30 07:00:32.108,0.9976,0.99775,0.10,0.10
2007.11.30 07:00:32.418,0.9976,0.99775,0.10,0.10
2007.11.30 07:00:32.639,0.9976,0.99775,0.10,0.10
2007.11.30 07:00:33.027,0.9976,0.99775,0.10,0.10
2007.11.30 07:00:33.285,0.9976,0.99775,0.10,0.10
2007.11.30 07:00:33.543,0.9976,0.99775,0.10,0.10
2007.11.30 07:00:33.760,0.9976,0.99775,0.10,0.10
2007.11.30 07:00:33.978,0.9976,0.99775,0.10,0.10
2007.11.30 07:00:34.196,0.9976,0.99775,0.10,0.10
2007.11.30 07:00:34.414,0.9976,0.99775,0.10,0.10
2007.11.30 07:00:34.697,0.9976,0.99775,0.10,0.10
2007.11.30 07:00:34.979,0.9976,0.99775,0.10,0.10
2007.11.30 07:00:35.262,0.9976,0.99775,0.10,0.10
2007.11.30 07:00:35.545,0.9976,0.99775,0.10,0.10
2007.11.30 07:00:35.777,0.9976,0.99775,0.10,0.10
2007.11.30 07:00:36.010,0.9976,0.99775,0.10,0.10
2007.11.30 07:00:36.243,0.9976,0.99775,0.10,0.10
2007.11.30 07:00:36.476,0.9976,0.99775,0.10,0.10
2007.11.30 07:00:36.750,0.9976,0.99775,0.10,0.10
2007.11.30 07:00:37.022,0.9976,0.99775,0.10,0.10
2007.11.30 07:00:37.295,0.9976,0.99775,0.10,0.10
2007.11.30 07:00:37.569,0.9976,0.99775,0.10,0.10
2007.11.30 07:00:37.781,0.9976,0.99775,0.10,0.10
2007.11.30 07:00:37.994,0.9976,0.99775,0.10,0.10
2007.11.30 07:00:38.207,0.9976,0.99775,0.10,0.10
2007.11.30 07:00:38.277,0.9976,0.99775,0.10,0.10
2007.11.30 07:00:38.420,0.9976,0.99775,0.10,0.10
2007.11.30 07:00:38.678,0.9976,0.99775,0.10,0.10
2007.11.30 07:00:38.937,0.9976,0.99775,0.10,0.10
2007.11.30 07:00:39.196,0.9976,0.99775,0.10,0.10
2007.11.30 07:00:39.454,0.99755,0.99775,2.50,0.10
2007.11.30 07:00:39.662,0.9976,0.99775,0.10,0.10
2007.11.30 07:00:39.870,0.9976,0.99775,0.10,0.10
2007.11.30 07:00:40.079,0.9976,0.99775,0.10,0.10
2007.11.30 07:00:40.287,0.99755,0.99775,2.50,0.10
2007.11.30 07:00:40.495,0.99755,0.99775,2.50,0.10
2007.11.30 07:00:40.758,0.99755,0.99775,2.50,0.10
2007.11.30 07:00:41.021,0.99755,0.99775,2.50,0.10
2007.11.30 07:00:41.285,0.9976,0.99775,0.10,0.10
2007.11.30 07:00:41.547,0.9976,0.99775,0.10,0.10
2007.11.30 07:00:41.755,0.9976,0.99775,0.10,0.10
2007.11.30 07:00:41.963,0.9976,0.99775,0.10,0.10
2007.11.30 07:00:42.171,0.99755,0.99775,2.50,0.10
2007.11.30 07:00:42.379,0.9976,0.99775,0.10,0.10
2007.11.30 07:00:42.587,0.99755,0.99775,2.50,0.10
2007.11.30 07:00:42.850,0.9976,0.99775,0.10,0.10
2007.11.30 07:00:43.113,0.99755,0.99775,2.50,0.10
2007.11.30 07:00:43.376,0.9976,0.99775,0.10,0.10
2007.11.30 07:00:43.639,0.99755,0.99775,2.50,0.10
2007.11.30 07:00:43.872,0.99755,0.99775,2.50,0.10
2007.11.30 07:00:44.105,0.99755,0.99775,2.50,0.10
2007.11.30 07:00:44.338,0.99755,0.99775,2.50,0.10
2007.11.30 07:00:44.571,0.9976,0.99775,0.10,0.10
2007.11.30 07:00:44.863,0.99755,0.99775,2.50,0.10
2007.11.30 07:00:45.156,0.9976,0.99775,0.10,0.10
2007.11.30 07:00:45.448,0.99755,0.99775,2.50,0.10
2007.11.30 07:00:45.742,0.99755,0.99775,2.50,0.10
2007.11.30 07:00:45.981,0.99755,0.99775,2.50,0.10
2007.11.30 07:00:46.219,0.99755,0.99775,2.50,0.10
2007.11.30 07:00:46.456,0.99755,0.99775,2.50,0.10
2007.11.30 07:00:46.694,0.99755,0.99775,2.50,0.10
2007.11.30 07:00:46.967,0.99755,0.99775,2.50,0.10
2007.11.30 07:00:47.247,0.99755,0.99775,2.50,0.10
2007.11.30 07:00:47.520,0.99755,0.99775,2.50,0.10
2007.11.30 07:00:47.792,0.9976,0.99775,0.10,0.10
2007.11.30 07:00:48.092,0.99755,0.99775,2.50,0.10
2007.11.30 07:00:48.385,0.9976,0.99775,0.10,0.10
2007.11.30 07:00:48.679,0.99755,0.99775,2.50,0.10
2007.11.30 07:00:48.973,0.9976,0.99775,0.10,0.10
2007.11.30 07:00:49.211,0.9976,0.99775,0.10,0.10
2007.11.30 07:00:49.449,0.9976,0.99775,0.10,0.10
2007.11.30 07:00:49.687,0.9976,0.99775,0.10,0.10
2007.11.30 07:00:49.961,0.9976,0.99775,0.10,0.10
2007.11.30 07:00:50.235,0.99755,0.99775,2.50,0.10
2007.11.30 07:00:50.508,0.99755,0.99775,2.50,0.10
2007.11.30 07:00:50.781,0.9976,0.99775,0.10,0.10
2007.11.30 07:00:50.969,0.99755,0.99775,2.50,0.10
2007.11.30 07:00:51.161,0.9976,0.99775,0.10,0.10
2007.11.30 07:00:51.350,0.9976,0.99775,0.10,0.10
2007.11.30 07:00:51.538,0.9976,0.99775,0.10,0.10
2007.11.30 07:00:51.726,0.99755,0.99775,2.50,0.10
2007.11.30 07:00:51.979,0.99755,0.99775,2.50,0.10
2007.11.30 07:00:52.227,0.9976,0.99775,0.10,0.10
2007.11.30 07:00:52.475,0.99755,0.99775,2.50,0.10
2007.11.30 07:00:52.723,0.99755,0.99775,2.50,0.10
2007.11.30 07:00:52.969,0.9976,0.99775,0.10,0.10
2007.11.30 07:00:53.223,0.99755,0.99775,2.50,0.10
2007.11.30 07:00:53.468,0.99755,0.99775,2.50,0.10
2007.11.30 07:00:53.723,0.9976,0.99775,0.10,0.10
2007.11.30 07:00:53.989,0.99755,0.99775,2.50,0.10
2007.11.30 07:00:54.261,0.99755,0.99775,2.50,0.10
2007.11.30 07:00:54.534,0.99755,0.99775,2.50,0.10
2007.11.30 07:00:54.807,0.99755,0.99775,2.50,0.10
2007.11.30 07:00:55.004,0.9976,0.99775,0.10,0.10
2007.11.30 07:00:55.203,0.99755,0.99775,2.50,0.10
2007.11.30 07:00:55.401,0.9976,0.99775,0.10,0.10
2007.11.30 07:00:55.598,0.99755,0.99775,2.50,0.10
2007.11.30 07:00:55.797,0.99755,0.99775,2.50,0.10
2007.11.30 07:00:56.040,0.9976,0.99775,0.10,0.10
2007.11.30 07:00:56.282,0.99755,0.99775,2.50,0.10
2007.11.30 07:00:56.525,0.9976,0.99775,0.10,0.10
2007.11.30 07:00:56.767,0.99745,0.99775,8.30,0.10
2007.11.30 07:00:57.005,0.99745,0.99775,8.30,0.10
2007.11.30 07:00:57.249,0.99745,0.99775,8.30,0.10
2007.11.30 07:00:57.487,0.99745,0.99775,8.30,0.10
2007.11.30 07:00:57.725,0.99745,0.99775,8.30,0.10
2007.11.30 07:00:57.965,0.99745,0.99775,8.30,0.10
2007.11.30 07:00:58.252,0.99745,0.99775,8.30,0.10
2007.11.30 07:00:58.539,0.99745,0.99775,8.30,0.10
2007.11.30 07:00:58.834,0.99745,0.99775,8.30,0.10
2007.11.30 07:00:59.122,0.99745,0.99775,8.30,0.10
2007.11.30 07:00:59.409,0.9976,0.99775,0.10,0.10
2007.11.30 07:00:59.697,0.9976,0.99775,0.10,0.10
2007.11.30 07:00:59.984,0.99745,0.99775,8.30,0.10
2007.11.30 07:01:00.272,0.9976,0.99775,0.10,0.10
2007.11.30 07:01:00.530,0.9976,0.99775,0.10,0.10
2007.11.30 07:01:00.787,0.99755,0.99775,0.30,0.10
2007.11.30 07:01:01.046,0.9976,0.99775,0.10,0.10
2007.11.30 07:01:01.223,0.99755,0.99775,0.30,0.10
2007.11.30 07:01:01.397,0.9976,0.99775,0.10,0.10
2007.11.30 07:01:01.569,0.99755,0.99775,0.30,0.10
2007.11.30 07:01:01.743,0.9976,0.99775,0.10,0.10
2007.11.30 07:01:01.916,0.9976,0.99775,0.10,0.10
2007.11.30 07:01:02.088,0.9976,0.99775,0.10,0.10
2007.11.30 07:01:02.416,0.99755,0.99775,0.30,0.10
2007.11.30 07:01:02.743,0.99755,0.99775,0.30,0.10
2007.11.30 07:01:03.071,0.99755,0.99775,0.30,0.10
2007.11.30 07:01:03.248,0.99755,0.99775,0.30,0.10
2007.11.30 07:01:03.435,0.9976,0.99775,0.10,0.10
2007.11.30 07:01:03.606,0.99755,0.99775,0.30,0.10
2007.11.30 07:01:03.846,0.9976,0.99775,0.10,0.10
2007.11.30 07:01:04.023,0.99755,0.99775,0.30,0.10
2007.11.30 07:01:04.202,0.99755,0.99775,0.30,0.10
2007.11.30 07:01:04.534,0.99755,0.99775,0.30,0.10
2007.11.30 07:01:04.866,0.99755,0.99775,0.30,0.10
2007.11.30 07:01:05.200,0.99755,0.99775,0.30,0.10
2007.11.30 07:01:05.532,0.99755,0.99775,0.30,0.10
2007.11.30 07:01:05.725,0.99755,0.99775,0.30,0.10
2007.11.30 07:01:05.918,0.9976,0.99775,0.10,0.10
2007.11.30 07:01:06.110,0.99755,0.99775,0.30,0.10
2007.11.30 07:01:06.303,0.99755,0.99775,0.30,0.10
2007.11.30 07:01:06.635,0.99755,0.99775,0.30,0.10
2007.11.30 07:01:06.967,0.9976,0.99775,0.10,0.10
2007.11.30 07:01:07.301,0.9976,0.99775,0.10,0.10
2007.11.30 07:01:07.634,0.9976,0.99775,0.10,0.10
2007.11.30 07:01:07.811,0.9976,0.99775,0.10,0.10
2007.11.30 07:01:07.990,0.9976,0.99775,0.10,0.10
2007.11.30 07:01:08.167,0.9976,0.99775,0.10,0.10
2007.11.30 07:01:08.346,0.9976,0.99775,0.10,0.10
2007.11.30 07:01:08.523,0.9976,0.99775,0.10,0.10
2007.11.30 07:01:08.855,0.9976,0.99775,0.10,0.10
2007.11.30 07:01:09.187,0.9976,0.99775,0.10,0.10
2007.11.30 07:01:09.520,0.9976,0.99775,0.10,0.10
2007.11.30 07:01:09.742,0.9976,0.99775,0.10,0.10
2007.11.30 07:01:10.023,0.9976,0.99775,0.10,0.10
2007.11.30 07:01:10.245,0.9976,0.99775,0.10,0.10
2007.11.30 07:01:10.468,0.9976,0.99775,0.10,0.10
2007.11.30 07:01:10.707,0.9976,0.99775,0.10,0.10
2007.11.30 07:01:10.945,0.9976,0.99775,0.10,0.10
2007.11.30 07:01:11.185,0.9976,0.99775,0.10,0.10
2007.11.30 07:01:11.436,0.9976,0.99775,0.10,0.10
2007.11.30 07:01:11.666,0.9976,0.99775,0.10,0.10
2007.11.30 07:01:11.998,0.9976,0.99775,0.10,0.10
2007.11.30 07:01:12.331,0.9976,0.99775,0.10,0.10
2007.11.30 07:01:12.665,0.9976,0.99775,0.10,0.10
2007.11.30 07:01:12.875,0.9976,0.99775,0.10,0.10
2007.11.30 07:01:13.083,0.9976,0.99775,0.10,0.10
2007.11.30 07:01:13.291,0.9976,0.99775,0.10,0.10
2007.11.30 07:01:13.499,0.9976,0.99775,0.10,0.10
2007.11.30 07:01:13.706,0.9976,0.99775,0.10,0.10
2007.11.30 07:01:14.034,0.9976,0.99775,0.10,0.10
2007.11.30 07:01:14.363,0.9976,0.99775,0.10,0.10
2007.11.30 07:01:14.697,0.9976,0.99775,0.10,0.10
2007.11.30 07:01:14.869,0.9976,0.99775,0.10,0.10
2007.11.30 07:01:15.047,0.9976,0.99775,0.10,0.10
2007.11.30 07:01:15.226,0.9976,0.99775,0.10,0.10
2007.11.30 07:01:15.403,0.9976,0.99775,0.10,0.10
2007.11.30 07:01:15.588,0.9976,0.99775,0.10,0.10
2007.11.30 07:01:15.834,0.9976,0.99775,0.10,0.10
2007.11.30 07:01:16.188,0.9976,0.99775,0.10,0.10
2007.11.30 07:01:16.442,0.9976,0.99775,0.10,0.10
2007.11.30 07:01:16.694,0.9976,0.99775,0.10,0.10
2007.11.30 07:01:16.917,0.9976,0.99775,0.10,0.10
2007.11.30 07:01:17.140,0.9976,0.99775,0.10,0.10
2007.11.30 07:01:17.362,0.9976,0.99775,0.10,0.10
2007.11.30 07:01:17.591,0.9976,0.99775,0.10,0.10
2007.11.30 07:01:17.807,0.9976,0.99775,0.10,0.10
2007.11.30 07:01:18.040,0.9976,0.99775,0.10,0.10
2007.11.30 07:01:18.272,0.9976,0.99775,0.10,0.10
2007.11.30 07:01:18.505,0.9976,0.99775,0.10,0.10
2007.11.30 07:01:18.749,0.9976,0.99775,0.10,0.10
2007.11.30 07:01:18.981,0.9976,0.99775,0.10,0.10
2007.11.30 07:01:19.200,0.9976,0.99775,0.10,0.10
2007.11.30 07:01:19.418,0.9976,0.99775,0.10,0.10
2007.11.30 07:01:19.638,0.9976,0.99775,0.10,0.10
2007.11.30 07:01:19.856,0.9976,0.99775,0.10,0.10
2007.11.30 07:01:20.074,0.9976,0.99775,0.10,0.10
2007.11.30 07:01:20.382,0.9976,0.99775,0.10,0.10
2007.11.30 07:01:20.696,0.9976,0.99775,0.10,0.10
2007.11.30 07:01:20.998,0.9976,0.99775,0.10,0.10
2007.11.30 07:01:21.228,0.9976,0.99775,0.10,0.10
2007.11.30 07:01:21.444,0.9976,0.99775,0.10,0.10
2007.11.30 07:01:21.666,0.9976,0.99775,0.10,0.10
2007.11.30 07:01:21.889,0.9976,0.99775,0.10,0.10
2007.11.30 07:01:22.111,0.9976,0.99775,0.10,0.10
2007.11.30 07:01:22.369,0.9976,0.99775,0.10,0.10
2007.11.30 07:01:22.626,0.9976,0.99775,0.10,0.10
2007.11.30 07:01:22.883,0.9976,0.99775,0.10,0.10
2007.11.30 07:01:23.140,0.9976,0.99775,0.10,0.10
2007.11.30 07:01:23.368,0.9976,0.99775,0.10,0.10
2007.11.30 07:01:23.596,0.9976,0.99775,0.10,0.10
2007.11.30 07:01:23.823,0.9976,0.99775,0.10,0.10
2007.11.30 07:01:24.059,0.9976,0.99775,0.10,0.10
2007.11.30 07:01:24.287,0.9976,0.99775,0.10,0.10
2007.11.30 07:01:24.579,0.9976,0.99775,0.10,0.10
2007.11.30 07:01:24.871,0.9976,0.99775,0.10,0.10
2007.11.30 07:01:25.163,0.9976,0.99775,0.10,0.10
2007.11.30 07:01:25.375,0.9976,0.99775,0.10,0.10
2007.11.30 07:01:25.588,0.9976,0.99775,0.10,0.10
2007.11.30 07:01:25.801,0.9976,0.99775,0.10,0.10
2007.11.30 07:01:26.013,0.9976,0.99775,0.10,0.10
2007.11.30 07:01:26.225,0.9976,0.99775,0.10,0.10
2007.11.30 07:01:26.538,0.9976,0.99775,0.10,0.10
2007.11.30 07:01:26.851,0.9976,0.99775,0.10,0.10
2007.11.30 07:01:27.165,0.9976,0.99775,0.10,0.10
2007.11.30 07:01:27.477,0.9976,0.99775,0.10,0.10
2007.11.30 07:01:27.619,0.9976,0.99775,0.10,0.10
2007.11.30 07:01:27.762,0.9976,0.99775,0.10,0.10
2007.11.30 07:01:27.905,0.9976,0.99775,0.10,0.10
2007.11.30 07:01:28.048,0.9976,0.99775,0.10,0.10
2007.11.30 07:01:28.191,0.9976,0.99775,0.10,0.10
2007.11.30 07:01:28.526,0.9976,0.99775,0.10,0.10
2007.11.30 07:01:28.832,0.9976,0.99775,0.10,0.10
2007.11.30 07:01:29.133,0.9976,0.99775,0.10,0.10
2007.11.30 07:01:29.446,0.9976,0.99775,0.10,0.10
2007.11.30 07:01:29.682,0.9976,0.99775,0.10,0.10
2007.11.30 07:01:29.921,0.9976,0.99775,0.10,0.10
2007.11.30 07:01:30.161,0.9976,0.99775,0.10,0.10
2007.11.30 07:01:30.404,0.9976,0.99775,0.10,0.10
2007.11.30 07:01:30.636,0.9976,0.99775,0.10,0.10
2007.11.30 07:01:30.874,0.9976,0.99775,0.10,0.10
2007.11.30 07:01:31.111,0.9976,0.99775,0.10,0.10
2007.11.30 07:01:31.348,0.9976,0.99775,0.10,0.10
2007.11.30 07:01:31.596,0.9976,0.99775,0.10,0.10
2007.11.30 07:01:31.850,0.9976,0.99775,0.10,0.10
2007.11.30 07:01:32.096,0.9976,0.99775,0.10,0.10
2007.11.30 07:01:32.345,0.9976,0.99775,0.10,0.10
2007.11.30 07:01:32.608,0.9976,0.99775,0.10,0.10
2007.11.30 07:01:32.871,0.9976,0.99775,0.10,0.10
2007.11.30 07:01:33.140,0.9976,0.99775,0.10,0.10
2007.11.30 07:01:33.396,0.9976,0.99775,0.10,0.10
2007.11.30 07:01:33.644,0.9976,0.99775,0.10,0.10
2007.11.30 07:01:33.891,0.9976,0.99775,0.10,0.10
2007.11.30 07:01:34.140,0.9976,0.99775,0.10,0.10
2007.11.30 07:01:34.387,0.9976,0.99775,0.10,0.10
2007.11.30 07:01:34.714,0.9976,0.99775,0.10,0.10
2007.11.30 07:01:35.001,0.9976,0.99775,0.10,0.10
2007.11.30 07:01:35.284,0.9976,0.99775,0.10,0.10
2007.11.30 07:01:35.567,0.9976,0.99775,0.10,0.10
2007.11.30 07:01:35.806,0.9976,0.99775,0.10,0.10
2007.11.30 07:01:36.043,0.9976,0.99775,0.10,0.10
2007.11.30 07:01:36.281,0.9976,0.99775,0.10,0.10
2007.11.30 07:01:36.517,0.9976,0.99775,0.10,0.10
2007.11.30 07:01:36.730,0.9976,0.99775,0.10,0.10
2007.11.30 07:01:36.944,0.9976,0.99775,0.10,0.10
2007.11.30 07:01:37.155,0.9976,0.99775,0.10,0.10
2007.11.30 07:01:37.379,0.9976,0.99775,0.10,0.10
2007.11.30 07:01:37.590,0.9976,0.99775,0.10,0.10
2007.11.30 07:01:37.883,0.9976,0.99775,0.10,0.10
2007.11.30 07:01:38.176,0.9976,0.99775,0.10,0.10
2007.11.30 07:01:38.468,0.9976,0.99775,0.10,0.10
2007.11.30 07:01:38.761,0.9976,0.99775,0.10,0.10
2007.11.30 07:01:38.939,0.9976,0.99775,0.10,0.10
2007.11.30 07:01:39.117,0.9976,0.99775,0.10,0.10
2007.11.30 07:01:39.295,0.9976,0.99775,0.10,0.10
2007.11.30 07:01:39.473,0.9976,0.99775,0.10,0.10
2007.11.30 07:01:39.651,0.9976,0.99775,0.10,0.10
2007.11.30 07:01:39.829,0.9976,0.99775,0.10,0.10
2007.11.30 07:01:40.162,0.9976,0.99775,0.10,0.10
2007.11.30 07:01:40.495,0.9976,0.99775,0.10,0.10
2007.11.30 07:01:40.911,0.9976,0.99775,0.10,0.10
2007.11.30 07:01:41.103,0.9976,0.99775,0.10,0.10
2007.11.30 07:01:41.296,0.9976,0.99775,0.10,0.10
2007.11.30 07:01:41.490,0.9976,0.99775,0.10,0.10
2007.11.30 07:01:41.683,0.9976,0.99775,0.10,0.10
2007.11.30 07:01:41.876,0.9976,0.99775,0.10,0.10
2007.11.30 07:01:42.069,0.9976,0.99775,0.10,0.10
2007.11.30 07:01:42.401,0.9976,0.99775,0.10,0.10
2007.11.30 07:01:42.734,0.9976,0.99775,0.10,0.10
2007.11.30 07:01:43.067,0.9976,0.99775,0.10,0.10
2007.11.30 07:01:43.300,0.9976,0.99775,0.10,0.10
2007.11.30 07:01:43.533,0.9976,0.99775,0.10,0.10
2007.11.30 07:01:43.766,0.9976,0.99775,0.10,0.10
2007.11.30 07:01:43.904,0.9976,0.9978,0.10,0.60
2007.11.30 07:01:43.999,0.9976,0.99775,0.10,0.10
2007.11.30 07:01:44.291,0.9976,0.9978,0.10,0.60
2007.11.30 07:01:44.584,0.9976,0.99775,0.10,0.10
2007.11.30 07:01:44.877,0.9976,0.99775,0.10,0.10
2007.11.30 07:01:45.170,0.9976,0.99775,0.10,0.10
2007.11.30 07:01:45.400,0.9976,0.99775,0.10,0.10
2007.11.30 07:01:45.628,0.9976,0.99775,0.10,0.10
2007.11.30 07:01:45.855,0.9976,0.99775,0.10,0.10
2007.11.30 07:01:46.083,0.9976,0.99775,0.10,0.10
2007.11.30 07:01:46.316,0.9976,0.99775,0.10,0.10
2007.11.30 07:01:46.555,0.9976,0.99775,0.10,0.10
2007.11.30 07:01:46.781,0.9976,0.99775,0.10,0.10
2007.11.30 07:01:47.094,0.9976,0.99775,0.10,0.10
2007.11.30 07:01:47.296,0.9976,0.99775,0.10,0.10
2007.11.30 07:01:47.499,0.9976,0.99775,0.10,0.10
2007.11.30 07:01:47.702,0.9976,0.99775,0.10,0.10
2007.11.30 07:01:47.904,0.9976,0.99775,0.10,0.10
2007.11.30 07:01:48.107,0.9976,0.99775,0.10,0.10
2007.11.30 07:01:48.394,0.9976,0.99775,0.10,0.10
2007.11.30 07:01:48.682,0.9976,0.99775,0.10,0.10
2007.11.30 07:01:48.970,0.9976,0.99775,0.10,0.10
2007.11.30 07:01:49.258,0.9976,0.99775,0.10,0.10
2007.11.30 07:01:49.441,0.9976,0.99775,0.10,0.10
2007.11.30 07:01:49.623,0.9976,0.99775,0.10,0.10
2007.11.30 07:01:49.805,0.9976,0.99775,0.10,0.10
2007.11.30 07:01:49.988,0.9976,0.99775,0.10,0.10
2007.11.30 07:01:50.170,0.9976,0.99775,0.10,0.10
2007.11.30 07:01:50.352,0.9976,0.99775,0.10,0.10
2007.11.30 07:01:50.640,0.9976,0.99775,0.10,0.10
2007.11.30 07:01:50.927,0.9976,0.99775,0.10,0.10
2007.11.30 07:01:51.217,0.9976,0.99775,0.10,0.10
2007.11.30 07:01:51.440,0.9976,0.99775,0.10,0.10
2007.11.30 07:01:51.663,0.9976,0.99775,0.10,0.10
2007.11.30 07:01:51.892,0.9976,0.99775,0.10,0.10
2007.11.30 07:01:52.113,0.9976,0.99775,0.10,0.10
2007.11.30 07:01:52.336,0.9976,0.99775,0.10,0.10
2007.11.30 07:01:52.549,0.9976,0.99775,0.10,0.10
2007.11.30 07:01:52.762,0.9976,0.99775,0.10,0.10
2007.11.30 07:01:52.974,0.9976,0.99775,0.10,0.10
2007.11.30 07:01:53.280,0.9976,0.99775,0.10,0.10
2007.11.30 07:01:53.518,0.9976,0.99775,0.10,0.10
2007.11.30 07:01:53.756,0.9976,0.99775,0.10,0.10
2007.11.30 07:01:53.997,0.9976,0.99775,0.10,0.10
2007.11.30 07:01:54.235,0.9976,0.99775,0.10,0.10
2007.11.30 07:01:54.473,0.9976,0.99775,0.10,0.10
2007.11.30 07:01:54.790,0.9976,0.99775,0.10,0.10
2007.11.30 07:01:55.109,0.9976,0.99775,0.10,0.10
2007.11.30 07:01:55.428,0.9976,0.99775,0.10,0.10
2007.11.30 07:01:55.639,0.9976,0.99775,0.10,0.10
2007.11.30 07:01:55.852,0.9976,0.99775,0.10,0.10
2007.11.30 07:01:56.065,0.9976,0.99775,0.10,0.10
2007.11.30 07:01:56.277,0.9976,0.99775,0.10,0.10
2007.11.30 07:01:56.490,0.9976,0.99775,0.10,0.10
2007.11.30 07:01:56.788,0.9976,0.99775,0.10,0.10
2007.11.30 07:01:57.086,0.9976,0.99775,0.10,0.10
2007.11.30 07:01:57.384,0.9975,0.9977,10.60,0.10
2007.11.30 07:01:57.682,0.9975,0.9977,10.60,0.10
2007.11.30 07:01:57.946,0.9975,0.9977,10.60,0.10
2007.11.30 07:01:58.209,0.9975,0.9977,10.60,0.10
2007.11.30 07:01:58.472,0.9975,0.9977,10.60,0.10
2007.11.30 07:01:58.734,0.9975,0.9977,10.60,0.10
2007.11.30 07:01:58.932,0.9975,0.9977,10.60,0.10
2007.11.30 07:01:59.129,0.9975,0.9977,10.60,0.10
2007.11.30 07:01:59.469,0.9975,0.9977,10.60,0.10
2007.11.30 07:01:59.668,0.9975,0.9977,10.60,0.10
2007.11.30 07:01:59.932,0.9975,0.9977,10.60,0.10
2007.11.30 07:02:00.195,0.9975,0.9977,10.60,0.10
2007.11.30 07:02:00.457,0.9975,0.9977,10.60,0.10
2007.11.30 07:02:00.720,0.9975,0.9977,10.60,0.10
2007.11.30 07:02:00.952,0.9975,0.9977,10.60,0.10
2007.11.30 07:02:01.185,0.9975,0.9977,10.60,0.10
2007.11.30 07:02:01.423,0.9975,0.9977,10.60,0.10
2007.11.30 07:02:01.658,0.9975,0.9977,10.60,0.10
2007.11.30 07:02:01.890,0.9975,0.9977,10.60,0.10
2007.11.30 07:02:02.118,0.99745,0.9977,14.60,0.10
2007.11.30 07:02:02.347,0.9975,0.9977,1.00,0.10
2007.11.30 07:02:02.574,0.99745,0.9977,14.60,0.10
2007.11.30 07:02:02.802,0.99745,0.9977,14.60,0.10
2007.11.30 07:02:03.036,0.99745,0.9977,14.60,0.10
2007.11.30 07:02:03.269,0.99745,0.9977,14.60,0.10
2007.11.30 07:02:03.501,0.9975,0.9977,3.10,0.10
2007.11.30 07:02:03.733,0.99745,0.9977,14.60,0.10
2007.11.30 07:02:03.967,0.99745,0.9977,14.60,0.10
2007.11.30 07:02:04.194,0.9975,0.9977,0.60,0.10
2007.11.30 07:02:04.422,0.99745,0.9977,14.60,0.10
2007.11.30 07:02:04.650,0.99745,0.9977,14.60,0.10
2007.11.30 07:02:04.878,0.99745,0.9977,14.60,0.10
2007.11.30 07:02:05.106,0.9975,0.9977,3.50,0.10
2007.11.30 07:02:05.424,0.9975,0.9977,4.30,0.10
2007.11.30 07:02:05.741,0.99745,0.9977,14.60,0.10
2007.11.30 07:02:06.059,0.99745,0.9977,14.60,0.10
2007.11.30 07:02:06.222,0.9975,0.9977,3.90,0.10
2007.11.30 07:02:06.384,0.99745,0.9977,14.60,0.10
2007.11.30 07:02:06.547,0.99745,0.9977,14.60,0.10
2007.11.30 07:02:06.709,0.99745,0.9977,14.60,0.10
2007.11.30 07:02:06.872,0.99745,0.9977,14.60,0.10
2007.11.30 07:02:07.036,0.99745,0.9977,14.60,0.10
2007.11.30 07:02:07.353,0.9975,0.9977,0.50,0.10
2007.11.30 07:02:07.671,0.9975,0.9977,2.00,0.10
2007.11.30 07:02:07.990,0.9975,0.9977,2.20,0.10
2007.11.30 07:02:08.307,0.99745,0.9977,14.60,0.10
2007.11.30 07:02:08.471,0.99745,0.9977,14.60,0.10
2007.11.30 07:02:08.633,0.99745,0.9977,14.60,0.10
2007.11.30 07:02:08.796,0.99745,0.9977,14.60,0.10
2007.11.30 07:02:08.959,0.99745,0.9977,14.60,0.10
2007.11.30 07:02:09.121,0.99745,0.9977,14.60,0.10
2007.11.30 07:02:09.379,0.99745,0.9977,14.60,0.10
2007.11.30 07:02:09.636,0.9975,0.9977,3.60,0.10
2007.11.30 07:02:09.893,0.99745,0.9977,14.60,0.10
2007.11.30 07:02:10.152,0.9975,0.9977,0.50,0.10
2007.11.30 07:02:10.381,0.9975,0.9977,3.00,0.10
2007.11.30 07:02:10.609,0.99745,0.9977,14.60,0.10
2007.11.30 07:02:10.837,0.9975,0.9977,5.60,0.10
2007.11.30 07:02:11.064,0.99745,0.9977,14.60,0.10
2007.11.30 07:02:11.291,0.99745,0.9977,14.60,0.10
2007.11.30 07:02:11.569,0.9975,0.9977,4.70,0.10
2007.11.30 07:02:11.847,0.99745,0.9977,14.60,0.10
2007.11.30 07:02:12.124,0.9975,0.9977,2.00,0.10
2007.11.30 07:02:12.402,0.9975,0.9977,5.70,0.10
2007.11.30 07:02:12.604,0.99745,0.9977,14.60,0.10
2007.11.30 07:02:12.807,0.99745,0.9977,14.60,0.10
2007.11.30 07:02:13.010,0.99745,0.9977,14.60,0.10
2007.11.30 07:02:13.212,0.99745,0.9977,14.60,0.10
2007.11.30 07:02:13.415,0.99745,0.9977,14.60,0.10
2007.11.30 07:02:13.723,0.99745,0.9977,14.60,0.10
2007.11.30 07:02:14.031,0.99745,0.9977,14.60,0.10
2007.11.30 07:02:14.339,0.9975,0.9977,3.90,0.10
2007.11.30 07:02:14.647,0.99745,0.9977,14.60,0.10
2007.11.30 07:02:14.875,0.9975,0.9977,0.70,0.10
2007.11.30 07:02:15.102,0.99745,0.9977,14.60,0.10
2007.11.30 07:02:15.330,0.99745,0.9977,14.60,0.10
2007.11.30 07:02:15.558,0.99745,0.9977,14.60,0.10
2007.11.30 07:02:15.816,0.9975,0.9977,2.70,0.10
2007.11.30 07:02:16.079,0.99745,0.9977,14.60,0.10
2007.11.30 07:02:16.336,0.99745,0.9977,12.20,0.10
2007.11.30 07:02:16.593,0.9975,0.9977,4.00,0.10
2007.11.30 07:02:16.776,0.9975,0.9977,0.60,0.10
2007.11.30 07:02:16.958,0.99745,0.9977,12.20,0.10
2007.11.30 07:02:17.140,0.99745,0.9977,12.20,0.10
2007.11.30 07:02:17.323,0.9975,0.9977,0.50,0.10
2007.11.30 07:02:17.504,0.99745,0.9977,12.20,0.10
2007.11.30 07:02:17.944,0.9975,0.9977,0.90,0.10
2007.11.30 07:02:18.252,0.9975,0.9977,1.70,0.10
2007.11.30 07:02:18.562,0.9975,0.9977,5.00,0.10
2007.11.30 07:02:18.868,0.9975,0.9977,5.30,0.10
2007.11.30 07:02:19.056,0.99745,0.9977,14.60,0.10
2007.11.30 07:02:19.243,0.99745,0.9977,14.60,0.10
2007.11.30 07:02:19.431,0.99745,0.9977,14.60,0.10
2007.11.30 07:02:19.619,0.99745,0.9977,14.60,0.10
2007.11.30 07:02:19.911,0.9975,0.9977,1.20,0.10
2007.11.30 07:02:20.205,0.9975,0.9977,1.30,0.10
2007.11.30 07:02:20.498,0.9975,0.9977,2.50,0.10
2007.11.30 07:02:20.790,0.9975,0.9977,3.80,0.10
2007.11.30 07:02:21.003,0.99745,0.9977,14.60,0.10
2007.11.30 07:02:21.216,0.9975,0.9977,4.30,0.10
2007.11.30 07:02:21.428,0.99745,0.9977,14.60,0.10
2007.11.30 07:02:21.641,0.9975,0.9977,0.90,0.10
2007.11.30 07:02:21.853,0.99745,0.9977,14.60,0.10
2007.11.30 07:02:22.056,0.99745,0.9977,14.60,0.10
2007.11.30 07:02:22.259,0.99745,0.9977,14.60,0.10
2007.11.30 07:02:22.461,0.99745,0.9977,14.60,0.10
2007.11.30 07:02:22.664,0.9975,0.9977,4.00,0.10
2007.11.30 07:02:22.902,0.99745,0.9977,14.60,0.10
2007.11.30 07:02:23.140,0.9975,0.9977,3.80,0.10
2007.11.30 07:02:23.377,0.9975,0.9977,3.40,0.10
2007.11.30 07:02:23.615,0.99745,0.9977,14.60,0.10
2007.11.30 07:02:23.853,0.9975,0.9977,5.70,0.10
2007.11.30 07:02:24.115,0.99745,0.9977,14.60,0.10
2007.11.30 07:02:24.371,0.9975,0.9977,1.20,0.10
2007.11.30 07:02:24.629,0.9975,0.9977,1.00,0.10
2007.11.30 07:02:24.887,0.99745,0.9977,14.60,0.10
2007.11.30 07:02:25.141,0.9975,0.9977,4.60,0.10
2007.11.30 07:02:25.393,0.9975,0.9977,5.70,0.10
2007.11.30 07:02:25.648,0.99745,0.9977,14.60,0.10
2007.11.30 07:02:25.907,0.99745,0.9977,14.60,0.10
2007.11.30 07:02:26.140,0.9975,0.9977,1.10,0.10
2007.11.30 07:02:26.378,0.99745,0.9977,14.60,0.10
2007.11.30 07:02:26.616,0.99745,0.9977,14.60,0.10
2007.11.30 07:02:26.854,0.9975,0.9977,4.20,0.10
2007.11.30 07:02:27.121,0.99745,0.9977,14.60,0.10
2007.11.30 07:02:27.388,0.9975,0.9977,5.60,0.10
2007.11.30 07:02:27.655,0.99745,0.9977,14.60,0.10
2007.11.30 07:02:27.924,0.99745,0.9977,14.60,0.10
2007.11.30 07:02:28.198,0.9975,0.9977,5.50,0.10
2007.11.30 07:02:28.471,0.9975,0.9977,4.30,0.10
2007.11.30 07:02:28.744,0.9975,0.9977,5.00,0.10
2007.11.30 07:02:29.017,0.9975,0.9977,4.40,0.10
2007.11.30 07:02:29.290,0.9975,0.9977,10.60,0.10
2007.11.30 07:02:29.563,0.9975,0.9977,10.60,0.10
2007.11.30 07:02:29.836,0.9975,0.9977,10.60,0.10
2007.11.30 07:02:30.108,0.9975,0.9977,10.60,0.10
2007.11.30 07:02:30.336,0.9975,0.9977,10.60,0.10
2007.11.30 07:02:30.563,0.9975,0.9977,10.60,0.10
2007.11.30 07:02:30.790,0.9975,0.9977,10.60,0.10
2007.11.30 07:02:31.017,0.9975,0.9977,10.60,0.10
2007.11.30 07:02:31.235,0.9975,0.9977,10.60,0.10
2007.11.30 07:02:31.452,0.9975,0.9977,10.60,0.10
2007.11.30 07:02:31.669,0.9975,0.9977,10.60,0.10
2007.11.30 07:02:31.886,0.9975,0.9977,10.60,0.10
2007.11.30 07:02:32.104,0.9975,0.9977,10.60,0.10
2007.11.30 07:02:32.332,0.9975,0.9977,10.60,0.10
2007.11.30 07:02:32.560,0.9975,0.9977,10.60,0.10
2007.11.30 07:02:32.788,0.9975,0.9977,10.60,0.10
2007.11.30 07:02:33.015,0.9975,0.9977,10.60,0.10
2007.11.30 07:02:33.242,0.9975,0.9977,10.60,0.10
2007.11.30 07:02:33.495,0.9975,0.9977,10.60,0.10
2007.11.30 07:02:33.748,0.9975,0.9977,10.60,0.10
2007.11.30 07:02:34.001,0.9975,0.9977,10.60,0.10
2007.11.30 07:02:34.253,0.9975,0.9977,10.60,0.10
2007.11.30 07:02:34.521,0.9975,0.9977,10.60,0.10
2007.11.30 07:02:34.788,0.9975,0.9977,10.60,0.10
2007.11.30 07:02:35.056,0.9975,0.9977,10.60,0.10
2007.11.30 07:02:35.324,0.9975,0.9977,10.60,0.10
2007.11.30 07:02:35.596,0.9975,0.9977,10.60,0.10
2007.11.30 07:02:35.869,0.9975,0.9977,10.60,0.10
2007.11.30 07:02:36.141,0.9975,0.9977,10.60,0.10
2007.11.30 07:02:36.442,0.9975,0.9977,10.60,0.10
2007.11.30 07:02:36.614,0.9975,0.9977,10.60,0.10
2007.11.30 07:02:36.788,0.9975,0.9977,10.60,0.10
2007.11.30 07:02:36.960,0.9975,0.9977,10.60,0.10
2007.11.30 07:02:37.133,0.9975,0.9977,10.60,0.10
2007.11.30 07:02:37.391,0.9975,0.9977,10.60,0.10
2007.11.30 07:02:37.649,0.9975,0.9977,10.60,0.10
2007.11.30 07:02:37.906,0.9975,0.9977,10.60,0.10
2007.11.30 07:02:38.164,0.9975,0.9977,10.60,0.10
2007.11.30 07:02:38.432,0.9975,0.9977,10.60,0.10
2007.11.30 07:02:38.699,0.9975,0.9977,10.60,0.10
2007.11.30 07:02:38.966,0.9975,0.9977,10.60,0.10
2007.11.30 07:02:39.233,0.9975,0.9977,10.60,0.10
2007.11.30 07:02:39.421,0.9975,0.9977,10.60,0.10
2007.11.30 07:02:39.609,0.9975,0.9977,10.60,0.10
2007.11.30 07:02:39.796,0.9975,0.9977,10.60,0.10
2007.11.30 07:02:39.984,0.9975,0.9977,10.60,0.10
2007.11.30 07:02:40.171,0.9975,0.9977,10.60,0.10
2007.11.30 07:02:40.359,0.9975,0.9977,10.60,0.10
2007.11.30 07:02:40.657,0.9975,0.9977,10.60,0.10
2007.11.30 07:02:40.955,0.9975,0.9977,10.60,0.10
2007.11.30 07:02:41.253,0.9975,0.9977,10.60,0.10
2007.11.30 07:02:41.445,0.9975,0.9977,10.60,0.10
2007.11.30 07:02:41.638,0.9975,0.9977,10.60,0.10
2007.11.30 07:02:41.831,0.9975,0.9977,10.60,0.10
2007.11.30 07:02:42.023,0.9975,0.9977,10.60,0.10
2007.11.30 07:02:42.216,0.9975,0.9977,10.60,0.10
2007.11.30 07:02:42.408,0.9975,0.9977,10.60,0.10
2007.11.30 07:02:42.691,0.9975,0.9977,10.60,0.10
2007.11.30 07:02:42.974,0.9975,0.9977,10.60,0.10
2007.11.30 07:02:43.255,0.9975,0.9977,10.60,0.10
2007.11.30 07:02:43.467,0.9975,0.9977,10.60,0.10
2007.11.30 07:02:43.680,0.9975,0.9977,10.60,0.10
2007.11.30 07:02:43.899,0.9975,0.9977,10.60,0.10
2007.11.30 07:02:44.112,0.9975,0.9977,10.60,0.10
2007.11.30 07:02:44.325,0.9975,0.9977,10.60,0.10
2007.11.30 07:02:44.624,0.9975,0.9977,10.60,0.10
2007.11.30 07:02:44.921,0.9975,0.9977,10.60,0.10
2007.11.30 07:02:45.219,0.9975,0.9977,10.60,0.10
2007.11.30 07:02:45.517,0.9975,0.9977,14.60,0.10
2007.11.30 07:02:45.612,0.9975,0.9978,14.60,0.50
2007.11.30 07:02:45.770,0.9975,0.9978,14.60,0.50
2007.11.30 07:02:46.022,0.9975,0.9977,14.60,0.10
2007.11.30 07:02:46.275,0.9975,0.9978,12.20,0.50
2007.11.30 07:02:46.529,0.9975,0.9977,12.20,0.10
2007.11.30 07:02:46.771,0.9975,0.9977,12.20,0.10
2007.11.30 07:02:47.020,0.9975,0.9977,12.20,0.10
2007.11.30 07:02:47.264,0.9975,0.9977,12.20,0.10
2007.11.30 07:02:47.506,0.9975,0.9977,12.20,0.10
2007.11.30 07:02:47.769,0.9975,0.9977,12.20,0.10
2007.11.30 07:02:48.031,0.9975,0.9977,14.60,0.10
2007.11.30 07:02:48.295,0.9975,0.9977,14.60,0.10
2007.11.30 07:02:48.558,0.9975,0.9977,14.60,0.10
2007.11.30 07:02:48.783,0.9975,0.9977,14.60,0.10
2007.11.30 07:02:49.000,0.9975,0.9977,14.60,0.10
2007.11.30 07:02:49.217,0.9975,0.9977,14.60,0.10
2007.11.30 07:02:49.435,0.9975,0.9977,14.60,0.10
2007.11.30 07:02:49.712,0.9975,0.9977,14.60,0.10
2007.11.30 07:02:49.989,0.9975,0.9977,14.60,0.10
2007.11.30 07:02:50.266,0.9975,0.9977,14.60,0.10
2007.11.30 07:02:50.544,0.9975,0.9977,14.60,0.10
2007.11.30 07:02:50.746,0.9975,0.9977,14.60,0.10
2007.11.30 07:02:50.949,0.9975,0.9977,14.60,0.10
2007.11.30 07:02:51.152,0.9975,0.9977,14.60,0.10
2007.11.30 07:02:51.355,0.9975,0.9977,14.60,0.10
2007.11.30 07:02:51.557,0.9975,0.9977,14.60,0.10
2007.11.30 07:02:51.760,0.9975,0.9977,14.60,0.10
2007.11.30 07:02:52.022,0.9975,0.9977,14.60,0.10
2007.11.30 07:02:52.285,0.9976,0.9977,2.40,0.10
2007.11.30 07:02:52.548,0.9976,0.9977,2.40,0.10
2007.11.30 07:02:52.811,0.9976,0.9977,2.40,0.10
2007.11.30 07:02:53.033,0.9976,0.9977,2.40,0.10
2007.11.30 07:02:53.256,0.9976,0.9977,2.40,0.10
2007.11.30 07:02:53.479,0.9976,0.9977,2.40,0.10
2007.11.30 07:02:53.702,0.9976,0.9977,2.40,0.10
2007.11.30 07:02:54.009,0.9976,0.9977,2.40,0.10
2007.11.30 07:02:54.318,0.9976,0.9977,2.40,0.10
2007.11.30 07:02:54.626,0.9976,0.9977,2.40,0.10
2007.11.30 07:02:54.935,0.9976,0.9977,2.40,0.10
2007.11.30 07:02:55.141,0.9976,0.9977,2.40,0.10
2007.11.30 07:02:55.357,0.9976,0.9977,2.40,0.10
2007.11.30 07:02:55.557,0.9976,0.9977,2.40,0.10
2007.11.30 07:02:55.765,0.9976,0.9977,2.40,0.10
2007.11.30 07:02:56.003,0.9976,0.9977,2.40,0.10
2007.11.30 07:02:56.241,0.9976,0.9977,2.40,0.10
2007.11.30 07:02:56.479,0.9976,0.9977,2.40,0.10
2007.11.30 07:02:56.717,0.9976,0.9977,2.40,0.10
2007.11.30 07:02:56.954,0.9976,0.9977,2.40,0.10
2007.11.30 07:02:57.172,0.9976,0.9977,2.40,0.10
2007.11.30 07:02:57.390,0.9976,0.9977,2.40,0.10
2007.11.30 07:02:57.608,0.9976,0.9977,2.40,0.10
2007.11.30 07:02:57.825,0.9976,0.9977,2.40,0.10
2007.11.30 07:02:58.043,0.9976,0.9977,2.40,0.10
2007.11.30 07:02:58.260,0.9976,0.9977,2.40,0.10
2007.11.30 07:02:58.473,0.9976,0.9977,2.40,0.10
2007.11.30 07:02:58.686,0.9976,0.9977,2.40,0.10
2007.11.30 07:02:58.898,0.9976,0.9977,2.40,0.10
2007.11.30 07:02:59.112,0.9976,0.9977,2.40,0.10
2007.11.30 07:02:59.325,0.9976,0.9977,2.40,0.10
2007.11.30 07:02:59.577,0.9976,0.9977,2.40,0.10
2007.11.30 07:02:59.830,0.9976,0.9977,2.40,0.10
2007.11.30 07:03:00.083,0.9976,0.9977,2.40,0.10
2007.11.30 07:03:00.337,0.9976,0.9977,2.40,0.10
2007.11.30 07:03:00.614,0.9976,0.9977,2.40,0.10
2007.11.30 07:03:00.891,0.9976,0.9977,2.40,0.10
2007.11.30 07:03:01.169,0.9976,0.9977,2.40,0.10
2007.11.30 07:03:01.397,0.9976,0.9977,2.40,0.10
2007.11.30 07:03:01.624,0.9976,0.9977,2.40,0.10
2007.11.30 07:03:01.851,0.9976,0.9977,2.40,0.10
2007.11.30 07:03:02.080,0.9976,0.9977,2.40,0.10
2007.11.30 07:03:02.308,0.9976,0.9977,2.40,0.10
2007.11.30 07:03:02.515,0.9976,0.9977,2.40,0.10
2007.11.30 07:03:02.717,0.9976,0.9977,2.40,0.10
2007.11.30 07:03:02.920,0.9976,0.9977,2.40,0.10
2007.11.30 07:03:03.122,0.9976,0.9977,2.40,0.10
2007.11.30 07:03:03.326,0.9976,0.9977,2.40,0.10
2007.11.30 07:03:03.558,0.9976,0.9977,2.40,0.10
2007.11.30 07:03:03.791,0.9976,0.9977,2.40,0.10
2007.11.30 07:03:04.030,0.9976,0.9977,2.40,0.10
2007.11.30 07:03:04.261,0.9976,0.9977,2.40,0.10
2007.11.30 07:03:04.494,0.9976,0.9977,2.40,0.10
2007.11.30 07:03:04.727,0.9976,0.9977,2.40,0.10
2007.11.30 07:03:04.965,0.9976,0.9977,2.40,0.10
2007.11.30 07:03:05.197,0.9976,0.9977,2.40,0.10
2007.11.30 07:03:05.429,0.9976,0.9977,2.40,0.10
2007.11.30 07:03:05.715,0.9976,0.9977,2.40,0.10
2007.11.30 07:03:05.998,0.9976,0.9977,2.40,0.10
2007.11.30 07:03:06.281,0.9976,0.9977,2.40,0.10
2007.11.30 07:03:06.564,0.9976,0.9977,2.40,0.10
2007.11.30 07:03:06.816,0.9976,0.9977,2.40,0.10
2007.11.30 07:03:07.069,0.9976,0.9977,2.40,0.10
2007.11.30 07:03:07.322,0.9976,0.9977,2.40,0.10
2007.11.30 07:03:07.575,0.9976,0.9977,2.40,0.10
2007.11.30 07:03:07.779,0.9976,0.9977,2.40,0.10
2007.11.30 07:03:07.983,0.9976,0.9977,2.40,0.10
2007.11.30 07:03:08.190,0.9976,0.9977,2.40,0.10
2007.11.30 07:03:08.393,0.9976,0.9977,2.40,0.10
2007.11.30 07:03:08.604,0.9976,0.9977,2.40,0.10
2007.11.30 07:03:08.856,0.9976,0.9977,2.40,0.10
2007.11.30 07:03:09.108,0.9976,0.9977,2.40,0.10
2007.11.30 07:03:09.362,0.9976,0.9977,2.40,0.10
2007.11.30 07:03:09.616,0.9976,0.9977,2.40,0.10
2007.11.30 07:03:09.875,0.9976,0.9977,2.40,0.10
2007.11.30 07:03:10.121,0.9976,0.9977,2.40,0.10
2007.11.30 07:03:10.373,0.9976,0.9977,2.40,0.10
2007.11.30 07:03:10.629,0.9976,0.9977,2.40,0.10
2007.11.30 07:03:10.936,0.9976,0.9977,2.40,0.10
2007.11.30 07:03:11.244,0.9976,0.9977,2.40,0.10
2007.11.30 07:03:11.551,0.9976,0.9977,2.40,0.10
2007.11.30 07:03:11.860,0.9976,0.9977,2.40,0.10
2007.11.30 07:03:12.098,0.9976,0.9977,2.40,0.10
2007.11.30 07:03:12.336,0.9976,0.9977,2.40,0.10
2007.11.30 07:03:12.574,0.9976,0.9977,2.40,0.10
2007.11.30 07:03:12.813,0.99755,0.9977,2.40,0.10
2007.11.30 07:03:13.086,0.99755,0.9977,2.40,0.10
2007.11.30 07:03:13.429,0.99755,0.9977,2.40,0.10
2007.11.30 07:03:13.714,0.99755,0.9977,2.40,0.10
2007.11.30 07:03:13.915,0.99755,0.9977,2.40,0.10
2007.11.30 07:03:14.124,0.99755,0.9977,2.40,0.10
2007.11.30 07:03:14.331,0.99755,0.9977,2.40,0.10
2007.11.30 07:03:14.539,0.99755,0.9977,2.40,0.10
2007.11.30 07:03:14.746,0.99755,0.9977,2.40,0.10
2007.11.30 07:03:15.045,0.99755,0.9977,2.40,0.10
2007.11.30 07:03:15.332,0.99755,0.9977,2.40,0.10
2007.11.30 07:03:15.632,0.99755,0.9977,2.40,0.10
2007.11.30 07:03:15.673,0.99755,0.9977,2.40,0.10
2007.11.30 07:03:15.926,0.99755,0.9978,2.40,0.50
2007.11.30 07:03:16.134,0.99755,0.9978,2.40,0.50
2007.11.30 07:03:16.322,0.99755,0.9977,2.40,0.10
2007.11.30 07:03:16.520,0.99755,0.9978,2.40,0.50
2007.11.30 07:03:16.717,0.99755,0.9978,2.40,0.50
2007.11.30 07:03:16.914,0.99755,0.9977,2.40,0.10
2007.11.30 07:03:17.167,0.99755,0.9978,2.40,0.50
2007.11.30 07:03:17.420,0.99755,0.9978,2.40,0.50
2007.11.30 07:03:17.672,0.99755,0.9978,2.40,0.50
2007.11.30 07:03:17.925,0.99755,0.9978,2.40,0.50
2007.11.30 07:03:18.138,0.99755,0.9978,2.40,0.50
2007.11.30 07:03:18.350,0.99755,0.9978,2.40,0.50
2007.11.30 07:03:18.563,0.99755,0.9977,2.40,0.10
2007.11.30 07:03:18.775,0.99755,0.9978,2.40,0.50
2007.11.30 07:03:18.988,0.99755,0.9978,2.40,0.50
2007.11.30 07:03:19.255,0.99755,0.9978,2.40,0.50
2007.11.30 07:03:19.587,0.99755,0.9977,2.40,0.10
2007.11.30 07:03:19.855,0.99755,0.9977,2.40,0.10
2007.11.30 07:03:20.123,0.99755,0.9977,2.40,0.10
2007.11.30 07:03:20.306,0.99755,0.9977,2.40,0.10
2007.11.30 07:03:20.488,0.99755,0.9978,2.40,0.50
2007.11.30 07:03:20.671,0.99755,0.9978,2.40,0.50
2007.11.30 07:03:20.854,0.99755,0.9978,2.40,0.50
2007.11.30 07:03:21.037,0.99755,0.9978,2.40,0.50
2007.11.30 07:03:21.334,0.99755,0.9977,2.40,0.10
2007.11.30 07:03:21.632,0.99755,0.9978,2.40,0.50
2007.11.30 07:03:21.930,0.99755,0.9978,2.40,0.50
2007.11.30 07:03:22.228,0.99755,0.9978,2.40,0.50
2007.11.30 07:03:22.455,0.99755,0.9978,2.40,0.50
2007.11.30 07:03:22.690,0.99755,0.9977,2.40,0.10
2007.11.30 07:03:22.917,0.99755,0.9978,2.40,0.50
2007.11.30 07:03:23.146,0.99755,0.9978,2.40,0.50
2007.11.30 07:03:23.374,0.99755,0.9978,2.40,0.50
2007.11.30 07:03:23.656,0.99755,0.9977,2.40,0.10
2007.11.30 07:03:23.944,0.99755,0.9978,2.40,0.50
2007.11.30 07:03:24.221,0.99755,0.9978,2.40,0.50
2007.11.30 07:03:24.438,0.99755,0.9977,2.40,0.10
2007.11.30 07:03:24.655,0.99755,0.9978,2.40,0.50
2007.11.30 07:03:24.873,0.99755,0.9978,2.40,0.50
2007.11.30 07:03:25.091,0.99755,0.9977,2.40,0.10
2007.11.30 07:03:25.309,0.99755,0.9978,2.40,0.50
2007.11.30 07:03:25.526,0.99755,0.9978,2.40,0.50
2007.11.30 07:03:25.784,0.99755,0.9978,2.40,0.50
2007.11.30 07:03:26.042,0.99755,0.9978,2.40,0.50
2007.11.30 07:03:26.299,0.99755,0.9978,2.40,0.50
2007.11.30 07:03:26.558,0.99755,0.9978,2.40,0.50
2007.11.30 07:03:26.775,0.99755,0.9977,2.40,0.10
2007.11.30 07:03:26.993,0.99755,0.9978,2.40,0.50
2007.11.30 07:03:27.210,0.99755,0.9977,2.40,0.10
2007.11.30 07:03:27.428,0.99755,0.9977,2.40,0.10
2007.11.30 07:03:27.691,0.99755,0.9977,2.40,0.10
2007.11.30 07:03:27.954,0.99755,0.9978,2.40,0.50
2007.11.30 07:03:28.217,0.99755,0.9977,2.40,0.10
2007.11.30 07:03:28.479,0.99755,0.9978,2.40,0.50
2007.11.30 07:03:28.702,0.99755,0.9978,2.40,0.50
2007.11.30 07:03:28.925,0.99755,0.9977,2.40,0.10
2007.11.30 07:03:29.148,0.99755,0.9978,2.40,0.50
2007.11.30 07:03:29.370,0.99755,0.9977,2.40,0.10
2007.11.30 07:03:29.600,0.99755,0.9977,2.40,0.10
2007.11.30 07:03:29.856,0.99755,0.9977,2.40,0.10
2007.11.30 07:03:30.119,0.99755,0.9977,2.40,0.10
2007.11.30 07:03:30.382,0.99755,0.9978,2.40,0.50
2007.11.30 07:03:30.644,0.99755,0.9978,2.40,0.50
2007.11.30 07:03:30.822,0.99755,0.9977,2.40,0.10
2007.11.30 07:03:31.000,0.99755,0.9977,2.40,0.10
2007.11.30 07:03:31.177,0.99755,0.9978,2.40,0.50
2007.11.30 07:03:31.355,0.99755,0.9977,2.40,0.10
2007.11.30 07:03:31.532,0.99755,0.9978,2.40,0.50
2007.11.30 07:03:31.710,0.99755,0.9977,2.40,0.10
2007.11.30 07:03:32.018,0.99755,0.9978,2.40,0.50
2007.11.30 07:03:32.325,0.99755,0.9978,2.40,0.50
2007.11.30 07:03:32.633,0.99755,0.9977,2.40,0.10
2007.11.30 07:03:32.941,0.99755,0.9978,2.40,0.50
2007.11.30 07:03:33.219,0.99755,0.9978,2.40,0.50
2007.11.30 07:03:33.496,0.99755,0.9978,2.40,0.50
2007.11.30 07:03:33.775,0.99755,0.9977,2.40,0.10
2007.11.30 07:03:33.957,0.99755,0.9977,2.40,0.10
2007.11.30 07:03:34.135,0.99755,0.9977,2.40,0.10
2007.11.30 07:03:34.313,0.99755,0.9978,2.40,0.50
2007.11.30 07:03:34.491,0.99755,0.9978,2.40,0.50
2007.11.30 07:03:34.668,0.99755,0.9977,2.40,0.10
2007.11.30 07:03:34.846,0.99755,0.9977,2.40,0.10
2007.11.30 07:03:35.134,0.99755,0.9978,2.40,0.50
2007.11.30 07:03:35.421,0.99755,0.9978,2.40,0.50
2007.11.30 07:03:35.709,0.99755,0.9978,2.40,0.50
2007.11.30 07:03:35.911,0.99755,0.9978,2.40,0.50
2007.11.30 07:03:36.114,0.99755,0.9978,2.40,0.50
2007.11.30 07:03:36.316,0.99755,0.9978,2.40,0.50
2007.11.30 07:03:36.520,0.99755,0.9978,2.40,0.50
2007.11.30 07:03:36.722,0.99755,0.9977,2.40,0.10
2007.11.30 07:03:37.001,0.99755,0.9978,2.40,0.50
2007.11.30 07:03:37.279,0.99755,0.9977,2.40,0.10
2007.11.30 07:03:37.557,0.99755,0.9977,2.40,0.10
2007.11.30 07:03:37.836,0.99755,0.9977,2.40,0.10
2007.11.30 07:03:38.113,0.99755,0.9977,2.40,0.10
2007.11.30 07:03:38.390,0.99755,0.9978,2.40,0.50
2007.11.30 07:03:38.668,0.99755,0.9978,2.40,0.50
2007.11.30 07:03:38.955,0.99755,0.9977,2.40,0.10
2007.11.30 07:03:39.169,0.99755,0.9978,2.40,0.50
2007.11.30 07:03:39.391,0.99755,0.9978,2.40,0.50
2007.11.30 07:03:39.614,0.99755,0.9977,2.40,0.10
2007.11.30 07:03:39.837,0.99755,0.9978,2.40,0.50
2007.11.30 07:03:40.115,0.99755,0.9978,2.40,0.50
2007.11.30 07:03:40.393,0.99755,0.9977,2.40,0.10
2007.11.30 07:03:40.672,0.99755,0.9977,2.40,0.10
2007.11.30 07:03:40.948,0.99755,0.9978,2.40,0.50
2007.11.30 07:03:41.241,0.99755,0.9978,2.40,0.50
2007.11.30 07:03:41.534,0.99755,0.9978,2.40,0.50
2007.11.30 07:03:41.835,0.99755,0.9977,2.40,0.10
2007.11.30 07:03:42.126,0.99755,0.9977,2.40,0.10
2007.11.30 07:03:42.409,0.99755,0.9977,2.40,0.10
2007.11.30 07:03:42.692,0.99755,0.9978,2.40,0.50
2007.11.30 07:03:42.974,0.9975,0.9978,10.60,0.50
2007.11.30 07:03:43.196,0.9975,0.9978,10.60,0.50
2007.11.30 07:03:43.414,0.9975,0.9978,10.60,0.50
2007.11.30 07:03:43.631,0.9975,0.9977,10.60,0.10
2007.11.30 07:03:43.849,0.9975,0.9977,10.60,0.10
2007.11.30 07:03:44.066,0.9975,0.9978,10.60,0.50
2007.11.30 07:03:44.367,0.9975,0.9978,10.60,0.50
2007.11.30 07:03:44.665,0.9975,0.9978,10.60,0.50
2007.11.30 07:03:44.962,0.9975,0.9978,10.60,0.50
2007.11.30 07:03:45.199,0.9975,0.9977,10.60,0.10
2007.11.30 07:03:45.420,0.9975,0.9977,10.70,0.10
2007.11.30 07:03:45.647,0.9975,0.9977,10.70,0.10
2007.11.30 07:03:45.874,0.9975,0.9977,10.70,0.10
2007.11.30 07:03:46.103,0.9975,0.9977,10.70,0.10
2007.11.30 07:03:46.337,0.9975,0.9977,8.30,0.10
2007.11.30 07:03:46.571,0.9975,0.9977,8.30,0.10
2007.11.30 07:03:46.804,0.9975,0.9977,8.30,0.10
2007.11.30 07:03:47.040,0.9975,0.9977,8.30,0.10
2007.11.30 07:03:47.303,0.9975,0.9977,8.30,0.10
2007.11.30 07:03:47.566,0.9975,0.9977,8.30,0.10
2007.11.30 07:03:47.829,0.9975,0.9977,8.30,0.10
2007.11.30 07:03:48.091,0.9975,0.9977,10.70,0.10
2007.11.30 07:03:48.370,0.9975,0.9977,10.70,0.10
2007.11.30 07:03:48.655,0.9975,0.9977,10.70,0.10
2007.11.30 07:03:48.926,0.9975,0.9977,10.70,0.10
2007.11.30 07:03:49.204,0.9975,0.9977,10.70,0.10
2007.11.30 07:03:49.467,0.9975,0.9977,10.70,0.10
2007.11.30 07:03:49.728,0.9975,0.9977,10.70,0.10
2007.11.30 07:03:49.990,0.9975,0.9977,10.70,0.10
2007.11.30 07:03:50.252,0.9975,0.9977,10.70,0.10
2007.11.30 07:03:50.541,0.9975,0.9977,10.70,0.10
2007.11.30 07:03:50.829,0.9975,0.9977,10.70,0.10
2007.11.30 07:03:51.118,0.9975,0.9977,10.70,0.10
2007.11.30 07:03:51.407,0.9975,0.9977,10.70,0.10
2007.11.30 07:03:51.594,0.9975,0.9977,10.70,0.10
2007.11.30 07:03:51.782,0.9975,0.9977,10.70,0.10
2007.11.30 07:03:51.969,0.9975,0.9977,10.70,0.10
2007.11.30 07:03:52.157,0.9975,0.9977,10.70,0.10
2007.11.30 07:03:52.345,0.9975,0.9977,10.70,0.10
2007.11.30 07:03:52.677,0.9975,0.9977,10.70,0.10
2007.11.30 07:03:53.009,0.9975,0.9977,10.70,0.10
2007.11.30 07:03:53.341,0.9975,0.9977,10.70,0.10
2007.11.30 07:03:53.544,0.9975,0.9977,10.70,0.10
2007.11.30 07:03:53.746,0.9975,0.9977,10.70,0.10
2007.11.30 07:03:53.949,0.9975,0.9977,10.70,0.10
2007.11.30 07:03:54.152,0.9975,0.9977,10.70,0.10
2007.11.30 07:03:54.355,0.9975,0.9977,10.70,0.10
2007.11.30 07:03:54.612,0.9975,0.9977,10.70,0.10
2007.11.30 07:03:54.869,0.9975,0.9977,10.70,0.10
2007.11.30 07:03:55.126,0.9975,0.9977,10.70,0.10
2007.11.30 07:03:55.384,0.9975,0.9977,10.70,0.10
2007.11.30 07:03:55.646,0.9975,0.9977,10.70,0.10
2007.11.30 07:03:55.908,0.9975,0.9977,10.70,0.10
2007.11.30 07:03:56.171,0.9975,0.9977,10.70,0.10
2007.11.30 07:03:56.583,0.9975,0.9977,10.70,0.10
2007.11.30 07:03:56.776,0.9975,0.9977,10.70,0.10
2007.11.30 07:03:56.969,0.9975,0.9977,10.70,0.10
2007.11.30 07:03:57.161,0.9975,0.9977,10.70,0.10
2007.11.30 07:03:57.353,0.9975,0.9977,10.70,0.10
2007.11.30 07:03:57.546,0.9975,0.9977,10.70,0.10
2007.11.30 07:03:57.739,0.9975,0.9977,10.70,0.10
2007.11.30 07:03:57.972,0.9975,0.9977,10.70,0.10
2007.11.30 07:03:58.204,0.9975,0.9977,10.70,0.10
2007.11.30 07:03:58.438,0.9975,0.9977,10.70,0.10
2007.11.30 07:03:58.670,0.9975,0.9977,10.70,0.10
2007.11.30 07:03:58.903,0.9975,0.9977,8.30,0.10
2007.11.30 07:03:59.135,0.9975,0.9977,8.30,0.10
2007.11.30 07:03:59.368,0.9975,0.9977,8.30,0.10
2007.11.30 07:03:59.600,0.9975,0.9977,8.30,0.10
2007.11.30 07:03:59.833,0.9975,0.9977,8.30,0.10
2007.11.30 07:04:00.086,0.9975,0.9977,8.30,0.10
2007.11.30 07:04:00.339,0.9975,0.9977,8.30,0.10
2007.11.30 07:04:00.590,0.9975,0.9977,8.30,0.10
2007.11.30 07:04:00.843,0.9975,0.9977,8.30,0.10
2007.11.30 07:04:01.081,0.9975,0.9977,8.30,0.10
2007.11.30 07:04:01.319,0.9975,0.9977,8.30,0.10
2007.11.30 07:04:01.557,0.9975,0.9977,8.30,0.10
2007.11.30 07:04:01.794,0.9975,0.9977,8.30,0.10
2007.11.30 07:04:02.092,0.9975,0.9977,8.30,0.10
2007.11.30 07:04:02.390,0.9975,0.9977,8.30,0.10
2007.11.30 07:04:02.760,0.9975,0.9977,8.30,0.10
2007.11.30 07:04:02.957,0.9975,0.9977,8.30,0.10
2007.11.30 07:04:03.156,0.9975,0.9977,8.30,0.10
2007.11.30 07:04:03.352,0.9975,0.9977,8.30,0.10
2007.11.30 07:04:03.551,0.9975,0.9977,8.30,0.10
2007.11.30 07:04:03.748,0.9975,0.9977,8.30,0.10
2007.11.30 07:04:03.946,0.9975,0.9977,8.30,0.10
2007.11.30 07:04:04.278,0.9975,0.9977,8.30,0.10
2007.11.30 07:04:04.611,0.9975,0.9977,8.30,0.10
2007.11.30 07:04:04.943,0.9975,0.9977,8.30,0.10
2007.11.30 07:04:05.146,0.9975,0.9977,8.30,0.10
2007.11.30 07:04:05.348,0.9975,0.9977,8.30,0.10
2007.11.30 07:04:05.551,0.9975,0.9977,8.30,0.10
2007.11.30 07:04:05.754,0.9975,0.9977,8.30,0.10
2007.11.30 07:04:05.956,0.9975,0.9977,8.30,0.10
2007.11.30 07:04:06.142,0.9975,0.9978,8.30,0.50
2007.11.30 07:04:06.289,0.9975,0.9977,8.30,0.10
2007.11.30 07:04:06.622,0.9975,0.9977,8.30,0.10
2007.11.30 07:04:06.955,0.9975,0.9977,8.30,0.10
2007.11.30 07:04:07.218,0.9975,0.9977,8.30,0.10
2007.11.30 07:04:07.481,0.9975,0.9977,8.30,0.10
2007.11.30 07:04:07.744,0.9975,0.9977,8.30,0.10
2007.11.30 07:04:08.006,0.9975,0.9977,8.30,0.10
2007.11.30 07:04:08.224,0.9975,0.9977,8.30,0.10
2007.11.30 07:04:08.442,0.9975,0.9977,8.30,0.10
2007.11.30 07:04:08.659,0.9975,0.9977,8.30,0.10
2007.11.30 07:04:08.929,0.9975,0.9977,8.30,0.10
2007.11.30 07:04:09.177,0.9975,0.9977,8.30,0.10
2007.11.30 07:04:09.424,0.9975,0.9977,8.30,0.10
2007.11.30 07:04:09.672,0.9975,0.9977,8.30,0.10
2007.11.30 07:04:09.930,0.9975,0.9977,8.30,0.10
2007.11.30 07:04:10.167,0.9975,0.9977,8.30,0.10
2007.11.30 07:04:10.405,0.9975,0.9977,8.30,0.10
2007.11.30 07:04:10.643,0.9975,0.9977,8.30,0.10
2007.11.30 07:04:10.883,0.9975,0.9977,8.30,0.10
2007.11.30 07:04:11.121,0.9975,0.9977,8.30,0.10
2007.11.30 07:04:11.388,0.9975,0.9977,8.30,0.10
2007.11.30 07:04:11.656,0.9975,0.9977,8.30,0.10
2007.11.30 07:04:11.924,0.9975,0.9977,8.30,0.10
2007.11.30 07:04:12.190,0.9975,0.9977,8.30,0.10
2007.11.30 07:04:12.443,0.9975,0.9977,8.30,0.10
2007.11.30 07:04:12.695,0.9975,0.9977,8.30,0.10
2007.11.30 07:04:12.948,0.9975,0.9977,8.30,0.10
2007.11.30 07:04:13.201,0.9975,0.9977,8.30,0.10
2007.11.30 07:04:13.413,0.9975,0.9977,8.30,0.10
2007.11.30 07:04:13.626,0.9975,0.9977,8.30,0.10
2007.11.30 07:04:13.839,0.9975,0.9977,8.30,0.10
2007.11.30 07:04:14.052,0.9975,0.9977,8.30,0.10
2007.11.30 07:04:14.315,0.9975,0.9977,8.30,0.10
2007.11.30 07:04:14.577,0.9975,0.9977,8.30,0.10
2007.11.30 07:04:14.840,0.9975,0.9977,8.30,0.10
2007.11.30 07:04:15.118,0.9975,0.9977,8.30,0.10
2007.11.30 07:04:15.316,0.9975,0.9977,8.30,0.10
2007.11.30 07:04:15.514,0.9975,0.9977,8.30,0.10
2007.11.30 07:04:15.711,0.9975,0.9977,8.30,0.10
2007.11.30 07:04:15.910,0.9975,0.9977,8.30,0.10
2007.11.30 07:04:16.117,0.9975,0.9977,8.30,0.10
2007.11.30 07:04:16.449,0.9975,0.9977,5.90,0.10
2007.11.30 07:04:16.781,0.9975,0.9977,5.90,0.10
2007.11.30 07:04:17.114,0.9975,0.9977,5.90,0.10
2007.11.30 07:04:17.445,0.9975,0.9977,5.90,0.10
2007.11.30 07:04:17.713,0.9975,0.9977,5.90,0.10
2007.11.30 07:04:17.975,0.9975,0.9977,5.90,0.10
2007.11.30 07:04:18.239,0.9975,0.9977,8.30,0.10
2007.11.30 07:04:18.521,0.9975,0.9977,8.30,0.10
2007.11.30 07:04:18.804,0.9975,0.9977,8.30,0.10
2007.11.30 07:04:19.085,0.9975,0.9977,8.30,0.10
2007.11.30 07:04:19.369,0.9975,0.9977,8.30,0.10
2007.11.30 07:04:19.607,0.9975,0.9977,8.30,0.10
2007.11.30 07:04:19.843,0.9975,0.9977,8.30,0.10
2007.11.30 07:04:20.081,0.9975,0.9977,8.30,0.10
2007.11.30 07:04:20.319,0.9975,0.9977,8.30,0.10
2007.11.30 07:04:20.546,0.9975,0.9977,8.30,0.10
2007.11.30 07:04:20.773,0.9975,0.9977,8.30,0.10
2007.11.30 07:04:21.001,0.9975,0.9977,8.30,0.10
2007.11.30 07:04:21.301,0.9975,0.9977,8.30,0.10
2007.11.30 07:04:21.561,0.9975,0.9977,8.30,0.10
2007.11.30 07:04:21.806,0.9975,0.9977,8.30,0.10
2007.11.30 07:04:22.058,0.9975,0.9977,8.30,0.10
2007.11.30 07:04:22.311,0.9975,0.9977,8.30,0.10
2007.11.30 07:04:22.563,0.9975,0.9977,8.30,0.10
2007.11.30 07:04:22.816,0.9975,0.9977,8.30,0.10
2007.11.30 07:04:23.074,0.9975,0.9977,8.30,0.10
2007.11.30 07:04:23.327,0.9975,0.9977,8.30,0.10
2007.11.30 07:04:23.595,0.9975,0.9977,8.30,0.10
2007.11.30 07:04:23.863,0.9975,0.9977,8.30,0.10
2007.11.30 07:04:24.132,0.9975,0.9977,8.30,0.10
2007.11.30 07:04:24.399,0.9975,0.9977,8.30,0.10
2007.11.30 07:04:24.622,0.9975,0.9977,8.30,0.10
2007.11.30 07:04:24.844,0.9975,0.9977,8.30,0.10
2007.11.30 07:04:25.067,0.9975,0.9977,8.30,0.10
2007.11.30 07:04:25.289,0.9975,0.9977,8.30,0.10
2007.11.30 07:04:25.511,0.9975,0.9977,8.30,0.10
2007.11.30 07:04:25.774,0.9975,0.9977,8.30,0.10
2007.11.30 07:04:26.037,0.9975,0.9977,8.30,0.10
2007.11.30 07:04:26.299,0.9975,0.9977,8.30,0.10
2007.11.30 07:04:26.562,0.9975,0.9977,8.30,0.10
2007.11.30 07:04:26.846,0.9975,0.9977,8.30,0.10
2007.11.30 07:04:27.130,0.9975,0.9977,8.30,0.10
2007.11.30 07:04:27.466,0.9975,0.9977,8.30,0.10
2007.11.30 07:04:27.749,0.9975,0.9977,8.30,0.10
2007.11.30 07:04:28.051,0.9975,0.9977,8.30,0.10
2007.11.30 07:04:28.353,0.9975,0.9977,8.30,0.10
2007.11.30 07:04:28.655,0.9975,0.9977,8.30,0.10
2007.11.30 07:04:28.863,0.9975,0.9977,8.30,0.10
2007.11.30 07:04:29.070,0.9975,0.9977,8.30,0.10
2007.11.30 07:04:29.278,0.9975,0.9977,8.30,0.10
2007.11.30 07:04:29.485,0.9975,0.9977,8.30,0.10
2007.11.30 07:04:29.694,0.9975,0.9977,8.30,0.10
2007.11.30 07:04:30.012,0.9975,0.9977,8.30,0.10
2007.11.30 07:04:30.330,0.9975,0.9977,8.30,0.10
2007.11.30 07:04:30.648,0.9975,0.9977,8.30,0.10
2007.11.30 07:04:30.966,0.9975,0.9977,8.30,0.10
2007.11.30 07:04:31.219,0.9975,0.9977,8.30,0.10
2007.11.30 07:04:31.470,0.9975,0.9977,8.30,0.10
2007.11.30 07:04:31.722,0.9975,0.9977,8.30,0.10
2007.11.30 07:04:31.964,0.9975,0.9977,8.30,0.10
2007.11.30 07:04:32.207,0.9975,0.9977,8.30,0.10
2007.11.30 07:04:32.450,0.9975,0.9977,8.30,0.10
2007.11.30 07:04:32.693,0.9975,0.9977,8.30,0.10
2007.11.30 07:04:33.001,0.9975,0.9977,8.30,0.10
2007.11.30 07:04:33.308,0.9975,0.9977,8.30,0.10
2007.11.30 07:04:33.624,0.9975,0.9977,8.30,0.10
2007.11.30 07:04:33.933,0.9975,0.9977,8.30,0.10
2007.11.30 07:04:34.166,0.9975,0.9977,8.30,0.10
2007.11.30 07:04:34.399,0.9975,0.9977,8.30,0.10
2007.11.30 07:04:34.632,0.9975,0.9977,8.30,0.10
2007.11.30 07:04:34.866,0.9975,0.9977,8.30,0.10
2007.11.30 07:04:35.154,0.9975,0.9977,8.30,0.10
2007.11.30 07:04:35.444,0.9975,0.9977,8.30,0.10
2007.11.30 07:04:35.731,0.9975,0.9977,8.30,0.10
2007.11.30 07:04:36.020,0.9975,0.9977,8.30,0.10
2007.11.30 07:04:36.302,0.9975,0.9977,8.30,0.10
2007.11.30 07:04:36.585,0.9975,0.9977,8.30,0.10
2007.11.30 07:04:36.869,0.9975,0.9977,8.30,0.10
2007.11.30 07:04:37.126,0.9975,0.9977,8.30,0.10
2007.11.30 07:04:37.384,0.9975,0.9977,8.30,0.10
2007.11.30 07:04:37.642,0.9975,0.9977,8.30,0.10
2007.11.30 07:04:37.901,0.9975,0.9977,8.30,0.10
2007.11.30 07:04:38.200,0.9975,0.9977,8.30,0.10
2007.11.30 07:04:38.486,0.9975,0.9977,8.30,0.10
2007.11.30 07:04:38.779,0.9975,0.9977,8.30,0.10
2007.11.30 07:04:39.072,0.9975,0.9977,8.30,0.10
2007.11.30 07:04:39.354,0.9975,0.9977,8.30,0.10
2007.11.30 07:04:39.784,0.9975,0.9977,8.30,0.10
2007.11.30 07:04:40.066,0.9975,0.9977,8.30,0.10
2007.11.30 07:04:40.312,0.9975,0.9977,8.30,0.10
2007.11.30 07:04:40.560,0.9975,0.9977,8.30,0.10
2007.11.30 07:04:40.808,0.9975,0.9977,8.30,0.10
2007.11.30 07:04:41.055,0.9975,0.9977,8.30,0.10
2007.11.30 07:04:41.342,0.9975,0.9977,8.30,0.10
2007.11.30 07:04:41.630,0.9975,0.9977,8.30,0.10
2007.11.30 07:04:41.918,0.9975,0.9977,8.30,0.10
2007.11.30 07:04:42.155,0.9975,0.9977,8.30,0.10
2007.11.30 07:04:42.392,0.9975,0.9977,8.30,0.10
2007.11.30 07:04:42.630,0.9975,0.9977,8.30,0.10
2007.11.30 07:04:42.867,0.9975,0.9977,8.30,0.10
2007.11.30 07:04:43.105,0.9975,0.9977,8.30,0.10
2007.11.30 07:04:43.437,0.9975,0.9977,8.30,0.10
2007.11.30 07:04:43.769,0.9975,0.9977,8.30,0.10
2007.11.30 07:04:44.102,0.9975,0.9977,8.30,0.10
2007.11.30 07:04:44.285,0.9975,0.9977,8.30,0.10
2007.11.30 07:04:44.468,0.9975,0.9977,8.30,0.10
2007.11.30 07:04:44.650,0.9975,0.9977,8.30,0.10
2007.11.30 07:04:44.833,0.9975,0.9977,8.30,0.10
2007.11.30 07:04:45.015,0.9975,0.9977,8.30,0.10
2007.11.30 07:04:45.197,0.9975,0.9977,8.30,0.10
2007.11.30 07:04:45.530,0.9975,0.9977,8.30,0.10
2007.11.30 07:04:45.945,0.9975,0.9978,8.30,0.50
2007.11.30 07:04:45.950,0.9975,0.9978,8.30,0.50
2007.11.30 07:04:46.286,0.9975,0.9977,5.90,0.10
2007.11.30 07:04:46.504,0.9975,0.9978,5.90,0.50
2007.11.30 07:04:46.721,0.9975,0.9978,5.90,0.50
2007.11.30 07:04:46.938,0.9975,0.9977,5.90,0.10
2007.11.30 07:04:47.158,0.9975,0.9977,5.90,0.10
2007.11.30 07:04:47.375,0.9975,0.9977,5.90,0.10
2007.11.30 07:04:47.707,0.9975,0.9978,5.90,0.50
2007.11.30 07:04:48.040,0.9975,0.9978,5.90,0.50
2007.11.30 07:04:48.372,0.9975,0.9978,8.30,0.50
2007.11.30 07:04:48.705,0.9975,0.9977,8.30,0.10
2007.11.30 07:04:48.938,0.9975,0.9978,8.30,0.50
2007.11.30 07:04:49.170,0.9975,0.9977,8.30,0.10
2007.11.30 07:04:49.403,0.9975,0.9977,8.30,0.10
2007.11.30 07:04:49.736,0.9975,0.9978,8.30,0.50
2007.11.30 07:04:50.068,0.9975,0.9978,8.30,0.50
2007.11.30 07:04:50.400,0.9975,0.9977,8.30,0.10
2007.11.30 07:04:50.732,0.9975,0.9977,8.30,0.10
2007.11.30 07:04:50.985,0.9975,0.9977,8.30,0.10
2007.11.30 07:04:51.237,0.9975,0.9978,8.30,0.50
2007.11.30 07:04:51.489,0.9975,0.9978,8.30,0.50
2007.11.30 07:04:51.747,0.9975,0.9978,8.30,0.50
2007.11.30 07:04:52.117,0.9975,0.9977,8.30,0.10
2007.11.30 07:04:52.374,0.9975,0.9978,8.30,0.50
2007.11.30 07:04:52.631,0.9975,0.9977,8.30,0.10
2007.11.30 07:04:52.801,0.9975,0.9978,8.30,0.50
2007.11.30 07:04:52.968,0.9975,0.9978,8.30,0.50
2007.11.30 07:04:53.135,0.9975,0.9978,8.30,0.50
2007.11.30 07:04:53.303,0.9975,0.9978,8.30,0.50
2007.11.30 07:04:53.471,0.9975,0.9977,8.30,0.10
2007.11.30 07:04:53.639,0.9975,0.9977,8.30,0.10
2007.11.30 07:04:53.927,0.9975,0.9978,8.30,0.50
2007.11.30 07:04:54.213,0.9975,0.9978,8.30,0.50
2007.11.30 07:04:54.501,0.9975,0.9977,8.30,0.10
2007.11.30 07:04:54.790,0.9975,0.9977,8.30,0.10
2007.11.30 07:04:55.038,0.9975,0.9977,8.30,0.10
2007.11.30 07:04:55.287,0.9975,0.9977,8.30,0.10
2007.11.30 07:04:55.534,0.9975,0.9977,8.30,0.10
2007.11.30 07:04:55.781,0.9975,0.9978,8.30,0.50
2007.11.30 07:04:56.059,0.9975,0.9977,8.30,0.10
2007.11.30 07:04:56.336,0.9975,0.9977,8.30,0.10
2007.11.30 07:04:56.614,0.9975,0.9978,8.30,0.50
2007.11.30 07:04:56.892,0.9975,0.9978,8.30,0.50
2007.11.30 07:04:57.135,0.9975,0.9977,8.30,0.10
2007.11.30 07:04:57.377,0.9975,0.9977,8.30,0.10
2007.11.30 07:04:57.620,0.9975,0.9977,8.30,0.10
2007.11.30 07:04:57.862,0.9975,0.9978,8.30,0.50
2007.11.30 07:04:58.105,0.9975,0.9978,8.30,0.50
2007.11.30 07:04:58.333,0.9975,0.9978,8.30,0.50
2007.11.30 07:04:58.561,0.9975,0.9978,8.30,0.50
2007.11.30 07:04:58.789,0.9975,0.9977,8.30,0.10
2007.11.30 07:04:59.018,0.9975,0.9978,8.30,0.50
2007.11.30 07:04:59.292,0.9975,0.9977,8.30,0.10
2007.11.30 07:04:59.565,0.9975,0.9978,8.30,0.50
2007.11.30 07:04:59.844,0.9975,0.9978,8.30,0.50
2007.11.30 07:05:00.116,0.9975,0.9978,8.30,0.50
2007.11.30 07:05:00.396,0.9975,0.9977,8.30,0.10
2007.11.30 07:05:00.673,0.9975,0.9978,8.30,0.50
2007.11.30 07:05:00.950,0.9975,0.9977,8.30,0.10
2007.11.30 07:05:01.227,0.9975,0.9978,8.30,0.50
2007.11.30 07:05:01.528,0.9975,0.9978,8.30,0.50
2007.11.30 07:05:01.827,0.9975,0.9977,8.30,0.10
2007.11.30 07:05:02.124,0.9975,0.9977,8.30,0.10
2007.11.30 07:05:02.342,0.9975,0.9978,8.30,0.50
2007.11.30 07:05:02.560,0.9975,0.9978,8.30,0.50
2007.11.30 07:05:02.778,0.9975,0.9978,8.30,0.50
2007.11.30 07:05:03.003,0.9975,0.9978,8.30,0.50
2007.11.30 07:05:03.220,0.9975,0.9978,8.30,0.50
2007.11.30 07:05:03.548,0.9975,0.9978,8.30,0.50
2007.11.30 07:05:03.876,0.9975,0.9977,8.30,0.10
2007.11.30 07:05:04.204,0.9975,0.9978,8.30,0.50
2007.11.30 07:05:04.466,0.9975,0.9978,8.30,0.50
2007.11.30 07:05:04.666,0.9975,0.9978,8.30,0.50
2007.11.30 07:05:04.864,0.9975,0.9977,8.30,0.10
2007.11.30 07:05:05.061,0.9975,0.9977,8.30,0.10
2007.11.30 07:05:05.324,0.9975,0.9978,8.30,0.50
2007.11.30 07:05:05.587,0.9975,0.9978,8.30,0.50
2007.11.30 07:05:05.849,0.9975,0.9977,8.30,0.10
2007.11.30 07:05:06.112,0.9975,0.9978,8.30,0.50
2007.11.30 07:05:06.324,0.9975,0.9978,8.30,0.50
2007.11.30 07:05:06.536,0.9975,0.9978,8.30,0.50
2007.11.30 07:05:06.749,0.9975,0.9978,8.30,0.50
2007.11.30 07:05:06.961,0.9975,0.9978,8.30,0.50
2007.11.30 07:05:07.174,0.9975,0.9978,8.30,0.50
2007.11.30 07:05:07.412,0.9975,0.9978,8.30,0.50
2007.11.30 07:05:07.650,0.9975,0.9977,8.30,0.10
2007.11.30 07:05:07.888,0.9975,0.9978,8.30,0.50
2007.11.30 07:05:08.132,0.9975,0.9977,8.30,0.10
2007.11.30 07:05:08.395,0.9975,0.9978,8.30,0.50
2007.11.30 07:05:08.658,0.9975,0.9978,8.30,0.50
2007.11.30 07:05:08.922,0.9975,0.9977,8.30,0.10
2007.11.30 07:05:09.184,0.9975,0.9977,8.30,0.10
2007.11.30 07:05:09.417,0.9975,0.9977,8.30,0.10
2007.11.30 07:05:09.650,0.9975,0.9978,8.30,0.50
2007.11.30 07:05:09.883,0.9975,0.9978,8.30,0.50
2007.11.30 07:05:10.116,0.9975,0.9977,8.30,0.10
2007.11.30 07:05:10.348,0.9975,0.9977,8.30,0.10
2007.11.30 07:05:10.621,0.9975,0.9977,8.30,0.10
2007.11.30 07:05:10.879,0.9975,0.9978,8.30,0.50
2007.11.30 07:05:11.136,0.9975,0.9978,8.30,0.50
2007.11.30 07:05:11.393,0.9975,0.9978,8.30,0.50
2007.11.30 07:05:11.601,0.9975,0.9978,8.30,0.50
2007.11.30 07:05:11.809,0.9975,0.9977,8.30,0.10
2007.11.30 07:05:12.017,0.9975,0.9977,8.30,0.10
2007.11.30 07:05:12.223,0.9975,0.9978,8.30,0.50
2007.11.30 07:05:12.466,0.9975,0.9978,8.30,0.50
2007.11.30 07:05:12.710,0.9975,0.9978,8.30,0.50
2007.11.30 07:05:12.954,0.9975,0.9977,8.30,0.10
2007.11.30 07:05:13.196,0.9975,0.9978,8.30,0.50
2007.11.30 07:05:13.439,0.9975,0.9978,8.30,0.50
2007.11.30 07:05:13.647,0.9975,0.9977,8.30,0.10
2007.11.30 07:05:13.855,0.9975,0.9977,8.30,0.10
2007.11.30 07:05:14.063,0.9975,0.9978,8.30,0.50
2007.11.30 07:05:14.271,0.9975,0.9977,8.30,0.10
2007.11.30 07:05:14.478,0.9975,0.9978,8.30,0.50
2007.11.30 07:05:14.716,0.9975,0.9978,8.30,0.50
2007.11.30 07:05:14.954,0.9975,0.9977,8.30,0.10
2007.11.30 07:05:15.190,0.9975,0.9977,8.30,0.10
2007.11.30 07:05:15.435,0.9975,0.9977,8.30,0.10
2007.11.30 07:05:15.666,0.9975,0.9977,8.30,0.10
2007.11.30 07:05:15.884,0.9975,0.9977,8.30,0.10
2007.11.30 07:05:16.101,0.9975,0.9977,8.30,0.10
2007.11.30 07:05:16.319,0.9975,0.9977,5.90,0.10
2007.11.30 07:05:16.537,0.9975,0.9977,5.90,0.10
2007.11.30 07:05:16.789,0.9975,0.9977,5.90,0.10
2007.11.30 07:05:17.041,0.9975,0.9977,5.90,0.10
2007.11.30 07:05:17.294,0.9975,0.9977,5.90,0.10
2007.11.30 07:05:17.546,0.9975,0.9977,5.90,0.10
2007.11.30 07:05:17.764,0.9975,0.9977,5.90,0.10
2007.11.30 07:05:17.981,0.9975,0.9977,5.90,0.10
2007.11.30 07:05:18.199,0.9975,0.9977,8.30,0.10
2007.11.30 07:05:18.416,0.9975,0.9977,8.30,0.10
2007.11.30 07:05:18.634,0.9975,0.9977,8.30,0.10
2007.11.30 07:05:18.901,0.9975,0.9977,8.30,0.10
2007.11.30 07:05:19.169,0.9975,0.9977,8.30,0.10
2007.11.30 07:05:19.437,0.9975,0.9977,8.30,0.10
2007.11.30 07:05:19.705,0.9975,0.9977,8.30,0.10
2007.11.30 07:05:19.902,0.9975,0.9977,8.30,0.10
2007.11.30 07:05:20.100,0.9975,0.9977,8.30,0.10
2007.11.30 07:05:20.298,0.9975,0.9977,8.30,0.10
2007.11.30 07:05:20.496,0.9975,0.9977,8.30,0.10
2007.11.30 07:05:20.693,0.9975,0.9977,8.30,0.10
2007.11.30 07:05:21.026,0.9975,0.9977,8.30,0.10
2007.11.30 07:05:21.359,0.9975,0.9977,8.30,0.10
2007.11.30 07:05:21.690,0.9975,0.9977,8.30,0.10
2007.11.30 07:05:22.024,0.9975,0.9977,8.30,0.10
2007.11.30 07:05:22.236,0.9975,0.9977,8.30,0.10
2007.11.30 07:05:22.448,0.9975,0.9977,8.30,0.10
2007.11.30 07:05:22.661,0.9975,0.9977,8.30,0.10
2007.11.30 07:05:22.959,0.9975,0.9977,8.30,0.10
2007.11.30 07:05:23.233,0.9975,0.9977,8.30,0.10
2007.11.30 07:05:23.507,0.9975,0.9977,8.30,0.10
2007.11.30 07:05:23.778,0.9975,0.9977,8.30,0.10
2007.11.30 07:05:24.036,0.9975,0.9977,8.30,0.10
2007.11.30 07:05:24.294,0.9975,0.9977,8.30,0.10
2007.11.30 07:05:24.552,0.9975,0.9977,8.30,0.10
2007.11.30 07:05:24.810,0.9975,0.9977,8.30,0.10
2007.11.30 07:05:25.068,0.9975,0.9977,8.30,0.10
2007.11.30 07:05:25.325,0.9975,0.9977,8.30,0.10
2007.11.30 07:05:25.583,0.9975,0.9977,8.30,0.10
2007.11.30 07:05:25.841,0.9975,0.9977,8.30,0.10
2007.11.30 07:05:26.098,0.9975,0.9977,8.30,0.10
2007.11.30 07:05:26.291,0.9975,0.9977,8.30,0.10
2007.11.30 07:05:26.484,0.9975,0.9977,8.30,0.10
2007.11.30 07:05:26.676,0.9975,0.9977,8.30,0.10
2007.11.30 07:05:26.869,0.9975,0.9977,8.30,0.10
2007.11.30 07:05:27.131,0.9975,0.9977,8.30,0.10
2007.11.30 07:05:27.393,0.9975,0.9977,8.30,0.10
2007.11.30 07:05:27.656,0.9975,0.9977,8.30,0.10
2007.11.30 07:05:27.918,0.9975,0.9977,8.30,0.10
2007.11.30 07:05:28.132,0.9975,0.9977,8.30,0.10
2007.11.30 07:05:28.345,0.9975,0.9977,8.30,0.10
2007.11.30 07:05:28.557,0.9975,0.9977,8.30,0.10
2007.11.30 07:05:28.770,0.9975,0.9977,8.30,0.10
2007.11.30 07:05:29.115,0.9975,0.9977,8.30,0.10
2007.11.30 07:05:29.332,0.9975,0.9977,8.30,0.10
2007.11.30 07:05:29.551,0.9975,0.9977,8.30,0.10
2007.11.30 07:05:29.768,0.9975,0.9977,8.30,0.10
2007.11.30 07:05:29.986,0.9975,0.9977,8.30,0.10
2007.11.30 07:05:30.194,0.9975,0.9977,8.30,0.10
2007.11.30 07:05:30.402,0.9975,0.9977,8.30,0.10
2007.11.30 07:05:30.609,0.9975,0.9977,8.30,0.10
2007.11.30 07:05:30.817,0.9975,0.9977,8.30,0.10
2007.11.30 07:05:31.025,0.9975,0.9977,8.30,0.10
2007.11.30 07:05:31.232,0.9975,0.9977,8.30,0.10
2007.11.30 07:05:31.480,0.9975,0.9977,8.30,0.10
2007.11.30 07:05:31.728,0.9975,0.9977,8.30,0.10
2007.11.30 07:05:31.975,0.9975,0.9977,8.30,0.10
2007.11.30 07:05:32.222,0.9975,0.9977,8.30,0.10
2007.11.30 07:05:32.446,0.9975,0.9977,8.30,0.10
2007.11.30 07:05:32.668,0.9975,0.9977,8.30,0.10
2007.11.30 07:05:32.891,0.9975,0.9977,8.30,0.10
2007.11.30 07:05:33.113,0.9975,0.9977,8.30,0.10
2007.11.30 07:05:33.411,0.9975,0.9977,8.30,0.10
2007.11.30 07:05:33.709,0.9975,0.9977,8.30,0.10
2007.11.30 07:05:34.008,0.9975,0.9977,8.30,0.10
2007.11.30 07:05:34.306,0.9975,0.9977,8.30,0.10
2007.11.30 07:05:34.543,0.9975,0.9977,8.30,0.10
2007.11.30 07:05:34.781,0.9975,0.9977,8.30,0.10
2007.11.30 07:05:35.019,0.9975,0.9977,8.30,0.10
2007.11.30 07:05:35.276,0.9975,0.9977,8.30,0.10
2007.11.30 07:05:35.513,0.9975,0.9977,8.30,0.10
2007.11.30 07:05:35.765,0.9975,0.9977,8.30,0.10
2007.11.30 07:05:36.018,0.9975,0.9977,8.30,0.10
2007.11.30 07:05:36.270,0.9975,0.9977,8.30,0.10
2007.11.30 07:05:36.523,0.9975,0.9977,8.30,0.10
2007.11.30 07:05:36.802,0.9975,0.9977,8.30,0.10
2007.11.30 07:05:37.079,0.9975,0.9977,8.30,0.10
2007.11.30 07:05:37.357,0.9975,0.9977,8.30,0.10
2007.11.30 07:05:37.634,0.9975,0.9977,8.30,0.10
2007.11.30 07:05:37.847,0.9975,0.9977,8.30,0.10
2007.11.30 07:05:38.059,0.9975,0.9977,8.30,0.10
2007.11.30 07:05:38.272,0.9975,0.9977,8.30,0.10
2007.11.30 07:05:38.484,0.9975,0.9977,8.30,0.10
2007.11.30 07:05:38.787,0.9975,0.9977,8.30,0.10
2007.11.30 07:05:39.090,0.9975,0.9977,8.30,0.10
2007.11.30 07:05:39.393,0.9975,0.9977,8.30,0.10
2007.11.30 07:05:39.581,0.9975,0.9977,8.30,0.10
2007.11.30 07:05:39.768,0.9975,0.9977,8.30,0.10
2007.11.30 07:05:39.956,0.9975,0.9977,8.30,0.10
2007.11.30 07:05:40.145,0.9975,0.9977,8.30,0.10
2007.11.30 07:05:40.333,0.9975,0.9977,8.30,0.10
2007.11.30 07:05:40.521,0.9975,0.9978,8.30,0.40
2007.11.30 07:05:40.825,0.9975,0.9978,8.30,0.40
2007.11.30 07:05:41.127,0.9975,0.9978,8.30,0.40
2007.11.30 07:05:41.442,0.9975,0.9978,8.30,0.40
2007.11.30 07:05:41.745,0.9975,0.9978,8.30,0.40
2007.11.30 07:05:41.888,0.9975,0.9978,8.30,0.40
2007.11.30 07:05:42.031,0.9975,0.9978,8.30,0.40
2007.11.30 07:05:42.173,0.9975,0.9978,8.30,0.40
2007.11.30 07:05:42.316,0.9975,0.9978,8.30,0.40
2007.11.30 07:05:42.459,0.9975,0.9978,8.30,0.40
2007.11.30 07:05:42.792,0.9975,0.9978,8.30,0.40
2007.11.30 07:05:43.125,0.9975,0.9978,8.30,0.40
2007.11.30 07:05:43.457,0.9975,0.9978,8.30,0.40
2007.11.30 07:05:43.630,0.9975,0.9978,8.30,0.40
2007.11.30 07:05:43.802,0.9975,0.9978,8.30,0.40
2007.11.30 07:05:43.975,0.9975,0.9978,8.30,0.40
2007.11.30 07:05:44.147,0.9975,0.9978,8.30,0.40
2007.11.30 07:05:44.319,0.9975,0.9978,8.30,0.40
2007.11.30 07:05:44.493,0.9975,0.9978,8.30,0.40
2007.11.30 07:05:44.786,0.9975,0.9978,8.30,0.40
2007.11.30 07:05:45.078,0.9975,0.9978,8.30,0.40
2007.11.30 07:05:45.371,0.9975,0.9978,8.30,0.40
2007.11.30 07:05:45.664,0.9975,0.9978,8.30,0.40
2007.11.30 07:05:45.927,0.9975,0.9978,8.30,0.40
2007.11.30 07:05:46.190,0.9975,0.9978,5.90,0.40
2007.11.30 07:05:46.452,0.9975,0.9978,5.90,0.40
2007.11.30 07:05:46.715,0.9975,0.9978,5.90,0.40
2007.11.30 07:05:46.937,0.9975,0.9978,5.90,0.40
2007.11.30 07:05:47.152,0.9975,0.9978,5.90,0.40
2007.11.30 07:05:47.161,0.9975,0.9979,5.90,3.70
2007.11.30 07:05:47.383,0.9975,0.9978,5.60,0.40
2007.11.30 07:05:47.607,0.9975,0.9979,5.60,3.70
2007.11.30 07:05:47.829,0.9975,0.9978,5.60,0.40
2007.11.30 07:05:48.056,0.9975,0.9979,5.60,3.70
2007.11.30 07:05:48.284,0.9975,0.9979,8.00,3.70
2007.11.30 07:05:48.511,0.9975,0.9979,8.00,3.70
2007.11.30 07:05:48.739,0.9975,0.9979,8.00,3.70
2007.11.30 07:05:48.966,0.9975,0.9978,8.00,0.40
2007.11.30 07:05:49.234,0.9975,0.9978,8.00,0.40
2007.11.30 07:05:49.501,0.9975,0.9978,8.00,0.40
2007.11.30 07:05:49.769,0.9975,0.9979,8.00,2.90
2007.11.30 07:05:50.036,0.9975,0.9979,8.00,2.90
2007.11.30 07:05:50.283,0.9975,0.9978,8.00,0.40
2007.11.30 07:05:50.531,0.9975,0.9979,8.00,2.90
2007.11.30 07:05:50.779,0.9975,0.9978,8.00,0.40
2007.11.30 07:05:51.026,0.9975,0.9978,8.00,0.40
2007.11.30 07:05:51.227,0.9975,0.9979,8.00,2.90
2007.11.30 07:05:51.430,0.9975,0.9979,8.00,2.90
2007.11.30 07:05:51.633,0.9975,0.9978,8.00,0.40
2007.11.30 07:05:51.836,0.9975,0.9979,8.00,2.90
2007.11.30 07:05:52.043,0.9975,0.9979,8.00,2.90
2007.11.30 07:05:52.247,0.9975,0.9978,8.00,0.40
2007.11.30 07:05:52.449,0.9975,0.9978,8.00,0.40
2007.11.30 07:05:52.652,0.9975,0.9978,8.00,0.40
2007.11.30 07:05:52.854,0.9975,0.9978,8.00,0.40
2007.11.30 07:05:53.082,0.9975,0.9979,8.00,2.90
2007.11.30 07:05:53.309,0.9975,0.9978,8.00,0.40
2007.11.30 07:05:53.537,0.9975,0.9979,8.00,2.90
2007.11.30 07:05:53.782,0.9975,0.9978,8.00,0.40
2007.11.30 07:05:54.008,0.9975,0.9978,8.00,0.40
2007.11.30 07:05:54.214,0.9975,0.9978,8.00,0.40
2007.11.30 07:05:54.420,0.9975,0.9978,8.00,0.40
2007.11.30 07:05:54.628,0.9975,0.9979,8.00,2.90
2007.11.30 07:05:54.836,0.9975,0.9979,8.00,2.90
2007.11.30 07:05:55.044,0.9975,0.9978,8.00,0.40
2007.11.30 07:05:55.251,0.9975,0.9979,8.00,2.90
2007.11.30 07:05:55.503,0.9975,0.9978,8.00,0.40
2007.11.30 07:05:55.756,0.9975,0.9978,8.00,0.40
2007.11.30 07:05:56.008,0.9975,0.9979,7.80,2.90
2007.11.30 07:05:56.261,0.9975,0.9979,7.80,3.70
2007.11.30 07:05:56.529,0.9975,0.9979,7.80,3.70
2007.11.30 07:05:56.797,0.9975,0.9978,7.80,0.40
2007.11.30 07:05:57.064,0.9975,0.9978,7.80,0.40
2007.11.30 07:05:57.312,0.9975,0.9978,7.80,0.40
2007.11.30 07:05:57.560,0.9975,0.9979,7.80,3.70
2007.11.30 07:05:57.807,0.9975,0.9979,7.80,3.70
2007.11.30 07:05:58.055,0.9975,0.9978,7.80,0.40
2007.11.30 07:05:58.303,0.9975,0.9978,7.80,0.40
2007.11.30 07:05:58.500,0.9975,0.9978,7.80,0.40
2007.11.30 07:05:58.698,0.9975,0.9978,7.80,0.40
2007.11.30 07:05:58.895,0.9975,0.9978,7.80,0.40
2007.11.30 07:05:59.093,0.9975,0.9978,7.80,0.40
2007.11.30 07:05:59.290,0.9975,0.9979,7.80,3.70
2007.11.30 07:05:59.553,0.9975,0.9979,7.80,3.70
2007.11.30 07:05:59.944,0.9975,0.9978,7.80,0.40
2007.11.30 07:06:00.205,0.9975,0.9978,7.80,0.40
2007.11.30 07:06:00.466,0.9975,0.9979,7.80,3.70
2007.11.30 07:06:00.674,0.9975,0.9979,7.80,3.70
2007.11.30 07:06:00.882,0.9975,0.9979,7.80,3.70
2007.11.30 07:06:01.090,0.9975,0.9979,7.80,3.70
2007.11.30 07:06:01.297,0.9975,0.9979,7.80,3.70
2007.11.30 07:06:01.604,0.9975,0.9978,7.80,0.40
2007.11.30 07:06:01.911,0.9975,0.9979,7.80,3.70
2007.11.30 07:06:02.219,0.9975,0.9979,7.80,3.70
2007.11.30 07:06:02.525,0.9975,0.9979,7.80,3.70
2007.11.30 07:06:02.813,0.9975,0.9979,7.80,3.70
2007.11.30 07:06:03.102,0.99755,0.9978,2.40,0.50
2007.11.30 07:06:03.389,0.99755,0.99785,2.40,6.70
2007.11.30 07:06:03.603,0.99755,0.9978,2.40,0.70
2007.11.30 07:06:03.816,0.99755,0.99785,2.40,6.70
2007.11.30 07:06:04.028,0.99755,0.99785,2.40,6.70
2007.11.30 07:06:04.242,0.99755,0.99785,2.40,6.70
2007.11.30 07:06:04.454,0.99755,0.9978,2.40,0.50
2007.11.30 07:06:04.781,0.99755,0.99785,2.40,6.70
2007.11.30 07:06:05.110,0.99755,0.99785,2.40,6.70
2007.11.30 07:06:05.438,0.99755,0.99785,2.40,6.70
2007.11.30 07:06:05.611,0.99755,0.99785,2.40,6.70
2007.11.30 07:06:05.783,0.99755,0.99785,2.40,6.70
2007.11.30 07:06:06.106,0.99755,0.9978,2.40,0.90
2007.11.30 07:06:06.279,0.99755,0.99785,2.40,6.70
2007.11.30 07:06:06.451,0.99755,0.99785,2.40,6.70
2007.11.30 07:06:06.785,0.99755,0.9978,2.40,0.90
2007.11.30 07:06:07.118,0.99755,0.99785,2.40,6.70
2007.11.30 07:06:07.451,0.99755,0.99785,2.40,6.70
2007.11.30 07:06:07.694,0.99755,0.99785,2.40,6.70
2007.11.30 07:06:07.937,0.99755,0.9978,2.40,0.70
2007.11.30 07:06:08.179,0.99755,0.9978,2.40,0.80
2007.11.30 07:06:08.423,0.99755,0.99785,2.40,6.70
2007.11.30 07:06:08.666,0.99755,0.99785,2.40,6.70
2007.11.30 07:06:08.974,0.99755,0.99785,2.40,6.70
2007.11.30 07:06:09.281,0.99755,0.99785,2.40,6.70
2007.11.30 07:06:09.588,0.99755,0.9978,2.40,0.80
2007.11.30 07:06:09.898,0.99755,0.99785,2.40,6.70
2007.11.30 07:06:10.050,0.99755,0.99785,2.40,6.70
2007.11.30 07:06:10.203,0.99755,0.9978,2.40,0.50
2007.11.30 07:06:10.359,0.99755,0.9978,2.40,0.90
2007.11.30 07:06:10.512,0.99755,0.99785,2.40,6.70
2007.11.30 07:06:10.665,0.99755,0.9978,2.40,0.90
2007.11.30 07:06:10.977,0.99755,0.99785,2.40,6.70
2007.11.30 07:06:11.297,0.99755,0.99785,2.40,6.70
2007.11.30 07:06:11.610,0.99755,0.99785,2.40,6.70
2007.11.30 07:06:11.798,0.99755,0.9978,2.40,0.80
2007.11.30 07:06:11.986,0.99755,0.99785,2.40,6.70
2007.11.30 07:06:12.268,0.99755,0.9978,2.40,0.90
2007.11.30 07:06:12.457,0.99755,0.99785,2.40,6.70
2007.11.30 07:06:12.643,0.99755,0.99785,2.40,6.70
2007.11.30 07:06:12.857,0.99755,0.99785,2.40,6.70
2007.11.30 07:06:13.072,0.99755,0.99785,2.40,6.70
2007.11.30 07:06:13.285,0.99755,0.9978,2.40,0.80
2007.11.30 07:06:13.498,0.99755,0.99785,2.40,6.70
2007.11.30 07:06:13.716,0.99755,0.99785,2.40,6.70
2007.11.30 07:06:13.989,0.99755,0.9978,2.40,0.80
2007.11.30 07:06:14.262,0.99755,0.9978,2.40,0.70
2007.11.30 07:06:14.531,0.99755,0.9978,2.40,1.10
2007.11.30 07:06:14.799,0.99755,0.9978,2.40,1.10
2007.11.30 07:06:15.024,0.99755,0.9978,2.40,1.10
2007.11.30 07:06:15.242,0.99755,0.9978,2.40,1.10
2007.11.30 07:06:15.460,0.99755,0.9978,2.40,1.10
2007.11.30 07:06:15.679,0.99755,0.9978,2.40,1.10
2007.11.30 07:06:15.895,0.99755,0.9978,2.40,1.10
2007.11.30 07:06:16.188,0.99755,0.9978,2.40,1.10
2007.11.30 07:06:16.489,0.99755,0.9978,2.40,1.10
2007.11.30 07:06:16.783,0.99755,0.9978,2.40,1.10
2007.11.30 07:06:17.084,0.99755,0.9978,2.40,1.10
2007.11.30 07:06:17.304,0.99755,0.9978,2.40,1.10
2007.11.30 07:06:17.532,0.99755,0.9978,2.40,1.10
2007.11.30 07:06:17.760,0.99755,0.9978,2.40,1.10
2007.11.30 07:06:17.987,0.99755,0.9978,2.40,1.10
2007.11.30 07:06:18.191,0.99755,0.9978,2.40,1.10
2007.11.30 07:06:18.444,0.99755,0.9978,2.40,1.10
2007.11.30 07:06:18.644,0.99775,0.99785,0.10,0.40
2007.11.30 07:06:18.848,0.99775,0.99785,0.10,0.40
2007.11.30 07:06:19.051,0.99775,0.99785,0.10,0.20
2007.11.30 07:06:19.386,0.99775,0.99785,0.10,0.20
2007.11.30 07:06:19.719,0.99775,0.99785,0.10,0.20
2007.11.30 07:06:20.061,0.99775,0.99785,0.10,0.20
2007.11.30 07:06:20.284,0.99775,0.99785,0.10,0.20
2007.11.30 07:06:20.507,0.99775,0.99785,0.10,0.20
2007.11.30 07:06:20.730,0.99775,0.99785,0.10,0.20
2007.11.30 07:06:20.953,0.99775,0.99795,0.10,4.60
2007.11.30 07:06:21.184,0.99775,0.99795,0.10,4.60
2007.11.30 07:06:21.489,0.99775,0.99795,0.10,4.60
2007.11.30 07:06:21.792,0.99775,0.99795,0.10,4.60
2007.11.30 07:06:22.096,0.99775,0.99795,0.10,4.60
2007.11.30 07:06:22.279,0.99775,0.99795,0.10,4.60
2007.11.30 07:06:22.457,0.99775,0.99795,0.10,4.60
2007.11.30 07:06:22.637,0.99775,0.99795,0.10,4.60
2007.11.30 07:06:22.813,0.99775,0.99795,0.10,4.60
2007.11.30 07:06:22.991,0.99775,0.99795,0.10,4.60
2007.11.30 07:06:23.175,0.99775,0.99795,0.10,4.60
2007.11.30 07:06:23.464,0.99775,0.99795,0.10,4.60
2007.11.30 07:06:23.752,0.99775,0.99795,0.10,4.60
2007.11.30 07:06:24.040,0.99775,0.99795,0.10,4.60
2007.11.30 07:06:24.328,0.99775,0.99795,0.10,4.60
2007.11.30 07:06:24.601,0.99775,0.99795,0.10,4.60
2007.11.30 07:06:24.798,0.99775,0.99795,0.10,4.60
2007.11.30 07:06:25.001,0.99775,0.99795,0.10,4.60
2007.11.30 07:06:25.193,0.99775,0.99795,0.10,4.60
2007.11.30 07:06:25.426,0.99775,0.99795,0.10,4.60
2007.11.30 07:06:25.660,0.99775,0.99795,0.10,4.60
2007.11.30 07:06:25.893,0.99775,0.99795,0.10,4.60
2007.11.30 07:06:26.128,0.99775,0.99795,0.10,4.60
2007.11.30 07:06:26.361,0.99775,0.99795,0.10,4.60
2007.11.30 07:06:26.679,0.99775,0.99795,0.10,4.60
2007.11.30 07:06:26.997,0.99775,0.99795,0.10,4.60
2007.11.30 07:06:27.315,0.99775,0.99795,0.10,4.60
2007.11.30 07:06:27.513,0.99775,0.99795,0.10,4.60
2007.11.30 07:06:27.711,0.99775,0.99795,0.10,4.60
2007.11.30 07:06:27.913,0.99775,0.99795,0.10,4.60
2007.11.30 07:06:28.111,0.99775,0.99795,0.10,4.60
2007.11.30 07:06:28.315,0.99775,0.99795,0.10,4.90
2007.11.30 07:06:28.649,0.99775,0.99795,0.10,4.90
2007.11.30 07:06:28.982,0.99775,0.99795,0.10,4.90
2007.11.30 07:06:29.319,0.99775,0.99795,0.10,4.90
2007.11.30 07:06:29.562,0.99775,0.99795,0.10,4.90
2007.11.30 07:06:29.811,0.99775,0.99795,0.10,4.90
2007.11.30 07:06:30.048,0.99775,0.99795,0.10,4.90
2007.11.30 07:06:30.291,0.99775,0.99795,0.10,4.90
2007.11.30 07:06:30.510,0.99775,0.99795,0.10,4.90
2007.11.30 07:06:30.778,0.99775,0.99795,0.10,4.90
2007.11.30 07:06:30.998,0.99775,0.99795,0.10,4.90
2007.11.30 07:06:31.218,0.99775,0.99795,0.10,4.90
2007.11.30 07:06:31.437,0.99775,0.99795,0.10,4.90
2007.11.30 07:06:31.716,0.99775,0.99795,0.10,4.90
2007.11.30 07:06:31.996,0.99775,0.99795,0.10,4.90
2007.11.30 07:06:32.274,0.99775,0.99795,0.10,4.90
2007.11.30 07:06:32.558,0.99775,0.99795,0.10,4.90
2007.11.30 07:06:32.776,0.99775,0.99795,0.10,4.90
2007.11.30 07:06:32.994,0.99775,0.99795,0.10,4.90
2007.11.30 07:06:33.212,0.99775,0.99795,0.10,4.90
2007.11.30 07:06:33.431,0.99775,0.99795,0.10,4.90
2007.11.30 07:06:33.705,0.99775,0.99795,0.10,4.90
2007.11.30 07:06:33.976,0.9977,0.9979,0.10,0.50
2007.11.30 07:06:34.251,0.9977,0.9979,0.10,0.50
2007.11.30 07:06:34.524,0.9977,0.9979,0.10,0.50
2007.11.30 07:06:34.776,0.9977,0.9979,0.10,0.50
2007.11.30 07:06:35.036,0.9977,0.9979,0.10,0.50
2007.11.30 07:06:35.282,0.9977,0.9979,0.10,0.50
2007.11.30 07:06:35.536,0.9977,0.9979,0.10,0.50
2007.11.30 07:06:35.805,0.9977,0.9979,0.10,0.50
2007.11.30 07:06:36.073,0.9977,0.9979,0.10,0.50
2007.11.30 07:06:36.341,0.9977,0.9979,0.10,0.50
2007.11.30 07:06:36.609,0.9977,0.9979,0.10,0.50
2007.11.30 07:06:36.941,0.9977,0.9979,0.10,0.50
2007.11.30 07:06:37.193,0.9977,0.9979,0.10,0.50
2007.11.30 07:06:37.445,0.9977,0.9979,0.10,0.50
2007.11.30 07:06:37.698,0.9977,0.9979,0.10,0.50
2007.11.30 07:06:37.931,0.9977,0.9979,0.10,0.50
2007.11.30 07:06:38.164,0.9977,0.9979,0.10,0.50
2007.11.30 07:06:38.398,0.9977,0.9979,0.10,0.50
2007.11.30 07:06:38.632,0.9977,0.9979,0.10,0.50
2007.11.30 07:06:38.921,0.9977,0.9979,0.10,0.50
2007.11.30 07:06:39.208,0.9977,0.9979,0.10,0.50
2007.11.30 07:06:39.496,0.9977,0.9979,0.10,0.50
2007.11.30 07:06:39.787,0.9977,0.9979,0.10,0.50
2007.11.30 07:06:40.076,0.9977,0.9979,0.10,0.50
2007.11.30 07:06:40.364,0.9977,0.9979,0.10,0.50
2007.11.30 07:06:40.652,0.9977,0.9979,0.10,0.50
2007.11.30 07:06:40.935,0.9977,0.9979,0.10,0.50
2007.11.30 07:06:41.218,0.9977,0.9979,0.10,0.50
2007.11.30 07:06:41.501,0.9977,0.9979,0.10,0.50
2007.11.30 07:06:41.783,0.9977,0.9979,0.10,0.50
2007.11.30 07:06:42.021,0.99775,0.99795,0.10,7.30
2007.11.30 07:06:42.260,0.99775,0.99795,0.10,3.30
2007.11.30 07:06:42.498,0.99775,0.99795,0.10,3.30
2007.11.30 07:06:42.737,0.99775,0.99795,0.10,0.90
2007.11.30 07:06:43.114,0.99775,0.99795,0.10,0.90
2007.11.30 07:06:43.373,0.99775,0.99795,0.10,0.90
2007.11.30 07:06:43.637,0.99775,0.99795,0.10,0.90
2007.11.30 07:06:43.894,0.99775,0.99795,0.10,0.90
2007.11.30 07:06:44.119,0.99775,0.99795,0.10,0.90
2007.11.30 07:06:44.344,0.99775,0.99795,0.10,0.90
2007.11.30 07:06:44.567,0.99775,0.99795,0.10,0.90
2007.11.30 07:06:44.792,0.99775,0.99795,0.10,0.90
2007.11.30 07:06:44.979,0.99775,0.99795,0.10,0.90
2007.11.30 07:06:45.167,0.99775,0.99795,0.10,0.90
2007.11.30 07:06:45.355,0.99775,0.99795,0.10,0.90
2007.11.30 07:06:45.542,0.99775,0.99795,0.10,0.90
2007.11.30 07:06:45.737,0.99775,0.99795,0.10,0.90
2007.11.30 07:06:45.926,0.99775,0.99795,0.10,0.90
2007.11.30 07:06:46.200,0.99775,0.99795,0.10,0.90
2007.11.30 07:06:46.472,0.99775,0.99795,0.10,0.90
2007.11.30 07:06:46.746,0.99775,0.99795,0.10,0.90
2007.11.30 07:06:47.019,0.99775,0.99795,0.10,0.90
2007.11.30 07:06:47.197,0.99775,0.99795,0.10,0.90
2007.11.30 07:06:47.378,0.99775,0.99795,0.10,0.90
2007.11.30 07:06:47.555,0.99775,0.99795,0.10,0.90
2007.11.30 07:06:47.733,0.99775,0.99795,0.10,0.90
2007.11.30 07:06:47.918,0.99775,0.99795,0.10,0.90
2007.11.30 07:06:48.089,0.99775,0.99795,0.10,0.90
2007.11.30 07:06:48.342,0.99775,0.99795,0.10,0.90
2007.11.30 07:06:48.595,0.99775,0.99795,0.10,0.90
2007.11.30 07:06:48.648,0.99775,0.998,0.10,1.40
2007.11.30 07:06:48.848,0.99775,0.99795,0.10,0.90
2007.11.30 07:06:49.107,0.99775,0.99795,0.10,0.90
2007.11.30 07:06:49.294,0.99775,0.998,0.10,1.40
2007.11.30 07:06:49.486,0.99775,0.998,0.10,1.40
2007.11.30 07:06:49.679,0.99775,0.998,0.10,1.40
2007.11.30 07:06:49.871,0.99775,0.998,0.10,1.40
2007.11.30 07:06:50.064,0.99775,0.99795,0.10,0.90
2007.11.30 07:06:50.257,0.99775,0.99795,0.10,0.90
2007.11.30 07:06:50.510,0.99775,0.99795,0.10,0.90
2007.11.30 07:06:50.763,0.99775,0.99795,0.10,0.90
2007.11.30 07:06:51.017,0.9977,0.9979,0.10,0.50
2007.11.30 07:06:51.272,0.9977,0.99795,0.10,7.00
2007.11.30 07:06:51.470,0.9977,0.99795,0.10,7.80
2007.11.30 07:06:51.668,0.9977,0.9979,0.10,0.50
2007.11.30 07:06:51.865,0.9977,0.99795,0.10,7.80
2007.11.30 07:06:52.064,0.9977,0.99795,0.10,7.80
2007.11.30 07:06:52.262,0.9977,0.9979,0.10,0.50
2007.11.30 07:06:52.536,0.9977,0.9979,0.10,0.50
2007.11.30 07:06:52.809,0.9977,0.99795,0.10,7.80
2007.11.30 07:06:53.082,0.9977,0.9979,0.10,0.50
2007.11.30 07:06:53.355,0.9977,0.99795,0.10,7.80
2007.11.30 07:06:53.563,0.9977,0.99795,0.10,7.80
2007.11.30 07:06:53.771,0.9977,0.99795,0.10,7.80
2007.11.30 07:06:53.980,0.9977,0.99795,0.10,7.80
2007.11.30 07:06:54.188,0.9977,0.99795,0.10,7.80
2007.11.30 07:06:54.396,0.9977,0.9979,0.10,0.50
2007.11.30 07:06:54.639,0.9977,0.9979,0.10,0.50
2007.11.30 07:06:54.882,0.9977,0.99795,0.10,7.80
2007.11.30 07:06:55.125,0.9977,0.9979,0.10,0.50
2007.11.30 07:06:55.437,0.9977,0.99795,0.10,7.80
2007.11.30 07:06:55.659,0.9977,0.99795,0.10,7.80
2007.11.30 07:06:55.883,0.9977,0.99795,0.10,7.80
2007.11.30 07:06:56.106,0.9977,0.99795,0.10,7.80
2007.11.30 07:06:56.328,0.9977,0.9979,0.10,0.50
2007.11.30 07:06:56.552,0.9977,0.99795,0.10,7.80
2007.11.30 07:06:56.815,0.9977,0.99795,0.10,7.80
2007.11.30 07:06:57.078,0.9977,0.99795,0.10,7.80
2007.11.30 07:06:57.342,0.9977,0.9979,0.10,0.50
2007.11.30 07:06:57.605,0.9977,0.99795,0.10,7.80
2007.11.30 07:06:57.779,0.9977,0.9979,0.10,0.50
2007.11.30 07:06:57.953,0.9977,0.9979,0.10,0.50
2007.11.30 07:06:58.134,0.9977,0.99795,0.10,7.80
2007.11.30 07:06:58.306,0.9977,0.99795,0.10,7.80
2007.11.30 07:06:58.478,0.9977,0.99795,0.10,7.80
2007.11.30 07:06:58.653,0.9977,0.99795,0.10,7.80
2007.11.30 07:06:58.915,0.9977,0.99795,0.10,7.80
2007.11.30 07:06:59.178,0.9977,0.9979,0.10,0.50
2007.11.30 07:06:59.441,0.9977,0.9979,0.10,0.50
2007.11.30 07:06:59.704,0.9977,0.9979,0.10,0.50
2007.11.30 07:06:59.912,0.9977,0.99795,0.10,7.80
2007.11.30 07:07:00.120,0.9977,0.9979,0.10,0.50
2007.11.30 07:07:00.327,0.9977,0.99795,0.10,7.80
2007.11.30 07:07:00.536,0.9977,0.9979,0.10,0.50
2007.11.30 07:07:00.743,0.9977,0.99795,0.10,7.80
2007.11.30 07:07:01.046,0.9977,0.99795,0.10,7.80
2007.11.30 07:07:01.350,0.9977,0.9979,0.10,0.50
2007.11.30 07:07:01.651,0.9977,0.99795,0.10,7.80
2007.11.30 07:07:01.955,0.9977,0.99795,0.10,7.80
2007.11.30 07:07:02.184,0.9977,0.9979,0.10,0.50
2007.11.30 07:07:02.412,0.9977,0.99795,0.10,7.80
2007.11.30 07:07:02.640,0.9977,0.99795,0.10,7.80
2007.11.30 07:07:02.869,0.9977,0.99795,0.10,7.80
2007.11.30 07:07:03.167,0.9977,0.99795,0.10,7.80
2007.11.30 07:07:03.465,0.9977,0.99795,0.10,7.80
2007.11.30 07:07:03.767,0.9977,0.99795,0.10,7.80
2007.11.30 07:07:03.984,0.9977,0.9979,0.10,0.50
2007.11.30 07:07:04.203,0.9977,0.99795,0.10,7.80
2007.11.30 07:07:04.420,0.9977,0.99795,0.10,7.80
2007.11.30 07:07:04.637,0.9977,0.99795,0.10,7.80
2007.11.30 07:07:04.856,0.9977,0.99795,0.10,7.80
2007.11.30 07:07:05.165,0.9977,0.99795,0.10,7.80
2007.11.30 07:07:05.473,0.9977,0.99795,0.10,7.80
2007.11.30 07:07:05.782,0.9977,0.9979,0.10,0.50
2007.11.30 07:07:06.090,0.9977,0.9979,0.10,0.50
2007.11.30 07:07:06.302,0.9977,0.9979,0.10,0.50
2007.11.30 07:07:06.516,0.9977,0.99795,0.10,7.80
2007.11.30 07:07:06.729,0.9977,0.99795,0.10,7.80
2007.11.30 07:07:06.942,0.9977,0.99795,0.10,7.80
2007.11.30 07:07:07.160,0.9977,0.9979,0.10,0.50
2007.11.30 07:07:07.378,0.9977,0.99795,0.10,7.80
2007.11.30 07:07:07.596,0.9977,0.9979,0.10,0.50
2007.11.30 07:07:07.813,0.9977,0.99795,0.10,7.80
2007.11.30 07:07:08.032,0.9977,0.99795,0.10,7.80
2007.11.30 07:07:08.265,0.9977,0.99795,0.10,7.80
2007.11.30 07:07:08.498,0.9977,0.9979,0.10,0.50
2007.11.30 07:07:08.731,0.9977,0.9979,0.10,0.50
2007.11.30 07:07:08.964,0.9977,0.99795,0.10,7.80
2007.11.30 07:07:09.197,0.9977,0.9979,0.10,0.50
2007.11.30 07:07:09.444,0.9977,0.99795,0.10,7.80
2007.11.30 07:07:09.692,0.9977,0.9979,0.10,0.50
2007.11.30 07:07:09.941,0.9977,0.9979,0.10,0.50
2007.11.30 07:07:10.188,0.9977,0.99795,0.10,7.80
2007.11.30 07:07:10.408,0.9977,0.99795,0.10,7.80
2007.11.30 07:07:10.626,0.9977,0.99795,0.10,7.80
2007.11.30 07:07:10.843,0.9977,0.99795,0.10,7.80
2007.11.30 07:07:11.063,0.9977,0.9979,0.10,0.50
2007.11.30 07:07:11.280,0.9977,0.99795,0.10,7.80
2007.11.30 07:07:11.513,0.9977,0.99795,0.10,7.80
2007.11.30 07:07:11.745,0.9977,0.99795,0.10,7.80
2007.11.30 07:07:11.978,0.9977,0.99795,0.10,7.80
2007.11.30 07:07:12.211,0.9977,0.99795,0.10,7.80
2007.11.30 07:07:12.408,0.9977,0.9979,0.10,0.50
2007.11.30 07:07:12.606,0.9977,0.99795,0.10,7.80
2007.11.30 07:07:12.804,0.9977,0.9979,0.10,0.50
2007.11.30 07:07:13.007,0.9977,0.9979,0.10,0.50
2007.11.30 07:07:13.204,0.9977,0.99795,0.10,7.80
2007.11.30 07:07:13.440,0.9977,0.9979,0.10,0.50
2007.11.30 07:07:13.673,0.9977,0.9979,0.10,0.50
2007.11.30 07:07:13.927,0.9977,0.99795,0.10,7.80
2007.11.30 07:07:14.161,0.9977,0.99795,0.10,7.80
2007.11.30 07:07:14.417,0.9977,0.99795,0.10,7.80
2007.11.30 07:07:14.671,0.9977,0.99795,0.10,7.80
2007.11.30 07:07:14.924,0.9977,0.99795,0.10,7.80
2007.11.30 07:07:15.177,0.9977,0.99795,0.10,7.80
2007.11.30 07:07:15.390,0.9977,0.99795,0.10,7.80
2007.11.30 07:07:15.602,0.9977,0.99795,0.10,7.80
2007.11.30 07:07:15.815,0.9977,0.99795,0.10,7.80
2007.11.30 07:07:16.029,0.9977,0.99795,0.10,7.80
2007.11.30 07:07:16.242,0.9977,0.9979,0.10,0.50
2007.11.30 07:07:16.515,0.9977,0.9979,0.10,0.50
2007.11.30 07:07:16.787,0.9977,0.99795,0.10,7.80
2007.11.30 07:07:17.059,0.9977,0.9979,0.10,0.50
2007.11.30 07:07:17.332,0.9977,0.9979,0.10,0.50
2007.11.30 07:07:17.564,0.9977,0.9979,0.10,0.50
2007.11.30 07:07:17.798,0.9977,0.9979,0.10,0.50
2007.11.30 07:07:18.030,0.9977,0.9979,0.10,0.50
2007.11.30 07:07:18.262,0.9977,0.9979,0.10,0.50
2007.11.30 07:07:18.496,0.9977,0.9979,0.10,0.50
2007.11.30 07:07:18.744,0.9977,0.9979,0.10,0.50
2007.11.30 07:07:18.991,0.9977,0.9979,0.10,0.50
2007.11.30 07:07:19.240,0.9977,0.9979,0.10,0.50
2007.11.30 07:07:19.488,0.9977,0.9979,0.10,0.50
2007.11.30 07:07:19.720,0.9977,0.9979,0.10,0.50
2007.11.30 07:07:20.089,0.9977,0.9979,0.10,0.50
2007.11.30 07:07:20.321,0.9977,0.9979,0.10,0.50
2007.11.30 07:07:20.523,0.9977,0.9979,0.10,0.50
2007.11.30 07:07:20.725,0.9977,0.9979,0.10,0.50
2007.11.30 07:07:20.928,0.9977,0.9979,0.10,0.50
2007.11.30 07:07:21.130,0.99765,0.9979,2.40,1.20
2007.11.30 07:07:21.333,0.9976,0.9979,3.00,1.20
2007.11.30 07:07:21.535,0.9976,0.9979,3.00,1.20
2007.11.30 07:07:21.837,0.9976,0.9979,5.40,1.20
2007.11.30 07:07:22.141,0.9976,0.9979,5.40,1.20
2007.11.30 07:07:22.443,0.9976,0.9979,5.40,1.20
2007.11.30 07:07:22.656,0.9976,0.9979,5.40,1.20
2007.11.30 07:07:22.868,0.9976,0.9979,5.40,1.20
2007.11.30 07:07:23.081,0.9976,0.9979,5.40,1.20
2007.11.30 07:07:23.294,0.9976,0.9979,5.40,1.20
2007.11.30 07:07:23.506,0.9976,0.9979,5.40,1.20
2007.11.30 07:07:23.714,0.9976,0.9979,5.40,1.20
2007.11.30 07:07:23.921,0.9976,0.9979,5.40,1.20
2007.11.30 07:07:24.128,0.9976,0.9979,5.40,1.20
2007.11.30 07:07:24.335,0.9976,0.9979,5.40,1.20
2007.11.30 07:07:24.543,0.9976,0.9979,5.40,1.20
2007.11.30 07:07:24.835,0.9976,0.9979,5.40,1.20
2007.11.30 07:07:25.127,0.9976,0.9979,5.40,1.20
2007.11.30 07:07:25.419,0.9976,0.9979,5.40,1.20
2007.11.30 07:07:25.711,0.9976,0.9979,5.40,1.20
2007.11.30 07:07:25.929,0.9976,0.9979,5.40,1.20
2007.11.30 07:07:26.250,0.9976,0.9979,5.40,1.20
2007.11.30 07:07:26.466,0.9976,0.9979,5.40,1.20
2007.11.30 07:07:26.684,0.9976,0.9979,5.40,1.20
2007.11.30 07:07:26.951,0.9976,0.9979,5.40,1.20
2007.11.30 07:07:27.219,0.9976,0.9979,5.40,1.20
2007.11.30 07:07:27.487,0.9976,0.9979,5.40,1.20
2007.11.30 07:07:27.754,0.9976,0.9979,5.40,1.20
2007.11.30 07:07:27.984,0.9976,0.9979,5.40,1.20
2007.11.30 07:07:28.211,0.9976,0.9979,5.40,1.20
2007.11.30 07:07:28.438,0.9976,0.9979,5.40,1.20
2007.11.30 07:07:28.665,0.9976,0.9979,5.40,1.20
2007.11.30 07:07:28.893,0.9976,0.9979,5.40,1.20
2007.11.30 07:07:29.070,0.9976,0.9979,5.40,1.20
2007.11.30 07:07:29.248,0.9976,0.9979,5.40,1.20
2007.11.30 07:07:29.426,0.9976,0.9979,5.40,1.20
2007.11.30 07:07:29.603,0.9976,0.9979,5.40,1.20
2007.11.30 07:07:29.781,0.9976,0.9979,5.40,1.20
2007.11.30 07:07:30.059,0.9976,0.9979,5.40,1.20
2007.11.30 07:07:30.336,0.9976,0.9979,5.40,1.20
2007.11.30 07:07:30.614,0.9976,0.9979,5.40,1.20
2007.11.30 07:07:30.891,0.9976,0.9979,5.40,1.20
2007.11.30 07:07:31.108,0.9976,0.9979,5.40,1.20
2007.11.30 07:07:31.327,0.9976,0.9979,5.40,1.20
2007.11.30 07:07:31.545,0.9976,0.9979,5.40,1.20
2007.11.30 07:07:31.762,0.9976,0.9979,5.40,1.20
2007.11.30 07:07:32.029,0.9976,0.9979,5.40,1.20
2007.11.30 07:07:32.422,0.9976,0.9979,5.40,1.20
2007.11.30 07:07:32.689,0.9976,0.9979,5.40,1.20
2007.11.30 07:07:32.956,0.9976,0.9979,5.40,1.20
2007.11.30 07:07:33.203,0.9976,0.9979,5.40,1.20
2007.11.30 07:07:33.450,0.9976,0.9979,5.40,1.20
2007.11.30 07:07:33.698,0.9976,0.9979,5.40,1.20
2007.11.30 07:07:33.946,0.9976,0.9979,5.40,1.20
2007.11.30 07:07:34.218,0.9976,0.9979,5.40,1.20
2007.11.30 07:07:34.491,0.9976,0.9979,5.40,1.20
2007.11.30 07:07:34.764,0.9976,0.9979,5.40,1.20
2007.11.30 07:07:35.036,0.9976,0.9979,5.40,1.20
2007.11.30 07:07:35.295,0.9976,0.9979,5.40,1.20
2007.11.30 07:07:35.552,0.9976,0.9979,5.40,1.20
2007.11.30 07:07:35.810,0.9976,0.9979,5.40,1.20
2007.11.30 07:07:36.068,0.9976,0.9979,5.40,1.20
2007.11.30 07:07:36.365,0.9976,0.9979,5.40,1.20
2007.11.30 07:07:36.662,0.9976,0.9979,5.40,1.20
2007.11.30 07:07:36.960,0.9976,0.9979,5.40,1.20
2007.11.30 07:07:37.229,0.9976,0.9979,5.40,1.20
2007.11.30 07:07:37.496,0.9976,0.9979,5.40,1.20
2007.11.30 07:07:37.764,0.9976,0.9979,5.40,1.20
2007.11.30 07:07:38.032,0.9976,0.9979,5.40,1.20
2007.11.30 07:07:38.295,0.9976,0.9979,5.40,1.20
2007.11.30 07:07:38.588,0.9976,0.9979,5.40,1.20
2007.11.30 07:07:38.851,0.9976,0.9979,5.40,1.20
2007.11.30 07:07:39.113,0.9976,0.9979,5.40,1.20
2007.11.30 07:07:39.346,0.9976,0.9979,5.40,1.20
2007.11.30 07:07:39.578,0.9976,0.9979,5.40,1.20
2007.11.30 07:07:39.811,0.9976,0.9979,5.40,1.20
2007.11.30 07:07:40.044,0.9976,0.9979,5.40,1.20
2007.11.30 07:07:40.356,0.9976,0.9979,5.40,1.20
2007.11.30 07:07:40.669,0.9976,0.9979,5.40,1.20
2007.11.30 07:07:40.981,0.9976,0.9979,5.40,1.20
2007.11.30 07:07:41.223,0.9976,0.9979,5.40,1.20
2007.11.30 07:07:41.467,0.9976,0.9979,5.40,1.20
2007.11.30 07:07:41.710,0.9976,0.9979,5.40,1.20
2007.11.30 07:07:41.953,0.9976,0.9979,5.40,1.20
2007.11.30 07:07:42.236,0.9976,0.9979,5.40,1.20
2007.11.30 07:07:42.518,0.9976,0.9979,5.40,1.20
2007.11.30 07:07:42.801,0.9976,0.9979,5.40,1.20
2007.11.30 07:07:43.084,0.9976,0.9979,5.40,1.20
2007.11.30 07:07:43.321,0.9976,0.9979,5.40,1.20
2007.11.30 07:07:43.559,0.9976,0.9979,5.40,1.20
2007.11.30 07:07:43.797,0.9976,0.9979,5.40,1.20
2007.11.30 07:07:44.034,0.9976,0.9979,5.40,1.20
2007.11.30 07:07:44.312,0.9976,0.9979,5.40,1.20
2007.11.30 07:07:44.590,0.9976,0.9979,5.40,1.20
2007.11.30 07:07:44.869,0.9976,0.9979,5.40,1.20
2007.11.30 07:07:45.146,0.9976,0.9979,5.40,1.20
2007.11.30 07:07:45.384,0.9976,0.9979,5.40,1.20
2007.11.30 07:07:45.623,0.9976,0.9979,5.40,1.20
2007.11.30 07:07:45.861,0.9976,0.9979,5.40,1.20
2007.11.30 07:07:46.098,0.9976,0.9979,5.40,1.20
2007.11.30 07:07:46.416,0.9976,0.9979,5.40,1.20
2007.11.30 07:07:46.734,0.9976,0.9979,5.40,1.20
2007.11.30 07:07:47.052,0.9976,0.9979,5.40,1.20
2007.11.30 07:07:47.314,0.9976,0.9979,5.40,1.20
2007.11.30 07:07:47.577,0.9976,0.9979,5.40,1.20
2007.11.30 07:07:47.839,0.9976,0.9979,5.40,1.20
2007.11.30 07:07:48.101,0.9976,0.9979,5.40,1.20
2007.11.30 07:07:48.354,0.9976,0.9979,5.40,1.20
2007.11.30 07:07:48.606,0.9976,0.9979,5.40,1.20
2007.11.30 07:07:48.859,0.9976,0.9979,5.40,1.20
2007.11.30 07:07:49.111,0.9976,0.9979,5.40,1.20
2007.11.30 07:07:49.345,0.9976,0.9979,5.40,1.20
2007.11.30 07:07:49.577,0.9976,0.9979,5.40,1.20
2007.11.30 07:07:49.809,0.9976,0.9979,5.40,1.20
2007.11.30 07:07:50.042,0.9976,0.9979,5.40,1.20
2007.11.30 07:07:50.274,0.9976,0.9979,3.00,1.20
2007.11.30 07:07:50.512,0.9976,0.9979,3.00,1.20
2007.11.30 07:07:50.749,0.9976,0.9979,3.00,1.20
2007.11.30 07:07:50.986,0.9976,0.9979,3.00,1.20
2007.11.30 07:07:51.223,0.9976,0.9979,3.00,1.20
2007.11.30 07:07:51.511,0.99765,0.9979,2.40,1.20
2007.11.30 07:07:51.800,0.99765,0.9979,2.40,1.20
2007.11.30 07:07:52.088,0.99765,0.9979,2.40,1.20
2007.11.30 07:07:52.376,0.99765,0.9979,2.40,1.20
2007.11.30 07:07:52.599,0.99765,0.9979,2.40,1.20
2007.11.30 07:07:52.823,0.99775,0.99795,0.10,5.70
2007.11.30 07:07:53.046,0.99775,0.99795,0.10,4.90
2007.11.30 07:07:53.270,0.99775,0.99795,0.10,4.90
2007.11.30 07:07:53.492,0.99775,0.99795,0.10,4.90
2007.11.30 07:07:53.820,0.99775,0.99795,0.10,4.90
2007.11.30 07:07:54.149,0.99775,0.99795,0.10,4.90
2007.11.30 07:07:54.300,0.99775,0.998,0.10,6.10
2007.11.30 07:07:54.477,0.99775,0.99795,0.10,0.90
2007.11.30 07:07:54.655,0.99775,0.99795,0.10,0.60
2007.11.30 07:07:54.833,0.99775,0.998,0.10,6.10
2007.11.30 07:07:55.011,0.99775,0.998,0.10,6.10
2007.11.30 07:07:55.189,0.99775,0.998,0.10,6.10
2007.11.30 07:07:55.367,0.99775,0.99795,0.10,0.90
2007.11.30 07:07:55.685,0.99775,0.99795,0.10,0.50
2007.11.30 07:07:56.003,0.99775,0.99795,0.10,0.60
2007.11.30 07:07:56.321,0.99775,0.998,0.10,6.10
2007.11.30 07:07:56.638,0.99775,0.99795,0.10,0.50
2007.11.30 07:07:56.841,0.99775,0.998,0.10,6.10
2007.11.30 07:07:57.098,0.99775,0.998,0.10,6.10
2007.11.30 07:07:57.303,0.99775,0.998,0.10,6.10
2007.11.30 07:07:57.504,0.99775,0.998,0.10,6.10
2007.11.30 07:07:57.827,0.99775,0.998,0.10,6.10
2007.11.30 07:07:58.149,0.99775,0.998,0.10,6.10
2007.11.30 07:07:58.471,0.99775,0.998,0.10,6.10
2007.11.30 07:07:58.639,0.99775,0.998,0.10,6.10
2007.11.30 07:07:58.807,0.99775,0.998,0.10,6.10
2007.11.30 07:07:58.976,0.99775,0.99795,0.10,0.50
2007.11.30 07:07:59.144,0.99775,0.998,0.10,6.10
2007.11.30 07:07:59.312,0.99775,0.998,0.10,6.10
2007.11.30 07:07:59.480,0.99775,0.998,0.10,6.10
2007.11.30 07:07:59.813,0.99775,0.998,0.10,6.10
2007.11.30 07:08:00.146,0.99775,0.998,0.10,6.90
2007.11.30 07:08:00.478,0.99775,0.99795,0.10,0.50
2007.11.30 07:08:00.666,0.99775,0.998,0.10,6.90
2007.11.30 07:08:00.853,0.99775,0.998,0.10,6.90
2007.11.30 07:08:01.041,0.99775,0.998,0.10,6.90
2007.11.30 07:08:01.229,0.99775,0.998,0.10,6.90
2007.11.30 07:08:01.423,0.99775,0.99795,0.10,0.80
2007.11.30 07:08:01.611,0.99775,0.998,0.10,6.90
2007.11.30 07:08:01.934,0.99775,0.99795,0.10,0.90
2007.11.30 07:08:02.257,0.99775,0.998,0.10,6.90
2007.11.30 07:08:02.580,0.99775,0.99795,0.10,0.80
2007.11.30 07:08:02.738,0.99775,0.998,0.10,6.90
2007.11.30 07:08:02.895,0.99775,0.99795,0.10,0.80
2007.11.30 07:08:03.053,0.99775,0.998,0.10,6.90
2007.11.30 07:08:03.260,0.99775,0.998,0.10,6.90
2007.11.30 07:08:03.415,0.99775,0.998,0.10,6.90
2007.11.30 07:08:03.574,0.99775,0.998,0.10,6.90
2007.11.30 07:08:03.896,0.99775,0.998,0.10,6.90
2007.11.30 07:08:04.218,0.99775,0.998,0.10,6.90
2007.11.30 07:08:04.545,0.99775,0.99795,0.10,0.90
2007.11.30 07:08:04.874,0.99775,0.998,0.10,6.90
2007.11.30 07:08:05.048,0.99775,0.99795,0.10,0.50
2007.11.30 07:08:05.222,0.99775,0.998,0.10,6.90
2007.11.30 07:08:05.395,0.99775,0.998,0.10,6.90
2007.11.30 07:08:05.569,0.99775,0.99795,0.10,0.70
2007.11.30 07:08:05.741,0.99775,0.998,0.10,6.90
2007.11.30 07:08:06.004,0.99775,0.99795,0.10,0.70
2007.11.30 07:08:06.266,0.99775,0.998,0.10,6.90
2007.11.30 07:08:06.529,0.99775,0.998,0.10,6.90
2007.11.30 07:08:06.792,0.99775,0.99795,0.10,0.80
2007.11.30 07:08:07.010,0.99775,0.99795,0.10,0.50
2007.11.30 07:08:07.227,0.99775,0.998,0.10,6.90
2007.11.30 07:08:07.446,0.99775,0.998,0.10,6.90
2007.11.30 07:08:07.664,0.99775,0.998,0.10,6.90
2007.11.30 07:08:07.881,0.99775,0.998,0.10,6.90
2007.11.30 07:08:08.134,0.99775,0.998,0.10,6.90
2007.11.30 07:08:08.388,0.99775,0.99795,0.10,0.90
2007.11.30 07:08:08.641,0.99775,0.99795,0.10,0.60
2007.11.30 07:08:08.894,0.99775,0.99795,0.10,0.70
2007.11.30 07:08:09.171,0.99775,0.99795,0.10,0.80
2007.11.30 07:08:09.450,0.99775,0.99795,0.10,0.90
2007.11.30 07:08:09.728,0.99775,0.99795,0.10,0.60
2007.11.30 07:08:10.006,0.99775,0.998,0.10,6.90
2007.11.30 07:08:10.204,0.99775,0.99795,0.10,0.60
2007.11.30 07:08:10.402,0.99775,0.99795,0.10,0.90
2007.11.30 07:08:10.600,0.99775,0.998,0.10,6.90
2007.11.30 07:08:10.798,0.99775,0.998,0.10,6.90
2007.11.30 07:08:10.997,0.99775,0.998,0.10,6.90
2007.11.30 07:08:11.248,0.99775,0.99795,0.10,0.60
2007.11.30 07:08:11.502,0.99775,0.99795,0.10,0.60
2007.11.30 07:08:11.755,0.99775,0.998,0.10,6.90
2007.11.30 07:08:12.008,0.99775,0.998,0.10,6.90
2007.11.30 07:08:12.231,0.99775,0.998,0.10,6.90
2007.11.30 07:08:12.454,0.99775,0.99795,0.10,0.50
2007.11.30 07:08:12.676,0.99775,0.99795,0.10,0.60
2007.11.30 07:08:12.899,0.99775,0.998,0.10,6.90
2007.11.30 07:08:13.123,0.99775,0.998,0.10,6.90
2007.11.30 07:08:13.391,0.99775,0.99795,0.10,0.70
2007.11.30 07:08:13.659,0.99775,0.998,0.10,6.90
2007.11.30 07:08:13.927,0.99775,0.998,0.10,6.90
2007.11.30 07:08:14.195,0.99775,0.998,0.10,6.90
2007.11.30 07:08:14.380,0.99775,0.998,0.10,6.90
2007.11.30 07:08:14.560,0.99775,0.99795,0.10,0.50
2007.11.30 07:08:14.738,0.99775,0.998,0.10,6.90
2007.11.30 07:08:14.917,0.99775,0.99795,0.10,0.50
2007.11.30 07:08:15.095,0.99775,0.99795,0.10,0.80
2007.11.30 07:08:15.273,0.99775,0.99795,0.10,0.80
2007.11.30 07:08:15.593,0.99775,0.99795,0.10,0.50
2007.11.30 07:08:15.909,0.99775,0.998,0.10,6.90
2007.11.30 07:08:16.228,0.99775,0.99795,0.10,0.80
2007.11.30 07:08:16.440,0.99775,0.998,0.10,6.90
2007.11.30 07:08:16.654,0.99775,0.998,0.10,6.90
2007.11.30 07:08:16.866,0.99775,0.998,0.10,6.90
2007.11.30 07:08:17.080,0.99775,0.99795,0.10,0.90
2007.11.30 07:08:17.292,0.99775,0.99795,0.10,0.60
2007.11.30 07:08:17.570,0.99775,0.998,0.10,6.90
2007.11.30 07:08:17.848,0.99775,0.998,0.10,6.90
2007.11.30 07:08:18.127,0.99775,0.998,0.10,6.90
2007.11.30 07:08:18.405,0.99775,0.998,0.10,6.90
2007.11.30 07:08:18.635,0.99775,0.998,0.10,6.90
2007.11.30 07:08:18.863,0.99775,0.998,0.10,6.90
2007.11.30 07:08:19.091,0.99775,0.998,0.10,6.90
2007.11.30 07:08:19.319,0.99775,0.998,0.10,6.90
2007.11.30 07:08:19.546,0.99775,0.99795,0.10,0.90
2007.11.30 07:08:19.828,0.99775,0.998,0.10,6.90
2007.11.30 07:08:20.110,0.99775,0.99795,0.10,0.80
2007.11.30 07:08:20.394,0.99775,0.99795,0.10,0.90
2007.11.30 07:08:20.638,0.99775,0.99795,0.10,0.60
2007.11.30 07:08:20.880,0.99775,0.99795,0.10,0.70
2007.11.30 07:08:21.130,0.99775,0.998,0.10,6.90
2007.11.30 07:08:21.372,0.99775,0.998,0.10,6.90
2007.11.30 07:08:21.750,0.99775,0.998,0.10,6.90
2007.11.30 07:08:22.003,0.99775,0.99795,0.10,0.70
2007.11.30 07:08:22.256,0.99775,0.998,0.10,6.90
2007.11.30 07:08:22.508,0.99775,0.99795,0.10,0.50
2007.11.30 07:08:22.781,0.99775,0.998,0.10,6.90
2007.11.30 07:08:23.052,0.99755,0.9982,4.00,5.00
2007.11.30 07:08:23.324,0.99755,0.9982,4.00,5.00
2007.11.30 07:08:23.597,0.99755,0.998,4.00,0.80
2007.11.30 07:08:23.879,0.99755,0.998,4.00,0.80
2007.11.30 07:08:24.161,0.99755,0.998,4.00,0.80
2007.11.30 07:08:24.444,0.99755,0.998,4.00,0.80
2007.11.30 07:08:24.658,0.99755,0.998,4.00,0.80
2007.11.30 07:08:24.870,0.99755,0.998,4.00,0.80
2007.11.30 07:08:25.084,0.99755,0.998,4.00,0.80
2007.11.30 07:08:25.303,0.99755,0.998,4.00,0.80
2007.11.30 07:08:25.510,0.99755,0.998,4.00,0.80
2007.11.30 07:08:25.797,0.99755,0.998,4.00,0.80
2007.11.30 07:08:26.085,0.99755,0.998,4.00,0.80
2007.11.30 07:08:26.372,0.99755,0.998,4.00,0.80
2007.11.30 07:08:26.660,0.99755,0.998,4.00,0.80
2007.11.30 07:08:26.948,0.99755,0.998,4.00,0.80
2007.11.30 07:08:27.186,0.99755,0.998,4.00,0.80
2007.11.30 07:08:27.423,0.99755,0.998,4.00,0.80
2007.11.30 07:08:27.661,0.99755,0.998,4.00,0.80
2007.11.30 07:08:27.953,0.99755,0.998,4.00,0.80
2007.11.30 07:08:28.246,0.99755,0.998,4.00,0.80
2007.11.30 07:08:28.539,0.99755,0.998,4.00,0.80
2007.11.30 07:08:28.831,0.99755,0.998,4.00,0.80
2007.11.30 07:08:29.058,0.99755,0.998,4.00,0.80
2007.11.30 07:08:29.286,0.99755,0.998,4.00,0.80
2007.11.30 07:08:29.514,0.99755,0.998,4.00,0.80
2007.11.30 07:08:29.741,0.99755,0.998,4.00,0.80
2007.11.30 07:08:29.969,0.99755,0.998,4.00,0.80
2007.11.30 07:08:33.748,0.9977,0.9979,0.10,0.50
2007.11.30 07:08:34.080,0.9977,0.9979,0.10,0.50
2007.11.30 07:08:34.349,0.9977,0.9979,0.10,0.50
2007.11.30 07:08:34.617,0.9977,0.9979,0.10,0.50
2007.11.30 07:08:34.889,0.9977,0.9979,0.10,0.50
2007.11.30 07:08:35.157,0.9977,0.9979,0.10,0.50
2007.11.30 07:08:35.400,0.9977,0.9979,0.10,0.50
2007.11.30 07:08:35.643,0.9977,0.9979,0.10,0.50
2007.11.30 07:08:35.886,0.9977,0.9979,0.10,0.50
2007.11.30 07:08:36.130,0.9977,0.9979,0.10,0.50
2007.11.30 07:08:36.402,0.9977,0.9979,0.10,0.50
2007.11.30 07:08:36.675,0.9977,0.9979,0.10,0.50
2007.11.30 07:08:36.949,0.9977,0.9979,0.10,0.50
2007.11.30 07:08:37.227,0.9977,0.9979,0.10,0.50
2007.11.30 07:08:37.456,0.9977,0.9979,0.10,0.50
2007.11.30 07:08:37.684,0.9977,0.9979,0.10,0.50
2007.11.30 07:08:37.912,0.9977,0.9979,0.10,0.50
2007.11.30 07:08:38.145,0.9977,0.9979,0.10,0.50
2007.11.30 07:08:38.379,0.9977,0.9979,0.10,0.50
2007.11.30 07:08:38.611,0.9977,0.9979,0.10,0.50
2007.11.30 07:08:38.777,0.9977,0.99795,0.10,7.80
2007.11.30 07:08:38.843,0.9977,0.9979,0.10,0.50
2007.11.30 07:08:39.076,0.9977,0.9979,0.10,0.50
2007.11.30 07:08:39.307,0.9977,0.99795,0.10,7.80
2007.11.30 07:08:39.525,0.9977,0.9979,0.10,0.50
2007.11.30 07:08:39.744,0.9977,0.9979,0.10,0.50
2007.11.30 07:08:39.961,0.9977,0.9979,0.10,0.50
2007.11.30 07:08:40.240,0.9977,0.99795,0.10,7.80
2007.11.30 07:08:40.429,0.9977,0.99795,0.10,7.80
2007.11.30 07:08:40.616,0.9977,0.99795,0.10,7.80
2007.11.30 07:08:40.806,0.9977,0.99795,0.10,7.80
2007.11.30 07:08:40.993,0.9977,0.99795,0.10,7.80
2007.11.30 07:08:41.181,0.9977,0.9979,0.10,0.50
2007.11.30 07:08:41.368,0.9977,0.99795,0.10,7.80
2007.11.30 07:08:41.641,0.9977,0.99795,0.10,7.80
2007.11.30 07:08:41.915,0.9977,0.99795,0.10,7.80
2007.11.30 07:08:42.188,0.9977,0.99795,0.10,7.80
2007.11.30 07:08:42.461,0.9977,0.9979,0.10,0.50
2007.11.30 07:08:42.728,0.9977,0.99795,0.10,7.80
2007.11.30 07:08:42.998,0.9977,0.99795,0.10,7.80
2007.11.30 07:08:43.269,0.9977,0.9979,0.10,0.50
2007.11.30 07:08:43.537,0.9977,0.9979,0.10,0.50
2007.11.30 07:08:43.709,0.9977,0.99795,0.10,7.80
2007.11.30 07:08:43.883,0.9977,0.99795,0.10,7.80
2007.11.30 07:08:44.056,0.9977,0.99795,0.10,7.80
2007.11.30 07:08:44.229,0.9977,0.99795,0.10,7.80
2007.11.30 07:08:44.402,0.9977,0.99795,0.10,7.80
2007.11.30 07:08:44.575,0.9977,0.99795,0.10,7.80
2007.11.30 07:08:44.888,0.9977,0.9979,0.10,0.50
2007.11.30 07:08:45.201,0.9977,0.99795,0.10,7.80
2007.11.30 07:08:45.514,0.9977,0.99795,0.10,7.80
2007.11.30 07:08:45.827,0.9977,0.99795,0.10,7.80
2007.11.30 07:08:46.026,0.9977,0.99795,0.10,7.80
2007.11.30 07:08:46.224,0.9977,0.99795,0.10,7.80
2007.11.30 07:08:46.423,0.9977,0.99795,0.10,7.80
2007.11.30 07:08:46.621,0.9977,0.9979,0.10,0.50
2007.11.30 07:08:46.858,0.9977,0.99795,0.10,7.80
2007.11.30 07:08:47.096,0.9977,0.99795,0.10,7.80
2007.11.30 07:08:47.333,0.9977,0.9979,0.10,0.50
2007.11.30 07:08:47.571,0.9977,0.99795,0.10,7.80
2007.11.30 07:08:47.809,0.9977,0.9979,0.10,0.50
2007.11.30 07:08:48.082,0.9977,0.9979,0.10,0.50
2007.11.30 07:08:48.356,0.9977,0.9979,0.10,0.50
2007.11.30 07:08:48.628,0.9977,0.99795,0.10,7.80
2007.11.30 07:08:48.904,0.9977,0.9979,0.10,0.50
2007.11.30 07:08:49.156,0.9977,0.99795,0.10,7.80
2007.11.30 07:08:49.408,0.9977,0.9979,0.10,0.50
2007.11.30 07:08:49.661,0.9977,0.99795,0.10,7.80
2007.11.30 07:08:49.915,0.9977,0.99795,0.10,7.80
2007.11.30 07:08:50.179,0.9977,0.99795,0.10,7.80
2007.11.30 07:08:50.436,0.9977,0.99795,0.10,7.80
2007.11.30 07:08:50.694,0.9977,0.99795,0.10,7.80
2007.11.30 07:08:50.957,0.9977,0.9979,0.10,0.50
2007.11.30 07:08:51.173,0.9977,0.99795,0.10,7.80
2007.11.30 07:08:51.391,0.9977,0.99795,0.10,7.80
2007.11.30 07:08:51.609,0.9977,0.99795,0.10,7.80
2007.11.30 07:08:51.827,0.9977,0.99795,0.10,7.80
2007.11.30 07:08:52.044,0.9977,0.99795,0.10,7.80
2007.11.30 07:08:52.328,0.9977,0.99795,0.10,7.80
2007.11.30 07:08:52.612,0.9977,0.9979,0.10,0.50
2007.11.30 07:08:52.893,0.9977,0.9979,0.10,0.50
2007.11.30 07:08:53.176,0.9977,0.9979,0.10,0.50
2007.11.30 07:08:53.419,0.9977,0.99795,0.10,7.80
2007.11.30 07:08:53.662,0.9977,0.9979,0.10,0.50
2007.11.30 07:08:53.907,0.9977,0.99795,0.10,7.80
2007.11.30 07:08:54.130,0.9977,0.9979,0.10,0.50
2007.11.30 07:08:54.352,0.9977,0.9979,0.10,0.50
2007.11.30 07:08:54.575,0.9977,0.9979,0.10,0.50
2007.11.30 07:08:54.798,0.9977,0.99795,0.10,7.80
2007.11.30 07:08:55.021,0.9977,0.9979,0.10,0.50
2007.11.30 07:08:55.229,0.9977,0.99795,0.10,7.80
2007.11.30 07:08:55.436,0.9977,0.99795,0.10,7.80
2007.11.30 07:08:55.645,0.9977,0.9979,0.10,0.50
2007.11.30 07:08:55.853,0.9977,0.99795,0.10,7.80
2007.11.30 07:08:56.061,0.9977,0.99795,0.10,7.80
2007.11.30 07:08:56.314,0.9977,0.99795,0.10,7.80
2007.11.30 07:08:56.567,0.9977,0.99795,0.10,7.80
2007.11.30 07:08:56.820,0.9977,0.99795,0.10,7.80
2007.11.30 07:08:57.074,0.9977,0.9979,0.10,0.50
2007.11.30 07:08:57.312,0.9977,0.99795,0.10,7.80
2007.11.30 07:08:57.550,0.9977,0.99795,0.10,7.80
2007.11.30 07:08:57.790,0.9977,0.9979,0.10,0.50
2007.11.30 07:08:58.027,0.9977,0.9979,0.10,0.50
2007.11.30 07:08:58.264,0.9977,0.99795,0.10,7.80
2007.11.30 07:08:58.537,0.9977,0.9979,0.10,0.50
2007.11.30 07:08:58.810,0.9977,0.99795,0.10,7.80
2007.11.30 07:08:59.081,0.9977,0.9979,0.10,0.50
2007.11.30 07:08:59.354,0.9977,0.9979,0.10,0.50
2007.11.30 07:08:59.532,0.9977,0.99795,0.10,7.80
2007.11.30 07:08:59.710,0.9977,0.99795,0.10,7.80
2007.11.30 07:08:59.887,0.9977,0.99795,0.10,7.80
2007.11.30 07:09:00.065,0.9977,0.9979,0.10,0.50
2007.11.30 07:09:00.242,0.9977,0.99795,0.10,7.80
2007.11.30 07:09:00.420,0.9977,0.9979,0.10,0.50
2007.11.30 07:09:00.722,0.9977,0.99795,0.10,7.80
2007.11.30 07:09:01.026,0.9977,0.99795,0.10,7.80
2007.11.30 07:09:01.329,0.9977,0.99795,0.10,7.80
2007.11.30 07:09:01.632,0.9977,0.99795,0.10,7.80
2007.11.30 07:09:01.890,0.9977,0.99795,0.10,7.80
2007.11.30 07:09:02.149,0.9977,0.9979,0.10,0.50
2007.11.30 07:09:02.407,0.9977,0.99795,0.10,7.80
2007.11.30 07:09:02.643,0.9977,0.99795,0.10,7.00
2007.11.30 07:09:02.869,0.9977,0.99795,0.10,7.80
2007.11.30 07:09:03.097,0.9977,0.99795,0.10,7.80
2007.11.30 07:09:03.325,0.9977,0.99795,0.10,7.80
2007.11.30 07:09:03.560,0.9977,0.99795,0.10,7.80
2007.11.30 07:09:03.826,0.99765,0.99795,2.40,6.80
2007.11.30 07:09:04.090,0.9976,0.9979,2.40,0.90
2007.11.30 07:09:04.354,0.9976,0.99795,4.80,2.00
2007.11.30 07:09:04.616,0.9976,0.99795,4.80,2.00
2007.11.30 07:09:04.899,0.9976,0.9979,4.80,0.60
2007.11.30 07:09:05.153,0.9976,0.99795,4.80,2.00
2007.11.30 07:09:05.414,0.9976,0.9979,4.80,0.50
2007.11.30 07:09:05.668,0.9976,0.998,4.80,8.30
2007.11.30 07:09:05.845,0.9976,0.998,4.80,8.30
2007.11.30 07:09:06.023,0.9976,0.998,4.80,8.30
2007.11.30 07:09:06.200,0.9976,0.998,4.80,8.30
2007.11.30 07:09:06.377,0.9976,0.9979,4.80,0.50
2007.11.30 07:09:06.560,0.9976,0.998,4.80,8.30
2007.11.30 07:09:06.738,0.9976,0.998,4.80,8.30
2007.11.30 07:09:06.990,0.9976,0.9979,4.80,1.20
2007.11.30 07:09:07.243,0.9976,0.9979,4.80,1.20
2007.11.30 07:09:07.496,0.9976,0.9979,4.80,1.20
2007.11.30 07:09:07.754,0.9976,0.9979,4.80,1.20
2007.11.30 07:09:07.935,0.9976,0.9979,4.80,1.20
2007.11.30 07:09:08.123,0.9976,0.9979,4.80,1.20
2007.11.30 07:09:08.310,0.9976,0.9979,4.80,1.20
2007.11.30 07:09:08.498,0.9976,0.9979,4.80,1.20
2007.11.30 07:09:08.685,0.9976,0.9979,4.80,1.20
2007.11.30 07:09:08.873,0.9976,0.9979,4.80,1.20
2007.11.30 07:09:09.135,0.9976,0.9979,4.80,1.20
2007.11.30 07:09:09.403,0.9976,0.9979,4.80,1.20
2007.11.30 07:09:09.664,0.9976,0.9979,4.80,1.20
2007.11.30 07:09:09.927,0.9976,0.9979,4.80,1.20
2007.11.30 07:09:10.124,0.9976,0.9979,4.80,1.20
2007.11.30 07:09:10.322,0.9976,0.9979,4.80,1.20
2007.11.30 07:09:10.519,0.9976,0.9979,4.80,1.20
2007.11.30 07:09:10.717,0.9976,0.9979,4.80,1.20
2007.11.30 07:09:11.063,0.9976,0.9979,4.80,1.20
2007.11.30 07:09:11.306,0.9976,0.9979,4.80,1.20
2007.11.30 07:09:11.547,0.9976,0.9979,4.80,1.20
2007.11.30 07:09:11.790,0.9976,0.9979,4.80,1.20
2007.11.30 07:09:12.040,0.9976,0.9979,4.80,1.20
2007.11.30 07:09:12.258,0.9976,0.9979,4.80,1.20
2007.11.30 07:09:12.479,0.9976,0.9979,4.80,1.20
2007.11.30 07:09:12.697,0.9976,0.9979,4.80,1.20
2007.11.30 07:09:12.915,0.9976,0.9979,4.80,1.20
2007.11.30 07:09:13.123,0.9976,0.9979,4.80,1.20
2007.11.30 07:09:13.331,0.9976,0.9979,4.80,1.20
2007.11.30 07:09:13.539,0.9976,0.9979,4.80,1.20
2007.11.30 07:09:13.746,0.9976,0.9979,4.80,1.20
2007.11.30 07:09:13.954,0.9976,0.9979,4.80,1.20
2007.11.30 07:09:14.169,0.9976,0.9979,4.80,1.20
2007.11.30 07:09:14.382,0.9976,0.9979,4.80,1.20
2007.11.30 07:09:14.594,0.9976,0.9979,4.80,1.20
2007.11.30 07:09:14.808,0.9976,0.9979,4.80,1.20
2007.11.30 07:09:15.021,0.9976,0.9979,4.80,1.20
2007.11.30 07:09:15.293,0.9976,0.9979,4.80,1.20
2007.11.30 07:09:15.566,0.9976,0.9979,4.80,1.20
2007.11.30 07:09:15.840,0.9976,0.9979,4.80,1.20
2007.11.30 07:09:16.113,0.9976,0.9979,4.80,1.20
2007.11.30 07:09:16.305,0.9976,0.9979,4.80,1.20
2007.11.30 07:09:16.498,0.9976,0.9979,4.80,1.20
2007.11.30 07:09:16.692,0.9976,0.9979,4.80,1.20
2007.11.30 07:09:16.884,0.9976,0.9979,4.80,1.20
2007.11.30 07:09:17.222,0.9976,0.9979,4.80,1.20
2007.11.30 07:09:17.414,0.9976,0.9979,4.80,1.20
2007.11.30 07:09:17.617,0.9976,0.9979,4.80,1.20
2007.11.30 07:09:17.820,0.9976,0.9979,4.80,1.20
2007.11.30 07:09:18.023,0.9976,0.9979,4.80,1.20
2007.11.30 07:09:18.226,0.9976,0.9979,4.80,1.20
2007.11.30 07:09:18.523,0.9976,0.9979,4.80,1.20
2007.11.30 07:09:18.821,0.9976,0.9979,4.80,1.20
2007.11.30 07:09:19.119,0.9976,0.9979,4.80,1.20
2007.11.30 07:09:19.418,0.9976,0.9979,4.80,1.20
2007.11.30 07:09:19.625,0.9976,0.9979,4.80,1.20
2007.11.30 07:09:19.833,0.9976,0.9979,4.80,1.20
2007.11.30 07:09:20.041,0.9976,0.9979,4.80,1.20
2007.11.30 07:09:20.248,0.9976,0.9979,4.80,1.20
2007.11.30 07:09:20.456,0.9976,0.9979,4.80,1.20
2007.11.30 07:09:20.663,0.9976,0.9979,4.80,1.20
2007.11.30 07:09:20.877,0.9976,0.9979,4.80,1.20
2007.11.30 07:09:21.089,0.9976,0.9979,4.80,1.20
2007.11.30 07:09:21.302,0.9976,0.9979,4.80,1.20
2007.11.30 07:09:21.515,0.9976,0.9979,4.80,1.20
2007.11.30 07:09:21.758,0.9976,0.9979,4.80,1.20
2007.11.30 07:09:22.000,0.9976,0.9979,4.80,1.20
2007.11.30 07:09:22.243,0.9976,0.9979,4.80,1.20
2007.11.30 07:09:22.486,0.9976,0.9979,4.80,1.20
2007.11.30 07:09:22.729,0.9976,0.9979,4.80,1.20
2007.11.30 07:09:22.977,0.9976,0.9979,4.80,1.20
2007.11.30 07:09:23.225,0.9976,0.9979,4.80,1.20
2007.11.30 07:09:23.473,0.9976,0.9979,4.80,1.20
2007.11.30 07:09:23.721,0.9976,0.9979,4.80,1.20
2007.11.30 07:09:23.905,0.99775,0.99795,0.10,3.30
2007.11.30 07:09:24.088,0.99775,0.99795,0.10,1.70
2007.11.30 07:09:24.272,0.99775,0.99795,0.10,0.90
2007.11.30 07:09:24.457,0.99775,0.99795,0.10,0.90
2007.11.30 07:09:24.639,0.99775,0.99795,0.10,0.90
2007.11.30 07:09:24.933,0.99775,0.99795,0.10,0.90
2007.11.30 07:09:25.227,0.99775,0.99795,0.10,0.90
2007.11.30 07:09:25.520,0.99775,0.99795,0.10,0.90
2007.11.30 07:09:25.814,0.99775,0.99795,0.10,0.90
2007.11.30 07:09:25.981,0.99775,0.99795,0.10,0.90
2007.11.30 07:09:26.151,0.99775,0.99795,0.10,0.90
2007.11.30 07:09:26.318,0.99775,0.99795,0.10,0.90
2007.11.30 07:09:26.486,0.99775,0.99795,0.10,0.90
2007.11.30 07:09:26.654,0.99775,0.99795,0.10,0.90
2007.11.30 07:09:26.986,0.99775,0.99795,0.10,0.90
2007.11.30 07:09:27.320,0.99775,0.99795,0.10,0.90
2007.11.30 07:09:27.653,0.99775,0.99795,0.10,0.90
2007.11.30 07:09:27.855,0.99775,0.99795,0.10,0.90
2007.11.30 07:09:28.059,0.99775,0.99795,0.10,0.90
2007.11.30 07:09:28.261,0.99775,0.99795,0.10,0.90
2007.11.30 07:09:28.464,0.99775,0.99795,0.10,0.90
2007.11.30 07:09:28.668,0.99775,0.99795,0.10,0.90
2007.11.30 07:09:28.871,0.99775,0.99795,0.10,0.90
2007.11.30 07:09:29.133,0.99775,0.99795,0.10,0.90
2007.11.30 07:09:29.396,0.99775,0.99795,0.10,0.90
2007.11.30 07:09:29.659,0.99775,0.99795,0.10,0.90
2007.11.30 07:09:29.922,0.99775,0.99795,0.10,0.90
2007.11.30 07:09:30.094,0.99775,0.99795,0.10,0.90
2007.11.30 07:09:30.267,0.99775,0.99795,0.10,0.90
2007.11.30 07:09:30.441,0.99775,0.99795,0.10,0.90
2007.11.30 07:09:30.613,0.99775,0.99795,0.10,0.90
2007.11.30 07:09:30.787,0.99775,0.99795,0.10,0.90
2007.11.30 07:09:30.959,0.99775,0.99795,0.10,0.90
2007.11.30 07:09:31.218,0.99775,0.99795,0.10,0.90
2007.11.30 07:09:31.475,0.99775,0.99795,0.10,0.90
2007.11.30 07:09:31.732,0.99775,0.99795,0.10,0.90
2007.11.30 07:09:31.991,0.99775,0.99795,0.10,0.90
2007.11.30 07:09:32.199,0.99775,0.99795,0.10,0.90
2007.11.30 07:09:32.406,0.99775,0.99795,0.10,0.90
2007.11.30 07:09:32.615,0.99775,0.99795,0.10,0.90
2007.11.30 07:09:32.823,0.99775,0.99795,0.10,0.90
2007.11.30 07:09:33.031,0.99775,0.99795,0.10,0.90
2007.11.30 07:09:33.283,0.99775,0.99795,0.10,0.90
2007.11.30 07:09:33.535,0.99775,0.99795,0.10,0.90
2007.11.30 07:09:33.789,0.99775,0.99795,0.10,0.90
2007.11.30 07:09:34.041,0.99775,0.99795,0.10,0.90
2007.11.30 07:09:34.265,0.99775,0.99795,0.10,0.90
2007.11.30 07:09:34.487,0.99775,0.99795,0.10,0.90
2007.11.30 07:09:34.710,0.99775,0.99795,0.10,0.90
2007.11.30 07:09:34.933,0.99775,0.99795,0.10,0.90
2007.11.30 07:09:35.156,0.99775,0.99795,0.10,0.90
2007.11.30 07:09:35.415,0.99775,0.99795,0.10,0.90
2007.11.30 07:09:35.717,0.99775,0.99795,0.10,0.90
2007.11.30 07:09:35.975,0.99775,0.99795,0.10,0.90
2007.11.30 07:09:36.239,0.99775,0.99795,0.10,0.90
2007.11.30 07:09:36.436,0.99775,0.99795,0.10,0.90
2007.11.30 07:09:36.638,0.99775,0.99795,0.10,0.90
2007.11.30 07:09:36.835,0.99775,0.99795,0.10,0.90
2007.11.30 07:09:37.039,0.99775,0.99795,0.10,0.90
2007.11.30 07:09:37.332,0.99775,0.99795,0.10,0.90
2007.11.30 07:09:37.626,0.99775,0.99795,0.10,0.90
2007.11.30 07:09:37.919,0.99775,0.99795,0.10,0.90
2007.11.30 07:09:38.211,0.99775,0.99795,0.10,0.90
2007.11.30 07:09:38.410,0.99775,0.99795,0.10,0.90
2007.11.30 07:09:38.607,0.99775,0.99795,0.10,0.90
2007.11.30 07:09:38.806,0.99775,0.99795,0.10,0.90
2007.11.30 07:09:39.003,0.99775,0.99795,0.10,0.90
2007.11.30 07:09:39.202,0.99775,0.99795,0.10,0.90
2007.11.30 07:09:39.449,0.99775,0.99795,0.10,0.90
2007.11.30 07:09:39.697,0.99775,0.99795,0.10,0.90
2007.11.30 07:09:39.945,0.99775,0.99795,0.10,0.90
2007.11.30 07:09:40.193,0.99775,0.99795,0.10,0.90
2007.11.30 07:09:40.268,0.99775,0.99795,0.10,0.90
2007.11.30 07:09:40.381,0.99775,0.99795,0.10,0.90
2007.11.30 07:09:40.570,0.99775,0.998,0.10,1.40
2007.11.30 07:09:40.757,0.99775,0.99795,0.10,0.90
2007.11.30 07:09:40.945,0.99775,0.99795,0.10,0.90
2007.11.30 07:09:41.134,0.99775,0.998,0.10,1.40
2007.11.30 07:09:41.366,0.99775,0.998,0.10,1.40
2007.11.30 07:09:41.600,0.99775,0.99795,0.10,0.90
2007.11.30 07:09:41.886,0.99775,0.998,0.10,1.40
2007.11.30 07:09:42.122,0.99775,0.998,0.10,1.40
2007.11.30 07:09:42.303,0.99775,0.998,0.10,1.40
2007.11.30 07:09:42.487,0.99775,0.998,0.10,1.40
2007.11.30 07:09:42.673,0.99775,0.998,0.10,1.40
2007.11.30 07:09:42.856,0.99775,0.99795,0.10,0.90
2007.11.30 07:09:43.040,0.99775,0.998,0.10,1.40
2007.11.30 07:09:43.222,0.99775,0.998,0.10,1.40
2007.11.30 07:09:43.512,0.99775,0.99795,0.10,0.90
2007.11.30 07:09:43.800,0.99775,0.99795,0.10,0.90
2007.11.30 07:09:44.090,0.99775,0.998,0.10,1.40
2007.11.30 07:09:44.378,0.99775,0.998,0.10,1.40
2007.11.30 07:09:44.565,0.99775,0.998,0.10,1.40
2007.11.30 07:09:44.756,0.99775,0.99795,0.10,0.90
2007.11.30 07:09:44.942,0.99775,0.998,0.10,1.40
2007.11.30 07:09:45.131,0.99775,0.99795,0.10,0.90
2007.11.30 07:09:45.318,0.99775,0.99795,0.10,0.90
2007.11.30 07:09:45.622,0.99775,0.998,0.10,1.40
2007.11.30 07:09:45.926,0.99775,0.99795,0.10,0.90
2007.11.30 07:09:46.228,0.99775,0.99795,0.10,0.90
2007.11.30 07:09:46.531,0.99775,0.998,0.10,1.40
2007.11.30 07:09:46.729,0.99775,0.99795,0.10,0.90
2007.11.30 07:09:46.927,0.99775,0.99795,0.10,0.90
2007.11.30 07:09:47.125,0.99775,0.99795,0.10,0.90
2007.11.30 07:09:47.323,0.99775,0.998,0.10,1.40
2007.11.30 07:09:47.520,0.99775,0.99795,0.10,0.90
2007.11.30 07:09:47.728,0.99775,0.99795,0.10,0.90
2007.11.30 07:09:48.047,0.99775,0.998,0.10,1.40
2007.11.30 07:09:48.256,0.99775,0.99795,0.10,0.90
2007.11.30 07:09:48.463,0.99775,0.99795,0.10,0.90
2007.11.30 07:09:48.670,0.99775,0.99795,0.10,0.90
2007.11.30 07:09:48.960,0.99775,0.998,0.10,1.40
2007.11.30 07:09:49.242,0.99775,0.998,0.10,1.40
2007.11.30 07:09:49.527,0.99775,0.998,0.10,1.40
2007.11.30 07:09:49.809,0.99775,0.998,0.10,1.40
2007.11.30 07:09:49.982,0.99775,0.998,0.10,1.40
2007.11.30 07:09:50.155,0.99775,0.998,0.10,1.40
2007.11.30 07:09:50.329,0.99775,0.99795,0.10,0.90
2007.11.30 07:09:50.502,0.99775,0.998,0.10,1.40
2007.11.30 07:09:50.674,0.99775,0.99795,0.10,0.90
2007.11.30 07:09:50.848,0.99775,0.998,0.10,1.40
2007.11.30 07:09:51.117,0.99775,0.998,0.10,1.40
2007.11.30 07:09:51.384,0.99775,0.998,0.10,1.40
2007.11.30 07:09:51.655,0.99775,0.99795,0.10,0.90
2007.11.30 07:09:51.917,0.99775,0.998,0.10,1.40
2007.11.30 07:09:52.130,0.99775,0.99795,0.10,0.90
2007.11.30 07:09:52.338,0.99775,0.998,0.10,1.40
2007.11.30 07:09:52.547,0.99775,0.998,0.10,1.40
2007.11.30 07:09:52.756,0.99775,0.99795,0.10,0.90
2007.11.30 07:09:52.964,0.99775,0.998,0.10,1.40
2007.11.30 07:09:53.206,0.99775,0.99795,0.10,0.90
2007.11.30 07:09:53.439,0.99775,0.998,0.10,1.40
2007.11.30 07:09:53.676,0.99775,0.998,0.10,1.40
2007.11.30 07:09:53.914,0.99765,0.998,2.40,1.50
2007.11.30 07:09:54.215,0.9976,0.9979,5.40,0.60
2007.11.30 07:09:54.421,0.9976,0.9979,5.40,0.60
2007.11.30 07:09:54.629,0.9976,0.998,7.80,1.50
2007.11.30 07:09:54.837,0.9976,0.998,7.80,1.50
2007.11.30 07:09:55.046,0.9976,0.998,7.80,1.50
2007.11.30 07:09:55.303,0.9976,0.998,7.80,1.50
2007.11.30 07:09:55.561,0.9976,0.998,7.80,1.50
2007.11.30 07:09:55.820,0.9976,0.9979,7.80,0.60
2007.11.30 07:09:56.083,0.9976,0.998,7.80,1.50
2007.11.30 07:09:56.295,0.9976,0.998,7.80,1.50
2007.11.30 07:09:56.511,0.9976,0.998,7.80,1.50
2007.11.30 07:09:56.729,0.9976,0.998,7.80,1.50
2007.11.30 07:09:56.946,0.9976,0.998,7.80,1.50
2007.11.30 07:09:57.163,0.9976,0.9979,7.80,0.60
2007.11.30 07:09:57.411,0.9976,0.998,7.80,1.50
2007.11.30 07:09:57.659,0.9976,0.998,7.80,1.50
2007.11.30 07:09:57.908,0.99755,0.99795,15.00,0.60
2007.11.30 07:09:58.157,0.99755,0.9979,3.20,0.80
2007.11.30 07:09:58.349,0.99755,0.9979,2.40,0.80
2007.11.30 07:09:58.543,0.99755,0.9979,2.40,0.80
2007.11.30 07:09:58.736,0.9974,0.9979,0.10,0.80
2007.11.30 07:09:58.929,0.9974,0.9979,0.10,0.80
2007.11.30 07:09:59.122,0.9974,0.9979,0.10,0.80
2007.11.30 07:09:59.315,0.9974,0.9979,0.10,1.10
2007.11.30 07:09:59.640,0.9974,0.9979,0.10,1.10
2007.11.30 07:09:59.963,0.9974,0.99785,0.10,0.30
2007.11.30 07:10:00.385,0.9974,0.9979,0.10,1.10
2007.11.30 07:10:00.522,0.9974,0.9979,0.10,1.10
2007.11.30 07:10:00.662,0.9974,0.99785,0.10,0.30
2007.11.30 07:10:00.799,0.9974,0.9979,0.10,1.10
2007.11.30 07:10:00.944,0.9974,0.99785,0.10,0.30
2007.11.30 07:10:01.075,0.9974,0.99785,0.10,0.30
2007.11.30 07:10:01.213,0.9974,0.9979,0.10,1.10
2007.11.30 07:10:01.351,0.9974,0.9979,0.10,1.10
2007.11.30 07:10:01.489,0.9974,0.99785,0.10,0.30
2007.11.30 07:10:01.822,0.9974,0.99785,0.10,0.30
2007.11.30 07:10:02.156,0.9974,0.99785,0.10,6.60
2007.11.30 07:10:02.488,0.9974,0.99775,0.10,0.50
2007.11.30 07:10:02.672,0.9974,0.99785,0.10,6.60
2007.11.30 07:10:02.855,0.9974,0.99785,0.10,7.40
2007.11.30 07:10:03.040,0.9974,0.99775,0.10,0.80
2007.11.30 07:10:03.221,0.9974,0.99775,0.10,0.70
2007.11.30 07:10:03.405,0.9974,0.99775,0.10,0.90
2007.11.30 07:10:03.588,0.9974,0.99785,0.10,7.40
2007.11.30 07:10:03.861,0.9974,0.99775,0.10,0.90
2007.11.30 07:10:04.135,0.9974,0.99785,0.10,7.40
2007.11.30 07:10:04.409,0.9974,0.99775,0.10,0.60
2007.11.30 07:10:04.681,0.9974,0.9978,0.10,2.90
2007.11.30 07:10:04.909,0.9974,0.9978,0.10,2.90
2007.11.30 07:10:05.136,0.9974,0.9978,0.10,2.90
2007.11.30 07:10:05.364,0.9974,0.99775,0.10,0.60
2007.11.30 07:10:05.591,0.9974,0.99775,0.10,0.60
2007.11.30 07:10:05.820,0.9974,0.9978,0.10,2.90
2007.11.30 07:10:06.073,0.9974,0.99775,0.10,0.90
2007.11.30 07:10:06.326,0.9974,0.9978,0.10,2.90
2007.11.30 07:10:06.578,0.9974,0.9978,0.10,2.90
2007.11.30 07:10:06.831,0.9974,0.9978,0.10,2.90
2007.11.30 07:10:07.040,0.9974,0.99775,0.10,0.80
2007.11.30 07:10:07.237,0.9974,0.99775,0.10,0.50
2007.11.30 07:10:07.439,0.9974,0.9978,0.10,2.90
2007.11.30 07:10:07.642,0.9974,0.99775,0.10,2.40
2007.11.30 07:10:07.844,0.9974,0.99775,0.10,2.40
2007.11.30 07:10:08.107,0.9974,0.99775,0.10,2.40
2007.11.30 07:10:08.370,0.9974,0.99775,0.10,2.40
2007.11.30 07:10:08.633,0.9974,0.99775,0.10,2.40
2007.11.30 07:10:08.896,0.9974,0.99775,0.10,2.40
2007.11.30 07:10:09.108,0.9974,0.99775,0.10,2.40
2007.11.30 07:10:09.322,0.9974,0.99775,0.10,2.40
2007.11.30 07:10:09.534,0.9974,0.99775,0.10,2.40
2007.11.30 07:10:09.748,0.9974,0.99775,0.10,2.40
2007.11.30 07:10:09.961,0.9974,0.99775,0.10,2.40
2007.11.30 07:10:10.269,0.9974,0.99775,0.10,2.40
2007.11.30 07:10:10.577,0.9974,0.99775,0.10,2.40
2007.11.30 07:10:10.885,0.9974,0.99775,0.10,2.40
2007.11.30 07:10:11.107,0.9974,0.99775,0.10,2.40
2007.11.30 07:10:11.330,0.9974,0.99775,0.10,2.40
2007.11.30 07:10:11.554,0.9974,0.99775,0.10,2.40
2007.11.30 07:10:11.776,0.9974,0.99775,0.10,2.40
2007.11.30 07:10:11.998,0.9974,0.99775,0.10,2.40
2007.11.30 07:10:12.276,0.9974,0.99775,0.10,2.40
2007.11.30 07:10:12.705,0.9974,0.99775,0.10,2.40
2007.11.30 07:10:12.982,0.9974,0.99775,0.10,2.40
2007.11.30 07:10:13.259,0.9974,0.99775,0.10,2.40
2007.11.30 07:10:13.472,0.9974,0.99775,0.10,2.40
2007.11.30 07:10:13.684,0.9974,0.99775,0.10,2.40
2007.11.30 07:10:13.897,0.9974,0.99775,0.10,2.40
2007.11.30 07:10:14.111,0.9974,0.99775,0.10,2.40
2007.11.30 07:10:14.339,0.9974,0.99775,0.10,2.40
2007.11.30 07:10:14.566,0.9974,0.99775,0.10,2.40
2007.11.30 07:10:14.795,0.9974,0.99775,0.10,2.40
2007.11.30 07:10:15.022,0.9974,0.99775,0.10,2.40
2007.11.30 07:10:15.250,0.9974,0.99775,0.10,2.40
2007.11.30 07:10:15.499,0.9974,0.99775,0.10,2.40
2007.11.30 07:10:15.748,0.9974,0.99775,0.10,2.40
2007.11.30 07:10:15.996,0.9974,0.99775,0.10,2.40
2007.11.30 07:10:16.244,0.9974,0.99775,0.10,2.40
2007.11.30 07:10:16.497,0.9974,0.99775,0.10,2.40
2007.11.30 07:10:16.749,0.9974,0.99775,0.10,2.40
2007.11.30 07:10:17.002,0.9974,0.99775,0.10,2.40
2007.11.30 07:10:17.255,0.9974,0.99775,0.10,2.40
2007.11.30 07:10:17.472,0.9974,0.99775,0.10,2.40
2007.11.30 07:10:17.690,0.9974,0.99775,0.10,2.40
2007.11.30 07:10:17.913,0.9974,0.99775,0.10,2.40
2007.11.30 07:10:18.125,0.9974,0.99775,0.10,2.40
2007.11.30 07:10:18.349,0.9974,0.99775,0.10,2.40
2007.11.30 07:10:18.622,0.9974,0.99775,0.10,2.40
2007.11.30 07:10:18.894,0.9974,0.99775,0.10,2.40
2007.11.30 07:10:19.168,0.9974,0.99775,0.10,2.40
2007.11.30 07:10:19.441,0.9974,0.99775,0.10,2.40
2007.11.30 07:10:19.674,0.9974,0.99775,0.10,2.40
2007.11.30 07:10:19.906,0.9974,0.99775,0.10,2.40
2007.11.30 07:10:20.140,0.9974,0.99775,0.10,2.40
2007.11.30 07:10:20.372,0.9974,0.99775,0.10,2.40
2007.11.30 07:10:20.599,0.9974,0.99775,0.10,2.40
2007.11.30 07:10:20.827,0.9974,0.99775,0.10,2.40
2007.11.30 07:10:21.055,0.9974,0.99775,0.10,2.40
2007.11.30 07:10:21.284,0.9974,0.99775,0.10,2.40
2007.11.30 07:10:21.576,0.9974,0.99775,0.10,2.40
2007.11.30 07:10:21.872,0.9974,0.99775,0.10,2.40
2007.11.30 07:10:22.165,0.9974,0.99775,0.10,2.40
2007.11.30 07:10:22.458,0.9974,0.99775,0.10,2.40
2007.11.30 07:10:22.672,0.9974,0.99775,0.10,2.40
2007.11.30 07:10:22.884,0.9974,0.99775,0.10,2.40
2007.11.30 07:10:23.096,0.9974,0.99775,0.10,2.40
2007.11.30 07:10:23.310,0.9974,0.99775,0.10,2.40
2007.11.30 07:10:23.523,0.9974,0.99775,0.10,2.40
2007.11.30 07:10:23.800,0.9974,0.99775,0.10,2.40
2007.11.30 07:10:24.080,0.9974,0.99775,0.10,2.40
2007.11.30 07:10:24.356,0.9974,0.99775,0.10,2.40
2007.11.30 07:10:24.640,0.9974,0.99775,0.10,2.40
2007.11.30 07:10:24.872,0.9974,0.99775,0.10,2.40
2007.11.30 07:10:25.106,0.9974,0.99775,0.10,2.40
2007.11.30 07:10:25.339,0.9974,0.99775,0.10,2.40
2007.11.30 07:10:25.573,0.9974,0.99775,0.10,2.40
2007.11.30 07:10:25.817,0.9974,0.99775,0.10,2.40
2007.11.30 07:10:26.059,0.9974,0.99775,0.10,2.40
2007.11.30 07:10:26.302,0.9974,0.99775,0.10,2.40
2007.11.30 07:10:26.545,0.9974,0.99775,0.10,2.40
2007.11.30 07:10:26.783,0.9974,0.99775,0.10,2.40
2007.11.30 07:10:27.021,0.9974,0.99775,0.10,2.40
2007.11.30 07:10:27.260,0.9974,0.99775,0.10,2.40
2007.11.30 07:10:27.497,0.9974,0.99775,0.10,2.40
2007.11.30 07:10:27.755,0.9974,0.99775,0.10,2.40
2007.11.30 07:10:28.013,0.9974,0.99775,0.10,2.40
2007.11.30 07:10:28.271,0.9974,0.99775,0.10,2.40
2007.11.30 07:10:28.528,0.9974,0.99775,0.10,2.40
2007.11.30 07:10:28.706,0.9974,0.99775,0.10,2.40
2007.11.30 07:10:28.890,0.9974,0.99775,0.10,2.40
2007.11.30 07:10:29.068,0.9974,0.99775,0.10,2.40
2007.11.30 07:10:29.246,0.9974,0.99775,0.10,2.40
2007.11.30 07:10:29.424,0.9974,0.99775,0.10,2.40
2007.11.30 07:10:29.601,0.9974,0.99775,0.10,2.40
2007.11.30 07:10:29.865,0.9974,0.99775,0.10,2.40
2007.11.30 07:10:30.127,0.9974,0.99775,0.10,2.40
2007.11.30 07:10:30.390,0.9974,0.99775,0.10,2.40
2007.11.30 07:10:30.653,0.9974,0.99775,0.10,2.40
2007.11.30 07:10:30.886,0.9974,0.99775,0.10,2.40
2007.11.30 07:10:31.212,0.9974,0.99775,0.10,2.40
2007.11.30 07:10:31.448,0.9974,0.99775,0.10,2.40
2007.11.30 07:10:31.680,0.9974,0.99775,0.10,2.40
2007.11.30 07:10:31.946,0.9974,0.99775,0.10,2.40
2007.11.30 07:10:32.197,0.9974,0.99775,0.10,1.60
2007.11.30 07:10:32.454,0.9974,0.99775,0.10,1.60
2007.11.30 07:10:32.712,0.9974,0.99775,0.10,1.60
2007.11.30 07:10:32.960,0.9974,0.99775,0.10,1.60
2007.11.30 07:10:33.209,0.9974,0.99775,0.10,1.60
2007.11.30 07:10:33.460,0.9974,0.99775,0.10,1.60
2007.11.30 07:10:33.708,0.9974,0.99775,0.10,1.60
2007.11.30 07:10:33.950,0.9974,0.99775,0.10,1.60
2007.11.30 07:10:34.194,0.9974,0.99775,0.10,1.60
2007.11.30 07:10:34.436,0.9974,0.9977,6.10,0.80
2007.11.30 07:10:34.597,0.9974,0.9977,3.00,0.80
2007.11.30 07:10:34.678,0.9973,0.9977,21.90,0.80
2007.11.30 07:10:34.920,0.9973,0.9977,21.90,0.80
2007.11.30 07:10:35.128,0.9974,0.9977,2.60,0.80
2007.11.30 07:10:35.336,0.9973,0.9977,21.90,0.80
2007.11.30 07:10:35.544,0.9974,0.9977,2.30,0.80
2007.11.30 07:10:35.750,0.9974,0.9977,1.80,0.80
2007.11.30 07:10:35.988,0.9974,0.9977,2.90,0.80
2007.11.30 07:10:36.226,0.9973,0.9977,21.90,0.80
2007.11.30 07:10:36.464,0.9973,0.9977,21.90,0.80
2007.11.30 07:10:36.702,0.9974,0.9977,1.00,0.80
2007.11.30 07:10:36.940,0.9973,0.9977,21.90,0.80
2007.11.30 07:10:37.193,0.9974,0.9977,1.10,0.80
2007.11.30 07:10:37.446,0.9974,0.9977,1.60,0.80
2007.11.30 07:10:37.699,0.9974,0.9977,0.90,0.80
2007.11.30 07:10:37.952,0.9974,0.9977,2.70,0.80
2007.11.30 07:10:38.180,0.9974,0.9977,3.40,0.80
2007.11.30 07:10:38.408,0.9973,0.9977,21.90,0.80
2007.11.30 07:10:38.636,0.9974,0.9977,0.50,0.80
2007.11.30 07:10:38.864,0.9974,0.9977,0.80,0.80
2007.11.30 07:10:39.102,0.9974,0.9977,2.70,0.80
2007.11.30 07:10:39.340,0.9973,0.99775,2.20,0.80
2007.11.30 07:10:39.578,0.9973,0.99775,1.20,0.80
2007.11.30 07:10:39.816,0.9973,0.99775,2.20,0.80
2007.11.30 07:10:40.052,0.9973,0.99775,2.20,0.80
2007.11.30 07:10:40.300,0.9973,0.99775,4.60,0.80
2007.11.30 07:10:40.547,0.9973,0.99775,4.10,0.80
2007.11.30 07:10:40.795,0.9973,0.99775,3.60,0.80
2007.11.30 07:10:41.043,0.9973,0.99775,3.60,0.80
2007.11.30 07:10:41.278,0.9973,0.99775,4.80,0.80
2007.11.30 07:10:41.510,0.9973,0.99775,3.10,0.80
2007.11.30 07:10:58.647,0.9973,0.99775,12.00,1.60
2007.11.30 07:10:58.849,0.99735,0.99775,2.00,1.60
2007.11.30 07:10:59.166,0.99735,0.99775,0.50,1.60
2007.11.30 07:10:59.484,0.9973,0.99775,12.00,1.60
2007.11.30 07:10:59.802,0.9973,0.99775,12.00,1.60
2007.11.30 07:11:00.024,0.9973,0.99775,12.00,1.60
2007.11.30 07:11:00.247,0.99735,0.99775,0.80,1.60
2007.11.30 07:11:00.469,0.99735,0.99775,1.00,1.60
2007.11.30 07:11:00.692,0.9973,0.99775,12.00,1.60
2007.11.30 07:11:00.930,0.9973,0.99775,12.00,1.60
2007.11.30 07:11:01.168,0.99735,0.99775,1.20,1.60
2007.11.30 07:11:01.406,0.9973,0.99775,12.00,1.60
2007.11.30 07:11:01.644,0.9973,0.99775,12.00,1.60
2007.11.30 07:11:01.881,0.99735,0.99775,0.60,1.60
2007.11.30 07:11:02.159,0.99735,0.99775,2.00,0.80
2007.11.30 07:11:02.436,0.9973,0.99775,12.00,1.60
2007.11.30 07:11:02.715,0.9974,0.9977,0.90,0.80
2007.11.30 07:11:03.001,0.9974,0.9977,0.90,0.80
2007.11.30 07:11:03.236,0.99735,0.9977,9.30,0.80
2007.11.30 07:11:03.481,0.9974,0.9977,3.20,0.80
2007.11.30 07:11:03.723,0.99735,0.9977,9.30,0.80
2007.11.30 07:11:03.967,0.9974,0.9977,6.10,0.80
2007.11.30 07:11:04.194,0.9974,0.9977,6.10,0.80
2007.11.30 07:11:04.433,0.9974,0.9977,6.10,0.80
2007.11.30 07:11:04.650,0.9974,0.9977,6.10,0.80
2007.11.30 07:11:04.879,0.9974,0.9977,6.10,0.80
2007.11.30 07:11:05.106,0.9974,0.9977,6.10,0.80
2007.11.30 07:11:05.335,0.9974,0.9977,6.10,0.80
2007.11.30 07:11:05.565,0.9974,0.9977,6.10,0.80
2007.11.30 07:11:05.792,0.9974,0.9977,6.10,0.80
2007.11.30 07:11:06.067,0.9974,0.9977,6.10,0.80
2007.11.30 07:11:06.339,0.9974,0.9977,6.10,0.80
2007.11.30 07:11:06.612,0.9974,0.9977,6.10,0.80
2007.11.30 07:11:06.885,0.9974,0.9977,6.10,0.80
2007.11.30 07:11:06.897,0.9974,0.99775,6.10,2.40
2007.11.30 07:11:07.112,0.9974,0.99775,6.10,2.40
2007.11.30 07:11:07.340,0.9974,0.99775,6.10,2.40
2007.11.30 07:11:07.568,0.9974,0.9977,6.10,0.80
2007.11.30 07:11:07.795,0.9974,0.99775,6.10,2.40
2007.11.30 07:11:08.023,0.9974,0.99775,6.10,2.40
2007.11.30 07:11:08.310,0.9974,0.99775,6.10,2.40
2007.11.30 07:11:08.598,0.9974,0.99775,6.10,2.40
2007.11.30 07:11:08.885,0.9974,0.9977,6.10,0.80
2007.11.30 07:11:09.174,0.9974,0.9977,6.10,0.80
2007.11.30 07:11:09.382,0.9974,0.9977,6.10,0.80
2007.11.30 07:11:09.589,0.9974,0.99775,6.10,2.40
2007.11.30 07:11:09.797,0.9974,0.99775,6.10,2.40
2007.11.30 07:11:10.004,0.9974,0.9977,6.10,0.80
2007.11.30 07:11:10.213,0.9974,0.99775,6.10,2.40
2007.11.30 07:11:10.531,0.9974,0.99775,6.10,2.40
2007.11.30 07:11:10.850,0.9974,0.99775,6.10,2.40
2007.11.30 07:11:11.167,0.9974,0.99775,6.10,2.40
2007.11.30 07:11:11.400,0.9974,0.9977,6.10,0.80
2007.11.30 07:11:11.632,0.9974,0.9977,6.10,0.80
2007.11.30 07:11:11.866,0.9974,0.9977,6.10,0.80
2007.11.30 07:11:12.098,0.9974,0.99775,6.10,2.40
2007.11.30 07:11:12.332,0.9974,0.9977,6.10,0.80
2007.11.30 07:11:12.614,0.9974,0.9977,6.10,0.80
2007.11.30 07:11:12.896,0.9974,0.99775,6.10,2.40
2007.11.30 07:11:13.179,0.9974,0.99775,6.10,2.40
2007.11.30 07:11:13.461,0.9974,0.99775,6.10,2.40
2007.11.30 07:11:13.669,0.9974,0.9977,6.10,0.80
2007.11.30 07:11:13.876,0.9974,0.9977,6.10,0.80
2007.11.30 07:11:14.084,0.9974,0.99775,6.10,2.40
2007.11.30 07:11:14.397,0.9974,0.99775,6.10,2.40
2007.11.30 07:11:14.672,0.9974,0.99775,6.10,2.40
2007.11.30 07:11:14.933,0.9974,0.9977,6.10,0.80
2007.11.30 07:11:15.201,0.9974,0.9977,6.10,0.80
2007.11.30 07:11:15.476,0.9974,0.99775,6.10,2.40
2007.11.30 07:11:15.755,0.9974,0.9977,6.10,0.80
2007.11.30 07:11:16.044,0.9974,0.99775,6.10,2.40
2007.11.30 07:11:16.332,0.9974,0.9977,6.10,0.80
2007.11.30 07:11:16.571,0.9974,0.99775,6.10,2.40
2007.11.30 07:11:16.807,0.9974,0.99775,6.10,2.40
2007.11.30 07:11:17.045,0.9974,0.99775,6.10,2.40
2007.11.30 07:11:17.284,0.9974,0.9977,6.10,0.80
2007.11.30 07:11:17.522,0.9974,0.99775,6.10,2.40
2007.11.30 07:11:17.812,0.9974,0.99775,6.10,2.40
2007.11.30 07:11:18.100,0.9974,0.9977,6.10,0.80
2007.11.30 07:11:18.388,0.9974,0.9977,6.10,0.80
2007.11.30 07:11:18.570,0.9974,0.9977,6.10,0.80
2007.11.30 07:11:18.753,0.9974,0.99775,6.10,2.40
2007.11.30 07:11:18.935,0.9974,0.99775,6.10,2.40
2007.11.30 07:11:19.119,0.9974,0.99775,6.10,2.40
2007.11.30 07:11:19.311,0.9974,0.9977,6.10,0.80
2007.11.30 07:11:19.486,0.9974,0.99775,6.10,2.40
2007.11.30 07:11:19.825,0.9974,0.9977,6.10,0.80
2007.11.30 07:11:20.160,0.9974,0.99775,6.10,2.40
2007.11.30 07:11:20.567,0.9974,0.99775,6.10,2.40
2007.11.30 07:11:20.730,0.9974,0.99775,6.10,2.40
2007.11.30 07:11:20.896,0.9974,0.9977,6.10,0.80
2007.11.30 07:11:21.065,0.9974,0.99775,6.10,2.40
2007.11.30 07:11:21.234,0.9974,0.9977,6.10,0.80
2007.11.30 07:11:21.401,0.9974,0.9977,6.10,0.80
2007.11.30 07:11:21.574,0.9974,0.99775,6.10,2.40
2007.11.30 07:11:21.906,0.9974,0.99775,6.10,2.40
2007.11.30 07:11:22.240,0.9974,0.99775,6.10,2.40
2007.11.30 07:11:22.573,0.9974,0.9977,6.10,0.80
2007.11.30 07:11:22.781,0.9974,0.99775,6.10,2.40
2007.11.30 07:11:22.989,0.9974,0.99775,6.10,2.40
2007.11.30 07:11:23.196,0.9974,0.99775,6.10,2.40
2007.11.30 07:11:23.405,0.9974,0.9977,6.10,0.80
2007.11.30 07:11:23.613,0.9974,0.9977,6.10,0.80
2007.11.30 07:11:23.936,0.9974,0.99775,6.10,2.40
2007.11.30 07:11:24.258,0.9974,0.9977,6.10,0.80
2007.11.30 07:11:24.582,0.9974,0.9977,6.10,0.80
2007.11.30 07:11:24.905,0.9974,0.99775,6.10,2.40
2007.11.30 07:11:25.142,0.9974,0.9977,6.10,0.80
2007.11.30 07:11:25.381,0.9974,0.9977,6.10,0.80
2007.11.30 07:11:25.618,0.9974,0.99775,6.10,2.40
2007.11.30 07:11:25.826,0.9974,0.99775,6.10,2.40
2007.11.30 07:11:26.034,0.9974,0.99775,6.10,2.40
2007.11.30 07:11:26.242,0.9974,0.9977,6.10,0.80
2007.11.30 07:11:26.450,0.9974,0.9977,6.10,0.80
2007.11.30 07:11:26.716,0.9974,0.9977,6.10,0.80
2007.11.30 07:11:26.981,0.9974,0.99775,6.10,2.40
2007.11.30 07:11:27.249,0.9974,0.9977,6.10,0.80
2007.11.30 07:11:27.517,0.9974,0.99775,6.10,2.40
2007.11.30 07:11:27.784,0.9974,0.99775,6.10,2.40
2007.11.30 07:11:28.097,0.9974,0.99775,6.10,2.40
2007.11.30 07:11:28.409,0.9974,0.99775,6.10,2.40
2007.11.30 07:11:28.721,0.9974,0.99775,6.10,1.60
2007.11.30 07:11:29.033,0.9974,0.9977,6.10,0.80
2007.11.30 07:11:29.231,0.9974,0.99775,6.10,1.60
2007.11.30 07:11:29.429,0.9974,0.99775,6.10,1.60
2007.11.30 07:11:29.635,0.9974,0.99775,6.10,1.60
2007.11.30 07:11:29.831,0.9974,0.99775,6.10,1.60
2007.11.30 07:11:30.123,0.9974,0.99775,6.10,1.60
2007.11.30 07:11:30.415,0.9974,0.99775,6.10,1.60
2007.11.30 07:11:30.708,0.9974,0.9977,6.10,0.80
2007.11.30 07:11:31.000,0.9974,0.9977,6.10,0.80
2007.11.30 07:11:31.219,0.9974,0.9977,6.10,0.80
2007.11.30 07:11:31.437,0.9974,0.9977,6.10,0.80
2007.11.30 07:11:31.655,0.9974,0.99775,6.10,1.60
2007.11.30 07:11:31.873,0.9974,0.9977,6.10,0.80
2007.11.30 07:11:32.105,0.9974,0.99775,6.10,1.60
2007.11.30 07:11:32.337,0.9974,0.9977,6.10,0.80
2007.11.30 07:11:32.570,0.9974,0.99775,6.10,1.60
2007.11.30 07:11:32.884,0.9973,0.99775,8.80,0.80
2007.11.30 07:11:33.114,0.9973,0.99785,8.80,4.80
2007.11.30 07:11:33.361,0.9973,0.99775,8.80,0.80
2007.11.30 07:11:33.608,0.9973,0.99785,8.80,4.80
2007.11.30 07:11:33.861,0.9973,0.99775,8.80,0.80
2007.11.30 07:11:34.113,0.9973,0.99775,8.80,0.80
2007.11.30 07:11:34.356,0.9973,0.99775,8.80,0.80
2007.11.30 07:11:34.599,0.9973,0.99775,8.80,0.80
2007.11.30 07:11:34.841,0.9973,0.99785,8.80,4.80
2007.11.30 07:11:35.084,0.9973,0.99775,8.80,0.80
2007.11.30 07:11:35.306,0.9973,0.99775,8.80,0.80
2007.11.30 07:11:35.529,0.9973,0.99775,8.80,0.80
2007.11.30 07:11:35.751,0.9973,0.99775,8.80,0.80
2007.11.30 07:11:35.974,0.9973,0.99775,8.80,0.80
2007.11.30 07:11:36.202,0.9973,0.99775,8.80,0.80
2007.11.30 07:11:36.428,0.9973,0.99775,8.80,0.80
2007.11.30 07:11:36.655,0.9973,0.99775,8.80,0.80
2007.11.30 07:11:36.883,0.9973,0.99775,8.80,0.80
2007.11.30 07:11:37.111,0.9973,0.99775,8.80,0.80
2007.11.30 07:11:37.368,0.9973,0.99775,8.80,0.80
2007.11.30 07:11:37.628,0.99735,0.99775,5.50,1.60
2007.11.30 07:11:37.886,0.99735,0.99775,0.60,0.20
2007.11.30 07:11:38.144,0.99735,0.99775,0.40,0.20
2007.11.30 07:11:38.398,0.99735,0.99775,0.40,0.30
2007.11.30 07:11:38.652,0.99735,0.99775,0.40,0.30
2007.11.30 07:11:39.048,0.99735,0.99775,0.40,7.40
2007.11.30 07:11:39.301,0.99735,0.99775,0.40,7.40
2007.11.30 07:11:39.519,0.99735,0.99775,0.40,7.40
2007.11.30 07:11:39.737,0.99735,0.99775,0.40,7.40
2007.11.30 07:11:39.955,0.99735,0.99775,0.40,7.40
2007.11.30 07:11:40.173,0.99735,0.99775,0.40,7.40
2007.11.30 07:11:40.394,0.99735,0.99775,0.40,7.40
2007.11.30 07:11:40.612,0.99735,0.99775,0.40,7.40
2007.11.30 07:11:40.835,0.99735,0.99775,0.40,7.40
2007.11.30 07:11:41.052,0.99735,0.99775,0.40,7.40
2007.11.30 07:11:41.270,0.99735,0.99775,0.40,7.40
2007.11.30 07:11:41.528,0.99735,0.99775,0.40,7.40
2007.11.30 07:11:41.788,0.99735,0.99775,0.40,7.40
2007.11.30 07:11:42.045,0.99735,0.99775,0.40,7.60
2007.11.30 07:11:42.303,0.99735,0.99775,0.40,7.60
2007.11.30 07:11:42.511,0.99735,0.99775,0.40,7.60
2007.11.30 07:11:42.719,0.99735,0.99775,0.40,7.60
2007.11.30 07:11:42.933,0.99735,0.99775,0.40,7.70
2007.11.30 07:11:43.134,0.99735,0.99775,0.40,7.70
2007.11.30 07:11:43.349,0.99735,0.99775,0.40,7.70
2007.11.30 07:11:43.591,0.99735,0.99775,0.40,7.70
2007.11.30 07:11:43.845,0.99735,0.99775,0.40,7.70
2007.11.30 07:11:44.093,0.99735,0.99775,0.40,7.70
2007.11.30 07:11:44.341,0.99735,0.99775,0.40,7.70
2007.11.30 07:11:44.584,0.99735,0.99775,0.40,7.70
2007.11.30 07:11:44.827,0.99735,0.99775,0.40,7.70
2007.11.30 07:11:45.211,0.99735,0.99775,0.40,7.70
2007.11.30 07:11:45.454,0.99735,0.99775,0.40,7.70
2007.11.30 07:11:45.648,0.99735,0.99775,0.40,7.70
2007.11.30 07:11:45.840,0.99735,0.99775,0.40,7.70
2007.11.30 07:11:46.033,0.99735,0.99775,0.40,7.70
2007.11.30 07:11:46.228,0.99735,0.99775,0.40,7.70
2007.11.30 07:11:46.420,0.99735,0.99775,0.40,7.70
2007.11.30 07:11:46.613,0.99735,0.99775,0.40,7.70
2007.11.30 07:11:46.922,0.99735,0.99775,0.40,7.70
2007.11.30 07:11:47.230,0.99735,0.99775,0.40,7.70
2007.11.30 07:11:47.537,0.99735,0.99775,0.40,7.70
2007.11.30 07:11:47.750,0.99735,0.99775,0.40,7.70
2007.11.30 07:11:47.963,0.99735,0.99775,0.40,7.70
2007.11.30 07:11:48.176,0.99735,0.99775,0.40,7.70
2007.11.30 07:11:48.389,0.99735,0.99775,0.40,7.70
2007.11.30 07:11:48.603,0.99735,0.99775,0.40,7.70
2007.11.30 07:11:48.920,0.99735,0.99775,0.40,7.70
2007.11.30 07:11:49.238,0.99735,0.99775,0.40,7.70
2007.11.30 07:11:49.556,0.99735,0.99775,0.40,7.70
2007.11.30 07:11:49.819,0.99735,0.99775,0.40,7.70
2007.11.30 07:11:50.082,0.99735,0.99775,0.40,7.70
2007.11.30 07:11:50.345,0.99735,0.99775,0.40,7.70
2007.11.30 07:11:50.609,0.99735,0.99775,0.40,7.70
2007.11.30 07:11:50.837,0.99735,0.99775,0.40,7.70
2007.11.30 07:11:51.064,0.99735,0.99775,0.40,7.70
2007.11.30 07:11:51.383,0.99735,0.99775,0.40,7.70
2007.11.30 07:11:51.611,0.99735,0.99775,0.40,7.70
2007.11.30 07:11:51.845,0.99735,0.99775,0.40,7.70
2007.11.30 07:11:52.078,0.99735,0.99775,0.40,7.70
2007.11.30 07:11:52.311,0.99735,0.99775,0.40,7.70
2007.11.30 07:11:52.544,0.99735,0.99775,0.40,7.70
2007.11.30 07:11:52.777,0.99735,0.99775,0.40,7.70
2007.11.30 07:11:53.086,0.99735,0.99775,0.40,7.70
2007.11.30 07:11:53.382,0.99735,0.99775,0.40,7.70
2007.11.30 07:11:53.685,0.99735,0.99775,0.40,7.70
2007.11.30 07:11:53.868,0.99735,0.99775,0.40,7.70
2007.11.30 07:11:54.051,0.99735,0.99775,0.40,7.70
2007.11.30 07:11:54.235,0.99735,0.99775,0.40,7.70
2007.11.30 07:11:54.418,0.99735,0.99775,0.40,7.70
2007.11.30 07:11:54.601,0.99735,0.99775,0.40,7.70
2007.11.30 07:11:54.788,0.99735,0.99775,0.40,7.70
2007.11.30 07:11:55.106,0.99735,0.99775,0.40,7.70
2007.11.30 07:11:55.427,0.99735,0.99775,0.40,7.70
2007.11.30 07:11:55.744,0.99735,0.99775,0.40,7.70
2007.11.30 07:11:55.923,0.99735,0.99775,0.40,7.70
2007.11.30 07:11:56.090,0.99735,0.99775,0.40,7.70
2007.11.30 07:11:56.263,0.99735,0.99775,0.40,7.70
2007.11.30 07:11:56.436,0.99735,0.99775,0.40,7.70
2007.11.30 07:11:56.609,0.99735,0.99775,0.40,7.70
2007.11.30 07:11:56.782,0.99735,0.99775,0.40,7.70
2007.11.30 07:11:57.115,0.99735,0.99775,0.40,7.70
2007.11.30 07:11:57.539,0.99735,0.99775,0.40,7.70
2007.11.30 07:11:57.871,0.99735,0.99775,0.40,7.70
2007.11.30 07:11:58.064,0.99735,0.99775,0.40,7.70
2007.11.30 07:11:58.258,0.99735,0.99775,0.40,7.70
2007.11.30 07:11:58.450,0.99735,0.99775,0.40,7.70
2007.11.30 07:11:58.539,0.99735,0.99775,0.40,7.70
2007.11.30 07:11:58.643,0.9972,0.99775,4.40,7.70
2007.11.30 07:11:58.836,0.9972,0.99775,4.40,7.70
2007.11.30 07:11:59.029,0.9972,0.99775,4.40,7.70
2007.11.30 07:11:59.362,0.9972,0.99775,4.40,7.70
2007.11.30 07:11:59.695,0.99735,0.99775,0.40,7.70
2007.11.30 07:12:00.031,0.99735,0.99775,0.40,7.70
2007.11.30 07:12:00.251,0.99735,0.99775,0.40,7.70
2007.11.30 07:12:00.468,0.99735,0.99775,0.40,7.70
2007.11.30 07:12:00.686,0.99735,0.99775,0.40,7.70
2007.11.30 07:12:00.914,0.99745,0.99775,2.40,4.30
2007.11.30 07:12:01.248,0.99745,0.99775,2.40,2.80
2007.11.30 07:12:01.587,0.99745,0.99775,2.40,2.80
2007.11.30 07:12:01.921,0.99745,0.99775,2.40,2.80
2007.11.30 07:12:02.126,0.99745,0.99775,2.40,2.80
2007.11.30 07:12:02.331,0.99745,0.99775,2.40,2.80
2007.11.30 07:12:02.541,0.99745,0.99775,2.40,2.80
2007.11.30 07:12:02.736,0.99745,0.99775,2.40,2.80
2007.11.30 07:12:02.941,0.99745,0.99775,2.40,2.80
2007.11.30 07:12:03.265,0.99745,0.99775,2.40,2.80
2007.11.30 07:12:03.705,0.99745,0.99775,2.40,2.80
2007.11.30 07:12:04.031,0.99745,0.99775,2.40,2.80
2007.11.30 07:12:04.224,0.99745,0.99775,2.40,2.80
2007.11.30 07:12:04.423,0.99745,0.99775,2.40,2.80
2007.11.30 07:12:04.615,0.99745,0.99775,2.40,2.80
2007.11.30 07:12:04.808,0.99745,0.99775,2.40,2.80
2007.11.30 07:12:05.002,0.99745,0.99775,2.40,2.80
2007.11.30 07:12:05.290,0.99745,0.99775,2.40,2.80
2007.11.30 07:12:05.578,0.99745,0.99775,2.40,2.80
2007.11.30 07:12:05.866,0.99745,0.99775,2.40,2.80
2007.11.30 07:12:06.155,0.99745,0.99775,2.40,2.80
2007.11.30 07:12:06.337,0.99745,0.99775,2.40,2.80
2007.11.30 07:12:06.520,0.99745,0.99775,2.40,2.80
2007.11.30 07:12:06.704,0.99745,0.99775,2.40,2.80
2007.11.30 07:12:06.887,0.99745,0.99775,2.40,2.80
2007.11.30 07:12:07.069,0.99745,0.99775,2.40,2.80
2007.11.30 07:12:07.358,0.99745,0.99775,2.40,2.80
2007.11.30 07:12:07.645,0.99745,0.99775,2.40,2.80
2007.11.30 07:12:07.933,0.99745,0.99775,2.40,2.80
2007.11.30 07:12:08.222,0.99765,0.99775,2.70,0.50
2007.11.30 07:12:08.440,0.99765,0.99775,2.70,0.80
2007.11.30 07:12:08.659,0.9977,0.99775,2.70,0.50
2007.11.30 07:12:08.878,0.9977,0.99775,2.70,0.80
2007.11.30 07:12:09.096,0.9977,0.99775,2.70,0.80
2007.11.30 07:12:09.329,0.9977,0.99775,2.70,0.80
2007.11.30 07:12:09.562,0.9977,0.99775,2.70,0.80
2007.11.30 07:12:09.868,0.9977,0.99775,2.70,0.80
2007.11.30 07:12:10.101,0.9977,0.99775,2.70,0.80
2007.11.30 07:12:10.355,0.9977,0.99775,2.70,0.80
2007.11.30 07:12:10.606,0.9977,0.99775,2.70,0.80
2007.11.30 07:12:10.859,0.9977,0.99775,2.70,0.80
2007.11.30 07:12:11.113,0.9977,0.99775,2.30,0.50
2007.11.30 07:12:11.431,0.9977,0.99785,2.30,4.80
2007.11.30 07:12:11.748,0.9977,0.99785,2.30,4.80
2007.11.30 07:12:12.066,0.9977,0.99785,2.30,4.80
2007.11.30 07:12:12.394,0.99745,0.9976,0.20,0.50
2007.11.30 07:12:12.642,0.9974,0.9976,4.10,0.50
2007.11.30 07:12:12.893,0.99765,0.9978,0.90,0.50
2007.11.30 07:12:13.141,0.99765,0.9978,0.90,0.50
2007.11.30 07:12:13.347,0.99765,0.9978,0.90,0.50
2007.11.30 07:12:13.550,0.99765,0.9978,0.90,0.50
2007.11.30 07:12:13.752,0.99765,0.9978,0.90,0.50
2007.11.30 07:12:13.954,0.99765,0.9978,0.90,0.50
2007.11.30 07:12:14.157,0.99765,0.9978,0.90,0.50
2007.11.30 07:12:14.451,0.99765,0.9978,0.90,0.50
2007.11.30 07:12:14.745,0.99765,0.9978,0.90,0.50
2007.11.30 07:12:15.045,0.99765,0.9978,0.90,0.50
2007.11.30 07:12:15.337,0.99765,0.9978,0.90,0.50
2007.11.30 07:12:15.555,0.99765,0.9978,0.90,0.50
2007.11.30 07:12:15.773,0.99765,0.9978,0.90,0.50
2007.11.30 07:12:16.034,0.99765,0.9978,0.90,0.50
2007.11.30 07:12:16.252,0.99765,0.9978,0.90,0.50
2007.11.30 07:12:16.522,0.99765,0.9978,0.90,0.50
2007.11.30 07:12:16.798,0.99765,0.9978,0.90,0.50
2007.11.30 07:12:17.066,0.99765,0.9978,0.90,0.50
2007.11.30 07:12:17.332,0.99765,0.9978,0.90,0.50
2007.11.30 07:12:17.587,0.99765,0.9978,0.90,0.50
2007.11.30 07:12:17.843,0.99765,0.9978,4.90,0.50
2007.11.30 07:12:18.098,0.99765,0.9978,4.90,0.50
2007.11.30 07:12:18.352,0.99765,0.9978,4.90,0.50
2007.11.30 07:12:18.599,0.99765,0.9978,4.90,0.50
2007.11.30 07:12:18.842,0.99765,0.9978,4.90,0.50
2007.11.30 07:12:19.085,0.99765,0.9978,4.90,0.50
2007.11.30 07:12:19.328,0.99765,0.9978,4.90,0.50
2007.11.30 07:12:19.570,0.99765,0.9978,4.90,0.50
2007.11.30 07:12:19.823,0.99765,0.9978,4.90,0.50
2007.11.30 07:12:20.083,0.99765,0.9978,4.90,0.50
2007.11.30 07:12:20.336,0.99765,0.9978,4.90,0.50
2007.11.30 07:12:20.588,0.99765,0.9978,4.90,0.50
2007.11.30 07:12:20.815,0.99765,0.9978,4.90,0.50
2007.11.30 07:12:21.044,0.99765,0.9978,4.90,0.50
2007.11.30 07:12:21.272,0.99765,0.9978,4.90,0.50
2007.11.30 07:12:21.500,0.99765,0.9978,4.90,0.50
2007.11.30 07:12:21.753,0.99765,0.9978,4.90,0.50
2007.11.30 07:12:22.015,0.99765,0.9978,4.90,0.50
2007.11.30 07:12:22.267,0.99765,0.9978,4.90,0.50
2007.11.30 07:12:22.520,0.99765,0.9978,4.90,0.50
2007.11.30 07:12:22.818,0.99765,0.9978,4.90,0.50
2007.11.30 07:12:23.117,0.99765,0.9978,4.90,0.50
2007.11.30 07:12:23.415,0.99765,0.9978,4.90,0.50
2007.11.30 07:12:23.712,0.99765,0.9978,4.90,0.50
2007.11.30 07:12:23.936,0.99765,0.9978,4.90,0.50
2007.11.30 07:12:24.158,0.99765,0.9978,4.90,0.50
2007.11.30 07:12:24.384,0.99765,0.9978,4.90,0.50
2007.11.30 07:12:24.606,0.99765,0.9978,4.90,0.50
2007.11.30 07:12:24.829,0.99765,0.9978,4.90,0.50
2007.11.30 07:12:25.103,0.99765,0.9978,4.90,0.50
2007.11.30 07:12:25.373,0.99765,0.9978,4.90,0.50
2007.11.30 07:12:25.641,0.99765,0.9978,4.90,0.50
2007.11.30 07:12:25.908,0.99765,0.9978,4.90,0.50
2007.11.30 07:12:26.157,0.99765,0.9978,4.90,0.50
2007.11.30 07:12:26.404,0.99765,0.9978,4.90,0.50
2007.11.30 07:12:26.652,0.99765,0.9978,4.90,0.50
2007.11.30 07:12:26.900,0.99765,0.9978,4.90,0.50
2007.11.30 07:12:27.143,0.99765,0.9978,4.90,0.50
2007.11.30 07:12:27.386,0.99765,0.9978,4.90,0.50
2007.11.30 07:12:27.629,0.99765,0.9978,4.90,0.50
2007.11.30 07:12:27.871,0.99765,0.9978,4.90,0.50
2007.11.30 07:12:28.124,0.99765,0.9978,4.90,0.50
2007.11.30 07:12:28.376,0.99765,0.9978,4.90,0.50
2007.11.30 07:12:28.630,0.99765,0.9978,4.90,0.50
2007.11.30 07:12:28.883,0.99765,0.9978,4.90,0.50
2007.11.30 07:12:29.111,0.99765,0.9978,4.90,0.50
2007.11.30 07:12:29.339,0.99765,0.9978,4.90,0.50
2007.11.30 07:12:29.566,0.99765,0.9978,4.90,0.50
2007.11.30 07:12:29.794,0.99765,0.9978,4.90,0.50
2007.11.30 07:12:30.023,0.99765,0.9978,4.90,0.50
2007.11.30 07:12:30.321,0.99765,0.9978,4.90,0.50
2007.11.30 07:12:30.619,0.99765,0.9978,4.90,0.50
2007.11.30 07:12:30.917,0.99765,0.9978,4.90,0.50
2007.11.30 07:12:31.116,0.99765,0.9978,4.90,0.50
2007.11.30 07:12:31.313,0.99765,0.9978,4.90,0.50
2007.11.30 07:12:31.512,0.99765,0.9978,4.90,0.50
2007.11.30 07:12:31.709,0.99765,0.9978,4.90,0.50
2007.11.30 07:12:31.908,0.99765,0.9978,4.90,0.50
2007.11.30 07:12:32.190,0.99765,0.9978,4.90,0.50
2007.11.30 07:12:32.474,0.99765,0.9978,4.90,0.50
2007.11.30 07:12:32.757,0.99765,0.9978,4.90,0.50
2007.11.30 07:12:33.039,0.99765,0.9978,4.90,0.50
2007.11.30 07:12:33.224,0.99765,0.9978,4.90,0.50
2007.11.30 07:12:33.407,0.99765,0.9978,4.90,0.50
2007.11.30 07:12:33.589,0.99765,0.9978,4.90,0.50
2007.11.30 07:12:33.773,0.99765,0.9978,4.90,0.50
2007.11.30 07:12:33.955,0.99765,0.9978,4.90,0.50
2007.11.30 07:12:34.289,0.99765,0.9978,4.90,0.50
2007.11.30 07:12:34.621,0.99765,0.9978,4.90,0.50
2007.11.30 07:12:34.955,0.99765,0.9978,4.90,0.50
2007.11.30 07:12:35.127,0.99765,0.9978,4.90,0.50
2007.11.30 07:12:35.300,0.99765,0.9978,4.90,0.50
2007.11.30 07:12:35.473,0.99765,0.9978,4.90,0.50
2007.11.30 07:12:35.646,0.99765,0.9978,4.90,0.50
2007.11.30 07:12:35.818,0.99765,0.9978,4.90,0.50
2007.11.30 07:12:35.992,0.99765,0.9978,4.90,0.50
2007.11.30 07:12:36.274,0.99765,0.9978,4.90,0.50
2007.11.30 07:12:36.558,0.99765,0.9978,4.90,0.50
2007.11.30 07:12:36.840,0.99765,0.9978,4.90,0.50
2007.11.30 07:12:37.123,0.99765,0.9978,4.90,0.50
2007.11.30 07:12:37.335,0.99765,0.9978,4.90,0.50
2007.11.30 07:12:37.548,0.99765,0.9978,4.90,0.50
2007.11.30 07:12:37.761,0.99765,0.9978,4.90,0.50
2007.11.30 07:12:37.974,0.99765,0.9978,4.90,0.50
2007.11.30 07:12:38.188,0.99765,0.9978,4.90,0.50
2007.11.30 07:12:38.497,0.99765,0.9978,4.90,0.50
2007.11.30 07:12:38.794,0.99765,0.9978,4.90,0.50
2007.11.30 07:12:39.096,0.99765,0.9978,4.90,0.50
2007.11.30 07:12:39.345,0.99765,0.9978,4.90,0.50
2007.11.30 07:12:39.592,0.99765,0.9978,4.90,0.50
2007.11.30 07:12:39.840,0.99765,0.9978,4.90,0.50
2007.11.30 07:12:40.088,0.99765,0.9978,4.90,0.50
2007.11.30 07:12:40.387,0.9977,0.9978,4.00,0.50
2007.11.30 07:12:40.686,0.9977,0.9978,4.00,0.50
2007.11.30 07:12:40.984,0.9977,0.9978,4.00,0.50
2007.11.30 07:12:41.282,0.9977,0.9978,4.00,0.50
2007.11.30 07:12:41.540,0.9977,0.9978,4.00,0.50
2007.11.30 07:12:41.800,0.9977,0.9978,4.00,0.50
2007.11.30 07:12:42.059,0.9977,0.9978,4.00,0.50
2007.11.30 07:12:42.318,0.9977,0.9978,4.00,0.50
2007.11.30 07:12:42.536,0.9977,0.9978,4.00,0.50
2007.11.30 07:12:42.753,0.9977,0.9978,4.00,0.50
2007.11.30 07:12:42.970,0.9977,0.9979,4.90,18.50
2007.11.30 07:12:43.189,0.9977,0.9979,4.90,18.60
2007.11.30 07:12:43.382,0.9977,0.9979,4.90,21.00
2007.11.30 07:12:43.574,0.9977,0.9979,4.90,21.00
2007.11.30 07:12:43.767,0.9977,0.9979,4.90,21.00
2007.11.30 07:12:43.959,0.9977,0.9979,4.90,21.00
2007.11.30 07:12:44.151,0.9977,0.9979,4.90,21.00
2007.11.30 07:12:44.344,0.9977,0.9979,4.90,21.00
2007.11.30 07:12:44.667,0.9977,0.9979,4.90,21.00
2007.11.30 07:12:44.990,0.9977,0.9979,4.90,21.00
2007.11.30 07:12:45.312,0.9977,0.9979,4.90,21.00
2007.11.30 07:12:45.560,0.9977,0.9979,4.90,21.00
2007.11.30 07:12:45.702,0.9977,0.9979,2.70,21.00
2007.11.30 07:12:45.807,0.9977,0.9979,2.50,21.00
2007.11.30 07:12:46.056,0.9975,0.9979,7.90,21.00
2007.11.30 07:12:46.304,0.9975,0.9979,7.90,21.00
2007.11.30 07:12:46.563,0.9975,0.9979,7.90,21.00
2007.11.30 07:12:46.849,0.9975,0.9979,7.90,21.00
2007.11.30 07:12:47.101,0.9977,0.9979,2.20,21.00
2007.11.30 07:12:47.355,0.9975,0.9979,7.90,21.00
2007.11.30 07:12:47.622,0.9975,0.9979,7.90,21.00
2007.11.30 07:12:47.892,0.9975,0.9979,7.90,21.00
2007.11.30 07:12:48.163,0.9975,0.9979,7.90,21.00
2007.11.30 07:12:48.431,0.9975,0.9979,7.90,21.00
2007.11.30 07:12:48.689,0.9975,0.9979,7.90,21.00
2007.11.30 07:12:48.947,0.9977,0.9979,2.60,21.00
2007.11.30 07:12:49.204,0.9977,0.9979,1.60,21.00
2007.11.30 07:12:49.422,0.9975,0.9979,7.90,21.00
2007.11.30 07:12:49.641,0.9977,0.9979,1.10,21.00
2007.11.30 07:12:49.859,0.9977,0.9979,1.30,21.00
2007.11.30 07:12:50.076,0.9977,0.9979,2.40,21.00
2007.11.30 07:12:50.294,0.9975,0.9979,7.90,21.00
2007.11.30 07:12:50.582,0.9975,0.9979,7.90,21.00
2007.11.30 07:12:50.871,0.9977,0.9979,0.60,21.00
2007.11.30 07:12:51.158,0.9977,0.9979,0.80,21.00
2007.11.30 07:12:51.446,0.9977,0.9979,1.40,21.00
2007.11.30 07:12:51.650,0.9975,0.9979,7.90,21.00
2007.11.30 07:12:51.852,0.9977,0.9979,2.50,21.00
2007.11.30 07:12:52.055,0.9975,0.9979,7.90,21.00
2007.11.30 07:12:52.261,0.9975,0.9979,7.90,21.00
2007.11.30 07:12:52.513,0.9975,0.9979,7.90,21.00
2007.11.30 07:12:52.766,0.9975,0.9979,7.90,21.00
2007.11.30 07:12:53.019,0.9977,0.9979,1.60,21.00
2007.11.30 07:12:53.271,0.9975,0.9979,7.90,21.00
2007.11.30 07:12:53.509,0.9975,0.9979,7.90,21.00
2007.11.30 07:12:53.745,0.9975,0.9979,7.90,21.00
2007.11.30 07:12:53.984,0.9977,0.9979,1.00,21.00
2007.11.30 07:12:54.222,0.9975,0.9979,7.90,21.00
2007.11.30 07:12:54.459,0.9977,0.9979,2.60,21.00
2007.11.30 07:12:54.792,0.9977,0.9979,1.00,21.00
2007.11.30 07:12:55.125,0.9975,0.9979,7.90,21.00
2007.11.30 07:12:55.457,0.9977,0.9979,0.90,21.00
2007.11.30 07:12:55.681,0.9975,0.9979,7.90,21.00
2007.11.30 07:12:55.903,0.9975,0.9979,7.90,21.00
2007.11.30 07:12:56.125,0.9975,0.9979,7.90,21.00
2007.11.30 07:12:56.347,0.9975,0.9979,7.90,21.00
2007.11.30 07:12:56.569,0.9975,0.9979,7.90,21.00
2007.11.30 07:12:56.858,0.9975,0.9979,7.90,21.00
2007.11.30 07:12:57.146,0.9975,0.9979,7.90,21.00
2007.11.30 07:12:57.433,0.9975,0.9979,7.90,21.00
2007.11.30 07:12:57.607,0.9975,0.9979,7.90,21.00
2007.11.30 07:12:57.780,0.9977,0.9979,2.60,21.00
2007.11.30 07:12:57.953,0.9975,0.9979,7.90,21.00
2007.11.30 07:12:58.126,0.9977,0.9979,2.70,21.00
2007.11.30 07:12:58.298,0.9977,0.9979,1.00,21.00
2007.11.30 07:12:58.471,0.9975,0.9979,7.90,21.00
2007.11.30 07:12:58.643,0.9977,0.9979,2.60,21.00
2007.11.30 07:12:58.975,0.9975,0.9979,7.90,21.00
2007.11.30 07:12:59.308,0.9977,0.9979,1.00,21.00
2007.11.30 07:12:59.641,0.9977,0.9979,2.60,21.00
2007.11.30 07:12:59.849,0.9977,0.9979,2.70,21.00
2007.11.30 07:13:00.057,0.9975,0.9979,7.90,21.00
2007.11.30 07:13:00.264,0.9975,0.9979,7.90,21.00
2007.11.30 07:13:00.472,0.9977,0.9979,0.60,21.00
2007.11.30 07:13:00.680,0.9975,0.9979,7.90,21.00
2007.11.30 07:13:00.973,0.9975,0.9979,7.90,21.00
2007.11.30 07:13:01.266,0.9975,0.9979,7.90,21.00
2007.11.30 07:13:01.559,0.9977,0.9979,1.50,21.00
2007.11.30 07:13:01.792,0.9977,0.9979,1.00,21.00
2007.11.30 07:13:02.025,0.9975,0.9979,7.90,21.00
2007.11.30 07:13:02.257,0.9975,0.9979,7.90,21.00
2007.11.30 07:13:02.490,0.9975,0.9979,7.90,21.00
2007.11.30 07:13:02.723,0.9975,0.9979,7.90,21.00
2007.11.30 07:13:02.971,0.9977,0.9979,2.00,21.00
2007.11.30 07:13:03.219,0.9975,0.9979,7.90,21.00
2007.11.30 07:13:03.467,0.9975,0.9979,7.90,21.00
2007.11.30 07:13:03.715,0.9977,0.9979,1.00,21.00
2007.11.30 07:13:03.943,0.9975,0.9979,7.90,21.00
2007.11.30 07:13:04.177,0.9977,0.9979,2.10,21.00
2007.11.30 07:13:04.405,0.9977,0.9979,2.10,21.00
2007.11.30 07:13:04.633,0.9975,0.9979,7.90,21.00
2007.11.30 07:13:04.895,0.9977,0.9979,1.00,21.00
2007.11.30 07:13:05.158,0.9975,0.9979,7.90,21.00
2007.11.30 07:13:05.420,0.9975,0.9979,7.90,21.00
2007.11.30 07:13:05.688,0.9977,0.9979,2.80,21.00
2007.11.30 07:13:05.941,0.9975,0.9979,7.90,21.00
2007.11.30 07:13:06.201,0.9975,0.9979,7.90,21.00
2007.11.30 07:13:06.453,0.9975,0.9979,7.90,21.00
2007.11.30 07:13:06.705,0.9975,0.9979,7.90,21.00
2007.11.30 07:13:06.969,0.9977,0.9979,2.50,21.00
2007.11.30 07:13:07.232,0.9975,0.9979,7.90,21.00
2007.11.30 07:13:07.494,0.9975,0.9979,7.90,21.00
2007.11.30 07:13:07.757,0.9977,0.9979,2.10,21.00
2007.11.30 07:13:07.919,0.9977,0.9979,2.60,21.00
2007.11.30 07:13:08.082,0.9975,0.9979,7.90,21.00
2007.11.30 07:13:08.245,0.9975,0.9979,7.90,21.00
2007.11.30 07:13:08.407,0.9975,0.9979,7.90,21.00
2007.11.30 07:13:08.571,0.9975,0.9979,7.90,21.00
2007.11.30 07:13:08.733,0.9975,0.9979,7.90,21.00
2007.11.30 07:13:09.041,0.9977,0.9979,1.90,21.00
2007.11.30 07:13:09.348,0.9977,0.9979,1.90,21.00
2007.11.30 07:13:09.656,0.9977,0.9979,2.70,21.00
2007.11.30 07:13:09.965,0.9975,0.9979,7.90,21.00
2007.11.30 07:13:10.152,0.9977,0.9979,1.10,21.00
2007.11.30 07:13:10.339,0.9977,0.9979,2.00,21.00
2007.11.30 07:13:10.534,0.9975,0.9979,7.90,21.00
2007.11.30 07:13:10.715,0.9975,0.9979,7.90,21.00
2007.11.30 07:13:11.037,0.9975,0.9979,7.90,21.00
2007.11.30 07:13:11.505,0.9977,0.9979,2.70,21.00
2007.11.30 07:13:11.829,0.9975,0.9979,7.90,21.00
2007.11.30 07:13:12.007,0.9975,0.9979,7.90,21.00
2007.11.30 07:13:12.185,0.9975,0.9979,7.90,18.60
2007.11.30 07:13:12.362,0.9977,0.9979,0.60,18.60
2007.11.30 07:13:12.540,0.9975,0.9979,7.90,18.60
2007.11.30 07:13:12.717,0.9977,0.9979,1.10,18.60
2007.11.30 07:13:12.896,0.9977,0.9979,2.70,18.60
2007.11.30 07:13:13.158,0.9975,0.9979,7.90,18.60
2007.11.30 07:13:13.421,0.9977,0.9979,4.90,17.00
2007.11.30 07:13:13.685,0.9977,0.9979,4.90,17.00
2007.11.30 07:13:13.947,0.9977,0.9979,4.90,17.00
2007.11.30 07:13:14.130,0.9977,0.9979,4.90,17.00
2007.11.30 07:13:14.312,0.9977,0.9979,4.90,17.00
2007.11.30 07:13:14.495,0.9977,0.9979,4.90,17.00
2007.11.30 07:13:14.677,0.9977,0.9979,4.90,17.00
2007.11.30 07:13:14.860,0.9977,0.9979,4.90,17.00
2007.11.30 07:13:15.043,0.9977,0.9979,4.90,17.00
2007.11.30 07:13:15.336,0.9977,0.9979,4.90,17.00
2007.11.30 07:13:15.629,0.9977,0.9979,4.90,17.00
2007.11.30 07:13:15.921,0.9977,0.9979,4.90,17.00
2007.11.30 07:13:16.215,0.9977,0.9979,4.90,17.00
2007.11.30 07:13:16.382,0.9977,0.9979,4.90,17.00
2007.11.30 07:13:16.550,0.9977,0.9979,4.90,17.00
2007.11.30 07:13:16.717,0.9977,0.9979,4.90,17.00
2007.11.30 07:13:16.885,0.9977,0.9979,4.90,17.00
2007.11.30 07:13:17.052,0.9977,0.9979,4.90,17.00
2007.11.30 07:13:17.227,0.9977,0.9979,4.90,17.00
2007.11.30 07:13:17.673,0.9977,0.9979,4.90,17.00
2007.11.30 07:13:17.993,0.9977,0.9979,4.90,17.00
2007.11.30 07:13:18.311,0.9977,0.9979,4.90,17.00
2007.11.30 07:13:18.524,0.9977,0.9979,4.90,17.00
2007.11.30 07:13:18.735,0.9977,0.9979,4.90,17.00
2007.11.30 07:13:18.947,0.9977,0.9979,4.90,17.00
2007.11.30 07:13:19.166,0.9977,0.9979,4.90,17.00
2007.11.30 07:13:19.373,0.9977,0.9979,4.90,17.00
2007.11.30 07:13:19.630,0.9977,0.9979,4.90,17.00
2007.11.30 07:13:19.887,0.9977,0.9979,4.90,17.00
2007.11.30 07:13:20.144,0.9977,0.9979,4.90,17.00
2007.11.30 07:13:20.402,0.9977,0.9979,4.90,17.00
2007.11.30 07:13:20.605,0.9977,0.9979,4.90,17.00
2007.11.30 07:13:20.807,0.9977,0.9979,4.90,17.00
2007.11.30 07:13:21.011,0.9977,0.9979,4.90,17.00
2007.11.30 07:13:21.215,0.9977,0.9979,4.90,17.00
2007.11.30 07:13:21.417,0.9977,0.9979,4.90,17.00
2007.11.30 07:13:21.620,0.9977,0.9979,4.90,17.00
2007.11.30 07:13:21.878,0.9977,0.9979,4.90,17.00
2007.11.30 07:13:22.136,0.9977,0.9979,4.90,17.00
2007.11.30 07:13:22.394,0.9977,0.9979,4.90,17.00
2007.11.30 07:13:22.652,0.9977,0.9979,4.90,17.00
2007.11.30 07:13:22.880,0.9977,0.9979,4.90,17.00
2007.11.30 07:13:23.108,0.9977,0.9979,4.90,17.00
2007.11.30 07:13:23.336,0.9977,0.9979,4.90,17.00
2007.11.30 07:13:23.563,0.9977,0.9979,4.90,17.00
2007.11.30 07:13:23.840,0.9977,0.9979,4.90,17.00
2007.11.30 07:13:24.068,0.9977,0.9979,4.90,17.00
2007.11.30 07:13:24.296,0.9977,0.9979,4.90,17.00
2007.11.30 07:13:24.523,0.9977,0.9979,4.90,17.00
2007.11.30 07:13:24.720,0.9977,0.9979,4.90,17.00
2007.11.30 07:13:24.917,0.9977,0.9979,4.90,17.00
2007.11.30 07:13:25.115,0.9977,0.9979,4.90,17.00
2007.11.30 07:13:25.313,0.9977,0.9979,4.90,17.00
2007.11.30 07:13:25.510,0.9977,0.9979,4.90,17.00
2007.11.30 07:13:25.708,0.9977,0.9979,4.90,17.00
2007.11.30 07:13:25.971,0.9977,0.9979,4.90,17.00
2007.11.30 07:13:26.234,0.9977,0.9979,4.90,17.00
2007.11.30 07:13:26.497,0.9977,0.9979,4.90,17.00
2007.11.30 07:13:26.759,0.9977,0.9979,4.90,17.00
2007.11.30 07:13:26.947,0.9977,0.9979,4.90,17.00
2007.11.30 07:13:27.135,0.9977,0.9979,4.90,17.00
2007.11.30 07:13:27.323,0.9977,0.9979,4.90,17.00
2007.11.30 07:13:27.513,0.9977,0.9979,4.90,17.00
2007.11.30 07:13:27.702,0.9977,0.9979,4.90,17.00
2007.11.30 07:13:27.954,0.9977,0.9979,4.90,17.00
2007.11.30 07:13:28.208,0.9977,0.9979,4.90,17.00
2007.11.30 07:13:28.460,0.9977,0.9979,4.90,17.00
2007.11.30 07:13:28.714,0.9977,0.9979,4.90,17.00
2007.11.30 07:13:28.946,0.9977,0.9979,4.90,17.00
2007.11.30 07:13:29.178,0.9977,0.9979,4.90,17.00
2007.11.30 07:13:29.412,0.9977,0.9979,4.90,17.00
2007.11.30 07:13:29.645,0.9977,0.9979,4.90,17.00
2007.11.30 07:13:29.998,0.9977,0.9979,4.90,17.00
2007.11.30 07:13:30.246,0.9977,0.9979,4.90,17.00
2007.11.30 07:13:30.494,0.9977,0.9979,4.90,17.00
2007.11.30 07:13:30.741,0.9977,0.9979,4.90,17.00
2007.11.30 07:13:30.929,0.9977,0.9979,4.90,17.00
2007.11.30 07:13:31.117,0.9977,0.9979,4.90,17.00
2007.11.30 07:13:31.312,0.9977,0.9979,4.90,17.00
2007.11.30 07:13:31.493,0.9977,0.9979,4.90,17.00
2007.11.30 07:13:31.682,0.9977,0.9979,4.90,17.00
2007.11.30 07:13:31.869,0.9977,0.9979,4.90,17.00
2007.11.30 07:13:32.202,0.9977,0.9979,4.90,17.00
2007.11.30 07:13:32.535,0.9977,0.9979,4.90,17.00
2007.11.30 07:13:32.869,0.9977,0.9979,4.90,17.00
2007.11.30 07:13:33.201,0.9977,0.9979,4.90,17.00
2007.11.30 07:13:33.374,0.9977,0.9979,4.90,17.00
2007.11.30 07:13:33.547,0.9977,0.9979,4.90,17.00
2007.11.30 07:13:33.719,0.9977,0.9979,4.90,17.00
2007.11.30 07:13:33.892,0.9977,0.9979,4.90,17.00
2007.11.30 07:13:34.065,0.9977,0.9979,4.90,17.00
2007.11.30 07:13:34.240,0.9977,0.9979,1.60,17.00
2007.11.30 07:13:34.348,0.9977,0.9979,1.40,17.00
2007.11.30 07:13:34.631,0.9975,0.9979,7.90,17.00
2007.11.30 07:13:34.914,0.9977,0.9979,1.40,17.00
2007.11.30 07:13:35.196,0.9977,0.9979,2.30,17.00
2007.11.30 07:13:35.394,0.9975,0.9979,7.90,17.00
2007.11.30 07:13:35.591,0.9975,0.9979,7.90,17.00
2007.11.30 07:13:35.789,0.9975,0.9979,7.90,17.00
2007.11.30 07:13:35.987,0.9977,0.9979,2.50,17.00
2007.11.30 07:13:36.230,0.9975,0.9979,7.90,17.00
2007.11.30 07:13:36.473,0.9975,0.9979,7.90,17.00
2007.11.30 07:13:36.716,0.9975,0.9979,7.90,17.00
2007.11.30 07:13:36.959,0.9975,0.9979,7.90,17.00
2007.11.30 07:13:37.173,0.9975,0.9979,7.90,17.00
2007.11.30 07:13:37.380,0.9977,0.9979,2.50,17.00
2007.11.30 07:13:37.588,0.9977,0.9979,0.60,17.00
2007.11.30 07:13:37.795,0.9977,0.9979,0.50,17.00
2007.11.30 07:13:38.003,0.9975,0.9979,7.90,17.00
2007.11.30 07:13:38.207,0.9975,0.9979,7.90,17.00
2007.11.30 07:13:38.410,0.9977,0.9979,0.60,17.00
2007.11.30 07:13:38.613,0.9975,0.9979,7.90,17.00
2007.11.30 07:13:38.817,0.9975,0.9979,7.90,17.00
2007.11.30 07:13:39.020,0.9975,0.9979,7.90,17.00
2007.11.30 07:13:39.297,0.9977,0.9979,2.10,17.00
2007.11.30 07:13:39.574,0.9975,0.9979,7.90,17.00
2007.11.30 07:13:39.851,0.9977,0.9979,0.90,17.00
2007.11.30 07:13:40.129,0.9975,0.9979,3.90,17.00
2007.11.30 07:13:40.412,0.9977,0.9979,0.90,17.00
2007.11.30 07:13:40.696,0.9975,0.9979,3.90,17.00
2007.11.30 07:13:40.979,0.9975,0.9979,3.90,17.00
2007.11.30 07:13:41.263,0.9975,0.9979,3.90,17.00
2007.11.30 07:13:41.471,0.9977,0.9979,0.90,17.00
2007.11.30 07:13:41.678,0.9975,0.9979,3.90,17.00
2007.11.30 07:13:41.885,0.9975,0.9979,3.90,17.00
2007.11.30 07:13:42.092,0.9975,0.9979,3.90,17.00
2007.11.30 07:13:42.347,0.9977,0.9979,0.90,14.60
2007.11.30 07:13:42.559,0.9975,0.9979,3.90,14.60
2007.11.30 07:13:42.777,0.9975,0.9979,3.90,14.60
2007.11.30 07:13:42.990,0.9975,0.9979,3.90,14.60
2007.11.30 07:13:43.203,0.9977,0.9979,0.90,14.60
2007.11.30 07:13:43.467,0.9975,0.9979,3.90,17.00
2007.11.30 07:13:43.728,0.9975,0.9979,3.90,17.00
2007.11.30 07:13:43.991,0.9977,0.9979,0.90,17.00
2007.11.30 07:13:44.254,0.9975,0.9979,3.90,17.00
2007.11.30 07:13:44.447,0.9975,0.9979,3.90,17.00
2007.11.30 07:13:44.635,0.9977,0.9979,0.90,17.00
2007.11.30 07:13:44.823,0.9977,0.9979,0.90,17.00
2007.11.30 07:13:45.010,0.9975,0.9979,3.90,17.00
2007.11.30 07:13:45.198,0.9977,0.9979,0.90,17.00
2007.11.30 07:13:45.493,0.9977,0.9979,0.90,17.00
2007.11.30 07:13:45.785,0.9977,0.9979,0.90,17.00
2007.11.30 07:13:46.077,0.9975,0.9979,3.90,17.00
2007.11.30 07:13:46.370,0.9977,0.9979,0.90,17.00
2007.11.30 07:13:46.578,0.9977,0.9979,0.90,17.00
2007.11.30 07:13:46.785,0.9977,0.9979,0.90,17.00
2007.11.30 07:13:46.992,0.9975,0.9979,3.90,17.00
2007.11.30 07:13:47.201,0.9977,0.9979,0.90,17.00
2007.11.30 07:13:47.412,0.9977,0.9979,0.90,17.00
2007.11.30 07:13:47.695,0.9975,0.9979,3.90,17.00
2007.11.30 07:13:47.979,0.9975,0.9979,3.90,17.00
2007.11.30 07:13:48.261,0.9977,0.9979,0.90,17.00
2007.11.30 07:13:48.544,0.9975,0.9979,3.90,17.00
2007.11.30 07:13:48.757,0.9977,0.9979,0.90,17.00
2007.11.30 07:13:48.969,0.9975,0.9979,3.90,17.00
2007.11.30 07:13:49.182,0.9977,0.9979,0.90,17.00
2007.11.30 07:13:49.394,0.9975,0.9979,3.90,17.00
2007.11.30 07:13:49.602,0.9975,0.9979,3.90,17.00
2007.11.30 07:13:49.810,0.9977,0.9979,0.90,17.00
2007.11.30 07:13:50.018,0.9975,0.9979,3.90,17.00
2007.11.30 07:13:50.227,0.9975,0.9979,3.90,17.00
2007.11.30 07:13:50.434,0.9975,0.9979,3.90,17.00
2007.11.30 07:13:50.726,0.9977,0.9979,0.90,17.00
2007.11.30 07:13:51.019,0.9975,0.9979,3.90,17.00
2007.11.30 07:13:51.311,0.9975,0.9979,3.90,17.00
2007.11.30 07:13:51.604,0.9975,0.9979,3.90,17.00
2007.11.30 07:13:51.812,0.9977,0.9979,0.90,17.00
2007.11.30 07:13:52.020,0.9975,0.9979,3.90,17.00
2007.11.30 07:13:52.227,0.9975,0.9979,3.90,17.00
2007.11.30 07:13:52.435,0.9975,0.9979,3.90,17.00
2007.11.30 07:13:52.644,0.9977,0.9979,0.90,17.00
2007.11.30 07:13:52.916,0.9975,0.9979,3.90,17.00
2007.11.30 07:13:53.189,0.9977,0.9979,0.90,17.00
2007.11.30 07:13:53.461,0.9977,0.9979,0.90,17.00
2007.11.30 07:13:53.733,0.9975,0.9979,3.90,17.00
2007.11.30 07:13:53.961,0.9977,0.9979,0.90,17.00
2007.11.30 07:13:54.190,0.9975,0.9979,3.90,17.00
2007.11.30 07:13:54.418,0.9977,0.9979,0.90,17.00
2007.11.30 07:13:54.673,0.9977,0.9979,0.90,17.00
2007.11.30 07:13:54.920,0.9975,0.9979,3.90,17.00
2007.11.30 07:13:55.167,0.9975,0.9979,3.90,17.00
2007.11.30 07:13:55.416,0.9977,0.9979,1.80,17.00
2007.11.30 07:13:55.668,0.9977,0.9979,1.30,17.00
2007.11.30 07:13:55.936,0.9975,0.9979,7.90,17.00
2007.11.30 07:13:56.203,0.9977,0.9979,2.00,17.00
2007.11.30 07:13:56.471,0.9977,0.9979,2.60,17.00
2007.11.30 07:13:56.679,0.9975,0.9979,7.90,17.00
2007.11.30 07:13:56.887,0.9975,0.9979,7.90,17.00
2007.11.30 07:13:57.095,0.9977,0.9979,2.20,17.00
2007.11.30 07:13:57.304,0.9977,0.9979,2.00,17.00
2007.11.30 07:13:57.511,0.9977,0.9979,2.50,17.00
2007.11.30 07:13:57.718,0.9975,0.9979,7.90,17.00
2007.11.30 07:13:57.966,0.9975,0.9979,7.90,17.00
2007.11.30 07:13:58.214,0.9977,0.9979,2.60,17.00
2007.11.30 07:13:58.461,0.9975,0.9979,7.90,17.00
2007.11.30 07:13:58.709,0.9975,0.9979,7.90,17.00
2007.11.30 07:13:58.927,0.9975,0.9979,7.90,17.00
2007.11.30 07:13:59.144,0.9975,0.9979,7.90,17.00
2007.11.30 07:13:59.363,0.9977,0.9979,2.70,17.00
2007.11.30 07:13:59.582,0.9975,0.9979,7.90,17.00
2007.11.30 07:13:59.909,0.9977,0.9979,0.50,17.00
2007.11.30 07:14:00.237,0.9977,0.9979,1.50,17.00
2007.11.30 07:14:00.564,0.9975,0.9979,7.90,17.00
2007.11.30 07:14:00.840,0.9977,0.9979,2.60,17.00
2007.11.30 07:14:01.048,0.9975,0.9979,7.90,17.00
2007.11.30 07:14:01.255,0.9977,0.9979,2.30,17.00
2007.11.30 07:14:01.462,0.9977,0.9979,0.50,17.00
2007.11.30 07:14:01.671,0.9975,0.9979,7.90,17.00
2007.11.30 07:14:02.003,0.9975,0.9979,7.90,17.00
2007.11.30 07:14:02.336,0.9975,0.9979,7.90,17.00
2007.11.30 07:14:02.669,0.9977,0.9979,2.80,17.00
2007.11.30 07:14:02.836,0.9975,0.9979,7.90,17.00
2007.11.30 07:14:03.004,0.9977,0.9979,0.60,17.00
2007.11.30 07:14:03.171,0.9977,0.9979,1.60,17.00
2007.11.30 07:14:03.338,0.9975,0.9979,7.90,17.00
2007.11.30 07:14:03.506,0.9977,0.9979,1.00,17.00
2007.11.30 07:14:03.673,0.9975,0.9979,7.90,17.00
2007.11.30 07:14:03.841,0.9975,0.9979,7.90,17.00
2007.11.30 07:14:04.149,0.9977,0.9979,4.90,17.00
2007.11.30 07:14:04.456,0.9977,0.9979,4.90,17.00
2007.11.30 07:14:04.763,0.9977,0.9979,4.90,17.00
2007.11.30 07:14:05.011,0.9977,0.9979,4.90,17.00
2007.11.30 07:14:05.259,0.9977,0.9979,4.90,17.00
2007.11.30 07:14:05.506,0.9977,0.9979,4.90,17.00
2007.11.30 07:14:05.755,0.9977,0.9979,4.90,17.00
2007.11.30 07:14:06.003,0.9977,0.9979,4.90,17.00
2007.11.30 07:14:06.250,0.9977,0.9979,4.90,17.00
2007.11.30 07:14:06.497,0.9977,0.9979,4.90,17.00
2007.11.30 07:14:06.745,0.9977,0.9979,4.90,17.00
2007.11.30 07:14:07.015,0.9977,0.9979,4.90,17.00
2007.11.30 07:14:07.225,0.9977,0.9979,4.90,17.00
2007.11.30 07:14:07.438,0.9977,0.9979,4.90,17.00
2007.11.30 07:14:07.646,0.9977,0.9979,4.90,17.00
2007.11.30 07:14:07.861,0.9977,0.9979,4.90,17.00
2007.11.30 07:14:08.053,0.9977,0.9979,4.90,17.00
2007.11.30 07:14:08.250,0.9977,0.9979,4.90,17.00
2007.11.30 07:14:08.448,0.9977,0.9979,4.90,17.00
2007.11.30 07:14:08.646,0.9977,0.9979,4.90,17.00
2007.11.30 07:14:08.844,0.9977,0.9979,4.90,17.00
2007.11.30 07:14:09.042,0.9977,0.9979,4.90,17.00
2007.11.30 07:14:09.341,0.9977,0.9979,4.90,17.00
2007.11.30 07:14:09.633,0.9977,0.9979,4.90,17.00
2007.11.30 07:14:09.926,0.9977,0.9979,4.90,17.00
2007.11.30 07:14:10.088,0.9977,0.9979,4.90,17.00
2007.11.30 07:14:10.252,0.9977,0.9979,4.90,17.00
2007.11.30 07:14:10.414,0.9977,0.9979,4.90,17.00
2007.11.30 07:14:10.576,0.9977,0.9979,4.90,17.00
2007.11.30 07:14:10.740,0.9977,0.9979,4.90,17.00
2007.11.30 07:14:10.902,0.9977,0.9979,4.90,17.00
2007.11.30 07:14:11.066,0.9977,0.9979,4.90,17.00
2007.11.30 07:14:11.399,0.9977,0.9979,4.90,17.00
2007.11.30 07:14:11.732,0.9977,0.9979,4.90,17.00
2007.11.30 07:14:12.065,0.9977,0.9979,4.90,17.00
2007.11.30 07:14:12.278,0.9977,0.9979,4.90,14.60
2007.11.30 07:14:12.491,0.9977,0.9979,4.90,14.60
2007.11.30 07:14:12.703,0.9977,0.9979,4.90,14.60
2007.11.30 07:14:12.917,0.9977,0.9979,4.90,14.60
2007.11.30 07:14:13.192,0.9977,0.9979,4.90,14.60
2007.11.30 07:14:13.494,0.9977,0.9979,4.90,17.00
2007.11.30 07:14:13.780,0.9977,0.9979,4.90,17.00
2007.11.30 07:14:14.074,0.9977,0.9979,4.90,17.00
2007.11.30 07:14:14.366,0.9977,0.9979,4.90,17.00
2007.11.30 07:14:14.623,0.9977,0.9979,4.90,17.00
2007.11.30 07:14:14.880,0.9977,0.9979,4.90,17.00
2007.11.30 07:14:15.139,0.9977,0.9979,4.90,17.00
2007.11.30 07:14:15.405,0.9977,0.9979,4.90,17.00
2007.11.30 07:14:15.626,0.9977,0.9979,4.90,17.00
2007.11.30 07:14:15.859,0.9977,0.9979,4.90,17.00
2007.11.30 07:14:16.088,0.9977,0.9979,4.90,17.00
2007.11.30 07:14:16.316,0.9977,0.9979,4.90,17.00
2007.11.30 07:14:16.588,0.9977,0.9979,4.90,17.00
2007.11.30 07:14:16.861,0.9977,0.9979,4.90,17.00
2007.11.30 07:14:17.142,0.9977,0.9979,4.90,17.00
2007.11.30 07:14:17.414,0.9977,0.9979,4.90,17.00
2007.11.30 07:14:17.652,0.9977,0.9979,4.90,17.00
2007.11.30 07:14:17.890,0.9977,0.9979,4.90,17.00
2007.11.30 07:14:18.132,0.9977,0.9979,4.90,17.00
2007.11.30 07:14:18.371,0.9977,0.9979,4.90,17.00
2007.11.30 07:14:18.620,0.9977,0.9979,4.90,17.00
2007.11.30 07:14:18.857,0.9977,0.9979,4.90,17.00
2007.11.30 07:14:19.098,0.9977,0.9979,4.90,17.00
2007.11.30 07:14:19.329,0.9977,0.99795,4.90,20.40
2007.11.30 07:14:19.343,0.9977,0.99795,4.90,20.40
2007.11.30 07:14:19.587,0.9977,0.9979,4.90,0.80
2007.11.30 07:14:19.829,0.9977,0.9979,4.90,0.90
2007.11.30 07:14:20.071,0.9977,0.9979,4.90,0.60
2007.11.30 07:14:20.315,0.9977,0.9979,4.90,0.80
2007.11.30 07:14:20.558,0.9977,0.99795,4.90,20.40
2007.11.30 07:14:20.816,0.9977,0.9979,4.90,0.60
2007.11.30 07:14:21.074,0.9977,0.99795,4.90,20.40
2007.11.30 07:14:21.332,0.9977,0.9979,4.90,0.90
2007.11.30 07:14:21.589,0.9977,0.99795,4.90,20.40
2007.11.30 07:14:21.832,0.9977,0.9979,4.90,0.60
2007.11.30 07:14:22.075,0.9977,0.9979,4.90,0.80
2007.11.30 07:14:22.317,0.9977,0.9979,4.90,0.80
2007.11.30 07:14:22.561,0.9977,0.99795,4.90,20.40
2007.11.30 07:14:22.804,0.9977,0.99795,4.90,20.40
2007.11.30 07:14:23.083,0.9977,0.99795,4.90,20.40
2007.11.30 07:14:23.361,0.9977,0.99795,4.90,20.40
2007.11.30 07:14:23.646,0.9977,0.99795,4.90,20.40
2007.11.30 07:14:23.872,0.9977,0.9979,4.90,0.90
2007.11.30 07:14:24.105,0.9977,0.99795,4.90,20.40
2007.11.30 07:14:24.338,0.9977,0.99795,4.90,20.40
2007.11.30 07:14:24.571,0.9977,0.9979,4.90,0.50
2007.11.30 07:14:24.803,0.9977,0.99795,4.90,20.40
2007.11.30 07:14:25.070,0.9977,0.9979,4.90,0.80
2007.11.30 07:14:25.337,0.9977,0.99795,4.90,20.40
2007.11.30 07:14:25.604,0.9977,0.998,0.90,20.00
2007.11.30 07:14:25.872,0.9977,0.998,0.90,20.00
2007.11.30 07:14:26.025,0.9977,0.998,0.90,20.00
2007.11.30 07:14:26.172,0.9977,0.9979,0.90,0.90
2007.11.30 07:14:26.319,0.9977,0.998,0.90,20.00
2007.11.30 07:14:26.467,0.9977,0.9979,0.90,0.50
2007.11.30 07:14:26.614,0.9977,0.9979,0.90,0.80
2007.11.30 07:14:26.761,0.9977,0.998,0.90,20.00
2007.11.30 07:14:27.074,0.9977,0.998,0.90,20.00
2007.11.30 07:14:27.386,0.9977,0.998,0.90,20.00
2007.11.30 07:14:27.699,0.9977,0.998,0.90,20.00
2007.11.30 07:14:28.011,0.9977,0.9979,0.90,0.50
2007.11.30 07:14:28.209,0.9977,0.998,0.90,20.00
2007.11.30 07:14:28.406,0.9977,0.998,0.90,20.00
2007.11.30 07:14:28.603,0.9977,0.998,0.90,20.00
2007.11.30 07:14:28.802,0.9977,0.998,0.90,20.00
2007.11.30 07:14:28.999,0.9977,0.998,0.90,20.00
2007.11.30 07:14:29.196,0.9977,0.998,0.90,20.00
2007.11.30 07:14:29.455,0.9977,0.9979,0.90,0.70
2007.11.30 07:14:29.712,0.9977,0.998,0.90,20.00
2007.11.30 07:14:29.970,0.9977,0.998,0.90,20.00
2007.11.30 07:14:30.227,0.9977,0.998,0.90,20.00
2007.11.30 07:14:30.419,0.9977,0.998,0.90,20.00
2007.11.30 07:14:30.612,0.9977,0.998,0.90,20.00
2007.11.30 07:14:30.804,0.9977,0.998,0.90,20.00
2007.11.30 07:14:30.996,0.9977,0.998,0.90,20.00
2007.11.30 07:14:31.189,0.9977,0.998,0.90,20.00
2007.11.30 07:14:31.446,0.9977,0.998,0.90,20.00
2007.11.30 07:14:31.705,0.9977,0.9979,0.90,0.90
2007.11.30 07:14:31.962,0.9977,0.9979,0.90,0.50
2007.11.30 07:14:32.220,0.9977,0.998,0.90,20.00
2007.11.30 07:14:32.412,0.9977,0.9979,0.90,0.60
2007.11.30 07:14:32.604,0.9977,0.9979,0.90,0.80
2007.11.30 07:14:32.797,0.9977,0.998,0.90,20.00
2007.11.30 07:14:32.989,0.9977,0.998,0.90,20.00
2007.11.30 07:14:33.181,0.9977,0.9979,0.90,0.80
2007.11.30 07:14:33.374,0.9977,0.998,0.90,20.00
2007.11.30 07:14:33.701,0.9977,0.998,0.90,20.00
2007.11.30 07:14:34.028,0.9977,0.9979,0.90,0.90
2007.11.30 07:14:34.356,0.9977,0.998,0.90,20.00
2007.11.30 07:14:34.533,0.9977,0.998,0.90,20.00
2007.11.30 07:14:34.710,0.9977,0.9979,0.90,0.50
2007.11.30 07:14:34.887,0.9977,0.9979,0.90,0.90
2007.11.30 07:14:35.064,0.9977,0.998,0.90,20.00
2007.11.30 07:14:35.241,0.9977,0.998,0.90,20.00
2007.11.30 07:14:35.569,0.9977,0.9979,0.90,0.80
2007.11.30 07:14:35.896,0.9977,0.998,0.90,20.00
2007.11.30 07:14:36.225,0.9977,0.9979,4.80,17.80
2007.11.30 07:14:36.419,0.9977,0.99795,0.90,20.40
2007.11.30 07:14:36.611,0.9977,0.9979,0.90,0.50
2007.11.30 07:14:36.804,0.9977,0.99795,0.90,20.40
2007.11.30 07:14:36.997,0.9977,0.99795,0.90,20.40
2007.11.30 07:14:37.190,0.9977,0.99795,4.90,20.40
2007.11.30 07:14:37.383,0.9977,0.9979,4.90,0.90
2007.11.30 07:14:37.655,0.9977,0.99795,4.90,20.40
2007.11.30 07:14:37.928,0.9977,0.99795,4.90,20.40
2007.11.30 07:14:38.201,0.9977,0.9979,4.90,0.90
2007.11.30 07:14:38.473,0.9977,0.99795,4.90,20.40
2007.11.30 07:14:38.636,0.9977,0.9979,4.90,0.60
2007.11.30 07:14:38.799,0.9977,0.9979,4.90,0.90
2007.11.30 07:14:38.962,0.9977,0.99795,4.90,20.40
2007.11.30 07:14:39.125,0.9977,0.99795,4.90,20.40
2007.11.30 07:14:39.288,0.9977,0.99795,4.90,20.40
2007.11.30 07:14:39.451,0.9977,0.9979,4.90,0.50
2007.11.30 07:14:39.784,0.9977,0.99795,4.90,20.40
2007.11.30 07:14:40.117,0.9977,0.99795,4.90,20.40
2007.11.30 07:14:40.450,0.9977,0.99795,4.90,20.40
2007.11.30 07:14:40.673,0.9977,0.99795,4.90,20.40
2007.11.30 07:14:40.895,0.9977,0.99795,4.90,20.40
2007.11.30 07:14:41.119,0.9977,0.9979,4.90,0.60
2007.11.30 07:14:41.343,0.9977,0.99795,4.90,20.40
2007.11.30 07:14:41.567,0.99745,0.99765,2.40,4.90
2007.11.30 07:14:41.826,0.99745,0.99765,6.40,4.90
2007.11.30 07:14:42.086,0.99765,0.9978,0.80,0.50
2007.11.30 07:14:42.346,0.99765,0.9978,0.80,0.50
2007.11.30 07:14:42.604,0.99765,0.99785,0.80,5.70
2007.11.30 07:14:42.868,0.99765,0.9978,0.80,0.50
2007.11.30 07:14:43.132,0.99765,0.9978,0.80,0.50
2007.11.30 07:14:43.376,0.9975,0.99785,4.80,5.70
2007.11.30 07:14:43.399,0.9975,0.99785,4.80,5.70
2007.11.30 07:14:43.643,0.99755,0.99785,4.80,5.70
2007.11.30 07:14:43.997,0.99755,0.99785,4.80,5.70
2007.11.30 07:14:44.245,0.9976,0.99785,4.80,5.70
2007.11.30 07:14:44.487,0.99765,0.9978,0.80,0.50
2007.11.30 07:14:44.706,0.99765,0.9978,0.80,0.50
2007.11.30 07:14:44.925,0.99765,0.9978,0.50,0.50
2007.11.30 07:14:45.144,0.99765,0.9978,0.60,0.50
2007.11.30 07:14:45.363,0.99765,0.9978,0.60,0.50
2007.11.30 07:14:45.586,0.99765,0.9978,0.70,0.50
2007.11.30 07:14:45.854,0.9977,0.9978,0.90,0.50
2007.11.30 07:14:46.128,0.99765,0.99785,4.80,5.70
2007.11.30 07:14:46.397,0.99765,0.9978,4.80,0.50
2007.11.30 07:14:46.670,0.9977,0.9978,1.70,0.50
2007.11.30 07:14:46.893,0.9977,0.9978,2.30,0.50
2007.11.30 07:14:47.116,0.99765,0.9978,4.80,0.50
2007.11.30 07:14:47.341,0.9977,0.9978,1.50,0.50
2007.11.30 07:14:47.565,0.99765,0.9978,4.70,0.50
2007.11.30 07:14:47.787,0.99765,0.9978,0.90,0.50
2007.11.30 07:14:48.079,0.99765,0.9978,2.70,0.50
2007.11.30 07:14:48.373,0.99765,0.9978,2.20,0.50
2007.11.30 07:14:48.666,0.99765,0.9978,1.90,0.50
2007.11.30 07:14:48.959,0.99765,0.9978,1.20,0.50
2007.11.30 07:14:49.182,0.99765,0.9978,1.10,0.50
2007.11.30 07:14:49.406,0.99765,0.9978,1.30,0.50
2007.11.30 07:14:49.628,0.99765,0.9978,1.70,0.50
2007.11.30 07:14:49.854,0.99765,0.9978,1.30,0.50
2007.11.30 07:14:50.162,0.99765,0.9978,2.40,0.50
2007.11.30 07:14:50.384,0.99765,0.9978,1.30,0.50
2007.11.30 07:14:50.610,0.99765,0.9978,0.60,0.50
2007.11.30 07:14:50.832,0.99765,0.9978,1.50,0.50
2007.11.30 07:14:51.049,0.99765,0.9978,1.30,0.50
2007.11.30 07:14:51.268,0.99765,0.9978,1.60,0.50
2007.11.30 07:14:51.485,0.99765,0.9978,1.70,0.50
2007.11.30 07:14:51.704,0.99765,0.9978,1.40,0.50
2007.11.30 07:14:51.922,0.99765,0.9978,0.50,0.50
2007.11.30 07:14:52.180,0.99765,0.9978,1.70,0.50
2007.11.30 07:14:52.439,0.99765,0.9978,1.80,0.50
2007.11.30 07:14:52.696,0.99765,0.9978,0.80,0.50
2007.11.30 07:14:52.955,0.99765,0.9978,0.70,0.50
2007.11.30 07:14:53.162,0.99765,0.9978,0.50,0.50
2007.11.30 07:14:53.369,0.99765,0.9978,0.60,0.50
2007.11.30 07:14:53.577,0.99765,0.9978,1.90,0.50
2007.11.30 07:14:53.784,0.99765,0.9978,1.40,0.50
2007.11.30 07:14:53.992,0.99765,0.9978,2.20,0.50
2007.11.30 07:14:54.246,0.99765,0.9978,1.80,0.50
2007.11.30 07:14:54.498,0.99765,0.9978,0.60,0.50
2007.11.30 07:14:54.752,0.99765,0.9978,0.50,0.50
2007.11.30 07:14:55.005,0.99765,0.9978,0.90,0.50
2007.11.30 07:14:55.222,0.99765,0.9978,2.00,0.50
2007.11.30 07:14:55.440,0.99765,0.9978,1.60,0.50
2007.11.30 07:14:55.659,0.99765,0.9978,1.50,0.50
2007.11.30 07:14:55.876,0.99765,0.9978,2.30,0.50
2007.11.30 07:14:56.094,0.99765,0.9978,1.00,0.50
2007.11.30 07:14:56.357,0.99765,0.9978,2.50,0.50
2007.11.30 07:14:56.621,0.99765,0.9978,2.10,0.50
2007.11.30 07:14:56.884,0.99765,0.9978,0.90,0.50
2007.11.30 07:14:57.148,0.99765,0.9978,1.60,0.50
2007.11.30 07:14:57.386,0.99765,0.9978,1.70,0.50
2007.11.30 07:14:57.624,0.99765,0.9978,1.00,0.50
2007.11.30 07:14:57.862,0.99765,0.9978,1.00,0.50
2007.11.30 07:14:58.101,0.99765,0.9978,2.10,0.50
2007.11.30 07:14:58.339,0.99765,0.9978,1.60,0.50
2007.11.30 07:14:58.616,0.99765,0.9978,0.80,0.50
2007.11.30 07:14:58.895,0.99765,0.9978,1.00,0.50
2007.11.30 07:14:59.172,0.99765,0.9978,2.40,0.50
2007.11.30 07:14:59.405,0.99765,0.9978,0.70,0.50
2007.11.30 07:14:59.639,0.99765,0.9978,2.40,0.50
2007.11.30 07:14:59.878,0.99765,0.9978,1.40,0.50
2007.11.30 07:15:00.112,0.99765,0.9978,0.70,0.50
2007.11.30 07:15:00.345,0.99765,0.9978,2.50,0.50
2007.11.30 07:15:00.602,0.99765,0.9978,1.90,0.50
2007.11.30 07:15:00.860,0.99765,0.9978,1.30,0.50
2007.11.30 07:15:01.119,0.99765,0.9978,2.70,0.50
2007.11.30 07:15:01.377,0.99765,0.9978,1.80,0.50
2007.11.30 07:15:01.615,0.99765,0.9978,1.90,0.50
2007.11.30 07:15:01.854,0.99765,0.9978,0.50,0.50
2007.11.30 07:15:02.091,0.99765,0.9978,2.60,0.50
2007.11.30 07:15:02.489,0.99765,0.9978,2.40,0.50
2007.11.30 07:15:02.761,0.99765,0.9978,2.00,0.50
2007.11.30 07:15:03.041,0.99765,0.9978,1.60,0.50
2007.11.30 07:15:03.307,0.99765,0.9978,2.60,0.50
2007.11.30 07:15:03.579,0.99765,0.9978,0.80,0.50
2007.11.30 07:15:03.758,0.99765,0.9978,2.20,0.50
2007.11.30 07:15:03.936,0.99765,0.9978,1.10,0.50
2007.11.30 07:15:04.115,0.99765,0.9978,0.80,0.50
2007.11.30 07:15:04.292,0.99765,0.9978,0.50,0.50
2007.11.30 07:15:04.470,0.99765,0.9978,1.80,0.50
2007.11.30 07:15:04.773,0.99765,0.9978,1.10,0.50
2007.11.30 07:15:05.076,0.99765,0.9978,1.60,0.50
2007.11.30 07:15:05.379,0.99765,0.9978,1.50,0.50
2007.11.30 07:15:05.602,0.99765,0.9978,1.20,0.50
2007.11.30 07:15:05.825,0.99765,0.9978,1.20,0.50
2007.11.30 07:15:06.048,0.99765,0.9978,1.20,0.50
2007.11.30 07:15:06.272,0.99765,0.9978,1.80,0.50
2007.11.30 07:15:06.496,0.99765,0.9978,0.50,0.50
2007.11.30 07:15:06.723,0.99765,0.9978,2.30,0.50
2007.11.30 07:15:06.951,0.99765,0.9978,1.40,0.50
2007.11.30 07:15:07.180,0.99765,0.9978,2.00,0.50
2007.11.30 07:15:07.408,0.99765,0.9978,1.60,0.50
2007.11.30 07:15:07.636,0.99765,0.9978,0.80,0.50
2007.11.30 07:15:07.900,0.99765,0.9978,1.40,0.50
2007.11.30 07:15:08.163,0.99765,0.9978,2.50,0.50
2007.11.30 07:15:08.426,0.99765,0.9978,1.40,0.50
2007.11.30 07:15:08.689,0.99765,0.9978,2.20,0.50
2007.11.30 07:15:08.957,0.99765,0.9978,2.00,0.50
2007.11.30 07:15:09.224,0.99765,0.9978,0.90,0.50
2007.11.30 07:15:09.493,0.99765,0.9978,2.10,0.50
2007.11.30 07:15:09.761,0.99765,0.9978,1.00,0.50
2007.11.30 07:15:10.009,0.99765,0.9978,0.60,0.50
2007.11.30 07:15:10.257,0.99765,0.9978,1.30,0.50
2007.11.30 07:15:10.505,0.99765,0.9978,2.30,0.50
2007.11.30 07:15:10.754,0.99765,0.9978,4.70,0.50
2007.11.30 07:15:11.037,0.99765,0.9978,4.70,0.50
2007.11.30 07:15:11.321,0.99765,0.9978,4.70,0.50
2007.11.30 07:15:11.606,0.99765,0.9978,4.70,0.50
2007.11.30 07:15:11.889,0.99765,0.9978,4.70,0.50
2007.11.30 07:15:12.127,0.9977,0.9979,0.70,18.60
2007.11.30 07:15:12.365,0.9977,0.9979,0.70,18.60
2007.11.30 07:15:12.603,0.9977,0.9979,0.70,21.00
2007.11.30 07:15:12.841,0.9977,0.9979,0.70,21.00
2007.11.30 07:15:13.118,0.9977,0.9979,0.70,21.00
2007.11.30 07:15:13.396,0.9977,0.9979,0.70,21.00
2007.11.30 07:15:13.673,0.9977,0.9979,0.70,21.00
2007.11.30 07:15:13.951,0.9977,0.9979,0.70,21.00
2007.11.30 07:15:14.225,0.9977,0.9979,0.70,21.00
2007.11.30 07:15:14.498,0.9977,0.9979,0.70,21.00
2007.11.30 07:15:14.819,0.9977,0.9979,0.70,21.00
2007.11.30 07:15:14.983,0.9977,0.9979,0.70,21.00
2007.11.30 07:15:15.143,0.9977,0.9979,0.70,21.00
2007.11.30 07:15:15.306,0.9977,0.9979,0.70,21.00
2007.11.30 07:15:15.469,0.9977,0.9979,0.70,21.00
2007.11.30 07:15:15.632,0.9977,0.9979,0.70,21.00
2007.11.30 07:15:15.794,0.9977,0.9979,0.70,21.00
2007.11.30 07:15:15.956,0.9977,0.9979,0.70,21.00
2007.11.30 07:15:16.289,0.9977,0.9979,0.70,21.00
2007.11.30 07:15:16.622,0.9977,0.9979,0.70,21.00
2007.11.30 07:15:16.955,0.9977,0.9979,0.70,21.00
2007.11.30 07:15:17.145,0.9977,0.9979,0.70,21.00
2007.11.30 07:15:17.334,0.9977,0.9979,0.70,21.00
2007.11.30 07:15:17.522,0.9977,0.9979,0.70,21.00
2007.11.30 07:15:17.709,0.9977,0.9979,0.70,21.00
2007.11.30 07:15:17.897,0.9977,0.9979,0.70,21.00
2007.11.30 07:15:18.184,0.9977,0.9979,0.70,21.00
2007.11.30 07:15:18.472,0.9977,0.9979,0.70,21.00
2007.11.30 07:15:18.759,0.9977,0.9979,0.70,21.00
2007.11.30 07:15:19.047,0.9977,0.9979,0.70,21.00
2007.11.30 07:15:19.285,0.9977,0.9979,0.70,21.00
2007.11.30 07:15:19.522,0.9977,0.9979,0.70,21.00
2007.11.30 07:15:19.759,0.9977,0.9979,0.70,21.00
2007.11.30 07:15:19.997,0.9977,0.9979,0.70,21.00
2007.11.30 07:15:20.215,0.9977,0.9979,0.70,21.00
2007.11.30 07:15:20.433,0.9977,0.9979,0.70,21.00
2007.11.30 07:15:20.658,0.9977,0.9979,0.70,21.00
2007.11.30 07:15:20.981,0.9977,0.9979,0.70,21.00
2007.11.30 07:15:21.197,0.9977,0.9979,0.70,21.00
2007.11.30 07:15:21.391,0.9977,0.9979,0.70,21.00
2007.11.30 07:15:21.583,0.9977,0.9979,0.70,21.00
2007.11.30 07:15:21.777,0.9977,0.9979,0.70,21.00
2007.11.30 07:15:21.969,0.9977,0.9979,0.70,21.00
2007.11.30 07:15:22.162,0.9977,0.9979,0.70,21.00
2007.11.30 07:15:22.459,0.9977,0.9979,0.70,21.00
2007.11.30 07:15:22.757,0.9977,0.9979,0.70,21.00
2007.11.30 07:15:23.054,0.9977,0.9979,0.70,21.00
2007.11.30 07:15:23.206,0.9977,0.9979,0.70,21.00
2007.11.30 07:15:23.364,0.9977,0.9979,0.70,21.00
2007.11.30 07:15:23.517,0.9977,0.9979,0.70,21.00
2007.11.30 07:15:23.671,0.9977,0.9979,0.70,21.00
2007.11.30 07:15:23.825,0.9977,0.9979,0.70,21.00
2007.11.30 07:15:23.984,0.9977,0.9979,0.70,21.00
2007.11.30 07:15:24.133,0.9977,0.9979,0.70,21.00
2007.11.30 07:15:24.464,0.9977,0.9979,0.70,21.00
2007.11.30 07:15:24.796,0.9977,0.9979,0.70,21.00
2007.11.30 07:15:25.128,0.9977,0.9979,0.70,21.00
2007.11.30 07:15:25.347,0.9977,0.9979,0.70,21.00
2007.11.30 07:15:25.564,0.9977,0.9979,0.70,21.00
2007.11.30 07:15:25.782,0.9977,0.9979,0.70,21.00
2007.11.30 07:15:26.000,0.9977,0.9979,0.70,21.00
2007.11.30 07:15:26.217,0.9977,0.9979,0.70,21.00
2007.11.30 07:15:26.466,0.9977,0.9979,0.70,21.00
2007.11.30 07:15:26.713,0.9977,0.9979,0.70,21.00
2007.11.30 07:15:26.960,0.9977,0.9979,0.70,21.00
2007.11.30 07:15:27.207,0.9977,0.9979,0.70,21.00
2007.11.30 07:15:27.395,0.9977,0.9979,0.70,21.00
2007.11.30 07:15:27.584,0.9977,0.9979,0.70,21.00
2007.11.30 07:15:27.772,0.9977,0.9979,0.70,21.00
2007.11.30 07:15:27.960,0.9977,0.9979,0.70,21.00
2007.11.30 07:15:28.148,0.9977,0.9979,0.70,21.00
2007.11.30 07:15:28.460,0.9977,0.9979,0.70,21.00
2007.11.30 07:15:28.773,0.9977,0.9979,0.70,21.00
2007.11.30 07:15:29.086,0.9977,0.9979,0.70,21.00
2007.11.30 07:15:29.405,0.9977,0.9979,0.70,21.00
2007.11.30 07:15:29.597,0.9977,0.9979,0.70,21.00
2007.11.30 07:15:29.802,0.9977,0.9979,0.70,21.00
2007.11.30 07:15:29.999,0.9977,0.9979,0.70,21.00
2007.11.30 07:15:30.197,0.9977,0.9979,0.70,21.00
2007.11.30 07:15:30.396,0.9977,0.9979,0.70,21.00
2007.11.30 07:15:30.698,0.9977,0.9979,0.70,21.00
2007.11.30 07:15:31.002,0.9977,0.9979,0.70,21.00
2007.11.30 07:15:31.304,0.9977,0.9979,0.70,21.00
2007.11.30 07:15:31.470,0.9977,0.9979,0.70,21.00
2007.11.30 07:15:31.629,0.9977,0.9979,0.70,21.00
2007.11.30 07:15:31.786,0.9977,0.9979,0.70,21.00
2007.11.30 07:15:31.943,0.9977,0.9979,0.70,21.00
2007.11.30 07:15:32.101,0.9977,0.9979,0.70,21.00
2007.11.30 07:15:32.259,0.9977,0.9979,0.70,21.00
2007.11.30 07:15:32.416,0.9977,0.9979,0.70,21.00
2007.11.30 07:15:32.749,0.9977,0.9979,0.70,21.00
2007.11.30 07:15:33.081,0.9977,0.9979,0.70,21.00
2007.11.30 07:15:33.413,0.9977,0.9979,0.70,21.00
2007.11.30 07:15:33.568,0.99765,0.9978,4.70,0.50
2007.11.30 07:15:33.722,0.99765,0.9978,7.10,0.50
2007.11.30 07:15:33.878,0.99765,0.9978,7.10,0.50
2007.11.30 07:15:34.032,0.99765,0.9978,7.10,0.50
2007.11.30 07:15:34.185,0.99765,0.9978,7.10,0.50
2007.11.30 07:15:34.337,0.99765,0.9978,7.10,0.50
2007.11.30 07:15:34.490,0.99765,0.9978,7.10,0.50
2007.11.30 07:15:34.824,0.9977,0.9978,4.00,0.50
2007.11.30 07:15:35.157,0.9977,0.9978,4.00,0.50
2007.11.30 07:15:35.491,0.9977,0.9978,4.00,0.50
2007.11.30 07:15:35.659,0.9977,0.9978,4.00,0.50
2007.11.30 07:15:35.828,0.9977,0.9978,4.00,0.50
2007.11.30 07:15:35.995,0.9977,0.9978,4.00,0.50
2007.11.30 07:15:36.164,0.9977,0.9978,4.00,0.50
2007.11.30 07:15:36.331,0.9977,0.9978,4.00,0.50
2007.11.30 07:15:36.501,0.9977,0.9978,4.00,0.50
2007.11.30 07:15:36.834,0.9977,0.9978,4.00,0.50
2007.11.30 07:15:37.166,0.9977,0.9978,4.00,0.50
2007.11.30 07:15:37.499,0.9977,0.9978,4.00,0.50
2007.11.30 07:15:37.673,0.9977,0.9978,4.00,0.50
2007.11.30 07:15:37.846,0.9977,0.9978,4.00,0.50
2007.11.30 07:15:38.018,0.9977,0.9978,4.00,0.50
2007.11.30 07:15:38.192,0.9977,0.9978,4.00,0.50
2007.11.30 07:15:38.365,0.9977,0.9978,4.00,0.50
2007.11.30 07:15:38.537,0.9977,0.9978,4.00,0.50
2007.11.30 07:15:38.872,0.9977,0.9978,4.00,0.50
2007.11.30 07:15:39.205,0.9977,0.9978,4.00,0.50
2007.11.30 07:15:39.539,0.9977,0.9978,4.00,0.50
2007.11.30 07:15:39.716,0.9977,0.99785,4.00,4.90
2007.11.30 07:15:39.726,0.9977,0.9978,4.00,0.50
2007.11.30 07:15:39.915,0.9977,0.99785,4.00,4.90
2007.11.30 07:15:40.103,0.9977,0.99785,4.00,4.90
2007.11.30 07:15:40.297,0.9977,0.9978,4.00,0.50
2007.11.30 07:15:40.478,0.9977,0.9978,4.00,0.50
2007.11.30 07:15:40.671,0.9977,0.9978,4.00,0.50
2007.11.30 07:15:40.964,0.9977,0.99785,4.00,4.90
2007.11.30 07:15:41.258,0.9977,0.9978,4.00,0.50
2007.11.30 07:15:41.551,0.9977,0.9978,4.00,1.00
2007.11.30 07:15:41.844,0.99765,0.99775,4.70,0.60
2007.11.30 07:15:42.085,0.99765,0.9978,0.70,5.20
2007.11.30 07:15:42.319,0.99765,0.9978,3.10,0.50
2007.11.30 07:15:42.552,0.99765,0.99785,3.10,4.90
2007.11.30 07:15:42.786,0.99765,0.99785,3.10,4.90
2007.11.30 07:15:43.079,0.99765,0.9978,3.10,0.50
2007.11.30 07:15:43.373,0.9977,0.9978,4.00,0.50
2007.11.30 07:15:43.665,0.9977,0.9978,4.00,0.50
2007.11.30 07:15:43.878,0.9977,0.9978,4.00,0.50
2007.11.30 07:15:44.092,0.9977,0.99785,4.00,4.90
2007.11.30 07:15:44.304,0.9977,0.99785,4.00,4.90
2007.11.30 07:15:44.517,0.9977,0.9979,4.00,5.60
2007.11.30 07:15:44.731,0.9977,0.99785,4.00,0.90
2007.11.30 07:15:45.034,0.9977,0.9979,4.00,5.60
2007.11.30 07:15:45.343,0.9977,0.9979,4.00,5.60
2007.11.30 07:15:45.649,0.9977,0.9979,4.00,5.60
2007.11.30 07:15:45.965,0.9977,0.9979,4.00,5.60
2007.11.30 07:15:46.236,0.9977,0.9979,4.00,5.60
2007.11.30 07:15:46.510,0.9977,0.9979,4.00,5.60
2007.11.30 07:15:46.783,0.9977,0.99785,4.00,0.90
2007.11.30 07:15:46.992,0.9977,0.99785,4.00,0.90
2007.11.30 07:15:47.202,0.9977,0.99785,4.00,0.50
2007.11.30 07:15:47.410,0.9977,0.99785,4.00,0.70
2007.11.30 07:15:47.619,0.9977,0.99785,4.00,0.50
2007.11.30 07:15:47.826,0.9977,0.99785,4.00,0.60
2007.11.30 07:15:48.095,0.9977,0.9978,4.00,0.50
2007.11.30 07:15:48.364,0.9977,0.9978,4.00,0.50
2007.11.30 07:15:48.633,0.9977,0.9979,4.00,1.70
2007.11.30 07:15:48.907,0.9977,0.9979,4.00,1.00
2007.11.30 07:15:49.181,0.9977,0.99785,4.00,0.50
2007.11.30 07:15:49.454,0.9977,0.9979,4.00,1.00
2007.11.30 07:15:49.727,0.9977,0.99785,4.00,0.50
2007.11.30 07:15:50.001,0.9977,0.99785,4.00,0.50
2007.11.30 07:15:50.264,0.9977,0.9979,4.00,1.00
2007.11.30 07:15:50.531,0.9977,0.99785,4.00,0.50
2007.11.30 07:15:50.790,0.9977,0.9979,4.00,1.00
2007.11.30 07:15:51.059,0.9977,0.9979,4.00,1.00
2007.11.30 07:15:51.277,0.9977,0.99785,4.00,0.50
2007.11.30 07:15:51.496,0.9977,0.99785,4.00,0.50
2007.11.30 07:15:51.808,0.9977,0.9979,4.00,1.00
2007.11.30 07:15:52.027,0.9977,0.99785,4.00,0.50
2007.11.30 07:15:52.284,0.9977,0.99785,4.00,0.50
2007.11.30 07:15:52.550,0.9977,0.998,4.00,5.60
2007.11.30 07:15:52.810,0.9977,0.998,4.00,1.00
2007.11.30 07:15:53.068,0.9977,0.998,4.00,1.00
2007.11.30 07:15:53.335,0.9977,0.998,4.00,1.00
2007.11.30 07:15:53.604,0.9977,0.998,4.00,1.00
2007.11.30 07:15:53.878,0.9977,0.998,4.00,1.00
2007.11.30 07:15:54.147,0.9977,0.998,4.00,1.00
2007.11.30 07:15:54.394,0.9977,0.99795,4.00,0.50
2007.11.30 07:15:54.644,0.9977,0.99795,4.00,0.50
2007.11.30 07:15:54.892,0.9977,0.998,4.00,1.00
2007.11.30 07:15:55.140,0.9977,0.99795,4.00,0.50
2007.11.30 07:15:55.388,0.9977,0.998,4.00,1.00
2007.11.30 07:15:55.636,0.9977,0.998,4.00,1.00
2007.11.30 07:15:55.883,0.9977,0.998,4.00,1.00
2007.11.30 07:15:56.133,0.9977,0.99795,4.00,0.50
2007.11.30 07:15:56.347,0.9977,0.998,4.00,1.00
2007.11.30 07:15:56.554,0.9977,0.99795,4.00,0.50
2007.11.30 07:15:56.761,0.9977,0.998,4.00,1.00
2007.11.30 07:15:56.970,0.9977,0.99795,4.00,0.50
2007.11.30 07:15:57.178,0.9977,0.998,4.00,1.00
2007.11.30 07:15:57.411,0.9977,0.99795,4.00,0.50
2007.11.30 07:15:57.644,0.9977,0.998,4.00,1.00
2007.11.30 07:15:57.968,0.9977,0.99795,4.00,0.50
2007.11.30 07:15:58.214,0.9977,0.998,4.00,1.00
2007.11.30 07:15:58.451,0.9977,0.998,4.00,1.00
2007.11.30 07:15:58.703,0.9977,0.998,4.00,1.00
2007.11.30 07:15:58.948,0.9977,0.998,4.00,1.00
2007.11.30 07:15:59.202,0.9977,0.998,4.00,1.00
2007.11.30 07:15:59.469,0.9977,0.99795,4.00,0.50
2007.11.30 07:15:59.737,0.9977,0.99795,4.00,0.50
2007.11.30 07:16:00.006,0.9977,0.998,4.00,1.00
2007.11.30 07:16:00.281,0.9977,0.99795,4.00,0.50
2007.11.30 07:16:00.452,0.9977,0.99795,4.00,0.50
2007.11.30 07:16:00.630,0.9977,0.998,4.00,1.00
2007.11.30 07:16:00.808,0.9977,0.99795,4.00,0.50
2007.11.30 07:16:00.986,0.9977,0.99795,4.00,0.50
2007.11.30 07:16:01.164,0.9977,0.998,4.00,1.00
2007.11.30 07:16:01.342,0.9977,0.998,4.00,1.00
2007.11.30 07:16:01.640,0.9977,0.99795,4.00,0.50
2007.11.30 07:16:01.937,0.9977,0.99795,4.00,0.50
2007.11.30 07:16:02.236,0.9977,0.998,4.00,1.00
2007.11.30 07:16:02.541,0.9977,0.99795,4.00,0.50
2007.11.30 07:16:02.777,0.9977,0.99795,4.00,0.50
2007.11.30 07:16:03.015,0.9977,0.99795,4.00,0.50
2007.11.30 07:16:03.253,0.9977,0.99795,4.00,0.50
2007.11.30 07:16:03.491,0.9977,0.99795,4.00,0.50
2007.11.30 07:16:03.784,0.9977,0.998,4.00,1.00
2007.11.30 07:16:04.124,0.99765,0.998,7.10,1.00
2007.11.30 07:16:04.420,0.9977,0.99795,0.60,0.50
2007.11.30 07:16:04.589,0.99765,0.998,7.10,1.00
2007.11.30 07:16:04.751,0.9977,0.99795,0.60,0.50
2007.11.30 07:16:04.924,0.9977,0.99795,0.50,0.50
2007.11.30 07:16:05.088,0.99765,0.998,7.10,1.00
2007.11.30 07:16:05.250,0.99765,0.998,7.10,1.00
2007.11.30 07:16:05.414,0.99765,0.998,7.10,1.00
2007.11.30 07:16:05.577,0.99765,0.998,7.10,1.00
2007.11.30 07:16:05.910,0.99765,0.998,7.10,1.00
2007.11.30 07:16:06.242,0.99765,0.998,7.10,1.00
2007.11.30 07:16:06.576,0.99765,0.998,7.10,1.00
2007.11.30 07:16:06.725,0.99765,0.998,7.10,1.00
2007.11.30 07:16:06.872,0.99765,0.998,7.10,1.00
2007.11.30 07:16:07.020,0.9977,0.99795,0.70,0.50
2007.11.30 07:16:07.168,0.9977,0.99795,0.50,0.50
2007.11.30 07:16:07.316,0.99765,0.998,7.10,1.00
2007.11.30 07:16:07.464,0.99765,0.998,7.10,1.00
2007.11.30 07:16:07.797,0.99765,0.998,7.10,1.00
2007.11.30 07:16:08.131,0.99765,0.99795,7.10,0.50
2007.11.30 07:16:08.463,0.9977,0.99795,1.10,0.50
2007.11.30 07:16:08.620,0.99765,0.99795,7.10,0.50
2007.11.30 07:16:08.779,0.99765,0.99795,7.10,0.50
2007.11.30 07:16:08.937,0.99765,0.99795,7.10,0.50
2007.11.30 07:16:09.095,0.9977,0.99795,0.50,0.50
2007.11.30 07:16:09.253,0.99765,0.99795,7.10,0.50
2007.11.30 07:16:09.414,0.99765,0.99795,7.10,0.50
2007.11.30 07:16:09.572,0.99765,0.99795,7.10,0.50
2007.11.30 07:16:09.890,0.99765,0.99795,7.10,0.50
2007.11.30 07:16:10.285,0.9977,0.99795,0.80,0.50
2007.11.30 07:16:10.602,0.99765,0.99795,7.10,0.50
2007.11.30 07:16:10.749,0.9977,0.99795,1.10,0.50
2007.11.30 07:16:10.896,0.9977,0.99795,1.80,0.50
2007.11.30 07:16:11.044,0.99765,0.99795,7.10,0.50
2007.11.30 07:16:11.192,0.9977,0.99795,0.70,0.50
2007.11.30 07:16:11.339,0.9977,0.99795,1.90,0.50
2007.11.30 07:16:11.487,0.99765,0.99795,7.10,0.50
2007.11.30 07:16:11.819,0.99765,0.99795,7.10,0.50
2007.11.30 07:16:12.152,0.9977,0.99795,2.10,0.50
2007.11.30 07:16:12.486,0.99765,0.99795,7.10,0.50
2007.11.30 07:16:12.818,0.99765,0.99795,7.10,0.50
2007.11.30 07:16:12.967,0.99765,0.99795,7.10,0.50
2007.11.30 07:16:13.115,0.9977,0.99795,0.60,0.50
2007.11.30 07:16:13.262,0.99765,0.99795,7.10,0.50
2007.11.30 07:16:13.417,0.99765,0.99795,7.10,0.50
2007.11.30 07:16:13.565,0.99765,0.99795,7.10,0.50
2007.11.30 07:16:13.857,0.9977,0.99795,2.30,0.50
2007.11.30 07:16:14.151,0.99765,0.99795,7.10,0.50
2007.11.30 07:16:14.444,0.9977,0.99795,0.60,0.50
2007.11.30 07:16:14.737,0.99765,0.99795,7.10,0.50
2007.11.30 07:16:14.975,0.99765,0.99795,7.10,0.50
2007.11.30 07:16:15.213,0.9977,0.99795,4.10,0.80
2007.11.30 07:16:15.452,0.99775,0.99795,0.80,0.80
2007.11.30 07:16:15.689,0.9977,0.99795,6.50,0.80
2007.11.30 07:16:15.922,0.9977,0.99795,6.50,0.80
2007.11.30 07:16:16.155,0.99775,0.99795,0.80,0.80
2007.11.30 07:16:16.450,0.99765,0.99795,9.60,0.80
2007.11.30 07:16:16.684,0.99775,0.99795,1.10,0.80
2007.11.30 07:16:16.852,0.99775,0.99795,0.50,0.80
2007.11.30 07:16:17.020,0.99775,0.99795,3.50,0.80
2007.11.30 07:16:17.187,0.99775,0.99795,2.50,0.80
2007.11.30 07:16:17.356,0.99775,0.99795,2.10,0.80
2007.11.30 07:16:17.525,0.99765,0.99795,9.60,0.80
2007.11.30 07:16:17.693,0.99775,0.99795,3.60,0.80
2007.11.30 07:16:17.962,0.99765,0.99795,9.60,0.80
2007.11.30 07:16:18.230,0.99765,0.99795,9.60,0.80
2007.11.30 07:16:18.500,0.99765,0.99795,9.60,0.80
2007.11.30 07:16:18.768,0.99775,0.99795,1.10,0.80
2007.11.30 07:16:19.035,0.99775,0.99795,2.30,0.80
2007.11.30 07:16:19.303,0.99765,0.99795,9.60,0.80
2007.11.30 07:16:19.570,0.99765,0.99795,9.60,0.80
2007.11.30 07:16:19.838,0.99775,0.99795,3.30,0.80
2007.11.30 07:16:20.092,0.99775,0.99795,2.50,0.80
2007.11.30 07:16:20.346,0.99775,0.99795,3.20,0.80
2007.11.30 07:16:20.598,0.99765,0.99795,9.60,0.80
2007.11.30 07:16:20.851,0.99765,0.99795,9.60,0.80
2007.11.30 07:16:21.084,0.99765,0.99795,9.60,0.80
2007.11.30 07:16:21.318,0.99765,0.99795,9.60,0.80
2007.11.30 07:16:21.551,0.99765,0.99795,9.60,0.80
2007.11.30 07:16:21.784,0.99765,0.99795,9.60,0.80
2007.11.30 07:16:22.043,0.99765,0.99795,9.60,0.80
2007.11.30 07:16:22.303,0.99775,0.99795,0.60,0.80
2007.11.30 07:16:22.621,0.99765,0.99795,9.60,0.80
2007.11.30 07:16:22.879,0.99765,0.99795,9.60,0.80
2007.11.30 07:16:23.089,0.99765,0.99795,9.60,0.80
2007.11.30 07:16:23.286,0.99775,0.99795,2.40,0.80
2007.11.30 07:16:23.483,0.99775,0.99795,1.90,0.80
2007.11.30 07:16:23.681,0.99775,0.99795,3.30,0.80
2007.11.30 07:16:23.879,0.99775,0.99795,2.80,0.80
2007.11.30 07:16:24.077,0.99765,0.99795,9.60,0.80
2007.11.30 07:16:24.360,0.99775,0.99795,0.80,0.80
2007.11.30 07:16:24.643,0.99765,0.99795,9.60,0.80
2007.11.30 07:16:24.926,0.99765,0.99795,9.60,0.80
2007.11.30 07:16:25.184,0.99775,0.99795,0.60,0.80
2007.11.30 07:16:25.443,0.99765,0.99795,9.60,0.80
2007.11.30 07:16:25.701,0.99765,0.99795,9.60,0.80
2007.11.30 07:16:25.958,0.99765,0.99795,9.60,0.80
2007.11.30 07:16:26.236,0.99765,0.99795,9.60,0.80
2007.11.30 07:16:26.516,0.99765,0.99795,9.60,0.80
2007.11.30 07:16:26.794,0.99765,0.99795,9.60,0.80
2007.11.30 07:16:27.073,0.99765,0.99795,9.60,0.80
2007.11.30 07:16:27.296,0.9977,0.99795,6.50,0.80
2007.11.30 07:16:27.520,0.99775,0.99795,1.20,0.80
2007.11.30 07:16:27.743,0.9977,0.99795,6.50,0.80
2007.11.30 07:16:27.967,0.9977,0.99795,6.50,0.80
2007.11.30 07:16:28.204,0.99775,0.99795,1.60,0.80
2007.11.30 07:16:28.449,0.9977,0.99795,6.50,0.80
2007.11.30 07:16:28.797,0.9977,0.99795,6.50,0.80
2007.11.30 07:16:29.035,0.9977,0.99795,6.50,0.80
2007.11.30 07:16:29.266,0.9977,0.99795,6.50,0.80
2007.11.30 07:16:29.487,0.9977,0.99795,6.50,0.80
2007.11.30 07:16:29.710,0.99775,0.99795,1.50,0.80
2007.11.30 07:16:29.933,0.99775,0.99795,1.60,0.80
2007.11.30 07:16:30.164,0.9977,0.99795,6.50,0.80
2007.11.30 07:16:30.424,0.9977,0.99795,6.50,0.80
2007.11.30 07:16:30.692,0.9977,0.99795,6.50,0.80
2007.11.30 07:16:30.961,0.99775,0.99795,1.20,0.80
2007.11.30 07:16:31.229,0.99775,0.99795,1.20,0.80
2007.11.30 07:16:31.482,0.99775,0.99795,0.50,0.80
2007.11.30 07:16:31.734,0.9977,0.99795,6.50,0.80
2007.11.30 07:16:31.987,0.9977,0.99795,6.50,0.80
2007.11.30 07:16:32.241,0.9977,0.99795,6.50,0.80
2007.11.30 07:16:32.498,0.9977,0.99795,6.50,0.80
2007.11.30 07:16:32.756,0.9977,0.99795,6.50,0.80
2007.11.30 07:16:33.014,0.9977,0.99795,6.50,0.80
2007.11.30 07:16:33.272,0.99775,0.99795,2.50,0.80
2007.11.30 07:16:33.546,0.99775,0.99795,2.50,0.80
2007.11.30 07:16:33.820,0.99775,0.99795,2.50,0.80
2007.11.30 07:16:34.093,0.99775,0.99795,2.50,0.80
2007.11.30 07:16:34.366,0.99775,0.99795,2.50,0.80
2007.11.30 07:16:34.634,0.99775,0.99795,2.50,0.80
2007.11.30 07:16:34.972,0.99775,0.99795,2.50,0.80
2007.11.30 07:16:35.241,0.99775,0.99795,2.50,0.80
2007.11.30 07:16:35.423,0.99775,0.99795,2.50,0.80
2007.11.30 07:16:35.606,0.99775,0.99795,2.50,0.80
2007.11.30 07:16:35.791,0.99775,0.99795,2.50,0.80
2007.11.30 07:16:35.972,0.99775,0.99795,2.50,0.80
2007.11.30 07:16:36.157,0.99775,0.99795,2.50,0.80
2007.11.30 07:16:36.340,0.99775,0.99795,2.50,0.80
2007.11.30 07:16:36.674,0.99775,0.99795,2.50,0.80
2007.11.30 07:16:37.007,0.99775,0.99795,2.50,0.80
2007.11.30 07:16:37.340,0.99775,0.99795,2.50,0.80
2007.11.30 07:16:37.673,0.99775,0.99795,2.50,0.80
2007.11.30 07:16:37.856,0.99775,0.99795,2.50,0.80
2007.11.30 07:16:38.040,0.99775,0.99795,2.50,0.80
2007.11.30 07:16:38.223,0.99775,0.99795,2.50,0.80
2007.11.30 07:16:38.407,0.99775,0.99795,2.50,0.80
2007.11.30 07:16:38.709,0.99775,0.99795,2.50,0.80
2007.11.30 07:16:39.012,0.99775,0.99795,2.50,0.80
2007.11.30 07:16:39.315,0.99775,0.99795,2.50,0.80
2007.11.30 07:16:39.617,0.99775,0.99795,2.50,0.80
2007.11.30 07:16:39.800,0.99775,0.99795,2.50,0.80
2007.11.30 07:16:39.983,0.99775,0.99795,2.50,0.80
2007.11.30 07:16:40.167,0.99775,0.99795,2.50,0.80
2007.11.30 07:16:40.349,0.99775,0.99795,2.50,0.80
2007.11.30 07:16:40.617,0.99775,0.99795,2.50,0.80
2007.11.30 07:16:40.886,0.99775,0.99795,2.50,0.80
2007.11.30 07:16:41.156,0.99775,0.99795,2.50,0.80
2007.11.30 07:16:41.422,0.99775,0.99795,2.50,0.80
2007.11.30 07:16:41.612,0.99775,0.99795,2.50,0.80
2007.11.30 07:16:41.795,0.99775,0.99795,2.50,0.80
2007.11.30 07:16:41.979,0.99775,0.99795,2.50,0.80
2007.11.30 07:16:42.161,0.99775,0.99795,2.50,0.80
2007.11.30 07:16:42.344,0.99775,0.99795,2.50,0.80
2007.11.30 07:16:42.528,0.99775,0.99795,2.50,0.80
2007.11.30 07:16:42.830,0.99775,0.99795,2.50,0.80
2007.11.30 07:16:43.133,0.99775,0.99795,2.50,0.80
2007.11.30 07:16:43.436,0.99775,0.99795,2.50,0.80
2007.11.30 07:16:43.628,0.99775,0.99795,2.50,0.80
2007.11.30 07:16:43.821,0.99775,0.99795,2.50,0.80
2007.11.30 07:16:44.013,0.99775,0.99795,2.50,0.80
2007.11.30 07:16:44.206,0.99775,0.99795,2.50,0.80
2007.11.30 07:16:44.399,0.99775,0.99795,2.50,0.80
2007.11.30 07:16:44.591,0.99775,0.99795,2.50,0.80
2007.11.30 07:16:44.859,0.99775,0.99795,2.50,0.80
2007.11.30 07:16:45.127,0.99775,0.99795,2.50,0.80
2007.11.30 07:16:45.169,0.9977,0.99795,6.50,0.80
2007.11.30 07:16:45.395,0.9977,0.9979,7.10,0.50
2007.11.30 07:16:45.663,0.9977,0.9979,7.10,0.50
2007.11.30 07:16:45.896,0.9977,0.9979,7.10,0.50
2007.11.30 07:16:46.128,0.9977,0.9979,7.10,0.50
2007.11.30 07:16:46.362,0.9977,0.9979,7.70,0.50
2007.11.30 07:16:46.595,0.9977,0.9979,7.70,0.50
2007.11.30 07:16:46.834,0.9977,0.9979,7.70,0.50
2007.11.30 07:16:47.060,0.9977,0.9979,7.70,0.50
2007.11.30 07:16:47.352,0.9977,0.9979,7.70,0.50
2007.11.30 07:16:47.583,0.9977,0.9979,7.70,0.50
2007.11.30 07:16:47.866,0.9977,0.9979,7.70,0.50
2007.11.30 07:16:48.149,0.9977,0.9979,7.70,0.50
2007.11.30 07:16:48.432,0.9977,0.9979,7.70,0.50
2007.11.30 07:16:48.716,0.9977,0.9979,7.70,0.50
2007.11.30 07:16:48.929,0.9977,0.9979,7.70,0.50
2007.11.30 07:16:49.141,0.9977,0.9979,7.70,0.50
2007.11.30 07:16:49.355,0.9977,0.9979,7.70,0.50
2007.11.30 07:16:49.569,0.9977,0.9979,7.70,0.50
2007.11.30 07:16:49.784,0.9977,0.9979,7.70,0.50
2007.11.30 07:16:50.057,0.9978,0.9979,2.40,0.50
2007.11.30 07:16:50.331,0.9978,0.9979,2.40,0.50
2007.11.30 07:16:50.604,0.9978,0.9979,2.40,0.70
2007.11.30 07:16:50.876,0.9978,0.9979,2.40,0.70
2007.11.30 07:16:51.109,0.9978,0.9979,2.40,0.70
2007.11.30 07:16:51.342,0.9978,0.9979,2.40,0.70
2007.11.30 07:16:51.575,0.9978,0.9979,2.40,0.70
2007.11.30 07:16:51.809,0.9978,0.9979,2.40,0.70
2007.11.30 07:16:52.041,0.9978,0.9979,2.40,0.70
2007.11.30 07:16:52.254,0.9978,0.9979,2.40,0.70
2007.11.30 07:16:52.466,0.9978,0.9979,2.40,0.70
2007.11.30 07:16:52.679,0.9978,0.9979,2.40,0.70
2007.11.30 07:16:52.898,0.9978,0.9979,2.40,0.70
2007.11.30 07:16:53.111,0.9978,0.9979,2.40,0.70
2007.11.30 07:16:53.533,0.9978,0.9979,2.40,0.70
2007.11.30 07:16:53.820,0.9978,0.9979,2.40,0.70
2007.11.30 07:16:54.109,0.9978,0.9979,2.40,0.70
2007.11.30 07:16:54.324,0.9978,0.9979,2.40,0.70
2007.11.30 07:16:54.536,0.9978,0.9979,2.40,0.70
2007.11.30 07:16:54.749,0.9978,0.9979,2.40,0.70
2007.11.30 07:16:54.963,0.9978,0.9979,2.40,0.70
2007.11.30 07:16:55.182,0.9978,0.9979,2.40,0.70
2007.11.30 07:16:55.469,0.9978,0.9979,2.40,0.70
2007.11.30 07:16:55.756,0.9978,0.9979,2.40,0.70
2007.11.30 07:16:56.048,0.9978,0.9979,2.40,0.70
2007.11.30 07:16:56.336,0.9978,0.9979,2.40,0.70
2007.11.30 07:16:56.599,0.9978,0.9979,2.40,0.70
2007.11.30 07:16:56.861,0.9978,0.9979,2.40,0.70
2007.11.30 07:16:57.124,0.9978,0.9979,2.40,0.70
2007.11.30 07:16:57.388,0.9978,0.9979,2.40,0.70
2007.11.30 07:16:57.651,0.9978,0.9979,2.40,0.70
2007.11.30 07:16:57.920,0.9978,0.9979,2.40,0.70
2007.11.30 07:16:58.184,0.9978,0.9979,2.40,0.70
2007.11.30 07:16:58.437,0.9978,0.9979,2.40,0.70
2007.11.30 07:16:58.697,0.9978,0.9979,2.40,0.70
2007.11.30 07:16:58.943,0.9978,0.9979,2.40,0.70
2007.11.30 07:16:59.197,0.9978,0.9979,2.40,0.70
2007.11.30 07:16:59.464,0.9978,0.9979,2.40,0.70
2007.11.30 07:16:59.732,0.9978,0.9979,2.40,0.70
2007.11.30 07:17:00.006,0.9978,0.9979,2.40,0.70
2007.11.30 07:17:00.274,0.9978,0.9979,2.40,0.70
2007.11.30 07:17:00.531,0.9978,0.9979,2.40,0.70
2007.11.30 07:17:00.788,0.9978,0.9979,2.40,0.70
2007.11.30 07:17:01.046,0.9978,0.9979,2.40,0.70
2007.11.30 07:17:01.304,0.9978,0.9979,2.40,0.70
2007.11.30 07:17:01.551,0.9978,0.9979,2.40,0.70
2007.11.30 07:17:01.799,0.9978,0.9979,2.40,0.70
2007.11.30 07:17:02.047,0.9978,0.9979,2.40,0.70
2007.11.30 07:17:02.295,0.9978,0.9979,2.40,0.70
2007.11.30 07:17:02.532,0.9978,0.9979,2.40,0.70
2007.11.30 07:17:02.770,0.9978,0.9979,2.40,0.70
2007.11.30 07:17:03.007,0.9978,0.9979,2.40,0.70
2007.11.30 07:17:03.246,0.9978,0.9979,2.40,0.70
2007.11.30 07:17:03.484,0.9978,0.9979,2.40,0.70
2007.11.30 07:17:03.762,0.9978,0.9979,2.40,0.70
2007.11.30 07:17:04.040,0.9978,0.9979,2.40,0.70
2007.11.30 07:17:04.318,0.9978,0.9979,2.40,0.70
2007.11.30 07:17:04.505,0.9978,0.9979,2.40,0.70
2007.11.30 07:17:04.693,0.9977,0.9978,7.10,0.40
2007.11.30 07:17:04.881,0.9977,0.9978,7.10,0.40
2007.11.30 07:17:05.069,0.9977,0.9978,3.10,0.40
2007.11.30 07:17:05.257,0.9977,0.99785,0.10,0.40
2007.11.30 07:17:05.445,0.9977,0.99785,0.10,0.40
2007.11.30 07:17:05.856,0.9977,0.99785,0.10,0.40
2007.11.30 07:17:06.151,0.9977,0.99785,0.10,0.40
2007.11.30 07:17:06.447,0.9977,0.99785,0.10,0.40
2007.11.30 07:17:06.620,0.9977,0.99785,0.10,0.40
2007.11.30 07:17:06.792,0.9977,0.99785,0.10,0.40
2007.11.30 07:17:06.966,0.9977,0.99785,0.10,0.40
2007.11.30 07:17:07.139,0.9977,0.99785,0.10,0.40
2007.11.30 07:17:07.312,0.9977,0.99785,0.10,0.40
2007.11.30 07:17:07.485,0.9977,0.99785,0.10,0.40
2007.11.30 07:17:07.819,0.9977,0.99785,0.10,0.40
2007.11.30 07:17:08.152,0.9977,0.99785,0.10,0.40
2007.11.30 07:17:08.492,0.9977,0.99785,0.10,0.40
2007.11.30 07:17:08.678,0.9977,0.99785,0.10,0.40
2007.11.30 07:17:08.866,0.9977,0.99785,0.10,0.40
2007.11.30 07:17:09.054,0.9977,0.99785,0.10,0.40
2007.11.30 07:17:09.242,0.9977,0.99785,0.10,0.40
2007.11.30 07:17:09.429,0.9977,0.99785,0.10,0.40
2007.11.30 07:17:09.618,0.9977,0.99785,0.10,0.40
2007.11.30 07:17:09.951,0.9977,0.99785,0.10,0.40
2007.11.30 07:17:10.285,0.9977,0.99785,0.10,0.40
2007.11.30 07:17:10.618,0.9977,0.99785,0.10,0.40
2007.11.30 07:17:10.826,0.9977,0.99785,0.10,0.40
2007.11.30 07:17:11.034,0.9977,0.99785,0.10,0.40
2007.11.30 07:17:11.242,0.9977,0.99785,0.10,0.40
2007.11.30 07:17:11.449,0.9977,0.99785,0.10,0.40
2007.11.30 07:17:11.656,0.9977,0.99785,0.10,0.40
2007.11.30 07:17:12.020,0.9977,0.99785,0.10,0.40
2007.11.30 07:17:12.289,0.9977,0.99785,0.10,0.40
2007.11.30 07:17:12.557,0.9977,0.99785,0.10,0.40
2007.11.30 07:17:12.751,0.9977,0.99785,0.10,0.40
2007.11.30 07:17:12.942,0.9977,0.99785,0.10,0.40
2007.11.30 07:17:13.135,0.9977,0.99785,0.10,0.40
2007.11.30 07:17:13.329,0.9977,0.99785,0.10,0.40
2007.11.30 07:17:13.522,0.9977,0.99785,0.10,0.40
2007.11.30 07:17:13.720,0.9977,0.99785,0.10,0.40
2007.11.30 07:17:14.007,0.9977,0.99785,0.10,0.40
2007.11.30 07:17:14.295,0.9977,0.99785,0.10,0.40
2007.11.30 07:17:14.583,0.99775,0.99785,2.40,0.40
2007.11.30 07:17:14.841,0.99775,0.99785,2.40,0.40
2007.11.30 07:17:15.100,0.9977,0.99785,0.10,0.40
2007.11.30 07:17:15.358,0.9977,0.99785,0.10,0.40
2007.11.30 07:17:15.616,0.9977,0.99785,0.10,0.40
2007.11.30 07:17:15.899,0.9977,0.99785,0.10,0.40
2007.11.30 07:17:16.182,0.9977,0.99785,0.10,0.40
2007.11.30 07:17:16.464,0.9977,0.99785,0.10,0.40
2007.11.30 07:17:16.747,0.9977,0.99785,0.10,0.40
2007.11.30 07:17:17.005,0.9977,0.99785,0.10,0.40
2007.11.30 07:17:17.264,0.9977,0.99785,0.10,0.40
2007.11.30 07:17:17.522,0.9977,0.99785,0.10,0.40
2007.11.30 07:17:17.779,0.9977,0.99785,0.10,0.40
2007.11.30 07:17:18.184,0.9977,0.99785,0.10,0.40
2007.11.30 07:17:18.480,0.9977,0.99785,0.10,0.40
2007.11.30 07:17:18.777,0.9977,0.99785,0.10,0.40
2007.11.30 07:17:19.076,0.9977,0.99785,0.10,0.40
2007.11.30 07:17:19.294,0.9977,0.99785,0.10,0.40
2007.11.30 07:17:19.512,0.9977,0.99785,0.10,0.40
2007.11.30 07:17:19.738,0.9977,0.99785,0.10,0.40
2007.11.30 07:17:19.954,0.9977,0.99785,0.10,0.40
2007.11.30 07:17:20.258,0.9977,0.99785,0.10,0.40
2007.11.30 07:17:20.561,0.9977,0.99785,0.10,0.40
2007.11.30 07:17:20.864,0.9977,0.99785,0.10,0.40
2007.11.30 07:17:21.117,0.9977,0.99785,0.10,0.40
2007.11.30 07:17:21.372,0.9977,0.99785,0.10,0.40
2007.11.30 07:17:21.623,0.9977,0.99785,0.10,0.40
2007.11.30 07:17:21.878,0.9977,0.99785,0.10,0.40
2007.11.30 07:17:22.131,0.9977,0.99785,0.10,0.40
2007.11.30 07:17:22.383,0.9977,0.99785,0.10,0.40
2007.11.30 07:17:22.636,0.9977,0.99785,0.10,0.40
2007.11.30 07:17:22.889,0.9977,0.99785,0.10,0.40
2007.11.30 07:17:23.091,0.9977,0.99785,0.10,0.40
2007.11.30 07:17:23.294,0.9977,0.99785,0.10,0.40
2007.11.30 07:17:23.497,0.9977,0.99785,0.10,0.40
2007.11.30 07:17:23.699,0.9977,0.99785,0.10,0.40
2007.11.30 07:17:23.902,0.9977,0.99785,0.10,0.40
2007.11.30 07:17:24.358,0.9977,0.99785,0.10,0.40
2007.11.30 07:17:24.693,0.9977,0.99785,0.10,0.40
2007.11.30 07:17:24.999,0.9977,0.99785,0.10,0.40
2007.11.30 07:17:25.208,0.99765,0.99785,3.20,0.70
2007.11.30 07:17:25.418,0.99765,0.99785,3.20,0.70
2007.11.30 07:17:25.626,0.99765,0.99785,0.80,0.70
2007.11.30 07:17:25.835,0.99765,0.99785,0.80,0.70
2007.11.30 07:17:26.043,0.99765,0.99785,0.80,0.70
2007.11.30 07:17:26.306,0.99765,0.99785,0.80,0.70
2007.11.30 07:17:26.569,0.99765,0.99785,0.80,0.70
2007.11.30 07:17:26.833,0.99765,0.99785,0.80,0.70
2007.11.30 07:17:27.095,0.99765,0.99785,0.80,0.70
2007.11.30 07:17:27.344,0.99765,0.99785,0.80,0.70
2007.11.30 07:17:27.592,0.99765,0.99785,0.80,0.70
2007.11.30 07:17:27.840,0.99765,0.99785,0.80,0.70
2007.11.30 07:17:28.089,0.99765,0.99785,0.80,0.70
2007.11.30 07:17:28.356,0.99765,0.99785,0.80,0.70
2007.11.30 07:17:28.625,0.99765,0.99785,0.80,0.70
2007.11.30 07:17:28.893,0.99765,0.99785,0.80,0.70
2007.11.30 07:17:29.161,0.99765,0.99785,0.80,0.70
2007.11.30 07:17:29.369,0.99765,0.99785,0.80,0.70
2007.11.30 07:17:29.577,0.99765,0.99785,0.80,0.70
2007.11.30 07:17:29.785,0.99765,0.99785,0.80,0.70
2007.11.30 07:17:29.992,0.99765,0.99785,0.80,0.70
2007.11.30 07:17:30.207,0.99765,0.99785,0.80,0.70
2007.11.30 07:17:30.530,0.99765,0.99785,0.80,0.70
2007.11.30 07:17:30.800,0.99765,0.99785,0.80,0.70
2007.11.30 07:17:31.067,0.99765,0.99785,0.80,0.70
2007.11.30 07:17:31.337,0.99765,0.99785,0.80,0.70
2007.11.30 07:17:31.630,0.99765,0.99785,0.80,0.70
2007.11.30 07:17:31.923,0.99765,0.99785,0.80,0.70
2007.11.30 07:17:32.218,0.99765,0.99785,0.80,0.70
2007.11.30 07:17:32.404,0.99765,0.99785,0.80,0.70
2007.11.30 07:17:32.593,0.99765,0.99785,0.80,0.70
2007.11.30 07:17:32.783,0.99765,0.99785,0.80,0.70
2007.11.30 07:17:32.970,0.99765,0.99785,0.80,0.70
2007.11.30 07:17:33.166,0.99765,0.99785,0.80,0.70
2007.11.30 07:17:33.347,0.99765,0.99785,0.80,0.70
2007.11.30 07:17:33.645,0.99765,0.99785,0.80,0.70
2007.11.30 07:17:33.943,0.99765,0.99785,0.80,0.70
2007.11.30 07:17:34.242,0.99765,0.99785,0.80,0.70
2007.11.30 07:17:34.479,0.99765,0.99785,0.80,0.70
2007.11.30 07:17:34.717,0.99765,0.99785,0.80,0.70
2007.11.30 07:17:34.956,0.99765,0.99785,0.80,0.70
2007.11.30 07:17:35.193,0.99765,0.99785,0.80,0.70
2007.11.30 07:17:35.431,0.99765,0.99785,0.80,0.70
2007.11.30 07:17:35.718,0.99765,0.99785,0.80,0.70
2007.11.30 07:17:36.006,0.99765,0.99785,0.80,0.70
2007.11.30 07:17:36.296,0.99765,0.99785,0.80,0.70
2007.11.30 07:17:36.519,0.99765,0.99785,0.80,0.70
2007.11.30 07:17:36.743,0.99765,0.99785,0.80,0.70
2007.11.30 07:17:36.966,0.99765,0.99785,0.80,0.70
2007.11.30 07:17:37.188,0.99765,0.99785,0.80,0.70
2007.11.30 07:17:37.410,0.99765,0.99785,0.80,0.70
2007.11.30 07:17:37.643,0.99765,0.99785,0.80,0.70
2007.11.30 07:17:37.876,0.99765,0.99785,0.80,0.70
2007.11.30 07:17:38.108,0.99765,0.99785,0.80,0.70
2007.11.30 07:17:38.340,0.99765,0.99785,0.80,0.70
2007.11.30 07:17:38.573,0.99765,0.99785,0.80,0.70
2007.11.30 07:17:38.906,0.99765,0.99785,0.10,0.70
2007.11.30 07:17:39.241,0.99765,0.99785,0.10,0.70
2007.11.30 07:17:39.574,0.99765,0.99785,0.10,0.70
2007.11.30 07:17:39.797,0.99765,0.99785,0.10,0.70
2007.11.30 07:17:40.021,0.99765,0.99785,0.10,0.70
2007.11.30 07:17:40.244,0.99765,0.99785,0.10,0.70
2007.11.30 07:17:40.466,0.99765,0.99785,0.10,0.70
2007.11.30 07:17:40.760,0.99765,0.99785,0.10,0.70
2007.11.30 07:17:41.054,0.99765,0.99785,0.10,0.70
2007.11.30 07:17:41.352,0.99765,0.99785,0.10,0.70
2007.11.30 07:17:41.645,0.99765,0.99785,0.10,0.70
2007.11.30 07:17:41.873,0.99765,0.99785,0.10,0.70
2007.11.30 07:17:42.101,0.99765,0.99785,0.10,0.70
2007.11.30 07:17:42.330,0.99765,0.99785,0.10,0.70
2007.11.30 07:17:42.557,0.99765,0.99785,0.10,0.70
2007.11.30 07:17:42.871,0.99765,0.99785,0.10,0.70
2007.11.30 07:17:43.194,0.99765,0.99785,0.10,0.70
2007.11.30 07:17:43.506,0.99765,0.99785,0.10,0.70
2007.11.30 07:17:43.819,0.99765,0.99785,0.10,0.70
2007.11.30 07:17:44.087,0.99765,0.99785,0.10,0.70
2007.11.30 07:17:44.356,0.99765,0.99785,0.10,0.70
2007.11.30 07:17:44.625,0.99765,0.99785,0.10,0.70
2007.11.30 07:17:44.823,0.99765,0.99785,0.10,0.70
2007.11.30 07:17:45.024,0.99765,0.99785,0.10,0.70
2007.11.30 07:17:45.222,0.99765,0.99785,0.10,0.70
2007.11.30 07:17:45.420,0.99765,0.99785,0.10,0.70
2007.11.30 07:17:45.618,0.99765,0.99785,0.10,0.70
2007.11.30 07:17:45.906,0.99765,0.99785,0.10,0.70
2007.11.30 07:17:46.194,0.99765,0.99785,0.10,0.70
2007.11.30 07:17:46.481,0.99765,0.99785,0.10,0.70
2007.11.30 07:17:46.769,0.99765,0.99785,0.10,0.70
2007.11.30 07:17:46.957,0.99765,0.99785,0.10,0.70
2007.11.30 07:17:47.150,0.99765,0.99785,0.10,0.70
2007.11.30 07:17:47.338,0.99765,0.99785,0.10,0.70
2007.11.30 07:17:47.526,0.99765,0.99785,0.10,0.70
2007.11.30 07:17:47.721,0.99765,0.99785,0.10,0.70
2007.11.30 07:17:47.869,0.9976,0.99785,4.10,0.70
2007.11.30 07:17:48.054,0.9976,0.99785,4.10,0.70
2007.11.30 07:17:48.386,0.9976,0.99785,4.10,0.70
2007.11.30 07:17:48.719,0.9976,0.99785,4.10,0.70
2007.11.30 07:17:49.036,0.99765,0.99785,0.10,0.70
2007.11.30 07:17:49.274,0.99765,0.99785,0.10,0.70
2007.11.30 07:17:49.512,0.9976,0.99785,4.10,0.70
2007.11.30 07:17:49.757,0.99765,0.99785,0.10,0.70
2007.11.30 07:17:50.021,0.9976,0.99785,4.10,0.70
2007.11.30 07:17:50.282,0.9976,0.99785,4.10,0.70
2007.11.30 07:17:50.555,0.99765,0.99785,0.10,0.70
2007.11.30 07:17:50.817,0.99765,0.99785,0.10,0.70
2007.11.30 07:17:51.064,0.9976,0.99785,4.10,0.70
2007.11.30 07:17:51.312,0.99765,0.99785,0.10,0.70
2007.11.30 07:17:51.560,0.9976,0.99785,4.10,0.70
2007.11.30 07:17:51.808,0.99765,0.99785,0.10,0.70
2007.11.30 07:17:52.116,0.9976,0.99785,4.10,0.70
2007.11.30 07:17:52.424,0.99765,0.99785,0.10,0.70
2007.11.30 07:17:52.733,0.99765,0.99785,0.10,0.70
2007.11.30 07:17:53.042,0.99765,0.99785,0.10,0.70
2007.11.30 07:17:53.280,0.99755,0.9978,8.90,0.50
2007.11.30 07:17:53.517,0.99755,0.9978,8.90,0.50
2007.11.30 07:17:53.756,0.99755,0.9978,8.90,0.50
2007.11.30 07:17:53.993,0.99755,0.9978,8.90,0.50
2007.11.30 07:17:54.287,0.99755,0.9978,8.90,0.50
2007.11.30 07:17:54.580,0.99755,0.9978,8.90,0.50
2007.11.30 07:17:54.873,0.99755,0.9978,8.90,0.50
2007.11.30 07:17:55.215,0.9976,0.9978,1.00,0.50
2007.11.30 07:17:55.444,0.9976,0.9978,1.00,0.50
2007.11.30 07:17:55.677,0.9976,0.9978,2.00,0.50
2007.11.30 07:17:55.916,0.9976,0.9978,1.50,0.50
2007.11.30 07:17:56.180,0.99755,0.9978,8.90,0.50
2007.11.30 07:17:56.444,0.99755,0.9978,8.90,0.50
2007.11.30 07:17:56.708,0.99755,0.9978,8.90,0.50
2007.11.30 07:17:56.971,0.9976,0.9978,2.20,0.50
2007.11.30 07:17:57.210,0.99755,0.9978,8.90,0.50
2007.11.30 07:17:57.452,0.99755,0.9978,8.90,0.50
2007.11.30 07:17:57.691,0.99755,0.9978,8.90,0.50
2007.11.30 07:17:57.937,0.99755,0.9978,8.90,0.50
2007.11.30 07:17:58.243,0.99755,0.9978,8.90,0.50
2007.11.30 07:17:58.556,0.9976,0.9978,1.30,0.50
2007.11.30 07:17:58.869,0.99755,0.9978,8.90,0.50
2007.11.30 07:17:59.183,0.99755,0.9978,8.90,0.50
2007.11.30 07:17:59.462,0.9976,0.9978,0.10,0.50
2007.11.30 07:17:59.739,0.9976,0.9978,0.10,0.50
2007.11.30 07:18:00.018,0.99755,0.9978,8.90,0.50
2007.11.30 07:18:00.281,0.99755,0.9978,8.90,0.50
2007.11.30 07:18:00.544,0.99755,0.9978,8.90,0.50
2007.11.30 07:18:00.807,0.99755,0.9978,8.90,0.50
2007.11.30 07:18:01.071,0.9976,0.9978,0.10,0.50
2007.11.30 07:18:01.396,0.99755,0.9978,8.90,0.50
2007.11.30 07:18:01.697,0.9976,0.9978,0.10,0.50
2007.11.30 07:18:01.983,0.9976,0.9978,0.10,0.50
2007.11.30 07:18:02.216,0.9976,0.9978,0.10,0.50
2007.11.30 07:18:02.454,0.99755,0.9978,8.90,0.50
2007.11.30 07:18:02.687,0.99755,0.9978,8.90,0.50
2007.11.30 07:18:02.922,0.9976,0.9978,0.10,0.50
2007.11.30 07:18:03.155,0.9976,0.9978,0.10,0.50
2007.11.30 07:18:03.499,0.99755,0.9978,8.90,0.50
2007.11.30 07:18:03.832,0.99755,0.9978,8.90,0.50
2007.11.30 07:18:04.166,0.9976,0.9978,0.10,0.50
2007.11.30 07:18:04.390,0.9976,0.9978,0.10,0.50
2007.11.30 07:18:04.613,0.9976,0.9978,0.10,0.50
2007.11.30 07:18:04.837,0.99755,0.9978,8.90,0.50
2007.11.30 07:18:05.061,0.99755,0.9978,8.90,0.50
2007.11.30 07:18:05.396,0.9976,0.9978,0.10,0.50
2007.11.30 07:18:05.728,0.9976,0.9978,0.10,0.50
2007.11.30 07:18:06.063,0.9976,0.9978,0.10,0.50
2007.11.30 07:18:06.305,0.9976,0.9978,0.10,0.50
2007.11.30 07:18:06.547,0.9976,0.9978,0.10,0.50
2007.11.30 07:18:06.790,0.99755,0.9978,8.90,0.50
2007.11.30 07:18:07.034,0.99755,0.9978,8.90,0.50
2007.11.30 07:18:07.277,0.99755,0.9978,8.90,0.50
2007.11.30 07:18:07.606,0.9976,0.9978,0.10,0.50
2007.11.30 07:18:07.934,0.99755,0.9978,8.90,0.50
2007.11.30 07:18:08.262,0.9976,0.9978,0.10,0.50
2007.11.30 07:18:08.474,0.9976,0.9978,0.10,0.50
2007.11.30 07:18:08.687,0.99755,0.9978,8.90,0.50
2007.11.30 07:18:08.900,0.99755,0.9978,8.90,0.50
2007.11.30 07:18:09.113,0.9976,0.9978,0.10,0.50
2007.11.30 07:18:09.330,0.99755,0.9978,6.50,0.50
2007.11.30 07:18:09.663,0.9976,0.9978,0.10,0.50
2007.11.30 07:18:09.996,0.9976,0.9978,0.10,0.50
2007.11.30 07:18:10.329,0.99755,0.9978,6.50,0.50
2007.11.30 07:18:10.542,0.99755,0.9978,6.50,0.50
2007.11.30 07:18:10.755,0.99755,0.9978,6.50,0.50
2007.11.30 07:18:10.969,0.9976,0.9978,0.10,0.50
2007.11.30 07:18:11.182,0.9976,0.9978,0.10,0.50
2007.11.30 07:18:11.395,0.99755,0.9978,6.50,0.50
2007.11.30 07:18:11.728,0.9976,0.9978,0.10,0.50
2007.11.30 07:18:12.062,0.99755,0.9978,6.50,0.50
2007.11.30 07:18:12.403,0.9976,0.9978,0.10,0.50
2007.11.30 07:18:12.644,0.99755,0.9978,6.50,0.50
2007.11.30 07:18:12.892,0.99755,0.9978,6.50,0.50
2007.11.30 07:18:13.140,0.99755,0.9978,6.50,0.50
2007.11.30 07:18:13.388,0.99755,0.9978,6.50,0.50
2007.11.30 07:18:13.736,0.99755,0.9978,6.50,0.50
2007.11.30 07:18:14.016,0.99755,0.9978,6.50,0.50
2007.11.30 07:18:14.273,0.99755,0.9978,6.50,0.50
2007.11.30 07:18:14.538,0.99755,0.9978,6.50,0.50
2007.11.30 07:18:14.826,0.99755,0.9978,6.50,0.50
2007.11.30 07:18:15.104,0.99755,0.9978,6.50,0.50
2007.11.30 07:18:15.381,0.9976,0.9978,0.10,0.50
2007.11.30 07:18:15.659,0.9976,0.9978,0.10,0.50
2007.11.30 07:18:15.988,0.9976,0.9978,0.10,0.50
2007.11.30 07:18:16.316,0.9976,0.9978,0.10,0.50
2007.11.30 07:18:16.644,0.9976,0.9978,0.10,0.50
2007.11.30 07:18:16.877,0.9976,0.9978,0.10,0.50
2007.11.30 07:18:17.110,0.9976,0.9978,0.10,0.50
2007.11.30 07:18:17.342,0.9976,0.9978,0.10,0.50
2007.11.30 07:18:17.576,0.9976,0.9978,0.10,0.50
2007.11.30 07:18:17.844,0.9976,0.9978,0.10,0.50
2007.11.30 07:18:18.112,0.9976,0.9978,0.10,0.50
2007.11.30 07:18:18.386,0.9976,0.9978,0.10,0.50
2007.11.30 07:18:18.655,0.9976,0.9978,0.10,0.50
2007.11.30 07:18:18.924,0.99755,0.9977,6.40,0.50
2007.11.30 07:18:19.192,0.99755,0.9977,4.00,0.50
2007.11.30 07:18:19.461,0.99755,0.9977,4.00,0.50
2007.11.30 07:18:19.730,0.99755,0.9977,4.00,0.50
2007.11.30 07:18:19.973,0.99755,0.9977,4.00,0.50
2007.11.30 07:18:20.215,0.99755,0.9977,4.00,0.50
2007.11.30 07:18:20.469,0.99755,0.9977,4.00,0.50
2007.11.30 07:18:20.711,0.99755,0.9977,4.00,0.50
2007.11.30 07:18:20.979,0.9975,0.9977,4.10,0.50
2007.11.30 07:18:21.247,0.9975,0.9977,0.10,0.50
2007.11.30 07:18:21.516,0.99745,0.9976,6.40,0.50
2007.11.30 07:18:21.785,0.9974,0.9976,4.00,0.50
2007.11.30 07:18:22.048,0.9974,0.9976,4.00,0.50
2007.11.30 07:18:22.313,0.99735,0.9976,0.40,0.50
2007.11.30 07:18:22.577,0.99735,0.9976,0.40,0.50
2007.11.30 07:18:22.847,0.99735,0.9976,0.40,0.50
2007.11.30 07:18:23.063,0.99735,0.9976,0.40,0.50
2007.11.30 07:18:23.288,0.99735,0.9976,0.40,0.50
2007.11.30 07:18:23.511,0.99735,0.9976,0.40,0.50
2007.11.30 07:18:23.736,0.99735,0.9976,0.40,0.50
2007.11.30 07:18:24.070,0.99735,0.9976,0.40,0.50
2007.11.30 07:18:24.403,0.99735,0.9976,0.40,0.50
2007.11.30 07:18:24.734,0.99735,0.9976,0.40,0.50
2007.11.30 07:18:24.968,0.99735,0.9976,0.40,0.50
2007.11.30 07:18:25.201,0.99735,0.9976,0.40,0.50
2007.11.30 07:18:25.433,0.99735,0.9976,0.40,0.50
2007.11.30 07:18:25.669,0.99735,0.9976,0.40,0.50
2007.11.30 07:18:25.903,0.99735,0.9976,0.40,0.50
2007.11.30 07:18:26.235,0.99735,0.9976,0.40,0.50
2007.11.30 07:18:26.567,0.99735,0.9976,0.40,0.50
2007.11.30 07:18:26.900,0.99735,0.9976,0.40,0.50
2007.11.30 07:18:27.150,0.99735,0.9976,0.40,0.50
2007.11.30 07:18:27.398,0.99735,0.9976,0.40,0.50
2007.11.30 07:18:27.647,0.99735,0.9976,0.40,0.50
2007.11.30 07:18:27.895,0.99735,0.9976,0.40,0.50
2007.11.30 07:18:28.172,0.99735,0.9976,0.40,0.50
2007.11.30 07:18:28.451,0.99735,0.9976,0.40,0.50
2007.11.30 07:18:28.728,0.99735,0.9976,0.40,0.50
2007.11.30 07:18:29.007,0.99735,0.9976,0.40,0.50
2007.11.30 07:18:29.264,0.99735,0.9976,0.40,0.50
2007.11.30 07:18:29.523,0.99735,0.9976,0.40,0.50
2007.11.30 07:18:29.780,0.99735,0.9976,0.40,0.50
2007.11.30 07:18:30.039,0.99735,0.9976,0.40,0.50
2007.11.30 07:18:30.282,0.99735,0.9976,0.40,0.50
2007.11.30 07:18:30.524,0.99735,0.9976,0.40,0.50
2007.11.30 07:18:30.769,0.99735,0.9976,0.40,0.50
2007.11.30 07:18:31.011,0.99735,0.9976,0.40,0.50
2007.11.30 07:18:31.276,0.99735,0.9976,0.40,0.50
2007.11.30 07:18:31.314,0.99735,0.9976,0.40,0.50
2007.11.30 07:18:31.626,0.99735,0.9976,0.40,0.50
2007.11.30 07:18:31.921,0.99735,0.99765,0.40,11.10
2007.11.30 07:18:32.258,0.99735,0.99765,0.40,11.10
2007.11.30 07:18:33.745,0.99735,0.9976,0.40,0.50
2007.11.30 07:18:33.980,0.99735,0.99765,0.40,11.10
2007.11.30 07:18:34.068,0.99735,0.99765,0.40,11.10
2007.11.30 07:18:34.160,0.99735,0.99765,0.40,11.10
2007.11.30 07:18:34.260,0.99735,0.9976,0.40,0.50
2007.11.30 07:18:34.352,0.99735,0.99765,0.40,11.10
2007.11.30 07:18:34.445,0.99735,0.99765,0.40,11.10
2007.11.30 07:18:34.538,0.99735,0.9976,0.40,0.50
2007.11.30 07:18:34.638,0.99735,0.99765,0.40,11.10
2007.11.30 07:18:34.729,0.99735,0.99765,0.40,11.10
2007.11.30 07:18:34.823,0.99735,0.9976,0.40,0.50
2007.11.30 07:18:35.155,0.99735,0.9976,0.40,0.50
2007.11.30 07:18:35.488,0.99735,0.9976,0.40,0.50
2007.11.30 07:18:35.821,0.99735,0.9976,0.40,0.50
2007.11.30 07:18:36.033,0.99735,0.99765,0.40,11.10
2007.11.30 07:18:36.248,0.99735,0.99765,0.40,11.10
2007.11.30 07:18:36.461,0.99735,0.9976,0.40,0.50
2007.11.30 07:18:36.673,0.99735,0.9976,0.40,0.50
2007.11.30 07:18:36.887,0.99735,0.99765,0.40,11.10
2007.11.30 07:18:37.164,0.99735,0.9976,0.40,0.50
2007.11.30 07:18:37.425,0.99735,0.99765,0.40,11.10
2007.11.30 07:18:37.693,0.99735,0.99765,0.40,11.10
2007.11.30 07:18:37.961,0.99735,0.99765,0.40,11.10
2007.11.30 07:18:38.244,0.99735,0.9976,0.40,0.50
2007.11.30 07:18:38.527,0.99735,0.99765,0.40,11.10
2007.11.30 07:18:38.897,0.99735,0.9976,0.40,0.50
2007.11.30 07:18:39.074,0.99735,0.99765,0.40,11.10
2007.11.30 07:18:39.253,0.99735,0.9976,0.40,0.50
2007.11.30 07:18:39.432,0.99735,0.9976,0.40,0.50
2007.11.30 07:18:39.608,0.99735,0.9976,0.40,0.50
2007.11.30 07:18:39.793,0.99735,0.99765,0.40,11.10
2007.11.30 07:18:39.971,0.99735,0.99765,0.40,11.10
2007.11.30 07:18:40.302,0.99735,0.9976,0.40,0.50
2007.11.30 07:18:40.636,0.99735,0.9976,0.40,0.50
2007.11.30 07:18:40.971,0.99735,0.99765,0.40,11.10
2007.11.30 07:18:41.188,0.99735,0.99765,0.40,11.10
2007.11.30 07:18:41.405,0.99735,0.9976,0.40,0.50
2007.11.30 07:18:41.623,0.99735,0.9976,0.40,0.50
2007.11.30 07:18:41.841,0.99735,0.99765,0.40,11.10
2007.11.30 07:18:42.059,0.99735,0.99765,0.40,11.10
2007.11.30 07:18:42.276,0.99735,0.99765,0.40,11.10
2007.11.30 07:18:42.554,0.99735,0.99765,0.40,11.10
2007.11.30 07:18:42.833,0.99735,0.9976,0.40,0.50
2007.11.30 07:18:43.111,0.99735,0.99765,0.40,21.90
2007.11.30 07:18:43.389,0.99735,0.9976,0.40,0.50
2007.11.30 07:18:43.603,0.99735,0.99765,0.40,22.50
2007.11.30 07:18:43.816,0.99735,0.99765,0.40,22.50
2007.11.30 07:18:44.036,0.99735,0.99765,0.40,22.50
2007.11.30 07:18:44.243,0.99735,0.99765,0.40,22.50
2007.11.30 07:18:44.547,0.99735,0.9976,0.40,0.50
2007.11.30 07:18:44.849,0.99735,0.99765,0.40,22.50
2007.11.30 07:18:45.152,0.99735,0.99765,0.40,22.50
2007.11.30 07:18:45.374,0.99735,0.99765,0.40,22.50
2007.11.30 07:18:45.597,0.99735,0.99765,0.40,22.50
2007.11.30 07:18:45.820,0.99735,0.99765,0.40,22.50
2007.11.30 07:18:46.042,0.99735,0.99765,0.40,22.50
2007.11.30 07:18:46.265,0.99735,0.9976,0.40,0.50
2007.11.30 07:18:46.584,0.99735,0.99765,0.40,22.50
2007.11.30 07:18:46.901,0.99735,0.99765,0.40,22.50
2007.11.30 07:18:47.220,0.99735,0.99765,0.40,22.50
2007.11.30 07:18:47.418,0.99735,0.9976,0.40,0.50
2007.11.30 07:18:47.623,0.99735,0.9976,0.40,0.50
2007.11.30 07:18:47.816,0.997,0.99765,8.10,22.50
2007.11.30 07:18:48.014,0.997,0.99765,8.10,22.50
2007.11.30 07:18:48.212,0.997,0.99765,8.10,22.50
2007.11.30 07:18:48.455,0.997,0.9976,8.10,0.50
2007.11.30 07:18:48.698,0.997,0.9976,8.10,0.50
2007.11.30 07:18:48.941,0.997,0.99765,8.10,22.50
2007.11.30 07:18:49.184,0.997,0.9976,8.10,0.50
2007.11.30 07:18:49.427,0.997,0.99765,8.10,22.50
2007.11.30 07:18:49.706,0.997,0.99765,8.10,22.50
2007.11.30 07:18:49.984,0.997,0.99765,8.10,22.50
2007.11.30 07:18:50.261,0.997,0.99765,8.10,22.50
2007.11.30 07:18:50.504,0.997,0.9976,8.10,0.50
2007.11.30 07:18:50.747,0.997,0.9976,8.10,0.50
2007.11.30 07:18:50.989,0.997,0.9976,8.10,0.50
2007.11.30 07:18:51.234,0.997,0.99765,8.10,22.50
2007.11.30 07:18:51.473,0.997,0.99765,8.10,22.50
2007.11.30 07:18:51.712,0.997,0.99765,8.10,22.50
2007.11.30 07:18:51.952,0.997,0.99765,8.10,22.50
2007.11.30 07:18:52.190,0.997,0.9976,8.10,0.50
2007.11.30 07:18:52.429,0.997,0.9976,8.10,0.50
2007.11.30 07:18:52.742,0.997,0.9976,15.80,0.50
2007.11.30 07:18:53.054,0.997,0.9976,15.80,0.60
2007.11.30 07:18:53.368,0.997,0.99765,15.80,21.60
2007.11.30 07:18:53.591,0.997,0.9976,15.80,0.80
2007.11.30 07:18:53.813,0.997,0.99765,15.80,21.60
2007.11.30 07:18:54.036,0.997,0.99765,15.80,21.60
2007.11.30 07:18:54.260,0.997,0.9976,15.80,0.80
2007.11.30 07:18:54.556,0.997,0.99765,15.80,21.60
2007.11.30 07:18:54.854,0.997,0.99765,15.80,21.60
2007.11.30 07:18:55.153,0.997,0.99765,15.80,22.00
2007.11.30 07:18:55.451,0.997,0.99765,15.80,22.00
2007.11.30 07:18:55.684,0.997,0.99765,15.80,22.00
2007.11.30 07:18:55.918,0.997,0.9976,15.80,0.80
2007.11.30 07:18:56.150,0.997,0.99765,15.80,22.00
2007.11.30 07:18:56.383,0.997,0.9976,15.80,0.90
2007.11.30 07:18:56.718,0.997,0.9976,15.80,0.70
2007.11.30 07:18:57.051,0.997,0.99765,15.80,22.00
2007.11.30 07:18:57.399,0.997,0.9976,15.80,0.50
2007.11.30 07:18:57.598,0.997,0.99765,15.80,22.00
2007.11.30 07:18:57.796,0.997,0.99765,15.80,22.00
2007.11.30 07:18:58.002,0.997,0.9976,15.80,0.80
2007.11.30 07:18:58.203,0.997,0.9976,15.80,0.90
2007.11.30 07:18:58.402,0.997,0.9976,15.80,0.50
2007.11.30 07:18:58.740,0.997,0.9976,15.80,0.60
2007.11.30 07:18:59.073,0.997,0.99765,15.80,22.00
2007.11.30 07:18:59.406,0.997,0.99765,15.80,22.00
2007.11.30 07:18:59.634,0.997,0.9976,15.80,0.80
2007.11.30 07:18:59.862,0.997,0.9976,15.80,13.80
2007.11.30 07:19:00.089,0.997,0.9976,15.80,13.80
2007.11.30 07:19:00.317,0.997,0.9976,15.80,13.80
2007.11.30 07:19:00.545,0.997,0.9976,15.80,13.80
2007.11.30 07:19:00.818,0.997,0.9976,15.80,13.80
2007.11.30 07:19:01.091,0.997,0.9976,15.80,13.80
2007.11.30 07:19:01.364,0.997,0.9976,15.80,13.80
2007.11.30 07:19:01.637,0.997,0.9976,15.80,13.80
2007.11.30 07:19:01.880,0.997,0.9976,15.80,13.80
2007.11.30 07:19:02.122,0.997,0.9976,15.80,13.80
2007.11.30 07:19:02.365,0.997,0.9976,15.80,13.80
2007.11.30 07:19:02.608,0.997,0.9976,15.80,13.80
2007.11.30 07:19:02.881,0.997,0.9976,15.80,13.80
2007.11.30 07:19:03.154,0.997,0.9976,15.80,13.80
2007.11.30 07:19:03.570,0.997,0.9976,15.80,13.80
2007.11.30 07:19:03.782,0.997,0.9976,15.80,13.80
2007.11.30 07:19:03.994,0.997,0.9976,15.80,13.80
2007.11.30 07:19:04.208,0.997,0.9976,15.80,13.80
2007.11.30 07:19:04.422,0.997,0.9976,15.80,13.80
2007.11.30 07:19:04.634,0.997,0.9976,15.80,13.80
2007.11.30 07:19:04.967,0.997,0.9976,15.80,13.80
2007.11.30 07:19:05.301,0.997,0.9976,15.80,13.80
2007.11.30 07:19:05.632,0.997,0.9976,15.80,13.80
2007.11.30 07:19:05.966,0.997,0.9976,15.80,13.80
2007.11.30 07:19:06.159,0.997,0.9976,15.80,13.80
2007.11.30 07:19:06.352,0.997,0.9976,15.80,13.80
2007.11.30 07:19:06.545,0.997,0.9976,15.80,13.80
2007.11.30 07:19:06.737,0.997,0.9976,15.80,13.80
2007.11.30 07:19:07.070,0.997,0.9976,15.80,13.80
2007.11.30 07:19:07.405,0.997,0.9976,15.80,13.80
2007.11.30 07:19:07.738,0.997,0.9976,15.80,13.80
2007.11.30 07:19:07.945,0.997,0.9976,15.80,13.80
2007.11.30 07:19:08.154,0.997,0.9976,15.80,13.80
2007.11.30 07:19:08.362,0.997,0.9976,15.80,13.80
2007.11.30 07:19:08.571,0.997,0.9976,15.80,13.80
2007.11.30 07:19:08.779,0.997,0.9976,15.80,13.80
2007.11.30 07:19:09.087,0.997,0.9975,15.80,0.30
2007.11.30 07:19:09.395,0.997,0.9975,15.80,0.30
2007.11.30 07:19:09.743,0.997,0.9975,15.80,0.30
2007.11.30 07:19:09.916,0.997,0.9975,15.80,0.30
2007.11.30 07:19:10.088,0.997,0.9975,15.80,0.30
2007.11.30 07:19:10.262,0.997,0.9975,15.80,0.30
2007.11.30 07:19:10.436,0.997,0.9975,15.80,0.30
2007.11.30 07:19:10.616,0.997,0.9975,15.80,0.30
2007.11.30 07:19:10.788,0.997,0.9975,15.80,0.30
2007.11.30 07:19:11.121,0.997,0.9975,15.80,0.30
2007.11.30 07:19:11.453,0.997,0.9975,15.80,0.30
2007.11.30 07:19:11.785,0.997,0.9975,15.80,0.30
2007.11.30 07:19:12.008,0.997,0.9975,15.80,0.30
2007.11.30 07:19:12.231,0.997,0.9975,13.40,0.30
2007.11.30 07:19:12.453,0.997,0.9975,13.40,0.30
2007.11.30 07:19:12.675,0.997,0.9975,13.40,0.30
2007.11.30 07:19:12.898,0.997,0.9975,13.40,0.30
2007.11.30 07:19:13.199,0.997,0.9975,13.40,0.30
2007.11.30 07:19:13.484,0.997,0.9975,13.40,0.30
2007.11.30 07:19:13.776,0.997,0.9975,15.80,0.30
2007.11.30 07:19:14.070,0.997,0.9975,15.80,0.30
2007.11.30 07:19:14.313,0.997,0.9975,15.80,0.30
2007.11.30 07:19:14.556,0.997,0.9975,15.80,0.30
2007.11.30 07:19:14.798,0.997,0.9975,15.80,0.30
2007.11.30 07:19:15.041,0.997,0.9975,15.80,0.30
2007.11.30 07:19:15.343,0.997,0.9975,15.80,0.30
2007.11.30 07:19:15.646,0.997,0.9975,15.80,0.30
2007.11.30 07:19:15.949,0.997,0.9975,15.80,0.30
2007.11.30 07:19:16.183,0.997,0.9975,15.80,0.30
2007.11.30 07:19:16.416,0.997,0.9975,15.80,0.30
2007.11.30 07:19:16.649,0.997,0.9975,15.80,0.30
2007.11.30 07:19:16.881,0.997,0.9975,15.80,0.30
2007.11.30 07:19:17.113,0.997,0.9975,15.80,0.30
2007.11.30 07:19:17.430,0.997,0.9975,15.80,0.30
2007.11.30 07:19:17.749,0.997,0.9975,15.80,0.30
2007.11.30 07:19:18.066,0.997,0.9975,15.80,0.30
2007.11.30 07:19:18.299,0.997,0.9975,15.80,0.30
2007.11.30 07:19:18.531,0.997,0.9975,15.80,0.30
2007.11.30 07:19:18.764,0.997,0.9975,15.80,0.30
2007.11.30 07:19:18.996,0.997,0.9975,15.80,0.30
2007.11.30 07:19:19.255,0.997,0.9975,15.80,0.30
2007.11.30 07:19:19.513,0.997,0.9975,15.80,0.30
2007.11.30 07:19:19.772,0.997,0.9975,15.80,0.30
2007.11.30 07:19:20.029,0.997,0.9975,15.80,0.30
2007.11.30 07:19:20.273,0.997,0.9975,15.80,0.30
2007.11.30 07:19:20.515,0.997,0.9975,15.80,0.30
2007.11.30 07:19:20.758,0.997,0.9975,15.80,0.30
2007.11.30 07:19:21.000,0.997,0.9975,15.80,0.30
2007.11.30 07:19:21.223,0.997,0.9975,15.80,0.30
2007.11.30 07:19:21.446,0.997,0.9975,15.80,0.30
2007.11.30 07:19:21.668,0.997,0.9975,15.80,0.30
2007.11.30 07:19:21.891,0.997,0.9975,15.80,0.30
2007.11.30 07:19:22.115,0.997,0.9975,15.80,0.30
2007.11.30 07:19:22.400,0.997,0.9975,15.80,0.30
2007.11.30 07:19:22.670,0.997,0.9975,15.80,0.30
2007.11.30 07:19:22.948,0.997,0.9975,15.80,0.30
2007.11.30 07:19:23.067,0.9969,0.9975,31.70,0.30
2007.11.30 07:19:23.233,0.9969,0.9975,31.70,0.30
2007.11.30 07:19:23.510,0.9969,0.9975,31.70,0.30
2007.11.30 07:19:23.787,0.997,0.9975,5.70,0.30
2007.11.30 07:19:24.065,0.9969,0.9975,31.70,0.30
2007.11.30 07:19:24.344,0.9969,0.9975,31.70,0.30
2007.11.30 07:19:24.648,0.997,0.9975,6.60,0.30
2007.11.30 07:19:24.950,0.9969,0.9975,31.70,0.30
2007.11.30 07:19:25.254,0.997,0.9975,5.20,0.30
2007.11.30 07:19:25.498,0.9969,0.9975,31.70,0.30
2007.11.30 07:19:25.741,0.997,0.9975,3.30,0.30
2007.11.30 07:19:25.983,0.9969,0.9975,31.70,0.30
2007.11.30 07:19:26.226,0.997,0.9975,2.40,0.30
2007.11.30 07:19:26.540,0.9969,0.9976,31.70,15.50
2007.11.30 07:19:26.853,0.9969,0.9976,31.70,14.70
2007.11.30 07:19:27.167,0.997,0.9976,2.80,14.70
2007.11.30 07:19:27.410,0.997,0.9976,5.80,14.70
2007.11.30 07:19:27.653,0.997,0.9976,2.30,14.70
2007.11.30 07:19:27.896,0.9969,0.9976,31.70,14.70
2007.11.30 07:19:28.247,0.9969,0.9976,31.70,14.70
2007.11.30 07:19:28.516,0.9969,0.9976,31.70,14.70
2007.11.30 07:19:28.785,0.9969,0.9976,31.70,14.70
2007.11.30 07:19:29.062,0.9969,0.9976,31.70,14.70
2007.11.30 07:19:29.331,0.9969,0.9976,31.70,14.70
2007.11.30 07:19:29.588,0.997,0.9976,7.30,14.70
2007.11.30 07:19:29.853,0.9969,0.9976,31.70,14.70
2007.11.30 07:19:30.103,0.9969,0.9976,31.70,14.70
2007.11.30 07:19:30.361,0.9969,0.9976,31.70,14.70
2007.11.30 07:19:30.630,0.9969,0.9976,31.70,14.70
2007.11.30 07:19:30.897,0.997,0.9976,6.90,14.70
2007.11.30 07:19:31.165,0.9969,0.9976,31.70,14.70
2007.11.30 07:19:31.433,0.9969,0.9976,31.70,14.70
2007.11.30 07:19:31.671,0.997,0.9976,5.90,14.70
2007.11.30 07:19:31.908,0.9969,0.9976,31.70,14.70
2007.11.30 07:19:32.145,0.9969,0.9976,31.70,14.70
2007.11.30 07:19:32.383,0.9969,0.9976,31.70,14.70
2007.11.30 07:19:32.621,0.997,0.9976,8.00,14.70
2007.11.30 07:19:32.953,0.997,0.9976,4.90,14.70
2007.11.30 07:19:33.292,0.997,0.9976,1.00,14.70
2007.11.30 07:19:33.624,0.997,0.9976,1.20,14.70
2007.11.30 07:19:33.855,0.9969,0.9976,31.70,14.70
2007.11.30 07:19:34.085,0.997,0.9976,8.30,14.70
2007.11.30 07:19:34.417,0.997,0.9976,5.40,14.70
2007.11.30 07:19:34.680,0.9969,0.9976,31.70,14.70
2007.11.30 07:19:34.943,0.997,0.9976,5.40,14.70
2007.11.30 07:19:35.206,0.9969,0.9976,31.70,14.70
2007.11.30 07:19:35.469,0.9969,0.9976,31.70,14.70
2007.11.30 07:19:35.778,0.9969,0.9976,31.70,14.70
2007.11.30 07:19:36.088,0.9969,0.9976,31.70,14.70
2007.11.30 07:19:36.396,0.997,0.9976,8.00,14.70
2007.11.30 07:19:36.716,0.9969,0.9976,31.70,14.70
2007.11.30 07:19:36.988,0.9969,0.9976,31.70,14.70
2007.11.30 07:19:37.261,0.997,0.9976,5.00,14.70
2007.11.30 07:19:37.533,0.9969,0.9976,31.70,14.70
2007.11.30 07:19:37.758,0.9969,0.9976,31.70,14.70
2007.11.30 07:19:37.980,0.9969,0.9976,31.70,14.70
2007.11.30 07:19:38.211,0.9969,0.9976,31.70,14.70
2007.11.30 07:19:38.433,0.997,0.9976,7.60,14.70
2007.11.30 07:19:38.762,0.9969,0.9976,31.70,14.70
2007.11.30 07:19:39.090,0.997,0.9976,2.20,14.70
2007.11.30 07:19:39.417,0.9969,0.9976,31.70,14.70
2007.11.30 07:19:39.745,0.997,0.9976,8.30,14.70
2007.11.30 07:19:39.982,0.9969,0.9976,31.70,14.70
2007.11.30 07:19:40.219,0.9969,0.9976,31.70,14.70
2007.11.30 07:19:40.572,0.997,0.9976,2.70,14.70
2007.11.30 07:19:40.789,0.997,0.9976,4.30,14.70
2007.11.30 07:19:41.007,0.997,0.9976,5.60,14.70
2007.11.30 07:19:41.225,0.9969,0.9976,31.70,14.70
2007.11.30 07:19:41.443,0.9969,0.9976,31.70,14.70
2007.11.30 07:19:41.661,0.997,0.9976,1.60,14.70
2007.11.30 07:19:41.878,0.997,0.9976,7.00,14.70
2007.11.30 07:19:42.186,0.9969,0.9976,31.70,14.70
2007.11.30 07:19:42.494,0.9969,0.9976,29.30,14.70
2007.11.30 07:19:42.802,0.997,0.9976,4.50,14.70
2007.11.30 07:19:43.064,0.9969,0.9976,29.30,14.70
2007.11.30 07:19:43.327,0.9969,0.9976,29.30,14.70
2007.11.30 07:19:43.590,0.997,0.9976,5.90,14.70
2007.11.30 07:19:43.853,0.9969,0.9976,27.70,14.70
2007.11.30 07:19:44.112,0.997,0.9976,6.60,14.70
2007.11.30 07:19:44.369,0.9969,0.9976,27.70,14.70
2007.11.30 07:19:44.627,0.9969,0.9976,27.70,14.70
2007.11.30 07:19:44.885,0.99695,0.9976,15.80,14.70
2007.11.30 07:19:45.134,0.99695,0.99755,12.80,4.00
2007.11.30 07:19:45.383,0.9969,0.99755,10.40,7.40
2007.11.30 07:19:45.631,0.9969,0.99755,1.20,7.40
2007.11.30 07:19:45.879,0.9969,0.99755,0.90,7.40
2007.11.30 07:19:46.161,0.9969,0.99755,2.30,11.40
2007.11.30 07:19:46.444,0.9969,0.99755,0.60,11.40
2007.11.30 07:19:46.747,0.9969,0.99755,1.40,11.40
2007.11.30 07:19:46.966,0.9969,0.99755,3.40,11.40
2007.11.30 07:19:47.184,0.99685,0.99755,11.20,11.40
2007.11.30 07:19:47.403,0.99685,0.99755,11.20,11.40
2007.11.30 07:19:47.621,0.9969,0.99755,0.80,11.40
2007.11.30 07:19:47.839,0.9969,0.99755,1.10,11.40
2007.11.30 07:19:48.181,0.99685,0.99755,11.20,11.40
2007.11.30 07:19:48.514,0.99685,0.99755,11.20,11.40
2007.11.30 07:19:48.847,0.9969,0.99755,1.20,11.40
2007.11.30 07:19:49.051,0.99685,0.99755,11.20,11.40
2007.11.30 07:19:49.250,0.99685,0.99755,11.20,11.40
2007.11.30 07:19:49.448,0.9969,0.99755,0.80,11.40
2007.11.30 07:19:49.645,0.99685,0.99755,11.20,11.40
2007.11.30 07:19:49.843,0.9969,0.99755,3.80,11.40
2007.11.30 07:19:50.176,0.99685,0.99755,11.20,11.40
2007.11.30 07:19:50.509,0.99685,0.99755,11.20,11.40
2007.11.30 07:19:50.842,0.9969,0.99755,0.60,11.40
2007.11.30 07:19:51.174,0.99695,0.99755,9.60,0.60
2007.11.30 07:19:51.403,0.997,0.9976,0.50,0.50
2007.11.30 07:19:51.637,0.99695,0.9976,15.80,0.50
2007.11.30 07:19:51.858,0.99695,0.9976,15.80,0.50
2007.11.30 07:19:52.132,0.997,0.9976,4.00,0.50
2007.11.30 07:19:52.405,0.997,0.9976,8.00,0.50
2007.11.30 07:19:52.678,0.997,0.9976,8.00,0.50
2007.11.30 07:19:52.951,0.997,0.9976,8.00,0.50
2007.11.30 07:19:53.183,0.997,0.9976,8.00,0.50
2007.11.30 07:19:53.416,0.997,0.9976,8.00,0.50
2007.11.30 07:19:53.656,0.997,0.9976,8.00,0.50
2007.11.30 07:19:53.888,0.997,0.9976,8.00,0.50
2007.11.30 07:19:54.121,0.997,0.9976,8.00,0.50
2007.11.30 07:19:54.425,0.997,0.9976,8.00,0.50
2007.11.30 07:19:54.727,0.997,0.9976,8.00,0.50
2007.11.30 07:19:55.030,0.997,0.9976,8.00,0.50
2007.11.30 07:19:55.272,0.997,0.9976,8.00,0.50
2007.11.30 07:19:55.515,0.997,0.9976,8.00,0.50
2007.11.30 07:19:55.757,0.997,0.9976,8.00,0.50
2007.11.30 07:19:56.000,0.997,0.9976,8.00,0.50
2007.11.30 07:19:56.248,0.997,0.9976,8.00,0.50
2007.11.30 07:19:56.496,0.997,0.9976,8.00,0.50
2007.11.30 07:19:56.744,0.997,0.9976,8.00,0.50
2007.11.30 07:19:56.991,0.997,0.9976,8.00,0.50
2007.11.30 07:19:57.229,0.997,0.9976,8.00,0.50
2007.11.30 07:19:57.467,0.997,0.9976,8.00,0.50
2007.11.30 07:19:57.705,0.997,0.9976,8.00,0.50
2007.11.30 07:19:57.943,0.997,0.9976,8.00,0.50
2007.11.30 07:19:58.180,0.997,0.9976,8.00,0.50
2007.11.30 07:19:58.493,0.997,0.9976,8.00,0.50
2007.11.30 07:19:58.806,0.997,0.9976,8.00,0.50
2007.11.30 07:19:59.118,0.997,0.9976,8.00,0.50
2007.11.30 07:19:59.311,0.997,0.9976,8.00,0.50
2007.11.30 07:19:59.504,0.997,0.9976,8.00,0.50
2007.11.30 07:19:59.697,0.997,0.9976,8.00,0.50
2007.11.30 07:19:59.890,0.997,0.9976,8.00,0.50
2007.11.30 07:20:00.090,0.997,0.9976,8.00,0.50
2007.11.30 07:20:00.142,0.99695,0.9976,19.80,0.50
2007.11.30 07:20:00.424,0.99695,0.9976,19.80,0.50
2007.11.30 07:20:00.756,0.99695,0.9976,19.80,0.50
2007.11.30 07:20:01.089,0.99695,0.9976,19.80,0.50
2007.11.30 07:20:01.306,0.997,0.9976,8.00,0.50
2007.11.30 07:20:01.524,0.997,0.9976,8.00,0.50
2007.11.30 07:20:01.742,0.997,0.9976,8.00,0.50
2007.11.30 07:20:01.960,0.997,0.9976,8.00,0.50
2007.11.30 07:20:02.179,0.997,0.9976,8.00,0.50
2007.11.30 07:20:02.512,0.997,0.9976,8.00,0.50
2007.11.30 07:20:02.845,0.997,0.9976,8.00,0.50
2007.11.30 07:20:03.179,0.997,0.9976,8.00,0.50
2007.11.30 07:20:03.397,0.997,0.9976,8.00,0.50
2007.11.30 07:20:03.615,0.997,0.9976,8.00,0.50
2007.11.30 07:20:03.832,0.997,0.9976,8.00,0.50
2007.11.30 07:20:04.050,0.997,0.9976,8.00,0.50
2007.11.30 07:20:04.268,0.997,0.9976,8.00,0.50
2007.11.30 07:20:04.546,0.997,0.9976,8.00,0.50
2007.11.30 07:20:04.824,0.997,0.9976,8.00,0.50
2007.11.30 07:20:05.239,0.997,0.9976,8.00,0.50
2007.11.30 07:20:05.422,0.997,0.9976,8.00,0.50
2007.11.30 07:20:05.605,0.997,0.9976,8.00,0.50
2007.11.30 07:20:05.788,0.997,0.9976,8.00,0.50
2007.11.30 07:20:05.971,0.997,0.9976,8.00,0.50
2007.11.30 07:20:06.154,0.997,0.9976,8.00,0.50
2007.11.30 07:20:06.336,0.997,0.9976,8.00,0.50
2007.11.30 07:20:06.669,0.997,0.9976,8.00,0.50
2007.11.30 07:20:07.003,0.997,0.9976,8.00,0.50
2007.11.30 07:20:07.335,0.997,0.9976,8.00,0.50
2007.11.30 07:20:07.515,0.997,0.9976,8.00,0.50
2007.11.30 07:20:07.688,0.997,0.9976,8.00,0.50
2007.11.30 07:20:07.873,0.997,0.9976,8.00,0.50
2007.11.30 07:20:08.033,0.997,0.9976,8.00,0.50
2007.11.30 07:20:08.207,0.997,0.9976,8.00,0.50
2007.11.30 07:20:08.380,0.997,0.9976,8.00,0.50
2007.11.30 07:20:08.714,0.997,0.9976,8.00,0.50
2007.11.30 07:20:09.048,0.997,0.9976,8.00,0.50
2007.11.30 07:20:09.381,0.997,0.9976,8.00,0.50
2007.11.30 07:20:09.588,0.997,0.9976,8.00,0.50
2007.11.30 07:20:09.796,0.997,0.9976,8.00,0.50
2007.11.30 07:20:10.004,0.997,0.9976,8.00,0.50
2007.11.30 07:20:10.212,0.997,0.9976,8.00,0.50
2007.11.30 07:20:10.419,0.997,0.9976,8.00,0.50
2007.11.30 07:20:10.708,0.997,0.9976,8.00,0.50
2007.11.30 07:20:10.997,0.997,0.9976,8.00,0.50
2007.11.30 07:20:11.409,0.997,0.9976,8.00,0.50
2007.11.30 07:20:11.580,0.997,0.9976,8.00,0.50
2007.11.30 07:20:11.752,0.997,0.9976,8.00,0.50
2007.11.30 07:20:11.926,0.997,0.9976,8.00,0.50
2007.11.30 07:20:12.099,0.997,0.9976,8.00,0.50
2007.11.30 07:20:12.272,0.997,0.9976,4.00,0.50
2007.11.30 07:20:12.444,0.997,0.9976,4.00,0.50
2007.11.30 07:20:12.778,0.997,0.9976,4.00,0.50
2007.11.30 07:20:13.111,0.997,0.9976,4.00,0.50
2007.11.30 07:20:13.444,0.997,0.9976,4.00,0.50
2007.11.30 07:20:13.667,0.997,0.9976,4.00,0.50
2007.11.30 07:20:13.890,0.997,0.9976,4.00,0.50
2007.11.30 07:20:14.114,0.997,0.9976,4.00,0.50
2007.11.30 07:20:14.339,0.997,0.9976,4.00,0.50
2007.11.30 07:20:14.563,0.997,0.9976,4.00,0.50
2007.11.30 07:20:14.875,0.997,0.9976,4.00,0.50
2007.11.30 07:20:15.189,0.997,0.9976,12.60,14.70
2007.11.30 07:20:15.500,0.997,0.9976,12.60,14.70
2007.11.30 07:20:15.729,0.997,0.9976,12.60,14.70
2007.11.30 07:20:15.957,0.997,0.9976,12.60,14.70
2007.11.30 07:20:16.184,0.997,0.9976,12.60,14.70
2007.11.30 07:20:16.412,0.997,0.9976,12.60,14.70
2007.11.30 07:20:16.639,0.997,0.9976,12.60,14.70
2007.11.30 07:20:16.973,0.997,0.9976,12.60,14.70
2007.11.30 07:20:17.305,0.997,0.9976,12.60,14.70
2007.11.30 07:20:17.639,0.997,0.9976,12.60,14.70
2007.11.30 07:20:17.836,0.997,0.9976,12.60,14.70
2007.11.30 07:20:18.034,0.997,0.9976,12.60,14.70
2007.11.30 07:20:18.231,0.997,0.9976,12.60,14.70
2007.11.30 07:20:18.432,0.997,0.9976,12.60,14.70
2007.11.30 07:20:18.629,0.997,0.9976,12.60,14.70
2007.11.30 07:20:18.960,0.997,0.9976,12.60,14.70
2007.11.30 07:20:19.294,0.997,0.9976,12.60,14.70
2007.11.30 07:20:19.627,0.997,0.9976,12.60,14.70
2007.11.30 07:20:19.860,0.997,0.9976,12.60,14.70
2007.11.30 07:20:20.093,0.997,0.9976,12.60,14.70
2007.11.30 07:20:20.326,0.997,0.9976,10.20,14.70
2007.11.30 07:20:20.559,0.997,0.9976,10.20,14.70
2007.11.30 07:20:20.568,0.99695,0.9976,17.40,14.70
2007.11.30 07:20:20.791,0.99695,0.9976,17.40,14.70
2007.11.30 07:20:21.125,0.99695,0.9976,17.40,14.70
2007.11.30 07:20:21.458,0.997,0.9976,1.70,14.70
2007.11.30 07:20:21.791,0.997,0.9976,0.90,14.70
2007.11.30 07:20:22.013,0.997,0.9976,4.10,14.70
2007.11.30 07:20:22.236,0.99695,0.9976,16.60,14.70
2007.11.30 07:20:22.465,0.99695,0.9976,16.60,14.70
2007.11.30 07:20:22.681,0.99695,0.9976,16.60,14.70
2007.11.30 07:20:22.929,0.99695,0.9976,16.60,14.70
2007.11.30 07:20:23.177,0.99695,0.9976,16.60,14.70
2007.11.30 07:20:23.425,0.99695,0.9976,16.60,14.70
2007.11.30 07:20:23.733,0.997,0.9976,3.60,14.70
2007.11.30 07:20:23.971,0.9969,0.9976,32.50,14.70
2007.11.30 07:20:24.208,0.9969,0.9976,32.50,14.70
2007.11.30 07:20:24.445,0.9969,0.9976,32.50,14.70
2007.11.30 07:20:24.682,0.997,0.9976,4.60,14.70
2007.11.30 07:20:24.919,0.997,0.9976,7.60,14.70
2007.11.30 07:20:25.236,0.9969,0.9976,32.50,14.70
2007.11.30 07:20:25.554,0.9969,0.9976,32.50,14.70
2007.11.30 07:20:25.871,0.997,0.9976,2.60,14.70
2007.11.30 07:20:26.108,0.9969,0.9976,32.50,14.70
2007.11.30 07:20:26.345,0.997,0.9976,2.30,14.70
2007.11.30 07:20:26.582,0.997,0.9976,5.90,14.70
2007.11.30 07:20:26.819,0.9969,0.9976,32.50,14.70
2007.11.30 07:20:27.126,0.9969,0.9976,32.50,14.70
2007.11.30 07:20:27.434,0.997,0.9976,7.90,14.70
2007.11.30 07:20:27.742,0.9969,0.9976,32.50,14.70
2007.11.30 07:20:28.049,0.9969,0.9976,32.50,14.70
2007.11.30 07:20:28.341,0.99695,0.9976,16.60,14.70
2007.11.30 07:20:28.634,0.997,0.9976,4.50,14.70
2007.11.30 07:20:28.927,0.99695,0.9976,16.60,14.70
2007.11.30 07:20:29.160,0.997,0.9976,4.60,14.70
2007.11.30 07:20:29.391,0.99695,0.9976,16.60,14.70
2007.11.30 07:20:29.624,0.99695,0.9976,16.60,14.70
2007.11.30 07:20:29.912,0.997,0.9976,2.70,14.70
2007.11.30 07:20:30.202,0.99695,0.9976,16.60,14.70
2007.11.30 07:20:30.477,0.99695,0.9976,16.60,14.70
2007.11.30 07:20:30.759,0.99695,0.9976,16.60,14.70
2007.11.30 07:20:31.042,0.997,0.9976,5.20,14.70
2007.11.30 07:20:31.300,0.997,0.9976,3.50,14.70
2007.11.30 07:20:31.566,0.99695,0.9976,16.60,14.70
2007.11.30 07:20:31.823,0.997,0.9976,1.90,14.70
2007.11.30 07:20:32.081,0.99695,0.9976,16.60,14.70
2007.11.30 07:20:32.359,0.99695,0.9976,16.60,14.70
2007.11.30 07:20:32.631,0.99695,0.9976,16.60,14.70
2007.11.30 07:20:32.903,0.99695,0.9976,16.60,14.70
2007.11.30 07:20:33.176,0.997,0.9976,5.20,14.70
2007.11.30 07:20:33.429,0.99695,0.9976,16.60,14.70
2007.11.30 07:20:33.682,0.997,0.9976,2.10,14.70
2007.11.30 07:20:33.935,0.997,0.9976,4.00,14.70
2007.11.30 07:20:34.188,0.997,0.9976,5.70,14.70
2007.11.30 07:20:34.421,0.99695,0.9976,16.60,14.70
2007.11.30 07:20:34.654,0.99695,0.9976,16.60,14.70
2007.11.30 07:20:34.886,0.997,0.9976,3.10,14.70
2007.11.30 07:20:35.119,0.99695,0.9976,16.60,14.70
2007.11.30 07:20:35.386,0.997,0.9976,5.00,14.70
2007.11.30 07:20:35.654,0.99695,0.9976,16.60,14.70
2007.11.30 07:20:36.076,0.997,0.9976,3.30,14.70
2007.11.30 07:20:36.343,0.99695,0.9976,16.60,14.70
2007.11.30 07:20:36.595,0.99695,0.9976,16.60,14.70
2007.11.30 07:20:36.848,0.99695,0.9976,16.60,14.70
2007.11.30 07:20:37.101,0.99695,0.9976,16.60,14.70
2007.11.30 07:20:37.360,0.997,0.9976,1.50,14.70
2007.11.30 07:20:37.587,0.99695,0.9976,16.60,14.70
2007.11.30 07:20:37.820,0.99695,0.9976,16.60,14.70
2007.11.30 07:20:38.053,0.99695,0.9976,16.60,14.70
2007.11.30 07:20:38.286,0.99695,0.9976,16.60,14.70
2007.11.30 07:20:38.516,0.99695,0.9976,16.60,14.70
2007.11.30 07:20:38.743,0.997,0.9976,3.70,14.70
2007.11.30 07:20:38.972,0.99695,0.9976,16.60,14.70
2007.11.30 07:20:39.206,0.997,0.9976,5.10,14.70
2007.11.30 07:20:39.478,0.997,0.9976,2.10,14.70
2007.11.30 07:20:39.750,0.997,0.9976,4.50,14.70
2007.11.30 07:20:40.023,0.99695,0.9976,16.60,14.70
2007.11.30 07:20:40.296,0.99695,0.9976,16.60,14.70
2007.11.30 07:20:40.534,0.997,0.9976,1.40,14.70
2007.11.30 07:20:40.771,0.99695,0.9976,16.60,14.70
2007.11.30 07:20:41.009,0.99695,0.9976,16.60,14.70
2007.11.30 07:20:41.248,0.997,0.9974,1.30,2.40
2007.11.30 07:20:41.487,0.99695,0.9974,8.60,5.40
2007.11.30 07:20:41.775,0.997,0.9974,1.50,5.40
2007.11.30 07:20:42.063,0.99695,0.9974,6.30,0.50
2007.11.30 07:20:42.351,0.99695,0.9974,5.70,0.50
2007.11.30 07:20:42.561,0.997,0.9974,0.10,0.50
2007.11.30 07:20:42.769,0.997,0.9974,0.10,0.50
2007.11.30 07:20:42.985,0.99695,0.9974,5.70,0.50
2007.11.30 07:20:43.193,0.99695,0.9974,5.70,0.50
2007.11.30 07:20:43.400,0.997,0.9974,0.10,0.50
2007.11.30 07:20:43.723,0.997,0.9974,0.10,0.50
2007.11.30 07:20:44.037,0.997,0.9974,0.10,0.50
2007.11.30 07:20:44.352,0.997,0.9974,0.10,0.50
2007.11.30 07:20:44.570,0.99695,0.9974,5.70,0.50
2007.11.30 07:20:44.797,0.997,0.9974,0.10,0.50
2007.11.30 07:20:45.005,0.997,0.9974,0.10,0.50
2007.11.30 07:20:45.223,0.99695,0.9974,5.70,0.50
2007.11.30 07:20:45.441,0.99695,0.9974,5.70,0.50
2007.11.30 07:20:45.673,0.99695,0.9974,5.70,0.50
2007.11.30 07:20:45.906,0.997,0.9974,0.10,0.50
2007.11.30 07:20:46.139,0.99695,0.9974,5.70,0.50
2007.11.30 07:20:46.380,0.99695,0.9974,5.70,0.50
2007.11.30 07:20:46.605,0.99695,0.9974,5.70,0.50
2007.11.30 07:20:46.843,0.997,0.9974,0.10,0.50
2007.11.30 07:20:47.081,0.997,0.9974,0.10,0.50
2007.11.30 07:20:47.319,0.997,0.9974,0.10,0.50
2007.11.30 07:20:47.557,0.99695,0.9974,5.70,0.50
2007.11.30 07:20:47.735,0.99695,0.9974,5.70,0.50
2007.11.30 07:20:47.913,0.99695,0.9974,5.70,0.50
2007.11.30 07:20:48.091,0.997,0.9974,0.10,0.50
2007.11.30 07:20:48.419,0.997,0.9974,0.10,0.50
2007.11.30 07:20:48.596,0.997,0.9974,0.10,0.50
2007.11.30 07:20:48.774,0.997,0.9974,0.10,0.50
2007.11.30 07:20:49.002,0.997,0.9974,0.10,0.50
2007.11.30 07:20:49.229,0.99695,0.9974,5.70,0.50
2007.11.30 07:20:49.458,0.997,0.9974,0.10,0.50
2007.11.30 07:20:49.685,0.997,0.9974,0.10,0.50
2007.11.30 07:20:49.913,0.997,0.9974,0.10,0.50
2007.11.30 07:20:50.181,0.997,0.9974,0.10,0.50
2007.11.30 07:20:50.447,0.997,0.9974,0.10,0.50
2007.11.30 07:20:50.715,0.997,0.9974,0.10,0.50
2007.11.30 07:20:50.983,0.997,0.9974,0.10,0.50
2007.11.30 07:20:51.166,0.997,0.9974,0.10,0.50
2007.11.30 07:20:51.349,0.997,0.9974,0.10,0.50
2007.11.30 07:20:51.532,0.997,0.9974,0.10,0.50
2007.11.30 07:20:51.715,0.997,0.9974,0.10,0.50
2007.11.30 07:20:51.900,0.997,0.9974,0.10,0.50
2007.11.30 07:20:52.177,0.997,0.9974,0.10,0.50
2007.11.30 07:20:52.454,0.997,0.9974,0.10,0.50
2007.11.30 07:20:52.732,0.997,0.9974,0.10,0.50
2007.11.30 07:20:53.009,0.997,0.9974,0.10,0.50
2007.11.30 07:20:53.243,0.997,0.9974,0.10,0.50
2007.11.30 07:20:53.475,0.997,0.9974,0.10,0.50
2007.11.30 07:20:53.707,0.997,0.9974,0.10,0.50
2007.11.30 07:20:53.940,0.997,0.9974,0.10,0.50
2007.11.30 07:20:54.212,0.997,0.9974,0.10,0.50
2007.11.30 07:20:54.586,0.997,0.9974,0.10,0.50
2007.11.30 07:20:54.860,0.997,0.9974,0.10,0.50
2007.11.30 07:20:55.130,0.997,0.9974,0.10,0.50
2007.11.30 07:20:55.398,0.997,0.9974,0.10,0.50
2007.11.30 07:20:55.666,0.997,0.9974,0.10,0.50
2007.11.30 07:20:55.933,0.997,0.9974,0.10,0.50
2007.11.30 07:20:56.211,0.997,0.9974,0.10,0.50
2007.11.30 07:20:56.489,0.997,0.9974,0.10,0.50
2007.11.30 07:20:56.767,0.997,0.9974,0.10,0.50
2007.11.30 07:20:57.045,0.997,0.9974,0.10,0.50
2007.11.30 07:20:57.288,0.997,0.9974,0.10,0.50
2007.11.30 07:20:57.531,0.997,0.9974,0.10,0.50
2007.11.30 07:20:57.774,0.997,0.9974,0.10,0.50
2007.11.30 07:20:58.017,0.997,0.9974,0.10,0.50
2007.11.30 07:20:58.269,0.997,0.9974,0.10,0.50
2007.11.30 07:20:58.522,0.997,0.9974,0.10,0.50
2007.11.30 07:20:58.775,0.997,0.9974,0.10,0.50
2007.11.30 07:20:59.027,0.997,0.9974,0.10,0.50
2007.11.30 07:20:59.285,0.997,0.9974,0.10,0.50
2007.11.30 07:20:59.543,0.997,0.9974,0.10,0.50
2007.11.30 07:20:59.801,0.997,0.9974,0.10,0.50
2007.11.30 07:21:00.059,0.997,0.9974,0.10,0.50
2007.11.30 07:21:00.312,0.997,0.9974,0.10,0.50
2007.11.30 07:21:00.567,0.997,0.9974,0.10,0.50
2007.11.30 07:21:00.820,0.997,0.9974,0.10,0.50
2007.11.30 07:21:00.960,0.997,0.99745,0.10,11.10
2007.11.30 07:21:01.073,0.997,0.9974,0.10,0.50
2007.11.30 07:21:01.356,0.997,0.99745,0.10,11.10
2007.11.30 07:21:01.639,0.997,0.99745,0.10,11.10
2007.11.30 07:21:01.922,0.997,0.99745,0.10,11.10
2007.11.30 07:21:02.205,0.997,0.99745,0.10,11.10
2007.11.30 07:21:02.403,0.997,0.9974,0.10,0.50
2007.11.30 07:21:02.601,0.997,0.9974,0.10,0.50
2007.11.30 07:21:02.809,0.997,0.9974,0.10,0.50
2007.11.30 07:21:03.006,0.997,0.99745,0.10,11.10
2007.11.30 07:21:03.204,0.997,0.99745,0.10,11.10
2007.11.30 07:21:03.537,0.997,0.9974,0.10,0.50
2007.11.30 07:21:03.870,0.997,0.99745,0.10,11.10
2007.11.30 07:21:04.203,0.997,0.99745,0.10,11.10
2007.11.30 07:21:04.430,0.997,0.9974,0.10,0.50
2007.11.30 07:21:04.659,0.997,0.9974,0.10,0.50
2007.11.30 07:21:04.887,0.997,0.9974,0.10,0.50
2007.11.30 07:21:05.116,0.997,0.99745,0.10,11.10
2007.11.30 07:21:05.387,0.997,0.99745,0.10,11.10
2007.11.30 07:21:05.657,0.997,0.99745,0.10,11.10
2007.11.30 07:21:05.926,0.997,0.99745,0.10,11.10
2007.11.30 07:21:06.195,0.997,0.9974,0.10,0.50
2007.11.30 07:21:06.452,0.997,0.99745,0.10,11.10
2007.11.30 07:21:06.710,0.997,0.99745,0.10,11.10
2007.11.30 07:21:06.968,0.997,0.99745,0.10,11.10
2007.11.30 07:21:07.226,0.997,0.99745,0.10,11.10
2007.11.30 07:21:07.424,0.997,0.9974,0.10,0.50
2007.11.30 07:21:07.622,0.997,0.99745,0.10,11.10
2007.11.30 07:21:07.819,0.997,0.99745,0.10,11.10
2007.11.30 07:21:08.019,0.997,0.99745,0.10,11.10
2007.11.30 07:21:08.216,0.997,0.99745,0.10,11.10
2007.11.30 07:21:08.495,0.997,0.99745,0.10,11.10
2007.11.30 07:21:08.778,0.997,0.99745,0.10,11.10
2007.11.30 07:21:09.051,0.997,0.99745,0.10,11.10
2007.11.30 07:21:09.333,0.997,0.99745,0.10,11.10
2007.11.30 07:21:09.556,0.997,0.99745,0.10,11.10
2007.11.30 07:21:09.779,0.997,0.99745,0.10,11.10
2007.11.30 07:21:10.001,0.997,0.9974,0.10,0.50
2007.11.30 07:21:10.225,0.997,0.99745,0.10,11.10
2007.11.30 07:21:10.478,0.997,0.9974,0.10,0.50
2007.11.30 07:21:10.730,0.997,0.99745,0.10,11.10
2007.11.30 07:21:10.983,0.997,0.99745,0.10,11.10
2007.11.30 07:21:11.236,0.997,0.99745,0.10,11.10
2007.11.30 07:21:11.460,0.997,0.99745,0.10,6.30
2007.11.30 07:21:11.684,0.997,0.99745,0.10,6.30
2007.11.30 07:21:11.907,0.997,0.99745,0.10,6.30
2007.11.30 07:21:12.129,0.997,0.9975,2.40,35.60
2007.11.30 07:21:12.351,0.997,0.9974,2.40,0.80
2007.11.30 07:21:12.645,0.9969,0.99755,8.00,7.40
2007.11.30 07:21:13.076,0.9969,0.9975,8.00,0.60
2007.11.30 07:21:13.363,0.9969,0.99755,8.00,7.40
2007.11.30 07:21:13.650,0.9969,0.9975,8.00,0.90
2007.11.30 07:21:13.858,0.9969,0.9975,8.00,0.80
2007.11.30 07:21:14.065,0.9969,0.9975,8.00,0.60
2007.11.30 07:21:14.273,0.9969,0.99755,8.00,7.40
2007.11.30 07:21:14.481,0.9969,0.9975,8.00,0.50
2007.11.30 07:21:14.808,0.9969,0.9975,4.00,0.90
2007.11.30 07:21:15.136,0.9969,0.9975,4.00,0.80
2007.11.30 07:21:15.463,0.9969,0.99755,4.00,7.40
2007.11.30 07:21:15.681,0.9969,0.9975,4.00,0.80
2007.11.30 07:21:15.898,0.9969,0.99755,4.00,7.40
2007.11.30 07:21:16.116,0.9969,0.9975,4.00,0.50
2007.11.30 07:21:16.334,0.9969,0.9975,4.00,0.90
2007.11.30 07:21:16.552,0.9969,0.9975,4.00,0.90
2007.11.30 07:21:16.824,0.9969,0.99755,4.00,7.40
2007.11.30 07:21:17.097,0.9969,0.9975,4.00,0.80
2007.11.30 07:21:17.370,0.9969,0.99755,4.00,7.40
2007.11.30 07:21:17.643,0.9969,0.9975,4.00,0.60
2007.11.30 07:21:17.865,0.9969,0.9975,4.00,0.80
2007.11.30 07:21:18.088,0.9969,0.9975,4.00,0.80
2007.11.30 07:21:18.317,0.9969,0.9975,4.00,0.50
2007.11.30 07:21:18.533,0.9969,0.99755,4.00,7.40
2007.11.30 07:21:18.826,0.9969,0.99755,4.00,7.40
2007.11.30 07:21:19.246,0.99685,0.99755,8.00,7.40
2007.11.30 07:21:19.540,0.99685,0.99755,8.00,7.40
2007.11.30 07:21:19.832,0.99685,0.99755,8.00,7.40
2007.11.30 07:21:20.024,0.99685,0.99755,8.00,7.40
2007.11.30 07:21:20.217,0.9969,0.9975,0.70,0.50
2007.11.30 07:21:20.409,0.99685,0.99755,8.00,7.40
2007.11.30 07:21:20.601,0.99685,0.99755,8.00,7.40
2007.11.30 07:21:20.904,0.99685,0.99755,8.00,7.40
2007.11.30 07:21:21.207,0.99685,0.99755,8.00,7.40
2007.11.30 07:21:21.511,0.99685,0.99755,8.00,7.40
2007.11.30 07:21:21.816,0.9968,0.99755,8.80,7.40
2007.11.30 07:21:22.054,0.9968,0.99755,8.80,7.40
2007.11.30 07:21:22.292,0.9969,0.9975,0.70,0.90
2007.11.30 07:21:22.529,0.9969,0.9975,0.80,0.80
2007.11.30 07:21:22.767,0.9969,0.9975,0.60,0.80
2007.11.30 07:21:23.040,0.9969,0.9975,0.50,0.60
2007.11.30 07:21:23.313,0.9969,0.9975,0.80,0.70
2007.11.30 07:21:23.585,0.99685,0.99755,8.00,7.40
2007.11.30 07:21:23.858,0.99685,0.99755,8.00,7.40
2007.11.30 07:21:24.145,0.99685,0.99755,8.00,7.40
2007.11.30 07:21:24.432,0.99685,0.99755,8.00,7.40
2007.11.30 07:21:24.719,0.9969,0.9975,0.80,0.80
2007.11.30 07:21:24.978,0.9969,0.9975,0.90,0.90
2007.11.30 07:21:25.235,0.9969,0.9975,0.80,0.70
2007.11.30 07:21:25.493,0.9969,0.9975,0.90,0.80
2007.11.30 07:21:25.752,0.9969,0.9975,0.50,0.70
2007.11.30 07:21:25.985,0.9969,0.9975,0.50,0.90
2007.11.30 07:21:26.217,0.99685,0.99755,8.00,7.40
2007.11.30 07:21:26.449,0.9969,0.9975,0.50,0.90
2007.11.30 07:21:26.688,0.9969,0.9975,0.60,0.90
2007.11.30 07:21:26.915,0.99685,0.99755,8.00,7.40
2007.11.30 07:21:27.247,0.99685,0.99755,8.00,7.40
2007.11.30 07:21:27.579,0.99685,0.99755,8.00,7.40
2007.11.30 07:21:27.912,0.99685,0.99755,8.00,7.40
2007.11.30 07:21:28.136,0.99685,0.99755,8.00,7.40
2007.11.30 07:21:28.358,0.99685,0.99755,8.00,7.40
2007.11.30 07:21:28.581,0.9969,0.9975,1.20,4.00
2007.11.30 07:21:28.803,0.99685,0.9975,8.00,4.00
2007.11.30 07:21:29.051,0.9969,0.9974,18.80,5.40
2007.11.30 07:21:29.299,0.997,0.9974,1.90,5.40
2007.11.30 07:21:29.547,0.997,0.9974,1.50,5.40
2007.11.30 07:21:29.794,0.9969,0.9974,18.80,5.40
2007.11.30 07:21:30.082,0.997,0.9974,1.20,5.40
2007.11.30 07:21:30.370,0.997,0.9974,1.90,5.40
2007.11.30 07:21:30.658,0.9969,0.9974,18.80,5.40
2007.11.30 07:21:30.945,0.9969,0.9974,18.80,5.40
2007.11.30 07:21:31.154,0.997,0.9974,1.00,5.40
2007.11.30 07:21:31.362,0.9969,0.9974,18.80,5.40
2007.11.30 07:21:31.592,0.9969,0.9974,18.80,5.40
2007.11.30 07:21:31.818,0.997,0.9974,0.50,5.40
2007.11.30 07:21:32.021,0.99695,0.9974,6.20,5.40
2007.11.30 07:21:32.323,0.99695,0.9974,6.20,5.40
2007.11.30 07:21:32.630,0.997,0.9974,1.90,5.40
2007.11.30 07:21:32.932,0.997,0.9974,1.70,5.40
2007.11.30 07:21:33.165,0.997,0.9974,1.50,5.40
2007.11.30 07:21:33.399,0.997,0.9974,1.40,5.40
2007.11.30 07:21:33.631,0.99695,0.9974,6.20,5.40
2007.11.30 07:21:33.865,0.99695,0.9974,6.20,5.40
2007.11.30 07:21:34.105,0.997,0.9974,1.80,5.40
2007.11.30 07:21:34.438,0.99695,0.9974,6.20,5.40
2007.11.30 07:21:34.771,0.99695,0.9974,6.20,5.40
2007.11.30 07:21:35.110,0.997,0.9974,1.90,5.40
2007.11.30 07:21:35.314,0.997,0.9974,1.00,5.40
2007.11.30 07:21:35.516,0.997,0.9974,1.40,5.40
2007.11.30 07:21:35.719,0.997,0.9974,1.80,5.40
2007.11.30 07:21:35.922,0.99695,0.9974,6.20,5.40
2007.11.30 07:21:36.124,0.99695,0.9974,6.20,5.40
2007.11.30 07:21:36.436,0.997,0.9974,0.60,5.40
2007.11.30 07:21:36.750,0.99695,0.9974,6.20,5.40
2007.11.30 07:21:37.062,0.99695,0.9974,6.20,5.40
2007.11.30 07:21:37.290,0.997,0.9974,0.80,5.40
2007.11.30 07:21:37.518,0.997,0.9974,1.70,5.40
2007.11.30 07:21:37.761,0.99695,0.9974,6.20,5.40
2007.11.30 07:21:37.989,0.99695,0.9974,6.20,5.40
2007.11.30 07:21:38.217,0.997,0.9974,1.40,5.40
2007.11.30 07:21:38.510,0.997,0.9974,1.20,5.40
2007.11.30 07:21:38.803,0.99695,0.9974,6.20,5.40
2007.11.30 07:21:39.096,0.99695,0.9974,6.20,5.40
2007.11.30 07:21:39.314,0.99695,0.9974,6.20,5.40
2007.11.30 07:21:39.533,0.997,0.9974,1.00,5.40
2007.11.30 07:21:39.758,0.9969,0.9974,7.00,0.50
2007.11.30 07:21:39.978,0.99695,0.9974,1.50,0.50
2007.11.30 07:21:40.196,0.99685,0.9974,3.00,0.50
2007.11.30 07:21:40.519,0.99695,0.9974,0.60,0.50
2007.11.30 07:21:40.842,0.99685,0.9974,3.00,0.50
2007.11.30 07:21:41.173,0.99685,0.9974,3.00,0.50
2007.11.30 07:21:41.377,0.99695,0.9974,0.60,0.50
2007.11.30 07:21:41.579,0.99695,0.9974,0.60,0.50
2007.11.30 07:21:41.782,0.99685,0.9974,3.00,0.50
2007.11.30 07:21:41.987,0.99695,0.9974,0.60,0.50
2007.11.30 07:21:42.190,0.99685,0.9974,3.00,0.50
2007.11.30 07:21:42.522,0.99685,0.9974,3.00,0.50
2007.11.30 07:21:42.855,0.99695,0.9974,0.60,0.50
2007.11.30 07:21:43.196,0.99695,0.9974,0.60,0.50
2007.11.30 07:21:43.409,0.99685,0.9974,3.00,0.50
2007.11.30 07:21:43.622,0.99685,0.9974,3.00,0.50
2007.11.30 07:21:43.930,0.99695,0.9974,0.60,0.50
2007.11.30 07:21:44.143,0.99685,0.9974,3.00,0.50
2007.11.30 07:21:44.357,0.99695,0.9974,0.60,0.50
2007.11.30 07:21:44.658,0.99685,0.9974,3.00,0.50
2007.11.30 07:21:44.964,0.99695,0.9974,0.60,0.50
2007.11.30 07:21:45.250,0.99695,0.9974,0.60,0.50
2007.11.30 07:21:45.524,0.99685,0.9974,3.00,0.50
2007.11.30 07:21:45.805,0.99685,0.9974,3.00,0.50
2007.11.30 07:21:46.072,0.99685,0.9974,3.00,0.50
2007.11.30 07:21:46.345,0.99695,0.9974,0.60,0.50
2007.11.30 07:21:46.629,0.99685,0.9974,3.00,0.50
2007.11.30 07:21:46.911,0.99685,0.9974,3.00,0.50
2007.11.30 07:21:47.195,0.99685,0.9974,3.00,0.50
2007.11.30 07:21:47.478,0.99695,0.9974,0.60,0.50
2007.11.30 07:21:47.765,0.99695,0.9974,0.60,0.50
2007.11.30 07:21:48.054,0.99695,0.9974,0.60,0.50
2007.11.30 07:21:48.341,0.99685,0.9974,3.00,0.50
2007.11.30 07:21:48.586,0.99695,0.9974,0.60,0.50
2007.11.30 07:21:48.829,0.99695,0.9974,0.60,0.50
2007.11.30 07:21:49.073,0.99695,0.9974,0.60,0.50
2007.11.30 07:21:49.314,0.99695,0.9974,0.60,0.50
2007.11.30 07:21:49.558,0.99695,0.9974,0.60,0.50
2007.11.30 07:21:49.614,0.99685,0.9974,3.00,0.50
2007.11.30 07:21:49.876,0.99695,0.9974,0.60,0.50
2007.11.30 07:21:50.193,0.99685,0.9974,3.00,0.50
2007.11.30 07:21:50.511,0.99695,0.9974,0.60,0.50
2007.11.30 07:21:50.744,0.99685,0.9974,3.00,0.50
2007.11.30 07:21:50.976,0.99685,0.9974,3.00,0.50
2007.11.30 07:21:51.209,0.99685,0.9974,3.00,0.50
2007.11.30 07:21:51.442,0.99695,0.9974,0.60,0.50
2007.11.30 07:21:51.745,0.99695,0.9974,0.60,0.50
2007.11.30 07:21:52.048,0.99685,0.9974,3.00,0.50
2007.11.30 07:21:52.357,0.99685,0.99735,6.80,0.60
2007.11.30 07:21:52.663,0.9969,0.99735,10.20,0.60
2007.11.30 07:21:52.925,0.9969,0.99735,10.20,0.60
2007.11.30 07:21:53.188,0.99695,0.99735,1.80,0.60
2007.11.30 07:21:53.452,0.9969,0.99735,14.20,0.60
2007.11.30 07:21:53.710,0.9969,0.99735,14.20,0.60
2007.11.30 07:21:53.967,0.9969,0.99735,14.20,0.60
2007.11.30 07:21:54.225,0.9969,0.99735,14.20,0.60
2007.11.30 07:21:54.491,0.99695,0.9974,1.20,0.50
2007.11.30 07:21:54.716,0.99695,0.9974,2.30,0.50
2007.11.30 07:21:54.949,0.99695,0.9974,1.80,0.50
2007.11.30 07:21:55.182,0.9969,0.9974,14.20,0.50
2007.11.30 07:21:55.415,0.9969,0.9974,14.20,0.50
2007.11.30 07:21:55.650,0.9969,0.9974,14.20,0.50
2007.11.30 07:21:55.890,0.9969,0.9974,14.20,0.50
2007.11.30 07:21:56.267,0.99695,0.9974,3.10,0.50
2007.11.30 07:21:56.514,0.99695,0.9974,2.20,0.50
2007.11.30 07:21:56.762,0.99695,0.9974,2.30,0.50
2007.11.30 07:21:57.016,0.9969,0.9974,14.20,0.50
2007.11.30 07:21:57.270,0.99695,0.9974,1.50,0.50
2007.11.30 07:21:57.527,0.99695,0.9974,2.30,0.50
2007.11.30 07:21:57.813,0.9969,0.9974,14.20,0.50
2007.11.30 07:21:58.082,0.9969,0.9974,14.20,0.50
2007.11.30 07:21:58.368,0.9969,0.9974,14.20,0.50
2007.11.30 07:21:58.649,0.9969,0.9974,14.20,0.50
2007.11.30 07:21:58.880,0.99695,0.9974,2.10,0.50
2007.11.30 07:21:59.114,0.9969,0.9974,14.20,0.50
2007.11.30 07:21:59.345,0.9969,0.9974,14.20,0.50
2007.11.30 07:21:59.578,0.9969,0.9974,14.20,0.50
2007.11.30 07:21:59.810,0.9969,0.9974,14.20,0.50
2007.11.30 07:22:00.098,0.99695,0.9974,3.40,0.50
2007.11.30 07:22:00.386,0.9969,0.9974,14.20,0.50
2007.11.30 07:22:00.674,0.9969,0.9974,14.20,0.50
2007.11.30 07:22:00.897,0.9969,0.9974,14.20,0.50
2007.11.30 07:22:01.123,0.99695,0.9974,2.70,0.50
2007.11.30 07:22:01.345,0.99695,0.9974,2.60,0.50
2007.11.30 07:22:01.569,0.9969,0.9974,14.20,0.50
2007.11.30 07:22:01.792,0.9969,0.9974,14.20,0.50
2007.11.30 07:22:02.071,0.9969,0.9974,14.20,0.50
2007.11.30 07:22:02.433,0.99695,0.9974,1.60,0.50
2007.11.30 07:22:02.710,0.9969,0.9974,14.20,0.50
2007.11.30 07:22:02.914,0.9969,0.9974,14.20,0.50
2007.11.30 07:22:03.117,0.99695,0.9974,3.50,0.50
2007.11.30 07:22:03.320,0.9969,0.9974,14.20,0.50
2007.11.30 07:22:03.530,0.9969,0.99735,10.20,5.60
2007.11.30 07:22:03.734,0.99685,0.99735,26.80,6.40
2007.11.30 07:22:04.062,0.99695,0.99735,3.00,6.40
2007.11.30 07:22:04.392,0.99695,0.99725,5.50,0.50
2007.11.30 07:22:04.720,0.99695,0.99725,5.50,0.50
2007.11.30 07:22:05.049,0.99695,0.99725,5.50,0.50
2007.11.30 07:22:05.251,0.99705,0.99725,0.10,0.50
2007.11.30 07:22:05.456,0.99705,0.99725,0.10,0.50
2007.11.30 07:22:05.659,0.99695,0.99725,5.50,0.50
2007.11.30 07:22:05.861,0.99705,0.99725,0.10,0.50
2007.11.30 07:22:06.135,0.99705,0.99725,0.10,0.50
2007.11.30 07:22:06.407,0.99705,0.99725,0.10,0.50
2007.11.30 07:22:06.680,0.99695,0.99725,5.50,0.50
2007.11.30 07:22:06.952,0.99705,0.99725,0.10,0.50
2007.11.30 07:22:07.236,0.99705,0.99725,0.10,0.50
2007.11.30 07:22:07.519,0.99695,0.99725,6.30,0.50
2007.11.30 07:22:07.804,0.99695,0.99725,6.30,0.50
2007.11.30 07:22:08.091,0.99695,0.99725,6.30,0.50
2007.11.30 07:22:08.379,0.99705,0.99725,0.10,0.50
2007.11.30 07:22:08.667,0.99705,0.99725,0.10,0.50
2007.11.30 07:22:08.955,0.99705,0.99725,0.10,0.50
2007.11.30 07:22:09.195,0.99695,0.99725,6.30,0.50
2007.11.30 07:22:09.422,0.99695,0.99725,6.30,0.50
2007.11.30 07:22:09.655,0.99695,0.99725,6.30,0.50
2007.11.30 07:22:09.890,0.99695,0.99725,6.30,0.50
2007.11.30 07:22:10.123,0.99705,0.99725,0.10,0.50
2007.11.30 07:22:10.456,0.99705,0.99725,0.10,0.50
2007.11.30 07:22:10.788,0.99695,0.99725,6.30,0.50
2007.11.30 07:22:11.122,0.99695,0.99725,6.30,0.50
2007.11.30 07:22:11.360,0.99705,0.99725,0.10,0.50
2007.11.30 07:22:11.598,0.99695,0.99725,6.30,0.50
2007.11.30 07:22:11.836,0.99705,0.99725,0.10,0.50
2007.11.30 07:22:12.074,0.99705,0.99725,0.10,0.50
2007.11.30 07:22:12.342,0.99695,0.99725,6.30,0.50
2007.11.30 07:22:12.610,0.99695,0.99725,6.30,0.50
2007.11.30 07:22:12.879,0.99695,0.99725,6.30,0.50
2007.11.30 07:22:13.147,0.99705,0.99725,0.10,0.50
2007.11.30 07:22:13.420,0.99695,0.99725,6.30,0.50
2007.11.30 07:22:13.693,0.99705,0.99725,0.10,0.50
2007.11.30 07:22:13.966,0.99695,0.99725,6.30,0.50
2007.11.30 07:22:14.229,0.99695,0.99725,6.30,0.50
2007.11.30 07:22:14.494,0.99695,0.99725,6.30,0.50
2007.11.30 07:22:14.785,0.99695,0.99725,6.30,0.50
2007.11.30 07:22:15.057,0.99705,0.99725,0.10,0.50
2007.11.30 07:22:15.278,0.99695,0.99725,6.30,0.50
2007.11.30 07:22:15.501,0.99695,0.99725,6.30,0.50
2007.11.30 07:22:15.724,0.99705,0.99725,0.10,0.50
2007.11.30 07:22:15.947,0.99705,0.99725,0.10,0.50
2007.11.30 07:22:16.170,0.99705,0.99725,0.10,0.50
2007.11.30 07:22:16.478,0.99695,0.99725,10.30,0.50
2007.11.30 07:22:16.787,0.99695,0.99725,10.30,0.50
2007.11.30 07:22:17.095,0.99695,0.99725,10.30,0.50
2007.11.30 07:22:17.403,0.99695,0.99725,10.30,0.50
2007.11.30 07:22:17.661,0.99705,0.99725,0.10,0.50
2007.11.30 07:22:17.920,0.99705,0.9973,4.90,0.50
2007.11.30 07:22:18.179,0.9971,0.9973,0.10,0.50
2007.11.30 07:22:18.453,0.99705,0.9973,4.90,0.50
2007.11.30 07:22:18.724,0.9971,0.9973,0.10,0.50
2007.11.30 07:22:18.998,0.9971,0.9973,0.10,0.50
2007.11.30 07:22:19.270,0.9971,0.9973,0.10,0.50
2007.11.30 07:22:19.517,0.9971,0.9973,0.10,0.50
2007.11.30 07:22:19.766,0.9971,0.9973,0.10,0.50
2007.11.30 07:22:20.014,0.9971,0.9973,0.10,0.50
2007.11.30 07:22:20.262,0.9971,0.9973,0.10,0.50
2007.11.30 07:22:20.545,0.9971,0.9973,0.10,0.50
2007.11.30 07:22:20.945,0.9971,0.9973,0.10,0.50
2007.11.30 07:22:21.227,0.9971,0.9973,0.10,0.50
2007.11.30 07:22:21.511,0.9971,0.9973,0.10,0.50
2007.11.30 07:22:21.754,0.9971,0.9973,0.10,0.50
2007.11.30 07:22:21.996,0.9971,0.9973,0.10,0.50
2007.11.30 07:22:22.238,0.9971,0.9973,0.10,0.50
2007.11.30 07:22:22.481,0.9971,0.9973,0.10,0.50
2007.11.30 07:22:22.753,0.9971,0.9973,0.10,0.50
2007.11.30 07:22:23.025,0.9971,0.9973,0.10,0.50
2007.11.30 07:22:23.298,0.9971,0.9973,0.10,0.50
2007.11.30 07:22:23.556,0.9971,0.9973,0.10,0.50
2007.11.30 07:22:23.814,0.9971,0.9973,0.10,0.50
2007.11.30 07:22:24.073,0.9971,0.9973,0.10,0.50
2007.11.30 07:22:24.330,0.9971,0.9973,0.10,0.50
2007.11.30 07:22:24.617,0.9971,0.9973,0.10,0.50
2007.11.30 07:22:24.911,0.9971,0.9973,0.10,0.50
2007.11.30 07:22:25.198,0.9971,0.9973,0.10,0.50
2007.11.30 07:22:25.486,0.9971,0.9973,0.10,0.50
2007.11.30 07:22:25.780,0.9971,0.9973,0.10,0.50
2007.11.30 07:22:25.950,0.99705,0.9973,4.90,0.50
2007.11.30 07:22:26.073,0.9971,0.9973,0.10,0.50
2007.11.30 07:22:26.365,0.99705,0.9973,4.90,0.50
2007.11.30 07:22:26.583,0.99705,0.9973,4.90,0.50
2007.11.30 07:22:26.801,0.99705,0.9973,4.90,0.50
2007.11.30 07:22:27.114,0.9971,0.9973,0.10,0.50
2007.11.30 07:22:27.330,0.99705,0.9973,4.90,0.50
2007.11.30 07:22:27.549,0.99705,0.9973,4.90,0.50
2007.11.30 07:22:27.827,0.99705,0.9973,4.90,0.50
2007.11.30 07:22:28.105,0.99705,0.9973,4.90,0.50
2007.11.30 07:22:28.382,0.9971,0.9973,0.10,0.50
2007.11.30 07:22:28.595,0.99705,0.9973,4.90,0.50
2007.11.30 07:22:28.808,0.9971,0.9973,0.10,0.50
2007.11.30 07:22:29.021,0.99705,0.9973,4.90,0.50
2007.11.30 07:22:29.241,0.9971,0.9973,0.10,0.50
2007.11.30 07:22:29.447,0.9971,0.9973,0.10,0.50
2007.11.30 07:22:29.770,0.99705,0.9973,4.90,0.50
2007.11.30 07:22:30.092,0.9971,0.9973,0.10,0.50
2007.11.30 07:22:30.414,0.99705,0.9973,4.90,0.50
2007.11.30 07:22:30.628,0.99705,0.9973,4.90,0.50
2007.11.30 07:22:30.841,0.9971,0.9973,0.10,0.50
2007.11.30 07:22:31.054,0.9971,0.9973,0.10,0.50
2007.11.30 07:22:31.267,0.9971,0.9973,0.10,0.50
2007.11.30 07:22:31.479,0.9971,0.9973,0.10,0.50
2007.11.30 07:22:31.758,0.99705,0.9973,4.90,0.50
2007.11.30 07:22:32.036,0.99705,0.9973,4.90,0.50
2007.11.30 07:22:32.313,0.99705,0.9973,4.90,0.50
2007.11.30 07:22:32.590,0.99705,0.9973,4.90,0.50
2007.11.30 07:22:32.793,0.99715,0.99735,0.10,4.40
2007.11.30 07:22:32.998,0.99705,0.99735,4.90,4.40
2007.11.30 07:22:33.279,0.99705,0.99735,4.90,0.50
2007.11.30 07:22:33.482,0.99715,0.99735,0.10,0.50
2007.11.30 07:22:33.683,0.99705,0.99735,4.90,0.50
2007.11.30 07:22:33.926,0.99715,0.99735,0.10,0.50
2007.11.30 07:22:34.169,0.99705,0.99735,4.90,0.50
2007.11.30 07:22:34.413,0.99705,0.99735,4.90,0.50
2007.11.30 07:22:34.656,0.99715,0.99735,0.10,0.50
2007.11.30 07:22:34.974,0.99705,0.99735,4.90,0.50
2007.11.30 07:22:35.292,0.99705,0.99735,4.90,0.50
2007.11.30 07:22:35.611,0.99705,0.99735,4.90,0.50
2007.11.30 07:22:35.848,0.99705,0.99735,4.90,0.50
2007.11.30 07:22:36.087,0.99715,0.99735,0.10,0.50
2007.11.30 07:22:36.324,0.99705,0.99735,4.90,0.50
2007.11.30 07:22:36.561,0.99705,0.99735,4.90,0.50
2007.11.30 07:22:36.799,0.99705,0.99735,4.90,0.50
2007.11.30 07:22:37.102,0.99705,0.99735,4.90,0.50
2007.11.30 07:22:37.405,0.99705,0.99735,4.90,0.50
2007.11.30 07:22:37.709,0.99715,0.99735,0.10,0.50
2007.11.30 07:22:38.011,0.99705,0.99735,4.90,0.50
2007.11.30 07:22:38.255,0.99705,0.99735,4.90,0.50
2007.11.30 07:22:38.498,0.99705,0.9973,4.90,0.50
2007.11.30 07:22:38.740,0.99705,0.9973,4.90,0.50
2007.11.30 07:22:39.029,0.99705,0.9973,4.90,0.50
2007.11.30 07:22:39.455,0.9971,0.9973,0.10,0.50
2007.11.30 07:22:39.741,0.9971,0.9973,0.10,0.50
2007.11.30 07:22:39.964,0.9971,0.9973,0.10,0.50
2007.11.30 07:22:40.187,0.9971,0.9973,0.10,0.50
2007.11.30 07:22:40.416,0.99705,0.9973,4.90,0.50
2007.11.30 07:22:40.631,0.9971,0.9973,0.10,0.50
2007.11.30 07:22:40.854,0.99705,0.9973,4.90,0.50
2007.11.30 07:22:41.187,0.99705,0.9973,4.90,0.50
2007.11.30 07:22:41.520,0.9971,0.9973,0.10,0.50
2007.11.30 07:22:41.853,0.99705,0.9973,4.90,0.50
2007.11.30 07:22:42.066,0.9971,0.9973,0.10,0.50
2007.11.30 07:22:42.279,0.99705,0.9973,4.90,0.50
2007.11.30 07:22:42.492,0.99705,0.9973,4.90,0.50
2007.11.30 07:22:42.706,0.9971,0.9973,0.10,0.50
2007.11.30 07:22:42.920,0.99705,0.99725,1.20,0.50
2007.11.30 07:22:43.229,0.99705,0.99725,0.10,0.50
2007.11.30 07:22:43.538,0.99695,0.99725,5.50,0.50
2007.11.30 07:22:43.847,0.99695,0.99725,5.50,0.50
2007.11.30 07:22:44.155,0.99705,0.99725,0.10,0.50
2007.11.30 07:22:44.427,0.99705,0.99725,0.10,0.50
2007.11.30 07:22:44.700,0.99705,0.99725,0.10,0.50
2007.11.30 07:22:44.973,0.99705,0.99725,0.10,0.50
2007.11.30 07:22:45.205,0.99705,0.99725,0.10,0.50
2007.11.30 07:22:45.439,0.99695,0.99725,5.50,0.50
2007.11.30 07:22:45.672,0.99695,0.99725,5.50,0.50
2007.11.30 07:22:45.905,0.99695,0.99725,5.50,0.50
2007.11.30 07:22:46.138,0.99695,0.99725,5.50,0.50
2007.11.30 07:22:46.432,0.99695,0.99725,5.50,0.50
2007.11.30 07:22:46.724,0.99695,0.99725,5.50,0.50
2007.11.30 07:22:47.018,0.99695,0.99725,5.50,0.50
2007.11.30 07:22:47.311,0.99695,0.99725,5.50,0.50
2007.11.30 07:22:47.585,0.99695,0.99725,5.50,0.50
2007.11.30 07:22:47.857,0.99695,0.99725,5.50,0.50
2007.11.30 07:22:48.130,0.99705,0.99725,0.10,0.50
2007.11.30 07:22:48.403,0.99695,0.99725,5.50,0.50
2007.11.30 07:22:48.687,0.99705,0.99725,0.10,0.50
2007.11.30 07:22:48.970,0.99705,0.99725,0.10,0.50
2007.11.30 07:22:49.255,0.99705,0.99725,0.10,0.50
2007.11.30 07:22:49.477,0.99705,0.99725,0.10,0.50
2007.11.30 07:22:49.700,0.99695,0.99725,5.50,0.50
2007.11.30 07:22:49.923,0.99695,0.99725,5.50,0.50
2007.11.30 07:22:50.146,0.99695,0.99725,5.50,0.50
2007.11.30 07:22:50.369,0.99695,0.99725,5.50,0.50
2007.11.30 07:22:50.692,0.99705,0.99725,0.10,0.50
2007.11.30 07:22:51.014,0.99695,0.99725,5.50,0.50
2007.11.30 07:22:51.337,0.99695,0.99725,5.50,0.50
2007.11.30 07:22:51.565,0.99695,0.99725,5.50,0.50
2007.11.30 07:22:51.795,0.99695,0.99725,5.50,0.50
2007.11.30 07:22:53.375,0.99695,0.99725,5.50,0.50
2007.11.30 07:22:53.400,0.99695,0.99725,5.50,0.50
2007.11.30 07:22:53.526,0.99695,0.99725,5.50,0.50
2007.11.30 07:22:53.634,0.99695,0.99725,5.50,0.50
2007.11.30 07:22:53.753,0.99695,0.99725,5.50,0.50
2007.11.30 07:22:53.872,0.99705,0.99725,0.10,0.50
2007.11.30 07:22:53.992,0.99695,0.99725,5.50,0.50
2007.11.30 07:22:54.110,0.99695,0.99725,5.50,0.50
2007.11.30 07:22:54.228,0.99695,0.99725,5.50,0.50
2007.11.30 07:22:54.346,0.99705,0.99725,0.10,0.50
2007.11.30 07:22:54.465,0.99705,0.99725,0.10,0.50
2007.11.30 07:22:54.802,0.99705,0.99725,0.10,0.50
2007.11.30 07:22:55.135,0.99705,0.99725,0.10,0.50
2007.11.30 07:22:55.469,0.99705,0.99725,0.10,0.50
2007.11.30 07:22:55.701,0.99705,0.99725,0.10,0.50
2007.11.30 07:22:55.934,0.99705,0.99725,0.10,0.50
2007.11.30 07:22:56.170,0.99705,0.99725,0.10,0.50
2007.11.30 07:22:56.403,0.99705,0.99725,0.10,0.50
2007.11.30 07:22:56.737,0.99705,0.99725,0.10,0.50
2007.11.30 07:22:57.070,0.99705,0.99725,0.10,0.50
2007.11.30 07:22:57.403,0.99705,0.99725,0.10,0.50
2007.11.30 07:22:57.736,0.99705,0.99725,0.10,0.50
2007.11.30 07:22:57.959,0.99705,0.99725,0.10,0.50
2007.11.30 07:22:58.182,0.99705,0.99725,0.10,0.50
2007.11.30 07:22:58.551,0.99705,0.99725,0.10,0.50
2007.11.30 07:22:58.838,0.99705,0.99725,0.10,0.50
2007.11.30 07:22:59.127,0.99705,0.99725,0.10,0.50
2007.11.30 07:22:59.413,0.99705,0.99725,0.10,0.50
2007.11.30 07:22:59.702,0.99705,0.99725,0.10,0.50
2007.11.30 07:23:00.019,0.99705,0.99725,0.10,0.50
2007.11.30 07:23:00.337,0.99705,0.99725,0.10,0.50
2007.11.30 07:23:00.655,0.99705,0.99725,0.10,0.50
2007.11.30 07:23:00.973,0.99705,0.99725,0.10,0.50
2007.11.30 07:23:01.191,0.99705,0.99725,0.10,0.50
2007.11.30 07:23:01.409,0.99705,0.99725,0.10,0.50
2007.11.30 07:23:01.629,0.99705,0.99725,0.10,0.50
2007.11.30 07:23:01.846,0.99705,0.99725,0.10,0.50
2007.11.30 07:23:02.179,0.99705,0.99725,0.10,0.50
2007.11.30 07:23:02.512,0.99705,0.99725,0.10,0.50
2007.11.30 07:23:02.845,0.99705,0.99725,0.10,0.50
2007.11.30 07:23:03.098,0.99705,0.99725,0.10,0.50
2007.11.30 07:23:03.351,0.99705,0.99725,0.10,0.50
2007.11.30 07:23:03.604,0.99705,0.99725,0.10,0.50
2007.11.30 07:23:03.857,0.99705,0.99725,0.10,0.50
2007.11.30 07:23:04.152,0.99705,0.99725,0.10,0.50
2007.11.30 07:23:04.440,0.99705,0.99725,0.10,0.50
2007.11.30 07:23:04.730,0.99705,0.99725,0.10,0.50
2007.11.30 07:23:05.018,0.99705,0.99725,0.10,0.50
2007.11.30 07:23:05.306,0.99705,0.99725,0.10,0.50
2007.11.30 07:23:05.594,0.99705,0.99725,0.10,0.50
2007.11.30 07:23:05.881,0.99705,0.99725,0.10,0.50
2007.11.30 07:23:06.117,0.99705,0.99725,0.10,0.50
2007.11.30 07:23:06.350,0.99705,0.99725,0.10,0.50
2007.11.30 07:23:06.582,0.99705,0.99725,0.10,0.50
2007.11.30 07:23:06.815,0.99695,0.9973,5.40,0.50
2007.11.30 07:23:07.048,0.99695,0.9973,3.00,0.50
2007.11.30 07:23:07.358,0.99695,0.9973,0.60,0.50
2007.11.30 07:23:07.669,0.99695,0.9973,0.60,0.50
2007.11.30 07:23:07.975,0.99695,0.9973,0.60,0.50
2007.11.30 07:23:08.188,0.99695,0.9973,0.60,0.50
2007.11.30 07:23:08.392,0.99695,0.9973,0.60,0.50
2007.11.30 07:23:08.600,0.99695,0.9973,0.60,0.50
2007.11.30 07:23:08.808,0.99695,0.9973,0.60,0.50
2007.11.30 07:23:09.016,0.9968,0.9973,0.10,0.50
2007.11.30 07:23:09.350,0.9968,0.9973,0.10,0.50
2007.11.30 07:23:09.684,0.9968,0.9973,0.10,0.50
2007.11.30 07:23:10.021,0.9968,0.9973,0.10,0.50
2007.11.30 07:23:10.263,0.9968,0.9973,0.10,0.50
2007.11.30 07:23:10.505,0.9968,0.9973,0.10,0.50
2007.11.30 07:23:10.893,0.9968,0.9973,0.10,0.50
2007.11.30 07:23:11.133,0.9968,0.9973,0.10,0.50
2007.11.30 07:23:11.356,0.9968,0.9973,0.10,0.50
2007.11.30 07:23:11.578,0.9968,0.9973,0.10,0.50
2007.11.30 07:23:11.801,0.9968,0.9973,0.10,0.50
2007.11.30 07:23:12.024,0.9968,0.9973,0.10,0.50
2007.11.30 07:23:12.247,0.9968,0.9973,0.10,0.50
2007.11.30 07:23:12.565,0.9968,0.9973,0.10,0.50
2007.11.30 07:23:12.883,0.99705,0.99725,0.10,0.50
2007.11.30 07:23:13.202,0.99705,0.99725,0.10,0.50
2007.11.30 07:23:13.465,0.99705,0.99725,0.10,0.50
2007.11.30 07:23:13.729,0.99705,0.99725,0.10,0.50
2007.11.30 07:23:13.992,0.99705,0.99725,0.10,0.50
2007.11.30 07:23:14.255,0.99705,0.99725,0.10,0.50
2007.11.30 07:23:14.532,0.99705,0.99725,0.10,0.50
2007.11.30 07:23:14.811,0.99705,0.99725,0.10,0.50
2007.11.30 07:23:15.088,0.99705,0.99725,0.10,0.50
2007.11.30 07:23:15.366,0.99705,0.99725,0.10,0.50
2007.11.30 07:23:15.674,0.99705,0.99725,0.10,0.50
2007.11.30 07:23:15.982,0.99705,0.99725,0.10,0.50
2007.11.30 07:23:16.290,0.99705,0.99725,0.10,0.50
2007.11.30 07:23:16.538,0.99705,0.99725,0.10,0.50
2007.11.30 07:23:16.786,0.99705,0.99725,0.10,0.50
2007.11.30 07:23:17.060,0.99705,0.99725,0.10,0.50
2007.11.30 07:23:17.308,0.99705,0.99725,0.10,0.50
2007.11.30 07:23:17.584,0.99705,0.99725,0.10,0.50
2007.11.30 07:23:17.861,0.99705,0.99725,0.10,0.50
2007.11.30 07:23:18.139,0.99705,0.99725,0.10,0.50
2007.11.30 07:23:18.417,0.99705,0.99725,0.10,0.50
2007.11.30 07:23:18.699,0.99705,0.99725,0.10,0.50
2007.11.30 07:23:18.983,0.99705,0.99725,0.10,0.50
2007.11.30 07:23:19.266,0.99705,0.99725,0.10,0.50
2007.11.30 07:23:19.549,0.99705,0.99725,0.10,0.50
2007.11.30 07:23:19.847,0.99705,0.99725,0.10,0.50
2007.11.30 07:23:20.146,0.99705,0.99725,0.10,0.50
2007.11.30 07:23:20.444,0.99705,0.99725,0.10,0.50
2007.11.30 07:23:20.742,0.99705,0.99725,0.10,0.50
2007.11.30 07:23:20.993,0.99705,0.99725,0.10,0.50
2007.11.30 07:23:21.242,0.99705,0.99725,0.10,0.50
2007.11.30 07:23:21.491,0.99705,0.99725,0.10,0.50
2007.11.30 07:23:21.783,0.99705,0.99725,0.10,0.50
2007.11.30 07:23:22.077,0.99705,0.99725,0.10,0.50
2007.11.30 07:23:22.369,0.99705,0.99725,0.10,0.50
2007.11.30 07:23:22.663,0.99705,0.99725,0.10,0.50
2007.11.30 07:23:22.925,0.99705,0.99725,0.10,0.50
2007.11.30 07:23:23.226,0.99705,0.99725,0.10,0.50
2007.11.30 07:23:23.491,0.99705,0.99725,0.10,0.50
2007.11.30 07:23:23.754,0.99705,0.99725,0.10,0.50
2007.11.30 07:23:24.013,0.997,0.9972,0.10,0.50
2007.11.30 07:23:24.283,0.997,0.9972,0.10,0.50
2007.11.30 07:23:24.541,0.997,0.9972,0.10,0.50
2007.11.30 07:23:24.801,0.997,0.9972,0.10,0.50
2007.11.30 07:23:25.120,0.997,0.9972,0.10,0.50
2007.11.30 07:23:25.443,0.997,0.9972,0.10,0.50
2007.11.30 07:23:25.761,0.997,0.9972,0.10,0.50
2007.11.30 07:23:25.978,0.997,0.9972,0.10,0.50
2007.11.30 07:23:26.197,0.997,0.9972,0.10,0.50
2007.11.30 07:23:26.417,0.997,0.9972,0.10,0.50
2007.11.30 07:23:26.634,0.997,0.9972,0.10,0.50
2007.11.30 07:23:26.853,0.99695,0.9972,2.40,0.50
2007.11.30 07:23:27.142,0.99685,0.9972,2.40,0.50
2007.11.30 07:23:27.430,0.99685,0.9972,2.40,0.50
2007.11.30 07:23:27.718,0.9968,0.9972,0.10,0.50
2007.11.30 07:23:28.008,0.9968,0.9972,0.10,0.50
2007.11.30 07:23:28.270,0.9968,0.9972,0.10,0.50
2007.11.30 07:23:28.534,0.9968,0.9972,0.10,0.50
2007.11.30 07:23:28.798,0.9968,0.9972,0.10,0.50
2007.11.30 07:23:29.032,0.9968,0.9972,0.10,0.50
2007.11.30 07:23:29.389,0.9968,0.9972,0.10,0.50
2007.11.30 07:23:29.620,0.9968,0.9972,0.10,0.50
2007.11.30 07:23:29.852,0.9968,0.9972,0.10,0.50
2007.11.30 07:23:30.135,0.9968,0.9972,0.10,0.50
2007.11.30 07:23:30.418,0.9968,0.9972,0.10,0.50
2007.11.30 07:23:30.702,0.9968,0.9972,0.10,0.50
2007.11.30 07:23:30.994,0.997,0.9972,0.10,0.50
2007.11.30 07:23:31.246,0.997,0.9972,0.10,0.50
2007.11.30 07:23:31.382,0.997,0.9972,0.10,0.50
2007.11.30 07:23:31.502,0.99695,0.9972,2.50,0.50
2007.11.30 07:23:31.755,0.997,0.9972,0.10,0.50
2007.11.30 07:23:32.006,0.997,0.9972,0.10,0.50
2007.11.30 07:23:32.295,0.997,0.9972,0.10,0.50
2007.11.30 07:23:32.584,0.99695,0.9972,2.50,0.50
2007.11.30 07:23:32.873,0.99695,0.9972,1.60,0.50
2007.11.30 07:23:33.162,0.99685,0.9972,1.00,0.50
2007.11.30 07:23:33.425,0.9968,0.9972,3.10,0.50
2007.11.30 07:23:33.683,0.9968,0.9972,0.70,0.50
2007.11.30 07:23:33.948,0.99685,0.9972,0.60,0.50
2007.11.30 07:23:34.209,0.9968,0.9972,0.70,0.50
2007.11.30 07:23:34.427,0.99685,0.9972,0.60,0.50
2007.11.30 07:23:34.634,0.9968,0.9972,0.70,0.50
2007.11.30 07:23:34.841,0.9968,0.9972,0.70,0.50
2007.11.30 07:23:35.050,0.99685,0.9972,0.60,0.50
2007.11.30 07:23:35.257,0.9968,0.9972,0.70,0.50
2007.11.30 07:23:35.555,0.99685,0.9972,0.60,0.50
2007.11.30 07:23:35.819,0.99685,0.9972,0.60,0.50
2007.11.30 07:23:36.087,0.99695,0.9972,2.50,0.50
2007.11.30 07:23:36.350,0.997,0.9972,0.10,0.50
2007.11.30 07:23:36.609,0.99695,0.9972,2.50,0.50
2007.11.30 07:23:36.867,0.99695,0.9972,2.50,0.50
2007.11.30 07:23:37.133,0.99695,0.9972,2.50,0.50
2007.11.30 07:23:37.400,0.997,0.9972,0.10,0.50
2007.11.30 07:23:37.669,0.99695,0.9972,2.50,0.50
2007.11.30 07:23:37.936,0.997,0.9972,0.10,0.50
2007.11.30 07:23:38.204,0.997,0.9972,0.10,0.50
2007.11.30 07:23:38.458,0.99695,0.9972,2.50,0.50
2007.11.30 07:23:38.710,0.99695,0.9972,2.50,0.50
2007.11.30 07:23:38.964,0.997,0.9972,0.10,0.50
2007.11.30 07:23:39.217,0.997,0.9972,0.10,0.50
2007.11.30 07:23:39.476,0.99695,0.9972,2.50,0.50
2007.11.30 07:23:39.733,0.99695,0.9972,2.50,0.50
2007.11.30 07:23:39.997,0.997,0.9972,0.10,0.50
2007.11.30 07:23:40.255,0.99695,0.9972,2.50,0.50
2007.11.30 07:23:40.542,0.997,0.9972,0.10,0.50
2007.11.30 07:23:40.831,0.997,0.9972,0.10,0.50
2007.11.30 07:23:41.119,0.997,0.9972,0.10,0.50
2007.11.30 07:23:41.407,0.99695,0.9972,2.50,0.50
2007.11.30 07:23:41.735,0.99695,0.9972,2.50,0.50
2007.11.30 07:23:41.957,0.997,0.9972,0.10,0.50
2007.11.30 07:23:42.181,0.997,0.9972,0.10,0.50
2007.11.30 07:23:42.410,0.997,0.9972,0.10,0.50
2007.11.30 07:23:42.674,0.99695,0.9972,2.50,0.50
2007.11.30 07:23:42.938,0.997,0.9972,0.10,0.50
2007.11.30 07:23:43.200,0.99695,0.9972,2.50,0.50
2007.11.30 07:23:43.465,0.997,0.9972,0.10,0.50
2007.11.30 07:23:43.678,0.99695,0.9972,2.50,0.50
2007.11.30 07:23:43.890,0.99695,0.9972,2.50,0.50
2007.11.30 07:23:44.103,0.997,0.9972,0.10,0.50
2007.11.30 07:23:44.316,0.997,0.9972,0.10,0.50
2007.11.30 07:23:44.532,0.99695,0.9972,2.50,0.50
2007.11.30 07:23:44.856,0.99695,0.9972,2.50,0.50
2007.11.30 07:23:45.178,0.99695,0.9972,2.50,0.50
2007.11.30 07:23:45.501,0.99695,0.9972,2.50,0.50
2007.11.30 07:23:45.728,0.99695,0.9972,2.50,0.50
2007.11.30 07:23:45.956,0.99695,0.9972,2.50,0.50
2007.11.30 07:23:46.185,0.997,0.9972,0.10,0.50
2007.11.30 07:23:46.412,0.99695,0.9972,2.50,0.50
2007.11.30 07:23:46.641,0.997,0.9972,0.10,0.50
2007.11.30 07:23:46.974,0.997,0.9972,0.10,0.50
2007.11.30 07:23:47.307,0.99695,0.9972,2.50,0.50
2007.11.30 07:23:47.641,0.997,0.9972,0.10,0.50
2007.11.30 07:23:47.893,0.997,0.9972,0.10,0.50
2007.11.30 07:23:48.081,0.99695,0.9972,2.50,0.50
2007.11.30 07:23:48.279,0.99695,0.9972,2.50,0.50
2007.11.30 07:23:48.468,0.99695,0.9972,2.50,0.50
2007.11.30 07:23:48.664,0.99695,0.9972,2.50,0.50
2007.11.30 07:23:48.929,0.99695,0.9972,2.50,0.50
2007.11.30 07:23:49.192,0.997,0.9972,0.10,0.50
2007.11.30 07:23:49.455,0.99695,0.9972,2.50,0.50
2007.11.30 07:23:49.717,0.99695,0.9972,2.50,0.50
2007.11.30 07:23:50.011,0.997,0.9972,0.10,0.50
2007.11.30 07:23:50.305,0.997,0.9972,0.10,0.50
2007.11.30 07:23:50.602,0.99695,0.9972,2.50,0.50
2007.11.30 07:23:50.898,0.99695,0.9972,2.50,0.50
2007.11.30 07:23:51.170,0.99695,0.9972,2.50,0.50
2007.11.30 07:23:51.443,0.997,0.9972,0.10,0.50
2007.11.30 07:23:51.716,0.997,0.9972,0.10,0.50
2007.11.30 07:23:51.990,0.99695,0.9972,2.50,0.50
2007.11.30 07:23:52.241,0.99695,0.9972,2.50,0.50
2007.11.30 07:23:52.479,0.997,0.9972,0.10,0.50
2007.11.30 07:23:52.717,0.997,0.9972,0.10,0.50
2007.11.30 07:23:52.955,0.997,0.9972,0.10,0.50
2007.11.30 07:23:53.214,0.997,0.9972,0.10,0.50
2007.11.30 07:23:53.471,0.99695,0.9972,2.50,0.50
2007.11.30 07:23:53.729,0.997,0.9972,0.10,0.50
2007.11.30 07:23:54.068,0.99695,0.9972,2.50,0.50
2007.11.30 07:23:54.335,0.997,0.9972,0.10,0.50
2007.11.30 07:23:54.600,0.997,0.9972,0.10,0.50
2007.11.30 07:23:54.866,0.997,0.9972,0.10,0.50
2007.11.30 07:23:55.128,0.99695,0.9972,2.50,0.50
2007.11.30 07:23:55.407,0.997,0.9972,0.10,0.50
2007.11.30 07:23:55.685,0.99695,0.9972,2.50,0.50
2007.11.30 07:23:55.963,0.99695,0.9972,2.50,0.50
2007.11.30 07:23:56.241,0.997,0.9972,0.10,0.50
2007.11.30 07:23:56.493,0.997,0.9972,0.10,0.50
2007.11.30 07:23:56.747,0.997,0.9972,0.10,0.50
2007.11.30 07:23:57.001,0.99695,0.9972,2.50,0.50
2007.11.30 07:23:57.256,0.99695,0.9972,2.50,0.50
2007.11.30 07:23:57.534,0.997,0.9972,0.10,0.50
2007.11.30 07:23:57.812,0.99695,0.9972,2.50,0.50
2007.11.30 07:23:58.090,0.99695,0.9972,2.50,0.50
2007.11.30 07:23:58.367,0.99695,0.9972,2.50,0.50
2007.11.30 07:23:58.675,0.997,0.9972,0.10,0.50
2007.11.30 07:23:58.986,0.99695,0.9972,2.50,0.50
2007.11.30 07:23:59.293,0.99695,0.9972,2.50,0.50
2007.11.30 07:23:59.517,0.997,0.9972,0.10,0.50
2007.11.30 07:23:59.741,0.99695,0.9972,2.50,0.50
2007.11.30 07:23:59.965,0.99695,0.9972,2.50,0.50
2007.11.30 07:24:00.246,0.99695,0.9972,2.50,0.50
2007.11.30 07:24:00.509,0.99695,0.9972,6.50,0.50
2007.11.30 07:24:00.768,0.997,0.9972,0.10,0.50
2007.11.30 07:24:01.026,0.997,0.9972,0.10,0.50
2007.11.30 07:24:01.292,0.99695,0.9972,6.50,0.50
2007.11.30 07:24:01.585,0.99695,0.9972,6.50,0.50
2007.11.30 07:24:01.877,0.997,0.9972,0.10,0.50
2007.11.30 07:24:02.170,0.99695,0.9972,6.50,0.50
2007.11.30 07:24:02.463,0.997,0.9972,0.10,0.50
2007.11.30 07:24:02.717,0.997,0.9972,0.10,0.50
2007.11.30 07:24:02.977,0.99695,0.9972,6.50,0.50
2007.11.30 07:24:03.223,0.99695,0.9972,6.50,0.50
2007.11.30 07:24:03.476,0.99695,0.9972,6.50,0.50
2007.11.30 07:24:03.740,0.99695,0.9972,6.50,0.50
2007.11.30 07:24:04.003,0.99695,0.9972,6.50,0.50
2007.11.30 07:24:04.267,0.997,0.9972,0.10,0.50
2007.11.30 07:24:04.529,0.99695,0.9972,2.50,0.50
2007.11.30 07:24:04.797,0.997,0.9972,0.10,0.50
2007.11.30 07:24:05.065,0.99695,0.9972,2.50,0.50
2007.11.30 07:24:05.334,0.997,0.9972,0.10,0.50
2007.11.30 07:24:05.602,0.99695,0.9972,2.50,0.50
2007.11.30 07:24:05.870,0.997,0.9972,0.10,0.50
2007.11.30 07:24:06.139,0.9969,0.99725,14.00,4.00
2007.11.30 07:24:06.407,0.9969,0.99725,14.00,4.00
2007.11.30 07:24:06.674,0.9969,0.9973,14.00,8.20
2007.11.30 07:24:06.962,0.997,0.9973,0.60,8.20
2007.11.30 07:24:07.250,0.9969,0.9973,14.00,8.20
2007.11.30 07:24:07.538,0.997,0.9973,1.10,8.20
2007.11.30 07:24:07.829,0.997,0.9973,1.60,8.20
2007.11.30 07:24:08.090,0.9969,0.9973,14.00,8.20
2007.11.30 07:24:08.358,0.997,0.9973,1.20,8.20
2007.11.30 07:24:08.621,0.997,0.9973,0.80,8.20
2007.11.30 07:24:08.883,0.9969,0.9973,14.00,8.20
2007.11.30 07:24:09.201,0.9969,0.9973,14.00,8.20
2007.11.30 07:24:09.520,0.997,0.9973,0.80,8.20
2007.11.30 07:24:09.838,0.9969,0.9973,14.00,8.20
2007.11.30 07:24:10.027,0.9969,0.9973,15.60,7.60
2007.11.30 07:24:10.222,0.9969,0.9973,15.60,7.60
2007.11.30 07:24:10.403,0.997,0.9973,0.60,7.60
2007.11.30 07:24:10.591,0.997,0.9973,1.00,7.60
2007.11.30 07:24:10.779,0.997,0.9973,1.60,7.60
2007.11.30 07:24:11.092,0.99695,0.9973,6.40,7.60
2007.11.30 07:24:11.406,0.997,0.9973,0.90,7.60
2007.11.30 07:24:11.717,0.997,0.9973,1.10,7.60
2007.11.30 07:24:12.030,0.997,0.9973,1.60,7.60
2007.11.30 07:24:12.292,0.99695,0.9973,6.40,7.60
2007.11.30 07:24:12.570,0.997,0.9973,0.70,7.60
2007.11.30 07:24:12.833,0.997,0.9973,0.60,7.60
2007.11.30 07:24:13.071,0.99695,0.9973,6.40,7.60
2007.11.30 07:24:13.314,0.99695,0.9973,6.40,7.60
2007.11.30 07:24:13.552,0.99695,0.9973,6.40,7.60
2007.11.30 07:24:13.789,0.997,0.9973,1.20,7.60
2007.11.30 07:24:14.037,0.99695,0.9973,6.40,7.60
2007.11.30 07:24:14.370,0.99695,0.9973,6.40,7.60
2007.11.30 07:24:14.703,0.99695,0.9973,6.40,7.60
2007.11.30 07:24:15.038,0.99695,0.9973,6.40,7.60
2007.11.30 07:24:15.256,0.997,0.9973,0.90,7.60
2007.11.30 07:24:15.473,0.99695,0.9973,6.40,7.60
2007.11.30 07:24:15.691,0.99695,0.9973,6.40,7.60
2007.11.30 07:24:15.908,0.99695,0.9973,6.40,7.60
2007.11.30 07:24:16.212,0.997,0.9973,1.00,7.60
2007.11.30 07:24:16.514,0.99695,0.9973,6.40,7.60
2007.11.30 07:24:16.816,0.99695,0.9973,6.40,7.60
2007.11.30 07:24:17.118,0.99695,0.9973,6.40,7.60
2007.11.30 07:24:17.372,0.99695,0.9973,6.40,7.60
2007.11.30 07:24:17.624,0.99695,0.9973,6.40,7.60
2007.11.30 07:24:17.876,0.99695,0.9973,6.40,7.60
2007.11.30 07:24:18.105,0.99695,0.9973,6.40,7.60
2007.11.30 07:24:18.332,0.99695,0.9973,6.40,7.60
2007.11.30 07:24:18.561,0.99695,0.9973,6.40,7.60
2007.11.30 07:24:18.790,0.997,0.9973,1.30,7.60
2007.11.30 07:24:19.017,0.997,0.9973,1.60,7.60
2007.11.30 07:24:19.265,0.997,0.9973,1.40,7.60
2007.11.30 07:24:19.513,0.997,0.9973,1.30,7.60
2007.11.30 07:24:19.761,0.997,0.9973,1.60,7.60
2007.11.30 07:24:20.009,0.99695,0.9973,6.40,7.60
2007.11.30 07:24:20.307,0.997,0.9973,1.00,7.60
2007.11.30 07:24:20.604,0.99695,0.9973,6.40,7.60
2007.11.30 07:24:20.904,0.99695,0.9973,6.40,7.60
2007.11.30 07:24:21.201,0.997,0.9973,1.00,7.60
2007.11.30 07:24:21.414,0.997,0.9973,1.40,7.60
2007.11.30 07:24:21.626,0.997,0.9973,0.70,7.60
2007.11.30 07:24:21.840,0.99695,0.9973,6.40,7.60
2007.11.30 07:24:22.052,0.9969,0.9973,19.60,7.60
2007.11.30 07:24:22.265,0.9969,0.9973,19.60,7.60
2007.11.30 07:24:22.557,0.9969,0.9973,19.60,7.60
2007.11.30 07:24:22.849,0.997,0.9973,1.60,7.60
2007.11.30 07:24:23.143,0.9969,0.9973,19.60,7.60
2007.11.30 07:24:23.386,0.997,0.9973,1.50,7.60
2007.11.30 07:24:23.628,0.9969,0.9973,19.60,7.60
2007.11.30 07:24:23.871,0.9969,0.9973,19.60,7.60
2007.11.30 07:24:24.114,0.997,0.9973,1.10,7.60
2007.11.30 07:24:24.357,0.9969,0.9973,19.60,7.60
2007.11.30 07:24:24.659,0.997,0.9973,1.30,7.60
2007.11.30 07:24:24.962,0.997,0.9973,0.80,7.60
2007.11.30 07:24:25.271,0.9969,0.9973,19.60,7.60
2007.11.30 07:24:25.473,0.997,0.9973,0.90,7.60
2007.11.30 07:24:25.676,0.9969,0.9973,19.60,7.60
2007.11.30 07:24:25.880,0.9969,0.9973,19.60,7.60
2007.11.30 07:24:26.081,0.997,0.9973,2.40,7.60
2007.11.30 07:24:26.284,0.997,0.9973,2.40,7.60
2007.11.30 07:24:26.616,0.997,0.9973,2.40,7.60
2007.11.30 07:24:26.949,0.997,0.9973,2.40,7.60
2007.11.30 07:24:27.282,0.997,0.9973,2.40,7.60
2007.11.30 07:24:27.524,0.997,0.9973,2.40,7.60
2007.11.30 07:24:27.766,0.997,0.9973,2.40,7.60
2007.11.30 07:24:28.014,0.997,0.9973,2.40,7.60
2007.11.30 07:24:28.258,0.997,0.9973,2.40,7.60
2007.11.30 07:24:28.501,0.997,0.9973,2.40,7.60
2007.11.30 07:24:28.783,0.997,0.9973,2.40,7.60
2007.11.30 07:24:29.065,0.997,0.9973,2.40,7.60
2007.11.30 07:24:29.349,0.997,0.9973,2.40,7.60
2007.11.30 07:24:29.607,0.997,0.9973,2.40,7.60
2007.11.30 07:24:29.864,0.997,0.9973,2.40,7.60
2007.11.30 07:24:30.122,0.997,0.9973,2.40,7.60
2007.11.30 07:24:30.380,0.997,0.9973,2.40,7.60
2007.11.30 07:24:30.684,0.99715,0.9973,0.10,0.80
2007.11.30 07:24:31.088,0.99705,0.99725,3.30,0.50
2007.11.30 07:24:31.397,0.99705,0.99725,0.10,0.50
2007.11.30 07:24:31.617,0.99705,0.99725,0.10,0.50
2007.11.30 07:24:31.836,0.99705,0.99725,0.10,0.50
2007.11.30 07:24:32.054,0.99705,0.99725,0.10,0.50
2007.11.30 07:24:32.271,0.99705,0.99725,0.10,0.50
2007.11.30 07:24:32.489,0.99705,0.99725,0.10,0.50
2007.11.30 07:24:32.796,0.99705,0.99725,0.10,0.50
2007.11.30 07:24:33.104,0.99705,0.99725,0.10,0.50
2007.11.30 07:24:33.411,0.99705,0.99725,0.10,0.50
2007.11.30 07:24:33.720,0.99705,0.99725,0.10,0.50
2007.11.30 07:24:33.933,0.99705,0.99725,0.10,0.50
2007.11.30 07:24:34.146,0.99705,0.99725,0.10,0.50
2007.11.30 07:24:34.367,0.99705,0.99725,0.10,0.50
2007.11.30 07:24:34.580,0.99705,0.99725,0.10,0.50
2007.11.30 07:24:34.859,0.99705,0.99725,0.10,0.50
2007.11.30 07:24:35.139,0.99705,0.99725,0.10,0.50
2007.11.30 07:24:35.417,0.99705,0.99725,0.10,0.50
2007.11.30 07:24:35.695,0.99705,0.99725,0.10,0.50
2007.11.30 07:24:35.962,0.99705,0.99725,0.10,0.50
2007.11.30 07:24:36.231,0.99705,0.99725,0.10,0.50
2007.11.30 07:24:36.499,0.99705,0.99725,0.10,0.50
2007.11.30 07:24:36.767,0.99705,0.99725,0.10,0.50
2007.11.30 07:24:37.046,0.99705,0.99725,0.10,0.50
2007.11.30 07:24:37.324,0.99705,0.99725,0.10,0.50
2007.11.30 07:24:37.604,0.99705,0.99725,0.10,0.50
2007.11.30 07:24:37.850,0.99705,0.99725,0.10,0.50
2007.11.30 07:24:38.091,0.99705,0.99725,0.10,0.50
2007.11.30 07:24:38.334,0.99705,0.99725,0.10,0.50
2007.11.30 07:24:38.577,0.99705,0.99725,0.10,0.50
2007.11.30 07:24:38.819,0.99705,0.99725,0.10,0.50
2007.11.30 07:24:39.068,0.997,0.9972,0.10,0.50
2007.11.30 07:24:39.316,0.997,0.9972,0.10,0.50
2007.11.30 07:24:39.564,0.997,0.9972,0.10,0.50
2007.11.30 07:24:39.814,0.997,0.9972,0.10,0.50
2007.11.30 07:24:40.066,0.997,0.9972,0.10,0.50
2007.11.30 07:24:40.320,0.997,0.9972,0.10,0.50
2007.11.30 07:24:40.574,0.997,0.9972,0.10,0.50
2007.11.30 07:24:40.827,0.997,0.9972,0.10,0.50
2007.11.30 07:24:41.104,0.997,0.9972,0.10,0.50
2007.11.30 07:24:41.381,0.997,0.9972,0.10,0.50
2007.11.30 07:24:41.659,0.997,0.9972,0.10,0.50
2007.11.30 07:24:41.936,0.997,0.9972,0.10,0.50
2007.11.30 07:24:42.225,0.997,0.9972,0.10,0.50
2007.11.30 07:24:42.513,0.997,0.9972,0.10,0.50
2007.11.30 07:24:42.801,0.997,0.9972,0.10,0.50
2007.11.30 07:24:43.088,0.997,0.9972,0.10,0.50
2007.11.30 07:24:43.428,0.997,0.9972,0.10,0.50
2007.11.30 07:24:43.661,0.997,0.9972,0.10,0.50
2007.11.30 07:24:43.895,0.997,0.9972,0.10,0.50
2007.11.30 07:24:44.093,0.997,0.9972,0.10,0.50
2007.11.30 07:24:44.291,0.997,0.9972,0.10,0.50
2007.11.30 07:24:44.489,0.997,0.9972,0.10,0.50
2007.11.30 07:24:44.692,0.997,0.9972,0.10,0.50
2007.11.30 07:24:44.889,0.997,0.9972,0.10,0.50
2007.11.30 07:24:45.090,0.997,0.9972,0.10,0.50
2007.11.30 07:24:45.414,0.997,0.9972,0.10,0.50
2007.11.30 07:24:45.738,0.997,0.9972,0.10,0.50
2007.11.30 07:24:46.062,0.997,0.9972,0.10,0.50
2007.11.30 07:24:46.290,0.997,0.9972,0.10,0.50
2007.11.30 07:24:46.518,0.997,0.9972,0.10,0.50
2007.11.30 07:24:46.756,0.997,0.9972,0.10,0.50
2007.11.30 07:24:46.982,0.997,0.9972,0.10,0.50
2007.11.30 07:24:47.250,0.997,0.9972,0.10,0.50
2007.11.30 07:24:47.518,0.997,0.9972,0.10,0.50
2007.11.30 07:24:47.786,0.997,0.9972,0.10,0.50
2007.11.30 07:24:48.054,0.997,0.9972,0.10,0.50
2007.11.30 07:24:48.312,0.997,0.9972,0.10,0.50
2007.11.30 07:24:48.571,0.997,0.9972,0.10,0.50
2007.11.30 07:24:48.828,0.997,0.9972,0.10,0.50
2007.11.30 07:24:49.086,0.997,0.9972,0.10,0.50
2007.11.30 07:24:49.328,0.997,0.9972,0.10,0.50
2007.11.30 07:24:49.623,0.997,0.9972,0.10,0.50
2007.11.30 07:24:49.870,0.997,0.9972,0.10,0.50
2007.11.30 07:24:50.116,0.997,0.9972,0.10,0.50
2007.11.30 07:24:50.300,0.997,0.9972,0.10,0.50
2007.11.30 07:24:50.482,0.997,0.9972,0.10,0.50
2007.11.30 07:24:50.665,0.997,0.9972,0.10,0.50
2007.11.30 07:24:50.848,0.997,0.9972,0.10,0.50
2007.11.30 07:24:51.031,0.997,0.9972,0.10,0.50
2007.11.30 07:24:51.213,0.997,0.9972,0.10,0.50
2007.11.30 07:24:51.501,0.997,0.9972,0.10,0.50
2007.11.30 07:24:51.789,0.997,0.9972,0.10,0.50
2007.11.30 07:24:52.078,0.997,0.9972,0.10,0.50
2007.11.30 07:24:52.375,0.997,0.9972,0.10,0.50
2007.11.30 07:24:52.597,0.997,0.9972,0.10,0.50
2007.11.30 07:24:52.821,0.997,0.9972,0.10,0.50
2007.11.30 07:24:53.044,0.997,0.9972,0.10,0.50
2007.11.30 07:24:53.269,0.997,0.9972,0.10,0.50
2007.11.30 07:24:53.561,0.997,0.9972,0.10,0.50
2007.11.30 07:24:53.854,0.997,0.9972,0.10,0.50
2007.11.30 07:24:54.147,0.997,0.9972,0.10,0.50
2007.11.30 07:24:54.300,0.997,0.9972,0.10,0.50
2007.11.30 07:24:54.459,0.997,0.9972,0.10,0.50
2007.11.30 07:24:54.610,0.997,0.9972,0.10,0.50
2007.11.30 07:24:54.763,0.997,0.9972,0.10,0.50
2007.11.30 07:24:54.915,0.997,0.9972,0.10,0.50
2007.11.30 07:24:55.068,0.997,0.9972,0.10,0.50
2007.11.30 07:24:55.112,0.997,0.99725,0.10,4.90
2007.11.30 07:24:55.222,0.997,0.9972,0.10,0.50
2007.11.30 07:24:55.542,0.997,0.99725,0.10,4.90
2007.11.30 07:24:55.860,0.997,0.99725,0.10,4.90
2007.11.30 07:24:56.180,0.997,0.9972,0.10,0.50
2007.11.30 07:24:56.354,0.997,0.99725,0.10,4.90
2007.11.30 07:24:56.526,0.997,0.99725,0.10,4.90
2007.11.30 07:24:56.705,0.997,0.99725,0.10,4.90
2007.11.30 07:24:56.871,0.997,0.99725,0.10,4.90
2007.11.30 07:24:57.045,0.997,0.9972,0.10,0.50
2007.11.30 07:24:57.217,0.997,0.99725,0.10,4.90
2007.11.30 07:24:57.521,0.997,0.99725,0.10,4.90
2007.11.30 07:24:57.825,0.997,0.99725,0.10,4.90
2007.11.30 07:24:58.129,0.997,0.99725,0.10,4.90
2007.11.30 07:24:58.431,0.997,0.9972,0.10,0.50
2007.11.30 07:24:58.665,0.997,0.9972,0.10,0.50
2007.11.30 07:24:58.906,0.997,0.9972,0.10,0.50
2007.11.30 07:24:59.138,0.997,0.99725,0.10,4.90
2007.11.30 07:24:59.370,0.997,0.99725,0.10,4.90
2007.11.30 07:24:59.669,0.997,0.9972,0.10,0.50
2007.11.30 07:24:59.966,0.997,0.99725,0.10,4.90
2007.11.30 07:25:00.264,0.997,0.9972,0.10,0.50
2007.11.30 07:25:00.472,0.997,0.99725,0.10,4.90
2007.11.30 07:25:00.680,0.997,0.9972,0.10,0.50
2007.11.30 07:25:00.888,0.997,0.99725,0.10,4.90
2007.11.30 07:25:01.104,0.997,0.99725,0.10,4.90
2007.11.30 07:25:01.305,0.997,0.9972,0.10,0.50
2007.11.30 07:25:01.557,0.997,0.99725,0.10,4.90
2007.11.30 07:25:01.950,0.997,0.99725,0.10,4.90
2007.11.30 07:25:02.203,0.997,0.99725,0.10,4.90
2007.11.30 07:25:02.458,0.997,0.99725,0.10,4.90
2007.11.30 07:25:02.695,0.997,0.9972,0.10,0.50
2007.11.30 07:25:02.933,0.997,0.99725,0.10,4.90
2007.11.30 07:25:03.171,0.997,0.9972,0.10,0.50
2007.11.30 07:25:03.408,0.997,0.99725,0.10,4.90
2007.11.30 07:25:03.684,0.997,0.9972,0.10,0.50
2007.11.30 07:25:03.955,0.997,0.99725,0.10,4.90
2007.11.30 07:25:04.228,0.997,0.9972,0.10,0.50
2007.11.30 07:25:04.501,0.997,0.99725,0.10,4.90
2007.11.30 07:25:04.769,0.997,0.9972,0.10,0.50
2007.11.30 07:25:05.039,0.997,0.99725,0.10,4.90
2007.11.30 07:25:05.307,0.997,0.99725,0.10,4.90
2007.11.30 07:25:05.575,0.997,0.9972,0.10,0.50
2007.11.30 07:25:05.848,0.997,0.99725,0.10,4.90
2007.11.30 07:25:06.121,0.997,0.9972,0.10,0.50
2007.11.30 07:25:06.394,0.997,0.99725,0.10,4.90
2007.11.30 07:25:06.673,0.997,0.99725,0.10,4.90
2007.11.30 07:25:06.886,0.997,0.99725,0.10,4.90
2007.11.30 07:25:07.106,0.997,0.9972,0.10,0.50
2007.11.30 07:25:07.311,0.997,0.9972,0.10,0.50
2007.11.30 07:25:07.524,0.997,0.9972,0.10,0.50
2007.11.30 07:25:07.758,0.997,0.9972,0.10,0.50
2007.11.30 07:25:08.121,0.997,0.99725,0.10,4.90
2007.11.30 07:25:08.352,0.997,0.99725,0.10,4.90
2007.11.30 07:25:08.594,0.997,0.99725,0.10,4.90
2007.11.30 07:25:08.812,0.997,0.9972,0.10,0.50
2007.11.30 07:25:09.032,0.997,0.99725,0.10,4.90
2007.11.30 07:25:09.252,0.997,0.9973,3.80,12.40
2007.11.30 07:25:09.472,0.997,0.9974,3.80,30.70
2007.11.30 07:25:09.689,0.997,0.9973,3.80,0.50
2007.11.30 07:25:09.923,0.997,0.9974,3.80,30.70
2007.11.30 07:25:10.156,0.997,0.9974,3.80,30.70
2007.11.30 07:25:10.397,0.997,0.9973,3.80,0.70
2007.11.30 07:25:10.622,0.997,0.9973,3.80,0.90
2007.11.30 07:25:10.856,0.997,0.9973,3.80,0.60
2007.11.30 07:25:11.133,0.997,0.9973,3.80,0.50
2007.11.30 07:25:11.412,0.997,0.9974,3.80,30.70
2007.11.30 07:25:11.690,0.997,0.9974,3.80,30.70
2007.11.30 07:25:11.969,0.997,0.9973,3.80,0.90
2007.11.30 07:25:12.254,0.997,0.9974,3.80,30.70
2007.11.30 07:25:12.537,0.997,0.9974,3.80,30.70
2007.11.30 07:25:12.819,0.997,0.9974,3.80,30.70
2007.11.30 07:25:13.103,0.997,0.9973,3.80,0.50
2007.11.30 07:25:13.356,0.997,0.9974,3.80,30.70
2007.11.30 07:25:13.609,0.997,0.9973,3.80,0.60
2007.11.30 07:25:13.861,0.997,0.9974,3.80,30.70
2007.11.30 07:25:14.094,0.997,0.9973,3.80,0.90
2007.11.30 07:25:14.326,0.997,0.9974,3.80,30.70
2007.11.30 07:25:14.559,0.997,0.9974,3.80,30.70
2007.11.30 07:25:14.791,0.997,0.9974,3.80,30.70
2007.11.30 07:25:15.024,0.997,0.9973,3.80,0.90
2007.11.30 07:25:15.316,0.997,0.9974,3.80,30.70
2007.11.30 07:25:15.608,0.997,0.9974,3.80,30.70
2007.11.30 07:25:15.901,0.997,0.9973,3.80,0.70
2007.11.30 07:25:16.194,0.997,0.9974,3.80,30.70
2007.11.30 07:25:16.396,0.997,0.9974,3.80,30.70
2007.11.30 07:25:16.599,0.997,0.9973,3.80,0.70
2007.11.30 07:25:16.802,0.997,0.9974,3.80,30.70
2007.11.30 07:25:17.004,0.997,0.9974,3.80,30.70
2007.11.30 07:25:17.207,0.997,0.9973,3.80,0.90
2007.11.30 07:25:17.479,0.997,0.9974,3.80,30.70
2007.11.30 07:25:17.752,0.997,0.9973,3.80,0.90
2007.11.30 07:25:18.025,0.997,0.9974,3.80,30.70
2007.11.30 07:25:18.299,0.997,0.9974,3.80,30.70
2007.11.30 07:25:18.556,0.997,0.9974,3.80,30.70
2007.11.30 07:25:18.814,0.997,0.9974,3.80,30.70
2007.11.30 07:25:19.072,0.997,0.9974,3.80,30.70
2007.11.30 07:25:19.330,0.997,0.9973,3.80,0.70
2007.11.30 07:25:19.567,0.997,0.9973,3.80,0.50
2007.11.30 07:25:19.805,0.997,0.9973,3.80,0.80
2007.11.30 07:25:20.042,0.997,0.9974,3.80,30.70
2007.11.30 07:25:20.281,0.997,0.9974,3.80,30.70
2007.11.30 07:25:20.518,0.997,0.9973,3.80,0.60
2007.11.30 07:25:20.752,0.997,0.9973,3.80,0.60
2007.11.30 07:25:20.986,0.997,0.9973,3.80,0.60
2007.11.30 07:25:21.217,0.997,0.9974,3.80,30.70
2007.11.30 07:25:21.450,0.997,0.9974,3.80,30.70
2007.11.30 07:25:21.683,0.997,0.9973,3.80,0.90
2007.11.30 07:25:21.977,0.997,0.9974,3.80,30.70
2007.11.30 07:25:22.265,0.997,0.9973,3.80,0.80
2007.11.30 07:25:22.552,0.997,0.9973,3.80,7.60
2007.11.30 07:25:22.755,0.997,0.9973,3.80,7.60
2007.11.30 07:25:22.958,0.997,0.9973,3.80,7.60
2007.11.30 07:25:23.161,0.997,0.9973,3.80,7.60
2007.11.30 07:25:23.364,0.997,0.9973,3.80,7.60
2007.11.30 07:25:23.566,0.997,0.9973,3.80,7.60
2007.11.30 07:25:23.869,0.997,0.9973,3.80,7.60
2007.11.30 07:25:24.172,0.997,0.9973,3.80,7.60
2007.11.30 07:25:24.474,0.997,0.9973,3.80,7.60
2007.11.30 07:25:24.691,0.997,0.9973,3.80,7.60
2007.11.30 07:25:24.909,0.997,0.9973,3.80,7.60
2007.11.30 07:25:25.127,0.997,0.9973,3.80,7.60
2007.11.30 07:25:25.345,0.997,0.9973,3.80,7.60
2007.11.30 07:25:25.563,0.997,0.9973,3.80,7.60
2007.11.30 07:25:25.817,0.997,0.9973,3.80,7.60
2007.11.30 07:25:26.069,0.997,0.9973,3.80,7.60
2007.11.30 07:25:26.322,0.997,0.9973,3.80,7.60
2007.11.30 07:25:26.619,0.997,0.9973,3.80,7.60
2007.11.30 07:25:26.804,0.997,0.9973,3.80,7.60
2007.11.30 07:25:27.001,0.997,0.9973,3.80,7.60
2007.11.30 07:25:27.187,0.997,0.9973,3.80,7.60
2007.11.30 07:25:27.375,0.997,0.9973,3.80,7.60
2007.11.30 07:25:27.562,0.997,0.9973,3.80,7.60
2007.11.30 07:25:27.750,0.997,0.9973,3.80,7.60
2007.11.30 07:25:28.077,0.997,0.9973,3.80,7.60
2007.11.30 07:25:28.411,0.997,0.9973,3.80,7.60
2007.11.30 07:25:28.741,0.997,0.9973,3.80,7.60
2007.11.30 07:25:28.904,0.997,0.9973,3.80,7.60
2007.11.30 07:25:29.067,0.997,0.9973,3.80,7.60
2007.11.30 07:25:29.230,0.997,0.9973,3.80,7.60
2007.11.30 07:25:29.393,0.997,0.9973,3.80,7.60
2007.11.30 07:25:29.554,0.997,0.9973,3.80,7.60
2007.11.30 07:25:29.718,0.997,0.9973,3.80,7.60
2007.11.30 07:25:29.880,0.997,0.9973,3.80,7.60
2007.11.30 07:25:30.213,0.997,0.9973,3.80,7.60
2007.11.30 07:25:30.546,0.997,0.9973,3.80,7.60
2007.11.30 07:25:30.878,0.997,0.9973,3.80,7.60
2007.11.30 07:25:31.085,0.997,0.9973,3.80,7.60
2007.11.30 07:25:31.293,0.997,0.9973,3.80,7.60
2007.11.30 07:25:31.502,0.997,0.9973,3.80,7.60
2007.11.30 07:25:31.709,0.997,0.9973,3.80,7.60
2007.11.30 07:25:31.917,0.997,0.9973,3.80,7.60
2007.11.30 07:25:32.215,0.99695,0.99745,4.00,4.20
2007.11.30 07:25:32.514,0.99695,0.99745,4.00,4.20
2007.11.30 07:25:32.812,0.99695,0.99745,4.00,4.20
2007.11.30 07:25:32.990,0.997,0.9973,3.80,7.80
2007.11.30 07:25:33.168,0.997,0.9973,3.80,7.80
2007.11.30 07:25:33.345,0.997,0.9973,3.80,7.80
2007.11.30 07:25:33.523,0.997,0.9973,3.80,7.80
2007.11.30 07:25:33.701,0.997,0.9973,3.80,7.80
2007.11.30 07:25:33.879,0.997,0.9973,3.80,7.80
2007.11.30 07:25:34.211,0.997,0.9973,3.80,7.80
2007.11.30 07:25:34.544,0.997,0.9973,3.80,7.80
2007.11.30 07:25:34.877,0.997,0.9973,3.80,7.80
2007.11.30 07:25:35.081,0.997,0.9973,3.80,7.80
2007.11.30 07:25:35.284,0.997,0.9973,3.80,7.80
2007.11.30 07:25:35.486,0.997,0.9973,3.80,7.80
2007.11.30 07:25:35.690,0.997,0.9973,3.80,7.80
2007.11.30 07:25:35.893,0.997,0.9973,3.80,7.80
2007.11.30 07:25:36.226,0.997,0.9973,3.80,7.80
2007.11.30 07:25:36.560,0.997,0.9973,3.80,7.80
2007.11.30 07:25:36.892,0.997,0.9973,3.80,7.80
2007.11.30 07:25:37.134,0.997,0.9973,3.80,7.80
2007.11.30 07:25:37.377,0.997,0.9973,3.80,7.80
2007.11.30 07:25:37.620,0.997,0.9973,3.80,7.80
2007.11.30 07:25:37.863,0.997,0.9973,3.80,7.80
2007.11.30 07:25:38.106,0.997,0.9973,3.80,7.80
2007.11.30 07:25:38.349,0.997,0.9973,3.80,7.80
2007.11.30 07:25:38.592,0.997,0.9973,3.80,7.80
2007.11.30 07:25:38.959,0.997,0.9973,3.80,7.80
2007.11.30 07:25:39.142,0.997,0.9973,3.80,7.80
2007.11.30 07:25:39.324,0.997,0.9973,3.80,3.80
2007.11.30 07:25:39.507,0.997,0.9973,3.80,3.80
2007.11.30 07:25:39.690,0.997,0.9973,3.80,3.80
2007.11.30 07:25:39.873,0.997,0.9973,3.80,3.80
2007.11.30 07:25:40.055,0.997,0.9973,3.80,3.80
2007.11.30 07:25:40.362,0.997,0.9973,3.80,3.80
2007.11.30 07:25:40.669,0.997,0.9973,3.80,3.80
2007.11.30 07:25:40.977,0.997,0.9973,3.80,3.80
2007.11.30 07:25:41.185,0.997,0.9973,3.80,3.80
2007.11.30 07:25:41.392,0.997,0.9973,3.80,3.80
2007.11.30 07:25:41.600,0.997,0.9973,3.80,3.80
2007.11.30 07:25:41.808,0.997,0.9973,3.80,3.80
2007.11.30 07:25:42.016,0.997,0.9973,3.80,3.80
2007.11.30 07:25:42.323,0.997,0.9973,3.80,3.80
2007.11.30 07:25:42.631,0.997,0.9973,3.80,3.70
2007.11.30 07:25:42.939,0.997,0.9973,3.80,3.70
2007.11.30 07:25:43.247,0.997,0.9973,3.80,3.70
2007.11.30 07:25:43.485,0.997,0.9973,3.80,3.70
2007.11.30 07:25:43.724,0.997,0.9973,3.80,3.70
2007.11.30 07:25:43.961,0.997,0.9973,3.80,3.70
2007.11.30 07:25:44.199,0.997,0.9973,3.80,3.70
2007.11.30 07:25:44.512,0.997,0.9973,3.80,3.70
2007.11.30 07:25:44.825,0.997,0.9973,3.80,3.70
2007.11.30 07:25:45.138,0.997,0.9973,3.80,3.70
2007.11.30 07:25:45.381,0.997,0.9973,3.80,3.70
2007.11.30 07:25:45.623,0.997,0.9973,3.80,3.70
2007.11.30 07:25:45.866,0.997,0.9973,3.80,3.70
2007.11.30 07:25:46.110,0.997,0.9973,3.80,3.70
2007.11.30 07:25:46.352,0.997,0.9973,3.80,3.70
2007.11.30 07:25:46.662,0.997,0.9973,3.80,3.70
2007.11.30 07:25:46.958,0.997,0.9973,3.80,3.70
2007.11.30 07:25:47.261,0.997,0.9973,3.80,3.70
2007.11.30 07:25:47.565,0.997,0.9973,3.80,3.70
2007.11.30 07:25:47.798,0.997,0.9973,3.80,3.70
2007.11.30 07:25:48.030,0.997,0.9973,3.80,3.70
2007.11.30 07:25:48.264,0.997,0.9973,3.80,3.70
2007.11.30 07:25:48.497,0.997,0.9973,3.80,3.70
2007.11.30 07:25:48.794,0.997,0.9973,3.80,3.70
2007.11.30 07:25:49.092,0.997,0.9973,3.80,3.70
2007.11.30 07:25:49.391,0.997,0.9973,3.80,3.70
2007.11.30 07:25:49.659,0.997,0.9973,3.80,3.70
2007.11.30 07:25:49.824,0.997,0.9974,3.80,30.30
2007.11.30 07:25:49.927,0.997,0.9974,3.80,30.30
2007.11.30 07:25:50.196,0.99705,0.99725,0.10,0.50
2007.11.30 07:25:50.464,0.99705,0.9973,0.10,1.00
2007.11.30 07:25:50.712,0.99705,0.9973,0.10,1.70
2007.11.30 07:25:50.960,0.9971,0.9973,0.10,0.50
2007.11.30 07:25:51.292,0.9971,0.9973,0.10,0.50
2007.11.30 07:25:51.544,0.9971,0.9973,0.10,0.50
2007.11.30 07:25:51.797,0.9971,0.99735,0.10,5.40
2007.11.30 07:25:52.051,0.9971,0.99735,0.10,5.40
2007.11.30 07:25:52.305,0.9971,0.9973,0.10,0.50
2007.11.30 07:25:52.562,0.9971,0.99735,0.10,5.40
2007.11.30 07:25:52.820,0.9971,0.99735,0.10,5.40
2007.11.30 07:25:53.079,0.9971,0.99735,0.10,5.40
2007.11.30 07:25:53.336,0.9971,0.99735,0.10,5.40
2007.11.30 07:25:53.575,0.9971,0.9973,0.10,0.50
2007.11.30 07:25:53.802,0.9971,0.9973,0.10,0.50
2007.11.30 07:25:54.035,0.9971,0.99735,0.10,5.40
2007.11.30 07:25:54.268,0.9971,0.99735,0.10,5.40
2007.11.30 07:25:54.501,0.9971,0.99735,0.10,5.40
2007.11.30 07:25:54.719,0.9971,0.99735,0.10,5.40
2007.11.30 07:25:54.937,0.9971,0.99735,0.10,5.40
2007.11.30 07:25:55.154,0.9971,0.99735,0.10,5.40
2007.11.30 07:25:55.372,0.9971,0.9973,0.10,0.50
2007.11.30 07:25:55.590,0.9971,0.9973,0.10,0.50
2007.11.30 07:25:55.869,0.9971,0.99735,0.10,5.40
2007.11.30 07:25:56.147,0.99705,0.9973,2.50,1.00
2007.11.30 07:25:56.426,0.99705,0.99725,2.50,0.70
2007.11.30 07:25:56.705,0.99705,0.99725,0.10,0.60
2007.11.30 07:25:56.983,0.99705,0.99725,0.10,0.80
2007.11.30 07:25:57.261,0.99705,0.9973,0.10,4.90
2007.11.30 07:25:57.540,0.99705,0.9973,0.10,4.90
2007.11.30 07:25:57.762,0.99705,0.9973,0.10,4.90
2007.11.30 07:25:57.985,0.99705,0.99725,0.10,0.50
2007.11.30 07:25:58.208,0.99705,0.99725,0.10,0.60
2007.11.30 07:25:58.432,0.99705,0.9973,0.10,4.90
2007.11.30 07:25:58.655,0.99705,0.9973,0.10,4.90
2007.11.30 07:25:58.988,0.99705,0.99725,0.10,0.60
2007.11.30 07:25:59.321,0.99705,0.9973,0.10,4.90
2007.11.30 07:25:59.654,0.99705,0.99725,0.10,0.50
2007.11.30 07:25:59.894,0.99705,0.99725,0.10,0.90
2007.11.30 07:26:00.130,0.99705,0.9973,0.10,4.90
2007.11.30 07:26:00.375,0.99705,0.9973,0.10,4.90
2007.11.30 07:26:00.612,0.99705,0.99725,0.10,0.70
2007.11.30 07:26:00.946,0.99705,0.9973,0.10,4.90
2007.11.30 07:26:01.279,0.99705,0.9973,0.10,4.90
2007.11.30 07:26:01.612,0.99705,0.9973,0.10,4.90
2007.11.30 07:26:01.945,0.99705,0.99725,0.10,0.70
2007.11.30 07:26:02.168,0.99705,0.9973,0.10,4.90
2007.11.30 07:26:02.391,0.99705,0.9973,0.10,4.90
2007.11.30 07:26:02.614,0.99705,0.9973,0.10,4.90
2007.11.30 07:26:02.837,0.99705,0.99725,0.10,0.80
2007.11.30 07:26:03.115,0.99705,0.9973,0.10,4.90
2007.11.30 07:26:03.393,0.99705,0.9973,0.10,4.90
2007.11.30 07:26:03.671,0.99705,0.9973,0.10,4.90
2007.11.30 07:26:03.918,0.99705,0.9973,0.10,4.90
2007.11.30 07:26:04.166,0.99705,0.9973,0.10,4.90
2007.11.30 07:26:04.414,0.99705,0.9973,0.10,4.90
2007.11.30 07:26:04.662,0.99705,0.99725,0.10,0.50
2007.11.30 07:26:04.935,0.99705,0.9973,0.10,4.90
2007.11.30 07:26:05.208,0.99705,0.99725,0.10,0.90
2007.11.30 07:26:05.480,0.99705,0.9973,0.10,4.90
2007.11.30 07:26:05.753,0.99705,0.9973,0.10,4.90
2007.11.30 07:26:05.981,0.99705,0.9973,0.10,4.90
2007.11.30 07:26:06.209,0.99705,0.99725,0.10,0.60
2007.11.30 07:26:06.437,0.99705,0.9973,0.10,4.90
2007.11.30 07:26:06.665,0.99705,0.99725,0.10,0.90
2007.11.30 07:26:06.988,0.99705,0.9973,0.10,4.90
2007.11.30 07:26:07.311,0.99705,0.99725,0.10,0.60
2007.11.30 07:26:07.634,0.99705,0.9973,0.10,4.90
2007.11.30 07:26:07.959,0.997,0.9972,0.10,0.50
2007.11.30 07:26:08.172,0.997,0.99725,0.10,4.90
2007.11.30 07:26:08.385,0.997,0.99725,0.10,4.90
2007.11.30 07:26:08.598,0.997,0.99725,0.10,4.90
2007.11.30 07:26:08.811,0.997,0.9972,0.10,0.50
2007.11.30 07:26:09.084,0.997,0.9972,0.10,0.50
2007.11.30 07:26:09.356,0.997,0.99725,0.10,4.90
2007.11.30 07:26:09.779,0.997,0.99725,0.10,4.90
2007.11.30 07:26:10.026,0.997,0.99725,0.10,4.90
2007.11.30 07:26:10.274,0.997,0.9972,0.10,0.50
2007.11.30 07:26:10.522,0.997,0.9972,0.10,0.50
2007.11.30 07:26:10.770,0.997,0.9972,0.10,0.50
2007.11.30 07:26:11.017,0.997,0.9972,0.10,0.50
2007.11.30 07:26:11.296,0.997,0.99725,0.10,4.90
2007.11.30 07:26:11.573,0.997,0.99725,0.10,4.90
2007.11.30 07:26:11.852,0.997,0.99725,0.10,4.90
2007.11.30 07:26:12.130,0.997,0.99725,0.10,4.90
2007.11.30 07:26:12.298,0.997,0.99725,0.10,4.90
2007.11.30 07:26:12.465,0.997,0.99725,0.10,4.90
2007.11.30 07:26:12.633,0.997,0.9972,0.10,0.50
2007.11.30 07:26:12.802,0.997,0.9972,0.10,0.50
2007.11.30 07:26:12.969,0.997,0.99725,0.10,4.90
2007.11.30 07:26:13.248,0.997,0.99725,0.10,4.90
2007.11.30 07:26:13.526,0.997,0.9972,0.10,0.50
2007.11.30 07:26:13.804,0.997,0.9972,0.10,0.50
2007.11.30 07:26:14.083,0.997,0.99725,0.10,4.90
2007.11.30 07:26:14.309,0.997,0.9972,0.10,0.50
2007.11.30 07:26:14.539,0.997,0.99725,0.10,4.90
2007.11.30 07:26:14.766,0.997,0.9972,0.10,0.50
2007.11.30 07:26:14.993,0.997,0.9972,0.10,0.50
2007.11.30 07:26:15.187,0.997,0.99725,0.10,4.90
2007.11.30 07:26:15.379,0.997,0.9972,0.10,0.50
2007.11.30 07:26:15.573,0.997,0.99725,0.10,4.90
2007.11.30 07:26:15.766,0.997,0.99725,0.10,4.90
2007.11.30 07:26:15.960,0.997,0.9972,0.10,0.50
2007.11.30 07:26:16.233,0.997,0.99725,0.10,4.90
2007.11.30 07:26:16.517,0.997,0.99725,0.10,4.90
2007.11.30 07:26:16.790,0.997,0.99725,0.10,4.90
2007.11.30 07:26:17.063,0.997,0.9972,0.10,0.50
2007.11.30 07:26:17.271,0.997,0.9972,0.10,0.50
2007.11.30 07:26:17.480,0.997,0.9972,0.10,0.50
2007.11.30 07:26:17.687,0.997,0.9972,0.10,0.50
2007.11.30 07:26:17.895,0.997,0.9972,0.10,0.50
2007.11.30 07:26:18.103,0.997,0.9972,0.10,0.50
2007.11.30 07:26:18.377,0.997,0.9972,0.10,0.50
2007.11.30 07:26:18.652,0.997,0.9972,0.10,0.50
2007.11.30 07:26:18.925,0.997,0.9972,0.10,0.50
2007.11.30 07:26:19.201,0.997,0.9972,0.10,0.50
2007.11.30 07:26:19.475,0.997,0.9972,0.10,0.50
2007.11.30 07:26:19.744,0.997,0.9972,0.10,0.50
2007.11.30 07:26:20.012,0.997,0.9972,0.10,0.50
2007.11.30 07:26:20.282,0.997,0.9972,0.10,0.50
2007.11.30 07:26:20.545,0.997,0.9972,0.10,0.50
2007.11.30 07:26:20.809,0.997,0.9972,0.10,0.50
2007.11.30 07:26:21.073,0.997,0.9972,0.10,0.50
2007.11.30 07:26:21.380,0.997,0.9972,0.10,0.50
2007.11.30 07:26:21.688,0.997,0.9972,0.10,0.50
2007.11.30 07:26:22.123,0.997,0.9972,0.10,0.50
2007.11.30 07:26:22.328,0.997,0.9972,0.10,0.50
2007.11.30 07:26:22.535,0.997,0.9972,0.10,0.50
2007.11.30 07:26:22.749,0.997,0.9972,0.10,0.50
2007.11.30 07:26:22.952,0.997,0.9972,0.10,0.50
2007.11.30 07:26:23.155,0.997,0.9972,0.10,0.50
2007.11.30 07:26:23.488,0.997,0.9972,0.10,0.50
2007.11.30 07:26:23.820,0.997,0.9972,0.10,0.50
2007.11.30 07:26:24.152,0.997,0.9972,0.10,0.50
2007.11.30 07:26:24.366,0.997,0.9972,0.10,0.50
2007.11.30 07:26:24.579,0.997,0.9972,0.10,0.50
2007.11.30 07:26:24.793,0.997,0.9972,0.10,0.50
2007.11.30 07:26:25.006,0.997,0.9972,0.10,0.50
2007.11.30 07:26:25.219,0.997,0.9972,0.10,0.50
2007.11.30 07:26:25.552,0.997,0.9972,0.10,0.50
2007.11.30 07:26:25.884,0.997,0.9972,0.10,0.50
2007.11.30 07:26:26.217,0.997,0.9972,0.10,0.50
2007.11.30 07:26:26.395,0.997,0.9972,0.10,0.50
2007.11.30 07:26:26.573,0.997,0.9972,0.10,0.50
2007.11.30 07:26:26.757,0.997,0.9972,0.10,0.50
2007.11.30 07:26:26.929,0.997,0.9972,0.10,0.50
2007.11.30 07:26:27.107,0.997,0.9972,0.10,0.50
2007.11.30 07:26:27.285,0.997,0.9972,0.10,0.50
2007.11.30 07:26:27.587,0.997,0.9972,0.10,0.50
2007.11.30 07:26:27.891,0.997,0.9972,0.10,0.50
2007.11.30 07:26:28.289,0.99695,0.9972,3.80,0.50
2007.11.30 07:26:28.433,0.99695,0.9972,1.40,0.50
2007.11.30 07:26:28.577,0.99695,0.9972,1.40,0.50
2007.11.30 07:26:28.720,0.99695,0.9972,1.40,0.50
2007.11.30 07:26:28.864,0.99695,0.9972,1.40,0.50
2007.11.30 07:26:29.007,0.99695,0.9972,1.40,0.50
2007.11.30 07:26:29.156,0.99695,0.9972,1.40,0.50
2007.11.30 07:26:29.300,0.99695,0.9972,1.40,0.50
2007.11.30 07:26:29.634,0.99695,0.9972,1.40,0.50
2007.11.30 07:26:29.969,0.99695,0.9972,1.40,0.50
2007.11.30 07:26:30.302,0.99695,0.9972,1.40,0.50
2007.11.30 07:26:30.519,0.99695,0.9972,1.40,0.50
2007.11.30 07:26:30.737,0.99695,0.9972,1.40,0.50
2007.11.30 07:26:30.956,0.99695,0.9972,1.40,0.50
2007.11.30 07:26:31.173,0.99695,0.9972,1.40,0.50
2007.11.30 07:26:31.393,0.997,0.9972,0.10,0.50
2007.11.30 07:26:31.688,0.997,0.9972,0.10,0.50
2007.11.30 07:26:31.982,0.997,0.9972,0.10,0.50
2007.11.30 07:26:32.275,0.99705,0.9972,0.10,0.50
2007.11.30 07:26:32.567,0.99705,0.9972,0.10,0.50
2007.11.30 07:26:32.836,0.99705,0.9972,0.10,0.50
2007.11.30 07:26:33.104,0.99705,0.9972,0.10,0.50
2007.11.30 07:26:33.376,0.99705,0.9972,0.10,0.50
2007.11.30 07:26:33.593,0.99705,0.9972,0.10,0.50
2007.11.30 07:26:33.812,0.99705,0.9972,0.10,0.50
2007.11.30 07:26:34.028,0.99705,0.9972,0.10,0.50
2007.11.30 07:26:34.246,0.99705,0.9972,0.10,0.50
2007.11.30 07:26:34.466,0.99705,0.9972,0.10,0.50
2007.11.30 07:26:34.748,0.99705,0.9972,0.10,0.50
2007.11.30 07:26:35.031,0.99705,0.9972,0.10,0.50
2007.11.30 07:26:35.320,0.99705,0.9972,0.10,0.50
2007.11.30 07:26:35.602,0.99705,0.9972,0.10,0.50
2007.11.30 07:26:35.855,0.99705,0.9972,0.10,0.50
2007.11.30 07:26:36.107,0.99705,0.9972,0.10,0.50
2007.11.30 07:26:36.361,0.99705,0.9972,0.10,0.50
2007.11.30 07:26:36.614,0.99705,0.9972,0.10,0.50
2007.11.30 07:26:36.907,0.99705,0.9972,0.10,0.50
2007.11.30 07:26:37.201,0.99705,0.9972,0.10,0.50
2007.11.30 07:26:37.493,0.99705,0.9972,0.10,0.50
2007.11.30 07:26:37.786,0.99705,0.9972,0.10,0.50
2007.11.30 07:26:38.010,0.99705,0.9972,0.10,0.50
2007.11.30 07:26:38.232,0.99705,0.9972,0.10,0.50
2007.11.30 07:26:38.455,0.99705,0.9972,0.10,0.50
2007.11.30 07:26:38.679,0.99705,0.9972,0.10,0.50
2007.11.30 07:26:38.883,0.99705,0.9972,0.10,0.50
2007.11.30 07:26:39.085,0.99705,0.9972,0.10,0.50
2007.11.30 07:26:39.287,0.99705,0.9972,0.10,0.50
2007.11.30 07:26:39.491,0.99705,0.9972,0.10,0.50
2007.11.30 07:26:39.693,0.99705,0.9972,0.10,0.50
2007.11.30 07:26:39.937,0.99705,0.9972,0.10,0.50
2007.11.30 07:26:40.179,0.99705,0.9972,0.10,0.50
2007.11.30 07:26:40.422,0.99705,0.9972,0.10,0.50
2007.11.30 07:26:40.665,0.99705,0.9972,0.10,0.50
2007.11.30 07:26:40.877,0.99705,0.9972,0.10,0.50
2007.11.30 07:26:41.090,0.99705,0.9972,0.10,0.50
2007.11.30 07:26:41.303,0.99705,0.9972,0.10,0.50
2007.11.30 07:26:41.516,0.99705,0.9972,0.10,0.50
2007.11.30 07:26:41.729,0.99705,0.9972,0.10,0.50
2007.11.30 07:26:42.016,0.99705,0.9972,0.10,0.50
2007.11.30 07:26:42.309,0.99705,0.9972,0.10,0.50
2007.11.30 07:26:42.598,0.99705,0.9972,0.10,0.50
2007.11.30 07:26:42.886,0.99705,0.9972,0.10,0.50
2007.11.30 07:26:43.130,0.99705,0.9972,0.10,0.50
2007.11.30 07:26:43.373,0.99705,0.9972,0.10,0.50
2007.11.30 07:26:43.616,0.99705,0.9972,0.10,0.50
2007.11.30 07:26:43.859,0.99705,0.9972,0.10,0.50
2007.11.30 07:26:44.093,0.99705,0.9972,0.10,0.50
2007.11.30 07:26:44.326,0.99705,0.9972,0.10,0.50
2007.11.30 07:26:44.559,0.99705,0.9972,0.10,0.50
2007.11.30 07:26:44.791,0.99705,0.9972,0.10,0.50
2007.11.30 07:26:45.026,0.99705,0.9972,0.10,0.50
2007.11.30 07:26:45.274,0.99705,0.9972,0.10,0.50
2007.11.30 07:26:45.521,0.99705,0.9972,0.10,0.50
2007.11.30 07:26:45.769,0.99705,0.9972,0.10,0.50
2007.11.30 07:26:46.016,0.99705,0.9972,0.10,0.50
2007.11.30 07:26:46.264,0.99705,0.9972,0.10,0.50
2007.11.30 07:26:46.512,0.99705,0.9972,0.10,0.50
2007.11.30 07:26:46.783,0.99705,0.9972,0.10,0.50
2007.11.30 07:26:47.032,0.99705,0.9972,0.10,0.50
2007.11.30 07:26:47.253,0.99705,0.9972,0.10,0.50
2007.11.30 07:26:47.459,0.99705,0.9972,0.10,0.50
2007.11.30 07:26:47.675,0.99705,0.9972,0.10,0.50
2007.11.30 07:26:47.889,0.99705,0.9972,0.10,0.50
2007.11.30 07:26:48.102,0.99705,0.9972,0.10,0.50
2007.11.30 07:26:48.360,0.99705,0.9972,0.10,0.50
2007.11.30 07:26:48.627,0.99705,0.9972,0.10,0.50
2007.11.30 07:26:48.883,0.99705,0.9972,0.10,0.50
2007.11.30 07:26:49.141,0.99705,0.9972,0.10,0.50
2007.11.30 07:26:49.384,0.99705,0.9972,0.10,0.50
2007.11.30 07:26:49.634,0.99705,0.9972,0.10,0.50
2007.11.30 07:26:49.870,0.99705,0.9972,0.10,0.50
2007.11.30 07:26:50.113,0.99705,0.9972,0.10,0.50
2007.11.30 07:26:50.168,0.99705,0.99725,0.10,6.50
2007.11.30 07:26:50.356,0.99705,0.9972,0.10,0.50
2007.11.30 07:26:50.619,0.99705,0.9972,0.10,0.50
2007.11.30 07:26:50.881,0.99705,0.99725,0.10,6.50
2007.11.30 07:26:51.144,0.99705,0.9972,0.10,0.50
2007.11.30 07:26:51.383,0.99705,0.9972,0.10,0.50
2007.11.30 07:26:51.621,0.99705,0.9972,0.10,0.50
2007.11.30 07:26:51.858,0.99705,0.9972,0.10,0.50
2007.11.30 07:26:52.096,0.99705,0.9972,0.10,0.50
2007.11.30 07:26:52.334,0.99705,0.9972,0.10,0.50
2007.11.30 07:26:52.603,0.99705,0.9972,0.10,0.50
2007.11.30 07:26:52.947,0.99705,0.9972,0.10,0.50
2007.11.30 07:26:53.214,0.99705,0.9972,0.10,0.50
2007.11.30 07:26:53.398,0.99705,0.9972,0.10,0.50
2007.11.30 07:26:53.580,0.99705,0.9972,0.10,0.50
2007.11.30 07:26:53.763,0.99705,0.9972,0.10,0.50
2007.11.30 07:26:53.945,0.99705,0.9972,0.10,0.50
2007.11.30 07:26:54.131,0.99705,0.9972,0.10,0.50
2007.11.30 07:26:54.314,0.99705,0.9972,0.10,0.50
2007.11.30 07:26:54.647,0.99705,0.9972,0.10,0.50
2007.11.30 07:26:54.980,0.99705,0.9972,0.10,0.50
2007.11.30 07:26:55.313,0.99705,0.9972,0.10,0.50
2007.11.30 07:26:55.531,0.99705,0.9972,0.10,0.50
2007.11.30 07:26:55.755,0.99705,0.9972,0.10,0.50
2007.11.30 07:26:55.966,0.99705,0.9972,0.10,0.50
2007.11.30 07:26:56.190,0.99705,0.9972,0.10,0.50
2007.11.30 07:26:56.402,0.99705,0.9972,0.10,0.50
2007.11.30 07:26:56.675,0.99705,0.9972,0.10,0.50
2007.11.30 07:26:56.949,0.99705,0.9972,0.10,0.50
2007.11.30 07:26:57.222,0.99705,0.9972,0.10,0.50
2007.11.30 07:26:57.496,0.99705,0.9972,0.10,0.50
2007.11.30 07:26:57.693,0.99705,0.9972,0.10,0.50
2007.11.30 07:26:57.891,0.99705,0.9972,0.10,0.50
2007.11.30 07:26:58.088,0.99705,0.9972,0.10,0.50
2007.11.30 07:26:58.286,0.99705,0.9972,0.10,0.50
2007.11.30 07:26:58.484,0.99705,0.9972,0.10,0.50
2007.11.30 07:26:58.737,0.99705,0.9972,0.10,0.50
2007.11.30 07:26:59.111,0.99705,0.9972,0.10,0.50
2007.11.30 07:26:59.365,0.99705,0.9972,0.10,0.50
2007.11.30 07:26:59.553,0.99705,0.9972,0.10,0.50
2007.11.30 07:26:59.743,0.99705,0.9972,0.10,0.50
2007.11.30 07:26:59.932,0.99705,0.9972,0.10,0.50
2007.11.30 07:27:00.128,0.99705,0.9972,0.10,0.50
2007.11.30 07:27:00.315,0.99705,0.9972,0.10,0.50
2007.11.30 07:27:00.503,0.99705,0.9972,0.10,0.50
2007.11.30 07:27:00.841,0.99705,0.9972,0.10,0.50
2007.11.30 07:27:01.171,0.99705,0.9972,0.10,0.50
2007.11.30 07:27:01.502,0.9971,0.99725,0.10,1.60
2007.11.30 07:27:01.713,0.9971,0.99725,0.10,1.60
2007.11.30 07:27:01.926,0.9971,0.99725,0.10,1.60
2007.11.30 07:27:02.138,0.9971,0.99725,0.10,1.60
2007.11.30 07:27:02.351,0.9971,0.99725,0.10,1.60
2007.11.30 07:27:02.564,0.9971,0.99725,0.10,1.60
2007.11.30 07:27:02.872,0.9971,0.99725,0.10,1.60
2007.11.30 07:27:03.169,0.9971,0.99725,0.10,1.60
2007.11.30 07:27:03.472,0.9971,0.99725,0.10,1.60
2007.11.30 07:27:03.775,0.9971,0.99725,0.10,1.60
2007.11.30 07:27:04.008,0.9971,0.99725,0.10,1.60
2007.11.30 07:27:04.240,0.99705,0.99725,0.20,2.00
2007.11.30 07:27:04.473,0.99705,0.99725,0.20,6.00
2007.11.30 07:27:04.707,0.99705,0.99725,0.20,6.00
2007.11.30 07:27:04.941,0.99705,0.99725,0.20,6.00
2007.11.30 07:27:05.288,0.99705,0.99725,0.20,6.00
2007.11.30 07:27:05.519,0.99705,0.99725,0.20,6.00
2007.11.30 07:27:05.753,0.99705,0.99725,0.20,6.00
2007.11.30 07:27:06.042,0.99705,0.99725,0.20,6.00
2007.11.30 07:27:06.329,0.99705,0.99725,0.20,6.00
2007.11.30 07:27:06.618,0.99705,0.99725,0.20,6.00
2007.11.30 07:27:06.810,0.99705,0.99725,0.20,6.00
2007.11.30 07:27:07.002,0.99705,0.99725,0.20,6.00
2007.11.30 07:27:07.195,0.99705,0.99725,0.20,6.00
2007.11.30 07:27:07.389,0.99705,0.99725,0.20,6.00
2007.11.30 07:27:07.581,0.99705,0.99725,0.20,6.00
2007.11.30 07:27:07.773,0.99705,0.99725,0.20,6.00
2007.11.30 07:27:08.078,0.99705,0.99725,0.20,6.00
2007.11.30 07:27:08.376,0.99705,0.99725,0.20,6.00
2007.11.30 07:27:08.675,0.99705,0.99725,0.20,6.00
2007.11.30 07:27:08.843,0.99705,0.99725,0.20,6.00
2007.11.30 07:27:09.010,0.99705,0.99725,0.20,6.00
2007.11.30 07:27:09.178,0.99705,0.99725,0.20,6.00
2007.11.30 07:27:09.345,0.99705,0.99725,0.20,6.00
2007.11.30 07:27:09.513,0.99705,0.99725,0.20,6.00
2007.11.30 07:27:09.680,0.99705,0.99725,0.20,6.00
2007.11.30 07:27:09.984,0.99705,0.99725,0.20,6.00
2007.11.30 07:27:10.286,0.99705,0.99725,0.20,6.00
2007.11.30 07:27:10.588,0.99705,0.99725,0.20,6.00
2007.11.30 07:27:10.891,0.99705,0.99725,0.20,6.00
2007.11.30 07:27:11.109,0.99705,0.99725,0.20,6.00
2007.11.30 07:27:11.454,0.99705,0.99725,0.20,6.00
2007.11.30 07:27:11.673,0.99705,0.99725,0.20,6.00
2007.11.30 07:27:11.890,0.99705,0.99725,0.20,6.00
2007.11.30 07:27:12.088,0.99705,0.99725,0.20,6.00
2007.11.30 07:27:12.286,0.99705,0.99725,0.20,6.00
2007.11.30 07:27:12.484,0.99705,0.99725,0.20,6.00
2007.11.30 07:27:12.682,0.99705,0.99725,0.20,6.00
2007.11.30 07:27:12.880,0.99705,0.99725,0.20,6.00
2007.11.30 07:27:13.078,0.99705,0.99725,0.20,6.00
2007.11.30 07:27:13.356,0.99705,0.99725,0.20,6.00
2007.11.30 07:27:13.634,0.99705,0.99725,0.20,6.00
2007.11.30 07:27:13.912,0.99705,0.99725,0.20,6.00
2007.11.30 07:27:14.190,0.99705,0.99725,0.20,6.00
2007.11.30 07:27:14.374,0.99705,0.99725,0.20,6.00
2007.11.30 07:27:14.556,0.99705,0.99725,0.20,6.00
2007.11.30 07:27:14.738,0.99705,0.99725,0.20,6.00
2007.11.30 07:27:14.921,0.99705,0.99725,0.20,6.00
2007.11.30 07:27:15.104,0.99705,0.99725,0.20,6.00
2007.11.30 07:27:15.412,0.99705,0.99725,0.20,6.00
2007.11.30 07:27:15.720,0.99705,0.99725,0.20,6.00
2007.11.30 07:27:16.027,0.99705,0.99725,0.20,6.00
2007.11.30 07:27:16.261,0.99705,0.99725,0.20,6.00
2007.11.30 07:27:16.493,0.99705,0.99725,0.20,6.00
2007.11.30 07:27:16.726,0.99705,0.99725,0.20,6.00
2007.11.30 07:27:16.959,0.99705,0.99725,0.20,6.00
2007.11.30 07:27:17.211,0.99705,0.99725,0.20,6.00
2007.11.30 07:27:17.617,0.99705,0.99725,0.20,6.00
2007.11.30 07:27:17.870,0.99705,0.99725,0.20,6.00
2007.11.30 07:27:18.122,0.99705,0.99725,0.20,6.00
2007.11.30 07:27:18.371,0.99705,0.99725,0.20,6.00
2007.11.30 07:27:18.620,0.99705,0.99725,0.20,0.50
2007.11.30 07:27:18.867,0.99705,0.99725,0.20,6.00
2007.11.30 07:27:19.115,0.99705,0.99725,0.20,6.00
2007.11.30 07:27:19.377,0.99705,0.99725,0.20,6.00
2007.11.30 07:27:19.640,0.99705,0.99725,0.20,6.00
2007.11.30 07:27:19.903,0.99705,0.99725,0.20,6.00
2007.11.30 07:27:20.166,0.99705,0.99725,0.20,6.00
2007.11.30 07:27:20.444,0.99705,0.99725,0.20,6.00
2007.11.30 07:27:20.723,0.99705,0.99725,0.20,6.00
2007.11.30 07:27:21.003,0.99705,0.99725,0.20,6.00
2007.11.30 07:27:21.279,0.99705,0.99725,0.20,6.00
2007.11.30 07:27:21.493,0.99705,0.99725,0.20,4.40
2007.11.30 07:27:21.706,0.99705,0.99725,0.20,4.40
2007.11.30 07:27:21.919,0.99705,0.99725,0.20,4.40
2007.11.30 07:27:22.131,0.99705,0.99725,0.20,4.40
2007.11.30 07:27:22.410,0.99705,0.99725,0.20,4.40
2007.11.30 07:27:22.688,0.99705,0.99725,0.20,4.40
2007.11.30 07:27:22.966,0.99705,0.99725,0.20,4.40
2007.11.30 07:27:23.243,0.99705,0.99725,0.20,4.40
2007.11.30 07:27:23.457,0.99705,0.99725,0.20,4.40
2007.11.30 07:27:23.783,0.99705,0.99725,0.20,4.40
2007.11.30 07:27:23.998,0.99705,0.99725,0.20,4.40
2007.11.30 07:27:24.211,0.99705,0.99725,0.20,4.40
2007.11.30 07:27:24.475,0.99705,0.99725,0.20,4.40
2007.11.30 07:27:24.738,0.99705,0.99725,0.20,4.40
2007.11.30 07:27:25.007,0.99705,0.99725,0.20,4.40
2007.11.30 07:27:25.271,0.9971,0.99725,0.10,4.00
2007.11.30 07:27:25.500,0.9971,0.99735,0.10,2.40
2007.11.30 07:27:25.728,0.99715,0.99745,4.00,2.40
2007.11.30 07:27:25.958,0.99715,0.99755,4.00,0.60
2007.11.30 07:27:26.188,0.99715,0.99755,4.00,0.60
2007.11.30 07:27:26.415,0.99715,0.99755,4.00,0.60
2007.11.30 07:27:26.715,0.99715,0.99755,4.00,0.50
2007.11.30 07:27:27.013,0.99715,0.99755,8.00,0.50
2007.11.30 07:27:27.311,0.99715,0.99755,8.00,0.50
2007.11.30 07:27:27.554,0.99715,0.99755,8.00,0.50
2007.11.30 07:27:27.796,0.99715,0.99755,8.00,0.50
2007.11.30 07:27:28.039,0.99715,0.99755,8.00,0.50
2007.11.30 07:27:28.289,0.99715,0.99755,8.00,0.50
2007.11.30 07:27:28.533,0.99715,0.99755,8.00,0.50
2007.11.30 07:27:28.732,0.99715,0.99755,8.00,0.50
2007.11.30 07:27:28.930,0.99715,0.99755,8.00,0.50
2007.11.30 07:27:29.128,0.99715,0.99755,8.00,0.50
2007.11.30 07:27:29.326,0.99715,0.99755,8.00,0.50
2007.11.30 07:27:29.609,0.99715,0.99755,8.00,0.50
2007.11.30 07:27:29.950,0.99715,0.99755,8.00,0.50
2007.11.30 07:27:30.233,0.99715,0.99755,8.00,0.50
2007.11.30 07:27:30.516,0.99715,0.99755,8.00,0.50
2007.11.30 07:27:30.759,0.99715,0.99755,8.00,0.50
2007.11.30 07:27:31.001,0.99715,0.99755,8.00,0.50
2007.11.30 07:27:31.244,0.99715,0.99755,8.00,0.50
2007.11.30 07:27:31.487,0.99715,0.99755,8.00,0.50
2007.11.30 07:27:31.722,0.99715,0.99755,8.00,0.50
2007.11.30 07:27:31.954,0.99715,0.99755,8.00,0.50
2007.11.30 07:27:32.187,0.99715,0.99755,8.00,0.50
2007.11.30 07:27:32.419,0.99715,0.99755,8.00,0.50
2007.11.30 07:27:32.677,0.99715,0.99755,8.00,0.50
2007.11.30 07:27:32.942,0.99715,0.99755,8.00,0.50
2007.11.30 07:27:33.199,0.99715,0.99755,8.00,0.50
2007.11.30 07:27:33.457,0.99715,0.99755,8.00,0.50
2007.11.30 07:27:33.720,0.99715,0.99755,8.00,0.50
2007.11.30 07:27:33.984,0.99715,0.99755,8.00,0.50
2007.11.30 07:27:34.256,0.99715,0.99755,8.00,0.50
2007.11.30 07:27:34.518,0.99715,0.99755,8.00,0.50
2007.11.30 07:27:34.746,0.99715,0.99755,8.00,0.50
2007.11.30 07:27:34.977,0.99715,0.99755,8.00,0.50
2007.11.30 07:27:35.204,0.99715,0.99755,8.00,0.50
2007.11.30 07:27:35.436,0.99715,0.99755,8.00,0.50
2007.11.30 07:27:35.664,0.99715,0.99755,8.00,0.50
2007.11.30 07:27:36.103,0.99715,0.99755,8.00,0.50
2007.11.30 07:27:36.396,0.9971,0.99755,8.10,0.50
2007.11.30 07:27:36.692,0.9971,0.99755,8.10,0.50
2007.11.30 07:27:36.888,0.9971,0.99755,8.10,0.50
2007.11.30 07:27:37.088,0.9971,0.99755,8.10,0.50
2007.11.30 07:27:37.286,0.9971,0.99755,8.10,0.50
2007.11.30 07:27:37.486,0.9971,0.99755,8.10,0.50
2007.11.30 07:27:37.684,0.9971,0.9977,8.10,7.40
2007.11.30 07:27:38.003,0.9971,0.9977,8.10,7.40
2007.11.30 07:27:38.321,0.9971,0.9977,8.10,7.40
2007.11.30 07:27:38.639,0.9971,0.9977,8.10,7.40
2007.11.30 07:27:38.891,0.9971,0.9977,8.10,7.40
2007.11.30 07:27:39.144,0.9971,0.9977,8.10,7.40
2007.11.30 07:27:39.396,0.9971,0.9977,8.10,7.40
2007.11.30 07:27:39.650,0.9971,0.9977,8.10,7.40
2007.11.30 07:27:39.904,0.9971,0.9977,8.10,7.40
2007.11.30 07:27:40.156,0.9971,0.9977,8.10,7.40
2007.11.30 07:27:40.410,0.9971,0.9977,8.10,7.40
2007.11.30 07:27:40.663,0.9971,0.9977,8.10,7.40
2007.11.30 07:27:40.883,0.9971,0.9977,8.10,7.40
2007.11.30 07:27:41.089,0.9971,0.9977,8.10,7.40
2007.11.30 07:27:41.302,0.9971,0.9977,8.10,7.40
2007.11.30 07:27:41.516,0.9971,0.9977,8.10,7.40
2007.11.30 07:27:41.729,0.9971,0.9977,8.10,7.40
2007.11.30 07:27:42.017,0.9971,0.9977,8.10,7.40
2007.11.30 07:27:42.305,0.9971,0.9977,8.10,7.40
2007.11.30 07:27:42.593,0.9971,0.9977,8.10,7.40
2007.11.30 07:27:42.831,0.9971,0.9977,8.10,7.40
2007.11.30 07:27:43.075,0.9971,0.9977,8.10,7.40
2007.11.30 07:27:43.313,0.9971,0.9977,8.10,7.40
2007.11.30 07:27:43.552,0.9971,0.9977,8.10,7.40
2007.11.30 07:27:43.789,0.9971,0.9977,8.10,7.40
2007.11.30 07:27:44.097,0.9971,0.9977,8.10,7.40
2007.11.30 07:27:44.405,0.9971,0.9977,8.10,7.40
2007.11.30 07:27:44.712,0.9971,0.9977,8.10,7.40
2007.11.30 07:27:45.020,0.9971,0.9977,8.10,7.40
2007.11.30 07:27:45.188,0.9971,0.9977,8.10,7.40
2007.11.30 07:27:45.356,0.9971,0.9977,8.10,7.40
2007.11.30 07:27:45.523,0.9971,0.9977,8.10,7.40
2007.11.30 07:27:45.700,0.9971,0.9977,8.10,7.40
2007.11.30 07:27:45.860,0.9971,0.9977,8.10,7.40
2007.11.30 07:27:46.163,0.9971,0.9977,8.10,7.40
2007.11.30 07:27:46.465,0.9971,0.9977,8.10,7.40
2007.11.30 07:27:46.768,0.9971,0.9977,8.10,7.40
2007.11.30 07:27:46.976,0.9971,0.9977,8.10,7.40
2007.11.30 07:27:47.185,0.9971,0.9977,8.10,7.40
2007.11.30 07:27:47.393,0.9971,0.9977,8.10,7.40
2007.11.30 07:27:47.600,0.9971,0.9977,8.10,7.40
2007.11.30 07:27:47.808,0.9971,0.9977,8.10,7.40
2007.11.30 07:27:48.031,0.9971,0.9977,8.10,7.40
2007.11.30 07:27:48.254,0.9971,0.9977,8.10,7.40
2007.11.30 07:27:48.477,0.9971,0.9977,8.10,7.40
2007.11.30 07:27:48.700,0.9971,0.9977,8.10,7.40
2007.11.30 07:27:48.923,0.9971,0.9977,8.10,7.40
2007.11.30 07:27:49.192,0.9971,0.9977,8.10,7.40
2007.11.30 07:27:49.460,0.9971,0.9977,8.10,7.40
2007.11.30 07:27:49.727,0.9971,0.9977,8.10,7.40
2007.11.30 07:27:49.995,0.9971,0.9977,8.10,7.40
2007.11.30 07:27:50.188,0.9971,0.9977,8.10,7.40
2007.11.30 07:27:50.382,0.9971,0.9977,8.10,7.40
2007.11.30 07:27:50.574,0.9971,0.9977,8.10,7.40
2007.11.30 07:27:50.768,0.9971,0.9977,8.10,7.40
2007.11.30 07:27:50.960,0.9971,0.9977,8.10,7.40
2007.11.30 07:27:51.233,0.9971,0.99765,8.10,0.60
2007.11.30 07:27:51.507,0.9971,0.99765,8.10,0.60
2007.11.30 07:27:51.779,0.9971,0.99765,8.10,0.60
2007.11.30 07:27:52.052,0.9971,0.99765,8.10,0.60
2007.11.30 07:27:52.280,0.9971,0.99765,8.10,0.60
2007.11.30 07:27:52.507,0.9971,0.99765,8.10,0.60
2007.11.30 07:27:52.736,0.9971,0.99765,8.10,0.60
2007.11.30 07:27:52.969,0.9971,0.99765,8.10,0.60
2007.11.30 07:27:53.207,0.9971,0.99765,8.10,0.60
2007.11.30 07:27:53.445,0.9971,0.99765,8.10,0.60
2007.11.30 07:27:53.682,0.9971,0.99765,8.10,0.60
2007.11.30 07:27:53.920,0.9971,0.99765,8.10,0.60
2007.11.30 07:27:54.158,0.9971,0.99765,8.10,0.60
2007.11.30 07:27:54.396,0.9971,0.99765,8.10,0.60
2007.11.30 07:27:54.633,0.9971,0.99765,8.10,0.60
2007.11.30 07:27:54.872,0.9971,0.99765,8.10,0.60
2007.11.30 07:27:55.109,0.9971,0.99765,8.10,0.60
2007.11.30 07:27:55.292,0.9971,0.9976,18.30,0.60
2007.11.30 07:27:55.475,0.9971,0.9976,18.30,0.60
2007.11.30 07:27:55.659,0.9971,0.9976,18.30,0.60
2007.11.30 07:27:55.841,0.9971,0.9976,18.30,0.60
2007.11.30 07:27:56.030,0.9971,0.9976,18.30,0.60
2007.11.30 07:27:56.213,0.9971,0.9976,18.30,0.60
2007.11.30 07:27:56.495,0.9971,0.9976,18.30,0.60
2007.11.30 07:27:56.778,0.9971,0.9976,18.30,0.60
2007.11.30 07:27:57.061,0.9971,0.9976,18.30,0.60
2007.11.30 07:27:57.353,0.9971,0.9976,18.30,0.60
2007.11.30 07:27:57.588,0.9971,0.9976,18.30,0.60
2007.11.30 07:27:57.831,0.9971,0.9976,18.30,0.60
2007.11.30 07:27:58.074,0.9971,0.9976,18.30,0.60
2007.11.30 07:27:58.148,0.9971,0.9977,18.30,24.70
2007.11.30 07:27:58.317,0.9971,0.9977,18.30,24.70
2007.11.30 07:27:58.570,0.9971,0.9976,18.30,0.60
2007.11.30 07:27:58.823,0.9971,0.9977,18.30,24.70
2007.11.30 07:27:59.076,0.9971,0.9977,18.30,24.70
2007.11.30 07:27:59.329,0.9971,0.9977,18.30,24.70
2007.11.30 07:27:59.547,0.9971,0.9976,18.30,0.60
2007.11.30 07:27:59.765,0.9971,0.9977,18.30,24.70
2007.11.30 07:27:59.983,0.9971,0.9976,18.30,0.60
2007.11.30 07:28:00.201,0.9971,0.9976,18.30,0.60
2007.11.30 07:28:00.418,0.9971,0.9977,18.30,24.70
2007.11.30 07:28:00.784,0.9971,0.9976,18.30,0.60
2007.11.30 07:28:01.131,0.9971,0.9977,18.30,24.70
2007.11.30 07:28:01.466,0.9971,0.9977,18.30,24.70
2007.11.30 07:28:01.674,0.9971,0.9976,18.30,0.60
2007.11.30 07:28:01.882,0.9971,0.9976,18.30,0.60
2007.11.30 07:28:02.090,0.9971,0.9977,18.30,24.70
2007.11.30 07:28:02.306,0.9971,0.9977,18.30,24.70
2007.11.30 07:28:02.513,0.9971,0.9977,18.30,24.70
2007.11.30 07:28:02.797,0.9971,0.9977,18.30,24.70
2007.11.30 07:28:03.079,0.9971,0.9976,18.30,0.60
2007.11.30 07:28:03.362,0.9971,0.9977,18.30,24.70
2007.11.30 07:28:03.645,0.9971,0.9976,18.30,0.60
2007.11.30 07:28:03.872,0.9971,0.9977,18.30,24.70
2007.11.30 07:28:04.101,0.9971,0.9977,18.30,24.70
2007.11.30 07:28:04.329,0.9971,0.9976,18.30,0.60
2007.11.30 07:28:04.557,0.9971,0.9976,18.30,0.60
2007.11.30 07:28:04.784,0.9971,0.9976,18.30,0.60
2007.11.30 07:28:05.012,0.9971,0.9977,18.30,24.70
2007.11.30 07:28:05.241,0.9971,0.9976,15.90,0.60
2007.11.30 07:28:05.469,0.9971,0.9977,15.90,24.70
2007.11.30 07:28:05.698,0.9971,0.9977,15.90,24.70
2007.11.30 07:28:05.963,0.9971,0.9977,15.90,24.70
2007.11.30 07:28:06.226,0.9971,0.9976,15.90,0.60
2007.11.30 07:28:06.488,0.9971,0.9976,15.90,0.60
2007.11.30 07:28:06.758,0.9971,0.9977,18.30,24.70
2007.11.30 07:28:06.946,0.9971,0.9976,18.30,0.60
2007.11.30 07:28:07.131,0.9971,0.9977,10.30,17.20
2007.11.30 07:28:07.326,0.9971,0.9976,10.20,0.60
2007.11.30 07:28:07.513,0.9971,0.9976,10.20,0.60
2007.11.30 07:28:07.701,0.9971,0.9977,10.20,17.20
2007.11.30 07:28:07.959,0.9971,0.9976,10.20,0.60
2007.11.30 07:28:08.216,0.9971,0.9977,10.20,17.20
2007.11.30 07:28:08.479,0.9971,0.9976,10.20,0.60
2007.11.30 07:28:08.736,0.9971,0.9976,10.20,0.60
2007.11.30 07:28:08.924,0.9971,0.9977,10.20,17.20
2007.11.30 07:28:09.111,0.9971,0.9976,10.20,0.60
2007.11.30 07:28:09.299,0.9971,0.9976,10.20,0.60
2007.11.30 07:28:09.487,0.9971,0.9977,10.20,17.20
2007.11.30 07:28:09.675,0.9971,0.9977,10.20,17.20
2007.11.30 07:28:09.862,0.9971,0.9976,10.20,0.60
2007.11.30 07:28:10.131,0.9971,0.9977,10.20,17.20
2007.11.30 07:28:10.398,0.9971,0.9976,10.20,0.60
2007.11.30 07:28:10.665,0.9971,0.9977,10.20,17.20
2007.11.30 07:28:10.933,0.9971,0.9977,10.20,17.20
2007.11.30 07:28:11.170,0.9971,0.9976,10.20,0.60
2007.11.30 07:28:11.407,0.9971,0.9976,10.20,0.60
2007.11.30 07:28:11.644,0.9971,0.9976,10.20,0.60
2007.11.30 07:28:11.883,0.9971,0.99765,0.10,1.50
2007.11.30 07:28:12.167,0.9971,0.99765,0.10,15.20
2007.11.30 07:28:12.450,0.9971,0.99765,0.10,15.20
2007.11.30 07:28:12.733,0.9971,0.99765,0.10,15.20
2007.11.30 07:28:13.102,0.9971,0.9976,0.10,0.50
2007.11.30 07:28:13.331,0.9971,0.9976,0.10,0.50
2007.11.30 07:28:13.565,0.9971,0.9976,0.10,0.50
2007.11.30 07:28:13.794,0.9971,0.9976,0.10,0.50
2007.11.30 07:28:14.023,0.9971,0.99755,0.10,4.70
2007.11.30 07:28:14.243,0.9971,0.9975,0.10,0.50
2007.11.30 07:28:14.468,0.9971,0.99755,0.10,11.10
2007.11.30 07:28:14.679,0.9971,0.9975,0.10,0.50
2007.11.30 07:28:14.897,0.9971,0.99755,0.10,8.70
2007.11.30 07:28:15.115,0.9971,0.99755,0.10,11.10
2007.11.30 07:28:15.355,0.9971,0.9975,0.10,0.50
2007.11.30 07:28:15.592,0.9971,0.9975,0.10,0.50
2007.11.30 07:28:15.830,0.9971,0.9975,0.10,0.50
2007.11.30 07:28:16.068,0.9971,0.99755,0.10,11.10
2007.11.30 07:28:16.276,0.9971,0.99755,0.10,11.10
2007.11.30 07:28:16.491,0.9971,0.99755,0.10,11.10
2007.11.30 07:28:16.699,0.9971,0.9975,0.10,0.50
2007.11.30 07:28:16.912,0.9971,0.99755,0.10,11.10
2007.11.30 07:28:17.114,0.9971,0.99755,0.10,11.10
2007.11.30 07:28:17.362,0.9971,0.9975,0.10,0.50
2007.11.30 07:28:17.610,0.9971,0.9975,0.10,0.50
2007.11.30 07:28:17.862,0.9971,0.99755,0.10,11.10
2007.11.30 07:28:18.110,0.9971,0.9975,0.10,0.50
2007.11.30 07:28:18.346,0.9971,0.9975,0.10,0.50
2007.11.30 07:28:18.579,0.9971,0.9975,0.10,0.50
2007.11.30 07:28:18.811,0.9971,0.99755,0.10,11.10
2007.11.30 07:28:19.044,0.9971,0.99755,0.10,11.10
2007.11.30 07:28:19.276,0.9971,0.9975,0.10,0.50
2007.11.30 07:28:19.489,0.9971,0.99755,0.10,11.10
2007.11.30 07:28:19.702,0.9971,0.9975,0.10,0.50
2007.11.30 07:28:19.915,0.9971,0.9975,0.10,0.50
2007.11.30 07:28:20.129,0.9971,0.9975,0.10,0.50
2007.11.30 07:28:20.341,0.9971,0.9975,0.10,0.50
2007.11.30 07:28:20.622,0.9971,0.99755,0.10,11.10
2007.11.30 07:28:20.906,0.9971,0.99755,0.10,11.10
2007.11.30 07:28:21.198,0.9971,0.9975,0.10,0.50
2007.11.30 07:28:21.264,0.9971,0.9975,0.10,0.50
2007.11.30 07:28:21.480,0.99705,0.99755,3.10,11.10
2007.11.30 07:28:21.744,0.99705,0.99755,3.10,11.10
2007.11.30 07:28:22.002,0.99705,0.99755,3.10,11.10
2007.11.30 07:28:22.262,0.9971,0.9975,0.10,0.50
2007.11.30 07:28:22.527,0.99705,0.99755,3.10,11.10
2007.11.30 07:28:22.782,0.99705,0.99755,3.10,11.10
2007.11.30 07:28:23.039,0.99705,0.99755,3.10,11.10
2007.11.30 07:28:23.292,0.99705,0.99755,3.10,11.10
2007.11.30 07:28:23.546,0.99705,0.99755,3.10,11.10
2007.11.30 07:28:23.774,0.99705,0.99755,3.10,11.10
2007.11.30 07:28:24.001,0.99705,0.99755,3.10,11.10
2007.11.30 07:28:24.229,0.99705,0.99755,3.10,11.10
2007.11.30 07:28:24.466,0.9971,0.9975,0.10,0.50
2007.11.30 07:28:24.686,0.9971,0.9975,0.10,0.50
2007.11.30 07:28:24.941,0.9971,0.9975,0.10,0.50
2007.11.30 07:28:25.189,0.99705,0.99755,3.10,11.10
2007.11.30 07:28:25.436,0.9971,0.9975,0.10,0.50
2007.11.30 07:28:25.684,0.99705,0.99755,3.10,11.10
2007.11.30 07:28:25.887,0.9971,0.9975,0.10,0.50
2007.11.30 07:28:26.090,0.99705,0.99755,3.10,11.10
2007.11.30 07:28:26.294,0.99705,0.99755,3.10,11.10
2007.11.30 07:28:26.500,0.99705,0.9975,3.10,0.50
2007.11.30 07:28:26.703,0.99705,0.9975,3.10,0.50
2007.11.30 07:28:27.036,0.9971,0.9975,0.10,0.50
2007.11.30 07:28:27.369,0.99705,0.9975,3.10,0.50
2007.11.30 07:28:27.711,0.99705,0.9975,3.10,0.50
2007.11.30 07:28:27.931,0.99705,0.9975,3.10,0.50
2007.11.30 07:28:28.159,0.99705,0.9975,3.10,0.50
2007.11.30 07:28:28.394,0.9971,0.9975,0.10,0.50
2007.11.30 07:28:28.615,0.9971,0.9975,0.10,0.50
2007.11.30 07:28:28.843,0.99705,0.9975,3.10,0.50
2007.11.30 07:28:29.181,0.9971,0.9975,0.10,0.50
2007.11.30 07:28:29.515,0.99705,0.9975,3.10,0.50
2007.11.30 07:28:29.849,0.9971,0.9975,0.10,0.50
2007.11.30 07:28:30.084,0.99705,0.9975,3.10,0.50
2007.11.30 07:28:30.317,0.99705,0.9975,3.10,0.50
2007.11.30 07:28:30.550,0.9971,0.9975,0.10,0.50
2007.11.30 07:28:30.798,0.99705,0.9975,3.10,0.50
2007.11.30 07:28:31.081,0.9971,0.9975,0.10,0.50
2007.11.30 07:28:31.364,0.9971,0.9975,0.10,0.50
2007.11.30 07:28:31.647,0.99705,0.9975,3.10,0.50
2007.11.30 07:28:31.930,0.9971,0.9975,0.10,0.50
2007.11.30 07:28:32.163,0.9971,0.9975,0.10,0.50
2007.11.30 07:28:32.396,0.9971,0.9975,0.10,0.50
2007.11.30 07:28:32.628,0.99705,0.9975,3.10,0.50
2007.11.30 07:28:32.862,0.99705,0.9975,3.10,0.50
2007.11.30 07:28:33.103,0.9971,0.9975,0.10,0.50
2007.11.30 07:28:33.435,0.99705,0.9975,3.10,0.50
2007.11.30 07:28:33.767,0.99705,0.9975,3.10,0.50
2007.11.30 07:28:34.101,0.9971,0.9975,0.10,0.50
2007.11.30 07:28:34.263,0.9971,0.9975,0.10,0.50
2007.11.30 07:28:34.427,0.99705,0.9975,3.10,0.50
2007.11.30 07:28:34.589,0.9971,0.9975,0.10,0.50
2007.11.30 07:28:34.753,0.99705,0.9975,3.10,0.50
2007.11.30 07:28:34.915,0.9971,0.9975,0.10,0.50
2007.11.30 07:28:35.199,0.99705,0.9975,3.10,0.50
2007.11.30 07:28:35.482,0.99705,0.9975,3.10,0.50
2007.11.30 07:28:35.764,0.9971,0.9975,0.10,0.50
2007.11.30 07:28:36.047,0.99705,0.9975,3.10,0.50
2007.11.30 07:28:36.322,0.99705,0.9975,3.10,0.50
2007.11.30 07:28:36.597,0.9971,0.9975,0.10,0.50
2007.11.30 07:28:36.870,0.99705,0.9975,3.10,0.50
2007.11.30 07:28:37.143,0.9971,0.9975,0.10,0.50
2007.11.30 07:28:37.396,0.9971,0.9975,0.10,0.50
2007.11.30 07:28:37.773,0.9971,0.9975,0.10,0.50
2007.11.30 07:28:38.028,0.99705,0.9975,3.10,0.50
2007.11.30 07:28:38.275,0.99705,0.9975,3.10,0.50
2007.11.30 07:28:38.531,0.9971,0.9975,0.10,0.50
2007.11.30 07:28:38.778,0.9971,0.9975,0.10,0.50
2007.11.30 07:28:39.028,0.9971,0.9975,0.10,0.50
2007.11.30 07:28:39.300,0.9971,0.9975,0.10,0.50
2007.11.30 07:28:39.573,0.99705,0.9975,3.10,0.50
2007.11.30 07:28:39.845,0.99705,0.9975,3.10,0.50
2007.11.30 07:28:40.118,0.99705,0.9975,3.10,0.50
2007.11.30 07:28:40.361,0.9971,0.9975,0.10,0.50
2007.11.30 07:28:40.457,0.99705,0.99755,3.10,11.10
2007.11.30 07:28:40.603,0.99705,0.99755,3.10,11.10
2007.11.30 07:28:40.846,0.99705,0.99755,3.10,11.10
2007.11.30 07:28:41.089,0.9971,0.9975,0.10,0.50
2007.11.30 07:28:41.387,0.99705,0.99755,3.10,11.10
2007.11.30 07:28:41.685,0.9971,0.9975,0.10,0.50
2007.11.30 07:28:41.983,0.99705,0.9975,3.10,0.50
2007.11.30 07:28:42.280,0.99705,0.9975,3.10,0.50
2007.11.30 07:28:42.539,0.99705,0.9975,3.10,0.50
2007.11.30 07:28:42.797,0.99705,0.9975,3.10,0.50
2007.11.30 07:28:43.056,0.9971,0.9975,0.10,0.50
2007.11.30 07:28:43.313,0.9971,0.9975,0.10,0.50
2007.11.30 07:28:43.605,0.9971,0.9975,0.10,0.50
2007.11.30 07:28:43.950,0.99705,0.9975,3.10,0.50
2007.11.30 07:28:44.243,0.9971,0.9975,1.80,5.40
2007.11.30 07:28:44.492,0.997,0.9975,25.90,5.40
2007.11.30 07:28:44.739,0.997,0.9975,25.90,5.40
2007.11.30 07:28:44.987,0.997,0.9975,25.90,5.40
2007.11.30 07:28:45.235,0.9969,0.9976,8.80,7.40
2007.11.30 07:28:45.482,0.9969,0.9976,8.80,7.40
2007.11.30 07:28:45.750,0.997,0.9976,2.40,7.40
2007.11.30 07:28:46.018,0.9969,0.9976,8.80,7.40
2007.11.30 07:28:46.287,0.9969,0.9976,8.80,7.40
2007.11.30 07:28:46.556,0.997,0.99735,4.10,0.50
2007.11.30 07:28:46.825,0.99705,0.99735,3.10,0.50
2007.11.30 07:28:47.093,0.99705,0.99735,3.10,0.50
2007.11.30 07:28:47.362,0.99705,0.99735,3.10,0.50
2007.11.30 07:28:47.640,0.99715,0.99735,0.10,0.50
2007.11.30 07:28:47.920,0.99705,0.99735,2.50,0.50
2007.11.30 07:28:48.197,0.99705,0.99735,2.50,0.50
2007.11.30 07:28:48.475,0.99715,0.99735,0.10,0.50
2007.11.30 07:28:48.741,0.99715,0.99735,0.10,0.50
2007.11.30 07:28:48.998,0.99715,0.99735,0.10,0.50
2007.11.30 07:28:49.257,0.99715,0.99735,0.10,0.50
2007.11.30 07:28:49.515,0.99715,0.99735,0.10,0.50
2007.11.30 07:28:49.804,0.99715,0.99735,0.10,0.50
2007.11.30 07:28:50.128,0.99715,0.99735,0.10,0.50
2007.11.30 07:28:50.423,0.99715,0.99735,0.10,0.50
2007.11.30 07:28:50.647,0.99715,0.99735,0.10,0.50
2007.11.30 07:28:50.873,0.99715,0.99735,0.10,0.50
2007.11.30 07:28:51.100,0.99715,0.99735,0.10,0.50
2007.11.30 07:28:51.328,0.99715,0.99735,0.10,0.50
2007.11.30 07:28:51.558,0.99715,0.99735,0.10,0.50
2007.11.30 07:28:51.890,0.99715,0.99735,0.10,0.50
2007.11.30 07:28:52.222,0.99715,0.99735,0.10,0.50
2007.11.30 07:28:52.558,0.99715,0.99735,0.10,0.50
2007.11.30 07:28:52.781,0.99715,0.99735,0.10,0.50
2007.11.30 07:28:53.003,0.99715,0.99735,0.10,0.50
2007.11.30 07:28:53.227,0.99715,0.99735,0.10,0.50
2007.11.30 07:28:53.450,0.99715,0.99735,0.10,0.50
2007.11.30 07:28:53.673,0.99715,0.99735,0.10,0.50
2007.11.30 07:28:54.005,0.99715,0.99735,0.10,0.50
2007.11.30 07:28:54.338,0.99715,0.99735,0.10,0.50
2007.11.30 07:28:54.678,0.99715,0.99735,0.10,0.50
2007.11.30 07:28:54.882,0.99715,0.99735,0.10,0.50
2007.11.30 07:28:55.084,0.99715,0.99735,0.10,0.50
2007.11.30 07:28:55.286,0.99715,0.99735,0.10,0.50
2007.11.30 07:28:55.490,0.99715,0.99735,0.10,0.50
2007.11.30 07:28:55.692,0.99715,0.99735,0.10,0.50
2007.11.30 07:28:56.025,0.99715,0.99735,0.10,0.50
2007.11.30 07:28:56.359,0.99715,0.99735,0.10,0.50
2007.11.30 07:28:56.700,0.99715,0.99735,0.10,0.50
2007.11.30 07:28:56.877,0.99715,0.99735,0.10,0.50
2007.11.30 07:28:57.061,0.99715,0.99735,0.10,0.50
2007.11.30 07:28:57.244,0.99715,0.99735,0.10,0.50
2007.11.30 07:28:57.427,0.99715,0.99735,0.10,0.50
2007.11.30 07:28:57.609,0.99715,0.99735,0.10,0.50
2007.11.30 07:28:57.793,0.99715,0.99735,0.10,0.50
2007.11.30 07:28:58.126,0.99715,0.99735,0.10,0.50
2007.11.30 07:28:58.458,0.99715,0.99735,0.10,0.50
2007.11.30 07:28:58.792,0.99715,0.99735,0.10,0.50
2007.11.30 07:28:59.011,0.99715,0.99735,0.10,0.50
2007.11.30 07:28:59.229,0.99715,0.99735,0.10,0.50
2007.11.30 07:28:59.446,0.99715,0.99735,0.10,0.50
2007.11.30 07:28:59.664,0.99715,0.99735,0.10,0.50
2007.11.30 07:28:59.883,0.99715,0.99735,0.10,0.50
2007.11.30 07:29:00.157,0.99715,0.99735,0.10,0.50
2007.11.30 07:29:00.433,0.99715,0.99735,0.10,0.50
2007.11.30 07:29:00.708,0.99715,0.99735,0.10,0.50
2007.11.30 07:29:00.980,0.99715,0.99735,0.10,0.50
2007.11.30 07:29:01.264,0.99715,0.99735,0.10,0.50
2007.11.30 07:29:01.549,0.99715,0.99735,0.10,0.50
2007.11.30 07:29:01.832,0.99715,0.99735,0.10,0.50
2007.11.30 07:29:02.091,0.99715,0.99735,0.10,0.50
2007.11.30 07:29:02.453,0.99715,0.99735,0.10,0.50
2007.11.30 07:29:02.707,0.99715,0.99735,0.10,0.50
2007.11.30 07:29:02.961,0.99715,0.99735,0.10,0.50
2007.11.30 07:29:03.206,0.99715,0.99735,0.10,0.50
2007.11.30 07:29:03.433,0.99715,0.99735,0.10,0.50
2007.11.30 07:29:03.660,0.99715,0.99735,0.10,0.50
2007.11.30 07:29:03.889,0.99715,0.99735,0.10,0.50
2007.11.30 07:29:04.172,0.99715,0.99735,0.10,0.50
2007.11.30 07:29:04.455,0.99715,0.99735,0.10,0.50
2007.11.30 07:29:04.738,0.99715,0.99735,0.10,0.50
2007.11.30 07:29:05.020,0.99715,0.99735,0.10,0.50
2007.11.30 07:29:05.263,0.99715,0.99735,0.10,0.50
2007.11.30 07:29:05.508,0.99715,0.99735,0.10,0.50
2007.11.30 07:29:05.752,0.99715,0.99735,0.10,0.50
2007.11.30 07:29:06.004,0.99715,0.99735,0.10,0.50
2007.11.30 07:29:06.199,0.99715,0.99735,0.10,0.50
2007.11.30 07:29:06.392,0.99715,0.99735,0.10,0.50
2007.11.30 07:29:06.586,0.99715,0.99735,0.10,0.50
2007.11.30 07:29:06.779,0.99715,0.99735,0.10,0.50
2007.11.30 07:29:06.972,0.99715,0.99735,0.10,0.50
2007.11.30 07:29:07.166,0.99715,0.99735,0.10,0.50
2007.11.30 07:29:07.498,0.99715,0.99735,0.10,0.50
2007.11.30 07:29:07.831,0.99715,0.99735,0.10,0.50
2007.11.30 07:29:08.164,0.99715,0.99735,0.10,0.50
2007.11.30 07:29:08.318,0.99715,0.99735,0.10,0.50
2007.11.30 07:29:08.615,0.99715,0.99735,0.10,0.50
2007.11.30 07:29:08.769,0.99715,0.99735,0.10,0.50
2007.11.30 07:29:08.920,0.99715,0.99735,0.10,0.50
2007.11.30 07:29:09.074,0.99715,0.99735,0.10,0.50
2007.11.30 07:29:09.336,0.99715,0.99735,0.10,0.50
2007.11.30 07:29:09.599,0.99715,0.99735,0.10,0.50
2007.11.30 07:29:09.862,0.99715,0.99735,0.10,0.50
2007.11.30 07:29:10.124,0.99715,0.99735,0.10,0.50
2007.11.30 07:29:10.345,0.99715,0.99735,0.10,0.50
2007.11.30 07:29:10.563,0.99715,0.99735,0.10,0.50
2007.11.30 07:29:10.782,0.99715,0.99735,0.10,0.50
2007.11.30 07:29:11.001,0.99715,0.99735,0.10,0.50
2007.11.30 07:29:11.227,0.99715,0.99735,0.10,0.50
2007.11.30 07:29:11.515,0.99715,0.99735,0.10,0.50
2007.11.30 07:29:11.803,0.99715,0.99735,0.10,0.50
2007.11.30 07:29:12.093,0.99715,0.99735,0.10,0.50
2007.11.30 07:29:12.381,0.99715,0.99735,0.10,0.50
2007.11.30 07:29:12.616,0.99715,0.99735,0.10,0.50
2007.11.30 07:29:12.843,0.99715,0.99735,0.10,0.50
2007.11.30 07:29:13.071,0.99715,0.99735,0.10,0.50
2007.11.30 07:29:13.298,0.99715,0.99735,0.10,0.50
2007.11.30 07:29:13.546,0.99715,0.99735,0.10,0.50
2007.11.30 07:29:13.789,0.99715,0.99735,0.10,0.50
2007.11.30 07:29:14.033,0.99715,0.99735,0.10,0.50
2007.11.30 07:29:14.274,0.99715,0.99735,0.10,0.50
2007.11.30 07:29:14.468,0.99715,0.99735,0.10,0.50
2007.11.30 07:29:14.775,0.99715,0.99735,0.10,0.50
2007.11.30 07:29:14.970,0.99715,0.99735,0.10,0.50
2007.11.30 07:29:15.166,0.99715,0.99735,0.10,0.50
2007.11.30 07:29:15.358,0.99715,0.99735,0.10,0.50
2007.11.30 07:29:15.631,0.99715,0.99735,0.10,0.50
2007.11.30 07:29:15.912,0.99715,0.99735,0.10,0.50
2007.11.30 07:29:16.185,0.99715,0.99735,0.10,0.50
2007.11.30 07:29:16.458,0.99715,0.99735,0.10,0.50
2007.11.30 07:29:16.730,0.9971,0.9974,2.40,4.80
2007.11.30 07:29:17.003,0.9971,0.9974,2.40,4.80
2007.11.30 07:29:17.277,0.9971,0.9974,2.40,4.80
2007.11.30 07:29:17.550,0.9971,0.9974,2.40,4.80
2007.11.30 07:29:17.822,0.99695,0.9975,8.00,4.00
2007.11.30 07:29:18.095,0.99695,0.9975,8.00,4.00
2007.11.30 07:29:18.367,0.99695,0.9975,8.00,4.00
2007.11.30 07:29:18.535,0.99695,0.9975,8.00,4.00
2007.11.30 07:29:18.703,0.99695,0.9975,8.00,4.00
2007.11.30 07:29:18.871,0.99695,0.9975,8.00,4.00
2007.11.30 07:29:19.038,0.99695,0.9975,8.00,4.00
2007.11.30 07:29:19.205,0.99695,0.9975,8.00,4.00
2007.11.30 07:29:19.379,0.99695,0.9975,8.00,4.00
2007.11.30 07:29:19.646,0.99695,0.9975,8.00,4.00
2007.11.30 07:29:19.913,0.99695,0.9975,8.00,4.00
2007.11.30 07:29:20.181,0.99695,0.9975,8.00,4.00
2007.11.30 07:29:20.450,0.99695,0.9975,8.00,4.00
2007.11.30 07:29:20.664,0.99695,0.9975,8.00,4.00
2007.11.30 07:29:20.944,0.99695,0.9975,8.00,4.00
2007.11.30 07:29:21.142,0.99695,0.9975,8.00,4.00
2007.11.30 07:29:21.344,0.99695,0.9975,8.00,4.00
2007.11.30 07:29:21.543,0.99695,0.9975,8.00,4.00
2007.11.30 07:29:21.797,0.99695,0.9975,8.00,4.00
2007.11.30 07:29:22.048,0.99695,0.9975,8.00,4.00
2007.11.30 07:29:22.301,0.99695,0.9975,8.00,4.00
2007.11.30 07:29:22.553,0.99695,0.9975,8.00,4.00
2007.11.30 07:29:22.807,0.99695,0.9975,8.00,4.00
2007.11.30 07:29:23.084,0.99695,0.9975,8.00,4.00
2007.11.30 07:29:23.362,0.99695,0.9975,8.00,4.00
2007.11.30 07:29:23.640,0.99695,0.9975,8.00,4.00
2007.11.30 07:29:23.887,0.99695,0.9975,8.00,4.00
2007.11.30 07:29:24.135,0.99695,0.9975,8.00,4.00
2007.11.30 07:29:24.383,0.99695,0.9975,8.00,4.00
2007.11.30 07:29:24.631,0.99695,0.9975,8.00,4.00
2007.11.30 07:29:24.848,0.99695,0.9975,8.00,4.00
2007.11.30 07:29:25.067,0.99695,0.9975,8.00,4.00
2007.11.30 07:29:25.284,0.99695,0.9975,8.00,4.00
2007.11.30 07:29:25.501,0.99695,0.9975,8.00,4.00
2007.11.30 07:29:25.718,0.99695,0.9975,8.00,4.00
2007.11.30 07:29:25.981,0.99695,0.9975,8.00,4.00
2007.11.30 07:29:26.233,0.99695,0.9975,8.00,4.00
2007.11.30 07:29:26.491,0.99695,0.9975,8.00,4.00
2007.11.30 07:29:26.748,0.99695,0.9975,8.00,4.00
2007.11.30 07:29:27.107,0.99695,0.9975,8.00,4.00
2007.11.30 07:29:27.338,0.99695,0.9975,8.00,4.00
2007.11.30 07:29:27.564,0.99695,0.9975,8.00,4.00
2007.11.30 07:29:27.791,0.99695,0.9975,8.00,4.00
2007.11.30 07:29:28.029,0.99695,0.9975,8.00,4.00
2007.11.30 07:29:28.266,0.99695,0.9975,8.00,4.00
2007.11.30 07:29:28.504,0.99695,0.9975,8.00,4.00
2007.11.30 07:29:28.748,0.99695,0.9975,8.00,4.00
2007.11.30 07:29:29.035,0.99695,0.9975,8.00,4.00
2007.11.30 07:29:29.327,0.99695,0.9975,8.00,4.00
2007.11.30 07:29:29.620,0.99695,0.9975,8.00,4.00
2007.11.30 07:29:29.913,0.99695,0.9975,8.00,4.00
2007.11.30 07:29:30.120,0.99695,0.9975,8.00,4.00
2007.11.30 07:29:30.334,0.99695,0.9975,8.00,4.00
2007.11.30 07:29:30.541,0.99695,0.9975,8.00,4.00
2007.11.30 07:29:30.749,0.99695,0.9975,8.00,4.00
2007.11.30 07:29:30.956,0.99695,0.9975,8.00,4.00
2007.11.30 07:29:31.219,0.99695,0.9975,8.00,4.00
2007.11.30 07:29:31.481,0.99695,0.9975,8.00,4.00
2007.11.30 07:29:31.744,0.99695,0.9975,8.00,4.00
2007.11.30 07:29:32.006,0.99695,0.9975,8.00,4.00
2007.11.30 07:29:32.224,0.99695,0.9975,8.00,4.00
2007.11.30 07:29:32.447,0.99695,0.9975,8.00,4.00
2007.11.30 07:29:32.665,0.99695,0.9975,8.00,4.00
2007.11.30 07:29:32.883,0.99695,0.9975,8.00,4.00
2007.11.30 07:29:33.101,0.99695,0.9975,8.00,4.00
2007.11.30 07:29:33.324,0.99695,0.9975,8.00,4.00
2007.11.30 07:29:33.546,0.99695,0.9975,8.00,4.00
2007.11.30 07:29:33.769,0.99695,0.9975,8.00,4.00
2007.11.30 07:29:33.991,0.99695,0.9975,8.00,4.00
2007.11.30 07:29:34.234,0.99695,0.9975,8.00,4.00
2007.11.30 07:29:34.476,0.99695,0.9975,8.00,4.00
2007.11.30 07:29:34.719,0.99695,0.9975,8.00,4.00
2007.11.30 07:29:34.962,0.99695,0.9975,8.00,4.00
2007.11.30 07:29:35.294,0.99695,0.9975,8.00,4.00
2007.11.30 07:29:35.627,0.99695,0.9975,8.00,4.00
2007.11.30 07:29:35.960,0.99695,0.9975,8.00,4.00
2007.11.30 07:29:36.293,0.99695,0.9975,8.00,4.00
2007.11.30 07:29:36.531,0.99695,0.9975,8.00,4.00
2007.11.30 07:29:36.768,0.99695,0.9975,8.00,4.00
2007.11.30 07:29:37.006,0.99695,0.9975,8.00,4.00
2007.11.30 07:29:37.335,0.99695,0.9975,8.00,4.00
2007.11.30 07:29:37.663,0.99695,0.9975,8.00,4.00
2007.11.30 07:29:37.991,0.99695,0.9975,8.00,4.00
2007.11.30 07:29:38.194,0.99695,0.9975,8.00,4.00
2007.11.30 07:29:38.396,0.99695,0.9975,8.00,4.00
2007.11.30 07:29:38.599,0.99695,0.9975,8.00,4.00
2007.11.30 07:29:38.801,0.99695,0.9975,8.00,4.00
2007.11.30 07:29:39.004,0.99695,0.9975,8.00,4.00
2007.11.30 07:29:39.207,0.99695,0.9975,8.00,4.00
2007.11.30 07:29:39.499,0.99695,0.9975,8.00,4.00
2007.11.30 07:29:39.792,0.99695,0.9975,8.00,4.00
2007.11.30 07:29:40.085,0.99695,0.9975,8.00,4.00
2007.11.30 07:29:40.309,0.99695,0.9975,8.00,4.00
2007.11.30 07:29:40.520,0.99695,0.9975,8.00,4.00
2007.11.30 07:29:40.738,0.99695,0.9975,8.00,4.00
2007.11.30 07:29:40.955,0.99695,0.9975,8.00,4.00
2007.11.30 07:29:41.173,0.99695,0.9975,8.00,4.00
2007.11.30 07:29:41.485,0.99695,0.9975,8.00,4.00
2007.11.30 07:29:41.798,0.99695,0.9975,8.00,4.00
2007.11.30 07:29:42.109,0.99695,0.9975,8.00,4.00
2007.11.30 07:29:42.312,0.99695,0.9975,8.00,4.00
2007.11.30 07:29:42.515,0.99695,0.9975,8.00,4.00
2007.11.30 07:29:42.719,0.99705,0.9974,2.40,0.50
2007.11.30 07:29:42.923,0.99695,0.9974,3.80,0.50
2007.11.30 07:29:43.128,0.99695,0.9974,3.80,0.50
2007.11.30 07:29:43.461,0.99695,0.9974,1.40,3.80
2007.11.30 07:29:43.794,0.99695,0.9974,1.40,3.80
2007.11.30 07:29:44.128,0.99695,0.9974,1.40,3.80
2007.11.30 07:29:44.346,0.99695,0.9974,1.40,3.80
2007.11.30 07:29:44.565,0.99695,0.9974,1.40,3.80
2007.11.30 07:29:44.783,0.99695,0.9974,1.40,7.80
2007.11.30 07:29:44.997,0.99695,0.9974,1.40,0.60
2007.11.30 07:29:45.001,0.99695,0.9974,1.40,0.90
2007.11.30 07:29:45.219,0.99695,0.9974,1.40,0.80
2007.11.30 07:29:45.616,0.99695,0.9974,1.40,0.90
2007.11.30 07:29:45.928,0.99695,0.99745,1.40,30.50
2007.11.30 07:29:46.244,0.99695,0.99745,1.40,30.50
2007.11.30 07:29:46.449,0.99695,0.99745,1.40,30.50
2007.11.30 07:29:46.647,0.99695,0.9974,1.40,0.80
2007.11.30 07:29:46.850,0.99695,0.9974,1.40,0.70
2007.11.30 07:29:47.047,0.99695,0.99745,1.40,30.50
2007.11.30 07:29:47.255,0.99695,0.9974,1.40,0.50
2007.11.30 07:29:47.549,0.99695,0.9974,1.40,0.60
2007.11.30 07:29:47.851,0.99695,0.99745,1.40,30.50
2007.11.30 07:29:48.155,0.99695,0.99745,1.40,30.50
2007.11.30 07:29:48.458,0.99695,0.99745,1.40,30.50
2007.11.30 07:29:48.662,0.99695,0.9974,1.40,0.50
2007.11.30 07:29:48.864,0.99695,0.9974,1.40,0.60
2007.11.30 07:29:49.066,0.99695,0.99745,1.40,30.50
2007.11.30 07:29:49.275,0.99695,0.9974,1.40,0.70
2007.11.30 07:29:49.528,0.99695,0.99745,1.40,30.50
2007.11.30 07:29:49.781,0.99695,0.9974,1.40,0.50
2007.11.30 07:29:50.034,0.99695,0.9974,1.40,0.80
2007.11.30 07:29:50.287,0.99695,0.9974,1.40,0.60
2007.11.30 07:29:50.585,0.99695,0.9974,1.40,0.60
2007.11.30 07:29:50.885,0.99695,0.99745,1.40,30.50
2007.11.30 07:29:51.183,0.99695,0.9974,1.40,0.80
2007.11.30 07:29:51.481,0.99695,0.99745,1.40,30.50
2007.11.30 07:29:51.780,0.99695,0.99745,1.40,30.50
2007.11.30 07:29:51.973,0.99695,0.99745,1.40,30.50
2007.11.30 07:29:52.165,0.99695,0.9974,1.40,0.70
2007.11.30 07:29:52.359,0.99695,0.99745,1.40,30.50
2007.11.30 07:29:52.622,0.99695,0.9974,1.40,0.80
2007.11.30 07:29:52.886,0.99695,0.9974,1.40,0.70
2007.11.30 07:29:53.149,0.99695,0.9974,1.40,0.70
2007.11.30 07:29:53.418,0.99695,0.99745,1.40,30.50
2007.11.30 07:29:53.660,0.99695,0.99745,1.40,30.50
2007.11.30 07:29:53.908,0.99695,0.9974,1.40,0.60
2007.11.30 07:29:54.155,0.99695,0.9974,1.40,0.80
2007.11.30 07:29:54.409,0.99695,0.99745,1.40,30.50
2007.11.30 07:29:54.656,0.99695,0.99745,1.40,30.50
2007.11.30 07:29:54.896,0.99695,0.9974,1.40,0.50
2007.11.30 07:29:55.134,0.99695,0.99745,1.40,30.50
2007.11.30 07:29:55.378,0.99695,0.99745,1.40,30.50
2007.11.30 07:29:55.616,0.99695,0.9974,1.40,0.80
2007.11.30 07:29:55.855,0.99695,0.9974,1.40,0.80
2007.11.30 07:29:56.088,0.99695,0.99745,1.40,30.50
2007.11.30 07:29:56.322,0.99695,0.99745,1.40,30.50
2007.11.30 07:29:56.558,0.99695,0.9974,1.40,0.60
2007.11.30 07:29:56.814,0.99695,0.99745,1.40,30.50
2007.11.30 07:29:57.078,0.99695,0.99745,1.40,30.50
2007.11.30 07:29:57.336,0.99695,0.9974,1.40,0.60
2007.11.30 07:29:57.595,0.99695,0.9974,1.40,0.90
2007.11.30 07:29:57.935,0.99695,0.9974,1.40,0.80
2007.11.30 07:29:58.206,0.99695,0.9974,1.40,0.90
2007.11.30 07:29:58.483,0.99695,0.99745,1.40,30.50
2007.11.30 07:29:58.742,0.99695,0.99745,1.40,30.50
2007.11.30 07:29:58.922,0.99695,0.99745,1.40,30.50
2007.11.30 07:29:59.099,0.99695,0.9974,1.40,0.50
2007.11.30 07:29:59.277,0.99695,0.9974,1.40,0.70
2007.11.30 07:29:59.456,0.99695,0.99745,1.40,30.50
2007.11.30 07:29:59.634,0.99695,0.9974,1.40,0.80
2007.11.30 07:29:59.967,0.99695,0.99745,1.40,30.50
2007.11.30 07:30:00.300,0.99695,0.9974,1.40,0.90
2007.11.30 07:30:00.633,0.99695,0.99745,1.40,30.50
2007.11.30 07:30:00.831,0.99695,0.99745,1.40,30.50
2007.11.30 07:30:01.029,0.99695,0.99745,1.40,30.50
2007.11.30 07:30:01.227,0.99695,0.99745,1.40,30.50
2007.11.30 07:30:01.425,0.99695,0.99745,1.40,30.50
2007.11.30 07:30:01.623,0.99695,0.9974,1.40,0.70
2007.11.30 07:30:01.956,0.99695,0.9974,1.40,0.70
2007.11.30 07:30:02.294,0.99695,0.99745,1.40,30.50
2007.11.30 07:30:02.628,0.99695,0.99745,1.40,30.50
2007.11.30 07:30:02.836,0.99695,0.99745,1.40,30.50
2007.11.30 07:30:03.047,0.99695,0.99745,1.40,30.50
2007.11.30 07:30:03.254,0.99695,0.9974,1.40,0.70
2007.11.30 07:30:03.464,0.99695,0.9974,1.40,0.90
2007.11.30 07:30:03.672,0.99695,0.9974,1.40,0.50
2007.11.30 07:30:04.102,0.99695,0.9974,1.40,0.70
2007.11.30 07:30:04.399,0.99695,0.9974,1.40,0.80
2007.11.30 07:30:04.696,0.99695,0.9974,1.40,0.90
2007.11.30 07:30:04.889,0.99695,0.9974,1.40,0.80
2007.11.30 07:30:05.082,0.99695,0.99745,1.40,30.50
2007.11.30 07:30:05.276,0.99695,0.99745,1.40,30.50
2007.11.30 07:30:05.468,0.99695,0.99745,1.40,30.50
2007.11.30 07:30:05.667,0.99695,0.99745,1.40,30.50
2007.11.30 07:30:05.854,0.99695,0.9974,1.40,0.60
2007.11.30 07:30:06.177,0.99695,0.99745,1.40,30.50
2007.11.30 07:30:06.500,0.99695,0.99745,1.40,30.50
2007.11.30 07:30:06.823,0.99695,0.99745,1.40,30.50
2007.11.30 07:30:07.040,0.99695,0.99745,1.40,30.50
2007.11.30 07:30:07.259,0.99695,0.9974,1.40,0.70
2007.11.30 07:30:07.477,0.99695,0.99745,1.40,30.50
2007.11.30 07:30:07.695,0.99695,0.99745,1.40,30.50
2007.11.30 07:30:07.913,0.99695,0.9974,1.40,0.60
2007.11.30 07:30:08.161,0.99695,0.9974,1.40,0.50
2007.11.30 07:30:08.410,0.99695,0.99745,1.40,30.50
2007.11.30 07:30:08.658,0.99695,0.9974,1.40,0.90
2007.11.30 07:30:08.906,0.9969,0.99745,4.00,30.50
2007.11.30 07:30:09.129,0.99685,0.99705,0.30,0.80
2007.11.30 07:30:09.359,0.99685,0.99715,0.20,8.60
2007.11.30 07:30:09.583,0.9968,0.99715,0.10,15.00
2007.11.30 07:30:09.807,0.9968,0.99715,0.10,15.00
2007.11.30 07:30:10.032,0.9968,0.99705,0.10,0.80
2007.11.30 07:30:10.316,0.9968,0.99705,0.10,0.50
2007.11.30 07:30:10.599,0.9968,0.99705,0.10,0.90
2007.11.30 07:30:10.882,0.9968,0.9971,0.10,8.80
2007.11.30 07:30:11.075,0.9968,0.9971,0.10,8.80
2007.11.30 07:30:11.268,0.9968,0.9971,0.10,8.80
2007.11.30 07:30:11.462,0.9968,0.99705,0.10,0.80
2007.11.30 07:30:11.655,0.9968,0.9971,0.10,8.80
2007.11.30 07:30:11.855,0.9968,0.99705,0.10,0.80
2007.11.30 07:30:12.178,0.9968,0.99705,0.10,0.50
2007.11.30 07:30:12.500,0.9968,0.99705,0.10,4.80
2007.11.30 07:30:12.823,0.9968,0.99705,0.10,4.80
2007.11.30 07:30:13.146,0.9968,0.997,4.80,0.80
2007.11.30 07:30:13.389,0.9968,0.997,4.80,0.80
2007.11.30 07:30:13.632,0.9968,0.997,4.80,0.80
2007.11.30 07:30:13.875,0.9968,0.997,2.40,3.20
2007.11.30 07:30:14.109,0.9968,0.997,2.40,3.20
2007.11.30 07:30:14.344,0.9968,0.997,2.40,3.20
2007.11.30 07:30:14.578,0.9968,0.997,2.40,3.20
2007.11.30 07:30:14.811,0.9968,0.997,2.40,3.20
2007.11.30 07:30:15.043,0.9968,0.997,2.40,3.20
2007.11.30 07:30:15.296,0.9968,0.997,2.40,3.20
2007.11.30 07:30:15.550,0.9968,0.997,2.40,3.20
2007.11.30 07:30:15.802,0.9968,0.997,2.40,3.20
2007.11.30 07:30:16.055,0.9968,0.997,2.40,3.20
2007.11.30 07:30:16.268,0.9968,0.997,2.40,3.20
2007.11.30 07:30:16.482,0.9968,0.997,2.40,3.20
2007.11.30 07:30:16.696,0.9968,0.997,2.40,3.20
2007.11.30 07:30:16.907,0.9968,0.997,2.40,3.20
2007.11.30 07:30:17.211,0.9968,0.997,2.40,3.20
2007.11.30 07:30:17.521,0.9968,0.997,2.40,3.20
2007.11.30 07:30:17.817,0.9968,0.997,2.40,3.20
2007.11.30 07:30:18.120,0.9968,0.997,2.40,3.20
2007.11.30 07:30:18.348,0.9968,0.997,2.40,0.80
2007.11.30 07:30:18.576,0.9968,0.997,2.40,0.80
2007.11.30 07:30:18.804,0.9968,0.997,2.40,0.80
2007.11.30 07:30:19.032,0.9968,0.997,2.40,0.80
2007.11.30 07:30:19.298,0.9968,0.997,2.40,0.80
2007.11.30 07:30:19.561,0.9968,0.997,2.40,0.80
2007.11.30 07:30:19.825,0.9968,0.997,2.40,0.80
2007.11.30 07:30:20.088,0.9968,0.997,2.40,0.80
2007.11.30 07:30:20.351,0.99675,0.99705,2.40,13.60
2007.11.30 07:30:20.615,0.99665,0.99705,6.40,22.40
2007.11.30 07:30:20.878,0.99665,0.997,2.40,3.80
2007.11.30 07:30:21.142,0.99665,0.997,2.40,3.80
2007.11.30 07:30:21.415,0.99635,0.99695,10.60,3.40
2007.11.30 07:30:21.688,0.99635,0.99695,8.20,3.40
2007.11.30 07:30:21.961,0.99635,0.99695,8.20,3.40
2007.11.30 07:30:22.235,0.99635,0.99695,8.20,3.40
2007.11.30 07:30:22.418,0.99635,0.99695,8.20,3.40
2007.11.30 07:30:22.635,0.99635,0.99695,8.00,7.40
2007.11.30 07:30:22.819,0.99635,0.99695,8.00,7.40
2007.11.30 07:30:23.002,0.99635,0.99695,8.00,7.40
2007.11.30 07:30:23.195,0.99635,0.99695,8.00,11.40
2007.11.30 07:30:23.529,0.9963,0.9969,8.00,3.40
2007.11.30 07:30:23.862,0.9963,0.99685,4.00,3.40
2007.11.30 07:30:24.196,0.99625,0.99685,10.60,3.40
2007.11.30 07:30:24.446,0.99625,0.99685,8.20,3.40
2007.11.30 07:30:24.694,0.99625,0.99685,8.00,3.40
2007.11.30 07:30:24.944,0.99625,0.99685,8.00,3.40
2007.11.30 07:30:25.193,0.99625,0.99685,8.00,7.40
2007.11.30 07:30:25.453,0.9962,0.9968,8.00,3.40
2007.11.30 07:30:25.711,0.9962,0.9968,8.00,3.40
2007.11.30 07:30:25.976,0.9962,0.99675,4.00,3.40
2007.11.30 07:30:26.234,0.99615,0.99675,12.00,3.40
2007.11.30 07:30:26.423,0.99615,0.99675,12.00,3.40
2007.11.30 07:30:26.611,0.99615,0.99675,12.00,3.40
2007.11.30 07:30:26.799,0.99615,0.99675,9.60,3.40
2007.11.30 07:30:26.987,0.99615,0.99675,9.60,3.40
2007.11.30 07:30:27.176,0.99615,0.99675,9.60,7.40
2007.11.30 07:30:27.364,0.99615,0.99675,9.60,7.40
2007.11.30 07:30:27.695,0.99615,0.99675,9.60,7.40
2007.11.30 07:30:28.021,0.99615,0.99675,9.60,7.40
2007.11.30 07:30:28.349,0.99615,0.99655,2.20,4.00
2007.11.30 07:30:28.557,0.99615,0.99655,1.60,4.00
2007.11.30 07:30:28.823,0.99625,0.99645,0.10,0.50
2007.11.30 07:30:29.039,0.99625,0.99645,0.10,0.50
2007.11.30 07:30:29.246,0.99625,0.99645,0.10,0.50
2007.11.30 07:30:29.456,0.99625,0.99645,0.10,0.50
2007.11.30 07:30:29.791,0.99625,0.99645,0.10,0.50
2007.11.30 07:30:30.120,0.9962,0.99655,0.10,4.00
2007.11.30 07:30:30.448,0.9962,0.99665,0.10,6.40
2007.11.30 07:30:30.651,0.99615,0.9967,11.80,0.50
2007.11.30 07:30:30.857,0.99615,0.9967,4.00,3.80
2007.11.30 07:30:31.060,0.99615,0.9967,1.60,3.80
2007.11.30 07:30:31.266,0.9962,0.9967,0.10,3.40
2007.11.30 07:30:31.472,0.9962,0.99675,4.10,8.60
2007.11.30 07:30:31.806,0.9962,0.9968,4.10,7.80
2007.11.30 07:30:32.139,0.9962,0.9968,4.10,7.80
2007.11.30 07:30:32.472,0.9962,0.9968,4.10,7.80
2007.11.30 07:30:32.659,0.9962,0.9968,8.10,7.80
2007.11.30 07:30:32.808,0.9962,0.9968,1.90,7.80
2007.11.30 07:30:32.847,0.9962,0.9968,8.10,7.80
2007.11.30 07:30:33.035,0.9962,0.9968,8.10,7.80
2007.11.30 07:30:33.223,0.9962,0.9968,8.10,7.80
2007.11.30 07:30:33.418,0.9962,0.9968,8.10,7.80
2007.11.30 07:30:33.720,0.9962,0.9968,8.10,7.80
2007.11.30 07:30:34.024,0.9962,0.9968,8.10,7.80
2007.11.30 07:30:34.327,0.9962,0.9968,8.10,7.80
2007.11.30 07:30:34.629,0.9962,0.9968,8.10,7.80
2007.11.30 07:30:35.003,0.9962,0.9968,8.10,7.80
2007.11.30 07:30:35.245,0.9962,0.9968,8.10,7.80
2007.11.30 07:30:35.488,0.9962,0.9968,8.10,7.80
2007.11.30 07:30:35.650,0.9962,0.9968,8.10,7.80
2007.11.30 07:30:35.814,0.9962,0.9968,8.10,7.80
2007.11.30 07:30:35.977,0.9962,0.9968,8.10,7.80
2007.11.30 07:30:36.140,0.9962,0.9968,8.10,7.80
2007.11.30 07:30:36.308,0.99625,0.9968,7.00,4.40
2007.11.30 07:30:36.471,0.99625,0.9968,9.40,4.40
2007.11.30 07:30:36.633,0.99625,0.9968,9.40,0.50
2007.11.30 07:30:36.967,0.99625,0.9968,9.40,0.50
2007.11.30 07:30:37.300,0.99625,0.9968,9.40,0.50
2007.11.30 07:30:37.632,0.99625,0.9968,13.40,0.50
2007.11.30 07:30:37.823,0.99625,0.9968,23.20,0.50
2007.11.30 07:30:37.999,0.9963,0.9968,4.00,0.50
2007.11.30 07:30:38.183,0.9963,0.9968,4.00,0.50
2007.11.30 07:30:38.366,0.9963,0.9968,4.00,0.50
2007.11.30 07:30:38.549,0.9963,0.9969,4.10,7.80
2007.11.30 07:30:38.733,0.9963,0.9969,4.10,7.80
2007.11.30 07:30:39.055,0.9963,0.9969,4.10,7.80
2007.11.30 07:30:39.384,0.9963,0.9969,8.10,7.80
2007.11.30 07:30:39.707,0.9963,0.9969,8.10,7.80
2007.11.30 07:30:39.916,0.9963,0.99655,0.10,4.00
2007.11.30 07:30:40.124,0.9963,0.99655,0.10,4.00
2007.11.30 07:30:40.333,0.9963,0.99655,0.10,4.00
2007.11.30 07:30:40.546,0.9963,0.99655,0.10,4.00
2007.11.30 07:30:40.754,0.9963,0.99655,0.10,4.00
2007.11.30 07:30:41.213,0.9963,0.99655,0.10,4.00
2007.11.30 07:30:41.520,0.9963,0.99655,0.10,4.00
2007.11.30 07:30:41.828,0.9963,0.99655,0.10,4.00
2007.11.30 07:30:41.995,0.9963,0.99655,0.10,4.00
2007.11.30 07:30:42.164,0.9963,0.99655,0.10,4.00
2007.11.30 07:30:42.334,0.9963,0.99655,0.10,4.00
2007.11.30 07:30:42.503,0.9963,0.99655,0.10,4.00
2007.11.30 07:30:42.672,0.9963,0.99655,0.10,4.00
2007.11.30 07:30:42.840,0.9963,0.99655,0.10,4.00
2007.11.30 07:30:43.174,0.9963,0.99655,0.10,4.00
2007.11.30 07:30:43.506,0.9963,0.99655,0.10,4.00
2007.11.30 07:30:43.840,0.9963,0.99655,0.10,4.00
2007.11.30 07:30:44.043,0.9963,0.99655,0.10,4.00
2007.11.30 07:30:44.245,0.9963,0.99655,0.10,4.00
2007.11.30 07:30:44.448,0.9963,0.99655,0.10,4.00
2007.11.30 07:30:44.651,0.9963,0.99655,0.10,4.00
2007.11.30 07:30:44.854,0.9963,0.99655,0.10,4.00
2007.11.30 07:30:45.058,0.9963,0.99655,0.10,4.00
2007.11.30 07:30:45.391,0.9963,0.99655,0.10,4.00
2007.11.30 07:30:45.723,0.9963,0.99655,0.10,4.00
2007.11.30 07:30:46.055,0.9963,0.99655,0.10,4.00
2007.11.30 07:30:46.279,0.9963,0.99655,0.10,4.00
2007.11.30 07:30:46.502,0.9963,0.99655,0.10,4.00
2007.11.30 07:30:46.724,0.9963,0.99655,0.10,4.00
2007.11.30 07:30:46.947,0.9963,0.99655,0.10,4.00
2007.11.30 07:30:47.180,0.9963,0.99655,0.10,4.00
2007.11.30 07:30:47.414,0.9963,0.99655,0.10,4.00
2007.11.30 07:30:47.646,0.9963,0.99655,0.10,4.00
2007.11.30 07:30:47.879,0.9963,0.99655,0.10,4.00
2007.11.30 07:30:48.153,0.9963,0.99655,0.10,4.00
2007.11.30 07:30:48.415,0.9963,0.99655,0.10,4.00
2007.11.30 07:30:48.683,0.9963,0.99655,0.10,4.00
2007.11.30 07:30:48.951,0.9963,0.99655,0.10,4.00
2007.11.30 07:30:49.169,0.9963,0.99655,0.10,4.00
2007.11.30 07:30:49.387,0.9963,0.99655,0.10,4.00
2007.11.30 07:30:49.606,0.9963,0.99655,0.10,4.00
2007.11.30 07:30:49.823,0.9963,0.99655,0.10,4.00
2007.11.30 07:30:50.045,0.9963,0.99655,0.10,4.00
2007.11.30 07:30:50.317,0.9963,0.99655,0.10,4.00
2007.11.30 07:30:50.590,0.9963,0.99655,0.10,4.00
2007.11.30 07:30:50.863,0.9963,0.99655,0.10,4.00
2007.11.30 07:30:51.142,0.9963,0.99655,0.10,4.00
2007.11.30 07:30:51.415,0.9963,0.99655,0.10,4.00
2007.11.30 07:30:51.692,0.9963,0.99655,0.10,4.00
2007.11.30 07:30:51.970,0.9963,0.99655,0.10,4.00
2007.11.30 07:30:52.248,0.9963,0.99655,0.10,4.00
2007.11.30 07:30:52.467,0.9963,0.99655,0.10,4.00
2007.11.30 07:30:52.691,0.9963,0.99655,0.10,4.00
2007.11.30 07:30:52.902,0.9963,0.99655,0.10,4.00
2007.11.30 07:30:53.120,0.9963,0.99655,0.10,4.00
2007.11.30 07:30:53.322,0.9963,0.99655,0.10,4.00
2007.11.30 07:30:53.571,0.9963,0.99655,0.10,4.00
2007.11.30 07:30:53.777,0.9963,0.99655,0.10,4.00
2007.11.30 07:30:53.980,0.9963,0.99655,0.10,4.00
2007.11.30 07:30:54.186,0.9963,0.99655,0.10,4.00
2007.11.30 07:30:54.473,0.9963,0.99655,0.10,4.00
2007.11.30 07:30:54.760,0.9963,0.99655,0.10,4.00
2007.11.30 07:30:55.049,0.9963,0.99655,0.10,4.00
2007.11.30 07:30:55.337,0.9963,0.99655,0.10,4.00
2007.11.30 07:30:55.599,0.9963,0.99655,0.10,4.00
2007.11.30 07:30:55.883,0.9963,0.99655,0.10,4.00
2007.11.30 07:30:56.144,0.9963,0.99655,0.10,4.00
2007.11.30 07:30:56.408,0.9963,0.99655,0.10,4.00
2007.11.30 07:30:56.701,0.9963,0.99655,0.10,4.00
2007.11.30 07:30:56.995,0.9963,0.99655,0.10,4.00
2007.11.30 07:30:57.288,0.9963,0.99655,0.10,4.00
2007.11.30 07:30:57.571,0.9963,0.99655,0.10,4.00
2007.11.30 07:30:57.828,0.9963,0.99655,0.10,4.00
2007.11.30 07:30:58.097,0.9963,0.99655,0.10,4.00
2007.11.30 07:30:58.365,0.9963,0.99655,0.10,4.00
2007.11.30 07:30:58.588,0.9963,0.99655,0.10,4.00
2007.11.30 07:30:58.811,0.9963,0.99655,0.10,4.00
2007.11.30 07:30:59.033,0.9963,0.99655,0.10,4.00
2007.11.30 07:30:59.256,0.9963,0.99655,0.10,4.00
2007.11.30 07:30:59.479,0.9963,0.99655,0.10,4.00
2007.11.30 07:30:59.752,0.9963,0.99655,0.10,4.00
2007.11.30 07:31:00.026,0.9963,0.99655,0.10,4.00
2007.11.30 07:31:00.299,0.9963,0.99655,0.10,4.00
2007.11.30 07:31:00.572,0.9963,0.99655,0.10,4.00
2007.11.30 07:31:00.816,0.9963,0.99655,0.10,4.00
2007.11.30 07:31:01.058,0.9963,0.99655,0.10,4.00
2007.11.30 07:31:01.301,0.9963,0.99655,0.10,4.00
2007.11.30 07:31:01.544,0.9963,0.99655,0.10,4.00
2007.11.30 07:31:01.787,0.9963,0.99655,0.10,4.00
2007.11.30 07:31:02.067,0.9963,0.99655,0.10,4.00
2007.11.30 07:31:02.344,0.9963,0.99655,0.10,4.00
2007.11.30 07:31:02.622,0.9963,0.99655,0.10,4.00
2007.11.30 07:31:02.835,0.9963,0.99655,0.10,4.00
2007.11.30 07:31:03.049,0.9963,0.99655,0.10,4.00
2007.11.30 07:31:03.262,0.9963,0.99655,0.10,4.00
2007.11.30 07:31:03.475,0.9963,0.99655,0.10,4.00
2007.11.30 07:31:03.688,0.9963,0.99655,0.10,4.00
2007.11.30 07:31:03.981,0.9963,0.99655,0.10,4.00
2007.11.30 07:31:04.273,0.9963,0.99655,0.10,4.00
2007.11.30 07:31:04.566,0.9963,0.99655,0.10,4.00
2007.11.30 07:31:04.859,0.9963,0.99655,0.10,4.00
2007.11.30 07:31:05.122,0.9963,0.99655,0.10,4.00
2007.11.30 07:31:05.390,0.9963,0.99655,0.10,4.00
2007.11.30 07:31:05.653,0.9963,0.99655,0.10,4.00
2007.11.30 07:31:05.915,0.9963,0.99655,0.10,4.00
2007.11.30 07:31:06.129,0.9963,0.99655,0.10,4.00
2007.11.30 07:31:06.342,0.9963,0.99655,0.10,4.00
2007.11.30 07:31:06.555,0.9963,0.99655,0.10,4.00
2007.11.30 07:31:06.768,0.9963,0.99635,0.10,4.00
2007.11.30 07:31:06.983,0.99625,0.99635,2.40,4.00
2007.11.30 07:31:07.276,0.99615,0.99635,4.30,4.40
2007.11.30 07:31:07.577,0.99615,0.99635,1.90,4.40
2007.11.30 07:31:07.869,0.99615,0.99635,1.90,4.40
2007.11.30 07:31:08.163,0.99615,0.99635,1.90,4.40
2007.11.30 07:31:08.421,0.99615,0.99635,1.90,4.40
2007.11.30 07:31:08.680,0.99615,0.99635,1.90,4.40
2007.11.30 07:31:08.942,0.99615,0.99635,1.90,4.40
2007.11.30 07:31:09.182,0.99615,0.99635,1.90,4.40
2007.11.30 07:31:09.419,0.99615,0.99635,1.90,4.40
2007.11.30 07:31:09.658,0.99615,0.99635,1.90,4.40
2007.11.30 07:31:09.895,0.99615,0.99635,1.90,4.40
2007.11.30 07:31:10.133,0.99615,0.99635,1.90,4.40
2007.11.30 07:31:10.466,0.99615,0.99635,1.90,4.40
2007.11.30 07:31:10.799,0.99615,0.9963,0.80,0.50
2007.11.30 07:31:11.133,0.99615,0.9963,0.80,0.50
2007.11.30 07:31:11.377,0.99615,0.9963,0.80,0.50
2007.11.30 07:31:11.620,0.99615,0.9963,0.80,0.50
2007.11.30 07:31:11.864,0.99615,0.9963,0.80,0.50
2007.11.30 07:31:12.106,0.99615,0.9963,0.80,0.50
2007.11.30 07:31:12.346,0.99615,0.9963,0.80,0.50
2007.11.30 07:31:12.583,0.99615,0.9963,0.80,0.50
2007.11.30 07:31:12.821,0.99615,0.9963,0.80,0.50
2007.11.30 07:31:13.059,0.99615,0.9963,0.80,0.50
2007.11.30 07:31:13.297,0.99615,0.9963,0.80,0.50
2007.11.30 07:31:13.600,0.99615,0.9963,0.80,0.50
2007.11.30 07:31:13.903,0.99615,0.9963,0.80,0.50
2007.11.30 07:31:14.206,0.99615,0.9963,0.80,0.50
2007.11.30 07:31:14.385,0.99615,0.9963,0.80,0.50
2007.11.30 07:31:14.562,0.99615,0.9963,0.80,0.50
2007.11.30 07:31:14.740,0.99615,0.9963,0.80,0.50
2007.11.30 07:31:14.918,0.99615,0.9963,0.80,0.50
2007.11.30 07:31:15.096,0.99615,0.9963,0.80,0.50
2007.11.30 07:31:15.274,0.99615,0.9963,0.80,0.50
2007.11.30 07:31:15.591,0.99615,0.9963,0.80,0.50
2007.11.30 07:31:15.909,0.99615,0.9963,0.80,0.50
2007.11.30 07:31:16.091,0.9961,0.9963,1.70,0.50
2007.11.30 07:31:16.227,0.99615,0.9963,0.80,0.50
2007.11.30 07:31:16.440,0.99615,0.9963,0.80,0.50
2007.11.30 07:31:16.654,0.99615,0.9963,0.80,0.50
2007.11.30 07:31:16.866,0.99615,0.9963,0.80,0.50
2007.11.30 07:31:17.079,0.99615,0.9963,0.80,0.50
2007.11.30 07:31:17.292,0.99615,0.9963,0.80,0.50
2007.11.30 07:31:17.605,0.99615,0.9963,0.80,0.50
2007.11.30 07:31:17.918,0.99615,0.9963,0.80,0.50
2007.11.30 07:31:18.260,0.99615,0.9963,0.70,0.50
2007.11.30 07:31:18.482,0.99615,0.9963,0.70,0.50
2007.11.30 07:31:18.702,0.99615,0.9963,0.70,0.50
2007.11.30 07:31:18.919,0.99615,0.9963,0.70,0.50
2007.11.30 07:31:19.139,0.99615,0.9963,0.70,0.50
2007.11.30 07:31:19.360,0.99615,0.9963,0.70,0.50
2007.11.30 07:31:19.693,0.99615,0.9963,0.70,0.50
2007.11.30 07:31:20.027,0.99615,0.9963,0.70,0.50
2007.11.30 07:31:20.361,0.99615,0.9963,0.70,0.50
2007.11.30 07:31:20.573,0.99615,0.9963,0.70,0.50
2007.11.30 07:31:20.790,0.99615,0.9963,0.70,0.50
2007.11.30 07:31:21.009,0.99615,0.9963,0.70,0.50
2007.11.30 07:31:21.223,0.99615,0.9963,0.70,0.50
2007.11.30 07:31:21.436,0.99615,0.9963,0.70,0.50
2007.11.30 07:31:21.770,0.99615,0.9963,0.70,0.50
2007.11.30 07:31:22.116,0.99615,0.9963,0.70,0.50
2007.11.30 07:31:22.439,0.99615,0.9963,0.70,0.50
2007.11.30 07:31:22.652,0.99615,0.9963,0.70,0.50
2007.11.30 07:31:22.872,0.99615,0.9963,0.50,0.50
2007.11.30 07:31:23.085,0.9961,0.9963,0.10,0.50
2007.11.30 07:31:23.298,0.9961,0.9963,0.10,0.50
2007.11.30 07:31:23.518,0.9961,0.9963,0.10,0.50
2007.11.30 07:31:23.844,0.9961,0.9963,0.10,0.50
2007.11.30 07:31:24.177,0.9961,0.9963,0.10,0.50
2007.11.30 07:31:24.510,0.9961,0.9963,0.10,0.50
2007.11.30 07:31:24.717,0.9961,0.9963,0.10,0.50
2007.11.30 07:31:24.926,0.9961,0.9963,0.10,0.50
2007.11.30 07:31:25.135,0.9961,0.9963,0.10,0.50
2007.11.30 07:31:25.344,0.9961,0.9963,0.10,0.50
2007.11.30 07:31:25.553,0.9961,0.9963,0.10,0.50
2007.11.30 07:31:25.888,0.9961,0.9963,0.10,0.50
2007.11.30 07:31:26.222,0.9961,0.9963,0.10,0.50
2007.11.30 07:31:26.555,0.9961,0.9963,0.10,0.50
2007.11.30 07:31:26.783,0.9961,0.9963,0.10,0.50
2007.11.30 07:31:27.012,0.9961,0.9963,0.10,0.50
2007.11.30 07:31:27.240,0.9961,0.9963,0.10,0.50
2007.11.30 07:31:27.477,0.9961,0.9963,0.10,0.50
2007.11.30 07:31:27.696,0.9961,0.9963,0.10,0.50
2007.11.30 07:31:28.030,0.9961,0.9963,0.10,0.50
2007.11.30 07:31:28.367,0.9961,0.9963,0.10,0.50
2007.11.30 07:31:28.699,0.9961,0.9963,0.10,0.50
2007.11.30 07:31:28.917,0.9961,0.9963,0.10,0.50
2007.11.30 07:31:29.135,0.9961,0.9963,0.10,0.50
2007.11.30 07:31:29.353,0.9961,0.9963,0.10,0.50
2007.11.30 07:31:29.571,0.9961,0.9963,0.10,0.50
2007.11.30 07:31:29.869,0.9961,0.9963,0.10,0.50
2007.11.30 07:31:30.167,0.9961,0.9963,0.10,0.50
2007.11.30 07:31:30.611,0.9961,0.9963,0.10,0.50
2007.11.30 07:31:30.804,0.9961,0.9963,0.10,0.50
2007.11.30 07:31:30.997,0.9961,0.9963,0.10,0.50
2007.11.30 07:31:31.191,0.9961,0.9963,0.10,0.50
2007.11.30 07:31:31.383,0.9961,0.9963,0.10,0.50
2007.11.30 07:31:31.583,0.9961,0.9963,0.10,0.50
2007.11.30 07:31:31.769,0.9961,0.9963,0.10,0.50
2007.11.30 07:31:32.103,0.9961,0.9963,0.10,0.50
2007.11.30 07:31:32.436,0.9961,0.9963,0.10,0.50
2007.11.30 07:31:32.769,0.9961,0.9963,0.10,0.50
2007.11.30 07:31:32.991,0.9961,0.9963,0.10,0.50
2007.11.30 07:31:33.214,0.9961,0.9963,0.10,0.50
2007.11.30 07:31:33.438,0.9961,0.9963,0.10,0.50
2007.11.30 07:31:33.661,0.9961,0.9963,0.10,0.50
2007.11.30 07:31:33.884,0.9961,0.9963,0.10,0.50
2007.11.30 07:31:34.201,0.9961,0.9963,0.10,0.50
2007.11.30 07:31:34.500,0.9961,0.9963,0.10,0.50
2007.11.30 07:31:34.808,0.9961,0.9963,0.10,0.50
2007.11.30 07:31:35.012,0.9961,0.9963,0.10,0.50
2007.11.30 07:31:35.215,0.9961,0.9963,0.10,0.50
2007.11.30 07:31:35.418,0.9961,0.9963,0.10,0.50
2007.11.30 07:31:35.620,0.9961,0.9963,0.10,0.50
2007.11.30 07:31:35.830,0.9961,0.9963,0.10,0.50
2007.11.30 07:31:36.138,0.9961,0.9963,0.10,0.50
2007.11.30 07:31:36.446,0.9961,0.9963,0.10,0.50
2007.11.30 07:31:36.782,0.9961,0.9963,0.10,0.50
2007.11.30 07:31:37.090,0.9961,0.9963,0.10,0.50
2007.11.30 07:31:37.340,0.9961,0.9963,0.10,0.50
2007.11.30 07:31:37.586,0.9961,0.9963,0.10,0.50
2007.11.30 07:31:37.837,0.9961,0.9963,0.10,0.50
2007.11.30 07:31:38.029,0.9961,0.9963,0.10,0.50
2007.11.30 07:31:38.223,0.9961,0.9963,0.10,0.50
2007.11.30 07:31:38.416,0.9961,0.9963,0.10,0.50
2007.11.30 07:31:38.609,0.9961,0.9963,0.10,0.50
2007.11.30 07:31:38.802,0.9961,0.9963,0.10,0.50
2007.11.30 07:31:39.003,0.9961,0.9963,0.10,0.50
2007.11.30 07:31:39.335,0.9961,0.9963,0.10,0.50
2007.11.30 07:31:39.669,0.9961,0.9963,0.10,0.50
2007.11.30 07:31:40.005,0.9961,0.9963,0.10,0.50
2007.11.30 07:31:40.224,0.9961,0.9963,0.10,0.50
2007.11.30 07:31:40.443,0.9961,0.9963,0.10,0.50
2007.11.30 07:31:40.662,0.9961,0.9963,0.10,0.50
2007.11.30 07:31:40.881,0.9961,0.9964,2.40,11.80
2007.11.30 07:31:41.214,0.9961,0.9964,2.40,11.80
2007.11.30 07:31:41.547,0.9961,0.9964,2.40,11.80
2007.11.30 07:31:41.881,0.9961,0.9964,2.40,11.80
2007.11.30 07:31:42.090,0.9961,0.9964,2.40,11.80
2007.11.30 07:31:42.305,0.9961,0.9964,2.40,11.80
2007.11.30 07:31:42.513,0.9961,0.9964,2.40,11.80
2007.11.30 07:31:42.722,0.9961,0.9964,2.40,11.80
2007.11.30 07:31:42.947,0.9961,0.9964,2.40,11.80
2007.11.30 07:31:43.230,0.9961,0.9964,2.40,11.80
2007.11.30 07:31:43.512,0.9961,0.9964,2.40,11.80
2007.11.30 07:31:43.794,0.9961,0.9964,2.40,11.80
2007.11.30 07:31:44.078,0.9961,0.9964,2.40,11.80
2007.11.30 07:31:44.326,0.9961,0.9964,2.40,11.80
2007.11.30 07:31:44.574,0.9961,0.9964,2.40,11.80
2007.11.30 07:31:44.822,0.9961,0.9964,2.40,11.80
2007.11.30 07:31:45.070,0.9961,0.9964,2.40,11.80
2007.11.30 07:31:45.338,0.9961,0.9964,2.40,11.80
2007.11.30 07:31:45.608,0.9961,0.9964,2.40,11.80
2007.11.30 07:31:45.877,0.9961,0.9964,2.40,11.80
2007.11.30 07:31:46.144,0.9961,0.9964,2.40,11.80
2007.11.30 07:31:46.392,0.9961,0.9964,2.40,11.80
2007.11.30 07:31:46.636,0.9961,0.9964,2.40,11.80
2007.11.30 07:31:46.878,0.9961,0.9964,2.40,11.80
2007.11.30 07:31:47.120,0.9961,0.9964,2.40,11.80
2007.11.30 07:31:47.373,0.9961,0.9964,2.40,11.80
2007.11.30 07:31:47.627,0.9961,0.9964,2.40,11.80
2007.11.30 07:31:47.880,0.9961,0.9964,2.40,11.80
2007.11.30 07:31:48.140,0.9961,0.9964,2.40,11.80
2007.11.30 07:31:48.388,0.9961,0.9964,2.40,11.80
2007.11.30 07:31:48.636,0.9961,0.9964,2.40,11.80
2007.11.30 07:31:48.883,0.9961,0.9964,2.40,11.80
2007.11.30 07:31:49.131,0.9961,0.9964,2.40,11.80
2007.11.30 07:31:49.383,0.9961,0.9964,2.40,11.80
2007.11.30 07:31:49.637,0.9961,0.9964,2.40,11.80
2007.11.30 07:31:49.890,0.9961,0.9964,2.40,11.80
2007.11.30 07:31:50.142,0.9961,0.9964,2.40,11.80
2007.11.30 07:31:50.389,0.9961,0.9964,2.40,11.80
2007.11.30 07:31:50.632,0.9961,0.9964,2.40,11.80
2007.11.30 07:31:50.875,0.9961,0.9964,2.40,11.80
2007.11.30 07:31:51.118,0.9961,0.9964,2.40,11.80
2007.11.30 07:31:51.360,0.9961,0.9964,2.40,11.80
2007.11.30 07:31:51.642,0.9961,0.9964,2.40,11.80
2007.11.30 07:31:51.925,0.9961,0.9964,2.40,11.80
2007.11.30 07:31:52.208,0.9961,0.9964,2.40,11.80
2007.11.30 07:31:52.428,0.9961,0.9964,2.40,11.80
2007.11.30 07:31:52.646,0.9961,0.9964,2.40,11.80
2007.11.30 07:31:52.863,0.9961,0.9964,2.40,11.80
2007.11.30 07:31:53.082,0.9961,0.9964,2.40,11.80
2007.11.30 07:31:53.300,0.9961,0.9964,2.40,11.80
2007.11.30 07:31:53.563,0.9961,0.9964,2.40,12.20
2007.11.30 07:31:53.827,0.9961,0.9964,2.40,11.80
2007.11.30 07:31:54.089,0.9961,0.9964,2.40,11.80
2007.11.30 07:31:54.352,0.9961,0.9964,2.40,11.80
2007.11.30 07:31:54.569,0.9961,0.9964,2.40,11.80
2007.11.30 07:31:54.787,0.9961,0.9964,2.40,11.80
2007.11.30 07:31:55.011,0.9961,0.9964,2.40,11.80
2007.11.30 07:31:55.299,0.9961,0.9964,2.40,11.80
2007.11.30 07:31:55.558,0.9961,0.9964,2.40,11.80
2007.11.30 07:31:55.819,0.9961,0.9964,2.40,11.80
2007.11.30 07:31:56.085,0.9961,0.9964,2.40,11.80
2007.11.30 07:31:56.342,0.9961,0.9964,2.40,11.80
2007.11.30 07:31:56.613,0.9961,0.9964,2.40,11.80
2007.11.30 07:31:56.881,0.9961,0.9964,2.40,11.80
2007.11.30 07:31:57.148,0.9961,0.9964,2.40,11.80
2007.11.30 07:31:57.422,0.9961,0.9964,2.40,11.80
2007.11.30 07:31:57.658,0.9961,0.9964,2.40,11.80
2007.11.30 07:31:57.901,0.9961,0.9964,2.40,11.80
2007.11.30 07:31:58.144,0.9961,0.9964,2.40,11.80
2007.11.30 07:31:58.386,0.9961,0.9964,2.40,11.80
2007.11.30 07:31:58.639,0.9961,0.9964,2.40,11.80
2007.11.30 07:31:58.891,0.9961,0.9964,2.40,11.80
2007.11.30 07:31:59.149,0.9961,0.9964,2.40,11.80
2007.11.30 07:31:59.403,0.9961,0.9964,2.40,11.80
2007.11.30 07:31:59.672,0.9961,0.9964,2.40,11.80
2007.11.30 07:31:59.940,0.9961,0.9964,2.40,11.80
2007.11.30 07:32:00.208,0.9961,0.9964,2.40,11.80
2007.11.30 07:32:00.477,0.9961,0.9964,2.40,11.80
2007.11.30 07:32:00.725,0.9961,0.9964,2.40,11.80
2007.11.30 07:32:00.973,0.9961,0.9964,2.40,11.80
2007.11.30 07:32:01.220,0.9961,0.9964,2.40,11.80
2007.11.30 07:32:01.468,0.9961,0.9964,2.40,11.80
2007.11.30 07:32:01.736,0.9961,0.9964,2.40,11.80
2007.11.30 07:32:02.004,0.9961,0.9964,2.40,11.80
2007.11.30 07:32:02.272,0.9961,0.9964,2.40,11.80
2007.11.30 07:32:02.539,0.9961,0.9964,2.40,11.80
2007.11.30 07:32:02.842,0.9961,0.9964,2.40,11.80
2007.11.30 07:32:03.144,0.9961,0.9964,2.40,11.80
2007.11.30 07:32:03.447,0.9961,0.9964,2.40,11.80
2007.11.30 07:32:03.751,0.9961,0.9964,2.40,11.80
2007.11.30 07:32:04.009,0.9961,0.9964,2.40,11.80
2007.11.30 07:32:04.267,0.9961,0.9964,2.40,11.80
2007.11.30 07:32:04.524,0.9961,0.9964,2.40,11.80
2007.11.30 07:32:04.758,0.9961,0.9964,2.40,11.80
2007.11.30 07:32:04.991,0.9961,0.9964,2.40,11.80
2007.11.30 07:32:05.224,0.9961,0.9964,2.40,11.80
2007.11.30 07:32:05.456,0.9961,0.9964,2.40,11.80
2007.11.30 07:32:05.689,0.9961,0.9964,2.40,11.80
2007.11.30 07:32:05.997,0.9961,0.9964,2.40,11.80
2007.11.30 07:32:06.305,0.9961,0.9964,2.40,11.80
2007.11.30 07:32:06.612,0.9961,0.9964,2.40,11.80
2007.11.30 07:32:06.847,0.9961,0.9964,2.40,11.80
2007.11.30 07:32:07.068,0.9961,0.9964,2.40,11.80
2007.11.30 07:32:07.296,0.9961,0.9964,2.40,11.80
2007.11.30 07:32:07.639,0.9961,0.9964,2.40,11.80
2007.11.30 07:32:07.914,0.9961,0.9964,2.40,11.80
2007.11.30 07:32:08.193,0.9961,0.9964,2.40,11.80
2007.11.30 07:32:08.477,0.9961,0.9964,2.40,11.80
2007.11.30 07:32:08.748,0.9961,0.9964,2.40,11.80
2007.11.30 07:32:09.015,0.9961,0.9964,2.40,11.00
2007.11.30 07:32:09.282,0.9961,0.9964,2.40,11.00
2007.11.30 07:32:09.551,0.9961,0.9964,2.40,11.00
2007.11.30 07:32:09.818,0.9961,0.9964,2.40,11.00
2007.11.30 07:32:10.067,0.9961,0.99645,0.10,4.00
2007.11.30 07:32:10.316,0.9961,0.9965,0.10,1.20
2007.11.30 07:32:10.565,0.9961,0.9965,0.10,1.20
2007.11.30 07:32:10.812,0.9961,0.9965,0.10,0.50
2007.11.30 07:32:11.071,0.9961,0.9965,0.10,0.50
2007.11.30 07:32:11.330,0.9961,0.9965,0.10,0.50
2007.11.30 07:32:11.588,0.9961,0.99655,0.10,2.40
2007.11.30 07:32:11.847,0.9961,0.9966,0.10,0.50
2007.11.30 07:32:12.135,0.9961,0.9966,0.10,0.50
2007.11.30 07:32:12.422,0.9961,0.99665,0.10,25.60
2007.11.30 07:32:12.712,0.9961,0.9967,4.10,7.80
2007.11.30 07:32:13.000,0.9961,0.9967,4.10,7.80
2007.11.30 07:32:13.259,0.9961,0.9967,4.10,7.80
2007.11.30 07:32:13.519,0.9961,0.9967,4.10,7.80
2007.11.30 07:32:13.805,0.9961,0.9967,4.10,7.80
2007.11.30 07:32:14.063,0.9961,0.9967,8.10,3.80
2007.11.30 07:32:14.341,0.9961,0.9967,8.10,3.80
2007.11.30 07:32:14.619,0.9961,0.9967,8.10,3.80
2007.11.30 07:32:14.641,0.9961,0.99675,8.10,24.20
2007.11.30 07:32:14.896,0.99615,0.9967,4.00,3.80
2007.11.30 07:32:15.174,0.9961,0.9967,8.10,3.80
2007.11.30 07:32:15.381,0.9961,0.9967,8.10,3.80
2007.11.30 07:32:15.588,0.9961,0.9967,8.10,3.80
2007.11.30 07:32:15.797,0.9961,0.9967,8.10,3.80
2007.11.30 07:32:16.005,0.9961,0.9967,8.10,3.80
2007.11.30 07:32:16.214,0.9961,0.9967,8.10,7.80
2007.11.30 07:32:16.517,0.9961,0.9967,8.10,7.80
2007.11.30 07:32:16.819,0.9961,0.9967,8.10,7.80
2007.11.30 07:32:17.123,0.9961,0.9967,8.10,7.80
2007.11.30 07:32:17.426,0.9961,0.9967,8.10,7.80
2007.11.30 07:32:17.670,0.9961,0.9967,8.10,7.80
2007.11.30 07:32:17.913,0.9961,0.9967,8.10,7.80
2007.11.30 07:32:18.155,0.9961,0.9967,8.10,7.80
2007.11.30 07:32:18.399,0.9961,0.9967,8.10,7.80
2007.11.30 07:32:18.662,0.9961,0.9967,8.10,7.80
2007.11.30 07:32:18.925,0.9961,0.9967,8.10,7.80
2007.11.30 07:32:19.188,0.9961,0.9967,8.10,7.80
2007.11.30 07:32:19.451,0.9961,0.9967,8.10,7.80
2007.11.30 07:32:19.704,0.9961,0.9967,8.10,7.80
2007.11.30 07:32:19.965,0.9961,0.9967,8.10,7.80
2007.11.30 07:32:20.219,0.9961,0.9967,8.10,7.80
2007.11.30 07:32:20.472,0.9961,0.9967,8.10,7.80
2007.11.30 07:32:20.708,0.9961,0.9967,8.10,7.80
2007.11.30 07:32:20.907,0.9961,0.9967,8.10,7.80
2007.11.30 07:32:21.126,0.9961,0.9967,8.10,7.80
2007.11.30 07:32:21.343,0.9961,0.9967,8.10,7.80
2007.11.30 07:32:21.561,0.9961,0.9967,8.10,7.80
2007.11.30 07:32:21.819,0.9961,0.9967,8.10,7.80
2007.11.30 07:32:22.077,0.9961,0.9967,8.10,7.80
2007.11.30 07:32:22.335,0.9961,0.9967,8.10,7.80
2007.11.30 07:32:22.594,0.9961,0.9967,8.10,7.80
2007.11.30 07:32:22.791,0.9961,0.9967,8.10,7.80
2007.11.30 07:32:22.990,0.9961,0.9967,8.10,7.80
2007.11.30 07:32:23.188,0.9961,0.9967,8.10,7.80
2007.11.30 07:32:23.385,0.9961,0.9967,8.10,7.80
2007.11.30 07:32:23.583,0.9961,0.9967,8.10,7.80
2007.11.30 07:32:23.780,0.9961,0.9967,8.10,7.80
2007.11.30 07:32:24.068,0.9961,0.9967,8.10,7.80
2007.11.30 07:32:24.356,0.9961,0.9967,8.10,7.80
2007.11.30 07:32:24.644,0.9961,0.9967,8.10,7.80
2007.11.30 07:32:24.913,0.9961,0.9967,8.10,7.80
2007.11.30 07:32:25.175,0.9961,0.9967,8.10,7.80
2007.11.30 07:32:25.437,0.9961,0.9967,8.10,7.80
2007.11.30 07:32:25.700,0.9961,0.9967,8.10,7.80
2007.11.30 07:32:25.954,0.9961,0.9967,8.10,7.80
2007.11.30 07:32:26.207,0.9961,0.9967,8.10,7.80
2007.11.30 07:32:26.467,0.9961,0.9967,8.10,7.80
2007.11.30 07:32:26.720,0.9961,0.9967,8.10,7.80
2007.11.30 07:32:26.963,0.9961,0.9967,8.10,7.80
2007.11.30 07:32:27.206,0.9961,0.9967,8.10,7.80
2007.11.30 07:32:27.449,0.9961,0.9967,8.10,7.80
2007.11.30 07:32:27.691,0.9961,0.9967,8.10,7.80
2007.11.30 07:32:27.934,0.9961,0.9967,8.10,7.80
2007.11.30 07:32:28.196,0.9961,0.9967,8.10,7.80
2007.11.30 07:32:28.459,0.9961,0.9967,8.10,7.80
2007.11.30 07:32:28.722,0.9961,0.9967,8.10,7.80
2007.11.30 07:32:28.959,0.9961,0.9967,8.10,7.80
2007.11.30 07:32:29.198,0.9961,0.9967,8.10,7.80
2007.11.30 07:32:29.435,0.9961,0.9967,8.10,7.80
2007.11.30 07:32:29.676,0.9961,0.9967,8.10,7.80
2007.11.30 07:32:29.914,0.9961,0.9967,8.10,7.80
2007.11.30 07:32:30.132,0.9961,0.9967,8.10,7.80
2007.11.30 07:32:30.350,0.9961,0.9967,8.10,7.80
2007.11.30 07:32:30.569,0.9961,0.9967,8.10,7.80
2007.11.30 07:32:30.787,0.9961,0.9967,8.10,7.80
2007.11.30 07:32:31.025,0.9961,0.9967,8.10,3.80
2007.11.30 07:32:31.263,0.9961,0.9967,8.10,3.80
2007.11.30 07:32:31.502,0.9961,0.9967,8.10,3.80
2007.11.30 07:32:31.740,0.99615,0.9967,4.00,3.80
2007.11.30 07:32:31.978,0.99615,0.9967,7.80,3.80
2007.11.30 07:32:32.296,0.99615,0.9967,14.20,0.50
2007.11.30 07:32:32.494,0.99615,0.9967,14.20,0.50
2007.11.30 07:32:32.697,0.99615,0.9967,14.20,0.50
2007.11.30 07:32:32.897,0.9962,0.99675,0.10,21.80
2007.11.30 07:32:33.178,0.9962,0.9968,4.10,4.60
2007.11.30 07:32:33.436,0.9962,0.9968,8.10,4.60
2007.11.30 07:32:33.705,0.9962,0.9968,8.10,4.60
2007.11.30 07:32:33.974,0.9962,0.9968,8.10,4.60
2007.11.30 07:32:34.222,0.9962,0.9968,8.10,4.60
2007.11.30 07:32:34.476,0.99625,0.9968,4.00,4.60
2007.11.30 07:32:34.723,0.99625,0.9968,4.00,4.60
2007.11.30 07:32:34.973,0.99625,0.9968,4.00,4.60
2007.11.30 07:32:35.228,0.99625,0.9968,4.00,4.60
2007.11.30 07:32:35.482,0.99625,0.9968,4.00,4.60
2007.11.30 07:32:35.735,0.99625,0.9968,4.00,4.60
2007.11.30 07:32:35.987,0.99625,0.9968,4.00,4.60
2007.11.30 07:32:36.285,0.99625,0.9968,4.00,4.60
2007.11.30 07:32:36.583,0.99625,0.9968,4.00,4.60
2007.11.30 07:32:36.880,0.99625,0.9968,4.00,4.60
2007.11.30 07:32:37.177,0.99625,0.9968,4.00,4.60
2007.11.30 07:32:37.429,0.99625,0.9968,4.00,4.60
2007.11.30 07:32:37.682,0.99625,0.9968,4.00,4.60
2007.11.30 07:32:37.936,0.99625,0.9968,4.00,4.60
2007.11.30 07:32:38.155,0.99625,0.9968,4.00,4.60
2007.11.30 07:32:38.462,0.99625,0.9968,4.00,4.60
2007.11.30 07:32:38.680,0.99625,0.9968,4.00,4.60
2007.11.30 07:32:38.904,0.99625,0.9968,4.00,4.60
2007.11.30 07:32:39.123,0.99625,0.9968,4.00,4.60
2007.11.30 07:32:39.413,0.99625,0.9968,4.00,4.60
2007.11.30 07:32:39.707,0.99625,0.9968,4.00,4.60
2007.11.30 07:32:39.988,0.99625,0.9968,4.00,4.60
2007.11.30 07:32:40.221,0.99625,0.9968,4.00,4.60
2007.11.30 07:32:40.454,0.99625,0.9968,4.00,4.60
2007.11.30 07:32:40.688,0.99625,0.9968,4.00,4.60
2007.11.30 07:32:40.921,0.99625,0.9968,4.00,4.60
2007.11.30 07:32:41.153,0.99625,0.9968,4.00,4.60
2007.11.30 07:32:41.476,0.99625,0.9968,4.00,4.60
2007.11.30 07:32:41.800,0.99625,0.9968,4.00,4.60
2007.11.30 07:32:42.123,0.99625,0.9968,4.00,4.60
2007.11.30 07:32:42.330,0.99625,0.9968,4.00,4.60
2007.11.30 07:32:42.538,0.99625,0.9968,4.00,4.60
2007.11.30 07:32:42.746,0.99625,0.9968,4.00,4.60
2007.11.30 07:32:42.954,0.99625,0.9968,4.00,4.60
2007.11.30 07:32:43.161,0.99625,0.9968,4.00,4.60
2007.11.30 07:32:43.454,0.99625,0.9968,4.00,4.60
2007.11.30 07:32:43.747,0.99625,0.9968,4.00,4.60
2007.11.30 07:32:44.040,0.99625,0.9968,4.00,4.60
2007.11.30 07:32:44.333,0.99625,0.9968,4.00,4.60
2007.11.30 07:32:44.627,0.99625,0.9968,4.00,4.60
2007.11.30 07:32:44.825,0.99625,0.9968,4.00,4.60
2007.11.30 07:32:45.029,0.99625,0.9968,4.00,4.60
2007.11.30 07:32:45.227,0.99625,0.9968,4.00,4.60
2007.11.30 07:32:45.486,0.99625,0.9968,4.00,4.60
2007.11.30 07:32:45.743,0.99625,0.9968,4.00,4.60
2007.11.30 07:32:46.001,0.99625,0.9968,4.00,4.60
2007.11.30 07:32:46.259,0.99625,0.9968,4.00,4.60
2007.11.30 07:32:46.471,0.99625,0.9968,4.00,4.60
2007.11.30 07:32:46.684,0.99625,0.9968,4.00,4.60
2007.11.30 07:32:46.897,0.99625,0.9968,4.00,4.60
2007.11.30 07:32:47.110,0.99625,0.9968,4.00,4.60
2007.11.30 07:32:47.324,0.99625,0.9968,4.00,4.60
2007.11.30 07:32:47.656,0.99625,0.9968,4.00,4.60
2007.11.30 07:32:47.989,0.99625,0.9968,4.00,4.60
2007.11.30 07:32:48.322,0.99625,0.9968,4.00,4.60
2007.11.30 07:32:48.535,0.99625,0.9968,4.00,4.60
2007.11.30 07:32:48.748,0.99625,0.9968,4.00,4.60
2007.11.30 07:32:48.961,0.99625,0.9968,4.00,4.60
2007.11.30 07:32:49.174,0.99625,0.9968,4.00,4.60
2007.11.30 07:32:49.389,0.99625,0.9968,4.00,4.60
2007.11.30 07:32:49.706,0.99625,0.9968,4.00,4.60
2007.11.30 07:32:50.031,0.99625,0.9968,4.00,4.60
2007.11.30 07:32:50.341,0.99625,0.9968,4.00,4.60
2007.11.30 07:32:50.811,0.99625,0.9968,4.00,4.60
2007.11.30 07:32:51.035,0.99625,0.9968,4.00,4.60
2007.11.30 07:32:51.266,0.99625,0.9968,4.00,4.60
2007.11.30 07:32:51.505,0.99625,0.9968,4.00,4.60
2007.11.30 07:32:51.703,0.99625,0.9968,4.00,4.60
2007.11.30 07:32:51.900,0.99625,0.9968,4.00,4.60
2007.11.30 07:32:52.098,0.99625,0.9968,4.00,4.60
2007.11.30 07:32:52.296,0.99625,0.9968,4.00,4.60
2007.11.30 07:32:52.494,0.99625,0.9968,4.00,4.60
2007.11.30 07:32:52.692,0.99625,0.9968,4.00,4.60
2007.11.30 07:32:52.969,0.99625,0.9968,4.00,4.60
2007.11.30 07:32:53.248,0.99625,0.9968,4.00,4.60
2007.11.30 07:32:53.526,0.99625,0.9968,4.00,4.60
2007.11.30 07:32:53.796,0.99625,0.9968,4.00,4.60
2007.11.30 07:32:54.063,0.99625,0.9968,4.00,8.60
2007.11.30 07:32:54.332,0.99625,0.9968,4.00,8.60
2007.11.30 07:32:54.607,0.99625,0.9968,4.00,8.60
2007.11.30 07:32:54.853,0.99625,0.9968,4.00,8.60
2007.11.30 07:32:55.105,0.99625,0.9968,4.00,8.60
2007.11.30 07:32:55.357,0.99625,0.9968,4.00,8.60
2007.11.30 07:32:55.611,0.99625,0.9968,4.00,8.60
2007.11.30 07:32:55.924,0.99625,0.9968,4.00,8.60
2007.11.30 07:32:56.237,0.99625,0.9968,4.00,8.60
2007.11.30 07:32:56.549,0.99625,0.9968,4.00,8.60
2007.11.30 07:32:56.958,0.99625,0.9968,4.00,8.60
2007.11.30 07:32:57.169,0.99625,0.9968,4.00,8.60
2007.11.30 07:32:57.382,0.99625,0.9968,4.00,8.60
2007.11.30 07:32:57.595,0.99625,0.9968,4.00,8.60
2007.11.30 07:32:57.808,0.99625,0.9968,4.00,8.60
2007.11.30 07:32:57.955,0.9962,0.9968,8.10,8.60
2007.11.30 07:32:58.137,0.99625,0.9968,0.60,8.60
2007.11.30 07:32:58.467,0.99625,0.9968,2.10,8.60
2007.11.30 07:32:58.795,0.9962,0.9968,8.10,8.60
2007.11.30 07:32:59.013,0.9962,0.9968,8.10,8.60
2007.11.30 07:32:59.232,0.9962,0.9968,8.10,8.60
2007.11.30 07:32:59.450,0.99625,0.9968,1.90,8.60
2007.11.30 07:32:59.668,0.99625,0.9968,0.60,8.60
2007.11.30 07:32:59.892,0.99625,0.9968,1.50,8.60
2007.11.30 07:33:00.114,0.9962,0.9968,8.10,8.60
2007.11.30 07:33:00.337,0.99625,0.9968,1.70,8.60
2007.11.30 07:33:00.559,0.99625,0.9968,1.60,8.60
2007.11.30 07:33:00.782,0.9962,0.9968,8.10,8.60
2007.11.30 07:33:01.005,0.9962,0.9968,8.10,8.60
2007.11.30 07:33:01.250,0.99625,0.9968,1.50,8.60
2007.11.30 07:33:01.494,0.99625,0.9968,2.10,8.60
2007.11.30 07:33:01.737,0.9962,0.9968,8.10,8.60
2007.11.30 07:33:01.981,0.9962,0.9968,8.10,8.60
2007.11.30 07:33:02.244,0.99625,0.9968,1.30,8.60
2007.11.30 07:33:02.507,0.9962,0.9968,8.10,8.60
2007.11.30 07:33:02.770,0.9962,0.9968,8.10,8.60
2007.11.30 07:33:03.124,0.99625,0.9968,0.60,23.60
2007.11.30 07:33:03.330,0.99625,0.9968,0.80,23.60
2007.11.30 07:33:03.532,0.9962,0.9968,26.40,23.60
2007.11.30 07:33:03.735,0.9962,0.9968,26.40,23.60
2007.11.30 07:33:03.946,0.9962,0.9968,26.40,23.60
2007.11.30 07:33:04.148,0.9962,0.9968,26.40,23.60
2007.11.30 07:33:04.426,0.9962,0.9968,26.40,23.60
2007.11.30 07:33:04.704,0.9962,0.9968,26.40,23.60
2007.11.30 07:33:04.983,0.99625,0.9968,0.60,23.60
2007.11.30 07:33:05.260,0.9962,0.9968,26.40,23.60
2007.11.30 07:33:05.477,0.99625,0.9968,0.90,23.60
2007.11.30 07:33:05.696,0.9962,0.9968,26.40,23.60
2007.11.30 07:33:05.914,0.99625,0.9968,0.60,23.60
2007.11.30 07:33:06.131,0.9962,0.9968,26.40,23.60
2007.11.30 07:33:06.347,0.9962,0.9968,26.40,23.60
2007.11.30 07:33:06.594,0.9962,0.9968,26.40,23.60
2007.11.30 07:33:06.841,0.9962,0.9968,26.40,23.60
2007.11.30 07:33:07.090,0.99625,0.9968,0.60,23.60
2007.11.30 07:33:07.337,0.99625,0.9968,1.60,23.60
2007.11.30 07:33:07.520,0.99625,0.9968,1.80,23.60
2007.11.30 07:33:07.703,0.99625,0.9968,1.50,23.60
2007.11.30 07:33:07.885,0.99625,0.9968,2.20,23.60
2007.11.30 07:33:08.072,0.9962,0.9968,26.40,23.60
2007.11.30 07:33:08.253,0.9962,0.9968,26.40,23.60
2007.11.30 07:33:08.436,0.99625,0.9968,1.00,23.60
2007.11.30 07:33:08.728,0.9962,0.9968,26.40,23.60
2007.11.30 07:33:09.021,0.99625,0.9968,1.70,23.60
2007.11.30 07:33:09.313,0.99625,0.9968,1.70,23.60
2007.11.30 07:33:09.606,0.99625,0.9968,2.20,23.60
2007.11.30 07:33:09.828,0.9962,0.9968,26.40,23.60
2007.11.30 07:33:10.057,0.9962,0.9968,26.40,23.60
2007.11.30 07:33:10.273,0.9962,0.9968,26.40,23.60
2007.11.30 07:33:10.497,0.99625,0.9968,1.90,23.60
2007.11.30 07:33:10.794,0.99625,0.9968,0.50,23.60
2007.11.30 07:33:11.091,0.9962,0.9968,26.40,23.60
2007.11.30 07:33:11.388,0.99625,0.9968,2.10,23.60
2007.11.30 07:33:11.582,0.9961,0.9968,36.90,23.60
2007.11.30 07:33:11.774,0.9961,0.9968,36.90,23.60
2007.11.30 07:33:11.969,0.9961,0.9968,36.90,23.60
2007.11.30 07:33:12.163,0.9962,0.9968,2.20,23.60
2007.11.30 07:33:12.357,0.9961,0.9968,36.90,23.60
2007.11.30 07:33:12.636,0.9961,0.9968,36.90,23.60
2007.11.30 07:33:12.913,0.9961,0.9968,36.90,23.60
2007.11.30 07:33:13.192,0.9962,0.9968,10.50,23.60
2007.11.30 07:33:13.469,0.9962,0.9968,8.00,23.60
2007.11.30 07:33:13.749,0.9961,0.9968,36.90,23.60
2007.11.30 07:33:14.022,0.9962,0.9968,2.80,23.60
2007.11.30 07:33:14.295,0.9962,0.9968,0.90,23.60
2007.11.30 07:33:14.568,0.9961,0.9968,36.90,23.60
2007.11.30 07:33:14.821,0.9961,0.9968,36.90,23.60
2007.11.30 07:33:15.073,0.9962,0.9968,7.70,23.60
2007.11.30 07:33:15.455,0.9961,0.9968,36.90,23.60
2007.11.30 07:33:15.708,0.9961,0.9968,36.90,23.60
2007.11.30 07:33:15.945,0.9961,0.9968,36.90,23.60
2007.11.30 07:33:16.184,0.9962,0.9968,5.90,23.60
2007.11.30 07:33:16.422,0.9962,0.9968,12.80,23.60
2007.11.30 07:33:16.662,0.9961,0.9968,36.90,23.60
2007.11.30 07:33:16.999,0.9961,0.9968,36.90,23.60
2007.11.30 07:33:17.319,0.9962,0.9968,1.90,23.60
2007.11.30 07:33:17.647,0.9961,0.9968,36.90,23.60
2007.11.30 07:33:17.847,0.9962,0.9968,9.30,23.60
2007.11.30 07:33:18.045,0.9961,0.9968,36.90,23.60
2007.11.30 07:33:18.251,0.9961,0.9968,36.90,23.60
2007.11.30 07:33:18.449,0.9962,0.9968,0.60,23.60
2007.11.30 07:33:18.646,0.9962,0.9968,6.00,23.60
2007.11.30 07:33:18.979,0.9962,0.9968,9.00,23.60
2007.11.30 07:33:19.312,0.9961,0.9968,36.90,23.60
2007.11.30 07:33:19.645,0.9961,0.9968,36.90,23.60
2007.11.30 07:33:19.848,0.9961,0.9968,36.90,23.60
2007.11.30 07:33:20.051,0.9962,0.9968,8.70,23.60
2007.11.30 07:33:20.253,0.9961,0.9968,36.90,23.60
2007.11.30 07:33:20.456,0.9962,0.9968,12.70,23.60
2007.11.30 07:33:20.659,0.9962,0.9968,1.00,23.60
2007.11.30 07:33:20.977,0.9962,0.9968,7.50,23.60
2007.11.30 07:33:21.295,0.9962,0.9968,3.00,23.60
2007.11.30 07:33:21.623,0.9961,0.9968,36.90,23.60
2007.11.30 07:33:21.941,0.9961,0.9968,36.90,23.60
2007.11.30 07:33:22.165,0.9962,0.9968,8.90,23.60
2007.11.30 07:33:22.395,0.9961,0.9968,36.90,23.60
2007.11.30 07:33:22.617,0.9962,0.9968,8.60,23.60
2007.11.30 07:33:22.841,0.9962,0.9968,12.70,23.60
2007.11.30 07:33:23.103,0.9962,0.9968,3.00,23.60
2007.11.30 07:33:23.367,0.9961,0.9968,36.90,23.60
2007.11.30 07:33:23.633,0.9961,0.9968,36.90,23.60
2007.11.30 07:33:23.897,0.9962,0.9968,4.80,23.60
2007.11.30 07:33:24.149,0.9962,0.9968,4.50,23.60
2007.11.30 07:33:24.402,0.9962,0.9968,8.50,23.60
2007.11.30 07:33:24.654,0.9961,0.9968,36.90,23.60
2007.11.30 07:33:24.907,0.9962,0.9968,10.70,23.60
2007.11.30 07:33:25.149,0.9961,0.9968,36.90,23.60
2007.11.30 07:33:25.398,0.9962,0.9968,0.50,23.60
2007.11.30 07:33:25.642,0.99615,0.9968,28.00,23.60
2007.11.30 07:33:25.885,0.9962,0.9968,3.40,23.60
2007.11.30 07:33:26.128,0.99615,0.9968,28.00,23.60
2007.11.30 07:33:26.456,0.99615,0.9968,28.00,23.60
2007.11.30 07:33:26.783,0.99615,0.9968,28.00,23.60
2007.11.30 07:33:27.112,0.9962,0.9968,5.20,23.60
2007.11.30 07:33:27.359,0.9962,0.9968,26.40,23.60
2007.11.30 07:33:27.601,0.9962,0.9968,26.40,23.60
2007.11.30 07:33:27.844,0.9962,0.9968,26.40,23.60
2007.11.30 07:33:28.088,0.9962,0.9968,26.40,23.60
2007.11.30 07:33:28.346,0.9962,0.9968,26.40,23.60
2007.11.30 07:33:28.604,0.9962,0.9968,26.40,23.60
2007.11.30 07:33:28.864,0.9962,0.9968,26.40,23.60
2007.11.30 07:33:29.121,0.9962,0.9968,26.40,23.60
2007.11.30 07:33:29.409,0.9962,0.9968,26.40,23.60
2007.11.30 07:33:29.698,0.9962,0.9968,26.40,23.60
2007.11.30 07:33:29.985,0.9962,0.9968,26.40,23.60
2007.11.30 07:33:30.274,0.9962,0.9968,26.40,23.60
2007.11.30 07:33:30.503,0.9962,0.9968,26.40,23.60
2007.11.30 07:33:30.731,0.9962,0.9968,26.40,23.60
2007.11.30 07:33:30.960,0.9962,0.9968,26.40,23.60
2007.11.30 07:33:31.188,0.99625,0.9968,4.00,23.60
2007.11.30 07:33:31.415,0.99625,0.9968,4.00,23.60
2007.11.30 07:33:31.748,0.99625,0.9968,4.00,23.60
2007.11.30 07:33:32.081,0.9962,0.9968,26.40,23.60
2007.11.30 07:33:32.414,0.9962,0.9968,26.40,23.60
2007.11.30 07:33:32.607,0.9962,0.9968,26.40,23.60
2007.11.30 07:33:32.799,0.9962,0.9968,26.40,23.60
2007.11.30 07:33:32.992,0.9962,0.9968,26.40,23.60
2007.11.30 07:33:33.186,0.9962,0.9968,26.40,23.60
2007.11.30 07:33:33.378,0.9962,0.9968,24.00,23.60
2007.11.30 07:33:33.658,0.9962,0.9968,26.40,23.60
2007.11.30 07:33:33.965,0.9962,0.9968,26.40,23.60
2007.11.30 07:33:34.242,0.9962,0.9968,26.40,23.60
2007.11.30 07:33:34.386,0.9962,0.9968,26.40,23.60
2007.11.30 07:33:34.528,0.9962,0.9968,26.40,23.60
2007.11.30 07:33:34.670,0.9962,0.9968,26.40,23.60
2007.11.30 07:33:34.820,0.9962,0.9968,26.40,23.60
2007.11.30 07:33:34.956,0.9962,0.9968,26.40,23.60
2007.11.30 07:33:35.099,0.9962,0.9968,26.40,23.60
2007.11.30 07:33:35.243,0.9962,0.9968,26.40,23.60
2007.11.30 07:33:35.575,0.9962,0.9968,26.40,23.60
2007.11.30 07:33:35.907,0.9962,0.9968,26.40,23.60
2007.11.30 07:33:36.239,0.9962,0.9968,26.40,23.60
2007.11.30 07:33:36.571,0.9962,0.9968,26.40,23.60
2007.11.30 07:33:36.809,0.9962,0.9968,26.40,23.60
2007.11.30 07:33:37.048,0.9962,0.9968,26.40,23.60
2007.11.30 07:33:37.285,0.9962,0.9968,26.40,23.60
2007.11.30 07:33:37.518,0.9962,0.9968,26.40,23.60
2007.11.30 07:33:37.752,0.9962,0.9968,26.40,23.60
2007.11.30 07:33:37.984,0.9962,0.9968,26.40,23.60
2007.11.30 07:33:38.216,0.9962,0.9968,26.40,23.60
2007.11.30 07:33:38.449,0.9962,0.9968,26.40,23.60
2007.11.30 07:33:38.735,0.9962,0.9968,26.40,23.60
2007.11.30 07:33:39.021,0.9962,0.9968,26.40,23.60
2007.11.30 07:33:39.312,0.9962,0.9968,26.40,23.60
2007.11.30 07:33:39.586,0.9962,0.9968,26.40,23.60
2007.11.30 07:33:39.854,0.9962,0.9968,26.40,23.60
2007.11.30 07:33:40.136,0.9962,0.9968,26.40,23.60
2007.11.30 07:33:40.403,0.9962,0.9968,26.40,23.60
2007.11.30 07:33:40.671,0.9962,0.9968,26.40,23.60
2007.11.30 07:33:40.870,0.9962,0.9968,26.40,23.60
2007.11.30 07:33:41.067,0.9962,0.9968,26.40,23.60
2007.11.30 07:33:41.265,0.9962,0.9968,26.40,23.60
2007.11.30 07:33:41.463,0.9962,0.9968,26.40,23.60
2007.11.30 07:33:41.663,0.9962,0.9968,26.40,23.60
2007.11.30 07:33:41.997,0.9962,0.9968,26.40,23.60
2007.11.30 07:33:42.331,0.9962,0.9968,26.40,23.60
2007.11.30 07:33:42.666,0.9962,0.9968,26.40,23.60
2007.11.30 07:33:42.909,0.9962,0.9968,26.40,23.60
2007.11.30 07:33:43.152,0.9962,0.9968,26.40,23.60
2007.11.30 07:33:43.403,0.9962,0.9968,26.40,23.60
2007.11.30 07:33:43.651,0.9962,0.9968,26.40,23.60
2007.11.30 07:33:43.915,0.9962,0.9968,26.40,23.60
2007.11.30 07:33:44.186,0.9962,0.9968,26.40,23.60
2007.11.30 07:33:44.451,0.9962,0.9968,26.40,23.60
2007.11.30 07:33:44.714,0.9962,0.9968,26.40,23.60
2007.11.30 07:33:44.967,0.9962,0.9968,26.40,23.60
2007.11.30 07:33:45.221,0.9962,0.9968,26.40,23.60
2007.11.30 07:33:45.473,0.9962,0.9968,26.40,23.60
2007.11.30 07:33:45.725,0.9962,0.9968,26.40,23.60
2007.11.30 07:33:45.999,0.9962,0.9968,26.40,23.60
2007.11.30 07:33:46.308,0.9962,0.9968,26.40,23.60
2007.11.30 07:33:46.582,0.9962,0.9968,26.40,23.60
2007.11.30 07:33:46.856,0.9962,0.9968,26.40,23.60
2007.11.30 07:33:47.058,0.9962,0.9968,26.40,23.60
2007.11.30 07:33:47.265,0.9962,0.9968,26.40,23.60
2007.11.30 07:33:47.472,0.9962,0.9968,26.40,23.60
2007.11.30 07:33:47.681,0.9962,0.9968,26.40,23.60
2007.11.30 07:33:47.884,0.9962,0.9968,26.40,23.60
2007.11.30 07:33:48.158,0.9962,0.9968,26.40,23.60
2007.11.30 07:33:48.440,0.9962,0.9968,26.40,23.60
2007.11.30 07:33:48.703,0.9962,0.9968,26.40,23.60
2007.11.30 07:33:48.984,0.9962,0.9968,26.40,23.60
2007.11.30 07:33:49.216,0.9962,0.9968,26.40,23.60
2007.11.30 07:33:49.456,0.9962,0.9968,26.40,23.60
2007.11.30 07:33:49.690,0.9962,0.9968,26.40,23.60
2007.11.30 07:33:49.923,0.9962,0.9968,26.40,23.60
2007.11.30 07:33:50.164,0.9962,0.9968,26.40,23.60
2007.11.30 07:33:50.407,0.9962,0.9968,26.40,23.60
2007.11.30 07:33:50.657,0.9962,0.9968,26.40,23.60
2007.11.30 07:33:50.894,0.9962,0.9968,26.40,23.60
2007.11.30 07:33:51.136,0.9962,0.9968,26.40,23.60
2007.11.30 07:33:51.424,0.9962,0.9968,26.40,23.60
2007.11.30 07:33:51.712,0.9962,0.9968,26.40,23.60
2007.11.30 07:33:52.000,0.9962,0.9968,26.40,23.60
2007.11.30 07:33:52.198,0.9962,0.9968,26.40,23.60
2007.11.30 07:33:52.474,0.99625,0.9967,4.00,0.20
2007.11.30 07:33:52.677,0.99625,0.9968,4.00,22.40
2007.11.30 07:33:52.877,0.99625,0.9968,4.00,21.60
2007.11.30 07:33:53.074,0.99625,0.9968,4.00,21.60
2007.11.30 07:33:53.373,0.99625,0.9968,4.00,21.60
2007.11.30 07:33:53.467,0.99625,0.9968,1.70,21.60
2007.11.30 07:33:53.671,0.9962,0.9968,27.20,21.60
2007.11.30 07:33:53.970,0.99625,0.9968,1.90,21.60
2007.11.30 07:33:54.272,0.99625,0.9968,2.00,21.60
2007.11.30 07:33:54.490,0.99625,0.9968,2.30,21.60
2007.11.30 07:33:54.708,0.99625,0.9968,2.40,21.60
2007.11.30 07:33:54.926,0.9962,0.9968,27.20,21.60
2007.11.30 07:33:55.144,0.99625,0.9968,2.20,21.60
2007.11.30 07:33:55.432,0.9962,0.9968,27.20,21.60
2007.11.30 07:33:55.721,0.9962,0.9968,27.20,21.60
2007.11.30 07:33:56.008,0.99625,0.9968,1.50,21.60
2007.11.30 07:33:56.296,0.99625,0.9968,1.70,21.60
2007.11.30 07:33:56.489,0.99625,0.9968,2.40,21.60
2007.11.30 07:33:56.682,0.9962,0.9968,27.20,21.60
2007.11.30 07:33:56.875,0.99625,0.9968,1.20,21.60
2007.11.30 07:33:57.067,0.9962,0.9968,27.20,21.60
2007.11.30 07:33:57.260,0.9962,0.9968,27.20,21.60
2007.11.30 07:33:57.543,0.99625,0.9968,0.70,21.60
2007.11.30 07:33:57.826,0.99625,0.9968,1.30,21.60
2007.11.30 07:33:58.109,0.99625,0.9968,2.10,21.60
2007.11.30 07:33:58.397,0.9962,0.9968,27.20,21.60
2007.11.30 07:33:58.627,0.9962,0.9968,27.20,21.60
2007.11.30 07:33:58.853,0.9962,0.9968,27.20,21.60
2007.11.30 07:33:59.080,0.99625,0.9968,0.90,21.60
2007.11.30 07:33:59.309,0.99625,0.9968,1.80,21.60
2007.11.30 07:33:59.535,0.9962,0.9968,27.20,21.60
2007.11.30 07:33:59.740,0.9962,0.9968,27.20,21.60
2007.11.30 07:33:59.943,0.99625,0.9968,0.90,21.60
2007.11.30 07:34:00.146,0.9962,0.9968,27.20,21.60
2007.11.30 07:34:00.349,0.99625,0.9968,1.00,21.60
2007.11.30 07:34:00.611,0.99625,0.9968,0.60,21.60
2007.11.30 07:34:00.874,0.9962,0.9968,27.20,21.60
2007.11.30 07:34:01.136,0.9962,0.9968,27.20,21.60
2007.11.30 07:34:01.400,0.9962,0.9968,27.20,21.60
2007.11.30 07:34:01.616,0.9962,0.9968,27.20,21.60
2007.11.30 07:34:01.829,0.9962,0.9968,27.20,21.60
2007.11.30 07:34:02.041,0.9962,0.9968,27.20,21.60
2007.11.30 07:34:02.257,0.99625,0.9968,2.20,21.60
2007.11.30 07:34:02.475,0.99625,0.9968,2.30,21.60
2007.11.30 07:34:02.739,0.99625,0.9968,2.30,21.60
2007.11.30 07:34:03.006,0.99625,0.9968,1.10,21.60
2007.11.30 07:34:03.269,0.9962,0.9968,24.80,21.60
2007.11.30 07:34:03.532,0.99625,0.9968,1.90,21.60
2007.11.30 07:34:03.730,0.99625,0.9968,2.20,21.60
2007.11.30 07:34:03.928,0.99625,0.9968,1.30,21.60
2007.11.30 07:34:04.125,0.9962,0.9968,27.20,21.60
2007.11.30 07:34:04.323,0.99625,0.9968,1.70,21.60
2007.11.30 07:34:04.521,0.9962,0.9968,27.20,21.60
2007.11.30 07:34:04.813,0.9962,0.9968,27.20,21.60
2007.11.30 07:34:05.107,0.99625,0.9968,1.00,21.60
2007.11.30 07:34:05.400,0.9962,0.9968,27.20,21.60
2007.11.30 07:34:05.694,0.9962,0.9968,27.20,21.60
2007.11.30 07:34:05.887,0.9962,0.9968,27.20,21.60
2007.11.30 07:34:06.085,0.99625,0.9968,2.30,21.60
2007.11.30 07:34:06.277,0.9962,0.9968,27.20,21.60
2007.11.30 07:34:06.470,0.9962,0.9968,27.20,21.60
2007.11.30 07:34:06.663,0.9962,0.9968,27.20,21.60
2007.11.30 07:34:06.994,0.9962,0.9968,27.20,21.60
2007.11.30 07:34:07.326,0.9962,0.9968,27.20,21.60
2007.11.30 07:34:07.660,0.99625,0.9968,2.00,21.60
2007.11.30 07:34:07.993,0.9962,0.9968,27.20,21.60
2007.11.30 07:34:08.206,0.9962,0.9968,27.20,21.60
2007.11.30 07:34:08.418,0.9962,0.9968,27.20,21.60
2007.11.30 07:34:08.631,0.99625,0.9968,1.80,21.60
2007.11.30 07:34:08.843,0.9962,0.9968,27.20,21.60
2007.11.30 07:34:09.132,0.99625,0.9968,1.90,21.60
2007.11.30 07:34:09.419,0.99625,0.9968,1.40,21.60
2007.11.30 07:34:09.707,0.99625,0.9968,0.50,21.60
2007.11.30 07:34:09.935,0.9962,0.9968,27.20,21.60
2007.11.30 07:34:10.162,0.9962,0.9968,27.20,21.60
2007.11.30 07:34:10.390,0.9962,0.9968,27.20,21.60
2007.11.30 07:34:10.623,0.9962,0.9968,27.20,21.60
2007.11.30 07:34:10.954,0.9962,0.9968,27.20,21.60
2007.11.30 07:34:11.217,0.9962,0.9968,27.20,21.60
2007.11.30 07:34:11.481,0.99625,0.9968,2.00,21.60
2007.11.30 07:34:11.742,0.99625,0.9968,2.20,21.60
2007.11.30 07:34:12.006,0.99625,0.9968,0.70,21.60
2007.11.30 07:34:12.219,0.9962,0.9968,27.20,21.60
2007.11.30 07:34:12.432,0.9962,0.9968,27.20,21.60
2007.11.30 07:34:12.646,0.99625,0.9968,0.80,21.60
2007.11.30 07:34:12.863,0.9962,0.9968,27.20,21.60
2007.11.30 07:34:13.110,0.99625,0.9968,1.60,21.60
2007.11.30 07:34:13.357,0.99625,0.9968,2.20,21.60
2007.11.30 07:34:13.604,0.9962,0.9968,27.20,21.60
2007.11.30 07:34:13.851,0.99625,0.9968,0.50,21.60
2007.11.30 07:34:14.100,0.99625,0.9968,1.50,21.60
2007.11.30 07:34:14.348,0.9962,0.9968,27.20,21.60
2007.11.30 07:34:14.596,0.99625,0.9968,2.40,21.60
2007.11.30 07:34:14.844,0.99625,0.9968,1.20,21.60
2007.11.30 07:34:15.092,0.99625,0.9968,2.10,21.60
2007.11.30 07:34:15.369,0.99625,0.9968,0.80,21.60
2007.11.30 07:34:15.646,0.99625,0.9968,0.80,21.60
2007.11.30 07:34:15.924,0.99625,0.9968,1.00,21.60
2007.11.30 07:34:16.126,0.9962,0.9968,27.20,21.60
2007.11.30 07:34:16.330,0.99625,0.9968,2.40,21.60
2007.11.30 07:34:16.532,0.9962,0.9968,27.20,21.60
2007.11.30 07:34:16.740,0.9962,0.9968,27.20,21.60
2007.11.30 07:34:16.937,0.99625,0.9968,0.70,21.60
2007.11.30 07:34:17.141,0.9962,0.9968,27.20,21.60
2007.11.30 07:34:17.394,0.9962,0.9968,27.20,21.60
2007.11.30 07:34:17.647,0.99625,0.9968,0.70,21.60
2007.11.30 07:34:17.904,0.9962,0.9968,27.20,21.60
2007.11.30 07:34:18.156,0.99625,0.9968,0.50,21.60
2007.11.30 07:34:18.394,0.99625,0.9968,2.30,21.60
2007.11.30 07:34:18.632,0.99625,0.9968,2.20,21.60
2007.11.30 07:34:18.869,0.99625,0.9968,1.10,21.60
2007.11.30 07:34:19.106,0.9962,0.9968,27.20,21.60
2007.11.30 07:34:19.329,0.99625,0.9968,2.00,21.60
2007.11.30 07:34:19.546,0.9962,0.9968,27.20,21.60
2007.11.30 07:34:19.765,0.9962,0.9968,27.20,21.60
2007.11.30 07:34:19.983,0.99625,0.9968,2.10,21.60
2007.11.30 07:34:20.205,0.99625,0.9968,1.40,21.60
2007.11.30 07:34:20.478,0.99625,0.9968,0.70,21.60
2007.11.30 07:34:20.751,0.99625,0.9968,4.30,21.60
2007.11.30 07:34:21.024,0.9962,0.9968,27.80,21.60
2007.11.30 07:34:21.296,0.9962,0.9968,27.80,21.60
2007.11.30 07:34:21.554,0.9962,0.9968,27.80,21.60
2007.11.30 07:34:21.820,0.9963,0.9968,0.30,21.60
2007.11.30 07:34:22.070,0.9962,0.9968,27.80,21.60
2007.11.30 07:34:22.126,0.9963,0.9968,0.30,21.60
2007.11.30 07:34:22.328,0.9963,0.9968,0.30,21.60
2007.11.30 07:34:22.591,0.9962,0.9968,27.80,21.60
2007.11.30 07:34:22.854,0.9963,0.9968,0.30,21.60
2007.11.30 07:34:23.117,0.9963,0.9968,0.30,21.60
2007.11.30 07:34:23.381,0.9963,0.9968,0.30,21.60
2007.11.30 07:34:23.628,0.9962,0.9968,27.80,21.60
2007.11.30 07:34:23.876,0.9962,0.9968,27.80,21.60
2007.11.30 07:34:24.125,0.9963,0.9968,0.30,21.60
2007.11.30 07:34:24.373,0.9962,0.9968,27.80,21.60
2007.11.30 07:34:24.691,0.9962,0.9968,27.80,21.60
2007.11.30 07:34:25.010,0.9962,0.9968,27.80,21.60
2007.11.30 07:34:25.329,0.9962,0.9968,27.80,21.60
2007.11.30 07:34:25.522,0.9962,0.9968,27.80,21.60
2007.11.30 07:34:25.714,0.9962,0.9968,27.80,21.60
2007.11.30 07:34:25.907,0.9963,0.9968,0.30,21.60
2007.11.30 07:34:26.101,0.9962,0.9968,27.80,21.60
2007.11.30 07:34:26.293,0.9962,0.9968,27.80,21.60
2007.11.30 07:34:26.626,0.9963,0.9968,0.30,21.60
2007.11.30 07:34:26.958,0.9963,0.9968,0.30,21.60
2007.11.30 07:34:27.292,0.9962,0.9968,27.80,21.60
2007.11.30 07:34:27.504,0.9962,0.9968,27.80,21.60
2007.11.30 07:34:27.716,0.9962,0.9968,27.80,21.60
2007.11.30 07:34:27.929,0.9963,0.9968,0.30,21.60
2007.11.30 07:34:28.142,0.9962,0.9968,27.80,21.60
2007.11.30 07:34:28.355,0.9963,0.9968,0.30,21.60
2007.11.30 07:34:28.667,0.9963,0.9968,0.30,21.60
2007.11.30 07:34:28.980,0.9962,0.9968,27.80,21.60
2007.11.30 07:34:29.453,0.9962,0.9968,27.80,21.60
2007.11.30 07:34:29.605,0.9962,0.9968,27.80,21.60
2007.11.30 07:34:29.797,0.9962,0.9968,27.80,21.60
2007.11.30 07:34:29.990,0.9962,0.9968,27.80,21.60
2007.11.30 07:34:30.183,0.9962,0.9968,27.80,21.60
2007.11.30 07:34:30.375,0.9963,0.9968,0.30,21.60
2007.11.30 07:34:30.569,0.9962,0.9968,27.80,21.60
2007.11.30 07:34:30.902,0.9962,0.9968,27.80,21.60
2007.11.30 07:34:31.235,0.9962,0.9968,27.80,21.60
2007.11.30 07:34:31.568,0.9962,0.9968,27.80,21.60
2007.11.30 07:34:31.781,0.9963,0.9968,0.30,21.60
2007.11.30 07:34:31.993,0.9962,0.9968,27.80,21.60
2007.11.30 07:34:32.206,0.9962,0.9968,27.80,21.60
2007.11.30 07:34:32.418,0.9963,0.9968,0.30,21.60
2007.11.30 07:34:32.630,0.9962,0.9968,27.80,21.60
2007.11.30 07:34:32.964,0.9963,0.9968,0.30,21.60
2007.11.30 07:34:33.297,0.9962,0.9968,27.80,21.60
2007.11.30 07:34:33.631,0.9963,0.9968,0.30,21.60
2007.11.30 07:34:33.848,0.9962,0.9968,27.80,21.60
2007.11.30 07:34:34.067,0.9962,0.9968,27.80,21.60
2007.11.30 07:34:34.291,0.9963,0.9968,0.30,21.60
2007.11.30 07:34:34.508,0.9963,0.9968,0.30,21.60
2007.11.30 07:34:34.800,0.9962,0.9968,27.80,21.60
2007.11.30 07:34:35.092,0.9963,0.9968,0.30,21.60
2007.11.30 07:34:35.385,0.9962,0.9968,27.80,21.60
2007.11.30 07:34:35.679,0.9962,0.9968,27.80,21.60
2007.11.30 07:34:35.876,0.9963,0.9968,0.30,21.60
2007.11.30 07:34:36.073,0.9962,0.9968,27.80,21.60
2007.11.30 07:34:36.271,0.9962,0.9968,27.80,21.60
2007.11.30 07:34:36.469,0.9962,0.9968,27.80,21.60
2007.11.30 07:34:36.667,0.9962,0.9968,27.80,21.60
2007.11.30 07:34:36.989,0.9963,0.9968,0.30,21.60
2007.11.30 07:34:37.311,0.9963,0.9968,0.30,21.60
2007.11.30 07:34:37.634,0.99625,0.9968,4.30,21.60
2007.11.30 07:34:37.957,0.99625,0.9968,4.30,21.60
2007.11.30 07:34:38.200,0.9963,0.9968,0.30,21.60
2007.11.30 07:34:38.443,0.99625,0.9968,4.30,21.60
2007.11.30 07:34:38.686,0.9963,0.9968,0.30,21.60
2007.11.30 07:34:38.914,0.99625,0.9968,4.30,21.60
2007.11.30 07:34:39.136,0.99625,0.9968,4.30,21.60
2007.11.30 07:34:39.360,0.99625,0.9968,4.30,21.60
2007.11.30 07:34:39.582,0.9963,0.9968,0.30,21.60
2007.11.30 07:34:39.805,0.99625,0.9968,4.30,21.60
2007.11.30 07:34:40.018,0.9963,0.9968,0.30,21.60
2007.11.30 07:34:40.230,0.99625,0.9968,4.30,21.60
2007.11.30 07:34:40.444,0.99625,0.9968,4.30,21.60
2007.11.30 07:34:40.656,0.99625,0.9968,4.30,21.60
2007.11.30 07:34:40.869,0.99625,0.9968,4.30,21.60
2007.11.30 07:34:41.081,0.99625,0.9968,4.30,21.60
2007.11.30 07:34:41.319,0.99625,0.9968,4.30,21.60
2007.11.30 07:34:41.557,0.99625,0.9968,4.30,21.60
2007.11.30 07:34:41.795,0.99625,0.9968,4.30,21.60
2007.11.30 07:34:42.032,0.99625,0.9968,4.30,21.60
2007.11.30 07:34:42.220,0.99625,0.9968,4.30,21.60
2007.11.30 07:34:42.408,0.99625,0.9968,4.30,21.60
2007.11.30 07:34:42.595,0.9963,0.9968,0.30,21.60
2007.11.30 07:34:42.782,0.9963,0.9968,0.30,21.60
2007.11.30 07:34:42.970,0.99625,0.9968,4.30,21.60
2007.11.30 07:34:43.158,0.9963,0.9968,0.30,21.60
2007.11.30 07:34:43.444,0.99625,0.9968,4.30,21.60
2007.11.30 07:34:43.734,0.99625,0.9968,4.30,21.60
2007.11.30 07:34:44.024,0.99625,0.9968,4.30,21.60
2007.11.30 07:34:44.261,0.99625,0.9968,4.30,21.60
2007.11.30 07:34:44.499,0.9963,0.9968,0.30,21.60
2007.11.30 07:34:44.736,0.99625,0.9968,4.30,21.60
2007.11.30 07:34:44.974,0.99625,0.9968,4.30,21.60
2007.11.30 07:34:45.212,0.9963,0.9968,0.30,21.60
2007.11.30 07:34:45.504,0.9963,0.9968,0.30,21.60
2007.11.30 07:34:45.796,0.9963,0.9968,0.30,21.60
2007.11.30 07:34:46.088,0.99625,0.9968,4.30,21.60
2007.11.30 07:34:46.301,0.9963,0.9968,0.30,21.60
2007.11.30 07:34:46.514,0.9963,0.9968,0.30,21.60
2007.11.30 07:34:46.727,0.9963,0.9968,0.30,21.60
2007.11.30 07:34:46.940,0.99625,0.9968,4.30,21.60
2007.11.30 07:34:47.153,0.99625,0.9968,4.30,21.60
2007.11.30 07:34:47.437,0.99625,0.9968,4.30,21.60
2007.11.30 07:34:47.720,0.9963,0.9968,0.30,21.60
2007.11.30 07:34:48.004,0.9963,0.9968,0.30,21.60
2007.11.30 07:34:48.293,0.99625,0.9968,4.30,21.60
2007.11.30 07:34:48.554,0.99625,0.9968,4.30,21.60
2007.11.30 07:34:48.822,0.99625,0.9968,4.30,21.60
2007.11.30 07:34:49.091,0.99625,0.9968,4.30,21.60
2007.11.30 07:34:49.359,0.99625,0.9968,4.30,21.60
2007.11.30 07:34:49.557,0.99625,0.9968,4.30,21.60
2007.11.30 07:34:49.755,0.99625,0.9968,4.30,21.60
2007.11.30 07:34:49.952,0.99625,0.9968,4.30,21.60
2007.11.30 07:34:50.150,0.99625,0.9968,4.30,21.60
2007.11.30 07:34:50.433,0.99625,0.9968,4.30,21.60
2007.11.30 07:34:50.716,0.9963,0.9968,0.30,21.60
2007.11.30 07:34:50.998,0.99625,0.9968,4.00,7.40
2007.11.30 07:34:51.280,0.99625,0.9968,4.00,7.40
2007.11.30 07:34:51.498,0.99625,0.9968,4.00,7.40
2007.11.30 07:34:51.716,0.99625,0.9968,4.00,7.40
2007.11.30 07:34:51.934,0.99625,0.9968,4.00,7.40
2007.11.30 07:34:52.152,0.99625,0.9968,4.00,7.40
2007.11.30 07:34:52.380,0.99625,0.9968,4.00,7.40
2007.11.30 07:34:52.607,0.99625,0.9968,4.00,7.40
2007.11.30 07:34:52.833,0.99625,0.9968,4.00,7.40
2007.11.30 07:34:53.061,0.99625,0.9968,4.00,7.40
2007.11.30 07:34:53.289,0.99625,0.9968,4.00,7.40
2007.11.30 07:34:53.496,0.99625,0.9968,4.00,7.40
2007.11.30 07:34:53.703,0.99625,0.9968,4.00,7.40
2007.11.30 07:34:53.911,0.99625,0.9968,4.00,7.40
2007.11.30 07:34:54.118,0.99625,0.9968,4.00,7.40
2007.11.30 07:34:54.326,0.99625,0.9968,4.00,7.40
2007.11.30 07:34:54.609,0.99625,0.9968,4.00,7.40
2007.11.30 07:34:54.887,0.99625,0.9968,4.00,7.40
2007.11.30 07:34:55.165,0.99625,0.9968,4.00,7.40
2007.11.30 07:34:55.443,0.99625,0.9968,4.00,7.40
2007.11.30 07:34:55.626,0.99625,0.9968,4.00,7.40
2007.11.30 07:34:55.811,0.99625,0.9968,4.00,7.40
2007.11.30 07:34:55.995,0.99625,0.9968,4.00,7.40
2007.11.30 07:34:56.178,0.99625,0.9968,4.00,7.40
2007.11.30 07:34:56.401,0.99625,0.9968,4.00,7.40
2007.11.30 07:34:56.624,0.99625,0.9968,4.00,7.40
2007.11.30 07:34:56.852,0.99625,0.9968,4.00,7.40
2007.11.30 07:34:57.075,0.99625,0.9968,4.00,7.40
2007.11.30 07:34:57.298,0.99625,0.9968,4.00,7.40
2007.11.30 07:34:57.521,0.99625,0.9968,4.00,7.40
2007.11.30 07:34:57.743,0.99625,0.9968,4.00,7.40
2007.11.30 07:34:57.965,0.99625,0.9968,4.00,7.40
2007.11.30 07:34:58.187,0.99625,0.9968,4.00,7.40
2007.11.30 07:34:58.449,0.99625,0.9968,4.00,7.40
2007.11.30 07:34:58.712,0.99625,0.9968,4.00,7.40
2007.11.30 07:34:58.974,0.99625,0.9968,4.00,7.40
2007.11.30 07:34:59.237,0.99625,0.9968,4.00,7.40
2007.11.30 07:34:59.491,0.99625,0.9968,4.00,7.40
2007.11.30 07:34:59.743,0.99625,0.9968,4.00,7.40
2007.11.30 07:34:59.995,0.99625,0.9968,4.00,7.40
2007.11.30 07:35:00.273,0.99625,0.9968,4.00,7.40
2007.11.30 07:35:00.446,0.99625,0.9968,4.00,7.40
2007.11.30 07:35:00.623,0.99625,0.9968,4.00,7.40
2007.11.30 07:35:00.795,0.99625,0.9968,4.00,7.40
2007.11.30 07:35:00.968,0.99625,0.9968,4.00,7.40
2007.11.30 07:35:01.140,0.99625,0.9968,4.00,7.40
2007.11.30 07:35:01.316,0.99625,0.9968,4.00,7.40
2007.11.30 07:35:01.648,0.99625,0.9968,4.00,7.40
2007.11.30 07:35:01.980,0.99625,0.9968,4.00,7.40
2007.11.30 07:35:02.313,0.99625,0.9968,4.00,7.40
2007.11.30 07:35:02.485,0.99625,0.9968,4.00,7.40
2007.11.30 07:35:02.658,0.99625,0.9968,4.00,7.40
2007.11.30 07:35:02.830,0.99625,0.9968,4.00,7.40
2007.11.30 07:35:03.003,0.99625,0.9968,4.00,7.40
2007.11.30 07:35:03.175,0.99625,0.9968,4.00,7.40
2007.11.30 07:35:03.347,0.99625,0.9968,4.00,7.40
2007.11.30 07:35:03.644,0.99625,0.9968,4.00,7.40
2007.11.30 07:35:03.941,0.99625,0.9968,4.00,7.40
2007.11.30 07:35:03.969,0.99625,0.9968,4.00,0.90
2007.11.30 07:35:04.238,0.99625,0.9968,4.00,7.40
2007.11.30 07:35:04.542,0.99625,0.9968,4.00,7.40
2007.11.30 07:35:04.735,0.99625,0.9968,4.00,7.40
2007.11.30 07:35:04.928,0.99625,0.9968,4.00,7.40
2007.11.30 07:35:05.121,0.99625,0.9968,4.00,7.40
2007.11.30 07:35:05.315,0.99625,0.9968,4.00,7.40
2007.11.30 07:35:05.515,0.99625,0.9968,4.00,7.40
2007.11.30 07:35:05.740,0.99625,0.9968,4.00,7.40
2007.11.30 07:35:05.974,0.99625,0.9968,4.00,7.40
2007.11.30 07:35:06.207,0.99625,0.9968,4.00,7.40
2007.11.30 07:35:06.441,0.99625,0.9968,4.00,7.40
2007.11.30 07:35:06.674,0.99625,0.9968,4.00,7.40
2007.11.30 07:35:06.892,0.99625,0.9968,4.00,7.40
2007.11.30 07:35:07.109,0.99625,0.9968,4.00,7.40
2007.11.30 07:35:18.423,0.99625,0.9968,4.00,7.40
2007.11.30 07:35:18.782,0.99625,0.9968,4.00,7.40
2007.11.30 07:35:18.986,0.99625,0.9968,4.00,7.40
2007.11.30 07:35:19.188,0.99625,0.9968,4.00,7.40
2007.11.30 07:35:19.424,0.99625,0.9968,4.00,7.40
2007.11.30 07:35:19.662,0.99625,0.9968,4.00,7.40
2007.11.30 07:35:19.899,0.99625,0.9968,4.00,7.40
2007.11.30 07:35:20.137,0.99625,0.9968,4.00,7.40
2007.11.30 07:35:20.375,0.99625,0.9968,4.00,7.40
2007.11.30 07:35:20.588,0.99625,0.9968,4.00,7.40
2007.11.30 07:35:20.801,0.99625,0.9968,4.00,7.40
2007.11.30 07:35:21.014,0.99625,0.9968,4.00,7.40
2007.11.30 07:35:21.226,0.99625,0.9968,4.00,7.40
2007.11.30 07:35:21.438,0.99625,0.9968,4.00,7.40
2007.11.30 07:35:21.725,0.99625,0.9968,4.00,7.40
2007.11.30 07:35:22.014,0.99625,0.9968,4.00,7.40
2007.11.30 07:35:22.301,0.99625,0.9968,4.00,7.40
2007.11.30 07:35:22.589,0.99625,0.9968,4.00,7.40
2007.11.30 07:35:22.816,0.99625,0.9968,4.00,7.40
2007.11.30 07:35:23.044,0.99625,0.9968,4.00,7.40
2007.11.30 07:35:23.272,0.99625,0.9968,4.00,7.40
2007.11.30 07:35:23.499,0.99625,0.9968,4.00,7.40
2007.11.30 07:35:23.726,0.99625,0.9968,4.00,7.40
2007.11.30 07:35:24.049,0.99625,0.9968,4.00,7.40
2007.11.30 07:35:24.371,0.99625,0.9968,4.00,7.40
2007.11.30 07:35:24.694,0.99625,0.9968,4.00,7.40
2007.11.30 07:35:24.952,0.99625,0.9968,4.00,7.40
2007.11.30 07:35:25.134,0.99625,0.9968,4.00,7.40
2007.11.30 07:35:25.317,0.99625,0.9968,4.00,7.40
2007.11.30 07:35:25.499,0.99625,0.9968,4.00,7.40
2007.11.30 07:35:25.681,0.99625,0.9968,4.00,7.40
2007.11.30 07:35:25.863,0.99625,0.9968,4.00,7.40
2007.11.30 07:35:26.161,0.99625,0.9968,4.00,7.40
2007.11.30 07:35:26.459,0.99625,0.9968,4.00,7.40
2007.11.30 07:35:26.757,0.99625,0.9968,4.00,7.40
2007.11.30 07:35:27.055,0.99625,0.9968,4.00,7.40
2007.11.30 07:35:27.253,0.99625,0.9968,4.00,7.40
2007.11.30 07:35:27.451,0.99625,0.9968,4.00,7.40
2007.11.30 07:35:27.648,0.99625,0.9968,4.00,7.40
2007.11.30 07:35:27.846,0.99625,0.9968,4.00,7.40
2007.11.30 07:35:28.108,0.99625,0.9968,4.00,7.40
2007.11.30 07:35:28.371,0.99625,0.9968,4.00,7.40
2007.11.30 07:35:28.632,0.99625,0.9968,4.00,7.40
2007.11.30 07:35:28.896,0.99625,0.9968,4.00,7.40
2007.11.30 07:35:29.164,0.99625,0.9968,4.00,7.40
2007.11.30 07:35:29.430,0.99625,0.9968,4.00,7.40
2007.11.30 07:35:29.698,0.99625,0.9968,4.00,7.40
2007.11.30 07:35:29.966,0.99625,0.9968,4.00,7.40
2007.11.30 07:35:30.204,0.99625,0.9968,4.00,7.40
2007.11.30 07:35:30.441,0.99625,0.9968,4.00,7.40
2007.11.30 07:35:30.678,0.99625,0.9968,4.00,7.40
2007.11.30 07:35:30.915,0.99625,0.9968,4.00,7.40
2007.11.30 07:35:31.153,0.99625,0.9968,4.00,7.40
2007.11.30 07:35:31.401,0.99625,0.9968,4.00,7.40
2007.11.30 07:35:31.649,0.99625,0.9968,4.00,7.40
2007.11.30 07:35:31.896,0.99625,0.9968,4.00,7.40
2007.11.30 07:35:32.144,0.99625,0.9968,4.00,7.40
2007.11.30 07:35:32.462,0.99625,0.9968,4.00,7.40
2007.11.30 07:35:32.780,0.99625,0.9968,4.00,7.40
2007.11.30 07:35:33.096,0.99625,0.9968,4.00,7.40
2007.11.30 07:35:33.413,0.99625,0.9968,4.00,7.40
2007.11.30 07:35:33.626,0.99625,0.9968,4.00,7.40
2007.11.30 07:35:33.838,0.99625,0.9968,4.00,7.40
2007.11.30 07:35:34.051,0.99625,0.9968,4.00,7.40
2007.11.30 07:35:34.264,0.99625,0.9968,4.00,7.40
2007.11.30 07:35:34.522,0.99625,0.9968,4.00,7.40
2007.11.30 07:35:34.780,0.99625,0.9968,4.00,7.40
2007.11.30 07:35:35.038,0.99625,0.9968,4.00,7.40
2007.11.30 07:35:35.295,0.99625,0.9968,4.00,7.40
2007.11.30 07:35:35.521,0.99625,0.9968,4.00,7.40
2007.11.30 07:35:35.749,0.99625,0.9968,4.00,7.40
2007.11.30 07:35:35.977,0.99625,0.9968,4.00,7.40
2007.11.30 07:35:36.205,0.99625,0.9968,4.00,7.40
2007.11.30 07:35:36.461,0.99625,0.9968,4.00,7.40
2007.11.30 07:35:36.719,0.99625,0.9968,4.00,7.40
2007.11.30 07:35:36.977,0.99625,0.9968,4.00,7.40
2007.11.30 07:35:37.281,0.99625,0.9968,4.00,7.40
2007.11.30 07:35:37.484,0.99625,0.9968,4.00,7.40
2007.11.30 07:35:37.695,0.99625,0.9968,4.00,7.40
2007.11.30 07:35:37.890,0.99625,0.9968,4.00,7.40
2007.11.30 07:35:38.094,0.99625,0.9968,4.00,7.40
2007.11.30 07:35:38.301,0.99625,0.9968,4.00,7.40
2007.11.30 07:35:38.538,0.99625,0.9968,4.00,7.40
2007.11.30 07:35:38.774,0.99625,0.9968,4.00,7.40
2007.11.30 07:35:39.012,0.99625,0.9968,4.00,7.40
2007.11.30 07:35:39.251,0.9963,0.9967,0.30,0.60
2007.11.30 07:35:39.490,0.9963,0.9967,0.30,13.40
2007.11.30 07:35:39.733,0.9963,0.9967,0.30,13.40
2007.11.30 07:35:39.975,0.9963,0.9967,0.30,13.40
2007.11.30 07:35:40.218,0.9963,0.9967,0.30,13.40
2007.11.30 07:35:40.460,0.9963,0.9967,0.30,13.40
2007.11.30 07:35:40.649,0.9963,0.9967,0.30,13.40
2007.11.30 07:35:40.836,0.9963,0.9967,0.30,13.40
2007.11.30 07:35:41.025,0.9963,0.9967,0.30,13.40
2007.11.30 07:35:41.213,0.9963,0.9967,0.30,13.40
2007.11.30 07:35:41.401,0.9963,0.9967,0.30,13.40
2007.11.30 07:35:41.590,0.9963,0.9967,0.30,13.40
2007.11.30 07:35:41.902,0.9963,0.9967,0.30,13.40
2007.11.30 07:35:42.215,0.9963,0.9967,0.30,13.40
2007.11.30 07:35:42.527,0.9963,0.9967,0.30,13.40
2007.11.30 07:35:42.740,0.9963,0.9967,0.30,13.40
2007.11.30 07:35:42.954,0.9963,0.9967,0.30,13.40
2007.11.30 07:35:43.166,0.9963,0.9967,0.30,13.40
2007.11.30 07:35:43.443,0.9963,0.9967,0.30,13.40
2007.11.30 07:35:43.706,0.9963,0.9967,0.30,13.40
2007.11.30 07:35:43.970,0.9963,0.9967,0.30,13.40
2007.11.30 07:35:44.231,0.9963,0.9967,0.30,13.40
2007.11.30 07:35:44.493,0.9963,0.9967,0.30,13.40
2007.11.30 07:35:44.763,0.9963,0.9967,0.30,13.40
2007.11.30 07:35:45.019,0.9963,0.9967,0.30,13.40
2007.11.30 07:35:45.281,0.9963,0.9967,0.30,13.40
2007.11.30 07:35:45.544,0.9963,0.9967,0.30,13.40
2007.11.30 07:35:45.767,0.9963,0.9967,0.30,13.40
2007.11.30 07:35:45.989,0.9963,0.9967,0.30,13.40
2007.11.30 07:35:46.212,0.9963,0.9967,0.30,13.40
2007.11.30 07:35:46.435,0.9963,0.9967,0.30,13.40
2007.11.30 07:35:46.660,0.9963,0.9967,0.30,13.40
2007.11.30 07:35:46.872,0.9963,0.9967,0.30,13.40
2007.11.30 07:35:47.084,0.9963,0.9967,0.30,13.40
2007.11.30 07:35:47.297,0.9963,0.9967,0.30,13.40
2007.11.30 07:35:47.510,0.9963,0.9967,0.30,13.40
2007.11.30 07:35:47.730,0.9963,0.9967,0.30,13.40
2007.11.30 07:35:47.994,0.9963,0.9967,0.30,13.40
2007.11.30 07:35:48.258,0.9963,0.9967,0.30,13.40
2007.11.30 07:35:48.521,0.9963,0.9967,0.30,13.40
2007.11.30 07:35:48.784,0.9963,0.9967,0.30,13.40
2007.11.30 07:35:49.026,0.9963,0.9967,0.30,13.40
2007.11.30 07:35:49.269,0.9963,0.9967,0.30,13.40
2007.11.30 07:35:49.617,0.9963,0.9967,0.30,13.40
2007.11.30 07:35:49.860,0.9963,0.9967,0.30,13.40
2007.11.30 07:35:50.077,0.9963,0.9967,0.30,13.40
2007.11.30 07:35:50.296,0.9963,0.9967,0.30,13.40
2007.11.30 07:35:50.514,0.9963,0.9967,0.30,13.40
2007.11.30 07:35:50.731,0.9963,0.9967,0.30,13.40
2007.11.30 07:35:50.950,0.9963,0.9967,0.30,13.40
2007.11.30 07:35:51.253,0.9963,0.9967,0.30,13.40
2007.11.30 07:35:51.563,0.9963,0.9967,0.30,13.40
2007.11.30 07:35:51.865,0.9963,0.9967,0.30,13.40
2007.11.30 07:35:52.082,0.9963,0.9967,0.30,13.40
2007.11.30 07:35:52.300,0.9963,0.9967,0.30,13.40
2007.11.30 07:35:52.517,0.9963,0.9967,0.30,13.40
2007.11.30 07:35:52.735,0.9963,0.9967,0.30,13.40
2007.11.30 07:35:52.953,0.9963,0.9967,0.30,13.40
2007.11.30 07:35:53.231,0.9963,0.9967,0.30,13.40
2007.11.30 07:35:53.509,0.9963,0.9967,0.30,13.40
2007.11.30 07:35:53.786,0.9963,0.9967,0.30,13.40
2007.11.30 07:35:54.064,0.9963,0.9967,0.30,13.40
2007.11.30 07:35:54.283,0.9963,0.9967,0.30,13.40
2007.11.30 07:35:54.500,0.9963,0.9967,0.30,13.40
2007.11.30 07:35:54.718,0.9963,0.9967,0.30,13.40
2007.11.30 07:35:54.936,0.9963,0.9967,0.30,13.40
2007.11.30 07:35:55.209,0.9963,0.9967,0.30,13.40
2007.11.30 07:35:55.482,0.9963,0.9967,0.30,13.40
2007.11.30 07:35:55.783,0.9963,0.9967,0.30,13.40
2007.11.30 07:35:56.059,0.9963,0.9967,0.30,13.40
2007.11.30 07:35:56.229,0.9963,0.9967,0.30,13.40
2007.11.30 07:35:56.403,0.9963,0.9967,0.30,13.40
2007.11.30 07:35:56.574,0.9963,0.9967,0.30,13.40
2007.11.30 07:35:56.747,0.9963,0.9967,0.30,13.40
2007.11.30 07:35:56.920,0.9963,0.9967,0.30,13.40
2007.11.30 07:35:57.093,0.9963,0.9967,0.30,13.40
2007.11.30 07:35:57.420,0.9963,0.9967,0.30,13.40
2007.11.30 07:35:57.748,0.9963,0.9967,0.30,13.40
2007.11.30 07:35:58.077,0.9963,0.9967,0.30,13.40
2007.11.30 07:35:58.404,0.9963,0.9967,0.30,13.40
2007.11.30 07:35:58.602,0.9963,0.9967,0.30,13.40
2007.11.30 07:35:58.623,0.9962,0.9967,13.40,13.40
2007.11.30 07:35:58.799,0.9962,0.9967,13.40,13.40
2007.11.30 07:35:58.997,0.9962,0.9967,13.40,13.40
2007.11.30 07:35:59.195,0.9962,0.9967,13.40,13.40
2007.11.30 07:35:59.518,0.9962,0.9967,13.40,13.40
2007.11.30 07:35:59.841,0.9962,0.9967,13.40,13.40
2007.11.30 07:36:00.164,0.9962,0.9967,13.40,13.40
2007.11.30 07:36:00.382,0.9963,0.9967,0.30,13.40
2007.11.30 07:36:00.600,0.9962,0.9967,12.00,13.40
2007.11.30 07:36:00.818,0.9963,0.9967,0.50,13.40
2007.11.30 07:36:01.035,0.9963,0.9967,0.50,13.40
2007.11.30 07:36:01.255,0.9962,0.9967,12.00,13.40
2007.11.30 07:36:01.521,0.9962,0.9967,12.00,13.40
2007.11.30 07:36:01.948,0.9962,0.9967,12.00,13.40
2007.11.30 07:36:02.063,0.9962,0.9967,12.00,13.40
2007.11.30 07:36:02.331,0.9962,0.9967,11.80,13.40
2007.11.30 07:36:02.534,0.9962,0.9967,11.20,13.40
2007.11.30 07:36:02.737,0.9963,0.9967,0.50,13.40
2007.11.30 07:36:02.939,0.9962,0.9967,12.00,13.40
2007.11.30 07:36:03.143,0.9962,0.9967,12.00,13.40
2007.11.30 07:36:03.345,0.9962,0.9967,12.00,13.40
2007.11.30 07:36:03.643,0.9963,0.9967,0.50,13.40
2007.11.30 07:36:03.941,0.9963,0.9967,0.50,13.40
2007.11.30 07:36:04.239,0.9963,0.9967,0.30,13.40
2007.11.30 07:36:04.537,0.9962,0.9967,11.00,13.40
2007.11.30 07:36:04.734,0.9962,0.9967,12.00,13.40
2007.11.30 07:36:04.933,0.9962,0.9967,12.00,13.40
2007.11.30 07:36:05.131,0.9962,0.9967,12.00,13.40
2007.11.30 07:36:05.329,0.9963,0.9967,0.50,13.40
2007.11.30 07:36:05.617,0.9962,0.9967,12.00,13.40
2007.11.30 07:36:05.905,0.9962,0.9967,12.00,13.40
2007.11.30 07:36:06.193,0.9962,0.9967,12.00,13.40
2007.11.30 07:36:06.487,0.9963,0.9967,0.50,13.40
2007.11.30 07:36:06.708,0.9962,0.9967,12.00,13.40
2007.11.30 07:36:06.936,0.9962,0.9967,12.00,13.40
2007.11.30 07:36:07.165,0.9963,0.9967,0.50,13.40
2007.11.30 07:36:07.392,0.9963,0.9967,0.50,13.40
2007.11.30 07:36:07.625,0.9962,0.9967,12.00,13.40
2007.11.30 07:36:07.859,0.9962,0.9967,12.00,13.40
2007.11.30 07:36:08.116,0.9962,0.9967,12.00,13.40
2007.11.30 07:36:08.351,0.9962,0.9967,12.00,13.40
2007.11.30 07:36:08.573,0.9962,0.9967,12.00,13.40
2007.11.30 07:36:08.807,0.9962,0.9967,12.00,13.40
2007.11.30 07:36:09.029,0.9963,0.9967,0.50,13.40
2007.11.30 07:36:09.251,0.9963,0.9967,0.50,13.40
2007.11.30 07:36:09.474,0.9962,0.9967,12.00,13.40
2007.11.30 07:36:09.807,0.9963,0.9967,0.50,13.40
2007.11.30 07:36:10.140,0.9963,0.9967,0.50,13.40
2007.11.30 07:36:10.474,0.9962,0.9967,12.00,13.40
2007.11.30 07:36:10.682,0.9963,0.9967,0.50,13.40
2007.11.30 07:36:10.890,0.9963,0.9967,0.50,13.40
2007.11.30 07:36:11.097,0.9962,0.9967,12.00,13.40
2007.11.30 07:36:11.306,0.9963,0.9967,0.50,13.40
2007.11.30 07:36:11.513,0.9963,0.9967,0.50,13.40
2007.11.30 07:36:11.781,0.9962,0.9967,12.00,13.40
2007.11.30 07:36:12.048,0.9962,0.9967,12.00,13.40
2007.11.30 07:36:12.317,0.9962,0.9967,12.00,13.40
2007.11.30 07:36:12.584,0.9963,0.9967,0.50,13.40
2007.11.30 07:36:12.812,0.9963,0.9967,0.50,13.40
2007.11.30 07:36:13.040,0.9962,0.9967,12.00,13.40
2007.11.30 07:36:13.273,0.9962,0.9967,12.00,13.40
2007.11.30 07:36:13.501,0.9962,0.9967,12.00,13.40
2007.11.30 07:36:13.728,0.9963,0.9967,0.50,13.40
2007.11.30 07:36:13.982,0.9963,0.9967,0.50,13.40
2007.11.30 07:36:14.281,0.9962,0.9967,12.00,13.40
2007.11.30 07:36:14.536,0.9962,0.9967,12.00,13.40
2007.11.30 07:36:14.749,0.9963,0.9967,0.50,13.40
2007.11.30 07:36:14.962,0.9963,0.9967,0.50,13.40
2007.11.30 07:36:15.174,0.9962,0.9967,12.00,13.40
2007.11.30 07:36:15.387,0.9962,0.9967,12.00,13.40
2007.11.30 07:36:15.599,0.9962,0.9967,12.00,13.40
2007.11.30 07:36:15.861,0.9962,0.9967,12.00,13.40
2007.11.30 07:36:16.125,0.9962,0.9967,12.00,13.40
2007.11.30 07:36:16.387,0.9963,0.9967,0.50,13.40
2007.11.30 07:36:16.650,0.9962,0.9967,12.00,13.40
2007.11.30 07:36:16.908,0.9962,0.9967,12.00,13.40
2007.11.30 07:36:17.166,0.9962,0.9967,12.00,13.40
2007.11.30 07:36:17.432,0.9963,0.9967,0.50,13.40
2007.11.30 07:36:17.682,0.9963,0.9967,0.50,13.40
2007.11.30 07:36:17.965,0.9963,0.9967,0.50,13.40
2007.11.30 07:36:18.254,0.9962,0.9967,12.00,13.40
2007.11.30 07:36:18.537,0.9962,0.9967,12.00,13.40
2007.11.30 07:36:18.819,0.9963,0.9967,0.50,13.40
2007.11.30 07:36:19.081,0.9962,0.9967,12.00,13.40
2007.11.30 07:36:19.343,0.9962,0.9967,12.00,13.40
2007.11.30 07:36:19.605,0.9963,0.9967,0.50,13.40
2007.11.30 07:36:19.868,0.9963,0.9967,0.50,13.40
2007.11.30 07:36:20.140,0.9962,0.9967,12.00,13.40
2007.11.30 07:36:20.447,0.9963,0.9967,0.50,13.40
2007.11.30 07:36:20.723,0.9962,0.9967,12.00,13.40
2007.11.30 07:36:20.951,0.9963,0.9967,0.50,13.40
2007.11.30 07:36:21.180,0.9962,0.9967,12.00,13.40
2007.11.30 07:36:21.406,0.9962,0.9967,12.00,13.40
2007.11.30 07:36:21.634,0.9962,0.9967,12.00,13.40
2007.11.30 07:36:21.862,0.9962,0.9967,12.00,13.40
2007.11.30 07:36:22.135,0.9963,0.9967,0.50,13.40
2007.11.30 07:36:22.408,0.9962,0.9967,12.00,13.40
2007.11.30 07:36:22.681,0.9962,0.9967,12.00,13.40
2007.11.30 07:36:22.954,0.9963,0.9967,0.50,13.40
2007.11.30 07:36:23.237,0.9963,0.9967,0.50,13.40
2007.11.30 07:36:23.519,0.9962,0.9967,12.00,13.40
2007.11.30 07:36:23.802,0.9962,0.9967,12.00,13.40
2007.11.30 07:36:24.084,0.9962,0.9967,12.00,13.40
2007.11.30 07:36:24.307,0.9962,0.9967,12.00,13.40
2007.11.30 07:36:24.530,0.9962,0.9967,12.00,13.40
2007.11.30 07:36:24.752,0.9962,0.9967,12.00,13.40
2007.11.30 07:36:24.975,0.9962,0.9967,12.00,13.40
2007.11.30 07:36:25.282,0.9962,0.9967,12.00,13.40
2007.11.30 07:36:25.590,0.9963,0.9967,0.50,13.40
2007.11.30 07:36:25.898,0.9963,0.9967,0.50,13.40
2007.11.30 07:36:26.116,0.9962,0.9967,12.00,13.40
2007.11.30 07:36:26.334,0.9962,0.9967,12.00,13.40
2007.11.30 07:36:26.610,0.9962,0.9967,12.00,13.40
2007.11.30 07:36:26.826,0.9963,0.9967,0.50,13.40
2007.11.30 07:36:27.045,0.9963,0.9967,0.50,13.40
2007.11.30 07:36:27.385,0.9963,0.9967,0.50,13.40
2007.11.30 07:36:27.717,0.9963,0.9967,0.50,13.40
2007.11.30 07:36:28.050,0.9963,0.9967,0.50,13.40
2007.11.30 07:36:28.291,0.9963,0.9967,0.50,17.60
2007.11.30 07:36:28.516,0.9963,0.9967,0.50,17.60
2007.11.30 07:36:28.749,0.9963,0.9967,0.50,17.60
2007.11.30 07:36:28.982,0.9963,0.9967,0.50,17.60
2007.11.30 07:36:29.260,0.9963,0.9967,0.50,17.60
2007.11.30 07:36:29.540,0.9963,0.9967,0.50,21.60
2007.11.30 07:36:29.820,0.9963,0.9967,0.50,21.60
2007.11.30 07:36:30.099,0.9963,0.9967,0.50,21.60
2007.11.30 07:36:30.337,0.9963,0.9967,0.50,21.60
2007.11.30 07:36:30.575,0.9963,0.9967,0.50,21.60
2007.11.30 07:36:30.820,0.9963,0.9967,0.50,21.60
2007.11.30 07:36:31.056,0.9963,0.9967,0.50,21.60
2007.11.30 07:36:32.408,0.9963,0.9967,0.50,21.60
2007.11.30 07:36:32.464,0.99625,0.99645,0.60,0.50
2007.11.30 07:36:32.523,0.99625,0.99645,0.60,0.50
2007.11.30 07:36:32.581,0.99625,0.99645,0.60,0.50
2007.11.30 07:36:32.639,0.99625,0.99645,0.60,0.50
2007.11.30 07:36:32.699,0.99625,0.99645,0.60,0.50
2007.11.30 07:36:32.756,0.99625,0.99645,0.60,0.50
2007.11.30 07:36:32.814,0.99625,0.99645,0.60,0.50
2007.11.30 07:36:32.873,0.99625,0.99645,0.50,0.50
2007.11.30 07:36:32.932,0.99625,0.99645,0.40,0.50
2007.11.30 07:36:32.991,0.99625,0.99645,0.40,0.50
2007.11.30 07:36:33.048,0.99625,0.99645,0.40,0.50
2007.11.30 07:36:33.105,0.99625,0.99645,0.40,0.50
2007.11.30 07:36:33.164,0.99625,0.99645,0.40,0.50
2007.11.30 07:36:33.230,0.99625,0.99645,0.40,0.50
2007.11.30 07:36:33.281,0.99625,0.99645,0.40,0.50
2007.11.30 07:36:33.338,0.99625,0.99645,0.40,0.50
2007.11.30 07:36:33.395,0.99625,0.99645,0.40,0.50
2007.11.30 07:36:33.571,0.99625,0.99645,0.40,0.50
2007.11.30 07:36:33.906,0.99625,0.99645,0.40,0.50
2007.11.30 07:36:34.242,0.99625,0.99645,0.40,0.50
2007.11.30 07:36:34.576,0.99625,0.99645,0.40,0.50
2007.11.30 07:36:34.785,0.99625,0.99645,0.40,0.50
2007.11.30 07:36:34.992,0.99625,0.99645,0.40,0.50
2007.11.30 07:36:35.203,0.99625,0.99645,0.40,0.50
2007.11.30 07:36:35.411,0.99625,0.99645,0.40,0.50
2007.11.30 07:36:35.708,0.99625,0.99645,0.40,0.50
2007.11.30 07:36:36.016,0.99625,0.99645,0.40,0.50
2007.11.30 07:36:36.309,0.99625,0.99645,0.40,0.50
2007.11.30 07:36:36.606,0.99625,0.99645,0.40,0.50
2007.11.30 07:36:36.879,0.99625,0.99645,0.40,0.50
2007.11.30 07:36:37.152,0.99625,0.99645,0.40,0.50
2007.11.30 07:36:37.426,0.99625,0.99645,0.40,0.50
2007.11.30 07:36:37.649,0.99625,0.99645,0.40,0.50
2007.11.30 07:36:37.872,0.99625,0.99645,0.40,0.50
2007.11.30 07:36:38.095,0.99625,0.99645,0.40,0.50
2007.11.30 07:36:38.318,0.99625,0.99645,0.40,0.50
2007.11.30 07:36:38.542,0.99625,0.99645,0.40,0.50
2007.11.30 07:36:38.875,0.99625,0.99645,0.40,0.50
2007.11.30 07:36:39.208,0.99625,0.99645,0.40,0.50
2007.11.30 07:36:39.541,0.99625,0.99645,0.40,0.50
2007.11.30 07:36:39.784,0.99625,0.99645,0.40,0.50
2007.11.30 07:36:40.028,0.99625,0.99645,0.40,0.50
2007.11.30 07:36:40.271,0.99625,0.99645,0.40,0.50
2007.11.30 07:36:40.513,0.99625,0.99645,0.40,0.50
2007.11.30 07:36:40.747,0.99625,0.99645,0.40,0.50
2007.11.30 07:36:40.979,0.99625,0.99645,0.40,0.50
2007.11.30 07:36:41.213,0.99625,0.99645,0.40,0.50
2007.11.30 07:36:41.453,0.99625,0.99645,0.40,0.50
2007.11.30 07:36:41.686,0.99625,0.99645,0.40,0.50
2007.11.30 07:36:41.954,0.99625,0.99645,0.40,0.50
2007.11.30 07:36:42.222,0.99625,0.99645,0.40,0.50
2007.11.30 07:36:42.499,0.99625,0.99645,0.40,0.50
2007.11.30 07:36:42.691,0.99625,0.99645,0.40,0.50
2007.11.30 07:36:42.884,0.99625,0.99645,0.40,0.50
2007.11.30 07:36:43.077,0.99625,0.99645,0.40,0.50
2007.11.30 07:36:43.271,0.99625,0.99645,0.40,0.50
2007.11.30 07:36:43.464,0.99625,0.99645,0.40,0.50
2007.11.30 07:36:43.656,0.99625,0.99645,0.40,0.50
2007.11.30 07:36:43.939,0.99625,0.99645,0.40,0.50
2007.11.30 07:36:44.222,0.99625,0.99645,0.40,0.50
2007.11.30 07:36:44.506,0.99625,0.99645,0.40,0.50
2007.11.30 07:36:44.724,0.99625,0.99645,0.40,0.50
2007.11.30 07:36:44.942,0.99625,0.99645,0.40,0.50
2007.11.30 07:36:45.160,0.99625,0.99645,0.40,0.50
2007.11.30 07:36:45.377,0.99625,0.99645,0.40,0.50
2007.11.30 07:36:45.596,0.99625,0.99645,0.40,0.50
2007.11.30 07:36:45.905,0.99625,0.99645,0.40,0.50
2007.11.30 07:36:46.190,0.99625,0.99645,0.40,0.50
2007.11.30 07:36:46.470,0.99625,0.99645,0.40,0.50
2007.11.30 07:36:46.753,0.99625,0.99645,0.40,0.50
2007.11.30 07:36:46.991,0.99625,0.99645,0.40,0.50
2007.11.30 07:36:47.229,0.99625,0.99645,0.40,0.50
2007.11.30 07:36:47.468,0.99625,0.99645,0.40,0.50
2007.11.30 07:36:47.705,0.99625,0.99645,0.40,0.50
2007.11.30 07:36:47.984,0.99625,0.99645,0.40,0.50
2007.11.30 07:36:48.256,0.99625,0.99645,0.40,0.50
2007.11.30 07:36:48.529,0.99625,0.99645,0.40,0.50
2007.11.30 07:36:48.753,0.99625,0.99645,0.40,0.50
2007.11.30 07:36:48.974,0.99625,0.99645,0.40,0.50
2007.11.30 07:36:49.199,0.99625,0.99645,0.40,0.50
2007.11.30 07:36:49.421,0.99625,0.99645,0.40,0.50
2007.11.30 07:36:49.438,0.99615,0.99645,5.40,0.50
2007.11.30 07:36:49.643,0.99625,0.99645,0.40,0.50
2007.11.30 07:36:49.977,0.9962,0.9964,0.40,0.50
2007.11.30 07:36:50.311,0.9962,0.9964,0.40,0.50
2007.11.30 07:36:50.645,0.9962,0.9964,0.40,0.50
2007.11.30 07:36:50.843,0.99625,0.9964,0.30,0.50
2007.11.30 07:36:51.041,0.99625,0.9964,0.30,0.50
2007.11.30 07:36:51.239,0.99625,0.9964,0.30,0.50
2007.11.30 07:36:51.437,0.99625,0.99645,0.40,0.50
2007.11.30 07:36:51.635,0.99615,0.99645,4.80,0.50
2007.11.30 07:36:52.071,0.99625,0.99645,0.40,0.50
2007.11.30 07:36:52.404,0.99625,0.99645,0.40,0.50
2007.11.30 07:36:52.737,0.99615,0.99645,4.80,0.50
2007.11.30 07:36:52.971,0.99615,0.99645,4.80,0.50
2007.11.30 07:36:53.205,0.99615,0.99645,4.80,0.50
2007.11.30 07:36:53.439,0.99615,0.99645,4.80,0.50
2007.11.30 07:36:53.670,0.99625,0.99645,0.40,0.50
2007.11.30 07:36:53.954,0.99615,0.99645,4.80,0.50
2007.11.30 07:36:54.237,0.99625,0.99645,0.40,0.50
2007.11.30 07:36:54.520,0.99615,0.99645,4.80,0.50
2007.11.30 07:36:54.803,0.99625,0.99645,0.40,0.50
2007.11.30 07:36:55.100,0.99615,0.99645,4.80,0.50
2007.11.30 07:36:55.398,0.99615,0.99645,4.80,0.50
2007.11.30 07:36:55.697,0.99615,0.99645,4.80,0.50
2007.11.30 07:36:55.927,0.99625,0.99645,0.40,0.50
2007.11.30 07:36:56.155,0.99615,0.99645,4.80,0.50
2007.11.30 07:36:56.382,0.99615,0.99645,4.80,0.50
2007.11.30 07:36:56.610,0.99615,0.99645,4.80,0.50
2007.11.30 07:36:56.839,0.99615,0.99645,4.80,0.50
2007.11.30 07:36:57.156,0.99615,0.99645,4.80,0.50
2007.11.30 07:36:57.475,0.99615,0.99645,4.80,0.50
2007.11.30 07:36:57.793,0.99615,0.99645,4.80,0.50
2007.11.30 07:36:58.247,0.99625,0.99645,0.40,0.50
2007.11.30 07:36:58.501,0.99615,0.99645,4.80,0.50
2007.11.30 07:36:58.731,0.99615,0.99645,4.80,0.50
2007.11.30 07:36:58.975,0.99615,0.99645,4.80,0.50
2007.11.30 07:36:59.272,0.99615,0.99645,4.80,0.50
2007.11.30 07:36:59.570,0.99615,0.99645,4.80,0.50
2007.11.30 07:36:59.869,0.99625,0.99645,0.40,0.50
2007.11.30 07:37:00.122,0.99615,0.99645,4.80,0.50
2007.11.30 07:37:00.376,0.99625,0.99645,0.40,0.50
2007.11.30 07:37:00.628,0.99615,0.99645,4.80,0.50
2007.11.30 07:37:00.880,0.99615,0.99645,4.80,0.50
2007.11.30 07:37:01.133,0.99615,0.99645,4.80,0.50
2007.11.30 07:37:01.467,0.99625,0.99645,0.40,0.50
2007.11.30 07:37:01.800,0.99615,0.99645,4.80,0.50
2007.11.30 07:37:02.132,0.99625,0.99645,0.40,0.50
2007.11.30 07:37:02.370,0.99615,0.99645,4.80,0.50
2007.11.30 07:37:02.607,0.99615,0.99645,4.80,0.50
2007.11.30 07:37:02.845,0.99615,0.99645,4.80,0.50
2007.11.30 07:37:03.084,0.99615,0.99645,4.80,0.50
2007.11.30 07:37:03.381,0.99625,0.99645,0.40,0.50
2007.11.30 07:37:03.679,0.99615,0.99645,4.80,0.50
2007.11.30 07:37:03.975,0.99625,0.99645,0.40,0.50
2007.11.30 07:37:04.209,0.99625,0.99645,0.40,0.50
2007.11.30 07:37:04.441,0.99625,0.99645,0.40,0.50
2007.11.30 07:37:04.681,0.99625,0.99645,0.40,0.50
2007.11.30 07:37:04.907,0.99615,0.99645,4.80,0.50
2007.11.30 07:37:05.140,0.99625,0.99645,0.40,0.50
2007.11.30 07:37:05.428,0.99625,0.99645,0.40,0.50
2007.11.30 07:37:05.717,0.99615,0.99645,4.80,0.50
2007.11.30 07:37:06.004,0.99615,0.99645,4.80,0.50
2007.11.30 07:37:06.227,0.99615,0.99645,4.80,0.50
2007.11.30 07:37:06.449,0.99615,0.99645,4.80,0.50
2007.11.30 07:37:06.678,0.99625,0.99645,0.40,0.50
2007.11.30 07:37:06.901,0.99615,0.99645,4.80,0.50
2007.11.30 07:37:07.124,0.99615,0.99645,4.80,0.50
2007.11.30 07:37:07.457,0.99615,0.99645,4.80,0.50
2007.11.30 07:37:07.785,0.99625,0.99645,0.40,0.50
2007.11.30 07:37:09.803,0.99615,0.99645,4.80,0.50
2007.11.30 07:37:09.831,0.99615,0.99645,4.80,0.50
2007.11.30 07:37:09.903,0.99615,0.99645,4.80,0.50
2007.11.30 07:37:09.927,0.99625,0.99645,0.40,0.50
2007.11.30 07:37:09.942,0.99625,0.99645,0.40,0.50
2007.11.30 07:37:09.961,0.99625,0.99645,0.40,0.50
2007.11.30 07:37:09.978,0.99625,0.99645,0.40,0.50
2007.11.30 07:37:10.003,0.99625,0.99645,0.40,0.50
2007.11.30 07:37:10.044,0.99625,0.99645,0.40,0.50
2007.11.30 07:37:10.067,0.99615,0.99645,4.80,0.50
2007.11.30 07:37:10.080,0.99625,0.99645,0.40,0.50
2007.11.30 07:37:10.119,0.99625,0.99645,0.40,0.50
2007.11.30 07:37:10.126,0.99615,0.99645,4.80,0.50
2007.11.30 07:37:10.160,0.99615,0.99645,4.80,0.50
2007.11.30 07:37:10.183,0.99625,0.99645,0.40,0.50
2007.11.30 07:37:10.215,0.99615,0.99645,4.80,0.50
2007.11.30 07:37:10.255,0.99625,0.99645,0.40,0.50
2007.11.30 07:37:10.269,0.99615,0.99645,4.80,0.50
2007.11.30 07:37:10.280,0.99615,0.99645,4.80,0.50
2007.11.30 07:37:10.302,0.99615,0.99645,4.80,0.50
2007.11.30 07:37:10.313,0.99625,0.99645,0.40,0.50
2007.11.30 07:37:10.335,0.99625,0.99645,0.40,0.50
2007.11.30 07:37:10.351,0.99625,0.99645,0.40,0.50
2007.11.30 07:37:10.362,0.99625,0.99645,0.40,0.50
2007.11.30 07:37:10.371,0.99625,0.99645,0.40,0.50
2007.11.30 07:37:10.416,0.99615,0.99645,4.80,0.50
2007.11.30 07:37:10.456,0.99615,0.99645,4.80,0.50
2007.11.30 07:37:10.466,0.99615,0.99645,4.80,0.50
2007.11.30 07:37:10.491,0.99625,0.99645,0.40,0.50
2007.11.30 07:37:10.512,0.99625,0.99645,0.40,0.50
2007.11.30 07:37:10.548,0.99625,0.99645,0.40,0.50
2007.11.30 07:37:10.558,0.99615,0.99645,4.80,0.50
2007.11.30 07:37:10.580,0.99615,0.99645,4.80,0.50
2007.11.30 07:37:10.599,0.99625,0.99645,0.40,0.50
2007.11.30 07:37:10.619,0.99615,0.99645,4.80,0.50
2007.11.30 07:37:10.650,0.99615,0.99645,4.80,0.50
2007.11.30 07:37:10.678,0.99615,0.99645,4.80,0.50
2007.11.30 07:37:10.699,0.99625,0.99645,0.40,0.50
2007.11.30 07:37:10.721,0.99615,0.99645,4.80,0.50
2007.11.30 07:37:10.730,0.99615,0.99645,4.80,0.50
2007.11.30 07:37:10.748,0.99625,0.99645,0.40,0.50
2007.11.30 07:37:10.775,0.99615,0.99645,4.80,0.50
2007.11.30 07:37:10.787,0.99625,0.99645,0.40,0.50
2007.11.30 07:37:11.121,0.99615,0.99645,4.80,0.50
2007.11.30 07:37:11.456,0.99615,0.99645,4.80,0.50
2007.11.30 07:37:11.941,0.99615,0.99645,4.80,0.50
2007.11.30 07:37:12.195,0.99625,0.99645,0.40,0.50
2007.11.30 07:37:14.016,0.99615,0.99645,4.80,0.50
2007.11.30 07:37:14.075,0.99625,0.99645,0.40,0.50
2007.11.30 07:37:14.121,0.99615,0.99645,4.80,0.50
2007.11.30 07:37:14.187,0.99625,0.99645,0.40,0.50
2007.11.30 07:37:14.244,0.99615,0.99645,4.80,0.50
2007.11.30 07:37:14.302,0.99625,0.99645,0.40,0.50
2007.11.30 07:37:14.361,0.99615,0.99645,4.80,0.50
2007.11.30 07:37:14.419,0.99625,0.99645,0.40,0.50
2007.11.30 07:37:14.478,0.99615,0.99645,4.80,0.50
2007.11.30 07:37:14.539,0.99615,0.99645,4.80,0.50
2007.11.30 07:37:14.599,0.99615,0.99645,4.80,0.50
2007.11.30 07:37:14.657,0.99625,0.99645,0.40,0.50
2007.11.30 07:37:14.715,0.99615,0.99645,4.80,0.50
2007.11.30 07:37:14.774,0.99615,0.99645,4.80,0.50
2007.11.30 07:37:14.832,0.99625,0.99645,0.40,0.50
2007.11.30 07:37:14.892,0.99615,0.99645,4.80,0.50
2007.11.30 07:37:14.952,0.99615,0.99645,4.80,0.50
2007.11.30 07:37:15.009,0.99615,0.99645,4.80,0.50
2007.11.30 07:37:15.342,0.99615,0.99645,4.80,0.50
2007.11.30 07:37:15.677,0.9962,0.9964,0.40,0.50
2007.11.30 07:37:16.013,0.99625,0.9964,0.30,0.50
2007.11.30 07:37:16.201,0.9962,0.9964,0.10,0.50
2007.11.30 07:37:16.389,0.99615,0.9964,2.90,0.50
2007.11.30 07:37:16.576,0.9962,0.9964,0.10,0.50
2007.11.30 07:37:16.765,0.99615,0.9964,2.90,0.50
2007.11.30 07:37:16.960,0.99615,0.9964,2.90,0.50
2007.11.30 07:37:17.148,0.99615,0.9964,2.90,0.50
2007.11.30 07:37:17.482,0.9962,0.9964,0.10,0.50
2007.11.30 07:37:17.814,0.99615,0.9964,2.90,0.50
2007.11.30 07:37:18.147,0.9962,0.9964,0.10,0.50
2007.11.30 07:37:18.335,0.9962,0.9964,0.10,0.50
2007.11.30 07:37:18.523,0.9962,0.9964,0.10,0.50
2007.11.30 07:37:18.711,0.99615,0.9964,2.90,0.50
2007.11.30 07:37:18.899,0.99615,0.9964,2.90,0.50
2007.11.30 07:37:19.178,0.9962,0.9964,0.10,0.50
2007.11.30 07:37:19.435,0.9962,0.9964,0.10,0.50
2007.11.30 07:37:19.703,0.9962,0.9964,0.10,0.50
2007.11.30 07:37:19.964,0.9962,0.9964,0.10,0.50
2007.11.30 07:37:20.224,0.9962,0.9964,0.10,0.50
2007.11.30 07:37:20.501,0.9962,0.9964,0.10,0.50
2007.11.30 07:37:20.780,0.9962,0.9964,0.10,0.50
2007.11.30 07:37:21.058,0.9962,0.9964,0.10,0.50
2007.11.30 07:37:21.336,0.9962,0.9964,0.10,0.50
2007.11.30 07:37:21.622,0.9962,0.9964,0.10,0.50
2007.11.30 07:37:21.911,0.9962,0.9964,0.10,0.50
2007.11.30 07:37:22.199,0.9962,0.9964,0.10,0.50
2007.11.30 07:37:22.499,0.9962,0.9964,0.10,0.50
2007.11.30 07:37:22.777,0.9962,0.9964,0.10,0.50
2007.11.30 07:37:23.066,0.9962,0.9964,0.10,0.50
2007.11.30 07:37:23.355,0.9962,0.9964,0.10,0.50
2007.11.30 07:37:23.597,0.9962,0.9964,0.10,0.50
2007.11.30 07:37:23.840,0.9962,0.9964,0.10,0.50
2007.11.30 07:37:24.083,0.9962,0.9964,0.10,0.50
2007.11.30 07:37:24.326,0.9962,0.9964,0.10,0.50
2007.11.30 07:37:24.644,0.9962,0.9964,0.10,0.50
2007.11.30 07:37:24.962,0.9962,0.9964,0.10,0.50
2007.11.30 07:37:25.353,0.9962,0.9964,0.10,0.50
2007.11.30 07:37:25.571,0.9962,0.9964,0.10,0.50
2007.11.30 07:37:25.789,0.9962,0.9964,0.10,0.50
2007.11.30 07:37:26.013,0.9962,0.9964,0.10,0.50
2007.11.30 07:37:26.230,0.9962,0.9964,0.10,0.50
2007.11.30 07:37:26.448,0.9962,0.9964,0.10,0.50
2007.11.30 07:37:26.780,0.9962,0.9964,0.10,0.50
2007.11.30 07:37:27.114,0.9962,0.9964,0.10,0.50
2007.11.30 07:37:27.447,0.9962,0.9964,0.10,0.50
2007.11.30 07:37:27.690,0.9962,0.9964,0.10,0.50
2007.11.30 07:37:27.941,0.9962,0.9964,0.10,0.50
2007.11.30 07:37:28.183,0.9962,0.9964,0.10,0.50
2007.11.30 07:37:28.426,0.9962,0.9964,0.10,0.50
2007.11.30 07:37:28.669,0.9962,0.9964,0.10,0.50
2007.11.30 07:37:28.986,0.9962,0.9964,0.10,0.50
2007.11.30 07:37:29.304,0.9962,0.9964,0.10,0.50
2007.11.30 07:37:29.622,0.9962,0.9964,0.10,0.50
2007.11.30 07:37:29.860,0.9962,0.9964,0.10,0.50
2007.11.30 07:37:30.097,0.9962,0.9964,0.10,0.50
2007.11.30 07:37:30.335,0.9962,0.9964,0.10,0.50
2007.11.30 07:37:30.573,0.9962,0.9964,0.10,0.50
2007.11.30 07:37:30.860,0.9962,0.9964,0.10,0.50
2007.11.30 07:37:31.149,0.9962,0.9964,0.10,0.50
2007.11.30 07:37:31.518,0.9962,0.9964,0.10,0.50
2007.11.30 07:37:31.806,0.9962,0.9964,0.10,0.50
2007.11.30 07:37:32.076,0.9962,0.9964,0.10,0.50
2007.11.30 07:37:32.345,0.9962,0.9964,0.10,0.50
2007.11.30 07:37:32.621,0.9962,0.9964,0.10,0.50
2007.11.30 07:37:32.856,0.9962,0.9964,0.10,0.50
2007.11.30 07:37:33.101,0.9962,0.9964,0.10,0.50
2007.11.30 07:37:33.342,0.9962,0.9964,0.10,0.50
2007.11.30 07:37:33.585,0.9962,0.9964,0.10,0.50
2007.11.30 07:37:33.884,0.9962,0.9964,0.10,0.50
2007.11.30 07:37:34.182,0.9962,0.9964,0.10,0.50
2007.11.30 07:37:34.479,0.9962,0.9964,0.10,0.50
2007.11.30 07:37:34.778,0.9962,0.9964,0.10,0.50
2007.11.30 07:37:35.041,0.9962,0.9964,0.10,0.50
2007.11.30 07:37:35.304,0.9962,0.9964,0.10,0.50
2007.11.30 07:37:35.567,0.9962,0.9964,0.10,0.50
2007.11.30 07:37:35.832,0.9962,0.9964,0.10,0.50
2007.11.30 07:37:36.121,0.9962,0.9964,0.10,0.50
2007.11.30 07:37:36.410,0.9962,0.9964,0.10,0.50
2007.11.30 07:37:36.697,0.9962,0.9964,0.10,0.50
2007.11.30 07:37:36.984,0.9962,0.9964,0.10,0.50
2007.11.30 07:37:37.273,0.9962,0.9964,0.10,0.50
2007.11.30 07:37:37.684,0.9962,0.9964,0.10,0.50
2007.11.30 07:37:37.942,0.9962,0.9964,0.10,0.50
2007.11.30 07:37:38.199,0.9962,0.9964,0.10,0.50
2007.11.30 07:37:38.457,0.9962,0.9964,0.10,0.50
2007.11.30 07:37:38.716,0.9962,0.9964,0.10,0.50
2007.11.30 07:37:38.974,0.9962,0.9964,0.10,0.50
2007.11.30 07:37:39.272,0.9962,0.9964,0.10,0.50
2007.11.30 07:37:39.570,0.9962,0.9964,0.10,0.50
2007.11.30 07:37:39.868,0.9962,0.9964,0.10,0.50
2007.11.30 07:37:40.146,0.9962,0.9964,0.10,0.50
2007.11.30 07:37:40.424,0.9962,0.9964,0.10,0.50
2007.11.30 07:37:40.702,0.9962,0.9964,0.10,0.50
2007.11.30 07:37:40.980,0.9962,0.9964,0.10,0.50
2007.11.30 07:37:41.234,0.9962,0.9964,0.10,0.50
2007.11.30 07:37:41.486,0.9962,0.9964,0.10,0.50
2007.11.30 07:37:41.739,0.9962,0.9964,0.10,0.50
2007.11.30 07:37:41.992,0.9962,0.9964,0.10,0.50
2007.11.30 07:37:42.264,0.9962,0.9964,0.10,0.50
2007.11.30 07:37:42.537,0.9962,0.9964,0.10,0.50
2007.11.30 07:37:42.811,0.99625,0.9964,0.80,0.50
2007.11.30 07:37:43.079,0.99625,0.9964,0.80,0.50
2007.11.30 07:37:43.347,0.99625,0.9964,0.80,0.50
2007.11.30 07:37:43.615,0.99625,0.9964,0.80,0.50
2007.11.30 07:37:43.883,0.99625,0.9964,0.80,0.50
2007.11.30 07:37:44.136,0.99625,0.9964,0.80,0.50
2007.11.30 07:37:44.389,0.99625,0.9964,0.80,0.50
2007.11.30 07:37:44.642,0.99625,0.9964,0.80,0.50
2007.11.30 07:37:44.894,0.99625,0.9964,0.80,0.50
2007.11.30 07:37:45.192,0.99625,0.9964,0.80,0.50
2007.11.30 07:37:45.490,0.99625,0.9964,0.80,0.50
2007.11.30 07:37:45.788,0.99625,0.9965,0.80,9.40
2007.11.30 07:37:46.065,0.99625,0.9965,0.80,9.40
2007.11.30 07:37:46.085,0.9962,0.9965,3.20,9.40
2007.11.30 07:37:46.319,0.99625,0.9965,0.80,9.40
2007.11.30 07:37:46.550,0.99625,0.9965,0.80,9.40
2007.11.30 07:37:46.783,0.9962,0.9965,3.20,9.40
2007.11.30 07:37:47.017,0.9962,0.9965,3.20,9.40
2007.11.30 07:37:47.319,0.9962,0.9965,3.20,9.40
2007.11.30 07:37:47.622,0.9962,0.9965,3.20,9.40
2007.11.30 07:37:47.925,0.99625,0.9965,0.80,9.40
2007.11.30 07:37:48.235,0.9962,0.9965,3.20,9.40
2007.11.30 07:37:48.518,0.9962,0.9965,3.20,9.40
2007.11.30 07:37:48.801,0.9962,0.9965,3.20,9.40
2007.11.30 07:37:49.084,0.9962,0.9965,3.20,9.40
2007.11.30 07:37:49.296,0.99625,0.9965,0.80,9.40
2007.11.30 07:37:49.509,0.9962,0.9965,3.20,9.40
2007.11.30 07:37:49.721,0.9962,0.9965,3.20,9.40
2007.11.30 07:37:50.021,0.9962,0.9965,3.20,9.40
2007.11.30 07:37:50.233,0.9962,0.9965,3.20,9.40
2007.11.30 07:37:50.566,0.9962,0.9965,3.20,9.40
2007.11.30 07:37:50.899,0.99625,0.9965,0.80,9.40
2007.11.30 07:37:51.232,0.9962,0.9965,3.20,9.40
2007.11.30 07:37:51.410,0.9962,0.9965,3.20,9.40
2007.11.30 07:37:51.588,0.9962,0.9965,3.20,9.40
2007.11.30 07:37:51.766,0.99625,0.9965,0.80,9.40
2007.11.30 07:37:51.945,0.99625,0.9965,0.80,9.40
2007.11.30 07:37:52.122,0.9962,0.9965,3.20,9.40
2007.11.30 07:37:52.299,0.9962,0.9965,3.20,9.40
2007.11.30 07:37:52.631,0.9962,0.9965,3.20,9.40
2007.11.30 07:37:52.964,0.9962,0.9965,3.20,9.40
2007.11.30 07:37:53.297,0.9962,0.9965,3.20,9.40
2007.11.30 07:37:53.525,0.9962,0.9965,3.20,9.40
2007.11.30 07:37:53.753,0.9962,0.9965,3.20,9.40
2007.11.30 07:37:53.981,0.9962,0.9965,3.20,9.40
2007.11.30 07:37:54.209,0.99625,0.9965,0.80,9.40
2007.11.30 07:37:54.437,0.9962,0.9965,3.20,9.40
2007.11.30 07:37:54.720,0.9962,0.9965,3.20,9.40
2007.11.30 07:37:55.003,0.9962,0.9965,3.20,9.40
2007.11.30 07:37:55.287,0.99625,0.9965,0.80,9.40
2007.11.30 07:37:55.571,0.9962,0.9965,3.20,9.40
2007.11.30 07:37:55.843,0.9962,0.9965,3.20,9.40
2007.11.30 07:37:56.184,0.9962,0.9965,3.20,9.40
2007.11.30 07:37:56.458,0.9962,0.9965,2.40,9.40
2007.11.30 07:37:56.649,0.9962,0.9965,2.40,9.40
2007.11.30 07:37:56.842,0.9962,0.9965,2.40,9.40
2007.11.30 07:37:57.035,0.99625,0.9965,0.10,9.40
2007.11.30 07:37:57.235,0.99625,0.9965,2.40,9.40
2007.11.30 07:37:57.421,0.9962,0.9965,2.40,9.40
2007.11.30 07:37:57.614,0.99625,0.9965,0.50,9.40
2007.11.30 07:37:57.953,0.9962,0.9965,2.40,9.40
2007.11.30 07:37:58.285,0.9962,0.9965,2.40,9.40
2007.11.30 07:37:58.618,0.99625,0.9965,0.20,9.40
2007.11.30 07:37:58.875,0.99625,0.9965,2.20,9.40
2007.11.30 07:37:59.134,0.99625,0.9965,6.10,9.40
2007.11.30 07:37:59.392,0.9962,0.9965,2.40,9.40
2007.11.30 07:37:59.649,0.99625,0.9965,0.20,9.40
2007.11.30 07:37:59.921,0.9962,0.9965,2.40,9.40
2007.11.30 07:38:00.194,0.99625,0.9965,0.20,9.40
2007.11.30 07:38:00.467,0.9962,0.9965,2.40,9.40
2007.11.30 07:38:00.741,0.9962,0.9965,2.40,9.40
2007.11.30 07:38:00.988,0.9962,0.9965,2.40,9.40
2007.11.30 07:38:01.238,0.99625,0.9965,7.60,9.40
2007.11.30 07:38:01.485,0.9962,0.9965,2.40,9.40
2007.11.30 07:38:01.733,0.99625,0.9965,0.50,9.40
2007.11.30 07:38:01.996,0.99625,0.9965,0.90,9.40
2007.11.30 07:38:02.350,0.9962,0.9965,2.40,9.40
2007.11.30 07:38:02.614,0.99625,0.9965,2.20,9.40
2007.11.30 07:38:02.876,0.9962,0.9965,2.40,9.40
2007.11.30 07:38:03.120,0.99625,0.9965,0.60,9.40
2007.11.30 07:38:03.362,0.99625,0.9965,5.80,9.40
2007.11.30 07:38:03.605,0.9962,0.9965,2.40,9.40
2007.11.30 07:38:03.849,0.99625,0.9965,5.10,9.40
2007.11.30 07:38:04.099,0.9962,0.9965,2.40,9.40
2007.11.30 07:38:04.370,0.99625,0.9965,0.60,9.40
2007.11.30 07:38:04.654,0.99625,0.9965,0.20,9.40
2007.11.30 07:38:04.932,0.9962,0.9965,2.40,9.40
2007.11.30 07:38:05.210,0.9962,0.9965,2.40,11.00
2007.11.30 07:38:05.388,0.99625,0.9965,15.20,1.60
2007.11.30 07:38:05.566,0.99625,0.9965,2.40,1.60
2007.11.30 07:38:05.743,0.99625,0.9965,4.00,1.60
2007.11.30 07:38:05.921,0.99615,0.9965,4.00,1.60
2007.11.30 07:38:06.099,0.99615,0.9965,4.00,1.60
2007.11.30 07:38:06.377,0.99615,0.9965,4.00,1.60
2007.11.30 07:38:06.662,0.99615,0.9965,4.00,1.60
2007.11.30 07:38:06.941,0.99615,0.9965,4.00,1.60
2007.11.30 07:38:07.218,0.99625,0.9965,0.10,1.60
2007.11.30 07:38:07.420,0.99615,0.9965,4.00,1.60
2007.11.30 07:38:07.623,0.99625,0.9965,0.20,1.60
2007.11.30 07:38:07.826,0.99615,0.9965,4.00,1.60
2007.11.30 07:38:08.028,0.99625,0.9965,0.10,1.60
2007.11.30 07:38:08.231,0.99615,0.9965,4.00,1.60
2007.11.30 07:38:08.521,0.99615,0.9965,4.00,1.60
2007.11.30 07:38:08.779,0.99625,0.9965,0.20,1.60
2007.11.30 07:38:09.038,0.99615,0.9965,4.00,1.60
2007.11.30 07:38:09.265,0.99615,0.99655,4.00,5.00
2007.11.30 07:38:09.483,0.99615,0.99655,4.00,5.00
2007.11.30 07:38:09.701,0.99625,0.99655,0.10,5.00
2007.11.30 07:38:09.918,0.99615,0.99655,4.00,5.00
2007.11.30 07:38:10.137,0.99615,0.99655,4.00,5.00
2007.11.30 07:38:10.460,0.99615,0.99655,4.00,5.00
2007.11.30 07:38:10.783,0.99615,0.99655,4.00,5.00
2007.11.30 07:38:11.107,0.99625,0.99655,2.50,5.00
2007.11.30 07:38:11.430,0.99615,0.99655,4.00,5.00
2007.11.30 07:38:11.639,0.99615,0.99655,4.00,5.00
2007.11.30 07:38:11.846,0.99625,0.99655,1.50,5.00
2007.11.30 07:38:12.054,0.99625,0.99655,3.20,5.00
2007.11.30 07:38:12.262,0.99615,0.99655,4.00,5.00
2007.11.30 07:38:12.525,0.99615,0.99655,4.00,5.00
2007.11.30 07:38:12.787,0.99625,0.99655,0.20,5.00
2007.11.30 07:38:13.049,0.99615,0.99655,4.00,5.00
2007.11.30 07:38:13.311,0.99615,0.99655,4.00,5.00
2007.11.30 07:38:13.549,0.99615,0.99655,4.00,5.00
2007.11.30 07:38:13.788,0.99625,0.99655,5.80,5.00
2007.11.30 07:38:14.026,0.99615,0.99655,4.00,5.00
2007.11.30 07:38:14.263,0.99625,0.99655,4.80,5.00
2007.11.30 07:38:14.502,0.99615,0.99655,4.00,5.00
2007.11.30 07:38:14.776,0.99615,0.99655,4.00,5.00
2007.11.30 07:38:15.049,0.99615,0.99655,4.00,5.00
2007.11.30 07:38:15.321,0.99615,0.99655,4.00,5.00
2007.11.30 07:38:15.514,0.99625,0.99655,0.10,5.00
2007.11.30 07:38:15.712,0.99625,0.9965,1.10,5.40
2007.11.30 07:38:15.905,0.99625,0.9965,0.10,5.40
2007.11.30 07:38:16.098,0.99625,0.9965,0.50,5.40
2007.11.30 07:38:16.292,0.99625,0.9965,0.20,5.40
2007.11.30 07:38:16.485,0.99625,0.9965,5.60,5.40
2007.11.30 07:38:16.793,0.99625,0.9965,4.20,5.40
2007.11.30 07:38:17.101,0.99625,0.9965,2.40,5.40
2007.11.30 07:38:17.408,0.99625,0.9965,4.90,5.40
2007.11.30 07:38:17.607,0.99625,0.9965,0.20,5.40
2007.11.30 07:38:17.805,0.99625,0.9965,6.50,5.40
2007.11.30 07:38:18.003,0.99625,0.9965,2.40,5.40
2007.11.30 07:38:18.208,0.99625,0.9965,0.40,5.40
2007.11.30 07:38:18.376,0.99625,0.99655,0.40,10.40
2007.11.30 07:38:18.406,0.99625,0.9965,0.70,0.90
2007.11.30 07:38:18.734,0.99625,0.99655,4.90,12.10
2007.11.30 07:38:19.062,0.99625,0.9965,4.20,0.80
2007.11.30 07:38:19.401,0.99625,0.9965,0.10,0.50
2007.11.30 07:38:19.644,0.99625,0.99655,11.50,12.10
2007.11.30 07:38:19.897,0.99625,0.9965,0.10,0.80
2007.11.30 07:38:20.150,0.99625,0.99655,12.00,12.10
2007.11.30 07:38:20.403,0.99625,0.99655,0.10,12.10
2007.11.30 07:38:20.880,0.99625,0.99655,0.20,12.10
2007.11.30 07:38:21.161,0.99625,0.99655,4.20,12.10
2007.11.30 07:38:21.465,0.99625,0.99655,0.40,12.20
2007.11.30 07:38:21.712,0.99625,0.99655,6.70,12.20
2007.11.30 07:38:21.961,0.99625,0.9965,0.30,0.60
2007.11.30 07:38:22.209,0.99625,0.9965,0.50,0.70
2007.11.30 07:38:22.457,0.99625,0.99655,0.10,12.20
2007.11.30 07:38:22.704,0.99625,0.99655,7.50,12.20
2007.11.30 07:38:23.006,0.99625,0.9965,0.10,0.50
2007.11.30 07:38:23.308,0.99625,0.99655,2.40,12.20
2007.11.30 07:38:23.611,0.99625,0.9965,0.20,0.50
2007.11.30 07:38:23.828,0.99625,0.99655,7.80,12.20
2007.11.30 07:38:24.046,0.99625,0.9965,0.10,0.50
2007.11.30 07:38:24.264,0.99625,0.9965,0.20,0.70
2007.11.30 07:38:24.481,0.99625,0.99655,0.20,12.20
2007.11.30 07:38:24.700,0.99625,0.9965,0.20,0.80
2007.11.30 07:38:24.998,0.99625,0.99655,12.10,12.20
2007.11.30 07:38:25.296,0.99625,0.99655,2.40,12.20
2007.11.30 07:38:26.809,0.99625,0.99655,21.20,10.40
2007.11.30 07:38:26.885,0.99625,0.99655,0.80,10.40
2007.11.30 07:38:26.967,0.99625,0.99655,0.10,10.40
2007.11.30 07:38:27.051,0.99625,0.99655,0.20,10.40
2007.11.30 07:38:27.133,0.99625,0.99655,4.20,10.40
2007.11.30 07:38:27.216,0.99625,0.99655,19.60,10.40
2007.11.30 07:38:27.305,0.99625,0.9965,0.30,0.50
2007.11.30 07:38:27.388,0.99625,0.9965,0.20,0.50
2007.11.30 07:38:27.470,0.99625,0.9965,6.00,0.60
2007.11.30 07:38:27.553,0.99625,0.99655,5.60,10.40
2007.11.30 07:38:27.637,0.99625,0.99655,8.80,10.40
2007.11.30 07:38:27.725,0.99625,0.9965,0.70,0.70
2007.11.30 07:38:27.807,0.99625,0.9965,2.70,0.60
2007.11.30 07:38:27.971,0.99625,0.99655,9.10,10.40
2007.11.30 07:38:28.305,0.99625,0.9965,0.30,0.70
2007.11.30 07:38:28.638,0.99625,0.99655,0.60,10.40
2007.11.30 07:38:28.972,0.99625,0.9965,0.60,0.50
2007.11.30 07:38:29.136,0.99625,0.9965,2.70,0.90
2007.11.30 07:38:29.287,0.99625,0.9965,21.00,0.70
2007.11.30 07:38:29.441,0.99625,0.9965,0.20,0.60
2007.11.30 07:38:29.597,0.99625,0.99655,0.10,10.40
2007.11.30 07:38:29.746,0.99625,0.9965,0.20,0.80
2007.11.30 07:38:29.899,0.99625,0.99655,17.00,10.40
2007.11.30 07:38:30.054,0.99625,0.99655,0.10,10.40
2007.11.30 07:38:30.388,0.99625,0.99655,0.20,10.40
2007.11.30 07:38:30.721,0.99625,0.99655,0.20,10.40
2007.11.30 07:38:31.054,0.99625,0.99655,0.20,10.40
2007.11.30 07:38:31.254,0.99625,0.99655,2.40,10.40
2007.11.30 07:38:31.442,0.99625,0.99655,0.10,10.40
2007.11.30 07:38:31.643,0.99625,0.99655,16.90,10.40
2007.11.30 07:38:31.836,0.99625,0.99655,0.20,10.40
2007.11.30 07:38:32.037,0.99625,0.9965,2.40,0.60
2007.11.30 07:38:32.222,0.99625,0.9965,7.50,0.80
2007.11.30 07:38:32.556,0.99625,0.9965,0.20,0.60
2007.11.30 07:38:32.877,0.99625,0.99655,2.40,10.40
2007.11.30 07:38:33.206,0.99625,0.99655,1.70,10.40
2007.11.30 07:38:33.423,0.99625,0.99655,0.20,10.40
2007.11.30 07:38:33.642,0.99625,0.9965,4.00,0.60
2007.11.30 07:38:33.859,0.99625,0.9965,8.30,0.90
2007.11.30 07:38:34.139,0.99625,0.9965,2.40,0.50
2007.11.30 07:38:34.385,0.99625,0.9965,6.00,0.60
2007.11.30 07:38:34.626,0.99625,0.99655,0.20,10.40
2007.11.30 07:38:34.869,0.99625,0.9965,0.10,0.60
2007.11.30 07:38:35.112,0.99625,0.99655,0.50,11.20
2007.11.30 07:38:35.357,0.99625,0.9965,15.30,0.60
2007.11.30 07:38:35.608,0.99625,0.99655,0.80,12.00
2007.11.30 07:38:35.862,0.99625,0.99655,0.20,12.00
2007.11.30 07:38:36.115,0.99625,0.99655,5.00,12.00
2007.11.30 07:38:36.376,0.99625,0.99655,8.90,12.00
2007.11.30 07:38:36.617,0.99625,0.99655,0.10,12.00
2007.11.30 07:38:36.861,0.99625,0.99655,0.10,12.00
2007.11.30 07:38:37.103,0.99625,0.99655,0.30,12.00
2007.11.30 07:38:37.345,0.99625,0.99655,0.20,12.00
2007.11.30 07:38:37.591,0.99625,0.99655,0.70,12.00
2007.11.30 07:38:37.911,0.99625,0.99655,0.20,12.00
2007.11.30 07:38:38.228,0.99625,0.99655,8.30,12.00
2007.11.30 07:38:38.545,0.99625,0.9965,7.50,0.50
2007.11.30 07:38:38.723,0.99625,0.99655,8.10,12.00
2007.11.30 07:38:38.901,0.99625,0.99655,0.10,12.00
2007.11.30 07:38:39.080,0.99625,0.9965,4.90,0.60
2007.11.30 07:38:39.257,0.99625,0.99655,0.20,12.00
2007.11.30 07:38:39.435,0.99625,0.99655,9.40,12.00
2007.11.30 07:38:39.613,0.99625,0.99655,0.10,12.00
2007.11.30 07:38:39.895,0.99625,0.9965,0.50,0.80
2007.11.30 07:38:40.309,0.99625,0.99655,0.10,12.00
2007.11.30 07:38:40.597,0.99625,0.9965,16.80,0.70
2007.11.30 07:38:40.784,0.99625,0.99655,0.10,12.00
2007.11.30 07:38:40.972,0.99625,0.99655,8.10,12.00
2007.11.30 07:38:41.159,0.99625,0.99655,0.20,12.00
2007.11.30 07:38:41.349,0.99625,0.9965,8.40,0.60
2007.11.30 07:38:41.536,0.99625,0.99655,0.10,12.00
2007.11.30 07:38:41.725,0.99625,0.9965,0.30,0.50
2007.11.30 07:38:41.992,0.99625,0.99655,5.90,12.00
2007.11.30 07:38:42.260,0.99625,0.9965,11.20,0.60
2007.11.30 07:38:42.527,0.99625,0.9965,6.00,0.70
2007.11.30 07:38:42.794,0.99625,0.99655,0.50,12.00
2007.11.30 07:38:43.012,0.99625,0.99655,0.20,12.00
2007.11.30 07:38:43.230,0.99625,0.99655,3.60,12.00
2007.11.30 07:38:43.447,0.99625,0.9965,8.00,0.70
2007.11.30 07:38:43.665,0.99625,0.99655,2.60,12.00
2007.11.30 07:38:43.883,0.99625,0.99655,0.10,12.00
2007.11.30 07:38:44.199,0.99625,0.99655,0.10,12.00
2007.11.30 07:38:44.500,0.99625,0.99655,0.20,12.00
2007.11.30 07:38:46.684,0.99625,0.99655,1.50,12.00
2007.11.30 07:38:46.729,0.99625,0.99655,4.00,12.00
2007.11.30 07:38:46.769,0.99625,0.9965,7.90,0.90
2007.11.30 07:38:46.840,0.99625,0.99655,0.20,12.00
2007.11.30 07:38:46.860,0.99625,0.9965,0.80,0.60
2007.11.30 07:38:48.021,0.99625,0.99655,0.10,12.00
2007.11.30 07:38:48.188,0.99625,0.9965,6.50,9.60
2007.11.30 07:38:48.364,0.99625,0.9965,0.40,9.60
2007.11.30 07:38:48.705,0.99625,0.9965,3.40,9.60
2007.11.30 07:38:49.029,0.99625,0.9965,3.50,9.60
2007.11.30 07:38:49.227,0.99625,0.9965,5.90,9.60
2007.11.30 07:38:49.424,0.99625,0.9965,6.60,9.60
2007.11.30 07:38:49.624,0.99625,0.9965,0.10,9.60
2007.11.30 07:38:49.822,0.99625,0.9965,4.20,9.60
2007.11.30 07:38:50.019,0.99625,0.9965,0.90,9.60
2007.11.30 07:38:50.217,0.99625,0.9965,1.60,9.60
2007.11.30 07:38:50.474,0.99625,0.9965,3.90,9.60
2007.11.30 07:38:50.731,0.99625,0.9965,6.40,9.60
2007.11.30 07:38:50.988,0.99625,0.9965,10.70,9.60
2007.11.30 07:38:51.246,0.99625,0.9965,0.10,9.60
2007.11.30 07:38:51.449,0.99625,0.9965,2.40,9.60
2007.11.30 07:38:51.652,0.99625,0.9965,0.20,9.60
2007.11.30 07:38:51.855,0.99625,0.9965,1.20,9.60
2007.11.30 07:38:52.058,0.99625,0.9965,2.40,9.60
2007.11.30 07:38:52.260,0.99625,0.9965,0.10,9.60
2007.11.30 07:38:52.503,0.99625,0.9965,0.20,9.60
2007.11.30 07:38:52.745,0.99625,0.9965,2.40,9.60
2007.11.30 07:38:52.988,0.99625,0.9965,0.30,9.60
2007.11.30 07:38:53.233,0.99625,0.9965,2.40,9.60
2007.11.30 07:38:53.450,0.99625,0.9965,0.10,9.60
2007.11.30 07:38:53.668,0.99625,0.9965,4.00,9.60
2007.11.30 07:38:53.886,0.99625,0.9965,16.50,9.60
2007.11.30 07:38:54.104,0.99625,0.9965,1.60,9.60
2007.11.30 07:38:54.354,0.99625,0.9965,5.10,9.60
2007.11.30 07:38:54.617,0.99625,0.9965,0.10,9.60
2007.11.30 07:38:54.881,0.99625,0.9965,5.60,9.60
2007.11.30 07:38:55.142,0.99625,0.9965,0.20,9.60
2007.11.30 07:38:55.381,0.99625,0.9965,2.60,9.60
2007.11.30 07:38:55.608,0.99625,0.9965,0.40,9.60
2007.11.30 07:38:55.841,0.99625,0.9965,0.80,9.60
2007.11.30 07:38:56.074,0.99625,0.9965,5.80,9.60
2007.11.30 07:38:56.307,0.99625,0.9965,0.20,9.60
2007.11.30 07:38:56.545,0.99625,0.9965,1.60,9.60
2007.11.30 07:38:56.783,0.99625,0.9965,0.70,9.60
2007.11.30 07:38:57.022,0.99625,0.9965,6.50,11.20
2007.11.30 07:38:57.259,0.99625,0.9965,1.10,11.20
2007.11.30 07:38:57.478,0.99625,0.9965,10.90,11.20
2007.11.30 07:38:57.685,0.99625,0.9965,11.20,11.20
2007.11.30 07:38:57.898,0.99625,0.9965,2.40,11.20
2007.11.30 07:38:58.111,0.99625,0.9965,16.20,11.20
2007.11.30 07:38:58.324,0.99625,0.9965,0.60,11.20
2007.11.30 07:38:58.552,0.99625,0.9965,0.20,11.20
2007.11.30 07:38:58.780,0.99625,0.9965,0.10,11.20
2007.11.30 07:38:59.007,0.99625,0.9965,0.50,11.20
2007.11.30 07:38:59.235,0.99625,0.9965,5.80,11.20
2007.11.30 07:38:59.463,0.99625,0.9965,4.00,11.20
2007.11.30 07:38:59.730,0.99625,0.9965,16.90,11.20
2007.11.30 07:38:59.997,0.99625,0.9965,0.20,11.20
2007.11.30 07:39:00.265,0.99625,0.9965,3.10,11.20
2007.11.30 07:39:00.533,0.99625,0.9965,0.10,11.20
2007.11.30 07:39:00.777,0.99625,0.99635,13.00,0.50
2007.11.30 07:39:01.021,0.99625,0.99635,0.20,0.50
2007.11.30 07:39:01.264,0.99625,0.99635,0.20,0.50
2007.11.30 07:39:01.508,0.99625,0.99635,11.50,0.50
2007.11.30 07:39:01.712,0.99625,0.99635,0.80,0.50
2007.11.30 07:39:01.914,0.99625,0.99635,0.90,0.50
2007.11.30 07:39:02.119,0.99625,0.99635,0.60,0.50
2007.11.30 07:39:02.321,0.99625,0.99635,0.20,0.50
2007.11.30 07:39:02.524,0.99625,0.99635,0.10,0.50
2007.11.30 07:39:02.792,0.99625,0.99635,0.20,0.50
2007.11.30 07:39:03.060,0.99625,0.99635,0.80,0.50
2007.11.30 07:39:03.329,0.99625,0.99635,0.10,0.50
2007.11.30 07:39:03.599,0.99625,0.99635,0.40,0.50
2007.11.30 07:39:03.837,0.99625,0.99635,0.40,0.50
2007.11.30 07:39:04.064,0.99625,0.99635,0.20,0.50
2007.11.30 07:39:04.298,0.99625,0.9963,0.20,0.50
2007.11.30 07:39:04.530,0.99625,0.9963,0.90,0.50
2007.11.30 07:39:04.749,0.99625,0.9963,4.20,0.50
2007.11.30 07:39:04.967,0.99625,0.9963,0.20,0.50
2007.11.30 07:39:05.193,0.99625,0.9963,0.50,0.50
2007.11.30 07:39:05.411,0.99625,0.9963,0.70,0.50
2007.11.30 07:39:05.629,0.99625,0.9963,0.10,0.50
2007.11.30 07:39:05.889,0.99625,0.9963,0.10,0.50
2007.11.30 07:39:06.063,0.99625,0.9963,5.60,0.50
2007.11.30 07:39:06.148,0.99625,0.9963,10.60,0.50
2007.11.30 07:39:06.406,0.99625,0.9963,0.10,0.50
2007.11.30 07:39:06.699,0.99625,0.9963,0.20,0.50
2007.11.30 07:39:06.944,0.99625,0.9963,0.20,0.50
2007.11.30 07:39:07.185,0.99625,0.9963,4.20,0.50
2007.11.30 07:39:07.428,0.99625,0.9963,6.30,0.50
2007.11.30 07:39:07.672,0.99625,0.9963,7.90,0.50
2007.11.30 07:39:07.917,0.99625,0.9963,7.10,0.50
2007.11.30 07:39:08.210,0.99625,0.9963,5.10,0.50
2007.11.30 07:39:08.509,0.99625,0.9963,0.20,0.50
2007.11.30 07:39:08.804,0.99625,0.9963,4.20,0.50
2007.11.30 07:39:08.998,0.99625,0.9963,0.80,0.50
2007.11.30 07:39:09.190,0.99625,0.9963,0.20,0.50
2007.11.30 07:39:09.387,0.99625,0.9963,0.20,0.50
2007.11.30 07:39:09.581,0.99625,0.9963,1.60,0.50
2007.11.30 07:39:09.775,0.99625,0.9963,24.20,0.50
2007.11.30 07:39:09.968,0.99625,0.9963,0.20,0.50
2007.11.30 07:39:10.271,0.99625,0.9963,0.30,0.50
2007.11.30 07:39:10.573,0.99625,0.9963,0.70,0.50
2007.11.30 07:39:10.876,0.99625,0.9963,2.80,0.50
2007.11.30 07:39:11.074,0.99625,0.9963,1.20,0.50
2007.11.30 07:39:11.272,0.99625,0.9963,0.20,0.50
2007.11.30 07:39:11.470,0.99625,0.9963,0.20,0.50
2007.11.30 07:39:11.668,0.99625,0.9963,0.20,0.50
2007.11.30 07:39:11.866,0.99625,0.9963,0.20,0.50
2007.11.30 07:39:12.199,0.99625,0.9963,3.00,0.50
2007.11.30 07:39:12.532,0.99625,0.9963,0.20,0.50
2007.11.30 07:39:12.866,0.99625,0.9963,0.20,0.50
2007.11.30 07:39:13.044,0.99625,0.9963,2.40,0.50
2007.11.30 07:39:13.222,0.99625,0.9963,0.20,0.50
2007.11.30 07:39:13.401,0.99625,0.9963,0.20,0.50
2007.11.30 07:39:13.579,0.99625,0.9963,0.10,0.50
2007.11.30 07:39:13.759,0.99625,0.9963,14.80,0.50
2007.11.30 07:39:13.936,0.99625,0.9963,0.60,0.50
2007.11.30 07:39:14.194,0.99625,0.9963,2.40,0.50
2007.11.30 07:39:14.453,0.99625,0.9963,0.20,0.50
2007.11.30 07:39:14.711,0.99625,0.9963,0.20,0.50
2007.11.30 07:39:14.968,0.99625,0.9963,4.80,0.50
2007.11.30 07:39:15.192,0.99625,0.9963,0.20,0.50
2007.11.30 07:39:15.416,0.99625,0.9963,10.70,0.50
2007.11.30 07:39:15.639,0.99625,0.9963,0.20,0.50
2007.11.30 07:39:15.861,0.99625,0.9963,2.50,0.50
2007.11.30 07:39:16.084,0.99625,0.9963,9.70,0.50
2007.11.30 07:39:16.381,0.99625,0.9963,1.60,0.50
2007.11.30 07:39:16.680,0.99625,0.9963,5.90,0.50
2007.11.30 07:39:16.982,0.99625,0.9963,10.70,0.50
2007.11.30 07:39:17.282,0.99625,0.9963,4.00,0.50
2007.11.30 07:39:17.555,0.99625,0.9963,1.60,0.50
2007.11.30 07:39:17.827,0.99625,0.9963,0.20,0.50
2007.11.30 07:39:18.100,0.99625,0.9963,0.60,0.50
2007.11.30 07:39:18.273,0.99625,0.9963,12.50,0.50
2007.11.30 07:39:18.446,0.99625,0.9963,2.50,0.50
2007.11.30 07:39:18.619,0.99625,0.9963,0.70,0.50
2007.11.30 07:39:18.792,0.99625,0.9963,5.60,0.50
2007.11.30 07:39:19.035,0.99625,0.9963,0.20,0.50
2007.11.30 07:39:19.291,0.99625,0.9963,1.60,0.50
2007.11.30 07:39:19.545,0.99625,0.9963,0.10,0.50
2007.11.30 07:39:19.798,0.99625,0.9963,0.10,0.50
2007.11.30 07:39:20.053,0.99625,0.9963,4.90,0.50
2007.11.30 07:39:20.300,0.99625,0.9963,0.80,0.50
2007.11.30 07:39:20.529,0.99625,0.9963,4.30,0.50
2007.11.30 07:39:20.773,0.99625,0.9963,1.80,0.50
2007.11.30 07:39:21.017,0.99625,0.9963,0.20,0.50
2007.11.30 07:39:21.248,0.99625,0.9963,4.90,0.50
2007.11.30 07:39:21.523,0.99625,0.9963,0.20,0.50
2007.11.30 07:39:21.795,0.99625,0.9963,11.50,0.50
2007.11.30 07:39:22.069,0.99625,0.9963,0.20,0.50
2007.11.30 07:39:22.283,0.99625,0.9963,0.30,0.50
2007.11.30 07:39:22.496,0.99625,0.9963,2.70,0.50
2007.11.30 07:39:22.709,0.99625,0.9963,5.60,0.50
2007.11.30 07:39:22.922,0.99625,0.9963,0.20,0.50
2007.11.30 07:39:23.143,0.99625,0.9963,4.00,0.50
2007.11.30 07:39:23.439,0.99625,0.9963,11.50,0.50
2007.11.30 07:39:23.737,0.99625,0.9963,7.40,0.50
2007.11.30 07:39:24.043,0.99625,0.9963,0.50,0.50
2007.11.30 07:39:24.340,0.99625,0.9963,1.70,0.50
2007.11.30 07:39:24.602,0.99625,0.9963,5.80,0.50
2007.11.30 07:39:24.864,0.99625,0.9963,0.10,0.50
2007.11.30 07:39:25.200,0.99625,0.9963,2.40,0.50
2007.11.30 07:39:25.365,0.99625,0.9963,12.20,0.50
2007.11.30 07:39:25.532,0.99625,0.9963,2.50,0.50
2007.11.30 07:39:25.699,0.99625,0.9963,0.20,0.50
2007.11.30 07:39:25.868,0.99625,0.9963,11.50,0.50
2007.11.30 07:39:26.036,0.99625,0.9963,0.10,0.50
2007.11.30 07:39:26.210,0.99625,0.9963,0.20,0.50
2007.11.30 07:39:26.543,0.99625,0.9963,0.40,0.50
2007.11.30 07:39:26.875,0.99625,0.9963,4.80,0.50
2007.11.30 07:39:27.209,0.99625,0.9963,4.90,0.50
2007.11.30 07:39:27.422,0.99625,0.9963,2.80,0.50
2007.11.30 07:39:27.636,0.99625,0.9963,0.20,0.50
2007.11.30 07:39:27.849,0.99625,0.9963,8.90,0.50
2007.11.30 07:39:28.063,0.99625,0.9963,6.40,0.50
2007.11.30 07:39:28.275,0.99625,0.9963,12.10,0.50
2007.11.30 07:39:28.609,0.99625,0.9963,3.50,0.50
2007.11.30 07:39:28.941,0.99625,0.9963,4.00,0.50
2007.11.30 07:39:29.277,0.99625,0.9963,4.90,0.50
2007.11.30 07:39:29.514,0.99625,0.9963,6.30,0.50
2007.11.30 07:39:29.752,0.99625,0.9963,2.20,0.50
2007.11.30 07:39:29.990,0.99625,0.9963,0.20,0.50
2007.11.30 07:39:30.227,0.99625,0.9963,6.40,0.50
2007.11.30 07:39:30.530,0.99625,0.9963,4.40,0.50
2007.11.30 07:39:30.833,0.99625,0.9963,2.40,0.50
2007.11.30 07:39:31.136,0.99625,0.9963,10.40,0.50
2007.11.30 07:39:31.438,0.99625,0.9963,0.70,0.50
2007.11.30 07:39:31.676,0.99625,0.9963,4.00,0.50
2007.11.30 07:39:31.914,0.99625,0.9963,0.10,0.50
2007.11.30 07:39:32.152,0.99625,0.9963,6.10,0.50
2007.11.30 07:39:32.390,0.99625,0.9963,4.00,0.50
2007.11.30 07:39:32.628,0.99625,0.9963,5.10,0.50
2007.11.30 07:39:32.861,0.99625,0.9963,0.20,0.50
2007.11.30 07:39:33.093,0.99625,0.9963,4.80,0.50
2007.11.30 07:39:33.325,0.99625,0.9963,10.20,0.50
2007.11.30 07:39:33.558,0.99625,0.9963,2.50,0.50
2007.11.30 07:39:33.831,0.99625,0.9963,4.20,0.50
2007.11.30 07:39:34.110,0.99625,0.9963,0.20,0.50
2007.11.30 07:39:34.376,0.99625,0.9964,2.00,21.60
2007.11.30 07:39:34.649,0.99625,0.9964,0.20,21.60
2007.11.30 07:39:34.897,0.99625,0.9964,0.90,21.60
2007.11.30 07:39:35.145,0.99625,0.9964,0.10,21.60
2007.11.30 07:39:35.394,0.99625,0.99635,7.50,0.50
2007.11.30 07:39:35.643,0.99625,0.99635,0.20,0.50
2007.11.30 07:39:35.951,0.99625,0.99635,0.30,0.50
2007.11.30 07:39:36.259,0.99625,0.9963,0.10,0.50
2007.11.30 07:39:36.568,0.99625,0.9963,0.10,0.50
2007.11.30 07:39:36.817,0.99625,0.9963,0.60,0.50
2007.11.30 07:39:37.059,0.99625,0.9963,3.30,0.50
2007.11.30 07:39:37.303,0.99625,0.9963,0.80,0.50
2007.11.30 07:39:37.545,0.99625,0.9963,0.90,0.50
2007.11.30 07:39:37.788,0.99625,0.9963,1.60,0.50
2007.11.30 07:39:38.060,0.99625,0.9963,0.50,0.50
2007.11.30 07:39:38.333,0.99625,0.9963,2.50,0.50
2007.11.30 07:39:38.607,0.99625,0.9963,2.40,0.50
2007.11.30 07:39:38.794,0.99625,0.9963,1.30,0.50
2007.11.30 07:39:38.982,0.99625,0.9963,3.90,0.50
2007.11.30 07:39:39.169,0.99625,0.9963,0.20,0.50
2007.11.30 07:39:39.356,0.99625,0.9963,0.90,0.50
2007.11.30 07:39:39.544,0.99625,0.9963,0.80,0.50
2007.11.30 07:39:39.732,0.99625,0.9963,4.80,0.50
2007.11.30 07:39:40.064,0.99625,0.9963,0.10,0.50
2007.11.30 07:39:40.396,0.9961,0.9963,0.10,0.50
2007.11.30 07:39:40.729,0.9961,0.9963,0.10,0.50
2007.11.30 07:39:40.944,0.9961,0.9963,0.10,0.50
2007.11.30 07:39:41.157,0.9961,0.9963,0.10,0.50
2007.11.30 07:39:41.370,0.9961,0.9963,0.10,0.50
2007.11.30 07:39:41.583,0.9961,0.9963,0.10,0.50
2007.11.30 07:39:41.796,0.9961,0.9963,0.10,0.50
2007.11.30 07:39:42.114,0.9961,0.9963,0.10,0.50
2007.11.30 07:39:42.433,0.9961,0.9963,0.10,0.50
2007.11.30 07:39:42.750,0.9961,0.9963,0.10,0.50
2007.11.30 07:39:42.979,0.9961,0.9963,0.10,0.50
2007.11.30 07:39:43.202,0.9961,0.9963,0.10,0.50
2007.11.30 07:39:43.426,0.9961,0.9963,0.10,0.50
2007.11.30 07:39:43.696,0.9961,0.9963,0.10,0.50
2007.11.30 07:39:43.940,0.9961,0.9963,0.10,0.50
2007.11.30 07:39:44.189,0.9961,0.9963,0.10,0.50
2007.11.30 07:39:44.435,0.9961,0.9963,0.10,0.50
2007.11.30 07:39:44.679,0.9961,0.9963,0.10,0.50
2007.11.30 07:39:44.921,0.9961,0.9963,0.10,0.50
2007.11.30 07:39:45.254,0.9961,0.9963,0.10,0.50
2007.11.30 07:39:45.587,0.9961,0.9963,0.10,0.50
2007.11.30 07:39:45.919,0.9961,0.9963,0.10,0.50
2007.11.30 07:39:46.168,0.9961,0.9963,0.10,0.50
2007.11.30 07:39:46.417,0.99605,0.99615,2.40,4.40
2007.11.30 07:39:46.666,0.99595,0.9961,2.40,0.50
2007.11.30 07:39:46.915,0.99595,0.9961,2.40,0.50
2007.11.30 07:39:47.208,0.99585,0.9961,2.40,0.50
2007.11.30 07:39:47.503,0.99575,0.9961,6.40,0.50
2007.11.30 07:39:47.798,0.99575,0.996,4.00,0.50
2007.11.30 07:39:48.069,0.99555,0.996,0.40,0.50
2007.11.30 07:39:48.333,0.99555,0.996,0.40,0.50
2007.11.30 07:39:48.596,0.99555,0.996,0.50,0.50
2007.11.30 07:39:48.858,0.99555,0.996,0.50,0.50
2007.11.30 07:39:49.162,0.99555,0.99595,0.50,7.40
2007.11.30 07:39:49.465,0.99555,0.99595,0.50,7.40
2007.11.30 07:39:49.869,0.99555,0.99595,0.50,7.40
2007.11.30 07:39:50.097,0.99555,0.99595,0.50,7.40
2007.11.30 07:39:50.315,0.99555,0.99595,0.50,7.40
2007.11.30 07:39:50.534,0.99555,0.99595,0.50,7.40
2007.11.30 07:39:50.758,0.99555,0.99595,0.50,7.40
2007.11.30 07:39:50.975,0.99555,0.99595,0.50,7.40
2007.11.30 07:39:51.311,0.99555,0.99595,0.50,7.40
2007.11.30 07:39:51.643,0.99555,0.99595,0.50,7.40
2007.11.30 07:39:51.976,0.99555,0.99595,0.50,7.40
2007.11.30 07:39:52.207,0.99555,0.99595,0.50,7.40
2007.11.30 07:39:52.423,0.99555,0.99595,0.50,7.40
2007.11.30 07:39:52.645,0.99555,0.99595,0.50,7.40
2007.11.30 07:39:52.869,0.99555,0.99595,0.50,7.40
2007.11.30 07:39:53.093,0.99555,0.99595,0.50,7.40
2007.11.30 07:39:53.428,0.99555,0.99595,0.50,7.40
2007.11.30 07:39:53.750,0.9956,0.99595,0.10,7.40
2007.11.30 07:39:54.079,0.9956,0.996,0.10,7.80
2007.11.30 07:39:54.309,0.9956,0.996,0.10,7.80
2007.11.30 07:39:54.537,0.9956,0.996,0.10,7.80
2007.11.30 07:39:54.766,0.9956,0.996,0.10,7.80
2007.11.30 07:39:54.995,0.9956,0.996,0.10,7.80
2007.11.30 07:39:55.223,0.9956,0.996,0.10,7.80
2007.11.30 07:39:55.556,0.9956,0.996,0.10,7.80
2007.11.30 07:39:56.038,0.9956,0.996,0.10,7.80
2007.11.30 07:39:56.378,0.9956,0.996,0.10,7.80
2007.11.30 07:39:56.584,0.9956,0.996,0.10,7.80
2007.11.30 07:39:56.796,0.9956,0.996,0.10,7.80
2007.11.30 07:39:57.009,0.9956,0.996,0.10,7.80
2007.11.30 07:39:57.223,0.9956,0.996,0.10,7.80
2007.11.30 07:39:57.496,0.9956,0.996,0.10,7.80
2007.11.30 07:39:57.769,0.9956,0.996,0.10,7.80
2007.11.30 07:39:58.045,0.9956,0.996,0.10,7.80
2007.11.30 07:39:58.318,0.9956,0.996,0.10,7.80
2007.11.30 07:39:58.561,0.9956,0.996,0.10,7.80
2007.11.30 07:39:58.804,0.9956,0.996,0.10,7.80
2007.11.30 07:39:59.051,0.9956,0.996,0.10,7.80
2007.11.30 07:39:59.294,0.9956,0.996,0.10,7.80
2007.11.30 07:39:59.514,0.9956,0.996,0.10,7.80
2007.11.30 07:39:59.727,0.9956,0.996,0.10,7.80
2007.11.30 07:39:59.941,0.9956,0.996,0.10,7.80
2007.11.30 07:40:00.154,0.9956,0.996,0.10,7.80
2007.11.30 07:40:00.366,0.9956,0.996,0.10,7.80
2007.11.30 07:40:00.681,0.9956,0.996,0.10,7.80
2007.11.30 07:40:00.982,0.9956,0.996,0.10,7.80
2007.11.30 07:40:01.290,0.9956,0.996,0.10,7.80
2007.11.30 07:40:01.598,0.9956,0.996,0.10,7.80
2007.11.30 07:40:01.861,0.99565,0.996,0.30,3.80
2007.11.30 07:40:02.209,0.99565,0.996,0.30,3.80
2007.11.30 07:40:02.476,0.99565,0.996,0.30,3.80
2007.11.30 07:40:02.667,0.99565,0.996,0.30,3.80
2007.11.30 07:40:02.861,0.99565,0.996,0.30,3.80
2007.11.30 07:40:03.055,0.99565,0.996,0.30,3.80
2007.11.30 07:40:03.256,0.99565,0.996,0.30,3.80
2007.11.30 07:40:03.452,0.99565,0.996,0.30,3.80
2007.11.30 07:40:03.645,0.99565,0.996,0.30,3.80
2007.11.30 07:40:03.980,0.99565,0.996,0.30,3.80
2007.11.30 07:40:04.315,0.99565,0.996,0.30,3.80
2007.11.30 07:40:04.646,0.99565,0.996,0.30,3.80
2007.11.30 07:40:04.830,0.99565,0.9958,0.20,0.50
2007.11.30 07:40:05.022,0.99565,0.9958,0.20,0.50
2007.11.30 07:40:05.205,0.99565,0.9958,0.20,0.50
2007.11.30 07:40:05.389,0.99565,0.9958,0.20,0.50
2007.11.30 07:40:05.573,0.99565,0.9958,0.20,0.50
2007.11.30 07:40:05.756,0.99565,0.9958,0.20,0.50
2007.11.30 07:40:06.089,0.99565,0.9958,0.20,0.50
2007.11.30 07:40:06.424,0.9956,0.9958,0.10,0.50
2007.11.30 07:40:06.765,0.9956,0.9958,0.10,0.50
2007.11.30 07:40:06.941,0.9956,0.9958,0.10,0.50
2007.11.30 07:40:07.113,0.9956,0.9958,0.10,0.50
2007.11.30 07:40:07.287,0.9956,0.9958,0.10,0.50
2007.11.30 07:40:07.461,0.9956,0.9958,0.10,0.50
2007.11.30 07:40:07.636,0.9956,0.9958,0.10,0.50
2007.11.30 07:40:07.809,0.9956,0.9958,0.10,0.50
2007.11.30 07:40:08.149,0.9956,0.9958,0.10,0.50
2007.11.30 07:40:08.476,0.99555,0.99575,0.50,0.50
2007.11.30 07:40:08.810,0.99555,0.99575,0.10,0.50
2007.11.30 07:40:09.013,0.99555,0.99575,0.10,0.50
2007.11.30 07:40:09.217,0.99555,0.99575,0.10,0.50
2007.11.30 07:40:09.421,0.99555,0.99575,0.10,0.50
2007.11.30 07:40:09.624,0.99555,0.99575,0.10,0.50
2007.11.30 07:40:09.827,0.99555,0.99575,0.10,0.50
2007.11.30 07:40:10.105,0.99555,0.99575,0.10,0.50
2007.11.30 07:40:10.383,0.99555,0.99575,0.10,0.50
2007.11.30 07:40:10.661,0.99555,0.99575,0.10,0.50
2007.11.30 07:40:10.939,0.99555,0.99575,0.10,0.50
2007.11.30 07:40:11.178,0.99555,0.99575,0.10,0.50
2007.11.30 07:40:11.417,0.99555,0.99575,0.10,0.50
2007.11.30 07:40:11.655,0.99555,0.99575,0.10,0.50
2007.11.30 07:40:11.900,0.99555,0.99575,0.10,0.50
2007.11.30 07:40:12.137,0.99555,0.99575,0.10,0.50
2007.11.30 07:40:12.374,0.99555,0.99575,0.10,0.50
2007.11.30 07:40:12.613,0.99555,0.99575,0.10,0.50
2007.11.30 07:40:12.850,0.99555,0.99575,0.10,0.50
2007.11.30 07:40:13.088,0.99555,0.99575,0.10,0.50
2007.11.30 07:40:13.421,0.99555,0.99575,0.10,0.50
2007.11.30 07:40:13.754,0.99555,0.99575,0.10,0.50
2007.11.30 07:40:14.086,0.99555,0.99575,0.10,0.50
2007.11.30 07:40:14.309,0.99555,0.99575,0.10,0.50
2007.11.30 07:40:14.534,0.99555,0.99575,0.10,0.50
2007.11.30 07:40:14.756,0.99555,0.99575,0.10,0.50
2007.11.30 07:40:14.982,0.99555,0.99575,0.10,0.50
2007.11.30 07:40:15.285,0.99555,0.99575,0.10,0.50
2007.11.30 07:40:15.589,0.99555,0.99575,0.10,0.50
2007.11.30 07:40:15.900,0.99555,0.99575,3.30,0.50
2007.11.30 07:40:16.195,0.99555,0.99575,3.30,0.50
2007.11.30 07:40:16.499,0.99555,0.99575,3.30,0.50
2007.11.30 07:40:16.803,0.99555,0.99585,3.20,9.00
2007.11.30 07:40:17.106,0.99555,0.99585,3.20,2.40
2007.11.30 07:40:17.349,0.99555,0.9959,3.20,3.80
2007.11.30 07:40:17.593,0.99555,0.9959,3.20,3.80
2007.11.30 07:40:17.836,0.99555,0.9959,3.20,3.80
2007.11.30 07:40:17.924,0.9955,0.9959,3.30,3.80
2007.11.30 07:40:18.081,0.9955,0.9959,3.30,3.80
2007.11.30 07:40:18.388,0.99555,0.9959,1.80,3.80
2007.11.30 07:40:18.698,0.99555,0.9959,1.90,3.80
2007.11.30 07:40:19.006,0.99555,0.9959,3.20,3.80
2007.11.30 07:40:20.640,0.99555,0.9959,3.20,3.80
2007.11.30 07:40:20.687,0.99555,0.9959,3.20,3.80
2007.11.30 07:40:20.735,0.99555,0.9959,3.20,3.80
2007.11.30 07:40:20.784,0.99555,0.9959,3.20,3.80
2007.11.30 07:40:20.836,0.99555,0.9959,3.20,3.80
2007.11.30 07:40:20.881,0.99555,0.9959,3.20,3.80
2007.11.30 07:40:20.930,0.99555,0.9959,3.20,3.80
2007.11.30 07:40:20.978,0.99555,0.9959,3.20,3.80
2007.11.30 07:40:21.032,0.99555,0.9959,3.20,3.80
2007.11.30 07:40:21.079,0.99555,0.9959,3.20,3.80
2007.11.30 07:40:21.128,0.99555,0.9959,3.20,3.80
2007.11.30 07:40:21.177,0.99555,0.9959,3.20,3.80
2007.11.30 07:40:21.227,0.99555,0.9959,3.20,3.80
2007.11.30 07:40:21.276,0.99555,0.9959,3.20,3.80
2007.11.30 07:40:21.325,0.99555,0.9959,3.20,3.80
2007.11.30 07:40:21.373,0.99555,0.9959,3.20,3.80
2007.11.30 07:40:21.421,0.99555,0.9959,3.20,3.80
2007.11.30 07:40:21.472,0.99555,0.9959,3.20,3.80
2007.11.30 07:40:21.520,0.99555,0.9959,3.20,3.80
2007.11.30 07:40:21.578,0.99555,0.9959,3.20,3.80
2007.11.30 07:40:21.626,0.99555,0.9959,3.20,3.80
2007.11.30 07:40:21.811,0.99555,0.9959,3.20,3.80
2007.11.30 07:40:22.155,0.99555,0.9959,3.20,3.80
2007.11.30 07:40:22.490,0.99555,0.99585,3.20,4.80
2007.11.30 07:40:22.824,0.99555,0.99575,3.30,0.50
2007.11.30 07:40:23.048,0.99555,0.99575,3.30,0.50
2007.11.30 07:40:23.276,0.9956,0.9958,0.10,0.50
2007.11.30 07:40:23.500,0.9956,0.9958,0.10,0.50
2007.11.30 07:40:23.724,0.9956,0.9958,0.10,0.50
2007.11.30 07:40:23.948,0.9956,0.9958,0.10,0.50
2007.11.30 07:40:24.290,0.9956,0.9958,0.10,0.50
2007.11.30 07:40:24.616,0.9956,0.9958,0.10,0.50
2007.11.30 07:40:24.949,0.9956,0.9958,0.10,0.50
2007.11.30 07:40:25.178,0.9956,0.9958,0.10,0.50
2007.11.30 07:40:25.416,0.99555,0.9958,3.20,0.50
2007.11.30 07:40:25.643,0.99555,0.9958,3.20,0.50
2007.11.30 07:40:25.872,0.99555,0.99575,3.20,3.40
2007.11.30 07:40:26.194,0.99555,0.99575,3.20,3.40
2007.11.30 07:40:26.525,0.9956,0.99575,0.10,3.40
2007.11.30 07:40:26.849,0.9956,0.99575,0.10,3.40
2007.11.30 07:40:27.172,0.9956,0.9958,0.10,0.50
2007.11.30 07:40:27.445,0.9956,0.9958,0.10,0.50
2007.11.30 07:40:27.718,0.99555,0.9958,5.60,0.50
2007.11.30 07:40:27.992,0.99555,0.99575,3.20,3.40
2007.11.30 07:40:28.170,0.99555,0.99575,3.20,3.40
2007.11.30 07:40:28.348,0.99555,0.99575,3.20,3.40
2007.11.30 07:40:28.525,0.99555,0.99575,3.20,3.40
2007.11.30 07:40:28.705,0.99555,0.99575,3.20,3.40
2007.11.30 07:40:28.882,0.99555,0.99575,3.20,3.40
2007.11.30 07:40:29.061,0.99555,0.99575,3.20,3.40
2007.11.30 07:40:29.395,0.99555,0.99575,3.20,3.40
2007.11.30 07:40:29.726,0.99555,0.99575,3.20,3.40
2007.11.30 07:40:30.059,0.99555,0.99575,3.20,3.40
2007.11.30 07:40:30.268,0.99555,0.99575,3.20,3.40
2007.11.30 07:40:30.477,0.99555,0.99575,1.60,3.40
2007.11.30 07:40:30.687,0.99555,0.99575,1.60,3.40
2007.11.30 07:40:30.897,0.99555,0.99575,1.60,3.40
2007.11.30 07:40:31.104,0.99555,0.99575,1.60,3.40
2007.11.30 07:40:31.438,0.99555,0.99575,1.60,3.40
2007.11.30 07:40:31.780,0.99535,0.99575,0.40,3.40
2007.11.30 07:40:32.106,0.99535,0.99575,0.40,3.40
2007.11.30 07:40:32.309,0.99535,0.99575,0.40,3.40
2007.11.30 07:40:32.520,0.99535,0.99575,0.40,3.40
2007.11.30 07:40:32.723,0.99535,0.99575,0.40,3.40
2007.11.30 07:40:32.926,0.99535,0.99575,0.40,7.40
2007.11.30 07:40:33.129,0.99535,0.99575,0.40,7.40
2007.11.30 07:40:33.462,0.99535,0.99575,0.40,7.40
2007.11.30 07:40:33.794,0.99535,0.99575,0.40,7.40
2007.11.30 07:40:34.140,0.99535,0.99575,0.40,7.40
2007.11.30 07:40:34.357,0.99535,0.99575,0.40,7.40
2007.11.30 07:40:34.575,0.99535,0.99575,0.40,7.40
2007.11.30 07:40:34.793,0.99535,0.99575,0.40,7.40
2007.11.30 07:40:35.011,0.99535,0.99575,0.40,7.40
2007.11.30 07:40:35.239,0.99535,0.99575,0.40,7.40
2007.11.30 07:40:35.560,0.99535,0.99575,0.40,7.40
2007.11.30 07:40:35.888,0.99535,0.99575,0.40,7.40
2007.11.30 07:40:36.216,0.99535,0.99575,0.40,7.40
2007.11.30 07:40:36.435,0.99535,0.99575,0.40,7.40
2007.11.30 07:40:36.653,0.99545,0.99575,0.50,3.40
2007.11.30 07:40:36.871,0.99545,0.99575,0.50,3.40
2007.11.30 07:40:37.091,0.99545,0.99575,0.50,3.40
2007.11.30 07:40:37.308,0.99545,0.9958,0.50,3.80
2007.11.30 07:40:37.585,0.99545,0.9958,0.50,3.80
2007.11.30 07:40:37.864,0.99545,0.9958,0.50,3.80
2007.11.30 07:40:38.143,0.99545,0.9958,0.50,3.80
2007.11.30 07:40:38.421,0.99545,0.9958,0.50,3.80
2007.11.30 07:40:38.674,0.99545,0.9958,0.50,3.80
2007.11.30 07:40:38.928,0.99545,0.9956,0.50,0.50
2007.11.30 07:40:39.181,0.99545,0.9956,0.40,0.50
2007.11.30 07:40:39.434,0.99545,0.99555,0.40,0.50
2007.11.30 07:40:39.677,0.99545,0.99555,0.40,0.50
2007.11.30 07:40:39.922,0.99545,0.99555,0.40,0.50
2007.11.30 07:40:40.307,0.99545,0.99555,0.40,0.50
2007.11.30 07:40:40.548,0.99545,0.99555,0.40,0.50
2007.11.30 07:40:40.807,0.99545,0.99555,0.40,0.50
2007.11.30 07:40:41.064,0.99545,0.99555,0.40,0.50
2007.11.30 07:40:41.330,0.99545,0.99555,0.40,0.50
2007.11.30 07:40:41.590,0.99545,0.99555,0.40,0.50
2007.11.30 07:40:41.884,0.99545,0.99555,0.40,0.50
2007.11.30 07:40:42.177,0.99545,0.99555,0.40,0.50
2007.11.30 07:40:42.469,0.99545,0.99555,0.40,0.50
2007.11.30 07:40:42.763,0.99545,0.99555,0.40,0.50
2007.11.30 07:40:43.058,0.99545,0.99555,0.40,0.50
2007.11.30 07:40:43.351,0.99535,0.99555,0.10,0.50
2007.11.30 07:40:43.649,0.99535,0.99555,0.10,0.50
2007.11.30 07:40:43.884,0.99535,0.99555,0.10,0.50
2007.11.30 07:40:44.122,0.99535,0.99555,0.10,0.50
2007.11.30 07:40:44.360,0.99535,0.99555,0.10,0.50
2007.11.30 07:40:44.597,0.99535,0.99555,0.10,0.50
2007.11.30 07:40:44.834,0.99535,0.99555,0.10,0.50
2007.11.30 07:40:45.167,0.99535,0.99555,0.10,0.50
2007.11.30 07:40:45.501,0.99535,0.99555,0.10,0.50
2007.11.30 07:40:45.834,0.99535,0.99555,0.10,0.50
2007.11.30 07:40:46.064,0.99535,0.99555,0.10,0.50
2007.11.30 07:40:46.287,0.99535,0.99555,0.10,0.50
2007.11.30 07:40:46.509,0.99535,0.99555,0.10,0.50
2007.11.30 07:40:46.731,0.99535,0.99555,0.10,0.50
2007.11.30 07:40:47.014,0.99535,0.99555,0.10,0.50
2007.11.30 07:40:47.298,0.99535,0.99555,0.10,0.50
2007.11.30 07:40:47.581,0.99535,0.99555,0.10,0.50
2007.11.30 07:40:47.863,0.99535,0.99555,0.10,0.50
2007.11.30 07:40:48.147,0.99535,0.99555,0.10,0.50
2007.11.30 07:40:48.430,0.99535,0.99555,0.10,0.50
2007.11.30 07:40:48.712,0.99535,0.99555,0.10,0.50
2007.11.30 07:40:48.930,0.99535,0.99555,0.10,0.50
2007.11.30 07:40:49.148,0.99535,0.99555,0.10,0.50
2007.11.30 07:40:49.366,0.99535,0.99555,0.10,0.50
2007.11.30 07:40:49.478,0.99535,0.99555,0.10,0.50
2007.11.30 07:40:49.584,0.99535,0.99555,0.10,0.50
2007.11.30 07:40:49.801,0.99535,0.9956,0.10,1.00
2007.11.30 07:40:50.115,0.99535,0.9956,0.10,1.00
2007.11.30 07:40:50.427,0.99535,0.9956,0.10,1.00
2007.11.30 07:40:50.740,0.99535,0.9956,0.10,1.00
2007.11.30 07:40:51.054,0.9953,0.9955,0.10,0.50
2007.11.30 07:40:51.283,0.9953,0.99555,0.10,7.30
2007.11.30 07:40:51.511,0.9953,0.9955,0.10,0.50
2007.11.30 07:40:51.740,0.9953,0.9955,0.10,0.50
2007.11.30 07:40:51.968,0.9953,0.9955,0.10,0.50
2007.11.30 07:40:52.232,0.9953,0.99555,0.10,7.30
2007.11.30 07:40:52.651,0.9953,0.99555,0.10,7.30
2007.11.30 07:40:52.915,0.9953,0.9955,0.10,0.50
2007.11.30 07:40:53.131,0.9953,0.9955,0.10,0.50
2007.11.30 07:40:53.352,0.99525,0.9955,0.70,1.00
2007.11.30 07:40:53.566,0.99525,0.99545,0.70,0.50
2007.11.30 07:40:53.778,0.99525,0.9955,0.70,1.00
2007.11.30 07:40:53.991,0.99525,0.99545,0.70,0.50
2007.11.30 07:40:54.300,0.99525,0.9955,0.10,1.00
2007.11.30 07:40:54.608,0.99525,0.9955,0.10,1.00
2007.11.30 07:40:54.915,0.99525,0.9955,0.10,1.00
2007.11.30 07:40:55.223,0.99525,0.9955,0.10,1.00
2007.11.30 07:40:55.476,0.99525,0.99545,0.10,0.50
2007.11.30 07:40:55.729,0.99525,0.9955,0.10,1.00
2007.11.30 07:40:55.982,0.99525,0.9955,0.10,1.00
2007.11.30 07:40:56.235,0.99525,0.9955,0.10,1.00
2007.11.30 07:40:56.519,0.99525,0.9955,0.10,1.00
2007.11.30 07:40:56.802,0.99525,0.9955,0.10,1.00
2007.11.30 07:40:57.087,0.9953,0.9955,0.10,0.50
2007.11.30 07:40:57.391,0.9953,0.99555,0.10,7.30
2007.11.30 07:40:57.701,0.9953,0.99555,0.10,7.30
2007.11.30 07:40:58.006,0.99525,0.99545,0.10,0.50
2007.11.30 07:40:58.312,0.99525,0.99545,0.10,0.50
2007.11.30 07:40:58.556,0.99525,0.99545,0.10,0.50
2007.11.30 07:40:58.830,0.99515,0.99535,2.80,1.00
2007.11.30 07:40:59.082,0.99515,0.99535,2.80,4.90
2007.11.30 07:40:59.332,0.99515,0.9953,0.50,0.50
2007.11.30 07:40:59.590,0.99515,0.99535,0.50,7.30
2007.11.30 07:40:59.857,0.99515,0.9953,0.50,0.50
2007.11.30 07:41:00.114,0.99515,0.9953,0.50,0.50
2007.11.30 07:41:00.423,0.99515,0.99535,0.50,7.30
2007.11.30 07:41:00.730,0.99515,0.9953,0.50,0.50
2007.11.30 07:41:01.039,0.99515,0.99535,0.50,7.30
2007.11.30 07:41:01.346,0.99515,0.99535,0.50,7.30
2007.11.30 07:41:01.659,0.99515,0.9953,0.50,0.50
2007.11.30 07:41:01.972,0.99515,0.99535,0.50,7.30
2007.11.30 07:41:02.287,0.99515,0.99535,0.50,7.30
2007.11.30 07:41:02.494,0.99515,0.99535,0.50,7.30
2007.11.30 07:41:02.702,0.99515,0.99535,0.50,7.30
2007.11.30 07:41:02.910,0.99515,0.9953,0.50,0.50
2007.11.30 07:41:03.118,0.99515,0.99535,0.50,7.30
2007.11.30 07:41:03.325,0.99515,0.99535,0.50,7.30
2007.11.30 07:41:03.600,0.9951,0.99535,0.10,7.30
2007.11.30 07:41:03.874,0.99505,0.99525,0.10,0.50
2007.11.30 07:41:04.147,0.99505,0.9953,0.10,1.00
2007.11.30 07:41:04.370,0.99505,0.9953,0.10,1.00
2007.11.30 07:41:04.594,0.99505,0.99525,0.10,0.50
2007.11.30 07:41:04.817,0.99505,0.99525,0.10,0.50
2007.11.30 07:41:05.040,0.99505,0.99525,0.10,0.50
2007.11.30 07:41:05.270,0.99505,0.99525,0.10,0.50
2007.11.30 07:41:05.507,0.99505,0.99525,0.10,0.50
2007.11.30 07:41:05.745,0.99505,0.9953,0.10,1.00
2007.11.30 07:41:05.983,0.99505,0.99525,0.10,0.50
2007.11.30 07:41:06.221,0.99505,0.99525,0.10,0.50
2007.11.30 07:41:06.459,0.9951,0.9953,0.10,0.50
2007.11.30 07:41:06.782,0.9951,0.99535,0.10,7.30
2007.11.30 07:41:07.106,0.99515,0.9954,0.10,1.00
2007.11.30 07:41:07.430,0.9951,0.9955,0.10,11.80
2007.11.30 07:41:07.638,0.9951,0.99555,0.10,21.60
2007.11.30 07:41:07.847,0.9951,0.99555,0.10,21.60
2007.11.30 07:41:08.055,0.9951,0.9955,0.10,0.90
2007.11.30 07:41:08.264,0.9951,0.99555,0.10,19.20
2007.11.30 07:41:08.473,0.9951,0.9955,0.10,0.90
2007.11.30 07:41:08.791,0.9951,0.99555,0.10,19.20
2007.11.30 07:41:09.109,0.9951,0.99555,0.10,19.20
2007.11.30 07:41:09.428,0.9951,0.9955,0.10,0.60
2007.11.30 07:41:09.620,0.9951,0.9955,0.10,0.70
2007.11.30 07:41:09.813,0.9951,0.99555,0.10,19.20
2007.11.30 07:41:10.006,0.99515,0.9954,0.10,1.00
2007.11.30 07:41:10.200,0.99515,0.9954,0.10,1.00
2007.11.30 07:41:10.393,0.99515,0.9954,0.10,1.00
2007.11.30 07:41:10.656,0.99515,0.99535,0.10,0.50
2007.11.30 07:41:10.919,0.99515,0.99535,0.10,0.50
2007.11.30 07:41:11.183,0.99515,0.99535,0.10,0.50
2007.11.30 07:41:11.449,0.99515,0.99535,0.10,0.50
2007.11.30 07:41:11.706,0.99515,0.9954,0.10,1.00
2007.11.30 07:41:11.965,0.99515,0.99535,0.10,0.50
2007.11.30 07:41:12.231,0.99515,0.9954,0.10,1.00
2007.11.30 07:41:12.488,0.99515,0.9954,0.10,1.00
2007.11.30 07:41:12.777,0.99515,0.9954,0.10,1.00
2007.11.30 07:41:13.066,0.99515,0.9954,0.10,1.00
2007.11.30 07:41:13.355,0.99515,0.99535,0.10,0.50
2007.11.30 07:41:13.643,0.99515,0.9954,0.10,1.00
2007.11.30 07:41:13.927,0.99515,0.9954,0.10,1.00
2007.11.30 07:41:14.212,0.99515,0.99535,0.10,0.50
2007.11.30 07:41:14.495,0.99515,0.9954,0.10,1.00
2007.11.30 07:41:14.722,0.99515,0.99535,0.10,0.50
2007.11.30 07:41:14.951,0.99515,0.9954,0.10,1.00
2007.11.30 07:41:15.178,0.99515,0.9954,0.10,1.00
2007.11.30 07:41:15.406,0.99515,0.99535,0.10,0.50
2007.11.30 07:41:15.635,0.99515,0.9954,0.10,1.00
2007.11.30 07:41:15.963,0.99515,0.99535,0.10,0.50
2007.11.30 07:41:16.298,0.99515,0.9954,0.10,1.00
2007.11.30 07:41:16.628,0.99515,0.9954,0.10,1.00
2007.11.30 07:41:16.862,0.99515,0.9954,0.10,1.00
2007.11.30 07:41:17.094,0.99515,0.9954,0.10,1.00
2007.11.30 07:41:17.329,0.99515,0.99535,0.10,0.50
2007.11.30 07:41:17.564,0.99515,0.9954,0.10,1.00
2007.11.30 07:41:17.792,0.99515,0.99535,0.10,0.50
2007.11.30 07:41:18.020,0.99515,0.99535,0.10,0.50
2007.11.30 07:41:18.255,0.99515,0.9954,0.10,1.00
2007.11.30 07:41:18.482,0.99515,0.9954,0.10,1.00
2007.11.30 07:41:18.710,0.99515,0.99535,0.10,0.50
2007.11.30 07:41:18.964,0.99515,0.99535,0.10,0.50
2007.11.30 07:41:19.219,0.99515,0.99535,0.10,0.50
2007.11.30 07:41:19.472,0.99515,0.99535,0.10,0.50
2007.11.30 07:41:19.725,0.99515,0.99535,0.10,0.50
2007.11.30 07:41:20.057,0.99515,0.99535,0.10,0.50
2007.11.30 07:41:20.391,0.99515,0.99535,0.10,0.50
2007.11.30 07:41:20.723,0.99515,0.99535,0.10,0.50
2007.11.30 07:41:20.943,0.99515,0.99535,0.10,0.50
2007.11.30 07:41:21.155,0.99515,0.99535,0.10,0.50
2007.11.30 07:41:21.369,0.99505,0.9954,3.20,0.50
2007.11.30 07:41:21.582,0.99505,0.9954,2.40,3.80
2007.11.30 07:41:21.796,0.995,0.9954,0.10,3.80
2007.11.30 07:41:22.125,0.995,0.9954,0.10,3.80
2007.11.30 07:41:22.454,0.995,0.9954,0.10,3.80
2007.11.30 07:41:22.782,0.995,0.9954,0.10,3.80
2007.11.30 07:41:23.026,0.99495,0.9954,4.80,3.80
2007.11.30 07:41:23.271,0.99495,0.9953,2.40,3.40
2007.11.30 07:41:23.516,0.99485,0.9953,10.80,3.40
2007.11.30 07:41:23.761,0.99485,0.9953,0.60,3.40
2007.11.30 07:41:24.049,0.99485,0.9953,0.60,3.40
2007.11.30 07:41:24.338,0.99485,0.9953,0.60,3.40
2007.11.30 07:41:24.628,0.99485,0.9953,0.60,7.40
2007.11.30 07:41:24.916,0.99485,0.9953,0.60,7.40
2007.11.30 07:41:25.171,0.99485,0.99505,0.40,4.20
2007.11.30 07:41:25.430,0.99485,0.99505,0.40,6.60
2007.11.30 07:41:25.685,0.99485,0.99515,0.40,2.40
2007.11.30 07:41:25.939,0.99485,0.9952,0.40,3.80
2007.11.30 07:41:26.222,0.99485,0.9952,0.40,3.80
2007.11.30 07:41:26.497,0.99505,0.9952,0.10,3.40
2007.11.30 07:41:26.771,0.99505,0.99525,0.10,0.50
2007.11.30 07:41:27.050,0.995,0.99535,0.10,8.80
2007.11.30 07:41:27.302,0.995,0.9954,0.10,7.80
2007.11.30 07:41:27.556,0.995,0.9954,0.10,7.80
2007.11.30 07:41:27.822,0.995,0.9954,0.10,7.80
2007.11.30 07:41:28.074,0.995,0.9954,0.10,7.80
2007.11.30 07:41:28.337,0.995,0.9954,0.10,7.80
2007.11.30 07:41:28.600,0.995,0.9954,0.10,7.80
2007.11.30 07:41:28.863,0.99495,0.99515,2.50,0.50
2007.11.30 07:41:29.127,0.99495,0.99515,2.50,4.40
2007.11.30 07:41:29.408,0.99495,0.99515,0.10,4.40
2007.11.30 07:41:29.682,0.99495,0.99515,0.10,4.40
2007.11.30 07:41:29.963,0.99495,0.99515,0.10,4.40
2007.11.30 07:41:30.237,0.99495,0.99515,0.10,4.40
2007.11.30 07:41:30.501,0.99495,0.99515,0.10,4.40
2007.11.30 07:41:30.764,0.99495,0.99515,0.10,4.40
2007.11.30 07:41:31.028,0.99495,0.99515,0.10,0.50
2007.11.30 07:41:31.293,0.995,0.9952,0.10,0.50
2007.11.30 07:41:31.523,0.99505,0.99525,0.10,0.50
2007.11.30 07:41:31.752,0.99505,0.99525,0.10,0.50
2007.11.30 07:41:31.982,0.995,0.99535,0.10,6.40
2007.11.30 07:41:32.211,0.995,0.9954,0.10,7.80
2007.11.30 07:41:32.446,0.995,0.9954,0.10,7.80
2007.11.30 07:41:32.665,0.995,0.9954,0.10,0.50
2007.11.30 07:41:32.759,0.995,0.99545,0.10,18.40
2007.11.30 07:41:33.072,0.995,0.9954,0.10,0.90
2007.11.30 07:41:33.387,0.99515,0.9954,0.10,8.30
2007.11.30 07:41:33.580,0.99515,0.9954,0.10,8.30
2007.11.30 07:41:33.774,0.99515,0.9954,0.10,1.00
2007.11.30 07:41:33.967,0.99505,0.9954,2.40,0.50
2007.11.30 07:41:34.161,0.995,0.9954,0.10,0.50
2007.11.30 07:41:34.363,0.995,0.99545,0.10,16.00
2007.11.30 07:41:34.662,0.99505,0.99525,0.10,0.70
2007.11.30 07:41:34.960,0.99505,0.99525,0.10,0.50
2007.11.30 07:41:35.258,0.99505,0.9953,0.10,7.20
2007.11.30 07:41:35.556,0.99505,0.9953,0.10,7.20
2007.11.30 07:41:35.826,0.99505,0.99525,0.10,0.50
2007.11.30 07:41:36.037,0.9951,0.99535,0.10,9.80
2007.11.30 07:41:36.245,0.9951,0.9953,0.10,0.50
2007.11.30 07:41:36.452,0.9951,0.99535,0.10,4.90
2007.11.30 07:41:36.771,0.9951,0.99535,0.10,4.90
2007.11.30 07:41:37.090,0.9951,0.9953,0.10,0.50
2007.11.30 07:41:37.407,0.9951,0.99535,0.10,4.90
2007.11.30 07:41:37.727,0.9951,0.9953,0.10,0.50
2007.11.30 07:41:37.983,0.9951,0.99535,0.10,4.90
2007.11.30 07:41:38.243,0.9951,0.99535,0.10,4.90
2007.11.30 07:41:38.501,0.9951,0.9953,0.10,0.50
2007.11.30 07:41:38.703,0.9951,0.9953,0.10,0.50
2007.11.30 07:41:38.906,0.9951,0.9953,0.10,0.50
2007.11.30 07:41:39.110,0.9951,0.9953,0.10,0.50
2007.11.30 07:41:39.314,0.9951,0.9953,0.10,0.50
2007.11.30 07:41:39.516,0.9951,0.99535,0.10,4.90
2007.11.30 07:41:39.720,0.9951,0.9953,0.10,0.50
2007.11.30 07:41:40.033,0.9951,0.99535,0.10,4.90
2007.11.30 07:41:40.346,0.9951,0.99535,0.10,4.90
2007.11.30 07:41:40.659,0.9951,0.99535,0.10,4.90
2007.11.30 07:41:40.866,0.9951,0.99535,0.10,4.90
2007.11.30 07:41:41.075,0.9951,0.99535,0.10,4.90
2007.11.30 07:41:41.283,0.9951,0.9953,0.10,0.50
2007.11.30 07:41:41.491,0.9951,0.99535,0.10,4.90
2007.11.30 07:41:41.701,0.9951,0.99535,0.10,4.90
2007.11.30 07:41:41.996,0.9951,0.99535,0.10,4.90
2007.11.30 07:41:42.289,0.9951,0.99535,0.10,4.90
2007.11.30 07:41:42.583,0.9951,0.9953,0.10,0.50
2007.11.30 07:41:42.877,0.9951,0.99535,0.10,4.90
2007.11.30 07:41:43.085,0.9951,0.9953,0.10,0.50
2007.11.30 07:41:43.294,0.9951,0.9953,0.10,0.50
2007.11.30 07:41:43.501,0.9951,0.99535,0.10,4.90
2007.11.30 07:41:43.708,0.9951,0.99535,0.10,4.90
2007.11.30 07:41:44.042,0.9951,0.99535,0.10,4.90
2007.11.30 07:41:44.378,0.9951,0.9953,0.10,0.50
2007.11.30 07:41:44.711,0.9951,0.99535,0.10,4.90
2007.11.30 07:41:44.949,0.9951,0.9953,0.10,0.50
2007.11.30 07:41:45.188,0.9951,0.99535,0.10,4.90
2007.11.30 07:41:45.427,0.9951,0.99535,0.10,4.90
2007.11.30 07:41:45.664,0.9951,0.9953,0.10,0.50
2007.11.30 07:41:45.947,0.9951,0.9953,0.10,0.50
2007.11.30 07:41:46.230,0.9951,0.99535,0.10,4.90
2007.11.30 07:41:46.513,0.9951,0.99535,0.10,4.90
2007.11.30 07:41:46.796,0.9951,0.99535,0.10,4.90
2007.11.30 07:41:46.984,0.9951,0.9953,0.10,0.50
2007.11.30 07:41:47.172,0.9951,0.99535,0.10,4.90
2007.11.30 07:41:47.359,0.9951,0.99535,0.10,4.90
2007.11.30 07:41:47.548,0.9951,0.99535,0.10,4.90
2007.11.30 07:41:47.736,0.9951,0.99535,0.10,4.90
2007.11.30 07:41:48.169,0.9951,0.9953,0.10,0.50
2007.11.30 07:41:48.514,0.9951,0.9953,0.10,0.50
2007.11.30 07:41:48.848,0.9951,0.9953,0.10,0.50
2007.11.30 07:41:49.077,0.9951,0.9953,0.10,0.50
2007.11.30 07:41:49.302,0.9951,0.99535,0.10,4.90
2007.11.30 07:41:49.532,0.9951,0.99535,0.10,4.90
2007.11.30 07:41:49.760,0.9951,0.99535,0.10,4.90
2007.11.30 07:41:50.054,0.9951,0.99535,0.10,4.90
2007.11.30 07:41:50.343,0.9951,0.9953,0.10,0.50
2007.11.30 07:41:50.637,0.9951,0.99535,0.10,4.90
2007.11.30 07:41:50.921,0.9951,0.99535,0.10,4.90
2007.11.30 07:41:51.212,0.9951,0.99535,0.10,4.90
2007.11.30 07:41:51.507,0.9951,0.9953,0.10,0.50
2007.11.30 07:41:51.794,0.9951,0.9953,0.10,0.50
2007.11.30 07:41:52.028,0.9951,0.99535,0.10,4.90
2007.11.30 07:41:52.261,0.9951,0.9953,0.10,0.50
2007.11.30 07:41:52.495,0.9951,0.9953,0.10,0.50
2007.11.30 07:41:52.728,0.9951,0.9953,0.10,0.50
2007.11.30 07:41:52.965,0.9951,0.9953,0.10,0.50
2007.11.30 07:41:53.298,0.9951,0.99535,0.10,4.90
2007.11.30 07:41:53.631,0.9951,0.99535,0.10,4.90
2007.11.30 07:41:53.964,0.9951,0.99535,0.10,4.90
2007.11.30 07:41:54.153,0.9951,0.99535,0.10,4.90
2007.11.30 07:41:54.343,0.9951,0.99535,0.10,4.90
2007.11.30 07:41:54.530,0.9951,0.9953,0.10,0.50
2007.11.30 07:41:54.719,0.9951,0.9953,0.10,0.50
2007.11.30 07:41:54.913,0.9951,0.99535,0.10,4.90
2007.11.30 07:41:55.206,0.9951,0.9953,0.10,0.50
2007.11.30 07:41:55.499,0.9951,0.9953,0.10,0.50
2007.11.30 07:41:55.792,0.9951,0.9953,0.10,0.50
2007.11.30 07:41:56.093,0.9951,0.99535,0.10,4.90
2007.11.30 07:41:56.391,0.9951,0.9953,0.10,0.50
2007.11.30 07:41:56.689,0.9951,0.9953,0.10,0.50
2007.11.30 07:41:56.987,0.9951,0.99535,0.10,4.90
2007.11.30 07:41:57.211,0.9951,0.99535,0.10,4.90
2007.11.30 07:41:57.432,0.9951,0.99535,0.10,4.90
2007.11.30 07:41:57.666,0.9951,0.9953,0.10,0.50
2007.11.30 07:41:57.890,0.9951,0.99535,0.10,4.90
2007.11.30 07:41:58.113,0.9951,0.99535,0.10,4.90
2007.11.30 07:41:58.432,0.9951,0.99535,0.10,4.90
2007.11.30 07:41:58.751,0.9951,0.99535,0.10,4.90
2007.11.30 07:41:59.068,0.9951,0.99535,0.10,4.90
2007.11.30 07:41:59.286,0.9951,0.99535,0.10,4.90
2007.11.30 07:41:59.504,0.9951,0.99535,0.10,4.90
2007.11.30 07:41:59.723,0.9951,0.99535,0.10,4.90
2007.11.30 07:41:59.941,0.9951,0.99535,0.10,4.90
2007.11.30 07:42:00.161,0.9951,0.99535,0.10,4.90
2007.11.30 07:42:00.502,0.9951,0.99535,0.10,4.90
2007.11.30 07:42:00.798,0.9951,0.99535,0.10,4.90
2007.11.30 07:42:01.077,0.9951,0.9953,0.10,0.50
2007.11.30 07:42:01.366,0.9951,0.9953,0.10,0.50
2007.11.30 07:42:01.620,0.9951,0.9953,0.10,0.50
2007.11.30 07:42:01.872,0.9951,0.9953,0.10,0.50
2007.11.30 07:42:02.132,0.9951,0.9953,0.10,0.50
2007.11.30 07:42:02.386,0.9951,0.9953,0.10,0.50
2007.11.30 07:42:02.654,0.9951,0.9953,0.10,0.50
2007.11.30 07:42:02.922,0.9951,0.9953,0.10,0.50
2007.11.30 07:42:03.190,0.9951,0.9953,0.10,0.50
2007.11.30 07:42:03.458,0.9951,0.9953,0.10,0.50
2007.11.30 07:42:03.794,0.9951,0.9953,0.10,0.50
2007.11.30 07:42:04.115,0.9951,0.9953,0.10,0.50
2007.11.30 07:42:04.444,0.9951,0.9953,0.10,0.50
2007.11.30 07:42:04.678,0.9951,0.9953,0.10,0.50
2007.11.30 07:42:04.916,0.9951,0.9953,0.10,0.50
2007.11.30 07:42:05.150,0.9951,0.9953,0.10,0.50
2007.11.30 07:42:05.386,0.9951,0.9953,0.10,0.50
2007.11.30 07:42:05.687,0.9951,0.9953,0.10,0.50
2007.11.30 07:42:05.995,0.9951,0.9953,0.10,0.50
2007.11.30 07:42:06.298,0.9951,0.9954,2.40,19.20
2007.11.30 07:42:06.664,0.9951,0.9954,2.40,19.20
2007.11.30 07:42:06.908,0.99485,0.9954,4.00,9.00
2007.11.30 07:42:07.150,0.99485,0.9954,4.00,5.00
2007.11.30 07:42:07.394,0.99485,0.9954,4.00,5.00
2007.11.30 07:42:07.636,0.99485,0.9954,4.00,5.00
2007.11.30 07:42:07.883,0.99485,0.9954,4.00,5.00
2007.11.30 07:42:08.132,0.99495,0.9954,4.00,5.00
2007.11.30 07:42:08.379,0.99495,0.9954,4.00,5.00
2007.11.30 07:42:08.629,0.99495,0.9954,4.00,5.00
2007.11.30 07:42:08.936,0.99495,0.9954,4.00,5.00
2007.11.30 07:42:09.244,0.99495,0.9954,4.00,5.00
2007.11.30 07:42:09.553,0.99495,0.9954,4.00,5.00
2007.11.30 07:42:09.765,0.99495,0.9954,4.00,5.00
2007.11.30 07:42:09.981,0.99495,0.9954,4.00,5.00
2007.11.30 07:42:10.202,0.99495,0.9954,4.00,5.00
2007.11.30 07:42:10.407,0.99495,0.9954,4.00,5.00
2007.11.30 07:42:10.620,0.99495,0.9954,4.00,5.00
2007.11.30 07:42:10.960,0.99495,0.9954,4.00,5.00
2007.11.30 07:42:11.293,0.995,0.9954,4.00,5.00
2007.11.30 07:42:11.626,0.995,0.9954,4.00,5.00
2007.11.30 07:42:11.859,0.995,0.9954,4.00,5.00
2007.11.30 07:42:12.092,0.99505,0.9954,4.00,5.00
2007.11.30 07:42:12.324,0.99505,0.9954,4.00,5.00
2007.11.30 07:42:12.557,0.99505,0.9954,4.00,5.00
2007.11.30 07:42:12.850,0.99505,0.9954,4.00,5.00
2007.11.30 07:42:13.143,0.9951,0.9954,2.40,14.60
2007.11.30 07:42:13.437,0.9951,0.9954,2.40,14.60
2007.11.30 07:42:13.730,0.9951,0.9954,2.40,14.60
2007.11.30 07:42:14.015,0.9951,0.9954,2.40,14.60
2007.11.30 07:42:14.297,0.9951,0.9954,2.40,14.60
2007.11.30 07:42:14.578,0.9951,0.9954,2.40,14.60
2007.11.30 07:42:14.820,0.9951,0.9954,2.40,14.60
2007.11.30 07:42:15.063,0.9951,0.9954,2.40,14.60
2007.11.30 07:42:15.306,0.9951,0.9954,2.40,14.60
2007.11.30 07:42:15.549,0.9951,0.9954,2.40,14.60
2007.11.30 07:42:15.791,0.9951,0.9954,2.40,14.60
2007.11.30 07:42:15.925,0.9951,0.9954,1.60,14.60
2007.11.30 07:42:16.099,0.99505,0.9954,6.40,14.60
2007.11.30 07:42:16.414,0.99505,0.9954,6.40,14.60
2007.11.30 07:42:16.722,0.9951,0.9954,1.40,14.60
2007.11.30 07:42:16.985,0.9951,0.9954,0.60,14.60
2007.11.30 07:42:17.248,0.99505,0.9954,6.40,14.60
2007.11.30 07:42:17.511,0.9951,0.9954,1.10,14.60
2007.11.30 07:42:17.774,0.9951,0.9954,1.40,14.60
2007.11.30 07:42:18.043,0.99505,0.9954,6.40,14.60
2007.11.30 07:42:18.312,0.9951,0.9954,1.00,14.60
2007.11.30 07:42:18.579,0.9951,0.9954,1.10,14.60
2007.11.30 07:42:19.000,0.99505,0.9954,6.40,14.60
2007.11.30 07:42:19.290,0.99515,0.99535,0.10,0.50
2007.11.30 07:42:19.578,0.99515,0.99535,0.10,0.50
2007.11.30 07:42:19.874,0.99515,0.99535,0.10,0.50
2007.11.30 07:42:20.105,0.99505,0.9954,7.10,0.50
2007.11.30 07:42:20.344,0.9951,0.9954,4.10,0.50
2007.11.30 07:42:20.583,0.99515,0.9954,2.50,0.50
2007.11.30 07:42:20.822,0.9952,0.9954,0.10,0.50
2007.11.30 07:42:21.071,0.99515,0.9954,2.50,0.50
2007.11.30 07:42:21.328,0.9952,0.9954,0.10,0.50
2007.11.30 07:42:21.569,0.99525,0.99545,0.10,0.50
2007.11.30 07:42:21.817,0.99515,0.99545,2.50,0.50
2007.11.30 07:42:22.091,0.99515,0.99555,1.20,9.80
2007.11.30 07:42:22.364,0.99505,0.99555,12.70,3.40
2007.11.30 07:42:22.638,0.99505,0.9955,10.30,3.80
2007.11.30 07:42:22.861,0.99505,0.9955,10.30,3.80
2007.11.30 07:42:23.085,0.99505,0.9955,10.30,3.80
2007.11.30 07:42:23.307,0.99505,0.9955,10.30,3.80
2007.11.30 07:42:23.531,0.99505,0.9955,10.30,3.80
2007.11.30 07:42:23.755,0.9951,0.9955,0.60,3.80
2007.11.30 07:42:24.022,0.99505,0.9955,10.30,3.80
2007.11.30 07:42:24.289,0.99505,0.9955,10.30,3.80
2007.11.30 07:42:24.558,0.99505,0.9955,10.30,3.80
2007.11.30 07:42:24.826,0.9951,0.9955,2.00,3.80
2007.11.30 07:42:25.174,0.99505,0.9955,10.30,3.80
2007.11.30 07:42:25.439,0.9951,0.9955,1.40,3.80
2007.11.30 07:42:25.708,0.99515,0.99535,0.10,0.50
2007.11.30 07:42:25.929,0.9951,0.99535,4.10,0.50
2007.11.30 07:42:26.158,0.9951,0.99535,4.10,0.50
2007.11.30 07:42:26.385,0.9951,0.99535,4.10,0.50
2007.11.30 07:42:26.613,0.9951,0.99535,4.10,0.50
2007.11.30 07:42:26.841,0.99515,0.99535,0.10,0.50
2007.11.30 07:42:27.170,0.9951,0.99535,4.10,0.50
2007.11.30 07:42:27.498,0.9951,0.99535,4.10,0.50
2007.11.30 07:42:27.826,0.9951,0.99535,4.10,0.50
2007.11.30 07:42:28.034,0.9951,0.99535,4.10,0.50
2007.11.30 07:42:28.241,0.9951,0.99535,4.10,0.50
2007.11.30 07:42:28.449,0.9951,0.99535,4.10,0.50
2007.11.30 07:42:28.657,0.9951,0.99535,4.10,0.50
2007.11.30 07:42:28.864,0.9951,0.99535,4.10,0.50
2007.11.30 07:42:29.153,0.99515,0.99535,0.10,0.50
2007.11.30 07:42:29.441,0.99515,0.99535,0.10,0.50
2007.11.30 07:42:29.729,0.9951,0.99535,4.10,0.50
2007.11.30 07:42:30.017,0.9951,0.99535,4.10,0.50
2007.11.30 07:42:30.235,0.9951,0.99535,4.10,0.50
2007.11.30 07:42:30.452,0.99515,0.99535,0.10,0.50
2007.11.30 07:42:30.671,0.99525,0.99555,2.50,13.20
2007.11.30 07:42:30.889,0.99535,0.99555,0.10,6.80
2007.11.30 07:42:31.346,0.99525,0.9955,0.60,3.80
2007.11.30 07:42:31.638,0.99505,0.9955,10.30,3.80
2007.11.30 07:42:31.930,0.99505,0.9955,10.30,3.80
2007.11.30 07:42:32.164,0.99505,0.9955,10.30,3.80
2007.11.30 07:42:32.406,0.99505,0.9955,10.30,3.80
2007.11.30 07:42:32.632,0.9951,0.9955,0.90,3.80
2007.11.30 07:42:32.865,0.99505,0.9955,10.30,3.80
2007.11.30 07:42:33.099,0.9951,0.99535,4.10,0.50
2007.11.30 07:42:33.404,0.9951,0.99535,4.10,0.50
2007.11.30 07:42:33.708,0.9951,0.99535,4.10,0.50
2007.11.30 07:42:34.011,0.9951,0.99535,4.10,0.50
2007.11.30 07:42:34.254,0.9951,0.99535,4.10,0.50
2007.11.30 07:42:34.497,0.99515,0.99535,0.10,0.50
2007.11.30 07:42:34.749,0.9951,0.99535,4.10,0.50
2007.11.30 07:42:34.992,0.9951,0.99535,4.10,0.50
2007.11.30 07:42:35.285,0.9951,0.99535,4.10,0.50
2007.11.30 07:42:35.578,0.99515,0.99535,0.10,0.50
2007.11.30 07:42:35.871,0.9951,0.99535,4.10,0.50
2007.11.30 07:42:36.167,0.9951,0.99535,4.10,0.50
2007.11.30 07:42:36.402,0.99515,0.99535,0.10,0.50
2007.11.30 07:42:36.622,0.99515,0.99535,0.10,0.50
2007.11.30 07:42:36.858,0.9951,0.99535,4.10,0.50
2007.11.30 07:42:37.086,0.9951,0.99535,4.10,0.50
2007.11.30 07:42:37.504,0.99515,0.99535,0.10,0.50
2007.11.30 07:42:37.811,0.99515,0.99535,0.10,0.50
2007.11.30 07:42:38.119,0.99515,0.99535,0.10,0.50
2007.11.30 07:42:38.287,0.99515,0.99535,0.10,0.50
2007.11.30 07:42:38.455,0.9951,0.99535,4.10,0.50
2007.11.30 07:42:38.623,0.9951,0.99535,4.10,0.50
2007.11.30 07:42:38.792,0.99515,0.99535,0.10,0.50
2007.11.30 07:42:38.960,0.9951,0.99535,4.10,0.50
2007.11.30 07:42:39.133,0.9951,0.99535,4.10,0.50
2007.11.30 07:42:39.436,0.9951,0.99535,4.10,0.50
2007.11.30 07:42:39.744,0.99545,0.99555,0.10,2.40
2007.11.30 07:42:40.053,0.99535,0.9956,0.70,0.50
2007.11.30 07:42:40.301,0.99525,0.99555,8.80,3.40
2007.11.30 07:42:40.550,0.99525,0.99555,1.50,3.40
2007.11.30 07:42:40.798,0.99505,0.99555,10.50,3.40
2007.11.30 07:42:41.046,0.9951,0.99555,0.60,3.40
2007.11.30 07:42:41.323,0.99505,0.99555,10.50,3.40
2007.11.30 07:42:41.602,0.99505,0.99555,10.50,3.40
2007.11.30 07:42:41.879,0.9951,0.99555,0.70,3.40
2007.11.30 07:42:42.158,0.99505,0.9955,10.50,3.80
2007.11.30 07:42:42.389,0.9951,0.9955,2.00,3.80
2007.11.30 07:42:42.607,0.99515,0.9955,0.70,3.80
2007.11.30 07:42:42.825,0.9951,0.9955,6.50,3.80
2007.11.30 07:42:43.043,0.9951,0.9955,6.50,3.80
2007.11.30 07:42:43.366,0.99515,0.9955,1.40,3.80
2007.11.30 07:42:43.689,0.9951,0.9955,6.50,3.80
2007.11.30 07:42:44.012,0.9951,0.9955,6.50,3.80
2007.11.30 07:42:44.335,0.9951,0.9955,6.50,3.80
2007.11.30 07:42:44.567,0.9951,0.9955,6.50,3.80
2007.11.30 07:42:44.801,0.99515,0.9955,0.70,3.80
2007.11.30 07:42:45.035,0.99515,0.9955,0.60,3.80
2007.11.30 07:42:45.267,0.99515,0.9955,2.40,3.80
2007.11.30 07:42:45.566,0.99515,0.9955,2.40,3.80
2007.11.30 07:42:45.864,0.99515,0.9955,2.40,3.80
2007.11.30 07:42:46.169,0.99515,0.9955,2.40,3.80
2007.11.30 07:42:46.382,0.99515,0.9955,2.40,3.80
2007.11.30 07:42:46.594,0.99515,0.9955,2.40,3.80
2007.11.30 07:42:46.807,0.99515,0.9955,2.40,3.80
2007.11.30 07:42:47.019,0.99515,0.9955,2.40,3.80
2007.11.30 07:42:47.235,0.99515,0.9955,2.40,3.80
2007.11.30 07:42:47.547,0.99515,0.9955,2.40,3.80
2007.11.30 07:42:47.860,0.99515,0.9955,2.40,3.80
2007.11.30 07:42:48.174,0.99515,0.9955,2.40,3.80
2007.11.30 07:42:48.488,0.99515,0.9955,2.40,3.80
2007.11.30 07:42:48.796,0.99515,0.9955,2.40,3.80
2007.11.30 07:42:49.104,0.99515,0.9955,2.40,3.80
2007.11.30 07:42:49.220,0.99515,0.99555,2.40,8.20
2007.11.30 07:42:49.411,0.99515,0.9955,2.40,3.80
2007.11.30 07:42:49.655,0.99515,0.9955,2.40,3.80
2007.11.30 07:42:49.898,0.99515,0.9955,2.40,3.80
2007.11.30 07:42:50.140,0.99515,0.9955,2.40,3.80
2007.11.30 07:42:50.384,0.99515,0.9955,2.40,3.80
2007.11.30 07:42:50.627,0.99515,0.9955,2.40,3.80
2007.11.30 07:42:50.869,0.99515,0.9955,2.40,3.80
2007.11.30 07:42:51.112,0.99515,0.9955,2.40,3.80
2007.11.30 07:42:51.356,0.99515,0.9955,2.40,3.80
2007.11.30 07:42:51.669,0.99515,0.9955,2.40,3.80
2007.11.30 07:42:51.952,0.99515,0.9955,2.40,3.80
2007.11.30 07:42:52.250,0.99515,0.9955,2.40,3.80
2007.11.30 07:42:52.549,0.99515,0.9955,2.40,3.80
2007.11.30 07:42:52.778,0.99515,0.9955,2.40,3.80
2007.11.30 07:42:53.007,0.99515,0.9955,2.40,3.80
2007.11.30 07:42:53.234,0.99515,0.9955,2.40,3.80
2007.11.30 07:42:53.462,0.99515,0.9955,2.40,3.80
2007.11.30 07:42:53.765,0.99515,0.9955,2.40,3.80
2007.11.30 07:42:54.068,0.99515,0.9955,2.40,3.80
2007.11.30 07:42:54.370,0.99515,0.9955,2.40,3.80
2007.11.30 07:42:54.672,0.99515,0.9955,2.40,3.80
2007.11.30 07:42:54.905,0.99515,0.9955,2.40,3.80
2007.11.30 07:42:55.139,0.99515,0.9955,2.40,3.80
2007.11.30 07:42:55.372,0.99515,0.9955,2.40,3.80
2007.11.30 07:42:55.605,0.99515,0.9955,2.40,3.80
2007.11.30 07:42:56.004,0.99515,0.9955,2.40,3.80
2007.11.30 07:42:56.335,0.99515,0.9955,2.40,3.80
2007.11.30 07:42:56.669,0.99515,0.9955,2.40,3.80
2007.11.30 07:42:56.862,0.99515,0.9955,2.40,3.80
2007.11.30 07:42:57.056,0.99515,0.9955,2.40,3.80
2007.11.30 07:42:57.248,0.99515,0.9955,2.40,3.80
2007.11.30 07:42:57.443,0.99515,0.9955,2.40,3.80
2007.11.30 07:42:57.635,0.99515,0.9955,2.40,3.80
2007.11.30 07:42:57.830,0.99515,0.9955,2.40,3.80
2007.11.30 07:42:58.143,0.99515,0.9955,2.40,3.80
2007.11.30 07:42:58.456,0.99515,0.9955,2.40,3.80
2007.11.30 07:42:58.768,0.99515,0.9955,2.40,3.80
2007.11.30 07:42:58.998,0.99515,0.9955,2.40,3.80
2007.11.30 07:42:59.225,0.99515,0.9955,2.40,3.80
2007.11.30 07:42:59.452,0.99515,0.9955,2.40,3.80
2007.11.30 07:42:59.680,0.99515,0.9955,2.40,3.80
2007.11.30 07:42:59.908,0.99515,0.9955,2.40,3.80
2007.11.30 07:43:00.181,0.99515,0.9955,2.40,3.80
2007.11.30 07:43:00.455,0.99515,0.9955,2.40,3.80
2007.11.30 07:43:00.728,0.99515,0.9955,2.40,3.80
2007.11.30 07:43:00.961,0.99515,0.9955,2.40,3.80
2007.11.30 07:43:01.195,0.99515,0.9955,2.40,3.80
2007.11.30 07:43:01.428,0.99515,0.9955,2.40,3.80
2007.11.30 07:43:01.661,0.99515,0.9955,2.40,3.80
2007.11.30 07:43:01.896,0.99535,0.9955,0.40,3.80
2007.11.30 07:43:02.229,0.99535,0.9955,0.40,3.80
2007.11.30 07:43:02.569,0.99535,0.9955,0.40,3.80
2007.11.30 07:43:02.902,0.99535,0.9955,0.40,3.80
2007.11.30 07:43:03.128,0.99535,0.9955,0.40,3.80
2007.11.30 07:43:03.352,0.99535,0.9955,0.40,3.80
2007.11.30 07:43:03.581,0.99535,0.9955,0.40,3.80
2007.11.30 07:43:03.796,0.99535,0.9955,0.40,3.80
2007.11.30 07:43:04.021,0.99535,0.9955,0.40,3.80
2007.11.30 07:43:04.353,0.99535,0.9955,0.40,3.80
2007.11.30 07:43:04.686,0.99535,0.9955,0.40,3.80
2007.11.30 07:43:05.022,0.99535,0.9955,0.40,3.80
2007.11.30 07:43:05.226,0.99535,0.9955,0.40,3.80
2007.11.30 07:43:05.428,0.99535,0.9955,0.40,3.80
2007.11.30 07:43:05.631,0.99535,0.9955,0.40,3.80
2007.11.30 07:43:05.835,0.99535,0.9955,0.40,3.80
2007.11.30 07:43:06.037,0.99535,0.9955,0.40,3.80
2007.11.30 07:43:06.356,0.99535,0.9955,0.40,3.80
2007.11.30 07:43:06.674,0.99535,0.9955,0.40,3.80
2007.11.30 07:43:06.993,0.99535,0.9955,0.40,3.80
2007.11.30 07:43:07.206,0.99535,0.9955,0.40,3.80
2007.11.30 07:43:07.419,0.99535,0.9955,0.40,3.80
2007.11.30 07:43:07.633,0.99535,0.9955,0.40,3.80
2007.11.30 07:43:07.845,0.99535,0.9955,0.40,3.80
2007.11.30 07:43:08.064,0.99535,0.9955,0.40,3.80
2007.11.30 07:43:08.348,0.99535,0.9955,0.40,3.80
2007.11.30 07:43:08.633,0.99535,0.9955,0.40,3.80
2007.11.30 07:43:08.917,0.99535,0.9955,0.40,3.80
2007.11.30 07:43:09.203,0.99535,0.9955,0.40,3.80
2007.11.30 07:43:09.473,0.99535,0.9955,0.40,3.80
2007.11.30 07:43:09.729,0.99535,0.9955,0.40,3.80
2007.11.30 07:43:09.987,0.99535,0.9955,0.40,3.80
2007.11.30 07:43:10.279,0.99535,0.9955,0.40,3.80
2007.11.30 07:43:10.567,0.99535,0.9955,0.40,3.80
2007.11.30 07:43:10.855,0.99535,0.9955,0.40,3.80
2007.11.30 07:43:11.141,0.99535,0.9955,0.40,3.80
2007.11.30 07:43:11.365,0.99535,0.9955,0.40,3.80
2007.11.30 07:43:11.591,0.99535,0.9955,0.40,3.80
2007.11.30 07:43:11.813,0.99535,0.9955,0.40,3.80
2007.11.30 07:43:12.036,0.99535,0.9955,0.40,3.80
2007.11.30 07:43:12.258,0.9954,0.9955,0.40,5.80
2007.11.30 07:43:12.577,0.9954,0.9955,0.40,5.80
2007.11.30 07:43:12.895,0.9954,0.9955,0.40,5.80
2007.11.30 07:43:13.213,0.9954,0.9955,0.40,5.80
2007.11.30 07:43:13.427,0.9954,0.9955,0.40,5.80
2007.11.30 07:43:13.639,0.9954,0.9955,0.40,5.80
2007.11.30 07:43:13.852,0.9954,0.9955,0.40,5.80
2007.11.30 07:43:14.065,0.9954,0.9955,0.40,5.80
2007.11.30 07:43:14.277,0.9954,0.9955,0.40,5.80
2007.11.30 07:43:14.569,0.9954,0.9955,0.40,5.80
2007.11.30 07:43:14.862,0.9954,0.9955,0.40,5.80
2007.11.30 07:43:15.155,0.9954,0.9955,0.40,5.80
2007.11.30 07:43:15.448,0.9954,0.9955,0.40,5.80
2007.11.30 07:43:15.636,0.9954,0.9955,0.40,5.80
2007.11.30 07:43:15.822,0.9954,0.9955,0.40,5.80
2007.11.30 07:43:16.010,0.9954,0.9955,0.40,5.80
2007.11.30 07:43:16.198,0.9954,0.9955,0.40,5.80
2007.11.30 07:43:16.466,0.9954,0.9955,0.40,5.80
2007.11.30 07:43:16.734,0.9954,0.9955,0.40,5.80
2007.11.30 07:43:17.002,0.9954,0.9955,0.40,5.80
2007.11.30 07:43:17.270,0.9954,0.9955,0.40,5.80
2007.11.30 07:43:17.537,0.9954,0.9955,0.40,5.80
2007.11.30 07:43:17.780,0.9954,0.9955,0.40,5.80
2007.11.30 07:43:18.023,0.9954,0.9955,0.40,5.80
2007.11.30 07:43:18.265,0.9954,0.9955,0.40,5.80
2007.11.30 07:43:18.507,0.9954,0.9955,0.40,5.80
2007.11.30 07:43:18.715,0.9954,0.9955,0.40,5.80
2007.11.30 07:43:18.922,0.9954,0.9955,0.40,5.80
2007.11.30 07:43:19.131,0.9954,0.9955,0.40,5.80
2007.11.30 07:43:19.338,0.9954,0.9955,0.40,5.80
2007.11.30 07:43:19.546,0.9954,0.9955,0.40,5.80
2007.11.30 07:43:19.764,0.9954,0.9955,0.40,5.80
2007.11.30 07:43:19.982,0.9954,0.9955,0.40,5.80
2007.11.30 07:43:20.199,0.9954,0.9955,0.40,5.80
2007.11.30 07:43:20.418,0.9954,0.9955,0.40,5.80
2007.11.30 07:43:20.692,0.9954,0.9955,0.40,5.80
2007.11.30 07:43:20.966,0.9954,0.9955,0.40,5.80
2007.11.30 07:43:21.238,0.9954,0.9955,0.40,5.80
2007.11.30 07:43:21.511,0.9954,0.9955,0.40,5.80
2007.11.30 07:43:21.698,0.9954,0.9955,0.40,5.80
2007.11.30 07:43:21.887,0.9954,0.9955,0.40,5.80
2007.11.30 07:43:22.079,0.9954,0.9955,0.40,5.80
2007.11.30 07:43:22.268,0.9954,0.9955,0.40,5.80
2007.11.30 07:43:22.456,0.9954,0.9955,0.40,5.80
2007.11.30 07:43:22.644,0.9954,0.9955,0.40,5.80
2007.11.30 07:43:22.901,0.9954,0.9955,0.40,5.80
2007.11.30 07:43:23.158,0.9954,0.9955,0.40,5.80
2007.11.30 07:43:23.416,0.9954,0.9955,0.40,5.80
2007.11.30 07:43:23.673,0.9954,0.9955,0.40,5.80
2007.11.30 07:43:23.916,0.9954,0.9955,0.40,5.80
2007.11.30 07:43:24.159,0.9954,0.9955,0.40,5.80
2007.11.30 07:43:24.402,0.9954,0.9955,0.40,5.80
2007.11.30 07:43:24.644,0.9954,0.9955,0.40,5.80
2007.11.30 07:43:24.907,0.9954,0.9955,0.40,5.80
2007.11.30 07:43:25.170,0.9954,0.9955,0.40,5.80
2007.11.30 07:43:25.434,0.9954,0.9955,0.40,5.80
2007.11.30 07:43:25.698,0.9954,0.9955,0.40,5.80
2007.11.30 07:43:25.961,0.9954,0.9955,0.40,5.80
2007.11.30 07:43:26.223,0.9954,0.9955,0.40,5.80
2007.11.30 07:43:26.486,0.9954,0.9955,0.40,5.80
2007.11.30 07:43:26.865,0.9954,0.9955,0.40,5.80
2007.11.30 07:43:27.147,0.9954,0.9955,0.40,5.80
2007.11.30 07:43:27.430,0.9954,0.9955,0.40,5.80
2007.11.30 07:43:27.718,0.9954,0.9955,0.40,5.80
2007.11.30 07:43:27.945,0.9954,0.9955,0.40,5.80
2007.11.30 07:43:28.171,0.9954,0.9955,0.40,5.80
2007.11.30 07:43:28.399,0.9954,0.9955,0.40,5.80
2007.11.30 07:43:28.626,0.9954,0.9955,0.40,5.80
2007.11.30 07:43:28.697,0.9954,0.9956,0.40,36.70
2007.11.30 07:43:28.854,0.9954,0.9956,0.40,36.70
2007.11.30 07:43:29.082,0.9954,0.9956,0.40,36.70
2007.11.30 07:43:29.311,0.9954,0.9955,0.40,0.60
2007.11.30 07:43:29.538,0.9954,0.9955,0.40,0.60
2007.11.30 07:43:29.767,0.9954,0.9955,0.40,5.80
2007.11.30 07:43:30.045,0.9954,0.9955,0.40,5.80
2007.11.30 07:43:30.323,0.9954,0.9955,0.40,5.80
2007.11.30 07:43:30.601,0.9954,0.9955,0.40,5.80
2007.11.30 07:43:30.879,0.9954,0.9955,0.40,5.80
2007.11.30 07:43:31.072,0.9954,0.9955,0.40,5.80
2007.11.30 07:43:31.265,0.9954,0.9955,0.40,5.80
2007.11.30 07:43:31.458,0.9954,0.9955,0.40,5.80
2007.11.30 07:43:31.651,0.9954,0.9955,0.40,5.80
2007.11.30 07:43:31.984,0.9954,0.9955,0.40,5.80
2007.11.30 07:43:32.316,0.9954,0.9955,0.40,5.80
2007.11.30 07:43:32.648,0.9954,0.9955,0.40,5.80
2007.11.30 07:43:33.030,0.9954,0.9955,0.40,5.80
2007.11.30 07:43:33.212,0.9954,0.9955,0.40,5.80
2007.11.30 07:43:33.405,0.9954,0.9955,0.40,5.80
2007.11.30 07:43:33.587,0.9954,0.9955,0.40,5.80
2007.11.30 07:43:33.771,0.9954,0.9955,0.40,5.80
2007.11.30 07:43:34.023,0.9954,0.9955,0.40,5.80
2007.11.30 07:43:34.276,0.9954,0.9955,0.40,5.80
2007.11.30 07:43:34.529,0.9954,0.9955,0.40,5.80
2007.11.30 07:43:34.783,0.9954,0.9955,0.40,5.80
2007.11.30 07:43:35.020,0.9954,0.9955,0.40,5.80
2007.11.30 07:43:35.258,0.9954,0.9955,0.40,5.80
2007.11.30 07:43:35.504,0.9954,0.9955,0.40,5.80
2007.11.30 07:43:35.742,0.9954,0.9955,0.40,5.80
2007.11.30 07:43:35.980,0.9954,0.9955,0.40,5.80
2007.11.30 07:43:36.314,0.9954,0.9955,0.40,5.80
2007.11.30 07:43:36.647,0.9954,0.9955,0.40,5.80
2007.11.30 07:43:36.979,0.9954,0.9955,0.40,5.80
2007.11.30 07:43:37.223,0.9954,0.9955,0.40,5.80
2007.11.30 07:43:37.474,0.9954,0.9955,0.40,5.80
2007.11.30 07:43:37.717,0.9954,0.9955,0.40,5.80
2007.11.30 07:43:37.959,0.9954,0.9955,0.40,5.80
2007.11.30 07:43:38.247,0.9954,0.9955,0.40,5.80
2007.11.30 07:43:38.535,0.9954,0.9955,0.40,5.80
2007.11.30 07:43:38.823,0.9954,0.9955,0.40,5.80
2007.11.30 07:43:39.201,0.9954,0.9955,0.40,5.80
2007.11.30 07:43:39.432,0.9954,0.9955,0.40,5.80
2007.11.30 07:43:39.665,0.9954,0.9955,0.40,5.80
2007.11.30 07:43:39.898,0.9954,0.9955,0.40,5.80
2007.11.30 07:43:40.130,0.9954,0.9955,0.40,5.80
2007.11.30 07:43:40.334,0.9954,0.9955,0.40,5.80
2007.11.30 07:43:40.537,0.9954,0.9955,0.40,5.80
2007.11.30 07:43:40.739,0.9954,0.9955,0.40,5.80
2007.11.30 07:43:40.942,0.9954,0.9955,0.40,5.80
2007.11.30 07:43:41.145,0.9954,0.9955,0.40,5.80
2007.11.30 07:43:41.368,0.9954,0.9955,0.40,5.80
2007.11.30 07:43:41.590,0.9954,0.9955,0.40,5.80
2007.11.30 07:43:41.813,0.9954,0.9955,0.40,5.80
2007.11.30 07:43:42.035,0.9954,0.9955,0.40,5.80
2007.11.30 07:43:42.258,0.9954,0.9955,0.40,5.80
2007.11.30 07:43:42.586,0.9954,0.9955,0.40,3.40
2007.11.30 07:43:42.913,0.9954,0.9955,0.40,3.40
2007.11.30 07:43:43.241,0.9954,0.9955,0.40,3.40
2007.11.30 07:43:43.463,0.9954,0.9955,0.40,3.40
2007.11.30 07:43:43.686,0.9954,0.9955,0.40,3.40
2007.11.30 07:43:43.909,0.9954,0.9955,0.40,3.40
2007.11.30 07:43:44.133,0.9954,0.9955,0.40,3.40
2007.11.30 07:43:44.356,0.9954,0.9955,0.40,3.40
2007.11.30 07:43:44.690,0.9954,0.9955,0.40,5.80
2007.11.30 07:43:45.022,0.9954,0.9955,0.40,5.80
2007.11.30 07:43:45.378,0.9954,0.9955,0.40,5.80
2007.11.30 07:43:45.571,0.9954,0.9955,0.40,5.80
2007.11.30 07:43:45.763,0.9954,0.9955,0.40,5.80
2007.11.30 07:43:45.955,0.9954,0.9955,0.40,5.80
2007.11.30 07:43:46.148,0.9954,0.9955,0.40,5.80
2007.11.30 07:43:46.341,0.9954,0.9955,0.40,5.80
2007.11.30 07:43:46.533,0.9954,0.9955,0.40,5.80
2007.11.30 07:43:46.867,0.9954,0.9955,0.40,6.40
2007.11.30 07:43:47.200,0.9954,0.9955,0.40,6.40
2007.11.30 07:43:47.535,0.9954,0.9955,0.40,6.40
2007.11.30 07:43:47.720,0.9954,0.9955,0.40,6.40
2007.11.30 07:43:47.908,0.9954,0.9955,0.40,6.40
2007.11.30 07:43:48.095,0.9954,0.9955,0.40,6.40
2007.11.30 07:43:48.282,0.9954,0.9955,0.40,6.40
2007.11.30 07:43:48.470,0.9954,0.9955,0.40,6.40
2007.11.30 07:43:48.658,0.9954,0.9955,0.40,6.40
2007.11.30 07:43:48.931,0.9954,0.9955,0.40,6.40
2007.11.30 07:43:49.204,0.9954,0.9955,0.40,6.40
2007.11.30 07:43:49.477,0.9954,0.9955,0.40,6.40
2007.11.30 07:43:49.751,0.9954,0.9955,0.40,6.40
2007.11.30 07:43:49.973,0.9954,0.9955,0.40,6.40
2007.11.30 07:43:50.197,0.9954,0.9955,0.40,6.40
2007.11.30 07:43:50.425,0.9954,0.9955,0.40,6.40
2007.11.30 07:43:50.642,0.9954,0.9955,0.40,6.40
2007.11.30 07:43:50.885,0.9954,0.9955,0.40,6.40
2007.11.30 07:43:51.128,0.9954,0.9955,0.40,6.40
2007.11.30 07:43:51.371,0.9954,0.9955,0.40,6.40
2007.11.30 07:43:51.614,0.9954,0.9955,0.40,6.40
2007.11.30 07:43:51.800,0.9954,0.9955,0.40,6.40
2007.11.30 07:43:51.978,0.9954,0.9955,0.40,6.40
2007.11.30 07:43:52.155,0.9954,0.9955,0.40,6.40
2007.11.30 07:43:52.333,0.9954,0.9955,0.40,6.40
2007.11.30 07:43:52.510,0.9954,0.9955,0.40,6.40
2007.11.30 07:43:52.690,0.99535,0.9954,0.40,0.50
2007.11.30 07:43:53.023,0.99535,0.9954,0.05,0.50
2007.11.30 07:43:53.359,0.99535,0.9954,0.05,0.50
2007.11.30 07:43:53.691,0.99535,0.9954,0.05,0.50
2007.11.30 07:43:53.919,0.99535,0.9954,0.05,0.50
2007.11.30 07:43:54.149,0.99535,0.9954,0.05,0.50
2007.11.30 07:43:54.378,0.99535,0.9954,0.05,0.50
2007.11.30 07:43:54.605,0.99535,0.9954,0.05,0.50
2007.11.30 07:43:54.833,0.99535,0.9954,0.05,0.50
2007.11.30 07:43:55.095,0.99535,0.9954,0.05,0.50
2007.11.30 07:43:55.359,0.99535,0.9954,0.05,0.50
2007.11.30 07:43:55.623,0.99535,0.9954,0.05,0.50
2007.11.30 07:43:55.885,0.99535,0.9954,0.05,0.50
2007.11.30 07:43:56.111,0.99535,0.9954,0.05,0.50
2007.11.30 07:43:56.335,0.99535,0.9954,0.05,0.50
2007.11.30 07:43:56.558,0.99535,0.9954,0.05,0.50
2007.11.30 07:43:56.780,0.99535,0.9954,0.05,0.50
2007.11.30 07:43:57.050,0.99535,0.9954,0.05,0.50
2007.11.30 07:43:57.318,0.99535,0.9954,0.05,0.50
2007.11.30 07:43:57.714,0.99535,0.9954,0.05,0.50
2007.11.30 07:43:57.914,0.99535,0.9954,0.05,0.50
2007.11.30 07:43:58.113,0.99535,0.9954,0.05,0.50
2007.11.30 07:43:58.312,0.99535,0.9954,0.05,0.50
2007.11.30 07:43:58.509,0.99535,0.9954,0.05,0.50
2007.11.30 07:43:58.708,0.99535,0.9954,0.05,0.50
2007.11.30 07:43:58.907,0.99535,0.9954,0.05,0.50
2007.11.30 07:43:59.194,0.99535,0.9954,0.05,0.50
2007.11.30 07:43:59.487,0.99535,0.9954,0.05,0.50
2007.11.30 07:43:59.775,0.99535,0.9954,0.05,0.50
2007.11.30 07:43:59.983,0.99535,0.9954,0.05,0.50
2007.11.30 07:44:00.193,0.99535,0.9954,0.05,0.50
2007.11.30 07:44:00.400,0.99535,0.9954,0.05,0.50
2007.11.30 07:44:00.609,0.99535,0.9954,0.05,0.50
2007.11.30 07:44:00.817,0.99535,0.9954,0.05,0.50
2007.11.30 07:44:01.122,0.99535,0.9954,0.05,0.50
2007.11.30 07:44:01.412,0.99535,0.9954,0.05,0.50
2007.11.30 07:44:01.711,0.99535,0.9954,0.05,0.50
2007.11.30 07:44:02.012,0.99535,0.9954,0.05,0.50
2007.11.30 07:44:02.236,0.99535,0.9954,0.05,0.50
2007.11.30 07:44:02.459,0.99535,0.9954,0.05,0.50
2007.11.30 07:44:02.681,0.99535,0.9954,0.05,0.50
2007.11.30 07:44:02.904,0.99535,0.9954,0.05,0.50
2007.11.30 07:44:03.157,0.99535,0.9954,0.05,0.50
2007.11.30 07:44:03.410,0.99535,0.9954,0.05,0.50
2007.11.30 07:44:03.663,0.99535,0.9954,0.05,0.50
2007.11.30 07:44:03.916,0.99535,0.9954,0.05,0.50
2007.11.30 07:44:04.114,0.99535,0.9954,0.05,0.50
2007.11.30 07:44:04.312,0.99535,0.9954,0.05,0.50
2007.11.30 07:44:04.509,0.99535,0.9954,0.05,0.50
2007.11.30 07:44:04.706,0.99535,0.9954,0.05,0.50
2007.11.30 07:44:04.910,0.99535,0.9954,0.05,0.50
2007.11.30 07:44:05.243,0.99535,0.9954,0.05,0.50
2007.11.30 07:44:05.576,0.99535,0.9954,0.05,0.50
2007.11.30 07:44:05.912,0.99535,0.9954,0.05,0.50
2007.11.30 07:44:06.126,0.99535,0.9954,0.05,0.50
2007.11.30 07:44:06.345,0.99535,0.9954,0.05,0.50
2007.11.30 07:44:06.557,0.99535,0.9954,0.05,0.50
2007.11.30 07:44:06.771,0.99535,0.9954,0.05,0.50
2007.11.30 07:44:06.984,0.99535,0.9954,0.05,0.50
2007.11.30 07:44:07.222,0.99535,0.9954,0.05,0.50
2007.11.30 07:44:07.459,0.99535,0.9954,0.05,0.50
2007.11.30 07:44:07.697,0.99535,0.9954,0.05,0.50
2007.11.30 07:44:07.936,0.99535,0.9954,0.05,0.50
2007.11.30 07:44:08.175,0.99535,0.9954,0.05,0.50
2007.11.30 07:44:08.402,0.99535,0.9954,0.05,0.50
2007.11.30 07:44:08.631,0.99535,0.9954,0.05,0.50
2007.11.30 07:44:08.865,0.99535,0.9954,0.05,0.50
2007.11.30 07:44:09.092,0.99535,0.9954,0.05,0.50
2007.11.30 07:44:09.300,0.99535,0.9954,0.05,0.50
2007.11.30 07:44:09.508,0.99535,0.9954,0.05,0.50
2007.11.30 07:44:09.717,0.99535,0.9954,0.05,0.50
2007.11.30 07:44:10.052,0.99535,0.9954,0.05,0.50
2007.11.30 07:44:10.296,0.99535,0.9954,0.05,0.50
2007.11.30 07:44:10.539,0.99535,0.9954,0.05,0.50
2007.11.30 07:44:10.784,0.99535,0.9954,0.05,0.50
2007.11.30 07:44:11.028,0.99535,0.9954,0.05,0.50
2007.11.30 07:44:11.272,0.99535,0.9954,0.05,0.50
2007.11.30 07:44:11.556,0.99535,0.9954,0.05,0.50
2007.11.30 07:44:11.840,0.99535,0.9954,0.05,0.50
2007.11.30 07:44:12.122,0.99535,0.9954,0.05,0.50
2007.11.30 07:44:12.290,0.99535,0.9954,0.05,0.50
2007.11.30 07:44:12.460,0.99535,0.9954,0.05,0.50
2007.11.30 07:44:12.628,0.99535,0.9954,0.05,0.50
2007.11.30 07:44:12.795,0.99535,0.9954,0.05,0.50
2007.11.30 07:44:12.962,0.99535,0.9954,0.05,0.50
2007.11.30 07:44:13.131,0.99535,0.9954,0.05,0.50
2007.11.30 07:44:13.459,0.99535,0.9954,0.05,0.50
2007.11.30 07:44:13.787,0.99535,0.9954,0.05,0.50
2007.11.30 07:44:14.115,0.99535,0.9954,0.05,0.50
2007.11.30 07:44:14.442,0.99535,0.9954,0.05,0.50
2007.11.30 07:44:14.655,0.99535,0.9954,0.05,0.50
2007.11.30 07:44:14.869,0.99535,0.9954,0.05,0.50
2007.11.30 07:44:15.083,0.99535,0.9954,0.05,0.50
2007.11.30 07:44:15.296,0.99535,0.9954,0.05,0.50
2007.11.30 07:44:15.593,0.99535,0.9954,0.05,0.50
2007.11.30 07:44:15.892,0.99535,0.9954,0.05,0.50
2007.11.30 07:44:16.233,0.99535,0.9954,0.05,0.50
2007.11.30 07:44:16.451,0.99535,0.9954,0.05,0.50
2007.11.30 07:44:16.671,0.99535,0.9954,0.05,0.50
2007.11.30 07:44:16.890,0.99535,0.9954,0.05,0.50
2007.11.30 07:44:17.111,0.99515,0.99535,2.50,0.50
2007.11.30 07:44:17.328,0.99515,0.99535,2.50,0.50
2007.11.30 07:44:17.651,0.99515,0.99535,2.50,0.50
2007.11.30 07:44:17.958,0.99515,0.99535,2.50,0.50
2007.11.30 07:44:18.267,0.99515,0.99535,2.50,0.50
2007.11.30 07:44:18.585,0.99515,0.99535,2.50,0.50
2007.11.30 07:44:18.812,0.99515,0.99535,2.50,0.50
2007.11.30 07:44:19.051,0.99515,0.99535,2.50,0.50
2007.11.30 07:44:19.288,0.99515,0.99535,2.50,0.50
2007.11.30 07:44:19.525,0.99515,0.99535,2.50,0.50
2007.11.30 07:44:19.773,0.99515,0.99535,2.50,0.50
2007.11.30 07:44:20.021,0.99515,0.99535,2.50,0.50
2007.11.30 07:44:20.273,0.99515,0.99535,2.50,0.50
2007.11.30 07:44:20.520,0.99515,0.99535,2.50,0.50
2007.11.30 07:44:20.778,0.99515,0.99535,2.50,0.50
2007.11.30 07:44:21.037,0.99515,0.99535,2.50,0.50
2007.11.30 07:44:21.294,0.99515,0.99535,2.50,0.50
2007.11.30 07:44:21.552,0.99515,0.99535,2.50,0.50
2007.11.30 07:44:21.839,0.99515,0.99535,2.50,0.50
2007.11.30 07:44:22.128,0.99515,0.99535,2.50,0.50
2007.11.30 07:44:22.416,0.99515,0.99535,2.50,0.50
2007.11.30 07:44:22.703,0.9952,0.9955,2.40,23.20
2007.11.30 07:44:22.936,0.9952,0.9955,2.40,23.20
2007.11.30 07:44:23.168,0.9952,0.9955,2.40,25.60
2007.11.30 07:44:23.402,0.9952,0.9955,2.40,25.60
2007.11.30 07:44:23.643,0.9952,0.9955,2.40,25.60
2007.11.30 07:44:23.870,0.99515,0.9955,2.40,2.80
2007.11.30 07:44:24.140,0.99515,0.9955,2.40,2.00
2007.11.30 07:44:24.408,0.99515,0.9955,2.40,0.50
2007.11.30 07:44:24.677,0.99515,0.9955,2.40,0.50
2007.11.30 07:44:24.945,0.99515,0.9955,2.40,0.50
2007.11.30 07:44:25.208,0.99515,0.9955,2.40,0.50
2007.11.30 07:44:25.471,0.99515,0.9955,2.40,0.50
2007.11.30 07:44:25.740,0.99515,0.9955,2.40,0.50
2007.11.30 07:44:26.000,0.99515,0.9955,2.40,0.50
2007.11.30 07:44:26.268,0.99515,0.9955,2.40,0.50
2007.11.30 07:44:26.537,0.99515,0.9955,2.40,0.50
2007.11.30 07:44:26.804,0.99515,0.9955,2.40,0.50
2007.11.30 07:44:27.072,0.99515,0.9955,2.40,0.50
2007.11.30 07:44:27.385,0.99515,0.9955,2.40,0.50
2007.11.30 07:44:27.698,0.99515,0.9955,2.40,0.50
2007.11.30 07:44:28.011,0.99515,0.9955,2.40,0.50
2007.11.30 07:44:28.240,0.99515,0.9955,2.40,0.50
2007.11.30 07:44:28.570,0.99515,0.9955,2.40,0.50
2007.11.30 07:44:28.798,0.99515,0.9955,2.40,0.50
2007.11.30 07:44:29.029,0.99515,0.9955,2.40,0.50
2007.11.30 07:44:29.272,0.99515,0.9955,2.40,0.50
2007.11.30 07:44:29.515,0.99515,0.9955,2.40,0.50
2007.11.30 07:44:29.757,0.99515,0.9955,2.40,0.50
2007.11.30 07:44:30.000,0.99515,0.9955,2.40,0.50
2007.11.30 07:44:30.243,0.99515,0.9955,2.40,0.50
2007.11.30 07:44:30.482,0.99515,0.9955,2.40,0.50
2007.11.30 07:44:30.719,0.99515,0.9955,2.40,0.50
2007.11.30 07:44:30.958,0.99515,0.9955,2.40,0.50
2007.11.30 07:44:31.196,0.99515,0.9955,2.40,0.50
2007.11.30 07:44:31.426,0.99515,0.9955,2.40,0.50
2007.11.30 07:44:31.652,0.99515,0.9955,2.40,0.50
2007.11.30 07:44:31.880,0.99515,0.9955,2.40,0.50
2007.11.30 07:44:32.108,0.99515,0.9955,2.40,0.50
2007.11.30 07:44:32.336,0.99515,0.9955,2.40,0.50
2007.11.30 07:44:32.584,0.99515,0.9955,2.40,0.50
2007.11.30 07:44:32.832,0.99515,0.9955,2.40,0.50
2007.11.30 07:44:33.081,0.99515,0.9955,2.40,0.50
2007.11.30 07:44:33.097,0.99515,0.9955,2.40,0.50
2007.11.30 07:44:33.328,0.99515,0.9955,2.40,0.50
2007.11.30 07:44:33.532,0.99515,0.99555,2.40,11.30
2007.11.30 07:44:33.734,0.99515,0.99555,2.40,11.30
2007.11.30 07:44:33.937,0.99515,0.99555,2.40,11.30
2007.11.30 07:44:34.140,0.99515,0.99555,2.40,11.30
2007.11.30 07:44:34.342,0.99515,0.9955,2.40,0.50
2007.11.30 07:44:34.714,0.99515,0.99555,2.40,11.30
2007.11.30 07:44:34.783,0.99515,0.99555,2.40,11.30
2007.11.30 07:44:35.001,0.99515,0.9955,2.40,0.50
2007.11.30 07:44:35.219,0.99515,0.99555,2.40,11.30
2007.11.30 07:44:35.437,0.99515,0.99555,2.40,11.30
2007.11.30 07:44:35.664,0.99515,0.99555,2.40,11.30
2007.11.30 07:44:35.892,0.99515,0.9955,2.40,0.50
2007.11.30 07:44:36.120,0.99515,0.99555,2.40,11.30
2007.11.30 07:44:36.348,0.99515,0.99555,2.40,11.30
2007.11.30 07:44:36.576,0.99515,0.99555,2.40,11.30
2007.11.30 07:44:36.847,0.99515,0.99555,2.40,11.30
2007.11.30 07:44:37.114,0.99515,0.99555,2.40,11.30
2007.11.30 07:44:37.383,0.99515,0.99555,2.40,11.30
2007.11.30 07:44:37.652,0.99515,0.9955,2.40,0.50
2007.11.30 07:44:37.901,0.99515,0.99555,2.40,11.30
2007.11.30 07:44:38.149,0.99515,0.9955,2.40,0.50
2007.11.30 07:44:38.398,0.99515,0.99555,2.40,11.30
2007.11.30 07:44:38.648,0.99515,0.9955,2.40,0.50
2007.11.30 07:44:38.846,0.99515,0.99555,2.40,11.30
2007.11.30 07:44:39.044,0.99515,0.99555,2.40,11.30
2007.11.30 07:44:39.242,0.99515,0.99555,2.40,11.30
2007.11.30 07:44:39.439,0.99515,0.99555,2.40,11.30
2007.11.30 07:44:39.638,0.99515,0.99555,2.40,11.30
2007.11.30 07:44:39.872,0.99515,0.9955,2.40,0.50
2007.11.30 07:44:40.111,0.99515,0.9955,2.40,0.50
2007.11.30 07:44:40.338,0.99515,0.99555,2.40,11.30
2007.11.30 07:44:40.571,0.99515,0.99555,2.40,11.30
2007.11.30 07:44:40.885,0.99515,0.99555,2.40,11.30
2007.11.30 07:44:41.138,0.99515,0.99555,2.40,11.30
2007.11.30 07:44:41.392,0.99515,0.99555,2.40,11.30
2007.11.30 07:44:41.645,0.99515,0.9955,2.40,0.50
2007.11.30 07:44:41.858,0.99515,0.99555,2.40,11.30
2007.11.30 07:44:42.078,0.99515,0.99555,2.40,11.30
2007.11.30 07:44:42.291,0.99515,0.9955,2.40,0.50
2007.11.30 07:44:42.503,0.99515,0.99555,2.40,11.30
2007.11.30 07:44:42.716,0.99515,0.99555,2.40,11.30
2007.11.30 07:44:43.044,0.99515,0.99555,2.40,11.30
2007.11.30 07:44:43.377,0.99515,0.99555,2.40,11.30
2007.11.30 07:44:43.703,0.99515,0.99555,2.40,11.30
2007.11.30 07:44:43.894,0.99515,0.99555,2.40,11.30
2007.11.30 07:44:44.071,0.99515,0.99555,2.40,11.30
2007.11.30 07:44:44.250,0.99515,0.9955,2.40,0.50
2007.11.30 07:44:44.428,0.99515,0.9955,2.40,0.50
2007.11.30 07:44:44.605,0.99515,0.9955,2.40,0.50
2007.11.30 07:44:44.784,0.99515,0.9955,2.40,0.50
2007.11.30 07:44:45.117,0.99515,0.9955,2.40,0.50
2007.11.30 07:44:45.451,0.99515,0.99555,2.40,11.30
2007.11.30 07:44:45.783,0.99515,0.9955,2.40,0.50
2007.11.30 07:44:45.986,0.99515,0.99555,2.40,11.30
2007.11.30 07:44:46.188,0.99515,0.9955,2.40,0.50
2007.11.30 07:44:46.391,0.99515,0.99555,2.40,11.30
2007.11.30 07:44:46.594,0.99515,0.9955,2.40,0.50
2007.11.30 07:44:46.796,0.99515,0.99555,2.40,11.30
2007.11.30 07:44:47.055,0.99515,0.9955,2.40,0.50
2007.11.30 07:44:47.312,0.99515,0.9955,2.40,0.50
2007.11.30 07:44:47.571,0.99515,0.99555,2.40,11.30
2007.11.30 07:44:47.830,0.99515,0.99555,2.40,11.30
2007.11.30 07:44:48.073,0.99515,0.9955,2.40,0.50
2007.11.30 07:44:48.316,0.99515,0.99555,2.40,11.30
2007.11.30 07:44:48.559,0.99515,0.99555,2.40,11.30
2007.11.30 07:44:48.801,0.99515,0.99555,2.40,11.30
2007.11.30 07:44:49.045,0.99515,0.9955,2.40,0.50
2007.11.30 07:44:49.378,0.99515,0.9955,2.40,0.50
2007.11.30 07:44:49.710,0.99515,0.9955,2.40,0.50
2007.11.30 07:44:50.046,0.99515,0.99555,2.40,11.30
2007.11.30 07:44:50.229,0.99515,0.9955,2.40,0.50
2007.11.30 07:44:50.413,0.99515,0.99555,2.40,11.30
2007.11.30 07:44:50.596,0.99515,0.99555,2.40,11.30
2007.11.30 07:44:50.780,0.99515,0.9955,2.40,0.50
2007.11.30 07:44:50.962,0.99515,0.99555,2.40,11.30
2007.11.30 07:44:51.266,0.99515,0.99555,2.40,11.30
2007.11.30 07:44:51.575,0.99515,0.9955,2.40,0.50
2007.11.30 07:44:51.880,0.99515,0.9955,2.40,0.50
2007.11.30 07:44:52.183,0.99515,0.9955,2.40,0.50
2007.11.30 07:44:52.390,0.99515,0.99555,2.40,11.30
2007.11.30 07:44:52.600,0.99515,0.9955,2.40,0.50
2007.11.30 07:44:52.806,0.99515,0.99555,2.40,11.30
2007.11.30 07:44:53.015,0.99515,0.99555,2.40,11.30
2007.11.30 07:44:53.308,0.99515,0.99555,2.40,11.30
2007.11.30 07:44:53.602,0.99515,0.99555,2.40,11.30
2007.11.30 07:44:53.894,0.9952,0.99555,2.40,10.40
2007.11.30 07:44:54.186,0.9952,0.99555,2.40,6.40
2007.11.30 07:44:54.424,0.9951,0.9956,4.00,5.00
2007.11.30 07:44:54.660,0.9951,0.9956,4.00,5.00
2007.11.30 07:44:54.898,0.9951,0.9956,4.00,5.00
2007.11.30 07:44:55.136,0.9951,0.9956,4.00,5.00
2007.11.30 07:44:55.403,0.9951,0.99555,4.00,0.80
2007.11.30 07:44:55.671,0.9951,0.9956,4.00,5.00
2007.11.30 07:44:55.939,0.9951,0.9956,4.00,5.00
2007.11.30 07:44:56.207,0.9951,0.99555,4.00,0.50
2007.11.30 07:44:56.445,0.9951,0.9956,4.00,5.00
2007.11.30 07:44:56.683,0.9951,0.9956,4.00,5.00
2007.11.30 07:44:56.921,0.9951,0.99555,4.00,0.60
2007.11.30 07:44:57.159,0.9951,0.99555,7.30,8.80
2007.11.30 07:44:57.383,0.9951,0.99555,7.30,8.80
2007.11.30 07:44:57.605,0.9951,0.99555,7.30,8.80
2007.11.30 07:44:57.828,0.9951,0.9955,7.30,0.70
2007.11.30 07:44:58.051,0.9951,0.99555,7.30,8.80
2007.11.30 07:44:58.283,0.9951,0.99555,7.30,8.80
2007.11.30 07:44:58.588,0.9951,0.99555,7.30,8.80
2007.11.30 07:44:58.906,0.9951,0.9955,7.30,0.70
2007.11.30 07:44:59.220,0.9951,0.9955,7.30,0.80
2007.11.30 07:44:59.408,0.9951,0.99555,7.30,8.80
2007.11.30 07:44:59.596,0.9951,0.9955,7.30,0.50
2007.11.30 07:44:59.784,0.9951,0.9955,7.30,0.70
2007.11.30 07:44:59.972,0.9951,0.9955,7.30,0.60
2007.11.30 07:45:00.159,0.9951,0.9955,7.30,0.90
2007.11.30 07:45:00.348,0.9951,0.99555,7.30,8.80
2007.11.30 07:45:00.681,0.9951,0.99555,7.30,8.80
2007.11.30 07:45:01.024,0.9951,0.99555,7.30,8.80
2007.11.30 07:45:01.347,0.9951,0.99555,7.30,8.80
2007.11.30 07:45:01.539,0.9951,0.9955,7.30,0.70
2007.11.30 07:45:01.731,0.9951,0.99555,7.30,8.80
2007.11.30 07:45:01.924,0.9951,0.99555,7.30,8.80
2007.11.30 07:45:02.117,0.9951,0.99555,7.30,8.80
2007.11.30 07:45:02.309,0.9951,0.9955,7.30,0.60
2007.11.30 07:45:02.629,0.9951,0.9955,7.30,5.40
2007.11.30 07:45:02.935,0.9951,0.9955,7.30,5.40
2007.11.30 07:45:03.247,0.9951,0.9955,7.30,5.40
2007.11.30 07:45:03.559,0.9951,0.9955,7.30,5.40
2007.11.30 07:45:03.792,0.9951,0.9955,7.30,5.40
2007.11.30 07:45:04.025,0.9951,0.9955,7.30,5.40
2007.11.30 07:45:04.258,0.9951,0.9955,7.30,5.40
2007.11.30 07:45:04.489,0.9951,0.9955,7.30,5.40
2007.11.30 07:45:04.712,0.9951,0.9955,7.30,5.40
2007.11.30 07:45:04.935,0.9951,0.9955,7.30,5.40
2007.11.30 07:45:05.157,0.9951,0.9955,7.30,5.40
2007.11.30 07:45:05.380,0.9951,0.9955,7.30,5.40
2007.11.30 07:45:05.623,0.9951,0.9955,7.30,5.40
2007.11.30 07:45:05.865,0.9951,0.9955,7.30,5.40
2007.11.30 07:45:06.108,0.9951,0.9955,7.30,5.40
2007.11.30 07:45:06.351,0.9951,0.9955,7.30,5.40
2007.11.30 07:45:06.594,0.9951,0.9955,7.30,5.40
2007.11.30 07:45:06.822,0.9951,0.9955,7.30,5.40
2007.11.30 07:45:07.049,0.9951,0.9955,7.30,5.40
2007.11.30 07:45:07.277,0.9951,0.9955,7.30,5.40
2007.11.30 07:45:07.505,0.9951,0.9955,7.30,5.40
2007.11.30 07:45:07.733,0.9951,0.9955,7.30,5.40
2007.11.30 07:45:07.968,0.9951,0.9955,7.30,5.40
2007.11.30 07:45:08.190,0.9951,0.9955,7.30,5.40
2007.11.30 07:45:08.417,0.9951,0.9955,7.30,5.40
2007.11.30 07:45:08.645,0.9951,0.9955,7.30,5.40
2007.11.30 07:45:08.873,0.9951,0.9955,7.30,5.40
2007.11.30 07:45:09.085,0.9951,0.9955,7.30,5.40
2007.11.30 07:45:09.297,0.9951,0.9955,7.30,5.40
2007.11.30 07:45:09.508,0.9951,0.9955,7.30,5.40
2007.11.30 07:45:09.721,0.9951,0.9955,7.30,5.40
2007.11.30 07:45:09.934,0.9951,0.9955,7.30,5.40
2007.11.30 07:45:10.222,0.9951,0.9955,7.30,5.40
2007.11.30 07:45:10.510,0.9951,0.9955,7.30,5.40
2007.11.30 07:45:10.797,0.9951,0.9955,7.30,5.40
2007.11.30 07:45:11.086,0.9951,0.9955,7.30,5.40
2007.11.30 07:45:11.344,0.9951,0.9955,7.30,5.40
2007.11.30 07:45:11.724,0.9951,0.9955,7.30,5.40
2007.11.30 07:45:11.982,0.9951,0.9955,7.30,5.40
2007.11.30 07:45:12.185,0.9951,0.9955,7.30,5.40
2007.11.30 07:45:12.389,0.9951,0.9955,7.30,5.40
2007.11.30 07:45:12.592,0.9951,0.9955,7.30,5.40
2007.11.30 07:45:12.794,0.9951,0.9955,7.30,5.40
2007.11.30 07:45:12.997,0.9951,0.9955,7.30,5.40
2007.11.30 07:45:13.241,0.9951,0.9955,7.30,5.40
2007.11.30 07:45:13.483,0.9951,0.9955,7.30,5.40
2007.11.30 07:45:13.726,0.9951,0.9955,7.30,5.40
2007.11.30 07:45:13.969,0.9951,0.9955,7.30,5.40
2007.11.30 07:45:14.212,0.9951,0.9955,7.30,5.40
2007.11.30 07:45:14.475,0.9951,0.9955,7.30,5.40
2007.11.30 07:45:14.743,0.9951,0.9955,7.30,5.40
2007.11.30 07:45:15.004,0.9951,0.9955,7.30,5.40
2007.11.30 07:45:15.275,0.9951,0.9955,7.30,5.40
2007.11.30 07:45:15.457,0.9951,0.9955,7.30,5.40
2007.11.30 07:45:15.640,0.9951,0.9955,7.30,5.40
2007.11.30 07:45:15.823,0.9951,0.9955,7.30,5.40
2007.11.30 07:45:16.005,0.9951,0.9955,7.30,5.40
2007.11.30 07:45:16.187,0.9951,0.9955,7.30,5.40
2007.11.30 07:45:16.434,0.9951,0.9955,7.30,5.40
2007.11.30 07:45:16.682,0.9951,0.9955,7.30,5.40
2007.11.30 07:45:16.929,0.9951,0.9955,7.30,5.40
2007.11.30 07:45:17.177,0.9951,0.9955,7.30,5.40
2007.11.30 07:45:17.425,0.9951,0.9955,7.30,5.40
2007.11.30 07:45:17.673,0.9952,0.9955,2.40,3.00
2007.11.30 07:45:17.922,0.9952,0.9955,2.40,3.00
2007.11.30 07:45:18.170,0.9952,0.9955,2.40,3.00
2007.11.30 07:45:18.418,0.9952,0.9955,2.40,3.00
2007.11.30 07:45:18.686,0.9952,0.9955,2.40,3.00
2007.11.30 07:45:18.954,0.9952,0.9955,2.40,3.00
2007.11.30 07:45:19.222,0.9952,0.9955,2.40,3.00
2007.11.30 07:45:19.480,0.9952,0.9955,2.40,3.00
2007.11.30 07:45:19.738,0.9952,0.9955,2.40,3.00
2007.11.30 07:45:19.995,0.9952,0.9955,2.40,3.00
2007.11.30 07:45:20.253,0.9952,0.9955,2.40,3.00
2007.11.30 07:45:20.521,0.9952,0.9955,2.40,3.00
2007.11.30 07:45:20.789,0.9952,0.9955,2.40,3.00
2007.11.30 07:45:21.055,0.9952,0.9955,2.40,3.00
2007.11.30 07:45:21.323,0.9952,0.9955,2.40,3.00
2007.11.30 07:45:21.586,0.9952,0.9955,2.40,3.00
2007.11.30 07:45:21.849,0.9952,0.9955,2.40,3.00
2007.11.30 07:45:22.119,0.9952,0.9955,2.40,3.00
2007.11.30 07:45:22.375,0.9952,0.9955,2.40,3.00
2007.11.30 07:45:22.663,0.9952,0.9955,2.40,3.00
2007.11.30 07:45:22.950,0.9952,0.9955,2.40,3.00
2007.11.30 07:45:23.238,0.9952,0.9955,2.40,3.00
2007.11.30 07:45:23.525,0.9952,0.9955,2.40,3.00
2007.11.30 07:45:23.733,0.9952,0.9955,2.40,3.00
2007.11.30 07:45:24.068,0.9952,0.9955,2.40,3.00
2007.11.30 07:45:24.275,0.9952,0.9955,2.40,3.00
2007.11.30 07:45:24.484,0.9951,0.9955,3.30,5.40
2007.11.30 07:45:24.784,0.9951,0.9955,7.30,5.40
2007.11.30 07:45:25.069,0.9951,0.9955,7.30,5.40
2007.11.30 07:45:25.361,0.9951,0.9955,7.30,5.40
2007.11.30 07:45:25.654,0.9951,0.9955,7.30,5.40
2007.11.30 07:45:25.886,0.9951,0.9955,7.30,5.40
2007.11.30 07:45:26.119,0.9951,0.9955,7.30,5.40
2007.11.30 07:45:26.352,0.9951,0.9955,7.30,5.40
2007.11.30 07:45:26.585,0.9951,0.9955,7.30,5.40
2007.11.30 07:45:26.844,0.9951,0.9955,7.30,5.40
2007.11.30 07:45:27.101,0.9951,0.9955,7.30,5.40
2007.11.30 07:45:27.359,0.9951,0.9955,7.30,5.40
2007.11.30 07:45:27.616,0.9951,0.9955,7.30,5.40
2007.11.30 07:45:27.876,0.9951,0.9955,7.30,5.40
2007.11.30 07:45:28.109,0.9951,0.9955,7.30,5.40
2007.11.30 07:45:28.343,0.9951,0.9955,7.30,5.40
2007.11.30 07:45:28.578,0.9951,0.9955,7.30,5.40
2007.11.30 07:45:28.810,0.9951,0.9955,7.30,5.40
2007.11.30 07:45:29.073,0.9951,0.9955,7.30,5.40
2007.11.30 07:45:29.336,0.9951,0.9955,7.30,5.40
2007.11.30 07:45:29.599,0.9951,0.9955,7.30,5.40
2007.11.30 07:45:29.862,0.9951,0.9955,7.30,5.40
2007.11.30 07:45:30.229,0.9951,0.9955,7.30,5.40
2007.11.30 07:45:30.470,0.9951,0.9955,7.30,5.40
2007.11.30 07:45:30.703,0.9951,0.9955,7.30,5.40
2007.11.30 07:45:30.937,0.9951,0.9955,7.30,5.40
2007.11.30 07:45:31.144,0.9951,0.9955,7.30,5.40
2007.11.30 07:45:31.352,0.9951,0.9955,7.30,5.40
2007.11.30 07:45:31.560,0.9951,0.9955,7.30,5.40
2007.11.30 07:45:31.767,0.9951,0.9955,7.30,5.40
2007.11.30 07:45:32.020,0.9951,0.9955,7.30,5.40
2007.11.30 07:45:32.276,0.9951,0.9955,7.30,5.40
2007.11.30 07:45:32.530,0.9951,0.9955,7.30,5.40
2007.11.30 07:45:32.607,0.9951,0.9955,7.30,0.60
2007.11.30 07:45:32.783,0.9951,0.99555,7.30,9.60
2007.11.30 07:45:33.111,0.9951,0.99555,7.30,9.60
2007.11.30 07:45:33.437,0.9951,0.9955,7.30,0.70
2007.11.30 07:45:33.764,0.9951,0.99555,7.30,9.60
2007.11.30 07:45:34.093,0.9951,0.99555,7.30,9.60
2007.11.30 07:45:34.267,0.9951,0.9955,7.30,0.50
2007.11.30 07:45:34.439,0.9951,0.99555,7.30,9.60
2007.11.30 07:45:34.613,0.9951,0.9955,7.30,0.90
2007.11.30 07:45:34.785,0.9951,0.99555,7.30,9.60
2007.11.30 07:45:34.959,0.9951,0.9955,7.30,0.60
2007.11.30 07:45:35.292,0.9951,0.9955,7.30,0.70
2007.11.30 07:45:35.625,0.9951,0.99555,7.30,9.60
2007.11.30 07:45:35.958,0.9951,0.99555,7.30,9.60
2007.11.30 07:45:36.150,0.9951,0.9955,7.30,0.60
2007.11.30 07:45:36.400,0.9951,0.99555,7.30,9.60
2007.11.30 07:45:36.595,0.9951,0.99555,7.30,9.60
2007.11.30 07:45:36.786,0.9951,0.99555,7.30,9.60
2007.11.30 07:45:36.978,0.9951,0.99555,7.30,9.60
2007.11.30 07:45:37.255,0.9951,0.9955,7.30,0.60
2007.11.30 07:45:37.521,0.9951,0.9955,7.30,0.90
2007.11.30 07:45:37.788,0.9951,0.9955,7.30,0.50
2007.11.30 07:45:38.056,0.9951,0.9955,7.30,0.70
2007.11.30 07:45:38.329,0.9951,0.99555,7.30,9.60
2007.11.30 07:45:38.521,0.9951,0.9955,7.30,0.60
2007.11.30 07:45:38.718,0.9951,0.99555,7.30,9.60
2007.11.30 07:45:38.915,0.9951,0.99555,7.30,9.60
2007.11.30 07:45:39.114,0.9951,0.99555,7.30,9.60
2007.11.30 07:45:39.387,0.9951,0.99555,7.30,9.60
2007.11.30 07:45:39.660,0.9951,0.9955,7.30,0.60
2007.11.30 07:45:39.933,0.9951,0.99555,7.30,9.60
2007.11.30 07:45:40.206,0.9951,0.9955,7.30,0.50
2007.11.30 07:45:40.374,0.9951,0.99555,7.30,9.60
2007.11.30 07:45:40.541,0.9951,0.99555,7.30,9.60
2007.11.30 07:45:40.709,0.9951,0.99555,7.30,9.60
2007.11.30 07:45:40.878,0.9951,0.9955,7.30,0.70
2007.11.30 07:45:41.046,0.9951,0.99555,7.30,9.60
2007.11.30 07:45:41.213,0.9951,0.99555,7.30,9.60
2007.11.30 07:45:41.522,0.9951,0.9955,7.30,0.50
2007.11.30 07:45:41.830,0.9951,0.99555,7.30,9.60
2007.11.30 07:45:42.138,0.9951,0.9955,7.30,0.70
2007.11.30 07:45:42.357,0.9951,0.99555,7.30,9.60
2007.11.30 07:45:42.579,0.9951,0.99555,7.30,9.60
2007.11.30 07:45:42.800,0.9951,0.99555,7.30,9.60
2007.11.30 07:45:43.019,0.9951,0.9955,7.30,0.70
2007.11.30 07:45:43.245,0.9951,0.99555,7.30,9.60
2007.11.30 07:45:43.549,0.9951,0.99555,7.30,9.60
2007.11.30 07:45:43.851,0.9951,0.9955,7.30,0.80
2007.11.30 07:45:44.161,0.9951,0.99555,7.30,9.60
2007.11.30 07:45:44.418,0.9951,0.99555,7.30,9.60
2007.11.30 07:45:44.675,0.9951,0.99555,7.30,9.60
2007.11.30 07:45:44.933,0.9951,0.99555,7.30,9.60
2007.11.30 07:45:45.192,0.9951,0.9955,7.30,0.60
2007.11.30 07:45:45.435,0.9951,0.9955,7.30,0.50
2007.11.30 07:45:45.677,0.9951,0.9955,7.30,0.70
2007.11.30 07:45:45.921,0.9951,0.9955,7.30,0.60
2007.11.30 07:45:46.163,0.9951,0.9955,7.30,0.60
2007.11.30 07:45:46.413,0.9951,0.9955,7.30,0.50
2007.11.30 07:45:46.669,0.9951,0.99555,7.30,9.60
2007.11.30 07:45:46.932,0.9951,0.9955,7.30,0.60
2007.11.30 07:45:47.194,0.9951,0.9955,7.30,0.60
2007.11.30 07:45:47.422,0.9951,0.9955,7.30,0.70
2007.11.30 07:45:47.650,0.9951,0.9955,7.30,0.60
2007.11.30 07:45:47.877,0.9951,0.99555,7.30,9.60
2007.11.30 07:45:48.105,0.9951,0.99555,7.30,9.60
2007.11.30 07:45:48.335,0.9951,0.9955,7.30,0.90
2007.11.30 07:45:48.747,0.9951,0.99555,7.30,9.60
2007.11.30 07:45:49.079,0.9951,0.9955,7.30,0.70
2007.11.30 07:45:49.413,0.9951,0.9955,7.30,0.80
2007.11.30 07:45:49.631,0.9951,0.99555,7.30,9.60
2007.11.30 07:45:49.849,0.9951,0.9955,7.30,0.60
2007.11.30 07:45:50.068,0.9951,0.99555,7.30,9.60
2007.11.30 07:45:50.287,0.9951,0.9955,7.30,0.50
2007.11.30 07:45:50.594,0.9951,0.9955,7.30,0.70
2007.11.30 07:45:50.901,0.9951,0.9955,7.30,0.60
2007.11.30 07:45:51.210,0.9951,0.99555,7.30,9.60
2007.11.30 07:45:51.517,0.9951,0.99555,7.30,9.60
2007.11.30 07:45:51.771,0.9951,0.9955,7.30,0.50
2007.11.30 07:45:52.024,0.9951,0.99555,7.30,9.60
2007.11.30 07:45:52.283,0.9951,0.99555,7.30,9.60
2007.11.30 07:45:52.532,0.9951,0.99555,7.30,9.60
2007.11.30 07:45:52.818,0.9951,0.9955,7.30,0.70
2007.11.30 07:45:53.106,0.9951,0.9955,7.30,0.70
2007.11.30 07:45:53.394,0.9951,0.99555,7.30,9.60
2007.11.30 07:45:53.587,0.9951,0.99555,7.30,9.60
2007.11.30 07:45:53.780,0.9951,0.99555,7.30,9.60
2007.11.30 07:45:53.973,0.9951,0.99555,7.30,9.60
2007.11.30 07:45:54.169,0.9951,0.9955,7.30,0.50
2007.11.30 07:45:54.364,0.9951,0.9955,7.30,0.60
2007.11.30 07:45:54.558,0.9951,0.9956,4.00,5.80
2007.11.30 07:45:54.918,0.9951,0.9956,4.00,5.80
2007.11.30 07:45:55.252,0.9951,0.99555,4.00,0.90
2007.11.30 07:45:55.585,0.9951,0.99555,4.00,0.70
2007.11.30 07:45:55.790,0.9951,0.9956,4.00,5.80
2007.11.30 07:45:55.994,0.9951,0.9956,4.00,5.80
2007.11.30 07:45:56.197,0.9951,0.9956,4.00,5.80
2007.11.30 07:45:56.401,0.9951,0.99555,4.00,0.60
2007.11.30 07:45:56.604,0.9951,0.99555,4.00,0.60
2007.11.30 07:45:56.893,0.9951,0.9956,4.00,5.80
2007.11.30 07:45:57.181,0.9951,0.9956,4.00,5.80
2007.11.30 07:45:57.469,0.9951,0.99555,4.00,0.90
2007.11.30 07:45:57.761,0.9951,0.99555,4.00,0.80
2007.11.30 07:45:57.993,0.9951,0.9956,4.00,5.80
2007.11.30 07:45:58.225,0.9951,0.99555,4.00,0.70
2007.11.30 07:45:58.458,0.9951,0.9956,4.00,5.80
2007.11.30 07:45:58.690,0.9951,0.9956,4.00,5.80
2007.11.30 07:45:58.947,0.9951,0.99555,4.00,0.60
2007.11.30 07:45:59.205,0.9951,0.99555,4.00,0.60
2007.11.30 07:45:59.463,0.9951,0.99555,4.00,0.70
2007.11.30 07:45:59.721,0.9951,0.99555,4.00,0.60
2007.11.30 07:45:59.957,0.9951,0.99555,4.00,0.70
2007.11.30 07:46:00.195,0.9951,0.99555,4.00,0.80
2007.11.30 07:46:00.433,0.9951,0.9956,4.00,5.80
2007.11.30 07:46:00.669,0.9951,0.9956,4.00,5.80
2007.11.30 07:46:00.907,0.9951,0.9956,4.00,5.80
2007.11.30 07:46:01.199,0.9951,0.9956,4.00,5.80
2007.11.30 07:46:01.492,0.9951,0.9956,4.00,5.80
2007.11.30 07:46:01.785,0.99505,0.9956,4.00,5.80
2007.11.30 07:46:02.008,0.99505,0.9956,4.00,5.80
2007.11.30 07:46:02.230,0.99505,0.9956,4.00,5.80
2007.11.30 07:46:02.453,0.99505,0.9956,4.00,5.80
2007.11.30 07:46:02.676,0.99505,0.99555,4.00,0.50
2007.11.30 07:46:02.898,0.99505,0.9956,4.00,5.80
2007.11.30 07:46:03.161,0.99505,0.99555,4.00,0.70
2007.11.30 07:46:03.424,0.99505,0.9956,4.00,5.80
2007.11.30 07:46:03.688,0.99505,0.99555,4.00,0.70
2007.11.30 07:46:03.951,0.99505,0.9956,4.00,5.80
2007.11.30 07:46:04.244,0.99505,0.9956,4.00,5.80
2007.11.30 07:46:04.535,0.99505,0.9956,4.00,5.80
2007.11.30 07:46:04.829,0.99505,0.9956,4.00,5.80
2007.11.30 07:46:05.121,0.99505,0.9956,4.00,5.80
2007.11.30 07:46:05.414,0.99505,0.9956,4.00,5.80
2007.11.30 07:46:05.707,0.99505,0.99555,4.00,0.60
2007.11.30 07:46:06.000,0.9951,0.99555,4.00,0.80
2007.11.30 07:46:06.233,0.9951,0.9956,4.00,5.80
2007.11.30 07:46:06.467,0.9951,0.9956,4.00,5.80
2007.11.30 07:46:06.708,0.9951,0.9956,4.00,5.80
2007.11.30 07:46:06.941,0.9951,0.99555,4.00,0.90
2007.11.30 07:46:07.269,0.9951,0.9956,4.00,5.80
2007.11.30 07:46:07.598,0.99505,0.99555,4.00,0.80
2007.11.30 07:46:07.925,0.99505,0.9956,4.00,5.80
2007.11.30 07:46:08.252,0.99505,0.99555,4.00,0.80
2007.11.30 07:46:08.430,0.99505,0.99555,4.00,0.90
2007.11.30 07:46:08.607,0.99505,0.9956,4.00,5.80
2007.11.30 07:46:08.785,0.99505,0.9956,4.00,5.80
2007.11.30 07:46:08.962,0.99505,0.9956,4.00,5.80
2007.11.30 07:46:09.225,0.99505,0.99555,4.00,0.60
2007.11.30 07:46:09.487,0.99505,0.99555,4.00,0.90
2007.11.30 07:46:09.750,0.99505,0.9956,4.00,5.80
2007.11.30 07:46:10.013,0.99505,0.99555,4.00,0.60
2007.11.30 07:46:10.235,0.99505,0.9956,4.00,5.80
2007.11.30 07:46:10.460,0.99505,0.99555,4.00,0.80
2007.11.30 07:46:10.682,0.99505,0.9956,4.00,5.80
2007.11.30 07:46:10.905,0.99505,0.9956,4.00,5.80
2007.11.30 07:46:11.135,0.99505,0.9956,4.00,5.80
2007.11.30 07:46:11.461,0.99505,0.99555,4.00,0.90
2007.11.30 07:46:11.799,0.99505,0.9956,4.00,5.80
2007.11.30 07:46:12.125,0.99505,0.9956,4.00,5.80
2007.11.30 07:46:12.297,0.99505,0.9956,4.00,5.80
2007.11.30 07:46:12.470,0.99505,0.99555,4.00,0.90
2007.11.30 07:46:12.642,0.99505,0.99555,4.00,0.90
2007.11.30 07:46:12.815,0.99505,0.99555,4.00,0.50
2007.11.30 07:46:12.988,0.99505,0.99555,4.00,0.70
2007.11.30 07:46:13.160,0.99505,0.99555,4.00,0.70
2007.11.30 07:46:13.493,0.99505,0.99555,4.00,0.70
2007.11.30 07:46:13.826,0.99505,0.9956,4.00,5.80
2007.11.30 07:46:14.159,0.99505,0.9956,4.00,5.80
2007.11.30 07:46:14.367,0.99505,0.99555,4.00,0.70
2007.11.30 07:46:14.573,0.99505,0.9956,4.00,5.80
2007.11.30 07:46:14.780,0.99505,0.9956,4.00,5.80
2007.11.30 07:46:14.987,0.99505,0.9956,4.00,5.80
2007.11.30 07:46:15.195,0.99505,0.9956,4.00,5.80
2007.11.30 07:46:15.488,0.99505,0.9956,4.00,5.80
2007.11.30 07:46:15.781,0.99505,0.9956,4.00,5.80
2007.11.30 07:46:16.073,0.99505,0.9956,4.00,5.80
2007.11.30 07:46:16.366,0.99505,0.9956,4.00,5.80
2007.11.30 07:46:16.564,0.99505,0.99555,4.00,0.60
2007.11.30 07:46:16.761,0.99505,0.99555,4.00,0.60
2007.11.30 07:46:16.959,0.99505,0.9956,4.00,5.80
2007.11.30 07:46:17.156,0.99505,0.99555,4.00,0.90
2007.11.30 07:46:17.354,0.99505,0.9956,4.00,5.80
2007.11.30 07:46:17.552,0.99505,0.99565,4.00,5.00
2007.11.30 07:46:17.886,0.99505,0.99565,4.00,5.00
2007.11.30 07:46:18.218,0.99505,0.99565,4.00,5.00
2007.11.30 07:46:18.552,0.99505,0.99555,4.00,0.50
2007.11.30 07:46:18.779,0.99505,0.99565,4.00,5.00
2007.11.30 07:46:19.007,0.99505,0.99565,4.00,5.00
2007.11.30 07:46:19.234,0.99505,0.99565,4.00,5.00
2007.11.30 07:46:19.568,0.99505,0.99555,4.00,0.70
2007.11.30 07:46:19.850,0.99505,0.99565,4.00,5.00
2007.11.30 07:46:20.132,0.99505,0.99555,4.00,0.60
2007.11.30 07:46:20.415,0.99505,0.99555,4.00,0.50
2007.11.30 07:46:20.696,0.99505,0.99565,4.00,5.00
2007.11.30 07:46:20.904,0.99505,0.99555,4.00,0.60
2007.11.30 07:46:21.111,0.99505,0.99555,4.00,0.80
2007.11.30 07:46:21.325,0.99505,0.99565,4.00,5.00
2007.11.30 07:46:21.532,0.99505,0.99565,4.00,5.00
2007.11.30 07:46:21.780,0.99505,0.99565,4.00,5.00
2007.11.30 07:46:22.027,0.99505,0.99565,4.00,5.00
2007.11.30 07:46:22.275,0.99505,0.99555,4.00,0.80
2007.11.30 07:46:22.522,0.99505,0.99565,4.00,5.00
2007.11.30 07:46:22.770,0.99505,0.99555,4.00,0.60
2007.11.30 07:46:23.017,0.99505,0.99565,4.00,5.00
2007.11.30 07:46:23.265,0.99505,0.99565,4.00,5.00
2007.11.30 07:46:23.513,0.99505,0.99555,4.00,0.50
2007.11.30 07:46:23.750,0.99505,0.99555,4.00,0.70
2007.11.30 07:46:23.988,0.99505,0.99555,4.00,4.20
2007.11.30 07:46:24.225,0.99505,0.99555,4.00,4.20
2007.11.30 07:46:24.462,0.99505,0.99555,4.00,4.20
2007.11.30 07:46:24.700,0.99505,0.99555,4.00,4.20
2007.11.30 07:46:24.937,0.99505,0.99555,4.00,4.20
2007.11.30 07:46:25.175,0.99505,0.99555,4.00,4.20
2007.11.30 07:46:25.412,0.99505,0.99555,4.00,4.20
2007.11.30 07:46:25.742,0.99505,0.99555,4.00,4.20
2007.11.30 07:46:25.991,0.99505,0.99555,4.00,4.20
2007.11.30 07:46:26.238,0.99505,0.99555,4.00,4.20
2007.11.30 07:46:26.486,0.99505,0.99555,4.00,4.20
2007.11.30 07:46:26.733,0.99505,0.99555,4.00,4.20
2007.11.30 07:46:26.982,0.99505,0.99555,4.00,4.20
2007.11.30 07:46:27.290,0.99505,0.99555,4.00,4.20
2007.11.30 07:46:27.596,0.99505,0.99555,4.00,4.20
2007.11.30 07:46:27.903,0.99505,0.99555,4.00,4.20
2007.11.30 07:46:28.101,0.99505,0.99555,4.00,4.20
2007.11.30 07:46:28.299,0.99505,0.99555,4.00,4.20
2007.11.30 07:46:28.497,0.99505,0.99555,4.00,4.20
2007.11.30 07:46:28.694,0.99505,0.99555,4.00,4.20
2007.11.30 07:46:28.892,0.99505,0.99555,4.00,4.20
2007.11.30 07:46:29.089,0.99505,0.99555,4.00,4.20
2007.11.30 07:46:29.423,0.99505,0.99555,4.00,4.20
2007.11.30 07:46:29.755,0.99505,0.99555,4.00,4.20
2007.11.30 07:46:30.088,0.99505,0.99555,4.00,4.20
2007.11.30 07:46:30.246,0.99505,0.99555,4.00,4.20
2007.11.30 07:46:30.403,0.99505,0.99555,4.00,4.20
2007.11.30 07:46:30.561,0.99505,0.99555,4.00,4.20
2007.11.30 07:46:30.718,0.99505,0.99555,4.00,4.20
2007.11.30 07:46:30.876,0.99505,0.99555,4.00,4.20
2007.11.30 07:46:31.034,0.99505,0.99555,4.00,4.20
2007.11.30 07:46:31.346,0.99505,0.99555,4.00,4.20
2007.11.30 07:46:31.659,0.99505,0.99555,4.00,4.20
2007.11.30 07:46:31.971,0.99505,0.99555,4.00,4.20
2007.11.30 07:46:32.164,0.99505,0.99555,4.00,4.20
2007.11.30 07:46:32.357,0.99505,0.99555,4.00,4.20
2007.11.30 07:46:32.549,0.99505,0.99555,4.00,4.20
2007.11.30 07:46:32.743,0.99505,0.99555,4.00,4.20
2007.11.30 07:46:32.935,0.99505,0.99555,4.00,4.20
2007.11.30 07:46:33.127,0.99505,0.99555,4.00,4.20
2007.11.30 07:46:33.386,0.99505,0.99555,4.00,4.20
2007.11.30 07:46:33.644,0.99505,0.99555,4.00,4.20
2007.11.30 07:46:33.902,0.99505,0.99555,4.00,4.20
2007.11.30 07:46:33.985,0.99505,0.99565,4.00,5.00
2007.11.30 07:46:34.160,0.99505,0.99565,4.00,5.00
2007.11.30 07:46:34.408,0.99505,0.99555,4.00,0.90
2007.11.30 07:46:34.661,0.99505,0.99555,4.00,0.60
2007.11.30 07:46:34.908,0.99505,0.99565,4.00,5.00
2007.11.30 07:46:35.156,0.99505,0.99555,4.00,0.50
2007.11.30 07:46:35.379,0.99505,0.99555,4.00,0.80
2007.11.30 07:46:35.602,0.99505,0.99565,4.00,5.00
2007.11.30 07:46:35.825,0.99505,0.99555,4.00,0.90
2007.11.30 07:46:36.048,0.99505,0.99565,4.00,5.00
2007.11.30 07:46:36.255,0.99505,0.99555,4.00,0.70
2007.11.30 07:46:36.463,0.99505,0.99565,4.00,5.00
2007.11.30 07:46:36.671,0.99505,0.99555,4.00,0.50
2007.11.30 07:46:36.879,0.99505,0.99555,4.00,0.80
2007.11.30 07:46:37.094,0.99505,0.99555,4.00,0.60
2007.11.30 07:46:37.371,0.99505,0.99565,4.00,5.00
2007.11.30 07:46:37.648,0.99505,0.99555,4.00,0.80
2007.11.30 07:46:38.070,0.99505,0.99565,4.00,5.00
2007.11.30 07:46:38.349,0.99505,0.99555,4.00,0.80
2007.11.30 07:46:38.611,0.99505,0.99565,4.00,5.00
2007.11.30 07:46:38.873,0.99505,0.99555,4.00,0.90
2007.11.30 07:46:39.136,0.99505,0.99555,4.00,0.50
2007.11.30 07:46:39.399,0.99505,0.99565,4.00,5.00
2007.11.30 07:46:39.643,0.99505,0.99555,4.00,0.80
2007.11.30 07:46:39.893,0.99505,0.99565,4.00,5.00
2007.11.30 07:46:40.136,0.99505,0.99565,4.00,5.00
2007.11.30 07:46:40.379,0.99505,0.99565,4.00,5.00
2007.11.30 07:46:40.627,0.99505,0.99565,4.00,5.00
2007.11.30 07:46:40.874,0.99505,0.99565,4.00,5.00
2007.11.30 07:46:41.121,0.99505,0.99565,4.00,5.00
2007.11.30 07:46:41.369,0.99505,0.99565,4.00,5.00
2007.11.30 07:46:41.577,0.99505,0.99565,4.00,5.00
2007.11.30 07:46:41.786,0.99505,0.99565,4.00,5.00
2007.11.30 07:46:41.993,0.99505,0.99555,4.00,0.80
2007.11.30 07:46:42.200,0.99505,0.99555,4.00,0.70
2007.11.30 07:46:42.408,0.99505,0.99555,4.00,0.80
2007.11.30 07:46:42.615,0.99505,0.99555,4.00,0.60
2007.11.30 07:46:42.824,0.99505,0.99565,4.00,5.00
2007.11.30 07:46:43.031,0.99505,0.99555,4.00,0.80
2007.11.30 07:46:43.240,0.99505,0.99565,4.00,5.00
2007.11.30 07:46:43.517,0.99505,0.99565,4.00,5.00
2007.11.30 07:46:43.795,0.99505,0.99555,4.00,0.90
2007.11.30 07:46:44.073,0.99505,0.99555,4.00,0.80
2007.11.30 07:46:44.352,0.99505,0.99565,4.00,5.00
2007.11.30 07:46:44.570,0.99505,0.99565,4.00,5.00
2007.11.30 07:46:44.787,0.99505,0.99555,4.00,0.90
2007.11.30 07:46:45.006,0.99505,0.99565,4.00,5.00
2007.11.30 07:46:45.223,0.99505,0.99565,4.00,5.00
2007.11.30 07:46:45.442,0.99505,0.99565,4.00,5.00
2007.11.30 07:46:45.695,0.99505,0.99565,4.00,5.00
2007.11.30 07:46:45.949,0.99505,0.99555,4.00,0.90
2007.11.30 07:46:46.202,0.99505,0.99565,4.00,5.00
2007.11.30 07:46:46.454,0.99505,0.99565,4.00,5.00
2007.11.30 07:46:46.681,0.99505,0.99565,4.00,5.00
2007.11.30 07:46:46.909,0.99505,0.99555,4.00,0.60
2007.11.30 07:46:47.138,0.99505,0.99565,4.00,5.00
2007.11.30 07:46:47.365,0.99505,0.99565,4.00,5.00
2007.11.30 07:46:47.593,0.99505,0.99555,4.00,0.90
2007.11.30 07:46:47.845,0.99505,0.99565,4.00,5.00
2007.11.30 07:46:48.098,0.99505,0.99555,4.00,0.60
2007.11.30 07:46:48.351,0.99505,0.99565,4.00,5.00
2007.11.30 07:46:48.604,0.99505,0.99565,4.00,5.00
2007.11.30 07:46:48.822,0.99505,0.99555,4.00,0.70
2007.11.30 07:46:49.038,0.99505,0.99565,4.00,5.00
2007.11.30 07:46:49.256,0.99505,0.99565,4.00,5.00
2007.11.30 07:46:49.474,0.99505,0.99565,4.00,5.00
2007.11.30 07:46:49.696,0.99505,0.99555,4.00,0.60
2007.11.30 07:46:49.953,0.99505,0.99565,4.00,5.00
2007.11.30 07:46:50.211,0.99505,0.99565,4.00,5.00
2007.11.30 07:46:50.468,0.99505,0.99565,4.00,5.00
2007.11.30 07:46:50.725,0.99505,0.99565,4.00,5.00
2007.11.30 07:46:50.957,0.99505,0.99555,4.00,0.90
2007.11.30 07:46:51.197,0.99505,0.99565,4.00,5.00
2007.11.30 07:46:51.431,0.99505,0.99555,4.00,0.90
2007.11.30 07:46:51.663,0.99505,0.99555,4.00,0.80
2007.11.30 07:46:51.896,0.99505,0.99555,4.00,0.60
2007.11.30 07:46:52.139,0.99505,0.99555,4.00,0.50
2007.11.30 07:46:52.381,0.99505,0.99565,4.00,5.00
2007.11.30 07:46:52.624,0.99505,0.99565,4.00,5.00
2007.11.30 07:46:52.867,0.99505,0.99565,4.00,5.00
2007.11.30 07:46:53.090,0.99505,0.99555,4.00,0.90
2007.11.30 07:46:53.312,0.99505,0.99555,4.00,0.90
2007.11.30 07:46:53.541,0.99505,0.99565,4.00,5.00
2007.11.30 07:46:53.763,0.99505,0.99565,4.00,5.00
2007.11.30 07:46:53.985,0.99505,0.99555,4.00,0.80
2007.11.30 07:46:54.272,0.99505,0.99555,4.00,0.80
2007.11.30 07:46:54.561,0.99505,0.99555,4.00,0.50
2007.11.30 07:46:54.850,0.99505,0.99555,4.00,0.80
2007.11.30 07:46:55.047,0.99505,0.99555,4.00,0.90
2007.11.30 07:46:55.245,0.99505,0.99565,4.00,5.00
2007.11.30 07:46:55.442,0.99505,0.99565,4.00,5.00
2007.11.30 07:46:55.640,0.99505,0.99565,4.00,5.00
2007.11.30 07:46:55.838,0.99505,0.99555,4.00,0.50
2007.11.30 07:46:56.034,0.99505,0.99565,4.00,5.00
2007.11.30 07:46:56.277,0.99505,0.99555,4.00,4.20
2007.11.30 07:46:56.559,0.99505,0.9955,4.00,0.80
2007.11.30 07:46:56.803,0.99505,0.99555,4.00,4.20
2007.11.30 07:46:57.046,0.99505,0.99555,4.00,4.20
2007.11.30 07:46:57.254,0.99505,0.9955,4.00,0.80
2007.11.30 07:46:57.463,0.99505,0.99555,4.00,4.20
2007.11.30 07:46:57.672,0.99505,0.99555,4.00,4.20
2007.11.30 07:46:57.879,0.99505,0.9955,4.00,0.80
2007.11.30 07:46:58.120,0.99505,0.99555,4.00,4.20
2007.11.30 07:46:58.363,0.99505,0.9955,4.00,0.80
2007.11.30 07:46:58.606,0.99505,0.99555,4.00,4.20
2007.11.30 07:46:58.849,0.99505,0.9955,4.00,0.80
2007.11.30 07:46:59.097,0.99505,0.99555,4.00,4.20
2007.11.30 07:46:59.330,0.99505,0.9955,4.00,0.80
2007.11.30 07:46:59.569,0.99505,0.99555,4.00,4.20
2007.11.30 07:46:59.806,0.99505,0.99555,4.00,4.20
2007.11.30 07:47:00.045,0.99515,0.9954,0.10,1.00
2007.11.30 07:47:00.269,0.99515,0.99535,0.10,0.50
2007.11.30 07:47:00.492,0.99515,0.9954,0.10,1.00
2007.11.30 07:47:00.715,0.99515,0.9954,0.10,1.00
2007.11.30 07:47:00.938,0.99515,0.99535,0.10,0.50
2007.11.30 07:47:01.162,0.99515,0.9954,0.10,1.00
2007.11.30 07:47:01.426,0.99515,0.9954,0.10,1.00
2007.11.30 07:47:01.689,0.99515,0.9954,0.10,1.00
2007.11.30 07:47:01.952,0.99515,0.99535,0.10,0.50
2007.11.30 07:47:02.215,0.99515,0.9954,0.10,1.00
2007.11.30 07:47:02.459,0.99515,0.99535,0.10,0.50
2007.11.30 07:47:02.725,0.99515,0.99535,0.10,0.50
2007.11.30 07:47:02.968,0.99515,0.99535,0.10,0.50
2007.11.30 07:47:03.215,0.99515,0.99535,0.10,0.50
2007.11.30 07:47:03.454,0.99515,0.99535,0.10,0.50
2007.11.30 07:47:03.697,0.99515,0.99535,0.10,0.50
2007.11.30 07:47:03.940,0.99515,0.99535,0.10,0.50
2007.11.30 07:47:04.184,0.99515,0.99535,0.10,0.50
2007.11.30 07:47:04.437,0.99515,0.99535,0.10,0.50
2007.11.30 07:47:04.690,0.99515,0.99535,0.10,0.50
2007.11.30 07:47:04.943,0.99515,0.99535,0.10,0.50
2007.11.30 07:47:05.196,0.99515,0.99535,0.10,0.50
2007.11.30 07:47:05.389,0.99515,0.99535,0.10,0.50
2007.11.30 07:47:05.582,0.99515,0.99535,0.10,0.50
2007.11.30 07:47:05.776,0.99515,0.99535,0.10,0.50
2007.11.30 07:47:05.968,0.99515,0.99535,0.10,0.50
2007.11.30 07:47:06.161,0.99515,0.99535,0.10,0.50
2007.11.30 07:47:06.355,0.99515,0.99535,0.10,0.50
2007.11.30 07:47:06.683,0.99515,0.99535,0.10,0.50
2007.11.30 07:47:07.011,0.99515,0.99535,0.10,0.50
2007.11.30 07:47:07.338,0.99515,0.99535,0.10,0.50
2007.11.30 07:47:07.566,0.99515,0.99535,0.10,0.50
2007.11.30 07:47:07.795,0.99515,0.99535,0.10,0.50
2007.11.30 07:47:08.022,0.99515,0.99535,0.10,0.50
2007.11.30 07:47:08.250,0.99515,0.99535,0.10,0.50
2007.11.30 07:47:08.479,0.99515,0.99535,0.10,0.50
2007.11.30 07:47:08.721,0.99515,0.99535,0.10,0.50
2007.11.30 07:47:08.965,0.99515,0.99535,0.10,0.50
2007.11.30 07:47:09.216,0.99515,0.99535,0.10,0.50
2007.11.30 07:47:09.452,0.99515,0.99535,0.10,0.50
2007.11.30 07:47:09.679,0.99515,0.99535,0.10,0.50
2007.11.30 07:47:09.907,0.99515,0.99535,0.10,0.50
2007.11.30 07:47:10.135,0.99515,0.99535,0.10,0.50
2007.11.30 07:47:10.364,0.99515,0.99535,0.10,0.50
2007.11.30 07:47:10.592,0.99515,0.99535,0.10,0.50
2007.11.30 07:47:10.801,0.99515,0.99535,0.10,0.50
2007.11.30 07:47:11.010,0.99515,0.99535,0.10,0.50
2007.11.30 07:47:11.218,0.99515,0.99535,0.10,0.50
2007.11.30 07:47:11.285,0.99505,0.99535,3.60,0.50
2007.11.30 07:47:11.426,0.99515,0.99535,0.10,0.50
2007.11.30 07:47:11.635,0.99515,0.99535,0.10,0.50
2007.11.30 07:47:11.880,0.99505,0.99535,3.60,0.50
2007.11.30 07:47:12.112,0.99515,0.99535,0.10,0.50
2007.11.30 07:47:12.350,0.99505,0.99535,3.60,0.50
2007.11.30 07:47:12.589,0.99505,0.99535,3.60,0.50
2007.11.30 07:47:12.874,0.99505,0.99535,3.60,0.50
2007.11.30 07:47:13.145,0.99505,0.99535,3.60,0.50
2007.11.30 07:47:13.422,0.99505,0.99535,3.60,0.50
2007.11.30 07:47:13.700,0.99505,0.99535,3.60,0.50
2007.11.30 07:47:13.868,0.99515,0.99535,0.10,0.50
2007.11.30 07:47:14.037,0.99505,0.99535,3.60,0.50
2007.11.30 07:47:14.205,0.99505,0.99535,3.60,0.50
2007.11.30 07:47:14.373,0.99515,0.99535,0.10,0.50
2007.11.30 07:47:14.541,0.99505,0.99535,3.60,0.50
2007.11.30 07:47:14.715,0.99505,0.99535,3.60,0.50
2007.11.30 07:47:15.058,0.99505,0.99535,3.60,0.50
2007.11.30 07:47:15.388,0.99505,0.99535,7.60,0.50
2007.11.30 07:47:15.716,0.99505,0.99535,7.60,0.50
2007.11.30 07:47:15.878,0.99505,0.99535,7.60,0.50
2007.11.30 07:47:16.048,0.99515,0.99535,0.10,0.50
2007.11.30 07:47:16.209,0.99505,0.99535,7.60,0.50
2007.11.30 07:47:16.372,0.99515,0.99535,0.10,0.50
2007.11.30 07:47:16.535,0.99505,0.99535,7.60,0.50
2007.11.30 07:47:16.698,0.99515,0.99535,0.10,0.50
2007.11.30 07:47:16.861,0.99505,0.99535,7.60,0.50
2007.11.30 07:47:17.188,0.99515,0.99535,0.10,0.50
2007.11.30 07:47:17.516,0.99505,0.99535,7.60,0.50
2007.11.30 07:47:17.844,0.99505,0.99535,7.60,0.50
2007.11.30 07:47:18.037,0.99515,0.99535,0.10,0.50
2007.11.30 07:47:18.231,0.99515,0.99535,0.10,0.50
2007.11.30 07:47:18.426,0.99515,0.99535,0.10,0.50
2007.11.30 07:47:18.618,0.99505,0.99535,7.60,0.50
2007.11.30 07:47:18.811,0.99505,0.99535,7.60,0.50
2007.11.30 07:47:19.069,0.99505,0.99535,7.60,0.50
2007.11.30 07:47:19.327,0.99515,0.99535,0.10,0.50
2007.11.30 07:47:19.586,0.99505,0.99535,7.60,0.50
2007.11.30 07:47:19.853,0.99505,0.99535,7.60,0.50
2007.11.30 07:47:20.075,0.99515,0.99535,0.10,0.50
2007.11.30 07:47:20.303,0.99505,0.99535,7.60,0.50
2007.11.30 07:47:20.530,0.99505,0.99535,7.60,0.50
2007.11.30 07:47:20.758,0.99505,0.99535,7.60,0.50
2007.11.30 07:47:20.986,0.99505,0.99535,7.60,0.50
2007.11.30 07:47:21.230,0.99515,0.99535,0.10,0.50
2007.11.30 07:47:21.439,0.99505,0.99535,7.60,0.50
2007.11.30 07:47:21.646,0.99505,0.99535,7.60,0.50
2007.11.30 07:47:21.853,0.99505,0.99535,7.60,0.50
2007.11.30 07:47:22.062,0.99505,0.99535,7.60,0.50
2007.11.30 07:47:22.274,0.99505,0.99535,7.60,0.50
2007.11.30 07:47:22.467,0.99505,0.99535,7.60,0.50
2007.11.30 07:47:22.669,0.99505,0.99535,7.60,0.50
2007.11.30 07:47:22.878,0.99515,0.99535,0.10,0.50
2007.11.30 07:47:23.081,0.99505,0.99535,7.60,0.50
2007.11.30 07:47:23.304,0.99505,0.99535,7.60,0.50
2007.11.30 07:47:23.526,0.99515,0.99535,0.10,0.50
2007.11.30 07:47:23.750,0.99505,0.99535,7.60,0.50
2007.11.30 07:47:23.973,0.99505,0.99535,7.60,0.50
2007.11.30 07:47:24.197,0.99515,0.99535,0.10,0.50
2007.11.30 07:47:24.477,0.99515,0.99535,0.10,0.50
2007.11.30 07:47:24.756,0.9951,0.9955,0.10,0.50
2007.11.30 07:47:25.036,0.9951,0.9955,0.10,0.50
2007.11.30 07:47:25.314,0.9951,0.9955,0.10,0.50
2007.11.30 07:47:25.510,0.99505,0.9955,8.20,0.50
2007.11.30 07:47:25.709,0.99505,0.9955,8.20,1.20
2007.11.30 07:47:25.906,0.99505,0.9955,8.20,1.20
2007.11.30 07:47:26.104,0.99505,0.9955,8.20,1.20
2007.11.30 07:47:26.302,0.99505,0.9955,8.20,1.20
2007.11.30 07:47:26.524,0.9951,0.9955,0.10,1.20
2007.11.30 07:47:26.748,0.99505,0.9955,8.20,1.20
2007.11.30 07:47:26.971,0.99505,0.9955,8.20,1.20
2007.11.30 07:47:27.193,0.99505,0.9955,8.20,1.20
2007.11.30 07:47:27.416,0.9951,0.9955,0.10,1.20
2007.11.30 07:47:27.645,0.99505,0.9955,8.20,1.20
2007.11.30 07:47:27.878,0.99505,0.9955,8.20,1.20
2007.11.30 07:47:28.099,0.99505,0.9955,8.20,1.20
2007.11.30 07:47:28.335,0.9951,0.9955,0.10,1.20
2007.11.30 07:47:28.562,0.9951,0.9955,0.10,1.20
2007.11.30 07:47:28.809,0.99505,0.9955,8.20,1.20
2007.11.30 07:47:29.058,0.99505,0.9955,8.20,1.20
2007.11.30 07:47:29.311,0.9951,0.9955,0.10,1.20
2007.11.30 07:47:29.559,0.99505,0.9955,8.20,1.20
2007.11.30 07:47:29.783,0.99505,0.9955,8.20,1.20
2007.11.30 07:47:30.006,0.9951,0.9955,0.10,1.20
2007.11.30 07:47:30.228,0.99505,0.9955,8.20,1.20
2007.11.30 07:47:30.452,0.9951,0.9955,0.10,1.20
2007.11.30 07:47:30.675,0.9951,0.9955,0.10,1.20
2007.11.30 07:47:30.977,0.99505,0.9955,8.20,1.20
2007.11.30 07:47:31.279,0.9951,0.9955,0.10,1.20
2007.11.30 07:47:31.582,0.99505,0.9955,8.20,1.20
2007.11.30 07:47:31.886,0.9951,0.9955,0.10,1.20
2007.11.30 07:47:32.088,0.99505,0.9955,8.20,1.20
2007.11.30 07:47:32.291,0.99505,0.9955,8.20,1.20
2007.11.30 07:47:32.494,0.99505,0.9955,8.20,1.20
2007.11.30 07:47:32.697,0.99505,0.9955,8.20,1.20
2007.11.30 07:47:32.950,0.9951,0.9955,0.10,1.20
2007.11.30 07:47:33.204,0.99505,0.9955,8.20,1.20
2007.11.30 07:47:33.560,0.99505,0.9955,8.20,1.20
2007.11.30 07:47:33.813,0.99505,0.9955,8.20,1.20
2007.11.30 07:47:34.025,0.99505,0.9955,8.20,1.20
2007.11.30 07:47:34.238,0.99505,0.9955,8.20,1.20
2007.11.30 07:47:34.451,0.9951,0.9955,0.10,1.20
2007.11.30 07:47:34.671,0.99505,0.99535,7.60,0.50
2007.11.30 07:47:34.883,0.99515,0.99535,0.10,0.50
2007.11.30 07:47:35.217,0.99505,0.99535,7.60,0.50
2007.11.30 07:47:35.550,0.99515,0.99535,0.10,0.50
2007.11.30 07:47:35.883,0.99515,0.99535,0.10,0.50
2007.11.30 07:47:36.061,0.99505,0.99535,7.60,0.50
2007.11.30 07:47:36.239,0.99505,0.99535,7.60,0.50
2007.11.30 07:47:36.417,0.99505,0.99535,7.60,0.50
2007.11.30 07:47:36.601,0.99515,0.99535,0.10,0.50
2007.11.30 07:47:36.773,0.99515,0.99535,0.10,0.50
2007.11.30 07:47:36.951,0.99515,0.99535,0.10,0.50
2007.11.30 07:47:37.213,0.99505,0.99535,7.60,0.50
2007.11.30 07:47:37.477,0.99505,0.99535,7.60,0.50
2007.11.30 07:47:37.743,0.99505,0.99535,7.60,0.50
2007.11.30 07:47:38.006,0.99515,0.99535,0.10,0.50
2007.11.30 07:47:38.194,0.99505,0.99535,7.60,0.50
2007.11.30 07:47:38.381,0.99505,0.99535,7.60,0.50
2007.11.30 07:47:38.570,0.99505,0.99535,7.60,0.50
2007.11.30 07:47:38.757,0.99515,0.99535,0.10,0.50
2007.11.30 07:47:38.946,0.99515,0.99535,0.10,0.50
2007.11.30 07:47:39.133,0.99505,0.99535,7.60,0.50
2007.11.30 07:47:39.463,0.99505,0.99535,7.60,0.50
2007.11.30 07:47:39.792,0.99505,0.99535,7.60,0.50
2007.11.30 07:47:40.120,0.99515,0.99535,0.10,0.50
2007.11.30 07:47:40.264,0.99515,0.99535,0.10,0.50
2007.11.30 07:47:40.407,0.99505,0.99535,7.60,0.50
2007.11.30 07:47:40.551,0.99505,0.99535,7.60,0.50
2007.11.30 07:47:40.694,0.99505,0.99535,3.60,0.50
2007.11.30 07:47:40.836,0.99515,0.99535,0.10,0.50
2007.11.30 07:47:40.980,0.99515,0.99535,0.10,0.50
2007.11.30 07:47:41.123,0.99515,0.99535,0.10,0.50
2007.11.30 07:47:41.456,0.99515,0.99535,0.10,0.50
2007.11.30 07:47:41.790,0.99515,0.99535,0.10,0.50
2007.11.30 07:47:42.123,0.99515,0.99535,0.10,0.50
2007.11.30 07:47:42.325,0.99515,0.99535,0.10,0.50
2007.11.30 07:47:42.529,0.99515,0.99535,0.10,0.50
2007.11.30 07:47:42.732,0.99515,0.99535,0.10,0.50
2007.11.30 07:47:42.935,0.99515,0.99535,0.10,0.50
2007.11.30 07:47:43.137,0.99515,0.99535,0.10,0.50
2007.11.30 07:47:43.470,0.99515,0.99535,0.10,0.50
2007.11.30 07:47:43.804,0.99515,0.99535,0.10,0.50
2007.11.30 07:47:44.137,0.99515,0.99535,0.10,0.50
2007.11.30 07:47:44.365,0.99515,0.99535,0.10,0.50
2007.11.30 07:47:44.595,0.99515,0.99535,0.10,0.50
2007.11.30 07:47:44.822,0.99515,0.99535,0.10,0.50
2007.11.30 07:47:45.050,0.99515,0.99535,0.10,0.50
2007.11.30 07:47:45.278,0.99515,0.99535,0.10,0.50
2007.11.30 07:47:45.516,0.99515,0.99535,0.10,0.50
2007.11.30 07:47:45.892,0.99515,0.99535,0.10,0.50
2007.11.30 07:47:46.129,0.99515,0.99535,0.10,0.50
2007.11.30 07:47:46.376,0.99515,0.99535,0.10,0.50
2007.11.30 07:47:46.611,0.99515,0.99535,0.10,0.50
2007.11.30 07:47:46.853,0.99515,0.99535,0.10,0.50
2007.11.30 07:47:47.099,0.99515,0.99535,0.10,0.50
2007.11.30 07:47:47.342,0.99515,0.99535,0.10,0.50
2007.11.30 07:47:47.520,0.99515,0.99535,0.10,0.50
2007.11.30 07:47:47.697,0.99515,0.99535,0.10,0.50
2007.11.30 07:47:47.876,0.99515,0.99535,0.10,0.50
2007.11.30 07:47:48.053,0.99515,0.99535,0.10,0.50
2007.11.30 07:47:48.232,0.99515,0.99535,0.10,0.50
2007.11.30 07:47:48.410,0.99515,0.99535,0.10,0.50
2007.11.30 07:47:48.706,0.99515,0.99535,0.10,0.50
2007.11.30 07:47:48.998,0.99515,0.99535,0.10,0.50
2007.11.30 07:47:49.291,0.99515,0.99535,0.10,0.50
2007.11.30 07:47:49.585,0.99515,0.99535,0.10,0.50
2007.11.30 07:47:49.797,0.99515,0.99535,0.10,0.50
2007.11.30 07:47:50.012,0.99515,0.99535,0.10,0.50
2007.11.30 07:47:50.226,0.99515,0.99535,0.10,0.50
2007.11.30 07:47:50.439,0.99515,0.99535,0.10,0.50
2007.11.30 07:47:50.651,0.99515,0.99535,0.10,0.50
2007.11.30 07:47:50.864,0.99515,0.99535,0.10,0.50
2007.11.30 07:47:51.078,0.99515,0.99535,0.10,0.50
2007.11.30 07:47:51.291,0.99515,0.99535,0.10,0.50
2007.11.30 07:47:51.505,0.99515,0.99535,0.10,0.50
2007.11.30 07:47:51.733,0.99515,0.99535,0.10,0.50
2007.11.30 07:47:52.068,0.99515,0.99535,0.10,0.50
2007.11.30 07:47:52.311,0.99515,0.99535,0.10,0.50
2007.11.30 07:47:52.531,0.99515,0.99535,0.10,0.50
2007.11.30 07:47:52.809,0.99515,0.99535,0.10,0.50
2007.11.30 07:47:53.087,0.99515,0.99535,0.10,0.50
2007.11.30 07:47:53.365,0.99515,0.99535,0.10,0.50
2007.11.30 07:47:53.650,0.99515,0.99535,0.10,0.50
2007.11.30 07:47:53.913,0.99515,0.99535,0.10,0.50
2007.11.30 07:47:54.177,0.99515,0.99535,0.10,0.50
2007.11.30 07:47:54.440,0.99515,0.99535,0.10,0.50
2007.11.30 07:47:54.704,0.99515,0.99535,0.10,0.50
2007.11.30 07:47:54.991,0.99515,0.99535,0.10,0.50
2007.11.30 07:47:55.279,0.99515,0.99535,0.10,0.50
2007.11.30 07:47:55.566,0.99515,0.99535,0.10,0.50
2007.11.30 07:47:55.835,0.99515,0.99535,0.10,0.50
2007.11.30 07:47:56.105,0.99515,0.99535,0.10,0.50
2007.11.30 07:47:56.374,0.99515,0.99535,0.10,0.50
2007.11.30 07:47:56.642,0.99515,0.99535,0.10,0.50
2007.11.30 07:47:56.948,0.99515,0.99535,0.10,0.50
2007.11.30 07:47:57.251,0.99515,0.99535,0.10,0.50
2007.11.30 07:47:57.554,0.99515,0.99535,0.10,0.50
2007.11.30 07:47:57.858,0.99515,0.99535,0.10,0.50
2007.11.30 07:47:58.237,0.99515,0.99535,0.10,0.50
2007.11.30 07:47:58.524,0.99515,0.99535,0.10,0.50
2007.11.30 07:47:58.801,0.99515,0.99535,0.10,0.50
2007.11.30 07:47:59.039,0.99515,0.99535,0.10,0.50
2007.11.30 07:47:59.278,0.99515,0.99535,0.10,0.50
2007.11.30 07:47:59.524,0.99515,0.99535,0.10,0.50
2007.11.30 07:47:59.756,0.99515,0.99535,0.10,0.50
2007.11.30 07:48:00.060,0.99515,0.99535,0.10,0.50
2007.11.30 07:48:00.365,0.99515,0.99535,0.10,0.50
2007.11.30 07:48:00.667,0.99515,0.99535,0.10,0.50
2007.11.30 07:48:00.970,0.99515,0.99535,0.10,0.50
2007.11.30 07:48:01.238,0.99515,0.99535,0.10,0.50
2007.11.30 07:48:01.505,0.99515,0.99535,0.10,0.50
2007.11.30 07:48:01.774,0.99515,0.99535,0.10,0.50
2007.11.30 07:48:02.022,0.99515,0.99535,0.10,0.50
2007.11.30 07:48:02.274,0.99515,0.99535,0.10,0.50
2007.11.30 07:48:02.522,0.99515,0.99535,0.10,0.50
2007.11.30 07:48:02.771,0.99515,0.99535,0.10,0.50
2007.11.30 07:48:03.093,0.99515,0.99535,0.10,0.50
2007.11.30 07:48:03.421,0.99515,0.99535,0.10,0.50
2007.11.30 07:48:03.743,0.99515,0.99535,0.10,0.50
2007.11.30 07:48:04.066,0.99515,0.99535,0.10,0.50
2007.11.30 07:48:04.402,0.99515,0.99535,0.10,0.50
2007.11.30 07:48:04.666,0.99515,0.99535,0.10,0.50
2007.11.30 07:48:04.929,0.9951,0.9954,2.80,2.40
2007.11.30 07:48:05.143,0.9951,0.9954,2.80,2.40
2007.11.30 07:48:05.351,0.9951,0.9954,2.80,2.40
2007.11.30 07:48:05.559,0.9951,0.9954,2.80,2.40
2007.11.30 07:48:05.767,0.9951,0.9954,2.80,2.40
2007.11.30 07:48:05.975,0.9951,0.9954,2.80,2.40
2007.11.30 07:48:06.310,0.9951,0.9954,2.80,2.40
2007.11.30 07:48:06.641,0.9951,0.9954,2.80,2.40
2007.11.30 07:48:06.975,0.9951,0.9954,2.80,2.40
2007.11.30 07:48:07.307,0.9951,0.9954,2.80,2.40
2007.11.30 07:48:07.555,0.9951,0.9954,2.80,2.40
2007.11.30 07:48:07.787,0.9951,0.9954,2.80,0.50
2007.11.30 07:48:07.803,0.9951,0.9954,2.80,2.40
2007.11.30 07:48:08.051,0.9951,0.9954,2.80,2.40
2007.11.30 07:48:08.397,0.9951,0.9954,2.80,2.40
2007.11.30 07:48:08.718,0.9951,0.9954,2.80,2.40
2007.11.30 07:48:09.050,0.9951,0.9954,2.80,2.40
2007.11.30 07:48:09.278,0.9951,0.9954,2.80,2.40
2007.11.30 07:48:09.506,0.9951,0.9954,2.80,2.40
2007.11.30 07:48:09.734,0.9951,0.9954,2.80,2.40
2007.11.30 07:48:09.962,0.9951,0.9954,2.80,2.40
2007.11.30 07:48:10.189,0.9951,0.9954,2.80,2.40
2007.11.30 07:48:10.584,0.9951,0.9954,2.80,2.40
2007.11.30 07:48:10.909,0.9951,0.9954,2.80,2.40
2007.11.30 07:48:11.226,0.9951,0.9954,2.80,2.40
2007.11.30 07:48:11.433,0.9951,0.9954,2.80,2.40
2007.11.30 07:48:11.642,0.9951,0.9954,2.80,2.40
2007.11.30 07:48:11.850,0.9951,0.9954,2.80,2.40
2007.11.30 07:48:12.059,0.9951,0.9954,2.80,2.40
2007.11.30 07:48:12.342,0.9951,0.9954,2.80,2.40
2007.11.30 07:48:12.625,0.9951,0.9954,2.80,2.40
2007.11.30 07:48:12.909,0.9951,0.9954,2.80,2.40
2007.11.30 07:48:13.191,0.9951,0.9954,2.80,2.40
2007.11.30 07:48:13.449,0.9951,0.9954,2.80,2.40
2007.11.30 07:48:13.707,0.9951,0.9954,2.80,2.40
2007.11.30 07:48:13.965,0.9951,0.9954,2.80,2.40
2007.11.30 07:48:14.223,0.9951,0.9954,2.80,2.40
2007.11.30 07:48:14.511,0.9951,0.9954,2.80,2.40
2007.11.30 07:48:14.801,0.9951,0.9954,2.80,2.40
2007.11.30 07:48:15.089,0.9951,0.9954,2.80,2.40
2007.11.30 07:48:15.376,0.9951,0.9954,2.80,2.40
2007.11.30 07:48:15.633,0.9951,0.9954,2.80,2.40
2007.11.30 07:48:15.891,0.9951,0.9954,2.80,2.40
2007.11.30 07:48:16.150,0.9951,0.9954,2.80,2.40
2007.11.30 07:48:16.405,0.9951,0.9954,2.80,2.40
2007.11.30 07:48:16.746,0.9951,0.9954,2.80,2.40
2007.11.30 07:48:16.995,0.9951,0.9954,2.80,2.40
2007.11.30 07:48:17.243,0.9951,0.9954,2.80,2.40
2007.11.30 07:48:17.522,0.9951,0.9954,2.80,2.40
2007.11.30 07:48:17.795,0.9951,0.9954,2.80,2.40
2007.11.30 07:48:18.068,0.9951,0.9954,2.80,2.40
2007.11.30 07:48:18.341,0.9951,0.9954,2.80,2.40
2007.11.30 07:48:18.625,0.9951,0.9954,2.80,2.40
2007.11.30 07:48:18.908,0.9951,0.9954,2.80,2.40
2007.11.30 07:48:19.192,0.9951,0.9954,2.80,2.40
2007.11.30 07:48:19.455,0.9951,0.9954,2.80,2.40
2007.11.30 07:48:19.718,0.9951,0.9954,2.80,2.40
2007.11.30 07:48:19.981,0.9951,0.9954,2.80,2.40
2007.11.30 07:48:20.245,0.9951,0.9954,2.80,2.40
2007.11.30 07:48:20.497,0.9951,0.9954,2.80,2.40
2007.11.30 07:48:20.779,0.9951,0.9954,2.80,2.40
2007.11.30 07:48:21.034,0.9951,0.9954,2.80,2.40
2007.11.30 07:48:21.288,0.9951,0.9954,2.80,2.40
2007.11.30 07:48:21.585,0.9951,0.9954,2.80,2.40
2007.11.30 07:48:21.883,0.9951,0.9954,2.80,2.40
2007.11.30 07:48:22.181,0.9951,0.9954,2.80,2.40
2007.11.30 07:48:22.479,0.9951,0.9954,2.80,2.40
2007.11.30 07:48:22.767,0.9951,0.9954,2.80,2.40
2007.11.30 07:48:23.055,0.9951,0.9954,2.80,2.40
2007.11.30 07:48:23.350,0.9951,0.9954,2.80,2.40
2007.11.30 07:48:23.578,0.9951,0.9954,2.80,2.40
2007.11.30 07:48:23.805,0.9951,0.9954,2.80,2.40
2007.11.30 07:48:24.033,0.9951,0.9954,2.80,2.40
2007.11.30 07:48:24.261,0.9951,0.9954,2.80,2.40
2007.11.30 07:48:24.489,0.9951,0.9954,2.80,2.40
2007.11.30 07:48:24.717,0.9951,0.9954,2.80,2.40
2007.11.30 07:48:24.946,0.9951,0.9954,2.80,2.40
2007.11.30 07:48:25.174,0.9951,0.9954,2.80,2.40
2007.11.30 07:48:25.402,0.9951,0.9954,2.80,2.40
2007.11.30 07:48:25.635,0.9951,0.9954,2.80,2.40
2007.11.30 07:48:25.868,0.9951,0.9954,2.80,2.40
2007.11.30 07:48:26.100,0.9951,0.9954,2.80,2.40
2007.11.30 07:48:26.333,0.9951,0.9954,2.80,2.40
2007.11.30 07:48:26.620,0.9951,0.9954,2.80,2.40
2007.11.30 07:48:26.908,0.9951,0.9954,2.80,2.40
2007.11.30 07:48:27.197,0.9951,0.9954,2.80,2.40
2007.11.30 07:48:27.485,0.9951,0.9954,2.80,3.00
2007.11.30 07:48:27.773,0.9951,0.9954,2.80,3.00
2007.11.30 07:48:28.067,0.9951,0.9954,2.80,3.00
2007.11.30 07:48:28.357,0.9951,0.9954,2.80,3.00
2007.11.30 07:48:28.590,0.9951,0.9954,2.80,3.00
2007.11.30 07:48:28.824,0.9951,0.9954,2.80,3.00
2007.11.30 07:48:29.114,0.9951,0.9954,2.80,3.00
2007.11.30 07:48:29.347,0.9951,0.9954,2.80,3.00
2007.11.30 07:48:29.579,0.9951,0.9954,2.80,3.00
2007.11.30 07:48:29.856,0.9951,0.9954,2.80,3.00
2007.11.30 07:48:30.134,0.9951,0.9954,2.80,3.00
2007.11.30 07:48:30.412,0.9951,0.9954,2.80,3.00
2007.11.30 07:48:30.697,0.9951,0.9954,2.80,3.00
2007.11.30 07:48:30.979,0.9951,0.9954,2.80,3.00
2007.11.30 07:48:31.262,0.9951,0.9954,2.80,3.00
2007.11.30 07:48:31.549,0.9951,0.9954,2.80,3.00
2007.11.30 07:48:31.796,0.9951,0.9954,2.80,3.00
2007.11.30 07:48:32.050,0.9951,0.9954,2.80,3.00
2007.11.30 07:48:32.291,0.9951,0.9954,2.80,3.00
2007.11.30 07:48:32.545,0.9951,0.9954,2.80,3.00
2007.11.30 07:48:32.762,0.9951,0.9954,2.80,3.00
2007.11.30 07:48:32.980,0.9951,0.9954,2.80,3.00
2007.11.30 07:48:33.198,0.9951,0.9954,2.80,3.00
2007.11.30 07:48:33.416,0.9951,0.9954,2.80,3.00
2007.11.30 07:48:33.634,0.9951,0.9954,2.80,3.00
2007.11.30 07:48:33.872,0.9951,0.9954,2.80,3.00
2007.11.30 07:48:34.109,0.9951,0.9954,2.80,3.00
2007.11.30 07:48:34.349,0.9951,0.9954,2.80,3.00
2007.11.30 07:48:34.586,0.9951,0.9954,2.80,3.00
2007.11.30 07:48:34.824,0.9951,0.9954,2.80,3.00
2007.11.30 07:48:35.111,0.9951,0.9954,2.80,3.00
2007.11.30 07:48:35.400,0.9951,0.9954,2.80,3.00
2007.11.30 07:48:35.688,0.9951,0.9954,2.80,3.00
2007.11.30 07:48:35.910,0.9951,0.9954,2.80,3.00
2007.11.30 07:48:36.133,0.9951,0.9954,2.80,3.00
2007.11.30 07:48:36.363,0.9951,0.9954,2.80,3.00
2007.11.30 07:48:36.586,0.9951,0.9954,2.80,3.00
2007.11.30 07:48:36.810,0.9951,0.9954,2.80,3.00
2007.11.30 07:48:37.094,0.9951,0.9954,2.80,3.00
2007.11.30 07:48:37.378,0.9951,0.9954,2.80,3.00
2007.11.30 07:48:37.662,0.9951,0.9954,2.80,3.00
2007.11.30 07:48:37.944,0.9951,0.9954,2.80,3.00
2007.11.30 07:48:38.228,0.9951,0.9954,2.80,3.00
2007.11.30 07:48:38.511,0.9951,0.9954,2.80,3.00
2007.11.30 07:48:38.794,0.9951,0.9954,2.80,3.00
2007.11.30 07:48:39.007,0.9951,0.9954,2.80,3.00
2007.11.30 07:48:39.221,0.9951,0.9954,2.80,3.00
2007.11.30 07:48:39.433,0.9951,0.9954,2.80,3.00
2007.11.30 07:48:39.646,0.9951,0.9954,2.80,3.00
2007.11.30 07:48:39.859,0.9951,0.9954,2.80,3.00
2007.11.30 07:48:40.122,0.9951,0.9954,2.80,3.00
2007.11.30 07:48:40.385,0.9951,0.9954,2.80,3.00
2007.11.30 07:48:40.647,0.9951,0.9954,2.80,3.00
2007.11.30 07:48:40.910,0.9951,0.9954,2.80,3.00
2007.11.30 07:48:41.182,0.9951,0.9954,2.80,3.00
2007.11.30 07:48:41.456,0.9951,0.9954,2.80,3.00
2007.11.30 07:48:41.729,0.9951,0.9954,2.80,3.00
2007.11.30 07:48:42.002,0.9951,0.9954,2.80,3.00
2007.11.30 07:48:42.267,0.9951,0.9954,2.80,3.00
2007.11.30 07:48:42.525,0.9951,0.9954,2.80,3.00
2007.11.30 07:48:42.784,0.9951,0.9954,2.80,3.00
2007.11.30 07:48:43.042,0.9951,0.9954,2.80,3.00
2007.11.30 07:48:43.291,0.9951,0.9954,2.80,3.00
2007.11.30 07:48:43.539,0.9951,0.9954,2.80,3.00
2007.11.30 07:48:43.788,0.9951,0.9954,2.80,3.00
2007.11.30 07:48:44.035,0.9951,0.9954,2.80,3.00
2007.11.30 07:48:44.324,0.9951,0.9954,2.80,3.00
2007.11.30 07:48:44.612,0.9951,0.9954,2.80,3.00
2007.11.30 07:48:44.899,0.9951,0.9954,2.80,3.00
2007.11.30 07:48:45.154,0.9951,0.9954,2.80,3.00
2007.11.30 07:48:45.401,0.9951,0.9954,2.80,3.00
2007.11.30 07:48:45.649,0.9951,0.9954,2.80,3.00
2007.11.30 07:48:45.897,0.9951,0.9954,2.80,3.00
2007.11.30 07:48:46.130,0.9951,0.9954,2.80,3.00
2007.11.30 07:48:46.362,0.9951,0.9954,2.80,3.00
2007.11.30 07:48:46.594,0.9951,0.9954,2.80,3.00
2007.11.30 07:48:46.826,0.9951,0.9954,2.80,3.00
2007.11.30 07:48:47.058,0.9951,0.9954,2.80,3.00
2007.11.30 07:48:47.352,0.9951,0.9954,2.80,2.40
2007.11.30 07:48:47.645,0.9951,0.9954,2.80,2.40
2007.11.30 07:48:47.938,0.9951,0.9954,2.80,2.40
2007.11.30 07:48:48.172,0.9951,0.9954,2.80,2.40
2007.11.30 07:48:48.411,0.9951,0.9954,2.80,2.40
2007.11.30 07:48:48.639,0.9951,0.9954,2.80,2.40
2007.11.30 07:48:48.871,0.9951,0.9954,2.80,2.40
2007.11.30 07:48:49.104,0.9951,0.9954,2.80,2.40
2007.11.30 07:48:49.432,0.9951,0.9954,2.80,2.40
2007.11.30 07:48:49.759,0.9951,0.9954,2.80,2.40
2007.11.30 07:48:50.086,0.9951,0.9954,2.80,2.40
2007.11.30 07:48:50.322,0.9951,0.9954,2.80,2.40
2007.11.30 07:48:50.551,0.9951,0.9954,2.80,2.40
2007.11.30 07:48:50.779,0.9951,0.9954,2.80,2.40
2007.11.30 07:48:51.006,0.9951,0.9954,2.80,2.40
2007.11.30 07:48:51.314,0.9951,0.9954,2.80,2.40
2007.11.30 07:48:51.621,0.9951,0.9954,2.80,2.40
2007.11.30 07:48:51.929,0.9951,0.9954,2.80,2.40
2007.11.30 07:48:52.236,0.9951,0.9954,2.80,2.40
2007.11.30 07:48:52.556,0.9951,0.9954,2.80,2.40
2007.11.30 07:48:52.869,0.9951,0.9954,2.80,2.40
2007.11.30 07:48:53.182,0.9951,0.9954,2.80,2.40
2007.11.30 07:48:53.385,0.9951,0.9954,2.80,2.40
2007.11.30 07:48:53.587,0.9951,0.9954,2.80,2.40
2007.11.30 07:48:53.790,0.9951,0.9954,2.80,2.40
2007.11.30 07:48:53.994,0.9951,0.9954,2.80,2.40
2007.11.30 07:48:54.286,0.9951,0.9954,2.80,2.40
2007.11.30 07:48:54.579,0.9951,0.9954,2.80,2.40
2007.11.30 07:48:54.872,0.9951,0.9954,2.80,2.40
2007.11.30 07:48:55.164,0.9951,0.9954,2.80,2.40
2007.11.30 07:48:55.398,0.9951,0.9954,2.80,2.40
2007.11.30 07:48:55.630,0.9951,0.9954,2.80,2.40
2007.11.30 07:48:55.863,0.9951,0.9954,2.80,2.40
2007.11.30 07:48:56.095,0.9951,0.9954,2.80,2.40
2007.11.30 07:48:56.382,0.9951,0.9954,2.80,2.40
2007.11.30 07:48:56.467,0.995,0.9954,16.80,2.40
2007.11.30 07:48:56.670,0.995,0.9954,16.80,2.40
2007.11.30 07:48:56.958,0.9951,0.9954,0.90,2.40
2007.11.30 07:48:57.246,0.995,0.9954,16.80,2.40
2007.11.30 07:48:57.514,0.9951,0.9954,1.40,2.40
2007.11.30 07:48:57.781,0.995,0.9954,16.80,2.40
2007.11.30 07:48:58.049,0.9953,0.9954,0.50,2.40
2007.11.30 07:48:58.316,0.9953,0.9954,0.50,2.40
2007.11.30 07:48:58.574,0.9953,0.9954,0.50,2.40
2007.11.30 07:48:58.833,0.9953,0.9954,0.50,2.40
2007.11.30 07:48:59.091,0.9953,0.9954,0.50,2.40
2007.11.30 07:48:59.349,0.9953,0.9954,0.50,2.40
2007.11.30 07:48:59.566,0.9953,0.9954,0.50,2.40
2007.11.30 07:48:59.784,0.9953,0.9954,0.50,2.40
2007.11.30 07:49:00.002,0.9953,0.9954,0.50,2.40
2007.11.30 07:49:00.220,0.9953,0.9954,0.50,2.40
2007.11.30 07:49:00.438,0.9953,0.9954,0.50,2.40
2007.11.30 07:49:00.735,0.9953,0.9954,0.50,2.40
2007.11.30 07:49:01.033,0.9953,0.9954,0.50,2.40
2007.11.30 07:49:01.331,0.9953,0.9954,0.50,2.40
2007.11.30 07:49:01.589,0.9953,0.9954,0.50,2.40
2007.11.30 07:49:01.847,0.9953,0.9954,0.50,2.40
2007.11.30 07:49:02.105,0.9953,0.9954,0.50,2.40
2007.11.30 07:49:02.364,0.9953,0.9954,0.50,2.40
2007.11.30 07:49:02.657,0.9953,0.9954,0.50,2.40
2007.11.30 07:49:02.950,0.9953,0.9954,0.50,2.40
2007.11.30 07:49:03.244,0.9953,0.9954,0.50,2.40
2007.11.30 07:49:03.537,0.9953,0.9954,0.50,2.40
2007.11.30 07:49:03.825,0.9953,0.9954,0.50,2.40
2007.11.30 07:49:04.112,0.9953,0.9954,0.50,2.40
2007.11.30 07:49:04.407,0.9953,0.9954,0.50,2.40
2007.11.30 07:49:04.655,0.9953,0.9954,0.50,2.40
2007.11.30 07:49:04.904,0.9951,0.99545,0.60,2.40
2007.11.30 07:49:05.154,0.9951,0.9955,0.60,0.50
2007.11.30 07:49:05.402,0.9951,0.9955,0.60,0.50
2007.11.30 07:49:05.725,0.99525,0.9955,0.50,0.50
2007.11.30 07:49:06.118,0.9951,0.9955,1.40,0.50
2007.11.30 07:49:06.443,0.99525,0.9955,0.50,0.50
2007.11.30 07:49:06.660,0.99525,0.9955,0.50,0.50
2007.11.30 07:49:06.878,0.99525,0.9955,0.50,0.50
2007.11.30 07:49:07.096,0.9951,0.9955,1.40,0.50
2007.11.30 07:49:07.314,0.9951,0.9955,1.40,0.50
2007.11.30 07:49:07.532,0.99525,0.9955,0.50,0.50
2007.11.30 07:49:07.865,0.9951,0.9955,1.40,0.50
2007.11.30 07:49:08.198,0.9951,0.9955,1.40,0.50
2007.11.30 07:49:08.531,0.99525,0.9955,0.50,0.50
2007.11.30 07:49:08.864,0.9951,0.9955,1.40,0.50
2007.11.30 07:49:09.091,0.99525,0.9955,0.50,0.50
2007.11.30 07:49:09.319,0.9951,0.9955,1.40,0.50
2007.11.30 07:49:09.548,0.9951,0.9955,1.40,0.50
2007.11.30 07:49:09.812,0.9951,0.9955,1.40,0.50
2007.11.30 07:49:10.075,0.99525,0.9955,0.50,0.50
2007.11.30 07:49:10.338,0.9951,0.9955,1.40,0.50
2007.11.30 07:49:10.604,0.9951,0.9955,1.40,0.50
2007.11.30 07:49:10.852,0.9951,0.9955,1.40,0.50
2007.11.30 07:49:11.099,0.9951,0.9955,1.40,0.50
2007.11.30 07:49:11.347,0.99525,0.9955,0.50,0.50
2007.11.30 07:49:11.596,0.9951,0.9955,1.40,0.50
2007.11.30 07:49:11.875,0.9951,0.9955,1.40,0.50
2007.11.30 07:49:12.285,0.9951,0.9955,1.40,0.50
2007.11.30 07:49:12.565,0.9951,0.9955,1.40,0.50
2007.11.30 07:49:12.759,0.99525,0.9955,0.50,0.50
2007.11.30 07:49:12.952,0.9951,0.9955,1.40,0.50
2007.11.30 07:49:13.144,0.9951,0.9955,1.40,0.50
2007.11.30 07:49:13.339,0.99525,0.9955,0.50,0.50
2007.11.30 07:49:13.531,0.99525,0.9955,0.50,0.50
2007.11.30 07:49:13.724,0.99515,0.9955,1.30,0.50
2007.11.30 07:49:14.066,0.99515,0.9955,4.80,0.50
2007.11.30 07:49:14.399,0.9953,0.9955,0.10,0.50
2007.11.30 07:49:14.733,0.99525,0.9955,3.20,0.50
2007.11.30 07:49:14.948,0.99525,0.9955,3.20,0.50
2007.11.30 07:49:15.162,0.9953,0.9955,0.10,0.50
2007.11.30 07:49:15.374,0.99525,0.9955,3.20,0.50
2007.11.30 07:49:15.588,0.9953,0.9955,0.10,0.50
2007.11.30 07:49:15.801,0.99525,0.9955,3.20,0.50
2007.11.30 07:49:16.125,0.9953,0.9955,0.10,0.50
2007.11.30 07:49:16.448,0.99525,0.9955,3.20,0.50
2007.11.30 07:49:16.771,0.99525,0.9955,3.20,0.50
2007.11.30 07:49:17.020,0.9953,0.9955,0.10,0.50
2007.11.30 07:49:17.268,0.9953,0.9955,0.10,0.50
2007.11.30 07:49:17.516,0.99525,0.9955,3.20,0.50
2007.11.30 07:49:17.765,0.99525,0.9955,3.20,0.50
2007.11.30 07:49:18.053,0.99525,0.9955,3.20,0.50
2007.11.30 07:49:18.462,0.99525,0.9955,3.20,0.50
2007.11.30 07:49:18.751,0.9953,0.9955,0.10,0.50
2007.11.30 07:49:19.039,0.99525,0.9955,3.20,0.50
2007.11.30 07:49:19.309,0.9953,0.9955,0.30,0.50
2007.11.30 07:49:19.586,0.99535,0.9955,0.20,0.50
2007.11.30 07:49:19.858,0.99535,0.9955,0.20,0.50
2007.11.30 07:49:20.096,0.9953,0.9955,0.30,0.50
2007.11.30 07:49:20.334,0.9953,0.9955,0.30,0.50
2007.11.30 07:49:20.575,0.9953,0.9955,0.30,0.50
2007.11.30 07:49:20.812,0.99535,0.9955,0.20,0.50
2007.11.30 07:49:21.144,0.99535,0.9955,0.20,0.50
2007.11.30 07:49:21.476,0.9953,0.9955,0.30,0.50
2007.11.30 07:49:21.809,0.99535,0.9955,0.20,0.50
2007.11.30 07:49:22.047,0.99535,0.9955,0.20,0.50
2007.11.30 07:49:22.286,0.9953,0.9955,0.30,0.50
2007.11.30 07:49:22.524,0.9953,0.9955,0.30,0.50
2007.11.30 07:49:22.762,0.99535,0.9955,0.20,0.50
2007.11.30 07:49:23.000,0.9953,0.9955,0.30,0.50
2007.11.30 07:49:23.319,0.99535,0.9955,0.20,0.50
2007.11.30 07:49:23.637,0.99535,0.9955,0.20,0.50
2007.11.30 07:49:23.956,0.9953,0.9955,0.30,0.50
2007.11.30 07:49:24.205,0.99535,0.9955,0.20,0.50
2007.11.30 07:49:24.453,0.99535,0.9955,0.20,0.50
2007.11.30 07:49:24.702,0.99535,0.9955,0.20,0.50
2007.11.30 07:49:24.950,0.99535,0.9955,0.20,0.50
2007.11.30 07:49:25.274,0.99535,0.9955,0.20,0.50
2007.11.30 07:49:25.597,0.99535,0.9955,0.20,0.50
2007.11.30 07:49:25.920,0.99535,0.9955,0.20,0.50
2007.11.30 07:49:26.157,0.99535,0.9955,0.20,0.50
2007.11.30 07:49:26.390,0.99535,0.9955,0.20,0.50
2007.11.30 07:49:26.622,0.99535,0.9955,0.20,0.50
2007.11.30 07:49:26.857,0.99535,0.9955,0.20,0.50
2007.11.30 07:49:27.091,0.99535,0.9955,0.20,0.50
2007.11.30 07:49:27.425,0.99535,0.9955,0.20,0.50
2007.11.30 07:49:27.760,0.99535,0.9955,0.20,0.50
2007.11.30 07:49:28.094,0.99535,0.9955,0.20,0.50
2007.11.30 07:49:28.306,0.99535,0.9955,0.20,0.50
2007.11.30 07:49:28.523,0.99535,0.9955,0.20,0.50
2007.11.30 07:49:28.738,0.99535,0.9955,0.20,0.50
2007.11.30 07:49:28.951,0.99535,0.9955,0.20,0.50
2007.11.30 07:49:29.254,0.99535,0.9955,0.20,0.50
2007.11.30 07:49:29.558,0.99535,0.9955,0.20,0.50
2007.11.30 07:49:29.861,0.99535,0.9955,0.20,0.50
2007.11.30 07:49:30.163,0.99535,0.9955,0.20,0.50
2007.11.30 07:49:30.391,0.99535,0.9955,0.20,0.50
2007.11.30 07:49:30.620,0.99535,0.9955,0.20,0.50
2007.11.30 07:49:30.848,0.99535,0.9955,0.20,0.50
2007.11.30 07:49:31.076,0.99535,0.9955,0.20,0.50
2007.11.30 07:49:31.309,0.99535,0.9955,0.20,0.50
2007.11.30 07:49:31.543,0.99535,0.9955,0.20,0.50
2007.11.30 07:49:31.777,0.99535,0.9955,0.20,0.50
2007.11.30 07:49:32.010,0.99535,0.9955,0.20,0.50
2007.11.30 07:49:32.243,0.99535,0.9955,0.20,0.50
2007.11.30 07:49:32.532,0.99535,0.9955,0.20,0.50
2007.11.30 07:49:32.820,0.99535,0.9955,0.20,0.50
2007.11.30 07:49:33.107,0.99535,0.9955,0.20,0.50
2007.11.30 07:49:33.310,0.99535,0.9955,0.20,0.50
2007.11.30 07:49:33.513,0.99535,0.9955,0.20,0.50
2007.11.30 07:49:33.716,0.99535,0.9955,0.20,0.50
2007.11.30 07:49:33.920,0.99535,0.9955,0.20,0.50
2007.11.30 07:49:34.124,0.99535,0.9955,0.20,0.50
2007.11.30 07:49:34.436,0.99535,0.9955,0.20,0.50
2007.11.30 07:49:34.748,0.99535,0.9955,0.20,0.50
2007.11.30 07:49:35.060,0.99535,0.9955,0.20,0.50
2007.11.30 07:49:35.376,0.99535,0.9955,0.20,0.50
2007.11.30 07:49:35.634,0.99535,0.9955,0.20,0.50
2007.11.30 07:49:35.892,0.99535,0.9955,0.20,0.50
2007.11.30 07:49:36.150,0.99535,0.9955,0.20,0.50
2007.11.30 07:49:36.421,0.99535,0.9955,0.20,0.50
2007.11.30 07:49:36.689,0.99535,0.9955,0.20,0.50
2007.11.30 07:49:36.968,0.99535,0.9955,0.20,0.50
2007.11.30 07:49:37.238,0.99535,0.9955,0.20,0.50
2007.11.30 07:49:37.496,0.99535,0.9955,0.20,0.50
2007.11.30 07:49:37.756,0.99535,0.9955,0.20,0.50
2007.11.30 07:49:38.015,0.99535,0.9955,0.20,0.50
2007.11.30 07:49:38.273,0.99535,0.9955,0.20,0.50
2007.11.30 07:49:38.487,0.99535,0.9955,0.20,0.50
2007.11.30 07:49:38.700,0.99535,0.9955,0.20,0.50
2007.11.30 07:49:38.914,0.99535,0.9955,0.20,0.50
2007.11.30 07:49:39.127,0.99535,0.9955,0.20,0.50
2007.11.30 07:49:39.340,0.99535,0.9955,0.20,0.50
2007.11.30 07:49:39.598,0.99535,0.9955,0.20,0.50
2007.11.30 07:49:39.855,0.99535,0.9955,0.20,0.50
2007.11.30 07:49:40.121,0.99535,0.9955,0.20,0.50
2007.11.30 07:49:40.372,0.99535,0.9955,0.20,0.50
2007.11.30 07:49:40.626,0.99535,0.9955,0.20,0.50
2007.11.30 07:49:40.879,0.99535,0.9955,0.20,0.50
2007.11.30 07:49:41.132,0.99535,0.9955,0.20,0.50
2007.11.30 07:49:41.387,0.99535,0.9955,0.20,0.50
2007.11.30 07:49:41.611,0.99535,0.9955,0.20,0.50
2007.11.30 07:49:41.833,0.99535,0.9955,0.20,0.50
2007.11.30 07:49:42.057,0.99535,0.9955,0.20,0.50
2007.11.30 07:49:42.287,0.99535,0.9955,0.20,0.50
2007.11.30 07:49:42.510,0.99535,0.9955,0.20,0.50
2007.11.30 07:49:42.809,0.99535,0.9955,0.20,0.50
2007.11.30 07:49:43.142,0.99535,0.9955,0.20,0.50
2007.11.30 07:49:43.448,0.99535,0.9955,0.20,0.50
2007.11.30 07:49:43.636,0.99535,0.9955,0.20,0.50
2007.11.30 07:49:43.824,0.99535,0.9955,0.20,0.50
2007.11.30 07:49:44.012,0.99535,0.9955,0.20,0.50
2007.11.30 07:49:44.200,0.99535,0.9955,0.20,0.50
2007.11.30 07:49:44.396,0.99535,0.9955,0.20,0.50
2007.11.30 07:49:44.584,0.99535,0.9955,0.20,0.50
2007.11.30 07:49:44.916,0.99535,0.9955,0.20,0.50
2007.11.30 07:49:45.249,0.99535,0.9955,0.20,0.50
2007.11.30 07:49:45.585,0.99535,0.9955,0.20,0.50
2007.11.30 07:49:45.788,0.99535,0.9955,0.20,0.50
2007.11.30 07:49:45.991,0.99535,0.9955,0.20,0.50
2007.11.30 07:49:46.193,0.99535,0.9955,0.20,0.50
2007.11.30 07:49:46.397,0.99535,0.9955,0.20,0.50
2007.11.30 07:49:46.601,0.99535,0.9955,0.20,0.50
2007.11.30 07:49:46.822,0.99535,0.99555,0.20,1.00
2007.11.30 07:49:46.899,0.99535,0.9955,0.20,0.50
2007.11.30 07:49:47.197,0.99535,0.9955,0.20,0.50
2007.11.30 07:49:47.501,0.99535,0.9955,0.20,0.50
2007.11.30 07:49:47.793,0.99535,0.9955,0.20,0.50
2007.11.30 07:49:48.061,0.99535,0.9955,0.20,0.50
2007.11.30 07:49:48.334,0.99535,0.9955,0.20,0.50
2007.11.30 07:49:48.600,0.99535,0.9955,0.20,0.50
2007.11.30 07:49:48.833,0.99535,0.9955,0.20,0.50
2007.11.30 07:49:49.067,0.99535,0.9955,0.20,0.50
2007.11.30 07:49:49.306,0.99535,0.9955,0.20,0.50
2007.11.30 07:49:49.538,0.9953,0.9955,0.10,0.50
2007.11.30 07:49:49.771,0.9953,0.9955,0.10,0.50
2007.11.30 07:49:50.069,0.9953,0.9955,0.10,0.50
2007.11.30 07:49:50.367,0.9953,0.9955,0.10,0.50
2007.11.30 07:49:50.665,0.9953,0.9955,0.10,0.50
2007.11.30 07:49:50.852,0.9953,0.9955,0.10,0.50
2007.11.30 07:49:51.040,0.9953,0.9955,0.10,0.50
2007.11.30 07:49:51.228,0.9953,0.9955,0.10,0.50
2007.11.30 07:49:51.416,0.9953,0.9955,0.10,0.50
2007.11.30 07:49:51.604,0.9953,0.9955,0.10,0.50
2007.11.30 07:49:51.792,0.9953,0.9955,0.10,0.50
2007.11.30 07:49:52.110,0.9953,0.9955,0.10,0.50
2007.11.30 07:49:52.428,0.9953,0.9955,0.10,0.50
2007.11.30 07:49:52.746,0.9953,0.9955,0.10,0.50
2007.11.30 07:49:52.909,0.9953,0.9955,0.10,0.50
2007.11.30 07:49:53.072,0.9953,0.9955,0.10,0.50
2007.11.30 07:49:53.234,0.9953,0.9955,0.10,0.50
2007.11.30 07:49:53.404,0.9953,0.9955,0.10,0.50
2007.11.30 07:49:53.560,0.9953,0.9955,0.10,0.50
2007.11.30 07:49:53.722,0.9953,0.9955,0.10,0.50
2007.11.30 07:49:54.010,0.9953,0.9955,0.10,0.50
2007.11.30 07:49:54.298,0.9953,0.9955,0.10,0.50
2007.11.30 07:49:54.586,0.9953,0.9955,0.10,0.50
2007.11.30 07:49:54.874,0.9953,0.9955,0.10,0.50
2007.11.30 07:49:55.071,0.9953,0.9955,0.10,0.50
2007.11.30 07:49:55.263,0.9953,0.9955,0.10,0.50
2007.11.30 07:49:55.487,0.9953,0.9955,0.10,0.50
2007.11.30 07:49:55.678,0.9953,0.9955,0.10,0.50
2007.11.30 07:49:55.869,0.9953,0.9955,0.10,0.50
2007.11.30 07:49:56.131,0.9953,0.9955,0.10,0.50
2007.11.30 07:49:56.395,0.9953,0.9955,0.10,0.50
2007.11.30 07:49:56.666,0.9953,0.9955,0.10,0.50
2007.11.30 07:49:56.929,0.9953,0.9955,0.10,0.50
2007.11.30 07:49:57.179,0.9953,0.9955,0.10,0.50
2007.11.30 07:49:57.426,0.9953,0.9955,0.10,0.50
2007.11.30 07:49:57.674,0.9953,0.9955,0.10,0.50
2007.11.30 07:49:57.922,0.9953,0.9955,0.10,0.50
2007.11.30 07:49:58.215,0.9953,0.9955,0.10,0.50
2007.11.30 07:49:58.508,0.9953,0.9955,0.10,0.50
2007.11.30 07:49:58.801,0.9953,0.9955,0.10,0.50
2007.11.30 07:49:59.093,0.9953,0.9955,0.10,0.50
2007.11.30 07:49:59.335,0.9953,0.9955,0.10,0.50
2007.11.30 07:49:59.578,0.9953,0.9955,0.10,0.50
2007.11.30 07:49:59.822,0.9953,0.9955,0.10,0.50
2007.11.30 07:50:00.065,0.9953,0.9955,0.10,0.50
2007.11.30 07:50:00.263,0.9953,0.9955,0.10,0.50
2007.11.30 07:50:00.467,0.9953,0.9955,0.10,0.50
2007.11.30 07:50:00.658,0.9953,0.9955,0.10,0.50
2007.11.30 07:50:00.856,0.9953,0.9955,0.10,0.50
2007.11.30 07:50:01.053,0.9953,0.9955,0.10,0.50
2007.11.30 07:50:01.361,0.9953,0.9955,0.10,0.50
2007.11.30 07:50:01.669,0.9953,0.9955,0.10,0.50
2007.11.30 07:50:01.986,0.9953,0.9955,0.10,0.50
2007.11.30 07:50:02.284,0.9953,0.9955,0.10,0.50
2007.11.30 07:50:02.567,0.9953,0.9955,0.10,0.50
2007.11.30 07:50:02.850,0.9953,0.9955,0.10,0.50
2007.11.30 07:50:03.133,0.9953,0.9955,0.10,0.50
2007.11.30 07:50:03.366,0.9953,0.9955,0.10,0.50
2007.11.30 07:50:03.598,0.9953,0.9955,0.10,0.50
2007.11.30 07:50:03.830,0.9953,0.9955,0.10,0.50
2007.11.30 07:50:04.063,0.9953,0.9955,0.10,0.50
2007.11.30 07:50:04.311,0.9953,0.9955,0.10,0.50
2007.11.30 07:50:04.564,0.9953,0.9955,0.10,0.50
2007.11.30 07:50:04.812,0.9953,0.9955,0.10,0.50
2007.11.30 07:50:05.060,0.9953,0.9955,0.10,0.50
2007.11.30 07:50:05.316,0.9953,0.9955,0.10,0.50
2007.11.30 07:50:05.573,0.9953,0.9955,0.10,0.50
2007.11.30 07:50:05.832,0.9953,0.9955,0.10,0.50
2007.11.30 07:50:06.089,0.9953,0.9955,0.10,0.50
2007.11.30 07:50:06.372,0.9953,0.9955,0.10,0.50
2007.11.30 07:50:06.654,0.9953,0.9955,0.10,0.50
2007.11.30 07:50:06.937,0.9953,0.9955,0.10,0.50
2007.11.30 07:50:07.219,0.9953,0.9955,0.10,0.50
2007.11.30 07:50:07.459,0.9953,0.9955,0.10,0.50
2007.11.30 07:50:07.799,0.9953,0.9955,0.10,0.50
2007.11.30 07:50:08.037,0.9953,0.9955,0.10,0.50
2007.11.30 07:50:08.274,0.9953,0.9955,0.10,0.50
2007.11.30 07:50:08.556,0.9953,0.9955,0.10,0.50
2007.11.30 07:50:08.820,0.9953,0.9955,0.10,0.50
2007.11.30 07:50:08.884,0.9952,0.9955,1.70,0.50
2007.11.30 07:50:09.092,0.9952,0.9955,1.70,0.50
2007.11.30 07:50:09.365,0.99515,0.99555,10.40,4.00
2007.11.30 07:50:09.648,0.9952,0.99555,0.70,4.00
2007.11.30 07:50:09.930,0.99515,0.99555,10.40,4.00
2007.11.30 07:50:10.213,0.99515,0.99555,10.40,4.00
2007.11.30 07:50:10.445,0.99515,0.99555,10.40,4.00
2007.11.30 07:50:10.678,0.99515,0.99555,10.40,4.00
2007.11.30 07:50:10.911,0.99515,0.99555,10.40,4.00
2007.11.30 07:50:11.144,0.99515,0.99555,10.40,4.00
2007.11.30 07:50:11.376,0.99515,0.99555,10.40,4.00
2007.11.30 07:50:11.634,0.99515,0.99555,10.40,4.00
2007.11.30 07:50:11.891,0.99515,0.99555,10.40,4.00
2007.11.30 07:50:12.150,0.9952,0.99555,1.10,4.00
2007.11.30 07:50:12.414,0.9952,0.99555,0.70,4.00
2007.11.30 07:50:12.681,0.9952,0.99555,16.70,4.00
2007.11.30 07:50:12.949,0.9953,0.99555,1.70,4.00
2007.11.30 07:50:13.217,0.9952,0.99555,16.70,4.00
2007.11.30 07:50:13.484,0.9952,0.99555,16.70,4.00
2007.11.30 07:50:13.732,0.9953,0.99555,2.00,4.00
2007.11.30 07:50:13.980,0.9953,0.99555,1.40,4.00
2007.11.30 07:50:14.228,0.9953,0.99555,0.60,4.00
2007.11.30 07:50:14.476,0.9952,0.99555,10.30,4.00
2007.11.30 07:50:14.739,0.9952,0.99555,10.30,4.00
2007.11.30 07:50:15.002,0.9952,0.99555,10.30,4.00
2007.11.30 07:50:15.265,0.9952,0.99555,10.30,4.00
2007.11.30 07:50:15.528,0.9952,0.99555,10.30,4.00
2007.11.30 07:50:15.756,0.9952,0.99555,10.30,4.00
2007.11.30 07:50:15.983,0.9952,0.99555,10.30,4.00
2007.11.30 07:50:16.211,0.9952,0.99555,10.30,4.00
2007.11.30 07:50:16.438,0.9953,0.99555,1.30,4.00
2007.11.30 07:50:16.666,0.9953,0.99555,1.30,4.00
2007.11.30 07:50:16.929,0.9953,0.99555,2.00,4.00
2007.11.30 07:50:17.192,0.9953,0.99555,1.20,4.00
2007.11.30 07:50:17.460,0.9953,0.99555,1.20,4.00
2007.11.30 07:50:17.722,0.9952,0.99555,10.30,4.00
2007.11.30 07:50:17.984,0.9952,0.99555,10.30,4.00
2007.11.30 07:50:18.248,0.9953,0.99555,1.30,4.00
2007.11.30 07:50:18.512,0.9952,0.99555,12.70,4.00
2007.11.30 07:50:18.776,0.9953,0.99555,1.90,4.00
2007.11.30 07:50:19.038,0.9953,0.99555,1.10,4.00
2007.11.30 07:50:19.301,0.9952,0.99555,12.70,4.00
2007.11.30 07:50:19.564,0.9952,0.99555,12.70,4.00
2007.11.30 07:50:19.827,0.9952,0.99555,12.70,4.00
2007.11.30 07:50:20.136,0.9952,0.99555,12.70,4.00
2007.11.30 07:50:20.445,0.9952,0.99555,12.70,4.00
2007.11.30 07:50:20.752,0.9953,0.99555,1.10,4.00
2007.11.30 07:50:21.062,0.9953,0.99555,1.80,4.00
2007.11.30 07:50:21.305,0.9952,0.99555,12.70,4.00
2007.11.30 07:50:21.548,0.9952,0.99555,12.70,4.00
2007.11.30 07:50:21.792,0.9953,0.99555,0.90,4.00
2007.11.30 07:50:22.029,0.9952,0.99555,12.70,4.00
2007.11.30 07:50:22.267,0.9952,0.99555,12.70,4.00
2007.11.30 07:50:22.504,0.9953,0.99555,1.30,4.00
2007.11.30 07:50:22.742,0.9952,0.99555,12.70,4.00
2007.11.30 07:50:22.981,0.9952,0.99555,12.70,4.00
2007.11.30 07:50:23.213,0.9952,0.99555,12.70,4.00
2007.11.30 07:50:23.445,0.9952,0.99555,12.70,4.00
2007.11.30 07:50:23.678,0.9952,0.99555,12.70,4.00
2007.11.30 07:50:23.910,0.9952,0.99555,12.70,4.00
2007.11.30 07:50:24.143,0.9952,0.99555,12.60,4.00
2007.11.30 07:50:24.397,0.9953,0.99555,1.00,4.00
2007.11.30 07:50:24.651,0.9953,0.99555,1.50,4.00
2007.11.30 07:50:24.904,0.9952,0.99555,12.60,4.00
2007.11.30 07:50:25.157,0.9952,0.99555,12.60,4.00
2007.11.30 07:50:25.385,0.9952,0.99555,12.60,4.00
2007.11.30 07:50:25.614,0.9952,0.99555,12.60,4.00
2007.11.30 07:50:25.847,0.9952,0.99555,12.60,4.00
2007.11.30 07:50:26.069,0.9952,0.99555,12.60,4.00
2007.11.30 07:50:26.314,0.9952,0.99555,12.60,4.00
2007.11.30 07:50:26.572,0.9953,0.99555,1.30,4.00
2007.11.30 07:50:26.830,0.9953,0.99555,2.00,4.00
2007.11.30 07:50:27.090,0.9953,0.99555,1.80,4.00
2007.11.30 07:50:27.349,0.9952,0.99555,12.60,4.00
2007.11.30 07:50:27.567,0.9953,0.99555,1.90,4.00
2007.11.30 07:50:27.785,0.9952,0.99555,12.60,4.00
2007.11.30 07:50:28.003,0.9952,0.99555,12.60,4.00
2007.11.30 07:50:28.221,0.9953,0.99555,1.10,4.00
2007.11.30 07:50:28.438,0.9952,0.99555,12.60,4.00
2007.11.30 07:50:28.677,0.9952,0.99555,12.60,4.00
2007.11.30 07:50:28.914,0.9952,0.99555,12.60,4.00
2007.11.30 07:50:29.152,0.9953,0.99555,1.80,4.00
2007.11.30 07:50:29.389,0.9953,0.99555,1.60,4.00
2007.11.30 07:50:29.607,0.9952,0.99555,12.60,4.00
2007.11.30 07:50:29.824,0.9952,0.99555,12.60,4.00
2007.11.30 07:50:30.042,0.9953,0.99555,0.70,4.00
2007.11.30 07:50:30.259,0.9952,0.99555,12.60,4.00
2007.11.30 07:50:30.478,0.9953,0.99555,0.90,4.00
2007.11.30 07:50:30.746,0.9953,0.99555,1.40,4.00
2007.11.30 07:50:31.014,0.9952,0.99555,12.60,4.00
2007.11.30 07:50:31.282,0.9953,0.99555,0.50,4.00
2007.11.30 07:50:31.550,0.9952,0.99555,12.60,4.00
2007.11.30 07:50:31.788,0.9952,0.99555,12.60,4.00
2007.11.30 07:50:32.026,0.9953,0.99555,1.00,4.00
2007.11.30 07:50:32.263,0.9953,0.99555,1.80,4.00
2007.11.30 07:50:32.502,0.9952,0.99555,12.60,4.00
2007.11.30 07:50:32.739,0.9952,0.99555,12.60,4.00
2007.11.30 07:50:32.997,0.9953,0.99555,1.10,4.00
2007.11.30 07:50:33.254,0.9952,0.99555,12.60,4.00
2007.11.30 07:50:33.512,0.9953,0.99555,2.00,4.00
2007.11.30 07:50:33.769,0.9952,0.99555,12.60,4.00
2007.11.30 07:50:34.057,0.9953,0.99555,1.00,4.00
2007.11.30 07:50:34.344,0.9953,0.99555,1.40,4.00
2007.11.30 07:50:34.632,0.9952,0.99555,12.60,4.00
2007.11.30 07:50:34.860,0.9952,0.99555,12.60,4.00
2007.11.30 07:50:35.088,0.9952,0.99555,12.70,4.00
2007.11.30 07:50:35.317,0.9953,0.99555,1.10,4.00
2007.11.30 07:50:35.545,0.9952,0.99555,12.70,4.00
2007.11.30 07:50:35.772,0.9952,0.99555,12.70,4.00
2007.11.30 07:50:36.071,0.9953,0.99555,1.20,4.00
2007.11.30 07:50:36.369,0.9952,0.99555,12.70,4.00
2007.11.30 07:50:36.666,0.9953,0.9956,0.90,8.60
2007.11.30 07:50:36.963,0.9953,0.9956,0.80,8.60
2007.11.30 07:50:37.211,0.9952,0.9956,12.60,8.60
2007.11.30 07:50:37.459,0.9952,0.9956,12.60,8.60
2007.11.30 07:50:37.707,0.9952,0.9956,12.60,8.60
2007.11.30 07:50:37.985,0.9953,0.9956,1.50,8.60
2007.11.30 07:50:38.263,0.9952,0.9956,12.60,8.60
2007.11.30 07:50:38.657,0.9953,0.9956,3.20,8.60
2007.11.30 07:50:38.936,0.9953,0.9956,3.20,8.60
2007.11.30 07:50:39.198,0.9953,0.9956,3.20,8.60
2007.11.30 07:50:39.471,0.9953,0.9956,3.20,8.60
2007.11.30 07:50:39.733,0.9953,0.9956,3.20,8.60
2007.11.30 07:50:39.950,0.9953,0.9956,3.20,8.60
2007.11.30 07:50:40.168,0.9953,0.9956,3.20,8.60
2007.11.30 07:50:40.386,0.9953,0.9956,3.30,8.60
2007.11.30 07:50:40.604,0.9953,0.9956,3.30,8.60
2007.11.30 07:50:40.830,0.9953,0.9956,3.30,8.60
2007.11.30 07:50:41.087,0.9953,0.9956,3.30,8.60
2007.11.30 07:50:41.345,0.9953,0.9956,3.30,8.60
2007.11.30 07:50:41.606,0.9953,0.9956,3.30,8.60
2007.11.30 07:50:41.863,0.9953,0.9956,3.30,8.60
2007.11.30 07:50:42.121,0.9953,0.9956,3.20,8.60
2007.11.30 07:50:42.379,0.9953,0.9956,3.20,8.60
2007.11.30 07:50:42.636,0.9953,0.9956,3.20,8.60
2007.11.30 07:50:42.895,0.9953,0.9956,3.20,8.60
2007.11.30 07:50:43.113,0.9953,0.9956,3.20,8.60
2007.11.30 07:50:43.330,0.9953,0.9956,3.20,8.60
2007.11.30 07:50:43.548,0.9953,0.9956,3.20,8.60
2007.11.30 07:50:43.768,0.9953,0.9956,3.20,8.60
2007.11.30 07:50:43.984,0.9953,0.9956,3.20,8.60
2007.11.30 07:50:44.277,0.9953,0.9956,3.20,8.60
2007.11.30 07:50:44.571,0.99525,0.99545,1.00,4.40
2007.11.30 07:50:44.864,0.99525,0.99545,1.00,4.40
2007.11.30 07:50:45.156,0.99525,0.99545,1.00,4.40
2007.11.30 07:50:45.400,0.99525,0.99545,1.00,4.40
2007.11.30 07:50:45.642,0.99525,0.99545,1.00,4.40
2007.11.30 07:50:45.887,0.99525,0.99545,1.00,4.40
2007.11.30 07:50:46.131,0.99525,0.99545,1.00,4.40
2007.11.30 07:50:46.414,0.99525,0.99545,1.00,4.40
2007.11.30 07:50:46.698,0.99525,0.99545,1.00,4.40
2007.11.30 07:50:46.981,0.99525,0.99545,1.00,4.40
2007.11.30 07:50:47.218,0.99525,0.99545,1.00,4.40
2007.11.30 07:50:47.456,0.99525,0.99545,1.00,4.40
2007.11.30 07:50:47.694,0.99525,0.99545,1.00,4.40
2007.11.30 07:50:47.937,0.99525,0.99545,1.00,4.40
2007.11.30 07:50:48.203,0.99525,0.99545,1.00,4.40
2007.11.30 07:50:48.471,0.99525,0.99545,1.00,4.40
2007.11.30 07:50:48.738,0.99525,0.99545,1.00,4.40
2007.11.30 07:50:49.006,0.99525,0.99545,1.00,4.40
2007.11.30 07:50:49.240,0.99525,0.99545,1.00,4.40
2007.11.30 07:50:49.472,0.99525,0.99545,1.00,4.40
2007.11.30 07:50:49.706,0.99525,0.99545,1.00,4.40
2007.11.30 07:50:49.938,0.99525,0.99545,1.00,4.40
2007.11.30 07:50:50.171,0.99525,0.99545,1.00,4.40
2007.11.30 07:50:50.375,0.99525,0.99545,1.00,4.40
2007.11.30 07:50:50.578,0.99525,0.99545,1.00,4.40
2007.11.30 07:50:50.781,0.99525,0.99545,1.00,4.40
2007.11.30 07:50:51.004,0.99525,0.99545,1.00,4.40
2007.11.30 07:50:51.188,0.99525,0.99545,1.00,4.40
2007.11.30 07:50:51.437,0.99525,0.99545,1.00,4.40
2007.11.30 07:50:51.692,0.99525,0.99545,1.00,4.40
2007.11.30 07:50:51.933,0.99525,0.99545,1.00,4.40
2007.11.30 07:50:52.187,0.99525,0.99545,1.00,4.40
2007.11.30 07:50:52.423,0.9953,0.99545,0.10,4.00
2007.11.30 07:50:52.668,0.9953,0.9955,0.10,0.50
2007.11.30 07:50:52.911,0.9953,0.9955,0.10,0.50
2007.11.30 07:50:53.155,0.9953,0.9955,0.10,0.50
2007.11.30 07:50:53.403,0.9953,0.9955,0.10,0.50
2007.11.30 07:50:53.652,0.9953,0.9955,0.10,0.50
2007.11.30 07:50:53.901,0.9953,0.9955,0.10,0.50
2007.11.30 07:50:54.149,0.9953,0.9955,0.10,0.50
2007.11.30 07:50:54.382,0.9953,0.9955,0.10,0.50
2007.11.30 07:50:54.615,0.9953,0.9955,0.10,0.50
2007.11.30 07:50:54.848,0.9953,0.9955,0.10,0.50
2007.11.30 07:50:55.081,0.9953,0.9955,0.10,0.50
2007.11.30 07:50:55.315,0.9953,0.9955,0.10,0.50
2007.11.30 07:50:55.582,0.9953,0.9955,0.10,0.50
2007.11.30 07:50:55.850,0.9953,0.9955,0.10,0.50
2007.11.30 07:50:55.992,0.9953,0.9955,0.10,0.50
2007.11.30 07:50:56.118,0.9953,0.99555,0.10,4.90
2007.11.30 07:50:56.386,0.9953,0.9955,0.10,0.50
2007.11.30 07:50:56.622,0.9953,0.99555,0.10,4.90
2007.11.30 07:50:56.850,0.9953,0.99555,0.10,4.90
2007.11.30 07:50:57.153,0.9953,0.9955,0.10,0.50
2007.11.30 07:50:57.383,0.9953,0.9955,0.10,0.50
2007.11.30 07:50:57.644,0.9953,0.9955,0.10,0.50
2007.11.30 07:50:57.907,0.9953,0.9955,0.10,0.50
2007.11.30 07:50:58.169,0.9953,0.9955,0.10,0.50
2007.11.30 07:50:58.436,0.9953,0.9955,0.10,0.50
2007.11.30 07:50:58.650,0.9953,0.9955,0.10,0.50
2007.11.30 07:50:58.863,0.9953,0.9955,0.10,0.50
2007.11.30 07:50:59.076,0.9953,0.9955,0.10,0.50
2007.11.30 07:50:59.289,0.9953,0.9955,0.10,0.50
2007.11.30 07:50:59.503,0.99535,0.99555,0.10,4.40
2007.11.30 07:50:59.828,0.99535,0.99555,0.10,4.40
2007.11.30 07:51:00.150,0.99535,0.99555,0.10,4.40
2007.11.30 07:51:00.477,0.99535,0.99555,0.10,4.40
2007.11.30 07:51:00.681,0.99535,0.99555,0.10,4.40
2007.11.30 07:51:00.885,0.99535,0.99555,0.10,4.40
2007.11.30 07:51:01.089,0.99535,0.99555,0.10,4.40
2007.11.30 07:51:01.291,0.99535,0.99555,0.10,4.40
2007.11.30 07:51:01.495,0.99535,0.99555,0.10,4.40
2007.11.30 07:51:01.804,0.99535,0.99555,0.10,4.40
2007.11.30 07:51:02.111,0.99535,0.99555,0.10,4.40
2007.11.30 07:51:02.421,0.99535,0.99555,0.10,4.40
2007.11.30 07:51:02.729,0.99535,0.99555,0.10,4.40
2007.11.30 07:51:02.908,0.99535,0.99555,0.10,4.40
2007.11.30 07:51:03.085,0.99535,0.99555,0.10,4.40
2007.11.30 07:51:03.323,0.99535,0.99555,0.10,4.40
2007.11.30 07:51:03.502,0.99535,0.99555,0.10,4.40
2007.11.30 07:51:03.681,0.99535,0.99555,0.10,4.40
2007.11.30 07:51:03.911,0.99535,0.99555,0.10,4.40
2007.11.30 07:51:04.141,0.99535,0.99555,0.10,4.40
2007.11.30 07:51:04.366,0.99535,0.99555,0.10,4.40
2007.11.30 07:51:04.594,0.99535,0.99555,0.10,4.40
2007.11.30 07:51:04.822,0.99535,0.99555,0.10,4.40
2007.11.30 07:51:05.136,0.99535,0.99555,0.10,4.40
2007.11.30 07:51:05.451,0.99535,0.99555,0.10,4.40
2007.11.30 07:51:05.764,0.99535,0.99555,0.10,4.40
2007.11.30 07:51:06.079,0.99535,0.99555,0.10,4.40
2007.11.30 07:51:06.257,0.99535,0.99555,0.10,4.40
2007.11.30 07:51:06.435,0.99535,0.99555,0.10,4.40
2007.11.30 07:51:06.613,0.99535,0.99555,0.10,4.40
2007.11.30 07:51:06.791,0.99535,0.99555,0.10,4.40
2007.11.30 07:51:07.010,0.99525,0.99545,4.10,0.50
2007.11.30 07:51:07.229,0.99525,0.99545,0.10,0.50
2007.11.30 07:51:07.454,0.99515,0.9955,7.80,0.50
2007.11.30 07:51:07.671,0.99515,0.9955,4.20,0.50
2007.11.30 07:51:07.890,0.99515,0.9955,1.40,0.50
2007.11.30 07:51:08.158,0.99515,0.9955,1.40,0.50
2007.11.30 07:51:08.427,0.99515,0.9955,1.00,0.50
2007.11.30 07:51:08.695,0.99515,0.9955,1.00,0.50
2007.11.30 07:51:08.963,0.99525,0.99545,0.10,0.50
2007.11.30 07:51:09.224,0.99525,0.99545,0.10,0.50
2007.11.30 07:51:09.495,0.99525,0.99545,0.10,0.50
2007.11.30 07:51:09.749,0.99525,0.99545,0.10,0.50
2007.11.30 07:51:10.003,0.99525,0.99545,0.10,0.50
2007.11.30 07:51:10.241,0.99525,0.99545,0.10,0.50
2007.11.30 07:51:10.474,0.99525,0.99545,0.10,0.50
2007.11.30 07:51:10.708,0.99525,0.99545,0.10,0.50
2007.11.30 07:51:10.941,0.99525,0.99545,0.10,0.50
2007.11.30 07:51:11.174,0.99525,0.99545,0.10,0.50
2007.11.30 07:51:11.476,0.99525,0.99545,0.10,0.50
2007.11.30 07:51:11.762,0.99525,0.99545,0.10,0.50
2007.11.30 07:51:12.060,0.99525,0.99545,0.10,0.50
2007.11.30 07:51:12.349,0.99525,0.99545,0.10,0.50
2007.11.30 07:51:12.578,0.99525,0.99545,0.10,0.50
2007.11.30 07:51:12.808,0.99525,0.99545,0.10,0.50
2007.11.30 07:51:13.036,0.99525,0.99545,0.10,0.50
2007.11.30 07:51:13.269,0.99525,0.99545,0.10,0.50
2007.11.30 07:51:13.537,0.9952,0.9954,0.10,0.50
2007.11.30 07:51:13.806,0.9952,0.9954,0.10,0.50
2007.11.30 07:51:14.077,0.9952,0.9954,0.10,0.50
2007.11.30 07:51:14.296,0.9952,0.9954,0.10,0.50
2007.11.30 07:51:14.515,0.9952,0.9954,0.10,0.50
2007.11.30 07:51:14.734,0.9952,0.9954,0.10,0.50
2007.11.30 07:51:14.959,0.9952,0.9954,0.10,0.50
2007.11.30 07:51:15.169,0.9952,0.9954,0.10,0.50
2007.11.30 07:51:15.482,0.9952,0.9954,0.10,0.50
2007.11.30 07:51:15.796,0.9952,0.9954,0.10,0.50
2007.11.30 07:51:16.109,0.9952,0.9954,0.10,0.50
2007.11.30 07:51:16.422,0.9952,0.9954,0.10,0.50
2007.11.30 07:51:16.617,0.9952,0.9954,0.10,0.50
2007.11.30 07:51:16.811,0.9952,0.9954,0.10,0.50
2007.11.30 07:51:17.003,0.99515,0.99535,3.10,0.50
2007.11.30 07:51:17.196,0.99515,0.99535,0.70,4.40
2007.11.30 07:51:17.449,0.99515,0.99535,0.70,4.40
2007.11.30 07:51:17.702,0.99515,0.99535,0.70,4.40
2007.11.30 07:51:17.957,0.99515,0.99535,0.70,4.40
2007.11.30 07:51:18.211,0.99525,0.99545,0.10,0.50
2007.11.30 07:51:18.413,0.99525,0.99545,0.10,0.50
2007.11.30 07:51:18.616,0.99525,0.99545,0.10,0.50
2007.11.30 07:51:18.819,0.99525,0.99545,0.10,0.50
2007.11.30 07:51:19.022,0.99525,0.99545,0.10,0.50
2007.11.30 07:51:19.225,0.99525,0.99545,0.10,0.50
2007.11.30 07:51:19.498,0.99525,0.99545,0.10,0.50
2007.11.30 07:51:19.771,0.99525,0.99545,0.10,0.50
2007.11.30 07:51:20.044,0.99525,0.99545,0.10,0.50
2007.11.30 07:51:20.317,0.99525,0.99545,0.10,0.50
2007.11.30 07:51:20.565,0.99525,0.99545,0.10,0.50
2007.11.30 07:51:20.814,0.99525,0.99545,0.10,0.50
2007.11.30 07:51:21.060,0.99525,0.99545,0.10,0.50
2007.11.30 07:51:21.308,0.99525,0.99545,0.10,0.50
2007.11.30 07:51:21.537,0.99515,0.9955,4.20,0.50
2007.11.30 07:51:21.825,0.99515,0.99545,2.40,3.40
2007.11.30 07:51:22.053,0.99515,0.99545,2.40,3.40
2007.11.30 07:51:22.281,0.99515,0.99545,2.40,3.40
2007.11.30 07:51:22.519,0.99515,0.9954,2.40,0.50
2007.11.30 07:51:22.758,0.99515,0.99535,2.40,3.40
2007.11.30 07:51:22.997,0.99515,0.99535,2.40,3.40
2007.11.30 07:51:23.235,0.99515,0.99535,2.40,3.40
2007.11.30 07:51:23.479,0.99515,0.99535,2.40,3.40
2007.11.30 07:51:23.758,0.99515,0.99535,2.40,3.40
2007.11.30 07:51:24.037,0.99515,0.99535,2.40,3.40
2007.11.30 07:51:24.316,0.99515,0.99535,2.40,3.40
2007.11.30 07:51:24.565,0.99515,0.99535,2.40,3.40
2007.11.30 07:51:24.814,0.99515,0.9954,2.40,0.50
2007.11.30 07:51:25.064,0.99515,0.9955,2.40,4.60
2007.11.30 07:51:25.313,0.99515,0.9955,2.40,0.50
2007.11.30 07:51:25.591,0.99515,0.9955,2.40,0.50
2007.11.30 07:51:25.868,0.99515,0.9955,2.40,0.50
2007.11.30 07:51:26.146,0.99515,0.9955,2.40,0.50
2007.11.30 07:51:26.429,0.99515,0.9955,2.40,0.50
2007.11.30 07:51:26.701,0.99515,0.9955,2.40,0.50
2007.11.30 07:51:26.979,0.99515,0.9955,2.40,0.50
2007.11.30 07:51:27.256,0.99515,0.9955,2.40,0.50
2007.11.30 07:51:27.528,0.99515,0.9955,2.40,0.50
2007.11.30 07:51:27.734,0.99515,0.9955,2.40,0.50
2007.11.30 07:51:27.996,0.99515,0.9955,2.40,0.50
2007.11.30 07:51:28.204,0.99515,0.9955,2.40,0.50
2007.11.30 07:51:28.418,0.99515,0.9955,2.40,0.50
2007.11.30 07:51:28.649,0.99515,0.9955,2.40,0.50
2007.11.30 07:51:28.889,0.99515,0.9955,2.40,0.50
2007.11.30 07:51:29.122,0.99515,0.9955,2.40,0.50
2007.11.30 07:51:29.356,0.99515,0.9955,2.40,0.50
2007.11.30 07:51:29.587,0.99515,0.9955,2.40,0.50
2007.11.30 07:51:29.806,0.99515,0.9955,2.40,0.50
2007.11.30 07:51:30.023,0.99515,0.9955,2.40,0.50
2007.11.30 07:51:30.241,0.99515,0.9955,2.40,0.50
2007.11.30 07:51:30.458,0.99515,0.9955,2.40,0.50
2007.11.30 07:51:30.676,0.99515,0.9955,2.40,0.50
2007.11.30 07:51:30.929,0.99515,0.9955,2.40,0.50
2007.11.30 07:51:31.182,0.99515,0.9955,2.40,0.50
2007.11.30 07:51:31.436,0.99515,0.9955,2.40,0.50
2007.11.30 07:51:31.689,0.99515,0.9955,2.40,0.50
2007.11.30 07:51:31.947,0.99515,0.9955,2.40,0.50
2007.11.30 07:51:32.205,0.99515,0.9955,2.40,0.50
2007.11.30 07:51:32.377,0.99515,0.9955,0.70,0.50
2007.11.30 07:51:32.466,0.99515,0.9955,1.00,0.50
2007.11.30 07:51:32.724,0.99515,0.9955,1.40,0.50
2007.11.30 07:51:32.987,0.9951,0.9955,7.30,0.50
2007.11.30 07:51:33.249,0.9951,0.9955,7.30,0.50
2007.11.30 07:51:33.511,0.9951,0.9955,7.30,0.50
2007.11.30 07:51:33.780,0.99515,0.9955,0.50,0.50
2007.11.30 07:51:34.166,0.9951,0.9955,7.30,0.50
2007.11.30 07:51:34.419,0.9951,0.9955,7.30,0.50
2007.11.30 07:51:34.653,0.9951,0.9955,7.30,0.50
2007.11.30 07:51:34.898,0.9951,0.9955,7.30,0.50
2007.11.30 07:51:35.172,0.9951,0.9955,7.30,0.50
2007.11.30 07:51:35.444,0.9951,0.9955,7.30,0.50
2007.11.30 07:51:35.723,0.99515,0.9955,0.70,0.50
2007.11.30 07:51:35.997,0.99515,0.9955,1.40,0.50
2007.11.30 07:51:36.254,0.9951,0.9955,7.30,0.50
2007.11.30 07:51:36.512,0.9951,0.9955,7.30,0.50
2007.11.30 07:51:36.770,0.9951,0.9955,7.30,0.50
2007.11.30 07:51:37.026,0.9951,0.9955,7.30,0.50
2007.11.30 07:51:37.276,0.9951,0.9955,7.30,0.50
2007.11.30 07:51:37.520,0.9951,0.9955,7.30,0.50
2007.11.30 07:51:37.764,0.9951,0.9955,7.30,0.50
2007.11.30 07:51:38.005,0.9951,0.9955,7.30,0.50
2007.11.30 07:51:38.327,0.99515,0.9955,1.10,0.50
2007.11.30 07:51:38.651,0.99525,0.99545,0.10,0.50
2007.11.30 07:51:38.974,0.99515,0.99545,4.50,0.50
2007.11.30 07:51:39.197,0.99525,0.99545,0.10,0.50
2007.11.30 07:51:39.421,0.9952,0.99545,0.60,0.50
2007.11.30 07:51:39.648,0.99525,0.99545,0.10,0.50
2007.11.30 07:51:39.871,0.9952,0.99545,0.90,0.50
2007.11.30 07:51:40.320,0.9952,0.99545,0.90,0.50
2007.11.30 07:51:40.623,0.9952,0.99545,0.90,0.50
2007.11.30 07:51:40.926,0.9952,0.99545,0.90,0.50
2007.11.30 07:51:41.131,0.99525,0.99545,0.10,0.50
2007.11.30 07:51:41.336,0.99525,0.99545,0.10,0.50
2007.11.30 07:51:41.539,0.9952,0.99545,0.90,0.50
2007.11.30 07:51:41.742,0.99525,0.99545,0.10,0.50
2007.11.30 07:51:41.946,0.9952,0.99545,0.90,0.50
2007.11.30 07:51:42.274,0.9952,0.99545,0.90,0.50
2007.11.30 07:51:42.603,0.99525,0.99545,0.10,0.50
2007.11.30 07:51:42.933,0.9952,0.99545,0.90,0.50
2007.11.30 07:51:43.176,0.99525,0.99545,0.10,0.50
2007.11.30 07:51:43.419,0.9952,0.99545,0.90,0.50
2007.11.30 07:51:43.663,0.9952,0.99545,0.90,0.50
2007.11.30 07:51:43.914,0.9952,0.99545,0.90,0.50
2007.11.30 07:51:44.156,0.9952,0.99545,0.90,0.50
2007.11.30 07:51:44.419,0.9952,0.99545,0.90,0.50
2007.11.30 07:51:44.682,0.99525,0.99545,0.10,0.50
2007.11.30 07:51:44.945,0.9952,0.99545,0.90,0.50
2007.11.30 07:51:45.182,0.99525,0.99545,0.10,0.50
2007.11.30 07:51:45.419,0.9952,0.99545,0.90,0.50
2007.11.30 07:51:45.658,0.9952,0.99545,0.90,0.50
2007.11.30 07:51:45.895,0.99525,0.99545,0.10,0.50
2007.11.30 07:51:46.133,0.9952,0.99545,0.90,0.50
2007.11.30 07:51:46.482,0.99525,0.99545,0.10,0.50
2007.11.30 07:51:46.779,0.99525,0.99545,0.10,0.50
2007.11.30 07:51:47.078,0.99525,0.99545,0.10,0.50
2007.11.30 07:51:47.288,0.99525,0.99545,0.10,0.50
2007.11.30 07:51:47.493,0.9952,0.99545,0.90,0.50
2007.11.30 07:51:47.697,0.9952,0.99545,0.90,0.50
2007.11.30 07:51:47.911,0.99525,0.99545,0.10,0.50
2007.11.30 07:51:48.114,0.99525,0.99545,0.10,0.50
2007.11.30 07:51:48.447,0.99525,0.99545,0.10,0.50
2007.11.30 07:51:48.779,0.99525,0.99545,0.10,0.50
2007.11.30 07:51:49.119,0.9952,0.99545,0.90,0.50
2007.11.30 07:51:49.349,0.9952,0.99545,0.90,0.50
2007.11.30 07:51:49.575,0.99525,0.99545,0.10,0.50
2007.11.30 07:51:49.803,0.99525,0.99545,0.10,0.50
2007.11.30 07:51:50.031,0.9952,0.99545,0.90,0.50
2007.11.30 07:51:50.258,0.9952,0.99545,0.90,0.50
2007.11.30 07:51:50.572,0.9952,0.99545,0.90,0.50
2007.11.30 07:51:50.884,0.99525,0.99545,0.10,0.50
2007.11.30 07:51:51.197,0.99525,0.99545,0.10,0.50
2007.11.30 07:51:51.416,0.9952,0.99545,0.90,0.50
2007.11.30 07:51:51.634,0.9952,0.99545,0.90,0.50
2007.11.30 07:51:51.853,0.9952,0.99545,0.90,0.50
2007.11.30 07:51:52.071,0.9952,0.99545,0.90,0.50
2007.11.30 07:51:52.289,0.99525,0.99545,0.10,0.50
2007.11.30 07:51:52.652,0.9952,0.99545,0.90,0.50
2007.11.30 07:51:52.930,0.9952,0.99545,0.90,0.50
2007.11.30 07:51:53.209,0.99525,0.99545,0.10,0.50
2007.11.30 07:51:53.489,0.9952,0.99545,0.90,0.50
2007.11.30 07:51:53.718,0.9952,0.99545,0.90,0.50
2007.11.30 07:51:53.946,0.99525,0.99545,0.10,0.50
2007.11.30 07:51:54.175,0.9952,0.99545,0.90,0.50
2007.11.30 07:51:54.402,0.99525,0.99545,0.10,0.50
2007.11.30 07:51:54.686,0.9952,0.99545,0.90,0.50
2007.11.30 07:51:54.969,0.99525,0.99545,0.10,0.50
2007.11.30 07:51:55.253,0.9952,0.99545,0.90,0.50
2007.11.30 07:51:55.536,0.99525,0.99545,0.10,0.50
2007.11.30 07:51:55.818,0.9952,0.99545,0.90,0.50
2007.11.30 07:51:56.102,0.9952,0.99545,0.90,0.50
2007.11.30 07:51:56.385,0.99525,0.99545,0.10,0.50
2007.11.30 07:51:56.668,0.99525,0.99545,0.10,0.50
2007.11.30 07:51:56.896,0.99525,0.99545,0.10,0.50
2007.11.30 07:51:57.124,0.99525,0.99545,0.10,0.50
2007.11.30 07:51:57.352,0.99525,0.99545,0.10,0.50
2007.11.30 07:51:57.580,0.9952,0.99545,0.90,0.50
2007.11.30 07:51:57.829,0.99525,0.99545,0.10,0.50
2007.11.30 07:51:58.076,0.9952,0.99545,0.90,0.50
2007.11.30 07:51:58.324,0.9952,0.99545,0.90,0.50
2007.11.30 07:51:58.572,0.9952,0.99545,0.90,0.50
2007.11.30 07:51:58.820,0.9952,0.99545,0.90,0.50
2007.11.30 07:51:59.103,0.9952,0.99545,0.90,0.50
2007.11.30 07:51:59.386,0.99525,0.99545,0.10,0.50
2007.11.30 07:51:59.668,0.9952,0.99545,0.90,0.50
2007.11.30 07:51:59.927,0.9952,0.99545,0.90,0.50
2007.11.30 07:52:00.185,0.9952,0.99545,0.90,0.50
2007.11.30 07:52:00.442,0.99525,0.99545,0.10,0.50
2007.11.30 07:52:00.701,0.99525,0.99545,0.10,0.50
2007.11.30 07:52:01.000,0.99525,0.99545,0.10,0.50
2007.11.30 07:52:01.297,0.99525,0.99545,0.10,0.50
2007.11.30 07:52:01.594,0.99525,0.99545,0.10,0.50
2007.11.30 07:52:01.892,0.99525,0.99545,0.10,0.50
2007.11.30 07:52:02.119,0.99525,0.99545,0.10,0.50
2007.11.30 07:52:02.338,0.99525,0.99545,0.10,0.50
2007.11.30 07:52:02.556,0.99525,0.99545,0.10,0.50
2007.11.30 07:52:02.774,0.99525,0.99545,0.10,0.50
2007.11.30 07:52:02.991,0.99525,0.99545,0.10,0.50
2007.11.30 07:52:03.275,0.99525,0.99545,0.10,0.50
2007.11.30 07:52:03.558,0.99525,0.99545,0.10,0.50
2007.11.30 07:52:03.840,0.99525,0.99545,0.10,0.50
2007.11.30 07:52:04.124,0.99525,0.99545,0.10,0.50
2007.11.30 07:52:04.378,0.99525,0.99545,0.10,0.50
2007.11.30 07:52:04.631,0.99525,0.99545,0.10,0.50
2007.11.30 07:52:04.985,0.99525,0.99545,0.10,0.50
2007.11.30 07:52:05.168,0.99525,0.99545,0.10,0.50
2007.11.30 07:52:05.357,0.99525,0.99545,0.10,0.50
2007.11.30 07:52:05.539,0.99525,0.99545,0.10,0.50
2007.11.30 07:52:05.731,0.99525,0.99545,0.10,0.50
2007.11.30 07:52:05.913,0.99525,0.99545,0.10,0.50
2007.11.30 07:52:06.095,0.99525,0.99545,0.10,0.50
2007.11.30 07:52:06.403,0.99525,0.99545,0.10,0.50
2007.11.30 07:52:06.716,0.99525,0.99545,0.10,0.50
2007.11.30 07:52:07.022,0.99525,0.99545,0.10,0.50
2007.11.30 07:52:07.337,0.99525,0.99545,0.10,0.50
2007.11.30 07:52:07.523,0.99525,0.99545,0.10,0.50
2007.11.30 07:52:07.717,0.99525,0.99545,0.10,0.50
2007.11.30 07:52:07.909,0.99525,0.99545,0.10,0.50
2007.11.30 07:52:08.102,0.99525,0.99545,0.10,0.50
2007.11.30 07:52:08.296,0.99525,0.99545,0.10,0.50
2007.11.30 07:52:08.528,0.99525,0.99545,0.10,0.50
2007.11.30 07:52:08.761,0.9952,0.9955,3.60,4.30
2007.11.30 07:52:08.994,0.9952,0.9955,3.60,4.30
2007.11.30 07:52:09.228,0.9952,0.9955,3.60,4.30
2007.11.30 07:52:09.459,0.9952,0.9955,3.20,4.30
2007.11.30 07:52:09.741,0.9952,0.9955,3.20,4.30
2007.11.30 07:52:10.024,0.9952,0.9955,3.20,4.30
2007.11.30 07:52:10.305,0.9952,0.9955,3.20,4.30
2007.11.30 07:52:10.568,0.9952,0.9955,3.20,4.30
2007.11.30 07:52:10.830,0.9952,0.9955,3.20,4.30
2007.11.30 07:52:11.151,0.9952,0.9955,3.20,4.30
2007.11.30 07:52:11.413,0.9952,0.9955,3.20,4.30
2007.11.30 07:52:11.655,0.9952,0.9955,3.20,4.30
2007.11.30 07:52:11.898,0.9952,0.9955,3.20,4.30
2007.11.30 07:52:12.142,0.9952,0.9955,3.20,4.30
2007.11.30 07:52:12.386,0.9952,0.9955,3.20,4.30
2007.11.30 07:52:12.645,0.9952,0.9955,3.20,4.30
2007.11.30 07:52:12.903,0.9952,0.9955,3.20,4.30
2007.11.30 07:52:13.161,0.9952,0.9955,3.20,4.30
2007.11.30 07:52:13.423,0.9952,0.9955,3.20,4.30
2007.11.30 07:52:13.674,0.9952,0.9955,3.20,4.30
2007.11.30 07:52:13.927,0.9952,0.9955,3.20,4.30
2007.11.30 07:52:14.180,0.9952,0.9955,3.20,4.30
2007.11.30 07:52:14.435,0.99525,0.99545,0.10,0.50
2007.11.30 07:52:14.642,0.99525,0.99545,0.10,0.50
2007.11.30 07:52:14.850,0.99525,0.99545,0.10,0.50
2007.11.30 07:52:15.059,0.99525,0.99545,0.10,0.50
2007.11.30 07:52:15.275,0.99525,0.99545,0.10,0.50
2007.11.30 07:52:15.483,0.99525,0.99545,0.10,0.50
2007.11.30 07:52:15.736,0.99525,0.99545,0.10,0.50
2007.11.30 07:52:15.989,0.99525,0.99545,0.10,0.50
2007.11.30 07:52:16.242,0.99525,0.99545,0.10,0.50
2007.11.30 07:52:16.494,0.99525,0.99545,0.10,0.50
2007.11.30 07:52:16.797,0.99525,0.99545,0.10,0.50
2007.11.30 07:52:17.107,0.9952,0.9954,0.60,0.50
2007.11.30 07:52:17.404,0.9952,0.9954,0.10,0.50
2007.11.30 07:52:17.709,0.9953,0.9955,0.10,1.20
2007.11.30 07:52:17.983,0.9953,0.9955,0.10,0.50
2007.11.30 07:52:18.256,0.9953,0.9955,0.10,0.50
2007.11.30 07:52:18.529,0.9953,0.9955,0.10,0.50
2007.11.30 07:52:18.773,0.99525,0.9955,2.80,0.50
2007.11.30 07:52:19.017,0.99515,0.9955,6.40,0.50
2007.11.30 07:52:19.261,0.9951,0.9955,0.80,3.80
2007.11.30 07:52:19.505,0.9951,0.9955,0.80,4.60
2007.11.30 07:52:19.749,0.99515,0.9955,0.80,4.60
2007.11.30 07:52:20.062,0.99515,0.9955,1.20,1.20
2007.11.30 07:52:20.375,0.99515,0.9955,1.20,1.20
2007.11.30 07:52:20.689,0.99515,0.9955,1.20,1.20
2007.11.30 07:52:20.923,0.99495,0.99545,3.00,3.40
2007.11.30 07:52:21.155,0.99495,0.99545,3.00,3.40
2007.11.30 07:52:21.388,0.99495,0.99545,0.60,3.40
2007.11.30 07:52:21.621,0.99495,0.99545,1.40,3.40
2007.11.30 07:52:21.914,0.9951,0.99545,0.80,0.60
2007.11.30 07:52:22.209,0.9951,0.99545,0.80,0.60
2007.11.30 07:52:22.502,0.9951,0.99545,0.80,0.60
2007.11.30 07:52:22.802,0.9951,0.9955,0.50,8.60
2007.11.30 07:52:23.042,0.99495,0.99545,5.40,3.40
2007.11.30 07:52:23.280,0.99495,0.99545,5.40,3.40
2007.11.30 07:52:23.519,0.99495,0.99545,0.60,5.80
2007.11.30 07:52:23.757,0.995,0.99545,0.50,19.20
2007.11.30 07:52:23.990,0.995,0.9954,0.80,3.40
2007.11.30 07:52:24.224,0.99515,0.99535,0.10,0.50
2007.11.30 07:52:24.459,0.99515,0.99535,0.10,0.50
2007.11.30 07:52:24.692,0.99515,0.99545,0.50,3.00
2007.11.30 07:52:24.925,0.99515,0.99545,1.20,0.60
2007.11.30 07:52:25.266,0.99515,0.99545,0.50,0.60
2007.11.30 07:52:25.600,0.9951,0.99545,0.80,0.60
2007.11.30 07:52:25.933,0.9951,0.99545,0.80,0.60
2007.11.30 07:52:26.121,0.9951,0.99545,0.80,0.60
2007.11.30 07:52:26.310,0.9951,0.99545,0.80,0.60
2007.11.30 07:52:26.498,0.9951,0.99545,0.80,0.60
2007.11.30 07:52:26.686,0.9951,0.99545,0.80,0.60
2007.11.30 07:52:26.874,0.9951,0.99545,0.80,0.60
2007.11.30 07:52:27.178,0.9951,0.99545,0.80,0.60
2007.11.30 07:52:27.480,0.9951,0.99545,0.80,0.60
2007.11.30 07:52:27.783,0.9951,0.99545,0.80,0.60
2007.11.30 07:52:27.874,0.99505,0.99545,1.30,0.60
2007.11.30 07:52:28.086,0.9951,0.99545,0.80,0.60
2007.11.30 07:52:28.343,0.99505,0.99545,1.30,0.60
2007.11.30 07:52:28.607,0.99505,0.99545,1.30,0.60
2007.11.30 07:52:28.864,0.99505,0.99545,1.30,0.60
2007.11.30 07:52:29.123,0.9951,0.99545,0.80,4.60
2007.11.30 07:52:29.409,0.995,0.9954,0.90,0.50
2007.11.30 07:52:29.689,0.9952,0.9954,0.10,0.50
2007.11.30 07:52:29.967,0.9952,0.9954,0.10,0.50
2007.11.30 07:52:30.187,0.99515,0.9954,3.70,0.50
2007.11.30 07:52:30.405,0.9952,0.9954,0.10,0.50
2007.11.30 07:52:30.623,0.99515,0.99535,1.20,0.50
2007.11.30 07:52:30.842,0.9951,0.99535,0.90,0.50
2007.11.30 07:52:31.060,0.99515,0.99535,0.10,0.50
2007.11.30 07:52:31.393,0.9951,0.99535,0.90,0.50
2007.11.30 07:52:31.726,0.9952,0.9954,0.10,0.50
2007.11.30 07:52:32.060,0.9952,0.9954,0.10,0.50
2007.11.30 07:52:32.272,0.9952,0.9954,0.10,0.50
2007.11.30 07:52:32.485,0.9952,0.9954,0.10,0.50
2007.11.30 07:52:32.698,0.99505,0.99535,17.10,0.50
2007.11.30 07:52:32.912,0.99515,0.99535,0.60,0.50
2007.11.30 07:52:33.125,0.9951,0.99535,0.90,0.50
2007.11.30 07:52:33.458,0.99515,0.99535,0.10,0.50
2007.11.30 07:52:33.792,0.9952,0.9954,0.10,0.50
2007.11.30 07:52:34.126,0.99515,0.9954,3.70,0.50
2007.11.30 07:52:34.345,0.9952,0.9954,0.10,0.50
2007.11.30 07:52:34.564,0.9952,0.9954,0.10,0.50
2007.11.30 07:52:34.783,0.99505,0.99535,14.70,0.50
2007.11.30 07:52:35.003,0.99515,0.99535,0.10,0.50
2007.11.30 07:52:35.222,0.9951,0.99535,0.90,0.50
2007.11.30 07:52:35.514,0.9951,0.99535,0.90,0.50
2007.11.30 07:52:35.814,0.9952,0.9954,0.10,0.50
2007.11.30 07:52:36.118,0.99515,0.9954,3.70,0.50
2007.11.30 07:52:36.332,0.99515,0.9954,3.70,0.50
2007.11.30 07:52:36.544,0.99515,0.9954,3.70,0.50
2007.11.30 07:52:36.761,0.99505,0.99535,17.10,0.50
2007.11.30 07:52:36.974,0.9951,0.99535,0.90,0.50
2007.11.30 07:52:37.189,0.99515,0.99535,0.10,0.50
2007.11.30 07:52:37.523,0.9951,0.99535,0.90,0.50
2007.11.30 07:52:37.856,0.9952,0.9954,0.10,0.50
2007.11.30 07:52:38.190,0.99515,0.9954,4.30,0.50
2007.11.30 07:52:38.410,0.9952,0.9954,0.10,0.50
2007.11.30 07:52:38.616,0.99515,0.9954,4.30,0.50
2007.11.30 07:52:38.834,0.99515,0.9954,4.30,0.50
2007.11.30 07:52:39.048,0.99515,0.9954,4.30,0.50
2007.11.30 07:52:39.261,0.99515,0.9954,4.30,0.50
2007.11.30 07:52:39.568,0.9952,0.9954,0.10,0.50
2007.11.30 07:52:39.857,0.99515,0.9954,4.30,0.50
2007.11.30 07:52:40.155,0.99515,0.9954,4.30,0.50
2007.11.30 07:52:40.452,0.99515,0.9954,4.30,0.50
2007.11.30 07:52:40.740,0.9952,0.9954,0.10,0.50
2007.11.30 07:52:41.029,0.99515,0.9954,4.30,0.50
2007.11.30 07:52:41.317,0.99515,0.9954,4.30,0.50
2007.11.30 07:52:41.545,0.9952,0.9954,0.10,0.50
2007.11.30 07:52:41.772,0.99515,0.9954,4.30,0.50
2007.11.30 07:52:42.002,0.99515,0.9954,4.30,0.50
2007.11.30 07:52:42.229,0.99515,0.9954,4.30,0.50
2007.11.30 07:52:42.457,0.9952,0.9954,0.10,0.50
2007.11.30 07:52:42.746,0.9952,0.9954,0.10,0.50
2007.11.30 07:52:43.023,0.99515,0.9954,4.30,0.50
2007.11.30 07:52:43.306,0.99515,0.9954,4.30,0.50
2007.11.30 07:52:43.588,0.9952,0.9954,0.10,0.50
2007.11.30 07:52:43.861,0.9952,0.9954,0.10,0.50
2007.11.30 07:52:44.140,0.9952,0.9954,0.10,0.50
2007.11.30 07:52:44.413,0.99515,0.9954,4.30,0.50
2007.11.30 07:52:44.610,0.99515,0.9954,4.30,0.50
2007.11.30 07:52:44.809,0.99515,0.9954,4.30,0.50
2007.11.30 07:52:45.006,0.9952,0.9954,0.10,0.50
2007.11.30 07:52:45.205,0.9951,0.9954,8.20,0.50
2007.11.30 07:52:45.404,0.995,0.9954,11.20,3.80
2007.11.30 07:52:45.728,0.995,0.9954,3.20,3.80
2007.11.30 07:52:46.051,0.995,0.9954,0.80,3.80
2007.11.30 07:52:46.376,0.99485,0.99535,0.60,3.40
2007.11.30 07:52:46.699,0.99485,0.99535,0.60,3.40
2007.11.30 07:52:46.917,0.9948,0.99535,4.70,3.40
2007.11.30 07:52:47.136,0.99485,0.99535,0.60,3.40
2007.11.30 07:52:47.354,0.99485,0.99535,0.60,3.40
2007.11.30 07:52:47.572,0.9948,0.99535,4.70,7.40
2007.11.30 07:52:47.822,0.99485,0.99535,0.60,7.40
2007.11.30 07:52:48.139,0.99485,0.99535,0.60,7.40
2007.11.30 07:52:48.387,0.9948,0.99535,4.70,7.40
2007.11.30 07:52:48.636,0.9948,0.99535,4.70,7.40
2007.11.30 07:52:48.880,0.99485,0.99535,0.60,7.40
2007.11.30 07:52:49.124,0.99485,0.99535,0.60,7.40
2007.11.30 07:52:49.367,0.99485,0.99535,0.60,7.40
2007.11.30 07:52:49.611,0.9948,0.99535,4.70,7.40
2007.11.30 07:52:49.914,0.99485,0.99535,0.60,7.40
2007.11.30 07:52:50.219,0.99485,0.99535,0.60,7.40
2007.11.30 07:52:50.522,0.99485,0.99535,0.60,7.40
2007.11.30 07:52:50.775,0.99485,0.99535,0.60,7.40
2007.11.30 07:52:51.029,0.99485,0.99535,0.60,7.40
2007.11.30 07:52:51.282,0.9948,0.99535,4.70,7.40
2007.11.30 07:52:51.543,0.9948,0.99535,4.70,7.40
2007.11.30 07:52:51.835,0.99485,0.99535,0.60,7.40
2007.11.30 07:52:52.133,0.99485,0.99535,0.60,7.40
2007.11.30 07:52:52.439,0.99485,0.99535,0.60,7.40
2007.11.30 07:52:52.730,0.9948,0.99535,4.70,7.40
2007.11.30 07:52:52.958,0.9948,0.99535,4.70,7.40
2007.11.30 07:52:53.186,0.9948,0.99535,4.70,7.40
2007.11.30 07:52:53.413,0.99485,0.99535,0.60,7.40
2007.11.30 07:52:53.642,0.99485,0.99535,0.60,7.40
2007.11.30 07:52:53.870,0.9948,0.99535,4.70,7.40
2007.11.30 07:52:54.318,0.9948,0.99535,4.70,7.40
2007.11.30 07:52:54.650,0.99485,0.99535,0.60,7.40
2007.11.30 07:52:54.982,0.9948,0.99535,4.70,7.40
2007.11.30 07:52:55.198,0.99485,0.99535,0.60,7.40
2007.11.30 07:52:55.411,0.9948,0.99535,4.70,7.40
2007.11.30 07:52:55.624,0.9948,0.99535,4.70,7.40
2007.11.30 07:52:55.838,0.99485,0.99535,0.60,7.40
2007.11.30 07:52:56.050,0.99485,0.99535,0.60,7.40
2007.11.30 07:52:56.383,0.9948,0.99535,4.70,7.40
2007.11.30 07:52:56.717,0.99485,0.99535,0.60,7.40
2007.11.30 07:52:57.057,0.9948,0.99535,4.70,7.40
2007.11.30 07:52:57.269,0.99485,0.99535,0.60,7.40
2007.11.30 07:52:57.481,0.9948,0.99535,4.70,7.40
2007.11.30 07:52:57.694,0.9948,0.99535,4.70,7.40
2007.11.30 07:52:57.907,0.99485,0.99535,0.60,7.40
2007.11.30 07:52:58.120,0.99485,0.99535,0.60,7.40
2007.11.30 07:52:58.407,0.99485,0.99535,0.60,7.40
2007.11.30 07:52:58.694,0.9948,0.99535,4.70,7.40
2007.11.30 07:52:58.981,0.99485,0.99535,0.60,7.40
2007.11.30 07:52:59.269,0.99485,0.99535,0.60,7.40
2007.11.30 07:52:59.527,0.9948,0.99535,4.70,7.40
2007.11.30 07:52:59.785,0.99485,0.99535,0.60,7.40
2007.11.30 07:53:00.043,0.99485,0.99535,0.60,7.40
2007.11.30 07:53:00.301,0.9948,0.99535,4.70,7.40
2007.11.30 07:53:00.579,0.99485,0.99535,0.60,7.40
2007.11.30 07:53:00.857,0.99485,0.99535,0.60,7.40
2007.11.30 07:53:01.135,0.9948,0.99535,4.70,3.40
2007.11.30 07:53:01.413,0.9948,0.99535,4.70,3.40
2007.11.30 07:53:01.653,0.99485,0.99535,0.60,3.40
2007.11.30 07:53:01.885,0.9948,0.99535,4.70,3.40
2007.11.30 07:53:02.118,0.99485,0.99535,0.60,3.40
2007.11.30 07:53:02.352,0.9948,0.99535,4.70,3.40
2007.11.30 07:53:02.650,0.9948,0.99535,4.70,3.40
2007.11.30 07:53:02.947,0.9948,0.99535,4.70,3.40
2007.11.30 07:53:03.245,0.9948,0.99535,4.70,3.40
2007.11.30 07:53:03.508,0.9948,0.99535,4.70,3.40
2007.11.30 07:53:03.771,0.9948,0.99535,4.70,3.40
2007.11.30 07:53:04.034,0.9948,0.99535,4.70,3.40
2007.11.30 07:53:04.297,0.9948,0.99535,4.70,3.40
2007.11.30 07:53:04.555,0.9948,0.99535,4.70,3.40
2007.11.30 07:53:04.813,0.99485,0.99535,0.60,3.40
2007.11.30 07:53:05.070,0.9948,0.99535,4.70,3.40
2007.11.30 07:53:05.328,0.9948,0.99535,4.70,3.40
2007.11.30 07:53:05.596,0.99485,0.99535,0.60,3.40
2007.11.30 07:53:05.864,0.99485,0.99535,0.60,3.40
2007.11.30 07:53:06.133,0.9948,0.99535,4.70,3.40
2007.11.30 07:53:06.401,0.99485,0.99535,0.60,3.40
2007.11.30 07:53:06.669,0.9948,0.99535,4.70,3.40
2007.11.30 07:53:06.937,0.99485,0.99535,0.60,3.40
2007.11.30 07:53:07.204,0.9948,0.99535,4.70,3.40
2007.11.30 07:53:07.472,0.99485,0.99535,0.60,3.40
2007.11.30 07:53:07.680,0.9948,0.99535,4.70,3.40
2007.11.30 07:53:07.888,0.9948,0.99535,4.70,3.40
2007.11.30 07:53:08.102,0.99485,0.99535,0.60,3.40
2007.11.30 07:53:08.311,0.9948,0.99535,4.70,3.40
2007.11.30 07:53:08.518,0.9948,0.99535,4.70,3.40
2007.11.30 07:53:08.777,0.9948,0.99535,4.70,3.40
2007.11.30 07:53:09.034,0.9948,0.99535,4.70,3.40
2007.11.30 07:53:09.293,0.9948,0.99535,4.70,3.40
2007.11.30 07:53:09.550,0.99485,0.99535,0.60,3.40
2007.11.30 07:53:09.738,0.9948,0.99535,4.70,3.40
2007.11.30 07:53:09.926,0.9948,0.99535,4.70,3.40
2007.11.30 07:53:10.120,0.9948,0.99535,4.70,3.40
2007.11.30 07:53:10.302,0.9948,0.99535,4.70,3.40
2007.11.30 07:53:10.491,0.9948,0.99535,4.70,3.40
2007.11.30 07:53:10.678,0.99485,0.99535,0.60,3.40
2007.11.30 07:53:10.947,0.9948,0.99505,0.70,4.00
2007.11.30 07:53:11.222,0.99485,0.99505,0.60,4.00
2007.11.30 07:53:11.490,0.9948,0.99505,0.70,4.00
2007.11.30 07:53:11.759,0.9948,0.99505,0.70,4.00
2007.11.30 07:53:11.932,0.99485,0.99505,0.60,4.00
2007.11.30 07:53:12.106,0.9948,0.99505,0.70,4.00
2007.11.30 07:53:12.278,0.9948,0.99505,0.70,4.00
2007.11.30 07:53:12.451,0.9948,0.99505,0.70,4.00
2007.11.30 07:53:12.624,0.9948,0.99505,0.70,4.00
2007.11.30 07:53:12.858,0.9948,0.99505,0.10,4.00
2007.11.30 07:53:13.192,0.99475,0.99505,7.20,4.00
2007.11.30 07:53:13.525,0.99475,0.99505,7.20,4.00
2007.11.30 07:53:13.858,0.99475,0.99505,7.20,4.00
2007.11.30 07:53:14.032,0.9948,0.99505,0.10,4.00
2007.11.30 07:53:14.207,0.99475,0.99505,7.20,4.00
2007.11.30 07:53:14.380,0.9948,0.99505,0.10,4.00
2007.11.30 07:53:14.552,0.99475,0.99505,7.20,4.00
2007.11.30 07:53:14.727,0.9948,0.99505,0.10,4.00
2007.11.30 07:53:15.022,0.99475,0.99505,7.20,4.00
2007.11.30 07:53:15.309,0.9948,0.99505,0.10,4.00
2007.11.30 07:53:15.598,0.9948,0.99505,0.10,4.00
2007.11.30 07:53:15.886,0.99475,0.99505,7.20,4.00
2007.11.30 07:53:16.120,0.9948,0.99505,0.10,4.00
2007.11.30 07:53:16.352,0.99475,0.99505,7.20,4.00
2007.11.30 07:53:16.585,0.9948,0.99505,3.50,4.00
2007.11.30 07:53:16.823,0.99475,0.99505,7.10,4.00
2007.11.30 07:53:17.097,0.9948,0.99505,0.60,4.00
2007.11.30 07:53:17.369,0.99475,0.99505,7.10,4.00
2007.11.30 07:53:17.642,0.99475,0.99505,7.10,4.00
2007.11.30 07:53:17.915,0.9948,0.99505,1.80,4.00
2007.11.30 07:53:18.147,0.9948,0.99505,2.00,4.00
2007.11.30 07:53:18.380,0.9948,0.99505,3.20,4.00
2007.11.30 07:53:18.614,0.9948,0.99505,2.30,4.00
2007.11.30 07:53:18.846,0.9948,0.99505,3.50,4.00
2007.11.30 07:53:19.071,0.99475,0.99505,7.10,4.00
2007.11.30 07:53:19.294,0.99475,0.99505,7.10,4.00
2007.11.30 07:53:19.517,0.9948,0.99505,3.40,4.00
2007.11.30 07:53:19.741,0.99475,0.99505,7.10,4.00
2007.11.30 07:53:19.963,0.99475,0.99505,7.10,4.00
2007.11.30 07:53:20.207,0.99475,0.99505,7.10,4.00
2007.11.30 07:53:20.450,0.99475,0.99505,7.10,4.00
2007.11.30 07:53:20.693,0.99475,0.99505,7.10,4.00
2007.11.30 07:53:20.936,0.9948,0.99505,1.00,4.00
2007.11.30 07:53:21.190,0.99475,0.99505,7.10,4.00
2007.11.30 07:53:21.449,0.99475,0.99505,7.10,4.00
2007.11.30 07:53:21.702,0.9948,0.99505,1.40,4.00
2007.11.30 07:53:21.962,0.99475,0.99505,7.10,4.00
2007.11.30 07:53:22.196,0.99475,0.99505,7.10,4.00
2007.11.30 07:53:22.429,0.9948,0.99505,1.70,4.00
2007.11.30 07:53:22.664,0.9948,0.99505,2.80,4.00
2007.11.30 07:53:22.897,0.99475,0.99505,7.10,4.00
2007.11.30 07:53:23.132,0.9948,0.99505,3.40,4.00
2007.11.30 07:53:23.360,0.99475,0.99505,7.10,4.00
2007.11.30 07:53:23.588,0.99475,0.99505,7.10,4.00
2007.11.30 07:53:23.816,0.99475,0.99505,7.30,4.00
2007.11.30 07:53:24.045,0.9949,0.9951,0.50,4.00
2007.11.30 07:53:24.248,0.9949,0.9952,0.50,4.80
2007.11.30 07:53:24.451,0.9949,0.9952,0.50,2.40
2007.11.30 07:53:24.657,0.9949,0.9952,0.50,2.40
2007.11.30 07:53:24.859,0.9949,0.9952,0.50,2.40
2007.11.30 07:53:25.233,0.9949,0.9952,0.50,2.40
2007.11.30 07:53:25.459,0.9949,0.9952,0.50,2.40
2007.11.30 07:53:25.687,0.9949,0.9952,0.50,2.40
2007.11.30 07:53:25.915,0.9949,0.9952,0.50,2.40
2007.11.30 07:53:26.143,0.9949,0.9952,0.50,2.40
2007.11.30 07:53:26.336,0.9949,0.9952,0.50,2.40
2007.11.30 07:53:26.519,0.9949,0.9952,0.50,2.40
2007.11.30 07:53:26.706,0.9949,0.9952,0.50,2.40
2007.11.30 07:53:26.894,0.9949,0.9952,0.50,2.40
2007.11.30 07:53:27.082,0.9949,0.9952,0.50,2.40
2007.11.30 07:53:27.239,0.99485,0.9952,1.30,2.40
2007.11.30 07:53:27.269,0.99485,0.9952,1.30,2.40
2007.11.30 07:53:27.538,0.99485,0.9952,1.30,2.40
2007.11.30 07:53:27.806,0.9949,0.9952,0.50,2.40
2007.11.30 07:53:28.073,0.99485,0.9952,1.30,2.40
2007.11.30 07:53:28.341,0.9949,0.9952,0.50,2.40
2007.11.30 07:53:28.570,0.9949,0.9952,0.50,2.40
2007.11.30 07:53:28.797,0.99485,0.9952,1.30,2.40
2007.11.30 07:53:29.026,0.9949,0.9952,0.50,2.40
2007.11.30 07:53:29.253,0.99485,0.9952,1.30,2.40
2007.11.30 07:53:29.482,0.99485,0.9952,1.30,2.40
2007.11.30 07:53:29.704,0.99485,0.9952,1.30,2.40
2007.11.30 07:53:29.928,0.99485,0.9952,1.30,2.40
2007.11.30 07:53:30.150,0.99485,0.9952,1.30,2.40
2007.11.30 07:53:30.373,0.99485,0.9952,1.30,2.40
2007.11.30 07:53:30.595,0.9949,0.9952,0.50,2.40
2007.11.30 07:53:30.819,0.9949,0.9952,0.50,2.40
2007.11.30 07:53:31.022,0.99485,0.9952,1.30,2.40
2007.11.30 07:53:31.224,0.99485,0.9952,1.30,2.40
2007.11.30 07:53:31.428,0.99485,0.9952,1.30,2.40
2007.11.30 07:53:31.630,0.99485,0.9952,1.30,2.40
2007.11.30 07:53:31.853,0.99485,0.9952,1.30,2.40
2007.11.30 07:53:32.075,0.99485,0.9952,1.30,2.40
2007.11.30 07:53:32.298,0.99485,0.9952,1.30,2.40
2007.11.30 07:53:32.522,0.99485,0.9952,1.30,2.40
2007.11.30 07:53:32.745,0.99485,0.9952,1.30,2.40
2007.11.30 07:53:33.028,0.99485,0.9952,1.30,2.40
2007.11.30 07:53:33.312,0.99485,0.9952,1.30,2.40
2007.11.30 07:53:33.595,0.99485,0.9952,1.30,2.40
2007.11.30 07:53:33.879,0.99485,0.9952,1.30,2.40
2007.11.30 07:53:34.125,0.99485,0.9952,1.30,2.40
2007.11.30 07:53:34.367,0.9949,0.9952,0.50,2.40
2007.11.30 07:53:34.612,0.9949,0.9952,0.50,2.40
2007.11.30 07:53:34.855,0.9949,0.9952,0.50,2.40
2007.11.30 07:53:35.074,0.9949,0.9952,0.50,2.40
2007.11.30 07:53:35.292,0.99485,0.9952,1.30,2.40
2007.11.30 07:53:35.510,0.99485,0.9952,1.30,2.40
2007.11.30 07:53:35.728,0.99485,0.9952,1.30,2.40
2007.11.30 07:53:35.947,0.99485,0.9952,1.30,2.40
2007.11.30 07:53:36.229,0.99485,0.9952,1.30,2.40
2007.11.30 07:53:36.513,0.9949,0.9952,0.50,2.40
2007.11.30 07:53:36.796,0.99485,0.9952,1.30,2.40
2007.11.30 07:53:37.079,0.99485,0.9952,1.30,2.40
2007.11.30 07:53:37.308,0.99485,0.9952,1.30,2.40
2007.11.30 07:53:37.600,0.9949,0.9952,0.50,2.40
2007.11.30 07:53:37.823,0.99485,0.9952,1.30,2.40
2007.11.30 07:53:38.007,0.9949,0.9952,0.50,2.40
2007.11.30 07:53:38.189,0.9949,0.9952,0.50,2.40
2007.11.30 07:53:38.372,0.99485,0.9952,1.30,2.40
2007.11.30 07:53:38.555,0.99485,0.9952,1.30,2.40
2007.11.30 07:53:38.737,0.99485,0.9952,1.30,2.40
2007.11.30 07:53:38.921,0.9949,0.9952,0.50,2.40
2007.11.30 07:53:39.253,0.99485,0.9952,1.30,2.40
2007.11.30 07:53:39.586,0.99485,0.9952,1.30,2.40
2007.11.30 07:53:39.929,0.99485,0.9952,1.30,2.40
2007.11.30 07:53:40.143,0.99485,0.9952,1.30,2.40
2007.11.30 07:53:40.357,0.9949,0.9952,0.50,2.40
2007.11.30 07:53:40.569,0.9949,0.9952,0.50,2.40
2007.11.30 07:53:40.783,0.99485,0.9952,1.30,2.40
2007.11.30 07:53:41.001,0.9949,0.9952,0.50,2.40
2007.11.30 07:53:41.314,0.99485,0.9952,0.80,0.50
2007.11.30 07:53:41.632,0.9948,0.9952,1.30,0.50
2007.11.30 07:53:41.950,0.99485,0.9952,0.90,0.50
2007.11.30 07:53:42.173,0.9948,0.9952,1.30,0.50
2007.11.30 07:53:42.395,0.9948,0.9952,1.30,0.50
2007.11.30 07:53:42.619,0.99475,0.9952,5.70,0.50
2007.11.30 07:53:42.843,0.99465,0.9952,17.70,0.50
2007.11.30 07:53:43.067,0.99465,0.99475,12.10,0.05
2007.11.30 07:53:43.406,0.9947,0.99475,0.10,0.05
2007.11.30 07:53:43.770,0.9947,0.99475,0.10,0.05
2007.11.30 07:53:44.111,0.99465,0.99475,5.70,0.05
2007.11.30 07:53:44.306,0.9947,0.99475,0.10,0.05
2007.11.30 07:53:44.517,0.9947,0.99475,0.10,0.05
2007.11.30 07:53:44.722,0.99465,0.9951,4.90,0.50
2007.11.30 07:53:44.926,0.99465,0.9951,4.90,0.50
2007.11.30 07:53:45.132,0.9947,0.9951,0.10,0.50
2007.11.30 07:53:45.454,0.99465,0.9951,4.90,0.50
2007.11.30 07:53:45.780,0.9946,0.9951,8.80,0.50
2007.11.30 07:53:46.101,0.99455,0.99505,5.00,3.40
2007.11.30 07:53:46.339,0.9945,0.99505,0.40,3.40
2007.11.30 07:53:46.568,0.99455,0.99505,0.30,3.40
2007.11.30 07:53:46.795,0.99445,0.99505,25.10,3.40
2007.11.30 07:53:47.025,0.99455,0.995,0.30,3.40
2007.11.30 07:53:47.252,0.99445,0.995,0.50,3.40
2007.11.30 07:53:47.580,0.99455,0.995,0.20,3.40
2007.11.30 07:53:47.908,0.99455,0.995,0.20,3.40
2007.11.30 07:53:48.235,0.99445,0.995,0.50,7.40
2007.11.30 07:53:48.454,0.99455,0.995,0.20,7.40
2007.11.30 07:53:48.685,0.99455,0.995,0.20,7.40
2007.11.30 07:53:48.892,0.9944,0.99455,0.10,4.00
2007.11.30 07:53:49.111,0.99435,0.99455,9.90,4.00
2007.11.30 07:53:49.423,0.99435,0.99455,0.30,4.00
2007.11.30 07:53:49.718,0.9943,0.9945,0.40,0.50
2007.11.30 07:53:50.022,0.9943,0.9945,0.40,0.50
2007.11.30 07:53:50.325,0.99435,0.9945,0.20,0.50
2007.11.30 07:53:50.593,0.9943,0.9945,0.30,0.50
2007.11.30 07:53:50.862,0.9943,0.9945,0.30,0.50
2007.11.30 07:53:51.137,0.9943,0.9945,0.30,0.50
2007.11.30 07:53:51.400,0.99425,0.99445,0.50,0.50
2007.11.30 07:53:51.613,0.99435,0.99445,0.20,0.50
2007.11.30 07:53:51.826,0.9943,0.9945,0.30,0.50
2007.11.30 07:53:52.041,0.99435,0.9945,0.20,0.50
2007.11.30 07:53:52.254,0.99425,0.99455,0.40,4.00
2007.11.30 07:53:52.467,0.99425,0.99465,1.30,3.40
2007.11.30 07:53:52.690,0.99425,0.99475,2.10,9.80
2007.11.30 07:53:52.913,0.99425,0.99475,5.90,16.80
2007.11.30 07:53:53.137,0.99435,0.99475,0.30,16.80
2007.11.30 07:53:53.359,0.99425,0.99475,4.20,16.20
2007.11.30 07:53:53.583,0.99425,0.99475,4.20,16.20
2007.11.30 07:53:53.796,0.99435,0.99475,0.30,16.20
2007.11.30 07:53:54.009,0.99435,0.99475,0.30,16.20
2007.11.30 07:53:54.222,0.99425,0.99475,4.20,16.20
2007.11.30 07:53:54.435,0.99425,0.99475,4.20,16.20
2007.11.30 07:53:54.693,0.99425,0.99475,4.20,16.20
2007.11.30 07:53:54.958,0.99435,0.99475,0.30,16.20
2007.11.30 07:53:55.218,0.99435,0.99475,0.30,16.20
2007.11.30 07:53:55.477,0.99435,0.99475,0.30,16.20
2007.11.30 07:53:55.725,0.99435,0.99475,0.30,16.20
2007.11.30 07:53:56.090,0.99435,0.99475,0.30,16.20
2007.11.30 07:53:56.338,0.99435,0.99475,0.30,16.20
2007.11.30 07:53:56.586,0.99435,0.99475,0.30,16.20
2007.11.30 07:53:56.839,0.99435,0.99475,0.30,16.20
2007.11.30 07:53:57.093,0.99435,0.99475,0.30,16.20
2007.11.30 07:53:57.347,0.99435,0.99475,0.30,16.20
2007.11.30 07:53:57.601,0.99435,0.99475,0.30,16.20
2007.11.30 07:53:57.820,0.99435,0.99475,0.30,16.20
2007.11.30 07:53:58.043,0.99435,0.99475,0.30,16.20
2007.11.30 07:53:58.261,0.99435,0.99475,0.30,16.20
2007.11.30 07:53:58.479,0.99435,0.99475,0.30,16.20
2007.11.30 07:53:58.677,0.99435,0.99475,0.30,16.20
2007.11.30 07:53:58.876,0.99435,0.99475,0.30,16.20
2007.11.30 07:53:59.080,0.99435,0.99475,0.30,16.20
2007.11.30 07:53:59.279,0.99435,0.99475,0.30,16.20
2007.11.30 07:53:59.482,0.99435,0.99475,0.30,16.20
2007.11.30 07:53:59.740,0.99435,0.99475,0.30,16.20
2007.11.30 07:53:59.998,0.99435,0.99475,0.30,16.20
2007.11.30 07:54:00.255,0.99435,0.99475,0.30,16.20
2007.11.30 07:54:00.512,0.99435,0.99475,0.30,16.20
2007.11.30 07:54:00.725,0.9945,0.9947,0.10,0.50
2007.11.30 07:54:00.938,0.9945,0.9947,0.10,0.50
2007.11.30 07:54:01.150,0.9945,0.9947,0.10,0.50
2007.11.30 07:54:01.364,0.9945,0.99485,0.10,13.80
2007.11.30 07:54:01.578,0.9945,0.99485,0.10,4.00
2007.11.30 07:54:01.896,0.99445,0.99495,9.40,2.40
2007.11.30 07:54:02.266,0.99445,0.995,4.00,0.50
2007.11.30 07:54:02.598,0.99445,0.995,4.00,0.50
2007.11.30 07:54:02.780,0.9944,0.995,8.00,3.80
2007.11.30 07:54:02.962,0.9944,0.995,8.00,3.80
2007.11.30 07:54:03.146,0.9944,0.995,8.00,3.80
2007.11.30 07:54:03.328,0.9944,0.995,8.00,3.80
2007.11.30 07:54:03.512,0.9944,0.99495,4.00,3.40
2007.11.30 07:54:03.695,0.99435,0.99495,8.20,3.40
2007.11.30 07:54:03.998,0.99435,0.99495,8.20,3.40
2007.11.30 07:54:04.301,0.99435,0.99495,8.20,3.40
2007.11.30 07:54:04.605,0.99435,0.99495,8.20,7.40
2007.11.30 07:54:04.908,0.99435,0.99495,8.20,7.40
2007.11.30 07:54:05.091,0.99435,0.99495,8.20,7.40
2007.11.30 07:54:05.274,0.99435,0.99495,8.20,7.40
2007.11.30 07:54:05.458,0.99435,0.99495,8.20,7.40
2007.11.30 07:54:05.640,0.99435,0.99495,8.20,7.40
2007.11.30 07:54:05.823,0.99435,0.99495,8.20,7.40
2007.11.30 07:54:06.101,0.99435,0.99495,8.20,7.40
2007.11.30 07:54:06.378,0.99435,0.99495,8.20,7.40
2007.11.30 07:54:06.656,0.99435,0.99495,8.20,7.40
2007.11.30 07:54:06.934,0.99435,0.99495,8.20,7.40
2007.11.30 07:54:07.117,0.99435,0.99495,8.20,7.40
2007.11.30 07:54:07.308,0.99435,0.99495,8.20,7.40
2007.11.30 07:54:07.483,0.99435,0.99495,8.20,7.40
2007.11.30 07:54:07.673,0.99435,0.99495,8.20,7.40
2007.11.30 07:54:07.856,0.99435,0.99495,8.20,7.40
2007.11.30 07:54:08.164,0.99435,0.99495,8.20,7.40
2007.11.30 07:54:08.472,0.99435,0.99495,8.20,7.40
2007.11.30 07:54:08.780,0.99435,0.99495,8.20,7.40
2007.11.30 07:54:09.090,0.99435,0.99495,8.20,7.40
2007.11.30 07:54:09.314,0.99435,0.99495,8.20,7.40
2007.11.30 07:54:09.537,0.99435,0.99495,8.20,7.40
2007.11.30 07:54:09.760,0.99435,0.99495,8.20,7.40
2007.11.30 07:54:09.983,0.99435,0.99495,8.20,7.40
2007.11.30 07:54:10.237,0.99435,0.99495,8.20,7.40
2007.11.30 07:54:10.489,0.99435,0.99495,8.20,7.40
2007.11.30 07:54:10.742,0.99435,0.99495,8.20,7.40
2007.11.30 07:54:11.002,0.99435,0.99495,8.20,7.40
2007.11.30 07:54:11.259,0.99435,0.99495,8.20,7.40
2007.11.30 07:54:11.517,0.99435,0.99495,8.20,7.40
2007.11.30 07:54:11.774,0.99435,0.99495,8.20,7.40
2007.11.30 07:54:12.033,0.99435,0.99495,8.20,7.40
2007.11.30 07:54:12.331,0.99435,0.99495,8.20,7.40
2007.11.30 07:54:12.632,0.99435,0.99495,8.20,7.40
2007.11.30 07:54:12.929,0.99435,0.99495,8.20,7.40
2007.11.30 07:54:13.227,0.99435,0.99495,8.20,7.40
2007.11.30 07:54:13.470,0.99435,0.99495,8.20,7.40
2007.11.30 07:54:13.712,0.99435,0.99495,8.20,7.40
2007.11.30 07:54:13.955,0.99435,0.99495,8.20,7.40
2007.11.30 07:54:14.198,0.99435,0.99495,8.20,7.40
2007.11.30 07:54:14.595,0.99435,0.99495,8.20,7.40
2007.11.30 07:54:14.865,0.99435,0.99495,8.20,7.40
2007.11.30 07:54:15.138,0.99435,0.99495,8.20,7.40
2007.11.30 07:54:15.407,0.99435,0.99495,8.20,7.40
2007.11.30 07:54:15.661,0.99435,0.99495,8.20,7.40
2007.11.30 07:54:15.912,0.99435,0.99495,8.20,7.40
2007.11.30 07:54:16.167,0.99435,0.99495,8.20,7.40
2007.11.30 07:54:16.419,0.99435,0.99495,8.20,7.40
2007.11.30 07:54:16.653,0.99435,0.99495,8.20,7.40
2007.11.30 07:54:16.886,0.99435,0.99495,8.20,7.40
2007.11.30 07:54:17.119,0.99435,0.99495,8.20,7.40
2007.11.30 07:54:17.354,0.99435,0.99495,8.20,7.40
2007.11.30 07:54:17.631,0.99435,0.99495,8.20,7.40
2007.11.30 07:54:17.910,0.99435,0.99495,8.30,7.40
2007.11.30 07:54:18.188,0.99435,0.99495,8.30,7.40
2007.11.30 07:54:18.466,0.99435,0.99495,8.30,7.40
2007.11.30 07:54:18.689,0.99435,0.99495,8.30,7.40
2007.11.30 07:54:18.913,0.99435,0.99495,8.30,7.40
2007.11.30 07:54:19.136,0.99435,0.99495,8.30,7.40
2007.11.30 07:54:19.369,0.99435,0.99495,8.30,7.40
2007.11.30 07:54:19.623,0.99435,0.99495,8.30,7.40
2007.11.30 07:54:19.885,0.99435,0.99495,8.30,7.40
2007.11.30 07:54:20.148,0.99435,0.99495,8.30,7.40
2007.11.30 07:54:20.411,0.99435,0.99495,8.30,7.40
2007.11.30 07:54:20.770,0.99435,0.99495,8.30,7.40
2007.11.30 07:54:21.046,0.99435,0.99495,8.30,7.40
2007.11.30 07:54:21.308,0.99435,0.99495,8.30,7.40
2007.11.30 07:54:21.559,0.99435,0.99495,8.30,7.40
2007.11.30 07:54:21.806,0.99435,0.99495,8.30,7.40
2007.11.30 07:54:22.054,0.99435,0.99495,8.30,7.40
2007.11.30 07:54:22.303,0.99435,0.99495,8.40,7.40
2007.11.30 07:54:22.567,0.99435,0.99495,8.40,7.40
2007.11.30 07:54:22.830,0.99435,0.99495,8.40,7.40
2007.11.30 07:54:23.093,0.99435,0.99495,8.40,7.40
2007.11.30 07:54:23.355,0.99435,0.99495,8.40,7.40
2007.11.30 07:54:23.643,0.99435,0.99495,8.40,7.40
2007.11.30 07:54:23.931,0.99435,0.99495,8.40,7.40
2007.11.30 07:54:24.226,0.99435,0.99495,8.40,7.40
2007.11.30 07:54:24.513,0.99435,0.99495,8.40,7.40
2007.11.30 07:54:24.787,0.99435,0.99495,8.40,7.40
2007.11.30 07:54:25.060,0.99435,0.99495,8.40,7.40
2007.11.30 07:54:25.333,0.99435,0.99495,8.40,7.40
2007.11.30 07:54:25.606,0.99435,0.99495,8.40,7.40
2007.11.30 07:54:25.818,0.99435,0.99495,8.40,7.40
2007.11.30 07:54:26.031,0.99435,0.99495,8.40,7.40
2007.11.30 07:54:26.244,0.99435,0.99495,8.40,7.40
2007.11.30 07:54:26.456,0.99435,0.99495,8.40,7.40
2007.11.30 07:54:26.759,0.99435,0.99495,8.40,7.40
2007.11.30 07:54:26.929,0.99435,0.99495,8.40,0.50
2007.11.30 07:54:27.063,0.99435,0.99495,8.40,0.50
2007.11.30 07:54:27.365,0.99435,0.995,8.40,7.90
2007.11.30 07:54:27.671,0.99435,0.995,8.40,7.90
2007.11.30 07:54:27.885,0.99435,0.995,8.40,7.90
2007.11.30 07:54:28.088,0.99435,0.99495,8.40,7.40
2007.11.30 07:54:28.294,0.99435,0.99495,8.40,7.40
2007.11.30 07:54:28.502,0.99435,0.99495,8.40,7.40
2007.11.30 07:54:28.709,0.99435,0.99495,8.40,7.40
2007.11.30 07:54:28.958,0.99435,0.99495,8.40,7.40
2007.11.30 07:54:29.206,0.99475,0.99495,0.30,7.40
2007.11.30 07:54:29.454,0.99475,0.99495,0.30,7.40
2007.11.30 07:54:29.702,0.99475,0.99495,0.30,7.40
2007.11.30 07:54:29.909,0.99475,0.99495,0.30,7.40
2007.11.30 07:54:30.112,0.99475,0.99495,0.30,7.40
2007.11.30 07:54:30.315,0.99475,0.99495,0.30,7.40
2007.11.30 07:54:30.518,0.99475,0.99495,0.30,7.40
2007.11.30 07:54:30.720,0.99475,0.99495,0.30,7.40
2007.11.30 07:54:30.969,0.99475,0.99495,0.30,7.40
2007.11.30 07:54:31.217,0.99475,0.99495,0.30,7.40
2007.11.30 07:54:31.465,0.99475,0.99495,0.30,7.40
2007.11.30 07:54:31.713,0.99475,0.99495,0.30,7.40
2007.11.30 07:54:31.922,0.9948,0.99495,0.30,7.40
2007.11.30 07:54:32.130,0.9948,0.99495,0.30,7.40
2007.11.30 07:54:32.339,0.9948,0.99495,0.30,7.40
2007.11.30 07:54:32.546,0.9948,0.99495,0.30,7.40
2007.11.30 07:54:32.755,0.9948,0.99495,0.30,7.40
2007.11.30 07:54:33.102,0.9948,0.99495,0.30,7.40
2007.11.30 07:54:33.330,0.9948,0.99495,0.30,7.40
2007.11.30 07:54:33.560,0.9948,0.99495,0.30,7.40
2007.11.30 07:54:33.786,0.9948,0.99495,0.30,7.40
2007.11.30 07:54:34.038,0.9948,0.99495,0.30,7.40
2007.11.30 07:54:34.290,0.9948,0.99495,0.30,7.40
2007.11.30 07:54:34.542,0.9948,0.99495,0.30,7.40
2007.11.30 07:54:34.794,0.9948,0.99495,0.30,7.40
2007.11.30 07:54:35.046,0.9948,0.99495,0.30,7.40
2007.11.30 07:54:35.284,0.9948,0.99495,0.30,7.40
2007.11.30 07:54:35.522,0.9948,0.99495,0.30,7.40
2007.11.30 07:54:35.763,0.9948,0.99495,0.30,7.40
2007.11.30 07:54:36.004,0.99435,0.99495,8.20,11.40
2007.11.30 07:54:36.277,0.99435,0.9949,0.30,3.40
2007.11.30 07:54:36.551,0.99435,0.9949,0.30,3.40
2007.11.30 07:54:36.825,0.99435,0.99495,4.20,7.40
2007.11.30 07:54:37.004,0.99435,0.99495,4.20,7.40
2007.11.30 07:54:37.181,0.99435,0.99495,4.20,7.40
2007.11.30 07:54:37.359,0.99435,0.9948,4.20,0.50
2007.11.30 07:54:37.544,0.99435,0.9948,4.80,0.50
2007.11.30 07:54:37.722,0.99435,0.9948,0.80,0.50
2007.11.30 07:54:37.902,0.99435,0.9948,0.80,0.50
2007.11.30 07:54:38.225,0.99435,0.9948,0.70,0.50
2007.11.30 07:54:38.548,0.99435,0.9948,0.20,0.50
2007.11.30 07:54:38.871,0.99435,0.9948,0.20,0.50
2007.11.30 07:54:39.085,0.99435,0.9948,0.20,0.50
2007.11.30 07:54:39.299,0.99435,0.9948,0.20,0.50
2007.11.30 07:54:39.511,0.99435,0.9948,0.20,0.50
2007.11.30 07:54:39.723,0.99435,0.9948,0.20,0.50
2007.11.30 07:54:39.935,0.99435,0.9948,0.20,0.50
2007.11.30 07:54:40.214,0.99435,0.9948,0.20,0.50
2007.11.30 07:54:40.493,0.99435,0.9948,0.20,0.50
2007.11.30 07:54:40.770,0.99435,0.9948,0.20,0.50
2007.11.30 07:54:41.049,0.99435,0.9948,0.20,0.50
2007.11.30 07:54:41.297,0.99435,0.9948,0.20,0.50
2007.11.30 07:54:41.547,0.99435,0.9948,0.20,0.50
2007.11.30 07:54:41.796,0.99435,0.9948,0.20,0.50
2007.11.30 07:54:42.044,0.99435,0.9948,0.20,0.50
2007.11.30 07:54:42.312,0.99435,0.9948,0.20,0.50
2007.11.30 07:54:42.580,0.99435,0.9948,0.20,0.50
2007.11.30 07:54:42.848,0.99435,0.9948,0.20,0.50
2007.11.30 07:54:43.123,0.99435,0.9948,0.20,0.50
2007.11.30 07:54:43.340,0.99435,0.9945,0.20,0.50
2007.11.30 07:54:43.564,0.99435,0.9945,0.20,0.50
2007.11.30 07:54:43.789,0.9943,0.9945,0.10,0.50
2007.11.30 07:54:44.017,0.9943,0.9945,0.10,0.50
2007.11.30 07:54:44.240,0.99425,0.99445,2.50,0.50
2007.11.30 07:54:44.519,0.99425,0.99445,2.70,0.50
2007.11.30 07:54:44.797,0.99425,0.99445,2.70,0.50
2007.11.30 07:54:45.075,0.99425,0.99445,2.70,0.50
2007.11.30 07:54:45.436,0.99425,0.99445,2.70,0.50
2007.11.30 07:54:45.691,0.99425,0.99445,2.70,0.50
2007.11.30 07:54:45.952,0.99425,0.99445,2.70,0.50
2007.11.30 07:54:46.202,0.99425,0.99445,2.70,0.50
2007.11.30 07:54:46.379,0.99425,0.99455,2.50,4.00
2007.11.30 07:54:46.547,0.99435,0.99465,0.20,9.80
2007.11.30 07:54:46.715,0.99435,0.99465,0.20,2.40
2007.11.30 07:54:46.884,0.99435,0.99465,0.20,2.40
2007.11.30 07:54:47.057,0.99435,0.9947,0.20,0.50
2007.11.30 07:54:47.225,0.99435,0.9947,0.20,0.50
2007.11.30 07:54:47.561,0.99435,0.9947,0.20,0.50
2007.11.30 07:54:47.900,0.99435,0.9947,0.20,0.50
2007.11.30 07:54:48.232,0.99435,0.9947,0.20,0.50
2007.11.30 07:54:48.432,0.99435,0.9947,0.20,0.50
2007.11.30 07:54:48.629,0.99435,0.9947,0.20,0.50
2007.11.30 07:54:48.827,0.99435,0.9947,0.20,0.50
2007.11.30 07:54:49.026,0.99435,0.9947,0.20,0.50
2007.11.30 07:54:49.225,0.99435,0.9947,0.20,0.50
2007.11.30 07:54:49.527,0.99435,0.9947,0.20,0.50
2007.11.30 07:54:49.830,0.99435,0.9947,0.20,0.50
2007.11.30 07:54:50.135,0.9943,0.9947,0.10,0.50
2007.11.30 07:54:50.437,0.9943,0.9947,0.10,0.50
2007.11.30 07:54:50.670,0.9943,0.9947,0.10,0.50
2007.11.30 07:54:50.903,0.9943,0.9947,0.10,0.50
2007.11.30 07:54:51.136,0.9943,0.9947,0.10,0.50
2007.11.30 07:54:51.369,0.9943,0.9947,0.10,0.50
2007.11.30 07:54:51.644,0.9943,0.9947,0.10,0.50
2007.11.30 07:54:51.916,0.9943,0.9947,0.10,0.50
2007.11.30 07:54:52.189,0.9943,0.9947,0.10,0.50
2007.11.30 07:54:52.461,0.9943,0.9947,0.10,0.50
2007.11.30 07:54:52.689,0.9943,0.9947,0.10,0.50
2007.11.30 07:54:52.917,0.9943,0.9947,0.10,0.50
2007.11.30 07:54:53.144,0.9943,0.9947,0.10,0.50
2007.11.30 07:54:53.372,0.9943,0.9947,0.10,0.50
2007.11.30 07:54:53.648,0.99435,0.9947,0.20,0.50
2007.11.30 07:54:53.923,0.99435,0.9945,0.20,0.50
2007.11.30 07:54:54.196,0.9943,0.9945,0.10,0.50
2007.11.30 07:54:54.475,0.9943,0.9945,0.10,0.50
2007.11.30 07:54:54.732,0.9943,0.9945,0.10,0.50
2007.11.30 07:54:54.996,0.9943,0.9945,0.10,0.50
2007.11.30 07:54:55.259,0.9943,0.9945,0.10,0.50
2007.11.30 07:54:55.523,0.99425,0.99445,2.50,0.50
2007.11.30 07:54:55.771,0.99425,0.99445,2.50,0.50
2007.11.30 07:54:56.019,0.99425,0.99445,2.50,0.50
2007.11.30 07:54:56.268,0.99425,0.99445,0.10,0.50
2007.11.30 07:54:56.516,0.99425,0.99445,0.10,0.50
2007.11.30 07:54:56.799,0.99425,0.99445,0.10,0.50
2007.11.30 07:54:57.088,0.99425,0.99445,0.10,0.50
2007.11.30 07:54:57.365,0.99425,0.99445,0.10,0.50
2007.11.30 07:54:57.770,0.99425,0.99445,0.10,0.50
2007.11.30 07:54:57.957,0.99425,0.99445,0.10,0.50
2007.11.30 07:54:58.146,0.99425,0.99445,0.10,0.50
2007.11.30 07:54:58.334,0.99425,0.99445,0.10,0.50
2007.11.30 07:54:58.523,0.99415,0.9945,2.80,0.50
2007.11.30 07:54:58.711,0.99415,0.9945,0.40,0.50
2007.11.30 07:54:59.047,0.99415,0.9945,0.40,0.50
2007.11.30 07:54:59.377,0.99415,0.9945,0.40,0.50
2007.11.30 07:54:59.710,0.99415,0.9945,0.40,0.50
2007.11.30 07:54:59.952,0.99415,0.9945,0.40,0.50
2007.11.30 07:55:00.145,0.99415,0.9945,0.40,0.50
2007.11.30 07:55:00.196,0.99415,0.9945,0.40,0.50
2007.11.30 07:55:00.438,0.9941,0.9945,0.50,0.50
2007.11.30 07:55:00.680,0.99415,0.9945,0.40,0.50
2007.11.30 07:55:00.988,0.99415,0.9945,0.40,0.50
2007.11.30 07:55:01.291,0.9941,0.9945,0.50,0.50
2007.11.30 07:55:01.594,0.9941,0.9945,0.50,0.50
2007.11.30 07:55:01.897,0.9941,0.9945,0.50,0.50
2007.11.30 07:55:02.145,0.99415,0.9945,0.40,0.50
2007.11.30 07:55:02.393,0.99415,0.9945,0.40,0.50
2007.11.30 07:55:02.640,0.9941,0.9945,0.50,0.50
2007.11.30 07:55:02.889,0.9941,0.9945,0.50,0.50
2007.11.30 07:55:03.093,0.99415,0.9945,0.40,0.50
2007.11.30 07:55:03.295,0.99415,0.9945,0.40,0.50
2007.11.30 07:55:03.498,0.99415,0.9945,0.40,0.50
2007.11.30 07:55:03.701,0.9941,0.9945,0.50,0.50
2007.11.30 07:55:03.943,0.9941,0.9945,0.50,0.50
2007.11.30 07:55:04.155,0.9941,0.9945,0.50,0.50
2007.11.30 07:55:04.369,0.99415,0.9945,0.40,0.50
2007.11.30 07:55:04.582,0.9941,0.9945,0.50,0.50
2007.11.30 07:55:04.800,0.9941,0.9945,0.50,0.50
2007.11.30 07:55:05.014,0.99415,0.9945,0.40,0.50
2007.11.30 07:55:05.287,0.9941,0.9945,0.50,0.50
2007.11.30 07:55:05.559,0.99415,0.9945,0.40,0.50
2007.11.30 07:55:05.831,0.99415,0.9945,0.40,0.50
2007.11.30 07:55:06.105,0.99415,0.9945,0.40,0.50
2007.11.30 07:55:06.287,0.9941,0.9945,0.50,0.50
2007.11.30 07:55:06.479,0.9941,0.9945,0.50,0.50
2007.11.30 07:55:06.662,0.9941,0.9945,0.50,0.50
2007.11.30 07:55:06.846,0.9941,0.9945,0.50,0.50
2007.11.30 07:55:07.028,0.99415,0.9945,0.40,0.50
2007.11.30 07:55:07.210,0.9941,0.9945,0.50,0.50
2007.11.30 07:55:07.543,0.9941,0.9945,0.50,0.50
2007.11.30 07:55:07.882,0.9941,0.9945,0.50,0.50
2007.11.30 07:55:08.213,0.9941,0.9945,0.50,0.50
2007.11.30 07:55:08.379,0.99415,0.9945,0.40,0.50
2007.11.30 07:55:08.529,0.9941,0.9945,0.50,0.50
2007.11.30 07:55:08.689,0.9941,0.9945,0.50,0.50
2007.11.30 07:55:08.846,0.99415,0.9945,0.40,0.50
2007.11.30 07:55:09.005,0.99415,0.9945,0.40,0.50
2007.11.30 07:55:09.162,0.99415,0.9945,0.40,0.50
2007.11.30 07:55:09.470,0.9941,0.9945,0.50,0.50
2007.11.30 07:55:09.779,0.9941,0.9945,0.50,0.50
2007.11.30 07:55:10.119,0.9941,0.9945,0.50,0.50
2007.11.30 07:55:10.282,0.99415,0.9945,0.40,0.50
2007.11.30 07:55:10.448,0.99415,0.9945,0.40,0.50
2007.11.30 07:55:10.612,0.99415,0.9945,0.40,0.50
2007.11.30 07:55:10.778,0.9941,0.9945,0.50,0.50
2007.11.30 07:55:10.942,0.9941,0.9945,0.50,0.50
2007.11.30 07:55:11.106,0.9941,0.9945,0.50,0.50
2007.11.30 07:55:11.277,0.9941,0.9945,0.50,0.50
2007.11.30 07:55:11.609,0.9941,0.9945,0.50,0.50
2007.11.30 07:55:11.943,0.9941,0.9945,0.50,0.50
2007.11.30 07:55:12.280,0.99415,0.9945,0.40,0.50
2007.11.30 07:55:12.499,0.9941,0.9945,0.50,0.50
2007.11.30 07:55:12.717,0.9941,0.9945,0.50,0.50
2007.11.30 07:55:12.947,0.9941,0.9945,2.80,0.50
2007.11.30 07:55:13.154,0.9941,0.9945,2.80,0.50
2007.11.30 07:55:13.373,0.9941,0.9945,2.80,0.50
2007.11.30 07:55:13.686,0.99415,0.9945,1.60,0.50
2007.11.30 07:55:13.999,0.9941,0.9945,2.80,0.50
2007.11.30 07:55:14.313,0.9941,0.9945,2.80,0.50
2007.11.30 07:55:14.626,0.9941,0.9945,2.80,0.50
2007.11.30 07:55:14.878,0.99415,0.9945,0.70,0.50
2007.11.30 07:55:15.131,0.99415,0.9945,0.70,0.50
2007.11.30 07:55:15.383,0.9941,0.9945,2.80,0.50
2007.11.30 07:55:15.636,0.9941,0.9945,2.80,0.50
2007.11.30 07:55:15.893,0.99415,0.9945,0.70,0.50
2007.11.30 07:55:16.275,0.99415,0.9945,0.80,0.50
2007.11.30 07:55:16.533,0.99415,0.9945,1.40,0.50
2007.11.30 07:55:16.775,0.9941,0.9945,2.80,0.50
2007.11.30 07:55:17.031,0.99415,0.9945,1.60,0.50
2007.11.30 07:55:17.271,0.9941,0.9945,2.80,0.50
2007.11.30 07:55:17.515,0.9941,0.9945,2.80,0.50
2007.11.30 07:55:17.795,0.9941,0.9945,2.80,0.50
2007.11.30 07:55:18.066,0.9941,0.9945,2.80,0.50
2007.11.30 07:55:18.341,0.9941,0.9945,2.80,0.50
2007.11.30 07:55:18.613,0.9941,0.9945,2.80,0.50
2007.11.30 07:55:18.906,0.9941,0.9945,2.80,0.50
2007.11.30 07:55:19.198,0.9941,0.9945,2.80,0.50
2007.11.30 07:55:19.491,0.9941,0.9945,2.80,0.50
2007.11.30 07:55:19.784,0.99415,0.9945,0.50,0.50
2007.11.30 07:55:19.998,0.99415,0.9945,0.60,0.50
2007.11.30 07:55:20.206,0.9941,0.9945,2.90,0.50
2007.11.30 07:55:20.414,0.99415,0.9945,1.70,0.50
2007.11.30 07:55:20.622,0.9941,0.9945,3.80,0.50
2007.11.30 07:55:20.920,0.99415,0.9945,0.60,0.50
2007.11.30 07:55:21.218,0.99415,0.9945,1.30,0.50
2007.11.30 07:55:21.516,0.9941,0.9945,3.90,0.50
2007.11.30 07:55:21.814,0.99415,0.9945,0.60,0.50
2007.11.30 07:55:22.047,0.99415,0.9945,1.00,0.50
2007.11.30 07:55:22.280,0.99415,0.9945,1.40,0.50
2007.11.30 07:55:22.513,0.9941,0.9945,3.90,0.50
2007.11.30 07:55:22.746,0.99415,0.9945,1.20,0.50
2007.11.30 07:55:22.993,0.99415,0.9945,1.60,0.50
2007.11.30 07:55:23.242,0.9941,0.9945,3.90,0.50
2007.11.30 07:55:23.488,0.9941,0.9945,3.90,0.50
2007.11.30 07:55:23.736,0.99415,0.9945,0.90,0.50
2007.11.30 07:55:23.968,0.9941,0.9945,3.90,0.50
2007.11.30 07:55:24.201,0.9941,0.9945,3.90,0.50
2007.11.30 07:55:24.434,0.9941,0.9945,3.90,0.50
2007.11.30 07:55:24.666,0.9941,0.9945,3.90,0.50
2007.11.30 07:55:24.930,0.99415,0.9945,1.50,0.50
2007.11.30 07:55:25.193,0.99415,0.9945,0.60,0.50
2007.11.30 07:55:25.456,0.99415,0.9945,0.90,0.50
2007.11.30 07:55:25.719,0.9941,0.9945,3.90,0.50
2007.11.30 07:55:25.997,0.9941,0.9945,1.50,0.50
2007.11.30 07:55:26.275,0.9941,0.9945,1.50,0.50
2007.11.30 07:55:26.552,0.99415,0.9945,0.60,0.50
2007.11.30 07:55:26.831,0.99415,0.9945,0.60,0.50
2007.11.30 07:55:27.066,0.9941,0.9943,1.50,0.50
2007.11.30 07:55:27.287,0.99415,0.9943,0.50,0.50
2007.11.30 07:55:27.516,0.99415,0.9943,0.50,0.50
2007.11.30 07:55:27.745,0.99415,0.9943,0.50,0.50
2007.11.30 07:55:28.064,0.99415,0.9943,0.50,0.50
2007.11.30 07:55:28.382,0.99415,0.9943,0.50,0.50
2007.11.30 07:55:28.701,0.99415,0.9943,0.50,0.50
2007.11.30 07:55:29.019,0.99415,0.9943,0.50,0.50
2007.11.30 07:55:29.232,0.99415,0.9943,0.50,0.50
2007.11.30 07:55:29.447,0.99415,0.9943,0.50,0.50
2007.11.30 07:55:29.659,0.99415,0.9943,0.50,0.50
2007.11.30 07:55:29.872,0.99415,0.9943,0.50,0.50
2007.11.30 07:55:30.085,0.99415,0.9943,0.50,0.50
2007.11.30 07:55:30.419,0.99415,0.9943,0.50,0.50
2007.11.30 07:55:30.752,0.99415,0.9943,0.50,0.50
2007.11.30 07:55:31.084,0.99415,0.9943,0.50,0.50
2007.11.30 07:55:31.287,0.99415,0.9943,0.50,0.50
2007.11.30 07:55:31.498,0.99415,0.9943,0.50,0.50
2007.11.30 07:55:31.604,0.99415,0.9943,0.50,0.50
2007.11.30 07:55:31.702,0.99415,0.9943,0.50,0.50
2007.11.30 07:55:31.906,0.99415,0.99435,0.50,4.90
2007.11.30 07:55:32.108,0.99415,0.9943,0.50,0.50
2007.11.30 07:55:32.442,0.99415,0.99435,0.50,4.90
2007.11.30 07:55:32.775,0.99415,0.99435,0.50,4.90
2007.11.30 07:55:33.115,0.99415,0.9943,0.50,0.50
2007.11.30 07:55:33.328,0.99415,0.99435,0.50,4.90
2007.11.30 07:55:33.541,0.99415,0.9943,0.50,0.50
2007.11.30 07:55:33.754,0.99415,0.99435,0.50,4.90
2007.11.30 07:55:33.968,0.99415,0.9943,0.50,0.50
2007.11.30 07:55:34.180,0.99415,0.99435,0.50,4.90
2007.11.30 07:55:34.483,0.99415,0.99435,0.50,4.90
2007.11.30 07:55:34.789,0.9941,0.9943,0.90,0.50
2007.11.30 07:55:35.100,0.9941,0.9943,0.10,0.50
2007.11.30 07:55:35.328,0.9941,0.99435,0.10,4.90
2007.11.30 07:55:35.557,0.9941,0.9943,0.10,0.50
2007.11.30 07:55:35.786,0.9941,0.9943,0.10,0.50
2007.11.30 07:55:36.020,0.9941,0.99435,0.10,4.90
2007.11.30 07:55:36.248,0.9941,0.99435,0.10,4.90
2007.11.30 07:55:36.582,0.99405,0.99425,4.10,0.50
2007.11.30 07:55:36.917,0.9941,0.99435,0.10,7.30
2007.11.30 07:55:37.249,0.9941,0.9943,0.10,0.50
2007.11.30 07:55:37.463,0.9941,0.99435,0.10,4.90
2007.11.30 07:55:37.675,0.9941,0.9943,0.10,0.50
2007.11.30 07:55:37.888,0.9941,0.99435,0.10,4.90
2007.11.30 07:55:38.101,0.9941,0.9943,0.10,0.50
2007.11.30 07:55:38.314,0.9941,0.99435,0.10,4.90
2007.11.30 07:55:38.617,0.99405,0.9943,0.10,1.00
2007.11.30 07:55:38.920,0.99405,0.9943,0.10,1.00
2007.11.30 07:55:39.223,0.99405,0.99425,0.10,0.50
2007.11.30 07:55:39.532,0.99405,0.9943,0.10,1.00
2007.11.30 07:55:39.725,0.99405,0.9943,0.10,1.00
2007.11.30 07:55:39.921,0.99405,0.9943,0.10,1.00
2007.11.30 07:55:40.110,0.99405,0.9943,0.10,1.00
2007.11.30 07:55:40.303,0.99405,0.9943,0.10,1.00
2007.11.30 07:55:40.637,0.99405,0.9943,0.10,1.00
2007.11.30 07:55:40.970,0.99405,0.9943,0.10,1.00
2007.11.30 07:55:41.311,0.99405,0.9943,0.10,1.00
2007.11.30 07:55:41.528,0.99405,0.99425,0.10,0.50
2007.11.30 07:55:41.746,0.99405,0.9943,0.10,1.00
2007.11.30 07:55:41.973,0.99405,0.9943,0.10,1.00
2007.11.30 07:55:42.182,0.99405,0.9943,0.10,1.00
2007.11.30 07:55:42.400,0.99405,0.9943,0.10,1.00
2007.11.30 07:55:42.735,0.99405,0.99425,0.10,0.50
2007.11.30 07:55:43.068,0.99405,0.9943,0.10,1.00
2007.11.30 07:55:43.401,0.99405,0.99425,0.10,0.50
2007.11.30 07:55:43.584,0.9941,0.9943,0.10,0.50
2007.11.30 07:55:43.775,0.9941,0.9943,0.10,0.50
2007.11.30 07:55:43.951,0.9941,0.99435,0.10,4.90
2007.11.30 07:55:44.135,0.9941,0.99435,0.10,4.90
2007.11.30 07:55:44.317,0.9941,0.9943,0.10,0.50
2007.11.30 07:55:44.651,0.9941,0.9943,0.10,0.50
2007.11.30 07:55:44.983,0.99405,0.9943,2.50,1.00
2007.11.30 07:55:45.318,0.99405,0.9943,0.10,5.60
2007.11.30 07:55:45.652,0.9941,0.9943,0.10,0.50
2007.11.30 07:55:45.841,0.9941,0.99435,0.10,4.90
2007.11.30 07:55:46.029,0.9941,0.9943,0.10,0.50
2007.11.30 07:55:46.217,0.9941,0.99435,0.10,4.90
2007.11.30 07:55:46.404,0.9941,0.9943,0.10,0.50
2007.11.30 07:55:46.673,0.9941,0.99435,0.10,4.90
2007.11.30 07:55:46.942,0.9941,0.9943,0.10,0.50
2007.11.30 07:55:47.210,0.9941,0.99435,0.10,4.90
2007.11.30 07:55:47.477,0.9941,0.99435,0.10,4.90
2007.11.30 07:55:47.665,0.9941,0.9943,0.10,0.50
2007.11.30 07:55:47.853,0.9941,0.99435,0.10,4.90
2007.11.30 07:55:48.041,0.9941,0.9943,0.10,0.50
2007.11.30 07:55:48.229,0.9941,0.9943,0.10,0.50
2007.11.30 07:55:48.417,0.9941,0.9943,0.10,0.50
2007.11.30 07:55:48.710,0.9941,0.99435,0.10,4.90
2007.11.30 07:55:49.002,0.9941,0.9943,0.10,0.50
2007.11.30 07:55:49.296,0.9941,0.99435,0.10,4.90
2007.11.30 07:55:49.589,0.9941,0.9943,0.10,0.50
2007.11.30 07:55:49.787,0.9941,0.9943,0.10,0.50
2007.11.30 07:55:49.985,0.9941,0.99435,0.10,4.90
2007.11.30 07:55:50.189,0.9941,0.99435,0.10,4.90
2007.11.30 07:55:50.381,0.9941,0.99435,0.10,4.90
2007.11.30 07:55:50.587,0.9941,0.9943,0.10,0.50
2007.11.30 07:55:50.864,0.9941,0.99435,0.10,4.90
2007.11.30 07:55:51.147,0.9941,0.99435,0.10,4.90
2007.11.30 07:55:51.429,0.9941,0.9943,0.10,0.50
2007.11.30 07:55:51.689,0.9941,0.99435,0.10,4.90
2007.11.30 07:55:51.946,0.9941,0.99435,0.10,4.90
2007.11.30 07:55:52.203,0.9941,0.99435,0.10,4.90
2007.11.30 07:55:52.462,0.9941,0.99435,0.10,4.90
2007.11.30 07:55:52.665,0.9941,0.99435,0.10,4.90
2007.11.30 07:55:52.867,0.9941,0.9943,0.10,0.50
2007.11.30 07:55:53.071,0.9941,0.99435,0.10,4.90
2007.11.30 07:55:53.289,0.9941,0.99435,0.10,4.90
2007.11.30 07:55:53.493,0.9941,0.9943,0.10,0.50
2007.11.30 07:55:53.736,0.9941,0.9943,0.10,0.50
2007.11.30 07:55:53.989,0.9941,0.99435,0.10,4.90
2007.11.30 07:55:54.231,0.9941,0.9943,0.10,0.50
2007.11.30 07:55:54.476,0.9941,0.99435,0.10,4.90
2007.11.30 07:55:54.728,0.9941,0.99435,0.10,4.90
2007.11.30 07:55:55.059,0.9941,0.99435,0.10,4.90
2007.11.30 07:55:55.392,0.9941,0.9943,0.10,0.50
2007.11.30 07:55:55.724,0.9941,0.9943,0.10,0.50
2007.11.30 07:55:55.918,0.9941,0.99435,0.10,4.90
2007.11.30 07:55:56.111,0.9941,0.99435,0.10,4.90
2007.11.30 07:55:56.304,0.9941,0.99435,0.10,4.90
2007.11.30 07:55:56.496,0.9941,0.99435,0.10,4.90
2007.11.30 07:55:56.689,0.9941,0.99435,0.10,4.90
2007.11.30 07:55:56.961,0.9941,0.99435,0.10,4.90
2007.11.30 07:55:57.234,0.9941,0.99435,0.10,4.90
2007.11.30 07:55:57.506,0.9941,0.99435,0.10,4.90
2007.11.30 07:55:57.780,0.9941,0.99435,0.10,4.90
2007.11.30 07:55:57.998,0.9941,0.99435,0.10,4.90
2007.11.30 07:55:58.216,0.9941,0.99435,0.10,4.90
2007.11.30 07:55:58.434,0.9941,0.9943,0.10,0.50
2007.11.30 07:55:58.655,0.9941,0.99435,0.10,4.90
2007.11.30 07:55:58.954,0.9941,0.9943,0.10,0.50
2007.11.30 07:55:59.253,0.99405,0.99425,0.10,0.60
2007.11.30 07:55:59.551,0.99405,0.99425,0.10,0.90
2007.11.30 07:55:59.850,0.99405,0.99425,0.10,0.50
2007.11.30 07:56:00.069,0.99405,0.99425,0.10,0.70
2007.11.30 07:56:00.287,0.99405,0.9943,0.10,5.60
2007.11.30 07:56:00.505,0.99405,0.9943,0.10,5.60
2007.11.30 07:56:00.723,0.99405,0.99425,0.10,4.40
2007.11.30 07:56:00.941,0.99405,0.99425,0.10,4.40
2007.11.30 07:56:01.239,0.99405,0.99425,0.10,4.40
2007.11.30 07:56:01.537,0.99405,0.99425,0.10,4.40
2007.11.30 07:56:01.835,0.99405,0.99425,0.10,4.40
2007.11.30 07:56:02.105,0.99405,0.99425,0.10,4.40
2007.11.30 07:56:02.376,0.99405,0.99425,0.10,4.40
2007.11.30 07:56:02.643,0.99395,0.99415,2.70,4.40
2007.11.30 07:56:02.913,0.99395,0.99415,0.40,4.40
2007.11.30 07:56:03.188,0.994,0.9942,0.10,0.50
2007.11.30 07:56:03.461,0.994,0.9942,0.10,0.50
2007.11.30 07:56:03.735,0.994,0.9942,0.10,0.50
2007.11.30 07:56:04.008,0.994,0.99425,0.10,4.00
2007.11.30 07:56:04.261,0.99405,0.99445,0.20,8.80
2007.11.30 07:56:04.515,0.99405,0.99445,0.30,4.80
2007.11.30 07:56:04.769,0.99405,0.9945,0.30,0.50
2007.11.30 07:56:05.023,0.99405,0.9945,0.30,0.50
2007.11.30 07:56:05.270,0.99405,0.9945,0.30,0.50
2007.11.30 07:56:05.625,0.99405,0.9945,0.30,0.50
2007.11.30 07:56:05.872,0.99405,0.9945,0.30,0.50
2007.11.30 07:56:06.099,0.99405,0.9945,0.30,0.50
2007.11.30 07:56:06.326,0.99405,0.9945,0.30,0.50
2007.11.30 07:56:06.555,0.99405,0.9945,0.30,0.50
2007.11.30 07:56:06.790,0.99405,0.9945,0.30,0.50
2007.11.30 07:56:07.018,0.9941,0.9945,0.10,0.50
2007.11.30 07:56:07.312,0.9941,0.9945,0.10,0.50
2007.11.30 07:56:07.606,0.9941,0.9943,0.10,0.50
2007.11.30 07:56:07.899,0.9941,0.9943,0.10,0.50
2007.11.30 07:56:08.200,0.9941,0.9943,0.10,0.50
2007.11.30 07:56:08.436,0.9941,0.9943,0.10,0.50
2007.11.30 07:56:08.679,0.9941,0.9943,0.10,0.50
2007.11.30 07:56:08.922,0.9941,0.9943,0.10,0.50
2007.11.30 07:56:09.165,0.9941,0.9943,0.10,0.50
2007.11.30 07:56:09.448,0.9941,0.9943,0.10,0.50
2007.11.30 07:56:09.732,0.9941,0.9943,0.10,0.50
2007.11.30 07:56:10.014,0.9941,0.9943,0.10,0.50
2007.11.30 07:56:10.247,0.9941,0.9943,0.10,0.50
2007.11.30 07:56:10.479,0.9941,0.9943,0.10,0.50
2007.11.30 07:56:10.712,0.9941,0.9943,0.10,0.50
2007.11.30 07:56:10.945,0.9941,0.9943,0.10,0.50
2007.11.30 07:56:11.178,0.9941,0.9943,0.10,0.50
2007.11.30 07:56:11.446,0.9941,0.9943,0.10,0.50
2007.11.30 07:56:11.787,0.9941,0.9943,0.10,0.50
2007.11.30 07:56:12.055,0.9941,0.9943,0.10,0.50
2007.11.30 07:56:12.322,0.9941,0.9943,0.10,0.50
2007.11.30 07:56:12.524,0.9941,0.9943,0.10,0.50
2007.11.30 07:56:12.728,0.9941,0.9943,0.10,0.50
2007.11.30 07:56:12.931,0.9941,0.9943,0.10,0.50
2007.11.30 07:56:14.467,0.99415,0.99435,0.10,4.40
2007.11.30 07:56:16.368,0.99415,0.99435,0.10,4.40
2007.11.30 07:56:16.438,0.99415,0.99435,0.10,4.40
2007.11.30 07:56:16.506,0.99415,0.99435,0.10,4.40
2007.11.30 07:56:16.573,0.99415,0.99435,0.10,4.40
2007.11.30 07:56:16.641,0.99415,0.99435,0.10,4.40
2007.11.30 07:56:16.709,0.99415,0.99435,0.10,4.40
2007.11.30 07:56:16.777,0.99415,0.99435,0.10,4.40
2007.11.30 07:56:16.847,0.99415,0.99435,0.10,4.40
2007.11.30 07:56:16.922,0.99415,0.99435,0.10,4.40
2007.11.30 07:56:16.990,0.99415,0.99435,0.10,4.40
2007.11.30 07:56:17.060,0.99415,0.99435,0.10,4.40
2007.11.30 07:56:17.127,0.99415,0.99435,0.10,4.40
2007.11.30 07:56:17.194,0.99415,0.99435,0.10,4.40
2007.11.30 07:56:17.262,0.99415,0.99435,0.10,4.40
2007.11.30 07:56:17.330,0.99415,0.99435,0.10,4.40
2007.11.30 07:56:17.399,0.99415,0.99435,0.10,4.40
2007.11.30 07:56:17.732,0.99415,0.99435,0.10,4.40
2007.11.30 07:56:18.065,0.9941,0.9943,1.70,0.50
2007.11.30 07:56:18.398,0.9941,0.9943,0.10,0.50
2007.11.30 07:56:18.605,0.9941,0.9943,0.10,0.50
2007.11.30 07:56:18.813,0.9941,0.9943,0.10,0.50
2007.11.30 07:56:19.022,0.9941,0.9943,0.10,0.50
2007.11.30 07:56:19.229,0.9941,0.9943,0.10,0.50
2007.11.30 07:56:19.567,0.9941,0.9943,0.10,0.50
2007.11.30 07:56:19.842,0.9941,0.9943,0.10,0.50
2007.11.30 07:56:20.126,0.9941,0.9943,0.10,0.50
2007.11.30 07:56:20.398,0.9941,0.9943,0.10,0.50
2007.11.30 07:56:20.676,0.9941,0.9943,0.10,0.50
2007.11.30 07:56:20.849,0.9941,0.9943,0.10,0.50
2007.11.30 07:56:21.022,0.9941,0.9943,0.10,0.50
2007.11.30 07:56:21.194,0.9941,0.9943,0.10,0.50
2007.11.30 07:56:21.366,0.9941,0.9943,0.10,0.50
2007.11.30 07:56:21.539,0.9941,0.9943,0.10,0.50
2007.11.30 07:56:21.862,0.9941,0.9943,0.10,0.50
2007.11.30 07:56:22.184,0.9941,0.9943,0.10,0.50
2007.11.30 07:56:22.507,0.9941,0.9943,0.10,0.50
2007.11.30 07:56:22.757,0.9941,0.9943,0.10,0.50
2007.11.30 07:56:23.007,0.9941,0.9943,0.10,0.50
2007.11.30 07:56:23.259,0.9941,0.9943,0.10,0.50
2007.11.30 07:56:23.507,0.9941,0.9943,0.10,0.50
2007.11.30 07:56:23.756,0.9941,0.9943,0.10,0.50
2007.11.30 07:56:23.992,0.9941,0.9943,0.10,0.50
2007.11.30 07:56:24.235,0.9941,0.9943,0.10,0.50
2007.11.30 07:56:24.477,0.99415,0.99435,0.10,6.80
2007.11.30 07:56:24.720,0.99415,0.99435,0.10,0.50
2007.11.30 07:56:25.043,0.99415,0.99435,0.10,0.50
2007.11.30 07:56:25.366,0.99415,0.99435,0.10,0.50
2007.11.30 07:56:25.738,0.99415,0.99435,0.10,0.50
2007.11.30 07:56:25.927,0.99415,0.99435,0.10,0.50
2007.11.30 07:56:26.122,0.99415,0.99435,0.10,0.50
2007.11.30 07:56:26.304,0.99415,0.99435,0.10,0.50
2007.11.30 07:56:26.493,0.99415,0.99435,0.10,0.50
2007.11.30 07:56:26.681,0.99415,0.99435,0.10,0.50
2007.11.30 07:56:26.930,0.99415,0.99435,0.10,0.50
2007.11.30 07:56:27.178,0.9941,0.9943,0.10,0.50
2007.11.30 07:56:27.426,0.9941,0.9943,0.10,0.50
2007.11.30 07:56:27.675,0.9941,0.9943,0.10,0.50
2007.11.30 07:56:27.959,0.9941,0.9943,0.10,0.50
2007.11.30 07:56:28.241,0.9941,0.9943,0.10,0.50
2007.11.30 07:56:28.524,0.9941,0.9943,0.10,0.50
2007.11.30 07:56:28.807,0.9941,0.9943,0.10,0.50
2007.11.30 07:56:29.040,0.9941,0.9943,0.10,0.50
2007.11.30 07:56:29.272,0.9941,0.9943,0.10,0.50
2007.11.30 07:56:29.506,0.9941,0.9943,0.10,0.50
2007.11.30 07:56:29.738,0.9941,0.9943,0.10,0.50
2007.11.30 07:56:29.992,0.9941,0.9943,0.10,0.50
2007.11.30 07:56:30.246,0.9941,0.9943,0.10,0.50
2007.11.30 07:56:30.499,0.9941,0.9943,0.10,0.50
2007.11.30 07:56:30.751,0.9941,0.9943,0.10,0.50
2007.11.30 07:56:30.990,0.9941,0.9943,0.10,0.50
2007.11.30 07:56:31.229,0.99405,0.99425,0.10,0.50
2007.11.30 07:56:31.467,0.99405,0.99425,0.10,0.50
2007.11.30 07:56:31.706,0.99405,0.99425,0.10,0.50
2007.11.30 07:56:31.945,0.99405,0.99425,0.10,0.50
2007.11.30 07:56:32.218,0.99405,0.99425,0.10,0.50
2007.11.30 07:56:32.492,0.99405,0.99425,0.10,0.50
2007.11.30 07:56:32.766,0.99405,0.99425,0.20,0.50
2007.11.30 07:56:32.939,0.99405,0.99425,0.20,0.50
2007.11.30 07:56:33.114,0.994,0.99435,0.10,6.40
2007.11.30 07:56:33.288,0.994,0.9944,0.10,0.50
2007.11.30 07:56:33.462,0.994,0.99435,0.10,0.20
2007.11.30 07:56:33.639,0.99405,0.99425,0.10,0.50
2007.11.30 07:56:33.813,0.99405,0.99425,0.10,0.50
2007.11.30 07:56:34.111,0.994,0.99435,0.10,4.80
2007.11.30 07:56:34.409,0.994,0.9944,0.10,0.50
2007.11.30 07:56:34.707,0.994,0.9944,0.10,0.50
2007.11.30 07:56:35.017,0.994,0.9944,0.10,0.50
2007.11.30 07:56:35.221,0.994,0.9944,0.10,0.50
2007.11.30 07:56:35.435,0.994,0.9944,0.10,0.50
2007.11.30 07:56:35.648,0.994,0.9944,0.10,0.50
2007.11.30 07:56:35.860,0.994,0.9944,0.10,0.50
2007.11.30 07:56:36.194,0.994,0.9944,0.10,0.50
2007.11.30 07:56:36.527,0.994,0.9944,0.10,0.50
2007.11.30 07:56:36.860,0.99405,0.99425,0.10,0.50
2007.11.30 07:56:37.074,0.99405,0.99425,0.10,0.50
2007.11.30 07:56:37.288,0.99405,0.99425,0.10,0.50
2007.11.30 07:56:37.417,0.99405,0.99425,0.10,0.50
2007.11.30 07:56:37.501,0.99405,0.99425,0.10,0.50
2007.11.30 07:56:37.714,0.99405,0.99425,0.10,0.50
2007.11.30 07:56:38.078,0.99405,0.99425,0.10,0.50
2007.11.30 07:56:38.379,0.99395,0.99425,3.10,0.50
2007.11.30 07:56:38.676,0.99395,0.99425,3.10,0.50
2007.11.30 07:56:38.973,0.99405,0.99425,0.10,0.50
2007.11.30 07:56:39.167,0.99405,0.99425,0.10,0.50
2007.11.30 07:56:39.360,0.99395,0.99425,3.10,0.50
2007.11.30 07:56:39.553,0.99405,0.99425,0.10,0.50
2007.11.30 07:56:39.746,0.99405,0.99425,0.10,0.50
2007.11.30 07:56:39.938,0.99395,0.99425,3.10,0.50
2007.11.30 07:56:40.227,0.99395,0.99425,3.10,0.50
2007.11.30 07:56:40.517,0.99395,0.99425,3.10,0.50
2007.11.30 07:56:40.806,0.99405,0.99425,2.30,0.50
2007.11.30 07:56:41.096,0.9941,0.9943,0.70,0.50
2007.11.30 07:56:41.333,0.99415,0.9943,0.60,0.50
2007.11.30 07:56:41.572,0.9941,0.9943,0.70,0.50
2007.11.30 07:56:41.812,0.99415,0.9943,0.60,0.50
2007.11.30 07:56:42.049,0.99415,0.9943,0.60,0.50
2007.11.30 07:56:42.251,0.99415,0.9943,0.60,0.50
2007.11.30 07:56:42.453,0.9941,0.9943,0.70,0.50
2007.11.30 07:56:42.657,0.99415,0.99425,0.60,3.20
2007.11.30 07:56:42.860,0.99415,0.99425,0.50,3.60
2007.11.30 07:56:43.063,0.99415,0.99425,0.60,3.60
2007.11.30 07:56:43.266,0.99415,0.9942,0.60,0.50
2007.11.30 07:56:43.545,0.99415,0.9942,0.60,0.50
2007.11.30 07:56:43.812,0.99415,0.9942,0.60,0.50
2007.11.30 07:56:44.247,0.99415,0.9942,0.60,0.50
2007.11.30 07:56:44.520,0.99415,0.9942,0.50,0.50
2007.11.30 07:56:44.723,0.99385,0.9942,19.90,0.50
2007.11.30 07:56:44.928,0.994,0.9942,0.10,0.50
2007.11.30 07:56:45.130,0.99385,0.9942,19.90,0.50
2007.11.30 07:56:45.334,0.99385,0.9942,19.90,0.50
2007.11.30 07:56:45.642,0.99385,0.9942,19.90,0.50
2007.11.30 07:56:45.951,0.99385,0.9942,19.90,0.50
2007.11.30 07:56:46.259,0.99385,0.9942,19.90,0.50
2007.11.30 07:56:46.569,0.99385,0.99425,19.90,6.00
2007.11.30 07:56:46.852,0.99395,0.99425,2.50,0.50
2007.11.30 07:56:47.136,0.99405,0.99425,0.10,0.50
2007.11.30 07:56:47.419,0.99405,0.99425,0.10,0.50
2007.11.30 07:56:47.572,0.99395,0.99425,2.50,0.50
2007.11.30 07:56:47.724,0.99395,0.99425,2.50,0.50
2007.11.30 07:56:47.877,0.99405,0.99425,0.10,0.50
2007.11.30 07:56:48.031,0.99395,0.99425,2.50,0.50
2007.11.30 07:56:48.189,0.99395,0.99425,5.00,0.50
2007.11.30 07:56:48.342,0.99395,0.99425,5.00,0.50
2007.11.30 07:56:48.495,0.99405,0.99425,0.10,0.50
2007.11.30 07:56:48.823,0.99395,0.99425,5.00,0.50
2007.11.30 07:56:49.151,0.99395,0.99425,5.00,0.50
2007.11.30 07:56:49.479,0.99405,0.99425,0.10,0.50
2007.11.30 07:56:49.637,0.99395,0.99425,4.10,0.50
2007.11.30 07:56:49.795,0.99395,0.99425,3.30,0.50
2007.11.30 07:56:49.954,0.99405,0.99425,0.10,0.50
2007.11.30 07:56:50.112,0.99395,0.9942,3.30,0.50
2007.11.30 07:56:50.410,0.99395,0.9942,3.30,0.50
2007.11.30 07:56:50.567,0.994,0.9942,0.10,0.50
2007.11.30 07:56:50.835,0.99395,0.9942,0.90,0.50
2007.11.30 07:56:51.103,0.994,0.9942,0.10,0.50
2007.11.30 07:56:51.370,0.99395,0.9942,0.90,0.50
2007.11.30 07:56:51.639,0.994,0.9942,0.10,0.50
2007.11.30 07:56:51.840,0.99395,0.9942,0.90,0.50
2007.11.30 07:56:52.026,0.994,0.9942,0.10,0.50
2007.11.30 07:56:52.218,0.99395,0.9942,0.90,0.50
2007.11.30 07:56:52.412,0.994,0.9942,0.10,0.50
2007.11.30 07:56:52.605,0.994,0.9942,0.10,0.50
2007.11.30 07:56:52.903,0.994,0.9942,0.10,0.50
2007.11.30 07:56:53.200,0.99395,0.9942,0.90,0.50
2007.11.30 07:56:53.499,0.994,0.9942,0.10,0.50
2007.11.30 07:56:53.797,0.99395,0.9942,0.90,0.50
2007.11.30 07:56:53.999,0.994,0.9942,0.10,0.50
2007.11.30 07:56:54.203,0.99395,0.9942,0.90,0.50
2007.11.30 07:56:54.405,0.99395,0.9942,0.90,0.50
2007.11.30 07:56:54.455,0.994,0.9942,0.10,0.50
2007.11.30 07:56:54.609,0.994,0.9942,0.10,0.50
2007.11.30 07:56:54.856,0.994,0.9942,0.10,0.50
2007.11.30 07:56:55.106,0.99385,0.99425,19.90,7.30
2007.11.30 07:56:55.355,0.994,0.9942,0.10,0.50
2007.11.30 07:56:55.603,0.994,0.9942,0.10,0.50
2007.11.30 07:56:55.886,0.99385,0.99425,22.30,7.30
2007.11.30 07:56:56.169,0.99385,0.99425,22.30,7.30
2007.11.30 07:56:56.572,0.994,0.9942,0.10,0.50
2007.11.30 07:56:56.770,0.994,0.9942,0.10,0.50
2007.11.30 07:56:56.978,0.99385,0.99425,22.30,7.30
2007.11.30 07:56:57.175,0.994,0.9942,0.10,0.50
2007.11.30 07:56:57.373,0.99385,0.99425,22.30,7.30
2007.11.30 07:56:57.571,0.99385,0.99425,22.30,7.30
2007.11.30 07:56:57.769,0.994,0.9942,0.10,0.50
2007.11.30 07:56:58.072,0.994,0.9942,0.10,0.50
2007.11.30 07:56:58.375,0.9938,0.99425,2.50,10.30
2007.11.30 07:56:58.679,0.99375,0.9942,0.60,0.50
2007.11.30 07:56:58.863,0.9937,0.9942,0.50,0.50
2007.11.30 07:56:59.053,0.9937,0.9942,0.50,0.50
2007.11.30 07:56:59.235,0.99365,0.99425,11.10,19.10
2007.11.30 07:56:59.425,0.9937,0.9942,0.10,0.50
2007.11.30 07:56:59.601,0.99365,0.99425,11.10,26.50
2007.11.30 07:56:59.884,0.9937,0.9942,0.10,0.50
2007.11.30 07:57:00.167,0.9937,0.9942,0.10,0.50
2007.11.30 07:57:00.453,0.99365,0.99425,11.10,26.50
2007.11.30 07:57:00.735,0.99365,0.99425,11.10,26.50
2007.11.30 07:57:00.953,0.9937,0.9942,0.10,0.50
2007.11.30 07:57:01.170,0.99365,0.99425,11.10,26.50
2007.11.30 07:57:01.388,0.9937,0.9942,0.10,0.50
2007.11.30 07:57:01.606,0.9937,0.9942,0.10,0.50
2007.11.30 07:57:01.839,0.9937,0.9942,0.10,0.50
2007.11.30 07:57:02.072,0.99365,0.9942,0.60,0.50
2007.11.30 07:57:02.306,0.99365,0.9942,0.90,0.50
2007.11.30 07:57:02.539,0.9936,0.9942,0.90,0.80
2007.11.30 07:57:02.774,0.9936,0.99395,0.90,0.50
2007.11.30 07:57:02.986,0.9935,0.99405,10.50,3.20
2007.11.30 07:57:03.201,0.9935,0.9942,10.50,3.90
2007.11.30 07:57:03.414,0.99355,0.99415,0.60,0.60
2007.11.30 07:57:03.628,0.9935,0.9942,8.10,7.80
2007.11.30 07:57:03.841,0.9935,0.9942,8.10,7.80
2007.11.30 07:57:04.094,0.99355,0.99415,0.70,0.50
2007.11.30 07:57:04.347,0.9935,0.9942,8.10,7.90
2007.11.30 07:57:04.607,0.99355,0.99415,0.50,0.90
2007.11.30 07:57:04.860,0.9935,0.9942,8.10,7.90
2007.11.30 07:57:05.090,0.99355,0.99415,0.60,0.60
2007.11.30 07:57:05.313,0.9935,0.9942,8.10,7.90
2007.11.30 07:57:05.536,0.9935,0.9942,8.10,7.90
2007.11.30 07:57:05.759,0.99355,0.9942,8.00,7.90
2007.11.30 07:57:06.057,0.99355,0.9942,8.00,7.90
2007.11.30 07:57:06.356,0.99355,0.99415,8.00,0.70
2007.11.30 07:57:06.653,0.99355,0.9942,8.00,7.90
2007.11.30 07:57:06.951,0.99355,0.9942,8.00,7.90
2007.11.30 07:57:07.144,0.99355,0.9942,8.00,7.90
2007.11.30 07:57:07.336,0.99355,0.9942,8.00,7.90
2007.11.30 07:57:07.529,0.99355,0.99415,8.00,0.90
2007.11.30 07:57:07.723,0.99355,0.9942,8.00,7.90
2007.11.30 07:57:07.916,0.99355,0.9942,8.00,7.90
2007.11.30 07:57:08.233,0.99355,0.9942,8.00,7.90
2007.11.30 07:57:08.551,0.99355,0.9942,8.00,7.90
2007.11.30 07:57:08.906,0.99355,0.9942,8.00,7.90
2007.11.30 07:57:09.114,0.99355,0.9942,8.00,7.90
2007.11.30 07:57:09.321,0.99355,0.9942,8.00,7.90
2007.11.30 07:57:09.532,0.99355,0.9942,8.00,7.90
2007.11.30 07:57:09.739,0.99355,0.99415,8.00,0.70
2007.11.30 07:57:09.947,0.99355,0.9942,8.00,7.90
2007.11.30 07:57:10.231,0.99355,0.9942,8.00,7.90
2007.11.30 07:57:10.515,0.99355,0.9942,8.00,7.90
2007.11.30 07:57:10.800,0.99355,0.9942,8.00,7.90
2007.11.30 07:57:11.087,0.99355,0.9942,8.00,7.90
2007.11.30 07:57:11.341,0.99355,0.99415,8.00,0.80
2007.11.30 07:57:11.595,0.99355,0.99415,8.00,0.80
2007.11.30 07:57:11.846,0.99355,0.99415,8.00,0.80
2007.11.30 07:57:12.098,0.99355,0.9942,8.00,7.90
2007.11.30 07:57:12.322,0.99355,0.9942,8.00,7.90
2007.11.30 07:57:12.545,0.99355,0.9942,8.00,7.90
2007.11.30 07:57:12.768,0.99355,0.99415,8.00,0.90
2007.11.30 07:57:12.992,0.99375,0.9941,0.20,0.50
2007.11.30 07:57:13.295,0.99355,0.99415,0.20,25.60
2007.11.30 07:57:13.598,0.99355,0.99415,0.20,25.60
2007.11.30 07:57:13.902,0.99365,0.99415,0.40,25.60
2007.11.30 07:57:14.205,0.99365,0.9941,0.40,0.60
2007.11.30 07:57:14.453,0.99365,0.99415,0.40,25.60
2007.11.30 07:57:14.702,0.99365,0.9941,0.40,0.80
2007.11.30 07:57:15.078,0.99375,0.9942,0.40,26.80
2007.11.30 07:57:15.239,0.99375,0.99415,0.40,0.80
2007.11.30 07:57:15.402,0.99375,0.9942,0.40,18.00
2007.11.30 07:57:15.565,0.99375,0.9942,0.30,18.00
2007.11.30 07:57:15.730,0.99375,0.9942,0.30,18.00
2007.11.30 07:57:15.893,0.99375,0.99415,0.30,0.60
2007.11.30 07:57:16.057,0.99375,0.99415,0.30,0.50
2007.11.30 07:57:16.221,0.99375,0.99415,0.30,0.50
2007.11.30 07:57:16.554,0.99375,0.9942,0.30,18.00
2007.11.30 07:57:16.889,0.99375,0.9942,0.30,18.00
2007.11.30 07:57:17.221,0.99375,0.9941,0.30,0.50
2007.11.30 07:57:17.439,0.99375,0.99415,0.30,14.30
2007.11.30 07:57:17.663,0.99375,0.99415,0.30,14.30
2007.11.30 07:57:17.882,0.99375,0.9941,0.30,0.50
2007.11.30 07:57:18.101,0.99375,0.99415,0.30,14.30
2007.11.30 07:57:18.318,0.99375,0.99415,0.30,14.30
2007.11.30 07:57:18.623,0.99375,0.99415,0.30,14.30
2007.11.30 07:57:18.927,0.99375,0.9941,0.30,0.50
2007.11.30 07:57:19.233,0.99375,0.99415,0.30,14.30
2007.11.30 07:57:19.497,0.99375,0.99415,0.30,14.30
2007.11.30 07:57:19.759,0.99375,0.99415,0.30,14.30
2007.11.30 07:57:20.023,0.99375,0.9941,0.30,0.50
2007.11.30 07:57:20.284,0.99375,0.9941,0.30,0.50
2007.11.30 07:57:20.582,0.99375,0.99415,0.30,14.30
2007.11.30 07:57:20.881,0.99375,0.99415,0.20,14.30
2007.11.30 07:57:21.245,0.99385,0.9941,0.10,1.00
2007.11.30 07:57:21.484,0.99385,0.99405,0.10,0.50
2007.11.30 07:57:21.723,0.99385,0.99405,0.10,0.50
2007.11.30 07:57:21.962,0.99385,0.99405,0.10,0.50
2007.11.30 07:57:22.200,0.99385,0.99405,0.10,0.50
2007.11.30 07:57:22.441,0.99385,0.99405,0.10,0.50
2007.11.30 07:57:22.774,0.99385,0.99405,0.10,0.50
2007.11.30 07:57:23.108,0.99385,0.99405,0.10,0.50
2007.11.30 07:57:23.442,0.99385,0.99405,0.10,0.50
2007.11.30 07:57:23.675,0.99385,0.99405,0.10,0.50
2007.11.30 07:57:23.908,0.99385,0.99405,0.10,0.50
2007.11.30 07:57:24.140,0.99385,0.99405,0.10,0.50
2007.11.30 07:57:24.380,0.99385,0.9939,0.10,0.80
2007.11.30 07:57:24.645,0.99365,0.9938,2.40,0.50
2007.11.30 07:57:24.907,0.9936,0.9938,0.10,0.50
2007.11.30 07:57:25.180,0.99355,0.99375,0.30,0.50
2007.11.30 07:57:25.436,0.99355,0.99375,0.30,0.50
2007.11.30 07:57:25.673,0.99355,0.99375,0.30,0.50
2007.11.30 07:57:25.913,0.99355,0.99375,0.30,0.50
2007.11.30 07:57:26.151,0.99355,0.99375,0.30,0.50
2007.11.30 07:57:26.390,0.99355,0.99375,0.30,0.50
2007.11.30 07:57:26.631,0.99355,0.99375,0.30,0.50
2007.11.30 07:57:26.954,0.99355,0.99375,0.30,0.50
2007.11.30 07:57:27.409,0.99345,0.99365,2.20,4.40
2007.11.30 07:57:27.731,0.99345,0.9936,0.60,0.50
2007.11.30 07:57:27.950,0.99345,0.9936,0.60,0.50
2007.11.30 07:57:28.179,0.99355,0.9936,0.30,0.50
2007.11.30 07:57:28.390,0.99355,0.9936,0.30,0.50
2007.11.30 07:57:28.607,0.99355,0.9936,0.30,0.50
2007.11.30 07:57:28.840,0.99355,0.9936,0.30,0.50
2007.11.30 07:57:29.075,0.99355,0.9936,0.30,0.50
2007.11.30 07:57:29.307,0.99355,0.9936,0.30,0.50
2007.11.30 07:57:29.554,0.99355,0.9936,0.30,0.50
2007.11.30 07:57:29.777,0.99355,0.9936,0.30,0.50
2007.11.30 07:57:30.011,0.99355,0.9936,0.30,0.50
2007.11.30 07:57:30.244,0.99355,0.9936,0.30,0.50
2007.11.30 07:57:30.477,0.99355,0.9936,0.30,0.50
2007.11.30 07:57:30.717,0.99355,0.9936,0.30,0.50
2007.11.30 07:57:31.028,0.99355,0.9936,0.30,0.50
2007.11.30 07:57:31.347,0.99355,0.9936,0.30,0.50
2007.11.30 07:57:31.664,0.99355,0.9936,0.30,0.50
2007.11.30 07:57:31.983,0.99355,0.9936,0.30,0.50
2007.11.30 07:57:32.226,0.99355,0.9936,0.30,0.50
2007.11.30 07:57:32.463,0.99355,0.9936,0.30,0.50
2007.11.30 07:57:32.702,0.99355,0.9936,0.30,0.50
2007.11.30 07:57:32.912,0.99355,0.9936,0.30,0.50
2007.11.30 07:57:33.120,0.99355,0.9936,0.30,0.50
2007.11.30 07:57:33.329,0.99355,0.9936,0.30,0.50
2007.11.30 07:57:33.575,0.99355,0.9936,0.30,0.50
2007.11.30 07:57:33.783,0.99355,0.9936,0.30,0.50
2007.11.30 07:57:34.037,0.99355,0.9936,0.30,0.50
2007.11.30 07:57:34.291,0.99355,0.9936,0.30,0.50
2007.11.30 07:57:34.546,0.99355,0.9936,0.30,0.50
2007.11.30 07:57:34.800,0.99355,0.99365,0.30,2.40
2007.11.30 07:57:35.024,0.99355,0.99375,0.30,2.40
2007.11.30 07:57:35.258,0.99355,0.99385,0.30,0.80
2007.11.30 07:57:35.481,0.99355,0.9939,0.30,0.50
2007.11.30 07:57:35.704,0.99355,0.99395,0.30,17.40
2007.11.30 07:57:35.927,0.99355,0.994,0.30,4.40
2007.11.30 07:57:36.221,0.99355,0.994,0.30,0.50
2007.11.30 07:57:36.514,0.99355,0.994,0.30,0.50
2007.11.30 07:57:36.808,0.99355,0.99405,0.30,14.60
2007.11.30 07:57:37.104,0.99355,0.9941,0.30,7.80
2007.11.30 07:57:37.347,0.99355,0.9941,0.30,7.80
2007.11.30 07:57:37.590,0.99355,0.9941,0.30,7.80
2007.11.30 07:57:37.835,0.99355,0.9941,0.30,7.80
2007.11.30 07:57:38.078,0.99355,0.9941,0.30,7.80
2007.11.30 07:57:38.331,0.99355,0.9941,0.30,7.80
2007.11.30 07:57:38.585,0.99365,0.9941,0.30,0.50
2007.11.30 07:57:38.838,0.99365,0.9941,0.30,0.50
2007.11.30 07:57:39.091,0.99365,0.9941,0.30,0.50
2007.11.30 07:57:39.371,0.99365,0.9941,0.30,0.50
2007.11.30 07:57:39.743,0.99365,0.9941,0.30,0.50
2007.11.30 07:57:40.019,0.99365,0.9941,0.40,0.50
2007.11.30 07:57:40.291,0.99365,0.9941,0.40,0.50
2007.11.30 07:57:40.569,0.99365,0.9941,0.40,0.50
2007.11.30 07:57:40.847,0.99365,0.9941,0.40,0.50
2007.11.30 07:57:41.125,0.99365,0.9941,0.40,0.50
2007.11.30 07:57:41.389,0.99365,0.9941,0.40,0.50
2007.11.30 07:57:41.651,0.99365,0.9941,0.40,0.50
2007.11.30 07:57:41.920,0.99365,0.9941,0.40,0.50
2007.11.30 07:57:42.182,0.99365,0.9941,0.40,0.50
2007.11.30 07:57:42.472,0.99365,0.9941,0.40,0.50
2007.11.30 07:57:42.764,0.99365,0.9941,0.40,0.50
2007.11.30 07:57:43.050,0.99365,0.9941,0.50,0.50
2007.11.30 07:57:43.348,0.99365,0.9941,0.50,0.50
2007.11.30 07:57:43.567,0.99365,0.9941,0.50,0.50
2007.11.30 07:57:43.796,0.9937,0.9941,0.10,0.50
2007.11.30 07:57:44.024,0.9937,0.9941,0.10,0.50
2007.11.30 07:57:44.253,0.9937,0.9941,0.10,0.50
2007.11.30 07:57:44.522,0.9937,0.9941,0.10,0.50
2007.11.30 07:57:44.790,0.9937,0.9941,0.10,0.50
2007.11.30 07:57:45.059,0.9937,0.9941,0.10,0.50
2007.11.30 07:57:45.337,0.9937,0.9941,0.10,0.50
2007.11.30 07:57:45.609,0.9937,0.9941,0.10,0.50
2007.11.30 07:57:45.912,0.9937,0.9941,0.10,0.50
2007.11.30 07:57:46.187,0.9937,0.9941,0.10,0.50
2007.11.30 07:57:46.459,0.9937,0.9941,0.10,0.50
2007.11.30 07:57:46.704,0.9937,0.9941,0.10,0.50
2007.11.30 07:57:46.947,0.9937,0.9941,0.10,0.50
2007.11.30 07:57:47.196,0.9937,0.9941,0.10,0.50
2007.11.30 07:57:47.439,0.9937,0.9941,0.10,0.50
2007.11.30 07:57:47.707,0.9937,0.9941,0.10,0.50
2007.11.30 07:57:47.975,0.9937,0.9941,0.10,0.50
2007.11.30 07:57:48.242,0.9937,0.9941,0.10,0.50
2007.11.30 07:57:48.511,0.9937,0.9941,0.10,0.50
2007.11.30 07:57:48.744,0.9937,0.9941,0.10,0.50
2007.11.30 07:57:48.978,0.9937,0.9941,0.10,0.50
2007.11.30 07:57:49.211,0.9937,0.9941,0.10,0.50
2007.11.30 07:57:49.444,0.9937,0.9941,0.10,0.50
2007.11.30 07:57:49.678,0.9937,0.9941,0.10,0.50
2007.11.30 07:57:49.911,0.9937,0.9941,0.10,0.50
2007.11.30 07:57:50.144,0.9937,0.9941,0.10,0.50
2007.11.30 07:57:50.377,0.9937,0.9941,0.10,0.50
2007.11.30 07:57:50.660,0.9937,0.9941,0.10,0.50
2007.11.30 07:57:50.952,0.9937,0.9941,0.10,0.50
2007.11.30 07:57:51.226,0.9937,0.9941,0.10,0.50
2007.11.30 07:57:51.509,0.9937,0.9941,0.10,0.50
2007.11.30 07:57:51.756,0.9937,0.9941,0.10,0.50
2007.11.30 07:57:52.078,0.9937,0.9941,0.10,0.50
2007.11.30 07:57:52.327,0.9937,0.9941,0.10,0.50
2007.11.30 07:57:52.575,0.9937,0.9941,0.10,0.50
2007.11.30 07:57:52.853,0.9937,0.9941,0.10,0.50
2007.11.30 07:57:53.126,0.9937,0.9941,0.10,0.50
2007.11.30 07:57:53.399,0.9937,0.9941,0.10,0.50
2007.11.30 07:57:53.679,0.9937,0.9941,0.10,0.50
2007.11.30 07:57:53.953,0.9937,0.9941,0.10,0.50
2007.11.30 07:57:54.226,0.9937,0.9941,0.10,0.50
2007.11.30 07:57:54.498,0.9937,0.9941,0.10,0.50
2007.11.30 07:57:54.771,0.9937,0.9941,0.10,0.50
2007.11.30 07:57:55.024,0.9937,0.9941,0.10,0.50
2007.11.30 07:57:55.283,0.9937,0.9941,0.10,0.50
2007.11.30 07:57:55.536,0.9937,0.9941,0.10,0.50
2007.11.30 07:57:55.788,0.9937,0.9941,0.10,0.50
2007.11.30 07:57:56.087,0.9937,0.9941,0.10,0.50
2007.11.30 07:57:56.380,0.9937,0.9941,0.10,0.50
2007.11.30 07:57:56.672,0.9937,0.9941,0.10,0.50
2007.11.30 07:57:56.910,0.9937,0.9941,0.10,0.50
2007.11.30 07:57:57.149,0.9937,0.9941,0.10,0.50
2007.11.30 07:57:57.386,0.9937,0.9941,0.10,0.50
2007.11.30 07:57:57.624,0.9937,0.9941,0.10,0.50
2007.11.30 07:57:57.862,0.9937,0.9941,0.10,0.50
2007.11.30 07:57:58.069,0.9937,0.9941,0.10,0.50
2007.11.30 07:57:58.278,0.9937,0.9941,0.10,0.50
2007.11.30 07:57:58.485,0.9937,0.9941,0.10,0.50
2007.11.30 07:57:58.694,0.9937,0.9941,0.10,0.50
2007.11.30 07:57:58.901,0.9937,0.9941,0.10,0.50
2007.11.30 07:57:59.090,0.9937,0.9941,0.10,0.50
2007.11.30 07:57:59.108,0.9937,0.9941,0.10,0.50
2007.11.30 07:57:59.316,0.99365,0.9941,11.60,0.50
2007.11.30 07:57:59.524,0.99365,0.9941,11.60,0.50
2007.11.30 07:57:59.731,0.99365,0.9941,11.60,0.50
2007.11.30 07:57:59.939,0.99365,0.9941,11.60,0.50
2007.11.30 07:58:00.177,0.99365,0.9941,11.60,0.50
2007.11.30 07:58:00.414,0.99365,0.9941,11.60,0.50
2007.11.30 07:58:00.652,0.99365,0.9941,11.60,0.50
2007.11.30 07:58:00.890,0.9937,0.9941,0.10,0.50
2007.11.30 07:58:01.128,0.9937,0.9941,0.10,0.50
2007.11.30 07:58:01.366,0.99365,0.9941,11.60,0.50
2007.11.30 07:58:01.605,0.99365,0.9941,11.60,0.50
2007.11.30 07:58:01.845,0.99365,0.9941,11.60,0.50
2007.11.30 07:58:02.084,0.99365,0.9941,11.60,0.50
2007.11.30 07:58:02.322,0.99365,0.9941,11.60,0.50
2007.11.30 07:58:02.560,0.9937,0.9941,0.10,0.50
2007.11.30 07:58:02.798,0.99365,0.9941,11.60,0.50
2007.11.30 07:58:03.035,0.9937,0.9941,0.10,0.50
2007.11.30 07:58:03.239,0.9937,0.9941,0.10,0.50
2007.11.30 07:58:03.441,0.99365,0.9941,11.60,0.50
2007.11.30 07:58:03.649,0.99365,0.9941,11.60,0.50
2007.11.30 07:58:03.851,0.99365,0.9941,11.60,0.50
2007.11.30 07:58:04.055,0.99365,0.9941,11.60,0.50
2007.11.30 07:58:04.418,0.9937,0.9941,0.10,0.50
2007.11.30 07:58:04.706,0.99365,0.9941,11.60,0.50
2007.11.30 07:58:04.989,0.99365,0.9941,11.60,0.50
2007.11.30 07:58:05.272,0.9937,0.9941,0.10,0.50
2007.11.30 07:58:05.489,0.99365,0.9941,11.60,0.50
2007.11.30 07:58:05.707,0.99365,0.9941,11.60,0.50
2007.11.30 07:58:05.926,0.9937,0.9941,0.10,0.50
2007.11.30 07:58:06.148,0.99365,0.9941,11.60,0.50
2007.11.30 07:58:06.411,0.9937,0.9941,0.10,0.50
2007.11.30 07:58:06.674,0.99365,0.9941,11.60,0.50
2007.11.30 07:58:06.946,0.9937,0.9941,0.10,0.50
2007.11.30 07:58:07.208,0.9937,0.9941,0.10,0.50
2007.11.30 07:58:07.476,0.99365,0.9941,11.60,0.50
2007.11.30 07:58:07.744,0.9937,0.9941,0.10,0.50
2007.11.30 07:58:08.012,0.99365,0.9941,11.60,0.50
2007.11.30 07:58:08.279,0.9937,0.9941,0.10,0.50
2007.11.30 07:58:08.495,0.99365,0.9941,10.80,0.50
2007.11.30 07:58:08.707,0.99365,0.9941,10.80,0.50
2007.11.30 07:58:08.925,0.9937,0.9941,0.10,0.50
2007.11.30 07:58:09.139,0.9937,0.9941,0.10,0.50
2007.11.30 07:58:09.352,0.9937,0.9941,0.10,0.50
2007.11.30 07:58:09.640,0.99405,0.99415,0.10,9.40
2007.11.30 07:58:09.929,0.99395,0.99425,5.50,10.80
2007.11.30 07:58:10.218,0.99405,0.99425,0.70,4.40
2007.11.30 07:58:10.408,0.99405,0.9942,0.50,0.50
2007.11.30 07:58:10.599,0.99395,0.9942,3.60,0.50
2007.11.30 07:58:10.796,0.99395,0.9942,2.50,0.50
2007.11.30 07:58:10.990,0.99385,0.9942,7.30,0.50
2007.11.30 07:58:11.178,0.99385,0.9942,11.30,0.50
2007.11.30 07:58:11.367,0.99385,0.9942,0.80,0.50
2007.11.30 07:58:11.701,0.99375,0.9942,5.70,0.50
2007.11.30 07:58:12.036,0.99375,0.9942,6.30,0.50
2007.11.30 07:58:12.370,0.99375,0.9942,0.50,0.50
2007.11.30 07:58:12.564,0.9937,0.9942,7.50,0.50
2007.11.30 07:58:12.758,0.9937,0.99395,7.50,0.50
2007.11.30 07:58:12.951,0.99365,0.99395,3.30,0.50
2007.11.30 07:58:13.145,0.99375,0.99395,0.10,0.50
2007.11.30 07:58:13.338,0.99365,0.99395,3.30,0.50
2007.11.30 07:58:13.616,0.99365,0.99395,3.30,0.50
2007.11.30 07:58:13.895,0.99355,0.994,20.90,0.50
2007.11.30 07:58:14.174,0.99365,0.994,1.90,0.50
2007.11.30 07:58:14.451,0.99355,0.994,20.90,0.50
2007.11.30 07:58:14.679,0.99365,0.994,1.90,0.50
2007.11.30 07:58:14.907,0.99365,0.994,1.20,0.50
2007.11.30 07:58:15.134,0.99365,0.994,0.60,0.50
2007.11.30 07:58:15.363,0.99365,0.994,1.70,0.50
2007.11.30 07:58:15.595,0.99355,0.994,20.90,0.50
2007.11.30 07:58:15.830,0.99365,0.994,0.50,0.50
2007.11.30 07:58:16.062,0.99365,0.994,1.70,0.50
2007.11.30 07:58:16.295,0.99365,0.994,0.90,0.50
2007.11.30 07:58:16.529,0.99365,0.994,1.50,0.50
2007.11.30 07:58:16.757,0.99365,0.994,1.60,0.50
2007.11.30 07:58:16.969,0.99355,0.994,20.90,0.50
2007.11.30 07:58:17.190,0.99355,0.994,20.90,0.50
2007.11.30 07:58:17.403,0.99365,0.994,1.70,0.50
2007.11.30 07:58:17.617,0.99365,0.994,2.00,0.50
2007.11.30 07:58:17.829,0.99355,0.994,20.90,0.50
2007.11.30 07:58:18.050,0.99355,0.994,20.90,0.50
2007.11.30 07:58:18.256,0.99355,0.994,20.90,0.50
2007.11.30 07:58:18.470,0.99355,0.994,20.90,0.50
2007.11.30 07:58:18.725,0.9936,0.994,3.30,0.50
2007.11.30 07:58:18.978,0.9936,0.994,2.50,0.50
2007.11.30 07:58:19.231,0.9936,0.994,2.50,0.50
2007.11.30 07:58:19.483,0.99365,0.994,0.50,0.50
2007.11.30 07:58:19.695,0.99365,0.994,1.50,0.50
2007.11.30 07:58:19.908,0.9936,0.994,2.50,0.50
2007.11.30 07:58:20.121,0.99365,0.994,1.40,0.50
2007.11.30 07:58:20.334,0.99365,0.994,0.80,0.50
2007.11.30 07:58:20.546,0.9936,0.994,2.50,0.50
2007.11.30 07:58:20.819,0.9936,0.994,2.50,0.50
2007.11.30 07:58:21.093,0.9936,0.994,2.50,0.50
2007.11.30 07:58:21.366,0.99365,0.994,1.60,0.50
2007.11.30 07:58:21.648,0.99365,0.994,1.00,0.50
2007.11.30 07:58:21.910,0.9936,0.994,2.50,0.50
2007.11.30 07:58:22.173,0.99365,0.994,1.50,0.50
2007.11.30 07:58:22.444,0.99365,0.994,1.20,0.50
2007.11.30 07:58:22.706,0.9936,0.994,2.50,0.50
2007.11.30 07:58:22.965,0.99385,0.99405,0.10,4.40
2007.11.30 07:58:23.223,0.9937,0.994,8.80,0.50
2007.11.30 07:58:23.482,0.99365,0.994,4.80,0.50
2007.11.30 07:58:23.750,0.99365,0.994,4.80,0.50
2007.11.30 07:58:23.994,0.9936,0.994,2.50,0.50
2007.11.30 07:58:24.236,0.9936,0.994,2.50,0.50
2007.11.30 07:58:24.481,0.99365,0.994,1.50,0.50
2007.11.30 07:58:24.723,0.9936,0.994,2.50,0.50
2007.11.30 07:58:25.007,0.9936,0.994,2.50,0.50
2007.11.30 07:58:25.269,0.9936,0.994,2.50,0.50
2007.11.30 07:58:25.542,0.9936,0.994,2.50,0.50
2007.11.30 07:58:25.816,0.9936,0.994,2.50,0.50
2007.11.30 07:58:26.100,0.99365,0.994,1.20,0.50
2007.11.30 07:58:26.384,0.99365,0.994,2.40,0.50
2007.11.30 07:58:26.667,0.99365,0.994,2.40,0.50
2007.11.30 07:58:26.950,0.99365,0.994,2.40,0.50
2007.11.30 07:58:27.244,0.99365,0.994,2.40,0.50
2007.11.30 07:58:27.538,0.99365,0.994,2.40,0.50
2007.11.30 07:58:27.830,0.99365,0.994,2.40,0.50
2007.11.30 07:58:28.076,0.99365,0.994,2.40,0.50
2007.11.30 07:58:28.306,0.99365,0.994,2.40,0.50
2007.11.30 07:58:28.544,0.99365,0.994,2.40,0.50
2007.11.30 07:58:28.782,0.99365,0.994,2.40,0.50
2007.11.30 07:58:29.100,0.99365,0.994,2.40,0.50
2007.11.30 07:58:29.418,0.99365,0.994,2.40,0.50
2007.11.30 07:58:29.736,0.99365,0.994,2.40,0.50
2007.11.30 07:58:30.057,0.99365,0.994,2.40,0.50
2007.11.30 07:58:30.241,0.99365,0.994,2.40,0.50
2007.11.30 07:58:30.423,0.99365,0.994,2.40,0.50
2007.11.30 07:58:30.606,0.99365,0.994,2.40,0.50
2007.11.30 07:58:30.789,0.99365,0.994,2.40,0.50
2007.11.30 07:58:30.972,0.99365,0.994,2.40,0.50
2007.11.30 07:58:31.156,0.99365,0.994,2.40,0.50
2007.11.30 07:58:31.469,0.99365,0.994,2.40,0.50
2007.11.30 07:58:31.788,0.99365,0.994,2.40,0.50
2007.11.30 07:58:32.100,0.99365,0.994,2.40,0.50
2007.11.30 07:58:32.298,0.99365,0.994,2.40,0.50
2007.11.30 07:58:32.495,0.99365,0.994,2.40,0.50
2007.11.30 07:58:32.695,0.99365,0.994,2.40,0.50
2007.11.30 07:58:32.893,0.99365,0.994,2.40,0.50
2007.11.30 07:58:33.091,0.99365,0.994,2.40,0.50
2007.11.30 07:58:33.289,0.99365,0.994,2.40,0.50
2007.11.30 07:58:33.517,0.99365,0.994,2.40,0.50
2007.11.30 07:58:33.746,0.99365,0.994,2.40,0.50
2007.11.30 07:58:33.973,0.99365,0.994,2.40,0.50
2007.11.30 07:58:34.204,0.99365,0.994,2.40,0.50
2007.11.30 07:58:34.486,0.99365,0.994,2.40,0.50
2007.11.30 07:58:34.778,0.99365,0.994,2.40,0.50
2007.11.30 07:58:35.052,0.99365,0.994,2.40,0.50
2007.11.30 07:58:35.335,0.99365,0.994,2.40,0.50
2007.11.30 07:58:35.588,0.99365,0.994,2.40,0.50
2007.11.30 07:58:35.841,0.99365,0.994,2.40,0.50
2007.11.30 07:58:36.094,0.99365,0.994,2.40,0.50
2007.11.30 07:58:36.347,0.99365,0.994,2.40,0.50
2007.11.30 07:58:36.650,0.99365,0.994,2.40,0.50
2007.11.30 07:58:36.953,0.99365,0.994,2.40,0.50
2007.11.30 07:58:37.255,0.99365,0.994,2.40,0.50
2007.11.30 07:58:37.559,0.99365,0.994,2.40,0.50
2007.11.30 07:58:37.797,0.99365,0.994,2.40,0.50
2007.11.30 07:58:38.036,0.99365,0.994,2.40,0.50
2007.11.30 07:58:38.274,0.99365,0.994,2.40,0.50
2007.11.30 07:58:38.512,0.99365,0.994,2.40,0.50
2007.11.30 07:58:38.725,0.99365,0.994,2.40,0.50
2007.11.30 07:58:38.938,0.99365,0.994,2.40,0.50
2007.11.30 07:58:39.151,0.99365,0.994,2.40,0.50
2007.11.30 07:58:39.363,0.99365,0.994,2.40,0.50
2007.11.30 07:58:39.577,0.99365,0.994,2.40,0.50
2007.11.30 07:58:39.869,0.99365,0.994,2.40,0.50
2007.11.30 07:58:40.161,0.99365,0.994,2.40,0.50
2007.11.30 07:58:40.455,0.99365,0.994,2.40,0.50
2007.11.30 07:58:40.748,0.99365,0.994,2.70,0.50
2007.11.30 07:58:40.962,0.99365,0.994,2.40,0.50
2007.11.30 07:58:41.175,0.99365,0.994,2.40,0.50
2007.11.30 07:58:41.429,0.99365,0.994,2.40,0.50
2007.11.30 07:58:41.644,0.99365,0.994,2.40,0.50
2007.11.30 07:58:41.877,0.99365,0.994,2.40,0.50
2007.11.30 07:58:42.111,0.99365,0.994,2.40,0.50
2007.11.30 07:58:42.344,0.99365,0.994,2.40,0.50
2007.11.30 07:58:42.580,0.99365,0.994,2.40,0.50
2007.11.30 07:58:42.811,0.99365,0.994,2.40,0.50
2007.11.30 07:58:43.059,0.99365,0.994,2.40,0.50
2007.11.30 07:58:43.307,0.99365,0.994,2.40,0.50
2007.11.30 07:58:43.556,0.99365,0.994,2.40,0.50
2007.11.30 07:58:43.803,0.99365,0.994,2.40,0.50
2007.11.30 07:58:44.031,0.99365,0.994,2.40,0.50
2007.11.30 07:58:44.260,0.99365,0.994,2.40,0.50
2007.11.30 07:58:44.488,0.99365,0.994,2.40,0.50
2007.11.30 07:58:44.716,0.99365,0.994,2.40,0.50
2007.11.30 07:58:44.944,0.99365,0.994,2.40,0.50
2007.11.30 07:58:45.187,0.99365,0.994,2.40,0.50
2007.11.30 07:58:45.425,0.99365,0.994,2.40,0.50
2007.11.30 07:58:45.662,0.99365,0.994,2.40,0.50
2007.11.30 07:58:45.899,0.99365,0.994,2.40,0.50
2007.11.30 07:58:46.139,0.99365,0.994,2.40,0.50
2007.11.30 07:58:46.375,0.99365,0.994,2.40,0.50
2007.11.30 07:58:46.606,0.99365,0.994,2.40,0.50
2007.11.30 07:58:46.839,0.99365,0.994,2.40,0.50
2007.11.30 07:58:47.073,0.99365,0.994,2.40,0.50
2007.11.30 07:58:47.307,0.99365,0.994,2.40,0.50
2007.11.30 07:58:47.596,0.99365,0.99405,2.40,10.30
2007.11.30 07:58:47.823,0.99365,0.994,2.40,0.50
2007.11.30 07:58:48.058,0.99365,0.99405,2.40,10.30
2007.11.30 07:58:48.280,0.99365,0.994,2.40,0.50
2007.11.30 07:58:48.529,0.99365,0.994,2.40,0.50
2007.11.30 07:58:48.777,0.99365,0.99405,2.40,10.30
2007.11.30 07:58:49.024,0.99365,0.99405,2.40,10.30
2007.11.30 07:58:49.273,0.99365,0.994,2.40,0.50
2007.11.30 07:58:49.521,0.99365,0.994,2.40,0.50
2007.11.30 07:58:49.725,0.99365,0.99405,2.40,10.30
2007.11.30 07:58:49.928,0.99365,0.994,2.40,0.50
2007.11.30 07:58:50.131,0.99365,0.994,2.40,0.50
2007.11.30 07:58:50.334,0.99365,0.994,2.40,0.50
2007.11.30 07:58:50.562,0.99365,0.99405,2.40,10.30
2007.11.30 07:58:50.790,0.99365,0.99405,2.40,10.30
2007.11.30 07:58:51.018,0.99365,0.99405,2.40,10.30
2007.11.30 07:58:51.247,0.99365,0.99405,2.40,10.30
2007.11.30 07:58:51.474,0.99365,0.99405,2.40,10.30
2007.11.30 07:58:51.767,0.99365,0.99405,2.40,10.30
2007.11.30 07:58:52.059,0.99365,0.994,2.40,0.50
2007.11.30 07:58:52.353,0.99365,0.99405,2.40,10.30
2007.11.30 07:58:52.545,0.99365,0.99405,2.40,10.30
2007.11.30 07:58:52.739,0.99365,0.99405,2.40,10.30
2007.11.30 07:58:52.933,0.99365,0.994,2.40,0.50
2007.11.30 07:58:53.125,0.99365,0.99405,2.40,10.30
2007.11.30 07:58:53.319,0.9937,0.994,2.40,0.60
2007.11.30 07:58:53.511,0.9937,0.994,2.40,0.50
2007.11.30 07:58:53.789,0.9937,0.9941,2.40,35.80
2007.11.30 07:58:54.068,0.9937,0.994,2.40,0.80
2007.11.30 07:58:54.346,0.9937,0.994,2.40,0.80
2007.11.30 07:58:54.513,0.9937,0.9941,2.40,35.80
2007.11.30 07:58:54.681,0.9937,0.9941,2.40,35.80
2007.11.30 07:58:54.848,0.9937,0.9941,2.40,35.80
2007.11.30 07:58:55.017,0.9937,0.9941,2.40,35.80
2007.11.30 07:58:55.184,0.9937,0.994,2.40,0.50
2007.11.30 07:58:55.354,0.9937,0.994,2.40,0.80
2007.11.30 07:58:55.632,0.9937,0.9941,2.40,35.80
2007.11.30 07:58:55.909,0.9937,0.9941,2.40,35.80
2007.11.30 07:58:56.186,0.9937,0.9941,2.40,35.80
2007.11.30 07:58:56.463,0.9937,0.994,2.40,0.90
2007.11.30 07:58:56.670,0.9937,0.994,2.40,0.70
2007.11.30 07:58:56.878,0.9937,0.9941,2.40,35.80
2007.11.30 07:58:57.085,0.9937,0.9941,2.40,35.80
2007.11.30 07:58:57.292,0.9937,0.9941,2.40,35.80
2007.11.30 07:58:57.503,0.9937,0.994,2.40,0.80
2007.11.30 07:58:57.755,0.9937,0.9941,2.40,35.80
2007.11.30 07:58:58.008,0.9937,0.9941,2.40,35.80
2007.11.30 07:58:58.262,0.9937,0.9941,2.40,35.80
2007.11.30 07:58:58.516,0.9937,0.9941,2.40,35.80
2007.11.30 07:58:58.793,0.9937,0.9941,2.40,35.80
2007.11.30 07:58:59.070,0.9937,0.994,2.40,6.90
2007.11.30 07:58:59.348,0.9937,0.994,2.40,7.70
2007.11.30 07:58:59.626,0.9937,0.994,2.40,7.70
2007.11.30 07:58:59.936,0.9937,0.9939,2.40,0.70
2007.11.30 07:59:00.149,0.9937,0.9939,2.40,0.70
2007.11.30 07:59:00.368,0.9937,0.994,2.40,7.70
2007.11.30 07:59:00.577,0.9937,0.994,2.40,7.70
2007.11.30 07:59:00.792,0.9937,0.994,2.40,7.70
2007.11.30 07:59:00.998,0.9937,0.9939,2.40,0.70
2007.11.30 07:59:01.208,0.9937,0.994,2.40,7.70
2007.11.30 07:59:01.416,0.9937,0.9941,2.40,35.80
2007.11.30 07:59:01.624,0.9937,0.9941,2.40,35.80
2007.11.30 07:59:01.922,0.9937,0.9941,2.40,35.80
2007.11.30 07:59:02.220,0.9937,0.9941,2.40,35.80
2007.11.30 07:59:02.523,0.9937,0.994,2.40,0.60
2007.11.30 07:59:02.815,0.9937,0.9941,2.40,35.80
2007.11.30 07:59:03.043,0.9937,0.9941,2.40,35.80
2007.11.30 07:59:03.271,0.9937,0.994,2.40,0.90
2007.11.30 07:59:03.499,0.9937,0.994,2.40,0.60
2007.11.30 07:59:03.726,0.9937,0.9941,2.40,35.80
2007.11.30 07:59:03.954,0.9937,0.994,2.40,0.70
2007.11.30 07:59:04.222,0.9937,0.994,2.40,0.80
2007.11.30 07:59:04.490,0.9937,0.9941,2.40,35.80
2007.11.30 07:59:04.756,0.9937,0.9941,2.40,35.80
2007.11.30 07:59:05.024,0.9937,0.9941,2.40,35.80
2007.11.30 07:59:05.302,0.9937,0.9941,2.40,35.80
2007.11.30 07:59:05.580,0.9937,0.994,2.40,0.80
2007.11.30 07:59:05.858,0.9937,0.994,2.40,0.90
2007.11.30 07:59:06.103,0.9937,0.9941,2.40,35.80
2007.11.30 07:59:06.319,0.9937,0.9941,2.40,35.80
2007.11.30 07:59:06.538,0.9937,0.994,2.40,0.90
2007.11.30 07:59:06.756,0.9937,0.9941,2.40,35.80
2007.11.30 07:59:06.973,0.9937,0.9941,2.40,35.80
2007.11.30 07:59:07.271,0.9937,0.9941,2.40,35.80
2007.11.30 07:59:07.569,0.9937,0.994,2.40,0.90
2007.11.30 07:59:07.866,0.9937,0.9941,2.40,35.80
2007.11.30 07:59:08.163,0.9937,0.994,2.40,0.80
2007.11.30 07:59:08.416,0.9937,0.9941,2.40,35.80
2007.11.30 07:59:08.669,0.9937,0.9941,2.40,35.80
2007.11.30 07:59:08.922,0.9937,0.9941,2.40,35.80
2007.11.30 07:59:09.175,0.9937,0.9941,2.40,35.80
2007.11.30 07:59:09.388,0.9937,0.994,2.40,0.80
2007.11.30 07:59:09.602,0.9937,0.9941,2.40,35.80
2007.11.30 07:59:09.815,0.9937,0.9941,2.40,35.80
2007.11.30 07:59:10.027,0.9937,0.9941,2.40,35.80
2007.11.30 07:59:10.360,0.9937,0.9941,2.40,35.80
2007.11.30 07:59:10.694,0.9937,0.994,2.40,0.80
2007.11.30 07:59:11.027,0.9937,0.994,2.40,0.90
2007.11.30 07:59:11.209,0.9937,0.9941,2.40,35.80
2007.11.30 07:59:11.392,0.9937,0.9941,2.40,35.80
2007.11.30 07:59:11.576,0.9937,0.994,2.40,0.60
2007.11.30 07:59:11.760,0.9937,0.994,2.40,0.60
2007.11.30 07:59:11.954,0.9937,0.9941,2.40,35.80
2007.11.30 07:59:12.271,0.9937,0.994,2.40,0.70
2007.11.30 07:59:12.600,0.9937,0.994,2.40,0.50
2007.11.30 07:59:12.928,0.9937,0.994,2.40,0.70
2007.11.30 07:59:13.260,0.9937,0.9941,2.40,35.80
2007.11.30 07:59:13.477,0.9937,0.994,2.40,0.80
2007.11.30 07:59:13.696,0.9937,0.994,2.40,0.50
2007.11.30 07:59:13.915,0.9937,0.994,2.40,0.60
2007.11.30 07:59:14.132,0.9937,0.9941,2.40,35.80
2007.11.30 07:59:14.396,0.9937,0.9941,2.40,35.80
2007.11.30 07:59:14.653,0.9937,0.9941,2.40,35.80
2007.11.30 07:59:14.910,0.9937,0.9941,2.40,35.80
2007.11.30 07:59:15.168,0.9937,0.994,2.40,0.70
2007.11.30 07:59:15.416,0.9937,0.9941,2.40,35.80
2007.11.30 07:59:15.664,0.9937,0.994,2.40,0.80
2007.11.30 07:59:15.912,0.9937,0.994,2.40,0.60
2007.11.30 07:59:16.160,0.9937,0.9941,2.40,35.80
2007.11.30 07:59:16.438,0.9937,0.9941,2.40,35.80
2007.11.30 07:59:16.717,0.9937,0.994,2.40,5.40
2007.11.30 07:59:16.995,0.99375,0.99395,0.10,0.50
2007.11.30 07:59:17.273,0.99375,0.99395,0.10,0.50
2007.11.30 07:59:17.540,0.99375,0.99395,0.10,0.50
2007.11.30 07:59:17.808,0.99375,0.99395,0.10,0.50
2007.11.30 07:59:18.077,0.99375,0.99395,0.10,0.50
2007.11.30 07:59:18.431,0.99375,0.99395,0.10,0.50
2007.11.30 07:59:18.674,0.99375,0.99395,0.10,0.50
2007.11.30 07:59:18.917,0.99375,0.99395,0.10,0.50
2007.11.30 07:59:19.160,0.99375,0.99395,0.10,0.50
2007.11.30 07:59:19.405,0.99375,0.99395,0.10,0.50
2007.11.30 07:59:19.499,0.99375,0.994,0.10,1.00
2007.11.30 07:59:19.619,0.99375,0.994,0.10,1.00
2007.11.30 07:59:19.832,0.99375,0.99395,0.10,0.50
2007.11.30 07:59:20.045,0.99375,0.994,0.10,1.00
2007.11.30 07:59:20.259,0.99375,0.994,0.10,1.00
2007.11.30 07:59:20.532,0.99375,0.99395,0.10,0.50
2007.11.30 07:59:20.805,0.99375,0.99395,0.10,0.50
2007.11.30 07:59:21.077,0.99375,0.994,0.10,1.00
2007.11.30 07:59:21.352,0.99365,0.99405,3.20,7.90
2007.11.30 07:59:21.615,0.99365,0.994,2.40,0.50
2007.11.30 07:59:21.879,0.99365,0.99405,2.40,10.30
2007.11.30 07:59:22.142,0.99365,0.994,2.40,0.50
2007.11.30 07:59:22.404,0.99365,0.99405,2.40,10.30
2007.11.30 07:59:22.612,0.99365,0.99405,2.40,10.30
2007.11.30 07:59:22.820,0.99365,0.99405,2.40,10.30
2007.11.30 07:59:23.028,0.99365,0.99405,2.40,10.30
2007.11.30 07:59:23.237,0.99365,0.994,2.40,0.50
2007.11.30 07:59:23.445,0.99365,0.99405,2.40,10.30
2007.11.30 07:59:23.691,0.99365,0.99405,2.40,10.30
2007.11.30 07:59:23.935,0.99365,0.99405,2.40,10.30
2007.11.30 07:59:24.177,0.99365,0.99405,2.40,10.30
2007.11.30 07:59:24.419,0.99365,0.99405,2.40,10.30
2007.11.30 07:59:24.663,0.99365,0.99405,2.40,10.30
2007.11.30 07:59:24.900,0.99365,0.99405,2.40,10.30
2007.11.30 07:59:25.139,0.99365,0.99405,2.40,10.30
2007.11.30 07:59:25.377,0.99365,0.99405,2.40,10.30
2007.11.30 07:59:25.614,0.99365,0.994,2.40,0.50
2007.11.30 07:59:25.868,0.99365,0.99405,2.40,10.30
2007.11.30 07:59:26.120,0.99365,0.99405,2.40,10.30
2007.11.30 07:59:26.373,0.99365,0.99405,2.40,10.30
2007.11.30 07:59:26.626,0.99365,0.99405,2.40,10.30
2007.11.30 07:59:26.844,0.99365,0.99405,2.40,10.30
2007.11.30 07:59:27.063,0.99365,0.99405,2.40,10.30
2007.11.30 07:59:27.280,0.99365,0.994,2.40,0.50
2007.11.30 07:59:27.498,0.99365,0.99405,2.40,10.30
2007.11.30 07:59:27.716,0.99365,0.99405,2.40,10.30
2007.11.30 07:59:28.028,0.99365,0.99405,2.40,10.30
2007.11.30 07:59:28.341,0.99365,0.994,2.40,0.50
2007.11.30 07:59:28.654,0.99365,0.99405,2.40,10.30
2007.11.30 07:59:28.967,0.99365,0.994,2.40,0.50
2007.11.30 07:59:29.190,0.99365,0.99405,2.40,10.30
2007.11.30 07:59:29.413,0.99365,0.994,2.40,0.50
2007.11.30 07:59:29.636,0.99365,0.99405,2.40,10.30
2007.11.30 07:59:29.858,0.99365,0.99405,2.40,10.30
2007.11.30 07:59:30.166,0.99365,0.99405,2.40,10.30
2007.11.30 07:59:30.474,0.99365,0.99405,2.40,10.30
2007.11.30 07:59:30.782,0.99365,0.994,2.40,0.50
2007.11.30 07:59:30.974,0.99365,0.99405,2.40,10.30
2007.11.30 07:59:31.167,0.99365,0.99405,2.40,10.30
2007.11.30 07:59:31.360,0.99365,0.994,2.40,0.50
2007.11.30 07:59:31.553,0.99365,0.99405,2.40,10.30
2007.11.30 07:59:31.746,0.99365,0.99405,2.40,10.30
2007.11.30 07:59:31.940,0.99365,0.994,2.40,0.50
2007.11.30 07:59:32.273,0.99365,0.994,2.40,0.50
2007.11.30 07:59:32.608,0.99365,0.99405,2.40,10.30
2007.11.30 07:59:32.942,0.99365,0.994,2.40,0.50
2007.11.30 07:59:33.145,0.99365,0.994,2.40,0.50
2007.11.30 07:59:33.349,0.99365,0.99405,2.40,10.30
2007.11.30 07:59:33.552,0.99365,0.994,2.40,0.50
2007.11.30 07:59:33.756,0.99365,0.99405,2.40,10.30
2007.11.30 07:59:33.959,0.99365,0.99405,2.40,10.30
2007.11.30 07:59:34.268,0.99365,0.99405,2.40,10.30
2007.11.30 07:59:34.576,0.99365,0.994,4.80,0.50
2007.11.30 07:59:34.885,0.99365,0.994,4.80,0.50
2007.11.30 07:59:35.079,0.99365,0.99405,2.40,10.30
2007.11.30 07:59:35.272,0.99365,0.99405,2.40,10.30
2007.11.30 07:59:35.469,0.99365,0.994,2.40,0.50
2007.11.30 07:59:35.661,0.99365,0.99405,2.40,10.30
2007.11.30 07:59:35.856,0.99365,0.99405,2.40,10.30
2007.11.30 07:59:36.192,0.99365,0.99405,2.40,10.30
2007.11.30 07:59:36.526,0.99365,0.99405,2.40,10.30
2007.11.30 07:59:36.918,0.99365,0.99405,2.40,10.30
2007.11.30 07:59:37.117,0.99365,0.994,2.40,0.50
2007.11.30 07:59:37.314,0.99365,0.99405,2.40,10.30
2007.11.30 07:59:37.512,0.99365,0.99405,2.40,10.30
2007.11.30 07:59:37.711,0.99365,0.99405,2.40,10.30
2007.11.30 07:59:37.909,0.99365,0.99405,2.40,10.30
2007.11.30 07:59:38.107,0.99365,0.99405,2.40,10.30
2007.11.30 07:59:38.440,0.99365,0.99405,2.40,10.30
2007.11.30 07:59:38.774,0.99365,0.99405,2.40,10.30
2007.11.30 07:59:39.107,0.99365,0.994,2.40,0.50
2007.11.30 07:59:39.290,0.99365,0.99405,2.40,10.30
2007.11.30 07:59:39.475,0.99365,0.99405,2.40,10.30
2007.11.30 07:59:39.655,0.99365,0.99405,2.40,10.30
2007.11.30 07:59:39.839,0.99365,0.994,2.40,0.50
2007.11.30 07:59:40.022,0.99365,0.994,2.40,0.50
2007.11.30 07:59:40.205,0.99365,0.99405,2.40,10.30
2007.11.30 07:59:40.537,0.99365,0.99405,2.40,10.30
2007.11.30 07:59:40.871,0.99365,0.994,2.40,0.50
2007.11.30 07:59:41.204,0.99365,0.994,2.40,0.50
2007.11.30 07:59:41.412,0.99365,0.99405,2.40,10.30
2007.11.30 07:59:41.627,0.99365,0.99405,2.40,10.30
2007.11.30 07:59:41.836,0.99365,0.99405,2.40,10.30
2007.11.30 07:59:42.043,0.99365,0.99405,2.40,10.30
2007.11.30 07:59:42.251,0.99365,0.99405,2.40,10.30
2007.11.30 07:59:42.584,0.99365,0.99405,2.40,10.30
2007.11.30 07:59:42.917,0.99365,0.99405,2.40,10.30
2007.11.30 07:59:43.250,0.99365,0.99405,2.40,10.30
2007.11.30 07:59:43.487,0.99365,0.99405,2.40,10.30
2007.11.30 07:59:43.725,0.99365,0.994,2.40,0.50
2007.11.30 07:59:43.963,0.99365,0.99405,2.40,10.30
2007.11.30 07:59:44.201,0.99365,0.994,2.40,0.50
2007.11.30 07:59:44.494,0.99365,0.99405,2.40,10.30
2007.11.30 07:59:44.787,0.99365,0.994,2.40,0.50
2007.11.30 07:59:45.079,0.99365,0.99405,2.40,10.30
2007.11.30 07:59:45.372,0.99365,0.99405,2.40,10.30
2007.11.30 07:59:45.590,0.99365,0.99405,2.40,10.30
2007.11.30 07:59:45.809,0.99365,0.994,2.40,0.50
2007.11.30 07:59:46.025,0.99365,0.99405,2.40,10.30
2007.11.30 07:59:46.242,0.99365,0.99405,2.40,10.30
2007.11.30 07:59:46.560,0.99365,0.99405,2.40,10.30
2007.11.30 07:59:46.878,0.99365,0.994,2.40,0.50
2007.11.30 07:59:47.197,0.99365,0.994,2.40,0.50
2007.11.30 07:59:47.439,0.99365,0.994,2.40,0.50
2007.11.30 07:59:47.682,0.99365,0.994,2.40,0.50
2007.11.30 07:59:47.932,0.99365,0.994,2.40,0.50
2007.11.30 07:59:48.174,0.99365,0.994,3.00,0.50
2007.11.30 07:59:48.416,0.99365,0.994,3.00,0.50
2007.11.30 07:59:48.679,0.99365,0.994,3.00,0.50
2007.11.30 07:59:48.943,0.99365,0.994,3.00,0.50
2007.11.30 07:59:49.273,0.99365,0.994,3.00,0.50
2007.11.30 07:59:49.500,0.99365,0.994,3.00,0.50
2007.11.30 07:59:49.726,0.99365,0.994,3.00,0.50
2007.11.30 07:59:49.963,0.99365,0.994,3.00,0.50
2007.11.30 07:59:50.190,0.99365,0.994,3.00,0.50
2007.11.30 07:59:50.418,0.99365,0.994,3.00,0.50
2007.11.30 07:59:50.745,0.99365,0.994,3.00,0.50
2007.11.30 07:59:51.073,0.99365,0.994,3.00,0.50
2007.11.30 07:59:51.401,0.9937,0.994,3.00,5.40
2007.11.30 07:59:51.730,0.9937,0.994,3.00,5.40
2007.11.30 07:59:51.928,0.9937,0.994,3.00,5.40
2007.11.30 07:59:52.125,0.9937,0.994,3.00,5.40
2007.11.30 07:59:52.324,0.9937,0.994,3.00,5.40
2007.11.30 07:59:52.522,0.9937,0.994,3.00,5.40
2007.11.30 07:59:52.854,0.9937,0.994,3.00,5.40
2007.11.30 07:59:53.188,0.9937,0.994,3.00,5.40
2007.11.30 07:59:53.521,0.9937,0.994,3.00,5.40
2007.11.30 07:59:53.774,0.9937,0.994,3.00,5.40
2007.11.30 07:59:54.027,0.9937,0.994,3.00,5.40
2007.11.30 07:59:54.279,0.9937,0.994,3.00,5.40
2007.11.30 07:59:54.533,0.9937,0.994,3.00,5.40
2007.11.30 07:59:54.786,0.9937,0.994,3.00,5.40
2007.11.30 07:59:55.039,0.9937,0.994,3.00,5.40
2007.11.30 07:59:55.433,0.9937,0.994,3.00,5.40
2007.11.30 07:59:55.660,0.9937,0.994,3.00,5.40
2007.11.30 07:59:55.894,0.9937,0.994,3.00,5.40
2007.11.30 07:59:56.122,0.9937,0.994,3.00,5.40
2007.11.30 07:59:56.349,0.9937,0.994,3.00,5.40
2007.11.30 07:59:56.578,0.9937,0.994,3.00,5.40
2007.11.30 07:59:56.806,0.9937,0.994,3.00,5.40
2007.11.30 07:59:57.035,0.9938,0.994,0.10,0.50
2007.11.30 07:59:57.265,0.9938,0.994,0.10,0.50
2007.11.30 07:59:57.494,0.9938,0.994,0.10,0.50
2007.11.30 07:59:57.725,0.9938,0.994,0.10,0.50
2007.11.30 07:59:57.984,0.9938,0.994,0.10,0.50
2007.11.30 07:59:58.243,0.9938,0.994,0.10,0.50
2007.11.30 07:59:58.500,0.9938,0.994,0.10,0.50
2007.11.30 07:59:58.759,0.9938,0.994,0.10,0.50
2007.11.30 07:59:59.038,0.9938,0.994,0.10,0.50
2007.11.30 07:59:59.314,0.9938,0.994,0.10,0.50
2007.11.30 07:59:59.592,0.9938,0.994,0.10,0.50
2007.11.30 07:59:59.877,0.9938,0.994,0.10,0.50
