2007.11.02 18:00:00.773,0.93455,0.93475,1.00,2.40
2007.11.02 18:00:01.018,0.93455,0.93475,1.00,1.80
2007.11.02 18:00:01.283,0.93455,0.93475,1.00,1.00
2007.11.02 18:00:01.522,0.93455,0.93475,1.00,0.30
2007.11.02 18:00:01.855,0.93455,0.93475,1.00,0.30
2007.11.02 18:00:02.190,0.93455,0.93475,1.00,0.30
2007.11.02 18:00:02.525,0.93455,0.93475,1.00,0.30
2007.11.02 18:00:02.992,0.93455,0.93475,1.00,0.30
2007.11.02 18:00:03.189,0.93455,0.93475,1.00,1.00
2007.11.02 18:00:03.387,0.93455,0.93475,1.00,1.00
2007.11.02 18:00:03.585,0.93455,0.93475,1.00,1.00
2007.11.02 18:00:05.286,0.93455,0.93475,1.00,1.00
2007.11.02 18:00:05.488,0.93455,0.93475,1.00,1.00
2007.11.02 18:00:05.701,0.93455,0.93475,1.00,1.00
2007.11.02 18:00:06.029,0.9345,0.93475,5.00,2.20
2007.11.02 18:00:06.357,0.9345,0.93475,5.00,2.20
2007.11.02 18:00:06.684,0.9345,0.93475,5.00,2.20
2007.11.02 18:00:07.415,0.9345,0.93475,5.00,2.20
2007.11.02 18:00:08.490,0.9345,0.93475,5.00,2.20
2007.11.02 18:00:09.307,0.9347,0.93475,0.80,2.20
2007.11.02 18:00:09.566,0.9345,0.9347,5.00,0.60
2007.11.02 18:00:09.825,0.9345,0.93475,5.00,0.30
2007.11.02 18:00:10.038,0.9345,0.93475,5.00,0.30
2007.11.02 18:00:10.252,0.93455,0.93475,1.00,0.30
2007.11.02 18:00:10.466,0.93455,0.93475,1.00,0.30
2007.11.02 18:00:10.679,0.93455,0.93475,1.00,0.30
2007.11.02 18:00:10.891,0.93455,0.93475,1.00,0.30
2007.11.02 18:00:11.204,0.93455,0.93475,1.00,0.30
2007.11.02 18:00:11.642,0.93455,0.93475,1.00,0.30
2007.11.02 18:00:11.955,0.93455,0.93475,1.00,0.30
2007.11.02 18:00:13.160,0.93455,0.93475,1.00,0.30
2007.11.02 18:00:13.363,0.93455,0.93475,1.00,0.30
2007.11.02 18:00:13.566,0.93455,0.93475,1.20,0.30
2007.11.02 18:00:13.770,0.93455,0.93475,3.00,0.30
2007.11.02 18:00:14.033,0.93455,0.93475,1.40,0.30
2007.11.02 18:00:14.296,0.9346,0.93475,4.00,0.30
2007.11.02 18:00:14.559,0.9346,0.93475,5.00,0.30
2007.11.02 18:00:14.822,0.9346,0.93475,5.00,0.30
2007.11.02 18:00:15.040,0.93465,0.93475,1.00,0.30
2007.11.02 18:00:15.264,0.93465,0.93475,1.00,0.30
2007.11.02 18:00:15.482,0.93465,0.93475,1.00,0.30
2007.11.02 18:00:15.699,0.93465,0.93475,1.00,0.30
2007.11.02 18:00:15.923,0.93465,0.93475,1.00,0.30
2007.11.02 18:00:16.255,0.93465,0.93475,1.00,0.30
2007.11.02 18:00:16.590,0.93465,0.93475,1.00,0.30
2007.11.02 18:00:16.923,0.93465,0.93475,1.00,0.30
2007.11.02 18:00:17.106,0.93465,0.93475,0.60,0.30
2007.11.02 18:00:17.289,0.9346,0.93475,4.00,0.30
2007.11.02 18:00:17.472,0.9346,0.93475,4.00,0.30
2007.11.02 18:00:17.881,0.9346,0.93475,4.00,0.30
2007.11.02 18:00:18.186,0.9346,0.93475,4.00,0.30
2007.11.02 18:00:20.285,0.93455,0.93475,1.20,0.30
2007.11.02 18:00:20.579,0.9345,0.93475,5.30,0.30
2007.11.02 18:00:20.872,0.9345,0.93475,5.00,0.30
2007.11.02 18:00:25.842,0.9345,0.93475,5.00,0.30
2007.11.02 18:00:30.778,0.9345,0.93475,5.00,0.30
2007.11.02 18:00:31.077,0.9345,0.93475,5.00,0.30
2007.11.02 18:00:31.375,0.9345,0.93475,5.00,0.30
2007.11.02 18:00:32.614,0.9345,0.93475,5.00,0.30
2007.11.02 18:00:33.585,0.93445,0.93475,22.50,0.30
2007.11.02 18:00:34.617,0.93445,0.93465,22.50,0.10
2007.11.02 18:00:34.890,0.9345,0.93465,0.60,0.10
2007.11.02 18:00:35.774,0.93455,0.93475,0.50,0.30
2007.11.02 18:00:35.987,0.9345,0.93465,0.70,0.30
2007.11.02 18:00:36.199,0.93445,0.93465,23.20,0.50
2007.11.02 18:00:36.412,0.9345,0.93465,2.50,0.50
2007.11.02 18:00:36.924,0.93445,0.93465,23.30,0.50
2007.11.02 18:00:37.257,0.93445,0.93465,23.20,0.50
2007.11.02 18:00:37.773,0.9345,0.93465,2.40,0.50
2007.11.02 18:00:38.097,0.9345,0.93465,1.00,0.50
2007.11.02 18:00:38.290,0.9345,0.93465,0.60,0.50
2007.11.02 18:00:38.483,0.93445,0.93465,20.80,0.50
2007.11.02 18:00:38.988,0.9345,0.93465,1.50,0.50
2007.11.02 18:00:39.290,0.93445,0.93465,20.40,0.50
2007.11.02 18:00:39.593,0.9345,0.93465,2.90,0.50
2007.11.02 18:00:39.897,0.9345,0.93465,0.70,0.50
2007.11.02 18:00:40.200,0.9345,0.93465,0.50,0.50
2007.11.02 18:00:40.786,0.93445,0.93465,13.60,0.50
2007.11.02 18:00:41.131,0.9345,0.93465,1.60,0.50
2007.11.02 18:00:41.465,0.93445,0.93465,13.30,0.50
2007.11.02 18:00:41.797,0.9345,0.93465,2.10,0.50
2007.11.02 18:00:42.130,0.93445,0.93465,13.30,0.50
2007.11.02 18:00:42.299,0.9345,0.93475,0.90,2.80
2007.11.02 18:00:42.466,0.9345,0.93475,1.40,7.20
2007.11.02 18:00:42.635,0.93445,0.9347,12.50,6.40
2007.11.02 18:00:42.803,0.93445,0.9347,11.70,6.40
2007.11.02 18:00:42.971,0.93445,0.93475,11.70,4.60
2007.11.02 18:00:43.294,0.93445,0.93475,11.70,3.80
2007.11.02 18:00:43.617,0.9345,0.93475,2.60,3.80
2007.11.02 18:00:43.941,0.93445,0.93475,11.70,2.90
2007.11.02 18:00:44.273,0.93445,0.93475,11.70,2.80
2007.11.02 18:00:44.697,0.93445,0.93475,11.80,2.80
2007.11.02 18:00:44.886,0.9345,0.93475,2.30,2.00
2007.11.02 18:00:45.074,0.9345,0.93475,0.60,2.00
2007.11.02 18:00:45.353,0.93445,0.93475,12.90,2.00
2007.11.02 18:00:45.634,0.93445,0.93475,12.80,1.80
2007.11.02 18:00:45.912,0.9345,0.93475,1.00,1.80
2007.11.02 18:00:47.638,0.93445,0.93475,12.20,1.80
2007.11.02 18:00:47.806,0.9345,0.93475,2.40,1.80
2007.11.02 18:00:50.784,0.93445,0.93475,6.70,1.80
2007.11.02 18:00:54.637,0.93445,0.93475,6.70,2.00
2007.11.02 18:00:55.780,0.9345,0.93475,0.60,2.00
2007.11.02 18:00:57.206,0.93445,0.93475,7.50,1.80
2007.11.02 18:00:57.354,0.93445,0.93475,6.80,1.80
2007.11.02 18:00:57.502,0.93445,0.93475,6.90,1.00
2007.11.02 18:00:58.044,0.93445,0.93475,6.80,1.00
2007.11.02 18:00:58.489,0.93445,0.93475,6.80,1.00
2007.11.02 18:01:00.645,0.9345,0.93475,0.60,1.00
2007.11.02 18:01:00.978,0.9345,0.93475,0.60,1.00
2007.11.02 18:01:01.357,0.9345,0.93475,0.60,1.00
2007.11.02 18:01:02.390,0.9345,0.93475,0.60,1.00
2007.11.02 18:01:03.747,0.9345,0.93475,0.60,1.00
2007.11.02 18:01:04.001,0.9345,0.93475,0.60,1.00
2007.11.02 18:01:04.957,0.9345,0.93475,0.60,1.00
2007.11.02 18:01:05.654,0.9345,0.93475,0.60,1.00
2007.11.02 18:01:05.773,0.9345,0.93475,0.60,1.00
2007.11.02 18:01:06.032,0.93445,0.93475,2.40,8.00
2007.11.02 18:01:06.291,0.93445,0.93475,1.40,8.00
2007.11.02 18:01:06.549,0.93445,0.93475,0.60,8.00
2007.11.02 18:01:06.980,0.93445,0.93475,2.30,8.00
2007.11.02 18:01:07.313,0.93445,0.93475,2.30,8.00
2007.11.02 18:01:10.468,0.93445,0.93475,1.70,8.00
2007.11.02 18:01:10.686,0.93445,0.93465,1.70,2.40
2007.11.02 18:01:10.914,0.93445,0.93455,0.90,0.90
2007.11.02 18:01:11.142,0.93445,0.93455,0.70,0.80
2007.11.02 18:01:11.370,0.9344,0.9346,4.00,3.40
2007.11.02 18:01:11.598,0.9344,0.9346,4.00,3.40
2007.11.02 18:01:11.931,0.9344,0.9346,4.30,0.80
2007.11.02 18:01:12.265,0.9344,0.9346,0.40,0.80
2007.11.02 18:01:12.598,0.9344,0.93465,0.40,1.10
2007.11.02 18:01:13.215,0.9344,0.93465,0.40,1.10
2007.11.02 18:01:15.368,0.9344,0.93465,0.40,1.10
2007.11.02 18:01:15.780,0.9344,0.93465,0.40,1.10
2007.11.02 18:01:16.344,0.9344,0.93465,0.40,1.30
2007.11.02 18:01:16.547,0.9344,0.93465,0.40,1.30
2007.11.02 18:01:16.749,0.9344,0.93465,0.60,1.30
2007.11.02 18:01:17.083,0.9344,0.93455,0.60,0.10
2007.11.02 18:01:17.587,0.9344,0.93455,0.60,0.10
2007.11.02 18:01:17.760,0.9344,0.93455,0.60,0.10
2007.11.02 18:01:17.933,0.9344,0.93455,0.60,2.40
2007.11.02 18:01:18.106,0.9344,0.93455,0.60,2.40
2007.11.02 18:01:18.280,0.9343,0.93455,4.60,2.40
2007.11.02 18:01:18.453,0.9343,0.93455,4.60,2.40
2007.11.02 18:01:18.626,0.9343,0.93455,4.60,2.40
2007.11.02 18:01:18.939,0.9343,0.93455,4.60,2.40
2007.11.02 18:01:19.252,0.9343,0.93455,4.60,2.40
2007.11.02 18:01:19.979,0.9343,0.93455,4.60,2.40
2007.11.02 18:01:20.773,0.9343,0.93455,4.60,2.40
2007.11.02 18:01:22.112,0.9343,0.93455,4.60,2.40
2007.11.02 18:01:22.441,0.9343,0.93455,4.60,2.40
2007.11.02 18:01:23.348,0.9344,0.93455,4.00,2.40
2007.11.02 18:01:23.567,0.9344,0.93455,4.00,0.10
2007.11.02 18:01:23.784,0.9344,0.93455,4.00,0.10
2007.11.02 18:01:24.003,0.9344,0.93455,4.00,0.10
2007.11.02 18:01:24.458,0.9344,0.93455,4.00,0.10
2007.11.02 18:01:24.695,0.9344,0.93455,4.00,0.10
2007.11.02 18:01:24.934,0.9344,0.93455,4.00,0.10
2007.11.02 18:01:25.181,0.9344,0.93455,4.00,0.10
2007.11.02 18:01:25.419,0.93435,0.93455,0.60,0.80
2007.11.02 18:01:25.656,0.93435,0.93455,0.60,3.20
2007.11.02 18:01:25.895,0.9343,0.93455,4.60,3.20
2007.11.02 18:01:26.229,0.9343,0.93455,4.60,3.20
2007.11.02 18:01:26.562,0.9343,0.93455,4.60,3.20
2007.11.02 18:01:26.896,0.9343,0.93455,4.60,3.20
2007.11.02 18:01:27.218,0.9343,0.93455,4.60,3.20
2007.11.02 18:01:27.396,0.9343,0.93455,4.60,3.20
2007.11.02 18:01:27.574,0.9343,0.93455,4.60,3.20
2007.11.02 18:01:27.752,0.9343,0.93455,4.60,3.20
2007.11.02 18:01:27.929,0.9343,0.93455,4.60,3.20
2007.11.02 18:01:28.108,0.9343,0.93455,4.60,3.20
2007.11.02 18:01:28.370,0.9343,0.93455,4.60,3.20
2007.11.02 18:01:28.634,0.9343,0.93455,4.60,3.20
2007.11.02 18:01:28.897,0.9343,0.93455,4.60,3.20
2007.11.02 18:01:29.159,0.9343,0.93455,5.40,3.20
2007.11.02 18:01:29.387,0.9343,0.93455,5.40,3.20
2007.11.02 18:01:30.778,0.9343,0.93455,5.40,3.20
2007.11.02 18:01:35.778,0.9343,0.93455,5.40,3.20
2007.11.02 18:01:40.116,0.9343,0.93455,5.40,3.20
2007.11.02 18:01:40.778,0.9343,0.93455,5.40,3.20
2007.11.02 18:01:42.911,0.9343,0.93455,5.40,3.20
2007.11.02 18:01:43.096,0.9343,0.93455,5.10,3.20
2007.11.02 18:01:43.278,0.9343,0.93455,4.80,5.90
2007.11.02 18:01:43.461,0.9343,0.93455,4.80,5.90
2007.11.02 18:01:43.769,0.9343,0.93455,4.80,6.70
2007.11.02 18:01:44.205,0.9343,0.93455,4.80,6.70
2007.11.02 18:01:44.725,0.9343,0.93455,4.80,6.70
2007.11.02 18:01:45.166,0.9343,0.93455,4.80,7.80
2007.11.02 18:01:45.357,0.93425,0.9345,4.20,8.00
2007.11.02 18:01:45.629,0.93425,0.9345,0.40,9.00
2007.11.02 18:01:45.959,0.9342,0.9345,4.60,10.60
2007.11.02 18:01:46.294,0.93415,0.93445,0.60,7.80
2007.11.02 18:01:46.628,0.93415,0.93445,0.60,7.80
2007.11.02 18:01:47.066,0.93415,0.93445,0.60,7.70
2007.11.02 18:01:47.385,0.93415,0.93445,0.60,7.70
2007.11.02 18:01:47.703,0.93415,0.93445,0.60,7.70
2007.11.02 18:01:47.906,0.93415,0.93445,0.60,7.70
2007.11.02 18:01:48.212,0.93415,0.93445,0.60,7.70
2007.11.02 18:01:48.858,0.93415,0.93445,0.60,7.70
2007.11.02 18:01:49.391,0.93415,0.93445,0.60,7.60
2007.11.02 18:01:49.684,0.93415,0.93445,0.60,7.60
2007.11.02 18:01:50.404,0.9342,0.93445,4.00,7.60
2007.11.02 18:01:50.652,0.9342,0.93445,4.00,7.00
2007.11.02 18:01:50.926,0.9342,0.93445,4.60,4.40
2007.11.02 18:01:51.592,0.9342,0.93445,4.60,4.40
2007.11.02 18:01:51.865,0.9342,0.93445,4.60,4.40
2007.11.02 18:01:52.189,0.9342,0.93445,0.40,5.00
2007.11.02 18:01:52.512,0.93415,0.93445,0.60,7.60
2007.11.02 18:01:52.836,0.93415,0.93445,0.60,7.60
2007.11.02 18:01:53.170,0.93415,0.93445,0.60,7.60
2007.11.02 18:01:53.392,0.93415,0.93445,0.60,0.70
2007.11.02 18:01:55.783,0.93415,0.93445,0.60,0.50
2007.11.02 18:01:56.085,0.93415,0.93435,0.60,0.50
2007.11.02 18:01:56.419,0.93415,0.93445,0.60,8.90
2007.11.02 18:02:00.778,0.93415,0.93445,0.60,8.90
2007.11.02 18:02:02.732,0.93415,0.93445,0.60,8.60
2007.11.02 18:02:03.901,0.93415,0.93445,3.80,5.60
2007.11.02 18:02:04.189,0.93415,0.93445,6.50,5.60
2007.11.02 18:02:04.478,0.9343,0.93435,4.00,0.10
2007.11.02 18:02:04.646,0.9343,0.93435,4.00,0.10
2007.11.02 18:02:05.240,0.9343,0.93435,4.00,0.10
2007.11.02 18:02:05.778,0.9343,0.93435,4.00,0.10
2007.11.02 18:02:06.109,0.93425,0.93445,2.20,8.50
2007.11.02 18:02:06.443,0.93415,0.93435,1.70,0.10
2007.11.02 18:02:06.766,0.9342,0.93435,0.40,0.10
2007.11.02 18:02:07.090,0.9342,0.93445,0.60,0.90
2007.11.02 18:02:07.413,0.9342,0.93435,0.60,0.10
2007.11.02 18:02:07.641,0.9342,0.93435,0.60,0.10
2007.11.02 18:02:07.869,0.9342,0.93445,0.60,0.90
2007.11.02 18:02:10.412,0.9342,0.93445,0.60,0.90
2007.11.02 18:02:10.646,0.93425,0.93445,0.40,0.90
2007.11.02 18:02:10.956,0.93425,0.93435,0.60,0.10
2007.11.02 18:02:11.593,0.93425,0.93445,0.60,0.90
2007.11.02 18:02:12.915,0.93425,0.93445,0.60,3.90
2007.11.02 18:02:13.077,0.93425,0.93445,0.60,3.90
2007.11.02 18:02:13.241,0.93425,0.93445,0.40,3.90
2007.11.02 18:02:13.403,0.9342,0.93445,4.60,3.90
2007.11.02 18:02:13.567,0.9342,0.93435,4.60,0.10
2007.11.02 18:02:14.198,0.9342,0.93445,4.60,3.90
2007.11.02 18:02:15.777,0.9342,0.93435,4.60,0.10
2007.11.02 18:02:18.535,0.9342,0.93445,4.60,3.90
2007.11.02 18:02:18.747,0.9342,0.9344,4.60,1.70
2007.11.02 18:02:19.056,0.9342,0.9344,4.60,1.70
2007.11.02 18:02:19.328,0.9342,0.9344,4.60,1.65
2007.11.02 18:02:19.601,0.9342,0.93435,4.60,0.05
2007.11.02 18:02:19.874,0.9342,0.9344,4.60,1.65
2007.11.02 18:02:20.097,0.9342,0.9344,4.60,1.65
2007.11.02 18:02:20.354,0.9342,0.9344,4.60,1.65
2007.11.02 18:02:20.576,0.9342,0.9344,4.60,1.65
2007.11.02 18:02:20.800,0.9342,0.9344,4.60,1.65
2007.11.02 18:02:21.940,0.9342,0.9344,4.60,1.65
2007.11.02 18:02:22.113,0.9342,0.9344,0.60,2.45
2007.11.02 18:02:22.286,0.9342,0.9344,0.40,2.45
2007.11.02 18:02:22.460,0.93415,0.93435,0.60,0.05
2007.11.02 18:02:22.685,0.93415,0.93435,0.60,0.05
2007.11.02 18:02:23.137,0.93415,0.93435,0.60,0.05
2007.11.02 18:02:24.961,0.93415,0.93435,0.60,0.05
2007.11.02 18:02:25.781,0.93415,0.93435,0.60,0.05
2007.11.02 18:02:30.780,0.93415,0.93435,0.60,0.05
2007.11.02 18:02:34.356,0.93415,0.9344,0.60,2.40
2007.11.02 18:02:35.783,0.93415,0.9344,0.60,2.40
2007.11.02 18:02:36.437,0.93415,0.9344,0.60,2.40
2007.11.02 18:02:36.770,0.93415,0.9344,0.60,1.60
2007.11.02 18:02:40.872,0.93415,0.9344,0.60,1.60
2007.11.02 18:02:42.752,0.93415,0.9344,0.60,1.60
2007.11.02 18:02:43.089,0.93415,0.9344,0.60,2.40
2007.11.02 18:02:45.773,0.93415,0.9344,0.60,2.40
2007.11.02 18:02:46.037,0.93415,0.9344,0.60,2.40
2007.11.02 18:02:48.864,0.93415,0.9344,0.60,2.40
2007.11.02 18:02:49.137,0.93415,0.9344,0.60,2.40
2007.11.02 18:02:50.779,0.93415,0.9344,0.60,2.40
2007.11.02 18:02:55.779,0.93415,0.9344,0.40,2.40
2007.11.02 18:02:56.004,0.93415,0.93445,0.40,13.80
2007.11.02 18:02:57.712,0.93415,0.9344,0.40,0.80
2007.11.02 18:02:57.911,0.93415,0.93445,0.40,13.80
2007.11.02 18:02:58.767,0.93415,0.9344,0.40,0.60
2007.11.02 18:03:00.781,0.93415,0.9344,0.40,0.80
2007.11.02 18:03:04.335,0.93415,0.93445,0.40,13.90
2007.11.02 18:03:05.780,0.93415,0.9344,0.40,0.70
2007.11.02 18:03:10.780,0.93415,0.93445,0.40,13.90
2007.11.02 18:03:13.059,0.93415,0.93445,0.40,13.90
2007.11.02 18:03:14.094,0.93415,0.93445,0.60,13.90
2007.11.02 18:03:15.147,0.93415,0.93445,0.60,14.00
2007.11.02 18:03:15.720,0.93415,0.9344,0.60,0.70
2007.11.02 18:03:16.110,0.93415,0.9344,0.60,0.70
2007.11.02 18:03:16.389,0.93415,0.9344,0.60,4.00
2007.11.02 18:03:16.667,0.93415,0.9344,0.60,9.60
2007.11.02 18:03:16.945,0.93415,0.93435,0.40,0.90
2007.11.02 18:03:17.274,0.9341,0.93435,4.60,0.70
2007.11.02 18:03:17.667,0.9341,0.93435,4.60,0.50
2007.11.02 18:03:17.997,0.9341,0.93435,4.60,0.60
2007.11.02 18:03:18.647,0.9341,0.93435,4.60,0.80
2007.11.02 18:03:19.272,0.9341,0.93435,4.60,0.80
2007.11.02 18:03:19.556,0.9341,0.93435,4.60,0.80
2007.11.02 18:03:19.836,0.93415,0.93435,0.40,0.80
2007.11.02 18:03:20.113,0.93415,0.93445,0.60,17.40
2007.11.02 18:03:20.377,0.93415,0.93435,0.60,0.70
2007.11.02 18:03:20.787,0.93415,0.93445,0.60,17.40
2007.11.02 18:03:21.649,0.93415,0.93435,0.60,0.50
2007.11.02 18:03:22.207,0.93415,0.93435,0.60,0.70
2007.11.02 18:03:22.481,0.93415,0.9344,0.60,3.20
2007.11.02 18:03:22.662,0.93415,0.9344,0.60,3.20
2007.11.02 18:03:23.623,0.93415,0.9344,0.60,3.20
2007.11.02 18:03:24.812,0.93415,0.9344,0.60,3.20
2007.11.02 18:03:25.171,0.93415,0.9344,0.60,2.40
2007.11.02 18:03:25.777,0.93415,0.9344,0.60,2.40
2007.11.02 18:03:29.659,0.93415,0.9344,0.60,2.40
2007.11.02 18:03:30.774,0.93415,0.9344,0.60,2.40
2007.11.02 18:03:31.592,0.93415,0.9344,0.60,6.40
2007.11.02 18:03:31.926,0.9341,0.93435,4.60,2.40
2007.11.02 18:03:32.259,0.9341,0.93435,4.60,2.40
2007.11.02 18:03:32.850,0.9341,0.93435,4.60,2.40
2007.11.02 18:03:35.779,0.9341,0.93435,4.60,2.40
2007.11.02 18:03:36.405,0.9341,0.93435,4.60,2.40
2007.11.02 18:03:38.084,0.93405,0.93435,10.90,2.40
2007.11.02 18:03:39.550,0.9341,0.93435,5.00,2.40
2007.11.02 18:03:39.769,0.9341,0.93435,5.00,2.40
2007.11.02 18:03:40.775,0.93415,0.93435,0.40,2.40
2007.11.02 18:03:42.499,0.93415,0.93435,0.40,2.40
2007.11.02 18:03:42.827,0.9341,0.93435,5.00,2.40
2007.11.02 18:03:43.006,0.93405,0.93435,10.40,2.40
2007.11.02 18:03:43.185,0.93405,0.93425,0.50,0.80
2007.11.02 18:03:43.363,0.93405,0.93425,0.80,1.10
2007.11.02 18:03:43.547,0.9341,0.93415,0.10,0.80
2007.11.02 18:03:43.876,0.934,0.9342,0.80,2.60
2007.11.02 18:03:44.208,0.9339,0.9342,4.90,2.60
2007.11.02 18:03:44.541,0.9339,0.9342,4.90,2.60
2007.11.02 18:03:44.875,0.93385,0.93415,2.60,0.30
2007.11.02 18:03:45.044,0.93385,0.93415,0.80,1.80
2007.11.02 18:03:45.212,0.9338,0.93415,8.20,1.80
2007.11.02 18:03:45.380,0.93385,0.93415,0.80,1.80
2007.11.02 18:03:45.548,0.93385,0.93415,0.80,2.00
2007.11.02 18:03:45.717,0.9338,0.93415,8.20,6.40
2007.11.02 18:03:46.050,0.9338,0.93415,4.80,9.00
2007.11.02 18:03:46.383,0.93385,0.93415,0.80,9.90
2007.11.02 18:03:46.716,0.93385,0.93415,0.80,9.90
2007.11.02 18:03:47.019,0.9338,0.93415,4.80,9.90
2007.11.02 18:03:47.322,0.93385,0.93415,0.80,9.90
2007.11.02 18:03:47.625,0.9338,0.93415,4.80,9.90
2007.11.02 18:03:48.395,0.9338,0.93415,4.90,9.40
2007.11.02 18:03:48.613,0.9338,0.93415,6.70,6.80
2007.11.02 18:03:48.832,0.93385,0.93415,1.70,2.40
2007.11.02 18:03:49.052,0.9339,0.93415,0.10,0.80
2007.11.02 18:03:49.300,0.9339,0.93415,0.10,0.80
2007.11.02 18:03:49.518,0.9339,0.93415,0.10,0.80
2007.11.02 18:03:49.736,0.93385,0.93415,8.70,0.80
2007.11.02 18:03:49.955,0.93385,0.93415,17.60,0.80
2007.11.02 18:03:50.293,0.9339,0.93415,7.50,0.80
2007.11.02 18:03:50.627,0.93395,0.93415,0.10,0.80
2007.11.02 18:03:50.961,0.9339,0.93415,4.10,0.80
2007.11.02 18:03:51.269,0.9339,0.93415,4.10,0.80
2007.11.02 18:03:51.578,0.93395,0.9342,0.90,0.80
2007.11.02 18:03:51.884,0.9339,0.93425,5.70,10.20
2007.11.02 18:03:52.194,0.934,0.93425,2.30,9.40
2007.11.02 18:03:52.448,0.93395,0.93425,9.40,4.20
2007.11.02 18:03:52.701,0.934,0.93425,4.10,4.00
2007.11.02 18:03:52.954,0.9339,0.93425,8.20,4.00
2007.11.02 18:03:53.207,0.93395,0.93425,0.80,4.00
2007.11.02 18:03:53.450,0.9339,0.93425,8.20,4.20
2007.11.02 18:03:53.694,0.93395,0.93425,0.80,10.20
2007.11.02 18:03:53.938,0.9339,0.93425,4.10,12.90
2007.11.02 18:03:54.181,0.9339,0.93425,4.10,12.90
2007.11.02 18:03:54.525,0.9339,0.93425,4.10,13.00
2007.11.02 18:03:54.779,0.93395,0.93425,4.10,12.90
2007.11.02 18:03:55.032,0.934,0.93425,2.40,10.20
2007.11.02 18:03:55.293,0.934,0.93425,1.90,10.20
2007.11.02 18:03:55.555,0.934,0.93425,1.30,10.20
2007.11.02 18:03:55.868,0.93395,0.93425,5.80,10.20
2007.11.02 18:03:56.384,0.934,0.93425,1.30,10.20
2007.11.02 18:03:56.896,0.934,0.93425,2.20,10.20
2007.11.02 18:03:57.229,0.934,0.93425,2.20,10.20
2007.11.02 18:03:57.523,0.93395,0.93425,5.80,10.20
2007.11.02 18:03:58.800,0.93395,0.93425,5.70,10.20
2007.11.02 18:03:59.063,0.93395,0.93425,5.60,10.20
2007.11.02 18:03:59.328,0.93385,0.93425,23.60,12.90
2007.11.02 18:03:59.544,0.93385,0.93425,18.80,9.70
2007.11.02 18:04:00.327,0.9339,0.93425,0.50,9.70
2007.11.02 18:04:00.656,0.93385,0.93425,18.80,9.70
2007.11.02 18:04:02.054,0.93385,0.93425,18.70,9.60
2007.11.02 18:04:02.387,0.93385,0.93425,14.70,11.50
2007.11.02 18:04:02.569,0.9339,0.9342,0.70,0.80
2007.11.02 18:04:02.777,0.9339,0.9342,1.70,0.80
2007.11.02 18:04:03.422,0.93385,0.9342,17.10,0.80
2007.11.02 18:04:04.388,0.9339,0.9342,0.90,0.80
2007.11.02 18:04:04.671,0.9339,0.9342,0.90,0.80
2007.11.02 18:04:05.317,0.93385,0.9342,18.80,0.80
2007.11.02 18:04:05.696,0.9339,0.9342,1.50,4.80
2007.11.02 18:04:05.959,0.9339,0.93415,1.30,4.00
2007.11.02 18:04:06.252,0.9339,0.93415,1.70,4.00
2007.11.02 18:04:06.417,0.93385,0.93415,9.80,4.00
2007.11.02 18:04:06.515,0.9339,0.93415,1.90,4.00
2007.11.02 18:04:06.849,0.9339,0.93415,0.50,4.80
2007.11.02 18:04:07.182,0.93385,0.93415,8.00,4.00
2007.11.02 18:04:07.515,0.9339,0.93415,2.00,4.00
2007.11.02 18:04:08.764,0.9339,0.93415,0.60,4.00
2007.11.02 18:04:09.086,0.93385,0.93415,9.80,4.80
2007.11.02 18:04:09.913,0.93385,0.93415,9.80,5.00
2007.11.02 18:04:10.128,0.93385,0.93415,9.80,5.00
2007.11.02 18:04:10.336,0.9339,0.93415,1.40,5.00
2007.11.02 18:04:10.777,0.93385,0.93415,9.80,5.00
2007.11.02 18:04:13.606,0.9339,0.93405,0.60,3.60
2007.11.02 18:04:13.864,0.93375,0.934,12.20,3.20
2007.11.02 18:04:14.123,0.9338,0.93395,0.60,0.80
2007.11.02 18:04:14.380,0.9337,0.93395,9.00,0.80
2007.11.02 18:04:14.639,0.93365,0.93405,24.50,4.60
2007.11.02 18:04:14.892,0.93365,0.93405,17.90,3.00
2007.11.02 18:04:15.145,0.93375,0.93405,0.30,3.00
2007.11.02 18:04:15.398,0.93365,0.93405,21.10,8.80
2007.11.02 18:04:15.652,0.93365,0.93405,18.00,10.80
2007.11.02 18:04:15.909,0.93375,0.93405,0.50,10.80
2007.11.02 18:04:16.167,0.93375,0.93405,0.50,10.80
2007.11.02 18:04:16.471,0.9337,0.93405,6.10,10.80
2007.11.02 18:04:17.293,0.9337,0.93405,6.10,10.80
2007.11.02 18:04:17.625,0.9337,0.93405,6.20,10.80
2007.11.02 18:04:17.809,0.93375,0.93405,0.60,10.80
2007.11.02 18:04:18.322,0.9337,0.93405,7.00,10.80
2007.11.02 18:04:19.183,0.93365,0.93395,21.40,0.60
2007.11.02 18:04:19.478,0.9337,0.93395,1.40,1.20
2007.11.02 18:04:19.775,0.9337,0.93395,2.00,1.10
2007.11.02 18:04:20.013,0.93365,0.93375,14.20,3.60
2007.11.02 18:04:20.252,0.9336,0.93365,12.60,2.40
2007.11.02 18:04:20.490,0.93355,0.9338,4.20,6.40
2007.11.02 18:04:20.729,0.9335,0.9338,4.80,9.00
2007.11.02 18:04:21.023,0.93355,0.9338,0.80,9.80
2007.11.02 18:04:21.316,0.93355,0.93375,0.80,0.20
2007.11.02 18:04:21.609,0.9335,0.93375,4.80,2.50
2007.11.02 18:04:21.902,0.93355,0.93375,0.80,2.50
2007.11.02 18:04:22.217,0.9335,0.93375,4.80,2.40
2007.11.02 18:04:22.530,0.9335,0.9338,4.80,9.80
2007.11.02 18:04:22.843,0.9335,0.9338,4.80,0.80
2007.11.02 18:04:23.156,0.9335,0.9338,4.80,0.80
2007.11.02 18:04:23.374,0.93355,0.9338,0.80,0.80
2007.11.02 18:04:23.593,0.9335,0.9338,4.80,0.80
2007.11.02 18:04:24.357,0.9335,0.9338,4.80,0.80
2007.11.02 18:04:25.777,0.93355,0.9338,0.80,0.80
2007.11.02 18:04:26.015,0.9335,0.9338,4.80,0.80
2007.11.02 18:04:26.349,0.9335,0.93385,1.40,5.80
2007.11.02 18:04:26.683,0.93355,0.93385,0.60,3.20
2007.11.02 18:04:27.016,0.93355,0.93385,0.60,3.20
2007.11.02 18:04:27.240,0.9335,0.93385,9.40,3.20
2007.11.02 18:04:27.463,0.9335,0.93385,11.50,1.60
2007.11.02 18:04:27.690,0.93355,0.93385,0.10,1.60
2007.11.02 18:04:28.235,0.9335,0.93385,8.30,1.60
2007.11.02 18:04:28.542,0.9335,0.93385,11.50,1.60
2007.11.02 18:04:29.167,0.9335,0.93385,8.30,1.60
2007.11.02 18:04:29.396,0.93355,0.93385,0.10,1.60
2007.11.02 18:04:30.630,0.93355,0.93385,0.10,1.60
2007.11.02 18:04:32.325,0.93355,0.93385,0.10,1.20
2007.11.02 18:04:32.943,0.9335,0.93385,8.30,0.80
2007.11.02 18:04:33.217,0.93355,0.93385,0.10,0.80
2007.11.02 18:04:33.505,0.9335,0.93385,11.50,0.80
2007.11.02 18:04:35.783,0.93355,0.93385,0.10,0.80
2007.11.02 18:04:35.965,0.93355,0.93385,0.10,0.80
2007.11.02 18:04:37.249,0.93355,0.93385,0.10,6.00
2007.11.02 18:04:37.581,0.9335,0.93385,8.10,8.60
2007.11.02 18:04:37.781,0.9335,0.93385,8.10,8.60
2007.11.02 18:04:37.969,0.9335,0.93385,8.10,8.60
2007.11.02 18:04:38.420,0.9335,0.93385,8.10,8.60
2007.11.02 18:04:38.609,0.9335,0.93385,8.10,8.60
2007.11.02 18:04:38.917,0.9336,0.93385,4.00,3.20
2007.11.02 18:04:39.224,0.9336,0.93385,4.00,3.20
2007.11.02 18:04:39.534,0.9336,0.93385,4.00,3.20
2007.11.02 18:04:39.840,0.9336,0.93385,4.00,3.20
2007.11.02 18:04:40.063,0.9336,0.93385,4.00,3.20
2007.11.02 18:04:40.287,0.9336,0.93385,4.00,1.20
2007.11.02 18:04:40.510,0.9336,0.93385,4.10,1.20
2007.11.02 18:04:40.732,0.9336,0.93385,4.10,0.60
2007.11.02 18:04:40.965,0.9336,0.93385,4.10,0.60
2007.11.02 18:04:41.200,0.9336,0.9339,4.10,1.60
2007.11.02 18:04:41.433,0.9336,0.9339,4.10,0.80
2007.11.02 18:04:42.328,0.9336,0.9339,4.10,0.80
2007.11.02 18:04:42.661,0.9336,0.9339,4.10,0.80
2007.11.02 18:04:43.739,0.9337,0.9339,4.00,0.80
2007.11.02 18:04:43.897,0.9337,0.9339,4.00,0.80
2007.11.02 18:04:44.055,0.9337,0.93395,4.00,7.20
2007.11.02 18:04:44.368,0.9337,0.93395,4.00,7.20
2007.11.02 18:04:44.610,0.9336,0.93395,7.50,7.20
2007.11.02 18:04:44.681,0.9336,0.93395,11.50,7.00
2007.11.02 18:04:44.995,0.9336,0.93385,2.10,0.80
2007.11.02 18:04:45.308,0.9336,0.93385,0.50,0.80
2007.11.02 18:04:45.526,0.93355,0.93385,10.10,0.80
2007.11.02 18:04:45.744,0.93355,0.93385,10.10,0.80
2007.11.02 18:04:45.963,0.9336,0.93385,1.70,0.80
2007.11.02 18:04:46.181,0.9336,0.93385,1.90,0.80
2007.11.02 18:04:46.514,0.9336,0.93385,1.00,0.80
2007.11.02 18:04:46.847,0.9336,0.93385,1.70,0.80
2007.11.02 18:04:47.181,0.9336,0.93385,2.30,0.80
2007.11.02 18:04:48.188,0.93355,0.93385,10.40,0.80
2007.11.02 18:04:48.598,0.93355,0.93385,10.60,0.80
2007.11.02 18:04:48.918,0.9337,0.9339,0.60,3.20
2007.11.02 18:04:49.236,0.9337,0.9339,2.40,3.20
2007.11.02 18:04:49.795,0.93365,0.9339,5.60,3.20
2007.11.02 18:04:50.004,0.9337,0.9339,0.80,2.40
2007.11.02 18:04:50.212,0.93365,0.93385,5.60,2.40
2007.11.02 18:04:50.497,0.93365,0.93385,5.60,2.40
2007.11.02 18:04:51.356,0.9337,0.93385,1.00,3.10
2007.11.02 18:04:51.689,0.93355,0.93385,9.00,3.10
2007.11.02 18:04:52.022,0.9336,0.93385,1.60,3.10
2007.11.02 18:04:52.524,0.9336,0.93385,1.10,3.10
2007.11.02 18:04:54.305,0.93355,0.93385,11.70,3.10
2007.11.02 18:04:54.638,0.9336,0.93385,4.40,3.10
2007.11.02 18:04:55.453,0.9337,0.93385,1.80,3.10
2007.11.02 18:04:55.884,0.9337,0.93385,2.10,3.10
2007.11.02 18:04:56.985,0.9336,0.93385,4.40,3.10
2007.11.02 18:04:57.308,0.9336,0.93385,4.40,3.10
2007.11.02 18:04:58.021,0.9336,0.93385,4.40,3.10
2007.11.02 18:04:58.225,0.93365,0.93385,4.20,3.10
2007.11.02 18:04:58.428,0.93365,0.93385,4.20,3.10
2007.11.02 18:04:58.994,0.93365,0.93385,4.20,3.10
2007.11.02 18:04:59.318,0.9337,0.93385,1.90,3.10
2007.11.02 18:04:59.557,0.93365,0.93385,4.20,3.10
2007.11.02 18:04:59.822,0.93365,0.93385,4.20,3.10
2007.11.02 18:05:00.784,0.93365,0.93385,4.20,3.10
2007.11.02 18:05:01.241,0.9336,0.93385,4.50,3.10
2007.11.02 18:05:01.471,0.9336,0.93385,1.40,3.10
2007.11.02 18:05:01.699,0.93355,0.93385,10.00,3.10
2007.11.02 18:05:02.032,0.93355,0.93385,9.70,3.10
2007.11.02 18:05:02.365,0.93355,0.93385,8.90,3.10
2007.11.02 18:05:02.697,0.93355,0.93385,8.90,3.10
2007.11.02 18:05:03.024,0.93355,0.93385,8.90,3.10
2007.11.02 18:05:03.347,0.93355,0.93385,8.90,3.10
2007.11.02 18:05:04.043,0.9336,0.93385,2.30,3.10
2007.11.02 18:05:04.326,0.9336,0.93385,2.20,3.10
2007.11.02 18:05:04.609,0.93355,0.93385,9.10,3.10
2007.11.02 18:05:05.547,0.93355,0.93385,9.10,3.10
2007.11.02 18:05:05.782,0.9336,0.93385,1.90,3.10
2007.11.02 18:05:08.156,0.93355,0.93385,9.10,3.10
2007.11.02 18:05:08.325,0.9336,0.93385,0.60,3.10
2007.11.02 18:05:08.493,0.9336,0.93385,1.60,3.10
2007.11.02 18:05:09.255,0.93355,0.93385,9.10,3.10
2007.11.02 18:05:10.296,0.93355,0.93385,9.10,3.10
2007.11.02 18:05:10.777,0.9336,0.93385,1.50,3.10
2007.11.02 18:05:11.073,0.93355,0.93385,9.10,3.10
2007.11.02 18:05:11.373,0.9336,0.93385,1.70,3.10
2007.11.02 18:05:11.677,0.9336,0.93385,0.50,3.10
2007.11.02 18:05:11.968,0.9336,0.93385,1.00,3.10
2007.11.02 18:05:12.295,0.93355,0.93385,10.00,3.10
2007.11.02 18:05:12.624,0.9336,0.93385,1.10,3.10
2007.11.02 18:05:13.150,0.9336,0.93385,4.00,3.10
2007.11.02 18:05:13.394,0.9336,0.93385,4.00,3.90
2007.11.02 18:05:13.650,0.9336,0.93385,4.00,3.90
2007.11.02 18:05:13.973,0.9336,0.93385,4.00,3.90
2007.11.02 18:05:14.288,0.9336,0.93385,4.00,3.90
2007.11.02 18:05:14.481,0.9336,0.93385,4.00,3.90
2007.11.02 18:05:14.673,0.9336,0.93385,4.00,3.90
2007.11.02 18:05:15.517,0.9336,0.93385,4.00,3.90
2007.11.02 18:05:15.784,0.9336,0.93385,4.00,3.90
2007.11.02 18:05:17.943,0.9336,0.93385,4.00,3.90
2007.11.02 18:05:19.240,0.9336,0.93385,4.00,3.90
2007.11.02 18:05:19.478,0.9336,0.93385,4.00,3.90
2007.11.02 18:05:19.717,0.9336,0.93385,4.00,3.90
2007.11.02 18:05:20.775,0.9336,0.93385,4.00,3.90
2007.11.02 18:05:24.943,0.9336,0.93385,4.00,0.70
2007.11.02 18:05:25.777,0.9336,0.9339,4.00,14.70
2007.11.02 18:05:26.144,0.9336,0.93385,4.00,0.80
2007.11.02 18:05:26.563,0.9336,0.93385,4.00,0.50
2007.11.02 18:05:26.896,0.9336,0.9339,4.00,14.70
2007.11.02 18:05:30.786,0.9336,0.9339,4.00,14.70
2007.11.02 18:05:31.614,0.93355,0.9339,2.50,8.30
2007.11.02 18:05:31.947,0.93355,0.9339,2.50,8.30
2007.11.02 18:05:35.774,0.93355,0.9339,2.50,8.30
2007.11.02 18:05:36.032,0.93355,0.9339,2.50,8.30
2007.11.02 18:05:39.444,0.93355,0.9339,2.50,8.30
2007.11.02 18:05:39.752,0.9336,0.93385,0.80,0.90
2007.11.02 18:05:39.955,0.9336,0.93385,0.80,0.80
2007.11.02 18:05:40.381,0.9336,0.9339,0.80,8.30
2007.11.02 18:05:40.783,0.9336,0.9339,0.80,8.30
2007.11.02 18:05:41.091,0.9336,0.93385,0.80,0.60
2007.11.02 18:05:41.709,0.9336,0.93385,0.80,0.50
2007.11.02 18:05:42.042,0.9336,0.9339,0.80,8.30
2007.11.02 18:05:45.780,0.9336,0.9339,0.80,8.30
2007.11.02 18:05:46.990,0.9336,0.93385,0.80,0.90
2007.11.02 18:05:48.105,0.93355,0.9339,3.30,8.30
2007.11.02 18:05:48.945,0.9336,0.93385,0.80,0.70
2007.11.02 18:05:49.866,0.93355,0.9339,3.30,8.30
2007.11.02 18:05:50.121,0.93355,0.9339,3.30,8.30
2007.11.02 18:05:50.415,0.93355,0.9339,3.40,8.30
2007.11.02 18:05:50.778,0.93355,0.9339,3.40,8.30
2007.11.02 18:05:52.312,0.93365,0.93385,0.30,0.70
2007.11.02 18:05:52.569,0.9336,0.93385,0.80,0.80
2007.11.02 18:05:52.827,0.93355,0.9339,4.30,7.50
2007.11.02 18:05:53.084,0.93355,0.9339,5.10,6.70
2007.11.02 18:05:53.344,0.93355,0.9339,4.30,5.90
2007.11.02 18:05:53.619,0.9336,0.93385,0.80,0.50
2007.11.02 18:05:53.867,0.93365,0.93385,0.60,0.70
2007.11.02 18:05:54.115,0.9336,0.93385,2.20,3.10
2007.11.02 18:05:54.363,0.93365,0.93385,0.60,3.10
2007.11.02 18:05:54.686,0.93365,0.93385,0.60,3.10
2007.11.02 18:05:55.285,0.9336,0.93385,2.20,3.10
2007.11.02 18:05:55.776,0.9336,0.93385,2.20,3.10
2007.11.02 18:06:00.782,0.9336,0.93385,2.20,3.10
2007.11.02 18:06:01.265,0.93375,0.93385,0.05,2.40
2007.11.02 18:06:01.503,0.93375,0.9339,0.80,2.80
2007.11.02 18:06:01.836,0.93365,0.9339,2.00,2.60
2007.11.02 18:06:02.306,0.9337,0.9339,4.80,5.00
2007.11.02 18:06:02.639,0.93375,0.9339,0.80,5.00
2007.11.02 18:06:02.858,0.9337,0.9339,4.80,2.40
2007.11.02 18:06:03.075,0.9337,0.9339,4.80,2.40
2007.11.02 18:06:03.379,0.9337,0.9339,4.80,2.40
2007.11.02 18:06:03.602,0.9337,0.9339,4.80,2.40
2007.11.02 18:06:04.555,0.9337,0.9339,4.80,2.30
2007.11.02 18:06:05.278,0.9337,0.9339,4.80,2.10
2007.11.02 18:06:05.481,0.9337,0.93395,4.80,8.60
2007.11.02 18:06:05.778,0.93375,0.93395,0.80,8.60
2007.11.02 18:06:10.793,0.93375,0.93395,0.80,8.60
2007.11.02 18:06:11.113,0.9337,0.93395,5.30,3.40
2007.11.02 18:06:11.432,0.9337,0.93395,6.30,0.80
2007.11.02 18:06:11.751,0.93375,0.93395,1.00,0.80
2007.11.02 18:06:12.166,0.93375,0.93395,1.00,0.80
2007.11.02 18:06:12.474,0.9337,0.93405,6.30,7.80
2007.11.02 18:06:12.783,0.93375,0.93405,0.50,7.80
2007.11.02 18:06:13.658,0.93375,0.93405,0.70,7.80
2007.11.02 18:06:13.886,0.93375,0.93405,0.90,7.80
2007.11.02 18:06:15.785,0.93375,0.93405,0.60,7.80
2007.11.02 18:06:18.275,0.93385,0.93405,0.50,7.80
2007.11.02 18:06:18.564,0.93385,0.93405,0.40,7.80
2007.11.02 18:06:18.852,0.93385,0.93405,0.40,7.80
2007.11.02 18:06:19.139,0.93375,0.93405,1.60,8.60
2007.11.02 18:06:19.382,0.93375,0.93405,0.80,8.60
2007.11.02 18:06:19.626,0.93375,0.93405,0.80,9.40
2007.11.02 18:06:20.205,0.93375,0.93405,0.80,9.70
2007.11.02 18:06:20.444,0.93375,0.93405,0.80,10.50
2007.11.02 18:06:20.776,0.93375,0.93405,0.80,10.50
2007.11.02 18:06:21.018,0.93385,0.93405,1.60,5.00
2007.11.02 18:06:21.263,0.93385,0.93405,9.90,0.80
2007.11.02 18:06:21.596,0.93385,0.93415,12.00,6.70
2007.11.02 18:06:21.929,0.9339,0.93415,6.40,2.70
2007.11.02 18:06:22.263,0.9339,0.93415,7.20,2.70
2007.11.02 18:06:22.828,0.9339,0.93415,7.20,2.70
2007.11.02 18:06:23.135,0.9339,0.93415,7.20,2.70
2007.11.02 18:06:23.357,0.9339,0.93415,7.20,2.70
2007.11.02 18:06:25.148,0.9339,0.93415,7.20,2.70
2007.11.02 18:06:25.460,0.9339,0.93415,7.20,5.10
2007.11.02 18:06:25.703,0.9339,0.93405,8.00,0.20
2007.11.02 18:06:25.946,0.9339,0.93405,4.00,2.50
2007.11.02 18:06:26.189,0.9339,0.93405,4.00,2.50
2007.11.02 18:06:26.523,0.93385,0.93405,1.60,5.10
2007.11.02 18:06:26.856,0.9338,0.93405,0.90,7.80
2007.11.02 18:06:27.190,0.93375,0.93405,0.80,9.50
2007.11.02 18:06:27.523,0.93375,0.93405,0.80,9.50
2007.11.02 18:06:27.952,0.93375,0.93405,0.80,9.80
2007.11.02 18:06:28.166,0.93375,0.93405,0.80,9.90
2007.11.02 18:06:28.379,0.93375,0.93405,0.80,9.90
2007.11.02 18:06:29.278,0.93375,0.93405,0.80,9.90
2007.11.02 18:06:29.592,0.93375,0.93405,0.80,9.90
2007.11.02 18:06:30.117,0.93375,0.93405,0.80,9.90
2007.11.02 18:06:30.790,0.93375,0.93405,0.80,9.90
2007.11.02 18:06:31.353,0.9338,0.93405,4.00,9.90
2007.11.02 18:06:31.687,0.9338,0.93405,4.00,7.60
2007.11.02 18:06:32.021,0.9338,0.93405,4.80,5.00
2007.11.02 18:06:32.444,0.9338,0.93405,4.80,5.00
2007.11.02 18:06:32.662,0.9338,0.93405,4.80,5.00
2007.11.02 18:06:32.880,0.9338,0.93405,4.80,5.00
2007.11.02 18:06:34.635,0.9338,0.93405,4.80,5.00
2007.11.02 18:06:34.921,0.9338,0.93405,4.80,5.00
2007.11.02 18:06:35.785,0.9338,0.93405,4.80,5.00
2007.11.02 18:06:37.233,0.9338,0.93405,4.80,5.00
2007.11.02 18:06:37.552,0.9338,0.93405,4.80,3.10
2007.11.02 18:06:37.782,0.9338,0.93405,4.80,3.10
2007.11.02 18:06:38.009,0.9338,0.93405,4.80,3.10
2007.11.02 18:06:38.329,0.9338,0.93405,4.80,3.10
2007.11.02 18:06:38.727,0.9338,0.93405,4.80,5.80
2007.11.02 18:06:39.511,0.9338,0.93405,4.80,5.80
2007.11.02 18:06:39.734,0.9338,0.93405,4.80,6.60
2007.11.02 18:06:39.957,0.9338,0.93405,4.80,6.60
2007.11.02 18:06:40.443,0.93375,0.93405,10.40,6.60
2007.11.02 18:06:40.783,0.9338,0.93405,2.20,6.60
2007.11.02 18:06:42.860,0.9338,0.93405,2.30,7.60
2007.11.02 18:06:43.822,0.93375,0.93405,12.00,6.80
2007.11.02 18:06:44.361,0.93375,0.93405,12.00,6.80
2007.11.02 18:06:45.796,0.9338,0.93405,2.40,6.80
2007.11.02 18:06:47.157,0.9338,0.93405,1.20,6.80
2007.11.02 18:06:48.225,0.93375,0.93405,10.30,6.80
2007.11.02 18:06:48.609,0.9338,0.93405,2.20,6.80
2007.11.02 18:06:49.098,0.93375,0.93405,10.40,6.80
2007.11.02 18:06:49.447,0.9338,0.93405,1.50,6.80
2007.11.02 18:06:50.784,0.93375,0.93405,10.40,6.80
2007.11.02 18:06:51.189,0.9338,0.93405,2.70,6.80
2007.11.02 18:06:51.440,0.93375,0.93405,9.50,5.80
2007.11.02 18:06:51.747,0.93375,0.93405,9.50,6.60
2007.11.02 18:06:55.803,0.9338,0.93405,2.00,6.60
2007.11.02 18:07:00.796,0.93375,0.93405,9.50,6.60
2007.11.02 18:07:02.139,0.93375,0.93405,7.10,6.60
2007.11.02 18:07:02.950,0.9338,0.93405,0.80,5.80
2007.11.02 18:07:03.164,0.9338,0.93405,0.80,5.80
2007.11.02 18:07:03.482,0.93375,0.93405,7.90,5.80
2007.11.02 18:07:04.193,0.93375,0.93405,7.90,5.80
2007.11.02 18:07:05.777,0.93375,0.93405,7.90,5.80
2007.11.02 18:07:10.647,0.9338,0.93405,0.80,5.80
2007.11.02 18:07:15.779,0.9338,0.93405,0.80,5.80
2007.11.02 18:07:20.780,0.9338,0.93405,0.80,5.80
2007.11.02 18:07:21.154,0.9338,0.93405,0.80,5.80
2007.11.02 18:07:22.188,0.9338,0.93405,0.80,5.80
2007.11.02 18:07:23.213,0.9338,0.93405,0.80,5.80
2007.11.02 18:07:25.784,0.9338,0.93405,0.80,5.80
2007.11.02 18:07:30.787,0.9338,0.93405,0.80,5.80
2007.11.02 18:07:31.802,0.9338,0.93405,0.80,5.80
2007.11.02 18:07:32.824,0.9338,0.93405,0.80,5.80
2007.11.02 18:07:33.026,0.9338,0.93405,0.80,5.80
2007.11.02 18:07:33.334,0.9338,0.93405,0.80,5.80
2007.11.02 18:07:35.715,0.9338,0.93405,0.80,5.80
2007.11.02 18:07:40.780,0.9338,0.93405,0.80,5.80
2007.11.02 18:07:42.764,0.9338,0.93405,0.80,5.80
2007.11.02 18:07:42.912,0.9338,0.93405,0.80,5.80
2007.11.02 18:07:44.727,0.93375,0.93405,13.10,5.80
2007.11.02 18:07:45.788,0.9338,0.93405,0.80,5.80
2007.11.02 18:07:47.271,0.9338,0.93405,0.80,6.60
2007.11.02 18:07:47.594,0.9338,0.93405,0.80,6.80
2007.11.02 18:07:47.890,0.9338,0.93405,0.80,6.00
2007.11.02 18:07:50.082,0.9338,0.93405,0.80,6.00
2007.11.02 18:07:50.782,0.9338,0.93405,0.80,6.00
2007.11.02 18:07:55.789,0.9338,0.93405,0.80,6.00
2007.11.02 18:07:58.286,0.9338,0.93405,0.80,6.00
2007.11.02 18:08:00.781,0.9338,0.93405,0.80,6.00
2007.11.02 18:08:05.652,0.9338,0.93405,2.40,6.00
2007.11.02 18:08:05.850,0.9338,0.93405,6.40,6.00
2007.11.02 18:08:10.784,0.9338,0.93405,6.40,6.00
2007.11.02 18:08:14.353,0.9338,0.93405,6.40,5.80
2007.11.02 18:08:14.674,0.9338,0.93405,6.40,5.80
2007.11.02 18:08:14.922,0.9338,0.93405,6.40,5.80
2007.11.02 18:08:15.145,0.93375,0.93405,18.80,5.80
2007.11.02 18:08:15.780,0.93375,0.93405,18.80,5.80
2007.11.02 18:08:20.449,0.9338,0.93405,1.80,5.80
2007.11.02 18:08:25.546,0.9338,0.93405,3.40,6.60
2007.11.02 18:08:25.854,0.93375,0.93405,18.90,5.80
2007.11.02 18:08:27.737,0.9338,0.93405,1.00,5.80
2007.11.02 18:08:30.780,0.9338,0.93405,0.70,5.80
2007.11.02 18:08:32.100,0.93375,0.93405,18.90,5.80
2007.11.02 18:08:34.513,0.9338,0.93405,1.30,5.80
2007.11.02 18:08:35.779,0.93375,0.93405,19.10,5.80
2007.11.02 18:08:40.795,0.93375,0.93405,13.30,5.80
2007.11.02 18:08:44.637,0.9338,0.93405,2.40,5.80
2007.11.02 18:08:45.460,0.9338,0.93405,2.40,5.80
2007.11.02 18:08:45.789,0.9338,0.93405,2.40,5.80
2007.11.02 18:08:50.782,0.9338,0.93405,2.40,5.80
2007.11.02 18:08:53.310,0.9338,0.93405,2.40,5.80
2007.11.02 18:08:55.780,0.9338,0.93405,2.40,5.80
2007.11.02 18:09:00.784,0.9338,0.93405,2.40,5.80
2007.11.02 18:09:05.787,0.9338,0.93405,2.40,3.40
2007.11.02 18:09:10.781,0.9338,0.93405,2.40,3.40
2007.11.02 18:09:15.788,0.9338,0.93405,2.40,3.40
2007.11.02 18:09:19.277,0.9338,0.93405,2.40,3.40
2007.11.02 18:09:20.590,0.9338,0.93415,2.40,5.00
2007.11.02 18:09:20.788,0.9338,0.93405,2.40,0.50
2007.11.02 18:09:22.851,0.9338,0.93415,2.40,5.00
2007.11.02 18:09:23.989,0.9338,0.93415,2.40,5.00
2007.11.02 18:09:24.757,0.9338,0.93405,2.40,0.50
2007.11.02 18:09:25.789,0.9338,0.93415,2.40,13.90
2007.11.02 18:09:27.810,0.9338,0.93415,2.40,16.00
2007.11.02 18:09:28.063,0.9338,0.9341,2.40,9.20
2007.11.02 18:09:28.276,0.9338,0.93405,2.40,0.90
2007.11.02 18:09:28.586,0.9338,0.93405,2.40,0.50
2007.11.02 18:09:29.625,0.9338,0.9341,2.40,8.40
2007.11.02 18:09:30.019,0.9338,0.93405,2.40,0.80
2007.11.02 18:09:30.305,0.9338,0.9341,2.40,10.00
2007.11.02 18:09:30.782,0.9338,0.9341,2.40,10.00
2007.11.02 18:09:33.418,0.9338,0.93405,2.40,0.90
2007.11.02 18:09:34.633,0.9338,0.9341,2.40,9.80
2007.11.02 18:09:34.947,0.9338,0.93405,2.40,0.70
2007.11.02 18:09:35.261,0.9338,0.9341,2.40,9.20
2007.11.02 18:09:35.784,0.9338,0.9341,2.40,9.20
2007.11.02 18:09:40.781,0.9338,0.93405,2.40,0.60
2007.11.02 18:09:45.781,0.9338,0.9341,2.40,9.20
2007.11.02 18:09:50.374,0.9338,0.93405,2.40,7.60
2007.11.02 18:09:50.782,0.9338,0.93405,2.40,7.60
2007.11.02 18:09:55.780,0.9338,0.93405,2.40,7.60
2007.11.02 18:10:00.572,0.9338,0.93405,2.40,7.60
2007.11.02 18:10:00.786,0.9338,0.93405,2.40,7.60
2007.11.02 18:10:03.818,0.93385,0.93405,0.10,7.60
2007.11.02 18:10:04.105,0.93385,0.93405,0.10,7.60
2007.11.02 18:10:04.314,0.93385,0.93405,0.10,7.60
2007.11.02 18:10:05.694,0.93385,0.93405,0.10,7.60
2007.11.02 18:10:07.032,0.93385,0.93405,0.10,7.60
2007.11.02 18:10:07.686,0.93385,0.93405,0.10,7.60
2007.11.02 18:10:10.784,0.93385,0.93405,0.10,7.60
2007.11.02 18:10:15.828,0.9338,0.93405,1.70,7.60
2007.11.02 18:10:20.790,0.93385,0.93405,0.10,7.60
2007.11.02 18:10:25.782,0.9338,0.93405,1.70,7.60
2007.11.02 18:10:29.923,0.9338,0.93405,1.70,7.60
2007.11.02 18:10:30.796,0.93385,0.93405,0.10,7.60
2007.11.02 18:10:35.782,0.93375,0.93405,6.20,5.00
2007.11.02 18:10:40.784,0.9338,0.93405,1.60,5.00
2007.11.02 18:10:41.076,0.93385,0.93405,0.10,7.40
2007.11.02 18:10:41.369,0.93385,0.93405,0.10,6.60
2007.11.02 18:10:41.662,0.93385,0.93405,0.40,6.60
2007.11.02 18:10:45.793,0.93385,0.93405,0.40,6.60
2007.11.02 18:10:50.790,0.93385,0.93405,0.40,6.60
2007.11.02 18:10:55.794,0.93385,0.93405,0.40,6.60
2007.11.02 18:10:58.027,0.93385,0.93405,0.40,6.60
2007.11.02 18:11:00.788,0.9338,0.93405,2.00,6.60
2007.11.02 18:11:04.549,0.9338,0.93405,2.00,6.60
2007.11.02 18:11:05.782,0.9338,0.93405,2.00,6.60
2007.11.02 18:11:10.787,0.9338,0.93405,2.00,6.60
2007.11.02 18:11:11.188,0.9338,0.93405,2.00,6.60
2007.11.02 18:11:12.929,0.9338,0.93405,0.80,4.20
2007.11.02 18:11:14.890,0.9338,0.93405,3.80,6.60
2007.11.02 18:11:15.093,0.9338,0.93405,10.20,6.60
2007.11.02 18:11:15.296,0.9338,0.93405,10.40,6.60
2007.11.02 18:11:15.500,0.93385,0.93405,8.80,6.60
2007.11.02 18:11:15.763,0.9339,0.93405,0.70,0.80
2007.11.02 18:11:16.205,0.9339,0.93405,1.70,0.80
2007.11.02 18:11:16.511,0.93385,0.93405,12.00,0.80
2007.11.02 18:11:17.032,0.9339,0.93405,1.50,0.80
2007.11.02 18:11:20.222,0.93385,0.9341,12.00,4.20
2007.11.02 18:11:21.145,0.93385,0.9341,12.00,4.20
2007.11.02 18:11:21.317,0.93385,0.9341,12.00,6.60
2007.11.02 18:11:23.963,0.93385,0.9341,12.00,6.60
2007.11.02 18:11:25.798,0.93385,0.9341,12.00,6.60
2007.11.02 18:11:30.261,0.9339,0.9341,5.60,6.60
2007.11.02 18:11:30.439,0.9339,0.9341,5.60,5.00
2007.11.02 18:11:30.618,0.9339,0.9341,5.60,3.40
2007.11.02 18:11:30.810,0.9339,0.9341,5.60,3.40
2007.11.02 18:11:35.792,0.9339,0.9341,5.60,3.40
2007.11.02 18:11:37.691,0.9339,0.93405,5.60,0.80
2007.11.02 18:11:40.784,0.9339,0.93405,5.60,0.80
2007.11.02 18:11:41.140,0.9339,0.9341,4.00,5.80
2007.11.02 18:11:41.313,0.9339,0.93405,4.00,0.80
2007.11.02 18:11:41.752,0.9339,0.93405,4.00,0.60
2007.11.02 18:11:45.790,0.93385,0.9341,4.60,6.60
2007.11.02 18:11:47.521,0.93385,0.9341,4.60,6.60
2007.11.02 18:11:47.893,0.93385,0.93405,4.60,0.60
2007.11.02 18:11:48.129,0.93385,0.9341,4.60,8.60
2007.11.02 18:11:50.789,0.93385,0.93405,4.60,3.60
2007.11.02 18:11:52.593,0.93385,0.93405,4.60,3.60
2007.11.02 18:11:55.411,0.93385,0.9341,4.60,8.60
2007.11.02 18:11:55.792,0.93385,0.9341,4.60,8.60
2007.11.02 18:11:56.385,0.93385,0.93405,2.20,0.60
2007.11.02 18:11:56.718,0.93385,0.93405,0.10,0.50
2007.11.02 18:11:57.027,0.93385,0.93405,2.70,0.50
2007.11.02 18:11:57.331,0.93385,0.93415,5.30,5.30
2007.11.02 18:11:57.634,0.93385,0.9341,5.90,0.70
2007.11.02 18:11:57.842,0.93385,0.93415,5.90,4.10
2007.11.02 18:11:58.219,0.93385,0.9342,5.90,6.80
2007.11.02 18:11:58.427,0.9339,0.93415,4.80,0.80
2007.11.02 18:11:58.651,0.9339,0.9342,4.80,4.60
2007.11.02 18:11:58.873,0.9339,0.9342,6.40,4.60
2007.11.02 18:11:59.097,0.9339,0.93415,6.40,0.70
2007.11.02 18:11:59.320,0.9339,0.9342,6.40,5.40
2007.11.02 18:11:59.543,0.934,0.9342,4.00,11.00
2007.11.02 18:11:59.796,0.934,0.9342,4.00,6.60
2007.11.02 18:12:00.166,0.934,0.9342,4.00,6.60
2007.11.02 18:12:00.418,0.934,0.93415,4.00,0.80
2007.11.02 18:12:00.672,0.934,0.9342,4.00,1.60
2007.11.02 18:12:00.900,0.934,0.9342,4.00,0.80
2007.11.02 18:12:01.129,0.934,0.9343,4.00,11.10
2007.11.02 18:12:01.357,0.9341,0.93425,4.00,1.30
2007.11.02 18:12:01.586,0.9341,0.9343,4.00,0.70
2007.11.02 18:12:01.813,0.9341,0.9343,4.00,9.50
2007.11.02 18:12:02.041,0.9341,0.9343,4.00,9.50
2007.11.02 18:12:02.374,0.9341,0.9343,4.00,9.50
2007.11.02 18:12:02.708,0.934,0.93425,4.60,5.80
2007.11.02 18:12:03.041,0.934,0.93425,4.00,7.40
2007.11.02 18:12:03.267,0.934,0.93425,4.00,7.40
2007.11.02 18:12:03.472,0.934,0.93425,4.00,8.20
2007.11.02 18:12:03.665,0.934,0.93425,4.00,8.20
2007.11.02 18:12:03.858,0.934,0.9342,4.00,0.80
2007.11.02 18:12:04.253,0.934,0.9342,4.00,0.80
2007.11.02 18:12:04.586,0.934,0.9342,4.00,0.80
2007.11.02 18:12:04.968,0.934,0.93425,4.00,7.50
2007.11.02 18:12:05.161,0.934,0.93425,4.00,7.50
2007.11.02 18:12:05.354,0.934,0.93425,4.00,6.70
2007.11.02 18:12:05.788,0.934,0.93425,4.00,6.70
2007.11.02 18:12:05.983,0.934,0.93425,4.00,7.40
2007.11.02 18:12:06.848,0.934,0.93425,4.00,7.40
2007.11.02 18:12:10.789,0.934,0.9342,4.00,0.60
2007.11.02 18:12:15.786,0.934,0.93425,4.00,7.40
2007.11.02 18:12:20.787,0.934,0.93425,4.00,7.40
2007.11.02 18:12:22.563,0.934,0.93425,4.00,7.40
2007.11.02 18:12:22.860,0.9339,0.93415,11.70,3.00
2007.11.02 18:12:23.053,0.9339,0.9341,4.00,2.60
2007.11.02 18:12:23.365,0.9339,0.9341,4.00,2.60
2007.11.02 18:12:23.558,0.9339,0.9341,4.00,2.60
2007.11.02 18:12:23.750,0.9339,0.9341,4.00,2.60
2007.11.02 18:12:24.004,0.9339,0.9341,4.00,2.60
2007.11.02 18:12:24.257,0.9339,0.9341,4.00,2.60
2007.11.02 18:12:24.509,0.9339,0.9341,4.00,2.60
2007.11.02 18:12:24.904,0.9339,0.9341,4.00,3.40
2007.11.02 18:12:25.322,0.9339,0.9341,4.00,3.40
2007.11.02 18:12:25.541,0.9339,0.9341,4.00,3.40
2007.11.02 18:12:25.592,0.93385,0.9341,6.00,3.40
2007.11.02 18:12:25.780,0.93385,0.9341,6.00,3.40
2007.11.02 18:12:26.346,0.9339,0.9341,1.10,3.40
2007.11.02 18:12:27.390,0.9339,0.9341,4.00,3.40
2007.11.02 18:12:27.713,0.9339,0.9341,4.00,3.40
2007.11.02 18:12:29.193,0.9339,0.9341,4.00,3.40
2007.11.02 18:12:29.525,0.9339,0.9341,4.00,3.40
2007.11.02 18:12:30.601,0.9339,0.9341,4.00,3.40
2007.11.02 18:12:30.870,0.9339,0.9341,4.00,3.40
2007.11.02 18:12:31.128,0.9339,0.9341,4.00,3.40
2007.11.02 18:12:31.735,0.9339,0.9341,4.00,3.40
2007.11.02 18:12:32.069,0.9339,0.9341,4.00,3.40
2007.11.02 18:12:34.729,0.9339,0.9341,4.00,3.40
2007.11.02 18:12:34.958,0.9339,0.9341,4.00,3.40
2007.11.02 18:12:35.186,0.9339,0.9341,4.00,3.40
2007.11.02 18:12:35.413,0.9339,0.9341,4.00,3.40
2007.11.02 18:12:35.785,0.9339,0.9341,4.00,3.40
2007.11.02 18:12:36.476,0.9339,0.9341,4.00,3.40
2007.11.02 18:12:36.809,0.9339,0.9341,4.00,3.40
2007.11.02 18:12:37.141,0.9339,0.9341,4.00,3.40
2007.11.02 18:12:37.475,0.9339,0.9341,4.00,3.40
2007.11.02 18:12:37.667,0.9339,0.9341,4.00,3.40
2007.11.02 18:12:37.860,0.9339,0.9341,4.00,3.40
2007.11.02 18:12:38.053,0.9339,0.9341,4.00,3.40
2007.11.02 18:12:38.247,0.9339,0.9341,4.00,3.40
2007.11.02 18:12:38.439,0.9339,0.9341,4.00,3.40
2007.11.02 18:12:38.773,0.9339,0.9341,4.00,3.40
2007.11.02 18:12:39.107,0.9339,0.9341,4.00,3.40
2007.11.02 18:12:39.442,0.9339,0.9341,4.00,3.40
2007.11.02 18:12:39.634,0.9339,0.9341,4.00,3.40
2007.11.02 18:12:40.790,0.9339,0.9341,4.00,3.40
2007.11.02 18:12:41.057,0.9339,0.9341,4.00,3.40
2007.11.02 18:12:41.326,0.9339,0.9341,4.00,3.40
2007.11.02 18:12:41.594,0.9339,0.9341,4.00,3.40
2007.11.02 18:12:41.927,0.9339,0.9341,4.00,3.40
2007.11.02 18:12:42.261,0.9339,0.9341,4.00,3.40
2007.11.02 18:12:42.594,0.9339,0.9341,4.00,3.40
2007.11.02 18:12:42.808,0.9339,0.9341,4.00,3.40
2007.11.02 18:12:43.121,0.9339,0.9341,4.00,3.40
2007.11.02 18:12:43.335,0.9339,0.9341,4.00,3.40
2007.11.02 18:12:43.548,0.9339,0.9341,4.00,3.40
2007.11.02 18:12:43.832,0.9339,0.9341,4.00,3.40
2007.11.02 18:12:44.114,0.9339,0.9341,4.00,3.40
2007.11.02 18:12:44.398,0.9339,0.9341,4.00,3.40
2007.11.02 18:12:44.611,0.9339,0.9341,4.00,3.40
2007.11.02 18:12:44.879,0.9339,0.9341,4.00,3.40
2007.11.02 18:12:45.128,0.9339,0.9341,4.00,3.40
2007.11.02 18:12:45.341,0.9339,0.9341,4.00,3.40
2007.11.02 18:12:45.554,0.9339,0.9341,4.00,3.40
2007.11.02 18:12:45.877,0.9339,0.9341,4.00,3.40
2007.11.02 18:12:46.200,0.9339,0.9341,4.00,3.40
2007.11.02 18:12:46.530,0.9339,0.9341,4.00,3.40
2007.11.02 18:12:46.848,0.9338,0.93405,4.60,0.80
2007.11.02 18:12:47.165,0.9338,0.93405,4.00,3.60
2007.11.02 18:12:47.484,0.9338,0.93405,4.00,3.40
2007.11.02 18:12:47.730,0.9338,0.93405,4.00,3.40
2007.11.02 18:12:47.957,0.9338,0.93405,4.00,3.40
2007.11.02 18:12:48.969,0.9338,0.93405,4.00,4.20
2007.11.02 18:12:50.006,0.9338,0.93405,4.00,4.20
2007.11.02 18:12:50.786,0.9338,0.93405,4.00,4.20
2007.11.02 18:12:52.730,0.9338,0.93405,4.00,4.20
2007.11.02 18:12:52.940,0.9338,0.93405,4.00,4.20
2007.11.02 18:12:55.791,0.9338,0.93405,4.00,4.20
2007.11.02 18:12:58.861,0.9338,0.93405,4.00,4.20
2007.11.02 18:13:00.791,0.9338,0.93405,4.00,4.20
2007.11.02 18:13:02.777,0.9338,0.93405,4.00,4.20
2007.11.02 18:13:03.697,0.9338,0.93405,4.00,4.20
2007.11.02 18:13:05.806,0.9338,0.93405,4.00,4.20
2007.11.02 18:13:10.786,0.9338,0.93405,4.00,4.20
2007.11.02 18:13:15.791,0.9338,0.93405,4.00,4.20
2007.11.02 18:13:17.177,0.9339,0.93405,4.00,4.20
2007.11.02 18:13:17.511,0.9339,0.93405,4.00,0.80
2007.11.02 18:13:17.844,0.9339,0.93405,4.00,3.20
2007.11.02 18:13:18.150,0.9339,0.93405,4.00,0.80
2007.11.02 18:13:18.302,0.9339,0.93405,4.00,0.80
2007.11.02 18:13:18.502,0.9339,0.93405,4.00,0.80
2007.11.02 18:13:18.806,0.9339,0.93405,2.10,0.80
2007.11.02 18:13:19.256,0.9339,0.93405,2.30,4.00
2007.11.02 18:13:19.580,0.93375,0.93405,11.70,6.60
2007.11.02 18:13:19.949,0.9338,0.93405,4.00,6.60
2007.11.02 18:13:20.357,0.9338,0.93405,4.00,6.60
2007.11.02 18:13:20.792,0.9338,0.93405,4.00,6.60
2007.11.02 18:13:25.805,0.9338,0.93405,4.00,6.60
2007.11.02 18:13:30.749,0.9338,0.93405,4.00,8.60
2007.11.02 18:13:31.440,0.9338,0.93405,4.00,8.80
2007.11.02 18:13:31.773,0.9338,0.93405,4.00,8.80
2007.11.02 18:13:32.223,0.9338,0.93405,4.00,8.60
2007.11.02 18:13:32.401,0.9338,0.93405,4.00,8.60
2007.11.02 18:13:32.626,0.9338,0.93405,4.00,8.60
2007.11.02 18:13:35.789,0.9338,0.93405,4.00,8.60
2007.11.02 18:13:36.031,0.9338,0.93405,4.00,8.60
2007.11.02 18:13:36.364,0.9338,0.93405,4.00,8.60
2007.11.02 18:13:36.748,0.9338,0.93405,4.00,5.80
2007.11.02 18:13:37.082,0.9338,0.93405,4.00,5.80
2007.11.02 18:13:38.164,0.9338,0.93405,4.00,5.80
2007.11.02 18:13:40.236,0.9338,0.93405,4.00,7.80
2007.11.02 18:13:40.540,0.9338,0.934,4.00,3.40
2007.11.02 18:13:40.757,0.9338,0.934,4.00,3.40
2007.11.02 18:13:40.975,0.9338,0.934,4.00,3.40
2007.11.02 18:13:41.194,0.9338,0.934,4.00,3.40
2007.11.02 18:13:41.528,0.9338,0.934,4.00,3.40
2007.11.02 18:13:41.861,0.9338,0.934,4.00,3.40
2007.11.02 18:13:42.239,0.9338,0.934,4.00,3.40
2007.11.02 18:13:42.417,0.9338,0.934,4.00,3.40
2007.11.02 18:13:42.595,0.9338,0.934,4.00,3.40
2007.11.02 18:13:42.774,0.9338,0.934,4.00,3.40
2007.11.02 18:13:42.952,0.9338,0.934,4.00,3.40
2007.11.02 18:13:43.130,0.9338,0.934,4.00,3.40
2007.11.02 18:13:43.308,0.9338,0.934,4.00,3.40
2007.11.02 18:13:43.641,0.9338,0.934,4.00,3.40
2007.11.02 18:13:43.974,0.9338,0.934,4.00,3.40
2007.11.02 18:13:44.308,0.9338,0.934,4.00,3.40
2007.11.02 18:13:44.511,0.9338,0.93405,4.00,7.00
2007.11.02 18:13:44.714,0.9338,0.93405,4.00,7.80
2007.11.02 18:13:44.917,0.9338,0.93405,4.00,7.80
2007.11.02 18:13:45.425,0.9338,0.93405,4.00,7.80
2007.11.02 18:13:45.717,0.9338,0.93405,4.00,7.80
2007.11.02 18:13:50.631,0.93375,0.93405,4.10,7.80
2007.11.02 18:13:50.951,0.93375,0.93405,2.80,7.80
2007.11.02 18:13:52.002,0.9337,0.93405,5.20,7.80
2007.11.02 18:13:55.792,0.93375,0.93405,1.40,7.80
2007.11.02 18:13:56.767,0.93375,0.93405,0.80,8.60
2007.11.02 18:13:57.101,0.9337,0.93405,4.30,10.20
2007.11.02 18:13:57.435,0.9337,0.93405,4.30,8.80
2007.11.02 18:13:57.592,0.9337,0.93405,4.30,8.20
2007.11.02 18:13:57.750,0.9337,0.93405,4.30,7.80
2007.11.02 18:13:57.994,0.9337,0.93405,4.30,7.80
2007.11.02 18:13:58.197,0.9337,0.93405,4.30,7.80
2007.11.02 18:13:58.360,0.93375,0.93405,1.10,7.80
2007.11.02 18:13:58.512,0.9337,0.93405,4.30,7.80
2007.11.02 18:13:58.669,0.9337,0.93405,4.20,8.00
2007.11.02 18:13:59.003,0.93375,0.93405,1.00,7.80
2007.11.02 18:13:59.335,0.9337,0.93405,1.80,9.40
2007.11.02 18:14:00.784,0.9337,0.93405,1.80,9.40
2007.11.02 18:14:05.791,0.93375,0.93405,0.70,9.40
2007.11.02 18:14:07.449,0.93375,0.93405,0.60,9.60
2007.11.02 18:14:10.017,0.93375,0.93405,0.60,9.70
2007.11.02 18:14:10.176,0.93365,0.93405,17.00,9.70
2007.11.02 18:14:10.508,0.93365,0.93405,17.00,9.80
2007.11.02 18:14:10.842,0.93365,0.93395,17.00,0.80
2007.11.02 18:14:11.174,0.93365,0.93395,17.00,0.80
2007.11.02 18:14:11.509,0.93365,0.93395,17.00,0.80
2007.11.02 18:14:11.842,0.93365,0.93395,17.00,0.80
2007.11.02 18:14:12.174,0.93365,0.93405,17.00,9.60
2007.11.02 18:14:12.397,0.93365,0.93405,17.00,9.60
2007.11.02 18:14:12.805,0.93365,0.93405,17.00,9.60
2007.11.02 18:14:13.436,0.93375,0.93405,0.50,9.60
2007.11.02 18:14:13.700,0.93375,0.93405,0.50,9.70
2007.11.02 18:14:13.962,0.93365,0.93405,17.00,9.70
2007.11.02 18:14:15.492,0.93375,0.93405,0.50,9.70
2007.11.02 18:14:15.759,0.93365,0.93405,16.10,9.70
2007.11.02 18:14:16.648,0.93365,0.93405,16.10,9.70
2007.11.02 18:14:20.795,0.93375,0.93405,0.50,9.70
2007.11.02 18:14:21.087,0.9337,0.934,0.50,3.40
2007.11.02 18:14:21.854,0.9338,0.934,4.00,3.40
2007.11.02 18:14:22.187,0.9338,0.9341,4.80,2.60
2007.11.02 18:14:22.520,0.9338,0.9341,4.80,2.60
2007.11.02 18:14:22.941,0.9338,0.9341,4.80,2.60
2007.11.02 18:14:23.133,0.9338,0.9341,4.80,2.60
2007.11.02 18:14:23.316,0.9338,0.9341,4.80,3.40
2007.11.02 18:14:23.503,0.9338,0.9341,4.80,3.40
2007.11.02 18:14:24.374,0.9338,0.9341,4.80,3.40
2007.11.02 18:14:24.751,0.9338,0.9341,4.80,7.40
2007.11.02 18:14:24.920,0.9338,0.93405,4.80,2.80
2007.11.02 18:14:25.087,0.9338,0.93405,4.40,7.20
2007.11.02 18:14:25.256,0.9338,0.93405,4.00,7.20
2007.11.02 18:14:25.425,0.9338,0.93405,4.00,7.40
2007.11.02 18:14:25.592,0.9338,0.93405,4.00,7.40
2007.11.02 18:14:25.919,0.9338,0.93405,4.00,7.40
2007.11.02 18:14:26.248,0.9338,0.93405,4.00,7.30
2007.11.02 18:14:26.577,0.9338,0.93405,4.00,7.30
2007.11.02 18:14:26.932,0.9338,0.93405,4.00,7.20
2007.11.02 18:14:27.235,0.9338,0.934,4.00,0.50
2007.11.02 18:14:30.795,0.9338,0.934,4.00,0.50
2007.11.02 18:14:31.312,0.9338,0.934,4.00,0.50
2007.11.02 18:14:31.644,0.9339,0.9341,4.00,5.80
2007.11.02 18:14:32.347,0.9339,0.9341,4.00,5.80
2007.11.02 18:14:32.525,0.9339,0.9341,4.00,5.80
2007.11.02 18:14:32.758,0.93385,0.9341,1.60,5.80
2007.11.02 18:14:32.935,0.9338,0.93405,4.40,0.70
2007.11.02 18:14:33.238,0.9338,0.93405,4.00,4.10
2007.11.02 18:14:33.578,0.9339,0.9341,4.00,5.80
2007.11.02 18:14:33.880,0.9339,0.9341,4.00,5.80
2007.11.02 18:14:34.183,0.9339,0.9341,4.00,5.80
2007.11.02 18:14:34.452,0.9339,0.9341,4.00,5.80
2007.11.02 18:14:34.651,0.9339,0.9341,4.00,5.80
2007.11.02 18:14:34.849,0.9338,0.93405,4.80,3.30
2007.11.02 18:14:35.046,0.9338,0.93405,4.40,3.30
2007.11.02 18:14:35.304,0.9338,0.93405,4.00,5.70
2007.11.02 18:14:35.562,0.9338,0.93405,4.00,4.90
2007.11.02 18:14:35.820,0.9338,0.93405,4.00,4.90
2007.11.02 18:14:36.464,0.9338,0.93405,4.00,4.90
2007.11.02 18:14:37.249,0.9338,0.93405,4.00,5.20
2007.11.02 18:14:37.453,0.9338,0.93405,4.00,4.40
2007.11.02 18:14:38.494,0.9338,0.93405,4.00,4.40
2007.11.02 18:14:40.787,0.9338,0.93405,4.00,4.40
2007.11.02 18:14:45.851,0.9338,0.93405,4.00,4.40
2007.11.02 18:14:47.612,0.9338,0.93405,4.00,4.40
2007.11.02 18:14:47.816,0.9338,0.93405,4.00,4.40
2007.11.02 18:14:50.797,0.9338,0.93405,4.00,4.40
2007.11.02 18:14:55.792,0.9338,0.93405,4.00,4.40
2007.11.02 18:15:00.789,0.9338,0.93405,4.00,4.40
2007.11.02 18:15:02.016,0.93385,0.93405,0.50,4.40
2007.11.02 18:15:02.169,0.9338,0.93405,4.80,3.70
2007.11.02 18:15:02.323,0.9338,0.93405,4.00,6.10
2007.11.02 18:15:02.477,0.9338,0.93405,4.00,5.80
2007.11.02 18:15:02.629,0.9338,0.93405,4.00,5.00
2007.11.02 18:15:02.816,0.9338,0.93405,4.00,5.00
2007.11.02 18:15:03.112,0.9338,0.93405,4.00,5.00
2007.11.02 18:15:03.263,0.93375,0.93405,11.00,5.00
2007.11.02 18:15:04.463,0.93375,0.93405,11.00,4.40
2007.11.02 18:15:05.789,0.93365,0.93405,20.70,4.40
2007.11.02 18:15:06.315,0.93365,0.93405,20.80,4.40
2007.11.02 18:15:06.597,0.93365,0.93405,21.60,4.40
2007.11.02 18:15:07.232,0.93365,0.93405,21.60,4.40
2007.11.02 18:15:07.446,0.93365,0.93405,21.60,4.40
2007.11.02 18:15:08.223,0.93365,0.93405,21.60,4.40
2007.11.02 18:15:09.938,0.93365,0.93405,21.60,9.20
2007.11.02 18:15:10.162,0.93375,0.934,0.50,3.40
2007.11.02 18:15:10.407,0.93365,0.934,13.30,3.40
2007.11.02 18:15:10.645,0.93365,0.934,13.30,3.40
2007.11.02 18:15:11.012,0.9337,0.934,0.50,3.40
2007.11.02 18:15:14.612,0.9338,0.934,2.20,5.80
2007.11.02 18:15:15.785,0.93375,0.934,5.60,5.80
2007.11.02 18:15:17.463,0.93375,0.93395,5.60,2.40
2007.11.02 18:15:17.772,0.9338,0.93395,1.80,2.40
2007.11.02 18:15:17.970,0.9338,0.93395,1.80,2.40
2007.11.02 18:15:18.606,0.93375,0.93395,5.60,2.40
2007.11.02 18:15:20.451,0.93375,0.934,8.00,5.80
2007.11.02 18:15:20.785,0.93375,0.934,8.00,5.80
2007.11.02 18:15:21.107,0.93375,0.934,8.00,5.80
2007.11.02 18:15:21.433,0.93375,0.934,5.90,5.80
2007.11.02 18:15:21.756,0.9338,0.934,1.70,5.80
2007.11.02 18:15:22.090,0.93375,0.9339,5.60,1.60
2007.11.02 18:15:22.424,0.93375,0.9339,5.60,1.60
2007.11.02 18:15:22.757,0.93375,0.9339,5.60,1.60
2007.11.02 18:15:23.094,0.9338,0.9339,0.70,1.60
2007.11.02 18:15:23.306,0.93375,0.9339,5.60,1.60
2007.11.02 18:15:23.520,0.93375,0.9339,5.60,1.60
2007.11.02 18:15:24.407,0.93375,0.9339,5.60,1.60
2007.11.02 18:15:24.685,0.93375,0.9339,5.60,1.60
2007.11.02 18:15:24.962,0.93375,0.9339,8.20,1.60
2007.11.02 18:15:25.206,0.9339,0.934,0.50,3.40
2007.11.02 18:15:25.450,0.93385,0.934,0.80,2.40
2007.11.02 18:15:25.693,0.9338,0.934,4.90,2.40
2007.11.02 18:15:25.936,0.9338,0.934,0.50,2.40
2007.11.02 18:15:26.203,0.9338,0.934,0.50,2.40
2007.11.02 18:15:26.471,0.9338,0.934,1.40,2.40
2007.11.02 18:15:26.740,0.9338,0.934,0.70,2.40
2007.11.02 18:15:27.411,0.93375,0.934,10.60,2.40
2007.11.02 18:15:27.744,0.93375,0.934,9.20,5.00
2007.11.02 18:15:28.077,0.93375,0.934,9.00,9.80
2007.11.02 18:15:28.285,0.93375,0.9339,9.00,1.60
2007.11.02 18:15:28.494,0.93375,0.9339,9.00,2.10
2007.11.02 18:15:28.811,0.9338,0.9339,0.60,1.60
2007.11.02 18:15:29.021,0.9338,0.9339,0.90,1.60
2007.11.02 18:15:29.335,0.9338,0.9339,2.20,1.60
2007.11.02 18:15:29.670,0.93375,0.9339,9.20,1.60
2007.11.02 18:15:30.794,0.93375,0.9339,9.20,1.60
2007.11.02 18:15:32.875,0.9338,0.9339,4.00,1.60
2007.11.02 18:15:34.463,0.9338,0.9339,4.00,1.60
2007.11.02 18:15:34.752,0.9338,0.934,4.00,5.80
2007.11.02 18:15:35.793,0.9338,0.934,4.00,5.80
2007.11.02 18:15:37.016,0.9338,0.934,4.00,5.80
2007.11.02 18:15:38.851,0.9338,0.934,4.00,5.80
2007.11.02 18:15:39.330,0.9338,0.934,4.00,5.80
2007.11.02 18:15:39.569,0.9338,0.934,4.00,5.80
2007.11.02 18:15:40.265,0.93385,0.934,0.50,5.80
2007.11.02 18:15:40.568,0.93385,0.934,0.50,5.80
2007.11.02 18:15:40.872,0.9338,0.934,4.80,5.80
2007.11.02 18:15:41.144,0.9338,0.934,4.00,5.80
2007.11.02 18:15:41.417,0.9338,0.93385,4.00,0.80
2007.11.02 18:15:41.690,0.93375,0.93385,2.00,0.80
2007.11.02 18:15:41.966,0.9337,0.93385,4.30,0.80
2007.11.02 18:15:42.300,0.9337,0.93395,4.00,7.10
2007.11.02 18:15:42.632,0.9337,0.9339,4.00,2.60
2007.11.02 18:15:42.966,0.9337,0.9339,4.00,2.60
2007.11.02 18:15:43.203,0.9337,0.9339,4.00,2.60
2007.11.02 18:15:43.441,0.9337,0.9339,4.00,2.60
2007.11.02 18:15:43.944,0.9337,0.9339,4.00,3.40
2007.11.02 18:15:44.258,0.9337,0.9339,4.00,3.40
2007.11.02 18:15:44.572,0.9337,0.9339,4.00,3.40
2007.11.02 18:15:44.886,0.9337,0.93385,4.00,1.60
2007.11.02 18:15:45.601,0.9337,0.93385,4.00,1.60
2007.11.02 18:15:46.109,0.9337,0.93385,4.00,2.10
2007.11.02 18:15:46.828,0.9337,0.93385,4.00,2.10
2007.11.02 18:15:47.257,0.9338,0.93385,4.00,2.10
2007.11.02 18:15:47.447,0.9338,0.93385,4.00,2.10
2007.11.02 18:15:47.669,0.9338,0.93385,4.00,2.10
2007.11.02 18:15:48.174,0.9338,0.93385,4.00,1.60
2007.11.02 18:15:48.688,0.9338,0.93385,4.00,1.60
2007.11.02 18:15:50.783,0.9338,0.93385,4.00,1.60
2007.11.02 18:15:54.885,0.9338,0.93385,4.00,1.60
2007.11.02 18:15:55.088,0.9338,0.93385,4.00,1.60
2007.11.02 18:15:55.291,0.9338,0.93385,4.00,1.60
2007.11.02 18:15:55.544,0.93375,0.93385,1.30,1.60
2007.11.02 18:15:55.798,0.93375,0.93385,0.80,1.60
2007.11.02 18:15:56.050,0.93375,0.93385,0.80,1.60
2007.11.02 18:15:56.446,0.93375,0.93385,0.80,1.60
2007.11.02 18:15:56.779,0.93375,0.93385,0.80,1.60
2007.11.02 18:15:57.112,0.93375,0.93385,0.80,1.60
2007.11.02 18:15:59.520,0.93375,0.93385,0.80,1.60
2007.11.02 18:15:59.770,0.9337,0.93385,4.50,2.40
2007.11.02 18:16:00.018,0.9337,0.93385,4.50,2.40
2007.11.02 18:16:00.745,0.9337,0.93385,4.50,2.40
2007.11.02 18:16:01.068,0.9337,0.93385,4.50,2.40
2007.11.02 18:16:01.805,0.9337,0.93385,4.50,2.40
2007.11.02 18:16:02.138,0.9337,0.93385,4.50,2.40
2007.11.02 18:16:02.470,0.9337,0.93385,4.50,2.40
2007.11.02 18:16:03.484,0.9337,0.93385,4.50,2.40
2007.11.02 18:16:05.787,0.9337,0.93385,4.50,2.40
2007.11.02 18:16:06.755,0.9337,0.9339,4.50,4.80
2007.11.02 18:16:06.903,0.9337,0.93385,4.50,0.70
2007.11.02 18:16:07.933,0.9337,0.93385,4.50,2.40
2007.11.02 18:16:08.475,0.9337,0.93385,4.50,6.40
2007.11.02 18:16:08.744,0.9337,0.93385,4.40,5.30
2007.11.02 18:16:09.012,0.9337,0.93375,4.20,3.20
2007.11.02 18:16:09.280,0.9337,0.93385,4.20,4.00
2007.11.02 18:16:09.550,0.9337,0.93385,4.00,4.00
2007.11.02 18:16:09.803,0.9337,0.93385,4.20,1.60
2007.11.02 18:16:10.056,0.9337,0.93385,4.20,1.60
2007.11.02 18:16:10.309,0.9337,0.93385,4.20,1.60
2007.11.02 18:16:10.562,0.9337,0.93385,4.20,1.60
2007.11.02 18:16:10.850,0.9337,0.93385,4.20,1.60
2007.11.02 18:16:11.138,0.9337,0.93385,4.20,1.60
2007.11.02 18:16:11.485,0.9337,0.93385,4.20,2.10
2007.11.02 18:16:11.819,0.9337,0.93385,4.20,2.10
2007.11.02 18:16:12.152,0.9337,0.93385,4.20,2.10
2007.11.02 18:16:12.485,0.9337,0.93385,4.20,2.10
2007.11.02 18:16:12.840,0.9337,0.93385,4.20,2.10
2007.11.02 18:16:14.830,0.9337,0.93385,4.30,2.10
2007.11.02 18:16:15.065,0.9337,0.93385,4.30,2.10
2007.11.02 18:16:15.475,0.9337,0.93385,4.30,2.10
2007.11.02 18:16:15.889,0.9337,0.93385,4.30,2.10
2007.11.02 18:16:18.040,0.9337,0.93385,4.30,2.10
2007.11.02 18:16:18.238,0.9338,0.93385,4.00,2.10
2007.11.02 18:16:18.438,0.9338,0.93385,4.00,2.10
2007.11.02 18:16:19.526,0.9338,0.93385,4.00,2.10
2007.11.02 18:16:20.898,0.9338,0.93385,4.00,2.10
2007.11.02 18:16:23.458,0.9338,0.93385,4.00,2.10
2007.11.02 18:16:24.741,0.9338,0.93385,4.00,2.10
2007.11.02 18:16:25.900,0.9338,0.93385,4.00,2.10
2007.11.02 18:16:30.899,0.9338,0.93385,4.00,2.10
2007.11.02 18:16:34.375,0.9338,0.93385,4.00,1.60
2007.11.02 18:16:34.688,0.9338,0.93385,4.00,1.60
2007.11.02 18:16:35.002,0.9338,0.93385,4.00,1.60
2007.11.02 18:16:35.255,0.9338,0.9339,4.00,4.00
2007.11.02 18:16:35.903,0.9338,0.9339,4.00,4.00
2007.11.02 18:16:37.116,0.9338,0.9339,4.00,4.00
2007.11.02 18:16:37.634,0.9338,0.9339,4.00,0.80
2007.11.02 18:16:37.967,0.9338,0.9339,4.00,4.00
2007.11.02 18:16:38.678,0.9338,0.9339,4.00,4.00
2007.11.02 18:16:39.414,0.9338,0.9339,4.00,4.00
2007.11.02 18:16:39.724,0.9338,0.9339,4.00,0.80
2007.11.02 18:16:40.104,0.9338,0.9339,4.00,4.00
2007.11.02 18:16:40.895,0.9338,0.9339,4.00,4.00
2007.11.02 18:16:41.786,0.9338,0.9339,4.00,4.00
2007.11.02 18:16:42.181,0.9338,0.9339,4.00,4.00
2007.11.02 18:16:43.073,0.9338,0.9339,4.00,4.00
2007.11.02 18:16:44.558,0.9338,0.9339,4.00,4.00
2007.11.02 18:16:44.777,0.9338,0.9339,4.00,4.00
2007.11.02 18:16:45.910,0.9338,0.9339,4.00,4.00
2007.11.02 18:16:46.536,0.93375,0.9339,2.20,4.00
2007.11.02 18:16:46.869,0.9337,0.9339,4.60,4.00
2007.11.02 18:16:47.202,0.9337,0.9339,4.60,4.00
2007.11.02 18:16:47.586,0.9337,0.9339,4.60,4.00
2007.11.02 18:16:47.985,0.9337,0.9339,4.60,4.00
2007.11.02 18:16:48.173,0.9337,0.9339,4.60,4.00
2007.11.02 18:16:48.737,0.9337,0.9339,4.60,4.00
2007.11.02 18:16:50.144,0.9337,0.9339,4.60,4.00
2007.11.02 18:16:50.322,0.9337,0.9339,4.60,4.00
2007.11.02 18:16:50.656,0.9337,0.9338,4.60,3.20
2007.11.02 18:16:50.989,0.9337,0.9338,4.30,3.20
2007.11.02 18:16:51.322,0.9337,0.9338,4.00,3.20
2007.11.02 18:16:51.656,0.9337,0.9338,4.00,1.60
2007.11.02 18:16:51.978,0.9337,0.9338,4.00,1.60
2007.11.02 18:16:52.301,0.93365,0.9338,1.10,1.60
2007.11.02 18:16:52.625,0.93365,0.93385,0.80,2.60
2007.11.02 18:16:52.850,0.93365,0.93385,1.10,3.40
2007.11.02 18:16:53.070,0.93365,0.93385,1.40,0.80
2007.11.02 18:16:53.294,0.93365,0.9339,1.40,6.60
2007.11.02 18:16:53.517,0.93365,0.9339,1.40,6.60
2007.11.02 18:16:53.764,0.93365,0.9339,1.40,6.60
2007.11.02 18:16:54.335,0.93365,0.9339,1.40,6.60
2007.11.02 18:16:55.909,0.93365,0.9339,1.40,6.60
2007.11.02 18:16:56.703,0.93365,0.9339,1.40,6.60
2007.11.02 18:16:58.926,0.93365,0.9339,1.40,6.60
2007.11.02 18:16:59.175,0.9337,0.9339,4.00,6.60
2007.11.02 18:16:59.423,0.9337,0.9339,4.30,4.00
2007.11.02 18:16:59.671,0.9337,0.9339,4.60,4.00
2007.11.02 18:17:00.273,0.9337,0.9339,4.60,0.80
2007.11.02 18:17:00.516,0.9337,0.9339,4.60,0.80
2007.11.02 18:17:00.878,0.9337,0.9339,4.60,4.80
2007.11.02 18:17:02.454,0.9337,0.9339,4.60,4.50
2007.11.02 18:17:05.582,0.9337,0.9339,4.60,4.50
2007.11.02 18:17:05.871,0.9337,0.9339,4.60,4.50
2007.11.02 18:17:06.721,0.9337,0.9339,4.60,4.50
2007.11.02 18:17:07.154,0.93365,0.9339,7.30,4.50
2007.11.02 18:17:07.954,0.93365,0.9339,7.30,4.50
2007.11.02 18:17:09.197,0.9337,0.9339,1.80,4.50
2007.11.02 18:17:10.904,0.9337,0.9339,1.10,4.50
2007.11.02 18:17:15.910,0.93365,0.9339,7.30,4.50
2007.11.02 18:17:16.337,0.93365,0.9339,7.30,4.50
2007.11.02 18:17:18.689,0.93365,0.9339,7.30,4.50
2007.11.02 18:17:20.907,0.9337,0.9339,1.50,4.50
2007.11.02 18:17:24.678,0.9337,0.9339,0.90,4.50
2007.11.02 18:17:24.855,0.9337,0.9339,1.80,4.50
2007.11.02 18:17:25.905,0.93365,0.9339,7.30,4.50
2007.11.02 18:17:27.227,0.93365,0.9339,7.30,4.50
2007.11.02 18:17:30.899,0.93365,0.9339,1.50,4.50
2007.11.02 18:17:35.898,0.9337,0.9339,0.40,4.50
2007.11.02 18:17:40.899,0.9337,0.9339,0.40,4.50
2007.11.02 18:17:41.971,0.9337,0.9339,0.40,4.50
2007.11.02 18:17:45.897,0.9337,0.9339,0.40,4.50
2007.11.02 18:17:48.134,0.9337,0.9339,0.40,4.50
2007.11.02 18:17:48.353,0.9338,0.9339,4.00,4.50
2007.11.02 18:17:48.572,0.9338,0.9339,4.00,4.50
2007.11.02 18:17:48.790,0.9338,0.9339,4.00,4.50
2007.11.02 18:17:49.108,0.9338,0.9339,4.00,4.50
2007.11.02 18:17:49.427,0.9338,0.9339,4.00,4.50
2007.11.02 18:17:49.745,0.9338,0.9339,4.00,4.50
2007.11.02 18:17:49.988,0.9338,0.9339,4.00,4.50
2007.11.02 18:17:50.232,0.9338,0.9339,4.00,4.50
2007.11.02 18:17:50.475,0.9338,0.9339,4.00,4.50
2007.11.02 18:17:50.719,0.9338,0.9339,4.00,4.50
2007.11.02 18:17:50.987,0.9338,0.9339,4.00,4.50
2007.11.02 18:17:51.257,0.9338,0.9339,4.00,4.50
2007.11.02 18:17:51.525,0.9338,0.9339,4.00,4.50
2007.11.02 18:17:51.795,0.9338,0.9339,4.00,4.50
2007.11.02 18:17:52.332,0.9338,0.9339,4.00,4.50
2007.11.02 18:17:53.346,0.9338,0.9339,4.00,4.50
2007.11.02 18:17:55.006,0.9338,0.9339,4.00,4.50
2007.11.02 18:17:55.526,0.9338,0.9339,4.00,4.50
2007.11.02 18:17:55.900,0.9338,0.9339,4.00,4.50
2007.11.02 18:17:58.534,0.9338,0.9339,4.00,4.50
2007.11.02 18:17:59.259,0.9338,0.9339,4.00,4.00
2007.11.02 18:17:59.592,0.9338,0.9339,4.00,4.00
2007.11.02 18:17:59.867,0.9338,0.93395,4.00,15.10
2007.11.02 18:18:00.910,0.9338,0.93395,4.00,15.10
2007.11.02 18:18:02.242,0.9338,0.93395,4.00,15.00
2007.11.02 18:18:02.446,0.9338,0.9339,4.00,0.60
2007.11.02 18:18:02.649,0.9338,0.93395,4.00,15.00
2007.11.02 18:18:02.852,0.9338,0.9339,4.00,0.70
2007.11.02 18:18:03.056,0.9338,0.93395,4.00,15.00
2007.11.02 18:18:04.150,0.9338,0.93395,4.00,15.00
2007.11.02 18:18:05.913,0.9338,0.9339,4.00,0.60
2007.11.02 18:18:10.903,0.9338,0.93395,4.00,15.00
2007.11.02 18:18:15.904,0.9338,0.9339,4.00,0.50
2007.11.02 18:18:17.968,0.9338,0.9339,4.00,0.80
2007.11.02 18:18:20.906,0.9338,0.9339,4.00,0.90
2007.11.02 18:18:22.256,0.9338,0.93395,4.00,15.00
2007.11.02 18:18:24.743,0.93375,0.9339,0.60,0.70
2007.11.02 18:18:24.946,0.93375,0.9339,0.60,0.80
2007.11.02 18:18:25.901,0.93375,0.9339,0.60,0.90
2007.11.02 18:18:26.966,0.93375,0.9339,0.60,0.70
2007.11.02 18:18:30.918,0.93375,0.9339,0.60,4.00
2007.11.02 18:18:34.394,0.93375,0.9339,0.60,4.00
2007.11.02 18:18:35.907,0.93375,0.9339,0.60,4.00
2007.11.02 18:18:40.031,0.93375,0.9339,0.60,4.00
2007.11.02 18:18:40.893,0.93375,0.9339,0.60,4.00
2007.11.02 18:18:45.896,0.93375,0.9339,0.60,4.00
2007.11.02 18:18:49.356,0.93375,0.9339,0.60,4.00
2007.11.02 18:18:50.904,0.93375,0.9339,0.60,4.00
2007.11.02 18:18:51.094,0.93375,0.9339,0.60,0.80
2007.11.02 18:18:52.101,0.93375,0.9339,0.60,4.00
2007.11.02 18:18:52.433,0.93365,0.93395,9.10,6.50
2007.11.02 18:18:53.694,0.93365,0.93395,9.90,6.50
2007.11.02 18:18:53.897,0.93375,0.9339,0.60,4.00
2007.11.02 18:18:54.184,0.93375,0.9339,0.60,4.00
2007.11.02 18:18:54.580,0.93375,0.9339,0.60,4.00
2007.11.02 18:18:54.969,0.93375,0.9339,0.60,4.00
2007.11.02 18:18:55.904,0.93375,0.9339,0.60,4.00
2007.11.02 18:18:56.196,0.93375,0.9339,0.60,4.00
2007.11.02 18:18:56.489,0.93375,0.9339,0.60,4.00
2007.11.02 18:18:56.782,0.93375,0.934,0.60,2.60
2007.11.02 18:18:57.075,0.93375,0.934,0.60,2.60
2007.11.02 18:18:57.491,0.93375,0.934,0.60,3.40
2007.11.02 18:18:57.825,0.93375,0.934,0.60,3.40
2007.11.02 18:18:58.158,0.93375,0.934,0.60,3.40
2007.11.02 18:18:58.710,0.93375,0.934,0.60,3.40
2007.11.02 18:19:00.069,0.93375,0.934,0.60,3.40
2007.11.02 18:19:00.907,0.93375,0.934,0.60,3.40
2007.11.02 18:19:03.627,0.93375,0.934,0.60,3.40
2007.11.02 18:19:04.042,0.93375,0.934,0.60,3.40
2007.11.02 18:19:04.371,0.93375,0.934,0.60,3.40
2007.11.02 18:19:05.465,0.93375,0.934,0.60,3.40
2007.11.02 18:19:05.897,0.93375,0.934,0.60,3.40
2007.11.02 18:19:06.222,0.93375,0.934,0.60,3.40
2007.11.02 18:19:07.106,0.93375,0.934,0.60,3.40
2007.11.02 18:19:09.040,0.93375,0.934,0.90,3.40
2007.11.02 18:19:10.900,0.93375,0.934,0.90,3.40
2007.11.02 18:19:13.090,0.93375,0.934,1.10,3.40
2007.11.02 18:19:13.301,0.93375,0.93395,1.10,2.40
2007.11.02 18:19:13.492,0.93375,0.93395,1.10,2.40
2007.11.02 18:19:13.930,0.93375,0.9339,1.10,0.80
2007.11.02 18:19:14.353,0.93375,0.9339,1.10,0.80
2007.11.02 18:19:15.934,0.93375,0.9339,1.10,0.80
2007.11.02 18:19:17.068,0.93375,0.9339,1.20,0.80
2007.11.02 18:19:17.808,0.93375,0.9339,1.20,0.80
2007.11.02 18:19:17.982,0.93375,0.9339,0.30,0.80
2007.11.02 18:19:18.155,0.93375,0.9339,1.60,0.80
2007.11.02 18:19:18.328,0.93375,0.9339,2.40,0.80
2007.11.02 18:19:18.500,0.93375,0.9339,2.40,0.80
2007.11.02 18:19:18.799,0.9338,0.9339,4.00,0.80
2007.11.02 18:19:19.118,0.9338,0.9339,4.00,0.80
2007.11.02 18:19:19.436,0.9338,0.9339,4.00,0.80
2007.11.02 18:19:19.753,0.9338,0.9339,4.00,0.80
2007.11.02 18:19:20.060,0.9338,0.9339,4.00,0.80
2007.11.02 18:19:20.288,0.9338,0.9339,4.00,0.80
2007.11.02 18:19:20.517,0.93375,0.9339,1.70,0.80
2007.11.02 18:19:20.746,0.93375,0.9339,0.20,0.80
2007.11.02 18:19:20.983,0.93375,0.9339,0.20,0.80
2007.11.02 18:19:21.316,0.93375,0.9339,0.20,0.80
2007.11.02 18:19:21.553,0.93375,0.9339,0.20,0.80
2007.11.02 18:19:25.896,0.93375,0.9339,0.20,0.80
2007.11.02 18:19:30.896,0.93375,0.9339,0.20,0.80
2007.11.02 18:19:31.244,0.93375,0.9339,0.20,0.80
2007.11.02 18:19:32.849,0.93375,0.9339,0.40,0.80
2007.11.02 18:19:33.177,0.93375,0.9339,0.40,0.80
2007.11.02 18:19:35.909,0.93375,0.9339,0.40,0.80
2007.11.02 18:19:36.241,0.93375,0.9339,0.60,0.80
2007.11.02 18:19:36.570,0.9338,0.9339,4.00,0.80
2007.11.02 18:19:36.690,0.9338,0.9339,1.40,0.80
2007.11.02 18:19:36.900,0.93375,0.9339,5.30,0.80
2007.11.02 18:19:37.228,0.93375,0.9339,7.70,0.80
2007.11.02 18:19:40.909,0.9338,0.9339,1.90,0.80
2007.11.02 18:19:41.459,0.9338,0.9339,2.40,0.80
2007.11.02 18:19:45.377,0.9338,0.9339,1.00,0.80
2007.11.02 18:19:45.595,0.93375,0.9339,0.50,0.80
2007.11.02 18:19:45.813,0.9337,0.9339,8.50,0.80
2007.11.02 18:19:46.509,0.9337,0.9339,8.50,0.80
2007.11.02 18:19:46.842,0.93375,0.9339,0.50,0.80
2007.11.02 18:19:47.210,0.9337,0.9339,8.50,0.80
2007.11.02 18:19:50.896,0.9337,0.9339,8.50,0.80
2007.11.02 18:19:51.798,0.93375,0.9339,0.50,0.80
2007.11.02 18:19:52.122,0.93375,0.9339,0.60,0.80
2007.11.02 18:19:52.651,0.9337,0.9339,8.60,0.80
2007.11.02 18:19:52.945,0.9337,0.9339,8.60,0.80
2007.11.02 18:19:55.906,0.9337,0.9339,8.60,0.80
2007.11.02 18:20:00.714,0.9337,0.9339,8.80,0.80
2007.11.02 18:20:00.943,0.93375,0.9339,1.20,0.80
2007.11.02 18:20:01.276,0.9337,0.9339,8.60,0.80
2007.11.02 18:20:01.609,0.93375,0.9339,4.50,0.80
2007.11.02 18:20:01.943,0.9337,0.9339,8.50,0.80
2007.11.02 18:20:02.275,0.93375,0.9339,0.50,0.80
2007.11.02 18:20:02.608,0.9337,0.9339,8.60,0.80
2007.11.02 18:20:03.339,0.9337,0.9339,8.60,0.80
2007.11.02 18:20:04.343,0.93375,0.9339,0.60,0.80
2007.11.02 18:20:05.895,0.93375,0.9339,0.60,0.80
2007.11.02 18:20:06.912,0.93375,0.9339,0.60,0.80
2007.11.02 18:20:07.245,0.93375,0.9339,1.60,0.80
2007.11.02 18:20:07.457,0.93375,0.9339,1.60,0.80
2007.11.02 18:20:07.640,0.93375,0.9339,3.20,0.80
2007.11.02 18:20:07.823,0.93385,0.9339,0.20,0.80
2007.11.02 18:20:08.005,0.93375,0.9339,3.20,0.80
2007.11.02 18:20:08.324,0.93375,0.9339,4.00,0.80
2007.11.02 18:20:08.642,0.93375,0.9339,4.00,0.80
2007.11.02 18:20:08.960,0.93375,0.9339,4.00,0.80
2007.11.02 18:20:09.278,0.93375,0.9339,3.20,0.80
2007.11.02 18:20:09.511,0.93375,0.9339,3.20,0.80
2007.11.02 18:20:09.743,0.93385,0.9339,0.20,0.80
2007.11.02 18:20:09.978,0.93375,0.9339,3.20,0.80
2007.11.02 18:20:10.212,0.93385,0.9339,0.20,0.80
2007.11.02 18:20:10.521,0.93385,0.9339,0.20,0.80
2007.11.02 18:20:10.829,0.93375,0.9339,4.00,0.80
2007.11.02 18:20:11.137,0.93375,0.9339,4.00,0.80
2007.11.02 18:20:11.445,0.93375,0.9339,4.00,0.80
2007.11.02 18:20:11.756,0.93385,0.9339,0.20,0.80
2007.11.02 18:20:12.064,0.93375,0.9339,4.00,0.80
2007.11.02 18:20:12.371,0.93375,0.9339,3.20,0.80
2007.11.02 18:20:12.729,0.93385,0.9339,0.20,0.80
2007.11.02 18:20:12.971,0.93375,0.9339,3.20,0.80
2007.11.02 18:20:13.215,0.9338,0.9339,4.80,0.80
2007.11.02 18:20:13.459,0.9338,0.9339,6.40,0.80
2007.11.02 18:20:13.742,0.9338,0.9339,3.20,0.80
2007.11.02 18:20:14.026,0.9338,0.93405,0.80,9.20
2007.11.02 18:20:14.309,0.93375,0.934,3.20,2.60
2007.11.02 18:20:14.588,0.93375,0.934,3.20,2.60
2007.11.02 18:20:14.861,0.93375,0.934,3.20,2.60
2007.11.02 18:20:15.134,0.93375,0.934,4.00,2.60
2007.11.02 18:20:15.407,0.93375,0.934,4.20,2.60
2007.11.02 18:20:15.616,0.93375,0.934,3.20,2.60
2007.11.02 18:20:15.823,0.93375,0.934,3.20,2.60
2007.11.02 18:20:16.041,0.93375,0.934,3.20,2.60
2007.11.02 18:20:16.249,0.93375,0.934,3.40,2.60
2007.11.02 18:20:16.457,0.93375,0.934,3.20,2.60
2007.11.02 18:20:16.791,0.93375,0.934,4.00,2.60
2007.11.02 18:20:17.124,0.93385,0.934,0.40,2.60
2007.11.02 18:20:17.457,0.93385,0.934,2.40,2.60
2007.11.02 18:20:17.686,0.9339,0.93405,0.80,3.40
2007.11.02 18:20:17.933,0.9339,0.93405,1.60,3.40
2007.11.02 18:20:18.161,0.93395,0.93405,0.80,3.40
2007.11.02 18:20:18.389,0.93395,0.93415,1.60,3.30
2007.11.02 18:20:18.667,0.93395,0.93415,1.60,2.60
2007.11.02 18:20:18.940,0.93395,0.9342,1.60,3.40
2007.11.02 18:20:19.213,0.93395,0.9342,1.60,3.40
2007.11.02 18:20:19.492,0.93395,0.9342,1.60,3.40
2007.11.02 18:20:19.739,0.93395,0.9342,1.60,4.20
2007.11.02 18:20:20.221,0.93395,0.9342,1.60,4.20
2007.11.02 18:20:20.532,0.93395,0.9342,1.60,4.20
2007.11.02 18:20:20.908,0.93395,0.9342,1.60,4.20
2007.11.02 18:20:21.146,0.93395,0.93415,0.80,4.40
2007.11.02 18:20:21.386,0.9339,0.93415,5.60,7.00
2007.11.02 18:20:21.622,0.9339,0.93415,5.60,7.00
2007.11.02 18:20:21.957,0.9339,0.93415,5.60,7.80
2007.11.02 18:20:22.291,0.9339,0.93415,5.60,7.80
2007.11.02 18:20:22.624,0.9339,0.93415,5.60,7.80
2007.11.02 18:20:23.008,0.9339,0.93415,5.60,7.80
2007.11.02 18:20:25.898,0.9339,0.93415,5.60,7.80
2007.11.02 18:20:26.186,0.9339,0.93415,5.60,7.80
2007.11.02 18:20:27.850,0.9339,0.93415,5.60,7.80
2007.11.02 18:20:28.028,0.9339,0.93415,5.60,7.80
2007.11.02 18:20:28.205,0.9339,0.93415,5.60,7.80
2007.11.02 18:20:28.411,0.9339,0.93415,5.60,7.80
2007.11.02 18:20:30.901,0.9339,0.93415,5.60,7.80
2007.11.02 18:20:33.814,0.9339,0.93415,5.60,8.00
2007.11.02 18:20:35.070,0.9339,0.93415,5.60,8.00
2007.11.02 18:20:35.914,0.9339,0.93415,5.60,8.00
2007.11.02 18:20:36.304,0.9339,0.93415,5.60,0.60
2007.11.02 18:20:37.081,0.9339,0.9342,5.60,16.00
2007.11.02 18:20:37.408,0.9339,0.93415,4.00,8.80
2007.11.02 18:20:37.737,0.9339,0.93405,4.00,0.50
2007.11.02 18:20:38.066,0.93385,0.93405,3.10,0.70
2007.11.02 18:20:38.300,0.93385,0.9341,2.30,0.80
2007.11.02 18:20:38.533,0.93385,0.9341,1.50,9.80
2007.11.02 18:20:38.766,0.93385,0.9341,1.50,9.80
2007.11.02 18:20:38.999,0.93385,0.9341,1.50,9.80
2007.11.02 18:20:39.218,0.93385,0.9341,1.50,9.80
2007.11.02 18:20:39.445,0.93385,0.9341,1.50,9.80
2007.11.02 18:20:39.758,0.93385,0.93405,1.50,0.60
2007.11.02 18:20:39.977,0.93385,0.93405,1.50,0.50
2007.11.02 18:20:40.907,0.93385,0.9341,1.50,9.80
2007.11.02 18:20:43.699,0.93385,0.93405,1.40,0.70
2007.11.02 18:20:43.876,0.93385,0.9341,0.60,9.80
2007.11.02 18:20:45.903,0.93385,0.93405,0.60,0.80
2007.11.02 18:20:48.169,0.93385,0.9341,0.60,9.80
2007.11.02 18:20:49.926,0.93385,0.9341,0.70,9.80
2007.11.02 18:20:50.174,0.93385,0.9341,1.50,9.80
2007.11.02 18:20:50.900,0.93385,0.9341,1.50,9.80
2007.11.02 18:20:51.117,0.9339,0.9341,4.00,5.80
2007.11.02 18:20:51.335,0.9339,0.93405,4.00,0.80
2007.11.02 18:20:51.553,0.9339,0.93405,4.00,0.80
2007.11.02 18:20:51.886,0.9339,0.9341,4.00,5.80
2007.11.02 18:20:52.219,0.9339,0.9341,4.00,5.80
2007.11.02 18:20:52.552,0.9339,0.9341,4.00,5.80
2007.11.02 18:20:52.760,0.9339,0.93405,4.00,0.80
2007.11.02 18:20:53.620,0.9339,0.9341,4.00,5.80
2007.11.02 18:20:53.953,0.9339,0.9341,4.00,5.80
2007.11.02 18:20:54.286,0.9339,0.93415,4.80,7.00
2007.11.02 18:20:54.735,0.9339,0.9342,5.60,13.40
2007.11.02 18:20:55.057,0.9339,0.9342,5.60,13.40
2007.11.02 18:20:55.291,0.9339,0.9342,5.60,13.60
2007.11.02 18:20:55.524,0.9339,0.9342,5.60,14.20
2007.11.02 18:20:55.842,0.9339,0.93415,5.60,0.90
2007.11.02 18:20:56.160,0.9339,0.9342,5.60,14.20
2007.11.02 18:20:56.479,0.9339,0.9342,5.60,15.00
2007.11.02 18:20:56.797,0.9339,0.9342,5.60,14.20
2007.11.02 18:20:57.345,0.9339,0.93415,5.60,0.90
2007.11.02 18:20:58.065,0.9339,0.9342,5.60,14.20
2007.11.02 18:20:58.339,0.9339,0.9342,5.60,14.20
2007.11.02 18:20:58.612,0.9339,0.93415,5.60,0.50
2007.11.02 18:20:58.903,0.9339,0.93415,5.60,0.50
2007.11.02 18:20:59.136,0.9339,0.9342,1.60,10.60
2007.11.02 18:20:59.368,0.9339,0.93415,0.80,8.60
2007.11.02 18:20:59.602,0.93385,0.93415,4.40,8.60
2007.11.02 18:21:00.484,0.93385,0.93415,4.40,8.60
2007.11.02 18:21:00.873,0.93385,0.9341,4.40,0.80
2007.11.02 18:21:01.739,0.93385,0.9341,4.40,0.60
2007.11.02 18:21:02.459,0.93385,0.9341,4.40,0.50
2007.11.02 18:21:02.792,0.93385,0.93415,4.40,9.40
2007.11.02 18:21:03.125,0.93385,0.93415,4.40,7.80
2007.11.02 18:21:03.338,0.93385,0.93415,4.40,8.60
2007.11.02 18:21:03.551,0.93385,0.9341,4.40,0.50
2007.11.02 18:21:04.035,0.93385,0.93415,4.40,7.80
2007.11.02 18:21:04.795,0.93385,0.9341,4.40,2.60
2007.11.02 18:21:05.103,0.93385,0.9341,4.40,2.60
2007.11.02 18:21:05.316,0.93385,0.9341,4.40,2.60
2007.11.02 18:21:05.537,0.93385,0.9341,4.40,2.60
2007.11.02 18:21:05.751,0.93385,0.9341,4.40,2.60
2007.11.02 18:21:06.365,0.93385,0.9341,4.40,2.60
2007.11.02 18:21:07.523,0.93385,0.9341,4.40,2.60
2007.11.02 18:21:08.760,0.93385,0.9341,1.50,2.60
2007.11.02 18:21:10.905,0.93385,0.9341,4.40,2.60
2007.11.02 18:21:15.119,0.93385,0.9341,4.40,3.40
2007.11.02 18:21:15.438,0.93385,0.9341,4.40,3.40
2007.11.02 18:21:15.910,0.93385,0.9341,4.40,3.40
2007.11.02 18:21:16.158,0.93385,0.9341,4.40,3.40
2007.11.02 18:21:16.759,0.93385,0.9341,4.40,3.40
2007.11.02 18:21:17.092,0.93385,0.9341,4.40,2.60
2007.11.02 18:21:17.425,0.93385,0.9341,4.40,3.40
2007.11.02 18:21:18.457,0.93385,0.9341,4.40,3.40
2007.11.02 18:21:19.686,0.93385,0.934,2.80,2.40
2007.11.02 18:21:19.869,0.93385,0.934,1.60,2.40
2007.11.02 18:21:20.052,0.93385,0.9339,1.60,2.40
2007.11.02 18:21:20.235,0.93385,0.9339,0.80,2.40
2007.11.02 18:21:20.419,0.93385,0.9339,0.80,2.40
2007.11.02 18:21:20.752,0.93385,0.9339,0.80,2.40
2007.11.02 18:21:21.085,0.93385,0.9339,1.60,2.40
2007.11.02 18:21:21.418,0.93385,0.9339,1.60,2.40
2007.11.02 18:21:21.751,0.93385,0.9339,1.60,2.40
2007.11.02 18:21:22.065,0.93385,0.9339,1.60,2.40
2007.11.02 18:21:22.378,0.93385,0.9339,1.60,2.40
2007.11.02 18:21:22.691,0.93385,0.9339,1.60,2.40
2007.11.02 18:21:22.909,0.93385,0.9339,1.60,2.40
2007.11.02 18:21:23.255,0.93385,0.9339,1.60,2.40
2007.11.02 18:21:23.473,0.93385,0.9339,1.60,2.40
2007.11.02 18:21:23.691,0.93385,0.9339,0.80,2.40
2007.11.02 18:21:23.975,0.93385,0.9339,0.80,2.40
2007.11.02 18:21:24.257,0.9338,0.9339,7.20,2.40
2007.11.02 18:21:24.541,0.9338,0.9339,7.20,2.40
2007.11.02 18:21:24.824,0.9338,0.9339,7.20,2.40
2007.11.02 18:21:25.071,0.9338,0.9339,7.20,2.40
2007.11.02 18:21:25.424,0.9338,0.9339,7.20,2.40
2007.11.02 18:21:25.671,0.9338,0.9339,7.20,2.40
2007.11.02 18:21:25.928,0.9338,0.9339,8.00,2.40
2007.11.02 18:21:26.188,0.9338,0.9339,7.20,2.40
2007.11.02 18:21:26.447,0.9338,0.9339,7.20,2.40
2007.11.02 18:21:26.705,0.9338,0.9339,7.20,2.40
2007.11.02 18:21:27.043,0.9338,0.9339,7.20,2.40
2007.11.02 18:21:27.453,0.9338,0.9339,7.20,2.40
2007.11.02 18:21:27.786,0.9338,0.9339,6.40,2.40
2007.11.02 18:21:27.997,0.9338,0.9339,5.60,2.40
2007.11.02 18:21:28.204,0.9338,0.9339,5.60,2.40
2007.11.02 18:21:28.411,0.9338,0.9339,5.60,2.40
2007.11.02 18:21:28.839,0.9338,0.9339,5.60,2.40
2007.11.02 18:21:29.137,0.9338,0.9339,5.60,2.40
2007.11.02 18:21:29.435,0.9338,0.9339,5.60,2.40
2007.11.02 18:21:29.733,0.9338,0.9339,5.60,2.40
2007.11.02 18:21:30.030,0.9338,0.9339,5.60,2.40
2007.11.02 18:21:30.309,0.9338,0.9339,5.60,2.40
2007.11.02 18:21:30.900,0.9338,0.9339,5.60,2.40
2007.11.02 18:21:34.562,0.9338,0.9339,5.60,1.60
2007.11.02 18:21:35.495,0.9338,0.9339,5.60,1.60
2007.11.02 18:21:35.912,0.9338,0.9339,5.60,1.60
2007.11.02 18:21:40.905,0.9338,0.9339,5.60,1.60
2007.11.02 18:21:43.273,0.9338,0.9339,5.60,1.60
2007.11.02 18:21:43.836,0.9338,0.9339,5.60,0.50
2007.11.02 18:21:45.913,0.9338,0.934,5.60,4.20
2007.11.02 18:21:47.325,0.9338,0.934,5.60,4.20
2007.11.02 18:21:47.659,0.9338,0.93405,5.60,10.50
2007.11.02 18:21:47.873,0.9338,0.934,5.60,0.90
2007.11.02 18:21:48.595,0.9338,0.934,5.60,0.60
2007.11.02 18:21:48.929,0.9338,0.93405,5.60,11.30
2007.11.02 18:21:50.910,0.9338,0.934,5.60,0.80
2007.11.02 18:21:51.316,0.9338,0.93405,5.60,11.30
2007.11.02 18:21:51.564,0.9338,0.934,5.60,0.70
2007.11.02 18:21:51.812,0.9338,0.93405,5.60,15.60
2007.11.02 18:21:52.146,0.9338,0.93405,5.60,14.00
2007.11.02 18:21:52.479,0.9338,0.93405,5.60,12.40
2007.11.02 18:21:52.813,0.9338,0.93405,5.60,11.60
2007.11.02 18:21:55.908,0.9338,0.93405,5.60,11.60
2007.11.02 18:21:59.008,0.9338,0.934,1.60,0.90
2007.11.02 18:21:59.222,0.9338,0.934,1.60,0.50
2007.11.02 18:21:59.434,0.9338,0.93405,1.60,10.50
2007.11.02 18:21:59.647,0.9338,0.934,1.60,0.90
2007.11.02 18:21:59.859,0.9338,0.93405,1.60,11.10
2007.11.02 18:22:00.127,0.9338,0.93405,1.60,10.30
2007.11.02 18:22:00.397,0.9338,0.93405,1.60,9.50
2007.11.02 18:22:00.679,0.9338,0.93405,1.60,9.50
2007.11.02 18:22:00.948,0.9338,0.934,1.60,0.80
2007.11.02 18:22:01.216,0.9338,0.93405,1.60,8.70
2007.11.02 18:22:01.485,0.9338,0.93405,1.60,8.70
2007.11.02 18:22:01.932,0.9338,0.934,1.60,0.80
2007.11.02 18:22:02.265,0.9338,0.93405,1.60,10.30
2007.11.02 18:22:02.598,0.9338,0.93405,1.60,11.10
2007.11.02 18:22:03.414,0.9338,0.93405,1.60,11.20
2007.11.02 18:22:03.666,0.9338,0.93405,1.60,11.20
2007.11.02 18:22:03.874,0.9338,0.93405,1.60,11.10
2007.11.02 18:22:04.081,0.9338,0.934,1.60,0.60
2007.11.02 18:22:04.359,0.9338,0.93405,1.60,8.70
2007.11.02 18:22:04.693,0.9338,0.93405,1.60,8.70
2007.11.02 18:22:04.971,0.9338,0.93405,1.60,9.50
2007.11.02 18:22:05.249,0.9338,0.934,1.60,0.90
2007.11.02 18:22:05.519,0.9338,0.93405,1.60,9.50
2007.11.02 18:22:05.727,0.9338,0.93405,1.60,10.30
2007.11.02 18:22:05.934,0.9338,0.93405,1.60,10.30
2007.11.02 18:22:06.142,0.9338,0.93405,1.60,10.30
2007.11.02 18:22:06.775,0.9338,0.934,1.60,0.90
2007.11.02 18:22:07.103,0.9338,0.93405,1.60,8.70
2007.11.02 18:22:10.900,0.9338,0.93405,1.60,8.70
2007.11.02 18:22:12.122,0.9338,0.93405,1.60,6.70
2007.11.02 18:22:12.455,0.9338,0.934,6.40,0.30
2007.11.02 18:22:12.643,0.9338,0.9341,7.20,9.80
2007.11.02 18:22:12.956,0.9338,0.9341,7.20,9.80
2007.11.02 18:22:13.144,0.9338,0.93405,7.20,0.70
2007.11.02 18:22:13.445,0.9338,0.93405,7.20,5.80
2007.11.02 18:22:13.778,0.9338,0.93405,7.20,5.80
2007.11.02 18:22:14.112,0.9338,0.93405,7.20,5.80
2007.11.02 18:22:14.507,0.93375,0.934,2.30,2.60
2007.11.02 18:22:14.745,0.93375,0.934,3.10,2.60
2007.11.02 18:22:15.532,0.93375,0.934,3.10,2.60
2007.11.02 18:22:15.824,0.93375,0.934,3.10,2.60
2007.11.02 18:22:18.641,0.93375,0.93395,2.90,2.40
2007.11.02 18:22:18.905,0.93375,0.93395,2.80,2.40
2007.11.02 18:22:19.170,0.93375,0.93395,0.20,5.00
2007.11.02 18:22:19.433,0.93375,0.93395,0.20,5.00
2007.11.02 18:22:19.671,0.93375,0.93395,0.20,5.00
2007.11.02 18:22:19.997,0.93375,0.93395,0.20,5.00
2007.11.02 18:22:20.306,0.93375,0.93395,0.20,5.00
2007.11.02 18:22:20.901,0.93375,0.93395,0.20,5.00
2007.11.02 18:22:21.183,0.93375,0.93395,0.20,5.80
2007.11.02 18:22:21.465,0.93375,0.93395,0.20,5.80
2007.11.02 18:22:25.272,0.9337,0.93395,6.60,5.80
2007.11.02 18:22:25.907,0.9337,0.93395,6.60,5.80
2007.11.02 18:22:30.916,0.9337,0.93395,6.60,5.80
2007.11.02 18:22:35.911,0.9337,0.93395,6.60,5.80
2007.11.02 18:22:37.959,0.93375,0.9339,0.20,0.80
2007.11.02 18:22:38.171,0.9337,0.9339,6.60,0.80
2007.11.02 18:22:38.599,0.9337,0.9339,6.70,0.80
2007.11.02 18:22:38.801,0.9337,0.9339,6.70,0.80
2007.11.02 18:22:40.906,0.9337,0.9339,6.70,0.80
2007.11.02 18:22:45.908,0.9337,0.9339,6.70,0.80
2007.11.02 18:22:49.629,0.93375,0.9339,0.30,0.80
2007.11.02 18:22:50.908,0.9337,0.9339,1.90,0.80
2007.11.02 18:22:55.914,0.93375,0.9339,0.30,0.80
2007.11.02 18:22:56.764,0.93375,0.9339,0.50,0.80
2007.11.02 18:22:57.099,0.93385,0.9339,0.20,0.80
2007.11.02 18:22:57.464,0.93375,0.9339,3.80,0.80
2007.11.02 18:22:57.801,0.9338,0.9339,4.00,0.80
2007.11.02 18:22:57.999,0.93385,0.9339,0.20,0.80
2007.11.02 18:22:58.197,0.9338,0.9339,5.60,0.80
2007.11.02 18:22:58.396,0.9338,0.9339,2.40,0.80
2007.11.02 18:22:58.594,0.9338,0.9339,2.40,0.80
2007.11.02 18:22:58.792,0.9337,0.9339,4.80,4.20
2007.11.02 18:22:58.991,0.9337,0.9339,5.60,4.20
2007.11.02 18:22:59.325,0.9337,0.9339,6.40,0.80
2007.11.02 18:22:59.659,0.93375,0.9339,0.80,0.80
2007.11.02 18:22:59.993,0.93375,0.9339,1.60,0.80
2007.11.02 18:23:00.211,0.93375,0.9339,1.60,0.80
2007.11.02 18:23:00.428,0.93375,0.9339,1.60,0.80
2007.11.02 18:23:00.647,0.93375,0.9339,1.60,0.80
2007.11.02 18:23:00.866,0.93375,0.9339,1.60,0.80
2007.11.02 18:23:01.085,0.93375,0.9339,1.60,0.80
2007.11.02 18:23:01.441,0.93375,0.9339,1.60,0.80
2007.11.02 18:23:01.729,0.93375,0.9339,1.60,0.80
2007.11.02 18:23:02.018,0.93375,0.9339,0.80,0.80
2007.11.02 18:23:02.351,0.9337,0.9339,4.00,4.20
2007.11.02 18:23:02.684,0.9337,0.9339,4.00,4.20
2007.11.02 18:23:03.017,0.9337,0.9339,4.00,4.20
2007.11.02 18:23:03.190,0.9337,0.9339,4.00,4.20
2007.11.02 18:23:03.364,0.9337,0.9339,4.00,4.20
2007.11.02 18:23:03.633,0.9337,0.9339,4.00,4.20
2007.11.02 18:23:05.903,0.9337,0.9339,4.00,4.20
2007.11.02 18:23:07.833,0.9337,0.9339,4.00,4.20
2007.11.02 18:23:08.007,0.9337,0.9339,4.00,4.20
2007.11.02 18:23:08.235,0.9337,0.9339,4.00,4.20
2007.11.02 18:23:08.952,0.9337,0.9339,4.00,4.20
2007.11.02 18:23:10.904,0.9337,0.9339,4.00,4.20
2007.11.02 18:23:11.946,0.9337,0.9339,4.00,4.20
2007.11.02 18:23:12.280,0.93375,0.9339,6.00,4.20
2007.11.02 18:23:12.613,0.93375,0.9339,6.00,4.20
2007.11.02 18:23:13.447,0.93375,0.9339,6.00,4.20
2007.11.02 18:23:14.232,0.93375,0.9339,5.40,4.20
2007.11.02 18:23:14.555,0.93375,0.9339,3.00,4.20
2007.11.02 18:23:15.422,0.93375,0.9339,3.00,4.20
2007.11.02 18:23:15.622,0.93375,0.9339,3.00,4.20
2007.11.02 18:23:18.733,0.93375,0.9339,3.00,4.20
2007.11.02 18:23:19.199,0.93375,0.9339,2.80,4.20
2007.11.02 18:23:19.528,0.93375,0.9339,2.80,4.20
2007.11.02 18:23:19.856,0.93375,0.9339,2.80,4.20
2007.11.02 18:23:20.078,0.93375,0.9339,2.80,4.20
2007.11.02 18:23:20.302,0.93375,0.9339,2.80,3.40
2007.11.02 18:23:20.525,0.93375,0.9339,3.30,3.40
2007.11.02 18:23:20.661,0.93375,0.93405,3.30,18.00
2007.11.02 18:23:20.748,0.93375,0.9339,5.80,0.80
2007.11.02 18:23:20.971,0.93375,0.934,5.80,3.40
2007.11.02 18:23:21.392,0.93375,0.934,7.40,3.40
2007.11.02 18:23:21.721,0.9338,0.9339,4.80,0.80
2007.11.02 18:23:22.053,0.9338,0.9339,7.20,0.80
2007.11.02 18:23:22.717,0.9338,0.9339,7.20,0.80
2007.11.02 18:23:23.051,0.9338,0.9339,7.20,0.80
2007.11.02 18:23:24.312,0.9338,0.934,3.20,7.20
2007.11.02 18:23:24.606,0.93375,0.9339,3.60,0.60
2007.11.02 18:23:24.900,0.93375,0.93395,2.80,5.80
2007.11.02 18:23:25.192,0.93375,0.93395,2.80,5.80
2007.11.02 18:23:25.450,0.93375,0.93395,2.80,5.80
2007.11.02 18:23:25.678,0.93375,0.93395,2.80,5.80
2007.11.02 18:23:25.906,0.93375,0.93395,2.80,5.80
2007.11.02 18:23:26.661,0.93375,0.93395,2.80,6.60
2007.11.02 18:23:29.396,0.93375,0.93395,2.80,6.20
2007.11.02 18:23:29.580,0.93375,0.9339,2.80,0.70
2007.11.02 18:23:29.762,0.93375,0.93395,2.80,6.20
2007.11.02 18:23:30.286,0.9338,0.9339,4.00,0.60
2007.11.02 18:23:30.619,0.9338,0.9339,4.00,0.80
2007.11.02 18:23:30.952,0.9338,0.9339,4.00,0.80
2007.11.02 18:23:31.629,0.9338,0.934,4.00,7.40
2007.11.02 18:23:31.933,0.9338,0.934,4.00,7.40
2007.11.02 18:23:32.239,0.9338,0.9339,4.00,0.80
2007.11.02 18:23:33.335,0.9338,0.9339,4.00,0.80
2007.11.02 18:23:33.558,0.9338,0.93395,4.00,1.40
2007.11.02 18:23:33.811,0.9338,0.93395,4.00,1.40
2007.11.02 18:23:34.122,0.9338,0.93395,4.00,1.40
2007.11.02 18:23:34.344,0.9338,0.9339,4.00,0.80
2007.11.02 18:23:34.598,0.9338,0.9339,4.00,0.80
2007.11.02 18:23:35.486,0.9338,0.9339,4.00,0.80
2007.11.02 18:23:35.733,0.9338,0.9339,4.00,0.80
2007.11.02 18:23:38.310,0.9338,0.9339,4.00,0.80
2007.11.02 18:23:39.128,0.9338,0.9339,4.00,0.80
2007.11.02 18:23:39.462,0.9338,0.934,4.00,5.80
2007.11.02 18:23:39.690,0.9338,0.9339,4.00,0.80
2007.11.02 18:23:40.903,0.9338,0.9339,4.00,0.80
2007.11.02 18:23:41.186,0.9338,0.934,4.00,5.80
2007.11.02 18:23:41.958,0.9338,0.9339,4.00,0.80
2007.11.02 18:23:45.350,0.9338,0.9339,4.00,0.80
2007.11.02 18:23:45.528,0.93375,0.934,1.60,3.40
2007.11.02 18:23:45.705,0.93375,0.9339,1.60,0.80
2007.11.02 18:23:46.587,0.93375,0.9339,1.60,0.80
2007.11.02 18:23:50.902,0.93375,0.9339,1.60,0.80
2007.11.02 18:23:51.728,0.93375,0.934,1.60,3.40
2007.11.02 18:23:55.906,0.93375,0.934,1.60,3.40
2007.11.02 18:23:59.369,0.93375,0.934,1.60,3.40
2007.11.02 18:23:59.764,0.93375,0.934,1.60,3.40
2007.11.02 18:23:59.976,0.93375,0.934,1.60,3.40
2007.11.02 18:24:00.405,0.93375,0.9339,1.60,0.80
2007.11.02 18:24:00.904,0.93375,0.934,1.60,3.40
2007.11.02 18:24:01.643,0.93375,0.934,1.60,3.40
2007.11.02 18:24:01.977,0.93375,0.934,1.60,3.40
2007.11.02 18:24:02.478,0.93375,0.934,1.60,3.40
2007.11.02 18:24:03.215,0.93375,0.934,1.60,3.40
2007.11.02 18:24:04.457,0.93375,0.934,1.60,3.40
2007.11.02 18:24:05.089,0.93375,0.934,1.60,3.40
2007.11.02 18:24:05.312,0.93375,0.9339,1.60,0.80
2007.11.02 18:24:05.909,0.93375,0.9339,1.60,0.80
2007.11.02 18:24:07.951,0.93375,0.9339,1.70,0.80
2007.11.02 18:24:08.125,0.93375,0.934,1.90,3.40
2007.11.02 18:24:08.298,0.93375,0.934,1.60,3.40
2007.11.02 18:24:08.472,0.93375,0.934,1.60,3.40
2007.11.02 18:24:09.074,0.93375,0.9339,1.60,0.80
2007.11.02 18:24:09.934,0.93375,0.93395,1.60,3.20
2007.11.02 18:24:10.123,0.93375,0.9339,0.80,0.50
2007.11.02 18:24:10.311,0.9337,0.9339,4.80,0.50
2007.11.02 18:24:10.500,0.9337,0.9339,4.80,0.80
2007.11.02 18:24:10.687,0.9337,0.93395,4.80,6.60
2007.11.02 18:24:11.136,0.9337,0.9339,4.80,0.90
2007.11.02 18:24:11.444,0.9337,0.9339,4.80,0.80
2007.11.02 18:24:11.742,0.9337,0.93395,4.80,8.60
2007.11.02 18:24:12.277,0.9337,0.93395,4.80,8.60
2007.11.02 18:24:13.533,0.9337,0.9339,4.80,0.90
2007.11.02 18:24:13.726,0.9337,0.93395,4.80,6.60
2007.11.02 18:24:13.920,0.9337,0.9339,4.80,0.70
2007.11.02 18:24:14.867,0.9337,0.934,4.80,10.60
2007.11.02 18:24:15.041,0.93375,0.9339,0.20,0.50
2007.11.02 18:24:15.215,0.93375,0.9339,1.90,0.80
2007.11.02 18:24:15.418,0.93375,0.934,1.90,3.40
2007.11.02 18:24:15.591,0.93375,0.934,1.90,3.40
2007.11.02 18:24:15.901,0.93375,0.934,1.90,3.40
2007.11.02 18:24:16.240,0.93375,0.934,1.90,3.40
2007.11.02 18:24:17.745,0.93375,0.9339,2.00,0.80
2007.11.02 18:24:18.079,0.93375,0.93395,1.70,3.20
2007.11.02 18:24:18.247,0.93375,0.93395,0.80,3.20
2007.11.02 18:24:18.415,0.9337,0.93395,4.80,3.20
2007.11.02 18:24:18.588,0.9337,0.93395,4.80,7.80
2007.11.02 18:24:18.750,0.9337,0.93395,4.80,8.60
2007.11.02 18:24:18.919,0.9337,0.93395,4.80,8.60
2007.11.02 18:24:19.087,0.9337,0.9339,4.80,0.60
2007.11.02 18:24:19.420,0.9337,0.9339,4.80,4.20
2007.11.02 18:24:20.518,0.9337,0.9339,4.80,4.20
2007.11.02 18:24:20.899,0.9337,0.9339,4.80,4.20
2007.11.02 18:24:25.374,0.9337,0.9339,4.80,4.20
2007.11.02 18:24:25.914,0.9337,0.9339,4.80,4.20
2007.11.02 18:24:26.181,0.9337,0.9339,4.80,4.20
2007.11.02 18:24:30.049,0.9337,0.9339,4.80,4.20
2007.11.02 18:24:30.214,0.9337,0.9339,4.80,4.20
2007.11.02 18:24:30.905,0.9337,0.9339,4.80,4.20
2007.11.02 18:24:33.172,0.9337,0.9339,4.80,0.60
2007.11.02 18:24:35.909,0.9337,0.9339,4.80,4.20
2007.11.02 18:24:36.211,0.9337,0.9339,4.80,4.20
2007.11.02 18:24:36.515,0.9337,0.9339,4.80,5.20
2007.11.02 18:24:37.301,0.9337,0.9339,4.80,5.20
2007.11.02 18:24:38.126,0.9337,0.9339,4.80,5.20
2007.11.02 18:24:38.341,0.9337,0.9339,4.80,3.60
2007.11.02 18:24:39.336,0.9337,0.9339,4.80,3.60
2007.11.02 18:24:39.640,0.9337,0.9339,4.80,3.60
2007.11.02 18:24:39.944,0.9337,0.9339,4.80,3.60
2007.11.02 18:24:40.245,0.9337,0.9339,4.80,3.60
2007.11.02 18:24:40.434,0.9337,0.9339,4.80,3.60
2007.11.02 18:24:40.622,0.9337,0.9339,4.80,3.60
2007.11.02 18:24:40.908,0.9337,0.9339,4.80,3.60
2007.11.02 18:24:41.980,0.93375,0.9339,0.30,3.60
2007.11.02 18:24:42.314,0.93375,0.9339,0.30,3.60
2007.11.02 18:24:43.131,0.93375,0.9339,0.30,3.60
2007.11.02 18:24:45.789,0.93375,0.9339,0.30,3.60
2007.11.02 18:24:46.109,0.93375,0.9339,0.30,3.60
2007.11.02 18:24:50.908,0.93375,0.9339,0.30,3.60
2007.11.02 18:24:55.324,0.93375,0.9339,0.30,3.60
2007.11.02 18:24:55.910,0.93375,0.9339,0.30,3.60
2007.11.02 18:24:56.618,0.93375,0.9339,0.40,3.60
2007.11.02 18:24:56.968,0.93375,0.9339,0.40,3.60
2007.11.02 18:24:57.299,0.93375,0.9339,0.40,3.60
2007.11.02 18:24:57.633,0.93375,0.9339,0.40,3.60
2007.11.02 18:24:58.075,0.93375,0.9339,0.40,3.60
2007.11.02 18:24:58.807,0.93375,0.9339,0.40,3.60
2007.11.02 18:24:59.126,0.93375,0.9339,0.40,3.60
2007.11.02 18:24:59.836,0.93375,0.9339,0.40,3.60
2007.11.02 18:25:00.215,0.93375,0.9339,0.40,3.60
2007.11.02 18:25:00.900,0.93375,0.9339,0.40,3.60
2007.11.02 18:25:05.918,0.93375,0.9339,0.40,3.60
2007.11.02 18:25:07.456,0.93375,0.9339,0.60,3.60
2007.11.02 18:25:10.916,0.93375,0.9339,0.60,3.60
2007.11.02 18:25:11.143,0.93375,0.9339,0.60,3.60
2007.11.02 18:25:11.371,0.93375,0.9339,0.60,3.60
2007.11.02 18:25:15.562,0.93375,0.9339,0.60,6.00
2007.11.02 18:25:15.904,0.93375,0.9339,0.60,6.00
2007.11.02 18:25:18.198,0.93375,0.9339,0.60,6.00
2007.11.02 18:25:20.819,0.93375,0.9339,0.50,6.00
2007.11.02 18:25:25.916,0.93375,0.9339,0.50,6.00
2007.11.02 18:25:30.935,0.93375,0.9339,0.50,6.00
2007.11.02 18:25:33.613,0.93375,0.9339,0.60,6.00
2007.11.02 18:25:35.926,0.93375,0.9339,0.60,6.00
2007.11.02 18:25:36.635,0.93375,0.9339,0.60,6.00
2007.11.02 18:25:39.540,0.93375,0.9339,0.60,0.60
2007.11.02 18:25:40.523,0.93375,0.93385,0.60,0.90
2007.11.02 18:25:40.845,0.93375,0.93385,0.60,0.80
2007.11.02 18:25:41.113,0.93375,0.9339,0.60,8.40
2007.11.02 18:25:41.957,0.93375,0.9339,0.60,8.40
2007.11.02 18:25:43.406,0.9337,0.93385,5.60,0.90
2007.11.02 18:25:43.594,0.9337,0.9339,5.60,8.40
2007.11.02 18:25:43.878,0.9337,0.9339,4.00,8.40
2007.11.02 18:25:44.160,0.93365,0.93385,1.90,0.60
2007.11.02 18:25:44.444,0.93365,0.93385,0.20,0.60
2007.11.02 18:25:44.727,0.9336,0.93385,7.20,0.70
2007.11.02 18:25:44.970,0.9336,0.9339,7.20,13.00
2007.11.02 18:25:45.215,0.9336,0.9339,7.20,13.00
2007.11.02 18:25:45.458,0.9336,0.93385,7.20,0.70
2007.11.02 18:25:45.911,0.9336,0.9339,7.20,13.00
2007.11.02 18:25:46.532,0.9336,0.93385,7.20,0.80
2007.11.02 18:25:46.795,0.9336,0.93385,7.20,0.50
2007.11.02 18:25:48.491,0.9336,0.9339,7.20,13.00
2007.11.02 18:25:50.904,0.9336,0.9339,7.20,13.00
2007.11.02 18:25:51.187,0.9336,0.93385,7.20,0.50
2007.11.02 18:25:52.010,0.9336,0.9339,7.20,13.00
2007.11.02 18:25:55.905,0.9336,0.93385,7.20,0.90
2007.11.02 18:25:57.588,0.9336,0.93385,7.20,0.80
2007.11.02 18:25:57.921,0.9336,0.9339,8.00,13.00
2007.11.02 18:26:00.916,0.9336,0.93385,8.00,0.50
2007.11.02 18:26:05.910,0.9336,0.93385,8.00,0.50
2007.11.02 18:26:06.588,0.9336,0.9339,8.00,13.00
2007.11.02 18:26:06.920,0.9336,0.9339,7.20,13.00
2007.11.02 18:26:10.295,0.9336,0.93385,7.20,5.80
2007.11.02 18:26:10.503,0.9336,0.93385,7.20,5.80
2007.11.02 18:26:10.909,0.9336,0.93385,7.20,5.80
2007.11.02 18:26:15.913,0.9336,0.93385,2.40,5.80
2007.11.02 18:26:18.138,0.9336,0.93385,6.40,5.80
2007.11.02 18:26:19.067,0.9336,0.93385,7.20,5.80
2007.11.02 18:26:20.186,0.9336,0.93385,7.20,3.40
2007.11.02 18:26:20.389,0.9337,0.93385,4.00,0.80
2007.11.02 18:26:20.593,0.9337,0.93385,4.00,0.80
2007.11.02 18:26:20.796,0.9337,0.93385,4.00,0.80
2007.11.02 18:26:20.999,0.9337,0.93385,4.00,0.80
2007.11.02 18:26:21.317,0.9337,0.93385,4.00,0.80
2007.11.02 18:26:21.635,0.9337,0.93385,4.00,0.80
2007.11.02 18:26:25.911,0.9337,0.93385,4.00,0.80
2007.11.02 18:26:27.847,0.9337,0.93385,4.00,0.80
2007.11.02 18:26:28.179,0.9337,0.93385,4.00,0.80
2007.11.02 18:26:29.023,0.9337,0.93385,4.00,0.80
2007.11.02 18:26:30.907,0.9337,0.93385,4.00,0.80
2007.11.02 18:26:34.378,0.9337,0.9339,4.00,6.60
2007.11.02 18:26:34.662,0.9337,0.9339,4.00,6.60
2007.11.02 18:26:35.911,0.9337,0.9339,4.00,6.60
2007.11.02 18:26:37.404,0.9337,0.93385,4.00,0.80
2007.11.02 18:26:37.663,0.9337,0.9339,4.00,6.60
2007.11.02 18:26:40.907,0.9337,0.9339,4.00,6.60
2007.11.02 18:26:45.850,0.9337,0.93385,4.00,0.80
2007.11.02 18:26:46.166,0.9337,0.9339,5.60,6.60
2007.11.02 18:26:46.399,0.9337,0.9339,5.60,6.60
2007.11.02 18:26:47.408,0.9337,0.93385,5.60,0.80
2007.11.02 18:26:49.601,0.9337,0.9339,5.60,6.60
2007.11.02 18:26:50.910,0.9337,0.93385,1.60,0.80
2007.11.02 18:26:55.910,0.9337,0.9339,1.60,4.20
2007.11.02 18:26:58.673,0.9337,0.93385,1.60,0.80
2007.11.02 18:26:58.879,0.9337,0.93385,1.60,0.80
2007.11.02 18:27:00.933,0.9337,0.93385,1.60,0.80
2007.11.02 18:27:04.698,0.9337,0.93385,1.60,0.80
2007.11.02 18:27:05.914,0.9337,0.93385,1.60,0.80
2007.11.02 18:27:06.176,0.9338,0.93385,4.00,0.80
2007.11.02 18:27:06.385,0.9338,0.93385,4.80,0.80
2007.11.02 18:27:06.592,0.9338,0.93385,4.80,0.80
2007.11.02 18:27:06.800,0.9338,0.9339,5.60,0.80
2007.11.02 18:27:07.008,0.9338,0.9339,5.60,0.80
2007.11.02 18:27:07.342,0.9338,0.9339,5.60,0.80
2007.11.02 18:27:07.676,0.93375,0.9339,1.60,0.80
2007.11.02 18:27:08.370,0.93375,0.9339,1.60,0.80
2007.11.02 18:27:08.680,0.93375,0.9339,1.60,0.80
2007.11.02 18:27:09.089,0.93375,0.9339,1.60,0.80
2007.11.02 18:27:09.377,0.93375,0.9339,1.60,0.80
2007.11.02 18:27:10.912,0.93375,0.9339,1.60,0.80
2007.11.02 18:27:12.241,0.9338,0.9339,4.00,0.80
2007.11.02 18:27:12.415,0.9338,0.9339,4.80,0.80
2007.11.02 18:27:12.588,0.9338,0.9339,4.80,0.80
2007.11.02 18:27:12.762,0.9338,0.9339,5.60,0.80
2007.11.02 18:27:12.935,0.9338,0.9339,5.60,0.80
2007.11.02 18:27:13.152,0.9338,0.9339,5.60,0.80
2007.11.02 18:27:13.475,0.9338,0.9339,5.60,0.80
2007.11.02 18:27:15.904,0.9338,0.9339,5.60,0.80
2007.11.02 18:27:17.989,0.9338,0.9339,5.60,0.80
2007.11.02 18:27:19.184,0.9338,0.9339,5.60,0.80
2007.11.02 18:27:20.909,0.9338,0.9339,5.60,0.80
2007.11.02 18:27:24.370,0.93375,0.9339,8.00,0.80
2007.11.02 18:27:25.906,0.9338,0.9339,1.60,0.80
2007.11.02 18:27:27.879,0.93375,0.9339,7.20,0.80
2007.11.02 18:27:28.095,0.9338,0.9339,0.70,0.80
2007.11.02 18:27:30.726,0.93375,0.9339,8.00,0.50
2007.11.02 18:27:35.908,0.9338,0.9339,3.10,0.50
2007.11.02 18:27:38.956,0.93375,0.9339,8.00,0.50
2007.11.02 18:27:39.194,0.93375,0.9339,8.00,0.50
2007.11.02 18:27:40.903,0.93375,0.9339,8.00,0.50
2007.11.02 18:27:45.919,0.93375,0.9339,8.00,0.50
2007.11.02 18:27:50.909,0.93375,0.9339,8.00,0.50
2007.11.02 18:27:53.192,0.9338,0.9339,5.60,0.50
2007.11.02 18:27:53.395,0.9338,0.9339,5.60,0.50
2007.11.02 18:27:53.598,0.9338,0.9339,5.60,0.50
2007.11.02 18:27:53.886,0.9338,0.9339,5.60,0.50
2007.11.02 18:27:54.174,0.9338,0.9339,5.60,0.50
2007.11.02 18:27:54.463,0.9338,0.9339,5.60,0.50
2007.11.02 18:27:54.768,0.9338,0.9339,5.60,0.50
2007.11.02 18:27:55.036,0.9338,0.9339,5.60,0.50
2007.11.02 18:27:55.303,0.9338,0.9339,5.60,0.50
2007.11.02 18:27:55.572,0.9338,0.9339,5.60,0.50
2007.11.02 18:27:55.840,0.9338,0.9339,5.60,0.50
2007.11.02 18:27:57.204,0.9338,0.9339,5.60,0.50
2007.11.02 18:27:57.523,0.93375,0.9338,1.60,0.80
2007.11.02 18:27:57.841,0.9338,0.9339,5.60,0.50
2007.11.02 18:27:58.055,0.9338,0.93395,5.60,0.30
2007.11.02 18:27:58.267,0.9338,0.93395,4.80,0.30
2007.11.02 18:27:58.481,0.9338,0.93395,4.80,0.80
2007.11.02 18:27:58.566,0.93375,0.93395,5.60,0.80
2007.11.02 18:27:58.693,0.9338,0.934,2.30,5.60
2007.11.02 18:27:58.907,0.93365,0.934,23.20,4.80
2007.11.02 18:27:59.194,0.9338,0.934,2.40,4.00
2007.11.02 18:27:59.482,0.93365,0.934,23.20,3.20
2007.11.02 18:27:59.770,0.93365,0.934,27.20,3.20
2007.11.02 18:28:00.058,0.93365,0.934,27.20,4.00
2007.11.02 18:28:00.908,0.93365,0.934,27.20,4.00
2007.11.02 18:28:01.502,0.9338,0.934,1.60,4.00
2007.11.02 18:28:02.032,0.9338,0.934,0.80,4.00
2007.11.02 18:28:02.723,0.9338,0.934,0.60,4.00
2007.11.02 18:28:02.961,0.93375,0.934,7.20,4.00
2007.11.02 18:28:03.199,0.93375,0.934,6.40,2.40
2007.11.02 18:28:03.572,0.93375,0.934,8.00,2.40
2007.11.02 18:28:04.824,0.9338,0.934,4.00,2.40
2007.11.02 18:28:05.911,0.93375,0.934,8.00,2.40
2007.11.02 18:28:07.160,0.9338,0.934,7.90,2.40
2007.11.02 18:28:07.493,0.9338,0.934,7.20,2.40
2007.11.02 18:28:07.712,0.93385,0.934,4.80,1.60
2007.11.02 18:28:07.931,0.93385,0.934,5.60,1.60
2007.11.02 18:28:08.150,0.9339,0.93405,0.50,3.20
2007.11.02 18:28:08.367,0.93385,0.93405,1.20,3.20
2007.11.02 18:28:08.680,0.93375,0.93405,14.80,5.80
2007.11.02 18:28:08.993,0.93375,0.93405,14.80,6.10
2007.11.02 18:28:09.306,0.93375,0.93405,14.80,6.30
2007.11.02 18:28:09.509,0.93375,0.93405,14.80,6.30
2007.11.02 18:28:09.711,0.9338,0.93405,3.60,6.30
2007.11.02 18:28:10.012,0.9338,0.93405,1.10,6.30
2007.11.02 18:28:10.214,0.93375,0.93405,14.80,6.20
2007.11.02 18:28:10.473,0.9338,0.93405,3.10,7.80
2007.11.02 18:28:10.786,0.9338,0.93405,3.20,5.50
2007.11.02 18:28:11.100,0.9338,0.93405,7.20,0.60
2007.11.02 18:28:11.413,0.9338,0.9341,7.20,3.40
2007.11.02 18:28:11.745,0.9338,0.9341,7.20,3.40
2007.11.02 18:28:12.079,0.93385,0.9341,1.00,3.40
2007.11.02 18:28:12.412,0.9338,0.9341,7.20,3.40
2007.11.02 18:28:12.963,0.9338,0.9341,7.20,3.40
2007.11.02 18:28:13.142,0.93385,0.9341,1.00,3.40
2007.11.02 18:28:13.380,0.9338,0.9341,5.60,3.40
2007.11.02 18:28:13.677,0.9338,0.9341,7.20,3.40
2007.11.02 18:28:14.907,0.9338,0.9341,7.20,3.40
2007.11.02 18:28:15.908,0.9338,0.9341,7.20,3.40
2007.11.02 18:28:16.251,0.9338,0.9341,7.20,7.40
2007.11.02 18:28:16.610,0.9338,0.93405,7.20,0.80
2007.11.02 18:28:16.926,0.93375,0.93405,14.30,5.00
2007.11.02 18:28:17.239,0.9338,0.93405,2.40,5.00
2007.11.02 18:28:17.554,0.93375,0.93405,14.30,7.40
2007.11.02 18:28:17.868,0.93375,0.93405,12.30,8.60
2007.11.02 18:28:18.112,0.9338,0.93405,3.30,8.80
2007.11.02 18:28:18.362,0.93375,0.93405,12.30,8.80
2007.11.02 18:28:18.606,0.93375,0.93405,12.30,9.60
2007.11.02 18:28:18.850,0.93375,0.93405,12.30,9.20
2007.11.02 18:28:19.107,0.9338,0.93405,4.00,9.20
2007.11.02 18:28:19.361,0.9338,0.93405,2.60,8.50
2007.11.02 18:28:19.614,0.93375,0.93405,12.30,8.50
2007.11.02 18:28:19.867,0.93375,0.93405,12.30,8.50
2007.11.02 18:28:20.146,0.93375,0.93405,12.30,8.50
2007.11.02 18:28:20.425,0.93375,0.93405,12.30,9.30
2007.11.02 18:28:20.703,0.93375,0.93405,12.30,9.20
2007.11.02 18:28:20.913,0.93375,0.93405,12.30,9.20
2007.11.02 18:28:21.121,0.9338,0.93405,2.00,8.50
2007.11.02 18:28:21.334,0.93375,0.93405,12.30,8.40
2007.11.02 18:28:21.542,0.93375,0.93405,12.30,8.40
2007.11.02 18:28:21.751,0.9338,0.93405,2.20,8.50
2007.11.02 18:28:22.084,0.93375,0.93405,12.30,8.40
2007.11.02 18:28:22.766,0.9338,0.93405,2.70,8.50
2007.11.02 18:28:22.943,0.93375,0.93405,12.30,9.20
2007.11.02 18:28:23.122,0.93375,0.93405,12.30,9.30
2007.11.02 18:28:23.300,0.93375,0.93405,12.30,9.20
2007.11.02 18:28:23.477,0.9338,0.93405,2.00,8.40
2007.11.02 18:28:23.655,0.93375,0.93405,12.30,8.50
2007.11.02 18:28:23.833,0.9338,0.93405,3.30,8.40
2007.11.02 18:28:24.414,0.9338,0.93405,2.90,8.50
2007.11.02 18:28:24.747,0.9338,0.93405,0.70,8.40
2007.11.02 18:28:25.080,0.93375,0.93405,12.30,8.40
2007.11.02 18:28:25.268,0.93375,0.93405,12.30,8.50
2007.11.02 18:28:25.455,0.9338,0.93405,0.90,8.40
2007.11.02 18:28:25.725,0.93375,0.93405,12.30,8.40
2007.11.02 18:28:25.921,0.93375,0.93405,12.30,8.40
2007.11.02 18:28:26.225,0.9338,0.93405,2.20,8.40
2007.11.02 18:28:26.532,0.93375,0.93405,12.30,9.20
2007.11.02 18:28:26.836,0.9338,0.93405,7.20,9.20
2007.11.02 18:28:27.139,0.9338,0.93405,7.20,8.40
2007.11.02 18:28:27.472,0.9338,0.93405,7.20,8.40
2007.11.02 18:28:27.805,0.9338,0.93405,7.20,9.20
2007.11.02 18:28:28.139,0.9338,0.93405,7.20,9.20
2007.11.02 18:28:28.472,0.9338,0.93405,7.20,8.40
2007.11.02 18:28:28.887,0.9338,0.93405,7.20,8.40
2007.11.02 18:28:29.396,0.9338,0.93405,7.20,8.40
2007.11.02 18:28:30.448,0.9338,0.93405,7.20,8.40
2007.11.02 18:28:30.901,0.9338,0.93405,7.20,8.40
2007.11.02 18:28:33.010,0.9338,0.93405,7.20,8.40
2007.11.02 18:28:35.910,0.9338,0.93405,7.20,8.40
2007.11.02 18:28:40.908,0.9338,0.93405,7.20,8.40
2007.11.02 18:28:44.557,0.9338,0.93405,7.20,9.20
2007.11.02 18:28:45.905,0.9338,0.93405,7.20,9.20
2007.11.02 18:28:46.793,0.93375,0.93405,12.40,9.20
2007.11.02 18:28:48.316,0.9338,0.93405,1.20,8.60
2007.11.02 18:28:49.360,0.9338,0.93405,2.90,8.60
2007.11.02 18:28:49.693,0.9338,0.9341,7.20,3.40
2007.11.02 18:28:50.025,0.9338,0.9341,7.20,4.20
2007.11.02 18:28:50.358,0.9338,0.9341,7.20,3.40
2007.11.02 18:28:50.592,0.9338,0.9341,7.20,3.40
2007.11.02 18:28:50.824,0.93385,0.9341,0.50,3.40
2007.11.02 18:28:51.059,0.93385,0.9341,0.90,3.40
2007.11.02 18:28:51.291,0.9338,0.9341,7.20,3.40
2007.11.02 18:28:51.624,0.93385,0.93405,1.10,0.80
2007.11.02 18:28:51.957,0.9338,0.93405,0.60,5.80
2007.11.02 18:28:52.291,0.9338,0.93405,3.30,8.60
2007.11.02 18:28:52.473,0.93375,0.93405,12.20,8.60
2007.11.02 18:28:52.657,0.93375,0.93405,12.20,9.40
2007.11.02 18:28:53.001,0.93375,0.93405,12.20,8.60
2007.11.02 18:28:53.213,0.93375,0.93405,12.20,8.60
2007.11.02 18:28:53.516,0.93375,0.93405,12.20,8.60
2007.11.02 18:28:53.819,0.93375,0.93405,12.20,9.20
2007.11.02 18:28:54.122,0.9338,0.93405,0.90,8.40
2007.11.02 18:28:54.425,0.93375,0.93405,12.20,9.20
2007.11.02 18:28:54.638,0.9338,0.93405,3.20,9.20
2007.11.02 18:28:54.851,0.9338,0.93405,2.00,8.40
2007.11.02 18:28:55.075,0.9338,0.93405,1.20,9.20
2007.11.02 18:28:55.489,0.9338,0.93405,3.40,8.40
2007.11.02 18:28:55.912,0.93375,0.93405,18.60,8.40
2007.11.02 18:28:56.189,0.93375,0.93405,18.60,8.40
2007.11.02 18:28:56.467,0.93375,0.93405,18.60,8.40
2007.11.02 18:28:56.815,0.93375,0.93405,18.60,8.40
2007.11.02 18:28:58.573,0.93375,0.93405,18.60,9.20
2007.11.02 18:28:58.907,0.9338,0.93405,0.50,8.40
2007.11.02 18:28:59.240,0.93375,0.93405,18.60,9.20
2007.11.02 18:28:59.751,0.9338,0.93405,3.20,8.40
2007.11.02 18:29:00.072,0.93375,0.93405,18.60,9.20
2007.11.02 18:29:00.386,0.9338,0.93405,1.70,9.70
2007.11.02 18:29:00.574,0.93375,0.93405,18.60,8.40
2007.11.02 18:29:00.762,0.93375,0.93405,18.60,9.20
2007.11.02 18:29:01.323,0.9338,0.93405,2.00,8.40
2007.11.02 18:29:01.656,0.9338,0.93395,1.30,1.70
2007.11.02 18:29:01.989,0.93375,0.9339,9.60,1.60
2007.11.02 18:29:02.283,0.93375,0.9339,8.80,1.60
2007.11.02 18:29:02.576,0.93375,0.9339,8.80,1.60
2007.11.02 18:29:02.874,0.93375,0.9339,8.80,1.60
2007.11.02 18:29:03.385,0.9338,0.9339,1.80,1.60
2007.11.02 18:29:03.612,0.9338,0.9339,1.60,1.60
2007.11.02 18:29:05.912,0.93375,0.9339,8.80,1.60
2007.11.02 18:29:09.290,0.93375,0.9339,8.80,1.60
2007.11.02 18:29:10.906,0.93375,0.9339,8.80,1.60
2007.11.02 18:29:15.909,0.9338,0.9339,5.60,1.60
2007.11.02 18:29:18.974,0.9338,0.93395,5.60,7.70
2007.11.02 18:29:20.914,0.9338,0.93395,5.60,7.70
2007.11.02 18:29:25.920,0.9338,0.93395,5.60,7.70
2007.11.02 18:29:30.916,0.9338,0.9339,5.60,0.80
2007.11.02 18:29:35.912,0.9338,0.93395,1.60,5.60
2007.11.02 18:29:37.030,0.9338,0.93395,1.60,7.70
2007.11.02 18:29:37.363,0.9338,0.9339,5.60,0.60
2007.11.02 18:29:37.696,0.9338,0.9339,5.60,0.90
2007.11.02 18:29:39.333,0.9338,0.9339,5.60,0.60
2007.11.02 18:29:39.612,0.9338,0.9339,5.60,0.70
2007.11.02 18:29:40.905,0.9338,0.93395,5.60,10.10
2007.11.02 18:29:45.906,0.9338,0.9339,5.60,0.70
2007.11.02 18:29:46.278,0.9338,0.9339,5.60,0.50
2007.11.02 18:29:46.612,0.9338,0.9339,5.60,0.60
2007.11.02 18:29:47.169,0.9338,0.9339,5.60,0.80
2007.11.02 18:29:47.502,0.9338,0.9339,5.60,4.00
2007.11.02 18:29:48.217,0.9338,0.9339,5.60,4.00
2007.11.02 18:29:48.495,0.9338,0.9339,5.60,4.00
2007.11.02 18:29:50.914,0.9338,0.9339,5.60,4.00
2007.11.02 18:29:53.033,0.93375,0.9339,8.00,4.00
2007.11.02 18:29:55.911,0.93375,0.9339,8.00,4.00
2007.11.02 18:29:57.724,0.93375,0.9339,8.00,4.00
2007.11.02 18:29:59.778,0.93375,0.9339,8.00,4.00
2007.11.02 18:30:00.081,0.93375,0.9339,10.40,0.80
2007.11.02 18:30:00.325,0.93375,0.9339,10.40,0.80
2007.11.02 18:30:00.567,0.93375,0.9339,10.40,0.80
2007.11.02 18:30:00.931,0.93375,0.93395,10.40,6.20
2007.11.02 18:30:01.170,0.93375,0.93395,10.40,6.00
2007.11.02 18:30:01.408,0.93375,0.93395,9.60,5.20
2007.11.02 18:30:01.646,0.93375,0.93395,9.60,1.20
2007.11.02 18:30:01.884,0.93375,0.93395,9.60,1.20
2007.11.02 18:30:02.269,0.93375,0.93395,9.60,1.20
2007.11.02 18:30:02.602,0.9338,0.93395,1.10,1.20
2007.11.02 18:30:04.361,0.93375,0.93395,9.60,1.20
2007.11.02 18:30:04.619,0.93375,0.93395,9.60,1.20
2007.11.02 18:30:05.916,0.93375,0.93395,9.60,1.20
2007.11.02 18:30:06.134,0.9338,0.93395,1.80,1.20
2007.11.02 18:30:06.467,0.9338,0.9339,1.20,1.60
2007.11.02 18:30:06.800,0.9338,0.9339,2.70,1.60
2007.11.02 18:30:07.133,0.93375,0.9339,7.20,1.60
2007.11.02 18:30:07.355,0.9338,0.9339,0.50,1.60
2007.11.02 18:30:07.559,0.9338,0.9339,1.90,1.60
2007.11.02 18:30:10.908,0.93375,0.9339,7.20,1.60
2007.11.02 18:30:15.917,0.9338,0.9339,0.60,1.60
2007.11.02 18:30:19.412,0.9338,0.9339,2.70,1.60
2007.11.02 18:30:19.630,0.9338,0.9339,2.70,1.60
2007.11.02 18:30:20.908,0.9338,0.9339,2.20,1.60
2007.11.02 18:30:23.962,0.93375,0.9339,7.20,1.60
2007.11.02 18:30:25.914,0.93375,0.9339,7.20,1.60
2007.11.02 18:30:30.153,0.9338,0.9339,3.10,1.60
2007.11.02 18:30:30.351,0.93375,0.9339,7.20,0.80
2007.11.02 18:30:30.550,0.93375,0.93395,7.20,4.60
2007.11.02 18:30:30.748,0.9338,0.93395,0.90,4.50
2007.11.02 18:30:31.057,0.93375,0.93395,7.20,4.50
2007.11.02 18:30:31.793,0.93375,0.93395,7.20,4.50
2007.11.02 18:30:32.126,0.9338,0.93395,2.30,4.50
2007.11.02 18:30:34.304,0.93375,0.93395,7.20,4.40
2007.11.02 18:30:35.644,0.9338,0.93395,2.70,4.40
2007.11.02 18:30:35.912,0.9338,0.93395,1.30,4.40
2007.11.02 18:30:40.290,0.93365,0.93395,14.50,3.70
2007.11.02 18:30:40.604,0.93365,0.93395,14.50,3.70
2007.11.02 18:30:40.917,0.9338,0.93395,1.20,3.70
2007.11.02 18:30:45.907,0.9338,0.93395,1.60,3.70
2007.11.02 18:30:49.363,0.9338,0.93395,1.60,3.60
2007.11.02 18:30:49.696,0.9338,0.93395,1.60,3.60
2007.11.02 18:30:50.910,0.9338,0.93395,1.60,3.60
2007.11.02 18:30:55.911,0.9338,0.93395,1.60,3.60
2007.11.02 18:30:57.359,0.9338,0.93395,1.60,3.60
2007.11.02 18:30:59.453,0.9338,0.93395,1.60,0.50
2007.11.02 18:30:59.608,0.9338,0.934,1.60,6.90
2007.11.02 18:31:00.093,0.9338,0.93395,1.60,0.50
2007.11.02 18:31:00.354,0.9338,0.934,1.60,6.70
2007.11.02 18:31:00.904,0.9338,0.934,1.60,6.70
2007.11.02 18:31:03.418,0.9338,0.934,1.60,7.00
2007.11.02 18:31:03.621,0.9338,0.934,1.60,7.00
2007.11.02 18:31:04.372,0.9338,0.934,1.60,6.90
2007.11.02 18:31:04.616,0.9338,0.934,1.60,6.90
2007.11.02 18:31:05.912,0.9338,0.934,1.60,6.90
2007.11.02 18:31:06.133,0.9338,0.934,1.60,7.00
2007.11.02 18:31:06.465,0.9338,0.934,5.60,9.40
2007.11.02 18:31:06.798,0.9338,0.93395,5.60,0.80
2007.11.02 18:31:07.131,0.9338,0.934,5.60,10.00
2007.11.02 18:31:09.637,0.9338,0.93395,5.60,0.50
2007.11.02 18:31:09.943,0.9338,0.93395,5.60,0.50
2007.11.02 18:31:10.912,0.9338,0.93395,5.60,0.80
2007.11.02 18:31:12.017,0.9338,0.934,5.60,9.80
2007.11.02 18:31:12.350,0.9338,0.934,5.60,9.00
2007.11.02 18:31:13.241,0.9338,0.93395,5.60,0.50
2007.11.02 18:31:14.158,0.9338,0.934,5.60,9.00
2007.11.02 18:31:14.464,0.9338,0.93395,5.60,0.70
2007.11.02 18:31:14.647,0.9338,0.93395,5.60,0.80
2007.11.02 18:31:14.830,0.9338,0.93395,5.60,0.80
2007.11.02 18:31:15.013,0.9338,0.93395,5.60,0.50
2007.11.02 18:31:15.315,0.9338,0.93395,5.60,0.50
2007.11.02 18:31:15.648,0.9338,0.93395,5.60,0.60
2007.11.02 18:31:15.984,0.9338,0.93395,5.60,0.60
2007.11.02 18:31:16.317,0.9338,0.93395,5.60,0.80
2007.11.02 18:31:20.148,0.9338,0.93395,5.60,0.70
2007.11.02 18:31:20.362,0.9339,0.93395,4.00,0.90
2007.11.02 18:31:20.576,0.9339,0.934,4.00,0.50
2007.11.02 18:31:20.850,0.9339,0.934,4.00,0.80
2007.11.02 18:31:21.493,0.9339,0.93405,4.00,9.80
2007.11.02 18:31:21.826,0.9339,0.93405,4.00,9.80
2007.11.02 18:31:22.651,0.9339,0.93405,4.00,9.80
2007.11.02 18:31:22.963,0.9339,0.93405,4.00,9.80
2007.11.02 18:31:25.905,0.9339,0.934,4.00,0.90
2007.11.02 18:31:26.644,0.9339,0.934,4.00,1.60
2007.11.02 18:31:26.978,0.9339,0.93405,4.00,7.20
2007.11.02 18:31:27.310,0.9339,0.93405,4.00,5.20
2007.11.02 18:31:27.944,0.9339,0.93405,4.00,5.20
2007.11.02 18:31:28.157,0.9339,0.93405,4.00,5.00
2007.11.02 18:31:28.372,0.9339,0.93405,4.00,5.00
2007.11.02 18:31:30.908,0.9339,0.93405,4.00,5.00
2007.11.02 18:31:31.620,0.9339,0.93405,4.00,5.00
2007.11.02 18:31:31.952,0.9339,0.93405,4.00,5.00
2007.11.02 18:31:35.917,0.9339,0.93405,4.00,5.00
2007.11.02 18:31:36.208,0.9339,0.93405,4.00,5.00
2007.11.02 18:31:36.690,0.9339,0.93405,4.00,5.00
2007.11.02 18:31:37.023,0.9339,0.93405,4.00,5.00
2007.11.02 18:31:37.356,0.9339,0.93405,4.00,7.00
2007.11.02 18:31:37.934,0.9339,0.93405,4.00,7.00
2007.11.02 18:31:38.150,0.9339,0.93405,4.00,5.00
2007.11.02 18:31:38.353,0.9339,0.93405,4.00,5.00
2007.11.02 18:31:40.219,0.9339,0.93405,4.00,5.00
2007.11.02 18:31:40.931,0.9339,0.93405,4.00,5.00
2007.11.02 18:31:43.856,0.9339,0.93405,4.00,4.20
2007.11.02 18:31:44.059,0.9339,0.93405,4.00,2.50
2007.11.02 18:31:44.323,0.9339,0.93405,4.00,1.70
2007.11.02 18:31:44.585,0.9339,0.93405,4.00,1.70
2007.11.02 18:31:44.659,0.93385,0.93405,5.60,1.70
2007.11.02 18:31:44.995,0.93385,0.93405,5.60,1.70
2007.11.02 18:31:45.287,0.93385,0.93405,5.60,1.70
2007.11.02 18:31:45.528,0.93385,0.93405,9.60,1.70
2007.11.02 18:31:45.914,0.93385,0.93405,9.60,1.70
2007.11.02 18:31:46.147,0.93385,0.93405,9.60,2.50
2007.11.02 18:31:46.480,0.93385,0.93405,5.60,2.50
2007.11.02 18:31:47.075,0.93385,0.93405,5.60,2.50
2007.11.02 18:31:50.925,0.9339,0.93405,1.60,2.50
2007.11.02 18:31:51.183,0.9339,0.93405,1.50,2.50
2007.11.02 18:31:51.520,0.9339,0.93405,1.00,2.40
2007.11.02 18:31:51.852,0.93385,0.93405,5.60,0.80
2007.11.02 18:31:52.186,0.93385,0.9341,5.60,1.60
2007.11.02 18:31:52.471,0.93385,0.9341,9.60,1.60
2007.11.02 18:31:52.711,0.9339,0.9341,1.30,1.60
2007.11.02 18:31:52.893,0.9339,0.9341,2.10,1.60
2007.11.02 18:31:53.076,0.93385,0.9341,9.60,1.60
2007.11.02 18:31:53.312,0.93385,0.9341,9.60,1.60
2007.11.02 18:31:54.373,0.9339,0.9341,1.60,1.60
2007.11.02 18:31:54.566,0.93385,0.9341,9.80,1.60
2007.11.02 18:31:55.079,0.93385,0.9341,9.80,1.60
2007.11.02 18:31:55.889,0.93385,0.9341,10.60,1.60
2007.11.02 18:31:56.198,0.93385,0.9341,10.60,1.60
2007.11.02 18:31:56.512,0.9339,0.9341,2.10,1.60
2007.11.02 18:31:56.940,0.9339,0.9341,2.20,1.60
2007.11.02 18:31:57.257,0.93385,0.9341,10.60,1.60
2007.11.02 18:32:00.912,0.93385,0.9341,10.60,1.60
2007.11.02 18:32:02.821,0.93385,0.9341,10.50,1.60
2007.11.02 18:32:03.464,0.9339,0.9341,1.00,1.60
2007.11.02 18:32:03.824,0.93385,0.9341,10.60,1.60
2007.11.02 18:32:04.158,0.9339,0.9341,2.00,1.60
2007.11.02 18:32:04.493,0.93385,0.9341,10.60,1.60
2007.11.02 18:32:05.578,0.93385,0.9341,10.60,1.60
2007.11.02 18:32:05.925,0.93385,0.9341,10.60,1.60
2007.11.02 18:32:06.248,0.93385,0.9341,10.70,1.60
2007.11.02 18:32:06.583,0.93385,0.9341,10.70,1.60
2007.11.02 18:32:06.887,0.9339,0.9341,2.20,1.60
2007.11.02 18:32:10.160,0.9339,0.9341,2.30,1.60
2007.11.02 18:32:10.906,0.9339,0.9341,1.50,1.60
2007.11.02 18:32:12.728,0.93385,0.9341,10.70,2.40
2007.11.02 18:32:15.974,0.93385,0.9341,5.10,1.60
2007.11.02 18:32:18.638,0.93385,0.9341,6.00,1.60
2007.11.02 18:32:18.865,0.93385,0.9341,2.00,1.60
2007.11.02 18:32:19.433,0.93385,0.9341,2.00,1.60
2007.11.02 18:32:19.936,0.93385,0.9341,2.00,1.60
2007.11.02 18:32:20.903,0.93385,0.9341,2.00,1.60
2007.11.02 18:32:22.276,0.93385,0.9341,2.20,1.60
2007.11.02 18:32:22.434,0.93385,0.9341,2.20,1.60
2007.11.02 18:32:22.592,0.93385,0.9341,2.10,1.60
2007.11.02 18:32:25.108,0.93385,0.9341,2.10,1.60
2007.11.02 18:32:25.310,0.93385,0.9341,2.10,1.60
2007.11.02 18:32:25.907,0.93385,0.9341,2.10,1.60
2007.11.02 18:32:28.672,0.93385,0.9341,2.10,1.60
2007.11.02 18:32:29.095,0.93385,0.9341,2.10,1.60
2007.11.02 18:32:29.868,0.93385,0.9341,2.00,1.60
2007.11.02 18:32:30.217,0.93385,0.9341,2.00,1.60
2007.11.02 18:32:30.905,0.93385,0.9341,2.00,1.60
2007.11.02 18:32:31.650,0.93385,0.9341,2.00,1.60
2007.11.02 18:32:31.978,0.93385,0.9341,2.00,1.60
2007.11.02 18:32:34.962,0.93385,0.9341,1.80,1.60
2007.11.02 18:32:35.160,0.93385,0.9341,1.60,1.60
2007.11.02 18:32:35.907,0.93385,0.9341,1.60,1.60
2007.11.02 18:32:36.235,0.93385,0.9341,1.60,1.60
2007.11.02 18:32:36.563,0.934,0.9341,4.00,2.40
2007.11.02 18:32:36.893,0.934,0.9341,5.60,0.80
2007.11.02 18:32:37.215,0.934,0.9341,5.60,0.80
2007.11.02 18:32:37.539,0.934,0.9341,5.60,0.80
2007.11.02 18:32:37.861,0.934,0.9341,5.60,0.80
2007.11.02 18:32:38.055,0.934,0.9341,5.60,0.80
2007.11.02 18:32:40.912,0.934,0.9341,5.60,0.80
2007.11.02 18:32:41.461,0.934,0.9341,5.60,0.80
2007.11.02 18:32:41.794,0.934,0.9341,5.60,0.80
2007.11.02 18:32:42.309,0.934,0.9341,1.60,0.80
2007.11.02 18:32:42.507,0.934,0.9341,1.60,0.80
2007.11.02 18:32:42.706,0.9339,0.9341,4.00,2.40
2007.11.02 18:32:42.905,0.9339,0.9341,4.00,2.40
2007.11.02 18:32:43.395,0.93385,0.9341,7.20,2.40
2007.11.02 18:32:43.535,0.93385,0.9341,7.20,2.40
2007.11.02 18:32:43.833,0.9339,0.9341,1.80,2.40
2007.11.02 18:32:44.131,0.93385,0.9341,7.20,2.40
2007.11.02 18:32:45.917,0.93385,0.9341,7.20,2.40
2007.11.02 18:32:48.695,0.93385,0.9341,7.20,2.40
2007.11.02 18:32:48.984,0.93385,0.9341,7.20,2.40
2007.11.02 18:32:49.271,0.93385,0.9341,7.20,4.00
2007.11.02 18:32:49.505,0.93385,0.9341,7.20,4.00
2007.11.02 18:32:49.738,0.93385,0.9341,7.20,4.00
2007.11.02 18:32:50.909,0.93385,0.9341,7.20,4.00
2007.11.02 18:32:55.915,0.9339,0.9341,0.50,4.00
2007.11.02 18:32:56.812,0.93385,0.9341,7.20,4.00
2007.11.02 18:32:57.125,0.93385,0.93405,7.20,1.00
2007.11.02 18:32:57.510,0.9339,0.93405,2.40,1.00
2007.11.02 18:32:58.426,0.93385,0.93405,7.20,1.00
2007.11.02 18:33:00.913,0.9339,0.93405,1.40,1.00
2007.11.02 18:33:05.255,0.9339,0.93405,1.90,1.00
2007.11.02 18:33:05.483,0.9339,0.93405,2.10,1.00
2007.11.02 18:33:05.711,0.93385,0.93405,9.10,1.00
2007.11.02 18:33:10.910,0.93385,0.93405,9.10,1.00
2007.11.02 18:33:11.500,0.9339,0.93405,4.00,1.00
2007.11.02 18:33:11.773,0.9339,0.93405,4.00,1.00
2007.11.02 18:33:13.591,0.93385,0.93405,3.40,1.00
2007.11.02 18:33:15.916,0.93385,0.93405,3.40,1.00
2007.11.02 18:33:16.300,0.93385,0.93405,3.30,1.00
2007.11.02 18:33:16.579,0.93385,0.93405,3.30,1.00
2007.11.02 18:33:20.911,0.93385,0.93405,3.30,1.00
2007.11.02 18:33:24.595,0.93385,0.93405,3.30,1.00
2007.11.02 18:33:24.834,0.93385,0.93405,2.80,1.00
2007.11.02 18:33:25.072,0.93385,0.93405,2.00,1.00
2007.11.02 18:33:25.310,0.93385,0.93405,2.00,1.00
2007.11.02 18:33:25.914,0.93385,0.93405,2.00,1.00
2007.11.02 18:33:30.928,0.93385,0.93405,2.00,1.00
2007.11.02 18:33:34.648,0.93385,0.93405,2.00,1.00
2007.11.02 18:33:35.908,0.93385,0.93405,2.00,1.00
2007.11.02 18:33:38.744,0.93385,0.9341,2.00,5.00
2007.11.02 18:33:38.768,0.93385,0.9341,1.80,5.00
2007.11.02 18:33:39.020,0.93385,0.9341,1.80,5.00
2007.11.02 18:33:39.742,0.93385,0.9341,1.80,5.00
2007.11.02 18:33:39.965,0.93385,0.9341,1.80,2.70
2007.11.02 18:33:40.189,0.93385,0.93415,2.00,13.00
2007.11.02 18:33:40.487,0.93385,0.93415,2.00,12.90
2007.11.02 18:33:40.926,0.93385,0.9341,2.00,0.60
2007.11.02 18:33:41.552,0.93385,0.93415,2.00,12.10
2007.11.02 18:33:41.886,0.93385,0.93415,2.00,12.90
2007.11.02 18:33:42.219,0.93385,0.9341,2.00,0.70
2007.11.02 18:33:42.551,0.93385,0.93415,2.00,15.30
2007.11.02 18:33:42.755,0.9339,0.93415,4.00,16.10
2007.11.02 18:33:42.958,0.9339,0.9341,4.00,0.80
2007.11.02 18:33:45.912,0.9339,0.9341,4.00,0.90
2007.11.02 18:33:50.800,0.9339,0.93415,4.00,16.10
2007.11.02 18:33:51.730,0.9339,0.93415,4.00,16.10
2007.11.02 18:33:52.062,0.9339,0.9341,4.00,0.80
2007.11.02 18:33:52.395,0.9339,0.93415,4.00,16.10
2007.11.02 18:33:55.916,0.9339,0.93415,4.00,16.10
2007.11.02 18:33:56.115,0.9339,0.93415,4.00,16.10
2007.11.02 18:34:00.919,0.9339,0.93415,4.00,16.10
2007.11.02 18:34:01.406,0.9339,0.9341,4.00,0.60
2007.11.02 18:34:02.744,0.9339,0.93415,4.00,16.10
2007.11.02 18:34:05.304,0.9339,0.93415,4.00,16.20
2007.11.02 18:34:05.902,0.9339,0.9341,4.00,0.70
2007.11.02 18:34:10.920,0.9339,0.9341,4.00,2.40
2007.11.02 18:34:15.922,0.93385,0.9341,6.00,1.60
2007.11.02 18:34:16.331,0.93385,0.9341,5.70,1.60
2007.11.02 18:34:16.664,0.93385,0.9341,4.90,1.60
2007.11.02 18:34:16.997,0.93385,0.9341,4.80,1.60
2007.11.02 18:34:17.330,0.93385,0.9341,4.80,1.60
2007.11.02 18:34:19.076,0.93385,0.9341,2.50,1.60
2007.11.02 18:34:20.478,0.934,0.9341,4.00,2.40
2007.11.02 18:34:20.811,0.934,0.9341,4.00,1.60
2007.11.02 18:34:21.143,0.934,0.9341,5.60,0.80
2007.11.02 18:34:21.477,0.934,0.9341,5.60,0.80
2007.11.02 18:34:21.856,0.934,0.9341,5.60,0.80
2007.11.02 18:34:24.494,0.934,0.9341,5.60,0.80
2007.11.02 18:34:24.828,0.934,0.9341,5.60,0.80
2007.11.02 18:34:25.128,0.934,0.9341,5.60,0.80
2007.11.02 18:34:25.335,0.934,0.9341,5.60,0.80
2007.11.02 18:34:25.543,0.934,0.9341,5.60,0.80
2007.11.02 18:34:25.751,0.934,0.9341,5.60,0.80
2007.11.02 18:34:26.029,0.934,0.9341,5.60,0.80
2007.11.02 18:34:26.307,0.934,0.9341,5.60,0.80
2007.11.02 18:34:26.585,0.934,0.9341,5.60,0.80
2007.11.02 18:34:26.863,0.934,0.9341,5.60,0.80
2007.11.02 18:34:27.196,0.934,0.9341,5.60,0.80
2007.11.02 18:34:28.305,0.934,0.9341,5.60,0.80
2007.11.02 18:34:30.302,0.934,0.9341,5.60,0.80
2007.11.02 18:34:30.520,0.934,0.9341,5.60,0.80
2007.11.02 18:34:30.738,0.934,0.9341,5.60,0.80
2007.11.02 18:34:30.972,0.934,0.9341,5.60,0.80
2007.11.02 18:34:32.447,0.934,0.9341,5.60,0.80
2007.11.02 18:34:32.780,0.934,0.9341,5.60,0.80
2007.11.02 18:34:33.237,0.934,0.9341,5.60,0.80
2007.11.02 18:34:35.924,0.934,0.9341,5.60,0.80
2007.11.02 18:34:38.154,0.934,0.9341,5.60,0.80
2007.11.02 18:34:39.670,0.934,0.9341,5.60,0.80
2007.11.02 18:34:40.218,0.934,0.9341,5.60,0.80
2007.11.02 18:34:40.918,0.934,0.9341,5.60,0.80
2007.11.02 18:34:41.874,0.934,0.9341,5.60,0.80
2007.11.02 18:34:42.208,0.934,0.9341,5.60,0.80
2007.11.02 18:34:45.906,0.934,0.9341,5.60,0.80
2007.11.02 18:34:48.237,0.934,0.9341,5.60,0.80
2007.11.02 18:34:49.373,0.934,0.9341,5.60,0.80
2007.11.02 18:34:50.613,0.934,0.93405,5.60,0.20
2007.11.02 18:34:50.865,0.934,0.93405,1.60,0.40
2007.11.02 18:34:51.119,0.9339,0.934,4.00,1.60
2007.11.02 18:34:51.376,0.9339,0.934,4.00,1.60
2007.11.02 18:34:51.629,0.9339,0.934,4.00,1.60
2007.11.02 18:34:51.962,0.9339,0.93405,4.00,3.20
2007.11.02 18:34:55.916,0.9339,0.93405,4.00,3.20
2007.11.02 18:34:57.363,0.9339,0.93405,4.00,3.20
2007.11.02 18:35:00.523,0.93385,0.93405,5.60,3.20
2007.11.02 18:35:00.913,0.93385,0.93405,5.60,3.20
2007.11.02 18:35:03.646,0.9339,0.93405,2.10,3.20
2007.11.02 18:35:05.302,0.9339,0.93405,0.80,3.20
2007.11.02 18:35:05.912,0.93385,0.93405,5.60,3.20
2007.11.02 18:35:10.319,0.9339,0.93405,0.60,3.20
2007.11.02 18:35:10.511,0.93385,0.93405,5.60,3.20
2007.11.02 18:35:10.749,0.93385,0.93405,5.60,3.20
2007.11.02 18:35:15.912,0.93385,0.93405,5.60,3.20
2007.11.02 18:35:16.199,0.93385,0.93405,5.70,3.20
2007.11.02 18:35:20.459,0.93385,0.93405,5.80,3.20
2007.11.02 18:35:20.687,0.93385,0.93405,5.80,2.40
2007.11.02 18:35:20.916,0.93385,0.93405,5.80,2.40
2007.11.02 18:35:21.677,0.93385,0.93405,5.80,3.20
2007.11.02 18:35:21.910,0.93385,0.93405,5.80,3.20
2007.11.02 18:35:25.488,0.9339,0.93405,1.70,3.20
2007.11.02 18:35:25.911,0.93385,0.93405,5.80,3.20
2007.11.02 18:35:30.921,0.9339,0.93405,4.00,3.20
2007.11.02 18:35:32.108,0.9339,0.93405,4.00,3.20
2007.11.02 18:35:32.340,0.9339,0.93405,4.00,3.20
2007.11.02 18:35:35.923,0.9339,0.93405,4.00,3.20
2007.11.02 18:35:40.918,0.9339,0.93405,4.00,3.20
2007.11.02 18:35:41.749,0.9339,0.93405,1.20,3.20
2007.11.02 18:35:41.973,0.9339,0.93405,1.70,3.20
2007.11.02 18:35:45.915,0.9339,0.93405,4.00,3.20
2007.11.02 18:35:50.819,0.9339,0.93405,4.00,3.20
2007.11.02 18:35:51.036,0.9339,0.93405,4.00,3.20
2007.11.02 18:35:55.290,0.93375,0.93405,14.60,2.40
2007.11.02 18:35:55.502,0.93375,0.93405,14.60,2.40
2007.11.02 18:35:55.715,0.93375,0.93405,13.00,2.40
2007.11.02 18:35:56.258,0.93375,0.93405,13.00,2.40
2007.11.02 18:35:56.522,0.93375,0.93405,13.00,2.40
2007.11.02 18:35:57.290,0.93375,0.93405,13.20,2.40
2007.11.02 18:35:57.624,0.93375,0.93405,14.00,2.40
2007.11.02 18:35:57.957,0.93375,0.93405,14.00,3.20
2007.11.02 18:35:58.809,0.9339,0.93405,4.00,3.90
2007.11.02 18:35:59.028,0.9339,0.93405,4.00,3.90
2007.11.02 18:36:00.257,0.9339,0.93405,4.00,3.90
2007.11.02 18:36:00.636,0.9339,0.93405,4.00,3.90
2007.11.02 18:36:00.910,0.9339,0.93405,4.00,3.90
2007.11.02 18:36:03.775,0.9339,0.93405,4.00,3.10
2007.11.02 18:36:04.396,0.9339,0.93405,4.00,3.00
2007.11.02 18:36:05.915,0.9339,0.93405,4.00,3.00
2007.11.02 18:36:07.324,0.9339,0.93405,4.00,3.00
2007.11.02 18:36:07.643,0.9339,0.93405,4.00,3.00
2007.11.02 18:36:08.362,0.9339,0.93405,4.00,3.00
2007.11.02 18:36:09.777,0.9339,0.93405,4.00,3.00
2007.11.02 18:36:10.005,0.9339,0.93405,4.00,3.00
2007.11.02 18:36:10.156,0.9339,0.9341,4.00,8.80
2007.11.02 18:36:10.910,0.9339,0.93405,4.00,0.70
2007.11.02 18:36:12.200,0.9339,0.9341,4.00,8.80
2007.11.02 18:36:13.152,0.9339,0.9341,4.00,8.80
2007.11.02 18:36:13.369,0.9339,0.9341,4.00,8.80
2007.11.02 18:36:14.017,0.9339,0.93405,4.00,0.80
2007.11.02 18:36:15.921,0.9339,0.9341,4.00,8.80
2007.11.02 18:36:16.124,0.9339,0.93405,4.00,0.50
2007.11.02 18:36:17.528,0.9339,0.9341,4.00,8.80
2007.11.02 18:36:18.368,0.9339,0.93405,4.00,0.70
2007.11.02 18:36:18.806,0.9339,0.9341,4.00,8.80
2007.11.02 18:36:19.325,0.9339,0.93405,4.00,0.70
2007.11.02 18:36:19.638,0.9339,0.9341,4.00,8.20
2007.11.02 18:36:20.194,0.9339,0.93405,4.00,0.60
2007.11.02 18:36:20.677,0.9339,0.93405,4.00,0.80
2007.11.02 18:36:20.914,0.9339,0.9341,4.00,11.40
2007.11.02 18:36:22.341,0.9339,0.93405,4.00,0.50
2007.11.02 18:36:25.284,0.9339,0.9341,4.00,12.20
2007.11.02 18:36:25.916,0.9339,0.93405,4.00,0.60
2007.11.02 18:36:29.181,0.9339,0.93405,4.00,0.80
2007.11.02 18:36:30.446,0.9339,0.9341,4.00,12.20
2007.11.02 18:36:30.654,0.9339,0.93405,4.00,0.90
2007.11.02 18:36:30.918,0.9339,0.9341,4.00,12.20
2007.11.02 18:36:31.126,0.9339,0.9341,4.00,13.00
2007.11.02 18:36:31.322,0.93385,0.9341,5.60,17.00
2007.11.02 18:36:31.795,0.9339,0.93405,0.90,0.90
2007.11.02 18:36:32.828,0.93385,0.9341,5.60,13.00
2007.11.02 18:36:33.859,0.9339,0.93405,0.50,0.80
2007.11.02 18:36:34.191,0.93385,0.9341,5.60,13.00
2007.11.02 18:36:34.382,0.93385,0.9341,5.60,12.90
2007.11.02 18:36:34.585,0.93385,0.9341,5.60,12.90
2007.11.02 18:36:34.788,0.93385,0.9341,5.60,13.70
2007.11.02 18:36:35.920,0.93385,0.9341,5.60,13.70
2007.11.02 18:36:37.990,0.9339,0.93405,0.80,0.50
2007.11.02 18:36:38.187,0.93385,0.9341,5.60,13.70
2007.11.02 18:36:38.527,0.93385,0.9341,5.60,13.70
2007.11.02 18:36:38.840,0.93385,0.9341,5.60,12.90
2007.11.02 18:36:39.864,0.9339,0.93405,0.80,3.90
2007.11.02 18:36:40.102,0.9339,0.93405,1.50,3.90
2007.11.02 18:36:40.341,0.93385,0.93405,5.60,3.90
2007.11.02 18:36:40.915,0.93385,0.93405,5.60,3.90
2007.11.02 18:36:42.060,0.93385,0.93405,5.60,3.90
2007.11.02 18:36:44.798,0.93385,0.93405,5.60,3.90
2007.11.02 18:36:44.967,0.93385,0.93405,5.60,3.90
2007.11.02 18:36:45.134,0.93385,0.93405,5.60,3.90
2007.11.02 18:36:45.977,0.93385,0.93405,5.60,3.90
2007.11.02 18:36:46.985,0.93385,0.93405,5.60,3.90
2007.11.02 18:36:49.327,0.9339,0.93405,1.60,3.70
2007.11.02 18:36:50.054,0.93385,0.93405,5.60,3.20
2007.11.02 18:36:50.705,0.93385,0.93405,5.60,4.00
2007.11.02 18:36:50.943,0.93385,0.93405,5.60,4.00
2007.11.02 18:36:55.282,0.93375,0.93405,21.10,4.80
2007.11.02 18:36:55.455,0.9338,0.93405,0.60,11.40
2007.11.02 18:36:55.764,0.9338,0.934,2.40,1.80
2007.11.02 18:36:56.071,0.93375,0.934,15.50,1.80
2007.11.02 18:36:56.453,0.93375,0.934,15.50,1.80
2007.11.02 18:36:56.786,0.93375,0.934,15.50,1.80
2007.11.02 18:36:57.539,0.9338,0.934,2.80,1.80
2007.11.02 18:36:59.091,0.9338,0.934,5.60,1.80
2007.11.02 18:37:00.924,0.9338,0.934,5.60,1.80
2007.11.02 18:37:01.251,0.9338,0.934,5.60,1.80
2007.11.02 18:37:05.916,0.9338,0.934,5.60,1.80
2007.11.02 18:37:10.718,0.9338,0.934,5.60,1.60
2007.11.02 18:37:11.399,0.9338,0.934,5.60,1.60
2007.11.02 18:37:11.633,0.9338,0.93395,5.60,0.80
2007.11.02 18:37:11.870,0.9338,0.93395,5.60,1.60
2007.11.02 18:37:12.102,0.9338,0.93395,5.60,3.20
2007.11.02 18:37:12.551,0.9338,0.93395,5.60,3.20
2007.11.02 18:37:13.156,0.9338,0.93395,5.60,3.20
2007.11.02 18:37:14.995,0.9338,0.93395,5.60,3.20
2007.11.02 18:37:15.914,0.9338,0.93395,5.60,3.20
2007.11.02 18:37:16.136,0.9338,0.93395,5.60,3.20
2007.11.02 18:37:16.469,0.9338,0.93395,5.60,3.20
2007.11.02 18:37:17.403,0.93385,0.93395,0.40,3.20
2007.11.02 18:37:17.591,0.9338,0.93395,5.60,3.20
2007.11.02 18:37:17.780,0.9338,0.934,5.60,0.80
2007.11.02 18:37:17.968,0.9338,0.93405,5.60,1.60
2007.11.02 18:37:18.155,0.9338,0.93405,5.60,1.60
2007.11.02 18:37:18.480,0.9338,0.93405,5.60,1.60
2007.11.02 18:37:18.792,0.9338,0.93405,5.60,1.60
2007.11.02 18:37:19.106,0.9338,0.934,5.60,0.80
2007.11.02 18:37:19.329,0.9338,0.934,5.60,0.80
2007.11.02 18:37:19.552,0.9338,0.934,5.60,1.60
2007.11.02 18:37:19.775,0.9338,0.934,5.60,1.60
2007.11.02 18:37:20.248,0.9338,0.934,5.60,1.60
2007.11.02 18:37:20.535,0.9338,0.934,5.60,1.60
2007.11.02 18:37:20.914,0.9338,0.934,5.60,1.60
2007.11.02 18:37:22.249,0.9338,0.934,5.60,1.60
2007.11.02 18:37:22.582,0.9338,0.934,5.60,1.60
2007.11.02 18:37:22.816,0.9338,0.934,5.60,1.60
2007.11.02 18:37:23.018,0.9338,0.934,5.60,1.60
2007.11.02 18:37:23.338,0.9338,0.934,5.60,1.60
2007.11.02 18:37:25.914,0.9338,0.934,5.60,1.60
2007.11.02 18:37:28.927,0.93375,0.934,16.00,1.60
2007.11.02 18:37:30.614,0.93375,0.934,15.60,1.60
2007.11.02 18:37:30.866,0.93375,0.934,15.60,1.60
2007.11.02 18:37:35.913,0.93375,0.934,15.60,1.60
2007.11.02 18:37:38.549,0.9338,0.934,1.90,1.60
2007.11.02 18:37:38.964,0.9338,0.934,2.50,1.60
2007.11.02 18:37:40.918,0.93375,0.934,15.60,1.60
2007.11.02 18:37:42.106,0.93375,0.934,16.00,1.60
2007.11.02 18:37:42.435,0.9338,0.934,2.30,1.60
2007.11.02 18:37:42.763,0.93375,0.934,15.70,1.60
2007.11.02 18:37:43.091,0.9338,0.934,1.50,1.60
2007.11.02 18:37:43.672,0.93375,0.934,15.70,1.60
2007.11.02 18:37:44.201,0.9338,0.934,0.80,1.60
2007.11.02 18:37:44.508,0.93375,0.934,15.70,1.60
2007.11.02 18:37:44.771,0.9338,0.934,2.40,1.60
2007.11.02 18:37:45.034,0.93375,0.934,15.60,1.60
2007.11.02 18:37:45.282,0.9338,0.934,1.90,1.60
2007.11.02 18:37:45.531,0.93385,0.934,4.50,1.60
2007.11.02 18:37:45.778,0.93385,0.934,6.00,0.80
2007.11.02 18:37:46.027,0.9339,0.93405,0.70,5.00
2007.11.02 18:37:46.457,0.9339,0.93405,2.20,5.00
2007.11.02 18:37:46.751,0.93385,0.93405,6.00,5.00
2007.11.02 18:37:48.533,0.93385,0.93405,5.60,7.40
2007.11.02 18:37:48.716,0.93385,0.93405,5.60,7.40
2007.11.02 18:37:48.900,0.93375,0.934,16.50,1.80
2007.11.02 18:37:49.084,0.93385,0.93395,0.20,0.80
2007.11.02 18:37:49.392,0.9338,0.93395,1.30,1.50
2007.11.02 18:37:49.700,0.93375,0.93395,13.70,1.50
2007.11.02 18:37:50.009,0.93375,0.93395,14.00,1.50
2007.11.02 18:37:50.317,0.93375,0.93395,14.00,1.50
2007.11.02 18:37:50.545,0.9338,0.93395,5.90,1.50
2007.11.02 18:37:50.847,0.9338,0.93395,5.90,1.50
2007.11.02 18:37:51.850,0.9338,0.93395,2.90,1.50
2007.11.02 18:37:52.184,0.9338,0.93395,1.70,1.50
2007.11.02 18:37:54.219,0.9338,0.93395,1.40,1.50
2007.11.02 18:37:54.553,0.93375,0.93395,15.90,1.50
2007.11.02 18:37:54.761,0.9338,0.93395,1.90,0.80
2007.11.02 18:37:54.970,0.93375,0.934,15.90,4.20
2007.11.02 18:37:55.180,0.93375,0.934,15.90,4.20
2007.11.02 18:37:55.908,0.9338,0.934,1.80,4.20
2007.11.02 18:37:56.193,0.9338,0.934,2.60,4.20
2007.11.02 18:37:56.752,0.93375,0.934,15.90,4.40
2007.11.02 18:37:57.379,0.9338,0.934,1.30,3.60
2007.11.02 18:38:00.132,0.9338,0.934,5.60,4.40
2007.11.02 18:38:00.911,0.9338,0.934,5.60,4.40
2007.11.02 18:38:02.308,0.9338,0.934,5.60,4.40
2007.11.02 18:38:02.642,0.9338,0.934,5.60,4.20
2007.11.02 18:38:02.879,0.9338,0.934,5.60,1.60
2007.11.02 18:38:03.263,0.9338,0.934,5.60,1.60
2007.11.02 18:38:03.798,0.9338,0.934,5.60,1.60
2007.11.02 18:38:04.329,0.9338,0.934,5.60,1.60
2007.11.02 18:38:04.746,0.9338,0.934,5.60,1.60
2007.11.02 18:38:05.743,0.9338,0.934,5.60,1.60
2007.11.02 18:38:06.329,0.9338,0.934,5.60,1.60
2007.11.02 18:38:06.840,0.9338,0.934,5.60,1.60
2007.11.02 18:38:07.276,0.9338,0.934,5.60,1.60
2007.11.02 18:38:07.782,0.9338,0.934,5.60,1.60
2007.11.02 18:38:09.766,0.9338,0.934,5.60,1.60
2007.11.02 18:38:10.010,0.9338,0.934,5.60,1.60
2007.11.02 18:38:10.418,0.9339,0.934,4.00,1.60
2007.11.02 18:38:10.676,0.934,0.93405,0.80,3.40
2007.11.02 18:38:10.934,0.9339,0.934,4.00,0.80
2007.11.02 18:38:11.192,0.934,0.93405,0.80,7.40
2007.11.02 18:38:11.525,0.9339,0.93405,4.00,4.00
2007.11.02 18:38:11.881,0.9339,0.93405,4.00,4.00
2007.11.02 18:38:12.214,0.9339,0.93405,4.00,4.00
2007.11.02 18:38:12.458,0.9339,0.93405,4.00,4.00
2007.11.02 18:38:12.691,0.9338,0.934,4.80,0.80
2007.11.02 18:38:12.924,0.93385,0.934,0.05,0.80
2007.11.02 18:38:13.158,0.9338,0.934,6.40,1.00
2007.11.02 18:38:13.446,0.9338,0.93395,5.60,0.80
2007.11.02 18:38:13.733,0.9338,0.93395,5.60,0.80
2007.11.02 18:38:14.221,0.9338,0.93395,5.60,0.80
2007.11.02 18:38:15.351,0.9338,0.93395,5.60,0.80
2007.11.02 18:38:15.917,0.9338,0.93395,5.60,0.80
2007.11.02 18:38:16.304,0.9338,0.93395,5.60,0.80
2007.11.02 18:38:16.637,0.9338,0.93395,5.60,1.60
2007.11.02 18:38:17.663,0.9338,0.93395,5.60,1.60
2007.11.02 18:38:17.851,0.9338,0.93395,5.60,1.60
2007.11.02 18:38:18.039,0.9338,0.93395,1.60,1.60
2007.11.02 18:38:18.227,0.9338,0.9339,1.60,0.80
2007.11.02 18:38:18.416,0.93375,0.9339,6.10,1.60
2007.11.02 18:38:18.699,0.93375,0.9339,6.10,1.60
2007.11.02 18:38:18.982,0.93375,0.9339,6.10,1.60
2007.11.02 18:38:19.306,0.93375,0.9339,6.10,1.60
2007.11.02 18:38:19.495,0.93375,0.9339,6.10,1.50
2007.11.02 18:38:19.683,0.93375,0.9339,6.10,1.50
2007.11.02 18:38:19.929,0.93375,0.9339,6.10,1.50
2007.11.02 18:38:20.176,0.93375,0.9339,6.10,1.50
2007.11.02 18:38:20.281,0.9337,0.9339,15.70,1.50
2007.11.02 18:38:20.384,0.93375,0.9339,6.10,1.50
2007.11.02 18:38:20.712,0.93375,0.9339,6.10,1.50
2007.11.02 18:38:21.040,0.93375,0.9339,6.10,0.80
2007.11.02 18:38:24.417,0.9338,0.9339,4.00,0.80
2007.11.02 18:38:24.701,0.9338,0.9339,4.00,0.80
2007.11.02 18:38:24.894,0.9338,0.9339,4.00,0.80
2007.11.02 18:38:25.092,0.9338,0.93395,4.00,0.80
2007.11.02 18:38:25.290,0.9338,0.93395,4.00,0.80
2007.11.02 18:38:25.489,0.9338,0.93395,4.00,0.80
2007.11.02 18:38:25.818,0.9338,0.93395,4.00,0.80
2007.11.02 18:38:26.144,0.9338,0.93395,4.00,1.60
2007.11.02 18:38:26.473,0.9338,0.93395,5.60,1.60
2007.11.02 18:38:27.306,0.9338,0.93395,5.60,1.60
2007.11.02 18:38:30.923,0.9338,0.93395,5.60,1.60
2007.11.02 18:38:32.618,0.9338,0.93395,5.60,1.60
2007.11.02 18:38:34.373,0.9338,0.93395,5.60,1.50
2007.11.02 18:38:35.822,0.9338,0.93395,5.60,1.50
2007.11.02 18:38:36.659,0.9338,0.93395,5.60,1.50
2007.11.02 18:38:39.100,0.9338,0.93395,5.60,1.50
2007.11.02 18:38:39.389,0.9338,0.93395,5.60,1.50
2007.11.02 18:38:40.919,0.9338,0.93395,5.60,1.50
2007.11.02 18:38:45.916,0.9338,0.93395,5.60,1.50
2007.11.02 18:38:49.397,0.9338,0.93395,5.60,1.40
2007.11.02 18:38:50.915,0.9338,0.93395,5.60,1.40
2007.11.02 18:38:51.696,0.9338,0.93395,1.10,1.40
2007.11.02 18:38:55.910,0.93375,0.93395,13.60,1.40
2007.11.02 18:38:57.594,0.93385,0.93395,0.20,1.40
2007.11.02 18:38:59.513,0.9338,0.93395,5.80,1.40
2007.11.02 18:38:59.892,0.9338,0.93395,1.80,1.40
2007.11.02 18:39:00.125,0.9338,0.93395,2.40,1.40
2007.11.02 18:39:00.962,0.93375,0.93395,13.80,1.40
2007.11.02 18:39:02.470,0.93375,0.93395,13.80,1.40
2007.11.02 18:39:02.804,0.9338,0.93395,1.80,1.40
2007.11.02 18:39:03.137,0.9338,0.93395,1.60,1.40
2007.11.02 18:39:03.414,0.93375,0.93395,16.20,1.40
2007.11.02 18:39:04.144,0.9338,0.93395,2.70,1.40
2007.11.02 18:39:04.427,0.9338,0.93395,1.30,1.30
2007.11.02 18:39:04.711,0.9338,0.93395,1.80,0.80
2007.11.02 18:39:05.897,0.93385,0.93395,0.50,0.80
2007.11.02 18:39:06.120,0.9338,0.93395,3.10,0.80
2007.11.02 18:39:08.538,0.9338,0.93395,6.20,0.80
2007.11.02 18:39:08.726,0.93375,0.93395,17.70,0.80
2007.11.02 18:39:08.914,0.93375,0.934,17.70,2.60
2007.11.02 18:39:09.103,0.93375,0.934,16.70,2.60
2007.11.02 18:39:09.402,0.9338,0.934,3.00,2.60
2007.11.02 18:39:09.700,0.93375,0.93395,13.50,0.80
2007.11.02 18:39:09.998,0.9338,0.93395,2.30,0.80
2007.11.02 18:39:10.296,0.93375,0.93395,11.90,0.80
2007.11.02 18:39:10.624,0.93375,0.93395,11.60,0.80
2007.11.02 18:39:10.916,0.9338,0.93395,1.50,0.80
2007.11.02 18:39:11.154,0.93375,0.93395,12.00,0.80
2007.11.02 18:39:11.487,0.93375,0.93395,12.40,0.80
2007.11.02 18:39:12.195,0.93375,0.93395,12.00,0.80
2007.11.02 18:39:12.733,0.9338,0.93395,0.90,0.80
2007.11.02 18:39:14.388,0.9338,0.93395,1.80,0.80
2007.11.02 18:39:14.521,0.93375,0.93395,12.40,1.60
2007.11.02 18:39:14.603,0.93375,0.93395,12.60,1.60
2007.11.02 18:39:14.918,0.9338,0.93395,1.60,1.60
2007.11.02 18:39:15.559,0.93375,0.93395,9.60,1.60
2007.11.02 18:39:15.915,0.9338,0.93395,0.50,1.60
2007.11.02 18:39:17.543,0.9338,0.93395,1.30,1.60
2007.11.02 18:39:17.751,0.9338,0.93395,1.40,0.80
2007.11.02 18:39:17.958,0.9338,0.934,1.40,1.60
2007.11.02 18:39:18.167,0.9338,0.934,2.40,1.60
2007.11.02 18:39:18.670,0.93375,0.934,12.00,1.60
2007.11.02 18:39:20.931,0.93375,0.934,12.00,1.60
2007.11.02 18:39:23.126,0.93375,0.934,12.00,1.60
2007.11.02 18:39:25.537,0.9338,0.934,1.60,1.60
2007.11.02 18:39:25.918,0.93375,0.934,12.00,1.60
2007.11.02 18:39:28.239,0.9338,0.934,1.80,1.60
2007.11.02 18:39:28.764,0.93375,0.934,12.00,1.60
2007.11.02 18:39:29.369,0.9338,0.934,1.40,1.60
2007.11.02 18:39:30.009,0.93375,0.934,12.00,1.60
2007.11.02 18:39:30.909,0.9338,0.934,1.40,1.60
2007.11.02 18:39:35.923,0.9338,0.934,0.60,1.60
2007.11.02 18:39:40.837,0.93375,0.934,12.00,1.60
2007.11.02 18:39:41.868,0.9338,0.934,4.00,1.60
2007.11.02 18:39:43.323,0.9338,0.934,4.00,1.60
2007.11.02 18:39:45.922,0.9338,0.934,4.00,1.60
2007.11.02 18:39:46.221,0.9338,0.934,4.00,0.50
2007.11.02 18:39:49.399,0.93375,0.934,6.40,0.80
2007.11.02 18:39:49.707,0.93375,0.93405,6.40,9.20
2007.11.02 18:39:50.015,0.93375,0.934,6.40,0.80
2007.11.02 18:39:50.912,0.93375,0.93405,6.40,9.20
2007.11.02 18:39:55.912,0.93375,0.93405,6.40,9.20
2007.11.02 18:39:56.743,0.93375,0.934,6.40,0.80
2007.11.02 18:39:57.590,0.93375,0.934,6.40,0.80
2007.11.02 18:40:00.238,0.93375,0.93405,6.40,9.10
2007.11.02 18:40:00.560,0.93375,0.93405,6.40,9.00
2007.11.02 18:40:00.919,0.93375,0.934,6.40,0.80
2007.11.02 18:40:03.262,0.93375,0.93405,6.40,9.00
2007.11.02 18:40:03.817,0.93375,0.93405,6.40,9.00
2007.11.02 18:40:04.456,0.93375,0.93405,6.40,9.00
2007.11.02 18:40:04.956,0.93375,0.93405,6.40,9.00
2007.11.02 18:40:05.923,0.93375,0.93405,6.40,9.00
2007.11.02 18:40:06.452,0.93375,0.93405,6.40,8.20
2007.11.02 18:40:07.817,0.93375,0.934,7.20,0.80
2007.11.02 18:40:08.186,0.93375,0.93405,7.20,6.60
2007.11.02 18:40:08.408,0.93375,0.93405,6.40,6.60
2007.11.02 18:40:08.741,0.9338,0.93405,1.60,6.60
2007.11.02 18:40:09.074,0.9338,0.93405,1.60,8.20
2007.11.02 18:40:09.615,0.9338,0.934,5.60,0.80
2007.11.02 18:40:09.829,0.9338,0.93405,5.60,9.00
2007.11.02 18:40:10.042,0.9338,0.93405,5.60,9.00
2007.11.02 18:40:10.255,0.9338,0.93405,5.60,7.40
2007.11.02 18:40:10.858,0.9338,0.93405,5.60,7.40
2007.11.02 18:40:11.177,0.9338,0.93405,5.60,7.40
2007.11.02 18:40:12.779,0.9338,0.934,5.60,0.50
2007.11.02 18:40:13.508,0.9338,0.93405,5.60,7.40
2007.11.02 18:40:13.800,0.9338,0.93405,5.60,7.40
2007.11.02 18:40:14.240,0.9338,0.93405,5.60,7.40
2007.11.02 18:40:15.421,0.9338,0.934,5.60,1.60
2007.11.02 18:40:15.636,0.9338,0.934,5.60,1.60
2007.11.02 18:40:15.858,0.9338,0.934,5.60,1.60
2007.11.02 18:40:16.645,0.9338,0.934,5.60,1.60
2007.11.02 18:40:18.175,0.9338,0.934,5.60,1.60
2007.11.02 18:40:18.477,0.9338,0.934,5.60,1.60
2007.11.02 18:40:18.701,0.9338,0.934,5.60,1.60
2007.11.02 18:40:19.151,0.9338,0.934,5.60,1.60
2007.11.02 18:40:19.485,0.9338,0.934,5.60,1.60
2007.11.02 18:40:20.206,0.9338,0.934,5.60,1.60
2007.11.02 18:40:20.764,0.9338,0.934,5.60,1.60
2007.11.02 18:40:22.118,0.9338,0.934,5.60,1.60
2007.11.02 18:40:22.447,0.9338,0.934,5.60,1.60
2007.11.02 18:40:25.545,0.9338,0.934,5.60,1.60
2007.11.02 18:40:25.783,0.9338,0.934,5.60,1.60
2007.11.02 18:40:26.504,0.9338,0.934,5.60,1.60
2007.11.02 18:40:29.219,0.9338,0.934,5.60,1.60
2007.11.02 18:40:30.919,0.9338,0.934,5.60,1.60
2007.11.02 18:40:33.039,0.9338,0.934,5.60,1.60
2007.11.02 18:40:34.385,0.9338,0.934,5.60,1.60
2007.11.02 18:40:35.921,0.9338,0.934,5.60,1.60
2007.11.02 18:40:37.931,0.9338,0.934,5.60,1.60
2007.11.02 18:40:38.256,0.9338,0.934,5.60,1.60
2007.11.02 18:40:40.658,0.9338,0.934,1.60,0.80
2007.11.02 18:40:40.880,0.9338,0.934,1.60,0.80
2007.11.02 18:40:41.104,0.9338,0.934,1.60,0.80
2007.11.02 18:40:42.959,0.9338,0.934,1.60,0.80
2007.11.02 18:40:44.478,0.9338,0.934,1.60,0.80
2007.11.02 18:40:45.615,0.9338,0.934,1.60,0.80
2007.11.02 18:40:45.918,0.9338,0.934,1.60,0.80
2007.11.02 18:40:49.402,0.9338,0.934,1.60,0.80
2007.11.02 18:40:50.930,0.9338,0.934,1.60,0.80
2007.11.02 18:40:51.626,0.9338,0.934,1.60,0.80
2007.11.02 18:40:55.920,0.9338,0.934,1.60,0.80
2007.11.02 18:41:00.919,0.9338,0.934,1.60,0.80
2007.11.02 18:41:05.915,0.9338,0.934,1.60,0.80
2007.11.02 18:41:06.007,0.9338,0.93405,1.60,7.20
2007.11.02 18:41:07.885,0.9338,0.934,1.60,0.80
2007.11.02 18:41:09.782,0.9338,0.934,5.60,0.80
2007.11.02 18:41:10.638,0.9338,0.934,5.60,1.60
2007.11.02 18:41:10.913,0.9338,0.934,5.60,1.60
2007.11.02 18:41:13.799,0.9338,0.934,5.60,1.60
2007.11.02 18:41:15.917,0.9338,0.934,5.60,1.60
2007.11.02 18:41:17.866,0.9338,0.934,5.60,0.80
2007.11.02 18:41:18.179,0.9338,0.934,5.60,1.60
2007.11.02 18:41:18.544,0.9338,0.934,5.60,1.60
2007.11.02 18:41:18.878,0.9338,0.934,5.60,1.60
2007.11.02 18:41:19.367,0.9338,0.934,5.60,1.60
2007.11.02 18:41:19.700,0.9338,0.934,5.60,1.60
2007.11.02 18:41:20.918,0.9338,0.934,5.60,1.60
2007.11.02 18:41:24.530,0.9338,0.934,5.60,1.60
2007.11.02 18:41:24.824,0.9338,0.934,5.60,1.60
2007.11.02 18:41:25.575,0.9338,0.934,5.60,1.60
2007.11.02 18:41:25.844,0.9338,0.934,5.60,1.60
2007.11.02 18:41:26.976,0.9338,0.934,5.60,1.60
2007.11.02 18:41:27.309,0.9338,0.934,5.60,1.60
2007.11.02 18:41:30.920,0.9338,0.934,5.60,1.60
2007.11.02 18:41:32.194,0.9338,0.934,5.60,1.60
2007.11.02 18:41:32.528,0.9338,0.9339,1.60,2.70
2007.11.02 18:41:34.118,0.93375,0.9339,3.20,0.10
2007.11.02 18:41:34.151,0.93375,0.934,2.40,5.90
2007.11.02 18:41:34.405,0.93375,0.934,2.40,5.90
2007.11.02 18:41:34.618,0.93375,0.934,2.40,5.90
2007.11.02 18:41:35.920,0.93375,0.934,2.40,5.90
2007.11.02 18:41:37.302,0.93375,0.934,2.40,9.90
2007.11.02 18:41:37.466,0.93375,0.9339,2.40,2.70
2007.11.02 18:41:37.630,0.9337,0.9339,4.00,3.50
2007.11.02 18:41:37.793,0.9337,0.9339,4.00,3.50
2007.11.02 18:41:37.956,0.9337,0.9339,4.00,3.50
2007.11.02 18:41:38.119,0.9337,0.9339,4.00,3.50
2007.11.02 18:41:38.502,0.9337,0.9339,4.00,3.50
2007.11.02 18:41:38.836,0.9337,0.9339,4.00,3.50
2007.11.02 18:41:39.169,0.9337,0.9339,4.00,3.50
2007.11.02 18:41:39.502,0.9337,0.9339,4.00,3.50
2007.11.02 18:41:40.923,0.9337,0.9339,4.00,3.50
2007.11.02 18:41:44.186,0.93375,0.9339,0.80,3.50
2007.11.02 18:41:44.519,0.93385,0.9339,0.80,4.30
2007.11.02 18:41:44.727,0.93385,0.9339,0.80,4.30
2007.11.02 18:41:44.935,0.9338,0.9339,4.00,3.40
2007.11.02 18:41:45.144,0.93385,0.9339,4.00,0.07
2007.11.02 18:41:45.352,0.93385,0.934,4.00,5.00
2007.11.02 18:41:45.560,0.93385,0.93405,4.00,7.80
2007.11.02 18:41:45.874,0.93385,0.93405,4.00,7.80
2007.11.02 18:41:46.186,0.93385,0.93405,4.00,7.80
2007.11.02 18:41:46.658,0.93385,0.93405,4.00,7.80
2007.11.02 18:41:47.309,0.93385,0.93405,4.00,7.00
2007.11.02 18:41:47.642,0.9339,0.93405,4.00,4.40
2007.11.02 18:41:48.529,0.9339,0.93405,4.00,4.40
2007.11.02 18:41:48.732,0.9339,0.93405,4.00,4.40
2007.11.02 18:41:48.995,0.9339,0.93405,4.00,4.40
2007.11.02 18:41:49.468,0.9339,0.93405,4.00,4.40
2007.11.02 18:41:49.732,0.9339,0.93405,4.00,4.40
2007.11.02 18:41:49.985,0.93385,0.93405,4.00,5.20
2007.11.02 18:41:50.237,0.93385,0.93405,2.40,8.60
2007.11.02 18:41:50.491,0.93385,0.93405,3.20,8.70
2007.11.02 18:41:50.744,0.93385,0.93405,3.20,8.90
2007.11.02 18:41:50.991,0.93385,0.93405,3.20,8.90
2007.11.02 18:41:51.240,0.93385,0.934,1.60,2.60
2007.11.02 18:41:51.487,0.9338,0.934,7.20,2.60
2007.11.02 18:41:51.736,0.9338,0.934,5.60,2.60
2007.11.02 18:41:52.068,0.9338,0.934,5.60,2.60
2007.11.02 18:41:52.402,0.9338,0.934,6.40,3.40
2007.11.02 18:41:52.735,0.9338,0.934,6.40,3.40
2007.11.02 18:41:52.947,0.9338,0.934,6.40,3.40
2007.11.02 18:41:53.192,0.9338,0.934,6.40,3.40
2007.11.02 18:41:53.605,0.9338,0.934,6.40,3.40
2007.11.02 18:41:54.176,0.9338,0.934,6.40,3.40
2007.11.02 18:41:54.400,0.9338,0.93405,6.40,11.00
2007.11.02 18:41:54.712,0.9338,0.934,6.40,0.90
2007.11.02 18:41:55.011,0.9338,0.934,6.40,0.60
2007.11.02 18:41:55.210,0.93385,0.934,3.20,0.80
2007.11.02 18:41:55.407,0.93385,0.93405,4.00,11.00
2007.11.02 18:41:55.630,0.93385,0.93405,4.00,8.60
2007.11.02 18:41:55.921,0.93385,0.934,4.00,0.50
2007.11.02 18:41:56.225,0.93385,0.93405,4.00,8.60
2007.11.02 18:41:57.517,0.93385,0.934,4.00,0.70
2007.11.02 18:41:57.835,0.93385,0.934,0.80,0.70
2007.11.02 18:41:58.488,0.93385,0.934,4.00,0.60
2007.11.02 18:42:00.925,0.93385,0.93405,4.00,6.60
2007.11.02 18:42:05.925,0.93385,0.934,4.00,0.70
2007.11.02 18:42:10.859,0.93385,0.93405,4.00,5.80
2007.11.02 18:42:11.148,0.93385,0.9341,4.00,12.60
2007.11.02 18:42:11.436,0.93385,0.9341,4.00,13.40
2007.11.02 18:42:12.063,0.93385,0.9341,4.00,13.40
2007.11.02 18:42:12.460,0.93385,0.93405,4.00,0.90
2007.11.02 18:42:13.279,0.93385,0.93405,4.00,0.80
2007.11.02 18:42:14.308,0.93385,0.93405,4.00,0.70
2007.11.02 18:42:15.939,0.93385,0.9341,4.00,15.80
2007.11.02 18:42:17.355,0.93385,0.93395,4.00,0.80
2007.11.02 18:42:17.697,0.9338,0.9339,4.00,0.50
2007.11.02 18:42:17.891,0.93385,0.93395,8.70,6.10
2007.11.02 18:42:18.074,0.9339,0.934,2.40,5.90
2007.11.02 18:42:18.260,0.93395,0.9341,0.80,4.80
2007.11.02 18:42:18.454,0.93395,0.93405,0.80,7.20
2007.11.02 18:42:18.636,0.9339,0.93395,2.60,4.80
2007.11.02 18:42:18.970,0.9338,0.93395,4.00,8.00
2007.11.02 18:42:19.304,0.9338,0.9339,4.00,0.80
2007.11.02 18:42:19.636,0.9338,0.93395,1.60,3.80
2007.11.02 18:42:19.847,0.9337,0.93395,4.00,6.40
2007.11.02 18:42:20.044,0.9337,0.9339,4.00,0.90
2007.11.02 18:42:20.242,0.9337,0.93395,4.00,4.00
2007.11.02 18:42:20.480,0.9337,0.93395,4.00,4.00
2007.11.02 18:42:20.678,0.9338,0.9339,4.00,0.80
2007.11.02 18:42:21.010,0.9338,0.934,4.00,11.20
2007.11.02 18:42:21.343,0.9338,0.934,4.00,10.40
2007.11.02 18:42:21.677,0.9338,0.9339,4.00,0.70
2007.11.02 18:42:22.011,0.9338,0.9339,4.00,0.70
2007.11.02 18:42:22.344,0.9338,0.934,4.00,8.80
2007.11.02 18:42:22.677,0.9338,0.9339,4.00,0.60
2007.11.02 18:42:22.885,0.93375,0.93395,2.40,2.20
2007.11.02 18:42:23.094,0.9337,0.93395,5.00,4.60
2007.11.02 18:42:23.302,0.9337,0.9339,4.00,0.50
2007.11.02 18:42:23.510,0.9337,0.93395,4.00,8.90
2007.11.02 18:42:24.324,0.9337,0.9339,4.00,0.70
2007.11.02 18:42:24.641,0.9337,0.9339,4.00,0.60
2007.11.02 18:42:24.845,0.9337,0.93395,4.00,10.90
2007.11.02 18:42:25.048,0.9337,0.93395,4.00,10.90
2007.11.02 18:42:25.464,0.9337,0.93395,4.00,10.90
2007.11.02 18:42:25.916,0.9337,0.9339,4.00,0.70
2007.11.02 18:42:26.603,0.9337,0.9339,4.00,0.80
2007.11.02 18:42:26.954,0.9337,0.93395,4.00,10.90
2007.11.02 18:42:27.282,0.9337,0.93395,4.80,4.80
2007.11.02 18:42:27.610,0.9337,0.93395,4.00,4.80
2007.11.02 18:42:27.938,0.9337,0.9339,4.00,0.90
2007.11.02 18:42:28.126,0.9337,0.9339,4.00,0.90
2007.11.02 18:42:28.365,0.9337,0.93395,4.00,4.00
2007.11.02 18:42:28.786,0.9337,0.93395,4.00,4.00
2007.11.02 18:42:29.110,0.9337,0.93395,4.00,4.00
2007.11.02 18:42:29.432,0.93365,0.934,6.80,7.20
2007.11.02 18:42:29.755,0.9336,0.93385,7.20,0.70
2007.11.02 18:42:29.957,0.9337,0.93385,4.00,0.90
2007.11.02 18:42:30.162,0.9337,0.93385,4.00,0.90
2007.11.02 18:42:30.453,0.9337,0.93395,4.00,13.20
2007.11.02 18:42:30.656,0.9337,0.9339,4.00,0.80
2007.11.02 18:42:30.859,0.9337,0.9339,4.00,0.80
2007.11.02 18:42:31.188,0.9337,0.9339,4.00,0.70
2007.11.02 18:42:31.497,0.93365,0.93395,10.80,6.60
2007.11.02 18:42:31.516,0.93365,0.934,5.60,15.00
2007.11.02 18:42:31.844,0.93365,0.934,5.60,15.80
2007.11.02 18:42:32.159,0.93365,0.93405,10.80,15.80
2007.11.02 18:42:32.472,0.9337,0.934,0.90,0.60
2007.11.02 18:42:32.785,0.93365,0.93405,10.80,15.00
2007.11.02 18:42:33.098,0.93365,0.93405,10.80,15.00
2007.11.02 18:42:33.346,0.93365,0.93405,10.80,15.00
2007.11.02 18:42:33.595,0.9337,0.934,0.90,0.80
2007.11.02 18:42:33.843,0.9337,0.934,0.70,0.90
2007.11.02 18:42:35.920,0.93365,0.93405,10.80,15.00
2007.11.02 18:42:39.267,0.93365,0.93405,10.80,15.00
2007.11.02 18:42:39.586,0.93365,0.93405,10.80,15.00
2007.11.02 18:42:39.902,0.9337,0.934,0.80,0.90
2007.11.02 18:42:40.920,0.93365,0.93405,10.80,15.00
2007.11.02 18:42:41.188,0.9337,0.934,0.50,0.70
2007.11.02 18:42:41.553,0.93365,0.93405,10.80,15.00
2007.11.02 18:42:41.974,0.93365,0.93405,10.80,15.00
2007.11.02 18:42:43.249,0.93365,0.934,10.80,5.80
2007.11.02 18:42:43.559,0.93365,0.934,10.80,5.80
2007.11.02 18:42:43.976,0.93365,0.934,10.80,5.80
2007.11.02 18:42:44.585,0.9337,0.934,1.90,5.80
2007.11.02 18:42:45.006,0.9337,0.934,1.90,5.80
2007.11.02 18:42:45.318,0.9337,0.934,1.60,5.80
2007.11.02 18:42:45.832,0.93365,0.934,10.80,5.80
2007.11.02 18:42:46.364,0.93365,0.934,10.80,5.80
2007.11.02 18:42:47.178,0.93365,0.934,10.80,5.80
2007.11.02 18:42:47.699,0.93365,0.934,10.80,5.80
2007.11.02 18:42:47.913,0.93365,0.934,10.80,5.80
2007.11.02 18:42:48.423,0.93365,0.934,10.80,5.80
2007.11.02 18:42:48.685,0.93365,0.934,10.80,5.80
2007.11.02 18:42:48.908,0.93365,0.934,10.80,5.80
2007.11.02 18:42:49.189,0.93365,0.93395,10.80,0.80
2007.11.02 18:42:49.412,0.93365,0.93395,10.80,0.80
2007.11.02 18:42:49.635,0.9337,0.93395,2.20,0.80
2007.11.02 18:42:49.954,0.93365,0.93395,10.80,0.80
2007.11.02 18:42:50.271,0.93365,0.93395,10.80,0.80
2007.11.02 18:42:50.839,0.9337,0.93395,1.50,0.80
2007.11.02 18:42:51.083,0.9337,0.93395,1.80,7.60
2007.11.02 18:42:51.327,0.93365,0.9339,6.40,3.40
2007.11.02 18:42:51.570,0.9337,0.9339,1.60,3.40
2007.11.02 18:42:51.865,0.9337,0.9339,1.40,3.40
2007.11.02 18:42:52.198,0.9337,0.9339,2.30,5.00
2007.11.02 18:42:52.532,0.93365,0.9339,6.40,2.40
2007.11.02 18:42:52.867,0.9337,0.9339,2.20,1.60
2007.11.02 18:42:53.539,0.93365,0.9339,6.40,1.60
2007.11.02 18:42:53.847,0.9337,0.9339,1.60,1.60
2007.11.02 18:42:54.953,0.9338,0.9339,0.70,1.60
2007.11.02 18:42:55.171,0.9338,0.9339,0.70,0.80
2007.11.02 18:42:55.413,0.9338,0.93395,0.80,0.80
2007.11.02 18:42:55.630,0.93375,0.934,8.00,0.07
2007.11.02 18:42:55.848,0.9338,0.93405,1.60,9.40
2007.11.02 18:42:56.097,0.9338,0.93405,2.50,6.20
2007.11.02 18:42:56.345,0.9338,0.93405,2.20,6.20
2007.11.02 18:42:56.593,0.9338,0.93405,3.10,6.20
2007.11.02 18:42:56.841,0.93375,0.93405,10.40,6.20
2007.11.02 18:42:57.175,0.93375,0.93405,12.40,1.60
2007.11.02 18:42:57.507,0.93375,0.93405,12.40,1.60
2007.11.02 18:42:57.841,0.9338,0.93405,1.30,1.60
2007.11.02 18:42:58.424,0.93375,0.93405,12.40,1.60
2007.11.02 18:42:58.628,0.9338,0.93405,1.50,1.60
2007.11.02 18:42:59.359,0.9338,0.93405,3.20,1.60
2007.11.02 18:42:59.873,0.9338,0.93405,5.60,1.60
2007.11.02 18:43:00.041,0.9338,0.93405,5.60,1.60
2007.11.02 18:43:00.210,0.9338,0.934,5.60,3.40
2007.11.02 18:43:00.496,0.9338,0.934,5.60,6.60
2007.11.02 18:43:00.664,0.9338,0.934,5.60,6.60
2007.11.02 18:43:00.833,0.9338,0.934,5.60,6.60
2007.11.02 18:43:01.448,0.9338,0.93395,5.60,0.80
2007.11.02 18:43:01.781,0.9338,0.93395,5.60,0.80
2007.11.02 18:43:02.380,0.9338,0.93395,5.60,1.00
2007.11.02 18:43:02.708,0.9338,0.93395,5.60,1.00
2007.11.02 18:43:03.227,0.9338,0.93395,5.60,1.00
2007.11.02 18:43:03.549,0.9338,0.93395,5.60,1.00
2007.11.02 18:43:03.763,0.9338,0.934,5.60,4.00
2007.11.02 18:43:04.050,0.9338,0.934,5.60,4.00
2007.11.02 18:43:05.194,0.9338,0.934,5.60,4.00
2007.11.02 18:43:05.463,0.9338,0.934,5.60,4.00
2007.11.02 18:43:05.732,0.9338,0.93395,5.60,0.80
2007.11.02 18:43:06.000,0.9338,0.93395,5.60,0.80
2007.11.02 18:43:06.777,0.9338,0.93395,5.60,0.80
2007.11.02 18:43:10.939,0.9338,0.93395,5.60,0.80
2007.11.02 18:43:12.547,0.9338,0.93395,5.60,0.80
2007.11.02 18:43:13.335,0.9338,0.93395,5.60,0.80
2007.11.02 18:43:13.667,0.9338,0.93395,5.60,0.80
2007.11.02 18:43:14.000,0.9338,0.93395,5.60,0.80
2007.11.02 18:43:15.925,0.9338,0.93395,5.60,0.80
2007.11.02 18:43:16.165,0.9338,0.93395,5.60,3.20
2007.11.02 18:43:16.402,0.9338,0.93395,5.60,3.20
2007.11.02 18:43:16.735,0.9338,0.93395,5.60,3.20
2007.11.02 18:43:17.265,0.9338,0.93395,5.60,3.20
2007.11.02 18:43:18.699,0.9338,0.93395,1.60,3.20
2007.11.02 18:43:19.032,0.9337,0.93395,4.00,6.60
2007.11.02 18:43:19.365,0.9337,0.9339,4.00,1.60
2007.11.02 18:43:19.698,0.9337,0.9339,4.00,1.60
2007.11.02 18:43:19.902,0.9337,0.93395,4.00,8.60
2007.11.02 18:43:20.105,0.9337,0.93395,4.00,9.40
2007.11.02 18:43:20.308,0.9337,0.93395,4.00,7.40
2007.11.02 18:43:20.584,0.9337,0.9339,4.00,1.60
2007.11.02 18:43:20.881,0.9337,0.9339,4.00,1.60
2007.11.02 18:43:21.146,0.9337,0.9339,4.00,1.60
2007.11.02 18:43:21.408,0.9337,0.9339,4.00,1.60
2007.11.02 18:43:22.276,0.9337,0.9339,4.00,1.60
2007.11.02 18:43:25.917,0.9337,0.9339,4.00,1.60
2007.11.02 18:43:27.493,0.9337,0.9339,4.00,1.60
2007.11.02 18:43:27.727,0.93365,0.9339,8.80,1.60
2007.11.02 18:43:27.827,0.9338,0.9339,0.80,1.60
2007.11.02 18:43:28.466,0.93375,0.9339,5.60,1.60
2007.11.02 18:43:28.726,0.93375,0.9339,5.60,1.60
2007.11.02 18:43:30.924,0.9338,0.9339,1.70,1.60
2007.11.02 18:43:31.410,0.9338,0.9339,1.70,1.60
2007.11.02 18:43:32.403,0.9338,0.9339,1.10,1.60
2007.11.02 18:43:33.336,0.93375,0.9339,5.60,1.60
2007.11.02 18:43:35.927,0.93375,0.9339,5.60,1.60
2007.11.02 18:43:36.987,0.93375,0.9339,0.90,1.60
2007.11.02 18:43:37.200,0.9337,0.9339,1.30,1.60
2007.11.02 18:43:37.534,0.9337,0.9339,2.20,1.60
2007.11.02 18:43:37.866,0.93365,0.9339,5.60,1.60
2007.11.02 18:43:38.438,0.9337,0.9339,0.50,1.60
2007.11.02 18:43:39.674,0.9337,0.9339,1.40,1.60
2007.11.02 18:43:39.976,0.93365,0.9339,6.40,1.60
2007.11.02 18:43:40.902,0.93365,0.9339,6.40,1.60
2007.11.02 18:43:42.995,0.9337,0.9339,1.90,1.60
2007.11.02 18:43:43.159,0.9337,0.9339,1.80,4.20
2007.11.02 18:43:43.323,0.9337,0.9339,1.20,4.20
2007.11.02 18:43:44.192,0.9337,0.9339,2.30,4.20
2007.11.02 18:43:45.931,0.93365,0.9339,7.60,4.20
2007.11.02 18:43:48.382,0.93365,0.9339,7.60,4.20
2007.11.02 18:43:49.108,0.9337,0.9339,0.50,4.20
2007.11.02 18:43:50.923,0.93365,0.9339,7.60,4.20
2007.11.02 18:43:51.928,0.93365,0.9339,7.60,4.20
2007.11.02 18:43:52.599,0.9337,0.9339,2.10,4.20
2007.11.02 18:43:52.777,0.93365,0.9339,6.40,1.60
2007.11.02 18:43:52.955,0.93365,0.9339,6.40,1.60
2007.11.02 18:43:53.666,0.9337,0.9339,0.70,1.60
2007.11.02 18:43:55.620,0.93365,0.9339,7.60,1.60
2007.11.02 18:43:55.824,0.9337,0.9339,2.10,4.20
2007.11.02 18:43:56.726,0.9337,0.9339,0.70,4.20
2007.11.02 18:43:57.059,0.9337,0.9339,4.00,4.20
2007.11.02 18:43:57.410,0.9336,0.93385,5.60,3.40
2007.11.02 18:43:58.366,0.93355,0.93385,13.20,5.00
2007.11.02 18:43:58.480,0.9336,0.9338,1.00,1.60
2007.11.02 18:43:58.602,0.93355,0.9338,13.20,1.60
2007.11.02 18:43:58.800,0.9336,0.9338,3.20,1.60
2007.11.02 18:43:59.125,0.93355,0.9338,12.40,1.60
2007.11.02 18:43:59.325,0.93355,0.9338,12.40,1.60
2007.11.02 18:44:00.336,0.9336,0.9338,1.50,1.60
2007.11.02 18:44:00.851,0.93355,0.9338,12.40,1.60
2007.11.02 18:44:02.407,0.93355,0.9338,12.40,1.60
2007.11.02 18:44:02.966,0.9336,0.9338,2.00,1.60
2007.11.02 18:44:05.012,0.9337,0.9338,2.00,1.60
2007.11.02 18:44:05.228,0.93365,0.9338,5.60,1.60
2007.11.02 18:44:05.401,0.9337,0.9338,0.90,1.60
2007.11.02 18:44:05.575,0.93365,0.9338,5.60,1.60
2007.11.02 18:44:05.872,0.93365,0.9338,5.60,1.60
2007.11.02 18:44:06.171,0.9337,0.93385,1.20,0.80
2007.11.02 18:44:06.470,0.93365,0.9339,5.60,1.60
2007.11.02 18:44:06.769,0.9337,0.9339,1.70,1.60
2007.11.02 18:44:07.308,0.93365,0.9339,5.60,1.60
2007.11.02 18:44:07.826,0.93365,0.9339,5.60,1.60
2007.11.02 18:44:08.330,0.93365,0.9339,5.60,1.60
2007.11.02 18:44:08.533,0.93365,0.9339,5.60,1.60
2007.11.02 18:44:08.831,0.93365,0.9339,5.60,1.60
2007.11.02 18:44:09.130,0.9337,0.9339,1.50,4.20
2007.11.02 18:44:10.240,0.93365,0.9339,5.60,4.20
2007.11.02 18:44:10.551,0.9337,0.9339,0.50,4.20
2007.11.02 18:44:10.916,0.93365,0.9339,5.60,4.20
2007.11.02 18:44:11.269,0.93365,0.9339,5.60,4.20
2007.11.02 18:44:15.921,0.9337,0.9339,0.50,4.20
2007.11.02 18:44:19.479,0.93365,0.9339,5.60,4.20
2007.11.02 18:44:20.926,0.9337,0.9339,1.70,4.20
2007.11.02 18:44:25.924,0.9337,0.9339,2.20,4.20
2007.11.02 18:44:27.419,0.93365,0.9339,5.60,4.20
2007.11.02 18:44:30.793,0.93365,0.9339,5.60,4.20
2007.11.02 18:44:35.926,0.9337,0.9339,2.20,4.20
2007.11.02 18:44:38.947,0.9336,0.9339,0.50,4.20
2007.11.02 18:44:39.215,0.9336,0.9339,0.80,4.20
2007.11.02 18:44:39.482,0.9335,0.9339,10.30,4.20
2007.11.02 18:44:39.890,0.9336,0.9339,1.10,4.20
2007.11.02 18:44:40.123,0.9335,0.9339,10.30,4.20
2007.11.02 18:44:40.923,0.9335,0.9339,10.30,4.20
2007.11.02 18:44:45.920,0.9336,0.9339,1.00,4.20
2007.11.02 18:44:46.584,0.9336,0.9339,1.20,4.20
2007.11.02 18:44:47.788,0.93355,0.9339,7.30,4.20
2007.11.02 18:44:48.080,0.93355,0.93385,7.30,1.60
2007.11.02 18:44:48.367,0.93355,0.9338,5.70,1.60
2007.11.02 18:44:48.593,0.9336,0.9338,0.50,1.60
2007.11.02 18:44:48.815,0.93355,0.9338,5.70,1.60
2007.11.02 18:44:49.003,0.93355,0.9338,5.70,1.60
2007.11.02 18:44:49.192,0.93355,0.93385,5.70,1.60
2007.11.02 18:44:49.385,0.93355,0.93385,5.70,1.60
2007.11.02 18:44:50.129,0.9336,0.93385,0.50,1.60
2007.11.02 18:44:50.549,0.93355,0.93385,5.70,1.60
2007.11.02 18:44:50.927,0.9336,0.93385,0.50,1.60
2007.11.02 18:44:55.924,0.93355,0.93385,5.70,1.60
2007.11.02 18:45:00.937,0.9336,0.93385,0.50,1.60
2007.11.02 18:45:01.770,0.9336,0.93385,0.50,1.60
2007.11.02 18:45:02.079,0.9336,0.93385,0.50,1.60
2007.11.02 18:45:02.802,0.9336,0.93385,0.50,1.60
2007.11.02 18:45:04.820,0.9336,0.93385,0.50,1.60
2007.11.02 18:45:05.129,0.9336,0.93385,0.50,1.60
2007.11.02 18:45:05.674,0.9336,0.93385,4.50,1.60
2007.11.02 18:45:05.868,0.9336,0.9338,4.00,1.80
2007.11.02 18:45:06.060,0.9336,0.9338,4.00,1.80
2007.11.02 18:45:06.253,0.9336,0.9338,4.00,1.80
2007.11.02 18:45:06.586,0.9336,0.9338,4.00,1.80
2007.11.02 18:45:06.919,0.9336,0.9338,4.00,1.80
2007.11.02 18:45:07.252,0.9336,0.9338,4.00,1.80
2007.11.02 18:45:07.601,0.9336,0.9338,4.00,1.80
2007.11.02 18:45:08.668,0.9336,0.9338,4.00,1.80
2007.11.02 18:45:09.086,0.9336,0.9338,4.00,1.80
2007.11.02 18:45:11.134,0.9336,0.9338,4.00,1.80
2007.11.02 18:45:14.637,0.93355,0.9338,10.80,1.80
2007.11.02 18:45:16.035,0.93355,0.9338,10.80,1.80
2007.11.02 18:45:17.620,0.93355,0.9338,10.80,1.80
2007.11.02 18:45:17.954,0.93355,0.9338,10.80,1.80
2007.11.02 18:45:18.460,0.9336,0.9338,1.70,1.60
2007.11.02 18:45:21.031,0.93355,0.9338,10.80,1.60
2007.11.02 18:45:22.590,0.9336,0.9338,1.90,1.60
2007.11.02 18:45:22.914,0.93355,0.93385,10.80,3.40
2007.11.02 18:45:23.401,0.9336,0.93385,1.20,3.40
2007.11.02 18:45:23.665,0.93355,0.93385,10.80,3.40
2007.11.02 18:45:23.870,0.93355,0.93385,10.80,3.40
2007.11.02 18:45:24.285,0.93355,0.93385,10.80,3.40
2007.11.02 18:45:24.533,0.93355,0.93385,10.80,3.40
2007.11.02 18:45:24.781,0.93355,0.93385,10.80,3.40
2007.11.02 18:45:26.041,0.9336,0.93385,2.40,3.40
2007.11.02 18:45:28.226,0.9336,0.93385,1.90,3.40
2007.11.02 18:45:29.286,0.9336,0.93385,0.60,3.40
2007.11.02 18:45:31.039,0.93355,0.93385,10.80,3.40
2007.11.02 18:45:33.636,0.93355,0.93385,10.80,3.40
2007.11.02 18:45:33.970,0.93355,0.93385,10.80,3.40
2007.11.02 18:45:34.303,0.9336,0.93385,2.00,3.40
2007.11.02 18:45:35.002,0.93355,0.93385,10.80,3.40
2007.11.02 18:45:36.031,0.93355,0.93385,10.80,3.40
2007.11.02 18:45:41.031,0.93355,0.93385,2.30,3.40
2007.11.02 18:45:46.029,0.93355,0.93385,5.20,3.40
2007.11.02 18:45:48.123,0.93355,0.93385,5.20,3.40
2007.11.02 18:45:51.037,0.93355,0.93385,5.20,3.40
2007.11.02 18:45:56.025,0.93355,0.93385,5.20,3.40
2007.11.02 18:45:57.086,0.93355,0.93385,0.80,3.40
2007.11.02 18:45:57.421,0.93355,0.93385,1.90,3.40
2007.11.02 18:45:57.755,0.93355,0.93385,2.60,3.40
2007.11.02 18:45:58.147,0.9335,0.93385,7.00,3.40
2007.11.02 18:45:58.551,0.9335,0.93385,7.00,3.40
2007.11.02 18:46:01.046,0.9335,0.93385,7.00,3.40
2007.11.02 18:46:05.895,0.9335,0.93385,7.00,3.40
2007.11.02 18:46:07.856,0.9335,0.93385,7.00,3.40
2007.11.02 18:46:08.045,0.9335,0.93385,7.00,4.20
2007.11.02 18:46:08.232,0.9335,0.93385,7.00,4.20
2007.11.02 18:46:08.420,0.9335,0.9338,7.00,1.00
2007.11.02 18:46:08.709,0.9335,0.9338,7.00,1.00
2007.11.02 18:46:09.087,0.93355,0.9338,0.60,1.00
2007.11.02 18:46:09.374,0.93355,0.9338,10.80,1.00
2007.11.02 18:46:09.598,0.9336,0.9338,2.00,1.00
2007.11.02 18:46:10.418,0.93355,0.9338,10.80,1.00
2007.11.02 18:46:11.038,0.93355,0.9338,10.80,1.00
2007.11.02 18:46:13.017,0.93355,0.9338,10.80,1.00
2007.11.02 18:46:13.486,0.93355,0.93385,10.80,3.40
2007.11.02 18:46:13.690,0.9336,0.93385,0.60,5.00
2007.11.02 18:46:14.207,0.93355,0.93385,10.80,5.00
2007.11.02 18:46:14.631,0.9336,0.93385,1.20,5.00
2007.11.02 18:46:15.236,0.93355,0.93385,10.80,5.00
2007.11.02 18:46:16.044,0.93355,0.93385,10.80,5.00
2007.11.02 18:46:18.387,0.93355,0.93385,10.80,5.00
2007.11.02 18:46:18.634,0.93355,0.9338,10.80,1.00
2007.11.02 18:46:18.799,0.93355,0.9338,10.80,1.00
2007.11.02 18:46:19.289,0.93355,0.9338,10.80,1.00
2007.11.02 18:46:19.557,0.93355,0.9338,10.80,1.00
2007.11.02 18:46:20.008,0.9336,0.9338,1.10,1.00
2007.11.02 18:46:20.315,0.9336,0.9338,2.10,1.00
2007.11.02 18:46:21.029,0.93355,0.9338,10.80,1.00
2007.11.02 18:46:22.304,0.93355,0.9338,10.80,1.00
2007.11.02 18:46:22.638,0.9336,0.93385,2.40,5.00
2007.11.02 18:46:23.092,0.93355,0.93385,10.80,5.00
2007.11.02 18:46:23.402,0.93355,0.93385,10.80,5.00
2007.11.02 18:46:24.081,0.9336,0.93385,0.90,5.00
2007.11.02 18:46:24.415,0.9336,0.93385,4.00,5.00
2007.11.02 18:46:26.030,0.9336,0.93385,4.00,5.00
2007.11.02 18:46:26.458,0.9336,0.93385,4.00,3.40
2007.11.02 18:46:29.966,0.9336,0.93385,4.00,3.40
2007.11.02 18:46:30.220,0.9336,0.93385,4.00,4.20
2007.11.02 18:46:31.031,0.9336,0.93385,4.00,4.20
2007.11.02 18:46:31.294,0.9336,0.93385,4.00,4.20
2007.11.02 18:46:32.265,0.9336,0.93385,4.00,4.20
2007.11.02 18:46:34.159,0.9336,0.9339,4.00,13.00
2007.11.02 18:46:34.932,0.9336,0.93385,4.00,4.20
2007.11.02 18:46:35.186,0.9336,0.93385,7.20,4.20
2007.11.02 18:46:36.034,0.9336,0.93385,7.20,4.20
2007.11.02 18:46:36.265,0.9336,0.93385,7.20,4.20
2007.11.02 18:46:36.497,0.9336,0.93385,7.20,3.40
2007.11.02 18:46:36.831,0.9336,0.93385,7.20,3.40
2007.11.02 18:46:37.685,0.9336,0.93385,7.20,3.40
2007.11.02 18:46:41.761,0.9336,0.93385,3.20,3.40
2007.11.02 18:46:44.785,0.93375,0.93385,0.05,3.40
2007.11.02 18:46:45.078,0.93375,0.93385,0.05,3.40
2007.11.02 18:46:46.026,0.93375,0.93385,0.05,3.40
2007.11.02 18:46:46.912,0.93375,0.93385,0.05,3.40
2007.11.02 18:46:47.245,0.93375,0.93385,0.05,3.40
2007.11.02 18:46:47.577,0.93375,0.93385,0.05,4.20
2007.11.02 18:46:47.911,0.93375,0.93385,0.05,4.20
2007.11.02 18:46:48.157,0.93375,0.93385,0.05,4.20
2007.11.02 18:46:48.480,0.93375,0.93385,0.05,4.20
2007.11.02 18:46:48.661,0.93375,0.93385,0.05,4.20
2007.11.02 18:46:49.456,0.93375,0.93385,0.05,4.20
2007.11.02 18:46:50.008,0.93375,0.93385,0.05,4.20
2007.11.02 18:46:50.542,0.93375,0.93385,0.05,4.20
2007.11.02 18:46:50.788,0.93375,0.93385,0.05,3.40
2007.11.02 18:46:50.977,0.93375,0.93385,0.05,3.40
2007.11.02 18:46:51.165,0.93375,0.93385,0.05,0.80
2007.11.02 18:46:51.483,0.93375,0.9339,0.05,5.80
2007.11.02 18:46:51.803,0.93375,0.9339,0.05,5.80
2007.11.02 18:46:52.120,0.93375,0.9339,0.05,5.80
2007.11.02 18:46:52.418,0.93375,0.9339,0.05,5.80
2007.11.02 18:46:52.751,0.93375,0.9339,0.05,5.80
2007.11.02 18:46:53.256,0.93375,0.9339,0.05,5.80
2007.11.02 18:46:55.072,0.93375,0.9339,0.05,5.80
2007.11.02 18:46:55.305,0.93375,0.9339,0.05,5.80
2007.11.02 18:46:55.533,0.93375,0.9339,0.05,5.80
2007.11.02 18:46:56.151,0.93375,0.9339,0.05,5.80
2007.11.02 18:46:56.422,0.93375,0.9339,0.05,5.80
2007.11.02 18:46:57.340,0.93375,0.9339,0.05,5.80
2007.11.02 18:46:57.673,0.93375,0.9339,0.05,5.80
2007.11.02 18:46:58.676,0.93375,0.9339,0.05,5.80
2007.11.02 18:46:59.906,0.93375,0.9339,0.05,5.80
2007.11.02 18:47:01.036,0.93375,0.9339,0.05,5.80
2007.11.02 18:47:01.233,0.9337,0.9339,7.20,5.80
2007.11.02 18:47:06.030,0.9337,0.9339,7.20,5.80
2007.11.02 18:47:09.161,0.9337,0.9339,7.20,5.80
2007.11.02 18:47:09.394,0.9337,0.9339,7.20,5.80
2007.11.02 18:47:11.042,0.9337,0.9339,7.20,5.80
2007.11.02 18:47:13.477,0.9337,0.9339,7.20,5.80
2007.11.02 18:47:14.201,0.9337,0.9339,7.20,5.80
2007.11.02 18:47:14.628,0.9337,0.9339,7.20,5.80
2007.11.02 18:47:14.947,0.9337,0.9339,7.20,5.80
2007.11.02 18:47:15.264,0.9337,0.93385,2.40,2.60
2007.11.02 18:47:15.472,0.9337,0.93385,1.60,3.40
2007.11.02 18:47:15.680,0.9337,0.93385,5.60,0.80
2007.11.02 18:47:15.888,0.9337,0.9339,7.20,5.00
2007.11.02 18:47:16.481,0.9337,0.9339,7.20,5.00
2007.11.02 18:47:16.813,0.9337,0.9339,7.20,5.00
2007.11.02 18:47:17.206,0.9337,0.9339,7.20,5.80
2007.11.02 18:47:17.820,0.9337,0.9339,3.60,5.80
2007.11.02 18:47:18.440,0.93365,0.9339,10.40,5.80
2007.11.02 18:47:19.510,0.9337,0.9339,2.10,5.80
2007.11.02 18:47:21.045,0.93365,0.9339,10.40,5.80
2007.11.02 18:47:26.037,0.93365,0.9339,10.40,5.80
2007.11.02 18:47:31.031,0.93365,0.9339,10.40,5.80
2007.11.02 18:47:36.046,0.93365,0.9339,10.40,5.80
2007.11.02 18:47:41.036,0.9337,0.9339,2.10,5.80
2007.11.02 18:47:41.125,0.9337,0.9339,0.90,0.70
2007.11.02 18:47:46.036,0.93365,0.93395,5.60,5.80
2007.11.02 18:47:47.504,0.9337,0.93395,2.40,11.00
2007.11.02 18:47:49.438,0.9337,0.93395,2.40,11.00
2007.11.02 18:47:51.037,0.93365,0.93395,0.80,0.60
2007.11.02 18:47:51.724,0.93375,0.93405,2.40,15.60
2007.11.02 18:47:52.057,0.9338,0.93395,4.00,7.60
2007.11.02 18:47:52.391,0.9338,0.9339,4.00,0.90
2007.11.02 18:47:52.724,0.9338,0.9341,4.00,11.80
2007.11.02 18:47:52.892,0.9338,0.93405,4.00,0.80
2007.11.02 18:47:53.087,0.9338,0.93405,4.00,0.70
2007.11.02 18:47:53.256,0.9338,0.9341,4.00,9.80
2007.11.02 18:47:53.424,0.9338,0.93405,4.00,0.60
2007.11.02 18:47:53.593,0.9338,0.9341,4.00,9.80
2007.11.02 18:47:53.800,0.9338,0.93405,4.00,0.80
2007.11.02 18:47:54.132,0.9338,0.9341,4.00,12.20
2007.11.02 18:47:54.465,0.9338,0.9341,4.00,12.20
2007.11.02 18:47:54.798,0.9338,0.9341,4.00,12.20
2007.11.02 18:47:55.006,0.9338,0.93405,4.00,0.90
2007.11.02 18:47:55.213,0.9338,0.93405,4.00,0.60
2007.11.02 18:47:55.469,0.9338,0.93405,4.00,0.60
2007.11.02 18:47:56.025,0.9338,0.9341,4.00,12.20
2007.11.02 18:47:57.049,0.9338,0.9341,4.00,10.60
2007.11.02 18:47:57.382,0.9338,0.93405,5.60,0.50
2007.11.02 18:47:57.715,0.9338,0.93405,5.60,0.90
2007.11.02 18:47:58.353,0.9338,0.93405,5.60,0.60
2007.11.02 18:47:58.558,0.9338,0.93405,5.60,0.70
2007.11.02 18:47:58.750,0.93385,0.9341,0.80,13.00
2007.11.02 18:47:59.059,0.93385,0.9341,0.80,10.60
2007.11.02 18:47:59.367,0.93385,0.9341,0.80,10.60
2007.11.02 18:47:59.675,0.9338,0.93405,5.60,0.70
2007.11.02 18:47:59.983,0.9338,0.9341,5.60,10.60
2007.11.02 18:48:00.786,0.9338,0.93405,5.60,0.80
2007.11.02 18:48:01.100,0.9338,0.9341,6.40,10.70
2007.11.02 18:48:01.412,0.93385,0.9341,0.80,10.60
2007.11.02 18:48:01.726,0.93385,0.9341,1.60,10.60
2007.11.02 18:48:02.139,0.93385,0.9341,1.60,10.60
2007.11.02 18:48:02.456,0.93385,0.93405,1.60,0.50
2007.11.02 18:48:02.776,0.93385,0.93405,1.60,0.50
2007.11.02 18:48:03.390,0.93385,0.93405,1.60,0.60
2007.11.02 18:48:06.033,0.93385,0.9341,1.60,9.80
2007.11.02 18:48:06.584,0.93385,0.93405,1.60,0.50
2007.11.02 18:48:06.842,0.93385,0.934,0.80,0.70
2007.11.02 18:48:07.100,0.93385,0.934,2.40,0.90
2007.11.02 18:48:07.434,0.93385,0.9341,2.40,9.80
2007.11.02 18:48:07.767,0.93385,0.9341,2.40,9.80
2007.11.02 18:48:08.099,0.93385,0.9341,2.40,9.80
2007.11.02 18:48:08.385,0.93385,0.93405,2.40,0.50
2007.11.02 18:48:09.113,0.9339,0.9341,4.00,5.80
2007.11.02 18:48:09.402,0.9339,0.9341,4.00,5.80
2007.11.02 18:48:09.808,0.9339,0.9341,4.00,5.80
2007.11.02 18:48:10.346,0.9339,0.93405,4.00,0.80
2007.11.02 18:48:10.550,0.9339,0.9341,4.00,8.60
2007.11.02 18:48:10.753,0.9338,0.934,2.40,6.60
2007.11.02 18:48:10.955,0.9338,0.934,2.40,13.00
2007.11.02 18:48:11.159,0.9338,0.934,2.40,16.20
2007.11.02 18:48:11.492,0.9337,0.93395,5.60,5.80
2007.11.02 18:48:11.825,0.9337,0.93395,5.60,6.60
2007.11.02 18:48:12.159,0.9337,0.9339,5.60,0.80
2007.11.02 18:48:12.341,0.9337,0.93395,5.60,5.80
2007.11.02 18:48:12.575,0.9337,0.93395,5.60,7.80
2007.11.02 18:48:12.758,0.9337,0.9339,5.60,0.60
2007.11.02 18:48:13.244,0.9337,0.93395,5.60,6.60
2007.11.02 18:48:13.968,0.9337,0.9339,5.60,0.80
2007.11.02 18:48:14.285,0.9337,0.93395,5.60,6.60
2007.11.02 18:48:16.031,0.9337,0.93395,5.60,6.60
2007.11.02 18:48:20.122,0.9337,0.9339,5.60,0.70
2007.11.02 18:48:20.321,0.9337,0.93395,5.60,6.60
2007.11.02 18:48:21.035,0.9337,0.93395,5.60,6.60
2007.11.02 18:48:21.347,0.9337,0.93405,5.60,18.20
2007.11.02 18:48:21.661,0.9337,0.934,5.60,0.80
2007.11.02 18:48:22.105,0.9337,0.9339,1.60,0.70
2007.11.02 18:48:22.439,0.9337,0.9339,1.60,6.60
2007.11.02 18:48:22.771,0.9337,0.9339,1.60,6.60
2007.11.02 18:48:22.953,0.9337,0.9339,1.60,6.60
2007.11.02 18:48:23.136,0.9337,0.9339,1.60,6.60
2007.11.02 18:48:23.319,0.9337,0.9339,1.60,6.60
2007.11.02 18:48:23.502,0.9337,0.9339,1.60,7.40
2007.11.02 18:48:23.684,0.9337,0.9339,1.60,7.40
2007.11.02 18:48:24.574,0.9337,0.9339,1.60,7.40
2007.11.02 18:48:26.030,0.9337,0.93385,1.60,0.50
2007.11.02 18:48:27.622,0.9337,0.9339,1.60,7.40
2007.11.02 18:48:27.956,0.9337,0.93385,1.60,0.80
2007.11.02 18:48:28.289,0.9337,0.93395,1.60,16.60
2007.11.02 18:48:30.703,0.9337,0.9339,1.60,6.60
2007.11.02 18:48:31.031,0.9337,0.9339,1.60,6.60
2007.11.02 18:48:33.056,0.9337,0.9339,5.60,6.60
2007.11.02 18:48:33.289,0.9337,0.934,5.60,7.40
2007.11.02 18:48:33.547,0.9337,0.934,5.60,3.40
2007.11.02 18:48:33.805,0.9337,0.934,5.60,3.40
2007.11.02 18:48:34.196,0.9337,0.934,5.60,3.40
2007.11.02 18:48:34.409,0.9337,0.934,5.60,3.40
2007.11.02 18:48:34.631,0.9337,0.934,5.60,3.40
2007.11.02 18:48:35.288,0.9337,0.934,5.60,3.40
2007.11.02 18:48:36.035,0.9337,0.934,5.60,3.40
2007.11.02 18:48:36.313,0.9337,0.934,5.60,3.40
2007.11.02 18:48:41.033,0.9337,0.934,5.60,3.40
2007.11.02 18:48:46.031,0.9337,0.934,5.60,3.40
2007.11.02 18:48:50.662,0.9337,0.934,5.60,0.80
2007.11.02 18:48:51.039,0.9337,0.934,5.60,0.60
2007.11.02 18:48:56.034,0.9337,0.93405,5.60,12.60
2007.11.02 18:49:00.443,0.9337,0.93405,5.60,12.60
2007.11.02 18:49:01.051,0.9337,0.93405,5.60,12.60
2007.11.02 18:49:02.290,0.9337,0.93405,5.60,12.60
2007.11.02 18:49:02.613,0.9337,0.934,7.20,0.90
2007.11.02 18:49:02.815,0.9337,0.934,7.20,0.80
2007.11.02 18:49:03.018,0.9337,0.934,7.20,0.70
2007.11.02 18:49:03.222,0.9337,0.93405,6.40,12.60
2007.11.02 18:49:03.426,0.9337,0.934,1.60,0.60
2007.11.02 18:49:04.344,0.9337,0.93405,1.60,12.60
2007.11.02 18:49:04.557,0.9337,0.934,1.60,0.60
2007.11.02 18:49:04.769,0.93375,0.93405,4.00,10.20
2007.11.02 18:49:05.065,0.93375,0.93405,5.60,10.20
2007.11.02 18:49:05.279,0.9338,0.93405,4.00,10.20
2007.11.02 18:49:05.492,0.9338,0.934,4.00,0.80
2007.11.02 18:49:05.731,0.9338,0.934,5.60,0.80
2007.11.02 18:49:06.034,0.9338,0.934,5.60,0.80
2007.11.02 18:49:06.271,0.9338,0.93405,5.60,8.60
2007.11.02 18:49:06.715,0.9338,0.934,5.60,0.80
2007.11.02 18:49:08.157,0.9338,0.934,5.60,0.80
2007.11.02 18:49:08.329,0.9338,0.93405,5.60,3.40
2007.11.02 18:49:08.503,0.9338,0.93415,5.60,13.40
2007.11.02 18:49:08.830,0.9338,0.93415,5.60,11.00
2007.11.02 18:49:09.164,0.9338,0.93415,5.60,11.00
2007.11.02 18:49:09.492,0.9338,0.93415,5.60,11.00
2007.11.02 18:49:09.680,0.9338,0.9341,5.60,0.50
2007.11.02 18:49:09.868,0.9338,0.93415,5.60,11.00
2007.11.02 18:49:10.056,0.9338,0.9341,5.60,0.50
2007.11.02 18:49:10.347,0.9338,0.93415,5.60,11.00
2007.11.02 18:49:10.535,0.9338,0.93415,7.20,11.00
2007.11.02 18:49:10.829,0.9338,0.93415,7.20,12.60
2007.11.02 18:49:11.205,0.9338,0.93415,7.20,13.40
2007.11.02 18:49:13.131,0.9338,0.93415,7.20,13.40
2007.11.02 18:49:13.371,0.9338,0.93415,6.40,13.40
2007.11.02 18:49:16.036,0.9338,0.9341,6.40,0.60
2007.11.02 18:49:20.204,0.9338,0.93415,6.40,17.40
2007.11.02 18:49:20.378,0.9338,0.93415,6.40,21.40
2007.11.02 18:49:20.551,0.9338,0.93405,6.40,0.60
2007.11.02 18:49:20.724,0.9338,0.9341,6.40,8.20
2007.11.02 18:49:21.033,0.9338,0.93405,6.40,0.80
2007.11.02 18:49:21.461,0.9338,0.9341,6.40,9.80
2007.11.02 18:49:21.768,0.9338,0.93405,6.40,0.50
2007.11.02 18:49:22.649,0.9338,0.9341,6.40,12.20
2007.11.02 18:49:22.983,0.9338,0.9341,6.40,12.20
2007.11.02 18:49:23.724,0.9338,0.9341,6.40,12.20
2007.11.02 18:49:26.041,0.9338,0.9341,6.40,12.20
2007.11.02 18:49:31.037,0.9338,0.93405,6.40,0.90
2007.11.02 18:49:36.041,0.9338,0.9341,6.40,12.20
2007.11.02 18:49:37.175,0.9338,0.9341,6.40,8.20
2007.11.02 18:49:37.508,0.9338,0.9341,5.60,0.80
2007.11.02 18:49:37.722,0.9338,0.93415,5.60,11.00
2007.11.02 18:49:38.012,0.9338,0.9341,5.60,0.70
2007.11.02 18:49:38.259,0.9338,0.93415,5.60,11.00
2007.11.02 18:49:38.552,0.9338,0.93415,5.60,11.00
2007.11.02 18:49:38.845,0.9338,0.9341,5.60,0.60
2007.11.02 18:49:39.364,0.9338,0.9341,5.60,0.70
2007.11.02 18:49:39.633,0.9338,0.9341,5.60,0.60
2007.11.02 18:49:41.036,0.9338,0.9341,5.60,0.60
2007.11.02 18:49:41.273,0.9338,0.9341,5.60,0.80
2007.11.02 18:49:42.889,0.9338,0.9341,5.60,0.50
2007.11.02 18:49:43.103,0.9338,0.9341,5.60,3.40
2007.11.02 18:49:43.258,0.9338,0.9341,6.40,3.40
2007.11.02 18:49:46.035,0.9338,0.9341,6.40,3.40
2007.11.02 18:49:51.036,0.9338,0.9341,6.40,3.40
2007.11.02 18:49:55.183,0.9338,0.9341,2.00,3.40
2007.11.02 18:49:56.034,0.93375,0.9341,16.40,3.40
2007.11.02 18:50:01.038,0.93375,0.9341,16.40,3.40
2007.11.02 18:50:06.045,0.93375,0.9341,16.40,3.40
2007.11.02 18:50:07.574,0.9338,0.9341,7.00,3.40
2007.11.02 18:50:07.752,0.9338,0.9341,3.80,3.40
2007.11.02 18:50:07.930,0.93385,0.9341,0.80,0.80
2007.11.02 18:50:08.108,0.9338,0.9341,10.60,0.80
2007.11.02 18:50:08.287,0.9338,0.93415,10.60,4.20
2007.11.02 18:50:08.464,0.93385,0.93415,1.60,4.20
2007.11.02 18:50:08.642,0.9338,0.93415,10.60,4.20
2007.11.02 18:50:08.966,0.9338,0.9341,10.60,3.40
2007.11.02 18:50:09.289,0.93385,0.9341,0.90,3.40
2007.11.02 18:50:09.611,0.93385,0.93415,2.20,3.40
2007.11.02 18:50:09.934,0.93385,0.93415,3.70,3.40
2007.11.02 18:50:10.435,0.9338,0.93415,14.80,3.40
2007.11.02 18:50:10.743,0.9338,0.93415,14.80,3.40
2007.11.02 18:50:11.038,0.93385,0.93415,0.60,3.40
2007.11.02 18:50:16.038,0.9338,0.93415,14.80,3.40
2007.11.02 18:50:16.371,0.93385,0.93415,0.60,3.40
2007.11.02 18:50:16.623,0.93385,0.93415,0.60,4.20
2007.11.02 18:50:18.824,0.9338,0.93415,14.80,4.20
2007.11.02 18:50:19.008,0.9338,0.93415,15.60,3.40
2007.11.02 18:50:19.739,0.9339,0.93415,1.40,3.40
2007.11.02 18:50:20.004,0.93385,0.9342,16.40,4.20
2007.11.02 18:50:20.346,0.93385,0.9342,16.40,4.20
2007.11.02 18:50:20.569,0.93385,0.9342,16.40,3.40
2007.11.02 18:50:20.793,0.9339,0.9342,1.30,3.40
2007.11.02 18:50:21.030,0.9339,0.9342,1.70,3.40
2007.11.02 18:50:21.256,0.93385,0.9342,14.00,4.20
2007.11.02 18:50:21.589,0.9339,0.9342,1.80,4.20
2007.11.02 18:50:21.942,0.9339,0.9342,2.00,4.20
2007.11.02 18:50:22.275,0.93385,0.93415,15.60,1.00
2007.11.02 18:50:22.479,0.93385,0.93415,18.00,1.00
2007.11.02 18:50:22.682,0.9339,0.93415,4.00,1.00
2007.11.02 18:50:22.884,0.934,0.93415,4.00,1.00
2007.11.02 18:50:23.088,0.934,0.93415,4.00,0.30
2007.11.02 18:50:23.357,0.934,0.93425,4.00,9.40
2007.11.02 18:50:23.625,0.934,0.93425,4.00,9.40
2007.11.02 18:50:23.893,0.934,0.93425,4.00,9.40
2007.11.02 18:50:24.186,0.934,0.93425,4.00,9.40
2007.11.02 18:50:24.403,0.934,0.93425,4.00,9.40
2007.11.02 18:50:25.615,0.93395,0.93425,8.80,9.40
2007.11.02 18:50:26.030,0.93395,0.93425,8.80,9.40
2007.11.02 18:50:30.333,0.934,0.93425,4.00,11.80
2007.11.02 18:50:30.628,0.934,0.93425,4.00,11.80
2007.11.02 18:50:30.999,0.93395,0.9342,0.80,2.60
2007.11.02 18:50:31.255,0.9339,0.9342,8.80,4.20
2007.11.02 18:50:31.505,0.9339,0.9342,6.40,4.20
2007.11.02 18:50:31.838,0.9339,0.9342,6.40,4.20
2007.11.02 18:50:32.172,0.9339,0.9342,6.40,4.20
2007.11.02 18:50:32.504,0.9339,0.9342,6.40,4.20
2007.11.02 18:50:32.859,0.9339,0.9342,6.40,4.20
2007.11.02 18:50:33.119,0.93395,0.9342,0.80,3.40
2007.11.02 18:50:33.326,0.93395,0.9342,0.80,3.40
2007.11.02 18:50:33.620,0.93395,0.9342,0.80,3.40
2007.11.02 18:50:33.914,0.934,0.9341,4.00,0.80
2007.11.02 18:50:34.208,0.934,0.9341,4.00,0.80
2007.11.02 18:50:34.507,0.934,0.9341,4.00,0.80
2007.11.02 18:50:34.719,0.934,0.9341,4.00,0.80
2007.11.02 18:50:34.977,0.934,0.9341,4.00,0.80
2007.11.02 18:50:35.195,0.934,0.9341,4.00,0.80
2007.11.02 18:50:35.501,0.934,0.9341,4.00,0.80
2007.11.02 18:50:36.037,0.934,0.9341,4.00,0.80
2007.11.02 18:50:38.532,0.934,0.9341,4.00,0.80
2007.11.02 18:50:38.841,0.934,0.9341,4.00,0.80
2007.11.02 18:50:39.132,0.934,0.9341,4.00,0.80
2007.11.02 18:50:40.165,0.934,0.9341,4.00,0.80
2007.11.02 18:50:40.397,0.934,0.9341,4.00,0.80
2007.11.02 18:50:41.029,0.934,0.9341,4.00,0.80
2007.11.02 18:50:44.538,0.934,0.9341,4.00,0.80
2007.11.02 18:50:46.034,0.934,0.9341,4.00,0.80
2007.11.02 18:50:49.410,0.934,0.9341,4.00,0.80
2007.11.02 18:50:49.766,0.934,0.9341,4.00,0.80
2007.11.02 18:50:50.099,0.934,0.9341,4.00,0.80
2007.11.02 18:50:50.248,0.934,0.9341,4.00,0.80
2007.11.02 18:50:50.396,0.934,0.9341,4.00,0.80
2007.11.02 18:50:50.543,0.934,0.9341,4.00,0.80
2007.11.02 18:50:50.692,0.934,0.9341,4.00,0.80
2007.11.02 18:50:50.840,0.934,0.9341,4.00,0.80
2007.11.02 18:50:50.988,0.934,0.9341,4.00,0.80
2007.11.02 18:50:51.136,0.934,0.9341,4.00,0.80
2007.11.02 18:50:51.469,0.934,0.9341,4.00,0.80
2007.11.02 18:50:51.803,0.934,0.9341,4.00,0.80
2007.11.02 18:50:52.319,0.934,0.9341,4.00,0.80
2007.11.02 18:50:52.557,0.934,0.9341,4.00,0.80
2007.11.02 18:50:52.934,0.934,0.9341,4.00,0.80
2007.11.02 18:50:53.759,0.934,0.9341,4.00,0.80
2007.11.02 18:50:54.129,0.934,0.9341,4.00,0.80
2007.11.02 18:50:56.041,0.934,0.9341,4.00,0.80
2007.11.02 18:50:58.017,0.934,0.9341,4.00,0.80
2007.11.02 18:50:58.328,0.934,0.9341,4.00,0.80
2007.11.02 18:50:58.639,0.934,0.9341,4.00,0.80
2007.11.02 18:50:58.927,0.934,0.9341,4.00,0.80
2007.11.02 18:50:59.215,0.934,0.9341,4.00,0.80
2007.11.02 18:51:00.670,0.934,0.9341,4.00,0.80
2007.11.02 18:51:00.894,0.934,0.9341,4.00,0.80
2007.11.02 18:51:01.117,0.934,0.9341,4.00,0.80
2007.11.02 18:51:01.394,0.934,0.9341,4.00,0.80
2007.11.02 18:51:01.727,0.934,0.9341,4.00,0.80
2007.11.02 18:51:02.060,0.934,0.9341,4.00,0.80
2007.11.02 18:51:02.394,0.934,0.9341,4.00,0.80
2007.11.02 18:51:02.617,0.93405,0.9341,1.60,0.80
2007.11.02 18:51:02.840,0.93405,0.9341,1.60,1.60
2007.11.02 18:51:03.062,0.93405,0.9341,1.60,1.60
2007.11.02 18:51:03.366,0.93405,0.9341,1.60,1.60
2007.11.02 18:51:03.695,0.93405,0.9341,2.10,1.60
2007.11.02 18:51:04.023,0.93405,0.9341,2.10,1.60
2007.11.02 18:51:04.351,0.93405,0.9341,5.20,1.60
2007.11.02 18:51:04.679,0.9341,0.93425,4.60,4.00
2007.11.02 18:51:04.896,0.9341,0.93425,4.00,4.00
2007.11.02 18:51:05.114,0.9341,0.93425,5.60,4.00
2007.11.02 18:51:05.341,0.9341,0.93425,5.60,4.00
2007.11.02 18:51:05.559,0.9341,0.93425,5.60,4.00
2007.11.02 18:51:06.036,0.9341,0.93425,5.60,4.00
2007.11.02 18:51:06.305,0.9341,0.93425,5.60,4.00
2007.11.02 18:51:06.572,0.9341,0.93425,5.60,4.00
2007.11.02 18:51:11.039,0.9341,0.93425,5.60,4.00
2007.11.02 18:51:13.328,0.9342,0.93425,4.00,4.00
2007.11.02 18:51:13.531,0.9342,0.93425,4.00,4.00
2007.11.02 18:51:13.734,0.9342,0.93425,4.00,4.00
2007.11.02 18:51:14.022,0.9342,0.93425,4.00,4.00
2007.11.02 18:51:14.404,0.9342,0.93425,4.00,2.40
2007.11.02 18:51:14.692,0.9342,0.93425,4.00,2.40
2007.11.02 18:51:15.450,0.9342,0.93425,4.00,2.40
2007.11.02 18:51:16.039,0.9342,0.93425,4.00,2.40
2007.11.02 18:51:16.412,0.9341,0.93425,4.00,2.40
2007.11.02 18:51:16.665,0.9341,0.93425,4.00,2.40
2007.11.02 18:51:16.918,0.9341,0.93425,5.60,4.00
2007.11.02 18:51:17.484,0.9341,0.93425,5.60,4.00
2007.11.02 18:51:17.817,0.9341,0.93425,5.60,4.00
2007.11.02 18:51:18.151,0.9341,0.93425,5.60,4.00
2007.11.02 18:51:20.237,0.9341,0.93425,5.60,4.00
2007.11.02 18:51:20.840,0.9342,0.93425,4.00,4.00
2007.11.02 18:51:21.060,0.9342,0.93425,4.00,4.00
2007.11.02 18:51:21.382,0.9342,0.93425,4.00,4.00
2007.11.02 18:51:21.675,0.9342,0.93425,4.00,4.00
2007.11.02 18:51:22.207,0.9342,0.93425,4.00,4.00
2007.11.02 18:51:23.848,0.9342,0.9343,4.00,6.40
2007.11.02 18:51:24.285,0.9342,0.93425,4.00,0.70
2007.11.02 18:51:26.036,0.9342,0.9343,4.00,6.40
2007.11.02 18:51:30.292,0.9342,0.9343,4.00,6.40
2007.11.02 18:51:31.038,0.9342,0.9343,4.00,6.40
2007.11.02 18:51:33.117,0.9342,0.93425,4.00,0.60
2007.11.02 18:51:36.042,0.9342,0.9343,4.00,6.40
2007.11.02 18:51:36.240,0.9342,0.93425,4.00,0.70
2007.11.02 18:51:36.574,0.9342,0.93445,4.80,11.60
2007.11.02 18:51:36.907,0.9344,0.93445,4.00,7.20
2007.11.02 18:51:37.241,0.9344,0.9345,4.00,3.40
2007.11.02 18:51:37.429,0.9342,0.9345,8.00,3.40
2007.11.02 18:51:37.620,0.9342,0.93455,11.40,9.20
2007.11.02 18:51:37.808,0.9342,0.9345,11.40,0.80
2007.11.02 18:51:37.994,0.9342,0.93455,8.80,11.80
2007.11.02 18:51:38.183,0.9342,0.93455,8.80,11.80
2007.11.02 18:51:38.516,0.9342,0.9345,10.40,0.90
2007.11.02 18:51:38.849,0.9342,0.9345,10.40,0.60
2007.11.02 18:51:39.182,0.9342,0.93445,10.40,0.20
2007.11.02 18:51:39.395,0.9342,0.93445,10.40,0.20
2007.11.02 18:51:39.608,0.9342,0.9345,10.40,4.60
2007.11.02 18:51:41.029,0.9342,0.9345,10.40,4.60
2007.11.02 18:51:41.361,0.9342,0.93445,8.00,0.40
2007.11.02 18:51:41.857,0.9342,0.9345,8.00,4.60
2007.11.02 18:51:42.155,0.9342,0.9345,7.20,4.60
2007.11.02 18:51:42.453,0.9342,0.93445,7.20,0.60
2007.11.02 18:51:42.691,0.9342,0.9345,4.80,8.50
2007.11.02 18:51:42.929,0.9342,0.93445,4.80,0.90
2007.11.02 18:51:43.643,0.9342,0.9345,4.80,8.50
2007.11.02 18:51:43.906,0.9342,0.93445,4.00,0.80
2007.11.02 18:51:44.170,0.9342,0.93445,4.00,0.80
2007.11.02 18:51:45.405,0.9342,0.93445,4.00,0.90
2007.11.02 18:51:46.029,0.9342,0.9345,4.00,8.50
2007.11.02 18:51:47.098,0.9342,0.9345,4.00,8.40
2007.11.02 18:51:47.431,0.9342,0.9345,4.00,3.80
2007.11.02 18:51:47.599,0.9342,0.9345,4.00,3.80
2007.11.02 18:51:48.291,0.9342,0.9345,7.20,3.80
2007.11.02 18:51:48.495,0.9342,0.93445,7.20,0.40
2007.11.02 18:51:49.568,0.9342,0.9345,7.20,3.80
2007.11.02 18:51:50.307,0.9342,0.93445,7.20,0.40
2007.11.02 18:51:50.921,0.9342,0.93445,7.20,0.40
2007.11.02 18:51:51.941,0.9342,0.93445,7.20,1.10
2007.11.02 18:51:52.250,0.9342,0.9344,7.20,0.20
2007.11.02 18:51:52.559,0.9342,0.9344,7.20,0.40
2007.11.02 18:51:53.203,0.9342,0.9344,7.20,0.40
2007.11.02 18:51:53.447,0.9342,0.9344,7.20,0.40
2007.11.02 18:51:56.038,0.9342,0.9344,7.20,0.40
2007.11.02 18:51:56.313,0.9342,0.9344,7.20,0.40
2007.11.02 18:51:56.586,0.9342,0.93435,4.00,2.40
2007.11.02 18:51:56.935,0.9342,0.93435,4.00,0.80
2007.11.02 18:51:57.268,0.9342,0.93435,4.00,0.80
2007.11.02 18:51:57.600,0.9342,0.93435,4.00,0.80
2007.11.02 18:51:57.805,0.9342,0.93435,4.00,0.80
2007.11.02 18:51:58.007,0.9342,0.93435,4.00,0.80
2007.11.02 18:51:58.210,0.9342,0.93435,4.00,0.80
2007.11.02 18:52:01.038,0.9342,0.93435,4.00,0.80
2007.11.02 18:52:01.637,0.9342,0.93435,4.00,0.80
2007.11.02 18:52:01.891,0.9342,0.93435,4.00,0.80
2007.11.02 18:52:02.258,0.9342,0.93435,4.00,0.80
2007.11.02 18:52:02.590,0.9342,0.9344,4.00,0.40
2007.11.02 18:52:02.924,0.9342,0.9344,4.00,0.40
2007.11.02 18:52:03.495,0.9342,0.9344,4.00,0.40
2007.11.02 18:52:03.813,0.9342,0.9344,4.00,0.40
2007.11.02 18:52:04.125,0.9342,0.9344,4.00,0.40
2007.11.02 18:52:04.440,0.9342,0.9344,4.00,0.40
2007.11.02 18:52:04.753,0.9342,0.9344,4.00,0.40
2007.11.02 18:52:05.065,0.9342,0.9344,4.00,0.40
2007.11.02 18:52:05.305,0.9342,0.9344,4.00,0.20
2007.11.02 18:52:05.543,0.9342,0.93445,4.00,1.10
2007.11.02 18:52:05.789,0.9342,0.9345,4.00,4.20
2007.11.02 18:52:06.029,0.9342,0.9345,4.00,4.20
2007.11.02 18:52:06.295,0.9342,0.9345,4.00,4.20
2007.11.02 18:52:06.554,0.9342,0.9345,4.00,4.20
2007.11.02 18:52:06.812,0.9342,0.9345,4.00,4.20
2007.11.02 18:52:11.033,0.9342,0.9345,4.00,4.20
2007.11.02 18:52:15.720,0.9342,0.9345,4.00,4.20
2007.11.02 18:52:15.938,0.9342,0.9345,4.00,4.20
2007.11.02 18:52:21.033,0.9342,0.9345,4.00,4.20
2007.11.02 18:52:22.653,0.9342,0.9345,4.00,4.20
2007.11.02 18:52:22.842,0.9342,0.9345,4.00,4.20
2007.11.02 18:52:23.029,0.9342,0.9345,5.60,4.20
2007.11.02 18:52:23.223,0.9342,0.9345,5.60,4.20
2007.11.02 18:52:24.244,0.9342,0.9345,5.60,4.20
2007.11.02 18:52:25.603,0.9342,0.9345,5.60,4.20
2007.11.02 18:52:26.044,0.9342,0.9345,5.60,4.20
2007.11.02 18:52:29.118,0.9342,0.93455,5.60,13.40
2007.11.02 18:52:30.343,0.93435,0.9345,0.30,0.50
2007.11.02 18:52:31.041,0.93435,0.93455,0.30,13.40
2007.11.02 18:52:36.045,0.93435,0.93455,0.30,13.40
2007.11.02 18:52:38.075,0.93435,0.93455,0.30,11.00
2007.11.02 18:52:38.238,0.93435,0.9345,0.30,0.50
2007.11.02 18:52:38.551,0.93435,0.9345,0.30,0.60
2007.11.02 18:52:38.864,0.93435,0.93455,0.30,10.20
2007.11.02 18:52:39.177,0.93435,0.93455,0.30,10.20
2007.11.02 18:52:39.360,0.93435,0.9345,0.30,0.50
2007.11.02 18:52:39.888,0.93435,0.9345,0.30,0.50
2007.11.02 18:52:40.071,0.93435,0.9345,0.30,0.80
2007.11.02 18:52:40.255,0.93435,0.93455,0.30,8.20
2007.11.02 18:52:40.518,0.93435,0.9345,0.30,0.80
2007.11.02 18:52:41.047,0.93435,0.93455,0.30,10.20
2007.11.02 18:52:43.535,0.9344,0.93455,4.00,10.20
2007.11.02 18:52:43.818,0.9344,0.9345,4.00,0.90
2007.11.02 18:52:44.101,0.9344,0.93455,4.00,5.60
2007.11.02 18:52:44.485,0.9344,0.9345,4.00,0.90
2007.11.02 18:52:45.089,0.9344,0.93455,4.00,5.60
2007.11.02 18:52:46.038,0.9344,0.93455,4.00,5.60
2007.11.02 18:52:46.735,0.9344,0.93455,4.00,5.60
2007.11.02 18:52:47.245,0.9344,0.93455,4.00,5.60
2007.11.02 18:52:50.823,0.9344,0.93455,4.00,6.40
2007.11.02 18:52:53.163,0.93435,0.93455,4.30,8.00
2007.11.02 18:52:53.257,0.93435,0.93455,6.60,6.40
2007.11.02 18:52:56.037,0.9344,0.9345,4.00,0.90
2007.11.02 18:53:01.040,0.9344,0.9345,4.00,1.60
2007.11.02 18:53:04.743,0.9344,0.9345,4.00,1.60
2007.11.02 18:53:06.033,0.9344,0.9345,4.00,1.60
2007.11.02 18:53:06.676,0.9344,0.9345,4.00,1.60
2007.11.02 18:53:07.010,0.9344,0.9345,4.00,1.60
2007.11.02 18:53:07.343,0.9344,0.9345,4.00,1.60
2007.11.02 18:53:07.677,0.9344,0.9345,4.00,1.60
2007.11.02 18:53:08.412,0.9344,0.9345,4.00,1.60
2007.11.02 18:53:08.737,0.9344,0.9345,4.00,1.60
2007.11.02 18:53:09.070,0.9344,0.9345,4.00,1.60
2007.11.02 18:53:09.474,0.9344,0.9345,4.00,1.60
2007.11.02 18:53:09.692,0.9344,0.9345,4.00,1.60
2007.11.02 18:53:11.045,0.9344,0.9345,4.00,1.60
2007.11.02 18:53:12.413,0.9344,0.9345,4.00,1.60
2007.11.02 18:53:12.746,0.9344,0.9345,4.00,0.80
2007.11.02 18:53:12.964,0.9344,0.93455,4.00,0.80
2007.11.02 18:53:13.181,0.9344,0.93455,4.00,0.80
2007.11.02 18:53:13.400,0.9344,0.93455,4.00,0.80
2007.11.02 18:53:13.618,0.9344,0.93455,4.00,0.80
2007.11.02 18:53:13.907,0.9344,0.93455,4.00,0.80
2007.11.02 18:53:14.194,0.9344,0.93455,4.80,0.80
2007.11.02 18:53:14.483,0.9344,0.93455,4.80,0.80
2007.11.02 18:53:14.771,0.9344,0.93455,4.80,0.80
2007.11.02 18:53:15.276,0.9344,0.93455,4.80,0.80
2007.11.02 18:53:16.031,0.9344,0.93455,4.80,0.80
2007.11.02 18:53:17.129,0.9344,0.93455,4.00,0.80
2007.11.02 18:53:17.766,0.9344,0.93455,4.00,0.80
2007.11.02 18:53:18.160,0.9344,0.93455,4.00,0.80
2007.11.02 18:53:18.332,0.9344,0.93455,4.00,0.80
2007.11.02 18:53:18.506,0.9344,0.93455,4.00,0.80
2007.11.02 18:53:19.457,0.9344,0.9346,4.00,1.60
2007.11.02 18:53:19.790,0.9344,0.9346,4.00,1.60
2007.11.02 18:53:19.989,0.9344,0.9346,4.00,1.60
2007.11.02 18:53:21.038,0.9344,0.9346,4.00,1.60
2007.11.02 18:53:23.473,0.9344,0.9346,4.00,0.80
2007.11.02 18:53:24.586,0.9344,0.9346,4.00,1.60
2007.11.02 18:53:24.904,0.9344,0.9346,4.00,1.60
2007.11.02 18:53:25.117,0.9344,0.9346,4.00,1.60
2007.11.02 18:53:26.035,0.9344,0.9346,4.00,1.60
2007.11.02 18:53:26.309,0.9344,0.9346,4.00,1.60
2007.11.02 18:53:29.752,0.9344,0.9346,4.00,1.60
2007.11.02 18:53:30.021,0.9344,0.9346,4.00,4.20
2007.11.02 18:53:30.300,0.9344,0.9346,4.00,4.20
2007.11.02 18:53:30.577,0.9344,0.9346,4.00,4.20
2007.11.02 18:53:30.856,0.9344,0.9346,4.00,4.20
2007.11.02 18:53:31.134,0.9344,0.9346,4.00,4.20
2007.11.02 18:53:31.422,0.9344,0.9346,4.00,4.20
2007.11.02 18:53:32.706,0.9344,0.9346,4.00,4.20
2007.11.02 18:53:33.040,0.9344,0.9346,4.00,1.60
2007.11.02 18:53:33.372,0.9344,0.9346,4.00,1.60
2007.11.02 18:53:33.590,0.9344,0.9346,4.00,1.60
2007.11.02 18:53:33.883,0.9344,0.9346,4.00,1.60
2007.11.02 18:53:34.100,0.9344,0.9346,4.00,1.60
2007.11.02 18:53:36.036,0.9344,0.9346,4.00,1.60
2007.11.02 18:53:41.047,0.93435,0.9346,2.40,1.60
2007.11.02 18:53:43.144,0.9345,0.9346,4.00,1.60
2007.11.02 18:53:43.322,0.9345,0.9346,4.00,1.60
2007.11.02 18:53:43.501,0.9345,0.9346,4.00,1.60
2007.11.02 18:53:43.679,0.9345,0.9346,5.60,1.60
2007.11.02 18:53:44.501,0.9345,0.9346,5.60,1.60
2007.11.02 18:53:44.825,0.9345,0.9346,5.60,1.60
2007.11.02 18:53:46.032,0.9345,0.9346,5.60,1.60
2007.11.02 18:53:46.711,0.9345,0.9346,4.00,1.60
2007.11.02 18:53:47.044,0.9345,0.9346,4.00,1.60
2007.11.02 18:53:47.755,0.9345,0.9346,4.00,1.60
2007.11.02 18:53:48.519,0.9345,0.93465,4.00,8.40
2007.11.02 18:53:50.446,0.9345,0.9346,4.00,0.70
2007.11.02 18:53:50.649,0.9345,0.9347,4.00,14.20
2007.11.02 18:53:50.853,0.9345,0.93465,4.00,0.60
2007.11.02 18:53:51.106,0.9345,0.93465,4.00,0.70
2007.11.02 18:53:51.359,0.9345,0.93465,4.00,0.50
2007.11.02 18:53:51.612,0.9345,0.93465,4.00,0.70
2007.11.02 18:53:51.874,0.9345,0.93465,4.00,0.60
2007.11.02 18:53:52.207,0.9345,0.9347,4.00,4.80
2007.11.02 18:53:52.540,0.9345,0.9347,4.00,4.80
2007.11.02 18:53:55.615,0.9346,0.9347,4.00,4.80
2007.11.02 18:53:55.838,0.9346,0.9347,4.00,4.80
2007.11.02 18:53:56.061,0.9346,0.93475,5.60,7.60
2007.11.02 18:53:56.300,0.9346,0.93475,5.60,8.40
2007.11.02 18:53:56.538,0.9346,0.9347,5.60,0.70
2007.11.02 18:53:56.776,0.9346,0.93475,5.60,6.40
2007.11.02 18:53:57.014,0.9346,0.93475,5.60,6.40
2007.11.02 18:53:57.252,0.9346,0.93475,5.60,6.40
2007.11.02 18:53:58.204,0.9346,0.93475,5.60,6.40
2007.11.02 18:53:59.129,0.9346,0.93475,1.60,6.40
2007.11.02 18:53:59.447,0.9346,0.93475,1.60,14.20
2007.11.02 18:53:59.766,0.9344,0.93475,5.60,14.20
2007.11.02 18:54:00.084,0.9344,0.9347,5.60,0.70
2007.11.02 18:54:00.402,0.9344,0.9347,6.40,0.90
2007.11.02 18:54:00.620,0.9344,0.9347,6.40,0.50
2007.11.02 18:54:00.838,0.9344,0.93475,6.40,14.20
2007.11.02 18:54:01.173,0.9344,0.9347,6.40,9.00
2007.11.02 18:54:01.507,0.9344,0.9347,5.60,13.80
2007.11.02 18:54:01.841,0.9344,0.9347,4.80,13.00
2007.11.02 18:54:02.309,0.9344,0.9347,4.80,13.00
2007.11.02 18:54:02.600,0.9344,0.9347,4.80,13.00
2007.11.02 18:54:02.792,0.9344,0.9347,4.80,13.00
2007.11.02 18:54:02.985,0.9344,0.9347,4.80,13.00
2007.11.02 18:54:03.179,0.9344,0.9347,4.80,13.00
2007.11.02 18:54:03.372,0.9344,0.9347,6.40,13.00
2007.11.02 18:54:03.700,0.9345,0.9347,4.00,9.00
2007.11.02 18:54:04.027,0.9345,0.9347,4.00,9.00
2007.11.02 18:54:04.355,0.9345,0.9347,5.60,6.60
2007.11.02 18:54:04.598,0.9345,0.9347,5.60,6.60
2007.11.02 18:54:04.841,0.9345,0.9347,5.60,6.60
2007.11.02 18:54:05.140,0.9345,0.93465,5.60,0.80
2007.11.02 18:54:06.040,0.9345,0.9347,5.60,6.60
2007.11.02 18:54:06.385,0.9345,0.9347,5.60,6.60
2007.11.02 18:54:07.528,0.9345,0.9347,5.60,6.60
2007.11.02 18:54:08.338,0.9345,0.9347,5.60,6.60
2007.11.02 18:54:08.632,0.9345,0.93465,5.60,0.80
2007.11.02 18:54:08.925,0.9345,0.9347,5.60,0.80
2007.11.02 18:54:11.039,0.9345,0.9347,5.60,0.90
2007.11.02 18:54:14.234,0.9345,0.93475,5.60,6.60
2007.11.02 18:54:14.567,0.93465,0.93485,0.80,0.50
2007.11.02 18:54:14.900,0.93465,0.9349,0.80,6.60
2007.11.02 18:54:15.068,0.93465,0.93495,3.20,9.40
2007.11.02 18:54:15.237,0.93465,0.93495,4.00,5.40
2007.11.02 18:54:15.406,0.93465,0.9349,4.00,0.50
2007.11.02 18:54:15.574,0.93465,0.9349,4.00,0.60
2007.11.02 18:54:15.741,0.93465,0.9349,4.00,0.90
2007.11.02 18:54:16.075,0.93465,0.9349,4.00,0.90
2007.11.02 18:54:16.408,0.9347,0.93495,4.00,0.50
2007.11.02 18:54:16.740,0.9347,0.93495,5.60,2.60
2007.11.02 18:54:17.064,0.9347,0.93495,5.60,5.00
2007.11.02 18:54:17.386,0.9347,0.9349,5.60,0.80
2007.11.02 18:54:17.710,0.9347,0.93495,5.60,7.80
2007.11.02 18:54:17.927,0.9347,0.93495,5.60,3.40
2007.11.02 18:54:18.147,0.9347,0.93495,5.60,3.40
2007.11.02 18:54:18.364,0.9347,0.93495,5.60,3.40
2007.11.02 18:54:18.582,0.9347,0.93495,5.60,3.40
2007.11.02 18:54:18.800,0.9347,0.93495,5.60,4.20
2007.11.02 18:54:19.061,0.9347,0.93495,5.60,4.20
2007.11.02 18:54:19.289,0.9347,0.93495,5.60,6.20
2007.11.02 18:54:19.516,0.9347,0.93495,5.60,6.20
2007.11.02 18:54:20.007,0.9347,0.93495,5.60,6.20
2007.11.02 18:54:20.519,0.9347,0.93495,5.60,6.20
2007.11.02 18:54:21.050,0.9347,0.93495,5.60,6.20
2007.11.02 18:54:22.565,0.9347,0.93495,5.60,5.40
2007.11.02 18:54:22.898,0.9347,0.9349,5.60,2.60
2007.11.02 18:54:23.231,0.9347,0.9349,5.60,2.60
2007.11.02 18:54:23.424,0.9347,0.9349,5.60,2.60
2007.11.02 18:54:23.618,0.9347,0.9349,4.80,2.60
2007.11.02 18:54:23.979,0.9347,0.9349,4.80,2.60
2007.11.02 18:54:24.492,0.9347,0.9349,4.80,2.60
2007.11.02 18:54:25.794,0.9347,0.9349,4.80,2.60
2007.11.02 18:54:25.991,0.9347,0.93495,4.80,3.40
2007.11.02 18:54:26.190,0.9347,0.93495,4.80,3.40
2007.11.02 18:54:26.472,0.9347,0.93495,4.80,3.40
2007.11.02 18:54:26.756,0.9347,0.93495,4.00,3.40
2007.11.02 18:54:27.070,0.9347,0.93495,4.00,3.40
2007.11.02 18:54:28.522,0.9347,0.93495,4.00,3.40
2007.11.02 18:54:28.720,0.9347,0.93495,4.00,4.20
2007.11.02 18:54:28.918,0.9347,0.93495,4.00,6.20
2007.11.02 18:54:29.116,0.9347,0.93495,4.00,6.20
2007.11.02 18:54:29.563,0.9347,0.93495,4.00,7.00
2007.11.02 18:54:29.851,0.9347,0.9349,4.00,0.80
2007.11.02 18:54:30.139,0.9347,0.9349,4.00,0.80
2007.11.02 18:54:30.370,0.9347,0.9349,4.00,0.80
2007.11.02 18:54:30.597,0.9347,0.9349,4.00,0.80
2007.11.02 18:54:30.826,0.93465,0.9349,0.80,0.80
2007.11.02 18:54:31.054,0.9346,0.9349,5.60,5.00
2007.11.02 18:54:31.283,0.9346,0.9349,5.60,5.00
2007.11.02 18:54:31.621,0.9346,0.93485,5.60,0.80
2007.11.02 18:54:31.954,0.9346,0.93485,5.60,0.80
2007.11.02 18:54:32.288,0.9346,0.93485,1.60,0.80
2007.11.02 18:54:32.485,0.93455,0.93485,0.80,3.40
2007.11.02 18:54:32.681,0.93455,0.93485,0.80,3.40
2007.11.02 18:54:32.874,0.93455,0.93485,0.80,8.60
2007.11.02 18:54:33.067,0.93455,0.9348,0.80,2.60
2007.11.02 18:54:33.259,0.93455,0.9348,0.80,2.60
2007.11.02 18:54:33.452,0.93455,0.9348,0.80,2.60
2007.11.02 18:54:33.775,0.93455,0.9348,0.80,2.60
2007.11.02 18:54:34.125,0.93455,0.9348,0.80,2.60
2007.11.02 18:54:34.448,0.93455,0.9348,1.60,2.60
2007.11.02 18:54:34.631,0.93455,0.9348,1.60,2.60
2007.11.02 18:54:34.815,0.9346,0.9348,4.00,2.60
2007.11.02 18:54:35.077,0.9346,0.93485,5.60,5.40
2007.11.02 18:54:35.315,0.9346,0.93485,5.60,5.40
2007.11.02 18:54:35.499,0.9346,0.93485,5.60,3.40
2007.11.02 18:54:35.832,0.9346,0.9349,5.60,3.40
2007.11.02 18:54:36.165,0.9346,0.9349,5.60,3.40
2007.11.02 18:54:36.501,0.9346,0.9349,5.60,3.40
2007.11.02 18:54:36.831,0.9346,0.9349,5.60,3.40
2007.11.02 18:54:39.892,0.9346,0.9349,5.60,3.40
2007.11.02 18:54:41.033,0.9346,0.9349,5.60,3.40
2007.11.02 18:54:45.748,0.9346,0.93495,5.60,11.80
2007.11.02 18:54:46.035,0.9346,0.93495,5.60,11.80
2007.11.02 18:54:48.795,0.9346,0.9349,5.60,3.40
2007.11.02 18:54:49.054,0.93465,0.9349,0.80,3.40
2007.11.02 18:54:49.313,0.93465,0.9349,2.40,2.60
2007.11.02 18:54:49.572,0.93475,0.9349,1.60,2.60
2007.11.02 18:54:49.830,0.93475,0.9349,1.60,2.60
2007.11.02 18:54:50.065,0.93475,0.93495,1.60,2.60
2007.11.02 18:54:50.292,0.9347,0.93495,4.00,2.60
2007.11.02 18:54:50.563,0.9347,0.93495,4.00,2.60
2007.11.02 18:54:50.791,0.9347,0.93495,4.00,4.60
2007.11.02 18:54:51.020,0.9347,0.93495,4.00,2.60
2007.11.02 18:54:51.338,0.9347,0.93495,4.00,2.60
2007.11.02 18:54:51.737,0.9347,0.93495,4.00,2.60
2007.11.02 18:54:52.056,0.9347,0.93495,4.00,2.60
2007.11.02 18:54:52.374,0.9347,0.93495,4.00,2.60
2007.11.02 18:54:52.698,0.9347,0.93495,4.00,2.60
2007.11.02 18:54:53.153,0.9347,0.93495,4.00,2.60
2007.11.02 18:54:56.032,0.9347,0.93495,4.00,2.60
2007.11.02 18:55:01.061,0.9347,0.93495,4.00,2.60
2007.11.02 18:55:01.294,0.9347,0.93495,4.00,2.60
2007.11.02 18:55:01.628,0.9349,0.93505,4.00,3.20
2007.11.02 18:55:01.961,0.9349,0.9351,5.60,3.40
2007.11.02 18:55:02.294,0.9349,0.9351,5.60,3.40
2007.11.02 18:55:02.583,0.9349,0.9351,5.60,3.40
2007.11.02 18:55:02.796,0.9349,0.9351,5.60,3.40
2007.11.02 18:55:02.922,0.9349,0.9351,2.30,3.40
2007.11.02 18:55:03.011,0.93485,0.9351,7.20,3.40
2007.11.02 18:55:03.493,0.9349,0.9351,1.00,3.40
2007.11.02 18:55:03.786,0.93485,0.9351,7.20,3.40
2007.11.02 18:55:04.080,0.9348,0.93505,5.60,10.20
2007.11.02 18:55:04.373,0.9347,0.935,7.20,0.80
2007.11.02 18:55:04.666,0.9347,0.935,7.20,0.80
2007.11.02 18:55:04.894,0.9347,0.935,8.00,0.80
2007.11.02 18:55:05.123,0.93465,0.935,14.00,3.40
2007.11.02 18:55:05.352,0.9347,0.935,1.10,3.40
2007.11.02 18:55:05.582,0.9347,0.935,3.10,5.00
2007.11.02 18:55:05.947,0.9347,0.935,5.60,5.00
2007.11.02 18:55:06.225,0.9348,0.935,0.70,0.80
2007.11.02 18:55:06.503,0.9347,0.935,5.60,0.80
2007.11.02 18:55:07.182,0.9348,0.935,2.10,0.80
2007.11.02 18:55:07.514,0.9347,0.935,5.60,0.80
2007.11.02 18:55:07.703,0.9347,0.935,5.60,2.40
2007.11.02 18:55:08.556,0.9347,0.935,5.60,2.40
2007.11.02 18:55:08.890,0.935,0.93505,2.10,5.80
2007.11.02 18:55:09.223,0.935,0.93515,1.50,5.60
2007.11.02 18:55:09.563,0.9348,0.93515,1.50,5.80
2007.11.02 18:55:09.777,0.93475,0.93515,17.40,5.80
2007.11.02 18:55:09.989,0.93475,0.93515,17.40,5.80
2007.11.02 18:55:10.203,0.9348,0.93515,8.40,5.80
2007.11.02 18:55:10.416,0.9351,0.93515,1.40,5.80
2007.11.02 18:55:10.630,0.9351,0.93515,2.70,0.80
2007.11.02 18:55:10.944,0.9351,0.93515,1.20,0.80
2007.11.02 18:55:11.287,0.935,0.93515,3.70,0.80
2007.11.02 18:55:11.601,0.93495,0.93515,6.00,0.80
2007.11.02 18:55:11.935,0.9349,0.93515,2.20,0.80
2007.11.02 18:55:12.269,0.9349,0.93515,0.90,0.80
2007.11.02 18:55:12.602,0.93485,0.93515,16.60,0.80
2007.11.02 18:55:12.795,0.93485,0.93515,16.60,0.80
2007.11.02 18:55:13.061,0.93485,0.93515,15.80,0.80
2007.11.02 18:55:13.321,0.9349,0.93515,2.50,0.80
2007.11.02 18:55:13.514,0.93485,0.93515,15.00,0.80
2007.11.02 18:55:13.709,0.9349,0.93515,2.40,0.80
2007.11.02 18:55:13.956,0.93485,0.93515,11.60,0.80
2007.11.02 18:55:14.207,0.9349,0.93515,1.80,0.80
2007.11.02 18:55:14.455,0.9349,0.93515,2.80,0.80
2007.11.02 18:55:14.704,0.9349,0.93515,1.10,0.80
2007.11.02 18:55:15.817,0.93485,0.93515,8.40,0.80
2007.11.02 18:55:15.995,0.9348,0.93515,13.80,0.80
2007.11.02 18:55:16.173,0.9348,0.93515,2.10,3.40
2007.11.02 18:55:16.359,0.93475,0.93515,20.60,3.40
2007.11.02 18:55:16.537,0.9348,0.93515,1.90,3.40
2007.11.02 18:55:16.716,0.9348,0.93515,1.90,3.40
2007.11.02 18:55:16.894,0.9349,0.93515,0.80,3.40
2007.11.02 18:55:17.226,0.93485,0.93515,8.80,0.20
2007.11.02 18:55:17.560,0.9349,0.93515,2.30,0.20
2007.11.02 18:55:17.894,0.9351,0.93515,0.80,0.20
2007.11.02 18:55:18.082,0.93505,0.93535,8.00,11.00
2007.11.02 18:55:18.270,0.9351,0.93535,0.70,8.60
2007.11.02 18:55:18.458,0.93505,0.93535,8.00,8.60
2007.11.02 18:55:18.645,0.93505,0.93535,8.00,8.60
2007.11.02 18:55:18.834,0.93505,0.93535,9.60,7.80
2007.11.02 18:55:19.146,0.93505,0.93535,10.40,7.80
2007.11.02 18:55:19.460,0.9351,0.93535,2.70,7.00
2007.11.02 18:55:19.772,0.93505,0.93535,9.60,7.00
2007.11.02 18:55:20.086,0.9351,0.93535,1.00,7.00
2007.11.02 18:55:20.278,0.93505,0.93535,6.40,7.00
2007.11.02 18:55:20.472,0.9351,0.93535,1.80,7.80
2007.11.02 18:55:20.664,0.93505,0.93535,5.60,7.80
2007.11.02 18:55:20.858,0.9351,0.93535,2.40,7.80
2007.11.02 18:55:21.136,0.93495,0.9353,18.00,2.60
2007.11.02 18:55:21.415,0.935,0.9353,10.40,2.60
2007.11.02 18:55:21.693,0.93505,0.9354,4.00,2.60
2007.11.02 18:55:21.970,0.93505,0.9354,10.00,2.60
2007.11.02 18:55:22.303,0.93505,0.9354,10.00,2.60
2007.11.02 18:55:22.637,0.9351,0.93545,2.80,3.40
2007.11.02 18:55:22.969,0.93505,0.93545,18.20,3.40
2007.11.02 18:55:23.142,0.93505,0.93545,18.20,3.40
2007.11.02 18:55:23.315,0.93505,0.93545,19.00,3.40
2007.11.02 18:55:23.490,0.93505,0.93545,20.60,3.40
2007.11.02 18:55:23.664,0.9351,0.93545,3.20,3.40
2007.11.02 18:55:23.862,0.9351,0.93545,2.10,3.40
2007.11.02 18:55:24.036,0.93505,0.93545,21.40,3.40
2007.11.02 18:55:24.373,0.9351,0.93545,0.90,3.40
2007.11.02 18:55:24.701,0.9351,0.93545,0.90,3.40
2007.11.02 18:55:25.034,0.9351,0.93545,3.50,3.40
2007.11.02 18:55:25.336,0.93505,0.93545,22.20,3.40
2007.11.02 18:55:25.821,0.9351,0.93545,11.60,3.40
2007.11.02 18:55:26.004,0.9352,0.93545,2.30,3.40
2007.11.02 18:55:26.288,0.93515,0.93545,10.80,0.80
2007.11.02 18:55:26.572,0.93515,0.93545,12.40,0.80
2007.11.02 18:55:26.855,0.93515,0.93545,12.40,0.80
2007.11.02 18:55:27.137,0.9352,0.93545,0.70,0.80
2007.11.02 18:55:27.810,0.93515,0.93545,12.40,0.80
2007.11.02 18:55:28.835,0.9352,0.93545,1.30,0.80
2007.11.02 18:55:29.874,0.93515,0.93545,11.60,1.60
2007.11.02 18:55:30.187,0.93515,0.93545,9.60,3.60
2007.11.02 18:55:30.376,0.9352,0.93545,2.60,6.20
2007.11.02 18:55:30.569,0.9352,0.93545,1.10,6.20
2007.11.02 18:55:31.042,0.9352,0.93545,3.10,6.20
2007.11.02 18:55:31.267,0.93515,0.93545,9.60,6.20
2007.11.02 18:55:31.728,0.9352,0.93545,3.00,7.00
2007.11.02 18:55:32.061,0.9352,0.93545,5.60,6.20
2007.11.02 18:55:32.393,0.9352,0.93545,5.60,6.20
2007.11.02 18:55:36.045,0.9352,0.93545,5.60,6.20
2007.11.02 18:55:37.369,0.9352,0.93545,5.60,7.00
2007.11.02 18:55:37.702,0.9352,0.93545,5.60,7.00
2007.11.02 18:55:38.102,0.9352,0.93545,5.60,7.00
2007.11.02 18:55:39.370,0.9352,0.93545,1.60,7.00
2007.11.02 18:55:39.704,0.9351,0.9354,5.60,2.60
2007.11.02 18:55:39.907,0.9351,0.9354,5.60,2.60
2007.11.02 18:55:40.110,0.9351,0.9354,5.60,2.60
2007.11.02 18:55:40.313,0.9351,0.9354,5.60,5.00
2007.11.02 18:55:40.516,0.9351,0.9354,5.60,5.00
2007.11.02 18:55:40.794,0.9351,0.9354,5.60,4.20
2007.11.02 18:55:41.072,0.9351,0.9354,5.60,4.20
2007.11.02 18:55:41.351,0.9351,0.9354,5.60,4.20
2007.11.02 18:55:41.629,0.9351,0.9354,5.60,4.20
2007.11.02 18:55:41.971,0.9351,0.9354,5.60,4.20
2007.11.02 18:55:42.304,0.9351,0.9354,5.60,4.20
2007.11.02 18:55:42.638,0.9351,0.9354,5.60,5.00
2007.11.02 18:55:42.846,0.9351,0.9354,5.60,2.60
2007.11.02 18:55:43.055,0.9351,0.9354,5.60,4.20
2007.11.02 18:55:43.263,0.9351,0.9354,4.80,2.60
2007.11.02 18:55:43.544,0.9351,0.9354,4.80,2.60
2007.11.02 18:55:44.011,0.9351,0.9354,4.80,2.60
2007.11.02 18:55:44.339,0.9351,0.9354,4.80,5.00
2007.11.02 18:55:44.668,0.9351,0.9354,4.80,5.00
2007.11.02 18:55:44.860,0.9351,0.9354,4.80,5.00
2007.11.02 18:55:45.312,0.9351,0.9354,4.80,5.00
2007.11.02 18:55:45.506,0.9351,0.93535,4.80,2.40
2007.11.02 18:55:45.698,0.9351,0.93535,4.80,5.00
2007.11.02 18:55:46.031,0.9351,0.93535,4.80,5.00
2007.11.02 18:55:46.364,0.9351,0.93535,4.80,5.00
2007.11.02 18:55:46.697,0.9351,0.93535,4.80,5.00
2007.11.02 18:55:47.031,0.9351,0.93535,4.80,5.00
2007.11.02 18:55:49.884,0.9351,0.93535,4.80,7.00
2007.11.02 18:55:50.145,0.9351,0.9353,4.80,2.60
2007.11.02 18:55:50.333,0.9351,0.9353,4.00,2.60
2007.11.02 18:55:50.522,0.935,0.93525,9.60,0.80
2007.11.02 18:55:50.712,0.935,0.93525,8.00,3.40
2007.11.02 18:55:50.904,0.935,0.93525,8.80,3.40
2007.11.02 18:55:51.197,0.935,0.93525,8.80,3.40
2007.11.02 18:55:51.490,0.935,0.93525,8.80,3.40
2007.11.02 18:55:51.783,0.935,0.93525,8.80,3.40
2007.11.02 18:55:52.076,0.935,0.93525,8.80,3.40
2007.11.02 18:55:53.069,0.935,0.93525,8.80,3.40
2007.11.02 18:55:53.928,0.935,0.93525,8.80,5.80
2007.11.02 18:55:54.096,0.935,0.9352,8.80,2.60
2007.11.02 18:55:54.405,0.935,0.9352,8.80,2.60
2007.11.02 18:55:54.712,0.935,0.9352,6.40,2.60
2007.11.02 18:55:55.397,0.935,0.9352,6.40,2.60
2007.11.02 18:55:55.620,0.935,0.9352,6.40,2.60
2007.11.02 18:55:55.862,0.935,0.9352,6.40,2.60
2007.11.02 18:55:56.085,0.935,0.9352,6.40,2.60
2007.11.02 18:55:56.309,0.935,0.9352,6.40,2.60
2007.11.02 18:55:56.845,0.935,0.9352,6.40,2.60
2007.11.02 18:55:57.172,0.935,0.9352,6.40,2.60
2007.11.02 18:55:57.902,0.935,0.9352,6.40,2.60
2007.11.02 18:55:58.521,0.935,0.9352,6.40,2.60
2007.11.02 18:55:59.455,0.935,0.9352,6.40,2.60
2007.11.02 18:55:59.880,0.935,0.93515,6.40,4.40
2007.11.02 18:56:00.164,0.935,0.93515,1.60,5.20
2007.11.02 18:56:00.286,0.935,0.9352,1.60,14.20
2007.11.02 18:56:00.447,0.9349,0.9351,4.00,0.80
2007.11.02 18:56:00.700,0.9349,0.93515,4.00,11.80
2007.11.02 18:56:00.953,0.9349,0.93515,4.00,11.80
2007.11.02 18:56:01.419,0.9349,0.9351,4.00,0.70
2007.11.02 18:56:01.671,0.9349,0.93515,4.00,15.00
2007.11.02 18:56:06.041,0.9349,0.9351,4.00,0.60
2007.11.02 18:56:07.224,0.9349,0.93515,4.00,15.30
2007.11.02 18:56:07.556,0.9349,0.9351,4.00,0.70
2007.11.02 18:56:07.890,0.9349,0.9351,4.00,0.50
2007.11.02 18:56:08.093,0.9349,0.9351,4.00,6.60
2007.11.02 18:56:08.295,0.9349,0.93505,4.00,0.60
2007.11.02 18:56:08.553,0.93485,0.93505,1.10,0.90
2007.11.02 18:56:08.757,0.93485,0.9351,1.10,14.40
2007.11.02 18:56:09.057,0.93485,0.9351,1.10,14.40
2007.11.02 18:56:09.356,0.93485,0.9351,1.10,16.00
2007.11.02 18:56:09.662,0.93485,0.9351,1.10,16.00
2007.11.02 18:56:10.396,0.93485,0.93505,1.10,0.70
2007.11.02 18:56:10.643,0.93485,0.93505,1.10,10.60
2007.11.02 18:56:11.018,0.93485,0.93505,1.10,9.80
2007.11.02 18:56:11.307,0.93485,0.93505,1.10,0.80
2007.11.02 18:56:16.044,0.93485,0.9351,1.10,16.80
2007.11.02 18:56:17.626,0.93485,0.9351,1.10,14.40
2007.11.02 18:56:17.953,0.93485,0.93505,1.10,0.80
2007.11.02 18:56:19.114,0.93485,0.9351,1.10,18.80
2007.11.02 18:56:19.392,0.93485,0.93505,1.10,10.80
2007.11.02 18:56:19.733,0.93485,0.935,1.10,0.80
2007.11.02 18:56:20.012,0.93485,0.93505,1.10,14.80
2007.11.02 18:56:20.295,0.93485,0.93505,1.10,15.10
2007.11.02 18:56:20.564,0.93485,0.935,0.40,7.20
2007.11.02 18:56:20.834,0.93485,0.93495,0.40,0.90
2007.11.02 18:56:21.103,0.93485,0.93495,0.40,0.70
2007.11.02 18:56:21.378,0.93485,0.935,0.40,9.60
2007.11.02 18:56:21.783,0.93485,0.93495,0.40,0.80
2007.11.02 18:56:22.447,0.93485,0.935,0.40,3.20
2007.11.02 18:56:22.632,0.93485,0.93505,0.40,11.20
2007.11.02 18:56:22.816,0.93485,0.93505,0.40,8.40
2007.11.02 18:56:23.036,0.93485,0.93505,0.40,8.40
2007.11.02 18:56:23.550,0.93485,0.935,0.40,0.50
2007.11.02 18:56:23.874,0.93485,0.93505,0.40,8.40
2007.11.02 18:56:24.197,0.93485,0.93505,0.40,8.40
2007.11.02 18:56:25.961,0.93485,0.935,0.40,0.50
2007.11.02 18:56:26.274,0.93485,0.935,0.40,0.50
2007.11.02 18:56:26.527,0.93485,0.93505,0.40,8.40
2007.11.02 18:56:26.964,0.93485,0.93505,0.40,10.80
2007.11.02 18:56:27.297,0.93485,0.93505,0.40,10.80
2007.11.02 18:56:27.731,0.93485,0.935,0.40,2.60
2007.11.02 18:56:28.245,0.93485,0.935,0.40,2.60
2007.11.02 18:56:31.049,0.93485,0.935,0.40,2.60
2007.11.02 18:56:32.938,0.93485,0.935,0.40,2.60
2007.11.02 18:56:33.986,0.93485,0.935,0.40,6.60
2007.11.02 18:56:34.295,0.93485,0.935,0.40,9.30
2007.11.02 18:56:34.603,0.93485,0.935,0.40,9.30
2007.11.02 18:56:34.822,0.93485,0.935,0.40,9.70
2007.11.02 18:56:35.118,0.93485,0.93495,0.40,2.60
2007.11.02 18:56:35.336,0.93485,0.93495,0.40,2.60
2007.11.02 18:56:35.634,0.93485,0.93495,0.40,2.60
2007.11.02 18:56:36.046,0.93485,0.93495,0.40,2.60
2007.11.02 18:56:38.482,0.93485,0.93495,0.40,2.60
2007.11.02 18:56:38.696,0.93485,0.935,0.40,2.90
2007.11.02 18:56:39.005,0.93485,0.935,0.40,2.60
2007.11.02 18:56:39.481,0.93485,0.935,0.40,2.60
2007.11.02 18:56:39.790,0.93485,0.935,0.40,2.60
2007.11.02 18:56:39.992,0.93485,0.935,0.40,2.60
2007.11.02 18:56:40.195,0.93485,0.935,0.40,2.60
2007.11.02 18:56:40.399,0.93485,0.93505,0.40,8.10
2007.11.02 18:56:40.601,0.93485,0.93505,0.40,7.80
2007.11.02 18:56:41.039,0.93485,0.93505,0.40,7.80
2007.11.02 18:56:41.332,0.93485,0.93505,0.40,7.80
2007.11.02 18:56:41.625,0.93485,0.93505,0.40,10.50
2007.11.02 18:56:41.918,0.93485,0.935,0.40,2.60
2007.11.02 18:56:42.251,0.93485,0.935,0.40,2.60
2007.11.02 18:56:42.589,0.93485,0.935,0.40,2.60
2007.11.02 18:56:42.917,0.93485,0.93505,0.40,2.60
2007.11.02 18:56:43.111,0.9349,0.93505,4.80,2.60
2007.11.02 18:56:43.303,0.9349,0.93505,4.80,2.60
2007.11.02 18:56:43.496,0.9349,0.93515,5.60,0.80
2007.11.02 18:56:43.689,0.9349,0.93515,8.00,0.80
2007.11.02 18:56:43.882,0.9349,0.9352,8.00,3.40
2007.11.02 18:56:44.215,0.9349,0.9352,8.00,3.40
2007.11.02 18:56:44.548,0.9349,0.9352,8.20,2.60
2007.11.02 18:56:44.881,0.9349,0.9352,8.20,2.60
2007.11.02 18:56:45.509,0.9349,0.9352,8.20,2.60
2007.11.02 18:56:46.057,0.9349,0.9352,8.20,2.60
2007.11.02 18:56:47.532,0.9349,0.9352,8.20,2.60
2007.11.02 18:56:47.866,0.9349,0.93515,8.20,2.60
2007.11.02 18:56:48.199,0.9349,0.93515,8.20,2.60
2007.11.02 18:56:48.527,0.9349,0.93515,8.20,2.60
2007.11.02 18:56:48.720,0.9349,0.93515,8.20,2.60
2007.11.02 18:56:48.912,0.9349,0.9352,8.20,3.30
2007.11.02 18:56:49.470,0.9349,0.9352,8.20,3.30
2007.11.02 18:56:49.882,0.9349,0.9352,8.20,3.30
2007.11.02 18:56:50.625,0.9349,0.9352,8.20,7.30
2007.11.02 18:56:50.844,0.9349,0.93515,8.20,2.60
2007.11.02 18:56:51.063,0.9349,0.93515,8.20,3.40
2007.11.02 18:56:51.281,0.9349,0.93515,8.20,3.40
2007.11.02 18:56:51.614,0.9349,0.93515,8.20,3.40
2007.11.02 18:56:51.947,0.9349,0.93515,8.20,3.40
2007.11.02 18:56:52.280,0.9349,0.93515,8.20,3.40
2007.11.02 18:56:52.977,0.9349,0.93515,8.20,2.60
2007.11.02 18:56:53.150,0.9349,0.93515,8.20,2.60
2007.11.02 18:56:53.323,0.935,0.93515,0.80,2.60
2007.11.02 18:56:53.641,0.935,0.93515,0.80,3.20
2007.11.02 18:56:53.960,0.935,0.93515,4.00,0.60
2007.11.02 18:56:54.278,0.935,0.93515,4.00,3.00
2007.11.02 18:56:54.476,0.935,0.93515,4.00,2.40
2007.11.02 18:56:54.674,0.93495,0.93515,0.80,0.80
2007.11.02 18:56:54.872,0.93495,0.93515,0.80,3.40
2007.11.02 18:56:55.070,0.93495,0.93515,0.80,3.40
2007.11.02 18:56:55.500,0.93495,0.93515,0.80,3.40
2007.11.02 18:56:55.778,0.93495,0.9351,0.80,2.60
2007.11.02 18:56:56.056,0.93495,0.9351,0.80,2.60
2007.11.02 18:56:56.334,0.93495,0.9351,0.80,2.60
2007.11.02 18:56:56.775,0.93495,0.9351,0.80,2.60
2007.11.02 18:56:57.108,0.9349,0.9351,6.40,2.60
2007.11.02 18:56:57.441,0.9349,0.9351,5.60,2.60
2007.11.02 18:56:57.688,0.9349,0.93515,5.60,10.80
2007.11.02 18:56:57.869,0.9349,0.93515,5.60,10.80
2007.11.02 18:56:58.482,0.9349,0.93515,5.60,10.80
2007.11.02 18:56:58.791,0.9349,0.9351,5.60,0.50
2007.11.02 18:56:59.316,0.9349,0.93515,5.60,10.80
2007.11.02 18:56:59.831,0.9349,0.9351,5.60,0.80
2007.11.02 18:57:01.043,0.9349,0.9351,5.60,0.50
2007.11.02 18:57:01.887,0.9349,0.9351,5.60,0.70
2007.11.02 18:57:06.034,0.9349,0.93515,5.60,10.80
2007.11.02 18:57:11.043,0.9349,0.9351,5.60,0.50
2007.11.02 18:57:14.072,0.9349,0.93515,5.60,8.40
2007.11.02 18:57:14.370,0.9349,0.93515,5.60,10.80
2007.11.02 18:57:14.668,0.9349,0.93515,5.60,10.80
2007.11.02 18:57:16.098,0.9349,0.93515,5.60,10.80
2007.11.02 18:57:21.036,0.9349,0.9351,5.60,0.60
2007.11.02 18:57:23.433,0.9349,0.9351,5.60,0.80
2007.11.02 18:57:26.044,0.9349,0.9351,1.60,2.60
2007.11.02 18:57:27.110,0.9349,0.9351,1.60,3.40
2007.11.02 18:57:27.828,0.9349,0.9351,1.60,3.40
2007.11.02 18:57:28.371,0.9349,0.9351,1.60,3.40
2007.11.02 18:57:28.554,0.9349,0.9351,1.60,3.40
2007.11.02 18:57:28.857,0.9349,0.9351,1.60,3.40
2007.11.02 18:57:30.408,0.9349,0.9351,1.60,3.40
2007.11.02 18:57:30.881,0.9349,0.9351,0.80,3.40
2007.11.02 18:57:31.047,0.9349,0.9351,0.70,3.40
2007.11.02 18:57:32.467,0.9349,0.9351,1.60,3.40
2007.11.02 18:57:32.665,0.9349,0.9351,5.60,3.40
2007.11.02 18:57:35.108,0.9349,0.9351,5.60,3.40
2007.11.02 18:57:35.423,0.9349,0.9351,5.60,3.40
2007.11.02 18:57:35.935,0.9349,0.9351,5.60,3.40
2007.11.02 18:57:37.417,0.9349,0.9351,5.60,3.40
2007.11.02 18:57:37.639,0.9349,0.9351,5.60,3.40
2007.11.02 18:57:39.171,0.9349,0.9351,5.60,5.00
2007.11.02 18:57:41.065,0.9349,0.9351,5.60,5.00
2007.11.02 18:57:43.876,0.9349,0.9351,5.60,5.00
2007.11.02 18:57:44.392,0.9349,0.9351,5.60,5.00
2007.11.02 18:57:46.069,0.9349,0.9351,5.60,5.00
2007.11.02 18:57:47.656,0.9349,0.9351,5.60,5.00
2007.11.02 18:57:51.038,0.9349,0.9351,5.60,5.00
2007.11.02 18:57:51.928,0.9349,0.9351,5.60,5.00
2007.11.02 18:57:52.261,0.9349,0.93505,5.60,4.00
2007.11.02 18:57:52.594,0.9349,0.93505,5.60,4.00
2007.11.02 18:57:53.099,0.9349,0.93505,5.60,4.00
2007.11.02 18:57:56.048,0.9349,0.93505,5.60,4.00
2007.11.02 18:57:56.337,0.9349,0.93505,5.60,4.00
2007.11.02 18:57:57.466,0.9349,0.93505,5.60,4.00
2007.11.02 18:57:58.181,0.9349,0.93505,5.60,4.00
2007.11.02 18:58:01.035,0.9349,0.93505,5.60,4.00
2007.11.02 18:58:05.827,0.9349,0.93505,1.60,4.80
2007.11.02 18:58:06.046,0.9349,0.93505,1.60,4.80
2007.11.02 18:58:06.243,0.9349,0.93505,1.60,4.80
2007.11.02 18:58:07.070,0.9349,0.93505,1.60,4.80
2007.11.02 18:58:11.040,0.9349,0.93505,1.60,4.80
2007.11.02 18:58:15.081,0.9349,0.93505,1.60,4.00
2007.11.02 18:58:15.388,0.9349,0.93505,1.60,4.00
2007.11.02 18:58:15.715,0.9349,0.93505,1.60,4.80
2007.11.02 18:58:16.028,0.9349,0.93505,1.60,3.20
2007.11.02 18:58:16.341,0.9349,0.93505,1.60,6.40
2007.11.02 18:58:17.458,0.9349,0.93505,1.60,6.40
2007.11.02 18:58:17.790,0.9349,0.93505,1.60,6.40
2007.11.02 18:58:19.560,0.9349,0.93505,1.60,4.80
2007.11.02 18:58:19.889,0.9349,0.93505,1.60,5.80
2007.11.02 18:58:20.102,0.93485,0.93505,0.40,9.00
2007.11.02 18:58:20.315,0.93485,0.93505,0.40,9.00
2007.11.02 18:58:20.529,0.93485,0.93505,0.40,9.00
2007.11.02 18:58:20.803,0.93485,0.93505,0.40,9.00
2007.11.02 18:58:21.043,0.93485,0.93505,0.40,9.00
2007.11.02 18:58:21.307,0.93485,0.93505,0.40,9.00
2007.11.02 18:58:21.565,0.93485,0.93505,0.40,6.60
2007.11.02 18:58:21.824,0.93485,0.93505,0.40,2.60
2007.11.02 18:58:22.173,0.93485,0.93505,0.40,2.60
2007.11.02 18:58:22.506,0.93485,0.93505,0.40,2.60
2007.11.02 18:58:22.840,0.93485,0.93505,0.40,2.60
2007.11.02 18:58:23.052,0.93485,0.93505,0.40,2.60
2007.11.02 18:58:23.266,0.93485,0.93505,0.40,2.60
2007.11.02 18:58:23.604,0.93485,0.93505,0.40,2.60
2007.11.02 18:58:24.218,0.93485,0.93505,0.40,5.00
2007.11.02 18:58:24.467,0.93485,0.935,0.40,2.60
2007.11.02 18:58:24.716,0.93485,0.935,0.40,3.40
2007.11.02 18:58:24.963,0.93485,0.935,0.40,3.40
2007.11.02 18:58:25.252,0.93485,0.93505,0.40,4.20
2007.11.02 18:58:25.613,0.93485,0.93505,0.40,4.20
2007.11.02 18:58:25.923,0.93485,0.93505,0.40,4.20
2007.11.02 18:58:26.138,0.93485,0.93505,0.40,4.20
2007.11.02 18:58:26.625,0.93485,0.93505,0.40,4.20
2007.11.02 18:58:26.860,0.93485,0.93505,0.40,4.20
2007.11.02 18:58:27.173,0.93485,0.93505,0.40,4.20
2007.11.02 18:58:27.350,0.93485,0.9351,0.40,11.40
2007.11.02 18:58:27.506,0.93485,0.93505,0.40,9.80
2007.11.02 18:58:27.840,0.93485,0.93505,0.40,9.80
2007.11.02 18:58:28.623,0.93485,0.93505,0.40,9.80
2007.11.02 18:58:28.861,0.93485,0.93505,0.40,9.80
2007.11.02 18:58:31.058,0.93485,0.935,0.40,0.50
2007.11.02 18:58:32.468,0.93485,0.935,0.40,0.50
2007.11.02 18:58:33.625,0.93485,0.93505,0.40,9.80
2007.11.02 18:58:34.553,0.93485,0.935,0.40,0.60
2007.11.02 18:58:34.845,0.93485,0.935,0.40,0.90
2007.11.02 18:58:35.138,0.93485,0.93505,0.40,10.60
2007.11.02 18:58:35.342,0.93485,0.935,0.40,0.90
2007.11.02 18:58:35.887,0.93485,0.93505,0.40,12.60
2007.11.02 18:58:36.193,0.93485,0.93505,0.40,12.60
2007.11.02 18:58:38.712,0.93485,0.93505,0.40,12.60
2007.11.02 18:58:39.731,0.93485,0.935,0.30,0.90
2007.11.02 18:58:40.719,0.93485,0.935,0.30,0.60
2007.11.02 18:58:41.039,0.93485,0.93505,0.30,10.60
2007.11.02 18:58:41.321,0.93485,0.93505,0.30,10.60
2007.11.02 18:58:42.886,0.93485,0.93505,0.30,10.60
2007.11.02 18:58:45.903,0.93485,0.93505,0.30,12.20
2007.11.02 18:58:46.236,0.93485,0.935,0.30,0.50
2007.11.02 18:58:48.266,0.93485,0.93505,0.30,10.60
2007.11.02 18:58:48.459,0.93485,0.93505,0.30,7.40
2007.11.02 18:58:48.653,0.93485,0.93505,0.30,0.50
2007.11.02 18:58:48.961,0.93485,0.9351,0.30,13.80
2007.11.02 18:58:49.432,0.93485,0.9351,0.30,13.80
2007.11.02 18:58:49.743,0.93485,0.93505,0.30,0.80
2007.11.02 18:58:50.163,0.93485,0.9351,0.30,13.80
2007.11.02 18:58:51.044,0.93485,0.9351,0.30,13.80
2007.11.02 18:58:54.303,0.93485,0.93505,0.30,0.60
2007.11.02 18:58:55.046,0.93485,0.9351,0.30,13.80
2007.11.02 18:58:56.043,0.93485,0.93505,0.30,0.90
2007.11.02 18:58:58.239,0.9349,0.93505,4.00,7.40
2007.11.02 18:58:58.458,0.9349,0.93505,4.00,6.60
2007.11.02 18:58:58.677,0.9349,0.93505,4.00,4.00
2007.11.02 18:58:58.895,0.9349,0.93505,6.10,3.20
2007.11.02 18:58:59.133,0.9349,0.93505,6.10,3.20
2007.11.02 18:58:59.642,0.9349,0.93505,6.10,3.20
2007.11.02 18:59:00.028,0.9349,0.93505,6.10,3.20
2007.11.02 18:59:01.043,0.9349,0.93505,6.10,3.20
2007.11.02 18:59:04.685,0.9349,0.93505,6.10,3.20
2007.11.02 18:59:04.998,0.9349,0.93505,6.10,4.00
2007.11.02 18:59:06.033,0.9349,0.93505,6.10,4.00
2007.11.02 18:59:08.035,0.9349,0.93505,6.10,4.00
2007.11.02 18:59:08.208,0.9349,0.93505,6.10,4.00
2007.11.02 18:59:08.452,0.9349,0.93505,6.10,4.00
2007.11.02 18:59:08.765,0.9349,0.93505,6.10,4.00
2007.11.02 18:59:09.898,0.9349,0.93505,6.10,4.00
2007.11.02 18:59:10.207,0.9349,0.93505,6.10,4.00
2007.11.02 18:59:11.047,0.9349,0.93505,6.10,4.00
2007.11.02 18:59:11.317,0.9349,0.93505,6.10,4.00
2007.11.02 18:59:11.651,0.9349,0.9351,6.10,5.80
2007.11.02 18:59:11.984,0.9349,0.9351,6.10,5.80
2007.11.02 18:59:12.725,0.9349,0.9351,6.10,5.80
2007.11.02 18:59:12.934,0.9349,0.9351,6.10,3.20
2007.11.02 18:59:13.343,0.9349,0.9351,6.10,2.40
2007.11.02 18:59:13.595,0.9349,0.93515,6.10,12.60
2007.11.02 18:59:14.261,0.9349,0.93515,6.10,12.60
2007.11.02 18:59:14.553,0.9349,0.93515,6.10,12.60
2007.11.02 18:59:15.222,0.9349,0.93515,6.10,12.60
2007.11.02 18:59:15.633,0.9349,0.9351,6.10,0.80
2007.11.02 18:59:16.055,0.9349,0.9351,6.10,0.80
2007.11.02 18:59:20.832,0.9349,0.93515,6.10,12.60
2007.11.02 18:59:22.308,0.935,0.9352,0.80,18.20
2007.11.02 18:59:22.641,0.935,0.9352,3.20,19.80
2007.11.02 18:59:22.845,0.935,0.9352,7.20,15.80
2007.11.02 18:59:23.048,0.935,0.93515,7.20,0.90
2007.11.02 18:59:23.251,0.935,0.93525,7.20,19.80
2007.11.02 18:59:23.453,0.935,0.93525,7.20,17.40
2007.11.02 18:59:23.657,0.935,0.93525,7.20,17.40
2007.11.02 18:59:24.076,0.935,0.93525,7.20,17.40
2007.11.02 18:59:24.378,0.935,0.93525,7.20,17.40
2007.11.02 18:59:24.681,0.935,0.9352,7.20,10.20
2007.11.02 18:59:24.997,0.935,0.9352,4.00,10.20
2007.11.02 18:59:25.245,0.935,0.93525,4.00,16.60
2007.11.02 18:59:25.492,0.935,0.93525,5.60,11.80
2007.11.02 18:59:26.040,0.935,0.93525,5.60,11.80
2007.11.02 18:59:26.664,0.935,0.93525,5.80,11.80
2007.11.02 18:59:26.997,0.935,0.93525,5.80,11.80
2007.11.02 18:59:27.791,0.935,0.93525,5.80,11.80
2007.11.02 18:59:28.016,0.935,0.93525,8.20,11.80
2007.11.02 18:59:28.238,0.935,0.9352,8.20,0.90
2007.11.02 18:59:28.461,0.935,0.93525,5.60,12.60
2007.11.02 18:59:29.052,0.935,0.9352,5.60,0.70
2007.11.02 18:59:29.352,0.935,0.93525,5.60,12.60
2007.11.02 18:59:31.150,0.935,0.9352,5.60,0.60
2007.11.02 18:59:31.403,0.935,0.9352,5.60,0.70
2007.11.02 18:59:32.627,0.935,0.93525,5.60,13.40
2007.11.02 18:59:32.964,0.935,0.9352,5.60,0.50
2007.11.02 18:59:33.157,0.935,0.93525,7.20,15.80
2007.11.02 18:59:33.355,0.935,0.93525,7.20,15.80
2007.11.02 18:59:33.662,0.935,0.9352,7.20,0.70
2007.11.02 18:59:33.860,0.935,0.93525,9.60,11.80
2007.11.02 18:59:34.143,0.935,0.93525,9.60,11.80
2007.11.02 18:59:34.426,0.935,0.9352,6.40,8.20
2007.11.02 18:59:34.710,0.935,0.93515,5.60,0.60
2007.11.02 18:59:34.992,0.935,0.93525,7.20,11.80
2007.11.02 18:59:35.205,0.935,0.9352,8.80,0.90
2007.11.02 18:59:35.418,0.935,0.93525,9.60,11.80
2007.11.02 18:59:35.671,0.935,0.93525,9.60,11.80
2007.11.02 18:59:36.015,0.935,0.93525,9.60,11.80
2007.11.02 18:59:36.442,0.935,0.93525,9.60,11.80
2007.11.02 18:59:36.720,0.935,0.9352,5.60,0.70
2007.11.02 18:59:36.998,0.935,0.93525,5.60,11.80
2007.11.02 18:59:37.889,0.935,0.93525,5.60,11.80
2007.11.02 18:59:39.028,0.935,0.93525,5.60,11.80
2007.11.02 18:59:41.057,0.935,0.93525,5.60,11.80
2007.11.02 18:59:41.355,0.935,0.93525,5.60,11.80
2007.11.02 18:59:42.166,0.935,0.93525,5.60,11.80
2007.11.02 18:59:44.085,0.935,0.9352,5.60,5.80
2007.11.02 18:59:44.843,0.935,0.9352,5.60,5.80
2007.11.02 18:59:45.159,0.935,0.9352,5.60,5.80
2007.11.02 18:59:45.460,0.935,0.9352,5.60,5.80
2007.11.02 18:59:45.992,0.935,0.9352,5.60,5.80
2007.11.02 18:59:46.310,0.935,0.9352,4.00,5.80
2007.11.02 18:59:46.643,0.9351,0.9352,4.00,1.60
2007.11.02 18:59:46.977,0.9351,0.9352,5.60,1.60
2007.11.02 18:59:47.484,0.9351,0.9352,5.60,1.60
2007.11.02 18:59:47.687,0.9351,0.9352,5.60,1.60
2007.11.02 18:59:48.282,0.9351,0.9352,5.60,1.60
2007.11.02 18:59:49.968,0.9351,0.9352,5.60,1.60
2007.11.02 18:59:50.373,0.9351,0.9352,5.60,1.60
2007.11.02 18:59:50.626,0.9351,0.9352,5.60,1.60
2007.11.02 18:59:50.879,0.9351,0.9352,7.20,1.60
2007.11.02 18:59:51.132,0.9351,0.9352,5.60,1.60
2007.11.02 18:59:51.385,0.9351,0.9352,5.60,1.60
2007.11.02 18:59:51.718,0.9351,0.9352,5.60,1.60
2007.11.02 18:59:52.051,0.9351,0.9352,5.60,1.60
2007.11.02 18:59:52.384,0.9351,0.9352,5.60,1.60
2007.11.02 18:59:52.617,0.9351,0.9352,5.60,1.60
2007.11.02 18:59:52.850,0.93515,0.9352,0.05,1.60
2007.11.02 18:59:53.083,0.93515,0.9352,0.05,0.80
2007.11.02 18:59:53.316,0.93515,0.9352,0.05,0.80
2007.11.02 18:59:53.626,0.93515,0.9353,0.05,4.20
2007.11.02 18:59:53.948,0.93515,0.9353,0.05,4.20
2007.11.02 18:59:54.256,0.93515,0.9353,0.05,4.20
2007.11.02 18:59:56.036,0.93515,0.9353,0.05,4.20
2007.11.02 18:59:57.851,0.93515,0.9353,0.05,4.20
2007.11.02 18:59:58.168,0.93515,0.9353,0.05,4.20
2007.11.02 18:59:58.378,0.93515,0.9353,0.05,4.20
2007.11.02 18:59:58.691,0.9352,0.9353,4.00,0.80
2007.11.02 18:59:59.004,0.93525,0.93535,0.50,2.40
2007.11.02 18:59:59.489,0.93525,0.93535,0.50,2.40
2007.11.02 18:59:59.825,0.93525,0.93535,0.50,2.40
