2009.10.29 19:00:00.942,1.0661,1.06625,9.20,1.00
2009.10.29 19:00:02.022,1.0661,1.06625,7.60,1.00
2009.10.29 19:00:03.862,1.0661,1.06625,9.20,1.50
2009.10.29 19:00:04.501,1.0661,1.06625,8.50,1.10
2009.10.29 19:00:04.721,1.06605,1.06625,8.50,1.10
2009.10.29 19:00:05.012,1.06605,1.06625,8.50,1.40
2009.10.29 19:00:06.631,1.06605,1.06625,8.50,1.00
2009.10.29 19:00:07.531,1.06605,1.06625,8.50,1.00
2009.10.29 19:00:07.761,1.06605,1.06625,8.50,1.00
2009.10.29 19:00:08.501,1.06605,1.06625,8.90,1.00
2009.10.29 19:00:08.731,1.06605,1.06625,9.30,1.00
2009.10.29 19:00:09.990,1.06605,1.06625,9.50,1.00
2009.10.29 19:00:10.750,1.06605,1.06625,8.50,1.00
2009.10.29 19:00:11.150,1.06605,1.06625,8.10,1.00
2009.10.29 19:00:11.610,1.06605,1.06625,5.70,1.00
2009.10.29 19:00:23.767,1.06605,1.06625,6.30,1.00
2009.10.29 19:00:23.877,1.06605,1.06625,6.70,1.00
2009.10.29 19:00:24.697,1.06605,1.06625,6.50,1.00
2009.10.29 19:00:24.876,1.06605,1.06625,2.50,1.00
2009.10.29 19:00:24.996,1.06605,1.06625,1.00,1.90
2009.10.29 19:00:25.166,1.06605,1.06625,1.00,8.30
2009.10.29 19:00:26.296,1.06605,1.06625,1.00,8.30
2009.10.29 19:00:27.516,1.06605,1.06625,1.00,8.50
2009.10.29 19:00:28.036,1.06595,1.06625,8.90,8.50
2009.10.29 19:00:28.316,1.06595,1.06625,4.40,13.50
2009.10.29 19:00:28.545,1.06595,1.06625,4.40,14.50
2009.10.29 19:00:29.006,1.06595,1.0662,4.40,9.60
2009.10.29 19:00:29.685,1.06595,1.0662,4.40,9.80
2009.10.29 19:00:32.695,1.06595,1.0662,4.00,9.80
2009.10.29 19:00:34.144,1.06595,1.0662,4.00,7.40
2009.10.29 19:00:34.364,1.06595,1.0662,4.00,6.80
2009.10.29 19:00:38.213,1.06595,1.0662,4.00,6.70
2009.10.29 19:00:38.333,1.06595,1.0662,8.00,2.70
2009.10.29 19:00:38.453,1.06595,1.0662,8.00,1.10
2009.10.29 19:00:38.623,1.06595,1.0662,8.00,1.00
2009.10.29 19:00:39.483,1.06595,1.0662,8.10,1.00
2009.10.29 19:00:40.793,1.06595,1.06615,7.70,1.00
2009.10.29 19:00:41.073,1.06595,1.06615,4.00,1.00
2009.10.29 19:00:41.642,1.0659,1.06615,4.00,2.00
2009.10.29 19:00:41.983,1.06585,1.06615,8.10,6.30
2009.10.29 19:00:42.372,1.06585,1.06615,8.10,6.60
2009.10.29 19:00:42.722,1.06585,1.06615,9.60,6.60
2009.10.29 19:00:42.962,1.06585,1.06615,9.60,6.20
2009.10.29 19:00:43.202,1.06585,1.06615,8.80,6.20
2009.10.29 19:00:43.422,1.06585,1.06615,8.80,6.60
2009.10.29 19:00:45.091,1.06585,1.0661,8.60,1.00
2009.10.29 19:00:46.361,1.06585,1.0661,8.50,1.00
2009.10.29 19:00:46.591,1.06585,1.0661,7.70,1.00
2009.10.29 19:00:48.061,1.06585,1.0661,7.70,1.00
2009.10.29 19:00:51.140,1.06585,1.0661,3.60,4.30
2009.10.29 19:00:51.490,1.06585,1.0661,1.20,4.30
2009.10.29 19:00:52.400,1.06585,1.0661,2.00,4.30
2009.10.29 19:00:52.630,1.06585,1.0661,1.80,4.50
2009.10.29 19:00:52.740,1.06585,1.0661,1.00,4.50
2009.10.29 19:00:54.129,1.06585,1.06605,1.20,4.00
2009.10.29 19:00:54.469,1.06585,1.06605,3.20,5.60
2009.10.29 19:00:54.699,1.06585,1.06605,3.20,1.60
2009.10.29 19:00:54.939,1.06585,1.0661,9.00,1.00
2009.10.29 19:00:55.169,1.06585,1.06615,9.00,7.40
2009.10.29 19:00:55.349,1.06585,1.06615,9.00,8.20
2009.10.29 19:00:55.629,1.06585,1.0661,3.40,4.00
2009.10.29 19:00:56.079,1.06585,1.0661,5.40,4.00
2009.10.29 19:00:56.359,1.06595,1.06615,1.00,5.70
2009.10.29 19:00:57.129,1.06595,1.06615,1.00,5.70
2009.10.29 19:00:58.159,1.06595,1.06615,1.00,5.70
2009.10.29 19:00:58.738,1.06585,1.06615,13.70,5.70
2009.10.29 19:01:00.918,1.06585,1.06615,13.30,5.70
2009.10.29 19:01:01.028,1.06585,1.06615,16.50,5.70
2009.10.29 19:01:02.517,1.06585,1.06615,16.40,6.30
2009.10.29 19:01:02.757,1.06585,1.06615,14.00,6.30
2009.10.29 19:01:02.817,1.06585,1.06615,10.80,6.30
2009.10.29 19:01:02.927,1.06585,1.06615,11.60,6.30
2009.10.29 19:01:03.207,1.06585,1.06615,11.60,7.10
2009.10.29 19:01:03.267,1.06585,1.06615,11.40,9.70
2009.10.29 19:01:03.557,1.06585,1.0661,3.60,4.00
2009.10.29 19:01:03.787,1.06585,1.06615,7.60,6.80
2009.10.29 19:01:04.547,1.06585,1.06615,8.40,6.80
2009.10.29 19:01:04.957,1.06585,1.06615,8.40,7.80
2009.10.29 19:01:05.137,1.06585,1.06615,8.40,10.20
2009.10.29 19:01:05.587,1.06585,1.06615,7.70,10.20
2009.10.29 19:01:07.306,1.06585,1.06615,7.60,10.10
2009.10.29 19:01:07.426,1.06585,1.0661,6.60,2.40
2009.10.29 19:01:07.606,1.06585,1.0661,1.00,7.30
2009.10.29 19:01:08.476,1.06585,1.0661,1.00,7.50
2009.10.29 19:01:10.915,1.06585,1.0661,1.00,7.50
2009.10.29 19:01:11.095,1.06585,1.0661,1.00,5.10
2009.10.29 19:01:11.485,1.06585,1.06615,8.20,9.10
2009.10.29 19:01:11.825,1.06585,1.06615,10.20,9.10
2009.10.29 19:01:12.475,1.06585,1.06615,10.40,9.10
2009.10.29 19:01:13.295,1.06585,1.06615,9.30,9.10
2009.10.29 19:01:14.035,1.06585,1.06615,9.70,9.10
2009.10.29 19:01:14.655,1.06585,1.06615,10.50,9.10
2009.10.29 19:01:14.825,1.0659,1.06615,4.00,1.00
2009.10.29 19:01:15.464,1.0659,1.0662,4.00,7.50
2009.10.29 19:01:16.514,1.0659,1.0662,4.10,7.50
2009.10.29 19:01:16.864,1.06585,1.06615,9.70,8.70
2009.10.29 19:01:16.914,1.06585,1.06615,8.10,8.70
2009.10.29 19:01:18.494,1.06585,1.06615,8.10,8.80
2009.10.29 19:01:19.183,1.06585,1.06615,8.10,9.10
2009.10.29 19:01:20.223,1.0659,1.06615,2.40,6.70
2009.10.29 19:01:20.513,1.0659,1.06615,8.00,1.00
2009.10.29 19:01:20.793,1.0659,1.06615,8.00,1.00
2009.10.29 19:01:21.023,1.06595,1.06615,5.60,1.00
2009.10.29 19:01:21.303,1.06595,1.06615,6.50,1.00
2009.10.29 19:01:22.043,1.06595,1.06625,6.50,10.00
2009.10.29 19:01:22.383,1.06595,1.06625,6.50,8.40
2009.10.29 19:01:22.603,1.06595,1.06625,13.10,1.80
2009.10.29 19:01:22.823,1.066,1.06625,4.00,1.00
2009.10.29 19:01:23.452,1.066,1.06625,4.10,1.00
2009.10.29 19:01:23.922,1.066,1.06625,4.10,1.00
2009.10.29 19:01:24.102,1.066,1.06625,4.90,1.00
2009.10.29 19:01:24.342,1.066,1.06625,11.70,1.00
2009.10.29 19:01:24.502,1.06605,1.0663,3.20,4.00
2009.10.29 19:01:24.852,1.06605,1.06635,7.20,8.70
2009.10.29 19:01:25.202,1.06605,1.06635,12.10,2.90
2009.10.29 19:01:25.552,1.0661,1.0664,12.80,10.20
2009.10.29 19:01:27.052,1.06615,1.0664,2.40,6.00
2009.10.29 19:01:27.162,1.0662,1.0664,1.60,1.50
2009.10.29 19:01:27.272,1.0662,1.0665,1.60,9.90
2009.10.29 19:01:27.451,1.0662,1.0665,4.00,7.50
2009.10.29 19:01:27.961,1.0662,1.06645,4.00,1.00
2009.10.29 19:01:28.771,1.0662,1.06645,4.10,1.00
2009.10.29 19:01:29.121,1.0662,1.06645,13.70,1.00
2009.10.29 19:01:29.351,1.06625,1.06655,5.60,8.40
2009.10.29 19:01:29.581,1.06625,1.06655,5.60,7.60
2009.10.29 19:01:29.801,1.06625,1.06655,5.60,6.80
2009.10.29 19:01:29.971,1.06625,1.06655,8.90,6.60
2009.10.29 19:01:30.211,1.06625,1.06655,20.10,2.00
2009.10.29 19:01:30.551,1.06635,1.06665,5.60,7.60
2009.10.29 19:01:30.901,1.06635,1.06665,5.60,6.80
2009.10.29 19:01:31.300,1.06635,1.06665,23.30,2.50
2009.10.29 19:01:31.601,1.0664,1.06665,15.20,1.00
2009.10.29 19:01:32.230,1.0665,1.06665,6.30,1.00
2009.10.29 19:01:32.510,1.0664,1.06665,1.00,13.70
2009.10.29 19:01:32.630,1.0663,1.0666,13.30,4.00
2009.10.29 19:01:32.750,1.0663,1.0666,11.70,4.00
2009.10.29 19:01:33.790,1.0663,1.0666,11.70,6.40
2009.10.29 19:01:34.020,1.06625,1.06655,11.70,6.50
2009.10.29 19:01:35.260,1.06625,1.06655,6.90,6.50
2009.10.29 19:01:35.590,1.06625,1.06655,6.90,6.70
2009.10.29 19:01:35.930,1.06635,1.06655,1.60,5.10
2009.10.29 19:01:36.279,1.06635,1.06655,1.60,4.90
2009.10.29 19:01:37.749,1.06635,1.0665,1.60,1.00
2009.10.29 19:01:40.968,1.0663,1.0665,1.60,4.40
2009.10.29 19:01:41.148,1.0663,1.0665,1.60,5.20
2009.10.29 19:01:41.748,1.0663,1.0665,1.60,10.80
2009.10.29 19:01:42.098,1.06625,1.06645,1.60,4.00
2009.10.29 19:01:42.938,1.06625,1.06645,1.60,4.50
2009.10.29 19:01:43.817,1.06625,1.06645,1.60,4.00
2009.10.29 19:01:44.157,1.06625,1.06635,1.60,1.00
2009.10.29 19:01:53.015,1.0662,1.06635,1.60,1.00
2009.10.29 19:01:53.675,1.06625,1.06635,1.60,1.00
2009.10.29 19:02:06.972,1.06615,1.06635,10.00,1.00
2009.10.29 19:02:07.542,1.0663,1.06645,1.60,1.00
2009.10.29 19:02:08.971,1.0663,1.0665,1.60,8.10
2009.10.29 19:02:37.695,1.0663,1.0665,1.60,4.10
2009.10.29 19:02:42.033,1.0662,1.0665,4.10,4.10
2009.10.29 19:02:46.213,1.0662,1.0665,4.10,4.90
2009.10.29 19:02:46.602,1.06615,1.06645,6.90,5.60
2009.10.29 19:02:47.652,1.06615,1.06645,6.90,5.70
2009.10.29 19:02:51.351,1.06615,1.06645,6.90,6.30
2009.10.29 19:02:51.741,1.06615,1.06645,6.90,6.50
2009.10.29 19:02:55.970,1.06615,1.06645,6.90,6.70
2009.10.29 19:02:56.970,1.06615,1.06645,6.90,6.50
2009.10.29 19:02:57.490,1.06615,1.06645,6.90,6.10
2009.10.29 19:02:57.730,1.06615,1.06645,7.80,5.70
2009.10.29 19:02:59.149,1.06615,1.06645,9.10,5.70
2009.10.29 19:02:59.499,1.0662,1.06645,1.00,5.70
2009.10.29 19:02:59.660,1.0662,1.0665,7.10,10.00
2009.10.29 19:02:59.889,1.0662,1.0665,7.50,6.40
2009.10.29 19:03:00.649,1.0662,1.0665,7.90,6.40
2009.10.29 19:03:01.719,1.0662,1.0665,7.70,6.40
2009.10.29 19:03:02.238,1.0662,1.0665,1.90,13.60
2009.10.29 19:03:02.469,1.06615,1.06645,6.90,6.40
2009.10.29 19:03:03.108,1.06615,1.06645,6.90,6.50
2009.10.29 19:03:03.768,1.06615,1.06645,6.90,6.70
2009.10.29 19:03:05.388,1.06615,1.06645,6.90,6.10
2009.10.29 19:03:05.558,1.06615,1.06645,6.90,5.70
2009.10.29 19:03:22.474,1.06615,1.06645,6.90,6.70
2009.10.29 19:03:26.263,1.06615,1.06645,6.10,6.70
2009.10.29 19:03:26.593,1.06615,1.06645,6.50,6.70
2009.10.29 19:03:26.893,1.06615,1.06645,6.10,6.70
2009.10.29 19:03:27.172,1.06615,1.06645,6.90,6.70
2009.10.29 19:03:27.902,1.06615,1.06645,6.90,6.30
2009.10.29 19:03:28.022,1.06615,1.06645,6.90,5.70
2009.10.29 19:03:32.321,1.06615,1.06645,6.90,6.10
2009.10.29 19:03:32.601,1.06615,1.06645,6.90,6.50
2009.10.29 19:03:33.811,1.06615,1.06645,6.90,6.70
2009.10.29 19:03:35.621,1.06615,1.06645,8.10,5.70
2009.10.29 19:03:36.490,1.0662,1.06645,1.00,5.70
2009.10.29 19:03:37.060,1.06615,1.06645,9.70,5.70
2009.10.29 19:03:37.240,1.06615,1.06645,8.10,5.70
2009.10.29 19:03:37.420,1.06615,1.06645,7.70,5.70
2009.10.29 19:03:41.099,1.06615,1.06645,8.20,5.70
2009.10.29 19:03:41.399,1.06615,1.06645,9.00,5.70
2009.10.29 19:03:41.739,1.06615,1.06645,11.40,5.70
2009.10.29 19:03:42.959,1.06615,1.06645,10.60,6.30
2009.10.29 19:03:43.239,1.0662,1.06645,1.00,6.20
2009.10.29 19:03:43.299,1.06615,1.0664,8.50,1.20
2009.10.29 19:03:43.349,1.06615,1.0664,6.50,1.20
2009.10.29 19:03:43.689,1.06615,1.0664,5.70,1.20
2009.10.29 19:03:47.718,1.06625,1.0664,1.60,1.20
2009.10.29 19:03:48.897,1.06625,1.0664,1.60,1.30
2009.10.29 19:03:51.207,1.06625,1.0664,1.60,1.20
2009.10.29 19:04:16.891,1.06625,1.0664,1.60,1.00
2009.10.29 19:04:21.570,1.06625,1.0665,1.60,11.60
2009.10.29 19:04:21.859,1.0663,1.0665,1.60,4.40
2009.10.29 19:04:22.199,1.0663,1.0665,1.60,4.80
2009.10.29 19:04:31.577,1.0663,1.0665,1.60,5.60
2009.10.29 19:04:31.817,1.06625,1.06645,1.60,4.60
2009.10.29 19:04:32.157,1.06625,1.06645,1.60,5.00
2009.10.29 19:04:32.687,1.06625,1.06635,1.60,1.60
2009.10.29 19:04:32.797,1.0662,1.06635,1.60,1.60
2009.10.29 19:04:33.077,1.06615,1.0663,1.60,1.00
2009.10.29 19:04:33.497,1.06615,1.0663,1.60,1.00
2009.10.29 19:04:34.016,1.06615,1.06635,1.60,7.60
2009.10.29 19:04:36.326,1.0662,1.06645,1.60,5.30
2009.10.29 19:04:44.814,1.0662,1.0664,1.60,4.90
2009.10.29 19:04:44.994,1.0662,1.0664,1.60,4.10
2009.10.29 19:04:55.821,1.0662,1.0664,1.60,1.20
2009.10.29 19:04:56.061,1.0662,1.0664,1.60,1.00
2009.10.29 19:04:56.521,1.0662,1.06645,1.60,4.10
2009.10.29 19:04:56.751,1.0662,1.0663,1.60,1.00
2009.10.29 19:04:57.141,1.066,1.06625,1.60,1.00
2009.10.29 19:04:57.481,1.06595,1.0663,5.60,1.00
2009.10.29 19:04:57.821,1.06595,1.06625,5.60,1.00
2009.10.29 19:04:58.001,1.06605,1.06625,1.60,1.00
2009.10.29 19:05:00.040,1.0661,1.06625,1.60,1.00
2009.10.29 19:05:00.850,1.06605,1.06625,1.60,4.80
2009.10.29 19:05:01.030,1.06605,1.06625,1.60,4.50
2009.10.29 19:05:01.210,1.06595,1.06625,14.00,4.50
2009.10.29 19:05:01.560,1.066,1.06625,5.60,1.00
2009.10.29 19:05:02.300,1.0661,1.06625,1.60,1.00
2009.10.29 19:05:02.950,1.0661,1.06625,1.60,1.00
2009.10.29 19:05:04.619,1.0661,1.06625,1.60,1.70
2009.10.29 19:05:04.849,1.0661,1.06615,1.60,1.00
2009.10.29 19:05:05.149,1.06605,1.06615,1.60,1.00
2009.10.29 19:05:05.319,1.06605,1.06625,1.60,4.90
2009.10.29 19:05:05.669,1.066,1.06625,5.60,1.00
2009.10.29 19:05:05.999,1.0661,1.06625,1.60,1.00
2009.10.29 19:05:06.359,1.0661,1.06625,1.60,1.00
2009.10.29 19:05:08.258,1.0661,1.06625,1.60,1.00
2009.10.29 19:05:12.627,1.0662,1.06635,1.60,7.60
2009.10.29 19:05:12.747,1.0662,1.0664,1.60,4.10
2009.10.29 19:05:12.927,1.06625,1.0664,1.60,4.00
2009.10.29 19:05:13.047,1.0662,1.06645,1.60,6.00
2009.10.29 19:05:13.167,1.0662,1.06645,1.60,8.10
2009.10.29 19:05:13.347,1.0662,1.06645,1.60,8.90
2009.10.29 19:05:13.857,1.0662,1.06645,1.60,12.90
2009.10.29 19:05:14.087,1.0661,1.06625,4.00,1.00
2009.10.29 19:05:14.387,1.06605,1.0663,1.60,6.00
2009.10.29 19:05:17.736,1.06605,1.06625,1.60,5.50
2009.10.29 19:05:17.976,1.06605,1.06625,1.60,4.90
2009.10.29 19:05:18.086,1.0661,1.06625,1.60,4.90
2009.10.29 19:05:18.206,1.0661,1.06625,1.60,1.00
2009.10.29 19:05:24.204,1.0661,1.0663,1.60,5.30
2009.10.29 19:05:33.782,1.066,1.0663,4.10,5.30
2009.10.29 19:05:33.952,1.066,1.06625,4.10,1.00
2009.10.29 19:05:34.122,1.066,1.06625,4.00,1.00
2009.10.29 19:05:34.292,1.06595,1.06625,7.20,1.00
2009.10.29 19:05:34.462,1.06595,1.0662,1.60,1.00
2009.10.29 19:05:34.582,1.0659,1.0662,4.00,1.00
2009.10.29 19:05:34.762,1.06585,1.0662,5.20,4.60
2009.10.29 19:05:34.992,1.0659,1.0662,4.00,5.40
2009.10.29 19:05:35.632,1.0659,1.0662,4.00,9.40
2009.10.29 19:05:35.852,1.06585,1.06615,6.40,7.00
2009.10.29 19:05:36.082,1.06585,1.06615,6.00,7.00
2009.10.29 19:05:36.432,1.06585,1.06615,13.20,2.60
2009.10.29 19:05:36.652,1.0659,1.06615,4.00,1.00
2009.10.29 19:05:37.061,1.0659,1.06615,4.00,1.00
2009.10.29 19:05:37.581,1.0659,1.06615,4.10,1.00
2009.10.29 19:05:40.591,1.0659,1.06615,1.00,4.80
2009.10.29 19:05:40.880,1.06585,1.0661,1.00,4.20
2009.10.29 19:05:41.220,1.0658,1.06605,5.30,1.00
2009.10.29 19:05:42.770,1.0658,1.06605,5.30,1.00
2009.10.29 19:05:43.230,1.0658,1.06605,4.50,1.00
2009.10.29 19:05:43.760,1.0658,1.06605,4.40,1.00
2009.10.29 19:05:43.940,1.06575,1.06605,10.80,6.50
2009.10.29 19:05:45.269,1.06575,1.06605,10.40,6.50
2009.10.29 19:05:45.509,1.06575,1.06605,10.00,6.50
2009.10.29 19:05:45.849,1.06575,1.06605,11.60,6.70
2009.10.29 19:05:48.559,1.06575,1.06605,9.20,6.70
2009.10.29 19:05:53.507,1.06575,1.06605,9.20,5.70
2009.10.29 19:05:59.956,1.0658,1.06595,1.60,4.00
2009.10.29 19:06:00.516,1.0658,1.06595,1.60,4.40
2009.10.29 19:06:02.185,1.0658,1.06595,1.60,4.60
2009.10.29 19:06:02.535,1.0658,1.06595,1.60,9.60
2009.10.29 19:06:02.875,1.06575,1.0659,1.60,4.80
2009.10.29 19:06:03.205,1.0657,1.06585,1.60,3.10
2009.10.29 19:06:03.535,1.0657,1.06585,1.60,3.00
2009.10.29 19:06:04.235,1.0657,1.06585,1.60,2.90
2009.10.29 19:06:04.575,1.0657,1.06585,1.60,3.90
2009.10.29 19:06:05.215,1.0657,1.06585,1.60,2.40
2009.10.29 19:06:05.494,1.0657,1.06585,1.60,1.70
2009.10.29 19:06:05.784,1.06575,1.06585,1.60,1.20
2009.10.29 19:06:06.144,1.0657,1.06585,1.60,1.80
2009.10.29 19:06:06.494,1.0657,1.06585,1.60,2.40
2009.10.29 19:06:06.834,1.06575,1.06585,1.60,1.60
2009.10.29 19:06:08.104,1.06575,1.06595,1.60,9.60
2009.10.29 19:06:08.224,1.06575,1.06595,1.60,8.80
2009.10.29 19:06:09.324,1.06575,1.06595,1.60,8.70
2009.10.29 19:06:11.033,1.06565,1.06595,11.40,10.30
2009.10.29 19:06:11.373,1.0657,1.06595,1.00,10.30
2009.10.29 19:06:11.553,1.0657,1.06595,1.00,10.30
2009.10.29 19:06:11.853,1.0657,1.06595,1.00,10.10
2009.10.29 19:06:12.153,1.0657,1.06595,1.00,10.50
2009.10.29 19:06:12.433,1.0657,1.06595,1.00,10.50
2009.10.29 19:06:12.723,1.0657,1.06595,1.00,10.20
2009.10.29 19:06:17.352,1.0657,1.06595,1.00,10.40
2009.10.29 19:06:17.692,1.06575,1.06595,1.60,8.70
2009.10.29 19:06:18.961,1.06575,1.06595,1.60,7.70
2009.10.29 19:06:22.760,1.06575,1.06585,1.60,1.00
2009.10.29 19:06:23.050,1.06575,1.06585,1.60,1.00
2009.10.29 19:06:23.290,1.0657,1.06585,1.60,1.00
2009.10.29 19:06:23.520,1.0657,1.0659,1.60,4.00
2009.10.29 19:06:23.760,1.0657,1.0659,1.60,4.60
2009.10.29 19:06:23.920,1.0657,1.06585,1.60,1.00
2009.10.29 19:06:24.280,1.0657,1.06585,1.60,1.40
2009.10.29 19:06:24.460,1.0657,1.06585,1.60,1.80
2009.10.29 19:06:24.930,1.0657,1.06585,1.60,1.00
2009.10.29 19:06:25.150,1.0657,1.0659,1.60,4.10
2009.10.29 19:06:25.380,1.06575,1.0659,1.60,4.10
2009.10.29 19:06:25.660,1.06575,1.06595,1.60,7.70
2009.10.29 19:06:26.969,1.06575,1.06595,1.63,7.70
2009.10.29 19:06:27.309,1.06585,1.0659,1.00,4.00
2009.10.29 19:06:27.649,1.06585,1.0659,1.00,4.70
2009.10.29 19:06:28.519,1.06585,1.0659,1.00,4.80
2009.10.29 19:06:29.979,1.06565,1.0659,1.60,5.30
2009.10.29 19:06:30.159,1.06565,1.06585,1.60,1.00
2009.10.29 19:06:30.329,1.06565,1.06585,1.60,1.00
2009.10.29 19:06:31.078,1.06565,1.06585,8.50,1.00
2009.10.29 19:06:31.938,1.06565,1.06585,8.50,1.00
2009.10.29 19:06:32.178,1.06565,1.06585,8.50,1.00
2009.10.29 19:06:32.408,1.06565,1.06585,8.50,1.00
2009.10.29 19:06:32.638,1.06565,1.06595,8.70,11.20
2009.10.29 19:06:32.878,1.06565,1.06595,8.70,10.40
2009.10.29 19:06:33.108,1.06565,1.06595,8.70,9.60
2009.10.29 19:06:36.867,1.06565,1.06595,8.70,10.40
2009.10.29 19:06:37.207,1.06565,1.06595,21.30,5.00
2009.10.29 19:06:37.567,1.0657,1.066,16.80,1.60
2009.10.29 19:06:37.917,1.06575,1.06605,9.20,7.00
2009.10.29 19:06:38.697,1.06575,1.06605,9.60,7.00
2009.10.29 19:06:39.336,1.06575,1.06605,9.60,7.80
2009.10.29 19:06:39.506,1.06575,1.066,1.60,4.00
2009.10.29 19:06:39.676,1.06575,1.066,1.00,4.00
2009.10.29 19:06:39.906,1.0657,1.066,9.30,4.00
2009.10.29 19:06:40.076,1.0657,1.066,7.90,4.00
2009.10.29 19:06:40.486,1.0657,1.0659,1.30,6.30
2009.10.29 19:06:40.716,1.06565,1.0659,5.40,6.30
2009.10.29 19:06:40.896,1.06565,1.0659,1.60,4.00
2009.10.29 19:06:41.946,1.06565,1.0659,1.60,4.50
2009.10.29 19:06:42.116,1.0656,1.0659,13.30,4.90
2009.10.29 19:06:43.965,1.0656,1.0659,13.30,6.90
2009.10.29 19:06:45.065,1.0656,1.06585,13.30,1.00
2009.10.29 19:06:45.225,1.0656,1.0659,18.10,4.00
2009.10.29 19:06:45.405,1.06565,1.06595,12.40,4.90
2009.10.29 19:06:46.065,1.06565,1.06595,12.40,5.20
2009.10.29 19:06:46.805,1.06565,1.0659,2.80,4.00
2009.10.29 19:06:47.154,1.06565,1.0659,1.60,4.00
2009.10.29 19:06:48.304,1.0656,1.0659,12.50,4.00
2009.10.29 19:06:48.534,1.0656,1.0659,12.50,4.50
2009.10.29 19:06:48.824,1.0656,1.0659,12.50,4.80
2009.10.29 19:06:49.054,1.0656,1.0659,12.50,4.00
2009.10.29 19:06:49.534,1.0656,1.0659,12.50,4.10
2009.10.29 19:06:52.003,1.0656,1.06595,12.50,4.70
2009.10.29 19:06:52.393,1.0656,1.0659,12.50,1.00
2009.10.29 19:06:52.503,1.0656,1.06595,12.50,4.10
2009.10.29 19:06:53.143,1.06565,1.06595,1.00,15.70
2009.10.29 19:06:53.194,1.06565,1.06595,1.20,14.90
2009.10.29 19:06:53.303,1.06565,1.06595,4.00,12.10
2009.10.29 19:06:53.653,1.06575,1.06595,6.50,1.00
2009.10.29 19:06:54.463,1.0658,1.0661,7.70,3.70
2009.10.29 19:06:54.703,1.0659,1.06625,6.90,4.10
2009.10.29 19:06:54.873,1.0659,1.0662,1.00,5.20
2009.10.29 19:06:55.033,1.06585,1.066,4.00,1.40
2009.10.29 19:06:55.253,1.0658,1.066,6.90,1.40
2009.10.29 19:06:55.422,1.06575,1.066,9.10,1.00
2009.10.29 19:06:55.752,1.06575,1.0661,11.20,5.60
2009.10.29 19:06:56.142,1.0658,1.0661,6.80,4.80
2009.10.29 19:06:56.492,1.0658,1.0661,7.60,4.10
2009.10.29 19:06:57.572,1.0658,1.0661,9.20,4.10
2009.10.29 19:06:57.802,1.0659,1.06605,1.60,1.00
2009.10.29 19:06:58.372,1.0659,1.06605,1.60,1.00
2009.10.29 19:06:58.492,1.0659,1.06605,1.60,1.00
2009.10.29 19:06:58.962,1.06585,1.06605,1.60,5.00
2009.10.29 19:07:00.511,1.06585,1.06605,1.60,5.20
2009.10.29 19:07:03.371,1.06585,1.06605,1.60,4.80
2009.10.29 19:07:09.269,1.0658,1.066,2.30,4.00
2009.10.29 19:07:09.609,1.06585,1.06605,8.00,1.00
2009.10.29 19:07:09.959,1.06585,1.06605,8.50,1.00
2009.10.29 19:07:10.299,1.06585,1.06615,8.50,8.10
2009.10.29 19:07:10.579,1.06585,1.06605,6.90,9.10
2009.10.29 19:07:10.809,1.06575,1.0659,1.00,1.60
2009.10.29 19:07:11.039,1.06555,1.0659,7.30,6.00
2009.10.29 19:07:11.379,1.06555,1.0659,7.30,5.80
2009.10.29 19:07:12.428,1.06555,1.06585,17.00,4.00
2009.10.29 19:07:13.118,1.0656,1.06585,7.30,6.60
2009.10.29 19:07:13.228,1.0656,1.06585,8.10,5.30
2009.10.29 19:07:13.289,1.0656,1.06585,6.50,2.50
2009.10.29 19:07:13.518,1.0656,1.06585,4.90,1.70
2009.10.29 19:07:13.578,1.0656,1.06585,4.90,1.00
2009.10.29 19:07:14.048,1.0656,1.06585,6.50,1.00
2009.10.29 19:07:18.427,1.0656,1.06585,6.50,1.20
2009.10.29 19:07:18.887,1.0656,1.06585,4.90,2.00
2009.10.29 19:07:19.067,1.0656,1.06585,4.10,2.00
2009.10.29 19:07:28.405,1.0656,1.06585,4.10,1.60
2009.10.29 19:07:29.064,1.0656,1.06585,4.00,1.60
2009.10.29 19:07:29.235,1.06555,1.06585,7.30,8.00
2009.10.29 19:07:29.405,1.06555,1.06585,6.50,8.00
2009.10.29 19:07:29.744,1.06555,1.06585,5.70,7.60
2009.10.29 19:07:29.904,1.06555,1.06585,5.70,8.00
2009.10.29 19:07:30.744,1.06555,1.06585,5.70,8.10
2009.10.29 19:07:32.833,1.06555,1.06585,5.70,6.50
2009.10.29 19:07:37.832,1.06555,1.06585,5.70,8.10
2009.10.29 19:07:42.301,1.06555,1.06585,5.70,7.30
2009.10.29 19:07:46.310,1.06555,1.06585,5.70,6.10
2009.10.29 19:07:46.550,1.06555,1.06585,5.70,6.60
2009.10.29 19:07:51.029,1.0656,1.06585,5.60,1.10
2009.10.29 19:07:51.319,1.0656,1.06585,5.60,1.60
2009.10.29 19:07:51.499,1.0656,1.06585,5.60,2.70
2009.10.29 19:07:52.009,1.0656,1.06585,5.60,3.00
2009.10.29 19:07:52.229,1.0657,1.06585,1.60,2.80
2009.10.29 19:07:52.409,1.06565,1.06585,1.60,6.80
2009.10.29 19:07:53.629,1.06565,1.06585,1.60,7.00
2009.10.29 19:07:55.178,1.06565,1.06585,1.60,7.80
2009.10.29 19:07:58.017,1.06565,1.06585,1.60,8.60
2009.10.29 19:07:58.178,1.06565,1.0658,1.60,4.00
2009.10.29 19:07:58.287,1.0656,1.0658,1.60,4.00
2009.10.29 19:07:58.467,1.0656,1.0658,1.60,4.70
2009.10.29 19:07:58.587,1.06555,1.0658,5.60,1.00
2009.10.29 19:07:58.757,1.06555,1.06585,5.60,8.60
2009.10.29 19:07:58.877,1.06565,1.06585,1.60,7.80
2009.10.29 19:08:02.096,1.06565,1.06575,1.60,1.00
2009.10.29 19:08:02.386,1.06565,1.06575,1.60,1.00
2009.10.29 19:08:02.946,1.06565,1.06575,1.60,1.00
2009.10.29 19:08:03.116,1.06565,1.06585,1.60,7.40
2009.10.29 19:08:04.706,1.06565,1.06585,1.60,7.10
2009.10.29 19:08:04.886,1.0657,1.06585,1.60,1.00
2009.10.29 19:08:05.756,1.0657,1.06585,1.60,1.00
2009.10.29 19:08:06.555,1.0657,1.06585,1.60,1.00
2009.10.29 19:08:06.905,1.0657,1.0659,1.60,4.10
2009.10.29 19:08:15.953,1.0657,1.0659,1.60,4.00
2009.10.29 19:08:16.013,1.0657,1.06595,1.60,14.50
2009.10.29 19:08:24.851,1.06575,1.06595,1.60,6.60
2009.10.29 19:08:26.121,1.06575,1.06595,1.60,7.40
2009.10.29 19:08:26.710,1.06575,1.06595,1.60,7.30
2009.10.29 19:08:27.790,1.06575,1.06595,1.60,6.80
2009.10.29 19:08:28.070,1.06575,1.06595,1.60,6.40
2009.10.29 19:08:37.658,1.0658,1.06595,1.60,7.10
2009.10.29 19:08:37.878,1.0658,1.066,1.60,4.80
2009.10.29 19:08:38.108,1.06575,1.06595,1.60,4.00
2009.10.29 19:08:38.338,1.06575,1.06595,1.60,4.90
2009.10.29 19:08:38.518,1.0657,1.06595,11.20,1.00
2009.10.29 19:08:39.567,1.0657,1.06595,11.30,1.00
2009.10.29 19:08:43.506,1.0658,1.06595,1.60,1.00
2009.10.29 19:08:49.395,1.06575,1.06595,5.60,1.00
2009.10.29 19:08:50.435,1.0659,1.06595,1.60,1.00
2009.10.29 19:08:50.605,1.0659,1.06605,1.60,1.00
2009.10.29 19:08:50.825,1.0659,1.0661,1.60,4.10
2009.10.29 19:08:53.194,1.0659,1.06605,1.60,1.00
2009.10.29 19:08:55.214,1.0659,1.06605,1.60,1.00
2009.10.29 19:09:02.602,1.0659,1.0661,1.60,4.10
2009.10.29 19:09:06.731,1.06585,1.0661,2.10,4.00
2009.10.29 19:09:06.911,1.06585,1.06615,6.00,4.40
2009.10.29 19:09:07.921,1.06585,1.06615,6.40,4.30
2009.10.29 19:09:08.331,1.06585,1.06615,7.40,4.00
2009.10.29 19:09:08.661,1.0659,1.0662,5.60,6.50
2009.10.29 19:09:08.890,1.06595,1.06625,5.60,6.40
2009.10.29 19:09:09.060,1.06605,1.06625,1.60,5.50
2009.10.29 19:09:10.580,1.06605,1.06625,2.10,4.00
2009.10.29 19:09:10.870,1.0661,1.06625,1.60,4.00
2009.10.29 19:09:11.150,1.0661,1.06635,5.60,5.60
2009.10.29 19:09:11.490,1.0661,1.06635,1.60,4.00
2009.10.29 19:09:11.830,1.0661,1.06635,1.60,11.60
2009.10.29 19:09:12.160,1.06615,1.06635,1.60,4.00
2009.10.29 19:09:30.695,1.06615,1.06625,1.60,1.00
2009.10.29 19:09:31.375,1.06615,1.06635,1.60,4.40
2009.10.29 19:09:31.675,1.06615,1.06625,1.60,1.00
2009.10.29 19:09:35.044,1.06615,1.06625,1.60,1.00
2009.10.29 19:09:36.084,1.0662,1.06625,1.60,1.00
2009.10.29 19:09:38.243,1.06615,1.06635,5.60,2.30
2009.10.29 19:09:40.973,1.0662,1.06625,1.60,1.00
2009.10.29 19:09:41.552,1.0662,1.06625,1.60,1.00
2009.10.29 19:09:41.902,1.06615,1.06635,5.60,1.00
2009.10.29 19:09:42.243,1.06615,1.06645,5.60,7.30
2009.10.29 19:09:42.592,1.06615,1.06645,5.60,7.70
2009.10.29 19:09:44.452,1.06625,1.06645,1.60,7.30
2009.10.29 19:09:49.991,1.06615,1.06645,5.70,8.90
2009.10.29 19:09:53.150,1.06615,1.06645,5.70,8.50
2009.10.29 19:09:57.339,1.06615,1.06645,5.70,6.90
2009.10.29 19:10:02.028,1.06615,1.06645,5.70,7.30
2009.10.29 19:10:13.425,1.0662,1.06645,2.20,6.90
2009.10.29 19:10:22.283,1.06625,1.06645,1.60,7.30
2009.10.29 19:10:23.052,1.06625,1.06645,1.60,10.90
2009.10.29 19:10:23.452,1.0662,1.06645,2.20,20.00
2009.10.29 19:10:24.482,1.0662,1.06645,2.20,20.10
2009.10.29 19:10:26.102,1.0662,1.06645,2.20,23.30
2009.10.29 19:10:35.329,1.0662,1.0664,1.60,5.60
2009.10.29 19:10:35.669,1.0662,1.0664,1.60,6.40
2009.10.29 19:10:37.689,1.0662,1.0664,1.60,5.60
2009.10.29 19:10:38.029,1.0662,1.0664,1.60,4.80
2009.10.29 19:10:46.957,1.06625,1.0664,1.60,4.70
2009.10.29 19:10:47.177,1.06625,1.06645,1.60,8.00
2009.10.29 19:10:47.746,1.06625,1.06645,1.60,7.60
2009.10.29 19:11:06.252,1.06625,1.06645,1.60,8.00
2009.10.29 19:11:07.342,1.06625,1.06645,1.60,7.30
2009.10.29 19:11:08.302,1.06625,1.06645,1.60,8.20
2009.10.29 19:11:08.592,1.06625,1.06635,1.60,1.00
2009.10.29 19:11:10.981,1.06625,1.06635,1.80,1.00
2009.10.29 19:11:11.211,1.06625,1.06645,1.80,7.30
2009.10.29 19:11:17.979,1.06625,1.06645,1.80,8.00
2009.10.29 19:11:18.599,1.06625,1.06645,1.80,11.20
2009.10.29 19:11:21.968,1.06625,1.06645,1.60,11.00
2009.10.29 19:11:27.847,1.06595,1.06615,4.00,1.40
2009.10.29 19:11:28.137,1.06585,1.06615,5.60,5.80
2009.10.29 19:11:28.967,1.06585,1.06615,5.60,5.50
2009.10.29 19:11:29.647,1.06585,1.06605,1.60,1.00
2009.10.29 19:11:29.946,1.0658,1.06605,9.70,1.00
2009.10.29 19:11:32.766,1.0658,1.06605,1.60,4.10
2009.10.29 19:11:33.906,1.0658,1.06605,1.60,4.30
2009.10.29 19:11:34.405,1.0658,1.06605,10.40,1.70
2009.10.29 19:11:34.585,1.0658,1.06605,11.90,1.90
2009.10.29 19:11:34.925,1.0658,1.06605,7.90,1.90
2009.10.29 19:11:35.605,1.0658,1.06605,8.00,1.90
2009.10.29 19:11:36.175,1.0658,1.06605,12.00,1.80
2009.10.29 19:11:36.455,1.0658,1.06605,15.60,1.00
2009.10.29 19:11:36.695,1.06585,1.06605,5.60,1.00
2009.10.29 19:11:37.555,1.06585,1.06605,5.70,1.00
2009.10.29 19:11:38.444,1.06585,1.06605,5.70,1.00
2009.10.29 19:11:48.482,1.06585,1.0661,5.70,1.20
2009.10.29 19:11:49.092,1.06585,1.0661,4.00,1.20
2009.10.29 19:11:49.262,1.06585,1.06605,4.00,1.00
2009.10.29 19:11:49.382,1.0658,1.06605,4.10,1.00
2009.10.29 19:11:51.871,1.0658,1.06605,4.10,1.10
2009.10.29 19:11:52.101,1.06585,1.06605,2.40,1.10
2009.10.29 19:11:52.321,1.06585,1.06605,5.10,1.00
2009.10.29 19:11:52.561,1.06585,1.06605,13.10,1.00
2009.10.29 19:11:54.451,1.06585,1.06605,13.30,1.00
2009.10.29 19:12:02.169,1.0658,1.06605,4.10,1.00
2009.10.29 19:12:12.036,1.0658,1.0661,4.10,5.30
2009.10.29 19:12:15.126,1.0658,1.0661,4.10,4.90
2009.10.29 19:12:15.245,1.0658,1.0661,6.50,4.10
2009.10.29 19:12:15.415,1.06585,1.0661,1.20,4.10
2009.10.29 19:12:15.536,1.06585,1.0661,5.20,4.10
2009.10.29 19:12:15.895,1.0659,1.0661,11.50,1.00
2009.10.29 19:12:16.235,1.066,1.0663,7.20,1.70
2009.10.29 19:12:16.625,1.06605,1.0663,4.00,1.00
2009.10.29 19:12:18.245,1.066,1.0663,4.00,4.20
2009.10.29 19:12:25.773,1.066,1.0663,4.00,4.00
2009.10.29 19:12:28.602,1.066,1.0663,4.00,3.90
2009.10.29 19:12:31.152,1.066,1.0663,4.00,4.10
2009.10.29 19:12:33.471,1.06595,1.06625,6.40,4.00
2009.10.29 19:12:37.600,1.06595,1.06625,6.40,4.10
2009.10.29 19:12:38.360,1.06595,1.06625,6.40,4.00
2009.10.29 19:12:40.949,1.06595,1.06625,6.00,4.00
2009.10.29 19:12:44.818,1.06595,1.06625,16.00,1.00
2009.10.29 19:12:46.538,1.06595,1.06625,16.30,1.00
2009.10.29 19:12:53.496,1.066,1.0663,4.90,4.10
2009.10.29 19:12:58.125,1.066,1.0663,5.10,4.10
2009.10.29 19:13:03.174,1.066,1.0663,4.30,4.10
2009.10.29 19:13:05.633,1.06605,1.0663,1.00,4.10
2009.10.29 19:13:16.701,1.06595,1.06625,7.60,4.00
2009.10.29 19:13:16.881,1.06595,1.06625,5.50,4.10
2009.10.29 19:13:17.051,1.06595,1.06625,5.20,4.10
2009.10.29 19:13:20.120,1.06595,1.06625,6.30,4.10
2009.10.29 19:13:20.400,1.06595,1.06625,5.70,4.10
2009.10.29 19:13:22.469,1.06595,1.06625,5.70,4.10
2009.10.29 19:13:24.099,1.0661,1.06625,1.00,4.40
2009.10.29 19:13:26.068,1.0659,1.06625,5.40,4.40
2009.10.29 19:13:26.308,1.06605,1.06625,1.00,4.40
2009.10.29 19:13:27.648,1.066,1.06625,4.20,1.00
2009.10.29 19:13:28.218,1.066,1.06625,4.00,1.00
2009.10.29 19:13:29.498,1.066,1.06625,4.10,1.00
2009.10.29 19:13:32.407,1.066,1.06625,4.10,1.00
2009.10.29 19:13:37.236,1.066,1.06625,4.10,1.20
2009.10.29 19:13:37.566,1.066,1.06615,4.00,1.00
2009.10.29 19:13:37.916,1.06595,1.06615,5.70,1.00
2009.10.29 19:13:38.196,1.0659,1.06615,6.40,2.70
2009.10.29 19:13:40.445,1.0659,1.06615,6.40,3.50
2009.10.29 19:13:40.555,1.0659,1.06615,5.70,3.50
2009.10.29 19:13:40.665,1.0659,1.06605,1.00,1.00
2009.10.29 19:13:40.775,1.0659,1.06605,1.00,1.00
2009.10.29 19:13:40.885,1.0658,1.06605,6.50,1.00
2009.10.29 19:13:41.065,1.0658,1.06605,5.70,1.00
2009.10.29 19:13:43.114,1.0658,1.06605,5.70,2.00
2009.10.29 19:13:43.414,1.0658,1.06605,5.70,3.20
2009.10.29 19:13:44.794,1.0658,1.06605,5.70,1.00
2009.10.29 19:13:53.312,1.0658,1.0661,5.70,4.90
2009.10.29 19:13:55.731,1.0658,1.06605,5.70,1.00
2009.10.29 19:14:07.179,1.0658,1.0661,5.60,5.20
2009.10.29 19:14:07.339,1.06575,1.066,1.60,1.60
2009.10.29 19:14:07.669,1.0658,1.066,4.00,1.60
2009.10.29 19:14:07.958,1.0658,1.066,5.60,1.60
2009.10.29 19:14:08.638,1.0658,1.06615,5.60,4.90
2009.10.29 19:14:11.208,1.0658,1.0661,5.60,4.10
2009.10.29 19:14:11.377,1.0658,1.0661,8.80,1.00
2009.10.29 19:14:12.517,1.06585,1.06615,4.00,4.00
2009.10.29 19:14:13.627,1.06585,1.06615,4.00,6.40
2009.10.29 19:14:13.907,1.0658,1.0661,4.10,4.20
2009.10.29 19:14:14.797,1.0658,1.0661,4.10,4.00
2009.10.29 19:14:16.716,1.0658,1.0661,4.10,4.10
2009.10.29 19:14:19.735,1.0658,1.0661,4.60,4.10
2009.10.29 19:14:19.975,1.06585,1.0661,1.00,4.10
2009.10.29 19:14:20.205,1.06585,1.06615,4.80,12.80
2009.10.29 19:14:20.476,1.06585,1.06615,4.00,4.80
2009.10.29 19:14:22.785,1.06585,1.06615,4.00,5.20
2009.10.29 19:14:23.075,1.06585,1.06615,4.00,5.60
2009.10.29 19:14:26.684,1.06585,1.06615,4.00,4.80
2009.10.29 19:14:26.914,1.06585,1.06615,4.00,4.60
2009.10.29 19:14:30.183,1.06585,1.06615,4.00,5.50
2009.10.29 19:14:30.413,1.06585,1.06605,4.00,1.00
2009.10.29 19:14:30.693,1.0658,1.06605,5.70,1.00
2009.10.29 19:14:33.582,1.0658,1.06605,5.70,1.00
2009.10.29 19:14:33.932,1.0658,1.0661,16.90,1.00
2009.10.29 19:14:34.392,1.06585,1.06615,4.00,4.80
2009.10.29 19:14:34.682,1.06585,1.06615,4.00,4.40
2009.10.29 19:14:36.582,1.06585,1.06615,5.60,4.60
2009.10.29 19:14:36.871,1.06585,1.06615,4.00,4.60
2009.10.29 19:14:38.661,1.06585,1.06615,4.00,4.80
2009.10.29 19:14:39.341,1.06585,1.06615,4.80,4.80
2009.10.29 19:14:39.581,1.06585,1.06615,13.20,1.00
2009.10.29 19:14:40.471,1.0659,1.06615,4.00,1.00
2009.10.29 19:14:41.621,1.0659,1.06615,4.10,1.00
2009.10.29 19:14:42.801,1.0659,1.06615,4.10,1.00
2009.10.29 19:14:47.679,1.0659,1.06615,4.10,1.00
2009.10.29 19:14:47.859,1.0659,1.06615,4.10,1.00
2009.10.29 19:14:48.129,1.0659,1.06615,4.10,1.00
2009.10.29 19:14:51.518,1.0659,1.06615,4.10,1.00
2009.10.29 19:14:59.146,1.0659,1.0662,12.90,4.00
2009.10.29 19:14:59.376,1.06595,1.06625,4.80,4.60
2009.10.29 19:14:59.786,1.06595,1.06625,4.40,4.60
2009.10.29 19:15:00.136,1.06595,1.06625,4.00,4.70
2009.10.29 19:15:01.106,1.06595,1.06625,4.00,4.80
2009.10.29 19:15:04.215,1.06595,1.06625,4.00,4.80
2009.10.29 19:15:06.014,1.06595,1.06625,4.00,4.60
2009.10.29 19:15:10.314,1.066,1.06625,5.60,1.00
2009.10.29 19:15:11.453,1.066,1.06625,1.00,4.20
2009.10.29 19:15:13.653,1.066,1.06625,1.00,4.00
2009.10.29 19:15:13.933,1.066,1.0663,5.60,11.30
2009.10.29 19:15:14.222,1.066,1.0663,5.60,4.10
2009.10.29 19:15:16.192,1.066,1.0663,6.00,4.10
2009.10.29 19:15:16.482,1.066,1.0663,6.20,4.10
2009.10.29 19:15:20.011,1.066,1.0663,5.80,4.10
2009.10.29 19:15:21.351,1.0661,1.0663,1.60,4.10
2009.10.29 19:15:22.741,1.0661,1.0663,1.60,8.70
2009.10.29 19:15:23.071,1.0661,1.0663,1.60,15.90
2009.10.29 19:15:23.361,1.06605,1.06625,1.60,4.60
2009.10.29 19:15:32.808,1.06605,1.06625,1.60,4.00
2009.10.29 19:15:34.668,1.066,1.06625,2.40,8.80
2009.10.29 19:15:37.587,1.066,1.06625,2.40,16.50
2009.10.29 19:15:39.496,1.066,1.0662,1.60,4.10
2009.10.29 19:16:08.989,1.066,1.06615,1.60,1.00
2009.10.29 19:16:22.016,1.066,1.06615,1.60,1.00
2009.10.29 19:16:22.706,1.066,1.06615,4.00,1.00
2009.10.29 19:16:23.056,1.066,1.06615,4.00,1.00
2009.10.29 19:16:23.456,1.066,1.06605,4.00,1.00
2009.10.29 19:16:26.635,1.066,1.06605,2.40,1.00
2009.10.29 19:16:35.783,1.066,1.0663,2.40,4.00
2009.10.29 19:16:36.003,1.066,1.06635,7.20,8.10
2009.10.29 19:16:36.173,1.066,1.06635,7.20,4.10
2009.10.29 19:16:38.732,1.066,1.0663,7.40,4.10
2009.10.29 19:17:03.486,1.066,1.0663,7.80,4.10
2009.10.29 19:17:34.959,1.066,1.0663,7.80,4.90
2009.10.29 19:17:35.179,1.066,1.0663,7.80,7.30
2009.10.29 19:17:35.299,1.0661,1.0663,1.60,10.00
2009.10.29 19:17:35.759,1.0661,1.0663,1.00,1.00
2009.10.29 19:17:36.099,1.06615,1.0665,5.40,19.60
2009.10.29 19:17:36.458,1.06615,1.0665,5.80,4.00
2009.10.29 19:17:37.898,1.06615,1.06645,6.00,4.00
2009.10.29 19:17:38.478,1.06625,1.06645,1.60,4.00
2009.10.29 19:17:44.186,1.0662,1.0664,1.60,4.00
2009.10.29 19:17:46.426,1.0662,1.0664,1.60,4.00
2009.10.29 19:17:46.706,1.0662,1.0664,1.60,4.10
2009.10.29 19:18:20.618,1.06635,1.06655,2.40,4.80
2009.10.29 19:18:20.958,1.06635,1.0665,1.00,4.00
2009.10.29 19:18:25.736,1.06635,1.0665,1.00,4.80
2009.10.29 19:18:25.906,1.06635,1.0665,1.00,7.20
2009.10.29 19:18:26.256,1.06635,1.06645,1.00,4.00
2009.10.29 19:18:27.286,1.06635,1.0665,1.00,4.90
2009.10.29 19:18:27.466,1.06635,1.06645,1.00,4.00
2009.10.29 19:18:28.696,1.06635,1.06645,1.00,4.10
2009.10.29 19:18:29.166,1.06635,1.06645,1.00,4.90
2009.10.29 19:18:29.446,1.06615,1.0664,1.60,4.00
2009.10.29 19:18:29.966,1.06615,1.06645,2.80,4.30
2009.10.29 19:18:30.665,1.0662,1.06645,7.20,1.00
2009.10.29 19:18:30.845,1.06635,1.06645,1.60,1.00
2009.10.29 19:18:32.925,1.06635,1.06655,1.60,4.10
2009.10.29 19:18:33.955,1.0663,1.0666,10.00,4.00
2009.10.29 19:18:34.064,1.06635,1.06665,5.60,5.20
2009.10.29 19:18:34.344,1.06645,1.06665,1.60,4.80
2009.10.29 19:18:35.094,1.06645,1.06665,1.60,6.00
2009.10.29 19:18:35.324,1.0664,1.06665,1.60,10.40
2009.10.29 19:18:35.554,1.06635,1.06665,5.60,5.20
2009.10.29 19:18:38.353,1.06645,1.06665,1.60,9.20
2009.10.29 19:18:38.523,1.06635,1.06665,5.60,12.00
2009.10.29 19:18:38.703,1.06635,1.0666,5.60,4.00
2009.10.29 19:18:38.933,1.0663,1.0666,6.50,8.00
2009.10.29 19:18:39.573,1.06635,1.06665,5.60,8.80
2009.10.29 19:18:39.813,1.06645,1.06665,1.60,8.40
2009.10.29 19:18:43.362,1.06645,1.06665,2.40,8.40
2009.10.29 19:18:43.702,1.06645,1.06665,8.40,3.60
2009.10.29 19:18:44.102,1.0664,1.06665,1.60,14.40
2009.10.29 19:18:44.222,1.0664,1.06665,1.60,8.00
2009.10.29 19:18:44.332,1.06645,1.06665,1.60,8.00
2009.10.29 19:18:44.742,1.06645,1.06665,1.60,7.60
2009.10.29 19:18:45.012,1.06645,1.06665,1.60,7.20
2009.10.29 19:18:45.672,1.0665,1.06665,1.60,4.80
2009.10.29 19:18:45.962,1.0664,1.0667,7.20,8.10
2009.10.29 19:18:46.202,1.06645,1.06675,5.60,12.80
2009.10.29 19:18:46.542,1.06655,1.06675,1.60,8.00
2009.10.29 19:18:46.881,1.06655,1.06675,1.60,10.40
2009.10.29 19:18:47.201,1.06645,1.06665,4.00,1.20
2009.10.29 19:18:47.501,1.06645,1.06665,5.60,1.00
2009.10.29 19:18:48.621,1.06645,1.06665,5.60,1.00
2009.10.29 19:18:51.010,1.06665,1.06675,1.60,1.00
2009.10.29 19:18:51.810,1.06655,1.06675,1.60,8.00
2009.10.29 19:18:52.040,1.06655,1.06675,1.60,8.40
2009.10.29 19:18:53.671,1.0666,1.06675,1.00,4.80
2009.10.29 19:18:54.020,1.06655,1.06675,1.60,8.40
2009.10.29 19:18:55.879,1.06655,1.06675,1.60,8.00
2009.10.29 19:18:57.779,1.06645,1.06675,4.00,8.00
2009.10.29 19:18:59.088,1.06645,1.06675,4.00,7.90
2009.10.29 19:19:02.498,1.06645,1.0667,4.00,4.00
2009.10.29 19:19:02.857,1.0664,1.0667,5.30,8.00
2009.10.29 19:19:03.677,1.0665,1.0667,1.60,8.00
2009.10.29 19:19:08.876,1.0665,1.0667,4.00,8.30
2009.10.29 19:19:09.036,1.0665,1.0667,18.80,1.00
2009.10.29 19:19:09.216,1.0665,1.0667,10.00,1.00
2009.10.29 19:19:09.326,1.06665,1.06695,1.60,8.90
2009.10.29 19:19:10.826,1.06675,1.0669,1.60,8.90
2009.10.29 19:19:14.115,1.0667,1.0669,1.60,8.90
2009.10.29 19:19:17.534,1.0667,1.0669,1.00,8.10
2009.10.29 19:19:19.293,1.0667,1.0669,1.60,8.10
2009.10.29 19:19:32.281,1.06665,1.06695,10.50,4.40
2009.10.29 19:19:33.430,1.06665,1.06695,10.90,4.20
2009.10.29 19:19:33.780,1.06665,1.06695,9.30,4.20
2009.10.29 19:19:33.950,1.06665,1.06695,7.70,4.70
2009.10.29 19:19:34.250,1.06665,1.06695,7.30,5.00
2009.10.29 19:19:36.689,1.06665,1.06695,8.90,6.60
2009.10.29 19:19:37.149,1.06665,1.06695,8.90,9.80
2009.10.29 19:19:37.379,1.06665,1.06695,6.40,9.70
2009.10.29 19:19:38.989,1.0667,1.06685,1.00,1.00
2009.10.29 19:19:39.439,1.0667,1.06695,1.00,9.70
2009.10.29 19:19:39.609,1.0667,1.06695,1.00,6.00
2009.10.29 19:19:40.508,1.06665,1.06695,7.70,6.00
2009.10.29 19:19:40.808,1.06665,1.06695,8.50,6.00
2009.10.29 19:19:41.508,1.06665,1.06695,8.50,5.80
2009.10.29 19:19:41.798,1.06675,1.06695,1.60,4.20
2009.10.29 19:19:47.957,1.06675,1.06695,1.60,4.40
2009.10.29 19:19:51.666,1.0667,1.06695,1.60,7.60
2009.10.29 19:19:51.836,1.0667,1.0669,1.60,4.00
2009.10.29 19:19:53.105,1.06665,1.06695,5.60,8.80
2009.10.29 19:19:53.345,1.0667,1.0669,1.60,4.00
2009.10.29 19:19:53.585,1.06665,1.06695,5.60,8.00
2009.10.29 19:19:53.815,1.0666,1.0669,6.50,7.20
2009.10.29 19:19:54.085,1.06665,1.0669,5.60,1.00
2009.10.29 19:19:54.315,1.0666,1.0669,5.70,4.00
2009.10.29 19:19:54.555,1.06675,1.06695,1.60,12.80
2009.10.29 19:19:54.725,1.06675,1.06695,1.60,11.20
2009.10.29 19:19:54.835,1.0667,1.0669,1.60,4.00
2009.10.29 19:19:55.935,1.0667,1.06695,1.60,14.80
2009.10.29 19:19:56.105,1.06675,1.06695,1.60,11.20
2009.10.29 19:19:56.345,1.0667,1.06695,1.60,15.20
2009.10.29 19:19:56.564,1.06675,1.06695,1.60,12.00
2009.10.29 19:19:56.744,1.0667,1.0669,1.60,4.00
2009.10.29 19:19:57.094,1.06675,1.06695,1.60,8.00
2009.10.29 19:19:57.434,1.0667,1.06695,1.60,12.00
2009.10.29 19:19:57.814,1.06665,1.06695,5.60,8.00
2009.10.29 19:20:01.983,1.06675,1.06695,1.60,3.70
2009.10.29 19:20:02.623,1.06665,1.067,4.00,8.00
2009.10.29 19:20:04.153,1.06665,1.06695,4.50,8.00
2009.10.29 19:20:04.263,1.06665,1.06695,4.90,8.00
2009.10.29 19:20:04.563,1.06665,1.06695,4.90,8.20
2009.10.29 19:20:06.782,1.06665,1.06695,4.40,8.40
2009.10.29 19:20:07.132,1.06665,1.06695,4.00,8.00
2009.10.29 19:20:10.271,1.0666,1.06685,1.00,4.00
2009.10.29 19:20:10.431,1.0666,1.06685,1.00,5.60
2009.10.29 19:20:12.441,1.0666,1.06685,1.00,5.70
2009.10.29 19:20:14.121,1.06655,1.06685,9.30,5.70
2009.10.29 19:20:14.291,1.06655,1.06685,9.70,5.70
2009.10.29 19:20:15.100,1.06655,1.06685,8.90,6.50
2009.10.29 19:20:15.270,1.06655,1.06685,7.20,8.90
2009.10.29 19:20:16.160,1.06655,1.0668,3.20,5.60
2009.10.29 19:20:16.450,1.06655,1.06685,9.20,5.70
2009.10.29 19:20:16.790,1.06655,1.06685,8.80,5.70
2009.10.29 19:20:18.539,1.06655,1.06685,8.90,5.70
2009.10.29 19:20:18.879,1.06655,1.06685,9.30,4.10
2009.10.29 19:20:19.179,1.06655,1.06685,10.90,4.10
2009.10.29 19:20:19.349,1.0666,1.0669,8.10,11.60
2009.10.29 19:20:19.519,1.0667,1.0669,1.60,5.20
2009.10.29 19:20:19.739,1.0667,1.0669,1.60,4.80
2009.10.29 19:20:20.469,1.0667,1.0669,2.40,4.70
2009.10.29 19:20:20.819,1.0667,1.0669,2.40,1.00
2009.10.29 19:20:21.169,1.06675,1.06695,2.20,1.00
2009.10.29 19:20:21.519,1.06675,1.06695,2.60,1.00
2009.10.29 19:20:21.749,1.06675,1.06695,2.80,4.00
2009.10.29 19:20:22.268,1.06675,1.06695,3.60,4.00
2009.10.29 19:20:22.498,1.06675,1.06695,3.60,4.10
2009.10.29 19:20:23.548,1.0668,1.067,1.60,8.80
2009.10.29 19:20:24.068,1.0667,1.067,8.60,8.80
2009.10.29 19:20:24.248,1.0667,1.067,8.60,10.40
2009.10.29 19:20:30.067,1.06675,1.06695,1.80,1.60
2009.10.29 19:20:30.296,1.06675,1.06695,2.00,5.60
2009.10.29 19:20:31.506,1.06665,1.06695,8.60,5.90
2009.10.29 19:20:31.966,1.06665,1.06695,8.50,5.90
2009.10.29 19:20:32.486,1.06665,1.06695,7.30,5.90
2009.10.29 19:20:32.886,1.06665,1.06695,1.30,16.50
2009.10.29 19:20:33.226,1.06665,1.0669,1.00,4.00
2009.10.29 19:20:33.805,1.06665,1.0669,4.10,4.00
2009.10.29 19:20:34.086,1.06665,1.06695,9.30,9.70
2009.10.29 19:20:34.776,1.06665,1.06695,7.20,9.90
2009.10.29 19:20:34.955,1.0666,1.0669,5.30,4.00
2009.10.29 19:20:35.185,1.0666,1.0669,4.10,4.00
2009.10.29 19:20:35.345,1.0666,1.0669,4.60,4.00
2009.10.29 19:20:35.575,1.06665,1.0669,1.00,4.00
2009.10.29 19:20:36.485,1.06665,1.0669,1.00,4.10
2009.10.29 19:20:36.825,1.06665,1.0669,1.00,4.10
2009.10.29 19:20:37.005,1.06665,1.0669,1.70,4.00
2009.10.29 19:20:37.245,1.06665,1.06695,7.30,4.50
2009.10.29 19:20:37.475,1.0667,1.06695,6.40,2.00
2009.10.29 19:20:37.655,1.06665,1.06695,8.70,6.00
2009.10.29 19:20:37.945,1.06665,1.06695,7.50,6.00
2009.10.29 19:20:39.644,1.06665,1.06695,7.50,6.10
2009.10.29 19:20:44.693,1.06665,1.06695,7.50,5.70
2009.10.29 19:20:46.363,1.06665,1.06695,7.30,5.70
2009.10.29 19:20:48.982,1.06665,1.06695,7.50,5.70
2009.10.29 19:20:49.952,1.06665,1.06695,7.30,5.70
2009.10.29 19:20:50.172,1.06665,1.06695,7.50,6.00
2009.10.29 19:20:50.981,1.06665,1.06695,8.30,6.00
2009.10.29 19:20:51.162,1.06665,1.06695,9.50,6.00
2009.10.29 19:20:54.161,1.06665,1.06695,8.70,6.00
2009.10.29 19:20:54.371,1.06665,1.06695,7.50,6.00
2009.10.29 19:20:54.600,1.06665,1.06695,1.00,16.10
2009.10.29 19:20:54.821,1.0666,1.0669,4.10,4.00
2009.10.29 19:20:57.560,1.0666,1.06685,4.10,1.00
2009.10.29 19:21:01.889,1.0666,1.06685,4.10,1.00
2009.10.29 19:21:02.109,1.0666,1.06685,4.00,1.00
2009.10.29 19:21:02.509,1.06655,1.0668,1.60,7.20
2009.10.29 19:21:03.139,1.06645,1.06675,4.00,4.00
2009.10.29 19:21:07.978,1.06645,1.06675,4.00,4.50
2009.10.29 19:21:08.088,1.06645,1.06675,4.00,5.70
2009.10.29 19:21:08.547,1.06635,1.06665,4.40,4.90
2009.10.29 19:21:08.897,1.06645,1.06665,6.80,10.50
2009.10.29 19:21:09.307,1.06645,1.0666,1.00,8.00
2009.10.29 19:21:09.477,1.06645,1.0666,1.00,4.00
2009.10.29 19:21:09.647,1.06645,1.06665,1.00,4.00
2009.10.29 19:21:12.046,1.0665,1.0667,5.60,4.80
2009.10.29 19:21:12.377,1.0665,1.06675,6.30,4.50
2009.10.29 19:21:13.646,1.0665,1.06675,6.40,4.50
2009.10.29 19:21:19.934,1.0665,1.06665,5.70,1.00
2009.10.29 19:21:20.164,1.06645,1.06665,5.70,1.00
2009.10.29 19:21:22.144,1.06645,1.06665,5.90,1.00
2009.10.29 19:21:22.554,1.06645,1.06675,5.90,11.30
2009.10.29 19:21:23.004,1.06645,1.06675,9.10,6.40
2009.10.29 19:21:23.244,1.06645,1.06675,9.50,4.80
2009.10.29 19:21:23.474,1.06645,1.06675,9.90,4.80
2009.10.29 19:21:23.704,1.06645,1.06675,9.90,4.90
2009.10.29 19:21:24.064,1.06645,1.06675,13.90,1.00
2009.10.29 19:21:24.363,1.06645,1.06675,13.90,1.00
2009.10.29 19:21:24.713,1.06645,1.06675,14.00,1.00
2009.10.29 19:21:25.293,1.0665,1.06675,4.10,1.00
2009.10.29 19:21:25.633,1.06645,1.06675,10.70,6.40
2009.10.29 19:21:25.813,1.06645,1.06675,5.90,7.20
2009.10.29 19:21:26.033,1.06645,1.06665,5.90,1.00
2009.10.29 19:21:27.213,1.06645,1.06665,6.70,1.00
2009.10.29 19:21:27.443,1.06655,1.06665,1.60,1.00
2009.10.29 19:21:27.673,1.06655,1.06675,1.60,4.00
2009.10.29 19:21:29.892,1.06655,1.06675,1.60,2.40
2009.10.29 19:21:32.661,1.06655,1.06685,5.70,6.80
2009.10.29 19:21:32.941,1.06655,1.06685,5.70,5.70
2009.10.29 19:21:36.061,1.06655,1.06685,6.30,6.40
2009.10.29 19:21:36.401,1.06655,1.06685,6.70,6.40
2009.10.29 19:21:37.840,1.06655,1.06685,5.90,6.40
2009.10.29 19:21:38.060,1.06655,1.06685,5.90,6.80
2009.10.29 19:21:44.349,1.06655,1.06685,5.90,10.50
2009.10.29 19:21:44.519,1.06655,1.06685,1.00,12.90
2009.10.29 19:21:44.878,1.06655,1.0668,1.00,4.00
2009.10.29 19:21:45.638,1.06655,1.0668,1.00,4.50
2009.10.29 19:21:45.928,1.06655,1.06675,1.00,1.00
2009.10.29 19:21:46.738,1.0665,1.06675,5.70,1.00
2009.10.29 19:21:46.898,1.0665,1.06675,5.60,2.40
2009.10.29 19:21:47.118,1.0665,1.06675,1.60,8.00
2009.10.29 19:21:48.508,1.0665,1.06675,1.60,8.10
2009.10.29 19:21:48.787,1.06655,1.06675,1.60,6.50
2009.10.29 19:21:49.068,1.06655,1.06675,1.60,3.90
2009.10.29 19:21:51.497,1.06655,1.06675,1.60,3.10
2009.10.29 19:21:56.496,1.0665,1.06675,8.90,4.70
2009.10.29 19:21:56.776,1.06655,1.06685,5.70,6.70
2009.10.29 19:21:58.515,1.06655,1.06685,5.90,6.70
2009.10.29 19:22:01.395,1.06655,1.06675,5.90,1.00
2009.10.29 19:22:05.144,1.06655,1.06675,5.90,1.00
2009.10.29 19:22:05.264,1.06655,1.06685,5.90,6.70
2009.10.29 19:22:06.683,1.06655,1.06685,5.90,5.70
2009.10.29 19:22:08.503,1.06655,1.06685,5.90,9.00
2009.10.29 19:22:09.143,1.06655,1.06685,5.70,9.00
2009.10.29 19:22:09.483,1.06655,1.0668,1.00,8.00
2009.10.29 19:22:09.602,1.06655,1.06675,1.70,2.40
2009.10.29 19:22:09.883,1.06655,1.06675,1.60,2.40
2009.10.29 19:22:10.853,1.0665,1.06675,3.30,9.90
2009.10.29 19:22:11.132,1.06645,1.06675,8.10,8.00
2009.10.29 19:22:11.752,1.06645,1.06675,5.70,8.00
2009.10.29 19:22:12.682,1.06645,1.06675,5.70,8.10
2009.10.29 19:22:26.408,1.06645,1.06675,5.70,9.20
2009.10.29 19:22:26.628,1.06645,1.06675,5.70,8.80
2009.10.29 19:22:29.698,1.06645,1.06675,7.30,8.80
2009.10.29 19:22:30.667,1.06645,1.06675,7.30,8.80
2009.10.29 19:22:39.895,1.06645,1.06675,7.30,8.70
2009.10.29 19:22:40.115,1.06645,1.06675,11.30,8.70
2009.10.29 19:22:40.875,1.0665,1.06675,1.00,7.30
2009.10.29 19:22:41.205,1.0666,1.0668,1.60,2.40
2009.10.29 19:22:41.595,1.0666,1.06685,1.60,1.00
2009.10.29 19:22:43.404,1.0666,1.06685,1.00,6.20
2009.10.29 19:22:43.694,1.0666,1.06685,1.00,6.30
2009.10.29 19:22:44.374,1.0666,1.06685,1.80,4.60
2009.10.29 19:22:44.664,1.06665,1.06685,1.60,1.00
2009.10.29 19:22:45.114,1.06665,1.06685,1.60,1.00
2009.10.29 19:22:46.764,1.06665,1.06685,1.60,1.10
2009.10.29 19:22:49.343,1.06665,1.06685,1.60,1.00
2009.10.29 19:22:49.583,1.0666,1.06685,6.70,2.30
2009.10.29 19:22:49.803,1.0667,1.0669,1.00,5.60
2009.10.29 19:22:50.033,1.0667,1.0669,1.00,1.00
2009.10.29 19:22:50.263,1.0667,1.06695,4.90,1.60
2009.10.29 19:22:51.653,1.0667,1.06695,5.10,1.80
2009.10.29 19:22:57.341,1.0668,1.06695,1.00,5.60
2009.10.29 19:22:57.611,1.06675,1.067,3.40,4.80
2009.10.29 19:22:57.991,1.06675,1.067,1.00,7.20
2009.10.29 19:23:05.689,1.0668,1.06705,1.00,10.50
2009.10.29 19:23:05.809,1.0668,1.06705,1.00,11.30
2009.10.29 19:23:06.039,1.0668,1.06705,1.00,18.50
2009.10.29 19:23:06.319,1.0668,1.06705,1.00,19.30
2009.10.29 19:23:07.539,1.0668,1.067,1.00,8.10
2009.10.29 19:23:08.918,1.06675,1.067,1.00,8.70
2009.10.29 19:23:12.178,1.0668,1.067,1.00,8.10
2009.10.29 19:23:12.508,1.0667,1.067,4.10,13.30
2009.10.29 19:23:12.687,1.0667,1.06695,1.00,11.00
2009.10.29 19:23:12.907,1.0666,1.0669,4.10,4.00
2009.10.29 19:23:15.277,1.0666,1.0669,4.10,4.80
2009.10.29 19:23:15.457,1.0666,1.0669,4.00,4.90
2009.10.29 19:23:15.627,1.06655,1.06685,12.10,5.60
2009.10.29 19:23:15.907,1.06655,1.06685,7.70,5.60
2009.10.29 19:23:16.196,1.06655,1.06685,8.10,5.60
2009.10.29 19:23:16.496,1.06655,1.06685,8.10,5.70
2009.10.29 19:23:17.536,1.06655,1.06685,9.70,5.70
2009.10.29 19:23:19.915,1.06655,1.06685,9.70,6.20
2009.10.29 19:23:20.745,1.06655,1.06685,9.70,5.70
2009.10.29 19:23:20.965,1.06655,1.06685,8.10,5.70
2009.10.29 19:23:27.354,1.06665,1.0669,1.00,7.30
2009.10.29 19:23:27.524,1.06665,1.06695,4.60,12.40
2009.10.29 19:23:27.764,1.06665,1.06695,4.60,8.00
2009.10.29 19:23:27.984,1.06665,1.06695,4.60,10.40
2009.10.29 19:23:28.204,1.0667,1.06695,1.00,14.00
2009.10.29 19:23:28.433,1.0667,1.06695,1.00,8.00
2009.10.29 19:23:28.784,1.0667,1.06695,1.00,9.60
2009.10.29 19:23:29.143,1.0667,1.06695,1.00,8.00
2009.10.29 19:23:30.393,1.0667,1.06695,1.00,9.60
2009.10.29 19:23:30.453,1.0667,1.06695,1.00,10.40
2009.10.29 19:23:30.733,1.0667,1.0669,1.00,4.00
2009.10.29 19:23:31.193,1.0667,1.06695,1.00,12.40
2009.10.29 19:23:31.473,1.0667,1.06695,1.00,8.80
2009.10.29 19:23:31.703,1.0667,1.0669,1.00,4.00
2009.10.29 19:23:31.933,1.0667,1.06695,1.00,8.00
2009.10.29 19:23:33.123,1.0667,1.06695,1.00,8.80
2009.10.29 19:23:33.362,1.0667,1.0669,1.00,4.00
2009.10.29 19:23:33.523,1.0667,1.06695,1.00,8.00
2009.10.29 19:23:33.762,1.0667,1.06695,4.10,4.00
2009.10.29 19:23:34.002,1.0667,1.067,9.30,4.80
2009.10.29 19:23:34.232,1.0667,1.06695,13.30,1.00
2009.10.29 19:23:36.442,1.0667,1.06695,13.60,1.00
2009.10.29 19:23:44.020,1.0668,1.067,1.00,1.00
2009.10.29 19:23:44.370,1.06675,1.06705,6.30,9.70
2009.10.29 19:23:49.229,1.06675,1.06705,6.10,11.70
2009.10.29 19:23:49.409,1.0667,1.067,6.40,10.40
2009.10.29 19:23:50.768,1.0667,1.067,6.40,10.30
2009.10.29 19:23:51.118,1.0667,1.06695,4.80,2.20
2009.10.29 19:23:51.818,1.0667,1.06695,6.40,2.00
2009.10.29 19:23:52.148,1.06675,1.06695,1.60,1.00
2009.10.29 19:23:52.248,1.06675,1.06695,5.60,1.00
2009.10.29 19:23:52.368,1.06675,1.06695,1.60,1.00
2009.10.29 19:23:52.478,1.0667,1.067,5.30,8.80
2009.10.29 19:23:52.818,1.0667,1.06695,1.00,9.60
2009.10.29 19:23:53.168,1.0665,1.0669,8.10,5.60
2009.10.29 19:23:53.517,1.0665,1.0669,8.90,5.60
2009.10.29 19:23:56.497,1.06655,1.06685,8.10,5.70
2009.10.29 19:23:56.857,1.06655,1.06685,7.70,5.70
2009.10.29 19:23:58.356,1.0666,1.06685,1.60,5.60
2009.10.29 19:23:58.536,1.06665,1.06685,1.00,1.60
2009.10.29 19:24:01.685,1.06665,1.06685,1.00,5.60
2009.10.29 19:24:03.355,1.06665,1.06685,1.00,5.60
2009.10.29 19:24:03.475,1.06665,1.06685,1.00,5.70
2009.10.29 19:24:57.992,1.06665,1.06685,1.00,5.70
2009.10.29 19:25:02.201,1.06665,1.06685,1.00,1.70
2009.10.29 19:25:02.841,1.06665,1.06685,1.00,1.70
2009.10.29 19:25:03.641,1.06665,1.0668,1.00,4.00
2009.10.29 19:25:05.440,1.06665,1.0668,1.00,4.10
2009.10.29 19:25:12.998,1.06645,1.0668,4.10,4.10
2009.10.29 19:25:13.228,1.06645,1.06675,4.00,2.00
2009.10.29 19:25:13.408,1.0664,1.06675,7.30,6.50
2009.10.29 19:25:13.748,1.0664,1.06675,7.30,5.60
2009.10.29 19:25:14.128,1.06645,1.06675,7.30,6.50
2009.10.29 19:25:14.468,1.06645,1.06675,7.30,6.70
2009.10.29 19:25:14.818,1.06645,1.06675,8.10,6.70
2009.10.29 19:25:15.168,1.06645,1.06675,8.10,5.70
2009.10.29 19:25:15.888,1.06645,1.06675,8.90,5.70
2009.10.29 19:25:16.128,1.06645,1.06675,9.70,1.60
2009.10.29 19:25:16.298,1.0665,1.0668,4.00,4.10
2009.10.29 19:25:17.667,1.0665,1.0668,4.10,4.10
2009.10.29 19:25:19.457,1.0665,1.06675,4.10,1.00
2009.10.29 19:25:19.637,1.0665,1.06675,4.10,1.00
2009.10.29 19:25:20.277,1.0665,1.06675,4.10,1.00
2009.10.29 19:25:20.567,1.0665,1.06675,4.10,1.20
2009.10.29 19:25:21.376,1.0665,1.06675,4.10,2.00
2009.10.29 19:25:23.966,1.06645,1.06675,7.30,7.60
2009.10.29 19:25:24.206,1.06645,1.06675,6.50,7.60
2009.10.29 19:25:24.496,1.06645,1.06675,6.50,8.70
2009.10.29 19:25:24.786,1.06645,1.06675,6.50,9.90
2009.10.29 19:25:25.595,1.06645,1.06675,7.50,6.40
2009.10.29 19:25:25.875,1.0665,1.0668,4.00,4.90
2009.10.29 19:25:26.115,1.0665,1.0668,4.00,4.10
2009.10.29 19:25:27.385,1.0665,1.0668,4.40,4.10
2009.10.29 19:25:27.715,1.0665,1.0668,4.50,4.10
2009.10.29 19:25:34.913,1.06655,1.0668,1.00,4.10
2009.10.29 19:25:34.973,1.06655,1.0668,4.80,4.00
2009.10.29 19:25:35.033,1.06655,1.06685,11.10,10.80
2009.10.29 19:25:35.093,1.0666,1.06685,6.30,8.40
2009.10.29 19:25:35.153,1.0666,1.06685,6.30,3.60
2009.10.29 19:25:35.329,1.0666,1.06685,1.00,6.00
2009.10.29 19:25:35.383,1.0666,1.06685,1.70,5.60
2009.10.29 19:25:35.553,1.0667,1.06685,1.00,1.60
2009.10.29 19:25:36.803,1.0667,1.06685,1.00,5.60
2009.10.29 19:25:37.783,1.0667,1.06685,1.70,4.00
2009.10.29 19:25:38.012,1.0667,1.06695,6.80,2.30
2009.10.29 19:25:38.302,1.0667,1.06695,1.00,14.00
2009.10.29 19:25:38.532,1.0667,1.0669,1.00,4.00
2009.10.29 19:25:39.072,1.0667,1.06695,1.00,4.03
2009.10.29 19:25:41.512,1.0666,1.0669,5.60,4.13
2009.10.29 19:25:51.729,1.0666,1.0669,6.60,4.13
2009.10.29 19:25:51.959,1.06665,1.06675,2.00,1.00
2009.10.29 19:25:52.179,1.06665,1.06675,6.00,1.00
2009.10.29 19:25:52.529,1.06665,1.06675,6.20,1.00
2009.10.29 19:26:02.936,1.0666,1.0667,1.00,1.00
2009.10.29 19:26:03.056,1.06665,1.0667,1.60,1.00
2009.10.29 19:26:03.566,1.06655,1.0667,6.40,1.00
2009.10.29 19:26:03.676,1.06655,1.0667,4.80,1.00
2009.10.29 19:26:06.906,1.06655,1.0667,5.60,1.00
2009.10.29 19:26:07.085,1.06655,1.0667,4.00,1.00
2009.10.29 19:26:07.245,1.06655,1.0667,2.40,1.00
2009.10.29 19:26:09.385,1.06655,1.0667,3.20,1.00
2009.10.29 19:26:09.725,1.06655,1.0667,5.60,1.00
2009.10.29 19:26:11.494,1.06655,1.0667,3.20,1.00
2009.10.29 19:26:11.614,1.06655,1.0667,1.60,1.00
2009.10.29 19:26:14.174,1.06655,1.0667,2.40,1.00
2009.10.29 19:26:14.524,1.06665,1.0667,1.00,1.00
2009.10.29 19:26:14.864,1.06665,1.0669,1.10,5.70
2009.10.29 19:26:17.583,1.06665,1.0669,1.00,16.50
2009.10.29 19:26:22.072,1.0667,1.067,1.70,5.60
2009.10.29 19:26:23.582,1.0667,1.06695,1.70,5.70
2009.10.29 19:26:24.001,1.0667,1.067,5.70,14.00
2009.10.29 19:26:24.231,1.0667,1.067,5.70,8.10
2009.10.29 19:26:27.310,1.06675,1.067,1.70,8.90
2009.10.29 19:26:27.610,1.06675,1.06695,1.70,1.60
2009.10.29 19:26:27.730,1.06675,1.06695,1.70,5.60
2009.10.29 19:26:28.720,1.06675,1.06695,1.70,5.70
2009.10.29 19:26:29.420,1.06675,1.06695,1.70,5.90
2009.10.29 19:26:29.810,1.06675,1.06695,1.70,6.30
2009.10.29 19:26:31.390,1.06675,1.06695,1.70,6.70
2009.10.29 19:26:31.610,1.06675,1.06695,1.70,7.10
2009.10.29 19:26:32.349,1.06675,1.06695,1.70,6.10
2009.10.29 19:26:32.909,1.06675,1.06695,1.70,6.00
2009.10.29 19:26:33.589,1.06675,1.06695,1.70,5.90
2009.10.29 19:26:40.498,1.06675,1.06695,1.70,5.70
2009.10.29 19:26:46.026,1.06675,1.06695,1.70,5.90
2009.10.29 19:26:55.924,1.06675,1.06695,1.70,5.70
2009.10.29 19:27:08.661,1.06675,1.06695,1.70,5.70
2009.10.29 19:27:11.320,1.06675,1.06695,1.70,5.90
2009.10.29 19:27:13.340,1.06675,1.06695,1.70,6.10
2009.10.29 19:27:14.089,1.06675,1.06695,1.70,6.00
2009.10.29 19:27:14.609,1.06675,1.06695,1.70,6.00
2009.10.29 19:27:16.519,1.06675,1.06695,1.70,6.40
2009.10.29 19:27:21.297,1.06675,1.06695,1.50,6.40
2009.10.29 19:27:21.918,1.06675,1.06695,1.50,5.70
2009.10.29 19:27:27.666,1.06675,1.06695,1.00,1.70
2009.10.29 19:27:27.896,1.06675,1.06695,1.00,1.70
2009.10.29 19:27:29.126,1.06675,1.06695,1.00,1.60
2009.10.29 19:27:39.763,1.06675,1.06695,1.00,1.60
2009.10.29 19:27:40.063,1.06675,1.06695,1.00,1.60
2009.10.29 19:27:40.473,1.06675,1.06695,1.00,1.60
2009.10.29 19:27:46.172,1.06675,1.06695,1.00,1.60
2009.10.29 19:27:48.771,1.06675,1.06695,2.10,1.60
2009.10.29 19:27:52.460,1.06685,1.06705,1.00,5.70
2009.10.29 19:27:53.420,1.0668,1.06705,1.00,5.90
2009.10.29 19:27:54.640,1.06685,1.06705,1.00,1.70
2009.10.29 19:27:57.669,1.0668,1.067,2.30,4.00
2009.10.29 19:27:57.949,1.06675,1.067,2.10,4.00
2009.10.29 19:27:58.189,1.06665,1.067,17.40,4.00
2009.10.29 19:27:58.419,1.06665,1.067,16.20,4.00
2009.10.29 19:28:00.438,1.06665,1.067,16.20,4.10
2009.10.29 19:28:04.087,1.0667,1.067,6.50,4.10
2009.10.29 19:28:04.267,1.0667,1.067,4.10,4.10
2009.10.29 19:28:06.267,1.0667,1.067,4.10,4.30
2009.10.29 19:28:07.186,1.0667,1.067,5.30,4.10
2009.10.29 19:28:07.566,1.0668,1.067,1.00,4.60
2009.10.29 19:28:13.805,1.0666,1.0669,6.40,1.00
2009.10.29 19:28:13.986,1.06665,1.06695,1.00,4.00
2009.10.29 19:28:14.155,1.06665,1.06695,5.10,1.00
2009.10.29 19:28:14.375,1.0666,1.06695,12.70,1.00
2009.10.29 19:28:15.005,1.06675,1.0669,2.40,1.00
2009.10.29 19:28:15.365,1.0668,1.06695,1.60,5.00
2009.10.29 19:28:15.754,1.06675,1.06695,2.40,1.00
2009.10.29 19:28:18.694,1.06675,1.067,2.10,8.10
2009.10.29 19:28:19.044,1.06675,1.06695,2.10,1.00
2009.10.29 19:28:19.734,1.0667,1.06695,1.00,4.60
2009.10.29 19:28:19.854,1.0667,1.06695,1.00,5.30
2009.10.29 19:28:20.543,1.0667,1.06695,4.20,1.30
2009.10.29 19:28:25.422,1.06675,1.06695,1.00,1.00
2009.10.29 19:28:29.751,1.06675,1.067,1.00,9.30
2009.10.29 19:28:32.500,1.06665,1.06695,6.10,6.80
2009.10.29 19:28:33.061,1.06665,1.06695,6.10,6.80
2009.10.29 19:28:34.710,1.06665,1.0669,6.10,1.30
2009.10.29 19:28:35.050,1.06665,1.0669,5.60,1.60
2009.10.29 19:28:35.220,1.06665,1.0669,4.00,3.20
2009.10.29 19:28:35.390,1.0666,1.0669,6.80,7.20
2009.10.29 19:28:36.150,1.0666,1.06675,6.70,1.00
2009.10.29 19:28:36.489,1.0666,1.06675,1.00,1.00
2009.10.29 19:28:36.830,1.06655,1.06685,4.00,4.60
2009.10.29 19:28:37.059,1.06665,1.06685,1.00,4.00
2009.10.29 19:28:37.229,1.06665,1.0669,1.10,8.80
2009.10.29 19:28:37.449,1.06665,1.06695,7.40,8.00
2009.10.29 19:28:37.679,1.06665,1.06695,13.20,1.00
2009.10.29 19:28:38.589,1.06665,1.06695,7.60,9.80
2009.10.29 19:28:39.349,1.06675,1.0669,1.60,4.00
2009.10.29 19:28:40.039,1.06665,1.0669,1.00,4.00
2009.10.29 19:28:40.908,1.06665,1.06695,4.50,12.50
2009.10.29 19:28:41.258,1.06665,1.06695,6.80,9.60
2009.10.29 19:28:42.558,1.06665,1.06695,6.90,9.60
2009.10.29 19:28:45.757,1.06665,1.06695,7.30,9.60
2009.10.29 19:28:47.037,1.06665,1.06695,6.90,9.60
2009.10.29 19:28:48.797,1.06665,1.06695,6.90,10.40
2009.10.29 19:28:48.856,1.06665,1.0669,2.90,4.00
2009.10.29 19:28:48.976,1.06665,1.0669,2.80,4.00
2009.10.29 19:28:49.036,1.06665,1.0669,2.10,4.00
2009.10.29 19:28:49.516,1.06665,1.0669,1.70,4.00
2009.10.29 19:28:50.226,1.06665,1.06695,7.70,6.40
2009.10.29 19:28:51.726,1.06665,1.06695,7.90,6.40
2009.10.29 19:28:52.946,1.06665,1.06695,8.40,6.40
2009.10.29 19:28:53.125,1.06665,1.06695,8.80,6.30
2009.10.29 19:28:53.575,1.06665,1.06695,7.90,6.30
2009.10.29 19:28:54.216,1.06665,1.06695,7.50,6.30
2009.10.29 19:28:58.534,1.06665,1.06695,7.50,6.50
2009.10.29 19:29:01.413,1.06665,1.06695,7.90,6.50
2009.10.29 19:29:01.703,1.06665,1.06695,7.90,6.40
2009.10.29 19:29:11.351,1.06665,1.06695,7.90,5.70
2009.10.29 19:29:29.747,1.06665,1.06695,7.70,5.70
2009.10.29 19:29:30.037,1.06665,1.0669,1.70,4.00
2009.10.29 19:29:31.306,1.06665,1.06695,8.20,5.70
2009.10.29 19:29:31.636,1.06675,1.06695,1.70,5.70
2009.10.29 19:29:33.276,1.06675,1.06705,9.90,6.40
2009.10.29 19:29:33.566,1.06675,1.06705,13.10,3.20
2009.10.29 19:29:33.846,1.06675,1.067,2.70,7.20
2009.10.29 19:29:34.076,1.0667,1.067,5.80,8.00
2009.10.29 19:29:34.255,1.0667,1.067,4.30,8.00
2009.10.29 19:29:35.985,1.0667,1.067,4.30,8.10
2009.10.29 19:29:37.685,1.06675,1.067,1.00,11.30
2009.10.29 19:29:38.025,1.06675,1.067,1.00,16.10
2009.10.29 19:29:49.852,1.06675,1.067,1.00,8.10
2009.10.29 19:29:50.492,1.06675,1.067,1.00,8.10
2009.10.29 19:30:25.924,1.06675,1.067,1.70,8.10
2009.10.29 19:30:34.861,1.06675,1.067,1.70,9.00
2009.10.29 19:30:35.201,1.06675,1.067,1.70,17.80
2009.10.29 19:30:36.521,1.06675,1.06695,1.70,6.30
2009.10.29 19:30:37.690,1.06675,1.06695,1.70,6.10
2009.10.29 19:30:37.910,1.06675,1.06695,1.70,2.10
2009.10.29 19:30:38.140,1.06675,1.06695,1.70,1.00
2009.10.29 19:30:46.628,1.06675,1.06695,1.70,8.40
2009.10.29 19:30:46.978,1.06675,1.06695,1.70,10.00
2009.10.29 19:30:47.448,1.06675,1.06695,1.70,10.20
2009.10.29 19:30:47.798,1.06675,1.06695,2.30,9.70
2009.10.29 19:30:48.068,1.06675,1.06695,2.70,9.70
2009.10.29 19:30:48.598,1.06675,1.06695,1.60,8.80
2009.10.29 19:30:48.827,1.06675,1.06695,2.50,1.70
2009.10.29 19:30:49.058,1.06675,1.06695,1.70,9.70
2009.10.29 19:30:50.017,1.06675,1.06695,1.00,9.60
2009.10.29 19:30:50.717,1.06675,1.06695,1.00,9.70
2009.10.29 19:30:59.355,1.06675,1.06695,1.00,9.70
2009.10.29 19:31:04.314,1.06675,1.06695,1.00,9.70
2009.10.29 19:31:14.092,1.06665,1.06695,6.50,10.50
2009.10.29 19:31:14.791,1.06665,1.06695,5.70,10.50
2009.10.29 19:31:20.100,1.06665,1.06695,7.30,10.50
2009.10.29 19:31:22.060,1.06665,1.06695,7.30,10.40
2009.10.29 19:31:30.118,1.06665,1.06695,8.30,10.00
2009.10.29 19:31:30.588,1.06665,1.06695,9.00,10.00
2009.10.29 19:31:30.758,1.06665,1.06695,10.20,10.00
2009.10.29 19:31:30.937,1.06665,1.06695,10.60,6.80
2009.10.29 19:31:31.107,1.0667,1.06695,3.60,6.60
2009.10.29 19:31:31.337,1.0667,1.06695,7.60,2.60
2009.10.29 19:31:34.531,1.0667,1.06695,16.10,2.60
2009.10.29 19:31:35.541,1.06675,1.06695,6.90,2.60
2009.10.29 19:31:36.530,1.06675,1.06695,6.90,1.00
2009.10.29 19:31:41.299,1.06675,1.06695,6.50,1.00
2009.10.29 19:31:51.156,1.06675,1.06705,8.10,6.50
2009.10.29 19:31:54.086,1.06675,1.06705,7.70,6.50
2009.10.29 19:32:00.694,1.06675,1.06705,8.00,6.50
2009.10.29 19:32:00.864,1.06675,1.06705,8.80,6.50
2009.10.29 19:32:02.064,1.06675,1.06705,9.60,6.50
2009.10.29 19:32:10.572,1.06675,1.06705,8.90,6.50
2009.10.29 19:32:11.012,1.06675,1.06705,9.50,6.50
2009.10.29 19:32:11.482,1.06675,1.06705,9.10,6.50
2009.10.29 19:32:11.602,1.06675,1.06705,8.70,6.50
2009.10.29 19:32:20.759,1.06675,1.06705,8.10,6.50
2009.10.29 19:32:25.178,1.06675,1.06705,8.50,6.50
2009.10.29 19:32:25.578,1.0667,1.067,4.10,4.30
2009.10.29 19:32:25.918,1.0667,1.067,4.10,4.60
2009.10.29 19:32:30.907,1.0667,1.067,4.10,4.80
2009.10.29 19:32:31.077,1.0667,1.067,4.00,8.00
2009.10.29 19:32:31.257,1.06665,1.06695,6.50,4.70
2009.10.29 19:32:31.837,1.06665,1.06695,6.50,6.70
2009.10.29 19:32:32.687,1.06665,1.06695,6.50,6.80
2009.10.29 19:32:36.785,1.06665,1.06695,7.30,6.80
2009.10.29 19:32:36.845,1.06665,1.06695,7.50,6.80
2009.10.29 19:32:37.365,1.06665,1.06695,7.50,6.50
2009.10.29 19:32:38.805,1.06665,1.06695,7.70,6.40
2009.10.29 19:32:39.495,1.06665,1.06695,8.50,6.40
2009.10.29 19:32:40.525,1.06665,1.06695,15.70,1.00
2009.10.29 19:32:41.694,1.06665,1.06695,10.30,4.60
2009.10.29 19:32:42.094,1.06665,1.06695,10.30,6.20
2009.10.29 19:32:42.324,1.06665,1.06695,9.50,6.20
2009.10.29 19:32:43.554,1.06665,1.06695,9.50,6.40
2009.10.29 19:32:44.134,1.06665,1.06695,9.40,6.40
2009.10.29 19:32:49.393,1.06665,1.06695,9.40,5.70
2009.10.29 19:32:49.692,1.06665,1.06695,9.40,6.00
2009.10.29 19:32:50.562,1.06665,1.06695,9.40,6.00
2009.10.29 19:32:53.941,1.06665,1.06695,8.90,6.00
2009.10.29 19:32:55.511,1.06665,1.06695,8.50,6.00
2009.10.29 19:32:57.650,1.06665,1.06695,8.50,5.90
2009.10.29 19:32:57.930,1.06665,1.06695,8.50,5.70
2009.10.29 19:33:06.948,1.06665,1.06695,8.50,6.30
2009.10.29 19:33:09.008,1.06665,1.06695,8.50,5.70
2009.10.29 19:33:09.248,1.06665,1.06695,8.50,6.30
2009.10.29 19:33:11.497,1.06665,1.06695,9.20,6.30
2009.10.29 19:33:11.837,1.06665,1.06695,9.20,6.40
2009.10.29 19:33:12.297,1.06665,1.06695,9.60,6.40
2009.10.29 19:33:12.517,1.06665,1.06695,10.00,6.40
2009.10.29 19:33:13.617,1.06665,1.06695,10.00,6.30
2009.10.29 19:33:13.847,1.06665,1.06695,8.50,6.30
2009.10.29 19:33:14.936,1.06665,1.06695,8.50,5.70
2009.10.29 19:33:15.286,1.06665,1.06695,8.50,6.30
2009.10.29 19:33:21.125,1.06675,1.06695,1.60,6.30
2009.10.29 19:33:21.945,1.06675,1.06695,2.80,5.70
2009.10.29 19:33:22.245,1.06675,1.06695,3.60,5.70
2009.10.29 19:33:26.044,1.06675,1.06695,6.20,1.00
2009.10.29 19:33:26.154,1.0668,1.06705,4.70,1.70
2009.10.29 19:33:26.277,1.06675,1.06705,17.10,1.60
2009.10.29 19:33:26.334,1.06675,1.06705,17.50,1.60
2009.10.29 19:33:26.873,1.06675,1.06705,10.40,5.60
2009.10.29 19:33:28.603,1.06675,1.06705,9.30,5.70
2009.10.29 19:33:33.652,1.06675,1.06705,10.50,8.90
2009.10.29 19:33:34.002,1.06675,1.06705,10.50,9.10
2009.10.29 19:33:34.352,1.06675,1.06705,10.50,9.30
2009.10.29 19:33:34.642,1.06675,1.06705,10.40,9.30
2009.10.29 19:33:35.771,1.06675,1.06705,10.00,9.30
2009.10.29 19:33:35.951,1.06675,1.06705,9.80,9.60
2009.10.29 19:33:36.061,1.06675,1.06705,9.40,9.60
2009.10.29 19:33:36.241,1.06675,1.06705,9.30,9.60
2009.10.29 19:33:36.941,1.06675,1.06705,9.30,9.50
2009.10.29 19:33:44.369,1.06675,1.06705,9.30,9.30
2009.10.29 19:33:44.489,1.06675,1.06705,10.10,9.20
2009.10.29 19:33:45.049,1.06675,1.06705,10.10,9.10
2009.10.29 19:33:45.389,1.06675,1.06705,10.40,9.10
2009.10.29 19:33:48.598,1.06675,1.06705,10.10,9.30
2009.10.29 19:33:48.768,1.06675,1.06705,9.30,9.30
2009.10.29 19:33:50.878,1.06675,1.06705,9.30,9.20
2009.10.29 19:33:51.048,1.06675,1.06705,10.10,9.20
2009.10.29 19:33:55.596,1.06675,1.06705,10.40,9.20
2009.10.29 19:33:58.036,1.06675,1.06705,10.40,9.20
2009.10.29 19:34:02.995,1.06675,1.06705,10.30,9.20
2009.10.29 19:34:08.054,1.06675,1.06705,10.30,8.90
2009.10.29 19:34:13.092,1.06675,1.06705,9.70,8.90
2009.10.29 19:34:14.842,1.06675,1.067,9.70,4.00
2009.10.29 19:34:15.022,1.06675,1.0669,1.70,3.20
2009.10.29 19:34:15.252,1.06675,1.0669,1.00,3.20
2009.10.29 19:34:15.482,1.06675,1.06705,1.00,5.60
2009.10.29 19:34:15.722,1.0667,1.06705,5.80,8.00
2009.10.29 19:34:15.962,1.0667,1.06705,5.80,4.00
2009.10.29 19:34:17.282,1.0667,1.067,5.60,4.10
2009.10.29 19:34:23.080,1.0667,1.067,4.10,4.10
2009.10.29 19:34:23.250,1.0667,1.067,4.10,8.10
2009.10.29 19:34:33.008,1.0667,1.067,4.60,8.10
2009.10.29 19:34:33.308,1.06675,1.067,1.00,7.30
2009.10.29 19:34:33.768,1.06675,1.067,1.00,4.10
2009.10.29 19:34:38.406,1.06675,1.067,1.20,4.10
2009.10.29 19:34:48.114,1.06675,1.067,1.60,4.10
2009.10.29 19:34:50.833,1.06675,1.067,1.60,4.10
2009.10.29 19:35:15.797,1.06675,1.067,1.60,1.00
2009.10.29 19:35:17.647,1.06675,1.067,1.60,1.00
2009.10.29 19:35:31.263,1.06675,1.067,1.10,1.00
2009.10.29 19:35:31.903,1.06675,1.067,1.10,3.20
2009.10.29 19:35:32.083,1.06675,1.067,1.10,4.00
2009.10.29 19:35:38.552,1.06675,1.067,1.10,4.03
2009.10.29 19:35:40.971,1.06675,1.067,1.00,4.03
2009.10.29 19:35:52.648,1.06675,1.067,1.00,4.03
2009.10.29 19:36:02.936,1.06675,1.06695,1.00,1.00
2009.10.29 19:36:08.095,1.06675,1.06695,5.60,1.00
2009.10.29 19:36:10.224,1.06675,1.06695,5.70,1.00
2009.10.29 19:36:21.252,1.06675,1.06695,6.30,1.00
2009.10.29 19:36:21.412,1.06675,1.06695,6.90,1.00
2009.10.29 19:36:21.812,1.06675,1.06695,7.70,1.00
2009.10.29 19:36:34.538,1.06675,1.06695,10.90,1.00
2009.10.29 19:36:34.708,1.06685,1.06695,3.20,1.00
2009.10.29 19:36:34.938,1.06685,1.0672,14.00,2.40
2009.10.29 19:36:35.168,1.06685,1.06725,10.40,9.60
2009.10.29 19:36:35.338,1.06685,1.06725,8.00,8.80
2009.10.29 19:36:35.578,1.06685,1.06725,8.00,8.40
2009.10.29 19:36:36.138,1.06685,1.0672,8.00,8.80
2009.10.29 19:36:37.418,1.06685,1.0672,8.00,8.40
2009.10.29 19:36:39.907,1.0669,1.0672,4.00,9.20
2009.10.29 19:36:40.187,1.0668,1.06715,11.70,4.00
2009.10.29 19:36:52.434,1.06685,1.06715,4.00,8.80
2009.10.29 19:36:52.774,1.06675,1.06705,10.50,5.60
2009.10.29 19:36:52.894,1.06675,1.06705,9.70,5.60
2009.10.29 19:36:55.363,1.06675,1.06705,9.70,5.70
2009.10.29 19:37:05.131,1.06675,1.067,3.60,4.00
2009.10.29 19:37:05.421,1.06675,1.067,2.00,4.00
2009.10.29 19:37:06.471,1.06675,1.067,2.00,4.10
2009.10.29 19:37:06.710,1.06675,1.067,2.00,4.00
2009.10.29 19:37:06.830,1.06675,1.067,2.00,7.20
2009.10.29 19:37:06.891,1.06675,1.06695,2.00,4.00
2009.10.29 19:37:07.120,1.06675,1.067,2.00,4.10
2009.10.29 19:37:07.181,1.06675,1.067,3.20,4.10
2009.10.29 19:37:07.400,1.06675,1.067,1.60,8.90
2009.10.29 19:37:07.620,1.06675,1.067,2.00,8.10
2009.10.29 19:37:07.850,1.06675,1.067,2.80,11.30
2009.10.29 19:37:08.090,1.06675,1.067,2.00,6.50
2009.10.29 19:37:08.320,1.06675,1.067,2.80,7.30
2009.10.29 19:37:08.550,1.06675,1.06695,1.60,4.00
2009.10.29 19:37:09.150,1.06675,1.06705,7.20,7.30
2009.10.29 19:37:09.320,1.0667,1.06705,16.80,5.70
2009.10.29 19:37:11.160,1.0667,1.06705,20.50,5.70
2009.10.29 19:37:11.440,1.0667,1.06705,20.40,5.60
2009.10.29 19:37:11.729,1.06675,1.06705,8.10,5.70
2009.10.29 19:37:15.528,1.06675,1.06705,8.10,6.50
2009.10.29 19:37:15.768,1.06675,1.067,2.00,4.00
2009.10.29 19:37:17.508,1.06675,1.067,2.00,4.10
2009.10.29 19:37:18.138,1.06675,1.067,3.30,4.10
2009.10.29 19:37:19.887,1.06675,1.067,2.50,4.10
2009.10.29 19:37:26.346,1.06675,1.067,2.40,4.10
2009.10.29 19:37:26.516,1.06675,1.067,2.00,4.10
2009.10.29 19:37:26.696,1.06675,1.067,1.90,4.10
2009.10.29 19:37:26.926,1.06675,1.067,1.40,4.10
2009.10.29 19:37:27.036,1.06675,1.067,1.00,4.10
2009.10.29 19:37:28.185,1.06675,1.067,1.00,4.10
2009.10.29 19:37:37.233,1.06675,1.067,1.00,4.10
2009.10.29 19:37:37.623,1.0667,1.067,10.10,4.10
2009.10.29 19:37:38.143,1.0667,1.067,10.10,4.30
2009.10.29 19:37:38.993,1.0667,1.067,10.10,4.10
2009.10.29 19:37:39.323,1.0667,1.067,6.90,4.10
2009.10.29 19:37:47.431,1.0667,1.067,6.90,4.30
2009.10.29 19:37:48.880,1.0667,1.067,7.60,4.00
2009.10.29 19:37:49.161,1.06685,1.06705,4.70,3.40
2009.10.29 19:37:49.390,1.06675,1.06705,1.70,5.60
2009.10.29 19:37:49.690,1.06675,1.0671,5.30,4.00
2009.10.29 19:37:49.920,1.0668,1.0671,2.20,4.00
2009.10.29 19:37:50.280,1.0669,1.0671,1.00,4.00
2009.10.29 19:37:53.579,1.06695,1.0671,1.00,11.20
2009.10.29 19:37:53.869,1.0667,1.06705,7.60,4.00
2009.10.29 19:37:54.039,1.0667,1.06705,6.00,4.00
2009.10.29 19:37:54.959,1.06675,1.06705,5.60,4.00
2009.10.29 19:37:55.989,1.0667,1.06705,17.70,4.00
2009.10.29 19:37:56.859,1.0667,1.06705,17.70,4.10
2009.10.29 19:37:57.768,1.06675,1.06705,6.60,4.10
2009.10.29 19:37:57.938,1.06675,1.06705,6.20,4.10
2009.10.29 19:37:58.218,1.06675,1.06705,6.10,4.10
2009.10.29 19:37:58.578,1.06675,1.06705,4.80,4.40
2009.10.29 19:37:58.758,1.06675,1.06705,4.00,4.40
2009.10.29 19:37:58.878,1.06675,1.06705,4.00,4.80
2009.10.29 19:38:00.138,1.0668,1.06705,13.20,1.00
2009.10.29 19:38:00.488,1.06675,1.06705,4.80,8.50
2009.10.29 19:38:00.957,1.06665,1.06705,14.50,4.50
2009.10.29 19:38:01.297,1.0667,1.06705,17.70,4.10
2009.10.29 19:38:03.197,1.0668,1.06705,1.00,4.10
2009.10.29 19:38:03.667,1.06685,1.06705,1.00,4.00
2009.10.29 19:38:05.436,1.06685,1.06705,1.00,4.10
2009.10.29 19:38:10.465,1.06685,1.06705,1.00,4.90
2009.10.29 19:38:10.585,1.06685,1.06705,1.00,4.90
2009.10.29 19:38:10.765,1.06685,1.067,1.20,4.00
2009.10.29 19:38:13.215,1.06685,1.067,1.00,4.00
2009.10.29 19:38:13.564,1.06665,1.06695,4.50,1.00
2009.10.29 19:38:13.785,1.06665,1.06695,5.30,1.00
2009.10.29 19:38:14.314,1.0667,1.067,1.00,4.10
2009.10.29 19:38:15.884,1.06675,1.06695,1.00,1.00
2009.10.29 19:38:16.344,1.06675,1.06695,1.00,5.90
2009.10.29 19:38:17.154,1.06675,1.06695,1.00,1.00
2009.10.29 19:38:24.712,1.06675,1.06695,1.60,1.00
2009.10.29 19:38:25.591,1.06675,1.06695,1.60,1.00
2009.10.29 19:38:27.731,1.06675,1.06695,1.60,5.60
2009.10.29 19:38:29.701,1.06675,1.06695,1.60,5.70
2009.10.29 19:38:51.805,1.06675,1.06695,1.60,5.90
2009.10.29 19:38:56.554,1.06675,1.06695,1.60,6.10
2009.10.29 19:38:58.284,1.06675,1.06695,1.60,6.00
2009.10.29 19:39:05.572,1.06675,1.06695,1.60,6.20
2009.10.29 19:39:08.021,1.06675,1.06695,1.60,6.10
2009.10.29 19:39:10.161,1.06675,1.06695,1.60,6.00
2009.10.29 19:39:17.429,1.06675,1.06695,1.60,6.00
2009.10.29 19:39:22.458,1.06675,1.06695,1.60,5.70
2009.10.29 19:39:27.137,1.06675,1.06695,1.60,1.70
2009.10.29 19:39:27.247,1.06675,1.06695,1.60,1.60
2009.10.29 19:39:27.887,1.06675,1.067,1.60,4.10
2009.10.29 19:39:34.555,1.06675,1.067,4.20,4.00
2009.10.29 19:39:35.665,1.06675,1.06705,9.40,5.90
2009.10.29 19:39:36.065,1.0667,1.06705,20.50,5.90
2009.10.29 19:39:37.774,1.0667,1.06705,20.50,5.70
2009.10.29 19:39:38.114,1.0667,1.06705,19.50,6.50
2009.10.29 19:39:38.174,1.0667,1.06705,20.20,7.30
2009.10.29 19:39:38.224,1.0667,1.067,16.60,4.00
2009.10.29 19:39:38.454,1.0667,1.067,12.50,4.00
2009.10.29 19:39:39.604,1.0667,1.067,12.50,4.10
2009.10.29 19:39:40.874,1.06675,1.067,2.60,4.10
2009.10.29 19:39:41.103,1.06675,1.067,2.50,4.10
2009.10.29 19:39:42.983,1.06675,1.067,1.70,4.10
2009.10.29 19:39:43.263,1.06675,1.067,6.50,1.00
2009.10.29 19:39:43.443,1.06675,1.06705,6.50,7.30
2009.10.29 19:39:43.653,1.0667,1.06705,19.00,5.70
2009.10.29 19:39:43.823,1.0667,1.06705,19.80,5.70
2009.10.29 19:39:44.333,1.0667,1.067,14.10,4.00
2009.10.29 19:39:44.673,1.0667,1.067,12.50,4.00
2009.10.29 19:39:45.392,1.0667,1.067,12.50,4.10
2009.10.29 19:39:46.832,1.0667,1.067,11.90,4.10
2009.10.29 19:39:49.261,1.06675,1.067,1.70,4.10
2009.10.29 19:39:49.621,1.06675,1.067,1.00,4.10
2009.10.29 19:39:54.190,1.06675,1.067,1.00,4.10
2009.10.29 19:39:57.199,1.0667,1.067,6.90,4.10
2009.10.29 19:40:00.589,1.06675,1.067,1.00,4.10
2009.10.29 19:40:01.349,1.06675,1.06695,1.00,1.00
2009.10.29 19:40:01.698,1.06675,1.06695,1.00,1.00
2009.10.29 19:40:01.859,1.0667,1.0669,6.90,1.00
2009.10.29 19:40:03.888,1.0667,1.06695,6.60,1.00
2009.10.29 19:40:04.008,1.06675,1.067,1.00,4.10
2009.10.29 19:40:07.077,1.06675,1.067,1.80,4.10
2009.10.29 19:40:09.527,1.06675,1.067,2.00,4.10
2009.10.29 19:40:17.145,1.06675,1.067,3.60,4.00
2009.10.29 19:40:17.315,1.06675,1.06705,7.90,5.70
2009.10.29 19:40:18.544,1.0667,1.06705,20.50,5.70
2009.10.29 19:40:20.094,1.0667,1.06705,21.80,5.70
2009.10.29 19:40:20.434,1.0667,1.06705,22.60,5.70
2009.10.29 19:40:23.533,1.06675,1.067,4.20,8.80
2009.10.29 19:40:23.873,1.06675,1.06695,3.40,5.60
2009.10.29 19:40:25.993,1.06675,1.06695,2.90,1.60
2009.10.29 19:40:26.203,1.06675,1.06695,1.60,1.60
2009.10.29 19:40:27.582,1.06675,1.06695,1.00,1.60
2009.10.29 19:40:27.872,1.06675,1.06695,1.00,1.60
2009.10.29 19:40:31.941,1.06675,1.06705,7.60,7.30
2009.10.29 19:40:32.221,1.0667,1.06705,22.10,7.30
2009.10.29 19:40:32.401,1.0667,1.06705,22.50,5.70
2009.10.29 19:40:33.901,1.0668,1.06705,1.00,5.70
2009.10.29 19:40:34.131,1.0668,1.06705,1.00,5.70
2009.10.29 19:40:36.010,1.06675,1.06705,16.90,5.70
2009.10.29 19:40:37.570,1.0668,1.06705,3.60,5.60
2009.10.29 19:40:37.810,1.0668,1.06705,8.00,1.60
2009.10.29 19:40:38.510,1.0668,1.06705,8.30,1.60
2009.10.29 19:40:43.159,1.0668,1.06705,8.80,1.60
2009.10.29 19:40:43.518,1.06685,1.06705,3.10,1.60
2009.10.29 19:40:45.148,1.0668,1.0671,9.20,6.40
2009.10.29 19:40:45.618,1.0668,1.0671,10.30,6.40
2009.10.29 19:40:45.848,1.0668,1.0671,9.90,6.40
2009.10.29 19:40:48.057,1.06685,1.0671,3.00,6.40
2009.10.29 19:40:48.287,1.06685,1.0671,7.30,4.00
2009.10.29 19:40:48.467,1.06685,1.06715,7.30,4.40
2009.10.29 19:40:48.697,1.06685,1.06715,6.90,4.00
2009.10.29 19:40:48.877,1.06685,1.06715,8.80,4.00
2009.10.29 19:40:49.417,1.06685,1.06715,8.00,4.00
2009.10.29 19:40:49.767,1.06685,1.06715,7.20,4.00
2009.10.29 19:40:54.066,1.06695,1.06715,1.00,4.00
2009.10.29 19:40:54.286,1.0669,1.06715,1.00,4.00
2009.10.29 19:40:54.806,1.0669,1.06715,1.00,4.00
2009.10.29 19:40:57.645,1.06695,1.0671,1.00,4.00
2009.10.29 19:40:58.095,1.06685,1.06715,6.80,4.40
2009.10.29 19:40:58.275,1.06685,1.0671,2.70,4.00
2009.10.29 19:40:58.455,1.06685,1.0671,2.80,4.00
2009.10.29 19:40:58.685,1.06685,1.06715,6.80,4.00
2009.10.29 19:41:01.964,1.06685,1.0671,3.20,4.00
2009.10.29 19:41:02.204,1.0668,1.06715,15.20,4.00
2009.10.29 19:41:03.753,1.06685,1.06715,9.20,4.00
2009.10.29 19:41:03.963,1.0668,1.06715,15.30,4.00
2009.10.29 19:41:11.502,1.06685,1.06715,7.10,4.00
2009.10.29 19:41:11.742,1.0668,1.06715,17.10,4.00
2009.10.29 19:41:12.161,1.0668,1.06715,17.00,4.00
2009.10.29 19:41:12.721,1.0668,1.06715,19.80,4.00
2009.10.29 19:41:12.961,1.0668,1.06715,19.30,4.00
2009.10.29 19:41:14.221,1.0668,1.06715,19.30,4.00
2009.10.29 19:41:15.981,1.06685,1.06715,7.60,4.80
2009.10.29 19:41:16.271,1.06685,1.0671,2.00,4.00
2009.10.29 19:41:18.110,1.06695,1.0671,1.60,4.00
2009.10.29 19:41:18.390,1.0669,1.06715,1.60,5.70
2009.10.29 19:41:19.840,1.0669,1.06715,1.60,6.90
2009.10.29 19:41:20.180,1.0669,1.06715,1.60,13.30
2009.10.29 19:41:21.490,1.0669,1.0671,1.60,4.10
2009.10.29 19:41:26.668,1.06685,1.06715,10.80,11.30
2009.10.29 19:41:26.948,1.06685,1.06715,9.60,5.70
2009.10.29 19:41:31.217,1.06685,1.06715,12.20,6.50
2009.10.29 19:41:31.387,1.06685,1.06715,10.40,9.30
2009.10.29 19:41:31.567,1.06695,1.0671,1.60,4.00
2009.10.29 19:41:34.076,1.0669,1.06715,1.60,5.70
2009.10.29 19:41:37.705,1.06695,1.0671,1.60,4.00
2009.10.29 19:41:39.635,1.06695,1.0671,1.60,4.10
2009.10.29 19:41:39.975,1.06695,1.06705,1.60,4.00
2009.10.29 19:41:55.061,1.06695,1.06705,1.40,4.00
2009.10.29 19:41:55.471,1.0667,1.06705,7.60,4.20
2009.10.29 19:41:55.861,1.06665,1.06705,14.50,4.20
2009.10.29 19:41:56.201,1.06665,1.06705,14.50,4.20
2009.10.29 19:42:00.850,1.0667,1.067,5.10,4.10
2009.10.29 19:42:01.140,1.06675,1.067,1.00,4.10
2009.10.29 19:42:01.430,1.06675,1.067,1.00,4.10
2009.10.29 19:42:01.730,1.0667,1.067,5.30,4.10
2009.10.29 19:42:02.020,1.0667,1.067,4.50,4.10
2009.10.29 19:42:02.139,1.0667,1.067,4.10,4.10
2009.10.29 19:42:02.429,1.0667,1.067,4.50,4.10
2009.10.29 19:42:08.868,1.0667,1.067,4.50,4.90
2009.10.29 19:42:08.928,1.0667,1.067,4.40,4.90
2009.10.29 19:42:08.988,1.0667,1.067,4.00,8.10
2009.10.29 19:42:09.048,1.06665,1.06695,9.70,5.60
2009.10.29 19:42:09.228,1.06665,1.06695,8.10,5.60
2009.10.29 19:42:10.538,1.06665,1.06695,8.10,5.70
2009.10.29 19:42:11.997,1.06675,1.06695,1.00,5.70
2009.10.29 19:42:12.687,1.06675,1.06695,1.00,5.70
2009.10.29 19:42:12.917,1.06665,1.06695,8.10,5.70
2009.10.29 19:42:21.635,1.06675,1.06695,1.00,5.70
2009.10.29 19:42:21.695,1.06675,1.06695,1.00,5.70
2009.10.29 19:42:22.265,1.06675,1.06695,1.30,5.70
2009.10.29 19:42:22.315,1.06675,1.06695,2.00,5.70
2009.10.29 19:42:22.715,1.06675,1.06695,2.00,5.60
2009.10.29 19:42:23.064,1.06675,1.067,2.00,6.40
2009.10.29 19:42:24.214,1.06675,1.067,3.60,6.40
2009.10.29 19:42:26.464,1.06675,1.06695,3.60,2.40
2009.10.29 19:42:26.694,1.06675,1.06695,3.50,9.90
2009.10.29 19:42:26.934,1.06675,1.06695,3.50,5.70
2009.10.29 19:42:28.643,1.06675,1.06695,3.80,5.70
2009.10.29 19:42:28.993,1.06675,1.06695,3.60,5.70
2009.10.29 19:42:33.082,1.06675,1.06695,3.60,1.00
2009.10.29 19:42:33.192,1.06675,1.067,3.60,7.20
2009.10.29 19:42:33.302,1.06675,1.067,3.50,6.40
2009.10.29 19:42:35.871,1.06675,1.067,3.00,6.40
2009.10.29 19:42:36.231,1.06675,1.067,2.60,6.40
2009.10.29 19:42:37.541,1.06675,1.067,3.20,6.40
2009.10.29 19:42:38.111,1.06675,1.067,4.80,6.40
2009.10.29 19:42:42.450,1.06675,1.06695,4.80,1.00
2009.10.29 19:42:43.359,1.06675,1.06695,4.80,1.00
2009.10.29 19:42:53.407,1.06675,1.06695,4.60,1.00
2009.10.29 19:42:58.716,1.06675,1.067,12.60,1.00
2009.10.29 19:42:58.826,1.06675,1.06705,17.20,2.80
2009.10.29 19:42:58.996,1.06675,1.06705,18.00,1.60
2009.10.29 19:42:59.116,1.0668,1.0671,6.10,4.10
2009.10.29 19:42:59.346,1.0668,1.0671,7.70,4.10
2009.10.29 19:43:00.366,1.0668,1.0671,12.50,4.80
2009.10.29 19:43:00.705,1.0668,1.0671,2.50,13.60
2009.10.29 19:43:01.745,1.0668,1.0671,2.50,14.50
2009.10.29 19:43:03.635,1.06685,1.06705,2.40,5.70
2009.10.29 19:43:05.714,1.06685,1.06705,2.50,5.70
2009.10.29 19:43:15.682,1.06685,1.06705,2.40,5.70
2009.10.29 19:43:24.580,1.0667,1.06705,20.20,6.20
2009.10.29 19:43:24.970,1.06675,1.06705,12.50,6.20
2009.10.29 19:43:25.889,1.0667,1.067,13.30,4.70
2009.10.29 19:43:26.229,1.0667,1.06695,12.70,1.60
2009.10.29 19:43:26.569,1.0667,1.06695,13.90,1.60
2009.10.29 19:43:28.519,1.0667,1.06695,4.00,5.60
2009.10.29 19:43:28.909,1.0667,1.06695,14.70,1.60
2009.10.29 19:43:33.607,1.0667,1.06695,9.90,8.00
2009.10.29 19:43:33.767,1.06665,1.0669,11.60,1.70
2009.10.29 19:43:33.937,1.06665,1.0669,7.30,5.70
2009.10.29 19:43:34.057,1.06665,1.0669,9.70,1.00
2009.10.29 19:43:34.177,1.06665,1.06695,10.00,6.20
2009.10.29 19:43:34.237,1.06665,1.06695,12.80,6.20
2009.10.29 19:43:34.707,1.06665,1.06695,12.80,5.70
2009.10.29 19:43:34.827,1.06665,1.06695,13.90,5.70
2009.10.29 19:43:35.057,1.06665,1.06695,14.20,5.70
2009.10.29 19:43:39.276,1.06675,1.06695,1.00,5.70
2009.10.29 19:43:46.804,1.06675,1.06695,1.20,5.70
2009.10.29 19:43:47.154,1.06675,1.06695,2.00,5.70
2009.10.29 19:43:54.412,1.06675,1.06695,1.80,5.70
2009.10.29 19:43:54.523,1.06675,1.06695,1.80,5.60
2009.10.29 19:43:54.583,1.06675,1.06695,1.80,4.00
2009.10.29 19:43:54.692,1.06675,1.067,1.40,6.90
2009.10.29 19:43:54.752,1.06675,1.067,1.40,5.70
2009.10.29 19:43:54.862,1.06675,1.067,1.00,4.10
2009.10.29 19:44:00.111,1.06675,1.067,1.40,4.10
2009.10.29 19:44:00.571,1.06675,1.067,1.80,4.10
2009.10.29 19:44:02.141,1.06675,1.067,2.00,4.10
2009.10.29 19:44:02.730,1.06675,1.067,2.30,4.10
2009.10.29 19:44:03.590,1.06675,1.067,2.70,4.10
2009.10.29 19:44:03.760,1.06675,1.067,3.10,4.10
2009.10.29 19:44:04.160,1.06675,1.067,2.70,4.10
2009.10.29 19:44:04.520,1.06675,1.067,2.30,4.10
2009.10.29 19:44:04.700,1.06675,1.067,2.70,4.10
2009.10.29 19:44:04.760,1.06675,1.067,3.10,4.10
2009.10.29 19:44:05.550,1.06675,1.067,1.90,4.10
2009.10.29 19:44:05.850,1.06675,1.067,1.70,4.10
2009.10.29 19:44:06.190,1.06675,1.067,1.00,4.10
2009.10.29 19:44:11.858,1.06675,1.067,1.60,4.10
2009.10.29 19:44:12.078,1.06675,1.067,2.30,4.10
2009.10.29 19:44:16.377,1.06675,1.067,2.20,4.10
2009.10.29 19:44:18.637,1.06675,1.067,2.10,4.10
2009.10.29 19:44:20.756,1.06675,1.067,2.00,4.10
2009.10.29 19:44:24.005,1.06675,1.067,2.30,4.10
2009.10.29 19:44:24.185,1.0668,1.067,1.00,4.00
2009.10.29 19:44:24.355,1.06675,1.06705,7.90,7.30
2009.10.29 19:44:24.415,1.06675,1.06705,7.90,5.70
2009.10.29 19:44:24.655,1.06675,1.06705,8.30,5.90
2009.10.29 19:44:26.445,1.06675,1.06705,11.80,5.70
2009.10.29 19:44:26.715,1.06675,1.06705,12.20,5.70
2009.10.29 19:44:27.335,1.06675,1.06705,11.90,5.70
2009.10.29 19:44:27.684,1.06675,1.06705,12.70,5.70
2009.10.29 19:44:33.663,1.06675,1.06705,11.50,5.70
2009.10.29 19:44:33.783,1.06675,1.06705,11.40,10.50
2009.10.29 19:44:33.953,1.06685,1.06705,2.00,13.70
2009.10.29 19:44:34.133,1.0668,1.06705,2.00,6.50
2009.10.29 19:44:34.303,1.0668,1.06705,2.00,5.70
2009.10.29 19:44:34.473,1.0668,1.06705,2.00,8.90
2009.10.29 19:44:34.753,1.0668,1.06705,2.20,13.70
2009.10.29 19:44:34.983,1.0668,1.06705,2.60,5.70
2009.10.29 19:44:35.203,1.0668,1.06705,3.30,5.70
2009.10.29 19:44:37.572,1.0668,1.06705,4.00,5.60
2009.10.29 19:44:37.742,1.0668,1.0671,7.90,5.70
2009.10.29 19:44:37.912,1.06685,1.0671,4.50,4.10
2009.10.29 19:44:38.382,1.06685,1.0671,5.30,11.30
2009.10.29 19:44:38.552,1.0669,1.06705,1.80,4.00
2009.10.29 19:44:38.722,1.0669,1.0671,3.10,4.00
2009.10.29 19:44:39.082,1.0669,1.0671,3.90,4.00
2009.10.29 19:44:40.132,1.0669,1.0671,2.60,4.00
2009.10.29 19:44:40.252,1.0669,1.0672,5.80,4.10
2009.10.29 19:44:40.311,1.0669,1.0672,5.80,7.30
2009.10.29 19:44:40.432,1.0669,1.0672,7.40,9.70
2009.10.29 19:44:40.552,1.0669,1.0672,7.40,12.10
2009.10.29 19:44:40.612,1.0669,1.06715,1.90,8.00
2009.10.29 19:44:40.961,1.0669,1.06715,2.60,4.00
2009.10.29 19:44:41.311,1.0669,1.06715,2.80,4.00
2009.10.29 19:44:41.881,1.0669,1.06715,2.90,4.00
2009.10.29 19:44:42.321,1.0669,1.06715,2.80,4.00
2009.10.29 19:44:42.541,1.0669,1.0672,7.70,4.10
2009.10.29 19:44:42.711,1.0669,1.0672,7.60,4.90
2009.10.29 19:44:43.061,1.067,1.0672,1.00,10.50
2009.10.29 19:44:43.401,1.0669,1.0672,7.60,11.30
2009.10.29 19:44:43.790,1.0669,1.06715,3.60,4.00
2009.10.29 19:44:44.131,1.06695,1.0672,3.20,4.10
2009.10.29 19:44:44.361,1.06695,1.0672,3.20,7.30
2009.10.29 19:44:44.871,1.06695,1.06715,3.20,4.00
2009.10.29 19:44:45.230,1.06695,1.0672,3.10,4.10
2009.10.29 19:44:45.530,1.06695,1.0672,2.40,4.90
2009.10.29 19:44:45.811,1.06695,1.0672,2.40,10.50
2009.10.29 19:44:46.110,1.06695,1.0672,3.20,7.30
2009.10.29 19:44:46.450,1.06695,1.0672,3.20,4.90
2009.10.29 19:44:46.810,1.06695,1.0672,2.70,8.90
2009.10.29 19:44:47.160,1.06695,1.0672,2.30,4.10
2009.10.29 19:44:47.440,1.06695,1.0672,1.90,11.30
2009.10.29 19:44:47.670,1.06695,1.0672,1.50,11.30
2009.10.29 19:44:48.190,1.06695,1.06715,2.30,4.00
2009.10.29 19:44:49.929,1.0669,1.0672,7.50,4.10
2009.10.29 19:44:50.219,1.0669,1.0672,6.70,4.10
2009.10.29 19:44:55.078,1.0669,1.0672,9.10,4.10
2009.10.29 19:44:57.427,1.06695,1.06715,3.60,5.60
2009.10.29 19:44:57.777,1.0669,1.06715,4.00,5.60
2009.10.29 19:44:58.767,1.0669,1.06715,4.00,5.70
2009.10.29 19:44:59.857,1.0669,1.06715,11.90,1.60
2009.10.29 19:45:01.666,1.06695,1.06715,3.90,1.60
2009.10.29 19:45:01.776,1.06705,1.06715,1.00,1.60
2009.10.29 19:45:01.836,1.06705,1.06715,1.00,5.60
2009.10.29 19:45:01.946,1.06705,1.0672,1.00,4.70
2009.10.29 19:45:02.056,1.06705,1.0672,1.00,4.10
2009.10.29 19:45:02.676,1.06705,1.0672,1.00,4.10
2009.10.29 19:45:03.796,1.06705,1.0672,1.00,4.10
2009.10.29 19:45:05.305,1.06705,1.06725,1.00,5.70
2009.10.29 19:45:07.945,1.06705,1.06725,1.20,5.70
2009.10.29 19:45:08.715,1.06705,1.06725,1.60,5.70
2009.10.29 19:45:09.064,1.06705,1.0673,2.00,9.70
2009.10.29 19:45:09.414,1.06705,1.0673,2.00,7.30
2009.10.29 19:45:13.413,1.06705,1.0673,1.50,7.30
2009.10.29 19:45:13.523,1.06705,1.0673,1.10,7.30
2009.10.29 19:45:13.923,1.06705,1.0673,1.00,7.30
2009.10.29 19:45:14.163,1.06705,1.0673,1.00,7.50
2009.10.29 19:45:14.393,1.067,1.06725,1.00,6.40
2009.10.29 19:45:14.683,1.067,1.06725,1.00,10.40
2009.10.29 19:45:17.563,1.067,1.0672,1.00,4.10
2009.10.29 19:45:21.691,1.06705,1.0672,1.00,4.10
2009.10.29 19:45:22.841,1.067,1.0672,1.00,4.10
2009.10.29 19:45:23.141,1.0671,1.0672,1.00,4.00
2009.10.29 19:45:23.471,1.06695,1.06725,1.00,4.00
2009.10.29 19:45:23.761,1.06695,1.06725,1.90,4.00
2009.10.29 19:45:24.221,1.067,1.0673,1.00,8.10
2009.10.29 19:45:24.501,1.067,1.0673,8.30,4.10
2009.10.29 19:45:25.431,1.06705,1.0673,1.30,4.10
2009.10.29 19:45:25.771,1.06705,1.0673,1.10,4.10
2009.10.29 19:45:27.710,1.067,1.0673,6.80,5.10
2009.10.29 19:45:27.880,1.067,1.06725,4.20,1.60
2009.10.29 19:45:28.000,1.067,1.06725,1.00,5.60
2009.10.29 19:45:29.700,1.067,1.06725,1.00,5.70
2009.10.29 19:45:29.989,1.067,1.06725,1.00,5.90
2009.10.29 19:45:30.270,1.067,1.06725,1.00,5.70
2009.10.29 19:45:32.339,1.067,1.06725,1.00,5.90
2009.10.29 19:45:33.159,1.06705,1.06725,1.60,1.00
2009.10.29 19:45:34.138,1.06705,1.06725,1.60,4.10
2009.10.29 19:45:34.368,1.06705,1.06725,2.30,1.00
2009.10.29 19:45:34.588,1.06705,1.0673,2.50,4.10
2009.10.29 19:45:36.948,1.06705,1.0673,2.90,4.10
2009.10.29 19:45:37.248,1.06705,1.0673,3.30,4.10
2009.10.29 19:45:38.157,1.06705,1.0673,3.60,4.10
2009.10.29 19:45:38.457,1.06705,1.0673,3.60,4.90
2009.10.29 19:45:38.747,1.06705,1.0673,4.40,10.50
2009.10.29 19:45:40.467,1.06705,1.06725,4.40,5.70
2009.10.29 19:45:43.996,1.06705,1.0673,4.40,8.10
2009.10.29 19:45:44.396,1.06705,1.0673,4.40,8.10
2009.10.29 19:45:45.316,1.06705,1.0673,7.60,8.10
2009.10.29 19:45:46.756,1.06705,1.0673,7.60,8.00
2009.10.29 19:45:47.105,1.06715,1.06735,1.00,5.70
2009.10.29 19:45:48.515,1.06715,1.06735,4.10,5.60
2009.10.29 19:45:48.855,1.06715,1.06735,4.10,1.60
2009.10.29 19:45:49.555,1.06715,1.06735,4.40,1.60
2009.10.29 19:45:50.025,1.06715,1.06735,4.30,1.60
2009.10.29 19:45:50.295,1.06715,1.06735,5.30,1.60
2009.10.29 19:45:51.234,1.06715,1.06735,5.20,1.60
2009.10.29 19:45:52.994,1.06715,1.06735,5.10,1.60
2009.10.29 19:45:53.584,1.06715,1.06735,4.70,1.60
2009.10.29 19:45:53.754,1.06715,1.06735,4.30,1.60
2009.10.29 19:45:53.994,1.06715,1.06735,4.20,1.60
2009.10.29 19:45:54.394,1.06715,1.06735,1.00,1.60
2009.10.29 19:45:55.953,1.06715,1.06735,1.00,5.60
2009.10.29 19:45:57.443,1.06715,1.06735,1.00,5.70
2009.10.29 19:45:58.383,1.06715,1.06735,1.40,5.70
2009.10.29 19:45:58.553,1.06715,1.06735,1.80,5.70
2009.10.29 19:46:00.562,1.06715,1.06735,1.80,5.60
2009.10.29 19:46:00.742,1.06715,1.06735,4.20,4.00
2009.10.29 19:46:00.852,1.06715,1.0674,8.20,1.00
2009.10.29 19:46:01.193,1.06715,1.0674,2.80,4.00
2009.10.29 19:46:01.542,1.06715,1.0674,3.20,4.00
2009.10.29 19:46:03.621,1.06715,1.0674,3.20,4.10
2009.10.29 19:46:08.010,1.0671,1.0674,8.20,4.10
2009.10.29 19:46:08.470,1.0671,1.0674,7.70,4.80
2009.10.29 19:46:10.790,1.0671,1.0674,7.40,4.80
2009.10.29 19:46:11.150,1.0671,1.0674,7.70,4.80
2009.10.29 19:46:16.698,1.0671,1.0674,7.70,4.10
2009.10.29 19:46:20.147,1.0671,1.0674,11.70,4.10
2009.10.29 19:46:20.837,1.06715,1.0674,4.00,4.10
2009.10.29 19:46:21.167,1.06715,1.0674,4.40,4.10
2009.10.29 19:46:25.476,1.06715,1.0674,6.80,4.00
2009.10.29 19:46:25.536,1.06715,1.06745,18.80,1.00
2009.10.29 19:46:25.646,1.06715,1.0675,20.40,4.80
2009.10.29 19:46:25.876,1.0673,1.0675,12.40,1.00
2009.10.29 19:46:26.236,1.0675,1.06785,6.40,1.40
2009.10.29 19:46:26.576,1.0674,1.0678,2.40,4.00
2009.10.29 19:46:26.926,1.0674,1.0679,17.70,4.90
2009.10.29 19:46:27.256,1.06745,1.0678,18.50,4.80
2009.10.29 19:46:28.125,1.06745,1.0678,18.50,4.80
2009.10.29 19:46:28.176,1.06745,1.0678,17.70,4.80
2009.10.29 19:46:29.275,1.06745,1.0678,17.80,4.80
2009.10.29 19:46:29.515,1.06745,1.0678,18.00,4.80
2009.10.29 19:46:31.125,1.0675,1.06775,6.30,1.00
2009.10.29 19:46:31.475,1.0675,1.06775,6.10,1.00
2009.10.29 19:46:31.714,1.0675,1.06775,7.70,1.00
2009.10.29 19:46:32.814,1.0675,1.06775,6.10,1.00
2009.10.29 19:46:35.294,1.0675,1.06775,2.10,4.80
2009.10.29 19:46:35.504,1.0675,1.06775,1.00,4.80
2009.10.29 19:46:35.734,1.0675,1.06775,3.20,6.40
2009.10.29 19:46:36.613,1.0675,1.06775,3.20,6.60
2009.10.29 19:46:36.973,1.06745,1.06775,6.00,6.20
2009.10.29 19:46:37.733,1.06745,1.0677,2.00,8.00
2009.10.29 19:46:38.013,1.06745,1.0677,1.60,8.20
2009.10.29 19:46:38.363,1.06745,1.0677,1.60,5.80
2009.10.29 19:46:38.713,1.06745,1.06765,13.00,1.00
2009.10.29 19:46:40.542,1.06745,1.06765,13.20,1.00
2009.10.29 19:46:42.272,1.06745,1.06765,16.90,1.00
2009.10.29 19:46:42.382,1.06745,1.06765,19.30,1.00
2009.10.29 19:46:42.662,1.06745,1.06765,16.40,1.00
2009.10.29 19:46:42.942,1.06745,1.06765,20.00,1.00
2009.10.29 19:46:43.002,1.0675,1.06765,6.80,1.00
2009.10.29 19:46:45.761,1.0675,1.06765,6.90,1.00
2009.10.29 19:46:46.791,1.0675,1.06765,1.00,1.00
2009.10.29 19:46:47.131,1.0674,1.06765,6.70,1.00
2009.10.29 19:46:47.521,1.0674,1.06765,1.00,4.10
2009.10.29 19:46:47.981,1.06735,1.06765,6.80,4.10
2009.10.29 19:46:48.441,1.06735,1.06765,6.80,4.50
2009.10.29 19:46:48.551,1.06735,1.06765,6.80,4.90
2009.10.29 19:46:49.190,1.06735,1.06765,6.80,5.10
2009.10.29 19:46:49.720,1.06735,1.06765,6.40,5.10
2009.10.29 19:46:49.900,1.06735,1.06765,6.00,5.10
2009.10.29 19:46:52.100,1.06725,1.06755,4.40,4.10
2009.10.29 19:46:52.400,1.06725,1.06755,4.00,4.10
2009.10.29 19:46:52.749,1.06725,1.06755,4.00,4.70
2009.10.29 19:46:53.050,1.06725,1.06755,4.00,5.10
2009.10.29 19:46:53.919,1.06725,1.06755,4.00,6.10
2009.10.29 19:46:54.619,1.06725,1.0675,4.00,1.00
2009.10.29 19:46:54.850,1.0672,1.0675,6.80,4.00
2009.10.29 19:46:56.659,1.06725,1.0675,2.40,4.00
2009.10.29 19:46:57.009,1.0673,1.0676,4.80,4.10
2009.10.29 19:47:15.894,1.0673,1.0676,4.90,4.90
2009.10.29 19:47:16.064,1.06735,1.06755,1.00,4.00
2009.10.29 19:47:22.362,1.06735,1.0676,1.00,4.10
2009.10.29 19:47:25.212,1.0673,1.06755,2.40,5.70
2009.10.29 19:47:26.531,1.0673,1.06755,2.40,5.90
2009.10.29 19:47:28.271,1.0673,1.06755,2.40,6.10
2009.10.29 19:47:28.381,1.0673,1.06755,2.40,5.70
2009.10.29 19:47:28.611,1.0673,1.0676,4.80,5.20
2009.10.29 19:47:28.851,1.0673,1.0676,4.80,4.10
2009.10.29 19:47:32.790,1.0673,1.0676,4.90,4.60
2009.10.29 19:47:33.190,1.0673,1.06755,4.10,1.00
2009.10.29 19:47:33.650,1.06725,1.0675,11.60,1.00
2009.10.29 19:47:34.231,1.06725,1.0675,4.80,1.00
2009.10.29 19:47:34.510,1.06725,1.0675,12.40,1.00
2009.10.29 19:47:34.740,1.06725,1.0675,10.00,1.00
2009.10.29 19:47:34.960,1.0673,1.0675,4.00,1.00
2009.10.29 19:47:35.139,1.0673,1.0675,6.40,1.00
2009.10.29 19:47:40.978,1.06725,1.0675,13.20,1.00
2009.10.29 19:47:41.488,1.0674,1.06755,1.60,1.00
2009.10.29 19:47:41.838,1.0674,1.06775,6.30,7.30
2009.10.29 19:47:42.917,1.0674,1.0676,1.00,4.00
2009.10.29 19:47:43.138,1.06735,1.0676,4.80,4.00
2009.10.29 19:47:44.227,1.06735,1.0676,8.80,4.00
2009.10.29 19:47:44.557,1.06735,1.06765,12.00,5.70
2009.10.29 19:47:45.457,1.06745,1.06765,2.40,6.70
2009.10.29 19:47:45.797,1.06745,1.06765,2.40,8.00
2009.10.29 19:47:51.346,1.06745,1.06765,2.40,8.00
2009.10.29 19:47:52.035,1.06745,1.06765,2.40,7.30
2009.10.29 19:47:54.225,1.06745,1.06765,2.40,7.20
2009.10.29 19:47:54.405,1.06745,1.06765,2.40,6.80
2009.10.29 19:47:55.634,1.06745,1.06765,2.40,7.60
2009.10.29 19:47:55.974,1.06745,1.06765,2.40,14.10
2009.10.29 19:47:56.314,1.06745,1.06765,2.40,2.50
2009.10.29 19:47:56.674,1.06745,1.06765,1.60,1.00
2009.10.29 19:47:57.914,1.0674,1.0676,7.20,1.00
2009.10.29 19:47:58.424,1.0674,1.0676,7.30,1.00
2009.10.29 19:48:00.703,1.0674,1.0677,6.10,5.80
2009.10.29 19:48:01.073,1.0675,1.0677,4.00,1.00
2009.10.29 19:48:01.423,1.0675,1.0677,4.80,1.00
2009.10.29 19:48:03.553,1.0675,1.0677,4.90,1.00
2009.10.29 19:48:18.479,1.0675,1.0677,5.30,1.00
2009.10.29 19:48:22.198,1.06745,1.0677,10.50,1.00
2009.10.29 19:48:22.488,1.06745,1.0677,8.50,1.00
2009.10.29 19:48:23.408,1.06745,1.0677,8.50,1.00
2009.10.29 19:48:24.388,1.06745,1.0677,12.10,1.00
2009.10.29 19:48:29.936,1.06745,1.06765,12.10,1.00
2009.10.29 19:48:32.676,1.06745,1.06765,8.90,1.00
2009.10.29 19:48:33.575,1.06745,1.06765,8.90,1.00
2009.10.29 19:48:34.685,1.06745,1.06765,8.50,1.00
2009.10.29 19:48:34.915,1.06745,1.06765,8.50,1.00
2009.10.29 19:48:39.486,1.06745,1.06765,8.90,1.00
2009.10.29 19:48:40.196,1.06745,1.06765,12.10,1.00
2009.10.29 19:48:41.066,1.06745,1.06765,12.50,1.00
2009.10.29 19:48:45.775,1.06745,1.06765,11.70,1.00
2009.10.29 19:48:46.124,1.06745,1.06765,8.50,1.00
2009.10.29 19:48:48.234,1.06745,1.06765,8.50,1.10
2009.10.29 19:48:48.294,1.06745,1.06765,8.50,1.50
2009.10.29 19:48:48.404,1.06745,1.06765,8.50,1.90
2009.10.29 19:48:49.214,1.06745,1.06765,8.50,1.80
2009.10.29 19:48:49.893,1.06745,1.06765,8.50,1.70
2009.10.29 19:48:53.473,1.06745,1.06765,7.30,1.70
2009.10.29 19:48:53.822,1.06745,1.06765,7.30,1.30
2009.10.29 19:48:59.691,1.06745,1.06765,7.30,1.20
2009.10.29 19:49:00.671,1.06745,1.06765,7.30,1.00
2009.10.29 19:49:00.851,1.06745,1.06765,7.30,1.00
2009.10.29 19:49:06.289,1.06745,1.06765,7.20,1.00
2009.10.29 19:49:06.460,1.06745,1.06765,5.60,1.00
2009.10.29 19:49:06.580,1.06745,1.06765,4.00,2.00
2009.10.29 19:49:06.919,1.0674,1.06765,11.30,2.00
2009.10.29 19:49:08.529,1.0674,1.06765,11.80,2.00
2009.10.29 19:49:08.589,1.0674,1.06765,11.40,2.00
2009.10.29 19:49:08.759,1.06745,1.06765,7.30,1.00
2009.10.29 19:49:09.259,1.06745,1.06765,9.30,1.00
2009.10.29 19:49:10.549,1.06745,1.06765,9.50,1.00
2009.10.29 19:49:11.878,1.06745,1.06765,9.40,1.00
2009.10.29 19:49:13.268,1.06745,1.06765,9.00,1.00
2009.10.29 19:49:13.328,1.06745,1.06765,8.30,1.00
2009.10.29 19:49:14.008,1.06745,1.06765,7.70,1.00
2009.10.29 19:49:14.818,1.06745,1.06765,4.10,2.00
2009.10.29 19:49:14.988,1.0674,1.06765,12.90,2.00
2009.10.29 19:49:15.158,1.0674,1.06765,11.30,2.00
2009.10.29 19:49:18.907,1.06745,1.06765,1.60,1.00
2009.10.29 19:49:19.237,1.06745,1.06755,1.60,1.00
2009.10.29 19:49:22.006,1.06745,1.06775,1.60,6.40
2009.10.29 19:49:42.831,1.0674,1.0677,8.90,6.40
2009.10.29 19:49:50.109,1.06745,1.06765,2.40,2.50
2009.10.29 19:49:53.098,1.06745,1.0676,2.40,5.50
2009.10.29 19:49:53.218,1.06745,1.06755,2.40,5.60
2009.10.29 19:49:53.438,1.06745,1.06755,2.40,4.00
2009.10.29 19:49:53.798,1.06735,1.0676,1.60,4.00
2009.10.29 19:49:54.498,1.0673,1.06755,4.10,1.00
2009.10.29 19:49:54.618,1.0673,1.06755,4.10,3.30
2009.10.29 19:49:54.728,1.0673,1.06755,1.00,13.70
2009.10.29 19:49:54.838,1.0672,1.0675,10.00,4.00
2009.10.29 19:49:54.898,1.0672,1.0675,9.60,4.00
2009.10.29 19:49:56.938,1.0672,1.0675,6.40,4.00
2009.10.29 19:49:57.227,1.0672,1.0675,5.60,9.30
2009.10.29 19:49:57.567,1.06715,1.06745,5.60,5.30
2009.10.29 19:49:57.867,1.06715,1.06745,4.00,9.30
2009.10.29 19:49:58.157,1.0671,1.0674,5.60,8.80
2009.10.29 19:49:58.447,1.0671,1.0674,4.00,6.40
2009.10.29 19:49:59.037,1.06715,1.0675,4.00,17.30
2009.10.29 19:49:59.327,1.0671,1.06745,5.60,10.00
2009.10.29 19:50:01.026,1.06715,1.0675,4.00,14.00
2009.10.29 19:50:01.426,1.0672,1.0675,4.00,12.40
2009.10.29 19:50:01.716,1.0671,1.06745,5.60,10.00
2009.10.29 19:50:04.185,1.06715,1.06745,4.00,6.00
2009.10.29 19:50:05.056,1.0671,1.0674,12.00,4.00
2009.10.29 19:50:05.335,1.0672,1.0675,4.00,6.80
2009.10.29 19:50:05.735,1.0671,1.06745,6.40,10.00
2009.10.29 19:50:05.905,1.0671,1.06745,5.60,10.00
2009.10.29 19:50:06.865,1.06715,1.0675,4.00,10.80
2009.10.29 19:50:07.215,1.0672,1.0675,4.00,10.80
2009.10.29 19:50:07.565,1.06715,1.0675,4.00,10.80
2009.10.29 19:50:07.795,1.0672,1.0675,4.00,6.80
2009.10.29 19:50:08.035,1.06715,1.0675,4.00,17.20
2009.10.29 19:50:08.505,1.0672,1.0675,4.00,6.80
2009.10.29 19:50:09.224,1.06715,1.0675,4.00,11.80
2009.10.29 19:50:09.815,1.0671,1.0674,6.40,4.00
2009.10.29 19:50:09.874,1.0671,1.0674,5.60,4.00
2009.10.29 19:50:14.123,1.06715,1.06745,4.00,6.10
2009.10.29 19:50:14.813,1.0671,1.0674,5.60,4.00
2009.10.29 19:50:15.103,1.06715,1.06745,2.40,4.00
2009.10.29 19:50:15.273,1.06715,1.0675,6.40,8.80
2009.10.29 19:50:15.503,1.06715,1.0675,10.40,4.00
2009.10.29 19:50:15.623,1.0672,1.06755,4.00,12.80
2009.10.29 19:50:15.793,1.06715,1.0675,6.40,8.00
2009.10.29 19:50:16.243,1.06715,1.0675,8.00,4.00
2009.10.29 19:50:16.593,1.06715,1.0675,8.80,8.00
2009.10.29 19:50:17.093,1.0672,1.06755,4.00,9.60
2009.10.29 19:50:19.042,1.0672,1.06755,5.60,8.00
2009.10.29 19:50:31.869,1.0672,1.0675,4.00,4.00
2009.10.29 19:50:33.708,1.0673,1.0675,1.00,4.00
2009.10.29 19:50:33.888,1.0673,1.0675,4.80,4.00
2009.10.29 19:50:34.058,1.06735,1.06755,5.60,2.30
2009.10.29 19:50:34.349,1.06735,1.06755,5.60,2.20
2009.10.29 19:50:34.698,1.06735,1.06755,5.60,2.00
2009.10.29 19:50:34.988,1.06735,1.06755,5.60,1.80
2009.10.29 19:50:36.008,1.06735,1.06755,5.60,1.00
2009.10.29 19:50:36.698,1.06735,1.06755,5.70,1.00
2009.10.29 19:50:37.058,1.06735,1.06765,5.70,10.90
2009.10.29 19:50:39.727,1.06735,1.06765,5.70,12.30
2009.10.29 19:50:39.957,1.06735,1.06755,5.70,1.00
2009.10.29 19:50:40.137,1.06735,1.06755,5.70,1.00
2009.10.29 19:50:48.345,1.06735,1.06755,1.60,1.00
2009.10.29 19:50:48.465,1.0673,1.06755,5.70,1.00
2009.10.29 19:50:48.755,1.06725,1.06755,4.00,4.90
2009.10.29 19:50:49.495,1.0672,1.06745,1.70,4.00
2009.10.29 19:50:49.785,1.0672,1.0675,4.00,4.80
2009.10.29 19:50:50.025,1.06725,1.06745,4.00,4.00
2009.10.29 19:50:50.315,1.0673,1.0675,12.40,1.00
2009.10.29 19:50:50.595,1.0673,1.06745,1.00,8.00
2009.10.29 19:50:50.944,1.0671,1.06745,5.60,4.00
2009.10.29 19:50:51.624,1.0671,1.0675,10.00,8.00
2009.10.29 19:50:51.964,1.0672,1.06755,4.00,12.80
2009.10.29 19:50:52.314,1.06715,1.0675,6.00,8.50
2009.10.29 19:50:52.674,1.0672,1.0675,4.00,4.90
2009.10.29 19:50:52.774,1.06715,1.0675,5.60,8.90
2009.10.29 19:50:52.894,1.06715,1.0675,4.00,8.90
2009.10.29 19:50:53.004,1.0672,1.0675,4.00,8.90
2009.10.29 19:50:53.124,1.06715,1.0675,4.00,8.90
2009.10.29 19:50:53.344,1.0672,1.0675,4.00,8.90
2009.10.29 19:50:53.974,1.06715,1.06745,4.00,4.40
2009.10.29 19:50:54.324,1.0672,1.0675,4.00,4.00
2009.10.29 19:50:54.614,1.06715,1.06745,6.40,4.00
2009.10.29 19:50:54.954,1.0672,1.0675,4.00,4.00
2009.10.29 19:50:56.733,1.0672,1.0675,5.60,4.00
2009.10.29 19:50:57.233,1.0672,1.0675,6.40,4.00
2009.10.29 19:50:57.413,1.06725,1.06755,4.00,10.00
2009.10.29 19:50:57.533,1.06725,1.06755,4.00,6.00
2009.10.29 19:51:00.293,1.06725,1.06755,5.60,6.00
2009.10.29 19:51:00.402,1.06735,1.06755,5.60,1.00
2009.10.29 19:51:00.462,1.06735,1.06765,5.60,13.00
2009.10.29 19:51:01.662,1.06735,1.06765,5.60,12.80
2009.10.29 19:51:02.312,1.06735,1.06765,5.60,12.40
2009.10.29 19:51:02.532,1.06735,1.06765,5.60,12.00
2009.10.29 19:51:02.712,1.06735,1.06765,5.70,12.00
2009.10.29 19:51:03.891,1.06735,1.06765,5.70,12.50
2009.10.29 19:51:04.221,1.06735,1.06765,5.70,12.00
2009.10.29 19:51:06.941,1.06735,1.06765,5.70,12.00
2009.10.29 19:51:07.231,1.06735,1.06765,5.70,11.90
2009.10.29 19:51:07.460,1.06735,1.06765,6.10,11.80
2009.10.29 19:51:07.730,1.06735,1.06765,6.50,7.80
2009.10.29 19:51:11.020,1.06735,1.06765,5.70,7.80
2009.10.29 19:51:14.349,1.06735,1.06765,5.70,8.60
2009.10.29 19:51:14.699,1.0673,1.0676,1.00,11.20
2009.10.29 19:51:15.048,1.06725,1.06755,5.60,4.00
2009.10.29 19:51:15.398,1.06725,1.06755,4.00,4.00
2009.10.29 19:51:15.858,1.0673,1.06755,1.00,4.00
2009.10.29 19:51:16.028,1.06735,1.0676,5.60,4.00
2009.10.29 19:51:16.258,1.06735,1.06765,5.60,11.80
2009.10.29 19:51:17.588,1.06735,1.06755,5.60,1.00
2009.10.29 19:51:17.768,1.06735,1.06755,5.60,1.00
2009.10.29 19:51:18.508,1.06735,1.06755,5.70,1.00
2009.10.29 19:51:21.607,1.06735,1.06765,5.70,11.30
2009.10.29 19:51:22.637,1.06735,1.06765,7.30,11.30
2009.10.29 19:51:22.927,1.06735,1.06765,7.30,12.40
2009.10.29 19:51:23.216,1.06735,1.06765,7.30,13.50
2009.10.29 19:51:23.796,1.06735,1.06765,7.20,20.70
2009.10.29 19:51:23.916,1.06735,1.0676,3.20,4.80
2009.10.29 19:51:34.044,1.06735,1.06755,1.60,1.00
2009.10.29 19:51:34.584,1.06725,1.06755,5.60,4.00
2009.10.29 19:51:35.694,1.06725,1.06755,5.60,4.80
2009.10.29 19:51:36.703,1.06725,1.06755,5.60,4.40
2009.10.29 19:51:37.004,1.06725,1.06755,5.60,4.00
2009.10.29 19:51:38.633,1.06725,1.06755,5.60,4.40
2009.10.29 19:51:38.753,1.06725,1.06755,5.60,4.80
2009.10.29 19:51:38.873,1.06725,1.06755,5.60,4.40
2009.10.29 19:51:39.053,1.06725,1.06755,5.60,4.00
2009.10.29 19:51:54.009,1.06725,1.06755,5.60,4.40
2009.10.29 19:51:54.189,1.06725,1.0675,1.60,4.00
2009.10.29 19:51:56.668,1.06725,1.0675,1.60,4.10
2009.10.29 19:52:05.306,1.06725,1.06755,5.60,5.00
2009.10.29 19:52:05.526,1.06725,1.06755,5.60,5.70
2009.10.29 19:52:05.876,1.06725,1.06755,5.60,6.10
2009.10.29 19:52:06.266,1.06725,1.06755,5.60,6.40
2009.10.29 19:52:06.616,1.06725,1.06755,5.60,6.80
2009.10.29 19:52:06.946,1.06725,1.06755,5.60,12.40
2009.10.29 19:52:07.246,1.06725,1.0675,1.60,4.00
2009.10.29 19:52:09.915,1.06725,1.0675,1.60,4.10
2009.10.29 19:52:11.005,1.06725,1.0675,1.60,4.60
2009.10.29 19:52:11.295,1.06725,1.06745,1.60,1.00
2009.10.29 19:52:14.524,1.06725,1.06745,1.60,1.00
2009.10.29 19:52:18.563,1.06725,1.06745,1.60,1.00
2009.10.29 19:52:18.803,1.06725,1.0675,1.60,4.10
2009.10.29 19:52:22.152,1.0672,1.0675,4.10,4.10
2009.10.29 19:52:22.492,1.06725,1.0675,1.60,4.10
2009.10.29 19:52:30.160,1.06725,1.06745,1.60,1.00
2009.10.29 19:52:30.400,1.06725,1.06745,1.60,1.00
2009.10.29 19:52:30.570,1.0672,1.06745,4.00,1.00
2009.10.29 19:52:30.810,1.06715,1.06745,4.00,4.90
2009.10.29 19:52:31.150,1.06715,1.06745,8.80,5.00
2009.10.29 19:52:31.500,1.0672,1.06745,10.80,1.00
2009.10.29 19:52:32.900,1.0672,1.06745,10.80,1.00
2009.10.29 19:52:33.530,1.0672,1.06745,10.90,1.00
2009.10.29 19:52:33.590,1.0672,1.06745,10.90,1.00
2009.10.29 19:52:34.179,1.0672,1.06745,10.90,1.00
2009.10.29 19:52:36.139,1.0672,1.06745,12.50,1.00
2009.10.29 19:52:38.818,1.0672,1.06745,10.90,1.00
2009.10.29 19:52:39.858,1.0672,1.06745,3.60,6.40
2009.10.29 19:52:40.028,1.0672,1.06745,1.60,6.60
2009.10.29 19:52:41.658,1.0672,1.06745,1.60,6.80
2009.10.29 19:52:44.227,1.0672,1.06745,1.60,7.00
2009.10.29 19:52:45.157,1.0672,1.06745,1.60,7.80
2009.10.29 19:52:48.846,1.0672,1.06745,1.60,8.00
2009.10.29 19:52:49.306,1.0672,1.06745,1.60,8.90
2009.10.29 19:52:49.596,1.0672,1.06745,6.00,4.90
2009.10.29 19:52:49.896,1.0672,1.06745,6.80,3.30
2009.10.29 19:52:50.546,1.0672,1.06745,6.90,3.30
2009.10.29 19:52:52.035,1.0672,1.06745,6.90,3.20
2009.10.29 19:52:52.735,1.0672,1.06745,10.10,3.20
2009.10.29 19:52:53.645,1.0672,1.06745,10.10,1.20
2009.10.29 19:52:53.765,1.0672,1.0675,10.10,4.10
2009.10.29 19:52:58.594,1.0672,1.06745,10.10,1.00
2009.10.29 19:52:58.654,1.0672,1.06745,10.10,1.20
2009.10.29 19:52:59.993,1.0672,1.06745,10.10,2.00
2009.10.29 19:53:02.633,1.0672,1.06745,10.10,1.70
2009.10.29 19:53:02.913,1.0672,1.0675,10.10,4.10
2009.10.29 19:53:11.071,1.0672,1.0675,9.70,4.10
2009.10.29 19:53:23.028,1.0672,1.0675,8.10,4.10
2009.10.29 19:53:23.148,1.0672,1.0675,8.00,4.90
2009.10.29 19:53:23.318,1.0672,1.06745,3.20,6.00
2009.10.29 19:53:23.428,1.06715,1.06745,9.70,6.50
2009.10.29 19:53:23.598,1.06715,1.06745,6.50,6.50
2009.10.29 19:53:24.247,1.06715,1.06745,6.50,7.60
2009.10.29 19:53:24.577,1.06715,1.06745,6.50,7.70
2009.10.29 19:53:27.577,1.06715,1.06745,6.50,8.50
2009.10.29 19:53:30.266,1.06715,1.0675,4.00,14.70
2009.10.29 19:53:30.496,1.0671,1.06745,7.20,8.40
2009.10.29 19:53:30.726,1.06715,1.0674,1.60,4.00
2009.10.29 19:53:30.966,1.0671,1.06745,5.60,8.80
2009.10.29 19:53:31.186,1.0671,1.0674,3.20,8.00
2009.10.29 19:53:31.716,1.0671,1.06745,5.60,9.60
2009.10.29 19:53:32.076,1.0671,1.0674,1.60,4.00
2009.10.29 19:53:32.416,1.0671,1.0674,3.20,8.00
2009.10.29 19:53:32.655,1.0671,1.0674,1.60,4.00
2009.10.29 19:53:32.895,1.06715,1.06745,1.60,12.80
2009.10.29 19:53:33.525,1.06715,1.06735,1.60,4.00
2009.10.29 19:53:33.995,1.06715,1.06745,1.60,12.80
2009.10.29 19:53:34.225,1.06715,1.06745,1.60,12.80
2009.10.29 19:53:34.335,1.06715,1.0674,1.60,8.00
2009.10.29 19:53:36.365,1.06715,1.0675,5.60,16.10
2009.10.29 19:53:36.654,1.06715,1.0674,1.60,4.00
2009.10.29 19:53:37.174,1.0671,1.0674,1.60,4.00
2009.10.29 19:53:37.535,1.0671,1.06745,5.60,12.80
2009.10.29 19:53:37.834,1.0671,1.0674,5.60,4.00
2009.10.29 19:53:38.124,1.0671,1.06735,1.60,4.00
2009.10.29 19:53:38.344,1.06715,1.0674,1.60,4.00
2009.10.29 19:53:38.524,1.06715,1.0674,1.60,8.00
2009.10.29 19:53:38.684,1.0671,1.0674,5.60,8.00
2009.10.29 19:53:38.854,1.0671,1.06745,5.60,12.80
2009.10.29 19:53:39.034,1.06715,1.0674,1.60,8.00
2009.10.29 19:53:39.264,1.06715,1.06735,1.60,4.00
2009.10.29 19:53:39.544,1.06715,1.0674,1.60,12.00
2009.10.29 19:53:39.784,1.06715,1.06745,1.60,12.80
2009.10.29 19:53:40.134,1.06715,1.06745,1.60,12.80
2009.10.29 19:53:42.823,1.0671,1.0674,5.60,4.00
2009.10.29 19:53:43.053,1.06715,1.0674,1.60,8.00
2009.10.29 19:53:43.283,1.0671,1.0674,5.60,4.00
2009.10.29 19:53:44.153,1.0671,1.0674,7.20,4.00
2009.10.29 19:53:44.793,1.0671,1.06745,2.40,12.80
2009.10.29 19:53:45.183,1.0671,1.06745,6.40,12.80
2009.10.29 19:53:45.543,1.0671,1.0674,5.60,8.00
2009.10.29 19:53:45.882,1.0671,1.06735,2.40,8.00
2009.10.29 19:53:46.232,1.06715,1.06745,5.60,8.80
2009.10.29 19:53:46.572,1.06715,1.06745,1.60,12.40
2009.10.29 19:53:46.912,1.06715,1.0675,5.60,12.90
2009.10.29 19:53:47.252,1.06715,1.0675,5.60,12.00
2009.10.29 19:53:48.092,1.06715,1.06745,5.60,4.90
2009.10.29 19:53:48.392,1.06715,1.06745,5.60,4.00
2009.10.29 19:53:48.972,1.06715,1.06745,5.60,4.90
2009.10.29 19:53:51.441,1.0672,1.06745,5.60,1.90
2009.10.29 19:53:51.791,1.06715,1.0674,1.60,4.00
2009.10.29 19:54:07.187,1.06715,1.06745,5.60,6.70
2009.10.29 19:54:07.657,1.06715,1.06745,9.60,5.50
2009.10.29 19:54:07.777,1.06715,1.06745,5.60,5.10
2009.10.29 19:54:08.127,1.06715,1.06745,5.60,5.10
2009.10.29 19:54:08.307,1.06715,1.06745,9.60,1.10
2009.10.29 19:54:08.427,1.06715,1.06745,10.00,4.30
2009.10.29 19:54:08.607,1.0672,1.0675,4.00,11.20
2009.10.29 19:54:08.947,1.06715,1.06745,11.40,4.00
2009.10.29 19:54:09.246,1.06715,1.06745,13.00,4.00
2009.10.29 19:54:09.587,1.0672,1.0675,4.00,8.00
2009.10.29 19:54:09.917,1.06715,1.06745,13.00,4.00
2009.10.29 19:54:10.276,1.0672,1.0675,5.60,4.00
2009.10.29 19:54:10.936,1.06725,1.06745,1.60,4.00
2009.10.29 19:54:11.116,1.06725,1.0675,1.60,4.00
2009.10.29 19:54:11.356,1.06725,1.0675,1.60,8.00
2009.10.29 19:54:11.756,1.06725,1.0675,1.60,4.00
2009.10.29 19:54:11.976,1.06715,1.06745,9.00,4.00
2009.10.29 19:54:12.496,1.06725,1.0675,1.60,4.00
2009.10.29 19:54:12.836,1.0672,1.0675,4.00,4.00
2009.10.29 19:54:13.186,1.06715,1.06745,13.20,4.00
2009.10.29 19:54:13.346,1.0672,1.0675,4.00,4.00
2009.10.29 19:54:13.696,1.06725,1.06745,1.60,4.00
2009.10.29 19:54:13.756,1.06715,1.06745,12.00,4.00
2009.10.29 19:54:13.925,1.0672,1.0675,4.00,8.00
2009.10.29 19:54:14.036,1.0672,1.0675,4.00,4.00
2009.10.29 19:54:14.375,1.0673,1.06755,1.60,6.80
2009.10.29 19:54:14.725,1.06725,1.0675,1.60,4.00
2009.10.29 19:54:15.605,1.0673,1.06745,1.60,1.00
2009.10.29 19:54:18.565,1.0672,1.0674,7.10,1.70
2009.10.29 19:54:18.855,1.0672,1.0674,7.10,1.90
2009.10.29 19:54:19.085,1.0672,1.06735,7.10,1.00
2009.10.29 19:54:19.934,1.06725,1.0676,6.40,6.10
2009.10.29 19:54:20.284,1.06725,1.06765,6.40,13.00
2009.10.29 19:54:20.614,1.06735,1.06765,1.60,14.10
2009.10.29 19:54:22.943,1.06735,1.06755,1.60,6.20
2009.10.29 19:54:23.063,1.06735,1.06755,1.60,8.20
2009.10.29 19:54:28.132,1.06735,1.06745,1.60,1.20
2009.10.29 19:54:29.682,1.06735,1.06745,1.60,1.60
2009.10.29 19:54:32.151,1.06735,1.06745,1.60,1.10
2009.10.29 19:54:33.861,1.06735,1.06745,1.60,1.00
2009.10.29 19:54:35.140,1.06735,1.06745,1.60,1.00
2009.10.29 19:54:35.950,1.06735,1.06745,1.60,1.30
2009.10.29 19:54:42.869,1.0673,1.06745,1.60,1.30
2009.10.29 19:54:43.199,1.0673,1.06745,1.60,1.60
2009.10.29 19:54:44.368,1.0673,1.06745,1.60,2.20
2009.10.29 19:54:44.708,1.0673,1.06745,1.60,2.60
2009.10.29 19:54:45.418,1.0673,1.06745,1.60,2.00
2009.10.29 19:54:45.858,1.0673,1.06745,1.60,1.60
2009.10.29 19:54:46.088,1.0673,1.06745,1.60,1.20
2009.10.29 19:54:54.036,1.0673,1.06745,1.60,1.00
2009.10.29 19:54:54.326,1.0673,1.06745,1.60,1.20
2009.10.29 19:54:54.626,1.0673,1.06745,1.60,1.00
2009.10.29 19:54:54.966,1.0673,1.06745,1.60,1.20
2009.10.29 19:54:56.246,1.0673,1.06745,1.60,1.00
2009.10.29 19:54:57.635,1.0673,1.06745,1.60,1.00
2009.10.29 19:54:57.965,1.0673,1.06745,1.60,1.30
2009.10.29 19:55:00.624,1.06735,1.06745,1.60,1.00
2009.10.29 19:55:00.744,1.06725,1.06745,6.40,1.00
2009.10.29 19:55:41.544,1.0673,1.06745,1.00,1.00
2009.10.29 19:55:41.884,1.06725,1.06745,8.70,1.00
2009.10.29 19:55:44.814,1.06725,1.06745,8.70,1.00
2009.10.29 19:55:45.094,1.0673,1.06745,6.90,1.00
2009.10.29 19:55:46.473,1.0673,1.06745,7.10,1.00
2009.10.29 19:55:50.742,1.0673,1.06745,1.00,1.00
2009.10.29 19:55:50.853,1.06725,1.06745,8.70,1.00
2009.10.29 19:55:56.531,1.06725,1.06745,5.70,1.00
2009.10.29 19:55:58.390,1.0672,1.06745,6.40,1.50
2009.10.29 19:55:58.621,1.0672,1.06745,4.10,1.20
2009.10.29 19:55:59.120,1.0672,1.06745,4.10,1.00
2009.10.29 19:56:01.690,1.0672,1.06745,4.10,1.20
2009.10.29 19:56:02.339,1.0672,1.06745,4.10,1.60
2009.10.29 19:56:04.479,1.0672,1.0673,4.00,1.00
2009.10.29 19:56:04.719,1.0672,1.06735,4.00,1.00
2009.10.29 19:56:05.669,1.0672,1.0673,4.00,1.00
2009.10.29 19:56:06.589,1.0672,1.0673,4.00,1.00
2009.10.29 19:56:07.288,1.06725,1.06755,4.00,1.70
2009.10.29 19:56:08.218,1.0672,1.0675,4.10,1.70
2009.10.29 19:56:14.306,1.0672,1.06745,4.10,1.30
2009.10.29 19:56:14.537,1.0672,1.06745,4.10,1.40
2009.10.29 19:56:25.274,1.0672,1.06735,4.10,1.00
2009.10.29 19:56:25.984,1.0672,1.0674,4.10,1.00
2009.10.29 19:56:26.204,1.0672,1.0674,4.90,1.00
2009.10.29 19:56:26.374,1.0672,1.0674,11.30,1.00
2009.10.29 19:56:31.493,1.06725,1.06745,4.00,1.00
2009.10.29 19:56:36.462,1.0672,1.0673,10.00,4.80
2009.10.29 19:56:36.641,1.067,1.06735,4.40,6.40
2009.10.29 19:56:36.881,1.0671,1.06745,4.00,10.50
2009.10.29 19:56:37.381,1.06705,1.06745,4.00,4.90
2009.10.29 19:56:37.721,1.06715,1.06745,1.60,13.20
2009.10.29 19:56:38.071,1.06725,1.0675,1.60,16.90
2009.10.29 19:56:38.451,1.06725,1.0675,1.60,16.10
2009.10.29 19:56:38.801,1.067,1.06725,1.60,14.40
2009.10.29 19:56:39.091,1.0668,1.06735,4.00,8.40
2009.10.29 19:56:39.421,1.0668,1.0673,1.00,8.00
2009.10.29 19:56:39.710,1.0668,1.0673,1.10,8.00
2009.10.29 19:56:40.730,1.06685,1.06715,3.10,8.00
2009.10.29 19:56:40.950,1.06685,1.06715,3.50,8.00
2009.10.29 19:56:44.189,1.06685,1.0671,1.60,4.00
2009.10.29 19:56:49.878,1.06685,1.0671,1.60,4.20
2009.10.29 19:56:50.228,1.06685,1.06705,1.60,4.40
2009.10.29 19:56:50.578,1.0668,1.0671,1.60,11.60
2009.10.29 19:56:50.908,1.06675,1.06715,5.60,16.00
2009.10.29 19:56:51.388,1.06675,1.0671,1.60,12.40
2009.10.29 19:56:51.668,1.0668,1.0671,8.40,7.20
2009.10.29 19:56:51.968,1.0667,1.067,2.80,15.20
2009.10.29 19:56:52.297,1.0667,1.067,1.60,15.20
2009.10.29 19:56:52.697,1.0666,1.06695,1.00,8.10
2009.10.29 19:56:53.037,1.0666,1.06695,4.00,9.20
2009.10.29 19:56:54.097,1.0666,1.06695,4.00,13.20
2009.10.29 19:56:54.207,1.06655,1.06685,10.00,4.00
2009.10.29 19:56:54.327,1.06655,1.06685,6.00,8.00
2009.10.29 19:56:54.497,1.06655,1.06685,4.80,8.00
2009.10.29 19:56:54.767,1.06655,1.06685,8.80,8.00
2009.10.29 19:56:55.627,1.06655,1.06685,9.30,8.00
2009.10.29 19:56:56.207,1.06655,1.06685,8.00,8.00
2009.10.29 19:56:59.955,1.0666,1.06685,4.80,4.00
2009.10.29 19:57:02.375,1.06675,1.06695,1.60,1.00
2009.10.29 19:57:02.775,1.0668,1.067,1.60,4.10
2009.10.29 19:57:03.435,1.0668,1.067,1.60,4.00
2009.10.29 19:57:03.775,1.0669,1.06705,1.60,1.20
2009.10.29 19:57:04.305,1.0669,1.06705,1.60,1.00
2009.10.29 19:57:04.635,1.06685,1.06705,3.20,1.00
2009.10.29 19:57:04.985,1.06685,1.06705,3.20,4.30
2009.10.29 19:57:05.274,1.06695,1.06725,1.60,4.40
2009.10.29 19:57:05.634,1.0669,1.06725,8.00,4.00
2009.10.29 19:57:05.864,1.06695,1.0673,4.00,8.80
2009.10.29 19:57:06.094,1.067,1.0673,4.00,2.80
2009.10.29 19:57:06.314,1.06695,1.06725,8.00,6.00
2009.10.29 19:57:06.544,1.06695,1.0672,1.60,4.00
2009.10.29 19:57:06.824,1.06695,1.0671,1.60,14.40
2009.10.29 19:57:07.524,1.0667,1.067,2.40,4.00
2009.10.29 19:57:07.874,1.0667,1.067,1.60,10.40
2009.10.29 19:57:10.383,1.0667,1.067,3.20,9.20
2009.10.29 19:57:11.153,1.0667,1.0669,1.60,4.00
2009.10.29 19:57:11.273,1.0667,1.0669,1.60,4.80
2009.10.29 19:57:11.423,1.06665,1.06685,5.20,4.00
2009.10.29 19:57:11.543,1.06665,1.06685,3.60,4.00
2009.10.29 19:57:11.663,1.06665,1.06685,3.50,4.00
2009.10.29 19:57:11.783,1.06665,1.06685,3.00,4.00
2009.10.29 19:57:12.063,1.06665,1.06685,2.60,4.00
2009.10.29 19:57:13.173,1.06665,1.06685,2.00,4.00
2009.10.29 19:57:13.352,1.06665,1.06685,1.60,4.00
2009.10.29 19:57:16.072,1.06665,1.06685,4.00,4.00
2009.10.29 19:57:16.312,1.06665,1.0669,8.50,1.00
2009.10.29 19:57:17.241,1.06665,1.06695,8.50,4.30
2009.10.29 19:57:18.501,1.0668,1.067,1.60,4.80
2009.10.29 19:57:19.371,1.0668,1.067,1.60,4.60
2009.10.29 19:57:21.011,1.0668,1.067,1.60,4.80
2009.10.29 19:57:21.181,1.0668,1.067,4.70,4.00
2009.10.29 19:57:21.420,1.0669,1.06705,1.60,1.00
2009.10.29 19:57:21.940,1.0669,1.0671,1.60,7.60
2009.10.29 19:57:23.770,1.0669,1.06705,1.60,4.20
2009.10.29 19:57:24.410,1.0667,1.067,1.60,12.80
2009.10.29 19:57:24.640,1.06665,1.067,9.20,12.00
2009.10.29 19:57:24.920,1.06675,1.06695,1.60,1.00
2009.10.29 19:57:25.929,1.0668,1.06695,1.60,1.00
2009.10.29 19:57:26.289,1.0668,1.06695,1.60,1.00
2009.10.29 19:57:30.748,1.0668,1.067,1.60,8.10
2009.10.29 19:57:31.088,1.0668,1.06705,1.60,21.80
2009.10.29 19:57:31.268,1.06675,1.06705,1.60,24.60
2009.10.29 19:57:31.488,1.06675,1.06705,1.60,22.20
2009.10.29 19:57:31.728,1.06665,1.067,9.60,13.80
2009.10.29 19:57:32.408,1.06665,1.067,9.10,14.10
2009.10.29 19:57:32.758,1.06665,1.067,8.70,14.20
2009.10.29 19:57:38.366,1.06665,1.06695,9.60,6.00
2009.10.29 19:57:39.576,1.06665,1.06695,9.20,6.00
2009.10.29 19:57:40.556,1.06665,1.06695,9.10,6.00
2009.10.29 19:57:42.795,1.06665,1.0669,9.10,1.00
2009.10.29 19:57:43.015,1.06665,1.0669,2.00,15.30
2009.10.29 19:57:43.245,1.0664,1.0667,2.40,16.00
2009.10.29 19:57:43.425,1.0664,1.06665,2.00,8.00
2009.10.29 19:57:43.606,1.06645,1.0668,4.00,1.00
2009.10.29 19:57:43.785,1.0665,1.0668,4.80,1.00
2009.10.29 19:57:44.005,1.0665,1.06695,4.80,12.20
2009.10.29 19:57:44.175,1.06665,1.06695,4.00,4.00
2009.10.29 19:57:44.395,1.0666,1.067,4.00,7.70
2009.10.29 19:57:45.844,1.06665,1.06695,8.00,7.70
2009.10.29 19:57:46.194,1.0667,1.06695,4.00,4.00
2009.10.29 19:57:46.604,1.06665,1.06695,4.00,7.70
2009.10.29 19:57:50.774,1.06665,1.06695,4.40,7.80
2009.10.29 19:57:51.073,1.06665,1.06695,4.50,7.80
2009.10.29 19:57:51.193,1.06665,1.06695,4.40,7.80
2009.10.29 19:57:51.423,1.06665,1.06695,4.00,7.80
2009.10.29 19:57:51.753,1.06665,1.06695,4.00,4.60
2009.10.29 19:57:51.813,1.06665,1.06695,6.40,4.40
2009.10.29 19:57:51.933,1.06665,1.06695,10.40,1.00
2009.10.29 19:57:52.034,1.06665,1.06695,8.00,4.40
2009.10.29 19:57:52.393,1.0666,1.06695,13.30,1.00
2009.10.29 19:57:52.773,1.06665,1.06695,6.40,4.50
2009.10.29 19:57:53.113,1.0666,1.0669,4.00,3.90
2009.10.29 19:57:53.873,1.06665,1.0669,1.00,3.90
2009.10.29 19:57:54.452,1.0666,1.0669,4.00,3.90
2009.10.29 19:57:58.912,1.0666,1.0669,4.00,4.00
2009.10.29 19:58:10.459,1.0666,1.0669,5.60,4.00
2009.10.29 19:58:10.749,1.0666,1.0669,6.40,4.00
2009.10.29 19:58:11.099,1.0666,1.0669,9.60,4.00
2009.10.29 19:58:15.008,1.06665,1.0669,1.00,4.00
2009.10.29 19:58:17.397,1.06665,1.0669,1.00,4.00
2009.10.29 19:58:18.837,1.0666,1.0669,10.00,4.00
2009.10.29 19:58:24.376,1.0666,1.0669,9.60,4.00
2009.10.29 19:58:24.665,1.0666,1.0669,10.00,4.00
2009.10.29 19:58:30.774,1.0666,1.0669,9.60,4.00
2009.10.29 19:58:31.044,1.0666,1.0669,10.00,4.00
2009.10.29 19:58:33.173,1.0666,1.0669,9.60,4.00
2009.10.29 19:58:36.912,1.0666,1.0669,6.40,4.00
2009.10.29 19:58:37.272,1.06655,1.06685,13.60,4.00
2009.10.29 19:58:37.612,1.06655,1.06685,3.20,8.00
2009.10.29 19:58:38.002,1.06655,1.0669,10.80,9.60
2009.10.29 19:58:38.232,1.06655,1.0669,12.00,9.60
2009.10.29 19:58:40.211,1.0666,1.06695,4.00,9.60
2009.10.29 19:58:40.741,1.06655,1.0669,10.40,8.00
2009.10.29 19:58:43.731,1.06655,1.06685,13.60,4.00
2009.10.29 19:58:43.841,1.06655,1.0669,14.40,8.10
2009.10.29 19:58:43.961,1.0666,1.06695,4.00,18.40
2009.10.29 19:58:44.291,1.0666,1.06695,5.60,11.30
2009.10.29 19:58:45.260,1.0666,1.0669,5.60,4.50
2009.10.29 19:58:47.470,1.06665,1.06685,6.40,1.00
2009.10.29 19:58:47.810,1.0666,1.06685,9.60,1.00
2009.10.29 19:58:48.159,1.0666,1.06685,5.60,1.00
2009.10.29 19:58:50.749,1.0667,1.06685,6.40,1.00
2009.10.29 19:58:51.049,1.0667,1.06695,7.30,1.20
2009.10.29 19:58:52.679,1.0667,1.06695,9.90,1.20
2009.10.29 19:58:53.019,1.0667,1.06695,7.50,1.10
2009.10.29 19:58:54.298,1.0667,1.06695,2.40,5.10
2009.10.29 19:58:54.468,1.06665,1.06695,8.00,5.10
2009.10.29 19:58:55.398,1.06665,1.06695,6.40,5.10
2009.10.29 19:58:57.877,1.06665,1.0669,6.40,1.00
2009.10.29 19:58:58.177,1.06655,1.06685,15.20,6.40
2009.10.29 19:58:58.477,1.06655,1.06685,2.40,10.40
2009.10.29 19:59:00.707,1.06655,1.06685,2.40,10.80
2009.10.29 19:59:02.856,1.0666,1.06685,4.00,1.00
2009.10.29 19:59:03.196,1.0666,1.06685,5.60,1.00
2009.10.29 19:59:07.725,1.0666,1.0669,5.60,5.50
2009.10.29 19:59:09.055,1.06665,1.0669,1.60,5.50
2009.10.29 19:59:10.944,1.0667,1.0669,8.90,1.50
2009.10.29 19:59:11.054,1.0667,1.06695,8.90,1.80
2009.10.29 19:59:12.374,1.0667,1.06695,8.90,2.00
2009.10.29 19:59:13.244,1.0668,1.06685,1.60,1.00
2009.10.29 19:59:14.543,1.0668,1.06685,1.60,1.00
2009.10.29 19:59:14.833,1.0666,1.0668,1.00,8.80
2009.10.29 19:59:15.133,1.0665,1.0668,4.00,12.00
2009.10.29 19:59:15.483,1.0665,1.0668,3.20,12.00
2009.10.29 19:59:17.852,1.06655,1.0668,3.60,12.20
2009.10.29 19:59:18.202,1.06655,1.0668,4.00,12.20
2009.10.29 19:59:19.812,1.06655,1.06675,3.20,4.10
2009.10.29 19:59:27.070,1.06665,1.06685,1.60,4.80
2009.10.29 19:59:27.420,1.06665,1.0669,1.60,4.00
2009.10.29 19:59:30.330,1.06675,1.0669,1.60,4.00
2009.10.29 19:59:30.449,1.06675,1.06695,1.60,1.80
2009.10.29 19:59:31.159,1.06675,1.06695,1.60,1.00
2009.10.29 19:59:31.269,1.06675,1.06695,1.60,1.00
2009.10.29 19:59:33.898,1.0667,1.06695,8.70,1.00
2009.10.29 19:59:34.068,1.0668,1.06695,1.60,1.00
2009.10.29 19:59:34.478,1.0668,1.06695,5.60,1.00
2009.10.29 19:59:38.817,1.0668,1.06695,7.20,1.00
2009.10.29 19:59:40.657,1.06685,1.06705,11.20,1.00
2009.10.29 19:59:40.947,1.06695,1.06705,1.60,1.00
2009.10.29 19:59:41.277,1.06695,1.06705,5.60,1.00
2009.10.29 19:59:45.806,1.06695,1.0673,5.60,5.80
2009.10.29 19:59:46.035,1.06695,1.0673,5.60,5.00
2009.10.29 19:59:46.875,1.06695,1.06725,1.60,9.00
2009.10.29 19:59:47.215,1.06695,1.06725,5.60,4.90
2009.10.29 19:59:48.875,1.0669,1.0672,8.00,4.00
2009.10.29 19:59:49.105,1.06695,1.06725,5.60,8.40
2009.10.29 19:59:49.275,1.06695,1.06725,5.60,4.90
2009.10.29 19:59:50.245,1.06695,1.06725,6.40,4.90
2009.10.29 19:59:51.514,1.06695,1.06725,5.60,4.90
2009.10.29 19:59:52.754,1.067,1.06725,5.60,1.00
2009.10.29 19:59:53.104,1.067,1.06725,4.00,1.00
2009.10.29 19:59:53.454,1.067,1.06725,9.60,1.00
2009.10.29 19:59:53.814,1.06705,1.06735,5.60,9.00
2009.10.29 19:59:54.863,1.06705,1.06735,5.60,6.60
2009.10.29 19:59:55.093,1.06705,1.06735,5.60,4.90
2009.10.29 19:59:55.384,1.06705,1.06735,5.60,4.00
2009.10.29 19:59:55.613,1.06705,1.06735,6.60,4.00
2009.10.29 19:59:55.853,1.06705,1.06735,6.50,4.00
2009.10.29 19:59:56.563,1.06705,1.06735,8.90,4.00
2009.10.29 19:59:56.904,1.06705,1.06735,12.90,4.00
2009.10.29 19:59:57.243,1.06715,1.0674,1.60,8.00
2009.10.29 19:59:57.593,1.06705,1.06735,6.50,4.00
2009.10.29 19:59:57.933,1.06715,1.06735,1.60,4.00
2009.10.29 19:59:58.403,1.06715,1.0674,1.60,8.00
2009.10.29 19:59:58.643,1.06705,1.06735,10.50,4.00
2009.10.29 19:59:58.873,1.06705,1.06735,10.50,4.00
2009.10.29 19:59:58.982,1.06705,1.06735,6.50,4.00
2009.10.29 19:59:59.212,1.06705,1.06735,8.90,4.00
2009.10.29 19:59:59.272,1.0671,1.0674,4.00,8.00
2009.10.29 19:59:59.392,1.0671,1.0674,5.60,8.00
2009.10.29 19:59:59.512,1.06705,1.06735,6.50,4.00
2009.10.29 19:59:59.802,1.06705,1.06735,8.90,4.00
2009.10.29 19:59:59.912,1.0671,1.0674,5.60,8.00
