2011.02.09 09:00:22.243,0.99472,0.99495,1.13,2.25
2011.02.09 09:00:23.611,0.99472,0.99496,1.20,4.51
2011.02.09 09:00:24.635,0.99472,0.99496,1.13,4.51
2011.02.09 09:00:24.753,0.99473,0.99497,4.50,4.51
2011.02.09 09:00:33.125,0.99477,0.99497,1.13,4.51
2011.02.09 09:00:33.235,0.99483,0.99497,1.13,3.76
2011.02.09 09:00:33.931,0.99483,0.99497,1.13,2.55
2011.02.09 09:00:34.268,0.99479,0.99496,5.25,2.55
2011.02.09 09:00:35.077,0.99478,0.99496,3.38,1.80
2011.02.09 09:00:35.635,0.99479,0.99496,1.69,2.55
2011.02.09 09:00:36.255,0.99483,0.99497,1.13,1.20
2011.02.09 09:00:36.915,0.99483,0.99496,1.13,1.20
2011.02.09 09:00:37.510,0.99483,0.99496,1.13,1.20
2011.02.09 09:00:37.953,0.99484,0.99496,3.83,1.20
2011.02.09 09:00:38.066,0.99484,0.99503,2.19,2.25
2011.02.09 09:00:38.894,0.99484,0.99503,5.27,1.50
2011.02.09 09:00:39.673,0.99484,0.99503,2.19,2.25
2011.02.09 09:00:43.003,0.99484,0.99503,5.27,1.50
2011.02.09 09:00:43.773,0.99484,0.99503,5.27,2.25
2011.02.09 09:00:44.447,0.99484,0.99503,2.19,1.50
2011.02.09 09:00:46.327,0.99484,0.99503,2.19,2.25
2011.02.09 09:00:46.838,0.99484,0.99503,5.27,1.50
2011.02.09 09:00:48.406,0.99484,0.99503,2.19,2.25
2011.02.09 09:00:50.721,0.99484,0.99501,5.27,1.50
2011.02.09 09:00:51.960,0.99489,0.99501,1.13,1.50
2011.02.09 09:00:52.709,0.99489,0.99505,1.13,1.50
2011.02.09 09:00:56.474,0.99488,0.99506,1.88,1.50
2011.02.09 09:00:58.196,0.99489,0.99507,1.88,1.88
2011.02.09 09:01:00.922,0.99488,0.99507,1.13,1.13
2011.02.09 09:01:01.743,0.99489,0.99507,1.13,1.13
2011.02.09 09:01:02.763,0.99488,0.99507,1.13,1.88
2011.02.09 09:01:03.410,0.99489,0.99505,1.13,1.50
2011.02.09 09:01:04.304,0.99488,0.99507,1.13,1.13
2011.02.09 09:01:04.854,0.99489,0.99506,1.13,1.50
2011.02.09 09:01:06.428,0.99485,0.99506,1.13,1.50
2011.02.09 09:01:34.200,0.9948,0.99499,2.25,1.17
2011.02.09 09:01:34.314,0.99478,0.99499,1.88,1.06
2011.02.09 09:01:34.426,0.99478,0.99498,1.50,1.13
2011.02.09 09:01:34.755,0.99477,0.99501,1.13,2.25
2011.02.09 09:01:35.638,0.99473,0.99498,5.25,1.13
2011.02.09 09:01:36.199,0.99478,0.99501,1.13,2.25
2011.02.09 09:01:38.963,0.99478,0.99501,1.13,2.25
2011.02.09 09:01:39.896,0.99478,0.99501,1.13,2.33
2011.02.09 09:01:44.619,0.99478,0.99501,1.13,2.33
2011.02.09 09:01:48.806,0.99479,0.99501,1.35,2.25
2011.02.09 09:01:49.393,0.99479,0.99501,4.35,2.25
2011.02.09 09:01:57.342,0.99482,0.99502,1.88,2.25
2011.02.09 09:01:58.041,0.99482,0.99505,1.88,2.25
2011.02.09 09:01:59.285,0.99479,0.99503,3.60,1.13
2011.02.09 09:02:03.860,0.99479,0.99503,4.65,1.13
2011.02.09 09:02:03.975,0.99479,0.99503,1.65,1.13
2011.02.09 09:02:04.789,0.99479,0.99503,4.65,1.13
2011.02.09 09:02:08.125,0.99479,0.99503,6.23,1.13
2011.02.09 09:02:11.558,0.99479,0.99503,1.65,1.13
2011.02.09 09:02:14.023,0.99479,0.99503,4.65,1.13
2011.02.09 09:02:27.969,0.99479,0.99502,3.15,1.50
2011.02.09 09:02:51.424,0.99479,0.99501,1.56,1.50
2011.02.09 09:02:53.639,0.99479,0.99503,3.75,1.88
2011.02.09 09:02:56.154,0.99477,0.99502,1.13,1.50
2011.02.09 09:02:56.829,0.99478,0.99503,1.50,1.88
2011.02.09 09:03:07.156,0.9948,0.99503,4.13,3.00
2011.02.09 09:03:07.484,0.99482,0.99505,1.13,1.50
2011.02.09 09:03:16.377,0.99482,0.99505,1.13,2.25
2011.02.09 09:03:17.614,0.99478,0.99501,3.60,2.25
2011.02.09 09:03:18.359,0.99478,0.99501,3.00,2.25
2011.02.09 09:03:18.667,0.99483,0.99505,1.13,5.25
2011.02.09 09:03:19.499,0.99483,0.99506,1.13,3.00
2011.02.09 09:03:20.442,0.99483,0.99506,1.13,2.25
2011.02.09 09:03:25.167,0.99483,0.99506,1.13,2.25
2011.02.09 09:03:26.112,0.99483,0.99506,1.13,2.25
2011.02.09 09:03:28.595,0.99483,0.99506,1.13,3.00
2011.02.09 09:03:29.154,0.99483,0.99506,1.13,3.00
2011.02.09 09:03:29.759,0.99483,0.99506,1.13,2.25
2011.02.09 09:03:30.673,0.99483,0.99506,1.13,2.25
2011.02.09 09:03:33.116,0.99483,0.99506,1.13,2.25
2011.02.09 09:03:33.454,0.99483,0.99506,1.13,2.25
2011.02.09 09:03:33.638,0.99483,0.99506,1.13,2.25
2011.02.09 09:03:35.258,0.99483,0.99506,1.13,2.25
2011.02.09 09:03:48.414,0.99479,0.99503,9.19,1.13
2011.02.09 09:03:49.423,0.99479,0.99503,4.50,1.13
2011.02.09 09:03:53.968,0.99479,0.99497,5.85,1.13
2011.02.09 09:03:54.706,0.99479,0.99497,1.32,1.13
2011.02.09 09:03:55.045,0.99479,0.99503,10.35,1.13
2011.02.09 09:03:58.385,0.99479,0.99496,4.50,2.25
2011.02.09 09:04:01.343,0.99479,0.99499,5.25,2.25
2011.02.09 09:04:11.739,0.99479,0.99498,5.25,1.13
2011.02.09 09:04:12.304,0.99479,0.99498,1.35,1.13
2011.02.09 09:04:32.465,0.99474,0.99498,3.00,1.13
2011.02.09 09:04:32.575,0.99474,0.99496,3.00,1.50
2011.02.09 09:04:32.907,0.99474,0.9949,1.50,2.63
2011.02.09 09:04:33.246,0.99468,0.9949,1.88,4.58
2011.02.09 09:04:34.158,0.99464,0.99487,1.50,1.50
2011.02.09 09:04:35.260,0.99462,0.99486,2.63,1.50
2011.02.09 09:04:36.068,0.99468,0.99487,1.50,3.00
2011.02.09 09:04:36.297,0.99472,0.99491,1.13,3.00
2011.02.09 09:04:37.315,0.99469,0.99491,2.25,7.05
2011.02.09 09:04:37.539,0.99467,0.9949,1.88,2.93
2011.02.09 09:04:38.690,0.99471,0.99492,1.13,1.50
2011.02.09 09:04:38.918,0.99472,0.99494,1.13,1.50
2011.02.09 09:04:39.751,0.9947,0.99493,3.00,1.13
2011.02.09 09:04:40.470,0.99467,0.9949,2.63,1.50
2011.02.09 09:04:42.435,0.99471,0.99492,1.50,1.50
2011.02.09 09:04:44.184,0.99483,0.99504,1.13,1.50
2011.02.09 09:04:45.015,0.99483,0.99504,1.13,1.50
2011.02.09 09:04:45.131,0.99483,0.99501,1.13,1.58
2011.02.09 09:04:45.247,0.99482,0.99502,1.13,1.58
2011.02.09 09:04:45.590,0.99479,0.995,5.25,1.80
2011.02.09 09:04:46.117,0.99477,0.995,1.88,1.80
2011.02.09 09:04:48.412,0.99479,0.995,3.19,1.05
2011.02.09 09:04:48.533,0.9948,0.99499,1.32,1.05
2011.02.09 09:04:49.082,0.99476,0.99499,4.13,1.50
2011.02.09 09:04:49.196,0.99476,0.99499,4.13,1.50
2011.02.09 09:04:50.135,0.99476,0.99497,3.00,1.88
2011.02.09 09:04:50.807,0.99473,0.99496,2.63,3.00
2011.02.09 09:05:10.411,0.99473,0.9949,2.63,1.13
2011.02.09 09:05:10.526,0.99473,0.9949,2.63,1.13
2011.02.09 09:05:11.677,0.99473,0.9949,2.63,1.13
2011.02.09 09:05:16.039,0.99473,0.99495,2.63,1.50
2011.02.09 09:05:26.015,0.99473,0.99495,1.13,1.50
2011.02.09 09:05:30.841,0.99473,0.99495,1.13,3.00
2011.02.09 09:05:52.581,0.99473,0.99495,1.13,1.58
2011.02.09 09:05:53.299,0.99473,0.99495,1.13,1.58
2011.02.09 09:05:55.778,0.9947,0.99488,2.25,1.13
2011.02.09 09:05:55.895,0.99468,0.99488,1.50,1.13
2011.02.09 09:05:56.489,0.99468,0.99488,1.13,1.13
2011.02.09 09:05:56.613,0.99469,0.99488,1.13,2.25
2011.02.09 09:05:59.321,0.99472,0.99494,1.13,1.50
2011.02.09 09:06:02.209,0.99472,0.99494,1.13,1.58
2011.02.09 09:06:03.414,0.99472,0.99494,1.13,1.50
2011.02.09 09:06:06.337,0.99472,0.99491,1.13,1.05
2011.02.09 09:06:07.259,0.99472,0.99494,1.13,1.58
2011.02.09 09:06:10.366,0.99472,0.99496,1.13,2.25
2011.02.09 09:06:15.170,0.99466,0.99487,1.50,1.13
2011.02.09 09:06:15.613,0.99463,0.99485,3.38,2.25
2011.02.09 09:06:26.468,0.99467,0.99485,1.13,3.00
2011.02.09 09:06:27.392,0.99466,0.9949,2.63,5.55
2011.02.09 09:06:48.021,0.99466,0.99487,1.88,4.50
2011.02.09 09:07:07.735,0.99465,0.99487,3.38,4.50
2011.02.09 09:07:26.414,0.99466,0.99486,1.88,4.50
2011.02.09 09:07:29.734,0.99464,0.99486,4.50,1.58
2011.02.09 09:07:30.478,0.99463,0.99485,2.63,1.58
2011.02.09 09:07:46.123,0.99466,0.99481,1.50,4.50
2011.02.09 09:07:46.769,0.99463,0.99481,2.63,4.50
2011.02.09 09:07:47.368,0.99463,0.99481,1.88,4.50
2011.02.09 09:07:47.971,0.99463,0.99481,2.63,4.50
2011.02.09 09:07:48.545,0.99463,0.99481,1.88,4.50
2011.02.09 09:07:53.533,0.99463,0.99477,2.63,3.75
2011.02.09 09:07:54.199,0.99463,0.99477,1.88,4.50
2011.02.09 09:07:56.004,0.99463,0.99477,1.88,4.50
2011.02.09 09:07:57.057,0.99463,0.99477,1.88,4.50
2011.02.09 09:07:57.611,0.99463,0.99477,1.88,4.50
2011.02.09 09:08:10.114,0.99463,0.99477,2.03,4.50
2011.02.09 09:08:11.171,0.99463,0.99477,1.95,4.50
2011.02.09 09:08:11.769,0.99463,0.99477,1.95,4.50
2011.02.09 09:08:14.884,0.99462,0.99477,1.88,4.50
2011.02.09 09:08:16.176,0.99462,0.99477,1.50,4.50
2011.02.09 09:08:16.403,0.9946,0.99476,1.50,4.50
2011.02.09 09:08:16.514,0.99457,0.99476,1.88,4.50
2011.02.09 09:08:18.280,0.99457,0.99476,1.13,4.50
2011.02.09 09:08:18.504,0.99456,0.99477,2.70,4.50
2011.02.09 09:08:19.254,0.99457,0.99477,1.20,4.50
2011.02.09 09:08:19.367,0.99457,0.99477,1.13,4.50
2011.02.09 09:08:20.087,0.99458,0.99477,2.25,4.50
2011.02.09 09:08:24.115,0.99457,0.99477,2.78,4.50
2011.02.09 09:08:24.837,0.99457,0.99477,2.85,4.50
2011.02.09 09:08:25.756,0.99457,0.99477,2.63,4.50
2011.02.09 09:08:26.806,0.99457,0.99477,2.63,4.50
2011.02.09 09:08:30.263,0.99457,0.99477,2.63,4.50
2011.02.09 09:08:37.747,0.99458,0.99477,1.05,3.00
2011.02.09 09:08:37.973,0.99458,0.99477,1.05,1.84
2011.02.09 09:08:38.614,0.99467,0.99488,1.13,1.50
2011.02.09 09:08:38.946,0.99467,0.99489,1.13,1.50
2011.02.09 09:08:43.393,0.99465,0.99488,2.25,1.13
2011.02.09 09:08:43.503,0.99464,0.99485,2.25,1.50
2011.02.09 09:08:43.723,0.99463,0.99483,1.50,1.13
2011.02.09 09:08:44.283,0.99463,0.99483,1.50,1.13
2011.02.09 09:08:45.331,0.99467,0.99491,1.88,1.88
2011.02.09 09:08:46.363,0.99467,0.99491,1.13,1.88
2011.02.09 09:08:47.015,0.99467,0.99491,1.13,1.50
2011.02.09 09:08:55.141,0.99464,0.99488,4.13,1.88
2011.02.09 09:08:55.914,0.99464,0.99488,1.50,1.13
2011.02.09 09:08:56.247,0.99462,0.99482,2.25,1.13
2011.02.09 09:08:56.924,0.99462,0.99483,2.25,1.13
2011.02.09 09:08:57.509,0.99461,0.99484,1.50,2.63
2011.02.09 09:08:57.982,0.99461,0.99484,1.50,1.88
2011.02.09 09:08:58.103,0.99463,0.99485,1.50,1.50
2011.02.09 09:08:58.653,0.99463,0.99486,1.50,1.50
2011.02.09 09:08:59.551,0.99463,0.99488,1.50,3.38
2011.02.09 09:09:04.402,0.99463,0.99488,1.50,3.38
2011.02.09 09:09:14.572,0.99468,0.99487,1.88,1.50
2011.02.09 09:09:16.269,0.99469,0.9949,2.63,1.50
2011.02.09 09:09:17.318,0.99469,0.99491,2.63,1.50
2011.02.09 09:09:20.886,0.99471,0.99492,1.50,1.88
2011.02.09 09:09:22.545,0.99471,0.99491,1.50,1.50
2011.02.09 09:09:23.366,0.9947,0.99491,1.50,2.25
2011.02.09 09:09:24.692,0.9947,0.99492,1.50,3.38
2011.02.09 09:09:27.017,0.9947,0.99491,1.50,1.50
2011.02.09 09:09:35.812,0.99469,0.9949,1.50,1.50
2011.02.09 09:09:36.541,0.99469,0.9949,1.50,1.50
2011.02.09 09:09:36.662,0.99462,0.9948,1.50,1.65
2011.02.09 09:09:39.666,0.99459,0.9948,2.25,1.65
2011.02.09 09:09:41.554,0.9946,0.99482,2.25,1.80
2011.02.09 09:09:42.168,0.9946,0.99483,2.25,1.88
2011.02.09 09:10:07.853,0.9946,0.99482,2.25,1.73
2011.02.09 09:10:08.291,0.9946,0.99481,2.25,1.50
2011.02.09 09:10:09.972,0.9946,0.99481,2.25,1.80
2011.02.09 09:10:10.853,0.9946,0.99481,2.25,1.80
2011.02.09 09:10:17.532,0.99459,0.99481,2.25,1.80
2011.02.09 09:10:17.934,0.99459,0.99481,2.25,1.50
2011.02.09 09:10:18.739,0.99459,0.99481,2.25,1.50
2011.02.09 09:10:31.980,0.9946,0.99477,1.50,1.13
2011.02.09 09:10:32.885,0.99455,0.99476,3.00,1.50
2011.02.09 09:10:49.503,0.99456,0.99475,2.25,1.50
2011.02.09 09:10:52.324,0.99456,0.99475,1.50,1.50
2011.02.09 09:11:36.639,0.99455,0.99475,2.25,1.58
2011.02.09 09:11:37.875,0.99455,0.99472,2.25,1.05
2011.02.09 09:11:38.685,0.99455,0.99472,2.25,1.05
2011.02.09 09:12:31.222,0.99454,0.99475,2.18,1.50
2011.02.09 09:12:47.677,0.99453,0.99475,5.85,1.50
2011.02.09 09:12:48.248,0.99453,0.99472,3.98,1.50
2011.02.09 09:12:48.475,0.99454,0.99473,2.55,1.13
2011.02.09 09:12:50.305,0.99453,0.99474,4.35,1.50
2011.02.09 09:12:51.299,0.99453,0.99473,3.98,1.88
2011.02.09 09:12:52.395,0.99454,0.99473,2.55,1.88
2011.02.09 09:12:53.876,0.99454,0.99471,1.80,1.69
2011.02.09 09:12:54.327,0.99453,0.99468,2.18,1.13
2011.02.09 09:12:54.664,0.99453,0.99469,2.18,2.25
2011.02.09 09:12:54.776,0.99453,0.99469,2.18,2.25
2011.02.09 09:12:55.453,0.99453,0.9947,2.18,1.50
2011.02.09 09:12:55.992,0.99453,0.99471,2.18,1.50
2011.02.09 09:13:00.534,0.99453,0.99473,2.18,1.13
2011.02.09 09:13:11.392,0.99453,0.99473,2.18,1.88
2011.02.09 09:13:17.703,0.99453,0.99475,2.18,2.25
2011.02.09 09:13:26.266,0.99457,0.99479,1.88,2.25
2011.02.09 09:13:27.000,0.99461,0.99479,1.50,2.25
2011.02.09 09:13:27.345,0.99459,0.99481,3.68,2.25
2011.02.09 09:13:43.341,0.99459,0.99483,1.95,2.63
2011.02.09 09:13:53.971,0.99461,0.99483,1.50,2.63
2011.02.09 09:13:55.105,0.99461,0.99483,1.50,2.63
2011.02.09 09:13:55.260,0.99461,0.99483,1.50,2.63
2011.02.09 09:13:55.812,0.99459,0.99483,2.18,2.63
2011.02.09 09:13:56.525,0.99461,0.99483,1.50,2.63
2011.02.09 09:14:01.592,0.99461,0.99483,1.50,2.63
2011.02.09 09:14:11.217,0.99463,0.99483,1.13,2.25
2011.02.09 09:14:12.161,0.99464,0.99486,1.50,1.50
2011.02.09 09:14:15.459,0.99463,0.99486,1.13,2.25
2011.02.09 09:14:16.642,0.99463,0.99486,1.13,2.25
2011.02.09 09:14:17.473,0.9946,0.99483,2.25,1.13
2011.02.09 09:14:21.636,0.99458,0.99482,5.63,1.13
2011.02.09 09:14:22.193,0.99463,0.99484,1.13,2.25
2011.02.09 09:14:22.305,0.99463,0.99484,1.13,1.50
2011.02.09 09:14:22.900,0.99468,0.9949,1.13,2.25
2011.02.09 09:14:23.014,0.99468,0.9949,1.13,2.25
2011.02.09 09:14:23.562,0.99468,0.99491,1.13,2.25
2011.02.09 09:14:24.460,0.99468,0.99492,1.13,2.03
2011.02.09 09:14:27.513,0.99468,0.99492,1.13,1.28
2011.02.09 09:14:39.139,0.99466,0.99488,1.58,1.13
2011.02.09 09:14:39.376,0.99476,0.99497,2.25,1.13
2011.02.09 09:14:46.631,0.99476,0.99491,2.25,1.50
2011.02.09 09:14:56.072,0.99473,0.99492,1.13,1.50
2011.02.09 09:15:06.237,0.99473,0.99492,1.13,2.40
2011.02.09 09:15:06.574,0.99471,0.9949,1.50,1.80
2011.02.09 09:15:07.202,0.99462,0.99488,1.88,1.88
2011.02.09 09:15:13.489,0.99462,0.99486,1.88,2.44
2011.02.09 09:15:13.815,0.99459,0.99483,1.43,1.13
2011.02.09 09:15:14.516,0.99459,0.99479,1.43,1.50
2011.02.09 09:15:15.073,0.99459,0.99479,1.43,1.50
2011.02.09 09:15:15.910,0.99459,0.99479,1.43,1.50
2011.02.09 09:15:17.325,0.99462,0.99479,1.13,1.50
2011.02.09 09:15:17.918,0.99462,0.99479,1.13,1.50
2011.02.09 09:15:18.256,0.99461,0.99479,1.50,1.50
2011.02.09 09:15:18.483,0.99461,0.99479,1.50,1.50
2011.02.09 09:15:20.808,0.9947,0.99491,2.63,1.80
2011.02.09 09:15:21.035,0.99472,0.99491,1.13,1.80
2011.02.09 09:15:28.015,0.99472,0.99492,1.13,2.33
2011.02.09 09:15:29.946,0.9947,0.99488,3.00,1.13
2011.02.09 09:15:30.067,0.9947,0.99488,2.25,1.13
2011.02.09 09:15:30.638,0.99458,0.99483,2.33,1.13
2011.02.09 09:15:30.863,0.99458,0.99481,1.50,2.25
2011.02.09 09:15:31.671,0.99457,0.99481,1.13,7.65
2011.02.09 09:15:34.508,0.99461,0.99481,1.88,5.40
2011.02.09 09:15:36.651,0.99461,0.9948,1.88,1.65
2011.02.09 09:15:37.169,0.99461,0.9948,1.88,1.65
2011.02.09 09:15:37.723,0.9946,0.99481,4.88,3.30
2011.02.09 09:15:38.630,0.99461,0.99481,1.88,1.50
2011.02.09 09:15:40.446,0.99462,0.99482,1.13,1.05
2011.02.09 09:15:42.913,0.99464,0.99483,1.32,2.25
2011.02.09 09:15:43.134,0.99465,0.99485,1.50,2.25
2011.02.09 09:15:43.869,0.99458,0.99482,1.50,1.13
2011.02.09 09:15:44.819,0.99458,0.99482,1.13,2.63
2011.02.09 09:15:46.089,0.9947,0.99486,2.25,1.13
2011.02.09 09:15:46.433,0.9947,0.9949,2.82,3.00
2011.02.09 09:15:47.246,0.9947,0.9949,2.82,3.00
2011.02.09 09:15:47.584,0.9947,0.99491,2.82,3.23
2011.02.09 09:15:50.752,0.9947,0.99491,2.82,3.23
2011.02.09 09:15:51.765,0.9947,0.99491,2.82,6.98
2011.02.09 09:15:52.671,0.99466,0.99491,2.63,6.98
2011.02.09 09:15:53.975,0.99465,0.99483,1.50,1.13
2011.02.09 09:15:54.608,0.99461,0.99483,1.50,1.28
2011.02.09 09:15:54.732,0.99457,0.99481,1.13,1.50
2011.02.09 09:15:55.985,0.99457,0.99482,1.13,2.25
2011.02.09 09:16:19.074,0.99463,0.99478,1.13,1.50
2011.02.09 09:16:19.184,0.99463,0.99478,1.13,1.50
2011.02.09 09:16:19.403,0.99463,0.99481,1.13,2.25
2011.02.09 09:16:22.209,0.99458,0.9948,1.13,2.25
2011.02.09 09:16:29.216,0.99462,0.9948,1.13,2.25
2011.02.09 09:16:29.892,0.99462,0.99482,1.32,2.25
2011.02.09 09:16:30.006,0.99468,0.99486,1.13,2.25
2011.02.09 09:16:30.650,0.99468,0.99485,1.13,1.50
2011.02.09 09:16:31.464,0.99468,0.99488,1.13,2.25
2011.02.09 09:16:32.754,0.99465,0.99488,3.00,2.63
2011.02.09 09:16:33.564,0.99462,0.99485,1.88,1.50
2011.02.09 09:16:38.934,0.99463,0.99485,4.50,2.25
2011.02.09 09:16:39.661,0.99462,0.99485,1.13,2.25
2011.02.09 09:16:40.925,0.99462,0.99485,1.88,2.25
2011.02.09 09:16:41.704,0.99462,0.99481,1.13,2.25
2011.02.09 09:16:46.913,0.99462,0.99479,1.13,1.50
2011.02.09 09:16:47.529,0.99462,0.9948,1.13,2.25
2011.02.09 09:16:48.681,0.99462,0.99471,1.13,2.44
2011.02.09 09:16:49.020,0.99454,0.99471,1.43,15.94
2011.02.09 09:16:49.247,0.99454,0.99463,1.43,1.50
2011.02.09 09:16:50.082,0.99454,0.99459,1.43,3.75
2011.02.09 09:16:50.633,0.99454,0.99458,1.43,3.75
2011.02.09 09:16:53.767,0.99453,0.99463,2.18,1.50
2011.02.09 09:16:55.015,0.99444,0.9946,2.63,1.50
2011.02.09 09:16:58.033,0.99444,0.99461,2.63,1.50
2011.02.09 09:16:58.148,0.99443,0.99459,2.63,1.50
2011.02.09 09:17:00.336,0.99443,0.99459,2.63,1.50
2011.02.09 09:17:00.942,0.99443,0.99459,2.63,1.50
2011.02.09 09:17:02.863,0.99443,0.99459,2.63,1.50
2011.02.09 09:17:06.951,0.99444,0.99459,2.63,1.50
2011.02.09 09:17:07.742,0.99444,0.99464,2.63,2.25
2011.02.09 09:17:15.093,0.99447,0.99467,1.13,2.25
2011.02.09 09:17:15.426,0.99449,0.99467,1.32,2.25
2011.02.09 09:17:19.295,0.99446,0.99468,1.50,2.63
2011.02.09 09:17:20.252,0.99446,0.99466,1.50,1.50
2011.02.09 09:17:20.693,0.99446,0.99466,1.50,1.50
2011.02.09 09:17:23.336,0.99446,0.99466,1.50,1.50
2011.02.09 09:17:28.011,0.99446,0.99466,1.50,1.50
2011.02.09 09:17:37.643,0.99447,0.99465,1.50,1.50
2011.02.09 09:17:47.535,0.99447,0.99465,1.50,1.50
2011.02.09 09:17:48.776,0.9945,0.99465,1.35,1.50
2011.02.09 09:17:49.337,0.99449,0.99468,2.25,1.50
2011.02.09 09:17:49.968,0.99448,0.99469,3.30,1.50
2011.02.09 09:17:51.654,0.9945,0.99469,1.35,1.50
2011.02.09 09:17:52.678,0.99453,0.99471,1.13,1.50
2011.02.09 09:17:56.476,0.99453,0.99471,1.13,1.50
2011.02.09 09:17:57.154,0.99451,0.99471,1.50,2.25
2011.02.09 09:17:57.307,0.99449,0.99471,1.88,1.50
2011.02.09 09:17:59.738,0.99453,0.99471,1.13,1.50
2011.02.09 09:17:59.968,0.99453,0.99471,1.13,1.50
2011.02.09 09:18:05.084,0.99459,0.99471,1.20,1.50
2011.02.09 09:18:05.662,0.99458,0.99477,3.08,1.50
2011.02.09 09:18:06.510,0.99458,0.99477,3.30,1.50
2011.02.09 09:18:07.581,0.99459,0.99477,2.25,1.50
2011.02.09 09:18:07.913,0.99459,0.99477,2.93,1.50
2011.02.09 09:18:13.186,0.99459,0.99477,2.25,1.50
2011.02.09 09:18:13.868,0.99459,0.99477,2.25,1.50
2011.02.09 09:18:13.983,0.99459,0.99477,1.50,1.50
2011.02.09 09:18:15.620,0.99458,0.99477,1.05,1.50
2011.02.09 09:18:16.400,0.99458,0.99477,1.05,2.25
2011.02.09 09:18:19.472,0.99458,0.99477,1.05,2.25
2011.02.09 09:18:20.475,0.99452,0.99475,1.13,1.50
2011.02.09 09:18:25.115,0.99458,0.99475,1.80,1.50
2011.02.09 09:18:25.223,0.99458,0.99478,1.05,1.50
2011.02.09 09:18:25.553,0.99459,0.99478,1.28,1.50
2011.02.09 09:18:26.157,0.99459,0.99479,1.28,1.50
2011.02.09 09:18:32.612,0.99459,0.99479,1.05,2.25
2011.02.09 09:18:33.315,0.99459,0.99479,1.05,2.25
2011.02.09 09:18:41.415,0.99455,0.99472,1.50,1.13
2011.02.09 09:18:41.525,0.99454,0.99471,2.25,1.50
2011.02.09 09:18:42.074,0.99448,0.9947,1.13,2.25
2011.02.09 09:18:43.704,0.99448,0.9947,1.13,2.25
2011.02.09 09:18:44.730,0.99448,0.9947,1.13,1.50
2011.02.09 09:18:44.859,0.99448,0.9947,1.13,2.25
2011.02.09 09:18:50.225,0.99448,0.9947,1.13,3.75
2011.02.09 09:18:54.882,0.99448,0.9947,1.13,4.65
2011.02.09 09:18:55.677,0.99448,0.99469,1.13,1.50
2011.02.09 09:19:04.114,0.99448,0.99469,1.13,3.00
2011.02.09 09:19:08.948,0.99448,0.99471,1.20,2.25
2011.02.09 09:19:23.003,0.99448,0.9947,3.23,1.50
2011.02.09 09:19:24.293,0.99449,0.9947,3.00,1.50
2011.02.09 09:19:26.444,0.99449,0.9947,1.50,1.50
2011.02.09 09:19:28.125,0.99448,0.99471,1.20,2.25
2011.02.09 09:19:34.891,0.99449,0.99473,4.54,2.63
2011.02.09 09:19:35.713,0.99449,0.9947,1.35,1.50
2011.02.09 09:19:38.007,0.99453,0.99473,1.13,1.50
2011.02.09 09:19:38.810,0.99453,0.99473,1.13,1.50
2011.02.09 09:19:39.026,0.99451,0.99472,1.50,1.13
2011.02.09 09:19:39.727,0.99449,0.99473,2.10,1.13
2011.02.09 09:19:39.854,0.99449,0.99471,1.50,2.44
2011.02.09 09:19:40.183,0.99446,0.99469,1.50,1.32
2011.02.09 09:19:40.878,0.99446,0.99468,1.50,2.63
2011.02.09 09:19:41.436,0.99447,0.99468,1.20,1.50
2011.02.09 09:19:42.031,0.9945,0.99468,1.35,1.50
2011.02.09 09:19:42.827,0.9945,0.99468,1.35,1.50
2011.02.09 09:19:53.650,0.99447,0.99468,1.13,1.50
2011.02.09 09:19:53.762,0.99447,0.99468,1.13,2.25
2011.02.09 09:19:56.226,0.99446,0.99468,1.50,1.88
2011.02.09 09:19:57.005,0.99446,0.99467,1.50,1.50
2011.02.09 09:19:59.144,0.99448,0.99467,1.13,1.50
2011.02.09 09:19:59.955,0.99448,0.99467,1.13,1.50
2011.02.09 09:20:00.502,0.99448,0.99468,1.13,2.25
2011.02.09 09:20:04.842,0.99448,0.99467,1.13,1.50
2011.02.09 09:20:05.414,0.99448,0.99466,1.13,1.50
2011.02.09 09:20:08.572,0.99449,0.99466,1.80,1.50
2011.02.09 09:20:11.975,0.99448,0.99466,1.28,1.50
2011.02.09 09:20:15.195,0.99449,0.99466,1.35,1.50
2011.02.09 09:20:15.870,0.99449,0.99466,1.35,1.50
2011.02.09 09:20:22.714,0.9945,0.99467,1.35,1.50
2011.02.09 09:20:34.880,0.99449,0.99468,1.35,1.50
2011.02.09 09:20:37.169,0.99449,0.99468,1.35,1.50
2011.02.09 09:20:45.696,0.99449,0.99468,2.85,1.50
2011.02.09 09:20:49.812,0.9945,0.99467,1.35,1.50
2011.02.09 09:20:55.394,0.9945,0.99467,1.35,1.50
2011.02.09 09:20:55.943,0.9945,0.99467,1.35,1.50
2011.02.09 09:20:56.474,0.9945,0.99467,1.35,1.50
2011.02.09 09:20:56.696,0.9945,0.99467,1.35,1.50
2011.02.09 09:20:58.085,0.99448,0.99467,1.88,1.50
2011.02.09 09:20:58.847,0.99448,0.99467,1.88,1.50
2011.02.09 09:20:59.723,0.99449,0.99467,1.58,1.50
2011.02.09 09:21:10.232,0.99449,0.99468,2.78,1.50
2011.02.09 09:21:13.294,0.99449,0.99467,2.03,1.50
2011.02.09 09:21:14.715,0.99449,0.99467,2.78,1.50
2011.02.09 09:21:16.264,0.99449,0.99467,1.50,1.50
2011.02.09 09:21:16.813,0.99449,0.99467,2.25,1.50
2011.02.09 09:21:22.023,0.99449,0.99467,1.50,1.50
2011.02.09 09:21:23.432,0.99449,0.99467,1.50,1.50
2011.02.09 09:21:28.252,0.99449,0.99468,1.73,1.50
2011.02.09 09:21:30.914,0.99449,0.99467,1.73,1.13
2011.02.09 09:21:31.646,0.99447,0.99467,1.35,1.50
2011.02.09 09:21:31.773,0.99449,0.99467,1.50,1.50
2011.02.09 09:21:33.208,0.99449,0.99467,1.73,1.50
2011.02.09 09:21:50.633,0.99449,0.99467,2.10,1.50
2011.02.09 09:22:00.145,0.9945,0.99467,1.35,1.88
2011.02.09 09:22:00.476,0.99452,0.99467,1.13,1.50
2011.02.09 09:22:00.587,0.99452,0.99472,1.88,1.50
2011.02.09 09:22:00.708,0.99452,0.99472,1.50,1.13
2011.02.09 09:22:01.429,0.99449,0.99469,1.73,1.50
2011.02.09 09:22:02.860,0.99449,0.99469,1.50,1.50
2011.02.09 09:22:03.904,0.99449,0.99468,1.50,1.13
2011.02.09 09:22:04.235,0.99443,0.99463,1.73,1.50
2011.02.09 09:22:04.565,0.99443,0.99463,1.73,1.50
2011.02.09 09:22:25.024,0.99443,0.99463,1.73,1.50
2011.02.09 09:22:28.187,0.99448,0.99463,2.93,1.50
2011.02.09 09:22:28.302,0.99448,0.99463,2.93,1.50
2011.02.09 09:22:28.527,0.99449,0.99467,1.35,1.50
2011.02.09 09:22:29.162,0.9945,0.99467,1.35,1.50
2011.02.09 09:22:35.927,0.9945,0.99467,1.35,1.50
2011.02.09 09:22:36.636,0.9945,0.99467,1.35,1.50
2011.02.09 09:22:53.742,0.9945,0.99467,1.35,1.50
2011.02.09 09:22:53.967,0.9945,0.99467,1.35,1.50
2011.02.09 09:22:55.102,0.9945,0.99467,1.35,1.50
2011.02.09 09:22:55.620,0.99456,0.99473,2.25,2.63
2011.02.09 09:22:55.741,0.99456,0.99473,2.25,1.50
2011.02.09 09:22:57.896,0.99456,0.99473,2.25,1.13
2011.02.09 09:22:58.553,0.99451,0.99471,1.50,1.50
2011.02.09 09:23:03.336,0.99456,0.99474,2.40,2.25
2011.02.09 09:23:04.349,0.99456,0.99472,2.40,1.13
2011.02.09 09:23:04.685,0.99459,0.99473,1.13,1.50
2011.02.09 09:23:05.300,0.99459,0.99474,1.13,1.50
2011.02.09 09:23:08.653,0.99459,0.99474,1.13,1.50
2011.02.09 09:23:08.771,0.99452,0.99473,1.65,1.13
2011.02.09 09:23:09.580,0.99452,0.99471,1.50,1.50
2011.02.09 09:23:16.337,0.9945,0.99471,1.50,2.25
2011.02.09 09:23:16.763,0.99449,0.99471,1.65,2.25
2011.02.09 09:23:37.424,0.99448,0.9947,1.50,1.50
2011.02.09 09:23:38.360,0.99448,0.9947,1.50,2.25
2011.02.09 09:23:38.583,0.99448,0.99467,1.50,1.13
2011.02.09 09:23:38.915,0.99446,0.99467,2.25,1.13
2011.02.09 09:23:39.621,0.99449,0.99468,1.13,1.50
2011.02.09 09:23:42.038,0.99448,0.99468,1.88,1.50
2011.02.09 09:23:47.712,0.99448,0.99468,1.13,1.50
2011.02.09 09:23:51.548,0.99448,0.99468,1.43,1.50
2011.02.09 09:23:54.602,0.99449,0.99468,1.05,1.50
2011.02.09 09:23:55.901,0.99449,0.99468,1.28,1.50
2011.02.09 09:23:56.788,0.9945,0.99468,1.35,1.50
2011.02.09 09:23:57.122,0.9945,0.99468,1.35,1.50
2011.02.09 09:23:58.794,0.99449,0.99467,2.10,1.50
2011.02.09 09:24:00.504,0.99449,0.99467,2.85,1.50
2011.02.09 09:24:01.230,0.99449,0.99464,1.50,1.50
2011.02.09 09:24:01.782,0.99448,0.99464,1.05,1.50
2011.02.09 09:24:02.384,0.99444,0.99464,1.58,1.50
2011.02.09 09:24:04.700,0.99443,0.99464,4.13,1.50
2011.02.09 09:24:11.957,0.99444,0.99464,3.27,1.50
2011.02.09 09:24:12.183,0.99448,0.99466,1.05,1.50
2011.02.09 09:24:12.402,0.99449,0.99466,3.08,1.50
2011.02.09 09:24:12.980,0.99447,0.99466,1.88,1.50
2011.02.09 09:24:15.147,0.99447,0.99466,1.50,1.88
2011.02.09 09:24:15.268,0.99445,0.9946,1.50,1.32
2011.02.09 09:24:15.943,0.99443,0.99461,2.63,5.07
2011.02.09 09:24:15.991,0.99443,0.99454,2.63,1.50
2011.02.09 09:24:17.582,0.99443,0.99454,2.63,1.50
2011.02.09 09:24:20.991,0.99433,0.99447,3.75,1.13
2011.02.09 09:24:21.105,0.99434,0.99447,3.75,1.13
2011.02.09 09:24:21.917,0.99433,0.99453,4.50,1.13
2011.02.09 09:24:22.034,0.99433,0.99447,4.50,1.50
2011.02.09 09:24:23.612,0.99434,0.99447,2.63,1.50
2011.02.09 09:24:24.121,0.99434,0.99454,2.63,2.07
2011.02.09 09:24:24.242,0.99438,0.99454,1.65,1.50
2011.02.09 09:24:26.592,0.99439,0.99455,1.50,1.50
2011.02.09 09:24:27.622,0.99438,0.99455,1.65,2.25
2011.02.09 09:24:29.202,0.99438,0.99455,1.65,2.25
2011.02.09 09:24:30.363,0.99438,0.99455,1.65,2.25
2011.02.09 09:24:31.414,0.99434,0.99455,4.50,2.63
2011.02.09 09:24:32.021,0.99433,0.99455,4.50,4.32
2011.02.09 09:24:32.353,0.99434,0.99451,2.63,1.50
2011.02.09 09:24:35.935,0.99433,0.99451,4.50,1.50
2011.02.09 09:24:38.342,0.99434,0.99451,2.63,1.50
2011.02.09 09:24:39.014,0.99434,0.99451,4.50,1.50
2011.02.09 09:24:39.940,0.99434,0.9945,4.50,1.50
2011.02.09 09:24:40.505,0.99434,0.9945,2.63,1.50
2011.02.09 09:24:41.260,0.99434,0.99451,4.50,1.50
2011.02.09 09:24:42.086,0.99434,0.99451,2.63,1.50
2011.02.09 09:24:43.222,0.99434,0.99448,1.13,1.13
2011.02.09 09:24:43.336,0.99433,0.99445,1.62,1.50
2011.02.09 09:24:44.058,0.99431,0.99444,1.62,1.88
2011.02.09 09:24:44.928,0.99433,0.99442,1.62,1.50
2011.02.09 09:24:45.053,0.99434,0.99448,1.62,1.50
2011.02.09 09:24:45.277,0.99433,0.99448,1.13,1.50
2011.02.09 09:24:49.179,0.99433,0.99455,1.35,3.00
2011.02.09 09:24:49.849,0.99428,0.99452,2.78,2.25
2011.02.09 09:25:00.701,0.99429,0.99453,1.73,3.38
2011.02.09 09:25:01.976,0.99432,0.99453,1.35,2.25
2011.02.09 09:25:02.580,0.99432,0.99455,2.10,3.75
2011.02.09 09:25:06.435,0.99432,0.99454,1.73,1.13
2011.02.09 09:25:06.554,0.99431,0.99453,1.73,1.13
2011.02.09 09:25:07.565,0.99431,0.9945,1.73,1.50
2011.02.09 09:25:08.918,0.9943,0.9945,1.92,1.50
2011.02.09 09:25:09.144,0.99432,0.99456,1.35,1.50
2011.02.09 09:25:09.474,0.99438,0.99457,1.13,1.50
2011.02.09 09:25:11.559,0.99438,0.99457,2.33,1.50
2011.02.09 09:25:12.095,0.99439,0.99457,2.25,1.50
2011.02.09 09:25:12.807,0.99439,0.99457,1.50,1.50
2011.02.09 09:25:16.087,0.9944,0.99459,1.50,1.50
2011.02.09 09:25:16.204,0.9944,0.99465,1.69,1.50
2011.02.09 09:25:16.755,0.9944,0.99465,2.44,2.25
2011.02.09 09:25:18.398,0.99441,0.99465,2.25,2.25
2011.02.09 09:25:38.343,0.99444,0.99463,1.50,1.50
2011.02.09 09:25:38.673,0.9945,0.99472,3.19,1.50
2011.02.09 09:25:38.893,0.9945,0.99472,4.54,2.25
2011.02.09 09:25:40.423,0.99453,0.99472,1.13,1.50
2011.02.09 09:25:40.538,0.99457,0.99477,1.50,1.50
2011.02.09 09:25:40.769,0.99455,0.99477,2.25,3.00
2011.02.09 09:25:41.353,0.99451,0.99472,2.25,2.25
2011.02.09 09:25:42.694,0.99455,0.99473,3.00,1.50
2011.02.09 09:25:42.804,0.99456,0.99477,2.25,1.50
2011.02.09 09:25:42.914,0.99455,0.99477,3.00,2.25
2011.02.09 09:25:44.934,0.99455,0.99472,3.00,1.50
2011.02.09 09:25:45.042,0.99455,0.99478,3.19,3.00
2011.02.09 09:25:52.437,0.99457,0.99478,1.50,2.25
2011.02.09 09:25:54.188,0.99452,0.99472,1.50,1.50
2011.02.09 09:26:00.756,0.99456,0.99472,1.50,1.50
2011.02.09 09:26:01.370,0.99456,0.99477,1.50,2.25
2011.02.09 09:26:12.253,0.99453,0.99477,2.14,2.25
2011.02.09 09:26:14.184,0.99454,0.9947,1.39,1.50
2011.02.09 09:26:20.742,0.99454,0.9947,1.39,1.50
2011.02.09 09:26:20.852,0.99454,0.9947,1.39,1.50
2011.02.09 09:26:25.462,0.99457,0.99477,1.50,1.69
2011.02.09 09:26:25.573,0.99457,0.99478,1.50,2.63
2011.02.09 09:26:28.214,0.99453,0.99477,2.14,2.25
2011.02.09 09:26:30.423,0.99456,0.99473,2.25,1.50
2011.02.09 09:26:30.532,0.99457,0.99478,1.50,2.25
2011.02.09 09:26:40.812,0.99455,0.99478,3.00,2.25
2011.02.09 09:26:41.812,0.99453,0.99471,2.14,1.50
2011.02.09 09:26:45.272,0.99456,0.99471,2.25,1.50
2011.02.09 09:26:45.383,0.99456,0.99477,2.25,1.50
2011.02.09 09:26:46.170,0.99456,0.99478,2.25,2.25
2011.02.09 09:26:47.715,0.99458,0.99477,1.32,1.50
2011.02.09 09:26:47.833,0.99459,0.99481,3.19,2.40
2011.02.09 09:26:48.056,0.99456,0.9948,3.00,1.05
2011.02.09 09:26:48.674,0.99456,0.9948,2.25,1.05
2011.02.09 09:26:48.789,0.99456,0.99479,2.25,3.00
2011.02.09 09:26:49.705,0.99453,0.99476,2.14,2.25
2011.02.09 09:26:51.157,0.99453,0.99475,1.39,2.25
2011.02.09 09:26:52.066,0.99456,0.99478,2.25,2.25
2011.02.09 09:27:11.836,0.99456,0.99477,2.25,2.25
2011.02.09 09:27:13.164,0.99468,0.99477,1.69,2.25
2011.02.09 09:27:13.382,0.99469,0.99487,2.82,1.13
2011.02.09 09:27:13.494,0.99473,0.99492,1.14,2.40
2011.02.09 09:27:14.031,0.99469,0.99492,4.32,3.15
2011.02.09 09:27:14.151,0.99465,0.99491,4.50,1.65
2011.02.09 09:27:14.485,0.99466,0.99489,2.25,1.50
2011.02.09 09:27:15.210,0.99466,0.99489,2.25,1.50
2011.02.09 09:27:15.327,0.99466,0.99489,2.25,2.25
2011.02.09 09:27:23.151,0.99471,0.99492,1.50,2.40
2011.02.09 09:27:38.434,0.99469,0.99492,6.04,2.25
2011.02.09 09:27:38.654,0.99466,0.99491,2.40,1.05
2011.02.09 09:27:39.332,0.99466,0.99489,2.25,2.25
2011.02.09 09:27:46.643,0.9947,0.99489,3.00,1.50
2011.02.09 09:27:46.755,0.9947,0.99491,3.00,1.50
2011.02.09 09:27:47.699,0.9947,0.99493,3.00,2.25
2011.02.09 09:27:57.795,0.9947,0.99493,3.00,2.25
2011.02.09 09:27:57.914,0.9947,0.99493,3.00,2.25
2011.02.09 09:27:58.132,0.99465,0.9949,2.25,1.20
2011.02.09 09:27:59.384,0.99465,0.9949,2.25,2.70
2011.02.09 09:28:05.671,0.99465,0.9949,1.50,4.13
2011.02.09 09:28:06.006,0.99464,0.99484,1.50,2.33
2011.02.09 09:28:06.126,0.99456,0.99481,3.75,1.80
2011.02.09 09:28:06.806,0.99454,0.99477,2.25,1.50
2011.02.09 09:28:09.224,0.99457,0.99479,2.25,1.50
2011.02.09 09:28:10.768,0.99457,0.99476,1.50,1.50
2011.02.09 09:28:11.801,0.99455,0.99476,1.69,1.50
2011.02.09 09:28:11.915,0.99456,0.99478,1.69,1.50
2011.02.09 09:28:12.034,0.99459,0.99481,3.19,2.25
2011.02.09 09:28:12.146,0.99461,0.99484,1.69,3.75
2011.02.09 09:28:12.484,0.99464,0.99487,3.19,2.25
2011.02.09 09:28:12.815,0.99464,0.99489,3.19,2.25
2011.02.09 09:28:14.548,0.99464,0.99489,3.19,1.50
2011.02.09 09:28:15.102,0.99464,0.99489,3.19,1.50
2011.02.09 09:28:15.959,0.99465,0.99489,2.44,1.50
2011.02.09 09:28:16.076,0.99464,0.99489,3.19,1.50
2011.02.09 09:28:17.082,0.99464,0.99489,3.19,2.25
2011.02.09 09:28:17.734,0.99464,0.99489,3.19,2.25
2011.02.09 09:28:20.023,0.99464,0.99489,3.19,2.25
2011.02.09 09:28:20.136,0.99464,0.99489,3.19,2.25
2011.02.09 09:28:20.805,0.99464,0.99489,3.19,2.25
2011.02.09 09:28:21.143,0.99464,0.99489,3.19,2.25
2011.02.09 09:28:21.473,0.99464,0.99489,3.19,1.50
2011.02.09 09:28:22.178,0.99464,0.99489,3.19,1.50
2011.02.09 09:28:23.312,0.99462,0.99486,2.25,1.50
2011.02.09 09:28:23.643,0.99466,0.99488,1.50,2.25
2011.02.09 09:28:39.824,0.99465,0.99489,4.50,1.50
2011.02.09 09:28:40.670,0.99465,0.99489,3.00,1.50
2011.02.09 09:28:43.322,0.99465,0.99489,3.00,1.50
2011.02.09 09:28:51.113,0.99465,0.99489,3.00,1.50
2011.02.09 09:29:12.879,0.99469,0.9949,3.19,1.50
2011.02.09 09:29:13.545,0.99469,0.99493,3.19,1.50
2011.02.09 09:29:26.154,0.99469,0.99493,3.15,1.50
2011.02.09 09:29:26.869,0.99469,0.99493,3.15,1.50
2011.02.09 09:29:29.221,0.99474,0.99491,3.00,1.50
2011.02.09 09:29:29.446,0.99474,0.99494,3.00,1.50
2011.02.09 09:29:30.058,0.99474,0.99494,3.00,2.25
2011.02.09 09:29:32.364,0.99472,0.99494,1.50,2.25
2011.02.09 09:29:32.478,0.99472,0.99494,2.25,2.25
2011.02.09 09:29:32.815,0.99466,0.99491,3.00,1.50
2011.02.09 09:29:35.561,0.99471,0.99491,1.13,1.50
2011.02.09 09:29:35.682,0.99474,0.99495,3.00,2.25
2011.02.09 09:29:39.246,0.99479,0.99497,3.00,7.50
2011.02.09 09:29:39.475,0.99478,0.99497,4.50,7.50
2011.02.09 09:29:40.161,0.99472,0.99491,1.50,1.50
2011.02.09 09:29:47.146,0.9947,0.99491,2.25,1.50
2011.02.09 09:29:47.784,0.99469,0.99491,2.25,1.50
2011.02.09 09:29:50.816,0.99474,0.99496,2.25,4.13
2011.02.09 09:29:53.504,0.99474,0.99496,3.00,4.13
2011.02.09 09:29:56.031,0.99472,0.99495,2.25,2.25
2011.02.09 09:29:56.622,0.99472,0.99495,2.25,2.25
2011.02.09 09:29:57.600,0.99475,0.99496,3.00,4.13
2011.02.09 09:29:57.712,0.99475,0.99496,2.25,7.50
2011.02.09 09:29:58.044,0.99478,0.99497,4.88,7.50
2011.02.09 09:29:58.602,0.9948,0.99497,2.25,7.50
2011.02.09 09:29:58.717,0.9948,0.99496,2.25,7.50
2011.02.09 09:29:59.273,0.9948,0.99496,2.25,4.13
2011.02.09 09:30:00.081,0.9948,0.99496,2.25,4.13
2011.02.09 09:30:02.460,0.99473,0.99495,2.25,2.25
2011.02.09 09:30:09.473,0.99477,0.99495,1.50,2.25
2011.02.09 09:30:15.653,0.9947,0.99495,3.00,3.00
2011.02.09 09:30:22.260,0.99468,0.99494,3.00,2.40
2011.02.09 09:30:22.594,0.99466,0.99489,2.25,1.50
2011.02.09 09:30:23.389,0.99466,0.99489,1.50,1.50
2011.02.09 09:30:24.106,0.99466,0.99484,2.25,2.25
2011.02.09 09:30:25.323,0.99469,0.99494,4.50,3.00
2011.02.09 09:30:33.215,0.99469,0.99494,5.25,3.00
2011.02.09 09:30:39.727,0.99474,0.99494,3.00,3.08
2011.02.09 09:30:39.848,0.99474,0.99495,3.00,2.25
2011.02.09 09:30:40.562,0.99474,0.99495,3.00,2.25
2011.02.09 09:30:41.665,0.99474,0.99495,2.25,2.25
2011.02.09 09:30:41.896,0.99469,0.99492,1.50,1.50
2011.02.09 09:30:44.495,0.99467,0.9949,1.13,1.50
2011.02.09 09:30:45.140,0.99469,0.99493,5.25,2.25
2011.02.09 09:30:50.461,0.99474,0.99494,1.17,2.25
2011.02.09 09:31:10.200,0.99465,0.9949,2.25,1.50
2011.02.09 09:31:11.134,0.99465,0.9949,2.25,3.15
2011.02.09 09:31:12.385,0.99468,0.9949,4.50,3.15
2011.02.09 09:31:17.945,0.99486,0.99496,1.50,7.88
2011.02.09 09:31:18.277,0.9948,0.99496,2.25,4.13
2011.02.09 09:31:21.766,0.9948,0.99496,2.25,7.88
2011.02.09 09:31:21.894,0.99476,0.99496,1.50,7.88
2011.02.09 09:31:22.716,0.99476,0.99495,2.25,2.25
2011.02.09 09:31:28.204,0.99479,0.99495,2.44,2.25
2011.02.09 09:31:28.912,0.99486,0.99496,1.50,4.13
2011.02.09 09:31:31.908,0.99479,0.99494,4.50,2.25
2011.02.09 09:31:32.032,0.99471,0.99494,1.50,3.00
2011.02.09 09:31:37.333,0.99475,0.99496,1.69,4.13
2011.02.09 09:31:37.444,0.9948,0.99496,3.19,7.88
2011.02.09 09:31:38.379,0.9948,0.99496,3.19,7.88
2011.02.09 09:31:38.944,0.9948,0.99496,3.19,4.13
2011.02.09 09:31:40.035,0.99479,0.99496,3.00,7.88
2011.02.09 09:31:40.540,0.99473,0.99496,2.40,4.50
2011.02.09 09:31:40.662,0.99473,0.99495,2.25,2.25
2011.02.09 09:32:07.338,0.9948,0.99496,2.25,4.50
2011.02.09 09:32:07.454,0.99475,0.99496,1.13,4.50
2011.02.09 09:32:10.573,0.99473,0.99494,2.25,1.50
2011.02.09 09:32:11.724,0.99478,0.99497,1.13,7.88
2011.02.09 09:32:13.495,0.99479,0.99494,5.25,1.50
2011.02.09 09:32:14.102,0.99472,0.99492,2.25,1.50
2011.02.09 09:32:29.581,0.99472,0.99495,2.25,3.00
2011.02.09 09:32:30.235,0.99472,0.99495,2.25,3.00
2011.02.09 09:32:30.906,0.99472,0.99495,2.25,3.00
2011.02.09 09:32:33.451,0.99472,0.99495,2.25,3.08
2011.02.09 09:32:38.195,0.99476,0.99495,1.50,3.08
2011.02.09 09:32:38.950,0.99476,0.99495,1.50,3.08
2011.02.09 09:32:39.392,0.99476,0.99495,1.50,3.08
2011.02.09 09:32:39.917,0.99476,0.99495,1.50,3.08
2011.02.09 09:32:40.581,0.99476,0.99495,1.50,3.08
2011.02.09 09:32:41.430,0.99476,0.99495,1.50,3.08
2011.02.09 09:32:42.123,0.99476,0.99495,1.50,3.08
2011.02.09 09:32:42.816,0.99476,0.99495,1.50,3.08
2011.02.09 09:33:03.503,0.99476,0.99494,1.50,2.25
2011.02.09 09:33:07.205,0.99475,0.99494,2.33,2.25
2011.02.09 09:33:08.599,0.99475,0.99494,2.40,2.25
2011.02.09 09:33:12.708,0.99475,0.99494,2.25,2.25
2011.02.09 09:34:00.103,0.99472,0.99495,3.38,1.50
2011.02.09 09:34:00.773,0.99472,0.99495,3.38,1.50
2011.02.09 09:34:01.003,0.99472,0.99495,3.38,1.50
2011.02.09 09:34:01.707,0.99472,0.99495,2.63,4.50
2011.02.09 09:34:26.686,0.99472,0.99495,2.63,3.00
2011.02.09 09:34:34.742,0.99476,0.99495,1.50,2.25
2011.02.09 09:34:35.462,0.99476,0.99496,1.88,4.50
2011.02.09 09:34:36.811,0.99477,0.99496,1.13,2.31
2011.02.09 09:34:37.811,0.99476,0.99497,3.45,5.69
2011.02.09 09:34:41.926,0.99481,0.99496,1.13,5.69
2011.02.09 09:34:42.721,0.9948,0.99496,2.25,5.61
2011.02.09 09:34:42.949,0.99475,0.99496,1.50,5.61
2011.02.09 09:34:43.656,0.99477,0.99496,1.13,5.61
2011.02.09 09:34:44.786,0.99477,0.99496,1.13,5.61
2011.02.09 09:34:45.343,0.99476,0.99497,2.63,5.61
2011.02.09 09:34:46.238,0.9948,0.99496,1.13,2.24
2011.02.09 09:34:47.188,0.99476,0.99497,1.88,5.61
2011.02.09 09:34:47.978,0.99474,0.99495,2.25,1.50
2011.02.09 09:34:51.898,0.99474,0.99495,2.33,1.50
2011.02.09 09:34:52.015,0.99474,0.99495,2.33,1.50
2011.02.09 09:34:52.232,0.99474,0.99495,2.33,1.50
2011.02.09 09:34:53.385,0.99474,0.99492,2.25,1.13
2011.02.09 09:34:53.496,0.99474,0.99489,1.50,1.50
2011.02.09 09:34:53.728,0.9947,0.99488,1.50,1.50
2011.02.09 09:34:56.378,0.99473,0.99492,2.63,1.50
2011.02.09 09:35:46.233,0.99474,0.99494,1.50,1.50
2011.02.09 09:35:47.596,0.99474,0.99494,1.50,1.50
2011.02.09 09:35:47.817,0.99474,0.99494,1.50,1.50
2011.02.09 09:35:48.478,0.99474,0.99494,1.50,1.50
2011.02.09 09:35:54.254,0.99474,0.99495,1.50,1.50
2011.02.09 09:36:15.261,0.99474,0.99493,1.50,1.50
2011.02.09 09:36:26.914,0.99476,0.99497,1.20,5.61
2011.02.09 09:36:32.184,0.99476,0.99497,1.50,6.74
2011.02.09 09:36:59.597,0.99473,0.99493,3.00,1.50
2011.02.09 09:37:01.657,0.99471,0.99488,2.25,1.50
2011.02.09 09:37:01.996,0.99471,0.99489,1.50,3.00
2011.02.09 09:37:02.114,0.99468,0.99487,1.50,1.13
2011.02.09 09:37:02.816,0.99463,0.99484,3.38,1.50
2011.02.09 09:37:05.960,0.99461,0.99483,1.50,1.13
2011.02.09 09:37:06.186,0.99459,0.99479,2.25,1.50
2011.02.09 09:37:07.004,0.99463,0.99481,1.88,1.50
2011.02.09 09:37:07.435,0.99466,0.99482,1.13,1.50
2011.02.09 09:37:07.654,0.99466,0.99482,1.13,1.50
2011.02.09 09:37:09.614,0.9947,0.9949,5.82,3.08
2011.02.09 09:37:09.946,0.9947,0.99488,1.50,1.50
2011.02.09 09:37:10.784,0.99469,0.99488,1.50,1.50
2011.02.09 09:37:14.295,0.99469,0.99487,1.50,1.13
2011.02.09 09:37:16.665,0.99469,0.99486,1.50,1.13
2011.02.09 09:37:16.993,0.99469,0.9948,1.50,1.13
2011.02.09 09:37:20.246,0.99467,0.99488,2.63,1.50
2011.02.09 09:37:20.364,0.99467,0.99488,1.88,1.50
2011.02.09 09:37:21.234,0.99465,0.99487,2.82,1.50
2011.02.09 09:37:29.198,0.99471,0.99487,1.88,1.50
2011.02.09 09:37:29.546,0.99472,0.99488,1.50,1.50
2011.02.09 09:37:30.390,0.99469,0.99488,1.50,3.00
2011.02.09 09:37:31.217,0.99468,0.99488,1.88,3.00
2011.02.09 09:37:44.527,0.99468,0.99488,2.63,3.00
2011.02.09 09:37:49.104,0.99469,0.99488,1.50,3.00
2011.02.09 09:38:01.074,0.99465,0.99485,1.50,1.50
2011.02.09 09:38:01.623,0.99464,0.99485,2.25,2.25
2011.02.09 09:38:02.549,0.99464,0.99485,2.25,2.25
2011.02.09 09:38:03.115,0.99464,0.99485,2.25,1.50
2011.02.09 09:38:09.925,0.99467,0.99485,1.13,1.50
2011.02.09 09:38:10.640,0.99467,0.99489,1.13,3.00
2011.02.09 09:38:11.769,0.99467,0.99486,1.13,2.25
2011.02.09 09:38:11.884,0.99467,0.99486,1.13,2.25
2011.02.09 09:38:12.103,0.99467,0.99486,1.32,2.25
2011.02.09 09:38:12.800,0.99471,0.99489,1.88,1.50
2011.02.09 09:38:12.924,0.99469,0.9949,2.25,3.00
2011.02.09 09:38:33.075,0.99467,0.99486,1.13,1.50
2011.02.09 09:38:33.185,0.99466,0.99477,1.50,1.13
2011.02.09 09:38:33.294,0.99463,0.99477,1.13,1.13
2011.02.09 09:38:33.405,0.99463,0.9948,2.40,2.25
2011.02.09 09:38:34.120,0.99463,0.99483,1.28,2.25
2011.02.09 09:38:38.588,0.99466,0.99484,1.69,1.50
2011.02.09 09:38:39.220,0.99463,0.99485,1.13,4.50
2011.02.09 09:38:39.901,0.99464,0.99487,1.50,1.13
2011.02.09 09:38:41.444,0.99468,0.99488,1.13,3.00
2011.02.09 09:38:43.324,0.99468,0.99488,1.13,3.00
2011.02.09 09:38:47.644,0.99468,0.99488,1.13,3.00
2011.02.09 09:38:48.410,0.99468,0.9948,1.13,3.00
2011.02.09 09:38:48.529,0.99465,0.99478,1.50,1.13
2011.02.09 09:38:48.646,0.99461,0.99479,1.13,1.50
2011.02.09 09:38:48.874,0.99462,0.99478,1.13,1.50
2011.02.09 09:38:49.546,0.99462,0.99484,1.13,3.00
2011.02.09 09:38:50.436,0.99462,0.99483,1.13,2.25
2011.02.09 09:38:51.283,0.99462,0.99483,1.13,2.25
2011.02.09 09:38:51.403,0.99459,0.99481,2.25,1.50
2011.02.09 09:39:01.486,0.99458,0.9948,2.25,1.50
2011.02.09 09:39:02.355,0.99458,0.9948,2.25,1.50
2011.02.09 09:39:05.872,0.99458,0.9948,2.25,1.50
2011.02.09 09:39:15.695,0.99462,0.99484,1.13,4.50
2011.02.09 09:39:15.809,0.99463,0.99484,1.13,2.25
2011.02.09 09:39:18.981,0.99463,0.9948,1.13,1.50
2011.02.09 09:39:19.314,0.99461,0.9948,1.50,1.50
2011.02.09 09:39:21.568,0.99458,0.99479,2.93,1.50
2011.02.09 09:39:26.884,0.99462,0.99482,1.13,1.50
2011.02.09 09:39:27.217,0.9946,0.99482,1.50,1.50
2011.02.09 09:39:37.454,0.99463,0.99483,1.13,1.50
2011.02.09 09:39:38.384,0.99461,0.9948,1.50,1.50
2011.02.09 09:39:41.705,0.99458,0.9948,2.78,1.50
2011.02.09 09:39:51.166,0.99462,0.99481,1.13,1.50
2011.02.09 09:39:51.386,0.99462,0.99485,4.88,2.25
2011.02.09 09:39:51.944,0.99462,0.99485,5.63,2.25
2011.02.09 09:40:05.198,0.99463,0.99482,4.50,1.13
2011.02.09 09:40:05.808,0.99459,0.99481,3.00,1.50
2011.02.09 09:40:10.877,0.99459,0.99482,3.19,1.13
2011.02.09 09:40:10.990,0.99463,0.99484,1.13,2.25
2011.02.09 09:40:11.108,0.99463,0.99484,4.88,2.25
2011.02.09 09:40:31.907,0.99463,0.99481,4.13,1.50
2011.02.09 09:40:32.764,0.99459,0.9948,3.15,1.50
2011.02.09 09:40:33.106,0.99463,0.99484,1.13,3.00
2011.02.09 09:40:33.783,0.99463,0.99483,1.13,1.50
2011.02.09 09:40:40.104,0.99463,0.99484,1.13,1.50
2011.02.09 09:40:47.399,0.99462,0.99481,4.50,1.50
2011.02.09 09:40:47.917,0.99458,0.99477,6.75,1.13
2011.02.09 09:40:48.670,0.99459,0.99481,3.00,1.50
2011.02.09 09:40:49.317,0.99459,0.99481,3.45,2.25
2011.02.09 09:40:54.364,0.99459,0.99481,5.70,3.00
2011.02.09 09:40:54.698,0.99459,0.99481,2.48,1.50
2011.02.09 09:41:07.848,0.99457,0.9948,1.13,1.50
2011.02.09 09:41:08.176,0.99457,0.9948,1.13,1.50
2011.02.09 09:41:08.555,0.99457,0.9948,1.13,1.50
2011.02.09 09:41:09.132,0.99457,0.9948,1.13,1.50
2011.02.09 09:41:09.799,0.99457,0.9948,1.13,1.50
2011.02.09 09:41:11.146,0.99457,0.9948,1.13,3.90
2011.02.09 09:41:11.670,0.99456,0.99477,2.25,1.13
2011.02.09 09:41:34.866,0.99453,0.99476,1.13,3.00
2011.02.09 09:41:35.671,0.99457,0.99478,1.13,2.25
2011.02.09 09:41:40.687,0.99453,0.99476,1.13,2.25
2011.02.09 09:41:43.802,0.99455,0.99476,2.25,3.00
2011.02.09 09:41:44.458,0.99457,0.99479,1.13,1.50
2011.02.09 09:41:53.753,0.99462,0.99481,1.13,2.25
2011.02.09 09:41:53.873,0.99462,0.99482,1.13,1.50
2011.02.09 09:41:54.317,0.9946,0.99481,2.25,3.00
2011.02.09 09:42:24.868,0.99459,0.99482,3.75,1.50
2011.02.09 09:42:25.447,0.99459,0.99481,3.75,1.50
2011.02.09 09:42:39.314,0.99458,0.9948,5.85,1.50
2011.02.09 09:42:57.625,0.99457,0.99476,2.25,2.63
2011.02.09 09:42:58.345,0.99452,0.99471,1.50,1.50
2011.02.09 09:43:02.647,0.99448,0.99466,1.95,1.50
2011.02.09 09:43:04.146,0.99441,0.99455,1.13,2.25
2011.02.09 09:43:04.266,0.99431,0.9945,1.50,2.25
2011.02.09 09:43:06.500,0.9943,0.9945,2.25,2.25
2011.02.09 09:43:06.631,0.9943,0.99453,3.00,1.13
2011.02.09 09:43:07.180,0.9943,0.9945,3.00,1.13
2011.02.09 09:43:07.300,0.9943,0.99447,2.85,1.13
2011.02.09 09:43:07.893,0.9943,0.99447,1.35,1.13
2011.02.09 09:43:12.748,0.9943,0.99448,1.35,2.25
2011.02.09 09:43:13.442,0.9943,0.99452,1.35,2.63
2011.02.09 09:43:14.676,0.9943,0.9945,1.35,1.13
2011.02.09 09:43:14.792,0.99429,0.99448,1.35,3.38
2011.02.09 09:43:15.236,0.99429,0.99448,1.35,3.38
2011.02.09 09:43:17.905,0.99429,0.99448,1.35,3.38
2011.02.09 09:43:19.440,0.99423,0.99448,1.50,4.88
2011.02.09 09:43:19.556,0.99423,0.99446,1.50,2.25
2011.02.09 09:43:19.778,0.99423,0.99442,1.50,1.13
2011.02.09 09:43:20.006,0.99421,0.99442,2.25,1.13
2011.02.09 09:43:20.714,0.99423,0.99446,1.50,4.13
2011.02.09 09:43:23.199,0.99428,0.99447,1.13,2.25
2011.02.09 09:43:24.069,0.99429,0.99447,1.35,1.50
2011.02.09 09:43:25.015,0.99419,0.99443,7.28,3.53
2011.02.09 09:43:25.458,0.99422,0.99443,1.13,3.00
2011.02.09 09:43:26.102,0.99422,0.99446,1.13,1.65
2011.02.09 09:43:26.436,0.99422,0.99447,1.13,2.25
2011.02.09 09:43:27.143,0.99421,0.99443,1.50,1.13
2011.02.09 09:43:27.264,0.99419,0.99443,6.75,3.38
2011.02.09 09:43:28.487,0.99422,0.99445,1.88,2.25
2011.02.09 09:43:31.344,0.99428,0.99446,1.35,2.25
2011.02.09 09:43:33.419,0.99428,0.99448,2.10,1.13
2011.02.09 09:43:34.656,0.99429,0.99451,1.35,3.75
2011.02.09 09:43:34.879,0.99429,0.99451,1.50,3.75
2011.02.09 09:43:36.916,0.99428,0.99448,1.13,1.13
2011.02.09 09:43:37.811,0.99428,0.99447,1.13,2.40
2011.02.09 09:43:40.286,0.99429,0.99447,2.18,2.40
2011.02.09 09:43:40.836,0.99429,0.99448,2.25,6.53
2011.02.09 09:43:42.168,0.9943,0.99448,1.50,5.63
2011.02.09 09:43:42.787,0.9943,0.99451,1.50,2.25
2011.02.09 09:43:44.784,0.99429,0.99447,4.35,1.13
2011.02.09 09:43:45.116,0.99433,0.9945,1.13,1.50
2011.02.09 09:43:45.226,0.99431,0.99452,3.00,2.78
2011.02.09 09:43:45.337,0.99431,0.99452,3.00,2.78
2011.02.09 09:43:45.944,0.99431,0.99452,1.50,2.78
2011.02.09 09:43:47.509,0.9943,0.99448,3.60,1.13
2011.02.09 09:43:48.093,0.9943,0.99451,1.35,2.25
2011.02.09 09:43:49.899,0.9943,0.99451,1.35,2.25
2011.02.09 09:43:52.477,0.99429,0.99447,1.23,1.13
2011.02.09 09:43:53.074,0.99423,0.99443,1.88,2.25
2011.02.09 09:43:54.016,0.99424,0.99448,1.69,4.50
2011.02.09 09:43:54.243,0.99425,0.99446,2.25,2.25
2011.02.09 09:43:54.859,0.99423,0.99446,1.13,2.25
2011.02.09 09:43:54.982,0.99423,0.99445,1.13,2.25
2011.02.09 09:43:56.208,0.99422,0.99439,2.25,2.63
2011.02.09 09:43:56.322,0.99419,0.99438,3.00,1.13
2011.02.09 09:43:56.547,0.99418,0.99438,6.98,2.63
2011.02.09 09:44:02.980,0.99419,0.99438,4.88,1.50
2011.02.09 09:44:03.538,0.99419,0.99442,5.25,2.63
2011.02.09 09:44:04.137,0.99419,0.99441,4.50,2.25
2011.02.09 09:44:04.973,0.99419,0.99441,4.50,2.25
2011.02.09 09:44:09.444,0.99419,0.99441,10.28,2.25
2011.02.09 09:44:09.566,0.99428,0.99444,1.05,2.25
2011.02.09 09:44:10.547,0.99422,0.99441,2.25,1.69
2011.02.09 09:44:10.668,0.99419,0.99437,4.95,1.13
2011.02.09 09:44:10.777,0.99419,0.99437,4.95,1.13
2011.02.09 09:44:11.799,0.99419,0.99439,5.25,1.50
2011.02.09 09:44:12.126,0.99424,0.99441,1.88,1.50
2011.02.09 09:44:12.235,0.99424,0.99441,1.88,1.50
2011.02.09 09:44:13.030,0.99424,0.99442,1.88,1.50
2011.02.09 09:44:14.942,0.99424,0.99442,3.00,2.25
2011.02.09 09:44:21.172,0.99428,0.99442,1.13,1.50
2011.02.09 09:44:21.506,0.99427,0.99446,2.25,1.13
2011.02.09 09:44:22.215,0.9942,0.99442,2.25,1.13
2011.02.09 09:44:25.459,0.9942,0.99442,2.25,1.13
2011.02.09 09:44:26.165,0.99423,0.99445,1.13,2.40
2011.02.09 09:44:26.285,0.99427,0.99445,2.25,2.25
2011.02.09 09:44:34.587,0.99427,0.99446,2.25,2.55
2011.02.09 09:44:38.691,0.99427,0.99445,2.25,2.48
2011.02.09 09:44:47.612,0.99428,0.99446,2.25,2.40
2011.02.09 09:44:53.455,0.99428,0.99446,3.00,2.40
2011.02.09 09:44:53.573,0.9943,0.99451,1.50,2.25
2011.02.09 09:44:53.800,0.9943,0.99451,1.50,2.25
2011.02.09 09:45:02.259,0.99438,0.99454,2.25,1.88
2011.02.09 09:45:03.062,0.99439,0.99457,3.30,2.25
2011.02.09 09:45:06.993,0.99442,0.99461,1.13,2.63
2011.02.09 09:45:07.327,0.99442,0.99462,1.13,1.50
2011.02.09 09:45:08.122,0.99448,0.99469,2.25,2.25
2011.02.09 09:45:08.242,0.99448,0.99469,2.48,2.25
2011.02.09 09:45:08.467,0.99449,0.99469,1.35,2.25
2011.02.09 09:45:10.072,0.99449,0.99471,3.00,3.75
2011.02.09 09:45:10.190,0.99449,0.99473,5.10,1.13
2011.02.09 09:45:11.439,0.99457,0.99472,1.13,1.50
2011.02.09 09:45:11.557,0.99457,0.99472,2.63,1.50
2011.02.09 09:45:11.673,0.99458,0.9948,1.02,3.75
2011.02.09 09:45:12.331,0.99458,0.9948,1.13,3.75
2011.02.09 09:45:12.448,0.99457,0.99478,3.00,1.13
2011.02.09 09:45:12.778,0.99457,0.99479,1.88,2.25
2011.02.09 09:45:13.511,0.99457,0.99477,1.50,1.13
2011.02.09 09:45:14.422,0.99454,0.99477,2.25,1.13
2011.02.09 09:45:19.533,0.99458,0.99479,2.63,2.25
2011.02.09 09:45:20.228,0.99458,0.9948,2.63,2.25
2011.02.09 09:45:20.344,0.99457,0.99477,2.25,1.13
2011.02.09 09:45:21.214,0.99453,0.99477,2.63,1.28
2011.02.09 09:45:21.549,0.99453,0.99477,2.63,1.28
2011.02.09 09:45:22.132,0.99453,0.99477,2.63,1.13
2011.02.09 09:45:29.788,0.99453,0.99477,2.63,1.28
2011.02.09 09:46:13.157,0.99453,0.99472,2.25,1.13
2011.02.09 09:46:22.738,0.9945,0.99471,1.50,1.50
2011.02.09 09:46:23.343,0.99444,0.99463,1.13,1.13
2011.02.09 09:46:23.676,0.9944,0.99462,2.25,2.25
2011.02.09 09:46:24.590,0.99435,0.99457,2.25,1.13
2011.02.09 09:46:27.048,0.99438,0.9946,2.33,2.40
2011.02.09 09:46:27.966,0.99437,0.99457,1.58,1.13
2011.02.09 09:46:28.526,0.99437,0.99457,1.58,1.13
2011.02.09 09:46:34.571,0.99435,0.99458,2.33,1.28
2011.02.09 09:46:39.421,0.99435,0.99457,2.33,2.07
2011.02.09 09:46:41.130,0.9943,0.99453,1.50,1.13
2011.02.09 09:46:41.251,0.99429,0.99449,5.03,1.13
2011.02.09 09:46:41.477,0.99433,0.9945,1.13,2.25
2011.02.09 09:46:41.698,0.99429,0.99454,4.50,3.38
2011.02.09 09:46:42.414,0.99432,0.99453,2.25,1.13
2011.02.09 09:46:42.536,0.99433,0.99455,1.13,1.50
2011.02.09 09:46:48.965,0.99433,0.99454,1.13,2.25
2011.02.09 09:46:49.110,0.99432,0.99454,1.50,2.63
2011.02.09 09:46:49.226,0.9943,0.99452,1.69,1.13
2011.02.09 09:46:56.607,0.99432,0.99453,1.13,3.00
2011.02.09 09:47:11.941,0.99424,0.99446,2.03,2.25
2011.02.09 09:47:12.441,0.99425,0.99446,1.50,1.50
2011.02.09 09:47:12.997,0.99426,0.99448,1.50,1.13
2011.02.09 09:47:13.338,0.99432,0.99452,1.13,3.75
2011.02.09 09:47:13.885,0.99432,0.99452,1.13,3.75
2011.02.09 09:47:14.592,0.99432,0.99455,1.88,2.25
2011.02.09 09:47:20.512,0.99432,0.99458,1.88,2.63
2011.02.09 09:47:20.634,0.99432,0.99457,1.13,2.25
2011.02.09 09:47:22.419,0.99432,0.99452,1.13,2.25
2011.02.09 09:47:25.568,0.99428,0.9945,3.75,2.25
2011.02.09 09:47:37.607,0.99428,0.9945,2.25,2.25
2011.02.09 09:47:38.368,0.99429,0.99453,1.50,2.63
2011.02.09 09:47:44.376,0.99429,0.99453,3.75,1.88
2011.02.09 09:47:45.211,0.99436,0.99453,2.25,2.25
2011.02.09 09:47:47.286,0.9943,0.99448,1.50,2.25
2011.02.09 09:47:53.352,0.99428,0.99448,2.25,2.25
2011.02.09 09:48:25.385,0.99427,0.99447,1.50,2.63
2011.02.09 09:48:25.939,0.99427,0.99447,2.25,2.63
2011.02.09 09:48:40.668,0.99426,0.99447,2.33,1.13
2011.02.09 09:48:41.685,0.99426,0.99447,2.33,1.13
2011.02.09 09:48:42.318,0.99426,0.99447,2.33,1.13
2011.02.09 09:48:42.425,0.99426,0.99447,2.33,1.13
2011.02.09 09:48:42.755,0.99426,0.99447,2.33,1.13
2011.02.09 09:48:46.419,0.99426,0.99447,2.33,1.13
2011.02.09 09:48:47.446,0.99426,0.99447,2.33,1.13
2011.02.09 09:48:49.550,0.99426,0.99447,2.40,1.13
2011.02.09 09:48:50.207,0.99426,0.99446,2.25,2.25
2011.02.09 09:48:54.788,0.99426,0.99446,2.25,2.25
2011.02.09 09:49:16.064,0.99426,0.99445,1.13,2.25
2011.02.09 09:49:16.289,0.99425,0.99445,1.50,2.25
2011.02.09 09:49:34.968,0.99425,0.99445,2.25,2.25
2011.02.09 09:49:47.295,0.99426,0.99445,1.50,2.25
2011.02.09 09:49:56.509,0.99426,0.99445,2.25,2.25
2011.02.09 09:49:57.979,0.99426,0.99445,2.25,2.25
2011.02.09 09:50:24.446,0.99425,0.99443,2.25,2.25
2011.02.09 09:50:24.788,0.99419,0.99439,1.50,2.25
2011.02.09 09:50:29.028,0.99418,0.99439,1.50,2.25
2011.02.09 09:50:29.798,0.99419,0.99442,2.33,2.25
2011.02.09 09:50:40.529,0.99418,0.99442,1.50,2.25
2011.02.09 09:50:40.856,0.99418,0.99439,1.50,2.25
2011.02.09 09:50:58.315,0.99414,0.99437,4.50,1.13
2011.02.09 09:50:58.427,0.99414,0.99437,2.63,1.13
2011.02.09 09:50:58.870,0.99417,0.99437,1.13,2.25
2011.02.09 09:51:04.479,0.99416,0.99437,1.13,2.25
2011.02.09 09:51:10.578,0.99417,0.99436,1.13,4.50
2011.02.09 09:51:11.153,0.99417,0.99436,1.13,5.25
2011.02.09 09:51:11.277,0.99414,0.99432,3.38,1.50
2011.02.09 09:51:15.177,0.99413,0.99433,3.38,1.13
2011.02.09 09:51:15.506,0.99414,0.99433,2.63,3.38
2011.02.09 09:51:16.163,0.99413,0.99432,2.63,2.25
2011.02.09 09:51:16.391,0.99414,0.99431,2.63,2.25
2011.02.09 09:51:17.434,0.99413,0.99433,2.63,2.63
2011.02.09 09:51:17.549,0.99414,0.99433,2.63,2.63
2011.02.09 09:51:19.814,0.99414,0.9943,2.63,1.13
2011.02.09 09:51:20.335,0.99414,0.99427,1.88,1.13
2011.02.09 09:51:20.454,0.99409,0.99423,1.50,1.50
2011.02.09 09:51:25.433,0.99408,0.99424,1.50,2.25
2011.02.09 09:51:25.553,0.99398,0.99422,8.93,1.13
2011.02.09 09:51:26.432,0.99399,0.99422,1.50,1.13
2011.02.09 09:51:27.209,0.99399,0.99417,5.25,1.13
2011.02.09 09:51:27.842,0.99398,0.99415,7.05,1.50
2011.02.09 09:51:30.648,0.99399,0.99415,4.13,2.25
2011.02.09 09:51:31.196,0.99399,0.99415,3.53,1.50
2011.02.09 09:51:31.767,0.99399,0.99415,3.53,2.25
2011.02.09 09:51:34.301,0.99399,0.99417,3.53,1.50
2011.02.09 09:51:34.856,0.99398,0.99418,7.28,1.50
2011.02.09 09:51:40.725,0.99403,0.99425,1.50,2.25
2011.02.09 09:51:43.511,0.99399,0.99422,22.20,1.13
2011.02.09 09:51:51.857,0.99404,0.99421,36.03,2.25
2011.02.09 09:51:52.186,0.99399,0.99421,6.90,2.25
2011.02.09 09:51:54.480,0.99398,0.99418,7.05,1.13
2011.02.09 09:51:55.141,0.99399,0.99414,5.48,1.50
2011.02.09 09:51:56.246,0.99399,0.99414,3.00,1.50
2011.02.09 09:51:56.796,0.99398,0.99414,6.60,2.25
2011.02.09 09:51:57.311,0.99398,0.99414,6.60,1.50
2011.02.09 09:51:57.431,0.99398,0.99417,7.65,1.50
2011.02.09 09:51:59.444,0.99405,0.99425,1.58,2.25
2011.02.09 09:51:59.669,0.99403,0.99424,1.88,2.25
2011.02.09 09:51:59.787,0.99403,0.99424,1.88,2.25
2011.02.09 09:52:03.932,0.99403,0.99425,2.03,2.25
2011.02.09 09:52:04.270,0.99402,0.99423,2.25,2.63
2011.02.09 09:52:17.663,0.99398,0.99417,7.88,1.13
2011.02.09 09:52:17.996,0.99399,0.99417,4.58,1.13
2011.02.09 09:52:24.729,0.99399,0.99414,4.50,1.50
2011.02.09 09:52:24.969,0.99399,0.99414,4.50,1.50
2011.02.09 09:52:25.188,0.99399,0.99414,4.35,1.50
2011.02.09 09:52:27.241,0.99399,0.99414,8.10,1.50
2011.02.09 09:52:31.076,0.99399,0.99415,8.33,2.25
2011.02.09 09:52:31.637,0.99399,0.99414,8.33,1.50
2011.02.09 09:52:32.477,0.99399,0.99414,4.58,2.25
2011.02.09 09:52:33.387,0.99399,0.99417,8.25,1.50
2011.02.09 09:52:39.825,0.99399,0.99418,4.50,2.25
2011.02.09 09:52:50.586,0.99399,0.99418,8.25,1.50
2011.02.09 09:52:51.382,0.99405,0.99418,1.20,1.50
2011.02.09 09:52:51.917,0.99403,0.99418,1.20,2.25
2011.02.09 09:52:52.026,0.99399,0.99418,7.35,2.25
2011.02.09 09:52:52.723,0.99399,0.99418,3.75,2.25
2011.02.09 09:53:09.312,0.99397,0.99418,1.13,3.75
2011.02.09 09:53:11.036,0.99395,0.99418,2.82,3.75
2011.02.09 09:53:11.378,0.99391,0.99411,1.50,2.25
2011.02.09 09:53:28.883,0.99399,0.99418,3.19,2.25
2011.02.09 09:53:28.999,0.99399,0.99419,4.69,1.50
2011.02.09 09:53:29.227,0.99399,0.99421,1.69,2.25
2011.02.09 09:53:29.977,0.99399,0.9942,3.94,1.50
2011.02.09 09:53:31.191,0.99401,0.9942,1.50,1.50
2011.02.09 09:53:32.381,0.99398,0.9942,4.95,2.25
2011.02.09 09:53:33.398,0.99399,0.9942,2.25,2.25
2011.02.09 09:53:38.327,0.994,0.9942,1.50,2.25
2011.02.09 09:53:50.200,0.99401,0.99424,1.50,3.75
2011.02.09 09:53:50.536,0.99401,0.99423,2.25,2.25
2011.02.09 09:53:52.210,0.994,0.99419,1.50,2.25
2011.02.09 09:53:52.781,0.994,0.99419,1.50,1.50
2011.02.09 09:53:53.337,0.994,0.99418,1.50,1.50
2011.02.09 09:54:00.352,0.994,0.9942,1.50,2.25
2011.02.09 09:54:04.917,0.99406,0.99421,1.50,1.50
2011.02.09 09:54:05.249,0.99404,0.99425,1.50,2.25
2011.02.09 09:54:05.827,0.99409,0.99425,1.28,2.25
2011.02.09 09:54:06.047,0.99404,0.99425,1.50,2.25
2011.02.09 09:54:06.865,0.994,0.99424,1.50,4.50
2011.02.09 09:54:07.994,0.99402,0.99424,1.50,3.75
2011.02.09 09:54:08.608,0.99404,0.99426,1.50,3.75
2011.02.09 09:54:12.659,0.99401,0.99423,1.50,3.00
2011.02.09 09:54:13.398,0.99401,0.99423,1.50,3.00
2011.02.09 09:54:15.698,0.99404,0.99422,1.50,1.50
2011.02.09 09:54:16.260,0.99405,0.99424,1.73,3.00
2011.02.09 09:54:16.596,0.99402,0.99424,1.73,3.00
2011.02.09 09:54:17.150,0.99408,0.99425,1.95,1.50
2011.02.09 09:54:17.802,0.9941,0.99427,1.50,1.50
2011.02.09 09:54:18.368,0.9941,0.99428,1.50,2.25
2011.02.09 09:54:19.556,0.9941,0.9943,1.50,2.25
2011.02.09 09:54:20.707,0.9941,0.99431,1.50,2.25
2011.02.09 09:54:22.627,0.9941,0.99431,1.50,2.25
2011.02.09 09:54:34.407,0.99409,0.99431,3.00,2.25
2011.02.09 09:54:39.166,0.99409,0.99431,4.50,2.25
2011.02.09 09:54:39.279,0.99409,0.99431,1.65,2.25
2011.02.09 09:54:40.658,0.99409,0.99431,1.65,2.25
2011.02.09 09:54:40.766,0.99409,0.99431,1.50,2.25
2011.02.09 09:54:41.827,0.99412,0.99435,1.50,2.25
2011.02.09 09:54:41.937,0.99418,0.99435,1.65,2.25
2011.02.09 09:54:42.266,0.99418,0.99435,1.05,2.25
2011.02.09 09:54:42.902,0.99418,0.99435,1.05,2.25
2011.02.09 09:54:43.026,0.99419,0.99437,3.15,2.25
2011.02.09 09:54:43.578,0.99419,0.99437,3.75,1.50
2011.02.09 09:54:44.503,0.99419,0.99437,1.50,2.25
2011.02.09 09:54:46.724,0.99419,0.99435,2.18,1.50
2011.02.09 09:54:46.947,0.99419,0.99438,3.00,2.25
2011.02.09 09:54:47.698,0.99419,0.99438,2.40,2.25
2011.02.09 09:54:48.642,0.99419,0.99438,1.50,4.50
2011.02.09 09:54:49.410,0.99414,0.99435,1.50,3.75
2011.02.09 09:54:49.629,0.99411,0.99433,1.65,3.00
2011.02.09 09:54:50.548,0.99411,0.99433,1.65,3.00
2011.02.09 09:54:52.183,0.99411,0.99433,1.65,3.00
2011.02.09 09:54:52.298,0.99411,0.99433,1.50,3.00
2011.02.09 09:54:52.408,0.99414,0.99433,1.58,3.00
2011.02.09 09:54:53.215,0.99419,0.99439,1.28,3.00
2011.02.09 09:54:55.289,0.99418,0.99436,1.28,1.50
2011.02.09 09:54:55.508,0.99413,0.99434,1.50,3.00
2011.02.09 09:54:55.729,0.9941,0.99434,1.50,6.00
2011.02.09 09:55:04.731,0.99412,0.99432,1.13,2.25
2011.02.09 09:55:04.958,0.99412,0.99434,1.13,2.25
2011.02.09 09:55:05.728,0.99417,0.99435,1.88,1.50
2011.02.09 09:55:06.059,0.99419,0.99437,3.00,1.50
2011.02.09 09:55:06.387,0.99419,0.99438,3.00,1.50
2011.02.09 09:55:07.860,0.99419,0.99438,3.00,2.63
2011.02.09 09:55:08.555,0.99419,0.99437,5.03,1.50
2011.02.09 09:55:09.118,0.99419,0.99436,5.03,1.50
2011.02.09 09:55:09.668,0.99419,0.99436,4.05,1.50
2011.02.09 09:55:10.497,0.99419,0.99436,4.05,1.50
2011.02.09 09:55:10.950,0.99419,0.99436,2.25,2.25
2011.02.09 09:55:11.865,0.99412,0.99436,1.88,2.25
2011.02.09 09:55:12.923,0.99418,0.99436,1.13,1.50
2011.02.09 09:55:14.275,0.99419,0.99439,1.13,3.00
2011.02.09 09:55:14.774,0.99419,0.99438,1.13,1.50
2011.02.09 09:55:15.106,0.99419,0.99438,1.13,2.25
2011.02.09 09:55:24.348,0.99413,0.99435,1.13,2.25
2011.02.09 09:55:24.972,0.99417,0.99433,1.50,3.38
2011.02.09 09:55:25.098,0.99422,0.99437,1.88,1.50
2011.02.09 09:55:25.207,0.99422,0.99444,2.03,2.63
2011.02.09 09:55:25.539,0.99422,0.99442,1.50,1.13
2011.02.09 09:55:27.928,0.99418,0.99437,8.25,1.13
2011.02.09 09:55:28.257,0.99418,0.99437,5.25,1.13
2011.02.09 09:55:28.806,0.99418,0.99436,5.25,1.50
2011.02.09 09:55:32.738,0.99419,0.99436,3.00,1.50
2011.02.09 09:55:32.849,0.99428,0.99438,1.65,2.25
2011.02.09 09:55:33.465,0.99419,0.99442,4.65,1.13
2011.02.09 09:55:34.592,0.99428,0.99443,1.65,2.63
2011.02.09 09:55:35.535,0.99429,0.99446,1.50,3.75
2011.02.09 09:55:36.453,0.99429,0.99446,1.13,3.75
2011.02.09 09:55:38.226,0.99429,0.99444,1.88,1.50
2011.02.09 09:55:38.930,0.99429,0.99445,1.13,1.50
2011.02.09 09:55:39.168,0.9942,0.99442,1.50,1.13
2011.02.09 09:55:46.677,0.99428,0.99442,2.03,1.88
2011.02.09 09:55:47.363,0.99429,0.99445,1.50,1.50
2011.02.09 09:55:47.700,0.99423,0.99443,1.73,1.13
2011.02.09 09:55:48.038,0.99421,0.99442,1.50,2.25
2011.02.09 09:55:50.259,0.99419,0.99442,4.28,1.50
2011.02.09 09:55:57.987,0.99424,0.99445,1.73,2.25
2011.02.09 09:55:58.097,0.99424,0.99442,1.73,1.50
2011.02.09 09:55:58.971,0.99419,0.99442,3.00,2.25
2011.02.09 09:56:10.472,0.99419,0.99441,3.75,1.50
2011.02.09 09:56:11.637,0.99421,0.99442,1.50,3.00
2011.02.09 09:56:23.952,0.9942,0.99442,1.50,2.25
2011.02.09 09:56:26.787,0.9942,0.9944,1.50,1.50
2011.02.09 09:56:28.625,0.9942,0.9944,1.50,1.50
2011.02.09 09:56:29.579,0.9942,0.9944,1.50,1.50
2011.02.09 09:56:39.981,0.9942,0.99439,1.50,1.50
2011.02.09 09:56:40.546,0.9942,0.9944,1.50,1.50
2011.02.09 09:56:41.766,0.99423,0.9944,1.50,1.50
2011.02.09 09:56:41.877,0.99423,0.99443,1.50,2.25
2011.02.09 09:56:43.357,0.99423,0.99443,1.50,1.50
2011.02.09 09:56:46.109,0.99423,0.99443,1.50,1.88
2011.02.09 09:56:46.232,0.99419,0.99437,3.00,1.13
2011.02.09 09:56:47.199,0.99418,0.99434,1.50,1.50
2011.02.09 09:56:47.543,0.99418,0.99434,1.50,2.25
2011.02.09 09:56:48.145,0.99416,0.99434,2.25,1.50
2011.02.09 09:56:48.266,0.99414,0.99432,1.50,1.13
2011.02.09 09:56:49.236,0.9941,0.99432,2.25,1.50
2011.02.09 09:56:49.350,0.9941,0.99431,1.50,2.25
2011.02.09 09:56:49.946,0.9941,0.99431,1.50,2.25
2011.02.09 09:56:51.611,0.99409,0.99424,1.35,2.25
2011.02.09 09:56:51.733,0.994,0.99422,1.50,2.63
2011.02.09 09:56:52.067,0.994,0.99422,2.25,1.13
2011.02.09 09:56:52.606,0.994,0.99421,2.25,1.50
2011.02.09 09:56:53.847,0.994,0.99421,1.50,1.50
2011.02.09 09:56:54.454,0.99404,0.99423,1.50,1.50
2011.02.09 09:56:59.819,0.99408,0.99427,1.13,1.50
2011.02.09 09:57:00.615,0.99408,0.99429,1.35,2.25
2011.02.09 09:57:01.208,0.99405,0.99428,1.50,1.88
2011.02.09 09:57:01.319,0.99405,0.99427,1.50,2.25
2011.02.09 09:57:01.932,0.99406,0.99425,1.50,1.50
2011.02.09 09:57:02.270,0.99407,0.99425,1.88,1.50
2011.02.09 09:57:03.048,0.99407,0.99426,1.88,1.50
2011.02.09 09:57:03.166,0.99409,0.99429,1.58,1.50
2011.02.09 09:57:06.077,0.99409,0.9943,4.13,1.50
2011.02.09 09:57:06.860,0.99413,0.99431,1.13,1.50
2011.02.09 09:57:06.980,0.99413,0.99434,1.13,1.50
2011.02.09 09:57:10.397,0.99414,0.99436,1.50,3.75
2011.02.09 09:57:17.497,0.99414,0.99436,1.50,3.75
2011.02.09 09:57:18.434,0.99413,0.99436,1.88,3.00
2011.02.09 09:57:21.332,0.99418,0.99436,1.13,3.00
2011.02.09 09:57:21.988,0.99418,0.99437,1.13,1.50
2011.02.09 09:57:26.378,0.99418,0.99437,1.13,2.25
2011.02.09 09:57:27.073,0.99416,0.99437,1.50,2.25
2011.02.09 09:57:28.102,0.99416,0.99435,1.50,1.13
2011.02.09 09:57:28.217,0.99411,0.99432,1.50,3.00
2011.02.09 09:57:31.810,0.99411,0.99432,1.50,2.25
2011.02.09 09:57:32.148,0.99413,0.99433,1.13,1.50
2011.02.09 09:57:32.935,0.99413,0.99434,1.88,1.50
2011.02.09 09:57:39.297,0.99414,0.99437,1.50,4.13
2011.02.09 09:57:44.617,0.99422,0.99437,1.50,1.88
2011.02.09 09:57:45.168,0.99425,0.99439,2.25,4.13
2011.02.09 09:57:45.765,0.99412,0.99432,2.25,1.28
2011.02.09 09:58:05.566,0.99408,0.99431,1.13,2.25
2011.02.09 09:58:05.786,0.99408,0.99431,1.13,2.25
2011.02.09 09:58:11.148,0.99407,0.99427,1.50,1.13
2011.02.09 09:58:11.714,0.99407,0.99426,1.50,2.25
2011.02.09 09:58:11.940,0.99408,0.99429,1.13,4.50
2011.02.09 09:58:12.390,0.99408,0.99429,1.13,3.75
2011.02.09 09:58:12.970,0.99408,0.99429,1.13,3.75
2011.02.09 09:58:13.308,0.99409,0.99429,1.65,1.50
2011.02.09 09:58:16.119,0.99409,0.99431,1.50,2.25
2011.02.09 09:58:28.517,0.99409,0.99431,2.25,1.50
2011.02.09 09:58:29.768,0.99409,0.99432,2.25,2.63
2011.02.09 09:58:56.977,0.99409,0.99433,3.00,2.63
2011.02.09 09:58:57.906,0.99409,0.99432,3.00,1.13
2011.02.09 09:59:05.663,0.99409,0.99433,2.25,2.63
2011.02.09 09:59:10.207,0.99413,0.99437,1.13,2.63
2011.02.09 09:59:12.329,0.99413,0.99436,1.88,1.50
2011.02.09 09:59:16.198,0.99412,0.99431,1.50,1.88
2011.02.09 09:59:16.307,0.9941,0.99427,2.25,1.13
2011.02.09 09:59:16.638,0.99409,0.9943,3.19,1.50
2011.02.09 09:59:17.745,0.99409,0.9943,3.00,1.50
2011.02.09 09:59:20.307,0.99409,0.99432,3.00,1.13
2011.02.09 09:59:23.366,0.99409,0.99428,1.50,2.25
2011.02.09 09:59:23.479,0.99408,0.99428,3.30,3.38
2011.02.09 09:59:23.807,0.99409,0.99428,1.50,3.38
2011.02.09 09:59:25.108,0.99408,0.99428,4.88,3.38
2011.02.09 09:59:27.849,0.99408,0.99428,4.88,2.63
2011.02.09 09:59:28.536,0.99414,0.99435,1.50,1.50
2011.02.09 09:59:40.179,0.99432,0.99438,1.13,2.25
2011.02.09 09:59:40.289,0.99432,0.99443,1.13,1.50
2011.02.09 09:59:40.398,0.99429,0.99449,1.32,2.25
2011.02.09 09:59:40.510,0.99427,0.99446,3.08,1.50
2011.02.09 09:59:41.347,0.99427,0.99447,2.25,1.13
2011.02.09 09:59:54.320,0.99423,0.99447,1.13,1.88
2011.02.09 09:59:54.647,0.99423,0.99447,1.13,1.88
2011.02.09 09:59:55.419,0.99427,0.99448,1.20,2.25
2011.02.09 09:59:55.637,0.99428,0.99448,1.13,1.50
2011.02.09 09:59:56.398,0.99428,0.99449,1.13,1.50
2011.02.09 09:59:57.451,0.99426,0.99439,3.38,1.13
2011.02.09 09:59:57.572,0.99426,0.99439,1.50,1.13
2011.02.09 09:59:58.120,0.99416,0.99438,1.50,1.88
2011.02.09 09:59:58.257,0.99416,0.99437,2.25,2.25
2011.02.09 09:59:58.943,0.99415,0.99438,2.25,2.63
