2011.02.23 05:00:00.106,0.98854,0.9887,1.50,3.75
2011.02.23 05:00:00.657,0.9885,0.98867,2.25,3.00
2011.02.23 05:00:00.946,0.98849,0.98865,2.25,3.00
2011.02.23 05:00:01.275,0.9885,0.98864,3.00,1.50
2011.02.23 05:00:01.496,0.98846,0.98865,2.25,3.00
2011.02.23 05:00:03.847,0.98847,0.98864,3.00,2.25
2011.02.23 05:00:04.394,0.98849,0.98862,7.50,1.50
2011.02.23 05:00:09.852,0.98846,0.98864,2.25,3.00
2011.02.23 05:00:10.554,0.98844,0.98861,4.50,2.25
2011.02.23 05:00:10.884,0.98844,0.98858,1.50,1.50
2011.02.23 05:00:12.866,0.9884,0.98859,1.50,3.75
2011.02.23 05:00:13.415,0.98839,0.98858,1.50,2.25
2011.02.23 05:00:16.766,0.98836,0.98857,1.50,3.75
2011.02.23 05:00:17.315,0.98835,0.98854,3.75,3.00
2011.02.23 05:00:22.337,0.98834,0.98852,2.25,3.75
2011.02.23 05:00:24.905,0.98837,0.98853,1.50,3.75
2011.02.23 05:00:25.014,0.98841,0.98855,1.50,1.73
2011.02.23 05:00:28.126,0.98841,0.9886,1.50,1.73
2011.02.23 05:00:28.666,0.98842,0.98861,1.50,1.73
2011.02.23 05:00:29.000,0.98842,0.98861,1.50,3.00
2011.02.23 05:00:31.706,0.98845,0.9886,2.25,1.73
2011.02.23 05:00:32.146,0.98843,0.98864,1.50,2.25
2011.02.23 05:00:33.686,0.98843,0.98864,3.00,1.50
2011.02.23 05:00:34.237,0.98844,0.98864,1.50,1.73
2011.02.23 05:00:34.785,0.98843,0.98861,1.50,2.25
2011.02.23 05:00:36.155,0.98843,0.98861,3.75,1.50
2011.02.23 05:00:37.855,0.98846,0.98863,2.25,1.50
2011.02.23 05:00:38.074,0.98852,0.98866,1.50,1.73
2011.02.23 05:00:39.153,0.98853,0.98871,1.50,1.73
2011.02.23 05:00:39.817,0.98852,0.9887,2.25,1.50
2011.02.23 05:00:41.714,0.9885,0.98868,1.50,1.73
2011.02.23 05:00:42.044,0.9885,0.98866,1.50,3.00
2011.02.23 05:00:42.383,0.98848,0.98866,1.50,2.25
2011.02.23 05:00:43.273,0.98846,0.98865,1.50,3.75
2011.02.23 05:00:43.875,0.98846,0.98864,1.50,1.73
2011.02.23 05:00:44.431,0.98847,0.98866,1.50,1.50
2011.02.23 05:00:44.553,0.98849,0.9886,1.50,1.73
2011.02.23 05:00:44.945,0.98848,0.98861,3.75,3.00
2011.02.23 05:00:51.216,0.98845,0.98861,5.25,1.50
2011.02.23 05:00:55.767,0.98844,0.98861,1.50,1.50
2011.02.23 05:00:56.316,0.98845,0.98861,1.50,1.73
2011.02.23 05:00:56.538,0.98847,0.98865,1.50,1.73
2011.02.23 05:00:57.377,0.9885,0.98865,1.50,1.73
2011.02.23 05:00:59.016,0.98849,0.98867,1.50,1.73
2011.02.23 05:00:59.236,0.98851,0.98869,3.00,2.25
2011.02.23 05:01:05.555,0.98868,0.98889,2.25,1.47
2011.02.23 05:01:12.694,0.98868,0.98889,2.25,1.39
2011.02.23 05:01:32.355,0.98868,0.98888,2.25,1.39
2011.02.23 05:02:18.332,0.98869,0.98888,1.50,1.39
2011.02.23 05:02:26.707,0.98867,0.98888,2.25,1.39
2011.02.23 05:02:27.322,0.98867,0.98888,2.25,1.39
2011.02.23 05:03:22.793,0.98868,0.98889,1.50,4.39
2011.02.23 05:04:17.242,0.98868,0.98888,2.25,1.39
2011.02.23 05:04:32.124,0.98867,0.98886,1.50,1.39
2011.02.23 05:04:32.454,0.98867,0.98881,1.50,1.50
2011.02.23 05:04:35.825,0.98867,0.98882,1.50,1.50
2011.02.23 05:04:58.123,0.98867,0.98883,1.50,1.50
2011.02.23 05:05:01.673,0.98867,0.98883,1.50,3.15
2011.02.23 05:05:02.114,0.98867,0.98883,1.50,3.00
2011.02.23 05:05:02.865,0.98866,0.98883,1.50,3.00
2011.02.23 05:05:21.765,0.98866,0.98882,1.50,1.50
2011.02.23 05:05:31.086,0.98864,0.98882,3.00,2.25
2011.02.23 05:05:31.307,0.98864,0.9888,2.25,1.50
2011.02.23 05:05:31.534,0.98861,0.98882,3.00,1.65
2011.02.23 05:05:31.645,0.98867,0.98883,1.50,3.00
2011.02.23 05:05:41.783,0.98867,0.98883,1.50,3.15
2011.02.23 05:05:42.634,0.98867,0.98883,1.50,3.00
2011.02.23 05:05:49.424,0.98866,0.98883,1.50,3.00
2011.02.23 05:06:03.343,0.98866,0.98882,1.50,1.50
2011.02.23 05:06:03.859,0.98866,0.98881,1.50,1.50
2011.02.23 05:06:11.204,0.98867,0.98881,1.50,1.50
2011.02.23 05:06:16.614,0.98867,0.98883,1.50,3.00
2011.02.23 05:06:28.484,0.98867,0.98882,1.50,1.50
2011.02.23 05:06:31.833,0.98866,0.98882,1.50,1.50
2011.02.23 05:06:45.296,0.98866,0.98886,2.25,1.50
2011.02.23 05:06:45.854,0.98868,0.98886,1.50,1.50
2011.02.23 05:06:46.614,0.98867,0.98886,2.25,1.50
2011.02.23 05:06:47.394,0.98867,0.98883,2.25,1.50
2011.02.23 05:06:47.944,0.98866,0.98883,2.25,3.00
2011.02.23 05:07:01.424,0.98866,0.98883,2.25,3.15
2011.02.23 05:07:06.434,0.98866,0.98883,2.25,3.00
2011.02.23 05:07:23.635,0.98866,0.98887,2.25,2.14
2011.02.23 05:07:23.884,0.98868,0.98887,1.50,2.14
2011.02.23 05:07:26.736,0.9887,0.98886,1.50,1.50
2011.02.23 05:07:27.290,0.9887,0.98889,1.50,1.99
2011.02.23 05:07:32.646,0.98868,0.9889,2.25,1.99
2011.02.23 05:07:39.755,0.98871,0.98889,1.50,1.24
2011.02.23 05:07:47.526,0.98873,0.9889,1.50,1.99
2011.02.23 05:07:58.455,0.98873,0.9889,1.50,1.02
2011.02.23 05:08:00.266,0.98871,0.9889,2.25,1.02
2011.02.23 05:08:00.824,0.98872,0.98893,1.50,4.13
2011.02.23 05:08:02.275,0.98869,0.9889,1.50,1.13
2011.02.23 05:08:04.066,0.98871,0.9889,1.50,2.25
2011.02.23 05:08:04.287,0.98867,0.9889,1.50,2.25
2011.02.23 05:08:04.504,0.98871,0.98892,1.50,1.70
2011.02.23 05:08:05.204,0.98871,0.98892,1.50,1.70
2011.02.23 05:08:06.115,0.98874,0.98893,1.50,2.40
2011.02.23 05:08:26.324,0.98872,0.98893,1.50,3.90
2011.02.23 05:08:28.745,0.98875,0.98892,1.50,1.70
2011.02.23 05:08:29.354,0.98872,0.98892,1.50,1.70
2011.02.23 05:08:29.859,0.98873,0.98892,1.50,1.70
2011.02.23 05:08:30.305,0.98871,0.98892,1.50,1.70
2011.02.23 05:08:30.414,0.98869,0.98892,1.50,3.20
2011.02.23 05:08:30.542,0.98869,0.98892,1.50,2.40
2011.02.23 05:08:30.985,0.98871,0.98892,1.50,2.40
2011.02.23 05:08:31.714,0.98872,0.98892,1.50,2.40
2011.02.23 05:08:35.654,0.98872,0.98892,1.50,2.40
2011.02.23 05:08:35.984,0.98875,0.98892,1.50,3.16
2011.02.23 05:08:36.204,0.98873,0.98892,1.50,2.41
2011.02.23 05:08:36.755,0.98874,0.98892,1.50,2.41
2011.02.23 05:08:42.665,0.98874,0.98892,1.50,3.91
2011.02.23 05:08:43.214,0.98875,0.98892,1.50,3.91
2011.02.23 05:08:43.813,0.98874,0.98892,1.50,3.91
2011.02.23 05:08:46.714,0.98873,0.98892,1.50,4.66
2011.02.23 05:08:48.185,0.98873,0.98892,1.50,4.66
2011.02.23 05:08:51.564,0.98874,0.98892,1.50,4.66
2011.02.23 05:08:54.164,0.98874,0.98892,1.50,3.83
2011.02.23 05:08:54.625,0.9886,0.98879,2.25,3.60
2011.02.23 05:08:54.736,0.9886,0.98876,1.50,1.50
2011.02.23 05:08:54.955,0.98857,0.98876,2.25,1.50
2011.02.23 05:09:22.114,0.98858,0.98876,1.50,2.14
2011.02.23 05:09:28.914,0.98857,0.98877,1.50,2.14
2011.02.23 05:09:50.584,0.98858,0.98877,1.50,2.14
2011.02.23 05:09:55.024,0.98858,0.98877,1.50,2.89
2011.02.23 05:10:02.781,0.98858,0.98877,2.44,2.89
2011.02.23 05:10:03.116,0.98869,0.98879,2.25,2.03
2011.02.23 05:10:03.225,0.9887,0.9889,2.25,1.88
2011.02.23 05:10:03.335,0.98871,0.9889,1.50,1.88
2011.02.23 05:10:03.446,0.98873,0.98892,2.25,3.16
2011.02.23 05:10:04.214,0.9888,0.98899,1.50,1.47
2011.02.23 05:10:04.826,0.98881,0.98899,1.50,1.47
2011.02.23 05:10:05.389,0.98881,0.98897,1.50,1.66
2011.02.23 05:10:05.944,0.98881,0.98897,1.50,1.36
2011.02.23 05:10:07.425,0.98881,0.989,1.50,2.44
2011.02.23 05:10:10.805,0.98878,0.98899,3.00,2.14
2011.02.23 05:10:10.916,0.98878,0.98897,1.50,2.25
2011.02.23 05:10:11.244,0.98875,0.98897,2.25,3.64
2011.02.23 05:10:15.985,0.98873,0.98892,1.50,1.50
2011.02.23 05:10:16.314,0.98872,0.9889,1.50,1.47
2011.02.23 05:10:16.424,0.9887,0.9889,1.50,1.47
2011.02.23 05:10:16.534,0.9887,0.98889,1.50,1.39
2011.02.23 05:10:16.864,0.9887,0.98887,1.50,1.39
2011.02.23 05:10:17.305,0.98867,0.98887,2.25,1.39
2011.02.23 05:10:17.854,0.98867,0.98886,1.50,1.39
2011.02.23 05:10:21.437,0.98863,0.98886,2.25,1.39
2011.02.23 05:10:21.751,0.98862,0.98883,2.25,2.14
2011.02.23 05:10:22.084,0.98862,0.9888,1.50,1.54
2011.02.23 05:10:23.134,0.98864,0.9888,1.50,1.54
2011.02.23 05:10:23.355,0.98865,0.98881,1.50,1.54
2011.02.23 05:10:26.995,0.98865,0.98881,1.50,1.47
2011.02.23 05:10:27.569,0.98865,0.98881,1.50,1.39
2011.02.23 05:10:27.796,0.98868,0.98886,1.50,1.39
2011.02.23 05:10:28.236,0.98865,0.98886,2.25,1.39
2011.02.23 05:10:28.454,0.98865,0.98883,2.25,1.39
2011.02.23 05:10:29.026,0.98865,0.98883,1.50,1.39
2011.02.23 05:10:29.560,0.98868,0.98883,1.50,1.39
2011.02.23 05:10:29.787,0.98868,0.98885,3.00,1.39
2011.02.23 05:10:30.374,0.98869,0.98885,1.50,1.39
2011.02.23 05:10:30.935,0.9887,0.98885,3.75,1.39
2011.02.23 05:10:31.047,0.98873,0.9889,1.50,2.74
2011.02.23 05:10:31.266,0.98871,0.9889,1.50,1.69
2011.02.23 05:10:31.594,0.98874,0.9889,1.50,1.92
2011.02.23 05:10:31.926,0.98869,0.9889,1.50,1.92
2011.02.23 05:10:32.254,0.98871,0.98889,1.50,1.39
2011.02.23 05:10:32.531,0.98869,0.98889,1.50,1.39
2011.02.23 05:10:32.755,0.98876,0.98889,1.50,1.39
2011.02.23 05:10:32.864,0.98877,0.9889,1.50,1.17
2011.02.23 05:10:33.395,0.98878,0.98892,1.50,1.47
2011.02.23 05:10:34.046,0.98879,0.98895,1.50,1.47
2011.02.23 05:10:41.723,0.98879,0.98895,1.50,1.69
2011.02.23 05:10:42.279,0.98878,0.98895,1.50,1.69
2011.02.23 05:10:47.749,0.98879,0.98895,1.50,1.69
2011.02.23 05:10:48.196,0.98878,0.98895,3.00,1.39
2011.02.23 05:10:48.752,0.98879,0.98895,1.50,1.39
2011.02.23 05:10:51.858,0.98886,0.98895,1.50,1.39
2011.02.23 05:10:51.976,0.98886,0.989,1.50,2.48
2011.02.23 05:10:58.175,0.98881,0.98903,3.00,2.03
2011.02.23 05:10:58.286,0.98881,0.98899,1.50,1.55
2011.02.23 05:10:58.724,0.98879,0.98899,1.50,2.94
2011.02.23 05:11:25.204,0.98879,0.98895,1.50,1.39
2011.02.23 05:11:28.625,0.98879,0.98895,1.50,1.47
2011.02.23 05:11:29.211,0.98878,0.98895,3.00,1.47
2011.02.23 05:11:29.922,0.98878,0.98895,3.00,1.39
2011.02.23 05:11:53.830,0.98878,0.98896,3.00,1.39
2011.02.23 05:11:54.164,0.98878,0.98895,3.00,1.47
2011.02.23 05:12:02.754,0.98878,0.98895,3.00,1.39
2011.02.23 05:12:26.374,0.98876,0.98895,4.50,1.39
2011.02.23 05:12:26.761,0.98874,0.98891,1.50,1.39
2011.02.23 05:12:30.365,0.98872,0.98891,3.00,1.39
2011.02.23 05:12:30.805,0.9887,0.98887,1.50,1.39
2011.02.23 05:12:34.676,0.98867,0.98887,1.50,1.39
2011.02.23 05:12:34.895,0.98867,0.98886,1.50,1.39
2011.02.23 05:12:35.675,0.98867,0.98885,1.50,1.39
2011.02.23 05:12:37.645,0.98872,0.98885,3.00,1.39
2011.02.23 05:12:37.866,0.98872,0.98888,3.00,1.39
2011.02.23 05:12:37.977,0.98875,0.98888,1.50,1.39
2011.02.23 05:12:38.304,0.9887,0.98889,1.50,1.39
2011.02.23 05:12:38.415,0.9887,0.98885,1.50,1.39
2011.02.23 05:12:38.636,0.98867,0.98885,1.50,1.39
2011.02.23 05:12:39.465,0.98867,0.98884,1.50,1.39
2011.02.23 05:12:44.384,0.98872,0.98884,1.50,1.39
2011.02.23 05:12:44.779,0.98872,0.98888,3.00,1.39
2011.02.23 05:12:44.896,0.98874,0.98888,1.50,1.39
2011.02.23 05:13:01.167,0.98872,0.98888,3.75,1.39
2011.02.23 05:13:01.496,0.98869,0.98889,1.50,1.77
2011.02.23 05:13:01.715,0.98867,0.98886,1.50,1.39
2011.02.23 05:13:05.395,0.98864,0.98886,3.00,2.89
2011.02.23 05:13:05.505,0.98861,0.98884,1.35,3.64
2011.02.23 05:13:05.615,0.9886,0.98879,1.50,1.39
2011.02.23 05:13:06.165,0.9886,0.9888,1.50,1.69
2011.02.23 05:13:06.666,0.98867,0.9888,3.00,1.69
2011.02.23 05:13:06.776,0.98867,0.98884,3.00,1.39
2011.02.23 05:13:07.351,0.98868,0.98884,1.50,1.39
2011.02.23 05:13:07.465,0.98871,0.98884,1.50,1.39
2011.02.23 05:13:08.486,0.9887,0.98884,1.50,1.39
2011.02.23 05:13:08.596,0.9887,0.98889,1.50,1.39
2011.02.23 05:13:08.704,0.98872,0.98889,1.50,1.39
2011.02.23 05:13:09.256,0.98873,0.98889,1.50,1.02
2011.02.23 05:13:15.955,0.98877,0.98889,1.50,1.02
2011.02.23 05:13:16.505,0.98878,0.98895,1.50,1.54
2011.02.23 05:13:31.316,0.98878,0.98895,1.50,1.39
2011.02.23 05:13:31.867,0.98877,0.98895,1.50,1.47
2011.02.23 05:13:32.415,0.98872,0.98894,2.25,1.47
2011.02.23 05:13:32.965,0.98873,0.98891,1.50,1.02
2011.02.23 05:13:34.406,0.98873,0.98891,1.50,1.02
2011.02.23 05:13:38.496,0.98873,0.9889,1.50,1.02
2011.02.23 05:13:39.366,0.98876,0.98893,1.50,1.39
2011.02.23 05:13:39.476,0.98876,0.98893,1.50,1.39
2011.02.23 05:13:39.586,0.98876,0.98893,1.50,1.47
2011.02.23 05:13:40.835,0.98873,0.98893,1.50,1.47
2011.02.23 05:13:40.946,0.9887,0.98892,2.25,1.47
2011.02.23 05:13:41.384,0.98869,0.9889,1.50,1.69
2011.02.23 05:13:41.605,0.98869,0.98888,1.50,1.39
2011.02.23 05:13:46.597,0.98868,0.98888,1.50,2.14
2011.02.23 05:13:46.951,0.98868,0.98885,1.50,1.47
2011.02.23 05:13:54.957,0.98868,0.98885,1.50,1.39
2011.02.23 05:13:55.504,0.98866,0.98885,1.50,1.39
2011.02.23 05:14:04.714,0.98864,0.98885,1.50,1.47
2011.02.23 05:14:06.506,0.98863,0.98884,1.50,1.17
2011.02.23 05:14:06.725,0.98861,0.98881,1.50,1.17
2011.02.23 05:14:06.835,0.98863,0.98881,1.50,1.17
2011.02.23 05:14:06.945,0.98861,0.98881,1.50,1.92
2011.02.23 05:14:07.165,0.98858,0.9888,3.00,1.17
2011.02.23 05:14:07.494,0.98858,0.98876,1.50,1.39
2011.02.23 05:14:07.604,0.98856,0.98876,1.50,1.39
2011.02.23 05:14:16.794,0.98856,0.98876,1.50,1.47
2011.02.23 05:14:17.125,0.98859,0.98876,1.50,1.47
2011.02.23 05:14:17.235,0.98855,0.98876,1.50,1.47
2011.02.23 05:14:18.477,0.98863,0.98876,1.50,1.47
2011.02.23 05:14:18.586,0.98865,0.98876,1.50,1.39
2011.02.23 05:14:18.694,0.98865,0.98878,3.00,1.39
2011.02.23 05:14:40.624,0.98865,0.98878,3.75,1.39
2011.02.23 05:14:40.955,0.98867,0.98884,4.13,1.39
2011.02.23 05:14:42.375,0.98869,0.98883,1.88,1.39
2011.02.23 05:14:43.437,0.98872,0.98883,1.50,1.47
2011.02.23 05:14:43.656,0.98872,0.98889,1.50,1.39
2011.02.23 05:14:44.206,0.98872,0.9889,1.88,1.84
2011.02.23 05:14:49.256,0.98872,0.98889,1.50,1.62
2011.02.23 05:14:56.377,0.9887,0.9889,1.50,3.57
2011.02.23 05:14:56.596,0.9887,0.98887,1.50,1.39
2011.02.23 05:14:57.035,0.98869,0.98887,1.50,1.47
2011.02.23 05:14:57.536,0.98869,0.98887,1.50,1.47
2011.02.23 05:14:57.719,0.98869,0.98887,1.50,1.39
2011.02.23 05:15:03.006,0.98869,0.98886,1.50,1.39
2011.02.23 05:15:03.114,0.98866,0.98886,1.50,1.39
2011.02.23 05:15:03.332,0.98866,0.98886,1.50,1.54
2011.02.23 05:15:03.895,0.98866,0.98884,1.50,1.39
2011.02.23 05:15:05.555,0.98866,0.98884,1.50,1.54
2011.02.23 05:15:06.265,0.98866,0.98884,1.50,1.39
2011.02.23 05:15:09.555,0.98872,0.98884,1.50,1.39
2011.02.23 05:15:09.776,0.98872,0.98888,1.50,1.39
2011.02.23 05:15:09.996,0.98874,0.98888,1.50,1.39
2011.02.23 05:15:10.324,0.9887,0.98885,1.50,1.39
2011.02.23 05:15:10.545,0.98868,0.98885,1.50,1.39
2011.02.23 05:15:18.656,0.98873,0.98885,1.50,1.39
2011.02.23 05:15:18.874,0.98873,0.98889,1.50,1.39
2011.02.23 05:15:19.514,0.98875,0.98889,1.50,1.39
2011.02.23 05:15:28.156,0.98879,0.98889,1.50,1.39
2011.02.23 05:15:28.375,0.98879,0.98894,1.50,1.39
2011.02.23 05:15:29.034,0.9888,0.98894,1.50,1.39
2011.02.23 05:15:30.906,0.98875,0.98894,3.00,1.39
2011.02.23 05:15:31.516,0.98875,0.98893,3.00,1.39
2011.02.23 05:15:32.104,0.98874,0.98893,1.50,1.54
2011.02.23 05:15:34.145,0.98873,0.98893,1.50,1.54
2011.02.23 05:15:34.258,0.98871,0.98889,1.50,1.39
2011.02.23 05:15:34.375,0.98869,0.98889,1.50,1.39
2011.02.23 05:15:34.707,0.98867,0.98889,3.75,1.54
2011.02.23 05:15:35.276,0.98867,0.98885,3.00,1.39
2011.02.23 05:15:35.385,0.98867,0.98885,3.00,1.39
2011.02.23 05:15:39.535,0.98867,0.98885,2.25,1.39
2011.02.23 05:15:39.866,0.98872,0.98885,1.50,1.39
2011.02.23 05:15:39.976,0.98872,0.98889,1.50,1.39
2011.02.23 05:15:40.535,0.98873,0.98889,1.50,1.39
2011.02.23 05:15:44.446,0.98878,0.98889,1.50,1.39
2011.02.23 05:15:44.665,0.98878,0.98891,1.50,1.39
2011.02.23 05:15:44.775,0.98878,0.98894,1.50,1.39
2011.02.23 05:15:45.193,0.9888,0.98894,1.50,1.39
2011.02.23 05:15:45.416,0.98878,0.98894,1.50,1.39
2011.02.23 05:15:45.638,0.98878,0.98896,1.50,1.39
2011.02.23 05:15:45.855,0.98875,0.98896,1.50,1.39
2011.02.23 05:15:45.965,0.98875,0.98896,1.50,1.39
2011.02.23 05:15:52.936,0.98874,0.98891,3.00,1.39
2011.02.23 05:15:53.155,0.98872,0.98891,1.50,1.39
2011.02.23 05:15:58.365,0.98872,0.98892,1.50,2.89
2011.02.23 05:16:08.895,0.98875,0.98894,1.50,2.14
2011.02.23 05:16:09.005,0.98875,0.98895,1.50,1.39
2011.02.23 05:16:09.554,0.98876,0.98896,2.25,1.39
2011.02.23 05:16:17.917,0.98871,0.98892,1.50,1.39
2011.02.23 05:16:19.845,0.98878,0.98894,1.13,1.39
2011.02.23 05:16:20.394,0.9888,0.98894,1.50,1.39
2011.02.23 05:16:20.954,0.9888,0.98894,1.88,1.39
2011.02.23 05:16:29.867,0.98875,0.98892,1.50,1.39
2011.02.23 05:16:29.976,0.98872,0.98892,3.00,1.39
2011.02.23 05:16:30.525,0.98871,0.98892,1.50,1.39
2011.02.23 05:16:30.746,0.98871,0.9889,1.50,1.39
2011.02.23 05:16:35.434,0.98869,0.9889,2.25,1.47
2011.02.23 05:16:36.041,0.98871,0.9889,1.50,1.69
2011.02.23 05:16:36.634,0.98871,0.98888,1.50,1.39
2011.02.23 05:16:40.646,0.98872,0.98888,1.88,1.39
2011.02.23 05:16:40.975,0.98872,0.98891,1.88,1.47
2011.02.23 05:16:41.305,0.98873,0.98894,2.25,1.47
2011.02.23 05:16:42.649,0.98881,0.98895,3.00,2.22
2011.02.23 05:16:42.767,0.98881,0.98895,3.38,2.14
2011.02.23 05:16:42.875,0.98881,0.98899,3.38,1.47
2011.02.23 05:16:53.194,0.98884,0.98899,1.88,1.47
2011.02.23 05:16:53.946,0.98885,0.98899,1.50,1.47
2011.02.23 05:17:02.525,0.98884,0.98899,1.88,1.24
2011.02.23 05:17:13.615,0.98883,0.98899,1.88,1.02
2011.02.23 05:17:13.726,0.98881,0.98899,1.50,1.02
2011.02.23 05:17:13.835,0.98881,0.98898,1.50,1.39
2011.02.23 05:17:13.946,0.98879,0.98898,3.00,1.39
2011.02.23 05:17:14.275,0.98881,0.98899,1.50,1.99
2011.02.23 05:17:14.388,0.98879,0.98897,1.50,1.39
2011.02.23 05:17:14.966,0.98879,0.98897,1.50,1.39
2011.02.23 05:17:17.217,0.98882,0.98897,3.00,1.39
2011.02.23 05:17:17.326,0.98882,0.98899,3.38,1.24
2011.02.23 05:17:17.953,0.98884,0.989,1.50,1.77
2011.02.23 05:17:20.676,0.98882,0.989,3.38,1.77
2011.02.23 05:17:21.005,0.9888,0.98899,1.50,1.02
2011.02.23 05:17:33.196,0.98879,0.98898,2.25,1.39
2011.02.23 05:17:33.745,0.98879,0.98897,1.50,1.39
2011.02.23 05:17:39.765,0.9888,0.98897,1.50,1.39
2011.02.23 05:17:40.566,0.9888,0.98898,1.50,1.39
2011.02.23 05:17:44.563,0.98875,0.98898,3.00,2.89
2011.02.23 05:17:44.786,0.98874,0.98895,1.50,1.39
2011.02.23 05:17:45.114,0.98876,0.98895,1.50,1.39
2011.02.23 05:17:50.725,0.98877,0.98895,1.50,1.39
2011.02.23 05:17:53.466,0.9888,0.98895,1.50,1.39
2011.02.23 05:17:53.576,0.9888,0.98897,1.50,1.39
2011.02.23 05:18:02.396,0.98877,0.98892,1.50,1.50
2011.02.23 05:18:02.945,0.98876,0.98892,1.50,1.50
2011.02.23 05:18:03.497,0.98875,0.98892,1.50,1.65
2011.02.23 05:18:04.086,0.98876,0.98892,1.50,2.29
2011.02.23 05:18:04.736,0.98876,0.98892,1.50,2.29
2011.02.23 05:18:08.036,0.98876,0.98895,1.50,1.39
2011.02.23 05:18:09.837,0.98874,0.98891,1.50,1.39
2011.02.23 05:18:10.055,0.9887,0.98891,1.50,1.39
2011.02.23 05:18:10.415,0.9887,0.98888,1.50,1.39
2011.02.23 05:18:11.875,0.98874,0.98888,1.50,1.39
2011.02.23 05:18:11.987,0.98874,0.98892,1.50,1.39
2011.02.23 05:18:12.631,0.98875,0.98892,1.50,1.39
2011.02.23 05:18:13.315,0.98875,0.9889,1.50,1.39
2011.02.23 05:18:17.323,0.98876,0.9889,1.50,1.39
2011.02.23 05:18:17.656,0.98877,0.98894,1.50,1.39
2011.02.23 05:18:18.094,0.98877,0.98895,1.50,1.39
2011.02.23 05:18:19.686,0.98879,0.98895,1.50,1.39
2011.02.23 05:18:19.795,0.98879,0.98897,1.50,1.39
2011.02.23 05:18:20.345,0.9888,0.98897,1.50,1.39
2011.02.23 05:18:22.225,0.9888,0.98896,1.50,1.39
2011.02.23 05:18:30.156,0.9888,0.989,1.50,2.14
2011.02.23 05:18:36.026,0.9888,0.98898,1.50,1.39
2011.02.23 05:18:50.865,0.9888,0.9889,1.50,1.13
2011.02.23 05:18:50.974,0.98878,0.9889,1.50,1.13
2011.02.23 05:18:51.308,0.98876,0.9889,1.50,1.13
2011.02.23 05:18:52.075,0.98874,0.98893,3.75,1.24
2011.02.23 05:18:59.697,0.98874,0.98893,3.75,1.24
2011.02.23 05:19:00.119,0.98877,0.98892,1.50,1.24
2011.02.23 05:19:00.455,0.98873,0.98892,3.00,1.24
2011.02.23 05:19:09.685,0.98873,0.98892,3.00,1.99
2011.02.23 05:19:11.277,0.98872,0.98892,2.25,1.99
2011.02.23 05:19:11.386,0.98874,0.98892,1.50,3.49
2011.02.23 05:19:11.934,0.98873,0.98892,1.50,1.99
2011.02.23 05:19:41.645,0.98872,0.98892,2.25,1.99
2011.02.23 05:19:41.984,0.98875,0.98892,1.50,1.99
2011.02.23 05:19:43.005,0.98872,0.98892,2.25,1.99
2011.02.23 05:19:55.265,0.98872,0.98891,2.25,1.24
2011.02.23 05:20:01.510,0.98875,0.98891,1.50,1.24
2011.02.23 05:20:11.025,0.98875,0.98894,1.50,1.99
2011.02.23 05:20:31.564,0.98874,0.98894,1.50,1.99
2011.02.23 05:20:40.590,0.98873,0.98894,2.25,1.99
2011.02.23 05:20:57.469,0.98873,0.98893,2.25,1.24
2011.02.23 05:21:09.795,0.98872,0.98892,1.50,1.24
2011.02.23 05:21:19.465,0.98871,0.98889,2.25,1.35
2011.02.23 05:21:21.635,0.98871,0.98889,3.60,1.35
2011.02.23 05:21:21.746,0.98872,0.98889,1.35,1.35
2011.02.23 05:21:22.295,0.98875,0.98891,1.50,1.35
2011.02.23 05:21:25.134,0.98872,0.98892,3.60,1.35
2011.02.23 05:21:35.805,0.98871,0.98891,4.50,1.35
2011.02.23 05:21:37.475,0.98872,0.9889,1.50,1.24
2011.02.23 05:22:01.187,0.98879,0.98894,2.25,1.24
2011.02.23 05:22:01.735,0.98879,0.98894,2.25,1.39
2011.02.23 05:22:02.265,0.98879,0.98896,2.25,1.39
2011.02.23 05:22:02.485,0.98879,0.98894,3.75,1.39
2011.02.23 05:22:02.707,0.98879,0.98896,3.75,1.39
2011.02.23 05:22:07.547,0.98879,0.98894,3.75,1.39
2011.02.23 05:22:08.096,0.98879,0.98894,2.25,1.39
2011.02.23 05:22:34.797,0.98879,0.98896,3.75,1.39
2011.02.23 05:22:37.975,0.98879,0.98896,3.87,1.39
2011.02.23 05:22:42.017,0.98876,0.98896,2.37,1.39
2011.02.23 05:22:42.565,0.98876,0.98896,1.62,1.39
2011.02.23 05:22:42.851,0.98876,0.98896,1.50,1.39
2011.02.23 05:22:43.076,0.98876,0.98896,1.62,1.39
2011.02.23 05:22:44.216,0.98872,0.98893,2.37,2.89
2011.02.23 05:22:44.766,0.98871,0.9889,1.50,1.39
2011.02.23 05:22:46.116,0.98874,0.9889,1.50,1.39
2011.02.23 05:22:50.156,0.98878,0.9889,1.50,1.39
2011.02.23 05:22:50.375,0.98879,0.98896,2.25,1.39
2011.02.23 05:22:50.925,0.9888,0.98896,1.50,1.39
2011.02.23 05:22:52.546,0.9888,0.98898,1.50,1.54
2011.02.23 05:22:53.095,0.98879,0.98898,3.75,1.39
2011.02.23 05:22:59.478,0.9888,0.98897,1.50,2.14
2011.02.23 05:23:00.135,0.98879,0.98897,1.50,2.14
2011.02.23 05:23:03.225,0.98882,0.98898,1.50,1.39
2011.02.23 05:23:18.335,0.98881,0.98898,1.50,1.39
2011.02.23 05:23:33.936,0.9888,0.98898,1.50,1.39
2011.02.23 05:23:47.236,0.9888,0.98897,1.50,1.39
2011.02.23 05:24:00.035,0.9888,0.98897,1.50,1.39
2011.02.23 05:24:03.897,0.98881,0.98897,1.50,1.39
2011.02.23 05:24:04.556,0.98879,0.98897,1.50,1.39
2011.02.23 05:24:19.395,0.98878,0.98897,5.25,1.39
2011.02.23 05:24:19.618,0.98878,0.98897,1.50,1.54
2011.02.23 05:24:25.088,0.98878,0.98894,1.50,1.54
2011.02.23 05:24:29.406,0.98876,0.98894,1.50,1.54
2011.02.23 05:24:29.955,0.98876,0.98893,1.50,2.29
2011.02.23 05:24:49.337,0.98876,0.98892,1.50,1.02
2011.02.23 05:24:53.878,0.98877,0.98892,1.50,1.02
2011.02.23 05:24:55.775,0.98877,0.98893,1.50,2.29
2011.02.23 05:24:56.325,0.98877,0.98893,1.50,2.29
2011.02.23 05:24:56.546,0.98875,0.98893,1.50,2.29
2011.02.23 05:25:01.056,0.98875,0.98893,1.50,2.29
2011.02.23 05:25:05.686,0.98874,0.98893,2.25,2.29
2011.02.23 05:25:58.945,0.98875,0.98893,1.50,2.29
2011.02.23 05:26:21.825,0.98875,0.98893,1.50,2.29
2011.02.23 05:26:29.006,0.98876,0.98893,1.50,2.29
2011.02.23 05:26:38.516,0.98872,0.98891,1.35,4.65
2011.02.23 05:26:38.626,0.9887,0.98888,1.35,1.39
2011.02.23 05:26:38.848,0.98874,0.98889,2.25,1.20
2011.02.23 05:26:38.958,0.98874,0.98895,3.75,3.04
2011.02.23 05:26:51.486,0.98875,0.98893,1.50,2.22
2011.02.23 05:26:53.755,0.98874,0.98893,1.50,2.22
2011.02.23 05:26:53.866,0.98874,0.98893,1.50,2.14
2011.02.23 05:27:05.456,0.98874,0.98893,1.58,1.50
2011.02.23 05:27:06.115,0.98874,0.98893,1.50,1.58
2011.02.23 05:27:06.666,0.98875,0.98893,1.50,1.58
2011.02.23 05:27:12.227,0.98874,0.98893,1.50,1.58
2011.02.23 05:27:13.386,0.98874,0.98893,1.50,1.50
2011.02.23 05:27:29.706,0.98877,0.98893,1.50,1.50
2011.02.23 05:27:29.816,0.98875,0.98893,1.69,1.50
2011.02.23 05:27:29.926,0.98883,0.98894,2.25,2.14
2011.02.23 05:27:30.146,0.98883,0.989,2.25,1.47
2011.02.23 05:27:30.696,0.98884,0.98901,1.50,2.14
2011.02.23 05:27:46.067,0.98883,0.98901,1.50,2.14
2011.02.23 05:27:46.667,0.98883,0.989,1.50,1.39
2011.02.23 05:27:48.117,0.98882,0.98898,1.50,1.39
2011.02.23 05:27:48.667,0.98883,0.989,1.50,1.47
2011.02.23 05:28:08.486,0.98885,0.98901,1.50,1.39
2011.02.23 05:28:38.282,0.98884,0.98901,1.50,2.07
2011.02.23 05:29:14.473,0.98883,0.98901,3.38,2.07
2011.02.23 05:29:18.384,0.98884,0.98901,1.50,2.07
2011.02.23 05:29:29.836,0.98884,0.989,1.50,1.39
2011.02.23 05:29:41.241,0.98883,0.989,3.00,1.69
2011.02.23 05:29:49.814,0.98883,0.98901,1.50,1.69
2011.02.23 05:30:11.865,0.98884,0.989,1.50,1.17
2011.02.23 05:30:34.917,0.98892,0.98901,1.50,1.47
2011.02.23 05:30:35.247,0.98893,0.9891,2.25,3.30
2011.02.23 05:30:35.930,0.98895,0.9891,1.50,3.30
2011.02.23 05:30:39.916,0.98892,0.9891,3.00,3.30
2011.02.23 05:30:40.028,0.98892,0.9891,2.25,3.94
2011.02.23 05:30:40.356,0.98889,0.9891,2.25,5.10
2011.02.23 05:30:42.216,0.98889,0.98907,1.50,1.39
2011.02.23 05:30:43.576,0.98889,0.98907,2.25,1.39
2011.02.23 05:30:43.687,0.98892,0.98907,1.50,1.39
2011.02.23 05:30:43.797,0.98893,0.9891,1.50,2.07
2011.02.23 05:30:44.397,0.98894,0.9891,1.50,2.07
2011.02.23 05:30:45.608,0.98892,0.98909,1.50,1.32
2011.02.23 05:30:45.717,0.98892,0.98906,1.50,1.39
2011.02.23 05:30:45.936,0.98888,0.98906,1.50,1.39
2011.02.23 05:30:46.266,0.9889,0.98906,1.50,1.39
2011.02.23 05:30:55.826,0.9889,0.98908,1.50,1.39
2011.02.23 05:31:11.896,0.9889,0.9891,1.50,2.07
2011.02.23 05:31:15.676,0.9889,0.98908,1.50,1.39
2011.02.23 05:31:32.407,0.98891,0.98908,1.50,1.39
2011.02.23 05:31:44.246,0.98891,0.98906,1.50,2.22
2011.02.23 05:31:44.576,0.98891,0.98908,1.50,3.64
2011.02.23 05:31:44.687,0.98888,0.98908,1.50,3.64
2011.02.23 05:31:45.017,0.9889,0.98908,1.50,1.39
2011.02.23 05:31:48.227,0.98891,0.98908,1.50,1.39
2011.02.23 05:31:48.776,0.98892,0.98908,1.50,1.39
2011.02.23 05:31:51.547,0.98891,0.98909,1.88,1.39
2011.02.23 05:31:52.089,0.9889,0.98909,1.50,1.77
2011.02.23 05:31:54.199,0.98892,0.98909,1.50,1.77
2011.02.23 05:31:54.526,0.98894,0.98909,1.50,1.54
2011.02.23 05:31:58.326,0.98892,0.9891,1.50,1.02
2011.02.23 05:31:58.436,0.9889,0.9891,2.25,1.02
2011.02.23 05:31:59.117,0.9889,0.9891,1.50,1.77
2011.02.23 05:32:06.287,0.98891,0.9891,2.25,1.77
2011.02.23 05:32:06.397,0.98894,0.98909,1.50,1.02
2011.02.23 05:32:19.426,0.98892,0.98909,1.50,1.02
2011.02.23 05:32:19.866,0.98889,0.98909,1.50,1.39
2011.02.23 05:32:32.596,0.98889,0.98909,2.25,1.39
2011.02.23 05:32:32.819,0.98892,0.9891,1.50,1.77
2011.02.23 05:32:33.155,0.98894,0.9891,1.50,1.77
2011.02.23 05:33:01.307,0.98893,0.98909,1.50,1.02
2011.02.23 05:33:01.636,0.98891,0.98909,1.50,1.02
2011.02.23 05:33:18.927,0.98894,0.98907,1.50,1.39
2011.02.23 05:33:19.147,0.98894,0.9891,1.50,1.02
2011.02.23 05:33:19.696,0.98895,0.9891,1.50,1.02
2011.02.23 05:33:30.287,0.98892,0.98911,2.10,1.54
2011.02.23 05:33:30.617,0.98895,0.98911,1.50,1.54
2011.02.23 05:33:33.491,0.98895,0.98912,1.50,1.54
2011.02.23 05:33:53.727,0.98894,0.98912,1.50,1.54
2011.02.23 05:33:54.606,0.98891,0.98911,1.50,1.39
2011.02.23 05:33:55.857,0.98891,0.98911,1.50,1.39
2011.02.23 05:34:08.797,0.98897,0.9891,1.50,1.54
2011.02.23 05:34:09.126,0.98897,0.98913,1.50,1.50
2011.02.23 05:34:09.345,0.98897,0.98916,1.50,2.89
2011.02.23 05:34:11.586,0.98898,0.98915,1.50,2.14
2011.02.23 05:34:15.557,0.98901,0.98916,1.50,1.39
2011.02.23 05:34:15.668,0.98903,0.98921,1.50,1.02
2011.02.23 05:34:16.117,0.98907,0.98921,1.50,1.02
2011.02.23 05:34:16.999,0.98904,0.98921,1.50,1.99
2011.02.23 05:34:17.547,0.98899,0.98918,1.50,2.29
2011.02.23 05:34:18.207,0.98901,0.98918,1.50,1.39
2011.02.23 05:34:28.047,0.98906,0.98918,1.50,1.39
2011.02.23 05:34:28.268,0.98906,0.98919,1.50,1.20
2011.02.23 05:34:28.926,0.98904,0.98923,1.50,1.73
2011.02.23 05:34:29.257,0.98903,0.9892,1.50,1.62
2011.02.23 05:34:29.478,0.98899,0.98919,1.50,1.62
2011.02.23 05:34:30.027,0.98901,0.98919,1.50,1.62
2011.02.23 05:34:38.238,0.98904,0.98922,1.50,3.12
2011.02.23 05:34:38.786,0.98904,0.98922,1.50,1.62
2011.02.23 05:34:39.428,0.98905,0.98922,1.50,1.62
2011.02.23 05:34:45.857,0.98904,0.98922,1.50,1.62
2011.02.23 05:34:46.407,0.989,0.98918,1.50,1.39
2011.02.23 05:34:46.907,0.989,0.98917,1.50,1.39
2011.02.23 05:34:47.456,0.98901,0.98917,1.50,1.39
2011.02.23 05:34:56.788,0.98901,0.98916,1.50,1.39
2011.02.23 05:35:17.066,0.98902,0.98916,1.50,1.54
2011.02.23 05:35:18.406,0.989,0.98916,1.50,1.54
2011.02.23 05:35:33.676,0.98897,0.98916,3.00,1.39
2011.02.23 05:35:34.466,0.98895,0.98916,1.50,1.54
2011.02.23 05:35:51.907,0.98895,0.98915,1.50,1.54
2011.02.23 05:35:56.017,0.98894,0.98915,2.25,1.54
2011.02.23 05:35:56.127,0.98894,0.98915,2.25,1.47
2011.02.23 05:35:57.119,0.98895,0.98914,1.50,2.22
2011.02.23 05:35:57.997,0.98894,0.98912,1.50,3.08
2011.02.23 05:36:00.240,0.98892,0.98912,2.25,3.83
2011.02.23 05:36:00.797,0.98893,0.98912,1.50,3.87
2011.02.23 05:36:03.335,0.98893,0.98912,1.50,3.72
2011.02.23 05:36:03.887,0.98895,0.98912,1.50,3.72
2011.02.23 05:36:04.118,0.98893,0.98912,1.50,3.72
2011.02.23 05:36:06.147,0.98893,0.98912,1.50,3.72
2011.02.23 05:36:18.942,0.98896,0.98912,1.50,1.58
2011.02.23 05:36:19.172,0.98894,0.98912,1.50,1.58
2011.02.23 05:36:25.872,0.98896,0.98912,1.50,1.58
2011.02.23 05:36:27.837,0.98896,0.98915,1.50,2.14
2011.02.23 05:36:37.313,0.98899,0.98915,1.50,1.39
2011.02.23 05:36:50.981,0.98897,0.98915,1.50,2.14
2011.02.23 05:36:51.882,0.98897,0.98915,1.50,2.22
2011.02.23 05:37:20.922,0.98895,0.98914,1.88,1.47
2011.02.23 05:37:29.829,0.98898,0.98915,1.50,1.47
2011.02.23 05:37:59.831,0.98897,0.98916,1.50,1.47
2011.02.23 05:38:08.414,0.98897,0.98915,1.50,1.05
2011.02.23 05:38:09.741,0.98897,0.98912,1.50,1.50
2011.02.23 05:38:11.291,0.98897,0.98912,1.50,1.80
2011.02.23 05:38:14.252,0.98897,0.98912,1.50,1.80
2011.02.23 05:38:25.131,0.98898,0.98912,1.50,1.80
2011.02.23 05:38:25.681,0.98899,0.98912,1.50,2.03
2011.02.23 05:38:26.881,0.98898,0.98912,1.50,2.03
2011.02.23 05:38:54.097,0.98896,0.98912,2.25,2.03
2011.02.23 05:39:09.353,0.98896,0.98913,2.25,2.25
2011.02.23 05:39:23.042,0.98894,0.9891,1.50,1.50
2011.02.23 05:39:23.592,0.98892,0.9891,1.50,1.50
2011.02.23 05:40:17.909,0.98892,0.9891,1.50,1.50
2011.02.23 05:40:18.433,0.98892,0.98912,1.50,3.79
2011.02.23 05:40:51.211,0.98892,0.98912,1.50,2.28
2011.02.23 05:41:00.991,0.98892,0.9891,3.00,1.50
2011.02.23 05:41:09.153,0.98892,0.9891,1.50,3.00
2011.02.23 05:41:09.263,0.98889,0.9891,2.25,3.83
2011.02.23 05:41:12.573,0.98888,0.98907,1.50,2.40
2011.02.23 05:41:14.412,0.98893,0.9891,1.50,2.73
2011.02.23 05:41:14.635,0.98893,0.98913,2.25,1.09
2011.02.23 05:41:15.182,0.98896,0.98915,1.50,1.73
2011.02.23 05:41:16.893,0.98894,0.98913,2.25,1.73
2011.02.23 05:41:17.442,0.98892,0.98913,1.50,2.37
2011.02.23 05:41:18.713,0.98892,0.98913,1.50,5.37
2011.02.23 05:41:18.943,0.98891,0.98912,3.00,1.20
2011.02.23 05:41:21.163,0.98892,0.98911,2.25,1.20
2011.02.23 05:41:31.756,0.98892,0.98913,2.25,3.12
2011.02.23 05:41:37.053,0.98892,0.98913,2.25,3.87
2011.02.23 05:41:46.259,0.98892,0.98912,2.25,1.20
2011.02.23 05:42:14.162,0.98892,0.98912,2.25,2.37
2011.02.23 05:42:23.771,0.98891,0.98913,2.25,3.87
2011.02.23 05:42:29.842,0.98891,0.98913,2.85,2.14
2011.02.23 05:42:31.542,0.98893,0.98913,2.25,2.29
2011.02.23 05:42:40.783,0.98893,0.98913,2.25,3.04
2011.02.23 05:42:50.844,0.98893,0.98912,2.25,2.29
2011.02.23 05:43:05.991,0.98892,0.98912,2.25,2.29
2011.02.23 05:43:08.142,0.98892,0.98912,2.25,2.52
2011.02.23 05:43:08.789,0.98892,0.98912,2.25,3.27
2011.02.23 05:43:09.342,0.98892,0.9891,2.25,1.13
2011.02.23 05:43:09.862,0.98892,0.9891,2.25,1.13
2011.02.23 05:43:23.643,0.98893,0.9891,1.50,1.35
2011.02.23 05:43:24.175,0.98893,0.9891,1.50,1.35
2011.02.23 05:43:48.582,0.98893,0.9891,1.50,1.35
2011.02.23 05:43:53.453,0.98892,0.9891,2.25,1.35
2011.02.23 05:44:04.092,0.98892,0.98911,2.25,2.10
2011.02.23 05:44:11.312,0.98892,0.98911,2.25,1.35
2011.02.23 05:44:11.952,0.98892,0.98911,2.25,1.35
2011.02.23 05:44:31.041,0.98893,0.98911,2.25,1.35
2011.02.23 05:44:40.921,0.98893,0.98911,2.25,1.35
2011.02.23 05:45:53.541,0.98892,0.98911,2.25,1.35
2011.02.23 05:45:54.112,0.98892,0.98911,2.25,1.35
2011.02.23 05:46:10.202,0.98892,0.98911,2.25,1.35
2011.02.23 05:46:16.363,0.98892,0.9891,2.25,1.24
2011.02.23 05:46:23.529,0.98893,0.9891,1.50,1.24
2011.02.23 05:46:31.903,0.98888,0.98909,3.75,2.85
2011.02.23 05:46:32.123,0.98888,0.98905,1.50,1.39
2011.02.23 05:46:32.233,0.98884,0.98905,3.00,1.39
2011.02.23 05:46:32.343,0.98888,0.98905,1.50,1.39
2011.02.23 05:46:32.562,0.98888,0.98908,1.50,2.74
2011.02.23 05:46:32.675,0.98891,0.98908,1.50,2.14
2011.02.23 05:46:33.223,0.98891,0.9891,2.25,1.39
2011.02.23 05:46:37.693,0.98891,0.9891,3.00,1.39
2011.02.23 05:46:37.804,0.98891,0.98911,3.00,1.39
2011.02.23 05:46:38.243,0.98891,0.9891,1.50,2.89
2011.02.23 05:46:38.795,0.98889,0.98909,3.75,1.39
2011.02.23 05:46:39.664,0.98891,0.98909,1.50,1.39
2011.02.23 05:46:39.885,0.98891,0.9891,3.75,1.39
2011.02.23 05:46:40.433,0.98889,0.98911,2.25,5.14
2011.02.23 05:46:41.474,0.98892,0.98909,1.50,1.39
2011.02.23 05:46:42.023,0.98889,0.9891,2.25,1.50
2011.02.23 05:46:43.155,0.98892,0.9891,1.50,2.14
2011.02.23 05:46:43.750,0.98893,0.98911,1.50,1.39
2011.02.23 05:46:48.853,0.98893,0.98912,1.50,3.64
2011.02.23 05:46:49.402,0.98892,0.98912,2.25,4.39
2011.02.23 05:47:00.514,0.98891,0.98912,2.25,1.39
2011.02.23 05:47:01.092,0.98893,0.98912,1.50,1.39
2011.02.23 05:47:07.242,0.98893,0.98912,1.50,2.14
2011.02.23 05:47:11.016,0.98892,0.98913,2.25,2.14
2011.02.23 05:47:11.123,0.98892,0.98912,2.25,1.17
2011.02.23 05:47:17.565,0.9889,0.9891,1.50,1.40
2011.02.23 05:47:18.007,0.98889,0.98909,2.25,2.56
2011.02.23 05:47:23.144,0.98889,0.9891,2.25,2.93
2011.02.23 05:47:25.223,0.98889,0.98909,2.25,1.66
2011.02.23 05:47:28.496,0.98889,0.9891,2.25,2.89
2011.02.23 05:47:29.053,0.98889,0.98911,3.00,2.29
2011.02.23 05:47:29.282,0.98889,0.9891,3.00,1.50
2011.02.23 05:47:43.492,0.9889,0.9891,2.25,1.41
2011.02.23 05:47:49.604,0.98888,0.98906,1.50,1.47
2011.02.23 05:47:49.714,0.98884,0.98905,2.25,1.47
2011.02.23 05:47:50.173,0.98886,0.98906,2.25,1.05
2011.02.23 05:47:50.283,0.98886,0.98908,2.25,4.54
2011.02.23 05:47:50.504,0.98888,0.98908,1.50,2.97
2011.02.23 05:47:50.832,0.98889,0.98909,2.25,1.47
2011.02.23 05:47:55.323,0.98889,0.98907,1.50,1.47
2011.02.23 05:47:55.858,0.98886,0.98907,1.50,1.47
2011.02.23 05:48:07.096,0.98886,0.98905,1.50,1.28
2011.02.23 05:48:10.363,0.98889,0.98907,1.50,2.67
2011.02.23 05:48:10.903,0.98889,0.98907,1.50,2.37
2011.02.23 05:48:11.234,0.98886,0.98904,1.50,1.62
2011.02.23 05:48:13.603,0.98889,0.98902,1.50,1.09
2011.02.23 05:48:14.043,0.98889,0.98906,1.50,1.50
2011.02.23 05:48:14.883,0.98889,0.98906,1.50,2.25
2011.02.23 05:48:15.455,0.98889,0.98906,1.50,2.25
2011.02.23 05:48:15.984,0.98889,0.98906,1.50,2.40
2011.02.23 05:48:16.544,0.98888,0.98906,1.50,2.40
2011.02.23 05:48:18.683,0.9889,0.98906,1.50,2.40
2011.02.23 05:48:18.903,0.9889,0.98909,2.25,1.39
2011.02.23 05:48:19.344,0.98892,0.98909,1.50,1.58
2011.02.23 05:48:38.885,0.98892,0.9891,1.50,3.15
2011.02.23 05:49:00.043,0.98892,0.9891,1.50,2.40
2011.02.23 05:49:01.704,0.98892,0.98909,1.50,4.47
2011.02.23 05:49:01.813,0.9889,0.98909,1.50,5.14
2011.02.23 05:49:02.553,0.98887,0.98909,3.00,5.14
2011.02.23 05:49:03.144,0.98887,0.98909,3.00,5.14
2011.02.23 05:49:07.668,0.98887,0.98908,2.25,1.39
2011.02.23 05:49:07.784,0.98885,0.98904,3.00,1.39
2011.02.23 05:49:08.453,0.98889,0.98906,1.50,1.50
2011.02.23 05:49:08.563,0.98889,0.98909,1.50,5.29
2011.02.23 05:49:09.363,0.98889,0.98909,2.25,2.89
2011.02.23 05:49:09.803,0.98891,0.98909,2.25,1.58
2011.02.23 05:49:10.683,0.98894,0.9891,1.50,2.25
2011.02.23 05:49:11.422,0.98892,0.9891,2.25,2.25
2011.02.23 05:49:12.743,0.98893,0.9891,2.25,2.40
2011.02.23 05:49:15.573,0.9889,0.9891,3.00,1.13
2011.02.23 05:49:21.914,0.98893,0.9891,1.50,1.13
2011.02.23 05:49:23.103,0.98895,0.98912,1.50,1.54
2011.02.23 05:49:38.279,0.98894,0.98914,1.50,1.54
2011.02.23 05:49:39.104,0.98895,0.98914,1.50,1.54
2011.02.23 05:49:54.424,0.98893,0.98913,1.50,1.77
2011.02.23 05:49:54.754,0.98891,0.98911,2.25,1.35
2011.02.23 05:49:55.142,0.98893,0.98911,1.50,1.35
2011.02.23 05:50:12.813,0.98893,0.98911,1.50,1.13
2011.02.23 05:50:15.460,0.98892,0.98911,1.50,1.13
2011.02.23 05:50:58.424,0.98893,0.98911,1.50,1.13
2011.02.23 05:51:00.517,0.98892,0.9891,1.50,1.13
2011.02.23 05:51:01.073,0.98889,0.9891,4.50,1.13
2011.02.23 05:51:01.685,0.98892,0.9891,1.50,1.13
2011.02.23 05:51:04.393,0.98893,0.9891,1.50,1.13
2011.02.23 05:51:04.992,0.98894,0.98911,1.50,1.02
2011.02.23 05:51:20.663,0.98893,0.9891,1.50,1.13
2011.02.23 05:51:21.213,0.9889,0.98911,2.25,1.77
2011.02.23 05:51:27.684,0.98892,0.98911,1.50,1.77
2011.02.23 05:51:28.233,0.98892,0.98911,1.50,1.02
2011.02.23 05:51:29.013,0.98893,0.98911,1.50,1.02
2011.02.23 05:51:35.803,0.98893,0.9891,1.50,1.02
2011.02.23 05:51:36.353,0.98893,0.98912,1.50,1.02
2011.02.23 05:51:37.463,0.98895,0.98912,1.50,1.02
2011.02.23 05:51:40.066,0.989,0.98913,1.50,1.02
2011.02.23 05:51:40.283,0.989,0.98916,3.00,1.39
2011.02.23 05:51:40.503,0.989,0.98921,3.75,1.39
2011.02.23 05:51:41.053,0.98901,0.98921,1.50,1.39
2011.02.23 05:51:41.773,0.98902,0.98921,1.50,1.39
2011.02.23 05:51:51.225,0.989,0.9892,3.75,2.01
2011.02.23 05:51:51.774,0.98897,0.98918,2.25,1.62
2011.02.23 05:51:52.954,0.98897,0.98918,5.25,1.54
2011.02.23 05:52:12.883,0.98897,0.98917,1.50,3.64
2011.02.23 05:52:16.154,0.98897,0.98916,1.50,2.89
2011.02.23 05:52:16.867,0.98897,0.98916,1.50,2.89
2011.02.23 05:52:17.811,0.98897,0.98916,1.50,2.89
2011.02.23 05:52:18.144,0.98896,0.98914,1.50,1.54
2011.02.23 05:52:21.115,0.98894,0.98914,2.25,1.77
2011.02.23 05:52:21.664,0.98893,0.98911,3.00,1.13
2011.02.23 05:52:22.214,0.98892,0.98911,2.25,1.13
2011.02.23 05:52:23.385,0.98888,0.9891,2.25,1.77
2011.02.23 05:52:24.037,0.98892,0.9891,2.25,1.13
2011.02.23 05:52:29.423,0.98892,0.9891,2.25,1.13
2011.02.23 05:52:30.583,0.98892,0.98911,2.25,3.27
2011.02.23 05:52:34.894,0.98893,0.98911,1.50,1.77
2011.02.23 05:52:35.973,0.98895,0.98911,1.50,1.02
2011.02.23 05:52:44.955,0.98894,0.98911,1.50,1.02
2011.02.23 05:52:45.504,0.98894,0.98911,2.25,1.13
2011.02.23 05:52:49.494,0.98893,0.98913,3.75,1.02
2011.02.23 05:52:50.173,0.98895,0.98913,1.50,1.02
2011.02.23 05:52:51.765,0.98894,0.98914,2.25,2.29
2011.02.23 05:52:55.334,0.98895,0.98913,2.25,1.88
2011.02.23 05:52:55.883,0.98894,0.98916,2.25,1.54
2011.02.23 05:53:00.233,0.98895,0.98917,2.25,5.29
2011.02.23 05:53:08.674,0.98895,0.98915,2.25,1.54
2011.02.23 05:53:18.311,0.98897,0.98915,1.50,1.62
2011.02.23 05:53:18.861,0.98898,0.98916,1.50,1.62
2011.02.23 05:53:31.201,0.98895,0.98914,2.25,1.62
2011.02.23 05:53:31.751,0.98897,0.98914,1.50,1.62
2011.02.23 05:53:39.803,0.98897,0.98913,1.50,1.28
2011.02.23 05:53:42.582,0.98898,0.98914,1.50,1.17
2011.02.23 05:53:44.452,0.98897,0.98916,1.50,1.62
2011.02.23 05:53:45.002,0.98893,0.98912,1.50,1.95
2011.02.23 05:53:45.112,0.98892,0.98912,1.50,2.70
2011.02.23 05:53:47.802,0.98894,0.98912,1.50,2.70
2011.02.23 05:53:48.407,0.98898,0.98916,1.50,2.37
2011.02.23 05:53:48.631,0.98898,0.98916,1.50,2.14
2011.02.23 05:54:21.964,0.98898,0.98915,1.50,1.39
2011.02.23 05:54:22.071,0.98898,0.98915,1.50,1.54
2011.02.23 05:54:22.730,0.98896,0.98915,2.25,1.54
2011.02.23 05:54:32.533,0.9889,0.98909,2.25,3.30
2011.02.23 05:54:32.971,0.98886,0.98907,3.00,2.25
2011.02.23 05:54:33.712,0.98886,0.98907,3.00,1.50
2011.02.23 05:54:33.934,0.98888,0.98907,1.50,1.50
2011.02.23 05:54:38.272,0.98889,0.9891,2.25,3.64
2011.02.23 05:54:38.821,0.98891,0.98909,2.25,1.50
2011.02.23 05:54:41.432,0.98892,0.98909,1.50,1.95
2011.02.23 05:54:44.375,0.98892,0.98909,2.25,1.73
2011.02.23 05:54:50.083,0.98891,0.98909,1.50,2.70
2011.02.23 05:54:50.197,0.98891,0.98909,1.50,4.20
2011.02.23 05:54:50.640,0.9889,0.98906,2.25,1.50
2011.02.23 05:55:08.660,0.98889,0.98907,1.50,1.50
2011.02.23 05:55:10.151,0.98889,0.98907,1.50,1.58
2011.02.23 05:55:13.206,0.98889,0.98909,3.00,1.50
2011.02.23 05:55:13.543,0.98892,0.98909,1.50,1.50
2011.02.23 05:55:51.901,0.98892,0.9891,1.50,1.88
2011.02.23 05:55:58.372,0.98892,0.98909,1.50,1.50
2011.02.23 05:56:11.958,0.9889,0.98909,1.50,3.38
2011.02.23 05:56:12.291,0.9889,0.98905,1.50,1.50
2011.02.23 05:56:14.213,0.9889,0.98907,3.00,1.50
2011.02.23 05:56:18.494,0.98894,0.98907,2.25,1.50
2011.02.23 05:56:18.822,0.98893,0.98912,1.50,1.50
2011.02.23 05:56:19.485,0.98898,0.98915,1.50,1.39
2011.02.23 05:56:19.712,0.98898,0.98917,1.50,1.39
2011.02.23 05:56:19.822,0.98898,0.98917,1.50,1.39
2011.02.23 05:56:23.463,0.98896,0.98917,1.50,2.89
2011.02.23 05:56:24.232,0.98894,0.98916,3.00,3.04
2011.02.23 05:56:33.775,0.98894,0.98915,1.50,3.04
2011.02.23 05:56:34.773,0.98891,0.98911,1.50,1.13
2011.02.23 05:56:35.782,0.98891,0.98911,1.50,1.13
2011.02.23 05:57:27.241,0.98892,0.98912,2.25,1.88
2011.02.23 05:57:37.948,0.98892,0.98912,3.00,1.88
2011.02.23 05:58:06.260,0.98893,0.98911,2.25,1.13
2011.02.23 05:58:06.811,0.98893,0.98912,2.25,1.88
2011.02.23 05:58:16.920,0.98893,0.98911,2.25,1.13
2011.02.23 05:58:24.670,0.98892,0.98912,3.00,4.13
2011.02.23 05:59:50.121,0.98892,0.98911,2.25,1.88
