2011.02.28 20:00:00.561,0.97101,0.97115,1.50,1.32
2011.02.28 20:00:01.116,0.97099,0.97114,2.25,2.07
2011.02.28 20:00:04.046,0.97099,0.97115,2.25,2.07
2011.02.28 20:00:04.157,0.97099,0.97114,2.25,1.51
2011.02.28 20:00:04.377,0.97096,0.97111,1.50,6.76
2011.02.28 20:00:04.597,0.97097,0.97111,2.25,1.32
2011.02.28 20:00:04.706,0.97097,0.97111,2.25,1.32
2011.02.28 20:00:04.925,0.97099,0.97113,2.25,1.32
2011.02.28 20:00:05.758,0.97099,0.97112,1.50,1.32
2011.02.28 20:00:06.527,0.97097,0.97113,2.25,2.82
2011.02.28 20:00:06.856,0.97099,0.97115,2.25,2.07
2011.02.28 20:00:07.975,0.971,0.97115,2.25,1.32
2011.02.28 20:00:08.445,0.97102,0.97117,2.25,1.32
2011.02.28 20:00:08.997,0.97104,0.9712,1.50,1.32
2011.02.28 20:00:09.108,0.97105,0.97122,1.88,1.32
2011.02.28 20:00:09.437,0.9711,0.97127,3.75,1.39
2011.02.28 20:00:09.987,0.97111,0.97128,1.50,1.32
2011.02.28 20:00:11.486,0.97114,0.97131,1.50,3.94
2011.02.28 20:00:11.815,0.97115,0.97131,2.25,3.94
2011.02.28 20:00:11.928,0.97117,0.97131,1.50,3.19
2011.02.28 20:00:12.037,0.97117,0.97133,1.50,2.44
2011.02.28 20:00:12.146,0.97117,0.97135,1.50,2.82
2011.02.28 20:00:12.697,0.9712,0.97135,3.00,2.07
2011.02.28 20:00:12.917,0.97128,0.97141,1.50,2.25
2011.02.28 20:00:13.138,0.97131,0.97141,1.50,2.25
2011.02.28 20:00:13.245,0.97131,0.97144,1.50,2.82
2011.02.28 20:00:13.968,0.97129,0.97144,1.50,1.50
2011.02.28 20:00:14.082,0.97129,0.97141,1.50,1.50
2011.02.28 20:00:14.637,0.97127,0.97143,3.00,1.32
2011.02.28 20:00:15.757,0.97128,0.97141,2.25,1.50
2011.02.28 20:00:16.746,0.97134,0.97141,2.25,1.50
2011.02.28 20:00:16.857,0.97134,0.97148,3.00,1.02
2011.02.28 20:00:17.079,0.97134,0.97148,1.50,1.32
2011.02.28 20:00:17.416,0.97135,0.97147,1.50,1.32
2011.02.28 20:00:17.965,0.97133,0.97145,1.50,1.32
2011.02.28 20:00:18.078,0.97133,0.97145,1.50,1.32
2011.02.28 20:00:18.408,0.97124,0.9714,3.75,1.32
2011.02.28 20:00:19.004,0.97125,0.9714,1.50,1.32
2011.02.28 20:00:20.195,0.97123,0.97139,2.48,1.32
2011.02.28 20:00:21.155,0.97124,0.97139,1.24,1.32
2011.02.28 20:00:21.377,0.97129,0.9714,1.50,2.07
2011.02.28 20:00:21.596,0.97129,0.97144,2.25,1.32
2011.02.28 20:00:28.945,0.97128,0.97145,2.25,1.32
2011.02.28 20:00:29.886,0.97128,0.97144,2.25,1.32
2011.02.28 20:00:30.107,0.97128,0.97141,2.25,1.50
2011.02.28 20:00:30.675,0.97128,0.97141,2.25,1.50
2011.02.28 20:00:31.177,0.97128,0.97141,2.25,1.50
2011.02.28 20:00:31.755,0.97128,0.97144,2.25,1.32
2011.02.28 20:00:32.416,0.9713,0.97145,2.25,1.32
2011.02.28 20:00:33.738,0.9713,0.97146,2.25,1.32
2011.02.28 20:00:34.326,0.9713,0.97147,3.75,1.32
2011.02.28 20:00:34.657,0.97133,0.97148,1.65,1.32
2011.02.28 20:00:34.986,0.97135,0.97151,2.63,1.32
2011.02.28 20:00:35.535,0.97135,0.97151,1.13,1.32
2011.02.28 20:00:37.716,0.97135,0.97151,2.25,1.32
2011.02.28 20:00:38.265,0.97134,0.97151,1.65,2.07
2011.02.28 20:00:39.277,0.97134,0.9715,1.65,2.07
2011.02.28 20:00:39.605,0.97132,0.9715,2.40,2.07
2011.02.28 20:00:40.746,0.97132,0.97149,1.50,1.32
2011.02.28 20:00:41.296,0.97132,0.97148,1.50,1.32
2011.02.28 20:00:41.891,0.97132,0.97147,1.50,1.32
2011.02.28 20:00:42.445,0.9713,0.97147,3.00,1.32
2011.02.28 20:00:47.936,0.9713,0.97146,1.50,1.32
2011.02.28 20:00:48.535,0.9713,0.97146,1.50,1.32
2011.02.28 20:00:50.663,0.97129,0.97145,1.50,1.32
2011.02.28 20:01:00.955,0.9713,0.97146,2.25,1.32
2011.02.28 20:01:01.288,0.97132,0.97147,1.50,1.32
2011.02.28 20:01:01.407,0.97134,0.97149,2.25,1.32
2011.02.28 20:01:01.627,0.97132,0.97149,1.50,2.07
2011.02.28 20:01:09.180,0.97131,0.97149,3.00,1.32
2011.02.28 20:01:09.516,0.97134,0.97149,1.13,1.32
2011.02.28 20:01:09.629,0.97134,0.97151,2.63,1.32
2011.02.28 20:01:10.224,0.97136,0.97151,3.75,1.32
2011.02.28 20:01:13.836,0.97136,0.97151,2.25,1.32
2011.02.28 20:01:14.391,0.97131,0.97146,1.58,1.32
2011.02.28 20:01:14.975,0.9713,0.97146,1.58,1.32
2011.02.28 20:01:15.305,0.9713,0.97146,1.58,1.32
2011.02.28 20:01:28.438,0.9713,0.97147,1.58,1.32
2011.02.28 20:01:28.765,0.9713,0.97147,2.33,1.32
2011.02.28 20:01:33.285,0.97131,0.97147,1.58,1.32
2011.02.28 20:01:41.657,0.97131,0.97147,3.83,1.32
2011.02.28 20:01:44.506,0.97131,0.97147,3.00,1.32
2011.02.28 20:01:46.445,0.97131,0.97147,3.75,1.32
2011.02.28 20:01:48.366,0.97131,0.97147,2.25,3.57
2011.02.28 20:01:48.873,0.97131,0.97146,1.50,1.32
2011.02.28 20:01:49.503,0.97128,0.97146,3.00,3.57
2011.02.28 20:01:50.677,0.97128,0.97146,3.00,1.32
2011.02.28 20:01:50.786,0.97129,0.97146,1.50,1.32
2011.02.28 20:01:51.116,0.97134,0.97148,1.50,1.32
2011.02.28 20:01:51.666,0.97132,0.97147,2.25,1.32
2011.02.28 20:01:52.570,0.97134,0.97147,1.50,1.32
2011.02.28 20:01:52.905,0.97134,0.97148,2.25,1.32
2011.02.28 20:01:53.236,0.97135,0.97148,1.50,2.07
2011.02.28 20:01:53.346,0.97133,0.97148,1.50,2.07
2011.02.28 20:01:53.457,0.97133,0.97148,2.25,1.32
2011.02.28 20:01:56.426,0.97133,0.97148,6.00,1.32
2011.02.28 20:01:56.646,0.97137,0.97149,1.50,1.32
2011.02.28 20:01:56.757,0.97137,0.97149,1.50,1.32
2011.02.28 20:01:57.356,0.97135,0.97148,2.25,1.32
2011.02.28 20:01:57.466,0.97135,0.97148,1.50,1.32
2011.02.28 20:01:57.687,0.97132,0.97148,2.25,4.32
2011.02.28 20:02:02.727,0.97136,0.97149,1.50,1.32
2011.02.28 20:02:02.947,0.97136,0.97149,1.50,1.32
2011.02.28 20:02:05.565,0.97136,0.97152,1.50,1.32
2011.02.28 20:02:06.439,0.97136,0.97152,1.50,1.32
2011.02.28 20:02:14.026,0.97138,0.97153,2.25,1.32
2011.02.28 20:02:26.887,0.97139,0.97154,3.00,1.32
2011.02.28 20:02:26.997,0.97139,0.97156,3.00,1.32
2011.02.28 20:02:28.635,0.9714,0.97158,3.00,2.07
2011.02.28 20:03:08.434,0.9714,0.97156,4.50,2.25
2011.02.28 20:03:08.546,0.9714,0.97156,3.00,3.00
2011.02.28 20:03:08.877,0.9713,0.97146,2.33,1.32
2011.02.28 20:03:09.097,0.97129,0.97145,1.50,1.32
2011.02.28 20:03:09.425,0.97127,0.97145,1.50,2.07
2011.02.28 20:03:16.498,0.97128,0.97145,1.50,1.32
2011.02.28 20:03:17.095,0.97126,0.97145,5.25,2.07
2011.02.28 20:03:17.518,0.97125,0.97141,1.50,2.07
2011.02.28 20:03:17.737,0.97124,0.97141,5.37,2.07
2011.02.28 20:03:20.336,0.97125,0.97141,2.63,2.07
2011.02.28 20:03:20.886,0.97126,0.97142,1.50,1.32
2011.02.28 20:03:24.769,0.9713,0.97146,1.50,1.32
2011.02.28 20:03:25.206,0.97131,0.97147,1.50,1.32
2011.02.28 20:03:26.176,0.97132,0.97147,1.50,1.32
2011.02.28 20:03:35.896,0.97132,0.97148,1.50,1.32
2011.02.28 20:03:36.116,0.97134,0.9715,3.00,1.32
2011.02.28 20:03:37.196,0.97134,0.9715,3.00,1.32
2011.02.28 20:03:40.706,0.97134,0.97149,1.50,1.32
2011.02.28 20:03:49.816,0.97131,0.97148,2.25,1.32
2011.02.28 20:04:00.088,0.97131,0.97148,2.25,1.32
2011.02.28 20:04:00.425,0.97131,0.97148,1.50,1.32
2011.02.28 20:04:00.645,0.97131,0.9715,1.50,1.32
2011.02.28 20:04:01.086,0.97137,0.97151,1.50,2.82
2011.02.28 20:04:01.857,0.97134,0.9715,1.50,1.32
2011.02.28 20:04:03.036,0.97135,0.9715,1.50,1.32
2011.02.28 20:04:03.737,0.97136,0.97151,2.25,3.57
2011.02.28 20:04:04.806,0.97136,0.97151,2.25,2.82
2011.02.28 20:04:05.028,0.97138,0.97153,2.25,1.32
2011.02.28 20:04:05.137,0.97138,0.97153,3.75,1.32
2011.02.28 20:04:05.686,0.97139,0.97156,2.25,1.32
2011.02.28 20:04:07.376,0.97143,0.97156,1.13,1.32
2011.02.28 20:04:07.487,0.97144,0.97159,1.13,2.82
2011.02.28 20:04:07.708,0.97144,0.97161,1.13,1.32
2011.02.28 20:04:07.926,0.97147,0.97162,1.50,1.50
2011.02.28 20:04:10.585,0.97147,0.97162,1.50,1.50
2011.02.28 20:04:11.154,0.97146,0.97162,1.50,2.07
2011.02.28 20:04:11.751,0.97145,0.97161,3.00,1.32
2011.02.28 20:04:11.979,0.97142,0.9716,1.65,2.07
2011.02.28 20:04:13.205,0.97142,0.9716,1.65,2.07
2011.02.28 20:04:13.516,0.97142,0.9716,1.65,2.07
2011.02.28 20:04:15.106,0.97147,0.97162,1.50,2.25
2011.02.28 20:04:15.526,0.97147,0.97162,1.50,2.25
2011.02.28 20:04:17.141,0.97147,0.97162,1.88,2.25
2011.02.28 20:04:17.256,0.97153,0.97162,2.25,2.25
2011.02.28 20:04:19.516,0.97153,0.97162,2.25,2.25
2011.02.28 20:04:20.106,0.97153,0.97162,2.25,2.25
2011.02.28 20:04:21.915,0.9715,0.97162,2.25,4.50
2011.02.28 20:04:22.026,0.97147,0.97162,1.50,4.50
2011.02.28 20:04:24.827,0.97146,0.97161,1.50,1.50
2011.02.28 20:04:24.937,0.97146,0.97158,1.50,2.25
2011.02.28 20:04:25.269,0.97144,0.97153,1.50,2.25
2011.02.28 20:04:25.596,0.97143,0.97151,1.50,1.50
2011.02.28 20:04:25.926,0.97142,0.97153,1.50,2.25
2011.02.28 20:04:26.037,0.97142,0.97156,1.50,2.25
2011.02.28 20:04:26.148,0.97142,0.97152,1.88,1.50
2011.02.28 20:04:26.877,0.97142,0.97152,1.88,1.50
2011.02.28 20:04:26.987,0.97142,0.97155,1.50,2.25
2011.02.28 20:04:27.207,0.97142,0.97155,1.50,2.25
2011.02.28 20:04:27.427,0.97143,0.97159,1.50,1.50
2011.02.28 20:04:28.010,0.97143,0.97159,1.50,1.50
2011.02.28 20:04:39.807,0.97143,0.97156,1.50,1.50
2011.02.28 20:04:40.138,0.97138,0.97149,1.50,4.50
2011.02.28 20:04:40.523,0.97141,0.97152,1.50,3.00
2011.02.28 20:04:40.644,0.97141,0.97156,1.50,3.00
2011.02.28 20:04:40.981,0.97141,0.97152,1.50,1.50
2011.02.28 20:04:41.431,0.97142,0.97156,1.50,1.50
2011.02.28 20:04:41.987,0.97142,0.97158,1.50,4.50
2011.02.28 20:04:42.535,0.97142,0.97158,1.50,4.50
2011.02.28 20:04:44.857,0.97144,0.97158,1.58,4.50
2011.02.28 20:04:45.417,0.97144,0.9716,1.50,2.25
2011.02.28 20:04:46.186,0.97144,0.9716,1.50,1.50
2011.02.28 20:05:00.897,0.97144,0.97161,1.50,2.82
2011.02.28 20:05:02.878,0.97146,0.97162,1.13,4.84
2011.02.28 20:05:03.277,0.97155,0.97171,1.50,4.13
2011.02.28 20:05:03.506,0.97153,0.97169,1.50,3.00
2011.02.28 20:05:04.056,0.97153,0.97168,1.50,1.32
2011.02.28 20:05:04.746,0.97152,0.97168,3.00,1.32
2011.02.28 20:05:05.345,0.97153,0.97168,1.50,1.32
2011.02.28 20:05:08.489,0.97154,0.97169,2.25,1.32
2011.02.28 20:05:08.707,0.97162,0.97176,1.50,2.25
2011.02.28 20:05:09.256,0.97162,0.97177,1.50,2.44
2011.02.28 20:05:09.476,0.97161,0.97175,1.50,3.00
2011.02.28 20:05:09.807,0.9716,0.97172,1.50,1.50
2011.02.28 20:05:10.588,0.97159,0.97172,1.50,2.25
2011.02.28 20:05:10.809,0.97158,0.97172,1.50,2.25
2011.02.28 20:05:10.930,0.97159,0.97175,1.50,1.50
2011.02.28 20:05:12.586,0.97159,0.97176,1.50,2.07
2011.02.28 20:05:14.017,0.97159,0.97176,1.50,2.07
2011.02.28 20:05:14.346,0.97159,0.97176,1.50,1.32
2011.02.28 20:05:15.657,0.97161,0.97177,3.75,1.32
2011.02.28 20:05:15.990,0.97169,0.97176,1.50,1.32
2011.02.28 20:05:16.107,0.97162,0.97176,1.50,1.32
2011.02.28 20:05:16.326,0.97164,0.97176,1.50,1.32
2011.02.28 20:05:16.656,0.97164,0.97176,1.50,1.32
2011.02.28 20:05:25.907,0.97164,0.97176,1.50,1.32
2011.02.28 20:05:26.315,0.97164,0.97176,1.50,1.32
2011.02.28 20:05:26.762,0.97158,0.97176,2.25,2.07
2011.02.28 20:05:26.878,0.97158,0.97174,1.50,3.00
2011.02.28 20:05:26.986,0.97158,0.97174,1.50,3.00
2011.02.28 20:05:28.097,0.97158,0.97174,1.50,3.23
2011.02.28 20:05:28.426,0.97155,0.97172,1.50,1.73
2011.02.28 20:05:28.536,0.97155,0.97171,1.50,1.32
2011.02.28 20:05:28.756,0.97155,0.97171,1.50,1.32
2011.02.28 20:05:29.496,0.97153,0.9717,3.00,1.32
2011.02.28 20:05:29.936,0.97153,0.97169,2.25,1.50
2011.02.28 20:05:30.156,0.97151,0.97168,3.00,2.07
2011.02.28 20:05:32.336,0.97151,0.97168,3.00,2.07
2011.02.28 20:05:33.437,0.97151,0.97168,3.00,1.32
2011.02.28 20:05:33.876,0.97153,0.97169,1.50,1.50
2011.02.28 20:05:36.668,0.97153,0.97169,1.50,1.50
2011.02.28 20:05:37.216,0.97152,0.97168,1.50,1.32
2011.02.28 20:05:37.546,0.97152,0.97168,1.50,1.32
2011.02.28 20:05:38.437,0.97152,0.97169,1.50,1.32
2011.02.28 20:05:52.908,0.97152,0.9717,1.50,2.07
2011.02.28 20:05:53.296,0.97152,0.9717,1.50,2.07
2011.02.28 20:05:55.396,0.97154,0.9717,1.50,1.32
2011.02.28 20:05:55.616,0.97153,0.97169,1.50,1.32
2011.02.28 20:05:56.166,0.97151,0.97169,3.00,1.32
2011.02.28 20:05:56.776,0.97154,0.97171,1.50,1.51
2011.02.28 20:05:57.120,0.97151,0.9717,3.00,1.32
2011.02.28 20:05:57.459,0.97152,0.97169,1.50,1.32
2011.02.28 20:05:57.566,0.97152,0.97168,1.50,1.32
2011.02.28 20:05:58.695,0.97152,0.97169,3.00,2.07
2011.02.28 20:06:02.946,0.97152,0.97168,3.00,1.32
2011.02.28 20:06:03.497,0.97152,0.97169,3.75,1.32
2011.02.28 20:06:03.717,0.97155,0.9717,2.25,1.32
2011.02.28 20:06:03.826,0.97155,0.9717,2.25,1.32
2011.02.28 20:06:04.376,0.97153,0.9717,3.00,1.32
2011.02.28 20:06:06.827,0.97153,0.97169,3.00,2.07
2011.02.28 20:06:06.937,0.97153,0.97167,2.25,1.32
2011.02.28 20:06:07.266,0.97152,0.97162,1.50,1.50
2011.02.28 20:06:07.818,0.97153,0.9717,1.50,3.57
2011.02.28 20:06:07.927,0.97152,0.97167,1.50,1.32
2011.02.28 20:06:08.476,0.97151,0.97166,1.50,1.32
2011.02.28 20:06:08.807,0.9715,0.9717,3.00,2.82
2011.02.28 20:06:12.476,0.97152,0.97169,1.50,1.32
2011.02.28 20:06:15.004,0.97152,0.9717,1.50,2.07
2011.02.28 20:06:15.347,0.97152,0.97169,1.50,1.32
2011.02.28 20:06:15.898,0.97152,0.9717,1.50,2.07
2011.02.28 20:06:16.426,0.97152,0.97168,1.50,1.32
2011.02.28 20:06:22.007,0.97151,0.97167,1.50,1.50
2011.02.28 20:06:22.704,0.9715,0.97166,2.25,1.32
2011.02.28 20:06:23.285,0.97151,0.97166,2.25,1.32
2011.02.28 20:06:23.618,0.97153,0.97169,1.50,1.32
2011.02.28 20:06:23.946,0.9715,0.97166,3.00,1.32
2011.02.28 20:06:24.496,0.97151,0.97166,1.50,1.32
2011.02.28 20:06:25.121,0.97151,0.97167,1.50,1.32
2011.02.28 20:06:25.366,0.97151,0.97168,1.50,1.32
2011.02.28 20:06:25.587,0.97152,0.97169,1.50,1.32
2011.02.28 20:06:26.175,0.97152,0.97169,1.50,1.32
2011.02.28 20:06:28.799,0.97151,0.97166,3.00,1.32
2011.02.28 20:06:28.908,0.97151,0.97168,1.50,2.07
2011.02.28 20:06:29.021,0.97151,0.97166,1.50,1.32
2011.02.28 20:06:29.608,0.9715,0.97166,1.50,1.32
2011.02.28 20:06:33.967,0.97149,0.97166,3.00,1.32
2011.02.28 20:06:34.516,0.97148,0.97165,1.50,1.32
2011.02.28 20:06:34.847,0.97144,0.97158,1.50,2.25
2011.02.28 20:06:35.099,0.97145,0.97162,1.50,4.69
2011.02.28 20:06:35.221,0.97146,0.97162,1.50,1.50
2011.02.28 20:06:35.453,0.97144,0.9716,1.50,5.25
2011.02.28 20:06:35.677,0.97139,0.97156,3.75,1.32
2011.02.28 20:06:35.899,0.97138,0.97156,1.50,1.32
2011.02.28 20:06:36.977,0.97138,0.97155,3.00,2.07
2011.02.28 20:06:37.308,0.9714,0.97155,1.58,2.07
2011.02.28 20:06:37.747,0.97142,0.97157,1.50,3.00
2011.02.28 20:06:37.966,0.97144,0.97159,2.40,1.50
2011.02.28 20:06:38.517,0.97147,0.97161,1.50,2.07
2011.02.28 20:06:39.093,0.97148,0.97161,1.50,1.50
2011.02.28 20:06:45.657,0.97149,0.97161,1.65,1.50
2011.02.28 20:06:45.878,0.97148,0.97164,3.83,2.07
2011.02.28 20:06:46.426,0.97149,0.97164,2.33,1.50
2011.02.28 20:06:48.526,0.97149,0.97164,2.40,1.50
2011.02.28 20:06:51.958,0.97149,0.97164,1.50,1.50
2011.02.28 20:06:52.409,0.97148,0.97161,2.25,1.50
2011.02.28 20:06:52.957,0.97148,0.97161,1.50,1.50
2011.02.28 20:06:56.736,0.97148,0.97161,3.00,1.50
2011.02.28 20:06:56.957,0.97149,0.97166,3.75,1.13
2011.02.28 20:06:57.176,0.97151,0.97167,1.50,1.32
2011.02.28 20:07:02.658,0.97152,0.97161,1.50,1.50
2011.02.28 20:07:03.226,0.97149,0.97161,1.50,1.50
2011.02.28 20:07:10.958,0.97149,0.97164,1.50,1.50
2011.02.28 20:07:11.511,0.97149,0.97166,1.50,1.32
2011.02.28 20:07:12.066,0.97149,0.97165,1.50,1.32
2011.02.28 20:07:13.388,0.97149,0.97167,3.00,4.32
2011.02.28 20:07:15.907,0.97149,0.97166,3.00,1.32
2011.02.28 20:07:23.929,0.97149,0.97167,3.00,2.07
2011.02.28 20:07:24.037,0.9715,0.97167,1.50,1.32
2011.02.28 20:07:24.478,0.97151,0.9717,2.25,2.07
2011.02.28 20:07:24.589,0.97151,0.9717,2.48,1.32
2011.02.28 20:07:24.917,0.97154,0.97172,3.45,2.82
2011.02.28 20:07:25.466,0.97156,0.97172,1.50,2.07
2011.02.28 20:07:36.459,0.97156,0.97172,3.00,1.50
2011.02.28 20:07:36.676,0.97158,0.97174,3.00,2.07
2011.02.28 20:07:37.227,0.97158,0.97174,3.00,2.07
2011.02.28 20:07:45.815,0.97162,0.97174,1.50,2.07
2011.02.28 20:07:46.343,0.97162,0.97175,1.50,1.32
2011.02.28 20:07:46.930,0.97162,0.97176,2.25,2.07
2011.02.28 20:07:47.621,0.97162,0.97177,2.25,1.32
2011.02.28 20:07:47.751,0.97159,0.97176,4.50,1.32
2011.02.28 20:07:48.539,0.97159,0.97176,4.50,1.32
2011.02.28 20:07:49.087,0.97159,0.97176,4.50,1.32
2011.02.28 20:07:49.196,0.97161,0.97176,1.50,1.32
2011.02.28 20:07:49.835,0.97162,0.97176,2.25,1.32
2011.02.28 20:07:50.407,0.97159,0.97176,4.50,1.32
2011.02.28 20:07:53.138,0.97167,0.97177,1.50,1.32
2011.02.28 20:07:53.359,0.97164,0.97177,2.40,1.32
2011.02.28 20:07:53.578,0.97163,0.97176,1.50,1.32
2011.02.28 20:07:54.127,0.97162,0.97176,1.50,1.32
2011.02.28 20:07:57.650,0.97162,0.97177,1.80,1.32
2011.02.28 20:07:57.767,0.97164,0.97178,2.25,1.32
2011.02.28 20:07:57.877,0.97164,0.97179,2.78,1.32
2011.02.28 20:08:00.319,0.97164,0.97179,2.25,1.32
2011.02.28 20:08:00.680,0.97164,0.97181,3.00,2.22
2011.02.28 20:08:01.278,0.97165,0.97181,2.25,1.32
2011.02.28 20:08:03.196,0.97165,0.97179,1.50,1.32
2011.02.28 20:08:03.308,0.97163,0.97179,4.65,1.32
2011.02.28 20:08:03.526,0.97163,0.97179,3.90,1.32
2011.02.28 20:08:03.746,0.97163,0.97179,3.90,2.07
2011.02.28 20:08:04.559,0.97163,0.97177,3.15,1.32
2011.02.28 20:08:05.217,0.97163,0.97176,1.50,1.32
2011.02.28 20:08:05.436,0.97161,0.97176,1.50,1.32
2011.02.28 20:08:06.086,0.97161,0.97177,2.25,1.32
2011.02.28 20:08:07.480,0.9716,0.97175,1.50,1.32
2011.02.28 20:08:08.057,0.97159,0.97175,2.25,1.32
2011.02.28 20:08:09.196,0.9716,0.97175,1.50,1.32
2011.02.28 20:08:12.416,0.9716,0.97177,2.25,1.32
2011.02.28 20:08:12.527,0.9716,0.97177,2.25,1.32
2011.02.28 20:08:17.117,0.9716,0.97177,2.25,1.32
2011.02.28 20:08:19.947,0.9716,0.97177,2.25,2.07
2011.02.28 20:08:20.167,0.97161,0.97177,2.25,2.07
2011.02.28 20:08:32.237,0.97161,0.97177,2.25,1.32
2011.02.28 20:08:43.847,0.97161,0.97177,2.25,1.32
2011.02.28 20:08:44.358,0.97161,0.97178,3.00,2.07
2011.02.28 20:08:50.097,0.97161,0.97178,3.00,1.32
2011.02.28 20:08:56.330,0.97161,0.97178,3.00,2.07
2011.02.28 20:08:56.878,0.97161,0.97177,1.50,1.32
2011.02.28 20:08:57.210,0.97161,0.97177,3.00,1.32
2011.02.28 20:08:57.428,0.97161,0.97177,3.00,1.32
2011.02.28 20:09:00.082,0.97161,0.97178,3.00,1.32
2011.02.28 20:09:00.310,0.97162,0.97179,1.50,1.32
2011.02.28 20:09:00.749,0.97161,0.97178,2.25,1.32
2011.02.28 20:09:02.090,0.9716,0.97176,1.50,1.32
2011.02.28 20:09:02.748,0.97153,0.97168,1.73,4.50
2011.02.28 20:09:03.188,0.97155,0.97168,1.50,2.25
2011.02.28 20:09:03.409,0.97155,0.97171,1.50,1.32
2011.02.28 20:09:03.958,0.97156,0.97172,1.50,1.50
2011.02.28 20:09:05.405,0.97157,0.97172,2.25,1.50
2011.02.28 20:09:05.740,0.97156,0.97175,5.25,2.07
2011.02.28 20:09:05.960,0.97158,0.97175,1.50,2.07
2011.02.28 20:09:06.509,0.9716,0.97175,1.50,2.07
2011.02.28 20:09:12.429,0.9716,0.97174,1.50,1.32
2011.02.28 20:09:12.538,0.97157,0.97172,1.50,1.50
2011.02.28 20:09:40.931,0.97156,0.97171,3.00,1.50
2011.02.28 20:09:41.579,0.97159,0.97171,1.50,1.50
2011.02.28 20:09:42.128,0.97158,0.97171,1.50,1.50
2011.02.28 20:09:42.698,0.97158,0.97171,1.50,1.50
2011.02.28 20:09:44.948,0.97157,0.97171,1.50,1.50
2011.02.28 20:09:47.161,0.97158,0.97171,1.50,1.50
2011.02.28 20:09:47.278,0.97158,0.97175,1.50,1.32
2011.02.28 20:09:47.388,0.97158,0.97176,1.50,2.44
2011.02.28 20:09:47.719,0.97159,0.97174,2.25,1.32
2011.02.28 20:09:48.318,0.97158,0.97174,1.50,1.32
2011.02.28 20:09:51.518,0.97158,0.97176,1.50,1.69
2011.02.28 20:09:52.554,0.97161,0.97176,1.50,1.69
2011.02.28 20:09:52.778,0.97169,0.97177,1.50,1.32
2011.02.28 20:09:52.999,0.97164,0.97175,1.50,1.32
2011.02.28 20:09:53.109,0.97164,0.97175,1.50,1.32
2011.02.28 20:09:53.219,0.97159,0.97175,2.25,1.32
2011.02.28 20:09:53.329,0.97159,0.97176,2.25,1.32
2011.02.28 20:09:53.768,0.97159,0.97176,2.25,1.32
2011.02.28 20:09:54.568,0.97159,0.97177,2.25,2.07
2011.02.28 20:09:59.669,0.97159,0.97175,2.25,1.32
2011.02.28 20:10:00.006,0.97159,0.97173,1.50,2.25
2011.02.28 20:10:00.511,0.97158,0.97171,1.50,1.50
2011.02.28 20:10:01.059,0.9716,0.97171,1.50,1.50
2011.02.28 20:10:02.219,0.9716,0.97171,2.25,1.50
2011.02.28 20:10:02.440,0.9716,0.97176,2.25,2.07
2011.02.28 20:10:06.608,0.9716,0.97173,1.50,1.32
2011.02.28 20:10:07.158,0.9716,0.97172,1.50,1.50
2011.02.28 20:10:17.529,0.97162,0.97172,1.50,1.50
2011.02.28 20:10:18.078,0.97162,0.97171,1.50,1.50
2011.02.28 20:10:23.468,0.97162,0.97175,1.50,1.32
2011.02.28 20:10:32.208,0.97158,0.97176,3.00,2.07
2011.02.28 20:10:32.818,0.97158,0.97175,3.00,1.32
2011.02.28 20:10:57.213,0.97158,0.97175,2.25,1.32
2011.02.28 20:11:32.773,0.97158,0.97175,1.50,1.32
2011.02.28 20:11:37.409,0.97162,0.97175,2.25,1.32
2011.02.28 20:11:37.962,0.97164,0.97175,1.50,1.32
2011.02.28 20:11:42.680,0.97164,0.97177,2.25,1.32
2011.02.28 20:11:54.931,0.97166,0.97177,2.25,1.32
2011.02.28 20:11:55.039,0.97166,0.9718,2.25,1.32
2011.02.28 20:11:55.588,0.97166,0.9718,2.25,1.32
2011.02.28 20:12:00.496,0.97166,0.9718,2.25,1.32
2011.02.28 20:12:05.438,0.97167,0.9718,2.25,1.32
2011.02.28 20:12:17.925,0.97166,0.9718,3.75,1.32
2011.02.28 20:12:26.179,0.97166,0.9718,2.25,1.32
2011.02.28 20:12:30.599,0.97166,0.9718,3.75,1.32
2011.02.28 20:12:30.818,0.97169,0.97181,1.50,1.54
2011.02.28 20:12:31.400,0.97166,0.97182,3.75,2.29
2011.02.28 20:12:33.898,0.97167,0.97182,2.25,2.29
2011.02.28 20:12:45.096,0.97165,0.97181,3.00,1.32
2011.02.28 20:12:49.620,0.97166,0.97181,1.50,2.07
2011.02.28 20:12:54.858,0.97166,0.97181,1.50,3.57
2011.02.28 20:12:59.139,0.97165,0.97181,3.00,2.07
2011.02.28 20:13:02.053,0.97166,0.97181,1.50,1.32
2011.02.28 20:13:03.387,0.97164,0.97181,5.25,1.32
2011.02.28 20:13:05.709,0.97164,0.97179,1.50,1.32
2011.02.28 20:13:05.928,0.97161,0.97175,1.50,1.32
2011.02.28 20:13:06.368,0.97159,0.97175,2.25,1.32
2011.02.28 20:13:07.348,0.97159,0.97175,2.25,2.07
2011.02.28 20:13:07.910,0.97162,0.97175,2.25,1.32
2011.02.28 20:13:08.019,0.97162,0.97177,2.25,1.32
2011.02.28 20:13:21.295,0.97162,0.97177,1.50,1.32
2011.02.28 20:13:21.850,0.97161,0.97175,2.25,1.32
2011.02.28 20:13:21.959,0.97161,0.97176,1.50,1.32
2011.02.28 20:13:22.288,0.9716,0.97175,1.50,2.25
2011.02.28 20:13:26.438,0.9716,0.97171,1.50,1.50
2011.02.28 20:13:37.950,0.97159,0.97171,2.25,1.50
2011.02.28 20:13:38.389,0.97157,0.97171,3.00,1.50
2011.02.28 20:13:39.819,0.97157,0.97171,2.25,2.25
2011.02.28 20:13:40.040,0.97154,0.97168,1.50,1.32
2011.02.28 20:13:40.259,0.97153,0.97168,2.25,1.32
2011.02.28 20:13:45.529,0.97151,0.97167,3.75,1.32
2011.02.28 20:14:01.919,0.9715,0.97167,4.50,1.32
2011.02.28 20:14:07.269,0.97148,0.97164,1.50,1.32
2011.02.28 20:14:10.160,0.97147,0.97161,2.25,1.50
2011.02.28 20:14:10.599,0.97146,0.97161,2.25,2.07
2011.02.28 20:14:15.521,0.97146,0.97161,1.50,2.07
2011.02.28 20:14:20.219,0.97146,0.97161,1.50,2.82
2011.02.28 20:14:24.905,0.97146,0.97161,1.50,2.07
2011.02.28 20:14:29.363,0.97147,0.97161,1.50,2.07
2011.02.28 20:14:30.027,0.97146,0.97161,1.50,2.07
2011.02.28 20:14:36.069,0.97146,0.97161,1.50,2.07
2011.02.28 20:14:51.339,0.97145,0.9716,2.25,1.32
2011.02.28 20:14:52.882,0.97145,0.97158,1.50,1.32
2011.02.28 20:14:52.991,0.97142,0.97158,3.00,1.32
2011.02.28 20:14:53.538,0.97142,0.97159,2.25,1.32
2011.02.28 20:14:54.569,0.9714,0.97156,3.00,1.32
2011.02.28 20:14:54.790,0.97139,0.97155,3.00,1.32
2011.02.28 20:14:55.339,0.9714,0.97155,1.50,1.32
2011.02.28 20:14:55.560,0.97138,0.97153,3.00,1.50
2011.02.28 20:14:55.888,0.9714,0.97156,2.25,1.32
2011.02.28 20:14:56.839,0.9714,0.97155,2.25,1.32
2011.02.28 20:15:10.950,0.97139,0.97156,6.00,2.07
2011.02.28 20:15:11.536,0.97141,0.97156,2.25,1.32
2011.02.28 20:15:18.839,0.97139,0.97156,3.00,2.07
2011.02.28 20:15:37.039,0.97139,0.97156,4.50,1.32
2011.02.28 20:16:01.748,0.97141,0.97155,2.25,1.32
2011.02.28 20:16:24.108,0.97141,0.97155,3.00,1.32
2011.02.28 20:16:24.220,0.97142,0.97159,2.25,3.57
2011.02.28 20:16:59.185,0.97142,0.97159,2.25,1.47
2011.02.28 20:16:59.970,0.97142,0.97159,2.25,1.47
2011.02.28 20:17:00.769,0.97142,0.97157,2.25,3.15
2011.02.28 20:17:00.991,0.97142,0.97157,1.50,3.15
2011.02.28 20:17:01.773,0.97143,0.97159,1.50,1.47
2011.02.28 20:17:02.139,0.97143,0.9716,1.50,3.72
2011.02.28 20:17:02.251,0.97143,0.9716,1.50,3.57
2011.02.28 20:17:02.362,0.97146,0.97162,1.50,3.15
2011.02.28 20:17:02.801,0.97149,0.97165,3.00,1.65
2011.02.28 20:17:03.020,0.9715,0.97165,1.50,1.32
2011.02.28 20:17:04.629,0.9715,0.97164,1.50,1.88
2011.02.28 20:17:04.960,0.97148,0.97158,3.00,2.25
2011.02.28 20:17:05.071,0.97148,0.97161,2.25,2.25
2011.02.28 20:17:05.290,0.97145,0.9716,1.50,1.32
2011.02.28 20:17:06.059,0.97144,0.97161,3.00,1.32
2011.02.28 20:17:06.170,0.97149,0.97163,2.25,1.32
2011.02.28 20:17:06.500,0.97151,0.97167,1.50,1.32
2011.02.28 20:17:07.050,0.9715,0.97164,2.25,1.50
2011.02.28 20:17:07.490,0.97151,0.97167,1.50,2.07
2011.02.28 20:17:09.009,0.9715,0.97167,2.25,1.32
2011.02.28 20:17:09.849,0.97152,0.97166,2.25,1.32
2011.02.28 20:17:10.401,0.97149,0.97165,3.00,1.32
2011.02.28 20:17:10.948,0.97151,0.97166,2.25,1.32
2011.02.28 20:17:11.582,0.97151,0.97165,2.25,1.32
2011.02.28 20:17:12.301,0.97153,0.97166,2.25,1.32
2011.02.28 20:17:12.519,0.97153,0.97166,1.50,1.32
2011.02.28 20:17:12.632,0.97151,0.97166,3.75,1.32
2011.02.28 20:17:13.179,0.97151,0.97165,3.75,1.32
2011.02.28 20:17:14.460,0.97148,0.97164,3.00,1.32
2011.02.28 20:17:14.569,0.97148,0.97163,2.25,1.32
2011.02.28 20:17:14.902,0.97149,0.97163,2.25,1.32
2011.02.28 20:17:15.458,0.97149,0.97163,2.25,1.32
2011.02.28 20:17:16.689,0.97149,0.97162,3.00,1.32
2011.02.28 20:17:17.239,0.9715,0.97166,2.25,2.07
2011.02.28 20:17:20.160,0.97147,0.97162,4.50,1.50
2011.02.28 20:17:20.490,0.97147,0.97164,3.00,2.07
2011.02.28 20:17:20.600,0.97147,0.97163,3.00,1.32
2011.02.28 20:17:22.871,0.97143,0.9716,2.25,1.32
2011.02.28 20:17:23.199,0.97142,0.97159,3.00,1.32
2011.02.28 20:17:23.835,0.97142,0.97158,2.25,1.32
2011.02.28 20:17:25.724,0.97141,0.97152,2.25,2.63
2011.02.28 20:17:26.230,0.9714,0.97152,1.50,3.94
2011.02.28 20:17:26.779,0.9714,0.97152,1.50,4.69
2011.02.28 20:17:27.969,0.9714,0.97152,1.50,3.94
2011.02.28 20:17:28.193,0.97138,0.97153,2.25,1.32
2011.02.28 20:17:28.529,0.97141,0.97155,2.25,1.32
2011.02.28 20:17:28.640,0.97143,0.97158,2.25,2.07
2011.02.28 20:17:28.751,0.97146,0.9716,2.25,2.67
2011.02.28 20:17:30.550,0.97146,0.97161,3.75,1.69
2011.02.28 20:17:30.880,0.9715,0.97164,2.25,1.32
2011.02.28 20:17:30.991,0.9715,0.97166,2.25,2.07
2011.02.28 20:17:31.538,0.9715,0.97166,2.25,1.54
2011.02.28 20:17:34.629,0.9715,0.97165,2.25,1.32
2011.02.28 20:17:45.239,0.9715,0.97166,2.25,1.32
2011.02.28 20:17:45.459,0.97152,0.97167,1.50,1.54
2011.02.28 20:17:55.449,0.97152,0.97168,1.50,1.73
2011.02.28 20:17:55.780,0.97153,0.9717,2.25,2.44
2011.02.28 20:17:56.000,0.97157,0.97172,1.50,2.29
2011.02.28 20:17:56.220,0.97153,0.97174,6.38,2.25
2011.02.28 20:17:56.441,0.97154,0.97174,3.00,1.50
2011.02.28 20:17:56.552,0.97158,0.97176,1.50,2.07
2011.02.28 20:17:56.669,0.97158,0.97176,2.25,1.50
2011.02.28 20:17:57.308,0.97159,0.97178,1.50,1.32
2011.02.28 20:17:58.360,0.9716,0.97178,2.44,1.32
2011.02.28 20:17:58.469,0.97163,0.97181,1.50,4.88
2011.02.28 20:17:58.580,0.97163,0.97181,2.25,3.00
2011.02.28 20:17:58.799,0.97162,0.97182,3.00,1.32
2011.02.28 20:17:59.579,0.97166,0.97183,1.50,1.32
2011.02.28 20:18:00.200,0.97166,0.97183,1.50,1.32
2011.02.28 20:18:00.818,0.97166,0.97183,1.50,1.32
2011.02.28 20:18:01.516,0.97166,0.97183,1.50,1.32
2011.02.28 20:18:02.787,0.97166,0.97183,1.50,1.32
2011.02.28 20:18:03.358,0.97168,0.97184,1.50,1.39
2011.02.28 20:18:05.119,0.97168,0.97184,1.50,1.54
2011.02.28 20:18:06.379,0.97168,0.97184,1.50,1.54
2011.02.28 20:18:06.909,0.97165,0.97179,1.50,1.50
2011.02.28 20:18:07.020,0.97165,0.97177,1.50,2.25
2011.02.28 20:18:07.130,0.97165,0.97177,1.50,1.50
2011.02.28 20:18:07.352,0.97165,0.97179,1.50,2.25
2011.02.28 20:18:07.462,0.97164,0.97181,1.50,1.50
2011.02.28 20:18:08.057,0.97165,0.9718,1.50,2.07
2011.02.28 20:18:10.379,0.97165,0.97181,1.50,2.97
2011.02.28 20:18:14.762,0.97165,0.9718,1.50,1.32
2011.02.28 20:18:41.829,0.97165,0.9718,1.50,1.32
2011.02.28 20:18:42.050,0.97164,0.9718,2.25,3.57
2011.02.28 20:18:42.379,0.97163,0.9718,1.50,1.32
2011.02.28 20:18:42.889,0.97162,0.9718,1.50,1.32
2011.02.28 20:18:43.938,0.97158,0.97179,5.25,1.32
2011.02.28 20:18:44.299,0.97161,0.97179,2.25,1.47
2011.02.28 20:18:44.408,0.97161,0.97179,2.25,1.32
2011.02.28 20:18:53.560,0.97161,0.97178,2.25,2.07
2011.02.28 20:19:01.050,0.97163,0.97178,2.48,4.32
2011.02.28 20:19:01.382,0.97162,0.9718,2.48,1.39
2011.02.28 20:19:01.721,0.97161,0.97176,1.50,1.32
2011.02.28 20:19:02.268,0.97159,0.97177,3.00,1.32
2011.02.28 20:19:03.160,0.97159,0.97178,2.25,1.32
2011.02.28 20:19:03.383,0.97162,0.97175,1.50,1.32
2011.02.28 20:19:03.500,0.97162,0.97175,3.00,1.32
2011.02.28 20:19:04.118,0.97161,0.97176,3.00,1.32
2011.02.28 20:19:04.234,0.97163,0.97178,2.25,3.57
2011.02.28 20:19:04.351,0.97165,0.97181,1.50,1.32
2011.02.28 20:19:04.459,0.97163,0.97181,1.50,1.32
2011.02.28 20:19:04.679,0.97163,0.97181,2.25,2.97
2011.02.28 20:19:05.418,0.97163,0.97179,2.25,1.32
2011.02.28 20:19:05.749,0.97165,0.97179,2.25,1.32
2011.02.28 20:19:05.859,0.97165,0.97179,2.25,1.32
2011.02.28 20:19:10.409,0.97164,0.97181,1.50,3.72
2011.02.28 20:19:10.521,0.97162,0.97179,1.50,1.32
2011.02.28 20:19:10.629,0.97161,0.97178,3.75,2.07
2011.02.28 20:19:11.181,0.97161,0.97179,2.25,1.32
2011.02.28 20:19:12.409,0.97161,0.97177,2.25,1.32
2011.02.28 20:19:12.739,0.97161,0.97177,2.25,2.07
2011.02.28 20:19:12.850,0.97161,0.97176,1.50,1.32
2011.02.28 20:19:13.467,0.9716,0.97176,1.50,1.32
2011.02.28 20:19:18.489,0.97158,0.97174,2.25,1.32
2011.02.28 20:19:19.147,0.97156,0.97175,2.25,2.07
2011.02.28 20:19:30.440,0.97157,0.97175,2.44,1.32
2011.02.28 20:19:30.659,0.97157,0.97175,2.44,1.32
2011.02.28 20:20:05.421,0.97159,0.97176,2.25,1.32
2011.02.28 20:20:13.760,0.9716,0.97176,3.00,1.32
2011.02.28 20:20:13.870,0.9716,0.97178,4.50,1.32
2011.02.28 20:20:14.093,0.97169,0.97178,2.25,1.32
2011.02.28 20:20:14.210,0.97169,0.97178,2.25,1.32
2011.02.28 20:20:14.320,0.97169,0.97186,2.25,1.47
2011.02.28 20:20:14.539,0.97169,0.97184,2.25,1.32
2011.02.28 20:20:15.953,0.97166,0.97181,1.50,2.25
2011.02.28 20:20:16.179,0.97164,0.9718,1.50,3.57
2011.02.28 20:20:16.729,0.97162,0.9718,1.50,3.57
2011.02.28 20:20:18.790,0.97162,0.9718,1.50,3.57
2011.02.28 20:20:36.289,0.97161,0.97176,1.50,1.32
2011.02.28 20:20:41.401,0.97161,0.97179,1.50,2.07
2011.02.28 20:20:41.950,0.9716,0.97179,1.50,1.32
2011.02.28 20:20:43.161,0.9716,0.97177,1.50,1.32
2011.02.28 20:20:43.586,0.97159,0.97173,2.25,1.32
2011.02.28 20:20:43.702,0.97158,0.97174,2.25,1.32
2011.02.28 20:20:43.820,0.97155,0.97174,7.69,1.32
2011.02.28 20:20:43.930,0.97159,0.97177,1.50,2.07
2011.02.28 20:20:45.259,0.97159,0.97177,1.50,2.07
2011.02.28 20:21:02.457,0.97161,0.97177,1.50,2.07
2011.02.28 20:21:03.079,0.97161,0.97178,1.50,1.32
2011.02.28 20:21:06.201,0.97163,0.97179,1.50,2.07
2011.02.28 20:21:06.751,0.97164,0.9718,2.25,2.07
2011.02.28 20:21:07.189,0.97165,0.97181,2.25,2.82
2011.02.28 20:21:16.491,0.97165,0.97181,2.25,1.32
2011.02.28 20:21:17.126,0.97162,0.97178,1.50,1.32
2011.02.28 20:21:29.180,0.97162,0.9718,1.73,1.32
2011.02.28 20:21:29.400,0.97163,0.9718,1.73,1.32
2011.02.28 20:21:29.713,0.97163,0.97182,2.48,1.32
2011.02.28 20:21:30.050,0.97163,0.97182,2.48,1.32
2011.02.28 20:21:30.381,0.97165,0.97184,2.25,3.57
2011.02.28 20:21:31.210,0.97164,0.97183,2.78,1.32
2011.02.28 20:21:48.932,0.97168,0.97183,2.25,2.82
2011.02.28 20:21:49.509,0.97168,0.97184,2.25,1.32
2011.02.28 20:22:01.552,0.97168,0.97184,3.00,1.32
2011.02.28 20:22:17.281,0.97167,0.97183,1.50,1.32
2011.02.28 20:22:17.611,0.97166,0.97182,1.50,2.82
2011.02.28 20:22:17.940,0.97163,0.9718,1.50,1.32
2011.02.28 20:22:18.270,0.97162,0.9718,1.50,3.57
2011.02.28 20:22:18.589,0.97159,0.97179,2.25,2.07
2011.02.28 20:22:19.870,0.97163,0.97179,1.50,2.07
2011.02.28 20:22:20.330,0.97164,0.97179,1.50,1.32
2011.02.28 20:22:22.520,0.97164,0.97179,1.50,1.32
2011.02.28 20:22:23.069,0.97163,0.97178,1.50,1.32
2011.02.28 20:22:27.150,0.97162,0.97177,1.50,1.32
2011.02.28 20:22:27.731,0.97161,0.97176,3.00,1.32
2011.02.28 20:22:30.610,0.97161,0.97179,3.00,2.07
2011.02.28 20:22:33.939,0.97161,0.97179,2.25,1.32
2011.02.28 20:22:34.270,0.97161,0.97179,2.25,1.32
2011.02.28 20:22:34.840,0.97161,0.97179,2.25,1.32
2011.02.28 20:22:35.529,0.97161,0.97179,2.25,1.32
2011.02.28 20:22:39.300,0.97164,0.97179,1.20,1.32
2011.02.28 20:22:39.521,0.97164,0.97182,1.50,2.07
2011.02.28 20:22:40.085,0.97163,0.97183,4.95,1.32
2011.02.28 20:22:40.532,0.97168,0.97183,1.50,1.32
2011.02.28 20:22:40.640,0.97168,0.97184,1.50,1.32
2011.02.28 20:22:40.749,0.97168,0.97184,1.50,1.32
2011.02.28 20:22:41.480,0.97168,0.97185,1.50,1.32
2011.02.28 20:22:42.079,0.97168,0.97185,2.25,2.07
2011.02.28 20:22:56.730,0.97168,0.97183,1.50,1.32
2011.02.28 20:23:10.410,0.97168,0.97184,1.50,1.32
2011.02.28 20:23:10.630,0.97165,0.97182,1.50,1.50
2011.02.28 20:23:11.180,0.97168,0.97185,2.07,1.32
2011.02.28 20:23:11.293,0.9717,0.97186,1.69,1.32
2011.02.28 20:23:11.510,0.9717,0.97188,5.44,1.32
2011.02.28 20:23:18.299,0.97174,0.97189,2.93,1.32
2011.02.28 20:23:25.358,0.97174,0.9719,2.70,1.32
2011.02.28 20:23:50.471,0.97174,0.9719,2.25,1.32
2011.02.28 20:23:52.030,0.97174,0.9719,2.25,1.32
2011.02.28 20:23:57.529,0.97174,0.9719,2.25,1.32
2011.02.28 20:24:02.279,0.97174,0.9719,2.25,1.32
2011.02.28 20:24:03.413,0.97174,0.9719,2.25,1.39
2011.02.28 20:24:07.940,0.97174,0.9719,2.25,1.39
2011.02.28 20:24:19.380,0.97174,0.9719,2.25,1.39
2011.02.28 20:24:19.882,0.97174,0.9719,2.25,1.39
2011.02.28 20:24:20.459,0.97174,0.9719,2.25,1.39
2011.02.28 20:24:36.120,0.97174,0.9719,2.25,1.47
2011.02.28 20:24:45.989,0.97175,0.9719,1.50,1.47
2011.02.28 20:24:48.010,0.97175,0.97193,1.50,1.62
2011.02.28 20:24:48.629,0.97175,0.97191,1.50,2.37
2011.02.28 20:24:48.850,0.97175,0.9719,1.50,1.47
2011.02.28 20:24:49.408,0.97175,0.97191,1.50,2.37
2011.02.28 20:24:49.629,0.97175,0.97191,1.50,1.62
2011.02.28 20:24:51.339,0.97174,0.9719,3.75,1.32
2011.02.28 20:24:51.450,0.97174,0.97188,1.50,2.07
2011.02.28 20:24:51.669,0.97167,0.97181,2.25,2.82
2011.02.28 20:24:51.890,0.97164,0.97177,1.50,1.32
2011.02.28 20:24:52.220,0.97159,0.97178,4.50,1.32
2011.02.28 20:24:52.329,0.97159,0.97175,4.50,1.32
2011.02.28 20:24:55.078,0.97159,0.97177,1.50,1.32
2011.02.28 20:24:55.301,0.97162,0.97179,2.25,1.32
2011.02.28 20:24:55.410,0.97162,0.97181,2.25,1.32
2011.02.28 20:24:55.739,0.97163,0.97183,3.00,1.32
2011.02.28 20:24:59.160,0.97164,0.97181,1.50,1.32
2011.02.28 20:24:59.380,0.97161,0.97176,1.50,1.50
2011.02.28 20:24:59.599,0.97159,0.97175,1.50,2.25
2011.02.28 20:24:59.930,0.97159,0.97175,1.50,2.82
2011.02.28 20:25:00.370,0.97159,0.97175,1.50,2.82
2011.02.28 20:25:00.876,0.97158,0.97175,1.50,2.82
2011.02.28 20:25:18.621,0.97158,0.97175,1.50,1.32
2011.02.28 20:25:22.009,0.97158,0.97175,1.50,1.32
2011.02.28 20:25:30.990,0.9716,0.97176,1.50,3.27
2011.02.28 20:25:40.241,0.97158,0.97172,1.50,1.50
2011.02.28 20:25:40.460,0.97158,0.97173,1.50,1.65
2011.02.28 20:25:41.010,0.97158,0.97175,1.50,1.65
2011.02.28 20:25:42.430,0.97158,0.97176,2.25,2.97
2011.02.28 20:26:03.190,0.97159,0.97176,1.50,1.47
2011.02.28 20:26:05.751,0.97158,0.97175,2.25,1.13
2011.02.28 20:26:06.079,0.97158,0.97176,2.25,1.32
2011.02.28 20:26:22.453,0.97159,0.97176,1.50,1.32
2011.02.28 20:26:25.822,0.97159,0.97175,1.50,3.57
2011.02.28 20:26:25.930,0.97159,0.97175,1.50,3.57
2011.02.28 20:26:26.489,0.97155,0.97173,1.50,1.32
2011.02.28 20:26:28.591,0.97158,0.97175,1.50,2.82
2011.02.28 20:26:29.620,0.97158,0.97174,1.50,1.32
2011.02.28 20:26:30.441,0.97158,0.97174,1.50,1.32
2011.02.28 20:26:37.900,0.97158,0.97176,3.38,1.32
2011.02.28 20:26:38.013,0.9716,0.97179,4.50,1.32
2011.02.28 20:26:38.639,0.9716,0.97179,6.00,1.32
2011.02.28 20:26:39.162,0.97163,0.97179,3.94,1.32
2011.02.28 20:26:39.271,0.97167,0.97181,1.50,1.32
2011.02.28 20:26:39.382,0.97167,0.97182,1.50,1.32
2011.02.28 20:26:39.493,0.97167,0.97185,1.50,2.07
2011.02.28 20:26:39.711,0.97166,0.97185,2.25,2.82
2011.02.28 20:26:39.821,0.97166,0.97185,3.00,1.32
2011.02.28 20:26:40.041,0.97166,0.97183,2.25,1.32
2011.02.28 20:26:40.370,0.97166,0.97185,2.25,1.32
2011.02.28 20:26:42.451,0.97172,0.97185,2.25,1.32
2011.02.28 20:26:42.561,0.97172,0.97189,2.25,1.32
2011.02.28 20:26:43.112,0.97172,0.97189,4.50,1.32
2011.02.28 20:26:43.330,0.97169,0.97186,2.25,1.32
2011.02.28 20:26:43.551,0.97168,0.97186,5.25,1.32
2011.02.28 20:26:44.211,0.97167,0.97183,1.50,1.32
2011.02.28 20:26:44.760,0.97163,0.97183,3.68,1.32
2011.02.28 20:26:45.310,0.97163,0.97181,2.93,1.50
2011.02.28 20:26:47.019,0.97168,0.97181,1.50,1.50
2011.02.28 20:26:49.442,0.97168,0.97182,1.50,2.82
2011.02.28 20:26:49.770,0.97168,0.97184,1.50,1.32
2011.02.28 20:26:50.100,0.97169,0.97185,1.50,2.82
2011.02.28 20:26:50.210,0.97169,0.97185,2.25,3.19
2011.02.28 20:26:50.540,0.97169,0.97185,2.25,1.69
2011.02.28 20:26:51.090,0.97169,0.97186,2.25,2.44
2011.02.28 20:26:51.666,0.97169,0.97185,2.25,1.69
2011.02.28 20:26:54.058,0.97169,0.97185,2.25,1.69
2011.02.28 20:26:55.487,0.97169,0.97185,2.25,1.69
2011.02.28 20:26:56.808,0.97169,0.97185,2.25,1.69
2011.02.28 20:26:57.688,0.97169,0.97185,2.25,1.69
2011.02.28 20:26:58.257,0.97169,0.97185,2.25,1.32
2011.02.28 20:26:59.331,0.97169,0.97186,2.25,2.07
2011.02.28 20:27:00.023,0.97169,0.97186,2.44,2.07
2011.02.28 20:27:00.137,0.97172,0.97187,1.50,1.32
2011.02.28 20:27:04.661,0.97173,0.97186,2.25,1.32
2011.02.28 20:27:04.882,0.9717,0.97186,1.50,1.32
2011.02.28 20:27:05.450,0.97169,0.97186,1.50,1.32
2011.02.28 20:27:09.451,0.97169,0.97185,1.50,1.32
2011.02.28 20:27:10.000,0.97168,0.97185,1.50,3.57
2011.02.28 20:27:24.931,0.97168,0.97185,1.50,1.69
2011.02.28 20:27:30.251,0.97168,0.97185,1.50,2.07
2011.02.28 20:27:32.730,0.97168,0.97185,1.50,2.07
2011.02.28 20:27:33.170,0.97168,0.97185,1.50,2.07
2011.02.28 20:27:33.910,0.97168,0.97185,1.50,2.07
2011.02.28 20:27:34.130,0.97168,0.97185,1.50,2.07
2011.02.28 20:27:34.650,0.97168,0.97185,1.50,1.32
2011.02.28 20:28:04.830,0.97167,0.97184,3.00,1.32
2011.02.28 20:28:18.521,0.97169,0.97185,2.25,1.69
2011.02.28 20:28:20.982,0.97169,0.97184,2.25,1.77
2011.02.28 20:28:26.441,0.9717,0.97187,1.50,1.39
2011.02.28 20:28:27.059,0.9717,0.97187,1.50,1.39
2011.02.28 20:28:27.512,0.9717,0.97187,1.50,1.32
2011.02.28 20:29:07.371,0.9717,0.97188,1.69,1.32
2011.02.28 20:29:07.700,0.9717,0.97188,3.19,1.32
2011.02.28 20:29:09.430,0.9717,0.97188,3.19,1.32
2011.02.28 20:29:10.289,0.9717,0.97188,3.19,1.32
2011.02.28 20:29:10.901,0.9717,0.97188,3.94,1.32
2011.02.28 20:29:11.491,0.97173,0.97188,1.50,1.32
2011.02.28 20:29:11.603,0.97173,0.9719,1.50,2.14
2011.02.28 20:29:11.931,0.97174,0.9719,2.25,1.32
2011.02.28 20:29:12.927,0.97174,0.9719,4.35,1.32
2011.02.28 20:29:15.566,0.97174,0.9719,4.20,1.32
2011.02.28 20:29:20.780,0.97175,0.97192,1.50,1.32
2011.02.28 20:29:27.870,0.97175,0.97192,1.50,1.32
2011.02.28 20:29:28.201,0.97175,0.97192,1.50,1.32
2011.02.28 20:29:38.821,0.97175,0.97192,1.50,2.22
2011.02.28 20:29:39.335,0.97175,0.9719,1.50,1.32
2011.02.28 20:29:39.880,0.97174,0.97191,2.25,3.27
2011.02.28 20:29:52.672,0.97172,0.97188,1.50,2.82
2011.02.28 20:29:53.236,0.97172,0.97188,1.50,2.82
2011.02.28 20:29:53.867,0.97172,0.97187,1.50,1.32
2011.02.28 20:29:59.911,0.97173,0.9719,2.25,5.07
2011.02.28 20:30:00.490,0.97173,0.9719,2.25,2.82
2011.02.28 20:30:06.434,0.97173,0.97187,1.50,1.32
2011.02.28 20:30:06.981,0.97171,0.97187,1.50,1.32
2011.02.28 20:30:11.141,0.97173,0.97187,2.25,1.32
2011.02.28 20:30:11.363,0.97173,0.9719,2.25,1.32
2011.02.28 20:30:11.690,0.97172,0.9719,5.25,1.32
2011.02.28 20:30:11.800,0.97172,0.9719,5.25,1.32
2011.02.28 20:30:12.591,0.97172,0.97187,1.50,1.32
2011.02.28 20:30:20.542,0.97172,0.97187,1.50,1.32
2011.02.28 20:30:47.151,0.97172,0.97188,1.50,2.82
2011.02.28 20:30:47.371,0.97171,0.97189,2.25,2.44
2011.02.28 20:30:47.880,0.97171,0.97189,2.25,3.19
2011.02.28 20:30:48.470,0.97171,0.97189,2.25,2.44
2011.02.28 20:30:50.336,0.97171,0.97189,2.25,2.44
2011.02.28 20:30:50.869,0.97173,0.97191,1.50,1.32
2011.02.28 20:30:59.002,0.97172,0.97189,1.50,2.82
2011.02.28 20:30:59.550,0.97172,0.97187,1.50,1.32
2011.02.28 20:31:09.462,0.97174,0.97189,2.25,2.82
2011.02.28 20:31:09.572,0.97174,0.97191,2.25,4.84
2011.02.28 20:31:10.682,0.97174,0.9719,3.00,2.82
2011.02.28 20:31:10.901,0.97172,0.97188,1.50,1.32
2011.02.28 20:31:11.972,0.97171,0.9719,2.25,3.57
2011.02.28 20:31:12.080,0.97173,0.97191,1.50,2.97
2011.02.28 20:31:13.532,0.97175,0.97191,1.50,3.34
2011.02.28 20:31:15.156,0.97175,0.9719,1.50,1.32
2011.02.28 20:31:25.300,0.97175,0.97191,1.50,3.79
2011.02.28 20:31:25.850,0.97175,0.97192,1.50,2.74
2011.02.28 20:31:27.891,0.97175,0.97191,1.50,2.22
2011.02.28 20:31:28.440,0.97175,0.97192,1.50,2.52
2011.02.28 20:31:28.550,0.97175,0.97192,1.50,2.52
2011.02.28 20:31:30.101,0.97175,0.97192,1.50,1.77
2011.02.28 20:31:30.655,0.97175,0.97192,1.50,1.02
2011.02.28 20:31:31.592,0.97175,0.97192,1.50,1.77
2011.02.28 20:31:46.061,0.97175,0.9719,1.50,1.69
2011.02.28 20:31:49.281,0.97175,0.9719,1.50,1.32
2011.02.28 20:31:59.586,0.97175,0.9719,1.50,1.39
2011.02.28 20:32:03.271,0.97175,0.9719,1.50,1.32
2011.02.28 20:32:24.604,0.97174,0.9719,1.50,1.05
2011.02.28 20:32:25.261,0.97174,0.97192,1.50,1.69
2011.02.28 20:32:29.250,0.97174,0.97191,1.50,2.59
2011.02.28 20:32:29.800,0.97174,0.9719,1.50,1.50
2011.02.28 20:32:30.341,0.97174,0.9719,1.50,2.25
2011.02.28 20:32:34.043,0.97174,0.9719,1.50,1.50
2011.02.28 20:32:38.910,0.97174,0.9719,1.50,2.63
2011.02.28 20:32:48.282,0.97174,0.97191,1.50,1.47
2011.02.28 20:32:48.393,0.97174,0.97192,1.50,2.22
2011.02.28 20:33:37.673,0.97174,0.97191,5.25,1.39
2011.02.28 20:33:38.003,0.97174,0.9719,2.93,2.07
2011.02.28 20:33:38.331,0.97172,0.97188,1.50,2.82
2011.02.28 20:33:38.662,0.97172,0.97188,1.50,2.82
2011.02.28 20:33:40.955,0.97169,0.97188,2.25,3.57
2011.02.28 20:33:43.853,0.97174,0.97189,1.50,2.07
2011.02.28 20:33:47.591,0.97174,0.9719,1.50,1.32
2011.02.28 20:33:48.744,0.97174,0.9719,1.50,2.07
2011.02.28 20:33:49.542,0.97174,0.97188,1.50,2.07
2011.02.28 20:33:51.761,0.97173,0.97188,3.00,1.32
2011.02.28 20:33:53.632,0.97173,0.97188,2.25,1.32
2011.02.28 20:33:54.181,0.97173,0.97189,3.00,1.32
2011.02.28 20:33:54.621,0.97173,0.97188,2.25,1.32
2011.02.28 20:33:55.462,0.97173,0.97188,2.25,1.32
2011.02.28 20:33:56.381,0.97174,0.97188,1.50,1.32
2011.02.28 20:34:13.661,0.97173,0.97188,3.00,1.32
2011.02.28 20:34:17.402,0.97173,0.97188,1.50,1.32
2011.02.28 20:34:36.202,0.97174,0.97189,2.25,1.32
2011.02.28 20:34:37.004,0.97174,0.97189,1.50,1.32
2011.02.28 20:34:50.581,0.97174,0.97189,1.50,1.32
2011.02.28 20:34:51.156,0.97173,0.97189,2.25,1.69
2011.02.28 20:34:51.882,0.97173,0.97188,2.25,2.25
2011.02.28 20:34:52.441,0.97171,0.97188,1.50,2.25
2011.02.28 20:34:53.030,0.97171,0.97187,1.50,1.32
2011.02.28 20:34:56.892,0.9717,0.97187,1.50,1.32
2011.02.28 20:34:57.442,0.97168,0.97184,1.50,2.25
2011.02.28 20:34:59.276,0.97168,0.97178,1.58,2.25
2011.02.28 20:34:59.503,0.97158,0.97177,1.50,1.32
2011.02.28 20:34:59.723,0.97157,0.97173,2.25,2.25
2011.02.28 20:34:59.831,0.97157,0.97173,2.25,2.25
2011.02.28 20:35:01.503,0.97157,0.97173,2.25,2.25
2011.02.28 20:35:01.721,0.97157,0.97173,2.25,2.25
2011.02.28 20:35:05.441,0.97164,0.97173,1.50,1.50
2011.02.28 20:35:05.662,0.97164,0.97179,1.50,1.32
2011.02.28 20:35:05.991,0.97163,0.97182,3.00,1.32
2011.02.28 20:35:07.912,0.97163,0.97182,4.13,1.32
2011.02.28 20:35:08.135,0.97163,0.97182,1.50,2.82
2011.02.28 20:35:08.463,0.97163,0.9718,1.50,2.25
2011.02.28 20:35:08.683,0.97164,0.9718,1.50,2.25
2011.02.28 20:35:09.443,0.97164,0.97178,1.50,2.25
2011.02.28 20:35:09.881,0.97164,0.97176,1.50,1.50
2011.02.28 20:35:10.871,0.97164,0.97178,1.50,2.25
2011.02.28 20:35:11.532,0.97164,0.97177,1.50,3.00
2011.02.28 20:35:11.642,0.97164,0.97177,2.25,2.25
2011.02.28 20:35:11.972,0.9716,0.97175,1.50,1.50
2011.02.28 20:35:12.662,0.97161,0.97178,2.25,2.25
2011.02.28 20:35:12.772,0.97161,0.97176,2.25,1.50
2011.02.28 20:35:15.371,0.97165,0.97181,1.50,1.50
2011.02.28 20:35:16.314,0.97164,0.97182,1.50,1.32
2011.02.28 20:35:16.863,0.97164,0.9718,1.50,1.50
2011.02.28 20:35:18.662,0.97164,0.97177,1.50,1.50
2011.02.28 20:35:19.211,0.97162,0.97175,1.50,2.25
2011.02.28 20:35:20.281,0.97159,0.97175,1.50,2.25
2011.02.28 20:35:22.182,0.97161,0.97175,1.50,1.50
2011.02.28 20:35:22.511,0.97161,0.97178,1.50,2.82
2011.02.28 20:35:24.621,0.97159,0.97178,2.25,2.25
2011.02.28 20:35:27.531,0.97162,0.97177,1.50,1.50
2011.02.28 20:35:27.860,0.97162,0.97177,1.50,1.50
2011.02.28 20:35:30.281,0.97162,0.97174,2.25,1.50
2011.02.28 20:35:30.501,0.97162,0.97176,1.50,1.50
2011.02.28 20:35:31.051,0.97161,0.97176,1.50,1.50
2011.02.28 20:35:33.971,0.97161,0.97176,1.50,2.25
2011.02.28 20:35:34.583,0.97161,0.97176,1.50,1.50
2011.02.28 20:35:35.183,0.97162,0.97176,3.00,1.50
2011.02.28 20:35:35.859,0.97162,0.97179,6.75,2.07
2011.02.28 20:35:36.582,0.97161,0.97177,3.00,1.32
2011.02.28 20:35:36.691,0.97161,0.97177,3.00,1.32
2011.02.28 20:35:37.615,0.97161,0.97177,3.00,1.32
2011.02.28 20:35:39.581,0.97161,0.97177,3.00,1.32
2011.02.28 20:35:52.214,0.9716,0.97176,1.50,1.50
2011.02.28 20:35:54.113,0.9716,0.97175,1.50,2.25
2011.02.28 20:35:54.671,0.9716,0.97175,1.50,2.25
2011.02.28 20:36:04.172,0.97162,0.97175,2.25,2.25
2011.02.28 20:36:07.531,0.9716,0.97177,1.50,1.32
2011.02.28 20:36:07.754,0.9716,0.97177,1.50,3.00
2011.02.28 20:36:11.673,0.97163,0.97174,1.50,1.50
2011.02.28 20:36:12.221,0.97163,0.97177,1.50,2.25
2011.02.28 20:36:14.353,0.97163,0.97177,1.50,2.25
2011.02.28 20:36:14.572,0.97163,0.97177,1.50,4.50
2011.02.28 20:36:15.090,0.97161,0.97174,1.50,2.25
2011.02.28 20:36:19.141,0.97161,0.97174,1.50,2.25
2011.02.28 20:36:21.281,0.97161,0.97174,1.50,2.25
2011.02.28 20:36:22.632,0.97162,0.97174,1.50,1.50
2011.02.28 20:36:22.744,0.97162,0.97177,1.50,2.25
2011.02.28 20:36:24.953,0.97161,0.97177,3.00,4.50
2011.02.28 20:36:25.172,0.97161,0.97177,3.00,4.50
2011.02.28 20:36:25.391,0.97161,0.97177,3.00,4.50
2011.02.28 20:36:26.872,0.97161,0.97174,1.50,2.25
2011.02.28 20:36:28.953,0.97161,0.97174,1.50,2.25
2011.02.28 20:36:29.311,0.97161,0.97174,1.50,2.25
2011.02.28 20:36:29.531,0.97161,0.97178,1.50,2.82
2011.02.28 20:36:43.113,0.97162,0.97178,3.23,2.82
2011.02.28 20:36:43.223,0.97163,0.97178,1.88,3.57
2011.02.28 20:36:43.442,0.97166,0.97183,2.25,1.32
2011.02.28 20:36:43.553,0.97164,0.97183,1.50,1.32
2011.02.28 20:36:43.772,0.97166,0.97182,2.44,1.32
2011.02.28 20:36:44.350,0.97167,0.97182,2.25,1.32
2011.02.28 20:36:45.912,0.97169,0.97182,1.50,1.32
2011.02.28 20:36:46.133,0.9716,0.97177,1.50,3.57
2011.02.28 20:36:46.461,0.9716,0.97175,1.50,2.25
2011.02.28 20:36:54.213,0.9716,0.97175,3.75,2.82
2011.02.28 20:36:54.322,0.97161,0.97178,1.50,1.32
2011.02.28 20:36:54.434,0.97161,0.97178,1.50,1.32
2011.02.28 20:36:55.092,0.97162,0.97178,1.50,1.50
2011.02.28 20:36:55.641,0.97159,0.9718,6.23,2.25
2011.02.28 20:36:56.084,0.97163,0.97181,4.95,2.25
2011.02.28 20:36:56.412,0.97167,0.97182,2.25,1.32
2011.02.28 20:36:56.963,0.97167,0.97182,1.50,1.32
2011.02.28 20:36:57.703,0.97167,0.97179,1.50,1.50
2011.02.28 20:36:58.034,0.97164,0.97181,1.50,2.44
2011.02.28 20:36:58.362,0.97163,0.97181,3.00,2.82
2011.02.28 20:36:58.932,0.97163,0.97176,3.00,2.25
2011.02.28 20:37:00.474,0.97164,0.97179,3.00,2.25
2011.02.28 20:37:01.027,0.97164,0.97179,3.00,2.25
2011.02.28 20:37:01.683,0.97163,0.97179,2.25,2.25
2011.02.28 20:37:16.872,0.97163,0.97179,2.25,2.25
2011.02.28 20:38:17.185,0.97163,0.97179,1.50,1.50
2011.02.28 20:38:30.162,0.97163,0.97178,1.50,3.00
2011.02.28 20:38:30.381,0.97163,0.97178,1.50,4.50
2011.02.28 20:38:45.871,0.97163,0.97175,2.25,1.50
2011.02.28 20:38:45.982,0.97163,0.97178,2.25,3.75
2011.02.28 20:38:46.607,0.97163,0.97178,1.50,2.25
2011.02.28 20:39:00.813,0.97162,0.97178,1.50,2.25
2011.02.28 20:39:01.141,0.97161,0.97178,1.50,2.25
2011.02.28 20:39:08.563,0.9716,0.97177,1.50,1.32
2011.02.28 20:39:09.933,0.97165,0.97177,1.50,1.32
2011.02.28 20:39:10.154,0.97167,0.97181,2.25,1.32
2011.02.28 20:39:10.371,0.97165,0.97181,1.50,1.32
2011.02.28 20:39:10.591,0.97165,0.97181,1.50,1.32
2011.02.28 20:39:10.812,0.97163,0.97178,1.13,1.32
2011.02.28 20:39:11.363,0.9716,0.97178,1.50,1.32
2011.02.28 20:39:11.582,0.9716,0.97178,1.69,1.32
2011.02.28 20:39:11.803,0.97162,0.97178,3.23,1.32
2011.02.28 20:39:11.912,0.97166,0.97178,1.50,1.32
2011.02.28 20:39:12.132,0.97162,0.97178,3.98,1.32
2011.02.28 20:39:13.352,0.97162,0.97178,3.23,1.32
2011.02.28 20:39:13.572,0.9716,0.97177,1.50,3.57
2011.02.28 20:39:14.123,0.9716,0.97174,1.50,2.25
2011.02.28 20:39:14.691,0.9716,0.97174,1.50,2.25
2011.02.28 20:39:15.440,0.9716,0.97174,1.50,2.25
2011.02.28 20:39:15.556,0.97158,0.97174,1.50,2.25
2011.02.28 20:39:16.222,0.97158,0.97174,1.50,2.25
2011.02.28 20:39:16.442,0.97158,0.97174,1.50,2.25
2011.02.28 20:39:16.771,0.97158,0.97174,1.50,2.25
2011.02.28 20:39:16.992,0.97158,0.97174,1.50,2.25
2011.02.28 20:39:18.591,0.97158,0.97174,2.25,2.25
2011.02.28 20:39:22.172,0.97158,0.97176,5.25,1.32
2011.02.28 20:39:22.951,0.97158,0.97175,5.25,2.25
2011.02.28 20:39:29.991,0.97158,0.97176,7.50,1.32
2011.02.28 20:39:30.342,0.97158,0.97176,7.50,1.32
2011.02.28 20:39:30.922,0.97158,0.97176,6.75,1.32
2011.02.28 20:39:31.529,0.97158,0.97176,7.50,1.32
2011.02.28 20:39:32.111,0.97158,0.97176,7.50,1.32
2011.02.28 20:39:32.661,0.97158,0.97176,6.00,1.32
2011.02.28 20:39:33.352,0.97158,0.97176,7.50,1.32
2011.02.28 20:39:37.441,0.97158,0.97176,6.75,1.32
2011.02.28 20:39:51.641,0.97159,0.97176,1.50,1.32
2011.02.28 20:39:59.272,0.9716,0.97177,1.50,1.32
2011.02.28 20:40:04.702,0.9716,0.97177,1.50,1.32
2011.02.28 20:40:05.033,0.97161,0.97179,1.50,2.07
2011.02.28 20:40:05.572,0.97161,0.97179,1.50,2.07
2011.02.28 20:40:26.192,0.97162,0.97179,1.50,2.82
2011.02.28 20:40:26.302,0.97162,0.97178,1.50,1.32
2011.02.28 20:40:26.851,0.97161,0.97178,1.50,1.32
2011.02.28 20:40:28.862,0.97158,0.97179,1.73,3.00
2011.02.28 20:40:45.903,0.97164,0.9718,1.65,1.65
2011.02.28 20:40:46.123,0.97163,0.97181,3.90,1.62
2011.02.28 20:40:46.671,0.97166,0.97181,3.19,1.05
2011.02.28 20:40:47.672,0.97167,0.97182,1.50,1.05
2011.02.28 20:40:56.683,0.97167,0.97182,1.50,1.05
2011.02.28 20:40:57.012,0.97165,0.97182,2.25,1.05
2011.02.28 20:41:11.003,0.97165,0.97182,2.25,1.73
2011.02.28 20:41:12.892,0.97165,0.97183,2.25,1.73
2011.02.28 20:41:17.464,0.97165,0.97184,2.25,4.54
2011.02.28 20:41:22.193,0.97165,0.97181,1.50,2.33
2011.02.28 20:41:22.741,0.97165,0.9718,1.50,2.33
2011.02.28 20:41:24.414,0.97165,0.97177,1.50,3.00
2011.02.28 20:41:24.632,0.97162,0.97177,1.58,3.00
2011.02.28 20:41:30.141,0.97162,0.97174,1.50,2.25
2011.02.28 20:41:30.692,0.97162,0.97174,1.50,2.25
2011.02.28 20:41:33.662,0.97162,0.97174,1.50,2.25
2011.02.28 20:41:33.881,0.97162,0.97174,1.50,2.25
2011.02.28 20:41:35.102,0.97162,0.97174,1.50,2.25
2011.02.28 20:41:35.322,0.97162,0.97174,1.50,2.25
2011.02.28 20:41:35.542,0.9716,0.97174,1.50,2.25
2011.02.28 20:41:38.493,0.97157,0.97172,1.50,2.25
2011.02.28 20:41:38.935,0.97155,0.97171,2.25,1.32
2011.02.28 20:41:39.043,0.97155,0.97171,1.50,1.32
2011.02.28 20:41:39.372,0.97153,0.9717,2.25,1.32
2011.02.28 20:41:39.932,0.97155,0.97169,1.50,1.32
2011.02.28 20:41:41.312,0.97152,0.97169,5.25,1.32
2011.02.28 20:41:41.603,0.97152,0.97169,5.25,1.32
2011.02.28 20:41:41.825,0.9715,0.97167,3.00,3.00
2011.02.28 20:41:42.271,0.97148,0.97164,3.00,2.25
2011.02.28 20:41:43.342,0.97148,0.97164,3.75,2.25
2011.02.28 20:41:43.912,0.97151,0.97164,2.25,1.50
2011.02.28 20:41:44.023,0.97153,0.97168,3.00,2.07
2011.02.28 20:41:44.133,0.97153,0.97168,2.25,1.32
2011.02.28 20:41:44.354,0.97151,0.97168,3.00,1.32
2011.02.28 20:41:44.978,0.97151,0.97169,3.75,1.32
2011.02.28 20:41:45.761,0.97151,0.97169,3.00,1.32
2011.02.28 20:41:46.302,0.97151,0.97169,3.75,1.32
2011.02.28 20:41:48.773,0.97153,0.9717,1.50,1.32
2011.02.28 20:41:48.991,0.97153,0.9717,1.50,1.32
2011.02.28 20:41:52.302,0.97154,0.97171,1.50,3.75
2011.02.28 20:41:52.832,0.97154,0.97169,1.50,2.25
2011.02.28 20:41:53.053,0.97156,0.97169,1.50,1.50
2011.02.28 20:41:53.383,0.97157,0.97171,2.25,1.50
2011.02.28 20:41:53.893,0.97159,0.97174,1.50,2.25
2011.02.28 20:41:54.463,0.97159,0.97174,2.25,2.25
2011.02.28 20:42:00.953,0.97162,0.97174,1.50,1.50
2011.02.28 20:42:01.284,0.97162,0.97177,2.25,1.50
2011.02.28 20:42:01.615,0.97163,0.97181,2.70,2.97
2011.02.28 20:42:01.721,0.97163,0.97182,2.70,1.47
2011.02.28 20:42:01.835,0.97165,0.97182,1.69,1.47
2011.02.28 20:42:02.492,0.97166,0.97183,2.25,1.47
2011.02.28 20:42:03.044,0.97163,0.97182,1.50,1.47
2011.02.28 20:42:03.373,0.97161,0.97182,2.25,3.72
2011.02.28 20:42:03.482,0.97161,0.97182,2.25,6.72
2011.02.28 20:42:06.175,0.97166,0.97183,1.50,1.47
2011.02.28 20:42:06.283,0.97167,0.97184,2.25,2.22
2011.02.28 20:42:07.291,0.97167,0.97183,2.25,1.47
2011.02.28 20:42:07.953,0.97166,0.97183,1.50,1.47
2011.02.28 20:42:08.063,0.97166,0.97183,1.50,1.47
2011.02.28 20:42:12.644,0.97165,0.97178,1.50,3.00
2011.02.28 20:42:13.174,0.97165,0.97174,1.50,1.50
2011.02.28 20:42:16.571,0.97165,0.97178,1.50,1.50
2011.02.28 20:42:17.288,0.97164,0.97177,1.50,1.50
2011.02.28 20:42:26.802,0.97162,0.97177,1.50,1.50
2011.02.28 20:42:27.752,0.97162,0.97177,3.75,1.50
2011.02.28 20:42:28.331,0.97162,0.97177,2.25,1.50
2011.02.28 20:42:34.763,0.97163,0.97178,1.50,1.50
2011.02.28 20:42:49.692,0.97163,0.97177,1.50,1.50
2011.02.28 20:42:50.894,0.97159,0.97177,5.44,1.50
2011.02.28 20:42:51.004,0.97159,0.97181,5.44,3.72
2011.02.28 20:43:02.191,0.97164,0.97179,1.50,1.32
2011.02.28 20:43:16.873,0.97165,0.97181,1.50,4.32
2011.02.28 20:43:20.103,0.97165,0.97181,1.50,2.82
2011.02.28 20:43:20.670,0.97165,0.97181,1.50,2.82
2011.02.28 20:43:56.185,0.97166,0.97182,1.50,2.82
2011.02.28 20:43:56.733,0.97163,0.97182,3.00,1.32
2011.02.28 20:44:00.465,0.97166,0.97182,1.50,2.82
2011.02.28 20:44:01.014,0.97167,0.97184,1.50,5.07
2011.02.28 20:44:05.313,0.97169,0.97184,2.25,2.25
2011.02.28 20:44:05.863,0.97169,0.97185,2.25,1.32
2011.02.28 20:44:06.083,0.97169,0.97185,2.25,1.32
2011.02.28 20:44:07.584,0.97169,0.97185,2.25,1.32
2011.02.28 20:44:08.286,0.9717,0.9719,3.00,1.69
2011.02.28 20:44:08.833,0.9717,0.97189,5.78,1.32
2011.02.28 20:44:09.164,0.9717,0.97189,5.78,1.32
2011.02.28 20:44:09.383,0.9717,0.97189,5.78,1.32
2011.02.28 20:44:09.933,0.97172,0.9719,2.25,1.32
2011.02.28 20:44:13.263,0.97172,0.97189,3.53,1.32
2011.02.28 20:44:14.533,0.97172,0.97189,3.00,1.32
2011.02.28 20:44:15.893,0.97173,0.9719,2.25,1.32
2011.02.28 20:44:16.450,0.97173,0.97189,2.25,1.32
2011.02.28 20:44:18.240,0.97175,0.9719,1.50,1.32
2011.02.28 20:44:19.054,0.97174,0.9719,1.50,1.32
2011.02.28 20:44:20.093,0.97173,0.9719,2.25,1.32
2011.02.28 20:44:31.183,0.97173,0.97189,3.75,1.32
2011.02.28 20:44:31.734,0.97173,0.97186,1.88,1.32
2011.02.28 20:44:32.064,0.97173,0.97189,1.50,1.32
2011.02.28 20:44:32.503,0.97173,0.9719,1.50,1.32
2011.02.28 20:44:33.043,0.97173,0.9719,1.88,1.32
2011.02.28 20:44:54.484,0.97175,0.97195,1.50,2.07
2011.02.28 20:44:58.864,0.97175,0.9719,1.13,1.32
2011.02.28 20:45:00.513,0.97175,0.9719,1.13,1.32
2011.02.28 20:45:17.259,0.97175,0.9719,1.28,1.32
2011.02.28 20:45:25.083,0.97175,0.9719,1.28,1.32
2011.02.28 20:45:27.174,0.97175,0.9719,1.28,1.32
2011.02.28 20:45:34.544,0.97175,0.9719,1.28,1.32
2011.02.28 20:45:35.664,0.97178,0.9719,1.50,1.32
2011.02.28 20:45:35.774,0.97178,0.97194,1.50,1.32
2011.02.28 20:45:36.214,0.97175,0.97192,4.50,1.32
2011.02.28 20:45:36.324,0.97175,0.97192,4.50,1.32
2011.02.28 20:45:49.717,0.97175,0.97188,3.00,1.32
2011.02.28 20:45:49.946,0.9717,0.97184,1.50,1.32
2011.02.28 20:45:50.164,0.97167,0.97184,5.25,1.32
2011.02.28 20:45:50.673,0.97167,0.97184,3.75,1.32
2011.02.28 20:45:51.224,0.97169,0.97184,1.50,1.32
2011.02.28 20:45:51.444,0.9717,0.97187,3.45,2.82
2011.02.28 20:45:54.853,0.97172,0.97187,3.75,1.32
2011.02.28 20:45:56.475,0.9717,0.97186,2.25,1.13
2011.02.28 20:45:58.164,0.97168,0.97184,1.50,1.32
2011.02.28 20:45:58.713,0.97165,0.97183,5.25,1.32
2011.02.28 20:45:59.255,0.97165,0.97183,5.25,1.32
2011.02.28 20:45:59.914,0.97168,0.97184,1.50,1.32
2011.02.28 20:46:00.427,0.97168,0.97184,1.50,1.32
2011.02.28 20:46:01.643,0.97167,0.97186,3.00,1.32
2011.02.28 20:46:02.195,0.97169,0.97184,3.75,1.32
2011.02.28 20:46:02.831,0.97169,0.97184,2.25,1.32
2011.02.28 20:46:04.834,0.9717,0.97184,1.50,1.32
2011.02.28 20:46:05.383,0.97168,0.97184,2.25,1.32
2011.02.28 20:46:10.775,0.9717,0.97184,1.50,1.32
2011.02.28 20:46:11.912,0.97169,0.97184,2.25,1.32
2011.02.28 20:46:14.225,0.97171,0.97186,2.25,1.32
2011.02.28 20:46:19.974,0.97173,0.97187,2.25,1.32
2011.02.28 20:46:20.523,0.97173,0.9719,4.95,1.32
2011.02.28 20:46:22.985,0.97173,0.97189,4.88,1.32
2011.02.28 20:46:23.492,0.97172,0.97189,1.73,1.32
2011.02.28 20:46:24.564,0.97172,0.9719,1.50,2.07
2011.02.28 20:46:30.134,0.9717,0.97187,1.50,1.32
2011.02.28 20:46:32.822,0.97169,0.97184,1.88,1.50
2011.02.28 20:46:33.354,0.97167,0.97184,1.58,2.82
2011.02.28 20:46:34.544,0.97166,0.97183,3.00,1.32
2011.02.28 20:46:35.094,0.97166,0.97182,2.25,2.29
2011.02.28 20:46:36.993,0.97166,0.97184,3.00,2.82
2011.02.28 20:46:37.334,0.97166,0.97184,2.25,2.07
2011.02.28 20:46:40.543,0.97169,0.97184,3.00,2.07
2011.02.28 20:46:40.763,0.97169,0.97184,2.25,1.50
2011.02.28 20:46:40.872,0.97169,0.97186,2.25,2.07
2011.02.28 20:46:42.195,0.97169,0.97186,3.00,1.32
2011.02.28 20:46:42.413,0.97165,0.97186,3.98,1.32
2011.02.28 20:46:42.964,0.97165,0.97185,3.98,1.50
2011.02.28 20:46:44.735,0.97172,0.97187,1.50,3.57
2011.02.28 20:46:45.064,0.97169,0.97186,3.00,1.32
2011.02.28 20:46:49.674,0.97172,0.97184,1.50,1.50
2011.02.28 20:46:49.895,0.97172,0.97189,2.25,2.82
2011.02.28 20:46:50.114,0.97173,0.97191,1.50,4.32
2011.02.28 20:46:50.225,0.97173,0.97191,1.50,2.82
2011.02.28 20:46:55.185,0.97172,0.97188,6.00,1.32
2011.02.28 20:47:03.875,0.9717,0.97187,1.50,2.25
2011.02.28 20:47:07.393,0.9717,0.97186,1.50,1.50
2011.02.28 20:47:11.154,0.97172,0.97188,1.50,2.82
2011.02.28 20:47:16.253,0.97173,0.97188,1.50,2.07
2011.02.28 20:47:18.844,0.97173,0.97188,1.50,2.07
2011.02.28 20:47:19.305,0.97173,0.97188,1.50,2.07
2011.02.28 20:47:19.634,0.97179,0.9719,1.34,2.07
2011.02.28 20:47:26.774,0.9718,0.97191,1.60,1.32
2011.02.28 20:47:27.994,0.97181,0.97191,1.60,1.32
2011.02.28 20:47:38.644,0.97181,0.97191,1.68,4.32
2011.02.28 20:47:40.689,0.97181,0.97191,1.75,4.32
2011.02.28 20:47:43.284,0.97179,0.97189,1.20,1.50
2011.02.28 20:47:44.174,0.97176,0.97187,1.20,1.50
2011.02.28 20:47:44.395,0.97171,0.97187,2.33,2.25
2011.02.28 20:47:51.535,0.97173,0.97188,1.73,1.32
2011.02.28 20:47:51.754,0.97173,0.9719,2.48,1.32
2011.02.28 20:47:56.805,0.97173,0.9719,2.70,1.32
2011.02.28 20:47:57.465,0.97172,0.97189,1.65,2.07
2011.02.28 20:48:03.603,0.97172,0.9719,1.73,3.57
2011.02.28 20:48:04.154,0.97174,0.9719,1.20,2.82
2011.02.28 20:48:11.784,0.97173,0.9719,1.50,2.82
2011.02.28 20:48:26.473,0.97173,0.97189,1.50,1.32
2011.02.28 20:48:27.035,0.97171,0.97188,2.25,1.32
2011.02.28 20:48:27.610,0.97172,0.97188,1.50,1.32
2011.02.28 20:48:34.304,0.97172,0.97188,1.88,1.32
2011.02.28 20:48:39.863,0.97172,0.97188,1.50,1.32
2011.02.28 20:48:40.194,0.97175,0.97189,1.50,1.32
2011.02.28 20:48:40.303,0.97175,0.97189,1.50,1.32
2011.02.28 20:48:41.734,0.97175,0.97189,1.50,1.32
2011.02.28 20:48:42.283,0.97175,0.97189,1.50,1.32
2011.02.28 20:48:42.833,0.97175,0.97189,1.50,1.32
2011.02.28 20:48:43.384,0.97174,0.97189,2.40,1.32
2011.02.28 20:48:43.715,0.97176,0.97189,1.50,1.32
2011.02.28 20:48:43.826,0.97179,0.97195,1.50,3.57
2011.02.28 20:48:44.414,0.97179,0.97196,1.50,1.32
2011.02.28 20:48:47.177,0.97182,0.97199,2.25,2.70
2011.02.28 20:48:47.395,0.97184,0.97199,1.50,1.88
2011.02.28 20:48:47.724,0.97182,0.97199,2.25,2.25
2011.02.28 20:48:48.273,0.97182,0.97199,3.00,2.25
2011.02.28 20:48:49.540,0.97183,0.97199,1.50,1.32
2011.02.28 20:48:49.874,0.97183,0.972,1.50,1.92
2011.02.28 20:48:56.336,0.97183,0.972,1.50,3.64
2011.02.28 20:48:57.847,0.97183,0.972,3.75,1.69
2011.02.28 20:49:05.093,0.97183,0.972,3.75,1.32
2011.02.28 20:49:10.513,0.97183,0.972,1.50,3.19
2011.02.28 20:49:10.961,0.97183,0.972,1.50,2.82
2011.02.28 20:49:12.515,0.97183,0.972,1.50,1.32
2011.02.28 20:49:13.064,0.97183,0.972,1.50,1.32
2011.02.28 20:49:13.725,0.97183,0.972,3.90,2.82
2011.02.28 20:49:13.834,0.97183,0.972,3.90,2.82
2011.02.28 20:49:15.553,0.97183,0.972,3.90,2.82
2011.02.28 20:49:16.724,0.97183,0.972,1.73,1.32
2011.02.28 20:49:16.834,0.97183,0.972,1.73,1.32
2011.02.28 20:49:17.423,0.97184,0.972,2.25,1.32
2011.02.28 20:49:32.514,0.97184,0.97203,3.00,1.32
2011.02.28 20:49:32.624,0.97184,0.97203,4.13,1.32
2011.02.28 20:49:45.685,0.97188,0.97203,3.00,1.32
2011.02.28 20:49:45.795,0.97188,0.97205,3.00,1.32
2011.02.28 20:49:45.904,0.97188,0.97205,3.00,1.32
2011.02.28 20:49:50.914,0.97186,0.97203,1.05,1.32
2011.02.28 20:50:13.703,0.97188,0.97203,1.50,1.32
2011.02.28 20:50:14.819,0.97188,0.97203,1.50,1.32
2011.02.28 20:50:15.157,0.97184,0.97198,1.50,1.50
2011.02.28 20:50:15.595,0.97184,0.97201,1.50,4.32
2011.02.28 20:50:15.704,0.97184,0.97201,1.50,3.57
2011.02.28 20:50:17.733,0.97184,0.97201,1.65,3.57
2011.02.28 20:50:19.882,0.97185,0.97198,1.50,1.50
2011.02.28 20:50:20.554,0.97186,0.972,1.50,1.50
2011.02.28 20:50:21.966,0.97184,0.972,1.50,2.25
2011.02.28 20:50:22.184,0.97184,0.972,1.50,2.25
2011.02.28 20:50:22.294,0.97182,0.97199,1.50,2.25
2011.02.28 20:50:26.145,0.97182,0.97196,1.50,3.75
2011.02.28 20:50:26.827,0.97183,0.97198,1.50,5.82
2011.02.28 20:50:29.313,0.97184,0.972,1.50,4.32
2011.02.28 20:50:31.445,0.97183,0.97198,1.50,3.00
2011.02.28 20:50:31.994,0.97183,0.97196,1.50,2.25
2011.02.28 20:50:33.799,0.97184,0.97196,1.50,1.50
2011.02.28 20:50:33.919,0.97183,0.972,1.50,1.32
2011.02.28 20:50:34.473,0.97183,0.972,1.50,1.32
2011.02.28 20:50:34.585,0.97182,0.972,1.50,2.07
2011.02.28 20:50:35.164,0.97182,0.97198,1.50,1.50
2011.02.28 20:50:38.868,0.97182,0.97199,1.50,2.07
2011.02.28 20:50:48.604,0.97182,0.97199,1.50,1.32
2011.02.28 20:50:49.153,0.97182,0.972,1.50,2.07
2011.02.28 20:51:03.964,0.97182,0.972,1.73,2.07
2011.02.28 20:51:21.824,0.97184,0.972,1.50,2.07
2011.02.28 20:51:45.555,0.97184,0.97201,1.50,1.32
2011.02.28 20:51:46.103,0.97183,0.97201,1.50,1.32
2011.02.28 20:52:03.955,0.97183,0.97199,1.50,2.25
2011.02.28 20:52:04.604,0.97183,0.972,1.50,1.39
2011.02.28 20:52:16.915,0.97183,0.97199,1.50,1.39
2011.02.28 20:52:18.855,0.97183,0.97199,1.50,1.32
2011.02.28 20:52:25.915,0.97182,0.97198,1.50,2.25
2011.02.28 20:52:26.135,0.9718,0.97197,1.50,4.50
2011.02.28 20:52:26.686,0.97182,0.97197,1.50,3.75
2011.02.28 20:52:27.236,0.97181,0.97199,1.50,4.32
2011.02.28 20:52:31.945,0.9718,0.97198,1.73,1.32
2011.02.28 20:52:39.476,0.97182,0.97198,3.00,1.32
2011.02.28 20:52:39.914,0.9718,0.97198,1.50,2.82
2011.02.28 20:52:40.865,0.97182,0.97198,1.50,2.82
2011.02.28 20:52:41.413,0.97182,0.97198,2.25,1.32
2011.02.28 20:52:42.217,0.9718,0.97198,1.50,1.32
2011.02.28 20:52:42.774,0.97182,0.97198,1.50,3.57
2011.02.28 20:52:43.380,0.97181,0.97198,2.25,1.32
2011.02.28 20:52:45.474,0.97181,0.97198,2.25,1.32
2011.02.28 20:52:46.023,0.9718,0.97198,1.50,1.32
2011.02.28 20:52:47.726,0.9718,0.97198,1.50,5.07
2011.02.28 20:52:48.054,0.9718,0.97196,1.50,2.25
2011.02.28 20:52:48.164,0.9718,0.97196,1.50,2.25
2011.02.28 20:52:49.394,0.9718,0.97196,1.50,2.25
2011.02.28 20:52:50.164,0.9718,0.97198,1.50,2.82
2011.02.28 20:53:07.705,0.9718,0.97198,1.50,2.82
2011.02.28 20:53:16.645,0.9718,0.97194,1.50,1.35
2011.02.28 20:53:16.865,0.9718,0.97194,1.50,1.35
2011.02.28 20:53:17.414,0.9718,0.97198,1.50,7.32
2011.02.28 20:53:21.156,0.97181,0.97198,1.50,5.14
2011.02.28 20:53:21.724,0.97181,0.97198,1.50,3.57
2011.02.28 20:53:23.725,0.97181,0.97193,1.50,1.50
2011.02.28 20:53:24.275,0.97178,0.97191,1.50,1.50
2011.02.28 20:53:24.495,0.97178,0.97195,1.50,2.33
2011.02.28 20:53:25.044,0.97179,0.97196,1.73,2.82
2011.02.28 20:53:25.594,0.97181,0.97196,3.00,2.82
2011.02.28 20:53:25.706,0.97182,0.97198,2.25,1.32
2011.02.28 20:53:25.825,0.97182,0.97198,2.25,1.32
2011.02.28 20:53:26.374,0.97181,0.97198,1.50,2.82
2011.02.28 20:53:27.914,0.97181,0.97198,1.50,5.22
2011.02.28 20:53:28.135,0.97181,0.97198,1.50,5.14
2011.02.28 20:53:28.246,0.97179,0.97198,1.50,5.07
2011.02.28 20:53:28.464,0.97179,0.97198,2.25,5.07
2011.02.28 20:53:29.014,0.97179,0.97198,1.50,2.82
2011.02.28 20:53:31.435,0.9718,0.97198,1.50,2.82
2011.02.28 20:53:32.345,0.9718,0.97197,1.50,1.58
2011.02.28 20:53:33.225,0.97179,0.97196,1.50,2.25
2011.02.28 20:53:33.774,0.97179,0.97197,2.25,3.75
2011.02.28 20:53:38.395,0.9718,0.97196,1.50,1.50
2011.02.28 20:53:38.504,0.9718,0.97198,1.50,5.07
2011.02.28 20:53:39.064,0.97179,0.97198,2.25,2.82
2011.02.28 20:53:42.084,0.97179,0.97198,2.25,2.97
2011.02.28 20:53:42.635,0.97179,0.97197,1.50,2.40
2011.02.28 20:53:42.745,0.97179,0.97194,1.50,1.47
2011.02.28 20:53:49.074,0.97177,0.97193,1.50,2.25
2011.02.28 20:53:49.514,0.97176,0.97191,2.25,1.13
2011.02.28 20:53:52.885,0.97176,0.97193,2.25,3.12
2011.02.28 20:53:53.630,0.97176,0.97193,2.25,3.19
2011.02.28 20:53:54.324,0.97176,0.97193,2.25,2.14
2011.02.28 20:53:56.004,0.97176,0.97193,2.25,3.19
2011.02.28 20:53:56.833,0.97176,0.97193,2.25,3.19
2011.02.28 20:53:57.944,0.97176,0.97192,2.25,1.58
2011.02.28 20:53:58.465,0.97176,0.97191,2.25,1.88
2011.02.28 20:54:18.695,0.97176,0.97193,1.50,1.84
2011.02.28 20:54:20.075,0.97177,0.97193,2.25,1.32
2011.02.28 20:54:20.655,0.97178,0.97194,1.50,1.20
2011.02.28 20:54:21.794,0.97178,0.97194,1.50,1.05
2011.02.28 20:54:22.015,0.97174,0.97184,1.13,1.32
2011.02.28 20:54:22.125,0.97166,0.97184,1.50,1.32
2011.02.28 20:54:22.235,0.97166,0.97184,1.50,1.32
2011.02.28 20:54:22.565,0.97166,0.97182,1.50,2.07
2011.02.28 20:54:23.164,0.97163,0.97181,2.25,1.32
2011.02.28 20:54:23.386,0.97163,0.9718,1.50,1.32
2011.02.28 20:54:23.934,0.97163,0.97181,1.50,1.32
2011.02.28 20:54:24.936,0.97166,0.97182,2.25,1.50
2011.02.28 20:54:25.484,0.97166,0.97184,2.25,1.39
2011.02.28 20:54:51.085,0.97166,0.97183,3.00,1.32
2011.02.28 20:54:54.863,0.97166,0.97183,2.25,1.32
2011.02.28 20:54:58.444,0.97166,0.97182,2.25,3.19
2011.02.28 20:55:00.335,0.97166,0.97181,2.25,2.44
2011.02.28 20:55:00.898,0.97166,0.97181,1.50,3.19
2011.02.28 20:55:02.566,0.97162,0.97179,1.50,1.32
2011.02.28 20:55:08.155,0.97164,0.97181,1.50,2.07
2011.02.28 20:55:08.717,0.97165,0.97181,1.13,2.07
2011.02.28 20:55:09.046,0.97166,0.97183,1.50,1.39
2011.02.28 20:55:12.035,0.97164,0.97182,1.50,2.07
2011.02.28 20:55:16.375,0.97164,0.97182,1.50,1.32
2011.02.28 20:55:21.714,0.97164,0.97182,1.50,1.32
2011.02.28 20:55:22.046,0.97164,0.9718,1.50,2.07
2011.02.28 20:55:22.265,0.97164,0.9718,1.50,1.32
2011.02.28 20:55:22.485,0.97164,0.9718,1.50,1.32
2011.02.28 20:55:23.254,0.97164,0.9718,1.50,1.32
2011.02.28 20:55:23.584,0.97164,0.9718,1.50,1.32
2011.02.28 20:55:24.144,0.97164,0.9718,1.50,1.32
2011.02.28 20:55:24.695,0.97164,0.9718,1.50,1.32
2011.02.28 20:55:25.245,0.97164,0.9718,1.50,1.32
2011.02.28 20:55:25.796,0.97161,0.97178,1.50,3.00
2011.02.28 20:55:26.124,0.97162,0.97176,1.50,1.50
2011.02.28 20:55:26.745,0.97164,0.97176,1.50,1.50
2011.02.28 20:55:26.964,0.97163,0.97179,1.50,3.57
2011.02.28 20:55:39.195,0.97161,0.97178,1.50,1.50
2011.02.28 20:55:39.305,0.97159,0.97177,2.25,3.00
2011.02.28 20:55:39.745,0.97161,0.97178,1.50,1.50
2011.02.28 20:55:40.075,0.97163,0.9718,1.50,2.22
2011.02.28 20:55:40.644,0.97163,0.97179,1.50,1.50
2011.02.28 20:55:44.224,0.97163,0.97179,1.50,3.57
2011.02.28 20:55:47.514,0.97163,0.97179,1.50,2.82
2011.02.28 20:55:49.235,0.9716,0.97178,1.50,1.50
2011.02.28 20:55:49.784,0.97163,0.97179,1.50,3.57
2011.02.28 20:55:54.703,0.9716,0.97178,2.25,3.45
2011.02.28 20:55:58.605,0.97163,0.97178,1.50,1.50
2011.02.28 20:56:23.534,0.97163,0.97178,1.50,2.07
2011.02.28 20:56:34.655,0.97161,0.97177,1.50,1.32
2011.02.28 20:56:34.874,0.9716,0.97176,1.50,1.50
2011.02.28 20:56:35.645,0.97161,0.97176,1.50,1.50
2011.02.28 20:56:36.215,0.97161,0.97178,1.50,3.57
2011.02.28 20:56:38.205,0.97158,0.97177,2.25,1.32
2011.02.28 20:56:38.316,0.97158,0.97174,2.25,1.13
2011.02.28 20:56:38.645,0.97156,0.97172,2.25,1.65
2011.02.28 20:56:39.914,0.97155,0.97172,1.50,2.22
2011.02.28 20:56:41.904,0.97155,0.97172,1.50,2.22
2011.02.28 20:56:42.785,0.97155,0.97172,1.50,2.07
2011.02.28 20:56:43.373,0.97155,0.97171,1.50,1.50
2011.02.28 20:56:43.904,0.97155,0.97172,1.50,2.07
2011.02.28 20:56:45.205,0.97155,0.97171,1.50,1.50
2011.02.28 20:56:45.779,0.97155,0.97172,1.50,3.57
2011.02.28 20:56:46.955,0.97155,0.97171,1.50,1.50
2011.02.28 20:56:47.615,0.97155,0.97172,1.50,3.57
2011.02.28 20:56:50.755,0.97155,0.97171,1.50,1.65
2011.02.28 20:56:53.262,0.97155,0.97171,1.50,1.13
2011.02.28 20:57:02.105,0.97155,0.97172,1.50,3.19
2011.02.28 20:57:02.675,0.97155,0.97172,1.50,2.07
2011.02.28 20:57:09.294,0.97155,0.97172,1.50,1.69
2011.02.28 20:57:11.054,0.97155,0.97172,1.50,1.32
2011.02.28 20:57:11.664,0.97155,0.97172,1.50,1.69
2011.02.28 20:57:12.325,0.97155,0.97172,1.50,1.69
2011.02.28 20:57:12.995,0.97155,0.97172,1.50,1.69
2011.02.28 20:57:13.570,0.97155,0.97172,1.50,1.69
2011.02.28 20:57:14.114,0.97155,0.97172,1.50,1.69
2011.02.28 20:57:14.784,0.97155,0.97172,1.50,1.69
2011.02.28 20:57:15.456,0.97155,0.97172,1.50,3.94
2011.02.28 20:57:15.785,0.97155,0.97171,1.50,2.07
2011.02.28 20:57:16.225,0.97153,0.9717,1.50,2.80
2011.02.28 20:57:16.335,0.97149,0.97167,3.08,1.29
2011.02.28 20:57:16.772,0.97149,0.97167,1.58,3.54
2011.02.28 20:57:16.996,0.97149,0.97166,2.33,1.30
2011.02.28 20:57:17.654,0.97149,0.97166,2.25,1.30
2011.02.28 20:57:17.764,0.97149,0.97166,2.25,1.30
2011.02.28 20:57:18.364,0.97149,0.97166,2.25,1.30
2011.02.28 20:57:18.724,0.97149,0.97166,2.25,1.30
2011.02.28 20:57:19.054,0.97149,0.97166,2.25,1.30
2011.02.28 20:57:19.604,0.97149,0.97166,2.25,1.30
2011.02.28 20:57:21.427,0.97149,0.97165,2.25,1.30
2011.02.28 20:57:22.536,0.97146,0.97163,1.50,1.30
2011.02.28 20:57:22.646,0.97145,0.97161,2.25,1.30
2011.02.28 20:57:22.865,0.97141,0.9716,1.50,5.80
2011.02.28 20:57:22.975,0.97141,0.9716,1.50,5.80
2011.02.28 20:57:23.634,0.97141,0.97158,1.50,1.30
2011.02.28 20:57:24.686,0.97139,0.97156,2.25,1.30
2011.02.28 20:57:25.015,0.97136,0.97154,1.50,1.30
2011.02.28 20:57:28.225,0.97135,0.97154,3.75,1.30
2011.02.28 20:57:29.754,0.97138,0.97156,1.50,5.05
2011.02.28 20:57:29.976,0.97135,0.97155,2.25,1.68
2011.02.28 20:57:30.305,0.97135,0.97151,1.50,1.50
2011.02.28 20:57:30.747,0.97135,0.97153,1.50,1.30
2011.02.28 20:57:31.075,0.97138,0.97153,1.50,1.30
2011.02.28 20:57:33.357,0.97138,0.97155,1.50,1.30
2011.02.28 20:57:33.685,0.9714,0.97156,2.25,1.50
2011.02.28 20:57:34.234,0.9714,0.97158,2.25,2.05
2011.02.28 20:57:36.823,0.97138,0.97157,4.50,1.30
2011.02.28 20:57:37.045,0.97137,0.97156,1.50,3.55
2011.02.28 20:57:43.845,0.97137,0.97153,1.50,1.50
2011.02.28 20:57:44.175,0.97134,0.97151,1.50,1.50
2011.02.28 20:57:44.506,0.97134,0.97151,1.50,2.25
2011.02.28 20:57:45.165,0.97132,0.97149,1.50,1.30
2011.02.28 20:57:45.605,0.97129,0.97146,2.25,1.30
2011.02.28 20:57:46.154,0.97131,0.97147,1.50,2.05
2011.02.28 20:57:48.795,0.97134,0.9715,2.25,1.44
2011.02.28 20:57:49.674,0.97134,0.9715,2.25,1.30
2011.02.28 20:57:50.234,0.97134,0.9715,2.25,1.30
2011.02.28 20:57:51.464,0.97134,0.9715,2.25,1.30
2011.02.28 20:57:51.685,0.97134,0.9715,2.25,1.30
2011.02.28 20:57:53.696,0.97134,0.97149,1.50,3.55
2011.02.28 20:57:53.805,0.97131,0.97149,1.50,5.05
2011.02.28 20:57:54.354,0.9713,0.97149,2.25,5.80
2011.02.28 20:57:57.926,0.97129,0.97145,1.50,1.30
2011.02.28 20:57:58.475,0.97128,0.97145,1.50,1.30
2011.02.28 20:58:00.783,0.97127,0.97146,1.50,1.50
2011.02.28 20:58:01.392,0.97127,0.97146,1.50,1.50
2011.02.28 20:58:02.303,0.97127,0.97147,1.50,3.00
2011.02.28 20:58:04.302,0.97127,0.97147,1.50,4.50
2011.02.28 20:58:04.868,0.97127,0.97147,1.50,4.88
2011.02.28 20:58:07.494,0.97127,0.97147,1.50,4.73
2011.02.28 20:58:07.824,0.97125,0.97145,1.50,2.25
2011.02.28 20:58:07.935,0.97122,0.97145,4.50,2.25
2011.02.28 20:58:08.485,0.97124,0.97144,2.25,3.00
2011.02.28 20:58:08.705,0.97128,0.97144,1.13,2.25
2011.02.28 20:58:09.057,0.97134,0.97152,1.50,4.35
2011.02.28 20:58:09.844,0.97133,0.97151,1.50,1.50
2011.02.28 20:58:10.674,0.97131,0.97152,1.50,3.60
2011.02.28 20:58:11.255,0.97131,0.97151,1.50,1.50
2011.02.28 20:58:11.794,0.9713,0.97152,2.25,2.10
2011.02.28 20:58:12.015,0.97134,0.97152,2.70,1.88
2011.02.28 20:58:14.574,0.97134,0.97151,2.70,1.50
2011.02.28 20:58:15.184,0.97134,0.97152,2.70,1.13
2011.02.28 20:58:15.745,0.97134,0.97151,2.70,1.73
2011.02.28 20:58:16.580,0.97132,0.97152,1.73,1.50
2011.02.28 20:58:16.694,0.97132,0.97151,1.73,1.50
2011.02.28 20:58:17.502,0.97134,0.97151,2.48,1.73
2011.02.28 20:58:20.123,0.97133,0.97151,1.73,1.73
2011.02.28 20:58:20.241,0.97134,0.97153,1.73,1.73
2011.02.28 20:58:21.464,0.97134,0.97156,1.50,3.98
2011.02.28 20:58:21.794,0.97133,0.97156,1.73,3.90
2011.02.28 20:58:22.354,0.97134,0.97156,1.50,3.75
2011.02.28 20:58:26.504,0.97135,0.97156,1.50,3.23
2011.02.28 20:58:27.023,0.97135,0.97156,1.50,3.00
2011.02.28 20:58:32.974,0.97135,0.97157,2.25,2.25
2011.02.28 20:58:33.436,0.97137,0.97157,2.25,2.25
2011.02.28 20:58:33.765,0.97144,0.97158,1.50,2.25
2011.02.28 20:58:33.875,0.97143,0.9716,1.50,1.50
2011.02.28 20:58:33.985,0.97143,0.97163,3.90,2.25
2011.02.28 20:58:34.095,0.97143,0.97163,3.90,1.50
2011.02.28 20:58:34.205,0.97143,0.97166,5.85,3.00
2011.02.28 20:58:34.795,0.97145,0.97166,3.00,1.50
2011.02.28 20:58:36.654,0.97145,0.97167,3.00,5.25
2011.02.28 20:58:36.987,0.97143,0.97164,4.28,1.50
2011.02.28 20:58:43.074,0.97145,0.97166,1.50,2.25
2011.02.28 20:58:45.275,0.97145,0.97166,1.50,3.00
2011.02.28 20:58:49.374,0.97145,0.97164,1.50,1.50
2011.02.28 20:58:51.974,0.97145,0.97166,1.50,3.00
2011.02.28 20:59:01.019,0.97144,0.97167,2.25,2.25
2011.02.28 20:59:01.614,0.97144,0.97166,2.25,1.50
2011.02.28 20:59:04.851,0.97146,0.97167,1.50,2.25
2011.02.28 20:59:06.835,0.97149,0.97167,2.48,2.25
2011.02.28 20:59:07.165,0.97154,0.97175,1.39,1.50
2011.02.28 20:59:07.275,0.97155,0.97177,2.25,2.25
2011.02.28 20:59:07.606,0.97163,0.97179,2.25,1.50
2011.02.28 20:59:07.716,0.97163,0.97182,2.25,2.25
2011.02.28 20:59:07.827,0.97161,0.97181,2.25,2.25
2011.02.28 20:59:08.338,0.97158,0.97179,3.98,1.50
2011.02.28 20:59:08.664,0.97159,0.97177,1.50,1.50
2011.02.28 20:59:09.964,0.97159,0.97174,1.50,2.25
2011.02.28 20:59:10.294,0.97152,0.97172,2.48,2.25
2011.02.28 20:59:10.844,0.97151,0.97172,1.35,4.50
2011.02.28 20:59:13.154,0.97151,0.97172,1.13,3.75
2011.02.28 20:59:13.515,0.9715,0.97172,2.40,3.75
2011.02.28 20:59:13.734,0.9715,0.97172,1.88,4.35
2011.02.28 20:59:15.114,0.97148,0.9717,4.13,2.25
2011.02.28 20:59:15.225,0.97145,0.97168,2.25,3.00
2011.02.28 20:59:18.600,0.97144,0.97166,3.45,1.50
2011.02.28 20:59:19.684,0.97145,0.97168,2.25,3.00
2011.02.28 20:59:21.155,0.97145,0.97168,2.25,3.00
2011.02.28 20:59:22.201,0.97145,0.97168,2.25,3.00
2011.02.28 20:59:23.664,0.97145,0.97168,2.25,3.00
2011.02.28 20:59:24.444,0.97148,0.97168,1.50,3.00
2011.02.28 20:59:24.885,0.97148,0.97169,4.50,1.50
2011.02.28 20:59:25.324,0.97148,0.9717,2.25,1.50
2011.02.28 20:59:26.255,0.97148,0.9717,4.50,2.70
2011.02.28 20:59:26.957,0.97148,0.9717,3.75,1.50
2011.02.28 20:59:27.395,0.97148,0.97168,2.25,2.25
2011.02.28 20:59:27.504,0.97146,0.97167,4.13,3.00
2011.02.28 20:59:27.615,0.97143,0.97167,5.93,5.25
2011.02.28 20:59:28.174,0.97143,0.97167,4.88,5.25
2011.02.28 20:59:28.285,0.97143,0.97166,3.38,2.40
2011.02.28 20:59:29.105,0.97143,0.97166,3.75,2.40
2011.02.28 20:59:29.760,0.97143,0.97166,3.75,2.40
2011.02.28 20:59:30.854,0.97144,0.97166,1.50,1.92
2011.02.28 20:59:31.519,0.97144,0.97166,1.50,1.80
2011.02.28 20:59:32.834,0.97144,0.97166,2.25,1.80
2011.02.28 20:59:33.560,0.97144,0.97166,2.25,1.50
2011.02.28 20:59:34.249,0.97144,0.97166,2.63,1.50
2011.02.28 20:59:34.751,0.97144,0.97166,2.25,1.50
2011.02.28 20:59:36.504,0.97143,0.97165,3.75,1.50
2011.02.28 20:59:37.054,0.97143,0.97164,4.13,1.50
2011.02.28 20:59:37.164,0.97143,0.97167,4.13,4.73
2011.02.28 20:59:37.898,0.97143,0.97167,3.75,4.73
2011.02.28 20:59:38.454,0.97143,0.97167,3.38,5.25
2011.02.28 20:59:40.074,0.97143,0.97167,3.38,5.33
2011.02.28 20:59:40.590,0.97144,0.97167,1.50,3.83
2011.02.28 20:59:40.706,0.97144,0.97167,1.50,3.98
2011.02.28 20:59:44.974,0.97144,0.97167,1.50,3.98
2011.02.28 20:59:45.335,0.97144,0.97167,1.88,3.98
2011.02.28 20:59:45.556,0.97144,0.97167,1.50,3.98
2011.02.28 20:59:46.104,0.97144,0.97166,1.50,1.50
2011.02.28 20:59:51.455,0.97144,0.97166,2.25,1.50
2011.02.28 20:59:52.221,0.97144,0.97166,2.25,1.65
2011.02.28 20:59:52.774,0.97143,0.97163,4.13,1.50
2011.02.28 20:59:52.993,0.97144,0.97167,1.88,3.23
2011.02.28 20:59:53.544,0.97144,0.97167,1.50,3.75
2011.02.28 20:59:54.184,0.97144,0.97167,1.50,3.90
2011.02.28 20:59:54.734,0.97143,0.97165,2.25,1.05
2011.02.28 20:59:55.284,0.97144,0.97166,1.50,2.25
2011.02.28 20:59:55.615,0.97144,0.97166,1.50,2.40
2011.02.28 20:59:56.195,0.97143,0.97164,3.00,1.35
2011.02.28 20:59:56.575,0.97143,0.97161,3.00,1.50
2011.02.28 20:59:56.905,0.97136,0.97156,1.50,1.58
2011.02.28 20:59:57.197,0.97133,0.97154,3.00,1.58
2011.02.28 20:59:57.746,0.97133,0.97156,4.35,1.58
2011.02.28 20:59:58.296,0.97133,0.97155,3.00,1.43
2011.02.28 20:59:58.626,0.97133,0.97157,4.62,4.73
2011.02.28 20:59:59.175,0.97133,0.97154,3.53,1.50
2011.02.28 20:59:59.766,0.97134,0.97154,1.05,1.50
2011.02.28 20:59:59.986,0.97133,0.97157,3.90,3.00
